[RenderBackendConfig] PresentationMode=HeadlessOffscreen WindowPreview=0 EnableFrameRateMeter=1 HeadlessSize=640x640 HeadlessFastDirectFinal=1 HeadlessImageProbe=0 RenderPerfProbe=1 HeadlessForceSyncVideoFalse=1 HeadlessReadbackMode=EveryFrame HeadlessReadbackEveryN=1 copyRamAttached=1 source=ini/ini/ini/ini/ini/ini/ini/ini/ini/ini/ini
[RenderBackend] syncVideo=false forced=1 clockMode=normal presentationMode=HeadlessOffscreen showFrameRateMeter=false reason=pre-open_framework
[RenderBackend] mode=HeadlessOffscreen headlessBootstrap=1 visibleWindowCreated=0
切换至【同步渲染模式】，1组UDP数据渲染1帧
[RenderBackend] mode=HeadlessOffscreen windowCreated=0 renderBackendReady=1 reason=startup graphicsWindow=0 windowPreview=0 enableFrameRateMeter=1 headlessSize=640x640 headlessFastDirectFinal=1 headlessImageProbe=0 renderPerfProbe=1 readbackMode=EveryFrame readbackEveryN=1 copyRamAttached=1
[BuildStamp] stage6b4_stage7a2_source_active=1 compile_date=Jun 26 2026 compile_time=14:44:41
[RenderBackend] mode=HeadlessOffscreen captureTask=Stage6FinalSensorTex ramCopyBinding=deferred_until_final_sensor_buffer readbackMode=EveryFrame readbackEveryN=1 copyRamAttached=1
[NetworkConfig] path=Config/NetworkConfig.ini loaded=1 udpLocal=192.168.1.130:8888 udpRemote=192.168.1.188:9999 tcpServer=192.168.1.188:5555
[Stage0] UDP baseline local=192.168.1.130:8888 remote=192.168.1.188:9999
[INFO] Remote address set to 192.168.1.188:9999
UDP通讯线程启动成功，本地地址：192.168.1.130:8888
UDP线程初始化成功
[Stage0] TCP video baseline server=192.168.1.188:5555 format=length-prefixed JPEG
TCP线程初始化成功
平台模型路径初始化完成，共加载3种平台资源
UDP接收线程开始运行
TCP发送后台线程已启动...
[RenderBackend] mode=HeadlessOffscreen headlessCamera=HeadlessSensorCamera size=640x640 fov=0.1,0.1 nearFar=1,100000
[RenderBackend] mode=HeadlessOffscreen platformModelPaths=3 modelRenderHost=headless_render_root
TCP成功连接到服务器：192.168.1.188:5555
arm_release_ver of this libmali is 'g6p0-01eac0', rk_so_ver is '5'.
[Stage6 FinalPipeline] renderMode=HeadlessOffscreen renderPath=direct_final headlessFastDirectFinal=1 finalPostprocessBypass=1 rawBufferReady=0 finalBufferReady=1 tcpSource=final_sensor headless_final_pipeline_ready=1 reason=startup finalPostprocessNoop=1 finalPostprocessReason=noop windowPreview=0 presentationOutput=final_sensor_buffer rawSceneCopyMode=none rawSceneTex=none finalSensorTex=Stage6FinalSensorTex rawSceneSize=800x800 finalSensorSize=800x800 renderTexSize=1024x1024 renderTexEffectiveSize=800x800 renderTextureWidth=1024 renderTextureHeight=1024 tcpWidth=800 tcpHeight=800 textureCropApplied=1 windowSource=final_sensor windowRegion=fullscreen mtfBlurEnabled=0 mtfBlurMode=GaussianSeparable mtfBlurEffectiveMode=GaussianSinglePassSeparableWeights mtfBlurSigmaPixels=0.65 mtfBlurRadiusPixels=2 agcEnabled=0 agcMode=Percentile agcStatsSource=previous_readback agcGain=1 agcOffset=0 detectorNoiseEnabled=0 detectorNoisePosition=BeforeAGC temporalNoiseSigmaGray=0.005 fpnSigmaGray=0.003 readbackMode=EveryFrame readbackEveryN=1 copyRamAttached=1 copyRamMode=RTM_copy_ram sameOutput=1
[Stage6 ViewportDiag] reason=startup renderMode=HeadlessOffscreen renderPath=direct_final finalPostprocessBypass=1 finalPostprocessNoop=1 presentationOutput=final_sensor_buffer presentationSize=800x800 rawSceneTexSize=0x0 rawSceneRequested=800x800 finalUvScale=0,0 finalRegionDimensions=0,1,0,1 finalCardBounds=-1,1,-1,1 renderTexSize=1024x1024 renderTexEffectiveSize=800x800 rawBufferReady=0 finalBufferReady=1 rawPassRequired=0 sameOutput=1 fullscreen=1
[AnnotationOverlay] enabled=0 reason=OverlayInSensorImage_false renderMode=HeadlessOffscreen presentationOutput=final_sensor_buffer jsonPerFrame=1
[PerfConfig] EnablePerfLog=1 EnableIRVerboseLog=0 QuietPerfMode=1 IRUpdateHz=30 source=ini/ini/ini/ini
[Stage6 CaptureConfig] FlipInShader=0 FlipInTcpThread=1 source=ini/ini
[Stage6 MTFConfig] EnableMTFBlur=0 MTFBlurMode=GaussianSeparable effectiveMode=GaussianSinglePassSeparableWeights MTFBlurSigmaPixels=0.65 MTFBlurRadiusPixels=2 MTFBlurPasses=1 MTFApplyTo=final_display MTFDebugLog=0 MTFLogEveryFrames=120 implementation=single_pass_gpu_separable_weights todo=true_two_pass_separable_if_needed source=ini/ini/ini/ini/ini/ini/ini/ini
[Stage6 NoiseConfig] EnableDetectorNoise=0 NoiseApplyTo=final_display NoisePosition=BeforeAGC EnableTemporalNoise=1 TemporalNoiseSigmaGray=0.005 EnableFPN=0 FPNSigmaGray=0.003 FPNSeed=12345 EnableColumnNoise=0 ColumnNoiseSigmaGray=0.002 EnableRowNoise=0 RowNoiseSigmaGray=0.001 EnableBadPixels=0 BadPixelRatio=0.0001 NoiseClampMin=0 NoiseClampMax=1 NoiseDebugLog=0 NoiseLogEveryFrames=120 implementation=single_pass_gpu_hash_noise source=ini/ini/ini/ini/ini/ini/ini/ini/ini/ini/ini/ini/ini/ini/ini/ini/ini/ini/ini/ini
[Stage6 AGCConfig] EnableAGC=0 AGCMode=Percentile AGCApplyTo=final_display AGCStatsSource=previous_readback AGCUpdateHz=30 AGCLogEveryFrames=120 AGCLowPercentile=2 AGCHighPercentile=98 AGCMeanStdK=2.5 AGCMinGain=0.25 AGCMaxGain=8 AGCMinOffset=-1 AGCMaxOffset=1 AGCSmoothingAlpha=0.15 AGCTargetLowGray=0.05 AGCTargetHighGray=0.95 AGCStride=8 AGCExcludeAnnotationOverlay=1 AGCDebugLog=0 implementation=previous_readback_histogram source=ini/ini/ini/ini/ini/ini/ini/ini/ini/ini/ini/ini/ini/ini/ini/ini/ini/ini/ini
[TcpOutputConfig] Codec=auto JpegQuality=95 JpegEncodeMode=gray JpegGrayConvertMethod=luma EnableH264Experimental=0 H264FallbackToJpeg=1 H264Encoder=auto H264BitrateKbps=4000 H264GopFrames=30 H264LowLatency=1 H264ForceKeyFrameOnStart=1 JpegPerfABTest=0 source=ini/ini/ini/ini/ini/ini/ini/ini/ini/ini/ini/ini
[AnnotationConfig] UpdateHz=15 OverlayInSensorImage=0 JsonPerFrame=1 FastJsonMode=1 BBoxUpdateHz=10 OcclusionUpdateHz=5 ReuseLastWhenSkipped=1 BBoxFastMode=mesh_body drawBBox=0 drawKeyPoints=0 drawModelLabel=0 source=ini/ini/ini/ini/ini/ini/ini/ini
[AnnotationConfig] profilePath=Config/Annotation/annotation_profiles.json loaded=1 source=ini resolvedPath=Config/Annotation/annotation_profiles.json
[RuntimeConfig] path=Config/HwaSimIRRuntime.ini loaded=1 envOverrideCount=0 iniValueCount=196 sourcePriority=env>ini>default
红外全链路CPU模型初始化：材质库=未加载，使用默认材质 路径=materials/MaterialDatabase.csv，MODTRAN透过率=未加载，使用经验透过率 路径=transmittance/transmittance_0.3_15.txt
[Stage3] MODTRAN tau-only debug LUT=OK 路径=Config/Atmosphere/MODTRAN/processed/band_lut.csv EnableModtranTauDebug=0 UseModtranTauForAtmosphere=0 source=ini/ini（默认仅日志对比；active=1 才返回 MODTRAN tau）
[Stage1] IR配置输入：SensorWave=OK 路径=Config/SensorWave，MaterialDatabase=fallback，Transmittance=fallback，WeatherProfile=fallback
[Stage4] IRHotspots配置：OK 路径=Config/IRHotspots/target_hotspots.json（ThermalHotspot与BrightSpot分离；本阶段只处理发动机热源与特殊亮斑）
[Stage4] Visual debug flags: EnableStage4HotspotVisualDebug=0 ForceStage4BrightSpotVisible=0 ForceStage4RearHotspotVisible=0 LegacyEngineBodyHeating=0 Stage4UpdateHz=30 TargetUpdateCullInvisible=1 source=ini/ini/ini/ini/ini/ini（默认全为0；仅用于可见性/legacy诊断）
[Stage5 Radiance] Stage5DebugDisplayConfig=OK path=Config/IRRadiance/stage5_debug_display.json（只配置DebugView显示映射，不决定Stage5正式分量链路是否计算）
[Stage5 RadianceConfig] EnableIRPhysicalPipeline=1 DebugView=Off EnableStage5RadianceDebug=0 LogComponents=0 ComponentLogEveryFrames=120 UseSensorInputForDisplay=0 SensorInputDisplayMode=Manual SensorInputDisplayScale=1 SensorInputDisplayOffset=0 SensorInputDisplayClampMin=0 SensorInputDisplayClampMax=1 SensorInputDisplayGamma=1 SensorInputDisplayBand=MWIR pathRadianceSource=legacy_empirical Stage5DebugToneMap=asinh Stage5BodyRadianceScale=0.35 Stage5HotspotRadianceScale=0.003 Stage5BrightspotRadianceScale=0.004 Stage5SolarReflectanceWeight=0.15 Stage5DebugMinBodyGray=0.12 Stage5UseBaseTextureModulation=0 Stage5BodyDisplayGain=1 Stage5ReflectedDisplayGain=0.7 Stage5HotspotDisplayGain=2.8 Stage5BrightspotDisplayGain=2.2 Stage5CompositeMinGray=0 Stage5CompositeMaxGray=1 source=ini/ini/ini/ini/ini/ini/ini/ini/ini/ini/ini/ini/ini（DebugView Off 时主画面保持legacy输出；path/sky/solar MODTRAN runtime disabled）
[Stage5 AeroThermalConfig] EnableAeroThermalModel=1 ApplyAeroToRadiance=0 AeroDebugLog=0 AeroLogEveryFrames=120 AeroApplyScale=0.25 AeroApplyClampBodyDeltaK=40 AeroApplyOnlyBand=MWIR RecoveryFactor=0.85 Gamma=1.4 BodyCoeff=0.2 NoseCoeff=0.6 EdgeCoeff=0.45 RearCoeff=0.1 HeatTauSec=2 CoolTauSec=5 ClampMachMin=0 ClampMachMax=4 ClampDeltaKMax=250 speedUnit=km/h source=ini/ini/ini/ini/ini/ini/ini/ini/ini/ini/ini/ini/ini/ini/ini/ini/ini/ini（Stage4B: default computes components only; ApplyAeroToRadiance=false keeps production image unchanged）
[Stage5 ModtranRadianceConfig] EnableModtranRadianceDebug=0 UseModtranPathRuntime=0 UseModtranSkyRuntime=0 UseModtranSolarRuntime=0 PreferredSource=band_lut LogEveryFrames=120 CompareLegacy=0 ModtranPathRuntimeBand=MWIR ModtranPathRuntimeMode=Off ModtranPathUnitMode=Native ModtranPathScale=1 ModtranPathOffset=0 ModtranPathClampMin=0 ModtranPathClampMax=10 ModtranPathBlend=1 ModtranPathABLog=1 loaded=1 sourceFile=Config/Atmosphere/MODTRAN/processed/band_lut.csv defaultPathRadianceSource=legacy_empirical units=MODOUT2_native Stage5ModtranCompareEffective=0 source=ini/ini/ini/ini/ini/ini/ini/ini/ini/ini/ini（Stage3C: production default Off; MWIR path runtime A/B must opt in）
[Stage5 OutputCapture] Stage5OutputFrameDump=0 path=NA every=5（smoke-only render texture dump; TCP/JPEG protocol unchanged）
[Stage5 PlumeConfig] EnableEnginePlume=1 profile=OK path=Config/IRPlume/engine_plume_profiles.json MaxPlumeNodes=16 UseEngineState=1 UseProceduralNoise=1 EnablePlumeDebug=0 ForcePlumeVisible=0 PlumeDisplayGain=1.5 PlumeCoreDisplayGain=1.8 PlumeHaloDisplayGain=1 PlumeOpacityScale=1 PlumeCoreOpacityScale=1.1 PlumeHaloOpacityScale=0.9 UpdateHz=30 PerfBudgetMs=1 source=ini/default/ini/ini/ini/ini/ini/ini/ini/ini/ini/ini/ini/ini/ini（EnginePlume 独立于 rear ThermalHotspot 与 BrightSpot；path/sky/solar disabled）
[Stage7 Config] enableSkyHorizon=1 debugMode=Off groundZOffset=0 useReal3DBackground=1 Stage7UpdateHz=10 source=ini/ini/ini/ini/ini
[Stage7 WeatherConfig] enableWeatherEffects=1 weatherProfile=OK profilePath=Config/Weather/weather_profiles.json weatherTextures=OK textureConfigPath=Config/Weather/weather_textures.json enableCloudLayer=0 enableFog=1 enablePrecipitation=0 precipitationMode=ScreenOverlay cloudLayerMaxCards=0 precipitationMaxParticles=0 useWeatherUdpInput=1 source=ini/ini/ini/ini/ini/ini/ini/ini/ini/ini
[EffectiveRuntimeConfig] reason=startup runtimeConfigPath=Config/HwaSimIRRuntime.ini runtimeConfigLoaded=1 videoFps=0 syncMode=1 targetNumValid=0 IRUpdateHz=30 AnnotationUpdateHz=15 EnablePerfLog=1 EnableIRVerboseLog=0 EnableMTFBlur=0 MTFBlurMode=GaussianSeparable MTFBlurEffectiveMode=GaussianSinglePassSeparableWeights MTFBlurSigmaPixels=0.65 MTFBlurRadiusPixels=2 MTFBlurPasses=1 MTFApplyTo=final_display EnableDetectorNoise=0 NoiseApplyTo=final_display NoisePosition=BeforeAGC EnableTemporalNoise=1 TemporalNoiseSigmaGray=0.005 EnableFPN=0 FPNSigmaGray=0.003 EnableColumnNoise=0 ColumnNoiseSigmaGray=0.002 EnableRowNoise=0 RowNoiseSigmaGray=0.001 EnableBadPixels=0 BadPixelRatio=0.0001 EnableAGC=0 AGCMode=Percentile AGCApplyTo=final_display AGCStatsSource=previous_readback AGCUpdateHz=30 AGCStride=8 AGCGain=1 AGCOffset=0 EnableIRPhysicalPipeline=1 DebugView=Off LogComponents=0 UseSensorInputForDisplay=0 SensorInputDisplayMode=Manual SensorInputDisplayScale=1 SensorInputDisplayOffset=0 SensorInputDisplayClampMin=0 SensorInputDisplayClampMax=1 SensorInputDisplayGamma=1 SensorInputDisplayBand=MWIR EnableAeroThermalModel=1 ApplyAeroToRadiance=0 AeroDebugLog=0 AeroApplyScale=0.25 AeroApplyClampBodyDeltaK=40 AeroApplyOnlyBand=MWIR RecoveryFactor=0.85 ClampDeltaKMax=250 EnableModtranRadianceDebug=0 UseModtranPathRuntime=0 UseModtranSkyRuntime=0 UseModtranSolarRuntime=0 CompareLegacy=0 ModtranPathRuntimeBand=MWIR ModtranPathRuntimeMode=Off ModtranPathUnitMode=Native ModtranPathScale=1 ModtranPathBlend=1 Stage5ModtranCompareEffective=0 Stage7UpdateHz=10 Stage4UpdateHz=30 Stage5PlumeUpdateHz=30 Codec=auto JpegEncodeMode=gray JpegQuality=95 h264EnFromInit=0 EnableH264Experimental=0 H264FallbackToJpeg=1 H264Encoder=auto H264BitrateKbps=4000 H264GopFrames=30 H264LowLatency=1 H264ForceKeyFrameOnStart=1 JpegPerfABTest=0 readbackMode=EveryFrame readbackEveryN=1 copyRamAttached=1 BBoxFastMode=mesh_body saveMP4En=0 source=videoFps:not_initialized,targetNumValid:not_initialized,saveMP4En:not_initialized,EnablePerfLog:ini,EnableIRVerboseLog:ini,QuietPerfMode:ini,IRUpdateHz:ini,EnableMTFBlur:ini,MTFBlurMode:ini,MTFBlurSigmaPixels:ini,MTFBlurRadiusPixels:ini,MTFBlurPasses:ini,MTFApplyTo:ini,MTFDebugLog:ini,MTFLogEveryFrames:ini,EnableDetectorNoise:ini,NoiseApplyTo:ini,NoisePosition:ini,EnableTemporalNoise:ini,TemporalNoiseSigmaGray:ini,EnableFPN:ini,FPNSigmaGray:ini,FPNSeed:ini,EnableColumnNoise:ini,ColumnNoiseSigmaGray:ini,EnableRowNoise:ini,RowNoiseSigmaGray:ini,EnableBadPixels:ini,BadPixelRatio:ini,BadPixelHotGray:ini,BadPixelDeadGray:ini,NoiseClampMin:ini,NoiseClampMax:ini,NoiseDebugLog:ini,NoiseLogEveryFrames:ini,EnableAGC:ini,AGCMode:ini,AGCApplyTo:ini,AGCStatsSource:ini,AGCUpdateHz:ini,AGCLogEveryFrames:ini,AGCLowPercentile:ini,AGCHighPercentile:ini,AGCMeanStdK:ini,AGCMinGain:ini,AGCMaxGain:ini,AGCMinOffset:ini,AGCMaxOffset:ini,AGCSmoothingAlpha:ini,AGCTargetLowGray:ini,AGCTargetHighGray:ini,AGCStride:ini,AGCExcludeAnnotationOverlay:ini,AGCDebugLog:ini,AnnotationUpdateHz:ini,AnnotationOverlayInSensorImage:ini,AnnotationJsonPerFrame:ini,AnnotationFastJsonMode:ini,AnnotationBBoxUpdateHz:ini,AnnotationOcclusionUpdateHz:ini,AnnotationReuseLastWhenSkipped:ini,AnnotationBBoxFastMode:ini,TargetUpdateCullInvisible:ini,EnableIRPhysicalPipeline:ini,DebugView:ini,LogComponents:ini,UseSensorInputForDisplay:ini,SensorInputDisplayMode:ini,SensorInputDisplayScale:ini,SensorInputDisplayOffset:ini,SensorInputDisplayClampMin:ini,SensorInputDisplayClampMax:ini,SensorInputDisplayGamma:ini,SensorInputDisplayBand:ini,EnableAeroThermalModel:ini,ApplyAeroToRadiance:ini,AeroDebugLog:ini,AeroLogEveryFrames:ini,AeroApplyScale:ini,AeroApplyClampBodyDeltaK:ini,AeroApplyOnlyBand:ini,RecoveryFactor:ini,Gamma:ini,BodyCoeff:ini,NoseCoeff:ini,EdgeCoeff:ini,RearCoeff:ini,HeatTauSec:ini,CoolTauSec:ini,ClampMachMin:ini,ClampMachMax:ini,ClampDeltaKMax:ini,EnableModtranRadianceDebug:ini,UseModtranPathRuntime:ini,UseModtranSkyRuntime:ini,UseModtranSolarRuntime:ini,CompareLegacy:ini,ModtranPathRuntimeBand:ini,ModtranPathRuntimeMode:ini,ModtranPathUnitMode:ini,ModtranPathScale:ini,ModtranPathOffset:ini,ModtranPathClampMin:ini,ModtranPathClampMax:ini,ModtranPathBlend:ini,ModtranPathABLog:ini,Stage7UpdateHz:ini,Stage4UpdateHz:ini,Stage5PlumeUpdateHz:ini,Codec:ini,JpegEncodeMode:ini,JpegQuality:ini,EnableH264Experimental:ini,H264FallbackToJpeg:ini,H264Encoder:ini,H264BitrateKbps:ini,H264GopFrames:ini,H264LowLatency:ini,H264ForceKeyFrameOnStart:ini,JpegPerfABTest:ini
[Stage1] Sensor profile (startup-default): protocolBand=2, band=MWIR, sensorRange=3-5um, modelRange=3-5um, profileSize=640x480, ADC=14bit, display=8bit, NETD=0.05K, FOV=45x33.75, detectorPitch=0.02mm, focalLength=100mm, lensFnumber=1, blackHot=0, source=Config/SensorWave/default_MWIR.json
[SensorWave Usage] band=MWIR file=Config/SensorWave/default_MWIR.json usedFields=SensorConfigurationSystem.Width,Height,ADCBitNumber,DisplayBits,SpectralResponseRangeLow,High,NoiseEquivalentTemperatureDifference,DetectorPitch,FocalLength,LensFnumber,BlackHot fallbackFields=Width,Height,FOVH,FOVV used only when UDP init geometry is invalid or missing ignoredPresagisFields=GainControlSystem,MTF,Vignetting,FXAA,TemporalAA,ImageFusionSystem,DistributedApertureSystem,IntensifierConfigurationSystem,TaskSSR
[Stage3] Environment (startup-default): hour=12, airTempC=25, visibilityM=23000, humidity=40, wind=0m/s@0deg, weatherCode=0, sunAzimuth=180, sunElevation=45, sunStrength=1, profile=fallback
[Stage6 FinalPipeline] renderMode=HeadlessOffscreen renderPath=direct_final headlessFastDirectFinal=1 finalPostprocessBypass=1 rawBufferReady=0 finalBufferReady=1 tcpSource=final_sensor headless_final_pipeline_ready=1 reason=runtime-config finalPostprocessNoop=1 finalPostprocessReason=noop windowPreview=0 presentationOutput=final_sensor_buffer rawSceneCopyMode=none rawSceneTex=none finalSensorTex=Stage6FinalSensorTex rawSceneSize=800x800 finalSensorSize=800x800 renderTexSize=1024x1024 renderTexEffectiveSize=800x800 renderTextureWidth=1024 renderTextureHeight=1024 tcpWidth=800 tcpHeight=800 textureCropApplied=1 windowSource=final_sensor windowRegion=fullscreen mtfBlurEnabled=0 mtfBlurMode=GaussianSeparable mtfBlurEffectiveMode=GaussianSinglePassSeparableWeights mtfBlurSigmaPixels=0.65 mtfBlurRadiusPixels=2 agcEnabled=0 agcMode=Percentile agcStatsSource=previous_readback agcGain=1 agcOffset=0 detectorNoiseEnabled=0 detectorNoisePosition=BeforeAGC temporalNoiseSigmaGray=0.005 fpnSigmaGray=0.003 readbackMode=EveryFrame readbackEveryN=1 copyRamAttached=1 copyRamMode=RTM_copy_ram sameOutput=1
[Stage6 ViewportDiag] reason=runtime-config renderMode=HeadlessOffscreen renderPath=direct_final finalPostprocessBypass=1 finalPostprocessNoop=1 presentationOutput=final_sensor_buffer presentationSize=800x800 rawSceneTexSize=0x0 rawSceneRequested=800x800 finalUvScale=0,0 finalRegionDimensions=0,1,0,1 finalCardBounds=-1,1,-1,1 renderTexSize=1024x1024 renderTexEffectiveSize=800x800 rawBufferReady=0 finalBufferReady=1 rawPassRequired=0 sameOutput=1 fullscreen=1
[AnnotationOverlay] enabled=0 reason=OverlayInSensorImage_false renderMode=HeadlessOffscreen presentationOutput=final_sensor_buffer jsonPerFrame=1
[Stage7 3DSkyGround] reason=init-sky enable=1 band=MWIR envTerrain=0 envSky=0 skyGrayRaw=0.65 groundGrayRaw=0.35 skyGrayFinal=0.65 groundGrayFinal=0.35 skyGray=0.65 groundGray=0.35 skyDome=1 lowerShell=1 groundPlane=0 source=env+band_default
[Stage7 Debug] mode=Off skyVisible=1 groundVisible=1 forcedSkyGray=NA forcedGroundGray=NA
[Stage7 Real3DBackground] skyDome=1 lowerShell=1 flatGroundPlane=0 cameraPos=0,0,0 backgroundMode=real_3d
[Stage7 GroundReference] mode=reference_zero groundZOffset=0 finalGroundReferenceZ=0
[Stage7 SkyDomeDiag] cameraPos=0,0,0 skyDomePos=0,0,0 farClipM=50000 skyRadius=42500 radius=42500 radiusSource=farClip_scaled radiusLessThanFarClip=1 twoSided=1 depthWrite=0 depthTest=0
[Stage7 GroundDiag] groundPos=0,0,0 farClipM=50000 groundSize=42500 lowerShellRadius=42500 groundZOffset=0 envTerrain=0 groundGray=0.35
[Stage7 Weather] reason=init-sky envSky=0 weatherName=Clear visibilityM=23000 humidity=40 windV=0 windDir=0 cloudCoverage=0 fogDensity=0 precipitationType=none sunDirectScale=1 skyDiffuseScale=1 targetContrastScale=1 source=UDP+weather_profiles+RuntimeConfig
[Stage7 CloudLayer] enabled=0 texture=Config/Weather/Textures/cloud_few.png textureFound=1 coverage=0 opacity=0 temperatureK=255 band=MWIR cloudGray=0.385455
[Stage7 Fog] enabled=0 visibilityM=23000 fogDensity=0 fogGray=0.45 targetContrastScale=1
[Stage7 Precipitation] enabled=0 type=none density=0 speed=0 windV=0 windDir=0 maxHeight=0 transHeight=0
[Stage7 PrecipitationOverlay] mode=ScreenOverlay active=0 type=none density=0 sensorFovDeg=0 pattern=screen_sparse_low_contrast giantVerticalBars=0 sameOutput=1
[Stage7 Perf] weatherNodeCount=0 cloudNodeCount=0 precipitationNodeCount=0 textureLoadCountThisFrame=0 updateWeatherNodesMs=0.000875 totalWeatherMs=0.004375 precipitationMode=ScreenOverlay
Stage7B/7C真实3D背景初始化完成：skyDome=1 lowerShell=1 flatGroundPlane=0 cloud cards=0 precipitationCards=0
应用程序已启动。按ESC键退出。
[RenderPerfProbe] pandaDoFrameMs=128.178 renderPath=direct_final graphicsOutputCount=1 activeDisplayRegionCount=1 rawPassEnabled=0 finalPassEnabled=1 annotationOverlayEnabled=0 readbackMode=EveryFrame readbackEveryN=1 copyRamAttached=1 copyRamMode=RTM_copy_ram quietPerfMode=1 bboxFastMode=mesh_body processRealSceneMs=0.000 targetMappingMs=0.000 cameraControlMs=0.000 stage4Stage5UpdateMs=0.000 shaderInputApplyMs=0.000 readbackMs=0.000 frameCopyMs=0.000 jpegMs=0.000 annotationMs=0.000 annotationBBoxMs=0.000 annotationOcclusionMs=0.000 annotationJsonMs=0.000 annotationTargets=0 bboxUpdateCount=0 bboxReuseCount=0 occlusionUpdateCount=0 occlusionReuseCount=0 targetUpdateCullInvisible=1 targetUpdateTotal=0 targetUpdateVisible=0 targetUpdateSkippedBeyondFar=0 targetUpdateSkippedShaderApply=0
[RenderPerfProbe] pandaDoFrameMs=21.881 renderPath=direct_final graphicsOutputCount=1 activeDisplayRegionCount=1 rawPassEnabled=0 finalPassEnabled=1 annotationOverlayEnabled=0 readbackMode=EveryFrame readbackEveryN=1 copyRamAttached=1 copyRamMode=RTM_copy_ram quietPerfMode=1 bboxFastMode=mesh_body processRealSceneMs=0.000 targetMappingMs=0.000 cameraControlMs=0.000 stage4Stage5UpdateMs=0.000 shaderInputApplyMs=0.000 readbackMs=0.000 frameCopyMs=0.000 jpegMs=0.000 annotationMs=0.000 annotationBBoxMs=0.000 annotationOcclusionMs=0.000 annotationJsonMs=0.000 annotationTargets=0 bboxUpdateCount=0 bboxReuseCount=0 occlusionUpdateCount=0 occlusionReuseCount=0 targetUpdateCullInvisible=1 targetUpdateTotal=0 targetUpdateVisible=0 targetUpdateSkippedBeyondFar=0 targetUpdateSkippedShaderApply=0
[RenderPerfProbe] pandaDoFrameMs=11.348 renderPath=direct_final graphicsOutputCount=1 activeDisplayRegionCount=1 rawPassEnabled=0 finalPassEnabled=1 annotationOverlayEnabled=0 readbackMode=EveryFrame readbackEveryN=1 copyRamAttached=1 copyRamMode=RTM_copy_ram quietPerfMode=1 bboxFastMode=mesh_body processRealSceneMs=0.000 targetMappingMs=0.000 cameraControlMs=0.000 stage4Stage5UpdateMs=0.000 shaderInputApplyMs=0.000 readbackMs=0.000 frameCopyMs=0.000 jpegMs=0.000 annotationMs=0.000 annotationBBoxMs=0.000 annotationOcclusionMs=0.000 annotationJsonMs=0.000 annotationTargets=0 bboxUpdateCount=0 bboxReuseCount=0 occlusionUpdateCount=0 occlusionReuseCount=0 targetUpdateCullInvisible=1 targetUpdateTotal=0 targetUpdateVisible=0 targetUpdateSkippedBeyondFar=0 targetUpdateSkippedShaderApply=0
[RenderPerfProbe] pandaDoFrameMs=10.942 renderPath=direct_final graphicsOutputCount=1 activeDisplayRegionCount=1 rawPassEnabled=0 finalPassEnabled=1 annotationOverlayEnabled=0 readbackMode=EveryFrame readbackEveryN=1 copyRamAttached=1 copyRamMode=RTM_copy_ram quietPerfMode=1 bboxFastMode=mesh_body processRealSceneMs=0.000 targetMappingMs=0.000 cameraControlMs=0.000 stage4Stage5UpdateMs=0.000 shaderInputApplyMs=0.000 readbackMs=0.000 frameCopyMs=0.000 jpegMs=0.000 annotationMs=0.000 annotationBBoxMs=0.000 annotationOcclusionMs=0.000 annotationJsonMs=0.000 annotationTargets=0 bboxUpdateCount=0 bboxReuseCount=0 occlusionUpdateCount=0 occlusionReuseCount=0 targetUpdateCullInvisible=1 targetUpdateTotal=0 targetUpdateVisible=0 targetUpdateSkippedBeyondFar=0 targetUpdateSkippedShaderApply=0
[Perf] mode=sync videoFpsTarget=0.000 udpFps=0.000 renderFps=0.000 outputFps=0.000 sceneUpdateMs=0.000 annotationMs=0.000 irUpdateMs=0.000 irEnvBuildMs=0.000 stage7SkyGroundMs=0.000 platformRadianceMs=0.000 targetRadianceMs=0.000 stage4HotspotMs=0.000 stage5PlumeMs=0.000 stage5RadianceComponentMs=0.000 stage5AeroThermalMs=0.000 stage5ModtranLookupMs=0.000 shaderInputApplyMs=0.000 shaderInputApplyScope=exclusive stage7SkyGroundScope=inclusive stage4HotspotScope=inclusive shaderInputSetCount=0 shaderInputSkipCount=0 shaderInputCacheHitRate=0.000 stage5ModtranCacheHitCount=0 stage5ModtranCacheMissCount=0 stage7FullUpdateCount=0 stage7PositionOnlyCount=0 stage7SkipCount=0 stage4UpdateCount=0 stage4SkipCount=0 plumeUpdateMs=0.000 renderMs=0.000 stage6MtfBlurMs=0.000 stage6MtfBlurScope=render_pass_upper_bound mtfBlurEnabled=0 mtfBlurSigmaPixels=0.000 mtfBlurRadiusPixels=0 stage6DetectorNoiseMs=0.000 stage6DetectorNoiseScope=render_pass_upper_bound detectorNoiseEnabled=0 temporalNoiseSigmaGray=0.000 fpnSigmaGray=0.000 columnNoiseSigmaGray=0.000 rowNoiseSigmaGray=0.000 badPixelRatio=0.000 noisePosition=BeforeAGC stage6AgcStatsMs=0.000 stage6AgcApplyMs=0.000 agcEnabled=0 agcMode=Off agcGain=1.000 agcOffset=0.000 agcLowInput=0.000 agcHighInput=1.000 agcSampleCount=0 readbackMs=0.000 resizeMs=0.000 frameCopyMs=0.000 jpegMs=0.000 tcpSendMs=0.000 tcpQueueDepth=0 tcpQueueDepthMax=0 inputQueueDepth=0 inputQueueDepthMax=0 sourceSeqLag=0 latencyAvgMs=0.000 latencyMaxMs=0.000 syncOverrunCount=0 inputQueueOverflowCount=0 udpFrames=0 renderFrames=0 outputFrames=0
[RenderPerfProbe] pandaDoFrameMs=9.701 renderPath=direct_final graphicsOutputCount=1 activeDisplayRegionCount=1 rawPassEnabled=0 finalPassEnabled=1 annotationOverlayEnabled=0 readbackMode=EveryFrame readbackEveryN=1 copyRamAttached=1 copyRamMode=RTM_copy_ram quietPerfMode=1 bboxFastMode=mesh_body processRealSceneMs=0.000 targetMappingMs=0.000 cameraControlMs=0.000 stage4Stage5UpdateMs=0.000 shaderInputApplyMs=0.000 readbackMs=0.000 frameCopyMs=0.000 jpegMs=0.000 annotationMs=0.000 annotationBBoxMs=0.000 annotationOcclusionMs=0.000 annotationJsonMs=0.000 annotationTargets=0 bboxUpdateCount=0 bboxReuseCount=0 occlusionUpdateCount=0 occlusionReuseCount=0 targetUpdateCullInvisible=1 targetUpdateTotal=0 targetUpdateVisible=0 targetUpdateSkippedBeyondFar=0 targetUpdateSkippedShaderApply=0
接收UDP数据，长度：24字节，来自：192.168.1.188:9999 packet=1
解析UDP数据，flag：0x41 packet=1
[Stage0] Control command queued for main thread: command=1, round=1/1
[Stage0] Processing queued control command on render thread command=1 round=1/1
收到控制指令：
  军别：1
  挂载平台ID：1
  仿真指令：复位
  总回合数：1
  当前回合：1
[Stage0] Control command received: command=1, round=1/1
执行复位逻辑...
[TcpControlForward] simCommand=1 round=1/1
TCP线程初始化标志已重置，下一回合可重新发送初始化命令
复位完成：所有平台已删除，数据已清空
[RenderPerfProbe] pandaDoFrameMs=10.743 renderPath=direct_final graphicsOutputCount=1 activeDisplayRegionCount=1 rawPassEnabled=0 finalPassEnabled=1 annotationOverlayEnabled=0 readbackMode=EveryFrame readbackEveryN=1 copyRamAttached=1 copyRamMode=RTM_copy_ram quietPerfMode=1 bboxFastMode=mesh_body processRealSceneMs=0.000 targetMappingMs=0.000 cameraControlMs=0.000 stage4Stage5UpdateMs=0.000 shaderInputApplyMs=0.000 readbackMs=0.000 frameCopyMs=0.000 jpegMs=0.000 annotationMs=0.000 annotationBBoxMs=0.000 annotationOcclusionMs=0.000 annotationJsonMs=0.000 annotationTargets=0 bboxUpdateCount=0 bboxReuseCount=0 occlusionUpdateCount=0 occlusionReuseCount=0 targetUpdateCullInvisible=1 targetUpdateTotal=0 targetUpdateVisible=0 targetUpdateSkippedBeyondFar=0 targetUpdateSkippedShaderApply=0
接收UDP数据，长度：599字节，来自：192.168.1.188:9999 packet=2
解析UDP数据，flag：0x36 packet=2
[Stage0] Init command queued for main thread: sensorID=1, platNumValid=1
[Stage0] Processing queued init command on render thread sensorID=1 platNumValid=1
收到成像初始化指令：
  军别：1
  挂载平台ID：1
  传感器ID：1
  有效平台数：1
[Stage0] Init baseline: sensorBand=2, sensorSize=800x800, viewMinMax=1/50000, pixelAngleUrad=2.18166, legacyResolution=0.1x0.1, videoFps=60, missileMax(AIM120/AIM9/MMD)=5/5/0
[Codec] h264En=0 requestedCodec=jpeg activeCodec=jpeg codecFallbackReason=none
[EffectiveRuntimeConfig] reason=after_init runtimeConfigPath=Config/HwaSimIRRuntime.ini runtimeConfigLoaded=1 videoFps=60 syncMode=1 targetNumValid=0 IRUpdateHz=30 AnnotationUpdateHz=15 EnablePerfLog=1 EnableIRVerboseLog=0 EnableMTFBlur=0 MTFBlurMode=GaussianSeparable MTFBlurEffectiveMode=GaussianSinglePassSeparableWeights MTFBlurSigmaPixels=0.65 MTFBlurRadiusPixels=2 MTFBlurPasses=1 MTFApplyTo=final_display EnableDetectorNoise=0 NoiseApplyTo=final_display NoisePosition=BeforeAGC EnableTemporalNoise=1 TemporalNoiseSigmaGray=0.005 EnableFPN=0 FPNSigmaGray=0.003 EnableColumnNoise=0 ColumnNoiseSigmaGray=0.002 EnableRowNoise=0 RowNoiseSigmaGray=0.001 EnableBadPixels=0 BadPixelRatio=0.0001 EnableAGC=0 AGCMode=Percentile AGCApplyTo=final_display AGCStatsSource=previous_readback AGCUpdateHz=30 AGCStride=8 AGCGain=1 AGCOffset=0 EnableIRPhysicalPipeline=1 DebugView=Off LogComponents=0 UseSensorInputForDisplay=0 SensorInputDisplayMode=Manual SensorInputDisplayScale=1 SensorInputDisplayOffset=0 SensorInputDisplayClampMin=0 SensorInputDisplayClampMax=1 SensorInputDisplayGamma=1 SensorInputDisplayBand=MWIR EnableAeroThermalModel=1 ApplyAeroToRadiance=0 AeroDebugLog=0 AeroApplyScale=0.25 AeroApplyClampBodyDeltaK=40 AeroApplyOnlyBand=MWIR RecoveryFactor=0.85 ClampDeltaKMax=250 EnableModtranRadianceDebug=0 UseModtranPathRuntime=0 UseModtranSkyRuntime=0 UseModtranSolarRuntime=0 CompareLegacy=0 ModtranPathRuntimeBand=MWIR ModtranPathRuntimeMode=Off ModtranPathUnitMode=Native ModtranPathScale=1 ModtranPathBlend=1 Stage5ModtranCompareEffective=0 Stage7UpdateHz=10 Stage4UpdateHz=30 Stage5PlumeUpdateHz=30 Codec=auto JpegEncodeMode=gray JpegQuality=95 h264EnFromInit=0 EnableH264Experimental=0 H264FallbackToJpeg=1 H264Encoder=auto H264BitrateKbps=4000 H264GopFrames=30 H264LowLatency=1 H264ForceKeyFrameOnStart=1 JpegPerfABTest=0 readbackMode=EveryFrame readbackEveryN=1 copyRamAttached=1 BBoxFastMode=mesh_body saveMP4En=1 source=videoFps:cmd,targetNumValid:pending_realtime_packet,saveMP4En:cmd,EnablePerfLog:ini,EnableIRVerboseLog:ini,QuietPerfMode:ini,IRUpdateHz:ini,EnableMTFBlur:ini,MTFBlurMode:ini,MTFBlurSigmaPixels:ini,MTFBlurRadiusPixels:ini,MTFBlurPasses:ini,MTFApplyTo:ini,MTFDebugLog:ini,MTFLogEveryFrames:ini,EnableDetectorNoise:ini,NoiseApplyTo:ini,NoisePosition:ini,EnableTemporalNoise:ini,TemporalNoiseSigmaGray:ini,EnableFPN:ini,FPNSigmaGray:ini,FPNSeed:ini,EnableColumnNoise:ini,ColumnNoiseSigmaGray:ini,EnableRowNoise:ini,RowNoiseSigmaGray:ini,EnableBadPixels:ini,BadPixelRatio:ini,BadPixelHotGray:ini,BadPixelDeadGray:ini,NoiseClampMin:ini,NoiseClampMax:ini,NoiseDebugLog:ini,NoiseLogEveryFrames:ini,EnableAGC:ini,AGCMode:ini,AGCApplyTo:ini,AGCStatsSource:ini,AGCUpdateHz:ini,AGCLogEveryFrames:ini,AGCLowPercentile:ini,AGCHighPercentile:ini,AGCMeanStdK:ini,AGCMinGain:ini,AGCMaxGain:ini,AGCMinOffset:ini,AGCMaxOffset:ini,AGCSmoothingAlpha:ini,AGCTargetLowGray:ini,AGCTargetHighGray:ini,AGCStride:ini,AGCExcludeAnnotationOverlay:ini,AGCDebugLog:ini,AnnotationUpdateHz:ini,AnnotationOverlayInSensorImage:ini,AnnotationJsonPerFrame:ini,AnnotationFastJsonMode:ini,AnnotationBBoxUpdateHz:ini,AnnotationOcclusionUpdateHz:ini,AnnotationReuseLastWhenSkipped:ini,AnnotationBBoxFastMode:ini,TargetUpdateCullInvisible:ini,EnableIRPhysicalPipeline:ini,DebugView:ini,LogComponents:ini,UseSensorInputForDisplay:ini,SensorInputDisplayMode:ini,SensorInputDisplayScale:ini,SensorInputDisplayOffset:ini,SensorInputDisplayClampMin:ini,SensorInputDisplayClampMax:ini,SensorInputDisplayGamma:ini,SensorInputDisplayBand:ini,EnableAeroThermalModel:ini,ApplyAeroToRadiance:ini,AeroDebugLog:ini,AeroLogEveryFrames:ini,AeroApplyScale:ini,AeroApplyClampBodyDeltaK:ini,AeroApplyOnlyBand:ini,RecoveryFactor:ini,Gamma:ini,BodyCoeff:ini,NoseCoeff:ini,EdgeCoeff:ini,RearCoeff:ini,HeatTauSec:ini,CoolTauSec:ini,ClampMachMin:ini,ClampMachMax:ini,ClampDeltaKMax:ini,EnableModtranRadianceDebug:ini,UseModtranPathRuntime:ini,UseModtranSkyRuntime:ini,UseModtranSolarRuntime:ini,CompareLegacy:ini,ModtranPathRuntimeBand:ini,ModtranPathRuntimeMode:ini,ModtranPathUnitMode:ini,ModtranPathScale:ini,ModtranPathOffset:ini,ModtranPathClampMin:ini,ModtranPathClampMax:ini,ModtranPathBlend:ini,ModtranPathABLog:ini,Stage7UpdateHz:ini,Stage4UpdateHz:ini,Stage5PlumeUpdateHz:ini,Codec:ini,JpegEncodeMode:ini,JpegQuality:ini,EnableH264Experimental:ini,H264FallbackToJpeg:ini,H264Encoder:ini,H264BitrateKbps:ini,H264GopFrames:ini,H264LowLatency:ini,H264ForceKeyFrameOnStart:ini,JpegPerfABTest:ini
[Stage1] Sensor profile (init-command): protocolBand=2, band=MWIR, sensorRange=3-5um, modelRange=3-5um, profileSize=640x480, ADC=14bit, display=8bit, NETD=0.05K, FOV=45x33.75, detectorPitch=0.02mm, focalLength=100mm, lensFnumber=1, blackHot=0, source=Config/SensorWave/default_MWIR.json
[SensorWave Usage] band=MWIR file=Config/SensorWave/default_MWIR.json usedFields=SensorConfigurationSystem.Width,Height,ADCBitNumber,DisplayBits,SpectralResponseRangeLow,High,NoiseEquivalentTemperatureDifference,DetectorPitch,FocalLength,LensFnumber,BlackHot fallbackFields=Width,Height,FOVH,FOVV used only when UDP init geometry is invalid or missing ignoredPresagisFields=GainControlSystem,MTF,Vignetting,FXAA,TemporalAA,ImageFusionSystem,DistributedApertureSystem,IntensifierConfigurationSystem,TaskSSR
执行成像初始化逻辑...
传感器参数初始化完成，传感器ID=1
[Stage0] Init render setup begin sensorSize=800x800
[Stage6 FinalPipeline] renderMode=HeadlessOffscreen renderPath=direct_final headlessFastDirectFinal=1 finalPostprocessBypass=1 rawBufferReady=0 finalBufferReady=1 tcpSource=final_sensor headless_final_pipeline_ready=1 reason=resize-headless finalPostprocessNoop=1 finalPostprocessReason=noop windowPreview=0 presentationOutput=final_sensor_buffer rawSceneCopyMode=none rawSceneTex=none finalSensorTex=Stage6FinalSensorTex rawSceneSize=800x800 finalSensorSize=800x800 renderTexSize=800x800 renderTexEffectiveSize=800x800 renderTextureWidth=800 renderTextureHeight=800 tcpWidth=800 tcpHeight=800 textureCropApplied=0 windowSource=final_sensor windowRegion=fullscreen mtfBlurEnabled=0 mtfBlurMode=GaussianSeparable mtfBlurEffectiveMode=GaussianSinglePassSeparableWeights mtfBlurSigmaPixels=0.65 mtfBlurRadiusPixels=2 agcEnabled=0 agcMode=Percentile agcStatsSource=previous_readback agcGain=1 agcOffset=0 detectorNoiseEnabled=0 detectorNoisePosition=BeforeAGC temporalNoiseSigmaGray=0.005 fpnSigmaGray=0.003 readbackMode=EveryFrame readbackEveryN=1 copyRamAttached=1 copyRamMode=RTM_copy_ram sameOutput=1
[Stage6 ViewportDiag] reason=resize-headless renderMode=HeadlessOffscreen renderPath=direct_final finalPostprocessBypass=1 finalPostprocessNoop=1 presentationOutput=final_sensor_buffer presentationSize=800x800 rawSceneTexSize=0x0 rawSceneRequested=800x800 finalUvScale=0,0 finalRegionDimensions=0,1,0,1 finalCardBounds=-1,1,-1,1 renderTexSize=800x800 renderTexEffectiveSize=800x800 rawBufferReady=0 finalBufferReady=1 rawPassRequired=0 sameOutput=1 fullscreen=1
[AnnotationOverlay] enabled=0 reason=OverlayInSensorImage_false renderMode=HeadlessOffscreen presentationOutput=final_sensor_buffer jsonPerFrame=1
[Stage6 Resize] renderMode=HeadlessOffscreen finalSensorSize=800x800 renderTexture=Stage6FinalSensorTex pipelineReady=1
[Stage6 SensorGeometry] reason=init-command width=800 height=800 viewMin=1 viewMax=50000 pixelAngleUrad=2.18166 horizontalFovDeg=0.0999999 verticalFovDeg=0.0999999 nearClipM=1 farClipM=50000 fov_source=pixelAngle_urad_per_pixel
[Stage6 Display] reason=init-command whiteHot=1 displayGain=1 displayOffset=0 noiseEnable=0 noiseSigmaGray=0 noiseOverrideEnable=1 noiseSource=ini applyToWindow=1 applyToCapture=0 backgroundDisplay=1 configSource=ini effectiveWhiteHot=1 effectiveNoiseEnable=0 effectiveNoiseSigmaGray=0 source=ini
[Stage6 DisplayRoute] reason=init-command route=final_sensor deprecatedRoute=1 finalRoute=final_sensor applyToWindow=1 applyToCapture=0 backgroundDisplay=1
[Stage0] Init render setup complete
[Annotation] enabled=1
开始生成PlatParamPak平台，有效数：1
[Stage2] 材质绑定：F35 materialIdTex=OK materialMap=OK entries=4 default=BM_METAL-ALUMINIUM
PlatParamPak平台生成成功：类型=1 ID=1
相机已绑定到第一个PlatParamPak平台（ID=1），偏移：(0, 0, -8)
相机视场角(Stage6 SensorGeometry)：0.0999999,0.0999999
开始生成TargetState平台，有效数--120：5--9：5--MMD：0
[Stage2] 材质绑定：AIM120D materialIdTex=OK materialMap=OK entries=4 default=BM_METAL-STEEL
TargetState平台生成成功：类型=2 目标ID=-1
[Stage2] 材质绑定：AIM120D materialIdTex=OK materialMap=OK entries=4 default=BM_METAL-STEEL
TargetState平台生成成功：类型=2 目标ID=-1
[Stage2] 材质绑定：AIM120D materialIdTex=OK materialMap=OK entries=4 default=BM_METAL-STEEL
TargetState平台生成成功：类型=2 目标ID=-1
[Stage2] 材质绑定：AIM120D materialIdTex=OK materialMap=OK entries=4 default=BM_METAL-STEEL
TargetState平台生成成功：类型=2 目标ID=-1
[Stage2] 材质绑定：AIM120D materialIdTex=OK materialMap=OK entries=4 default=BM_METAL-STEEL
TargetState平台生成成功：类型=2 目标ID=-1
[Stage2] 材质绑定：AIM9X materialIdTex=OK materialMap=OK entries=4 default=IR_CERAMIC
TargetState平台生成成功：类型=3 目标ID=-1
[Stage2] 材质绑定：AIM9X materialIdTex=OK materialMap=OK entries=4 default=IR_CERAMIC
TargetState平台生成成功：类型=3 目标ID=-1
[Stage2] 材质绑定：AIM9X materialIdTex=OK materialMap=OK entries=4 default=IR_CERAMIC
TargetState平台生成成功：类型=3 目标ID=-1
[Stage2] 材质绑定：AIM9X materialIdTex=OK materialMap=OK entries=4 default=IR_CERAMIC
TargetState平台生成成功：类型=3 目标ID=-1
[Stage2] 材质绑定：AIM9X materialIdTex=OK materialMap=OK entries=4 default=IR_CERAMIC
TargetState平台生成成功：类型=3 目标ID=-1
[Stage7 3DSkyGround] reason=init-command enable=1 band=MWIR envTerrain=0 envSky=0 skyGrayRaw=0.65 groundGrayRaw=0.35 skyGrayFinal=0.65 groundGrayFinal=0.35 skyGray=0.65 groundGray=0.35 skyDome=1 lowerShell=1 groundPlane=0 source=env+band_default
[Stage7 Debug] mode=Off skyVisible=1 groundVisible=1 forcedSkyGray=NA forcedGroundGray=NA
[Stage7 Real3DBackground] skyDome=1 lowerShell=1 flatGroundPlane=0 cameraPos=40,100,11000 backgroundMode=real_3d
[Stage7 GroundReference] mode=reference_zero groundZOffset=0 finalGroundReferenceZ=0
[Stage7 SkyDomeDiag] cameraPos=40,100,11000 skyDomePos=40,100,11000 farClipM=50000 skyRadius=42500 radius=42500 radiusSource=farClip_scaled radiusLessThanFarClip=1 twoSided=1 depthWrite=0 depthTest=0
[Stage7 GroundDiag] groundPos=40,100,11000 farClipM=50000 groundSize=42500 lowerShellRadius=42500 groundZOffset=0 envTerrain=0 groundGray=0.35
[Stage7 Weather] reason=init-command envSky=0 weatherName=Clear visibilityM=6000 humidity=85 windV=8 windDir=30 cloudCoverage=0 fogDensity=0 precipitationType=none sunDirectScale=1 skyDiffuseScale=1 targetContrastScale=1 source=UDP+weather_profiles+RuntimeConfig
[Stage7 CloudLayer] enabled=0 texture=Config/Weather/Textures/cloud_few.png textureFound=1 coverage=0 opacity=0 temperatureK=255 band=MWIR cloudGray=0.385455
[Stage7 Fog] enabled=0 visibilityM=6000 fogDensity=0 fogGray=0.45 targetContrastScale=1
[Stage7 Precipitation] enabled=0 type=none density=0 speed=0 windV=8 windDir=30 maxHeight=0 transHeight=0
[Stage7 PrecipitationOverlay] mode=ScreenOverlay active=0 type=none density=0 sensorFovDeg=0.0999999 pattern=screen_sparse_low_contrast giantVerticalBars=0 sameOutput=1
[Stage7 Perf] weatherNodeCount=0 cloudNodeCount=0 precipitationNodeCount=0 textureLoadCountThisFrame=0 updateWeatherNodesMs=0.00175 totalWeatherMs=0.004375 precipitationMode=ScreenOverlay
初始化仿真中心原点：ID=1 位置(40.0001,100,11000)
成像初始化完成：军别=1 挂载平台ID=1 仿真回合=0
[Stage3] Environment (init-command): hour=12, airTempC=25, visibilityM=6000, humidity=85, wind=8m/s@30deg, weatherCode=0, sunAzimuth=180, sunElevation=45, sunStrength=1, profile=fallback
发送初始化应答成功，长度：17字节
发送初始化应答：准备状态=就绪
[TcpInitForward] sensorID=1 platNumValid=1
[RenderPerfProbe] pandaDoFrameMs=26.352 renderPath=direct_final graphicsOutputCount=1 activeDisplayRegionCount=1 rawPassEnabled=0 finalPassEnabled=1 annotationOverlayEnabled=0 readbackMode=EveryFrame readbackEveryN=1 copyRamAttached=1 copyRamMode=RTM_copy_ram quietPerfMode=1 bboxFastMode=mesh_body processRealSceneMs=0.000 targetMappingMs=0.000 cameraControlMs=0.000 stage4Stage5UpdateMs=0.000 shaderInputApplyMs=0.000 readbackMs=0.000 frameCopyMs=0.000 jpegMs=0.000 annotationMs=0.000 annotationBBoxMs=0.000 annotationOcclusionMs=0.000 annotationJsonMs=0.000 annotationTargets=0 bboxUpdateCount=0 bboxReuseCount=0 occlusionUpdateCount=0 occlusionReuseCount=0 targetUpdateCullInvisible=1 targetUpdateTotal=0 targetUpdateVisible=0 targetUpdateSkippedBeyondFar=0 targetUpdateSkippedShaderApply=0
[Perf] mode=sync videoFpsTarget=60.000 udpFps=0.000 renderFps=0.000 outputFps=0.000 sceneUpdateMs=0.000 annotationMs=0.000 irUpdateMs=0.000 irEnvBuildMs=0.000 stage7SkyGroundMs=0.000 platformRadianceMs=0.000 targetRadianceMs=0.000 stage4HotspotMs=0.000 stage5PlumeMs=0.000 stage5RadianceComponentMs=0.000 stage5AeroThermalMs=0.000 stage5ModtranLookupMs=0.000 shaderInputApplyMs=0.000 shaderInputApplyScope=exclusive stage7SkyGroundScope=inclusive stage4HotspotScope=inclusive shaderInputSetCount=0 shaderInputSkipCount=0 shaderInputCacheHitRate=0.000 stage5ModtranCacheHitCount=0 stage5ModtranCacheMissCount=0 stage7FullUpdateCount=0 stage7PositionOnlyCount=0 stage7SkipCount=0 stage4UpdateCount=0 stage4SkipCount=0 plumeUpdateMs=0.000 renderMs=0.000 stage6MtfBlurMs=0.000 stage6MtfBlurScope=render_pass_upper_bound mtfBlurEnabled=0 mtfBlurSigmaPixels=0.000 mtfBlurRadiusPixels=0 stage6DetectorNoiseMs=0.000 stage6DetectorNoiseScope=render_pass_upper_bound detectorNoiseEnabled=0 temporalNoiseSigmaGray=0.000 fpnSigmaGray=0.000 columnNoiseSigmaGray=0.000 rowNoiseSigmaGray=0.000 badPixelRatio=0.000 noisePosition=BeforeAGC stage6AgcStatsMs=0.000 stage6AgcApplyMs=0.000 agcEnabled=0 agcMode=Off agcGain=1.000 agcOffset=0.000 agcLowInput=0.000 agcHighInput=1.000 agcSampleCount=0 readbackMs=0.000 resizeMs=0.000 frameCopyMs=0.000 jpegMs=0.000 tcpSendMs=0.000 tcpQueueDepth=0 tcpQueueDepthMax=0 inputQueueDepth=0 inputQueueDepthMax=0 sourceSeqLag=0 latencyAvgMs=0.000 latencyMaxMs=0.000 syncOverrunCount=0 inputQueueOverflowCount=0 udpFrames=0 renderFrames=0 outputFrames=0
[RenderPerfProbe] pandaDoFrameMs=11.002 renderPath=direct_final graphicsOutputCount=1 activeDisplayRegionCount=1 rawPassEnabled=0 finalPassEnabled=1 annotationOverlayEnabled=0 readbackMode=EveryFrame readbackEveryN=1 copyRamAttached=1 copyRamMode=RTM_copy_ram quietPerfMode=1 bboxFastMode=mesh_body processRealSceneMs=0.000 targetMappingMs=0.000 cameraControlMs=0.000 stage4Stage5UpdateMs=0.000 shaderInputApplyMs=0.000 readbackMs=0.000 frameCopyMs=0.000 jpegMs=0.000 annotationMs=0.000 annotationBBoxMs=0.000 annotationOcclusionMs=0.000 annotationJsonMs=0.000 annotationTargets=0 bboxUpdateCount=0 bboxReuseCount=0 occlusionUpdateCount=0 occlusionReuseCount=0 targetUpdateCullInvisible=1 targetUpdateTotal=0 targetUpdateVisible=0 targetUpdateSkippedBeyondFar=0 targetUpdateSkippedShaderApply=0
接收UDP数据，长度：24字节，来自：192.168.1.188:9999 packet=3
解析UDP数据，flag：0x41 packet=3
[Stage0] Control command queued for main thread: command=2, round=1/1
[Stage0] Display packet #1: platID=1, sensorID=1, targetNumValid=5, timeMs=1.78246e+12
[EffectiveRuntimeConfig] reason=first_display runtimeConfigPath=Config/HwaSimIRRuntime.ini runtimeConfigLoaded=1 videoFps=60 syncMode=1 targetNumValid=5 IRUpdateHz=30 AnnotationUpdateHz=15 EnablePerfLog=1 EnableIRVerboseLog=0 EnableMTFBlur=0 MTFBlurMode=GaussianSeparable MTFBlurEffectiveMode=GaussianSinglePassSeparableWeights MTFBlurSigmaPixels=0.65 MTFBlurRadiusPixels=2 MTFBlurPasses=1 MTFApplyTo=final_display EnableDetectorNoise=0 NoiseApplyTo=final_display NoisePosition=BeforeAGC EnableTemporalNoise=1 TemporalNoiseSigmaGray=0.005 EnableFPN=0 FPNSigmaGray=0.003 EnableColumnNoise=0 ColumnNoiseSigmaGray=0.002 EnableRowNoise=0 RowNoiseSigmaGray=0.001 EnableBadPixels=0 BadPixelRatio=0.0001 EnableAGC=0 AGCMode=Percentile AGCApplyTo=final_display AGCStatsSource=previous_readback AGCUpdateHz=30 AGCStride=8 AGCGain=1 AGCOffset=0 EnableIRPhysicalPipeline=1 DebugView=Off LogComponents=0 UseSensorInputForDisplay=0 SensorInputDisplayMode=Manual SensorInputDisplayScale=1 SensorInputDisplayOffset=0 SensorInputDisplayClampMin=0 SensorInputDisplayClampMax=1 SensorInputDisplayGamma=1 SensorInputDisplayBand=MWIR EnableAeroThermalModel=1 ApplyAeroToRadiance=0 AeroDebugLog=0 AeroApplyScale=0.25 AeroApplyClampBodyDeltaK=40 AeroApplyOnlyBand=MWIR RecoveryFactor=0.85 ClampDeltaKMax=250 EnableModtranRadianceDebug=0 UseModtranPathRuntime=0 UseModtranSkyRuntime=0 UseModtranSolarRuntime=0 CompareLegacy=0 ModtranPathRuntimeBand=MWIR ModtranPathRuntimeMode=Off ModtranPathUnitMode=Native ModtranPathScale=1 ModtranPathBlend=1 Stage5ModtranCompareEffective=0 Stage7UpdateHz=10 Stage4UpdateHz=30 Stage5PlumeUpdateHz=30 Codec=auto JpegEncodeMode=gray JpegQuality=95 h264EnFromInit=0 EnableH264Experimental=0 H264FallbackToJpeg=1 H264Encoder=auto H264BitrateKbps=4000 H264GopFrames=30 H264LowLatency=1 H264ForceKeyFrameOnStart=1 JpegPerfABTest=0 readbackMode=EveryFrame readbackEveryN=1 copyRamAttached=1 BBoxFastMode=mesh_body saveMP4En=1 source=videoFps:cmd,targetNumValid:udp_display,saveMP4En:cmd,EnablePerfLog:ini,EnableIRVerboseLog:ini,QuietPerfMode:ini,IRUpdateHz:ini,EnableMTFBlur:ini,MTFBlurMode:ini,MTFBlurSigmaPixels:ini,MTFBlurRadiusPixels:ini,MTFBlurPasses:ini,MTFApplyTo:ini,MTFDebugLog:ini,MTFLogEveryFrames:ini,EnableDetectorNoise:ini,NoiseApplyTo:ini,NoisePosition:ini,EnableTemporalNoise:ini,TemporalNoiseSigmaGray:ini,EnableFPN:ini,FPNSigmaGray:ini,FPNSeed:ini,EnableColumnNoise:ini,ColumnNoiseSigmaGray:ini,EnableRowNoise:ini,RowNoiseSigmaGray:ini,EnableBadPixels:ini,BadPixelRatio:ini,BadPixelHotGray:ini,BadPixelDeadGray:ini,NoiseClampMin:ini,NoiseClampMax:ini,NoiseDebugLog:ini,NoiseLogEveryFrames:ini,EnableAGC:ini,AGCMode:ini,AGCApplyTo:ini,AGCStatsSource:ini,AGCUpdateHz:ini,AGCLogEveryFrames:ini,AGCLowPercentile:ini,AGCHighPercentile:ini,AGCMeanStdK:ini,AGCMinGain:ini,AGCMaxGain:ini,AGCMinOffset:ini,AGCMaxOffset:ini,AGCSmoothingAlpha:ini,AGCTargetLowGray:ini,AGCTargetHighGray:ini,AGCStride:ini,AGCExcludeAnnotationOverlay:ini,AGCDebugLog:ini,AnnotationUpdateHz:ini,AnnotationOverlayInSensorImage:ini,AnnotationJsonPerFrame:ini,AnnotationFastJsonMode:ini,AnnotationBBoxUpdateHz:ini,AnnotationOcclusionUpdateHz:ini,AnnotationReuseLastWhenSkipped:ini,AnnotationBBoxFastMode:ini,TargetUpdateCullInvisible:ini,EnableIRPhysicalPipeline:ini,DebugView:ini,LogComponents:ini,UseSensorInputForDisplay:ini,SensorInputDisplayMode:ini,SensorInputDisplayScale:ini,SensorInputDisplayOffset:ini,SensorInputDisplayClampMin:ini,SensorInputDisplayClampMax:ini,SensorInputDisplayGamma:ini,SensorInputDisplayBand:ini,EnableAeroThermalModel:ini,ApplyAeroToRadiance:ini,AeroDebugLog:ini,AeroLogEveryFrames:ini,AeroApplyScale:ini,AeroApplyClampBodyDeltaK:ini,AeroApplyOnlyBand:ini,RecoveryFactor:ini,Gamma:ini,BodyCoeff:ini,NoseCoeff:ini,EdgeCoeff:ini,RearCoeff:ini,HeatTauSec:ini,CoolTauSec:ini,ClampMachMin:ini,ClampMachMax:ini,ClampDeltaKMax:ini,EnableModtranRadianceDebug:ini,UseModtranPathRuntime:ini,UseModtranSkyRuntime:ini,UseModtranSolarRuntime:ini,CompareLegacy:ini,ModtranPathRuntimeBand:ini,ModtranPathRuntimeMode:ini,ModtranPathUnitMode:ini,ModtranPathScale:ini,ModtranPathOffset:ini,ModtranPathClampMin:ini,ModtranPathClampMax:ini,ModtranPathBlend:ini,ModtranPathABLog:ini,Stage7UpdateHz:ini,Stage4UpdateHz:ini,Stage5PlumeUpdateHz:ini,Codec:ini,JpegEncodeMode:ini,JpegQuality:ini,EnableH264Experimental:ini,H264FallbackToJpeg:ini,H264Encoder:ini,H264BitrateKbps:ini,H264GopFrames:ini,H264LowLatency:ini,H264ForceKeyFrameOnStart:ini,JpegPerfABTest:ini
处理实时成像数据...
[Stage0] Processing queued control command on render thread command=2 round=1/1
收到控制指令：
  军别：1
  挂载平台ID：1
  仿真指令：开始
  总回合数：1
  当前回合：1
[Stage0] Control command received: command=2, round=1/1
执行开始仿真逻辑...
[TcpControlForward] simCommand=2 round=1/1
TCP线程初始化标志已重置，回合重新开始
仿真开始：当前回合=1
[Stage0] Display packet #1: platID=1, sensorID=1, targetNumValid=5, timeMs=1.78246e+12
[EffectiveRuntimeConfig] reason=first_display runtimeConfigPath=Config/HwaSimIRRuntime.ini runtimeConfigLoaded=1 videoFps=60 syncMode=1 targetNumValid=5 IRUpdateHz=30 AnnotationUpdateHz=15 EnablePerfLog=1 EnableIRVerboseLog=0 EnableMTFBlur=0 MTFBlurMode=GaussianSeparable MTFBlurEffectiveMode=GaussianSinglePassSeparableWeights MTFBlurSigmaPixels=0.65 MTFBlurRadiusPixels=2 MTFBlurPasses=1 MTFApplyTo=final_display EnableDetectorNoise=0 NoiseApplyTo=final_display NoisePosition=BeforeAGC EnableTemporalNoise=1 TemporalNoiseSigmaGray=0.005 EnableFPN=0 FPNSigmaGray=0.003 EnableColumnNoise=0 ColumnNoiseSigmaGray=0.002 EnableRowNoise=0 RowNoiseSigmaGray=0.001 EnableBadPixels=0 BadPixelRatio=0.0001 EnableAGC=0 AGCMode=Percentile AGCApplyTo=final_display AGCStatsSource=previous_readback AGCUpdateHz=30 AGCStride=8 AGCGain=1 AGCOffset=0 EnableIRPhysicalPipeline=1 DebugView=Off LogComponents=0 UseSensorInputForDisplay=0 SensorInputDisplayMode=Manual SensorInputDisplayScale=1 SensorInputDisplayOffset=0 SensorInputDisplayClampMin=0 SensorInputDisplayClampMax=1 SensorInputDisplayGamma=1 SensorInputDisplayBand=MWIR EnableAeroThermalModel=1 ApplyAeroToRadiance=0 AeroDebugLog=0 AeroApplyScale=0.25 AeroApplyClampBodyDeltaK=40 AeroApplyOnlyBand=MWIR RecoveryFactor=0.85 ClampDeltaKMax=250 EnableModtranRadianceDebug=0 UseModtranPathRuntime=0 UseModtranSkyRuntime=0 UseModtranSolarRuntime=0 CompareLegacy=0 ModtranPathRuntimeBand=MWIR ModtranPathRuntimeMode=Off ModtranPathUnitMode=Native ModtranPathScale=1 ModtranPathBlend=1 Stage5ModtranCompareEffective=0 Stage7UpdateHz=10 Stage4UpdateHz=30 Stage5PlumeUpdateHz=30 Codec=auto JpegEncodeMode=gray JpegQuality=95 h264EnFromInit=0 EnableH264Experimental=0 H264FallbackToJpeg=1 H264Encoder=auto H264BitrateKbps=4000 H264GopFrames=30 H264LowLatency=1 H264ForceKeyFrameOnStart=1 JpegPerfABTest=0 readbackMode=EveryFrame readbackEveryN=1 copyRamAttached=1 BBoxFastMode=mesh_body saveMP4En=1 source=videoFps:cmd,targetNumValid:udp_display,saveMP4En:cmd,EnablePerfLog:ini,EnableIRVerboseLog:ini,QuietPerfMode:ini,IRUpdateHz:ini,EnableMTFBlur:ini,MTFBlurMode:ini,MTFBlurSigmaPixels:ini,MTFBlurRadiusPixels:ini,MTFBlurPasses:ini,MTFApplyTo:ini,MTFDebugLog:ini,MTFLogEveryFrames:ini,EnableDetectorNoise:ini,NoiseApplyTo:ini,NoisePosition:ini,EnableTemporalNoise:ini,TemporalNoiseSigmaGray:ini,EnableFPN:ini,FPNSigmaGray:ini,FPNSeed:ini,EnableColumnNoise:ini,ColumnNoiseSigmaGray:ini,EnableRowNoise:ini,RowNoiseSigmaGray:ini,EnableBadPixels:ini,BadPixelRatio:ini,BadPixelHotGray:ini,BadPixelDeadGray:ini,NoiseClampMin:ini,NoiseClampMax:ini,NoiseDebugLog:ini,NoiseLogEveryFrames:ini,EnableAGC:ini,AGCMode:ini,AGCApplyTo:ini,AGCStatsSource:ini,AGCUpdateHz:ini,AGCLogEveryFrames:ini,AGCLowPercentile:ini,AGCHighPercentile:ini,AGCMeanStdK:ini,AGCMinGain:ini,AGCMaxGain:ini,AGCMinOffset:ini,AGCMaxOffset:ini,AGCSmoothingAlpha:ini,AGCTargetLowGray:ini,AGCTargetHighGray:ini,AGCStride:ini,AGCExcludeAnnotationOverlay:ini,AGCDebugLog:ini,AnnotationUpdateHz:ini,AnnotationOverlayInSensorImage:ini,AnnotationJsonPerFrame:ini,AnnotationFastJsonMode:ini,AnnotationBBoxUpdateHz:ini,AnnotationOcclusionUpdateHz:ini,AnnotationReuseLastWhenSkipped:ini,AnnotationBBoxFastMode:ini,TargetUpdateCullInvisible:ini,EnableIRPhysicalPipeline:ini,DebugView:ini,LogComponents:ini,UseSensorInputForDisplay:ini,SensorInputDisplayMode:ini,SensorInputDisplayScale:ini,SensorInputDisplayOffset:ini,SensorInputDisplayClampMin:ini,SensorInputDisplayClampMax:ini,SensorInputDisplayGamma:ini,SensorInputDisplayBand:ini,EnableAeroThermalModel:ini,ApplyAeroToRadiance:ini,AeroDebugLog:ini,AeroLogEveryFrames:ini,AeroApplyScale:ini,AeroApplyClampBodyDeltaK:ini,AeroApplyOnlyBand:ini,RecoveryFactor:ini,Gamma:ini,BodyCoeff:ini,NoseCoeff:ini,EdgeCoeff:ini,RearCoeff:ini,HeatTauSec:ini,CoolTauSec:ini,ClampMachMin:ini,ClampMachMax:ini,ClampDeltaKMax:ini,EnableModtranRadianceDebug:ini,UseModtranPathRuntime:ini,UseModtranSkyRuntime:ini,UseModtranSolarRuntime:ini,CompareLegacy:ini,ModtranPathRuntimeBand:ini,ModtranPathRuntimeMode:ini,ModtranPathUnitMode:ini,ModtranPathScale:ini,ModtranPathOffset:ini,ModtranPathClampMin:ini,ModtranPathClampMax:ini,ModtranPathBlend:ini,ModtranPathABLog:ini,Stage7UpdateHz:ini,Stage4UpdateHz:ini,Stage5PlumeUpdateHz:ini,Codec:ini,JpegEncodeMode:ini,JpegQuality:ini,EnableH264Experimental:ini,H264FallbackToJpeg:ini,H264Encoder:ini,H264BitrateKbps:ini,H264GopFrames:ini,H264LowLatency:ini,H264ForceKeyFrameOnStart:ini,JpegPerfABTest:ini
处理实时成像数据...
STAGE6_TARGET_BEYOND_FAR_CLIP targetType=0x22 targetPlatID=3 targetID=34 rangeM=9.60448e+06 farClipM=50000
[Stage5 Plume] targetType=0x22 targetPlatID=3 targetID=34 platform=AIM120D engineState=0 band=MWIR coreEnabled=0 haloEnabled=0 coreTempK=0 haloTempK=0 coreGray=0 haloGray=0 coreOpacity=0 haloOpacity=0 coreVisible=0 haloVisible=0 reason=target_not_renderable
[Stage5 Plume] targetType=0x33 targetPlatID=3 targetID=4 platform=AIM9X engineState=0 band=MWIR coreEnabled=0 haloEnabled=0 coreTempK=0 haloTempK=0 coreGray=0 haloGray=0 coreOpacity=0 haloOpacity=0 coreVisible=0 haloVisible=0 reason=target_not_renderable
[Stage5 Plume] targetType=0x33 targetPlatID=3 targetID=34 platform=AIM9X engineState=0 band=MWIR coreEnabled=0 haloEnabled=0 coreTempK=0 haloTempK=0 coreGray=0 haloGray=0 coreOpacity=0 haloOpacity=0 coreVisible=0 haloVisible=0 reason=target_not_renderable
[Stage5 Plume] targetType=0x22 targetPlatID=3 targetID=4 platform=AIM120D engineState=0 band=MWIR coreEnabled=0 haloEnabled=0 coreTempK=0 haloTempK=0 coreGray=0 haloGray=0 coreOpacity=0 haloOpacity=0 coreVisible=0 haloVisible=0 reason=target_not_renderable
[CameraControl] mode=lookat targetPlatID=3 targetID=3 relPitch=-2.67265 relYaw=-2.19694 range=22269.9
[Stage6 FrameDiag] frameIndex=1.78246e+12 packet=1 band=MWIR whiteHot=1 displayGain=1 displayOffset=0 noiseEnable=0 noiseSigmaGray=0 route=final_sensor targetVisibleCount=1 targetMappedCount=5 hiddenByTargetNum=0 hiddenByTargetViewValid=0 hiddenByWeaponViewValid=0 beyondFarClip=4 skyVisible=1 cameraHpr=2.19694,-2.67265,0 sensorFovH=0.0999999 sensorFovV=0.0999999 near=1 far=50000
[AnnotationSurfacePoint] targetID=3 point=head mode=profile_surface local=(0,1.1,0) pixel=(397,401)
[AnnotationSurfacePoint] targetID=3 point=middle mode=profile_surface local=(0,0,0.08) pixel=(400,398)
[ScenePerfProbe] sourceSeq=1 processRealSceneMs=3.219 targetMappingMs=0.221 cameraControlMs=0.042 stage4Stage5UpdateMs=0.000 shaderInputApplyMs=0.000 annotationComputeMs=2.870 annotationBBoxMs=2.182 annotationOcclusionMs=0.000 annotationJsonMs=0.000 pandaDoFrameMs=9.818 readbackMs=0.000 frameCopyMs=0.000 jpegMs=0.000 readbackMode=EveryFrame copyRamAttached=1 quietPerfMode=1 bboxFastMode=mesh_body annotationFastJsonMode=1 annotationOverlayInSensorImage=0 annotationJsonPerFrame=1 bboxUpdateCount=1 bboxReuseCount=0 occlusionUpdateCount=0 occlusionReuseCount=1 targetUpdateCullInvisible=1 targetUpdateTotal=0 targetUpdateVisible=0 targetUpdateSkippedBeyondFar=0 targetUpdateSkippedShaderApply=0
实时数据更新完成，时间戳=1.78246e+12ms
[Stage6 Capture] frameWidth=800 frameHeight=800 tcpWidth=800 tcpHeight=800 renderTextureWidth=800 renderTextureHeight=800 textureCropApplied=0 source=final_sensor channels=RGB8 readbackMode=EveryFrame readbackEveryN=1 copyRamAttached=1 copyRamMode=RTM_copy_ram tcpFrameReused=0 diagnostic_only=0 renderPath=direct_final sourceSeq=1 readbackMs=4.96067 resizeMs=0 frameCopyMs=0.766208 tcpQueueDepth=1 annotationJsonPerFrame=1 annotationOverlayInSensorImage=0
[Stage3] Environment (runtime): hour=7.49508, airTempC=25, visibilityM=6000, humidity=85, wind=8m/s@30deg, weatherCode=0, sunAzimuth=180, sunElevation=45, sunStrength=1, profile=fallback
[Stage7 3DSkyGround] reason=runtime enable=1 band=MWIR envTerrain=0 envSky=0 skyGrayRaw=0.65 groundGrayRaw=0.35 skyGrayFinal=0.65 groundGrayFinal=0.35 skyGray=0.65 groundGray=0.35 skyDome=1 lowerShell=1 groundPlane=0 source=env+band_default
[Stage7 Debug] mode=Off skyVisible=1 groundVisible=1 forcedSkyGray=NA forcedGroundGray=NA
[Stage7 Real3DBackground] skyDome=1 lowerShell=1 flatGroundPlane=0 cameraPos=6.17316e-11,2.78067,-0.000970606 backgroundMode=real_3d
[Stage7 GroundReference] mode=reference_zero groundZOffset=0 finalGroundReferenceZ=0
[Stage7 SkyDomeDiag] cameraPos=6.17316e-11,2.78067,-0.000970606 skyDomePos=6.17316e-11,2.78067,-0.000970606 farClipM=50000 skyRadius=42500 radius=42500 radiusSource=farClip_scaled radiusLessThanFarClip=1 twoSided=1 depthWrite=0 depthTest=0
[Stage7 GroundDiag] groundPos=6.17316e-11,2.78067,-0.000970606 farClipM=50000 groundSize=42500 lowerShellRadius=42500 groundZOffset=0 envTerrain=0 groundGray=0.35
[Stage7 Weather] reason=runtime envSky=0 weatherName=Clear visibilityM=6000 humidity=85 windV=8 windDir=30 cloudCoverage=0 fogDensity=0 precipitationType=none sunDirectScale=1 skyDiffuseScale=1 targetContrastScale=1 source=UDP+weather_profiles+RuntimeConfig
[Stage7 CloudLayer] enabled=0 texture=Config/Weather/Textures/cloud_few.png textureFound=1 coverage=0 opacity=0 temperatureK=255 band=MWIR cloudGray=0.385455
[Stage7 Fog] enabled=0 visibilityM=6000 fogDensity=0 fogGray=0.45 targetContrastScale=1
[Stage7 Precipitation] enabled=0 type=none density=0 speed=0 windV=8 windDir=30 maxHeight=0 transHeight=0
[Stage7 PrecipitationOverlay] mode=ScreenOverlay active=0 type=none density=0 sensorFovDeg=0.0999999 pattern=screen_sparse_low_contrast giantVerticalBars=0 sameOutput=1
[Stage7 Perf] weatherNodeCount=0 cloudNodeCount=0 precipitationNodeCount=0 textureLoadCountThisFrame=0 updateWeatherNodesMs=0.00175 totalWeatherMs=0.014 precipitationMode=ScreenOverlay
[Stage0] Display packet #2: platID=1, sensorID=1, targetNumValid=5, timeMs=1.78246e+12
处理实时成像数据...
[Stage5 PlumePerf] plumeNodeCount=16 visiblePlumeCount=0 textureLoadCountThisFrame=0 updateHz=30 updatePlumeMs=0.010791 updatePlumeMsMax=0.010791 perfBudgetMs=1
[TargetUpdateCull] enabled=1 total=10 visible=1 skippedBeyondFar=4 skippedShaderApply=4 shaderInputApplyMs=9.9782 stage4Stage5UpdateMs=11.0046
[TcpFramePacket] frame=1 imgBytes=7834 annotationBytes=622 targets=1 width=800 height=800
[TcpPerf] sourceSeq=1 outputOrdinal=1 codec=jpeg requestedCodec=jpeg h264En=0 codecFallbackReason=none jpegQuality=95 jpegMode=gray jpegBytes=7834 encodeInputChannels=1 flipMs=4.459 resizeMs=0.000 jpegMs=18.917 tcpSendMs=0.216 queueDepth=0 queueWaitMs=0.002 overwritten=0
[SyncFrame] sourceSeq=1 outputOrdinal=1 inputQueueDepth=1 tcpQueueDepth=0 sourceSeqContinuous=1 videoFpsTarget=60.000 frameMs=33.415 latencyMs=33.521 readbackMs=4.961 flipMs=4.459 resizeMs=0.000 jpegMs=18.917 tcpSendMs=0.216 overrun=1 overwritten=0
[Perf] mode=sync videoFpsTarget=60.000 udpFps=45.268 renderFps=0.000 outputFps=22.634 sceneUpdateMs=3.275 annotationMs=2.870 irUpdateMs=11.012 irEnvBuildMs=0.036 stage7SkyGroundMs=5.680 platformRadianceMs=0.038 targetRadianceMs=0.029 stage4HotspotMs=1.854 stage5PlumeMs=0.011 stage5RadianceComponentMs=1.425 stage5AeroThermalMs=0.006 stage5ModtranLookupMs=0.000 shaderInputApplyMs=9.978 shaderInputApplyScope=exclusive stage7SkyGroundScope=inclusive stage4HotspotScope=inclusive shaderInputSetCount=207 shaderInputSkipCount=77 shaderInputCacheHitRate=27.113 stage5ModtranCacheHitCount=0 stage5ModtranCacheMissCount=0 stage7FullUpdateCount=1 stage7PositionOnlyCount=0 stage7SkipCount=0 stage4UpdateCount=1 stage4SkipCount=4 plumeUpdateMs=0.011 renderMs=0.000 stage6MtfBlurMs=0.000 stage6MtfBlurScope=render_pass_upper_bound mtfBlurEnabled=0 mtfBlurSigmaPixels=0.000 mtfBlurRadiusPixels=0 stage6DetectorNoiseMs=0.000 stage6DetectorNoiseScope=render_pass_upper_bound detectorNoiseEnabled=0 temporalNoiseSigmaGray=0.000 fpnSigmaGray=0.000 columnNoiseSigmaGray=0.000 rowNoiseSigmaGray=0.000 badPixelRatio=0.000 noisePosition=BeforeAGC stage6AgcStatsMs=0.000 stage6AgcApplyMs=0.000 agcEnabled=0 agcMode=Percentile agcGain=1.000 agcOffset=0.000 agcLowInput=0.000 agcHighInput=1.000 agcSampleCount=0 readbackMs=4.961 resizeMs=0.000 frameCopyMs=0.766 jpegMs=18.917 tcpSendMs=0.216 tcpQueueDepth=0 tcpQueueDepthMax=1 inputQueueDepth=1 inputQueueDepthMax=1 sourceSeqLag=1 latencyAvgMs=33.521 latencyMaxMs=33.521 syncOverrunCount=1 inputQueueOverflowCount=0 udpFrames=2 renderFrames=0 outputFrames=1
[Stage0] Display packet #3: platID=1, sensorID=1, targetNumValid=5, timeMs=1.78246e+12
处理实时成像数据...
[Stage6 MTF] sourceSeq=1 enabled=0 effective=0 mode=GaussianSeparable effectiveMode=GaussianSinglePassSeparableWeights sigmaPixels=0.65 radiusPixels=2 passes=1 applyTo=final_display inputSize=800x800 outputSize=800x800 stage6MtfBlurMs=0 stage6MtfBlurScope=render_pass_upper_bound implementation=single_pass_gpu_separable_weights todo=true_two_pass_separable_if_needed
[Stage6 Noise] sourceSeq=1 enabled=0 effective=0 applyTo=final_display position=BeforeAGC temporalEnabled=1 temporalSigma=0.005 fpnEnabled=0 fpnSigma=0.003 columnEnabled=0 columnSigma=0.002 rowEnabled=0 rowSigma=0.001 badPixelEnabled=0 badPixelRatio=0.0001 seed=12345 stage6DetectorNoiseMs=0 stage6DetectorNoiseScope=render_pass_upper_bound implementation=single_pass_gpu_hash_noise
[Stage6 AGC] sourceSeq=1 enabled=0 effective=0 mode=Percentile statsSource=previous_readback updateHz=30 sampleCount=0 lowPercentile=2 highPercentile=98 lowInput=0 highInput=1 gain=1 offset=0 gainSmoothed=1 offsetSmoothed=0 valid=0 fallbackReason=disabled stage6AgcStatsMs=0
[Stage5 Plume] targetType=0x22 targetPlatID=3 targetID=34 platform=AIM120D engineState=0 band=MWIR coreEnabled=0 haloEnabled=0 coreTempK=0 haloTempK=0 coreGray=0 haloGray=0 coreOpacity=0 haloOpacity=0 coreVisible=0 haloVisible=0 reason=target_not_renderable
[Stage5 Plume] targetType=0x33 targetPlatID=3 targetID=4 platform=AIM9X engineState=0 band=MWIR coreEnabled=0 haloEnabled=0 coreTempK=0 haloTempK=0 coreGray=0 haloGray=0 coreOpacity=0 haloOpacity=0 coreVisible=0 haloVisible=0 reason=target_not_renderable
[Stage5 Plume] targetType=0x33 targetPlatID=3 targetID=34 platform=AIM9X engineState=0 band=MWIR coreEnabled=0 haloEnabled=0 coreTempK=0 haloTempK=0 coreGray=0 haloGray=0 coreOpacity=0 haloOpacity=0 coreVisible=0 haloVisible=0 reason=target_not_renderable
[Stage5 Plume] targetType=0x22 targetPlatID=3 targetID=4 platform=AIM120D engineState=0 band=MWIR coreEnabled=0 haloEnabled=0 coreTempK=0 haloTempK=0 coreGray=0 haloGray=0 coreOpacity=0 haloOpacity=0 coreVisible=0 haloVisible=0 reason=target_not_renderable
[CameraControl] mode=lookat targetPlatID=3 targetID=3 relPitch=-2.67214 relYaw=-2.19737 range=22265.6
[Stage6 FrameDiag] frameIndex=1.78246e+12 packet=4 band=MWIR whiteHot=1 displayGain=1 displayOffset=0 noiseEnable=0 noiseSigmaGray=0 route=final_sensor targetVisibleCount=1 targetMappedCount=5 hiddenByTargetNum=0 hiddenByTargetViewValid=0 hiddenByWeaponViewValid=0 beyondFarClip=4 skyVisible=1 cameraHpr=2.19737,-2.67214,0 sensorFovH=0.0999999 sensorFovV=0.0999999 near=1 far=50000
[ScenePerfProbe] sourceSeq=2 processRealSceneMs=0.283 targetMappingMs=0.188 cameraControlMs=0.022 stage4Stage5UpdateMs=11.005 shaderInputApplyMs=9.978 annotationComputeMs=0.004 annotationBBoxMs=0.000 annotationOcclusionMs=0.000 annotationJsonMs=0.000 pandaDoFrameMs=54.307 readbackMs=4.961 frameCopyMs=0.766 jpegMs=18.917 readbackMode=EveryFrame copyRamAttached=1 quietPerfMode=1 bboxFastMode=mesh_body annotationFastJsonMode=1 annotationOverlayInSensorImage=0 annotationJsonPerFrame=1 bboxUpdateCount=1 bboxReuseCount=1 occlusionUpdateCount=0 occlusionReuseCount=2 targetUpdateCullInvisible=1 targetUpdateTotal=10 targetUpdateVisible=1 targetUpdateSkippedBeyondFar=4 targetUpdateSkippedShaderApply=4
[Stage6 Capture] frameWidth=800 frameHeight=800 tcpWidth=800 tcpHeight=800 renderTextureWidth=800 renderTextureHeight=800 textureCropApplied=0 source=final_sensor channels=RGB8 readbackMode=EveryFrame readbackEveryN=1 copyRamAttached=1 copyRamMode=RTM_copy_ram tcpFrameReused=0 diagnostic_only=0 renderPath=direct_final sourceSeq=2 readbackMs=2.26217 resizeMs=0 frameCopyMs=0.704667 tcpQueueDepth=1 annotationJsonPerFrame=1 annotationOverlayInSensorImage=0
[Stage5 PlumePerf] plumeNodeCount=16 visiblePlumeCount=0 textureLoadCountThisFrame=0 updateHz=30 updatePlumeMs=0.007 updatePlumeMsMax=0.007 perfBudgetMs=1
[TargetUpdateCull] enabled=1 total=10 visible=1 skippedBeyondFar=4 skippedShaderApply=4 shaderInputApplyMs=0.412711 stage4Stage5UpdateMs=0.820459
[TcpFramePacket] frame=2 imgBytes=8053 annotationBytes=622 targets=1 width=800 height=800
[TcpPerf] sourceSeq=2 outputOrdinal=2 codec=jpeg requestedCodec=jpeg h264En=0 codecFallbackReason=none jpegQuality=95 jpegMode=gray jpegBytes=8053 encodeInputChannels=1 flipMs=2.234 resizeMs=0.000 jpegMs=8.567 tcpSendMs=0.153 queueDepth=0 queueWaitMs=0.001 overwritten=0
[SyncFrame] sourceSeq=2 outputOrdinal=2 inputQueueDepth=1 tcpQueueDepth=0 sourceSeqContinuous=1 videoFpsTarget=60.000 frameMs=14.589 latencyMs=55.302 readbackMs=2.262 flipMs=2.234 resizeMs=0.000 jpegMs=8.567 tcpSendMs=0.153 overrun=0 overwritten=0
[Stage6 MTF] sourceSeq=2 enabled=0 effective=0 mode=GaussianSeparable effectiveMode=GaussianSinglePassSeparableWeights sigmaPixels=0.65 radiusPixels=2 passes=1 applyTo=final_display inputSize=800x800 outputSize=800x800 stage6MtfBlurMs=0 stage6MtfBlurScope=render_pass_upper_bound implementation=single_pass_gpu_separable_weights todo=true_two_pass_separable_if_needed
[Stage6 Noise] sourceSeq=2 enabled=0 effective=0 applyTo=final_display position=BeforeAGC temporalEnabled=1 temporalSigma=0.005 fpnEnabled=0 fpnSigma=0.003 columnEnabled=0 columnSigma=0.002 rowEnabled=0 rowSigma=0.001 badPixelEnabled=0 badPixelRatio=0.0001 seed=12345 stage6DetectorNoiseMs=0 stage6DetectorNoiseScope=render_pass_upper_bound implementation=single_pass_gpu_hash_noise
[Stage6 AGC] sourceSeq=2 enabled=0 effective=0 mode=Percentile statsSource=previous_readback updateHz=30 sampleCount=0 lowPercentile=2 highPercentile=98 lowInput=0 highInput=1 gain=1 offset=0 gainSmoothed=1 offsetSmoothed=0 valid=0 fallbackReason=disabled stage6AgcStatsMs=0
[Stage5 Plume] targetType=0x22 targetPlatID=3 targetID=34 platform=AIM120D engineState=0 band=MWIR coreEnabled=0 haloEnabled=0 coreTempK=0 haloTempK=0 coreGray=0 haloGray=0 coreOpacity=0 haloOpacity=0 coreVisible=0 haloVisible=0 reason=target_not_renderable
[Stage5 Plume] targetType=0x33 targetPlatID=3 targetID=4 platform=AIM9X engineState=0 band=MWIR coreEnabled=0 haloEnabled=0 coreTempK=0 haloTempK=0 coreGray=0 haloGray=0 coreOpacity=0 haloOpacity=0 coreVisible=0 haloVisible=0 reason=target_not_renderable
[Stage5 Plume] targetType=0x33 targetPlatID=3 targetID=34 platform=AIM9X engineState=0 band=MWIR coreEnabled=0 haloEnabled=0 coreTempK=0 haloTempK=0 coreGray=0 haloGray=0 coreOpacity=0 haloOpacity=0 coreVisible=0 haloVisible=0 reason=target_not_renderable
[Stage5 Plume] targetType=0x22 targetPlatID=3 targetID=4 platform=AIM120D engineState=0 band=MWIR coreEnabled=0 haloEnabled=0 coreTempK=0 haloTempK=0 coreGray=0 haloGray=0 coreOpacity=0 haloOpacity=0 coreVisible=0 haloVisible=0 reason=target_not_renderable
[CameraControl] mode=lookat targetPlatID=3 targetID=3 relPitch=-2.67159 relYaw=-2.19784 range=22261.3
[Stage6 FrameDiag] frameIndex=1.78246e+12 packet=5 band=MWIR whiteHot=1 displayGain=1 displayOffset=0 noiseEnable=0 noiseSigmaGray=0 route=final_sensor targetVisibleCount=1 targetMappedCount=5 hiddenByTargetNum=0 hiddenByTargetViewValid=0 hiddenByWeaponViewValid=0 beyondFarClip=4 skyVisible=1 cameraHpr=2.19784,-2.67159,0 sensorFovH=0.0999999 sensorFovV=0.0999999 near=1 far=50000
[ScenePerfProbe] sourceSeq=3 processRealSceneMs=0.257 targetMappingMs=0.158 cameraControlMs=0.020 stage4Stage5UpdateMs=0.820 shaderInputApplyMs=0.413 annotationComputeMs=0.004 annotationBBoxMs=0.000 annotationOcclusionMs=0.000 annotationJsonMs=0.000 pandaDoFrameMs=20.359 readbackMs=2.262 frameCopyMs=0.705 jpegMs=8.567 readbackMode=EveryFrame copyRamAttached=1 quietPerfMode=1 bboxFastMode=mesh_body annotationFastJsonMode=1 annotationOverlayInSensorImage=0 annotationJsonPerFrame=1 bboxUpdateCount=1 bboxReuseCount=2 occlusionUpdateCount=0 occlusionReuseCount=3 targetUpdateCullInvisible=1 targetUpdateTotal=10 targetUpdateVisible=1 targetUpdateSkippedBeyondFar=4 targetUpdateSkippedShaderApply=4
[Stage6 Capture] frameWidth=800 frameHeight=800 tcpWidth=800 tcpHeight=800 renderTextureWidth=800 renderTextureHeight=800 textureCropApplied=0 source=final_sensor channels=RGB8 readbackMode=EveryFrame readbackEveryN=1 copyRamAttached=1 copyRamMode=RTM_copy_ram tcpFrameReused=0 diagnostic_only=0 renderPath=direct_final sourceSeq=3 readbackMs=1.85529 resizeMs=0 frameCopyMs=0.665 tcpQueueDepth=1 annotationJsonPerFrame=1 annotationOverlayInSensorImage=0
[Stage5 PlumePerf] plumeNodeCount=16 visiblePlumeCount=0 textureLoadCountThisFrame=0 updateHz=30 updatePlumeMs=0.009041 updatePlumeMsMax=0.009041 perfBudgetMs=1
[TargetUpdateCull] enabled=1 total=10 visible=1 skippedBeyondFar=4 skippedShaderApply=4 shaderInputApplyMs=0.448872 stage4Stage5UpdateMs=0.892792
[TcpFramePacket] frame=3 imgBytes=8049 annotationBytes=622 targets=1 width=800 height=800
[TcpPerf] sourceSeq=3 outputOrdinal=3 codec=jpeg requestedCodec=jpeg h264En=0 codecFallbackReason=none jpegQuality=95 jpegMode=gray jpegBytes=8049 encodeInputChannels=1 flipMs=2.253 resizeMs=0.000 jpegMs=8.845 tcpSendMs=0.211 queueDepth=0 queueWaitMs=0.001 overwritten=0
[SyncFrame] sourceSeq=3 outputOrdinal=3 inputQueueDepth=2 tcpQueueDepth=0 sourceSeqContinuous=1 videoFpsTarget=60.000 frameMs=14.547 latencyMs=58.949 readbackMs=1.855 flipMs=2.253 resizeMs=0.000 jpegMs=8.845 tcpSendMs=0.211 overrun=0 overwritten=0
[Stage6 MTF] sourceSeq=3 enabled=0 effective=0 mode=GaussianSeparable effectiveMode=GaussianSinglePassSeparableWeights sigmaPixels=0.65 radiusPixels=2 passes=1 applyTo=final_display inputSize=800x800 outputSize=800x800 stage6MtfBlurMs=0 stage6MtfBlurScope=render_pass_upper_bound implementation=single_pass_gpu_separable_weights todo=true_two_pass_separable_if_needed
[Stage6 Noise] sourceSeq=3 enabled=0 effective=0 applyTo=final_display position=BeforeAGC temporalEnabled=1 temporalSigma=0.005 fpnEnabled=0 fpnSigma=0.003 columnEnabled=0 columnSigma=0.002 rowEnabled=0 rowSigma=0.001 badPixelEnabled=0 badPixelRatio=0.0001 seed=12345 stage6DetectorNoiseMs=0 stage6DetectorNoiseScope=render_pass_upper_bound implementation=single_pass_gpu_hash_noise
[Stage6 AGC] sourceSeq=3 enabled=0 effective=0 mode=Percentile statsSource=previous_readback updateHz=30 sampleCount=0 lowPercentile=2 highPercentile=98 lowInput=0 highInput=1 gain=1 offset=0 gainSmoothed=1 offsetSmoothed=0 valid=0 fallbackReason=disabled stage6AgcStatsMs=0
[Stage7 3DSkyGround] reason=runtime enable=1 band=MWIR envTerrain=0 envSky=0 skyGrayRaw=0.65 groundGrayRaw=0.35 skyGrayFinal=0.65 groundGrayFinal=0.35 skyGray=0.65 groundGray=0.35 skyDome=1 lowerShell=1 groundPlane=0 source=env+band_default
[Stage7 Debug] mode=Off skyVisible=1 groundVisible=1 forcedSkyGray=NA forcedGroundGray=NA
[Stage7 Real3DBackground] skyDome=1 lowerShell=1 flatGroundPlane=0 cameraPos=6.17316e-11,13.9033,-0.00489517 backgroundMode=real_3d
[Stage7 GroundReference] mode=reference_zero groundZOffset=0 finalGroundReferenceZ=0
[Stage7 SkyDomeDiag] cameraPos=6.17316e-11,13.9033,-0.00489517 skyDomePos=6.17316e-11,13.9033,-0.00489517 farClipM=50000 skyRadius=42500 radius=42500 radiusSource=farClip_scaled radiusLessThanFarClip=1 twoSided=1 depthWrite=0 depthTest=0
[Stage7 GroundDiag] groundPos=6.17316e-11,13.9033,-0.00489517 farClipM=50000 groundSize=42500 lowerShellRadius=42500 groundZOffset=0 envTerrain=0 groundGray=0.35
[AnnotationCollision] targetID=3 platform=AIM120D triangles=1532 solids=1532 built=1
[AnnotationCollisionCache] platform=AIM120D targetID=3 built=1 reused=0 triangles=1532 solids=1532
[RenderPerfProbe] pandaDoFrameMs=19.494 renderPath=direct_final graphicsOutputCount=1 activeDisplayRegionCount=1 rawPassEnabled=0 finalPassEnabled=1 annotationOverlayEnabled=0 readbackMode=EveryFrame readbackEveryN=1 copyRamAttached=1 copyRamMode=RTM_copy_ram quietPerfMode=1 bboxFastMode=mesh_body processRealSceneMs=0.222 targetMappingMs=0.136 cameraControlMs=0.014 stage4Stage5UpdateMs=1.304 shaderInputApplyMs=0.000 readbackMs=1.935 frameCopyMs=0.688 jpegMs=7.961 annotationMs=0.003 annotationBBoxMs=0.000 annotationOcclusionMs=0.000 annotationJsonMs=0.000 annotationTargets=1 bboxUpdateCount=3 bboxReuseCount=14 occlusionUpdateCount=1 occlusionReuseCount=16 targetUpdateCullInvisible=1 targetUpdateTotal=10 targetUpdateVisible=1 targetUpdateSkippedBeyondFar=4 targetUpdateSkippedShaderApply=4
[AnnotationCollisionCache] platform=AIM120D targetID=3 built=0 reused=1 triangles=1532 solids=1532
[AnnotationCollisionCache] platform=AIM120D targetID=3 built=0 reused=1 triangles=1532 solids=1532
[AnnotationCollisionCache] platform=AIM120D targetID=3 built=0 reused=1 triangles=1532 solids=1532
[AnnotationCollisionCache] platform=AIM120D targetID=3 built=0 reused=1 triangles=1532 solids=1532
[AnnotationCollisionCache] platform=AIM120D targetID=3 built=0 reused=1 triangles=1532 solids=1532
[AnnotationCollisionCache] platform=AIM120D targetID=3 built=0 reused=1 triangles=1532 solids=1532
[AnnotationCollisionCache] platform=AIM120D targetID=3 built=0 reused=1 triangles=1532 solids=1532
接收UDP数据，长度：506字节，来自：192.168.1.188:9999 packet=120
解析UDP数据，flag：0x38 packet=120
[Stage0] Display packet #120: platID=1, sensorID=1, targetNumValid=5, timeMs=1.78246e+12
处理实时成像数据...
实时数据更新完成，时间戳=1.78246e+12ms
[Stage5 Plume] targetType=0x22 targetPlatID=3 targetID=34 platform=AIM120D engineState=0 band=MWIR coreEnabled=0 haloEnabled=0 coreTempK=0 haloTempK=0 coreGray=0 haloGray=0 coreOpacity=0 haloOpacity=0 coreVisible=0 haloVisible=0 reason=target_not_renderable
[Stage5 Plume] targetType=0x33 targetPlatID=3 targetID=4 platform=AIM9X engineState=0 band=MWIR coreEnabled=0 haloEnabled=0 coreTempK=0 haloTempK=0 coreGray=0 haloGray=0 coreOpacity=0 haloOpacity=0 coreVisible=0 haloVisible=0 reason=target_not_renderable
[Stage5 Plume] targetType=0x33 targetPlatID=3 targetID=34 platform=AIM9X engineState=0 band=MWIR coreEnabled=0 haloEnabled=0 coreTempK=0 haloTempK=0 coreGray=0 haloGray=0 coreOpacity=0 haloOpacity=0 coreVisible=0 haloVisible=0 reason=target_not_renderable
[Stage5 Plume] targetType=0x22 targetPlatID=3 targetID=4 platform=AIM120D engineState=0 band=MWIR coreEnabled=0 haloEnabled=0 coreTempK=0 haloTempK=0 coreGray=0 haloGray=0 coreOpacity=0 haloOpacity=0 coreVisible=0 haloVisible=0 reason=target_not_renderable
[CameraControl] mode=lookat targetPlatID=3 targetID=3 relPitch=-3.09849 relYaw=-2.26692 range=21756.9
[Stage6 FrameDiag] frameIndex=1.78246e+12 packet=122 band=MWIR whiteHot=1 displayGain=1 displayOffset=0 noiseEnable=0 noiseSigmaGray=0 route=final_sensor targetVisibleCount=1 targetMappedCount=5 hiddenByTargetNum=0 hiddenByTargetViewValid=0 hiddenByWeaponViewValid=0 beyondFarClip=4 skyVisible=1 cameraHpr=2.26692,-3.09849,0 sensorFovH=0.0999999 sensorFovV=0.0999999 near=1 far=50000
[AnnotationFastPath] enabled=1 frame=120 bboxDue=0 occlusionDue=0 updateProjection=0 reused=1 bboxUpdateHz=10 occlusionUpdateHz=5 reuseLastWhenSkipped=1 drawOverlay=0 jsonPerFrame=1 quietPerfMode=1 bboxUpdateCount=20 bboxReuseCount=100 occlusionUpdateCount=9 occlusionReuseCount=111
[ScenePerfProbe] sourceSeq=120 processRealSceneMs=0.347 targetMappingMs=0.240 cameraControlMs=0.018 stage4Stage5UpdateMs=1.594 shaderInputApplyMs=0.000 annotationComputeMs=0.012 annotationBBoxMs=0.000 annotationOcclusionMs=0.000 annotationJsonMs=0.000 pandaDoFrameMs=16.911 readbackMs=1.849 frameCopyMs=0.689 jpegMs=3.881 readbackMode=EveryFrame copyRamAttached=1 quietPerfMode=1 bboxFastMode=mesh_body annotationFastJsonMode=1 annotationOverlayInSensorImage=0 annotationJsonPerFrame=1 bboxUpdateCount=20 bboxReuseCount=100 occlusionUpdateCount=9 occlusionReuseCount=111 targetUpdateCullInvisible=1 targetUpdateTotal=10 targetUpdateVisible=1 targetUpdateSkippedBeyondFar=4 targetUpdateSkippedShaderApply=4
[Stage6 Capture] frameWidth=800 frameHeight=800 tcpWidth=800 tcpHeight=800 renderTextureWidth=800 renderTextureHeight=800 textureCropApplied=0 source=final_sensor channels=RGB8 readbackMode=EveryFrame readbackEveryN=1 copyRamAttached=1 copyRamMode=RTM_copy_ram tcpFrameReused=0 diagnostic_only=0 renderPath=direct_final sourceSeq=120 readbackMs=1.89088 resizeMs=0 frameCopyMs=0.678709 tcpQueueDepth=1 annotationJsonPerFrame=1 annotationOverlayInSensorImage=0
[TcpFramePacket] frame=120 imgBytes=8413 annotationBytes=630 targets=1 width=800 height=800
[TcpPerf] sourceSeq=120 outputOrdinal=120 codec=jpeg requestedCodec=jpeg h264En=0 codecFallbackReason=none jpegQuality=95 jpegMode=gray jpegBytes=8413 encodeInputChannels=1 flipMs=1.036 resizeMs=0.000 jpegMs=3.868 tcpSendMs=0.079 queueDepth=0 queueWaitMs=0.001 overwritten=0
[SyncFrame] sourceSeq=120 outputOrdinal=120 inputQueueDepth=3 tcpQueueDepth=0 sourceSeqContinuous=1 videoFpsTarget=60.000 frameMs=8.170 latencyMs=54.953 readbackMs=1.891 flipMs=1.036 resizeMs=0.000 jpegMs=3.868 tcpSendMs=0.079 overrun=0 overwritten=0
[Perf] mode=sync videoFpsTarget=60.000 udpFps=60.376 renderFps=59.379 outputFps=59.379 sceneUpdateMs=0.522 annotationMs=0.302 irUpdateMs=0.541 irEnvBuildMs=0.006 stage7SkyGroundMs=0.119 platformRadianceMs=0.053 targetRadianceMs=0.014 stage4HotspotMs=0.279 stage5PlumeMs=0.009 stage5RadianceComponentMs=0.236 stage5AeroThermalMs=0.006 stage5ModtranLookupMs=0.000 shaderInputApplyMs=0.453 shaderInputApplyScope=exclusive stage7SkyGroundScope=inclusive stage4HotspotScope=inclusive shaderInputSetCount=214 shaderInputSkipCount=9688 shaderInputCacheHitRate=97.839 stage5ModtranCacheHitCount=0 stage5ModtranCacheMissCount=0 stage7FullUpdateCount=17 stage7PositionOnlyCount=43 stage7SkipCount=0 stage4UpdateCount=0 stage4SkipCount=300 plumeUpdateMs=0.011 renderMs=16.436 stage6MtfBlurMs=0.000 stage6MtfBlurScope=render_pass_upper_bound mtfBlurEnabled=0 mtfBlurSigmaPixels=0.650 mtfBlurRadiusPixels=2 stage6DetectorNoiseMs=0.000 stage6DetectorNoiseScope=render_pass_upper_bound detectorNoiseEnabled=0 temporalNoiseSigmaGray=0.005 fpnSigmaGray=0.003 columnNoiseSigmaGray=0.002 rowNoiseSigmaGray=0.001 badPixelRatio=0.000 noisePosition=BeforeAGC stage6AgcStatsMs=0.000 stage6AgcApplyMs=0.000 agcEnabled=0 agcMode=Percentile agcGain=1.000 agcOffset=0.000 agcLowInput=0.000 agcHighInput=1.000 agcSampleCount=0 readbackMs=1.943 resizeMs=0.000 frameCopyMs=0.706 jpegMs=7.170 tcpSendMs=0.143 tcpQueueDepth=0 tcpQueueDepthMax=1 inputQueueDepth=3 inputQueueDepthMax=4 sourceSeqLag=3 latencyAvgMs=62.409 latencyMaxMs=72.778 syncOverrunCount=2 inputQueueOverflowCount=0 udpFrames=123 renderFrames=119 outputFrames=120
[Perf][WARN] outputFps=59.379 targetFps=60.000 bottleneckSummary=below_60hz irUpdateMs=0.541 stage5ModtranLookupMs=0.000 stage5RadianceComponentMs=0.236 stage5AeroThermalMs=0.006 stage4HotspotMs=0.279 stage7SkyGroundMs=0.119 shaderInputApplyMs=0.453 annotationMs=0.302 renderMs=16.436 stage6MtfBlurMs=0.000 stage6DetectorNoiseMs=0.000 stage6AgcStatsMs=0.000 readbackMs=1.943 jpegMs=7.170 tcpSendMs=0.143 inputQueueDepth=3 sourceSeqLag=3 note=recorderWriteMs_is_reported_by_VideoDisplay_RecorderPerf
[Stage6 MTF] sourceSeq=120 enabled=0 effective=0 mode=GaussianSeparable effectiveMode=GaussianSinglePassSeparableWeights sigmaPixels=0.65 radiusPixels=2 passes=1 applyTo=final_display inputSize=800x800 outputSize=800x800 stage6MtfBlurMs=0 stage6MtfBlurScope=render_pass_upper_bound implementation=single_pass_gpu_separable_weights todo=true_two_pass_separable_if_needed
[Stage6 Noise] sourceSeq=120 enabled=0 effective=0 applyTo=final_display position=BeforeAGC temporalEnabled=1 temporalSigma=0.005 fpnEnabled=0 fpnSigma=0.003 columnEnabled=0 columnSigma=0.002 rowEnabled=0 rowSigma=0.001 badPixelEnabled=0 badPixelRatio=0.0001 seed=12345 stage6DetectorNoiseMs=0 stage6DetectorNoiseScope=render_pass_upper_bound implementation=single_pass_gpu_hash_noise
[Stage6 AGC] sourceSeq=120 enabled=0 effective=0 mode=Percentile statsSource=previous_readback updateHz=30 sampleCount=0 lowPercentile=2 highPercentile=98 lowInput=0 highInput=1 gain=1 offset=0 gainSmoothed=1 offsetSmoothed=0 valid=0 fallbackReason=disabled stage6AgcStatsMs=0
[RenderPerfProbe] pandaDoFrameMs=16.450 renderPath=direct_final graphicsOutputCount=1 activeDisplayRegionCount=1 rawPassEnabled=0 finalPassEnabled=1 annotationOverlayEnabled=0 readbackMode=EveryFrame readbackEveryN=1 copyRamAttached=1 copyRamMode=RTM_copy_ram quietPerfMode=1 bboxFastMode=mesh_body processRealSceneMs=0.219 targetMappingMs=0.137 cameraControlMs=0.014 stage4Stage5UpdateMs=1.222 shaderInputApplyMs=0.000 readbackMs=1.860 frameCopyMs=0.693 jpegMs=4.240 annotationMs=0.004 annotationBBoxMs=0.000 annotationOcclusionMs=0.000 annotationJsonMs=0.000 annotationTargets=1 bboxUpdateCount=23 bboxReuseCount=114 occlusionUpdateCount=11 occlusionReuseCount=126 targetUpdateCullInvisible=1 targetUpdateTotal=10 targetUpdateVisible=1 targetUpdateSkippedBeyondFar=4 targetUpdateSkippedShaderApply=4
[Stage6 FrameDiag] frameIndex=1.78246e+12 packet=183 band=MWIR whiteHot=1 displayGain=1 displayOffset=0 noiseEnable=0 noiseSigmaGray=0 route=final_sensor targetVisibleCount=2 targetMappedCount=5 hiddenByTargetNum=0 hiddenByTargetViewValid=0 hiddenByWeaponViewValid=0 beyondFarClip=3 skyVisible=1 cameraHpr=2.30093,-3.15268,0 sensorFovH=0.0999999 sensorFovV=0.0999999 near=1 far=50000
[AnnotationCollision] targetID=34 platform=AIM120D triangles=1532 solids=1532 built=1
[AnnotationCollisionCache] platform=AIM120D targetID=34 built=1 reused=0 triangles=1532 solids=1532
接收UDP数据，长度：506字节，来自：192.168.1.188:9999 packet=240
解析UDP数据，flag：0x38 packet=240
[Stage0] Display packet #240: platID=1, sensorID=1, targetNumValid=5, timeMs=1.78246e+12
处理实时成像数据...
实时数据更新完成，时间戳=1.78246e+12ms
[Stage5 PlumePerf] plumeNodeCount=16 visiblePlumeCount=0 textureLoadCountThisFrame=0 updateHz=30 updatePlumeMs=0.0118636 updatePlumeMsMax=0.093916 perfBudgetMs=1
[TargetUpdateCull] enabled=1 total=10 visible=2 skippedBeyondFar=3 skippedShaderApply=3 shaderInputApplyMs=0.963081 stage4Stage5UpdateMs=1.631
[TcpPerf] sourceSeq=239 outputOrdinal=239 codec=jpeg requestedCodec=jpeg h264En=0 codecFallbackReason=none jpegQuality=95 jpegMode=gray jpegBytes=8493 encodeInputChannels=1 flipMs=2.382 resizeMs=0.000 jpegMs=7.483 tcpSendMs=0.145 queueDepth=0 queueWaitMs=0.001 overwritten=0
[Perf] mode=sync videoFpsTarget=60.000 udpFps=59.888 renderFps=59.389 outputFps=59.389 sceneUpdateMs=0.651 annotationMs=0.431 irUpdateMs=0.595 irEnvBuildMs=0.005 stage7SkyGroundMs=0.369 platformRadianceMs=0.025 targetRadianceMs=0.020 stage4HotspotMs=0.309 stage5PlumeMs=0.010 stage5RadianceComponentMs=0.263 stage5AeroThermalMs=0.005 stage5ModtranLookupMs=0.000 shaderInputApplyMs=0.683 shaderInputApplyScope=exclusive stage7SkyGroundScope=inclusive stage4HotspotScope=inclusive shaderInputSetCount=349 shaderInputSkipCount=11953 shaderInputCacheHitRate=97.163 stage5ModtranCacheHitCount=0 stage5ModtranCacheMissCount=0 stage7FullUpdateCount=17 stage7PositionOnlyCount=43 stage7SkipCount=0 stage4UpdateCount=1 stage4SkipCount=299 plumeUpdateMs=0.013 renderMs=16.074 stage6MtfBlurMs=0.000 stage6MtfBlurScope=render_pass_upper_bound mtfBlurEnabled=0 mtfBlurSigmaPixels=0.650 mtfBlurRadiusPixels=2 stage6DetectorNoiseMs=0.000 stage6DetectorNoiseScope=render_pass_upper_bound detectorNoiseEnabled=0 temporalNoiseSigmaGray=0.005 fpnSigmaGray=0.003 columnNoiseSigmaGray=0.002 rowNoiseSigmaGray=0.001 badPixelRatio=0.000 noisePosition=BeforeAGC stage6AgcStatsMs=0.000 stage6AgcApplyMs=0.000 agcEnabled=0 agcMode=Percentile agcGain=1.000 agcOffset=0.000 agcLowInput=0.000 agcHighInput=1.000 agcSampleCount=0 readbackMs=1.917 resizeMs=0.000 frameCopyMs=0.702 jpegMs=7.195 tcpSendMs=0.153 tcpQueueDepth=0 tcpQueueDepthMax=1 inputQueueDepth=4 inputQueueDepthMax=4 sourceSeqLag=4 latencyAvgMs=61.156 latencyMaxMs=76.319 syncOverrunCount=6 inputQueueOverflowCount=0 udpFrames=243 renderFrames=238 outputFrames=239
[Perf][WARN] outputFps=59.389 targetFps=60.000 bottleneckSummary=below_60hz irUpdateMs=0.595 stage5ModtranLookupMs=0.000 stage5RadianceComponentMs=0.263 stage5AeroThermalMs=0.005 stage4HotspotMs=0.309 stage7SkyGroundMs=0.369 shaderInputApplyMs=0.683 annotationMs=0.431 renderMs=16.074 stage6MtfBlurMs=0.000 stage6DetectorNoiseMs=0.000 stage6AgcStatsMs=0.000 readbackMs=1.917 jpegMs=7.195 tcpSendMs=0.153 inputQueueDepth=4 sourceSeqLag=4 note=recorderWriteMs_is_reported_by_VideoDisplay_RecorderPerf
[Stage5 Plume] targetType=0x33 targetPlatID=3 targetID=4 platform=AIM9X engineState=0 band=MWIR coreEnabled=0 haloEnabled=0 coreTempK=0 haloTempK=0 coreGray=0 haloGray=0 coreOpacity=0 haloOpacity=0 coreVisible=0 haloVisible=0 reason=target_not_renderable
[Stage5 Plume] targetType=0x33 targetPlatID=3 targetID=34 platform=AIM9X engineState=0 band=MWIR coreEnabled=0 haloEnabled=0 coreTempK=0 haloTempK=0 coreGray=0 haloGray=0 coreOpacity=0 haloOpacity=0 coreVisible=0 haloVisible=0 reason=target_not_renderable
[Stage5 Plume] targetType=0x22 targetPlatID=3 targetID=4 platform=AIM120D engineState=0 band=MWIR coreEnabled=0 haloEnabled=0 coreTempK=0 haloTempK=0 coreGray=0 haloGray=0 coreOpacity=0 haloOpacity=0 coreVisible=0 haloVisible=0 reason=target_not_renderable
[CameraControl] mode=lookat targetPlatID=3 targetID=3 relPitch=-3.19926 relYaw=-2.32824 range=21235.6
[Stage6 FrameDiag] frameIndex=1.78246e+12 packet=243 band=MWIR whiteHot=1 displayGain=1 displayOffset=0 noiseEnable=0 noiseSigmaGray=0 route=final_sensor targetVisibleCount=2 targetMappedCount=5 hiddenByTargetNum=0 hiddenByTargetViewValid=0 hiddenByWeaponViewValid=0 beyondFarClip=3 skyVisible=1 cameraHpr=2.32824,-3.19926,0 sensorFovH=0.0999999 sensorFovV=0.0999999 near=1 far=50000
[AnnotationFastPath] enabled=1 frame=240 bboxDue=0 occlusionDue=0 updateProjection=0 reused=1 bboxUpdateHz=10 occlusionUpdateHz=5 reuseLastWhenSkipped=1 drawOverlay=0 jsonPerFrame=1 quietPerfMode=1 bboxUpdateCount=40 bboxReuseCount=200 occlusionUpdateCount=19 occlusionReuseCount=221
[ScenePerfProbe] sourceSeq=240 processRealSceneMs=0.348 targetMappingMs=0.213 cameraControlMs=0.019 stage4Stage5UpdateMs=1.473 shaderInputApplyMs=0.000 annotationComputeMs=0.033 annotationBBoxMs=0.000 annotationOcclusionMs=0.000 annotationJsonMs=0.000 pandaDoFrameMs=17.350 readbackMs=2.092 frameCopyMs=0.689 jpegMs=7.483 readbackMode=EveryFrame copyRamAttached=1 quietPerfMode=1 bboxFastMode=mesh_body annotationFastJsonMode=1 annotationOverlayInSensorImage=0 annotationJsonPerFrame=1 bboxUpdateCount=40 bboxReuseCount=200 occlusionUpdateCount=19 occlusionReuseCount=221 targetUpdateCullInvisible=1 targetUpdateTotal=10 targetUpdateVisible=2 targetUpdateSkippedBeyondFar=3 targetUpdateSkippedShaderApply=3
[Stage6 Capture] frameWidth=800 frameHeight=800 tcpWidth=800 tcpHeight=800 renderTextureWidth=800 renderTextureHeight=800 textureCropApplied=0 source=final_sensor channels=RGB8 readbackMode=EveryFrame readbackEveryN=1 copyRamAttached=1 copyRamMode=RTM_copy_ram tcpFrameReused=0 diagnostic_only=0 renderPath=direct_final sourceSeq=240 readbackMs=2.03963 resizeMs=0 frameCopyMs=0.713709 tcpQueueDepth=1 annotationJsonPerFrame=1 annotationOverlayInSensorImage=0
[TcpFramePacket] frame=240 imgBytes=8503 annotationBytes=923 targets=2 width=800 height=800
[TcpPerf] sourceSeq=240 outputOrdinal=240 codec=jpeg requestedCodec=jpeg h264En=0 codecFallbackReason=none jpegQuality=95 jpegMode=gray jpegBytes=8503 encodeInputChannels=1 flipMs=2.213 resizeMs=0.000 jpegMs=9.402 tcpSendMs=0.177 queueDepth=0 queueWaitMs=0.001 overwritten=0
[SyncFrame] sourceSeq=240 outputOrdinal=240 inputQueueDepth=4 tcpQueueDepth=0 sourceSeqContinuous=1 videoFpsTarget=60.000 frameMs=15.428 latencyMs=77.585 readbackMs=2.040 flipMs=2.213 resizeMs=0.000 jpegMs=9.402 tcpSendMs=0.177 overrun=0 overwritten=0
[Stage6 MTF] sourceSeq=240 enabled=0 effective=0 mode=GaussianSeparable effectiveMode=GaussianSinglePassSeparableWeights sigmaPixels=0.65 radiusPixels=2 passes=1 applyTo=final_display inputSize=800x800 outputSize=800x800 stage6MtfBlurMs=0 stage6MtfBlurScope=render_pass_upper_bound implementation=single_pass_gpu_separable_weights todo=true_two_pass_separable_if_needed
[Stage6 Noise] sourceSeq=240 enabled=0 effective=0 applyTo=final_display position=BeforeAGC temporalEnabled=1 temporalSigma=0.005 fpnEnabled=0 fpnSigma=0.003 columnEnabled=0 columnSigma=0.002 rowEnabled=0 rowSigma=0.001 badPixelEnabled=0 badPixelRatio=0.0001 seed=12345 stage6DetectorNoiseMs=0 stage6DetectorNoiseScope=render_pass_upper_bound implementation=single_pass_gpu_hash_noise
[Stage6 AGC] sourceSeq=240 enabled=0 effective=0 mode=Percentile statsSource=previous_readback updateHz=30 sampleCount=0 lowPercentile=2 highPercentile=98 lowInput=0 highInput=1 gain=1 offset=0 gainSmoothed=1 offsetSmoothed=0 valid=0 fallbackReason=disabled stage6AgcStatsMs=0
[RenderPerfProbe] pandaDoFrameMs=15.922 renderPath=direct_final graphicsOutputCount=1 activeDisplayRegionCount=1 rawPassEnabled=0 finalPassEnabled=1 annotationOverlayEnabled=0 readbackMode=EveryFrame readbackEveryN=1 copyRamAttached=1 copyRamMode=RTM_copy_ram quietPerfMode=1 bboxFastMode=mesh_body processRealSceneMs=0.216 targetMappingMs=0.135 cameraControlMs=0.015 stage4Stage5UpdateMs=1.016 shaderInputApplyMs=0.000 readbackMs=1.956 frameCopyMs=0.694 jpegMs=7.690 annotationMs=0.004 annotationBBoxMs=0.000 annotationOcclusionMs=0.000 annotationJsonMs=0.000 annotationTargets=2 bboxUpdateCount=43 bboxReuseCount=214 occlusionUpdateCount=21 occlusionReuseCount=236 targetUpdateCullInvisible=1 targetUpdateTotal=10 targetUpdateVisible=2 targetUpdateSkippedBeyondFar=3 targetUpdateSkippedShaderApply=3
[Stage6 FrameDiag] frameIndex=1.78246e+12 packet=306 band=MWIR whiteHot=1 displayGain=1 displayOffset=0 noiseEnable=0 noiseSigmaGray=0 route=final_sensor targetVisibleCount=3 targetMappedCount=5 hiddenByTargetNum=0 hiddenByTargetViewValid=0 hiddenByWeaponViewValid=0 beyondFarClip=2 skyVisible=1 cameraHpr=2.35463,-3.25139,0 sensorFovH=0.0999999 sensorFovV=0.0999999 near=1 far=50000
[AnnotationCollision] targetID=4 platform=AIM9X triangles=7826 solids=7826 built=1
[AnnotationCollisionCache] platform=AIM9X targetID=4 built=1 reused=0 triangles=7826 solids=7826
[Stage5 Plume] targetType=0x22 targetPlatID=3 targetID=3 platform=AIM120D engineState=1 band=MWIR coreEnabled=1 haloEnabled=1 coreTempK=446.578 haloTempK=382.414 coreGray=0.0132855 haloGray=0.00146165 coreOpacity=1 haloOpacity=0.405 coreVisible=1 haloVisible=1
[Stage5 PlumePerf] plumeNodeCount=16 visiblePlumeCount=2 textureLoadCountThisFrame=0 updateHz=30 updatePlumeMs=0.110833 updatePlumeMsMax=3.04733 perfBudgetMs=1
[SyncFrame][WARN] inputQueueBackpressure sourceSeq=318 backpressureCount=1 queueDepth=16 queueCapacity=16 action=wait_for_space
[SyncFrame][WARN] inputQueueBackpressure sourceSeq=319 backpressureCount=2 queueDepth=16 queueCapacity=16 action=wait_for_space
[SyncFrame][WARN] inputQueueBackpressure sourceSeq=320 backpressureCount=3 queueDepth=16 queueCapacity=16 action=wait_for_space
接收UDP数据，长度：506字节，来自：192.168.1.188:9999 packet=360
解析UDP数据，flag：0x38 packet=360
[Perf] mode=sync videoFpsTarget=60.000 udpFps=56.395 renderFps=50.406 outputFps=49.907 sceneUpdateMs=1.536 annotationMs=1.311 irUpdateMs=1.009 irEnvBuildMs=0.007 stage7SkyGroundMs=1.147 platformRadianceMs=0.015 targetRadianceMs=0.027 stage4HotspotMs=0.333 stage5PlumeMs=0.012 stage5RadianceComponentMs=0.283 stage5AeroThermalMs=0.006 stage5ModtranLookupMs=0.000 shaderInputApplyMs=1.158 shaderInputApplyScope=exclusive stage7SkyGroundScope=inclusive stage4HotspotScope=inclusive shaderInputSetCount=526 shaderInputSkipCount=13822 shaderInputCacheHitRate=96.334 stage5ModtranCacheHitCount=0 stage5ModtranCacheMissCount=0 stage7FullUpdateCount=17 stage7PositionOnlyCount=33 stage7SkipCount=0 stage4UpdateCount=21 stage4SkipCount=229 plumeUpdateMs=0.293 renderMs=18.364 stage6MtfBlurMs=0.000 stage6MtfBlurScope=render_pass_upper_bound mtfBlurEnabled=0 mtfBlurSigmaPixels=0.650 mtfBlurRadiusPixels=2 stage6DetectorNoiseMs=0.000 stage6DetectorNoiseScope=render_pass_upper_bound detectorNoiseEnabled=0 temporalNoiseSigmaGray=0.005 fpnSigmaGray=0.003 columnNoiseSigmaGray=0.002 rowNoiseSigmaGray=0.001 badPixelRatio=0.000 noisePosition=BeforeAGC stage6AgcStatsMs=0.000 stage6AgcApplyMs=0.000 agcEnabled=0 agcMode=Percentile agcGain=1.000 agcOffset=0.000 agcLowInput=0.000 agcHighInput=1.000 agcSampleCount=0 readbackMs=1.921 resizeMs=0.000 frameCopyMs=0.714 jpegMs=5.517 tcpSendMs=0.102 tcpQueueDepth=0 tcpQueueDepthMax=1 inputQueueDepth=16 inputQueueDepthMax=16 sourceSeqLag=17 latencyAvgMs=178.652 latencyMaxMs=341.167 syncOverrunCount=52 inputQueueOverflowCount=0 udpFrames=356 renderFrames=339 outputFrames=339
[Perf][WARN] outputFps=49.907 targetFps=60.000 bottleneckSummary=below_60hz irUpdateMs=1.009 stage5ModtranLookupMs=0.000 stage5RadianceComponentMs=0.283 stage5AeroThermalMs=0.006 stage4HotspotMs=0.333 stage7SkyGroundMs=1.147 shaderInputApplyMs=1.158 annotationMs=1.311 renderMs=18.364 stage6MtfBlurMs=0.000 stage6DetectorNoiseMs=0.000 stage6AgcStatsMs=0.000 readbackMs=1.921 jpegMs=5.517 tcpSendMs=0.102 inputQueueDepth=16 sourceSeqLag=17 note=recorderWriteMs_is_reported_by_VideoDisplay_RecorderPerf
[TcpPerf] sourceSeq=341 outputOrdinal=341 codec=jpeg requestedCodec=jpeg h264En=0 codecFallbackReason=none jpegQuality=95 jpegMode=gray jpegBytes=8290 encodeInputChannels=1 flipMs=1.074 resizeMs=0.000 jpegMs=4.173 tcpSendMs=0.083 queueDepth=0 queueWaitMs=0.001 overwritten=0
[Stage0] Display packet #360: platID=1, sensorID=1, targetNumValid=5, timeMs=1.78246e+12
处理实时成像数据...
实时数据更新完成，时间戳=1.78246e+12ms
实时数据更新完成，时间戳=1.78246e+12ms
[Stage5 Plume] targetType=0x33 targetPlatID=3 targetID=34 platform=AIM9X engineState=0 band=MWIR coreEnabled=0 haloEnabled=0 coreTempK=0 haloTempK=0 coreGray=0 haloGray=0 coreOpacity=0 haloOpacity=0 coreVisible=0 haloVisible=0 reason=target_not_renderable
[Stage5 Plume] targetType=0x22 targetPlatID=3 targetID=4 platform=AIM120D engineState=0 band=MWIR coreEnabled=0 haloEnabled=0 coreTempK=0 haloTempK=0 coreGray=0 haloGray=0 coreOpacity=0 haloOpacity=0 coreVisible=0 haloVisible=0 reason=target_not_renderable
[CameraControl] mode=lookat targetPlatID=3 targetID=3 relPitch=-3.86011 relYaw=-2.37994 range=20709.1
[Stage6 FrameDiag] frameIndex=1.78246e+12 packet=376 band=MWIR whiteHot=1 displayGain=1 displayOffset=0 noiseEnable=0 noiseSigmaGray=0 route=final_sensor targetVisibleCount=3 targetMappedCount=5 hiddenByTargetNum=0 hiddenByTargetViewValid=0 hiddenByWeaponViewValid=0 beyondFarClip=2 skyVisible=1 cameraHpr=2.37994,-3.86011,0 sensorFovH=0.0999999 sensorFovV=0.0999999 near=1 far=50000
[AnnotationFastPath] enabled=1 frame=360 bboxDue=0 occlusionDue=0 updateProjection=0 reused=1 bboxUpdateHz=10 occlusionUpdateHz=5 reuseLastWhenSkipped=1 drawOverlay=0 jsonPerFrame=1 quietPerfMode=1 bboxUpdateCount=60 bboxReuseCount=300 occlusionUpdateCount=29 occlusionReuseCount=331
[ScenePerfProbe] sourceSeq=360 processRealSceneMs=0.330 targetMappingMs=0.221 cameraControlMs=0.020 stage4Stage5UpdateMs=2.386 shaderInputApplyMs=0.000 annotationComputeMs=0.012 annotationBBoxMs=0.000 annotationOcclusionMs=0.000 annotationJsonMs=0.000 pandaDoFrameMs=18.205 readbackMs=1.885 frameCopyMs=0.706 jpegMs=6.894 readbackMode=EveryFrame copyRamAttached=1 quietPerfMode=1 bboxFastMode=mesh_body annotationFastJsonMode=1 annotationOverlayInSensorImage=0 annotationJsonPerFrame=1 bboxUpdateCount=60 bboxReuseCount=300 occlusionUpdateCount=29 occlusionReuseCount=331 targetUpdateCullInvisible=1 targetUpdateTotal=10 targetUpdateVisible=3 targetUpdateSkippedBeyondFar=2 targetUpdateSkippedShaderApply=2
[Stage6 Capture] frameWidth=800 frameHeight=800 tcpWidth=800 tcpHeight=800 renderTextureWidth=800 renderTextureHeight=800 textureCropApplied=0 source=final_sensor channels=RGB8 readbackMode=EveryFrame readbackEveryN=1 copyRamAttached=1 copyRamMode=RTM_copy_ram tcpFrameReused=0 diagnostic_only=0 renderPath=direct_final sourceSeq=360 readbackMs=1.90663 resizeMs=0 frameCopyMs=0.687459 tcpQueueDepth=1 annotationJsonPerFrame=1 annotationOverlayInSensorImage=0
[TcpFramePacket] frame=360 imgBytes=8338 annotationBytes=1213 targets=3 width=800 height=800
[TcpPerf] sourceSeq=360 outputOrdinal=360 codec=jpeg requestedCodec=jpeg h264En=0 codecFallbackReason=none jpegQuality=95 jpegMode=gray jpegBytes=8338 encodeInputChannels=1 flipMs=1.001 resizeMs=0.000 jpegMs=4.320 tcpSendMs=0.079 queueDepth=0 queueWaitMs=0.001 overwritten=0
[SyncFrame] sourceSeq=360 outputOrdinal=360 inputQueueDepth=16 tcpQueueDepth=0 sourceSeqContinuous=1 videoFpsTarget=60.000 frameMs=8.679 latencyMs=343.327 readbackMs=1.907 flipMs=1.001 resizeMs=0.000 jpegMs=4.320 tcpSendMs=0.079 overrun=0 overwritten=0
[Stage6 MTF] sourceSeq=360 enabled=0 effective=0 mode=GaussianSeparable effectiveMode=GaussianSinglePassSeparableWeights sigmaPixels=0.65 radiusPixels=2 passes=1 applyTo=final_display inputSize=800x800 outputSize=800x800 stage6MtfBlurMs=0 stage6MtfBlurScope=render_pass_upper_bound implementation=single_pass_gpu_separable_weights todo=true_two_pass_separable_if_needed
[Stage6 Noise] sourceSeq=360 enabled=0 effective=0 applyTo=final_display position=BeforeAGC temporalEnabled=1 temporalSigma=0.005 fpnEnabled=0 fpnSigma=0.003 columnEnabled=0 columnSigma=0.002 rowEnabled=0 rowSigma=0.001 badPixelEnabled=0 badPixelRatio=0.0001 seed=12345 stage6DetectorNoiseMs=0 stage6DetectorNoiseScope=render_pass_upper_bound implementation=single_pass_gpu_hash_noise
[Stage6 AGC] sourceSeq=360 enabled=0 effective=0 mode=Percentile statsSource=previous_readback updateHz=30 sampleCount=0 lowPercentile=2 highPercentile=98 lowInput=0 highInput=1 gain=1 offset=0 gainSmoothed=1 offsetSmoothed=0 valid=0 fallbackReason=disabled stage6AgcStatsMs=0
[RenderPerfProbe] pandaDoFrameMs=17.879 renderPath=direct_final graphicsOutputCount=1 activeDisplayRegionCount=1 rawPassEnabled=0 finalPassEnabled=1 annotationOverlayEnabled=0 readbackMode=EveryFrame readbackEveryN=1 copyRamAttached=1 copyRamMode=RTM_copy_ram quietPerfMode=1 bboxFastMode=mesh_body processRealSceneMs=0.236 targetMappingMs=0.153 cameraControlMs=0.013 stage4Stage5UpdateMs=2.294 shaderInputApplyMs=0.000 readbackMs=1.774 frameCopyMs=0.698 jpegMs=4.685 annotationMs=0.003 annotationBBoxMs=0.000 annotationOcclusionMs=0.000 annotationJsonMs=0.000 annotationTargets=3 bboxUpdateCount=63 bboxReuseCount=314 occlusionUpdateCount=31 occlusionReuseCount=346 targetUpdateCullInvisible=1 targetUpdateTotal=10 targetUpdateVisible=3 targetUpdateSkippedBeyondFar=2 targetUpdateSkippedShaderApply=2
[SyncFrame][WARN] inputQueueBackpressure sourceSeq=437 backpressureCount=120 queueDepth=16 queueCapacity=16 action=wait_for_space
[Stage6 FrameDiag] frameIndex=1.78246e+12 packet=437 band=MWIR whiteHot=1 displayGain=1 displayOffset=0 noiseEnable=0 noiseSigmaGray=0 route=final_sensor targetVisibleCount=4 targetMappedCount=5 hiddenByTargetNum=0 hiddenByTargetViewValid=0 hiddenByWeaponViewValid=0 beyondFarClip=1 skyVisible=1 cameraHpr=2.80729,-4.97874,0 sensorFovH=0.0999999 sensorFovV=0.0999999 near=1 far=50000
[AnnotationCollision] targetID=34 platform=AIM9X triangles=7826 solids=7826 built=1
[AnnotationCollisionCache] platform=AIM9X targetID=34 built=1 reused=0 triangles=7826 solids=7826
[Perf] mode=sync videoFpsTarget=60.000 udpFps=49.371 renderFps=48.877 outputFps=49.371 sceneUpdateMs=2.555 annotationMs=2.325 irUpdateMs=1.239 irEnvBuildMs=0.006 stage7SkyGroundMs=1.040 platformRadianceMs=0.015 targetRadianceMs=0.048 stage4HotspotMs=0.666 stage5PlumeMs=0.428 stage5RadianceComponentMs=0.539 stage5AeroThermalMs=0.007 stage5ModtranLookupMs=0.000 shaderInputApplyMs=1.580 shaderInputApplyScope=exclusive stage7SkyGroundScope=inclusive stage4HotspotScope=inclusive shaderInputSetCount=636 shaderInputSkipCount=16720 shaderInputCacheHitRate=96.336 stage5ModtranCacheHitCount=0 stage5ModtranCacheMissCount=0 stage7FullUpdateCount=16 stage7PositionOnlyCount=34 stage7SkipCount=0 stage4UpdateCount=51 stage4SkipCount=199 plumeUpdateMs=0.485 renderMs=17.606 stage6MtfBlurMs=0.000 stage6MtfBlurScope=render_pass_upper_bound mtfBlurEnabled=0 mtfBlurSigmaPixels=0.650 mtfBlurRadiusPixels=2 stage6DetectorNoiseMs=0.000 stage6DetectorNoiseScope=render_pass_upper_bound detectorNoiseEnabled=0 temporalNoiseSigmaGray=0.005 fpnSigmaGray=0.003 columnNoiseSigmaGray=0.002 rowNoiseSigmaGray=0.001 badPixelRatio=0.000 noisePosition=BeforeAGC stage6AgcStatsMs=0.000 stage6AgcApplyMs=0.000 agcEnabled=0 agcMode=Percentile agcGain=1.000 agcOffset=0.000 agcLowInput=0.000 agcHighInput=1.000 agcSampleCount=0 readbackMs=1.940 resizeMs=0.000 frameCopyMs=0.715 jpegMs=6.646 tcpSendMs=0.088 tcpQueueDepth=0 tcpQueueDepthMax=1 inputQueueDepth=16 inputQueueDepthMax=16 sourceSeqLag=17 latencyAvgMs=354.284 latencyMaxMs=428.840 syncOverrunCount=170 inputQueueOverflowCount=0 udpFrames=456 renderFrames=438 outputFrames=439
[Perf][WARN] outputFps=49.371 targetFps=60.000 bottleneckSummary=below_60hz irUpdateMs=1.239 stage5ModtranLookupMs=0.000 stage5RadianceComponentMs=0.539 stage5AeroThermalMs=0.007 stage4HotspotMs=0.666 stage7SkyGroundMs=1.040 shaderInputApplyMs=1.580 annotationMs=2.325 renderMs=17.606 stage6MtfBlurMs=0.000 stage6DetectorNoiseMs=0.000 stage6AgcStatsMs=0.000 readbackMs=1.940 jpegMs=6.646 tcpSendMs=0.088 inputQueueDepth=16 sourceSeqLag=17 note=recorderWriteMs_is_reported_by_VideoDisplay_RecorderPerf
[TcpPerf] sourceSeq=458 outputOrdinal=458 codec=jpeg requestedCodec=jpeg h264En=0 codecFallbackReason=none jpegQuality=95 jpegMode=gray jpegBytes=9167 encodeInputChannels=1 flipMs=1.012 resizeMs=0.000 jpegMs=5.784 tcpSendMs=0.086 queueDepth=0 queueWaitMs=0.002 overwritten=0
接收UDP数据，长度：506字节，来自：192.168.1.188:9999 packet=480
解析UDP数据，flag：0x38 packet=480
[Stage0] Display packet #480: platID=1, sensorID=1, targetNumValid=5, timeMs=1.78246e+12
处理实时成像数据...
实时数据更新完成，时间戳=1.78246e+12ms
实时数据更新完成，时间戳=1.78246e+12ms
[Stage5 PlumePerf] plumeNodeCount=16 visiblePlumeCount=2 textureLoadCountThisFrame=0 updateHz=30 updatePlumeMs=0.460992 updatePlumeMsMax=0.722751 perfBudgetMs=1
[TargetUpdateCull] enabled=1 total=10 visible=4 skippedBeyondFar=1 skippedShaderApply=1 shaderInputApplyMs=1.66833 stage4Stage5UpdateMs=2.78979
[Stage5 Plume] targetType=0x22 targetPlatID=3 targetID=4 platform=AIM120D engineState=0 band=MWIR coreEnabled=0 haloEnabled=0 coreTempK=0 haloTempK=0 coreGray=0 haloGray=0 coreOpacity=0 haloOpacity=0 coreVisible=0 haloVisible=0 reason=target_not_renderable
[CameraControl] mode=lookat targetPlatID=3 targetID=3 relPitch=-4.30625 relYaw=-3.6525 range=20177.7
[Stage6 FrameDiag] frameIndex=1.78246e+12 packet=496 band=MWIR whiteHot=1 displayGain=1 displayOffset=0 noiseEnable=0 noiseSigmaGray=0 route=final_sensor targetVisibleCount=4 targetMappedCount=5 hiddenByTargetNum=0 hiddenByTargetViewValid=0 hiddenByWeaponViewValid=0 beyondFarClip=1 skyVisible=1 cameraHpr=3.6525,-4.30625,0 sensorFovH=0.0999999 sensorFovV=0.0999999 near=1 far=50000
[AnnotationFastPath] enabled=1 frame=480 bboxDue=0 occlusionDue=0 updateProjection=0 reused=1 bboxUpdateHz=10 occlusionUpdateHz=5 reuseLastWhenSkipped=1 drawOverlay=0 jsonPerFrame=1 quietPerfMode=1 bboxUpdateCount=80 bboxReuseCount=400 occlusionUpdateCount=39 occlusionReuseCount=441
[ScenePerfProbe] sourceSeq=480 processRealSceneMs=0.315 targetMappingMs=0.205 cameraControlMs=0.020 stage4Stage5UpdateMs=2.281 shaderInputApplyMs=0.000 annotationComputeMs=0.011 annotationBBoxMs=0.000 annotationOcclusionMs=0.000 annotationJsonMs=0.000 pandaDoFrameMs=19.511 readbackMs=2.938 frameCopyMs=0.765 jpegMs=12.147 readbackMode=EveryFrame copyRamAttached=1 quietPerfMode=1 bboxFastMode=mesh_body annotationFastJsonMode=1 annotationOverlayInSensorImage=0 annotationJsonPerFrame=1 bboxUpdateCount=80 bboxReuseCount=400 occlusionUpdateCount=39 occlusionReuseCount=441 targetUpdateCullInvisible=1 targetUpdateTotal=10 targetUpdateVisible=4 targetUpdateSkippedBeyondFar=1 targetUpdateSkippedShaderApply=1
[Stage6 Capture] frameWidth=800 frameHeight=800 tcpWidth=800 tcpHeight=800 renderTextureWidth=800 renderTextureHeight=800 textureCropApplied=0 source=final_sensor channels=RGB8 readbackMode=EveryFrame readbackEveryN=1 copyRamAttached=1 copyRamMode=RTM_copy_ram tcpFrameReused=0 diagnostic_only=0 renderPath=direct_final sourceSeq=480 readbackMs=1.91071 resizeMs=0 frameCopyMs=0.731792 tcpQueueDepth=1 annotationJsonPerFrame=1 annotationOverlayInSensorImage=0
[TcpFramePacket] frame=480 imgBytes=9189 annotationBytes=1504 targets=4 width=800 height=800
[TcpPerf] sourceSeq=480 outputOrdinal=480 codec=jpeg requestedCodec=jpeg h264En=0 codecFallbackReason=none jpegQuality=95 jpegMode=gray jpegBytes=9189 encodeInputChannels=1 flipMs=0.926 resizeMs=0.000 jpegMs=4.311 tcpSendMs=0.078 queueDepth=0 queueWaitMs=0.001 overwritten=0
[SyncFrame] sourceSeq=480 outputOrdinal=480 inputQueueDepth=16 tcpQueueDepth=0 sourceSeqContinuous=1 videoFpsTarget=60.000 frameMs=8.596 latencyMs=363.915 readbackMs=1.911 flipMs=0.926 resizeMs=0.000 jpegMs=4.311 tcpSendMs=0.078 overrun=0 overwritten=0
[Stage6 MTF] sourceSeq=480 enabled=0 effective=0 mode=GaussianSeparable effectiveMode=GaussianSinglePassSeparableWeights sigmaPixels=0.65 radiusPixels=2 passes=1 applyTo=final_display inputSize=800x800 outputSize=800x800 stage6MtfBlurMs=0 stage6MtfBlurScope=render_pass_upper_bound implementation=single_pass_gpu_separable_weights todo=true_two_pass_separable_if_needed
[Stage6 Noise] sourceSeq=480 enabled=0 effective=0 applyTo=final_display position=BeforeAGC temporalEnabled=1 temporalSigma=0.005 fpnEnabled=0 fpnSigma=0.003 columnEnabled=0 columnSigma=0.002 rowEnabled=0 rowSigma=0.001 badPixelEnabled=0 badPixelRatio=0.0001 seed=12345 stage6DetectorNoiseMs=0 stage6DetectorNoiseScope=render_pass_upper_bound implementation=single_pass_gpu_hash_noise
[Stage6 AGC] sourceSeq=480 enabled=0 effective=0 mode=Percentile statsSource=previous_readback updateHz=30 sampleCount=0 lowPercentile=2 highPercentile=98 lowInput=0 highInput=1 gain=1 offset=0 gainSmoothed=1 offsetSmoothed=0 valid=0 fallbackReason=disabled stage6AgcStatsMs=0
[RenderPerfProbe] pandaDoFrameMs=18.359 renderPath=direct_final graphicsOutputCount=1 activeDisplayRegionCount=1 rawPassEnabled=0 finalPassEnabled=1 annotationOverlayEnabled=0 readbackMode=EveryFrame readbackEveryN=1 copyRamAttached=1 copyRamMode=RTM_copy_ram quietPerfMode=1 bboxFastMode=mesh_body processRealSceneMs=0.226 targetMappingMs=0.144 cameraControlMs=0.013 stage4Stage5UpdateMs=2.315 shaderInputApplyMs=0.000 readbackMs=1.895 frameCopyMs=0.739 jpegMs=5.415 annotationMs=0.004 annotationBBoxMs=0.000 annotationOcclusionMs=0.000 annotationJsonMs=0.000 annotationTargets=4 bboxUpdateCount=83 bboxReuseCount=414 occlusionUpdateCount=41 occlusionReuseCount=456 targetUpdateCullInvisible=1 targetUpdateTotal=10 targetUpdateVisible=4 targetUpdateSkippedBeyondFar=1 targetUpdateSkippedShaderApply=1
[Perf] mode=sync videoFpsTarget=60.000 udpFps=48.822 renderFps=48.822 outputFps=48.822 sceneUpdateMs=2.719 annotationMs=2.488 irUpdateMs=1.193 irEnvBuildMs=0.005 stage7SkyGroundMs=1.054 platformRadianceMs=0.015 targetRadianceMs=0.058 stage4HotspotMs=0.732 stage5PlumeMs=0.218 stage5RadianceComponentMs=0.589 stage5AeroThermalMs=0.009 stage5ModtranLookupMs=0.000 shaderInputApplyMs=1.657 shaderInputApplyScope=exclusive stage7SkyGroundScope=inclusive stage4HotspotScope=inclusive shaderInputSetCount=622 shaderInputSkipCount=19742 shaderInputCacheHitRate=96.946 stage5ModtranCacheHitCount=0 stage5ModtranCacheMissCount=0 stage7FullUpdateCount=17 stage7PositionOnlyCount=32 stage7SkipCount=0 stage4UpdateCount=49 stage4SkipCount=196 plumeUpdateMs=0.287 renderMs=17.730 stage6MtfBlurMs=0.000 stage6MtfBlurScope=render_pass_upper_bound mtfBlurEnabled=0 mtfBlurSigmaPixels=0.650 mtfBlurRadiusPixels=2 stage6DetectorNoiseMs=0.000 stage6DetectorNoiseScope=render_pass_upper_bound detectorNoiseEnabled=0 temporalNoiseSigmaGray=0.005 fpnSigmaGray=0.003 columnNoiseSigmaGray=0.002 rowNoiseSigmaGray=0.001 badPixelRatio=0.000 noisePosition=BeforeAGC stage6AgcStatsMs=0.000 stage6AgcApplyMs=0.000 agcEnabled=0 agcMode=Percentile agcGain=1.000 agcOffset=0.000 agcLowInput=0.000 agcHighInput=1.000 agcSampleCount=0 readbackMs=1.944 resizeMs=0.000 frameCopyMs=0.740 jpegMs=7.718 tcpSendMs=0.087 tcpQueueDepth=0 tcpQueueDepthMax=1 inputQueueDepth=16 inputQueueDepthMax=16 sourceSeqLag=17 latencyAvgMs=363.300 latencyMaxMs=373.189 syncOverrunCount=295 inputQueueOverflowCount=0 udpFrames=554 renderFrames=536 outputFrames=537
[Perf][WARN] outputFps=48.822 targetFps=60.000 bottleneckSummary=below_60hz irUpdateMs=1.193 stage5ModtranLookupMs=0.000 stage5RadianceComponentMs=0.589 stage5AeroThermalMs=0.009 stage4HotspotMs=0.732 stage7SkyGroundMs=1.054 shaderInputApplyMs=1.657 annotationMs=2.488 renderMs=17.730 stage6MtfBlurMs=0.000 stage6DetectorNoiseMs=0.000 stage6AgcStatsMs=0.000 readbackMs=1.944 jpegMs=7.718 tcpSendMs=0.087 inputQueueDepth=16 sourceSeqLag=17 note=recorderWriteMs_is_reported_by_VideoDisplay_RecorderPerf
[Stage6 FrameDiag] frameIndex=1.78246e+12 packet=556 band=MWIR whiteHot=1 displayGain=1 displayOffset=0 noiseEnable=0 noiseSigmaGray=0 route=final_sensor targetVisibleCount=5 targetMappedCount=5 hiddenByTargetNum=0 hiddenByTargetViewValid=0 hiddenByWeaponViewValid=0 beyondFarClip=0 skyVisible=1 cameraHpr=3.72216,-3.9577,0 sensorFovH=0.0999999 sensorFovV=0.0999999 near=1 far=50000
[SyncFrame][WARN] inputQueueBackpressure sourceSeq=557 backpressureCount=240 queueDepth=16 queueCapacity=16 action=wait_for_space
[AnnotationCollision] targetID=4 platform=AIM120D triangles=1532 solids=1532 built=1
[AnnotationCollisionCache] platform=AIM120D targetID=4 built=1 reused=0 triangles=1532 solids=1532
[TcpPerf] sourceSeq=575 outputOrdinal=575 codec=jpeg requestedCodec=jpeg h264En=0 codecFallbackReason=none jpegQuality=95 jpegMode=gray jpegBytes=9272 encodeInputChannels=1 flipMs=0.972 resizeMs=0.000 jpegMs=10.403 tcpSendMs=0.165 queueDepth=0 queueWaitMs=0.001 overwritten=0
[AnnotationCollisionCache] platform=AIM120D targetID=3 built=0 reused=1 triangles=1532 solids=1532
接收UDP数据，长度：506字节，来自：192.168.1.188:9999 packet=600
解析UDP数据，flag：0x38 packet=600
[Stage0] Display packet #600: platID=1, sensorID=1, targetNumValid=5, timeMs=1.78246e+12
处理实时成像数据...
实时数据更新完成，时间戳=1.78246e+12ms
实时数据更新完成，时间戳=1.78246e+12ms
[CameraControl] mode=lookat targetPlatID=3 targetID=3 relPitch=-4.0764 relYaw=-3.46945 range=19639.4
[Stage6 FrameDiag] frameIndex=1.78246e+12 packet=616 band=MWIR whiteHot=1 displayGain=1 displayOffset=0 noiseEnable=0 noiseSigmaGray=0 route=final_sensor targetVisibleCount=5 targetMappedCount=5 hiddenByTargetNum=0 hiddenByTargetViewValid=0 hiddenByWeaponViewValid=0 beyondFarClip=0 skyVisible=1 cameraHpr=3.46945,-4.0764,0 sensorFovH=0.0999999 sensorFovV=0.0999999 near=1 far=50000
[AnnotationFastPath] enabled=1 frame=600 bboxDue=0 occlusionDue=0 updateProjection=0 reused=1 bboxUpdateHz=10 occlusionUpdateHz=5 reuseLastWhenSkipped=1 drawOverlay=0 jsonPerFrame=1 quietPerfMode=1 bboxUpdateCount=100 bboxReuseCount=500 occlusionUpdateCount=49 occlusionReuseCount=551
[ScenePerfProbe] sourceSeq=600 processRealSceneMs=0.310 targetMappingMs=0.138 cameraControlMs=0.071 stage4Stage5UpdateMs=2.624 shaderInputApplyMs=0.000 annotationComputeMs=0.011 annotationBBoxMs=0.000 annotationOcclusionMs=0.000 annotationJsonMs=0.000 pandaDoFrameMs=18.781 readbackMs=2.012 frameCopyMs=0.724 jpegMs=4.093 readbackMode=EveryFrame copyRamAttached=1 quietPerfMode=1 bboxFastMode=mesh_body annotationFastJsonMode=1 annotationOverlayInSensorImage=0 annotationJsonPerFrame=1 bboxUpdateCount=100 bboxReuseCount=500 occlusionUpdateCount=49 occlusionReuseCount=551 targetUpdateCullInvisible=1 targetUpdateTotal=10 targetUpdateVisible=5 targetUpdateSkippedBeyondFar=0 targetUpdateSkippedShaderApply=0
[Stage6 Capture] frameWidth=800 frameHeight=800 tcpWidth=800 tcpHeight=800 renderTextureWidth=800 renderTextureHeight=800 textureCropApplied=0 source=final_sensor channels=RGB8 readbackMode=EveryFrame readbackEveryN=1 copyRamAttached=1 copyRamMode=RTM_copy_ram tcpFrameReused=0 diagnostic_only=0 renderPath=direct_final sourceSeq=600 readbackMs=1.98333 resizeMs=0 frameCopyMs=0.7105 tcpQueueDepth=1 annotationJsonPerFrame=1 annotationOverlayInSensorImage=0
[TcpFramePacket] frame=600 imgBytes=9264 annotationBytes=1796 targets=5 width=800 height=800
[TcpPerf] sourceSeq=600 outputOrdinal=600 codec=jpeg requestedCodec=jpeg h264En=0 codecFallbackReason=none jpegQuality=95 jpegMode=gray jpegBytes=9264 encodeInputChannels=1 flipMs=1.140 resizeMs=0.000 jpegMs=9.659 tcpSendMs=0.082 queueDepth=0 queueWaitMs=0.001 overwritten=0
[SyncFrame] sourceSeq=600 outputOrdinal=600 inputQueueDepth=16 tcpQueueDepth=0 sourceSeqContinuous=1 videoFpsTarget=60.000 frameMs=14.506 latencyMs=372.816 readbackMs=1.983 flipMs=1.140 resizeMs=0.000 jpegMs=9.659 tcpSendMs=0.082 overrun=0 overwritten=0
[Stage6 MTF] sourceSeq=600 enabled=0 effective=0 mode=GaussianSeparable effectiveMode=GaussianSinglePassSeparableWeights sigmaPixels=0.65 radiusPixels=2 passes=1 applyTo=final_display inputSize=800x800 outputSize=800x800 stage6MtfBlurMs=0 stage6MtfBlurScope=render_pass_upper_bound implementation=single_pass_gpu_separable_weights todo=true_two_pass_separable_if_needed
[Stage6 Noise] sourceSeq=600 enabled=0 effective=0 applyTo=final_display position=BeforeAGC temporalEnabled=1 temporalSigma=0.005 fpnEnabled=0 fpnSigma=0.003 columnEnabled=0 columnSigma=0.002 rowEnabled=0 rowSigma=0.001 badPixelEnabled=0 badPixelRatio=0.0001 seed=12345 stage6DetectorNoiseMs=0 stage6DetectorNoiseScope=render_pass_upper_bound implementation=single_pass_gpu_hash_noise
[Stage6 AGC] sourceSeq=600 enabled=0 effective=0 mode=Percentile statsSource=previous_readback updateHz=30 sampleCount=0 lowPercentile=2 highPercentile=98 lowInput=0 highInput=1 gain=1 offset=0 gainSmoothed=1 offsetSmoothed=0 valid=0 fallbackReason=disabled stage6AgcStatsMs=0
[RenderPerfProbe] pandaDoFrameMs=18.828 renderPath=direct_final graphicsOutputCount=1 activeDisplayRegionCount=1 rawPassEnabled=0 finalPassEnabled=1 annotationOverlayEnabled=0 readbackMode=EveryFrame readbackEveryN=1 copyRamAttached=1 copyRamMode=RTM_copy_ram quietPerfMode=1 bboxFastMode=mesh_body processRealSceneMs=0.230 targetMappingMs=0.140 cameraControlMs=0.015 stage4Stage5UpdateMs=2.778 shaderInputApplyMs=0.000 readbackMs=1.940 frameCopyMs=0.698 jpegMs=6.822 annotationMs=0.004 annotationBBoxMs=0.000 annotationOcclusionMs=0.000 annotationJsonMs=0.000 annotationTargets=5 bboxUpdateCount=103 bboxReuseCount=514 occlusionUpdateCount=51 occlusionReuseCount=566 targetUpdateCullInvisible=1 targetUpdateTotal=10 targetUpdateVisible=5 targetUpdateSkippedBeyondFar=0 targetUpdateSkippedShaderApply=0
[Perf] mode=sync videoFpsTarget=60.000 udpFps=46.934 renderFps=46.934 outputFps=46.934 sceneUpdateMs=3.159 annotationMs=2.936 irUpdateMs=1.324 irEnvBuildMs=0.006 stage7SkyGroundMs=1.068 platformRadianceMs=0.014 targetRadianceMs=0.065 stage4HotspotMs=0.831 stage5PlumeMs=0.223 stage5RadianceComponentMs=0.679 stage5AeroThermalMs=0.011 stage5ModtranLookupMs=0.000 shaderInputApplyMs=1.793 shaderInputApplyScope=exclusive stage7SkyGroundScope=inclusive stage4HotspotScope=inclusive shaderInputSetCount=758 shaderInputSkipCount=22238 shaderInputCacheHitRate=96.704 stage5ModtranCacheHitCount=0 stage5ModtranCacheMissCount=0 stage7FullUpdateCount=15 stage7PositionOnlyCount=32 stage7SkipCount=0 stage4UpdateCount=45 stage4SkipCount=190 plumeUpdateMs=0.300 renderMs=17.984 stage6MtfBlurMs=0.000 stage6MtfBlurScope=render_pass_upper_bound mtfBlurEnabled=0 mtfBlurSigmaPixels=0.650 mtfBlurRadiusPixels=2 stage6DetectorNoiseMs=0.000 stage6DetectorNoiseScope=render_pass_upper_bound detectorNoiseEnabled=0 temporalNoiseSigmaGray=0.005 fpnSigmaGray=0.003 columnNoiseSigmaGray=0.002 rowNoiseSigmaGray=0.001 badPixelRatio=0.000 noisePosition=BeforeAGC stage6AgcStatsMs=0.000 stage6AgcApplyMs=0.000 agcEnabled=0 agcMode=Percentile agcGain=1.000 agcOffset=0.000 agcLowInput=0.000 agcHighInput=1.000 agcSampleCount=0 readbackMs=1.968 resizeMs=0.000 frameCopyMs=0.721 jpegMs=7.539 tcpSendMs=0.090 tcpQueueDepth=0 tcpQueueDepthMax=1 inputQueueDepth=16 inputQueueDepthMax=16 sourceSeqLag=17 latencyAvgMs=373.397 latencyMaxMs=390.541 syncOverrunCount=410 inputQueueOverflowCount=0 udpFrames=648 renderFrames=630 outputFrames=631
[Perf][WARN] outputFps=46.934 targetFps=60.000 bottleneckSummary=below_60hz irUpdateMs=1.324 stage5ModtranLookupMs=0.000 stage5RadianceComponentMs=0.679 stage5AeroThermalMs=0.011 stage4HotspotMs=0.831 stage7SkyGroundMs=1.068 shaderInputApplyMs=1.793 annotationMs=2.936 renderMs=17.984 stage6MtfBlurMs=0.000 stage6DetectorNoiseMs=0.000 stage6AgcStatsMs=0.000 readbackMs=1.968 jpegMs=7.539 tcpSendMs=0.090 inputQueueDepth=16 sourceSeqLag=17 note=recorderWriteMs_is_reported_by_VideoDisplay_RecorderPerf
[SyncFrame][WARN] inputQueueBackpressure sourceSeq=677 backpressureCount=360 queueDepth=16 queueCapacity=16 action=wait_for_space
[TcpPerf] sourceSeq=696 outputOrdinal=696 codec=jpeg requestedCodec=jpeg h264En=0 codecFallbackReason=none jpegQuality=95 jpegMode=gray jpegBytes=8666 encodeInputChannels=1 flipMs=0.985 resizeMs=0.000 jpegMs=3.629 tcpSendMs=0.178 queueDepth=0 queueWaitMs=0.001 overwritten=0
接收UDP数据，长度：506字节，来自：192.168.1.188:9999 packet=720
解析UDP数据，flag：0x38 packet=720
[Stage0] Display packet #720: platID=1, sensorID=1, targetNumValid=5, timeMs=1.78246e+12
处理实时成像数据...
实时数据更新完成，时间戳=1.78246e+12ms
实时数据更新完成，时间戳=1.78246e+12ms
[Stage5 PlumePerf] plumeNodeCount=16 visiblePlumeCount=2 textureLoadCountThisFrame=0 updateHz=30 updatePlumeMs=0.293273 updatePlumeMsMax=0.54075 perfBudgetMs=1
[TargetUpdateCull] enabled=1 total=10 visible=5 skippedBeyondFar=0 skippedShaderApply=0 shaderInputApplyMs=1.65754 stage4Stage5UpdateMs=2.72796
[CameraControl] mode=lookat targetPlatID=3 targetID=34 relPitch=-6.19815 relYaw=-2.7963 range=19094.3
[Stage6 FrameDiag] frameIndex=1.78246e+12 packet=736 band=MWIR whiteHot=1 displayGain=1 displayOffset=0 noiseEnable=0 noiseSigmaGray=0 route=final_sensor targetVisibleCount=5 targetMappedCount=5 hiddenByTargetNum=0 hiddenByTargetViewValid=0 hiddenByWeaponViewValid=0 beyondFarClip=0 skyVisible=1 cameraHpr=2.7963,-6.19815,0 sensorFovH=0.0999999 sensorFovV=0.0999999 near=1 far=50000
[AnnotationFastPath] enabled=1 frame=720 bboxDue=0 occlusionDue=0 updateProjection=0 reused=1 bboxUpdateHz=10 occlusionUpdateHz=5 reuseLastWhenSkipped=1 drawOverlay=0 jsonPerFrame=1 quietPerfMode=1 bboxUpdateCount=120 bboxReuseCount=600 occlusionUpdateCount=59 occlusionReuseCount=661
[ScenePerfProbe] sourceSeq=720 processRealSceneMs=0.325 targetMappingMs=0.136 cameraControlMs=0.070 stage4Stage5UpdateMs=2.157 shaderInputApplyMs=0.000 annotationComputeMs=0.033 annotationBBoxMs=0.000 annotationOcclusionMs=0.000 annotationJsonMs=0.000 pandaDoFrameMs=17.011 readbackMs=1.921 frameCopyMs=0.688 jpegMs=9.288 readbackMode=EveryFrame copyRamAttached=1 quietPerfMode=1 bboxFastMode=mesh_body annotationFastJsonMode=1 annotationOverlayInSensorImage=0 annotationJsonPerFrame=1 bboxUpdateCount=120 bboxReuseCount=600 occlusionUpdateCount=59 occlusionReuseCount=661 targetUpdateCullInvisible=1 targetUpdateTotal=10 targetUpdateVisible=5 targetUpdateSkippedBeyondFar=0 targetUpdateSkippedShaderApply=0
[Stage6 Capture] frameWidth=800 frameHeight=800 tcpWidth=800 tcpHeight=800 renderTextureWidth=800 renderTextureHeight=800 textureCropApplied=0 source=final_sensor channels=RGB8 readbackMode=EveryFrame readbackEveryN=1 copyRamAttached=1 copyRamMode=RTM_copy_ram tcpFrameReused=0 diagnostic_only=0 renderPath=direct_final sourceSeq=720 readbackMs=1.92442 resizeMs=0 frameCopyMs=1.00654 tcpQueueDepth=1 annotationJsonPerFrame=1 annotationOverlayInSensorImage=0
[Stage5 Plume] targetType=0x22 targetPlatID=3 targetID=3 platform=AIM120D engineState=1 band=MWIR coreEnabled=1 haloEnabled=1 coreTempK=1800 haloTempK=1100 coreGray=1 haloGray=0.789749 coreOpacity=1 haloOpacity=0.405 coreVisible=1 haloVisible=1
[TcpFramePacket] frame=720 imgBytes=8743 annotationBytes=1796 targets=5 width=800 height=800
[TcpPerf] sourceSeq=720 outputOrdinal=720 codec=jpeg requestedCodec=jpeg h264En=0 codecFallbackReason=none jpegQuality=95 jpegMode=gray jpegBytes=8743 encodeInputChannels=1 flipMs=2.206 resizeMs=0.000 jpegMs=8.145 tcpSendMs=0.271 queueDepth=0 queueWaitMs=0.001 overwritten=0
[SyncFrame] sourceSeq=720 outputOrdinal=720 inputQueueDepth=16 tcpQueueDepth=0 sourceSeqContinuous=1 videoFpsTarget=60.000 frameMs=14.365 latencyMs=370.759 readbackMs=1.924 flipMs=2.206 resizeMs=0.000 jpegMs=8.145 tcpSendMs=0.271 overrun=0 overwritten=0
[Stage6 MTF] sourceSeq=720 enabled=0 effective=0 mode=GaussianSeparable effectiveMode=GaussianSinglePassSeparableWeights sigmaPixels=0.65 radiusPixels=2 passes=1 applyTo=final_display inputSize=800x800 outputSize=800x800 stage6MtfBlurMs=0 stage6MtfBlurScope=render_pass_upper_bound implementation=single_pass_gpu_separable_weights todo=true_two_pass_separable_if_needed
[Stage6 Noise] sourceSeq=720 enabled=0 effective=0 applyTo=final_display position=BeforeAGC temporalEnabled=1 temporalSigma=0.005 fpnEnabled=0 fpnSigma=0.003 columnEnabled=0 columnSigma=0.002 rowEnabled=0 rowSigma=0.001 badPixelEnabled=0 badPixelRatio=0.0001 seed=12345 stage6DetectorNoiseMs=0 stage6DetectorNoiseScope=render_pass_upper_bound implementation=single_pass_gpu_hash_noise
[Stage6 AGC] sourceSeq=720 enabled=0 effective=0 mode=Percentile statsSource=previous_readback updateHz=30 sampleCount=0 lowPercentile=2 highPercentile=98 lowInput=0 highInput=1 gain=1 offset=0 gainSmoothed=1 offsetSmoothed=0 valid=0 fallbackReason=disabled stage6AgcStatsMs=0
[Perf] mode=sync videoFpsTarget=60.000 udpFps=47.701 renderFps=47.701 outputFps=47.701 sceneUpdateMs=2.904 annotationMs=2.680 irUpdateMs=1.308 irEnvBuildMs=0.005 stage7SkyGroundMs=0.862 platformRadianceMs=0.016 targetRadianceMs=0.068 stage4HotspotMs=0.784 stage5PlumeMs=0.236 stage5RadianceComponentMs=0.680 stage5AeroThermalMs=0.010 stage5ModtranLookupMs=0.000 shaderInputApplyMs=1.737 shaderInputApplyScope=exclusive stage7SkyGroundScope=inclusive stage4HotspotScope=inclusive shaderInputSetCount=682 shaderInputSkipCount=22998 shaderInputCacheHitRate=97.120 stage5ModtranCacheHitCount=0 stage5ModtranCacheMissCount=0 stage7FullUpdateCount=16 stage7PositionOnlyCount=32 stage7SkipCount=0 stage4UpdateCount=13 stage4SkipCount=227 plumeUpdateMs=0.283 renderMs=17.958 stage6MtfBlurMs=0.000 stage6MtfBlurScope=render_pass_upper_bound mtfBlurEnabled=0 mtfBlurSigmaPixels=0.650 mtfBlurRadiusPixels=2 stage6DetectorNoiseMs=0.000 stage6DetectorNoiseScope=render_pass_upper_bound detectorNoiseEnabled=0 temporalNoiseSigmaGray=0.005 fpnSigmaGray=0.003 columnNoiseSigmaGray=0.002 rowNoiseSigmaGray=0.001 badPixelRatio=0.000 noisePosition=BeforeAGC stage6AgcStatsMs=0.000 stage6AgcApplyMs=0.000 agcEnabled=0 agcMode=Percentile agcGain=1.000 agcOffset=0.000 agcLowInput=0.000 agcHighInput=1.000 agcSampleCount=0 readbackMs=1.956 resizeMs=0.000 frameCopyMs=0.732 jpegMs=7.293 tcpSendMs=0.109 tcpQueueDepth=0 tcpQueueDepthMax=1 inputQueueDepth=16 inputQueueDepthMax=16 sourceSeqLag=17 latencyAvgMs=369.779 latencyMaxMs=381.103 syncOverrunCount=523 inputQueueOverflowCount=0 udpFrames=744 renderFrames=726 outputFrames=727
[Perf][WARN] outputFps=47.701 targetFps=60.000 bottleneckSummary=below_60hz irUpdateMs=1.308 stage5ModtranLookupMs=0.000 stage5RadianceComponentMs=0.680 stage5AeroThermalMs=0.010 stage4HotspotMs=0.784 stage7SkyGroundMs=0.862 shaderInputApplyMs=1.737 annotationMs=2.680 renderMs=17.958 stage6MtfBlurMs=0.000 stage6DetectorNoiseMs=0.000 stage6AgcStatsMs=0.000 readbackMs=1.956 jpegMs=7.293 tcpSendMs=0.109 inputQueueDepth=16 sourceSeqLag=17 note=recorderWriteMs_is_reported_by_VideoDisplay_RecorderPerf
[Stage7 Weather] reason=runtime envSky=0 weatherName=Clear visibilityM=6000 humidity=85 windV=8 windDir=30 cloudCoverage=0 fogDensity=0 precipitationType=none sunDirectScale=1 skyDiffuseScale=1 targetContrastScale=1 source=UDP+weather_profiles+RuntimeConfig
[Stage7 CloudLayer] enabled=0 texture=Config/Weather/Textures/cloud_few.png textureFound=1 coverage=0 opacity=0 temperatureK=255 band=MWIR cloudGray=0.385455
[Stage7 Fog] enabled=0 visibilityM=6000 fogDensity=0 fogGray=0.45 targetContrastScale=1
[Stage7 Precipitation] enabled=0 type=none density=0 speed=0 windV=8 windDir=30 maxHeight=0 transHeight=0
[Stage7 PrecipitationOverlay] mode=ScreenOverlay active=0 type=none density=0 sensorFovDeg=0.0999999 pattern=screen_sparse_low_contrast giantVerticalBars=0 sameOutput=1
[Stage7 Perf] weatherNodeCount=0 cloudNodeCount=0 precipitationNodeCount=0 textureLoadCountThisFrame=0 updateWeatherNodesMs=0.001166 totalWeatherMs=0.007583 precipitationMode=ScreenOverlay
[RenderPerfProbe] pandaDoFrameMs=17.315 renderPath=direct_final graphicsOutputCount=1 activeDisplayRegionCount=1 rawPassEnabled=0 finalPassEnabled=1 annotationOverlayEnabled=0 readbackMode=EveryFrame readbackEveryN=1 copyRamAttached=1 copyRamMode=RTM_copy_ram quietPerfMode=1 bboxFastMode=mesh_body processRealSceneMs=0.225 targetMappingMs=0.134 cameraControlMs=0.014 stage4Stage5UpdateMs=2.180 shaderInputApplyMs=0.000 readbackMs=1.993 frameCopyMs=0.691 jpegMs=9.059 annotationMs=0.004 annotationBBoxMs=0.000 annotationOcclusionMs=0.000 annotationJsonMs=0.000 annotationTargets=5 bboxUpdateCount=123 bboxReuseCount=614 occlusionUpdateCount=61 occlusionReuseCount=676 targetUpdateCullInvisible=1 targetUpdateTotal=10 targetUpdateVisible=5 targetUpdateSkippedBeyondFar=0 targetUpdateSkippedShaderApply=0
[Stage7 3DSkyGround] reason=runtime enable=1 band=MWIR envTerrain=0 envSky=0 skyGrayRaw=0.65 groundGrayRaw=0.35 skyGrayFinal=0.65 groundGrayFinal=0.35 skyGray=0.65 groundGray=0.35 skyDome=1 lowerShell=1 groundPlane=0 source=env+band_default
[Stage7 Debug] mode=Off skyVisible=1 groundVisible=1 forcedSkyGray=NA forcedGroundGray=NA
[Stage7 Real3DBackground] skyDome=1 lowerShell=1 flatGroundPlane=0 cameraPos=-17.1037,2017.66,18.9853 backgroundMode=real_3d
[Stage7 GroundReference] mode=reference_zero groundZOffset=0 finalGroundReferenceZ=0
[Stage7 SkyDomeDiag] cameraPos=-17.1037,2017.66,18.9853 skyDomePos=-17.1037,2017.66,18.9853 farClipM=50000 skyRadius=42500 radius=42500 radiusSource=farClip_scaled radiusLessThanFarClip=1 twoSided=1 depthWrite=0 depthTest=0
[Stage7 GroundDiag] groundPos=-17.1037,2017.66,18.9853 farClipM=50000 groundSize=42500 lowerShellRadius=42500 groundZOffset=0 envTerrain=0 groundGray=0.35
[SyncFrame][WARN] inputQueueBackpressure sourceSeq=797 backpressureCount=480 queueDepth=16 queueCapacity=16 action=wait_for_space
[TcpPerf] sourceSeq=816 outputOrdinal=816 codec=jpeg requestedCodec=jpeg h264En=0 codecFallbackReason=none jpegQuality=95 jpegMode=gray jpegBytes=9562 encodeInputChannels=1 flipMs=2.215 resizeMs=0.000 jpegMs=8.022 tcpSendMs=0.189 queueDepth=0 queueWaitMs=0.001 overwritten=0
接收UDP数据，长度：506字节，来自：192.168.1.188:9999 packet=840
解析UDP数据，flag：0x38 packet=840
[Stage0] Display packet #840: platID=1, sensorID=1, targetNumValid=5, timeMs=1.78246e+12
处理实时成像数据...
实时数据更新完成，时间戳=1.78246e+12ms
[Perf] mode=sync videoFpsTarget=60.000 udpFps=47.615 renderFps=47.615 outputFps=47.615 sceneUpdateMs=2.849 annotationMs=2.624 irUpdateMs=1.194 irEnvBuildMs=0.005 stage7SkyGroundMs=0.660 platformRadianceMs=0.016 targetRadianceMs=0.068 stage4HotspotMs=0.858 stage5PlumeMs=0.246 stage5RadianceComponentMs=0.750 stage5AeroThermalMs=0.010 stage5ModtranLookupMs=0.000 shaderInputApplyMs=1.667 shaderInputApplyScope=exclusive stage7SkyGroundScope=inclusive stage4HotspotScope=inclusive shaderInputSetCount=645 shaderInputSkipCount=23035 shaderInputCacheHitRate=97.276 stage5ModtranCacheHitCount=0 stage5ModtranCacheMissCount=0 stage7FullUpdateCount=16 stage7PositionOnlyCount=32 stage7SkipCount=0 stage4UpdateCount=1 stage4SkipCount=239 plumeUpdateMs=0.262 renderMs=18.048 stage6MtfBlurMs=0.000 stage6MtfBlurScope=render_pass_upper_bound mtfBlurEnabled=0 mtfBlurSigmaPixels=0.650 mtfBlurRadiusPixels=2 stage6DetectorNoiseMs=0.000 stage6DetectorNoiseScope=render_pass_upper_bound detectorNoiseEnabled=0 temporalNoiseSigmaGray=0.005 fpnSigmaGray=0.003 columnNoiseSigmaGray=0.002 rowNoiseSigmaGray=0.001 badPixelRatio=0.000 noisePosition=BeforeAGC stage6AgcStatsMs=0.000 stage6AgcApplyMs=0.000 agcEnabled=0 agcMode=Percentile agcGain=1.000 agcOffset=0.000 agcLowInput=0.000 agcHighInput=1.000 agcSampleCount=0 readbackMs=1.926 resizeMs=0.000 frameCopyMs=0.716 jpegMs=8.249 tcpSendMs=0.159 tcpQueueDepth=0 tcpQueueDepthMax=1 inputQueueDepth=16 inputQueueDepthMax=16 sourceSeqLag=17 latencyAvgMs=372.085 latencyMaxMs=378.304 syncOverrunCount=635 inputQueueOverflowCount=0 udpFrames=840 renderFrames=822 outputFrames=823
[Perf][WARN] outputFps=47.615 targetFps=60.000 bottleneckSummary=below_60hz irUpdateMs=1.194 stage5ModtranLookupMs=0.000 stage5RadianceComponentMs=0.750 stage5AeroThermalMs=0.010 stage4HotspotMs=0.858 stage7SkyGroundMs=0.660 shaderInputApplyMs=1.667 annotationMs=2.624 renderMs=18.048 stage6MtfBlurMs=0.000 stage6DetectorNoiseMs=0.000 stage6AgcStatsMs=0.000 readbackMs=1.926 jpegMs=8.249 tcpSendMs=0.159 inputQueueDepth=16 sourceSeqLag=17 note=recorderWriteMs_is_reported_by_VideoDisplay_RecorderPerf
实时数据更新完成，时间戳=1.78246e+12ms
[CameraControl] mode=lookat targetPlatID=3 targetID=34 relPitch=-6.06287 relYaw=-2.1327 range=18542.9
[Stage6 FrameDiag] frameIndex=1.78246e+12 packet=856 band=MWIR whiteHot=1 displayGain=1 displayOffset=0 noiseEnable=0 noiseSigmaGray=0 route=final_sensor targetVisibleCount=5 targetMappedCount=5 hiddenByTargetNum=0 hiddenByTargetViewValid=0 hiddenByWeaponViewValid=0 beyondFarClip=0 skyVisible=1 cameraHpr=2.1327,-6.06287,0 sensorFovH=0.0999999 sensorFovV=0.0999999 near=1 far=50000
[AnnotationFastPath] enabled=1 frame=840 bboxDue=0 occlusionDue=0 updateProjection=0 reused=1 bboxUpdateHz=10 occlusionUpdateHz=5 reuseLastWhenSkipped=1 drawOverlay=0 jsonPerFrame=1 quietPerfMode=1 bboxUpdateCount=140 bboxReuseCount=700 occlusionUpdateCount=69 occlusionReuseCount=771
[ScenePerfProbe] sourceSeq=840 processRealSceneMs=0.310 targetMappingMs=0.135 cameraControlMs=0.070 stage4Stage5UpdateMs=2.001 shaderInputApplyMs=0.000 annotationComputeMs=0.012 annotationBBoxMs=0.000 annotationOcclusionMs=0.000 annotationJsonMs=0.000 pandaDoFrameMs=16.835 readbackMs=1.867 frameCopyMs=0.682 jpegMs=7.718 readbackMode=EveryFrame copyRamAttached=1 quietPerfMode=1 bboxFastMode=mesh_body annotationFastJsonMode=1 annotationOverlayInSensorImage=0 annotationJsonPerFrame=1 bboxUpdateCount=140 bboxReuseCount=700 occlusionUpdateCount=69 occlusionReuseCount=771 targetUpdateCullInvisible=1 targetUpdateTotal=10 targetUpdateVisible=5 targetUpdateSkippedBeyondFar=0 targetUpdateSkippedShaderApply=0
[Stage6 Capture] frameWidth=800 frameHeight=800 tcpWidth=800 tcpHeight=800 renderTextureWidth=800 renderTextureHeight=800 textureCropApplied=0 source=final_sensor channels=RGB8 readbackMode=EveryFrame readbackEveryN=1 copyRamAttached=1 copyRamMode=RTM_copy_ram tcpFrameReused=0 diagnostic_only=0 renderPath=direct_final sourceSeq=840 readbackMs=1.93667 resizeMs=0 frameCopyMs=0.686584 tcpQueueDepth=1 annotationJsonPerFrame=1 annotationOverlayInSensorImage=0
[Stage5 Plume] targetType=0x22 targetPlatID=3 targetID=3 platform=AIM120D engineState=1 band=MWIR coreEnabled=1 haloEnabled=1 coreTempK=1800 haloTempK=1100 coreGray=1 haloGray=0.789749 coreOpacity=1 haloOpacity=0.405 coreVisible=1 haloVisible=1
[TcpFramePacket] frame=840 imgBytes=9583 annotationBytes=1796 targets=5 width=800 height=800
[TcpPerf] sourceSeq=840 outputOrdinal=840 codec=jpeg requestedCodec=jpeg h264En=0 codecFallbackReason=none jpegQuality=95 jpegMode=gray jpegBytes=9583 encodeInputChannels=1 flipMs=2.192 resizeMs=0.000 jpegMs=8.247 tcpSendMs=0.145 queueDepth=0 queueWaitMs=0.001 overwritten=0
[SyncFrame] sourceSeq=840 outputOrdinal=840 inputQueueDepth=16 tcpQueueDepth=0 sourceSeqContinuous=1 videoFpsTarget=60.000 frameMs=14.028 latencyMs=369.735 readbackMs=1.937 flipMs=2.192 resizeMs=0.000 jpegMs=8.247 tcpSendMs=0.145 overrun=0 overwritten=0
[Stage6 MTF] sourceSeq=840 enabled=0 effective=0 mode=GaussianSeparable effectiveMode=GaussianSinglePassSeparableWeights sigmaPixels=0.65 radiusPixels=2 passes=1 applyTo=final_display inputSize=800x800 outputSize=800x800 stage6MtfBlurMs=0 stage6MtfBlurScope=render_pass_upper_bound implementation=single_pass_gpu_separable_weights todo=true_two_pass_separable_if_needed
[Stage6 Noise] sourceSeq=840 enabled=0 effective=0 applyTo=final_display position=BeforeAGC temporalEnabled=1 temporalSigma=0.005 fpnEnabled=0 fpnSigma=0.003 columnEnabled=0 columnSigma=0.002 rowEnabled=0 rowSigma=0.001 badPixelEnabled=0 badPixelRatio=0.0001 seed=12345 stage6DetectorNoiseMs=0 stage6DetectorNoiseScope=render_pass_upper_bound implementation=single_pass_gpu_hash_noise
[Stage6 AGC] sourceSeq=840 enabled=0 effective=0 mode=Percentile statsSource=previous_readback updateHz=30 sampleCount=0 lowPercentile=2 highPercentile=98 lowInput=0 highInput=1 gain=1 offset=0 gainSmoothed=1 offsetSmoothed=0 valid=0 fallbackReason=disabled stage6AgcStatsMs=0
[RenderPerfProbe] pandaDoFrameMs=17.071 renderPath=direct_final graphicsOutputCount=1 activeDisplayRegionCount=1 rawPassEnabled=0 finalPassEnabled=1 annotationOverlayEnabled=0 readbackMode=EveryFrame readbackEveryN=1 copyRamAttached=1 copyRamMode=RTM_copy_ram quietPerfMode=1 bboxFastMode=mesh_body processRealSceneMs=0.232 targetMappingMs=0.145 cameraControlMs=0.014 stage4Stage5UpdateMs=2.001 shaderInputApplyMs=0.000 readbackMs=1.938 frameCopyMs=0.699 jpegMs=7.710 annotationMs=0.004 annotationBBoxMs=0.000 annotationOcclusionMs=0.000 annotationJsonMs=0.000 annotationTargets=5 bboxUpdateCount=143 bboxReuseCount=714 occlusionUpdateCount=71 occlusionReuseCount=786 targetUpdateCullInvisible=1 targetUpdateTotal=10 targetUpdateVisible=5 targetUpdateSkippedBeyondFar=0 targetUpdateSkippedShaderApply=0
[AnnotationCollisionCache] platform=AIM120D targetID=3 built=0 reused=1 triangles=1532 solids=1532
[SyncFrame][WARN] inputQueueBackpressure sourceSeq=917 backpressureCount=600 queueDepth=16 queueCapacity=16 action=wait_for_space
[Perf] mode=sync videoFpsTarget=60.000 udpFps=47.482 renderFps=47.482 outputFps=47.482 sceneUpdateMs=3.015 annotationMs=2.784 irUpdateMs=1.129 irEnvBuildMs=0.005 stage7SkyGroundMs=0.650 platformRadianceMs=0.016 targetRadianceMs=0.068 stage4HotspotMs=0.815 stage5PlumeMs=0.239 stage5RadianceComponentMs=0.709 stage5AeroThermalMs=0.011 stage5ModtranLookupMs=0.000 shaderInputApplyMs=1.597 shaderInputApplyScope=exclusive stage7SkyGroundScope=inclusive stage4HotspotScope=inclusive shaderInputSetCount=562 shaderInputSkipCount=23118 shaderInputCacheHitRate=97.627 stage5ModtranCacheHitCount=0 stage5ModtranCacheMissCount=0 stage7FullUpdateCount=16 stage7PositionOnlyCount=32 stage7SkipCount=0 stage4UpdateCount=0 stage4SkipCount=240 plumeUpdateMs=0.252 renderMs=17.945 stage6MtfBlurMs=0.000 stage6MtfBlurScope=render_pass_upper_bound mtfBlurEnabled=0 mtfBlurSigmaPixels=0.650 mtfBlurRadiusPixels=2 stage6DetectorNoiseMs=0.000 stage6DetectorNoiseScope=render_pass_upper_bound detectorNoiseEnabled=0 temporalNoiseSigmaGray=0.005 fpnSigmaGray=0.003 columnNoiseSigmaGray=0.002 rowNoiseSigmaGray=0.001 badPixelRatio=0.000 noisePosition=BeforeAGC stage6AgcStatsMs=0.000 stage6AgcApplyMs=0.000 agcEnabled=0 agcMode=Percentile agcGain=1.000 agcOffset=0.000 agcLowInput=0.000 agcHighInput=1.000 agcSampleCount=0 readbackMs=1.956 resizeMs=0.000 frameCopyMs=0.714 jpegMs=8.108 tcpSendMs=0.162 tcpQueueDepth=0 tcpQueueDepthMax=1 inputQueueDepth=16 inputQueueDepthMax=16 sourceSeqLag=17 latencyAvgMs=373.617 latencyMaxMs=381.222 syncOverrunCount=747 inputQueueOverflowCount=0 udpFrames=936 renderFrames=918 outputFrames=919
[Perf][WARN] outputFps=47.482 targetFps=60.000 bottleneckSummary=below_60hz irUpdateMs=1.129 stage5ModtranLookupMs=0.000 stage5RadianceComponentMs=0.709 stage5AeroThermalMs=0.011 stage4HotspotMs=0.815 stage7SkyGroundMs=0.650 shaderInputApplyMs=1.597 annotationMs=2.784 renderMs=17.945 stage6MtfBlurMs=0.000 stage6DetectorNoiseMs=0.000 stage6AgcStatsMs=0.000 readbackMs=1.956 jpegMs=8.108 tcpSendMs=0.162 inputQueueDepth=16 sourceSeqLag=17 note=recorderWriteMs_is_reported_by_VideoDisplay_RecorderPerf
[TcpPerf] sourceSeq=935 outputOrdinal=935 codec=jpeg requestedCodec=jpeg h264En=0 codecFallbackReason=none jpegQuality=95 jpegMode=gray jpegBytes=9671 encodeInputChannels=1 flipMs=2.218 resizeMs=0.000 jpegMs=8.221 tcpSendMs=0.202 queueDepth=0 queueWaitMs=0.001 overwritten=0
接收UDP数据，长度：506字节，来自：192.168.1.188:9999 packet=960
解析UDP数据，flag：0x38 packet=960
[Stage0] Display packet #960: platID=1, sensorID=1, targetNumValid=5, timeMs=1.78246e+12
处理实时成像数据...
实时数据更新完成，时间戳=1.78246e+12ms
实时数据更新完成，时间戳=1.78246e+12ms
[Stage5 PlumePerf] plumeNodeCount=16 visiblePlumeCount=2 textureLoadCountThisFrame=0 updateHz=30 updatePlumeMs=0.255336 updatePlumeMsMax=0.483584 perfBudgetMs=1
[TargetUpdateCull] enabled=1 total=10 visible=5 skippedBeyondFar=0 skippedShaderApply=0 shaderInputApplyMs=1.72025 stage4Stage5UpdateMs=3.01525
[CameraControl] mode=lookat targetPlatID=3 targetID=34 relPitch=-8.18077 relYaw=-1.50658 range=17985.1
[Stage6 FrameDiag] frameIndex=1.78246e+12 packet=976 band=MWIR whiteHot=1 displayGain=1 displayOffset=0 noiseEnable=0 noiseSigmaGray=0 route=final_sensor targetVisibleCount=5 targetMappedCount=5 hiddenByTargetNum=0 hiddenByTargetViewValid=0 hiddenByWeaponViewValid=0 beyondFarClip=0 skyVisible=1 cameraHpr=1.50658,-8.18077,0 sensorFovH=0.0999999 sensorFovV=0.0999999 near=1 far=50000
[AnnotationFastPath] enabled=1 frame=960 bboxDue=0 occlusionDue=0 updateProjection=0 reused=1 bboxUpdateHz=10 occlusionUpdateHz=5 reuseLastWhenSkipped=1 drawOverlay=0 jsonPerFrame=1 quietPerfMode=1 bboxUpdateCount=160 bboxReuseCount=800 occlusionUpdateCount=79 occlusionReuseCount=881
[ScenePerfProbe] sourceSeq=960 processRealSceneMs=0.306 targetMappingMs=0.135 cameraControlMs=0.073 stage4Stage5UpdateMs=2.073 shaderInputApplyMs=0.000 annotationComputeMs=0.011 annotationBBoxMs=0.000 annotationOcclusionMs=0.000 annotationJsonMs=0.000 pandaDoFrameMs=17.023 readbackMs=1.934 frameCopyMs=0.701 jpegMs=8.901 readbackMode=EveryFrame copyRamAttached=1 quietPerfMode=1 bboxFastMode=mesh_body annotationFastJsonMode=1 annotationOverlayInSensorImage=0 annotationJsonPerFrame=1 bboxUpdateCount=160 bboxReuseCount=800 occlusionUpdateCount=79 occlusionReuseCount=881 targetUpdateCullInvisible=1 targetUpdateTotal=10 targetUpdateVisible=5 targetUpdateSkippedBeyondFar=0 targetUpdateSkippedShaderApply=0
[Stage6 Capture] frameWidth=800 frameHeight=800 tcpWidth=800 tcpHeight=800 renderTextureWidth=800 renderTextureHeight=800 textureCropApplied=0 source=final_sensor channels=RGB8 readbackMode=EveryFrame readbackEveryN=1 copyRamAttached=1 copyRamMode=RTM_copy_ram tcpFrameReused=0 diagnostic_only=0 renderPath=direct_final sourceSeq=960 readbackMs=1.93988 resizeMs=0 frameCopyMs=0.722166 tcpQueueDepth=1 annotationJsonPerFrame=1 annotationOverlayInSensorImage=0
[Stage5 Plume] targetType=0x22 targetPlatID=3 targetID=3 platform=AIM120D engineState=1 band=MWIR coreEnabled=1 haloEnabled=1 coreTempK=1800 haloTempK=1100 coreGray=1 haloGray=0.789749 coreOpacity=1 haloOpacity=0.405 coreVisible=1 haloVisible=1
[TcpFramePacket] frame=960 imgBytes=9626 annotationBytes=1796 targets=5 width=800 height=800
[TcpPerf] sourceSeq=960 outputOrdinal=960 codec=jpeg requestedCodec=jpeg h264En=0 codecFallbackReason=none jpegQuality=95 jpegMode=gray jpegBytes=9626 encodeInputChannels=1 flipMs=2.130 resizeMs=0.000 jpegMs=9.017 tcpSendMs=0.164 queueDepth=0 queueWaitMs=0.001 overwritten=0
[SyncFrame] sourceSeq=960 outputOrdinal=960 inputQueueDepth=16 tcpQueueDepth=0 sourceSeqContinuous=1 videoFpsTarget=60.000 frameMs=14.816 latencyMs=369.619 readbackMs=1.940 flipMs=2.130 resizeMs=0.000 jpegMs=9.017 tcpSendMs=0.164 overrun=0 overwritten=0
[Stage6 MTF] sourceSeq=960 enabled=0 effective=0 mode=GaussianSeparable effectiveMode=GaussianSinglePassSeparableWeights sigmaPixels=0.65 radiusPixels=2 passes=1 applyTo=final_display inputSize=800x800 outputSize=800x800 stage6MtfBlurMs=0 stage6MtfBlurScope=render_pass_upper_bound implementation=single_pass_gpu_separable_weights todo=true_two_pass_separable_if_needed
[Stage6 Noise] sourceSeq=960 enabled=0 effective=0 applyTo=final_display position=BeforeAGC temporalEnabled=1 temporalSigma=0.005 fpnEnabled=0 fpnSigma=0.003 columnEnabled=0 columnSigma=0.002 rowEnabled=0 rowSigma=0.001 badPixelEnabled=0 badPixelRatio=0.0001 seed=12345 stage6DetectorNoiseMs=0 stage6DetectorNoiseScope=render_pass_upper_bound implementation=single_pass_gpu_hash_noise
[Stage6 AGC] sourceSeq=960 enabled=0 effective=0 mode=Percentile statsSource=previous_readback updateHz=30 sampleCount=0 lowPercentile=2 highPercentile=98 lowInput=0 highInput=1 gain=1 offset=0 gainSmoothed=1 offsetSmoothed=0 valid=0 fallbackReason=disabled stage6AgcStatsMs=0
[RenderPerfProbe] pandaDoFrameMs=18.395 renderPath=direct_final graphicsOutputCount=1 activeDisplayRegionCount=1 rawPassEnabled=0 finalPassEnabled=1 annotationOverlayEnabled=0 readbackMode=EveryFrame readbackEveryN=1 copyRamAttached=1 copyRamMode=RTM_copy_ram quietPerfMode=1 bboxFastMode=mesh_body processRealSceneMs=0.270 targetMappingMs=0.182 cameraControlMs=0.016 stage4Stage5UpdateMs=2.068 shaderInputApplyMs=0.000 readbackMs=2.758 frameCopyMs=0.723 jpegMs=7.636 annotationMs=0.004 annotationBBoxMs=0.000 annotationOcclusionMs=0.000 annotationJsonMs=0.000 annotationTargets=5 bboxUpdateCount=163 bboxReuseCount=814 occlusionUpdateCount=81 occlusionReuseCount=896 targetUpdateCullInvisible=1 targetUpdateTotal=10 targetUpdateVisible=5 targetUpdateSkippedBeyondFar=0 targetUpdateSkippedShaderApply=0
[Perf] mode=sync videoFpsTarget=60.000 udpFps=47.359 renderFps=47.359 outputFps=47.359 sceneUpdateMs=2.912 annotationMs=2.688 irUpdateMs=1.122 irEnvBuildMs=0.132 stage7SkyGroundMs=0.900 platformRadianceMs=0.016 targetRadianceMs=0.062 stage4HotspotMs=0.695 stage5PlumeMs=0.241 stage5RadianceComponentMs=0.597 stage5AeroThermalMs=0.011 stage5ModtranLookupMs=0.000 shaderInputApplyMs=1.720 shaderInputApplyScope=exclusive stage7SkyGroundScope=inclusive stage4HotspotScope=inclusive shaderInputSetCount=560 shaderInputSkipCount=23120 shaderInputCacheHitRate=97.635 stage5ModtranCacheHitCount=0 stage5ModtranCacheMissCount=0 stage7FullUpdateCount=16 stage7PositionOnlyCount=32 stage7SkipCount=0 stage4UpdateCount=0 stage4SkipCount=240 plumeUpdateMs=0.248 renderMs=18.107 stage6MtfBlurMs=0.000 stage6MtfBlurScope=render_pass_upper_bound mtfBlurEnabled=0 mtfBlurSigmaPixels=0.650 mtfBlurRadiusPixels=2 stage6DetectorNoiseMs=0.000 stage6DetectorNoiseScope=render_pass_upper_bound detectorNoiseEnabled=0 temporalNoiseSigmaGray=0.005 fpnSigmaGray=0.003 columnNoiseSigmaGray=0.002 rowNoiseSigmaGray=0.001 badPixelRatio=0.000 noisePosition=BeforeAGC stage6AgcStatsMs=0.000 stage6AgcApplyMs=0.000 agcEnabled=0 agcMode=Percentile agcGain=1.000 agcOffset=0.000 agcLowInput=0.000 agcHighInput=1.000 agcSampleCount=0 readbackMs=1.973 resizeMs=0.000 frameCopyMs=0.725 jpegMs=8.374 tcpSendMs=0.163 tcpQueueDepth=0 tcpQueueDepthMax=1 inputQueueDepth=16 inputQueueDepthMax=16 sourceSeqLag=17 latencyAvgMs=374.215 latencyMaxMs=384.688 syncOverrunCount=859 inputQueueOverflowCount=0 udpFrames=1032 renderFrames=1014 outputFrames=1015
[Perf][WARN] outputFps=47.359 targetFps=60.000 bottleneckSummary=below_60hz irUpdateMs=1.122 stage5ModtranLookupMs=0.000 stage5RadianceComponentMs=0.597 stage5AeroThermalMs=0.011 stage4HotspotMs=0.695 stage7SkyGroundMs=0.900 shaderInputApplyMs=1.720 annotationMs=2.688 renderMs=18.107 stage6MtfBlurMs=0.000 stage6DetectorNoiseMs=0.000 stage6AgcStatsMs=0.000 readbackMs=1.973 jpegMs=8.374 tcpSendMs=0.163 inputQueueDepth=16 sourceSeqLag=17 note=recorderWriteMs_is_reported_by_VideoDisplay_RecorderPerf
[SyncFrame][WARN] inputQueueBackpressure sourceSeq=1037 backpressureCount=720 queueDepth=16 queueCapacity=16 action=wait_for_space
[TcpPerf] sourceSeq=1055 outputOrdinal=1055 codec=jpeg requestedCodec=jpeg h264En=0 codecFallbackReason=none jpegQuality=95 jpegMode=gray jpegBytes=8962 encodeInputChannels=1 flipMs=2.295 resizeMs=0.000 jpegMs=9.203 tcpSendMs=0.213 queueDepth=0 queueWaitMs=0.002 overwritten=0
接收UDP数据，长度：506字节，来自：192.168.1.188:9999 packet=1080
解析UDP数据，flag：0x38 packet=1080
[Stage0] Display packet #1080: platID=1, sensorID=1, targetNumValid=5, timeMs=1.78246e+12
处理实时成像数据...
实时数据更新完成，时间戳=1.78246e+12ms
实时数据更新完成，时间戳=1.78246e+12ms
[CameraControl] mode=lookat targetPlatID=3 targetID=34 relPitch=-11.0572 relYaw=-0.642401 range=17285.6
[Stage6 FrameDiag] frameIndex=1.78246e+12 packet=1096 band=MWIR whiteHot=1 displayGain=1 displayOffset=0 noiseEnable=0 noiseSigmaGray=0 route=final_sensor targetVisibleCount=5 targetMappedCount=5 hiddenByTargetNum=0 hiddenByTargetViewValid=0 hiddenByWeaponViewValid=0 beyondFarClip=0 skyVisible=1 cameraHpr=0.642401,-11.0572,0 sensorFovH=0.0999999 sensorFovV=0.0999999 near=1 far=50000
[AnnotationFastPath] enabled=1 frame=1080 bboxDue=0 occlusionDue=0 updateProjection=0 reused=1 bboxUpdateHz=10 occlusionUpdateHz=5 reuseLastWhenSkipped=1 drawOverlay=0 jsonPerFrame=1 quietPerfMode=1 bboxUpdateCount=180 bboxReuseCount=900 occlusionUpdateCount=89 occlusionReuseCount=991
[ScenePerfProbe] sourceSeq=1080 processRealSceneMs=0.311 targetMappingMs=0.140 cameraControlMs=0.077 stage4Stage5UpdateMs=2.413 shaderInputApplyMs=0.000 annotationComputeMs=0.012 annotationBBoxMs=0.000 annotationOcclusionMs=0.000 annotationJsonMs=0.000 pandaDoFrameMs=16.894 readbackMs=1.765 frameCopyMs=0.905 jpegMs=6.686 readbackMode=EveryFrame copyRamAttached=1 quietPerfMode=1 bboxFastMode=mesh_body annotationFastJsonMode=1 annotationOverlayInSensorImage=0 annotationJsonPerFrame=1 bboxUpdateCount=180 bboxReuseCount=900 occlusionUpdateCount=89 occlusionReuseCount=991 targetUpdateCullInvisible=1 targetUpdateTotal=10 targetUpdateVisible=5 targetUpdateSkippedBeyondFar=0 targetUpdateSkippedShaderApply=0
[Stage6 Capture] frameWidth=800 frameHeight=800 tcpWidth=800 tcpHeight=800 renderTextureWidth=800 renderTextureHeight=800 textureCropApplied=0 source=final_sensor channels=RGB8 readbackMode=EveryFrame readbackEveryN=1 copyRamAttached=1 copyRamMode=RTM_copy_ram tcpFrameReused=0 diagnostic_only=0 renderPath=direct_final sourceSeq=1080 readbackMs=1.93929 resizeMs=0 frameCopyMs=0.714875 tcpQueueDepth=1 annotationJsonPerFrame=1 annotationOverlayInSensorImage=0
[Stage5 Plume] targetType=0x22 targetPlatID=3 targetID=3 platform=AIM120D engineState=1 band=MWIR coreEnabled=1 haloEnabled=1 coreTempK=1800 haloTempK=1100 coreGray=1 haloGray=0.789749 coreOpacity=1 haloOpacity=0.405 coreVisible=1 haloVisible=1
[TcpFramePacket] frame=1080 imgBytes=9188 annotationBytes=1800 targets=5 width=800 height=800
[TcpPerf] sourceSeq=1080 outputOrdinal=1080 codec=jpeg requestedCodec=jpeg h264En=0 codecFallbackReason=none jpegQuality=95 jpegMode=gray jpegBytes=9188 encodeInputChannels=1 flipMs=0.932 resizeMs=0.000 jpegMs=4.830 tcpSendMs=0.087 queueDepth=0 queueWaitMs=0.001 overwritten=0
[SyncFrame] sourceSeq=1080 outputOrdinal=1080 inputQueueDepth=16 tcpQueueDepth=0 sourceSeqContinuous=1 videoFpsTarget=60.000 frameMs=9.179 latencyMs=362.618 readbackMs=1.939 flipMs=0.932 resizeMs=0.000 jpegMs=4.830 tcpSendMs=0.087 overrun=0 overwritten=0
[Stage6 MTF] sourceSeq=1080 enabled=0 effective=0 mode=GaussianSeparable effectiveMode=GaussianSinglePassSeparableWeights sigmaPixels=0.65 radiusPixels=2 passes=1 applyTo=final_display inputSize=800x800 outputSize=800x800 stage6MtfBlurMs=0 stage6MtfBlurScope=render_pass_upper_bound implementation=single_pass_gpu_separable_weights todo=true_two_pass_separable_if_needed
[Stage6 Noise] sourceSeq=1080 enabled=0 effective=0 applyTo=final_display position=BeforeAGC temporalEnabled=1 temporalSigma=0.005 fpnEnabled=0 fpnSigma=0.003 columnEnabled=0 columnSigma=0.002 rowEnabled=0 rowSigma=0.001 badPixelEnabled=0 badPixelRatio=0.0001 seed=12345 stage6DetectorNoiseMs=0 stage6DetectorNoiseScope=render_pass_upper_bound implementation=single_pass_gpu_hash_noise
[Stage6 AGC] sourceSeq=1080 enabled=0 effective=0 mode=Percentile statsSource=previous_readback updateHz=30 sampleCount=0 lowPercentile=2 highPercentile=98 lowInput=0 highInput=1 gain=1 offset=0 gainSmoothed=1 offsetSmoothed=0 valid=0 fallbackReason=disabled stage6AgcStatsMs=0
[RenderPerfProbe] pandaDoFrameMs=17.151 renderPath=direct_final graphicsOutputCount=1 activeDisplayRegionCount=1 rawPassEnabled=0 finalPassEnabled=1 annotationOverlayEnabled=0 readbackMode=EveryFrame readbackEveryN=1 copyRamAttached=1 copyRamMode=RTM_copy_ram quietPerfMode=1 bboxFastMode=mesh_body processRealSceneMs=0.217 targetMappingMs=0.131 cameraControlMs=0.016 stage4Stage5UpdateMs=2.421 shaderInputApplyMs=0.000 readbackMs=1.954 frameCopyMs=0.729 jpegMs=4.760 annotationMs=0.004 annotationBBoxMs=0.000 annotationOcclusionMs=0.000 annotationJsonMs=0.000 annotationTargets=5 bboxUpdateCount=183 bboxReuseCount=914 occlusionUpdateCount=91 occlusionReuseCount=1006 targetUpdateCullInvisible=1 targetUpdateTotal=10 targetUpdateVisible=5 targetUpdateSkippedBeyondFar=0 targetUpdateSkippedShaderApply=0
[Perf] mode=sync videoFpsTarget=60.000 udpFps=48.358 renderFps=48.358 outputFps=48.358 sceneUpdateMs=2.753 annotationMs=2.531 irUpdateMs=1.191 irEnvBuildMs=0.004 stage7SkyGroundMs=0.665 platformRadianceMs=0.015 targetRadianceMs=0.067 stage4HotspotMs=0.705 stage5PlumeMs=0.257 stage5RadianceComponentMs=0.599 stage5AeroThermalMs=0.011 stage5ModtranLookupMs=0.000 shaderInputApplyMs=1.573 shaderInputApplyScope=exclusive stage7SkyGroundScope=inclusive stage4HotspotScope=inclusive shaderInputSetCount=573 shaderInputSkipCount=23711 shaderInputCacheHitRate=97.640 stage5ModtranCacheHitCount=0 stage5ModtranCacheMissCount=0 stage7FullUpdateCount=17 stage7PositionOnlyCount=32 stage7SkipCount=0 stage4UpdateCount=0 stage4SkipCount=245 plumeUpdateMs=0.265 renderMs=17.876 stage6MtfBlurMs=0.000 stage6MtfBlurScope=render_pass_upper_bound mtfBlurEnabled=0 mtfBlurSigmaPixels=0.650 mtfBlurRadiusPixels=2 stage6DetectorNoiseMs=0.000 stage6DetectorNoiseScope=render_pass_upper_bound detectorNoiseEnabled=0 temporalNoiseSigmaGray=0.005 fpnSigmaGray=0.003 columnNoiseSigmaGray=0.002 rowNoiseSigmaGray=0.001 badPixelRatio=0.000 noisePosition=BeforeAGC stage6AgcStatsMs=0.000 stage6AgcApplyMs=0.000 agcEnabled=0 agcMode=Percentile agcGain=1.000 agcOffset=0.000 agcLowInput=0.000 agcHighInput=1.000 agcSampleCount=0 readbackMs=1.929 resizeMs=0.000 frameCopyMs=0.730 jpegMs=7.926 tcpSendMs=0.139 tcpQueueDepth=0 tcpQueueDepthMax=1 inputQueueDepth=16 inputQueueDepthMax=16 sourceSeqLag=17 latencyAvgMs=367.723 latencyMaxMs=375.890 syncOverrunCount=972 inputQueueOverflowCount=0 udpFrames=1129 renderFrames=1111 outputFrames=1112
[Perf][WARN] outputFps=48.358 targetFps=60.000 bottleneckSummary=below_60hz irUpdateMs=1.191 stage5ModtranLookupMs=0.000 stage5RadianceComponentMs=0.599 stage5AeroThermalMs=0.011 stage4HotspotMs=0.705 stage7SkyGroundMs=0.665 shaderInputApplyMs=1.573 annotationMs=2.531 renderMs=17.876 stage6MtfBlurMs=0.000 stage6DetectorNoiseMs=0.000 stage6AgcStatsMs=0.000 readbackMs=1.929 jpegMs=7.926 tcpSendMs=0.139 inputQueueDepth=16 sourceSeqLag=17 note=recorderWriteMs_is_reported_by_VideoDisplay_RecorderPerf
[SyncFrame][WARN] inputQueueBackpressure sourceSeq=1157 backpressureCount=840 queueDepth=16 queueCapacity=16 action=wait_for_space
[AnnotationCollisionCache] platform=AIM120D targetID=3 built=0 reused=1 triangles=1532 solids=1532
[TcpPerf] sourceSeq=1176 outputOrdinal=1176 codec=jpeg requestedCodec=jpeg h264En=0 codecFallbackReason=none jpegQuality=95 jpegMode=gray jpegBytes=9764 encodeInputChannels=1 flipMs=2.235 resizeMs=0.000 jpegMs=8.652 tcpSendMs=0.145 queueDepth=0 queueWaitMs=0.002 overwritten=0
接收UDP数据，长度：506字节，来自：192.168.1.188:9999 packet=1200
解析UDP数据，flag：0x38 packet=1200
[Stage0] Display packet #1200: platID=1, sensorID=1, targetNumValid=5, timeMs=1.78246e+12
处理实时成像数据...
实时数据更新完成，时间戳=1.78246e+12ms
实时数据更新完成，时间戳=1.78246e+12ms
[Stage5 PlumePerf] plumeNodeCount=16 visiblePlumeCount=2 textureLoadCountThisFrame=0 updateHz=30 updatePlumeMs=0.261414 updatePlumeMsMax=0.439542 perfBudgetMs=1
[TargetUpdateCull] enabled=1 total=10 visible=5 skippedBeyondFar=0 skippedShaderApply=0 shaderInputApplyMs=1.52774 stage4Stage5UpdateMs=2.57921
[CameraControl] mode=lookat targetPlatID=3 targetID=34 relPitch=-13.531 relYaw=0.244597 range=16561.2
[Stage6 FrameDiag] frameIndex=1.78246e+12 packet=1216 band=MWIR whiteHot=1 displayGain=1 displayOffset=0 noiseEnable=0 noiseSigmaGray=0 route=final_sensor targetVisibleCount=5 targetMappedCount=5 hiddenByTargetNum=0 hiddenByTargetViewValid=0 hiddenByWeaponViewValid=0 beyondFarClip=0 skyVisible=1 cameraHpr=-0.244597,-13.531,0 sensorFovH=0.0999999 sensorFovV=0.0999999 near=1 far=50000
[AnnotationFastPath] enabled=1 frame=1200 bboxDue=0 occlusionDue=0 updateProjection=0 reused=1 bboxUpdateHz=10 occlusionUpdateHz=5 reuseLastWhenSkipped=1 drawOverlay=0 jsonPerFrame=1 quietPerfMode=1 bboxUpdateCount=200 bboxReuseCount=1000 occlusionUpdateCount=99 occlusionReuseCount=1101
[ScenePerfProbe] sourceSeq=1200 processRealSceneMs=0.303 targetMappingMs=0.127 cameraControlMs=0.082 stage4Stage5UpdateMs=2.208 shaderInputApplyMs=0.000 annotationComputeMs=0.012 annotationBBoxMs=0.000 annotationOcclusionMs=0.000 annotationJsonMs=0.000 pandaDoFrameMs=16.897 readbackMs=1.902 frameCopyMs=0.726 jpegMs=8.259 readbackMode=EveryFrame copyRamAttached=1 quietPerfMode=1 bboxFastMode=mesh_body annotationFastJsonMode=1 annotationOverlayInSensorImage=0 annotationJsonPerFrame=1 bboxUpdateCount=200 bboxReuseCount=1000 occlusionUpdateCount=99 occlusionReuseCount=1101 targetUpdateCullInvisible=1 targetUpdateTotal=10 targetUpdateVisible=5 targetUpdateSkippedBeyondFar=0 targetUpdateSkippedShaderApply=0
[Stage6 Capture] frameWidth=800 frameHeight=800 tcpWidth=800 tcpHeight=800 renderTextureWidth=800 renderTextureHeight=800 textureCropApplied=0 source=final_sensor channels=RGB8 readbackMode=EveryFrame readbackEveryN=1 copyRamAttached=1 copyRamMode=RTM_copy_ram tcpFrameReused=0 diagnostic_only=0 renderPath=direct_final sourceSeq=1200 readbackMs=1.91975 resizeMs=0 frameCopyMs=0.774083 tcpQueueDepth=1 annotationJsonPerFrame=1 annotationOverlayInSensorImage=0
[Stage5 Plume] targetType=0x22 targetPlatID=3 targetID=3 platform=AIM120D engineState=1 band=MWIR coreEnabled=1 haloEnabled=1 coreTempK=1800 haloTempK=1100 coreGray=1 haloGray=0.789749 coreOpacity=1 haloOpacity=0.405 coreVisible=1 haloVisible=1
[TcpFramePacket] frame=1200 imgBytes=9825 annotationBytes=1800 targets=5 width=800 height=800
[TcpPerf] sourceSeq=1200 outputOrdinal=1200 codec=jpeg requestedCodec=jpeg h264En=0 codecFallbackReason=none jpegQuality=95 jpegMode=gray jpegBytes=9825 encodeInputChannels=1 flipMs=2.231 resizeMs=0.000 jpegMs=9.089 tcpSendMs=0.159 queueDepth=0 queueWaitMs=0.001 overwritten=0
[SyncFrame] sourceSeq=1200 outputOrdinal=1200 inputQueueDepth=16 tcpQueueDepth=0 sourceSeqContinuous=1 videoFpsTarget=60.000 frameMs=15.143 latencyMs=373.720 readbackMs=1.920 flipMs=2.231 resizeMs=0.000 jpegMs=9.089 tcpSendMs=0.159 overrun=0 overwritten=0
[Stage6 MTF] sourceSeq=1200 enabled=0 effective=0 mode=GaussianSeparable effectiveMode=GaussianSinglePassSeparableWeights sigmaPixels=0.65 radiusPixels=2 passes=1 applyTo=final_display inputSize=800x800 outputSize=800x800 stage6MtfBlurMs=0 stage6MtfBlurScope=render_pass_upper_bound implementation=single_pass_gpu_separable_weights todo=true_two_pass_separable_if_needed
[Stage6 Noise] sourceSeq=1200 enabled=0 effective=0 applyTo=final_display position=BeforeAGC temporalEnabled=1 temporalSigma=0.005 fpnEnabled=0 fpnSigma=0.003 columnEnabled=0 columnSigma=0.002 rowEnabled=0 rowSigma=0.001 badPixelEnabled=0 badPixelRatio=0.0001 seed=12345 stage6DetectorNoiseMs=0 stage6DetectorNoiseScope=render_pass_upper_bound implementation=single_pass_gpu_hash_noise
[Stage6 AGC] sourceSeq=1200 enabled=0 effective=0 mode=Percentile statsSource=previous_readback updateHz=30 sampleCount=0 lowPercentile=2 highPercentile=98 lowInput=0 highInput=1 gain=1 offset=0 gainSmoothed=1 offsetSmoothed=0 valid=0 fallbackReason=disabled stage6AgcStatsMs=0
[Perf] mode=sync videoFpsTarget=60.000 udpFps=47.305 renderFps=47.305 outputFps=47.305 sceneUpdateMs=3.056 annotationMs=2.830 irUpdateMs=1.219 irEnvBuildMs=0.006 stage7SkyGroundMs=0.855 platformRadianceMs=0.015 targetRadianceMs=0.066 stage4HotspotMs=0.705 stage5PlumeMs=0.233 stage5RadianceComponentMs=0.600 stage5AeroThermalMs=0.009 stage5ModtranLookupMs=0.000 shaderInputApplyMs=1.584 shaderInputApplyScope=exclusive stage7SkyGroundScope=inclusive stage4HotspotScope=inclusive shaderInputSetCount=547 shaderInputSkipCount=22529 shaderInputCacheHitRate=97.630 stage5ModtranCacheHitCount=0 stage5ModtranCacheMissCount=0 stage7FullUpdateCount=15 stage7PositionOnlyCount=32 stage7SkipCount=0 stage4UpdateCount=0 stage4SkipCount=235 plumeUpdateMs=0.269 renderMs=17.923 stage6MtfBlurMs=0.000 stage6MtfBlurScope=render_pass_upper_bound mtfBlurEnabled=0 mtfBlurSigmaPixels=0.650 mtfBlurRadiusPixels=2 stage6DetectorNoiseMs=0.000 stage6DetectorNoiseScope=render_pass_upper_bound detectorNoiseEnabled=0 temporalNoiseSigmaGray=0.005 fpnSigmaGray=0.003 columnNoiseSigmaGray=0.002 rowNoiseSigmaGray=0.001 badPixelRatio=0.000 noisePosition=BeforeAGC stage6AgcStatsMs=0.000 stage6AgcApplyMs=0.000 agcEnabled=0 agcMode=Percentile agcGain=1.000 agcOffset=0.000 agcLowInput=0.000 agcHighInput=1.000 agcSampleCount=0 readbackMs=1.974 resizeMs=0.000 frameCopyMs=0.724 jpegMs=6.092 tcpSendMs=0.110 tcpQueueDepth=0 tcpQueueDepthMax=1 inputQueueDepth=16 inputQueueDepthMax=16 sourceSeqLag=17 latencyAvgMs=369.932 latencyMaxMs=378.306 syncOverrunCount=1085 inputQueueOverflowCount=0 udpFrames=1224 renderFrames=1206 outputFrames=1207
[Perf][WARN] outputFps=47.305 targetFps=60.000 bottleneckSummary=below_60hz irUpdateMs=1.219 stage5ModtranLookupMs=0.000 stage5RadianceComponentMs=0.600 stage5AeroThermalMs=0.009 stage4HotspotMs=0.705 stage7SkyGroundMs=0.855 shaderInputApplyMs=1.584 annotationMs=2.830 renderMs=17.923 stage6MtfBlurMs=0.000 stage6DetectorNoiseMs=0.000 stage6AgcStatsMs=0.000 readbackMs=1.974 jpegMs=6.092 tcpSendMs=0.110 inputQueueDepth=16 sourceSeqLag=17 note=recorderWriteMs_is_reported_by_VideoDisplay_RecorderPerf
[RenderPerfProbe] pandaDoFrameMs=17.501 renderPath=direct_final graphicsOutputCount=1 activeDisplayRegionCount=1 rawPassEnabled=0 finalPassEnabled=1 annotationOverlayEnabled=0 readbackMode=EveryFrame readbackEveryN=1 copyRamAttached=1 copyRamMode=RTM_copy_ram quietPerfMode=1 bboxFastMode=mesh_body processRealSceneMs=0.211 targetMappingMs=0.131 cameraControlMs=0.016 stage4Stage5UpdateMs=2.185 shaderInputApplyMs=0.000 readbackMs=1.971 frameCopyMs=0.722 jpegMs=9.348 annotationMs=0.004 annotationBBoxMs=0.000 annotationOcclusionMs=0.000 annotationJsonMs=0.000 annotationTargets=5 bboxUpdateCount=203 bboxReuseCount=1014 occlusionUpdateCount=101 occlusionReuseCount=1116 targetUpdateCullInvisible=1 targetUpdateTotal=10 targetUpdateVisible=5 targetUpdateSkippedBeyondFar=0 targetUpdateSkippedShaderApply=0
[SyncFrame][WARN] inputQueueBackpressure sourceSeq=1277 backpressureCount=960 queueDepth=16 queueCapacity=16 action=wait_for_space
[TcpPerf] sourceSeq=1296 outputOrdinal=1296 codec=jpeg requestedCodec=jpeg h264En=0 codecFallbackReason=none jpegQuality=95 jpegMode=gray jpegBytes=9345 encodeInputChannels=1 flipMs=2.121 resizeMs=0.000 jpegMs=8.289 tcpSendMs=0.146 queueDepth=0 queueWaitMs=0.002 overwritten=0
接收UDP数据，长度：506字节，来自：192.168.1.188:9999 packet=1320
解析UDP数据，flag：0x38 packet=1320
[Stage0] Display packet #1320: platID=1, sensorID=1, targetNumValid=5, timeMs=1.78246e+12
处理实时成像数据...
实时数据更新完成，时间戳=1.78246e+12ms
[Perf] mode=sync videoFpsTarget=60.000 udpFps=47.810 renderFps=47.810 outputFps=47.810 sceneUpdateMs=2.953 annotationMs=2.730 irUpdateMs=1.103 irEnvBuildMs=0.005 stage7SkyGroundMs=0.684 platformRadianceMs=0.015 targetRadianceMs=0.067 stage4HotspotMs=0.686 stage5PlumeMs=0.245 stage5RadianceComponentMs=0.581 stage5AeroThermalMs=0.008 stage5ModtranLookupMs=0.000 shaderInputApplyMs=1.548 shaderInputApplyScope=exclusive stage7SkyGroundScope=inclusive stage4HotspotScope=inclusive shaderInputSetCount=560 shaderInputSkipCount=23120 shaderInputCacheHitRate=97.635 stage5ModtranCacheHitCount=0 stage5ModtranCacheMissCount=0 stage7FullUpdateCount=16 stage7PositionOnlyCount=32 stage7SkipCount=0 stage4UpdateCount=0 stage4SkipCount=240 plumeUpdateMs=0.251 renderMs=17.870 stage6MtfBlurMs=0.000 stage6MtfBlurScope=render_pass_upper_bound mtfBlurEnabled=0 mtfBlurSigmaPixels=0.650 mtfBlurRadiusPixels=2 stage6DetectorNoiseMs=0.000 stage6DetectorNoiseScope=render_pass_upper_bound detectorNoiseEnabled=0 temporalNoiseSigmaGray=0.005 fpnSigmaGray=0.003 columnNoiseSigmaGray=0.002 rowNoiseSigmaGray=0.001 badPixelRatio=0.000 noisePosition=BeforeAGC stage6AgcStatsMs=0.000 stage6AgcApplyMs=0.000 agcEnabled=0 agcMode=Percentile agcGain=1.000 agcOffset=0.000 agcLowInput=0.000 agcHighInput=1.000 agcSampleCount=0 readbackMs=1.948 resizeMs=0.000 frameCopyMs=0.724 jpegMs=8.398 tcpSendMs=0.170 tcpQueueDepth=0 tcpQueueDepthMax=1 inputQueueDepth=16 inputQueueDepthMax=16 sourceSeqLag=17 latencyAvgMs=371.510 latencyMaxMs=378.417 syncOverrunCount=1197 inputQueueOverflowCount=0 udpFrames=1320 renderFrames=1302 outputFrames=1303
[Perf][WARN] outputFps=47.810 targetFps=60.000 bottleneckSummary=below_60hz irUpdateMs=1.103 stage5ModtranLookupMs=0.000 stage5RadianceComponentMs=0.581 stage5AeroThermalMs=0.008 stage4HotspotMs=0.686 stage7SkyGroundMs=0.684 shaderInputApplyMs=1.548 annotationMs=2.730 renderMs=17.870 stage6MtfBlurMs=0.000 stage6DetectorNoiseMs=0.000 stage6AgcStatsMs=0.000 readbackMs=1.948 jpegMs=8.398 tcpSendMs=0.170 inputQueueDepth=16 sourceSeqLag=17 note=recorderWriteMs_is_reported_by_VideoDisplay_RecorderPerf
实时数据更新完成，时间戳=1.78246e+12ms
[CameraControl] mode=lookat targetPlatID=3 targetID=34 relPitch=-14.4117 relYaw=1.04479 range=15894
[Stage6 FrameDiag] frameIndex=1.78246e+12 packet=1336 band=MWIR whiteHot=1 displayGain=1 displayOffset=0 noiseEnable=0 noiseSigmaGray=0 route=final_sensor targetVisibleCount=5 targetMappedCount=5 hiddenByTargetNum=0 hiddenByTargetViewValid=0 hiddenByWeaponViewValid=0 beyondFarClip=0 skyVisible=1 cameraHpr=-1.04479,-14.4117,0 sensorFovH=0.0999999 sensorFovV=0.0999999 near=1 far=50000
[AnnotationFastPath] enabled=1 frame=1320 bboxDue=0 occlusionDue=0 updateProjection=0 reused=1 bboxUpdateHz=10 occlusionUpdateHz=5 reuseLastWhenSkipped=1 drawOverlay=0 jsonPerFrame=1 quietPerfMode=1 bboxUpdateCount=220 bboxReuseCount=1100 occlusionUpdateCount=109 occlusionReuseCount=1211
[ScenePerfProbe] sourceSeq=1320 processRealSceneMs=0.284 targetMappingMs=0.120 cameraControlMs=0.074 stage4Stage5UpdateMs=2.073 shaderInputApplyMs=0.000 annotationComputeMs=0.011 annotationBBoxMs=0.000 annotationOcclusionMs=0.000 annotationJsonMs=0.000 pandaDoFrameMs=16.801 readbackMs=1.961 frameCopyMs=0.710 jpegMs=8.074 readbackMode=EveryFrame copyRamAttached=1 quietPerfMode=1 bboxFastMode=mesh_body annotationFastJsonMode=1 annotationOverlayInSensorImage=0 annotationJsonPerFrame=1 bboxUpdateCount=220 bboxReuseCount=1100 occlusionUpdateCount=109 occlusionReuseCount=1211 targetUpdateCullInvisible=1 targetUpdateTotal=10 targetUpdateVisible=5 targetUpdateSkippedBeyondFar=0 targetUpdateSkippedShaderApply=0
[Stage6 Capture] frameWidth=800 frameHeight=800 tcpWidth=800 tcpHeight=800 renderTextureWidth=800 renderTextureHeight=800 textureCropApplied=0 source=final_sensor channels=RGB8 readbackMode=EveryFrame readbackEveryN=1 copyRamAttached=1 copyRamMode=RTM_copy_ram tcpFrameReused=0 diagnostic_only=0 renderPath=direct_final sourceSeq=1320 readbackMs=1.91362 resizeMs=0 frameCopyMs=0.705833 tcpQueueDepth=1 annotationJsonPerFrame=1 annotationOverlayInSensorImage=0
[Stage5 Plume] targetType=0x22 targetPlatID=3 targetID=3 platform=AIM120D engineState=1 band=MWIR coreEnabled=1 haloEnabled=1 coreTempK=1800 haloTempK=1100 coreGray=1 haloGray=0.789749 coreOpacity=1 haloOpacity=0.405 coreVisible=1 haloVisible=1
[TcpFramePacket] frame=1320 imgBytes=9140 annotationBytes=1800 targets=5 width=800 height=800
[TcpPerf] sourceSeq=1320 outputOrdinal=1320 codec=jpeg requestedCodec=jpeg h264En=0 codecFallbackReason=none jpegQuality=95 jpegMode=gray jpegBytes=9140 encodeInputChannels=1 flipMs=2.129 resizeMs=0.000 jpegMs=9.202 tcpSendMs=0.166 queueDepth=0 queueWaitMs=0.001 overwritten=0
[SyncFrame] sourceSeq=1320 outputOrdinal=1320 inputQueueDepth=16 tcpQueueDepth=0 sourceSeqContinuous=1 videoFpsTarget=60.000 frameMs=15.152 latencyMs=367.622 readbackMs=1.914 flipMs=2.129 resizeMs=0.000 jpegMs=9.202 tcpSendMs=0.166 overrun=0 overwritten=0
[Stage6 MTF] sourceSeq=1320 enabled=0 effective=0 mode=GaussianSeparable effectiveMode=GaussianSinglePassSeparableWeights sigmaPixels=0.65 radiusPixels=2 passes=1 applyTo=final_display inputSize=800x800 outputSize=800x800 stage6MtfBlurMs=0 stage6MtfBlurScope=render_pass_upper_bound implementation=single_pass_gpu_separable_weights todo=true_two_pass_separable_if_needed
[Stage6 Noise] sourceSeq=1320 enabled=0 effective=0 applyTo=final_display position=BeforeAGC temporalEnabled=1 temporalSigma=0.005 fpnEnabled=0 fpnSigma=0.003 columnEnabled=0 columnSigma=0.002 rowEnabled=0 rowSigma=0.001 badPixelEnabled=0 badPixelRatio=0.0001 seed=12345 stage6DetectorNoiseMs=0 stage6DetectorNoiseScope=render_pass_upper_bound implementation=single_pass_gpu_hash_noise
[Stage6 AGC] sourceSeq=1320 enabled=0 effective=0 mode=Percentile statsSource=previous_readback updateHz=30 sampleCount=0 lowPercentile=2 highPercentile=98 lowInput=0 highInput=1 gain=1 offset=0 gainSmoothed=1 offsetSmoothed=0 valid=0 fallbackReason=disabled stage6AgcStatsMs=0
[RenderPerfProbe] pandaDoFrameMs=17.022 renderPath=direct_final graphicsOutputCount=1 activeDisplayRegionCount=1 rawPassEnabled=0 finalPassEnabled=1 annotationOverlayEnabled=0 readbackMode=EveryFrame readbackEveryN=1 copyRamAttached=1 copyRamMode=RTM_copy_ram quietPerfMode=1 bboxFastMode=mesh_body processRealSceneMs=0.188 targetMappingMs=0.120 cameraControlMs=0.014 stage4Stage5UpdateMs=2.370 shaderInputApplyMs=0.000 readbackMs=2.389 frameCopyMs=0.799 jpegMs=9.484 annotationMs=0.003 annotationBBoxMs=0.000 annotationOcclusionMs=0.000 annotationJsonMs=0.000 annotationTargets=5 bboxUpdateCount=223 bboxReuseCount=1114 occlusionUpdateCount=111 occlusionReuseCount=1226 targetUpdateCullInvisible=1 targetUpdateTotal=10 targetUpdateVisible=5 targetUpdateSkippedBeyondFar=0 targetUpdateSkippedShaderApply=0
[SyncFrame][WARN] inputQueueBackpressure sourceSeq=1397 backpressureCount=1080 queueDepth=16 queueCapacity=16 action=wait_for_space
[Perf] mode=sync videoFpsTarget=60.000 udpFps=48.152 renderFps=48.152 outputFps=48.152 sceneUpdateMs=2.760 annotationMs=2.537 irUpdateMs=1.141 irEnvBuildMs=0.005 stage7SkyGroundMs=0.662 platformRadianceMs=0.014 targetRadianceMs=0.066 stage4HotspotMs=0.682 stage5PlumeMs=0.236 stage5RadianceComponentMs=0.576 stage5AeroThermalMs=0.013 stage5ModtranLookupMs=0.000 shaderInputApplyMs=1.504 shaderInputApplyScope=exclusive stage7SkyGroundScope=inclusive stage4HotspotScope=inclusive shaderInputSetCount=573 shaderInputSkipCount=23711 shaderInputCacheHitRate=97.640 stage5ModtranCacheHitCount=0 stage5ModtranCacheMissCount=0 stage7FullUpdateCount=17 stage7PositionOnlyCount=32 stage7SkipCount=0 stage4UpdateCount=0 stage4SkipCount=245 plumeUpdateMs=0.254 renderMs=17.905 stage6MtfBlurMs=0.000 stage6MtfBlurScope=render_pass_upper_bound mtfBlurEnabled=0 mtfBlurSigmaPixels=0.650 mtfBlurRadiusPixels=2 stage6DetectorNoiseMs=0.000 stage6DetectorNoiseScope=render_pass_upper_bound detectorNoiseEnabled=0 temporalNoiseSigmaGray=0.005 fpnSigmaGray=0.003 columnNoiseSigmaGray=0.002 rowNoiseSigmaGray=0.001 badPixelRatio=0.000 noisePosition=BeforeAGC stage6AgcStatsMs=0.000 stage6AgcApplyMs=0.000 agcEnabled=0 agcMode=Percentile agcGain=1.000 agcOffset=0.000 agcLowInput=0.000 agcHighInput=1.000 agcSampleCount=0 readbackMs=1.963 resizeMs=0.000 frameCopyMs=0.719 jpegMs=8.314 tcpSendMs=0.168 tcpQueueDepth=0 tcpQueueDepthMax=1 inputQueueDepth=16 inputQueueDepthMax=16 sourceSeqLag=17 latencyAvgMs=368.770 latencyMaxMs=374.592 syncOverrunCount=1310 inputQueueOverflowCount=0 udpFrames=1417 renderFrames=1399 outputFrames=1400
[Perf][WARN] outputFps=48.152 targetFps=60.000 bottleneckSummary=below_60hz irUpdateMs=1.141 stage5ModtranLookupMs=0.000 stage5RadianceComponentMs=0.576 stage5AeroThermalMs=0.013 stage4HotspotMs=0.682 stage7SkyGroundMs=0.662 shaderInputApplyMs=1.504 annotationMs=2.537 renderMs=17.905 stage6MtfBlurMs=0.000 stage6DetectorNoiseMs=0.000 stage6AgcStatsMs=0.000 readbackMs=1.963 jpegMs=8.314 tcpSendMs=0.168 inputQueueDepth=16 sourceSeqLag=17 note=recorderWriteMs_is_reported_by_VideoDisplay_RecorderPerf
[TcpPerf] sourceSeq=1417 outputOrdinal=1417 codec=jpeg requestedCodec=jpeg h264En=0 codecFallbackReason=none jpegQuality=95 jpegMode=gray jpegBytes=10062 encodeInputChannels=1 flipMs=2.237 resizeMs=0.000 jpegMs=8.237 tcpSendMs=0.147 queueDepth=0 queueWaitMs=0.001 overwritten=0
接收UDP数据，长度：506字节，来自：192.168.1.188:9999 packet=1440
解析UDP数据，flag：0x38 packet=1440
[Stage0] Display packet #1440: platID=1, sensorID=1, targetNumValid=5, timeMs=1.78246e+12
处理实时成像数据...
实时数据更新完成，时间戳=1.78246e+12ms
实时数据更新完成，时间戳=1.78246e+12ms
[Stage5 PlumePerf] plumeNodeCount=16 visiblePlumeCount=2 textureLoadCountThisFrame=0 updateHz=30 updatePlumeMs=0.254173 updatePlumeMsMax=0.475709 perfBudgetMs=1
[TargetUpdateCull] enabled=1 total=10 visible=5 skippedBeyondFar=0 skippedShaderApply=0 shaderInputApplyMs=1.61379 stage4Stage5UpdateMs=2.8455
[CameraControl] mode=lookat targetPlatID=3 targetID=34 relPitch=-14.3564 relYaw=1.84415 range=15158.5
[Stage6 FrameDiag] frameIndex=1.78246e+12 packet=1456 band=MWIR whiteHot=1 displayGain=1 displayOffset=0 noiseEnable=0 noiseSigmaGray=0 route=final_sensor targetVisibleCount=5 targetMappedCount=5 hiddenByTargetNum=0 hiddenByTargetViewValid=0 hiddenByWeaponViewValid=0 beyondFarClip=0 skyVisible=1 cameraHpr=-1.84415,-14.3564,0 sensorFovH=0.0999999 sensorFovV=0.0999999 near=1 far=50000
[AnnotationFastPath] enabled=1 frame=1440 bboxDue=0 occlusionDue=0 updateProjection=0 reused=1 bboxUpdateHz=10 occlusionUpdateHz=5 reuseLastWhenSkipped=1 drawOverlay=0 jsonPerFrame=1 quietPerfMode=1 bboxUpdateCount=240 bboxReuseCount=1200 occlusionUpdateCount=119 occlusionReuseCount=1321
[ScenePerfProbe] sourceSeq=1440 processRealSceneMs=0.302 targetMappingMs=0.132 cameraControlMs=0.076 stage4Stage5UpdateMs=2.054 shaderInputApplyMs=0.000 annotationComputeMs=0.011 annotationBBoxMs=0.000 annotationOcclusionMs=0.000 annotationJsonMs=0.000 pandaDoFrameMs=17.162 readbackMs=1.917 frameCopyMs=0.698 jpegMs=8.073 readbackMode=EveryFrame copyRamAttached=1 quietPerfMode=1 bboxFastMode=mesh_body annotationFastJsonMode=1 annotationOverlayInSensorImage=0 annotationJsonPerFrame=1 bboxUpdateCount=240 bboxReuseCount=1200 occlusionUpdateCount=119 occlusionReuseCount=1321 targetUpdateCullInvisible=1 targetUpdateTotal=10 targetUpdateVisible=5 targetUpdateSkippedBeyondFar=0 targetUpdateSkippedShaderApply=0
[Stage6 Capture] frameWidth=800 frameHeight=800 tcpWidth=800 tcpHeight=800 renderTextureWidth=800 renderTextureHeight=800 textureCropApplied=0 source=final_sensor channels=RGB8 readbackMode=EveryFrame readbackEveryN=1 copyRamAttached=1 copyRamMode=RTM_copy_ram tcpFrameReused=0 diagnostic_only=0 renderPath=direct_final sourceSeq=1440 readbackMs=1.92733 resizeMs=0 frameCopyMs=0.70875 tcpQueueDepth=1 annotationJsonPerFrame=1 annotationOverlayInSensorImage=0
[Stage5 Plume] targetType=0x22 targetPlatID=3 targetID=3 platform=AIM120D engineState=1 band=MWIR coreEnabled=1 haloEnabled=1 coreTempK=1800 haloTempK=1100 coreGray=1 haloGray=0.789749 coreOpacity=1 haloOpacity=0.405 coreVisible=1 haloVisible=1
[TcpFramePacket] frame=1440 imgBytes=10282 annotationBytes=1800 targets=5 width=800 height=800
[TcpPerf] sourceSeq=1440 outputOrdinal=1440 codec=jpeg requestedCodec=jpeg h264En=0 codecFallbackReason=none jpegQuality=95 jpegMode=gray jpegBytes=10282 encodeInputChannels=1 flipMs=2.283 resizeMs=0.000 jpegMs=8.838 tcpSendMs=0.172 queueDepth=0 queueWaitMs=0.001 overwritten=0
[SyncFrame] sourceSeq=1440 outputOrdinal=1440 inputQueueDepth=16 tcpQueueDepth=0 sourceSeqContinuous=1 videoFpsTarget=60.000 frameMs=14.763 latencyMs=375.779 readbackMs=1.927 flipMs=2.283 resizeMs=0.000 jpegMs=8.838 tcpSendMs=0.172 overrun=0 overwritten=0
[Stage6 MTF] sourceSeq=1440 enabled=0 effective=0 mode=GaussianSeparable effectiveMode=GaussianSinglePassSeparableWeights sigmaPixels=0.65 radiusPixels=2 passes=1 applyTo=final_display inputSize=800x800 outputSize=800x800 stage6MtfBlurMs=0 stage6MtfBlurScope=render_pass_upper_bound implementation=single_pass_gpu_separable_weights todo=true_two_pass_separable_if_needed
[Stage6 Noise] sourceSeq=1440 enabled=0 effective=0 applyTo=final_display position=BeforeAGC temporalEnabled=1 temporalSigma=0.005 fpnEnabled=0 fpnSigma=0.003 columnEnabled=0 columnSigma=0.002 rowEnabled=0 rowSigma=0.001 badPixelEnabled=0 badPixelRatio=0.0001 seed=12345 stage6DetectorNoiseMs=0 stage6DetectorNoiseScope=render_pass_upper_bound implementation=single_pass_gpu_hash_noise
[Stage6 AGC] sourceSeq=1440 enabled=0 effective=0 mode=Percentile statsSource=previous_readback updateHz=30 sampleCount=0 lowPercentile=2 highPercentile=98 lowInput=0 highInput=1 gain=1 offset=0 gainSmoothed=1 offsetSmoothed=0 valid=0 fallbackReason=disabled stage6AgcStatsMs=0
[AnnotationCollisionCache] platform=AIM120D targetID=3 built=0 reused=1 triangles=1532 solids=1532
[Stage7 Weather] reason=runtime envSky=0 weatherName=Clear visibilityM=6000 humidity=85 windV=8 windDir=30 cloudCoverage=0 fogDensity=0 precipitationType=none sunDirectScale=1 skyDiffuseScale=1 targetContrastScale=1 source=UDP+weather_profiles+RuntimeConfig
[Stage7 CloudLayer] enabled=0 texture=Config/Weather/Textures/cloud_few.png textureFound=1 coverage=0 opacity=0 temperatureK=255 band=MWIR cloudGray=0.385455
[Stage7 Fog] enabled=0 visibilityM=6000 fogDensity=0 fogGray=0.45 targetContrastScale=1
[Stage7 Precipitation] enabled=0 type=none density=0 speed=0 windV=8 windDir=30 maxHeight=0 transHeight=0
[Stage7 PrecipitationOverlay] mode=ScreenOverlay active=0 type=none density=0 sensorFovDeg=0.0999999 pattern=screen_sparse_low_contrast giantVerticalBars=0 sameOutput=1
[Stage7 Perf] weatherNodeCount=0 cloudNodeCount=0 precipitationNodeCount=0 textureLoadCountThisFrame=0 updateWeatherNodesMs=0.001459 totalWeatherMs=0.007875 precipitationMode=ScreenOverlay
[RenderPerfProbe] pandaDoFrameMs=17.102 renderPath=direct_final graphicsOutputCount=1 activeDisplayRegionCount=1 rawPassEnabled=0 finalPassEnabled=1 annotationOverlayEnabled=0 readbackMode=EveryFrame readbackEveryN=1 copyRamAttached=1 copyRamMode=RTM_copy_ram quietPerfMode=1 bboxFastMode=mesh_body processRealSceneMs=0.218 targetMappingMs=0.130 cameraControlMs=0.017 stage4Stage5UpdateMs=1.968 shaderInputApplyMs=0.000 readbackMs=1.910 frameCopyMs=0.709 jpegMs=8.048 annotationMs=0.004 annotationBBoxMs=0.000 annotationOcclusionMs=0.000 annotationJsonMs=0.000 annotationTargets=5 bboxUpdateCount=243 bboxReuseCount=1214 occlusionUpdateCount=121 occlusionReuseCount=1336 targetUpdateCullInvisible=1 targetUpdateTotal=10 targetUpdateVisible=5 targetUpdateSkippedBeyondFar=0 targetUpdateSkippedShaderApply=0
[Stage7 3DSkyGround] reason=runtime enable=1 band=MWIR envTerrain=0 envSky=0 skyGrayRaw=0.65 groundGrayRaw=0.35 skyGrayFinal=0.65 groundGrayFinal=0.35 skyGray=0.65 groundGray=0.35 skyDome=1 lowerShell=1 groundPlane=0 source=env+band_default
[Stage7 Debug] mode=Off skyVisible=1 groundVisible=1 forcedSkyGray=NA forcedGroundGray=NA
[Stage7 Real3DBackground] skyDome=1 lowerShell=1 flatGroundPlane=0 cameraPos=-257.685,4242.34,207.844 backgroundMode=real_3d
[Stage7 GroundReference] mode=reference_zero groundZOffset=0 finalGroundReferenceZ=0
[Stage7 SkyDomeDiag] cameraPos=-257.685,4242.34,207.844 skyDomePos=-257.685,4242.34,207.844 farClipM=50000 skyRadius=42500 radius=42500 radiusSource=farClip_scaled radiusLessThanFarClip=1 twoSided=1 depthWrite=0 depthTest=0
[Stage7 GroundDiag] groundPos=-257.685,4242.34,207.844 farClipM=50000 groundSize=42500 lowerShellRadius=42500 groundZOffset=0 envTerrain=0 groundGray=0.35
[Perf] mode=sync videoFpsTarget=60.000 udpFps=47.331 renderFps=47.331 outputFps=47.331 sceneUpdateMs=2.950 annotationMs=2.721 irUpdateMs=1.113 irEnvBuildMs=0.004 stage7SkyGroundMs=0.645 platformRadianceMs=0.016 targetRadianceMs=0.254 stage4HotspotMs=0.682 stage5PlumeMs=0.247 stage5RadianceComponentMs=0.575 stage5AeroThermalMs=0.011 stage5ModtranLookupMs=0.000 shaderInputApplyMs=1.614 shaderInputApplyScope=exclusive stage7SkyGroundScope=inclusive stage4HotspotScope=inclusive shaderInputSetCount=547 shaderInputSkipCount=22529 shaderInputCacheHitRate=97.630 stage5ModtranCacheHitCount=0 stage5ModtranCacheMissCount=0 stage7FullUpdateCount=15 stage7PositionOnlyCount=32 stage7SkipCount=0 stage4UpdateCount=0 stage4SkipCount=235 plumeUpdateMs=0.253 renderMs=18.087 stage6MtfBlurMs=0.000 stage6MtfBlurScope=render_pass_upper_bound mtfBlurEnabled=0 mtfBlurSigmaPixels=0.650 mtfBlurRadiusPixels=2 stage6DetectorNoiseMs=0.000 stage6DetectorNoiseScope=render_pass_upper_bound detectorNoiseEnabled=0 temporalNoiseSigmaGray=0.005 fpnSigmaGray=0.003 columnNoiseSigmaGray=0.002 rowNoiseSigmaGray=0.001 badPixelRatio=0.000 noisePosition=BeforeAGC stage6AgcStatsMs=0.000 stage6AgcApplyMs=0.000 agcEnabled=0 agcMode=Percentile agcGain=1.000 agcOffset=0.000 agcLowInput=0.000 agcHighInput=1.000 agcSampleCount=0 readbackMs=1.935 resizeMs=0.000 frameCopyMs=0.713 jpegMs=8.289 tcpSendMs=0.162 tcpQueueDepth=0 tcpQueueDepthMax=1 inputQueueDepth=16 inputQueueDepthMax=16 sourceSeqLag=17 latencyAvgMs=373.337 latencyMaxMs=387.976 syncOverrunCount=1421 inputQueueOverflowCount=0 udpFrames=1512 renderFrames=1494 outputFrames=1495
[Perf][WARN] outputFps=47.331 targetFps=60.000 bottleneckSummary=below_60hz irUpdateMs=1.113 stage5ModtranLookupMs=0.000 stage5RadianceComponentMs=0.575 stage5AeroThermalMs=0.011 stage4HotspotMs=0.682 stage7SkyGroundMs=0.645 shaderInputApplyMs=1.614 annotationMs=2.721 renderMs=18.087 stage6MtfBlurMs=0.000 stage6DetectorNoiseMs=0.000 stage6AgcStatsMs=0.000 readbackMs=1.935 jpegMs=8.289 tcpSendMs=0.162 inputQueueDepth=16 sourceSeqLag=17 note=recorderWriteMs_is_reported_by_VideoDisplay_RecorderPerf
[SyncFrame][WARN] inputQueueBackpressure sourceSeq=1517 backpressureCount=1200 queueDepth=16 queueCapacity=16 action=wait_for_space
[TcpPerf] sourceSeq=1535 outputOrdinal=1535 codec=jpeg requestedCodec=jpeg h264En=0 codecFallbackReason=none jpegQuality=95 jpegMode=gray jpegBytes=10319 encodeInputChannels=1 flipMs=1.174 resizeMs=0.000 jpegMs=10.699 tcpSendMs=0.116 queueDepth=0 queueWaitMs=0.001 overwritten=0
接收UDP数据，长度：506字节，来自：192.168.1.188:9999 packet=1560
解析UDP数据，flag：0x38 packet=1560
[Stage0] Display packet #1560: platID=1, sensorID=1, targetNumValid=5, timeMs=1.78246e+12
处理实时成像数据...
实时数据更新完成，时间戳=1.78246e+12ms
实时数据更新完成，时间戳=1.78246e+12ms
[CameraControl] mode=lookat targetPlatID=3 targetID=34 relPitch=-14.4268 relYaw=2.70775 range=14419.2
[Stage6 FrameDiag] frameIndex=1.78246e+12 packet=1576 band=MWIR whiteHot=1 displayGain=1 displayOffset=0 noiseEnable=0 noiseSigmaGray=0 route=final_sensor targetVisibleCount=5 targetMappedCount=5 hiddenByTargetNum=0 hiddenByTargetViewValid=0 hiddenByWeaponViewValid=0 beyondFarClip=0 skyVisible=1 cameraHpr=-2.70775,-14.4268,0 sensorFovH=0.0999999 sensorFovV=0.0999999 near=1 far=50000
[AnnotationFastPath] enabled=1 frame=1560 bboxDue=0 occlusionDue=0 updateProjection=0 reused=1 bboxUpdateHz=10 occlusionUpdateHz=5 reuseLastWhenSkipped=1 drawOverlay=0 jsonPerFrame=1 quietPerfMode=1 bboxUpdateCount=260 bboxReuseCount=1300 occlusionUpdateCount=129 occlusionReuseCount=1431
[ScenePerfProbe] sourceSeq=1560 processRealSceneMs=0.336 targetMappingMs=0.131 cameraControlMs=0.085 stage4Stage5UpdateMs=2.520 shaderInputApplyMs=0.000 annotationComputeMs=0.011 annotationBBoxMs=0.000 annotationOcclusionMs=0.000 annotationJsonMs=0.000 pandaDoFrameMs=16.882 readbackMs=1.961 frameCopyMs=0.701 jpegMs=4.600 readbackMode=EveryFrame copyRamAttached=1 quietPerfMode=1 bboxFastMode=mesh_body annotationFastJsonMode=1 annotationOverlayInSensorImage=0 annotationJsonPerFrame=1 bboxUpdateCount=260 bboxReuseCount=1300 occlusionUpdateCount=129 occlusionReuseCount=1431 targetUpdateCullInvisible=1 targetUpdateTotal=10 targetUpdateVisible=5 targetUpdateSkippedBeyondFar=0 targetUpdateSkippedShaderApply=0
[Stage6 Capture] frameWidth=800 frameHeight=800 tcpWidth=800 tcpHeight=800 renderTextureWidth=800 renderTextureHeight=800 textureCropApplied=0 source=final_sensor channels=RGB8 readbackMode=EveryFrame readbackEveryN=1 copyRamAttached=1 copyRamMode=RTM_copy_ram tcpFrameReused=0 diagnostic_only=0 renderPath=direct_final sourceSeq=1560 readbackMs=1.92908 resizeMs=0 frameCopyMs=0.737042 tcpQueueDepth=1 annotationJsonPerFrame=1 annotationOverlayInSensorImage=0
[Stage5 Plume] targetType=0x22 targetPlatID=3 targetID=3 platform=AIM120D engineState=1 band=MWIR coreEnabled=1 haloEnabled=1 coreTempK=1800 haloTempK=1100 coreGray=1 haloGray=0.789749 coreOpacity=1 haloOpacity=0.405 coreVisible=1 haloVisible=1
[TcpFramePacket] frame=1560 imgBytes=10161 annotationBytes=1800 targets=5 width=800 height=800
[TcpPerf] sourceSeq=1560 outputOrdinal=1560 codec=jpeg requestedCodec=jpeg h264En=0 codecFallbackReason=none jpegQuality=95 jpegMode=gray jpegBytes=10161 encodeInputChannels=1 flipMs=1.060 resizeMs=0.000 jpegMs=9.352 tcpSendMs=0.088 queueDepth=0 queueWaitMs=0.001 overwritten=0
[SyncFrame] sourceSeq=1560 outputOrdinal=1560 inputQueueDepth=16 tcpQueueDepth=0 sourceSeqContinuous=1 videoFpsTarget=60.000 frameMs=13.868 latencyMs=371.905 readbackMs=1.929 flipMs=1.060 resizeMs=0.000 jpegMs=9.352 tcpSendMs=0.088 overrun=0 overwritten=0
[Stage6 MTF] sourceSeq=1560 enabled=0 effective=0 mode=GaussianSeparable effectiveMode=GaussianSinglePassSeparableWeights sigmaPixels=0.65 radiusPixels=2 passes=1 applyTo=final_display inputSize=800x800 outputSize=800x800 stage6MtfBlurMs=0 stage6MtfBlurScope=render_pass_upper_bound implementation=single_pass_gpu_separable_weights todo=true_two_pass_separable_if_needed
[Stage6 Noise] sourceSeq=1560 enabled=0 effective=0 applyTo=final_display position=BeforeAGC temporalEnabled=1 temporalSigma=0.005 fpnEnabled=0 fpnSigma=0.003 columnEnabled=0 columnSigma=0.002 rowEnabled=0 rowSigma=0.001 badPixelEnabled=0 badPixelRatio=0.0001 seed=12345 stage6DetectorNoiseMs=0 stage6DetectorNoiseScope=render_pass_upper_bound implementation=single_pass_gpu_hash_noise
[Stage6 AGC] sourceSeq=1560 enabled=0 effective=0 mode=Percentile statsSource=previous_readback updateHz=30 sampleCount=0 lowPercentile=2 highPercentile=98 lowInput=0 highInput=1 gain=1 offset=0 gainSmoothed=1 offsetSmoothed=0 valid=0 fallbackReason=disabled stage6AgcStatsMs=0
[RenderPerfProbe] pandaDoFrameMs=17.383 renderPath=direct_final graphicsOutputCount=1 activeDisplayRegionCount=1 rawPassEnabled=0 finalPassEnabled=1 annotationOverlayEnabled=0 readbackMode=EveryFrame readbackEveryN=1 copyRamAttached=1 copyRamMode=RTM_copy_ram quietPerfMode=1 bboxFastMode=mesh_body processRealSceneMs=0.206 targetMappingMs=0.125 cameraControlMs=0.016 stage4Stage5UpdateMs=2.431 shaderInputApplyMs=0.000 readbackMs=1.900 frameCopyMs=0.739 jpegMs=10.072 annotationMs=0.004 annotationBBoxMs=0.000 annotationOcclusionMs=0.000 annotationJsonMs=0.000 annotationTargets=5 bboxUpdateCount=263 bboxReuseCount=1314 occlusionUpdateCount=131 occlusionReuseCount=1446 targetUpdateCullInvisible=1 targetUpdateTotal=10 targetUpdateVisible=5 targetUpdateSkippedBeyondFar=0 targetUpdateSkippedShaderApply=0
[Perf] mode=sync videoFpsTarget=60.000 udpFps=47.438 renderFps=47.438 outputFps=47.438 sceneUpdateMs=2.909 annotationMs=2.683 irUpdateMs=1.255 irEnvBuildMs=0.006 stage7SkyGroundMs=1.019 platformRadianceMs=0.015 targetRadianceMs=0.063 stage4HotspotMs=0.659 stage5PlumeMs=0.226 stage5RadianceComponentMs=0.559 stage5AeroThermalMs=0.009 stage5ModtranLookupMs=0.000 shaderInputApplyMs=1.674 shaderInputApplyScope=exclusive stage7SkyGroundScope=inclusive stage4HotspotScope=inclusive shaderInputSetCount=560 shaderInputSkipCount=23120 shaderInputCacheHitRate=97.635 stage5ModtranCacheHitCount=0 stage5ModtranCacheMissCount=0 stage7FullUpdateCount=16 stage7PositionOnlyCount=32 stage7SkipCount=0 stage4UpdateCount=0 stage4SkipCount=240 plumeUpdateMs=0.270 renderMs=18.085 stage6MtfBlurMs=0.000 stage6MtfBlurScope=render_pass_upper_bound mtfBlurEnabled=0 mtfBlurSigmaPixels=0.650 mtfBlurRadiusPixels=2 stage6DetectorNoiseMs=0.000 stage6DetectorNoiseScope=render_pass_upper_bound detectorNoiseEnabled=0 temporalNoiseSigmaGray=0.005 fpnSigmaGray=0.003 columnNoiseSigmaGray=0.002 rowNoiseSigmaGray=0.001 badPixelRatio=0.000 noisePosition=BeforeAGC stage6AgcStatsMs=0.000 stage6AgcApplyMs=0.000 agcEnabled=0 agcMode=Percentile agcGain=1.000 agcOffset=0.000 agcLowInput=0.000 agcHighInput=1.000 agcSampleCount=0 readbackMs=1.962 resizeMs=0.000 frameCopyMs=0.720 jpegMs=7.058 tcpSendMs=0.107 tcpQueueDepth=0 tcpQueueDepthMax=1 inputQueueDepth=16 inputQueueDepthMax=16 sourceSeqLag=17 latencyAvgMs=372.076 latencyMaxMs=380.227 syncOverrunCount=1535 inputQueueOverflowCount=0 udpFrames=1608 renderFrames=1590 outputFrames=1591
[Perf][WARN] outputFps=47.438 targetFps=60.000 bottleneckSummary=below_60hz irUpdateMs=1.255 stage5ModtranLookupMs=0.000 stage5RadianceComponentMs=0.559 stage5AeroThermalMs=0.009 stage4HotspotMs=0.659 stage7SkyGroundMs=1.019 shaderInputApplyMs=1.674 annotationMs=2.683 renderMs=18.085 stage6MtfBlurMs=0.000 stage6DetectorNoiseMs=0.000 stage6AgcStatsMs=0.000 readbackMs=1.962 jpegMs=7.058 tcpSendMs=0.107 inputQueueDepth=16 sourceSeqLag=17 note=recorderWriteMs_is_reported_by_VideoDisplay_RecorderPerf
[SyncFrame][WARN] inputQueueBackpressure sourceSeq=1637 backpressureCount=1320 queueDepth=16 queueCapacity=16 action=wait_for_space
[TcpPerf] sourceSeq=1656 outputOrdinal=1656 codec=jpeg requestedCodec=jpeg h264En=0 codecFallbackReason=none jpegQuality=95 jpegMode=gray jpegBytes=9799 encodeInputChannels=1 flipMs=2.099 resizeMs=0.000 jpegMs=9.106 tcpSendMs=0.158 queueDepth=0 queueWaitMs=0.001 overwritten=0
接收UDP数据，长度：506字节，来自：192.168.1.188:9999 packet=1680
解析UDP数据，flag：0x38 packet=1680
[Stage0] Display packet #1680: platID=1, sensorID=1, targetNumValid=5, timeMs=1.78246e+12
处理实时成像数据...
实时数据更新完成，时间戳=1.78246e+12ms
实时数据更新完成，时间戳=1.78246e+12ms
[Stage5 PlumePerf] plumeNodeCount=16 visiblePlumeCount=2 textureLoadCountThisFrame=0 updateHz=30 updatePlumeMs=0.262519 updatePlumeMsMax=0.461709 perfBudgetMs=1
[TargetUpdateCull] enabled=1 total=10 visible=5 skippedBeyondFar=0 skippedShaderApply=0 shaderInputApplyMs=1.50501 stage4Stage5UpdateMs=2.52379
[CameraControl] mode=lookat targetPlatID=3 targetID=34 relPitch=-16.3434 relYaw=6.8225 range=13661.9
[Stage6 FrameDiag] frameIndex=1.78246e+12 packet=1696 band=MWIR whiteHot=1 displayGain=1 displayOffset=0 noiseEnable=0 noiseSigmaGray=0 route=final_sensor targetVisibleCount=5 targetMappedCount=5 hiddenByTargetNum=0 hiddenByTargetViewValid=0 hiddenByWeaponViewValid=0 beyondFarClip=0 skyVisible=1 cameraHpr=-6.8225,-16.3434,0 sensorFovH=0.0999999 sensorFovV=0.0999999 near=1 far=50000
[AnnotationFastPath] enabled=1 frame=1680 bboxDue=0 occlusionDue=0 updateProjection=0 reused=1 bboxUpdateHz=10 occlusionUpdateHz=5 reuseLastWhenSkipped=1 drawOverlay=0 jsonPerFrame=1 quietPerfMode=1 bboxUpdateCount=280 bboxReuseCount=1400 occlusionUpdateCount=139 occlusionReuseCount=1541
[ScenePerfProbe] sourceSeq=1680 processRealSceneMs=0.323 targetMappingMs=0.129 cameraControlMs=0.073 stage4Stage5UpdateMs=2.069 shaderInputApplyMs=0.000 annotationComputeMs=0.033 annotationBBoxMs=0.000 annotationOcclusionMs=0.000 annotationJsonMs=0.000 pandaDoFrameMs=16.500 readbackMs=1.999 frameCopyMs=0.687 jpegMs=8.424 readbackMode=EveryFrame copyRamAttached=1 quietPerfMode=1 bboxFastMode=mesh_body annotationFastJsonMode=1 annotationOverlayInSensorImage=0 annotationJsonPerFrame=1 bboxUpdateCount=280 bboxReuseCount=1400 occlusionUpdateCount=139 occlusionReuseCount=1541 targetUpdateCullInvisible=1 targetUpdateTotal=10 targetUpdateVisible=5 targetUpdateSkippedBeyondFar=0 targetUpdateSkippedShaderApply=0
[Stage6 Capture] frameWidth=800 frameHeight=800 tcpWidth=800 tcpHeight=800 renderTextureWidth=800 renderTextureHeight=800 textureCropApplied=0 source=final_sensor channels=RGB8 readbackMode=EveryFrame readbackEveryN=1 copyRamAttached=1 copyRamMode=RTM_copy_ram tcpFrameReused=0 diagnostic_only=0 renderPath=direct_final sourceSeq=1680 readbackMs=1.93375 resizeMs=0 frameCopyMs=0.684833 tcpQueueDepth=1 annotationJsonPerFrame=1 annotationOverlayInSensorImage=0
[Stage5 Plume] targetType=0x22 targetPlatID=3 targetID=3 platform=AIM120D engineState=1 band=MWIR coreEnabled=1 haloEnabled=1 coreTempK=1800 haloTempK=1100 coreGray=1 haloGray=0.789749 coreOpacity=1 haloOpacity=0.405 coreVisible=1 haloVisible=1
[TcpFramePacket] frame=1680 imgBytes=10090 annotationBytes=1800 targets=5 width=800 height=800
[TcpPerf] sourceSeq=1680 outputOrdinal=1680 codec=jpeg requestedCodec=jpeg h264En=0 codecFallbackReason=none jpegQuality=95 jpegMode=gray jpegBytes=10090 encodeInputChannels=1 flipMs=2.109 resizeMs=0.000 jpegMs=9.222 tcpSendMs=0.155 queueDepth=0 queueWaitMs=0.001 overwritten=0
[SyncFrame] sourceSeq=1680 outputOrdinal=1680 inputQueueDepth=16 tcpQueueDepth=0 sourceSeqContinuous=1 videoFpsTarget=60.000 frameMs=15.162 latencyMs=368.808 readbackMs=1.934 flipMs=2.109 resizeMs=0.000 jpegMs=9.222 tcpSendMs=0.155 overrun=0 overwritten=0
[Stage6 MTF] sourceSeq=1680 enabled=0 effective=0 mode=GaussianSeparable effectiveMode=GaussianSinglePassSeparableWeights sigmaPixels=0.65 radiusPixels=2 passes=1 applyTo=final_display inputSize=800x800 outputSize=800x800 stage6MtfBlurMs=0 stage6MtfBlurScope=render_pass_upper_bound implementation=single_pass_gpu_separable_weights todo=true_two_pass_separable_if_needed
[Stage6 Noise] sourceSeq=1680 enabled=0 effective=0 applyTo=final_display position=BeforeAGC temporalEnabled=1 temporalSigma=0.005 fpnEnabled=0 fpnSigma=0.003 columnEnabled=0 columnSigma=0.002 rowEnabled=0 rowSigma=0.001 badPixelEnabled=0 badPixelRatio=0.0001 seed=12345 stage6DetectorNoiseMs=0 stage6DetectorNoiseScope=render_pass_upper_bound implementation=single_pass_gpu_hash_noise
[Stage6 AGC] sourceSeq=1680 enabled=0 effective=0 mode=Percentile statsSource=previous_readback updateHz=30 sampleCount=0 lowPercentile=2 highPercentile=98 lowInput=0 highInput=1 gain=1 offset=0 gainSmoothed=1 offsetSmoothed=0 valid=0 fallbackReason=disabled stage6AgcStatsMs=0
[Perf] mode=sync videoFpsTarget=60.000 udpFps=47.843 renderFps=47.843 outputFps=47.843 sceneUpdateMs=2.756 annotationMs=2.532 irUpdateMs=1.132 irEnvBuildMs=0.006 stage7SkyGroundMs=0.656 platformRadianceMs=0.015 targetRadianceMs=0.068 stage4HotspotMs=0.672 stage5PlumeMs=0.248 stage5RadianceComponentMs=0.570 stage5AeroThermalMs=0.010 stage5ModtranLookupMs=0.000 shaderInputApplyMs=1.501 shaderInputApplyScope=exclusive stage7SkyGroundScope=inclusive stage4HotspotScope=inclusive shaderInputSetCount=560 shaderInputSkipCount=23120 shaderInputCacheHitRate=97.635 stage5ModtranCacheHitCount=0 stage5ModtranCacheMissCount=0 stage7FullUpdateCount=16 stage7PositionOnlyCount=32 stage7SkipCount=0 stage4UpdateCount=0 stage4SkipCount=240 plumeUpdateMs=0.258 renderMs=18.027 stage6MtfBlurMs=0.000 stage6MtfBlurScope=render_pass_upper_bound mtfBlurEnabled=0 mtfBlurSigmaPixels=0.650 mtfBlurRadiusPixels=2 stage6DetectorNoiseMs=0.000 stage6DetectorNoiseScope=render_pass_upper_bound detectorNoiseEnabled=0 temporalNoiseSigmaGray=0.005 fpnSigmaGray=0.003 columnNoiseSigmaGray=0.002 rowNoiseSigmaGray=0.001 badPixelRatio=0.000 noisePosition=BeforeAGC stage6AgcStatsMs=0.000 stage6AgcApplyMs=0.000 agcEnabled=0 agcMode=Percentile agcGain=1.000 agcOffset=0.000 agcLowInput=0.000 agcHighInput=1.000 agcSampleCount=0 readbackMs=1.934 resizeMs=0.000 frameCopyMs=0.711 jpegMs=8.018 tcpSendMs=0.156 tcpQueueDepth=0 tcpQueueDepthMax=1 inputQueueDepth=16 inputQueueDepthMax=16 sourceSeqLag=17 latencyAvgMs=369.924 latencyMaxMs=376.367 syncOverrunCount=1647 inputQueueOverflowCount=0 udpFrames=1704 renderFrames=1686 outputFrames=1687
[Perf][WARN] outputFps=47.843 targetFps=60.000 bottleneckSummary=below_60hz irUpdateMs=1.132 stage5ModtranLookupMs=0.000 stage5RadianceComponentMs=0.570 stage5AeroThermalMs=0.010 stage4HotspotMs=0.672 stage7SkyGroundMs=0.656 shaderInputApplyMs=1.501 annotationMs=2.532 renderMs=18.027 stage6MtfBlurMs=0.000 stage6DetectorNoiseMs=0.000 stage6AgcStatsMs=0.000 readbackMs=1.934 jpegMs=8.018 tcpSendMs=0.156 inputQueueDepth=16 sourceSeqLag=17 note=recorderWriteMs_is_reported_by_VideoDisplay_RecorderPerf
[RenderPerfProbe] pandaDoFrameMs=16.585 renderPath=direct_final graphicsOutputCount=1 activeDisplayRegionCount=1 rawPassEnabled=0 finalPassEnabled=1 annotationOverlayEnabled=0 readbackMode=EveryFrame readbackEveryN=1 copyRamAttached=1 copyRamMode=RTM_copy_ram quietPerfMode=1 bboxFastMode=mesh_body processRealSceneMs=0.213 targetMappingMs=0.130 cameraControlMs=0.015 stage4Stage5UpdateMs=2.311 shaderInputApplyMs=0.000 readbackMs=1.897 frameCopyMs=0.686 jpegMs=8.127 annotationMs=0.004 annotationBBoxMs=0.000 annotationOcclusionMs=0.000 annotationJsonMs=0.000 annotationTargets=5 bboxUpdateCount=283 bboxReuseCount=1414 occlusionUpdateCount=141 occlusionReuseCount=1556 targetUpdateCullInvisible=1 targetUpdateTotal=10 targetUpdateVisible=5 targetUpdateSkippedBeyondFar=0 targetUpdateSkippedShaderApply=0
[AnnotationCollisionCache] platform=AIM120D targetID=3 built=0 reused=1 triangles=1532 solids=1532
[SyncFrame][WARN] inputQueueBackpressure sourceSeq=1757 backpressureCount=1440 queueDepth=16 queueCapacity=16 action=wait_for_space
[TcpPerf] sourceSeq=1774 outputOrdinal=1774 codec=jpeg requestedCodec=jpeg h264En=0 codecFallbackReason=none jpegQuality=95 jpegMode=gray jpegBytes=10408 encodeInputChannels=1 flipMs=2.240 resizeMs=0.000 jpegMs=9.187 tcpSendMs=0.166 queueDepth=0 queueWaitMs=0.001 overwritten=0
接收UDP数据，长度：506字节，来自：192.168.1.188:9999 packet=1800
解析UDP数据，flag：0x38 packet=1800
[Perf] mode=sync videoFpsTarget=60.000 udpFps=47.278 renderFps=47.278 outputFps=47.278 sceneUpdateMs=2.757 annotationMs=2.537 irUpdateMs=1.153 irEnvBuildMs=0.006 stage7SkyGroundMs=0.881 platformRadianceMs=0.020 targetRadianceMs=0.060 stage4HotspotMs=0.668 stage5PlumeMs=0.238 stage5RadianceComponentMs=0.573 stage5AeroThermalMs=0.010 stage5ModtranLookupMs=0.000 shaderInputApplyMs=1.765 shaderInputApplyScope=exclusive stage7SkyGroundScope=inclusive stage4HotspotScope=inclusive shaderInputSetCount=560 shaderInputSkipCount=23120 shaderInputCacheHitRate=97.635 stage5ModtranCacheHitCount=0 stage5ModtranCacheMissCount=0 stage7FullUpdateCount=16 stage7PositionOnlyCount=32 stage7SkipCount=0 stage4UpdateCount=0 stage4SkipCount=240 plumeUpdateMs=0.261 renderMs=18.305 stage6MtfBlurMs=0.000 stage6MtfBlurScope=render_pass_upper_bound mtfBlurEnabled=0 mtfBlurSigmaPixels=0.650 mtfBlurRadiusPixels=2 stage6DetectorNoiseMs=0.000 stage6DetectorNoiseScope=render_pass_upper_bound detectorNoiseEnabled=0 temporalNoiseSigmaGray=0.005 fpnSigmaGray=0.003 columnNoiseSigmaGray=0.002 rowNoiseSigmaGray=0.001 badPixelRatio=0.000 noisePosition=BeforeAGC stage6AgcStatsMs=0.000 stage6AgcApplyMs=0.000 agcEnabled=0 agcMode=Percentile agcGain=1.000 agcOffset=0.000 agcLowInput=0.000 agcHighInput=1.000 agcSampleCount=0 readbackMs=1.934 resizeMs=0.000 frameCopyMs=0.710 jpegMs=8.228 tcpSendMs=0.168 tcpQueueDepth=0 tcpQueueDepthMax=1 inputQueueDepth=16 inputQueueDepthMax=16 sourceSeqLag=17 latencyAvgMs=377.521 latencyMaxMs=386.794 syncOverrunCount=1757 inputQueueOverflowCount=0 udpFrames=1799 renderFrames=1781 outputFrames=1782
[Perf][WARN] outputFps=47.278 targetFps=60.000 bottleneckSummary=below_60hz irUpdateMs=1.153 stage5ModtranLookupMs=0.000 stage5RadianceComponentMs=0.573 stage5AeroThermalMs=0.010 stage4HotspotMs=0.668 stage7SkyGroundMs=0.881 shaderInputApplyMs=1.765 annotationMs=2.537 renderMs=18.305 stage6MtfBlurMs=0.000 stage6DetectorNoiseMs=0.000 stage6AgcStatsMs=0.000 readbackMs=1.934 jpegMs=8.228 tcpSendMs=0.168 inputQueueDepth=16 sourceSeqLag=17 note=recorderWriteMs_is_reported_by_VideoDisplay_RecorderPerf
[Stage0] Display packet #1800: platID=1, sensorID=1, targetNumValid=5, timeMs=1.78246e+12
处理实时成像数据...
实时数据更新完成，时间戳=1.78246e+12ms
实时数据更新完成，时间戳=1.78246e+12ms
[CameraControl] mode=lookat targetPlatID=3 targetID=34 relPitch=-16.7258 relYaw=8.99748 range=12909.5
[Stage6 FrameDiag] frameIndex=1.78246e+12 packet=1816 band=MWIR whiteHot=1 displayGain=1 displayOffset=0 noiseEnable=0 noiseSigmaGray=0 route=final_sensor targetVisibleCount=5 targetMappedCount=5 hiddenByTargetNum=0 hiddenByTargetViewValid=0 hiddenByWeaponViewValid=0 beyondFarClip=0 skyVisible=1 cameraHpr=-8.99748,-16.7258,0 sensorFovH=0.0999999 sensorFovV=0.0999999 near=1 far=50000
[AnnotationFastPath] enabled=1 frame=1800 bboxDue=0 occlusionDue=0 updateProjection=0 reused=1 bboxUpdateHz=10 occlusionUpdateHz=5 reuseLastWhenSkipped=1 drawOverlay=0 jsonPerFrame=1 quietPerfMode=1 bboxUpdateCount=300 bboxReuseCount=1500 occlusionUpdateCount=149 occlusionReuseCount=1651
[ScenePerfProbe] sourceSeq=1800 processRealSceneMs=0.315 targetMappingMs=0.139 cameraControlMs=0.076 stage4Stage5UpdateMs=2.082 shaderInputApplyMs=0.000 annotationComputeMs=0.013 annotationBBoxMs=0.000 annotationOcclusionMs=0.000 annotationJsonMs=0.000 pandaDoFrameMs=17.429 readbackMs=1.891 frameCopyMs=0.722 jpegMs=9.134 readbackMode=EveryFrame copyRamAttached=1 quietPerfMode=1 bboxFastMode=mesh_body annotationFastJsonMode=1 annotationOverlayInSensorImage=0 annotationJsonPerFrame=1 bboxUpdateCount=300 bboxReuseCount=1500 occlusionUpdateCount=149 occlusionReuseCount=1651 targetUpdateCullInvisible=1 targetUpdateTotal=10 targetUpdateVisible=5 targetUpdateSkippedBeyondFar=0 targetUpdateSkippedShaderApply=0
[Stage6 Capture] frameWidth=800 frameHeight=800 tcpWidth=800 tcpHeight=800 renderTextureWidth=800 renderTextureHeight=800 textureCropApplied=0 source=final_sensor channels=RGB8 readbackMode=EveryFrame readbackEveryN=1 copyRamAttached=1 copyRamMode=RTM_copy_ram tcpFrameReused=0 diagnostic_only=0 renderPath=direct_final sourceSeq=1800 readbackMs=2.25079 resizeMs=0 frameCopyMs=0.717792 tcpQueueDepth=1 annotationJsonPerFrame=1 annotationOverlayInSensorImage=0
[Stage5 Plume] targetType=0x22 targetPlatID=3 targetID=3 platform=AIM120D engineState=1 band=MWIR coreEnabled=1 haloEnabled=1 coreTempK=1800 haloTempK=1100 coreGray=1 haloGray=0.789749 coreOpacity=1 haloOpacity=0.405 coreVisible=1 haloVisible=1
[TcpFramePacket] frame=1800 imgBytes=10667 annotationBytes=1800 targets=5 width=800 height=800
[TcpPerf] sourceSeq=1800 outputOrdinal=1800 codec=jpeg requestedCodec=jpeg h264En=0 codecFallbackReason=none jpegQuality=95 jpegMode=gray jpegBytes=10667 encodeInputChannels=1 flipMs=2.118 resizeMs=0.000 jpegMs=8.125 tcpSendMs=0.147 queueDepth=0 queueWaitMs=0.001 overwritten=0
[SyncFrame] sourceSeq=1800 outputOrdinal=1800 inputQueueDepth=16 tcpQueueDepth=0 sourceSeqContinuous=1 videoFpsTarget=60.000 frameMs=14.184 latencyMs=372.414 readbackMs=2.251 flipMs=2.118 resizeMs=0.000 jpegMs=8.125 tcpSendMs=0.147 overrun=0 overwritten=0
[Stage6 MTF] sourceSeq=1800 enabled=0 effective=0 mode=GaussianSeparable effectiveMode=GaussianSinglePassSeparableWeights sigmaPixels=0.65 radiusPixels=2 passes=1 applyTo=final_display inputSize=800x800 outputSize=800x800 stage6MtfBlurMs=0 stage6MtfBlurScope=render_pass_upper_bound implementation=single_pass_gpu_separable_weights todo=true_two_pass_separable_if_needed
[Stage6 Noise] sourceSeq=1800 enabled=0 effective=0 applyTo=final_display position=BeforeAGC temporalEnabled=1 temporalSigma=0.005 fpnEnabled=0 fpnSigma=0.003 columnEnabled=0 columnSigma=0.002 rowEnabled=0 rowSigma=0.001 badPixelEnabled=0 badPixelRatio=0.0001 seed=12345 stage6DetectorNoiseMs=0 stage6DetectorNoiseScope=render_pass_upper_bound implementation=single_pass_gpu_hash_noise
[Stage6 AGC] sourceSeq=1800 enabled=0 effective=0 mode=Percentile statsSource=previous_readback updateHz=30 sampleCount=0 lowPercentile=2 highPercentile=98 lowInput=0 highInput=1 gain=1 offset=0 gainSmoothed=1 offsetSmoothed=0 valid=0 fallbackReason=disabled stage6AgcStatsMs=0
[RenderPerfProbe] pandaDoFrameMs=16.933 renderPath=direct_final graphicsOutputCount=1 activeDisplayRegionCount=1 rawPassEnabled=0 finalPassEnabled=1 annotationOverlayEnabled=0 readbackMode=EveryFrame readbackEveryN=1 copyRamAttached=1 copyRamMode=RTM_copy_ram quietPerfMode=1 bboxFastMode=mesh_body processRealSceneMs=0.220 targetMappingMs=0.135 cameraControlMs=0.015 stage4Stage5UpdateMs=2.448 shaderInputApplyMs=0.000 readbackMs=1.905 frameCopyMs=0.685 jpegMs=8.756 annotationMs=0.003 annotationBBoxMs=0.000 annotationOcclusionMs=0.000 annotationJsonMs=0.000 annotationTargets=5 bboxUpdateCount=303 bboxReuseCount=1514 occlusionUpdateCount=151 occlusionReuseCount=1666 targetUpdateCullInvisible=1 targetUpdateTotal=10 targetUpdateVisible=5 targetUpdateSkippedBeyondFar=0 targetUpdateSkippedShaderApply=0
[SyncFrame][WARN] inputQueueBackpressure sourceSeq=1877 backpressureCount=1560 queueDepth=16 queueCapacity=16 action=wait_for_space
[Perf] mode=sync videoFpsTarget=60.000 udpFps=47.277 renderFps=47.277 outputFps=47.277 sceneUpdateMs=2.905 annotationMs=2.677 irUpdateMs=1.096 irEnvBuildMs=0.005 stage7SkyGroundMs=0.649 platformRadianceMs=0.013 targetRadianceMs=0.070 stage4HotspotMs=0.714 stage5PlumeMs=0.233 stage5RadianceComponentMs=0.591 stage5AeroThermalMs=0.010 stage5ModtranLookupMs=0.000 shaderInputApplyMs=1.548 shaderInputApplyScope=exclusive stage7SkyGroundScope=inclusive stage4HotspotScope=inclusive shaderInputSetCount=549 shaderInputSkipCount=22693 shaderInputCacheHitRate=97.638 stage5ModtranCacheHitCount=0 stage5ModtranCacheMissCount=0 stage7FullUpdateCount=16 stage7PositionOnlyCount=31 stage7SkipCount=0 stage4UpdateCount=0 stage4SkipCount=235 plumeUpdateMs=0.249 renderMs=18.147 stage6MtfBlurMs=0.000 stage6MtfBlurScope=render_pass_upper_bound mtfBlurEnabled=0 mtfBlurSigmaPixels=0.650 mtfBlurRadiusPixels=2 stage6DetectorNoiseMs=0.000 stage6DetectorNoiseScope=render_pass_upper_bound detectorNoiseEnabled=0 temporalNoiseSigmaGray=0.005 fpnSigmaGray=0.003 columnNoiseSigmaGray=0.002 rowNoiseSigmaGray=0.001 badPixelRatio=0.000 noisePosition=BeforeAGC stage6AgcStatsMs=0.000 stage6AgcApplyMs=0.000 agcEnabled=0 agcMode=Percentile agcGain=1.000 agcOffset=0.000 agcLowInput=0.000 agcHighInput=1.000 agcSampleCount=0 readbackMs=1.951 resizeMs=0.000 frameCopyMs=0.711 jpegMs=8.241 tcpSendMs=0.162 tcpQueueDepth=0 tcpQueueDepthMax=1 inputQueueDepth=16 inputQueueDepthMax=16 sourceSeqLag=17 latencyAvgMs=374.193 latencyMaxMs=384.902 syncOverrunCount=1868 inputQueueOverflowCount=0 udpFrames=1894 renderFrames=1876 outputFrames=1877
[Perf][WARN] outputFps=47.277 targetFps=60.000 bottleneckSummary=below_60hz irUpdateMs=1.096 stage5ModtranLookupMs=0.000 stage5RadianceComponentMs=0.591 stage5AeroThermalMs=0.010 stage4HotspotMs=0.714 stage7SkyGroundMs=0.649 shaderInputApplyMs=1.548 annotationMs=2.677 renderMs=18.147 stage6MtfBlurMs=0.000 stage6DetectorNoiseMs=0.000 stage6AgcStatsMs=0.000 readbackMs=1.951 jpegMs=8.241 tcpSendMs=0.162 inputQueueDepth=16 sourceSeqLag=17 note=recorderWriteMs_is_reported_by_VideoDisplay_RecorderPerf
[TcpPerf] sourceSeq=1895 outputOrdinal=1895 codec=jpeg requestedCodec=jpeg h264En=0 codecFallbackReason=none jpegQuality=95 jpegMode=gray jpegBytes=9876 encodeInputChannels=1 flipMs=2.135 resizeMs=0.000 jpegMs=8.017 tcpSendMs=0.160 queueDepth=0 queueWaitMs=0.001 overwritten=0
接收UDP数据，长度：506字节，来自：192.168.1.188:9999 packet=1920
解析UDP数据，flag：0x38 packet=1920
[Stage0] Display packet #1920: platID=1, sensorID=1, targetNumValid=5, timeMs=1.78246e+12
处理实时成像数据...
实时数据更新完成，时间戳=1.78246e+12ms
实时数据更新完成，时间戳=1.78246e+12ms
[Stage5 PlumePerf] plumeNodeCount=16 visiblePlumeCount=2 textureLoadCountThisFrame=0 updateHz=30 updatePlumeMs=0.253449 updatePlumeMsMax=0.457624 perfBudgetMs=1
[TargetUpdateCull] enabled=1 total=10 visible=5 skippedBeyondFar=0 skippedShaderApply=0 shaderInputApplyMs=1.53183 stage4Stage5UpdateMs=2.57629
[CameraControl] mode=lookat targetPlatID=3 targetID=34 relPitch=-17.6693 relYaw=9.16326 range=12143
[Stage6 FrameDiag] frameIndex=1.78246e+12 packet=1936 band=MWIR whiteHot=1 displayGain=1 displayOffset=0 noiseEnable=0 noiseSigmaGray=0 route=final_sensor targetVisibleCount=5 targetMappedCount=5 hiddenByTargetNum=0 hiddenByTargetViewValid=0 hiddenByWeaponViewValid=0 beyondFarClip=0 skyVisible=1 cameraHpr=-9.16326,-17.6693,0 sensorFovH=0.0999999 sensorFovV=0.0999999 near=1 far=50000
[AnnotationFastPath] enabled=1 frame=1920 bboxDue=0 occlusionDue=0 updateProjection=0 reused=1 bboxUpdateHz=10 occlusionUpdateHz=5 reuseLastWhenSkipped=1 drawOverlay=0 jsonPerFrame=1 quietPerfMode=1 bboxUpdateCount=320 bboxReuseCount=1600 occlusionUpdateCount=159 occlusionReuseCount=1761
[ScenePerfProbe] sourceSeq=1920 processRealSceneMs=0.373 targetMappingMs=0.195 cameraControlMs=0.078 stage4Stage5UpdateMs=2.070 shaderInputApplyMs=0.000 annotationComputeMs=0.013 annotationBBoxMs=0.000 annotationOcclusionMs=0.000 annotationJsonMs=0.000 pandaDoFrameMs=16.784 readbackMs=1.901 frameCopyMs=0.682 jpegMs=7.784 readbackMode=EveryFrame copyRamAttached=1 quietPerfMode=1 bboxFastMode=mesh_body annotationFastJsonMode=1 annotationOverlayInSensorImage=0 annotationJsonPerFrame=1 bboxUpdateCount=320 bboxReuseCount=1600 occlusionUpdateCount=159 occlusionReuseCount=1761 targetUpdateCullInvisible=1 targetUpdateTotal=10 targetUpdateVisible=5 targetUpdateSkippedBeyondFar=0 targetUpdateSkippedShaderApply=0
[Stage6 Capture] frameWidth=800 frameHeight=800 tcpWidth=800 tcpHeight=800 renderTextureWidth=800 renderTextureHeight=800 textureCropApplied=0 source=final_sensor channels=RGB8 readbackMode=EveryFrame readbackEveryN=1 copyRamAttached=1 copyRamMode=RTM_copy_ram tcpFrameReused=0 diagnostic_only=0 renderPath=direct_final sourceSeq=1920 readbackMs=1.90458 resizeMs=0 frameCopyMs=0.69825 tcpQueueDepth=1 annotationJsonPerFrame=1 annotationOverlayInSensorImage=0
[Stage5 Plume] targetType=0x22 targetPlatID=3 targetID=3 platform=AIM120D engineState=1 band=MWIR coreEnabled=1 haloEnabled=1 coreTempK=1800 haloTempK=1100 coreGray=1 haloGray=0.789749 coreOpacity=1 haloOpacity=0.405 coreVisible=1 haloVisible=1
[TcpFramePacket] frame=1920 imgBytes=10085 annotationBytes=1800 targets=5 width=800 height=800
[TcpPerf] sourceSeq=1920 outputOrdinal=1920 codec=jpeg requestedCodec=jpeg h264En=0 codecFallbackReason=none jpegQuality=95 jpegMode=gray jpegBytes=10085 encodeInputChannels=1 flipMs=2.247 resizeMs=0.000 jpegMs=9.308 tcpSendMs=0.155 queueDepth=0 queueWaitMs=0.001 overwritten=0
[SyncFrame] sourceSeq=1920 outputOrdinal=1920 inputQueueDepth=16 tcpQueueDepth=0 sourceSeqContinuous=1 videoFpsTarget=60.000 frameMs=15.211 latencyMs=371.391 readbackMs=1.905 flipMs=2.247 resizeMs=0.000 jpegMs=9.308 tcpSendMs=0.155 overrun=0 overwritten=0
[Stage6 MTF] sourceSeq=1920 enabled=0 effective=0 mode=GaussianSeparable effectiveMode=GaussianSinglePassSeparableWeights sigmaPixels=0.65 radiusPixels=2 passes=1 applyTo=final_display inputSize=800x800 outputSize=800x800 stage6MtfBlurMs=0 stage6MtfBlurScope=render_pass_upper_bound implementation=single_pass_gpu_separable_weights todo=true_two_pass_separable_if_needed
[Stage6 Noise] sourceSeq=1920 enabled=0 effective=0 applyTo=final_display position=BeforeAGC temporalEnabled=1 temporalSigma=0.005 fpnEnabled=0 fpnSigma=0.003 columnEnabled=0 columnSigma=0.002 rowEnabled=0 rowSigma=0.001 badPixelEnabled=0 badPixelRatio=0.0001 seed=12345 stage6DetectorNoiseMs=0 stage6DetectorNoiseScope=render_pass_upper_bound implementation=single_pass_gpu_hash_noise
[Stage6 AGC] sourceSeq=1920 enabled=0 effective=0 mode=Percentile statsSource=previous_readback updateHz=30 sampleCount=0 lowPercentile=2 highPercentile=98 lowInput=0 highInput=1 gain=1 offset=0 gainSmoothed=1 offsetSmoothed=0 valid=0 fallbackReason=disabled stage6AgcStatsMs=0
[RenderPerfProbe] pandaDoFrameMs=16.524 renderPath=direct_final graphicsOutputCount=1 activeDisplayRegionCount=1 rawPassEnabled=0 finalPassEnabled=1 annotationOverlayEnabled=0 readbackMode=EveryFrame readbackEveryN=1 copyRamAttached=1 copyRamMode=RTM_copy_ram quietPerfMode=1 bboxFastMode=mesh_body processRealSceneMs=0.207 targetMappingMs=0.125 cameraControlMs=0.015 stage4Stage5UpdateMs=2.148 shaderInputApplyMs=0.000 readbackMs=1.837 frameCopyMs=0.710 jpegMs=9.153 annotationMs=0.004 annotationBBoxMs=0.000 annotationOcclusionMs=0.000 annotationJsonMs=0.000 annotationTargets=5 bboxUpdateCount=323 bboxReuseCount=1614 occlusionUpdateCount=161 occlusionReuseCount=1776 targetUpdateCullInvisible=1 targetUpdateTotal=10 targetUpdateVisible=5 targetUpdateSkippedBeyondFar=0 targetUpdateSkippedShaderApply=0
[Perf] mode=sync videoFpsTarget=60.000 udpFps=47.765 renderFps=47.765 outputFps=47.765 sceneUpdateMs=2.833 annotationMs=2.605 irUpdateMs=1.118 irEnvBuildMs=0.005 stage7SkyGroundMs=0.684 platformRadianceMs=0.016 targetRadianceMs=0.069 stage4HotspotMs=0.676 stage5PlumeMs=0.238 stage5RadianceComponentMs=0.570 stage5AeroThermalMs=0.011 stage5ModtranLookupMs=0.000 shaderInputApplyMs=1.532 shaderInputApplyScope=exclusive stage7SkyGroundScope=inclusive stage4HotspotScope=inclusive shaderInputSetCount=560 shaderInputSkipCount=23120 shaderInputCacheHitRate=97.635 stage5ModtranCacheHitCount=0 stage5ModtranCacheMissCount=0 stage7FullUpdateCount=16 stage7PositionOnlyCount=32 stage7SkipCount=0 stage4UpdateCount=0 stage4SkipCount=240 plumeUpdateMs=0.248 renderMs=17.997 stage6MtfBlurMs=0.000 stage6MtfBlurScope=render_pass_upper_bound mtfBlurEnabled=0 mtfBlurSigmaPixels=0.650 mtfBlurRadiusPixels=2 stage6DetectorNoiseMs=0.000 stage6DetectorNoiseScope=render_pass_upper_bound detectorNoiseEnabled=0 temporalNoiseSigmaGray=0.005 fpnSigmaGray=0.003 columnNoiseSigmaGray=0.002 rowNoiseSigmaGray=0.001 badPixelRatio=0.000 noisePosition=BeforeAGC stage6AgcStatsMs=0.000 stage6AgcApplyMs=0.000 agcEnabled=0 agcMode=Percentile agcGain=1.000 agcOffset=0.000 agcLowInput=0.000 agcHighInput=1.000 agcSampleCount=0 readbackMs=1.900 resizeMs=0.000 frameCopyMs=0.701 jpegMs=8.442 tcpSendMs=0.166 tcpQueueDepth=0 tcpQueueDepthMax=1 inputQueueDepth=16 inputQueueDepthMax=16 sourceSeqLag=17 latencyAvgMs=370.976 latencyMaxMs=383.559 syncOverrunCount=1980 inputQueueOverflowCount=0 udpFrames=1990 renderFrames=1972 outputFrames=1973
[Perf][WARN] outputFps=47.765 targetFps=60.000 bottleneckSummary=below_60hz irUpdateMs=1.118 stage5ModtranLookupMs=0.000 stage5RadianceComponentMs=0.570 stage5AeroThermalMs=0.011 stage4HotspotMs=0.676 stage7SkyGroundMs=0.684 shaderInputApplyMs=1.532 annotationMs=2.605 renderMs=17.997 stage6MtfBlurMs=0.000 stage6DetectorNoiseMs=0.000 stage6AgcStatsMs=0.000 readbackMs=1.900 jpegMs=8.442 tcpSendMs=0.166 inputQueueDepth=16 sourceSeqLag=17 note=recorderWriteMs_is_reported_by_VideoDisplay_RecorderPerf
[SyncFrame][WARN] inputQueueBackpressure sourceSeq=1997 backpressureCount=1680 queueDepth=16 queueCapacity=16 action=wait_for_space
[TcpPerf] sourceSeq=2016 outputOrdinal=2016 codec=jpeg requestedCodec=jpeg h264En=0 codecFallbackReason=none jpegQuality=95 jpegMode=gray jpegBytes=11029 encodeInputChannels=1 flipMs=2.109 resizeMs=0.000 jpegMs=9.074 tcpSendMs=0.166 queueDepth=0 queueWaitMs=0.001 overwritten=0
[AnnotationCollisionCache] platform=AIM120D targetID=3 built=0 reused=1 triangles=1532 solids=1532
接收UDP数据，长度：506字节，来自：192.168.1.188:9999 packet=2040
解析UDP数据，flag：0x38 packet=2040
[Stage0] Display packet #2040: platID=1, sensorID=1, targetNumValid=5, timeMs=1.78246e+12
处理实时成像数据...
实时数据更新完成，时间戳=1.78246e+12ms
实时数据更新完成，时间戳=1.78246e+12ms
[CameraControl] mode=lookat targetPlatID=3 targetID=34 relPitch=-18.5883 relYaw=9.58047 range=11371.3
[Stage6 FrameDiag] frameIndex=1.78246e+12 packet=2056 band=MWIR whiteHot=1 displayGain=1 displayOffset=0 noiseEnable=0 noiseSigmaGray=0 route=final_sensor targetVisibleCount=5 targetMappedCount=5 hiddenByTargetNum=0 hiddenByTargetViewValid=0 hiddenByWeaponViewValid=0 beyondFarClip=0 skyVisible=1 cameraHpr=-9.58047,-18.5883,0 sensorFovH=0.0999999 sensorFovV=0.0999999 near=1 far=50000
[AnnotationFastPath] enabled=1 frame=2040 bboxDue=0 occlusionDue=0 updateProjection=0 reused=1 bboxUpdateHz=10 occlusionUpdateHz=5 reuseLastWhenSkipped=1 drawOverlay=0 jsonPerFrame=1 quietPerfMode=1 bboxUpdateCount=340 bboxReuseCount=1700 occlusionUpdateCount=169 occlusionReuseCount=1871
[ScenePerfProbe] sourceSeq=2040 processRealSceneMs=0.314 targetMappingMs=0.138 cameraControlMs=0.071 stage4Stage5UpdateMs=2.106 shaderInputApplyMs=0.000 annotationComputeMs=0.012 annotationBBoxMs=0.000 annotationOcclusionMs=0.000 annotationJsonMs=0.000 pandaDoFrameMs=17.488 readbackMs=1.865 frameCopyMs=0.694 jpegMs=9.005 readbackMode=EveryFrame copyRamAttached=1 quietPerfMode=1 bboxFastMode=mesh_body annotationFastJsonMode=1 annotationOverlayInSensorImage=0 annotationJsonPerFrame=1 bboxUpdateCount=340 bboxReuseCount=1700 occlusionUpdateCount=169 occlusionReuseCount=1871 targetUpdateCullInvisible=1 targetUpdateTotal=10 targetUpdateVisible=5 targetUpdateSkippedBeyondFar=0 targetUpdateSkippedShaderApply=0
[Stage6 Capture] frameWidth=800 frameHeight=800 tcpWidth=800 tcpHeight=800 renderTextureWidth=800 renderTextureHeight=800 textureCropApplied=0 source=final_sensor channels=RGB8 readbackMode=EveryFrame readbackEveryN=1 copyRamAttached=1 copyRamMode=RTM_copy_ram tcpFrameReused=0 diagnostic_only=0 renderPath=direct_final sourceSeq=2040 readbackMs=1.88446 resizeMs=0 frameCopyMs=0.679583 tcpQueueDepth=1 annotationJsonPerFrame=1 annotationOverlayInSensorImage=0
[Stage5 Plume] targetType=0x22 targetPlatID=3 targetID=3 platform=AIM120D engineState=1 band=MWIR coreEnabled=1 haloEnabled=1 coreTempK=1800 haloTempK=1100 coreGray=1 haloGray=0.789749 coreOpacity=1 haloOpacity=0.405 coreVisible=1 haloVisible=1
[TcpFramePacket] frame=2040 imgBytes=11305 annotationBytes=1800 targets=5 width=800 height=800
[TcpPerf] sourceSeq=2040 outputOrdinal=2040 codec=jpeg requestedCodec=jpeg h264En=0 codecFallbackReason=none jpegQuality=95 jpegMode=gray jpegBytes=11305 encodeInputChannels=1 flipMs=2.148 resizeMs=0.000 jpegMs=7.763 tcpSendMs=0.152 queueDepth=0 queueWaitMs=0.001 overwritten=0
[SyncFrame] sourceSeq=2040 outputOrdinal=2040 inputQueueDepth=16 tcpQueueDepth=0 sourceSeqContinuous=1 videoFpsTarget=60.000 frameMs=13.370 latencyMs=371.737 readbackMs=1.884 flipMs=2.148 resizeMs=0.000 jpegMs=7.763 tcpSendMs=0.152 overrun=0 overwritten=0
[Stage6 MTF] sourceSeq=2040 enabled=0 effective=0 mode=GaussianSeparable effectiveMode=GaussianSinglePassSeparableWeights sigmaPixels=0.65 radiusPixels=2 passes=1 applyTo=final_display inputSize=800x800 outputSize=800x800 stage6MtfBlurMs=0 stage6MtfBlurScope=render_pass_upper_bound implementation=single_pass_gpu_separable_weights todo=true_two_pass_separable_if_needed
[Stage6 Noise] sourceSeq=2040 enabled=0 effective=0 applyTo=final_display position=BeforeAGC temporalEnabled=1 temporalSigma=0.005 fpnEnabled=0 fpnSigma=0.003 columnEnabled=0 columnSigma=0.002 rowEnabled=0 rowSigma=0.001 badPixelEnabled=0 badPixelRatio=0.0001 seed=12345 stage6DetectorNoiseMs=0 stage6DetectorNoiseScope=render_pass_upper_bound implementation=single_pass_gpu_hash_noise
[Stage6 AGC] sourceSeq=2040 enabled=0 effective=0 mode=Percentile statsSource=previous_readback updateHz=30 sampleCount=0 lowPercentile=2 highPercentile=98 lowInput=0 highInput=1 gain=1 offset=0 gainSmoothed=1 offsetSmoothed=0 valid=0 fallbackReason=disabled stage6AgcStatsMs=0
[RenderPerfProbe] pandaDoFrameMs=16.960 renderPath=direct_final graphicsOutputCount=1 activeDisplayRegionCount=1 rawPassEnabled=0 finalPassEnabled=1 annotationOverlayEnabled=0 readbackMode=EveryFrame readbackEveryN=1 copyRamAttached=1 copyRamMode=RTM_copy_ram quietPerfMode=1 bboxFastMode=mesh_body processRealSceneMs=0.215 targetMappingMs=0.134 cameraControlMs=0.013 stage4Stage5UpdateMs=2.018 shaderInputApplyMs=0.000 readbackMs=1.867 frameCopyMs=0.689 jpegMs=7.490 annotationMs=0.003 annotationBBoxMs=0.000 annotationOcclusionMs=0.000 annotationJsonMs=0.000 annotationTargets=5 bboxUpdateCount=343 bboxReuseCount=1714 occlusionUpdateCount=171 occlusionReuseCount=1886 targetUpdateCullInvisible=1 targetUpdateTotal=10 targetUpdateVisible=5 targetUpdateSkippedBeyondFar=0 targetUpdateSkippedShaderApply=0
[Perf] mode=sync videoFpsTarget=60.000 udpFps=47.445 renderFps=47.445 outputFps=47.445 sceneUpdateMs=2.922 annotationMs=2.695 irUpdateMs=1.128 irEnvBuildMs=0.006 stage7SkyGroundMs=0.825 platformRadianceMs=0.015 targetRadianceMs=0.063 stage4HotspotMs=0.674 stage5PlumeMs=0.234 stage5RadianceComponentMs=0.570 stage5AeroThermalMs=0.010 stage5ModtranLookupMs=0.000 shaderInputApplyMs=1.573 shaderInputApplyScope=exclusive stage7SkyGroundScope=inclusive stage4HotspotScope=inclusive shaderInputSetCount=560 shaderInputSkipCount=23120 shaderInputCacheHitRate=97.635 stage5ModtranCacheHitCount=0 stage5ModtranCacheMissCount=0 stage7FullUpdateCount=16 stage7PositionOnlyCount=32 stage7SkipCount=0 stage4UpdateCount=0 stage4SkipCount=240 plumeUpdateMs=0.253 renderMs=18.075 stage6MtfBlurMs=0.000 stage6MtfBlurScope=render_pass_upper_bound mtfBlurEnabled=0 mtfBlurSigmaPixels=0.650 mtfBlurRadiusPixels=2 stage6DetectorNoiseMs=0.000 stage6DetectorNoiseScope=render_pass_upper_bound detectorNoiseEnabled=0 temporalNoiseSigmaGray=0.005 fpnSigmaGray=0.003 columnNoiseSigmaGray=0.002 rowNoiseSigmaGray=0.001 badPixelRatio=0.000 noisePosition=BeforeAGC stage6AgcStatsMs=0.000 stage6AgcApplyMs=0.000 agcEnabled=0 agcMode=Percentile agcGain=1.000 agcOffset=0.000 agcLowInput=0.000 agcHighInput=1.000 agcSampleCount=0 readbackMs=1.924 resizeMs=0.000 frameCopyMs=0.706 jpegMs=8.287 tcpSendMs=0.168 tcpQueueDepth=0 tcpQueueDepthMax=1 inputQueueDepth=16 inputQueueDepthMax=16 sourceSeqLag=17 latencyAvgMs=372.635 latencyMaxMs=380.640 syncOverrunCount=2091 inputQueueOverflowCount=0 udpFrames=2085 renderFrames=2067 outputFrames=2068
[Perf][WARN] outputFps=47.445 targetFps=60.000 bottleneckSummary=below_60hz irUpdateMs=1.128 stage5ModtranLookupMs=0.000 stage5RadianceComponentMs=0.570 stage5AeroThermalMs=0.010 stage4HotspotMs=0.674 stage7SkyGroundMs=0.825 shaderInputApplyMs=1.573 annotationMs=2.695 renderMs=18.075 stage6MtfBlurMs=0.000 stage6DetectorNoiseMs=0.000 stage6AgcStatsMs=0.000 readbackMs=1.924 jpegMs=8.287 tcpSendMs=0.168 inputQueueDepth=16 sourceSeqLag=17 note=recorderWriteMs_is_reported_by_VideoDisplay_RecorderPerf
[SyncFrame][WARN] inputQueueBackpressure sourceSeq=2117 backpressureCount=1800 queueDepth=16 queueCapacity=16 action=wait_for_space
[TcpPerf] sourceSeq=2135 outputOrdinal=2135 codec=jpeg requestedCodec=jpeg h264En=0 codecFallbackReason=none jpegQuality=95 jpegMode=gray jpegBytes=11423 encodeInputChannels=1 flipMs=2.266 resizeMs=0.000 jpegMs=9.076 tcpSendMs=0.199 queueDepth=0 queueWaitMs=0.001 overwritten=0
接收UDP数据，长度：506字节，来自：192.168.1.188:9999 packet=2160
解析UDP数据，flag：0x38 packet=2160
[Stage0] Display packet #2160: platID=1, sensorID=1, targetNumValid=5, timeMs=1.78246e+12
处理实时成像数据...
实时数据更新完成，时间戳=1.78246e+12ms
实时数据更新完成，时间戳=1.78246e+12ms
[Stage5 PlumePerf] plumeNodeCount=16 visiblePlumeCount=2 textureLoadCountThisFrame=0 updateHz=30 updatePlumeMs=0.252118 updatePlumeMsMax=0.340666 perfBudgetMs=1
[TargetUpdateCull] enabled=1 total=10 visible=5 skippedBeyondFar=0 skippedShaderApply=0 shaderInputApplyMs=1.73483 stage4Stage5UpdateMs=2.78921
[CameraControl] mode=lookat targetPlatID=3 targetID=34 relPitch=-19.5073 relYaw=10.0705 range=10660.6
[Stage6 FrameDiag] frameIndex=1.78246e+12 packet=2176 band=MWIR whiteHot=1 displayGain=1 displayOffset=0 noiseEnable=0 noiseSigmaGray=0 route=final_sensor targetVisibleCount=5 targetMappedCount=5 hiddenByTargetNum=0 hiddenByTargetViewValid=0 hiddenByWeaponViewValid=0 beyondFarClip=0 skyVisible=1 cameraHpr=-10.0705,-19.5073,0 sensorFovH=0.0999999 sensorFovV=0.0999999 near=1 far=50000
[AnnotationFastPath] enabled=1 frame=2160 bboxDue=0 occlusionDue=0 updateProjection=0 reused=1 bboxUpdateHz=10 occlusionUpdateHz=5 reuseLastWhenSkipped=1 drawOverlay=0 jsonPerFrame=1 quietPerfMode=1 bboxUpdateCount=360 bboxReuseCount=1800 occlusionUpdateCount=179 occlusionReuseCount=1981
[ScenePerfProbe] sourceSeq=2160 processRealSceneMs=0.343 targetMappingMs=0.148 cameraControlMs=0.072 stage4Stage5UpdateMs=2.113 shaderInputApplyMs=0.000 annotationComputeMs=0.013 annotationBBoxMs=0.000 annotationOcclusionMs=0.000 annotationJsonMs=0.000 pandaDoFrameMs=16.436 readbackMs=1.875 frameCopyMs=0.685 jpegMs=8.646 readbackMode=EveryFrame copyRamAttached=1 quietPerfMode=1 bboxFastMode=mesh_body annotationFastJsonMode=1 annotationOverlayInSensorImage=0 annotationJsonPerFrame=1 bboxUpdateCount=360 bboxReuseCount=1800 occlusionUpdateCount=179 occlusionReuseCount=1981 targetUpdateCullInvisible=1 targetUpdateTotal=10 targetUpdateVisible=5 targetUpdateSkippedBeyondFar=0 targetUpdateSkippedShaderApply=0
[Stage6 Capture] frameWidth=800 frameHeight=800 tcpWidth=800 tcpHeight=800 renderTextureWidth=800 renderTextureHeight=800 textureCropApplied=0 source=final_sensor channels=RGB8 readbackMode=EveryFrame readbackEveryN=1 copyRamAttached=1 copyRamMode=RTM_copy_ram tcpFrameReused=0 diagnostic_only=0 renderPath=direct_final sourceSeq=2160 readbackMs=1.91829 resizeMs=0 frameCopyMs=0.724209 tcpQueueDepth=1 annotationJsonPerFrame=1 annotationOverlayInSensorImage=0
[Stage5 Plume] targetType=0x22 targetPlatID=3 targetID=3 platform=AIM120D engineState=1 band=MWIR coreEnabled=1 haloEnabled=1 coreTempK=1800 haloTempK=1100 coreGray=1 haloGray=0.789749 coreOpacity=1 haloOpacity=0.405 coreVisible=1 haloVisible=1
[TcpFramePacket] frame=2160 imgBytes=11048 annotationBytes=1800 targets=5 width=800 height=800
[TcpPerf] sourceSeq=2160 outputOrdinal=2160 codec=jpeg requestedCodec=jpeg h264En=0 codecFallbackReason=none jpegQuality=95 jpegMode=gray jpegBytes=11048 encodeInputChannels=1 flipMs=2.295 resizeMs=0.000 jpegMs=9.251 tcpSendMs=0.160 queueDepth=0 queueWaitMs=0.001 overwritten=0
[SyncFrame] sourceSeq=2160 outputOrdinal=2160 inputQueueDepth=16 tcpQueueDepth=0 sourceSeqContinuous=1 videoFpsTarget=60.000 frameMs=15.208 latencyMs=371.738 readbackMs=1.918 flipMs=2.295 resizeMs=0.000 jpegMs=9.251 tcpSendMs=0.160 overrun=0 overwritten=0
[Stage6 MTF] sourceSeq=2160 enabled=0 effective=0 mode=GaussianSeparable effectiveMode=GaussianSinglePassSeparableWeights sigmaPixels=0.65 radiusPixels=2 passes=1 applyTo=final_display inputSize=800x800 outputSize=800x800 stage6MtfBlurMs=0 stage6MtfBlurScope=render_pass_upper_bound implementation=single_pass_gpu_separable_weights todo=true_two_pass_separable_if_needed
[Stage6 Noise] sourceSeq=2160 enabled=0 effective=0 applyTo=final_display position=BeforeAGC temporalEnabled=1 temporalSigma=0.005 fpnEnabled=0 fpnSigma=0.003 columnEnabled=0 columnSigma=0.002 rowEnabled=0 rowSigma=0.001 badPixelEnabled=0 badPixelRatio=0.0001 seed=12345 stage6DetectorNoiseMs=0 stage6DetectorNoiseScope=render_pass_upper_bound implementation=single_pass_gpu_hash_noise
[Stage6 AGC] sourceSeq=2160 enabled=0 effective=0 mode=Percentile statsSource=previous_readback updateHz=30 sampleCount=0 lowPercentile=2 highPercentile=98 lowInput=0 highInput=1 gain=1 offset=0 gainSmoothed=1 offsetSmoothed=0 valid=0 fallbackReason=disabled stage6AgcStatsMs=0
[Perf] mode=sync videoFpsTarget=60.000 udpFps=47.482 renderFps=47.982 outputFps=47.482 sceneUpdateMs=2.877 annotationMs=2.647 irUpdateMs=1.212 irEnvBuildMs=0.005 stage7SkyGroundMs=0.695 platformRadianceMs=0.014 targetRadianceMs=0.070 stage4HotspotMs=0.868 stage5PlumeMs=0.241 stage5RadianceComponentMs=0.759 stage5AeroThermalMs=0.010 stage5ModtranLookupMs=0.000 shaderInputApplyMs=1.699 shaderInputApplyScope=exclusive stage7SkyGroundScope=inclusive stage4HotspotScope=inclusive shaderInputSetCount=693 shaderInputSkipCount=22549 shaderInputCacheHitRate=97.018 stage5ModtranCacheHitCount=0 stage5ModtranCacheMissCount=0 stage7FullUpdateCount=16 stage7PositionOnlyCount=31 stage7SkipCount=0 stage4UpdateCount=0 stage4SkipCount=235 plumeUpdateMs=0.254 renderMs=18.045 stage6MtfBlurMs=0.000 stage6MtfBlurScope=render_pass_upper_bound mtfBlurEnabled=0 mtfBlurSigmaPixels=0.650 mtfBlurRadiusPixels=2 stage6DetectorNoiseMs=0.000 stage6DetectorNoiseScope=render_pass_upper_bound detectorNoiseEnabled=0 temporalNoiseSigmaGray=0.005 fpnSigmaGray=0.003 columnNoiseSigmaGray=0.002 rowNoiseSigmaGray=0.001 badPixelRatio=0.000 noisePosition=BeforeAGC stage6AgcStatsMs=0.000 stage6AgcApplyMs=0.000 agcEnabled=0 agcMode=Percentile agcGain=1.000 agcOffset=0.000 agcLowInput=0.000 agcHighInput=1.000 agcSampleCount=0 readbackMs=1.907 resizeMs=0.000 frameCopyMs=0.703 jpegMs=8.364 tcpSendMs=0.166 tcpQueueDepth=0 tcpQueueDepthMax=1 inputQueueDepth=16 inputQueueDepthMax=16 sourceSeqLag=17 latencyAvgMs=373.036 latencyMaxMs=382.680 syncOverrunCount=2202 inputQueueOverflowCount=0 udpFrames=2180 renderFrames=2163 outputFrames=2163
[Perf][WARN] outputFps=47.482 targetFps=60.000 bottleneckSummary=below_60hz irUpdateMs=1.212 stage5ModtranLookupMs=0.000 stage5RadianceComponentMs=0.759 stage5AeroThermalMs=0.010 stage4HotspotMs=0.868 stage7SkyGroundMs=0.695 shaderInputApplyMs=1.699 annotationMs=2.647 renderMs=18.045 stage6MtfBlurMs=0.000 stage6DetectorNoiseMs=0.000 stage6AgcStatsMs=0.000 readbackMs=1.907 jpegMs=8.364 tcpSendMs=0.166 inputQueueDepth=16 sourceSeqLag=17 note=recorderWriteMs_is_reported_by_VideoDisplay_RecorderPerf
[Stage7 Weather] reason=runtime envSky=0 weatherName=Clear visibilityM=6000 humidity=85 windV=8 windDir=30 cloudCoverage=0 fogDensity=0 precipitationType=none sunDirectScale=1 skyDiffuseScale=1 targetContrastScale=1 source=UDP+weather_profiles+RuntimeConfig
[Stage7 CloudLayer] enabled=0 texture=Config/Weather/Textures/cloud_few.png textureFound=1 coverage=0 opacity=0 temperatureK=255 band=MWIR cloudGray=0.385455
[Stage7 Fog] enabled=0 visibilityM=6000 fogDensity=0 fogGray=0.45 targetContrastScale=1
[Stage7 Precipitation] enabled=0 type=none density=0 speed=0 windV=8 windDir=30 maxHeight=0 transHeight=0
[Stage7 PrecipitationOverlay] mode=ScreenOverlay active=0 type=none density=0 sensorFovDeg=0.0999999 pattern=screen_sparse_low_contrast giantVerticalBars=0 sameOutput=1
[Stage7 Perf] weatherNodeCount=0 cloudNodeCount=0 precipitationNodeCount=0 textureLoadCountThisFrame=0 updateWeatherNodesMs=0.001166 totalWeatherMs=0.010791 precipitationMode=ScreenOverlay
[RenderPerfProbe] pandaDoFrameMs=17.067 renderPath=direct_final graphicsOutputCount=1 activeDisplayRegionCount=1 rawPassEnabled=0 finalPassEnabled=1 annotationOverlayEnabled=0 readbackMode=EveryFrame readbackEveryN=1 copyRamAttached=1 copyRamMode=RTM_copy_ram quietPerfMode=1 bboxFastMode=mesh_body processRealSceneMs=0.212 targetMappingMs=0.133 cameraControlMs=0.016 stage4Stage5UpdateMs=2.411 shaderInputApplyMs=0.000 readbackMs=1.801 frameCopyMs=0.702 jpegMs=5.055 annotationMs=0.003 annotationBBoxMs=0.000 annotationOcclusionMs=0.000 annotationJsonMs=0.000 annotationTargets=5 bboxUpdateCount=363 bboxReuseCount=1814 occlusionUpdateCount=181 occlusionReuseCount=1996 targetUpdateCullInvisible=1 targetUpdateTotal=10 targetUpdateVisible=5 targetUpdateSkippedBeyondFar=0 targetUpdateSkippedShaderApply=0
[Stage7 3DSkyGround] reason=runtime enable=1 band=MWIR envTerrain=0 envSky=0 skyGrayRaw=0.65 groundGrayRaw=0.35 skyGrayFinal=0.65 groundGrayFinal=0.35 skyGray=0.65 groundGray=0.35 skyDome=1 lowerShell=1 groundPlane=0 source=env+band_default
[Stage7 Debug] mode=Off skyVisible=1 groundVisible=1 forcedSkyGray=NA forcedGroundGray=NA
[Stage7 Real3DBackground] skyDome=1 lowerShell=1 flatGroundPlane=0 cameraPos=-712.688,6506.35,512.714 backgroundMode=real_3d
[Stage7 GroundReference] mode=reference_zero groundZOffset=0 finalGroundReferenceZ=0
[Stage7 SkyDomeDiag] cameraPos=-712.688,6506.35,512.714 skyDomePos=-712.688,6506.35,512.714 farClipM=50000 skyRadius=42500 radius=42500 radiusSource=farClip_scaled radiusLessThanFarClip=1 twoSided=1 depthWrite=0 depthTest=0
[Stage7 GroundDiag] groundPos=-712.688,6506.35,512.714 farClipM=50000 groundSize=42500 lowerShellRadius=42500 groundZOffset=0 envTerrain=0 groundGray=0.35
[SyncFrame][WARN] inputQueueBackpressure sourceSeq=2237 backpressureCount=1920 queueDepth=16 queueCapacity=16 action=wait_for_space
[TcpPerf] sourceSeq=2256 outputOrdinal=2256 codec=jpeg requestedCodec=jpeg h264En=0 codecFallbackReason=none jpegQuality=95 jpegMode=gray jpegBytes=11951 encodeInputChannels=1 flipMs=1.029 resizeMs=0.000 jpegMs=4.040 tcpSendMs=0.078 queueDepth=0 queueWaitMs=0.001 overwritten=0
接收UDP数据，长度：506字节，来自：192.168.1.188:9999 packet=2280
解析UDP数据，flag：0x38 packet=2280
[Perf] mode=sync videoFpsTarget=60.000 udpFps=47.841 renderFps=47.343 outputFps=47.841 sceneUpdateMs=2.791 annotationMs=2.570 irUpdateMs=1.364 irEnvBuildMs=0.007 stage7SkyGroundMs=1.060 platformRadianceMs=0.014 targetRadianceMs=0.062 stage4HotspotMs=0.800 stage5PlumeMs=0.216 stage5RadianceComponentMs=0.704 stage5AeroThermalMs=0.009 stage5ModtranLookupMs=0.000 shaderInputApplyMs=1.769 shaderInputApplyScope=exclusive stage7SkyGroundScope=inclusive stage4HotspotScope=inclusive shaderInputSetCount=722 shaderInputSkipCount=22958 shaderInputCacheHitRate=96.951 stage5ModtranCacheHitCount=0 stage5ModtranCacheMissCount=0 stage7FullUpdateCount=16 stage7PositionOnlyCount=32 stage7SkipCount=0 stage4UpdateCount=0 stage4SkipCount=240 plumeUpdateMs=0.284 renderMs=18.108 stage6MtfBlurMs=0.000 stage6MtfBlurScope=render_pass_upper_bound mtfBlurEnabled=0 mtfBlurSigmaPixels=0.650 mtfBlurRadiusPixels=2 stage6DetectorNoiseMs=0.000 stage6DetectorNoiseScope=render_pass_upper_bound detectorNoiseEnabled=0 temporalNoiseSigmaGray=0.005 fpnSigmaGray=0.003 columnNoiseSigmaGray=0.002 rowNoiseSigmaGray=0.001 badPixelRatio=0.000 noisePosition=BeforeAGC stage6AgcStatsMs=0.000 stage6AgcApplyMs=0.000 agcEnabled=0 agcMode=Percentile agcGain=1.000 agcOffset=0.000 agcLowInput=0.000 agcHighInput=1.000 agcSampleCount=0 readbackMs=1.918 resizeMs=0.000 frameCopyMs=0.714 jpegMs=6.158 tcpSendMs=0.090 tcpQueueDepth=0 tcpQueueDepthMax=1 inputQueueDepth=16 inputQueueDepthMax=16 sourceSeqLag=17 latencyAvgMs=368.307 latencyMaxMs=380.602 syncOverrunCount=2315 inputQueueOverflowCount=0 udpFrames=2276 renderFrames=2258 outputFrames=2259
[Perf][WARN] outputFps=47.841 targetFps=60.000 bottleneckSummary=below_60hz irUpdateMs=1.364 stage5ModtranLookupMs=0.000 stage5RadianceComponentMs=0.704 stage5AeroThermalMs=0.009 stage4HotspotMs=0.800 stage7SkyGroundMs=1.060 shaderInputApplyMs=1.769 annotationMs=2.570 renderMs=18.108 stage6MtfBlurMs=0.000 stage6DetectorNoiseMs=0.000 stage6AgcStatsMs=0.000 readbackMs=1.918 jpegMs=6.158 tcpSendMs=0.090 inputQueueDepth=16 sourceSeqLag=17 note=recorderWriteMs_is_reported_by_VideoDisplay_RecorderPerf
[Stage0] Display packet #2280: platID=1, sensorID=1, targetNumValid=5, timeMs=1.78246e+12
处理实时成像数据...
实时数据更新完成，时间戳=1.78246e+12ms
实时数据更新完成，时间戳=1.78246e+12ms
[CameraControl] mode=lookat targetPlatID=3 targetID=34 relPitch=-20.6454 relYaw=10.6674 range=9885.9
[Stage6 FrameDiag] frameIndex=1.78246e+12 packet=2296 band=MWIR whiteHot=1 displayGain=1 displayOffset=0 noiseEnable=0 noiseSigmaGray=0 route=final_sensor targetVisibleCount=5 targetMappedCount=5 hiddenByTargetNum=0 hiddenByTargetViewValid=0 hiddenByWeaponViewValid=0 beyondFarClip=0 skyVisible=1 cameraHpr=-10.6674,-20.6454,0 sensorFovH=0.0999999 sensorFovV=0.0999999 near=1 far=50000
[AnnotationFastPath] enabled=1 frame=2280 bboxDue=0 occlusionDue=0 updateProjection=0 reused=1 bboxUpdateHz=10 occlusionUpdateHz=5 reuseLastWhenSkipped=1 drawOverlay=0 jsonPerFrame=1 quietPerfMode=1 bboxUpdateCount=380 bboxReuseCount=1900 occlusionUpdateCount=189 occlusionReuseCount=2091
[ScenePerfProbe] sourceSeq=2280 processRealSceneMs=0.326 targetMappingMs=0.144 cameraControlMs=0.081 stage4Stage5UpdateMs=2.560 shaderInputApplyMs=0.000 annotationComputeMs=0.012 annotationBBoxMs=0.000 annotationOcclusionMs=0.000 annotationJsonMs=0.000 pandaDoFrameMs=17.184 readbackMs=1.884 frameCopyMs=0.692 jpegMs=8.638 readbackMode=EveryFrame copyRamAttached=1 quietPerfMode=1 bboxFastMode=mesh_body annotationFastJsonMode=1 annotationOverlayInSensorImage=0 annotationJsonPerFrame=1 bboxUpdateCount=380 bboxReuseCount=1900 occlusionUpdateCount=189 occlusionReuseCount=2091 targetUpdateCullInvisible=1 targetUpdateTotal=10 targetUpdateVisible=5 targetUpdateSkippedBeyondFar=0 targetUpdateSkippedShaderApply=0
[Stage6 Capture] frameWidth=800 frameHeight=800 tcpWidth=800 tcpHeight=800 renderTextureWidth=800 renderTextureHeight=800 textureCropApplied=0 source=final_sensor channels=RGB8 readbackMode=EveryFrame readbackEveryN=1 copyRamAttached=1 copyRamMode=RTM_copy_ram tcpFrameReused=0 diagnostic_only=0 renderPath=direct_final sourceSeq=2280 readbackMs=1.95796 resizeMs=0 frameCopyMs=0.695625 tcpQueueDepth=1 annotationJsonPerFrame=1 annotationOverlayInSensorImage=0
[Stage5 Plume] targetType=0x22 targetPlatID=3 targetID=3 platform=AIM120D engineState=1 band=MWIR coreEnabled=1 haloEnabled=1 coreTempK=1800 haloTempK=1100 coreGray=1 haloGray=0.789749 coreOpacity=1 haloOpacity=0.405 coreVisible=1 haloVisible=1
[TcpFramePacket] frame=2280 imgBytes=11964 annotationBytes=1800 targets=5 width=800 height=800
[TcpPerf] sourceSeq=2280 outputOrdinal=2280 codec=jpeg requestedCodec=jpeg h264En=0 codecFallbackReason=none jpegQuality=95 jpegMode=gray jpegBytes=11964 encodeInputChannels=1 flipMs=1.194 resizeMs=0.000 jpegMs=7.069 tcpSendMs=0.089 queueDepth=0 queueWaitMs=0.001 overwritten=0
[SyncFrame] sourceSeq=2280 outputOrdinal=2280 inputQueueDepth=16 tcpQueueDepth=0 sourceSeqContinuous=1 videoFpsTarget=60.000 frameMs=11.704 latencyMs=371.471 readbackMs=1.958 flipMs=1.194 resizeMs=0.000 jpegMs=7.069 tcpSendMs=0.089 overrun=0 overwritten=0
[Stage6 MTF] sourceSeq=2280 enabled=0 effective=0 mode=GaussianSeparable effectiveMode=GaussianSinglePassSeparableWeights sigmaPixels=0.65 radiusPixels=2 passes=1 applyTo=final_display inputSize=800x800 outputSize=800x800 stage6MtfBlurMs=0 stage6MtfBlurScope=render_pass_upper_bound implementation=single_pass_gpu_separable_weights todo=true_two_pass_separable_if_needed
[Stage6 Noise] sourceSeq=2280 enabled=0 effective=0 applyTo=final_display position=BeforeAGC temporalEnabled=1 temporalSigma=0.005 fpnEnabled=0 fpnSigma=0.003 columnEnabled=0 columnSigma=0.002 rowEnabled=0 rowSigma=0.001 badPixelEnabled=0 badPixelRatio=0.0001 seed=12345 stage6DetectorNoiseMs=0 stage6DetectorNoiseScope=render_pass_upper_bound implementation=single_pass_gpu_hash_noise
[Stage6 AGC] sourceSeq=2280 enabled=0 effective=0 mode=Percentile statsSource=previous_readback updateHz=30 sampleCount=0 lowPercentile=2 highPercentile=98 lowInput=0 highInput=1 gain=1 offset=0 gainSmoothed=1 offsetSmoothed=0 valid=0 fallbackReason=disabled stage6AgcStatsMs=0
[RenderPerfProbe] pandaDoFrameMs=16.473 renderPath=direct_final graphicsOutputCount=1 activeDisplayRegionCount=1 rawPassEnabled=0 finalPassEnabled=1 annotationOverlayEnabled=0 readbackMode=EveryFrame readbackEveryN=1 copyRamAttached=1 copyRamMode=RTM_copy_ram quietPerfMode=1 bboxFastMode=mesh_body processRealSceneMs=0.202 targetMappingMs=0.123 cameraControlMs=0.016 stage4Stage5UpdateMs=2.942 shaderInputApplyMs=0.000 readbackMs=1.883 frameCopyMs=0.693 jpegMs=3.893 annotationMs=0.004 annotationBBoxMs=0.000 annotationOcclusionMs=0.000 annotationJsonMs=0.000 annotationTargets=5 bboxUpdateCount=383 bboxReuseCount=1914 occlusionUpdateCount=191 occlusionReuseCount=2106 targetUpdateCullInvisible=1 targetUpdateTotal=10 targetUpdateVisible=5 targetUpdateSkippedBeyondFar=0 targetUpdateSkippedShaderApply=0
[AnnotationCollisionCache] platform=AIM120D targetID=3 built=0 reused=1 triangles=1532 solids=1532
[SyncFrame][WARN] inputQueueBackpressure sourceSeq=2357 backpressureCount=2040 queueDepth=16 queueCapacity=16 action=wait_for_space
[Perf] mode=sync videoFpsTarget=60.000 udpFps=46.756 renderFps=46.756 outputFps=46.756 sceneUpdateMs=2.938 annotationMs=2.711 irUpdateMs=1.332 irEnvBuildMs=0.006 stage7SkyGroundMs=0.824 platformRadianceMs=0.015 targetRadianceMs=0.070 stage4HotspotMs=0.894 stage5PlumeMs=0.245 stage5RadianceComponentMs=0.790 stage5AeroThermalMs=0.014 stage5ModtranLookupMs=0.000 shaderInputApplyMs=1.798 shaderInputApplyScope=exclusive stage7SkyGroundScope=inclusive stage4HotspotScope=inclusive shaderInputSetCount=736 shaderInputSkipCount=22340 shaderInputCacheHitRate=96.811 stage5ModtranCacheHitCount=0 stage5ModtranCacheMissCount=0 stage7FullUpdateCount=15 stage7PositionOnlyCount=32 stage7SkipCount=0 stage4UpdateCount=0 stage4SkipCount=235 plumeUpdateMs=0.277 renderMs=18.291 stage6MtfBlurMs=0.000 stage6MtfBlurScope=render_pass_upper_bound mtfBlurEnabled=0 mtfBlurSigmaPixels=0.650 mtfBlurRadiusPixels=2 stage6DetectorNoiseMs=0.000 stage6DetectorNoiseScope=render_pass_upper_bound detectorNoiseEnabled=0 temporalNoiseSigmaGray=0.005 fpnSigmaGray=0.003 columnNoiseSigmaGray=0.002 rowNoiseSigmaGray=0.001 badPixelRatio=0.000 noisePosition=BeforeAGC stage6AgcStatsMs=0.000 stage6AgcApplyMs=0.000 agcEnabled=0 agcMode=Percentile agcGain=1.000 agcOffset=0.000 agcLowInput=0.000 agcHighInput=1.000 agcSampleCount=0 readbackMs=1.941 resizeMs=0.000 frameCopyMs=0.712 jpegMs=6.464 tcpSendMs=0.115 tcpQueueDepth=0 tcpQueueDepthMax=1 inputQueueDepth=16 inputQueueDepthMax=16 sourceSeqLag=17 latencyAvgMs=373.911 latencyMaxMs=382.542 syncOverrunCount=2427 inputQueueOverflowCount=0 udpFrames=2370 renderFrames=2352 outputFrames=2353
[Perf][WARN] outputFps=46.756 targetFps=60.000 bottleneckSummary=below_60hz irUpdateMs=1.332 stage5ModtranLookupMs=0.000 stage5RadianceComponentMs=0.790 stage5AeroThermalMs=0.014 stage4HotspotMs=0.894 stage7SkyGroundMs=0.824 shaderInputApplyMs=1.798 annotationMs=2.711 renderMs=18.291 stage6MtfBlurMs=0.000 stage6DetectorNoiseMs=0.000 stage6AgcStatsMs=0.000 readbackMs=1.941 jpegMs=6.464 tcpSendMs=0.115 inputQueueDepth=16 sourceSeqLag=17 note=recorderWriteMs_is_reported_by_VideoDisplay_RecorderPerf
[TcpPerf] sourceSeq=2375 outputOrdinal=2375 codec=jpeg requestedCodec=jpeg h264En=0 codecFallbackReason=none jpegQuality=95 jpegMode=gray jpegBytes=12510 encodeInputChannels=1 flipMs=2.373 resizeMs=0.000 jpegMs=9.119 tcpSendMs=0.226 queueDepth=0 queueWaitMs=0.002 overwritten=0
接收UDP数据，长度：506字节，来自：192.168.1.188:9999 packet=2400
解析UDP数据，flag：0x38 packet=2400
[Stage0] Display packet #2400: platID=1, sensorID=1, targetNumValid=5, timeMs=1.78246e+12
处理实时成像数据...
实时数据更新完成，时间戳=1.78246e+12ms
实时数据更新完成，时间戳=1.78246e+12ms
[Stage5 PlumePerf] plumeNodeCount=16 visiblePlumeCount=2 textureLoadCountThisFrame=0 updateHz=30 updatePlumeMs=0.274787 updatePlumeMsMax=0.500792 perfBudgetMs=1
[TargetUpdateCull] enabled=1 total=10 visible=5 skippedBeyondFar=0 skippedShaderApply=0 shaderInputApplyMs=1.69458 stage4Stage5UpdateMs=2.75946
[CameraControl] mode=lookat targetPlatID=3 targetID=34 relPitch=-20.7822 relYaw=11.2416 range=9113.67
[Stage6 FrameDiag] frameIndex=1.78246e+12 packet=2416 band=MWIR whiteHot=1 displayGain=1 displayOffset=0 noiseEnable=0 noiseSigmaGray=0 route=final_sensor targetVisibleCount=5 targetMappedCount=5 hiddenByTargetNum=0 hiddenByTargetViewValid=0 hiddenByWeaponViewValid=0 beyondFarClip=0 skyVisible=1 cameraHpr=-11.2416,-20.7822,0 sensorFovH=0.0999999 sensorFovV=0.0999999 near=1 far=50000
[AnnotationFastPath] enabled=1 frame=2400 bboxDue=0 occlusionDue=0 updateProjection=0 reused=1 bboxUpdateHz=10 occlusionUpdateHz=5 reuseLastWhenSkipped=1 drawOverlay=0 jsonPerFrame=1 quietPerfMode=1 bboxUpdateCount=400 bboxReuseCount=2000 occlusionUpdateCount=199 occlusionReuseCount=2201
[ScenePerfProbe] sourceSeq=2400 processRealSceneMs=0.318 targetMappingMs=0.139 cameraControlMs=0.078 stage4Stage5UpdateMs=2.251 shaderInputApplyMs=0.000 annotationComputeMs=0.012 annotationBBoxMs=0.000 annotationOcclusionMs=0.000 annotationJsonMs=0.000 pandaDoFrameMs=17.284 readbackMs=1.872 frameCopyMs=0.719 jpegMs=8.283 readbackMode=EveryFrame copyRamAttached=1 quietPerfMode=1 bboxFastMode=mesh_body annotationFastJsonMode=1 annotationOverlayInSensorImage=0 annotationJsonPerFrame=1 bboxUpdateCount=400 bboxReuseCount=2000 occlusionUpdateCount=199 occlusionReuseCount=2201 targetUpdateCullInvisible=1 targetUpdateTotal=10 targetUpdateVisible=5 targetUpdateSkippedBeyondFar=0 targetUpdateSkippedShaderApply=0
[Stage6 Capture] frameWidth=800 frameHeight=800 tcpWidth=800 tcpHeight=800 renderTextureWidth=800 renderTextureHeight=800 textureCropApplied=0 source=final_sensor channels=RGB8 readbackMode=EveryFrame readbackEveryN=1 copyRamAttached=1 copyRamMode=RTM_copy_ram tcpFrameReused=0 diagnostic_only=0 renderPath=direct_final sourceSeq=2400 readbackMs=2.072 resizeMs=0 frameCopyMs=0.704666 tcpQueueDepth=1 annotationJsonPerFrame=1 annotationOverlayInSensorImage=0
[Stage5 Plume] targetType=0x22 targetPlatID=3 targetID=3 platform=AIM120D engineState=1 band=MWIR coreEnabled=1 haloEnabled=1 coreTempK=1800 haloTempK=1100 coreGray=1 haloGray=0.789749 coreOpacity=1 haloOpacity=0.405 coreVisible=1 haloVisible=1
[TcpFramePacket] frame=2400 imgBytes=12688 annotationBytes=1800 targets=5 width=800 height=800
[TcpPerf] sourceSeq=2400 outputOrdinal=2400 codec=jpeg requestedCodec=jpeg h264En=0 codecFallbackReason=none jpegQuality=95 jpegMode=gray jpegBytes=12688 encodeInputChannels=1 flipMs=2.243 resizeMs=0.000 jpegMs=8.674 tcpSendMs=0.149 queueDepth=0 queueWaitMs=0.001 overwritten=0
[SyncFrame] sourceSeq=2400 outputOrdinal=2400 inputQueueDepth=16 tcpQueueDepth=0 sourceSeqContinuous=1 videoFpsTarget=60.000 frameMs=14.628 latencyMs=371.228 readbackMs=2.072 flipMs=2.243 resizeMs=0.000 jpegMs=8.674 tcpSendMs=0.149 overrun=0 overwritten=0
[Stage6 MTF] sourceSeq=2400 enabled=0 effective=0 mode=GaussianSeparable effectiveMode=GaussianSinglePassSeparableWeights sigmaPixels=0.65 radiusPixels=2 passes=1 applyTo=final_display inputSize=800x800 outputSize=800x800 stage6MtfBlurMs=0 stage6MtfBlurScope=render_pass_upper_bound implementation=single_pass_gpu_separable_weights todo=true_two_pass_separable_if_needed
[Stage6 Noise] sourceSeq=2400 enabled=0 effective=0 applyTo=final_display position=BeforeAGC temporalEnabled=1 temporalSigma=0.005 fpnEnabled=0 fpnSigma=0.003 columnEnabled=0 columnSigma=0.002 rowEnabled=0 rowSigma=0.001 badPixelEnabled=0 badPixelRatio=0.0001 seed=12345 stage6DetectorNoiseMs=0 stage6DetectorNoiseScope=render_pass_upper_bound implementation=single_pass_gpu_hash_noise
[Stage6 AGC] sourceSeq=2400 enabled=0 effective=0 mode=Percentile statsSource=previous_readback updateHz=30 sampleCount=0 lowPercentile=2 highPercentile=98 lowInput=0 highInput=1 gain=1 offset=0 gainSmoothed=1 offsetSmoothed=0 valid=0 fallbackReason=disabled stage6AgcStatsMs=0
[RenderPerfProbe] pandaDoFrameMs=17.362 renderPath=direct_final graphicsOutputCount=1 activeDisplayRegionCount=1 rawPassEnabled=0 finalPassEnabled=1 annotationOverlayEnabled=0 readbackMode=EveryFrame readbackEveryN=1 copyRamAttached=1 copyRamMode=RTM_copy_ram quietPerfMode=1 bboxFastMode=mesh_body processRealSceneMs=0.223 targetMappingMs=0.140 cameraControlMs=0.015 stage4Stage5UpdateMs=2.272 shaderInputApplyMs=0.000 readbackMs=1.866 frameCopyMs=0.689 jpegMs=7.812 annotationMs=0.004 annotationBBoxMs=0.000 annotationOcclusionMs=0.000 annotationJsonMs=0.000 annotationTargets=5 bboxUpdateCount=403 bboxReuseCount=2014 occlusionUpdateCount=201 occlusionReuseCount=2216 targetUpdateCullInvisible=1 targetUpdateTotal=10 targetUpdateVisible=5 targetUpdateSkippedBeyondFar=0 targetUpdateSkippedShaderApply=0
[Perf] mode=sync videoFpsTarget=60.000 udpFps=47.432 renderFps=47.432 outputFps=47.432 sceneUpdateMs=2.880 annotationMs=2.655 irUpdateMs=1.243 irEnvBuildMs=0.005 stage7SkyGroundMs=0.685 platformRadianceMs=0.013 targetRadianceMs=0.067 stage4HotspotMs=0.865 stage5PlumeMs=0.253 stage5RadianceComponentMs=0.764 stage5AeroThermalMs=0.009 stage5ModtranLookupMs=0.000 shaderInputApplyMs=1.695 shaderInputApplyScope=exclusive stage7SkyGroundScope=inclusive stage4HotspotScope=inclusive shaderInputSetCount=767 shaderInputSkipCount=22913 shaderInputCacheHitRate=96.761 stage5ModtranCacheHitCount=0 stage5ModtranCacheMissCount=0 stage7FullUpdateCount=16 stage7PositionOnlyCount=32 stage7SkipCount=0 stage4UpdateCount=0 stage4SkipCount=240 plumeUpdateMs=0.258 renderMs=18.112 stage6MtfBlurMs=0.000 stage6MtfBlurScope=render_pass_upper_bound mtfBlurEnabled=0 mtfBlurSigmaPixels=0.650 mtfBlurRadiusPixels=2 stage6DetectorNoiseMs=0.000 stage6DetectorNoiseScope=render_pass_upper_bound detectorNoiseEnabled=0 temporalNoiseSigmaGray=0.005 fpnSigmaGray=0.003 columnNoiseSigmaGray=0.002 rowNoiseSigmaGray=0.001 badPixelRatio=0.000 noisePosition=BeforeAGC stage6AgcStatsMs=0.000 stage6AgcApplyMs=0.000 agcEnabled=0 agcMode=Percentile agcGain=1.000 agcOffset=0.000 agcLowInput=0.000 agcHighInput=1.000 agcSampleCount=0 readbackMs=1.900 resizeMs=0.000 frameCopyMs=0.705 jpegMs=8.497 tcpSendMs=0.166 tcpQueueDepth=0 tcpQueueDepthMax=1 inputQueueDepth=16 inputQueueDepthMax=16 sourceSeqLag=17 latencyAvgMs=374.398 latencyMaxMs=386.024 syncOverrunCount=2539 inputQueueOverflowCount=0 udpFrames=2466 renderFrames=2448 outputFrames=2449
[Perf][WARN] outputFps=47.432 targetFps=60.000 bottleneckSummary=below_60hz irUpdateMs=1.243 stage5ModtranLookupMs=0.000 stage5RadianceComponentMs=0.764 stage5AeroThermalMs=0.009 stage4HotspotMs=0.865 stage7SkyGroundMs=0.685 shaderInputApplyMs=1.695 annotationMs=2.655 renderMs=18.112 stage6MtfBlurMs=0.000 stage6DetectorNoiseMs=0.000 stage6AgcStatsMs=0.000 readbackMs=1.900 jpegMs=8.497 tcpSendMs=0.166 inputQueueDepth=16 sourceSeqLag=17 note=recorderWriteMs_is_reported_by_VideoDisplay_RecorderPerf
[SyncFrame][WARN] inputQueueBackpressure sourceSeq=2477 backpressureCount=2160 queueDepth=16 queueCapacity=16 action=wait_for_space
[TcpPerf] sourceSeq=2496 outputOrdinal=2496 codec=jpeg requestedCodec=jpeg h264En=0 codecFallbackReason=none jpegQuality=95 jpegMode=gray jpegBytes=12130 encodeInputChannels=1 flipMs=1.006 resizeMs=0.000 jpegMs=4.007 tcpSendMs=0.083 queueDepth=0 queueWaitMs=0.001 overwritten=0
接收UDP数据，长度：506字节，来自：192.168.1.188:9999 packet=2520
解析UDP数据，flag：0x38 packet=2520
[Stage0] Display packet #2520: platID=1, sensorID=1, targetNumValid=5, timeMs=1.78246e+12
处理实时成像数据...
实时数据更新完成，时间戳=1.78246e+12ms
实时数据更新完成，时间戳=1.78246e+12ms
[CameraControl] mode=lookat targetPlatID=3 targetID=34 relPitch=-21.833 relYaw=12.0776 range=8322.49
[Stage6 FrameDiag] frameIndex=1.78246e+12 packet=2536 band=MWIR whiteHot=1 displayGain=1 displayOffset=0 noiseEnable=0 noiseSigmaGray=0 route=final_sensor targetVisibleCount=5 targetMappedCount=5 hiddenByTargetNum=0 hiddenByTargetViewValid=0 hiddenByWeaponViewValid=0 beyondFarClip=0 skyVisible=1 cameraHpr=-12.0776,-21.833,0 sensorFovH=0.0999999 sensorFovV=0.0999999 near=1 far=50000
[AnnotationFastPath] enabled=1 frame=2520 bboxDue=0 occlusionDue=0 updateProjection=0 reused=1 bboxUpdateHz=10 occlusionUpdateHz=5 reuseLastWhenSkipped=1 drawOverlay=0 jsonPerFrame=1 quietPerfMode=1 bboxUpdateCount=420 bboxReuseCount=2100 occlusionUpdateCount=209 occlusionReuseCount=2311
[ScenePerfProbe] sourceSeq=2520 processRealSceneMs=0.313 targetMappingMs=0.127 cameraControlMs=0.080 stage4Stage5UpdateMs=2.999 shaderInputApplyMs=0.000 annotationComputeMs=0.013 annotationBBoxMs=0.000 annotationOcclusionMs=0.000 annotationJsonMs=0.000 pandaDoFrameMs=16.864 readbackMs=1.900 frameCopyMs=0.703 jpegMs=5.809 readbackMode=EveryFrame copyRamAttached=1 quietPerfMode=1 bboxFastMode=mesh_body annotationFastJsonMode=1 annotationOverlayInSensorImage=0 annotationJsonPerFrame=1 bboxUpdateCount=420 bboxReuseCount=2100 occlusionUpdateCount=209 occlusionReuseCount=2311 targetUpdateCullInvisible=1 targetUpdateTotal=10 targetUpdateVisible=5 targetUpdateSkippedBeyondFar=0 targetUpdateSkippedShaderApply=0
[Stage6 Capture] frameWidth=800 frameHeight=800 tcpWidth=800 tcpHeight=800 renderTextureWidth=800 renderTextureHeight=800 textureCropApplied=0 source=final_sensor channels=RGB8 readbackMode=EveryFrame readbackEveryN=1 copyRamAttached=1 copyRamMode=RTM_copy_ram tcpFrameReused=0 diagnostic_only=0 renderPath=direct_final sourceSeq=2520 readbackMs=2.14142 resizeMs=0 frameCopyMs=0.72625 tcpQueueDepth=1 annotationJsonPerFrame=1 annotationOverlayInSensorImage=0
[Stage5 Plume] targetType=0x22 targetPlatID=3 targetID=3 platform=AIM120D engineState=1 band=MWIR coreEnabled=1 haloEnabled=1 coreTempK=1800 haloTempK=1100 coreGray=1 haloGray=0.789749 coreOpacity=1 haloOpacity=0.405 coreVisible=1 haloVisible=1
[TcpFramePacket] frame=2520 imgBytes=13130 annotationBytes=1800 targets=5 width=800 height=800
[TcpPerf] sourceSeq=2520 outputOrdinal=2520 codec=jpeg requestedCodec=jpeg h264En=0 codecFallbackReason=none jpegQuality=95 jpegMode=gray jpegBytes=13130 encodeInputChannels=1 flipMs=0.992 resizeMs=0.000 jpegMs=4.888 tcpSendMs=0.085 queueDepth=0 queueWaitMs=0.001 overwritten=0
[SyncFrame] sourceSeq=2520 outputOrdinal=2520 inputQueueDepth=16 tcpQueueDepth=0 sourceSeqContinuous=1 videoFpsTarget=60.000 frameMs=9.576 latencyMs=366.068 readbackMs=2.141 flipMs=0.992 resizeMs=0.000 jpegMs=4.888 tcpSendMs=0.085 overrun=0 overwritten=0
[Stage6 MTF] sourceSeq=2520 enabled=0 effective=0 mode=GaussianSeparable effectiveMode=GaussianSinglePassSeparableWeights sigmaPixels=0.65 radiusPixels=2 passes=1 applyTo=final_display inputSize=800x800 outputSize=800x800 stage6MtfBlurMs=0 stage6MtfBlurScope=render_pass_upper_bound implementation=single_pass_gpu_separable_weights todo=true_two_pass_separable_if_needed
[Stage6 Noise] sourceSeq=2520 enabled=0 effective=0 applyTo=final_display position=BeforeAGC temporalEnabled=1 temporalSigma=0.005 fpnEnabled=0 fpnSigma=0.003 columnEnabled=0 columnSigma=0.002 rowEnabled=0 rowSigma=0.001 badPixelEnabled=0 badPixelRatio=0.0001 seed=12345 stage6DetectorNoiseMs=0 stage6DetectorNoiseScope=render_pass_upper_bound implementation=single_pass_gpu_hash_noise
[Stage6 AGC] sourceSeq=2520 enabled=0 effective=0 mode=Percentile statsSource=previous_readback updateHz=30 sampleCount=0 lowPercentile=2 highPercentile=98 lowInput=0 highInput=1 gain=1 offset=0 gainSmoothed=1 offsetSmoothed=0 valid=0 fallbackReason=disabled stage6AgcStatsMs=0
[RenderPerfProbe] pandaDoFrameMs=17.094 renderPath=direct_final graphicsOutputCount=1 activeDisplayRegionCount=1 rawPassEnabled=0 finalPassEnabled=1 annotationOverlayEnabled=0 readbackMode=EveryFrame readbackEveryN=1 copyRamAttached=1 copyRamMode=RTM_copy_ram quietPerfMode=1 bboxFastMode=mesh_body processRealSceneMs=0.204 targetMappingMs=0.126 cameraControlMs=0.014 stage4Stage5UpdateMs=2.533 shaderInputApplyMs=0.000 readbackMs=1.885 frameCopyMs=0.693 jpegMs=5.537 annotationMs=0.004 annotationBBoxMs=0.000 annotationOcclusionMs=0.000 annotationJsonMs=0.000 annotationTargets=5 bboxUpdateCount=423 bboxReuseCount=2114 occlusionUpdateCount=211 occlusionReuseCount=2326 targetUpdateCullInvisible=1 targetUpdateTotal=10 targetUpdateVisible=5 targetUpdateSkippedBeyondFar=0 targetUpdateSkippedShaderApply=0
[Perf] mode=sync videoFpsTarget=60.000 udpFps=47.573 renderFps=48.069 outputFps=47.077 sceneUpdateMs=2.780 annotationMs=2.553 irUpdateMs=1.341 irEnvBuildMs=0.006 stage7SkyGroundMs=0.888 platformRadianceMs=0.014 targetRadianceMs=0.068 stage4HotspotMs=0.886 stage5PlumeMs=0.263 stage5RadianceComponentMs=0.786 stage5AeroThermalMs=0.009 stage5ModtranLookupMs=0.000 shaderInputApplyMs=1.821 shaderInputApplyScope=exclusive stage7SkyGroundScope=inclusive stage4HotspotScope=inclusive shaderInputSetCount=776 shaderInputSkipCount=22904 shaderInputCacheHitRate=96.723 stage5ModtranCacheHitCount=0 stage5ModtranCacheMissCount=0 stage7FullUpdateCount=16 stage7PositionOnlyCount=32 stage7SkipCount=0 stage4UpdateCount=0 stage4SkipCount=240 plumeUpdateMs=0.268 renderMs=18.094 stage6MtfBlurMs=0.000 stage6MtfBlurScope=render_pass_upper_bound mtfBlurEnabled=0 mtfBlurSigmaPixels=0.650 mtfBlurRadiusPixels=2 stage6DetectorNoiseMs=0.000 stage6DetectorNoiseScope=render_pass_upper_bound detectorNoiseEnabled=0 temporalNoiseSigmaGray=0.005 fpnSigmaGray=0.003 columnNoiseSigmaGray=0.002 rowNoiseSigmaGray=0.001 badPixelRatio=0.000 noisePosition=BeforeAGC stage6AgcStatsMs=0.000 stage6AgcApplyMs=0.000 agcEnabled=0 agcMode=Percentile agcGain=1.000 agcOffset=0.000 agcLowInput=0.000 agcHighInput=1.000 agcSampleCount=0 readbackMs=1.910 resizeMs=0.000 frameCopyMs=0.714 jpegMs=6.492 tcpSendMs=0.115 tcpQueueDepth=1 tcpQueueDepthMax=1 inputQueueDepth=16 inputQueueDepthMax=16 sourceSeqLag=17 latencyAvgMs=368.882 latencyMaxMs=379.344 syncOverrunCount=2652 inputQueueOverflowCount=0 udpFrames=2562 renderFrames=2545 outputFrames=2544
[Perf][WARN] outputFps=47.077 targetFps=60.000 bottleneckSummary=below_60hz irUpdateMs=1.341 stage5ModtranLookupMs=0.000 stage5RadianceComponentMs=0.786 stage5AeroThermalMs=0.009 stage4HotspotMs=0.886 stage7SkyGroundMs=0.888 shaderInputApplyMs=1.821 annotationMs=2.553 renderMs=18.094 stage6MtfBlurMs=0.000 stage6DetectorNoiseMs=0.000 stage6AgcStatsMs=0.000 readbackMs=1.910 jpegMs=6.492 tcpSendMs=0.115 inputQueueDepth=16 sourceSeqLag=17 note=recorderWriteMs_is_reported_by_VideoDisplay_RecorderPerf
[SyncFrame][WARN] inputQueueBackpressure sourceSeq=2597 backpressureCount=2280 queueDepth=16 queueCapacity=16 action=wait_for_space
[AnnotationCollisionCache] platform=AIM120D targetID=3 built=0 reused=1 triangles=1532 solids=1532
[TcpPerf] sourceSeq=2614 outputOrdinal=2614 codec=jpeg requestedCodec=jpeg h264En=0 codecFallbackReason=none jpegQuality=95 jpegMode=gray jpegBytes=13990 encodeInputChannels=1 flipMs=2.309 resizeMs=0.000 jpegMs=7.923 tcpSendMs=0.140 queueDepth=0 queueWaitMs=0.001 overwritten=0
接收UDP数据，长度：506字节，来自：192.168.1.188:9999 packet=2640
解析UDP数据，flag：0x38 packet=2640
[Stage0] Display packet #2640: platID=1, sensorID=1, targetNumValid=5, timeMs=1.78246e+12
处理实时成像数据...
实时数据更新完成，时间戳=1.78246e+12ms
实时数据更新完成，时间戳=1.78246e+12ms
[Stage5 PlumePerf] plumeNodeCount=16 visiblePlumeCount=2 textureLoadCountThisFrame=0 updateHz=30 updatePlumeMs=0.267249 updatePlumeMsMax=0.455291 perfBudgetMs=1
[TargetUpdateCull] enabled=1 total=10 visible=5 skippedBeyondFar=0 skippedShaderApply=0 shaderInputApplyMs=2.11575 stage4Stage5UpdateMs=3.19667
[CameraControl] mode=lookat targetPlatID=3 targetID=34 relPitch=-23.1362 relYaw=13.0505 range=7540.62
[Stage6 FrameDiag] frameIndex=1.78246e+12 packet=2656 band=MWIR whiteHot=1 displayGain=1 displayOffset=0 noiseEnable=0 noiseSigmaGray=0 route=final_sensor targetVisibleCount=5 targetMappedCount=5 hiddenByTargetNum=0 hiddenByTargetViewValid=0 hiddenByWeaponViewValid=0 beyondFarClip=0 skyVisible=1 cameraHpr=-13.0505,-23.1362,0 sensorFovH=0.0999999 sensorFovV=0.0999999 near=1 far=50000
[AnnotationFastPath] enabled=1 frame=2640 bboxDue=0 occlusionDue=0 updateProjection=0 reused=1 bboxUpdateHz=10 occlusionUpdateHz=5 reuseLastWhenSkipped=1 drawOverlay=0 jsonPerFrame=1 quietPerfMode=1 bboxUpdateCount=440 bboxReuseCount=2200 occlusionUpdateCount=219 occlusionReuseCount=2421
[ScenePerfProbe] sourceSeq=2640 processRealSceneMs=0.309 targetMappingMs=0.136 cameraControlMs=0.076 stage4Stage5UpdateMs=2.252 shaderInputApplyMs=0.000 annotationComputeMs=0.012 annotationBBoxMs=0.000 annotationOcclusionMs=0.000 annotationJsonMs=0.000 pandaDoFrameMs=17.017 readbackMs=1.895 frameCopyMs=0.690 jpegMs=8.237 readbackMode=EveryFrame copyRamAttached=1 quietPerfMode=1 bboxFastMode=mesh_body annotationFastJsonMode=1 annotationOverlayInSensorImage=0 annotationJsonPerFrame=1 bboxUpdateCount=440 bboxReuseCount=2200 occlusionUpdateCount=219 occlusionReuseCount=2421 targetUpdateCullInvisible=1 targetUpdateTotal=10 targetUpdateVisible=5 targetUpdateSkippedBeyondFar=0 targetUpdateSkippedShaderApply=0
[Stage6 Capture] frameWidth=800 frameHeight=800 tcpWidth=800 tcpHeight=800 renderTextureWidth=800 renderTextureHeight=800 textureCropApplied=0 source=final_sensor channels=RGB8 readbackMode=EveryFrame readbackEveryN=1 copyRamAttached=1 copyRamMode=RTM_copy_ram tcpFrameReused=0 diagnostic_only=0 renderPath=direct_final sourceSeq=2640 readbackMs=1.86958 resizeMs=0 frameCopyMs=0.694167 tcpQueueDepth=1 annotationJsonPerFrame=1 annotationOverlayInSensorImage=0
[Stage5 Plume] targetType=0x22 targetPlatID=3 targetID=3 platform=AIM120D engineState=1 band=MWIR coreEnabled=1 haloEnabled=1 coreTempK=1800 haloTempK=1100 coreGray=1 haloGray=0.789749 coreOpacity=1 haloOpacity=0.405 coreVisible=1 haloVisible=1
[TcpFramePacket] frame=2640 imgBytes=14436 annotationBytes=1800 targets=5 width=800 height=800
[TcpPerf] sourceSeq=2640 outputOrdinal=2640 codec=jpeg requestedCodec=jpeg h264En=0 codecFallbackReason=none jpegQuality=95 jpegMode=gray jpegBytes=14436 encodeInputChannels=1 flipMs=2.247 resizeMs=0.000 jpegMs=8.973 tcpSendMs=0.164 queueDepth=0 queueWaitMs=0.001 overwritten=0
[SyncFrame] sourceSeq=2640 outputOrdinal=2640 inputQueueDepth=16 tcpQueueDepth=0 sourceSeqContinuous=1 videoFpsTarget=60.000 frameMs=14.879 latencyMs=377.076 readbackMs=1.870 flipMs=2.247 resizeMs=0.000 jpegMs=8.973 tcpSendMs=0.164 overrun=0 overwritten=0
[Perf] mode=sync videoFpsTarget=60.000 udpFps=47.279 renderFps=46.781 outputFps=47.777 sceneUpdateMs=2.747 annotationMs=2.519 irUpdateMs=1.381 irEnvBuildMs=0.006 stage7SkyGroundMs=0.912 platformRadianceMs=0.014 targetRadianceMs=0.070 stage4HotspotMs=0.927 stage5PlumeMs=0.236 stage5RadianceComponentMs=0.825 stage5AeroThermalMs=0.010 stage5ModtranLookupMs=0.000 shaderInputApplyMs=1.982 shaderInputApplyScope=exclusive stage7SkyGroundScope=inclusive stage4HotspotScope=inclusive shaderInputSetCount=814 shaderInputSkipCount=22866 shaderInputCacheHitRate=96.562 stage5ModtranCacheHitCount=0 stage5ModtranCacheMissCount=0 stage7FullUpdateCount=16 stage7PositionOnlyCount=32 stage7SkipCount=0 stage4UpdateCount=0 stage4SkipCount=240 plumeUpdateMs=0.270 renderMs=18.336 stage6MtfBlurMs=0.000 stage6MtfBlurScope=render_pass_upper_bound mtfBlurEnabled=0 mtfBlurSigmaPixels=0.650 mtfBlurRadiusPixels=2 stage6DetectorNoiseMs=0.000 stage6DetectorNoiseScope=render_pass_upper_bound detectorNoiseEnabled=0 temporalNoiseSigmaGray=0.005 fpnSigmaGray=0.003 columnNoiseSigmaGray=0.002 rowNoiseSigmaGray=0.001 badPixelRatio=0.000 noisePosition=BeforeAGC stage6AgcStatsMs=0.000 stage6AgcApplyMs=0.000 agcEnabled=0 agcMode=Percentile agcGain=1.000 agcOffset=0.000 agcLowInput=0.000 agcHighInput=1.000 agcSampleCount=0 readbackMs=1.935 resizeMs=0.000 frameCopyMs=0.713 jpegMs=7.769 tcpSendMs=0.125 tcpQueueDepth=0 tcpQueueDepthMax=1 inputQueueDepth=16 inputQueueDepthMax=16 sourceSeqLag=17 latencyAvgMs=376.169 latencyMaxMs=385.917 syncOverrunCount=2768 inputQueueOverflowCount=0 udpFrames=2657 renderFrames=2639 outputFrames=2640
[Perf][WARN] outputFps=47.777 targetFps=60.000 bottleneckSummary=below_60hz irUpdateMs=1.381 stage5ModtranLookupMs=0.000 stage5RadianceComponentMs=0.825 stage5AeroThermalMs=0.010 stage4HotspotMs=0.927 stage7SkyGroundMs=0.912 shaderInputApplyMs=1.982 annotationMs=2.519 renderMs=18.336 stage6MtfBlurMs=0.000 stage6DetectorNoiseMs=0.000 stage6AgcStatsMs=0.000 readbackMs=1.935 jpegMs=7.769 tcpSendMs=0.125 inputQueueDepth=16 sourceSeqLag=17 note=recorderWriteMs_is_reported_by_VideoDisplay_RecorderPerf
[Stage6 MTF] sourceSeq=2640 enabled=0 effective=0 mode=GaussianSeparable effectiveMode=GaussianSinglePassSeparableWeights sigmaPixels=0.65 radiusPixels=2 passes=1 applyTo=final_display inputSize=800x800 outputSize=800x800 stage6MtfBlurMs=0 stage6MtfBlurScope=render_pass_upper_bound implementation=single_pass_gpu_separable_weights todo=true_two_pass_separable_if_needed
[Stage6 Noise] sourceSeq=2640 enabled=0 effective=0 applyTo=final_display position=BeforeAGC temporalEnabled=1 temporalSigma=0.005 fpnEnabled=0 fpnSigma=0.003 columnEnabled=0 columnSigma=0.002 rowEnabled=0 rowSigma=0.001 badPixelEnabled=0 badPixelRatio=0.0001 seed=12345 stage6DetectorNoiseMs=0 stage6DetectorNoiseScope=render_pass_upper_bound implementation=single_pass_gpu_hash_noise
[Stage6 AGC] sourceSeq=2640 enabled=0 effective=0 mode=Percentile statsSource=previous_readback updateHz=30 sampleCount=0 lowPercentile=2 highPercentile=98 lowInput=0 highInput=1 gain=1 offset=0 gainSmoothed=1 offsetSmoothed=0 valid=0 fallbackReason=disabled stage6AgcStatsMs=0
[RenderPerfProbe] pandaDoFrameMs=17.417 renderPath=direct_final graphicsOutputCount=1 activeDisplayRegionCount=1 rawPassEnabled=0 finalPassEnabled=1 annotationOverlayEnabled=0 readbackMode=EveryFrame readbackEveryN=1 copyRamAttached=1 copyRamMode=RTM_copy_ram quietPerfMode=1 bboxFastMode=mesh_body processRealSceneMs=0.219 targetMappingMs=0.136 cameraControlMs=0.014 stage4Stage5UpdateMs=2.956 shaderInputApplyMs=0.000 readbackMs=1.887 frameCopyMs=0.699 jpegMs=9.385 annotationMs=0.004 annotationBBoxMs=0.000 annotationOcclusionMs=0.000 annotationJsonMs=0.000 annotationTargets=5 bboxUpdateCount=443 bboxReuseCount=2214 occlusionUpdateCount=221 occlusionReuseCount=2436 targetUpdateCullInvisible=1 targetUpdateTotal=10 targetUpdateVisible=5 targetUpdateSkippedBeyondFar=0 targetUpdateSkippedShaderApply=0
[SyncFrame][WARN] inputQueueBackpressure sourceSeq=2717 backpressureCount=2400 queueDepth=16 queueCapacity=16 action=wait_for_space
[TcpPerf] sourceSeq=2733 outputOrdinal=2733 codec=jpeg requestedCodec=jpeg h264En=0 codecFallbackReason=none jpegQuality=95 jpegMode=gray jpegBytes=14871 encodeInputChannels=1 flipMs=2.376 resizeMs=0.000 jpegMs=8.075 tcpSendMs=0.148 queueDepth=0 queueWaitMs=0.001 overwritten=0
[Perf] mode=sync videoFpsTarget=60.000 udpFps=46.461 renderFps=46.461 outputFps=46.461 sceneUpdateMs=3.035 annotationMs=2.813 irUpdateMs=1.301 irEnvBuildMs=0.005 stage7SkyGroundMs=0.685 platformRadianceMs=0.014 targetRadianceMs=0.070 stage4HotspotMs=1.017 stage5PlumeMs=0.231 stage5RadianceComponentMs=0.899 stage5AeroThermalMs=0.010 stage5ModtranLookupMs=0.000 shaderInputApplyMs=1.820 shaderInputApplyScope=exclusive stage7SkyGroundScope=inclusive stage4HotspotScope=inclusive shaderInputSetCount=829 shaderInputSkipCount=21975 shaderInputCacheHitRate=96.365 stage5ModtranCacheHitCount=0 stage5ModtranCacheMissCount=0 stage7FullUpdateCount=16 stage7PositionOnlyCount=30 stage7SkipCount=0 stage4UpdateCount=0 stage4SkipCount=230 plumeUpdateMs=0.251 renderMs=18.401 stage6MtfBlurMs=0.000 stage6MtfBlurScope=render_pass_upper_bound mtfBlurEnabled=0 mtfBlurSigmaPixels=0.650 mtfBlurRadiusPixels=2 stage6DetectorNoiseMs=0.000 stage6DetectorNoiseScope=render_pass_upper_bound detectorNoiseEnabled=0 temporalNoiseSigmaGray=0.005 fpnSigmaGray=0.003 columnNoiseSigmaGray=0.002 rowNoiseSigmaGray=0.001 badPixelRatio=0.000 noisePosition=BeforeAGC stage6AgcStatsMs=0.000 stage6AgcApplyMs=0.000 agcEnabled=0 agcMode=Percentile agcGain=1.000 agcOffset=0.000 agcLowInput=0.000 agcHighInput=1.000 agcSampleCount=0 readbackMs=1.914 resizeMs=0.000 frameCopyMs=0.703 jpegMs=8.465 tcpSendMs=0.171 tcpQueueDepth=0 tcpQueueDepthMax=1 inputQueueDepth=16 inputQueueDepthMax=16 sourceSeqLag=17 latencyAvgMs=379.980 latencyMaxMs=391.660 syncOverrunCount=2877 inputQueueOverflowCount=0 udpFrames=2750 renderFrames=2732 outputFrames=2733
[Perf][WARN] outputFps=46.461 targetFps=60.000 bottleneckSummary=below_60hz irUpdateMs=1.301 stage5ModtranLookupMs=0.000 stage5RadianceComponentMs=0.899 stage5AeroThermalMs=0.010 stage4HotspotMs=1.017 stage7SkyGroundMs=0.685 shaderInputApplyMs=1.820 annotationMs=2.813 renderMs=18.401 stage6MtfBlurMs=0.000 stage6DetectorNoiseMs=0.000 stage6AgcStatsMs=0.000 readbackMs=1.914 jpegMs=8.465 tcpSendMs=0.171 inputQueueDepth=16 sourceSeqLag=17 note=recorderWriteMs_is_reported_by_VideoDisplay_RecorderPerf
接收UDP数据，长度：506字节，来自：192.168.1.188:9999 packet=2760
解析UDP数据，flag：0x38 packet=2760
[Stage0] Display packet #2760: platID=1, sensorID=1, targetNumValid=5, timeMs=1.78246e+12
处理实时成像数据...
实时数据更新完成，时间戳=1.78246e+12ms
实时数据更新完成，时间戳=1.78246e+12ms
[CameraControl] mode=lookat targetPlatID=3 targetID=34 relPitch=-24.0073 relYaw=14.0791 range=6754.46
[Stage6 FrameDiag] frameIndex=1.78246e+12 packet=2776 band=MWIR whiteHot=1 displayGain=1 displayOffset=0 noiseEnable=0 noiseSigmaGray=0 route=final_sensor targetVisibleCount=5 targetMappedCount=5 hiddenByTargetNum=0 hiddenByTargetViewValid=0 hiddenByWeaponViewValid=0 beyondFarClip=0 skyVisible=1 cameraHpr=-14.0791,-24.0073,0 sensorFovH=0.0999999 sensorFovV=0.0999999 near=1 far=50000
[AnnotationFastPath] enabled=1 frame=2760 bboxDue=0 occlusionDue=0 updateProjection=0 reused=1 bboxUpdateHz=10 occlusionUpdateHz=5 reuseLastWhenSkipped=1 drawOverlay=0 jsonPerFrame=1 quietPerfMode=1 bboxUpdateCount=460 bboxReuseCount=2300 occlusionUpdateCount=229 occlusionReuseCount=2531
[ScenePerfProbe] sourceSeq=2760 processRealSceneMs=0.302 targetMappingMs=0.130 cameraControlMs=0.076 stage4Stage5UpdateMs=2.595 shaderInputApplyMs=0.000 annotationComputeMs=0.011 annotationBBoxMs=0.000 annotationOcclusionMs=0.000 annotationJsonMs=0.000 pandaDoFrameMs=16.896 readbackMs=1.866 frameCopyMs=0.678 jpegMs=8.296 readbackMode=EveryFrame copyRamAttached=1 quietPerfMode=1 bboxFastMode=mesh_body annotationFastJsonMode=1 annotationOverlayInSensorImage=0 annotationJsonPerFrame=1 bboxUpdateCount=460 bboxReuseCount=2300 occlusionUpdateCount=229 occlusionReuseCount=2531 targetUpdateCullInvisible=1 targetUpdateTotal=10 targetUpdateVisible=5 targetUpdateSkippedBeyondFar=0 targetUpdateSkippedShaderApply=0
[Stage6 Capture] frameWidth=800 frameHeight=800 tcpWidth=800 tcpHeight=800 renderTextureWidth=800 renderTextureHeight=800 textureCropApplied=0 source=final_sensor channels=RGB8 readbackMode=EveryFrame readbackEveryN=1 copyRamAttached=1 copyRamMode=RTM_copy_ram tcpFrameReused=0 diagnostic_only=0 renderPath=direct_final sourceSeq=2760 readbackMs=1.90633 resizeMs=0 frameCopyMs=0.735 tcpQueueDepth=1 annotationJsonPerFrame=1 annotationOverlayInSensorImage=0
[Stage5 Plume] targetType=0x22 targetPlatID=3 targetID=3 platform=AIM120D engineState=1 band=MWIR coreEnabled=1 haloEnabled=1 coreTempK=1800 haloTempK=1100 coreGray=1 haloGray=0.789749 coreOpacity=1 haloOpacity=0.405 coreVisible=1 haloVisible=1
[TcpFramePacket] frame=2760 imgBytes=13819 annotationBytes=1800 targets=5 width=800 height=800
[TcpPerf] sourceSeq=2760 outputOrdinal=2760 codec=jpeg requestedCodec=jpeg h264En=0 codecFallbackReason=none jpegQuality=95 jpegMode=gray jpegBytes=13819 encodeInputChannels=1 flipMs=2.139 resizeMs=0.000 jpegMs=9.059 tcpSendMs=0.158 queueDepth=0 queueWaitMs=0.001 overwritten=0
[SyncFrame] sourceSeq=2760 outputOrdinal=2760 inputQueueDepth=16 tcpQueueDepth=0 sourceSeqContinuous=1 videoFpsTarget=60.000 frameMs=14.804 latencyMs=382.657 readbackMs=1.906 flipMs=2.139 resizeMs=0.000 jpegMs=9.059 tcpSendMs=0.158 overrun=0 overwritten=0
[Stage6 MTF] sourceSeq=2760 enabled=0 effective=0 mode=GaussianSeparable effectiveMode=GaussianSinglePassSeparableWeights sigmaPixels=0.65 radiusPixels=2 passes=1 applyTo=final_display inputSize=800x800 outputSize=800x800 stage6MtfBlurMs=0 stage6MtfBlurScope=render_pass_upper_bound implementation=single_pass_gpu_separable_weights todo=true_two_pass_separable_if_needed
[Stage6 Noise] sourceSeq=2760 enabled=0 effective=0 applyTo=final_display position=BeforeAGC temporalEnabled=1 temporalSigma=0.005 fpnEnabled=0 fpnSigma=0.003 columnEnabled=0 columnSigma=0.002 rowEnabled=0 rowSigma=0.001 badPixelEnabled=0 badPixelRatio=0.0001 seed=12345 stage6DetectorNoiseMs=0 stage6DetectorNoiseScope=render_pass_upper_bound implementation=single_pass_gpu_hash_noise
[Stage6 AGC] sourceSeq=2760 enabled=0 effective=0 mode=Percentile statsSource=previous_readback updateHz=30 sampleCount=0 lowPercentile=2 highPercentile=98 lowInput=0 highInput=1 gain=1 offset=0 gainSmoothed=1 offsetSmoothed=0 valid=0 fallbackReason=disabled stage6AgcStatsMs=0
[RenderPerfProbe] pandaDoFrameMs=17.409 renderPath=direct_final graphicsOutputCount=1 activeDisplayRegionCount=1 rawPassEnabled=0 finalPassEnabled=1 annotationOverlayEnabled=0 readbackMode=EveryFrame readbackEveryN=1 copyRamAttached=1 copyRamMode=RTM_copy_ram quietPerfMode=1 bboxFastMode=mesh_body processRealSceneMs=0.211 targetMappingMs=0.128 cameraControlMs=0.017 stage4Stage5UpdateMs=2.570 shaderInputApplyMs=0.000 readbackMs=1.722 frameCopyMs=0.881 jpegMs=9.081 annotationMs=0.003 annotationBBoxMs=0.000 annotationOcclusionMs=0.000 annotationJsonMs=0.000 annotationTargets=5 bboxUpdateCount=463 bboxReuseCount=2314 occlusionUpdateCount=231 occlusionReuseCount=2546 targetUpdateCullInvisible=1 targetUpdateTotal=10 targetUpdateVisible=5 targetUpdateSkippedBeyondFar=0 targetUpdateSkippedShaderApply=0
[SyncFrame][WARN] inputQueueBackpressure sourceSeq=2837 backpressureCount=2520 queueDepth=16 queueCapacity=16 action=wait_for_space
[Perf] mode=sync videoFpsTarget=60.000 udpFps=46.432 renderFps=46.931 outputFps=46.432 sceneUpdateMs=3.088 annotationMs=2.866 irUpdateMs=1.394 irEnvBuildMs=0.005 stage7SkyGroundMs=0.729 platformRadianceMs=0.014 targetRadianceMs=0.067 stage4HotspotMs=0.963 stage5PlumeMs=0.263 stage5RadianceComponentMs=0.859 stage5AeroThermalMs=0.010 stage5ModtranLookupMs=0.000 shaderInputApplyMs=1.772 shaderInputApplyScope=exclusive stage7SkyGroundScope=inclusive stage4HotspotScope=inclusive shaderInputSetCount=951 shaderInputSkipCount=22125 shaderInputCacheHitRate=95.879 stage5ModtranCacheHitCount=0 stage5ModtranCacheMissCount=0 stage7FullUpdateCount=15 stage7PositionOnlyCount=32 stage7SkipCount=0 stage4UpdateCount=0 stage4SkipCount=235 plumeUpdateMs=0.253 renderMs=18.314 stage6MtfBlurMs=0.000 stage6MtfBlurScope=render_pass_upper_bound mtfBlurEnabled=0 mtfBlurSigmaPixels=0.650 mtfBlurRadiusPixels=2 stage6DetectorNoiseMs=0.000 stage6DetectorNoiseScope=render_pass_upper_bound detectorNoiseEnabled=0 temporalNoiseSigmaGray=0.005 fpnSigmaGray=0.003 columnNoiseSigmaGray=0.002 rowNoiseSigmaGray=0.001 badPixelRatio=0.000 noisePosition=BeforeAGC stage6AgcStatsMs=0.000 stage6AgcApplyMs=0.000 agcEnabled=0 agcMode=Percentile agcGain=1.000 agcOffset=0.000 agcLowInput=0.000 agcHighInput=1.000 agcSampleCount=0 readbackMs=1.931 resizeMs=0.000 frameCopyMs=0.713 jpegMs=8.321 tcpSendMs=0.168 tcpQueueDepth=0 tcpQueueDepthMax=1 inputQueueDepth=16 inputQueueDepthMax=16 sourceSeqLag=17 latencyAvgMs=382.976 latencyMaxMs=392.791 syncOverrunCount=2985 inputQueueOverflowCount=0 udpFrames=2843 renderFrames=2826 outputFrames=2826
[Perf][WARN] outputFps=46.432 targetFps=60.000 bottleneckSummary=below_60hz irUpdateMs=1.394 stage5ModtranLookupMs=0.000 stage5RadianceComponentMs=0.859 stage5AeroThermalMs=0.010 stage4HotspotMs=0.963 stage7SkyGroundMs=0.729 shaderInputApplyMs=1.772 annotationMs=2.866 renderMs=18.314 stage6MtfBlurMs=0.000 stage6DetectorNoiseMs=0.000 stage6AgcStatsMs=0.000 readbackMs=1.931 jpegMs=8.321 tcpSendMs=0.168 inputQueueDepth=16 sourceSeqLag=17 note=recorderWriteMs_is_reported_by_VideoDisplay_RecorderPerf
[TcpPerf] sourceSeq=2852 outputOrdinal=2852 codec=jpeg requestedCodec=jpeg h264En=0 codecFallbackReason=none jpegQuality=95 jpegMode=gray jpegBytes=16877 encodeInputChannels=1 flipMs=2.198 resizeMs=0.000 jpegMs=10.995 tcpSendMs=0.163 queueDepth=0 queueWaitMs=0.001 overwritten=0
接收UDP数据，长度：506字节，来自：192.168.1.188:9999 packet=2880
解析UDP数据，flag：0x38 packet=2880
[Stage0] Display packet #2880: platID=1, sensorID=1, targetNumValid=5, timeMs=1.78246e+12
处理实时成像数据...
实时数据更新完成，时间戳=1.78246e+12ms
实时数据更新完成，时间戳=1.78246e+12ms
[Stage5 PlumePerf] plumeNodeCount=16 visiblePlumeCount=2 textureLoadCountThisFrame=0 updateHz=30 updatePlumeMs=0.253706 updatePlumeMsMax=0.421458 perfBudgetMs=1
[TargetUpdateCull] enabled=1 total=10 visible=5 skippedBeyondFar=0 skippedShaderApply=0 shaderInputApplyMs=1.80483 stage4Stage5UpdateMs=2.93942
[CameraControl] mode=lookat targetPlatID=3 targetID=34 relPitch=-26.7804 relYaw=15.6234 range=5962.89
[Stage6 FrameDiag] frameIndex=1.78246e+12 packet=2896 band=MWIR whiteHot=1 displayGain=1 displayOffset=0 noiseEnable=0 noiseSigmaGray=0 route=final_sensor targetVisibleCount=5 targetMappedCount=5 hiddenByTargetNum=0 hiddenByTargetViewValid=0 hiddenByWeaponViewValid=0 beyondFarClip=0 skyVisible=1 cameraHpr=-15.6234,-26.7804,0 sensorFovH=0.0999999 sensorFovV=0.0999999 near=1 far=50000
[AnnotationFastPath] enabled=1 frame=2880 bboxDue=0 occlusionDue=0 updateProjection=0 reused=1 bboxUpdateHz=10 occlusionUpdateHz=5 reuseLastWhenSkipped=1 drawOverlay=0 jsonPerFrame=1 quietPerfMode=1 bboxUpdateCount=480 bboxReuseCount=2400 occlusionUpdateCount=239 occlusionReuseCount=2641
[ScenePerfProbe] sourceSeq=2880 processRealSceneMs=0.317 targetMappingMs=0.142 cameraControlMs=0.075 stage4Stage5UpdateMs=2.731 shaderInputApplyMs=0.000 annotationComputeMs=0.011 annotationBBoxMs=0.000 annotationOcclusionMs=0.000 annotationJsonMs=0.000 pandaDoFrameMs=16.988 readbackMs=1.896 frameCopyMs=0.691 jpegMs=9.066 readbackMode=EveryFrame copyRamAttached=1 quietPerfMode=1 bboxFastMode=mesh_body annotationFastJsonMode=1 annotationOverlayInSensorImage=0 annotationJsonPerFrame=1 bboxUpdateCount=480 bboxReuseCount=2400 occlusionUpdateCount=239 occlusionReuseCount=2641 targetUpdateCullInvisible=1 targetUpdateTotal=10 targetUpdateVisible=5 targetUpdateSkippedBeyondFar=0 targetUpdateSkippedShaderApply=0
[Stage6 Capture] frameWidth=800 frameHeight=800 tcpWidth=800 tcpHeight=800 renderTextureWidth=800 renderTextureHeight=800 textureCropApplied=0 source=final_sensor channels=RGB8 readbackMode=EveryFrame readbackEveryN=1 copyRamAttached=1 copyRamMode=RTM_copy_ram tcpFrameReused=0 diagnostic_only=0 renderPath=direct_final sourceSeq=2880 readbackMs=1.83633 resizeMs=0 frameCopyMs=0.701167 tcpQueueDepth=1 annotationJsonPerFrame=1 annotationOverlayInSensorImage=0
[Stage5 Plume] targetType=0x22 targetPlatID=3 targetID=3 platform=AIM120D engineState=1 band=MWIR coreEnabled=1 haloEnabled=1 coreTempK=1800 haloTempK=1100 coreGray=1 haloGray=0.789749 coreOpacity=1 haloOpacity=0.405 coreVisible=1 haloVisible=1
[TcpFramePacket] frame=2880 imgBytes=16648 annotationBytes=1800 targets=5 width=800 height=800
[TcpPerf] sourceSeq=2880 outputOrdinal=2880 codec=jpeg requestedCodec=jpeg h264En=0 codecFallbackReason=none jpegQuality=95 jpegMode=gray jpegBytes=16648 encodeInputChannels=1 flipMs=2.318 resizeMs=0.000 jpegMs=8.109 tcpSendMs=0.148 queueDepth=0 queueWaitMs=0.001 overwritten=0
[SyncFrame] sourceSeq=2880 outputOrdinal=2880 inputQueueDepth=16 tcpQueueDepth=0 sourceSeqContinuous=1 videoFpsTarget=60.000 frameMs=13.965 latencyMs=385.928 readbackMs=1.836 flipMs=2.318 resizeMs=0.000 jpegMs=8.109 tcpSendMs=0.148 overrun=0 overwritten=0
[Stage6 MTF] sourceSeq=2880 enabled=0 effective=0 mode=GaussianSeparable effectiveMode=GaussianSinglePassSeparableWeights sigmaPixels=0.65 radiusPixels=2 passes=1 applyTo=final_display inputSize=800x800 outputSize=800x800 stage6MtfBlurMs=0 stage6MtfBlurScope=render_pass_upper_bound implementation=single_pass_gpu_separable_weights todo=true_two_pass_separable_if_needed
[Stage6 Noise] sourceSeq=2880 enabled=0 effective=0 applyTo=final_display position=BeforeAGC temporalEnabled=1 temporalSigma=0.005 fpnEnabled=0 fpnSigma=0.003 columnEnabled=0 columnSigma=0.002 rowEnabled=0 rowSigma=0.001 badPixelEnabled=0 badPixelRatio=0.0001 seed=12345 stage6DetectorNoiseMs=0 stage6DetectorNoiseScope=render_pass_upper_bound implementation=single_pass_gpu_hash_noise
[Stage6 AGC] sourceSeq=2880 enabled=0 effective=0 mode=Percentile statsSource=previous_readback updateHz=30 sampleCount=0 lowPercentile=2 highPercentile=98 lowInput=0 highInput=1 gain=1 offset=0 gainSmoothed=1 offsetSmoothed=0 valid=0 fallbackReason=disabled stage6AgcStatsMs=0
[AnnotationCollisionCache] platform=AIM120D targetID=3 built=0 reused=1 triangles=1532 solids=1532
[Stage7 Weather] reason=runtime envSky=0 weatherName=Clear visibilityM=6000 humidity=85 windV=8 windDir=30 cloudCoverage=0 fogDensity=0 precipitationType=none sunDirectScale=1 skyDiffuseScale=1 targetContrastScale=1 source=UDP+weather_profiles+RuntimeConfig
[Stage7 CloudLayer] enabled=0 texture=Config/Weather/Textures/cloud_few.png textureFound=1 coverage=0 opacity=0 temperatureK=255 band=MWIR cloudGray=0.385455
[Stage7 Fog] enabled=0 visibilityM=6000 fogDensity=0 fogGray=0.45 targetContrastScale=1
[Stage7 Precipitation] enabled=0 type=none density=0 speed=0 windV=8 windDir=30 maxHeight=0 transHeight=0
[Stage7 PrecipitationOverlay] mode=ScreenOverlay active=0 type=none density=0 sensorFovDeg=0.0999999 pattern=screen_sparse_low_contrast giantVerticalBars=0 sameOutput=1
[Stage7 Perf] weatherNodeCount=0 cloudNodeCount=0 precipitationNodeCount=0 textureLoadCountThisFrame=0 updateWeatherNodesMs=0.001458 totalWeatherMs=0.007 precipitationMode=ScreenOverlay
[RenderPerfProbe] pandaDoFrameMs=18.251 renderPath=direct_final graphicsOutputCount=1 activeDisplayRegionCount=1 rawPassEnabled=0 finalPassEnabled=1 annotationOverlayEnabled=0 readbackMode=EveryFrame readbackEveryN=1 copyRamAttached=1 copyRamMode=RTM_copy_ram quietPerfMode=1 bboxFastMode=mesh_body processRealSceneMs=0.217 targetMappingMs=0.132 cameraControlMs=0.017 stage4Stage5UpdateMs=3.035 shaderInputApplyMs=0.000 readbackMs=1.795 frameCopyMs=0.686 jpegMs=9.079 annotationMs=0.003 annotationBBoxMs=0.000 annotationOcclusionMs=0.000 annotationJsonMs=0.000 annotationTargets=5 bboxUpdateCount=483 bboxReuseCount=2414 occlusionUpdateCount=241 occlusionReuseCount=2656 targetUpdateCullInvisible=1 targetUpdateTotal=10 targetUpdateVisible=5 targetUpdateSkippedBeyondFar=0 targetUpdateSkippedShaderApply=0
[Stage7 3DSkyGround] reason=runtime enable=1 band=MWIR envTerrain=0 envSky=0 skyGrayRaw=0.65 groundGrayRaw=0.35 skyGrayFinal=0.65 groundGrayFinal=0.35 skyGray=0.65 groundGray=0.35 skyDome=1 lowerShell=1 groundPlane=0 source=env+band_default
[Stage7 Debug] mode=Off skyVisible=1 groundVisible=1 forcedSkyGray=NA forcedGroundGray=NA
[Stage7 Real3DBackground] skyDome=1 lowerShell=1 flatGroundPlane=0 cameraPos=-1212.5,8706.27,779.651 backgroundMode=real_3d
[Stage7 GroundReference] mode=reference_zero groundZOffset=0 finalGroundReferenceZ=0
[Stage7 SkyDomeDiag] cameraPos=-1212.5,8706.27,779.651 skyDomePos=-1212.5,8706.27,779.651 farClipM=50000 skyRadius=42500 radius=42500 radiusSource=farClip_scaled radiusLessThanFarClip=1 twoSided=1 depthWrite=0 depthTest=0
[Stage7 GroundDiag] groundPos=-1212.5,8706.27,779.651 farClipM=50000 groundSize=42500 lowerShellRadius=42500 groundZOffset=0 envTerrain=0 groundGray=0.35
[Perf] mode=sync videoFpsTarget=60.000 udpFps=45.180 renderFps=44.684 outputFps=45.180 sceneUpdateMs=3.463 annotationMs=3.241 irUpdateMs=1.446 irEnvBuildMs=0.005 stage7SkyGroundMs=0.651 platformRadianceMs=0.014 targetRadianceMs=0.073 stage4HotspotMs=1.017 stage5PlumeMs=0.304 stage5RadianceComponentMs=0.904 stage5AeroThermalMs=0.011 stage5ModtranLookupMs=0.000 shaderInputApplyMs=1.805 shaderInputApplyScope=exclusive stage7SkyGroundScope=inclusive stage4HotspotScope=inclusive shaderInputSetCount=1070 shaderInputSkipCount=21130 shaderInputCacheHitRate=95.180 stage5ModtranCacheHitCount=0 stage5ModtranCacheMissCount=0 stage7FullUpdateCount=15 stage7PositionOnlyCount=30 stage7SkipCount=0 stage4UpdateCount=0 stage4SkipCount=225 plumeUpdateMs=0.260 renderMs=18.632 stage6MtfBlurMs=0.000 stage6MtfBlurScope=render_pass_upper_bound mtfBlurEnabled=0 mtfBlurSigmaPixels=0.650 mtfBlurRadiusPixels=2 stage6DetectorNoiseMs=0.000 stage6DetectorNoiseScope=render_pass_upper_bound detectorNoiseEnabled=0 temporalNoiseSigmaGray=0.005 fpnSigmaGray=0.003 columnNoiseSigmaGray=0.002 rowNoiseSigmaGray=0.001 badPixelRatio=0.000 noisePosition=BeforeAGC stage6AgcStatsMs=0.000 stage6AgcApplyMs=0.000 agcEnabled=0 agcMode=Percentile agcGain=1.000 agcOffset=0.000 agcLowInput=0.000 agcHighInput=1.000 agcSampleCount=0 readbackMs=1.933 resizeMs=0.000 frameCopyMs=0.710 jpegMs=8.380 tcpSendMs=0.164 tcpQueueDepth=0 tcpQueueDepthMax=1 inputQueueDepth=16 inputQueueDepthMax=16 sourceSeqLag=17 latencyAvgMs=388.921 latencyMaxMs=398.099 syncOverrunCount=3093 inputQueueOverflowCount=0 udpFrames=2934 renderFrames=2916 outputFrames=2917
[Perf][WARN] outputFps=45.180 targetFps=60.000 bottleneckSummary=below_60hz irUpdateMs=1.446 stage5ModtranLookupMs=0.000 stage5RadianceComponentMs=0.904 stage5AeroThermalMs=0.011 stage4HotspotMs=1.017 stage7SkyGroundMs=0.651 shaderInputApplyMs=1.805 annotationMs=3.241 renderMs=18.632 stage6MtfBlurMs=0.000 stage6DetectorNoiseMs=0.000 stage6AgcStatsMs=0.000 readbackMs=1.933 jpegMs=8.380 tcpSendMs=0.164 inputQueueDepth=16 sourceSeqLag=17 note=recorderWriteMs_is_reported_by_VideoDisplay_RecorderPerf
[SyncFrame][WARN] inputQueueBackpressure sourceSeq=2957 backpressureCount=2640 queueDepth=16 queueCapacity=16 action=wait_for_space
[TcpPerf] sourceSeq=2970 outputOrdinal=2970 codec=jpeg requestedCodec=jpeg h264En=0 codecFallbackReason=none jpegQuality=95 jpegMode=gray jpegBytes=19410 encodeInputChannels=1 flipMs=0.963 resizeMs=0.000 jpegMs=10.639 tcpSendMs=0.109 queueDepth=0 queueWaitMs=0.001 overwritten=0
接收UDP数据，长度：506字节，来自：192.168.1.188:9999 packet=3000
解析UDP数据，flag：0x38 packet=3000
[Stage0] Display packet #3000: platID=1, sensorID=1, targetNumValid=5, timeMs=1.78246e+12
处理实时成像数据...
实时数据更新完成，时间戳=1.78246e+12ms
实时数据更新完成，时间戳=1.78246e+12ms
[CameraControl] mode=lookat targetPlatID=3 targetID=34 relPitch=-30.094 relYaw=17.3456 range=5239.19
[Stage6 FrameDiag] frameIndex=1.78246e+12 packet=3016 band=MWIR whiteHot=1 displayGain=1 displayOffset=0 noiseEnable=0 noiseSigmaGray=0 route=final_sensor targetVisibleCount=5 targetMappedCount=5 hiddenByTargetNum=0 hiddenByTargetViewValid=0 hiddenByWeaponViewValid=0 beyondFarClip=0 skyVisible=1 cameraHpr=-17.3456,-30.094,0 sensorFovH=0.0999999 sensorFovV=0.0999999 near=1 far=50000
[AnnotationFastPath] enabled=1 frame=3000 bboxDue=0 occlusionDue=0 updateProjection=0 reused=1 bboxUpdateHz=10 occlusionUpdateHz=5 reuseLastWhenSkipped=1 drawOverlay=0 jsonPerFrame=1 quietPerfMode=1 bboxUpdateCount=500 bboxReuseCount=2500 occlusionUpdateCount=249 occlusionReuseCount=2751
[ScenePerfProbe] sourceSeq=3000 processRealSceneMs=0.316 targetMappingMs=0.142 cameraControlMs=0.075 stage4Stage5UpdateMs=3.109 shaderInputApplyMs=0.000 annotationComputeMs=0.013 annotationBBoxMs=0.000 annotationOcclusionMs=0.000 annotationJsonMs=0.000 pandaDoFrameMs=17.511 readbackMs=1.885 frameCopyMs=0.714 jpegMs=3.800 readbackMode=EveryFrame copyRamAttached=1 quietPerfMode=1 bboxFastMode=mesh_body annotationFastJsonMode=1 annotationOverlayInSensorImage=0 annotationJsonPerFrame=1 bboxUpdateCount=500 bboxReuseCount=2500 occlusionUpdateCount=249 occlusionReuseCount=2751 targetUpdateCullInvisible=1 targetUpdateTotal=10 targetUpdateVisible=5 targetUpdateSkippedBeyondFar=0 targetUpdateSkippedShaderApply=0
[Stage6 Capture] frameWidth=800 frameHeight=800 tcpWidth=800 tcpHeight=800 renderTextureWidth=800 renderTextureHeight=800 textureCropApplied=0 source=final_sensor channels=RGB8 readbackMode=EveryFrame readbackEveryN=1 copyRamAttached=1 copyRamMode=RTM_copy_ram tcpFrameReused=0 diagnostic_only=0 renderPath=direct_final sourceSeq=3000 readbackMs=1.90954 resizeMs=0 frameCopyMs=0.696208 tcpQueueDepth=1 annotationJsonPerFrame=1 annotationOverlayInSensorImage=0
[Stage5 Plume] targetType=0x22 targetPlatID=3 targetID=3 platform=AIM120D engineState=1 band=MWIR coreEnabled=1 haloEnabled=1 coreTempK=1800 haloTempK=1100 coreGray=1 haloGray=0.789749 coreOpacity=1 haloOpacity=0.405 coreVisible=1 haloVisible=1
[TcpFramePacket] frame=3000 imgBytes=19442 annotationBytes=1800 targets=5 width=800 height=800
[TcpPerf] sourceSeq=3000 outputOrdinal=3000 codec=jpeg requestedCodec=jpeg h264En=0 codecFallbackReason=none jpegQuality=95 jpegMode=gray jpegBytes=19442 encodeInputChannels=1 flipMs=1.067 resizeMs=0.000 jpegMs=11.724 tcpSendMs=0.079 queueDepth=0 queueWaitMs=0.002 overwritten=0
[SyncFrame] sourceSeq=3000 outputOrdinal=3000 inputQueueDepth=16 tcpQueueDepth=0 sourceSeqContinuous=1 videoFpsTarget=60.000 frameMs=16.208 latencyMs=391.998 readbackMs=1.910 flipMs=1.067 resizeMs=0.000 jpegMs=11.724 tcpSendMs=0.079 overrun=0 overwritten=0
[Stage6 MTF] sourceSeq=3000 enabled=0 effective=0 mode=GaussianSeparable effectiveMode=GaussianSinglePassSeparableWeights sigmaPixels=0.65 radiusPixels=2 passes=1 applyTo=final_display inputSize=800x800 outputSize=800x800 stage6MtfBlurMs=0 stage6MtfBlurScope=render_pass_upper_bound implementation=single_pass_gpu_separable_weights todo=true_two_pass_separable_if_needed
[Stage6 Noise] sourceSeq=3000 enabled=0 effective=0 applyTo=final_display position=BeforeAGC temporalEnabled=1 temporalSigma=0.005 fpnEnabled=0 fpnSigma=0.003 columnEnabled=0 columnSigma=0.002 rowEnabled=0 rowSigma=0.001 badPixelEnabled=0 badPixelRatio=0.0001 seed=12345 stage6DetectorNoiseMs=0 stage6DetectorNoiseScope=render_pass_upper_bound implementation=single_pass_gpu_hash_noise
[Stage6 AGC] sourceSeq=3000 enabled=0 effective=0 mode=Percentile statsSource=previous_readback updateHz=30 sampleCount=0 lowPercentile=2 highPercentile=98 lowInput=0 highInput=1 gain=1 offset=0 gainSmoothed=1 offsetSmoothed=0 valid=0 fallbackReason=disabled stage6AgcStatsMs=0
[Perf] mode=sync videoFpsTarget=60.000 udpFps=44.563 renderFps=44.563 outputFps=44.563 sceneUpdateMs=3.320 annotationMs=3.097 irUpdateMs=1.681 irEnvBuildMs=0.005 stage7SkyGroundMs=0.823 platformRadianceMs=0.015 targetRadianceMs=0.071 stage4HotspotMs=1.293 stage5PlumeMs=0.283 stage5RadianceComponentMs=1.176 stage5AeroThermalMs=0.010 stage5ModtranLookupMs=0.000 shaderInputApplyMs=2.448 shaderInputApplyScope=exclusive stage7SkyGroundScope=inclusive stage4HotspotScope=inclusive shaderInputSetCount=1367 shaderInputSkipCount=20833 shaderInputCacheHitRate=93.842 stage5ModtranCacheHitCount=0 stage5ModtranCacheMissCount=0 stage7FullUpdateCount=15 stage7PositionOnlyCount=30 stage7SkipCount=0 stage4UpdateCount=0 stage4SkipCount=225 plumeUpdateMs=0.270 renderMs=19.026 stage6MtfBlurMs=0.000 stage6MtfBlurScope=render_pass_upper_bound mtfBlurEnabled=0 mtfBlurSigmaPixels=0.650 mtfBlurRadiusPixels=2 stage6DetectorNoiseMs=0.000 stage6DetectorNoiseScope=render_pass_upper_bound detectorNoiseEnabled=0 temporalNoiseSigmaGray=0.005 fpnSigmaGray=0.003 columnNoiseSigmaGray=0.002 rowNoiseSigmaGray=0.001 badPixelRatio=0.000 noisePosition=BeforeAGC stage6AgcStatsMs=0.000 stage6AgcApplyMs=0.000 agcEnabled=0 agcMode=Percentile agcGain=1.000 agcOffset=0.000 agcLowInput=0.000 agcHighInput=1.000 agcSampleCount=0 readbackMs=1.957 resizeMs=0.000 frameCopyMs=0.713 jpegMs=8.302 tcpSendMs=0.144 tcpQueueDepth=0 tcpQueueDepthMax=1 inputQueueDepth=16 inputQueueDepthMax=16 sourceSeqLag=17 latencyAvgMs=396.419 latencyMaxMs=408.742 syncOverrunCount=3200 inputQueueOverflowCount=0 udpFrames=3024 renderFrames=3006 outputFrames=3007
[Perf][WARN] outputFps=44.563 targetFps=60.000 bottleneckSummary=below_60hz irUpdateMs=1.681 stage5ModtranLookupMs=0.000 stage5RadianceComponentMs=1.176 stage5AeroThermalMs=0.010 stage4HotspotMs=1.293 stage7SkyGroundMs=0.823 shaderInputApplyMs=2.448 annotationMs=3.097 renderMs=19.026 stage6MtfBlurMs=0.000 stage6DetectorNoiseMs=0.000 stage6AgcStatsMs=0.000 readbackMs=1.957 jpegMs=8.302 tcpSendMs=0.144 inputQueueDepth=16 sourceSeqLag=17 note=recorderWriteMs_is_reported_by_VideoDisplay_RecorderPerf
[RenderPerfProbe] pandaDoFrameMs=18.178 renderPath=direct_final graphicsOutputCount=1 activeDisplayRegionCount=1 rawPassEnabled=0 finalPassEnabled=1 annotationOverlayEnabled=0 readbackMode=EveryFrame readbackEveryN=1 copyRamAttached=1 copyRamMode=RTM_copy_ram quietPerfMode=1 bboxFastMode=mesh_body processRealSceneMs=0.218 targetMappingMs=0.139 cameraControlMs=0.015 stage4Stage5UpdateMs=3.230 shaderInputApplyMs=0.000 readbackMs=2.017 frameCopyMs=0.689 jpegMs=4.108 annotationMs=0.004 annotationBBoxMs=0.000 annotationOcclusionMs=0.000 annotationJsonMs=0.000 annotationTargets=5 bboxUpdateCount=503 bboxReuseCount=2514 occlusionUpdateCount=251 occlusionReuseCount=2766 targetUpdateCullInvisible=1 targetUpdateTotal=10 targetUpdateVisible=5 targetUpdateSkippedBeyondFar=0 targetUpdateSkippedShaderApply=0
[SyncFrame][WARN] inputQueueBackpressure sourceSeq=3077 backpressureCount=2760 queueDepth=16 queueCapacity=16 action=wait_for_space
[TcpPerf] sourceSeq=3089 outputOrdinal=3089 codec=jpeg requestedCodec=jpeg h264En=0 codecFallbackReason=none jpegQuality=95 jpegMode=gray jpegBytes=21498 encodeInputChannels=1 flipMs=1.168 resizeMs=0.000 jpegMs=11.958 tcpSendMs=0.120 queueDepth=0 queueWaitMs=0.002 overwritten=0
[Perf] mode=sync videoFpsTarget=60.000 udpFps=44.460 renderFps=44.460 outputFps=44.460 sceneUpdateMs=3.191 annotationMs=2.973 irUpdateMs=1.837 irEnvBuildMs=0.006 stage7SkyGroundMs=1.055 platformRadianceMs=0.015 targetRadianceMs=0.078 stage4HotspotMs=1.572 stage5PlumeMs=0.212 stage5RadianceComponentMs=1.464 stage5AeroThermalMs=0.009 stage5ModtranLookupMs=0.000 shaderInputApplyMs=2.843 shaderInputApplyScope=exclusive stage7SkyGroundScope=inclusive stage4HotspotScope=inclusive shaderInputSetCount=1504 shaderInputSkipCount=20696 shaderInputCacheHitRate=93.225 stage5ModtranCacheHitCount=0 stage5ModtranCacheMissCount=0 stage7FullUpdateCount=15 stage7PositionOnlyCount=30 stage7SkipCount=0 stage4UpdateCount=0 stage4SkipCount=225 plumeUpdateMs=0.251 renderMs=19.258 stage6MtfBlurMs=0.000 stage6MtfBlurScope=render_pass_upper_bound mtfBlurEnabled=0 mtfBlurSigmaPixels=0.650 mtfBlurRadiusPixels=2 stage6DetectorNoiseMs=0.000 stage6DetectorNoiseScope=render_pass_upper_bound detectorNoiseEnabled=0 temporalNoiseSigmaGray=0.005 fpnSigmaGray=0.003 columnNoiseSigmaGray=0.002 rowNoiseSigmaGray=0.001 badPixelRatio=0.000 noisePosition=BeforeAGC stage6AgcStatsMs=0.000 stage6AgcApplyMs=0.000 agcEnabled=0 agcMode=Percentile agcGain=1.000 agcOffset=0.000 agcLowInput=0.000 agcHighInput=1.000 agcSampleCount=0 readbackMs=1.972 resizeMs=0.000 frameCopyMs=0.717 jpegMs=5.938 tcpSendMs=0.102 tcpQueueDepth=0 tcpQueueDepthMax=1 inputQueueDepth=16 inputQueueDepthMax=16 sourceSeqLag=17 latencyAvgMs=397.754 latencyMaxMs=415.656 syncOverrunCount=3304 inputQueueOverflowCount=0 udpFrames=3113 renderFrames=3095 outputFrames=3096
[Perf][WARN] outputFps=44.460 targetFps=60.000 bottleneckSummary=below_60hz irUpdateMs=1.837 stage5ModtranLookupMs=0.000 stage5RadianceComponentMs=1.464 stage5AeroThermalMs=0.009 stage4HotspotMs=1.572 stage7SkyGroundMs=1.055 shaderInputApplyMs=2.843 annotationMs=2.973 renderMs=19.258 stage6MtfBlurMs=0.000 stage6DetectorNoiseMs=0.000 stage6AgcStatsMs=0.000 readbackMs=1.972 jpegMs=5.938 tcpSendMs=0.102 inputQueueDepth=16 sourceSeqLag=17 note=recorderWriteMs_is_reported_by_VideoDisplay_RecorderPerf
接收UDP数据，长度：506字节，来自：192.168.1.188:9999 packet=3120
解析UDP数据，flag：0x38 packet=3120
[Stage0] Display packet #3120: platID=1, sensorID=1, targetNumValid=5, timeMs=1.78246e+12
处理实时成像数据...
实时数据更新完成，时间戳=1.78246e+12ms
实时数据更新完成，时间戳=1.78246e+12ms
[Stage5 PlumePerf] plumeNodeCount=16 visiblePlumeCount=2 textureLoadCountThisFrame=0 updateHz=30 updatePlumeMs=0.259724 updatePlumeMsMax=0.466958 perfBudgetMs=1
[TargetUpdateCull] enabled=1 total=10 visible=5 skippedBeyondFar=0 skippedShaderApply=0 shaderInputApplyMs=3.584 stage4Stage5UpdateMs=4.84108
[CameraControl] mode=lookat targetPlatID=3 targetID=34 relPitch=-35.029 relYaw=20.0113 range=4461.77
[Stage6 FrameDiag] frameIndex=1.78246e+12 packet=3136 band=MWIR whiteHot=1 displayGain=1 displayOffset=0 noiseEnable=0 noiseSigmaGray=0 route=final_sensor targetVisibleCount=5 targetMappedCount=5 hiddenByTargetNum=0 hiddenByTargetViewValid=0 hiddenByWeaponViewValid=0 beyondFarClip=0 skyVisible=1 cameraHpr=-20.0113,-35.029,0 sensorFovH=0.0999999 sensorFovV=0.0999999 near=1 far=50000
[AnnotationFastPath] enabled=1 frame=3120 bboxDue=0 occlusionDue=0 updateProjection=0 reused=1 bboxUpdateHz=10 occlusionUpdateHz=5 reuseLastWhenSkipped=1 drawOverlay=0 jsonPerFrame=1 quietPerfMode=1 bboxUpdateCount=520 bboxReuseCount=2600 occlusionUpdateCount=259 occlusionReuseCount=2861
[ScenePerfProbe] sourceSeq=3120 processRealSceneMs=0.326 targetMappingMs=0.146 cameraControlMs=0.078 stage4Stage5UpdateMs=3.409 shaderInputApplyMs=0.000 annotationComputeMs=0.013 annotationBBoxMs=0.000 annotationOcclusionMs=0.000 annotationJsonMs=0.000 pandaDoFrameMs=18.208 readbackMs=1.899 frameCopyMs=0.719 jpegMs=4.466 readbackMode=EveryFrame copyRamAttached=1 quietPerfMode=1 bboxFastMode=mesh_body annotationFastJsonMode=1 annotationOverlayInSensorImage=0 annotationJsonPerFrame=1 bboxUpdateCount=520 bboxReuseCount=2600 occlusionUpdateCount=259 occlusionReuseCount=2861 targetUpdateCullInvisible=1 targetUpdateTotal=10 targetUpdateVisible=5 targetUpdateSkippedBeyondFar=0 targetUpdateSkippedShaderApply=0
[Stage6 Capture] frameWidth=800 frameHeight=800 tcpWidth=800 tcpHeight=800 renderTextureWidth=800 renderTextureHeight=800 textureCropApplied=0 source=final_sensor channels=RGB8 readbackMode=EveryFrame readbackEveryN=1 copyRamAttached=1 copyRamMode=RTM_copy_ram tcpFrameReused=0 diagnostic_only=0 renderPath=direct_final sourceSeq=3120 readbackMs=2.13696 resizeMs=0 frameCopyMs=0.702334 tcpQueueDepth=1 annotationJsonPerFrame=1 annotationOverlayInSensorImage=0
[Stage5 Plume] targetType=0x22 targetPlatID=3 targetID=3 platform=AIM120D engineState=1 band=MWIR coreEnabled=1 haloEnabled=1 coreTempK=1800 haloTempK=1100 coreGray=1 haloGray=0.789749 coreOpacity=1 haloOpacity=0.405 coreVisible=1 haloVisible=1
[TcpFramePacket] frame=3120 imgBytes=23157 annotationBytes=1800 targets=5 width=800 height=800
[TcpPerf] sourceSeq=3120 outputOrdinal=3120 codec=jpeg requestedCodec=jpeg h264En=0 codecFallbackReason=none jpegQuality=95 jpegMode=gray jpegBytes=23157 encodeInputChannels=1 flipMs=1.034 resizeMs=0.000 jpegMs=4.000 tcpSendMs=0.104 queueDepth=0 queueWaitMs=0.001 overwritten=0
[SyncFrame] sourceSeq=3120 outputOrdinal=3120 inputQueueDepth=16 tcpQueueDepth=0 sourceSeqContinuous=1 videoFpsTarget=60.000 frameMs=8.624 latencyMs=398.322 readbackMs=2.137 flipMs=1.034 resizeMs=0.000 jpegMs=4.000 tcpSendMs=0.104 overrun=0 overwritten=0
[Stage6 MTF] sourceSeq=3120 enabled=0 effective=0 mode=GaussianSeparable effectiveMode=GaussianSinglePassSeparableWeights sigmaPixels=0.65 radiusPixels=2 passes=1 applyTo=final_display inputSize=800x800 outputSize=800x800 stage6MtfBlurMs=0 stage6MtfBlurScope=render_pass_upper_bound implementation=single_pass_gpu_separable_weights todo=true_two_pass_separable_if_needed
[Stage6 Noise] sourceSeq=3120 enabled=0 effective=0 applyTo=final_display position=BeforeAGC temporalEnabled=1 temporalSigma=0.005 fpnEnabled=0 fpnSigma=0.003 columnEnabled=0 columnSigma=0.002 rowEnabled=0 rowSigma=0.001 badPixelEnabled=0 badPixelRatio=0.0001 seed=12345 stage6DetectorNoiseMs=0 stage6DetectorNoiseScope=render_pass_upper_bound implementation=single_pass_gpu_hash_noise
[Stage6 AGC] sourceSeq=3120 enabled=0 effective=0 mode=Percentile statsSource=previous_readback updateHz=30 sampleCount=0 lowPercentile=2 highPercentile=98 lowInput=0 highInput=1 gain=1 offset=0 gainSmoothed=1 offsetSmoothed=0 valid=0 fallbackReason=disabled stage6AgcStatsMs=0
[RenderPerfProbe] pandaDoFrameMs=17.926 renderPath=direct_final graphicsOutputCount=1 activeDisplayRegionCount=1 rawPassEnabled=0 finalPassEnabled=1 annotationOverlayEnabled=0 readbackMode=EveryFrame readbackEveryN=1 copyRamAttached=1 copyRamMode=RTM_copy_ram quietPerfMode=1 bboxFastMode=mesh_body processRealSceneMs=0.208 targetMappingMs=0.126 cameraControlMs=0.014 stage4Stage5UpdateMs=3.153 shaderInputApplyMs=0.000 readbackMs=1.866 frameCopyMs=0.814 jpegMs=8.496 annotationMs=0.004 annotationBBoxMs=0.000 annotationOcclusionMs=0.000 annotationJsonMs=0.000 annotationTargets=5 bboxUpdateCount=523 bboxReuseCount=2614 occlusionUpdateCount=261 occlusionReuseCount=2876 targetUpdateCullInvisible=1 targetUpdateTotal=10 targetUpdateVisible=5 targetUpdateSkippedBeyondFar=0 targetUpdateSkippedShaderApply=0
[AnnotationCollisionCache] platform=AIM120D targetID=3 built=0 reused=1 triangles=1532 solids=1532
[SyncFrame][WARN] inputQueueBackpressure sourceSeq=3197 backpressureCount=2880 queueDepth=16 queueCapacity=16 action=wait_for_space
[Perf] mode=sync videoFpsTarget=60.000 udpFps=42.760 renderFps=42.760 outputFps=42.760 sceneUpdateMs=3.725 annotationMs=3.503 irUpdateMs=1.886 irEnvBuildMs=0.006 stage7SkyGroundMs=0.848 platformRadianceMs=0.015 targetRadianceMs=0.075 stage4HotspotMs=1.767 stage5PlumeMs=0.268 stage5RadianceComponentMs=1.661 stage5AeroThermalMs=0.010 stage5ModtranLookupMs=0.000 shaderInputApplyMs=3.172 shaderInputApplyScope=exclusive stage7SkyGroundScope=inclusive stage4HotspotScope=inclusive shaderInputSetCount=1626 shaderInputSkipCount=19698 shaderInputCacheHitRate=92.375 stage5ModtranCacheHitCount=0 stage5ModtranCacheMissCount=0 stage7FullUpdateCount=15 stage7PositionOnlyCount=28 stage7SkipCount=0 stage4UpdateCount=0 stage4SkipCount=215 plumeUpdateMs=0.252 renderMs=19.504 stage6MtfBlurMs=0.000 stage6MtfBlurScope=render_pass_upper_bound mtfBlurEnabled=0 mtfBlurSigmaPixels=0.650 mtfBlurRadiusPixels=2 stage6DetectorNoiseMs=0.000 stage6DetectorNoiseScope=render_pass_upper_bound detectorNoiseEnabled=0 temporalNoiseSigmaGray=0.005 fpnSigmaGray=0.003 columnNoiseSigmaGray=0.002 rowNoiseSigmaGray=0.001 badPixelRatio=0.000 noisePosition=BeforeAGC stage6AgcStatsMs=0.000 stage6AgcApplyMs=0.000 agcEnabled=0 agcMode=Percentile agcGain=1.000 agcOffset=0.000 agcLowInput=0.000 agcHighInput=1.000 agcSampleCount=0 readbackMs=1.955 resizeMs=0.000 frameCopyMs=0.706 jpegMs=7.509 tcpSendMs=0.157 tcpQueueDepth=0 tcpQueueDepthMax=1 inputQueueDepth=16 inputQueueDepthMax=16 sourceSeqLag=17 latencyAvgMs=406.820 latencyMaxMs=421.046 syncOverrunCount=3405 inputQueueOverflowCount=0 udpFrames=3199 renderFrames=3181 outputFrames=3182
[Perf][WARN] outputFps=42.760 targetFps=60.000 bottleneckSummary=below_60hz irUpdateMs=1.886 stage5ModtranLookupMs=0.000 stage5RadianceComponentMs=1.661 stage5AeroThermalMs=0.010 stage4HotspotMs=1.767 stage7SkyGroundMs=0.848 shaderInputApplyMs=3.172 annotationMs=3.503 renderMs=19.504 stage6MtfBlurMs=0.000 stage6DetectorNoiseMs=0.000 stage6AgcStatsMs=0.000 readbackMs=1.955 jpegMs=7.509 tcpSendMs=0.157 inputQueueDepth=16 sourceSeqLag=17 note=recorderWriteMs_is_reported_by_VideoDisplay_RecorderPerf
[TcpPerf] sourceSeq=3205 outputOrdinal=3205 codec=jpeg requestedCodec=jpeg h264En=0 codecFallbackReason=none jpegQuality=95 jpegMode=gray jpegBytes=24782 encodeInputChannels=1 flipMs=2.239 resizeMs=0.000 jpegMs=8.374 tcpSendMs=0.167 queueDepth=0 queueWaitMs=0.001 overwritten=0
接收UDP数据，长度：506字节，来自：192.168.1.188:9999 packet=3240
解析UDP数据，flag：0x38 packet=3240
[Stage0] Display packet #3240: platID=1, sensorID=1, targetNumValid=5, timeMs=1.78246e+12
处理实时成像数据...
实时数据更新完成，时间戳=1.78246e+12ms
实时数据更新完成，时间戳=1.78246e+12ms
[CameraControl] mode=lookat targetPlatID=3 targetID=34 relPitch=-42.0499 relYaw=24.3853 range=3720.93
[Stage6 FrameDiag] frameIndex=1.78246e+12 packet=3256 band=MWIR whiteHot=1 displayGain=1 displayOffset=0 noiseEnable=0 noiseSigmaGray=0 route=final_sensor targetVisibleCount=5 targetMappedCount=5 hiddenByTargetNum=0 hiddenByTargetViewValid=0 hiddenByWeaponViewValid=0 beyondFarClip=0 skyVisible=1 cameraHpr=-24.3853,-42.0499,0 sensorFovH=0.0999999 sensorFovV=0.0999999 near=1 far=50000
[AnnotationFastPath] enabled=1 frame=3240 bboxDue=0 occlusionDue=0 updateProjection=0 reused=1 bboxUpdateHz=10 occlusionUpdateHz=5 reuseLastWhenSkipped=1 drawOverlay=0 jsonPerFrame=1 quietPerfMode=1 bboxUpdateCount=540 bboxReuseCount=2700 occlusionUpdateCount=269 occlusionReuseCount=2971
[ScenePerfProbe] sourceSeq=3240 processRealSceneMs=0.301 targetMappingMs=0.133 cameraControlMs=0.072 stage4Stage5UpdateMs=3.415 shaderInputApplyMs=0.000 annotationComputeMs=0.012 annotationBBoxMs=0.000 annotationOcclusionMs=0.000 annotationJsonMs=0.000 pandaDoFrameMs=17.886 readbackMs=1.879 frameCopyMs=0.673 jpegMs=9.364 readbackMode=EveryFrame copyRamAttached=1 quietPerfMode=1 bboxFastMode=mesh_body annotationFastJsonMode=1 annotationOverlayInSensorImage=0 annotationJsonPerFrame=1 bboxUpdateCount=540 bboxReuseCount=2700 occlusionUpdateCount=269 occlusionReuseCount=2971 targetUpdateCullInvisible=1 targetUpdateTotal=10 targetUpdateVisible=5 targetUpdateSkippedBeyondFar=0 targetUpdateSkippedShaderApply=0
[Stage6 Capture] frameWidth=800 frameHeight=800 tcpWidth=800 tcpHeight=800 renderTextureWidth=800 renderTextureHeight=800 textureCropApplied=0 source=final_sensor channels=RGB8 readbackMode=EveryFrame readbackEveryN=1 copyRamAttached=1 copyRamMode=RTM_copy_ram tcpFrameReused=0 diagnostic_only=0 renderPath=direct_final sourceSeq=3240 readbackMs=1.89204 resizeMs=0 frameCopyMs=0.699708 tcpQueueDepth=1 annotationJsonPerFrame=1 annotationOverlayInSensorImage=0
[Stage5 Plume] targetType=0x22 targetPlatID=3 targetID=3 platform=AIM120D engineState=1 band=MWIR coreEnabled=1 haloEnabled=1 coreTempK=1800 haloTempK=1100 coreGray=1 haloGray=0.789749 coreOpacity=1 haloOpacity=0.405 coreVisible=1 haloVisible=1
[TcpFramePacket] frame=3240 imgBytes=28269 annotationBytes=1800 targets=5 width=800 height=800
[TcpPerf] sourceSeq=3240 outputOrdinal=3240 codec=jpeg requestedCodec=jpeg h264En=0 codecFallbackReason=none jpegQuality=95 jpegMode=gray jpegBytes=28269 encodeInputChannels=1 flipMs=2.239 resizeMs=0.000 jpegMs=9.176 tcpSendMs=0.167 queueDepth=0 queueWaitMs=0.001 overwritten=0
[SyncFrame] sourceSeq=3240 outputOrdinal=3240 inputQueueDepth=16 tcpQueueDepth=0 sourceSeqContinuous=1 videoFpsTarget=60.000 frameMs=14.931 latencyMs=417.759 readbackMs=1.892 flipMs=2.239 resizeMs=0.000 jpegMs=9.176 tcpSendMs=0.167 overrun=0 overwritten=0
[Stage6 MTF] sourceSeq=3240 enabled=0 effective=0 mode=GaussianSeparable effectiveMode=GaussianSinglePassSeparableWeights sigmaPixels=0.65 radiusPixels=2 passes=1 applyTo=final_display inputSize=800x800 outputSize=800x800 stage6MtfBlurMs=0 stage6MtfBlurScope=render_pass_upper_bound implementation=single_pass_gpu_separable_weights todo=true_two_pass_separable_if_needed
[Stage6 Noise] sourceSeq=3240 enabled=0 effective=0 applyTo=final_display position=BeforeAGC temporalEnabled=1 temporalSigma=0.005 fpnEnabled=0 fpnSigma=0.003 columnEnabled=0 columnSigma=0.002 rowEnabled=0 rowSigma=0.001 badPixelEnabled=0 badPixelRatio=0.0001 seed=12345 stage6DetectorNoiseMs=0 stage6DetectorNoiseScope=render_pass_upper_bound implementation=single_pass_gpu_hash_noise
[Stage6 AGC] sourceSeq=3240 enabled=0 effective=0 mode=Percentile statsSource=previous_readback updateHz=30 sampleCount=0 lowPercentile=2 highPercentile=98 lowInput=0 highInput=1 gain=1 offset=0 gainSmoothed=1 offsetSmoothed=0 valid=0 fallbackReason=disabled stage6AgcStatsMs=0
[RenderPerfProbe] pandaDoFrameMs=18.773 renderPath=direct_final graphicsOutputCount=1 activeDisplayRegionCount=1 rawPassEnabled=0 finalPassEnabled=1 annotationOverlayEnabled=0 readbackMode=EveryFrame readbackEveryN=1 copyRamAttached=1 copyRamMode=RTM_copy_ram quietPerfMode=1 bboxFastMode=mesh_body processRealSceneMs=0.217 targetMappingMs=0.135 cameraControlMs=0.014 stage4Stage5UpdateMs=3.410 shaderInputApplyMs=0.000 readbackMs=1.896 frameCopyMs=0.690 jpegMs=8.479 annotationMs=0.003 annotationBBoxMs=0.000 annotationOcclusionMs=0.000 annotationJsonMs=0.000 annotationTargets=5 bboxUpdateCount=543 bboxReuseCount=2714 occlusionUpdateCount=271 occlusionReuseCount=2986 targetUpdateCullInvisible=1 targetUpdateTotal=10 targetUpdateVisible=5 targetUpdateSkippedBeyondFar=0 targetUpdateSkippedShaderApply=0
[Perf] mode=sync videoFpsTarget=60.000 udpFps=41.787 renderFps=41.787 outputFps=41.787 sceneUpdateMs=3.863 annotationMs=3.636 irUpdateMs=1.943 irEnvBuildMs=0.006 stage7SkyGroundMs=0.656 platformRadianceMs=0.015 targetRadianceMs=0.065 stage4HotspotMs=1.791 stage5PlumeMs=0.235 stage5RadianceComponentMs=1.689 stage5AeroThermalMs=0.012 stage5ModtranLookupMs=0.000 shaderInputApplyMs=2.834 shaderInputApplyScope=exclusive stage7SkyGroundScope=inclusive stage4HotspotScope=inclusive shaderInputSetCount=1727 shaderInputSkipCount=18993 shaderInputCacheHitRate=91.665 stage5ModtranCacheHitCount=0 stage5ModtranCacheMissCount=0 stage7FullUpdateCount=14 stage7PositionOnlyCount=28 stage7SkipCount=0 stage4UpdateCount=0 stage4SkipCount=210 plumeUpdateMs=0.252 renderMs=19.971 stage6MtfBlurMs=0.000 stage6MtfBlurScope=render_pass_upper_bound mtfBlurEnabled=0 mtfBlurSigmaPixels=0.650 mtfBlurRadiusPixels=2 stage6DetectorNoiseMs=0.000 stage6DetectorNoiseScope=render_pass_upper_bound detectorNoiseEnabled=0 temporalNoiseSigmaGray=0.005 fpnSigmaGray=0.003 columnNoiseSigmaGray=0.002 rowNoiseSigmaGray=0.001 badPixelRatio=0.000 noisePosition=BeforeAGC stage6AgcStatsMs=0.000 stage6AgcApplyMs=0.000 agcEnabled=0 agcMode=Percentile agcGain=1.000 agcOffset=0.000 agcLowInput=0.000 agcHighInput=1.000 agcSampleCount=0 readbackMs=1.945 resizeMs=0.000 frameCopyMs=0.702 jpegMs=8.583 tcpSendMs=0.176 tcpQueueDepth=0 tcpQueueDepthMax=1 inputQueueDepth=16 inputQueueDepthMax=16 sourceSeqLag=17 latencyAvgMs=423.279 latencyMaxMs=445.715 syncOverrunCount=3503 inputQueueOverflowCount=0 udpFrames=3283 renderFrames=3265 outputFrames=3266
[Perf][WARN] outputFps=41.787 targetFps=60.000 bottleneckSummary=below_60hz irUpdateMs=1.943 stage5ModtranLookupMs=0.000 stage5RadianceComponentMs=1.689 stage5AeroThermalMs=0.012 stage4HotspotMs=1.791 stage7SkyGroundMs=0.656 shaderInputApplyMs=2.834 annotationMs=3.636 renderMs=19.971 stage6MtfBlurMs=0.000 stage6DetectorNoiseMs=0.000 stage6AgcStatsMs=0.000 readbackMs=1.945 jpegMs=8.583 tcpSendMs=0.176 inputQueueDepth=16 sourceSeqLag=17 note=recorderWriteMs_is_reported_by_VideoDisplay_RecorderPerf
[SyncFrame][WARN] inputQueueBackpressure sourceSeq=3317 backpressureCount=3000 queueDepth=16 queueCapacity=16 action=wait_for_space
[TcpPerf] sourceSeq=3324 outputOrdinal=3324 codec=jpeg requestedCodec=jpeg h264En=0 codecFallbackReason=none jpegQuality=95 jpegMode=gray jpegBytes=31256 encodeInputChannels=1 flipMs=2.088 resizeMs=0.000 jpegMs=7.931 tcpSendMs=0.177 queueDepth=0 queueWaitMs=0.001 overwritten=0
接收UDP数据，长度：506字节，来自：192.168.1.188:9999 packet=3360
解析UDP数据，flag：0x38 packet=3360
[Stage0] Display packet #3360: platID=1, sensorID=1, targetNumValid=5, timeMs=1.78246e+12
处理实时成像数据...
实时数据更新完成，时间戳=1.78246e+12ms
实时数据更新完成，时间戳=1.78246e+12ms
[Perf] mode=sync videoFpsTarget=60.000 udpFps=41.275 renderFps=41.275 outputFps=41.275 sceneUpdateMs=3.954 annotationMs=3.734 irUpdateMs=2.100 irEnvBuildMs=0.004 stage7SkyGroundMs=0.637 platformRadianceMs=0.013 targetRadianceMs=0.082 stage4HotspotMs=2.492 stage5PlumeMs=0.220 stage5RadianceComponentMs=2.385 stage5AeroThermalMs=0.013 stage5ModtranLookupMs=0.000 shaderInputApplyMs=3.764 shaderInputApplyScope=exclusive stage7SkyGroundScope=inclusive stage4HotspotScope=inclusive shaderInputSetCount=1918 shaderInputSkipCount=18198 shaderInputCacheHitRate=90.465 stage5ModtranCacheHitCount=0 stage5ModtranCacheMissCount=0 stage7FullUpdateCount=13 stage7PositionOnlyCount=28 stage7SkipCount=0 stage4UpdateCount=0 stage4SkipCount=205 plumeUpdateMs=0.253 renderMs=20.172 stage6MtfBlurMs=0.000 stage6MtfBlurScope=render_pass_upper_bound mtfBlurEnabled=0 mtfBlurSigmaPixels=0.650 mtfBlurRadiusPixels=2 stage6DetectorNoiseMs=0.000 stage6DetectorNoiseScope=render_pass_upper_bound detectorNoiseEnabled=0 temporalNoiseSigmaGray=0.005 fpnSigmaGray=0.003 columnNoiseSigmaGray=0.002 rowNoiseSigmaGray=0.001 badPixelRatio=0.000 noisePosition=BeforeAGC stage6AgcStatsMs=0.000 stage6AgcApplyMs=0.000 agcEnabled=0 agcMode=Percentile agcGain=1.000 agcOffset=0.000 agcLowInput=0.000 agcHighInput=1.000 agcSampleCount=0 readbackMs=1.949 resizeMs=0.000 frameCopyMs=0.708 jpegMs=8.622 tcpSendMs=0.196 tcpQueueDepth=0 tcpQueueDepthMax=1 inputQueueDepth=16 inputQueueDepthMax=16 sourceSeqLag=17 latencyAvgMs=425.579 latencyMaxMs=442.653 syncOverrunCount=3600 inputQueueOverflowCount=0 udpFrames=3366 renderFrames=3348 outputFrames=3349
[Perf][WARN] outputFps=41.275 targetFps=60.000 bottleneckSummary=below_60hz irUpdateMs=2.100 stage5ModtranLookupMs=0.000 stage5RadianceComponentMs=2.385 stage5AeroThermalMs=0.013 stage4HotspotMs=2.492 stage7SkyGroundMs=0.637 shaderInputApplyMs=3.764 annotationMs=3.734 renderMs=20.172 stage6MtfBlurMs=0.000 stage6DetectorNoiseMs=0.000 stage6AgcStatsMs=0.000 readbackMs=1.949 jpegMs=8.622 tcpSendMs=0.196 inputQueueDepth=16 sourceSeqLag=17 note=recorderWriteMs_is_reported_by_VideoDisplay_RecorderPerf
[Stage5 PlumePerf] plumeNodeCount=16 visiblePlumeCount=2 textureLoadCountThisFrame=0 updateHz=30 updatePlumeMs=0.252361 updatePlumeMsMax=0.411667 perfBudgetMs=1
[TargetUpdateCull] enabled=1 total=10 visible=5 skippedBeyondFar=0 skippedShaderApply=0 shaderInputApplyMs=2.69032 stage4Stage5UpdateMs=3.836
[CameraControl] mode=lookat targetPlatID=3 targetID=34 relPitch=-52.3736 relYaw=33.1855 range=3054.63
[Stage6 FrameDiag] frameIndex=1.78246e+12 packet=3376 band=MWIR whiteHot=1 displayGain=1 displayOffset=0 noiseEnable=0 noiseSigmaGray=0 route=final_sensor targetVisibleCount=5 targetMappedCount=5 hiddenByTargetNum=0 hiddenByTargetViewValid=0 hiddenByWeaponViewValid=0 beyondFarClip=0 skyVisible=1 cameraHpr=-33.1855,-52.3736,0 sensorFovH=0.0999999 sensorFovV=0.0999999 near=1 far=50000
[AnnotationFastPath] enabled=1 frame=3360 bboxDue=0 occlusionDue=0 updateProjection=0 reused=1 bboxUpdateHz=10 occlusionUpdateHz=5 reuseLastWhenSkipped=1 drawOverlay=0 jsonPerFrame=1 quietPerfMode=1 bboxUpdateCount=560 bboxReuseCount=2800 occlusionUpdateCount=279 occlusionReuseCount=3081
[ScenePerfProbe] sourceSeq=3360 processRealSceneMs=0.304 targetMappingMs=0.133 cameraControlMs=0.072 stage4Stage5UpdateMs=4.463 shaderInputApplyMs=0.000 annotationComputeMs=0.012 annotationBBoxMs=0.000 annotationOcclusionMs=0.000 annotationJsonMs=0.000 pandaDoFrameMs=18.737 readbackMs=1.972 frameCopyMs=0.690 jpegMs=8.165 readbackMode=EveryFrame copyRamAttached=1 quietPerfMode=1 bboxFastMode=mesh_body annotationFastJsonMode=1 annotationOverlayInSensorImage=0 annotationJsonPerFrame=1 bboxUpdateCount=560 bboxReuseCount=2800 occlusionUpdateCount=279 occlusionReuseCount=3081 targetUpdateCullInvisible=1 targetUpdateTotal=10 targetUpdateVisible=5 targetUpdateSkippedBeyondFar=0 targetUpdateSkippedShaderApply=0
[Stage6 Capture] frameWidth=800 frameHeight=800 tcpWidth=800 tcpHeight=800 renderTextureWidth=800 renderTextureHeight=800 textureCropApplied=0 source=final_sensor channels=RGB8 readbackMode=EveryFrame readbackEveryN=1 copyRamAttached=1 copyRamMode=RTM_copy_ram tcpFrameReused=0 diagnostic_only=0 renderPath=direct_final sourceSeq=3360 readbackMs=1.99908 resizeMs=0 frameCopyMs=0.686292 tcpQueueDepth=1 annotationJsonPerFrame=1 annotationOverlayInSensorImage=0
[Stage5 Plume] targetType=0x22 targetPlatID=3 targetID=3 platform=AIM120D engineState=1 band=MWIR coreEnabled=1 haloEnabled=1 coreTempK=1800 haloTempK=1100 coreGray=1 haloGray=0.789749 coreOpacity=1 haloOpacity=0.405 coreVisible=1 haloVisible=1
[TcpFramePacket] frame=3360 imgBytes=35246 annotationBytes=1796 targets=5 width=800 height=800
[TcpPerf] sourceSeq=3360 outputOrdinal=3360 codec=jpeg requestedCodec=jpeg h264En=0 codecFallbackReason=none jpegQuality=95 jpegMode=gray jpegBytes=35246 encodeInputChannels=1 flipMs=2.190 resizeMs=0.000 jpegMs=8.260 tcpSendMs=0.189 queueDepth=0 queueWaitMs=0.001 overwritten=0
[SyncFrame] sourceSeq=3360 outputOrdinal=3360 inputQueueDepth=16 tcpQueueDepth=0 sourceSeqContinuous=1 videoFpsTarget=60.000 frameMs=14.087 latencyMs=424.185 readbackMs=1.999 flipMs=2.190 resizeMs=0.000 jpegMs=8.260 tcpSendMs=0.189 overrun=0 overwritten=0
[Stage6 MTF] sourceSeq=3360 enabled=0 effective=0 mode=GaussianSeparable effectiveMode=GaussianSinglePassSeparableWeights sigmaPixels=0.65 radiusPixels=2 passes=1 applyTo=final_display inputSize=800x800 outputSize=800x800 stage6MtfBlurMs=0 stage6MtfBlurScope=render_pass_upper_bound implementation=single_pass_gpu_separable_weights todo=true_two_pass_separable_if_needed
[Stage6 Noise] sourceSeq=3360 enabled=0 effective=0 applyTo=final_display position=BeforeAGC temporalEnabled=1 temporalSigma=0.005 fpnEnabled=0 fpnSigma=0.003 columnEnabled=0 columnSigma=0.002 rowEnabled=0 rowSigma=0.001 badPixelEnabled=0 badPixelRatio=0.0001 seed=12345 stage6DetectorNoiseMs=0 stage6DetectorNoiseScope=render_pass_upper_bound implementation=single_pass_gpu_hash_noise
[Stage6 AGC] sourceSeq=3360 enabled=0 effective=0 mode=Percentile statsSource=previous_readback updateHz=30 sampleCount=0 lowPercentile=2 highPercentile=98 lowInput=0 highInput=1 gain=1 offset=0 gainSmoothed=1 offsetSmoothed=0 valid=0 fallbackReason=disabled stage6AgcStatsMs=0
[RenderPerfProbe] pandaDoFrameMs=18.608 renderPath=direct_final graphicsOutputCount=1 activeDisplayRegionCount=1 rawPassEnabled=0 finalPassEnabled=1 annotationOverlayEnabled=0 readbackMode=EveryFrame readbackEveryN=1 copyRamAttached=1 copyRamMode=RTM_copy_ram quietPerfMode=1 bboxFastMode=mesh_body processRealSceneMs=0.207 targetMappingMs=0.122 cameraControlMs=0.016 stage4Stage5UpdateMs=3.161 shaderInputApplyMs=0.000 readbackMs=1.949 frameCopyMs=0.689 jpegMs=10.164 annotationMs=0.003 annotationBBoxMs=0.000 annotationOcclusionMs=0.000 annotationJsonMs=0.000 annotationTargets=5 bboxUpdateCount=563 bboxReuseCount=2814 occlusionUpdateCount=281 occlusionReuseCount=3096 targetUpdateCullInvisible=1 targetUpdateTotal=10 targetUpdateVisible=5 targetUpdateSkippedBeyondFar=0 targetUpdateSkippedShaderApply=0
[SyncFrame][WARN] inputQueueBackpressure sourceSeq=3437 backpressureCount=3120 queueDepth=16 queueCapacity=16 action=wait_for_space
[Perf] mode=sync videoFpsTarget=60.000 udpFps=41.471 renderFps=41.971 outputFps=41.471 sceneUpdateMs=3.506 annotationMs=3.283 irUpdateMs=2.208 irEnvBuildMs=0.005 stage7SkyGroundMs=0.658 platformRadianceMs=0.014 targetRadianceMs=0.088 stage4HotspotMs=2.015 stage5PlumeMs=0.233 stage5RadianceComponentMs=1.896 stage5AeroThermalMs=0.012 stage5ModtranLookupMs=0.000 shaderInputApplyMs=3.197 shaderInputApplyScope=exclusive stage7SkyGroundScope=inclusive stage4HotspotScope=inclusive shaderInputSetCount=2027 shaderInputSkipCount=18693 shaderInputCacheHitRate=90.217 stage5ModtranCacheHitCount=0 stage5ModtranCacheMissCount=0 stage7FullUpdateCount=14 stage7PositionOnlyCount=28 stage7SkipCount=0 stage4UpdateCount=0 stage4SkipCount=210 plumeUpdateMs=0.245 renderMs=20.435 stage6MtfBlurMs=0.000 stage6MtfBlurScope=render_pass_upper_bound mtfBlurEnabled=0 mtfBlurSigmaPixels=0.650 mtfBlurRadiusPixels=2 stage6DetectorNoiseMs=0.000 stage6DetectorNoiseScope=render_pass_upper_bound detectorNoiseEnabled=0 temporalNoiseSigmaGray=0.005 fpnSigmaGray=0.003 columnNoiseSigmaGray=0.002 rowNoiseSigmaGray=0.001 badPixelRatio=0.000 noisePosition=BeforeAGC stage6AgcStatsMs=0.000 stage6AgcApplyMs=0.000 agcEnabled=0 agcMode=Percentile agcGain=1.000 agcOffset=0.000 agcLowInput=0.000 agcHighInput=1.000 agcSampleCount=0 readbackMs=1.970 resizeMs=0.000 frameCopyMs=0.702 jpegMs=8.879 tcpSendMs=0.210 tcpQueueDepth=0 tcpQueueDepthMax=1 inputQueueDepth=16 inputQueueDepthMax=16 sourceSeqLag=17 latencyAvgMs=431.021 latencyMaxMs=444.438 syncOverrunCount=3696 inputQueueOverflowCount=0 udpFrames=3449 renderFrames=3432 outputFrames=3432
[Perf][WARN] outputFps=41.471 targetFps=60.000 bottleneckSummary=below_60hz irUpdateMs=2.208 stage5ModtranLookupMs=0.000 stage5RadianceComponentMs=1.896 stage5AeroThermalMs=0.012 stage4HotspotMs=2.015 stage7SkyGroundMs=0.658 shaderInputApplyMs=3.197 annotationMs=3.283 renderMs=20.435 stage6MtfBlurMs=0.000 stage6DetectorNoiseMs=0.000 stage6AgcStatsMs=0.000 readbackMs=1.970 jpegMs=8.879 tcpSendMs=0.210 inputQueueDepth=16 sourceSeqLag=17 note=recorderWriteMs_is_reported_by_VideoDisplay_RecorderPerf
[TcpPerf] sourceSeq=3442 outputOrdinal=3442 codec=jpeg requestedCodec=jpeg h264En=0 codecFallbackReason=none jpegQuality=95 jpegMode=gray jpegBytes=39001 encodeInputChannels=1 flipMs=2.139 resizeMs=0.000 jpegMs=8.909 tcpSendMs=0.194 queueDepth=0 queueWaitMs=0.001 overwritten=0
[AnnotationCollisionCache] platform=AIM120D targetID=3 built=0 reused=1 triangles=1532 solids=1532
接收UDP数据，长度：506字节，来自：192.168.1.188:9999 packet=3480
解析UDP数据，flag：0x38 packet=3480
[Stage0] Display packet #3480: platID=1, sensorID=1, targetNumValid=5, timeMs=1.78246e+12
处理实时成像数据...
实时数据更新完成，时间戳=1.78246e+12ms
实时数据更新完成，时间戳=1.78246e+12ms
[CameraControl] mode=lookat targetPlatID=3 targetID=34 relPitch=-65.6936 relYaw=57.3094 range=2570.57
[Stage6 FrameDiag] frameIndex=1.78246e+12 packet=3496 band=MWIR whiteHot=1 displayGain=1 displayOffset=0 noiseEnable=0 noiseSigmaGray=0 route=final_sensor targetVisibleCount=5 targetMappedCount=5 hiddenByTargetNum=0 hiddenByTargetViewValid=0 hiddenByWeaponViewValid=0 beyondFarClip=0 skyVisible=1 cameraHpr=-57.3094,-65.6936,0 sensorFovH=0.0999999 sensorFovV=0.0999999 near=1 far=50000
[AnnotationFastPath] enabled=1 frame=3480 bboxDue=0 occlusionDue=0 updateProjection=0 reused=1 bboxUpdateHz=10 occlusionUpdateHz=5 reuseLastWhenSkipped=1 drawOverlay=0 jsonPerFrame=1 quietPerfMode=1 bboxUpdateCount=580 bboxReuseCount=2900 occlusionUpdateCount=289 occlusionReuseCount=3191
[ScenePerfProbe] sourceSeq=3480 processRealSceneMs=0.348 targetMappingMs=0.170 cameraControlMs=0.080 stage4Stage5UpdateMs=3.510 shaderInputApplyMs=0.000 annotationComputeMs=0.012 annotationBBoxMs=0.000 annotationOcclusionMs=0.000 annotationJsonMs=0.000 pandaDoFrameMs=18.406 readbackMs=2.001 frameCopyMs=0.713 jpegMs=4.266 readbackMode=EveryFrame copyRamAttached=1 quietPerfMode=1 bboxFastMode=mesh_body annotationFastJsonMode=1 annotationOverlayInSensorImage=0 annotationJsonPerFrame=1 bboxUpdateCount=580 bboxReuseCount=2900 occlusionUpdateCount=289 occlusionReuseCount=3191 targetUpdateCullInvisible=1 targetUpdateTotal=10 targetUpdateVisible=5 targetUpdateSkippedBeyondFar=0 targetUpdateSkippedShaderApply=0
[Stage6 Capture] frameWidth=800 frameHeight=800 tcpWidth=800 tcpHeight=800 renderTextureWidth=800 renderTextureHeight=800 textureCropApplied=0 source=final_sensor channels=RGB8 readbackMode=EveryFrame readbackEveryN=1 copyRamAttached=1 copyRamMode=RTM_copy_ram tcpFrameReused=0 diagnostic_only=0 renderPath=direct_final sourceSeq=3480 readbackMs=2.00229 resizeMs=0 frameCopyMs=0.69125 tcpQueueDepth=1 annotationJsonPerFrame=1 annotationOverlayInSensorImage=0
[Stage5 Plume] targetType=0x22 targetPlatID=3 targetID=3 platform=AIM120D engineState=1 band=MWIR coreEnabled=1 haloEnabled=1 coreTempK=1800 haloTempK=1100 coreGray=1 haloGray=0.789749 coreOpacity=1 haloOpacity=0.405 coreVisible=1 haloVisible=1
[TcpFramePacket] frame=3480 imgBytes=38290 annotationBytes=1743 targets=5 width=800 height=800
[TcpPerf] sourceSeq=3480 outputOrdinal=3480 codec=jpeg requestedCodec=jpeg h264En=0 codecFallbackReason=none jpegQuality=95 jpegMode=gray jpegBytes=38290 encodeInputChannels=1 flipMs=1.077 resizeMs=0.000 jpegMs=4.559 tcpSendMs=0.107 queueDepth=0 queueWaitMs=0.001 overwritten=0
[SyncFrame] sourceSeq=3480 outputOrdinal=3480 inputQueueDepth=16 tcpQueueDepth=0 sourceSeqContinuous=1 videoFpsTarget=60.000 frameMs=9.088 latencyMs=411.465 readbackMs=2.002 flipMs=1.077 resizeMs=0.000 jpegMs=4.559 tcpSendMs=0.107 overrun=0 overwritten=0
[Stage6 MTF] sourceSeq=3480 enabled=0 effective=0 mode=GaussianSeparable effectiveMode=GaussianSinglePassSeparableWeights sigmaPixels=0.65 radiusPixels=2 passes=1 applyTo=final_display inputSize=800x800 outputSize=800x800 stage6MtfBlurMs=0 stage6MtfBlurScope=render_pass_upper_bound implementation=single_pass_gpu_separable_weights todo=true_two_pass_separable_if_needed
[Stage6 Noise] sourceSeq=3480 enabled=0 effective=0 applyTo=final_display position=BeforeAGC temporalEnabled=1 temporalSigma=0.005 fpnEnabled=0 fpnSigma=0.003 columnEnabled=0 columnSigma=0.002 rowEnabled=0 rowSigma=0.001 badPixelEnabled=0 badPixelRatio=0.0001 seed=12345 stage6DetectorNoiseMs=0 stage6DetectorNoiseScope=render_pass_upper_bound implementation=single_pass_gpu_hash_noise
[Stage6 AGC] sourceSeq=3480 enabled=0 effective=0 mode=Percentile statsSource=previous_readback updateHz=30 sampleCount=0 lowPercentile=2 highPercentile=98 lowInput=0 highInput=1 gain=1 offset=0 gainSmoothed=1 offsetSmoothed=0 valid=0 fallbackReason=disabled stage6AgcStatsMs=0
[RenderPerfProbe] pandaDoFrameMs=18.996 renderPath=direct_final graphicsOutputCount=1 activeDisplayRegionCount=1 rawPassEnabled=0 finalPassEnabled=1 annotationOverlayEnabled=0 readbackMode=EveryFrame readbackEveryN=1 copyRamAttached=1 copyRamMode=RTM_copy_ram quietPerfMode=1 bboxFastMode=mesh_body processRealSceneMs=0.192 targetMappingMs=0.119 cameraControlMs=0.013 stage4Stage5UpdateMs=4.387 shaderInputApplyMs=0.000 readbackMs=1.897 frameCopyMs=0.693 jpegMs=5.021 annotationMs=0.004 annotationBBoxMs=0.000 annotationOcclusionMs=0.000 annotationJsonMs=0.000 annotationTargets=5 bboxUpdateCount=583 bboxReuseCount=2914 occlusionUpdateCount=291 occlusionReuseCount=3206 targetUpdateCullInvisible=1 targetUpdateTotal=10 targetUpdateVisible=5 targetUpdateSkippedBeyondFar=0 targetUpdateSkippedShaderApply=0
[Perf] mode=sync videoFpsTarget=60.000 udpFps=40.748 renderFps=40.251 outputFps=40.748 sceneUpdateMs=4.189 annotationMs=3.964 irUpdateMs=2.192 irEnvBuildMs=0.006 stage7SkyGroundMs=0.662 platformRadianceMs=0.015 targetRadianceMs=0.086 stage4HotspotMs=2.660 stage5PlumeMs=0.229 stage5RadianceComponentMs=2.535 stage5AeroThermalMs=0.013 stage5ModtranLookupMs=0.000 shaderInputApplyMs=3.932 shaderInputApplyScope=exclusive stage7SkyGroundScope=inclusive stage4HotspotScope=inclusive shaderInputSetCount=1968 shaderInputSkipCount=18314 shaderInputCacheHitRate=90.297 stage5ModtranCacheHitCount=0 stage5ModtranCacheMissCount=0 stage7FullUpdateCount=14 stage7PositionOnlyCount=27 stage7SkipCount=0 stage4UpdateCount=0 stage4SkipCount=205 plumeUpdateMs=0.242 renderMs=20.314 stage6MtfBlurMs=0.000 stage6MtfBlurScope=render_pass_upper_bound mtfBlurEnabled=0 mtfBlurSigmaPixels=0.650 mtfBlurRadiusPixels=2 stage6DetectorNoiseMs=0.000 stage6DetectorNoiseScope=render_pass_upper_bound detectorNoiseEnabled=0 temporalNoiseSigmaGray=0.005 fpnSigmaGray=0.003 columnNoiseSigmaGray=0.002 rowNoiseSigmaGray=0.001 badPixelRatio=0.000 noisePosition=BeforeAGC stage6AgcStatsMs=0.000 stage6AgcApplyMs=0.000 agcEnabled=0 agcMode=Percentile agcGain=1.000 agcOffset=0.000 agcLowInput=0.000 agcHighInput=1.000 agcSampleCount=0 readbackMs=1.998 resizeMs=0.000 frameCopyMs=0.702 jpegMs=7.575 tcpSendMs=0.186 tcpQueueDepth=0 tcpQueueDepthMax=1 inputQueueDepth=16 inputQueueDepthMax=16 sourceSeqLag=17 latencyAvgMs=432.758 latencyMaxMs=450.884 syncOverrunCount=3792 inputQueueOverflowCount=0 udpFrames=3531 renderFrames=3513 outputFrames=3514
[Perf][WARN] outputFps=40.748 targetFps=60.000 bottleneckSummary=below_60hz irUpdateMs=2.192 stage5ModtranLookupMs=0.000 stage5RadianceComponentMs=2.535 stage5AeroThermalMs=0.013 stage4HotspotMs=2.660 stage7SkyGroundMs=0.662 shaderInputApplyMs=3.932 annotationMs=3.964 renderMs=20.314 stage6MtfBlurMs=0.000 stage6DetectorNoiseMs=0.000 stage6AgcStatsMs=0.000 readbackMs=1.998 jpegMs=7.575 tcpSendMs=0.186 inputQueueDepth=16 sourceSeqLag=17 note=recorderWriteMs_is_reported_by_VideoDisplay_RecorderPerf
[SyncFrame][WARN] inputQueueBackpressure sourceSeq=3557 backpressureCount=3240 queueDepth=16 queueCapacity=16 action=wait_for_space
解析UDP数据，flag：0x41 packet=3562
[Stage0] Control command queued for main thread: command=3, round=1/1
[Stage0] Processing queued control command on render thread command=3 round=1/1
收到控制指令：
  军别：1
  挂载平台ID：1
  仿真指令：停止
  总回合数：1
  当前回合：1
[Stage0] Control command received: command=3, round=1/1
执行停止仿真逻辑...
[TcpControlForward] simCommand=3 round=1/1
仿真停止：当前回合=1
[RenderPerfProbe] pandaDoFrameMs=12.217 renderPath=direct_final graphicsOutputCount=1 activeDisplayRegionCount=1 rawPassEnabled=0 finalPassEnabled=1 annotationOverlayEnabled=0 readbackMode=EveryFrame readbackEveryN=1 copyRamAttached=1 copyRamMode=RTM_copy_ram quietPerfMode=1 bboxFastMode=mesh_body processRealSceneMs=19.676 targetMappingMs=0.124 cameraControlMs=0.015 stage4Stage5UpdateMs=3.676 shaderInputApplyMs=0.000 readbackMs=2.193 frameCopyMs=0.773 jpegMs=4.007 annotationMs=19.478 annotationBBoxMs=9.969 annotationOcclusionMs=3.973 annotationJsonMs=0.000 annotationTargets=5 bboxUpdateCount=591 bboxReuseCount=2950 occlusionUpdateCount=295 occlusionReuseCount=3246 targetUpdateCullInvisible=1 targetUpdateTotal=10 targetUpdateVisible=5 targetUpdateSkippedBeyondFar=0 targetUpdateSkippedShaderApply=0
[Perf] mode=sync videoFpsTarget=60.000 udpFps=12.980 renderFps=21.967 outputFps=13.480 sceneUpdateMs=2.364 annotationMs=3.547 irUpdateMs=1.953 irEnvBuildMs=0.005 stage7SkyGroundMs=0.638 platformRadianceMs=0.015 targetRadianceMs=0.099 stage4HotspotMs=2.179 stage5PlumeMs=0.225 stage5RadianceComponentMs=2.060 stage5AeroThermalMs=0.013 stage5ModtranLookupMs=0.000 shaderInputApplyMs=4.024 shaderInputApplyScope=exclusive stage7SkyGroundScope=inclusive stage4HotspotScope=inclusive shaderInputSetCount=565 shaderInputSkipCount=5793 shaderInputCacheHitRate=91.114 stage5ModtranCacheHitCount=0 stage5ModtranCacheMissCount=0 stage7FullUpdateCount=4 stage7PositionOnlyCount=9 stage7SkipCount=0 stage4UpdateCount=0 stage4SkipCount=65 plumeUpdateMs=0.233 renderMs=17.610 stage6MtfBlurMs=0.000 stage6MtfBlurScope=render_pass_upper_bound mtfBlurEnabled=0 mtfBlurSigmaPixels=0.650 mtfBlurRadiusPixels=2 stage6DetectorNoiseMs=0.000 stage6DetectorNoiseScope=render_pass_upper_bound detectorNoiseEnabled=0 temporalNoiseSigmaGray=0.005 fpnSigmaGray=0.003 columnNoiseSigmaGray=0.002 rowNoiseSigmaGray=0.001 badPixelRatio=0.000 noisePosition=BeforeAGC stage6AgcStatsMs=0.000 stage6AgcApplyMs=0.000 agcEnabled=0 agcMode=Percentile agcGain=1.000 agcOffset=0.000 agcLowInput=0.000 agcHighInput=1.000 agcSampleCount=0 readbackMs=1.980 resizeMs=0.000 frameCopyMs=0.701 jpegMs=8.221 tcpSendMs=0.201 tcpQueueDepth=0 tcpQueueDepthMax=1 inputQueueDepth=0 inputQueueDepthMax=16 sourceSeqLag=16 latencyAvgMs=422.950 latencyMaxMs=440.290 syncOverrunCount=3823 inputQueueOverflowCount=0 udpFrames=3557 renderFrames=3557 outputFrames=3541
[Perf][WARN] outputFps=13.480 targetFps=60.000 bottleneckSummary=below_60hz irUpdateMs=1.953 stage5ModtranLookupMs=0.000 stage5RadianceComponentMs=2.060 stage5AeroThermalMs=0.013 stage4HotspotMs=2.179 stage7SkyGroundMs=0.638 shaderInputApplyMs=4.024 annotationMs=3.547 renderMs=17.610 stage6MtfBlurMs=0.000 stage6DetectorNoiseMs=0.000 stage6AgcStatsMs=0.000 readbackMs=1.980 jpegMs=8.221 tcpSendMs=0.201 inputQueueDepth=0 sourceSeqLag=16 note=recorderWriteMs_is_reported_by_VideoDisplay_RecorderPerf
[RenderPerfProbe] pandaDoFrameMs=12.690 renderPath=direct_final graphicsOutputCount=1 activeDisplayRegionCount=1 rawPassEnabled=0 finalPassEnabled=1 annotationOverlayEnabled=0 readbackMode=EveryFrame readbackEveryN=1 copyRamAttached=1 copyRamMode=RTM_copy_ram quietPerfMode=1 bboxFastMode=mesh_body processRealSceneMs=19.676 targetMappingMs=0.124 cameraControlMs=0.015 stage4Stage5UpdateMs=3.676 shaderInputApplyMs=0.000 readbackMs=2.193 frameCopyMs=0.773 jpegMs=4.007 annotationMs=19.478 annotationBBoxMs=9.969 annotationOcclusionMs=3.973 annotationJsonMs=0.000 annotationTargets=5 bboxUpdateCount=591 bboxReuseCount=2950 occlusionUpdateCount=295 occlusionReuseCount=3246 targetUpdateCullInvisible=1 targetUpdateTotal=10 targetUpdateVisible=5 targetUpdateSkippedBeyondFar=0 targetUpdateSkippedShaderApply=0
[Perf] mode=sync videoFpsTarget=60.000 udpFps=0.000 renderFps=0.000 outputFps=0.000 sceneUpdateMs=0.000 annotationMs=0.000 irUpdateMs=0.000 irEnvBuildMs=0.000 stage7SkyGroundMs=0.000 platformRadianceMs=0.000 targetRadianceMs=0.000 stage4HotspotMs=0.000 stage5PlumeMs=0.000 stage5RadianceComponentMs=0.000 stage5AeroThermalMs=0.000 stage5ModtranLookupMs=0.000 shaderInputApplyMs=0.000 shaderInputApplyScope=exclusive stage7SkyGroundScope=inclusive stage4HotspotScope=inclusive shaderInputSetCount=0 shaderInputSkipCount=0 shaderInputCacheHitRate=0.000 stage5ModtranCacheHitCount=0 stage5ModtranCacheMissCount=0 stage7FullUpdateCount=0 stage7PositionOnlyCount=0 stage7SkipCount=0 stage4UpdateCount=0 stage4SkipCount=0 plumeUpdateMs=0.000 renderMs=0.000 stage6MtfBlurMs=0.000 stage6MtfBlurScope=render_pass_upper_bound mtfBlurEnabled=0 mtfBlurSigmaPixels=0.650 mtfBlurRadiusPixels=2 stage6DetectorNoiseMs=0.000 stage6DetectorNoiseScope=render_pass_upper_bound detectorNoiseEnabled=0 temporalNoiseSigmaGray=0.005 fpnSigmaGray=0.003 columnNoiseSigmaGray=0.002 rowNoiseSigmaGray=0.001 badPixelRatio=0.000 noisePosition=BeforeAGC stage6AgcStatsMs=0.000 stage6AgcApplyMs=0.000 agcEnabled=0 agcMode=Percentile agcGain=1.000 agcOffset=0.000 agcLowInput=0.000 agcHighInput=1.000 agcSampleCount=0 readbackMs=0.000 resizeMs=0.000 frameCopyMs=0.000 jpegMs=0.000 tcpSendMs=0.000 tcpQueueDepth=0 tcpQueueDepthMax=0 inputQueueDepth=0 inputQueueDepthMax=0 sourceSeqLag=0 latencyAvgMs=0.000 latencyMaxMs=0.000 syncOverrunCount=3823 inputQueueOverflowCount=0 udpFrames=3557 renderFrames=3557 outputFrames=3541
[RenderPerfProbe] pandaDoFrameMs=12.480 renderPath=direct_final graphicsOutputCount=1 activeDisplayRegionCount=1 rawPassEnabled=0 finalPassEnabled=1 annotationOverlayEnabled=0 readbackMode=EveryFrame readbackEveryN=1 copyRamAttached=1 copyRamMode=RTM_copy_ram quietPerfMode=1 bboxFastMode=mesh_body processRealSceneMs=19.676 targetMappingMs=0.124 cameraControlMs=0.015 stage4Stage5UpdateMs=3.676 shaderInputApplyMs=0.000 readbackMs=2.193 frameCopyMs=0.773 jpegMs=4.007 annotationMs=19.478 annotationBBoxMs=9.969 annotationOcclusionMs=3.973 annotationJsonMs=0.000 annotationTargets=5 bboxUpdateCount=591 bboxReuseCount=2950 occlusionUpdateCount=295 occlusionReuseCount=3246 targetUpdateCullInvisible=1 targetUpdateTotal=10 targetUpdateVisible=5 targetUpdateSkippedBeyondFar=0 targetUpdateSkippedShaderApply=0
[Perf] mode=sync videoFpsTarget=60.000 udpFps=0.000 renderFps=0.000 outputFps=0.000 sceneUpdateMs=0.000 annotationMs=0.000 irUpdateMs=0.000 irEnvBuildMs=0.000 stage7SkyGroundMs=0.000 platformRadianceMs=0.000 targetRadianceMs=0.000 stage4HotspotMs=0.000 stage5PlumeMs=0.000 stage5RadianceComponentMs=0.000 stage5AeroThermalMs=0.000 stage5ModtranLookupMs=0.000 shaderInputApplyMs=0.000 shaderInputApplyScope=exclusive stage7SkyGroundScope=inclusive stage4HotspotScope=inclusive shaderInputSetCount=0 shaderInputSkipCount=0 shaderInputCacheHitRate=0.000 stage5ModtranCacheHitCount=0 stage5ModtranCacheMissCount=0 stage7FullUpdateCount=0 stage7PositionOnlyCount=0 stage7SkipCount=0 stage4UpdateCount=0 stage4SkipCount=0 plumeUpdateMs=0.000 renderMs=0.000 stage6MtfBlurMs=0.000 stage6MtfBlurScope=render_pass_upper_bound mtfBlurEnabled=0 mtfBlurSigmaPixels=0.650 mtfBlurRadiusPixels=2 stage6DetectorNoiseMs=0.000 stage6DetectorNoiseScope=render_pass_upper_bound detectorNoiseEnabled=0 temporalNoiseSigmaGray=0.005 fpnSigmaGray=0.003 columnNoiseSigmaGray=0.002 rowNoiseSigmaGray=0.001 badPixelRatio=0.000 noisePosition=BeforeAGC stage6AgcStatsMs=0.000 stage6AgcApplyMs=0.000 agcEnabled=0 agcMode=Percentile agcGain=1.000 agcOffset=0.000 agcLowInput=0.000 agcHighInput=1.000 agcSampleCount=0 readbackMs=0.000 resizeMs=0.000 frameCopyMs=0.000 jpegMs=0.000 tcpSendMs=0.000 tcpQueueDepth=0 tcpQueueDepthMax=0 inputQueueDepth=0 inputQueueDepthMax=0 sourceSeqLag=0 latencyAvgMs=0.000 latencyMaxMs=0.000 syncOverrunCount=3823 inputQueueOverflowCount=0 udpFrames=3557 renderFrames=3557 outputFrames=3541
[RenderPerfProbe] pandaDoFrameMs=12.514 renderPath=direct_final graphicsOutputCount=1 activeDisplayRegionCount=1 rawPassEnabled=0 finalPassEnabled=1 annotationOverlayEnabled=0 readbackMode=EveryFrame readbackEveryN=1 copyRamAttached=1 copyRamMode=RTM_copy_ram quietPerfMode=1 bboxFastMode=mesh_body processRealSceneMs=19.676 targetMappingMs=0.124 cameraControlMs=0.015 stage4Stage5UpdateMs=3.676 shaderInputApplyMs=0.000 readbackMs=2.193 frameCopyMs=0.773 jpegMs=4.007 annotationMs=19.478 annotationBBoxMs=9.969 annotationOcclusionMs=3.973 annotationJsonMs=0.000 annotationTargets=5 bboxUpdateCount=591 bboxReuseCount=2950 occlusionUpdateCount=295 occlusionReuseCount=3246 targetUpdateCullInvisible=1 targetUpdateTotal=10 targetUpdateVisible=5 targetUpdateSkippedBeyondFar=0 targetUpdateSkippedShaderApply=0
[RenderPerfProbe] pandaDoFrameMs=12.803 renderPath=direct_final graphicsOutputCount=1 activeDisplayRegionCount=1 rawPassEnabled=0 finalPassEnabled=1 annotationOverlayEnabled=0 readbackMode=EveryFrame readbackEveryN=1 copyRamAttached=1 copyRamMode=RTM_copy_ram quietPerfMode=1 bboxFastMode=mesh_body processRealSceneMs=19.676 targetMappingMs=0.124 cameraControlMs=0.015 stage4Stage5UpdateMs=3.676 shaderInputApplyMs=0.000 readbackMs=2.193 frameCopyMs=0.773 jpegMs=4.007 annotationMs=19.478 annotationBBoxMs=9.969 annotationOcclusionMs=3.973 annotationJsonMs=0.000 annotationTargets=5 bboxUpdateCount=591 bboxReuseCount=2950 occlusionUpdateCount=295 occlusionReuseCount=3246 targetUpdateCullInvisible=1 targetUpdateTotal=10 targetUpdateVisible=5 targetUpdateSkippedBeyondFar=0 targetUpdateSkippedShaderApply=0
[Perf] mode=sync videoFpsTarget=60.000 udpFps=0.000 renderFps=0.000 outputFps=0.000 sceneUpdateMs=0.000 annotationMs=0.000 irUpdateMs=0.000 irEnvBuildMs=0.000 stage7SkyGroundMs=0.000 platformRadianceMs=0.000 targetRadianceMs=0.000 stage4HotspotMs=0.000 stage5PlumeMs=0.000 stage5RadianceComponentMs=0.000 stage5AeroThermalMs=0.000 stage5ModtranLookupMs=0.000 shaderInputApplyMs=0.000 shaderInputApplyScope=exclusive stage7SkyGroundScope=inclusive stage4HotspotScope=inclusive shaderInputSetCount=0 shaderInputSkipCount=0 shaderInputCacheHitRate=0.000 stage5ModtranCacheHitCount=0 stage5ModtranCacheMissCount=0 stage7FullUpdateCount=0 stage7PositionOnlyCount=0 stage7SkipCount=0 stage4UpdateCount=0 stage4SkipCount=0 plumeUpdateMs=0.000 renderMs=0.000 stage6MtfBlurMs=0.000 stage6MtfBlurScope=render_pass_upper_bound mtfBlurEnabled=0 mtfBlurSigmaPixels=0.650 mtfBlurRadiusPixels=2 stage6DetectorNoiseMs=0.000 stage6DetectorNoiseScope=render_pass_upper_bound detectorNoiseEnabled=0 temporalNoiseSigmaGray=0.005 fpnSigmaGray=0.003 columnNoiseSigmaGray=0.002 rowNoiseSigmaGray=0.001 badPixelRatio=0.000 noisePosition=BeforeAGC stage6AgcStatsMs=0.000 stage6AgcApplyMs=0.000 agcEnabled=0 agcMode=Percentile agcGain=1.000 agcOffset=0.000 agcLowInput=0.000 agcHighInput=1.000 agcSampleCount=0 readbackMs=0.000 resizeMs=0.000 frameCopyMs=0.000 jpegMs=0.000 tcpSendMs=0.000 tcpQueueDepth=0 tcpQueueDepthMax=0 inputQueueDepth=0 inputQueueDepthMax=0 sourceSeqLag=0 latencyAvgMs=0.000 latencyMaxMs=0.000 syncOverrunCount=3823 inputQueueOverflowCount=0 udpFrames=3557 renderFrames=3557 outputFrames=3541
[RenderPerfProbe] pandaDoFrameMs=12.829 renderPath=direct_final graphicsOutputCount=1 activeDisplayRegionCount=1 rawPassEnabled=0 finalPassEnabled=1 annotationOverlayEnabled=0 readbackMode=EveryFrame readbackEveryN=1 copyRamAttached=1 copyRamMode=RTM_copy_ram quietPerfMode=1 bboxFastMode=mesh_body processRealSceneMs=19.676 targetMappingMs=0.124 cameraControlMs=0.015 stage4Stage5UpdateMs=3.676 shaderInputApplyMs=0.000 readbackMs=2.193 frameCopyMs=0.773 jpegMs=4.007 annotationMs=19.478 annotationBBoxMs=9.969 annotationOcclusionMs=3.973 annotationJsonMs=0.000 annotationTargets=5 bboxUpdateCount=591 bboxReuseCount=2950 occlusionUpdateCount=295 occlusionReuseCount=3246 targetUpdateCullInvisible=1 targetUpdateTotal=10 targetUpdateVisible=5 targetUpdateSkippedBeyondFar=0 targetUpdateSkippedShaderApply=0
[Perf] mode=sync videoFpsTarget=60.000 udpFps=0.000 renderFps=0.000 outputFps=0.000 sceneUpdateMs=0.000 annotationMs=0.000 irUpdateMs=0.000 irEnvBuildMs=0.000 stage7SkyGroundMs=0.000 platformRadianceMs=0.000 targetRadianceMs=0.000 stage4HotspotMs=0.000 stage5PlumeMs=0.000 stage5RadianceComponentMs=0.000 stage5AeroThermalMs=0.000 stage5ModtranLookupMs=0.000 shaderInputApplyMs=0.000 shaderInputApplyScope=exclusive stage7SkyGroundScope=inclusive stage4HotspotScope=inclusive shaderInputSetCount=0 shaderInputSkipCount=0 shaderInputCacheHitRate=0.000 stage5ModtranCacheHitCount=0 stage5ModtranCacheMissCount=0 stage7FullUpdateCount=0 stage7PositionOnlyCount=0 stage7SkipCount=0 stage4UpdateCount=0 stage4SkipCount=0 plumeUpdateMs=0.000 renderMs=0.000 stage6MtfBlurMs=0.000 stage6MtfBlurScope=render_pass_upper_bound mtfBlurEnabled=0 mtfBlurSigmaPixels=0.650 mtfBlurRadiusPixels=2 stage6DetectorNoiseMs=0.000 stage6DetectorNoiseScope=render_pass_upper_bound detectorNoiseEnabled=0 temporalNoiseSigmaGray=0.005 fpnSigmaGray=0.003 columnNoiseSigmaGray=0.002 rowNoiseSigmaGray=0.001 badPixelRatio=0.000 noisePosition=BeforeAGC stage6AgcStatsMs=0.000 stage6AgcApplyMs=0.000 agcEnabled=0 agcMode=Percentile agcGain=1.000 agcOffset=0.000 agcLowInput=0.000 agcHighInput=1.000 agcSampleCount=0 readbackMs=0.000 resizeMs=0.000 frameCopyMs=0.000 jpegMs=0.000 tcpSendMs=0.000 tcpQueueDepth=0 tcpQueueDepthMax=0 inputQueueDepth=0 inputQueueDepthMax=0 sourceSeqLag=0 latencyAvgMs=0.000 latencyMaxMs=0.000 syncOverrunCount=3823 inputQueueOverflowCount=0 udpFrames=3557 renderFrames=3557 outputFrames=3541
[RenderPerfProbe] pandaDoFrameMs=12.846 renderPath=direct_final graphicsOutputCount=1 activeDisplayRegionCount=1 rawPassEnabled=0 finalPassEnabled=1 annotationOverlayEnabled=0 readbackMode=EveryFrame readbackEveryN=1 copyRamAttached=1 copyRamMode=RTM_copy_ram quietPerfMode=1 bboxFastMode=mesh_body processRealSceneMs=19.676 targetMappingMs=0.124 cameraControlMs=0.015 stage4Stage5UpdateMs=3.676 shaderInputApplyMs=0.000 readbackMs=2.193 frameCopyMs=0.773 jpegMs=4.007 annotationMs=19.478 annotationBBoxMs=9.969 annotationOcclusionMs=3.973 annotationJsonMs=0.000 annotationTargets=5 bboxUpdateCount=591 bboxReuseCount=2950 occlusionUpdateCount=295 occlusionReuseCount=3246 targetUpdateCullInvisible=1 targetUpdateTotal=10 targetUpdateVisible=5 targetUpdateSkippedBeyondFar=0 targetUpdateSkippedShaderApply=0
[Perf] mode=sync videoFpsTarget=60.000 udpFps=0.000 renderFps=0.000 outputFps=0.000 sceneUpdateMs=0.000 annotationMs=0.000 irUpdateMs=0.000 irEnvBuildMs=0.000 stage7SkyGroundMs=0.000 platformRadianceMs=0.000 targetRadianceMs=0.000 stage4HotspotMs=0.000 stage5PlumeMs=0.000 stage5RadianceComponentMs=0.000 stage5AeroThermalMs=0.000 stage5ModtranLookupMs=0.000 shaderInputApplyMs=0.000 shaderInputApplyScope=exclusive stage7SkyGroundScope=inclusive stage4HotspotScope=inclusive shaderInputSetCount=0 shaderInputSkipCount=0 shaderInputCacheHitRate=0.000 stage5ModtranCacheHitCount=0 stage5ModtranCacheMissCount=0 stage7FullUpdateCount=0 stage7PositionOnlyCount=0 stage7SkipCount=0 stage4UpdateCount=0 stage4SkipCount=0 plumeUpdateMs=0.000 renderMs=0.000 stage6MtfBlurMs=0.000 stage6MtfBlurScope=render_pass_upper_bound mtfBlurEnabled=0 mtfBlurSigmaPixels=0.650 mtfBlurRadiusPixels=2 stage6DetectorNoiseMs=0.000 stage6DetectorNoiseScope=render_pass_upper_bound detectorNoiseEnabled=0 temporalNoiseSigmaGray=0.005 fpnSigmaGray=0.003 columnNoiseSigmaGray=0.002 rowNoiseSigmaGray=0.001 badPixelRatio=0.000 noisePosition=BeforeAGC stage6AgcStatsMs=0.000 stage6AgcApplyMs=0.000 agcEnabled=0 agcMode=Percentile agcGain=1.000 agcOffset=0.000 agcLowInput=0.000 agcHighInput=1.000 agcSampleCount=0 readbackMs=0.000 resizeMs=0.000 frameCopyMs=0.000 jpegMs=0.000 tcpSendMs=0.000 tcpQueueDepth=0 tcpQueueDepthMax=0 inputQueueDepth=0 inputQueueDepthMax=0 sourceSeqLag=0 latencyAvgMs=0.000 latencyMaxMs=0.000 syncOverrunCount=3823 inputQueueOverflowCount=0 udpFrames=3557 renderFrames=3557 outputFrames=3541
[RenderPerfProbe] pandaDoFrameMs=12.973 renderPath=direct_final graphicsOutputCount=1 activeDisplayRegionCount=1 rawPassEnabled=0 finalPassEnabled=1 annotationOverlayEnabled=0 readbackMode=EveryFrame readbackEveryN=1 copyRamAttached=1 copyRamMode=RTM_copy_ram quietPerfMode=1 bboxFastMode=mesh_body processRealSceneMs=19.676 targetMappingMs=0.124 cameraControlMs=0.015 stage4Stage5UpdateMs=3.676 shaderInputApplyMs=0.000 readbackMs=2.193 frameCopyMs=0.773 jpegMs=4.007 annotationMs=19.478 annotationBBoxMs=9.969 annotationOcclusionMs=3.973 annotationJsonMs=0.000 annotationTargets=5 bboxUpdateCount=591 bboxReuseCount=2950 occlusionUpdateCount=295 occlusionReuseCount=3246 targetUpdateCullInvisible=1 targetUpdateTotal=10 targetUpdateVisible=5 targetUpdateSkippedBeyondFar=0 targetUpdateSkippedShaderApply=0
[RenderPerfProbe] pandaDoFrameMs=12.777 renderPath=direct_final graphicsOutputCount=1 activeDisplayRegionCount=1 rawPassEnabled=0 finalPassEnabled=1 annotationOverlayEnabled=0 readbackMode=EveryFrame readbackEveryN=1 copyRamAttached=1 copyRamMode=RTM_copy_ram quietPerfMode=1 bboxFastMode=mesh_body processRealSceneMs=19.676 targetMappingMs=0.124 cameraControlMs=0.015 stage4Stage5UpdateMs=3.676 shaderInputApplyMs=0.000 readbackMs=2.193 frameCopyMs=0.773 jpegMs=4.007 annotationMs=19.478 annotationBBoxMs=9.969 annotationOcclusionMs=3.973 annotationJsonMs=0.000 annotationTargets=5 bboxUpdateCount=591 bboxReuseCount=2950 occlusionUpdateCount=295 occlusionReuseCount=3246 targetUpdateCullInvisible=1 targetUpdateTotal=10 targetUpdateVisible=5 targetUpdateSkippedBeyondFar=0 targetUpdateSkippedShaderApply=0
[Perf] mode=sync videoFpsTarget=60.000 udpFps=0.000 renderFps=0.000 outputFps=0.000 sceneUpdateMs=0.000 annotationMs=0.000 irUpdateMs=0.000 irEnvBuildMs=0.000 stage7SkyGroundMs=0.000 platformRadianceMs=0.000 targetRadianceMs=0.000 stage4HotspotMs=0.000 stage5PlumeMs=0.000 stage5RadianceComponentMs=0.000 stage5AeroThermalMs=0.000 stage5ModtranLookupMs=0.000 shaderInputApplyMs=0.000 shaderInputApplyScope=exclusive stage7SkyGroundScope=inclusive stage4HotspotScope=inclusive shaderInputSetCount=0 shaderInputSkipCount=0 shaderInputCacheHitRate=0.000 stage5ModtranCacheHitCount=0 stage5ModtranCacheMissCount=0 stage7FullUpdateCount=0 stage7PositionOnlyCount=0 stage7SkipCount=0 stage4UpdateCount=0 stage4SkipCount=0 plumeUpdateMs=0.000 renderMs=0.000 stage6MtfBlurMs=0.000 stage6MtfBlurScope=render_pass_upper_bound mtfBlurEnabled=0 mtfBlurSigmaPixels=0.650 mtfBlurRadiusPixels=2 stage6DetectorNoiseMs=0.000 stage6DetectorNoiseScope=render_pass_upper_bound detectorNoiseEnabled=0 temporalNoiseSigmaGray=0.005 fpnSigmaGray=0.003 columnNoiseSigmaGray=0.002 rowNoiseSigmaGray=0.001 badPixelRatio=0.000 noisePosition=BeforeAGC stage6AgcStatsMs=0.000 stage6AgcApplyMs=0.000 agcEnabled=0 agcMode=Percentile agcGain=1.000 agcOffset=0.000 agcLowInput=0.000 agcHighInput=1.000 agcSampleCount=0 readbackMs=0.000 resizeMs=0.000 frameCopyMs=0.000 jpegMs=0.000 tcpSendMs=0.000 tcpQueueDepth=0 tcpQueueDepthMax=0 inputQueueDepth=0 inputQueueDepthMax=0 sourceSeqLag=0 latencyAvgMs=0.000 latencyMaxMs=0.000 syncOverrunCount=3823 inputQueueOverflowCount=0 udpFrames=3557 renderFrames=3557 outputFrames=3541
[RenderPerfProbe] pandaDoFrameMs=12.811 renderPath=direct_final graphicsOutputCount=1 activeDisplayRegionCount=1 rawPassEnabled=0 finalPassEnabled=1 annotationOverlayEnabled=0 readbackMode=EveryFrame readbackEveryN=1 copyRamAttached=1 copyRamMode=RTM_copy_ram quietPerfMode=1 bboxFastMode=mesh_body processRealSceneMs=19.676 targetMappingMs=0.124 cameraControlMs=0.015 stage4Stage5UpdateMs=3.676 shaderInputApplyMs=0.000 readbackMs=2.193 frameCopyMs=0.773 jpegMs=4.007 annotationMs=19.478 annotationBBoxMs=9.969 annotationOcclusionMs=3.973 annotationJsonMs=0.000 annotationTargets=5 bboxUpdateCount=591 bboxReuseCount=2950 occlusionUpdateCount=295 occlusionReuseCount=3246 targetUpdateCullInvisible=1 targetUpdateTotal=10 targetUpdateVisible=5 targetUpdateSkippedBeyondFar=0 targetUpdateSkippedShaderApply=0
[Perf] mode=sync videoFpsTarget=60.000 udpFps=0.000 renderFps=0.000 outputFps=0.000 sceneUpdateMs=0.000 annotationMs=0.000 irUpdateMs=0.000 irEnvBuildMs=0.000 stage7SkyGroundMs=0.000 platformRadianceMs=0.000 targetRadianceMs=0.000 stage4HotspotMs=0.000 stage5PlumeMs=0.000 stage5RadianceComponentMs=0.000 stage5AeroThermalMs=0.000 stage5ModtranLookupMs=0.000 shaderInputApplyMs=0.000 shaderInputApplyScope=exclusive stage7SkyGroundScope=inclusive stage4HotspotScope=inclusive shaderInputSetCount=0 shaderInputSkipCount=0 shaderInputCacheHitRate=0.000 stage5ModtranCacheHitCount=0 stage5ModtranCacheMissCount=0 stage7FullUpdateCount=0 stage7PositionOnlyCount=0 stage7SkipCount=0 stage4UpdateCount=0 stage4SkipCount=0 plumeUpdateMs=0.000 renderMs=0.000 stage6MtfBlurMs=0.000 stage6MtfBlurScope=render_pass_upper_bound mtfBlurEnabled=0 mtfBlurSigmaPixels=0.650 mtfBlurRadiusPixels=2 stage6DetectorNoiseMs=0.000 stage6DetectorNoiseScope=render_pass_upper_bound detectorNoiseEnabled=0 temporalNoiseSigmaGray=0.005 fpnSigmaGray=0.003 columnNoiseSigmaGray=0.002 rowNoiseSigmaGray=0.001 badPixelRatio=0.000 noisePosition=BeforeAGC stage6AgcStatsMs=0.000 stage6AgcApplyMs=0.000 agcEnabled=0 agcMode=Percentile agcGain=1.000 agcOffset=0.000 agcLowInput=0.000 agcHighInput=1.000 agcSampleCount=0 readbackMs=0.000 resizeMs=0.000 frameCopyMs=0.000 jpegMs=0.000 tcpSendMs=0.000 tcpQueueDepth=0 tcpQueueDepthMax=0 inputQueueDepth=0 inputQueueDepthMax=0 sourceSeqLag=0 latencyAvgMs=0.000 latencyMaxMs=0.000 syncOverrunCount=3823 inputQueueOverflowCount=0 udpFrames=3557 renderFrames=3557 outputFrames=3541
[RenderPerfProbe] pandaDoFrameMs=12.678 renderPath=direct_final graphicsOutputCount=1 activeDisplayRegionCount=1 rawPassEnabled=0 finalPassEnabled=1 annotationOverlayEnabled=0 readbackMode=EveryFrame readbackEveryN=1 copyRamAttached=1 copyRamMode=RTM_copy_ram quietPerfMode=1 bboxFastMode=mesh_body processRealSceneMs=19.676 targetMappingMs=0.124 cameraControlMs=0.015 stage4Stage5UpdateMs=3.676 shaderInputApplyMs=0.000 readbackMs=2.193 frameCopyMs=0.773 jpegMs=4.007 annotationMs=19.478 annotationBBoxMs=9.969 annotationOcclusionMs=3.973 annotationJsonMs=0.000 annotationTargets=5 bboxUpdateCount=591 bboxReuseCount=2950 occlusionUpdateCount=295 occlusionReuseCount=3246 targetUpdateCullInvisible=1 targetUpdateTotal=10 targetUpdateVisible=5 targetUpdateSkippedBeyondFar=0 targetUpdateSkippedShaderApply=0
[Perf] mode=sync videoFpsTarget=60.000 udpFps=0.000 renderFps=0.000 outputFps=0.000 sceneUpdateMs=0.000 annotationMs=0.000 irUpdateMs=0.000 irEnvBuildMs=0.000 stage7SkyGroundMs=0.000 platformRadianceMs=0.000 targetRadianceMs=0.000 stage4HotspotMs=0.000 stage5PlumeMs=0.000 stage5RadianceComponentMs=0.000 stage5AeroThermalMs=0.000 stage5ModtranLookupMs=0.000 shaderInputApplyMs=0.000 shaderInputApplyScope=exclusive stage7SkyGroundScope=inclusive stage4HotspotScope=inclusive shaderInputSetCount=0 shaderInputSkipCount=0 shaderInputCacheHitRate=0.000 stage5ModtranCacheHitCount=0 stage5ModtranCacheMissCount=0 stage7FullUpdateCount=0 stage7PositionOnlyCount=0 stage7SkipCount=0 stage4UpdateCount=0 stage4SkipCount=0 plumeUpdateMs=0.000 renderMs=0.000 stage6MtfBlurMs=0.000 stage6MtfBlurScope=render_pass_upper_bound mtfBlurEnabled=0 mtfBlurSigmaPixels=0.650 mtfBlurRadiusPixels=2 stage6DetectorNoiseMs=0.000 stage6DetectorNoiseScope=render_pass_upper_bound detectorNoiseEnabled=0 temporalNoiseSigmaGray=0.005 fpnSigmaGray=0.003 columnNoiseSigmaGray=0.002 rowNoiseSigmaGray=0.001 badPixelRatio=0.000 noisePosition=BeforeAGC stage6AgcStatsMs=0.000 stage6AgcApplyMs=0.000 agcEnabled=0 agcMode=Percentile agcGain=1.000 agcOffset=0.000 agcLowInput=0.000 agcHighInput=1.000 agcSampleCount=0 readbackMs=0.000 resizeMs=0.000 frameCopyMs=0.000 jpegMs=0.000 tcpSendMs=0.000 tcpQueueDepth=0 tcpQueueDepthMax=0 inputQueueDepth=0 inputQueueDepthMax=0 sourceSeqLag=0 latencyAvgMs=0.000 latencyMaxMs=0.000 syncOverrunCount=3823 inputQueueOverflowCount=0 udpFrames=3557 renderFrames=3557 outputFrames=3541
[RenderPerfProbe] pandaDoFrameMs=12.806 renderPath=direct_final graphicsOutputCount=1 activeDisplayRegionCount=1 rawPassEnabled=0 finalPassEnabled=1 annotationOverlayEnabled=0 readbackMode=EveryFrame readbackEveryN=1 copyRamAttached=1 copyRamMode=RTM_copy_ram quietPerfMode=1 bboxFastMode=mesh_body processRealSceneMs=19.676 targetMappingMs=0.124 cameraControlMs=0.015 stage4Stage5UpdateMs=3.676 shaderInputApplyMs=0.000 readbackMs=2.193 frameCopyMs=0.773 jpegMs=4.007 annotationMs=19.478 annotationBBoxMs=9.969 annotationOcclusionMs=3.973 annotationJsonMs=0.000 annotationTargets=5 bboxUpdateCount=591 bboxReuseCount=2950 occlusionUpdateCount=295 occlusionReuseCount=3246 targetUpdateCullInvisible=1 targetUpdateTotal=10 targetUpdateVisible=5 targetUpdateSkippedBeyondFar=0 targetUpdateSkippedShaderApply=0
[RenderPerfProbe] pandaDoFrameMs=12.758 renderPath=direct_final graphicsOutputCount=1 activeDisplayRegionCount=1 rawPassEnabled=0 finalPassEnabled=1 annotationOverlayEnabled=0 readbackMode=EveryFrame readbackEveryN=1 copyRamAttached=1 copyRamMode=RTM_copy_ram quietPerfMode=1 bboxFastMode=mesh_body processRealSceneMs=19.676 targetMappingMs=0.124 cameraControlMs=0.015 stage4Stage5UpdateMs=3.676 shaderInputApplyMs=0.000 readbackMs=2.193 frameCopyMs=0.773 jpegMs=4.007 annotationMs=19.478 annotationBBoxMs=9.969 annotationOcclusionMs=3.973 annotationJsonMs=0.000 annotationTargets=5 bboxUpdateCount=591 bboxReuseCount=2950 occlusionUpdateCount=295 occlusionReuseCount=3246 targetUpdateCullInvisible=1 targetUpdateTotal=10 targetUpdateVisible=5 targetUpdateSkippedBeyondFar=0 targetUpdateSkippedShaderApply=0
[Perf] mode=sync videoFpsTarget=60.000 udpFps=0.000 renderFps=0.000 outputFps=0.000 sceneUpdateMs=0.000 annotationMs=0.000 irUpdateMs=0.000 irEnvBuildMs=0.000 stage7SkyGroundMs=0.000 platformRadianceMs=0.000 targetRadianceMs=0.000 stage4HotspotMs=0.000 stage5PlumeMs=0.000 stage5RadianceComponentMs=0.000 stage5AeroThermalMs=0.000 stage5ModtranLookupMs=0.000 shaderInputApplyMs=0.000 shaderInputApplyScope=exclusive stage7SkyGroundScope=inclusive stage4HotspotScope=inclusive shaderInputSetCount=0 shaderInputSkipCount=0 shaderInputCacheHitRate=0.000 stage5ModtranCacheHitCount=0 stage5ModtranCacheMissCount=0 stage7FullUpdateCount=0 stage7PositionOnlyCount=0 stage7SkipCount=0 stage4UpdateCount=0 stage4SkipCount=0 plumeUpdateMs=0.000 renderMs=0.000 stage6MtfBlurMs=0.000 stage6MtfBlurScope=render_pass_upper_bound mtfBlurEnabled=0 mtfBlurSigmaPixels=0.650 mtfBlurRadiusPixels=2 stage6DetectorNoiseMs=0.000 stage6DetectorNoiseScope=render_pass_upper_bound detectorNoiseEnabled=0 temporalNoiseSigmaGray=0.005 fpnSigmaGray=0.003 columnNoiseSigmaGray=0.002 rowNoiseSigmaGray=0.001 badPixelRatio=0.000 noisePosition=BeforeAGC stage6AgcStatsMs=0.000 stage6AgcApplyMs=0.000 agcEnabled=0 agcMode=Percentile agcGain=1.000 agcOffset=0.000 agcLowInput=0.000 agcHighInput=1.000 agcSampleCount=0 readbackMs=0.000 resizeMs=0.000 frameCopyMs=0.000 jpegMs=0.000 tcpSendMs=0.000 tcpQueueDepth=0 tcpQueueDepthMax=0 inputQueueDepth=0 inputQueueDepthMax=0 sourceSeqLag=0 latencyAvgMs=0.000 latencyMaxMs=0.000 syncOverrunCount=3823 inputQueueOverflowCount=0 udpFrames=3557 renderFrames=3557 outputFrames=3541
[RenderPerfProbe] pandaDoFrameMs=12.795 renderPath=direct_final graphicsOutputCount=1 activeDisplayRegionCount=1 rawPassEnabled=0 finalPassEnabled=1 annotationOverlayEnabled=0 readbackMode=EveryFrame readbackEveryN=1 copyRamAttached=1 copyRamMode=RTM_copy_ram quietPerfMode=1 bboxFastMode=mesh_body processRealSceneMs=19.676 targetMappingMs=0.124 cameraControlMs=0.015 stage4Stage5UpdateMs=3.676 shaderInputApplyMs=0.000 readbackMs=2.193 frameCopyMs=0.773 jpegMs=4.007 annotationMs=19.478 annotationBBoxMs=9.969 annotationOcclusionMs=3.973 annotationJsonMs=0.000 annotationTargets=5 bboxUpdateCount=591 bboxReuseCount=2950 occlusionUpdateCount=295 occlusionReuseCount=3246 targetUpdateCullInvisible=1 targetUpdateTotal=10 targetUpdateVisible=5 targetUpdateSkippedBeyondFar=0 targetUpdateSkippedShaderApply=0
[Perf] mode=sync videoFpsTarget=60.000 udpFps=0.000 renderFps=0.000 outputFps=0.000 sceneUpdateMs=0.000 annotationMs=0.000 irUpdateMs=0.000 irEnvBuildMs=0.000 stage7SkyGroundMs=0.000 platformRadianceMs=0.000 targetRadianceMs=0.000 stage4HotspotMs=0.000 stage5PlumeMs=0.000 stage5RadianceComponentMs=0.000 stage5AeroThermalMs=0.000 stage5ModtranLookupMs=0.000 shaderInputApplyMs=0.000 shaderInputApplyScope=exclusive stage7SkyGroundScope=inclusive stage4HotspotScope=inclusive shaderInputSetCount=0 shaderInputSkipCount=0 shaderInputCacheHitRate=0.000 stage5ModtranCacheHitCount=0 stage5ModtranCacheMissCount=0 stage7FullUpdateCount=0 stage7PositionOnlyCount=0 stage7SkipCount=0 stage4UpdateCount=0 stage4SkipCount=0 plumeUpdateMs=0.000 renderMs=0.000 stage6MtfBlurMs=0.000 stage6MtfBlurScope=render_pass_upper_bound mtfBlurEnabled=0 mtfBlurSigmaPixels=0.650 mtfBlurRadiusPixels=2 stage6DetectorNoiseMs=0.000 stage6DetectorNoiseScope=render_pass_upper_bound detectorNoiseEnabled=0 temporalNoiseSigmaGray=0.005 fpnSigmaGray=0.003 columnNoiseSigmaGray=0.002 rowNoiseSigmaGray=0.001 badPixelRatio=0.000 noisePosition=BeforeAGC stage6AgcStatsMs=0.000 stage6AgcApplyMs=0.000 agcEnabled=0 agcMode=Percentile agcGain=1.000 agcOffset=0.000 agcLowInput=0.000 agcHighInput=1.000 agcSampleCount=0 readbackMs=0.000 resizeMs=0.000 frameCopyMs=0.000 jpegMs=0.000 tcpSendMs=0.000 tcpQueueDepth=0 tcpQueueDepthMax=0 inputQueueDepth=0 inputQueueDepthMax=0 sourceSeqLag=0 latencyAvgMs=0.000 latencyMaxMs=0.000 syncOverrunCount=3823 inputQueueOverflowCount=0 udpFrames=3557 renderFrames=3557 outputFrames=3541
[RenderPerfProbe] pandaDoFrameMs=12.754 renderPath=direct_final graphicsOutputCount=1 activeDisplayRegionCount=1 rawPassEnabled=0 finalPassEnabled=1 annotationOverlayEnabled=0 readbackMode=EveryFrame readbackEveryN=1 copyRamAttached=1 copyRamMode=RTM_copy_ram quietPerfMode=1 bboxFastMode=mesh_body processRealSceneMs=19.676 targetMappingMs=0.124 cameraControlMs=0.015 stage4Stage5UpdateMs=3.676 shaderInputApplyMs=0.000 readbackMs=2.193 frameCopyMs=0.773 jpegMs=4.007 annotationMs=19.478 annotationBBoxMs=9.969 annotationOcclusionMs=3.973 annotationJsonMs=0.000 annotationTargets=5 bboxUpdateCount=591 bboxReuseCount=2950 occlusionUpdateCount=295 occlusionReuseCount=3246 targetUpdateCullInvisible=1 targetUpdateTotal=10 targetUpdateVisible=5 targetUpdateSkippedBeyondFar=0 targetUpdateSkippedShaderApply=0
[Perf] mode=sync videoFpsTarget=60.000 udpFps=0.000 renderFps=0.000 outputFps=0.000 sceneUpdateMs=0.000 annotationMs=0.000 irUpdateMs=0.000 irEnvBuildMs=0.000 stage7SkyGroundMs=0.000 platformRadianceMs=0.000 targetRadianceMs=0.000 stage4HotspotMs=0.000 stage5PlumeMs=0.000 stage5RadianceComponentMs=0.000 stage5AeroThermalMs=0.000 stage5ModtranLookupMs=0.000 shaderInputApplyMs=0.000 shaderInputApplyScope=exclusive stage7SkyGroundScope=inclusive stage4HotspotScope=inclusive shaderInputSetCount=0 shaderInputSkipCount=0 shaderInputCacheHitRate=0.000 stage5ModtranCacheHitCount=0 stage5ModtranCacheMissCount=0 stage7FullUpdateCount=0 stage7PositionOnlyCount=0 stage7SkipCount=0 stage4UpdateCount=0 stage4SkipCount=0 plumeUpdateMs=0.000 renderMs=0.000 stage6MtfBlurMs=0.000 stage6MtfBlurScope=render_pass_upper_bound mtfBlurEnabled=0 mtfBlurSigmaPixels=0.650 mtfBlurRadiusPixels=2 stage6DetectorNoiseMs=0.000 stage6DetectorNoiseScope=render_pass_upper_bound detectorNoiseEnabled=0 temporalNoiseSigmaGray=0.005 fpnSigmaGray=0.003 columnNoiseSigmaGray=0.002 rowNoiseSigmaGray=0.001 badPixelRatio=0.000 noisePosition=BeforeAGC stage6AgcStatsMs=0.000 stage6AgcApplyMs=0.000 agcEnabled=0 agcMode=Percentile agcGain=1.000 agcOffset=0.000 agcLowInput=0.000 agcHighInput=1.000 agcSampleCount=0 readbackMs=0.000 resizeMs=0.000 frameCopyMs=0.000 jpegMs=0.000 tcpSendMs=0.000 tcpQueueDepth=0 tcpQueueDepthMax=0 inputQueueDepth=0 inputQueueDepthMax=0 sourceSeqLag=0 latencyAvgMs=0.000 latencyMaxMs=0.000 syncOverrunCount=3823 inputQueueOverflowCount=0 udpFrames=3557 renderFrames=3557 outputFrames=3541
[RenderPerfProbe] pandaDoFrameMs=12.887 renderPath=direct_final graphicsOutputCount=1 activeDisplayRegionCount=1 rawPassEnabled=0 finalPassEnabled=1 annotationOverlayEnabled=0 readbackMode=EveryFrame readbackEveryN=1 copyRamAttached=1 copyRamMode=RTM_copy_ram quietPerfMode=1 bboxFastMode=mesh_body processRealSceneMs=19.676 targetMappingMs=0.124 cameraControlMs=0.015 stage4Stage5UpdateMs=3.676 shaderInputApplyMs=0.000 readbackMs=2.193 frameCopyMs=0.773 jpegMs=4.007 annotationMs=19.478 annotationBBoxMs=9.969 annotationOcclusionMs=3.973 annotationJsonMs=0.000 annotationTargets=5 bboxUpdateCount=591 bboxReuseCount=2950 occlusionUpdateCount=295 occlusionReuseCount=3246 targetUpdateCullInvisible=1 targetUpdateTotal=10 targetUpdateVisible=5 targetUpdateSkippedBeyondFar=0 targetUpdateSkippedShaderApply=0
[Perf] mode=sync videoFpsTarget=60.000 udpFps=0.000 renderFps=0.000 outputFps=0.000 sceneUpdateMs=0.000 annotationMs=0.000 irUpdateMs=0.000 irEnvBuildMs=0.000 stage7SkyGroundMs=0.000 platformRadianceMs=0.000 targetRadianceMs=0.000 stage4HotspotMs=0.000 stage5PlumeMs=0.000 stage5RadianceComponentMs=0.000 stage5AeroThermalMs=0.000 stage5ModtranLookupMs=0.000 shaderInputApplyMs=0.000 shaderInputApplyScope=exclusive stage7SkyGroundScope=inclusive stage4HotspotScope=inclusive shaderInputSetCount=0 shaderInputSkipCount=0 shaderInputCacheHitRate=0.000 stage5ModtranCacheHitCount=0 stage5ModtranCacheMissCount=0 stage7FullUpdateCount=0 stage7PositionOnlyCount=0 stage7SkipCount=0 stage4UpdateCount=0 stage4SkipCount=0 plumeUpdateMs=0.000 renderMs=0.000 stage6MtfBlurMs=0.000 stage6MtfBlurScope=render_pass_upper_bound mtfBlurEnabled=0 mtfBlurSigmaPixels=0.650 mtfBlurRadiusPixels=2 stage6DetectorNoiseMs=0.000 stage6DetectorNoiseScope=render_pass_upper_bound detectorNoiseEnabled=0 temporalNoiseSigmaGray=0.005 fpnSigmaGray=0.003 columnNoiseSigmaGray=0.002 rowNoiseSigmaGray=0.001 badPixelRatio=0.000 noisePosition=BeforeAGC stage6AgcStatsMs=0.000 stage6AgcApplyMs=0.000 agcEnabled=0 agcMode=Percentile agcGain=1.000 agcOffset=0.000 agcLowInput=0.000 agcHighInput=1.000 agcSampleCount=0 readbackMs=0.000 resizeMs=0.000 frameCopyMs=0.000 jpegMs=0.000 tcpSendMs=0.000 tcpQueueDepth=0 tcpQueueDepthMax=0 inputQueueDepth=0 inputQueueDepthMax=0 sourceSeqLag=0 latencyAvgMs=0.000 latencyMaxMs=0.000 syncOverrunCount=3823 inputQueueOverflowCount=0 udpFrames=3557 renderFrames=3557 outputFrames=3541
[RenderPerfProbe] pandaDoFrameMs=12.525 renderPath=direct_final graphicsOutputCount=1 activeDisplayRegionCount=1 rawPassEnabled=0 finalPassEnabled=1 annotationOverlayEnabled=0 readbackMode=EveryFrame readbackEveryN=1 copyRamAttached=1 copyRamMode=RTM_copy_ram quietPerfMode=1 bboxFastMode=mesh_body processRealSceneMs=19.676 targetMappingMs=0.124 cameraControlMs=0.015 stage4Stage5UpdateMs=3.676 shaderInputApplyMs=0.000 readbackMs=2.193 frameCopyMs=0.773 jpegMs=4.007 annotationMs=19.478 annotationBBoxMs=9.969 annotationOcclusionMs=3.973 annotationJsonMs=0.000 annotationTargets=5 bboxUpdateCount=591 bboxReuseCount=2950 occlusionUpdateCount=295 occlusionReuseCount=3246 targetUpdateCullInvisible=1 targetUpdateTotal=10 targetUpdateVisible=5 targetUpdateSkippedBeyondFar=0 targetUpdateSkippedShaderApply=0
[RenderPerfProbe] pandaDoFrameMs=12.275 renderPath=direct_final graphicsOutputCount=1 activeDisplayRegionCount=1 rawPassEnabled=0 finalPassEnabled=1 annotationOverlayEnabled=0 readbackMode=EveryFrame readbackEveryN=1 copyRamAttached=1 copyRamMode=RTM_copy_ram quietPerfMode=1 bboxFastMode=mesh_body processRealSceneMs=19.676 targetMappingMs=0.124 cameraControlMs=0.015 stage4Stage5UpdateMs=3.676 shaderInputApplyMs=0.000 readbackMs=2.193 frameCopyMs=0.773 jpegMs=4.007 annotationMs=19.478 annotationBBoxMs=9.969 annotationOcclusionMs=3.973 annotationJsonMs=0.000 annotationTargets=5 bboxUpdateCount=591 bboxReuseCount=2950 occlusionUpdateCount=295 occlusionReuseCount=3246 targetUpdateCullInvisible=1 targetUpdateTotal=10 targetUpdateVisible=5 targetUpdateSkippedBeyondFar=0 targetUpdateSkippedShaderApply=0
[Perf] mode=sync videoFpsTarget=60.000 udpFps=0.000 renderFps=0.000 outputFps=0.000 sceneUpdateMs=0.000 annotationMs=0.000 irUpdateMs=0.000 irEnvBuildMs=0.000 stage7SkyGroundMs=0.000 platformRadianceMs=0.000 targetRadianceMs=0.000 stage4HotspotMs=0.000 stage5PlumeMs=0.000 stage5RadianceComponentMs=0.000 stage5AeroThermalMs=0.000 stage5ModtranLookupMs=0.000 shaderInputApplyMs=0.000 shaderInputApplyScope=exclusive stage7SkyGroundScope=inclusive stage4HotspotScope=inclusive shaderInputSetCount=0 shaderInputSkipCount=0 shaderInputCacheHitRate=0.000 stage5ModtranCacheHitCount=0 stage5ModtranCacheMissCount=0 stage7FullUpdateCount=0 stage7PositionOnlyCount=0 stage7SkipCount=0 stage4UpdateCount=0 stage4SkipCount=0 plumeUpdateMs=0.000 renderMs=0.000 stage6MtfBlurMs=0.000 stage6MtfBlurScope=render_pass_upper_bound mtfBlurEnabled=0 mtfBlurSigmaPixels=0.650 mtfBlurRadiusPixels=2 stage6DetectorNoiseMs=0.000 stage6DetectorNoiseScope=render_pass_upper_bound detectorNoiseEnabled=0 temporalNoiseSigmaGray=0.005 fpnSigmaGray=0.003 columnNoiseSigmaGray=0.002 rowNoiseSigmaGray=0.001 badPixelRatio=0.000 noisePosition=BeforeAGC stage6AgcStatsMs=0.000 stage6AgcApplyMs=0.000 agcEnabled=0 agcMode=Percentile agcGain=1.000 agcOffset=0.000 agcLowInput=0.000 agcHighInput=1.000 agcSampleCount=0 readbackMs=0.000 resizeMs=0.000 frameCopyMs=0.000 jpegMs=0.000 tcpSendMs=0.000 tcpQueueDepth=0 tcpQueueDepthMax=0 inputQueueDepth=0 inputQueueDepthMax=0 sourceSeqLag=0 latencyAvgMs=0.000 latencyMaxMs=0.000 syncOverrunCount=3823 inputQueueOverflowCount=0 udpFrames=3557 renderFrames=3557 outputFrames=3541
[RenderPerfProbe] pandaDoFrameMs=12.556 renderPath=direct_final graphicsOutputCount=1 activeDisplayRegionCount=1 rawPassEnabled=0 finalPassEnabled=1 annotationOverlayEnabled=0 readbackMode=EveryFrame readbackEveryN=1 copyRamAttached=1 copyRamMode=RTM_copy_ram quietPerfMode=1 bboxFastMode=mesh_body processRealSceneMs=19.676 targetMappingMs=0.124 cameraControlMs=0.015 stage4Stage5UpdateMs=3.676 shaderInputApplyMs=0.000 readbackMs=2.193 frameCopyMs=0.773 jpegMs=4.007 annotationMs=19.478 annotationBBoxMs=9.969 annotationOcclusionMs=3.973 annotationJsonMs=0.000 annotationTargets=5 bboxUpdateCount=591 bboxReuseCount=2950 occlusionUpdateCount=295 occlusionReuseCount=3246 targetUpdateCullInvisible=1 targetUpdateTotal=10 targetUpdateVisible=5 targetUpdateSkippedBeyondFar=0 targetUpdateSkippedShaderApply=0
[Perf] mode=sync videoFpsTarget=60.000 udpFps=0.000 renderFps=0.000 outputFps=0.000 sceneUpdateMs=0.000 annotationMs=0.000 irUpdateMs=0.000 irEnvBuildMs=0.000 stage7SkyGroundMs=0.000 platformRadianceMs=0.000 targetRadianceMs=0.000 stage4HotspotMs=0.000 stage5PlumeMs=0.000 stage5RadianceComponentMs=0.000 stage5AeroThermalMs=0.000 stage5ModtranLookupMs=0.000 shaderInputApplyMs=0.000 shaderInputApplyScope=exclusive stage7SkyGroundScope=inclusive stage4HotspotScope=inclusive shaderInputSetCount=0 shaderInputSkipCount=0 shaderInputCacheHitRate=0.000 stage5ModtranCacheHitCount=0 stage5ModtranCacheMissCount=0 stage7FullUpdateCount=0 stage7PositionOnlyCount=0 stage7SkipCount=0 stage4UpdateCount=0 stage4SkipCount=0 plumeUpdateMs=0.000 renderMs=0.000 stage6MtfBlurMs=0.000 stage6MtfBlurScope=render_pass_upper_bound mtfBlurEnabled=0 mtfBlurSigmaPixels=0.650 mtfBlurRadiusPixels=2 stage6DetectorNoiseMs=0.000 stage6DetectorNoiseScope=render_pass_upper_bound detectorNoiseEnabled=0 temporalNoiseSigmaGray=0.005 fpnSigmaGray=0.003 columnNoiseSigmaGray=0.002 rowNoiseSigmaGray=0.001 badPixelRatio=0.000 noisePosition=BeforeAGC stage6AgcStatsMs=0.000 stage6AgcApplyMs=0.000 agcEnabled=0 agcMode=Percentile agcGain=1.000 agcOffset=0.000 agcLowInput=0.000 agcHighInput=1.000 agcSampleCount=0 readbackMs=0.000 resizeMs=0.000 frameCopyMs=0.000 jpegMs=0.000 tcpSendMs=0.000 tcpQueueDepth=0 tcpQueueDepthMax=0 inputQueueDepth=0 inputQueueDepthMax=0 sourceSeqLag=0 latencyAvgMs=0.000 latencyMaxMs=0.000 syncOverrunCount=3823 inputQueueOverflowCount=0 udpFrames=3557 renderFrames=3557 outputFrames=3541
[RenderPerfProbe] pandaDoFrameMs=12.712 renderPath=direct_final graphicsOutputCount=1 activeDisplayRegionCount=1 rawPassEnabled=0 finalPassEnabled=1 annotationOverlayEnabled=0 readbackMode=EveryFrame readbackEveryN=1 copyRamAttached=1 copyRamMode=RTM_copy_ram quietPerfMode=1 bboxFastMode=mesh_body processRealSceneMs=19.676 targetMappingMs=0.124 cameraControlMs=0.015 stage4Stage5UpdateMs=3.676 shaderInputApplyMs=0.000 readbackMs=2.193 frameCopyMs=0.773 jpegMs=4.007 annotationMs=19.478 annotationBBoxMs=9.969 annotationOcclusionMs=3.973 annotationJsonMs=0.000 annotationTargets=5 bboxUpdateCount=591 bboxReuseCount=2950 occlusionUpdateCount=295 occlusionReuseCount=3246 targetUpdateCullInvisible=1 targetUpdateTotal=10 targetUpdateVisible=5 targetUpdateSkippedBeyondFar=0 targetUpdateSkippedShaderApply=0
[Perf] mode=sync videoFpsTarget=60.000 udpFps=0.000 renderFps=0.000 outputFps=0.000 sceneUpdateMs=0.000 annotationMs=0.000 irUpdateMs=0.000 irEnvBuildMs=0.000 stage7SkyGroundMs=0.000 platformRadianceMs=0.000 targetRadianceMs=0.000 stage4HotspotMs=0.000 stage5PlumeMs=0.000 stage5RadianceComponentMs=0.000 stage5AeroThermalMs=0.000 stage5ModtranLookupMs=0.000 shaderInputApplyMs=0.000 shaderInputApplyScope=exclusive stage7SkyGroundScope=inclusive stage4HotspotScope=inclusive shaderInputSetCount=0 shaderInputSkipCount=0 shaderInputCacheHitRate=0.000 stage5ModtranCacheHitCount=0 stage5ModtranCacheMissCount=0 stage7FullUpdateCount=0 stage7PositionOnlyCount=0 stage7SkipCount=0 stage4UpdateCount=0 stage4SkipCount=0 plumeUpdateMs=0.000 renderMs=0.000 stage6MtfBlurMs=0.000 stage6MtfBlurScope=render_pass_upper_bound mtfBlurEnabled=0 mtfBlurSigmaPixels=0.650 mtfBlurRadiusPixels=2 stage6DetectorNoiseMs=0.000 stage6DetectorNoiseScope=render_pass_upper_bound detectorNoiseEnabled=0 temporalNoiseSigmaGray=0.005 fpnSigmaGray=0.003 columnNoiseSigmaGray=0.002 rowNoiseSigmaGray=0.001 badPixelRatio=0.000 noisePosition=BeforeAGC stage6AgcStatsMs=0.000 stage6AgcApplyMs=0.000 agcEnabled=0 agcMode=Percentile agcGain=1.000 agcOffset=0.000 agcLowInput=0.000 agcHighInput=1.000 agcSampleCount=0 readbackMs=0.000 resizeMs=0.000 frameCopyMs=0.000 jpegMs=0.000 tcpSendMs=0.000 tcpQueueDepth=0 tcpQueueDepthMax=0 inputQueueDepth=0 inputQueueDepthMax=0 sourceSeqLag=0 latencyAvgMs=0.000 latencyMaxMs=0.000 syncOverrunCount=3823 inputQueueOverflowCount=0 udpFrames=3557 renderFrames=3557 outputFrames=3541
[RenderPerfProbe] pandaDoFrameMs=12.985 renderPath=direct_final graphicsOutputCount=1 activeDisplayRegionCount=1 rawPassEnabled=0 finalPassEnabled=1 annotationOverlayEnabled=0 readbackMode=EveryFrame readbackEveryN=1 copyRamAttached=1 copyRamMode=RTM_copy_ram quietPerfMode=1 bboxFastMode=mesh_body processRealSceneMs=19.676 targetMappingMs=0.124 cameraControlMs=0.015 stage4Stage5UpdateMs=3.676 shaderInputApplyMs=0.000 readbackMs=2.193 frameCopyMs=0.773 jpegMs=4.007 annotationMs=19.478 annotationBBoxMs=9.969 annotationOcclusionMs=3.973 annotationJsonMs=0.000 annotationTargets=5 bboxUpdateCount=591 bboxReuseCount=2950 occlusionUpdateCount=295 occlusionReuseCount=3246 targetUpdateCullInvisible=1 targetUpdateTotal=10 targetUpdateVisible=5 targetUpdateSkippedBeyondFar=0 targetUpdateSkippedShaderApply=0
[RenderPerfProbe] pandaDoFrameMs=12.756 renderPath=direct_final graphicsOutputCount=1 activeDisplayRegionCount=1 rawPassEnabled=0 finalPassEnabled=1 annotationOverlayEnabled=0 readbackMode=EveryFrame readbackEveryN=1 copyRamAttached=1 copyRamMode=RTM_copy_ram quietPerfMode=1 bboxFastMode=mesh_body processRealSceneMs=19.676 targetMappingMs=0.124 cameraControlMs=0.015 stage4Stage5UpdateMs=3.676 shaderInputApplyMs=0.000 readbackMs=2.193 frameCopyMs=0.773 jpegMs=4.007 annotationMs=19.478 annotationBBoxMs=9.969 annotationOcclusionMs=3.973 annotationJsonMs=0.000 annotationTargets=5 bboxUpdateCount=591 bboxReuseCount=2950 occlusionUpdateCount=295 occlusionReuseCount=3246 targetUpdateCullInvisible=1 targetUpdateTotal=10 targetUpdateVisible=5 targetUpdateSkippedBeyondFar=0 targetUpdateSkippedShaderApply=0
[Perf] mode=sync videoFpsTarget=60.000 udpFps=0.000 renderFps=0.000 outputFps=0.000 sceneUpdateMs=0.000 annotationMs=0.000 irUpdateMs=0.000 irEnvBuildMs=0.000 stage7SkyGroundMs=0.000 platformRadianceMs=0.000 targetRadianceMs=0.000 stage4HotspotMs=0.000 stage5PlumeMs=0.000 stage5RadianceComponentMs=0.000 stage5AeroThermalMs=0.000 stage5ModtranLookupMs=0.000 shaderInputApplyMs=0.000 shaderInputApplyScope=exclusive stage7SkyGroundScope=inclusive stage4HotspotScope=inclusive shaderInputSetCount=0 shaderInputSkipCount=0 shaderInputCacheHitRate=0.000 stage5ModtranCacheHitCount=0 stage5ModtranCacheMissCount=0 stage7FullUpdateCount=0 stage7PositionOnlyCount=0 stage7SkipCount=0 stage4UpdateCount=0 stage4SkipCount=0 plumeUpdateMs=0.000 renderMs=0.000 stage6MtfBlurMs=0.000 stage6MtfBlurScope=render_pass_upper_bound mtfBlurEnabled=0 mtfBlurSigmaPixels=0.650 mtfBlurRadiusPixels=2 stage6DetectorNoiseMs=0.000 stage6DetectorNoiseScope=render_pass_upper_bound detectorNoiseEnabled=0 temporalNoiseSigmaGray=0.005 fpnSigmaGray=0.003 columnNoiseSigmaGray=0.002 rowNoiseSigmaGray=0.001 badPixelRatio=0.000 noisePosition=BeforeAGC stage6AgcStatsMs=0.000 stage6AgcApplyMs=0.000 agcEnabled=0 agcMode=Percentile agcGain=1.000 agcOffset=0.000 agcLowInput=0.000 agcHighInput=1.000 agcSampleCount=0 readbackMs=0.000 resizeMs=0.000 frameCopyMs=0.000 jpegMs=0.000 tcpSendMs=0.000 tcpQueueDepth=0 tcpQueueDepthMax=0 inputQueueDepth=0 inputQueueDepthMax=0 sourceSeqLag=0 latencyAvgMs=0.000 latencyMaxMs=0.000 syncOverrunCount=3823 inputQueueOverflowCount=0 udpFrames=3557 renderFrames=3557 outputFrames=3541
[RenderPerfProbe] pandaDoFrameMs=12.564 renderPath=direct_final graphicsOutputCount=1 activeDisplayRegionCount=1 rawPassEnabled=0 finalPassEnabled=1 annotationOverlayEnabled=0 readbackMode=EveryFrame readbackEveryN=1 copyRamAttached=1 copyRamMode=RTM_copy_ram quietPerfMode=1 bboxFastMode=mesh_body processRealSceneMs=19.676 targetMappingMs=0.124 cameraControlMs=0.015 stage4Stage5UpdateMs=3.676 shaderInputApplyMs=0.000 readbackMs=2.193 frameCopyMs=0.773 jpegMs=4.007 annotationMs=19.478 annotationBBoxMs=9.969 annotationOcclusionMs=3.973 annotationJsonMs=0.000 annotationTargets=5 bboxUpdateCount=591 bboxReuseCount=2950 occlusionUpdateCount=295 occlusionReuseCount=3246 targetUpdateCullInvisible=1 targetUpdateTotal=10 targetUpdateVisible=5 targetUpdateSkippedBeyondFar=0 targetUpdateSkippedShaderApply=0
[Perf] mode=sync videoFpsTarget=60.000 udpFps=0.000 renderFps=0.000 outputFps=0.000 sceneUpdateMs=0.000 annotationMs=0.000 irUpdateMs=0.000 irEnvBuildMs=0.000 stage7SkyGroundMs=0.000 platformRadianceMs=0.000 targetRadianceMs=0.000 stage4HotspotMs=0.000 stage5PlumeMs=0.000 stage5RadianceComponentMs=0.000 stage5AeroThermalMs=0.000 stage5ModtranLookupMs=0.000 shaderInputApplyMs=0.000 shaderInputApplyScope=exclusive stage7SkyGroundScope=inclusive stage4HotspotScope=inclusive shaderInputSetCount=0 shaderInputSkipCount=0 shaderInputCacheHitRate=0.000 stage5ModtranCacheHitCount=0 stage5ModtranCacheMissCount=0 stage7FullUpdateCount=0 stage7PositionOnlyCount=0 stage7SkipCount=0 stage4UpdateCount=0 stage4SkipCount=0 plumeUpdateMs=0.000 renderMs=0.000 stage6MtfBlurMs=0.000 stage6MtfBlurScope=render_pass_upper_bound mtfBlurEnabled=0 mtfBlurSigmaPixels=0.650 mtfBlurRadiusPixels=2 stage6DetectorNoiseMs=0.000 stage6DetectorNoiseScope=render_pass_upper_bound detectorNoiseEnabled=0 temporalNoiseSigmaGray=0.005 fpnSigmaGray=0.003 columnNoiseSigmaGray=0.002 rowNoiseSigmaGray=0.001 badPixelRatio=0.000 noisePosition=BeforeAGC stage6AgcStatsMs=0.000 stage6AgcApplyMs=0.000 agcEnabled=0 agcMode=Percentile agcGain=1.000 agcOffset=0.000 agcLowInput=0.000 agcHighInput=1.000 agcSampleCount=0 readbackMs=0.000 resizeMs=0.000 frameCopyMs=0.000 jpegMs=0.000 tcpSendMs=0.000 tcpQueueDepth=0 tcpQueueDepthMax=0 inputQueueDepth=0 inputQueueDepthMax=0 sourceSeqLag=0 latencyAvgMs=0.000 latencyMaxMs=0.000 syncOverrunCount=3823 inputQueueOverflowCount=0 udpFrames=3557 renderFrames=3557 outputFrames=3541
