case_id,mode,band,atmosphere_model,aerosol_model,humidity_profile,visibility_km,observer_alt_km,target_alt_km,range_km,solar_zenith_deg,wavelength_low_um,wavelength_high_um,wavenumber_increment_cm1,fwhm_cm1,response_mode,input_file,input_sha256
NIR_scattering_obs3_tar3_rng1_vis2_aerRural_humdefault_sza20,RadianceWithScattering,NIR,Mid-Latitude Summer,Rural,default,2,3,3,1,20,0.70,1.10,10,10,RectangularBand,D:\HwaSimIR\HwaSim_IR\Bin\Config\Atmosphere\MODTRAN\raw\m1_nir_mwir_20260906\NIR_scattering_obs3_tar3_rng1_vis2_aerRural_humdefault_sza20\NIR_scattering_obs3_tar3_rng1_vis2_aerRural_humdefault_sza20.tp5,df92c0edab177899efedb9624f3fb2c887e67f1b8fa5908ebe465081882e09f3
NIR_scattering_obs3_tar3_rng1_vis2_aerRural_humdefault_sza70,RadianceWithScattering,NIR,Mid-Latitude Summer,Rural,default,2,3,3,1,70,0.70,1.10,10,10,RectangularBand,D:\HwaSimIR\HwaSim_IR\Bin\Config\Atmosphere\MODTRAN\raw\m1_nir_mwir_20260906\NIR_scattering_obs3_tar3_rng1_vis2_aerRural_humdefault_sza70\NIR_scattering_obs3_tar3_rng1_vis2_aerRural_humdefault_sza70.tp5,c8c6d8b7dade5d95345807570ee266c4073fe72c22fe725c90a1223f1b461fc5
NIR_scattering_obs3_tar3_rng1_vis5_aerRural_humdefault_sza20,RadianceWithScattering,NIR,Mid-Latitude Summer,Rural,default,5,3,3,1,20,0.70,1.10,10,10,RectangularBand,D:\HwaSimIR\HwaSim_IR\Bin\Config\Atmosphere\MODTRAN\raw\m1_nir_mwir_20260906\NIR_scattering_obs3_tar3_rng1_vis5_aerRural_humdefault_sza20\NIR_scattering_obs3_tar3_rng1_vis5_aerRural_humdefault_sza20.tp5,b26d2b0d9d2604804355d993be8993cc9d8739838132756081b47e90e8d73e25
NIR_scattering_obs3_tar3_rng1_vis5_aerRural_humdefault_sza70,RadianceWithScattering,NIR,Mid-Latitude Summer,Rural,default,5,3,3,1,70,0.70,1.10,10,10,RectangularBand,D:\HwaSimIR\HwaSim_IR\Bin\Config\Atmosphere\MODTRAN\raw\m1_nir_mwir_20260906\NIR_scattering_obs3_tar3_rng1_vis5_aerRural_humdefault_sza70\NIR_scattering_obs3_tar3_rng1_vis5_aerRural_humdefault_sza70.tp5,16e23b850414c84d8a9e4d20b907af712a5b7e13d5d4c94beb56528981391200
NIR_scattering_obs3_tar3_rng1_vis10_aerRural_humdefault_sza20,RadianceWithScattering,NIR,Mid-Latitude Summer,Rural,default,10,3,3,1,20,0.70,1.10,10,10,RectangularBand,D:\HwaSimIR\HwaSim_IR\Bin\Config\Atmosphere\MODTRAN\raw\m1_nir_mwir_20260906\NIR_scattering_obs3_tar3_rng1_vis10_aerRural_humdefault_sza20\NIR_scattering_obs3_tar3_rng1_vis10_aerRural_humdefault_sza20.tp5,cdb960e2d02610e8bc41fa8c4f9bd932a62b298bc8c0b770dd511cbd13b22a88
NIR_scattering_obs3_tar3_rng1_vis10_aerRural_humdefault_sza70,RadianceWithScattering,NIR,Mid-Latitude Summer,Rural,default,10,3,3,1,70,0.70,1.10,10,10,RectangularBand,D:\HwaSimIR\HwaSim_IR\Bin\Config\Atmosphere\MODTRAN\raw\m1_nir_mwir_20260906\NIR_scattering_obs3_tar3_rng1_vis10_aerRural_humdefault_sza70\NIR_scattering_obs3_tar3_rng1_vis10_aerRural_humdefault_sza70.tp5,e69723c13858305e323672d42c1c3da020a55604185337b60114a81a9dea2eeb
NIR_scattering_obs3_tar3_rng1_vis23_aerRural_humdefault_sza20,RadianceWithScattering,NIR,Mid-Latitude Summer,Rural,default,23,3,3,1,20,0.70,1.10,10,10,RectangularBand,D:\HwaSimIR\HwaSim_IR\Bin\Config\Atmosphere\MODTRAN\raw\m1_nir_mwir_20260906\NIR_scattering_obs3_tar3_rng1_vis23_aerRural_humdefault_sza20\NIR_scattering_obs3_tar3_rng1_vis23_aerRural_humdefault_sza20.tp5,3984bfed5dafdc7d55e620e575412acb783060d20a207efd372d6ca08eb173a7
NIR_scattering_obs3_tar3_rng1_vis23_aerRural_humdefault_sza70,RadianceWithScattering,NIR,Mid-Latitude Summer,Rural,default,23,3,3,1,70,0.70,1.10,10,10,RectangularBand,D:\HwaSimIR\HwaSim_IR\Bin\Config\Atmosphere\MODTRAN\raw\m1_nir_mwir_20260906\NIR_scattering_obs3_tar3_rng1_vis23_aerRural_humdefault_sza70\NIR_scattering_obs3_tar3_rng1_vis23_aerRural_humdefault_sza70.tp5,0d597cfe4f31f8fa7d3203cc677de43ad153ce07d79ed48b4cf683f138cf5347
NIR_scattering_obs3_tar3_rng1_vis50_aerRural_humdefault_sza20,RadianceWithScattering,NIR,Mid-Latitude Summer,Rural,default,50,3,3,1,20,0.70,1.10,10,10,RectangularBand,D:\HwaSimIR\HwaSim_IR\Bin\Config\Atmosphere\MODTRAN\raw\m1_nir_mwir_20260906\NIR_scattering_obs3_tar3_rng1_vis50_aerRural_humdefault_sza20\NIR_scattering_obs3_tar3_rng1_vis50_aerRural_humdefault_sza20.tp5,5d46004065437cd5f65cef125e58c71db17e569482faa6d22c47fc0101b7c971
NIR_scattering_obs3_tar3_rng1_vis50_aerRural_humdefault_sza70,RadianceWithScattering,NIR,Mid-Latitude Summer,Rural,default,50,3,3,1,70,0.70,1.10,10,10,RectangularBand,D:\HwaSimIR\HwaSim_IR\Bin\Config\Atmosphere\MODTRAN\raw\m1_nir_mwir_20260906\NIR_scattering_obs3_tar3_rng1_vis50_aerRural_humdefault_sza70\NIR_scattering_obs3_tar3_rng1_vis50_aerRural_humdefault_sza70.tp5,550fc7c620201e65ec9aeb57a0fd8b30ec9ab03725c3cce908952a8b97ae186d
NIR_scattering_obs3_tar3_rng2_vis2_aerRural_humdefault_sza20,RadianceWithScattering,NIR,Mid-Latitude Summer,Rural,default,2,3,3,2,20,0.70,1.10,10,10,RectangularBand,D:\HwaSimIR\HwaSim_IR\Bin\Config\Atmosphere\MODTRAN\raw\m1_nir_mwir_20260906\NIR_scattering_obs3_tar3_rng2_vis2_aerRural_humdefault_sza20\NIR_scattering_obs3_tar3_rng2_vis2_aerRural_humdefault_sza20.tp5,c30a0ab6aa1d6c77b3db883c19649f2c060f90dfe82279c22cefc606128669ca
NIR_scattering_obs3_tar3_rng2_vis2_aerRural_humdefault_sza70,RadianceWithScattering,NIR,Mid-Latitude Summer,Rural,default,2,3,3,2,70,0.70,1.10,10,10,RectangularBand,D:\HwaSimIR\HwaSim_IR\Bin\Config\Atmosphere\MODTRAN\raw\m1_nir_mwir_20260906\NIR_scattering_obs3_tar3_rng2_vis2_aerRural_humdefault_sza70\NIR_scattering_obs3_tar3_rng2_vis2_aerRural_humdefault_sza70.tp5,d0fbf1da1dacb25ae82220dc5f99cf7f57ad89d710a4a950b3e04f68c5886055
NIR_scattering_obs3_tar3_rng2_vis5_aerRural_humdefault_sza20,RadianceWithScattering,NIR,Mid-Latitude Summer,Rural,default,5,3,3,2,20,0.70,1.10,10,10,RectangularBand,D:\HwaSimIR\HwaSim_IR\Bin\Config\Atmosphere\MODTRAN\raw\m1_nir_mwir_20260906\NIR_scattering_obs3_tar3_rng2_vis5_aerRural_humdefault_sza20\NIR_scattering_obs3_tar3_rng2_vis5_aerRural_humdefault_sza20.tp5,04de24033495ff00e6db60843f14bc24b3328ccd0e9b42c8024f753fc282d65b
NIR_scattering_obs3_tar3_rng2_vis5_aerRural_humdefault_sza70,RadianceWithScattering,NIR,Mid-Latitude Summer,Rural,default,5,3,3,2,70,0.70,1.10,10,10,RectangularBand,D:\HwaSimIR\HwaSim_IR\Bin\Config\Atmosphere\MODTRAN\raw\m1_nir_mwir_20260906\NIR_scattering_obs3_tar3_rng2_vis5_aerRural_humdefault_sza70\NIR_scattering_obs3_tar3_rng2_vis5_aerRural_humdefault_sza70.tp5,e43c52085fbf332ee21051e63c45f6187635a01f89194f9a066f7b4ee2d655e8
NIR_scattering_obs3_tar3_rng2_vis10_aerRural_humdefault_sza20,RadianceWithScattering,NIR,Mid-Latitude Summer,Rural,default,10,3,3,2,20,0.70,1.10,10,10,RectangularBand,D:\HwaSimIR\HwaSim_IR\Bin\Config\Atmosphere\MODTRAN\raw\m1_nir_mwir_20260906\NIR_scattering_obs3_tar3_rng2_vis10_aerRural_humdefault_sza20\NIR_scattering_obs3_tar3_rng2_vis10_aerRural_humdefault_sza20.tp5,87356c26bd80e0ccd180d27be74c1bf0e1b5f0d34f56e54cc11003ad1722a2b7
NIR_scattering_obs3_tar3_rng2_vis10_aerRural_humdefault_sza70,RadianceWithScattering,NIR,Mid-Latitude Summer,Rural,default,10,3,3,2,70,0.70,1.10,10,10,RectangularBand,D:\HwaSimIR\HwaSim_IR\Bin\Config\Atmosphere\MODTRAN\raw\m1_nir_mwir_20260906\NIR_scattering_obs3_tar3_rng2_vis10_aerRural_humdefault_sza70\NIR_scattering_obs3_tar3_rng2_vis10_aerRural_humdefault_sza70.tp5,8be565b5a9cf1bc183b06e46493a77e7be493bcf9ed95bd6aecb5d875620d17e
NIR_scattering_obs3_tar3_rng2_vis23_aerRural_humdefault_sza20,RadianceWithScattering,NIR,Mid-Latitude Summer,Rural,default,23,3,3,2,20,0.70,1.10,10,10,RectangularBand,D:\HwaSimIR\HwaSim_IR\Bin\Config\Atmosphere\MODTRAN\raw\m1_nir_mwir_20260906\NIR_scattering_obs3_tar3_rng2_vis23_aerRural_humdefault_sza20\NIR_scattering_obs3_tar3_rng2_vis23_aerRural_humdefault_sza20.tp5,5fe416a74ece9bac0cbd658384bc4ad2ea8a32a6f5e0a467dbd269961b2cb6d3
NIR_scattering_obs3_tar3_rng2_vis23_aerRural_humdefault_sza70,RadianceWithScattering,NIR,Mid-Latitude Summer,Rural,default,23,3,3,2,70,0.70,1.10,10,10,RectangularBand,D:\HwaSimIR\HwaSim_IR\Bin\Config\Atmosphere\MODTRAN\raw\m1_nir_mwir_20260906\NIR_scattering_obs3_tar3_rng2_vis23_aerRural_humdefault_sza70\NIR_scattering_obs3_tar3_rng2_vis23_aerRural_humdefault_sza70.tp5,63429292342b888bd06c59314e2b4d0067f071eac77de8d34bab11b6ddf7e018
NIR_scattering_obs3_tar3_rng2_vis50_aerRural_humdefault_sza20,RadianceWithScattering,NIR,Mid-Latitude Summer,Rural,default,50,3,3,2,20,0.70,1.10,10,10,RectangularBand,D:\HwaSimIR\HwaSim_IR\Bin\Config\Atmosphere\MODTRAN\raw\m1_nir_mwir_20260906\NIR_scattering_obs3_tar3_rng2_vis50_aerRural_humdefault_sza20\NIR_scattering_obs3_tar3_rng2_vis50_aerRural_humdefault_sza20.tp5,02d00a19a618e4df8f74b1d956a7683eb07f6419aea0723fbff9daee37e5d2cf
NIR_scattering_obs3_tar3_rng2_vis50_aerRural_humdefault_sza70,RadianceWithScattering,NIR,Mid-Latitude Summer,Rural,default,50,3,3,2,70,0.70,1.10,10,10,RectangularBand,D:\HwaSimIR\HwaSim_IR\Bin\Config\Atmosphere\MODTRAN\raw\m1_nir_mwir_20260906\NIR_scattering_obs3_tar3_rng2_vis50_aerRural_humdefault_sza70\NIR_scattering_obs3_tar3_rng2_vis50_aerRural_humdefault_sza70.tp5,bf20f2225479dbad08719fc9c7065852dabe41505622abfa06fd3d52d07aa25d
NIR_scattering_obs3_tar3_rng5_vis2_aerRural_humdefault_sza20,RadianceWithScattering,NIR,Mid-Latitude Summer,Rural,default,2,3,3,5,20,0.70,1.10,10,10,RectangularBand,D:\HwaSimIR\HwaSim_IR\Bin\Config\Atmosphere\MODTRAN\raw\m1_nir_mwir_20260906\NIR_scattering_obs3_tar3_rng5_vis2_aerRural_humdefault_sza20\NIR_scattering_obs3_tar3_rng5_vis2_aerRural_humdefault_sza20.tp5,8c95ab45d2584615b63dc547e9a7ed40056689e1aaad815f2e4acdfed2957733
NIR_scattering_obs3_tar3_rng5_vis2_aerRural_humdefault_sza70,RadianceWithScattering,NIR,Mid-Latitude Summer,Rural,default,2,3,3,5,70,0.70,1.10,10,10,RectangularBand,D:\HwaSimIR\HwaSim_IR\Bin\Config\Atmosphere\MODTRAN\raw\m1_nir_mwir_20260906\NIR_scattering_obs3_tar3_rng5_vis2_aerRural_humdefault_sza70\NIR_scattering_obs3_tar3_rng5_vis2_aerRural_humdefault_sza70.tp5,d4f5681229baf1bd5c97bbbef21771a26ca02c3f1616b76308c9402b094d62e7
NIR_scattering_obs3_tar3_rng5_vis5_aerRural_humdefault_sza20,RadianceWithScattering,NIR,Mid-Latitude Summer,Rural,default,5,3,3,5,20,0.70,1.10,10,10,RectangularBand,D:\HwaSimIR\HwaSim_IR\Bin\Config\Atmosphere\MODTRAN\raw\m1_nir_mwir_20260906\NIR_scattering_obs3_tar3_rng5_vis5_aerRural_humdefault_sza20\NIR_scattering_obs3_tar3_rng5_vis5_aerRural_humdefault_sza20.tp5,1091269dfd062906826d5d2cef955d475fd56ebbc02c22006357eb65f4311278
NIR_scattering_obs3_tar3_rng5_vis5_aerRural_humdefault_sza70,RadianceWithScattering,NIR,Mid-Latitude Summer,Rural,default,5,3,3,5,70,0.70,1.10,10,10,RectangularBand,D:\HwaSimIR\HwaSim_IR\Bin\Config\Atmosphere\MODTRAN\raw\m1_nir_mwir_20260906\NIR_scattering_obs3_tar3_rng5_vis5_aerRural_humdefault_sza70\NIR_scattering_obs3_tar3_rng5_vis5_aerRural_humdefault_sza70.tp5,a4d08ade82bd56972973afcdec7047fa9ea224f2868c15b47965e3aad1d14a14
NIR_scattering_obs3_tar3_rng5_vis10_aerRural_humdefault_sza20,RadianceWithScattering,NIR,Mid-Latitude Summer,Rural,default,10,3,3,5,20,0.70,1.10,10,10,RectangularBand,D:\HwaSimIR\HwaSim_IR\Bin\Config\Atmosphere\MODTRAN\raw\m1_nir_mwir_20260906\NIR_scattering_obs3_tar3_rng5_vis10_aerRural_humdefault_sza20\NIR_scattering_obs3_tar3_rng5_vis10_aerRural_humdefault_sza20.tp5,83b0ffeec21b0cc7aee6c99ef3dbf0dfe1156f84f1d33987858cec492dce4fa5
NIR_scattering_obs3_tar3_rng5_vis10_aerRural_humdefault_sza70,RadianceWithScattering,NIR,Mid-Latitude Summer,Rural,default,10,3,3,5,70,0.70,1.10,10,10,RectangularBand,D:\HwaSimIR\HwaSim_IR\Bin\Config\Atmosphere\MODTRAN\raw\m1_nir_mwir_20260906\NIR_scattering_obs3_tar3_rng5_vis10_aerRural_humdefault_sza70\NIR_scattering_obs3_tar3_rng5_vis10_aerRural_humdefault_sza70.tp5,0a6a8ab2c40070018ded5dff68ff3d4002e32912d6a5a7eaa65b3fcea3f6a965
NIR_scattering_obs3_tar3_rng5_vis23_aerRural_humdefault_sza20,RadianceWithScattering,NIR,Mid-Latitude Summer,Rural,default,23,3,3,5,20,0.70,1.10,10,10,RectangularBand,D:\HwaSimIR\HwaSim_IR\Bin\Config\Atmosphere\MODTRAN\raw\m1_nir_mwir_20260906\NIR_scattering_obs3_tar3_rng5_vis23_aerRural_humdefault_sza20\NIR_scattering_obs3_tar3_rng5_vis23_aerRural_humdefault_sza20.tp5,19ed4bbada495ae2381f40d799ef6223e96724ea3d18231794e9b846a4b93bbc
NIR_scattering_obs3_tar3_rng5_vis23_aerRural_humdefault_sza70,RadianceWithScattering,NIR,Mid-Latitude Summer,Rural,default,23,3,3,5,70,0.70,1.10,10,10,RectangularBand,D:\HwaSimIR\HwaSim_IR\Bin\Config\Atmosphere\MODTRAN\raw\m1_nir_mwir_20260906\NIR_scattering_obs3_tar3_rng5_vis23_aerRural_humdefault_sza70\NIR_scattering_obs3_tar3_rng5_vis23_aerRural_humdefault_sza70.tp5,c9c2f14647dc6e2f4f3ba68b32804ada624dba38fbd11a0a1de8ea40c2dbcb8c
NIR_scattering_obs3_tar3_rng5_vis50_aerRural_humdefault_sza20,RadianceWithScattering,NIR,Mid-Latitude Summer,Rural,default,50,3,3,5,20,0.70,1.10,10,10,RectangularBand,D:\HwaSimIR\HwaSim_IR\Bin\Config\Atmosphere\MODTRAN\raw\m1_nir_mwir_20260906\NIR_scattering_obs3_tar3_rng5_vis50_aerRural_humdefault_sza20\NIR_scattering_obs3_tar3_rng5_vis50_aerRural_humdefault_sza20.tp5,05654282aafa900eeab193e95c862a086e5f44e46cfb4cf46bd676e9e15d4540
NIR_scattering_obs3_tar3_rng5_vis50_aerRural_humdefault_sza70,RadianceWithScattering,NIR,Mid-Latitude Summer,Rural,default,50,3,3,5,70,0.70,1.10,10,10,RectangularBand,D:\HwaSimIR\HwaSim_IR\Bin\Config\Atmosphere\MODTRAN\raw\m1_nir_mwir_20260906\NIR_scattering_obs3_tar3_rng5_vis50_aerRural_humdefault_sza70\NIR_scattering_obs3_tar3_rng5_vis50_aerRural_humdefault_sza70.tp5,ffb76070c4b4de0a51dadd2cc317f515e93e5f2503a1010b43431f1cd2638080
NIR_scattering_obs3_tar3_rng10_vis2_aerRural_humdefault_sza20,RadianceWithScattering,NIR,Mid-Latitude Summer,Rural,default,2,3,3,10,20,0.70,1.10,10,10,RectangularBand,D:\HwaSimIR\HwaSim_IR\Bin\Config\Atmosphere\MODTRAN\raw\m1_nir_mwir_20260906\NIR_scattering_obs3_tar3_rng10_vis2_aerRural_humdefault_sza20\NIR_scattering_obs3_tar3_rng10_vis2_aerRural_humdefault_sza20.tp5,b1bf603b91c01e8d7b891e8fe93037656cf8f3f685196dc9fb116eeead36e80c
NIR_scattering_obs3_tar3_rng10_vis2_aerRural_humdefault_sza70,RadianceWithScattering,NIR,Mid-Latitude Summer,Rural,default,2,3,3,10,70,0.70,1.10,10,10,RectangularBand,D:\HwaSimIR\HwaSim_IR\Bin\Config\Atmosphere\MODTRAN\raw\m1_nir_mwir_20260906\NIR_scattering_obs3_tar3_rng10_vis2_aerRural_humdefault_sza70\NIR_scattering_obs3_tar3_rng10_vis2_aerRural_humdefault_sza70.tp5,689836e13589c305dd927ba3be6f5877ebf6664c2e3fc00d0d9b358c8144d3d2
NIR_scattering_obs3_tar3_rng10_vis5_aerRural_humdefault_sza20,RadianceWithScattering,NIR,Mid-Latitude Summer,Rural,default,5,3,3,10,20,0.70,1.10,10,10,RectangularBand,D:\HwaSimIR\HwaSim_IR\Bin\Config\Atmosphere\MODTRAN\raw\m1_nir_mwir_20260906\NIR_scattering_obs3_tar3_rng10_vis5_aerRural_humdefault_sza20\NIR_scattering_obs3_tar3_rng10_vis5_aerRural_humdefault_sza20.tp5,5af7134ae38a2e8e364fbb6b64030e1ab31244676053fe9826e6c53a72d5ed37
NIR_scattering_obs3_tar3_rng10_vis5_aerRural_humdefault_sza70,RadianceWithScattering,NIR,Mid-Latitude Summer,Rural,default,5,3,3,10,70,0.70,1.10,10,10,RectangularBand,D:\HwaSimIR\HwaSim_IR\Bin\Config\Atmosphere\MODTRAN\raw\m1_nir_mwir_20260906\NIR_scattering_obs3_tar3_rng10_vis5_aerRural_humdefault_sza70\NIR_scattering_obs3_tar3_rng10_vis5_aerRural_humdefault_sza70.tp5,0ce962ee4c3157446c457c99870d0cdee1432d2bb14cc8f97f7466bd264cb290
NIR_scattering_obs3_tar3_rng10_vis10_aerRural_humdefault_sza20,RadianceWithScattering,NIR,Mid-Latitude Summer,Rural,default,10,3,3,10,20,0.70,1.10,10,10,RectangularBand,D:\HwaSimIR\HwaSim_IR\Bin\Config\Atmosphere\MODTRAN\raw\m1_nir_mwir_20260906\NIR_scattering_obs3_tar3_rng10_vis10_aerRural_humdefault_sza20\NIR_scattering_obs3_tar3_rng10_vis10_aerRural_humdefault_sza20.tp5,8f6e99bcf62fa92771bee93dbcaf89a0726a393963fcaeda05c10298fd299c8e
NIR_scattering_obs3_tar3_rng10_vis10_aerRural_humdefault_sza70,RadianceWithScattering,NIR,Mid-Latitude Summer,Rural,default,10,3,3,10,70,0.70,1.10,10,10,RectangularBand,D:\HwaSimIR\HwaSim_IR\Bin\Config\Atmosphere\MODTRAN\raw\m1_nir_mwir_20260906\NIR_scattering_obs3_tar3_rng10_vis10_aerRural_humdefault_sza70\NIR_scattering_obs3_tar3_rng10_vis10_aerRural_humdefault_sza70.tp5,cc82ee2243f3ed07ecc62d913af95d88bc2355eeb990a849b28740f478fa7844
NIR_scattering_obs3_tar3_rng10_vis23_aerRural_humdefault_sza20,RadianceWithScattering,NIR,Mid-Latitude Summer,Rural,default,23,3,3,10,20,0.70,1.10,10,10,RectangularBand,D:\HwaSimIR\HwaSim_IR\Bin\Config\Atmosphere\MODTRAN\raw\m1_nir_mwir_20260906\NIR_scattering_obs3_tar3_rng10_vis23_aerRural_humdefault_sza20\NIR_scattering_obs3_tar3_rng10_vis23_aerRural_humdefault_sza20.tp5,8e25b85cf4498f0ece52220921671d2e7029f9dc4ef31fabbe8cf8bb56f9764e
NIR_scattering_obs3_tar3_rng10_vis23_aerRural_humdefault_sza70,RadianceWithScattering,NIR,Mid-Latitude Summer,Rural,default,23,3,3,10,70,0.70,1.10,10,10,RectangularBand,D:\HwaSimIR\HwaSim_IR\Bin\Config\Atmosphere\MODTRAN\raw\m1_nir_mwir_20260906\NIR_scattering_obs3_tar3_rng10_vis23_aerRural_humdefault_sza70\NIR_scattering_obs3_tar3_rng10_vis23_aerRural_humdefault_sza70.tp5,416b3a77dcaffdadd4e315cfe5a499e3caee2e398cebc2711b09755f137d356e
NIR_scattering_obs3_tar3_rng10_vis50_aerRural_humdefault_sza20,RadianceWithScattering,NIR,Mid-Latitude Summer,Rural,default,50,3,3,10,20,0.70,1.10,10,10,RectangularBand,D:\HwaSimIR\HwaSim_IR\Bin\Config\Atmosphere\MODTRAN\raw\m1_nir_mwir_20260906\NIR_scattering_obs3_tar3_rng10_vis50_aerRural_humdefault_sza20\NIR_scattering_obs3_tar3_rng10_vis50_aerRural_humdefault_sza20.tp5,2fc5e21c09f1a4d3625b3c7182bbecdc7038f2a4fb613b9ccdd3a94c3596b391
NIR_scattering_obs3_tar3_rng10_vis50_aerRural_humdefault_sza70,RadianceWithScattering,NIR,Mid-Latitude Summer,Rural,default,50,3,3,10,70,0.70,1.10,10,10,RectangularBand,D:\HwaSimIR\HwaSim_IR\Bin\Config\Atmosphere\MODTRAN\raw\m1_nir_mwir_20260906\NIR_scattering_obs3_tar3_rng10_vis50_aerRural_humdefault_sza70\NIR_scattering_obs3_tar3_rng10_vis50_aerRural_humdefault_sza70.tp5,86778fc9eba70ccb0a704f46ce0be7283cf276c79ba8f5d8edc7d15dfa21e08c
NIR_scattering_obs3_tar3_rng20_vis2_aerRural_humdefault_sza20,RadianceWithScattering,NIR,Mid-Latitude Summer,Rural,default,2,3,3,20,20,0.70,1.10,10,10,RectangularBand,D:\HwaSimIR\HwaSim_IR\Bin\Config\Atmosphere\MODTRAN\raw\m1_nir_mwir_20260906\NIR_scattering_obs3_tar3_rng20_vis2_aerRural_humdefault_sza20\NIR_scattering_obs3_tar3_rng20_vis2_aerRural_humdefault_sza20.tp5,14e097ad8d0ecdcb4c59a13997d6124bf341bf9e45472547430c5ea416c65087
NIR_scattering_obs3_tar3_rng20_vis2_aerRural_humdefault_sza70,RadianceWithScattering,NIR,Mid-Latitude Summer,Rural,default,2,3,3,20,70,0.70,1.10,10,10,RectangularBand,D:\HwaSimIR\HwaSim_IR\Bin\Config\Atmosphere\MODTRAN\raw\m1_nir_mwir_20260906\NIR_scattering_obs3_tar3_rng20_vis2_aerRural_humdefault_sza70\NIR_scattering_obs3_tar3_rng20_vis2_aerRural_humdefault_sza70.tp5,551b99c9907adc11d74fe557ec02fd36656a568e65367f1731015cf542f4067d
NIR_scattering_obs3_tar3_rng20_vis5_aerRural_humdefault_sza20,RadianceWithScattering,NIR,Mid-Latitude Summer,Rural,default,5,3,3,20,20,0.70,1.10,10,10,RectangularBand,D:\HwaSimIR\HwaSim_IR\Bin\Config\Atmosphere\MODTRAN\raw\m1_nir_mwir_20260906\NIR_scattering_obs3_tar3_rng20_vis5_aerRural_humdefault_sza20\NIR_scattering_obs3_tar3_rng20_vis5_aerRural_humdefault_sza20.tp5,685b3ea9464365934fbe636d7c60cc9ccc0e775cb852c78af867eb032a96ca72
NIR_scattering_obs3_tar3_rng20_vis5_aerRural_humdefault_sza70,RadianceWithScattering,NIR,Mid-Latitude Summer,Rural,default,5,3,3,20,70,0.70,1.10,10,10,RectangularBand,D:\HwaSimIR\HwaSim_IR\Bin\Config\Atmosphere\MODTRAN\raw\m1_nir_mwir_20260906\NIR_scattering_obs3_tar3_rng20_vis5_aerRural_humdefault_sza70\NIR_scattering_obs3_tar3_rng20_vis5_aerRural_humdefault_sza70.tp5,b0a057d5b66f415b4ccb11e73447a416b4dfc2ba402ade897be28a7c17f6bae0
NIR_scattering_obs3_tar3_rng20_vis10_aerRural_humdefault_sza20,RadianceWithScattering,NIR,Mid-Latitude Summer,Rural,default,10,3,3,20,20,0.70,1.10,10,10,RectangularBand,D:\HwaSimIR\HwaSim_IR\Bin\Config\Atmosphere\MODTRAN\raw\m1_nir_mwir_20260906\NIR_scattering_obs3_tar3_rng20_vis10_aerRural_humdefault_sza20\NIR_scattering_obs3_tar3_rng20_vis10_aerRural_humdefault_sza20.tp5,5aa1fc8958fdb753abe8e174e28551fe13fe2c8846fc73b4976067f7a8a97751
NIR_scattering_obs3_tar3_rng20_vis10_aerRural_humdefault_sza70,RadianceWithScattering,NIR,Mid-Latitude Summer,Rural,default,10,3,3,20,70,0.70,1.10,10,10,RectangularBand,D:\HwaSimIR\HwaSim_IR\Bin\Config\Atmosphere\MODTRAN\raw\m1_nir_mwir_20260906\NIR_scattering_obs3_tar3_rng20_vis10_aerRural_humdefault_sza70\NIR_scattering_obs3_tar3_rng20_vis10_aerRural_humdefault_sza70.tp5,1f7d53b514281ad1142eda594ae8bafdcdcd538aec2a424d322f0cda64a6dfb7
NIR_scattering_obs3_tar3_rng20_vis23_aerRural_humdefault_sza20,RadianceWithScattering,NIR,Mid-Latitude Summer,Rural,default,23,3,3,20,20,0.70,1.10,10,10,RectangularBand,D:\HwaSimIR\HwaSim_IR\Bin\Config\Atmosphere\MODTRAN\raw\m1_nir_mwir_20260906\NIR_scattering_obs3_tar3_rng20_vis23_aerRural_humdefault_sza20\NIR_scattering_obs3_tar3_rng20_vis23_aerRural_humdefault_sza20.tp5,c5f250e74002f3aae128d4f80853723f2ece6623543c75f77087dbe6c30161d7
NIR_scattering_obs3_tar3_rng20_vis23_aerRural_humdefault_sza70,RadianceWithScattering,NIR,Mid-Latitude Summer,Rural,default,23,3,3,20,70,0.70,1.10,10,10,RectangularBand,D:\HwaSimIR\HwaSim_IR\Bin\Config\Atmosphere\MODTRAN\raw\m1_nir_mwir_20260906\NIR_scattering_obs3_tar3_rng20_vis23_aerRural_humdefault_sza70\NIR_scattering_obs3_tar3_rng20_vis23_aerRural_humdefault_sza70.tp5,2bf04533cbc54fdec6254526fd94231d27877bc6189ffee269d202a457e274e0
NIR_scattering_obs3_tar3_rng20_vis50_aerRural_humdefault_sza20,RadianceWithScattering,NIR,Mid-Latitude Summer,Rural,default,50,3,3,20,20,0.70,1.10,10,10,RectangularBand,D:\HwaSimIR\HwaSim_IR\Bin\Config\Atmosphere\MODTRAN\raw\m1_nir_mwir_20260906\NIR_scattering_obs3_tar3_rng20_vis50_aerRural_humdefault_sza20\NIR_scattering_obs3_tar3_rng20_vis50_aerRural_humdefault_sza20.tp5,a7d35c499315f6e7bb0de94967cb9cf4ea3e9fdf3e9c000756017e8c4f0c7c30
NIR_scattering_obs3_tar3_rng20_vis50_aerRural_humdefault_sza70,RadianceWithScattering,NIR,Mid-Latitude Summer,Rural,default,50,3,3,20,70,0.70,1.10,10,10,RectangularBand,D:\HwaSimIR\HwaSim_IR\Bin\Config\Atmosphere\MODTRAN\raw\m1_nir_mwir_20260906\NIR_scattering_obs3_tar3_rng20_vis50_aerRural_humdefault_sza70\NIR_scattering_obs3_tar3_rng20_vis50_aerRural_humdefault_sza70.tp5,923905f4111491ebccecff1bff9af03e15e427f3d482a2f6d0b223bab2c8aac7
NIR_scattering_obs3_tar3_rng35_vis2_aerRural_humdefault_sza20,RadianceWithScattering,NIR,Mid-Latitude Summer,Rural,default,2,3,3,35,20,0.70,1.10,10,10,RectangularBand,D:\HwaSimIR\HwaSim_IR\Bin\Config\Atmosphere\MODTRAN\raw\m1_nir_mwir_20260906\NIR_scattering_obs3_tar3_rng35_vis2_aerRural_humdefault_sza20\NIR_scattering_obs3_tar3_rng35_vis2_aerRural_humdefault_sza20.tp5,ce9be901072353f560eaaa8d2678041a7011e6f10e7bb4da592923d09abf0ccb
NIR_scattering_obs3_tar3_rng35_vis2_aerRural_humdefault_sza70,RadianceWithScattering,NIR,Mid-Latitude Summer,Rural,default,2,3,3,35,70,0.70,1.10,10,10,RectangularBand,D:\HwaSimIR\HwaSim_IR\Bin\Config\Atmosphere\MODTRAN\raw\m1_nir_mwir_20260906\NIR_scattering_obs3_tar3_rng35_vis2_aerRural_humdefault_sza70\NIR_scattering_obs3_tar3_rng35_vis2_aerRural_humdefault_sza70.tp5,393c1737f02e0378e793e05ac9c30fa29a8bf65f546de11f246b4f91937726fa
NIR_scattering_obs3_tar3_rng35_vis5_aerRural_humdefault_sza20,RadianceWithScattering,NIR,Mid-Latitude Summer,Rural,default,5,3,3,35,20,0.70,1.10,10,10,RectangularBand,D:\HwaSimIR\HwaSim_IR\Bin\Config\Atmosphere\MODTRAN\raw\m1_nir_mwir_20260906\NIR_scattering_obs3_tar3_rng35_vis5_aerRural_humdefault_sza20\NIR_scattering_obs3_tar3_rng35_vis5_aerRural_humdefault_sza20.tp5,2c80862b0e79e5ddf19c5fd21089d0c0ca10586f3331aa3f6c3109528923d9da
NIR_scattering_obs3_tar3_rng35_vis5_aerRural_humdefault_sza70,RadianceWithScattering,NIR,Mid-Latitude Summer,Rural,default,5,3,3,35,70,0.70,1.10,10,10,RectangularBand,D:\HwaSimIR\HwaSim_IR\Bin\Config\Atmosphere\MODTRAN\raw\m1_nir_mwir_20260906\NIR_scattering_obs3_tar3_rng35_vis5_aerRural_humdefault_sza70\NIR_scattering_obs3_tar3_rng35_vis5_aerRural_humdefault_sza70.tp5,be9c012ec94104d750a2c2a46c676c5ec5376d687a684e6af281b360a4e26e2f
NIR_scattering_obs3_tar3_rng35_vis10_aerRural_humdefault_sza20,RadianceWithScattering,NIR,Mid-Latitude Summer,Rural,default,10,3,3,35,20,0.70,1.10,10,10,RectangularBand,D:\HwaSimIR\HwaSim_IR\Bin\Config\Atmosphere\MODTRAN\raw\m1_nir_mwir_20260906\NIR_scattering_obs3_tar3_rng35_vis10_aerRural_humdefault_sza20\NIR_scattering_obs3_tar3_rng35_vis10_aerRural_humdefault_sza20.tp5,fd733be980f467ba87eadcaa627c0cc5b6d94da6e6562f586e3483d7abb93c85
NIR_scattering_obs3_tar3_rng35_vis10_aerRural_humdefault_sza70,RadianceWithScattering,NIR,Mid-Latitude Summer,Rural,default,10,3,3,35,70,0.70,1.10,10,10,RectangularBand,D:\HwaSimIR\HwaSim_IR\Bin\Config\Atmosphere\MODTRAN\raw\m1_nir_mwir_20260906\NIR_scattering_obs3_tar3_rng35_vis10_aerRural_humdefault_sza70\NIR_scattering_obs3_tar3_rng35_vis10_aerRural_humdefault_sza70.tp5,1fd7d97259a95c4859864b26a6a33fc5774e118ae08fa3f2fce3d67590403477
NIR_scattering_obs3_tar3_rng35_vis23_aerRural_humdefault_sza20,RadianceWithScattering,NIR,Mid-Latitude Summer,Rural,default,23,3,3,35,20,0.70,1.10,10,10,RectangularBand,D:\HwaSimIR\HwaSim_IR\Bin\Config\Atmosphere\MODTRAN\raw\m1_nir_mwir_20260906\NIR_scattering_obs3_tar3_rng35_vis23_aerRural_humdefault_sza20\NIR_scattering_obs3_tar3_rng35_vis23_aerRural_humdefault_sza20.tp5,7b3d96bcfec5f7bb7f14f52426da15b09a4eb2443fc71ba0c56a47500043d517
NIR_scattering_obs3_tar3_rng35_vis23_aerRural_humdefault_sza70,RadianceWithScattering,NIR,Mid-Latitude Summer,Rural,default,23,3,3,35,70,0.70,1.10,10,10,RectangularBand,D:\HwaSimIR\HwaSim_IR\Bin\Config\Atmosphere\MODTRAN\raw\m1_nir_mwir_20260906\NIR_scattering_obs3_tar3_rng35_vis23_aerRural_humdefault_sza70\NIR_scattering_obs3_tar3_rng35_vis23_aerRural_humdefault_sza70.tp5,f6c552fdf76b55ad33b4f4c37fd06be9fed8d494999e044a94fb6560d0d7c3ca
NIR_scattering_obs3_tar3_rng35_vis50_aerRural_humdefault_sza20,RadianceWithScattering,NIR,Mid-Latitude Summer,Rural,default,50,3,3,35,20,0.70,1.10,10,10,RectangularBand,D:\HwaSimIR\HwaSim_IR\Bin\Config\Atmosphere\MODTRAN\raw\m1_nir_mwir_20260906\NIR_scattering_obs3_tar3_rng35_vis50_aerRural_humdefault_sza20\NIR_scattering_obs3_tar3_rng35_vis50_aerRural_humdefault_sza20.tp5,cd45bd940af1a7789f3244e1f1db923c7d377bcc1fa368f06e4c2137c1b30084
NIR_scattering_obs3_tar3_rng35_vis50_aerRural_humdefault_sza70,RadianceWithScattering,NIR,Mid-Latitude Summer,Rural,default,50,3,3,35,70,0.70,1.10,10,10,RectangularBand,D:\HwaSimIR\HwaSim_IR\Bin\Config\Atmosphere\MODTRAN\raw\m1_nir_mwir_20260906\NIR_scattering_obs3_tar3_rng35_vis50_aerRural_humdefault_sza70\NIR_scattering_obs3_tar3_rng35_vis50_aerRural_humdefault_sza70.tp5,31d0f7c399adeaeada5aa096b71390c6758943d5c1ee0a6b0b2f12a137473bed
NIR_scattering_obs3_tar3_rng50_vis2_aerRural_humdefault_sza20,RadianceWithScattering,NIR,Mid-Latitude Summer,Rural,default,2,3,3,50,20,0.70,1.10,10,10,RectangularBand,D:\HwaSimIR\HwaSim_IR\Bin\Config\Atmosphere\MODTRAN\raw\m1_nir_mwir_20260906\NIR_scattering_obs3_tar3_rng50_vis2_aerRural_humdefault_sza20\NIR_scattering_obs3_tar3_rng50_vis2_aerRural_humdefault_sza20.tp5,e144b387d5a51c892ad90f06df2ebc5b4fee2dc0a475eb11e4629b42a22b50b4
NIR_scattering_obs3_tar3_rng50_vis2_aerRural_humdefault_sza70,RadianceWithScattering,NIR,Mid-Latitude Summer,Rural,default,2,3,3,50,70,0.70,1.10,10,10,RectangularBand,D:\HwaSimIR\HwaSim_IR\Bin\Config\Atmosphere\MODTRAN\raw\m1_nir_mwir_20260906\NIR_scattering_obs3_tar3_rng50_vis2_aerRural_humdefault_sza70\NIR_scattering_obs3_tar3_rng50_vis2_aerRural_humdefault_sza70.tp5,2cd1ea43b4b0f30bd3e3cd91f1d37b1ea29b3b3becb01b70c1f45b809a5af504
NIR_scattering_obs3_tar3_rng50_vis5_aerRural_humdefault_sza20,RadianceWithScattering,NIR,Mid-Latitude Summer,Rural,default,5,3,3,50,20,0.70,1.10,10,10,RectangularBand,D:\HwaSimIR\HwaSim_IR\Bin\Config\Atmosphere\MODTRAN\raw\m1_nir_mwir_20260906\NIR_scattering_obs3_tar3_rng50_vis5_aerRural_humdefault_sza20\NIR_scattering_obs3_tar3_rng50_vis5_aerRural_humdefault_sza20.tp5,e2422886a5bd57618c465d37cf4888a58ecd7fdf62a24c53d7d989607210dbe6
NIR_scattering_obs3_tar3_rng50_vis5_aerRural_humdefault_sza70,RadianceWithScattering,NIR,Mid-Latitude Summer,Rural,default,5,3,3,50,70,0.70,1.10,10,10,RectangularBand,D:\HwaSimIR\HwaSim_IR\Bin\Config\Atmosphere\MODTRAN\raw\m1_nir_mwir_20260906\NIR_scattering_obs3_tar3_rng50_vis5_aerRural_humdefault_sza70\NIR_scattering_obs3_tar3_rng50_vis5_aerRural_humdefault_sza70.tp5,9eb1ec1a68b716f48119c78c049bf39e6cb99e159e8142da0a93bf978d5047a0
NIR_scattering_obs3_tar3_rng50_vis10_aerRural_humdefault_sza20,RadianceWithScattering,NIR,Mid-Latitude Summer,Rural,default,10,3,3,50,20,0.70,1.10,10,10,RectangularBand,D:\HwaSimIR\HwaSim_IR\Bin\Config\Atmosphere\MODTRAN\raw\m1_nir_mwir_20260906\NIR_scattering_obs3_tar3_rng50_vis10_aerRural_humdefault_sza20\NIR_scattering_obs3_tar3_rng50_vis10_aerRural_humdefault_sza20.tp5,31b84e2fe30c7890958ffd8f501e250ff17d20a67466165076458c1388a1995f
NIR_scattering_obs3_tar3_rng50_vis10_aerRural_humdefault_sza70,RadianceWithScattering,NIR,Mid-Latitude Summer,Rural,default,10,3,3,50,70,0.70,1.10,10,10,RectangularBand,D:\HwaSimIR\HwaSim_IR\Bin\Config\Atmosphere\MODTRAN\raw\m1_nir_mwir_20260906\NIR_scattering_obs3_tar3_rng50_vis10_aerRural_humdefault_sza70\NIR_scattering_obs3_tar3_rng50_vis10_aerRural_humdefault_sza70.tp5,dc49b1f2a00eda8e16748b4cb672febfde00a7a14f3cf8941a9bf79b78af95f2
NIR_scattering_obs3_tar3_rng50_vis23_aerRural_humdefault_sza20,RadianceWithScattering,NIR,Mid-Latitude Summer,Rural,default,23,3,3,50,20,0.70,1.10,10,10,RectangularBand,D:\HwaSimIR\HwaSim_IR\Bin\Config\Atmosphere\MODTRAN\raw\m1_nir_mwir_20260906\NIR_scattering_obs3_tar3_rng50_vis23_aerRural_humdefault_sza20\NIR_scattering_obs3_tar3_rng50_vis23_aerRural_humdefault_sza20.tp5,5078a5a41811697bff00bc3c7e697ca5e674418c454e4027f3013d4e51e625ac
NIR_scattering_obs3_tar3_rng50_vis23_aerRural_humdefault_sza70,RadianceWithScattering,NIR,Mid-Latitude Summer,Rural,default,23,3,3,50,70,0.70,1.10,10,10,RectangularBand,D:\HwaSimIR\HwaSim_IR\Bin\Config\Atmosphere\MODTRAN\raw\m1_nir_mwir_20260906\NIR_scattering_obs3_tar3_rng50_vis23_aerRural_humdefault_sza70\NIR_scattering_obs3_tar3_rng50_vis23_aerRural_humdefault_sza70.tp5,8739acea02402c978062c650c6cb6a2f59c8c10e34be1f75ab5fcb1da2a80852
NIR_scattering_obs3_tar3_rng50_vis50_aerRural_humdefault_sza20,RadianceWithScattering,NIR,Mid-Latitude Summer,Rural,default,50,3,3,50,20,0.70,1.10,10,10,RectangularBand,D:\HwaSimIR\HwaSim_IR\Bin\Config\Atmosphere\MODTRAN\raw\m1_nir_mwir_20260906\NIR_scattering_obs3_tar3_rng50_vis50_aerRural_humdefault_sza20\NIR_scattering_obs3_tar3_rng50_vis50_aerRural_humdefault_sza20.tp5,6273b1dc26ece5950a63ca151e21a0204d2f837631468b5a81c54a09c1b0968d
NIR_scattering_obs3_tar3_rng50_vis50_aerRural_humdefault_sza70,RadianceWithScattering,NIR,Mid-Latitude Summer,Rural,default,50,3,3,50,70,0.70,1.10,10,10,RectangularBand,D:\HwaSimIR\HwaSim_IR\Bin\Config\Atmosphere\MODTRAN\raw\m1_nir_mwir_20260906\NIR_scattering_obs3_tar3_rng50_vis50_aerRural_humdefault_sza70\NIR_scattering_obs3_tar3_rng50_vis50_aerRural_humdefault_sza70.tp5,245d03395941a391c680d4ee71f0510af32dafde2fb057252400bab443b0d649
NIR_scattering_obs5_tar5_rng1_vis2_aerRural_humdefault_sza20,RadianceWithScattering,NIR,Mid-Latitude Summer,Rural,default,2,5,5,1,20,0.70,1.10,10,10,RectangularBand,D:\HwaSimIR\HwaSim_IR\Bin\Config\Atmosphere\MODTRAN\raw\m1_nir_mwir_20260906\NIR_scattering_obs5_tar5_rng1_vis2_aerRural_humdefault_sza20\NIR_scattering_obs5_tar5_rng1_vis2_aerRural_humdefault_sza20.tp5,0e44dce5ba09817c6acbff2ca30e3c1dfef3f4da4f12c8a006f08203b3351b55
NIR_scattering_obs5_tar5_rng1_vis2_aerRural_humdefault_sza70,RadianceWithScattering,NIR,Mid-Latitude Summer,Rural,default,2,5,5,1,70,0.70,1.10,10,10,RectangularBand,D:\HwaSimIR\HwaSim_IR\Bin\Config\Atmosphere\MODTRAN\raw\m1_nir_mwir_20260906\NIR_scattering_obs5_tar5_rng1_vis2_aerRural_humdefault_sza70\NIR_scattering_obs5_tar5_rng1_vis2_aerRural_humdefault_sza70.tp5,3277b799b16d2646717b93e138d7dcafa47836a22ed6e7e18db9df296bb3d442
NIR_scattering_obs5_tar5_rng1_vis5_aerRural_humdefault_sza20,RadianceWithScattering,NIR,Mid-Latitude Summer,Rural,default,5,5,5,1,20,0.70,1.10,10,10,RectangularBand,D:\HwaSimIR\HwaSim_IR\Bin\Config\Atmosphere\MODTRAN\raw\m1_nir_mwir_20260906\NIR_scattering_obs5_tar5_rng1_vis5_aerRural_humdefault_sza20\NIR_scattering_obs5_tar5_rng1_vis5_aerRural_humdefault_sza20.tp5,ee09f192d40fd413698cebfa75cc148ab7ec77af7c133b1a906f01bd6bc7ddf3
NIR_scattering_obs5_tar5_rng1_vis5_aerRural_humdefault_sza70,RadianceWithScattering,NIR,Mid-Latitude Summer,Rural,default,5,5,5,1,70,0.70,1.10,10,10,RectangularBand,D:\HwaSimIR\HwaSim_IR\Bin\Config\Atmosphere\MODTRAN\raw\m1_nir_mwir_20260906\NIR_scattering_obs5_tar5_rng1_vis5_aerRural_humdefault_sza70\NIR_scattering_obs5_tar5_rng1_vis5_aerRural_humdefault_sza70.tp5,8a5cee9e426fe3e56f977b7c9ea2c0d0b77950ad25b604a119fd0e27f061c7f3
NIR_scattering_obs5_tar5_rng1_vis10_aerRural_humdefault_sza20,RadianceWithScattering,NIR,Mid-Latitude Summer,Rural,default,10,5,5,1,20,0.70,1.10,10,10,RectangularBand,D:\HwaSimIR\HwaSim_IR\Bin\Config\Atmosphere\MODTRAN\raw\m1_nir_mwir_20260906\NIR_scattering_obs5_tar5_rng1_vis10_aerRural_humdefault_sza20\NIR_scattering_obs5_tar5_rng1_vis10_aerRural_humdefault_sza20.tp5,65812ee8b23d5f1501667bd920ead38ff482516ea87db1c1411ad1dbf6f65ad5
NIR_scattering_obs5_tar5_rng1_vis10_aerRural_humdefault_sza70,RadianceWithScattering,NIR,Mid-Latitude Summer,Rural,default,10,5,5,1,70,0.70,1.10,10,10,RectangularBand,D:\HwaSimIR\HwaSim_IR\Bin\Config\Atmosphere\MODTRAN\raw\m1_nir_mwir_20260906\NIR_scattering_obs5_tar5_rng1_vis10_aerRural_humdefault_sza70\NIR_scattering_obs5_tar5_rng1_vis10_aerRural_humdefault_sza70.tp5,0b354a9e5153b9d8b471ddbbc9b76cd1712722259a572855269c7fa42de292c2
NIR_scattering_obs5_tar5_rng1_vis23_aerRural_humdefault_sza20,RadianceWithScattering,NIR,Mid-Latitude Summer,Rural,default,23,5,5,1,20,0.70,1.10,10,10,RectangularBand,D:\HwaSimIR\HwaSim_IR\Bin\Config\Atmosphere\MODTRAN\raw\m1_nir_mwir_20260906\NIR_scattering_obs5_tar5_rng1_vis23_aerRural_humdefault_sza20\NIR_scattering_obs5_tar5_rng1_vis23_aerRural_humdefault_sza20.tp5,5c15960cff4f068566cfebe229220af7d5682fecc87ff9530ccae52b387af8d1
NIR_scattering_obs5_tar5_rng1_vis23_aerRural_humdefault_sza70,RadianceWithScattering,NIR,Mid-Latitude Summer,Rural,default,23,5,5,1,70,0.70,1.10,10,10,RectangularBand,D:\HwaSimIR\HwaSim_IR\Bin\Config\Atmosphere\MODTRAN\raw\m1_nir_mwir_20260906\NIR_scattering_obs5_tar5_rng1_vis23_aerRural_humdefault_sza70\NIR_scattering_obs5_tar5_rng1_vis23_aerRural_humdefault_sza70.tp5,238eb948f5e2693f7e0cbd2d52c0b87aab73aed6eef07547a63d7d0160c51aa9
NIR_scattering_obs5_tar5_rng1_vis50_aerRural_humdefault_sza20,RadianceWithScattering,NIR,Mid-Latitude Summer,Rural,default,50,5,5,1,20,0.70,1.10,10,10,RectangularBand,D:\HwaSimIR\HwaSim_IR\Bin\Config\Atmosphere\MODTRAN\raw\m1_nir_mwir_20260906\NIR_scattering_obs5_tar5_rng1_vis50_aerRural_humdefault_sza20\NIR_scattering_obs5_tar5_rng1_vis50_aerRural_humdefault_sza20.tp5,e16cc3a429c424b11002efd2ff1dfa540473a7a4e8337a14e2c3dd8c5face0b9
NIR_scattering_obs5_tar5_rng1_vis50_aerRural_humdefault_sza70,RadianceWithScattering,NIR,Mid-Latitude Summer,Rural,default,50,5,5,1,70,0.70,1.10,10,10,RectangularBand,D:\HwaSimIR\HwaSim_IR\Bin\Config\Atmosphere\MODTRAN\raw\m1_nir_mwir_20260906\NIR_scattering_obs5_tar5_rng1_vis50_aerRural_humdefault_sza70\NIR_scattering_obs5_tar5_rng1_vis50_aerRural_humdefault_sza70.tp5,5e84e97324cd49f029dd81a79f0b236654a6d8f1c359cc70401af5bd177017be
NIR_scattering_obs5_tar5_rng2_vis2_aerRural_humdefault_sza20,RadianceWithScattering,NIR,Mid-Latitude Summer,Rural,default,2,5,5,2,20,0.70,1.10,10,10,RectangularBand,D:\HwaSimIR\HwaSim_IR\Bin\Config\Atmosphere\MODTRAN\raw\m1_nir_mwir_20260906\NIR_scattering_obs5_tar5_rng2_vis2_aerRural_humdefault_sza20\NIR_scattering_obs5_tar5_rng2_vis2_aerRural_humdefault_sza20.tp5,a987cd0e9389c7a92bf06467c58a6c02f13c2d8a4dbc7bd4d72d061fd3882dcb
NIR_scattering_obs5_tar5_rng2_vis2_aerRural_humdefault_sza70,RadianceWithScattering,NIR,Mid-Latitude Summer,Rural,default,2,5,5,2,70,0.70,1.10,10,10,RectangularBand,D:\HwaSimIR\HwaSim_IR\Bin\Config\Atmosphere\MODTRAN\raw\m1_nir_mwir_20260906\NIR_scattering_obs5_tar5_rng2_vis2_aerRural_humdefault_sza70\NIR_scattering_obs5_tar5_rng2_vis2_aerRural_humdefault_sza70.tp5,76810673bf081995d04ab817fee9a0b65595afad16f87ff2516175ca902fadd6
NIR_scattering_obs5_tar5_rng2_vis5_aerRural_humdefault_sza20,RadianceWithScattering,NIR,Mid-Latitude Summer,Rural,default,5,5,5,2,20,0.70,1.10,10,10,RectangularBand,D:\HwaSimIR\HwaSim_IR\Bin\Config\Atmosphere\MODTRAN\raw\m1_nir_mwir_20260906\NIR_scattering_obs5_tar5_rng2_vis5_aerRural_humdefault_sza20\NIR_scattering_obs5_tar5_rng2_vis5_aerRural_humdefault_sza20.tp5,1c9de041beaf996807334c91933038a258fac5cf98eab340489a507aeaadf36c
NIR_scattering_obs5_tar5_rng2_vis5_aerRural_humdefault_sza70,RadianceWithScattering,NIR,Mid-Latitude Summer,Rural,default,5,5,5,2,70,0.70,1.10,10,10,RectangularBand,D:\HwaSimIR\HwaSim_IR\Bin\Config\Atmosphere\MODTRAN\raw\m1_nir_mwir_20260906\NIR_scattering_obs5_tar5_rng2_vis5_aerRural_humdefault_sza70\NIR_scattering_obs5_tar5_rng2_vis5_aerRural_humdefault_sza70.tp5,4ce06dfac17a727804982381f0a7c985d0a8d21680cd3ab3c162bd7b24504515
NIR_scattering_obs5_tar5_rng2_vis10_aerRural_humdefault_sza20,RadianceWithScattering,NIR,Mid-Latitude Summer,Rural,default,10,5,5,2,20,0.70,1.10,10,10,RectangularBand,D:\HwaSimIR\HwaSim_IR\Bin\Config\Atmosphere\MODTRAN\raw\m1_nir_mwir_20260906\NIR_scattering_obs5_tar5_rng2_vis10_aerRural_humdefault_sza20\NIR_scattering_obs5_tar5_rng2_vis10_aerRural_humdefault_sza20.tp5,1d96ad220d0ed8af8d2fc4a106c958d4e1eb34fa02a410e66cd4b3ec4988ab98
NIR_scattering_obs5_tar5_rng2_vis10_aerRural_humdefault_sza70,RadianceWithScattering,NIR,Mid-Latitude Summer,Rural,default,10,5,5,2,70,0.70,1.10,10,10,RectangularBand,D:\HwaSimIR\HwaSim_IR\Bin\Config\Atmosphere\MODTRAN\raw\m1_nir_mwir_20260906\NIR_scattering_obs5_tar5_rng2_vis10_aerRural_humdefault_sza70\NIR_scattering_obs5_tar5_rng2_vis10_aerRural_humdefault_sza70.tp5,c3b3c2cd2c0c17e685e0140300facfadcf3e83c3e417399ac06f9f364d685f9d
NIR_scattering_obs5_tar5_rng2_vis23_aerRural_humdefault_sza20,RadianceWithScattering,NIR,Mid-Latitude Summer,Rural,default,23,5,5,2,20,0.70,1.10,10,10,RectangularBand,D:\HwaSimIR\HwaSim_IR\Bin\Config\Atmosphere\MODTRAN\raw\m1_nir_mwir_20260906\NIR_scattering_obs5_tar5_rng2_vis23_aerRural_humdefault_sza20\NIR_scattering_obs5_tar5_rng2_vis23_aerRural_humdefault_sza20.tp5,3f7937d0a2a3eded74058f4e850188778f3aa310a0f2bad4d54e52e290a410fb
NIR_scattering_obs5_tar5_rng2_vis23_aerRural_humdefault_sza70,RadianceWithScattering,NIR,Mid-Latitude Summer,Rural,default,23,5,5,2,70,0.70,1.10,10,10,RectangularBand,D:\HwaSimIR\HwaSim_IR\Bin\Config\Atmosphere\MODTRAN\raw\m1_nir_mwir_20260906\NIR_scattering_obs5_tar5_rng2_vis23_aerRural_humdefault_sza70\NIR_scattering_obs5_tar5_rng2_vis23_aerRural_humdefault_sza70.tp5,906f139bb8810df59e00e82053bf548b1c174377a861368dbbec8c3acfaf0a41
NIR_scattering_obs5_tar5_rng2_vis50_aerRural_humdefault_sza20,RadianceWithScattering,NIR,Mid-Latitude Summer,Rural,default,50,5,5,2,20,0.70,1.10,10,10,RectangularBand,D:\HwaSimIR\HwaSim_IR\Bin\Config\Atmosphere\MODTRAN\raw\m1_nir_mwir_20260906\NIR_scattering_obs5_tar5_rng2_vis50_aerRural_humdefault_sza20\NIR_scattering_obs5_tar5_rng2_vis50_aerRural_humdefault_sza20.tp5,cd8c4312afbee32abc9b5ffe8c219ce79827a372d168d870f65bf531daa6263e
NIR_scattering_obs5_tar5_rng2_vis50_aerRural_humdefault_sza70,RadianceWithScattering,NIR,Mid-Latitude Summer,Rural,default,50,5,5,2,70,0.70,1.10,10,10,RectangularBand,D:\HwaSimIR\HwaSim_IR\Bin\Config\Atmosphere\MODTRAN\raw\m1_nir_mwir_20260906\NIR_scattering_obs5_tar5_rng2_vis50_aerRural_humdefault_sza70\NIR_scattering_obs5_tar5_rng2_vis50_aerRural_humdefault_sza70.tp5,2079a21932ef8affaa58123fc6ed13e02fcf65ef98d026f7e3ccac043e68a00f
NIR_scattering_obs5_tar5_rng5_vis2_aerRural_humdefault_sza20,RadianceWithScattering,NIR,Mid-Latitude Summer,Rural,default,2,5,5,5,20,0.70,1.10,10,10,RectangularBand,D:\HwaSimIR\HwaSim_IR\Bin\Config\Atmosphere\MODTRAN\raw\m1_nir_mwir_20260906\NIR_scattering_obs5_tar5_rng5_vis2_aerRural_humdefault_sza20\NIR_scattering_obs5_tar5_rng5_vis2_aerRural_humdefault_sza20.tp5,24ac9d5d2973163c0d75a3e970eaacb4cd9c9fe43d72f1b3422b1cd2ebc338d4
NIR_scattering_obs5_tar5_rng5_vis2_aerRural_humdefault_sza70,RadianceWithScattering,NIR,Mid-Latitude Summer,Rural,default,2,5,5,5,70,0.70,1.10,10,10,RectangularBand,D:\HwaSimIR\HwaSim_IR\Bin\Config\Atmosphere\MODTRAN\raw\m1_nir_mwir_20260906\NIR_scattering_obs5_tar5_rng5_vis2_aerRural_humdefault_sza70\NIR_scattering_obs5_tar5_rng5_vis2_aerRural_humdefault_sza70.tp5,7f5916022022cd061c890fd984ace9cd6dc4f9e7978a34389d371e2136aacba4
NIR_scattering_obs5_tar5_rng5_vis5_aerRural_humdefault_sza20,RadianceWithScattering,NIR,Mid-Latitude Summer,Rural,default,5,5,5,5,20,0.70,1.10,10,10,RectangularBand,D:\HwaSimIR\HwaSim_IR\Bin\Config\Atmosphere\MODTRAN\raw\m1_nir_mwir_20260906\NIR_scattering_obs5_tar5_rng5_vis5_aerRural_humdefault_sza20\NIR_scattering_obs5_tar5_rng5_vis5_aerRural_humdefault_sza20.tp5,3ec6b531444b404d97f837c6c40170068d3a6437e5efcae5e19288afbfacafab
NIR_scattering_obs5_tar5_rng5_vis5_aerRural_humdefault_sza70,RadianceWithScattering,NIR,Mid-Latitude Summer,Rural,default,5,5,5,5,70,0.70,1.10,10,10,RectangularBand,D:\HwaSimIR\HwaSim_IR\Bin\Config\Atmosphere\MODTRAN\raw\m1_nir_mwir_20260906\NIR_scattering_obs5_tar5_rng5_vis5_aerRural_humdefault_sza70\NIR_scattering_obs5_tar5_rng5_vis5_aerRural_humdefault_sza70.tp5,2bd627effb040be66bff003e7942236b43552eba314b1391de912b07efe1cccb
NIR_scattering_obs5_tar5_rng5_vis10_aerRural_humdefault_sza20,RadianceWithScattering,NIR,Mid-Latitude Summer,Rural,default,10,5,5,5,20,0.70,1.10,10,10,RectangularBand,D:\HwaSimIR\HwaSim_IR\Bin\Config\Atmosphere\MODTRAN\raw\m1_nir_mwir_20260906\NIR_scattering_obs5_tar5_rng5_vis10_aerRural_humdefault_sza20\NIR_scattering_obs5_tar5_rng5_vis10_aerRural_humdefault_sza20.tp5,d387fa970c5fc10fd37e8ff0ea12040a0cf7be9e9f6b096571966248a4ebb01e
NIR_scattering_obs5_tar5_rng5_vis10_aerRural_humdefault_sza70,RadianceWithScattering,NIR,Mid-Latitude Summer,Rural,default,10,5,5,5,70,0.70,1.10,10,10,RectangularBand,D:\HwaSimIR\HwaSim_IR\Bin\Config\Atmosphere\MODTRAN\raw\m1_nir_mwir_20260906\NIR_scattering_obs5_tar5_rng5_vis10_aerRural_humdefault_sza70\NIR_scattering_obs5_tar5_rng5_vis10_aerRural_humdefault_sza70.tp5,7446920f4c9c8f0f165594e387c8c228b517bcdfc76579d0e39ea7e4daf9fd84
NIR_scattering_obs5_tar5_rng5_vis23_aerRural_humdefault_sza20,RadianceWithScattering,NIR,Mid-Latitude Summer,Rural,default,23,5,5,5,20,0.70,1.10,10,10,RectangularBand,D:\HwaSimIR\HwaSim_IR\Bin\Config\Atmosphere\MODTRAN\raw\m1_nir_mwir_20260906\NIR_scattering_obs5_tar5_rng5_vis23_aerRural_humdefault_sza20\NIR_scattering_obs5_tar5_rng5_vis23_aerRural_humdefault_sza20.tp5,a8851c36ac37771f149f57cc3827e50c518b059647bfd85bb035ba8143c6eaf4
NIR_scattering_obs5_tar5_rng5_vis23_aerRural_humdefault_sza70,RadianceWithScattering,NIR,Mid-Latitude Summer,Rural,default,23,5,5,5,70,0.70,1.10,10,10,RectangularBand,D:\HwaSimIR\HwaSim_IR\Bin\Config\Atmosphere\MODTRAN\raw\m1_nir_mwir_20260906\NIR_scattering_obs5_tar5_rng5_vis23_aerRural_humdefault_sza70\NIR_scattering_obs5_tar5_rng5_vis23_aerRural_humdefault_sza70.tp5,d3d0166c58ca68761cd2b2dd00ec167021ca24fd1d4dee457c3bf21506cdf5a6
NIR_scattering_obs5_tar5_rng5_vis50_aerRural_humdefault_sza20,RadianceWithScattering,NIR,Mid-Latitude Summer,Rural,default,50,5,5,5,20,0.70,1.10,10,10,RectangularBand,D:\HwaSimIR\HwaSim_IR\Bin\Config\Atmosphere\MODTRAN\raw\m1_nir_mwir_20260906\NIR_scattering_obs5_tar5_rng5_vis50_aerRural_humdefault_sza20\NIR_scattering_obs5_tar5_rng5_vis50_aerRural_humdefault_sza20.tp5,2b88899909b854f1a978e73f327dc7666465a0f6942e9c8783e2c173d7fcd8b2
NIR_scattering_obs5_tar5_rng5_vis50_aerRural_humdefault_sza70,RadianceWithScattering,NIR,Mid-Latitude Summer,Rural,default,50,5,5,5,70,0.70,1.10,10,10,RectangularBand,D:\HwaSimIR\HwaSim_IR\Bin\Config\Atmosphere\MODTRAN\raw\m1_nir_mwir_20260906\NIR_scattering_obs5_tar5_rng5_vis50_aerRural_humdefault_sza70\NIR_scattering_obs5_tar5_rng5_vis50_aerRural_humdefault_sza70.tp5,f12633ff4623350a8d0067cdc6de95672d4138543bc3003f2bb11bd33858235f
NIR_scattering_obs5_tar5_rng10_vis2_aerRural_humdefault_sza20,RadianceWithScattering,NIR,Mid-Latitude Summer,Rural,default,2,5,5,10,20,0.70,1.10,10,10,RectangularBand,D:\HwaSimIR\HwaSim_IR\Bin\Config\Atmosphere\MODTRAN\raw\m1_nir_mwir_20260906\NIR_scattering_obs5_tar5_rng10_vis2_aerRural_humdefault_sza20\NIR_scattering_obs5_tar5_rng10_vis2_aerRural_humdefault_sza20.tp5,2181052b5a4e214019cd4a614aee36fa72a05f23adbcd99827ba11cb28f7e2a6
NIR_scattering_obs5_tar5_rng10_vis2_aerRural_humdefault_sza70,RadianceWithScattering,NIR,Mid-Latitude Summer,Rural,default,2,5,5,10,70,0.70,1.10,10,10,RectangularBand,D:\HwaSimIR\HwaSim_IR\Bin\Config\Atmosphere\MODTRAN\raw\m1_nir_mwir_20260906\NIR_scattering_obs5_tar5_rng10_vis2_aerRural_humdefault_sza70\NIR_scattering_obs5_tar5_rng10_vis2_aerRural_humdefault_sza70.tp5,449dfa20df5ce1b821ae17ff3eadaad73cdd80e9a6ad46b33b5becbfbfe0b7a1
NIR_scattering_obs5_tar5_rng10_vis5_aerRural_humdefault_sza20,RadianceWithScattering,NIR,Mid-Latitude Summer,Rural,default,5,5,5,10,20,0.70,1.10,10,10,RectangularBand,D:\HwaSimIR\HwaSim_IR\Bin\Config\Atmosphere\MODTRAN\raw\m1_nir_mwir_20260906\NIR_scattering_obs5_tar5_rng10_vis5_aerRural_humdefault_sza20\NIR_scattering_obs5_tar5_rng10_vis5_aerRural_humdefault_sza20.tp5,cd826e0f1beb20cec254fc2cc5905512ae63a7683a0e14b7c64d0e74a1e0c33a
NIR_scattering_obs5_tar5_rng10_vis5_aerRural_humdefault_sza70,RadianceWithScattering,NIR,Mid-Latitude Summer,Rural,default,5,5,5,10,70,0.70,1.10,10,10,RectangularBand,D:\HwaSimIR\HwaSim_IR\Bin\Config\Atmosphere\MODTRAN\raw\m1_nir_mwir_20260906\NIR_scattering_obs5_tar5_rng10_vis5_aerRural_humdefault_sza70\NIR_scattering_obs5_tar5_rng10_vis5_aerRural_humdefault_sza70.tp5,aa7aaa48e005e3d7e65626d0c7e49e11a608d97664331824d4a9cf2884c4f250
NIR_scattering_obs5_tar5_rng10_vis10_aerRural_humdefault_sza20,RadianceWithScattering,NIR,Mid-Latitude Summer,Rural,default,10,5,5,10,20,0.70,1.10,10,10,RectangularBand,D:\HwaSimIR\HwaSim_IR\Bin\Config\Atmosphere\MODTRAN\raw\m1_nir_mwir_20260906\NIR_scattering_obs5_tar5_rng10_vis10_aerRural_humdefault_sza20\NIR_scattering_obs5_tar5_rng10_vis10_aerRural_humdefault_sza20.tp5,64002d853708c98a7e13035ca927f85bbfe3d32c676bc8f8de41c82b471755e6
NIR_scattering_obs5_tar5_rng10_vis10_aerRural_humdefault_sza70,RadianceWithScattering,NIR,Mid-Latitude Summer,Rural,default,10,5,5,10,70,0.70,1.10,10,10,RectangularBand,D:\HwaSimIR\HwaSim_IR\Bin\Config\Atmosphere\MODTRAN\raw\m1_nir_mwir_20260906\NIR_scattering_obs5_tar5_rng10_vis10_aerRural_humdefault_sza70\NIR_scattering_obs5_tar5_rng10_vis10_aerRural_humdefault_sza70.tp5,ce98fe5461ec984d923369337d23a14675256fe4bd4b3171bf2c0ac42121a65c
NIR_scattering_obs5_tar5_rng10_vis23_aerRural_humdefault_sza20,RadianceWithScattering,NIR,Mid-Latitude Summer,Rural,default,23,5,5,10,20,0.70,1.10,10,10,RectangularBand,D:\HwaSimIR\HwaSim_IR\Bin\Config\Atmosphere\MODTRAN\raw\m1_nir_mwir_20260906\NIR_scattering_obs5_tar5_rng10_vis23_aerRural_humdefault_sza20\NIR_scattering_obs5_tar5_rng10_vis23_aerRural_humdefault_sza20.tp5,76d588a56e78e695b83afd5c09a29bdc9f9142e62762f31743813f3ddb5b3e92
NIR_scattering_obs5_tar5_rng10_vis23_aerRural_humdefault_sza70,RadianceWithScattering,NIR,Mid-Latitude Summer,Rural,default,23,5,5,10,70,0.70,1.10,10,10,RectangularBand,D:\HwaSimIR\HwaSim_IR\Bin\Config\Atmosphere\MODTRAN\raw\m1_nir_mwir_20260906\NIR_scattering_obs5_tar5_rng10_vis23_aerRural_humdefault_sza70\NIR_scattering_obs5_tar5_rng10_vis23_aerRural_humdefault_sza70.tp5,7c121a16a7c36ecac5d41427c640849ba26863a3bad1fba129b1f104a83b031a
NIR_scattering_obs5_tar5_rng10_vis50_aerRural_humdefault_sza20,RadianceWithScattering,NIR,Mid-Latitude Summer,Rural,default,50,5,5,10,20,0.70,1.10,10,10,RectangularBand,D:\HwaSimIR\HwaSim_IR\Bin\Config\Atmosphere\MODTRAN\raw\m1_nir_mwir_20260906\NIR_scattering_obs5_tar5_rng10_vis50_aerRural_humdefault_sza20\NIR_scattering_obs5_tar5_rng10_vis50_aerRural_humdefault_sza20.tp5,1f37febe26e8a99f347ad4a1abf4cf1dc8b34ec84deee07c09b62778a279ceda
NIR_scattering_obs5_tar5_rng10_vis50_aerRural_humdefault_sza70,RadianceWithScattering,NIR,Mid-Latitude Summer,Rural,default,50,5,5,10,70,0.70,1.10,10,10,RectangularBand,D:\HwaSimIR\HwaSim_IR\Bin\Config\Atmosphere\MODTRAN\raw\m1_nir_mwir_20260906\NIR_scattering_obs5_tar5_rng10_vis50_aerRural_humdefault_sza70\NIR_scattering_obs5_tar5_rng10_vis50_aerRural_humdefault_sza70.tp5,6a9a1262b9d160531b6cd9270e9db718ec82cc6cba10c0072ae2867233202d63
NIR_scattering_obs5_tar5_rng20_vis2_aerRural_humdefault_sza20,RadianceWithScattering,NIR,Mid-Latitude Summer,Rural,default,2,5,5,20,20,0.70,1.10,10,10,RectangularBand,D:\HwaSimIR\HwaSim_IR\Bin\Config\Atmosphere\MODTRAN\raw\m1_nir_mwir_20260906\NIR_scattering_obs5_tar5_rng20_vis2_aerRural_humdefault_sza20\NIR_scattering_obs5_tar5_rng20_vis2_aerRural_humdefault_sza20.tp5,a80db4febee24662e74dd12851532c326b768b380fdb1d04130cd90159dfbbb5
NIR_scattering_obs5_tar5_rng20_vis2_aerRural_humdefault_sza70,RadianceWithScattering,NIR,Mid-Latitude Summer,Rural,default,2,5,5,20,70,0.70,1.10,10,10,RectangularBand,D:\HwaSimIR\HwaSim_IR\Bin\Config\Atmosphere\MODTRAN\raw\m1_nir_mwir_20260906\NIR_scattering_obs5_tar5_rng20_vis2_aerRural_humdefault_sza70\NIR_scattering_obs5_tar5_rng20_vis2_aerRural_humdefault_sza70.tp5,2e84cd89b0b45e422be405e48122ae22cf0b74665809a17caaaa6d4ef4181824
NIR_scattering_obs5_tar5_rng20_vis5_aerRural_humdefault_sza20,RadianceWithScattering,NIR,Mid-Latitude Summer,Rural,default,5,5,5,20,20,0.70,1.10,10,10,RectangularBand,D:\HwaSimIR\HwaSim_IR\Bin\Config\Atmosphere\MODTRAN\raw\m1_nir_mwir_20260906\NIR_scattering_obs5_tar5_rng20_vis5_aerRural_humdefault_sza20\NIR_scattering_obs5_tar5_rng20_vis5_aerRural_humdefault_sza20.tp5,5a8d873ef0467f4c8dd293da7ac2e6aee4ebf71952ee98e5f16a56f5628c5d93
NIR_scattering_obs5_tar5_rng20_vis5_aerRural_humdefault_sza70,RadianceWithScattering,NIR,Mid-Latitude Summer,Rural,default,5,5,5,20,70,0.70,1.10,10,10,RectangularBand,D:\HwaSimIR\HwaSim_IR\Bin\Config\Atmosphere\MODTRAN\raw\m1_nir_mwir_20260906\NIR_scattering_obs5_tar5_rng20_vis5_aerRural_humdefault_sza70\NIR_scattering_obs5_tar5_rng20_vis5_aerRural_humdefault_sza70.tp5,d5e3237edd409fa04f93b45babad8fe47a4dc904556b61baeddd1a024837c134
NIR_scattering_obs5_tar5_rng20_vis10_aerRural_humdefault_sza20,RadianceWithScattering,NIR,Mid-Latitude Summer,Rural,default,10,5,5,20,20,0.70,1.10,10,10,RectangularBand,D:\HwaSimIR\HwaSim_IR\Bin\Config\Atmosphere\MODTRAN\raw\m1_nir_mwir_20260906\NIR_scattering_obs5_tar5_rng20_vis10_aerRural_humdefault_sza20\NIR_scattering_obs5_tar5_rng20_vis10_aerRural_humdefault_sza20.tp5,8f0f255437ae1df56b76a66f8cbc3cd247be3dd3d7887f18ea442b936e6c15c6
NIR_scattering_obs5_tar5_rng20_vis10_aerRural_humdefault_sza70,RadianceWithScattering,NIR,Mid-Latitude Summer,Rural,default,10,5,5,20,70,0.70,1.10,10,10,RectangularBand,D:\HwaSimIR\HwaSim_IR\Bin\Config\Atmosphere\MODTRAN\raw\m1_nir_mwir_20260906\NIR_scattering_obs5_tar5_rng20_vis10_aerRural_humdefault_sza70\NIR_scattering_obs5_tar5_rng20_vis10_aerRural_humdefault_sza70.tp5,6688ca29267e8ff0e0ed7531c749dcf9b2da1be015dee8ae8cf03047c988465b
NIR_scattering_obs5_tar5_rng20_vis23_aerRural_humdefault_sza20,RadianceWithScattering,NIR,Mid-Latitude Summer,Rural,default,23,5,5,20,20,0.70,1.10,10,10,RectangularBand,D:\HwaSimIR\HwaSim_IR\Bin\Config\Atmosphere\MODTRAN\raw\m1_nir_mwir_20260906\NIR_scattering_obs5_tar5_rng20_vis23_aerRural_humdefault_sza20\NIR_scattering_obs5_tar5_rng20_vis23_aerRural_humdefault_sza20.tp5,d13f6e957029ab4be8c8417a780258f44b3c4f695067de77f053cdc37be366fd
NIR_scattering_obs5_tar5_rng20_vis23_aerRural_humdefault_sza70,RadianceWithScattering,NIR,Mid-Latitude Summer,Rural,default,23,5,5,20,70,0.70,1.10,10,10,RectangularBand,D:\HwaSimIR\HwaSim_IR\Bin\Config\Atmosphere\MODTRAN\raw\m1_nir_mwir_20260906\NIR_scattering_obs5_tar5_rng20_vis23_aerRural_humdefault_sza70\NIR_scattering_obs5_tar5_rng20_vis23_aerRural_humdefault_sza70.tp5,0c4a9f4a7e63517af9f9959bf32e2777b243f2ef310317c94ab18ed89845afad
NIR_scattering_obs5_tar5_rng20_vis50_aerRural_humdefault_sza20,RadianceWithScattering,NIR,Mid-Latitude Summer,Rural,default,50,5,5,20,20,0.70,1.10,10,10,RectangularBand,D:\HwaSimIR\HwaSim_IR\Bin\Config\Atmosphere\MODTRAN\raw\m1_nir_mwir_20260906\NIR_scattering_obs5_tar5_rng20_vis50_aerRural_humdefault_sza20\NIR_scattering_obs5_tar5_rng20_vis50_aerRural_humdefault_sza20.tp5,e5f8b61bc0518bc5bb884b14f0fd2f57426d49e08f1bddd82783f6e99cea11f2
NIR_scattering_obs5_tar5_rng20_vis50_aerRural_humdefault_sza70,RadianceWithScattering,NIR,Mid-Latitude Summer,Rural,default,50,5,5,20,70,0.70,1.10,10,10,RectangularBand,D:\HwaSimIR\HwaSim_IR\Bin\Config\Atmosphere\MODTRAN\raw\m1_nir_mwir_20260906\NIR_scattering_obs5_tar5_rng20_vis50_aerRural_humdefault_sza70\NIR_scattering_obs5_tar5_rng20_vis50_aerRural_humdefault_sza70.tp5,804a4e2efa1db99d1f7cc1a5ac67d9ac125a956442b03ed6f18a6be8522e5b7b
NIR_scattering_obs5_tar5_rng35_vis2_aerRural_humdefault_sza20,RadianceWithScattering,NIR,Mid-Latitude Summer,Rural,default,2,5,5,35,20,0.70,1.10,10,10,RectangularBand,D:\HwaSimIR\HwaSim_IR\Bin\Config\Atmosphere\MODTRAN\raw\m1_nir_mwir_20260906\NIR_scattering_obs5_tar5_rng35_vis2_aerRural_humdefault_sza20\NIR_scattering_obs5_tar5_rng35_vis2_aerRural_humdefault_sza20.tp5,468ddb1f2fe2639dbef4015a6e580261ec3a618ea07f83a7e1609b6883ee215f
NIR_scattering_obs5_tar5_rng35_vis2_aerRural_humdefault_sza70,RadianceWithScattering,NIR,Mid-Latitude Summer,Rural,default,2,5,5,35,70,0.70,1.10,10,10,RectangularBand,D:\HwaSimIR\HwaSim_IR\Bin\Config\Atmosphere\MODTRAN\raw\m1_nir_mwir_20260906\NIR_scattering_obs5_tar5_rng35_vis2_aerRural_humdefault_sza70\NIR_scattering_obs5_tar5_rng35_vis2_aerRural_humdefault_sza70.tp5,2e771d0cab17250f85c55119ecd7aa12adc6ea5651a9f95254893c1fd0f3bd92
NIR_scattering_obs5_tar5_rng35_vis5_aerRural_humdefault_sza20,RadianceWithScattering,NIR,Mid-Latitude Summer,Rural,default,5,5,5,35,20,0.70,1.10,10,10,RectangularBand,D:\HwaSimIR\HwaSim_IR\Bin\Config\Atmosphere\MODTRAN\raw\m1_nir_mwir_20260906\NIR_scattering_obs5_tar5_rng35_vis5_aerRural_humdefault_sza20\NIR_scattering_obs5_tar5_rng35_vis5_aerRural_humdefault_sza20.tp5,88e498207c94df070704998e127b95bd63dc54206e45c82fa4436d84e21e898d
NIR_scattering_obs5_tar5_rng35_vis5_aerRural_humdefault_sza70,RadianceWithScattering,NIR,Mid-Latitude Summer,Rural,default,5,5,5,35,70,0.70,1.10,10,10,RectangularBand,D:\HwaSimIR\HwaSim_IR\Bin\Config\Atmosphere\MODTRAN\raw\m1_nir_mwir_20260906\NIR_scattering_obs5_tar5_rng35_vis5_aerRural_humdefault_sza70\NIR_scattering_obs5_tar5_rng35_vis5_aerRural_humdefault_sza70.tp5,e16d21b2bc9923085e65fc6773d9eb0ae842a3616c9900adc20e58e33344cbcb
NIR_scattering_obs5_tar5_rng35_vis10_aerRural_humdefault_sza20,RadianceWithScattering,NIR,Mid-Latitude Summer,Rural,default,10,5,5,35,20,0.70,1.10,10,10,RectangularBand,D:\HwaSimIR\HwaSim_IR\Bin\Config\Atmosphere\MODTRAN\raw\m1_nir_mwir_20260906\NIR_scattering_obs5_tar5_rng35_vis10_aerRural_humdefault_sza20\NIR_scattering_obs5_tar5_rng35_vis10_aerRural_humdefault_sza20.tp5,3c8c1b61e3c12e5dbf24843362c6d2b1b570bc8f39a3d9a9f9edd7e445d584df
NIR_scattering_obs5_tar5_rng35_vis10_aerRural_humdefault_sza70,RadianceWithScattering,NIR,Mid-Latitude Summer,Rural,default,10,5,5,35,70,0.70,1.10,10,10,RectangularBand,D:\HwaSimIR\HwaSim_IR\Bin\Config\Atmosphere\MODTRAN\raw\m1_nir_mwir_20260906\NIR_scattering_obs5_tar5_rng35_vis10_aerRural_humdefault_sza70\NIR_scattering_obs5_tar5_rng35_vis10_aerRural_humdefault_sza70.tp5,e543cc00f17c365e9117b20f5891a13c4095f29e37e3ed6ef86c178be2480c26
NIR_scattering_obs5_tar5_rng35_vis23_aerRural_humdefault_sza20,RadianceWithScattering,NIR,Mid-Latitude Summer,Rural,default,23,5,5,35,20,0.70,1.10,10,10,RectangularBand,D:\HwaSimIR\HwaSim_IR\Bin\Config\Atmosphere\MODTRAN\raw\m1_nir_mwir_20260906\NIR_scattering_obs5_tar5_rng35_vis23_aerRural_humdefault_sza20\NIR_scattering_obs5_tar5_rng35_vis23_aerRural_humdefault_sza20.tp5,93f66434041cc2439ecddc59a48932ea5fe1794006591b63eff22342a448a3e0
NIR_scattering_obs5_tar5_rng35_vis23_aerRural_humdefault_sza70,RadianceWithScattering,NIR,Mid-Latitude Summer,Rural,default,23,5,5,35,70,0.70,1.10,10,10,RectangularBand,D:\HwaSimIR\HwaSim_IR\Bin\Config\Atmosphere\MODTRAN\raw\m1_nir_mwir_20260906\NIR_scattering_obs5_tar5_rng35_vis23_aerRural_humdefault_sza70\NIR_scattering_obs5_tar5_rng35_vis23_aerRural_humdefault_sza70.tp5,a2a2b392172d8caaa21b8e68a6c455d0926b5d2366de97085b1bf21cb2b1152b
NIR_scattering_obs5_tar5_rng35_vis50_aerRural_humdefault_sza20,RadianceWithScattering,NIR,Mid-Latitude Summer,Rural,default,50,5,5,35,20,0.70,1.10,10,10,RectangularBand,D:\HwaSimIR\HwaSim_IR\Bin\Config\Atmosphere\MODTRAN\raw\m1_nir_mwir_20260906\NIR_scattering_obs5_tar5_rng35_vis50_aerRural_humdefault_sza20\NIR_scattering_obs5_tar5_rng35_vis50_aerRural_humdefault_sza20.tp5,935e6310669c76697dc98374c6ca35d67c2e27f1eb51344e2a97b1668a5ed018
NIR_scattering_obs5_tar5_rng35_vis50_aerRural_humdefault_sza70,RadianceWithScattering,NIR,Mid-Latitude Summer,Rural,default,50,5,5,35,70,0.70,1.10,10,10,RectangularBand,D:\HwaSimIR\HwaSim_IR\Bin\Config\Atmosphere\MODTRAN\raw\m1_nir_mwir_20260906\NIR_scattering_obs5_tar5_rng35_vis50_aerRural_humdefault_sza70\NIR_scattering_obs5_tar5_rng35_vis50_aerRural_humdefault_sza70.tp5,2bb99d8b9af0c353bd60c4fce09d11b54cae49f216a9e0754b145a028baeff7c
NIR_scattering_obs5_tar5_rng50_vis2_aerRural_humdefault_sza20,RadianceWithScattering,NIR,Mid-Latitude Summer,Rural,default,2,5,5,50,20,0.70,1.10,10,10,RectangularBand,D:\HwaSimIR\HwaSim_IR\Bin\Config\Atmosphere\MODTRAN\raw\m1_nir_mwir_20260906\NIR_scattering_obs5_tar5_rng50_vis2_aerRural_humdefault_sza20\NIR_scattering_obs5_tar5_rng50_vis2_aerRural_humdefault_sza20.tp5,3fded97a86ae65f891bef9cd483e193a08eb61c55ec728a6463ada0d55f98221
NIR_scattering_obs5_tar5_rng50_vis2_aerRural_humdefault_sza70,RadianceWithScattering,NIR,Mid-Latitude Summer,Rural,default,2,5,5,50,70,0.70,1.10,10,10,RectangularBand,D:\HwaSimIR\HwaSim_IR\Bin\Config\Atmosphere\MODTRAN\raw\m1_nir_mwir_20260906\NIR_scattering_obs5_tar5_rng50_vis2_aerRural_humdefault_sza70\NIR_scattering_obs5_tar5_rng50_vis2_aerRural_humdefault_sza70.tp5,198425dad4b6bd305d030193758aa86349a06154b5fc11ee92bb5a44b14fdb0d
NIR_scattering_obs5_tar5_rng50_vis5_aerRural_humdefault_sza20,RadianceWithScattering,NIR,Mid-Latitude Summer,Rural,default,5,5,5,50,20,0.70,1.10,10,10,RectangularBand,D:\HwaSimIR\HwaSim_IR\Bin\Config\Atmosphere\MODTRAN\raw\m1_nir_mwir_20260906\NIR_scattering_obs5_tar5_rng50_vis5_aerRural_humdefault_sza20\NIR_scattering_obs5_tar5_rng50_vis5_aerRural_humdefault_sza20.tp5,1048ad4b2caf9c05a6c690abfd6e1e37867c86b743b203fa08ebec5ebf08c3b0
NIR_scattering_obs5_tar5_rng50_vis5_aerRural_humdefault_sza70,RadianceWithScattering,NIR,Mid-Latitude Summer,Rural,default,5,5,5,50,70,0.70,1.10,10,10,RectangularBand,D:\HwaSimIR\HwaSim_IR\Bin\Config\Atmosphere\MODTRAN\raw\m1_nir_mwir_20260906\NIR_scattering_obs5_tar5_rng50_vis5_aerRural_humdefault_sza70\NIR_scattering_obs5_tar5_rng50_vis5_aerRural_humdefault_sza70.tp5,54e430fc32b669747f974df72193ae2f135512c6d53c3c4d589b5e1487cb73e7
NIR_scattering_obs5_tar5_rng50_vis10_aerRural_humdefault_sza20,RadianceWithScattering,NIR,Mid-Latitude Summer,Rural,default,10,5,5,50,20,0.70,1.10,10,10,RectangularBand,D:\HwaSimIR\HwaSim_IR\Bin\Config\Atmosphere\MODTRAN\raw\m1_nir_mwir_20260906\NIR_scattering_obs5_tar5_rng50_vis10_aerRural_humdefault_sza20\NIR_scattering_obs5_tar5_rng50_vis10_aerRural_humdefault_sza20.tp5,28670aa33de0e3a2cbb298926638bc33ed6143bbd07f8f59a39da086f874da8c
NIR_scattering_obs5_tar5_rng50_vis10_aerRural_humdefault_sza70,RadianceWithScattering,NIR,Mid-Latitude Summer,Rural,default,10,5,5,50,70,0.70,1.10,10,10,RectangularBand,D:\HwaSimIR\HwaSim_IR\Bin\Config\Atmosphere\MODTRAN\raw\m1_nir_mwir_20260906\NIR_scattering_obs5_tar5_rng50_vis10_aerRural_humdefault_sza70\NIR_scattering_obs5_tar5_rng50_vis10_aerRural_humdefault_sza70.tp5,2a7a1804eccd33774f7c602bd56011ea3625dec64840b0b97ddd6526ec874b2a
NIR_scattering_obs5_tar5_rng50_vis23_aerRural_humdefault_sza20,RadianceWithScattering,NIR,Mid-Latitude Summer,Rural,default,23,5,5,50,20,0.70,1.10,10,10,RectangularBand,D:\HwaSimIR\HwaSim_IR\Bin\Config\Atmosphere\MODTRAN\raw\m1_nir_mwir_20260906\NIR_scattering_obs5_tar5_rng50_vis23_aerRural_humdefault_sza20\NIR_scattering_obs5_tar5_rng50_vis23_aerRural_humdefault_sza20.tp5,d4177a83526939f78ef82f4342c56cfc4537f4f48008aabd9a2e98541d0ae615
NIR_scattering_obs5_tar5_rng50_vis23_aerRural_humdefault_sza70,RadianceWithScattering,NIR,Mid-Latitude Summer,Rural,default,23,5,5,50,70,0.70,1.10,10,10,RectangularBand,D:\HwaSimIR\HwaSim_IR\Bin\Config\Atmosphere\MODTRAN\raw\m1_nir_mwir_20260906\NIR_scattering_obs5_tar5_rng50_vis23_aerRural_humdefault_sza70\NIR_scattering_obs5_tar5_rng50_vis23_aerRural_humdefault_sza70.tp5,41ae8fe4c854c0f4250443476b195599d7e652208c8e4f1e4030a93b960cdbc8
NIR_scattering_obs5_tar5_rng50_vis50_aerRural_humdefault_sza20,RadianceWithScattering,NIR,Mid-Latitude Summer,Rural,default,50,5,5,50,20,0.70,1.10,10,10,RectangularBand,D:\HwaSimIR\HwaSim_IR\Bin\Config\Atmosphere\MODTRAN\raw\m1_nir_mwir_20260906\NIR_scattering_obs5_tar5_rng50_vis50_aerRural_humdefault_sza20\NIR_scattering_obs5_tar5_rng50_vis50_aerRural_humdefault_sza20.tp5,90fc82edea1ee74eca6fe733aea6944a408e527ed4c08cda26eacc112e144aaa
NIR_scattering_obs5_tar5_rng50_vis50_aerRural_humdefault_sza70,RadianceWithScattering,NIR,Mid-Latitude Summer,Rural,default,50,5,5,50,70,0.70,1.10,10,10,RectangularBand,D:\HwaSimIR\HwaSim_IR\Bin\Config\Atmosphere\MODTRAN\raw\m1_nir_mwir_20260906\NIR_scattering_obs5_tar5_rng50_vis50_aerRural_humdefault_sza70\NIR_scattering_obs5_tar5_rng50_vis50_aerRural_humdefault_sza70.tp5,1e5b9373fa865aaf6e4443ceff4bc19208933ae15267d97588e8b04a6fc49ee5
NIR_scattering_obs10_tar10_rng1_vis2_aerRural_humdefault_sza20,RadianceWithScattering,NIR,Mid-Latitude Summer,Rural,default,2,10,10,1,20,0.70,1.10,10,10,RectangularBand,D:\HwaSimIR\HwaSim_IR\Bin\Config\Atmosphere\MODTRAN\raw\m1_nir_mwir_20260906\NIR_scattering_obs10_tar10_rng1_vis2_aerRural_humdefault_sza20\NIR_scattering_obs10_tar10_rng1_vis2_aerRural_humdefault_sza20.tp5,25edd37a46881837e689d2fe492746969abc453fb0022a00159d4012afa6402e
NIR_scattering_obs10_tar10_rng1_vis2_aerRural_humdefault_sza70,RadianceWithScattering,NIR,Mid-Latitude Summer,Rural,default,2,10,10,1,70,0.70,1.10,10,10,RectangularBand,D:\HwaSimIR\HwaSim_IR\Bin\Config\Atmosphere\MODTRAN\raw\m1_nir_mwir_20260906\NIR_scattering_obs10_tar10_rng1_vis2_aerRural_humdefault_sza70\NIR_scattering_obs10_tar10_rng1_vis2_aerRural_humdefault_sza70.tp5,8b720b5a6d54a234f9a20c0482bcbf19a942d3cf09f67ba4ee461037cbb1cf63
NIR_scattering_obs10_tar10_rng1_vis5_aerRural_humdefault_sza20,RadianceWithScattering,NIR,Mid-Latitude Summer,Rural,default,5,10,10,1,20,0.70,1.10,10,10,RectangularBand,D:\HwaSimIR\HwaSim_IR\Bin\Config\Atmosphere\MODTRAN\raw\m1_nir_mwir_20260906\NIR_scattering_obs10_tar10_rng1_vis5_aerRural_humdefault_sza20\NIR_scattering_obs10_tar10_rng1_vis5_aerRural_humdefault_sza20.tp5,ed23f3d515ea0a057798500de4117fca8596d2c851df3f516697d8febee17604
NIR_scattering_obs10_tar10_rng1_vis5_aerRural_humdefault_sza70,RadianceWithScattering,NIR,Mid-Latitude Summer,Rural,default,5,10,10,1,70,0.70,1.10,10,10,RectangularBand,D:\HwaSimIR\HwaSim_IR\Bin\Config\Atmosphere\MODTRAN\raw\m1_nir_mwir_20260906\NIR_scattering_obs10_tar10_rng1_vis5_aerRural_humdefault_sza70\NIR_scattering_obs10_tar10_rng1_vis5_aerRural_humdefault_sza70.tp5,985396e8027663701827c8d3f1f05df54b6e1484c1434fda8bf2fa5d078ba05e
NIR_scattering_obs10_tar10_rng1_vis10_aerRural_humdefault_sza20,RadianceWithScattering,NIR,Mid-Latitude Summer,Rural,default,10,10,10,1,20,0.70,1.10,10,10,RectangularBand,D:\HwaSimIR\HwaSim_IR\Bin\Config\Atmosphere\MODTRAN\raw\m1_nir_mwir_20260906\NIR_scattering_obs10_tar10_rng1_vis10_aerRural_humdefault_sza20\NIR_scattering_obs10_tar10_rng1_vis10_aerRural_humdefault_sza20.tp5,6d6b2696a6613b38516284730f5e9aa130c06903b4ce29e7919c101e5c5bc122
NIR_scattering_obs10_tar10_rng1_vis10_aerRural_humdefault_sza70,RadianceWithScattering,NIR,Mid-Latitude Summer,Rural,default,10,10,10,1,70,0.70,1.10,10,10,RectangularBand,D:\HwaSimIR\HwaSim_IR\Bin\Config\Atmosphere\MODTRAN\raw\m1_nir_mwir_20260906\NIR_scattering_obs10_tar10_rng1_vis10_aerRural_humdefault_sza70\NIR_scattering_obs10_tar10_rng1_vis10_aerRural_humdefault_sza70.tp5,65f1e29ca35b066b4235697fa37e2f1c0fed4677cbf800e39e9bcbea3952dba1
NIR_scattering_obs10_tar10_rng1_vis23_aerRural_humdefault_sza20,RadianceWithScattering,NIR,Mid-Latitude Summer,Rural,default,23,10,10,1,20,0.70,1.10,10,10,RectangularBand,D:\HwaSimIR\HwaSim_IR\Bin\Config\Atmosphere\MODTRAN\raw\m1_nir_mwir_20260906\NIR_scattering_obs10_tar10_rng1_vis23_aerRural_humdefault_sza20\NIR_scattering_obs10_tar10_rng1_vis23_aerRural_humdefault_sza20.tp5,fade1959db602feb18ef4f6952f73f2c3866948783040674c2202e8e2ce250b3
NIR_scattering_obs10_tar10_rng1_vis23_aerRural_humdefault_sza70,RadianceWithScattering,NIR,Mid-Latitude Summer,Rural,default,23,10,10,1,70,0.70,1.10,10,10,RectangularBand,D:\HwaSimIR\HwaSim_IR\Bin\Config\Atmosphere\MODTRAN\raw\m1_nir_mwir_20260906\NIR_scattering_obs10_tar10_rng1_vis23_aerRural_humdefault_sza70\NIR_scattering_obs10_tar10_rng1_vis23_aerRural_humdefault_sza70.tp5,3ddda09868afc64ec0668a926fc7b35a148f422556ba50120e5cbfbcbd028314
NIR_scattering_obs10_tar10_rng1_vis50_aerRural_humdefault_sza20,RadianceWithScattering,NIR,Mid-Latitude Summer,Rural,default,50,10,10,1,20,0.70,1.10,10,10,RectangularBand,D:\HwaSimIR\HwaSim_IR\Bin\Config\Atmosphere\MODTRAN\raw\m1_nir_mwir_20260906\NIR_scattering_obs10_tar10_rng1_vis50_aerRural_humdefault_sza20\NIR_scattering_obs10_tar10_rng1_vis50_aerRural_humdefault_sza20.tp5,005b0e60105ca99508b3f9dca7bcc2344606251ade86241457ea3d6dc5cc8ab8
NIR_scattering_obs10_tar10_rng1_vis50_aerRural_humdefault_sza70,RadianceWithScattering,NIR,Mid-Latitude Summer,Rural,default,50,10,10,1,70,0.70,1.10,10,10,RectangularBand,D:\HwaSimIR\HwaSim_IR\Bin\Config\Atmosphere\MODTRAN\raw\m1_nir_mwir_20260906\NIR_scattering_obs10_tar10_rng1_vis50_aerRural_humdefault_sza70\NIR_scattering_obs10_tar10_rng1_vis50_aerRural_humdefault_sza70.tp5,72a51d339e16145362ae3fe6c63a44ba519d61b0e384135fe195b961433b9ff6
NIR_scattering_obs10_tar10_rng2_vis2_aerRural_humdefault_sza20,RadianceWithScattering,NIR,Mid-Latitude Summer,Rural,default,2,10,10,2,20,0.70,1.10,10,10,RectangularBand,D:\HwaSimIR\HwaSim_IR\Bin\Config\Atmosphere\MODTRAN\raw\m1_nir_mwir_20260906\NIR_scattering_obs10_tar10_rng2_vis2_aerRural_humdefault_sza20\NIR_scattering_obs10_tar10_rng2_vis2_aerRural_humdefault_sza20.tp5,8329c63229a62d5b37879b89d70890078a1574bb933e3262ea7f21ecaa31d35a
NIR_scattering_obs10_tar10_rng2_vis2_aerRural_humdefault_sza70,RadianceWithScattering,NIR,Mid-Latitude Summer,Rural,default,2,10,10,2,70,0.70,1.10,10,10,RectangularBand,D:\HwaSimIR\HwaSim_IR\Bin\Config\Atmosphere\MODTRAN\raw\m1_nir_mwir_20260906\NIR_scattering_obs10_tar10_rng2_vis2_aerRural_humdefault_sza70\NIR_scattering_obs10_tar10_rng2_vis2_aerRural_humdefault_sza70.tp5,9d6e0f91d559e84716955d94508688daecab5090d7db9dffe05a3c884db858d9
NIR_scattering_obs10_tar10_rng2_vis5_aerRural_humdefault_sza20,RadianceWithScattering,NIR,Mid-Latitude Summer,Rural,default,5,10,10,2,20,0.70,1.10,10,10,RectangularBand,D:\HwaSimIR\HwaSim_IR\Bin\Config\Atmosphere\MODTRAN\raw\m1_nir_mwir_20260906\NIR_scattering_obs10_tar10_rng2_vis5_aerRural_humdefault_sza20\NIR_scattering_obs10_tar10_rng2_vis5_aerRural_humdefault_sza20.tp5,a5ec71b9b5ec1be3ee4d4d83ef2c6728a4f8bfade81fd1aef54204a957d00523
NIR_scattering_obs10_tar10_rng2_vis5_aerRural_humdefault_sza70,RadianceWithScattering,NIR,Mid-Latitude Summer,Rural,default,5,10,10,2,70,0.70,1.10,10,10,RectangularBand,D:\HwaSimIR\HwaSim_IR\Bin\Config\Atmosphere\MODTRAN\raw\m1_nir_mwir_20260906\NIR_scattering_obs10_tar10_rng2_vis5_aerRural_humdefault_sza70\NIR_scattering_obs10_tar10_rng2_vis5_aerRural_humdefault_sza70.tp5,0cbe3baef923e10a3c466d259570cf7bf1a4aa28f81137aa32973a35219e6182
NIR_scattering_obs10_tar10_rng2_vis10_aerRural_humdefault_sza20,RadianceWithScattering,NIR,Mid-Latitude Summer,Rural,default,10,10,10,2,20,0.70,1.10,10,10,RectangularBand,D:\HwaSimIR\HwaSim_IR\Bin\Config\Atmosphere\MODTRAN\raw\m1_nir_mwir_20260906\NIR_scattering_obs10_tar10_rng2_vis10_aerRural_humdefault_sza20\NIR_scattering_obs10_tar10_rng2_vis10_aerRural_humdefault_sza20.tp5,7be3ced238cb9d8573185dbde998050c2ff6e6e2a09e400d32170f28ab512b69
NIR_scattering_obs10_tar10_rng2_vis10_aerRural_humdefault_sza70,RadianceWithScattering,NIR,Mid-Latitude Summer,Rural,default,10,10,10,2,70,0.70,1.10,10,10,RectangularBand,D:\HwaSimIR\HwaSim_IR\Bin\Config\Atmosphere\MODTRAN\raw\m1_nir_mwir_20260906\NIR_scattering_obs10_tar10_rng2_vis10_aerRural_humdefault_sza70\NIR_scattering_obs10_tar10_rng2_vis10_aerRural_humdefault_sza70.tp5,6b2cbbe4d78b1cc9e7c51e55567e56fcf4c0ca38ed6f06805379e9e7b298fdb7
NIR_scattering_obs10_tar10_rng2_vis23_aerRural_humdefault_sza20,RadianceWithScattering,NIR,Mid-Latitude Summer,Rural,default,23,10,10,2,20,0.70,1.10,10,10,RectangularBand,D:\HwaSimIR\HwaSim_IR\Bin\Config\Atmosphere\MODTRAN\raw\m1_nir_mwir_20260906\NIR_scattering_obs10_tar10_rng2_vis23_aerRural_humdefault_sza20\NIR_scattering_obs10_tar10_rng2_vis23_aerRural_humdefault_sza20.tp5,818dc8298c18b9eff2ca9e5d45d726be2f77fa1bfd8e7ed4f1f157db43035eac
NIR_scattering_obs10_tar10_rng2_vis23_aerRural_humdefault_sza70,RadianceWithScattering,NIR,Mid-Latitude Summer,Rural,default,23,10,10,2,70,0.70,1.10,10,10,RectangularBand,D:\HwaSimIR\HwaSim_IR\Bin\Config\Atmosphere\MODTRAN\raw\m1_nir_mwir_20260906\NIR_scattering_obs10_tar10_rng2_vis23_aerRural_humdefault_sza70\NIR_scattering_obs10_tar10_rng2_vis23_aerRural_humdefault_sza70.tp5,e82ab5c72b833795c706f2db53022597f4850398de95773151be5155210716ac
NIR_scattering_obs10_tar10_rng2_vis50_aerRural_humdefault_sza20,RadianceWithScattering,NIR,Mid-Latitude Summer,Rural,default,50,10,10,2,20,0.70,1.10,10,10,RectangularBand,D:\HwaSimIR\HwaSim_IR\Bin\Config\Atmosphere\MODTRAN\raw\m1_nir_mwir_20260906\NIR_scattering_obs10_tar10_rng2_vis50_aerRural_humdefault_sza20\NIR_scattering_obs10_tar10_rng2_vis50_aerRural_humdefault_sza20.tp5,0907d18a51786ab81aa7cc837fd1cf7fb8030fbeef5c7bcf5371dd838cbc4368
NIR_scattering_obs10_tar10_rng2_vis50_aerRural_humdefault_sza70,RadianceWithScattering,NIR,Mid-Latitude Summer,Rural,default,50,10,10,2,70,0.70,1.10,10,10,RectangularBand,D:\HwaSimIR\HwaSim_IR\Bin\Config\Atmosphere\MODTRAN\raw\m1_nir_mwir_20260906\NIR_scattering_obs10_tar10_rng2_vis50_aerRural_humdefault_sza70\NIR_scattering_obs10_tar10_rng2_vis50_aerRural_humdefault_sza70.tp5,df09e96ff7ec223523a639b93071b5083d28886624aeb66a737e883b2cf4d04e
NIR_scattering_obs10_tar10_rng5_vis2_aerRural_humdefault_sza20,RadianceWithScattering,NIR,Mid-Latitude Summer,Rural,default,2,10,10,5,20,0.70,1.10,10,10,RectangularBand,D:\HwaSimIR\HwaSim_IR\Bin\Config\Atmosphere\MODTRAN\raw\m1_nir_mwir_20260906\NIR_scattering_obs10_tar10_rng5_vis2_aerRural_humdefault_sza20\NIR_scattering_obs10_tar10_rng5_vis2_aerRural_humdefault_sza20.tp5,0d4c93247bcbd1577f332eac89eec8f41a4e23fdb6dcdcbf0a6019338a300033
NIR_scattering_obs10_tar10_rng5_vis2_aerRural_humdefault_sza70,RadianceWithScattering,NIR,Mid-Latitude Summer,Rural,default,2,10,10,5,70,0.70,1.10,10,10,RectangularBand,D:\HwaSimIR\HwaSim_IR\Bin\Config\Atmosphere\MODTRAN\raw\m1_nir_mwir_20260906\NIR_scattering_obs10_tar10_rng5_vis2_aerRural_humdefault_sza70\NIR_scattering_obs10_tar10_rng5_vis2_aerRural_humdefault_sza70.tp5,db49be106926ab7b500775d27bc2607da4f1498ccea872f5b2957b18f1e16d7a
NIR_scattering_obs10_tar10_rng5_vis5_aerRural_humdefault_sza20,RadianceWithScattering,NIR,Mid-Latitude Summer,Rural,default,5,10,10,5,20,0.70,1.10,10,10,RectangularBand,D:\HwaSimIR\HwaSim_IR\Bin\Config\Atmosphere\MODTRAN\raw\m1_nir_mwir_20260906\NIR_scattering_obs10_tar10_rng5_vis5_aerRural_humdefault_sza20\NIR_scattering_obs10_tar10_rng5_vis5_aerRural_humdefault_sza20.tp5,4496395dd0116d28b0e4855d745e9b75e212fa6b4e9c0d774b0fda3ae094c979
NIR_scattering_obs10_tar10_rng5_vis5_aerRural_humdefault_sza70,RadianceWithScattering,NIR,Mid-Latitude Summer,Rural,default,5,10,10,5,70,0.70,1.10,10,10,RectangularBand,D:\HwaSimIR\HwaSim_IR\Bin\Config\Atmosphere\MODTRAN\raw\m1_nir_mwir_20260906\NIR_scattering_obs10_tar10_rng5_vis5_aerRural_humdefault_sza70\NIR_scattering_obs10_tar10_rng5_vis5_aerRural_humdefault_sza70.tp5,8268b9a2b5818095e807efa505f1086c428c9f4d9e5170d3587ece20c07139ff
NIR_scattering_obs10_tar10_rng5_vis10_aerRural_humdefault_sza20,RadianceWithScattering,NIR,Mid-Latitude Summer,Rural,default,10,10,10,5,20,0.70,1.10,10,10,RectangularBand,D:\HwaSimIR\HwaSim_IR\Bin\Config\Atmosphere\MODTRAN\raw\m1_nir_mwir_20260906\NIR_scattering_obs10_tar10_rng5_vis10_aerRural_humdefault_sza20\NIR_scattering_obs10_tar10_rng5_vis10_aerRural_humdefault_sza20.tp5,524e6d998f9f7d951e70d28891ab810bb6d63be1a3283fd580f2f793624f512d
NIR_scattering_obs10_tar10_rng5_vis10_aerRural_humdefault_sza70,RadianceWithScattering,NIR,Mid-Latitude Summer,Rural,default,10,10,10,5,70,0.70,1.10,10,10,RectangularBand,D:\HwaSimIR\HwaSim_IR\Bin\Config\Atmosphere\MODTRAN\raw\m1_nir_mwir_20260906\NIR_scattering_obs10_tar10_rng5_vis10_aerRural_humdefault_sza70\NIR_scattering_obs10_tar10_rng5_vis10_aerRural_humdefault_sza70.tp5,a2d52d933b79a73c15191b405fde42068be5ccefaf5815978f14021b5c3b778a
NIR_scattering_obs10_tar10_rng5_vis23_aerRural_humdefault_sza20,RadianceWithScattering,NIR,Mid-Latitude Summer,Rural,default,23,10,10,5,20,0.70,1.10,10,10,RectangularBand,D:\HwaSimIR\HwaSim_IR\Bin\Config\Atmosphere\MODTRAN\raw\m1_nir_mwir_20260906\NIR_scattering_obs10_tar10_rng5_vis23_aerRural_humdefault_sza20\NIR_scattering_obs10_tar10_rng5_vis23_aerRural_humdefault_sza20.tp5,0e9562119d551f7138478c11330b2b7334d98ad089b970978bfd5804389b7245
NIR_scattering_obs10_tar10_rng5_vis23_aerRural_humdefault_sza70,RadianceWithScattering,NIR,Mid-Latitude Summer,Rural,default,23,10,10,5,70,0.70,1.10,10,10,RectangularBand,D:\HwaSimIR\HwaSim_IR\Bin\Config\Atmosphere\MODTRAN\raw\m1_nir_mwir_20260906\NIR_scattering_obs10_tar10_rng5_vis23_aerRural_humdefault_sza70\NIR_scattering_obs10_tar10_rng5_vis23_aerRural_humdefault_sza70.tp5,c39bad6175e846633323f780650ed6a347ae6eaec14ac913bc59f6c89d849de2
NIR_scattering_obs10_tar10_rng5_vis50_aerRural_humdefault_sza20,RadianceWithScattering,NIR,Mid-Latitude Summer,Rural,default,50,10,10,5,20,0.70,1.10,10,10,RectangularBand,D:\HwaSimIR\HwaSim_IR\Bin\Config\Atmosphere\MODTRAN\raw\m1_nir_mwir_20260906\NIR_scattering_obs10_tar10_rng5_vis50_aerRural_humdefault_sza20\NIR_scattering_obs10_tar10_rng5_vis50_aerRural_humdefault_sza20.tp5,48a9be324ad3ea5ec9c10813b761f6e8853a71a814b3a5a1c43f0efafada45c9
NIR_scattering_obs10_tar10_rng5_vis50_aerRural_humdefault_sza70,RadianceWithScattering,NIR,Mid-Latitude Summer,Rural,default,50,10,10,5,70,0.70,1.10,10,10,RectangularBand,D:\HwaSimIR\HwaSim_IR\Bin\Config\Atmosphere\MODTRAN\raw\m1_nir_mwir_20260906\NIR_scattering_obs10_tar10_rng5_vis50_aerRural_humdefault_sza70\NIR_scattering_obs10_tar10_rng5_vis50_aerRural_humdefault_sza70.tp5,8c37312846f0cf32c86c9b6ae3a2865d7128215f159260c902237279946aba65
NIR_scattering_obs10_tar10_rng10_vis2_aerRural_humdefault_sza20,RadianceWithScattering,NIR,Mid-Latitude Summer,Rural,default,2,10,10,10,20,0.70,1.10,10,10,RectangularBand,D:\HwaSimIR\HwaSim_IR\Bin\Config\Atmosphere\MODTRAN\raw\m1_nir_mwir_20260906\NIR_scattering_obs10_tar10_rng10_vis2_aerRural_humdefault_sza20\NIR_scattering_obs10_tar10_rng10_vis2_aerRural_humdefault_sza20.tp5,ab1b5f1f1ff0f80c0e38d21af3b839217bc3cdc0831bcdbc7c0725ec0c6372e8
NIR_scattering_obs10_tar10_rng10_vis2_aerRural_humdefault_sza70,RadianceWithScattering,NIR,Mid-Latitude Summer,Rural,default,2,10,10,10,70,0.70,1.10,10,10,RectangularBand,D:\HwaSimIR\HwaSim_IR\Bin\Config\Atmosphere\MODTRAN\raw\m1_nir_mwir_20260906\NIR_scattering_obs10_tar10_rng10_vis2_aerRural_humdefault_sza70\NIR_scattering_obs10_tar10_rng10_vis2_aerRural_humdefault_sza70.tp5,e588b500e1fc9cf2a5c22e61214db03427365dc5e8fdaa8fc2e51dcb002b6c9e
NIR_scattering_obs10_tar10_rng10_vis5_aerRural_humdefault_sza20,RadianceWithScattering,NIR,Mid-Latitude Summer,Rural,default,5,10,10,10,20,0.70,1.10,10,10,RectangularBand,D:\HwaSimIR\HwaSim_IR\Bin\Config\Atmosphere\MODTRAN\raw\m1_nir_mwir_20260906\NIR_scattering_obs10_tar10_rng10_vis5_aerRural_humdefault_sza20\NIR_scattering_obs10_tar10_rng10_vis5_aerRural_humdefault_sza20.tp5,fec88771175974397c9a338cda9b4e899d61d834d44b3fbcc3fc4be54f1ca894
NIR_scattering_obs10_tar10_rng10_vis5_aerRural_humdefault_sza70,RadianceWithScattering,NIR,Mid-Latitude Summer,Rural,default,5,10,10,10,70,0.70,1.10,10,10,RectangularBand,D:\HwaSimIR\HwaSim_IR\Bin\Config\Atmosphere\MODTRAN\raw\m1_nir_mwir_20260906\NIR_scattering_obs10_tar10_rng10_vis5_aerRural_humdefault_sza70\NIR_scattering_obs10_tar10_rng10_vis5_aerRural_humdefault_sza70.tp5,8baeaa2086943fc90404f773a0f2438d4a38b0efcbc3f532206e24043aab5003
NIR_scattering_obs10_tar10_rng10_vis10_aerRural_humdefault_sza20,RadianceWithScattering,NIR,Mid-Latitude Summer,Rural,default,10,10,10,10,20,0.70,1.10,10,10,RectangularBand,D:\HwaSimIR\HwaSim_IR\Bin\Config\Atmosphere\MODTRAN\raw\m1_nir_mwir_20260906\NIR_scattering_obs10_tar10_rng10_vis10_aerRural_humdefault_sza20\NIR_scattering_obs10_tar10_rng10_vis10_aerRural_humdefault_sza20.tp5,b1c37cb22acedf96ce97c82714221b03771e8e79968f14f0f2ca3ae3469514fe
NIR_scattering_obs10_tar10_rng10_vis10_aerRural_humdefault_sza70,RadianceWithScattering,NIR,Mid-Latitude Summer,Rural,default,10,10,10,10,70,0.70,1.10,10,10,RectangularBand,D:\HwaSimIR\HwaSim_IR\Bin\Config\Atmosphere\MODTRAN\raw\m1_nir_mwir_20260906\NIR_scattering_obs10_tar10_rng10_vis10_aerRural_humdefault_sza70\NIR_scattering_obs10_tar10_rng10_vis10_aerRural_humdefault_sza70.tp5,a5bb574978c12da4087133056494798ec8e124817bc6c1cbbfabb47918e12b34
NIR_scattering_obs10_tar10_rng10_vis23_aerRural_humdefault_sza20,RadianceWithScattering,NIR,Mid-Latitude Summer,Rural,default,23,10,10,10,20,0.70,1.10,10,10,RectangularBand,D:\HwaSimIR\HwaSim_IR\Bin\Config\Atmosphere\MODTRAN\raw\m1_nir_mwir_20260906\NIR_scattering_obs10_tar10_rng10_vis23_aerRural_humdefault_sza20\NIR_scattering_obs10_tar10_rng10_vis23_aerRural_humdefault_sza20.tp5,33fd2e669ba12687457eab2aef73c673102aa5f09e7054f95dc5709e35ce5b35
NIR_scattering_obs10_tar10_rng10_vis23_aerRural_humdefault_sza70,RadianceWithScattering,NIR,Mid-Latitude Summer,Rural,default,23,10,10,10,70,0.70,1.10,10,10,RectangularBand,D:\HwaSimIR\HwaSim_IR\Bin\Config\Atmosphere\MODTRAN\raw\m1_nir_mwir_20260906\NIR_scattering_obs10_tar10_rng10_vis23_aerRural_humdefault_sza70\NIR_scattering_obs10_tar10_rng10_vis23_aerRural_humdefault_sza70.tp5,8a7b2054456e58040b94c9a1dc80987a9510d3e28e56301e04fe870b6397231a
NIR_scattering_obs10_tar10_rng10_vis50_aerRural_humdefault_sza20,RadianceWithScattering,NIR,Mid-Latitude Summer,Rural,default,50,10,10,10,20,0.70,1.10,10,10,RectangularBand,D:\HwaSimIR\HwaSim_IR\Bin\Config\Atmosphere\MODTRAN\raw\m1_nir_mwir_20260906\NIR_scattering_obs10_tar10_rng10_vis50_aerRural_humdefault_sza20\NIR_scattering_obs10_tar10_rng10_vis50_aerRural_humdefault_sza20.tp5,57b35f5a45ba217f013031521428f029fc2496de04476b715cf8cdb7709d4ec4
NIR_scattering_obs10_tar10_rng10_vis50_aerRural_humdefault_sza70,RadianceWithScattering,NIR,Mid-Latitude Summer,Rural,default,50,10,10,10,70,0.70,1.10,10,10,RectangularBand,D:\HwaSimIR\HwaSim_IR\Bin\Config\Atmosphere\MODTRAN\raw\m1_nir_mwir_20260906\NIR_scattering_obs10_tar10_rng10_vis50_aerRural_humdefault_sza70\NIR_scattering_obs10_tar10_rng10_vis50_aerRural_humdefault_sza70.tp5,21e8234e29a8878f1be718f9638e1e53321bdad0ed8c1930e923daf063b43c4a
NIR_scattering_obs10_tar10_rng20_vis2_aerRural_humdefault_sza20,RadianceWithScattering,NIR,Mid-Latitude Summer,Rural,default,2,10,10,20,20,0.70,1.10,10,10,RectangularBand,D:\HwaSimIR\HwaSim_IR\Bin\Config\Atmosphere\MODTRAN\raw\m1_nir_mwir_20260906\NIR_scattering_obs10_tar10_rng20_vis2_aerRural_humdefault_sza20\NIR_scattering_obs10_tar10_rng20_vis2_aerRural_humdefault_sza20.tp5,179cf040e868b21b772de2c663a3d251e6afc7f28ea68b90cd91a85903ccd731
NIR_scattering_obs10_tar10_rng20_vis2_aerRural_humdefault_sza70,RadianceWithScattering,NIR,Mid-Latitude Summer,Rural,default,2,10,10,20,70,0.70,1.10,10,10,RectangularBand,D:\HwaSimIR\HwaSim_IR\Bin\Config\Atmosphere\MODTRAN\raw\m1_nir_mwir_20260906\NIR_scattering_obs10_tar10_rng20_vis2_aerRural_humdefault_sza70\NIR_scattering_obs10_tar10_rng20_vis2_aerRural_humdefault_sza70.tp5,2d9a81017e15344f9ce21ac87198dcb936ddd41c09d31285d9c0e1bf73b03155
NIR_scattering_obs10_tar10_rng20_vis5_aerRural_humdefault_sza20,RadianceWithScattering,NIR,Mid-Latitude Summer,Rural,default,5,10,10,20,20,0.70,1.10,10,10,RectangularBand,D:\HwaSimIR\HwaSim_IR\Bin\Config\Atmosphere\MODTRAN\raw\m1_nir_mwir_20260906\NIR_scattering_obs10_tar10_rng20_vis5_aerRural_humdefault_sza20\NIR_scattering_obs10_tar10_rng20_vis5_aerRural_humdefault_sza20.tp5,3720fb071a3a60a8bef595df6612a47b70ff14cc326089d16c5779080caaa901
NIR_scattering_obs10_tar10_rng20_vis5_aerRural_humdefault_sza70,RadianceWithScattering,NIR,Mid-Latitude Summer,Rural,default,5,10,10,20,70,0.70,1.10,10,10,RectangularBand,D:\HwaSimIR\HwaSim_IR\Bin\Config\Atmosphere\MODTRAN\raw\m1_nir_mwir_20260906\NIR_scattering_obs10_tar10_rng20_vis5_aerRural_humdefault_sza70\NIR_scattering_obs10_tar10_rng20_vis5_aerRural_humdefault_sza70.tp5,81bc5fc3abcd87dfd87ab7db57aa14388d60613b1f41b120c05cd89488d073e4
NIR_scattering_obs10_tar10_rng20_vis10_aerRural_humdefault_sza20,RadianceWithScattering,NIR,Mid-Latitude Summer,Rural,default,10,10,10,20,20,0.70,1.10,10,10,RectangularBand,D:\HwaSimIR\HwaSim_IR\Bin\Config\Atmosphere\MODTRAN\raw\m1_nir_mwir_20260906\NIR_scattering_obs10_tar10_rng20_vis10_aerRural_humdefault_sza20\NIR_scattering_obs10_tar10_rng20_vis10_aerRural_humdefault_sza20.tp5,5981bcd5a361b8ffc121ee3dcc81462b91e11fde0f72f17464a96f1e11ca2ee5
NIR_scattering_obs10_tar10_rng20_vis10_aerRural_humdefault_sza70,RadianceWithScattering,NIR,Mid-Latitude Summer,Rural,default,10,10,10,20,70,0.70,1.10,10,10,RectangularBand,D:\HwaSimIR\HwaSim_IR\Bin\Config\Atmosphere\MODTRAN\raw\m1_nir_mwir_20260906\NIR_scattering_obs10_tar10_rng20_vis10_aerRural_humdefault_sza70\NIR_scattering_obs10_tar10_rng20_vis10_aerRural_humdefault_sza70.tp5,c049403aab17eaaf08d7c747668efbfe4fac88e9d87d9959b5c631440e985e72
NIR_scattering_obs10_tar10_rng20_vis23_aerRural_humdefault_sza20,RadianceWithScattering,NIR,Mid-Latitude Summer,Rural,default,23,10,10,20,20,0.70,1.10,10,10,RectangularBand,D:\HwaSimIR\HwaSim_IR\Bin\Config\Atmosphere\MODTRAN\raw\m1_nir_mwir_20260906\NIR_scattering_obs10_tar10_rng20_vis23_aerRural_humdefault_sza20\NIR_scattering_obs10_tar10_rng20_vis23_aerRural_humdefault_sza20.tp5,62fb722e18b95c63fec478356d83ef9223f7c068baad4a8881d5ce8781e79a0b
NIR_scattering_obs10_tar10_rng20_vis23_aerRural_humdefault_sza70,RadianceWithScattering,NIR,Mid-Latitude Summer,Rural,default,23,10,10,20,70,0.70,1.10,10,10,RectangularBand,D:\HwaSimIR\HwaSim_IR\Bin\Config\Atmosphere\MODTRAN\raw\m1_nir_mwir_20260906\NIR_scattering_obs10_tar10_rng20_vis23_aerRural_humdefault_sza70\NIR_scattering_obs10_tar10_rng20_vis23_aerRural_humdefault_sza70.tp5,28a215b172115349c832d9b43f99f7e7b880cf234dde951d4378e087c76ff438
NIR_scattering_obs10_tar10_rng20_vis50_aerRural_humdefault_sza20,RadianceWithScattering,NIR,Mid-Latitude Summer,Rural,default,50,10,10,20,20,0.70,1.10,10,10,RectangularBand,D:\HwaSimIR\HwaSim_IR\Bin\Config\Atmosphere\MODTRAN\raw\m1_nir_mwir_20260906\NIR_scattering_obs10_tar10_rng20_vis50_aerRural_humdefault_sza20\NIR_scattering_obs10_tar10_rng20_vis50_aerRural_humdefault_sza20.tp5,d4b4b10e77679b3321a5634d9ab4639a1373f0affcd77213d9b870360d6fd18f
NIR_scattering_obs10_tar10_rng20_vis50_aerRural_humdefault_sza70,RadianceWithScattering,NIR,Mid-Latitude Summer,Rural,default,50,10,10,20,70,0.70,1.10,10,10,RectangularBand,D:\HwaSimIR\HwaSim_IR\Bin\Config\Atmosphere\MODTRAN\raw\m1_nir_mwir_20260906\NIR_scattering_obs10_tar10_rng20_vis50_aerRural_humdefault_sza70\NIR_scattering_obs10_tar10_rng20_vis50_aerRural_humdefault_sza70.tp5,5e8fd3c5760f09d12c749f39cb717dcc8c85ed057e0eeb2c1d18adbbda3201ce
NIR_scattering_obs10_tar10_rng35_vis2_aerRural_humdefault_sza20,RadianceWithScattering,NIR,Mid-Latitude Summer,Rural,default,2,10,10,35,20,0.70,1.10,10,10,RectangularBand,D:\HwaSimIR\HwaSim_IR\Bin\Config\Atmosphere\MODTRAN\raw\m1_nir_mwir_20260906\NIR_scattering_obs10_tar10_rng35_vis2_aerRural_humdefault_sza20\NIR_scattering_obs10_tar10_rng35_vis2_aerRural_humdefault_sza20.tp5,bbe458ef326eda6a296af625dc7198880dd7d5dfa9b329f274e3666bc7561298
NIR_scattering_obs10_tar10_rng35_vis2_aerRural_humdefault_sza70,RadianceWithScattering,NIR,Mid-Latitude Summer,Rural,default,2,10,10,35,70,0.70,1.10,10,10,RectangularBand,D:\HwaSimIR\HwaSim_IR\Bin\Config\Atmosphere\MODTRAN\raw\m1_nir_mwir_20260906\NIR_scattering_obs10_tar10_rng35_vis2_aerRural_humdefault_sza70\NIR_scattering_obs10_tar10_rng35_vis2_aerRural_humdefault_sza70.tp5,7744442c81489db324ecc812b40ead27875fa47ba2e84c44f5f08607932d17bb
NIR_scattering_obs10_tar10_rng35_vis5_aerRural_humdefault_sza20,RadianceWithScattering,NIR,Mid-Latitude Summer,Rural,default,5,10,10,35,20,0.70,1.10,10,10,RectangularBand,D:\HwaSimIR\HwaSim_IR\Bin\Config\Atmosphere\MODTRAN\raw\m1_nir_mwir_20260906\NIR_scattering_obs10_tar10_rng35_vis5_aerRural_humdefault_sza20\NIR_scattering_obs10_tar10_rng35_vis5_aerRural_humdefault_sza20.tp5,392aa8cb27dc56afc7f33f1f67b9eb8a688fd4abae5e934e7329dec58e329a81
NIR_scattering_obs10_tar10_rng35_vis5_aerRural_humdefault_sza70,RadianceWithScattering,NIR,Mid-Latitude Summer,Rural,default,5,10,10,35,70,0.70,1.10,10,10,RectangularBand,D:\HwaSimIR\HwaSim_IR\Bin\Config\Atmosphere\MODTRAN\raw\m1_nir_mwir_20260906\NIR_scattering_obs10_tar10_rng35_vis5_aerRural_humdefault_sza70\NIR_scattering_obs10_tar10_rng35_vis5_aerRural_humdefault_sza70.tp5,fa1589259204d6ba40962446426df5d4b9da55a1f49a06aaac716bd79e227d00
NIR_scattering_obs10_tar10_rng35_vis10_aerRural_humdefault_sza20,RadianceWithScattering,NIR,Mid-Latitude Summer,Rural,default,10,10,10,35,20,0.70,1.10,10,10,RectangularBand,D:\HwaSimIR\HwaSim_IR\Bin\Config\Atmosphere\MODTRAN\raw\m1_nir_mwir_20260906\NIR_scattering_obs10_tar10_rng35_vis10_aerRural_humdefault_sza20\NIR_scattering_obs10_tar10_rng35_vis10_aerRural_humdefault_sza20.tp5,7ab1402d0b6df6e4af8f87b934f043adb46d3c5554d15f5c829d14222736e4ff
NIR_scattering_obs10_tar10_rng35_vis10_aerRural_humdefault_sza70,RadianceWithScattering,NIR,Mid-Latitude Summer,Rural,default,10,10,10,35,70,0.70,1.10,10,10,RectangularBand,D:\HwaSimIR\HwaSim_IR\Bin\Config\Atmosphere\MODTRAN\raw\m1_nir_mwir_20260906\NIR_scattering_obs10_tar10_rng35_vis10_aerRural_humdefault_sza70\NIR_scattering_obs10_tar10_rng35_vis10_aerRural_humdefault_sza70.tp5,409e76b9a743d8d1307f2be5d3e75493f102a68e9237bdf6835628bacc411eb3
NIR_scattering_obs10_tar10_rng35_vis23_aerRural_humdefault_sza20,RadianceWithScattering,NIR,Mid-Latitude Summer,Rural,default,23,10,10,35,20,0.70,1.10,10,10,RectangularBand,D:\HwaSimIR\HwaSim_IR\Bin\Config\Atmosphere\MODTRAN\raw\m1_nir_mwir_20260906\NIR_scattering_obs10_tar10_rng35_vis23_aerRural_humdefault_sza20\NIR_scattering_obs10_tar10_rng35_vis23_aerRural_humdefault_sza20.tp5,a98d080be03d5f6c229dd634527d67ae5d47142a994eed6bc25fbb85dde8448e
NIR_scattering_obs10_tar10_rng35_vis23_aerRural_humdefault_sza70,RadianceWithScattering,NIR,Mid-Latitude Summer,Rural,default,23,10,10,35,70,0.70,1.10,10,10,RectangularBand,D:\HwaSimIR\HwaSim_IR\Bin\Config\Atmosphere\MODTRAN\raw\m1_nir_mwir_20260906\NIR_scattering_obs10_tar10_rng35_vis23_aerRural_humdefault_sza70\NIR_scattering_obs10_tar10_rng35_vis23_aerRural_humdefault_sza70.tp5,0525796d8d6fa55cd281e20d4e3374ca00f03e5bd44a4fcbc862dc90f9705418
NIR_scattering_obs10_tar10_rng35_vis50_aerRural_humdefault_sza20,RadianceWithScattering,NIR,Mid-Latitude Summer,Rural,default,50,10,10,35,20,0.70,1.10,10,10,RectangularBand,D:\HwaSimIR\HwaSim_IR\Bin\Config\Atmosphere\MODTRAN\raw\m1_nir_mwir_20260906\NIR_scattering_obs10_tar10_rng35_vis50_aerRural_humdefault_sza20\NIR_scattering_obs10_tar10_rng35_vis50_aerRural_humdefault_sza20.tp5,ef25af880755c256486e92752273502bc999960b54427c0a18624341364196c0
NIR_scattering_obs10_tar10_rng35_vis50_aerRural_humdefault_sza70,RadianceWithScattering,NIR,Mid-Latitude Summer,Rural,default,50,10,10,35,70,0.70,1.10,10,10,RectangularBand,D:\HwaSimIR\HwaSim_IR\Bin\Config\Atmosphere\MODTRAN\raw\m1_nir_mwir_20260906\NIR_scattering_obs10_tar10_rng35_vis50_aerRural_humdefault_sza70\NIR_scattering_obs10_tar10_rng35_vis50_aerRural_humdefault_sza70.tp5,11b2eb8808e0e6e4284c2dd068c3ea805ba0acb93268f6148f5f398d179c124c
NIR_scattering_obs10_tar10_rng50_vis2_aerRural_humdefault_sza20,RadianceWithScattering,NIR,Mid-Latitude Summer,Rural,default,2,10,10,50,20,0.70,1.10,10,10,RectangularBand,D:\HwaSimIR\HwaSim_IR\Bin\Config\Atmosphere\MODTRAN\raw\m1_nir_mwir_20260906\NIR_scattering_obs10_tar10_rng50_vis2_aerRural_humdefault_sza20\NIR_scattering_obs10_tar10_rng50_vis2_aerRural_humdefault_sza20.tp5,f7b5a98b205b0aa408dabc87aaac70c20f0012057846567550e2db423a531e8e
NIR_scattering_obs10_tar10_rng50_vis2_aerRural_humdefault_sza70,RadianceWithScattering,NIR,Mid-Latitude Summer,Rural,default,2,10,10,50,70,0.70,1.10,10,10,RectangularBand,D:\HwaSimIR\HwaSim_IR\Bin\Config\Atmosphere\MODTRAN\raw\m1_nir_mwir_20260906\NIR_scattering_obs10_tar10_rng50_vis2_aerRural_humdefault_sza70\NIR_scattering_obs10_tar10_rng50_vis2_aerRural_humdefault_sza70.tp5,a17cab97f1a6e3146db8ba1386fdcd4ebca55920f3f796d59e9c60a3287af091
NIR_scattering_obs10_tar10_rng50_vis5_aerRural_humdefault_sza20,RadianceWithScattering,NIR,Mid-Latitude Summer,Rural,default,5,10,10,50,20,0.70,1.10,10,10,RectangularBand,D:\HwaSimIR\HwaSim_IR\Bin\Config\Atmosphere\MODTRAN\raw\m1_nir_mwir_20260906\NIR_scattering_obs10_tar10_rng50_vis5_aerRural_humdefault_sza20\NIR_scattering_obs10_tar10_rng50_vis5_aerRural_humdefault_sza20.tp5,ca63c936d15d5750151706f43db744c55bd814e5510547affb2dd703028d7e49
NIR_scattering_obs10_tar10_rng50_vis5_aerRural_humdefault_sza70,RadianceWithScattering,NIR,Mid-Latitude Summer,Rural,default,5,10,10,50,70,0.70,1.10,10,10,RectangularBand,D:\HwaSimIR\HwaSim_IR\Bin\Config\Atmosphere\MODTRAN\raw\m1_nir_mwir_20260906\NIR_scattering_obs10_tar10_rng50_vis5_aerRural_humdefault_sza70\NIR_scattering_obs10_tar10_rng50_vis5_aerRural_humdefault_sza70.tp5,7ef444cf2afcd3f2eeff3bb78b7387ce8c24b73eae9028039bf59eb2e0952341
NIR_scattering_obs10_tar10_rng50_vis10_aerRural_humdefault_sza20,RadianceWithScattering,NIR,Mid-Latitude Summer,Rural,default,10,10,10,50,20,0.70,1.10,10,10,RectangularBand,D:\HwaSimIR\HwaSim_IR\Bin\Config\Atmosphere\MODTRAN\raw\m1_nir_mwir_20260906\NIR_scattering_obs10_tar10_rng50_vis10_aerRural_humdefault_sza20\NIR_scattering_obs10_tar10_rng50_vis10_aerRural_humdefault_sza20.tp5,89d3b7204fe753aaea85948092a1db3795e10da8830a5c1482d69151d8af2d9c
NIR_scattering_obs10_tar10_rng50_vis10_aerRural_humdefault_sza70,RadianceWithScattering,NIR,Mid-Latitude Summer,Rural,default,10,10,10,50,70,0.70,1.10,10,10,RectangularBand,D:\HwaSimIR\HwaSim_IR\Bin\Config\Atmosphere\MODTRAN\raw\m1_nir_mwir_20260906\NIR_scattering_obs10_tar10_rng50_vis10_aerRural_humdefault_sza70\NIR_scattering_obs10_tar10_rng50_vis10_aerRural_humdefault_sza70.tp5,e0908b8b19f8b37fd8ff130fbcbd8998d25c5ede3d1278be1a6c2ea45d8349d3
NIR_scattering_obs10_tar10_rng50_vis23_aerRural_humdefault_sza20,RadianceWithScattering,NIR,Mid-Latitude Summer,Rural,default,23,10,10,50,20,0.70,1.10,10,10,RectangularBand,D:\HwaSimIR\HwaSim_IR\Bin\Config\Atmosphere\MODTRAN\raw\m1_nir_mwir_20260906\NIR_scattering_obs10_tar10_rng50_vis23_aerRural_humdefault_sza20\NIR_scattering_obs10_tar10_rng50_vis23_aerRural_humdefault_sza20.tp5,b5d5211c7d72b57e0c20bcb6267c796ca7eddee25275df40ae47eb72257dae74
NIR_scattering_obs10_tar10_rng50_vis23_aerRural_humdefault_sza70,RadianceWithScattering,NIR,Mid-Latitude Summer,Rural,default,23,10,10,50,70,0.70,1.10,10,10,RectangularBand,D:\HwaSimIR\HwaSim_IR\Bin\Config\Atmosphere\MODTRAN\raw\m1_nir_mwir_20260906\NIR_scattering_obs10_tar10_rng50_vis23_aerRural_humdefault_sza70\NIR_scattering_obs10_tar10_rng50_vis23_aerRural_humdefault_sza70.tp5,d5e73baa50eccf933d24417ce9d20983e586225377a57ebcdccbf7ba12ce9cfb
NIR_scattering_obs10_tar10_rng50_vis50_aerRural_humdefault_sza20,RadianceWithScattering,NIR,Mid-Latitude Summer,Rural,default,50,10,10,50,20,0.70,1.10,10,10,RectangularBand,D:\HwaSimIR\HwaSim_IR\Bin\Config\Atmosphere\MODTRAN\raw\m1_nir_mwir_20260906\NIR_scattering_obs10_tar10_rng50_vis50_aerRural_humdefault_sza20\NIR_scattering_obs10_tar10_rng50_vis50_aerRural_humdefault_sza20.tp5,053d9cf99b2c78d2f8c642b0f72074556bbab8aca6e8e8a3e7e5296b4611a8ab
NIR_scattering_obs10_tar10_rng50_vis50_aerRural_humdefault_sza70,RadianceWithScattering,NIR,Mid-Latitude Summer,Rural,default,50,10,10,50,70,0.70,1.10,10,10,RectangularBand,D:\HwaSimIR\HwaSim_IR\Bin\Config\Atmosphere\MODTRAN\raw\m1_nir_mwir_20260906\NIR_scattering_obs10_tar10_rng50_vis50_aerRural_humdefault_sza70\NIR_scattering_obs10_tar10_rng50_vis50_aerRural_humdefault_sza70.tp5,e865cbfc38b46203f7ae2d3a3a3480b0df68dfd06ede362eaeee7046a7e0d9e0
NIR_scattering_obs15_tar15_rng1_vis2_aerRural_humdefault_sza20,RadianceWithScattering,NIR,Mid-Latitude Summer,Rural,default,2,15,15,1,20,0.70,1.10,10,10,RectangularBand,D:\HwaSimIR\HwaSim_IR\Bin\Config\Atmosphere\MODTRAN\raw\m1_nir_mwir_20260906\NIR_scattering_obs15_tar15_rng1_vis2_aerRural_humdefault_sza20\NIR_scattering_obs15_tar15_rng1_vis2_aerRural_humdefault_sza20.tp5,f87d51f5def03b459ed810a11f1a4a17b6f8d66c38d8ef6c10a44b76ec649215
NIR_scattering_obs15_tar15_rng1_vis2_aerRural_humdefault_sza70,RadianceWithScattering,NIR,Mid-Latitude Summer,Rural,default,2,15,15,1,70,0.70,1.10,10,10,RectangularBand,D:\HwaSimIR\HwaSim_IR\Bin\Config\Atmosphere\MODTRAN\raw\m1_nir_mwir_20260906\NIR_scattering_obs15_tar15_rng1_vis2_aerRural_humdefault_sza70\NIR_scattering_obs15_tar15_rng1_vis2_aerRural_humdefault_sza70.tp5,eb9ca8ca57b605a24adea3a7fc9359c59c8f5230668845702691131dafbd7785
NIR_scattering_obs15_tar15_rng1_vis5_aerRural_humdefault_sza20,RadianceWithScattering,NIR,Mid-Latitude Summer,Rural,default,5,15,15,1,20,0.70,1.10,10,10,RectangularBand,D:\HwaSimIR\HwaSim_IR\Bin\Config\Atmosphere\MODTRAN\raw\m1_nir_mwir_20260906\NIR_scattering_obs15_tar15_rng1_vis5_aerRural_humdefault_sza20\NIR_scattering_obs15_tar15_rng1_vis5_aerRural_humdefault_sza20.tp5,ba32ac1d0767bcf9251d6c1f634c2020031a069c14a423b47243c5960a810145
NIR_scattering_obs15_tar15_rng1_vis5_aerRural_humdefault_sza70,RadianceWithScattering,NIR,Mid-Latitude Summer,Rural,default,5,15,15,1,70,0.70,1.10,10,10,RectangularBand,D:\HwaSimIR\HwaSim_IR\Bin\Config\Atmosphere\MODTRAN\raw\m1_nir_mwir_20260906\NIR_scattering_obs15_tar15_rng1_vis5_aerRural_humdefault_sza70\NIR_scattering_obs15_tar15_rng1_vis5_aerRural_humdefault_sza70.tp5,33113f78072dae70cf6d25bc856fe28a70a2e50e0551d1955ea34c7f4865dc5c
NIR_scattering_obs15_tar15_rng1_vis10_aerRural_humdefault_sza20,RadianceWithScattering,NIR,Mid-Latitude Summer,Rural,default,10,15,15,1,20,0.70,1.10,10,10,RectangularBand,D:\HwaSimIR\HwaSim_IR\Bin\Config\Atmosphere\MODTRAN\raw\m1_nir_mwir_20260906\NIR_scattering_obs15_tar15_rng1_vis10_aerRural_humdefault_sza20\NIR_scattering_obs15_tar15_rng1_vis10_aerRural_humdefault_sza20.tp5,0a42a47388fea9e819fc954601b69c459ce42ea693be9fe923d0a75796a6dd1a
NIR_scattering_obs15_tar15_rng1_vis10_aerRural_humdefault_sza70,RadianceWithScattering,NIR,Mid-Latitude Summer,Rural,default,10,15,15,1,70,0.70,1.10,10,10,RectangularBand,D:\HwaSimIR\HwaSim_IR\Bin\Config\Atmosphere\MODTRAN\raw\m1_nir_mwir_20260906\NIR_scattering_obs15_tar15_rng1_vis10_aerRural_humdefault_sza70\NIR_scattering_obs15_tar15_rng1_vis10_aerRural_humdefault_sza70.tp5,0352573c3f21a8098f6815037d18020d1706ad48c6e1153986fcfe49af5b5a8e
NIR_scattering_obs15_tar15_rng1_vis23_aerRural_humdefault_sza20,RadianceWithScattering,NIR,Mid-Latitude Summer,Rural,default,23,15,15,1,20,0.70,1.10,10,10,RectangularBand,D:\HwaSimIR\HwaSim_IR\Bin\Config\Atmosphere\MODTRAN\raw\m1_nir_mwir_20260906\NIR_scattering_obs15_tar15_rng1_vis23_aerRural_humdefault_sza20\NIR_scattering_obs15_tar15_rng1_vis23_aerRural_humdefault_sza20.tp5,7dd605a0b74525dde0ca74d6dae98c3da0099fa1815cd9e5f073ea8b7a81a587
NIR_scattering_obs15_tar15_rng1_vis23_aerRural_humdefault_sza70,RadianceWithScattering,NIR,Mid-Latitude Summer,Rural,default,23,15,15,1,70,0.70,1.10,10,10,RectangularBand,D:\HwaSimIR\HwaSim_IR\Bin\Config\Atmosphere\MODTRAN\raw\m1_nir_mwir_20260906\NIR_scattering_obs15_tar15_rng1_vis23_aerRural_humdefault_sza70\NIR_scattering_obs15_tar15_rng1_vis23_aerRural_humdefault_sza70.tp5,d6acd7ef913051e915c9b9b67bf6a82687ed80f6b0a347357ddfa065fb57f8d0
NIR_scattering_obs15_tar15_rng1_vis50_aerRural_humdefault_sza20,RadianceWithScattering,NIR,Mid-Latitude Summer,Rural,default,50,15,15,1,20,0.70,1.10,10,10,RectangularBand,D:\HwaSimIR\HwaSim_IR\Bin\Config\Atmosphere\MODTRAN\raw\m1_nir_mwir_20260906\NIR_scattering_obs15_tar15_rng1_vis50_aerRural_humdefault_sza20\NIR_scattering_obs15_tar15_rng1_vis50_aerRural_humdefault_sza20.tp5,56fca967fe31653f792db23a71d576c5f2a867d49b7219d7ac2fd67bc352acdc
NIR_scattering_obs15_tar15_rng1_vis50_aerRural_humdefault_sza70,RadianceWithScattering,NIR,Mid-Latitude Summer,Rural,default,50,15,15,1,70,0.70,1.10,10,10,RectangularBand,D:\HwaSimIR\HwaSim_IR\Bin\Config\Atmosphere\MODTRAN\raw\m1_nir_mwir_20260906\NIR_scattering_obs15_tar15_rng1_vis50_aerRural_humdefault_sza70\NIR_scattering_obs15_tar15_rng1_vis50_aerRural_humdefault_sza70.tp5,ec6a4fcab1aa7b624d358f651dc54c2f54956347a22ad39cb3cae4dc765054a5
NIR_scattering_obs15_tar15_rng2_vis2_aerRural_humdefault_sza20,RadianceWithScattering,NIR,Mid-Latitude Summer,Rural,default,2,15,15,2,20,0.70,1.10,10,10,RectangularBand,D:\HwaSimIR\HwaSim_IR\Bin\Config\Atmosphere\MODTRAN\raw\m1_nir_mwir_20260906\NIR_scattering_obs15_tar15_rng2_vis2_aerRural_humdefault_sza20\NIR_scattering_obs15_tar15_rng2_vis2_aerRural_humdefault_sza20.tp5,98a4341d8e6d73099d0a32720facfc370eb7dfd5f2077673927b2adc6c86224b
NIR_scattering_obs15_tar15_rng2_vis2_aerRural_humdefault_sza70,RadianceWithScattering,NIR,Mid-Latitude Summer,Rural,default,2,15,15,2,70,0.70,1.10,10,10,RectangularBand,D:\HwaSimIR\HwaSim_IR\Bin\Config\Atmosphere\MODTRAN\raw\m1_nir_mwir_20260906\NIR_scattering_obs15_tar15_rng2_vis2_aerRural_humdefault_sza70\NIR_scattering_obs15_tar15_rng2_vis2_aerRural_humdefault_sza70.tp5,870d918f4c15a6ee3a79d7c8265f33e7000f2a9df5d351f7478d13d1a0ceb5cf
NIR_scattering_obs15_tar15_rng2_vis5_aerRural_humdefault_sza20,RadianceWithScattering,NIR,Mid-Latitude Summer,Rural,default,5,15,15,2,20,0.70,1.10,10,10,RectangularBand,D:\HwaSimIR\HwaSim_IR\Bin\Config\Atmosphere\MODTRAN\raw\m1_nir_mwir_20260906\NIR_scattering_obs15_tar15_rng2_vis5_aerRural_humdefault_sza20\NIR_scattering_obs15_tar15_rng2_vis5_aerRural_humdefault_sza20.tp5,73e1166aa7bedf58e7c9f4b9cdf5fb122025ed907e128ed541849b7d49e1f53d
NIR_scattering_obs15_tar15_rng2_vis5_aerRural_humdefault_sza70,RadianceWithScattering,NIR,Mid-Latitude Summer,Rural,default,5,15,15,2,70,0.70,1.10,10,10,RectangularBand,D:\HwaSimIR\HwaSim_IR\Bin\Config\Atmosphere\MODTRAN\raw\m1_nir_mwir_20260906\NIR_scattering_obs15_tar15_rng2_vis5_aerRural_humdefault_sza70\NIR_scattering_obs15_tar15_rng2_vis5_aerRural_humdefault_sza70.tp5,d3688cdce535656e7e1e23dfa95888205c1f5778f8e79c8c4d8cec730ccd12c0
NIR_scattering_obs15_tar15_rng2_vis10_aerRural_humdefault_sza20,RadianceWithScattering,NIR,Mid-Latitude Summer,Rural,default,10,15,15,2,20,0.70,1.10,10,10,RectangularBand,D:\HwaSimIR\HwaSim_IR\Bin\Config\Atmosphere\MODTRAN\raw\m1_nir_mwir_20260906\NIR_scattering_obs15_tar15_rng2_vis10_aerRural_humdefault_sza20\NIR_scattering_obs15_tar15_rng2_vis10_aerRural_humdefault_sza20.tp5,d890f8e5e05a53cacaeeef445a8039c9d801ee54d5d133224515b329cb622efe
NIR_scattering_obs15_tar15_rng2_vis10_aerRural_humdefault_sza70,RadianceWithScattering,NIR,Mid-Latitude Summer,Rural,default,10,15,15,2,70,0.70,1.10,10,10,RectangularBand,D:\HwaSimIR\HwaSim_IR\Bin\Config\Atmosphere\MODTRAN\raw\m1_nir_mwir_20260906\NIR_scattering_obs15_tar15_rng2_vis10_aerRural_humdefault_sza70\NIR_scattering_obs15_tar15_rng2_vis10_aerRural_humdefault_sza70.tp5,061a1ba683ab419ba7f5e5ab80328d0bc3f4fb21be526b62a01eb21c2b0eb371
NIR_scattering_obs15_tar15_rng2_vis23_aerRural_humdefault_sza20,RadianceWithScattering,NIR,Mid-Latitude Summer,Rural,default,23,15,15,2,20,0.70,1.10,10,10,RectangularBand,D:\HwaSimIR\HwaSim_IR\Bin\Config\Atmosphere\MODTRAN\raw\m1_nir_mwir_20260906\NIR_scattering_obs15_tar15_rng2_vis23_aerRural_humdefault_sza20\NIR_scattering_obs15_tar15_rng2_vis23_aerRural_humdefault_sza20.tp5,eb59b59855021b01597bfa5658ca9c7e65b73fd799fb2818af9423addb0e1327
NIR_scattering_obs15_tar15_rng2_vis23_aerRural_humdefault_sza70,RadianceWithScattering,NIR,Mid-Latitude Summer,Rural,default,23,15,15,2,70,0.70,1.10,10,10,RectangularBand,D:\HwaSimIR\HwaSim_IR\Bin\Config\Atmosphere\MODTRAN\raw\m1_nir_mwir_20260906\NIR_scattering_obs15_tar15_rng2_vis23_aerRural_humdefault_sza70\NIR_scattering_obs15_tar15_rng2_vis23_aerRural_humdefault_sza70.tp5,39b50401e780989074ca2a1c930a078133eedbdf815ffa6a8bf0f2d2d818d4b5
NIR_scattering_obs15_tar15_rng2_vis50_aerRural_humdefault_sza20,RadianceWithScattering,NIR,Mid-Latitude Summer,Rural,default,50,15,15,2,20,0.70,1.10,10,10,RectangularBand,D:\HwaSimIR\HwaSim_IR\Bin\Config\Atmosphere\MODTRAN\raw\m1_nir_mwir_20260906\NIR_scattering_obs15_tar15_rng2_vis50_aerRural_humdefault_sza20\NIR_scattering_obs15_tar15_rng2_vis50_aerRural_humdefault_sza20.tp5,da452e94bfa3c34d92ee9cf8dd3b1b80bbe84157f339dee3c9bf5ee7ddd04a5b
NIR_scattering_obs15_tar15_rng2_vis50_aerRural_humdefault_sza70,RadianceWithScattering,NIR,Mid-Latitude Summer,Rural,default,50,15,15,2,70,0.70,1.10,10,10,RectangularBand,D:\HwaSimIR\HwaSim_IR\Bin\Config\Atmosphere\MODTRAN\raw\m1_nir_mwir_20260906\NIR_scattering_obs15_tar15_rng2_vis50_aerRural_humdefault_sza70\NIR_scattering_obs15_tar15_rng2_vis50_aerRural_humdefault_sza70.tp5,7e45e3f4d82326345246656e611e3fd4110064dc40ec2b91f8fcc27c0ce3abad
NIR_scattering_obs15_tar15_rng5_vis2_aerRural_humdefault_sza20,RadianceWithScattering,NIR,Mid-Latitude Summer,Rural,default,2,15,15,5,20,0.70,1.10,10,10,RectangularBand,D:\HwaSimIR\HwaSim_IR\Bin\Config\Atmosphere\MODTRAN\raw\m1_nir_mwir_20260906\NIR_scattering_obs15_tar15_rng5_vis2_aerRural_humdefault_sza20\NIR_scattering_obs15_tar15_rng5_vis2_aerRural_humdefault_sza20.tp5,38c9429f18aeb97e87f9cb7c62a31e27295c2a1503cb134ed74d748a357af640
NIR_scattering_obs15_tar15_rng5_vis2_aerRural_humdefault_sza70,RadianceWithScattering,NIR,Mid-Latitude Summer,Rural,default,2,15,15,5,70,0.70,1.10,10,10,RectangularBand,D:\HwaSimIR\HwaSim_IR\Bin\Config\Atmosphere\MODTRAN\raw\m1_nir_mwir_20260906\NIR_scattering_obs15_tar15_rng5_vis2_aerRural_humdefault_sza70\NIR_scattering_obs15_tar15_rng5_vis2_aerRural_humdefault_sza70.tp5,53d490a2c2e59d65f0d89836a436b91cae1c93bcd16dffd14bcac446161e8fe6
NIR_scattering_obs15_tar15_rng5_vis5_aerRural_humdefault_sza20,RadianceWithScattering,NIR,Mid-Latitude Summer,Rural,default,5,15,15,5,20,0.70,1.10,10,10,RectangularBand,D:\HwaSimIR\HwaSim_IR\Bin\Config\Atmosphere\MODTRAN\raw\m1_nir_mwir_20260906\NIR_scattering_obs15_tar15_rng5_vis5_aerRural_humdefault_sza20\NIR_scattering_obs15_tar15_rng5_vis5_aerRural_humdefault_sza20.tp5,5d43ac76841688b0a6ff87a8d540107fa641970167523df195978d514df159cc
NIR_scattering_obs15_tar15_rng5_vis5_aerRural_humdefault_sza70,RadianceWithScattering,NIR,Mid-Latitude Summer,Rural,default,5,15,15,5,70,0.70,1.10,10,10,RectangularBand,D:\HwaSimIR\HwaSim_IR\Bin\Config\Atmosphere\MODTRAN\raw\m1_nir_mwir_20260906\NIR_scattering_obs15_tar15_rng5_vis5_aerRural_humdefault_sza70\NIR_scattering_obs15_tar15_rng5_vis5_aerRural_humdefault_sza70.tp5,745880dabfa51c4b4c027fc2c0cd846de8b3991bd72b1093782c28e6c0fb16b8
NIR_scattering_obs15_tar15_rng5_vis10_aerRural_humdefault_sza20,RadianceWithScattering,NIR,Mid-Latitude Summer,Rural,default,10,15,15,5,20,0.70,1.10,10,10,RectangularBand,D:\HwaSimIR\HwaSim_IR\Bin\Config\Atmosphere\MODTRAN\raw\m1_nir_mwir_20260906\NIR_scattering_obs15_tar15_rng5_vis10_aerRural_humdefault_sza20\NIR_scattering_obs15_tar15_rng5_vis10_aerRural_humdefault_sza20.tp5,788cd62274a8f12ada9af94916594b80264e8705187e42d3cd8dcd56bd46baca
NIR_scattering_obs15_tar15_rng5_vis10_aerRural_humdefault_sza70,RadianceWithScattering,NIR,Mid-Latitude Summer,Rural,default,10,15,15,5,70,0.70,1.10,10,10,RectangularBand,D:\HwaSimIR\HwaSim_IR\Bin\Config\Atmosphere\MODTRAN\raw\m1_nir_mwir_20260906\NIR_scattering_obs15_tar15_rng5_vis10_aerRural_humdefault_sza70\NIR_scattering_obs15_tar15_rng5_vis10_aerRural_humdefault_sza70.tp5,4786f3d6157b93ee57652481a3f1a0a26b90f776f1054fef3dea5a2f74947b11
NIR_scattering_obs15_tar15_rng5_vis23_aerRural_humdefault_sza20,RadianceWithScattering,NIR,Mid-Latitude Summer,Rural,default,23,15,15,5,20,0.70,1.10,10,10,RectangularBand,D:\HwaSimIR\HwaSim_IR\Bin\Config\Atmosphere\MODTRAN\raw\m1_nir_mwir_20260906\NIR_scattering_obs15_tar15_rng5_vis23_aerRural_humdefault_sza20\NIR_scattering_obs15_tar15_rng5_vis23_aerRural_humdefault_sza20.tp5,6c420ea0d6f9b01e1596011967a7b3fcc3ddcd5d63a9ae068a9492c027ba13c5
NIR_scattering_obs15_tar15_rng5_vis23_aerRural_humdefault_sza70,RadianceWithScattering,NIR,Mid-Latitude Summer,Rural,default,23,15,15,5,70,0.70,1.10,10,10,RectangularBand,D:\HwaSimIR\HwaSim_IR\Bin\Config\Atmosphere\MODTRAN\raw\m1_nir_mwir_20260906\NIR_scattering_obs15_tar15_rng5_vis23_aerRural_humdefault_sza70\NIR_scattering_obs15_tar15_rng5_vis23_aerRural_humdefault_sza70.tp5,8f18de2fb8d7bbf730aabe0f143abcd4ca5e955668c68ec26e0f9a4641211295
NIR_scattering_obs15_tar15_rng5_vis50_aerRural_humdefault_sza20,RadianceWithScattering,NIR,Mid-Latitude Summer,Rural,default,50,15,15,5,20,0.70,1.10,10,10,RectangularBand,D:\HwaSimIR\HwaSim_IR\Bin\Config\Atmosphere\MODTRAN\raw\m1_nir_mwir_20260906\NIR_scattering_obs15_tar15_rng5_vis50_aerRural_humdefault_sza20\NIR_scattering_obs15_tar15_rng5_vis50_aerRural_humdefault_sza20.tp5,bf611045c336e46de9fe7c61cc136d678a55271cfeda45965ccbffd6c6ffd20d
NIR_scattering_obs15_tar15_rng5_vis50_aerRural_humdefault_sza70,RadianceWithScattering,NIR,Mid-Latitude Summer,Rural,default,50,15,15,5,70,0.70,1.10,10,10,RectangularBand,D:\HwaSimIR\HwaSim_IR\Bin\Config\Atmosphere\MODTRAN\raw\m1_nir_mwir_20260906\NIR_scattering_obs15_tar15_rng5_vis50_aerRural_humdefault_sza70\NIR_scattering_obs15_tar15_rng5_vis50_aerRural_humdefault_sza70.tp5,3a0238f07862647e9e967da1889a7cfeab29297d35d65b52f2200adea301ab3f
NIR_scattering_obs15_tar15_rng10_vis2_aerRural_humdefault_sza20,RadianceWithScattering,NIR,Mid-Latitude Summer,Rural,default,2,15,15,10,20,0.70,1.10,10,10,RectangularBand,D:\HwaSimIR\HwaSim_IR\Bin\Config\Atmosphere\MODTRAN\raw\m1_nir_mwir_20260906\NIR_scattering_obs15_tar15_rng10_vis2_aerRural_humdefault_sza20\NIR_scattering_obs15_tar15_rng10_vis2_aerRural_humdefault_sza20.tp5,1bed219b1e801ec1a2e27cb5c1d3260a3788b9824bc82a23d79fd2ae14b21c90
NIR_scattering_obs15_tar15_rng10_vis2_aerRural_humdefault_sza70,RadianceWithScattering,NIR,Mid-Latitude Summer,Rural,default,2,15,15,10,70,0.70,1.10,10,10,RectangularBand,D:\HwaSimIR\HwaSim_IR\Bin\Config\Atmosphere\MODTRAN\raw\m1_nir_mwir_20260906\NIR_scattering_obs15_tar15_rng10_vis2_aerRural_humdefault_sza70\NIR_scattering_obs15_tar15_rng10_vis2_aerRural_humdefault_sza70.tp5,40ad38017ccb1f09a9c904b266ae44f9cd114ad21ae1430e56032be195dd1ace
NIR_scattering_obs15_tar15_rng10_vis5_aerRural_humdefault_sza20,RadianceWithScattering,NIR,Mid-Latitude Summer,Rural,default,5,15,15,10,20,0.70,1.10,10,10,RectangularBand,D:\HwaSimIR\HwaSim_IR\Bin\Config\Atmosphere\MODTRAN\raw\m1_nir_mwir_20260906\NIR_scattering_obs15_tar15_rng10_vis5_aerRural_humdefault_sza20\NIR_scattering_obs15_tar15_rng10_vis5_aerRural_humdefault_sza20.tp5,5071c1fe1238e3accc4481290fe993041a698960bb8f2983fc4b73ad44522e21
NIR_scattering_obs15_tar15_rng10_vis5_aerRural_humdefault_sza70,RadianceWithScattering,NIR,Mid-Latitude Summer,Rural,default,5,15,15,10,70,0.70,1.10,10,10,RectangularBand,D:\HwaSimIR\HwaSim_IR\Bin\Config\Atmosphere\MODTRAN\raw\m1_nir_mwir_20260906\NIR_scattering_obs15_tar15_rng10_vis5_aerRural_humdefault_sza70\NIR_scattering_obs15_tar15_rng10_vis5_aerRural_humdefault_sza70.tp5,4bcce13e3ac23ac956e094363d90b9b8789732555cfb45284f5bedbb45f75ba5
NIR_scattering_obs15_tar15_rng10_vis10_aerRural_humdefault_sza20,RadianceWithScattering,NIR,Mid-Latitude Summer,Rural,default,10,15,15,10,20,0.70,1.10,10,10,RectangularBand,D:\HwaSimIR\HwaSim_IR\Bin\Config\Atmosphere\MODTRAN\raw\m1_nir_mwir_20260906\NIR_scattering_obs15_tar15_rng10_vis10_aerRural_humdefault_sza20\NIR_scattering_obs15_tar15_rng10_vis10_aerRural_humdefault_sza20.tp5,1f6f4cda258034190a272ac3973e259e0ca707e054593e6caaf0c50c8edfdfdc
NIR_scattering_obs15_tar15_rng10_vis10_aerRural_humdefault_sza70,RadianceWithScattering,NIR,Mid-Latitude Summer,Rural,default,10,15,15,10,70,0.70,1.10,10,10,RectangularBand,D:\HwaSimIR\HwaSim_IR\Bin\Config\Atmosphere\MODTRAN\raw\m1_nir_mwir_20260906\NIR_scattering_obs15_tar15_rng10_vis10_aerRural_humdefault_sza70\NIR_scattering_obs15_tar15_rng10_vis10_aerRural_humdefault_sza70.tp5,b2dc5980b8ee682ccdb35768ea9e8a9c20abef91d9dfebbce846d1f40bbf760f
NIR_scattering_obs15_tar15_rng10_vis23_aerRural_humdefault_sza20,RadianceWithScattering,NIR,Mid-Latitude Summer,Rural,default,23,15,15,10,20,0.70,1.10,10,10,RectangularBand,D:\HwaSimIR\HwaSim_IR\Bin\Config\Atmosphere\MODTRAN\raw\m1_nir_mwir_20260906\NIR_scattering_obs15_tar15_rng10_vis23_aerRural_humdefault_sza20\NIR_scattering_obs15_tar15_rng10_vis23_aerRural_humdefault_sza20.tp5,ae7d146d961d1fcc08f4bb8550a2f875ea49d0ea81b688cde2ad4dd47312275a
NIR_scattering_obs15_tar15_rng10_vis23_aerRural_humdefault_sza70,RadianceWithScattering,NIR,Mid-Latitude Summer,Rural,default,23,15,15,10,70,0.70,1.10,10,10,RectangularBand,D:\HwaSimIR\HwaSim_IR\Bin\Config\Atmosphere\MODTRAN\raw\m1_nir_mwir_20260906\NIR_scattering_obs15_tar15_rng10_vis23_aerRural_humdefault_sza70\NIR_scattering_obs15_tar15_rng10_vis23_aerRural_humdefault_sza70.tp5,5869e8536d5f19408c80bf824406d0f072e98d19209962ef0fa1232c9b3d8a7d
NIR_scattering_obs15_tar15_rng10_vis50_aerRural_humdefault_sza20,RadianceWithScattering,NIR,Mid-Latitude Summer,Rural,default,50,15,15,10,20,0.70,1.10,10,10,RectangularBand,D:\HwaSimIR\HwaSim_IR\Bin\Config\Atmosphere\MODTRAN\raw\m1_nir_mwir_20260906\NIR_scattering_obs15_tar15_rng10_vis50_aerRural_humdefault_sza20\NIR_scattering_obs15_tar15_rng10_vis50_aerRural_humdefault_sza20.tp5,9b1d9bf78058e5963475d0d6957719239cf612f1a92364423f4128244d80a03c
NIR_scattering_obs15_tar15_rng10_vis50_aerRural_humdefault_sza70,RadianceWithScattering,NIR,Mid-Latitude Summer,Rural,default,50,15,15,10,70,0.70,1.10,10,10,RectangularBand,D:\HwaSimIR\HwaSim_IR\Bin\Config\Atmosphere\MODTRAN\raw\m1_nir_mwir_20260906\NIR_scattering_obs15_tar15_rng10_vis50_aerRural_humdefault_sza70\NIR_scattering_obs15_tar15_rng10_vis50_aerRural_humdefault_sza70.tp5,4d041c82360f45036fa1a6e072fe671f71ac052dd33a25cd02546cd895c1d824
NIR_scattering_obs15_tar15_rng20_vis2_aerRural_humdefault_sza20,RadianceWithScattering,NIR,Mid-Latitude Summer,Rural,default,2,15,15,20,20,0.70,1.10,10,10,RectangularBand,D:\HwaSimIR\HwaSim_IR\Bin\Config\Atmosphere\MODTRAN\raw\m1_nir_mwir_20260906\NIR_scattering_obs15_tar15_rng20_vis2_aerRural_humdefault_sza20\NIR_scattering_obs15_tar15_rng20_vis2_aerRural_humdefault_sza20.tp5,e8f20c806c749d0df11cd9f02e81e2372b279dfa82484542ec7af3ee1d1bccc8
NIR_scattering_obs15_tar15_rng20_vis2_aerRural_humdefault_sza70,RadianceWithScattering,NIR,Mid-Latitude Summer,Rural,default,2,15,15,20,70,0.70,1.10,10,10,RectangularBand,D:\HwaSimIR\HwaSim_IR\Bin\Config\Atmosphere\MODTRAN\raw\m1_nir_mwir_20260906\NIR_scattering_obs15_tar15_rng20_vis2_aerRural_humdefault_sza70\NIR_scattering_obs15_tar15_rng20_vis2_aerRural_humdefault_sza70.tp5,fdcea6f93481014065c089887b3594e4adc9728fca875a096005212f70587c33
NIR_scattering_obs15_tar15_rng20_vis5_aerRural_humdefault_sza20,RadianceWithScattering,NIR,Mid-Latitude Summer,Rural,default,5,15,15,20,20,0.70,1.10,10,10,RectangularBand,D:\HwaSimIR\HwaSim_IR\Bin\Config\Atmosphere\MODTRAN\raw\m1_nir_mwir_20260906\NIR_scattering_obs15_tar15_rng20_vis5_aerRural_humdefault_sza20\NIR_scattering_obs15_tar15_rng20_vis5_aerRural_humdefault_sza20.tp5,d1346d20d451eadbd29e49f53b68eac9c9e46a8db251a12bfb624fe8ac47dda1
NIR_scattering_obs15_tar15_rng20_vis5_aerRural_humdefault_sza70,RadianceWithScattering,NIR,Mid-Latitude Summer,Rural,default,5,15,15,20,70,0.70,1.10,10,10,RectangularBand,D:\HwaSimIR\HwaSim_IR\Bin\Config\Atmosphere\MODTRAN\raw\m1_nir_mwir_20260906\NIR_scattering_obs15_tar15_rng20_vis5_aerRural_humdefault_sza70\NIR_scattering_obs15_tar15_rng20_vis5_aerRural_humdefault_sza70.tp5,6e38fd6c4be4fd6fd41480b052f2111b633bf13cc84a24aaa5630f354250b43d
NIR_scattering_obs15_tar15_rng20_vis10_aerRural_humdefault_sza20,RadianceWithScattering,NIR,Mid-Latitude Summer,Rural,default,10,15,15,20,20,0.70,1.10,10,10,RectangularBand,D:\HwaSimIR\HwaSim_IR\Bin\Config\Atmosphere\MODTRAN\raw\m1_nir_mwir_20260906\NIR_scattering_obs15_tar15_rng20_vis10_aerRural_humdefault_sza20\NIR_scattering_obs15_tar15_rng20_vis10_aerRural_humdefault_sza20.tp5,a7c7b2939d79b8542f124e8e121bfe9a4288ec4f260a49af2708ec357e54ae27
NIR_scattering_obs15_tar15_rng20_vis10_aerRural_humdefault_sza70,RadianceWithScattering,NIR,Mid-Latitude Summer,Rural,default,10,15,15,20,70,0.70,1.10,10,10,RectangularBand,D:\HwaSimIR\HwaSim_IR\Bin\Config\Atmosphere\MODTRAN\raw\m1_nir_mwir_20260906\NIR_scattering_obs15_tar15_rng20_vis10_aerRural_humdefault_sza70\NIR_scattering_obs15_tar15_rng20_vis10_aerRural_humdefault_sza70.tp5,21afe2d4eb28d59e80535283529d0af77224f427b65e4f22ca05eb60937141ca
NIR_scattering_obs15_tar15_rng20_vis23_aerRural_humdefault_sza20,RadianceWithScattering,NIR,Mid-Latitude Summer,Rural,default,23,15,15,20,20,0.70,1.10,10,10,RectangularBand,D:\HwaSimIR\HwaSim_IR\Bin\Config\Atmosphere\MODTRAN\raw\m1_nir_mwir_20260906\NIR_scattering_obs15_tar15_rng20_vis23_aerRural_humdefault_sza20\NIR_scattering_obs15_tar15_rng20_vis23_aerRural_humdefault_sza20.tp5,e0a824b281208ac5103b4b44d1e23b42fc5b6e1caaa7d7f5e343179081a46d9b
NIR_scattering_obs15_tar15_rng20_vis23_aerRural_humdefault_sza70,RadianceWithScattering,NIR,Mid-Latitude Summer,Rural,default,23,15,15,20,70,0.70,1.10,10,10,RectangularBand,D:\HwaSimIR\HwaSim_IR\Bin\Config\Atmosphere\MODTRAN\raw\m1_nir_mwir_20260906\NIR_scattering_obs15_tar15_rng20_vis23_aerRural_humdefault_sza70\NIR_scattering_obs15_tar15_rng20_vis23_aerRural_humdefault_sza70.tp5,bef281bba817737507d6d81f5f169574c890794de176280345529cb65255b4cc
NIR_scattering_obs15_tar15_rng20_vis50_aerRural_humdefault_sza20,RadianceWithScattering,NIR,Mid-Latitude Summer,Rural,default,50,15,15,20,20,0.70,1.10,10,10,RectangularBand,D:\HwaSimIR\HwaSim_IR\Bin\Config\Atmosphere\MODTRAN\raw\m1_nir_mwir_20260906\NIR_scattering_obs15_tar15_rng20_vis50_aerRural_humdefault_sza20\NIR_scattering_obs15_tar15_rng20_vis50_aerRural_humdefault_sza20.tp5,2477961480d922052bc076f66b596e76946debb0b8be65bfb242956bdf9740f5
NIR_scattering_obs15_tar15_rng20_vis50_aerRural_humdefault_sza70,RadianceWithScattering,NIR,Mid-Latitude Summer,Rural,default,50,15,15,20,70,0.70,1.10,10,10,RectangularBand,D:\HwaSimIR\HwaSim_IR\Bin\Config\Atmosphere\MODTRAN\raw\m1_nir_mwir_20260906\NIR_scattering_obs15_tar15_rng20_vis50_aerRural_humdefault_sza70\NIR_scattering_obs15_tar15_rng20_vis50_aerRural_humdefault_sza70.tp5,110ae1cd68e999131081891b812d9a097a7886b189eed7b4139beeace1c09691
NIR_scattering_obs15_tar15_rng35_vis2_aerRural_humdefault_sza20,RadianceWithScattering,NIR,Mid-Latitude Summer,Rural,default,2,15,15,35,20,0.70,1.10,10,10,RectangularBand,D:\HwaSimIR\HwaSim_IR\Bin\Config\Atmosphere\MODTRAN\raw\m1_nir_mwir_20260906\NIR_scattering_obs15_tar15_rng35_vis2_aerRural_humdefault_sza20\NIR_scattering_obs15_tar15_rng35_vis2_aerRural_humdefault_sza20.tp5,ce080191975b79edb7ff47ea4ff994d60f2f25ce23d45b7ae870ee3a5efdecb1
NIR_scattering_obs15_tar15_rng35_vis2_aerRural_humdefault_sza70,RadianceWithScattering,NIR,Mid-Latitude Summer,Rural,default,2,15,15,35,70,0.70,1.10,10,10,RectangularBand,D:\HwaSimIR\HwaSim_IR\Bin\Config\Atmosphere\MODTRAN\raw\m1_nir_mwir_20260906\NIR_scattering_obs15_tar15_rng35_vis2_aerRural_humdefault_sza70\NIR_scattering_obs15_tar15_rng35_vis2_aerRural_humdefault_sza70.tp5,c26ec61ead8bbe641091398aa2127888443800e5f62b7233a2bb98e88ba5ba5b
NIR_scattering_obs15_tar15_rng35_vis5_aerRural_humdefault_sza20,RadianceWithScattering,NIR,Mid-Latitude Summer,Rural,default,5,15,15,35,20,0.70,1.10,10,10,RectangularBand,D:\HwaSimIR\HwaSim_IR\Bin\Config\Atmosphere\MODTRAN\raw\m1_nir_mwir_20260906\NIR_scattering_obs15_tar15_rng35_vis5_aerRural_humdefault_sza20\NIR_scattering_obs15_tar15_rng35_vis5_aerRural_humdefault_sza20.tp5,403777675e09a2896fdc0153d68ba1457f7c1ce66cbdc0e180bfcd428b0ce1de
NIR_scattering_obs15_tar15_rng35_vis5_aerRural_humdefault_sza70,RadianceWithScattering,NIR,Mid-Latitude Summer,Rural,default,5,15,15,35,70,0.70,1.10,10,10,RectangularBand,D:\HwaSimIR\HwaSim_IR\Bin\Config\Atmosphere\MODTRAN\raw\m1_nir_mwir_20260906\NIR_scattering_obs15_tar15_rng35_vis5_aerRural_humdefault_sza70\NIR_scattering_obs15_tar15_rng35_vis5_aerRural_humdefault_sza70.tp5,a3610545888259b45a219ebe04e932d944da85ce586809dd420555365cda85c8
NIR_scattering_obs15_tar15_rng35_vis10_aerRural_humdefault_sza20,RadianceWithScattering,NIR,Mid-Latitude Summer,Rural,default,10,15,15,35,20,0.70,1.10,10,10,RectangularBand,D:\HwaSimIR\HwaSim_IR\Bin\Config\Atmosphere\MODTRAN\raw\m1_nir_mwir_20260906\NIR_scattering_obs15_tar15_rng35_vis10_aerRural_humdefault_sza20\NIR_scattering_obs15_tar15_rng35_vis10_aerRural_humdefault_sza20.tp5,46826a6e7c957800bf1db2a3e6935b0f977059725432cca945316df717607ad7
NIR_scattering_obs15_tar15_rng35_vis10_aerRural_humdefault_sza70,RadianceWithScattering,NIR,Mid-Latitude Summer,Rural,default,10,15,15,35,70,0.70,1.10,10,10,RectangularBand,D:\HwaSimIR\HwaSim_IR\Bin\Config\Atmosphere\MODTRAN\raw\m1_nir_mwir_20260906\NIR_scattering_obs15_tar15_rng35_vis10_aerRural_humdefault_sza70\NIR_scattering_obs15_tar15_rng35_vis10_aerRural_humdefault_sza70.tp5,dee72df88ebce8e1c2f6120edf4bb3cbfad3078777439c50072a02ea84b0d1ca
NIR_scattering_obs15_tar15_rng35_vis23_aerRural_humdefault_sza20,RadianceWithScattering,NIR,Mid-Latitude Summer,Rural,default,23,15,15,35,20,0.70,1.10,10,10,RectangularBand,D:\HwaSimIR\HwaSim_IR\Bin\Config\Atmosphere\MODTRAN\raw\m1_nir_mwir_20260906\NIR_scattering_obs15_tar15_rng35_vis23_aerRural_humdefault_sza20\NIR_scattering_obs15_tar15_rng35_vis23_aerRural_humdefault_sza20.tp5,01b8fd741f4e90754667cafc23c168b310a9f6a84e846068a16a2b4b4006f09e
NIR_scattering_obs15_tar15_rng35_vis23_aerRural_humdefault_sza70,RadianceWithScattering,NIR,Mid-Latitude Summer,Rural,default,23,15,15,35,70,0.70,1.10,10,10,RectangularBand,D:\HwaSimIR\HwaSim_IR\Bin\Config\Atmosphere\MODTRAN\raw\m1_nir_mwir_20260906\NIR_scattering_obs15_tar15_rng35_vis23_aerRural_humdefault_sza70\NIR_scattering_obs15_tar15_rng35_vis23_aerRural_humdefault_sza70.tp5,f7c262b56547d64b53b42681eb136f5e78a08c3996dfe8780b8f38fbb21f5dfa
NIR_scattering_obs15_tar15_rng35_vis50_aerRural_humdefault_sza20,RadianceWithScattering,NIR,Mid-Latitude Summer,Rural,default,50,15,15,35,20,0.70,1.10,10,10,RectangularBand,D:\HwaSimIR\HwaSim_IR\Bin\Config\Atmosphere\MODTRAN\raw\m1_nir_mwir_20260906\NIR_scattering_obs15_tar15_rng35_vis50_aerRural_humdefault_sza20\NIR_scattering_obs15_tar15_rng35_vis50_aerRural_humdefault_sza20.tp5,19b17a0a647f9c1e1fc430b56bfb6deb55d84b6aa0925973ce3e092d96e9e013
NIR_scattering_obs15_tar15_rng35_vis50_aerRural_humdefault_sza70,RadianceWithScattering,NIR,Mid-Latitude Summer,Rural,default,50,15,15,35,70,0.70,1.10,10,10,RectangularBand,D:\HwaSimIR\HwaSim_IR\Bin\Config\Atmosphere\MODTRAN\raw\m1_nir_mwir_20260906\NIR_scattering_obs15_tar15_rng35_vis50_aerRural_humdefault_sza70\NIR_scattering_obs15_tar15_rng35_vis50_aerRural_humdefault_sza70.tp5,88d2a2208b3d7c6d8e895cad9be361c08bd781a032e0960f43184658201ba25e
NIR_scattering_obs15_tar15_rng50_vis2_aerRural_humdefault_sza20,RadianceWithScattering,NIR,Mid-Latitude Summer,Rural,default,2,15,15,50,20,0.70,1.10,10,10,RectangularBand,D:\HwaSimIR\HwaSim_IR\Bin\Config\Atmosphere\MODTRAN\raw\m1_nir_mwir_20260906\NIR_scattering_obs15_tar15_rng50_vis2_aerRural_humdefault_sza20\NIR_scattering_obs15_tar15_rng50_vis2_aerRural_humdefault_sza20.tp5,f64b0fb8ce0fbb9d714404f001dd8e218a007988800f79aac372c45da85b3156
NIR_scattering_obs15_tar15_rng50_vis2_aerRural_humdefault_sza70,RadianceWithScattering,NIR,Mid-Latitude Summer,Rural,default,2,15,15,50,70,0.70,1.10,10,10,RectangularBand,D:\HwaSimIR\HwaSim_IR\Bin\Config\Atmosphere\MODTRAN\raw\m1_nir_mwir_20260906\NIR_scattering_obs15_tar15_rng50_vis2_aerRural_humdefault_sza70\NIR_scattering_obs15_tar15_rng50_vis2_aerRural_humdefault_sza70.tp5,2db38d6c4c7dc8246fd8375d95813b36786b4453e62ae7035f3ebae1f9fb7cfc
NIR_scattering_obs15_tar15_rng50_vis5_aerRural_humdefault_sza20,RadianceWithScattering,NIR,Mid-Latitude Summer,Rural,default,5,15,15,50,20,0.70,1.10,10,10,RectangularBand,D:\HwaSimIR\HwaSim_IR\Bin\Config\Atmosphere\MODTRAN\raw\m1_nir_mwir_20260906\NIR_scattering_obs15_tar15_rng50_vis5_aerRural_humdefault_sza20\NIR_scattering_obs15_tar15_rng50_vis5_aerRural_humdefault_sza20.tp5,e72d4b9a205ad1dafbe1f9418b6ed8632235a058ccc13c15f33e5a10c4412b0e
NIR_scattering_obs15_tar15_rng50_vis5_aerRural_humdefault_sza70,RadianceWithScattering,NIR,Mid-Latitude Summer,Rural,default,5,15,15,50,70,0.70,1.10,10,10,RectangularBand,D:\HwaSimIR\HwaSim_IR\Bin\Config\Atmosphere\MODTRAN\raw\m1_nir_mwir_20260906\NIR_scattering_obs15_tar15_rng50_vis5_aerRural_humdefault_sza70\NIR_scattering_obs15_tar15_rng50_vis5_aerRural_humdefault_sza70.tp5,0be5db63ba0664a5e3e63b0f81cbb3ff5f6a77ceaf5566925baeba7ed33e0782
NIR_scattering_obs15_tar15_rng50_vis10_aerRural_humdefault_sza20,RadianceWithScattering,NIR,Mid-Latitude Summer,Rural,default,10,15,15,50,20,0.70,1.10,10,10,RectangularBand,D:\HwaSimIR\HwaSim_IR\Bin\Config\Atmosphere\MODTRAN\raw\m1_nir_mwir_20260906\NIR_scattering_obs15_tar15_rng50_vis10_aerRural_humdefault_sza20\NIR_scattering_obs15_tar15_rng50_vis10_aerRural_humdefault_sza20.tp5,9cc2017163024cf289b9d1b16216d240966f1cf0bfb5d6426f340816f5c29fc6
NIR_scattering_obs15_tar15_rng50_vis10_aerRural_humdefault_sza70,RadianceWithScattering,NIR,Mid-Latitude Summer,Rural,default,10,15,15,50,70,0.70,1.10,10,10,RectangularBand,D:\HwaSimIR\HwaSim_IR\Bin\Config\Atmosphere\MODTRAN\raw\m1_nir_mwir_20260906\NIR_scattering_obs15_tar15_rng50_vis10_aerRural_humdefault_sza70\NIR_scattering_obs15_tar15_rng50_vis10_aerRural_humdefault_sza70.tp5,dbc74a835f1c6f086240f1366e3e39e68306221fab713817e035dacf18fb034d
NIR_scattering_obs15_tar15_rng50_vis23_aerRural_humdefault_sza20,RadianceWithScattering,NIR,Mid-Latitude Summer,Rural,default,23,15,15,50,20,0.70,1.10,10,10,RectangularBand,D:\HwaSimIR\HwaSim_IR\Bin\Config\Atmosphere\MODTRAN\raw\m1_nir_mwir_20260906\NIR_scattering_obs15_tar15_rng50_vis23_aerRural_humdefault_sza20\NIR_scattering_obs15_tar15_rng50_vis23_aerRural_humdefault_sza20.tp5,bed0ff4e1e06c74606863c59a4773279f94fd715bc85be7e7906191c1652aa3d
NIR_scattering_obs15_tar15_rng50_vis23_aerRural_humdefault_sza70,RadianceWithScattering,NIR,Mid-Latitude Summer,Rural,default,23,15,15,50,70,0.70,1.10,10,10,RectangularBand,D:\HwaSimIR\HwaSim_IR\Bin\Config\Atmosphere\MODTRAN\raw\m1_nir_mwir_20260906\NIR_scattering_obs15_tar15_rng50_vis23_aerRural_humdefault_sza70\NIR_scattering_obs15_tar15_rng50_vis23_aerRural_humdefault_sza70.tp5,6e2ea7e80855de53d7e494e1603f7dab7b23543ebc3dcbac274a6043fd071172
NIR_scattering_obs15_tar15_rng50_vis50_aerRural_humdefault_sza20,RadianceWithScattering,NIR,Mid-Latitude Summer,Rural,default,50,15,15,50,20,0.70,1.10,10,10,RectangularBand,D:\HwaSimIR\HwaSim_IR\Bin\Config\Atmosphere\MODTRAN\raw\m1_nir_mwir_20260906\NIR_scattering_obs15_tar15_rng50_vis50_aerRural_humdefault_sza20\NIR_scattering_obs15_tar15_rng50_vis50_aerRural_humdefault_sza20.tp5,2c463c31a529bfe5d3738c3927fa321f2e2907aa80367948c9201f3388af8203
NIR_scattering_obs15_tar15_rng50_vis50_aerRural_humdefault_sza70,RadianceWithScattering,NIR,Mid-Latitude Summer,Rural,default,50,15,15,50,70,0.70,1.10,10,10,RectangularBand,D:\HwaSimIR\HwaSim_IR\Bin\Config\Atmosphere\MODTRAN\raw\m1_nir_mwir_20260906\NIR_scattering_obs15_tar15_rng50_vis50_aerRural_humdefault_sza70\NIR_scattering_obs15_tar15_rng50_vis50_aerRural_humdefault_sza70.tp5,a46805d67f2d68726f9c3b01ed3b88dadfcc002aa43026ac56d2884c49af07fc
NIR_scattering_obs20_tar20_rng1_vis2_aerRural_humdefault_sza20,RadianceWithScattering,NIR,Mid-Latitude Summer,Rural,default,2,20,20,1,20,0.70,1.10,10,10,RectangularBand,D:\HwaSimIR\HwaSim_IR\Bin\Config\Atmosphere\MODTRAN\raw\m1_nir_mwir_20260906\NIR_scattering_obs20_tar20_rng1_vis2_aerRural_humdefault_sza20\NIR_scattering_obs20_tar20_rng1_vis2_aerRural_humdefault_sza20.tp5,d52ca0441850249b5a31f8c80388ef63b6e98f58bd55eb19a65cc5e56c679923
NIR_scattering_obs20_tar20_rng1_vis2_aerRural_humdefault_sza70,RadianceWithScattering,NIR,Mid-Latitude Summer,Rural,default,2,20,20,1,70,0.70,1.10,10,10,RectangularBand,D:\HwaSimIR\HwaSim_IR\Bin\Config\Atmosphere\MODTRAN\raw\m1_nir_mwir_20260906\NIR_scattering_obs20_tar20_rng1_vis2_aerRural_humdefault_sza70\NIR_scattering_obs20_tar20_rng1_vis2_aerRural_humdefault_sza70.tp5,c4cd2a968e94ff4de2e0aad05370e1897bed8f4e499d06a85c6f501f27f96790
NIR_scattering_obs20_tar20_rng1_vis5_aerRural_humdefault_sza20,RadianceWithScattering,NIR,Mid-Latitude Summer,Rural,default,5,20,20,1,20,0.70,1.10,10,10,RectangularBand,D:\HwaSimIR\HwaSim_IR\Bin\Config\Atmosphere\MODTRAN\raw\m1_nir_mwir_20260906\NIR_scattering_obs20_tar20_rng1_vis5_aerRural_humdefault_sza20\NIR_scattering_obs20_tar20_rng1_vis5_aerRural_humdefault_sza20.tp5,e4cc50c095239497cc7183a070aefabacec6281015cdfd73408949770d07a0ba
NIR_scattering_obs20_tar20_rng1_vis5_aerRural_humdefault_sza70,RadianceWithScattering,NIR,Mid-Latitude Summer,Rural,default,5,20,20,1,70,0.70,1.10,10,10,RectangularBand,D:\HwaSimIR\HwaSim_IR\Bin\Config\Atmosphere\MODTRAN\raw\m1_nir_mwir_20260906\NIR_scattering_obs20_tar20_rng1_vis5_aerRural_humdefault_sza70\NIR_scattering_obs20_tar20_rng1_vis5_aerRural_humdefault_sza70.tp5,9023e89ce896d4fccfcc725ea43c6063cd6c1cb293a7d70d6cb433080e29eb47
NIR_scattering_obs20_tar20_rng1_vis10_aerRural_humdefault_sza20,RadianceWithScattering,NIR,Mid-Latitude Summer,Rural,default,10,20,20,1,20,0.70,1.10,10,10,RectangularBand,D:\HwaSimIR\HwaSim_IR\Bin\Config\Atmosphere\MODTRAN\raw\m1_nir_mwir_20260906\NIR_scattering_obs20_tar20_rng1_vis10_aerRural_humdefault_sza20\NIR_scattering_obs20_tar20_rng1_vis10_aerRural_humdefault_sza20.tp5,20059f4fcd408e29006a4a574814477956171d0610f0a25c9df3e4be46e561ba
NIR_scattering_obs20_tar20_rng1_vis10_aerRural_humdefault_sza70,RadianceWithScattering,NIR,Mid-Latitude Summer,Rural,default,10,20,20,1,70,0.70,1.10,10,10,RectangularBand,D:\HwaSimIR\HwaSim_IR\Bin\Config\Atmosphere\MODTRAN\raw\m1_nir_mwir_20260906\NIR_scattering_obs20_tar20_rng1_vis10_aerRural_humdefault_sza70\NIR_scattering_obs20_tar20_rng1_vis10_aerRural_humdefault_sza70.tp5,debc3cbd4a8bdb6a6a4ad9aae4a0ffc3d71439c93efc59c03f3f4a9c0e59bfc1
NIR_scattering_obs20_tar20_rng1_vis23_aerRural_humdefault_sza20,RadianceWithScattering,NIR,Mid-Latitude Summer,Rural,default,23,20,20,1,20,0.70,1.10,10,10,RectangularBand,D:\HwaSimIR\HwaSim_IR\Bin\Config\Atmosphere\MODTRAN\raw\m1_nir_mwir_20260906\NIR_scattering_obs20_tar20_rng1_vis23_aerRural_humdefault_sza20\NIR_scattering_obs20_tar20_rng1_vis23_aerRural_humdefault_sza20.tp5,c93aeb218245842b6edf6634a904b5063daf18bbc002fee3e662520c112c0382
NIR_scattering_obs20_tar20_rng1_vis23_aerRural_humdefault_sza70,RadianceWithScattering,NIR,Mid-Latitude Summer,Rural,default,23,20,20,1,70,0.70,1.10,10,10,RectangularBand,D:\HwaSimIR\HwaSim_IR\Bin\Config\Atmosphere\MODTRAN\raw\m1_nir_mwir_20260906\NIR_scattering_obs20_tar20_rng1_vis23_aerRural_humdefault_sza70\NIR_scattering_obs20_tar20_rng1_vis23_aerRural_humdefault_sza70.tp5,c2fc5291044d49b16b751cc7cdbf16ee5414846a2c71b5426f0afac921991474
NIR_scattering_obs20_tar20_rng1_vis50_aerRural_humdefault_sza20,RadianceWithScattering,NIR,Mid-Latitude Summer,Rural,default,50,20,20,1,20,0.70,1.10,10,10,RectangularBand,D:\HwaSimIR\HwaSim_IR\Bin\Config\Atmosphere\MODTRAN\raw\m1_nir_mwir_20260906\NIR_scattering_obs20_tar20_rng1_vis50_aerRural_humdefault_sza20\NIR_scattering_obs20_tar20_rng1_vis50_aerRural_humdefault_sza20.tp5,486068628d4d183becd3b1b2e58323650a8d6428b135934f1da0a281ca0d6104
NIR_scattering_obs20_tar20_rng1_vis50_aerRural_humdefault_sza70,RadianceWithScattering,NIR,Mid-Latitude Summer,Rural,default,50,20,20,1,70,0.70,1.10,10,10,RectangularBand,D:\HwaSimIR\HwaSim_IR\Bin\Config\Atmosphere\MODTRAN\raw\m1_nir_mwir_20260906\NIR_scattering_obs20_tar20_rng1_vis50_aerRural_humdefault_sza70\NIR_scattering_obs20_tar20_rng1_vis50_aerRural_humdefault_sza70.tp5,697717b3b327b8a21cc0dbabee1d62f6591e1758be75c270846963c71693f1cc
NIR_scattering_obs20_tar20_rng2_vis2_aerRural_humdefault_sza20,RadianceWithScattering,NIR,Mid-Latitude Summer,Rural,default,2,20,20,2,20,0.70,1.10,10,10,RectangularBand,D:\HwaSimIR\HwaSim_IR\Bin\Config\Atmosphere\MODTRAN\raw\m1_nir_mwir_20260906\NIR_scattering_obs20_tar20_rng2_vis2_aerRural_humdefault_sza20\NIR_scattering_obs20_tar20_rng2_vis2_aerRural_humdefault_sza20.tp5,f12bcd51e35511098ac4d874eea1fa0839e6b5871270beeacaa7d25d50651edd
NIR_scattering_obs20_tar20_rng2_vis2_aerRural_humdefault_sza70,RadianceWithScattering,NIR,Mid-Latitude Summer,Rural,default,2,20,20,2,70,0.70,1.10,10,10,RectangularBand,D:\HwaSimIR\HwaSim_IR\Bin\Config\Atmosphere\MODTRAN\raw\m1_nir_mwir_20260906\NIR_scattering_obs20_tar20_rng2_vis2_aerRural_humdefault_sza70\NIR_scattering_obs20_tar20_rng2_vis2_aerRural_humdefault_sza70.tp5,0a88d6f6eb92291c12132f7b0634fd9e34da7d17f25517d6bd6912d5212dfe58
NIR_scattering_obs20_tar20_rng2_vis5_aerRural_humdefault_sza20,RadianceWithScattering,NIR,Mid-Latitude Summer,Rural,default,5,20,20,2,20,0.70,1.10,10,10,RectangularBand,D:\HwaSimIR\HwaSim_IR\Bin\Config\Atmosphere\MODTRAN\raw\m1_nir_mwir_20260906\NIR_scattering_obs20_tar20_rng2_vis5_aerRural_humdefault_sza20\NIR_scattering_obs20_tar20_rng2_vis5_aerRural_humdefault_sza20.tp5,59af577acab855f0315a083702f07ca63bab2673f297ee5c5c50ca170d1c1422
NIR_scattering_obs20_tar20_rng2_vis5_aerRural_humdefault_sza70,RadianceWithScattering,NIR,Mid-Latitude Summer,Rural,default,5,20,20,2,70,0.70,1.10,10,10,RectangularBand,D:\HwaSimIR\HwaSim_IR\Bin\Config\Atmosphere\MODTRAN\raw\m1_nir_mwir_20260906\NIR_scattering_obs20_tar20_rng2_vis5_aerRural_humdefault_sza70\NIR_scattering_obs20_tar20_rng2_vis5_aerRural_humdefault_sza70.tp5,001287fd7ec4fe4d1965171b2f4e3903d40c3ba55df2ee4a941c6d135c581d5f
NIR_scattering_obs20_tar20_rng2_vis10_aerRural_humdefault_sza20,RadianceWithScattering,NIR,Mid-Latitude Summer,Rural,default,10,20,20,2,20,0.70,1.10,10,10,RectangularBand,D:\HwaSimIR\HwaSim_IR\Bin\Config\Atmosphere\MODTRAN\raw\m1_nir_mwir_20260906\NIR_scattering_obs20_tar20_rng2_vis10_aerRural_humdefault_sza20\NIR_scattering_obs20_tar20_rng2_vis10_aerRural_humdefault_sza20.tp5,7ed708fabb5833861a5e815a4b97a29e05ce6c14bfe5b3ac15bdd9ef3e51ca34
NIR_scattering_obs20_tar20_rng2_vis10_aerRural_humdefault_sza70,RadianceWithScattering,NIR,Mid-Latitude Summer,Rural,default,10,20,20,2,70,0.70,1.10,10,10,RectangularBand,D:\HwaSimIR\HwaSim_IR\Bin\Config\Atmosphere\MODTRAN\raw\m1_nir_mwir_20260906\NIR_scattering_obs20_tar20_rng2_vis10_aerRural_humdefault_sza70\NIR_scattering_obs20_tar20_rng2_vis10_aerRural_humdefault_sza70.tp5,914f3d19c897fc657cfbce6feecd4a87cf4d4224decb10d80d2612f7e326626a
NIR_scattering_obs20_tar20_rng2_vis23_aerRural_humdefault_sza20,RadianceWithScattering,NIR,Mid-Latitude Summer,Rural,default,23,20,20,2,20,0.70,1.10,10,10,RectangularBand,D:\HwaSimIR\HwaSim_IR\Bin\Config\Atmosphere\MODTRAN\raw\m1_nir_mwir_20260906\NIR_scattering_obs20_tar20_rng2_vis23_aerRural_humdefault_sza20\NIR_scattering_obs20_tar20_rng2_vis23_aerRural_humdefault_sza20.tp5,7b045596d2884efdfcc66920f0e38230e1c34e915a84f35adb6de95f834a1a37
NIR_scattering_obs20_tar20_rng2_vis23_aerRural_humdefault_sza70,RadianceWithScattering,NIR,Mid-Latitude Summer,Rural,default,23,20,20,2,70,0.70,1.10,10,10,RectangularBand,D:\HwaSimIR\HwaSim_IR\Bin\Config\Atmosphere\MODTRAN\raw\m1_nir_mwir_20260906\NIR_scattering_obs20_tar20_rng2_vis23_aerRural_humdefault_sza70\NIR_scattering_obs20_tar20_rng2_vis23_aerRural_humdefault_sza70.tp5,565f6d1a63ff62a32950ffd83b42908f6f1499064820264177a9a325b0e7f568
NIR_scattering_obs20_tar20_rng2_vis50_aerRural_humdefault_sza20,RadianceWithScattering,NIR,Mid-Latitude Summer,Rural,default,50,20,20,2,20,0.70,1.10,10,10,RectangularBand,D:\HwaSimIR\HwaSim_IR\Bin\Config\Atmosphere\MODTRAN\raw\m1_nir_mwir_20260906\NIR_scattering_obs20_tar20_rng2_vis50_aerRural_humdefault_sza20\NIR_scattering_obs20_tar20_rng2_vis50_aerRural_humdefault_sza20.tp5,216ab34be6580785bd5943636174088ec221f29964c22edf58ff613f4ff574ce
NIR_scattering_obs20_tar20_rng2_vis50_aerRural_humdefault_sza70,RadianceWithScattering,NIR,Mid-Latitude Summer,Rural,default,50,20,20,2,70,0.70,1.10,10,10,RectangularBand,D:\HwaSimIR\HwaSim_IR\Bin\Config\Atmosphere\MODTRAN\raw\m1_nir_mwir_20260906\NIR_scattering_obs20_tar20_rng2_vis50_aerRural_humdefault_sza70\NIR_scattering_obs20_tar20_rng2_vis50_aerRural_humdefault_sza70.tp5,e189cb03139000bdba42a64e5d35a8d56780aa27e73d656a951b088dc68776c0
NIR_scattering_obs20_tar20_rng5_vis2_aerRural_humdefault_sza20,RadianceWithScattering,NIR,Mid-Latitude Summer,Rural,default,2,20,20,5,20,0.70,1.10,10,10,RectangularBand,D:\HwaSimIR\HwaSim_IR\Bin\Config\Atmosphere\MODTRAN\raw\m1_nir_mwir_20260906\NIR_scattering_obs20_tar20_rng5_vis2_aerRural_humdefault_sza20\NIR_scattering_obs20_tar20_rng5_vis2_aerRural_humdefault_sza20.tp5,4cc2c57ff35f67b6e0e6565c4cebff7f87d702eaff84f59e0d3a64019caf8b74
NIR_scattering_obs20_tar20_rng5_vis2_aerRural_humdefault_sza70,RadianceWithScattering,NIR,Mid-Latitude Summer,Rural,default,2,20,20,5,70,0.70,1.10,10,10,RectangularBand,D:\HwaSimIR\HwaSim_IR\Bin\Config\Atmosphere\MODTRAN\raw\m1_nir_mwir_20260906\NIR_scattering_obs20_tar20_rng5_vis2_aerRural_humdefault_sza70\NIR_scattering_obs20_tar20_rng5_vis2_aerRural_humdefault_sza70.tp5,721d4f6c32fd7d6b99ca8ee07f187a85489dcb8323b2c23f79c21c8386004816
NIR_scattering_obs20_tar20_rng5_vis5_aerRural_humdefault_sza20,RadianceWithScattering,NIR,Mid-Latitude Summer,Rural,default,5,20,20,5,20,0.70,1.10,10,10,RectangularBand,D:\HwaSimIR\HwaSim_IR\Bin\Config\Atmosphere\MODTRAN\raw\m1_nir_mwir_20260906\NIR_scattering_obs20_tar20_rng5_vis5_aerRural_humdefault_sza20\NIR_scattering_obs20_tar20_rng5_vis5_aerRural_humdefault_sza20.tp5,50fa770570fd1f1c96d208e3f36b09cc3a5c5e50c6ec3e83cb2e8cf4efee6ffe
NIR_scattering_obs20_tar20_rng5_vis5_aerRural_humdefault_sza70,RadianceWithScattering,NIR,Mid-Latitude Summer,Rural,default,5,20,20,5,70,0.70,1.10,10,10,RectangularBand,D:\HwaSimIR\HwaSim_IR\Bin\Config\Atmosphere\MODTRAN\raw\m1_nir_mwir_20260906\NIR_scattering_obs20_tar20_rng5_vis5_aerRural_humdefault_sza70\NIR_scattering_obs20_tar20_rng5_vis5_aerRural_humdefault_sza70.tp5,b88c4241a390d8a861f429a98f86916de4b20ee6149bda21cc12d78e88e78829
NIR_scattering_obs20_tar20_rng5_vis10_aerRural_humdefault_sza20,RadianceWithScattering,NIR,Mid-Latitude Summer,Rural,default,10,20,20,5,20,0.70,1.10,10,10,RectangularBand,D:\HwaSimIR\HwaSim_IR\Bin\Config\Atmosphere\MODTRAN\raw\m1_nir_mwir_20260906\NIR_scattering_obs20_tar20_rng5_vis10_aerRural_humdefault_sza20\NIR_scattering_obs20_tar20_rng5_vis10_aerRural_humdefault_sza20.tp5,2e6a42939985ec3ec56f5a4f328688a082ca62f9c87cd49cfe2862fcd7d15a23
NIR_scattering_obs20_tar20_rng5_vis10_aerRural_humdefault_sza70,RadianceWithScattering,NIR,Mid-Latitude Summer,Rural,default,10,20,20,5,70,0.70,1.10,10,10,RectangularBand,D:\HwaSimIR\HwaSim_IR\Bin\Config\Atmosphere\MODTRAN\raw\m1_nir_mwir_20260906\NIR_scattering_obs20_tar20_rng5_vis10_aerRural_humdefault_sza70\NIR_scattering_obs20_tar20_rng5_vis10_aerRural_humdefault_sza70.tp5,76de6c2ea2dc93f249780f60cbbf07a4a486ee6cbc30de348d996be5f0d7b008
NIR_scattering_obs20_tar20_rng5_vis23_aerRural_humdefault_sza20,RadianceWithScattering,NIR,Mid-Latitude Summer,Rural,default,23,20,20,5,20,0.70,1.10,10,10,RectangularBand,D:\HwaSimIR\HwaSim_IR\Bin\Config\Atmosphere\MODTRAN\raw\m1_nir_mwir_20260906\NIR_scattering_obs20_tar20_rng5_vis23_aerRural_humdefault_sza20\NIR_scattering_obs20_tar20_rng5_vis23_aerRural_humdefault_sza20.tp5,f3487f7fcd5401c747fd50b2b4aa27285eb07357eeef7f966491efb7580f60d0
NIR_scattering_obs20_tar20_rng5_vis23_aerRural_humdefault_sza70,RadianceWithScattering,NIR,Mid-Latitude Summer,Rural,default,23,20,20,5,70,0.70,1.10,10,10,RectangularBand,D:\HwaSimIR\HwaSim_IR\Bin\Config\Atmosphere\MODTRAN\raw\m1_nir_mwir_20260906\NIR_scattering_obs20_tar20_rng5_vis23_aerRural_humdefault_sza70\NIR_scattering_obs20_tar20_rng5_vis23_aerRural_humdefault_sza70.tp5,a56f6f055f0a88b418729f91b88867f38d6e5115ed562a53127ccec919263488
NIR_scattering_obs20_tar20_rng5_vis50_aerRural_humdefault_sza20,RadianceWithScattering,NIR,Mid-Latitude Summer,Rural,default,50,20,20,5,20,0.70,1.10,10,10,RectangularBand,D:\HwaSimIR\HwaSim_IR\Bin\Config\Atmosphere\MODTRAN\raw\m1_nir_mwir_20260906\NIR_scattering_obs20_tar20_rng5_vis50_aerRural_humdefault_sza20\NIR_scattering_obs20_tar20_rng5_vis50_aerRural_humdefault_sza20.tp5,2c5b65425c846b7056583233aed7a36bf1932e740cbf01013e6d950e031f8eef
NIR_scattering_obs20_tar20_rng5_vis50_aerRural_humdefault_sza70,RadianceWithScattering,NIR,Mid-Latitude Summer,Rural,default,50,20,20,5,70,0.70,1.10,10,10,RectangularBand,D:\HwaSimIR\HwaSim_IR\Bin\Config\Atmosphere\MODTRAN\raw\m1_nir_mwir_20260906\NIR_scattering_obs20_tar20_rng5_vis50_aerRural_humdefault_sza70\NIR_scattering_obs20_tar20_rng5_vis50_aerRural_humdefault_sza70.tp5,e4c1a36e474536a41515378b76af8f91be1be271f8ffb96b251bee218b5c128d
NIR_scattering_obs20_tar20_rng10_vis2_aerRural_humdefault_sza20,RadianceWithScattering,NIR,Mid-Latitude Summer,Rural,default,2,20,20,10,20,0.70,1.10,10,10,RectangularBand,D:\HwaSimIR\HwaSim_IR\Bin\Config\Atmosphere\MODTRAN\raw\m1_nir_mwir_20260906\NIR_scattering_obs20_tar20_rng10_vis2_aerRural_humdefault_sza20\NIR_scattering_obs20_tar20_rng10_vis2_aerRural_humdefault_sza20.tp5,1b0a799a2b462890c69bc1f1a3d6e2426a1465202865cbc72b5d08061973676f
NIR_scattering_obs20_tar20_rng10_vis2_aerRural_humdefault_sza70,RadianceWithScattering,NIR,Mid-Latitude Summer,Rural,default,2,20,20,10,70,0.70,1.10,10,10,RectangularBand,D:\HwaSimIR\HwaSim_IR\Bin\Config\Atmosphere\MODTRAN\raw\m1_nir_mwir_20260906\NIR_scattering_obs20_tar20_rng10_vis2_aerRural_humdefault_sza70\NIR_scattering_obs20_tar20_rng10_vis2_aerRural_humdefault_sza70.tp5,8749ae6c9ca41e6a046e4dbd68e09da26903427f275d0d10aabeddce986e8070
NIR_scattering_obs20_tar20_rng10_vis5_aerRural_humdefault_sza20,RadianceWithScattering,NIR,Mid-Latitude Summer,Rural,default,5,20,20,10,20,0.70,1.10,10,10,RectangularBand,D:\HwaSimIR\HwaSim_IR\Bin\Config\Atmosphere\MODTRAN\raw\m1_nir_mwir_20260906\NIR_scattering_obs20_tar20_rng10_vis5_aerRural_humdefault_sza20\NIR_scattering_obs20_tar20_rng10_vis5_aerRural_humdefault_sza20.tp5,630ac020a37663998b9dd160914405d0a7323aea4a4328b5b26b901dd7e7ad50
NIR_scattering_obs20_tar20_rng10_vis5_aerRural_humdefault_sza70,RadianceWithScattering,NIR,Mid-Latitude Summer,Rural,default,5,20,20,10,70,0.70,1.10,10,10,RectangularBand,D:\HwaSimIR\HwaSim_IR\Bin\Config\Atmosphere\MODTRAN\raw\m1_nir_mwir_20260906\NIR_scattering_obs20_tar20_rng10_vis5_aerRural_humdefault_sza70\NIR_scattering_obs20_tar20_rng10_vis5_aerRural_humdefault_sza70.tp5,d72b2dbc0c8342dd3e62decb91a2ba872384a15c6ae74683aa575761d4d94814
NIR_scattering_obs20_tar20_rng10_vis10_aerRural_humdefault_sza20,RadianceWithScattering,NIR,Mid-Latitude Summer,Rural,default,10,20,20,10,20,0.70,1.10,10,10,RectangularBand,D:\HwaSimIR\HwaSim_IR\Bin\Config\Atmosphere\MODTRAN\raw\m1_nir_mwir_20260906\NIR_scattering_obs20_tar20_rng10_vis10_aerRural_humdefault_sza20\NIR_scattering_obs20_tar20_rng10_vis10_aerRural_humdefault_sza20.tp5,be6a7a02e80d1578dee1cc7378a3d52ee80ac620e17db7cc7de464ca2856b6b0
NIR_scattering_obs20_tar20_rng10_vis10_aerRural_humdefault_sza70,RadianceWithScattering,NIR,Mid-Latitude Summer,Rural,default,10,20,20,10,70,0.70,1.10,10,10,RectangularBand,D:\HwaSimIR\HwaSim_IR\Bin\Config\Atmosphere\MODTRAN\raw\m1_nir_mwir_20260906\NIR_scattering_obs20_tar20_rng10_vis10_aerRural_humdefault_sza70\NIR_scattering_obs20_tar20_rng10_vis10_aerRural_humdefault_sza70.tp5,04ecdc600ded976e27ea57460c26473fc4568d1f1533139c3159e959cda90642
NIR_scattering_obs20_tar20_rng10_vis23_aerRural_humdefault_sza20,RadianceWithScattering,NIR,Mid-Latitude Summer,Rural,default,23,20,20,10,20,0.70,1.10,10,10,RectangularBand,D:\HwaSimIR\HwaSim_IR\Bin\Config\Atmosphere\MODTRAN\raw\m1_nir_mwir_20260906\NIR_scattering_obs20_tar20_rng10_vis23_aerRural_humdefault_sza20\NIR_scattering_obs20_tar20_rng10_vis23_aerRural_humdefault_sza20.tp5,84ffe06f1b74534524027c6bccd22b0ed67ffb35d722214da26fae59256d6d15
NIR_scattering_obs20_tar20_rng10_vis23_aerRural_humdefault_sza70,RadianceWithScattering,NIR,Mid-Latitude Summer,Rural,default,23,20,20,10,70,0.70,1.10,10,10,RectangularBand,D:\HwaSimIR\HwaSim_IR\Bin\Config\Atmosphere\MODTRAN\raw\m1_nir_mwir_20260906\NIR_scattering_obs20_tar20_rng10_vis23_aerRural_humdefault_sza70\NIR_scattering_obs20_tar20_rng10_vis23_aerRural_humdefault_sza70.tp5,1c8c4b6b9e257cdb0cf981499632cd4699632aed846c580c967158e146e605d1
NIR_scattering_obs20_tar20_rng10_vis50_aerRural_humdefault_sza20,RadianceWithScattering,NIR,Mid-Latitude Summer,Rural,default,50,20,20,10,20,0.70,1.10,10,10,RectangularBand,D:\HwaSimIR\HwaSim_IR\Bin\Config\Atmosphere\MODTRAN\raw\m1_nir_mwir_20260906\NIR_scattering_obs20_tar20_rng10_vis50_aerRural_humdefault_sza20\NIR_scattering_obs20_tar20_rng10_vis50_aerRural_humdefault_sza20.tp5,6a5ca52ea432120147f69d05fdf2acce743cea6901604cee213dea46c8d0dd7a
NIR_scattering_obs20_tar20_rng10_vis50_aerRural_humdefault_sza70,RadianceWithScattering,NIR,Mid-Latitude Summer,Rural,default,50,20,20,10,70,0.70,1.10,10,10,RectangularBand,D:\HwaSimIR\HwaSim_IR\Bin\Config\Atmosphere\MODTRAN\raw\m1_nir_mwir_20260906\NIR_scattering_obs20_tar20_rng10_vis50_aerRural_humdefault_sza70\NIR_scattering_obs20_tar20_rng10_vis50_aerRural_humdefault_sza70.tp5,0aed05cc9621e82e25f24bcdc8511f0f0801c66f29c7d00c8e4775cf875fc130
NIR_scattering_obs20_tar20_rng20_vis2_aerRural_humdefault_sza20,RadianceWithScattering,NIR,Mid-Latitude Summer,Rural,default,2,20,20,20,20,0.70,1.10,10,10,RectangularBand,D:\HwaSimIR\HwaSim_IR\Bin\Config\Atmosphere\MODTRAN\raw\m1_nir_mwir_20260906\NIR_scattering_obs20_tar20_rng20_vis2_aerRural_humdefault_sza20\NIR_scattering_obs20_tar20_rng20_vis2_aerRural_humdefault_sza20.tp5,89c920ce3cc9979fec134f8bf62bcee0f53fc3e9384ba0b021262f82f3b81aec
NIR_scattering_obs20_tar20_rng20_vis2_aerRural_humdefault_sza70,RadianceWithScattering,NIR,Mid-Latitude Summer,Rural,default,2,20,20,20,70,0.70,1.10,10,10,RectangularBand,D:\HwaSimIR\HwaSim_IR\Bin\Config\Atmosphere\MODTRAN\raw\m1_nir_mwir_20260906\NIR_scattering_obs20_tar20_rng20_vis2_aerRural_humdefault_sza70\NIR_scattering_obs20_tar20_rng20_vis2_aerRural_humdefault_sza70.tp5,cfe334429771c034abb179d3d82f6b6fd1359d16c199892aaf78e9b0d96affd2
NIR_scattering_obs20_tar20_rng20_vis5_aerRural_humdefault_sza20,RadianceWithScattering,NIR,Mid-Latitude Summer,Rural,default,5,20,20,20,20,0.70,1.10,10,10,RectangularBand,D:\HwaSimIR\HwaSim_IR\Bin\Config\Atmosphere\MODTRAN\raw\m1_nir_mwir_20260906\NIR_scattering_obs20_tar20_rng20_vis5_aerRural_humdefault_sza20\NIR_scattering_obs20_tar20_rng20_vis5_aerRural_humdefault_sza20.tp5,80946cd62d47dc92a9ce8ca35bbf6a0204c51ff5086e17d6b4a0bd8fe6fd834e
NIR_scattering_obs20_tar20_rng20_vis5_aerRural_humdefault_sza70,RadianceWithScattering,NIR,Mid-Latitude Summer,Rural,default,5,20,20,20,70,0.70,1.10,10,10,RectangularBand,D:\HwaSimIR\HwaSim_IR\Bin\Config\Atmosphere\MODTRAN\raw\m1_nir_mwir_20260906\NIR_scattering_obs20_tar20_rng20_vis5_aerRural_humdefault_sza70\NIR_scattering_obs20_tar20_rng20_vis5_aerRural_humdefault_sza70.tp5,faf1d895c537988fda1fed11e59115648ebdc57cf40ca5afb7a0ea491ae16f78
NIR_scattering_obs20_tar20_rng20_vis10_aerRural_humdefault_sza20,RadianceWithScattering,NIR,Mid-Latitude Summer,Rural,default,10,20,20,20,20,0.70,1.10,10,10,RectangularBand,D:\HwaSimIR\HwaSim_IR\Bin\Config\Atmosphere\MODTRAN\raw\m1_nir_mwir_20260906\NIR_scattering_obs20_tar20_rng20_vis10_aerRural_humdefault_sza20\NIR_scattering_obs20_tar20_rng20_vis10_aerRural_humdefault_sza20.tp5,41f5f0dd96d78e3389c3e9b3e3860d16c097235bd50a8309d3b3a7625a4e7861
NIR_scattering_obs20_tar20_rng20_vis10_aerRural_humdefault_sza70,RadianceWithScattering,NIR,Mid-Latitude Summer,Rural,default,10,20,20,20,70,0.70,1.10,10,10,RectangularBand,D:\HwaSimIR\HwaSim_IR\Bin\Config\Atmosphere\MODTRAN\raw\m1_nir_mwir_20260906\NIR_scattering_obs20_tar20_rng20_vis10_aerRural_humdefault_sza70\NIR_scattering_obs20_tar20_rng20_vis10_aerRural_humdefault_sza70.tp5,8b7fa1e331ecac1fff9d8674088ebeb99dd13882b11ad4ff7b191ec4e87a9194
NIR_scattering_obs20_tar20_rng20_vis23_aerRural_humdefault_sza20,RadianceWithScattering,NIR,Mid-Latitude Summer,Rural,default,23,20,20,20,20,0.70,1.10,10,10,RectangularBand,D:\HwaSimIR\HwaSim_IR\Bin\Config\Atmosphere\MODTRAN\raw\m1_nir_mwir_20260906\NIR_scattering_obs20_tar20_rng20_vis23_aerRural_humdefault_sza20\NIR_scattering_obs20_tar20_rng20_vis23_aerRural_humdefault_sza20.tp5,10e57ca7cbda85c6eee72649ce2a7ad733f97d6c2cb9db11a9b17eee82b448ad
NIR_scattering_obs20_tar20_rng20_vis23_aerRural_humdefault_sza70,RadianceWithScattering,NIR,Mid-Latitude Summer,Rural,default,23,20,20,20,70,0.70,1.10,10,10,RectangularBand,D:\HwaSimIR\HwaSim_IR\Bin\Config\Atmosphere\MODTRAN\raw\m1_nir_mwir_20260906\NIR_scattering_obs20_tar20_rng20_vis23_aerRural_humdefault_sza70\NIR_scattering_obs20_tar20_rng20_vis23_aerRural_humdefault_sza70.tp5,9207fb270df325289eb4d1deb7b4a05ee6b383041146b72bc01ad74bc6a3f10f
NIR_scattering_obs20_tar20_rng20_vis50_aerRural_humdefault_sza20,RadianceWithScattering,NIR,Mid-Latitude Summer,Rural,default,50,20,20,20,20,0.70,1.10,10,10,RectangularBand,D:\HwaSimIR\HwaSim_IR\Bin\Config\Atmosphere\MODTRAN\raw\m1_nir_mwir_20260906\NIR_scattering_obs20_tar20_rng20_vis50_aerRural_humdefault_sza20\NIR_scattering_obs20_tar20_rng20_vis50_aerRural_humdefault_sza20.tp5,9ebf875a55f0be1bbbb8d6c0a776893f68a0ff46877c62dbc5394d130f31063b
NIR_scattering_obs20_tar20_rng20_vis50_aerRural_humdefault_sza70,RadianceWithScattering,NIR,Mid-Latitude Summer,Rural,default,50,20,20,20,70,0.70,1.10,10,10,RectangularBand,D:\HwaSimIR\HwaSim_IR\Bin\Config\Atmosphere\MODTRAN\raw\m1_nir_mwir_20260906\NIR_scattering_obs20_tar20_rng20_vis50_aerRural_humdefault_sza70\NIR_scattering_obs20_tar20_rng20_vis50_aerRural_humdefault_sza70.tp5,9516520f1c3606d1e3650cfd77f5b0cfc1b906e0ef2453bf733385d1edb458ec
NIR_scattering_obs20_tar20_rng35_vis2_aerRural_humdefault_sza20,RadianceWithScattering,NIR,Mid-Latitude Summer,Rural,default,2,20,20,35,20,0.70,1.10,10,10,RectangularBand,D:\HwaSimIR\HwaSim_IR\Bin\Config\Atmosphere\MODTRAN\raw\m1_nir_mwir_20260906\NIR_scattering_obs20_tar20_rng35_vis2_aerRural_humdefault_sza20\NIR_scattering_obs20_tar20_rng35_vis2_aerRural_humdefault_sza20.tp5,47382d8970db823a7e2bec72e8fd88b00001a2e9b9a55063c7641724271b6a96
NIR_scattering_obs20_tar20_rng35_vis2_aerRural_humdefault_sza70,RadianceWithScattering,NIR,Mid-Latitude Summer,Rural,default,2,20,20,35,70,0.70,1.10,10,10,RectangularBand,D:\HwaSimIR\HwaSim_IR\Bin\Config\Atmosphere\MODTRAN\raw\m1_nir_mwir_20260906\NIR_scattering_obs20_tar20_rng35_vis2_aerRural_humdefault_sza70\NIR_scattering_obs20_tar20_rng35_vis2_aerRural_humdefault_sza70.tp5,3f8d59e820ba2fe3f73e678fb0289078dbc85a923d63c90befbca88bd04f47dd
NIR_scattering_obs20_tar20_rng35_vis5_aerRural_humdefault_sza20,RadianceWithScattering,NIR,Mid-Latitude Summer,Rural,default,5,20,20,35,20,0.70,1.10,10,10,RectangularBand,D:\HwaSimIR\HwaSim_IR\Bin\Config\Atmosphere\MODTRAN\raw\m1_nir_mwir_20260906\NIR_scattering_obs20_tar20_rng35_vis5_aerRural_humdefault_sza20\NIR_scattering_obs20_tar20_rng35_vis5_aerRural_humdefault_sza20.tp5,3c99b2749ea4a7c82e607984ea6697ddcd3b21f71447d9d705d0ececb296292d
NIR_scattering_obs20_tar20_rng35_vis5_aerRural_humdefault_sza70,RadianceWithScattering,NIR,Mid-Latitude Summer,Rural,default,5,20,20,35,70,0.70,1.10,10,10,RectangularBand,D:\HwaSimIR\HwaSim_IR\Bin\Config\Atmosphere\MODTRAN\raw\m1_nir_mwir_20260906\NIR_scattering_obs20_tar20_rng35_vis5_aerRural_humdefault_sza70\NIR_scattering_obs20_tar20_rng35_vis5_aerRural_humdefault_sza70.tp5,d997f8017da6c3b59ea5d1cc12223ccf86e9de1ddec3b75f672375f831e73140
NIR_scattering_obs20_tar20_rng35_vis10_aerRural_humdefault_sza20,RadianceWithScattering,NIR,Mid-Latitude Summer,Rural,default,10,20,20,35,20,0.70,1.10,10,10,RectangularBand,D:\HwaSimIR\HwaSim_IR\Bin\Config\Atmosphere\MODTRAN\raw\m1_nir_mwir_20260906\NIR_scattering_obs20_tar20_rng35_vis10_aerRural_humdefault_sza20\NIR_scattering_obs20_tar20_rng35_vis10_aerRural_humdefault_sza20.tp5,0e879b2e56e55b114f480bf4b1f68915edf6101ea0b2e302001635ba60008138
NIR_scattering_obs20_tar20_rng35_vis10_aerRural_humdefault_sza70,RadianceWithScattering,NIR,Mid-Latitude Summer,Rural,default,10,20,20,35,70,0.70,1.10,10,10,RectangularBand,D:\HwaSimIR\HwaSim_IR\Bin\Config\Atmosphere\MODTRAN\raw\m1_nir_mwir_20260906\NIR_scattering_obs20_tar20_rng35_vis10_aerRural_humdefault_sza70\NIR_scattering_obs20_tar20_rng35_vis10_aerRural_humdefault_sza70.tp5,f469e122321688db3b87b8ad0af8cde9a1fc2154490f2f47f7efacfee67f7159
NIR_scattering_obs20_tar20_rng35_vis23_aerRural_humdefault_sza20,RadianceWithScattering,NIR,Mid-Latitude Summer,Rural,default,23,20,20,35,20,0.70,1.10,10,10,RectangularBand,D:\HwaSimIR\HwaSim_IR\Bin\Config\Atmosphere\MODTRAN\raw\m1_nir_mwir_20260906\NIR_scattering_obs20_tar20_rng35_vis23_aerRural_humdefault_sza20\NIR_scattering_obs20_tar20_rng35_vis23_aerRural_humdefault_sza20.tp5,17ac817df397b24e8ff5cb242145ac53971b51b67d6e4af7a05271d7191d4cbf
NIR_scattering_obs20_tar20_rng35_vis23_aerRural_humdefault_sza70,RadianceWithScattering,NIR,Mid-Latitude Summer,Rural,default,23,20,20,35,70,0.70,1.10,10,10,RectangularBand,D:\HwaSimIR\HwaSim_IR\Bin\Config\Atmosphere\MODTRAN\raw\m1_nir_mwir_20260906\NIR_scattering_obs20_tar20_rng35_vis23_aerRural_humdefault_sza70\NIR_scattering_obs20_tar20_rng35_vis23_aerRural_humdefault_sza70.tp5,90aba085ed8e8f5ea01a5a5474277723ff80caa4d4af4fe48eff07162f6c3e1f
NIR_scattering_obs20_tar20_rng35_vis50_aerRural_humdefault_sza20,RadianceWithScattering,NIR,Mid-Latitude Summer,Rural,default,50,20,20,35,20,0.70,1.10,10,10,RectangularBand,D:\HwaSimIR\HwaSim_IR\Bin\Config\Atmosphere\MODTRAN\raw\m1_nir_mwir_20260906\NIR_scattering_obs20_tar20_rng35_vis50_aerRural_humdefault_sza20\NIR_scattering_obs20_tar20_rng35_vis50_aerRural_humdefault_sza20.tp5,ef47db83377e3399cbc28ee323851d7d1450b273de34c3a43c9b8c0e634e8039
NIR_scattering_obs20_tar20_rng35_vis50_aerRural_humdefault_sza70,RadianceWithScattering,NIR,Mid-Latitude Summer,Rural,default,50,20,20,35,70,0.70,1.10,10,10,RectangularBand,D:\HwaSimIR\HwaSim_IR\Bin\Config\Atmosphere\MODTRAN\raw\m1_nir_mwir_20260906\NIR_scattering_obs20_tar20_rng35_vis50_aerRural_humdefault_sza70\NIR_scattering_obs20_tar20_rng35_vis50_aerRural_humdefault_sza70.tp5,d52a783b4615c6ed5c383776e404261d1171f054cc01f2163e91e17865d7f527
NIR_scattering_obs20_tar20_rng50_vis2_aerRural_humdefault_sza20,RadianceWithScattering,NIR,Mid-Latitude Summer,Rural,default,2,20,20,50,20,0.70,1.10,10,10,RectangularBand,D:\HwaSimIR\HwaSim_IR\Bin\Config\Atmosphere\MODTRAN\raw\m1_nir_mwir_20260906\NIR_scattering_obs20_tar20_rng50_vis2_aerRural_humdefault_sza20\NIR_scattering_obs20_tar20_rng50_vis2_aerRural_humdefault_sza20.tp5,4108aaf10b43e49b194d7420b9ed7247e5a2cc90c3b6082dc7f0b4594dbd6f71
NIR_scattering_obs20_tar20_rng50_vis2_aerRural_humdefault_sza70,RadianceWithScattering,NIR,Mid-Latitude Summer,Rural,default,2,20,20,50,70,0.70,1.10,10,10,RectangularBand,D:\HwaSimIR\HwaSim_IR\Bin\Config\Atmosphere\MODTRAN\raw\m1_nir_mwir_20260906\NIR_scattering_obs20_tar20_rng50_vis2_aerRural_humdefault_sza70\NIR_scattering_obs20_tar20_rng50_vis2_aerRural_humdefault_sza70.tp5,645e1ed91ae061b8da4d7794d2adacc5e0264b4f81698be95472908d1c84d6d8
NIR_scattering_obs20_tar20_rng50_vis5_aerRural_humdefault_sza20,RadianceWithScattering,NIR,Mid-Latitude Summer,Rural,default,5,20,20,50,20,0.70,1.10,10,10,RectangularBand,D:\HwaSimIR\HwaSim_IR\Bin\Config\Atmosphere\MODTRAN\raw\m1_nir_mwir_20260906\NIR_scattering_obs20_tar20_rng50_vis5_aerRural_humdefault_sza20\NIR_scattering_obs20_tar20_rng50_vis5_aerRural_humdefault_sza20.tp5,3c6d0a1aa8bf1dc40ba2d66e0cceed94788a7c72ac4cfa0722d3493e25d5f075
NIR_scattering_obs20_tar20_rng50_vis5_aerRural_humdefault_sza70,RadianceWithScattering,NIR,Mid-Latitude Summer,Rural,default,5,20,20,50,70,0.70,1.10,10,10,RectangularBand,D:\HwaSimIR\HwaSim_IR\Bin\Config\Atmosphere\MODTRAN\raw\m1_nir_mwir_20260906\NIR_scattering_obs20_tar20_rng50_vis5_aerRural_humdefault_sza70\NIR_scattering_obs20_tar20_rng50_vis5_aerRural_humdefault_sza70.tp5,3d959daf8702312220d3e66cd39b396ca3414994a9428893cad6e9324de1dad6
NIR_scattering_obs20_tar20_rng50_vis10_aerRural_humdefault_sza20,RadianceWithScattering,NIR,Mid-Latitude Summer,Rural,default,10,20,20,50,20,0.70,1.10,10,10,RectangularBand,D:\HwaSimIR\HwaSim_IR\Bin\Config\Atmosphere\MODTRAN\raw\m1_nir_mwir_20260906\NIR_scattering_obs20_tar20_rng50_vis10_aerRural_humdefault_sza20\NIR_scattering_obs20_tar20_rng50_vis10_aerRural_humdefault_sza20.tp5,0aab12421d4f4e4fd2c4d419f1c6bcd1332947eae3c974b0d04c98fb2c1adbc6
NIR_scattering_obs20_tar20_rng50_vis10_aerRural_humdefault_sza70,RadianceWithScattering,NIR,Mid-Latitude Summer,Rural,default,10,20,20,50,70,0.70,1.10,10,10,RectangularBand,D:\HwaSimIR\HwaSim_IR\Bin\Config\Atmosphere\MODTRAN\raw\m1_nir_mwir_20260906\NIR_scattering_obs20_tar20_rng50_vis10_aerRural_humdefault_sza70\NIR_scattering_obs20_tar20_rng50_vis10_aerRural_humdefault_sza70.tp5,ddfbc0277c8223daac553aceb04d9df17c5e933e0fa4f85fcb2c829bcaa6f153
NIR_scattering_obs20_tar20_rng50_vis23_aerRural_humdefault_sza20,RadianceWithScattering,NIR,Mid-Latitude Summer,Rural,default,23,20,20,50,20,0.70,1.10,10,10,RectangularBand,D:\HwaSimIR\HwaSim_IR\Bin\Config\Atmosphere\MODTRAN\raw\m1_nir_mwir_20260906\NIR_scattering_obs20_tar20_rng50_vis23_aerRural_humdefault_sza20\NIR_scattering_obs20_tar20_rng50_vis23_aerRural_humdefault_sza20.tp5,d2bfdf97e71cf406a307cbbee94d4020bcd6dfa90c7786b2f87bc1083decd2fa
NIR_scattering_obs20_tar20_rng50_vis23_aerRural_humdefault_sza70,RadianceWithScattering,NIR,Mid-Latitude Summer,Rural,default,23,20,20,50,70,0.70,1.10,10,10,RectangularBand,D:\HwaSimIR\HwaSim_IR\Bin\Config\Atmosphere\MODTRAN\raw\m1_nir_mwir_20260906\NIR_scattering_obs20_tar20_rng50_vis23_aerRural_humdefault_sza70\NIR_scattering_obs20_tar20_rng50_vis23_aerRural_humdefault_sza70.tp5,93b1863449341721a620d15f21af7cd6e5700cc1861f279a82cd1dd4240b56f2
NIR_scattering_obs20_tar20_rng50_vis50_aerRural_humdefault_sza20,RadianceWithScattering,NIR,Mid-Latitude Summer,Rural,default,50,20,20,50,20,0.70,1.10,10,10,RectangularBand,D:\HwaSimIR\HwaSim_IR\Bin\Config\Atmosphere\MODTRAN\raw\m1_nir_mwir_20260906\NIR_scattering_obs20_tar20_rng50_vis50_aerRural_humdefault_sza20\NIR_scattering_obs20_tar20_rng50_vis50_aerRural_humdefault_sza20.tp5,3aaad14fa06f78c980fc30e3179b42f3e5b438a9a5f83deb8186e70818f88c6d
NIR_scattering_obs20_tar20_rng50_vis50_aerRural_humdefault_sza70,RadianceWithScattering,NIR,Mid-Latitude Summer,Rural,default,50,20,20,50,70,0.70,1.10,10,10,RectangularBand,D:\HwaSimIR\HwaSim_IR\Bin\Config\Atmosphere\MODTRAN\raw\m1_nir_mwir_20260906\NIR_scattering_obs20_tar20_rng50_vis50_aerRural_humdefault_sza70\NIR_scattering_obs20_tar20_rng50_vis50_aerRural_humdefault_sza70.tp5,3f71bebfa77ad3562b4c6a78697fab7e57463ad329dcddbb5b21ef57636cdd0f
NIR_scattering_obs5_tar3_rng2_vis2_aerRural_humdefault_sza20,RadianceWithScattering,NIR,Mid-Latitude Summer,Rural,default,2,5,3,2,20,0.70,1.10,10,10,RectangularBand,D:\HwaSimIR\HwaSim_IR\Bin\Config\Atmosphere\MODTRAN\raw\m1_nir_mwir_20260906\NIR_scattering_obs5_tar3_rng2_vis2_aerRural_humdefault_sza20\NIR_scattering_obs5_tar3_rng2_vis2_aerRural_humdefault_sza20.tp5,952958b825521ed147adc4f5314bd20306aebdce7ce21f749143aa03bdc5a8d1
NIR_scattering_obs5_tar3_rng2_vis2_aerRural_humdefault_sza70,RadianceWithScattering,NIR,Mid-Latitude Summer,Rural,default,2,5,3,2,70,0.70,1.10,10,10,RectangularBand,D:\HwaSimIR\HwaSim_IR\Bin\Config\Atmosphere\MODTRAN\raw\m1_nir_mwir_20260906\NIR_scattering_obs5_tar3_rng2_vis2_aerRural_humdefault_sza70\NIR_scattering_obs5_tar3_rng2_vis2_aerRural_humdefault_sza70.tp5,17bb88047a11d93242373cc90758f88366f82e3a898296923649da55c542b965
NIR_scattering_obs5_tar3_rng2_vis5_aerRural_humdefault_sza20,RadianceWithScattering,NIR,Mid-Latitude Summer,Rural,default,5,5,3,2,20,0.70,1.10,10,10,RectangularBand,D:\HwaSimIR\HwaSim_IR\Bin\Config\Atmosphere\MODTRAN\raw\m1_nir_mwir_20260906\NIR_scattering_obs5_tar3_rng2_vis5_aerRural_humdefault_sza20\NIR_scattering_obs5_tar3_rng2_vis5_aerRural_humdefault_sza20.tp5,8b20d486ceee13ae449751f665762e089fa772f1e093c97d25612b1c8c6633cc
NIR_scattering_obs5_tar3_rng2_vis5_aerRural_humdefault_sza70,RadianceWithScattering,NIR,Mid-Latitude Summer,Rural,default,5,5,3,2,70,0.70,1.10,10,10,RectangularBand,D:\HwaSimIR\HwaSim_IR\Bin\Config\Atmosphere\MODTRAN\raw\m1_nir_mwir_20260906\NIR_scattering_obs5_tar3_rng2_vis5_aerRural_humdefault_sza70\NIR_scattering_obs5_tar3_rng2_vis5_aerRural_humdefault_sza70.tp5,063ce5bd4f1f27850dedd660e0d545c24cf6f7bf55db14d63c0bfbf8d852e224
NIR_scattering_obs5_tar3_rng2_vis10_aerRural_humdefault_sza20,RadianceWithScattering,NIR,Mid-Latitude Summer,Rural,default,10,5,3,2,20,0.70,1.10,10,10,RectangularBand,D:\HwaSimIR\HwaSim_IR\Bin\Config\Atmosphere\MODTRAN\raw\m1_nir_mwir_20260906\NIR_scattering_obs5_tar3_rng2_vis10_aerRural_humdefault_sza20\NIR_scattering_obs5_tar3_rng2_vis10_aerRural_humdefault_sza20.tp5,712cdeba373ed09c13ecf66655c021fd62e7d69d4116f41443800df28f7181ba
NIR_scattering_obs5_tar3_rng2_vis10_aerRural_humdefault_sza70,RadianceWithScattering,NIR,Mid-Latitude Summer,Rural,default,10,5,3,2,70,0.70,1.10,10,10,RectangularBand,D:\HwaSimIR\HwaSim_IR\Bin\Config\Atmosphere\MODTRAN\raw\m1_nir_mwir_20260906\NIR_scattering_obs5_tar3_rng2_vis10_aerRural_humdefault_sza70\NIR_scattering_obs5_tar3_rng2_vis10_aerRural_humdefault_sza70.tp5,a595d78122c6f256c1893e355b08c37f48156646b9785faf1fdfc8c1938bc70a
NIR_scattering_obs5_tar3_rng2_vis23_aerRural_humdefault_sza20,RadianceWithScattering,NIR,Mid-Latitude Summer,Rural,default,23,5,3,2,20,0.70,1.10,10,10,RectangularBand,D:\HwaSimIR\HwaSim_IR\Bin\Config\Atmosphere\MODTRAN\raw\m1_nir_mwir_20260906\NIR_scattering_obs5_tar3_rng2_vis23_aerRural_humdefault_sza20\NIR_scattering_obs5_tar3_rng2_vis23_aerRural_humdefault_sza20.tp5,3cbb649f1e2c323c23af508612d5bda24fadad6abbcc84bac06dbabbebd5fbb0
NIR_scattering_obs5_tar3_rng2_vis23_aerRural_humdefault_sza70,RadianceWithScattering,NIR,Mid-Latitude Summer,Rural,default,23,5,3,2,70,0.70,1.10,10,10,RectangularBand,D:\HwaSimIR\HwaSim_IR\Bin\Config\Atmosphere\MODTRAN\raw\m1_nir_mwir_20260906\NIR_scattering_obs5_tar3_rng2_vis23_aerRural_humdefault_sza70\NIR_scattering_obs5_tar3_rng2_vis23_aerRural_humdefault_sza70.tp5,14336c63508ce5edafbe2252ec0be030e4ea8cbfe3b2e140f4db99edfe4387c7
NIR_scattering_obs5_tar3_rng2_vis50_aerRural_humdefault_sza20,RadianceWithScattering,NIR,Mid-Latitude Summer,Rural,default,50,5,3,2,20,0.70,1.10,10,10,RectangularBand,D:\HwaSimIR\HwaSim_IR\Bin\Config\Atmosphere\MODTRAN\raw\m1_nir_mwir_20260906\NIR_scattering_obs5_tar3_rng2_vis50_aerRural_humdefault_sza20\NIR_scattering_obs5_tar3_rng2_vis50_aerRural_humdefault_sza20.tp5,56a6d7c53b9fda230e9de2a5aebedf85240ac682d1b0353489ba662cd9684f8b
NIR_scattering_obs5_tar3_rng2_vis50_aerRural_humdefault_sza70,RadianceWithScattering,NIR,Mid-Latitude Summer,Rural,default,50,5,3,2,70,0.70,1.10,10,10,RectangularBand,D:\HwaSimIR\HwaSim_IR\Bin\Config\Atmosphere\MODTRAN\raw\m1_nir_mwir_20260906\NIR_scattering_obs5_tar3_rng2_vis50_aerRural_humdefault_sza70\NIR_scattering_obs5_tar3_rng2_vis50_aerRural_humdefault_sza70.tp5,e1b4d3cd393804d2507548993b838c42d9f7ef4206d3631bbe07dc65c36cb73e
NIR_scattering_obs5_tar3_rng5_vis2_aerRural_humdefault_sza20,RadianceWithScattering,NIR,Mid-Latitude Summer,Rural,default,2,5,3,5,20,0.70,1.10,10,10,RectangularBand,D:\HwaSimIR\HwaSim_IR\Bin\Config\Atmosphere\MODTRAN\raw\m1_nir_mwir_20260906\NIR_scattering_obs5_tar3_rng5_vis2_aerRural_humdefault_sza20\NIR_scattering_obs5_tar3_rng5_vis2_aerRural_humdefault_sza20.tp5,74405b8fa44de5fb88156bca4462905a2ac1685342593b849593ec95d292b219
NIR_scattering_obs5_tar3_rng5_vis2_aerRural_humdefault_sza70,RadianceWithScattering,NIR,Mid-Latitude Summer,Rural,default,2,5,3,5,70,0.70,1.10,10,10,RectangularBand,D:\HwaSimIR\HwaSim_IR\Bin\Config\Atmosphere\MODTRAN\raw\m1_nir_mwir_20260906\NIR_scattering_obs5_tar3_rng5_vis2_aerRural_humdefault_sza70\NIR_scattering_obs5_tar3_rng5_vis2_aerRural_humdefault_sza70.tp5,4ddcceaf2bd8a1bf19acde25ebb9a64a422be22a39f43894a2b6e60fdbba8fab
NIR_scattering_obs5_tar3_rng5_vis5_aerRural_humdefault_sza20,RadianceWithScattering,NIR,Mid-Latitude Summer,Rural,default,5,5,3,5,20,0.70,1.10,10,10,RectangularBand,D:\HwaSimIR\HwaSim_IR\Bin\Config\Atmosphere\MODTRAN\raw\m1_nir_mwir_20260906\NIR_scattering_obs5_tar3_rng5_vis5_aerRural_humdefault_sza20\NIR_scattering_obs5_tar3_rng5_vis5_aerRural_humdefault_sza20.tp5,fae9c76f0545765beddfd738b5bb5d5428d4c55644215744dfbbfebd942a9dc9
NIR_scattering_obs5_tar3_rng5_vis5_aerRural_humdefault_sza70,RadianceWithScattering,NIR,Mid-Latitude Summer,Rural,default,5,5,3,5,70,0.70,1.10,10,10,RectangularBand,D:\HwaSimIR\HwaSim_IR\Bin\Config\Atmosphere\MODTRAN\raw\m1_nir_mwir_20260906\NIR_scattering_obs5_tar3_rng5_vis5_aerRural_humdefault_sza70\NIR_scattering_obs5_tar3_rng5_vis5_aerRural_humdefault_sza70.tp5,090051acef68b64672453c96d81d9523304c963b9608a5f362df74f447d3cbe2
NIR_scattering_obs5_tar3_rng5_vis10_aerRural_humdefault_sza20,RadianceWithScattering,NIR,Mid-Latitude Summer,Rural,default,10,5,3,5,20,0.70,1.10,10,10,RectangularBand,D:\HwaSimIR\HwaSim_IR\Bin\Config\Atmosphere\MODTRAN\raw\m1_nir_mwir_20260906\NIR_scattering_obs5_tar3_rng5_vis10_aerRural_humdefault_sza20\NIR_scattering_obs5_tar3_rng5_vis10_aerRural_humdefault_sza20.tp5,7daa968fd214c7a37aa8db22c8d6b4dfc74707d414e9d760eb2afe189ce91c18
NIR_scattering_obs5_tar3_rng5_vis10_aerRural_humdefault_sza70,RadianceWithScattering,NIR,Mid-Latitude Summer,Rural,default,10,5,3,5,70,0.70,1.10,10,10,RectangularBand,D:\HwaSimIR\HwaSim_IR\Bin\Config\Atmosphere\MODTRAN\raw\m1_nir_mwir_20260906\NIR_scattering_obs5_tar3_rng5_vis10_aerRural_humdefault_sza70\NIR_scattering_obs5_tar3_rng5_vis10_aerRural_humdefault_sza70.tp5,b0b6830be7f24fb821f523d66941f39878833adeae4a40dc821c6b9b7615dfc3
NIR_scattering_obs5_tar3_rng5_vis23_aerRural_humdefault_sza20,RadianceWithScattering,NIR,Mid-Latitude Summer,Rural,default,23,5,3,5,20,0.70,1.10,10,10,RectangularBand,D:\HwaSimIR\HwaSim_IR\Bin\Config\Atmosphere\MODTRAN\raw\m1_nir_mwir_20260906\NIR_scattering_obs5_tar3_rng5_vis23_aerRural_humdefault_sza20\NIR_scattering_obs5_tar3_rng5_vis23_aerRural_humdefault_sza20.tp5,52345ed347b660b06565c7819dee939ef3be8a4aef3828a98a961e2538a83ef3
NIR_scattering_obs5_tar3_rng5_vis23_aerRural_humdefault_sza70,RadianceWithScattering,NIR,Mid-Latitude Summer,Rural,default,23,5,3,5,70,0.70,1.10,10,10,RectangularBand,D:\HwaSimIR\HwaSim_IR\Bin\Config\Atmosphere\MODTRAN\raw\m1_nir_mwir_20260906\NIR_scattering_obs5_tar3_rng5_vis23_aerRural_humdefault_sza70\NIR_scattering_obs5_tar3_rng5_vis23_aerRural_humdefault_sza70.tp5,8651de8829645ccc17bf31afed0447715e79b354b8827cb9420c7b4fcab2e116
NIR_scattering_obs5_tar3_rng5_vis50_aerRural_humdefault_sza20,RadianceWithScattering,NIR,Mid-Latitude Summer,Rural,default,50,5,3,5,20,0.70,1.10,10,10,RectangularBand,D:\HwaSimIR\HwaSim_IR\Bin\Config\Atmosphere\MODTRAN\raw\m1_nir_mwir_20260906\NIR_scattering_obs5_tar3_rng5_vis50_aerRural_humdefault_sza20\NIR_scattering_obs5_tar3_rng5_vis50_aerRural_humdefault_sza20.tp5,a9e2452ecd735bb3fc4858673111b647e650534e4b0e9df28f926593c717604f
NIR_scattering_obs5_tar3_rng5_vis50_aerRural_humdefault_sza70,RadianceWithScattering,NIR,Mid-Latitude Summer,Rural,default,50,5,3,5,70,0.70,1.10,10,10,RectangularBand,D:\HwaSimIR\HwaSim_IR\Bin\Config\Atmosphere\MODTRAN\raw\m1_nir_mwir_20260906\NIR_scattering_obs5_tar3_rng5_vis50_aerRural_humdefault_sza70\NIR_scattering_obs5_tar3_rng5_vis50_aerRural_humdefault_sza70.tp5,74805f3b2129346b9474505003222977b346f9fa44421c7e0f326c99c247938a
NIR_scattering_obs5_tar3_rng10_vis2_aerRural_humdefault_sza20,RadianceWithScattering,NIR,Mid-Latitude Summer,Rural,default,2,5,3,10,20,0.70,1.10,10,10,RectangularBand,D:\HwaSimIR\HwaSim_IR\Bin\Config\Atmosphere\MODTRAN\raw\m1_nir_mwir_20260906\NIR_scattering_obs5_tar3_rng10_vis2_aerRural_humdefault_sza20\NIR_scattering_obs5_tar3_rng10_vis2_aerRural_humdefault_sza20.tp5,1e3642565fb0a940630583d7bcaed7ebbf049bb75a1a042e0051b487926653c2
NIR_scattering_obs5_tar3_rng10_vis2_aerRural_humdefault_sza70,RadianceWithScattering,NIR,Mid-Latitude Summer,Rural,default,2,5,3,10,70,0.70,1.10,10,10,RectangularBand,D:\HwaSimIR\HwaSim_IR\Bin\Config\Atmosphere\MODTRAN\raw\m1_nir_mwir_20260906\NIR_scattering_obs5_tar3_rng10_vis2_aerRural_humdefault_sza70\NIR_scattering_obs5_tar3_rng10_vis2_aerRural_humdefault_sza70.tp5,ca7415f238ecfb8ed19ccb0ec24e2ab7a569983f70c29b58b4079fd280ba30ea
NIR_scattering_obs5_tar3_rng10_vis5_aerRural_humdefault_sza20,RadianceWithScattering,NIR,Mid-Latitude Summer,Rural,default,5,5,3,10,20,0.70,1.10,10,10,RectangularBand,D:\HwaSimIR\HwaSim_IR\Bin\Config\Atmosphere\MODTRAN\raw\m1_nir_mwir_20260906\NIR_scattering_obs5_tar3_rng10_vis5_aerRural_humdefault_sza20\NIR_scattering_obs5_tar3_rng10_vis5_aerRural_humdefault_sza20.tp5,850cc346fa146c8987406bc4c217842d7babcdda1e489719db7b436f58a1e845
NIR_scattering_obs5_tar3_rng10_vis5_aerRural_humdefault_sza70,RadianceWithScattering,NIR,Mid-Latitude Summer,Rural,default,5,5,3,10,70,0.70,1.10,10,10,RectangularBand,D:\HwaSimIR\HwaSim_IR\Bin\Config\Atmosphere\MODTRAN\raw\m1_nir_mwir_20260906\NIR_scattering_obs5_tar3_rng10_vis5_aerRural_humdefault_sza70\NIR_scattering_obs5_tar3_rng10_vis5_aerRural_humdefault_sza70.tp5,b78add975d0c540f4c3e0c49bffa2fd417137f44081d3079c41f6e80a2da4798
NIR_scattering_obs5_tar3_rng10_vis10_aerRural_humdefault_sza20,RadianceWithScattering,NIR,Mid-Latitude Summer,Rural,default,10,5,3,10,20,0.70,1.10,10,10,RectangularBand,D:\HwaSimIR\HwaSim_IR\Bin\Config\Atmosphere\MODTRAN\raw\m1_nir_mwir_20260906\NIR_scattering_obs5_tar3_rng10_vis10_aerRural_humdefault_sza20\NIR_scattering_obs5_tar3_rng10_vis10_aerRural_humdefault_sza20.tp5,d1157473794f3e6ffc33c6cc5082ee7c5b0ec3dd6281c48b9c287fc46a39bc16
NIR_scattering_obs5_tar3_rng10_vis10_aerRural_humdefault_sza70,RadianceWithScattering,NIR,Mid-Latitude Summer,Rural,default,10,5,3,10,70,0.70,1.10,10,10,RectangularBand,D:\HwaSimIR\HwaSim_IR\Bin\Config\Atmosphere\MODTRAN\raw\m1_nir_mwir_20260906\NIR_scattering_obs5_tar3_rng10_vis10_aerRural_humdefault_sza70\NIR_scattering_obs5_tar3_rng10_vis10_aerRural_humdefault_sza70.tp5,cce9fdb1ff282020a52fb80cc66e26e3f235739467cd13753d1278d0ed44538b
NIR_scattering_obs5_tar3_rng10_vis23_aerRural_humdefault_sza20,RadianceWithScattering,NIR,Mid-Latitude Summer,Rural,default,23,5,3,10,20,0.70,1.10,10,10,RectangularBand,D:\HwaSimIR\HwaSim_IR\Bin\Config\Atmosphere\MODTRAN\raw\m1_nir_mwir_20260906\NIR_scattering_obs5_tar3_rng10_vis23_aerRural_humdefault_sza20\NIR_scattering_obs5_tar3_rng10_vis23_aerRural_humdefault_sza20.tp5,484c29b849f9892dbd3fba87230e6da5850b7e8d78d73d715aeeb6cf2b61af17
NIR_scattering_obs5_tar3_rng10_vis23_aerRural_humdefault_sza70,RadianceWithScattering,NIR,Mid-Latitude Summer,Rural,default,23,5,3,10,70,0.70,1.10,10,10,RectangularBand,D:\HwaSimIR\HwaSim_IR\Bin\Config\Atmosphere\MODTRAN\raw\m1_nir_mwir_20260906\NIR_scattering_obs5_tar3_rng10_vis23_aerRural_humdefault_sza70\NIR_scattering_obs5_tar3_rng10_vis23_aerRural_humdefault_sza70.tp5,4cede99219bed5fabfc94657067462069faa80e2ab9f6d80a9f3f9960f01304a
NIR_scattering_obs5_tar3_rng10_vis50_aerRural_humdefault_sza20,RadianceWithScattering,NIR,Mid-Latitude Summer,Rural,default,50,5,3,10,20,0.70,1.10,10,10,RectangularBand,D:\HwaSimIR\HwaSim_IR\Bin\Config\Atmosphere\MODTRAN\raw\m1_nir_mwir_20260906\NIR_scattering_obs5_tar3_rng10_vis50_aerRural_humdefault_sza20\NIR_scattering_obs5_tar3_rng10_vis50_aerRural_humdefault_sza20.tp5,831b4af9ee28cd78f55d164a3782e1998ffc2c8cf422b7faef69cfac9a706620
NIR_scattering_obs5_tar3_rng10_vis50_aerRural_humdefault_sza70,RadianceWithScattering,NIR,Mid-Latitude Summer,Rural,default,50,5,3,10,70,0.70,1.10,10,10,RectangularBand,D:\HwaSimIR\HwaSim_IR\Bin\Config\Atmosphere\MODTRAN\raw\m1_nir_mwir_20260906\NIR_scattering_obs5_tar3_rng10_vis50_aerRural_humdefault_sza70\NIR_scattering_obs5_tar3_rng10_vis50_aerRural_humdefault_sza70.tp5,4331f2140c6d1dad6a183a43da7150e3c7ad5ada8bb0558e18239d65dd63c625
NIR_scattering_obs5_tar3_rng20_vis2_aerRural_humdefault_sza20,RadianceWithScattering,NIR,Mid-Latitude Summer,Rural,default,2,5,3,20,20,0.70,1.10,10,10,RectangularBand,D:\HwaSimIR\HwaSim_IR\Bin\Config\Atmosphere\MODTRAN\raw\m1_nir_mwir_20260906\NIR_scattering_obs5_tar3_rng20_vis2_aerRural_humdefault_sza20\NIR_scattering_obs5_tar3_rng20_vis2_aerRural_humdefault_sza20.tp5,46e7e66b377f92ba6b89dc5b1fbec6c2f773d085d0655d98edbf29dabce2b54d
NIR_scattering_obs5_tar3_rng20_vis2_aerRural_humdefault_sza70,RadianceWithScattering,NIR,Mid-Latitude Summer,Rural,default,2,5,3,20,70,0.70,1.10,10,10,RectangularBand,D:\HwaSimIR\HwaSim_IR\Bin\Config\Atmosphere\MODTRAN\raw\m1_nir_mwir_20260906\NIR_scattering_obs5_tar3_rng20_vis2_aerRural_humdefault_sza70\NIR_scattering_obs5_tar3_rng20_vis2_aerRural_humdefault_sza70.tp5,2623c4eb4c6b38ce7cb55777aec58c2fe77e0d1759455f80c82c9e5eb9b6094c
NIR_scattering_obs5_tar3_rng20_vis5_aerRural_humdefault_sza20,RadianceWithScattering,NIR,Mid-Latitude Summer,Rural,default,5,5,3,20,20,0.70,1.10,10,10,RectangularBand,D:\HwaSimIR\HwaSim_IR\Bin\Config\Atmosphere\MODTRAN\raw\m1_nir_mwir_20260906\NIR_scattering_obs5_tar3_rng20_vis5_aerRural_humdefault_sza20\NIR_scattering_obs5_tar3_rng20_vis5_aerRural_humdefault_sza20.tp5,cf5895d0360401bc15b89543cbd5bbc3612786fd8528c709473ee42b1e7faf59
NIR_scattering_obs5_tar3_rng20_vis5_aerRural_humdefault_sza70,RadianceWithScattering,NIR,Mid-Latitude Summer,Rural,default,5,5,3,20,70,0.70,1.10,10,10,RectangularBand,D:\HwaSimIR\HwaSim_IR\Bin\Config\Atmosphere\MODTRAN\raw\m1_nir_mwir_20260906\NIR_scattering_obs5_tar3_rng20_vis5_aerRural_humdefault_sza70\NIR_scattering_obs5_tar3_rng20_vis5_aerRural_humdefault_sza70.tp5,d3fa4e8e9deefd1c35e41afaad9571140c0d49ca200c081d4cf8c9c31b93c10c
NIR_scattering_obs5_tar3_rng20_vis10_aerRural_humdefault_sza20,RadianceWithScattering,NIR,Mid-Latitude Summer,Rural,default,10,5,3,20,20,0.70,1.10,10,10,RectangularBand,D:\HwaSimIR\HwaSim_IR\Bin\Config\Atmosphere\MODTRAN\raw\m1_nir_mwir_20260906\NIR_scattering_obs5_tar3_rng20_vis10_aerRural_humdefault_sza20\NIR_scattering_obs5_tar3_rng20_vis10_aerRural_humdefault_sza20.tp5,b116ecfabe3062847cbb2a147aef77a7153d88cd41663eea8949cee8683c2f53
NIR_scattering_obs5_tar3_rng20_vis10_aerRural_humdefault_sza70,RadianceWithScattering,NIR,Mid-Latitude Summer,Rural,default,10,5,3,20,70,0.70,1.10,10,10,RectangularBand,D:\HwaSimIR\HwaSim_IR\Bin\Config\Atmosphere\MODTRAN\raw\m1_nir_mwir_20260906\NIR_scattering_obs5_tar3_rng20_vis10_aerRural_humdefault_sza70\NIR_scattering_obs5_tar3_rng20_vis10_aerRural_humdefault_sza70.tp5,8d47a4db853f216c06543a58432a3b6477458510c18518bfcad88e8a57c689be
NIR_scattering_obs5_tar3_rng20_vis23_aerRural_humdefault_sza20,RadianceWithScattering,NIR,Mid-Latitude Summer,Rural,default,23,5,3,20,20,0.70,1.10,10,10,RectangularBand,D:\HwaSimIR\HwaSim_IR\Bin\Config\Atmosphere\MODTRAN\raw\m1_nir_mwir_20260906\NIR_scattering_obs5_tar3_rng20_vis23_aerRural_humdefault_sza20\NIR_scattering_obs5_tar3_rng20_vis23_aerRural_humdefault_sza20.tp5,cb3712942cbe483e274cb4f6dd2357278522f67759f902137c59c5b7df683cd5
NIR_scattering_obs5_tar3_rng20_vis23_aerRural_humdefault_sza70,RadianceWithScattering,NIR,Mid-Latitude Summer,Rural,default,23,5,3,20,70,0.70,1.10,10,10,RectangularBand,D:\HwaSimIR\HwaSim_IR\Bin\Config\Atmosphere\MODTRAN\raw\m1_nir_mwir_20260906\NIR_scattering_obs5_tar3_rng20_vis23_aerRural_humdefault_sza70\NIR_scattering_obs5_tar3_rng20_vis23_aerRural_humdefault_sza70.tp5,abf6ffb987fa252ac67f6cb4cd40cc1869c2ed5d07ad13618780ca66f4c7cdd9
NIR_scattering_obs5_tar3_rng20_vis50_aerRural_humdefault_sza20,RadianceWithScattering,NIR,Mid-Latitude Summer,Rural,default,50,5,3,20,20,0.70,1.10,10,10,RectangularBand,D:\HwaSimIR\HwaSim_IR\Bin\Config\Atmosphere\MODTRAN\raw\m1_nir_mwir_20260906\NIR_scattering_obs5_tar3_rng20_vis50_aerRural_humdefault_sza20\NIR_scattering_obs5_tar3_rng20_vis50_aerRural_humdefault_sza20.tp5,2cffd76f16e160a19d3b36f31d7dd0d63c856323d966574846b441f6edeca7fa
NIR_scattering_obs5_tar3_rng20_vis50_aerRural_humdefault_sza70,RadianceWithScattering,NIR,Mid-Latitude Summer,Rural,default,50,5,3,20,70,0.70,1.10,10,10,RectangularBand,D:\HwaSimIR\HwaSim_IR\Bin\Config\Atmosphere\MODTRAN\raw\m1_nir_mwir_20260906\NIR_scattering_obs5_tar3_rng20_vis50_aerRural_humdefault_sza70\NIR_scattering_obs5_tar3_rng20_vis50_aerRural_humdefault_sza70.tp5,20920d508fed4d90168520ff20f693ebb2a4b9a10cc57720549aa6349e1c8363
NIR_scattering_obs5_tar3_rng35_vis2_aerRural_humdefault_sza20,RadianceWithScattering,NIR,Mid-Latitude Summer,Rural,default,2,5,3,35,20,0.70,1.10,10,10,RectangularBand,D:\HwaSimIR\HwaSim_IR\Bin\Config\Atmosphere\MODTRAN\raw\m1_nir_mwir_20260906\NIR_scattering_obs5_tar3_rng35_vis2_aerRural_humdefault_sza20\NIR_scattering_obs5_tar3_rng35_vis2_aerRural_humdefault_sza20.tp5,d61154d2ec6b1d8cbee69b4f6e546551e564484ac47ba160dacb9ac38c5d52b7
NIR_scattering_obs5_tar3_rng35_vis2_aerRural_humdefault_sza70,RadianceWithScattering,NIR,Mid-Latitude Summer,Rural,default,2,5,3,35,70,0.70,1.10,10,10,RectangularBand,D:\HwaSimIR\HwaSim_IR\Bin\Config\Atmosphere\MODTRAN\raw\m1_nir_mwir_20260906\NIR_scattering_obs5_tar3_rng35_vis2_aerRural_humdefault_sza70\NIR_scattering_obs5_tar3_rng35_vis2_aerRural_humdefault_sza70.tp5,228566404a68e007c58ffdde59bec4088a6109c8cce5f6c40c6a45f2fc380f3e
NIR_scattering_obs5_tar3_rng35_vis5_aerRural_humdefault_sza20,RadianceWithScattering,NIR,Mid-Latitude Summer,Rural,default,5,5,3,35,20,0.70,1.10,10,10,RectangularBand,D:\HwaSimIR\HwaSim_IR\Bin\Config\Atmosphere\MODTRAN\raw\m1_nir_mwir_20260906\NIR_scattering_obs5_tar3_rng35_vis5_aerRural_humdefault_sza20\NIR_scattering_obs5_tar3_rng35_vis5_aerRural_humdefault_sza20.tp5,57b301f07caac3f427bb92d79dacb18d6470367aebc34dc498a67f8a3bb5dc86
NIR_scattering_obs5_tar3_rng35_vis5_aerRural_humdefault_sza70,RadianceWithScattering,NIR,Mid-Latitude Summer,Rural,default,5,5,3,35,70,0.70,1.10,10,10,RectangularBand,D:\HwaSimIR\HwaSim_IR\Bin\Config\Atmosphere\MODTRAN\raw\m1_nir_mwir_20260906\NIR_scattering_obs5_tar3_rng35_vis5_aerRural_humdefault_sza70\NIR_scattering_obs5_tar3_rng35_vis5_aerRural_humdefault_sza70.tp5,966fd3903f7a2933d8ada487a1cce51aee5f3a4ecd2b1ab4054dbfcd559b1026
NIR_scattering_obs5_tar3_rng35_vis10_aerRural_humdefault_sza20,RadianceWithScattering,NIR,Mid-Latitude Summer,Rural,default,10,5,3,35,20,0.70,1.10,10,10,RectangularBand,D:\HwaSimIR\HwaSim_IR\Bin\Config\Atmosphere\MODTRAN\raw\m1_nir_mwir_20260906\NIR_scattering_obs5_tar3_rng35_vis10_aerRural_humdefault_sza20\NIR_scattering_obs5_tar3_rng35_vis10_aerRural_humdefault_sza20.tp5,fa62d93b32db5c886affe3d959181a9b876a8082ef3c693e1f74d0237f22ea7b
NIR_scattering_obs5_tar3_rng35_vis10_aerRural_humdefault_sza70,RadianceWithScattering,NIR,Mid-Latitude Summer,Rural,default,10,5,3,35,70,0.70,1.10,10,10,RectangularBand,D:\HwaSimIR\HwaSim_IR\Bin\Config\Atmosphere\MODTRAN\raw\m1_nir_mwir_20260906\NIR_scattering_obs5_tar3_rng35_vis10_aerRural_humdefault_sza70\NIR_scattering_obs5_tar3_rng35_vis10_aerRural_humdefault_sza70.tp5,cfaae988514b894987dd8cf94537beb9e6615089053792aad2465a28a4945f41
NIR_scattering_obs5_tar3_rng35_vis23_aerRural_humdefault_sza20,RadianceWithScattering,NIR,Mid-Latitude Summer,Rural,default,23,5,3,35,20,0.70,1.10,10,10,RectangularBand,D:\HwaSimIR\HwaSim_IR\Bin\Config\Atmosphere\MODTRAN\raw\m1_nir_mwir_20260906\NIR_scattering_obs5_tar3_rng35_vis23_aerRural_humdefault_sza20\NIR_scattering_obs5_tar3_rng35_vis23_aerRural_humdefault_sza20.tp5,42a47e726f40a12da5ab05fcb9cd64b3f2f3c7b06eba96da4dd1c2837d09307a
NIR_scattering_obs5_tar3_rng35_vis23_aerRural_humdefault_sza70,RadianceWithScattering,NIR,Mid-Latitude Summer,Rural,default,23,5,3,35,70,0.70,1.10,10,10,RectangularBand,D:\HwaSimIR\HwaSim_IR\Bin\Config\Atmosphere\MODTRAN\raw\m1_nir_mwir_20260906\NIR_scattering_obs5_tar3_rng35_vis23_aerRural_humdefault_sza70\NIR_scattering_obs5_tar3_rng35_vis23_aerRural_humdefault_sza70.tp5,541a0ead8c6b959c8ae964faf65ae09e271d4471310ef66dd098b5e5b33e0311
NIR_scattering_obs5_tar3_rng35_vis50_aerRural_humdefault_sza20,RadianceWithScattering,NIR,Mid-Latitude Summer,Rural,default,50,5,3,35,20,0.70,1.10,10,10,RectangularBand,D:\HwaSimIR\HwaSim_IR\Bin\Config\Atmosphere\MODTRAN\raw\m1_nir_mwir_20260906\NIR_scattering_obs5_tar3_rng35_vis50_aerRural_humdefault_sza20\NIR_scattering_obs5_tar3_rng35_vis50_aerRural_humdefault_sza20.tp5,313a30e944ce442340c9d588bf634745b8e049cac838915f4144a2858194ee8a
NIR_scattering_obs5_tar3_rng35_vis50_aerRural_humdefault_sza70,RadianceWithScattering,NIR,Mid-Latitude Summer,Rural,default,50,5,3,35,70,0.70,1.10,10,10,RectangularBand,D:\HwaSimIR\HwaSim_IR\Bin\Config\Atmosphere\MODTRAN\raw\m1_nir_mwir_20260906\NIR_scattering_obs5_tar3_rng35_vis50_aerRural_humdefault_sza70\NIR_scattering_obs5_tar3_rng35_vis50_aerRural_humdefault_sza70.tp5,958a6a6f9b48f24e3a42008fd1559e7e4dfe5d7900771ef0d8868e914b2de309
NIR_scattering_obs5_tar3_rng50_vis2_aerRural_humdefault_sza20,RadianceWithScattering,NIR,Mid-Latitude Summer,Rural,default,2,5,3,50,20,0.70,1.10,10,10,RectangularBand,D:\HwaSimIR\HwaSim_IR\Bin\Config\Atmosphere\MODTRAN\raw\m1_nir_mwir_20260906\NIR_scattering_obs5_tar3_rng50_vis2_aerRural_humdefault_sza20\NIR_scattering_obs5_tar3_rng50_vis2_aerRural_humdefault_sza20.tp5,765d6b55ead8ba11a05a8b42fa608b04855175dee90cc6ded10040284b75c006
NIR_scattering_obs5_tar3_rng50_vis2_aerRural_humdefault_sza70,RadianceWithScattering,NIR,Mid-Latitude Summer,Rural,default,2,5,3,50,70,0.70,1.10,10,10,RectangularBand,D:\HwaSimIR\HwaSim_IR\Bin\Config\Atmosphere\MODTRAN\raw\m1_nir_mwir_20260906\NIR_scattering_obs5_tar3_rng50_vis2_aerRural_humdefault_sza70\NIR_scattering_obs5_tar3_rng50_vis2_aerRural_humdefault_sza70.tp5,5df0bcaf8dd5895f4340ab18f38044f22dfeef17a612c0105de5872cbde4fafc
NIR_scattering_obs5_tar3_rng50_vis5_aerRural_humdefault_sza20,RadianceWithScattering,NIR,Mid-Latitude Summer,Rural,default,5,5,3,50,20,0.70,1.10,10,10,RectangularBand,D:\HwaSimIR\HwaSim_IR\Bin\Config\Atmosphere\MODTRAN\raw\m1_nir_mwir_20260906\NIR_scattering_obs5_tar3_rng50_vis5_aerRural_humdefault_sza20\NIR_scattering_obs5_tar3_rng50_vis5_aerRural_humdefault_sza20.tp5,108f5ced96c8f08188f3873352b4ce4fc28adeef76feee949f76d2521c6edad1
NIR_scattering_obs5_tar3_rng50_vis5_aerRural_humdefault_sza70,RadianceWithScattering,NIR,Mid-Latitude Summer,Rural,default,5,5,3,50,70,0.70,1.10,10,10,RectangularBand,D:\HwaSimIR\HwaSim_IR\Bin\Config\Atmosphere\MODTRAN\raw\m1_nir_mwir_20260906\NIR_scattering_obs5_tar3_rng50_vis5_aerRural_humdefault_sza70\NIR_scattering_obs5_tar3_rng50_vis5_aerRural_humdefault_sza70.tp5,de8fe010020d11bb1d2c1a7f3c4908b8c11ab20604f7daf5cf64fd07a45f67e4
NIR_scattering_obs5_tar3_rng50_vis10_aerRural_humdefault_sza20,RadianceWithScattering,NIR,Mid-Latitude Summer,Rural,default,10,5,3,50,20,0.70,1.10,10,10,RectangularBand,D:\HwaSimIR\HwaSim_IR\Bin\Config\Atmosphere\MODTRAN\raw\m1_nir_mwir_20260906\NIR_scattering_obs5_tar3_rng50_vis10_aerRural_humdefault_sza20\NIR_scattering_obs5_tar3_rng50_vis10_aerRural_humdefault_sza20.tp5,4efeb28b4575e5b6daa54d5ab588ad255bdbebe52bec13296ee1b61f31bc6b7d
NIR_scattering_obs5_tar3_rng50_vis10_aerRural_humdefault_sza70,RadianceWithScattering,NIR,Mid-Latitude Summer,Rural,default,10,5,3,50,70,0.70,1.10,10,10,RectangularBand,D:\HwaSimIR\HwaSim_IR\Bin\Config\Atmosphere\MODTRAN\raw\m1_nir_mwir_20260906\NIR_scattering_obs5_tar3_rng50_vis10_aerRural_humdefault_sza70\NIR_scattering_obs5_tar3_rng50_vis10_aerRural_humdefault_sza70.tp5,3119f112e70f74b848b157e92eaaea843384dd124d624604e4257939edbd85b9
NIR_scattering_obs5_tar3_rng50_vis23_aerRural_humdefault_sza20,RadianceWithScattering,NIR,Mid-Latitude Summer,Rural,default,23,5,3,50,20,0.70,1.10,10,10,RectangularBand,D:\HwaSimIR\HwaSim_IR\Bin\Config\Atmosphere\MODTRAN\raw\m1_nir_mwir_20260906\NIR_scattering_obs5_tar3_rng50_vis23_aerRural_humdefault_sza20\NIR_scattering_obs5_tar3_rng50_vis23_aerRural_humdefault_sza20.tp5,95ffa10f1fecfebaca515d168ac89260281b56be838975b0559c82e535e31b28
NIR_scattering_obs5_tar3_rng50_vis23_aerRural_humdefault_sza70,RadianceWithScattering,NIR,Mid-Latitude Summer,Rural,default,23,5,3,50,70,0.70,1.10,10,10,RectangularBand,D:\HwaSimIR\HwaSim_IR\Bin\Config\Atmosphere\MODTRAN\raw\m1_nir_mwir_20260906\NIR_scattering_obs5_tar3_rng50_vis23_aerRural_humdefault_sza70\NIR_scattering_obs5_tar3_rng50_vis23_aerRural_humdefault_sza70.tp5,6835d086495040edc8edf9cdb6d9113c514b5e38ecc6428c1b8f5153f760c35d
NIR_scattering_obs5_tar3_rng50_vis50_aerRural_humdefault_sza20,RadianceWithScattering,NIR,Mid-Latitude Summer,Rural,default,50,5,3,50,20,0.70,1.10,10,10,RectangularBand,D:\HwaSimIR\HwaSim_IR\Bin\Config\Atmosphere\MODTRAN\raw\m1_nir_mwir_20260906\NIR_scattering_obs5_tar3_rng50_vis50_aerRural_humdefault_sza20\NIR_scattering_obs5_tar3_rng50_vis50_aerRural_humdefault_sza20.tp5,d819f4cad4b20b6d6265927b0b8150f9ee45c41b4b59db135da1fc3b00cc6bc2
NIR_scattering_obs5_tar3_rng50_vis50_aerRural_humdefault_sza70,RadianceWithScattering,NIR,Mid-Latitude Summer,Rural,default,50,5,3,50,70,0.70,1.10,10,10,RectangularBand,D:\HwaSimIR\HwaSim_IR\Bin\Config\Atmosphere\MODTRAN\raw\m1_nir_mwir_20260906\NIR_scattering_obs5_tar3_rng50_vis50_aerRural_humdefault_sza70\NIR_scattering_obs5_tar3_rng50_vis50_aerRural_humdefault_sza70.tp5,8b421db1c3fd2647058920f0252c1f5c46fab24bc4b200b4df3c307ae793f62e
NIR_scattering_obs10_tar5_rng5_vis2_aerRural_humdefault_sza20,RadianceWithScattering,NIR,Mid-Latitude Summer,Rural,default,2,10,5,5,20,0.70,1.10,10,10,RectangularBand,D:\HwaSimIR\HwaSim_IR\Bin\Config\Atmosphere\MODTRAN\raw\m1_nir_mwir_20260906\NIR_scattering_obs10_tar5_rng5_vis2_aerRural_humdefault_sza20\NIR_scattering_obs10_tar5_rng5_vis2_aerRural_humdefault_sza20.tp5,49764ffbcf9f8728915feace4f7c7fd2bc5f9b4db8d8e5dbec156e6933e1fff0
NIR_scattering_obs10_tar5_rng5_vis2_aerRural_humdefault_sza70,RadianceWithScattering,NIR,Mid-Latitude Summer,Rural,default,2,10,5,5,70,0.70,1.10,10,10,RectangularBand,D:\HwaSimIR\HwaSim_IR\Bin\Config\Atmosphere\MODTRAN\raw\m1_nir_mwir_20260906\NIR_scattering_obs10_tar5_rng5_vis2_aerRural_humdefault_sza70\NIR_scattering_obs10_tar5_rng5_vis2_aerRural_humdefault_sza70.tp5,f1fce635bc6f8a871daa7181506b031d9cdd6a5eb503795bde50215ddf5aac27
NIR_scattering_obs10_tar5_rng5_vis5_aerRural_humdefault_sza20,RadianceWithScattering,NIR,Mid-Latitude Summer,Rural,default,5,10,5,5,20,0.70,1.10,10,10,RectangularBand,D:\HwaSimIR\HwaSim_IR\Bin\Config\Atmosphere\MODTRAN\raw\m1_nir_mwir_20260906\NIR_scattering_obs10_tar5_rng5_vis5_aerRural_humdefault_sza20\NIR_scattering_obs10_tar5_rng5_vis5_aerRural_humdefault_sza20.tp5,d429d7f0274b8d8e5178cf431e11c486956e42e43972ec102da82d3a02631736
NIR_scattering_obs10_tar5_rng5_vis5_aerRural_humdefault_sza70,RadianceWithScattering,NIR,Mid-Latitude Summer,Rural,default,5,10,5,5,70,0.70,1.10,10,10,RectangularBand,D:\HwaSimIR\HwaSim_IR\Bin\Config\Atmosphere\MODTRAN\raw\m1_nir_mwir_20260906\NIR_scattering_obs10_tar5_rng5_vis5_aerRural_humdefault_sza70\NIR_scattering_obs10_tar5_rng5_vis5_aerRural_humdefault_sza70.tp5,36bfc5c09b8ca38e663494960f886aa7210104ff7ebe12bbc3acf0b252647ca0
NIR_scattering_obs10_tar5_rng5_vis10_aerRural_humdefault_sza20,RadianceWithScattering,NIR,Mid-Latitude Summer,Rural,default,10,10,5,5,20,0.70,1.10,10,10,RectangularBand,D:\HwaSimIR\HwaSim_IR\Bin\Config\Atmosphere\MODTRAN\raw\m1_nir_mwir_20260906\NIR_scattering_obs10_tar5_rng5_vis10_aerRural_humdefault_sza20\NIR_scattering_obs10_tar5_rng5_vis10_aerRural_humdefault_sza20.tp5,f64f06c22b2be391fecc2a8fe683997524f5e23db29bdfc3fa7a5413d760c28d
NIR_scattering_obs10_tar5_rng5_vis10_aerRural_humdefault_sza70,RadianceWithScattering,NIR,Mid-Latitude Summer,Rural,default,10,10,5,5,70,0.70,1.10,10,10,RectangularBand,D:\HwaSimIR\HwaSim_IR\Bin\Config\Atmosphere\MODTRAN\raw\m1_nir_mwir_20260906\NIR_scattering_obs10_tar5_rng5_vis10_aerRural_humdefault_sza70\NIR_scattering_obs10_tar5_rng5_vis10_aerRural_humdefault_sza70.tp5,7ed470e2d0a489150bb5e05043bde7808f27c3c50d07c444641710f2d6c51aa2
NIR_scattering_obs10_tar5_rng5_vis23_aerRural_humdefault_sza20,RadianceWithScattering,NIR,Mid-Latitude Summer,Rural,default,23,10,5,5,20,0.70,1.10,10,10,RectangularBand,D:\HwaSimIR\HwaSim_IR\Bin\Config\Atmosphere\MODTRAN\raw\m1_nir_mwir_20260906\NIR_scattering_obs10_tar5_rng5_vis23_aerRural_humdefault_sza20\NIR_scattering_obs10_tar5_rng5_vis23_aerRural_humdefault_sza20.tp5,1e6a40548325f5bc4ef4cb4d7f4c0204ee9a1c094a544cc3d1bf3d1552c518c9
NIR_scattering_obs10_tar5_rng5_vis23_aerRural_humdefault_sza70,RadianceWithScattering,NIR,Mid-Latitude Summer,Rural,default,23,10,5,5,70,0.70,1.10,10,10,RectangularBand,D:\HwaSimIR\HwaSim_IR\Bin\Config\Atmosphere\MODTRAN\raw\m1_nir_mwir_20260906\NIR_scattering_obs10_tar5_rng5_vis23_aerRural_humdefault_sza70\NIR_scattering_obs10_tar5_rng5_vis23_aerRural_humdefault_sza70.tp5,ad176a1cf2ad12c697c624761c8285e047d03323ee463fa4607ae124cdba991f
NIR_scattering_obs10_tar5_rng5_vis50_aerRural_humdefault_sza20,RadianceWithScattering,NIR,Mid-Latitude Summer,Rural,default,50,10,5,5,20,0.70,1.10,10,10,RectangularBand,D:\HwaSimIR\HwaSim_IR\Bin\Config\Atmosphere\MODTRAN\raw\m1_nir_mwir_20260906\NIR_scattering_obs10_tar5_rng5_vis50_aerRural_humdefault_sza20\NIR_scattering_obs10_tar5_rng5_vis50_aerRural_humdefault_sza20.tp5,ab16dca69a1b290e5408a95b9e1022773d0c3846f2d21d9e142ce9791730811f
NIR_scattering_obs10_tar5_rng5_vis50_aerRural_humdefault_sza70,RadianceWithScattering,NIR,Mid-Latitude Summer,Rural,default,50,10,5,5,70,0.70,1.10,10,10,RectangularBand,D:\HwaSimIR\HwaSim_IR\Bin\Config\Atmosphere\MODTRAN\raw\m1_nir_mwir_20260906\NIR_scattering_obs10_tar5_rng5_vis50_aerRural_humdefault_sza70\NIR_scattering_obs10_tar5_rng5_vis50_aerRural_humdefault_sza70.tp5,7403410d8e6e4724c612bf45e6ca1a8355699b9f232327165b689fc2422ce859
NIR_scattering_obs10_tar5_rng10_vis2_aerRural_humdefault_sza20,RadianceWithScattering,NIR,Mid-Latitude Summer,Rural,default,2,10,5,10,20,0.70,1.10,10,10,RectangularBand,D:\HwaSimIR\HwaSim_IR\Bin\Config\Atmosphere\MODTRAN\raw\m1_nir_mwir_20260906\NIR_scattering_obs10_tar5_rng10_vis2_aerRural_humdefault_sza20\NIR_scattering_obs10_tar5_rng10_vis2_aerRural_humdefault_sza20.tp5,12eab5aea913c3f2530c36607f6663c5bc691a4cb3728cb851c51ed6611522d4
NIR_scattering_obs10_tar5_rng10_vis2_aerRural_humdefault_sza70,RadianceWithScattering,NIR,Mid-Latitude Summer,Rural,default,2,10,5,10,70,0.70,1.10,10,10,RectangularBand,D:\HwaSimIR\HwaSim_IR\Bin\Config\Atmosphere\MODTRAN\raw\m1_nir_mwir_20260906\NIR_scattering_obs10_tar5_rng10_vis2_aerRural_humdefault_sza70\NIR_scattering_obs10_tar5_rng10_vis2_aerRural_humdefault_sza70.tp5,3441148a624298f15d6ec3a1897829f3a791b65c67046babd059b90f7675cc0f
NIR_scattering_obs10_tar5_rng10_vis5_aerRural_humdefault_sza20,RadianceWithScattering,NIR,Mid-Latitude Summer,Rural,default,5,10,5,10,20,0.70,1.10,10,10,RectangularBand,D:\HwaSimIR\HwaSim_IR\Bin\Config\Atmosphere\MODTRAN\raw\m1_nir_mwir_20260906\NIR_scattering_obs10_tar5_rng10_vis5_aerRural_humdefault_sza20\NIR_scattering_obs10_tar5_rng10_vis5_aerRural_humdefault_sza20.tp5,4eb87f75eb7a4ef78658f0a17e0173445673ef79d06e1396e4d1dbd78bfd3792
NIR_scattering_obs10_tar5_rng10_vis5_aerRural_humdefault_sza70,RadianceWithScattering,NIR,Mid-Latitude Summer,Rural,default,5,10,5,10,70,0.70,1.10,10,10,RectangularBand,D:\HwaSimIR\HwaSim_IR\Bin\Config\Atmosphere\MODTRAN\raw\m1_nir_mwir_20260906\NIR_scattering_obs10_tar5_rng10_vis5_aerRural_humdefault_sza70\NIR_scattering_obs10_tar5_rng10_vis5_aerRural_humdefault_sza70.tp5,8e2fb3b26a10dbf618ee74473b5422b00700583edf65bbb7bf37831e8b67b359
NIR_scattering_obs10_tar5_rng10_vis10_aerRural_humdefault_sza20,RadianceWithScattering,NIR,Mid-Latitude Summer,Rural,default,10,10,5,10,20,0.70,1.10,10,10,RectangularBand,D:\HwaSimIR\HwaSim_IR\Bin\Config\Atmosphere\MODTRAN\raw\m1_nir_mwir_20260906\NIR_scattering_obs10_tar5_rng10_vis10_aerRural_humdefault_sza20\NIR_scattering_obs10_tar5_rng10_vis10_aerRural_humdefault_sza20.tp5,5862e006de5c6f089fc9ccccfb37c82d8024be41c3af4600638898462e27db31
NIR_scattering_obs10_tar5_rng10_vis10_aerRural_humdefault_sza70,RadianceWithScattering,NIR,Mid-Latitude Summer,Rural,default,10,10,5,10,70,0.70,1.10,10,10,RectangularBand,D:\HwaSimIR\HwaSim_IR\Bin\Config\Atmosphere\MODTRAN\raw\m1_nir_mwir_20260906\NIR_scattering_obs10_tar5_rng10_vis10_aerRural_humdefault_sza70\NIR_scattering_obs10_tar5_rng10_vis10_aerRural_humdefault_sza70.tp5,d3b2d664e80fc955cc9233247ab8c05de78396b391a902c672d8af05883c2e6c
NIR_scattering_obs10_tar5_rng10_vis23_aerRural_humdefault_sza20,RadianceWithScattering,NIR,Mid-Latitude Summer,Rural,default,23,10,5,10,20,0.70,1.10,10,10,RectangularBand,D:\HwaSimIR\HwaSim_IR\Bin\Config\Atmosphere\MODTRAN\raw\m1_nir_mwir_20260906\NIR_scattering_obs10_tar5_rng10_vis23_aerRural_humdefault_sza20\NIR_scattering_obs10_tar5_rng10_vis23_aerRural_humdefault_sza20.tp5,ea2bb2ad5e49c85a2f8e7651f14ab938def651e30f0d0a995499dd35604769bb
NIR_scattering_obs10_tar5_rng10_vis23_aerRural_humdefault_sza70,RadianceWithScattering,NIR,Mid-Latitude Summer,Rural,default,23,10,5,10,70,0.70,1.10,10,10,RectangularBand,D:\HwaSimIR\HwaSim_IR\Bin\Config\Atmosphere\MODTRAN\raw\m1_nir_mwir_20260906\NIR_scattering_obs10_tar5_rng10_vis23_aerRural_humdefault_sza70\NIR_scattering_obs10_tar5_rng10_vis23_aerRural_humdefault_sza70.tp5,752e4e06c334682df6dbec8ed33a0965bc077bd6d0bc3d9110b69211c5533a1c
NIR_scattering_obs10_tar5_rng10_vis50_aerRural_humdefault_sza20,RadianceWithScattering,NIR,Mid-Latitude Summer,Rural,default,50,10,5,10,20,0.70,1.10,10,10,RectangularBand,D:\HwaSimIR\HwaSim_IR\Bin\Config\Atmosphere\MODTRAN\raw\m1_nir_mwir_20260906\NIR_scattering_obs10_tar5_rng10_vis50_aerRural_humdefault_sza20\NIR_scattering_obs10_tar5_rng10_vis50_aerRural_humdefault_sza20.tp5,cbc6a29b75d4641193674261e3cdc385652c75a6ee2bf994bb604d529586531f
NIR_scattering_obs10_tar5_rng10_vis50_aerRural_humdefault_sza70,RadianceWithScattering,NIR,Mid-Latitude Summer,Rural,default,50,10,5,10,70,0.70,1.10,10,10,RectangularBand,D:\HwaSimIR\HwaSim_IR\Bin\Config\Atmosphere\MODTRAN\raw\m1_nir_mwir_20260906\NIR_scattering_obs10_tar5_rng10_vis50_aerRural_humdefault_sza70\NIR_scattering_obs10_tar5_rng10_vis50_aerRural_humdefault_sza70.tp5,6860e36aec075861cf57396e31c28e60524fda8cad1736801746950d17c9e525
NIR_scattering_obs10_tar5_rng20_vis2_aerRural_humdefault_sza20,RadianceWithScattering,NIR,Mid-Latitude Summer,Rural,default,2,10,5,20,20,0.70,1.10,10,10,RectangularBand,D:\HwaSimIR\HwaSim_IR\Bin\Config\Atmosphere\MODTRAN\raw\m1_nir_mwir_20260906\NIR_scattering_obs10_tar5_rng20_vis2_aerRural_humdefault_sza20\NIR_scattering_obs10_tar5_rng20_vis2_aerRural_humdefault_sza20.tp5,bfcfbd3614ea5c884873eb5353dc3b07afe93929d62232daee70e397dccc7b67
NIR_scattering_obs10_tar5_rng20_vis2_aerRural_humdefault_sza70,RadianceWithScattering,NIR,Mid-Latitude Summer,Rural,default,2,10,5,20,70,0.70,1.10,10,10,RectangularBand,D:\HwaSimIR\HwaSim_IR\Bin\Config\Atmosphere\MODTRAN\raw\m1_nir_mwir_20260906\NIR_scattering_obs10_tar5_rng20_vis2_aerRural_humdefault_sza70\NIR_scattering_obs10_tar5_rng20_vis2_aerRural_humdefault_sza70.tp5,9e451102bb7be45907099ec849fcec47369603513524888a07f2fa472e44940a
NIR_scattering_obs10_tar5_rng20_vis5_aerRural_humdefault_sza20,RadianceWithScattering,NIR,Mid-Latitude Summer,Rural,default,5,10,5,20,20,0.70,1.10,10,10,RectangularBand,D:\HwaSimIR\HwaSim_IR\Bin\Config\Atmosphere\MODTRAN\raw\m1_nir_mwir_20260906\NIR_scattering_obs10_tar5_rng20_vis5_aerRural_humdefault_sza20\NIR_scattering_obs10_tar5_rng20_vis5_aerRural_humdefault_sza20.tp5,07b71518fdc7cce0e6d6041a946a0ec3152a36ce4ed4dc6a3cd2888929647889
NIR_scattering_obs10_tar5_rng20_vis5_aerRural_humdefault_sza70,RadianceWithScattering,NIR,Mid-Latitude Summer,Rural,default,5,10,5,20,70,0.70,1.10,10,10,RectangularBand,D:\HwaSimIR\HwaSim_IR\Bin\Config\Atmosphere\MODTRAN\raw\m1_nir_mwir_20260906\NIR_scattering_obs10_tar5_rng20_vis5_aerRural_humdefault_sza70\NIR_scattering_obs10_tar5_rng20_vis5_aerRural_humdefault_sza70.tp5,d6dc243546d032e875cca2613a5f5b5a06b345ec6405b81e2532c246a163e573
NIR_scattering_obs10_tar5_rng20_vis10_aerRural_humdefault_sza20,RadianceWithScattering,NIR,Mid-Latitude Summer,Rural,default,10,10,5,20,20,0.70,1.10,10,10,RectangularBand,D:\HwaSimIR\HwaSim_IR\Bin\Config\Atmosphere\MODTRAN\raw\m1_nir_mwir_20260906\NIR_scattering_obs10_tar5_rng20_vis10_aerRural_humdefault_sza20\NIR_scattering_obs10_tar5_rng20_vis10_aerRural_humdefault_sza20.tp5,ad201320276322e88939b91c1a6667e389b0f8620b06497e19e98e0c612ca8f0
NIR_scattering_obs10_tar5_rng20_vis10_aerRural_humdefault_sza70,RadianceWithScattering,NIR,Mid-Latitude Summer,Rural,default,10,10,5,20,70,0.70,1.10,10,10,RectangularBand,D:\HwaSimIR\HwaSim_IR\Bin\Config\Atmosphere\MODTRAN\raw\m1_nir_mwir_20260906\NIR_scattering_obs10_tar5_rng20_vis10_aerRural_humdefault_sza70\NIR_scattering_obs10_tar5_rng20_vis10_aerRural_humdefault_sza70.tp5,d54d4c835c0b1e950593ce24c8d9c3865a0e02a6a96b72afa1b33398f577f75e
NIR_scattering_obs10_tar5_rng20_vis23_aerRural_humdefault_sza20,RadianceWithScattering,NIR,Mid-Latitude Summer,Rural,default,23,10,5,20,20,0.70,1.10,10,10,RectangularBand,D:\HwaSimIR\HwaSim_IR\Bin\Config\Atmosphere\MODTRAN\raw\m1_nir_mwir_20260906\NIR_scattering_obs10_tar5_rng20_vis23_aerRural_humdefault_sza20\NIR_scattering_obs10_tar5_rng20_vis23_aerRural_humdefault_sza20.tp5,83d99de47f3cda73f9cbffb1a92fb3d59e40b8d89c998b977c8afbbf61c45a8d
NIR_scattering_obs10_tar5_rng20_vis23_aerRural_humdefault_sza70,RadianceWithScattering,NIR,Mid-Latitude Summer,Rural,default,23,10,5,20,70,0.70,1.10,10,10,RectangularBand,D:\HwaSimIR\HwaSim_IR\Bin\Config\Atmosphere\MODTRAN\raw\m1_nir_mwir_20260906\NIR_scattering_obs10_tar5_rng20_vis23_aerRural_humdefault_sza70\NIR_scattering_obs10_tar5_rng20_vis23_aerRural_humdefault_sza70.tp5,5ff2ef7aace226ae03e902cd8bbebde67db72502ab9ad6bd8fcda1d47b2b1a97
NIR_scattering_obs10_tar5_rng20_vis50_aerRural_humdefault_sza20,RadianceWithScattering,NIR,Mid-Latitude Summer,Rural,default,50,10,5,20,20,0.70,1.10,10,10,RectangularBand,D:\HwaSimIR\HwaSim_IR\Bin\Config\Atmosphere\MODTRAN\raw\m1_nir_mwir_20260906\NIR_scattering_obs10_tar5_rng20_vis50_aerRural_humdefault_sza20\NIR_scattering_obs10_tar5_rng20_vis50_aerRural_humdefault_sza20.tp5,709dd856c8646b6ef12fcd7014f82d73595923e97f1c7acbd64f885a032db841
NIR_scattering_obs10_tar5_rng20_vis50_aerRural_humdefault_sza70,RadianceWithScattering,NIR,Mid-Latitude Summer,Rural,default,50,10,5,20,70,0.70,1.10,10,10,RectangularBand,D:\HwaSimIR\HwaSim_IR\Bin\Config\Atmosphere\MODTRAN\raw\m1_nir_mwir_20260906\NIR_scattering_obs10_tar5_rng20_vis50_aerRural_humdefault_sza70\NIR_scattering_obs10_tar5_rng20_vis50_aerRural_humdefault_sza70.tp5,7986825ea2392e972a17f33280b5071ee6c261cdc56417f030a191e97863d9d0
NIR_scattering_obs10_tar5_rng35_vis2_aerRural_humdefault_sza20,RadianceWithScattering,NIR,Mid-Latitude Summer,Rural,default,2,10,5,35,20,0.70,1.10,10,10,RectangularBand,D:\HwaSimIR\HwaSim_IR\Bin\Config\Atmosphere\MODTRAN\raw\m1_nir_mwir_20260906\NIR_scattering_obs10_tar5_rng35_vis2_aerRural_humdefault_sza20\NIR_scattering_obs10_tar5_rng35_vis2_aerRural_humdefault_sza20.tp5,366ce4cdd8acba061df49206281bee64e311bc678c239363f094c01d120c0875
NIR_scattering_obs10_tar5_rng35_vis2_aerRural_humdefault_sza70,RadianceWithScattering,NIR,Mid-Latitude Summer,Rural,default,2,10,5,35,70,0.70,1.10,10,10,RectangularBand,D:\HwaSimIR\HwaSim_IR\Bin\Config\Atmosphere\MODTRAN\raw\m1_nir_mwir_20260906\NIR_scattering_obs10_tar5_rng35_vis2_aerRural_humdefault_sza70\NIR_scattering_obs10_tar5_rng35_vis2_aerRural_humdefault_sza70.tp5,998ea6a44865555e8f867d556d4e247b924fe7c54688e014832ad20cd5c3bf87
NIR_scattering_obs10_tar5_rng35_vis5_aerRural_humdefault_sza20,RadianceWithScattering,NIR,Mid-Latitude Summer,Rural,default,5,10,5,35,20,0.70,1.10,10,10,RectangularBand,D:\HwaSimIR\HwaSim_IR\Bin\Config\Atmosphere\MODTRAN\raw\m1_nir_mwir_20260906\NIR_scattering_obs10_tar5_rng35_vis5_aerRural_humdefault_sza20\NIR_scattering_obs10_tar5_rng35_vis5_aerRural_humdefault_sza20.tp5,a6661bbc3f61ff6067638fece98454e0a30854b496cc322b63760862ed2594c8
NIR_scattering_obs10_tar5_rng35_vis5_aerRural_humdefault_sza70,RadianceWithScattering,NIR,Mid-Latitude Summer,Rural,default,5,10,5,35,70,0.70,1.10,10,10,RectangularBand,D:\HwaSimIR\HwaSim_IR\Bin\Config\Atmosphere\MODTRAN\raw\m1_nir_mwir_20260906\NIR_scattering_obs10_tar5_rng35_vis5_aerRural_humdefault_sza70\NIR_scattering_obs10_tar5_rng35_vis5_aerRural_humdefault_sza70.tp5,d9165dc89f77d19eebeae86faf9c46eae8d64448ff633279dff7c40deaa6c527
NIR_scattering_obs10_tar5_rng35_vis10_aerRural_humdefault_sza20,RadianceWithScattering,NIR,Mid-Latitude Summer,Rural,default,10,10,5,35,20,0.70,1.10,10,10,RectangularBand,D:\HwaSimIR\HwaSim_IR\Bin\Config\Atmosphere\MODTRAN\raw\m1_nir_mwir_20260906\NIR_scattering_obs10_tar5_rng35_vis10_aerRural_humdefault_sza20\NIR_scattering_obs10_tar5_rng35_vis10_aerRural_humdefault_sza20.tp5,cff7351c42af30152f83e57f560a0d262e6d094aa57b645d5a5ac688d2cf41be
NIR_scattering_obs10_tar5_rng35_vis10_aerRural_humdefault_sza70,RadianceWithScattering,NIR,Mid-Latitude Summer,Rural,default,10,10,5,35,70,0.70,1.10,10,10,RectangularBand,D:\HwaSimIR\HwaSim_IR\Bin\Config\Atmosphere\MODTRAN\raw\m1_nir_mwir_20260906\NIR_scattering_obs10_tar5_rng35_vis10_aerRural_humdefault_sza70\NIR_scattering_obs10_tar5_rng35_vis10_aerRural_humdefault_sza70.tp5,54cd0eebee4076e25f8d32625e04a08c85969933b14a7db966cea18c2e1565ab
NIR_scattering_obs10_tar5_rng35_vis23_aerRural_humdefault_sza20,RadianceWithScattering,NIR,Mid-Latitude Summer,Rural,default,23,10,5,35,20,0.70,1.10,10,10,RectangularBand,D:\HwaSimIR\HwaSim_IR\Bin\Config\Atmosphere\MODTRAN\raw\m1_nir_mwir_20260906\NIR_scattering_obs10_tar5_rng35_vis23_aerRural_humdefault_sza20\NIR_scattering_obs10_tar5_rng35_vis23_aerRural_humdefault_sza20.tp5,99f94b54f24ca4d6cc5bd3ca3fb37bd1091347837681ec90548f9c6a8663c323
NIR_scattering_obs10_tar5_rng35_vis23_aerRural_humdefault_sza70,RadianceWithScattering,NIR,Mid-Latitude Summer,Rural,default,23,10,5,35,70,0.70,1.10,10,10,RectangularBand,D:\HwaSimIR\HwaSim_IR\Bin\Config\Atmosphere\MODTRAN\raw\m1_nir_mwir_20260906\NIR_scattering_obs10_tar5_rng35_vis23_aerRural_humdefault_sza70\NIR_scattering_obs10_tar5_rng35_vis23_aerRural_humdefault_sza70.tp5,02f9e778ce22189ac81f34022da8ece6072af82a72fbf9d41433305190f9df7b
NIR_scattering_obs10_tar5_rng35_vis50_aerRural_humdefault_sza20,RadianceWithScattering,NIR,Mid-Latitude Summer,Rural,default,50,10,5,35,20,0.70,1.10,10,10,RectangularBand,D:\HwaSimIR\HwaSim_IR\Bin\Config\Atmosphere\MODTRAN\raw\m1_nir_mwir_20260906\NIR_scattering_obs10_tar5_rng35_vis50_aerRural_humdefault_sza20\NIR_scattering_obs10_tar5_rng35_vis50_aerRural_humdefault_sza20.tp5,60fbdea471d59ed24d992fec34615909bdf1bd9012424559c19264c640086727
NIR_scattering_obs10_tar5_rng35_vis50_aerRural_humdefault_sza70,RadianceWithScattering,NIR,Mid-Latitude Summer,Rural,default,50,10,5,35,70,0.70,1.10,10,10,RectangularBand,D:\HwaSimIR\HwaSim_IR\Bin\Config\Atmosphere\MODTRAN\raw\m1_nir_mwir_20260906\NIR_scattering_obs10_tar5_rng35_vis50_aerRural_humdefault_sza70\NIR_scattering_obs10_tar5_rng35_vis50_aerRural_humdefault_sza70.tp5,aa064b6efe92eab52fc7c321f70ec125a0d7cb60f51ab89458cf43eb8dc1bdee
NIR_scattering_obs10_tar5_rng50_vis2_aerRural_humdefault_sza20,RadianceWithScattering,NIR,Mid-Latitude Summer,Rural,default,2,10,5,50,20,0.70,1.10,10,10,RectangularBand,D:\HwaSimIR\HwaSim_IR\Bin\Config\Atmosphere\MODTRAN\raw\m1_nir_mwir_20260906\NIR_scattering_obs10_tar5_rng50_vis2_aerRural_humdefault_sza20\NIR_scattering_obs10_tar5_rng50_vis2_aerRural_humdefault_sza20.tp5,5147bee41b19925e380dd31925abb038b829e34a208b79e3ed185c969a9929d4
NIR_scattering_obs10_tar5_rng50_vis2_aerRural_humdefault_sza70,RadianceWithScattering,NIR,Mid-Latitude Summer,Rural,default,2,10,5,50,70,0.70,1.10,10,10,RectangularBand,D:\HwaSimIR\HwaSim_IR\Bin\Config\Atmosphere\MODTRAN\raw\m1_nir_mwir_20260906\NIR_scattering_obs10_tar5_rng50_vis2_aerRural_humdefault_sza70\NIR_scattering_obs10_tar5_rng50_vis2_aerRural_humdefault_sza70.tp5,2491e9e33e0e55f822fee4affbc4e85b74e1f260954451b8b0128939e8f981f0
NIR_scattering_obs10_tar5_rng50_vis5_aerRural_humdefault_sza20,RadianceWithScattering,NIR,Mid-Latitude Summer,Rural,default,5,10,5,50,20,0.70,1.10,10,10,RectangularBand,D:\HwaSimIR\HwaSim_IR\Bin\Config\Atmosphere\MODTRAN\raw\m1_nir_mwir_20260906\NIR_scattering_obs10_tar5_rng50_vis5_aerRural_humdefault_sza20\NIR_scattering_obs10_tar5_rng50_vis5_aerRural_humdefault_sza20.tp5,294110b085184dd5b2f8e7b2d3af9220f73c078d7f05776b71bf1b36baa670bd
NIR_scattering_obs10_tar5_rng50_vis5_aerRural_humdefault_sza70,RadianceWithScattering,NIR,Mid-Latitude Summer,Rural,default,5,10,5,50,70,0.70,1.10,10,10,RectangularBand,D:\HwaSimIR\HwaSim_IR\Bin\Config\Atmosphere\MODTRAN\raw\m1_nir_mwir_20260906\NIR_scattering_obs10_tar5_rng50_vis5_aerRural_humdefault_sza70\NIR_scattering_obs10_tar5_rng50_vis5_aerRural_humdefault_sza70.tp5,694215b771e9357637eb9532f53ee48f7386b58a3fed4d338049ee00f0658b61
NIR_scattering_obs10_tar5_rng50_vis10_aerRural_humdefault_sza20,RadianceWithScattering,NIR,Mid-Latitude Summer,Rural,default,10,10,5,50,20,0.70,1.10,10,10,RectangularBand,D:\HwaSimIR\HwaSim_IR\Bin\Config\Atmosphere\MODTRAN\raw\m1_nir_mwir_20260906\NIR_scattering_obs10_tar5_rng50_vis10_aerRural_humdefault_sza20\NIR_scattering_obs10_tar5_rng50_vis10_aerRural_humdefault_sza20.tp5,fcf70827526482f246a3729563f1995a73957d9841406cea1fd7f9f0154cb66e
NIR_scattering_obs10_tar5_rng50_vis10_aerRural_humdefault_sza70,RadianceWithScattering,NIR,Mid-Latitude Summer,Rural,default,10,10,5,50,70,0.70,1.10,10,10,RectangularBand,D:\HwaSimIR\HwaSim_IR\Bin\Config\Atmosphere\MODTRAN\raw\m1_nir_mwir_20260906\NIR_scattering_obs10_tar5_rng50_vis10_aerRural_humdefault_sza70\NIR_scattering_obs10_tar5_rng50_vis10_aerRural_humdefault_sza70.tp5,fcca3dd3c57be0e1dfa3a0147a5f31cd17d1b24ac822f9fe427a5b1d19340d02
NIR_scattering_obs10_tar5_rng50_vis23_aerRural_humdefault_sza20,RadianceWithScattering,NIR,Mid-Latitude Summer,Rural,default,23,10,5,50,20,0.70,1.10,10,10,RectangularBand,D:\HwaSimIR\HwaSim_IR\Bin\Config\Atmosphere\MODTRAN\raw\m1_nir_mwir_20260906\NIR_scattering_obs10_tar5_rng50_vis23_aerRural_humdefault_sza20\NIR_scattering_obs10_tar5_rng50_vis23_aerRural_humdefault_sza20.tp5,ae986f6857207a9c6878dd9bdbe57353a17f47195fb41cb0e2b8ddc793ad0843
NIR_scattering_obs10_tar5_rng50_vis23_aerRural_humdefault_sza70,RadianceWithScattering,NIR,Mid-Latitude Summer,Rural,default,23,10,5,50,70,0.70,1.10,10,10,RectangularBand,D:\HwaSimIR\HwaSim_IR\Bin\Config\Atmosphere\MODTRAN\raw\m1_nir_mwir_20260906\NIR_scattering_obs10_tar5_rng50_vis23_aerRural_humdefault_sza70\NIR_scattering_obs10_tar5_rng50_vis23_aerRural_humdefault_sza70.tp5,2fbcb126fb918b307001e7922e8468f04e73e31042ff5b0efad859aa48c28320
NIR_scattering_obs10_tar5_rng50_vis50_aerRural_humdefault_sza20,RadianceWithScattering,NIR,Mid-Latitude Summer,Rural,default,50,10,5,50,20,0.70,1.10,10,10,RectangularBand,D:\HwaSimIR\HwaSim_IR\Bin\Config\Atmosphere\MODTRAN\raw\m1_nir_mwir_20260906\NIR_scattering_obs10_tar5_rng50_vis50_aerRural_humdefault_sza20\NIR_scattering_obs10_tar5_rng50_vis50_aerRural_humdefault_sza20.tp5,dbc923651c0c3f1a4f2a91d24c38798a9c36bf0d0cd854b1ecea78860f3d2bb1
NIR_scattering_obs10_tar5_rng50_vis50_aerRural_humdefault_sza70,RadianceWithScattering,NIR,Mid-Latitude Summer,Rural,default,50,10,5,50,70,0.70,1.10,10,10,RectangularBand,D:\HwaSimIR\HwaSim_IR\Bin\Config\Atmosphere\MODTRAN\raw\m1_nir_mwir_20260906\NIR_scattering_obs10_tar5_rng50_vis50_aerRural_humdefault_sza70\NIR_scattering_obs10_tar5_rng50_vis50_aerRural_humdefault_sza70.tp5,89e8d5c0a62ca86aca05f5c6f596384d0fcab4e42f5b36e0c20c7df1bb420daf
NIR_scattering_obs15_tar10_rng5_vis2_aerRural_humdefault_sza20,RadianceWithScattering,NIR,Mid-Latitude Summer,Rural,default,2,15,10,5,20,0.70,1.10,10,10,RectangularBand,D:\HwaSimIR\HwaSim_IR\Bin\Config\Atmosphere\MODTRAN\raw\m1_nir_mwir_20260906\NIR_scattering_obs15_tar10_rng5_vis2_aerRural_humdefault_sza20\NIR_scattering_obs15_tar10_rng5_vis2_aerRural_humdefault_sza20.tp5,ed6065360d5b2a6bdc7b9301eef33e5001a2d104ec020c73e424081a29eda257
NIR_scattering_obs15_tar10_rng5_vis2_aerRural_humdefault_sza70,RadianceWithScattering,NIR,Mid-Latitude Summer,Rural,default,2,15,10,5,70,0.70,1.10,10,10,RectangularBand,D:\HwaSimIR\HwaSim_IR\Bin\Config\Atmosphere\MODTRAN\raw\m1_nir_mwir_20260906\NIR_scattering_obs15_tar10_rng5_vis2_aerRural_humdefault_sza70\NIR_scattering_obs15_tar10_rng5_vis2_aerRural_humdefault_sza70.tp5,69e3dd0409797ecf4acdf33f15adaddda2a89f54ca02c54c6aaa7e8bc7ff05c3
NIR_scattering_obs15_tar10_rng5_vis5_aerRural_humdefault_sza20,RadianceWithScattering,NIR,Mid-Latitude Summer,Rural,default,5,15,10,5,20,0.70,1.10,10,10,RectangularBand,D:\HwaSimIR\HwaSim_IR\Bin\Config\Atmosphere\MODTRAN\raw\m1_nir_mwir_20260906\NIR_scattering_obs15_tar10_rng5_vis5_aerRural_humdefault_sza20\NIR_scattering_obs15_tar10_rng5_vis5_aerRural_humdefault_sza20.tp5,7153cdcccf067282840133239bb6ac6e4cdcb631d79c698613d0de07b8c508f5
NIR_scattering_obs15_tar10_rng5_vis5_aerRural_humdefault_sza70,RadianceWithScattering,NIR,Mid-Latitude Summer,Rural,default,5,15,10,5,70,0.70,1.10,10,10,RectangularBand,D:\HwaSimIR\HwaSim_IR\Bin\Config\Atmosphere\MODTRAN\raw\m1_nir_mwir_20260906\NIR_scattering_obs15_tar10_rng5_vis5_aerRural_humdefault_sza70\NIR_scattering_obs15_tar10_rng5_vis5_aerRural_humdefault_sza70.tp5,5677dddd9042bdc07d9c0608d9fe2e3f9816ddba9f5360d7b297660bb839b8fd
NIR_scattering_obs15_tar10_rng5_vis10_aerRural_humdefault_sza20,RadianceWithScattering,NIR,Mid-Latitude Summer,Rural,default,10,15,10,5,20,0.70,1.10,10,10,RectangularBand,D:\HwaSimIR\HwaSim_IR\Bin\Config\Atmosphere\MODTRAN\raw\m1_nir_mwir_20260906\NIR_scattering_obs15_tar10_rng5_vis10_aerRural_humdefault_sza20\NIR_scattering_obs15_tar10_rng5_vis10_aerRural_humdefault_sza20.tp5,8766915db3e125d30ab67918c5c2ee3eaa9dc0b7350a52fb97fd0ece10166dbd
NIR_scattering_obs15_tar10_rng5_vis10_aerRural_humdefault_sza70,RadianceWithScattering,NIR,Mid-Latitude Summer,Rural,default,10,15,10,5,70,0.70,1.10,10,10,RectangularBand,D:\HwaSimIR\HwaSim_IR\Bin\Config\Atmosphere\MODTRAN\raw\m1_nir_mwir_20260906\NIR_scattering_obs15_tar10_rng5_vis10_aerRural_humdefault_sza70\NIR_scattering_obs15_tar10_rng5_vis10_aerRural_humdefault_sza70.tp5,85f4bab438bd7228932bff5986af8afdce6c1e85701a236cb2e93f8df8c6029b
NIR_scattering_obs15_tar10_rng5_vis23_aerRural_humdefault_sza20,RadianceWithScattering,NIR,Mid-Latitude Summer,Rural,default,23,15,10,5,20,0.70,1.10,10,10,RectangularBand,D:\HwaSimIR\HwaSim_IR\Bin\Config\Atmosphere\MODTRAN\raw\m1_nir_mwir_20260906\NIR_scattering_obs15_tar10_rng5_vis23_aerRural_humdefault_sza20\NIR_scattering_obs15_tar10_rng5_vis23_aerRural_humdefault_sza20.tp5,9cb504a5526575e34777a67ea3f85951013a8bb9ab4d767278ce70d1c1967bde
NIR_scattering_obs15_tar10_rng5_vis23_aerRural_humdefault_sza70,RadianceWithScattering,NIR,Mid-Latitude Summer,Rural,default,23,15,10,5,70,0.70,1.10,10,10,RectangularBand,D:\HwaSimIR\HwaSim_IR\Bin\Config\Atmosphere\MODTRAN\raw\m1_nir_mwir_20260906\NIR_scattering_obs15_tar10_rng5_vis23_aerRural_humdefault_sza70\NIR_scattering_obs15_tar10_rng5_vis23_aerRural_humdefault_sza70.tp5,58bed77762fb84c5c41851317d9f7adec3612cd3f434fc9bb6c6537d75e1ab6e
NIR_scattering_obs15_tar10_rng5_vis50_aerRural_humdefault_sza20,RadianceWithScattering,NIR,Mid-Latitude Summer,Rural,default,50,15,10,5,20,0.70,1.10,10,10,RectangularBand,D:\HwaSimIR\HwaSim_IR\Bin\Config\Atmosphere\MODTRAN\raw\m1_nir_mwir_20260906\NIR_scattering_obs15_tar10_rng5_vis50_aerRural_humdefault_sza20\NIR_scattering_obs15_tar10_rng5_vis50_aerRural_humdefault_sza20.tp5,0dae2dbb57ee95f8cee814b0aa62951a901f27918b1e4694ddbb69aa51ed6737
NIR_scattering_obs15_tar10_rng5_vis50_aerRural_humdefault_sza70,RadianceWithScattering,NIR,Mid-Latitude Summer,Rural,default,50,15,10,5,70,0.70,1.10,10,10,RectangularBand,D:\HwaSimIR\HwaSim_IR\Bin\Config\Atmosphere\MODTRAN\raw\m1_nir_mwir_20260906\NIR_scattering_obs15_tar10_rng5_vis50_aerRural_humdefault_sza70\NIR_scattering_obs15_tar10_rng5_vis50_aerRural_humdefault_sza70.tp5,5e1e7af4b67f0664fc89459755480c39cfa70fdfd6300d97a36f1903e029326a
NIR_scattering_obs15_tar10_rng10_vis2_aerRural_humdefault_sza20,RadianceWithScattering,NIR,Mid-Latitude Summer,Rural,default,2,15,10,10,20,0.70,1.10,10,10,RectangularBand,D:\HwaSimIR\HwaSim_IR\Bin\Config\Atmosphere\MODTRAN\raw\m1_nir_mwir_20260906\NIR_scattering_obs15_tar10_rng10_vis2_aerRural_humdefault_sza20\NIR_scattering_obs15_tar10_rng10_vis2_aerRural_humdefault_sza20.tp5,9a0bdf4d051bb38a17267f7c2d9ba691141068487a570d123b296d3309c8614c
NIR_scattering_obs15_tar10_rng10_vis2_aerRural_humdefault_sza70,RadianceWithScattering,NIR,Mid-Latitude Summer,Rural,default,2,15,10,10,70,0.70,1.10,10,10,RectangularBand,D:\HwaSimIR\HwaSim_IR\Bin\Config\Atmosphere\MODTRAN\raw\m1_nir_mwir_20260906\NIR_scattering_obs15_tar10_rng10_vis2_aerRural_humdefault_sza70\NIR_scattering_obs15_tar10_rng10_vis2_aerRural_humdefault_sza70.tp5,6bb2815cbded6d9a2eec12d6e296c71df0a6d8dec2a9b89d916aa01cf7ace3a8
NIR_scattering_obs15_tar10_rng10_vis5_aerRural_humdefault_sza20,RadianceWithScattering,NIR,Mid-Latitude Summer,Rural,default,5,15,10,10,20,0.70,1.10,10,10,RectangularBand,D:\HwaSimIR\HwaSim_IR\Bin\Config\Atmosphere\MODTRAN\raw\m1_nir_mwir_20260906\NIR_scattering_obs15_tar10_rng10_vis5_aerRural_humdefault_sza20\NIR_scattering_obs15_tar10_rng10_vis5_aerRural_humdefault_sza20.tp5,b99ab1a7bf20c5bc089b1ab41156568e3c56e9ec6bf0bfc396adf94c628fc979
NIR_scattering_obs15_tar10_rng10_vis5_aerRural_humdefault_sza70,RadianceWithScattering,NIR,Mid-Latitude Summer,Rural,default,5,15,10,10,70,0.70,1.10,10,10,RectangularBand,D:\HwaSimIR\HwaSim_IR\Bin\Config\Atmosphere\MODTRAN\raw\m1_nir_mwir_20260906\NIR_scattering_obs15_tar10_rng10_vis5_aerRural_humdefault_sza70\NIR_scattering_obs15_tar10_rng10_vis5_aerRural_humdefault_sza70.tp5,0d079b7852f33d93c1de8e3c3313f7dfd9468e59f3df69f315d12381f8905d8c
NIR_scattering_obs15_tar10_rng10_vis10_aerRural_humdefault_sza20,RadianceWithScattering,NIR,Mid-Latitude Summer,Rural,default,10,15,10,10,20,0.70,1.10,10,10,RectangularBand,D:\HwaSimIR\HwaSim_IR\Bin\Config\Atmosphere\MODTRAN\raw\m1_nir_mwir_20260906\NIR_scattering_obs15_tar10_rng10_vis10_aerRural_humdefault_sza20\NIR_scattering_obs15_tar10_rng10_vis10_aerRural_humdefault_sza20.tp5,e6b49cfd0e7bcdbf2287302cf88d32ad6019a1af3ed158193d12151b5ca7b073
NIR_scattering_obs15_tar10_rng10_vis10_aerRural_humdefault_sza70,RadianceWithScattering,NIR,Mid-Latitude Summer,Rural,default,10,15,10,10,70,0.70,1.10,10,10,RectangularBand,D:\HwaSimIR\HwaSim_IR\Bin\Config\Atmosphere\MODTRAN\raw\m1_nir_mwir_20260906\NIR_scattering_obs15_tar10_rng10_vis10_aerRural_humdefault_sza70\NIR_scattering_obs15_tar10_rng10_vis10_aerRural_humdefault_sza70.tp5,72274a1c61d5d502c1a404c3fff1570474b0549ee0fee653cc71799295213073
NIR_scattering_obs15_tar10_rng10_vis23_aerRural_humdefault_sza20,RadianceWithScattering,NIR,Mid-Latitude Summer,Rural,default,23,15,10,10,20,0.70,1.10,10,10,RectangularBand,D:\HwaSimIR\HwaSim_IR\Bin\Config\Atmosphere\MODTRAN\raw\m1_nir_mwir_20260906\NIR_scattering_obs15_tar10_rng10_vis23_aerRural_humdefault_sza20\NIR_scattering_obs15_tar10_rng10_vis23_aerRural_humdefault_sza20.tp5,6f270e2b8acabd2b82c3503ebf4aead9aaa13077ea4881754d54e4e40714f99a
NIR_scattering_obs15_tar10_rng10_vis23_aerRural_humdefault_sza70,RadianceWithScattering,NIR,Mid-Latitude Summer,Rural,default,23,15,10,10,70,0.70,1.10,10,10,RectangularBand,D:\HwaSimIR\HwaSim_IR\Bin\Config\Atmosphere\MODTRAN\raw\m1_nir_mwir_20260906\NIR_scattering_obs15_tar10_rng10_vis23_aerRural_humdefault_sza70\NIR_scattering_obs15_tar10_rng10_vis23_aerRural_humdefault_sza70.tp5,986a6efe7812c58331ea9c79854f4976913f31fad8d5af902c6fd3dc01441827
NIR_scattering_obs15_tar10_rng10_vis50_aerRural_humdefault_sza20,RadianceWithScattering,NIR,Mid-Latitude Summer,Rural,default,50,15,10,10,20,0.70,1.10,10,10,RectangularBand,D:\HwaSimIR\HwaSim_IR\Bin\Config\Atmosphere\MODTRAN\raw\m1_nir_mwir_20260906\NIR_scattering_obs15_tar10_rng10_vis50_aerRural_humdefault_sza20\NIR_scattering_obs15_tar10_rng10_vis50_aerRural_humdefault_sza20.tp5,aa19f102481cfe11cf518c2658d5835e0ecaaf489faca5753fb264b4d0a7f182
NIR_scattering_obs15_tar10_rng10_vis50_aerRural_humdefault_sza70,RadianceWithScattering,NIR,Mid-Latitude Summer,Rural,default,50,15,10,10,70,0.70,1.10,10,10,RectangularBand,D:\HwaSimIR\HwaSim_IR\Bin\Config\Atmosphere\MODTRAN\raw\m1_nir_mwir_20260906\NIR_scattering_obs15_tar10_rng10_vis50_aerRural_humdefault_sza70\NIR_scattering_obs15_tar10_rng10_vis50_aerRural_humdefault_sza70.tp5,a3d6cfe1f610484fe3e8258ba6b013e99a7c51ad0b589d3e0b8767a73fb51bb1
NIR_scattering_obs15_tar10_rng20_vis2_aerRural_humdefault_sza20,RadianceWithScattering,NIR,Mid-Latitude Summer,Rural,default,2,15,10,20,20,0.70,1.10,10,10,RectangularBand,D:\HwaSimIR\HwaSim_IR\Bin\Config\Atmosphere\MODTRAN\raw\m1_nir_mwir_20260906\NIR_scattering_obs15_tar10_rng20_vis2_aerRural_humdefault_sza20\NIR_scattering_obs15_tar10_rng20_vis2_aerRural_humdefault_sza20.tp5,a74e1dd5342ff6de41cbe9008f3b4fc12c5c7fcedf5f328ad9a43d42dab3e78e
NIR_scattering_obs15_tar10_rng20_vis2_aerRural_humdefault_sza70,RadianceWithScattering,NIR,Mid-Latitude Summer,Rural,default,2,15,10,20,70,0.70,1.10,10,10,RectangularBand,D:\HwaSimIR\HwaSim_IR\Bin\Config\Atmosphere\MODTRAN\raw\m1_nir_mwir_20260906\NIR_scattering_obs15_tar10_rng20_vis2_aerRural_humdefault_sza70\NIR_scattering_obs15_tar10_rng20_vis2_aerRural_humdefault_sza70.tp5,bd73f9b5d725dd008abd810cfcded324b8a2dfe5380435a7a8fbfe397b01bc4e
NIR_scattering_obs15_tar10_rng20_vis5_aerRural_humdefault_sza20,RadianceWithScattering,NIR,Mid-Latitude Summer,Rural,default,5,15,10,20,20,0.70,1.10,10,10,RectangularBand,D:\HwaSimIR\HwaSim_IR\Bin\Config\Atmosphere\MODTRAN\raw\m1_nir_mwir_20260906\NIR_scattering_obs15_tar10_rng20_vis5_aerRural_humdefault_sza20\NIR_scattering_obs15_tar10_rng20_vis5_aerRural_humdefault_sza20.tp5,a4856bf9957ca840aa8d52bb23dce0bb1bd1b2fcdc57ec1f9f04502afb4c1381
NIR_scattering_obs15_tar10_rng20_vis5_aerRural_humdefault_sza70,RadianceWithScattering,NIR,Mid-Latitude Summer,Rural,default,5,15,10,20,70,0.70,1.10,10,10,RectangularBand,D:\HwaSimIR\HwaSim_IR\Bin\Config\Atmosphere\MODTRAN\raw\m1_nir_mwir_20260906\NIR_scattering_obs15_tar10_rng20_vis5_aerRural_humdefault_sza70\NIR_scattering_obs15_tar10_rng20_vis5_aerRural_humdefault_sza70.tp5,db3f3f8657a737516f1aa70dd68cd52459d05d04b857d9c780991ce2b9a90747
NIR_scattering_obs15_tar10_rng20_vis10_aerRural_humdefault_sza20,RadianceWithScattering,NIR,Mid-Latitude Summer,Rural,default,10,15,10,20,20,0.70,1.10,10,10,RectangularBand,D:\HwaSimIR\HwaSim_IR\Bin\Config\Atmosphere\MODTRAN\raw\m1_nir_mwir_20260906\NIR_scattering_obs15_tar10_rng20_vis10_aerRural_humdefault_sza20\NIR_scattering_obs15_tar10_rng20_vis10_aerRural_humdefault_sza20.tp5,ebe294b389cf9a0cef3b1a7cd4fc78a38ad122948fc2fabbe5b192b4a76200da
NIR_scattering_obs15_tar10_rng20_vis10_aerRural_humdefault_sza70,RadianceWithScattering,NIR,Mid-Latitude Summer,Rural,default,10,15,10,20,70,0.70,1.10,10,10,RectangularBand,D:\HwaSimIR\HwaSim_IR\Bin\Config\Atmosphere\MODTRAN\raw\m1_nir_mwir_20260906\NIR_scattering_obs15_tar10_rng20_vis10_aerRural_humdefault_sza70\NIR_scattering_obs15_tar10_rng20_vis10_aerRural_humdefault_sza70.tp5,0eee43e067100d526709191fcb36c91295c50d67d717fb5216a59712f8a5f792
NIR_scattering_obs15_tar10_rng20_vis23_aerRural_humdefault_sza20,RadianceWithScattering,NIR,Mid-Latitude Summer,Rural,default,23,15,10,20,20,0.70,1.10,10,10,RectangularBand,D:\HwaSimIR\HwaSim_IR\Bin\Config\Atmosphere\MODTRAN\raw\m1_nir_mwir_20260906\NIR_scattering_obs15_tar10_rng20_vis23_aerRural_humdefault_sza20\NIR_scattering_obs15_tar10_rng20_vis23_aerRural_humdefault_sza20.tp5,bd550102647ea1edb41a8de296553859dc29d796fcb4359b7a156353c90e80f5
NIR_scattering_obs15_tar10_rng20_vis23_aerRural_humdefault_sza70,RadianceWithScattering,NIR,Mid-Latitude Summer,Rural,default,23,15,10,20,70,0.70,1.10,10,10,RectangularBand,D:\HwaSimIR\HwaSim_IR\Bin\Config\Atmosphere\MODTRAN\raw\m1_nir_mwir_20260906\NIR_scattering_obs15_tar10_rng20_vis23_aerRural_humdefault_sza70\NIR_scattering_obs15_tar10_rng20_vis23_aerRural_humdefault_sza70.tp5,ef960fff9ea51d9a824d7faa1ed0e8aeb943857a6ce1a656e66a9f48c947b192
NIR_scattering_obs15_tar10_rng20_vis50_aerRural_humdefault_sza20,RadianceWithScattering,NIR,Mid-Latitude Summer,Rural,default,50,15,10,20,20,0.70,1.10,10,10,RectangularBand,D:\HwaSimIR\HwaSim_IR\Bin\Config\Atmosphere\MODTRAN\raw\m1_nir_mwir_20260906\NIR_scattering_obs15_tar10_rng20_vis50_aerRural_humdefault_sza20\NIR_scattering_obs15_tar10_rng20_vis50_aerRural_humdefault_sza20.tp5,287331851be3cbd62989fd03baa33cae48c1562235a710687561eaad9b611493
NIR_scattering_obs15_tar10_rng20_vis50_aerRural_humdefault_sza70,RadianceWithScattering,NIR,Mid-Latitude Summer,Rural,default,50,15,10,20,70,0.70,1.10,10,10,RectangularBand,D:\HwaSimIR\HwaSim_IR\Bin\Config\Atmosphere\MODTRAN\raw\m1_nir_mwir_20260906\NIR_scattering_obs15_tar10_rng20_vis50_aerRural_humdefault_sza70\NIR_scattering_obs15_tar10_rng20_vis50_aerRural_humdefault_sza70.tp5,ccda3ae8e4ff39acda3bbf4ab3b77718723a98265b8c868b8175ec38cb0c68af
NIR_scattering_obs15_tar10_rng35_vis2_aerRural_humdefault_sza20,RadianceWithScattering,NIR,Mid-Latitude Summer,Rural,default,2,15,10,35,20,0.70,1.10,10,10,RectangularBand,D:\HwaSimIR\HwaSim_IR\Bin\Config\Atmosphere\MODTRAN\raw\m1_nir_mwir_20260906\NIR_scattering_obs15_tar10_rng35_vis2_aerRural_humdefault_sza20\NIR_scattering_obs15_tar10_rng35_vis2_aerRural_humdefault_sza20.tp5,81ee15a38a32d823e62be29137837f54cc67f91bf5429d6c86ab9c7b1bd803b6
NIR_scattering_obs15_tar10_rng35_vis2_aerRural_humdefault_sza70,RadianceWithScattering,NIR,Mid-Latitude Summer,Rural,default,2,15,10,35,70,0.70,1.10,10,10,RectangularBand,D:\HwaSimIR\HwaSim_IR\Bin\Config\Atmosphere\MODTRAN\raw\m1_nir_mwir_20260906\NIR_scattering_obs15_tar10_rng35_vis2_aerRural_humdefault_sza70\NIR_scattering_obs15_tar10_rng35_vis2_aerRural_humdefault_sza70.tp5,d8ee632873fcb2b2c680d6124a05b290c2a486e0ab796f0105931cf06a779296
NIR_scattering_obs15_tar10_rng35_vis5_aerRural_humdefault_sza20,RadianceWithScattering,NIR,Mid-Latitude Summer,Rural,default,5,15,10,35,20,0.70,1.10,10,10,RectangularBand,D:\HwaSimIR\HwaSim_IR\Bin\Config\Atmosphere\MODTRAN\raw\m1_nir_mwir_20260906\NIR_scattering_obs15_tar10_rng35_vis5_aerRural_humdefault_sza20\NIR_scattering_obs15_tar10_rng35_vis5_aerRural_humdefault_sza20.tp5,6646bc4c8519792972b51ff9d120af2d127709576e9ffad5d9a67dd146484dc9
NIR_scattering_obs15_tar10_rng35_vis5_aerRural_humdefault_sza70,RadianceWithScattering,NIR,Mid-Latitude Summer,Rural,default,5,15,10,35,70,0.70,1.10,10,10,RectangularBand,D:\HwaSimIR\HwaSim_IR\Bin\Config\Atmosphere\MODTRAN\raw\m1_nir_mwir_20260906\NIR_scattering_obs15_tar10_rng35_vis5_aerRural_humdefault_sza70\NIR_scattering_obs15_tar10_rng35_vis5_aerRural_humdefault_sza70.tp5,d647eb8b019c02981beaad021f2f059a5bffd95fc245c6f39822de4444d717df
NIR_scattering_obs15_tar10_rng35_vis10_aerRural_humdefault_sza20,RadianceWithScattering,NIR,Mid-Latitude Summer,Rural,default,10,15,10,35,20,0.70,1.10,10,10,RectangularBand,D:\HwaSimIR\HwaSim_IR\Bin\Config\Atmosphere\MODTRAN\raw\m1_nir_mwir_20260906\NIR_scattering_obs15_tar10_rng35_vis10_aerRural_humdefault_sza20\NIR_scattering_obs15_tar10_rng35_vis10_aerRural_humdefault_sza20.tp5,ea3f8c5610fbf7ebcf3f0d23396730cbf358cf614d6c330d6611f37efa88011e
NIR_scattering_obs15_tar10_rng35_vis10_aerRural_humdefault_sza70,RadianceWithScattering,NIR,Mid-Latitude Summer,Rural,default,10,15,10,35,70,0.70,1.10,10,10,RectangularBand,D:\HwaSimIR\HwaSim_IR\Bin\Config\Atmosphere\MODTRAN\raw\m1_nir_mwir_20260906\NIR_scattering_obs15_tar10_rng35_vis10_aerRural_humdefault_sza70\NIR_scattering_obs15_tar10_rng35_vis10_aerRural_humdefault_sza70.tp5,21fcde1270f7776669b527b894f00293abd28875d5e749fe67596a37ba0879a6
NIR_scattering_obs15_tar10_rng35_vis23_aerRural_humdefault_sza20,RadianceWithScattering,NIR,Mid-Latitude Summer,Rural,default,23,15,10,35,20,0.70,1.10,10,10,RectangularBand,D:\HwaSimIR\HwaSim_IR\Bin\Config\Atmosphere\MODTRAN\raw\m1_nir_mwir_20260906\NIR_scattering_obs15_tar10_rng35_vis23_aerRural_humdefault_sza20\NIR_scattering_obs15_tar10_rng35_vis23_aerRural_humdefault_sza20.tp5,db2fbffcafbc30fb35285bce7c53408248302794aba230d22b2d4205d0cfbba5
NIR_scattering_obs15_tar10_rng35_vis23_aerRural_humdefault_sza70,RadianceWithScattering,NIR,Mid-Latitude Summer,Rural,default,23,15,10,35,70,0.70,1.10,10,10,RectangularBand,D:\HwaSimIR\HwaSim_IR\Bin\Config\Atmosphere\MODTRAN\raw\m1_nir_mwir_20260906\NIR_scattering_obs15_tar10_rng35_vis23_aerRural_humdefault_sza70\NIR_scattering_obs15_tar10_rng35_vis23_aerRural_humdefault_sza70.tp5,212f1b6f8528399889442513f12837c53c379caa644944b09919d1a574ba2bc3
NIR_scattering_obs15_tar10_rng35_vis50_aerRural_humdefault_sza20,RadianceWithScattering,NIR,Mid-Latitude Summer,Rural,default,50,15,10,35,20,0.70,1.10,10,10,RectangularBand,D:\HwaSimIR\HwaSim_IR\Bin\Config\Atmosphere\MODTRAN\raw\m1_nir_mwir_20260906\NIR_scattering_obs15_tar10_rng35_vis50_aerRural_humdefault_sza20\NIR_scattering_obs15_tar10_rng35_vis50_aerRural_humdefault_sza20.tp5,0727655ef9690e46edaa8fcd916629a3859958a89569cba0fff7be77a1ca1e03
NIR_scattering_obs15_tar10_rng35_vis50_aerRural_humdefault_sza70,RadianceWithScattering,NIR,Mid-Latitude Summer,Rural,default,50,15,10,35,70,0.70,1.10,10,10,RectangularBand,D:\HwaSimIR\HwaSim_IR\Bin\Config\Atmosphere\MODTRAN\raw\m1_nir_mwir_20260906\NIR_scattering_obs15_tar10_rng35_vis50_aerRural_humdefault_sza70\NIR_scattering_obs15_tar10_rng35_vis50_aerRural_humdefault_sza70.tp5,2bb3905c747d57e60bae5a8cb8fb166e469952b749c8d1b938b1beb1f4326ef0
NIR_scattering_obs15_tar10_rng50_vis2_aerRural_humdefault_sza20,RadianceWithScattering,NIR,Mid-Latitude Summer,Rural,default,2,15,10,50,20,0.70,1.10,10,10,RectangularBand,D:\HwaSimIR\HwaSim_IR\Bin\Config\Atmosphere\MODTRAN\raw\m1_nir_mwir_20260906\NIR_scattering_obs15_tar10_rng50_vis2_aerRural_humdefault_sza20\NIR_scattering_obs15_tar10_rng50_vis2_aerRural_humdefault_sza20.tp5,4c38a31da6d01e77d16a65606ca9dd88ad17a018dd801f9cddd772eab791c1a5
NIR_scattering_obs15_tar10_rng50_vis2_aerRural_humdefault_sza70,RadianceWithScattering,NIR,Mid-Latitude Summer,Rural,default,2,15,10,50,70,0.70,1.10,10,10,RectangularBand,D:\HwaSimIR\HwaSim_IR\Bin\Config\Atmosphere\MODTRAN\raw\m1_nir_mwir_20260906\NIR_scattering_obs15_tar10_rng50_vis2_aerRural_humdefault_sza70\NIR_scattering_obs15_tar10_rng50_vis2_aerRural_humdefault_sza70.tp5,5b8d3f91c7a8a69dc7139f3bc9af4afdceb0ca36829619841962ac9a2be51f33
NIR_scattering_obs15_tar10_rng50_vis5_aerRural_humdefault_sza20,RadianceWithScattering,NIR,Mid-Latitude Summer,Rural,default,5,15,10,50,20,0.70,1.10,10,10,RectangularBand,D:\HwaSimIR\HwaSim_IR\Bin\Config\Atmosphere\MODTRAN\raw\m1_nir_mwir_20260906\NIR_scattering_obs15_tar10_rng50_vis5_aerRural_humdefault_sza20\NIR_scattering_obs15_tar10_rng50_vis5_aerRural_humdefault_sza20.tp5,8bc681e4d007d43b456f6ae13e25e0c3b72a93aa080471c8d9d6283b3cdaeee5
NIR_scattering_obs15_tar10_rng50_vis5_aerRural_humdefault_sza70,RadianceWithScattering,NIR,Mid-Latitude Summer,Rural,default,5,15,10,50,70,0.70,1.10,10,10,RectangularBand,D:\HwaSimIR\HwaSim_IR\Bin\Config\Atmosphere\MODTRAN\raw\m1_nir_mwir_20260906\NIR_scattering_obs15_tar10_rng50_vis5_aerRural_humdefault_sza70\NIR_scattering_obs15_tar10_rng50_vis5_aerRural_humdefault_sza70.tp5,fe3345bf93eaef17fc4578b8b7f30b631472851db063e168eb22fa4b30a64179
NIR_scattering_obs15_tar10_rng50_vis10_aerRural_humdefault_sza20,RadianceWithScattering,NIR,Mid-Latitude Summer,Rural,default,10,15,10,50,20,0.70,1.10,10,10,RectangularBand,D:\HwaSimIR\HwaSim_IR\Bin\Config\Atmosphere\MODTRAN\raw\m1_nir_mwir_20260906\NIR_scattering_obs15_tar10_rng50_vis10_aerRural_humdefault_sza20\NIR_scattering_obs15_tar10_rng50_vis10_aerRural_humdefault_sza20.tp5,0e8382fa04bdf3c68ee5a24906f0cc5ef97102f8e438a0d6f857ae3dc27ea65f
NIR_scattering_obs15_tar10_rng50_vis10_aerRural_humdefault_sza70,RadianceWithScattering,NIR,Mid-Latitude Summer,Rural,default,10,15,10,50,70,0.70,1.10,10,10,RectangularBand,D:\HwaSimIR\HwaSim_IR\Bin\Config\Atmosphere\MODTRAN\raw\m1_nir_mwir_20260906\NIR_scattering_obs15_tar10_rng50_vis10_aerRural_humdefault_sza70\NIR_scattering_obs15_tar10_rng50_vis10_aerRural_humdefault_sza70.tp5,369aaa49596740c1d3ee0d64c2f10136e15ca565543183d0392a8a665aaf805d
NIR_scattering_obs15_tar10_rng50_vis23_aerRural_humdefault_sza20,RadianceWithScattering,NIR,Mid-Latitude Summer,Rural,default,23,15,10,50,20,0.70,1.10,10,10,RectangularBand,D:\HwaSimIR\HwaSim_IR\Bin\Config\Atmosphere\MODTRAN\raw\m1_nir_mwir_20260906\NIR_scattering_obs15_tar10_rng50_vis23_aerRural_humdefault_sza20\NIR_scattering_obs15_tar10_rng50_vis23_aerRural_humdefault_sza20.tp5,4c28a2b47f7de773bbdaa7a97a8874cd18d5ffeb0ceaffe06e212a203837578f
NIR_scattering_obs15_tar10_rng50_vis23_aerRural_humdefault_sza70,RadianceWithScattering,NIR,Mid-Latitude Summer,Rural,default,23,15,10,50,70,0.70,1.10,10,10,RectangularBand,D:\HwaSimIR\HwaSim_IR\Bin\Config\Atmosphere\MODTRAN\raw\m1_nir_mwir_20260906\NIR_scattering_obs15_tar10_rng50_vis23_aerRural_humdefault_sza70\NIR_scattering_obs15_tar10_rng50_vis23_aerRural_humdefault_sza70.tp5,eed1f3bd8a069eb05c39a41230329b851568e08c7daf14adfd9348512cacbb02
NIR_scattering_obs15_tar10_rng50_vis50_aerRural_humdefault_sza20,RadianceWithScattering,NIR,Mid-Latitude Summer,Rural,default,50,15,10,50,20,0.70,1.10,10,10,RectangularBand,D:\HwaSimIR\HwaSim_IR\Bin\Config\Atmosphere\MODTRAN\raw\m1_nir_mwir_20260906\NIR_scattering_obs15_tar10_rng50_vis50_aerRural_humdefault_sza20\NIR_scattering_obs15_tar10_rng50_vis50_aerRural_humdefault_sza20.tp5,fb9c7a1ef291c097e5fdeeb9b41e80ac957f0357e80a44075c5928a914f10b0f
NIR_scattering_obs15_tar10_rng50_vis50_aerRural_humdefault_sza70,RadianceWithScattering,NIR,Mid-Latitude Summer,Rural,default,50,15,10,50,70,0.70,1.10,10,10,RectangularBand,D:\HwaSimIR\HwaSim_IR\Bin\Config\Atmosphere\MODTRAN\raw\m1_nir_mwir_20260906\NIR_scattering_obs15_tar10_rng50_vis50_aerRural_humdefault_sza70\NIR_scattering_obs15_tar10_rng50_vis50_aerRural_humdefault_sza70.tp5,9e22ea1e93b1f7d7141e36ab3705352c05702efddfed9b4ef193794c6e2ad937
NIR_scattering_obs20_tar10_rng10_vis2_aerRural_humdefault_sza20,RadianceWithScattering,NIR,Mid-Latitude Summer,Rural,default,2,20,10,10,20,0.70,1.10,10,10,RectangularBand,D:\HwaSimIR\HwaSim_IR\Bin\Config\Atmosphere\MODTRAN\raw\m1_nir_mwir_20260906\NIR_scattering_obs20_tar10_rng10_vis2_aerRural_humdefault_sza20\NIR_scattering_obs20_tar10_rng10_vis2_aerRural_humdefault_sza20.tp5,43fb0e0980c80fee801886d979b6e23cf676ae8f69d0a5723b07d0ee91636d87
NIR_scattering_obs20_tar10_rng10_vis2_aerRural_humdefault_sza70,RadianceWithScattering,NIR,Mid-Latitude Summer,Rural,default,2,20,10,10,70,0.70,1.10,10,10,RectangularBand,D:\HwaSimIR\HwaSim_IR\Bin\Config\Atmosphere\MODTRAN\raw\m1_nir_mwir_20260906\NIR_scattering_obs20_tar10_rng10_vis2_aerRural_humdefault_sza70\NIR_scattering_obs20_tar10_rng10_vis2_aerRural_humdefault_sza70.tp5,85f19784fadc0b71e295dcc56c424de4fb15c99f693efbd2d94abb63afdc703e
NIR_scattering_obs20_tar10_rng10_vis5_aerRural_humdefault_sza20,RadianceWithScattering,NIR,Mid-Latitude Summer,Rural,default,5,20,10,10,20,0.70,1.10,10,10,RectangularBand,D:\HwaSimIR\HwaSim_IR\Bin\Config\Atmosphere\MODTRAN\raw\m1_nir_mwir_20260906\NIR_scattering_obs20_tar10_rng10_vis5_aerRural_humdefault_sza20\NIR_scattering_obs20_tar10_rng10_vis5_aerRural_humdefault_sza20.tp5,6744bdac5975316afdab218b4b59809a373fe931735da628ec2a4fedcfcf7e19
NIR_scattering_obs20_tar10_rng10_vis5_aerRural_humdefault_sza70,RadianceWithScattering,NIR,Mid-Latitude Summer,Rural,default,5,20,10,10,70,0.70,1.10,10,10,RectangularBand,D:\HwaSimIR\HwaSim_IR\Bin\Config\Atmosphere\MODTRAN\raw\m1_nir_mwir_20260906\NIR_scattering_obs20_tar10_rng10_vis5_aerRural_humdefault_sza70\NIR_scattering_obs20_tar10_rng10_vis5_aerRural_humdefault_sza70.tp5,08d7a430ee62c6283173d17cc5d13bf31ef31bc88ccd82c10445a2ed3aa915d4
NIR_scattering_obs20_tar10_rng10_vis10_aerRural_humdefault_sza20,RadianceWithScattering,NIR,Mid-Latitude Summer,Rural,default,10,20,10,10,20,0.70,1.10,10,10,RectangularBand,D:\HwaSimIR\HwaSim_IR\Bin\Config\Atmosphere\MODTRAN\raw\m1_nir_mwir_20260906\NIR_scattering_obs20_tar10_rng10_vis10_aerRural_humdefault_sza20\NIR_scattering_obs20_tar10_rng10_vis10_aerRural_humdefault_sza20.tp5,c77155edc13a725ec4eb3f11a01290562e7b79493c1d8218ee194de2e0fd24e4
NIR_scattering_obs20_tar10_rng10_vis10_aerRural_humdefault_sza70,RadianceWithScattering,NIR,Mid-Latitude Summer,Rural,default,10,20,10,10,70,0.70,1.10,10,10,RectangularBand,D:\HwaSimIR\HwaSim_IR\Bin\Config\Atmosphere\MODTRAN\raw\m1_nir_mwir_20260906\NIR_scattering_obs20_tar10_rng10_vis10_aerRural_humdefault_sza70\NIR_scattering_obs20_tar10_rng10_vis10_aerRural_humdefault_sza70.tp5,1697574a6ca81f30cd990565882db5d5dd92a8bd484bfe2b0240eaea85aa2a76
NIR_scattering_obs20_tar10_rng10_vis23_aerRural_humdefault_sza20,RadianceWithScattering,NIR,Mid-Latitude Summer,Rural,default,23,20,10,10,20,0.70,1.10,10,10,RectangularBand,D:\HwaSimIR\HwaSim_IR\Bin\Config\Atmosphere\MODTRAN\raw\m1_nir_mwir_20260906\NIR_scattering_obs20_tar10_rng10_vis23_aerRural_humdefault_sza20\NIR_scattering_obs20_tar10_rng10_vis23_aerRural_humdefault_sza20.tp5,49bab8248551bdfdb2099ec0deb13655fad656f82bac20250c997056de5ad819
NIR_scattering_obs20_tar10_rng10_vis23_aerRural_humdefault_sza70,RadianceWithScattering,NIR,Mid-Latitude Summer,Rural,default,23,20,10,10,70,0.70,1.10,10,10,RectangularBand,D:\HwaSimIR\HwaSim_IR\Bin\Config\Atmosphere\MODTRAN\raw\m1_nir_mwir_20260906\NIR_scattering_obs20_tar10_rng10_vis23_aerRural_humdefault_sza70\NIR_scattering_obs20_tar10_rng10_vis23_aerRural_humdefault_sza70.tp5,13a884d083be6495e9df5ef2bc91ea4cba4528bb6e58b6b351de59a6dd9f9a3e
NIR_scattering_obs20_tar10_rng10_vis50_aerRural_humdefault_sza20,RadianceWithScattering,NIR,Mid-Latitude Summer,Rural,default,50,20,10,10,20,0.70,1.10,10,10,RectangularBand,D:\HwaSimIR\HwaSim_IR\Bin\Config\Atmosphere\MODTRAN\raw\m1_nir_mwir_20260906\NIR_scattering_obs20_tar10_rng10_vis50_aerRural_humdefault_sza20\NIR_scattering_obs20_tar10_rng10_vis50_aerRural_humdefault_sza20.tp5,899f29796f9df04318d0bb5370a653271aa403965a89bb7a1d8d6b3f778da917
NIR_scattering_obs20_tar10_rng10_vis50_aerRural_humdefault_sza70,RadianceWithScattering,NIR,Mid-Latitude Summer,Rural,default,50,20,10,10,70,0.70,1.10,10,10,RectangularBand,D:\HwaSimIR\HwaSim_IR\Bin\Config\Atmosphere\MODTRAN\raw\m1_nir_mwir_20260906\NIR_scattering_obs20_tar10_rng10_vis50_aerRural_humdefault_sza70\NIR_scattering_obs20_tar10_rng10_vis50_aerRural_humdefault_sza70.tp5,f0b1c90ec1108ba6f8547b2510132fbe67739e62d2863dc907bc41f547ba9397
NIR_scattering_obs20_tar10_rng20_vis2_aerRural_humdefault_sza20,RadianceWithScattering,NIR,Mid-Latitude Summer,Rural,default,2,20,10,20,20,0.70,1.10,10,10,RectangularBand,D:\HwaSimIR\HwaSim_IR\Bin\Config\Atmosphere\MODTRAN\raw\m1_nir_mwir_20260906\NIR_scattering_obs20_tar10_rng20_vis2_aerRural_humdefault_sza20\NIR_scattering_obs20_tar10_rng20_vis2_aerRural_humdefault_sza20.tp5,0603e41ad46c3e2e4bfe8a68b0656dd634b92ca571f774bb7d62e738722eea6e
NIR_scattering_obs20_tar10_rng20_vis2_aerRural_humdefault_sza70,RadianceWithScattering,NIR,Mid-Latitude Summer,Rural,default,2,20,10,20,70,0.70,1.10,10,10,RectangularBand,D:\HwaSimIR\HwaSim_IR\Bin\Config\Atmosphere\MODTRAN\raw\m1_nir_mwir_20260906\NIR_scattering_obs20_tar10_rng20_vis2_aerRural_humdefault_sza70\NIR_scattering_obs20_tar10_rng20_vis2_aerRural_humdefault_sza70.tp5,36e0a586c2b3da88bc9a0231c2b720e82b1ff1f81ee39ab1b64b5e781fbfd127
NIR_scattering_obs20_tar10_rng20_vis5_aerRural_humdefault_sza20,RadianceWithScattering,NIR,Mid-Latitude Summer,Rural,default,5,20,10,20,20,0.70,1.10,10,10,RectangularBand,D:\HwaSimIR\HwaSim_IR\Bin\Config\Atmosphere\MODTRAN\raw\m1_nir_mwir_20260906\NIR_scattering_obs20_tar10_rng20_vis5_aerRural_humdefault_sza20\NIR_scattering_obs20_tar10_rng20_vis5_aerRural_humdefault_sza20.tp5,d42e0bf6ed0ee076aab8427098c20b01179bcef203b77eb4e4875db06bfe815e
NIR_scattering_obs20_tar10_rng20_vis5_aerRural_humdefault_sza70,RadianceWithScattering,NIR,Mid-Latitude Summer,Rural,default,5,20,10,20,70,0.70,1.10,10,10,RectangularBand,D:\HwaSimIR\HwaSim_IR\Bin\Config\Atmosphere\MODTRAN\raw\m1_nir_mwir_20260906\NIR_scattering_obs20_tar10_rng20_vis5_aerRural_humdefault_sza70\NIR_scattering_obs20_tar10_rng20_vis5_aerRural_humdefault_sza70.tp5,6e98860e87e37c515f190af4f22729918a2f12eef9d8fb9e8daae2db9fa19ae5
NIR_scattering_obs20_tar10_rng20_vis10_aerRural_humdefault_sza20,RadianceWithScattering,NIR,Mid-Latitude Summer,Rural,default,10,20,10,20,20,0.70,1.10,10,10,RectangularBand,D:\HwaSimIR\HwaSim_IR\Bin\Config\Atmosphere\MODTRAN\raw\m1_nir_mwir_20260906\NIR_scattering_obs20_tar10_rng20_vis10_aerRural_humdefault_sza20\NIR_scattering_obs20_tar10_rng20_vis10_aerRural_humdefault_sza20.tp5,1d4e7179188dd17b463c1b6617347afd276fe24c882bcf1e561eae869b90c231
NIR_scattering_obs20_tar10_rng20_vis10_aerRural_humdefault_sza70,RadianceWithScattering,NIR,Mid-Latitude Summer,Rural,default,10,20,10,20,70,0.70,1.10,10,10,RectangularBand,D:\HwaSimIR\HwaSim_IR\Bin\Config\Atmosphere\MODTRAN\raw\m1_nir_mwir_20260906\NIR_scattering_obs20_tar10_rng20_vis10_aerRural_humdefault_sza70\NIR_scattering_obs20_tar10_rng20_vis10_aerRural_humdefault_sza70.tp5,75bbc13476c007e6ff6533a3bd34dfc25dcbd1665ee20790b83720b78cad9177
NIR_scattering_obs20_tar10_rng20_vis23_aerRural_humdefault_sza20,RadianceWithScattering,NIR,Mid-Latitude Summer,Rural,default,23,20,10,20,20,0.70,1.10,10,10,RectangularBand,D:\HwaSimIR\HwaSim_IR\Bin\Config\Atmosphere\MODTRAN\raw\m1_nir_mwir_20260906\NIR_scattering_obs20_tar10_rng20_vis23_aerRural_humdefault_sza20\NIR_scattering_obs20_tar10_rng20_vis23_aerRural_humdefault_sza20.tp5,de8769dd5049527297c8bd66c6d6eb79a1fcd16421e4ee43695bd718e0aa6457
NIR_scattering_obs20_tar10_rng20_vis23_aerRural_humdefault_sza70,RadianceWithScattering,NIR,Mid-Latitude Summer,Rural,default,23,20,10,20,70,0.70,1.10,10,10,RectangularBand,D:\HwaSimIR\HwaSim_IR\Bin\Config\Atmosphere\MODTRAN\raw\m1_nir_mwir_20260906\NIR_scattering_obs20_tar10_rng20_vis23_aerRural_humdefault_sza70\NIR_scattering_obs20_tar10_rng20_vis23_aerRural_humdefault_sza70.tp5,cdaaa972299c0024e02caafdaa7e002b76a0c8b6af983775ee5230567c3f15b1
NIR_scattering_obs20_tar10_rng20_vis50_aerRural_humdefault_sza20,RadianceWithScattering,NIR,Mid-Latitude Summer,Rural,default,50,20,10,20,20,0.70,1.10,10,10,RectangularBand,D:\HwaSimIR\HwaSim_IR\Bin\Config\Atmosphere\MODTRAN\raw\m1_nir_mwir_20260906\NIR_scattering_obs20_tar10_rng20_vis50_aerRural_humdefault_sza20\NIR_scattering_obs20_tar10_rng20_vis50_aerRural_humdefault_sza20.tp5,2cb529ecd65fef5f3e12ab78fcf03b8bf07e33d59cb64dd04ba9d743f0cf908e
NIR_scattering_obs20_tar10_rng20_vis50_aerRural_humdefault_sza70,RadianceWithScattering,NIR,Mid-Latitude Summer,Rural,default,50,20,10,20,70,0.70,1.10,10,10,RectangularBand,D:\HwaSimIR\HwaSim_IR\Bin\Config\Atmosphere\MODTRAN\raw\m1_nir_mwir_20260906\NIR_scattering_obs20_tar10_rng20_vis50_aerRural_humdefault_sza70\NIR_scattering_obs20_tar10_rng20_vis50_aerRural_humdefault_sza70.tp5,2615b157caeffef1c1aabb786f2b91b7d1411f83e4aa5647b3cb90e29d996995
NIR_scattering_obs20_tar10_rng35_vis2_aerRural_humdefault_sza20,RadianceWithScattering,NIR,Mid-Latitude Summer,Rural,default,2,20,10,35,20,0.70,1.10,10,10,RectangularBand,D:\HwaSimIR\HwaSim_IR\Bin\Config\Atmosphere\MODTRAN\raw\m1_nir_mwir_20260906\NIR_scattering_obs20_tar10_rng35_vis2_aerRural_humdefault_sza20\NIR_scattering_obs20_tar10_rng35_vis2_aerRural_humdefault_sza20.tp5,2dc217f05ac8b94bcc6961399f1d4685563a57a72565a31346831e75a1e10bef
NIR_scattering_obs20_tar10_rng35_vis2_aerRural_humdefault_sza70,RadianceWithScattering,NIR,Mid-Latitude Summer,Rural,default,2,20,10,35,70,0.70,1.10,10,10,RectangularBand,D:\HwaSimIR\HwaSim_IR\Bin\Config\Atmosphere\MODTRAN\raw\m1_nir_mwir_20260906\NIR_scattering_obs20_tar10_rng35_vis2_aerRural_humdefault_sza70\NIR_scattering_obs20_tar10_rng35_vis2_aerRural_humdefault_sza70.tp5,e4fb949144871d503d77ff725dc3fde3d72668076937de984d6fc8c8d3f84671
NIR_scattering_obs20_tar10_rng35_vis5_aerRural_humdefault_sza20,RadianceWithScattering,NIR,Mid-Latitude Summer,Rural,default,5,20,10,35,20,0.70,1.10,10,10,RectangularBand,D:\HwaSimIR\HwaSim_IR\Bin\Config\Atmosphere\MODTRAN\raw\m1_nir_mwir_20260906\NIR_scattering_obs20_tar10_rng35_vis5_aerRural_humdefault_sza20\NIR_scattering_obs20_tar10_rng35_vis5_aerRural_humdefault_sza20.tp5,16de3d44d13bb154ceee2d42d36f67987c5b5f6fd41c3805b45fd167fcf6e21c
NIR_scattering_obs20_tar10_rng35_vis5_aerRural_humdefault_sza70,RadianceWithScattering,NIR,Mid-Latitude Summer,Rural,default,5,20,10,35,70,0.70,1.10,10,10,RectangularBand,D:\HwaSimIR\HwaSim_IR\Bin\Config\Atmosphere\MODTRAN\raw\m1_nir_mwir_20260906\NIR_scattering_obs20_tar10_rng35_vis5_aerRural_humdefault_sza70\NIR_scattering_obs20_tar10_rng35_vis5_aerRural_humdefault_sza70.tp5,e98f7c62aa5797679157ab5f67ce1bb97632c2ab54aebfb7329cb91b5dfaba55
NIR_scattering_obs20_tar10_rng35_vis10_aerRural_humdefault_sza20,RadianceWithScattering,NIR,Mid-Latitude Summer,Rural,default,10,20,10,35,20,0.70,1.10,10,10,RectangularBand,D:\HwaSimIR\HwaSim_IR\Bin\Config\Atmosphere\MODTRAN\raw\m1_nir_mwir_20260906\NIR_scattering_obs20_tar10_rng35_vis10_aerRural_humdefault_sza20\NIR_scattering_obs20_tar10_rng35_vis10_aerRural_humdefault_sza20.tp5,4ec34fd06500eb97e56652a0ba1d26379a5d6bd219be4a6a336abd3210605426
NIR_scattering_obs20_tar10_rng35_vis10_aerRural_humdefault_sza70,RadianceWithScattering,NIR,Mid-Latitude Summer,Rural,default,10,20,10,35,70,0.70,1.10,10,10,RectangularBand,D:\HwaSimIR\HwaSim_IR\Bin\Config\Atmosphere\MODTRAN\raw\m1_nir_mwir_20260906\NIR_scattering_obs20_tar10_rng35_vis10_aerRural_humdefault_sza70\NIR_scattering_obs20_tar10_rng35_vis10_aerRural_humdefault_sza70.tp5,9bfa49b2aa9f66fb39c8e587cbfe8878104ee35a977dec3d63350d0b5df64e57
NIR_scattering_obs20_tar10_rng35_vis23_aerRural_humdefault_sza20,RadianceWithScattering,NIR,Mid-Latitude Summer,Rural,default,23,20,10,35,20,0.70,1.10,10,10,RectangularBand,D:\HwaSimIR\HwaSim_IR\Bin\Config\Atmosphere\MODTRAN\raw\m1_nir_mwir_20260906\NIR_scattering_obs20_tar10_rng35_vis23_aerRural_humdefault_sza20\NIR_scattering_obs20_tar10_rng35_vis23_aerRural_humdefault_sza20.tp5,6ce247133cad3ca97b88bb6fdca848ddbd042b9002e3b0dfa119bc15c8e2cba7
NIR_scattering_obs20_tar10_rng35_vis23_aerRural_humdefault_sza70,RadianceWithScattering,NIR,Mid-Latitude Summer,Rural,default,23,20,10,35,70,0.70,1.10,10,10,RectangularBand,D:\HwaSimIR\HwaSim_IR\Bin\Config\Atmosphere\MODTRAN\raw\m1_nir_mwir_20260906\NIR_scattering_obs20_tar10_rng35_vis23_aerRural_humdefault_sza70\NIR_scattering_obs20_tar10_rng35_vis23_aerRural_humdefault_sza70.tp5,1ba39e688b0a8a6e5a99bc2c971d755e88558336b2eb2ca71108edc835289194
NIR_scattering_obs20_tar10_rng35_vis50_aerRural_humdefault_sza20,RadianceWithScattering,NIR,Mid-Latitude Summer,Rural,default,50,20,10,35,20,0.70,1.10,10,10,RectangularBand,D:\HwaSimIR\HwaSim_IR\Bin\Config\Atmosphere\MODTRAN\raw\m1_nir_mwir_20260906\NIR_scattering_obs20_tar10_rng35_vis50_aerRural_humdefault_sza20\NIR_scattering_obs20_tar10_rng35_vis50_aerRural_humdefault_sza20.tp5,33689f35725484088d4d34aed1a93c947ed731843571f80829c3e3decdd5c509
NIR_scattering_obs20_tar10_rng35_vis50_aerRural_humdefault_sza70,RadianceWithScattering,NIR,Mid-Latitude Summer,Rural,default,50,20,10,35,70,0.70,1.10,10,10,RectangularBand,D:\HwaSimIR\HwaSim_IR\Bin\Config\Atmosphere\MODTRAN\raw\m1_nir_mwir_20260906\NIR_scattering_obs20_tar10_rng35_vis50_aerRural_humdefault_sza70\NIR_scattering_obs20_tar10_rng35_vis50_aerRural_humdefault_sza70.tp5,7bb34744a06ba22dbc8e93bc93a66e0658802b0e13c20c5eaa56c3224fa2964e
NIR_scattering_obs20_tar10_rng50_vis2_aerRural_humdefault_sza20,RadianceWithScattering,NIR,Mid-Latitude Summer,Rural,default,2,20,10,50,20,0.70,1.10,10,10,RectangularBand,D:\HwaSimIR\HwaSim_IR\Bin\Config\Atmosphere\MODTRAN\raw\m1_nir_mwir_20260906\NIR_scattering_obs20_tar10_rng50_vis2_aerRural_humdefault_sza20\NIR_scattering_obs20_tar10_rng50_vis2_aerRural_humdefault_sza20.tp5,437e6d9e24dc7c04a7e45692ea785cac4da6229a69990248f418c892eeda90a6
NIR_scattering_obs20_tar10_rng50_vis2_aerRural_humdefault_sza70,RadianceWithScattering,NIR,Mid-Latitude Summer,Rural,default,2,20,10,50,70,0.70,1.10,10,10,RectangularBand,D:\HwaSimIR\HwaSim_IR\Bin\Config\Atmosphere\MODTRAN\raw\m1_nir_mwir_20260906\NIR_scattering_obs20_tar10_rng50_vis2_aerRural_humdefault_sza70\NIR_scattering_obs20_tar10_rng50_vis2_aerRural_humdefault_sza70.tp5,e142cb992bb97e6cfe8a64a4843d6c9d62ab8520a9f07696e3492328810086af
NIR_scattering_obs20_tar10_rng50_vis5_aerRural_humdefault_sza20,RadianceWithScattering,NIR,Mid-Latitude Summer,Rural,default,5,20,10,50,20,0.70,1.10,10,10,RectangularBand,D:\HwaSimIR\HwaSim_IR\Bin\Config\Atmosphere\MODTRAN\raw\m1_nir_mwir_20260906\NIR_scattering_obs20_tar10_rng50_vis5_aerRural_humdefault_sza20\NIR_scattering_obs20_tar10_rng50_vis5_aerRural_humdefault_sza20.tp5,1c6646b0b1c6dd2bb5da984d918fbdd79eaf7a34ca9be78fd4695656dc963cfb
NIR_scattering_obs20_tar10_rng50_vis5_aerRural_humdefault_sza70,RadianceWithScattering,NIR,Mid-Latitude Summer,Rural,default,5,20,10,50,70,0.70,1.10,10,10,RectangularBand,D:\HwaSimIR\HwaSim_IR\Bin\Config\Atmosphere\MODTRAN\raw\m1_nir_mwir_20260906\NIR_scattering_obs20_tar10_rng50_vis5_aerRural_humdefault_sza70\NIR_scattering_obs20_tar10_rng50_vis5_aerRural_humdefault_sza70.tp5,97e717f61d5a89dea5a7b2111f524bfb220adc15f469a85157bd4c12140d5e96
NIR_scattering_obs20_tar10_rng50_vis10_aerRural_humdefault_sza20,RadianceWithScattering,NIR,Mid-Latitude Summer,Rural,default,10,20,10,50,20,0.70,1.10,10,10,RectangularBand,D:\HwaSimIR\HwaSim_IR\Bin\Config\Atmosphere\MODTRAN\raw\m1_nir_mwir_20260906\NIR_scattering_obs20_tar10_rng50_vis10_aerRural_humdefault_sza20\NIR_scattering_obs20_tar10_rng50_vis10_aerRural_humdefault_sza20.tp5,bda5ddc87fea0fde49dd0dba61e103adb60acb6eb5c1b9e4e2910e318ea420da
NIR_scattering_obs20_tar10_rng50_vis10_aerRural_humdefault_sza70,RadianceWithScattering,NIR,Mid-Latitude Summer,Rural,default,10,20,10,50,70,0.70,1.10,10,10,RectangularBand,D:\HwaSimIR\HwaSim_IR\Bin\Config\Atmosphere\MODTRAN\raw\m1_nir_mwir_20260906\NIR_scattering_obs20_tar10_rng50_vis10_aerRural_humdefault_sza70\NIR_scattering_obs20_tar10_rng50_vis10_aerRural_humdefault_sza70.tp5,205f4915d2c27814acb719a8f9fbc3595ca071f0120afb5b489ae54cdcfd4c09
NIR_scattering_obs20_tar10_rng50_vis23_aerRural_humdefault_sza20,RadianceWithScattering,NIR,Mid-Latitude Summer,Rural,default,23,20,10,50,20,0.70,1.10,10,10,RectangularBand,D:\HwaSimIR\HwaSim_IR\Bin\Config\Atmosphere\MODTRAN\raw\m1_nir_mwir_20260906\NIR_scattering_obs20_tar10_rng50_vis23_aerRural_humdefault_sza20\NIR_scattering_obs20_tar10_rng50_vis23_aerRural_humdefault_sza20.tp5,68e716d863d55008a99abc33c5b678535779fdf2971027c1cb55a167dcf7cdc8
NIR_scattering_obs20_tar10_rng50_vis23_aerRural_humdefault_sza70,RadianceWithScattering,NIR,Mid-Latitude Summer,Rural,default,23,20,10,50,70,0.70,1.10,10,10,RectangularBand,D:\HwaSimIR\HwaSim_IR\Bin\Config\Atmosphere\MODTRAN\raw\m1_nir_mwir_20260906\NIR_scattering_obs20_tar10_rng50_vis23_aerRural_humdefault_sza70\NIR_scattering_obs20_tar10_rng50_vis23_aerRural_humdefault_sza70.tp5,a4727f15a42bd3e138419cab77f92432a5f23e6cccb19a69cbf87b011bceac45
NIR_scattering_obs20_tar10_rng50_vis50_aerRural_humdefault_sza20,RadianceWithScattering,NIR,Mid-Latitude Summer,Rural,default,50,20,10,50,20,0.70,1.10,10,10,RectangularBand,D:\HwaSimIR\HwaSim_IR\Bin\Config\Atmosphere\MODTRAN\raw\m1_nir_mwir_20260906\NIR_scattering_obs20_tar10_rng50_vis50_aerRural_humdefault_sza20\NIR_scattering_obs20_tar10_rng50_vis50_aerRural_humdefault_sza20.tp5,1a28523fc08af8a946a9145d715a3fb24f962c7a35272e095e82de5ad21a4a8e
NIR_scattering_obs20_tar10_rng50_vis50_aerRural_humdefault_sza70,RadianceWithScattering,NIR,Mid-Latitude Summer,Rural,default,50,20,10,50,70,0.70,1.10,10,10,RectangularBand,D:\HwaSimIR\HwaSim_IR\Bin\Config\Atmosphere\MODTRAN\raw\m1_nir_mwir_20260906\NIR_scattering_obs20_tar10_rng50_vis50_aerRural_humdefault_sza70\NIR_scattering_obs20_tar10_rng50_vis50_aerRural_humdefault_sza70.tp5,8a7e8b75639fd14e97cb0bd71bc6069bcfe0ad0c61e0e481d367361187589233
NIR_scattering_obs20_tar15_rng5_vis2_aerRural_humdefault_sza20,RadianceWithScattering,NIR,Mid-Latitude Summer,Rural,default,2,20,15,5,20,0.70,1.10,10,10,RectangularBand,D:\HwaSimIR\HwaSim_IR\Bin\Config\Atmosphere\MODTRAN\raw\m1_nir_mwir_20260906\NIR_scattering_obs20_tar15_rng5_vis2_aerRural_humdefault_sza20\NIR_scattering_obs20_tar15_rng5_vis2_aerRural_humdefault_sza20.tp5,9f2bfc0c25f5590a5499ac8c201ee8c59e34555e86a2b776efa5fa7d4707cea8
NIR_scattering_obs20_tar15_rng5_vis2_aerRural_humdefault_sza70,RadianceWithScattering,NIR,Mid-Latitude Summer,Rural,default,2,20,15,5,70,0.70,1.10,10,10,RectangularBand,D:\HwaSimIR\HwaSim_IR\Bin\Config\Atmosphere\MODTRAN\raw\m1_nir_mwir_20260906\NIR_scattering_obs20_tar15_rng5_vis2_aerRural_humdefault_sza70\NIR_scattering_obs20_tar15_rng5_vis2_aerRural_humdefault_sza70.tp5,ae54c50d5792c3176af00f7579ba5e2c5a0e72b4f560c0bfb9909d40a269ab7f
NIR_scattering_obs20_tar15_rng5_vis5_aerRural_humdefault_sza20,RadianceWithScattering,NIR,Mid-Latitude Summer,Rural,default,5,20,15,5,20,0.70,1.10,10,10,RectangularBand,D:\HwaSimIR\HwaSim_IR\Bin\Config\Atmosphere\MODTRAN\raw\m1_nir_mwir_20260906\NIR_scattering_obs20_tar15_rng5_vis5_aerRural_humdefault_sza20\NIR_scattering_obs20_tar15_rng5_vis5_aerRural_humdefault_sza20.tp5,201a97c6111fad1b9868c5d8e004b77c3d70067fcf7338b511b69978111f11cd
NIR_scattering_obs20_tar15_rng5_vis5_aerRural_humdefault_sza70,RadianceWithScattering,NIR,Mid-Latitude Summer,Rural,default,5,20,15,5,70,0.70,1.10,10,10,RectangularBand,D:\HwaSimIR\HwaSim_IR\Bin\Config\Atmosphere\MODTRAN\raw\m1_nir_mwir_20260906\NIR_scattering_obs20_tar15_rng5_vis5_aerRural_humdefault_sza70\NIR_scattering_obs20_tar15_rng5_vis5_aerRural_humdefault_sza70.tp5,40714084a07702814fb637fcc044acaada3bdb8c425528a1afe33c12eedb6b71
NIR_scattering_obs20_tar15_rng5_vis10_aerRural_humdefault_sza20,RadianceWithScattering,NIR,Mid-Latitude Summer,Rural,default,10,20,15,5,20,0.70,1.10,10,10,RectangularBand,D:\HwaSimIR\HwaSim_IR\Bin\Config\Atmosphere\MODTRAN\raw\m1_nir_mwir_20260906\NIR_scattering_obs20_tar15_rng5_vis10_aerRural_humdefault_sza20\NIR_scattering_obs20_tar15_rng5_vis10_aerRural_humdefault_sza20.tp5,02abe2e393c50c104a81a1f868965710b4fff2fca5adb1d7baf9b8f5c20e81fb
NIR_scattering_obs20_tar15_rng5_vis10_aerRural_humdefault_sza70,RadianceWithScattering,NIR,Mid-Latitude Summer,Rural,default,10,20,15,5,70,0.70,1.10,10,10,RectangularBand,D:\HwaSimIR\HwaSim_IR\Bin\Config\Atmosphere\MODTRAN\raw\m1_nir_mwir_20260906\NIR_scattering_obs20_tar15_rng5_vis10_aerRural_humdefault_sza70\NIR_scattering_obs20_tar15_rng5_vis10_aerRural_humdefault_sza70.tp5,f21f71be4d4df6d11fc810c35fb9d2b7fcddd425452099e5831a76280e7ffa5a
NIR_scattering_obs20_tar15_rng5_vis23_aerRural_humdefault_sza20,RadianceWithScattering,NIR,Mid-Latitude Summer,Rural,default,23,20,15,5,20,0.70,1.10,10,10,RectangularBand,D:\HwaSimIR\HwaSim_IR\Bin\Config\Atmosphere\MODTRAN\raw\m1_nir_mwir_20260906\NIR_scattering_obs20_tar15_rng5_vis23_aerRural_humdefault_sza20\NIR_scattering_obs20_tar15_rng5_vis23_aerRural_humdefault_sza20.tp5,b574d64daebe0c61da2c5d63e9d2f9762c5b8d13ba05daceacbc832ce7a96daf
NIR_scattering_obs20_tar15_rng5_vis23_aerRural_humdefault_sza70,RadianceWithScattering,NIR,Mid-Latitude Summer,Rural,default,23,20,15,5,70,0.70,1.10,10,10,RectangularBand,D:\HwaSimIR\HwaSim_IR\Bin\Config\Atmosphere\MODTRAN\raw\m1_nir_mwir_20260906\NIR_scattering_obs20_tar15_rng5_vis23_aerRural_humdefault_sza70\NIR_scattering_obs20_tar15_rng5_vis23_aerRural_humdefault_sza70.tp5,033109ec123178a07f86b2e554c11f59f19363aee18b7c39e5c83c720fc5fd0b
NIR_scattering_obs20_tar15_rng5_vis50_aerRural_humdefault_sza20,RadianceWithScattering,NIR,Mid-Latitude Summer,Rural,default,50,20,15,5,20,0.70,1.10,10,10,RectangularBand,D:\HwaSimIR\HwaSim_IR\Bin\Config\Atmosphere\MODTRAN\raw\m1_nir_mwir_20260906\NIR_scattering_obs20_tar15_rng5_vis50_aerRural_humdefault_sza20\NIR_scattering_obs20_tar15_rng5_vis50_aerRural_humdefault_sza20.tp5,083bf7225b1223bf8fe76ff51102bc4d192685f11baae1a4f39ec38be1f73bb1
NIR_scattering_obs20_tar15_rng5_vis50_aerRural_humdefault_sza70,RadianceWithScattering,NIR,Mid-Latitude Summer,Rural,default,50,20,15,5,70,0.70,1.10,10,10,RectangularBand,D:\HwaSimIR\HwaSim_IR\Bin\Config\Atmosphere\MODTRAN\raw\m1_nir_mwir_20260906\NIR_scattering_obs20_tar15_rng5_vis50_aerRural_humdefault_sza70\NIR_scattering_obs20_tar15_rng5_vis50_aerRural_humdefault_sza70.tp5,dd5b2aabc671ea33e9eabe217afb74c06dc529948300852f96ad4b58b8fe3736
NIR_scattering_obs20_tar15_rng10_vis2_aerRural_humdefault_sza20,RadianceWithScattering,NIR,Mid-Latitude Summer,Rural,default,2,20,15,10,20,0.70,1.10,10,10,RectangularBand,D:\HwaSimIR\HwaSim_IR\Bin\Config\Atmosphere\MODTRAN\raw\m1_nir_mwir_20260906\NIR_scattering_obs20_tar15_rng10_vis2_aerRural_humdefault_sza20\NIR_scattering_obs20_tar15_rng10_vis2_aerRural_humdefault_sza20.tp5,2179248f82aa2909fb003ad6521ebe9ed3def5d3a31806ca18acb1f4a53df4af
NIR_scattering_obs20_tar15_rng10_vis2_aerRural_humdefault_sza70,RadianceWithScattering,NIR,Mid-Latitude Summer,Rural,default,2,20,15,10,70,0.70,1.10,10,10,RectangularBand,D:\HwaSimIR\HwaSim_IR\Bin\Config\Atmosphere\MODTRAN\raw\m1_nir_mwir_20260906\NIR_scattering_obs20_tar15_rng10_vis2_aerRural_humdefault_sza70\NIR_scattering_obs20_tar15_rng10_vis2_aerRural_humdefault_sza70.tp5,49defde2a5722160ca60389a79dc583560a591f18dffbca243ff83a8ed8d52dd
NIR_scattering_obs20_tar15_rng10_vis5_aerRural_humdefault_sza20,RadianceWithScattering,NIR,Mid-Latitude Summer,Rural,default,5,20,15,10,20,0.70,1.10,10,10,RectangularBand,D:\HwaSimIR\HwaSim_IR\Bin\Config\Atmosphere\MODTRAN\raw\m1_nir_mwir_20260906\NIR_scattering_obs20_tar15_rng10_vis5_aerRural_humdefault_sza20\NIR_scattering_obs20_tar15_rng10_vis5_aerRural_humdefault_sza20.tp5,13d799c57fc040376033a7a559255802e4dedef7e00cd78eaf9f493afc1adb7d
NIR_scattering_obs20_tar15_rng10_vis5_aerRural_humdefault_sza70,RadianceWithScattering,NIR,Mid-Latitude Summer,Rural,default,5,20,15,10,70,0.70,1.10,10,10,RectangularBand,D:\HwaSimIR\HwaSim_IR\Bin\Config\Atmosphere\MODTRAN\raw\m1_nir_mwir_20260906\NIR_scattering_obs20_tar15_rng10_vis5_aerRural_humdefault_sza70\NIR_scattering_obs20_tar15_rng10_vis5_aerRural_humdefault_sza70.tp5,4c0a86d1542c2fc9246ad367463cc395d22865cedace443212e7eaf773925851
NIR_scattering_obs20_tar15_rng10_vis10_aerRural_humdefault_sza20,RadianceWithScattering,NIR,Mid-Latitude Summer,Rural,default,10,20,15,10,20,0.70,1.10,10,10,RectangularBand,D:\HwaSimIR\HwaSim_IR\Bin\Config\Atmosphere\MODTRAN\raw\m1_nir_mwir_20260906\NIR_scattering_obs20_tar15_rng10_vis10_aerRural_humdefault_sza20\NIR_scattering_obs20_tar15_rng10_vis10_aerRural_humdefault_sza20.tp5,bde1e08317ed6e5a108f5a20479430747aeb75dda1a239114162f901ccfb3d55
NIR_scattering_obs20_tar15_rng10_vis10_aerRural_humdefault_sza70,RadianceWithScattering,NIR,Mid-Latitude Summer,Rural,default,10,20,15,10,70,0.70,1.10,10,10,RectangularBand,D:\HwaSimIR\HwaSim_IR\Bin\Config\Atmosphere\MODTRAN\raw\m1_nir_mwir_20260906\NIR_scattering_obs20_tar15_rng10_vis10_aerRural_humdefault_sza70\NIR_scattering_obs20_tar15_rng10_vis10_aerRural_humdefault_sza70.tp5,989d5bc63bf13065b4d00c3b20502463f6fe437a60de570bea84d4af65e8c270
NIR_scattering_obs20_tar15_rng10_vis23_aerRural_humdefault_sza20,RadianceWithScattering,NIR,Mid-Latitude Summer,Rural,default,23,20,15,10,20,0.70,1.10,10,10,RectangularBand,D:\HwaSimIR\HwaSim_IR\Bin\Config\Atmosphere\MODTRAN\raw\m1_nir_mwir_20260906\NIR_scattering_obs20_tar15_rng10_vis23_aerRural_humdefault_sza20\NIR_scattering_obs20_tar15_rng10_vis23_aerRural_humdefault_sza20.tp5,bbadbcb747abfed0d2e72a558f994c58dd86b6431caa0c3f2ef9243f9a799d79
NIR_scattering_obs20_tar15_rng10_vis23_aerRural_humdefault_sza70,RadianceWithScattering,NIR,Mid-Latitude Summer,Rural,default,23,20,15,10,70,0.70,1.10,10,10,RectangularBand,D:\HwaSimIR\HwaSim_IR\Bin\Config\Atmosphere\MODTRAN\raw\m1_nir_mwir_20260906\NIR_scattering_obs20_tar15_rng10_vis23_aerRural_humdefault_sza70\NIR_scattering_obs20_tar15_rng10_vis23_aerRural_humdefault_sza70.tp5,21a8efbfdd10cdf5673bff15d0e7d648b034c4022257c0a1eb5941a431215ddd
NIR_scattering_obs20_tar15_rng10_vis50_aerRural_humdefault_sza20,RadianceWithScattering,NIR,Mid-Latitude Summer,Rural,default,50,20,15,10,20,0.70,1.10,10,10,RectangularBand,D:\HwaSimIR\HwaSim_IR\Bin\Config\Atmosphere\MODTRAN\raw\m1_nir_mwir_20260906\NIR_scattering_obs20_tar15_rng10_vis50_aerRural_humdefault_sza20\NIR_scattering_obs20_tar15_rng10_vis50_aerRural_humdefault_sza20.tp5,a548cde359c076ee72be98d3778659f8ca4754f8c8edaf102173ba7e73439093
NIR_scattering_obs20_tar15_rng10_vis50_aerRural_humdefault_sza70,RadianceWithScattering,NIR,Mid-Latitude Summer,Rural,default,50,20,15,10,70,0.70,1.10,10,10,RectangularBand,D:\HwaSimIR\HwaSim_IR\Bin\Config\Atmosphere\MODTRAN\raw\m1_nir_mwir_20260906\NIR_scattering_obs20_tar15_rng10_vis50_aerRural_humdefault_sza70\NIR_scattering_obs20_tar15_rng10_vis50_aerRural_humdefault_sza70.tp5,6444035ae34d78cfdec97b739b472732b34294ec170de39b07fffa3ca85eb017
NIR_scattering_obs20_tar15_rng20_vis2_aerRural_humdefault_sza20,RadianceWithScattering,NIR,Mid-Latitude Summer,Rural,default,2,20,15,20,20,0.70,1.10,10,10,RectangularBand,D:\HwaSimIR\HwaSim_IR\Bin\Config\Atmosphere\MODTRAN\raw\m1_nir_mwir_20260906\NIR_scattering_obs20_tar15_rng20_vis2_aerRural_humdefault_sza20\NIR_scattering_obs20_tar15_rng20_vis2_aerRural_humdefault_sza20.tp5,fec95d5345381d816cd4b542b6506c5f1d493c5eb7ffc28e769e74df36d5a0c2
NIR_scattering_obs20_tar15_rng20_vis2_aerRural_humdefault_sza70,RadianceWithScattering,NIR,Mid-Latitude Summer,Rural,default,2,20,15,20,70,0.70,1.10,10,10,RectangularBand,D:\HwaSimIR\HwaSim_IR\Bin\Config\Atmosphere\MODTRAN\raw\m1_nir_mwir_20260906\NIR_scattering_obs20_tar15_rng20_vis2_aerRural_humdefault_sza70\NIR_scattering_obs20_tar15_rng20_vis2_aerRural_humdefault_sza70.tp5,65e715b6dac8fc8bf3b8f2f5e6091dc4d74ccdc228789034236332aea3fa02e6
NIR_scattering_obs20_tar15_rng20_vis5_aerRural_humdefault_sza20,RadianceWithScattering,NIR,Mid-Latitude Summer,Rural,default,5,20,15,20,20,0.70,1.10,10,10,RectangularBand,D:\HwaSimIR\HwaSim_IR\Bin\Config\Atmosphere\MODTRAN\raw\m1_nir_mwir_20260906\NIR_scattering_obs20_tar15_rng20_vis5_aerRural_humdefault_sza20\NIR_scattering_obs20_tar15_rng20_vis5_aerRural_humdefault_sza20.tp5,3fc8b638b287869a231721e40b367916edbbfdf6e48272cd5310e9732709e0a9
NIR_scattering_obs20_tar15_rng20_vis5_aerRural_humdefault_sza70,RadianceWithScattering,NIR,Mid-Latitude Summer,Rural,default,5,20,15,20,70,0.70,1.10,10,10,RectangularBand,D:\HwaSimIR\HwaSim_IR\Bin\Config\Atmosphere\MODTRAN\raw\m1_nir_mwir_20260906\NIR_scattering_obs20_tar15_rng20_vis5_aerRural_humdefault_sza70\NIR_scattering_obs20_tar15_rng20_vis5_aerRural_humdefault_sza70.tp5,8341dc6c36613f129231026eb9df11a813017233445024a0ce91351b0db15032
NIR_scattering_obs20_tar15_rng20_vis10_aerRural_humdefault_sza20,RadianceWithScattering,NIR,Mid-Latitude Summer,Rural,default,10,20,15,20,20,0.70,1.10,10,10,RectangularBand,D:\HwaSimIR\HwaSim_IR\Bin\Config\Atmosphere\MODTRAN\raw\m1_nir_mwir_20260906\NIR_scattering_obs20_tar15_rng20_vis10_aerRural_humdefault_sza20\NIR_scattering_obs20_tar15_rng20_vis10_aerRural_humdefault_sza20.tp5,5fc2f45ffa97e22444a93db2ada3a0e4242ccb7bdbf2c62ecc0577b7ac337fba
NIR_scattering_obs20_tar15_rng20_vis10_aerRural_humdefault_sza70,RadianceWithScattering,NIR,Mid-Latitude Summer,Rural,default,10,20,15,20,70,0.70,1.10,10,10,RectangularBand,D:\HwaSimIR\HwaSim_IR\Bin\Config\Atmosphere\MODTRAN\raw\m1_nir_mwir_20260906\NIR_scattering_obs20_tar15_rng20_vis10_aerRural_humdefault_sza70\NIR_scattering_obs20_tar15_rng20_vis10_aerRural_humdefault_sza70.tp5,7c201b0210004a1ddb974279eec5a94d40df66293f1ae532dba51de0ac40122e
NIR_scattering_obs20_tar15_rng20_vis23_aerRural_humdefault_sza20,RadianceWithScattering,NIR,Mid-Latitude Summer,Rural,default,23,20,15,20,20,0.70,1.10,10,10,RectangularBand,D:\HwaSimIR\HwaSim_IR\Bin\Config\Atmosphere\MODTRAN\raw\m1_nir_mwir_20260906\NIR_scattering_obs20_tar15_rng20_vis23_aerRural_humdefault_sza20\NIR_scattering_obs20_tar15_rng20_vis23_aerRural_humdefault_sza20.tp5,fcae9287bee67c3d79910cbb81a68b6e9d81719fa25d7d93f0cfd8b998f85ac1
NIR_scattering_obs20_tar15_rng20_vis23_aerRural_humdefault_sza70,RadianceWithScattering,NIR,Mid-Latitude Summer,Rural,default,23,20,15,20,70,0.70,1.10,10,10,RectangularBand,D:\HwaSimIR\HwaSim_IR\Bin\Config\Atmosphere\MODTRAN\raw\m1_nir_mwir_20260906\NIR_scattering_obs20_tar15_rng20_vis23_aerRural_humdefault_sza70\NIR_scattering_obs20_tar15_rng20_vis23_aerRural_humdefault_sza70.tp5,a66d377d244f44ddd8bdc4d8c5d846c7255741c7639c853230bb68029e032f6b
NIR_scattering_obs20_tar15_rng20_vis50_aerRural_humdefault_sza20,RadianceWithScattering,NIR,Mid-Latitude Summer,Rural,default,50,20,15,20,20,0.70,1.10,10,10,RectangularBand,D:\HwaSimIR\HwaSim_IR\Bin\Config\Atmosphere\MODTRAN\raw\m1_nir_mwir_20260906\NIR_scattering_obs20_tar15_rng20_vis50_aerRural_humdefault_sza20\NIR_scattering_obs20_tar15_rng20_vis50_aerRural_humdefault_sza20.tp5,cc6d1a688bd2d8114867ce831031cd75dd0cdf2e0e268a98b8d255305e2f808b
NIR_scattering_obs20_tar15_rng20_vis50_aerRural_humdefault_sza70,RadianceWithScattering,NIR,Mid-Latitude Summer,Rural,default,50,20,15,20,70,0.70,1.10,10,10,RectangularBand,D:\HwaSimIR\HwaSim_IR\Bin\Config\Atmosphere\MODTRAN\raw\m1_nir_mwir_20260906\NIR_scattering_obs20_tar15_rng20_vis50_aerRural_humdefault_sza70\NIR_scattering_obs20_tar15_rng20_vis50_aerRural_humdefault_sza70.tp5,84c92cb002066d2113587295f1f839f4a8df69581d987797cd254e6fdbffd94f
NIR_scattering_obs20_tar15_rng35_vis2_aerRural_humdefault_sza20,RadianceWithScattering,NIR,Mid-Latitude Summer,Rural,default,2,20,15,35,20,0.70,1.10,10,10,RectangularBand,D:\HwaSimIR\HwaSim_IR\Bin\Config\Atmosphere\MODTRAN\raw\m1_nir_mwir_20260906\NIR_scattering_obs20_tar15_rng35_vis2_aerRural_humdefault_sza20\NIR_scattering_obs20_tar15_rng35_vis2_aerRural_humdefault_sza20.tp5,b0aa8ea0d6070d2063baa2b200b6089e1e732b024f6e61b5fafd37d84a8a8498
NIR_scattering_obs20_tar15_rng35_vis2_aerRural_humdefault_sza70,RadianceWithScattering,NIR,Mid-Latitude Summer,Rural,default,2,20,15,35,70,0.70,1.10,10,10,RectangularBand,D:\HwaSimIR\HwaSim_IR\Bin\Config\Atmosphere\MODTRAN\raw\m1_nir_mwir_20260906\NIR_scattering_obs20_tar15_rng35_vis2_aerRural_humdefault_sza70\NIR_scattering_obs20_tar15_rng35_vis2_aerRural_humdefault_sza70.tp5,7e1aa38bab09953541ae4d03a552376f069e2aa03395530b8a91d510e53f5068
NIR_scattering_obs20_tar15_rng35_vis5_aerRural_humdefault_sza20,RadianceWithScattering,NIR,Mid-Latitude Summer,Rural,default,5,20,15,35,20,0.70,1.10,10,10,RectangularBand,D:\HwaSimIR\HwaSim_IR\Bin\Config\Atmosphere\MODTRAN\raw\m1_nir_mwir_20260906\NIR_scattering_obs20_tar15_rng35_vis5_aerRural_humdefault_sza20\NIR_scattering_obs20_tar15_rng35_vis5_aerRural_humdefault_sza20.tp5,bcda631131888325049069991e20b29775156f8b5c29bd9241384828035fc95b
NIR_scattering_obs20_tar15_rng35_vis5_aerRural_humdefault_sza70,RadianceWithScattering,NIR,Mid-Latitude Summer,Rural,default,5,20,15,35,70,0.70,1.10,10,10,RectangularBand,D:\HwaSimIR\HwaSim_IR\Bin\Config\Atmosphere\MODTRAN\raw\m1_nir_mwir_20260906\NIR_scattering_obs20_tar15_rng35_vis5_aerRural_humdefault_sza70\NIR_scattering_obs20_tar15_rng35_vis5_aerRural_humdefault_sza70.tp5,0b504e701d96a5b885ecbd90d9939b47a079540162831b970b89ca00d4032382
NIR_scattering_obs20_tar15_rng35_vis10_aerRural_humdefault_sza20,RadianceWithScattering,NIR,Mid-Latitude Summer,Rural,default,10,20,15,35,20,0.70,1.10,10,10,RectangularBand,D:\HwaSimIR\HwaSim_IR\Bin\Config\Atmosphere\MODTRAN\raw\m1_nir_mwir_20260906\NIR_scattering_obs20_tar15_rng35_vis10_aerRural_humdefault_sza20\NIR_scattering_obs20_tar15_rng35_vis10_aerRural_humdefault_sza20.tp5,139939d004ea9dc08d512571bd15dc621142d17079488404b241703268abda05
NIR_scattering_obs20_tar15_rng35_vis10_aerRural_humdefault_sza70,RadianceWithScattering,NIR,Mid-Latitude Summer,Rural,default,10,20,15,35,70,0.70,1.10,10,10,RectangularBand,D:\HwaSimIR\HwaSim_IR\Bin\Config\Atmosphere\MODTRAN\raw\m1_nir_mwir_20260906\NIR_scattering_obs20_tar15_rng35_vis10_aerRural_humdefault_sza70\NIR_scattering_obs20_tar15_rng35_vis10_aerRural_humdefault_sza70.tp5,a16845231d082c7fd7ce8fc45ad12a3808f319bd2919ef33a7c2fdf15d9ecf52
NIR_scattering_obs20_tar15_rng35_vis23_aerRural_humdefault_sza20,RadianceWithScattering,NIR,Mid-Latitude Summer,Rural,default,23,20,15,35,20,0.70,1.10,10,10,RectangularBand,D:\HwaSimIR\HwaSim_IR\Bin\Config\Atmosphere\MODTRAN\raw\m1_nir_mwir_20260906\NIR_scattering_obs20_tar15_rng35_vis23_aerRural_humdefault_sza20\NIR_scattering_obs20_tar15_rng35_vis23_aerRural_humdefault_sza20.tp5,63e32f0b09dc5f6dad4863179317b38cbe6321bb54a6db17a2cb94faeacebaf7
NIR_scattering_obs20_tar15_rng35_vis23_aerRural_humdefault_sza70,RadianceWithScattering,NIR,Mid-Latitude Summer,Rural,default,23,20,15,35,70,0.70,1.10,10,10,RectangularBand,D:\HwaSimIR\HwaSim_IR\Bin\Config\Atmosphere\MODTRAN\raw\m1_nir_mwir_20260906\NIR_scattering_obs20_tar15_rng35_vis23_aerRural_humdefault_sza70\NIR_scattering_obs20_tar15_rng35_vis23_aerRural_humdefault_sza70.tp5,deaf309af95541eff9cd64a3fa1a3dc01355d458a16bc38d8c108a61695a848c
NIR_scattering_obs20_tar15_rng35_vis50_aerRural_humdefault_sza20,RadianceWithScattering,NIR,Mid-Latitude Summer,Rural,default,50,20,15,35,20,0.70,1.10,10,10,RectangularBand,D:\HwaSimIR\HwaSim_IR\Bin\Config\Atmosphere\MODTRAN\raw\m1_nir_mwir_20260906\NIR_scattering_obs20_tar15_rng35_vis50_aerRural_humdefault_sza20\NIR_scattering_obs20_tar15_rng35_vis50_aerRural_humdefault_sza20.tp5,536f3656d72ff982a53f44ff0ab6814e6c163472b5ef2dc9c742a2af1c942204
NIR_scattering_obs20_tar15_rng35_vis50_aerRural_humdefault_sza70,RadianceWithScattering,NIR,Mid-Latitude Summer,Rural,default,50,20,15,35,70,0.70,1.10,10,10,RectangularBand,D:\HwaSimIR\HwaSim_IR\Bin\Config\Atmosphere\MODTRAN\raw\m1_nir_mwir_20260906\NIR_scattering_obs20_tar15_rng35_vis50_aerRural_humdefault_sza70\NIR_scattering_obs20_tar15_rng35_vis50_aerRural_humdefault_sza70.tp5,1254ca4aabfeb7f1a7d30b03ce884ebcabc916bcde24328d3c372825bd185a5e
NIR_scattering_obs20_tar15_rng50_vis2_aerRural_humdefault_sza20,RadianceWithScattering,NIR,Mid-Latitude Summer,Rural,default,2,20,15,50,20,0.70,1.10,10,10,RectangularBand,D:\HwaSimIR\HwaSim_IR\Bin\Config\Atmosphere\MODTRAN\raw\m1_nir_mwir_20260906\NIR_scattering_obs20_tar15_rng50_vis2_aerRural_humdefault_sza20\NIR_scattering_obs20_tar15_rng50_vis2_aerRural_humdefault_sza20.tp5,d29b0247ded658127607d7f297a3592464e83c20dc01e4334c9649f1e0af83d3
NIR_scattering_obs20_tar15_rng50_vis2_aerRural_humdefault_sza70,RadianceWithScattering,NIR,Mid-Latitude Summer,Rural,default,2,20,15,50,70,0.70,1.10,10,10,RectangularBand,D:\HwaSimIR\HwaSim_IR\Bin\Config\Atmosphere\MODTRAN\raw\m1_nir_mwir_20260906\NIR_scattering_obs20_tar15_rng50_vis2_aerRural_humdefault_sza70\NIR_scattering_obs20_tar15_rng50_vis2_aerRural_humdefault_sza70.tp5,c173d81db9aeb342b2adb703e2ecf6ded141c5c5166a0cc37f820c53dd7980e8
NIR_scattering_obs20_tar15_rng50_vis5_aerRural_humdefault_sza20,RadianceWithScattering,NIR,Mid-Latitude Summer,Rural,default,5,20,15,50,20,0.70,1.10,10,10,RectangularBand,D:\HwaSimIR\HwaSim_IR\Bin\Config\Atmosphere\MODTRAN\raw\m1_nir_mwir_20260906\NIR_scattering_obs20_tar15_rng50_vis5_aerRural_humdefault_sza20\NIR_scattering_obs20_tar15_rng50_vis5_aerRural_humdefault_sza20.tp5,0927db2f877553452b51791fa9ee36a292896b0c126bba81d6c59df675146e62
NIR_scattering_obs20_tar15_rng50_vis5_aerRural_humdefault_sza70,RadianceWithScattering,NIR,Mid-Latitude Summer,Rural,default,5,20,15,50,70,0.70,1.10,10,10,RectangularBand,D:\HwaSimIR\HwaSim_IR\Bin\Config\Atmosphere\MODTRAN\raw\m1_nir_mwir_20260906\NIR_scattering_obs20_tar15_rng50_vis5_aerRural_humdefault_sza70\NIR_scattering_obs20_tar15_rng50_vis5_aerRural_humdefault_sza70.tp5,dacece3ae20f3aa4423cc3677e77be49f70133498c531e0c73f66abbc2a219fc
NIR_scattering_obs20_tar15_rng50_vis10_aerRural_humdefault_sza20,RadianceWithScattering,NIR,Mid-Latitude Summer,Rural,default,10,20,15,50,20,0.70,1.10,10,10,RectangularBand,D:\HwaSimIR\HwaSim_IR\Bin\Config\Atmosphere\MODTRAN\raw\m1_nir_mwir_20260906\NIR_scattering_obs20_tar15_rng50_vis10_aerRural_humdefault_sza20\NIR_scattering_obs20_tar15_rng50_vis10_aerRural_humdefault_sza20.tp5,fe7c1d8cd016007f0f9c725ac6c319314b0e5119b75632e28ab30c992bf53f2b
NIR_scattering_obs20_tar15_rng50_vis10_aerRural_humdefault_sza70,RadianceWithScattering,NIR,Mid-Latitude Summer,Rural,default,10,20,15,50,70,0.70,1.10,10,10,RectangularBand,D:\HwaSimIR\HwaSim_IR\Bin\Config\Atmosphere\MODTRAN\raw\m1_nir_mwir_20260906\NIR_scattering_obs20_tar15_rng50_vis10_aerRural_humdefault_sza70\NIR_scattering_obs20_tar15_rng50_vis10_aerRural_humdefault_sza70.tp5,a5f3d634cdecfc4f258d78a477f5f58438f0840268d5fc00b52f4be2deec8e2b
NIR_scattering_obs20_tar15_rng50_vis23_aerRural_humdefault_sza20,RadianceWithScattering,NIR,Mid-Latitude Summer,Rural,default,23,20,15,50,20,0.70,1.10,10,10,RectangularBand,D:\HwaSimIR\HwaSim_IR\Bin\Config\Atmosphere\MODTRAN\raw\m1_nir_mwir_20260906\NIR_scattering_obs20_tar15_rng50_vis23_aerRural_humdefault_sza20\NIR_scattering_obs20_tar15_rng50_vis23_aerRural_humdefault_sza20.tp5,3f9e6f4b2915c878388e5db73ccd70d9081c4dba5590543b3aa37dfb44af1568
NIR_scattering_obs20_tar15_rng50_vis23_aerRural_humdefault_sza70,RadianceWithScattering,NIR,Mid-Latitude Summer,Rural,default,23,20,15,50,70,0.70,1.10,10,10,RectangularBand,D:\HwaSimIR\HwaSim_IR\Bin\Config\Atmosphere\MODTRAN\raw\m1_nir_mwir_20260906\NIR_scattering_obs20_tar15_rng50_vis23_aerRural_humdefault_sza70\NIR_scattering_obs20_tar15_rng50_vis23_aerRural_humdefault_sza70.tp5,6f0891ca2ee907f2b937268b90c7ff1f9f3ffc7bea6f5f696fc51252b4383f32
NIR_scattering_obs20_tar15_rng50_vis50_aerRural_humdefault_sza20,RadianceWithScattering,NIR,Mid-Latitude Summer,Rural,default,50,20,15,50,20,0.70,1.10,10,10,RectangularBand,D:\HwaSimIR\HwaSim_IR\Bin\Config\Atmosphere\MODTRAN\raw\m1_nir_mwir_20260906\NIR_scattering_obs20_tar15_rng50_vis50_aerRural_humdefault_sza20\NIR_scattering_obs20_tar15_rng50_vis50_aerRural_humdefault_sza20.tp5,86a8786e3a0d6e01141efd69afed6970962dd7b547667a82777bc72bf18e4f9a
NIR_scattering_obs20_tar15_rng50_vis50_aerRural_humdefault_sza70,RadianceWithScattering,NIR,Mid-Latitude Summer,Rural,default,50,20,15,50,70,0.70,1.10,10,10,RectangularBand,D:\HwaSimIR\HwaSim_IR\Bin\Config\Atmosphere\MODTRAN\raw\m1_nir_mwir_20260906\NIR_scattering_obs20_tar15_rng50_vis50_aerRural_humdefault_sza70\NIR_scattering_obs20_tar15_rng50_vis50_aerRural_humdefault_sza70.tp5,c165e5e52647d101a8f4a0b098c9ab075705adbf2f793ef2864a23168d42210e
NIR_scattering_obs10_tar3_rng10_vis2_aerRural_humdefault_sza20,RadianceWithScattering,NIR,Mid-Latitude Summer,Rural,default,2,10,3,10,20,0.70,1.10,10,10,RectangularBand,D:\HwaSimIR\HwaSim_IR\Bin\Config\Atmosphere\MODTRAN\raw\m1_nir_mwir_20260906\NIR_scattering_obs10_tar3_rng10_vis2_aerRural_humdefault_sza20\NIR_scattering_obs10_tar3_rng10_vis2_aerRural_humdefault_sza20.tp5,60cb11b4829a93ab33217b9ddd2ea8cc3f9a14d0a898053c06994a565953fdc3
NIR_scattering_obs10_tar3_rng10_vis2_aerRural_humdefault_sza70,RadianceWithScattering,NIR,Mid-Latitude Summer,Rural,default,2,10,3,10,70,0.70,1.10,10,10,RectangularBand,D:\HwaSimIR\HwaSim_IR\Bin\Config\Atmosphere\MODTRAN\raw\m1_nir_mwir_20260906\NIR_scattering_obs10_tar3_rng10_vis2_aerRural_humdefault_sza70\NIR_scattering_obs10_tar3_rng10_vis2_aerRural_humdefault_sza70.tp5,cd48683491e0d725640ea07b0a2c159b470ca57b711c743306a193b395ccb8b6
NIR_scattering_obs10_tar3_rng10_vis5_aerRural_humdefault_sza20,RadianceWithScattering,NIR,Mid-Latitude Summer,Rural,default,5,10,3,10,20,0.70,1.10,10,10,RectangularBand,D:\HwaSimIR\HwaSim_IR\Bin\Config\Atmosphere\MODTRAN\raw\m1_nir_mwir_20260906\NIR_scattering_obs10_tar3_rng10_vis5_aerRural_humdefault_sza20\NIR_scattering_obs10_tar3_rng10_vis5_aerRural_humdefault_sza20.tp5,74c4714eb6722a47ffd9af0b3ed78c377e99b7a4017e21191393df43dfebdf22
NIR_scattering_obs10_tar3_rng10_vis5_aerRural_humdefault_sza70,RadianceWithScattering,NIR,Mid-Latitude Summer,Rural,default,5,10,3,10,70,0.70,1.10,10,10,RectangularBand,D:\HwaSimIR\HwaSim_IR\Bin\Config\Atmosphere\MODTRAN\raw\m1_nir_mwir_20260906\NIR_scattering_obs10_tar3_rng10_vis5_aerRural_humdefault_sza70\NIR_scattering_obs10_tar3_rng10_vis5_aerRural_humdefault_sza70.tp5,3a4ae146ee945d75b24db7873336713163af9306c374489e5603015ac3f303ba
NIR_scattering_obs10_tar3_rng10_vis10_aerRural_humdefault_sza20,RadianceWithScattering,NIR,Mid-Latitude Summer,Rural,default,10,10,3,10,20,0.70,1.10,10,10,RectangularBand,D:\HwaSimIR\HwaSim_IR\Bin\Config\Atmosphere\MODTRAN\raw\m1_nir_mwir_20260906\NIR_scattering_obs10_tar3_rng10_vis10_aerRural_humdefault_sza20\NIR_scattering_obs10_tar3_rng10_vis10_aerRural_humdefault_sza20.tp5,68f3f83b8070bebcf887011c706354920d916bf945315c126f656c5810a9ca95
NIR_scattering_obs10_tar3_rng10_vis10_aerRural_humdefault_sza70,RadianceWithScattering,NIR,Mid-Latitude Summer,Rural,default,10,10,3,10,70,0.70,1.10,10,10,RectangularBand,D:\HwaSimIR\HwaSim_IR\Bin\Config\Atmosphere\MODTRAN\raw\m1_nir_mwir_20260906\NIR_scattering_obs10_tar3_rng10_vis10_aerRural_humdefault_sza70\NIR_scattering_obs10_tar3_rng10_vis10_aerRural_humdefault_sza70.tp5,886cfedf64f3c516e23992c1ef92ca48bb80354ca1b8c107806ac8db301ba2fa
NIR_scattering_obs10_tar3_rng10_vis23_aerRural_humdefault_sza20,RadianceWithScattering,NIR,Mid-Latitude Summer,Rural,default,23,10,3,10,20,0.70,1.10,10,10,RectangularBand,D:\HwaSimIR\HwaSim_IR\Bin\Config\Atmosphere\MODTRAN\raw\m1_nir_mwir_20260906\NIR_scattering_obs10_tar3_rng10_vis23_aerRural_humdefault_sza20\NIR_scattering_obs10_tar3_rng10_vis23_aerRural_humdefault_sza20.tp5,5f6c06577acb64a10be1536f74fc4998cf25c6a4a8354b16354782451a5db8fd
NIR_scattering_obs10_tar3_rng10_vis23_aerRural_humdefault_sza70,RadianceWithScattering,NIR,Mid-Latitude Summer,Rural,default,23,10,3,10,70,0.70,1.10,10,10,RectangularBand,D:\HwaSimIR\HwaSim_IR\Bin\Config\Atmosphere\MODTRAN\raw\m1_nir_mwir_20260906\NIR_scattering_obs10_tar3_rng10_vis23_aerRural_humdefault_sza70\NIR_scattering_obs10_tar3_rng10_vis23_aerRural_humdefault_sza70.tp5,dfbb4e5b1f30f124371d36c09daa2af234e4678a412fa412c3feb9fa3dc16b0b
NIR_scattering_obs10_tar3_rng10_vis50_aerRural_humdefault_sza20,RadianceWithScattering,NIR,Mid-Latitude Summer,Rural,default,50,10,3,10,20,0.70,1.10,10,10,RectangularBand,D:\HwaSimIR\HwaSim_IR\Bin\Config\Atmosphere\MODTRAN\raw\m1_nir_mwir_20260906\NIR_scattering_obs10_tar3_rng10_vis50_aerRural_humdefault_sza20\NIR_scattering_obs10_tar3_rng10_vis50_aerRural_humdefault_sza20.tp5,cd0a6588ea75400016a9eefce548beea8cab2308de2eb2778b9a7692a9d02022
NIR_scattering_obs10_tar3_rng10_vis50_aerRural_humdefault_sza70,RadianceWithScattering,NIR,Mid-Latitude Summer,Rural,default,50,10,3,10,70,0.70,1.10,10,10,RectangularBand,D:\HwaSimIR\HwaSim_IR\Bin\Config\Atmosphere\MODTRAN\raw\m1_nir_mwir_20260906\NIR_scattering_obs10_tar3_rng10_vis50_aerRural_humdefault_sza70\NIR_scattering_obs10_tar3_rng10_vis50_aerRural_humdefault_sza70.tp5,c981c229fd30c529dfc4c4abda255026a6bc4fdd3cae69d704963064edaf4275
NIR_scattering_obs10_tar3_rng20_vis2_aerRural_humdefault_sza20,RadianceWithScattering,NIR,Mid-Latitude Summer,Rural,default,2,10,3,20,20,0.70,1.10,10,10,RectangularBand,D:\HwaSimIR\HwaSim_IR\Bin\Config\Atmosphere\MODTRAN\raw\m1_nir_mwir_20260906\NIR_scattering_obs10_tar3_rng20_vis2_aerRural_humdefault_sza20\NIR_scattering_obs10_tar3_rng20_vis2_aerRural_humdefault_sza20.tp5,141dcb7ee60eae83532cc576a1e00c68d64fc24fcf5184206bfe0318b846110e
NIR_scattering_obs10_tar3_rng20_vis2_aerRural_humdefault_sza70,RadianceWithScattering,NIR,Mid-Latitude Summer,Rural,default,2,10,3,20,70,0.70,1.10,10,10,RectangularBand,D:\HwaSimIR\HwaSim_IR\Bin\Config\Atmosphere\MODTRAN\raw\m1_nir_mwir_20260906\NIR_scattering_obs10_tar3_rng20_vis2_aerRural_humdefault_sza70\NIR_scattering_obs10_tar3_rng20_vis2_aerRural_humdefault_sza70.tp5,b407da5339cc5710e7437901f208201276bb796522bee639b25ae99a90ea650e
NIR_scattering_obs10_tar3_rng20_vis5_aerRural_humdefault_sza20,RadianceWithScattering,NIR,Mid-Latitude Summer,Rural,default,5,10,3,20,20,0.70,1.10,10,10,RectangularBand,D:\HwaSimIR\HwaSim_IR\Bin\Config\Atmosphere\MODTRAN\raw\m1_nir_mwir_20260906\NIR_scattering_obs10_tar3_rng20_vis5_aerRural_humdefault_sza20\NIR_scattering_obs10_tar3_rng20_vis5_aerRural_humdefault_sza20.tp5,e37bc22b3145ccf31c2240b857436855bfd16a853831fd2ed1a448c39248df2c
NIR_scattering_obs10_tar3_rng20_vis5_aerRural_humdefault_sza70,RadianceWithScattering,NIR,Mid-Latitude Summer,Rural,default,5,10,3,20,70,0.70,1.10,10,10,RectangularBand,D:\HwaSimIR\HwaSim_IR\Bin\Config\Atmosphere\MODTRAN\raw\m1_nir_mwir_20260906\NIR_scattering_obs10_tar3_rng20_vis5_aerRural_humdefault_sza70\NIR_scattering_obs10_tar3_rng20_vis5_aerRural_humdefault_sza70.tp5,a101a62659ca1c798d58301b4b2fe6dd37b120e11484d7895b8cf67edc5cc42e
NIR_scattering_obs10_tar3_rng20_vis10_aerRural_humdefault_sza20,RadianceWithScattering,NIR,Mid-Latitude Summer,Rural,default,10,10,3,20,20,0.70,1.10,10,10,RectangularBand,D:\HwaSimIR\HwaSim_IR\Bin\Config\Atmosphere\MODTRAN\raw\m1_nir_mwir_20260906\NIR_scattering_obs10_tar3_rng20_vis10_aerRural_humdefault_sza20\NIR_scattering_obs10_tar3_rng20_vis10_aerRural_humdefault_sza20.tp5,44083b1c789bb6bd28a24ecd615bdde3464392b72f02639f93311304fd7d8c39
NIR_scattering_obs10_tar3_rng20_vis10_aerRural_humdefault_sza70,RadianceWithScattering,NIR,Mid-Latitude Summer,Rural,default,10,10,3,20,70,0.70,1.10,10,10,RectangularBand,D:\HwaSimIR\HwaSim_IR\Bin\Config\Atmosphere\MODTRAN\raw\m1_nir_mwir_20260906\NIR_scattering_obs10_tar3_rng20_vis10_aerRural_humdefault_sza70\NIR_scattering_obs10_tar3_rng20_vis10_aerRural_humdefault_sza70.tp5,76ad35f0238982f89aeda8e439c2f55fc890efa722731243924f34ef69dd6113
NIR_scattering_obs10_tar3_rng20_vis23_aerRural_humdefault_sza20,RadianceWithScattering,NIR,Mid-Latitude Summer,Rural,default,23,10,3,20,20,0.70,1.10,10,10,RectangularBand,D:\HwaSimIR\HwaSim_IR\Bin\Config\Atmosphere\MODTRAN\raw\m1_nir_mwir_20260906\NIR_scattering_obs10_tar3_rng20_vis23_aerRural_humdefault_sza20\NIR_scattering_obs10_tar3_rng20_vis23_aerRural_humdefault_sza20.tp5,2c9aa69a3bf48a05e3a0ae6f754ae6e6ec13049267033b56fdda59c4f1cdcb30
NIR_scattering_obs10_tar3_rng20_vis23_aerRural_humdefault_sza70,RadianceWithScattering,NIR,Mid-Latitude Summer,Rural,default,23,10,3,20,70,0.70,1.10,10,10,RectangularBand,D:\HwaSimIR\HwaSim_IR\Bin\Config\Atmosphere\MODTRAN\raw\m1_nir_mwir_20260906\NIR_scattering_obs10_tar3_rng20_vis23_aerRural_humdefault_sza70\NIR_scattering_obs10_tar3_rng20_vis23_aerRural_humdefault_sza70.tp5,062620305fee0f6b240f332cd3470e6dc2457338a7333691cd32f8c261f6635f
NIR_scattering_obs10_tar3_rng20_vis50_aerRural_humdefault_sza20,RadianceWithScattering,NIR,Mid-Latitude Summer,Rural,default,50,10,3,20,20,0.70,1.10,10,10,RectangularBand,D:\HwaSimIR\HwaSim_IR\Bin\Config\Atmosphere\MODTRAN\raw\m1_nir_mwir_20260906\NIR_scattering_obs10_tar3_rng20_vis50_aerRural_humdefault_sza20\NIR_scattering_obs10_tar3_rng20_vis50_aerRural_humdefault_sza20.tp5,43b9bf11c45a4c97e60a41e0c8c542badc9ce1d54d9c5259fa5efbfeb5592a1f
NIR_scattering_obs10_tar3_rng20_vis50_aerRural_humdefault_sza70,RadianceWithScattering,NIR,Mid-Latitude Summer,Rural,default,50,10,3,20,70,0.70,1.10,10,10,RectangularBand,D:\HwaSimIR\HwaSim_IR\Bin\Config\Atmosphere\MODTRAN\raw\m1_nir_mwir_20260906\NIR_scattering_obs10_tar3_rng20_vis50_aerRural_humdefault_sza70\NIR_scattering_obs10_tar3_rng20_vis50_aerRural_humdefault_sza70.tp5,5f0b0116aceab3cf3158f00483a524ca62f5612dc869a1aa328375248bc92b66
NIR_scattering_obs10_tar3_rng35_vis2_aerRural_humdefault_sza20,RadianceWithScattering,NIR,Mid-Latitude Summer,Rural,default,2,10,3,35,20,0.70,1.10,10,10,RectangularBand,D:\HwaSimIR\HwaSim_IR\Bin\Config\Atmosphere\MODTRAN\raw\m1_nir_mwir_20260906\NIR_scattering_obs10_tar3_rng35_vis2_aerRural_humdefault_sza20\NIR_scattering_obs10_tar3_rng35_vis2_aerRural_humdefault_sza20.tp5,5cfcfd1b1803df9e2d01005841e5757318b6dc90e320c82c86ab8b288a84fdd3
NIR_scattering_obs10_tar3_rng35_vis2_aerRural_humdefault_sza70,RadianceWithScattering,NIR,Mid-Latitude Summer,Rural,default,2,10,3,35,70,0.70,1.10,10,10,RectangularBand,D:\HwaSimIR\HwaSim_IR\Bin\Config\Atmosphere\MODTRAN\raw\m1_nir_mwir_20260906\NIR_scattering_obs10_tar3_rng35_vis2_aerRural_humdefault_sza70\NIR_scattering_obs10_tar3_rng35_vis2_aerRural_humdefault_sza70.tp5,d883ddbfa233014ed30079f18678b4031365eb57224cc77899e5120e8550adca
NIR_scattering_obs10_tar3_rng35_vis5_aerRural_humdefault_sza20,RadianceWithScattering,NIR,Mid-Latitude Summer,Rural,default,5,10,3,35,20,0.70,1.10,10,10,RectangularBand,D:\HwaSimIR\HwaSim_IR\Bin\Config\Atmosphere\MODTRAN\raw\m1_nir_mwir_20260906\NIR_scattering_obs10_tar3_rng35_vis5_aerRural_humdefault_sza20\NIR_scattering_obs10_tar3_rng35_vis5_aerRural_humdefault_sza20.tp5,a1196464ec989032ea2d04b9f4b47f0bba78c5bd38b12f14846627fc1772b3c9
NIR_scattering_obs10_tar3_rng35_vis5_aerRural_humdefault_sza70,RadianceWithScattering,NIR,Mid-Latitude Summer,Rural,default,5,10,3,35,70,0.70,1.10,10,10,RectangularBand,D:\HwaSimIR\HwaSim_IR\Bin\Config\Atmosphere\MODTRAN\raw\m1_nir_mwir_20260906\NIR_scattering_obs10_tar3_rng35_vis5_aerRural_humdefault_sza70\NIR_scattering_obs10_tar3_rng35_vis5_aerRural_humdefault_sza70.tp5,3421e61d52ef8c0a52206e2229b683a7044d4d6613d059cd920290f7f866be02
NIR_scattering_obs10_tar3_rng35_vis10_aerRural_humdefault_sza20,RadianceWithScattering,NIR,Mid-Latitude Summer,Rural,default,10,10,3,35,20,0.70,1.10,10,10,RectangularBand,D:\HwaSimIR\HwaSim_IR\Bin\Config\Atmosphere\MODTRAN\raw\m1_nir_mwir_20260906\NIR_scattering_obs10_tar3_rng35_vis10_aerRural_humdefault_sza20\NIR_scattering_obs10_tar3_rng35_vis10_aerRural_humdefault_sza20.tp5,9d19121ac5fc299ab053b4eac5b2e867213e8610703eafe7eefe8da2601a0e33
NIR_scattering_obs10_tar3_rng35_vis10_aerRural_humdefault_sza70,RadianceWithScattering,NIR,Mid-Latitude Summer,Rural,default,10,10,3,35,70,0.70,1.10,10,10,RectangularBand,D:\HwaSimIR\HwaSim_IR\Bin\Config\Atmosphere\MODTRAN\raw\m1_nir_mwir_20260906\NIR_scattering_obs10_tar3_rng35_vis10_aerRural_humdefault_sza70\NIR_scattering_obs10_tar3_rng35_vis10_aerRural_humdefault_sza70.tp5,cc5fa556c7187952918f8ec8e664c45a7bfaf4922cb4149535dd2e42bbdfc13f
NIR_scattering_obs10_tar3_rng35_vis23_aerRural_humdefault_sza20,RadianceWithScattering,NIR,Mid-Latitude Summer,Rural,default,23,10,3,35,20,0.70,1.10,10,10,RectangularBand,D:\HwaSimIR\HwaSim_IR\Bin\Config\Atmosphere\MODTRAN\raw\m1_nir_mwir_20260906\NIR_scattering_obs10_tar3_rng35_vis23_aerRural_humdefault_sza20\NIR_scattering_obs10_tar3_rng35_vis23_aerRural_humdefault_sza20.tp5,5badc061848ecdf9cf17062685c5656dce3d58f8135b510a17dfd7e844d1806f
NIR_scattering_obs10_tar3_rng35_vis23_aerRural_humdefault_sza70,RadianceWithScattering,NIR,Mid-Latitude Summer,Rural,default,23,10,3,35,70,0.70,1.10,10,10,RectangularBand,D:\HwaSimIR\HwaSim_IR\Bin\Config\Atmosphere\MODTRAN\raw\m1_nir_mwir_20260906\NIR_scattering_obs10_tar3_rng35_vis23_aerRural_humdefault_sza70\NIR_scattering_obs10_tar3_rng35_vis23_aerRural_humdefault_sza70.tp5,79db6bcb57b3a144cc5180dc98466b08fa7b7e7ecd85e789756e0ce3a49db600
NIR_scattering_obs10_tar3_rng35_vis50_aerRural_humdefault_sza20,RadianceWithScattering,NIR,Mid-Latitude Summer,Rural,default,50,10,3,35,20,0.70,1.10,10,10,RectangularBand,D:\HwaSimIR\HwaSim_IR\Bin\Config\Atmosphere\MODTRAN\raw\m1_nir_mwir_20260906\NIR_scattering_obs10_tar3_rng35_vis50_aerRural_humdefault_sza20\NIR_scattering_obs10_tar3_rng35_vis50_aerRural_humdefault_sza20.tp5,4fd6ca8e3d7e1992ba59ce333377c361902f747b8dd7b618e9afc2bd3bd9be26
NIR_scattering_obs10_tar3_rng35_vis50_aerRural_humdefault_sza70,RadianceWithScattering,NIR,Mid-Latitude Summer,Rural,default,50,10,3,35,70,0.70,1.10,10,10,RectangularBand,D:\HwaSimIR\HwaSim_IR\Bin\Config\Atmosphere\MODTRAN\raw\m1_nir_mwir_20260906\NIR_scattering_obs10_tar3_rng35_vis50_aerRural_humdefault_sza70\NIR_scattering_obs10_tar3_rng35_vis50_aerRural_humdefault_sza70.tp5,bb6f69d29d95d3f4688f513106e1bd93a03457a6ebf99e3f9c5e3dc81fb9dd07
NIR_scattering_obs10_tar3_rng50_vis2_aerRural_humdefault_sza20,RadianceWithScattering,NIR,Mid-Latitude Summer,Rural,default,2,10,3,50,20,0.70,1.10,10,10,RectangularBand,D:\HwaSimIR\HwaSim_IR\Bin\Config\Atmosphere\MODTRAN\raw\m1_nir_mwir_20260906\NIR_scattering_obs10_tar3_rng50_vis2_aerRural_humdefault_sza20\NIR_scattering_obs10_tar3_rng50_vis2_aerRural_humdefault_sza20.tp5,483d0a2949f116f2903e4799f80d27b1392fb9debbad98bc6252f93b2a832481
NIR_scattering_obs10_tar3_rng50_vis2_aerRural_humdefault_sza70,RadianceWithScattering,NIR,Mid-Latitude Summer,Rural,default,2,10,3,50,70,0.70,1.10,10,10,RectangularBand,D:\HwaSimIR\HwaSim_IR\Bin\Config\Atmosphere\MODTRAN\raw\m1_nir_mwir_20260906\NIR_scattering_obs10_tar3_rng50_vis2_aerRural_humdefault_sza70\NIR_scattering_obs10_tar3_rng50_vis2_aerRural_humdefault_sza70.tp5,c63c6179bea93644d8767889fa8aab9eac48460c1c6bdaac75c22100f0835fde
NIR_scattering_obs10_tar3_rng50_vis5_aerRural_humdefault_sza20,RadianceWithScattering,NIR,Mid-Latitude Summer,Rural,default,5,10,3,50,20,0.70,1.10,10,10,RectangularBand,D:\HwaSimIR\HwaSim_IR\Bin\Config\Atmosphere\MODTRAN\raw\m1_nir_mwir_20260906\NIR_scattering_obs10_tar3_rng50_vis5_aerRural_humdefault_sza20\NIR_scattering_obs10_tar3_rng50_vis5_aerRural_humdefault_sza20.tp5,4fff2b896ff0e9c080b486c21d39c9e45ae67e666bca4137c0fc4f8373434d82
NIR_scattering_obs10_tar3_rng50_vis5_aerRural_humdefault_sza70,RadianceWithScattering,NIR,Mid-Latitude Summer,Rural,default,5,10,3,50,70,0.70,1.10,10,10,RectangularBand,D:\HwaSimIR\HwaSim_IR\Bin\Config\Atmosphere\MODTRAN\raw\m1_nir_mwir_20260906\NIR_scattering_obs10_tar3_rng50_vis5_aerRural_humdefault_sza70\NIR_scattering_obs10_tar3_rng50_vis5_aerRural_humdefault_sza70.tp5,438adc3583a925a39d647d7a9d826e5f5e8ff59f0203191c154091642f5931e0
NIR_scattering_obs10_tar3_rng50_vis10_aerRural_humdefault_sza20,RadianceWithScattering,NIR,Mid-Latitude Summer,Rural,default,10,10,3,50,20,0.70,1.10,10,10,RectangularBand,D:\HwaSimIR\HwaSim_IR\Bin\Config\Atmosphere\MODTRAN\raw\m1_nir_mwir_20260906\NIR_scattering_obs10_tar3_rng50_vis10_aerRural_humdefault_sza20\NIR_scattering_obs10_tar3_rng50_vis10_aerRural_humdefault_sza20.tp5,78182560770063cf5cf419949b1ac7ef9ce859256a923988d888dc15ad3f2512
NIR_scattering_obs10_tar3_rng50_vis10_aerRural_humdefault_sza70,RadianceWithScattering,NIR,Mid-Latitude Summer,Rural,default,10,10,3,50,70,0.70,1.10,10,10,RectangularBand,D:\HwaSimIR\HwaSim_IR\Bin\Config\Atmosphere\MODTRAN\raw\m1_nir_mwir_20260906\NIR_scattering_obs10_tar3_rng50_vis10_aerRural_humdefault_sza70\NIR_scattering_obs10_tar3_rng50_vis10_aerRural_humdefault_sza70.tp5,13a74110325b74f367b3312a2f331e6bea32acafeed311c8ce510293c6f2ec7e
NIR_scattering_obs10_tar3_rng50_vis23_aerRural_humdefault_sza20,RadianceWithScattering,NIR,Mid-Latitude Summer,Rural,default,23,10,3,50,20,0.70,1.10,10,10,RectangularBand,D:\HwaSimIR\HwaSim_IR\Bin\Config\Atmosphere\MODTRAN\raw\m1_nir_mwir_20260906\NIR_scattering_obs10_tar3_rng50_vis23_aerRural_humdefault_sza20\NIR_scattering_obs10_tar3_rng50_vis23_aerRural_humdefault_sza20.tp5,71fa577cc537c2a9b1c7fb66172694112e6b0436121a7cc57dc3528f5f02cae9
NIR_scattering_obs10_tar3_rng50_vis23_aerRural_humdefault_sza70,RadianceWithScattering,NIR,Mid-Latitude Summer,Rural,default,23,10,3,50,70,0.70,1.10,10,10,RectangularBand,D:\HwaSimIR\HwaSim_IR\Bin\Config\Atmosphere\MODTRAN\raw\m1_nir_mwir_20260906\NIR_scattering_obs10_tar3_rng50_vis23_aerRural_humdefault_sza70\NIR_scattering_obs10_tar3_rng50_vis23_aerRural_humdefault_sza70.tp5,78938434fe6e94899f5cd81e66b6f567f5a90c574add1d73ca1552cce5536233
NIR_scattering_obs10_tar3_rng50_vis50_aerRural_humdefault_sza20,RadianceWithScattering,NIR,Mid-Latitude Summer,Rural,default,50,10,3,50,20,0.70,1.10,10,10,RectangularBand,D:\HwaSimIR\HwaSim_IR\Bin\Config\Atmosphere\MODTRAN\raw\m1_nir_mwir_20260906\NIR_scattering_obs10_tar3_rng50_vis50_aerRural_humdefault_sza20\NIR_scattering_obs10_tar3_rng50_vis50_aerRural_humdefault_sza20.tp5,c56346884786cab8d1ff8a9375f80632b74d55a757e2204e6b87ca58bba7b8cd
NIR_scattering_obs10_tar3_rng50_vis50_aerRural_humdefault_sza70,RadianceWithScattering,NIR,Mid-Latitude Summer,Rural,default,50,10,3,50,70,0.70,1.10,10,10,RectangularBand,D:\HwaSimIR\HwaSim_IR\Bin\Config\Atmosphere\MODTRAN\raw\m1_nir_mwir_20260906\NIR_scattering_obs10_tar3_rng50_vis50_aerRural_humdefault_sza70\NIR_scattering_obs10_tar3_rng50_vis50_aerRural_humdefault_sza70.tp5,f0a51046ef90fdc2d1a5beddc1376bce8bd1b83f275a1b223e805de17f096ed5
NIR_scattering_obs20_tar3_rng20_vis2_aerRural_humdefault_sza20,RadianceWithScattering,NIR,Mid-Latitude Summer,Rural,default,2,20,3,20,20,0.70,1.10,10,10,RectangularBand,D:\HwaSimIR\HwaSim_IR\Bin\Config\Atmosphere\MODTRAN\raw\m1_nir_mwir_20260906\NIR_scattering_obs20_tar3_rng20_vis2_aerRural_humdefault_sza20\NIR_scattering_obs20_tar3_rng20_vis2_aerRural_humdefault_sza20.tp5,d8a7a22adf82eebabe593707e94cce2cd757925cd154217ee1d58defe9ba2766
NIR_scattering_obs20_tar3_rng20_vis2_aerRural_humdefault_sza70,RadianceWithScattering,NIR,Mid-Latitude Summer,Rural,default,2,20,3,20,70,0.70,1.10,10,10,RectangularBand,D:\HwaSimIR\HwaSim_IR\Bin\Config\Atmosphere\MODTRAN\raw\m1_nir_mwir_20260906\NIR_scattering_obs20_tar3_rng20_vis2_aerRural_humdefault_sza70\NIR_scattering_obs20_tar3_rng20_vis2_aerRural_humdefault_sza70.tp5,886353dd69e2938b73c9fb07dcd410eba0c78b4a6c3e781ff522de18e52a6330
NIR_scattering_obs20_tar3_rng20_vis5_aerRural_humdefault_sza20,RadianceWithScattering,NIR,Mid-Latitude Summer,Rural,default,5,20,3,20,20,0.70,1.10,10,10,RectangularBand,D:\HwaSimIR\HwaSim_IR\Bin\Config\Atmosphere\MODTRAN\raw\m1_nir_mwir_20260906\NIR_scattering_obs20_tar3_rng20_vis5_aerRural_humdefault_sza20\NIR_scattering_obs20_tar3_rng20_vis5_aerRural_humdefault_sza20.tp5,2746f18e83143c849463653d28a82b764e12b3082b2cf8c2cd2bbf898bdc5ca5
NIR_scattering_obs20_tar3_rng20_vis5_aerRural_humdefault_sza70,RadianceWithScattering,NIR,Mid-Latitude Summer,Rural,default,5,20,3,20,70,0.70,1.10,10,10,RectangularBand,D:\HwaSimIR\HwaSim_IR\Bin\Config\Atmosphere\MODTRAN\raw\m1_nir_mwir_20260906\NIR_scattering_obs20_tar3_rng20_vis5_aerRural_humdefault_sza70\NIR_scattering_obs20_tar3_rng20_vis5_aerRural_humdefault_sza70.tp5,325703714a706fd0b3a98523244083c7ae345d46fab0ce86705b89c0b0620940
NIR_scattering_obs20_tar3_rng20_vis10_aerRural_humdefault_sza20,RadianceWithScattering,NIR,Mid-Latitude Summer,Rural,default,10,20,3,20,20,0.70,1.10,10,10,RectangularBand,D:\HwaSimIR\HwaSim_IR\Bin\Config\Atmosphere\MODTRAN\raw\m1_nir_mwir_20260906\NIR_scattering_obs20_tar3_rng20_vis10_aerRural_humdefault_sza20\NIR_scattering_obs20_tar3_rng20_vis10_aerRural_humdefault_sza20.tp5,a929089184ccd2b89fe122a0237fb0334292c13b110570386a204e97a7f3d9eb
NIR_scattering_obs20_tar3_rng20_vis10_aerRural_humdefault_sza70,RadianceWithScattering,NIR,Mid-Latitude Summer,Rural,default,10,20,3,20,70,0.70,1.10,10,10,RectangularBand,D:\HwaSimIR\HwaSim_IR\Bin\Config\Atmosphere\MODTRAN\raw\m1_nir_mwir_20260906\NIR_scattering_obs20_tar3_rng20_vis10_aerRural_humdefault_sza70\NIR_scattering_obs20_tar3_rng20_vis10_aerRural_humdefault_sza70.tp5,373a32add41942572af074732373d45fe7e00766439ec4298fde80a0eb599012
NIR_scattering_obs20_tar3_rng20_vis23_aerRural_humdefault_sza20,RadianceWithScattering,NIR,Mid-Latitude Summer,Rural,default,23,20,3,20,20,0.70,1.10,10,10,RectangularBand,D:\HwaSimIR\HwaSim_IR\Bin\Config\Atmosphere\MODTRAN\raw\m1_nir_mwir_20260906\NIR_scattering_obs20_tar3_rng20_vis23_aerRural_humdefault_sza20\NIR_scattering_obs20_tar3_rng20_vis23_aerRural_humdefault_sza20.tp5,82385a95b9c8e09d3851859a3e8295197758fe5515658d183d94e31ad2bb0302
NIR_scattering_obs20_tar3_rng20_vis23_aerRural_humdefault_sza70,RadianceWithScattering,NIR,Mid-Latitude Summer,Rural,default,23,20,3,20,70,0.70,1.10,10,10,RectangularBand,D:\HwaSimIR\HwaSim_IR\Bin\Config\Atmosphere\MODTRAN\raw\m1_nir_mwir_20260906\NIR_scattering_obs20_tar3_rng20_vis23_aerRural_humdefault_sza70\NIR_scattering_obs20_tar3_rng20_vis23_aerRural_humdefault_sza70.tp5,87069a1f656ab09f0d8065fa34ff197de9da1bb73627a1aa3d23ac818285c627
NIR_scattering_obs20_tar3_rng20_vis50_aerRural_humdefault_sza20,RadianceWithScattering,NIR,Mid-Latitude Summer,Rural,default,50,20,3,20,20,0.70,1.10,10,10,RectangularBand,D:\HwaSimIR\HwaSim_IR\Bin\Config\Atmosphere\MODTRAN\raw\m1_nir_mwir_20260906\NIR_scattering_obs20_tar3_rng20_vis50_aerRural_humdefault_sza20\NIR_scattering_obs20_tar3_rng20_vis50_aerRural_humdefault_sza20.tp5,0e8ccccf68d7db28913aa30a793e34e3151bcefa76106d9e9b99d218b7b5c03f
NIR_scattering_obs20_tar3_rng20_vis50_aerRural_humdefault_sza70,RadianceWithScattering,NIR,Mid-Latitude Summer,Rural,default,50,20,3,20,70,0.70,1.10,10,10,RectangularBand,D:\HwaSimIR\HwaSim_IR\Bin\Config\Atmosphere\MODTRAN\raw\m1_nir_mwir_20260906\NIR_scattering_obs20_tar3_rng20_vis50_aerRural_humdefault_sza70\NIR_scattering_obs20_tar3_rng20_vis50_aerRural_humdefault_sza70.tp5,fc11ad22f36841cd2e505061e02a52e3afae824293cec6c1b715c06485844f7c
NIR_scattering_obs20_tar3_rng35_vis2_aerRural_humdefault_sza20,RadianceWithScattering,NIR,Mid-Latitude Summer,Rural,default,2,20,3,35,20,0.70,1.10,10,10,RectangularBand,D:\HwaSimIR\HwaSim_IR\Bin\Config\Atmosphere\MODTRAN\raw\m1_nir_mwir_20260906\NIR_scattering_obs20_tar3_rng35_vis2_aerRural_humdefault_sza20\NIR_scattering_obs20_tar3_rng35_vis2_aerRural_humdefault_sza20.tp5,b56cb0c4bd98ea02ba4704b427b6eb8482fbd9739e3d896e97633e4e7a04f5f1
NIR_scattering_obs20_tar3_rng35_vis2_aerRural_humdefault_sza70,RadianceWithScattering,NIR,Mid-Latitude Summer,Rural,default,2,20,3,35,70,0.70,1.10,10,10,RectangularBand,D:\HwaSimIR\HwaSim_IR\Bin\Config\Atmosphere\MODTRAN\raw\m1_nir_mwir_20260906\NIR_scattering_obs20_tar3_rng35_vis2_aerRural_humdefault_sza70\NIR_scattering_obs20_tar3_rng35_vis2_aerRural_humdefault_sza70.tp5,43551ba603a657a6a3dcef3147ddb22e63052efe706660068fffacb40363056f
NIR_scattering_obs20_tar3_rng35_vis5_aerRural_humdefault_sza20,RadianceWithScattering,NIR,Mid-Latitude Summer,Rural,default,5,20,3,35,20,0.70,1.10,10,10,RectangularBand,D:\HwaSimIR\HwaSim_IR\Bin\Config\Atmosphere\MODTRAN\raw\m1_nir_mwir_20260906\NIR_scattering_obs20_tar3_rng35_vis5_aerRural_humdefault_sza20\NIR_scattering_obs20_tar3_rng35_vis5_aerRural_humdefault_sza20.tp5,7ef78009da72770b525c87a6919c3aa2ae9888a8e125339db4eaa7dd4bcfb0df
NIR_scattering_obs20_tar3_rng35_vis5_aerRural_humdefault_sza70,RadianceWithScattering,NIR,Mid-Latitude Summer,Rural,default,5,20,3,35,70,0.70,1.10,10,10,RectangularBand,D:\HwaSimIR\HwaSim_IR\Bin\Config\Atmosphere\MODTRAN\raw\m1_nir_mwir_20260906\NIR_scattering_obs20_tar3_rng35_vis5_aerRural_humdefault_sza70\NIR_scattering_obs20_tar3_rng35_vis5_aerRural_humdefault_sza70.tp5,8a248bbf3f10732bfc3bdbdb65164b923c2182ca27ca2bd65a7899eca027a42d
NIR_scattering_obs20_tar3_rng35_vis10_aerRural_humdefault_sza20,RadianceWithScattering,NIR,Mid-Latitude Summer,Rural,default,10,20,3,35,20,0.70,1.10,10,10,RectangularBand,D:\HwaSimIR\HwaSim_IR\Bin\Config\Atmosphere\MODTRAN\raw\m1_nir_mwir_20260906\NIR_scattering_obs20_tar3_rng35_vis10_aerRural_humdefault_sza20\NIR_scattering_obs20_tar3_rng35_vis10_aerRural_humdefault_sza20.tp5,a1cfffc23b8df23fa359a6044b7f32742838033f64beb70b91f72afe1ebe9634
NIR_scattering_obs20_tar3_rng35_vis10_aerRural_humdefault_sza70,RadianceWithScattering,NIR,Mid-Latitude Summer,Rural,default,10,20,3,35,70,0.70,1.10,10,10,RectangularBand,D:\HwaSimIR\HwaSim_IR\Bin\Config\Atmosphere\MODTRAN\raw\m1_nir_mwir_20260906\NIR_scattering_obs20_tar3_rng35_vis10_aerRural_humdefault_sza70\NIR_scattering_obs20_tar3_rng35_vis10_aerRural_humdefault_sza70.tp5,1ee0ab7301776df21efc3cab1ce6be6e141d063f63fccfb48a76de79efca412c
NIR_scattering_obs20_tar3_rng35_vis23_aerRural_humdefault_sza20,RadianceWithScattering,NIR,Mid-Latitude Summer,Rural,default,23,20,3,35,20,0.70,1.10,10,10,RectangularBand,D:\HwaSimIR\HwaSim_IR\Bin\Config\Atmosphere\MODTRAN\raw\m1_nir_mwir_20260906\NIR_scattering_obs20_tar3_rng35_vis23_aerRural_humdefault_sza20\NIR_scattering_obs20_tar3_rng35_vis23_aerRural_humdefault_sza20.tp5,035595ee13a7ed72a2109c322c0588fd68fbd42e45f1a70c4dc814646b9975e2
NIR_scattering_obs20_tar3_rng35_vis23_aerRural_humdefault_sza70,RadianceWithScattering,NIR,Mid-Latitude Summer,Rural,default,23,20,3,35,70,0.70,1.10,10,10,RectangularBand,D:\HwaSimIR\HwaSim_IR\Bin\Config\Atmosphere\MODTRAN\raw\m1_nir_mwir_20260906\NIR_scattering_obs20_tar3_rng35_vis23_aerRural_humdefault_sza70\NIR_scattering_obs20_tar3_rng35_vis23_aerRural_humdefault_sza70.tp5,1b2490c06dd5a754bdfe78ad63e442b2a6a767f5927d8e2df91adc128c2abcfe
NIR_scattering_obs20_tar3_rng35_vis50_aerRural_humdefault_sza20,RadianceWithScattering,NIR,Mid-Latitude Summer,Rural,default,50,20,3,35,20,0.70,1.10,10,10,RectangularBand,D:\HwaSimIR\HwaSim_IR\Bin\Config\Atmosphere\MODTRAN\raw\m1_nir_mwir_20260906\NIR_scattering_obs20_tar3_rng35_vis50_aerRural_humdefault_sza20\NIR_scattering_obs20_tar3_rng35_vis50_aerRural_humdefault_sza20.tp5,3f6de073577e6bddab06033cc94f092e0f9af6ed889ba2eeba793e13136aa370
NIR_scattering_obs20_tar3_rng35_vis50_aerRural_humdefault_sza70,RadianceWithScattering,NIR,Mid-Latitude Summer,Rural,default,50,20,3,35,70,0.70,1.10,10,10,RectangularBand,D:\HwaSimIR\HwaSim_IR\Bin\Config\Atmosphere\MODTRAN\raw\m1_nir_mwir_20260906\NIR_scattering_obs20_tar3_rng35_vis50_aerRural_humdefault_sza70\NIR_scattering_obs20_tar3_rng35_vis50_aerRural_humdefault_sza70.tp5,cad35598cfa8e8a7f1d92d946ecc2c2db4269c709e9bf6c38edeaac8ad4c0d48
NIR_scattering_obs20_tar3_rng50_vis2_aerRural_humdefault_sza20,RadianceWithScattering,NIR,Mid-Latitude Summer,Rural,default,2,20,3,50,20,0.70,1.10,10,10,RectangularBand,D:\HwaSimIR\HwaSim_IR\Bin\Config\Atmosphere\MODTRAN\raw\m1_nir_mwir_20260906\NIR_scattering_obs20_tar3_rng50_vis2_aerRural_humdefault_sza20\NIR_scattering_obs20_tar3_rng50_vis2_aerRural_humdefault_sza20.tp5,5db25d45cb8ac1591149ec91ae74fa8ac472a60d4fd71afea58aceb58f3d7b50
NIR_scattering_obs20_tar3_rng50_vis2_aerRural_humdefault_sza70,RadianceWithScattering,NIR,Mid-Latitude Summer,Rural,default,2,20,3,50,70,0.70,1.10,10,10,RectangularBand,D:\HwaSimIR\HwaSim_IR\Bin\Config\Atmosphere\MODTRAN\raw\m1_nir_mwir_20260906\NIR_scattering_obs20_tar3_rng50_vis2_aerRural_humdefault_sza70\NIR_scattering_obs20_tar3_rng50_vis2_aerRural_humdefault_sza70.tp5,27444d31fbafedb5ab3b8c306149f9a638a483e8f395424df33fd9bfe46dcba0
NIR_scattering_obs20_tar3_rng50_vis5_aerRural_humdefault_sza20,RadianceWithScattering,NIR,Mid-Latitude Summer,Rural,default,5,20,3,50,20,0.70,1.10,10,10,RectangularBand,D:\HwaSimIR\HwaSim_IR\Bin\Config\Atmosphere\MODTRAN\raw\m1_nir_mwir_20260906\NIR_scattering_obs20_tar3_rng50_vis5_aerRural_humdefault_sza20\NIR_scattering_obs20_tar3_rng50_vis5_aerRural_humdefault_sza20.tp5,49780526af51762b460706981452b2384c08d8be7eca4537dfdbb02c0d06b6cb
NIR_scattering_obs20_tar3_rng50_vis5_aerRural_humdefault_sza70,RadianceWithScattering,NIR,Mid-Latitude Summer,Rural,default,5,20,3,50,70,0.70,1.10,10,10,RectangularBand,D:\HwaSimIR\HwaSim_IR\Bin\Config\Atmosphere\MODTRAN\raw\m1_nir_mwir_20260906\NIR_scattering_obs20_tar3_rng50_vis5_aerRural_humdefault_sza70\NIR_scattering_obs20_tar3_rng50_vis5_aerRural_humdefault_sza70.tp5,938004b657ae7cf075dbca59c498fa262b9b7b4c6e7150596dc454842e3494c5
NIR_scattering_obs20_tar3_rng50_vis10_aerRural_humdefault_sza20,RadianceWithScattering,NIR,Mid-Latitude Summer,Rural,default,10,20,3,50,20,0.70,1.10,10,10,RectangularBand,D:\HwaSimIR\HwaSim_IR\Bin\Config\Atmosphere\MODTRAN\raw\m1_nir_mwir_20260906\NIR_scattering_obs20_tar3_rng50_vis10_aerRural_humdefault_sza20\NIR_scattering_obs20_tar3_rng50_vis10_aerRural_humdefault_sza20.tp5,e02912707fc83b6b5b8d72e3d07d312f68e7f831f4e60b7d3c2cf094b60fe24b
NIR_scattering_obs20_tar3_rng50_vis10_aerRural_humdefault_sza70,RadianceWithScattering,NIR,Mid-Latitude Summer,Rural,default,10,20,3,50,70,0.70,1.10,10,10,RectangularBand,D:\HwaSimIR\HwaSim_IR\Bin\Config\Atmosphere\MODTRAN\raw\m1_nir_mwir_20260906\NIR_scattering_obs20_tar3_rng50_vis10_aerRural_humdefault_sza70\NIR_scattering_obs20_tar3_rng50_vis10_aerRural_humdefault_sza70.tp5,edb1d00f66075750c2437e9404717092370813cb441e79a8747c9d37f854ee34
NIR_scattering_obs20_tar3_rng50_vis23_aerRural_humdefault_sza20,RadianceWithScattering,NIR,Mid-Latitude Summer,Rural,default,23,20,3,50,20,0.70,1.10,10,10,RectangularBand,D:\HwaSimIR\HwaSim_IR\Bin\Config\Atmosphere\MODTRAN\raw\m1_nir_mwir_20260906\NIR_scattering_obs20_tar3_rng50_vis23_aerRural_humdefault_sza20\NIR_scattering_obs20_tar3_rng50_vis23_aerRural_humdefault_sza20.tp5,df6490aab13533328caa70e0836b3809dd786dfd045ebfb3fbe799a56b289cf1
NIR_scattering_obs20_tar3_rng50_vis23_aerRural_humdefault_sza70,RadianceWithScattering,NIR,Mid-Latitude Summer,Rural,default,23,20,3,50,70,0.70,1.10,10,10,RectangularBand,D:\HwaSimIR\HwaSim_IR\Bin\Config\Atmosphere\MODTRAN\raw\m1_nir_mwir_20260906\NIR_scattering_obs20_tar3_rng50_vis23_aerRural_humdefault_sza70\NIR_scattering_obs20_tar3_rng50_vis23_aerRural_humdefault_sza70.tp5,c204b2627294aefd13a113a2c179887f303a9bb776dfd1502a4abbc2f6980ccf
NIR_scattering_obs20_tar3_rng50_vis50_aerRural_humdefault_sza20,RadianceWithScattering,NIR,Mid-Latitude Summer,Rural,default,50,20,3,50,20,0.70,1.10,10,10,RectangularBand,D:\HwaSimIR\HwaSim_IR\Bin\Config\Atmosphere\MODTRAN\raw\m1_nir_mwir_20260906\NIR_scattering_obs20_tar3_rng50_vis50_aerRural_humdefault_sza20\NIR_scattering_obs20_tar3_rng50_vis50_aerRural_humdefault_sza20.tp5,3e3066e3fbda6cd14c3aacf5e5fe64310c433cc0add04aed2dd51cbc603d676f
NIR_scattering_obs20_tar3_rng50_vis50_aerRural_humdefault_sza70,RadianceWithScattering,NIR,Mid-Latitude Summer,Rural,default,50,20,3,50,70,0.70,1.10,10,10,RectangularBand,D:\HwaSimIR\HwaSim_IR\Bin\Config\Atmosphere\MODTRAN\raw\m1_nir_mwir_20260906\NIR_scattering_obs20_tar3_rng50_vis50_aerRural_humdefault_sza70\NIR_scattering_obs20_tar3_rng50_vis50_aerRural_humdefault_sza70.tp5,b562b9d880563588de1071b4ef4e5ee8e27e1ef3d440ecdd0cda6e25e0e962f1
NIR_solar_tar3_vis2_aerRural_humdefault_sza20,DirectSolarIrradiance,NIR,Mid-Latitude Summer,Rural,default,2,,3,,20,0.70,1.10,10,10,RectangularBand,D:\HwaSimIR\HwaSim_IR\Bin\Config\Atmosphere\MODTRAN\raw\m1_nir_mwir_20260906\NIR_solar_tar3_vis2_aerRural_humdefault_sza20\NIR_solar_tar3_vis2_aerRural_humdefault_sza20.tp5,c5e5a5145761ce675d69b1c768c98cb6613a8a9fc15c145501e3fc54326abf53
NIR_flux_tar3_vis2_aerRural_humdefault_sza20,SpectralFlux,NIR,Mid-Latitude Summer,Rural,default,2,,3,,20,0.70,1.10,10,10,RectangularBand,D:\HwaSimIR\HwaSim_IR\Bin\Config\Atmosphere\MODTRAN\raw\m1_nir_mwir_20260906\NIR_flux_tar3_vis2_aerRural_humdefault_sza20\NIR_flux_tar3_vis2_aerRural_humdefault_sza20.tp5,a9d5db20f0f8579310db56df61e81364b483f6c8fbb3306e69257873e5037bc6
NIR_solar_tar3_vis2_aerRural_humdefault_sza45,DirectSolarIrradiance,NIR,Mid-Latitude Summer,Rural,default,2,,3,,45,0.70,1.10,10,10,RectangularBand,D:\HwaSimIR\HwaSim_IR\Bin\Config\Atmosphere\MODTRAN\raw\m1_nir_mwir_20260906\NIR_solar_tar3_vis2_aerRural_humdefault_sza45\NIR_solar_tar3_vis2_aerRural_humdefault_sza45.tp5,919af4eefd7a753ff1d0b757e35381ef842f297a3db555b344f8066a67be1ef8
NIR_flux_tar3_vis2_aerRural_humdefault_sza45,SpectralFlux,NIR,Mid-Latitude Summer,Rural,default,2,,3,,45,0.70,1.10,10,10,RectangularBand,D:\HwaSimIR\HwaSim_IR\Bin\Config\Atmosphere\MODTRAN\raw\m1_nir_mwir_20260906\NIR_flux_tar3_vis2_aerRural_humdefault_sza45\NIR_flux_tar3_vis2_aerRural_humdefault_sza45.tp5,f21b85dd06ad6b938802c38cf46a84aac21afcffd7249e0873b9d5da7d88443c
NIR_solar_tar3_vis2_aerRural_humdefault_sza70,DirectSolarIrradiance,NIR,Mid-Latitude Summer,Rural,default,2,,3,,70,0.70,1.10,10,10,RectangularBand,D:\HwaSimIR\HwaSim_IR\Bin\Config\Atmosphere\MODTRAN\raw\m1_nir_mwir_20260906\NIR_solar_tar3_vis2_aerRural_humdefault_sza70\NIR_solar_tar3_vis2_aerRural_humdefault_sza70.tp5,517f7488f018f6b920f5a7cfcdaeb305f77a37d22ed733ce4aea820ad1af9364
NIR_flux_tar3_vis2_aerRural_humdefault_sza70,SpectralFlux,NIR,Mid-Latitude Summer,Rural,default,2,,3,,70,0.70,1.10,10,10,RectangularBand,D:\HwaSimIR\HwaSim_IR\Bin\Config\Atmosphere\MODTRAN\raw\m1_nir_mwir_20260906\NIR_flux_tar3_vis2_aerRural_humdefault_sza70\NIR_flux_tar3_vis2_aerRural_humdefault_sza70.tp5,5a20622832308476ee5dc6d796f5df46fce84cc2765fb9c9f20f177004e633e2
NIR_solar_tar3_vis5_aerRural_humdefault_sza20,DirectSolarIrradiance,NIR,Mid-Latitude Summer,Rural,default,5,,3,,20,0.70,1.10,10,10,RectangularBand,D:\HwaSimIR\HwaSim_IR\Bin\Config\Atmosphere\MODTRAN\raw\m1_nir_mwir_20260906\NIR_solar_tar3_vis5_aerRural_humdefault_sza20\NIR_solar_tar3_vis5_aerRural_humdefault_sza20.tp5,9ef0bc1933471ce4d2a4c3602c11f8b3aae35c565135000d5ff354fa366b7c5b
NIR_flux_tar3_vis5_aerRural_humdefault_sza20,SpectralFlux,NIR,Mid-Latitude Summer,Rural,default,5,,3,,20,0.70,1.10,10,10,RectangularBand,D:\HwaSimIR\HwaSim_IR\Bin\Config\Atmosphere\MODTRAN\raw\m1_nir_mwir_20260906\NIR_flux_tar3_vis5_aerRural_humdefault_sza20\NIR_flux_tar3_vis5_aerRural_humdefault_sza20.tp5,ecbaedfa53118026e57c32b8a4b5cee90f139c747404f6aeaa216da3f81900e6
NIR_solar_tar3_vis5_aerRural_humdefault_sza45,DirectSolarIrradiance,NIR,Mid-Latitude Summer,Rural,default,5,,3,,45,0.70,1.10,10,10,RectangularBand,D:\HwaSimIR\HwaSim_IR\Bin\Config\Atmosphere\MODTRAN\raw\m1_nir_mwir_20260906\NIR_solar_tar3_vis5_aerRural_humdefault_sza45\NIR_solar_tar3_vis5_aerRural_humdefault_sza45.tp5,8edbabcb20c59300cb445ce3af3261b3a5377184cb905609eb22037382d023ee
NIR_flux_tar3_vis5_aerRural_humdefault_sza45,SpectralFlux,NIR,Mid-Latitude Summer,Rural,default,5,,3,,45,0.70,1.10,10,10,RectangularBand,D:\HwaSimIR\HwaSim_IR\Bin\Config\Atmosphere\MODTRAN\raw\m1_nir_mwir_20260906\NIR_flux_tar3_vis5_aerRural_humdefault_sza45\NIR_flux_tar3_vis5_aerRural_humdefault_sza45.tp5,eb973367cd33c07c5daaddae2ca8b9a814871110fc6951dea24c8ef6e6898070
NIR_solar_tar3_vis5_aerRural_humdefault_sza70,DirectSolarIrradiance,NIR,Mid-Latitude Summer,Rural,default,5,,3,,70,0.70,1.10,10,10,RectangularBand,D:\HwaSimIR\HwaSim_IR\Bin\Config\Atmosphere\MODTRAN\raw\m1_nir_mwir_20260906\NIR_solar_tar3_vis5_aerRural_humdefault_sza70\NIR_solar_tar3_vis5_aerRural_humdefault_sza70.tp5,ef0a8cf65626fdb5f1cea40cad827903c560d86c0fad4f49a5c896183eed07a6
NIR_flux_tar3_vis5_aerRural_humdefault_sza70,SpectralFlux,NIR,Mid-Latitude Summer,Rural,default,5,,3,,70,0.70,1.10,10,10,RectangularBand,D:\HwaSimIR\HwaSim_IR\Bin\Config\Atmosphere\MODTRAN\raw\m1_nir_mwir_20260906\NIR_flux_tar3_vis5_aerRural_humdefault_sza70\NIR_flux_tar3_vis5_aerRural_humdefault_sza70.tp5,6a24a0b0c6b80149a05718ce53bcac295e3827d49c9859352e3d4dc934689eb4
NIR_solar_tar3_vis10_aerRural_humdefault_sza20,DirectSolarIrradiance,NIR,Mid-Latitude Summer,Rural,default,10,,3,,20,0.70,1.10,10,10,RectangularBand,D:\HwaSimIR\HwaSim_IR\Bin\Config\Atmosphere\MODTRAN\raw\m1_nir_mwir_20260906\NIR_solar_tar3_vis10_aerRural_humdefault_sza20\NIR_solar_tar3_vis10_aerRural_humdefault_sza20.tp5,7cfd15f151ed1daa3e82e5131669628fc8aa9d1874db5d3fbe6c5fa9e1d63fda
NIR_flux_tar3_vis10_aerRural_humdefault_sza20,SpectralFlux,NIR,Mid-Latitude Summer,Rural,default,10,,3,,20,0.70,1.10,10,10,RectangularBand,D:\HwaSimIR\HwaSim_IR\Bin\Config\Atmosphere\MODTRAN\raw\m1_nir_mwir_20260906\NIR_flux_tar3_vis10_aerRural_humdefault_sza20\NIR_flux_tar3_vis10_aerRural_humdefault_sza20.tp5,ed254b4747a126bfc70a165428dc1705a13d9a159798466f87a462f01fced148
NIR_solar_tar3_vis10_aerRural_humdefault_sza45,DirectSolarIrradiance,NIR,Mid-Latitude Summer,Rural,default,10,,3,,45,0.70,1.10,10,10,RectangularBand,D:\HwaSimIR\HwaSim_IR\Bin\Config\Atmosphere\MODTRAN\raw\m1_nir_mwir_20260906\NIR_solar_tar3_vis10_aerRural_humdefault_sza45\NIR_solar_tar3_vis10_aerRural_humdefault_sza45.tp5,6fbed94d0478a8799114e3150258add5759deeabff2a59f65cdb69464f8e2ee2
NIR_flux_tar3_vis10_aerRural_humdefault_sza45,SpectralFlux,NIR,Mid-Latitude Summer,Rural,default,10,,3,,45,0.70,1.10,10,10,RectangularBand,D:\HwaSimIR\HwaSim_IR\Bin\Config\Atmosphere\MODTRAN\raw\m1_nir_mwir_20260906\NIR_flux_tar3_vis10_aerRural_humdefault_sza45\NIR_flux_tar3_vis10_aerRural_humdefault_sza45.tp5,63816738450a6ca4ada0caa33404b2f93ba37d85630e6aecf3235dc46365ca1b
NIR_solar_tar3_vis10_aerRural_humdefault_sza70,DirectSolarIrradiance,NIR,Mid-Latitude Summer,Rural,default,10,,3,,70,0.70,1.10,10,10,RectangularBand,D:\HwaSimIR\HwaSim_IR\Bin\Config\Atmosphere\MODTRAN\raw\m1_nir_mwir_20260906\NIR_solar_tar3_vis10_aerRural_humdefault_sza70\NIR_solar_tar3_vis10_aerRural_humdefault_sza70.tp5,bb46deba3056d9a8af1ee7bbd8a7653fa084730b1f6000845a7813b08e9e4387
NIR_flux_tar3_vis10_aerRural_humdefault_sza70,SpectralFlux,NIR,Mid-Latitude Summer,Rural,default,10,,3,,70,0.70,1.10,10,10,RectangularBand,D:\HwaSimIR\HwaSim_IR\Bin\Config\Atmosphere\MODTRAN\raw\m1_nir_mwir_20260906\NIR_flux_tar3_vis10_aerRural_humdefault_sza70\NIR_flux_tar3_vis10_aerRural_humdefault_sza70.tp5,35c9f1964556fefbc6bffc08b36138f4a17f391fe42127d675a749b9cc2bb526
NIR_solar_tar3_vis23_aerRural_humdefault_sza20,DirectSolarIrradiance,NIR,Mid-Latitude Summer,Rural,default,23,,3,,20,0.70,1.10,10,10,RectangularBand,D:\HwaSimIR\HwaSim_IR\Bin\Config\Atmosphere\MODTRAN\raw\m1_nir_mwir_20260906\NIR_solar_tar3_vis23_aerRural_humdefault_sza20\NIR_solar_tar3_vis23_aerRural_humdefault_sza20.tp5,0f1fcf0ca88c6e58f60fc6eb119a0176b0b8793aae5921b3e23cfb9fd2a90d59
NIR_flux_tar3_vis23_aerRural_humdefault_sza20,SpectralFlux,NIR,Mid-Latitude Summer,Rural,default,23,,3,,20,0.70,1.10,10,10,RectangularBand,D:\HwaSimIR\HwaSim_IR\Bin\Config\Atmosphere\MODTRAN\raw\m1_nir_mwir_20260906\NIR_flux_tar3_vis23_aerRural_humdefault_sza20\NIR_flux_tar3_vis23_aerRural_humdefault_sza20.tp5,8171f91a630eb4fcfdc01ec167c693f8e600af90af4c3d9aaf6b0eb5d5d67fa4
NIR_solar_tar3_vis23_aerRural_humdefault_sza45,DirectSolarIrradiance,NIR,Mid-Latitude Summer,Rural,default,23,,3,,45,0.70,1.10,10,10,RectangularBand,D:\HwaSimIR\HwaSim_IR\Bin\Config\Atmosphere\MODTRAN\raw\m1_nir_mwir_20260906\NIR_solar_tar3_vis23_aerRural_humdefault_sza45\NIR_solar_tar3_vis23_aerRural_humdefault_sza45.tp5,b5bb611f3d3a212dd36b51b3c38090670d5bdc35e52f4fe94d5b52a10d4b1d65
NIR_flux_tar3_vis23_aerRural_humdefault_sza45,SpectralFlux,NIR,Mid-Latitude Summer,Rural,default,23,,3,,45,0.70,1.10,10,10,RectangularBand,D:\HwaSimIR\HwaSim_IR\Bin\Config\Atmosphere\MODTRAN\raw\m1_nir_mwir_20260906\NIR_flux_tar3_vis23_aerRural_humdefault_sza45\NIR_flux_tar3_vis23_aerRural_humdefault_sza45.tp5,1a267dc8475ba66fd74554520b0df9b76a50ea83a47c5e499df81a4df94ad69b
NIR_solar_tar3_vis23_aerRural_humdefault_sza70,DirectSolarIrradiance,NIR,Mid-Latitude Summer,Rural,default,23,,3,,70,0.70,1.10,10,10,RectangularBand,D:\HwaSimIR\HwaSim_IR\Bin\Config\Atmosphere\MODTRAN\raw\m1_nir_mwir_20260906\NIR_solar_tar3_vis23_aerRural_humdefault_sza70\NIR_solar_tar3_vis23_aerRural_humdefault_sza70.tp5,3d258a50bb8d33ca06be7356f30c9eec0aee50c57592cd63e84662bacb27d63d
NIR_flux_tar3_vis23_aerRural_humdefault_sza70,SpectralFlux,NIR,Mid-Latitude Summer,Rural,default,23,,3,,70,0.70,1.10,10,10,RectangularBand,D:\HwaSimIR\HwaSim_IR\Bin\Config\Atmosphere\MODTRAN\raw\m1_nir_mwir_20260906\NIR_flux_tar3_vis23_aerRural_humdefault_sza70\NIR_flux_tar3_vis23_aerRural_humdefault_sza70.tp5,ad498955ede9e69658d3536d4021a63bd13f5bbf425354dab3cf35bbe85f490b
NIR_solar_tar3_vis50_aerRural_humdefault_sza20,DirectSolarIrradiance,NIR,Mid-Latitude Summer,Rural,default,50,,3,,20,0.70,1.10,10,10,RectangularBand,D:\HwaSimIR\HwaSim_IR\Bin\Config\Atmosphere\MODTRAN\raw\m1_nir_mwir_20260906\NIR_solar_tar3_vis50_aerRural_humdefault_sza20\NIR_solar_tar3_vis50_aerRural_humdefault_sza20.tp5,6d40425531f87c9a25083097a95c1345d20efdaf93ac0f1aa42e5b6d8eb08b95
NIR_flux_tar3_vis50_aerRural_humdefault_sza20,SpectralFlux,NIR,Mid-Latitude Summer,Rural,default,50,,3,,20,0.70,1.10,10,10,RectangularBand,D:\HwaSimIR\HwaSim_IR\Bin\Config\Atmosphere\MODTRAN\raw\m1_nir_mwir_20260906\NIR_flux_tar3_vis50_aerRural_humdefault_sza20\NIR_flux_tar3_vis50_aerRural_humdefault_sza20.tp5,e9f64f0c09647b6d09f59537e43f0d07b9c3a48d4438363f7809045d546cbb68
NIR_solar_tar3_vis50_aerRural_humdefault_sza45,DirectSolarIrradiance,NIR,Mid-Latitude Summer,Rural,default,50,,3,,45,0.70,1.10,10,10,RectangularBand,D:\HwaSimIR\HwaSim_IR\Bin\Config\Atmosphere\MODTRAN\raw\m1_nir_mwir_20260906\NIR_solar_tar3_vis50_aerRural_humdefault_sza45\NIR_solar_tar3_vis50_aerRural_humdefault_sza45.tp5,c434bc70f28030307453d187ead251178008d1b67a4b8ffc5c30957fd31b6e74
NIR_flux_tar3_vis50_aerRural_humdefault_sza45,SpectralFlux,NIR,Mid-Latitude Summer,Rural,default,50,,3,,45,0.70,1.10,10,10,RectangularBand,D:\HwaSimIR\HwaSim_IR\Bin\Config\Atmosphere\MODTRAN\raw\m1_nir_mwir_20260906\NIR_flux_tar3_vis50_aerRural_humdefault_sza45\NIR_flux_tar3_vis50_aerRural_humdefault_sza45.tp5,44029826478816f12040ca65a6c795e8a3ef420d3746117622710b9ede7ef798
NIR_solar_tar3_vis50_aerRural_humdefault_sza70,DirectSolarIrradiance,NIR,Mid-Latitude Summer,Rural,default,50,,3,,70,0.70,1.10,10,10,RectangularBand,D:\HwaSimIR\HwaSim_IR\Bin\Config\Atmosphere\MODTRAN\raw\m1_nir_mwir_20260906\NIR_solar_tar3_vis50_aerRural_humdefault_sza70\NIR_solar_tar3_vis50_aerRural_humdefault_sza70.tp5,320b1559b36188b082773dbc948ef0503c69ea2dfa6de884dd8f779f9788cf2e
NIR_flux_tar3_vis50_aerRural_humdefault_sza70,SpectralFlux,NIR,Mid-Latitude Summer,Rural,default,50,,3,,70,0.70,1.10,10,10,RectangularBand,D:\HwaSimIR\HwaSim_IR\Bin\Config\Atmosphere\MODTRAN\raw\m1_nir_mwir_20260906\NIR_flux_tar3_vis50_aerRural_humdefault_sza70\NIR_flux_tar3_vis50_aerRural_humdefault_sza70.tp5,ce1a0ee94ed509f1640847ed6bdd8d50db039d4c4b92daa85cbd7aa7723a2321
NIR_solar_tar5_vis2_aerRural_humdefault_sza20,DirectSolarIrradiance,NIR,Mid-Latitude Summer,Rural,default,2,,5,,20,0.70,1.10,10,10,RectangularBand,D:\HwaSimIR\HwaSim_IR\Bin\Config\Atmosphere\MODTRAN\raw\m1_nir_mwir_20260906\NIR_solar_tar5_vis2_aerRural_humdefault_sza20\NIR_solar_tar5_vis2_aerRural_humdefault_sza20.tp5,091d7b76f517fd112697dd28dfa6978a3095b2acc5ea883ac34462edcd240602
NIR_flux_tar5_vis2_aerRural_humdefault_sza20,SpectralFlux,NIR,Mid-Latitude Summer,Rural,default,2,,5,,20,0.70,1.10,10,10,RectangularBand,D:\HwaSimIR\HwaSim_IR\Bin\Config\Atmosphere\MODTRAN\raw\m1_nir_mwir_20260906\NIR_flux_tar5_vis2_aerRural_humdefault_sza20\NIR_flux_tar5_vis2_aerRural_humdefault_sza20.tp5,0b57f6d4fec5b7399c51baa12ffb3a9285b72900fd40fd4b1fbc8694cc7f08b8
NIR_solar_tar5_vis2_aerRural_humdefault_sza45,DirectSolarIrradiance,NIR,Mid-Latitude Summer,Rural,default,2,,5,,45,0.70,1.10,10,10,RectangularBand,D:\HwaSimIR\HwaSim_IR\Bin\Config\Atmosphere\MODTRAN\raw\m1_nir_mwir_20260906\NIR_solar_tar5_vis2_aerRural_humdefault_sza45\NIR_solar_tar5_vis2_aerRural_humdefault_sza45.tp5,b17d3ca52b27fd4026a02b520ed18ca2de3b3d86b62aed3ce66374b8b757662c
NIR_flux_tar5_vis2_aerRural_humdefault_sza45,SpectralFlux,NIR,Mid-Latitude Summer,Rural,default,2,,5,,45,0.70,1.10,10,10,RectangularBand,D:\HwaSimIR\HwaSim_IR\Bin\Config\Atmosphere\MODTRAN\raw\m1_nir_mwir_20260906\NIR_flux_tar5_vis2_aerRural_humdefault_sza45\NIR_flux_tar5_vis2_aerRural_humdefault_sza45.tp5,9f64f53feaebadfe53118f7299a41e3fc4831a8b091cb70e7bb56e7d6825d473
NIR_solar_tar5_vis2_aerRural_humdefault_sza70,DirectSolarIrradiance,NIR,Mid-Latitude Summer,Rural,default,2,,5,,70,0.70,1.10,10,10,RectangularBand,D:\HwaSimIR\HwaSim_IR\Bin\Config\Atmosphere\MODTRAN\raw\m1_nir_mwir_20260906\NIR_solar_tar5_vis2_aerRural_humdefault_sza70\NIR_solar_tar5_vis2_aerRural_humdefault_sza70.tp5,f16f87b80b38682fbade3172e66d53547460b853ad1f5d4a0dbc30392e848bc2
NIR_flux_tar5_vis2_aerRural_humdefault_sza70,SpectralFlux,NIR,Mid-Latitude Summer,Rural,default,2,,5,,70,0.70,1.10,10,10,RectangularBand,D:\HwaSimIR\HwaSim_IR\Bin\Config\Atmosphere\MODTRAN\raw\m1_nir_mwir_20260906\NIR_flux_tar5_vis2_aerRural_humdefault_sza70\NIR_flux_tar5_vis2_aerRural_humdefault_sza70.tp5,b6c8ae6f712d357a371acea912f67ef06dfd5215431011cf78dda1a91745caf2
NIR_solar_tar5_vis5_aerRural_humdefault_sza20,DirectSolarIrradiance,NIR,Mid-Latitude Summer,Rural,default,5,,5,,20,0.70,1.10,10,10,RectangularBand,D:\HwaSimIR\HwaSim_IR\Bin\Config\Atmosphere\MODTRAN\raw\m1_nir_mwir_20260906\NIR_solar_tar5_vis5_aerRural_humdefault_sza20\NIR_solar_tar5_vis5_aerRural_humdefault_sza20.tp5,5a5df6a9d6a170fe2ad7437a183f15243c0e4eeb4bb908ca75c46ea759b56b19
NIR_flux_tar5_vis5_aerRural_humdefault_sza20,SpectralFlux,NIR,Mid-Latitude Summer,Rural,default,5,,5,,20,0.70,1.10,10,10,RectangularBand,D:\HwaSimIR\HwaSim_IR\Bin\Config\Atmosphere\MODTRAN\raw\m1_nir_mwir_20260906\NIR_flux_tar5_vis5_aerRural_humdefault_sza20\NIR_flux_tar5_vis5_aerRural_humdefault_sza20.tp5,4622aa29c00e786c594384c39550215a62fda9b96ae85d691391d3ebaca6d193
NIR_solar_tar5_vis5_aerRural_humdefault_sza45,DirectSolarIrradiance,NIR,Mid-Latitude Summer,Rural,default,5,,5,,45,0.70,1.10,10,10,RectangularBand,D:\HwaSimIR\HwaSim_IR\Bin\Config\Atmosphere\MODTRAN\raw\m1_nir_mwir_20260906\NIR_solar_tar5_vis5_aerRural_humdefault_sza45\NIR_solar_tar5_vis5_aerRural_humdefault_sza45.tp5,7a01abce613137945857ffb649af4c5318ef0a0b704a6e335baede45ef98be74
NIR_flux_tar5_vis5_aerRural_humdefault_sza45,SpectralFlux,NIR,Mid-Latitude Summer,Rural,default,5,,5,,45,0.70,1.10,10,10,RectangularBand,D:\HwaSimIR\HwaSim_IR\Bin\Config\Atmosphere\MODTRAN\raw\m1_nir_mwir_20260906\NIR_flux_tar5_vis5_aerRural_humdefault_sza45\NIR_flux_tar5_vis5_aerRural_humdefault_sza45.tp5,98fcb6d5f6a2a8b1459ff05b58ac0ae17d89bb9f1f4800c46d34e1fc6608717f
NIR_solar_tar5_vis5_aerRural_humdefault_sza70,DirectSolarIrradiance,NIR,Mid-Latitude Summer,Rural,default,5,,5,,70,0.70,1.10,10,10,RectangularBand,D:\HwaSimIR\HwaSim_IR\Bin\Config\Atmosphere\MODTRAN\raw\m1_nir_mwir_20260906\NIR_solar_tar5_vis5_aerRural_humdefault_sza70\NIR_solar_tar5_vis5_aerRural_humdefault_sza70.tp5,7769e2566444139357f8a8ad2d3d77ac2f5558f4daa135d97c6976d6c6699a1f
NIR_flux_tar5_vis5_aerRural_humdefault_sza70,SpectralFlux,NIR,Mid-Latitude Summer,Rural,default,5,,5,,70,0.70,1.10,10,10,RectangularBand,D:\HwaSimIR\HwaSim_IR\Bin\Config\Atmosphere\MODTRAN\raw\m1_nir_mwir_20260906\NIR_flux_tar5_vis5_aerRural_humdefault_sza70\NIR_flux_tar5_vis5_aerRural_humdefault_sza70.tp5,9494bd58cd3598ac3c25d944c90fd1e30f4c28af3efbec0d6dd1a2e54f7dbba0
NIR_solar_tar5_vis10_aerRural_humdefault_sza20,DirectSolarIrradiance,NIR,Mid-Latitude Summer,Rural,default,10,,5,,20,0.70,1.10,10,10,RectangularBand,D:\HwaSimIR\HwaSim_IR\Bin\Config\Atmosphere\MODTRAN\raw\m1_nir_mwir_20260906\NIR_solar_tar5_vis10_aerRural_humdefault_sza20\NIR_solar_tar5_vis10_aerRural_humdefault_sza20.tp5,765fa9db0f3f2abc252c30c369e0a352001990494e6bec7162cfcac2fc5d7b0b
NIR_flux_tar5_vis10_aerRural_humdefault_sza20,SpectralFlux,NIR,Mid-Latitude Summer,Rural,default,10,,5,,20,0.70,1.10,10,10,RectangularBand,D:\HwaSimIR\HwaSim_IR\Bin\Config\Atmosphere\MODTRAN\raw\m1_nir_mwir_20260906\NIR_flux_tar5_vis10_aerRural_humdefault_sza20\NIR_flux_tar5_vis10_aerRural_humdefault_sza20.tp5,85f777545c360cea9e6452b31adb3c36042122e263335bb148a858e0a24a60b1
NIR_solar_tar5_vis10_aerRural_humdefault_sza45,DirectSolarIrradiance,NIR,Mid-Latitude Summer,Rural,default,10,,5,,45,0.70,1.10,10,10,RectangularBand,D:\HwaSimIR\HwaSim_IR\Bin\Config\Atmosphere\MODTRAN\raw\m1_nir_mwir_20260906\NIR_solar_tar5_vis10_aerRural_humdefault_sza45\NIR_solar_tar5_vis10_aerRural_humdefault_sza45.tp5,c540b01b650caa9fd972606b1a358aabe2c30bab7324c9431c2b461a1db67eb5
NIR_flux_tar5_vis10_aerRural_humdefault_sza45,SpectralFlux,NIR,Mid-Latitude Summer,Rural,default,10,,5,,45,0.70,1.10,10,10,RectangularBand,D:\HwaSimIR\HwaSim_IR\Bin\Config\Atmosphere\MODTRAN\raw\m1_nir_mwir_20260906\NIR_flux_tar5_vis10_aerRural_humdefault_sza45\NIR_flux_tar5_vis10_aerRural_humdefault_sza45.tp5,9f11072046831198747f4ecc5bb620ac29ce4796834de39d34acf8f4bdf7f64d
NIR_solar_tar5_vis10_aerRural_humdefault_sza70,DirectSolarIrradiance,NIR,Mid-Latitude Summer,Rural,default,10,,5,,70,0.70,1.10,10,10,RectangularBand,D:\HwaSimIR\HwaSim_IR\Bin\Config\Atmosphere\MODTRAN\raw\m1_nir_mwir_20260906\NIR_solar_tar5_vis10_aerRural_humdefault_sza70\NIR_solar_tar5_vis10_aerRural_humdefault_sza70.tp5,3d258530b28754d93e1237d3c9b0192955bb84f522bdbdfe03c0378425f3cd02
NIR_flux_tar5_vis10_aerRural_humdefault_sza70,SpectralFlux,NIR,Mid-Latitude Summer,Rural,default,10,,5,,70,0.70,1.10,10,10,RectangularBand,D:\HwaSimIR\HwaSim_IR\Bin\Config\Atmosphere\MODTRAN\raw\m1_nir_mwir_20260906\NIR_flux_tar5_vis10_aerRural_humdefault_sza70\NIR_flux_tar5_vis10_aerRural_humdefault_sza70.tp5,3704df0ea1368e3d628155cd9e7b1f6005440f8bb85885432ba517af5bc86489
NIR_solar_tar5_vis23_aerRural_humdefault_sza20,DirectSolarIrradiance,NIR,Mid-Latitude Summer,Rural,default,23,,5,,20,0.70,1.10,10,10,RectangularBand,D:\HwaSimIR\HwaSim_IR\Bin\Config\Atmosphere\MODTRAN\raw\m1_nir_mwir_20260906\NIR_solar_tar5_vis23_aerRural_humdefault_sza20\NIR_solar_tar5_vis23_aerRural_humdefault_sza20.tp5,09e5b723d1459ce5062aa63ffdba67632b05b0a5e0295208c41e1c384924310d
NIR_flux_tar5_vis23_aerRural_humdefault_sza20,SpectralFlux,NIR,Mid-Latitude Summer,Rural,default,23,,5,,20,0.70,1.10,10,10,RectangularBand,D:\HwaSimIR\HwaSim_IR\Bin\Config\Atmosphere\MODTRAN\raw\m1_nir_mwir_20260906\NIR_flux_tar5_vis23_aerRural_humdefault_sza20\NIR_flux_tar5_vis23_aerRural_humdefault_sza20.tp5,db30f5c84ac2348f79f761c74d8f2fe14f171ebb68343f3017a8a7691c6c1abd
NIR_solar_tar5_vis23_aerRural_humdefault_sza45,DirectSolarIrradiance,NIR,Mid-Latitude Summer,Rural,default,23,,5,,45,0.70,1.10,10,10,RectangularBand,D:\HwaSimIR\HwaSim_IR\Bin\Config\Atmosphere\MODTRAN\raw\m1_nir_mwir_20260906\NIR_solar_tar5_vis23_aerRural_humdefault_sza45\NIR_solar_tar5_vis23_aerRural_humdefault_sza45.tp5,2a21a245ffca886de2d54bd871cbf9004e49080ceef240f8f638a3dfe06008e9
NIR_flux_tar5_vis23_aerRural_humdefault_sza45,SpectralFlux,NIR,Mid-Latitude Summer,Rural,default,23,,5,,45,0.70,1.10,10,10,RectangularBand,D:\HwaSimIR\HwaSim_IR\Bin\Config\Atmosphere\MODTRAN\raw\m1_nir_mwir_20260906\NIR_flux_tar5_vis23_aerRural_humdefault_sza45\NIR_flux_tar5_vis23_aerRural_humdefault_sza45.tp5,dd8d747d75f2c5856e7c85861de6634aafd4e4aa2860eaaf6c4b37322d9eaa15
NIR_solar_tar5_vis23_aerRural_humdefault_sza70,DirectSolarIrradiance,NIR,Mid-Latitude Summer,Rural,default,23,,5,,70,0.70,1.10,10,10,RectangularBand,D:\HwaSimIR\HwaSim_IR\Bin\Config\Atmosphere\MODTRAN\raw\m1_nir_mwir_20260906\NIR_solar_tar5_vis23_aerRural_humdefault_sza70\NIR_solar_tar5_vis23_aerRural_humdefault_sza70.tp5,fd7953af02fd2f90a58dbdb41bdc22c0e0b7dbf15a2f412b8466dda555cb8170
NIR_flux_tar5_vis23_aerRural_humdefault_sza70,SpectralFlux,NIR,Mid-Latitude Summer,Rural,default,23,,5,,70,0.70,1.10,10,10,RectangularBand,D:\HwaSimIR\HwaSim_IR\Bin\Config\Atmosphere\MODTRAN\raw\m1_nir_mwir_20260906\NIR_flux_tar5_vis23_aerRural_humdefault_sza70\NIR_flux_tar5_vis23_aerRural_humdefault_sza70.tp5,6b666202a3aa99885fef9748a7c3753712828bc05ded3d3d23a2c22aedd616fe
NIR_solar_tar5_vis50_aerRural_humdefault_sza20,DirectSolarIrradiance,NIR,Mid-Latitude Summer,Rural,default,50,,5,,20,0.70,1.10,10,10,RectangularBand,D:\HwaSimIR\HwaSim_IR\Bin\Config\Atmosphere\MODTRAN\raw\m1_nir_mwir_20260906\NIR_solar_tar5_vis50_aerRural_humdefault_sza20\NIR_solar_tar5_vis50_aerRural_humdefault_sza20.tp5,bd2c8e8785d1e019854b2e0d6ff61afa7da4aeb5aeec31e3c0c9d58f43d1df59
NIR_flux_tar5_vis50_aerRural_humdefault_sza20,SpectralFlux,NIR,Mid-Latitude Summer,Rural,default,50,,5,,20,0.70,1.10,10,10,RectangularBand,D:\HwaSimIR\HwaSim_IR\Bin\Config\Atmosphere\MODTRAN\raw\m1_nir_mwir_20260906\NIR_flux_tar5_vis50_aerRural_humdefault_sza20\NIR_flux_tar5_vis50_aerRural_humdefault_sza20.tp5,80d82bc4f87d8f15bbc8aa52cffcd6fc4468d06c78190633b513fbdd41683de1
NIR_solar_tar5_vis50_aerRural_humdefault_sza45,DirectSolarIrradiance,NIR,Mid-Latitude Summer,Rural,default,50,,5,,45,0.70,1.10,10,10,RectangularBand,D:\HwaSimIR\HwaSim_IR\Bin\Config\Atmosphere\MODTRAN\raw\m1_nir_mwir_20260906\NIR_solar_tar5_vis50_aerRural_humdefault_sza45\NIR_solar_tar5_vis50_aerRural_humdefault_sza45.tp5,1a7ac01502c950bcba8c2e28fd64c24dc8a237e14843eadb8b993d753faa2bcb
NIR_flux_tar5_vis50_aerRural_humdefault_sza45,SpectralFlux,NIR,Mid-Latitude Summer,Rural,default,50,,5,,45,0.70,1.10,10,10,RectangularBand,D:\HwaSimIR\HwaSim_IR\Bin\Config\Atmosphere\MODTRAN\raw\m1_nir_mwir_20260906\NIR_flux_tar5_vis50_aerRural_humdefault_sza45\NIR_flux_tar5_vis50_aerRural_humdefault_sza45.tp5,2eeb5b884ba4e0b04de26ab742505ee49cd2b1e82e631adf298e7a8a9e61aaf9
NIR_solar_tar5_vis50_aerRural_humdefault_sza70,DirectSolarIrradiance,NIR,Mid-Latitude Summer,Rural,default,50,,5,,70,0.70,1.10,10,10,RectangularBand,D:\HwaSimIR\HwaSim_IR\Bin\Config\Atmosphere\MODTRAN\raw\m1_nir_mwir_20260906\NIR_solar_tar5_vis50_aerRural_humdefault_sza70\NIR_solar_tar5_vis50_aerRural_humdefault_sza70.tp5,cb5ede401affc5296fcaf9f8a5d9d5a00a1f6a83044220e40053bca56f70208b
NIR_flux_tar5_vis50_aerRural_humdefault_sza70,SpectralFlux,NIR,Mid-Latitude Summer,Rural,default,50,,5,,70,0.70,1.10,10,10,RectangularBand,D:\HwaSimIR\HwaSim_IR\Bin\Config\Atmosphere\MODTRAN\raw\m1_nir_mwir_20260906\NIR_flux_tar5_vis50_aerRural_humdefault_sza70\NIR_flux_tar5_vis50_aerRural_humdefault_sza70.tp5,346a2fa76cc1fffeafe3e28b8f837a4eaffca223bec531a77e6a21d9603cba3c
NIR_solar_tar10_vis2_aerRural_humdefault_sza20,DirectSolarIrradiance,NIR,Mid-Latitude Summer,Rural,default,2,,10,,20,0.70,1.10,10,10,RectangularBand,D:\HwaSimIR\HwaSim_IR\Bin\Config\Atmosphere\MODTRAN\raw\m1_nir_mwir_20260906\NIR_solar_tar10_vis2_aerRural_humdefault_sza20\NIR_solar_tar10_vis2_aerRural_humdefault_sza20.tp5,fb8f56199b5a831fe0b88b8554c10c7bcdfccddc0d1d14e78ad46b1902814bf5
NIR_flux_tar10_vis2_aerRural_humdefault_sza20,SpectralFlux,NIR,Mid-Latitude Summer,Rural,default,2,,10,,20,0.70,1.10,10,10,RectangularBand,D:\HwaSimIR\HwaSim_IR\Bin\Config\Atmosphere\MODTRAN\raw\m1_nir_mwir_20260906\NIR_flux_tar10_vis2_aerRural_humdefault_sza20\NIR_flux_tar10_vis2_aerRural_humdefault_sza20.tp5,da1990f63a3bce59756b38d6e249f10c92e15376cd4d92f539a973c614a06c99
NIR_solar_tar10_vis2_aerRural_humdefault_sza45,DirectSolarIrradiance,NIR,Mid-Latitude Summer,Rural,default,2,,10,,45,0.70,1.10,10,10,RectangularBand,D:\HwaSimIR\HwaSim_IR\Bin\Config\Atmosphere\MODTRAN\raw\m1_nir_mwir_20260906\NIR_solar_tar10_vis2_aerRural_humdefault_sza45\NIR_solar_tar10_vis2_aerRural_humdefault_sza45.tp5,b12cf2983917cb67b16c5df6798372444dfd23c7f74cc3957a374e3abe846789
NIR_flux_tar10_vis2_aerRural_humdefault_sza45,SpectralFlux,NIR,Mid-Latitude Summer,Rural,default,2,,10,,45,0.70,1.10,10,10,RectangularBand,D:\HwaSimIR\HwaSim_IR\Bin\Config\Atmosphere\MODTRAN\raw\m1_nir_mwir_20260906\NIR_flux_tar10_vis2_aerRural_humdefault_sza45\NIR_flux_tar10_vis2_aerRural_humdefault_sza45.tp5,d851cc95d8c29615acfa53271847ec9b4875c5c6bdd0925d275b9a945c713cdb
NIR_solar_tar10_vis2_aerRural_humdefault_sza70,DirectSolarIrradiance,NIR,Mid-Latitude Summer,Rural,default,2,,10,,70,0.70,1.10,10,10,RectangularBand,D:\HwaSimIR\HwaSim_IR\Bin\Config\Atmosphere\MODTRAN\raw\m1_nir_mwir_20260906\NIR_solar_tar10_vis2_aerRural_humdefault_sza70\NIR_solar_tar10_vis2_aerRural_humdefault_sza70.tp5,3fb949d1c14f914445eccd6118462611c3753cd68356fb4f41f4c6b1869f80b7
NIR_flux_tar10_vis2_aerRural_humdefault_sza70,SpectralFlux,NIR,Mid-Latitude Summer,Rural,default,2,,10,,70,0.70,1.10,10,10,RectangularBand,D:\HwaSimIR\HwaSim_IR\Bin\Config\Atmosphere\MODTRAN\raw\m1_nir_mwir_20260906\NIR_flux_tar10_vis2_aerRural_humdefault_sza70\NIR_flux_tar10_vis2_aerRural_humdefault_sza70.tp5,269eaa1177065ad85633fb835fb8dadb1ffd72c3493995a3f77c7054d53c7c49
NIR_solar_tar10_vis5_aerRural_humdefault_sza20,DirectSolarIrradiance,NIR,Mid-Latitude Summer,Rural,default,5,,10,,20,0.70,1.10,10,10,RectangularBand,D:\HwaSimIR\HwaSim_IR\Bin\Config\Atmosphere\MODTRAN\raw\m1_nir_mwir_20260906\NIR_solar_tar10_vis5_aerRural_humdefault_sza20\NIR_solar_tar10_vis5_aerRural_humdefault_sza20.tp5,ee23af9d1c244197a1815a60e2a6cd4671a41ea17cea6a8cb972314c9ded34e1
NIR_flux_tar10_vis5_aerRural_humdefault_sza20,SpectralFlux,NIR,Mid-Latitude Summer,Rural,default,5,,10,,20,0.70,1.10,10,10,RectangularBand,D:\HwaSimIR\HwaSim_IR\Bin\Config\Atmosphere\MODTRAN\raw\m1_nir_mwir_20260906\NIR_flux_tar10_vis5_aerRural_humdefault_sza20\NIR_flux_tar10_vis5_aerRural_humdefault_sza20.tp5,fe9780ee4f0102be717ca7ba2c827f9059fcc28f24b4d636117ceb5026d53be0
NIR_solar_tar10_vis5_aerRural_humdefault_sza45,DirectSolarIrradiance,NIR,Mid-Latitude Summer,Rural,default,5,,10,,45,0.70,1.10,10,10,RectangularBand,D:\HwaSimIR\HwaSim_IR\Bin\Config\Atmosphere\MODTRAN\raw\m1_nir_mwir_20260906\NIR_solar_tar10_vis5_aerRural_humdefault_sza45\NIR_solar_tar10_vis5_aerRural_humdefault_sza45.tp5,352cd122fd0a367127fd002599f28363cdeb369031bc1fbad291ea00002b6d72
NIR_flux_tar10_vis5_aerRural_humdefault_sza45,SpectralFlux,NIR,Mid-Latitude Summer,Rural,default,5,,10,,45,0.70,1.10,10,10,RectangularBand,D:\HwaSimIR\HwaSim_IR\Bin\Config\Atmosphere\MODTRAN\raw\m1_nir_mwir_20260906\NIR_flux_tar10_vis5_aerRural_humdefault_sza45\NIR_flux_tar10_vis5_aerRural_humdefault_sza45.tp5,b330025f10eb809d7150859b0ed48c339ff20fe897f2e18f6648f63f19149430
NIR_solar_tar10_vis5_aerRural_humdefault_sza70,DirectSolarIrradiance,NIR,Mid-Latitude Summer,Rural,default,5,,10,,70,0.70,1.10,10,10,RectangularBand,D:\HwaSimIR\HwaSim_IR\Bin\Config\Atmosphere\MODTRAN\raw\m1_nir_mwir_20260906\NIR_solar_tar10_vis5_aerRural_humdefault_sza70\NIR_solar_tar10_vis5_aerRural_humdefault_sza70.tp5,de513c164f97cb2d810ab9d707dcb47260ffe4a7f888854dfd19e951438a6994
NIR_flux_tar10_vis5_aerRural_humdefault_sza70,SpectralFlux,NIR,Mid-Latitude Summer,Rural,default,5,,10,,70,0.70,1.10,10,10,RectangularBand,D:\HwaSimIR\HwaSim_IR\Bin\Config\Atmosphere\MODTRAN\raw\m1_nir_mwir_20260906\NIR_flux_tar10_vis5_aerRural_humdefault_sza70\NIR_flux_tar10_vis5_aerRural_humdefault_sza70.tp5,8e9cb32696f47cd3a8a3a24383e6167653afe9724c268cbfda21d97c2c6cb377
NIR_solar_tar10_vis10_aerRural_humdefault_sza20,DirectSolarIrradiance,NIR,Mid-Latitude Summer,Rural,default,10,,10,,20,0.70,1.10,10,10,RectangularBand,D:\HwaSimIR\HwaSim_IR\Bin\Config\Atmosphere\MODTRAN\raw\m1_nir_mwir_20260906\NIR_solar_tar10_vis10_aerRural_humdefault_sza20\NIR_solar_tar10_vis10_aerRural_humdefault_sza20.tp5,aacab8f05ce305f89fd569db6dee8edd3f2c51814449c4a8243322aa133c0bf4
NIR_flux_tar10_vis10_aerRural_humdefault_sza20,SpectralFlux,NIR,Mid-Latitude Summer,Rural,default,10,,10,,20,0.70,1.10,10,10,RectangularBand,D:\HwaSimIR\HwaSim_IR\Bin\Config\Atmosphere\MODTRAN\raw\m1_nir_mwir_20260906\NIR_flux_tar10_vis10_aerRural_humdefault_sza20\NIR_flux_tar10_vis10_aerRural_humdefault_sza20.tp5,62cc81f6715fea5c8d0272e83ace3f51d928e3c85d9c721d2e6882e3ae9e2b87
NIR_solar_tar10_vis10_aerRural_humdefault_sza45,DirectSolarIrradiance,NIR,Mid-Latitude Summer,Rural,default,10,,10,,45,0.70,1.10,10,10,RectangularBand,D:\HwaSimIR\HwaSim_IR\Bin\Config\Atmosphere\MODTRAN\raw\m1_nir_mwir_20260906\NIR_solar_tar10_vis10_aerRural_humdefault_sza45\NIR_solar_tar10_vis10_aerRural_humdefault_sza45.tp5,030bdac5fad301200da330b15898d3d86d612a4e45e729d91fa4980c1a30de62
NIR_flux_tar10_vis10_aerRural_humdefault_sza45,SpectralFlux,NIR,Mid-Latitude Summer,Rural,default,10,,10,,45,0.70,1.10,10,10,RectangularBand,D:\HwaSimIR\HwaSim_IR\Bin\Config\Atmosphere\MODTRAN\raw\m1_nir_mwir_20260906\NIR_flux_tar10_vis10_aerRural_humdefault_sza45\NIR_flux_tar10_vis10_aerRural_humdefault_sza45.tp5,47ce7a9cd86b3d8f235f6aee56e216c25b4729339e2395ebeeeebad12d7515d5
NIR_solar_tar10_vis10_aerRural_humdefault_sza70,DirectSolarIrradiance,NIR,Mid-Latitude Summer,Rural,default,10,,10,,70,0.70,1.10,10,10,RectangularBand,D:\HwaSimIR\HwaSim_IR\Bin\Config\Atmosphere\MODTRAN\raw\m1_nir_mwir_20260906\NIR_solar_tar10_vis10_aerRural_humdefault_sza70\NIR_solar_tar10_vis10_aerRural_humdefault_sza70.tp5,56abd1ade780cb1801c2d946c494a9734db08c4615359c99a405c97093194fda
NIR_flux_tar10_vis10_aerRural_humdefault_sza70,SpectralFlux,NIR,Mid-Latitude Summer,Rural,default,10,,10,,70,0.70,1.10,10,10,RectangularBand,D:\HwaSimIR\HwaSim_IR\Bin\Config\Atmosphere\MODTRAN\raw\m1_nir_mwir_20260906\NIR_flux_tar10_vis10_aerRural_humdefault_sza70\NIR_flux_tar10_vis10_aerRural_humdefault_sza70.tp5,2b3713739fd113ac642b040a07d036d04db921313bac4ee6b533c37f6d177e7d
NIR_solar_tar10_vis23_aerRural_humdefault_sza20,DirectSolarIrradiance,NIR,Mid-Latitude Summer,Rural,default,23,,10,,20,0.70,1.10,10,10,RectangularBand,D:\HwaSimIR\HwaSim_IR\Bin\Config\Atmosphere\MODTRAN\raw\m1_nir_mwir_20260906\NIR_solar_tar10_vis23_aerRural_humdefault_sza20\NIR_solar_tar10_vis23_aerRural_humdefault_sza20.tp5,ca92bac17d101b1831249223b62bdde7fe2ccb0e44ffd54a8dac1e53ce91652e
NIR_flux_tar10_vis23_aerRural_humdefault_sza20,SpectralFlux,NIR,Mid-Latitude Summer,Rural,default,23,,10,,20,0.70,1.10,10,10,RectangularBand,D:\HwaSimIR\HwaSim_IR\Bin\Config\Atmosphere\MODTRAN\raw\m1_nir_mwir_20260906\NIR_flux_tar10_vis23_aerRural_humdefault_sza20\NIR_flux_tar10_vis23_aerRural_humdefault_sza20.tp5,a65b7efaf06026e426aa26dce8f397d028c3bf975690ac743a244e0090020eda
NIR_solar_tar10_vis23_aerRural_humdefault_sza45,DirectSolarIrradiance,NIR,Mid-Latitude Summer,Rural,default,23,,10,,45,0.70,1.10,10,10,RectangularBand,D:\HwaSimIR\HwaSim_IR\Bin\Config\Atmosphere\MODTRAN\raw\m1_nir_mwir_20260906\NIR_solar_tar10_vis23_aerRural_humdefault_sza45\NIR_solar_tar10_vis23_aerRural_humdefault_sza45.tp5,9351d0b324d1593fbefe586e9055ceb42eb4367116eeb63d4908fdf0b92083c6
NIR_flux_tar10_vis23_aerRural_humdefault_sza45,SpectralFlux,NIR,Mid-Latitude Summer,Rural,default,23,,10,,45,0.70,1.10,10,10,RectangularBand,D:\HwaSimIR\HwaSim_IR\Bin\Config\Atmosphere\MODTRAN\raw\m1_nir_mwir_20260906\NIR_flux_tar10_vis23_aerRural_humdefault_sza45\NIR_flux_tar10_vis23_aerRural_humdefault_sza45.tp5,dedceff3e6a352321fa9b4d80e4708bea809d961381cd66c7894b54af005d32b
NIR_solar_tar10_vis23_aerRural_humdefault_sza70,DirectSolarIrradiance,NIR,Mid-Latitude Summer,Rural,default,23,,10,,70,0.70,1.10,10,10,RectangularBand,D:\HwaSimIR\HwaSim_IR\Bin\Config\Atmosphere\MODTRAN\raw\m1_nir_mwir_20260906\NIR_solar_tar10_vis23_aerRural_humdefault_sza70\NIR_solar_tar10_vis23_aerRural_humdefault_sza70.tp5,3290717458e15ca9e149f8730c5db1fff05a32752bf15b77c3147e6e186b0bb1
NIR_flux_tar10_vis23_aerRural_humdefault_sza70,SpectralFlux,NIR,Mid-Latitude Summer,Rural,default,23,,10,,70,0.70,1.10,10,10,RectangularBand,D:\HwaSimIR\HwaSim_IR\Bin\Config\Atmosphere\MODTRAN\raw\m1_nir_mwir_20260906\NIR_flux_tar10_vis23_aerRural_humdefault_sza70\NIR_flux_tar10_vis23_aerRural_humdefault_sza70.tp5,321da96472f41c547dc1aca96c4e82b19e5dc89776d0715a914fa995cd0d2f47
NIR_solar_tar10_vis50_aerRural_humdefault_sza20,DirectSolarIrradiance,NIR,Mid-Latitude Summer,Rural,default,50,,10,,20,0.70,1.10,10,10,RectangularBand,D:\HwaSimIR\HwaSim_IR\Bin\Config\Atmosphere\MODTRAN\raw\m1_nir_mwir_20260906\NIR_solar_tar10_vis50_aerRural_humdefault_sza20\NIR_solar_tar10_vis50_aerRural_humdefault_sza20.tp5,5457bd72faadc1bdaaa837b340e583fa42fb06f39eb3a2b6906f1927dfbad981
NIR_flux_tar10_vis50_aerRural_humdefault_sza20,SpectralFlux,NIR,Mid-Latitude Summer,Rural,default,50,,10,,20,0.70,1.10,10,10,RectangularBand,D:\HwaSimIR\HwaSim_IR\Bin\Config\Atmosphere\MODTRAN\raw\m1_nir_mwir_20260906\NIR_flux_tar10_vis50_aerRural_humdefault_sza20\NIR_flux_tar10_vis50_aerRural_humdefault_sza20.tp5,07dc12a974f43955c7a562a0f70102b5593c95b5669f4b5ea9851f9aac0adccd
NIR_solar_tar10_vis50_aerRural_humdefault_sza45,DirectSolarIrradiance,NIR,Mid-Latitude Summer,Rural,default,50,,10,,45,0.70,1.10,10,10,RectangularBand,D:\HwaSimIR\HwaSim_IR\Bin\Config\Atmosphere\MODTRAN\raw\m1_nir_mwir_20260906\NIR_solar_tar10_vis50_aerRural_humdefault_sza45\NIR_solar_tar10_vis50_aerRural_humdefault_sza45.tp5,2910066a8c4c648a9208aadc076785bc012f6ff503c6dfb2bdce192c14589f7b
NIR_flux_tar10_vis50_aerRural_humdefault_sza45,SpectralFlux,NIR,Mid-Latitude Summer,Rural,default,50,,10,,45,0.70,1.10,10,10,RectangularBand,D:\HwaSimIR\HwaSim_IR\Bin\Config\Atmosphere\MODTRAN\raw\m1_nir_mwir_20260906\NIR_flux_tar10_vis50_aerRural_humdefault_sza45\NIR_flux_tar10_vis50_aerRural_humdefault_sza45.tp5,8d3a9526ef18bdb7ee63346999502bfd9262d53bb506ffeea208ca94cecb4292
NIR_solar_tar10_vis50_aerRural_humdefault_sza70,DirectSolarIrradiance,NIR,Mid-Latitude Summer,Rural,default,50,,10,,70,0.70,1.10,10,10,RectangularBand,D:\HwaSimIR\HwaSim_IR\Bin\Config\Atmosphere\MODTRAN\raw\m1_nir_mwir_20260906\NIR_solar_tar10_vis50_aerRural_humdefault_sza70\NIR_solar_tar10_vis50_aerRural_humdefault_sza70.tp5,7dfe30a607eb4cef17bb1966bb42683b29bf21eab954d83df8d690bb775b469d
NIR_flux_tar10_vis50_aerRural_humdefault_sza70,SpectralFlux,NIR,Mid-Latitude Summer,Rural,default,50,,10,,70,0.70,1.10,10,10,RectangularBand,D:\HwaSimIR\HwaSim_IR\Bin\Config\Atmosphere\MODTRAN\raw\m1_nir_mwir_20260906\NIR_flux_tar10_vis50_aerRural_humdefault_sza70\NIR_flux_tar10_vis50_aerRural_humdefault_sza70.tp5,c30151bfc328d54e8c84c5b496b501bbf6934fe9a52529fe34ec46a507bfbd79
NIR_solar_tar15_vis2_aerRural_humdefault_sza20,DirectSolarIrradiance,NIR,Mid-Latitude Summer,Rural,default,2,,15,,20,0.70,1.10,10,10,RectangularBand,D:\HwaSimIR\HwaSim_IR\Bin\Config\Atmosphere\MODTRAN\raw\m1_nir_mwir_20260906\NIR_solar_tar15_vis2_aerRural_humdefault_sza20\NIR_solar_tar15_vis2_aerRural_humdefault_sza20.tp5,4bc1a3b240b6f4bc9bce9f9d3e7f670e26c5756fcb1fa53b480b8c045d06ea00
NIR_flux_tar15_vis2_aerRural_humdefault_sza20,SpectralFlux,NIR,Mid-Latitude Summer,Rural,default,2,,15,,20,0.70,1.10,10,10,RectangularBand,D:\HwaSimIR\HwaSim_IR\Bin\Config\Atmosphere\MODTRAN\raw\m1_nir_mwir_20260906\NIR_flux_tar15_vis2_aerRural_humdefault_sza20\NIR_flux_tar15_vis2_aerRural_humdefault_sza20.tp5,ccb9043a90b5b00500bb59349705b3180e819ac4b665337d3d2b1cd0176aeebb
NIR_solar_tar15_vis2_aerRural_humdefault_sza45,DirectSolarIrradiance,NIR,Mid-Latitude Summer,Rural,default,2,,15,,45,0.70,1.10,10,10,RectangularBand,D:\HwaSimIR\HwaSim_IR\Bin\Config\Atmosphere\MODTRAN\raw\m1_nir_mwir_20260906\NIR_solar_tar15_vis2_aerRural_humdefault_sza45\NIR_solar_tar15_vis2_aerRural_humdefault_sza45.tp5,3edd00874bd991d3c73dbc4604e40afb38b33ba735e32f54076563c7192ccb48
NIR_flux_tar15_vis2_aerRural_humdefault_sza45,SpectralFlux,NIR,Mid-Latitude Summer,Rural,default,2,,15,,45,0.70,1.10,10,10,RectangularBand,D:\HwaSimIR\HwaSim_IR\Bin\Config\Atmosphere\MODTRAN\raw\m1_nir_mwir_20260906\NIR_flux_tar15_vis2_aerRural_humdefault_sza45\NIR_flux_tar15_vis2_aerRural_humdefault_sza45.tp5,04593b252f0dd9453bc620ce53e7e124b6c4ee874931be0f4d1392df32a8d8b3
NIR_solar_tar15_vis2_aerRural_humdefault_sza70,DirectSolarIrradiance,NIR,Mid-Latitude Summer,Rural,default,2,,15,,70,0.70,1.10,10,10,RectangularBand,D:\HwaSimIR\HwaSim_IR\Bin\Config\Atmosphere\MODTRAN\raw\m1_nir_mwir_20260906\NIR_solar_tar15_vis2_aerRural_humdefault_sza70\NIR_solar_tar15_vis2_aerRural_humdefault_sza70.tp5,db5f6b865759c66cb0b832803b8a1a78aa86bd45a5f0d4598daf23b9671db970
NIR_flux_tar15_vis2_aerRural_humdefault_sza70,SpectralFlux,NIR,Mid-Latitude Summer,Rural,default,2,,15,,70,0.70,1.10,10,10,RectangularBand,D:\HwaSimIR\HwaSim_IR\Bin\Config\Atmosphere\MODTRAN\raw\m1_nir_mwir_20260906\NIR_flux_tar15_vis2_aerRural_humdefault_sza70\NIR_flux_tar15_vis2_aerRural_humdefault_sza70.tp5,8ea0a1ea0e97f6c8a9738a40d3dc3fa8f7928549698699819358bf1532b6f7b0
NIR_solar_tar15_vis5_aerRural_humdefault_sza20,DirectSolarIrradiance,NIR,Mid-Latitude Summer,Rural,default,5,,15,,20,0.70,1.10,10,10,RectangularBand,D:\HwaSimIR\HwaSim_IR\Bin\Config\Atmosphere\MODTRAN\raw\m1_nir_mwir_20260906\NIR_solar_tar15_vis5_aerRural_humdefault_sza20\NIR_solar_tar15_vis5_aerRural_humdefault_sza20.tp5,4751083b751cb9b13c10c86ac7376434be4daa92fdfabb017b5ff4ce88fe0183
NIR_flux_tar15_vis5_aerRural_humdefault_sza20,SpectralFlux,NIR,Mid-Latitude Summer,Rural,default,5,,15,,20,0.70,1.10,10,10,RectangularBand,D:\HwaSimIR\HwaSim_IR\Bin\Config\Atmosphere\MODTRAN\raw\m1_nir_mwir_20260906\NIR_flux_tar15_vis5_aerRural_humdefault_sza20\NIR_flux_tar15_vis5_aerRural_humdefault_sza20.tp5,096db9a42e07e1b255cef41fc1234a2661cd6c379d954d772018306721193c4e
NIR_solar_tar15_vis5_aerRural_humdefault_sza45,DirectSolarIrradiance,NIR,Mid-Latitude Summer,Rural,default,5,,15,,45,0.70,1.10,10,10,RectangularBand,D:\HwaSimIR\HwaSim_IR\Bin\Config\Atmosphere\MODTRAN\raw\m1_nir_mwir_20260906\NIR_solar_tar15_vis5_aerRural_humdefault_sza45\NIR_solar_tar15_vis5_aerRural_humdefault_sza45.tp5,ccaee8a6a89beee6f6dfa62d732ad9bbf5d5cab7c26628c538a3be69015c55a2
NIR_flux_tar15_vis5_aerRural_humdefault_sza45,SpectralFlux,NIR,Mid-Latitude Summer,Rural,default,5,,15,,45,0.70,1.10,10,10,RectangularBand,D:\HwaSimIR\HwaSim_IR\Bin\Config\Atmosphere\MODTRAN\raw\m1_nir_mwir_20260906\NIR_flux_tar15_vis5_aerRural_humdefault_sza45\NIR_flux_tar15_vis5_aerRural_humdefault_sza45.tp5,3717cf06d25c4b5634371ad94e91f17110913c558de31a5d0bd7402748935c8d
NIR_solar_tar15_vis5_aerRural_humdefault_sza70,DirectSolarIrradiance,NIR,Mid-Latitude Summer,Rural,default,5,,15,,70,0.70,1.10,10,10,RectangularBand,D:\HwaSimIR\HwaSim_IR\Bin\Config\Atmosphere\MODTRAN\raw\m1_nir_mwir_20260906\NIR_solar_tar15_vis5_aerRural_humdefault_sza70\NIR_solar_tar15_vis5_aerRural_humdefault_sza70.tp5,6cca0fe9d47983b3cc8f711f8423970c953ee2184308a884a77371414d29d63a
NIR_flux_tar15_vis5_aerRural_humdefault_sza70,SpectralFlux,NIR,Mid-Latitude Summer,Rural,default,5,,15,,70,0.70,1.10,10,10,RectangularBand,D:\HwaSimIR\HwaSim_IR\Bin\Config\Atmosphere\MODTRAN\raw\m1_nir_mwir_20260906\NIR_flux_tar15_vis5_aerRural_humdefault_sza70\NIR_flux_tar15_vis5_aerRural_humdefault_sza70.tp5,993a4ce3ee96cec0bf44f5aaf52665e49c59a5fd00b09b72cf67714e20f5e945
NIR_solar_tar15_vis10_aerRural_humdefault_sza20,DirectSolarIrradiance,NIR,Mid-Latitude Summer,Rural,default,10,,15,,20,0.70,1.10,10,10,RectangularBand,D:\HwaSimIR\HwaSim_IR\Bin\Config\Atmosphere\MODTRAN\raw\m1_nir_mwir_20260906\NIR_solar_tar15_vis10_aerRural_humdefault_sza20\NIR_solar_tar15_vis10_aerRural_humdefault_sza20.tp5,e98d2377c89a5fac10a08a0e6554209c6c6a0fadd24669f30f7e68ebcbe17b6e
NIR_flux_tar15_vis10_aerRural_humdefault_sza20,SpectralFlux,NIR,Mid-Latitude Summer,Rural,default,10,,15,,20,0.70,1.10,10,10,RectangularBand,D:\HwaSimIR\HwaSim_IR\Bin\Config\Atmosphere\MODTRAN\raw\m1_nir_mwir_20260906\NIR_flux_tar15_vis10_aerRural_humdefault_sza20\NIR_flux_tar15_vis10_aerRural_humdefault_sza20.tp5,08f48d00543665c14ca4c847622a29f75ff7c31bd06c982b83ec57e172281c01
NIR_solar_tar15_vis10_aerRural_humdefault_sza45,DirectSolarIrradiance,NIR,Mid-Latitude Summer,Rural,default,10,,15,,45,0.70,1.10,10,10,RectangularBand,D:\HwaSimIR\HwaSim_IR\Bin\Config\Atmosphere\MODTRAN\raw\m1_nir_mwir_20260906\NIR_solar_tar15_vis10_aerRural_humdefault_sza45\NIR_solar_tar15_vis10_aerRural_humdefault_sza45.tp5,0abe0f059ea8c91f023246f7cad11e453c1b3a9fa0054c40aeaf8b77bfafb0eb
NIR_flux_tar15_vis10_aerRural_humdefault_sza45,SpectralFlux,NIR,Mid-Latitude Summer,Rural,default,10,,15,,45,0.70,1.10,10,10,RectangularBand,D:\HwaSimIR\HwaSim_IR\Bin\Config\Atmosphere\MODTRAN\raw\m1_nir_mwir_20260906\NIR_flux_tar15_vis10_aerRural_humdefault_sza45\NIR_flux_tar15_vis10_aerRural_humdefault_sza45.tp5,b9f1b8c62b3a5e700b1b6e8bb1e29eee32538162bbef16622bdc69b6edbd93f9
NIR_solar_tar15_vis10_aerRural_humdefault_sza70,DirectSolarIrradiance,NIR,Mid-Latitude Summer,Rural,default,10,,15,,70,0.70,1.10,10,10,RectangularBand,D:\HwaSimIR\HwaSim_IR\Bin\Config\Atmosphere\MODTRAN\raw\m1_nir_mwir_20260906\NIR_solar_tar15_vis10_aerRural_humdefault_sza70\NIR_solar_tar15_vis10_aerRural_humdefault_sza70.tp5,3937b16c49ee1aac712b9bdd00a9ffd4bab978d75bb8a6b2a5fa3e2e908c817b
NIR_flux_tar15_vis10_aerRural_humdefault_sza70,SpectralFlux,NIR,Mid-Latitude Summer,Rural,default,10,,15,,70,0.70,1.10,10,10,RectangularBand,D:\HwaSimIR\HwaSim_IR\Bin\Config\Atmosphere\MODTRAN\raw\m1_nir_mwir_20260906\NIR_flux_tar15_vis10_aerRural_humdefault_sza70\NIR_flux_tar15_vis10_aerRural_humdefault_sza70.tp5,b372ab44b0817e5b188180ff0ab1a96e15954f57d353153eda60c8798058f60a
NIR_solar_tar15_vis23_aerRural_humdefault_sza20,DirectSolarIrradiance,NIR,Mid-Latitude Summer,Rural,default,23,,15,,20,0.70,1.10,10,10,RectangularBand,D:\HwaSimIR\HwaSim_IR\Bin\Config\Atmosphere\MODTRAN\raw\m1_nir_mwir_20260906\NIR_solar_tar15_vis23_aerRural_humdefault_sza20\NIR_solar_tar15_vis23_aerRural_humdefault_sza20.tp5,8e9a0cf7402993df5618de6625e4abc6294cfdcebad2cc57b509e1001d258110
NIR_flux_tar15_vis23_aerRural_humdefault_sza20,SpectralFlux,NIR,Mid-Latitude Summer,Rural,default,23,,15,,20,0.70,1.10,10,10,RectangularBand,D:\HwaSimIR\HwaSim_IR\Bin\Config\Atmosphere\MODTRAN\raw\m1_nir_mwir_20260906\NIR_flux_tar15_vis23_aerRural_humdefault_sza20\NIR_flux_tar15_vis23_aerRural_humdefault_sza20.tp5,14d8574553d14caec794974a6980857342c8652cc27977642af8229c73d907ab
NIR_solar_tar15_vis23_aerRural_humdefault_sza45,DirectSolarIrradiance,NIR,Mid-Latitude Summer,Rural,default,23,,15,,45,0.70,1.10,10,10,RectangularBand,D:\HwaSimIR\HwaSim_IR\Bin\Config\Atmosphere\MODTRAN\raw\m1_nir_mwir_20260906\NIR_solar_tar15_vis23_aerRural_humdefault_sza45\NIR_solar_tar15_vis23_aerRural_humdefault_sza45.tp5,a2f8fd80e66889d1015be0071c31ffcc1484bd06e023afb3d144573306ca775d
NIR_flux_tar15_vis23_aerRural_humdefault_sza45,SpectralFlux,NIR,Mid-Latitude Summer,Rural,default,23,,15,,45,0.70,1.10,10,10,RectangularBand,D:\HwaSimIR\HwaSim_IR\Bin\Config\Atmosphere\MODTRAN\raw\m1_nir_mwir_20260906\NIR_flux_tar15_vis23_aerRural_humdefault_sza45\NIR_flux_tar15_vis23_aerRural_humdefault_sza45.tp5,ab3f57f244058872436c77731fbf22ca100b4d1075063ea359bb60f887bc87cb
NIR_solar_tar15_vis23_aerRural_humdefault_sza70,DirectSolarIrradiance,NIR,Mid-Latitude Summer,Rural,default,23,,15,,70,0.70,1.10,10,10,RectangularBand,D:\HwaSimIR\HwaSim_IR\Bin\Config\Atmosphere\MODTRAN\raw\m1_nir_mwir_20260906\NIR_solar_tar15_vis23_aerRural_humdefault_sza70\NIR_solar_tar15_vis23_aerRural_humdefault_sza70.tp5,a97620f6241ff5e36ebf9d052d6b5d0492e26b14d9d9569aa03beea1e1e0acd6
NIR_flux_tar15_vis23_aerRural_humdefault_sza70,SpectralFlux,NIR,Mid-Latitude Summer,Rural,default,23,,15,,70,0.70,1.10,10,10,RectangularBand,D:\HwaSimIR\HwaSim_IR\Bin\Config\Atmosphere\MODTRAN\raw\m1_nir_mwir_20260906\NIR_flux_tar15_vis23_aerRural_humdefault_sza70\NIR_flux_tar15_vis23_aerRural_humdefault_sza70.tp5,330e2246d8f4fbd390d0569fa3a98605fbf2705b00d2bba9b41ec093d0a51ff9
NIR_solar_tar15_vis50_aerRural_humdefault_sza20,DirectSolarIrradiance,NIR,Mid-Latitude Summer,Rural,default,50,,15,,20,0.70,1.10,10,10,RectangularBand,D:\HwaSimIR\HwaSim_IR\Bin\Config\Atmosphere\MODTRAN\raw\m1_nir_mwir_20260906\NIR_solar_tar15_vis50_aerRural_humdefault_sza20\NIR_solar_tar15_vis50_aerRural_humdefault_sza20.tp5,bc8273bd2e12d3282b5312e2eb28a870f45aa866df8bdf7d6face39014f94245
NIR_flux_tar15_vis50_aerRural_humdefault_sza20,SpectralFlux,NIR,Mid-Latitude Summer,Rural,default,50,,15,,20,0.70,1.10,10,10,RectangularBand,D:\HwaSimIR\HwaSim_IR\Bin\Config\Atmosphere\MODTRAN\raw\m1_nir_mwir_20260906\NIR_flux_tar15_vis50_aerRural_humdefault_sza20\NIR_flux_tar15_vis50_aerRural_humdefault_sza20.tp5,fb76b2fd3a03c06abfccfc2ea78b492b8f5b83891cdd7c59f3e95dacb9659397
NIR_solar_tar15_vis50_aerRural_humdefault_sza45,DirectSolarIrradiance,NIR,Mid-Latitude Summer,Rural,default,50,,15,,45,0.70,1.10,10,10,RectangularBand,D:\HwaSimIR\HwaSim_IR\Bin\Config\Atmosphere\MODTRAN\raw\m1_nir_mwir_20260906\NIR_solar_tar15_vis50_aerRural_humdefault_sza45\NIR_solar_tar15_vis50_aerRural_humdefault_sza45.tp5,a4a0b30711294ed8bb0c0d3b1dafca95ee4ad00ce5f4234840c2af53f1c5a2a6
NIR_flux_tar15_vis50_aerRural_humdefault_sza45,SpectralFlux,NIR,Mid-Latitude Summer,Rural,default,50,,15,,45,0.70,1.10,10,10,RectangularBand,D:\HwaSimIR\HwaSim_IR\Bin\Config\Atmosphere\MODTRAN\raw\m1_nir_mwir_20260906\NIR_flux_tar15_vis50_aerRural_humdefault_sza45\NIR_flux_tar15_vis50_aerRural_humdefault_sza45.tp5,74af2144f0dee2c7de3fdfa200d85b13b2cdb6c9de302332cc92bd7ba74262a5
NIR_solar_tar15_vis50_aerRural_humdefault_sza70,DirectSolarIrradiance,NIR,Mid-Latitude Summer,Rural,default,50,,15,,70,0.70,1.10,10,10,RectangularBand,D:\HwaSimIR\HwaSim_IR\Bin\Config\Atmosphere\MODTRAN\raw\m1_nir_mwir_20260906\NIR_solar_tar15_vis50_aerRural_humdefault_sza70\NIR_solar_tar15_vis50_aerRural_humdefault_sza70.tp5,23dfbebff7adf69bb36c27f518647e801fdb2cbf679c6b350e7c21e31a897ce8
NIR_flux_tar15_vis50_aerRural_humdefault_sza70,SpectralFlux,NIR,Mid-Latitude Summer,Rural,default,50,,15,,70,0.70,1.10,10,10,RectangularBand,D:\HwaSimIR\HwaSim_IR\Bin\Config\Atmosphere\MODTRAN\raw\m1_nir_mwir_20260906\NIR_flux_tar15_vis50_aerRural_humdefault_sza70\NIR_flux_tar15_vis50_aerRural_humdefault_sza70.tp5,0ade32fc03c518e58230ec2c550f376c374f2cfbcaca3654910e0b9cf21723f6
NIR_solar_tar20_vis2_aerRural_humdefault_sza20,DirectSolarIrradiance,NIR,Mid-Latitude Summer,Rural,default,2,,20,,20,0.70,1.10,10,10,RectangularBand,D:\HwaSimIR\HwaSim_IR\Bin\Config\Atmosphere\MODTRAN\raw\m1_nir_mwir_20260906\NIR_solar_tar20_vis2_aerRural_humdefault_sza20\NIR_solar_tar20_vis2_aerRural_humdefault_sza20.tp5,22ced150b94e923555fb1d668655f149272e11c4feec2c89ad7e139f9daef5dc
NIR_flux_tar20_vis2_aerRural_humdefault_sza20,SpectralFlux,NIR,Mid-Latitude Summer,Rural,default,2,,20,,20,0.70,1.10,10,10,RectangularBand,D:\HwaSimIR\HwaSim_IR\Bin\Config\Atmosphere\MODTRAN\raw\m1_nir_mwir_20260906\NIR_flux_tar20_vis2_aerRural_humdefault_sza20\NIR_flux_tar20_vis2_aerRural_humdefault_sza20.tp5,55a4b4ff7ed77a04eabe5e43a0827cf9e4d388509f8c143165d7dd6b7db0b91f
NIR_solar_tar20_vis2_aerRural_humdefault_sza45,DirectSolarIrradiance,NIR,Mid-Latitude Summer,Rural,default,2,,20,,45,0.70,1.10,10,10,RectangularBand,D:\HwaSimIR\HwaSim_IR\Bin\Config\Atmosphere\MODTRAN\raw\m1_nir_mwir_20260906\NIR_solar_tar20_vis2_aerRural_humdefault_sza45\NIR_solar_tar20_vis2_aerRural_humdefault_sza45.tp5,6bbb3ed634c9a401d8719a3f0cce4276a65a7f9067723de80276f658b18c4b17
NIR_flux_tar20_vis2_aerRural_humdefault_sza45,SpectralFlux,NIR,Mid-Latitude Summer,Rural,default,2,,20,,45,0.70,1.10,10,10,RectangularBand,D:\HwaSimIR\HwaSim_IR\Bin\Config\Atmosphere\MODTRAN\raw\m1_nir_mwir_20260906\NIR_flux_tar20_vis2_aerRural_humdefault_sza45\NIR_flux_tar20_vis2_aerRural_humdefault_sza45.tp5,60630bd306b1e976d873c8feecc6811c5869570380a594411d78ea9599193bd2
NIR_solar_tar20_vis2_aerRural_humdefault_sza70,DirectSolarIrradiance,NIR,Mid-Latitude Summer,Rural,default,2,,20,,70,0.70,1.10,10,10,RectangularBand,D:\HwaSimIR\HwaSim_IR\Bin\Config\Atmosphere\MODTRAN\raw\m1_nir_mwir_20260906\NIR_solar_tar20_vis2_aerRural_humdefault_sza70\NIR_solar_tar20_vis2_aerRural_humdefault_sza70.tp5,4a6348f35f0f0519b3094d8361ce018d2c9bd1c332e644bdfe558e2f6885ba89
NIR_flux_tar20_vis2_aerRural_humdefault_sza70,SpectralFlux,NIR,Mid-Latitude Summer,Rural,default,2,,20,,70,0.70,1.10,10,10,RectangularBand,D:\HwaSimIR\HwaSim_IR\Bin\Config\Atmosphere\MODTRAN\raw\m1_nir_mwir_20260906\NIR_flux_tar20_vis2_aerRural_humdefault_sza70\NIR_flux_tar20_vis2_aerRural_humdefault_sza70.tp5,4b36f2460bb6b1550e0b0c1469cf92c2273f76a950692041c2c698205a8788ff
NIR_solar_tar20_vis5_aerRural_humdefault_sza20,DirectSolarIrradiance,NIR,Mid-Latitude Summer,Rural,default,5,,20,,20,0.70,1.10,10,10,RectangularBand,D:\HwaSimIR\HwaSim_IR\Bin\Config\Atmosphere\MODTRAN\raw\m1_nir_mwir_20260906\NIR_solar_tar20_vis5_aerRural_humdefault_sza20\NIR_solar_tar20_vis5_aerRural_humdefault_sza20.tp5,050395837d33e22e463014257dbb579ba8383ee63f5fda5dc26aa50f1cbb6fa5
NIR_flux_tar20_vis5_aerRural_humdefault_sza20,SpectralFlux,NIR,Mid-Latitude Summer,Rural,default,5,,20,,20,0.70,1.10,10,10,RectangularBand,D:\HwaSimIR\HwaSim_IR\Bin\Config\Atmosphere\MODTRAN\raw\m1_nir_mwir_20260906\NIR_flux_tar20_vis5_aerRural_humdefault_sza20\NIR_flux_tar20_vis5_aerRural_humdefault_sza20.tp5,e3540ab420d65d299f41e841fcef75fbe6b822fc0577f5acb3c19379d4e62dc4
NIR_solar_tar20_vis5_aerRural_humdefault_sza45,DirectSolarIrradiance,NIR,Mid-Latitude Summer,Rural,default,5,,20,,45,0.70,1.10,10,10,RectangularBand,D:\HwaSimIR\HwaSim_IR\Bin\Config\Atmosphere\MODTRAN\raw\m1_nir_mwir_20260906\NIR_solar_tar20_vis5_aerRural_humdefault_sza45\NIR_solar_tar20_vis5_aerRural_humdefault_sza45.tp5,2d50e91117aaf82d2f9e825fc2c01e854fb5213089eb87e665b849ac0e58930f
NIR_flux_tar20_vis5_aerRural_humdefault_sza45,SpectralFlux,NIR,Mid-Latitude Summer,Rural,default,5,,20,,45,0.70,1.10,10,10,RectangularBand,D:\HwaSimIR\HwaSim_IR\Bin\Config\Atmosphere\MODTRAN\raw\m1_nir_mwir_20260906\NIR_flux_tar20_vis5_aerRural_humdefault_sza45\NIR_flux_tar20_vis5_aerRural_humdefault_sza45.tp5,b9adedb3cc4ed5edda537151c5acfd8e14196b71d91e098565b5ba3d951cab69
NIR_solar_tar20_vis5_aerRural_humdefault_sza70,DirectSolarIrradiance,NIR,Mid-Latitude Summer,Rural,default,5,,20,,70,0.70,1.10,10,10,RectangularBand,D:\HwaSimIR\HwaSim_IR\Bin\Config\Atmosphere\MODTRAN\raw\m1_nir_mwir_20260906\NIR_solar_tar20_vis5_aerRural_humdefault_sza70\NIR_solar_tar20_vis5_aerRural_humdefault_sza70.tp5,007e1969a1035c2c76a00af6968ef17e7fa98362085051cce0ca2e51639beed7
NIR_flux_tar20_vis5_aerRural_humdefault_sza70,SpectralFlux,NIR,Mid-Latitude Summer,Rural,default,5,,20,,70,0.70,1.10,10,10,RectangularBand,D:\HwaSimIR\HwaSim_IR\Bin\Config\Atmosphere\MODTRAN\raw\m1_nir_mwir_20260906\NIR_flux_tar20_vis5_aerRural_humdefault_sza70\NIR_flux_tar20_vis5_aerRural_humdefault_sza70.tp5,b10bc8370a6dc2b89225d7044ac594c5de237c3fbf8c157f90d5d6d9715a11d9
NIR_solar_tar20_vis10_aerRural_humdefault_sza20,DirectSolarIrradiance,NIR,Mid-Latitude Summer,Rural,default,10,,20,,20,0.70,1.10,10,10,RectangularBand,D:\HwaSimIR\HwaSim_IR\Bin\Config\Atmosphere\MODTRAN\raw\m1_nir_mwir_20260906\NIR_solar_tar20_vis10_aerRural_humdefault_sza20\NIR_solar_tar20_vis10_aerRural_humdefault_sza20.tp5,ae75810fd708402eb38f2701f8525d9041ef73ea474bb642a971e3977564d0c9
NIR_flux_tar20_vis10_aerRural_humdefault_sza20,SpectralFlux,NIR,Mid-Latitude Summer,Rural,default,10,,20,,20,0.70,1.10,10,10,RectangularBand,D:\HwaSimIR\HwaSim_IR\Bin\Config\Atmosphere\MODTRAN\raw\m1_nir_mwir_20260906\NIR_flux_tar20_vis10_aerRural_humdefault_sza20\NIR_flux_tar20_vis10_aerRural_humdefault_sza20.tp5,e13d7c0583cabf36ad925927c7ba9b19e1cb463b75c5129b756ed7962ddfe574
NIR_solar_tar20_vis10_aerRural_humdefault_sza45,DirectSolarIrradiance,NIR,Mid-Latitude Summer,Rural,default,10,,20,,45,0.70,1.10,10,10,RectangularBand,D:\HwaSimIR\HwaSim_IR\Bin\Config\Atmosphere\MODTRAN\raw\m1_nir_mwir_20260906\NIR_solar_tar20_vis10_aerRural_humdefault_sza45\NIR_solar_tar20_vis10_aerRural_humdefault_sza45.tp5,0d51cdfa05212c9d938d3c98aef835bb254d7bf92458c81dc5b51d5f2a8f30ab
NIR_flux_tar20_vis10_aerRural_humdefault_sza45,SpectralFlux,NIR,Mid-Latitude Summer,Rural,default,10,,20,,45,0.70,1.10,10,10,RectangularBand,D:\HwaSimIR\HwaSim_IR\Bin\Config\Atmosphere\MODTRAN\raw\m1_nir_mwir_20260906\NIR_flux_tar20_vis10_aerRural_humdefault_sza45\NIR_flux_tar20_vis10_aerRural_humdefault_sza45.tp5,4d059fa30c6480a48d0ed05deb81410aeabd31354dbd7384b262940990066285
NIR_solar_tar20_vis10_aerRural_humdefault_sza70,DirectSolarIrradiance,NIR,Mid-Latitude Summer,Rural,default,10,,20,,70,0.70,1.10,10,10,RectangularBand,D:\HwaSimIR\HwaSim_IR\Bin\Config\Atmosphere\MODTRAN\raw\m1_nir_mwir_20260906\NIR_solar_tar20_vis10_aerRural_humdefault_sza70\NIR_solar_tar20_vis10_aerRural_humdefault_sza70.tp5,ae5f0a5fb9d3c7ad200c02d1838e20de21310af0ee42b83429bfbd9e56c7af54
NIR_flux_tar20_vis10_aerRural_humdefault_sza70,SpectralFlux,NIR,Mid-Latitude Summer,Rural,default,10,,20,,70,0.70,1.10,10,10,RectangularBand,D:\HwaSimIR\HwaSim_IR\Bin\Config\Atmosphere\MODTRAN\raw\m1_nir_mwir_20260906\NIR_flux_tar20_vis10_aerRural_humdefault_sza70\NIR_flux_tar20_vis10_aerRural_humdefault_sza70.tp5,faa4a9cbfa15d89df2af91c3b00f72d384247af52b56a9277eaad0ca019d526e
NIR_solar_tar20_vis23_aerRural_humdefault_sza20,DirectSolarIrradiance,NIR,Mid-Latitude Summer,Rural,default,23,,20,,20,0.70,1.10,10,10,RectangularBand,D:\HwaSimIR\HwaSim_IR\Bin\Config\Atmosphere\MODTRAN\raw\m1_nir_mwir_20260906\NIR_solar_tar20_vis23_aerRural_humdefault_sza20\NIR_solar_tar20_vis23_aerRural_humdefault_sza20.tp5,47d90bd7c792bbd7d87d8fe531b7ed7f447b5137ff72f3d2f3e44e21d7ff77d5
NIR_flux_tar20_vis23_aerRural_humdefault_sza20,SpectralFlux,NIR,Mid-Latitude Summer,Rural,default,23,,20,,20,0.70,1.10,10,10,RectangularBand,D:\HwaSimIR\HwaSim_IR\Bin\Config\Atmosphere\MODTRAN\raw\m1_nir_mwir_20260906\NIR_flux_tar20_vis23_aerRural_humdefault_sza20\NIR_flux_tar20_vis23_aerRural_humdefault_sza20.tp5,261168c188645902f54556743612660061988d8a11a654d2b1c52438b5233c90
NIR_solar_tar20_vis23_aerRural_humdefault_sza45,DirectSolarIrradiance,NIR,Mid-Latitude Summer,Rural,default,23,,20,,45,0.70,1.10,10,10,RectangularBand,D:\HwaSimIR\HwaSim_IR\Bin\Config\Atmosphere\MODTRAN\raw\m1_nir_mwir_20260906\NIR_solar_tar20_vis23_aerRural_humdefault_sza45\NIR_solar_tar20_vis23_aerRural_humdefault_sza45.tp5,a8d1e0af76f7057a5f60e34c5a655d4832010a3e761d6524451846a7ca9686e7
NIR_flux_tar20_vis23_aerRural_humdefault_sza45,SpectralFlux,NIR,Mid-Latitude Summer,Rural,default,23,,20,,45,0.70,1.10,10,10,RectangularBand,D:\HwaSimIR\HwaSim_IR\Bin\Config\Atmosphere\MODTRAN\raw\m1_nir_mwir_20260906\NIR_flux_tar20_vis23_aerRural_humdefault_sza45\NIR_flux_tar20_vis23_aerRural_humdefault_sza45.tp5,a0fe8e9644d3bfdf0571495b148603614a7aa463ee4b07f376b955dd2ce85112
NIR_solar_tar20_vis23_aerRural_humdefault_sza70,DirectSolarIrradiance,NIR,Mid-Latitude Summer,Rural,default,23,,20,,70,0.70,1.10,10,10,RectangularBand,D:\HwaSimIR\HwaSim_IR\Bin\Config\Atmosphere\MODTRAN\raw\m1_nir_mwir_20260906\NIR_solar_tar20_vis23_aerRural_humdefault_sza70\NIR_solar_tar20_vis23_aerRural_humdefault_sza70.tp5,a60bbedeb122ebe902aaee427049a99427f4f2bae20d051a27a8b9fa71febb73
NIR_flux_tar20_vis23_aerRural_humdefault_sza70,SpectralFlux,NIR,Mid-Latitude Summer,Rural,default,23,,20,,70,0.70,1.10,10,10,RectangularBand,D:\HwaSimIR\HwaSim_IR\Bin\Config\Atmosphere\MODTRAN\raw\m1_nir_mwir_20260906\NIR_flux_tar20_vis23_aerRural_humdefault_sza70\NIR_flux_tar20_vis23_aerRural_humdefault_sza70.tp5,d8e3020633c9d19df60e80a4d2ed2026533eeec698b3337d47cd977c3e5add9e
NIR_solar_tar20_vis50_aerRural_humdefault_sza20,DirectSolarIrradiance,NIR,Mid-Latitude Summer,Rural,default,50,,20,,20,0.70,1.10,10,10,RectangularBand,D:\HwaSimIR\HwaSim_IR\Bin\Config\Atmosphere\MODTRAN\raw\m1_nir_mwir_20260906\NIR_solar_tar20_vis50_aerRural_humdefault_sza20\NIR_solar_tar20_vis50_aerRural_humdefault_sza20.tp5,bc9d1376ba7724bdc930d5fac2b076e35b07da81640f0b90bd73ab25c9dbe683
NIR_flux_tar20_vis50_aerRural_humdefault_sza20,SpectralFlux,NIR,Mid-Latitude Summer,Rural,default,50,,20,,20,0.70,1.10,10,10,RectangularBand,D:\HwaSimIR\HwaSim_IR\Bin\Config\Atmosphere\MODTRAN\raw\m1_nir_mwir_20260906\NIR_flux_tar20_vis50_aerRural_humdefault_sza20\NIR_flux_tar20_vis50_aerRural_humdefault_sza20.tp5,99c84c58de41a3bcbe9200213419a8f06a4f584aceb5fb810d042b4b57ac25e7
NIR_solar_tar20_vis50_aerRural_humdefault_sza45,DirectSolarIrradiance,NIR,Mid-Latitude Summer,Rural,default,50,,20,,45,0.70,1.10,10,10,RectangularBand,D:\HwaSimIR\HwaSim_IR\Bin\Config\Atmosphere\MODTRAN\raw\m1_nir_mwir_20260906\NIR_solar_tar20_vis50_aerRural_humdefault_sza45\NIR_solar_tar20_vis50_aerRural_humdefault_sza45.tp5,3481ccb3495ab013960dba280bffaadc1607d99e4917baf5e465722c332fa17f
NIR_flux_tar20_vis50_aerRural_humdefault_sza45,SpectralFlux,NIR,Mid-Latitude Summer,Rural,default,50,,20,,45,0.70,1.10,10,10,RectangularBand,D:\HwaSimIR\HwaSim_IR\Bin\Config\Atmosphere\MODTRAN\raw\m1_nir_mwir_20260906\NIR_flux_tar20_vis50_aerRural_humdefault_sza45\NIR_flux_tar20_vis50_aerRural_humdefault_sza45.tp5,cbc6d03c27600df67373ae76aaba07fd7fe10f5bd259167f177b41f578844fb9
NIR_solar_tar20_vis50_aerRural_humdefault_sza70,DirectSolarIrradiance,NIR,Mid-Latitude Summer,Rural,default,50,,20,,70,0.70,1.10,10,10,RectangularBand,D:\HwaSimIR\HwaSim_IR\Bin\Config\Atmosphere\MODTRAN\raw\m1_nir_mwir_20260906\NIR_solar_tar20_vis50_aerRural_humdefault_sza70\NIR_solar_tar20_vis50_aerRural_humdefault_sza70.tp5,664bf330579c2e64175189c6dfc78226339ed1506d28243e6d48b04c00a556af
NIR_flux_tar20_vis50_aerRural_humdefault_sza70,SpectralFlux,NIR,Mid-Latitude Summer,Rural,default,50,,20,,70,0.70,1.10,10,10,RectangularBand,D:\HwaSimIR\HwaSim_IR\Bin\Config\Atmosphere\MODTRAN\raw\m1_nir_mwir_20260906\NIR_flux_tar20_vis50_aerRural_humdefault_sza70\NIR_flux_tar20_vis50_aerRural_humdefault_sza70.tp5,03b7669bfe1b386dac1eb628afdb736d5153821786b692ec4229d59feb9b715c
