T F 2    2    2    1    2    2    2    2    2    2    1    0    0 294.200   0.40
    1    1    1    0   18    0  23.00000   0.00000   0.00000   0.00000   0.00000
   1.000  10.000   0.140
 -99.00000 -99.00000 -99.00000  2.922432  0.000710 ! H2O & O3 COLUMNS [GM/CM2]
   40MID-LATITUDE SUMMER 
   3.00000   0.00000 180.00000   3.00000   0.00000   0.00000    0        0.00000
    0    2    1    0
   0.00000   0.00000   0.00000  70.03132   0.00000 270.00000   0.00000   0.00000
    4000.0   33333.0      10.0      20.0RN              
    0   0    0.000  0    0.000  0    1.000
    FREQ  TOT_TRANS  PTH_THRML  THRML_SCT  SURF_EMIS   SOL_SCAT  SING_SCAT  GRND_RFLT  DRCT_RFLT  TOTAL_RAD  REF_SOL  SOL@OBS   DEPTH DIR_EM    TOA_SUN BBODY_T[K]
 4000.00 0.04958000 1.2503E-10            7.2253E-12 1.4837E-11 1.2851E-11 2.2283E-11 1.0510E-11 1.6938E-10 2.41E-10 4.51E-07   3.004 0.6000 3.3093E-06    288.839
 4010.00 0.04427433 1.1923E-10            6.2472E-12 1.3112E-11 1.1257E-11 1.8277E-11 8.4853E-12 1.5686E-10 1.95E-10 4.07E-07   3.117 0.6000 3.3132E-06    288.342
 4020.00 0.05424923 1.1356E-10            7.1655E-12 1.6213E-11 1.3496E-11 9.0444E-11 6.2058E-11 2.2739E-10 1.42E-09 4.17E-07   2.914 0.6000 3.3064E-06    294.415
 4030.00 0.11340406 1.0709E-10            1.4354E-11 3.9302E-11 3.0786E-11 4.8583E-10 3.4524E-10 6.4658E-10 7.92E-09 6.28E-07   2.177 0.6000 3.3142E-06    311.605
 4040.00 0.20386878 9.6990E-11            2.4940E-11 8.4614E-11 6.0915E-11 1.5755E-09 1.1243E-09 1.7820E-09 2.58E-08 9.16E-07   1.590 0.6000 3.3425E-06    330.239
 4050.00 0.28949079 8.5650E-11            3.4088E-11 1.5005E-10 9.4760E-11 3.8037E-09 2.7099E-09 4.0735E-09 6.22E-08 1.13E-06   1.240 0.6000 3.3686E-06    347.220
 4060.00 0.37440214 7.4074E-11            4.2386E-11 2.4554E-10 1.3403E-10 7.6132E-09 5.3989E-09 7.9752E-09 1.24E-07 1.30E-06   0.982 0.6000 3.3801E-06    362.427
 4070.00 0.38167074 6.9059E-11            4.1988E-11 2.6869E-10 1.3996E-10 8.7314E-09 6.1797E-09 9.1111E-09 1.42E-07 1.28E-06   0.963 0.6000 3.3759E-06    366.177
 4080.00 0.31304508 7.0990E-11            3.2965E-11 2.1646E-10 1.1336E-10 6.9180E-09 4.9020E-09 7.2384E-09 1.13E-07 1.11E-06   1.161 0.6000 3.3835E-06    361.706
 4090.00 0.36767691 6.3324E-11            3.6577E-11 3.2216E-10 1.4654E-10 1.1425E-08 8.0497E-09 1.1847E-08 1.85E-07 1.22E-06   1.001 0.6000 3.4147E-06    373.770
 4100.00 0.47061580 5.1565E-11            4.5314E-11 4.8549E-10 2.0182E-10 1.8258E-08 1.2823E-08 1.8841E-08 2.94E-07 1.43E-06   0.754 0.6000 3.4425E-06    385.876
 4110.00 0.51208287 4.5962E-11            4.7265E-11 5.5462E-10 2.2458E-10 2.1419E-08 1.5109E-08 2.2067E-08 3.47E-07 1.51E-06   0.669 0.6000 3.4582E-06    390.670
 4120.00 0.54022884 4.2346E-11            4.7963E-11 5.7872E-10 2.3732E-10 2.2653E-08 1.6120E-08 2.3322E-08 3.70E-07 1.57E-06   0.616 0.6000 3.4682E-06    392.866
 4130.00 0.48412144 4.4678E-11            4.1529E-11 4.6919E-10 2.0624E-10 1.7960E-08 1.2920E-08 1.8516E-08 2.97E-07 1.47E-06   0.725 0.6000 3.4649E-06    387.703
 4140.00 0.43391478 4.6760E-11            3.5392E-11 3.9247E-10 1.8178E-10 1.4689E-08 1.0700E-08 1.5163E-08 2.46E-07 1.38E-06   0.835 0.6000 3.4714E-06    383.464
 4150.00 0.50540364 4.0250E-11            3.9360E-11 5.5060E-10 2.2722E-10 2.1765E-08 1.5747E-08 2.2395E-08 3.61E-07 1.52E-06   0.682 0.6000 3.5107E-06    394.100
 4160.00 0.60242200 3.1692E-11            4.5113E-11 7.8570E-10 2.8927E-10 3.2561E-08 2.3346E-08 3.3423E-08 5.36E-07 1.68E-06   0.507 0.6000 3.5422E-06    405.575
 4170.00 0.65491104 2.6473E-11            4.7165E-11 9.1189E-10 3.2158E-10 3.8793E-08 2.7791E-08 3.9778E-08 6.38E-07 1.74E-06   0.423 0.6000 3.5511E-06    411.199
 4180.00 0.64602804 2.5905E-11            4.4776E-11 8.6283E-10 3.1064E-10 3.6808E-08 2.6473E-08 3.7742E-08 6.08E-07 1.70E-06   0.437 0.6000 3.5438E-06    410.505
 4190.00 0.60998076 2.7283E-11            4.0523E-11 7.6307E-10 2.8600E-10 3.2275E-08 2.3365E-08 3.3106E-08 5.36E-07 1.63E-06   0.494 0.6000 3.5390E-06    407.641
 4200.00 0.62636471 2.5194E-11            3.9762E-11 8.2060E-10 2.9592E-10 3.5144E-08 2.5355E-08 3.6030E-08 5.82E-07 1.63E-06   0.468 0.6000 3.5641E-06    410.766
 4210.00 0.67066276 2.1272E-11            4.0844E-11 9.3661E-10 3.1394E-10 4.0846E-08 2.9191E-08 4.1845E-08 6.70E-07 1.60E-06   0.399 0.6000 3.5941E-06    415.771
 4220.00 0.71238405 1.7880E-11            4.1584E-11 1.1239E-09 3.4909E-10 4.8831E-08 3.4612E-08 5.0014E-08 7.94E-07 1.65E-06   0.339 0.6000 3.6175E-06    421.715
 4230.00 0.77682155 1.3458E-11            4.3483E-11 1.4620E-09 4.2239E-10 6.2999E-08 4.4277E-08 6.4517E-08 1.02E-06 1.85E-06   0.253 0.6000 3.6326E-06    430.109
 4240.00 0.79416966 1.1717E-11            4.2801E-11 1.5053E-09 4.3573E-10 6.5441E-08 4.6020E-08 6.7001E-08 1.06E-06 1.89E-06   0.230 0.6000 3.6287E-06    432.063
 4250.00 0.76822239 1.2580E-11            3.9683E-11 1.3076E-09 3.9898E-10 5.7943E-08 4.1042E-08 5.9303E-08 9.42E-07 1.78E-06   0.264 0.6000 3.6418E-06    429.157
 4260.00 0.77958232 1.1586E-11            3.8548E-11 1.3228E-09 4.0478E-10 5.9000E-08 4.1809E-08 6.0373E-08 9.60E-07 1.79E-06   0.249 0.6000 3.6830E-06    430.494
 4270.00 0.81525397 9.3639E-12            3.8653E-11 1.5736E-09 4.4904E-10 6.8875E-08 4.8269E-08 7.0497E-08 1.11E-06 1.89E-06   0.204 0.6000 3.7057E-06    436.037
 4280.00 0.86136729 6.7111E-12            3.9150E-11 1.9657E-09 5.1313E-10 8.3868E-08 5.7920E-08 8.5879E-08 1.33E-06 2.02E-06   0.149 0.6000 3.7080E-06    443.045
 4290.00 0.88759631 5.1152E-12            3.8752E-11 2.2273E-09 5.5615E-10 9.3413E-08 6.4117E-08 9.5684E-08 1.47E-06 2.12E-06   0.119 0.6000 3.7079E-06    447.334
 4300.00 0.87280625 5.5163E-12            3.6577E-11 2.1193E-09 5.3594E-10 8.8766E-08 6.1000E-08 9.0928E-08 1.40E-06 2.07E-06   0.136 0.6000 3.7135E-06    446.501
 4310.00 0.86626554 5.6056E-12            3.4759E-11 2.0603E-09 5.1517E-10 8.5180E-08 5.8345E-08 8.7281E-08 1.34E-06 2.00E-06   0.144 0.6000 3.7432E-06    445.997
 4320.00 0.89505649 4.1868E-12            3.4406E-11 2.4529E-09 5.6761E-10 9.7822E-08 6.6314E-08 1.0031E-07 1.52E-06 2.10E-06   0.111 0.6000 3.7801E-06    451.324
 4330.00 0.92108047 2.9064E-12            3.3990E-11 2.7061E-09 6.1400E-10 1.0836E-07 7.3075E-08 1.1110E-07 1.68E-06 2.20E-06   0.082 0.6000 3.8042E-06    455.517
 4340.00 0.92075354 2.7555E-12            3.2603E-11 2.5160E-09 5.9249E-10 1.0396E-07 7.0029E-08 1.0651E-07 1.61E-06 2.14E-06   0.083 0.6000 3.8125E-06    454.934
 4350.00 0.90855145 3.0975E-12            3.0852E-11 2.3334E-09 5.6594E-10 9.7732E-08 6.5883E-08 1.0010E-07 1.51E-06 2.08E-06   0.096 0.6000 3.8107E-06    453.703
 4360.00 0.90635598 3.0794E-12            2.9488E-11 2.4232E-09 5.8044E-10 1.0025E-07 6.7498E-08 1.0271E-07 1.55E-06 2.12E-06   0.098 0.6000 3.8276E-06    455.368
 4370.00 0.92048192 2.4531E-12            2.8706E-11 2.6813E-09 6.1586E-10 1.0872E-07 7.2791E-08 1.1143E-07 1.67E-06 2.19E-06   0.083 0.6000 3.8548E-06    458.900
 4380.00 0.93219352 1.9269E-12            2.7886E-11 2.8675E-09 6.3887E-10 1.1469E-07 7.6443E-08 1.1759E-07 1.75E-06 2.23E-06   0.070 0.6000 3.8700E-06    461.530
 4390.00 0.93600756 1.7124E-12            2.6852E-11 2.9646E-09 6.5272E-10 1.1780E-07 7.8297E-08 1.2079E-07 1.80E-06 2.26E-06   0.066 0.6000 3.8924E-06    463.264
 4400.00 0.93421978 1.6968E-12            2.5700E-11 2.9876E-09 6.5847E-10 1.1842E-07 7.8585E-08 1.2143E-07 1.80E-06 2.28E-06   0.068 0.6000 3.9167E-06    464.266
 4410.00 0.93186545 1.7056E-12            2.4573E-11 2.9774E-09 6.5820E-10 1.1782E-07 7.8101E-08 1.2082E-07 1.79E-06 2.28E-06   0.071 0.6000 3.9260E-06    464.918
 4420.00 0.93556994 1.5268E-12            2.3651E-11 3.0213E-09 6.6442E-10 1.1932E-07 7.8860E-08 1.2237E-07 1.81E-06 2.29E-06   0.067 0.6000 3.9330E-06    466.174
 4430.00 0.94122946 1.3049E-12            2.2814E-11 3.1555E-09 6.8254E-10 1.2343E-07 8.1230E-08 1.2661E-07 1.86E-06 2.33E-06   0.061 0.6000 3.9475E-06    468.165
 4440.00 0.94360113 1.1884E-12            2.1930E-11 3.3095E-09 7.0267E-10 1.2740E-07 8.3639E-08 1.3073E-07 1.92E-06 2.38E-06   0.058 0.6000 3.9656E-06    470.096
 4450.00 0.94331574 1.1494E-12            2.1019E-11 3.4173E-09 7.1601E-10 1.2955E-07 8.5014E-08 1.3299E-07 1.95E-06 2.41E-06   0.058 0.6000 3.9836E-06    471.515
 4460.00 0.94457656 1.0752E-12            2.0176E-11 3.5365E-09 7.3155E-10 1.3235E-07 8.6848E-08 1.3591E-07 1.99E-06 2.45E-06   0.057 0.6000 3.9996E-06    473.096
 4470.00 0.94707716 9.7149E-13            1.9394E-11 3.6527E-09 7.4775E-10 1.3549E-07 8.8924E-08 1.3916E-07 2.04E-06 2.49E-06   0.054 0.6000 4.0185E-06    474.750
 4480.00 0.94733459 9.2270E-13            1.8600E-11 3.7336E-09 7.5878E-10 1.3718E-07 9.0093E-08 1.4094E-07 2.07E-06 2.51E-06   0.054 0.6000 4.0364E-06    476.021
 4490.00 0.94441003 9.4902E-13            1.7777E-11 3.7679E-09 7.6586E-10 1.3737E-07 9.0330E-08 1.4116E-07 2.07E-06 2.54E-06   0.057 0.6000 4.0490E-06    476.903
 4500.00 0.93905485 1.0201E-12            1.6947E-11 3.7570E-09 7.6885E-10 1.3641E-07 8.9881E-08 1.4019E-07 2.06E-06 2.56E-06   0.063 0.6000 4.0658E-06    477.487
 4510.00 0.93482363 1.0610E-12            1.6171E-11 3.8034E-09 7.7378E-10 1.3632E-07 8.9989E-08 1.4014E-07 2.07E-06 2.58E-06   0.067 0.6000 4.0818E-06    478.301
 4520.00 0.92982399 1.1079E-12            1.5421E-11 3.8087E-09 7.7243E-10 1.3491E-07 8.9205E-08 1.3873E-07 2.05E-06 2.58E-06   0.073 0.6000 4.0810E-06    478.772
 4530.00 0.91701919 1.2815E-12            1.4584E-11 3.4930E-09 7.3937E-10 1.2633E-07 8.3860E-08 1.2983E-07 1.92E-06 2.51E-06   0.087 0.6000 4.0808E-06    477.268
 4540.00 0.89672583 1.5629E-12            1.3672E-11 3.0656E-09 6.9466E-10 1.1512E-07 7.6855E-08 1.1820E-07 1.76E-06 2.43E-06   0.109 0.6000 4.1137E-06    474.827
 4550.00 0.88937086 1.6288E-12            1.2986E-11 3.1333E-09 7.0258E-10 1.1559E-07 7.7310E-08 1.1874E-07 1.77E-06 2.46E-06   0.117 0.6000 4.1484E-06    475.803
 4560.00 0.89849943 1.4258E-12            1.2576E-11 3.4929E-09 7.4438E-10 1.2391E-07 8.2828E-08 1.2741E-07 1.90E-06 2.55E-06   0.107 0.6000 4.1528E-06    479.074
 4570.00 0.88805467 1.5003E-12            1.1927E-11 3.4467E-09 7.4054E-10 1.2192E-07 8.1690E-08 1.2538E-07 1.87E-06 2.56E-06   0.119 0.6000 4.1513E-06    479.331
 4580.00 0.88141823 1.5365E-12            1.1332E-11 3.3871E-09 7.3397E-10 1.2001E-07 8.0472E-08 1.2341E-07 1.85E-06 2.54E-06   0.126 0.6000 4.1587E-06    479.596
 4590.00 0.90357769 1.1835E-12            1.1132E-11 3.5964E-09 7.6370E-10 1.2664E-07 8.4808E-08 1.3024E-07 1.95E-06 2.58E-06   0.101 0.6000 4.1680E-06    482.307
 4600.00 0.91744894 9.5394E-13            1.0842E-11 3.6966E-09 7.7867E-10 1.2984E-07 8.6975E-08 1.3355E-07 2.00E-06 2.59E-06   0.086 0.6000 4.1535E-06    484.012
 4610.00 0.91531557 9.2778E-13            1.0370E-11 3.6776E-09 7.6868E-10 1.2831E-07 8.5901E-08 1.3200E-07 1.97E-06 2.55E-06   0.088 0.6000 4.0944E-06    484.420
 4620.00 0.91103649 9.3430E-13            9.8936E-12 3.6292E-09 7.6477E-10 1.2680E-07 8.4994E-08 1.3044E-07 1.95E-06 2.53E-06   0.093 0.6000 4.0939E-06    484.821
 4630.00 0.91262048 8.8890E-13            9.4961E-12 3.6343E-09 7.8392E-10 1.2823E-07 8.6305E-08 1.3188E-07 1.98E-06 2.61E-06   0.091 0.6000 4.1954E-06    486.028
 4640.00 0.91239405 8.6082E-13            9.1021E-12 3.6171E-09 7.9489E-10 1.2818E-07 8.6624E-08 1.3181E-07 1.99E-06 2.66E-06   0.092 0.6000 4.2722E-06    486.829
 4650.00 0.91918278 7.6037E-13            8.7812E-12 3.8305E-09 8.1548E-10 1.3242E-07 8.9493E-08 1.3626E-07 2.05E-06 2.69E-06   0.084 0.6000 4.2933E-06    488.833
 4660.00 0.94334596 4.7779E-13            8.6360E-12 4.4281E-09 8.7177E-10 1.4608E-07 9.8314E-08 1.5052E-07 2.26E-06 2.76E-06   0.058 0.6000 4.3085E-06    493.239
 4670.00 0.95535946 3.2921E-13            8.3900E-12 4.7401E-09 9.0357E-10 1.5300E-07 1.0293E-07 1.5775E-07 2.36E-06 2.81E-06   0.046 0.6000 4.3231E-06    495.773
 4680.00 0.95313239 3.3716E-13            8.0219E-12 4.7260E-09 9.0546E-10 1.5207E-07 1.0266E-07 1.5680E-07 2.36E-06 2.81E-06   0.048 0.6000 4.3356E-06    496.380
 4690.00 0.94434810 3.9629E-13            7.6202E-12 4.6211E-09 8.9675E-10 1.4880E-07 1.0092E-07 1.5343E-07 2.32E-06 2.80E-06   0.057 0.6000 4.3504E-06    496.411
 4700.00 0.92905766 5.0970E-13            7.1849E-12 4.3371E-09 8.7144E-10 1.4151E-07 9.6580E-08 1.4585E-07 2.22E-06 2.76E-06   0.074 0.6000 4.3573E-06    495.390
 4710.00 0.91906363 5.7411E-13            6.8098E-12 4.0563E-09 8.4990E-10 1.3495E-07 9.2622E-08 1.3901E-07 2.13E-06 2.74E-06   0.084 0.6000 4.3601E-06    494.473
 4720.00 0.91636693 5.7319E-13            6.5058E-12 3.9215E-09 8.4587E-10 1.3240E-07 9.1275E-08 1.3633E-07 2.09E-06 2.73E-06   0.087 0.6000 4.3774E-06    494.589
 4730.00 0.92379606 4.9614E-13            6.2834E-12 3.9934E-09 8.6199E-10 1.3488E-07 9.3257E-08 1.3888E-07 2.14E-06 2.76E-06   0.079 0.6000 4.4024E-06    496.079
 4740.00 0.93214571 4.1391E-13            6.0773E-12 4.1190E-09 8.8028E-10 1.3825E-07 9.5777E-08 1.4237E-07 2.20E-06 2.78E-06   0.070 0.6000 4.4250E-06    497.798
 4750.00 0.92127615 4.6369E-13            5.7606E-12 4.0128E-09 8.6985E-10 1.3486E-07 9.3775E-08 1.3888E-07 2.15E-06 2.77E-06   0.082 0.6000 4.4441E-06    497.717
 4760.00 0.90241897 5.6732E-13            5.4063E-12 3.7544E-09 8.4128E-10 1.2739E-07 8.9083E-08 1.3115E-07 2.04E-06 2.73E-06   0.103 0.6000 4.4477E-06    496.467
 4770.00 0.90379828 5.4075E-13            5.1838E-12 3.6353E-09 8.3335E-10 1.2499E-07 8.7800E-08 1.2863E-07 2.02E-06 2.70E-06   0.101 0.6000 4.4397E-06    496.585
 4780.00 0.91250163 4.6455E-13            5.0171E-12 3.5347E-09 8.2997E-10 1.2387E-07 8.7359E-08 1.2741E-07 2.00E-06 2.68E-06   0.092 0.6000 4.4541E-06    497.057
 4790.00 0.91017300 4.5634E-13            4.7966E-12 3.3166E-09 8.0876E-10 1.1887E-07 8.4248E-08 1.2219E-07 1.93E-06 2.63E-06   0.094 0.6000 4.4847E-06    496.371
 4800.00 0.90051609 4.8781E-13            4.5488E-12 3.1195E-09 7.8199E-10 1.1289E-07 8.0315E-08 1.1601E-07 1.84E-06 2.57E-06   0.105 0.6000 4.5016E-06    495.332
 4810.00 0.87917328 5.7218E-13            4.2581E-12 2.8045E-09 7.3231E-10 1.0294E-07 7.3851E-08 1.0575E-07 1.69E-06 2.46E-06   0.129 0.6000 4.5230E-06    492.870
 4820.00 0.83558053 7.4933E-13            3.8812E-12 2.1914E-09 6.3864E-10 8.4671E-08 6.2145E-08 8.6867E-08 1.43E-06 2.24E-06   0.180 0.6000 4.5435E-06    486.858
 4830.00 0.78064978 9.5616E-13            3.4743E-12 1.5886E-09 5.3943E-10 6.5943E-08 4.9992E-08 6.7536E-08 1.15E-06 1.99E-06   0.248 0.6000 4.5476E-06    479.191
 4840.00 0.75547445 1.0219E-12            3.2159E-12 1.3802E-09 4.9732E-10 5.8650E-08 4.5088E-08 6.0035E-08 1.03E-06 1.87E-06   0.280 0.6000 4.5497E-06    476.114
 4850.00 0.75608397 9.7608E-13            3.0838E-12 1.4227E-09 4.9733E-10 5.9139E-08 4.5189E-08 6.0566E-08 1.04E-06 1.86E-06   0.280 0.6000 4.5621E-06    477.183
 4860.00 0.73731917 9.9690E-13            2.8856E-12 1.3205E-09 4.6850E-10 5.4865E-08 4.2046E-08 5.6189E-08 9.65E-07 1.77E-06   0.305 0.6000 4.5905E-06    475.526
 4870.00 0.73942935 9.5069E-13            2.7649E-12 1.3288E-09 4.7403E-10 5.5677E-08 4.2821E-08 5.7010E-08 9.83E-07 1.77E-06   0.302 0.6000 4.6175E-06    476.775
 4880.00 0.80190957 7.0446E-13            2.8686E-12 1.8905E-09 5.9524E-10 7.4620E-08 5.6084E-08 7.6514E-08 1.29E-06 2.09E-06   0.221 0.6000 4.6417E-06    487.307
 4890.00 0.84812379 5.2427E-13            2.9145E-12 2.5074E-09 7.1177E-10 9.2320E-08 6.7930E-08 9.4831E-08 1.56E-06 2.43E-06   0.165 0.6000 4.6572E-06    495.475
 4900.00 0.85980612 4.6577E-13            2.8313E-12 2.8829E-09 7.6470E-10 1.0114E-07 7.3574E-08 1.0402E-07 1.69E-06 2.57E-06   0.151 0.6000 4.6491E-06    499.527
 4910.00 0.86833948 4.1490E-13            2.7403E-12 3.0834E-09 7.9369E-10 1.0627E-07 7.6985E-08 1.0936E-07 1.77E-06 2.62E-06   0.141 0.6000 4.6454E-06    502.110
 4920.00 0.83590943 4.9449E-13            2.5324E-12 2.7033E-09 7.4293E-10 9.4925E-08 6.9475E-08 9.7631E-08 1.59E-06 2.55E-06   0.179 0.6000 4.6638E-06    498.893
 4930.00 0.76775444 6.6952E-13            2.2298E-12 1.9341E-09 6.1958E-10 7.1996E-08 5.4237E-08 7.3933E-08 1.24E-06 2.29E-06   0.264 0.6000 4.6881E-06    490.092
 4940.00 0.67312336 8.7106E-13            1.8781E-12 1.2252E-09 4.6241E-10 4.8692E-08 3.7912E-08 4.9920E-08 8.70E-07 1.85E-06   0.396 0.6000 4.7069E-06    477.918
 4950.00 0.53928047 1.1306E-12            1.4452E-12 6.1412E-10 2.7813E-10 2.5156E-08 2.0200E-08 2.5772E-08 4.64E-07 1.29E-06   0.618 0.6000 4.7301E-06    458.323
 4960.00 0.45521137 1.2578E-12            1.1612E-12 2.8143E-10 1.5707E-10 1.1314E-08 9.3596E-09 1.1598E-08 2.15E-07 8.80E-07   0.787 0.6000 4.7659E-06    436.642
 4970.00 0.46502149 1.1789E-12            1.1326E-12 2.4727E-10 1.3804E-10 1.0081E-08 8.3210E-09 1.0330E-08 1.91E-07 7.64E-07   0.766 0.6000 4.7919E-06    434.286
 4980.00 0.43579391 1.1686E-12            1.0254E-12 2.2830E-10 1.2420E-10 9.3489E-09 7.6890E-09 9.5793E-09 1.76E-07 6.80E-07   0.831 0.6000 4.7950E-06    433.017
 4990.00 0.37212414 1.2304E-12            8.3537E-13 1.7498E-10 1.0631E-10 7.1032E-09 6.0103E-09 7.2803E-09 1.38E-07 6.28E-07   0.989 0.6000 4.7953E-06    426.654
 5000.00 0.43647590 1.0939E-12            9.2721E-13 4.2069E-10 2.0676E-10 1.5644E-08 1.2677E-08 1.6067E-08 2.91E-07 1.06E-06   0.829 0.6000 4.8024E-06    448.446
 5010.00 0.57669866 8.3405E-13            1.1785E-12 1.0816E-09 4.1354E-10 3.6799E-08 2.8181E-08 3.7883E-08 6.47E-07 1.85E-06   0.550 0.6000 4.8094E-06    474.538
 5020.00 0.63533837 6.9859E-13            1.2517E-12 1.5801E-09 5.4591E-10 5.1409E-08 3.8477E-08 5.2991E-08 8.83E-07 2.32E-06   0.454 0.6000 4.8253E-06    486.033
 5030.00 0.62825882 6.7815E-13            1.1859E-12 1.6375E-09 5.6298E-10 5.2280E-08 3.8961E-08 5.3919E-08 8.94E-07 2.40E-06   0.465 0.6000 4.8406E-06    487.375
 5040.00 0.60398239 6.8406E-13            1.0928E-12 1.5083E-09 5.3322E-10 4.7790E-08 3.5622E-08 4.9300E-08 8.18E-07 2.32E-06   0.504 0.6000 4.8386E-06    485.223
 5050.00 0.55928999 7.2062E-13            9.7056E-13 1.2364E-09 4.6842E-10 3.9077E-08 2.9356E-08 4.0315E-08 6.74E-07 2.16E-06   0.581 0.6000 4.8426E-06    479.538
 5060.00 0.51031923 7.6585E-13            8.4906E-13 9.2603E-10 3.9266E-10 2.9268E-08 2.2396E-08 3.0195E-08 5.14E-07 1.96E-06   0.673 0.6000 4.8595E-06    471.312
 5070.00 0.45613173 8.0338E-13            7.2755E-13 6.5715E-10 3.1250E-10 2.0533E-08 1.5993E-08 2.1192E-08 3.67E-07 1.69E-06   0.785 0.6000 4.8849E-06    461.489
 5080.00 0.38436300 8.4582E-13            5.8875E-13 4.3056E-10 2.2797E-10 1.2998E-08 1.0259E-08 1.3430E-08 2.35E-07 1.37E-06   0.956 0.6000 4.9052E-06    449.267
 5090.00 0.27284572 9.1730E-13            4.0368E-13 2.3156E-10 1.3662E-10 6.1094E-09 4.8349E-09 6.3422E-09 1.11E-07 1.02E-06   1.299 0.6000 4.9099E-06    430.157
 5100.00 0.16106580 9.6942E-13            2.2834E-13 9.1961E-11 6.5129E-11 1.4764E-09 1.1470E-09 1.5695E-09 2.63E-08 7.05E-07   1.826 0.6000 4.9399E-06    398.202
 5110.00 0.10720756 9.6292E-13            1.4412E-13 4.9892E-11 3.8369E-11 4.5173E-10 3.3611E-10 5.0273E-10 7.71E-09 5.42E-07   2.233 0.6000 4.9695E-06    375.653
 5120.00 0.09826799 9.3019E-13            1.2567E-13 4.3969E-11 3.5841E-11 2.8582E-10 2.1977E-10 3.3084E-10 5.04E-09 5.55E-07   2.320 0.6000 4.9375E-06    368.402
 5130.00 0.08311068 8.8451E-13            1.0324E-13 4.0710E-11 3.3317E-11 2.3367E-10 1.7895E-10 2.7536E-10 4.11E-09 5.56E-07   2.488 0.6000 4.8258E-06    365.658
 5140.00 0.05488916 8.3206E-13            6.5393E-14 2.9415E-11 2.4207E-11 9.5099E-11 6.7256E-11 1.2541E-10 1.54E-09 4.78E-07   2.902 0.6000 4.7505E-06    352.533
 5150.00 0.03417606 7.6937E-13            3.9163E-14 2.0299E-11 1.6829E-11 3.0457E-11 1.6757E-11 5.1565E-11 3.85E-10 3.83E-07   3.376 0.6000 4.8490E-06    338.772
 5160.00 0.01636967 7.1312E-13            1.8097E-14 1.1461E-11 9.4875E-12 1.0578E-11 5.5614E-12 2.2770E-11 1.28E-10 2.74E-07   4.112 0.6000 4.9804E-06    327.118
 5170.00 0.00768819 6.6537E-13            8.0244E-15 6.3992E-12 5.2944E-12 6.7056E-13 1.3715E-13 7.7431E-12 3.15E-12 1.96E-07   4.868 0.6000 5.0123E-06    312.805
 5180.00 0.00407218 6.1137E-13            4.1621E-15 3.6791E-12 3.0134E-12 2.9400E-13 5.8289E-14 4.5886E-12 1.34E-12 1.26E-07   5.504 0.6000 5.0219E-06    306.589
 5190.00 0.00170108 5.7073E-13            1.6105E-15 2.1156E-12 1.6791E-12 1.2842E-14 1.7139E-16 2.7007E-12 3.93E-15 9.18E-08   6.376 0.6000 5.0661E-06    300.556
 5200.00 0.00141611 5.3754E-13            1.3021E-15 1.9079E-12 1.5120E-12 8.4112E-15 8.1594E-17 2.4552E-12 1.87E-15 8.77E-08   6.560 0.6000 5.1024E-06    299.914
 5210.00 0.00078760 4.9461E-13            7.0044E-16 1.2081E-12 9.4311E-13 2.6793E-15 2.0151E-17 1.7061E-12 4.62E-16 5.99E-08   7.147 0.6000 5.1189E-06    296.102
 5220.00 0.00032421 4.5346E-13            2.7791E-16 5.6338E-13 4.2318E-13 4.5249E-16 1.7901E-19 1.0176E-12 4.11E-18 2.90E-08   8.034 0.6000 5.1394E-06    290.670
 5230.00 0.00008959 4.2309E-13            7.5754E-17 2.2143E-13 1.4159E-13 1.2006E-16 4.7051E-20 6.4471E-13 1.08E-18 1.10E-08   9.320 0.6000 5.1539E-06    286.110
 5240.00 0.00001474 3.9926E-13            1.1319E-17 1.2029E-13 5.8070E-14 7.3271E-18 0.0000E+00 5.1956E-13 0.00E+00 6.01E-09  11.125 0.6000 5.1682E-06    284.263
 5250.00 0.00000711 3.6974E-13            5.4433E-18 6.8039E-14 2.9858E-14 3.5214E-18 0.0000E+00 4.3779E-13 0.00E+00 3.20E-09  11.854 0.6000 5.1830E-06    282.917
 5260.00 0.00006291 3.5345E-13            4.1315E-17 1.5673E-13 8.8634E-14 6.6640E-17 1.4515E-20 5.1028E-13 3.33E-19 6.72E-09   9.674 0.6000 5.1658E-06    285.031
 5270.00 0.00019850 3.5745E-13            1.3010E-16 4.3002E-13 2.6197E-13 2.2025E-16 4.9253E-20 7.8781E-13 1.13E-18 1.89E-08   8.525 0.6000 5.1185E-06    290.259
 5280.00 0.00028061 3.5282E-13            1.7982E-16 5.8146E-13 3.6283E-13 3.3191E-16 8.2598E-20 9.3479E-13 1.90E-18 2.54E-08   8.179 0.6000 5.1123E-06    292.662
 5290.00 0.00032860 3.3991E-13            2.0092E-16 6.7573E-13 4.3093E-13 4.1619E-16 1.1784E-19 1.0163E-12 2.70E-18 2.94E-08   8.021 0.6000 5.1608E-06    294.099
 5300.00 0.00033195 3.2968E-13            1.9730E-16 7.3160E-13 4.5738E-13 4.0364E-16 1.1275E-19 1.0619E-12 2.59E-18 3.18E-08   8.011 0.6000 5.2081E-06    295.091
 5310.00 0.00021348 3.1453E-13            1.2336E-16 5.8854E-13 3.3718E-13 1.9751E-16 4.3342E-20 9.0338E-13 9.95E-19 2.52E-08   8.452 0.6000 5.2166E-06    293.746
 5320.00 0.00009679 2.8864E-13            5.3284E-17 3.6842E-13 1.9067E-13 4.5963E-17 7.0654E-22 6.5717E-13 1.62E-20 1.54E-08   9.243 0.6000 5.0935E-06    290.680
 5330.00 0.00003264 2.5316E-13            1.7790E-17 1.4066E-13 7.0103E-14 1.4519E-17 1.3713E-22 3.9385E-13 3.15E-21 5.80E-09  10.330 0.6000 4.9558E-06    285.612
 5340.00 0.00000185 2.2706E-13            9.4579E-19 1.7629E-14 6.7982E-15 6.4090E-19 1.2948E-25 2.4469E-13 2.97E-24 6.29E-10  13.202 0.6000 5.0548E-06    281.105
 5350.00 0.00000550 2.2401E-13            2.5056E-18 7.5982E-14 2.9860E-14 1.6542E-18 1.3665E-25 3.0000E-13 3.14E-24 2.81E-09  12.112 0.6000 5.2280E-06    283.689
 5360.00 0.00001407 2.2957E-13            6.3141E-18 1.9105E-13 7.3942E-14 4.1696E-18 3.0997E-25 4.2063E-13 7.11E-24 7.01E-09  11.172 0.6000 5.2895E-06    287.744
 5370.00 0.00001414 2.2306E-13            6.2393E-18 1.9737E-13 7.2710E-14 4.1196E-18 2.6029E-25 4.2044E-13 5.97E-24 7.01E-09  11.167 0.6000 5.3209E-06    288.216
 5380.00 0.00000538 2.0569E-13            2.3339E-18 9.3420E-14 2.9521E-14 1.5384E-18 7.5577E-26 2.9911E-13 1.73E-24 3.01E-09  12.132 0.6000 5.3565E-06    285.072
 5390.00 0.00000214 1.9412E-13            8.3019E-19 5.4590E-14 1.4878E-14 5.3620E-19 9.4471E-28 2.4871E-13 2.17E-26 1.66E-09  13.056 0.6000 5.3901E-06    283.616
 5400.00 0.00000366 1.8529E-13            1.3951E-18 7.0623E-14 2.2282E-14 9.0043E-19 0.0000E+00 2.5591E-13 0.00E+00 2.37E-09  12.517 0.6000 5.4092E-06    284.382
 5410.00 0.00000597 1.7624E-13            2.1470E-18 9.5621E-14 3.3082E-14 1.3961E-18 5.1877E-27 2.7187E-13 1.19E-25 3.31E-09  12.029 0.6000 5.4007E-06    285.482
 5420.00 0.00000817 1.7011E-13            2.8621E-18 1.2217E-13 4.3872E-14 1.8686E-18 1.0952E-26 2.9228E-13 2.51E-25 4.28E-09  11.715 0.6000 5.4014E-06    286.713
 5430.00 0.00000436 1.5857E-13            1.5242E-18 7.0343E-14 2.3725E-14 9.9567E-19 6.3406E-27 2.2892E-13 1.46E-25 2.33E-09  12.343 0.6000 5.4268E-06    284.627
 5440.00 0.00000140 1.4886E-13            4.3721E-19 3.9372E-14 1.0330E-14 2.8523E-19 5.7642E-28 1.8823E-13 1.32E-26 1.03E-09  13.476 0.6000 5.4595E-06    283.076
 5450.00 0.00000292 1.4751E-13            8.8457E-19 8.4941E-14 2.3545E-14 5.7620E-19 0.0000E+00 2.3246E-13 0.00E+00 2.37E-09  12.744 0.6000 5.4882E-06    285.720
 5460.00 0.00000830 1.4634E-13            2.3614E-18 1.5116E-13 5.0995E-14 1.7659E-18 7.8559E-23 2.9751E-13 1.80E-21 4.75E-09  11.699 0.6000 5.5069E-06    288.783
 5470.00 0.00084267 1.4882E-13            2.2528E-16 1.3890E-12 9.4149E-13 1.1443E-14 5.4967E-17 1.5495E-12 1.26E-15 4.42E-08   7.079 0.6000 5.5165E-06    307.931
 5480.00 0.00200122 1.5079E-13            5.3383E-16 3.0367E-12 2.1552E-12 2.7120E-14 1.3050E-16 3.2151E-12 3.00E-15 9.62E-08   6.214 0.6000 5.4902E-06    317.493
 5490.00 0.00236437 1.4546E-13            6.1194E-16 3.5076E-12 2.4798E-12 3.5661E-14 2.3520E-16 3.6893E-12 5.40E-15 1.08E-07   6.047 0.6000 5.3850E-06    319.774
 5500.00 0.00480458 1.4444E-13            1.1601E-15 6.0186E-12 4.2802E-12 3.7384E-13 2.2817E-14 6.5380E-12 5.24E-13 1.55E-07   5.338 0.6000 5.3232E-06    327.879
 5510.00 0.00981538 1.4577E-13            2.2828E-15 1.1345E-11 8.0921E-12 1.5609E-12 2.7047E-13 1.3054E-11 6.21E-12 2.44E-07   4.624 0.6000 5.4367E-06    338.085
 5520.00 0.02010894 1.4476E-13            4.4746E-15 2.2259E-11 1.5971E-11 9.6506E-12 2.9134E-12 3.2058E-11 6.69E-11 3.77E-07   3.907 0.6000 5.5794E-06    352.109
 5530.00 0.04201508 1.4454E-13            8.9875E-15 4.5731E-11 3.2941E-11 5.3987E-11 2.3231E-11 9.9872E-11 5.33E-10 5.99E-07   3.170 0.6000 5.6325E-06    371.367
 5540.00 0.05531441 1.3928E-13            1.1483E-14 6.2996E-11 4.4278E-11 1.5759E-10 8.1893E-11 2.2074E-10 1.88E-09 6.93E-07   2.895 0.6000 5.6384E-06    386.238
 5550.00 0.09239627 1.2946E-13            1.8008E-14 1.2609E-10 8.0576E-11 1.0230E-09 6.1395E-10 1.1492E-09 1.41E-08 8.40E-07   2.382 0.6000 5.6456E-06    420.438
 5560.00 0.16867243 1.2313E-13            3.1780E-14 2.3913E-10 1.5137E-10 2.2075E-09 1.3618E-09 2.4468E-09 3.13E-08 1.29E-06   1.780 0.6000 5.6740E-06    438.520
 5570.00 0.21265958 1.1958E-13            3.8711E-14 3.3775E-10 1.9953E-10 3.7105E-09 2.4103E-09 4.0484E-09 5.53E-08 1.59E-06   1.548 0.6000 5.6985E-06    451.642
 5580.00 0.29624364 1.0578E-13            5.1076E-14 7.3924E-10 3.3122E-10 1.3289E-08 8.7488E-09 1.4028E-08 2.01E-07 1.90E-06   1.217 0.6000 5.7240E-06    486.369
 5590.00 0.39388055 8.9548E-14            6.5720E-14 1.1500E-09 4.7739E-10 2.3061E-08 1.5235E-08 2.4211E-08 3.50E-07 2.24E-06   0.932 0.6000 5.7473E-06    503.731
 5600.00 0.41768235 8.2352E-14            6.6917E-14 1.2410E-09 5.1659E-10 2.5763E-08 1.7258E-08 2.7004E-08 3.96E-07 2.30E-06   0.873 0.6000 5.7437E-06    507.935
 5610.00 0.46454310 7.3048E-14            7.0944E-14 1.5269E-09 6.0128E-10 3.3755E-08 2.2785E-08 3.5282E-08 5.23E-07 2.41E-06   0.767 0.6000 5.7362E-06    517.389
 5620.00 0.50358891 6.5513E-14            7.3968E-14 1.7648E-09 6.7201E-10 4.0144E-08 2.7275E-08 4.1909E-08 6.26E-07 2.51E-06   0.686 0.6000 5.7413E-06    523.912
 5630.00 0.54191989 5.9011E-14            7.5917E-14 2.1416E-09 7.6391E-10 4.9896E-08 3.4044E-08 5.2038E-08 7.81E-07 2.65E-06   0.613 0.6000 5.7684E-06    532.124
 5640.00 0.62813580 4.7474E-14            8.4228E-14 2.9034E-09 9.4950E-10 6.9200E-08 4.6889E-08 7.2104E-08 1.08E-06 2.94E-06   0.465 0.6000 5.8075E-06    544.545
 5650.00 0.66824281 4.0755E-14            8.6149E-14 3.2756E-09 1.0357E-09 7.8284E-08 5.2619E-08 8.1560E-08 1.21E-06 3.07E-06   0.403 0.6000 5.8283E-06    549.862
 5660.00 0.67018068 3.7802E-14            8.2727E-14 3.4890E-09 1.0577E-09 8.2804E-08 5.4947E-08 8.6293E-08 1.26E-06 3.05E-06   0.400 0.6000 5.8315E-06    552.746
 5670.00 0.71501547 3.1182E-14            8.4236E-14 4.2971E-09 1.1863E-09 1.0132E-07 6.6256E-08 1.0561E-07 1.52E-06 3.16E-06   0.335 0.6000 5.8270E-06    561.217
 5680.00 0.75743496 2.5508E-14            8.5591E-14 5.0264E-09 1.3072E-09 1.1762E-07 7.6309E-08 1.2264E-07 1.75E-06 3.30E-06   0.278 0.6000 5.8452E-06    567.841
 5690.00 0.76117355 2.3894E-14            8.2428E-14 5.1788E-09 1.3303E-09 1.2033E-07 7.7708E-08 1.2551E-07 1.78E-06 3.33E-06   0.273 0.6000 5.8796E-06    569.544
 5700.00 0.78564852 2.0721E-14            8.1301E-14 5.5187E-09 1.3942E-09 1.2839E-07 8.2682E-08 1.3391E-07 1.90E-06 3.39E-06   0.241 0.6000 5.8817E-06    572.917
 5710.00 0.79955453 1.8329E-14            7.9394E-14 5.7987E-09 1.4369E-09 1.3509E-07 8.6913E-08 1.4089E-07 1.99E-06 3.41E-06   0.224 0.6000 5.8641E-06    575.756
 5720.00 0.78025788 1.8918E-14            7.4211E-14 5.7355E-09 1.4072E-09 1.3260E-07 8.5316E-08 1.3834E-07 1.96E-06 3.33E-06   0.248 0.6000 5.8590E-06    575.815
 5730.00 0.78112006 1.8138E-14            7.0977E-14 5.8210E-09 1.4201E-09 1.3355E-07 8.6054E-08 1.3937E-07 1.98E-06 3.34E-06   0.247 0.6000 5.8646E-06    576.910
 5740.00 0.80397576 1.5752E-14            6.9915E-14 6.0460E-09 1.4725E-09 1.3875E-07 8.9536E-08 1.4480E-07 2.05E-06 3.39E-06   0.218 0.6000 5.8486E-06    579.254
 5750.00 0.81612128 1.4256E-14            6.7988E-14 6.0871E-09 1.4864E-09 1.3987E-07 9.0475E-08 1.4596E-07 2.08E-06 3.38E-06   0.203 0.6000 5.7600E-06    580.375
 5760.00 0.81460327 1.3736E-14            6.4966E-14 6.0967E-09 1.4787E-09 1.3899E-07 9.0005E-08 1.4508E-07 2.07E-06 3.33E-06   0.205 0.6000 5.6869E-06    580.927
 5770.00 0.83049130 1.1954E-14            6.3373E-14 6.6516E-09 1.5579E-09 1.4969E-07 9.6432E-08 1.5634E-07 2.21E-06 3.42E-06   0.186 0.6000 5.7783E-06    584.785
 5780.00 0.85944682 9.5164E-15            6.2773E-14 7.3552E-09 1.6799E-09 1.6495E-07 1.0586E-07 1.7230E-07 2.43E-06 3.57E-06   0.151 0.6000 5.9336E-06    589.621
 5790.00 0.85678202 9.3194E-15            5.9978E-14 7.2747E-09 1.6865E-09 1.6366E-07 1.0533E-07 1.7094E-07 2.42E-06 3.59E-06   0.155 0.6000 5.9850E-06    590.092
 5800.00 0.83205211 1.0427E-14            5.5741E-14 6.9232E-09 1.6316E-09 1.5502E-07 1.0005E-07 1.6195E-07 2.30E-06 3.52E-06   0.184 0.6000 5.9796E-06    588.642
 5810.00 0.85312212 8.6713E-15            5.4589E-14 7.7122E-09 1.7317E-09 1.6925E-07 1.0844E-07 1.7696E-07 2.49E-06 3.61E-06   0.159 0.6000 6.0157E-06    593.149
 5820.00 0.88864547 6.1535E-15            5.4519E-14 8.6185E-09 1.8714E-09 1.8716E-07 1.1947E-07 1.9578E-07 2.74E-06 3.76E-06   0.118 0.6000 6.0818E-06    598.241
 5830.00 0.88902587 5.9181E-15            5.2234E-14 8.5054E-09 1.8791E-09 1.8533E-07 1.1879E-07 1.9384E-07 2.73E-06 3.78E-06   0.118 0.6000 6.1033E-06    598.624
 5840.00 0.88816041 5.7735E-15            4.9919E-14 8.3766E-09 1.8641E-09 1.8253E-07 1.1711E-07 1.9091E-07 2.69E-06 3.74E-06   0.119 0.6000 6.0693E-06    598.779
 5850.00 0.88639724 5.6307E-15            4.7711E-14 8.2631E-09 1.8533E-09 1.8017E-07 1.1569E-07 1.8844E-07 2.66E-06 3.72E-06   0.121 0.6000 6.0675E-06    599.029
 5860.00 0.89384162 5.0795E-15            4.6000E-14 8.4121E-09 1.8884E-09 1.8340E-07 1.1760E-07 1.9181E-07 2.70E-06 3.75E-06   0.112 0.6000 6.1097E-06    600.594
 5870.00 0.91181135 3.9534E-15            4.4931E-14 9.0081E-09 1.9695E-09 1.9414E-07 1.2382E-07 2.0315E-07 2.84E-06 3.82E-06   0.092 0.6000 6.1357E-06    603.868
 5880.00 0.91017646 3.8095E-15            4.2966E-14 9.2126E-09 1.9954E-09 1.9636E-07 1.2527E-07 2.0558E-07 2.88E-06 3.85E-06   0.094 0.6000 6.1614E-06    605.190
 5890.00 0.90754235 3.7866E-15            4.0983E-14 9.3522E-09 2.0195E-09 1.9761E-07 1.2624E-07 2.0696E-07 2.90E-06 3.88E-06   0.097 0.6000 6.2084E-06    606.290
 5900.00 0.91458482 3.3226E-15            3.9529E-14 9.5951E-09 2.0623E-09 2.0182E-07 1.2880E-07 2.1141E-07 2.96E-06 3.92E-06   0.089 0.6000 6.2422E-06    608.023
 5910.00 0.91632360 3.1065E-15            3.7914E-14 9.5664E-09 2.0704E-09 2.0128E-07 1.2856E-07 2.1085E-07 2.95E-06 3.92E-06   0.087 0.6000 6.2332E-06    608.716
 5920.00 0.92201746 2.7542E-15            3.6496E-14 9.7744E-09 2.0938E-09 2.0415E-07 1.3020E-07 2.1393E-07 2.99E-06 3.91E-06   0.081 0.6000 6.2020E-06    610.158
 5930.00 0.93161637 2.2469E-15            3.5300E-14 1.0143E-08 2.1288E-09 2.0941E-07 1.3312E-07 2.1955E-07 3.06E-06 3.91E-06   0.071 0.6000 6.1647E-06    612.105
 5940.00 0.93545753 1.9970E-15            3.3931E-14 1.0168E-08 2.1207E-09 2.0865E-07 1.3246E-07 2.1882E-07 3.04E-06 3.87E-06   0.067 0.6000 6.0754E-06    612.767
 5950.00 0.93653840 1.8689E-15            3.2515E-14 1.0094E-08 2.1173E-09 2.0721E-07 1.3159E-07 2.1730E-07 3.02E-06 3.84E-06   0.066 0.6000 6.0315E-06    613.271
 5960.00 0.93485844 1.8479E-15            3.1067E-14 1.0121E-08 2.1505E-09 2.0842E-07 1.3256E-07 2.1854E-07 3.04E-06 3.90E-06   0.067 0.6000 6.1266E-06    614.331
 5970.00 0.93538922 1.7577E-15            2.9744E-14 1.0333E-08 2.1948E-09 2.1184E-07 1.3471E-07 2.2218E-07 3.09E-06 3.96E-06   0.067 0.6000 6.2148E-06    615.867
 5980.00 0.93804622 1.5911E-15            2.8550E-14 1.0595E-08 2.2334E-09 2.1554E-07 1.3690E-07 2.2614E-07 3.14E-06 3.99E-06   0.064 0.6000 6.2572E-06    617.458
 5990.00 0.93463022 1.6093E-15            2.7231E-14 1.0283E-08 2.2065E-09 2.1095E-07 1.3423E-07 2.2123E-07 3.08E-06 3.95E-06   0.068 0.6000 6.3028E-06    617.297
 6000.00 0.92966002 1.6742E-15            2.5920E-14 9.8097E-09 2.1554E-09 2.0353E-07 1.2985E-07 2.1333E-07 2.98E-06 3.87E-06   0.073 0.6000 6.3347E-06    616.502
 6010.00 0.93072742 1.5827E-15            2.4829E-14 1.0139E-08 2.2078E-09 2.0771E-07 1.3243E-07 2.1784E-07 3.04E-06 3.94E-06   0.072 0.6000 6.3753E-06    618.232
 6020.00 0.93496621 1.4119E-15            2.3870E-14 1.0743E-08 2.2978E-09 2.1638E-07 1.3769E-07 2.2713E-07 3.16E-06 4.06E-06   0.067 0.6000 6.4120E-06    620.892
 6030.00 0.93721533 1.2894E-15            2.2903E-14 1.0898E-08 2.3263E-09 2.1866E-07 1.3907E-07 2.2956E-07 3.19E-06 4.08E-06   0.065 0.6000 6.4192E-06    622.176
 6040.00 0.93520200 1.2764E-15            2.1874E-14 1.0684E-08 2.3086E-09 2.1516E-07 1.3707E-07 2.2584E-07 3.15E-06 4.05E-06   0.067 0.6000 6.4135E-06    622.257
 6050.00 0.93314457 1.2676E-15            2.0885E-14 1.0456E-08 2.2845E-09 2.1118E-07 1.3478E-07 2.2164E-07 3.09E-06 4.00E-06   0.069 0.6000 6.3990E-06    622.230
 6060.00 0.93461603 1.1773E-15            2.0017E-14 1.0455E-08 2.2851E-09 2.1077E-07 1.3456E-07 2.2123E-07 3.09E-06 3.97E-06   0.068 0.6000 6.3870E-06    622.955
 6070.00 0.93614113 1.0913E-15            1.9188E-14 1.0562E-08 2.2992E-09 2.1164E-07 1.3512E-07 2.2220E-07 3.10E-06 3.97E-06   0.066 0.6000 6.3723E-06    623.958
 6080.00 0.93694407 1.0270E-15            1.8378E-14 1.0598E-08 2.2991E-09 2.1100E-07 1.3476E-07 2.2160E-07 3.09E-06 3.94E-06   0.065 0.6000 6.3225E-06    624.644
 6090.00 0.93768948 9.6691E-16            1.7602E-14 1.0546E-08 2.2878E-09 2.0920E-07 1.3363E-07 2.1975E-07 3.07E-06 3.91E-06   0.064 0.6000 6.2575E-06    625.078
 6100.00 0.93860584 9.0936E-16            1.6861E-14 1.0697E-08 2.3123E-09 2.1070E-07 1.3455E-07 2.2140E-07 3.09E-06 3.93E-06   0.063 0.6000 6.2609E-06    626.218
 6110.00 0.94054759 8.3680E-16            1.6168E-14 1.1142E-08 2.3881E-09 2.1724E-07 1.3870E-07 2.2838E-07 3.18E-06 4.02E-06   0.061 0.6000 6.3625E-06    628.417
 6120.00 0.94182545 7.7899E-16            1.5494E-14 1.1525E-08 2.4594E-09 2.2306E-07 1.4242E-07 2.3459E-07 3.27E-06 4.12E-06   0.060 0.6000 6.4731E-06    630.433
 6130.00 0.94291478 7.2867E-16            1.4843E-14 1.1821E-08 2.5100E-09 2.2699E-07 1.4495E-07 2.3881E-07 3.33E-06 4.18E-06   0.059 0.6000 6.5422E-06    632.050
 6140.00 0.94448107 6.7186E-16            1.4228E-14 1.2090E-08 2.5496E-09 2.3013E-07 1.4699E-07 2.4222E-07 3.37E-06 4.21E-06   0.057 0.6000 6.5755E-06    633.502
 6150.00 0.94497299 6.3478E-16            1.3623E-14 1.2194E-08 2.5665E-09 2.3071E-07 1.4745E-07 2.4291E-07 3.38E-06 4.22E-06   0.057 0.6000 6.5693E-06    634.440
 6160.00 0.94476753 6.1021E-16            1.3033E-14 1.2131E-08 2.5574E-09 2.2866E-07 1.4624E-07 2.4079E-07 3.36E-06 4.18E-06   0.057 0.6000 6.5154E-06    634.851
 6170.00 0.94363928 5.9836E-16            1.2458E-14 1.1930E-08 2.5337E-09 2.2491E-07 1.4397E-07 2.3684E-07 3.30E-06 4.14E-06   0.058 0.6000 6.4543E-06    634.908
 6180.00 0.94147253 6.0005E-16            1.1894E-14 1.1655E-08 2.5122E-09 2.2094E-07 1.4159E-07 2.3260E-07 3.25E-06 4.10E-06   0.060 0.6000 6.4383E-06    634.896
 6190.00 0.93875909 6.0534E-16            1.1349E-14 1.1275E-08 2.4816E-09 2.1606E-07 1.3876E-07 2.2733E-07 3.18E-06 4.06E-06   0.063 0.6000 6.4461E-06    634.666
 6200.00 0.93403322 6.2964E-16            1.0806E-14 1.0622E-08 2.4127E-09 2.0719E-07 1.3364E-07 2.1781E-07 3.07E-06 3.96E-06   0.068 0.6000 6.4449E-06    633.541
 6210.00 0.92919600 6.5384E-16            1.0285E-14 1.0008E-08 2.3438E-09 1.9836E-07 1.2856E-07 2.0837E-07 2.95E-06 3.86E-06   0.073 0.6000 6.4525E-06    632.356
 6220.00 0.92933804 6.2511E-16            9.8414E-15 1.0051E-08 2.3603E-09 1.9878E-07 1.2895E-07 2.0883E-07 2.96E-06 3.87E-06   0.073 0.6000 6.5065E-06    633.257
 6230.00 0.92887837 5.9976E-16            9.4145E-15 1.0032E-08 2.3707E-09 1.9857E-07 1.2895E-07 2.0860E-07 2.96E-06 3.87E-06   0.074 0.6000 6.5461E-06    634.010
 6240.00 0.92529982 6.0789E-16            8.9732E-15 9.6883E-09 2.3423E-09 1.9390E-07 1.2625E-07 2.0358E-07 2.90E-06 3.83E-06   0.078 0.6000 6.5515E-06    633.720
 6250.00 0.92811143 5.6135E-16            8.6093E-15 1.0294E-08 2.4286E-09 2.0137E-07 1.3053E-07 2.1167E-07 3.00E-06 3.94E-06   0.075 0.6000 6.5633E-06    636.268
 6260.00 0.93448472 4.8470E-16            8.2952E-15 1.1471E-08 2.5771E-09 2.1546E-07 1.3875E-07 2.2693E-07 3.18E-06 4.12E-06   0.068 0.6000 6.5778E-06    640.223
 6270.00 0.93746328 4.3953E-16            7.9634E-15 1.2076E-08 2.6507E-09 2.2192E-07 1.4264E-07 2.3400E-07 3.27E-06 4.20E-06   0.065 0.6000 6.5758E-06    642.428
 6280.00 0.93873650 4.0971E-16            7.6301E-15 1.2051E-08 2.6285E-09 2.1970E-07 1.4121E-07 2.3175E-07 3.24E-06 4.14E-06   0.063 0.6000 6.4562E-06    642.792
 6290.00 0.93905324 3.8879E-16            7.3034E-15 1.1859E-08 2.5871E-09 2.1541E-07 1.3848E-07 2.2727E-07 3.18E-06 4.05E-06   0.063 0.6000 6.3254E-06    642.705
 6300.00 0.93800741 3.7911E-16            6.9806E-15 1.1899E-08 2.6150E-09 2.1632E-07 1.3914E-07 2.2822E-07 3.19E-06 4.09E-06   0.064 0.6000 6.4055E-06    643.699
 6310.00 0.93572927 3.7747E-16            6.6633E-15 1.1784E-08 2.6328E-09 2.1593E-07 1.3910E-07 2.2772E-07 3.19E-06 4.12E-06   0.066 0.6000 6.5322E-06    644.403
 6320.00 0.93092686 3.9101E-16            6.3434E-15 1.1157E-08 2.5709E-09 2.0799E-07 1.3450E-07 2.1915E-07 3.09E-06 4.04E-06   0.072 0.6000 6.5726E-06    643.455
 6330.00 0.92572355 4.0637E-16            6.0349E-15 1.0391E-08 2.4765E-09 1.9729E-07 1.2823E-07 2.0768E-07 2.94E-06 3.91E-06   0.077 0.6000 6.5401E-06    641.817
 6340.00 0.92509222 3.9305E-16            5.7691E-15 1.0078E-08 2.4247E-09 1.9185E-07 1.2488E-07 2.0193E-07 2.87E-06 3.81E-06   0.078 0.6000 6.4451E-06    641.347
 6350.00 0.92418611 3.7960E-16            5.5155E-15 9.9739E-09 2.4246E-09 1.9050E-07 1.2422E-07 2.0048E-07 2.85E-06 3.81E-06   0.079 0.6000 6.4853E-06    641.819
 6360.00 0.92080313 3.8160E-16            5.2575E-15 9.8218E-09 2.4383E-09 1.8936E-07 1.2382E-07 1.9918E-07 2.84E-06 3.84E-06   0.083 0.6000 6.6160E-06    642.325
 6370.00 0.92420512 3.5019E-16            5.0470E-15 1.0520E-08 2.5413E-09 1.9792E-07 1.2884E-07 2.0844E-07 2.96E-06 3.96E-06   0.079 0.6000 6.6403E-06    645.178
 6380.00 0.93193036 2.9752E-16            4.8696E-15 1.1804E-08 2.7085E-09 2.1319E-07 1.3798E-07 2.2499E-07 3.17E-06 4.15E-06   0.070 0.6000 6.6321E-06    649.470
 6390.00 0.93491143 2.7025E-16            4.6748E-15 1.2484E-08 2.8054E-09 2.2102E-07 1.4288E-07 2.3350E-07 3.28E-06 4.25E-06   0.067 0.6000 6.6699E-06    651.984
 6400.00 0.93518841 2.5744E-16            4.4738E-15 1.2665E-08 2.8393E-09 2.2278E-07 1.4409E-07 2.3544E-07 3.31E-06 4.28E-06   0.067 0.6000 6.7034E-06    653.171
 6410.00 0.93696165 2.3789E-16            4.2882E-15 1.2849E-08 2.8641E-09 2.2447E-07 1.4522E-07 2.3732E-07 3.33E-06 4.29E-06   0.065 0.6000 6.7025E-06    654.343
 6420.00 0.93828779 2.2100E-16            4.1088E-15 1.2947E-08 2.8743E-09 2.2483E-07 1.4550E-07 2.3777E-07 3.34E-06 4.28E-06   0.064 0.6000 6.6754E-06    655.235
 6430.00 0.93622607 2.1995E-16            3.9229E-15 1.2808E-08 2.8654E-09 2.2219E-07 1.4394E-07 2.3500E-07 3.30E-06 4.26E-06   0.066 0.6000 6.6624E-06    655.492
 6440.00 0.93290925 2.2453E-16            3.7397E-15 1.2635E-08 2.8636E-09 2.1951E-07 1.4237E-07 2.3215E-07 3.27E-06 4.27E-06   0.069 0.6000 6.6889E-06    655.728
 6450.00 0.93184412 2.1941E-16            3.5733E-15 1.2593E-08 2.8725E-09 2.1863E-07 1.4189E-07 2.3122E-07 3.26E-06 4.28E-06   0.071 0.6000 6.7052E-06    656.345
 6460.00 0.93018025 2.1565E-16            3.4130E-15 1.2535E-08 2.8794E-09 2.1747E-07 1.4129E-07 2.3000E-07 3.24E-06 4.28E-06   0.072 0.6000 6.7272E-06    656.900
 6470.00 0.92445171 2.2683E-16            3.2455E-15 1.2256E-08 2.8668E-09 2.1329E-07 1.3890E-07 2.2555E-07 3.19E-06 4.29E-06   0.079 0.6000 6.7755E-06    656.794
 6480.00 0.92039567 2.3176E-16            3.0906E-15 1.1922E-08 2.8332E-09 2.0818E-07 1.3583E-07 2.2010E-07 3.12E-06 4.25E-06   0.083 0.6000 6.7647E-06    656.462
 6490.00 0.92123067 2.1882E-16            2.9592E-15 1.1856E-08 2.8205E-09 2.0662E-07 1.3487E-07 2.1847E-07 3.10E-06 4.21E-06   0.082 0.6000 6.7184E-06    656.918
 6500.00 0.91891146 2.1581E-16            2.8246E-15 1.1797E-08 2.8229E-09 2.0511E-07 1.3407E-07 2.1691E-07 3.08E-06 4.21E-06   0.085 0.6000 6.7329E-06    657.385
 6510.00 0.91463202 2.1994E-16            2.6893E-15 1.1619E-08 2.8150E-09 2.0208E-07 1.3229E-07 2.1370E-07 3.04E-06 4.22E-06   0.089 0.6000 6.7671E-06    657.493
 6520.00 0.90893549 2.2584E-16            2.5572E-15 1.1423E-08 2.7915E-09 1.9834E-07 1.2998E-07 2.0976E-07 2.98E-06 4.20E-06   0.095 0.6000 6.7648E-06    657.433
 6530.00 0.89619303 2.4992E-16            2.4127E-15 1.0994E-08 2.7398E-09 1.9078E-07 1.2555E-07 2.0177E-07 2.88E-06 4.18E-06   0.110 0.6000 6.7516E-06    656.443
 6540.00 0.88003409 2.8113E-16            2.2666E-15 1.0368E-08 2.6716E-09 1.8067E-07 1.1972E-07 1.9104E-07 2.75E-06 4.16E-06   0.128 0.6000 6.7616E-06    654.739
 6550.00 0.86791861 2.9949E-16            2.1378E-15 9.9287E-09 2.6219E-09 1.7325E-07 1.1534E-07 1.8318E-07 2.65E-06 4.14E-06   0.142 0.6000 6.7840E-06    653.620
 6560.00 0.87110639 2.7987E-16            2.0512E-15 1.0195E-08 2.6491E-09 1.7612E-07 1.1698E-07 1.8631E-07 2.68E-06 4.15E-06   0.138 0.6000 6.7688E-06    655.180
 6570.00 0.86408597 2.7911E-16            1.9492E-15 1.0120E-08 2.6284E-09 1.7371E-07 1.1561E-07 1.8383E-07 2.65E-06 4.12E-06   0.146 0.6000 6.7540E-06    655.360
 6580.00 0.82291234 3.4908E-16            1.7776E-15 8.7876E-09 2.4424E-09 1.5200E-07 1.0268E-07 1.6079E-07 2.36E-06 4.01E-06   0.195 0.6000 6.7793E-06    650.115
 6590.00 0.79265457 3.9306E-16            1.6355E-15 7.9259E-09 2.3134E-09 1.3774E-07 9.3992E-08 1.4567E-07 2.16E-06 3.92E-06   0.232 0.6000 6.7926E-06    646.517
 6600.00 0.78627157 3.8627E-16            1.5515E-15 7.8575E-09 2.2963E-09 1.3621E-07 9.3028E-08 1.4407E-07 2.14E-06 3.89E-06   0.240 0.6000 6.7789E-06    646.812
 6610.00 0.78292513 3.7490E-16            1.4775E-15 7.7473E-09 2.2866E-09 1.3420E-07 9.1805E-08 1.4194E-07 2.11E-06 3.89E-06   0.245 0.6000 6.7848E-06    646.936
 6620.00 0.76654059 3.7751E-16            1.3852E-15 7.5734E-09 2.2373E-09 1.3010E-07 8.8811E-08 1.3767E-07 2.04E-06 3.83E-06   0.266 0.6000 6.7976E-06    646.371
 6630.00 0.74029136 3.9538E-16            1.2796E-15 7.1473E-09 2.1226E-09 1.2119E-07 8.2631E-08 1.2833E-07 1.90E-06 3.70E-06   0.301 0.6000 6.7213E-06    644.080
 6640.00 0.69541943 4.3880E-16            1.1522E-15 6.0367E-09 1.8908E-09 1.0153E-07 6.9815E-08 1.0757E-07 1.60E-06 3.48E-06   0.363 0.6000 6.5664E-06    637.262
 6650.00 0.65425682 4.7804E-16            1.0344E-15 4.9837E-09 1.7068E-09 8.3512E-08 5.8525E-08 8.8496E-08 1.34E-06 3.34E-06   0.424 0.6000 6.5367E-06    629.833
 6660.00 0.67507768 4.3709E-16            1.0183E-15 5.2965E-09 1.8164E-09 8.8569E-08 6.1979E-08 9.3865E-08 1.42E-06 3.51E-06   0.393 0.6000 6.6945E-06    633.047
 6670.00 0.66874486 4.1829E-16            9.7004E-16 5.3105E-09 1.8135E-09 8.7752E-08 6.0802E-08 9.3063E-08 1.40E-06 3.54E-06   0.402 0.6000 6.8055E-06    633.450
 6680.00 0.60059375 4.7100E-16            8.3373E-16 4.2007E-09 1.5490E-09 6.7691E-08 4.7155E-08 7.1892E-08 1.08E-06 3.30E-06   0.510 0.6000 6.8127E-06    623.590
 6690.00 0.53513867 5.2203E-16            7.1006E-16 3.1047E-09 1.2932E-09 4.8547E-08 3.4482E-08 5.1652E-08 7.91E-07 3.08E-06   0.625 0.6000 6.8356E-06    611.233
 6700.00 0.49857315 5.3729E-16            6.3173E-16 2.5644E-09 1.1574E-09 3.8905E-08 2.7858E-08 4.1470E-08 6.39E-07 2.97E-06   0.696 0.6000 6.8494E-06    603.560
 6710.00 0.44975540 5.4490E-16            5.4768E-16 2.2114E-09 1.0071E-09 3.2262E-08 2.2764E-08 3.4474E-08 5.22E-07 2.74E-06   0.799 0.6000 6.7507E-06    597.382
 6720.00 0.34640774 5.9142E-16            4.0516E-16 1.3987E-09 6.9182E-10 1.7930E-08 1.2544E-08 1.9329E-08 2.88E-07 2.27E-06   1.060 0.6000 6.6578E-06    577.439
 6730.00 0.29391629 6.0615E-16            3.2526E-16 9.1500E-10 5.2864E-10 9.1885E-09 6.4736E-09 1.0103E-08 1.49E-07 2.09E-06   1.224 0.6000 6.7339E-06    556.586
 6740.00 0.29654333 5.7348E-16            3.1437E-16 9.1257E-10 5.3795E-10 8.9946E-09 6.3051E-09 9.9072E-09 1.45E-07 2.11E-06   1.216 0.6000 6.8086E-06    556.643
 6750.00 0.25955370 5.5467E-16            2.6482E-16 7.6200E-10 4.5784E-10 6.9330E-09 4.7361E-09 7.6950E-09 1.09E-07 1.92E-06   1.349 0.6000 6.8122E-06    549.360
 6760.00 0.20874116 5.4905E-16            2.0327E-16 5.5148E-10 3.4479E-10 4.1339E-09 2.7023E-09 4.6854E-09 6.20E-08 1.67E-06   1.567 0.6000 6.8074E-06    535.024
 6770.00 0.21607837 5.2534E-16            1.9924E-16 6.1641E-10 3.6320E-10 5.2131E-09 3.3649E-09 5.8296E-09 7.72E-08 1.70E-06   1.532 0.6000 6.7757E-06    542.200
 6780.00 0.23445377 4.9356E-16            2.0839E-16 7.3255E-10 4.0804E-10 6.9171E-09 4.4673E-09 7.6496E-09 1.03E-07 1.77E-06   1.450 0.6000 6.7547E-06    551.202
 6790.00 0.16750418 4.8070E-16            1.4467E-16 4.6537E-10 2.7233E-10 3.8237E-09 2.4573E-09 4.2891E-09 5.64E-08 1.38E-06   1.787 0.6000 6.7748E-06    534.410
 6800.00 0.11736897 4.7121E-16            9.5056E-17 2.4233E-10 1.6768E-10 1.0474E-09 6.6667E-10 1.2897E-09 1.53E-08 1.12E-06   2.142 0.6000 6.8220E-06    502.072
 6810.00 0.13857910 4.5449E-16            1.0691E-16 3.0145E-10 2.0536E-10 1.4549E-09 9.3303E-10 1.7563E-09 2.14E-08 1.27E-06   1.976 0.6000 6.8556E-06    510.790
 6820.00 0.18151064 4.2215E-16            1.3346E-16 4.8986E-10 2.9591E-10 3.6440E-09 2.3007E-09 4.1338E-09 5.28E-08 1.48E-06   1.706 0.6000 6.8481E-06    535.305
 6830.00 0.23338266 3.8803E-16            1.6498E-16 7.0070E-10 4.0473E-10 6.0211E-09 3.8484E-09 6.7218E-09 8.83E-08 1.74E-06   1.455 0.6000 6.8317E-06    550.559
 6840.00 0.25109905 3.7512E-16            1.7044E-16 7.2936E-10 4.3645E-10 6.1515E-09 4.0865E-09 6.8808E-09 9.38E-08 1.87E-06   1.382 0.6000 6.8521E-06    551.953
 6850.00 0.27249762 3.5944E-16            1.7584E-16 7.9864E-10 4.8152E-10 6.8980E-09 4.6904E-09 7.6967E-09 1.08E-07 2.00E-06   1.300 0.6000 6.8884E-06    556.118
 6860.00 0.27940303 3.4348E-16            1.7412E-16 8.2245E-10 4.9481E-10 6.9265E-09 4.6768E-09 7.7490E-09 1.07E-07 2.06E-06   1.275 0.6000 6.8754E-06    557.005
 6870.00 0.24231438 3.3843E-16            1.4481E-16 6.5408E-10 4.0748E-10 4.7227E-09 3.1339E-09 5.3768E-09 7.19E-08 1.88E-06   1.418 0.6000 6.8340E-06    546.412
 6880.00 0.19133906 3.2364E-16            1.0989E-16 4.7755E-10 3.0521E-10 2.9694E-09 1.9027E-09 3.4469E-09 4.37E-08 1.55E-06   1.654 0.6000 6.8218E-06    533.955
 6890.00 0.13849226 3.0343E-16            7.5948E-17 3.2448E-10 2.1246E-10 1.6647E-09 1.0363E-09 1.9892E-09 2.38E-08 1.21E-06   1.977 0.6000 6.8428E-06    519.212
 6900.00 0.13055888 2.9245E-16            6.7454E-17 2.9823E-10 1.9912E-10 1.3080E-09 8.0921E-10 1.6063E-09 1.86E-08 1.18E-06   2.036 0.6000 6.8815E-06    514.091
 6910.00 0.12373231 2.8233E-16            6.2003E-17 2.8593E-10 1.8992E-10 1.2182E-09 7.4954E-10 1.5041E-09 1.72E-08 1.17E-06   2.090 0.6000 6.8929E-06    512.975
 6920.00 0.09522095 2.7115E-16            4.5549E-17 2.0221E-10 1.3820E-10 5.7428E-10 3.3683E-10 7.7649E-10 7.73E-09 1.01E-06   2.352 0.6000 6.8623E-06    496.663
 6930.00 0.08364339 2.6256E-16            3.8139E-17 1.6166E-10 1.1343E-10 2.6843E-10 1.4269E-10 4.3009E-10 3.28E-09 9.34E-07   2.481 0.6000 6.8107E-06    483.041
 6940.00 0.07526504 2.5124E-16            3.2909E-17 1.4344E-10 1.0007E-10 2.1280E-10 1.1308E-10 3.5624E-10 2.60E-09 8.57E-07   2.587 0.6000 6.8089E-06    479.263
 6950.00 0.06733005 2.3677E-16            2.8066E-17 1.2741E-10 8.8169E-11 1.7620E-10 9.2865E-11 3.0360E-10 2.13E-09 7.71E-07   2.698 0.6000 6.8882E-06    476.201
 6960.00 0.06252089 2.2443E-16            2.4879E-17 1.1642E-10 7.9400E-11 1.4592E-10 7.1015E-11 2.6234E-10 1.63E-09 7.14E-07   2.772 0.6000 6.9428E-06    473.494
 6970.00 0.05649989 2.1116E-16            2.1563E-17 1.0683E-10 7.2096E-11 1.3399E-10 6.0956E-11 2.4082E-10 1.40E-09 6.58E-07   2.874 0.6000 6.9442E-06    472.168
 6980.00 0.06650569 1.9721E-16            2.4019E-17 1.3751E-10 9.2743E-11 3.3423E-10 1.5990E-10 4.7174E-10 3.67E-09 7.10E-07   2.710 0.6000 6.9226E-06    488.202
 6990.00 0.07882172 1.8762E-16            2.7428E-17 1.7590E-10 1.1750E-10 5.2264E-10 2.5414E-10 6.9855E-10 5.83E-09 8.14E-07   2.541 0.6000 6.8758E-06    498.307
 7000.00 0.06398079 1.7936E-16            2.1533E-17 1.5156E-10 9.9156E-11 3.3482E-10 1.6573E-10 4.8638E-10 3.80E-09 7.62E-07   2.749 0.6000 6.8430E-06    490.125
 7010.00 0.04994756 1.7258E-16            1.5947E-17 1.2198E-10 7.8708E-11 1.2302E-10 6.2838E-11 2.4501E-10 1.44E-09 7.17E-07   2.997 0.6000 6.8446E-06    474.879
 7020.00 0.04322863 1.6510E-16            1.3252E-17 1.0607E-10 6.8229E-11 6.7794E-11 3.2259E-11 1.7386E-10 7.40E-10 6.90E-07   3.141 0.6000 6.8587E-06    467.905
 7030.00 0.03099562 1.5311E-16            9.1030E-18 7.9327E-11 4.9933E-11 3.1253E-11 1.2600E-11 1.1058E-10 2.89E-10 5.64E-07   3.474 0.6000 6.8804E-06    458.861
 7040.00 0.01776544 1.3878E-16            5.0525E-18 4.9036E-11 2.9968E-11 1.3498E-11 5.1767E-12 6.2535E-11 1.19E-10 3.94E-07   4.031 0.6000 6.9241E-06    447.846
 7050.00 0.01316252 1.3091E-16            3.4821E-18 3.8658E-11 2.2942E-11 4.7983E-12 1.2991E-12 4.3456E-11 2.98E-11 3.41E-07   4.330 0.6000 6.9654E-06    441.298
 7060.00 0.01540577 1.2497E-16            3.9181E-18 4.3669E-11 2.5916E-11 7.1749E-12 1.9945E-12 5.0844E-11 4.58E-11 3.55E-07   4.173 0.6000 6.9745E-06    444.880
 7070.00 0.01218631 1.1467E-16            2.9968E-18 3.3606E-11 2.0451E-11 4.8225E-12 1.1490E-12 3.8429E-11 2.64E-11 2.88E-07   4.407 0.6000 6.9472E-06    440.033
 7080.00 0.00817691 1.0701E-16            1.9265E-18 2.3195E-11 1.4401E-11 1.9050E-12 2.0209E-13 2.5100E-11 4.64E-12 2.30E-07   4.806 0.6000 6.9266E-06    432.605
 7090.00 0.00406874 9.7558E-17            9.4359E-19 1.3853E-11 8.0451E-12 7.6205E-13 6.9011E-14 1.4615E-11 1.58E-12 1.50E-07   5.504 0.6000 6.9620E-06    423.415
 7100.00 0.00104204 8.8186E-17            2.2406E-19 6.3395E-12 3.2105E-12 8.6255E-15 1.3371E-16 6.3482E-12 3.07E-15 8.60E-08   6.867 0.6000 7.0005E-06    409.758
 7110.00 0.00077041 8.2130E-17            1.5795E-19 5.0922E-12 2.5883E-12 2.9773E-15 3.1750E-18 5.0953E-12 7.29E-17 7.33E-08   7.169 0.6000 6.9990E-06    406.680
 7120.00 0.00090367 7.8091E-17            1.7381E-19 5.1322E-12 2.6599E-12 8.6685E-15 2.9917E-17 5.1409E-12 6.87E-16 7.12E-08   7.009 0.6000 6.9887E-06    407.328
 7130.00 0.00111225 7.3659E-17            2.0781E-19 5.3144E-12 2.9133E-12 1.5010E-14 5.7448E-17 5.3295E-12 1.32E-15 7.27E-08   6.801 0.6000 6.9753E-06    408.416
 7140.00 0.00073313 6.7680E-17            1.3313E-19 3.7893E-12 2.0437E-12 8.2790E-15 3.0320E-17 3.7976E-12 6.96E-16 5.40E-08   7.218 0.6000 6.9783E-06    403.478
 7150.00 0.00046995 6.5196E-17            7.9421E-20 3.1628E-12 1.6048E-12 1.5663E-15 1.8300E-18 3.1645E-12 4.20E-17 4.82E-08   7.663 0.6000 7.0207E-06    401.104
 7160.00 0.00035470 6.0655E-17            5.9355E-20 2.5049E-12 1.2453E-12 1.0837E-15 6.7996E-19 2.5061E-12 1.56E-17 3.76E-08   7.944 0.6000 7.0442E-06    397.980
 7170.00 0.00013329 5.5464E-17            2.1355E-20 1.3617E-12 5.8250E-13 3.2832E-16 1.9744E-19 1.3621E-12 4.53E-18 1.96E-08   8.923 0.6000 7.0380E-06    389.303
 7180.00 0.00017306 5.5556E-17            2.4985E-20 2.0410E-12 8.7912E-13 1.4078E-16 2.2075E-20 2.0411E-12 5.07E-19 3.04E-08   8.662 0.6000 7.0432E-06    395.826
 7190.00 0.00029223 5.6095E-17            4.1417E-20 3.1048E-12 1.4127E-12 2.5911E-16 3.9280E-20 3.1051E-12 9.02E-19 4.72E-08   8.138 0.6000 7.0507E-06    402.787
 7200.00 0.00023071 5.2688E-17            3.2154E-20 2.6218E-12 1.1611E-12 2.0226E-16 2.8437E-20 2.6221E-12 6.53E-19 3.95E-08   8.374 0.6000 7.0521E-06    400.645
 7210.00 0.00007983 4.6833E-17            1.0871E-20 1.2476E-12 4.7671E-13 5.7665E-17 7.2214E-21 1.2477E-12 1.66E-19 1.76E-08   9.436 0.6000 7.0502E-06    389.938
 7220.00 0.00000956 4.1320E-17            1.2474E-21 3.6352E-13 9.2953E-14 4.5092E-19 1.2088E-23 3.6357E-13 2.77E-22 4.06E-09  11.558 0.6000 7.0446E-06    373.126
 7230.00 0.00000108 3.7314E-17            1.2288E-22 1.1349E-13 1.6901E-14 2.0184E-20 1.5110E-25 1.1353E-13 3.47E-24 9.10E-10  13.735 0.6000 7.0408E-06    358.598
 7240.00 0.00002623 3.6613E-17            2.7867E-21 4.2637E-13 1.4905E-13 2.3825E-17 2.9966E-21 4.2643E-13 6.88E-20 5.71E-09  10.548 0.6000 7.0504E-06    376.202
 7250.00 0.00013489 3.8477E-17            1.4200E-20 1.4194E-12 6.1694E-13 1.4823E-16 1.8470E-20 1.4196E-12 4.24E-19 2.10E-08   8.911 0.6000 7.0557E-06    393.767
 7260.00 0.00023354 3.9388E-17            2.4296E-20 2.3030E-12 1.0324E-12 2.3956E-16 2.8796E-20 2.3033E-12 6.61E-19 3.42E-08   8.362 0.6000 7.0317E-06    401.584
 7270.00 0.00016981 3.7700E-17            1.7318E-20 2.0781E-12 8.1854E-13 1.3025E-16 1.4194E-20 2.0783E-12 3.26E-19 2.80E-08   8.681 0.6000 7.0248E-06    400.490
 7280.00 0.00005280 3.4115E-17            5.2053E-21 1.1679E-12 3.3095E-13 1.5719E-17 8.9692E-22 1.1679E-12 2.06E-20 1.25E-08   9.849 0.6000 7.0505E-06    392.322
 7290.00 0.00000717 3.0288E-17            6.9020E-22 4.1090E-13 7.1031E-14 6.0811E-19 2.5518E-23 4.1093E-13 5.86E-22 3.08E-09  11.845 0.6000 7.0431E-06    378.013
 7300.00 0.00000026 2.7666E-17            2.3463E-23 1.1175E-13 8.4121E-15 2.1601E-22 0.0000E+00 1.1178E-13 0.00E+00 5.28E-10  15.152 0.6000 7.0189E-06    361.516
 7310.00 0.00000045 2.6226E-17            3.6443E-23 1.3337E-13 1.4597E-14 1.1353E-22 0.0000E+00 1.3340E-13 0.00E+00 8.70E-10  14.610 0.6000 7.0333E-06    364.176
 7320.00 0.00000087 2.5305E-17            6.8636E-23 2.1018E-13 2.6987E-14 2.6551E-22 0.0000E+00 2.1020E-13 0.00E+00 1.54E-09  13.953 0.6000 7.0575E-06    370.454
 7330.00 0.00000084 2.3764E-17            6.4101E-23 2.0246E-13 2.6770E-14 3.1999E-22 0.0000E+00 2.0248E-13 0.00E+00 1.51E-09  13.994 0.6000 7.0608E-06    370.419
 7340.00 0.00000052 2.2155E-17            3.8801E-23 1.4633E-13 1.8317E-14 2.3164E-22 0.0000E+00 1.4636E-13 0.00E+00 1.04E-09  14.463 0.6000 7.0598E-06    366.691
 7350.00 0.00000032 2.1692E-17            2.2838E-23 1.6011E-13 1.5749E-14 1.0065E-22 0.0000E+00 1.6013E-13 0.00E+00 9.33E-10  14.943 0.6000 7.0639E-06    368.289
 7360.00 0.00000553 2.1878E-17            3.5024E-22 3.9128E-13 7.6042E-14 1.4551E-19 0.0000E+00 3.9130E-13 0.00E+00 3.47E-09  12.105 0.6000 7.0545E-06    380.578
 7370.00 0.00002050 2.1728E-17            1.2590E-21 7.8929E-13 2.1196E-13 3.5678E-18 0.0000E+00 7.8932E-13 0.00E+00 8.49E-09  10.795 0.6000 7.0393E-06    390.896
 7380.00 0.00017403 2.1611E-17            1.0017E-20 2.2007E-12 9.1532E-13 8.8516E-16 3.7180E-18 2.2016E-12 8.53E-17 2.69E-08   8.656 0.6000 7.0613E-06    406.746
 7390.00 0.00111817 2.2683E-17            6.2015E-20 7.2848E-12 3.5914E-12 1.1527E-13 1.2013E-14 7.4001E-12 2.76E-13 8.25E-08   6.796 0.6000 7.0976E-06    427.064
 7400.00 0.00774847 2.4650E-17            4.1469E-19 2.7757E-11 1.5973E-11 2.9950E-12 5.2501E-13 3.0752E-11 1.20E-11 2.42E-07   4.860 0.6000 7.0984E-06    453.516
 7410.00 0.02287975 2.6056E-17            1.1848E-18 7.0152E-11 4.2863E-11 2.3056E-11 8.2975E-12 9.3208E-11 1.90E-10 4.89E-07   3.778 0.6000 7.0971E-06    476.556
 7420.00 0.05761275 2.6542E-17            2.8484E-18 1.7826E-10 1.0904E-10 2.8968E-10 1.5166E-10 4.6794E-10 3.48E-09 8.39E-07   2.854 0.6000 7.1146E-06    514.191
 7430.00 0.11711254 2.6442E-17            5.5834E-18 4.0455E-10 2.3614E-10 1.4856E-09 8.6201E-10 1.8902E-09 1.98E-08 1.29E-06   2.145 0.6000 7.1259E-06    551.886
 7440.00 0.21279599 2.4802E-17            9.7243E-18 9.0172E-10 4.7716E-10 5.8791E-09 3.5926E-09 6.7809E-09 8.25E-08 1.85E-06   1.547 0.6000 7.1299E-06    591.516
 7450.00 0.31148303 2.2434E-17            1.3738E-17 1.5069E-09 7.3943E-10 1.2247E-08 7.5135E-09 1.3754E-08 1.72E-07 2.36E-06   1.166 0.6000 7.1175E-06    616.256
 7460.00 0.35718119 2.0588E-17            1.5147E-17 1.8980E-09 8.6740E-10 1.7396E-08 1.0571E-08 1.9294E-08 2.43E-07 2.52E-06   1.030 0.6000 7.0906E-06    629.182
 7470.00 0.38280967 1.8941E-17            1.5514E-17 2.2211E-09 9.5405E-10 2.2003E-08 1.3316E-08 2.4224E-08 3.06E-07 2.57E-06   0.960 0.6000 7.0907E-06    638.391
 7480.00 0.40977126 1.7408E-17            1.5889E-17 2.5617E-09 1.0555E-09 2.6708E-08 1.6176E-08 2.9269E-08 3.71E-07 2.67E-06   0.892 0.6000 7.1223E-06    646.355
 7490.00 0.41566947 1.6378E-17            1.5440E-17 2.6217E-09 1.0830E-09 2.7986E-08 1.7192E-08 3.0608E-08 3.95E-07 2.67E-06   0.878 0.6000 7.1374E-06    648.805
 7500.00 0.37804839 1.6421E-17            1.3478E-17 2.1372E-09 9.4596E-10 2.1866E-08 1.3852E-08 2.4003E-08 3.18E-07 2.48E-06   0.973 0.6000 7.1172E-06    640.149
 7510.00 0.35780010 1.6198E-17            1.2119E-17 1.8660E-09 8.6598E-10 1.8257E-08 1.1795E-08 2.0123E-08 2.71E-07 2.37E-06   1.028 0.6000 7.0813E-06    634.219
 7520.00 0.41705257 1.4482E-17            1.3450E-17 2.5802E-09 1.0808E-09 2.7747E-08 1.7530E-08 3.0327E-08 4.02E-07 2.64E-06   0.875 0.6000 7.0648E-06    650.574
 7530.00 0.51050949 1.2072E-17            1.5743E-17 4.0779E-09 1.4683E-09 4.8182E-08 2.9814E-08 5.2260E-08 6.84E-07 3.03E-06   0.672 0.6000 7.0874E-06    673.309
 7540.00 0.58804256 9.9991E-18            1.7383E-17 5.6580E-09 1.8357E-09 6.9909E-08 4.2884E-08 7.5567E-08 9.84E-07 3.35E-06   0.531 0.6000 7.1274E-06    689.843
 7550.00 0.60657406 9.1588E-18            1.7213E-17 6.1207E-09 1.9514E-09 7.6458E-08 4.7244E-08 8.2578E-08 1.08E-06 3.44E-06   0.500 0.6000 7.1536E-06    694.501
 7560.00 0.60081083 8.8298E-18            1.6277E-17 6.0046E-09 1.9330E-09 7.5185E-08 4.6862E-08 8.1190E-08 1.08E-06 3.41E-06   0.509 0.6000 7.1541E-06    694.492
 7570.00 0.60943240 8.2051E-18            1.5790E-17 6.3055E-09 1.9774E-09 7.9074E-08 4.8898E-08 8.5380E-08 1.12E-06 3.41E-06   0.495 0.6000 7.1522E-06    697.475
 7580.00 0.63348627 7.3531E-18            1.5667E-17 7.2298E-09 2.1296E-09 9.1042E-08 5.5565E-08 9.8272E-08 1.28E-06 3.50E-06   0.457 0.6000 7.1545E-06    704.562
 7590.00 0.67696923 6.2866E-18            1.6006E-17 8.4022E-09 2.3550E-09 1.0695E-07 6.4920E-08 1.1535E-07 1.49E-06 3.65E-06   0.390 0.6000 7.1136E-06    712.688
 7600.00 0.67109513 6.1419E-18            1.5233E-17 7.8366E-09 2.2905E-09 1.0004E-07 6.1482E-08 1.0788E-07 1.41E-06 3.61E-06   0.399 0.6000 7.0611E-06    710.338
 7610.00 0.65183771 6.2395E-18            1.4100E-17 7.1776E-09 2.1902E-09 9.1246E-08 5.6786E-08 9.8423E-08 1.30E-06 3.55E-06   0.428 0.6000 7.0538E-06    706.880
 7620.00 0.68435472 5.4548E-18            1.4132E-17 8.3739E-09 2.3948E-09 1.0655E-07 6.5433E-08 1.1493E-07 1.50E-06 3.69E-06   0.379 0.6000 7.0796E-06    714.781
 7630.00 0.72032773 4.6507E-18            1.4243E-17 9.6080E-09 2.6112E-09 1.2244E-07 7.4195E-08 1.3205E-07 1.70E-06 3.84E-06   0.328 0.6000 7.1379E-06    722.071
 7640.00 0.73800015 4.1845E-18            1.3957E-17 1.0256E-08 2.7257E-09 1.3057E-07 7.8676E-08 1.4082E-07 1.81E-06 3.93E-06   0.304 0.6000 7.1800E-06    725.901
 7650.00 0.74867898 3.8313E-18            1.3537E-17 1.0960E-08 2.8179E-09 1.3895E-07 8.3367E-08 1.4991E-07 1.91E-06 3.96E-06   0.289 0.6000 7.1803E-06    729.677
 7660.00 0.75678140 3.5269E-18            1.3083E-17 1.1599E-08 2.8897E-09 1.4644E-07 8.7577E-08 1.5803E-07 2.01E-06 3.97E-06   0.279 0.6000 7.1588E-06    733.004
 7670.00 0.77061898 3.1967E-18            1.2725E-17 1.2185E-08 2.9778E-09 1.5354E-07 9.1746E-08 1.6572E-07 2.11E-06 4.01E-06   0.261 0.6000 7.1321E-06    736.095
 7680.00 0.79602391 2.7505E-18            1.2565E-17 1.3033E-08 3.1368E-09 1.6427E-07 9.8116E-08 1.7731E-07 2.25E-06 4.11E-06   0.228 0.6000 7.1450E-06    740.197
 7690.00 0.81850153 2.3546E-18            1.2358E-17 1.3946E-08 3.2894E-09 1.7563E-07 1.0465E-07 1.8958E-07 2.40E-06 4.20E-06   0.200 0.6000 7.1780E-06    744.303
 7700.00 0.83146715 2.0980E-18            1.2004E-17 1.4486E-08 3.3689E-09 1.8257E-07 1.0839E-07 1.9706E-07 2.49E-06 4.24E-06   0.185 0.6000 7.1868E-06    747.020
 7710.00 0.83267581 2.0112E-18            1.1497E-17 1.4214E-08 3.3549E-09 1.8002E-07 1.0693E-07 1.9423E-07 2.45E-06 4.25E-06   0.183 0.6000 7.1886E-06    747.066
 7720.00 0.84713620 1.7712E-18            1.1168E-17 1.4893E-08 3.4454E-09 1.8779E-07 1.1069E-07 2.0268E-07 2.54E-06 4.29E-06   0.166 0.6000 7.1889E-06    749.989
 7730.00 0.87056816 1.4143E-18            1.0980E-17 1.6290E-08 3.6085E-09 2.0349E-07 1.1867E-07 2.1978E-07 2.72E-06 4.36E-06   0.139 0.6000 7.1806E-06    754.890
 7740.00 0.87897688 1.2511E-18            1.0600E-17 1.6850E-08 3.6671E-09 2.0952E-07 1.2175E-07 2.2637E-07 2.79E-06 4.36E-06   0.129 0.6000 7.1648E-06    757.188
 7750.00 0.88315821 1.1463E-18            1.0183E-17 1.7069E-08 3.6917E-09 2.1208E-07 1.2309E-07 2.2915E-07 2.82E-06 4.35E-06   0.124 0.6000 7.1502E-06    758.594
 7760.00 0.88475335 1.0781E-18            9.7528E-18 1.7166E-08 3.7107E-09 2.1327E-07 1.2378E-07 2.3043E-07 2.84E-06 4.36E-06   0.122 0.6000 7.1615E-06    759.662
 7770.00 0.89411575 9.3982E-19            9.4170E-18 1.7871E-08 3.7835E-09 2.2075E-07 1.2742E-07 2.3862E-07 2.92E-06 4.38E-06   0.112 0.6000 7.1631E-06    762.253
 7780.00 0.90493107 7.8868E-19            9.1149E-18 1.8428E-08 3.8192E-09 2.2652E-07 1.2989E-07 2.4495E-07 2.98E-06 4.35E-06   0.100 0.6000 7.0902E-06    764.396
 7790.00 0.90668613 7.3420E-19            8.7315E-18 1.7867E-08 3.7020E-09 2.1976E-07 1.2581E-07 2.3763E-07 2.89E-06 4.20E-06   0.098 0.6000 6.8714E-06    763.596
 7800.00 0.90364295 7.2516E-19            8.3203E-18 1.7096E-08 3.5850E-09 2.1114E-07 1.2102E-07 2.2824E-07 2.78E-06 4.08E-06   0.101 0.6000 6.7369E-06    762.282
 7810.00 0.89798367 7.3829E-19            7.9038E-18 1.6873E-08 3.6106E-09 2.0991E-07 1.2061E-07 2.2678E-07 2.77E-06 4.14E-06   0.108 0.6000 6.9368E-06    762.729
 7820.00 0.89449900 7.3047E-19            7.5250E-18 1.6849E-08 3.6589E-09 2.1112E-07 1.2154E-07 2.2797E-07 2.79E-06 4.21E-06   0.111 0.6000 7.1634E-06    763.776
 7830.00 0.89321727 7.0251E-19            7.1832E-18 1.6558E-08 3.6336E-09 2.0888E-07 1.2046E-07 2.2544E-07 2.76E-06 4.18E-06   0.113 0.6000 7.2243E-06    763.977
 7840.00 0.89109915 6.8154E-19            6.8510E-18 1.6012E-08 3.5699E-09 2.0369E-07 1.1777E-07 2.1971E-07 2.70E-06 4.12E-06   0.115 0.6000 7.2267E-06    763.420
 7850.00 0.88581026 6.8369E-19            6.5108E-18 1.5254E-08 3.4793E-09 1.9575E-07 1.1355E-07 2.1101E-07 2.61E-06 4.04E-06   0.121 0.6000 7.2206E-06    762.112
 7860.00 0.87876272 6.9636E-19            6.1743E-18 1.4405E-08 3.3684E-09 1.8637E-07 1.0841E-07 2.0078E-07 2.49E-06 3.96E-06   0.129 0.6000 7.2335E-06    760.338
 7870.00 0.85553694 7.8472E-19            5.7517E-18 1.2356E-08 3.0279E-09 1.6263E-07 9.5529E-08 1.7498E-07 2.19E-06 3.64E-06   0.156 0.6000 7.2316E-06    754.139
 7880.00 0.83206791 8.7146E-19            5.3425E-18 1.0472E-08 2.6945E-09 1.4012E-07 8.3308E-08 1.5059E-07 1.91E-06 3.31E-06   0.184 0.6000 7.1976E-06    747.436
 7890.00 0.84341609 7.8319E-19            5.1701E-18 1.1301E-08 2.8438E-09 1.4959E-07 8.8361E-08 1.6089E-07 2.03E-06 3.45E-06   0.170 0.6000 7.1857E-06    751.472
 7900.00 0.85902214 6.7337E-19            5.0375E-18 1.2395E-08 3.0629E-09 1.6310E-07 9.5967E-08 1.7549E-07 2.20E-06 3.66E-06   0.152 0.6000 7.2023E-06    756.586
 7910.00 0.86143792 6.3266E-19            4.8289E-18 1.2631E-08 3.1198E-09 1.6603E-07 9.7796E-08 1.7866E-07 2.24E-06 3.70E-06   0.149 0.6000 7.2108E-06    758.255
 7920.00 0.86917645 5.7199E-19            4.6561E-18 1.3557E-08 3.2614E-09 1.7578E-07 1.0285E-07 1.8934E-07 2.36E-06 3.82E-06   0.140 0.6000 7.2183E-06    761.968
 7930.00 0.88143915 4.9441E-19            4.5133E-18 1.5006E-08 3.4606E-09 1.9061E-07 1.1036E-07 2.0561E-07 2.53E-06 3.98E-06   0.126 0.6000 7.2285E-06    766.965
 7940.00 0.89199311 4.2841E-19            4.3665E-18 1.6436E-08 3.6387E-09 2.0425E-07 1.1718E-07 2.2069E-07 2.69E-06 4.11E-06   0.114 0.6000 7.2311E-06    771.405
 7950.00 0.89864165 3.8254E-19            4.2054E-18 1.7544E-08 3.7706E-09 2.1420E-07 1.2220E-07 2.3174E-07 2.80E-06 4.21E-06   0.107 0.6000 7.2265E-06    774.735
 7960.00 0.90219218 3.5184E-19            4.0360E-18 1.8255E-08 3.8567E-09 2.2030E-07 1.2536E-07 2.3856E-07 2.88E-06 4.26E-06   0.103 0.6000 7.2285E-06    777.037
 7970.00 0.90462762 3.2737E-19            3.8683E-18 1.8791E-08 3.9215E-09 2.2474E-07 1.2765E-07 2.4353E-07 2.93E-06 4.31E-06   0.100 0.6000 7.2354E-06    778.905
 7980.00 0.90695685 3.0452E-19            3.7071E-18 1.9271E-08 3.9762E-09 2.2859E-07 1.2960E-07 2.4786E-07 2.97E-06 4.34E-06   0.098 0.6000 7.2300E-06    780.617
 7990.00 0.90880871 2.8467E-19            3.5508E-18 1.9730E-08 4.0314E-09 2.3226E-07 1.3148E-07 2.5199E-07 3.02E-06 4.37E-06   0.096 0.6000 7.2366E-06    782.275
 8000.00 0.90987217 2.6864E-19            3.3981E-18 2.0151E-08 4.0879E-09 2.3563E-07 1.3325E-07 2.5578E-07 3.06E-06 4.41E-06   0.094 0.6000 7.2648E-06    783.850
 8010.00 0.91047502 2.5503E-19            3.2502E-18 2.0438E-08 4.1233E-09 2.3757E-07 1.3423E-07 2.5801E-07 3.08E-06 4.44E-06   0.094 0.6000 7.2716E-06    785.093
 8020.00 0.91160148 2.4031E-19            3.1105E-18 2.0710E-08 4.1505E-09 2.3932E-07 1.3508E-07 2.6003E-07 3.10E-06 4.45E-06   0.093 0.6000 7.2605E-06    786.291
 8030.00 0.91264224 2.2641E-19            2.9766E-18 2.0937E-08 4.1719E-09 2.4071E-07 1.3575E-07 2.6164E-07 3.12E-06 4.45E-06   0.091 0.6000 7.2458E-06    787.402
 8040.00 0.91298491 2.1539E-19            2.8462E-18 2.1044E-08 4.1792E-09 2.4090E-07 1.3577E-07 2.6195E-07 3.12E-06 4.44E-06   0.091 0.6000 7.2231E-06    788.245
 8050.00 0.91215962 2.0820E-19            2.7182E-18 2.1091E-08 4.1895E-09 2.4067E-07 1.3561E-07 2.6176E-07 3.11E-06 4.45E-06   0.092 0.6000 7.2285E-06    788.986
 8060.00 0.91117644 2.0187E-19            2.5952E-18 2.1151E-08 4.2049E-09 2.4065E-07 1.3558E-07 2.6180E-07 3.11E-06 4.46E-06   0.093 0.6000 7.2476E-06    789.774
 8070.00 0.91099745 1.9337E-19            2.4801E-18 2.1281E-08 4.2246E-09 2.4130E-07 1.3589E-07 2.6258E-07 3.12E-06 4.48E-06   0.093 0.6000 7.2610E-06    790.714
 8080.00 0.90948516 1.8846E-19            2.3668E-18 2.1290E-08 4.2366E-09 2.4086E-07 1.3565E-07 2.6215E-07 3.11E-06 4.49E-06   0.095 0.6000 7.2842E-06    791.404
 8090.00 0.90802819 1.8379E-19            2.2584E-18 2.1234E-08 4.2354E-09 2.3968E-07 1.3498E-07 2.6092E-07 3.10E-06 4.49E-06   0.096 0.6000 7.2860E-06    791.930
 8100.00 0.90374488 1.8487E-19            2.1488E-18 2.0841E-08 4.1962E-09 2.3520E-07 1.3262E-07 2.5604E-07 3.04E-06 4.47E-06   0.101 0.6000 7.2698E-06    791.693
 8110.00 0.89820594 1.8901E-19            2.0410E-18 2.0341E-08 4.1517E-09 2.2974E-07 1.2980E-07 2.5008E-07 2.98E-06 4.45E-06   0.107 0.6000 7.2664E-06    791.206
 8120.00 0.89653778 1.8406E-19            1.9471E-18 2.0323E-08 4.1545E-09 2.2891E-07 1.2935E-07 2.4923E-07 2.97E-06 4.45E-06   0.109 0.6000 7.2742E-06    791.800
 8130.00 0.89274257 1.8274E-19            1.8535E-18 2.0130E-08 4.1389E-09 2.2640E-07 1.2811E-07 2.4653E-07 2.94E-06 4.45E-06   0.113 0.6000 7.2822E-06    791.993
 8140.00 0.88249040 1.9292E-19            1.7514E-18 1.9257E-08 4.0442E-09 2.1710E-07 1.2331E-07 2.3636E-07 2.83E-06 4.40E-06   0.125 0.6000 7.2616E-06    790.514
 8150.00 0.87271690 2.0136E-19            1.6551E-18 1.8449E-08 3.9557E-09 2.0843E-07 1.1886E-07 2.2688E-07 2.73E-06 4.35E-06   0.136 0.6000 7.2459E-06    789.108
 8160.00 0.87049067 1.9646E-19            1.5777E-18 1.8358E-08 3.9551E-09 2.0717E-07 1.1828E-07 2.2553E-07 2.71E-06 4.36E-06   0.139 0.6000 7.2774E-06    789.564
 8170.00 0.86482537 1.9530E-19            1.4988E-18 1.8155E-08 3.9248E-09 2.0439E-07 1.1677E-07 2.2255E-07 2.68E-06 4.34E-06   0.145 0.6000 7.2972E-06    789.631
 8180.00 0.85808986 1.9590E-19            1.4208E-18 1.7990E-08 3.8881E-09 2.0161E-07 1.1519E-07 2.1960E-07 2.64E-06 4.31E-06   0.153 0.6000 7.2941E-06    789.694
 8190.00 0.86117321 1.8343E-19            1.3623E-18 1.8200E-08 3.9169E-09 2.0340E-07 1.1606E-07 2.2160E-07 2.66E-06 4.31E-06   0.149 0.6000 7.2980E-06    790.946
 8200.00 0.86536849 1.7033E-19            1.3086E-18 1.8274E-08 3.9408E-09 2.0412E-07 1.1652E-07 2.2239E-07 2.67E-06 4.32E-06   0.145 0.6000 7.3007E-06    791.907
 8210.00 0.86190212 1.6701E-19            1.2461E-18 1.8223E-08 3.9352E-09 2.0238E-07 1.1547E-07 2.2061E-07 2.65E-06 4.33E-06   0.149 0.6000 7.3098E-06    792.250
 8220.00 0.84282064 1.8181E-19            1.1655E-18 1.7181E-08 3.8156E-09 1.9058E-07 1.0921E-07 2.0777E-07 2.51E-06 4.30E-06   0.171 0.6000 7.3230E-06    789.845
 8230.00 0.82254887 1.9791E-19            1.0867E-18 1.5760E-08 3.6672E-09 1.7604E-07 1.0204E-07 1.9180E-07 2.34E-06 4.24E-06   0.195 0.6000 7.3208E-06    786.416
 8240.00 0.81283224 1.9998E-19            1.0261E-18 1.5073E-08 3.5817E-09 1.6863E-07 9.8079E-08 1.8370E-07 2.25E-06 4.20E-06   0.207 0.6000 7.3020E-06    784.932
 8250.00 0.81016320 1.9231E-19            9.7707E-19 1.5160E-08 3.5496E-09 1.6816E-07 9.7106E-08 1.8332E-07 2.23E-06 4.15E-06   0.211 0.6000 7.2536E-06    785.586
 8260.00 0.81498045 1.7615E-19            9.3917E-19 1.5870E-08 3.5838E-09 1.7403E-07 9.9685E-08 1.8990E-07 2.29E-06 4.10E-06   0.205 0.6000 7.1613E-06    788.189
 8270.00 0.81092525 1.7001E-19            8.9373E-19 1.5821E-08 3.5504E-09 1.7290E-07 9.8911E-08 1.8873E-07 2.27E-06 4.04E-06   0.210 0.6000 7.1087E-06    788.629
 8280.00 0.81269699 1.6245E-19            8.5529E-19 1.5915E-08 3.5881E-09 1.7412E-07 9.9705E-08 1.9004E-07 2.29E-06 4.08E-06   0.207 0.6000 7.1770E-06    789.755
 8290.00 0.81987965 1.4793E-19            8.2520E-19 1.6491E-08 3.6818E-09 1.8004E-07 1.0280E-07 1.9653E-07 2.36E-06 4.14E-06   0.199 0.6000 7.2625E-06    792.283
 8300.00 0.79636937 1.5591E-19            7.6699E-19 1.5340E-08 3.4961E-09 1.6722E-07 9.5508E-08 1.8256E-07 2.19E-06 4.01E-06   0.228 0.6000 7.2217E-06    789.185
 8310.00 0.77185863 1.6824E-19            7.0947E-19 1.3932E-08 3.3059E-09 1.5190E-07 8.7411E-08 1.6583E-07 2.01E-06 3.91E-06   0.259 0.6000 7.1770E-06    784.962
 8320.00 0.77988225 1.5908E-19            6.8460E-19 1.4184E-08 3.4032E-09 1.5466E-07 8.9645E-08 1.6884E-07 2.06E-06 4.02E-06   0.249 0.6000 7.2469E-06    786.650
 8330.00 0.77970469 1.5326E-19            6.5504E-19 1.4015E-08 3.3965E-09 1.5283E-07 8.8946E-08 1.6684E-07 2.04E-06 4.02E-06   0.249 0.6000 7.2200E-06    786.793
 8340.00 0.77004683 1.5191E-19            6.1772E-19 1.3706E-08 3.2998E-09 1.4850E-07 8.6037E-08 1.6220E-07 1.97E-06 3.91E-06   0.261 0.6000 7.0950E-06    786.097
 8350.00 0.78677565 1.3472E-19            6.0274E-19 1.4646E-08 3.4375E-09 1.5828E-07 9.1027E-08 1.7293E-07 2.09E-06 3.99E-06   0.240 0.6000 7.1160E-06    790.166
 8360.00 0.80351269 1.2029E-19            5.8887E-19 1.5126E-08 3.5866E-09 1.6454E-07 9.5137E-08 1.7966E-07 2.18E-06 4.12E-06   0.219 0.6000 7.2347E-06    792.919
 8370.00 0.80673933 1.1346E-19            5.6487E-19 1.5426E-08 3.6519E-09 1.6732E-07 9.6817E-08 1.8275E-07 2.22E-06 4.17E-06   0.215 0.6000 7.3058E-06    794.571
 8380.00 0.81096244 1.0489E-19            5.4265E-19 1.6122E-08 3.7183E-09 1.7315E-07 9.9296E-08 1.8927E-07 2.28E-06 4.20E-06   0.210 0.6000 7.3335E-06    797.176
 8390.00 0.81063271 1.0072E-19            5.1870E-19 1.5961E-08 3.7067E-09 1.7138E-07 9.8384E-08 1.8734E-07 2.26E-06 4.19E-06   0.210 0.6000 7.3341E-06    797.399
 8400.00 0.79272318 1.0464E-19            4.8521E-19 1.4816E-08 3.5421E-09 1.5929E-07 9.2036E-08 1.7411E-07 2.11E-06 4.08E-06   0.232 0.6000 7.2526E-06    794.318
 8410.00 0.74960011 1.1734E-19            4.3886E-19 1.2993E-08 3.2222E-09 1.3868E-07 8.0364E-08 1.5167E-07 1.84E-06 3.87E-06   0.288 0.6000 7.1674E-06    787.934
 8420.00 0.73632413 1.1806E-19            4.1064E-19 1.2616E-08 3.1617E-09 1.3387E-07 7.7474E-08 1.4649E-07 1.78E-06 3.85E-06   0.306 0.6000 7.2225E-06    786.907
 8430.00 0.76016843 1.0429E-19            4.0526E-19 1.3649E-08 3.3515E-09 1.4446E-07 8.3419E-08 1.5811E-07 1.91E-06 3.99E-06   0.274 0.6000 7.2991E-06    791.583
 8440.00 0.76457852 9.8289E-20            3.9009E-19 1.3587E-08 3.3466E-09 1.4334E-07 8.2938E-08 1.5693E-07 1.90E-06 3.98E-06   0.268 0.6000 7.2470E-06    791.951
 8450.00 0.73872268 1.0149E-19            3.6052E-19 1.2571E-08 3.1561E-09 1.3216E-07 7.6509E-08 1.4473E-07 1.76E-06 3.83E-06   0.303 0.6000 7.1747E-06    788.547
 8460.00 0.71402603 1.0448E-19            3.3265E-19 1.1970E-08 3.0358E-09 1.2471E-07 7.1899E-08 1.3668E-07 1.65E-06 3.77E-06   0.337 0.6000 7.2270E-06    786.380
 8470.00 0.74817586 9.0092E-20            3.3212E-19 1.3780E-08 3.3195E-09 1.4269E-07 8.1470E-08 1.5647E-07 1.87E-06 3.95E-06   0.290 0.6000 7.3026E-06    794.063
 8480.00 0.76412046 8.0039E-20            3.2533E-19 1.4976E-08 3.4750E-09 1.5451E-07 8.7880E-08 1.6948E-07 2.02E-06 4.00E-06   0.269 0.6000 7.2900E-06    798.976
 8490.00 0.74947160 8.0448E-20            3.0453E-19 1.4799E-08 3.4069E-09 1.5182E-07 8.6247E-08 1.6662E-07 1.98E-06 3.93E-06   0.288 0.6000 7.2573E-06    798.842
 8500.00 0.77064818 7.1303E-20            2.9914E-19 1.5616E-08 3.5388E-09 1.5993E-07 9.0475E-08 1.7555E-07 2.08E-06 4.01E-06   0.261 0.6000 7.2412E-06    802.337
 8510.00 0.74903333 7.4080E-20            2.7869E-19 1.4306E-08 3.3721E-09 1.4612E-07 8.3264E-08 1.6042E-07 1.91E-06 3.95E-06   0.289 0.6000 7.2558E-06    798.376
 8520.00 0.71743733 8.0114E-20            2.5436E-19 1.2672E-08 3.1754E-09 1.2927E-07 7.4766E-08 1.4194E-07 1.72E-06 3.87E-06   0.332 0.6000 7.3199E-06    792.803
 8530.00 0.74239445 7.1147E-20            2.5125E-19 1.3460E-08 3.3584E-09 1.3835E-07 8.0161E-08 1.5181E-07 1.84E-06 3.99E-06   0.298 0.6000 7.3626E-06    797.019
 8540.00 0.76163280 6.3736E-20            2.4680E-19 1.4004E-08 3.4718E-09 1.4445E-07 8.3720E-08 1.5845E-07 1.92E-06 4.05E-06   0.272 0.6000 7.3314E-06    799.995
 8550.00 0.74923247 6.4180E-20            2.3213E-19 1.3365E-08 3.3734E-09 1.3732E-07 8.0048E-08 1.5069E-07 1.84E-06 3.99E-06   0.289 0.6000 7.2868E-06    798.139
 8560.00 0.71730703 6.8576E-20            2.1254E-19 1.1867E-08 3.1502E-09 1.2116E-07 7.1454E-08 1.3302E-07 1.64E-06 3.89E-06   0.332 0.6000 7.2873E-06    792.481
 8570.00 0.67400181 7.4273E-20            1.9091E-19 1.0048E-08 2.8591E-09 1.0138E-07 6.0537E-08 1.1142E-07 1.39E-06 3.74E-06   0.395 0.6000 7.2877E-06    784.288
 8580.00 0.65628248 7.4579E-20            1.7724E-19 9.3351E-09 2.7374E-09 9.3252E-08 5.5787E-08 1.0259E-07 1.28E-06 3.68E-06   0.421 0.6000 7.2681E-06    780.925
 8590.00 0.67527729 6.8113E-20            1.7413E-19 9.9760E-09 2.8570E-09 9.9602E-08 5.9081E-08 1.0958E-07 1.36E-06 3.76E-06   0.393 0.6000 7.2771E-06    784.935
 8600.00 0.66374725 6.6426E-20            1.6413E-19 9.7690E-09 2.7981E-09 9.6377E-08 5.7070E-08 1.0615E-07 1.31E-06 3.71E-06   0.410 0.6000 7.2690E-06    784.091
 8610.00 0.59090328 7.4148E-20            1.3991E-19 7.6104E-09 2.3607E-09 7.2231E-08 4.3409E-08 7.9841E-08 9.96E-07 3.43E-06   0.526 0.6000 7.2133E-06    770.920
 8620.00 0.52830380 7.9280E-20            1.1923E-19 5.8859E-09 1.9964E-09 5.2942E-08 3.1919E-08 5.8828E-08 7.33E-07 3.19E-06   0.638 0.6000 7.2181E-06    757.259
 8630.00 0.50873226 7.7846E-20            1.0956E-19 5.5039E-09 1.8978E-09 4.8301E-08 2.8560E-08 5.3805E-08 6.55E-07 3.15E-06   0.676 0.6000 7.2946E-06    753.869
 8640.00 0.48652682 7.6801E-20            1.0028E-19 4.9954E-09 1.7735E-09 4.2894E-08 2.5141E-08 4.7890E-08 5.77E-07 3.07E-06   0.720 0.6000 7.3497E-06    749.286
 8650.00 0.43719819 7.8173E-20            8.6353E-20 4.0128E-09 1.5155E-09 3.2839E-08 1.9092E-08 3.6852E-08 4.38E-07 2.87E-06   0.827 0.6000 7.3687E-06    738.339
 8660.00 0.37828556 7.9622E-20            7.1432E-20 3.0817E-09 1.2436E-09 2.3472E-08 1.3522E-08 2.6554E-08 3.10E-07 2.60E-06   0.972 0.6000 7.3772E-06    724.948
 8670.00 0.33894169 7.8510E-20            6.0902E-20 2.5307E-09 1.0669E-09 1.7926E-08 1.0129E-08 2.0457E-08 2.32E-07 2.41E-06   1.082 0.6000 7.3648E-06    714.793
 8680.00 0.32269436 7.5855E-20            5.5367E-20 2.2658E-09 9.8320E-10 1.5095E-08 8.3328E-09 1.7361E-08 1.91E-07 2.33E-06   1.131 0.6000 7.3455E-06    708.811
 8690.00 0.30672315 7.3900E-20            5.0394E-20 2.0261E-09 9.1064E-10 1.2828E-08 7.0654E-09 1.4854E-08 1.62E-07 2.25E-06   1.182 0.6000 7.3501E-06    703.266
 8700.00 0.30387202 7.0485E-20            4.7558E-20 2.0313E-09 9.0726E-10 1.3186E-08 7.2730E-09 1.5217E-08 1.67E-07 2.22E-06   1.191 0.6000 7.3606E-06    704.896
 8710.00 0.27929509 6.7440E-20            4.2062E-20 1.8791E-09 8.3094E-10 1.2229E-08 6.7228E-09 1.4108E-08 1.54E-07 2.08E-06   1.275 0.6000 7.3749E-06    702.576
 8720.00 0.21151569 6.7548E-20            3.0500E-20 1.1759E-09 5.6776E-10 6.0865E-09 3.2659E-09 7.2624E-09 7.50E-08 1.75E-06   1.553 0.6000 7.3809E-06    678.010
 8730.00 0.19940396 6.5946E-20            2.7042E-20 9.4563E-10 4.9645E-10 3.8046E-09 1.9327E-09 4.7502E-09 4.44E-08 1.70E-06   1.612 0.6000 7.3426E-06    663.444
 8740.00 0.27604362 6.0290E-20            3.5633E-20 1.6603E-09 7.7500E-10 9.7908E-09 5.3204E-09 1.1451E-08 1.22E-07 2.07E-06   1.287 0.6000 7.2969E-06    696.445
 8750.00 0.35208109 5.4956E-20            4.3768E-20 2.3327E-09 1.0463E-09 1.5210E-08 8.4093E-09 1.7542E-08 1.93E-07 2.44E-06   1.044 0.6000 7.2807E-06    713.972
 8760.00 0.36424804 5.1817E-20            4.3495E-20 2.4392E-09 1.0847E-09 1.5931E-08 8.7130E-09 1.8370E-08 2.00E-07 2.49E-06   1.010 0.6000 7.2603E-06    716.523
 8770.00 0.37813154 4.8304E-20            4.2942E-20 2.7788E-09 1.1642E-09 1.9221E-08 1.0423E-08 2.2000E-08 2.39E-07 2.53E-06   0.973 0.6000 7.2417E-06    724.628
 8780.00 0.39296314 4.5780E-20            4.2821E-20 2.9456E-09 1.2193E-09 2.0707E-08 1.1239E-08 2.3653E-08 2.58E-07 2.60E-06   0.934 0.6000 7.2500E-06    728.342
 8790.00 0.34438139 4.6128E-20            3.6035E-20 2.2074E-09 9.9963E-10 1.3915E-08 7.5055E-09 1.6122E-08 1.72E-07 2.40E-06   1.066 0.6000 7.2881E-06    713.267
 8800.00 0.23618922 4.4471E-20            2.3886E-20 1.2470E-09 6.3401E-10 6.3893E-09 3.3958E-09 7.6362E-09 7.79E-08 1.81E-06   1.443 0.6000 7.3405E-06    685.074
 8810.00 0.12374099 4.0638E-20            1.2012E-20 5.7200E-10 3.1101E-10 2.1636E-09 1.1201E-09 2.7356E-09 2.57E-08 1.11E-06   2.090 0.6000 7.3411E-06    649.648
 8820.00 0.13207495 4.0023E-20            1.1708E-20 6.2107E-10 3.3349E-10 2.2520E-09 1.1882E-09 2.8731E-09 2.73E-08 1.19E-06   2.024 0.6000 7.3116E-06    651.911
 8830.00 0.25756097 4.0210E-20            2.1960E-20 1.4351E-09 7.1152E-10 7.2861E-09 3.9672E-09 8.7212E-09 9.11E-08 1.98E-06   1.356 0.6000 7.3218E-06    692.002
 8840.00 0.30146626 3.8631E-20            2.5103E-20 1.7819E-09 8.5629E-10 9.8494E-09 5.3799E-09 1.1631E-08 1.23E-07 2.22E-06   1.199 0.6000 7.3193E-06    703.692
 8850.00 0.21451707 3.7738E-20            1.7255E-20 1.1340E-09 5.6767E-10 5.5596E-09 2.9685E-09 6.6935E-09 6.81E-08 1.73E-06   1.539 0.6000 7.2948E-06    683.466
 8860.00 0.15998916 3.6829E-20            1.2102E-20 6.6129E-10 3.7304E-10 1.9873E-09 9.4523E-10 2.6486E-09 2.17E-08 1.45E-06   1.833 0.6000 7.3080E-06    651.689
 8870.00 0.15511936 3.4671E-20            1.1229E-20 6.5170E-10 3.6657E-10 1.8384E-09 8.6702E-10 2.4901E-09 1.99E-08 1.41E-06   1.864 0.6000 7.3040E-06    650.260
 8880.00 0.15337834 3.2423E-20            1.0586E-20 6.8995E-10 3.7595E-10 2.1486E-09 1.0464E-09 2.8385E-09 2.40E-08 1.38E-06   1.875 0.6000 7.2651E-06    655.253
 8890.00 0.17235981 3.0617E-20            1.1321E-20 8.1429E-10 4.3839E-10 2.7778E-09 1.3448E-09 3.5921E-09 3.09E-08 1.50E-06   1.758 0.6000 7.2926E-06    663.893
 8900.00 0.16029018 2.8687E-20            1.0175E-20 7.5665E-10 4.1143E-10 2.5482E-09 1.2046E-09 3.3048E-09 2.76E-08 1.42E-06   1.831 0.6000 7.3671E-06    661.662
 8910.00 0.14705303 2.7368E-20            8.8364E-21 6.8590E-10 3.7700E-10 2.2607E-09 1.0780E-09 2.9466E-09 2.47E-08 1.34E-06   1.917 0.6000 7.3798E-06    658.388
 8920.00 0.18208988 2.7119E-20            1.0417E-20 8.7235E-10 4.7190E-10 3.0561E-09 1.5051E-09 3.9284E-09 3.45E-08 1.60E-06   1.703 0.6000 7.3306E-06    668.890
 8930.00 0.20856155 2.6350E-20            1.1446E-20 1.1030E-09 5.6242E-10 4.4342E-09 2.2620E-09 5.5372E-09 5.19E-08 1.78E-06   1.568 0.6000 7.2962E-06    681.716
 8940.00 0.21885727 2.4513E-20            1.1469E-20 1.3711E-09 6.4098E-10 6.5836E-09 3.4950E-09 7.9547E-09 8.02E-08 1.83E-06   1.519 0.6000 7.3258E-06    695.729
 8950.00 0.22575913 2.2678E-20            1.1343E-20 1.5276E-09 6.9211E-10 7.7682E-09 4.2801E-09 9.2959E-09 9.82E-08 1.83E-06   1.488 0.6000 7.3660E-06    702.298
 8960.00 0.27887115 2.0771E-20            1.3231E-20 2.2321E-09 9.2594E-10 1.3933E-08 8.0402E-09 1.6165E-08 1.85E-07 2.07E-06   1.277 0.6000 7.3648E-06    724.823
 8970.00 0.36738524 1.8869E-20            1.6715E-20 3.4914E-09 1.3281E-09 2.4976E-08 1.4680E-08 2.8468E-08 3.37E-07 2.52E-06   1.001 0.6000 7.3529E-06    749.333
 8980.00 0.43445641 1.7101E-20            1.8948E-20 4.8142E-09 1.6820E-09 3.7180E-08 2.1965E-08 4.1994E-08 5.04E-07 2.83E-06   0.834 0.6000 7.3342E-06    767.340
 8990.00 0.50681865 1.4829E-20            2.1108E-20 6.5855E-09 2.1049E-09 5.3936E-08 3.1528E-08 6.0522E-08 7.24E-07 3.15E-06   0.680 0.6000 7.3257E-06    785.079
 9000.00 0.57284570 1.2697E-20            2.2835E-20 8.3557E-09 2.5175E-09 7.0971E-08 4.1263E-08 7.9327E-08 9.47E-07 3.44E-06   0.557 0.6000 7.3514E-06    798.911
 9010.00 0.61173850 1.1369E-20            2.3336E-20 9.3749E-09 2.7523E-09 8.1579E-08 4.7481E-08 9.0954E-08 1.09E-06 3.59E-06   0.491 0.6000 7.3733E-06    806.439
 9020.00 0.63538593 1.0432E-20            2.3171E-20 1.0126E-08 2.8757E-09 8.9489E-08 5.1561E-08 9.9615E-08 1.18E-06 3.64E-06   0.454 0.6000 7.3679E-06    811.759
 9030.00 0.65104038 9.6439E-21            2.2682E-20 1.0675E-08 2.9617E-09 9.5405E-08 5.4765E-08 1.0608E-07 1.26E-06 3.67E-06   0.429 0.6000 7.3588E-06    815.697
 9040.00 0.65852040 9.0912E-21            2.1931E-20 1.0699E-08 2.9819E-09 9.6126E-08 5.5377E-08 1.0682E-07 1.27E-06 3.69E-06   0.418 0.6000 7.3599E-06    816.789
 9050.00 0.68539739 8.0742E-21            2.1779E-20 1.1790E-08 3.1643E-09 1.0622E-07 6.0480E-08 1.1801E-07 1.39E-06 3.78E-06   0.378 0.6000 7.3646E-06    822.667
 9060.00 0.70875448 7.1651E-21            2.1551E-20 1.2625E-08 3.3245E-09 1.1432E-07 6.4972E-08 1.2694E-07 1.49E-06 3.85E-06   0.344 0.6000 7.3428E-06    827.216
 9070.00 0.71323538 6.7594E-21            2.0712E-20 1.2695E-08 3.3421E-09 1.1530E-07 6.5837E-08 1.2800E-07 1.51E-06 3.83E-06   0.338 0.6000 7.2972E-06    828.390
 9080.00 0.73025864 6.0953E-21            2.0255E-20 1.3651E-08 3.4918E-09 1.2407E-07 7.0553E-08 1.3772E-07 1.62E-06 3.89E-06   0.314 0.6000 7.3079E-06    833.000
 9090.00 0.74589282 5.5081E-21            1.9774E-20 1.4275E-08 3.6154E-09 1.3000E-07 7.3867E-08 1.4428E-07 1.70E-06 3.95E-06   0.293 0.6000 7.3252E-06    836.221
 9100.00 0.76621532 4.8831E-21            1.9389E-20 1.5384E-08 3.7536E-09 1.3963E-07 7.8547E-08 1.5502E-07 1.80E-06 3.99E-06   0.266 0.6000 7.2682E-06    840.823
 9110.00 0.79482615 4.0936E-21            1.9223E-20 1.7644E-08 4.0069E-09 1.5868E-07 8.7665E-08 1.7633E-07 2.01E-06 4.07E-06   0.230 0.6000 7.2205E-06    848.587
 9120.00 0.80738264 3.6388E-21            1.8681E-20 1.8770E-08 4.1329E-09 1.6795E-07 9.2020E-08 1.8672E-07 2.11E-06 4.10E-06   0.214 0.6000 7.2094E-06    852.497
 9130.00 0.81237394 3.3939E-21            1.7948E-20 1.8816E-08 4.1227E-09 1.6810E-07 9.1904E-08 1.8692E-07 2.11E-06 4.07E-06   0.208 0.6000 7.1178E-06    853.309
 9140.00 0.81917989 3.1211E-21            1.7289E-20 1.9333E-08 4.1662E-09 1.7177E-07 9.3814E-08 1.9111E-07 2.15E-06 4.05E-06   0.199 0.6000 7.0568E-06    855.293
 9150.00 0.82911074 2.7977E-21            1.6715E-20 2.1167E-08 4.3980E-09 1.8612E-07 1.0111E-07 2.0729E-07 2.32E-06 4.18E-06   0.187 0.6000 7.2128E-06    860.595
 9160.00 0.84541339 2.4002E-21            1.6284E-20 2.3262E-08 4.6821E-09 2.0356E-07 1.0971E-07 2.2682E-07 2.52E-06 4.34E-06   0.168 0.6000 7.3863E-06    866.450
 9170.00 0.84731811 2.2604E-21            1.5606E-20 2.3224E-08 4.7100E-09 2.0386E-07 1.0990E-07 2.2709E-07 2.52E-06 4.36E-06   0.166 0.6000 7.4176E-06    867.275
 9180.00 0.85192633 2.1134E-21            1.4978E-20 2.3284E-08 4.7171E-09 2.0420E-07 1.0996E-07 2.2749E-07 2.52E-06 4.35E-06   0.160 0.6000 7.3726E-06    868.135
 9190.00 0.86208141 1.8702E-21            1.4490E-20 2.4049E-08 4.7815E-09 2.0972E-07 1.1242E-07 2.3377E-07 2.58E-06 4.35E-06   0.148 0.6000 7.3037E-06    870.453
 9200.00 0.85327071 1.8906E-21            1.3709E-20 2.3498E-08 4.7225E-09 2.0461E-07 1.1000E-07 2.2811E-07 2.52E-06 4.32E-06   0.159 0.6000 7.3118E-06    869.809
 9210.00 0.85004419 1.8550E-21            1.3035E-20 2.3565E-08 4.7640E-09 2.0503E-07 1.1029E-07 2.2859E-07 2.53E-06 4.36E-06   0.162 0.6000 7.4125E-06    870.690
 9220.00 0.85911983 1.6660E-21            1.2587E-20 2.4333E-08 4.8546E-09 2.1110E-07 1.1313E-07 2.3544E-07 2.60E-06 4.40E-06   0.152 0.6000 7.4164E-06    873.141
 9230.00 0.86693907 1.4992E-21            1.2136E-20 2.4871E-08 4.8768E-09 2.1469E-07 1.1469E-07 2.3956E-07 2.63E-06 4.36E-06   0.143 0.6000 7.3102E-06    874.900
 9240.00 0.87313342 1.3589E-21            1.1679E-20 2.5463E-08 4.9283E-09 2.1888E-07 1.1659E-07 2.4434E-07 2.68E-06 4.36E-06   0.136 0.6000 7.2720E-06    876.802
 9250.00 0.87192833 1.3097E-21            1.1146E-20 2.5635E-08 4.9786E-09 2.2020E-07 1.1738E-07 2.4584E-07 2.69E-06 4.40E-06   0.137 0.6000 7.3487E-06    877.916
 9260.00 0.87465745 1.2263E-21            1.0674E-20 2.6263E-08 5.0584E-09 2.2475E-07 1.1954E-07 2.5102E-07 2.74E-06 4.44E-06   0.134 0.6000 7.4078E-06    879.888
 9270.00 0.87912416 1.1222E-21            1.0255E-20 2.6797E-08 5.1062E-09 2.2829E-07 1.2096E-07 2.5509E-07 2.78E-06 4.46E-06   0.129 0.6000 7.4104E-06    881.587
 9280.00 0.87744695 1.0882E-21            9.7781E-21 2.6845E-08 5.1228E-09 2.2824E-07 1.2082E-07 2.5508E-07 2.77E-06 4.48E-06   0.131 0.6000 7.4587E-06    882.348
 9290.00 0.88174087 1.0012E-21            9.3852E-21 2.7326E-08 5.1745E-09 2.3171E-07 1.2244E-07 2.5903E-07 2.81E-06 4.48E-06   0.126 0.6000 7.4560E-06    884.007
 9300.00 0.88479090 9.2737E-22            9.0000E-21 2.7461E-08 5.1784E-09 2.3244E-07 1.2277E-07 2.5990E-07 2.82E-06 4.46E-06   0.122 0.6000 7.4024E-06    884.966
 9310.00 0.88471782 8.8770E-22            8.5956E-21 2.7404E-08 5.1732E-09 2.3172E-07 1.2231E-07 2.5913E-07 2.81E-06 4.45E-06   0.122 0.6000 7.3972E-06    885.554
 9320.00 0.88646543 8.3306E-22            8.2283E-21 2.7491E-08 5.1858E-09 2.3225E-07 1.2228E-07 2.5974E-07 2.81E-06 4.45E-06   0.121 0.6000 7.4057E-06    886.453
 9330.00 0.88761997 7.8588E-22            7.8713E-21 2.7668E-08 5.2153E-09 2.3351E-07 1.2273E-07 2.6118E-07 2.82E-06 4.47E-06   0.119 0.6000 7.4414E-06    887.541
 9340.00 0.88745886 7.5058E-22            7.5189E-21 2.7454E-08 5.1786E-09 2.3154E-07 1.2164E-07 2.5899E-07 2.79E-06 4.43E-06   0.119 0.6000 7.3961E-06    887.810
 9350.00 0.88660324 7.2246E-22            7.1759E-21 2.6869E-08 5.0859E-09 2.2668E-07 1.1908E-07 2.5355E-07 2.73E-06 4.35E-06   0.120 0.6000 7.2905E-06    887.328
 9360.00 0.88749748 6.8304E-22            6.8619E-21 2.7058E-08 5.1185E-09 2.2819E-07 1.1973E-07 2.5525E-07 2.75E-06 4.36E-06   0.119 0.6000 7.3394E-06    888.480
 9370.00 0.88866651 6.4343E-22            6.5642E-21 2.7547E-08 5.1982E-09 2.3198E-07 1.2157E-07 2.5953E-07 2.79E-06 4.42E-06   0.118 0.6000 7.4390E-06    890.218
 9380.00 0.88899404 6.1198E-22            6.2733E-21 2.7772E-08 5.2343E-09 2.3344E-07 1.2222E-07 2.6121E-07 2.81E-06 4.44E-06   0.118 0.6000 7.4784E-06    891.360
 9390.00 0.88923645 5.8286E-22            5.9947E-21 2.8055E-08 5.2786E-09 2.3521E-07 1.2304E-07 2.6326E-07 2.82E-06 4.46E-06   0.117 0.6000 7.5226E-06    892.583
 9400.00 0.88964105 5.5454E-22            5.7294E-21 2.8269E-08 5.3040E-09 2.3624E-07 1.2349E-07 2.6451E-07 2.83E-06 4.47E-06   0.117 0.6000 7.5274E-06    893.624
 9410.00 0.89011300 5.2724E-22            5.4763E-21 2.8390E-08 5.3093E-09 2.3641E-07 1.2348E-07 2.6480E-07 2.83E-06 4.46E-06   0.116 0.6000 7.4984E-06    894.450
 9420.00 0.89080054 5.0021E-22            5.2355E-21 2.8555E-08 5.3194E-09 2.3692E-07 1.2364E-07 2.6547E-07 2.84E-06 4.46E-06   0.116 0.6000 7.4737E-06    895.362
 9430.00 0.89147228 4.7441E-22            5.0054E-21 2.8687E-08 5.3241E-09 2.3718E-07 1.2368E-07 2.6586E-07 2.84E-06 4.44E-06   0.115 0.6000 7.4438E-06    896.212
 9440.00 0.89179486 4.5171E-22            4.7834E-21 2.8835E-08 5.3369E-09 2.3761E-07 1.2382E-07 2.6644E-07 2.84E-06 4.44E-06   0.115 0.6000 7.4314E-06    897.103
 9450.00 0.89223838 4.2966E-22            4.5718E-21 2.9195E-08 5.3855E-09 2.3970E-07 1.2483E-07 2.6890E-07 2.86E-06 4.47E-06   0.114 0.6000 7.4631E-06    898.409
 9460.00 0.89282334 4.0807E-22            4.3703E-21 2.9735E-08 5.4634E-09 2.4319E-07 1.2655E-07 2.7293E-07 2.90E-06 4.52E-06   0.113 0.6000 7.5307E-06    900.056
 9470.00 0.89335847 3.8773E-22            4.1774E-21 3.0144E-08 5.5179E-09 2.4561E-07 1.2772E-07 2.7576E-07 2.93E-06 4.55E-06   0.113 0.6000 7.5669E-06    901.433
 9480.00 0.89382058 3.6866E-22            3.9927E-21 3.0323E-08 5.5317E-09 2.4619E-07 1.2794E-07 2.7651E-07 2.94E-06 4.55E-06   0.112 0.6000 7.5508E-06    902.360
 9490.00 0.89416593 3.5090E-22            3.8157E-21 3.0438E-08 5.5375E-09 2.4634E-07 1.2793E-07 2.7677E-07 2.94E-06 4.54E-06   0.112 0.6000 7.5287E-06    903.179
 9500.00 0.89431351 3.3470E-22            3.6457E-21 3.0615E-08 5.5584E-09 2.4704E-07 1.2822E-07 2.7766E-07 2.94E-06 4.55E-06   0.112 0.6000 7.5332E-06    904.132
 9510.00 0.89442617 3.1938E-22            3.4831E-21 3.0809E-08 5.5837E-09 2.4792E-07 1.2861E-07 2.7873E-07 2.95E-06 4.56E-06   0.112 0.6000 7.5456E-06    905.126
 9520.00 0.89459687 3.0450E-22            3.3280E-21 3.0966E-08 5.6021E-09 2.4854E-07 1.2885E-07 2.7950E-07 2.96E-06 4.57E-06   0.111 0.6000 7.5501E-06    906.054
 9530.00 0.89472198 2.9044E-22            3.1796E-21 3.1131E-08 5.6229E-09 2.4922E-07 1.2913E-07 2.8035E-07 2.96E-06 4.57E-06   0.111 0.6000 7.5583E-06    907.000
 9540.00 0.89476949 2.7730E-22            3.0376E-21 3.1223E-08 5.6308E-09 2.4930E-07 1.2909E-07 2.8052E-07 2.96E-06 4.57E-06   0.111 0.6000 7.5481E-06    907.798
 9550.00 0.89476573 2.6489E-22            2.9017E-21 3.1111E-08 5.6036E-09 2.4778E-07 1.2823E-07 2.7890E-07 2.94E-06 4.54E-06   0.111 0.6000 7.4938E-06    908.212
 9560.00 0.89471734 2.5312E-22            2.7717E-21 3.1078E-08 5.5928E-09 2.4697E-07 1.2774E-07 2.7805E-07 2.93E-06 4.53E-06   0.111 0.6000 7.4649E-06    908.791
 9570.00 0.89465261 2.4193E-22            2.6475E-21 3.1364E-08 5.6398E-09 2.4870E-07 1.2857E-07 2.8006E-07 2.95E-06 4.56E-06   0.111 0.6000 7.5139E-06    909.988
 9580.00 0.89458597 2.3122E-22            2.5289E-21 3.1573E-08 5.6730E-09 2.4982E-07 1.2908E-07 2.8140E-07 2.96E-06 4.58E-06   0.111 0.6000 7.5450E-06    911.036
 9590.00 0.89441192 2.2122E-22            2.4153E-21 3.1606E-08 5.6770E-09 2.4959E-07 1.2890E-07 2.8120E-07 2.96E-06 4.57E-06   0.112 0.6000 7.5400E-06    911.755
 9600.00 0.89420909 2.1174E-22            2.3067E-21 3.1699E-08 5.6925E-09 2.4985E-07 1.2897E-07 2.8155E-07 2.96E-06 4.58E-06   0.112 0.6000 7.5514E-06    912.592
 9610.00 0.89412785 2.0240E-22            2.2033E-21 3.1743E-08 5.6969E-09 2.4969E-07 1.2882E-07 2.8144E-07 2.96E-06 4.58E-06   0.112 0.6000 7.5459E-06    913.331
 9620.00 0.89403164 1.9349E-22            2.1044E-21 3.1749E-08 5.6942E-09 2.4922E-07 1.2851E-07 2.8097E-07 2.95E-06 4.57E-06   0.112 0.6000 7.5310E-06    913.993
 9630.00 0.89386469 1.8511E-22            2.0099E-21 3.1735E-08 5.6899E-09 2.4863E-07 1.2813E-07 2.8037E-07 2.94E-06 4.56E-06   0.112 0.6000 7.5159E-06    914.625
 9640.00 0.89367580 1.7714E-22            1.9195E-21 3.1768E-08 5.6948E-09 2.4843E-07 1.2796E-07 2.8020E-07 2.94E-06 4.55E-06   0.112 0.6000 7.5137E-06    915.351
 9650.00 0.89354283 1.6942E-22            1.8333E-21 3.1934E-08 5.7217E-09 2.4923E-07 1.2831E-07 2.8117E-07 2.94E-06 4.57E-06   0.113 0.6000 7.5380E-06    916.320
 9660.00 0.89344651 1.6196E-22            1.7511E-21 3.1964E-08 5.7232E-09 2.4895E-07 1.2809E-07 2.8091E-07 2.94E-06 4.56E-06   0.113 0.6000 7.5277E-06    917.027
 9670.00 0.89317590 1.5511E-22            1.6722E-21 3.1860E-08 5.7045E-09 2.4768E-07 1.2738E-07 2.7954E-07 2.92E-06 4.54E-06   0.113 0.6000 7.4952E-06    917.493
 9680.00 0.89281255 1.4871E-22            1.5967E-21 3.1925E-08 5.7177E-09 2.4775E-07 1.2735E-07 2.7968E-07 2.92E-06 4.55E-06   0.113 0.6000 7.5073E-06    918.283
 9690.00 0.89234030 1.4272E-22            1.5244E-21 3.2120E-08 5.7565E-09 2.4887E-07 1.2787E-07 2.8099E-07 2.93E-06 4.58E-06   0.114 0.6000 7.5554E-06    919.327
 9700.00 0.89185190 1.3703E-22            1.4553E-21 3.2195E-08 5.7744E-09 2.4905E-07 1.2791E-07 2.8125E-07 2.94E-06 4.59E-06   0.114 0.6000 7.5765E-06    920.144
 9710.00 0.89114600 1.3181E-22            1.3891E-21 3.2096E-08 5.7652E-09 2.4794E-07 1.2729E-07 2.8004E-07 2.92E-06 4.58E-06   0.115 0.6000 7.5663E-06    920.644
 9720.00 0.88948160 1.2801E-22            1.3244E-21 3.1896E-08 5.7541E-09 2.4625E-07 1.2643E-07 2.7814E-07 2.90E-06 4.58E-06   0.117 0.6000 7.5725E-06    920.992
 9730.00 0.88836491 1.2371E-22            1.2635E-21 3.1863E-08 5.7626E-09 2.4571E-07 1.2614E-07 2.7757E-07 2.90E-06 4.58E-06   0.118 0.6000 7.5932E-06    921.628
 9740.00 0.88884443 1.1760E-22            1.2075E-21 3.2053E-08 5.7850E-09 2.4662E-07 1.2651E-07 2.7867E-07 2.90E-06 4.59E-06   0.118 0.6000 7.6014E-06    922.628
 9750.00 0.88894701 1.1210E-22            1.1536E-21 3.2142E-08 5.7948E-09 2.4681E-07 1.2652E-07 2.7895E-07 2.90E-06 4.59E-06   0.118 0.6000 7.6000E-06    923.448
 9760.00 0.88649642 1.0960E-22            1.0990E-21 3.1797E-08 5.7668E-09 2.4407E-07 1.2518E-07 2.7587E-07 2.87E-06 4.58E-06   0.120 0.6000 7.5985E-06    923.534
 9770.00 0.88447714 1.0690E-22            1.0472E-21 3.1456E-08 5.7340E-09 2.4133E-07 1.2380E-07 2.7279E-07 2.84E-06 4.56E-06   0.123 0.6000 7.5836E-06    923.610
 9780.00 0.88637483 1.0030E-22            1.0023E-21 3.1693E-08 5.7417E-09 2.4233E-07 1.2413E-07 2.7402E-07 2.85E-06 4.55E-06   0.121 0.6000 7.5446E-06    924.644
 9790.00 0.88840866 9.3771E-23            9.5971E-22 3.2014E-08 5.7628E-09 2.4396E-07 1.2478E-07 2.7597E-07 2.86E-06 4.54E-06   0.118 0.6000 7.5202E-06    925.834
 9800.00 0.88712573 9.0602E-23            9.1547E-22 3.1833E-08 5.7430E-09 2.4224E-07 1.2386E-07 2.7407E-07 2.84E-06 4.53E-06   0.120 0.6000 7.5082E-06    926.172
 9810.00 0.88586414 8.7641E-23            8.7314E-22 3.1651E-08 5.7204E-09 2.4045E-07 1.2291E-07 2.7210E-07 2.82E-06 4.51E-06   0.121 0.6000 7.4911E-06    926.492
 9820.00 0.88737243 8.2509E-23            8.3538E-22 3.2078E-08 5.7720E-09 2.4303E-07 1.2412E-07 2.7511E-07 2.85E-06 4.53E-06   0.119 0.6000 7.5153E-06    927.921
 9830.00 0.88832438 7.8004E-23            7.9887E-22 3.2418E-08 5.8188E-09 2.4511E-07 1.2509E-07 2.7752E-07 2.87E-06 4.55E-06   0.118 0.6000 7.5446E-06    929.213
 9840.00 0.88769132 7.4964E-23            7.6252E-22 3.2352E-08 5.8137E-09 2.4428E-07 1.2466E-07 2.7663E-07 2.86E-06 4.54E-06   0.119 0.6000 7.5370E-06    929.775
 9850.00 0.88695478 7.2117E-23            7.2774E-22 3.2302E-08 5.8141E-09 2.4360E-07 1.2428E-07 2.7590E-07 2.85E-06 4.54E-06   0.120 0.6000 7.5403E-06    930.373
 9860.00 0.88708103 6.8822E-23            6.9517E-22 3.2508E-08 5.8455E-09 2.4465E-07 1.2471E-07 2.7716E-07 2.86E-06 4.56E-06   0.120 0.6000 7.5677E-06    931.409
 9870.00 0.88667578 6.5918E-23            6.6376E-22 3.2601E-08 5.8637E-09 2.4493E-07 1.2479E-07 2.7753E-07 2.86E-06 4.57E-06   0.120 0.6000 7.5877E-06    932.249
 9880.00 0.88534933 6.3774E-23            6.3305E-22 3.2453E-08 5.8555E-09 2.4359E-07 1.2410E-07 2.7604E-07 2.85E-06 4.57E-06   0.122 0.6000 7.5920E-06    932.679
 9890.00 0.88362056 6.1895E-23            6.0354E-22 3.2224E-08 5.8423E-09 2.4179E-07 1.2321E-07 2.7401E-07 2.83E-06 4.56E-06   0.124 0.6000 7.5973E-06    932.985
 9900.00 0.87933600 6.1493E-23            5.7373E-22 3.1544E-08 5.7893E-09 2.3707E-07 1.2098E-07 2.6861E-07 2.78E-06 4.55E-06   0.129 0.6000 7.6017E-06    932.526
 9910.00 0.87724811 5.9969E-23            5.4655E-22 3.1252E-08 5.7636E-09 2.3469E-07 1.1978E-07 2.6594E-07 2.75E-06 4.54E-06   0.131 0.6000 7.5974E-06    932.673
 9920.00 0.88071269 5.5527E-23            5.2405E-22 3.1920E-08 5.8178E-09 2.3845E-07 1.2141E-07 2.7037E-07 2.79E-06 4.55E-06   0.127 0.6000 7.5861E-06    934.439
 9930.00 0.88409233 5.1301E-23            5.0254E-22 3.2294E-08 5.8252E-09 2.4019E-07 1.2205E-07 2.7248E-07 2.80E-06 4.52E-06   0.123 0.6000 7.5164E-06    935.672
 9940.00 0.88433951 4.8845E-23            4.8017E-22 3.1669E-08 5.7036E-09 2.3503E-07 1.1936E-07 2.6669E-07 2.74E-06 4.41E-06   0.123 0.6000 7.3418E-06    935.114
 9950.00 0.88298535 4.7256E-23            4.5793E-22 3.1191E-08 5.6320E-09 2.3113E-07 1.1736E-07 2.6232E-07 2.69E-06 4.36E-06   0.124 0.6000 7.2634E-06    934.859
 9960.00 0.88204378 4.5535E-23            4.3692E-22 3.1741E-08 5.7403E-09 2.3483E-07 1.1920E-07 2.6657E-07 2.74E-06 4.44E-06   0.126 0.6000 7.4095E-06    936.599
 9970.00 0.87848902 4.4876E-23            4.1572E-22 3.1854E-08 5.8161E-09 2.3587E-07 1.1994E-07 2.6772E-07 2.75E-06 4.52E-06   0.130 0.6000 7.5567E-06    937.618
 9980.00 0.87522751 4.4221E-23            3.9551E-22 3.1614E-08 5.8223E-09 2.3420E-07 1.1930E-07 2.6582E-07 2.74E-06 4.54E-06   0.133 0.6000 7.6077E-06    937.937
 9990.00 0.87886429 4.0927E-23            3.7926E-22 3.2321E-08 5.8858E-09 2.3830E-07 1.2101E-07 2.7063E-07 2.78E-06 4.56E-06   0.129 0.6000 7.6135E-06    939.792
10000.00 0.88187826 3.7932E-23            3.6357E-22 3.2805E-08 5.9214E-09 2.4090E-07 1.2199E-07 2.7370E-07 2.80E-06 4.56E-06   0.126 0.6000 7.5962E-06    941.244
10010.00 0.88215375 3.6149E-23            3.4734E-22 3.2923E-08 5.9344E-09 2.4128E-07 1.2211E-07 2.7420E-07 2.80E-06 4.56E-06   0.125 0.6000 7.5953E-06    942.112
10020.00 0.88314039 3.4186E-23            3.3213E-22 3.3233E-08 5.9678E-09 2.4291E-07 1.2281E-07 2.7615E-07 2.82E-06 4.57E-06   0.124 0.6000 7.6070E-06    943.305
10030.00 0.88325948 3.2604E-23            3.1728E-22 3.3341E-08 5.9805E-09 2.4316E-07 1.2284E-07 2.7650E-07 2.82E-06 4.57E-06   0.124 0.6000 7.6091E-06    944.142
10040.00 0.88321930 3.1157E-23            3.0303E-22 3.3370E-08 5.9833E-09 2.4291E-07 1.2263E-07 2.7628E-07 2.81E-06 4.56E-06   0.124 0.6000 7.6016E-06    944.847
10050.00 0.88309449 2.9778E-23            2.8939E-22 3.3412E-08 5.9891E-09 2.4280E-07 1.2250E-07 2.7621E-07 2.81E-06 4.56E-06   0.124 0.6000 7.6009E-06    945.589
10060.00 0.87785131 2.9784E-23            2.7484E-22 3.2688E-08 5.9274E-09 2.3760E-07 1.2000E-07 2.7028E-07 2.75E-06 4.55E-06   0.130 0.6000 7.6053E-06    945.005
10070.00 0.87182564 3.0044E-23            2.6065E-22 3.1798E-08 5.8479E-09 2.3126E-07 1.1698E-07 2.6306E-07 2.68E-06 4.52E-06   0.137 0.6000 7.6005E-06    944.091
10080.00 0.87297964 2.8460E-23            2.4923E-22 3.1908E-08 5.8578E-09 2.3168E-07 1.1709E-07 2.6358E-07 2.69E-06 4.52E-06   0.136 0.6000 7.5859E-06    944.968
10090.00 0.86964113 2.7892E-23            2.3723E-22 3.1258E-08 5.7948E-09 2.2706E-07 1.1487E-07 2.5832E-07 2.64E-06 4.49E-06   0.140 0.6000 7.5586E-06    944.479
10100.00 0.86446935 2.7882E-23            2.2516E-22 3.0333E-08 5.7019E-09 2.2048E-07 1.1171E-07 2.5081E-07 2.56E-06 4.45E-06   0.146 0.6000 7.5198E-06    943.424
10110.00 0.86545390 2.6393E-23            2.1530E-22 3.0703E-08 5.7379E-09 2.2245E-07 1.1265E-07 2.5315E-07 2.59E-06 4.46E-06   0.145 0.6000 7.5179E-06    944.745
10120.00 0.85814238 2.6545E-23            2.0400E-22 3.0158E-08 5.7007E-09 2.1835E-07 1.1098E-07 2.4850E-07 2.55E-06 4.46E-06   0.153 0.6000 7.5548E-06    944.361
10130.00 0.85167760 2.6711E-23            1.9325E-22 2.9302E-08 5.6276E-09 2.1222E-07 1.0811E-07 2.4152E-07 2.48E-06 4.44E-06   0.161 0.6000 7.5634E-06    943.369
10140.00 0.84454137 2.6678E-23            1.8315E-22 2.8480E-08 5.5514E-09 2.0604E-07 1.0530E-07 2.3452E-07 2.42E-06 4.42E-06   0.169 0.6000 7.5638E-06    942.326
10150.00 0.82453555 2.8784E-23            1.7084E-22 2.6394E-08 5.3515E-09 1.9131E-07 9.8863E-08 2.1770E-07 2.27E-06 4.36E-06   0.193 0.6000 7.5777E-06    938.565
10160.00 0.80815190 2.9963E-23            1.5985E-22 2.5094E-08 5.1964E-09 1.8179E-07 9.4390E-08 2.0688E-07 2.17E-06 4.30E-06   0.213 0.6000 7.5740E-06    936.245
10170.00 0.79217416 3.0686E-23            1.4972E-22 2.4116E-08 5.0593E-09 1.7405E-07 9.0652E-08 1.9816E-07 2.08E-06 4.24E-06   0.233 0.6000 7.5743E-06    934.412
10180.00 0.78560662 3.0456E-23            1.4164E-22 2.3281E-08 4.9893E-09 1.6814E-07 8.8019E-08 1.9142E-07 2.02E-06 4.23E-06   0.241 0.6000 7.5958E-06    933.092
10190.00 0.77886271 2.9779E-23            1.3423E-22 2.2645E-08 4.9125E-09 1.6324E-07 8.5471E-08 1.8588E-07 1.96E-06 4.20E-06   0.250 0.6000 7.5973E-06    932.091
10200.00 0.74062157 3.2448E-23            1.2207E-22 2.0124E-08 4.5444E-09 1.4357E-07 7.5722E-08 1.6369E-07 1.74E-06 4.04E-06   0.300 0.6000 7.5616E-06    925.353
10210.00 0.70820653 3.4459E-23            1.1133E-22 1.7881E-08 4.2275E-09 1.2640E-07 6.7305E-08 1.4428E-07 1.54E-06 3.91E-06   0.345 0.6000 7.5271E-06    918.779
10220.00 0.72012043 3.1824E-23            1.0794E-22 1.8657E-08 4.3365E-09 1.3187E-07 6.9897E-08 1.5053E-07 1.60E-06 3.94E-06   0.328 0.6000 7.5300E-06    921.954
10230.00 0.72331643 2.9890E-23            1.0377E-22 1.9144E-08 4.3773E-09 1.3519E-07 7.1212E-08 1.5433E-07 1.63E-06 3.95E-06   0.324 0.6000 7.5411E-06    924.130
10240.00 0.68247223 3.2012E-23            9.3624E-23 1.6749E-08 4.0082E-09 1.1700E-07 6.1960E-08 1.3375E-07 1.42E-06 3.80E-06   0.382 0.6000 7.5442E-06    916.628
10250.00 0.66135556 3.2437E-23            8.6439E-23 1.5202E-08 3.7965E-09 1.0504E-07 5.5949E-08 1.2025E-07 1.28E-06 3.72E-06   0.413 0.6000 7.5462E-06    911.322
10260.00 0.66462457 3.0660E-23            8.2983E-23 1.5327E-08 3.7985E-09 1.0607E-07 5.6151E-08 1.2139E-07 1.29E-06 3.71E-06   0.409 0.6000 7.5138E-06    912.583
10270.00 0.67328560 2.8813E-23            8.0185E-23 1.5907E-08 3.8831E-09 1.1058E-07 5.8293E-08 1.2649E-07 1.34E-06 3.74E-06   0.396 0.6000 7.5099E-06    915.632
10280.00 0.70637816 2.5092E-23            8.0290E-23 1.8060E-08 4.2303E-09 1.2607E-07 6.5869E-08 1.4413E-07 1.51E-06 3.90E-06   0.348 0.6000 7.5636E-06    923.831
10290.00 0.73870462 2.1243E-23            8.0304E-23 2.0623E-08 4.5751E-09 1.4430E-07 7.4373E-08 1.6492E-07 1.71E-06 4.02E-06   0.303 0.6000 7.5813E-06    932.409
10300.00 0.74725783 1.9660E-23            7.7653E-23 2.1329E-08 4.6651E-09 1.4938E-07 7.6879E-08 1.7071E-07 1.76E-06 4.04E-06   0.291 0.6000 7.5662E-06    935.176
10310.00 0.73847997 1.9696E-23            7.3302E-23 2.0222E-08 4.5630E-09 1.4175E-07 7.3617E-08 1.6197E-07 1.69E-06 4.03E-06   0.303 0.6000 7.5672E-06    932.818
10320.00 0.73039919 1.9271E-23            6.9208E-23 1.9680E-08 4.4823E-09 1.3771E-07 7.1490E-08 1.5739E-07 1.64E-06 3.99E-06   0.314 0.6000 7.5566E-06    931.871
10330.00 0.69425631 1.9897E-23            6.2999E-23 1.8349E-08 4.1987E-09 1.2711E-07 6.5788E-08 1.4546E-07 1.51E-06 3.83E-06   0.365 0.6000 7.5407E-06    928.013
10340.00 0.61074781 2.3388E-23            5.3036E-23 1.3778E-08 3.4708E-09 9.3240E-08 4.9281E-08 1.0702E-07 1.13E-06 3.49E-06   0.493 0.6000 7.5155E-06    911.284
10350.00 0.55307704 2.5703E-23            4.5701E-23 9.8805E-09 2.9254E-09 6.5220E-08 3.6102E-08 7.5101E-08 8.29E-07 3.26E-06   0.592 0.6000 7.4783E-06    892.642
10360.00 0.53358459 2.5123E-23            4.2101E-23 9.1030E-09 2.8143E-09 5.9931E-08 3.3617E-08 6.9034E-08 7.72E-07 3.19E-06   0.628 0.6000 7.4861E-06    888.863
10370.00 0.52855402 2.3580E-23            3.9792E-23 9.9604E-09 2.8707E-09 6.5640E-08 3.5724E-08 7.5600E-08 8.20E-07 3.17E-06   0.638 0.6000 7.5060E-06    894.412
10380.00 0.51638907 2.2949E-23            3.7182E-23 9.8902E-09 2.7812E-09 6.3946E-08 3.4137E-08 7.3836E-08 7.83E-07 3.13E-06   0.661 0.6000 7.4980E-06    893.854
10390.00 0.48539799 2.3272E-23            3.3374E-23 8.5295E-09 2.5342E-09 5.2566E-08 2.8308E-08 6.1096E-08 6.50E-07 3.04E-06   0.723 0.6000 7.5153E-06    884.535
10400.00 0.48323342 2.2441E-23            3.1653E-23 8.2671E-09 2.5181E-09 5.0093E-08 2.7181E-08 5.8360E-08 6.24E-07 3.05E-06   0.727 0.6000 7.5406E-06    882.843
10410.00 0.45626900 2.2043E-23            2.8700E-23 7.2751E-09 2.3071E-09 4.3431E-08 2.3714E-08 5.0707E-08 5.44E-07 2.91E-06   0.785 0.6000 7.5360E-06    876.275
10420.00 0.40299293 2.2230E-23            2.4171E-23 5.6516E-09 1.9493E-09 3.1985E-08 1.7767E-08 3.7637E-08 4.08E-07 2.68E-06   0.909 0.6000 7.5631E-06    861.940
10430.00 0.42664525 2.0472E-23            2.4251E-23 6.4808E-09 2.1390E-09 3.8155E-08 2.0913E-08 4.4636E-08 4.80E-07 2.78E-06   0.852 0.6000 7.5804E-06    871.165
10440.00 0.45304200 1.8801E-23            2.4713E-23 7.3511E-09 2.3152E-09 4.4458E-08 2.3960E-08 5.1809E-08 5.50E-07 2.89E-06   0.792 0.6000 7.5396E-06    879.463
10450.00 0.40045643 1.9034E-23            2.0971E-23 6.0466E-09 1.9619E-09 3.4616E-08 1.8471E-08 4.0662E-08 4.24E-07 2.66E-06   0.915 0.6000 7.5097E-06    867.849
10460.00 0.36575708 1.9028E-23            1.8207E-23 4.9070E-09 1.6941E-09 2.6120E-08 1.3982E-08 3.1027E-08 3.21E-07 2.48E-06   1.006 0.6000 7.4108E-06    855.188
10470.00 0.38383168 1.8014E-23            1.8209E-23 4.8405E-09 1.7452E-09 2.5450E-08 1.3832E-08 3.0290E-08 3.17E-07 2.52E-06   0.958 0.6000 7.2777E-06    854.699
10480.00 0.39801848 1.7009E-23            1.8046E-23 5.0224E-09 1.8361E-09 2.6465E-08 1.4508E-08 3.1488E-08 3.33E-07 2.62E-06   0.921 0.6000 7.3406E-06    857.262
10490.00 0.35785937 1.6687E-23            1.5605E-23 4.3251E-09 1.6336E-09 2.1906E-08 1.2163E-08 2.6231E-08 2.79E-07 2.47E-06   1.028 0.6000 7.4991E-06    849.124
10500.00 0.33457458 1.6229E-23            1.3805E-23 3.8428E-09 1.4984E-09 1.8839E-08 1.0445E-08 2.2682E-08 2.40E-07 2.38E-06   1.095 0.6000 7.5676E-06    842.904
10510.00 0.37877420 1.4875E-23            1.4907E-23 4.7167E-09 1.7592E-09 2.4852E-08 1.3485E-08 2.9569E-08 3.10E-07 2.57E-06   0.971 0.6000 7.5703E-06    856.238
10520.00 0.35889030 1.4024E-23            1.3635E-23 4.5393E-09 1.6734E-09 2.4042E-08 1.2826E-08 2.8581E-08 2.94E-07 2.46E-06   1.025 0.6000 7.5731E-06    855.269
10530.00 0.32336295 1.3607E-23            1.1635E-23 3.9586E-09 1.4837E-09 2.0197E-08 1.0645E-08 2.4155E-08 2.44E-07 2.29E-06   1.129 0.6000 7.5966E-06    847.885
10540.00 0.34074074 1.2977E-23            1.1718E-23 4.1493E-09 1.5655E-09 2.1072E-08 1.1152E-08 2.5221E-08 2.56E-07 2.37E-06   1.077 0.6000 7.6043E-06    850.610
10550.00 0.33467650 1.2592E-23            1.1029E-23 3.9475E-09 1.5149E-09 1.9424E-08 1.0290E-08 2.3372E-08 2.36E-07 2.34E-06   1.095 0.6000 7.5877E-06    847.661
10560.00 0.30747771 1.2228E-23            9.6711E-24 3.4003E-09 1.3502E-09 1.5775E-08 8.3113E-09 1.9175E-08 1.91E-07 2.20E-06   1.179 0.6000 7.5629E-06    839.057
10570.00 0.30318597 1.1624E-23            9.0797E-24 3.3074E-09 1.3121E-09 1.5056E-08 7.7755E-09 1.8364E-08 1.78E-07 2.17E-06   1.193 0.6000 7.5320E-06    837.721
10580.00 0.30355281 1.1018E-23            8.6943E-24 3.4540E-09 1.3192E-09 1.6075E-08 8.1825E-09 1.9529E-08 1.88E-07 2.16E-06   1.192 0.6000 7.4794E-06    841.233
10590.00 0.28433731 1.0434E-23            7.7842E-24 3.2581E-09 1.2266E-09 1.5330E-08 7.6569E-09 1.8588E-08 1.76E-07 2.03E-06   1.258 0.6000 7.4380E-06    839.606
10600.00 0.30444977 9.8550E-24            7.9158E-24 3.4379E-09 1.3115E-09 1.6329E-08 8.0600E-09 1.9767E-08 1.85E-07 2.13E-06   1.189 0.6000 7.4581E-06    843.122
10610.00 0.35526508 9.4376E-24            8.8265E-24 3.9317E-09 1.5199E-09 1.8888E-08 9.5254E-09 2.2820E-08 2.19E-07 2.37E-06   1.035 0.6000 7.4038E-06    850.539
10620.00 0.38634387 9.1525E-24            9.1788E-24 4.1562E-09 1.6318E-09 2.0055E-08 1.0565E-08 2.4211E-08 2.42E-07 2.49E-06   0.951 0.6000 7.2876E-06    854.022
10630.00 0.42318723 8.6177E-24            9.5872E-24 5.0120E-09 1.8930E-09 2.5381E-08 1.3774E-08 3.0393E-08 3.16E-07 2.69E-06   0.860 0.6000 7.3538E-06    865.692
10640.00 0.44094157 7.8550E-24            9.5793E-24 5.9672E-09 2.1111E-09 3.1825E-08 1.6965E-08 3.7792E-08 3.89E-07 2.81E-06   0.819 0.6000 7.5027E-06    877.185
10650.00 0.35510817 7.6551E-24            7.4546E-24 4.6161E-09 1.6549E-09 2.3785E-08 1.2335E-08 2.8402E-08 2.83E-07 2.39E-06   1.035 0.6000 7.5633E-06    863.732
10660.00 0.23242383 7.8469E-24            4.6559E-24 2.2641E-09 9.4317E-10 9.1658E-09 4.6347E-09 1.1430E-08 1.06E-07 1.79E-06   1.459 0.6000 7.5832E-06    822.227
10670.00 0.19311212 7.7003E-24            3.6514E-24 1.4732E-09 7.1124E-10 4.1869E-09 2.1026E-09 5.6601E-09 4.83E-08 1.61E-06   1.644 0.6000 7.5680E-06    793.001
10680.00 0.21513014 7.2316E-24            3.8741E-24 1.7466E-09 8.1975E-10 5.5582E-09 2.7526E-09 7.3048E-09 6.32E-08 1.72E-06   1.537 0.6000 7.5304E-06    804.225
10690.00 0.21078779 6.6583E-24            3.6476E-24 1.8318E-09 8.3258E-10 6.2579E-09 3.0427E-09 8.0897E-09 6.98E-08 1.68E-06   1.557 0.6000 7.5366E-06    809.181
10700.00 0.17242393 6.3719E-24            2.8518E-24 1.4833E-09 6.7585E-10 4.5469E-09 2.2145E-09 6.0302E-09 5.08E-08 1.49E-06   1.758 0.6000 7.5804E-06    797.493
10710.00 0.17471826 6.3722E-24            2.7299E-24 1.4954E-09 6.7878E-10 4.0458E-09 2.0190E-09 5.5412E-09 4.63E-08 1.57E-06   1.745 0.6000 7.6039E-06    794.642
10720.00 0.21602158 6.1226E-24            3.2237E-24 2.0313E-09 8.8772E-10 6.4935E-09 3.3451E-09 8.5247E-09 7.68E-08 1.82E-06   1.532 0.6000 7.5908E-06    813.334
10730.00 0.27332124 5.6037E-24            3.8874E-24 3.0639E-09 1.2379E-09 1.2429E-08 6.6420E-09 1.5493E-08 1.52E-07 2.10E-06   1.297 0.6000 7.5756E-06    840.446
10740.00 0.35165480 5.1401E-24            4.7810E-24 4.6312E-09 1.7305E-09 2.1880E-08 1.1963E-08 2.6512E-08 2.75E-07 2.50E-06   1.045 0.6000 7.5809E-06    866.435
10750.00 0.42849061 4.7410E-24            5.5788E-24 6.3349E-09 2.2269E-09 3.2961E-08 1.8315E-08 3.9295E-08 4.20E-07 2.87E-06   0.847 0.6000 7.5643E-06    886.668
10760.00 0.49122384 4.3140E-24            6.1137E-24 8.0362E-09 2.6577E-09 4.4917E-08 2.4900E-08 5.2953E-08 5.71E-07 3.14E-06   0.711 0.6000 7.5486E-06    902.786
10770.00 0.55515659 3.7684E-24            6.5920E-24 1.0409E-08 3.1425E-09 6.2155E-08 3.3517E-08 7.2564E-08 7.69E-07 3.39E-06   0.589 0.6000 7.5849E-06    920.386
10780.00 0.64265913 3.0180E-24            7.2816E-24 1.4695E-08 3.8713E-09 9.2288E-08 4.8055E-08 1.0698E-07 1.10E-06 3.69E-06   0.442 0.6000 7.5886E-06    942.824
10790.00 0.71562010 2.3799E-24            7.7668E-24 1.8629E-08 4.4706E-09 1.1928E-07 6.1050E-08 1.3791E-07 1.40E-06 3.89E-06   0.335 0.6000 7.4742E-06    958.329
10800.00 0.73085785 2.1532E-24            7.5912E-24 1.9474E-08 4.5732E-09 1.2519E-07 6.4161E-08 1.4467E-07 1.47E-06 3.88E-06   0.314 0.6000 7.3738E-06    961.893
10810.00 0.71549368 2.1500E-24            7.0985E-24 1.8644E-08 4.4529E-09 1.1971E-07 6.1832E-08 1.3835E-07 1.42E-06 3.82E-06   0.335 0.6000 7.3955E-06    959.965
10820.00 0.71185350 2.0854E-24            6.7362E-24 1.8254E-08 4.3899E-09 1.1715E-07 6.0603E-08 1.3540E-07 1.39E-06 3.78E-06   0.340 0.6000 7.3480E-06    959.414
10830.00 0.73519212 1.8384E-24            6.6375E-24 2.0252E-08 4.6072E-09 1.2998E-07 6.6412E-08 1.5023E-07 1.52E-06 3.81E-06   0.308 0.6000 7.2454E-06    966.323
10840.00 0.74759799 1.6495E-24            6.4559E-24 2.2167E-08 4.8281E-09 1.4170E-07 7.1871E-08 1.6387E-07 1.65E-06 3.86E-06   0.291 0.6000 7.2699E-06    972.289
10850.00 0.74447769 1.5964E-24            6.1349E-24 2.2163E-08 4.8615E-09 1.4131E-07 7.1926E-08 1.6348E-07 1.65E-06 3.90E-06   0.295 0.6000 7.3467E-06    972.873
10860.00 0.74860781 1.4914E-24            5.8917E-24 2.3099E-08 4.9905E-09 1.4717E-07 7.4513E-08 1.7027E-07 1.71E-06 3.96E-06   0.290 0.6000 7.4398E-06    976.078
10870.00 0.73593235 1.4504E-24            5.5411E-24 2.3298E-08 4.9898E-09 1.4783E-07 7.4518E-08 1.7113E-07 1.71E-06 3.95E-06   0.307 0.6000 7.5440E-06    977.115
10880.00 0.69906539 1.5503E-24            5.0303E-24 2.0514E-08 4.6272E-09 1.2935E-07 6.5707E-08 1.4987E-07 1.51E-06 3.84E-06   0.358 0.6000 7.5904E-06    969.808
10890.00 0.64342254 1.7196E-24            4.4227E-24 1.6314E-08 4.0102E-09 1.0139E-07 5.1950E-08 1.1770E-07 1.19E-06 3.61E-06   0.441 0.6000 7.5661E-06    956.224
10900.00 0.62577200 1.7301E-24            4.0887E-24 1.5038E-08 3.7955E-09 9.2427E-08 4.7245E-08 1.0746E-07 1.08E-06 3.53E-06   0.469 0.6000 7.5404E-06    951.658
10910.00 0.62913162 1.6236E-24            3.9352E-24 1.5661E-08 3.8767E-09 9.6327E-08 4.9114E-08 1.1199E-07 1.13E-06 3.55E-06   0.463 0.6000 7.5765E-06    954.760
10920.00 0.61389422 1.5899E-24            3.6658E-24 1.4826E-08 3.7612E-09 9.1011E-08 4.6773E-08 1.0584E-07 1.07E-06 3.49E-06   0.488 0.6000 7.5954E-06    952.205
10930.00 0.62913507 1.4830E-24            3.5803E-24 1.5160E-08 3.8655E-09 9.3401E-08 4.8162E-08 1.0856E-07 1.11E-06 3.55E-06   0.463 0.6000 7.5868E-06    954.387
10940.00 0.61351788 1.4529E-24            3.3480E-24 1.4709E-08 3.7702E-09 8.9739E-08 4.6344E-08 1.0445E-07 1.06E-06 3.51E-06   0.489 0.6000 7.6353E-06    952.869
10950.00 0.59674090 1.4356E-24            3.0963E-24 1.4467E-08 3.6701E-09 8.7264E-08 4.4800E-08 1.0173E-07 1.03E-06 3.45E-06   0.516 0.6000 7.6542E-06    952.063
10960.00 0.64890438 1.2239E-24            3.2113E-24 1.7585E-08 4.1298E-09 1.0767E-07 5.4230E-08 1.2526E-07 1.24E-06 3.62E-06   0.432 0.6000 7.5618E-06    964.903
10970.00 0.66890693 1.1097E-24            3.1726E-24 1.8806E-08 4.3085E-09 1.1558E-07 5.8071E-08 1.3439E-07 1.33E-06 3.67E-06   0.402 0.6000 7.4938E-06    969.795
10980.00 0.63972384 1.1442E-24            2.8968E-24 1.7008E-08 4.0499E-09 1.0331E-07 5.2616E-08 1.2032E-07 1.21E-06 3.56E-06   0.447 0.6000 7.4994E-06    963.969
10990.00 0.63024580 1.1158E-24            2.7215E-24 1.6002E-08 3.9268E-09 9.6736E-08 4.9659E-08 1.1274E-07 1.14E-06 3.50E-06   0.462 0.6000 7.4441E-06    960.870
11000.00 0.63073283 1.0453E-24            2.6017E-24 1.6373E-08 3.9441E-09 9.8942E-08 5.0330E-08 1.1532E-07 1.16E-06 3.47E-06   0.461 0.6000 7.3915E-06    962.908
11010.00 0.62519813 9.9472E-25            2.4620E-24 1.6962E-08 3.9754E-09 1.0175E-07 5.1061E-08 1.1871E-07 1.17E-06 3.48E-06   0.470 0.6000 7.4778E-06    965.327
11020.00 0.64126855 9.2281E-25            2.4085E-24 1.7640E-08 4.1285E-09 1.0581E-07 5.2975E-08 1.2345E-07 1.22E-06 3.58E-06   0.444 0.6000 7.5563E-06    968.353
11030.00 0.69319052 7.8860E-25            2.4834E-24 2.0574E-08 4.6152E-09 1.2508E-07 6.2362E-08 1.4565E-07 1.43E-06 3.79E-06   0.366 0.6000 7.5564E-06    978.958
11040.00 0.74811250 6.4125E-25            2.5617E-24 2.4884E-08 5.2303E-09 1.5272E-07 7.5436E-08 1.7760E-07 1.73E-06 4.03E-06   0.290 0.6000 7.6085E-06    991.812
11050.00 0.77423787 5.5916E-25            2.5338E-24 2.7122E-08 5.5548E-09 1.6668E-07 8.2229E-08 1.9380E-07 1.89E-06 4.16E-06   0.256 0.6000 7.6771E-06    997.980
11060.00 0.76886249 5.4380E-25            2.4057E-24 2.6588E-08 5.4927E-09 1.6292E-07 8.0567E-08 1.8951E-07 1.85E-06 4.14E-06   0.263 0.6000 7.6748E-06    997.313
11070.00 0.72031617 5.9418E-25            2.1572E-24 2.2890E-08 4.9440E-09 1.3906E-07 6.8870E-08 1.6195E-07 1.58E-06 3.90E-06   0.328 0.6000 7.5903E-06    988.312
11080.00 0.66333365 6.5530E-25            1.8945E-24 1.8584E-08 4.2608E-09 1.1123E-07 5.5174E-08 1.2981E-07 1.27E-06 3.58E-06   0.410 0.6000 7.3935E-06    975.649
11090.00 0.63638616 6.7308E-25            1.7336E-24 1.6475E-08 3.9284E-09 9.7525E-08 4.8867E-08 1.1400E-07 1.12E-06 3.41E-06   0.452 0.6000 7.2489E-06    968.669
11100.00 0.63296187 6.4906E-25            1.6449E-24 1.6816E-08 3.9785E-09 9.9218E-08 4.9772E-08 1.1603E-07 1.14E-06 3.44E-06   0.457 0.6000 7.3205E-06    970.426
11110.00 0.61286783 6.2981E-25            1.5236E-24 1.7128E-08 3.9365E-09 1.0014E-07 4.9507E-08 1.1727E-07 1.14E-06 3.42E-06   0.490 0.6000 7.4714E-06    971.767
11120.00 0.58848470 6.2573E-25            1.3948E-24 1.6687E-08 3.8095E-09 9.6644E-08 4.7577E-08 1.1333E-07 1.09E-06 3.37E-06   0.530 0.6000 7.5860E-06    970.466
11130.00 0.62485164 5.6599E-25            1.4094E-24 1.8394E-08 4.1680E-09 1.0778E-07 5.3566E-08 1.2617E-07 1.23E-06 3.55E-06   0.470 0.6000 7.6253E-06    977.541
11140.00 0.65510273 5.1911E-25            1.4156E-24 1.9174E-08 4.4185E-09 1.1310E-07 5.7154E-08 1.3227E-07 1.31E-06 3.68E-06   0.423 0.6000 7.5980E-06    981.088
11150.00 0.66165566 4.9511E-25            1.3640E-24 1.9443E-08 4.5038E-09 1.1456E-07 5.8351E-08 1.3400E-07 1.34E-06 3.73E-06   0.413 0.6000 7.6135E-06    982.587
11160.00 0.69686568 4.3529E-25            1.3702E-24 2.1672E-08 4.8713E-09 1.2878E-07 6.5385E-08 1.5045E-07 1.50E-06 3.88E-06   0.361 0.6000 7.6417E-06    990.330
11170.00 0.74037987 3.6918E-25            1.3897E-24 2.4466E-08 5.2733E-09 1.4666E-07 7.3921E-08 1.7112E-07 1.70E-06 4.02E-06   0.301 0.6000 7.5829E-06    998.983
11180.00 0.77950853 3.0577E-25            1.3978E-24 2.7993E-08 5.6853E-09 1.6818E-07 8.3167E-08 1.9617E-07 1.91E-06 4.14E-06   0.249 0.6000 7.5503E-06   1008.272
11190.00 0.80764204 2.5585E-25            1.3839E-24 3.1084E-08 6.0087E-09 1.8625E-07 9.0398E-08 2.1733E-07 2.07E-06 4.24E-06   0.214 0.6000 7.5575E-06   1015.522
11200.00 0.82908887 2.1736E-25            1.3563E-24 3.3621E-08 6.2435E-09 2.0059E-07 9.6096E-08 2.3421E-07 2.21E-06 4.29E-06   0.187 0.6000 7.5316E-06   1021.074
11210.00 0.84777534 1.8444E-25            1.3246E-24 3.6331E-08 6.5199E-09 2.1593E-07 1.0253E-07 2.5227E-07 2.35E-06 4.36E-06   0.165 0.6000 7.5672E-06   1026.643
11220.00 0.85782069 1.6371E-25            1.2803E-24 3.8328E-08 6.7385E-09 2.2702E-07 1.0731E-07 2.6534E-07 2.46E-06 4.44E-06   0.153 0.6000 7.6415E-06   1030.699
11230.00 0.86084938 1.5259E-25            1.2269E-24 3.9058E-08 6.8163E-09 2.3085E-07 1.0893E-07 2.6991E-07 2.50E-06 4.46E-06   0.150 0.6000 7.6670E-06   1032.567
11240.00 0.86257553 1.4371E-25            1.1737E-24 3.9396E-08 6.8379E-09 2.3233E-07 1.0946E-07 2.7172E-07 2.51E-06 4.46E-06   0.148 0.6000 7.6505E-06   1033.752
11250.00 0.86239433 1.3714E-25            1.1207E-24 3.9440E-08 6.8288E-09 2.3205E-07 1.0929E-07 2.7149E-07 2.51E-06 4.44E-06   0.148 0.6000 7.6242E-06   1034.439
11260.00 0.86059099 1.3276E-25            1.0677E-24 3.8971E-08 6.7659E-09 2.2899E-07 1.0788E-07 2.6796E-07 2.48E-06 4.40E-06   0.150 0.6000 7.5714E-06   1034.317
11270.00 0.86164713 1.2581E-25            1.0207E-24 3.8446E-08 6.6615E-09 2.2551E-07 1.0613E-07 2.6396E-07 2.44E-06 4.32E-06   0.149 0.6000 7.4295E-06   1034.066
11280.00 0.86134923 1.2029E-25            9.7435E-25 3.8023E-08 6.5951E-09 2.2272E-07 1.0475E-07 2.6074E-07 2.40E-06 4.28E-06   0.149 0.6000 7.3549E-06   1034.000
11290.00 0.86122429 1.1512E-25            9.2995E-25 3.8813E-08 6.7262E-09 2.2689E-07 1.0662E-07 2.6570E-07 2.45E-06 4.36E-06   0.149 0.6000 7.4910E-06   1035.985
11300.00 0.86454105 1.0713E-25            8.9133E-25 4.0059E-08 6.8774E-09 2.3342E-07 1.0945E-07 2.7348E-07 2.51E-06 4.42E-06   0.146 0.6000 7.5842E-06   1038.637
11310.00 0.86590141 1.0107E-25            8.5253E-25 4.0302E-08 6.8924E-09 2.3431E-07 1.0973E-07 2.7461E-07 2.52E-06 4.42E-06   0.144 0.6000 7.5649E-06   1039.655
11320.00 0.86514598 9.7085E-26            8.1328E-25 4.0106E-08 6.8692E-09 2.3284E-07 1.0901E-07 2.7295E-07 2.50E-06 4.40E-06   0.145 0.6000 7.5429E-06   1039.995
11330.00 0.86492443 9.2854E-26            7.7631E-25 4.0001E-08 6.8509E-09 2.3186E-07 1.0850E-07 2.7186E-07 2.49E-06 4.38E-06   0.145 0.6000 7.5153E-06   1040.472
11340.00 0.86505890 8.8557E-26            7.4132E-25 3.9743E-08 6.7988E-09 2.2995E-07 1.0754E-07 2.6970E-07 2.47E-06 4.34E-06   0.145 0.6000 7.4446E-06   1040.683
11350.00 0.86541504 8.4310E-26            7.0808E-25 3.9514E-08 6.7464E-09 2.2815E-07 1.0660E-07 2.6766E-07 2.45E-06 4.30E-06   0.145 0.6000 7.3697E-06   1040.922
11360.00 0.86602753 8.0087E-26            6.7655E-25 4.0072E-08 6.8221E-09 2.3084E-07 1.0774E-07 2.7092E-07 2.47E-06 4.33E-06   0.144 0.6000 7.4289E-06   1042.467
11370.00 0.86647332 7.6166E-26            6.4631E-25 4.0792E-08 6.9291E-09 2.3450E-07 1.0935E-07 2.7529E-07 2.51E-06 4.39E-06   0.143 0.6000 7.5250E-06   1044.276
11380.00 0.86642611 7.2732E-26            6.1706E-25 4.1183E-08 6.9909E-09 2.3632E-07 1.1013E-07 2.7751E-07 2.53E-06 4.42E-06   0.143 0.6000 7.5818E-06   1045.553
11390.00 0.86648232 6.9412E-26            5.8918E-25 4.1405E-08 7.0213E-09 2.3716E-07 1.1044E-07 2.7857E-07 2.53E-06 4.44E-06   0.143 0.6000 7.6023E-06   1046.552
11400.00 0.86663747 6.6172E-26            5.6265E-25 4.1468E-08 7.0224E-09 2.3708E-07 1.1032E-07 2.7854E-07 2.53E-06 4.43E-06   0.143 0.6000 7.5893E-06   1047.288
11410.00 0.86657554 6.3198E-26            5.3717E-25 4.1218E-08 6.9757E-09 2.3524E-07 1.0939E-07 2.7645E-07 2.51E-06 4.39E-06   0.143 0.6000 7.5292E-06   1047.528
11420.00 0.86658078 6.0328E-26            5.1288E-25 4.0792E-08 6.8976E-09 2.3239E-07 1.0800E-07 2.7318E-07 2.48E-06 4.34E-06   0.143 0.6000 7.4341E-06   1047.474
11430.00 0.86654466 5.7603E-26            4.8967E-25 4.0885E-08 6.9083E-09 2.3250E-07 1.0798E-07 2.7339E-07 2.48E-06 4.34E-06   0.143 0.6000 7.4355E-06   1048.267
11440.00 0.86645681 5.5026E-26            4.6747E-25 4.1322E-08 6.9781E-09 2.3458E-07 1.0887E-07 2.7590E-07 2.50E-06 4.37E-06   0.143 0.6000 7.5019E-06   1049.621
11450.00 0.86645144 5.2530E-26            4.4632E-25 4.1765E-08 7.0472E-09 2.3668E-07 1.0976E-07 2.7844E-07 2.52E-06 4.41E-06   0.143 0.6000 7.5654E-06   1050.976
11460.00 0.86642283 5.0155E-26            4.2612E-25 4.2022E-08 7.0852E-09 2.3771E-07 1.1017E-07 2.7973E-07 2.53E-06 4.43E-06   0.143 0.6000 7.5963E-06   1052.029
11470.00 0.86626518 4.7938E-26            4.0678E-25 4.1918E-08 7.0654E-09 2.3673E-07 1.0964E-07 2.7864E-07 2.52E-06 4.41E-06   0.144 0.6000 7.5679E-06   1052.509
11480.00 0.86606824 4.5835E-26            3.8829E-25 4.1867E-08 7.0556E-09 2.3605E-07 1.0926E-07 2.7791E-07 2.51E-06 4.40E-06   0.144 0.6000 7.5508E-06   1053.075
11490.00 0.86594748 4.3798E-26            3.7067E-25 4.1786E-08 7.0388E-09 2.3519E-07 1.0880E-07 2.7698E-07 2.50E-06 4.38E-06   0.144 0.6000 7.5249E-06   1053.590
11500.00 0.86583382 4.1846E-26            3.5386E-25 4.1290E-08 6.9523E-09 2.3201E-07 1.0726E-07 2.7330E-07 2.46E-06 4.32E-06   0.144 0.6000 7.4244E-06   1053.435
11510.00 0.86566305 4.0000E-26            3.3778E-25 4.0909E-08 6.8862E-09 2.2948E-07 1.0602E-07 2.7039E-07 2.43E-06 4.27E-06   0.144 0.6000 7.3467E-06   1053.458
11520.00 0.86546677 3.8245E-26            3.2242E-25 4.0712E-08 6.8518E-09 2.2801E-07 1.0527E-07 2.6872E-07 2.42E-06 4.25E-06   0.144 0.6000 7.3035E-06   1053.782
11530.00 0.86528826 3.6560E-26            3.0777E-25 3.8197E-08 6.4274E-09 2.1360E-07 9.8564E-08 2.5179E-07 2.26E-06 3.98E-06   0.145 0.6000 6.8456E-06   1050.180
11540.00 0.86511070 3.4949E-26            2.9379E-25 3.5664E-08 6.0000E-09 1.9909E-07 9.1810E-08 2.3475E-07 2.11E-06 3.71E-06   0.145 0.6000 6.3847E-06   1046.277
11550.00 0.86487806 3.3424E-26            2.8042E-25 3.8053E-08 6.4013E-09 2.1205E-07 9.7720E-08 2.5010E-07 2.24E-06 3.95E-06   0.145 0.6000 6.8062E-06   1051.206
11560.00 0.86466086 3.1964E-26            2.6766E-25 4.1546E-08 6.9875E-09 2.3114E-07 1.0645E-07 2.7268E-07 2.44E-06 4.31E-06   0.145 0.6000 7.4238E-06   1057.727
11570.00 0.86449510 3.0553E-26            2.5550E-25 4.2636E-08 7.1687E-09 2.3682E-07 1.0900E-07 2.7945E-07 2.50E-06 4.42E-06   0.146 0.6000 7.6099E-06   1060.120
11580.00 0.86413848 2.9246E-26            2.4384E-25 4.2727E-08 7.1868E-09 2.3697E-07 1.0901E-07 2.7969E-07 2.50E-06 4.42E-06   0.146 0.6000 7.6270E-06   1060.920
11590.00 0.86371088 2.8015E-26            2.3268E-25 4.2506E-08 7.1538E-09 2.3539E-07 1.0822E-07 2.7789E-07 2.48E-06 4.40E-06   0.147 0.6000 7.5908E-06   1061.224
11600.00 0.86342567 2.6804E-26            2.2208E-25 4.2156E-08 7.0953E-09 2.3307E-07 1.0709E-07 2.7522E-07 2.46E-06 4.36E-06   0.147 0.6000 7.5241E-06   1061.314
11610.00 0.86310470 2.5647E-26            2.1195E-25 4.2028E-08 7.0751E-09 2.3199E-07 1.0653E-07 2.7402E-07 2.44E-06 4.34E-06   0.147 0.6000 7.4989E-06   1061.758
11620.00 0.86275101 2.4540E-26            2.0227E-25 4.2154E-08 7.0981E-09 2.3232E-07 1.0662E-07 2.7447E-07 2.45E-06 4.35E-06   0.148 0.6000 7.5208E-06   1062.609
11630.00 0.86206478 2.3538E-26            1.9297E-25 4.2033E-08 7.0872E-09 2.3133E-07 1.0611E-07 2.7336E-07 2.44E-06 4.35E-06   0.148 0.6000 7.5136E-06   1063.076
11640.00 0.86143297 2.2580E-26            1.8409E-25 4.1839E-08 7.0636E-09 2.2996E-07 1.0543E-07 2.7180E-07 2.42E-06 4.33E-06   0.149 0.6000 7.4921E-06   1063.428
11650.00 0.86066204 2.1675E-26            1.7560E-25 4.1858E-08 7.0792E-09 2.2979E-07 1.0531E-07 2.7165E-07 2.42E-06 4.34E-06   0.150 0.6000 7.5150E-06   1064.130
11660.00 0.85963005 2.0852E-26            1.6745E-25 4.2084E-08 7.1354E-09 2.3078E-07 1.0572E-07 2.7286E-07 2.43E-06 4.38E-06   0.151 0.6000 7.5859E-06   1065.171
11670.00 0.85951591 1.9927E-26            1.5984E-25 4.2247E-08 7.1595E-09 2.3129E-07 1.0589E-07 2.7354E-07 2.43E-06 4.39E-06   0.151 0.6000 7.6038E-06   1066.078
11680.00 0.85902160 1.9085E-26            1.5253E-25 4.1672E-08 7.0672E-09 2.2783E-07 1.0427E-07 2.6951E-07 2.39E-06 4.33E-06   0.152 0.6000 7.5052E-06   1065.813
11690.00 0.85764390 1.8407E-26            1.4539E-25 3.8425E-08 6.5373E-09 2.0991E-07 9.6064E-08 2.4833E-07 2.20E-06 4.00E-06   0.154 0.6000 6.9566E-06   1061.047
11700.00 0.85615492 1.7761E-26            1.3856E-25 3.4174E-08 5.8318E-09 1.8647E-07 8.5324E-08 2.2065E-07 1.96E-06 3.58E-06   0.155 0.6000 6.2190E-06   1053.925
11710.00 0.85544884 1.7047E-26            1.3217E-25 3.5104E-08 5.9971E-09 1.9124E-07 8.7440E-08 2.2634E-07 2.01E-06 3.67E-06   0.156 0.6000 6.3972E-06   1056.341
11720.00 0.85578012 1.6231E-26            1.2623E-25 3.9330E-08 6.7122E-09 2.1390E-07 9.7719E-08 2.5323E-07 2.24E-06 4.11E-06   0.156 0.6000 7.1488E-06   1064.566
11730.00 0.85418558 1.5654E-26            1.2031E-25 4.0601E-08 6.9595E-09 2.2067E-07 1.0083E-07 2.6127E-07 2.31E-06 4.26E-06   0.158 0.6000 7.4368E-06   1067.407
11740.00 0.85194862 1.5188E-26            1.1455E-25 4.0140E-08 6.9177E-09 2.1802E-07 9.9658E-08 2.5815E-07 2.29E-06 4.25E-06   0.160 0.6000 7.4239E-06   1067.334
11750.00 0.85284543 1.4422E-26            1.0946E-25 3.9790E-08 6.8325E-09 2.1561E-07 9.8446E-08 2.5540E-07 2.26E-06 4.18E-06   0.159 0.6000 7.3040E-06   1067.348
11760.00 0.85488737 1.3569E-26            1.0476E-25 3.8939E-08 6.6428E-09 2.1039E-07 9.5888E-08 2.4933E-07 2.20E-06 4.05E-06   0.157 0.6000 7.0525E-06   1066.465
11770.00 0.85523146 1.2914E-26            1.0006E-25 3.9551E-08 6.7365E-09 2.1330E-07 9.7123E-08 2.5285E-07 2.23E-06 4.09E-06   0.156 0.6000 7.1345E-06   1068.144
11780.00 0.85436767 1.2402E-26            9.5431E-26 4.1353E-08 7.0564E-09 2.2276E-07 1.0141E-07 2.6411E-07 2.33E-06 4.29E-06   0.157 0.6000 7.4791E-06   1071.825
11790.00 0.85468322 1.1819E-26            9.1135E-26 4.2096E-08 7.1702E-09 2.2630E-07 1.0292E-07 2.6839E-07 2.36E-06 4.35E-06   0.157 0.6000 7.5820E-06   1073.654
11800.00 0.85630602 1.1152E-26            8.7173E-26 4.2167E-08 7.1397E-09 2.2602E-07 1.0264E-07 2.6819E-07 2.36E-06 4.31E-06   0.155 0.6000 7.5042E-06   1074.340
11810.00 0.85606110 1.0657E-26            8.3208E-26 4.2158E-08 7.1354E-09 2.2559E-07 1.0241E-07 2.6775E-07 2.35E-06 4.30E-06   0.155 0.6000 7.4902E-06   1074.965
11820.00 0.85458213 1.0285E-26            7.9297E-26 4.2250E-08 7.1787E-09 2.2590E-07 1.0254E-07 2.6816E-07 2.35E-06 4.33E-06   0.157 0.6000 7.5539E-06   1075.806
11830.00 0.85323209 9.9113E-27            7.5588E-26 4.2067E-08 7.1760E-09 2.2477E-07 1.0201E-07 2.6683E-07 2.34E-06 4.34E-06   0.159 0.6000 7.5685E-06   1076.207
11840.00 0.84918565 9.7209E-27            7.1831E-26 4.0872E-08 7.0471E-09 2.1844E-07 9.9247E-08 2.5931E-07 2.28E-06 4.28E-06   0.163 0.6000 7.4995E-06   1075.001
11850.00 0.84520054 9.5372E-27            6.8243E-26 3.9908E-08 6.9517E-09 2.1327E-07 9.6968E-08 2.5318E-07 2.23E-06 4.25E-06   0.168 0.6000 7.4666E-06   1074.114
11860.00 0.84653211 9.0115E-27            6.5243E-26 4.0492E-08 7.0192E-09 2.1581E-07 9.7973E-08 2.5630E-07 2.25E-06 4.27E-06   0.167 0.6000 7.5020E-06   1075.681
11870.00 0.84638816 8.5254E-27            6.2293E-26 4.0768E-08 7.0558E-09 2.1683E-07 9.8443E-08 2.5760E-07 2.26E-06 4.29E-06   0.167 0.6000 7.5228E-06   1076.758
11880.00 0.83897465 8.4434E-27            5.8958E-26 3.9573E-08 6.9720E-09 2.1059E-07 9.5909E-08 2.5016E-07 2.20E-06 4.28E-06   0.176 0.6000 7.5571E-06   1075.508
11890.00 0.83451211 8.2736E-27            5.5968E-26 3.8938E-08 6.9390E-09 2.0709E-07 9.4419E-08 2.4603E-07 2.17E-06 4.29E-06   0.181 0.6000 7.5962E-06   1075.116
11900.00 0.83699882 7.8012E-27            5.3585E-26 3.9420E-08 6.9812E-09 2.0910E-07 9.5147E-08 2.4852E-07 2.18E-06 4.29E-06   0.178 0.6000 7.5837E-06   1076.531
11910.00 0.83593208 7.4847E-27            5.1105E-26 3.8812E-08 6.8898E-09 2.0555E-07 9.3434E-08 2.4437E-07 2.14E-06 4.24E-06   0.179 0.6000 7.4982E-06   1076.124
11920.00 0.83047450 7.3554E-27            4.8476E-26 3.7550E-08 6.7439E-09 1.9868E-07 9.0356E-08 2.3623E-07 2.07E-06 4.18E-06   0.186 0.6000 7.4296E-06   1074.574
11930.00 0.82398909 7.2601E-27            4.5920E-26 3.7137E-08 6.7419E-09 1.9628E-07 8.9505E-08 2.3341E-07 2.05E-06 4.21E-06   0.194 0.6000 7.5103E-06   1074.498
11940.00 0.81741172 7.1649E-27            4.3480E-26 3.6801E-08 6.7426E-09 1.9424E-07 8.8908E-08 2.3104E-07 2.04E-06 4.23E-06   0.202 0.6000 7.5830E-06   1074.543
11950.00 0.81155580 7.0263E-27            4.1216E-26 3.6203E-08 6.6767E-09 1.9069E-07 8.7656E-08 2.2689E-07 2.01E-06 4.20E-06   0.209 0.6000 7.5632E-06   1074.055
11960.00 0.80449790 6.9281E-27            3.9008E-26 3.5370E-08 6.6014E-09 1.8603E-07 8.5886E-08 2.2140E-07 1.97E-06 4.18E-06   0.218 0.6000 7.5665E-06   1073.143
11970.00 0.80438113 6.6246E-27            3.7214E-26 3.5218E-08 6.5738E-09 1.8488E-07 8.5072E-08 2.2010E-07 1.95E-06 4.16E-06   0.218 0.6000 7.5457E-06   1073.478
11980.00 0.80008906 6.4101E-27            3.5364E-26 3.4541E-08 6.4587E-09 1.8062E-07 8.2950E-08 2.1517E-07 1.90E-06 4.11E-06   0.223 0.6000 7.4778E-06   1072.692
11990.00 0.78045487 6.6263E-27            3.2941E-26 3.1801E-08 6.1649E-09 1.6603E-07 7.7013E-08 1.9783E-07 1.77E-06 4.01E-06   0.248 0.6000 7.4282E-06   1067.838
12000.00 0.76872522 6.5108E-27            3.0955E-26 3.0635E-08 6.0258E-09 1.5998E-07 7.4335E-08 1.9062E-07 1.71E-06 3.95E-06   0.263 0.6000 7.4058E-06   1066.113
12010.00 0.75742131 6.2451E-27            2.9138E-26 3.0726E-08 5.9952E-09 1.5979E-07 7.4020E-08 1.9052E-07 1.70E-06 3.92E-06   0.278 0.6000 7.4478E-06   1066.803
12020.00 0.74917430 6.1587E-27            2.7481E-26 3.0029E-08 5.9464E-09 1.5567E-07 7.2559E-08 1.8570E-07 1.67E-06 3.92E-06   0.289 0.6000 7.4929E-06   1065.840
12030.00 0.75642866 5.8469E-27            2.6484E-26 3.0236E-08 5.9940E-09 1.5657E-07 7.2978E-08 1.8680E-07 1.67E-06 3.94E-06   0.279 0.6000 7.4741E-06   1066.954
12040.00 0.75269949 5.5892E-27            2.5185E-26 3.0396E-08 5.9743E-09 1.5672E-07 7.2666E-08 1.8711E-07 1.67E-06 3.92E-06   0.284 0.6000 7.4806E-06   1067.785
12050.00 0.73669958 5.2220E-27            2.3533E-26 2.9635E-08 5.8443E-09 1.5205E-07 7.0204E-08 1.8169E-07 1.61E-06 3.88E-06   0.306 0.6000 7.5283E-06   1066.573
12060.00 0.72305381 4.5441E-27            2.2046E-26 2.8806E-08 5.7343E-09 1.4709E-07 6.7841E-08 1.7590E-07 1.56E-06 3.85E-06   0.324 0.6000 7.5826E-06   1065.175
12070.00 0.70974773 4.0716E-27            2.0663E-26 2.7463E-08 5.5974E-09 1.3973E-07 6.4791E-08 1.6719E-07 1.49E-06 3.82E-06   0.343 0.6000 7.6181E-06   1062.584
12080.00 0.71716428 3.8016E-27            1.9896E-26 2.7833E-08 5.6699E-09 1.4184E-07 6.5836E-08 1.6968E-07 1.51E-06 3.84E-06   0.332 0.6000 7.6176E-06   1064.263
12090.00 0.75321871 3.4626E-27            1.9938E-26 3.1190E-08 6.0926E-09 1.5972E-07 7.3465E-08 1.9090E-07 1.69E-06 3.97E-06   0.283 0.6000 7.6126E-06   1072.725
12100.00 0.76296061 3.2610E-27            1.9324E-26 3.1985E-08 6.1986E-09 1.6390E-07 7.5252E-08 1.9588E-07 1.73E-06 4.00E-06   0.271 0.6000 7.6013E-06   1075.154
12110.00 0.76258576 3.1158E-27            1.8412E-26 3.2003E-08 6.1747E-09 1.6352E-07 7.4945E-08 1.9552E-07 1.72E-06 3.98E-06   0.271 0.6000 7.5608E-06   1075.756
12120.00 0.77668053 2.9163E-27            1.7910E-26 3.3276E-08 6.3118E-09 1.6962E-07 7.7308E-08 2.0290E-07 1.77E-06 4.01E-06   0.253 0.6000 7.5273E-06   1078.947
12130.00 0.74784243 2.9377E-27            1.6510E-26 2.9959E-08 5.9422E-09 1.5198E-07 7.0035E-08 1.8194E-07 1.61E-06 3.91E-06   0.291 0.6000 7.5122E-06   1072.438
12140.00 0.64820677 3.1753E-27            1.3706E-26 2.2066E-08 4.8632E-09 1.1001E-07 5.2005E-08 1.3208E-07 1.19E-06 3.52E-06   0.434 0.6000 7.4888E-06   1052.448
12150.00 0.58969760 3.2193E-27            1.1824E-26 1.8378E-08 4.2564E-09 9.0158E-08 4.2886E-08 1.0854E-07 9.84E-07 3.25E-06   0.528 0.6000 7.4572E-06   1040.848
12160.00 0.67215288 2.8069E-27            1.2797E-26 2.4282E-08 5.0907E-09 1.2178E-07 5.6454E-08 1.4606E-07 1.30E-06 3.54E-06   0.397 0.6000 7.4171E-06   1060.296
12170.00 0.76845264 2.3577E-27            1.4026E-26 3.1639E-08 6.1262E-09 1.6094E-07 7.3507E-08 1.9258E-07 1.69E-06 3.91E-06   0.263 0.6000 7.4038E-06   1079.086
12180.00 0.77681988 2.2089E-27            1.3574E-26 3.2776E-08 6.2532E-09 1.6655E-07 7.5947E-08 1.9933E-07 1.74E-06 3.94E-06   0.253 0.6000 7.4090E-06   1082.106
12190.00 0.73454189 2.2243E-27            1.2272E-26 2.8994E-08 5.7365E-09 1.4607E-07 6.6938E-08 1.7507E-07 1.54E-06 3.75E-06   0.309 0.6000 7.3651E-06   1074.223
12200.00 0.69963950 2.2059E-27            1.1138E-26 2.5793E-08 5.3086E-09 1.2861E-07 5.8976E-08 1.5441E-07 1.35E-06 3.61E-06   0.357 0.6000 7.3398E-06   1066.738
12210.00 0.67924458 2.1597E-27            1.0326E-26 2.4156E-08 5.1069E-09 1.1966E-07 5.4976E-08 1.4382E-07 1.26E-06 3.55E-06   0.387 0.6000 7.3850E-06   1062.865
12220.00 0.66318369 2.1139E-27            9.6218E-27 2.3178E-08 4.9897E-09 1.1448E-07 5.2908E-08 1.3766E-07 1.21E-06 3.53E-06   0.411 0.6000 7.4529E-06   1060.769
12230.00 0.66030902 2.0312E-27            9.1389E-27 2.3634E-08 5.0580E-09 1.1669E-07 5.3946E-08 1.4032E-07 1.24E-06 3.56E-06   0.415 0.6000 7.5391E-06   1062.709
12240.00 0.64679670 1.9355E-27            8.5509E-27 2.3114E-08 4.9784E-09 1.1339E-07 5.2516E-08 1.3650E-07 1.21E-06 3.53E-06   0.436 0.6000 7.5757E-06   1061.650
12250.00 0.63878298 1.7185E-27            8.0489E-27 2.2282E-08 4.8948E-09 1.0841E-07 5.0775E-08 1.3069E-07 1.17E-06 3.51E-06   0.448 0.6000 7.5636E-06   1059.582
12260.00 0.65259403 1.4197E-27            7.8503E-27 2.2339E-08 5.0061E-09 1.0890E-07 5.1746E-08 1.3124E-07 1.19E-06 3.57E-06   0.427 0.6000 7.5663E-06   1060.559
12270.00 0.66992426 1.1955E-27            7.6935E-27 2.2862E-08 5.1786E-09 1.1233E-07 5.3952E-08 1.3519E-07 1.24E-06 3.66E-06   0.401 0.6000 7.5766E-06   1063.165
12280.00 0.68696797 1.0798E-27            7.5305E-27 2.4120E-08 5.3899E-09 1.1905E-07 5.7052E-08 1.4317E-07 1.31E-06 3.74E-06   0.375 0.6000 7.5958E-06   1067.559
12290.00 0.71198893 1.0238E-27            7.4476E-27 2.6724E-08 5.6853E-09 1.3214E-07 6.1919E-08 1.5887E-07 1.42E-06 3.83E-06   0.340 0.6000 7.6041E-06   1075.028
12300.00 0.75158131 9.2412E-28            7.5007E-27 3.0581E-08 6.1371E-09 1.5182E-07 6.9579E-08 1.8240E-07 1.60E-06 3.97E-06   0.286 0.6000 7.5923E-06   1084.854
12310.00 0.78037530 8.3875E-28            7.4424E-27 3.3158E-08 6.4609E-09 1.6513E-07 7.4932E-08 1.9828E-07 1.72E-06 4.06E-06   0.248 0.6000 7.5786E-06   1091.156
12320.00 0.79248637 8.1445E-28            7.2165E-27 3.4696E-08 6.6311E-09 1.7282E-07 7.8017E-08 2.0752E-07 1.79E-06 4.10E-06   0.233 0.6000 7.5713E-06   1094.948
12330.00 0.80544484 7.9710E-28            7.0009E-27 3.6669E-08 6.8268E-09 1.8225E-07 8.1721E-08 2.1892E-07 1.88E-06 4.13E-06   0.216 0.6000 7.5562E-06   1099.306
12340.00 0.81635356 7.7760E-28            6.7748E-27 3.8126E-08 6.9337E-09 1.8896E-07 8.4048E-08 2.2708E-07 1.93E-06 4.13E-06   0.203 0.6000 7.4943E-06   1102.531
12350.00 0.82216567 7.5188E-28            6.5143E-27 3.8967E-08 6.9719E-09 1.9261E-07 8.5256E-08 2.3158E-07 1.96E-06 4.11E-06   0.196 0.6000 7.4321E-06   1104.603
12360.00 0.82715565 7.2574E-28            6.2558E-27 4.0207E-08 7.0812E-09 1.9808E-07 8.7356E-08 2.3829E-07 2.00E-06 4.13E-06   0.190 0.6000 7.4434E-06   1107.296
12370.00 0.83219856 7.0052E-28            6.0083E-27 4.1594E-08 7.2223E-09 2.0426E-07 8.9787E-08 2.4586E-07 2.06E-06 4.18E-06   0.184 0.6000 7.4858E-06   1110.186
12380.00 0.83537734 6.7387E-28            5.7577E-27 4.2608E-08 7.3247E-09 2.0864E-07 9.1529E-08 2.5125E-07 2.10E-06 4.20E-06   0.180 0.6000 7.5180E-06   1112.421
12390.00 0.83588874 6.4506E-28            5.5003E-27 4.3109E-08 7.3909E-09 2.1068E-07 9.2372E-08 2.5379E-07 2.12E-06 4.23E-06   0.179 0.6000 7.5604E-06   1113.850
12400.00 0.83580744 6.1649E-28            5.2496E-27 4.3367E-08 7.4378E-09 2.1167E-07 9.2784E-08 2.5503E-07 2.13E-06 4.25E-06   0.179 0.6000 7.5961E-06   1114.921
12410.00 0.83676630 5.9054E-28            5.0172E-27 4.3378E-08 7.4115E-09 2.1128E-07 9.2487E-08 2.5466E-07 2.12E-06 4.22E-06   0.178 0.6000 7.5405E-06   1115.548
12420.00 0.83181918 5.5976E-28            4.7625E-27 4.1943E-08 7.2460E-09 2.0423E-07 8.9559E-08 2.4617E-07 2.06E-06 4.15E-06   0.184 0.6000 7.4538E-06   1113.922
12430.00 0.82247484 5.2572E-28            4.4947E-27 4.0147E-08 7.1081E-09 1.9578E-07 8.6225E-08 2.3593E-07 1.98E-06 4.13E-06   0.195 0.6000 7.4793E-06   1111.706
12440.00 0.81899673 4.9916E-28            4.2713E-27 3.9763E-08 7.0958E-09 1.9376E-07 8.5345E-08 2.3352E-07 1.96E-06 4.14E-06   0.200 0.6000 7.5244E-06   1111.723
12450.00 0.81738949 4.7581E-28            4.0699E-27 3.9350E-08 7.0584E-09 1.9159E-07 8.4328E-08 2.3094E-07 1.94E-06 4.13E-06   0.202 0.6000 7.5147E-06   1111.684
12460.00 0.81600523 4.5345E-28            3.8776E-27 3.9105E-08 7.0526E-09 1.9026E-07 8.3717E-08 2.2937E-07 1.92E-06 4.14E-06   0.203 0.6000 7.5360E-06   1111.940
12470.00 0.81692153 4.3467E-28            3.7059E-27 3.9904E-08 7.1296E-09 1.9344E-07 8.4958E-08 2.3335E-07 1.95E-06 4.16E-06   0.202 0.6000 7.5752E-06   1113.854
12480.00 0.81573111 4.1517E-28            3.5326E-27 4.0247E-08 7.1414E-09 1.9439E-07 8.5318E-08 2.3464E-07 1.96E-06 4.15E-06   0.204 0.6000 7.5736E-06   1114.962
12490.00 0.81573898 3.9682E-28            3.3712E-27 4.0098E-08 7.1004E-09 1.9328E-07 8.4726E-08 2.3338E-07 1.94E-06 4.12E-06   0.204 0.6000 7.5166E-06   1115.317
12500.00 0.82110119 3.8283E-28            3.2386E-27 4.0834E-08 7.1632E-09 1.9642E-07 8.5787E-08 2.3726E-07 1.97E-06 4.13E-06   0.197 0.6000 7.4867E-06   1117.186
12510.00 0.82708520 3.6999E-28            3.1145E-27 4.2245E-08 7.3274E-09 2.0276E-07 8.8301E-08 2.4501E-07 2.03E-06 4.18E-06   0.190 0.6000 7.5468E-06   1120.149
12520.00 0.82912517 3.5509E-28            2.9808E-27 4.2940E-08 7.4148E-09 2.0573E-07 8.9521E-08 2.4867E-07 2.05E-06 4.21E-06   0.187 0.6000 7.5887E-06   1121.914
12530.00 0.82943547 3.3965E-28            2.8464E-27 4.3054E-08 7.4245E-09 2.0594E-07 8.9586E-08 2.4900E-07 2.06E-06 4.21E-06   0.187 0.6000 7.5781E-06   1122.734
12540.00 0.82408601 3.2174E-28            2.7008E-27 4.2093E-08 7.3431E-09 2.0129E-07 8.7868E-08 2.4338E-07 2.02E-06 4.18E-06   0.193 0.6000 7.5721E-06   1121.870
12550.00 0.81133354 3.0042E-28            2.5383E-27 3.9706E-08 7.1308E-09 1.9015E-07 8.3681E-08 2.2985E-07 1.92E-06 4.13E-06   0.209 0.6000 7.5626E-06   1118.620
12560.00 0.80939853 2.8583E-28            2.4149E-27 3.9343E-08 7.0844E-09 1.8820E-07 8.2832E-08 2.2755E-07 1.90E-06 4.10E-06   0.211 0.6000 7.5402E-06   1118.646
12570.00 0.82451797 2.8102E-28            2.3474E-27 4.2020E-08 7.2842E-09 1.9991E-07 8.7055E-08 2.4193E-07 2.00E-06 4.12E-06   0.193 0.6000 7.4729E-06   1123.634
12580.00 0.83683574 2.7504E-28            2.2754E-27 4.3928E-08 7.3917E-09 2.0793E-07 8.9850E-08 2.5186E-07 2.06E-06 4.10E-06   0.178 0.6000 7.3560E-06   1127.177
12590.00 0.83999240 2.6461E-28            2.1806E-27 4.4427E-08 7.3972E-09 2.0957E-07 9.0314E-08 2.5399E-07 2.07E-06 4.07E-06   0.174 0.6000 7.2904E-06   1128.500
12600.00 0.83433330 2.5063E-28            2.0684E-27 4.3748E-08 7.3535E-09 2.0618E-07 8.9000E-08 2.4993E-07 2.04E-06 4.08E-06   0.181 0.6000 7.3321E-06   1128.095
12610.00 0.82300353 2.3467E-28            1.9474E-27 4.2197E-08 7.2658E-09 1.9912E-07 8.6407E-08 2.4132E-07 1.98E-06 4.09E-06   0.195 0.6000 7.4294E-06   1126.365
12620.00 0.81953895 2.2270E-28            1.8502E-27 4.1687E-08 7.2463E-09 1.9673E-07 8.5561E-08 2.3841E-07 1.96E-06 4.09E-06   0.199 0.6000 7.4600E-06   1126.246
12630.00 0.81974930 2.1291E-28            1.7667E-27 4.1491E-08 7.2301E-09 1.9567E-07 8.5086E-08 2.3716E-07 1.95E-06 4.08E-06   0.199 0.6000 7.4381E-06   1126.604
12640.00 0.81666422 2.0242E-28            1.6802E-27 4.1295E-08 7.2361E-09 1.9449E-07 8.4583E-08 2.3578E-07 1.94E-06 4.09E-06   0.203 0.6000 7.4882E-06   1126.922
12650.00 0.81265134 1.9220E-28            1.5962E-27 4.1168E-08 7.2501E-09 1.9352E-07 8.4220E-08 2.3469E-07 1.93E-06 4.12E-06   0.207 0.6000 7.5538E-06   1127.324
12660.00 0.80922174 1.8247E-28            1.5170E-27 4.0566E-08 7.2174E-09 1.9065E-07 8.3161E-08 2.3122E-07 1.91E-06 4.11E-06   0.212 0.6000 7.5737E-06   1127.009
12670.00 0.81357926 1.7556E-28            1.4550E-27 4.1207E-08 7.2979E-09 1.9344E-07 8.4204E-08 2.3464E-07 1.93E-06 4.14E-06   0.206 0.6000 7.5815E-06   1128.761
12680.00 0.82321781 1.7085E-28            1.4054E-27 4.3064E-08 7.4589E-09 2.0138E-07 8.7141E-08 2.4444E-07 2.00E-06 4.16E-06   0.195 0.6000 7.5651E-06   1132.354
12690.00 0.82810169 1.6492E-28            1.3498E-27 4.4183E-08 7.5446E-09 2.0589E-07 8.8803E-08 2.5007E-07 2.04E-06 4.17E-06   0.189 0.6000 7.5459E-06   1134.685
12700.00 0.82984447 1.5818E-28            1.2911E-27 4.4801E-08 7.6076E-09 2.0821E-07 8.9569E-08 2.5301E-07 2.06E-06 4.19E-06   0.187 0.6000 7.5709E-06   1136.237
12710.00 0.83322054 1.5217E-28            1.2373E-27 4.5656E-08 7.6769E-09 2.1150E-07 9.0616E-08 2.5716E-07 2.08E-06 4.20E-06   0.182 0.6000 7.5771E-06   1138.115
12720.00 0.83858043 1.4698E-28            1.1886E-27 4.6672E-08 7.7220E-09 2.1539E-07 9.1924E-08 2.6207E-07 2.11E-06 4.18E-06   0.176 0.6000 7.5130E-06   1140.185
12730.00 0.84171414 1.4139E-28            1.1390E-27 4.7421E-08 7.7683E-09 2.1823E-07 9.2931E-08 2.6565E-07 2.13E-06 4.18E-06   0.172 0.6000 7.4881E-06   1141.881
12740.00 0.84223622 1.3532E-28            1.0879E-27 4.8013E-08 7.8443E-09 2.2052E-07 9.3812E-08 2.6854E-07 2.15E-06 4.21E-06   0.172 0.6000 7.5419E-06   1143.380
12750.00 0.84299791 1.2955E-28            1.0393E-27 4.8222E-08 7.8526E-09 2.2104E-07 9.3931E-08 2.6926E-07 2.16E-06 4.20E-06   0.171 0.6000 7.5262E-06   1144.301
12760.00 0.84383982 1.2406E-28            9.9303E-28 4.8116E-08 7.8074E-09 2.2010E-07 9.3434E-08 2.6822E-07 2.14E-06 4.16E-06   0.170 0.6000 7.4577E-06   1144.753
12770.00 0.84430236 1.1871E-28            9.4839E-28 4.8559E-08 7.8602E-09 2.2170E-07 9.4027E-08 2.7026E-07 2.16E-06 4.18E-06   0.169 0.6000 7.4903E-06   1146.026
12780.00 0.84436488 1.1350E-28            9.0533E-28 4.9196E-08 7.9547E-09 2.2423E-07 9.5025E-08 2.7343E-07 2.18E-06 4.22E-06   0.169 0.6000 7.5706E-06   1147.589
12790.00 0.84432995 1.0850E-28            8.6411E-28 4.9282E-08 7.9623E-09 2.2425E-07 9.4962E-08 2.7354E-07 2.18E-06 4.22E-06   0.169 0.6000 7.5699E-06   1148.347
12800.00 0.84429026 1.0372E-28            8.2476E-28 4.9115E-08 7.9291E-09 2.2313E-07 9.4408E-08 2.7224E-07 2.17E-06 4.20E-06   0.169 0.6000 7.5303E-06   1148.736
12810.00 0.84419096 9.9132E-29            7.8715E-28 4.9108E-08 7.9235E-09 2.2274E-07 9.4172E-08 2.7185E-07 2.16E-06 4.19E-06   0.169 0.6000 7.5181E-06   1149.361
12820.00 0.84404141 9.4740E-29            7.5120E-28 4.9157E-08 7.9286E-09 2.2261E-07 9.4052E-08 2.7177E-07 2.16E-06 4.19E-06   0.170 0.6000 7.5169E-06   1150.071
12830.00 0.84387583 9.0540E-29            7.1688E-28 4.9398E-08 7.9648E-09 2.2335E-07 9.4295E-08 2.7275E-07 2.16E-06 4.20E-06   0.170 0.6000 7.5450E-06   1151.059
12840.00 0.84376162 8.6536E-29            6.8417E-28 4.9698E-08 8.0090E-09 2.2435E-07 9.4646E-08 2.7405E-07 2.17E-06 4.22E-06   0.170 0.6000 7.5790E-06   1152.129
12850.00 0.84364039 8.2707E-29            6.5295E-28 4.9570E-08 7.9844E-09 2.2341E-07 9.4181E-08 2.7298E-07 2.16E-06 4.20E-06   0.170 0.6000 7.5478E-06   1152.578
12860.00 0.84350622 7.9044E-29            6.2314E-28 4.9380E-08 7.9500E-09 2.2219E-07 9.3596E-08 2.7157E-07 2.15E-06 4.18E-06   0.170 0.6000 7.5076E-06   1152.935
12870.00 0.84339571 7.5548E-29            5.9470E-28 4.9697E-08 7.9966E-09 2.2325E-07 9.3971E-08 2.7295E-07 2.16E-06 4.20E-06   0.170 0.6000 7.5433E-06   1154.027
12880.00 0.84318841 7.2192E-29            5.6750E-28 5.0001E-08 8.0442E-09 2.2428E-07 9.4340E-08 2.7428E-07 2.17E-06 4.22E-06   0.171 0.6000 7.5817E-06   1155.106
12890.00 0.84291899 6.8976E-29            5.4150E-28 4.9472E-08 7.9601E-09 2.2159E-07 9.3153E-08 2.7106E-07 2.14E-06 4.17E-06   0.171 0.6000 7.4972E-06   1154.987
12900.00 0.84266943 6.5905E-29            5.1671E-28 4.8541E-08 7.8111E-09 2.1711E-07 9.1215E-08 2.6565E-07 2.09E-06 4.08E-06   0.171 0.6000 7.3515E-06   1154.266
12910.00 0.84239727 6.2968E-29            4.9303E-28 4.8707E-08 7.8397E-09 2.1756E-07 9.1348E-08 2.6626E-07 2.10E-06 4.10E-06   0.172 0.6000 7.3738E-06   1155.158
12920.00 0.84209663 6.0159E-29            4.7042E-28 4.9622E-08 7.9900E-09 2.2137E-07 9.2895E-08 2.7099E-07 2.13E-06 4.17E-06   0.172 0.6000 7.5114E-06   1157.152
12930.00 0.84169412 5.7465E-29            4.4880E-28 4.9599E-08 7.9933E-09 2.2103E-07 9.2715E-08 2.7063E-07 2.13E-06 4.17E-06   0.172 0.6000 7.5139E-06   1157.786
12940.00 0.84122092 5.4882E-29            4.2813E-28 4.9006E-08 7.9079E-09 2.1819E-07 9.1490E-08 2.6719E-07 2.10E-06 4.12E-06   0.173 0.6000 7.4353E-06   1157.593
12950.00 0.84082627 5.2423E-29            4.0845E-28 4.8795E-08 7.8807E-09 2.1701E-07 9.0960E-08 2.6581E-07 2.09E-06 4.10E-06   0.173 0.6000 7.4092E-06   1157.947
12960.00 0.84039825 5.0072E-29            3.8966E-28 4.8815E-08 7.8901E-09 2.1686E-07 9.0865E-08 2.6568E-07 2.09E-06 4.10E-06   0.174 0.6000 7.4170E-06   1158.638
12970.00 0.83932239 4.7767E-29            3.7146E-28 4.8768E-08 7.9123E-09 2.1667E-07 9.0849E-08 2.6544E-07 2.09E-06 4.12E-06   0.175 0.6000 7.4534E-06   1159.301
12980.00 0.83662105 4.5421E-29            3.5343E-28 4.8038E-08 7.8801E-09 2.1405E-07 9.0086E-08 2.6209E-07 2.07E-06 4.10E-06   0.178 0.6000 7.4719E-06   1159.114
12990.00 0.83166164 4.3003E-29            3.3536E-28 4.6576E-08 7.7732E-09 2.0854E-07 8.8390E-08 2.5512E-07 2.03E-06 4.06E-06   0.184 0.6000 7.4521E-06   1157.904
13000.00 0.82487756 4.0584E-29            3.1751E-28 4.5359E-08 7.6912E-09 2.0367E-07 8.6970E-08 2.4903E-07 2.00E-06 4.03E-06   0.193 0.6000 7.4733E-06   1156.898
13010.00 0.81515586 3.8129E-29            2.9954E-28 4.4209E-08 7.5913E-09 1.9849E-07 8.5300E-08 2.4270E-07 1.96E-06 3.99E-06   0.204 0.6000 7.5172E-06   1155.782
13020.00 0.80084860 3.5561E-29            2.8094E-28 4.2233E-08 7.3689E-09 1.8967E-07 8.2031E-08 2.3190E-07 1.88E-06 3.90E-06   0.222 0.6000 7.5350E-06   1153.267
13030.00 0.78221375 3.3737E-29            2.6195E-28 3.9289E-08 6.9722E-09 1.7666E-07 7.6617E-08 2.1595E-07 1.76E-06 3.73E-06   0.246 0.6000 7.4629E-06   1148.948
13040.00 0.75912917 3.2582E-29            2.4268E-28 3.4940E-08 6.3485E-09 1.5761E-07 6.8534E-08 1.9255E-07 1.57E-06 3.46E-06   0.276 0.6000 7.2595E-06   1141.645
13050.00 0.73016107 3.0821E-29            2.2286E-28 2.9709E-08 5.6442E-09 1.3511E-07 5.9367E-08 1.6481E-07 1.36E-06 3.15E-06   0.314 0.6000 7.1565E-06   1131.651
13060.00 0.68989855 3.0078E-29            2.0115E-28 2.5080E-08 4.9688E-09 1.1494E-07 5.0594E-08 1.4002E-07 1.16E-06 2.87E-06   0.371 0.6000 7.3139E-06   1121.342
13070.00 0.64214522 3.0277E-29            1.7878E-28 2.0926E-08 4.2513E-09 9.6252E-08 4.1776E-08 1.1718E-07 9.59E-07 2.54E-06   0.443 0.6000 7.5169E-06   1110.251
13080.00 0.59841800 2.8520E-29            1.5899E-28 1.6608E-08 3.5116E-09 7.6820E-08 3.3148E-08 9.3428E-08 7.61E-07 2.18E-06   0.513 0.6000 7.5879E-06   1096.291
13090.00 0.55755931 2.6420E-29            1.4135E-28 1.2512E-08 2.8034E-09 5.8241E-08 2.5212E-08 7.0753E-08 5.79E-07 1.82E-06   0.584 0.6000 7.5867E-06   1079.504
13100.00 0.53358674 2.5951E-29            1.2888E-28 1.0070E-08 2.3519E-09 4.6935E-08 2.0256E-08 5.7005E-08 4.65E-07 1.59E-06   0.628 0.6000 7.5677E-06   1066.975
13110.00 0.57149142 2.5531E-29            1.3119E-28 1.2939E-08 2.7933E-09 5.9558E-08 2.5394E-08 7.2497E-08 5.83E-07 1.79E-06   0.560 0.6000 7.4688E-06   1082.380
13120.00 0.61429697 2.3787E-29            1.3507E-28 1.6492E-08 3.3606E-09 7.5129E-08 3.2039E-08 9.1621E-08 7.35E-07 2.05E-06   0.487 0.6000 7.3624E-06   1097.809
13130.00 0.54115409 2.2346E-29            1.1454E-28 1.1346E-08 2.4456E-09 5.1391E-08 2.2301E-08 6.2737E-08 5.12E-07 1.57E-06   0.614 0.6000 7.3947E-06   1074.831
13140.00 0.40975770 2.3997E-29            8.2812E-29 3.7894E-09 1.0461E-09 1.6712E-08 7.6208E-09 2.0501E-08 1.75E-07 8.37E-07   0.892 0.6000 7.4573E-06   1011.171
13150.00 0.36931789 2.5487E-29            7.0425E-29 2.9501E-09 9.2824E-10 1.2587E-08 6.2278E-09 1.5537E-08 1.43E-07 7.88E-07   0.996 0.6000 7.4701E-06    997.033
13160.00 0.49736774 2.2815E-29            8.9583E-29 1.4601E-08 2.9108E-09 6.3432E-08 2.7879E-08 7.8033E-08 6.40E-07 1.79E-06   0.698 0.6000 7.4942E-06   1090.397
13170.00 0.70749229 1.9524E-29            1.2222E-28 3.5371E-08 6.0274E-09 1.5279E-07 6.4127E-08 1.8816E-07 1.47E-06 3.22E-06   0.346 0.6000 7.4622E-06   1149.332
13180.00 0.82158422 1.8314E-29            1.3641E-28 4.8211E-08 7.7808E-09 2.0688E-07 8.5385E-08 2.5509E-07 1.96E-06 3.97E-06   0.197 0.6000 7.4067E-06   1171.670
13190.00 0.83769017 1.7660E-29            1.3295E-28 5.0854E-08 8.1004E-09 2.1727E-07 8.9300E-08 2.6812E-07 2.05E-06 4.09E-06   0.177 0.6000 7.4345E-06   1176.013
13200.00 0.83778459 1.6885E-29            1.2691E-28 5.1191E-08 8.1415E-09 2.1827E-07 8.9632E-08 2.6946E-07 2.06E-06 4.11E-06   0.177 0.6000 7.4575E-06   1177.103
13210.00 0.83768708 1.6137E-29            1.2111E-28 5.1170E-08 8.1329E-09 2.1782E-07 8.9377E-08 2.6899E-07 2.05E-06 4.10E-06   0.177 0.6000 7.4425E-06   1177.701
13220.00 0.83751607 1.5420E-29            1.1557E-28 5.1095E-08 8.1181E-09 2.1716E-07 8.9039E-08 2.6826E-07 2.04E-06 4.09E-06   0.177 0.6000 7.4238E-06   1178.228
13230.00 0.83731157 1.4734E-29            1.1028E-28 5.1139E-08 8.1233E-09 2.1702E-07 8.8912E-08 2.6816E-07 2.04E-06 4.08E-06   0.178 0.6000 7.4244E-06   1178.925
13240.00 0.83713865 1.4079E-29            1.0523E-28 5.1548E-08 8.1856E-09 2.1841E-07 8.9416E-08 2.6996E-07 2.05E-06 4.11E-06   0.178 0.6000 7.4766E-06   1180.141
13250.00 0.83695418 1.3453E-29            1.0041E-28 5.1937E-08 8.2450E-09 2.1972E-07 8.9885E-08 2.7166E-07 2.06E-06 4.14E-06   0.178 0.6000 7.5265E-06   1181.326
13260.00 0.83674383 1.2854E-29            9.5814E-29 5.1994E-08 8.2521E-09 2.1962E-07 8.9777E-08 2.7161E-07 2.06E-06 4.13E-06   0.178 0.6000 7.5293E-06   1182.039
13270.00 0.83657974 1.2283E-29            9.1430E-29 5.1751E-08 8.2104E-09 2.1825E-07 8.9149E-08 2.7000E-07 2.05E-06 4.11E-06   0.178 0.6000 7.4868E-06   1182.329
13280.00 0.83641577 1.1738E-29            8.7246E-29 5.1362E-08 8.1455E-09 2.1627E-07 8.8271E-08 2.6763E-07 2.03E-06 4.07E-06   0.179 0.6000 7.4232E-06   1182.409
13290.00 0.83618426 1.1215E-29            8.3247E-29 5.1314E-08 8.1363E-09 2.1572E-07 8.7983E-08 2.6704E-07 2.02E-06 4.06E-06   0.179 0.6000 7.4118E-06   1182.972
13300.00 0.83595115 1.0715E-29            7.9430E-29 5.1285E-08 8.1307E-09 2.1528E-07 8.7736E-08 2.6656E-07 2.01E-06 4.06E-06   0.179 0.6000 7.4041E-06   1183.566
13310.00 0.83570462 1.0237E-29            7.5788E-29 5.1047E-08 8.0923E-09 2.1395E-07 8.7132E-08 2.6500E-07 2.00E-06 4.03E-06   0.179 0.6000 7.3667E-06   1183.860
13320.00 0.83539581 9.7789E-30            7.2307E-29 5.1303E-08 8.1338E-09 2.1470E-07 8.7375E-08 2.6600E-07 2.01E-06 4.05E-06   0.180 0.6000 7.4031E-06   1184.862
13330.00 0.83515900 9.3427E-30            6.8991E-29 5.1241E-08 8.1227E-09 2.1411E-07 8.7074E-08 2.6535E-07 2.00E-06 4.04E-06   0.180 0.6000 7.3899E-06   1185.407
13340.00 0.83504021 8.9283E-30            6.5836E-29 5.0931E-08 8.0693E-09 2.1248E-07 8.6341E-08 2.6341E-07 1.98E-06 4.01E-06   0.180 0.6000 7.3357E-06   1185.593
13350.00 0.83494443 8.5327E-30            6.2828E-29 5.1372E-08 8.1341E-09 2.1397E-07 8.6877E-08 2.6534E-07 1.99E-06 4.03E-06   0.180 0.6000 7.3884E-06   1186.853
13360.00 0.83470058 8.1523E-30            5.9947E-29 5.1673E-08 8.1807E-09 2.1489E-07 8.7188E-08 2.6657E-07 2.00E-06 4.05E-06   0.181 0.6000 7.4272E-06   1187.915
13370.00 0.83430696 7.7863E-30            5.7187E-29 5.1633E-08 8.1775E-09 2.1441E-07 8.6931E-08 2.6604E-07 2.00E-06 4.05E-06   0.181 0.6000 7.4233E-06   1188.494
13380.00 0.83395696 7.4374E-30            5.4557E-29 5.1769E-08 8.2015E-09 2.1467E-07 8.6975E-08 2.6644E-07 2.00E-06 4.06E-06   0.182 0.6000 7.4432E-06   1189.327
13390.00 0.83366412 7.1049E-30            5.2051E-29 5.1785E-08 8.2046E-09 2.1442E-07 8.6812E-08 2.6620E-07 1.99E-06 4.06E-06   0.182 0.6000 7.4426E-06   1189.987
13400.00 0.83318114 6.7848E-30            4.9650E-29 5.1656E-08 8.1894E-09 2.1357E-07 8.6411E-08 2.6522E-07 1.98E-06 4.05E-06   0.183 0.6000 7.4284E-06   1190.440
13410.00 0.83265257 6.4782E-30            4.7356E-29 5.1534E-08 8.1768E-09 2.1276E-07 8.6027E-08 2.6429E-07 1.97E-06 4.04E-06   0.183 0.6000 7.4177E-06   1190.905
13420.00 0.83227408 6.1874E-30            4.5176E-29 5.0968E-08 8.0891E-09 2.1011E-07 8.4896E-08 2.6107E-07 1.95E-06 3.99E-06   0.184 0.6000 7.3357E-06   1190.728
13430.00 0.83152252 5.9054E-30            4.3078E-29 5.0557E-08 8.0353E-09 2.0811E-07 8.4044E-08 2.5867E-07 1.93E-06 3.96E-06   0.184 0.6000 7.2909E-06   1190.771
13440.00 0.83101249 5.6384E-30            4.1087E-29 5.1143E-08 8.1339E-09 2.1020E-07 8.4831E-08 2.6134E-07 1.95E-06 4.01E-06   0.185 0.6000 7.3800E-06   1192.250
13450.00 0.83028907 5.3823E-30            3.9181E-29 5.1459E-08 8.1939E-09 2.1121E-07 8.5185E-08 2.6267E-07 1.96E-06 4.04E-06   0.186 0.6000 7.4386E-06   1193.345
13460.00 0.82790309 5.1208E-30            3.7290E-29 5.0267E-08 8.0558E-09 2.0616E-07 8.3166E-08 2.5642E-07 1.91E-06 3.98E-06   0.189 0.6000 7.3484E-06   1192.299
13470.00 0.82592171 4.8744E-30            3.5500E-29 4.8749E-08 7.8561E-09 1.9976E-07 8.0597E-08 2.4851E-07 1.85E-06 3.89E-06   0.191 0.6000 7.1937E-06   1190.724
13480.00 0.82408381 4.6427E-30            3.3808E-29 4.7896E-08 7.7527E-09 1.9607E-07 7.9119E-08 2.4397E-07 1.82E-06 3.85E-06   0.193 0.6000 7.1218E-06   1190.097
13490.00 0.82211846 4.4201E-30            3.2188E-29 4.7756E-08 7.7676E-09 1.9530E-07 7.8815E-08 2.4306E-07 1.81E-06 3.86E-06   0.196 0.6000 7.1613E-06   1190.543
13500.00 0.82130760 4.2182E-30            3.0690E-29 4.8224E-08 7.8565E-09 1.9691E-07 7.9406E-08 2.4514E-07 1.82E-06 3.91E-06   0.197 0.6000 7.2511E-06   1191.886
13510.00 0.81693703 4.0000E-30            2.9143E-29 4.7628E-08 7.8405E-09 1.9434E-07 7.8472E-08 2.4197E-07 1.80E-06 3.92E-06   0.202 0.6000 7.3078E-06   1191.656
13520.00 0.81062180 3.7755E-30            2.7593E-29 4.5932E-08 7.6847E-09 1.8742E-07 7.5910E-08 2.3335E-07 1.74E-06 3.88E-06   0.210 0.6000 7.2659E-06   1189.730
13530.00 0.80629569 3.5780E-30            2.6191E-29 4.4631E-08 7.5444E-09 1.8195E-07 7.3840E-08 2.2658E-07 1.69E-06 3.83E-06   0.215 0.6000 7.1964E-06   1188.309
13540.00 0.80408263 3.4050E-30            2.4927E-29 4.4648E-08 7.5821E-09 1.8174E-07 7.3743E-08 2.2639E-07 1.69E-06 3.85E-06   0.218 0.6000 7.2614E-06   1188.965
13550.00 0.80449367 3.2567E-30            2.3803E-29 4.5571E-08 7.7310E-09 1.8525E-07 7.5034E-08 2.3082E-07 1.72E-06 3.93E-06   0.218 0.6000 7.3935E-06   1191.091
13560.00 0.79897249 3.0828E-30            2.2571E-29 4.4852E-08 7.6916E-09 1.8217E-07 7.3969E-08 2.2702E-07 1.70E-06 3.93E-06   0.224 0.6000 7.4366E-06   1190.601
13570.00 0.78777993 2.8826E-30            2.1237E-29 4.2406E-08 7.4699E-09 1.7227E-07 7.0468E-08 2.1467E-07 1.62E-06 3.87E-06   0.239 0.6000 7.3994E-06   1187.268
13580.00 0.78486556 2.7350E-30            2.0181E-29 4.1235E-08 7.3549E-09 1.6762E-07 6.8778E-08 2.0885E-07 1.58E-06 3.83E-06   0.242 0.6000 7.3391E-06   1186.001
13590.00 0.78839374 2.6331E-30            1.9350E-29 4.1994E-08 7.4089E-09 1.7029E-07 6.9589E-08 2.1228E-07 1.60E-06 3.83E-06   0.238 0.6000 7.3220E-06   1187.890
13600.00 0.78733242 2.5162E-30            1.8448E-29 4.2665E-08 7.4709E-09 1.7225E-07 7.0168E-08 2.1491E-07 1.61E-06 3.85E-06   0.239 0.6000 7.3715E-06   1189.494
13610.00 0.78988248 2.4157E-30            1.7653E-29 4.3807E-08 7.5977E-09 1.7640E-07 7.1636E-08 2.2021E-07 1.64E-06 3.90E-06   0.236 0.6000 7.4372E-06   1191.972
13620.00 0.79041457 2.3146E-30            1.6869E-29 4.4368E-08 7.6491E-09 1.7829E-07 7.2295E-08 2.2266E-07 1.66E-06 3.91E-06   0.235 0.6000 7.4536E-06   1193.492
13630.00 0.77741706 2.1626E-30            1.5842E-29 4.2163E-08 7.4077E-09 1.6892E-07 6.8811E-08 2.1109E-07 1.58E-06 3.83E-06   0.252 0.6000 7.3953E-06   1190.340
13640.00 0.77255350 2.0458E-30            1.5010E-29 4.0744E-08 7.2359E-09 1.6294E-07 6.6355E-08 2.0369E-07 1.52E-06 3.77E-06   0.258 0.6000 7.3147E-06   1188.480
13650.00 0.76137441 1.9994E-30            1.4134E-29 3.9185E-08 7.0503E-09 1.5637E-07 6.3704E-08 1.9556E-07 1.46E-06 3.72E-06   0.273 0.6000 7.3027E-06   1186.268
13660.00 0.72791743 1.8812E-30            1.2906E-29 3.4482E-08 6.5828E-09 1.3705E-07 5.6619E-08 1.7153E-07 1.30E-06 3.62E-06   0.318 0.6000 7.3417E-06   1177.657
13670.00 0.70916992 1.6870E-30            1.1985E-29 3.1128E-08 6.2594E-09 1.2335E-07 5.1603E-08 1.5448E-07 1.18E-06 3.55E-06   0.344 0.6000 7.3140E-06   1171.016
13680.00 0.69937682 1.6419E-30            1.1281E-29 3.0026E-08 6.1135E-09 1.1832E-07 4.9580E-08 1.4835E-07 1.14E-06 3.49E-06   0.358 0.6000 7.2790E-06   1168.903
13690.00 0.69524038 1.6407E-30            1.0692E-29 3.0030E-08 6.1292E-09 1.1802E-07 4.9505E-08 1.4805E-07 1.14E-06 3.51E-06   0.363 0.6000 7.3348E-06   1169.465
13700.00 0.69592243 1.4883E-30            1.0224E-29 2.9584E-08 6.1103E-09 1.1656E-07 4.9290E-08 1.4615E-07 1.13E-06 3.49E-06   0.363 0.6000 7.2943E-06   1169.268
13710.00 0.68753952 1.3624E-30            9.6379E-30 2.8420E-08 5.9043E-09 1.1138E-07 4.7339E-08 1.3980E-07 1.09E-06 3.38E-06   0.375 0.6000 7.1390E-06   1166.900
13720.00 0.70286757 1.3360E-30            9.3859E-30 3.0916E-08 6.1223E-09 1.2086E-07 5.0498E-08 1.5177E-07 1.16E-06 3.42E-06   0.353 0.6000 7.1300E-06   1173.301
13730.00 0.69451660 1.3189E-30            8.8833E-30 3.0546E-08 6.0667E-09 1.1895E-07 4.9279E-08 1.4950E-07 1.13E-06 3.44E-06   0.365 0.6000 7.2569E-06   1172.951
13740.00 0.66538250 1.2981E-30            8.1064E-30 2.7894E-08 5.7493E-09 1.0745E-07 4.4554E-08 1.3535E-07 1.02E-06 3.38E-06   0.407 0.6000 7.3581E-06   1166.764
13750.00 0.67627674 1.2754E-30            7.8518E-30 2.9700E-08 5.9916E-09 1.1453E-07 4.7305E-08 1.4423E-07 1.09E-06 3.45E-06   0.391 0.6000 7.4029E-06   1171.857
13760.00 0.68212569 1.1982E-30            7.5728E-30 2.9420E-08 6.0417E-09 1.1387E-07 4.7603E-08 1.4329E-07 1.09E-06 3.46E-06   0.383 0.6000 7.3717E-06   1172.106
13770.00 0.67516464 1.1190E-30            7.1516E-30 2.7953E-08 5.8982E-09 1.0815E-07 4.5683E-08 1.3610E-07 1.05E-06 3.42E-06   0.393 0.6000 7.3328E-06   1169.243
13780.00 0.67078555 1.1112E-30            6.7818E-30 2.8609E-08 5.9078E-09 1.1028E-07 4.6208E-08 1.3889E-07 1.06E-06 3.41E-06   0.399 0.6000 7.3504E-06   1171.343
13790.00 0.66438311 1.0631E-30            6.4067E-30 2.8584E-08 5.8750E-09 1.0953E-07 4.5832E-08 1.3812E-07 1.05E-06 3.38E-06   0.409 0.6000 7.3525E-06   1171.657
13800.00 0.66051024 1.0078E-30            6.0792E-30 2.8607E-08 5.8626E-09 1.0909E-07 4.5532E-08 1.3770E-07 1.05E-06 3.36E-06   0.415 0.6000 7.3455E-06   1172.146
13810.00 0.65085399 1.0158E-30            5.7189E-30 2.8294E-08 5.7682E-09 1.0742E-07 4.4479E-08 1.3571E-07 1.02E-06 3.33E-06   0.429 0.6000 7.3679E-06   1171.840
13820.00 0.66176420 9.8075E-31            5.5368E-30 2.9635E-08 5.9065E-09 1.1262E-07 4.6189E-08 1.4226E-07 1.06E-06 3.37E-06   0.413 0.6000 7.3863E-06   1175.804
13830.00 0.71379751 8.7915E-31            5.6941E-30 3.5050E-08 6.5487E-09 1.3468E-07 5.4506E-08 1.6973E-07 1.25E-06 3.52E-06   0.337 0.6000 7.3131E-06   1188.918
13840.00 0.75324726 8.0481E-31            5.7463E-30 3.8891E-08 7.0127E-09 1.5060E-07 6.0626E-08 1.8949E-07 1.39E-06 3.62E-06   0.283 0.6000 7.2245E-06   1197.499
13850.00 0.76303065 7.7517E-31            5.5585E-30 3.9754E-08 7.1648E-09 1.5425E-07 6.2073E-08 1.9400E-07 1.42E-06 3.68E-06   0.270 0.6000 7.2655E-06   1199.908
13860.00 0.74678063 7.4595E-31            5.2013E-30 3.7727E-08 6.9366E-09 1.4585E-07 5.8906E-08 1.8357E-07 1.35E-06 3.61E-06   0.292 0.6000 7.2543E-06   1196.637
13870.00 0.68574488 7.3402E-31            4.5669E-30 3.0900E-08 6.0696E-09 1.1771E-07 4.8177E-08 1.4861E-07 1.11E-06 3.35E-06   0.377 0.6000 7.1804E-06   1182.356
13880.00 0.62751877 7.1091E-31            3.9804E-30 2.4640E-08 5.3182E-09 9.2152E-08 3.8537E-08 1.1679E-07 8.84E-07 3.16E-06   0.466 0.6000 7.2210E-06   1166.409
13890.00 0.61282885 6.7015E-31            3.7008E-30 2.2687E-08 5.1064E-09 8.4180E-08 3.5766E-08 1.0687E-07 8.21E-07 3.11E-06   0.490 0.6000 7.2185E-06   1161.080
13900.00 0.60375464 7.1584E-31            3.4840E-30 2.2414E-08 4.9658E-09 8.2280E-08 3.4809E-08 1.0469E-07 7.99E-07 3.03E-06   0.505 0.6000 7.1086E-06   1160.385
13910.00 0.59945238 7.5530E-31            3.2982E-30 2.3221E-08 4.9683E-09 8.4731E-08 3.5294E-08 1.0795E-07 8.10E-07 3.00E-06   0.512 0.6000 7.0594E-06   1163.142
13920.00 0.61835057 6.6458E-31            3.2446E-30 2.4710E-08 5.2558E-09 9.1097E-08 3.8024E-08 1.1581E-07 8.73E-07 3.10E-06   0.481 0.6000 7.1240E-06   1168.602
13930.00 0.62728292 5.5114E-31            3.1447E-30 2.4501E-08 5.3925E-09 9.0916E-08 3.8668E-08 1.1542E-07 8.87E-07 3.20E-06   0.466 0.6000 7.2450E-06   1169.065
13940.00 0.64509642 4.7814E-31            3.0800E-30 2.5363E-08 5.5801E-09 9.4456E-08 4.0086E-08 1.1982E-07 9.20E-07 3.29E-06   0.438 0.6000 7.2826E-06   1172.317
13950.00 0.70395327 4.5439E-31            3.2027E-30 3.1662E-08 6.2976E-09 1.1937E-07 4.8794E-08 1.5103E-07 1.12E-06 3.46E-06   0.351 0.6000 7.2174E-06   1189.098
13960.00 0.76564932 4.7181E-31            3.3289E-30 4.0596E-08 7.2327E-09 1.5440E-07 6.1250E-08 1.9499E-07 1.41E-06 3.67E-06   0.267 0.6000 7.2280E-06   1208.082
13970.00 0.79201210 4.7453E-31            3.2916E-30 4.5223E-08 7.6815E-09 1.7225E-07 6.7605E-08 2.1748E-07 1.55E-06 3.75E-06   0.233 0.6000 7.2489E-06   1216.776
13980.00 0.79611564 4.5735E-31            3.1582E-30 4.5676E-08 7.6746E-09 1.7377E-07 6.7982E-08 2.1945E-07 1.56E-06 3.72E-06   0.228 0.6000 7.1726E-06   1218.155
13990.00 0.80084664 4.4116E-31            3.0314E-30 4.6971E-08 7.7800E-09 1.7837E-07 6.9535E-08 2.2534E-07 1.60E-06 3.74E-06   0.222 0.6000 7.1790E-06   1220.825
14000.00 0.80671352 4.2661E-31            2.9143E-30 4.9304E-08 8.0289E-09 1.8676E-07 7.2548E-08 2.3606E-07 1.67E-06 3.81E-06   0.215 0.6000 7.2918E-06   1224.994
14010.00 0.80905670 4.0973E-31            2.7897E-30 5.0017E-08 8.0897E-09 1.8907E-07 7.3283E-08 2.3909E-07 1.68E-06 3.82E-06   0.212 0.6000 7.2979E-06   1226.660
14020.00 0.80940020 3.9179E-31            2.6633E-30 4.9691E-08 8.0285E-09 1.8753E-07 7.2578E-08 2.3722E-07 1.67E-06 3.79E-06   0.211 0.6000 7.2287E-06   1226.788
14030.00 0.81096172 3.7560E-31            2.5464E-30 5.0310E-08 8.0797E-09 1.8944E-07 7.3210E-08 2.3975E-07 1.68E-06 3.79E-06   0.210 0.6000 7.2327E-06   1228.297
14040.00 0.81223494 3.5998E-31            2.4340E-30 5.0989E-08 8.1430E-09 1.9161E-07 7.3987E-08 2.4260E-07 1.70E-06 3.81E-06   0.208 0.6000 7.2520E-06   1229.897
14050.00 0.81191295 3.4383E-31            2.3220E-30 5.0960E-08 8.1415E-09 1.9125E-07 7.3790E-08 2.4221E-07 1.69E-06 3.80E-06   0.208 0.6000 7.2497E-06   1230.490
14060.00 0.81020349 3.2748E-31            2.2114E-30 5.0703E-08 8.1410E-09 1.9009E-07 7.3284E-08 2.4079E-07 1.68E-06 3.81E-06   0.210 0.6000 7.2797E-06   1230.767
14070.00 0.80796528 3.1152E-31            2.1044E-30 5.0546E-08 8.1697E-09 1.8936E-07 7.2979E-08 2.3990E-07 1.67E-06 3.84E-06   0.213 0.6000 7.3460E-06   1231.206
14080.00 0.80710161 2.9713E-31            2.0060E-30 5.0526E-08 8.1868E-09 1.8907E-07 7.2848E-08 2.3959E-07 1.67E-06 3.85E-06   0.214 0.6000 7.3702E-06   1231.825
14090.00 0.80710185 2.8401E-31            1.9144E-30 5.0352E-08 8.1418E-09 1.8802E-07 7.2399E-08 2.3837E-07 1.66E-06 3.82E-06   0.214 0.6000 7.3151E-06   1232.157
14100.00 0.80746388 2.7172E-31            1.8276E-30 5.0202E-08 8.0812E-09 1.8700E-07 7.1905E-08 2.3720E-07 1.65E-06 3.78E-06   0.214 0.6000 7.2416E-06   1232.502
14110.00 0.80645216 2.5924E-31            1.7421E-30 5.0091E-08 8.0750E-09 1.8632E-07 7.1613E-08 2.3641E-07 1.64E-06 3.78E-06   0.215 0.6000 7.2492E-06   1232.968
14120.00 0.80278355 2.4591E-31            1.6551E-30 4.9658E-08 8.0983E-09 1.8468E-07 7.1056E-08 2.3434E-07 1.63E-06 3.81E-06   0.220 0.6000 7.3382E-06   1233.023
14130.00 0.80230147 2.3462E-31            1.5780E-30 4.9416E-08 8.0775E-09 1.8361E-07 7.0585E-08 2.3303E-07 1.62E-06 3.80E-06   0.220 0.6000 7.3260E-06   1233.319
14140.00 0.80264717 2.2446E-31            1.5068E-30 4.9050E-08 7.9997E-09 1.8198E-07 6.9936E-08 2.3103E-07 1.61E-06 3.75E-06   0.220 0.6000 7.2353E-06   1233.387
14150.00 0.79858220 2.1281E-31            1.4308E-30 4.8198E-08 7.9459E-09 1.7878E-07 6.8928E-08 2.2698E-07 1.58E-06 3.74E-06   0.225 0.6000 7.2451E-06   1232.779
14160.00 0.79517186 2.0198E-31            1.3595E-30 4.7743E-08 7.9345E-09 1.7698E-07 6.8366E-08 2.2473E-07 1.57E-06 3.75E-06   0.229 0.6000 7.2845E-06   1232.748
14170.00 0.79140025 1.9174E-31            1.2913E-30 4.7289E-08 7.8963E-09 1.7492E-07 6.7564E-08 2.2221E-07 1.55E-06 3.75E-06   0.234 0.6000 7.3056E-06   1232.622
14180.00 0.79138029 1.8317E-31            1.2317E-30 4.7772E-08 7.9505E-09 1.7626E-07 6.7909E-08 2.2403E-07 1.56E-06 3.77E-06   0.234 0.6000 7.3485E-06   1233.941
14190.00 0.79312485 1.7584E-31            1.1784E-30 4.8545E-08 8.0044E-09 1.7864E-07 6.8626E-08 2.2718E-07 1.58E-06 3.77E-06   0.232 0.6000 7.3492E-06   1235.698
14200.00 0.79088748 1.6755E-31            1.1214E-30 4.8320E-08 7.9361E-09 1.7727E-07 6.8042E-08 2.2559E-07 1.56E-06 3.74E-06   0.235 0.6000 7.2972E-06   1235.884
14210.00 0.79334497 1.6091E-31            1.0731E-30 4.8967E-08 7.9625E-09 1.7916E-07 6.8611E-08 2.2813E-07 1.57E-06 3.72E-06   0.231 0.6000 7.2614E-06   1237.435
14220.00 0.78729796 1.5217E-31            1.0172E-30 4.7455E-08 7.8265E-09 1.7358E-07 6.6680E-08 2.2104E-07 1.53E-06 3.69E-06   0.239 0.6000 7.2321E-06   1235.786
14230.00 0.77490532 1.4172E-31            9.5493E-31 4.4259E-08 7.5518E-09 1.6212E-07 6.2739E-08 2.0638E-07 1.44E-06 3.62E-06   0.255 0.6000 7.1924E-06   1231.394
14240.00 0.77294749 1.3471E-31            9.0858E-31 4.3364E-08 7.4645E-09 1.5883E-07 6.1519E-08 2.0220E-07 1.41E-06 3.59E-06   0.258 0.6000 7.1417E-06   1230.589
14250.00 0.77409989 1.2904E-31            8.6840E-31 4.3496E-08 7.4568E-09 1.5895E-07 6.1375E-08 2.0244E-07 1.41E-06 3.58E-06   0.256 0.6000 7.1091E-06   1231.386
14260.00 0.77345276 1.2317E-31            8.2814E-31 4.3419E-08 7.4675E-09 1.5842E-07 6.1035E-08 2.0184E-07 1.40E-06 3.59E-06   0.257 0.6000 7.1517E-06   1231.872
14270.00 0.77164000 1.1734E-31            7.8855E-31 4.3255E-08 7.4592E-09 1.5759E-07 6.0645E-08 2.0084E-07 1.39E-06 3.60E-06   0.259 0.6000 7.1828E-06   1232.217
14280.00 0.77345461 1.1264E-31            7.5406E-31 4.4456E-08 7.5618E-09 1.6143E-07 6.1949E-08 2.0588E-07 1.42E-06 3.62E-06   0.257 0.6000 7.2151E-06   1234.760
14290.00 0.77174729 1.0736E-31            7.1826E-31 4.4879E-08 7.6520E-09 1.6283E-07 6.2703E-08 2.0770E-07 1.44E-06 3.65E-06   0.259 0.6000 7.3019E-06   1236.123
14300.00 0.76594096 1.0128E-31            6.8004E-31 4.3856E-08 7.6144E-09 1.5931E-07 6.1856E-08 2.0317E-07 1.42E-06 3.65E-06   0.267 0.6000 7.3474E-06   1235.193
14310.00 0.77448827 9.8306E-32            6.5563E-31 4.5501E-08 7.7422E-09 1.6493E-07 6.3676E-08 2.1043E-07 1.46E-06 3.66E-06   0.256 0.6000 7.3121E-06   1238.513
14320.00 0.79268080 9.7353E-32            6.4047E-31 4.8849E-08 7.9719E-09 1.7634E-07 6.7137E-08 2.2519E-07 1.54E-06 3.68E-06   0.232 0.6000 7.2252E-06   1244.296
14330.00 0.80198419 9.4774E-32            6.1869E-31 5.0751E-08 8.1092E-09 1.8269E-07 6.9058E-08 2.3344E-07 1.58E-06 3.70E-06   0.221 0.6000 7.1934E-06   1247.716
14340.00 0.80370086 9.0889E-32            5.9170E-31 5.1731E-08 8.2220E-09 1.8589E-07 7.0154E-08 2.3762E-07 1.61E-06 3.73E-06   0.219 0.6000 7.2543E-06   1249.771
14350.00 0.79656237 8.5839E-32            5.5998E-31 5.0904E-08 8.1671E-09 1.8267E-07 6.9168E-08 2.3358E-07 1.59E-06 3.72E-06   0.227 0.6000 7.2967E-06   1249.186
14360.00 0.77451009 7.8848E-32            5.1982E-31 4.6982E-08 7.7978E-09 1.6834E-07 6.4279E-08 2.1532E-07 1.48E-06 3.64E-06   0.256 0.6000 7.2866E-06   1243.776
14370.00 0.76006615 7.3193E-32            4.8634E-31 4.4027E-08 7.5198E-09 1.5752E-07 6.0417E-08 2.0155E-07 1.39E-06 3.58E-06   0.274 0.6000 7.2676E-06   1239.553
14380.00 0.76037955 6.9827E-32            4.6418E-31 4.3374E-08 7.4842E-09 1.5513E-07 5.9777E-08 1.9850E-07 1.37E-06 3.56E-06   0.274 0.6000 7.2414E-06   1239.129
14390.00 0.75144869 6.5548E-32            4.3808E-31 4.1455E-08 7.3322E-09 1.4820E-07 5.7872E-08 1.8965E-07 1.33E-06 3.52E-06   0.286 0.6000 7.2244E-06   1236.460
14400.00 0.73943084 6.1107E-32            4.1121E-31 3.9352E-08 7.1541E-09 1.4063E-07 5.5333E-08 1.7998E-07 1.27E-06 3.49E-06   0.302 0.6000 7.2612E-06   1233.311
14410.00 0.74308091 5.8693E-32            3.9403E-31 3.9554E-08 7.1890E-09 1.4157E-07 5.5392E-08 1.8112E-07 1.27E-06 3.51E-06   0.297 0.6000 7.2883E-06   1234.477
14420.00 0.75489569 5.7315E-32            3.8198E-31 4.0840E-08 7.3164E-09 1.4647E-07 5.6927E-08 1.8732E-07 1.31E-06 3.52E-06   0.281 0.6000 7.2637E-06   1237.659
14430.00 0.76384372 5.5731E-32            3.6887E-31 4.2298E-08 7.4288E-09 1.5161E-07 5.8523E-08 1.9391E-07 1.34E-06 3.52E-06   0.269 0.6000 7.2459E-06   1240.924
14440.00 0.77211720 5.4145E-32            3.5576E-31 4.4002E-08 7.5392E-09 1.5768E-07 6.0514E-08 2.0168E-07 1.39E-06 3.51E-06   0.259 0.6000 7.2276E-06   1244.554
14450.00 0.77923220 5.2464E-32            3.4273E-31 4.5229E-08 7.6112E-09 1.6252E-07 6.2372E-08 2.0775E-07 1.43E-06 3.48E-06   0.249 0.6000 7.1982E-06   1247.474
14460.00 0.77787626 5.0022E-32            3.2661E-31 4.5243E-08 7.5717E-09 1.6278E-07 6.2620E-08 2.0802E-07 1.44E-06 3.43E-06   0.251 0.6000 7.2080E-06   1248.281
14470.00 0.76974291 4.7068E-32            3.0845E-31 4.4291E-08 7.4435E-09 1.5937E-07 6.1457E-08 2.0366E-07 1.41E-06 3.37E-06   0.262 0.6000 7.2614E-06   1247.403
14480.00 0.75959057 4.4116E-32            2.9049E-31 4.2779E-08 7.2424E-09 1.5399E-07 5.9494E-08 1.9677E-07 1.37E-06 3.29E-06   0.275 0.6000 7.2952E-06   1245.541
14490.00 0.75036061 4.1417E-32            2.7381E-31 4.1182E-08 7.0121E-09 1.4825E-07 5.7264E-08 1.8943E-07 1.31E-06 3.20E-06   0.287 0.6000 7.3031E-06   1243.424
14500.00 0.74274975 3.8959E-32            2.5860E-31 3.9374E-08 6.7813E-09 1.4209E-07 5.4996E-08 1.8146E-07 1.26E-06 3.11E-06   0.297 0.6000 7.3121E-06   1240.946
14510.00 0.74339336 3.7172E-32            2.4679E-31 3.8586E-08 6.7093E-09 1.3968E-07 5.4280E-08 1.7827E-07 1.25E-06 3.08E-06   0.297 0.6000 7.2892E-06   1240.340
14520.00 0.75773698 3.6497E-32            2.3998E-31 4.0480E-08 6.9501E-09 1.4627E-07 5.6670E-08 1.8675E-07 1.30E-06 3.15E-06   0.277 0.6000 7.2356E-06   1244.479
14530.00 0.74906909 3.4376E-32            2.2689E-31 3.8696E-08 6.7544E-09 1.4021E-07 5.4723E-08 1.7890E-07 1.26E-06 3.08E-06   0.289 0.6000 7.2336E-06   1242.007
14540.00 0.69308519 2.9277E-32            2.0068E-31 2.9172E-08 5.6402E-09 1.0765E-07 4.3817E-08 1.3682E-07 1.01E-06 2.68E-06   0.367 0.6000 7.2808E-06   1223.221
14550.00 0.66588265 2.6232E-32            1.8324E-31 2.6037E-08 5.2254E-09 9.6086E-08 3.9743E-08 1.2212E-07 9.12E-07 2.53E-06   0.407 0.6000 7.3033E-06   1215.838
14560.00 0.72355407 2.8465E-32            1.8936E-31 3.7954E-08 6.5224E-09 1.3501E-07 5.2289E-08 1.7296E-07 1.20E-06 2.98E-06   0.324 0.6000 7.2287E-06   1241.622
14570.00 0.79184943 3.1191E-32            1.9820E-31 5.0592E-08 7.8879E-09 1.7648E-07 6.5625E-08 2.2707E-07 1.51E-06 3.46E-06   0.233 0.6000 7.0806E-06   1262.692
14580.00 0.81282181 3.1022E-32            1.9449E-31 5.4716E-08 8.3244E-09 1.8977E-07 6.9848E-08 2.4449E-07 1.60E-06 3.60E-06   0.207 0.6000 7.0452E-06   1269.052
14590.00 0.81285948 2.9641E-32            1.8560E-31 5.5717E-08 8.4679E-09 1.9296E-07 7.0963E-08 2.4868E-07 1.63E-06 3.66E-06   0.207 0.6000 7.1581E-06   1271.071
14600.00 0.81261319 2.8304E-32            1.7705E-31 5.5957E-08 8.5049E-09 1.9356E-07 7.1134E-08 2.4952E-07 1.63E-06 3.67E-06   0.208 0.6000 7.1879E-06   1272.042
14610.00 0.81230110 2.7023E-32            1.6888E-31 5.5407E-08 8.4240E-09 1.9143E-07 7.0304E-08 2.4683E-07 1.61E-06 3.63E-06   0.208 0.6000 7.1198E-06   1271.922
14620.00 0.81234992 2.5819E-32            1.6116E-31 5.5935E-08 8.4961E-09 1.9298E-07 7.0817E-08 2.4892E-07 1.63E-06 3.66E-06   0.208 0.6000 7.1735E-06   1273.283
14630.00 0.81245643 2.4674E-32            1.5381E-31 5.6651E-08 8.5946E-09 1.9518E-07 7.1565E-08 2.5183E-07 1.64E-06 3.70E-06   0.208 0.6000 7.2481E-06   1274.893
14640.00 0.81222904 2.3562E-32            1.4673E-31 5.6532E-08 8.5768E-09 1.9453E-07 7.1277E-08 2.5106E-07 1.64E-06 3.69E-06   0.208 0.6000 7.2316E-06   1275.370
14650.00 0.81203663 2.2501E-32            1.3997E-31 5.6484E-08 8.5689E-09 1.9412E-07 7.1077E-08 2.5061E-07 1.63E-06 3.68E-06   0.208 0.6000 7.2227E-06   1275.943
14660.00 0.81207252 2.1498E-32            1.3357E-31 5.6534E-08 8.5688E-09 1.9403E-07 7.0988E-08 2.5057E-07 1.63E-06 3.67E-06   0.208 0.6000 7.2153E-06   1276.643
14670.00 0.81211728 2.0541E-32            1.2746E-31 5.6480E-08 8.5525E-09 1.9359E-07 7.0767E-08 2.5007E-07 1.62E-06 3.66E-06   0.208 0.6000 7.1944E-06   1277.202
14680.00 0.81205624 1.9622E-32            1.2162E-31 5.6391E-08 8.5346E-09 1.9304E-07 7.0512E-08 2.4943E-07 1.62E-06 3.65E-06   0.208 0.6000 7.1747E-06   1277.717
14690.00 0.81190521 1.8740E-32            1.1603E-31 5.6391E-08 8.5331E-09 1.9280E-07 7.0377E-08 2.4920E-07 1.62E-06 3.65E-06   0.208 0.6000 7.1704E-06   1278.357
14700.00 0.81179750 1.7899E-32            1.1070E-31 5.6460E-08 8.5400E-09 1.9279E-07 7.0318E-08 2.4925E-07 1.61E-06 3.64E-06   0.209 0.6000 7.1725E-06   1279.086
14710.00 0.81174940 1.7099E-32            1.0563E-31 5.6466E-08 8.5356E-09 1.9256E-07 7.0177E-08 2.4903E-07 1.61E-06 3.64E-06   0.209 0.6000 7.1639E-06   1279.728
14720.00 0.81167489 1.6333E-32            1.0078E-31 5.6602E-08 8.5517E-09 1.9277E-07 7.0200E-08 2.4937E-07 1.61E-06 3.64E-06   0.209 0.6000 7.1732E-06   1280.549
14730.00 0.81153238 1.5600E-32            9.6153E-32 5.6698E-08 8.5640E-09 1.9286E-07 7.0180E-08 2.4956E-07 1.61E-06 3.64E-06   0.209 0.6000 7.1808E-06   1281.318
14740.00 0.81138867 1.4899E-32            9.1734E-32 5.6833E-08 8.5823E-09 1.9308E-07 7.0207E-08 2.4991E-07 1.61E-06 3.65E-06   0.209 0.6000 7.1933E-06   1282.140
14750.00 0.81128621 1.4231E-32            8.7523E-32 5.7066E-08 8.6137E-09 1.9362E-07 7.0349E-08 2.5069E-07 1.61E-06 3.66E-06   0.209 0.6000 7.2164E-06   1283.092
14760.00 0.81113935 1.3591E-32            8.3500E-32 5.6844E-08 8.5781E-09 1.9263E-07 6.9937E-08 2.4947E-07 1.61E-06 3.64E-06   0.209 0.6000 7.1844E-06   1283.427
14770.00 0.81097609 1.2980E-32            7.9660E-32 5.6581E-08 8.5366E-09 1.9149E-07 6.9474E-08 2.4807E-07 1.59E-06 3.62E-06   0.210 0.6000 7.1478E-06   1283.703
14780.00 0.81082612 1.2397E-32            7.5998E-32 5.6903E-08 8.5831E-09 1.9234E-07 6.9729E-08 2.4925E-07 1.60E-06 3.63E-06   0.210 0.6000 7.1847E-06   1284.781
14790.00 0.81066835 1.1839E-32            7.2504E-32 5.7264E-08 8.6358E-09 1.9333E-07 7.0034E-08 2.5059E-07 1.61E-06 3.65E-06   0.210 0.6000 7.2269E-06   1285.910
14800.00 0.81051552 1.1307E-32            6.9171E-32 5.6952E-08 8.5869E-09 1.9204E-07 6.9517E-08 2.4899E-07 1.60E-06 3.63E-06   0.210 0.6000 7.1840E-06   1286.124
14810.00 0.81035596 1.0798E-32            6.5990E-32 5.6511E-08 8.5186E-09 1.9031E-07 6.8841E-08 2.4682E-07 1.58E-06 3.59E-06   0.210 0.6000 7.1250E-06   1286.156
14820.00 0.81018347 1.0312E-32            6.2954E-32 5.6678E-08 8.5424E-09 1.9064E-07 6.8908E-08 2.4731E-07 1.58E-06 3.60E-06   0.210 0.6000 7.1434E-06   1287.022
14830.00 0.81002104 9.8483E-33            6.0059E-32 5.6986E-08 8.5872E-09 1.9144E-07 6.9147E-08 2.4842E-07 1.59E-06 3.62E-06   0.211 0.6000 7.1790E-06   1288.080
14840.00 0.80986893 9.4055E-33            5.7297E-32 5.7172E-08 8.6131E-09 1.9182E-07 6.9234E-08 2.4899E-07 1.59E-06 3.62E-06   0.211 0.6000 7.1988E-06   1288.970
14850.00 0.80970609 8.9825E-33            5.4662E-32 5.7169E-08 8.6111E-09 1.9157E-07 6.9094E-08 2.4874E-07 1.59E-06 3.62E-06   0.211 0.6000 7.1954E-06   1289.604
14860.00 0.80951935 8.5780E-33            5.2146E-32 5.6927E-08 8.5736E-09 1.9053E-07 6.8667E-08 2.4745E-07 1.58E-06 3.60E-06   0.211 0.6000 7.1630E-06   1289.911
14870.00 0.80934262 8.1918E-33            4.9747E-32 5.6673E-08 8.5341E-09 1.8944E-07 6.8227E-08 2.4611E-07 1.57E-06 3.58E-06   0.212 0.6000 7.1287E-06   1290.199
14880.00 0.80919546 7.8235E-33            4.7460E-32 5.6209E-08 8.4621E-09 1.8766E-07 6.7534E-08 2.4387E-07 1.55E-06 3.54E-06   0.212 0.6000 7.0670E-06   1290.196
14890.00 0.80903226 7.4715E-33            4.5276E-32 5.6063E-08 8.4384E-09 1.8693E-07 6.7223E-08 2.4300E-07 1.54E-06 3.53E-06   0.212 0.6000 7.0459E-06   1290.628
14900.00 0.80884504 7.1349E-33            4.3192E-32 5.6625E-08 8.5221E-09 1.8858E-07 6.7765E-08 2.4520E-07 1.56E-06 3.56E-06   0.212 0.6000 7.1150E-06   1292.041
14910.00 0.80865705 6.8135E-33            4.1204E-32 5.7010E-08 8.5793E-09 1.8963E-07 6.8094E-08 2.4664E-07 1.56E-06 3.58E-06   0.212 0.6000 7.1619E-06   1293.207
14920.00 0.80848026 6.5067E-33            3.9308E-32 5.6896E-08 8.5608E-09 1.8902E-07 6.7825E-08 2.4591E-07 1.56E-06 3.57E-06   0.213 0.6000 7.1455E-06   1293.687
14930.00 0.80830812 6.2137E-33            3.7499E-32 5.6902E-08 8.5603E-09 1.8880E-07 6.7698E-08 2.4571E-07 1.55E-06 3.57E-06   0.213 0.6000 7.1441E-06   1294.332
14940.00 0.80809242 5.9335E-33            3.5772E-32 5.7287E-08 8.6179E-09 1.8984E-07 6.8022E-08 2.4713E-07 1.56E-06 3.59E-06   0.213 0.6000 7.1919E-06   1295.494
14950.00 0.80783129 5.6653E-33            3.4122E-32 5.7513E-08 8.6529E-09 1.9036E-07 6.8159E-08 2.4788E-07 1.56E-06 3.60E-06   0.213 0.6000 7.2219E-06   1296.439
14960.00 0.80763489 5.4099E-33            3.2550E-32 5.7018E-08 8.5779E-09 1.8850E-07 6.7443E-08 2.4552E-07 1.55E-06 3.57E-06   0.214 0.6000 7.1588E-06   1296.403
14970.00 0.80748534 5.1666E-33            3.1053E-32 5.6558E-08 8.5066E-09 1.8675E-07 6.6765E-08 2.4330E-07 1.53E-06 3.53E-06   0.214 0.6000 7.0980E-06   1296.405
14980.00 0.80726993 4.9335E-33            2.9623E-32 5.6987E-08 8.5709E-09 1.8793E-07 6.7139E-08 2.4492E-07 1.54E-06 3.56E-06   0.214 0.6000 7.1516E-06   1297.631
14990.00 0.80697054 4.7101E-33            2.8255E-32 5.6824E-08 8.5487E-09 1.8718E-07 6.6823E-08 2.4400E-07 1.53E-06 3.55E-06   0.214 0.6000 7.1350E-06   1298.048
15000.00 0.80658436 4.4959E-33            2.6948E-32 5.5950E-08 8.4221E-09 1.8408E-07 6.5675E-08 2.4003E-07 1.51E-06 3.49E-06   0.215 0.6000 7.0330E-06   1297.477
15010.00 0.80633497 4.2926E-33            2.5704E-32 5.6202E-08 8.4607E-09 1.8468E-07 6.5841E-08 2.4088E-07 1.51E-06 3.50E-06   0.215 0.6000 7.0658E-06   1298.462
15020.00 0.80623746 4.0999E-33            2.4524E-32 5.6952E-08 8.5698E-09 1.8691E-07 6.6584E-08 2.4386E-07 1.53E-06 3.55E-06   0.215 0.6000 7.1544E-06   1300.132
15030.00 0.80602425 3.9150E-33            2.3394E-32 5.6896E-08 8.5613E-09 1.8651E-07 6.6392E-08 2.4340E-07 1.52E-06 3.54E-06   0.216 0.6000 7.1474E-06   1300.694
15040.00 0.80553472 3.7362E-33            2.2308E-32 5.6285E-08 8.4772E-09 1.8430E-07 6.5565E-08 2.4058E-07 1.50E-06 3.50E-06   0.216 0.6000 7.0826E-06   1300.492
15050.00 0.80515999 3.5662E-33            2.1276E-32 5.6035E-08 8.4440E-09 1.8327E-07 6.5155E-08 2.3930E-07 1.50E-06 3.49E-06   0.217 0.6000 7.0578E-06   1300.783
15060.00 0.80521274 3.4072E-33            2.0302E-32 5.5977E-08 8.4273E-09 1.8284E-07 6.4947E-08 2.3881E-07 1.49E-06 3.47E-06   0.217 0.6000 7.0380E-06   1301.331
15070.00 0.80498749 3.2536E-33            1.9367E-32 5.5744E-08 8.3924E-09 1.8185E-07 6.4550E-08 2.3759E-07 1.48E-06 3.46E-06   0.217 0.6000 7.0085E-06   1301.640
15080.00 0.80454129 3.1051E-33            1.8469E-32 5.6147E-08 8.4593E-09 1.8294E-07 6.4896E-08 2.3909E-07 1.49E-06 3.48E-06   0.217 0.6000 7.0685E-06   1302.840
15090.00 0.80445367 2.9657E-33            1.7620E-32 5.6849E-08 8.5610E-09 1.8500E-07 6.5573E-08 2.4185E-07 1.50E-06 3.52E-06   0.218 0.6000 7.1505E-06   1304.446
15100.00 0.80444974 2.8332E-33            1.6812E-32 5.7176E-08 8.6039E-09 1.8583E-07 6.5813E-08 2.4300E-07 1.51E-06 3.53E-06   0.218 0.6000 7.1816E-06   1305.528
15110.00 0.80390722 2.7035E-33            1.6031E-32 5.6989E-08 8.5846E-09 1.8500E-07 6.5486E-08 2.4199E-07 1.50E-06 3.53E-06   0.218 0.6000 7.1712E-06   1305.910
15120.00 0.80322367 2.5788E-33            1.5283E-32 5.6316E-08 8.4965E-09 1.8262E-07 6.4610E-08 2.3893E-07 1.48E-06 3.49E-06   0.219 0.6000 7.1062E-06   1305.621
15130.00 0.80257064 2.4602E-33            1.4571E-32 5.5929E-08 8.4511E-09 1.8118E-07 6.4067E-08 2.3710E-07 1.47E-06 3.47E-06   0.220 0.6000 7.0766E-06   1305.726
15140.00 0.80103821 2.3427E-33            1.3877E-32 5.5741E-08 8.4584E-09 1.8041E-07 6.3791E-08 2.3615E-07 1.46E-06 3.48E-06   0.222 0.6000 7.1077E-06   1306.118
15150.00 0.79985559 2.2320E-33            1.3221E-32 5.4834E-08 8.3457E-09 1.7730E-07 6.2677E-08 2.3213E-07 1.44E-06 3.44E-06   0.223 0.6000 7.0308E-06   1305.483
15160.00 0.80008143 2.1333E-33            1.2618E-32 5.4088E-08 8.2187E-09 1.7465E-07 6.1676E-08 2.2873E-07 1.42E-06 3.38E-06   0.223 0.6000 6.9154E-06   1305.036
15170.00 0.79873037 2.0327E-33            1.2021E-32 5.4100E-08 8.2454E-09 1.7450E-07 6.1605E-08 2.2860E-07 1.41E-06 3.39E-06   0.225 0.6000 6.9587E-06   1305.696
15180.00 0.79606259 1.9307E-33            1.1431E-32 5.3997E-08 8.2924E-09 1.7405E-07 6.1488E-08 2.2805E-07 1.41E-06 3.42E-06   0.228 0.6000 7.0432E-06   1306.214
15190.00 0.79533023 1.8415E-33            1.0896E-32 5.3843E-08 8.2748E-09 1.7337E-07 6.1254E-08 2.2721E-07 1.41E-06 3.41E-06   0.229 0.6000 7.0311E-06   1306.633
15200.00 0.79279423 1.7513E-33            1.0366E-32 5.2542E-08 8.1051E-09 1.6898E-07 5.9783E-08 2.2153E-07 1.37E-06 3.35E-06   0.232 0.6000 6.9150E-06   1305.362
15210.00 0.78978455 1.6620E-33            9.8506E-33 5.0171E-08 7.8033E-09 1.6123E-07 5.7093E-08 2.1140E-07 1.31E-06 3.24E-06   0.236 0.6000 6.7075E-06   1302.429
15220.00 0.78985584 1.5872E-33            9.3991E-33 4.6148E-08 7.1795E-09 1.4813E-07 5.2345E-08 1.9428E-07 1.20E-06 2.98E-06   0.236 0.6000 6.1739E-06   1296.617
15230.00 0.78926575 1.5145E-33            8.9629E-33 4.1465E-08 6.4582E-09 1.3297E-07 4.6928E-08 1.7443E-07 1.08E-06 2.68E-06   0.237 0.6000 5.5611E-06   1289.093
15240.00 0.78810978 1.4431E-33            8.5394E-33 4.2390E-08 6.6380E-09 1.3584E-07 4.7978E-08 1.7823E-07 1.10E-06 2.76E-06   0.238 0.6000 5.7390E-06   1291.427
15250.00 0.78591245 1.3728E-33            8.1258E-33 4.7085E-08 7.4061E-09 1.5071E-07 5.3269E-08 1.9780E-07 1.22E-06 3.08E-06   0.241 0.6000 6.4351E-06   1300.099
15260.00 0.78314364 1.3043E-33            7.7250E-33 4.9335E-08 7.7881E-09 1.5771E-07 5.5791E-08 2.0705E-07 1.28E-06 3.25E-06   0.244 0.6000 6.8015E-06   1304.331
15270.00 0.78265804 1.2446E-33            7.3653E-33 4.9878E-08 7.8735E-09 1.5926E-07 5.6318E-08 2.0914E-07 1.29E-06 3.28E-06   0.245 0.6000 6.8802E-06   1305.813
15280.00 0.78652865 1.1980E-33            7.0608E-33 5.1588E-08 8.0536E-09 1.6442E-07 5.7928E-08 2.1601E-07 1.33E-06 3.33E-06   0.240 0.6000 6.9658E-06   1309.031
15290.00 0.79018033 1.1532E-33            6.7701E-33 5.2921E-08 8.1884E-09 1.6841E-07 5.9124E-08 2.2133E-07 1.36E-06 3.37E-06   0.235 0.6000 7.0195E-06   1311.634
15300.00 0.78964525 1.1003E-33            6.4558E-33 5.2851E-08 8.1912E-09 1.6802E-07 5.8946E-08 2.2087E-07 1.35E-06 3.37E-06   0.236 0.6000 7.0316E-06   1312.176
15310.00 0.79078925 1.0534E-33            6.1675E-33 5.3514E-08 8.2572E-09 1.6987E-07 5.9520E-08 2.2338E-07 1.37E-06 3.38E-06   0.235 0.6000 7.0602E-06   1313.766
15320.00 0.79016829 1.0054E-33            5.8820E-33 5.3374E-08 8.2492E-09 1.6926E-07 5.9312E-08 2.2263E-07 1.36E-06 3.38E-06   0.236 0.6000 7.0588E-06   1314.208
15330.00 0.77780360 9.3726E-34            5.5272E-33 4.9947E-08 7.9636E-09 1.5844E-07 5.5946E-08 2.0839E-07 1.28E-06 3.32E-06   0.251 0.6000 7.0141E-06   1309.749
15340.00 0.76605523 8.7309E-34            5.1911E-33 4.7094E-08 7.7385E-09 1.4937E-07 5.3171E-08 1.9647E-07 1.22E-06 3.27E-06   0.267 0.6000 7.0063E-06   1305.885
15350.00 0.77404398 8.4673E-34            5.0001E-33 4.9527E-08 7.9583E-09 1.5674E-07 5.5405E-08 2.0627E-07 1.27E-06 3.32E-06   0.256 0.6000 7.0632E-06   1310.358
15360.00 0.78778809 8.3226E-34            4.8574E-33 5.3029E-08 8.2296E-09 1.6739E-07 5.8535E-08 2.2042E-07 1.34E-06 3.37E-06   0.239 0.6000 7.0698E-06   1316.240
15370.00 0.79257447 8.0315E-34            4.6643E-33 5.3595E-08 8.2137E-09 1.6887E-07 5.8802E-08 2.2247E-07 1.35E-06 3.33E-06   0.232 0.6000 6.9726E-06   1317.670
15380.00 0.78921682 7.6261E-34            4.4330E-33 5.1067E-08 7.8678E-09 1.6073E-07 5.6009E-08 2.1180E-07 1.29E-06 3.20E-06   0.237 0.6000 6.7214E-06   1314.525
15390.00 0.77985585 7.1503E-34            4.1799E-33 4.7531E-08 7.4803E-09 1.4953E-07 5.2355E-08 1.9706E-07 1.20E-06 3.08E-06   0.249 0.6000 6.5344E-06   1309.617
15400.00 0.77500159 6.7561E-34            3.9619E-33 4.7693E-08 7.6206E-09 1.4999E-07 5.2642E-08 1.9768E-07 1.21E-06 3.16E-06   0.255 0.6000 6.7461E-06   1310.563
15410.00 0.77292347 6.4233E-34            3.7705E-33 4.8729E-08 7.8580E-09 1.5319E-07 5.3784E-08 2.0192E-07 1.23E-06 3.27E-06   0.258 0.6000 7.0033E-06   1312.909
15420.00 0.76863956 6.0803E-34            3.5775E-33 4.7777E-08 7.7986E-09 1.5009E-07 5.2822E-08 1.9787E-07 1.21E-06 3.27E-06   0.263 0.6000 7.0240E-06   1312.034
15430.00 0.76481742 5.7617E-34            3.3964E-33 4.6897E-08 7.7290E-09 1.4720E-07 5.2003E-08 1.9410E-07 1.19E-06 3.25E-06   0.268 0.6000 7.0108E-06   1311.244
15440.00 0.76489758 5.5017E-34            3.2401E-33 4.6822E-08 7.7096E-09 1.4676E-07 5.1857E-08 1.9358E-07 1.19E-06 3.24E-06   0.268 0.6000 6.9781E-06   1311.737
15450.00 0.77240050 5.3349E-34            3.1210E-33 4.8216E-08 7.7840E-09 1.5075E-07 5.2831E-08 1.9897E-07 1.21E-06 3.23E-06   0.258 0.6000 6.9226E-06   1314.564
15460.00 0.77970064 5.1741E-34            3.0066E-33 4.9366E-08 7.8245E-09 1.5403E-07 5.3587E-08 2.0340E-07 1.23E-06 3.21E-06   0.249 0.6000 6.8422E-06   1316.980
15470.00 0.78371382 4.9840E-34            2.8833E-33 5.0121E-08 7.8478E-09 1.5615E-07 5.4160E-08 2.0627E-07 1.24E-06 3.20E-06   0.244 0.6000 6.7860E-06   1318.773
15480.00 0.78789014 4.8035E-34            2.7657E-33 5.2031E-08 8.0349E-09 1.6178E-07 5.5947E-08 2.1381E-07 1.28E-06 3.24E-06   0.238 0.6000 6.8645E-06   1322.288
15490.00 0.79177916 4.6270E-34            2.6519E-33 5.3633E-08 8.1755E-09 1.6643E-07 5.7374E-08 2.2006E-07 1.32E-06 3.27E-06   0.233 0.6000 6.9099E-06   1325.258
15500.00 0.79420465 4.4439E-34            2.5383E-33 5.4584E-08 8.2499E-09 1.6909E-07 5.8166E-08 2.2368E-07 1.33E-06 3.28E-06   0.230 0.6000 6.9239E-06   1327.246
15510.00 0.79473823 4.2500E-34            2.4235E-33 5.5237E-08 8.3276E-09 1.7089E-07 5.8721E-08 2.2612E-07 1.35E-06 3.31E-06   0.230 0.6000 6.9752E-06   1328.810
15520.00 0.79526001 4.0643E-34            2.3138E-33 5.5041E-08 8.2770E-09 1.7005E-07 5.8370E-08 2.2509E-07 1.34E-06 3.28E-06   0.229 0.6000 6.9196E-06   1329.153
15530.00 0.79561210 3.8857E-34            2.2087E-33 5.4696E-08 8.2087E-09 1.6877E-07 5.7875E-08 2.2347E-07 1.33E-06 3.24E-06   0.229 0.6000 6.8528E-06   1329.283
15540.00 0.79542327 3.7103E-34            2.1068E-33 5.4927E-08 8.2424E-09 1.6929E-07 5.8011E-08 2.2422E-07 1.33E-06 3.25E-06   0.229 0.6000 6.8827E-06   1330.251
15550.00 0.79552764 3.5450E-34            2.0104E-33 5.5561E-08 8.3287E-09 1.7104E-07 5.8551E-08 2.2660E-07 1.34E-06 3.28E-06   0.229 0.6000 6.9512E-06   1331.790
15560.00 0.79565108 3.3873E-34            1.9184E-33 5.5494E-08 8.3096E-09 1.7062E-07 5.8354E-08 2.2611E-07 1.34E-06 3.27E-06   0.229 0.6000 6.9309E-06   1332.324
15570.00 0.79558456 3.2352E-34            1.8303E-33 5.4673E-08 8.1829E-09 1.6790E-07 5.7378E-08 2.2257E-07 1.32E-06 3.22E-06   0.229 0.6000 6.8242E-06   1331.776
15580.00 0.79544479 3.0894E-34            1.7460E-33 5.4562E-08 8.1648E-09 1.6737E-07 5.7152E-08 2.2193E-07 1.31E-06 3.21E-06   0.229 0.6000 6.8095E-06   1332.250
15590.00 0.79508764 2.9488E-34            1.6651E-33 5.4650E-08 8.1825E-09 1.6746E-07 5.7145E-08 2.2211E-07 1.31E-06 3.21E-06   0.229 0.6000 6.8291E-06   1333.017
15600.00 0.79468411 2.8143E-34            1.5879E-33 5.4925E-08 8.2286E-09 1.6812E-07 5.7328E-08 2.2304E-07 1.32E-06 3.23E-06   0.230 0.6000 6.8736E-06   1334.051
15610.00 0.79456425 2.6875E-34            1.5147E-33 5.5075E-08 8.2478E-09 1.6837E-07 5.7370E-08 2.2345E-07 1.32E-06 3.23E-06   0.230 0.6000 6.8904E-06   1334.898
15620.00 0.79443294 2.5665E-34            1.4450E-33 5.4480E-08 8.1570E-09 1.6637E-07 5.6642E-08 2.2085E-07 1.30E-06 3.19E-06   0.230 0.6000 6.8161E-06   1334.672
15630.00 0.79413891 2.4499E-34            1.3782E-33 5.4468E-08 8.1590E-09 1.6616E-07 5.6532E-08 2.2063E-07 1.30E-06 3.19E-06   0.230 0.6000 6.8233E-06   1335.296
15640.00 0.79386789 2.3388E-34            1.3145E-33 5.4977E-08 8.2378E-09 1.6753E-07 5.6958E-08 2.2251E-07 1.31E-06 3.22E-06   0.231 0.6000 6.8944E-06   1336.672
15650.00 0.79358286 2.2327E-34            1.2537E-33 5.5372E-08 8.2994E-09 1.6855E-07 5.7263E-08 2.2393E-07 1.31E-06 3.24E-06   0.231 0.6000 6.9511E-06   1337.879
15660.00 0.79334944 2.1316E-34            1.1958E-33 5.5413E-08 8.3064E-09 1.6850E-07 5.7200E-08 2.2391E-07 1.31E-06 3.24E-06   0.231 0.6000 6.9612E-06   1338.575
15670.00 0.79328352 2.0358E-34            1.1408E-33 5.5533E-08 8.3208E-09 1.6868E-07 5.7215E-08 2.2421E-07 1.31E-06 3.24E-06   0.232 0.6000 6.9742E-06   1339.384
15680.00 0.79264861 1.9421E-34            1.0876E-33 5.5606E-08 8.3443E-09 1.6874E-07 5.7207E-08 2.2435E-07 1.31E-06 3.25E-06   0.232 0.6000 7.0063E-06   1340.136
15690.00 0.79166162 1.8511E-34            1.0363E-33 5.5011E-08 8.2774E-09 1.6679E-07 5.6524E-08 2.2180E-07 1.30E-06 3.23E-06   0.234 0.6000 6.9699E-06   1339.930
15700.00 0.79169887 1.7682E-34            9.8877E-34 5.4315E-08 8.1663E-09 1.6449E-07 5.5694E-08 2.1881E-07 1.28E-06 3.18E-06   0.234 0.6000 6.8762E-06   1339.551
15710.00 0.79157877 1.6887E-34            9.4329E-34 5.3464E-08 8.0360E-09 1.6175E-07 5.4717E-08 2.1521E-07 1.26E-06 3.13E-06   0.234 0.6000 6.7693E-06   1338.936
15720.00 0.79092538 1.6107E-34            8.9922E-34 5.2832E-08 7.9540E-09 1.5969E-07 5.3990E-08 2.1252E-07 1.24E-06 3.10E-06   0.235 0.6000 6.7134E-06   1338.641
15730.00 0.79069996 1.5377E-34            8.5769E-34 5.3226E-08 8.0148E-09 1.6071E-07 5.4296E-08 2.1394E-07 1.25E-06 3.12E-06   0.235 0.6000 6.7698E-06   1339.868
15740.00 0.78999078 1.4667E-34            8.1761E-34 5.3849E-08 8.1228E-09 1.6245E-07 5.4855E-08 2.1630E-07 1.26E-06 3.16E-06   0.236 0.6000 6.8760E-06   1341.439
15750.00 0.78909618 1.3982E-34            7.7917E-34 5.3682E-08 8.1169E-09 1.6181E-07 5.4620E-08 2.1550E-07 1.25E-06 3.16E-06   0.237 0.6000 6.8892E-06   1341.845
15760.00 0.78905356 1.3354E-34            7.4334E-34 5.3211E-08 8.0428E-09 1.6023E-07 5.4047E-08 2.1344E-07 1.24E-06 3.13E-06   0.237 0.6000 6.8279E-06   1341.784
15770.00 0.78933024 1.2763E-34            7.0945E-34 5.2832E-08 7.9741E-09 1.5891E-07 5.3548E-08 2.1175E-07 1.23E-06 3.09E-06   0.237 0.6000 6.7656E-06   1341.851
15780.00 0.78899002 1.2182E-34            6.7661E-34 5.2707E-08 7.9604E-09 1.5838E-07 5.3325E-08 2.1109E-07 1.22E-06 3.09E-06   0.237 0.6000 6.7631E-06   1342.304
15790.00 0.78838480 1.1621E-34            6.4504E-34 5.3381E-08 8.0740E-09 1.6025E-07 5.3921E-08 2.1364E-07 1.24E-06 3.13E-06   0.238 0.6000 6.8741E-06   1343.957
15800.00 0.78747708 1.1079E-34            6.1473E-34 5.3598E-08 8.1247E-09 1.6076E-07 5.4067E-08 2.1436E-07 1.24E-06 3.15E-06   0.239 0.6000 6.9379E-06   1344.927
15810.00 0.78545380 1.0537E-34            5.8503E-34 5.1978E-08 7.9255E-09 1.5583E-07 5.2417E-08 2.0780E-07 1.20E-06 3.08E-06   0.241 0.6000 6.8119E-06   1343.159
15820.00 0.78395069 1.0031E-34            5.5705E-34 4.9854E-08 7.6392E-09 1.4942E-07 5.0277E-08 1.9927E-07 1.15E-06 2.98E-06   0.243 0.6000 6.6029E-06   1340.540
15830.00 0.78461814 9.5928E-35            5.3188E-34 4.9855E-08 7.6251E-09 1.4934E-07 5.0216E-08 1.9919E-07 1.15E-06 2.96E-06   0.243 0.6000 6.5900E-06   1341.206
15840.00 0.78601664 9.1904E-35            5.0837E-34 5.1802E-08 7.8916E-09 1.5509E-07 5.2104E-08 2.0689E-07 1.20E-06 3.05E-06   0.241 0.6000 6.8102E-06   1344.905
15850.00 0.78632742 8.7847E-35            4.8524E-34 5.2437E-08 7.9863E-09 1.5696E-07 5.2740E-08 2.0939E-07 1.21E-06 3.08E-06   0.240 0.6000 6.9015E-06   1346.559
15860.00 0.78535378 8.3734E-35            4.6240E-34 5.1130E-08 7.8206E-09 1.5308E-07 5.1515E-08 2.0421E-07 1.18E-06 3.02E-06   0.242 0.6000 6.7840E-06   1345.269
15870.00 0.78311634 7.9593E-35            4.3994E-34 5.0013E-08 7.7204E-09 1.4987E-07 5.0560E-08 1.9988E-07 1.16E-06 2.99E-06   0.244 0.6000 6.7585E-06   1344.270
15880.00 0.78100115 7.5659E-35            4.1857E-34 4.9904E-08 7.7636E-09 1.4957E-07 5.0501E-08 1.9947E-07 1.16E-06 3.01E-06   0.247 0.6000 6.8633E-06   1344.802
15890.00 0.78090161 7.2243E-35            3.9926E-34 5.0654E-08 7.8632E-09 1.5142E-07 5.0998E-08 2.0208E-07 1.17E-06 3.05E-06   0.247 0.6000 6.9378E-06   1346.529
15900.00 0.78109360 6.9046E-35            3.8104E-34 5.1186E-08 7.9214E-09 1.5263E-07 5.1288E-08 2.0382E-07 1.18E-06 3.07E-06   0.247 0.6000 6.9635E-06   1347.908
15910.00 0.77761501 6.5469E-35            3.6200E-34 4.9028E-08 7.7017E-09 1.4670E-07 4.9512E-08 1.9573E-07 1.14E-06 3.00E-06   0.252 0.6000 6.9225E-06   1345.395
15920.00 0.77372921 6.1988E-35            3.4359E-34 4.6849E-08 7.4753E-09 1.4065E-07 4.7685E-08 1.8750E-07 1.09E-06 2.92E-06   0.257 0.6000 6.8849E-06   1342.703
15930.00 0.77668786 5.9582E-35            3.2893E-34 4.9068E-08 7.6822E-09 1.4621E-07 4.9194E-08 1.9528E-07 1.13E-06 2.98E-06   0.253 0.6000 6.9092E-06   1346.607
15940.00 0.78248775 5.7659E-35            3.1620E-34 5.2117E-08 7.9485E-09 1.5393E-07 5.1308E-08 2.0604E-07 1.18E-06 3.06E-06   0.245 0.6000 6.8768E-06   1351.563
15950.00 0.78509235 5.5402E-35            3.0273E-34 5.2852E-08 7.9788E-09 1.5556E-07 5.1678E-08 2.0841E-07 1.19E-06 3.05E-06   0.242 0.6000 6.8009E-06   1353.171
15960.00 0.78608203 5.3036E-35            2.8919E-34 5.2913E-08 7.9539E-09 1.5550E-07 5.1589E-08 2.0841E-07 1.18E-06 3.03E-06   0.241 0.6000 6.7544E-06   1353.869
15970.00 0.78682745 5.0745E-35            2.7617E-34 5.2590E-08 7.8785E-09 1.5432E-07 5.1140E-08 2.0691E-07 1.17E-06 2.99E-06   0.240 0.6000 6.6704E-06   1353.993
15980.00 0.78732121 4.8525E-35            2.6365E-34 5.1904E-08 7.7552E-09 1.5208E-07 5.0342E-08 2.0399E-07 1.16E-06 2.94E-06   0.239 0.6000 6.5510E-06   1353.555
15990.00 0.78755563 4.6376E-35            2.5162E-34 5.2141E-08 7.7767E-09 1.5256E-07 5.0446E-08 2.0470E-07 1.16E-06 2.94E-06   0.239 0.6000 6.5589E-06   1354.529
16000.00 0.78760231 4.4303E-35            2.4007E-34 5.2517E-08 7.8244E-09 1.5344E-07 5.0695E-08 2.0596E-07 1.16E-06 2.96E-06   0.239 0.6000 6.5926E-06   1355.718
16010.00 0.78769201 4.2327E-35            2.2907E-34 5.2226E-08 7.7714E-09 1.5238E-07 5.0296E-08 2.0460E-07 1.15E-06 2.93E-06   0.239 0.6000 6.5401E-06   1355.888
16020.00 0.78772342 4.0422E-35            2.1855E-34 5.2674E-08 7.8297E-09 1.5347E-07 5.0608E-08 2.0614E-07 1.16E-06 2.95E-06   0.239 0.6000 6.5820E-06   1357.182
16030.00 0.78769183 3.8609E-35            2.0850E-34 5.3298E-08 7.9159E-09 1.5507E-07 5.1092E-08 2.0836E-07 1.17E-06 2.98E-06   0.239 0.6000 6.6485E-06   1358.738
16040.00 0.78767127 3.6877E-35            1.9892E-34 5.3336E-08 7.9147E-09 1.5496E-07 5.1012E-08 2.0830E-07 1.17E-06 2.97E-06   0.239 0.6000 6.6415E-06   1359.410
16050.00 0.78764069 3.5223E-35            1.8977E-34 5.3970E-08 8.0021E-09 1.5658E-07 5.1500E-08 2.1055E-07 1.18E-06 3.00E-06   0.239 0.6000 6.7089E-06   1360.971
16060.00 0.78758967 3.3629E-35            1.8104E-34 5.4565E-08 8.0843E-09 1.5809E-07 5.1953E-08 2.1266E-07 1.19E-06 3.03E-06   0.239 0.6000 6.7723E-06   1362.468
16070.00 0.78753299 3.2118E-35            1.7271E-34 5.4195E-08 8.0237E-09 1.5681E-07 5.1486E-08 2.1100E-07 1.18E-06 3.00E-06   0.239 0.6000 6.7161E-06   1362.538
16080.00 0.78747624 3.0675E-35            1.6476E-34 5.4010E-08 7.9904E-09 1.5605E-07 5.1194E-08 2.1006E-07 1.17E-06 2.99E-06   0.239 0.6000 6.6829E-06   1362.879
16090.00 0.78741884 2.9297E-35            1.5718E-34 5.4677E-08 8.0831E-09 1.5776E-07 5.1709E-08 2.1244E-07 1.19E-06 3.02E-06   0.239 0.6000 6.7557E-06   1364.479
16100.00 0.78734559 2.7979E-35            1.4994E-34 5.5785E-08 8.2417E-09 1.6074E-07 5.2642E-08 2.1653E-07 1.21E-06 3.07E-06   0.239 0.6000 6.8844E-06   1366.714
16110.00 0.78725719 2.6720E-35            1.4304E-34 5.6121E-08 8.2865E-09 1.6150E-07 5.2846E-08 2.1762E-07 1.21E-06 3.09E-06   0.239 0.6000 6.9181E-06   1367.818
16120.00 0.78717178 2.5517E-35            1.3645E-34 5.5651E-08 8.2122E-09 1.5993E-07 5.2290E-08 2.1559E-07 1.20E-06 3.06E-06   0.239 0.6000 6.8520E-06   1367.759
16130.00 0.78707963 2.4368E-35            1.3016E-34 5.5332E-08 8.1605E-09 1.5881E-07 5.1877E-08 2.1414E-07 1.19E-06 3.03E-06   0.239 0.6000 6.8048E-06   1367.914
16140.00 0.78698212 2.3271E-35            1.2417E-34 5.4708E-08 8.0639E-09 1.5681E-07 5.1182E-08 2.1152E-07 1.17E-06 2.99E-06   0.240 0.6000 6.7207E-06   1367.619
16150.00 0.78688383 2.2223E-35            1.1844E-34 5.4372E-08 8.0098E-09 1.5564E-07 5.0754E-08 2.1001E-07 1.16E-06 2.97E-06   0.240 0.6000 6.6723E-06   1367.741
16160.00 0.78677571 2.1222E-35            1.1299E-34 5.5259E-08 8.1358E-09 1.5797E-07 5.1467E-08 2.1323E-07 1.18E-06 3.01E-06   0.240 0.6000 6.7749E-06   1369.664
16170.00 0.78666139 2.0265E-35            1.0778E-34 5.5876E-08 8.2222E-09 1.5953E-07 5.1929E-08 2.1540E-07 1.19E-06 3.04E-06   0.240 0.6000 6.8451E-06   1371.182
16180.00 0.78654516 1.9352E-35            1.0281E-34 5.5351E-08 8.1407E-09 1.5783E-07 5.1330E-08 2.1318E-07 1.18E-06 3.01E-06   0.240 0.6000 6.7761E-06   1371.041
16190.00 0.78642434 1.8479E-35            9.8068E-35 5.4211E-08 7.9690E-09 1.5438E-07 5.0164E-08 2.0859E-07 1.15E-06 2.94E-06   0.240 0.6000 6.6323E-06   1369.984
16200.00 0.78629643 1.7646E-35            9.3545E-35 5.3078E-08 7.7989E-09 1.5096E-07 4.9009E-08 2.0404E-07 1.12E-06 2.88E-06   0.240 0.6000 6.4901E-06   1368.906
16210.00 0.78616589 1.6850E-35            8.9231E-35 5.2113E-08 7.6535E-09 1.4803E-07 4.8014E-08 2.0014E-07 1.10E-06 2.82E-06   0.241 0.6000 6.3687E-06   1368.051
16220.00 0.78603500 1.6090E-35            8.5115E-35 5.1381E-08 7.5426E-09 1.4577E-07 4.7237E-08 1.9715E-07 1.08E-06 2.78E-06   0.241 0.6000 6.2758E-06   1367.538
16230.00 0.78589946 1.5363E-35            8.1189E-35 5.1967E-08 7.6251E-09 1.4724E-07 4.7670E-08 1.9920E-07 1.09E-06 2.80E-06   0.241 0.6000 6.3438E-06   1369.065
16240.00 0.78576142 1.4670E-35            7.7443E-35 5.3463E-08 7.8413E-09 1.5129E-07 4.8938E-08 2.0475E-07 1.12E-06 2.88E-06   0.241 0.6000 6.5232E-06   1371.969
16250.00 0.78562254 1.4008E-35            7.3870E-35 5.4430E-08 7.9799E-09 1.5384E-07 4.9718E-08 2.0827E-07 1.14E-06 2.93E-06   0.241 0.6000 6.6383E-06   1374.038
16260.00 0.78548807 1.3376E-35            7.0462E-35 5.4479E-08 7.9838E-09 1.5379E-07 4.9658E-08 2.0826E-07 1.14E-06 2.93E-06   0.241 0.6000 6.6414E-06   1374.734
16270.00 0.78535336 1.2772E-35            6.7212E-35 5.3947E-08 7.9024E-09 1.5209E-07 4.9069E-08 2.0604E-07 1.13E-06 2.89E-06   0.242 0.6000 6.5739E-06   1374.563
16280.00 0.78521061 1.2195E-35            6.4110E-35 5.2651E-08 7.7096E-09 1.4826E-07 4.7789E-08 2.0091E-07 1.10E-06 2.82E-06   0.242 0.6000 6.4139E-06   1373.225
16290.00 0.78506273 1.1645E-35            6.1151E-35 5.2074E-08 7.6222E-09 1.4644E-07 4.7163E-08 1.9852E-07 1.08E-06 2.79E-06   0.242 0.6000 6.3419E-06   1372.957
16300.00 0.78491539 1.1119E-35            5.8329E-35 5.3298E-08 7.7985E-09 1.4970E-07 4.8168E-08 2.0300E-07 1.11E-06 2.85E-06   0.242 0.6000 6.4893E-06   1375.449
16310.00 0.78477216 1.0617E-35            5.5637E-35 5.3908E-08 7.8846E-09 1.5123E-07 4.8618E-08 2.0513E-07 1.12E-06 2.88E-06   0.242 0.6000 6.5622E-06   1376.990
16320.00 0.78462839 1.0137E-35            5.3070E-35 5.3661E-08 7.8456E-09 1.5035E-07 4.8293E-08 2.0401E-07 1.11E-06 2.86E-06   0.243 0.6000 6.5312E-06   1377.241
16330.00 0.78447694 9.6795E-36            5.0620E-35 5.4042E-08 7.8984E-09 1.5122E-07 4.8532E-08 2.0527E-07 1.11E-06 2.88E-06   0.243 0.6000 6.5762E-06   1378.433
16340.00 0.78432083 9.2421E-36            4.8283E-35 5.4988E-08 8.0340E-09 1.5368E-07 4.9278E-08 2.0867E-07 1.13E-06 2.92E-06   0.243 0.6000 6.6899E-06   1380.461
16350.00 0.78416657 8.8245E-36            4.6054E-35 5.5591E-08 8.1195E-09 1.5518E-07 4.9715E-08 2.1077E-07 1.14E-06 2.95E-06   0.243 0.6000 6.7619E-06   1381.970
16360.00 0.78400630 8.4256E-36            4.3927E-35 5.5392E-08 8.0878E-09 1.5444E-07 4.9434E-08 2.0983E-07 1.13E-06 2.94E-06   0.243 0.6000 6.7365E-06   1382.302
16370.00 0.78384292 8.0447E-36            4.1899E-35 5.4417E-08 7.9431E-09 1.5153E-07 4.8463E-08 2.0595E-07 1.11E-06 2.88E-06   0.244 0.6000 6.6170E-06   1381.485
16380.00 0.78367758 7.6809E-36            3.9952E-35 5.3891E-08 7.8641E-09 1.4989E-07 4.7894E-08 2.0378E-07 1.10E-06 2.85E-06   0.244 0.6000 6.5528E-06   1381.321
16390.00 0.78350669 7.3335E-36            3.8107E-35 5.4739E-08 7.9857E-09 1.5206E-07 4.8546E-08 2.0680E-07 1.11E-06 2.89E-06   0.244 0.6000 6.6561E-06   1383.209
16400.00 0.78335428 7.0021E-36            3.6347E-35 5.5346E-08 8.0716E-09 1.5356E-07 4.8983E-08 2.0891E-07 1.12E-06 2.92E-06   0.244 0.6000 6.7294E-06   1384.728
16410.00 0.78320509 6.6857E-36            3.4669E-35 5.5236E-08 8.0530E-09 1.5307E-07 4.8785E-08 2.0831E-07 1.12E-06 2.91E-06   0.244 0.6000 6.7156E-06   1385.190
16420.00 0.78303736 6.3833E-36            3.3057E-35 5.5096E-08 8.0306E-09 1.5249E-07 4.8562E-08 2.0759E-07 1.11E-06 2.90E-06   0.245 0.6000 6.6987E-06   1385.605
16430.00 0.78286850 6.0947E-36            3.1530E-35 5.4951E-08 8.0076E-09 1.5191E-07 4.8336E-08 2.0686E-07 1.11E-06 2.89E-06   0.245 0.6000 6.6812E-06   1386.015
16440.00 0.78269422 5.8190E-36            3.0073E-35 5.5006E-08 8.0138E-09 1.5187E-07 4.8285E-08 2.0688E-07 1.11E-06 2.89E-06   0.245 0.6000 6.6878E-06   1386.717
16450.00 0.78251195 5.5556E-36            2.8683E-35 5.5513E-08 8.0861E-09 1.5308E-07 4.8630E-08 2.0860E-07 1.12E-06 2.91E-06   0.245 0.6000 6.7497E-06   1388.085
16460.00 0.78233141 5.2921E-36            2.7295E-35 5.6221E-08 8.1876E-09 1.5485E-07 4.9150E-08 2.1107E-07 1.13E-06 2.94E-06   0.245 0.6000 6.8356E-06   1389.740
16470.00 0.78215605 4.2750E-36            2.2032E-35 5.5965E-08 8.1488E-09 1.5396E-07 4.8830E-08 2.0993E-07 1.12E-06 2.93E-06   0.246 0.6000 6.8044E-06   1389.993
16480.00 0.78198558 2.1420E-36            1.1034E-35 5.5182E-08 8.0329E-09 1.5162E-07 4.8049E-08 2.0680E-07 1.10E-06 2.88E-06   0.246 0.6000 6.7087E-06   1389.467
16490.00 0.78179461 4.4398E-37            2.2862E-36 5.5396E-08 8.0628E-09 1.5202E-07 4.8136E-08 2.0742E-07 1.10E-06 2.89E-06   0.246 0.6000 6.7346E-06   1390.404
16500.00 0.78155029 0.0000E+00            0.0000E+00 5.5707E-08 8.1082E-09 1.5269E-07 4.8311E-08 2.0840E-07 1.11E-06 2.90E-06   0.246 0.6000 6.7743E-06   1391.482
16510.00 0.78132361 0.0000E+00            0.0000E+00 5.5614E-08 8.0944E-09 1.5225E-07 4.8134E-08 2.0786E-07 1.10E-06 2.90E-06   0.247 0.6000 6.7641E-06   1391.969
16520.00 0.78114426 0.0000E+00            0.0000E+00 5.5913E-08 8.1363E-09 1.5288E-07 4.8295E-08 2.0880E-07 1.11E-06 2.91E-06   0.247 0.6000 6.7994E-06   1393.029
16530.00 0.78089058 0.0000E+00            0.0000E+00 5.6145E-08 8.1703E-09 1.5333E-07 4.8397E-08 2.0948E-07 1.11E-06 2.92E-06   0.247 0.6000 6.8286E-06   1393.989
16540.00 0.78060645 0.0000E+00            0.0000E+00 5.6105E-08 8.1648E-09 1.5303E-07 4.8260E-08 2.0913E-07 1.11E-06 2.91E-06   0.248 0.6000 6.8250E-06   1394.549
16550.00 0.78040737 0.0000E+00            0.0000E+00 5.6153E-08 8.1701E-09 1.5296E-07 4.8199E-08 2.0912E-07 1.11E-06 2.91E-06   0.248 0.6000 6.8290E-06   1395.239
16560.00 0.78018534 0.0000E+00            0.0000E+00 5.6111E-08 8.1633E-09 1.5266E-07 4.8064E-08 2.0877E-07 1.10E-06 2.91E-06   0.248 0.6000 6.8233E-06   1395.800
16570.00 0.77972019 0.0000E+00            0.0000E+00 5.5417E-08 8.0685E-09 1.5060E-07 4.7381E-08 2.0602E-07 1.09E-06 2.87E-06   0.249 0.6000 6.7482E-06   1395.409
16580.00 0.77914762 0.0000E+00            0.0000E+00 5.4385E-08 7.9272E-09 1.4763E-07 4.6412E-08 2.0201E-07 1.07E-06 2.82E-06   0.250 0.6000 6.6359E-06   1394.499
16590.00 0.77888077 0.0000E+00            0.0000E+00 5.3867E-08 7.8522E-09 1.4604E-07 4.5878E-08 1.9991E-07 1.05E-06 2.79E-06   0.250 0.6000 6.5732E-06   1394.342
16600.00 0.77860641 0.0000E+00            0.0000E+00 5.3644E-08 7.8201E-09 1.4526E-07 4.5596E-08 1.9891E-07 1.05E-06 2.78E-06   0.250 0.6000 6.5461E-06   1394.624
16610.00 0.77753329 0.0000E+00            0.0000E+00 5.3422E-08 7.8084E-09 1.4449E-07 4.5328E-08 1.9791E-07 1.04E-06 2.78E-06   0.252 0.6000 6.5499E-06   1394.907
16620.00 0.77655506 0.0000E+00            0.0000E+00 5.3465E-08 7.8331E-09 1.4443E-07 4.5283E-08 1.9789E-07 1.04E-06 2.79E-06   0.253 0.6000 6.5816E-06   1395.594
16630.00 0.77664369 0.0000E+00            0.0000E+00 5.3518E-08 7.8324E-09 1.4439E-07 4.5229E-08 1.9791E-07 1.04E-06 2.79E-06   0.253 0.6000 6.5724E-06   1396.295
16640.00 0.77630532 0.0000E+00            0.0000E+00 5.3260E-08 7.7978E-09 1.4353E-07 4.4924E-08 1.9679E-07 1.03E-06 2.77E-06   0.253 0.6000 6.5425E-06   1396.524
16650.00 0.77473170 0.0000E+00            0.0000E+00 5.3302E-08 7.8388E-09 1.4349E-07 4.4903E-08 1.9679E-07 1.03E-06 2.79E-06   0.255 0.6000 6.5978E-06   1397.217
16660.00 0.77312940 0.0000E+00            0.0000E+00 5.3352E-08 7.8794E-09 1.4346E-07 4.4896E-08 1.9682E-07 1.03E-06 2.81E-06   0.257 0.6000 6.6515E-06   1397.919
16670.00 0.77194083 0.0000E+00            0.0000E+00 5.3084E-08 7.8623E-09 1.4259E-07 4.4616E-08 1.9567E-07 1.02E-06 2.81E-06   0.259 0.6000 6.6490E-06   1398.135
16680.00 0.76970613 0.0000E+00            0.0000E+00 5.2765E-08 7.8635E-09 1.4158E-07 4.4312E-08 1.9435E-07 1.02E-06 2.81E-06   0.262 0.6000 6.6814E-06   1398.275
16690.00 0.76760799 0.0000E+00            0.0000E+00 5.2195E-08 7.8240E-09 1.3990E-07 4.3785E-08 1.9209E-07 1.00E-06 2.81E-06   0.264 0.6000 6.6766E-06   1398.015
16700.00 0.76833087 0.0000E+00            0.0000E+00 5.2209E-08 7.8047E-09 1.3976E-07 4.3672E-08 1.9197E-07 1.00E-06 2.79E-06   0.264 0.6000 6.6391E-06   1398.655
16710.00 0.76843369 0.0000E+00            0.0000E+00 5.2549E-08 7.8462E-09 1.4051E-07 4.3847E-08 1.9305E-07 1.01E-06 2.81E-06   0.263 0.6000 6.6631E-06   1399.806
16720.00 0.76438415 0.0000E+00            0.0000E+00 5.1277E-08 7.7377E-09 1.3696E-07 4.2816E-08 1.8823E-07 9.83E-07 2.78E-06   0.269 0.6000 6.6270E-06   1398.437
16730.00 0.76187855 0.0000E+00            0.0000E+00 5.0435E-08 7.6564E-09 1.3456E-07 4.2129E-08 1.8499E-07 9.67E-07 2.76E-06   0.272 0.6000 6.5855E-06   1397.717
16740.00 0.75954741 0.0000E+00            0.0000E+00 5.0708E-08 7.7398E-09 1.3512E-07 4.2318E-08 1.8582E-07 9.71E-07 2.80E-06   0.275 0.6000 6.6900E-06   1398.771
16750.00 0.75606441 0.0000E+00            0.0000E+00 5.0304E-08 7.7507E-09 1.3385E-07 4.1934E-08 1.8416E-07 9.62E-07 2.81E-06   0.280 0.6000 6.7555E-06   1398.729
16760.00 0.76013446 0.0000E+00            0.0000E+00 5.1360E-08 7.8147E-09 1.3647E-07 4.2579E-08 1.8783E-07 9.77E-07 2.82E-06   0.274 0.6000 6.7279E-06   1401.023
16770.00 0.76079965 0.0000E+00            0.0000E+00 5.1458E-08 7.8096E-09 1.3659E-07 4.2567E-08 1.8805E-07 9.77E-07 2.81E-06   0.273 0.6000 6.7004E-06   1401.809
16780.00 0.75645977 0.0000E+00            0.0000E+00 4.9979E-08 7.6768E-09 1.3253E-07 4.1384E-08 1.8250E-07 9.50E-07 2.78E-06   0.279 0.6000 6.6529E-06   1400.066
16790.00 0.75722182 0.0000E+00            0.0000E+00 4.9924E-08 7.6486E-09 1.3221E-07 4.1221E-08 1.8213E-07 9.46E-07 2.76E-06   0.278 0.6000 6.6043E-06   1400.588
16800.00 0.75041533 0.0000E+00            0.0000E+00 4.8081E-08 7.5108E-09 1.2717E-07 3.9842E-08 1.7525E-07 9.14E-07 2.74E-06   0.287 0.6000 6.5862E-06   1398.155
16810.00 0.73778701 0.0000E+00            0.0000E+00 4.5262E-08 7.3183E-09 1.1949E-07 3.7790E-08 1.6475E-07 8.67E-07 2.71E-06   0.304 0.6000 6.6153E-06   1393.865
16820.00 0.73445284 0.0000E+00            0.0000E+00 4.5197E-08 7.3278E-09 1.1909E-07 3.7626E-08 1.6429E-07 8.64E-07 2.73E-06   0.309 0.6000 6.6665E-06   1394.323
16830.00 0.74414772 0.0000E+00            0.0000E+00 4.7962E-08 7.5393E-09 1.2626E-07 3.9488E-08 1.7423E-07 9.06E-07 2.76E-06   0.296 0.6000 6.6800E-06   1399.745
16840.00 0.75636524 0.0000E+00            0.0000E+00 5.0853E-08 7.7517E-09 1.3382E-07 4.1498E-08 1.8467E-07 9.52E-07 2.78E-06   0.279 0.6000 6.6535E-06   1405.161
16850.00 0.75904834 0.0000E+00            0.0000E+00 5.0881E-08 7.7128E-09 1.3380E-07 4.1422E-08 1.8468E-07 9.51E-07 2.75E-06   0.276 0.6000 6.5705E-06   1405.854
16860.00 0.75707370 0.0000E+00            0.0000E+00 4.9869E-08 7.5931E-09 1.3098E-07 4.0587E-08 1.8085E-07 9.32E-07 2.71E-06   0.278 0.6000 6.4917E-06   1404.836
16870.00 0.75045830 0.0000E+00            0.0000E+00 4.8627E-08 7.5309E-09 1.2754E-07 3.9652E-08 1.7617E-07 9.10E-07 2.72E-06   0.287 0.6000 6.5415E-06   1403.394
16880.00 0.73858148 0.0000E+00            0.0000E+00 4.6377E-08 7.4120E-09 1.2143E-07 3.8015E-08 1.6780E-07 8.72E-07 2.72E-06   0.303 0.6000 6.6282E-06   1400.144
16890.00 0.73551291 0.0000E+00            0.0000E+00 4.5429E-08 7.3160E-09 1.1875E-07 3.7195E-08 1.6418E-07 8.54E-07 2.70E-06   0.307 0.6000 6.5865E-06   1399.067
16900.00 0.74358076 0.0000E+00            0.0000E+00 4.6683E-08 7.3676E-09 1.2192E-07 3.7881E-08 1.6860E-07 8.69E-07 2.68E-06   0.296 0.6000 6.4961E-06   1401.899
16910.00 0.74799907 0.0000E+00            0.0000E+00 4.7879E-08 7.4866E-09 1.2495E-07 3.8663E-08 1.7282E-07 8.87E-07 2.71E-06   0.290 0.6000 6.5224E-06   1404.588
16920.00 0.74872124 0.0000E+00            0.0000E+00 4.8502E-08 7.5684E-09 1.2643E-07 3.9083E-08 1.7494E-07 8.97E-07 2.73E-06   0.289 0.6000 6.5713E-06   1406.260
16930.00 0.74701911 0.0000E+00            0.0000E+00 4.8317E-08 7.5572E-09 1.2579E-07 3.8928E-08 1.7411E-07 8.93E-07 2.73E-06   0.292 0.6000 6.5753E-06   1406.564
16940.00 0.73756981 0.0000E+00            0.0000E+00 4.5502E-08 7.2968E-09 1.1830E-07 3.6878E-08 1.6380E-07 8.46E-07 2.67E-06   0.304 0.6000 6.4925E-06   1402.306
16950.00 0.73455399 0.0000E+00            0.0000E+00 4.2586E-08 6.9085E-09 1.1060E-07 3.4543E-08 1.5319E-07 7.93E-07 2.54E-06   0.308 0.6000 6.2014E-06   1397.605
16960.00 0.73851669 0.0000E+00            0.0000E+00 4.0910E-08 6.5613E-09 1.0618E-07 3.3029E-08 1.4709E-07 7.58E-07 2.39E-06   0.303 0.6000 5.8201E-06   1395.040
16970.00 0.73599321 0.0000E+00            0.0000E+00 3.9803E-08 6.4146E-09 1.0314E-07 3.2105E-08 1.4294E-07 7.37E-07 2.34E-06   0.307 0.6000 5.7136E-06   1393.444
16980.00 0.73525465 0.0000E+00            0.0000E+00 4.2261E-08 6.8030E-09 1.0928E-07 3.3944E-08 1.5154E-07 7.79E-07 2.49E-06   0.308 0.6000 6.0617E-06   1398.789
16990.00 0.74228984 0.0000E+00            0.0000E+00 4.6645E-08 7.3533E-09 1.2048E-07 3.7159E-08 1.6713E-07 8.53E-07 2.66E-06   0.298 0.6000 6.4271E-06   1407.359
17000.00 0.75119889 0.0000E+00            0.0000E+00 4.9886E-08 7.6659E-09 1.2874E-07 3.9413E-08 1.7863E-07 9.05E-07 2.73E-06   0.286 0.6000 6.5428E-06   1413.459
17010.00 0.75915670 0.0000E+00            0.0000E+00 5.2758E-08 7.9068E-09 1.3599E-07 4.1384E-08 1.8875E-07 9.50E-07 2.77E-06   0.276 0.6000 6.6016E-06   1418.666
17020.00 0.76403534 0.0000E+00            0.0000E+00 5.4640E-08 8.0603E-09 1.4068E-07 4.2658E-08 1.9532E-07 9.79E-07 2.79E-06   0.269 0.6000 6.6371E-06   1422.172
17030.00 0.76619124 0.0000E+00            0.0000E+00 5.5121E-08 8.0692E-09 1.4174E-07 4.2891E-08 1.9686E-07 9.84E-07 2.78E-06   0.266 0.6000 6.6008E-06   1423.514
17040.00 0.76770324 0.0000E+00            0.0000E+00 5.5146E-08 8.0244E-09 1.4161E-07 4.2772E-08 1.9676E-07 9.82E-07 2.76E-06   0.264 0.6000 6.5317E-06   1424.160
17050.00 0.76841897 0.0000E+00            0.0000E+00 5.4820E-08 7.9499E-09 1.4060E-07 4.2408E-08 1.9542E-07 9.73E-07 2.72E-06   0.263 0.6000 6.4535E-06   1424.286
17060.00 0.76881653 0.0000E+00            0.0000E+00 5.4113E-08 7.8300E-09 1.3863E-07 4.1767E-08 1.9274E-07 9.59E-07 2.68E-06   0.263 0.6000 6.3450E-06   1423.835
17070.00 0.76959115 0.0000E+00            0.0000E+00 5.4263E-08 7.8250E-09 1.3885E-07 4.1777E-08 1.9311E-07 9.59E-07 2.67E-06   0.262 0.6000 6.3241E-06   1424.682
17080.00 0.76983708 0.0000E+00            0.0000E+00 5.5410E-08 7.9784E-09 1.4163E-07 4.2566E-08 1.9704E-07 9.77E-07 2.71E-06   0.262 0.6000 6.4415E-06   1427.038
17090.00 0.76960206 0.0000E+00            0.0000E+00 5.6204E-08 8.0928E-09 1.4350E-07 4.3092E-08 1.9971E-07 9.89E-07 2.75E-06   0.262 0.6000 6.5353E-06   1428.844
17100.00 0.76952267 0.0000E+00            0.0000E+00 5.6597E-08 8.1452E-09 1.4435E-07 4.3306E-08 2.0094E-07 9.94E-07 2.77E-06   0.262 0.6000 6.5755E-06   1430.048
17110.00 0.76931739 0.0000E+00            0.0000E+00 5.6859E-08 8.1823E-09 1.4486E-07 4.3422E-08 2.0172E-07 9.97E-07 2.78E-06   0.262 0.6000 6.6060E-06   1431.057
17120.00 0.76906621 0.0000E+00            0.0000E+00 5.6787E-08 8.1728E-09 1.4452E-07 4.3284E-08 2.0131E-07 9.93E-07 2.77E-06   0.263 0.6000 6.6005E-06   1431.579
17130.00 0.76887619 0.0000E+00            0.0000E+00 5.6621E-08 8.1485E-09 1.4395E-07 4.3075E-08 2.0057E-07 9.89E-07 2.76E-06   0.263 0.6000 6.5826E-06   1431.966
17140.00 0.76858419 0.0000E+00            0.0000E+00 5.6535E-08 8.1382E-09 1.4358E-07 4.2929E-08 2.0012E-07 9.85E-07 2.76E-06   0.263 0.6000 6.5784E-06   1432.466
17150.00 0.76831889 0.0000E+00            0.0000E+00 5.6673E-08 8.1593E-09 1.4378E-07 4.2951E-08 2.0045E-07 9.86E-07 2.76E-06   0.264 0.6000 6.5996E-06   1433.296
17160.00 0.76809084 0.0000E+00            0.0000E+00 5.6824E-08 8.1812E-09 1.4402E-07 4.2983E-08 2.0084E-07 9.87E-07 2.77E-06   0.264 0.6000 6.6212E-06   1434.147
17170.00 0.76774669 0.0000E+00            0.0000E+00 5.6730E-08 8.1715E-09 1.4364E-07 4.2834E-08 2.0037E-07 9.83E-07 2.76E-06   0.264 0.6000 6.6201E-06   1434.640
17180.00 0.76733512 0.0000E+00            0.0000E+00 5.6152E-08 8.0949E-09 1.4204E-07 4.2329E-08 1.9820E-07 9.71E-07 2.73E-06   0.265 0.6000 6.5669E-06   1434.423
17190.00 0.76697212 0.0000E+00            0.0000E+00 5.5419E-08 7.9951E-09 1.4007E-07 4.1708E-08 1.9549E-07 9.57E-07 2.70E-06   0.265 0.6000 6.4945E-06   1433.968
17200.00 0.76670307 0.0000E+00            0.0000E+00 5.5241E-08 7.9717E-09 1.3949E-07 4.1500E-08 1.9473E-07 9.52E-07 2.69E-06   0.266 0.6000 6.4826E-06   1434.335
17210.00 0.76624703 0.0000E+00            0.0000E+00 5.4741E-08 7.9065E-09 1.3810E-07 4.1056E-08 1.9284E-07 9.42E-07 2.67E-06   0.266 0.6000 6.4407E-06   1434.213
17220.00 0.76566541 0.0000E+00            0.0000E+00 5.4384E-08 7.8660E-09 1.3708E-07 4.0723E-08 1.9147E-07 9.35E-07 2.65E-06   0.267 0.6000 6.4225E-06   1434.306
17230.00 0.76527375 0.0000E+00            0.0000E+00 5.4814E-08 7.9346E-09 1.3805E-07 4.0979E-08 1.9286E-07 9.41E-07 2.67E-06   0.268 0.6000 6.4899E-06   1435.599
17240.00 0.76477659 0.0000E+00            0.0000E+00 5.4831E-08 7.9466E-09 1.3798E-07 4.0930E-08 1.9281E-07 9.39E-07 2.68E-06   0.268 0.6000 6.5132E-06   1436.266
17250.00 0.76416272 0.0000E+00            0.0000E+00 5.4202E-08 7.8677E-09 1.3629E-07 4.0399E-08 1.9049E-07 9.27E-07 2.65E-06   0.269 0.6000 6.4635E-06   1435.945
17260.00 0.76368070 0.0000E+00            0.0000E+00 5.3601E-08 7.7887E-09 1.3465E-07 3.9885E-08 1.8826E-07 9.15E-07 2.62E-06   0.270 0.6000 6.4109E-06   1435.655
17270.00 0.76328760 0.0000E+00            0.0000E+00 5.3041E-08 7.7128E-09 1.3312E-07 3.9400E-08 1.8616E-07 9.04E-07 2.60E-06   0.270 0.6000 6.3580E-06   1435.415
17280.00 0.76277226 0.0000E+00            0.0000E+00 5.1999E-08 7.5694E-09 1.3038E-07 3.8559E-08 1.8238E-07 8.85E-07 2.55E-06   0.271 0.6000 6.2492E-06   1434.401
17290.00 0.76221651 0.0000E+00            0.0000E+00 5.1785E-08 7.5468E-09 1.2970E-07 3.8328E-08 1.8149E-07 8.80E-07 2.54E-06   0.272 0.6000 6.2392E-06   1434.681
17300.00 0.76182461 0.0000E+00            0.0000E+00 5.2777E-08 7.6955E-09 1.3204E-07 3.8986E-08 1.8482E-07 8.95E-07 2.59E-06   0.272 0.6000 6.3677E-06   1436.873
17310.00 0.76096153 0.0000E+00            0.0000E+00 5.3167E-08 7.7692E-09 1.3287E-07 3.9207E-08 1.8604E-07 9.00E-07 2.62E-06   0.273 0.6000 6.4424E-06   1438.107
17320.00 0.76008552 0.0000E+00            0.0000E+00 5.3084E-08 7.7738E-09 1.3251E-07 3.9077E-08 1.8559E-07 8.97E-07 2.62E-06   0.274 0.6000 6.4590E-06   1438.595
17330.00 0.76024801 0.0000E+00            0.0000E+00 5.3489E-08 7.8210E-09 1.3336E-07 3.9285E-08 1.8685E-07 9.02E-07 2.63E-06   0.274 0.6000 6.4905E-06   1439.841
17340.00 0.76036447 0.0000E+00            0.0000E+00 5.3271E-08 7.7778E-09 1.3265E-07 3.9037E-08 1.8592E-07 8.96E-07 2.61E-06   0.274 0.6000 6.4473E-06   1440.115
17350.00 0.75985670 0.0000E+00            0.0000E+00 5.2590E-08 7.6848E-09 1.3079E-07 3.8459E-08 1.8338E-07 8.83E-07 2.58E-06   0.275 0.6000 6.3751E-06   1439.659
17360.00 0.75947076 0.0000E+00            0.0000E+00 5.2517E-08 7.6774E-09 1.3045E-07 3.8326E-08 1.8297E-07 8.80E-07 2.58E-06   0.275 0.6000 6.3717E-06   1440.159
17370.00 0.75918919 0.0000E+00            0.0000E+00 5.1818E-08 7.5738E-09 1.2855E-07 3.7733E-08 1.8037E-07 8.66E-07 2.54E-06   0.276 0.6000 6.2848E-06   1439.657
17380.00 0.75928181 0.0000E+00            0.0000E+00 5.1397E-08 7.5015E-09 1.2734E-07 3.7335E-08 1.7873E-07 8.57E-07 2.51E-06   0.275 0.6000 6.2169E-06   1439.586
17390.00 0.75876188 0.0000E+00            0.0000E+00 5.2184E-08 7.6229E-09 1.2912E-07 3.7828E-08 1.8130E-07 8.68E-07 2.55E-06   0.276 0.6000 6.3218E-06   1441.454
17400.00 0.75746894 0.0000E+00            0.0000E+00 5.2823E-08 7.7427E-09 1.3053E-07 3.8228E-08 1.8336E-07 8.77E-07 2.59E-06   0.278 0.6000 6.4388E-06   1443.078
17410.00 0.75750822 0.0000E+00            0.0000E+00 5.3163E-08 7.7829E-09 1.3120E-07 3.8383E-08 1.8436E-07 8.81E-07 2.60E-06   0.278 0.6000 6.4630E-06   1444.219
17420.00 0.75803030 0.0000E+00            0.0000E+00 5.3526E-08 7.8131E-09 1.3191E-07 3.8542E-08 1.8544E-07 8.85E-07 2.61E-06   0.277 0.6000 6.4693E-06   1445.389
17430.00 0.75834012 0.0000E+00            0.0000E+00 5.3862E-08 7.8452E-09 1.3255E-07 3.8681E-08 1.8641E-07 8.88E-07 2.61E-06   0.277 0.6000 6.4816E-06   1446.512
17440.00 0.75822788 0.0000E+00            0.0000E+00 5.3909E-08 7.8470E-09 1.3248E-07 3.8619E-08 1.8639E-07 8.86E-07 2.61E-06   0.277 0.6000 6.4775E-06   1447.190
17450.00 0.75755250 0.0000E+00            0.0000E+00 5.4094E-08 7.8824E-09 1.3275E-07 3.8665E-08 1.8685E-07 8.87E-07 2.62E-06   0.278 0.6000 6.5102E-06   1448.080
17460.00 0.75753707 0.0000E+00            0.0000E+00 5.4453E-08 7.9263E-09 1.3346E-07 3.8832E-08 1.8791E-07 8.91E-07 2.63E-06   0.278 0.6000 6.5364E-06   1449.240
17470.00 0.75684190 0.0000E+00            0.0000E+00 5.3991E-08 7.8698E-09 1.3216E-07 3.8431E-08 1.8615E-07 8.82E-07 2.62E-06   0.279 0.6000 6.4941E-06   1449.139
17480.00 0.75639433 0.0000E+00            0.0000E+00 5.3380E-08 7.7842E-09 1.3049E-07 3.7914E-08 1.8387E-07 8.70E-07 2.59E-06   0.279 0.6000 6.4228E-06   1448.795
17490.00 0.75796276 0.0000E+00            0.0000E+00 5.3185E-08 7.7065E-09 1.2982E-07 3.7651E-08 1.8300E-07 8.64E-07 2.55E-06   0.277 0.6000 6.3186E-06   1449.088
17500.00 0.75934726 0.0000E+00            0.0000E+00 5.2046E-08 7.4987E-09 1.2686E-07 3.6728E-08 1.7890E-07 8.43E-07 2.47E-06   0.275 0.6000 6.1124E-06   1447.884
17510.00 0.75982380 0.0000E+00            0.0000E+00 5.1121E-08 7.3453E-09 1.2442E-07 3.5975E-08 1.7554E-07 8.26E-07 2.41E-06   0.275 0.6000 5.9683E-06   1446.989
17520.00 0.75969118 0.0000E+00            0.0000E+00 5.1950E-08 7.4599E-09 1.2626E-07 3.6473E-08 1.7821E-07 8.37E-07 2.45E-06   0.275 0.6000 6.0532E-06   1448.930
17530.00 0.75764775 0.0000E+00            0.0000E+00 5.2403E-08 7.5685E-09 1.2721E-07 3.6750E-08 1.7961E-07 8.43E-07 2.49E-06   0.278 0.6000 6.1670E-06   1450.269
17540.00 0.75527978 0.0000E+00            0.0000E+00 5.2254E-08 7.5991E-09 1.2669E-07 3.6610E-08 1.7895E-07 8.40E-07 2.51E-06   0.281 0.6000 6.2224E-06   1450.644
17550.00 0.75508267 0.0000E+00            0.0000E+00 5.2931E-08 7.6938E-09 1.2815E-07 3.6999E-08 1.8109E-07 8.49E-07 2.54E-06   0.281 0.6000 6.2897E-06   1452.318
17560.00 0.75462812 0.0000E+00            0.0000E+00 5.2958E-08 7.6994E-09 1.2804E-07 3.6939E-08 1.8100E-07 8.48E-07 2.54E-06   0.282 0.6000 6.2893E-06   1452.962
17570.00 0.75353938 0.0000E+00            0.0000E+00 5.2059E-08 7.5870E-09 1.2569E-07 3.6250E-08 1.7775E-07 8.32E-07 2.50E-06   0.283 0.6000 6.2046E-06   1452.134
17580.00 0.75398415 0.0000E+00            0.0000E+00 5.1849E-08 7.5363E-09 1.2498E-07 3.5993E-08 1.7683E-07 8.26E-07 2.48E-06   0.282 0.6000 6.1434E-06   1452.388
17590.00 0.75559300 0.0000E+00            0.0000E+00 5.2675E-08 7.6054E-09 1.2677E-07 3.6413E-08 1.7944E-07 8.36E-07 2.49E-06   0.280 0.6000 6.1604E-06   1454.294
17600.00 0.75774097 0.0000E+00            0.0000E+00 5.4173E-08 7.7573E-09 1.3019E-07 3.7310E-08 1.8436E-07 8.56E-07 2.53E-06   0.277 0.6000 6.2342E-06   1457.242
17610.00 0.75924581 0.0000E+00            0.0000E+00 5.5520E-08 7.9030E-09 1.3325E-07 3.8125E-08 1.8877E-07 8.75E-07 2.57E-06   0.275 0.6000 6.3133E-06   1459.914
17620.00 0.75978172 0.0000E+00            0.0000E+00 5.6019E-08 7.9512E-09 1.3427E-07 3.8367E-08 1.9029E-07 8.81E-07 2.58E-06   0.275 0.6000 6.3311E-06   1461.276
17630.00 0.76012647 0.0000E+00            0.0000E+00 5.5517E-08 7.8620E-09 1.3289E-07 3.7926E-08 1.8841E-07 8.70E-07 2.54E-06   0.274 0.6000 6.2428E-06   1461.126
17640.00 0.76026756 0.0000E+00            0.0000E+00 5.4734E-08 7.7391E-09 1.3085E-07 3.7300E-08 1.8558E-07 8.56E-07 2.50E-06   0.274 0.6000 6.1318E-06   1460.538
17650.00 0.76029211 0.0000E+00            0.0000E+00 5.3720E-08 7.5871E-09 1.2826E-07 3.6522E-08 1.8198E-07 8.38E-07 2.45E-06   0.274 0.6000 6.0010E-06   1459.576
17660.00 0.76038212 0.0000E+00            0.0000E+00 5.2071E-08 7.3436E-09 1.2415E-07 3.5313E-08 1.7622E-07 8.10E-07 2.36E-06   0.274 0.6000 5.7976E-06   1457.569
17670.00 0.76041216 0.0000E+00            0.0000E+00 5.1940E-08 7.3157E-09 1.2367E-07 3.5133E-08 1.7561E-07 8.06E-07 2.35E-06   0.274 0.6000 5.7663E-06   1457.959
17680.00 0.76032317 0.0000E+00            0.0000E+00 5.3865E-08 7.5810E-09 1.2808E-07 3.6350E-08 1.8195E-07 8.34E-07 2.43E-06   0.274 0.6000 5.9686E-06   1461.615
17690.00 0.76020467 0.0000E+00            0.0000E+00 5.5688E-08 7.8326E-09 1.3225E-07 3.7494E-08 1.8794E-07 8.61E-07 2.51E-06   0.274 0.6000 6.1598E-06   1465.025
17700.00 0.76012164 0.0000E+00            0.0000E+00 5.6720E-08 7.9717E-09 1.3453E-07 3.8100E-08 1.9125E-07 8.74E-07 2.55E-06   0.274 0.6000 6.2612E-06   1467.184
17710.00 0.76002991 0.0000E+00            0.0000E+00 5.6667E-08 7.9583E-09 1.3423E-07 3.7977E-08 1.9090E-07 8.72E-07 2.55E-06   0.274 0.6000 6.2433E-06   1467.714
17720.00 0.75989556 0.0000E+00            0.0000E+00 5.5933E-08 7.8505E-09 1.3232E-07 3.7398E-08 1.8825E-07 8.58E-07 2.51E-06   0.275 0.6000 6.1513E-06   1467.221
17730.00 0.75979787 0.0000E+00            0.0000E+00 5.5842E-08 7.8319E-09 1.3193E-07 3.7248E-08 1.8777E-07 8.55E-07 2.50E-06   0.275 0.6000 6.1278E-06   1467.691
17740.00 0.75973868 0.0000E+00            0.0000E+00 5.6532E-08 7.9220E-09 1.3339E-07 3.7619E-08 1.8992E-07 8.63E-07 2.53E-06   0.275 0.6000 6.1889E-06   1469.338
17750.00 0.75960225 0.0000E+00            0.0000E+00 5.7391E-08 8.0378E-09 1.3524E-07 3.8103E-08 1.9263E-07 8.75E-07 2.56E-06   0.275 0.6000 6.2708E-06   1471.224
17760.00 0.75940472 0.0000E+00            0.0000E+00 5.7376E-08 8.0327E-09 1.3504E-07 3.8007E-08 1.9241E-07 8.72E-07 2.56E-06   0.275 0.6000 6.2590E-06   1471.812
17770.00 0.75925994 0.0000E+00            0.0000E+00 5.6401E-08 7.8919E-09 1.3257E-07 3.7276E-08 1.8898E-07 8.56E-07 2.51E-06   0.275 0.6000 6.1407E-06   1470.970
17780.00 0.75915623 0.0000E+00            0.0000E+00 5.5626E-08 7.7780E-09 1.3059E-07 3.6678E-08 1.8621E-07 8.42E-07 2.47E-06   0.276 0.6000 6.0429E-06   1470.410
17790.00 0.75903451 0.0000E+00            0.0000E+00 5.4556E-08 7.6238E-09 1.2791E-07 3.5891E-08 1.8247E-07 8.24E-07 2.42E-06   0.276 0.6000 5.9148E-06   1469.380
17800.00 0.75892037 0.0000E+00            0.0000E+00 5.4173E-08 7.5651E-09 1.2685E-07 3.5553E-08 1.8102E-07 8.16E-07 2.40E-06   0.276 0.6000 5.8607E-06   1469.391
17810.00 0.75878525 0.0000E+00            0.0000E+00 5.6423E-08 7.8745E-09 1.3194E-07 3.6942E-08 1.8837E-07 8.48E-07 2.49E-06   0.276 0.6000 6.0918E-06   1473.437
17820.00 0.75861388 0.0000E+00            0.0000E+00 5.8775E-08 8.1992E-09 1.3728E-07 3.8397E-08 1.9605E-07 8.81E-07 2.59E-06   0.276 0.6000 6.3353E-06   1477.518
17830.00 0.75847429 0.0000E+00            0.0000E+00 5.8460E-08 8.1510E-09 1.3638E-07 3.8108E-08 1.9484E-07 8.75E-07 2.58E-06   0.276 0.6000 6.2897E-06   1477.676
17840.00 0.75835097 0.0000E+00            0.0000E+00 5.6306E-08 7.8459E-09 1.3119E-07 3.6621E-08 1.8750E-07 8.40E-07 2.48E-06   0.277 0.6000 6.0457E-06   1475.098
17850.00 0.75819594 0.0000E+00            0.0000E+00 5.5110E-08 7.6751E-09 1.2824E-07 3.5758E-08 1.8335E-07 8.21E-07 2.42E-06   0.277 0.6000 5.9062E-06   1473.886
17860.00 0.75805151 0.0000E+00            0.0000E+00 5.5289E-08 7.6959E-09 1.2849E-07 3.5792E-08 1.8378E-07 8.21E-07 2.42E-06   0.277 0.6000 5.9144E-06   1474.771
17870.00 0.75793737 0.0000E+00            0.0000E+00 5.5250E-08 7.6856E-09 1.2824E-07 3.5685E-08 1.8349E-07 8.19E-07 2.42E-06   0.277 0.6000 5.8984E-06   1475.321
17880.00 0.75780743 0.0000E+00            0.0000E+00 5.4340E-08 7.5547E-09 1.2598E-07 3.5018E-08 1.8032E-07 8.04E-07 2.38E-06   0.277 0.6000 5.7906E-06   1474.527
17890.00 0.75766098 0.0000E+00            0.0000E+00 5.3380E-08 7.4172E-09 1.2359E-07 3.4320E-08 1.7697E-07 7.88E-07 2.33E-06   0.278 0.6000 5.6783E-06   1473.629
17900.00 0.75751448 0.0000E+00            0.0000E+00 5.4526E-08 7.5722E-09 1.2608E-07 3.4973E-08 1.8061E-07 8.03E-07 2.38E-06   0.278 0.6000 5.7900E-06   1476.030
17910.00 0.75736648 0.0000E+00            0.0000E+00 5.6716E-08 7.8722E-09 1.3099E-07 3.6295E-08 1.8770E-07 8.33E-07 2.47E-06   0.278 0.6000 6.0125E-06   1479.979
17920.00 0.75721961 0.0000E+00            0.0000E+00 5.7237E-08 7.9406E-09 1.3203E-07 3.6548E-08 1.8927E-07 8.39E-07 2.49E-06   0.278 0.6000 6.0579E-06   1481.370
17930.00 0.75707042 0.0000E+00            0.0000E+00 5.6185E-08 7.7906E-09 1.2945E-07 3.5795E-08 1.8563E-07 8.22E-07 2.44E-06   0.278 0.6000 5.9366E-06   1480.404
17940.00 0.75691271 0.0000E+00            0.0000E+00 5.5496E-08 7.6913E-09 1.2770E-07 3.5274E-08 1.8319E-07 8.10E-07 2.40E-06   0.279 0.6000 5.8544E-06   1479.965
17950.00 0.75675160 0.0000E+00            0.0000E+00 5.5861E-08 7.7383E-09 1.2838E-07 3.5426E-08 1.8424E-07 8.13E-07 2.42E-06   0.279 0.6000 5.8842E-06   1481.132
17960.00 0.75659209 0.0000E+00            0.0000E+00 5.5991E-08 7.7527E-09 1.2852E-07 3.5429E-08 1.8451E-07 8.13E-07 2.42E-06   0.279 0.6000 5.8893E-06   1481.941
17970.00 0.75642729 0.0000E+00            0.0000E+00 5.6198E-08 7.7779E-09 1.2884E-07 3.5479E-08 1.8504E-07 8.14E-07 2.42E-06   0.279 0.6000 5.9026E-06   1482.865
17980.00 0.75626123 0.0000E+00            0.0000E+00 5.7295E-08 7.9262E-09 1.3119E-07 3.6090E-08 1.8849E-07 8.28E-07 2.47E-06   0.279 0.6000 6.0092E-06   1485.122
17990.00 0.75609601 0.0000E+00            0.0000E+00 5.7526E-08 7.9546E-09 1.3156E-07 3.6156E-08 1.8909E-07 8.30E-07 2.47E-06   0.280 0.6000 6.0252E-06   1486.077
18000.00 0.75592673 0.0000E+00            0.0000E+00 5.7173E-08 7.9025E-09 1.3060E-07 3.5853E-08 1.8777E-07 8.23E-07 2.46E-06   0.280 0.6000 5.9808E-06   1486.163
18010.00 0.75575727 0.0000E+00            0.0000E+00 5.7940E-08 8.0051E-09 1.3219E-07 3.6252E-08 1.9013E-07 8.32E-07 2.49E-06   0.280 0.6000 6.0538E-06   1487.911
18020.00 0.75558764 0.0000E+00            0.0000E+00 5.8523E-08 8.0824E-09 1.3336E-07 3.6536E-08 1.9188E-07 8.39E-07 2.51E-06   0.280 0.6000 6.1076E-06   1489.381
18030.00 0.75541705 0.0000E+00            0.0000E+00 5.8558E-08 8.0838E-09 1.3327E-07 3.6476E-08 1.9183E-07 8.37E-07 2.51E-06   0.280 0.6000 6.1043E-06   1490.043
18040.00 0.75525206 0.0000E+00            0.0000E+00 5.8917E-08 8.1298E-09 1.3393E-07 3.6617E-08 1.9284E-07 8.40E-07 2.52E-06   0.281 0.6000 6.1350E-06   1491.178
18050.00 0.75507045 0.0000E+00            0.0000E+00 5.8579E-08 8.0803E-09 1.3300E-07 3.6328E-08 1.9158E-07 8.34E-07 2.50E-06   0.281 0.6000 6.0937E-06   1491.299
18060.00 0.75486630 0.0000E+00            0.0000E+00 5.7733E-08 7.9614E-09 1.3092E-07 3.5725E-08 1.8866E-07 8.20E-07 2.46E-06   0.281 0.6000 6.0005E-06   1490.667
18070.00 0.75467485 0.0000E+00            0.0000E+00 5.7207E-08 7.8863E-09 1.2957E-07 3.5322E-08 1.8678E-07 8.11E-07 2.44E-06   0.281 0.6000 5.9407E-06   1490.496
18080.00 0.75449109 0.0000E+00            0.0000E+00 5.6231E-08 7.7490E-09 1.2721E-07 3.4642E-08 1.8344E-07 7.95E-07 2.39E-06   0.282 0.6000 5.8340E-06   1489.639
18090.00 0.75428480 0.0000E+00            0.0000E+00 5.6169E-08 7.7381E-09 1.2691E-07 3.4524E-08 1.8308E-07 7.92E-07 2.39E-06   0.282 0.6000 5.8218E-06   1490.152
18100.00 0.75410128 0.0000E+00            0.0000E+00 5.7857E-08 7.9677E-09 1.3057E-07 3.5483E-08 1.8843E-07 8.14E-07 2.45E-06   0.282 0.6000 5.9901E-06   1493.294
18110.00 0.75393438 0.0000E+00            0.0000E+00 5.9200E-08 8.1493E-09 1.3344E-07 3.6227E-08 1.9264E-07 8.31E-07 2.51E-06   0.282 0.6000 6.1223E-06   1495.876
18120.00 0.75369376 0.0000E+00            0.0000E+00 5.8425E-08 8.0417E-09 1.3155E-07 3.5678E-08 1.8997E-07 8.19E-07 2.47E-06   0.283 0.6000 6.0385E-06   1495.360
18130.00 0.75340968 0.0000E+00            0.0000E+00 5.6596E-08 7.7901E-09 1.2727E-07 3.4487E-08 1.8387E-07 7.92E-07 2.39E-06   0.283 0.6000 5.8477E-06   1493.248
18140.00 0.75314444 0.0000E+00            0.0000E+00 5.6383E-08 7.7603E-09 1.2664E-07 3.4280E-08 1.8302E-07 7.87E-07 2.38E-06   0.283 0.6000 5.8234E-06   1493.536
18150.00 0.75295591 0.0000E+00            0.0000E+00 5.6981E-08 7.8398E-09 1.2783E-07 3.4568E-08 1.8481E-07 7.93E-07 2.40E-06   0.284 0.6000 5.8798E-06   1495.050
18160.00 0.75281560 0.0000E+00            0.0000E+00 5.6914E-08 7.8265E-09 1.2753E-07 3.4450E-08 1.8444E-07 7.91E-07 2.40E-06   0.284 0.6000 5.8662E-06   1495.561
18170.00 0.75255549 0.0000E+00            0.0000E+00 5.7095E-08 7.8509E-09 1.2778E-07 3.4485E-08 1.8488E-07 7.91E-07 2.40E-06   0.284 0.6000 5.8832E-06   1496.444
18180.00 0.75215399 0.0000E+00            0.0000E+00 5.7257E-08 7.8765E-09 1.2800E-07 3.4513E-08 1.8525E-07 7.92E-07 2.41E-06   0.285 0.6000 5.9036E-06   1497.301
18190.00 0.75183713 0.0000E+00            0.0000E+00 5.6636E-08 7.7913E-09 1.2646E-07 3.4067E-08 1.8310E-07 7.82E-07 2.38E-06   0.285 0.6000 5.8402E-06   1496.981
18200.00 0.75176120 0.0000E+00            0.0000E+00 5.6151E-08 7.7183E-09 1.2524E-07 3.3704E-08 1.8139E-07 7.74E-07 2.36E-06   0.285 0.6000 5.7831E-06   1496.862
18210.00 0.75166100 0.0000E+00            0.0000E+00 5.6284E-08 7.7315E-09 1.2541E-07 3.3715E-08 1.8169E-07 7.74E-07 2.36E-06   0.285 0.6000 5.7908E-06   1497.683
18220.00 0.75147533 0.0000E+00            0.0000E+00 5.7129E-08 7.8446E-09 1.2715E-07 3.4154E-08 1.8428E-07 7.84E-07 2.39E-06   0.286 0.6000 5.8742E-06   1499.579
18230.00 0.75134927 0.0000E+00            0.0000E+00 5.7674E-08 7.9150E-09 1.2824E-07 3.4414E-08 1.8591E-07 7.90E-07 2.41E-06   0.286 0.6000 5.9245E-06   1501.016
18240.00 0.75092053 0.0000E+00            0.0000E+00 5.6100E-08 7.7032E-09 1.2462E-07 3.3418E-08 1.8072E-07 7.67E-07 2.35E-06   0.286 0.6000 5.7688E-06   1499.268
18250.00 0.75048363 0.0000E+00            0.0000E+00 5.4400E-08 7.4739E-09 1.2072E-07 3.2348E-08 1.7512E-07 7.42E-07 2.28E-06   0.287 0.6000 5.6000E-06   1497.257
18260.00 0.75047654 0.0000E+00            0.0000E+00 5.5334E-08 7.5944E-09 1.2266E-07 3.2834E-08 1.7800E-07 7.54E-07 2.31E-06   0.287 0.6000 5.6856E-06   1499.329
18270.00 0.75019234 0.0000E+00            0.0000E+00 5.7683E-08 7.9173E-09 1.2774E-07 3.4165E-08 1.8542E-07 7.84E-07 2.41E-06   0.287 0.6000 5.9271E-06   1503.516
18280.00 0.74954170 0.0000E+00            0.0000E+00 5.8518E-08 8.0433E-09 1.2946E-07 3.4606E-08 1.8798E-07 7.94E-07 2.45E-06   0.288 0.6000 6.0271E-06   1505.379
18290.00 0.74872828 0.0000E+00            0.0000E+00 5.7139E-08 7.8688E-09 1.2629E-07 3.3736E-08 1.8343E-07 7.74E-07 2.40E-06   0.289 0.6000 5.9052E-06   1503.949
18300.00 0.74794286 0.0000E+00            0.0000E+00 5.6679E-08 7.8195E-09 1.2514E-07 3.3409E-08 1.8182E-07 7.67E-07 2.38E-06   0.290 0.6000 5.8772E-06   1503.875
18310.00 0.74760699 0.0000E+00            0.0000E+00 5.7318E-08 7.9091E-09 1.2643E-07 3.3728E-08 1.8375E-07 7.74E-07 2.41E-06   0.291 0.6000 5.9462E-06   1505.463
18320.00 0.74785608 0.0000E+00            0.0000E+00 5.6347E-08 7.7601E-09 1.2417E-07 3.3088E-08 1.8051E-07 7.59E-07 2.36E-06   0.291 0.6000 5.8256E-06   1504.617
18330.00 0.74859792 0.0000E+00            0.0000E+00 5.6858E-08 7.8010E-09 1.2515E-07 3.3303E-08 1.8201E-07 7.64E-07 2.37E-06   0.290 0.6000 5.8392E-06   1506.009
18340.00 0.74860716 0.0000E+00            0.0000E+00 5.8130E-08 7.9696E-09 1.2783E-07 3.3983E-08 1.8596E-07 7.80E-07 2.42E-06   0.290 0.6000 5.9622E-06   1508.538
18350.00 0.74818808 0.0000E+00            0.0000E+00 5.6684E-08 7.7772E-09 1.2453E-07 3.3082E-08 1.8121E-07 7.59E-07 2.36E-06   0.290 0.6000 5.8211E-06   1506.992
18360.00 0.74834234 0.0000E+00            0.0000E+00 5.6778E-08 7.7778E-09 1.2460E-07 3.3065E-08 1.8138E-07 7.59E-07 2.36E-06   0.290 0.6000 5.8121E-06   1507.750
18370.00 0.74831432 0.0000E+00            0.0000E+00 5.9305E-08 8.1160E-09 1.3001E-07 3.4468E-08 1.8932E-07 7.91E-07 2.46E-06   0.290 0.6000 6.0587E-06   1512.128
18380.00 0.74750197 0.0000E+00            0.0000E+00 5.9083E-08 8.0994E-09 1.2940E-07 3.4286E-08 1.8848E-07 7.87E-07 2.45E-06   0.291 0.6000 6.0546E-06   1512.428
18390.00 0.74663454 0.0000E+00            0.0000E+00 5.6363E-08 7.7429E-09 1.2332E-07 3.2656E-08 1.7968E-07 7.50E-07 2.35E-06   0.292 0.6000 5.7981E-06   1508.984
18400.00 0.74697047 0.0000E+00            0.0000E+00 5.4564E-08 7.4802E-09 1.1925E-07 3.1543E-08 1.7382E-07 7.24E-07 2.26E-06   0.292 0.6000 5.5913E-06   1506.812
18410.00 0.74769938 0.0000E+00            0.0000E+00 5.4761E-08 7.4799E-09 1.1955E-07 3.1577E-08 1.7431E-07 7.25E-07 2.26E-06   0.291 0.6000 5.5735E-06   1507.734
18420.00 0.74773663 0.0000E+00            0.0000E+00 5.6245E-08 7.6745E-09 1.2267E-07 3.2368E-08 1.7891E-07 7.43E-07 2.31E-06   0.291 0.6000 5.7123E-06   1510.653
18430.00 0.74711108 0.0000E+00            0.0000E+00 5.6903E-08 7.7748E-09 1.2398E-07 3.2697E-08 1.8089E-07 7.50E-07 2.34E-06   0.292 0.6000 5.7922E-06   1512.279
18440.00 0.74627024 0.0000E+00            0.0000E+00 5.7253E-08 7.8391E-09 1.2463E-07 3.2849E-08 1.8188E-07 7.54E-07 2.37E-06   0.293 0.6000 5.8489E-06   1513.432
18450.00 0.74583286 0.0000E+00            0.0000E+00 5.7192E-08 7.8353E-09 1.2437E-07 3.2757E-08 1.8156E-07 7.52E-07 2.36E-06   0.293 0.6000 5.8469E-06   1513.962
18460.00 0.74544400 0.0000E+00            0.0000E+00 5.6030E-08 7.6791E-09 1.2172E-07 3.2032E-08 1.7775E-07 7.35E-07 2.32E-06   0.294 0.6000 5.7300E-06   1512.810
18470.00 0.74490070 0.0000E+00            0.0000E+00 5.4770E-08 7.5130E-09 1.1885E-07 3.1255E-08 1.7362E-07 7.17E-07 2.27E-06   0.295 0.6000 5.6077E-06   1511.468
18480.00 0.74474949 0.0000E+00            0.0000E+00 5.3129E-08 7.2852E-09 1.1517E-07 3.0259E-08 1.6830E-07 6.94E-07 2.20E-06   0.295 0.6000 5.4335E-06   1509.473
18490.00 0.74540311 0.0000E+00            0.0000E+00 5.1626E-08 7.0570E-09 1.1179E-07 2.9332E-08 1.6341E-07 6.73E-07 2.12E-06   0.294 0.6000 5.2481E-06   1507.629
18500.00 0.74633759 0.0000E+00            0.0000E+00 5.2617E-08 7.1604E-09 1.1381E-07 2.9816E-08 1.6642E-07 6.84E-07 2.15E-06   0.293 0.6000 5.3048E-06   1509.868
18510.00 0.74665421 0.0000E+00            0.0000E+00 5.4891E-08 7.4534E-09 1.1861E-07 3.1039E-08 1.7350E-07 7.12E-07 2.23E-06   0.292 0.6000 5.5117E-06   1514.122
18520.00 0.74664617 0.0000E+00            0.0000E+00 5.5500E-08 7.5286E-09 1.1981E-07 3.1324E-08 1.7531E-07 7.19E-07 2.25E-06   0.292 0.6000 5.5630E-06   1515.694
18530.00 0.74682456 0.0000E+00            0.0000E+00 5.6149E-08 7.6039E-09 1.2109E-07 3.1623E-08 1.7724E-07 7.26E-07 2.27E-06   0.292 0.6000 5.6114E-06   1517.317
18540.00 0.74689347 0.0000E+00            0.0000E+00 5.7354E-08 7.7571E-09 1.2356E-07 3.2234E-08 1.8091E-07 7.40E-07 2.31E-06   0.292 0.6000 5.7197E-06   1519.772
18550.00 0.74678117 0.0000E+00            0.0000E+00 5.8109E-08 7.8544E-09 1.2506E-07 3.2594E-08 1.8317E-07 7.48E-07 2.34E-06   0.292 0.6000 5.7893E-06   1521.524
18560.00 0.74668604 0.0000E+00            0.0000E+00 5.8125E-08 7.8513E-09 1.2497E-07 3.2539E-08 1.8310E-07 7.47E-07 2.34E-06   0.292 0.6000 5.7842E-06   1522.170
18570.00 0.74661922 0.0000E+00            0.0000E+00 5.7687E-08 7.7855E-09 1.2390E-07 3.2228E-08 1.8159E-07 7.40E-07 2.32E-06   0.292 0.6000 5.7324E-06   1522.131
18580.00 0.74654305 0.0000E+00            0.0000E+00 5.8536E-08 7.8940E-09 1.2559E-07 3.2635E-08 1.8413E-07 7.49E-07 2.35E-06   0.292 0.6000 5.8087E-06   1524.017
18590.00 0.74642879 0.0000E+00            0.0000E+00 5.9976E-08 8.0835E-09 1.2855E-07 3.3372E-08 1.8853E-07 7.66E-07 2.40E-06   0.292 0.6000 5.9450E-06   1526.753
18600.00 0.74631804 0.0000E+00            0.0000E+00 5.8756E-08 7.9146E-09 1.2582E-07 3.2631E-08 1.8457E-07 7.49E-07 2.35E-06   0.293 0.6000 5.8182E-06   1525.588
18610.00 0.74618238 0.0000E+00            0.0000E+00 5.5796E-08 7.5118E-09 1.1936E-07 3.0926E-08 1.7515E-07 7.10E-07 2.23E-06   0.293 0.6000 5.5208E-06   1521.723
18620.00 0.74599302 0.0000E+00            0.0000E+00 5.5551E-08 7.4761E-09 1.1871E-07 3.0727E-08 1.7426E-07 7.05E-07 2.22E-06   0.293 0.6000 5.4946E-06   1521.958
18630.00 0.74583441 0.0000E+00            0.0000E+00 5.6934E-08 7.6590E-09 1.2154E-07 3.1432E-08 1.7848E-07 7.21E-07 2.27E-06   0.293 0.6000 5.6290E-06   1524.708
18640.00 0.74568927 0.0000E+00            0.0000E+00 5.7725E-08 7.7618E-09 1.2311E-07 3.1807E-08 1.8083E-07 7.30E-07 2.30E-06   0.293 0.6000 5.7044E-06   1526.526
18650.00 0.74554199 0.0000E+00            0.0000E+00 5.9022E-08 7.9323E-09 1.2575E-07 3.2457E-08 1.8477E-07 7.45E-07 2.35E-06   0.294 0.6000 5.8295E-06   1529.079
18660.00 0.74539471 0.0000E+00            0.0000E+00 6.0496E-08 8.1266E-09 1.2876E-07 3.3203E-08 1.8926E-07 7.62E-07 2.40E-06   0.294 0.6000 5.9721E-06   1531.853
18670.00 0.74522448 0.0000E+00            0.0000E+00 6.0664E-08 8.1463E-09 1.2899E-07 3.3233E-08 1.8966E-07 7.63E-07 2.41E-06   0.294 0.6000 5.9872E-06   1532.719
18680.00 0.74503553 0.0000E+00            0.0000E+00 5.9013E-08 7.9222E-09 1.2536E-07 3.2268E-08 1.8438E-07 7.41E-07 2.34E-06   0.294 0.6000 5.8241E-06   1530.932
18690.00 0.74485254 0.0000E+00            0.0000E+00 5.6461E-08 7.5773E-09 1.1982E-07 3.0814E-08 1.7628E-07 7.07E-07 2.24E-06   0.295 0.6000 5.5722E-06   1527.706
18700.00 0.74469000 0.0000E+00            0.0000E+00 5.5922E-08 7.5019E-09 1.1856E-07 3.0459E-08 1.7448E-07 6.99E-07 2.21E-06   0.295 0.6000 5.5182E-06   1527.493
18710.00 0.74452329 0.0000E+00            0.0000E+00 5.6440E-08 7.5687E-09 1.1954E-07 3.0684E-08 1.7598E-07 7.04E-07 2.23E-06   0.295 0.6000 5.5683E-06   1528.914
18720.00 0.74434602 0.0000E+00            0.0000E+00 5.4607E-08 7.3204E-09 1.1555E-07 2.9631E-08 1.7015E-07 6.80E-07 2.16E-06   0.295 0.6000 5.3860E-06   1526.671
18730.00 0.74416906 0.0000E+00            0.0000E+00 5.3654E-08 7.1901E-09 1.1341E-07 2.9055E-08 1.6707E-07 6.67E-07 2.12E-06   0.295 0.6000 5.2903E-06   1525.764
18740.00 0.74399501 0.0000E+00            0.0000E+00 5.4972E-08 7.3641E-09 1.1608E-07 2.9712E-08 1.7105E-07 6.82E-07 2.17E-06   0.296 0.6000 5.4185E-06   1528.482
18750.00 0.74381518 0.0000E+00            0.0000E+00 5.3415E-08 7.1531E-09 1.1269E-07 2.8817E-08 1.6610E-07 6.61E-07 2.10E-06   0.296 0.6000 5.2635E-06   1526.616
18760.00 0.74362320 0.0000E+00            0.0000E+00 5.0258E-08 6.7282E-09 1.0591E-07 2.7060E-08 1.5617E-07 6.21E-07 1.98E-06   0.296 0.6000 4.9508E-06   1521.984
18770.00 0.74343187 0.0000E+00            0.0000E+00 5.1593E-08 6.9045E-09 1.0861E-07 2.7720E-08 1.6020E-07 6.36E-07 2.03E-06   0.296 0.6000 5.0801E-06   1524.849
18780.00 0.74327534 0.0000E+00            0.0000E+00 5.5447E-08 7.4168E-09 1.1660E-07 2.9732E-08 1.7205E-07 6.82E-07 2.18E-06   0.297 0.6000 5.4556E-06   1531.692
18790.00 0.74312437 0.0000E+00            0.0000E+00 5.7366E-08 7.6699E-09 1.2052E-07 3.0702E-08 1.7788E-07 7.05E-07 2.25E-06   0.297 0.6000 5.6397E-06   1535.271
18800.00 0.74295127 0.0000E+00            0.0000E+00 5.7646E-08 7.7043E-09 1.2098E-07 3.0791E-08 1.7863E-07 7.07E-07 2.26E-06   0.297 0.6000 5.6629E-06   1536.313
18810.00 0.74278700 0.0000E+00            0.0000E+00 5.8591E-08 7.8272E-09 1.2283E-07 3.1233E-08 1.8143E-07 7.17E-07 2.29E-06   0.297 0.6000 5.7506E-06   1538.349
18820.00 0.74262255 0.0000E+00            0.0000E+00 5.9990E-08 8.0107E-09 1.2564E-07 3.1916E-08 1.8563E-07 7.33E-07 2.34E-06   0.298 0.6000 5.8825E-06   1541.035
18830.00 0.74244303 0.0000E+00            0.0000E+00 6.0216E-08 8.0378E-09 1.2598E-07 3.1973E-08 1.8620E-07 7.34E-07 2.35E-06   0.298 0.6000 5.8996E-06   1541.982
18840.00 0.74224478 0.0000E+00            0.0000E+00 6.0044E-08 8.0123E-09 1.2549E-07 3.1818E-08 1.8554E-07 7.30E-07 2.34E-06   0.298 0.6000 5.8784E-06   1542.348
18850.00 0.74208844 0.0000E+00            0.0000E+00 5.9136E-08 7.8876E-09 1.2347E-07 3.1276E-08 1.8261E-07 7.18E-07 2.30E-06   0.298 0.6000 5.7837E-06   1541.630
18860.00 0.74196512 0.0000E+00            0.0000E+00 5.6155E-08 7.4853E-09 1.1712E-07 2.9640E-08 1.7328E-07 6.80E-07 2.18E-06   0.298 0.6000 5.4849E-06   1537.726
18870.00 0.74181688 0.0000E+00            0.0000E+00 5.4380E-08 7.2446E-09 1.1329E-07 2.8641E-08 1.6767E-07 6.57E-07 2.11E-06   0.299 0.6000 5.3049E-06   1535.543
18880.00 0.74170083 0.0000E+00            0.0000E+00 5.6891E-08 7.5742E-09 1.1840E-07 2.9900E-08 1.7529E-07 6.86E-07 2.21E-06   0.299 0.6000 5.5419E-06   1540.087
18890.00 0.74157524 0.0000E+00            0.0000E+00 5.9584E-08 7.9282E-09 1.2388E-07 3.1254E-08 1.8346E-07 7.17E-07 2.31E-06   0.299 0.6000 5.7967E-06   1544.754
18900.00 0.74139899 0.0000E+00            0.0000E+00 6.0147E-08 7.9999E-09 1.2492E-07 3.1487E-08 1.8507E-07 7.23E-07 2.33E-06   0.299 0.6000 5.8456E-06   1546.198
18910.00 0.74124622 0.0000E+00            0.0000E+00 5.8990E-08 7.8420E-09 1.2239E-07 3.0820E-08 1.8138E-07 7.07E-07 2.28E-06   0.299 0.6000 5.7267E-06   1545.109
18920.00 0.74116099 0.0000E+00            0.0000E+00 5.6586E-08 7.5167E-09 1.1728E-07 2.9502E-08 1.7386E-07 6.77E-07 2.18E-06   0.300 0.6000 5.4844E-06   1542.081
18930.00 0.74108803 0.0000E+00            0.0000E+00 5.6956E-08 7.5597E-09 1.1792E-07 2.9631E-08 1.7487E-07 6.80E-07 2.19E-06   0.300 0.6000 5.5106E-06   1543.263
18940.00 0.74093980 0.0000E+00            0.0000E+00 5.7995E-08 7.6940E-09 1.1995E-07 3.0112E-08 1.7794E-07 6.91E-07 2.23E-06   0.300 0.6000 5.6045E-06   1545.463
18950.00 0.74075818 0.0000E+00            0.0000E+00 5.5939E-08 7.4185E-09 1.1558E-07 2.8988E-08 1.7151E-07 6.65E-07 2.15E-06   0.300 0.6000 5.3998E-06   1542.921
18960.00 0.74052536 0.0000E+00            0.0000E+00 5.1994E-08 6.8935E-09 1.0731E-07 2.6891E-08 1.5931E-07 6.17E-07 2.00E-06   0.300 0.6000 5.0143E-06   1537.175
18970.00 0.74024355 0.0000E+00            0.0000E+00 4.8028E-08 6.3670E-09 9.9023E-08 2.4790E-08 1.4705E-07 5.69E-07 1.84E-06   0.301 0.6000 4.6298E-06   1530.943
18980.00 0.74011648 0.0000E+00            0.0000E+00 4.7162E-08 6.2482E-09 9.7130E-08 2.4290E-08 1.4429E-07 5.57E-07 1.81E-06   0.301 0.6000 4.5405E-06   1529.989
18990.00 0.74015754 0.0000E+00            0.0000E+00 4.9141E-08 6.5025E-09 1.0110E-07 2.5254E-08 1.5024E-07 5.80E-07 1.88E-06   0.301 0.6000 4.7196E-06   1534.130
19000.00 0.74016994 0.0000E+00            0.0000E+00 5.2335E-08 6.9176E-09 1.0755E-07 2.6837E-08 1.5989E-07 6.16E-07 2.00E-06   0.301 0.6000 5.0142E-06   1540.185
19010.00 0.74009395 0.0000E+00            0.0000E+00 5.5345E-08 7.3099E-09 1.1362E-07 2.8324E-08 1.6897E-07 6.50E-07 2.11E-06   0.301 0.6000 5.2932E-06   1545.668
19020.00 0.73989815 0.0000E+00            0.0000E+00 5.6635E-08 7.4780E-09 1.1615E-07 2.8928E-08 1.7279E-07 6.64E-07 2.15E-06   0.301 0.6000 5.4121E-06   1548.301
19030.00 0.73957592 0.0000E+00            0.0000E+00 5.6926E-08 7.5174E-09 1.1663E-07 2.9020E-08 1.7355E-07 6.66E-07 2.17E-06   0.302 0.6000 5.4389E-06   1549.363
19040.00 0.73930687 0.0000E+00            0.0000E+00 5.7149E-08 7.5461E-09 1.1696E-07 2.9075E-08 1.7411E-07 6.67E-07 2.17E-06   0.302 0.6000 5.4558E-06   1550.321
19050.00 0.73911309 0.0000E+00            0.0000E+00 5.7668E-08 7.6120E-09 1.1790E-07 2.9280E-08 1.7557E-07 6.72E-07 2.19E-06   0.302 0.6000 5.4977E-06   1551.729
19060.00 0.73889130 0.0000E+00            0.0000E+00 5.8325E-08 7.6967E-09 1.1912E-07 2.9553E-08 1.7744E-07 6.78E-07 2.21E-06   0.303 0.6000 5.5541E-06   1553.338
19070.00 0.73868918 0.0000E+00            0.0000E+00 5.9069E-08 7.7922E-09 1.2051E-07 2.9869E-08 1.7958E-07 6.86E-07 2.24E-06   0.303 0.6000 5.6182E-06   1555.068
19080.00 0.73863792 0.0000E+00            0.0000E+00 5.9246E-08 7.8086E-09 1.2074E-07 2.9896E-08 1.7999E-07 6.86E-07 2.24E-06   0.303 0.6000 5.6230E-06   1555.947
19090.00 0.73871005 0.0000E+00            0.0000E+00 5.7457E-08 7.5627E-09 1.1698E-07 2.8932E-08 1.7443E-07 6.64E-07 2.17E-06   0.303 0.6000 5.4376E-06   1553.862
19100.00 0.73870450 0.0000E+00            0.0000E+00 5.6021E-08 7.3654E-09 1.1393E-07 2.8147E-08 1.6995E-07 6.46E-07 2.11E-06   0.303 0.6000 5.2896E-06   1552.251
19110.00 0.73865342 0.0000E+00            0.0000E+00 5.5870E-08 7.3390E-09 1.1350E-07 2.8011E-08 1.6937E-07 6.43E-07 2.10E-06   0.303 0.6000 5.2659E-06   1552.627
19120.00 0.73860335 0.0000E+00            0.0000E+00 5.3787E-08 7.0592E-09 1.0916E-07 2.6912E-08 1.6294E-07 6.18E-07 2.02E-06   0.303 0.6000 5.0603E-06   1549.917
19130.00 0.73848718 0.0000E+00            0.0000E+00 5.3462E-08 7.0117E-09 1.0837E-07 2.6689E-08 1.6184E-07 6.13E-07 2.00E-06   0.303 0.6000 5.0213E-06   1549.995
19140.00 0.73834878 0.0000E+00            0.0000E+00 5.7542E-08 7.5423E-09 1.1652E-07 2.8665E-08 1.7406E-07 6.58E-07 2.15E-06   0.303 0.6000 5.3970E-06   1557.053
19150.00 0.73821568 0.0000E+00            0.0000E+00 5.9238E-08 7.7606E-09 1.1984E-07 2.9455E-08 1.7908E-07 6.76E-07 2.21E-06   0.304 0.6000 5.5495E-06   1560.234
19160.00 0.73808020 0.0000E+00            0.0000E+00 5.7165E-08 7.4847E-09 1.1552E-07 2.8366E-08 1.7269E-07 6.51E-07 2.13E-06   0.304 0.6000 5.3489E-06   1557.707
19170.00 0.73794079 0.0000E+00            0.0000E+00 5.7074E-08 7.4684E-09 1.1521E-07 2.8259E-08 1.7229E-07 6.49E-07 2.13E-06   0.304 0.6000 5.3340E-06   1558.176
19180.00 0.73779726 0.0000E+00            0.0000E+00 5.8162E-08 7.6070E-09 1.1729E-07 2.8741E-08 1.7545E-07 6.60E-07 2.16E-06   0.304 0.6000 5.4303E-06   1560.457
19190.00 0.73764944 0.0000E+00            0.0000E+00 5.6208E-08 7.3478E-09 1.1324E-07 2.7722E-08 1.6945E-07 6.36E-07 2.09E-06   0.304 0.6000 5.2433E-06   1558.064
19200.00 0.73750240 0.0000E+00            0.0000E+00 5.4157E-08 7.0759E-09 1.0899E-07 2.6653E-08 1.6314E-07 6.12E-07 2.01E-06   0.304 0.6000 5.0473E-06   1555.412
19210.00 0.73735899 0.0000E+00            0.0000E+00 5.5453E-08 7.2413E-09 1.1148E-07 2.7233E-08 1.6693E-07 6.25E-07 2.06E-06   0.305 0.6000 5.1632E-06   1558.096
19220.00 0.73721153 0.0000E+00            0.0000E+00 5.7119E-08 7.4551E-09 1.1471E-07 2.7996E-08 1.7183E-07 6.43E-07 2.12E-06   0.305 0.6000 5.3136E-06   1561.316
19230.00 0.73705822 0.0000E+00            0.0000E+00 5.5623E-08 7.2565E-09 1.1159E-07 2.7210E-08 1.6722E-07 6.25E-07 2.06E-06   0.305 0.6000 5.1699E-06   1559.596
19240.00 0.73690343 0.0000E+00            0.0000E+00 5.3128E-08 6.9275E-09 1.0648E-07 2.5936E-08 1.5960E-07 5.95E-07 1.96E-06   0.305 0.6000 4.9337E-06   1556.183
19250.00 0.73674846 0.0000E+00            0.0000E+00 5.3141E-08 6.9257E-09 1.0639E-07 2.5887E-08 1.5953E-07 5.94E-07 1.96E-06   0.306 0.6000 4.9304E-06   1556.814
19260.00 0.73659199 0.0000E+00            0.0000E+00 5.4682E-08 7.1229E-09 1.0936E-07 2.6582E-08 1.6404E-07 6.10E-07 2.02E-06   0.306 0.6000 5.0692E-06   1559.931
19270.00 0.73643041 0.0000E+00            0.0000E+00 5.2938E-08 6.8929E-09 1.0577E-07 2.5687E-08 1.5871E-07 5.90E-07 1.95E-06   0.306 0.6000 4.9048E-06   1557.707
19280.00 0.73627210 0.0000E+00            0.0000E+00 4.6281E-08 6.0235E-09 9.2381E-08 2.2414E-08 1.3866E-07 5.14E-07 1.70E-06   0.306 0.6000 4.2854E-06   1546.647
19290.00 0.73612851 0.0000E+00            0.0000E+00 4.5254E-08 5.8859E-09 9.0217E-08 2.1861E-08 1.3547E-07 5.02E-07 1.66E-06   0.306 0.6000 4.1848E-06   1545.309
19300.00 0.73598987 0.0000E+00            0.0000E+00 5.3193E-08 6.9144E-09 1.0593E-07 2.5642E-08 1.5912E-07 5.89E-07 1.95E-06   0.307 0.6000 4.9126E-06   1559.952
19310.00 0.73584390 0.0000E+00            0.0000E+00 5.6174E-08 7.2985E-09 1.1177E-07 2.7032E-08 1.6794E-07 6.20E-07 2.06E-06   0.307 0.6000 5.1828E-06   1565.367
19320.00 0.73569167 0.0000E+00            0.0000E+00 4.9280E-08 6.3998E-09 9.7959E-08 2.3670E-08 1.4724E-07 5.43E-07 1.80E-06   0.307 0.6000 4.5426E-06   1554.518
19330.00 0.73553699 0.0000E+00            0.0000E+00 4.3060E-08 5.5890E-09 8.5497E-08 2.0635E-08 1.2856E-07 4.74E-07 1.57E-06   0.307 0.6000 3.9655E-06   1543.477
19340.00 0.73538154 0.0000E+00            0.0000E+00 4.2903E-08 5.5658E-09 8.5093E-08 2.0516E-08 1.2800E-07 4.71E-07 1.57E-06   0.307 0.6000 3.9479E-06   1543.769
19350.00 0.73522538 0.0000E+00            0.0000E+00 4.6555E-08 6.0364E-09 9.2237E-08 2.2215E-08 1.3879E-07 5.10E-07 1.70E-06   0.308 0.6000 4.2811E-06   1551.402
19360.00 0.73506933 0.0000E+00            0.0000E+00 5.3079E-08 6.8790E-09 1.0505E-07 2.5275E-08 1.5813E-07 5.80E-07 1.93E-06   0.308 0.6000 4.8778E-06   1563.434
19370.00 0.73491192 0.0000E+00            0.0000E+00 5.7893E-08 7.4997E-09 1.1447E-07 2.7515E-08 1.7237E-07 6.32E-07 2.10E-06   0.308 0.6000 5.3169E-06   1571.709
19380.00 0.73475331 0.0000E+00            0.0000E+00 5.8990E-08 7.6381E-09 1.1652E-07 2.7980E-08 1.7551E-07 6.42E-07 2.14E-06   0.308 0.6000 5.4138E-06   1573.989
19390.00 0.73459822 0.0000E+00            0.0000E+00 5.8308E-08 7.5462E-09 1.1506E-07 2.7602E-08 1.7337E-07 6.33E-07 2.11E-06   0.308 0.6000 5.3472E-06   1573.572
19400.00 0.73444611 0.0000E+00            0.0000E+00 5.6865E-08 7.3558E-09 1.1210E-07 2.6863E-08 1.6896E-07 6.17E-07 2.06E-06   0.309 0.6000 5.2108E-06   1571.963
19410.00 0.73429221 0.0000E+00            0.0000E+00 5.5915E-08 7.2294E-09 1.1011E-07 2.6360E-08 1.6603E-07 6.05E-07 2.02E-06   0.309 0.6000 5.1202E-06   1571.086
19420.00 0.73413217 0.0000E+00            0.0000E+00 5.5411E-08 7.1607E-09 1.0900E-07 2.6068E-08 1.6441E-07 5.98E-07 2.00E-06   0.309 0.6000 5.0706E-06   1570.897
19430.00 0.73396742 0.0000E+00            0.0000E+00 5.4585E-08 7.0506E-09 1.0727E-07 2.5626E-08 1.6185E-07 5.88E-07 1.97E-06   0.309 0.6000 4.9914E-06   1570.182
19440.00 0.73379421 0.0000E+00            0.0000E+00 5.3475E-08 6.9042E-09 1.0497E-07 2.5054E-08 1.5845E-07 5.75E-07 1.93E-06   0.310 0.6000 4.8864E-06   1568.983
19450.00 0.73360616 0.0000E+00            0.0000E+00 5.3970E-08 6.9653E-09 1.0583E-07 2.5232E-08 1.5980E-07 5.79E-07 1.94E-06   0.310 0.6000 4.9287E-06   1570.402
19460.00 0.73343641 0.0000E+00            0.0000E+00 5.6361E-08 7.2704E-09 1.1040E-07 2.6295E-08 1.6676E-07 6.04E-07 2.03E-06   0.310 0.6000 5.1437E-06   1574.843
19470.00 0.73327565 0.0000E+00            0.0000E+00 5.8462E-08 7.5379E-09 1.1440E-07 2.7220E-08 1.7286E-07 6.25E-07 2.10E-06   0.310 0.6000 5.3318E-06   1578.705
19480.00 0.73307353 0.0000E+00            0.0000E+00 5.8330E-08 7.5186E-09 1.1403E-07 2.7105E-08 1.7236E-07 6.22E-07 2.09E-06   0.311 0.6000 5.3177E-06   1579.118
19490.00 0.73285782 0.0000E+00            0.0000E+00 5.6422E-08 7.2708E-09 1.1018E-07 2.6165E-08 1.6660E-07 6.01E-07 2.02E-06   0.311 0.6000 5.1428E-06   1576.776
19500.00 0.73266125 0.0000E+00            0.0000E+00 5.4626E-08 7.0370E-09 1.0657E-07 2.5280E-08 1.6119E-07 5.80E-07 1.96E-06   0.311 0.6000 4.9783E-06   1574.524
19510.00 0.73244560 0.0000E+00            0.0000E+00 5.5201E-08 7.1091E-09 1.0757E-07 2.5491E-08 1.6277E-07 5.85E-07 1.98E-06   0.311 0.6000 5.0299E-06   1576.057
19520.00 0.73219836 0.0000E+00            0.0000E+00 5.8455E-08 7.5270E-09 1.1379E-07 2.6938E-08 1.7224E-07 6.18E-07 2.09E-06   0.312 0.6000 5.3251E-06   1581.752
19530.00 0.73195684 0.0000E+00            0.0000E+00 6.1123E-08 7.8689E-09 1.1886E-07 2.8112E-08 1.7998E-07 6.45E-07 2.18E-06   0.312 0.6000 5.5659E-06   1586.352
19540.00 0.73181242 0.0000E+00            0.0000E+00 6.1505E-08 7.9137E-09 1.1948E-07 2.8229E-08 1.8099E-07 6.48E-07 2.20E-06   0.312 0.6000 5.5963E-06   1587.526
19550.00 0.73149770 0.0000E+00            0.0000E+00 6.0420E-08 7.7742E-09 1.1725E-07 2.7675E-08 1.7767E-07 6.35E-07 2.16E-06   0.313 0.6000 5.4998E-06   1586.543
19560.00 0.73101437 0.0000E+00            0.0000E+00 5.8341E-08 7.5118E-09 1.1310E-07 2.6672E-08 1.7144E-07 6.12E-07 2.08E-06   0.313 0.6000 5.3185E-06   1584.028
19570.00 0.73095882 0.0000E+00            0.0000E+00 5.7167E-08 7.3543E-09 1.1070E-07 2.6079E-08 1.6787E-07 5.99E-07 2.04E-06   0.313 0.6000 5.2048E-06   1582.828
19580.00 0.73079252 0.0000E+00            0.0000E+00 5.7860E-08 7.4402E-09 1.1193E-07 2.6340E-08 1.6979E-07 6.05E-07 2.06E-06   0.314 0.6000 5.2659E-06   1584.511
19590.00 0.73011410 0.0000E+00            0.0000E+00 5.7861E-08 7.4515E-09 1.1181E-07 2.6294E-08 1.6967E-07 6.03E-07 2.06E-06   0.315 0.6000 5.2828E-06   1585.122
19600.00 0.72980082 0.0000E+00            0.0000E+00 5.6150E-08 7.2326E-09 1.0839E-07 2.5467E-08 1.6454E-07 5.84E-07 2.00E-06   0.315 0.6000 5.1311E-06   1583.062
19610.00 0.72957945 0.0000E+00            0.0000E+00 5.6172E-08 7.2342E-09 1.0831E-07 2.5422E-08 1.6449E-07 5.83E-07 2.00E-06   0.315 0.6000 5.1335E-06   1583.704
19620.00 0.72866261 0.0000E+00            0.0000E+00 5.8998E-08 7.6155E-09 1.1363E-07 2.6653E-08 1.7263E-07 6.12E-07 2.11E-06   0.317 0.6000 5.4158E-06   1588.685
19630.00 0.72829777 0.0000E+00            0.0000E+00 6.0640E-08 7.8287E-09 1.1668E-07 2.7343E-08 1.7732E-07 6.28E-07 2.17E-06   0.317 0.6000 5.5704E-06   1591.758
19640.00 0.72868621 0.0000E+00            0.0000E+00 5.9679E-08 7.6850E-09 1.1472E-07 2.6849E-08 1.7440E-07 6.16E-07 2.12E-06   0.317 0.6000 5.4589E-06   1590.944
19650.00 0.72808295 0.0000E+00            0.0000E+00 5.7887E-08 7.4611E-09 1.1116E-07 2.5994E-08 1.6904E-07 5.97E-07 2.06E-06   0.317 0.6000 5.3056E-06   1588.827
19660.00 0.72745579 0.0000E+00            0.0000E+00 5.5959E-08 7.2217E-09 1.0734E-07 2.5082E-08 1.6330E-07 5.76E-07 1.99E-06   0.318 0.6000 5.1425E-06   1586.416
19670.00 0.72726780 0.0000E+00            0.0000E+00 5.3416E-08 6.8898E-09 1.0236E-07 2.3894E-08 1.5577E-07 5.48E-07 1.90E-06   0.318 0.6000 4.9060E-06   1582.900
19680.00 0.72599560 0.0000E+00            0.0000E+00 5.2895E-08 6.8458E-09 1.0124E-07 2.3626E-08 1.5414E-07 5.42E-07 1.89E-06   0.320 0.6000 4.8902E-06   1582.635
19690.00 0.72513169 0.0000E+00            0.0000E+00 5.5333E-08 7.1754E-09 1.0579E-07 2.4675E-08 1.6112E-07 5.66E-07 1.98E-06   0.321 0.6000 5.1361E-06   1587.237
19700.00 0.72530794 0.0000E+00            0.0000E+00 5.6732E-08 7.3449E-09 1.0836E-07 2.5242E-08 1.6509E-07 5.79E-07 2.03E-06   0.321 0.6000 5.2534E-06   1590.074
19710.00 0.72522157 0.0000E+00            0.0000E+00 5.6747E-08 7.3423E-09 1.0828E-07 2.5193E-08 1.6502E-07 5.78E-07 2.03E-06   0.321 0.6000 5.2522E-06   1590.708
19720.00 0.72452182 0.0000E+00            0.0000E+00 5.6385E-08 7.3086E-09 1.0747E-07 2.4993E-08 1.6386E-07 5.74E-07 2.02E-06   0.322 0.6000 5.2387E-06   1590.748
19730.00 0.72436273 0.0000E+00            0.0000E+00 5.6019E-08 7.2593E-09 1.0667E-07 2.4784E-08 1.6269E-07 5.69E-07 2.00E-06   0.322 0.6000 5.2055E-06   1590.778
19740.00 0.72590202 0.0000E+00            0.0000E+00 5.7695E-08 7.4262E-09 1.0976E-07 2.5447E-08 1.6746E-07 5.84E-07 2.04E-06   0.320 0.6000 5.2990E-06   1594.033
19750.00 0.72608644 0.0000E+00            0.0000E+00 5.9989E-08 7.7083E-09 1.1402E-07 2.6399E-08 1.7401E-07 6.06E-07 2.11E-06   0.320 0.6000 5.4951E-06   1598.147
19760.00 0.72396237 0.0000E+00            0.0000E+00 5.9940E-08 7.7503E-09 1.1379E-07 2.6350E-08 1.7373E-07 6.05E-07 2.13E-06   0.323 0.6000 5.5566E-06   1598.673
19770.00 0.72345918 0.0000E+00            0.0000E+00 5.9587E-08 7.7100E-09 1.1299E-07 2.6145E-08 1.7258E-07 6.00E-07 2.12E-06   0.324 0.6000 5.5343E-06   1598.749
19780.00 0.72518069 0.0000E+00            0.0000E+00 5.8758E-08 7.5515E-09 1.1133E-07 2.5706E-08 1.7009E-07 5.90E-07 2.07E-06   0.321 0.6000 5.3940E-06   1598.117
19790.00 0.72613996 0.0000E+00            0.0000E+00 5.5865E-08 7.1497E-09 1.0576E-07 2.4376E-08 1.6162E-07 5.59E-07 1.95E-06   0.320 0.6000 5.0929E-06   1594.217
19800.00 0.72595155 0.0000E+00            0.0000E+00 5.5877E-08 7.1479E-09 1.0567E-07 2.4326E-08 1.6154E-07 5.58E-07 1.95E-06   0.320 0.6000 5.0918E-06   1594.843
19810.00 0.72446519 0.0000E+00            0.0000E+00 5.8191E-08 7.4723E-09 1.0991E-07 2.5294E-08 1.6810E-07 5.81E-07 2.04E-06   0.322 0.6000 5.3405E-06   1599.076
19820.00 0.72149724 0.0000E+00            0.0000E+00 5.4622E-08 7.0769E-09 1.0304E-07 2.3725E-08 1.5766E-07 5.45E-07 1.94E-06   0.326 0.6000 5.0959E-06   1594.011
19830.00 0.71958202 0.0000E+00            0.0000E+00 4.8878E-08 6.3781E-09 9.2075E-08 2.1209E-08 1.4095E-07 4.87E-07 1.76E-06   0.329 0.6000 4.6168E-06   1584.760
19840.00 0.71849233 0.0000E+00            0.0000E+00 4.9203E-08 6.4439E-09 9.2564E-08 2.1321E-08 1.4177E-07 4.89E-07 1.78E-06   0.331 0.6000 4.6739E-06   1585.934
19850.00 0.71793365 0.0000E+00            0.0000E+00 5.2695E-08 6.8996E-09 9.9004E-08 2.2777E-08 1.5170E-07 5.23E-07 1.90E-06   0.331 0.6000 5.0032E-06   1592.590
19860.00 0.72025096 0.0000E+00            0.0000E+00 5.5854E-08 7.2377E-09 1.0486E-07 2.4045E-08 1.6071E-07 5.52E-07 1.98E-06   0.328 0.6000 5.2060E-06   1598.401
19870.00 0.72313195 0.0000E+00            0.0000E+00 5.7074E-08 7.3168E-09 1.0710E-07 2.4491E-08 1.6417E-07 5.62E-07 1.99E-06   0.324 0.6000 5.2178E-06   1600.979
19880.00 0.72384053 0.0000E+00            0.0000E+00 5.6059E-08 7.1646E-09 1.0511E-07 2.4002E-08 1.6116E-07 5.51E-07 1.95E-06   0.323 0.6000 5.0970E-06   1599.993
19890.00 0.72439796 0.0000E+00            0.0000E+00 5.5409E-08 7.0594E-09 1.0379E-07 2.3666E-08 1.5920E-07 5.43E-07 1.92E-06   0.322 0.6000 5.0081E-06   1599.563
19900.00 0.72516274 0.0000E+00            0.0000E+00 5.5422E-08 7.0318E-09 1.0371E-07 2.3610E-08 1.5913E-07 5.42E-07 1.90E-06   0.321 0.6000 4.9690E-06   1600.198
19910.00 0.72498637 0.0000E+00            0.0000E+00 5.4779E-08 6.9461E-09 1.0240E-07 2.3285E-08 1.5718E-07 5.34E-07 1.88E-06   0.322 0.6000 4.9037E-06   1599.762
19920.00 0.72452337 0.0000E+00            0.0000E+00 5.4446E-08 6.9077E-09 1.0166E-07 2.3095E-08 1.5611E-07 5.30E-07 1.87E-06   0.322 0.6000 4.8767E-06   1599.821
19930.00 0.72465765 0.0000E+00            0.0000E+00 5.4470E-08 6.8998E-09 1.0161E-07 2.3054E-08 1.5608E-07 5.29E-07 1.86E-06   0.322 0.6000 4.8634E-06   1600.472
19940.00 0.72504520 0.0000E+00            0.0000E+00 5.4190E-08 6.8466E-09 1.0099E-07 2.2881E-08 1.5518E-07 5.25E-07 1.85E-06   0.322 0.6000 4.8147E-06   1600.623
19950.00 0.72518766 0.0000E+00            0.0000E+00 5.5672E-08 7.0217E-09 1.0364E-07 2.3452E-08 1.5931E-07 5.38E-07 1.89E-06   0.321 0.6000 4.9299E-06   1603.643
19960.00 0.72515917 0.0000E+00            0.0000E+00 5.5845E-08 7.0368E-09 1.0386E-07 2.3476E-08 1.5971E-07 5.39E-07 1.89E-06   0.321 0.6000 4.9354E-06   1604.534
19970.00 0.72508836 0.0000E+00            0.0000E+00 5.3878E-08 6.7830E-09 1.0010E-07 2.2599E-08 1.5398E-07 5.19E-07 1.82E-06   0.321 0.6000 4.7521E-06   1601.933
19980.00 0.72497731 0.0000E+00            0.0000E+00 5.3484E-08 6.7283E-09 9.9260E-08 2.2384E-08 1.5274E-07 5.14E-07 1.81E-06   0.322 0.6000 4.7093E-06   1601.885
19990.00 0.72485304 0.0000E+00            0.0000E+00 5.3812E-08 6.7651E-09 9.9765E-08 2.2473E-08 1.5358E-07 5.16E-07 1.81E-06   0.322 0.6000 4.7311E-06   1603.038
20000.00 0.72477788 0.0000E+00            0.0000E+00 5.6274E-08 7.0685E-09 1.0422E-07 2.3448E-08 1.6049E-07 5.38E-07 1.89E-06   0.322 0.6000 4.9385E-06   1607.651
20010.00 0.72466016 0.0000E+00            0.0000E+00 5.9062E-08 7.4141E-09 1.0927E-07 2.4559E-08 1.6833E-07 5.64E-07 1.98E-06   0.322 0.6000 5.1763E-06   1612.619
20020.00 0.72450072 0.0000E+00            0.0000E+00 5.8392E-08 7.3261E-09 1.0792E-07 2.4230E-08 1.6631E-07 5.56E-07 1.96E-06   0.322 0.6000 5.1121E-06   1612.198
20030.00 0.72434849 0.0000E+00            0.0000E+00 5.8155E-08 7.2919E-09 1.0737E-07 2.4077E-08 1.6552E-07 5.53E-07 1.95E-06   0.322 0.6000 5.0856E-06   1612.438
20040.00 0.72422355 0.0000E+00            0.0000E+00 5.8542E-08 7.3356E-09 1.0797E-07 2.4187E-08 1.6651E-07 5.55E-07 1.96E-06   0.323 0.6000 5.1132E-06   1613.647
20050.00 0.72409844 0.0000E+00            0.0000E+00 5.5106E-08 6.9007E-09 1.0153E-07 2.2720E-08 1.5664E-07 5.21E-07 1.84E-06   0.323 0.6000 4.8074E-06   1608.813
20060.00 0.72395718 0.0000E+00            0.0000E+00 5.1886E-08 6.4933E-09 9.5493E-08 2.1344E-08 1.4738E-07 4.90E-07 1.73E-06   0.323 0.6000 4.5211E-06   1604.031
20070.00 0.72383058 0.0000E+00            0.0000E+00 5.3315E-08 6.6676E-09 9.8016E-08 2.1882E-08 1.5133E-07 5.02E-07 1.78E-06   0.323 0.6000 4.6403E-06   1607.060
20080.00 0.72371107 0.0000E+00            0.0000E+00 5.6547E-08 7.0670E-09 1.0385E-07 2.3158E-08 1.6040E-07 5.32E-07 1.88E-06   0.323 0.6000 4.9170E-06   1612.949
20090.00 0.72356772 0.0000E+00            0.0000E+00 5.9664E-08 7.4524E-09 1.0946E-07 2.4383E-08 1.6913E-07 5.60E-07 1.98E-06   0.324 0.6000 5.1845E-06   1618.406
20100.00 0.72340578 0.0000E+00            0.0000E+00 6.0968E-08 7.6115E-09 1.1174E-07 2.4865E-08 1.7271E-07 5.71E-07 2.02E-06   0.324 0.6000 5.2953E-06   1620.979
20110.00 0.72324038 0.0000E+00            0.0000E+00 5.9319E-08 7.4022E-09 1.0861E-07 2.4142E-08 1.6793E-07 5.54E-07 1.97E-06   0.324 0.6000 5.1500E-06   1619.103
20120.00 0.72306436 0.0000E+00            0.0000E+00 5.7129E-08 7.1257E-09 1.0449E-07 2.3201E-08 1.6162E-07 5.33E-07 1.89E-06   0.324 0.6000 4.9576E-06   1616.310
20130.00 0.72288901 0.0000E+00            0.0000E+00 5.7728E-08 7.1970E-09 1.0547E-07 2.3393E-08 1.6320E-07 5.37E-07 1.91E-06   0.324 0.6000 5.0061E-06   1617.857
20140.00 0.72273201 0.0000E+00            0.0000E+00 6.0864E-08 7.5839E-09 1.1109E-07 2.4610E-08 1.7195E-07 5.65E-07 2.01E-06   0.325 0.6000 5.2731E-06   1623.262
20150.00 0.72257853 0.0000E+00            0.0000E+00 6.1709E-08 7.6851E-09 1.1252E-07 2.4901E-08 1.7423E-07 5.72E-07 2.03E-06   0.325 0.6000 5.3415E-06   1625.129
20160.00 0.72241908 0.0000E+00            0.0000E+00 5.8735E-08 7.3110E-09 1.0699E-07 2.3652E-08 1.6572E-07 5.43E-07 1.93E-06   0.325 0.6000 5.0800E-06   1621.252
20170.00 0.72225946 0.0000E+00            0.0000E+00 5.7575E-08 7.1627E-09 1.0476E-07 2.3131E-08 1.6233E-07 5.31E-07 1.89E-06   0.325 0.6000 4.9754E-06   1620.050
20180.00 0.72209966 0.0000E+00            0.0000E+00 6.0238E-08 7.4899E-09 1.0949E-07 2.4148E-08 1.6972E-07 5.54E-07 1.98E-06   0.326 0.6000 5.2008E-06   1624.757
20190.00 0.72193843 0.0000E+00            0.0000E+00 6.2088E-08 7.7161E-09 1.1274E-07 2.4839E-08 1.7482E-07 5.70E-07 2.04E-06   0.326 0.6000 5.3563E-06   1628.124
20200.00 0.72177464 0.0000E+00            0.0000E+00 6.1764E-08 7.6718E-09 1.1203E-07 2.4656E-08 1.7379E-07 5.66E-07 2.02E-06   0.326 0.6000 5.3253E-06   1628.256
20210.00 0.72161019 0.0000E+00            0.0000E+00 6.1426E-08 7.6259E-09 1.1130E-07 2.4468E-08 1.7273E-07 5.62E-07 2.01E-06   0.326 0.6000 5.2939E-06   1628.364
20220.00 0.72144395 0.0000E+00            0.0000E+00 6.1791E-08 7.6673E-09 1.1184E-07 2.4560E-08 1.7363E-07 5.64E-07 2.02E-06   0.327 0.6000 5.3222E-06   1629.513
20230.00 0.72127658 0.0000E+00            0.0000E+00 6.0098E-08 7.4537E-09 1.0867E-07 2.3838E-08 1.6877E-07 5.47E-07 1.96E-06   0.327 0.6000 5.1726E-06   1627.592
20240.00 0.72111231 0.0000E+00            0.0000E+00 5.6839E-08 7.0456E-09 1.0267E-07 2.2495E-08 1.5950E-07 5.16E-07 1.85E-06   0.327 0.6000 4.8877E-06   1623.138
20250.00 0.72094965 0.0000E+00            0.0000E+00 5.6100E-08 6.9502E-09 1.0122E-07 2.2153E-08 1.5732E-07 5.08E-07 1.83E-06   0.327 0.6000 4.8198E-06   1622.559
20260.00 0.72078550 0.0000E+00            0.0000E+00 5.7848E-08 7.1629E-09 1.0426E-07 2.2793E-08 1.6211E-07 5.23E-07 1.88E-06   0.327 0.6000 4.9659E-06   1625.943
20270.00 0.72062033 0.0000E+00            0.0000E+00 6.0161E-08 7.4453E-09 1.0832E-07 2.3653E-08 1.6848E-07 5.43E-07 1.95E-06   0.328 0.6000 5.1598E-06   1630.114
20280.00 0.72044808 0.0000E+00            0.0000E+00 6.1527E-08 7.6107E-09 1.1066E-07 2.4138E-08 1.7219E-07 5.54E-07 2.00E-06   0.328 0.6000 5.2725E-06   1632.772
20290.00 0.72027320 0.0000E+00            0.0000E+00 6.0369E-08 7.4640E-09 1.0847E-07 2.3634E-08 1.6884E-07 5.42E-07 1.96E-06   0.328 0.6000 5.1701E-06   1631.647
20300.00 0.72010362 0.0000E+00            0.0000E+00 5.7532E-08 7.1096E-09 1.0326E-07 2.2475E-08 1.6079E-07 5.16E-07 1.86E-06   0.328 0.6000 4.9246E-06   1627.875
20310.00 0.71994090 0.0000E+00            0.0000E+00 5.4205E-08 6.6950E-09 9.7190E-08 2.1130E-08 1.5140E-07 4.85E-07 1.75E-06   0.329 0.6000 4.6367E-06   1623.095
20320.00 0.71979111 0.0000E+00            0.0000E+00 5.1715E-08 6.3836E-09 9.2625E-08 2.0114E-08 1.4434E-07 4.62E-07 1.67E-06   0.329 0.6000 4.4194E-06   1619.468
20330.00 0.71963835 0.0000E+00            0.0000E+00 5.4364E-08 6.7064E-09 9.7259E-08 2.1094E-08 1.5162E-07 4.84E-07 1.75E-06   0.329 0.6000 4.6415E-06   1624.562
20340.00 0.71946067 0.0000E+00            0.0000E+00 5.8137E-08 7.1687E-09 1.0391E-07 2.2513E-08 1.6204E-07 5.17E-07 1.87E-06   0.329 0.6000 4.9612E-06   1631.249
20350.00 0.71925193 0.0000E+00            0.0000E+00 5.6577E-08 6.9741E-09 1.0102E-07 2.1864E-08 1.5759E-07 5.02E-07 1.82E-06   0.330 0.6000 4.8267E-06   1629.389
20360.00 0.71905005 0.0000E+00            0.0000E+00 5.5181E-08 6.7993E-09 9.8416E-08 2.1276E-08 1.5360E-07 4.88E-07 1.77E-06   0.330 0.6000 4.7061E-06   1627.729
20370.00 0.71889436 0.0000E+00            0.0000E+00 5.8076E-08 7.1521E-09 1.0347E-07 2.2343E-08 1.6154E-07 5.13E-07 1.86E-06   0.330 0.6000 4.9508E-06   1632.972
20380.00 0.71873212 0.0000E+00            0.0000E+00 6.0087E-08 7.3962E-09 1.0695E-07 2.3069E-08 1.6703E-07 5.29E-07 1.92E-06   0.330 0.6000 5.1213E-06   1636.687
20390.00 0.71854979 0.0000E+00            0.0000E+00 5.9820E-08 7.3601E-09 1.0636E-07 2.2917E-08 1.6618E-07 5.26E-07 1.91E-06   0.331 0.6000 5.0981E-06   1636.887
20400.00 0.71839184 0.0000E+00            0.0000E+00 6.0983E-08 7.4991E-09 1.0831E-07 2.3311E-08 1.6930E-07 5.35E-07 1.95E-06   0.331 0.6000 5.1951E-06   1639.255
20410.00 0.71818954 0.0000E+00            0.0000E+00 6.2769E-08 7.7162E-09 1.1137E-07 2.3944E-08 1.7414E-07 5.50E-07 2.00E-06   0.331 0.6000 5.3465E-06   1642.511
20420.00 0.71793813 0.0000E+00            0.0000E+00 6.1529E-08 7.5626E-09 1.0906E-07 2.3423E-08 1.7059E-07 5.38E-07 1.96E-06   0.331 0.6000 5.2423E-06   1641.290
20430.00 0.71770263 0.0000E+00            0.0000E+00 5.6429E-08 6.9341E-09 9.9918E-08 2.1437E-08 1.5635E-07 4.92E-07 1.80E-06   0.332 0.6000 4.8085E-06   1634.001
20440.00 0.71748668 0.0000E+00            0.0000E+00 5.2795E-08 6.4855E-09 9.3379E-08 2.0011E-08 1.4617E-07 4.59E-07 1.68E-06   0.332 0.6000 4.4988E-06   1628.578
20450.00 0.71737319 0.0000E+00            0.0000E+00 5.3777E-08 6.6012E-09 9.5015E-08 2.0337E-08 1.4879E-07 4.67E-07 1.71E-06   0.332 0.6000 4.5793E-06   1630.845
20460.00 0.71728319 0.0000E+00            0.0000E+00 5.6122E-08 6.8833E-09 9.9055E-08 2.1177E-08 1.5518E-07 4.86E-07 1.78E-06   0.332 0.6000 4.7732E-06   1635.318
20470.00 0.71711230 0.0000E+00            0.0000E+00 5.7912E-08 7.0990E-09 1.0211E-07 2.1804E-08 1.6002E-07 5.00E-07 1.84E-06   0.333 0.6000 4.9180E-06   1638.780
20480.00 0.71695316 0.0000E+00            0.0000E+00 5.8809E-08 7.2045E-09 1.0358E-07 2.2093E-08 1.6239E-07 5.07E-07 1.86E-06   0.333 0.6000 4.9849E-06   1640.789
20490.00 0.71678382 0.0000E+00            0.0000E+00 5.8525E-08 7.1657E-09 1.0297E-07 2.1938E-08 1.6150E-07 5.04E-07 1.85E-06   0.333 0.6000 4.9544E-06   1640.954
20500.00 0.71659434 0.0000E+00            0.0000E+00 5.7364E-08 7.0205E-09 1.0082E-07 2.1456E-08 1.5819E-07 4.92E-07 1.81E-06   0.333 0.6000 4.8530E-06   1639.732
20510.00 0.71643257 0.0000E+00            0.0000E+00 5.5165E-08 6.7481E-09 9.6859E-08 2.0589E-08 1.5202E-07 4.73E-07 1.74E-06   0.333 0.6000 4.6646E-06   1636.782
20520.00 0.71624017 0.0000E+00            0.0000E+00 5.3366E-08 6.5256E-09 9.3602E-08 1.9874E-08 1.4697E-07 4.56E-07 1.68E-06   0.334 0.6000 4.5115E-06   1634.381
20530.00 0.71605194 0.0000E+00            0.0000E+00 5.4373E-08 6.6457E-09 9.5265E-08 2.0204E-08 1.4964E-07 4.64E-07 1.71E-06   0.334 0.6000 4.5952E-06   1636.676
20540.00 0.71593827 0.0000E+00            0.0000E+00 5.4827E-08 6.6966E-09 9.5967E-08 2.0330E-08 1.5079E-07 4.67E-07 1.72E-06   0.334 0.6000 4.6308E-06   1638.040
20550.00 0.71585315 0.0000E+00            0.0000E+00 5.0231E-08 6.1306E-09 8.7839E-08 1.8588E-08 1.3807E-07 4.27E-07 1.58E-06   0.334 0.6000 4.2399E-06   1630.737
20560.00 0.71575743 0.0000E+00            0.0000E+00 4.3453E-08 5.2993E-09 7.5908E-08 1.6044E-08 1.1936E-07 3.68E-07 1.36E-06   0.334 0.6000 3.6650E-06   1618.403
20570.00 0.71555418 0.0000E+00            0.0000E+00 4.3949E-08 5.3574E-09 7.6678E-08 1.6186E-08 1.2063E-07 3.71E-07 1.37E-06   0.335 0.6000 3.7060E-06   1619.996
20580.00 0.71521878 0.0000E+00            0.0000E+00 5.0722E-08 6.1839E-09 8.8404E-08 1.8642E-08 1.3913E-07 4.28E-07 1.59E-06   0.335 0.6000 4.2803E-06   1633.410
20590.00 0.71491843 0.0000E+00            0.0000E+00 5.4755E-08 6.6755E-09 9.5341E-08 2.0085E-08 1.5010E-07 4.61E-07 1.71E-06   0.336 0.6000 4.6224E-06   1640.942
20600.00 0.71467811 0.0000E+00            0.0000E+00 5.6831E-08 6.9270E-09 9.8851E-08 2.0801E-08 1.5568E-07 4.77E-07 1.77E-06   0.336 0.6000 4.7982E-06   1644.935
20610.00 0.71442997 0.0000E+00            0.0000E+00 5.7600E-08 7.0194E-09 1.0009E-07 2.1039E-08 1.5769E-07 4.83E-07 1.80E-06   0.336 0.6000 4.8644E-06   1646.771
20620.00 0.71430802 0.0000E+00            0.0000E+00 5.7729E-08 7.0301E-09 1.0021E-07 2.1039E-08 1.5793E-07 4.83E-07 1.80E-06   0.336 0.6000 4.8720E-06   1647.580
20630.00 0.71431535 0.0000E+00            0.0000E+00 5.8629E-08 7.1314E-09 1.0167E-07 2.1319E-08 1.6030E-07 4.89E-07 1.82E-06   0.336 0.6000 4.9406E-06   1649.605
20640.00 0.71426928 0.0000E+00            0.0000E+00 5.7958E-08 7.0433E-09 1.0040E-07 2.1030E-08 1.5836E-07 4.83E-07 1.80E-06   0.336 0.6000 4.8789E-06   1649.159
20650.00 0.71415925 0.0000E+00            0.0000E+00 5.6926E-08 6.9128E-09 9.8513E-08 2.0609E-08 1.5544E-07 4.73E-07 1.76E-06   0.337 0.6000 4.7884E-06   1648.120
20660.00 0.71403146 0.0000E+00            0.0000E+00 5.7757E-08 7.0088E-09 9.9846E-08 2.0862E-08 1.5760E-07 4.79E-07 1.79E-06   0.337 0.6000 4.8547E-06   1650.050
20670.00 0.71387535 0.0000E+00            0.0000E+00 5.9708E-08 7.2415E-09 1.0311E-07 2.1520E-08 1.6282E-07 4.94E-07 1.84E-06   0.337 0.6000 5.0164E-06   1653.706
20680.00 0.71368021 0.0000E+00            0.0000E+00 6.0415E-08 7.3246E-09 1.0423E-07 2.1729E-08 1.6465E-07 4.99E-07 1.86E-06   0.337 0.6000 5.0760E-06   1655.398
20690.00 0.71346360 0.0000E+00            0.0000E+00 5.9703E-08 7.2361E-09 1.0290E-07 2.1428E-08 1.6260E-07 4.92E-07 1.84E-06   0.338 0.6000 5.0182E-06   1654.914
20700.00 0.71325743 0.0000E+00            0.0000E+00 6.0062E-08 7.2774E-09 1.0341E-07 2.1510E-08 1.6347E-07 4.94E-07 1.85E-06   0.338 0.6000 5.0499E-06   1656.073
20710.00 0.71306044 0.0000E+00            0.0000E+00 6.1031E-08 7.3921E-09 1.0497E-07 2.1811E-08 1.6600E-07 5.01E-07 1.88E-06   0.338 0.6000 5.1319E-06   1658.157
20720.00 0.71285415 0.0000E+00            0.0000E+00 6.0680E-08 7.3471E-09 1.0427E-07 2.1640E-08 1.6495E-07 4.97E-07 1.86E-06   0.338 0.6000 5.1031E-06   1658.233
20730.00 0.71263504 0.0000E+00            0.0000E+00 6.0371E-08 7.3077E-09 1.0363E-07 2.1484E-08 1.6400E-07 4.93E-07 1.85E-06   0.339 0.6000 5.0791E-06   1658.370
20740.00 0.71240067 0.0000E+00            0.0000E+00 6.0705E-08 7.3467E-09 1.0410E-07 2.1557E-08 1.6480E-07 4.95E-07 1.86E-06   0.339 0.6000 5.1102E-06   1659.487
20750.00 0.71215266 0.0000E+00            0.0000E+00 6.0684E-08 7.3432E-09 1.0396E-07 2.1506E-08 1.6464E-07 4.94E-07 1.86E-06   0.339 0.6000 5.1115E-06   1660.065
20760.00 0.71190679 0.0000E+00            0.0000E+00 6.0179E-08 7.2809E-09 1.0299E-07 2.1283E-08 1.6317E-07 4.88E-07 1.84E-06   0.340 0.6000 5.0706E-06   1659.903
20770.00 0.71166879 0.0000E+00            0.0000E+00 5.9156E-08 7.1559E-09 1.0114E-07 2.0877E-08 1.6030E-07 4.79E-07 1.81E-06   0.340 0.6000 4.9847E-06   1658.932
20780.00 0.71142083 0.0000E+00            0.0000E+00 5.8602E-08 7.0878E-09 1.0010E-07 2.0638E-08 1.5870E-07 4.74E-07 1.79E-06   0.340 0.6000 4.9386E-06   1658.673
20790.00 0.71115547 0.0000E+00            0.0000E+00 5.8731E-08 7.1028E-09 1.0022E-07 2.0641E-08 1.5895E-07 4.74E-07 1.80E-06   0.341 0.6000 4.9511E-06   1659.484
20800.00 0.71088475 0.0000E+00            0.0000E+00 5.8912E-08 7.1244E-09 1.0043E-07 2.0662E-08 1.5934E-07 4.74E-07 1.80E-06   0.341 0.6000 4.9687E-06   1660.376
20810.00 0.71061641 0.0000E+00            0.0000E+00 5.9001E-08 7.1349E-09 1.0049E-07 2.0651E-08 1.5949E-07 4.74E-07 1.80E-06   0.342 0.6000 4.9789E-06   1661.125
20820.00 0.71034110 0.0000E+00            0.0000E+00 5.8301E-08 7.0502E-09 9.9201E-08 2.0365E-08 1.5750E-07 4.67E-07 1.78E-06   0.342 0.6000 4.9229E-06   1660.636
20830.00 0.71004772 0.0000E+00            0.0000E+00 5.8081E-08 7.0241E-09 9.8730E-08 2.0246E-08 1.5681E-07 4.65E-07 1.77E-06   0.342 0.6000 4.9093E-06   1660.896
20840.00 0.70974362 0.0000E+00            0.0000E+00 5.9551E-08 7.2029E-09 1.0113E-07 2.0717E-08 1.6068E-07 4.75E-07 1.82E-06   0.343 0.6000 5.0396E-06   1663.811
20850.00 0.70944589 0.0000E+00            0.0000E+00 5.9787E-08 7.2321E-09 1.0144E-07 2.0759E-08 1.6123E-07 4.76E-07 1.82E-06   0.343 0.6000 5.0636E-06   1664.788
20860.00 0.70915580 0.0000E+00            0.0000E+00 5.8028E-08 7.0196E-09 9.8364E-08 2.0107E-08 1.5639E-07 4.61E-07 1.77E-06   0.344 0.6000 4.9161E-06   1662.645
20870.00 0.70886266 0.0000E+00            0.0000E+00 5.6693E-08 6.8582E-09 9.6006E-08 1.9604E-08 1.5270E-07 4.50E-07 1.73E-06   0.344 0.6000 4.8028E-06   1661.110
20880.00 0.70856267 0.0000E+00            0.0000E+00 5.6725E-08 6.8626E-09 9.5968E-08 1.9574E-08 1.5269E-07 4.49E-07 1.73E-06   0.345 0.6000 4.8063E-06   1661.770
20890.00 0.70826334 0.0000E+00            0.0000E+00 5.7921E-08 7.0078E-09 9.7896E-08 1.9945E-08 1.5582E-07 4.58E-07 1.76E-06   0.345 0.6000 4.9101E-06   1664.299
20900.00 0.70797050 0.0000E+00            0.0000E+00 5.9285E-08 7.1732E-09 1.0011E-07 2.0374E-08 1.5939E-07 4.68E-07 1.80E-06   0.345 0.6000 5.0290E-06   1667.057
20910.00 0.70768756 0.0000E+00            0.0000E+00 6.0182E-08 7.2818E-09 1.0152E-07 2.0640E-08 1.6171E-07 4.74E-07 1.83E-06   0.346 0.6000 5.1077E-06   1669.056
20920.00 0.70742625 0.0000E+00            0.0000E+00 6.0493E-08 7.3186E-09 1.0195E-07 2.0703E-08 1.6244E-07 4.75E-07 1.84E-06   0.346 0.6000 5.1352E-06   1670.141
20930.00 0.70718467 0.0000E+00            0.0000E+00 6.0461E-08 7.3132E-09 1.0179E-07 2.0648E-08 1.6225E-07 4.74E-07 1.84E-06   0.346 0.6000 5.1323E-06   1670.699
20940.00 0.70694983 0.0000E+00            0.0000E+00 6.0296E-08 7.2916E-09 1.0142E-07 2.0548E-08 1.6171E-07 4.72E-07 1.83E-06   0.347 0.6000 5.1179E-06   1671.054
20950.00 0.70672643 0.0000E+00            0.0000E+00 5.9727E-08 7.2207E-09 1.0036E-07 2.0310E-08 1.6008E-07 4.66E-07 1.81E-06   0.347 0.6000 5.0688E-06   1670.782
20960.00 0.70654231 0.0000E+00            0.0000E+00 5.8462E-08 7.0644E-09 9.8130E-08 1.9836E-08 1.5659E-07 4.55E-07 1.77E-06   0.347 0.6000 4.9587E-06   1669.406
20970.00 0.70640957 0.0000E+00            0.0000E+00 5.6741E-08 6.8515E-09 9.5138E-08 1.9207E-08 1.5188E-07 4.41E-07 1.71E-06   0.348 0.6000 4.8074E-06   1667.250
20980.00 0.70630676 0.0000E+00            0.0000E+00 5.5723E-08 6.7225E-09 9.3325E-08 1.8817E-08 1.4905E-07 4.32E-07 1.68E-06   0.348 0.6000 4.7145E-06   1666.181
20990.00 0.70621145 0.0000E+00            0.0000E+00 5.6679E-08 6.8313E-09 9.4816E-08 1.9093E-08 1.5149E-07 4.38E-07 1.71E-06   0.348 0.6000 4.7876E-06   1668.343
21000.00 0.70614678 0.0000E+00            0.0000E+00 5.8683E-08 7.0651E-09 9.8056E-08 1.9720E-08 1.5674E-07 4.53E-07 1.76E-06   0.348 0.6000 4.9470E-06   1672.149
21010.00 0.70613462 0.0000E+00            0.0000E+00 5.8992E-08 7.0933E-09 9.8461E-08 1.9775E-08 1.5745E-07 4.54E-07 1.77E-06   0.348 0.6000 4.9608E-06   1673.235
21020.00 0.70611531 0.0000E+00            0.0000E+00 5.8535E-08 7.0291E-09 9.7581E-08 1.9572E-08 1.5612E-07 4.49E-07 1.75E-06   0.348 0.6000 4.9105E-06   1673.108
21030.00 0.70607078 0.0000E+00            0.0000E+00 5.9505E-08 7.1371E-09 9.9081E-08 1.9847E-08 1.5859E-07 4.56E-07 1.78E-06   0.348 0.6000 4.9822E-06   1675.228
21040.00 0.70603627 0.0000E+00            0.0000E+00 6.0683E-08 7.2696E-09 1.0093E-07 2.0190E-08 1.6161E-07 4.63E-07 1.81E-06   0.348 0.6000 5.0711E-06   1677.646
21050.00 0.70598203 0.0000E+00            0.0000E+00 6.0427E-08 7.2307E-09 1.0039E-07 2.0056E-08 1.6081E-07 4.60E-07 1.79E-06   0.348 0.6000 5.0405E-06   1677.850
21060.00 0.70588499 0.0000E+00            0.0000E+00 5.9197E-08 7.0766E-09 9.8228E-08 1.9599E-08 1.5742E-07 4.50E-07 1.75E-06   0.348 0.6000 4.9305E-06   1676.538
21070.00 0.70578557 0.0000E+00            0.0000E+00 5.8582E-08 6.9962E-09 9.7092E-08 1.9347E-08 1.5567E-07 4.44E-07 1.73E-06   0.348 0.6000 4.8718E-06   1676.165
21080.00 0.70571327 0.0000E+00            0.0000E+00 5.8616E-08 6.9931E-09 9.7039E-08 1.9311E-08 1.5566E-07 4.43E-07 1.73E-06   0.349 0.6000 4.8657E-06   1676.817
21090.00 0.70564306 0.0000E+00            0.0000E+00 5.8061E-08 6.9196E-09 9.6012E-08 1.9082E-08 1.5407E-07 4.38E-07 1.71E-06   0.349 0.6000 4.8090E-06   1676.534
21100.00 0.70554835 0.0000E+00            0.0000E+00 5.7336E-08 6.8265E-09 9.4706E-08 1.8797E-08 1.5204E-07 4.31E-07 1.69E-06   0.349 0.6000 4.7378E-06   1675.968
21110.00 0.70542151 0.0000E+00            0.0000E+00 5.7441E-08 6.8330E-09 9.4770E-08 1.8785E-08 1.5221E-07 4.31E-07 1.69E-06   0.349 0.6000 4.7374E-06   1676.733
21120.00 0.70527720 0.0000E+00            0.0000E+00 5.7557E-08 6.8417E-09 9.4857E-08 1.8779E-08 1.5241E-07 4.31E-07 1.69E-06   0.349 0.6000 4.7408E-06   1677.520
21130.00 0.70512658 0.0000E+00            0.0000E+00 5.6943E-08 6.7639E-09 9.3740E-08 1.8535E-08 1.5068E-07 4.25E-07 1.67E-06   0.349 0.6000 4.6851E-06   1677.125
21140.00 0.70494145 0.0000E+00            0.0000E+00 5.6661E-08 6.7265E-09 9.3170E-08 1.8399E-08 1.4983E-07 4.22E-07 1.66E-06   0.350 0.6000 4.6581E-06   1677.263
21150.00 0.70482326 0.0000E+00            0.0000E+00 5.8303E-08 6.9154E-09 9.5762E-08 1.8886E-08 1.5406E-07 4.33E-07 1.70E-06   0.350 0.6000 4.7875E-06   1680.507
21160.00 0.70474774 0.0000E+00            0.0000E+00 5.9778E-08 7.0837E-09 9.8081E-08 1.9320E-08 1.5786E-07 4.43E-07 1.74E-06   0.350 0.6000 4.9028E-06   1683.432
21170.00 0.70455521 0.0000E+00            0.0000E+00 5.9546E-08 7.0527E-09 9.7593E-08 1.9200E-08 1.5714E-07 4.41E-07 1.73E-06   0.350 0.6000 4.8813E-06   1683.669
21180.00 0.70444876 0.0000E+00            0.0000E+00 6.0192E-08 7.1229E-09 9.8541E-08 1.9361E-08 1.5873E-07 4.44E-07 1.75E-06   0.350 0.6000 4.9275E-06   1685.274
21190.00 0.70445663 0.0000E+00            0.0000E+00 6.0022E-08 7.0936E-09 9.8162E-08 1.9262E-08 1.5818E-07 4.42E-07 1.74E-06   0.350 0.6000 4.9029E-06   1685.614
21200.00 0.70436150 0.0000E+00            0.0000E+00 5.8397E-08 6.8952E-09 9.5400E-08 1.8695E-08 1.5380E-07 4.29E-07 1.69E-06   0.350 0.6000 4.7635E-06   1683.660
21210.00 0.70414281 0.0000E+00            0.0000E+00 5.8724E-08 6.9307E-09 9.5823E-08 1.8755E-08 1.5455E-07 4.30E-07 1.70E-06   0.351 0.6000 4.7884E-06   1684.775
21220.00 0.70389199 0.0000E+00            0.0000E+00 5.8469E-08 6.8989E-09 9.5305E-08 1.8632E-08 1.5377E-07 4.28E-07 1.69E-06   0.351 0.6000 4.7676E-06   1684.970
21230.00 0.70377535 0.0000E+00            0.0000E+00 5.6240E-08 6.6306E-09 9.1573E-08 1.7880E-08 1.4781E-07 4.10E-07 1.62E-06   0.351 0.6000 4.5815E-06   1681.964
21240.00 0.70373726 0.0000E+00            0.0000E+00 5.5795E-08 6.5704E-09 9.0747E-08 1.7694E-08 1.4654E-07 4.06E-07 1.60E-06   0.351 0.6000 4.5381E-06   1681.826
21250.00 0.70364052 0.0000E+00            0.0000E+00 5.6227E-08 6.6155E-09 9.1353E-08 1.7790E-08 1.4758E-07 4.08E-07 1.61E-06   0.351 0.6000 4.5682E-06   1683.140
21260.00 0.70341730 0.0000E+00            0.0000E+00 5.6181E-08 6.6074E-09 9.1177E-08 1.7734E-08 1.4736E-07 4.07E-07 1.61E-06   0.352 0.6000 4.5631E-06   1683.662
21270.00 0.70313364 0.0000E+00            0.0000E+00 5.6793E-08 6.6781E-09 9.2065E-08 1.7885E-08 1.4886E-07 4.10E-07 1.63E-06   0.352 0.6000 4.6123E-06   1685.262
21280.00 0.70283347 0.0000E+00            0.0000E+00 5.8210E-08 6.8440E-09 9.4255E-08 1.8289E-08 1.5246E-07 4.20E-07 1.67E-06   0.353 0.6000 4.7274E-06   1688.149
21290.00 0.70261812 0.0000E+00            0.0000E+00 6.0435E-08 7.1025E-09 9.7751E-08 1.8944E-08 1.5819E-07 4.35E-07 1.73E-06   0.353 0.6000 4.9060E-06   1692.249
21300.00 0.70269227 0.0000E+00            0.0000E+00 6.0770E-08 7.1309E-09 9.8197E-08 1.9005E-08 1.5897E-07 4.36E-07 1.73E-06   0.353 0.6000 4.9222E-06   1693.372
21310.00 0.70277148 0.0000E+00            0.0000E+00 5.9158E-08 6.9306E-09 9.5492E-08 1.8455E-08 1.5465E-07 4.24E-07 1.68E-06   0.353 0.6000 4.7805E-06   1691.462
21320.00 0.70263398 0.0000E+00            0.0000E+00 5.8584E-08 6.8581E-09 9.4462E-08 1.8233E-08 1.5305E-07 4.18E-07 1.66E-06   0.353 0.6000 4.7304E-06   1691.152
21330.00 0.70244974 0.0000E+00            0.0000E+00 5.8424E-08 6.8356E-09 9.4103E-08 1.8141E-08 1.5253E-07 4.16E-07 1.66E-06   0.353 0.6000 4.7166E-06   1691.497
21340.00 0.70237583 0.0000E+00            0.0000E+00 5.8204E-08 6.8033E-09 9.3648E-08 1.8030E-08 1.5185E-07 4.14E-07 1.65E-06   0.353 0.6000 4.6942E-06   1691.746
21350.00 0.70234692 0.0000E+00            0.0000E+00 5.7907E-08 6.7608E-09 9.3074E-08 1.7895E-08 1.5098E-07 4.11E-07 1.63E-06   0.353 0.6000 4.6627E-06   1691.871
21360.00 0.70221251 0.0000E+00            0.0000E+00 5.8042E-08 6.7715E-09 9.3189E-08 1.7894E-08 1.5123E-07 4.11E-07 1.64E-06   0.354 0.6000 4.6689E-06   1692.687
21370.00 0.70202011 0.0000E+00            0.0000E+00 5.9928E-08 6.9879E-09 9.6113E-08 1.8432E-08 1.5604E-07 4.23E-07 1.69E-06   0.354 0.6000 4.8187E-06   1696.273
21380.00 0.70183164 0.0000E+00            0.0000E+00 6.0810E-08 7.0870E-09 9.7426E-08 1.8662E-08 1.5824E-07 4.28E-07 1.71E-06   0.354 0.6000 4.8882E-06   1698.245
21390.00 0.70164597 0.0000E+00            0.0000E+00 5.9824E-08 6.9683E-09 9.5743E-08 1.8317E-08 1.5557E-07 4.20E-07 1.68E-06   0.354 0.6000 4.8061E-06   1697.313
21400.00 0.70148557 0.0000E+00            0.0000E+00 5.8513E-08 6.8112E-09 9.3546E-08 1.7874E-08 1.5206E-07 4.10E-07 1.64E-06   0.355 0.6000 4.6953E-06   1695.843
21410.00 0.70137417 0.0000E+00            0.0000E+00 5.5473E-08 6.4518E-09 8.8592E-08 1.6905E-08 1.4406E-07 3.88E-07 1.55E-06   0.355 0.6000 4.4436E-06   1691.473
21420.00 0.70129400 0.0000E+00            0.0000E+00 5.4265E-08 6.3047E-09 8.6564E-08 1.6495E-08 1.4083E-07 3.79E-07 1.52E-06   0.355 0.6000 4.3379E-06   1690.025
21430.00 0.70118606 0.0000E+00            0.0000E+00 5.6653E-08 6.5764E-09 9.0277E-08 1.7179E-08 1.4693E-07 3.94E-07 1.58E-06   0.355 0.6000 4.5222E-06   1694.626
21440.00 0.70103037 0.0000E+00            0.0000E+00 5.8809E-08 6.8222E-09 9.3615E-08 1.7792E-08 1.5242E-07 4.08E-07 1.64E-06   0.355 0.6000 4.6906E-06   1698.712
21450.00 0.70086449 0.0000E+00            0.0000E+00 6.0694E-08 7.0365E-09 9.6511E-08 1.8319E-08 1.5721E-07 4.20E-07 1.69E-06   0.355 0.6000 4.8386E-06   1702.269
21460.00 0.70071006 0.0000E+00            0.0000E+00 6.0263E-08 6.9823E-09 9.5730E-08 1.8149E-08 1.5599E-07 4.17E-07 1.67E-06   0.356 0.6000 4.8029E-06   1702.204
21470.00 0.70055747 0.0000E+00            0.0000E+00 5.7426E-08 6.6492E-09 9.1127E-08 1.7255E-08 1.4855E-07 3.96E-07 1.59E-06   0.356 0.6000 4.5763E-06   1698.291
21480.00 0.70039773 0.0000E+00            0.0000E+00 5.6676E-08 6.5582E-09 8.9838E-08 1.6989E-08 1.4651E-07 3.90E-07 1.57E-06   0.356 0.6000 4.5162E-06   1697.662
21490.00 0.70023692 0.0000E+00            0.0000E+00 5.6604E-08 6.5460E-09 8.9633E-08 1.6929E-08 1.4624E-07 3.89E-07 1.56E-06   0.356 0.6000 4.5099E-06   1698.146
21500.00 0.70007616 0.0000E+00            0.0000E+00 5.5411E-08 6.4041E-09 8.7651E-08 1.6534E-08 1.4306E-07 3.79E-07 1.53E-06   0.357 0.6000 4.4139E-06   1696.760
21510.00 0.69990999 0.0000E+00            0.0000E+00 5.5723E-08 6.4361E-09 8.8047E-08 1.6587E-08 1.4377E-07 3.81E-07 1.54E-06   0.357 0.6000 4.4375E-06   1697.879
21520.00 0.69973791 0.0000E+00            0.0000E+00 5.7725E-08 6.6635E-09 9.1115E-08 1.7143E-08 1.4884E-07 3.93E-07 1.59E-06   0.357 0.6000 4.5965E-06   1701.774
21530.00 0.69956285 0.0000E+00            0.0000E+00 6.0045E-08 6.9275E-09 9.4678E-08 1.7792E-08 1.5472E-07 4.08E-07 1.65E-06   0.357 0.6000 4.7818E-06   1706.069
21540.00 0.69938719 0.0000E+00            0.0000E+00 5.9758E-08 6.8908E-09 9.4131E-08 1.7668E-08 1.5389E-07 4.06E-07 1.64E-06   0.358 0.6000 4.7602E-06   1706.223
21550.00 0.69921780 0.0000E+00            0.0000E+00 5.5900E-08 6.4421E-09 8.7962E-08 1.6490E-08 1.4386E-07 3.78E-07 1.53E-06   0.358 0.6000 4.4529E-06   1700.576
21560.00 0.69905454 0.0000E+00            0.0000E+00 5.4586E-08 6.2864E-09 8.5795E-08 1.6062E-08 1.4038E-07 3.69E-07 1.49E-06   0.358 0.6000 4.3465E-06   1698.953
21570.00 0.69888973 0.0000E+00            0.0000E+00 5.6559E-08 6.5094E-09 8.8802E-08 1.6603E-08 1.4536E-07 3.81E-07 1.55E-06   0.358 0.6000 4.5000E-06   1702.862
21580.00 0.69872397 0.0000E+00            0.0000E+00 5.7044E-08 6.5610E-09 8.9471E-08 1.6707E-08 1.4652E-07 3.83E-07 1.56E-06   0.358 0.6000 4.5322E-06   1704.262
21590.00 0.69855714 0.0000E+00            0.0000E+00 5.6742E-08 6.5218E-09 8.8901E-08 1.6578E-08 1.4564E-07 3.80E-07 1.55E-06   0.359 0.6000 4.5014E-06   1704.363
21600.00 0.69838762 0.0000E+00            0.0000E+00 5.7103E-08 6.5591E-09 8.9369E-08 1.6644E-08 1.4647E-07 3.82E-07 1.55E-06   0.359 0.6000 4.5256E-06   1705.553
21610.00 0.69821578 0.0000E+00            0.0000E+00 5.7753E-08 6.6297E-09 9.0291E-08 1.6793E-08 1.4804E-07 3.85E-07 1.57E-06   0.359 0.6000 4.5743E-06   1707.213
21620.00 0.69804424 0.0000E+00            0.0000E+00 5.8811E-08 6.7470E-09 9.1846E-08 1.7061E-08 1.5066E-07 3.92E-07 1.60E-06   0.359 0.6000 4.6558E-06   1709.515
21630.00 0.69787621 0.0000E+00            0.0000E+00 5.8329E-08 6.6877E-09 9.1000E-08 1.6883E-08 1.4933E-07 3.87E-07 1.58E-06   0.360 0.6000 4.6162E-06   1709.344
21640.00 0.69771206 0.0000E+00            0.0000E+00 5.5892E-08 6.4043E-09 8.7106E-08 1.6140E-08 1.4300E-07 3.70E-07 1.51E-06   0.360 0.6000 4.4223E-06   1705.945
21650.00 0.69754440 0.0000E+00            0.0000E+00 5.5670E-08 6.3747E-09 8.6663E-08 1.6036E-08 1.4233E-07 3.68E-07 1.50E-06   0.360 0.6000 4.4035E-06   1706.168
21660.00 0.69737250 0.0000E+00            0.0000E+00 5.7346E-08 6.5627E-09 8.9179E-08 1.6480E-08 1.4653E-07 3.78E-07 1.55E-06   0.360 0.6000 4.5347E-06   1709.544
21670.00 0.69719863 0.0000E+00            0.0000E+00 5.7208E-08 6.5431E-09 8.8872E-08 1.6403E-08 1.4608E-07 3.76E-07 1.54E-06   0.361 0.6000 4.5229E-06   1709.918
21680.00 0.69702464 0.0000E+00            0.0000E+00 5.7984E-08 6.6278E-09 8.9979E-08 1.6585E-08 1.4796E-07 3.81E-07 1.56E-06   0.361 0.6000 4.5832E-06   1711.780
21690.00 0.69685292 0.0000E+00            0.0000E+00 6.0055E-08 6.8603E-09 9.3095E-08 1.7138E-08 1.5315E-07 3.93E-07 1.61E-06   0.361 0.6000 4.7441E-06   1715.683
21700.00 0.69668239 0.0000E+00            0.0000E+00 5.9126E-08 6.7501E-09 9.1560E-08 1.6834E-08 1.5069E-07 3.86E-07 1.59E-06   0.361 0.6000 4.6664E-06   1714.815
21710.00 0.69651139 0.0000E+00            0.0000E+00 5.6895E-08 6.4912E-09 8.8010E-08 1.6160E-08 1.4490E-07 3.71E-07 1.52E-06   0.362 0.6000 4.4856E-06   1711.797
21720.00 0.69634199 0.0000E+00            0.0000E+00 5.5707E-08 6.3516E-09 8.6081E-08 1.5785E-08 1.4179E-07 3.62E-07 1.49E-06   0.362 0.6000 4.3881E-06   1710.418
21730.00 0.69617206 0.0000E+00            0.0000E+00 5.5651E-08 6.3410E-09 8.5901E-08 1.5731E-08 1.4155E-07 3.61E-07 1.49E-06   0.362 0.6000 4.3805E-06   1710.920
21740.00 0.69599915 0.0000E+00            0.0000E+00 5.6464E-08 6.4296E-09 8.7063E-08 1.5923E-08 1.4353E-07 3.65E-07 1.51E-06   0.362 0.6000 4.4410E-06   1712.876
21750.00 0.69581968 0.0000E+00            0.0000E+00 5.6841E-08 6.4686E-09 8.7551E-08 1.5991E-08 1.4439E-07 3.67E-07 1.51E-06   0.363 0.6000 4.4669E-06   1714.099
21760.00 0.69564182 0.0000E+00            0.0000E+00 5.6661E-08 6.4443E-09 8.7180E-08 1.5903E-08 1.4384E-07 3.65E-07 1.51E-06   0.363 0.6000 4.4503E-06   1714.399
21770.00 0.69547427 0.0000E+00            0.0000E+00 5.7016E-08 6.4805E-09 8.7632E-08 1.5964E-08 1.4465E-07 3.66E-07 1.51E-06   0.363 0.6000 4.4774E-06   1715.583
21780.00 0.69530517 0.0000E+00            0.0000E+00 5.8041E-08 6.5930E-09 8.9114E-08 1.6213E-08 1.4716E-07 3.72E-07 1.54E-06   0.363 0.6000 4.5569E-06   1717.859
21790.00 0.69512939 0.0000E+00            0.0000E+00 5.7614E-08 6.5405E-09 8.8366E-08 1.6056E-08 1.4598E-07 3.69E-07 1.53E-06   0.364 0.6000 4.5214E-06   1717.762
21800.00 0.69495440 0.0000E+00            0.0000E+00 5.6008E-08 6.3543E-09 8.5811E-08 1.5572E-08 1.4182E-07 3.57E-07 1.48E-06   0.364 0.6000 4.3933E-06   1715.703
21810.00 0.69478172 0.0000E+00            0.0000E+00 5.4146E-08 6.1393E-09 8.2872E-08 1.5019E-08 1.3702E-07 3.45E-07 1.43E-06   0.364 0.6000 4.2453E-06   1713.133
21820.00 0.69460958 0.0000E+00            0.0000E+00 5.3002E-08 6.0056E-09 8.1032E-08 1.4665E-08 1.3403E-07 3.37E-07 1.40E-06   0.364 0.6000 4.1523E-06   1711.732
21830.00 0.69443917 0.0000E+00            0.0000E+00 5.5071E-08 6.2357E-09 8.4100E-08 1.5200E-08 1.3917E-07 3.49E-07 1.45E-06   0.365 0.6000 4.3097E-06   1715.907
21840.00 0.69427299 0.0000E+00            0.0000E+00 5.8553E-08 6.6255E-09 8.9324E-08 1.6122E-08 1.4788E-07 3.70E-07 1.54E-06   0.365 0.6000 4.5759E-06   1722.274
21850.00 0.69411027 0.0000E+00            0.0000E+00 6.0135E-08 6.7998E-09 9.1641E-08 1.6519E-08 1.5178E-07 3.79E-07 1.58E-06   0.365 0.6000 4.6924E-06   1725.393
21860.00 0.69394433 0.0000E+00            0.0000E+00 5.9000E-08 6.6669E-09 8.9817E-08 1.6168E-08 1.4882E-07 3.71E-07 1.55E-06   0.365 0.6000 4.5978E-06   1724.190
21870.00 0.69376469 0.0000E+00            0.0000E+00 5.8018E-08 6.5518E-09 8.8225E-08 1.5860E-08 1.4624E-07 3.64E-07 1.52E-06   0.366 0.6000 4.5178E-06   1723.200
21880.00 0.69358051 0.0000E+00            0.0000E+00 5.9036E-08 6.6629E-09 8.9677E-08 1.6100E-08 1.4871E-07 3.70E-07 1.54E-06   0.366 0.6000 4.5959E-06   1725.442
21890.00 0.69340777 0.0000E+00            0.0000E+00 5.8522E-08 6.6011E-09 8.8807E-08 1.5924E-08 1.4733E-07 3.65E-07 1.53E-06   0.366 0.6000 4.5554E-06   1725.216
21900.00 0.69323891 0.0000E+00            0.0000E+00 5.7880E-08 6.5244E-09 8.7736E-08 1.5710E-08 1.4562E-07 3.61E-07 1.51E-06   0.366 0.6000 4.5041E-06   1724.770
21910.00 0.69306725 0.0000E+00            0.0000E+00 5.9503E-08 6.7030E-09 9.0100E-08 1.6112E-08 1.4960E-07 3.70E-07 1.55E-06   0.367 0.6000 4.6275E-06   1727.984
21920.00 0.69289535 0.0000E+00            0.0000E+00 6.0073E-08 6.7630E-09 9.0869E-08 1.6228E-08 1.5094E-07 3.72E-07 1.56E-06   0.367 0.6000 4.6683E-06   1729.486
21930.00 0.69272232 0.0000E+00            0.0000E+00 5.8281E-08 6.5572E-09 8.8067E-08 1.5708E-08 1.4635E-07 3.61E-07 1.51E-06   0.367 0.6000 4.5265E-06   1727.219
21940.00 0.69254798 0.0000E+00            0.0000E+00 5.5589E-08 6.2504E-09 8.3910E-08 1.4946E-08 1.3950E-07 3.43E-07 1.44E-06   0.367 0.6000 4.3159E-06   1723.356
21950.00 0.69237357 0.0000E+00            0.0000E+00 5.5604E-08 6.2480E-09 8.3838E-08 1.4913E-08 1.3944E-07 3.42E-07 1.44E-06   0.368 0.6000 4.3155E-06   1723.974
21960.00 0.69219983 0.0000E+00            0.0000E+00 5.7725E-08 6.4824E-09 8.6945E-08 1.5445E-08 1.4467E-07 3.54E-07 1.49E-06   0.368 0.6000 4.4783E-06   1728.103
21970.00 0.69202757 0.0000E+00            0.0000E+00 5.6957E-08 6.3923E-09 8.5703E-08 1.5205E-08 1.4266E-07 3.49E-07 1.47E-06   0.368 0.6000 4.4157E-06   1727.439
21980.00 0.69185704 0.0000E+00            0.0000E+00 5.4781E-08 6.1438E-09 8.2338E-08 1.4588E-08 1.3712E-07 3.35E-07 1.41E-06   0.368 0.6000 4.2421E-06   1724.363
21990.00 0.69168228 0.0000E+00            0.0000E+00 5.4610E-08 6.1204E-09 8.1990E-08 1.4506E-08 1.3660E-07 3.33E-07 1.41E-06   0.369 0.6000 4.2242E-06   1724.662
22000.00 0.69149452 0.0000E+00            0.0000E+00 5.5705E-08 6.2395E-09 8.3545E-08 1.4761E-08 1.3925E-07 3.39E-07 1.43E-06   0.369 0.6000 4.3068E-06   1727.128
22010.00 0.69130927 0.0000E+00            0.0000E+00 5.6466E-08 6.3210E-09 8.4597E-08 1.4927E-08 1.4106E-07 3.43E-07 1.45E-06   0.369 0.6000 4.3648E-06   1729.005
22020.00 0.69114292 0.0000E+00            0.0000E+00 5.7846E-08 6.4711E-09 8.6569E-08 1.5255E-08 1.4441E-07 3.50E-07 1.48E-06   0.369 0.6000 4.4710E-06   1731.881
22030.00 0.69097519 0.0000E+00            0.0000E+00 5.7590E-08 6.4385E-09 8.6100E-08 1.5153E-08 1.4369E-07 3.48E-07 1.47E-06   0.370 0.6000 4.4506E-06   1732.063
22040.00 0.69079822 0.0000E+00            0.0000E+00 5.3375E-08 5.9635E-09 7.9716E-08 1.4011E-08 1.3309E-07 3.22E-07 1.36E-06   0.370 0.6000 4.1230E-06   1725.495
22050.00 0.69061261 0.0000E+00            0.0000E+00 5.1124E-08 5.7084E-09 7.6267E-08 1.3386E-08 1.2739E-07 3.07E-07 1.31E-06   0.370 0.6000 3.9469E-06   1722.050
22060.00 0.69042253 0.0000E+00            0.0000E+00 5.1723E-08 5.7719E-09 7.7078E-08 1.3510E-08 1.2880E-07 3.10E-07 1.32E-06   0.370 0.6000 3.9923E-06   1723.733
22070.00 0.69024217 0.0000E+00            0.0000E+00 5.0706E-08 5.6550E-09 7.5484E-08 1.3213E-08 1.2619E-07 3.03E-07 1.29E-06   0.371 0.6000 3.9129E-06   1722.471
22080.00 0.69006890 0.0000E+00            0.0000E+00 5.0187E-08 5.5933E-09 7.4628E-08 1.3045E-08 1.2481E-07 2.99E-07 1.28E-06   0.371 0.6000 3.8707E-06   1722.101
22090.00 0.68990284 0.0000E+00            0.0000E+00 5.2877E-08 5.8890E-09 7.8543E-08 1.3710E-08 1.3142E-07 3.15E-07 1.34E-06   0.371 0.6000 4.0756E-06   1727.583
22100.00 0.68973911 0.0000E+00            0.0000E+00 5.5738E-08 6.2035E-09 8.2707E-08 1.4418E-08 1.3845E-07 3.31E-07 1.41E-06   0.371 0.6000 4.2939E-06   1733.143
22110.00 0.68956858 0.0000E+00            0.0000E+00 5.6662E-08 6.3022E-09 8.3990E-08 1.4622E-08 1.4065E-07 3.36E-07 1.43E-06   0.372 0.6000 4.3619E-06   1735.295
22120.00 0.68939471 0.0000E+00            0.0000E+00 5.6333E-08 6.2614E-09 8.3414E-08 1.4502E-08 1.3975E-07 3.33E-07 1.42E-06   0.372 0.6000 4.3331E-06   1735.340
22130.00 0.68921834 0.0000E+00            0.0000E+00 5.6270E-08 6.2502E-09 8.3229E-08 1.4450E-08 1.3950E-07 3.32E-07 1.42E-06   0.372 0.6000 4.3258E-06   1735.828
22140.00 0.68903542 0.0000E+00            0.0000E+00 5.7600E-08 6.3941E-09 8.5105E-08 1.4756E-08 1.4270E-07 3.39E-07 1.45E-06   0.372 0.6000 4.4268E-06   1738.638
22150.00 0.68884814 0.0000E+00            0.0000E+00 5.8666E-08 6.5088E-09 8.6591E-08 1.4993E-08 1.4526E-07 3.44E-07 1.48E-06   0.373 0.6000 4.5080E-06   1740.979
22160.00 0.68866521 0.0000E+00            0.0000E+00 5.9209E-08 6.5650E-09 8.7299E-08 1.5095E-08 1.4651E-07 3.46E-07 1.49E-06   0.373 0.6000 4.5485E-06   1742.453
22170.00 0.68848819 0.0000E+00            0.0000E+00 6.0317E-08 6.6835E-09 8.8838E-08 1.5341E-08 1.4916E-07 3.52E-07 1.51E-06   0.373 0.6000 4.6316E-06   1744.817
22180.00 0.68831235 0.0000E+00            0.0000E+00 6.1273E-08 6.7850E-09 9.0150E-08 1.5546E-08 1.5142E-07 3.57E-07 1.54E-06   0.374 0.6000 4.7021E-06   1746.917
22190.00 0.68813264 0.0000E+00            0.0000E+00 6.1603E-08 6.8172E-09 9.0539E-08 1.5592E-08 1.5214E-07 3.58E-07 1.54E-06   0.374 0.6000 4.7236E-06   1748.028
22200.00 0.68794572 0.0000E+00            0.0000E+00 6.0525E-08 6.6940E-09 8.8864E-08 1.5283E-08 1.4939E-07 3.51E-07 1.51E-06   0.374 0.6000 4.6375E-06   1746.940
22210.00 0.68776011 0.0000E+00            0.0000E+00 5.8500E-08 6.4659E-09 8.5797E-08 1.4735E-08 1.4430E-07 3.38E-07 1.46E-06   0.374 0.6000 4.4801E-06   1744.290
22220.00 0.68757802 0.0000E+00            0.0000E+00 5.7212E-08 6.3197E-09 8.3819E-08 1.4376E-08 1.4103E-07 3.30E-07 1.43E-06   0.375 0.6000 4.3805E-06   1742.769
22230.00 0.68739039 0.0000E+00            0.0000E+00 5.5029E-08 6.0751E-09 8.0538E-08 1.3795E-08 1.3557E-07 3.17E-07 1.37E-06   0.375 0.6000 4.2132E-06   1739.678
22240.00 0.68718362 0.0000E+00            0.0000E+00 5.3426E-08 5.8950E-09 7.8105E-08 1.3360E-08 1.3153E-07 3.07E-07 1.33E-06   0.375 0.6000 4.0909E-06   1737.477
22250.00 0.68696380 0.0000E+00            0.0000E+00 5.4194E-08 5.9769E-09 7.9141E-08 1.3519E-08 1.3333E-07 3.10E-07 1.35E-06   0.375 0.6000 4.1506E-06   1739.417
22260.00 0.68676287 0.0000E+00            0.0000E+00 5.3338E-08 5.8795E-09 7.7813E-08 1.3275E-08 1.3115E-07 3.05E-07 1.32E-06   0.376 0.6000 4.0855E-06   1738.511
22270.00 0.68656743 0.0000E+00            0.0000E+00 5.2761E-08 5.8125E-09 7.6885E-08 1.3098E-08 1.2965E-07 3.01E-07 1.31E-06   0.376 0.6000 4.0424E-06   1738.076
22280.00 0.68634683 0.0000E+00            0.0000E+00 5.5294E-08 6.0887E-09 8.0489E-08 1.3693E-08 1.3578E-07 3.14E-07 1.37E-06   0.376 0.6000 4.2405E-06   1743.103
22290.00 0.68611312 0.0000E+00            0.0000E+00 5.5836E-08 6.1463E-09 8.1197E-08 1.3797E-08 1.3703E-07 3.17E-07 1.38E-06   0.377 0.6000 4.2863E-06   1744.627
22300.00 0.68591732 0.0000E+00            0.0000E+00 5.2600E-08 5.7869E-09 7.6412E-08 1.2967E-08 1.2901E-07 2.98E-07 1.30E-06   0.377 0.6000 4.0378E-06   1739.574
22310.00 0.68575889 0.0000E+00            0.0000E+00 5.1536E-08 5.6653E-09 7.4780E-08 1.2670E-08 1.2632E-07 2.91E-07 1.27E-06   0.377 0.6000 3.9509E-06   1738.238
22320.00 0.68552119 0.0000E+00            0.0000E+00 5.4554E-08 5.9941E-09 7.9070E-08 1.3378E-08 1.3362E-07 3.07E-07 1.34E-06   0.378 0.6000 4.1768E-06   1744.201
22330.00 0.68524337 0.0000E+00            0.0000E+00 5.6429E-08 6.1982E-09 8.1699E-08 1.3805E-08 1.3813E-07 3.17E-07 1.39E-06   0.378 0.6000 4.3160E-06   1748.003
22340.00 0.68505359 0.0000E+00            0.0000E+00 5.6617E-08 6.2149E-09 8.1884E-08 1.3816E-08 1.3850E-07 3.17E-07 1.39E-06   0.378 0.6000 4.3250E-06   1748.914
22350.00 0.68483573 0.0000E+00            0.0000E+00 5.6110E-08 6.1561E-09 8.1066E-08 1.3660E-08 1.3718E-07 3.14E-07 1.38E-06   0.379 0.6000 4.2834E-06   1748.655
22360.00 0.68453765 0.0000E+00            0.0000E+00 5.3640E-08 5.8837E-09 7.7413E-08 1.3027E-08 1.3105E-07 2.99E-07 1.31E-06   0.379 0.6000 4.0949E-06   1744.978
22370.00 0.68435228 0.0000E+00            0.0000E+00 5.1991E-08 5.6988E-09 7.4948E-08 1.2594E-08 1.2694E-07 2.89E-07 1.27E-06   0.379 0.6000 3.9664E-06   1742.615
22380.00 0.68426609 0.0000E+00            0.0000E+00 5.2639E-08 5.7642E-09 7.5804E-08 1.2719E-08 1.2844E-07 2.92E-07 1.29E-06   0.379 0.6000 4.0122E-06   1744.381
22390.00 0.68394446 0.0000E+00            0.0000E+00 5.2939E-08 5.7973E-09 7.6152E-08 1.2762E-08 1.2909E-07 2.93E-07 1.29E-06   0.380 0.6000 4.0398E-06   1745.510
22400.00 0.68358332 0.0000E+00            0.0000E+00 5.0794E-08 5.5632E-09 7.2984E-08 1.2216E-08 1.2378E-07 2.80E-07 1.24E-06   0.380 0.6000 3.8816E-06   1742.195
22410.00 0.68349570 0.0000E+00            0.0000E+00 4.7588E-08 5.2064E-09 6.8307E-08 1.1417E-08 1.1590E-07 2.62E-07 1.16E-06   0.381 0.6000 3.6333E-06   1736.670
22420.00 0.68321401 0.0000E+00            0.0000E+00 4.6740E-08 5.1116E-09 6.7014E-08 1.1185E-08 1.1375E-07 2.57E-07 1.14E-06   0.381 0.6000 3.5698E-06   1735.576
22430.00 0.68277955 0.0000E+00            0.0000E+00 4.6282E-08 5.0629E-09 6.6282E-08 1.1049E-08 1.1256E-07 2.54E-07 1.13E-06   0.382 0.6000 3.5403E-06   1735.243
22440.00 0.68266076 0.0000E+00            0.0000E+00 4.5982E-08 5.0254E-09 6.5781E-08 1.0950E-08 1.1176E-07 2.51E-07 1.12E-06   0.382 0.6000 3.5160E-06   1735.227
22450.00 0.68265951 0.0000E+00            0.0000E+00 4.8761E-08 5.3225E-09 6.9684E-08 1.1582E-08 1.1845E-07 2.66E-07 1.18E-06   0.382 0.6000 3.7256E-06   1741.309
22460.00 0.68251020 0.0000E+00            0.0000E+00 5.1534E-08 5.6214E-09 7.3572E-08 1.2212E-08 1.2511E-07 2.80E-07 1.25E-06   0.382 0.6000 3.9380E-06   1747.112
22470.00 0.68212879 0.0000E+00            0.0000E+00 5.2339E-08 5.7091E-09 7.4636E-08 1.2372E-08 1.2698E-07 2.84E-07 1.27E-06   0.383 0.6000 4.0026E-06   1749.165
22480.00 0.68190163 0.0000E+00            0.0000E+00 5.3119E-08 5.7903E-09 7.5666E-08 1.2525E-08 1.2878E-07 2.87E-07 1.28E-06   0.383 0.6000 4.0577E-06   1751.158
22490.00 0.68196332 0.0000E+00            0.0000E+00 5.2262E-08 5.6877E-09 7.4375E-08 1.2293E-08 1.2664E-07 2.82E-07 1.26E-06   0.383 0.6000 3.9804E-06   1750.217
22500.00 0.68173903 0.0000E+00            0.0000E+00 4.9183E-08 5.3501E-09 6.9916E-08 1.1539E-08 1.1910E-07 2.65E-07 1.18E-06   0.383 0.6000 3.7430E-06   1745.076
22510.00 0.68153089 0.0000E+00            0.0000E+00 5.0099E-08 5.4463E-09 7.1132E-08 1.1722E-08 1.2123E-07 2.69E-07 1.20E-06   0.383 0.6000 3.8093E-06   1747.398
22520.00 0.68162280 0.0000E+00            0.0000E+00 5.3476E-08 5.8037E-09 7.5855E-08 1.2481E-08 1.2933E-07 2.86E-07 1.28E-06   0.383 0.6000 4.0557E-06   1754.170
22530.00 0.68157637 0.0000E+00            0.0000E+00 5.1993E-08 5.6365E-09 7.3680E-08 1.2106E-08 1.2567E-07 2.78E-07 1.24E-06   0.383 0.6000 3.9380E-06   1752.101
22540.00 0.68140554 0.0000E+00            0.0000E+00 4.8753E-08 5.2813E-09 6.9012E-08 1.1322E-08 1.1777E-07 2.60E-07 1.16E-06   0.384 0.6000 3.6900E-06   1746.617
22550.00 0.68117005 0.0000E+00            0.0000E+00 4.9199E-08 5.3267E-09 6.9562E-08 1.1396E-08 1.1876E-07 2.62E-07 1.17E-06   0.384 0.6000 3.7223E-06   1748.060
22560.00 0.68053854 0.0000E+00            0.0000E+00 5.0167E-08 5.4370E-09 7.0846E-08 1.1593E-08 1.2101E-07 2.66E-07 1.20E-06   0.385 0.6000 3.8049E-06   1750.481
22570.00 0.67970741 0.0000E+00            0.0000E+00 4.9564E-08 5.3818E-09 6.9899E-08 1.1426E-08 1.1946E-07 2.62E-07 1.19E-06   0.386 0.6000 3.7743E-06   1749.914
22580.00 0.67900723 0.0000E+00            0.0000E+00 4.9926E-08 5.4288E-09 7.0314E-08 1.1481E-08 1.2024E-07 2.64E-07 1.20E-06   0.387 0.6000 3.8133E-06   1751.177
22590.00 0.67887139 0.0000E+00            0.0000E+00 5.0435E-08 5.4792E-09 7.0955E-08 1.1569E-08 1.2139E-07 2.66E-07 1.21E-06   0.387 0.6000 3.8478E-06   1752.726
22600.00 0.67954975 0.0000E+00            0.0000E+00 5.0764E-08 5.4921E-09 7.1365E-08 1.1613E-08 1.2213E-07 2.67E-07 1.21E-06   0.386 0.6000 3.8469E-06   1753.950
22610.00 0.68006456 0.0000E+00            0.0000E+00 5.3163E-08 5.7315E-09 7.4676E-08 1.2128E-08 1.2784E-07 2.78E-07 1.26E-06   0.386 0.6000 4.0059E-06   1758.936
22620.00 0.68005282 0.0000E+00            0.0000E+00 5.4971E-08 5.9187E-09 7.7142E-08 1.2510E-08 1.3211E-07 2.87E-07 1.30E-06   0.386 0.6000 4.1346E-06   1762.721
22630.00 0.67982286 0.0000E+00            0.0000E+00 5.1176E-08 5.5079E-09 7.1745E-08 1.1620E-08 1.2292E-07 2.67E-07 1.20E-06   0.386 0.6000 3.8490E-06   1756.514
22640.00 0.67957455 0.0000E+00            0.0000E+00 4.6386E-08 4.9902E-09 6.4953E-08 1.0504E-08 1.1134E-07 2.41E-07 1.09E-06   0.386 0.6000 3.4891E-06   1747.834
22650.00 0.67946869 0.0000E+00            0.0000E+00 4.8198E-08 5.1792E-09 6.7411E-08 1.0884E-08 1.1561E-07 2.50E-07 1.13E-06   0.386 0.6000 3.6219E-06   1752.019
22660.00 0.67943025 0.0000E+00            0.0000E+00 5.2123E-08 5.5945E-09 7.2830E-08 1.1742E-08 1.2495E-07 2.69E-07 1.22E-06   0.387 0.6000 3.9126E-06   1760.023
22670.00 0.67940444 0.0000E+00            0.0000E+00 5.0963E-08 5.4634E-09 7.1143E-08 1.1454E-08 1.2211E-07 2.63E-07 1.19E-06   0.387 0.6000 3.8205E-06   1758.485
22680.00 0.67930275 0.0000E+00            0.0000E+00 4.7226E-08 5.0576E-09 6.5858E-08 1.0587E-08 1.1308E-07 2.43E-07 1.10E-06   0.387 0.6000 3.5365E-06   1751.886
22690.00 0.67913944 0.0000E+00            0.0000E+00 4.4244E-08 4.7346E-09 6.1634E-08 9.8934E-09 1.0588E-07 2.27E-07 1.03E-06   0.387 0.6000 3.3116E-06   1746.362
22700.00 0.67896980 0.0000E+00            0.0000E+00 4.4207E-08 4.7268E-09 6.1511E-08 9.8583E-09 1.0572E-07 2.26E-07 1.03E-06   0.387 0.6000 3.3088E-06   1746.866
22710.00 0.67877764 0.0000E+00            0.0000E+00 4.6236E-08 4.9408E-09 6.4267E-08 1.0286E-08 1.1050E-07 2.36E-07 1.07E-06   0.387 0.6000 3.4622E-06   1751.659
22720.00 0.67857134 0.0000E+00            0.0000E+00 4.7027E-08 5.0226E-09 6.5298E-08 1.0436E-08 1.1232E-07 2.40E-07 1.09E-06   0.388 0.6000 3.5224E-06   1753.843
22730.00 0.67841053 0.0000E+00            0.0000E+00 4.8014E-08 5.1241E-09 6.6595E-08 1.0628E-08 1.1461E-07 2.44E-07 1.11E-06   0.388 0.6000 3.5951E-06   1756.388
22740.00 0.67827696 0.0000E+00            0.0000E+00 4.7678E-08 5.0840E-09 6.6063E-08 1.0528E-08 1.1374E-07 2.42E-07 1.10E-06   0.388 0.6000 3.5683E-06   1756.320
22750.00 0.67811048 0.0000E+00            0.0000E+00 4.6709E-08 4.9768E-09 6.4649E-08 1.0288E-08 1.1136E-07 2.36E-07 1.08E-06   0.388 0.6000 3.4956E-06   1754.973
22760.00 0.67792559 0.0000E+00            0.0000E+00 4.6186E-08 4.9178E-09 6.3858E-08 1.0147E-08 1.1004E-07 2.33E-07 1.06E-06   0.389 0.6000 3.4558E-06   1754.503
22770.00 0.67776114 0.0000E+00            0.0000E+00 4.4541E-08 4.7389E-09 6.1518E-08 9.7612E-09 1.0606E-07 2.24E-07 1.02E-06   0.389 0.6000 3.3300E-06   1751.689
22780.00 0.67760140 0.0000E+00            0.0000E+00 4.4353E-08 4.7149E-09 6.1190E-08 9.6941E-09 1.0554E-07 2.22E-07 1.02E-06   0.389 0.6000 3.3125E-06   1751.879
22790.00 0.67742950 0.0000E+00            0.0000E+00 4.1347E-08 4.3923E-09 5.6988E-08 9.0165E-09 9.8335E-08 2.07E-07 9.48E-07   0.389 0.6000 3.0845E-06   1745.923
22800.00 0.67725527 0.0000E+00            0.0000E+00 3.4515E-08 3.6636E-09 4.7520E-08 7.5069E-09 8.2034E-08 1.72E-07 7.90E-07   0.390 0.6000 2.5702E-06   1729.874
22810.00 0.67707431 0.0000E+00            0.0000E+00 3.6660E-08 3.8873E-09 5.0401E-08 7.9464E-09 8.7061E-08 1.82E-07 8.37E-07   0.390 0.6000 2.7234E-06   1735.956
22820.00 0.67688948 0.0000E+00            0.0000E+00 4.6610E-08 4.9390E-09 6.4016E-08 1.0079E-08 1.1063E-07 2.31E-07 1.06E-06   0.390 0.6000 3.4586E-06   1758.882
22830.00 0.67671400 0.0000E+00            0.0000E+00 5.0317E-08 5.3283E-09 6.9045E-08 1.0857E-08 1.1936E-07 2.49E-07 1.15E-06   0.391 0.6000 3.7313E-06   1766.721
22840.00 0.67653704 0.0000E+00            0.0000E+00 4.6979E-08 4.9713E-09 6.4396E-08 1.0112E-08 1.1137E-07 2.32E-07 1.07E-06   0.391 0.6000 3.4821E-06   1760.811
22850.00 0.67635560 0.0000E+00            0.0000E+00 4.4438E-08 4.6989E-09 6.0845E-08 9.5390E-09 1.0528E-07 2.19E-07 1.01E-06   0.391 0.6000 3.2924E-06   1756.166
22860.00 0.67617625 0.0000E+00            0.0000E+00 4.5425E-08 4.7997E-09 6.2127E-08 9.7251E-09 1.0755E-07 2.23E-07 1.03E-06   0.391 0.6000 3.3642E-06   1758.815
22870.00 0.67599487 0.0000E+00            0.0000E+00 4.7109E-08 4.9740E-09 6.4361E-08 1.0060E-08 1.1147E-07 2.31E-07 1.07E-06   0.392 0.6000 3.4879E-06   1762.833
22880.00 0.67581075 0.0000E+00            0.0000E+00 4.7489E-08 5.0108E-09 6.4813E-08 1.0116E-08 1.1230E-07 2.32E-07 1.07E-06   0.392 0.6000 3.5158E-06   1764.183
22890.00 0.67562586 0.0000E+00            0.0000E+00 4.8898E-08 5.1558E-09 6.6661E-08 1.0389E-08 1.1556E-07 2.38E-07 1.10E-06   0.392 0.6000 3.6203E-06   1767.538
22900.00 0.67544156 0.0000E+00            0.0000E+00 5.1618E-08 5.4389E-09 7.0295E-08 1.0940E-08 1.2191E-07 2.51E-07 1.16E-06   0.392 0.6000 3.8216E-06   1773.279
22910.00 0.67525804 0.0000E+00            0.0000E+00 5.2372E-08 5.5146E-09 7.1248E-08 1.1072E-08 1.2362E-07 2.54E-07 1.18E-06   0.393 0.6000 3.8768E-06   1775.257
22920.00 0.67507458 0.0000E+00            0.0000E+00 5.0876E-08 5.3534E-09 6.9140E-08 1.0729E-08 1.2002E-07 2.46E-07 1.14E-06   0.393 0.6000 3.7654E-06   1773.081
22930.00 0.67489105 0.0000E+00            0.0000E+00 4.9167E-08 5.1698E-09 6.6745E-08 1.0342E-08 1.1591E-07 2.37E-07 1.10E-06   0.393 0.6000 3.6382E-06   1770.418
22940.00 0.67470783 0.0000E+00            0.0000E+00 4.9066E-08 5.1555E-09 6.6534E-08 1.0294E-08 1.1560E-07 2.36E-07 1.10E-06   0.393 0.6000 3.6299E-06   1770.810
22950.00 0.67452437 0.0000E+00            0.0000E+00 4.8266E-08 5.0680E-09 6.5383E-08 1.0101E-08 1.1365E-07 2.32E-07 1.08E-06   0.394 0.6000 3.5702E-06   1769.841
22960.00 0.67433780 0.0000E+00            0.0000E+00 4.3645E-08 4.5798E-09 5.9063E-08 9.1125E-09 1.0271E-07 2.09E-07 9.75E-07   0.394 0.6000 3.2279E-06   1760.935
22970.00 0.67414945 0.0000E+00            0.0000E+00 3.9846E-08 4.1781E-09 5.3860E-08 8.2966E-09 9.3706E-08 1.90E-07 8.89E-07   0.394 0.6000 2.9475E-06   1753.008
22980.00 0.67396635 0.0000E+00            0.0000E+00 4.2073E-08 4.4083E-09 5.6803E-08 8.7360E-09 9.8876E-08 2.01E-07 9.37E-07   0.395 0.6000 3.1130E-06   1758.660
22990.00 0.67378640 0.0000E+00            0.0000E+00 4.5912E-08 4.8072E-09 6.1924E-08 9.5099E-09 1.0784E-07 2.18E-07 1.02E-06   0.395 0.6000 3.3959E-06   1767.457
23000.00 0.67360848 0.0000E+00            0.0000E+00 4.7396E-08 4.9589E-09 6.3858E-08 9.7925E-09 1.1125E-07 2.25E-07 1.05E-06   0.395 0.6000 3.5017E-06   1771.056
23010.00 0.67343265 0.0000E+00            0.0000E+00 4.6175E-08 4.8274E-09 6.2149E-08 9.5165E-09 1.0832E-07 2.18E-07 1.02E-06   0.395 0.6000 3.4064E-06   1769.175
23020.00 0.67325419 0.0000E+00            0.0000E+00 4.0543E-08 4.2355E-09 5.4514E-08 8.3356E-09 9.5057E-08 1.91E-07 8.98E-07   0.396 0.6000 2.9873E-06   1757.551
23030.00 0.67307121 0.0000E+00            0.0000E+00 3.4343E-08 3.5850E-09 4.6125E-08 7.0418E-09 8.0468E-08 1.62E-07 7.59E-07   0.396 0.6000 2.5289E-06   1742.786
23040.00 0.67288566 0.0000E+00            0.0000E+00 3.4971E-08 3.6474E-09 4.6909E-08 7.1487E-09 8.1879E-08 1.64E-07 7.72E-07   0.396 0.6000 2.5746E-06   1745.018
23050.00 0.67270052 0.0000E+00            0.0000E+00 4.2572E-08 4.4369E-09 5.7041E-08 8.6791E-09 9.9613E-08 1.99E-07 9.38E-07   0.396 0.6000 3.1334E-06   1763.858
23060.00 0.67251724 0.0000E+00            0.0000E+00 4.9540E-08 5.1596E-09 6.6312E-08 1.0076E-08 1.1585E-07 2.31E-07 1.09E-06   0.397 0.6000 3.6443E-06   1778.787
23070.00 0.67233509 0.0000E+00            0.0000E+00 5.0907E-08 5.2982E-09 6.8073E-08 1.0329E-08 1.1898E-07 2.37E-07 1.12E-06   0.397 0.6000 3.7422E-06   1781.979
23080.00 0.67215359 0.0000E+00            0.0000E+00 5.0113E-08 5.2115E-09 6.6938E-08 1.0141E-08 1.1705E-07 2.33E-07 1.10E-06   0.397 0.6000 3.6807E-06   1781.065
23090.00 0.67197233 0.0000E+00            0.0000E+00 4.9288E-08 5.1218E-09 6.5766E-08 9.9484E-09 1.1505E-07 2.28E-07 1.08E-06   0.398 0.6000 3.6169E-06   1780.070
23100.00 0.67179132 0.0000E+00            0.0000E+00 4.2782E-08 4.4428E-09 5.7031E-08 8.6158E-09 9.9813E-08 1.98E-07 9.36E-07   0.398 0.6000 3.1369E-06   1767.262
23110.00 0.67161006 0.0000E+00            0.0000E+00 3.3003E-08 3.4246E-09 4.3948E-08 6.6290E-09 7.6951E-08 1.52E-07 7.21E-07   0.398 0.6000 2.4177E-06   1743.787
23120.00 0.67142791 0.0000E+00            0.0000E+00 3.4070E-08 3.5317E-09 4.5303E-08 6.8195E-09 7.9373E-08 1.57E-07 7.43E-07   0.398 0.6000 2.4934E-06   1747.261
23130.00 0.67124450 0.0000E+00            0.0000E+00 4.4372E-08 4.5962E-09 5.8939E-08 8.8588E-09 1.0331E-07 2.03E-07 9.66E-07   0.399 0.6000 3.2460E-06   1772.436
23140.00 0.67106307 0.0000E+00            0.0000E+00 5.1122E-08 5.2919E-09 6.7840E-08 1.0183E-08 1.1896E-07 2.34E-07 1.11E-06   0.399 0.6000 3.7390E-06   1786.501
23150.00 0.67088121 0.0000E+00            0.0000E+00 5.3033E-08 5.4858E-09 7.0304E-08 1.0538E-08 1.2334E-07 2.42E-07 1.15E-06   0.399 0.6000 3.8784E-06   1790.619
23160.00 0.67069817 0.0000E+00            0.0000E+00 5.0018E-08 5.1705E-09 6.6241E-08 9.9151E-09 1.1626E-07 2.28E-07 1.08E-06   0.399 0.6000 3.6578E-06   1785.595
23170.00 0.67051762 0.0000E+00            0.0000E+00 4.2077E-08 4.3465E-09 5.5668E-08 8.3206E-09 9.7744E-08 1.91E-07 9.11E-07   0.400 0.6000 3.0769E-06   1769.792
23180.00 0.67033696 0.0000E+00            0.0000E+00 3.3561E-08 3.4642E-09 4.4354E-08 6.6196E-09 7.7915E-08 1.52E-07 7.25E-07   0.400 0.6000 2.4537E-06   1749.378
23190.00 0.67015350 0.0000E+00            0.0000E+00 2.6527E-08 2.7361E-09 3.5021E-08 5.2187E-09 6.1548E-08 1.20E-07 5.72E-07   0.400 0.6000 1.9389E-06   1728.634
23200.00 0.66996908 0.0000E+00            0.0000E+00 2.3268E-08 2.3979E-09 3.0680E-08 4.5638E-09 5.3948E-08 1.05E-07 5.01E-07   0.401 0.6000 1.7002E-06   1717.536
23210.00 0.66978425 0.0000E+00            0.0000E+00 2.4738E-08 2.5473E-09 3.2579E-08 4.8383E-09 5.7317E-08 1.11E-07 5.32E-07   0.401 0.6000 1.8071E-06   1723.535
23220.00 0.66960073 0.0000E+00            0.0000E+00 2.6246E-08 2.7009E-09 3.4533E-08 5.1213E-09 6.0779E-08 1.18E-07 5.64E-07   0.401 0.6000 1.9164E-06   1729.396
23230.00 0.66941810 0.0000E+00            0.0000E+00 2.5914E-08 2.6646E-09 3.4059E-08 5.0435E-09 5.9974E-08 1.16E-07 5.56E-07   0.401 0.6000 1.8908E-06   1728.832
23240.00 0.66923708 0.0000E+00            0.0000E+00 2.5317E-08 2.6012E-09 3.3239E-08 4.9141E-09 5.8556E-08 1.13E-07 5.42E-07   0.402 0.6000 1.8455E-06   1727.323
23250.00 0.66905797 0.0000E+00            0.0000E+00 2.5867E-08 2.6554E-09 3.3922E-08 5.0068E-09 5.9789E-08 1.15E-07 5.53E-07   0.402 0.6000 1.8831E-06   1729.814
23260.00 0.66887772 0.0000E+00            0.0000E+00 3.0510E-08 3.1292E-09 3.9962E-08 5.8882E-09 7.0472E-08 1.35E-07 6.51E-07   0.402 0.6000 2.2180E-06   1745.278
23270.00 0.66869164 0.0000E+00            0.0000E+00 3.6253E-08 3.7156E-09 4.7437E-08 6.9793E-09 8.3690E-08 1.60E-07 7.72E-07   0.402 0.6000 2.6332E-06   1761.703
23280.00 0.66850168 0.0000E+00            0.0000E+00 3.8546E-08 3.9479E-09 5.0386E-08 7.4027E-09 8.8932E-08 1.70E-07 8.20E-07   0.403 0.6000 2.7984E-06   1767.993
23290.00 0.66831517 0.0000E+00            0.0000E+00 3.6981E-08 3.7850E-09 4.8293E-08 7.0851E-09 8.5274E-08 1.63E-07 7.85E-07   0.403 0.6000 2.6839E-06   1764.719
23300.00 0.66812867 0.0000E+00            0.0000E+00 3.4310E-08 3.5088E-09 4.4754E-08 6.5554E-09 7.9064E-08 1.50E-07 7.28E-07   0.403 0.6000 2.4895E-06   1758.356
23310.00 0.66794264 0.0000E+00            0.0000E+00 3.5468E-08 3.6242E-09 4.6210E-08 6.7572E-09 8.1677E-08 1.55E-07 7.51E-07   0.404 0.6000 2.5734E-06   1761.997
23320.00 0.66775632 0.0000E+00            0.0000E+00 3.8148E-08 3.8954E-09 4.9651E-08 7.2498E-09 8.7799E-08 1.66E-07 8.06E-07   0.404 0.6000 2.7679E-06   1769.351
23330.00 0.66756731 0.0000E+00            0.0000E+00 4.0297E-08 4.1118E-09 5.2390E-08 7.6378E-09 9.2687E-08 1.75E-07 8.51E-07   0.404 0.6000 2.9235E-06   1775.062
23340.00 0.66738367 0.0000E+00            0.0000E+00 4.1782E-08 4.2602E-09 5.4265E-08 7.8996E-09 9.6047E-08 1.81E-07 8.81E-07   0.404 0.6000 3.0310E-06   1779.051
23350.00 0.66720051 0.0000E+00            0.0000E+00 4.0485E-08 4.1250E-09 5.2526E-08 7.6350E-09 9.3011E-08 1.75E-07 8.52E-07   0.405 0.6000 2.9371E-06   1776.669
23360.00 0.66701329 0.0000E+00            0.0000E+00 4.1063E-08 4.1803E-09 5.3212E-08 7.7215E-09 9.4274E-08 1.77E-07 8.63E-07   0.405 0.6000 2.9788E-06   1778.578
23370.00 0.66682559 0.0000E+00            0.0000E+00 4.3229E-08 4.3977E-09 5.5963E-08 8.1089E-09 9.9191E-08 1.86E-07 9.07E-07   0.405 0.6000 3.1351E-06   1784.018
23380.00 0.66662776 0.0000E+00            0.0000E+00 4.0641E-08 4.1318E-09 5.2560E-08 7.6052E-09 9.3201E-08 1.75E-07 8.51E-07   0.406 0.6000 2.9462E-06   1778.781
23390.00 0.66642869 0.0000E+00            0.0000E+00 3.5741E-08 3.6310E-09 4.6173E-08 6.6704E-09 8.1914E-08 1.53E-07 7.48E-07   0.406 0.6000 2.5899E-06   1767.358
23400.00 0.66625321 0.0000E+00            0.0000E+00 3.3687E-08 3.4194E-09 4.3469E-08 6.2693E-09 7.7155E-08 1.44E-07 7.03E-07   0.406 0.6000 2.4395E-06   1762.456
23410.00 0.66608369 0.0000E+00            0.0000E+00 3.6468E-08 3.6982E-09 4.7002E-08 6.7670E-09 8.3470E-08 1.55E-07 7.60E-07   0.406 0.6000 2.6385E-06   1770.380
23420.00 0.66590405 0.0000E+00            0.0000E+00 4.1942E-08 4.2497E-09 5.3998E-08 7.7619E-09 9.5939E-08 1.78E-07 8.73E-07   0.407 0.6000 3.0314E-06   1784.073
23430.00 0.66571987 0.0000E+00            0.0000E+00 4.5515E-08 4.6083E-09 5.8538E-08 8.4019E-09 1.0405E-07 1.93E-07 9.46E-07   0.407 0.6000 3.2859E-06   1792.417
23440.00 0.66552514 0.0000E+00            0.0000E+00 4.7423E-08 4.7978E-09 6.0926E-08 8.7309E-09 1.0835E-07 2.00E-07 9.84E-07   0.407 0.6000 3.4203E-06   1796.925
23450.00 0.66532773 0.0000E+00            0.0000E+00 4.6106E-08 4.6615E-09 5.9177E-08 8.4681E-09 1.0528E-07 1.94E-07 9.55E-07   0.407 0.6000 3.3236E-06   1794.824
23460.00 0.66514599 0.0000E+00            0.0000E+00 3.9799E-08 4.0208E-09 5.1030E-08 7.2914E-09 9.0829E-08 1.67E-07 8.23E-07   0.408 0.6000 2.8676E-06   1781.474
23470.00 0.66496944 0.0000E+00            0.0000E+00 3.8723E-08 3.9082E-09 4.9585E-08 7.0713E-09 8.8308E-08 1.62E-07 8.00E-07   0.408 0.6000 2.7884E-06   1779.469
23480.00 0.66478682 0.0000E+00            0.0000E+00 4.4118E-08 4.4492E-09 5.6433E-08 8.0354E-09 1.0055E-07 1.84E-07 9.10E-07   0.408 0.6000 3.1758E-06   1792.370
23490.00 0.66460073 0.0000E+00            0.0000E+00 4.4225E-08 4.4571E-09 5.6519E-08 8.0368E-09 1.0074E-07 1.84E-07 9.11E-07   0.409 0.6000 3.1830E-06   1793.194
23500.00 0.66441560 0.0000E+00            0.0000E+00 4.3392E-08 4.3693E-09 5.5388E-08 7.8623E-09 9.8781E-08 1.80E-07 8.92E-07   0.409 0.6000 3.1228E-06   1791.965
23510.00 0.66423267 0.0000E+00            0.0000E+00 4.4061E-08 4.4333E-09 5.6185E-08 7.9634E-09 1.0025E-07 1.83E-07 9.04E-07   0.409 0.6000 3.1705E-06   1794.008
23520.00 0.66404718 0.0000E+00            0.0000E+00 4.0154E-08 4.0372E-09 5.1152E-08 7.2394E-09 9.1306E-08 1.66E-07 8.23E-07   0.409 0.6000 2.8891E-06   1785.801
23530.00 0.66385752 0.0000E+00            0.0000E+00 3.8892E-08 3.9070E-09 4.9484E-08 6.9908E-09 8.8376E-08 1.60E-07 7.96E-07   0.410 0.6000 2.7990E-06   1783.371
23540.00 0.66366702 0.0000E+00            0.0000E+00 4.3140E-08 4.3306E-09 5.4830E-08 7.7336E-09 9.7970E-08 1.77E-07 8.81E-07   0.410 0.6000 3.1059E-06   1793.747
23550.00 0.66347837 0.0000E+00            0.0000E+00 4.5842E-08 4.5988E-09 5.8206E-08 8.1983E-09 1.0405E-07 1.88E-07 9.35E-07   0.410 0.6000 3.3006E-06   1800.126
23560.00 0.66329139 0.0000E+00            0.0000E+00 4.5737E-08 4.5848E-09 5.8011E-08 8.1585E-09 1.0375E-07 1.87E-07 9.31E-07   0.411 0.6000 3.2913E-06   1800.493
23570.00 0.66310471 0.0000E+00            0.0000E+00 4.4356E-08 4.4428E-09 5.6198E-08 7.8909E-09 1.0055E-07 1.81E-07 9.02E-07   0.411 0.6000 3.1895E-06   1798.149
23580.00 0.66291827 0.0000E+00            0.0000E+00 4.1872E-08 4.1906E-09 5.2994E-08 7.4292E-09 9.4866E-08 1.71E-07 8.50E-07   0.411 0.6000 3.0088E-06   1793.254
23590.00 0.66273218 0.0000E+00            0.0000E+00 3.9345E-08 3.9344E-09 4.9740E-08 6.9617E-09 8.9085E-08 1.60E-07 7.97E-07   0.411 0.6000 2.8248E-06   1787.952
23600.00 0.66254586 0.0000E+00            0.0000E+00 3.9604E-08 3.9567E-09 5.0009E-08 6.9871E-09 8.9613E-08 1.60E-07 8.01E-07   0.412 0.6000 2.8410E-06   1789.146
23610.00 0.66235918 0.0000E+00            0.0000E+00 4.3329E-08 4.3253E-09 5.4652E-08 7.6232E-09 9.7981E-08 1.75E-07 8.75E-07   0.412 0.6000 3.1059E-06   1798.244
23620.00 0.66217321 0.0000E+00            0.0000E+00 4.5839E-08 4.5722E-09 5.7758E-08 8.0440E-09 1.0360E-07 1.85E-07 9.25E-07   0.412 0.6000 3.2830E-06   1804.206
23630.00 0.66198629 0.0000E+00            0.0000E+00 4.5515E-08 4.5363E-09 5.7289E-08 7.9661E-09 1.0280E-07 1.83E-07 9.17E-07   0.413 0.6000 3.2576E-06   1804.113
23640.00 0.66179800 0.0000E+00            0.0000E+00 3.9677E-08 3.9518E-09 4.9895E-08 6.9285E-09 8.9572E-08 1.59E-07 7.98E-07   0.413 0.6000 2.8387E-06   1791.657
23650.00 0.66160882 0.0000E+00            0.0000E+00 3.2015E-08 3.1860E-09 4.0214E-08 5.5746E-09 7.2229E-08 1.28E-07 6.43E-07   0.413 0.6000 2.2898E-06   1772.206
23660.00 0.66141975 0.0000E+00            0.0000E+00 3.4503E-08 3.4301E-09 4.3279E-08 5.9872E-09 7.7782E-08 1.37E-07 6.91E-07   0.413 0.6000 2.4667E-06   1779.704
23670.00 0.66123092 0.0000E+00            0.0000E+00 4.3712E-08 4.3422E-09 5.4773E-08 7.5656E-09 9.8486E-08 1.74E-07 8.75E-07   0.414 0.6000 3.1241E-06   1802.577
23680.00 0.66103929 0.0000E+00            0.0000E+00 4.8843E-08 4.8485E-09 6.1143E-08 8.4334E-09 1.0999E-07 1.94E-07 9.76E-07   0.414 0.6000 3.4899E-06   1813.820
23690.00 0.66084272 0.0000E+00            0.0000E+00 4.8587E-08 4.8195E-09 6.0760E-08 8.3678E-09 1.0935E-07 1.92E-07 9.69E-07   0.414 0.6000 3.4705E-06   1813.901
23700.00 0.66065305 0.0000E+00            0.0000E+00 4.5670E-08 4.5267E-09 5.7053E-08 7.8448E-09 1.0272E-07 1.80E-07 9.10E-07   0.415 0.6000 3.2598E-06   1808.530
23710.00 0.66047537 0.0000E+00            0.0000E+00 4.2387E-08 4.1975E-09 5.2894E-08 7.2607E-09 9.5281E-08 1.67E-07 8.43E-07   0.415 0.6000 3.0226E-06   1801.985
23720.00 0.66029352 0.0000E+00            0.0000E+00 4.2440E-08 4.1988E-09 5.2896E-08 7.2482E-09 9.5336E-08 1.66E-07 8.42E-07   0.415 0.6000 3.0242E-06   1802.679
23730.00 0.66010416 0.0000E+00            0.0000E+00 4.5374E-08 4.4856E-09 5.6492E-08 7.7284E-09 1.0187E-07 1.77E-07 8.99E-07   0.415 0.6000 3.2325E-06   1809.651
23740.00 0.65991390 0.0000E+00            0.0000E+00 4.8053E-08 4.7467E-09 5.9764E-08 8.1631E-09 1.0782E-07 1.87E-07 9.51E-07   0.416 0.6000 3.4229E-06   1815.757
23750.00 0.65972483 0.0000E+00            0.0000E+00 4.9654E-08 4.9010E-09 6.1689E-08 8.4127E-09 1.1134E-07 1.93E-07 9.81E-07   0.416 0.6000 3.5359E-06   1819.512
23760.00 0.65953714 0.0000E+00            0.0000E+00 4.9261E-08 4.8583E-09 6.1138E-08 8.3243E-09 1.1040E-07 1.91E-07 9.72E-07   0.416 0.6000 3.5060E-06   1819.330
23770.00 0.65934944 0.0000E+00            0.0000E+00 4.6924E-08 4.6241E-09 5.8175E-08 7.9083E-09 1.0510E-07 1.82E-07 9.24E-07   0.417 0.6000 3.3377E-06   1815.221
23780.00 0.65915233 0.0000E+00            0.0000E+00 4.2777E-08 4.2122E-09 5.2978E-08 7.1904E-09 9.5755E-08 1.65E-07 8.41E-07   0.417 0.6000 3.0416E-06   1806.934
23790.00 0.65895480 0.0000E+00            0.0000E+00 3.9046E-08 3.8416E-09 4.8303E-08 6.5448E-09 8.7349E-08 1.50E-07 7.67E-07   0.417 0.6000 2.7750E-06   1798.845
23800.00 0.65877396 0.0000E+00            0.0000E+00 3.7935E-08 3.7291E-09 4.6876E-08 6.3407E-09 8.4811E-08 1.46E-07 7.44E-07   0.417 0.6000 2.6946E-06   1796.699
23810.00 0.65859449 0.0000E+00            0.0000E+00 3.7648E-08 3.6978E-09 4.6473E-08 6.2760E-09 8.4121E-08 1.44E-07 7.37E-07   0.418 0.6000 2.6732E-06   1796.565
23820.00 0.65840590 0.0000E+00            0.0000E+00 3.7652E-08 3.6952E-09 4.6427E-08 6.2594E-09 8.4079E-08 1.44E-07 7.36E-07   0.418 0.6000 2.6726E-06   1797.153
23830.00 0.65820956 0.0000E+00            0.0000E+00 4.0132E-08 3.9351E-09 4.9426E-08 6.6521E-09 8.9558E-08 1.53E-07 7.83E-07   0.418 0.6000 2.8472E-06   1803.759
23840.00 0.65800655 0.0000E+00            0.0000E+00 4.4353E-08 4.3456E-09 5.4565E-08 7.3317E-09 9.8918E-08 1.68E-07 8.64E-07   0.419 0.6000 3.1449E-06   1813.883
23850.00 0.65780890 0.0000E+00            0.0000E+00 4.6109E-08 4.5143E-09 5.6669E-08 7.6025E-09 1.0278E-07 1.74E-07 8.97E-07   0.419 0.6000 3.2671E-06   1818.203
23860.00 0.65761358 0.0000E+00            0.0000E+00 4.5120E-08 4.4138E-09 5.5394E-08 7.4196E-09 1.0051E-07 1.70E-07 8.76E-07   0.419 0.6000 3.1947E-06   1816.700
23870.00 0.65742272 0.0000E+00            0.0000E+00 4.2802E-08 4.1836E-09 5.2492E-08 7.0194E-09 9.5293E-08 1.61E-07 8.30E-07   0.419 0.6000 3.0295E-06   1812.226
23880.00 0.65724671 0.0000E+00            0.0000E+00 4.2541E-08 4.1541E-09 5.2110E-08 6.9557E-09 9.4650E-08 1.60E-07 8.23E-07   0.420 0.6000 3.0104E-06   1812.217
23890.00 0.65706450 0.0000E+00            0.0000E+00 4.5064E-08 4.3969E-09 5.5142E-08 7.3484E-09 1.0021E-07 1.69E-07 8.71E-07   0.420 0.6000 3.1878E-06   1818.326
23900.00 0.65686280 0.0000E+00            0.0000E+00 4.5475E-08 4.4336E-09 5.5586E-08 7.3961E-09 1.0106E-07 1.70E-07 8.77E-07   0.420 0.6000 3.2154E-06   1819.784
23910.00 0.65666705 0.0000E+00            0.0000E+00 4.5640E-08 4.4458E-09 5.5724E-08 7.4015E-09 1.0136E-07 1.70E-07 8.79E-07   0.421 0.6000 3.2253E-06   1820.713
23920.00 0.65648532 0.0000E+00            0.0000E+00 4.6073E-08 4.4843E-09 5.6195E-08 7.4520E-09 1.0227E-07 1.71E-07 8.86E-07   0.421 0.6000 3.2540E-06   1822.210
23930.00 0.65628809 0.0000E+00            0.0000E+00 4.3949E-08 4.2742E-09 5.3548E-08 7.0896E-09 9.7497E-08 1.63E-07 8.44E-07   0.421 0.6000 3.1026E-06   1818.252
23940.00 0.65608954 0.0000E+00            0.0000E+00 4.2110E-08 4.0920E-09 5.1250E-08 6.7737E-09 9.3360E-08 1.55E-07 8.07E-07   0.421 0.6000 2.9713E-06   1814.736
23950.00 0.65591234 0.0000E+00            0.0000E+00 4.0620E-08 3.9437E-09 4.9384E-08 6.5164E-09 9.0004E-08 1.50E-07 7.77E-07   0.422 0.6000 2.8645E-06   1811.880
23960.00 0.65573305 0.0000E+00            0.0000E+00 4.0837E-08 3.9610E-09 4.9590E-08 6.5318E-09 9.0427E-08 1.50E-07 7.80E-07   0.422 0.6000 2.8782E-06   1812.964
23970.00 0.65553468 0.0000E+00            0.0000E+00 4.4426E-08 4.3054E-09 5.3888E-08 7.0858E-09 9.8313E-08 1.63E-07 8.47E-07   0.422 0.6000 3.1293E-06   1821.611
23980.00 0.65529925 0.0000E+00            0.0000E+00 4.5642E-08 4.4207E-09 5.5306E-08 7.2612E-09 1.0095E-07 1.67E-07 8.69E-07   0.423 0.6000 3.2138E-06   1824.801
23990.00 0.65505725 0.0000E+00            0.0000E+00 4.5713E-08 4.4246E-09 5.5327E-08 7.2514E-09 1.0104E-07 1.66E-07 8.69E-07   0.423 0.6000 3.2181E-06   1825.529
24000.00 0.65488106 0.0000E+00            0.0000E+00 4.8357E-08 4.6761E-09 5.8464E-08 7.6495E-09 1.0682E-07 1.76E-07 9.18E-07   0.423 0.6000 3.4021E-06   1831.558
24010.00 0.65475261 0.0000E+00            0.0000E+00 4.9743E-08 4.8050E-09 6.0080E-08 7.8481E-09 1.0982E-07 1.80E-07 9.43E-07   0.423 0.6000 3.4965E-06   1834.897
24020.00 0.65459239 0.0000E+00            0.0000E+00 4.9906E-08 4.8160E-09 6.0211E-08 7.8517E-09 1.1012E-07 1.80E-07 9.44E-07   0.424 0.6000 3.5055E-06   1835.800
24030.00 0.65439177 0.0000E+00            0.0000E+00 4.9580E-08 4.7808E-09 5.9755E-08 7.7794E-09 1.0933E-07 1.79E-07 9.36E-07   0.424 0.6000 3.4813E-06   1835.747
24040.00 0.65419155 0.0000E+00            0.0000E+00 4.7469E-08 4.5736E-09 5.7149E-08 7.4279E-09 1.0462E-07 1.70E-07 8.95E-07   0.424 0.6000 3.3318E-06   1832.099
24050.00 0.65400785 0.0000E+00            0.0000E+00 4.5523E-08 4.3823E-09 5.4746E-08 7.1037E-09 1.0027E-07 1.63E-07 8.57E-07   0.425 0.6000 3.1936E-06   1828.629
24060.00 0.65383071 0.0000E+00            0.0000E+00 4.4765E-08 4.3053E-09 5.3776E-08 6.9658E-09 9.8540E-08 1.60E-07 8.41E-07   0.425 0.6000 3.1392E-06   1827.588
24070.00 0.65364915 0.0000E+00            0.0000E+00 4.6021E-08 4.4221E-09 5.5222E-08 7.1405E-09 1.0124E-07 1.64E-07 8.63E-07   0.425 0.6000 3.2271E-06   1830.843
24080.00 0.65345615 0.0000E+00            0.0000E+00 4.7062E-08 4.5186E-09 5.6413E-08 7.2829E-09 1.0348E-07 1.67E-07 8.81E-07   0.425 0.6000 3.3003E-06   1833.597
24090.00 0.65325993 0.0000E+00            0.0000E+00 4.6118E-08 4.4243E-09 5.5222E-08 7.1174E-09 1.0134E-07 1.63E-07 8.62E-07   0.426 0.6000 3.2335E-06   1832.216
24100.00 0.65307784 0.0000E+00            0.0000E+00 4.6881E-08 4.4932E-09 5.6072E-08 7.2141E-09 1.0295E-07 1.66E-07 8.75E-07   0.426 0.6000 3.2853E-06   1834.387
24110.00 0.65289527 0.0000E+00            0.0000E+00 4.6754E-08 4.4773E-09 5.5864E-08 7.1759E-09 1.0262E-07 1.65E-07 8.71E-07   0.426 0.6000 3.2748E-06   1834.710
24120.00 0.65269899 0.0000E+00            0.0000E+00 4.2106E-08 4.0290E-09 5.0258E-08 6.4455E-09 9.2364E-08 1.48E-07 7.84E-07   0.427 0.6000 2.9479E-06   1825.188
24130.00 0.65250391 0.0000E+00            0.0000E+00 3.9825E-08 3.8070E-09 4.7477E-08 6.0770E-09 8.7301E-08 1.39E-07 7.40E-07   0.427 0.6000 2.7863E-06   1820.429
24140.00 0.65231740 0.0000E+00            0.0000E+00 4.4012E-08 4.2033E-09 5.2408E-08 6.6960E-09 9.6420E-08 1.54E-07 8.16E-07   0.427 0.6000 3.0776E-06   1830.600
24150.00 0.65213144 0.0000E+00            0.0000E+00 4.8013E-08 4.5816E-09 5.7115E-08 7.2858E-09 1.0513E-07 1.67E-07 8.89E-07   0.428 0.6000 3.3572E-06   1839.622
24160.00 0.65193915 0.0000E+00            0.0000E+00 4.8539E-08 4.6281E-09 5.7679E-08 7.3460E-09 1.0622E-07 1.69E-07 8.97E-07   0.428 0.6000 3.3951E-06   1841.268
24170.00 0.65174198 0.0000E+00            0.0000E+00 4.5793E-08 4.3629E-09 5.4361E-08 6.9125E-09 1.0015E-07 1.59E-07 8.45E-07   0.428 0.6000 3.2047E-06   1836.191
24180.00 0.65154594 0.0000E+00            0.0000E+00 4.0777E-08 3.8819E-09 4.8354E-08 6.1385E-09 8.9131E-08 1.41E-07 7.51E-07   0.428 0.6000 2.8544E-06   1825.592
24190.00 0.65135306 0.0000E+00            0.0000E+00 3.9753E-08 3.7808E-09 4.7084E-08 5.9659E-09 8.6837E-08 1.37E-07 7.31E-07   0.429 0.6000 2.7816E-06   1823.734
24200.00 0.65116274 0.0000E+00            0.0000E+00 4.3002E-08 4.0860E-09 5.0875E-08 6.4348E-09 9.3876E-08 1.48E-07 7.90E-07   0.429 0.6000 3.0062E-06   1831.850
24210.00 0.65097338 0.0000E+00            0.0000E+00 4.4398E-08 4.2151E-09 5.2473E-08 6.6260E-09 9.6871E-08 1.52E-07 8.14E-07   0.429 0.6000 3.1009E-06   1835.520
24220.00 0.65078413 0.0000E+00            0.0000E+00 4.4538E-08 4.2244E-09 5.2579E-08 6.6277E-09 9.7117E-08 1.52E-07 8.15E-07   0.430 0.6000 3.1073E-06   1836.403
24230.00 0.65059435 0.0000E+00            0.0000E+00 4.6152E-08 4.3734E-09 5.4425E-08 6.8482E-09 1.0058E-07 1.57E-07 8.43E-07   0.430 0.6000 3.2168E-06   1840.437
24240.00 0.65040451 0.0000E+00            0.0000E+00 4.6377E-08 4.3910E-09 5.4634E-08 6.8632E-09 1.0101E-07 1.58E-07 8.46E-07   0.430 0.6000 3.2296E-06   1841.495
24250.00 0.65021443 0.0000E+00            0.0000E+00 4.6015E-08 4.3526E-09 5.4146E-08 6.7896E-09 1.0016E-07 1.56E-07 8.38E-07   0.430 0.6000 3.2014E-06   1841.313
24260.00 0.65002304 0.0000E+00            0.0000E+00 4.6981E-08 4.4400E-09 5.5222E-08 6.9125E-09 1.0220E-07 1.59E-07 8.54E-07   0.431 0.6000 3.2664E-06   1843.915
24270.00 0.64983010 0.0000E+00            0.0000E+00 4.7854E-08 4.5185E-09 5.6187E-08 7.0213E-09 1.0404E-07 1.61E-07 8.69E-07   0.431 0.6000 3.3258E-06   1846.293
24280.00 0.64963722 0.0000E+00            0.0000E+00 4.9495E-08 4.6693E-09 5.8050E-08 7.2413E-09 1.0754E-07 1.66E-07 8.97E-07   0.431 0.6000 3.4385E-06   1850.173
24290.00 0.64944458 0.0000E+00            0.0000E+00 5.0309E-08 4.7421E-09 5.8944E-08 7.3406E-09 1.0925E-07 1.68E-07 9.10E-07   0.432 0.6000 3.4936E-06   1852.360
24300.00 0.64925182 0.0000E+00            0.0000E+00 4.8579E-08 4.5751E-09 5.6856E-08 7.0686E-09 1.0543E-07 1.62E-07 8.77E-07   0.432 0.6000 3.3721E-06   1849.514
24310.00 0.64905769 0.0000E+00            0.0000E+00 4.7036E-08 4.4258E-09 5.4989E-08 6.8244E-09 1.0203E-07 1.57E-07 8.48E-07   0.432 0.6000 3.2644E-06   1846.944
24320.00 0.64886278 0.0000E+00            0.0000E+00 4.7038E-08 4.4222E-09 5.4932E-08 6.8054E-09 1.0197E-07 1.56E-07 8.47E-07   0.433 0.6000 3.2644E-06   1847.529
24330.00 0.64866734 0.0000E+00            0.0000E+00 4.6600E-08 4.3773E-09 5.4362E-08 6.7236E-09 1.0096E-07 1.54E-07 8.37E-07   0.433 0.6000 3.2343E-06   1847.200
24340.00 0.64847183 0.0000E+00            0.0000E+00 4.5883E-08 4.3064E-09 5.3467E-08 6.6016E-09 9.9350E-08 1.52E-07 8.23E-07   0.433 0.6000 3.1847E-06   1846.271
24350.00 0.64827722 0.0000E+00            0.0000E+00 4.4313E-08 4.1556E-09 5.1583E-08 6.3586E-09 9.5896E-08 1.46E-07 7.94E-07   0.433 0.6000 3.0756E-06   1843.471
24360.00 0.64808261 0.0000E+00            0.0000E+00 3.8670E-08 3.6235E-09 4.4970E-08 5.5347E-09 8.3640E-08 1.27E-07 6.92E-07   0.434 0.6000 2.6837E-06   1830.936
24370.00 0.64788973 0.0000E+00            0.0000E+00 3.2735E-08 3.0645E-09 3.8025E-08 4.6712E-09 7.0760E-08 1.07E-07 5.85E-07   0.434 0.6000 2.2708E-06   1815.709
24380.00 0.64769876 0.0000E+00            0.0000E+00 3.4031E-08 3.1822E-09 3.9478E-08 4.8394E-09 7.3509E-08 1.11E-07 6.06E-07   0.434 0.6000 2.3580E-06   1819.929
24390.00 0.64750761 0.0000E+00            0.0000E+00 3.9456E-08 3.6861E-09 4.5725E-08 5.5953E-09 8.5181E-08 1.28E-07 7.02E-07   0.435 0.6000 2.7313E-06   1834.587
24400.00 0.64731354 0.0000E+00            0.0000E+00 4.2152E-08 3.9345E-09 4.8799E-08 5.9614E-09 9.0951E-08 1.37E-07 7.49E-07   0.435 0.6000 2.9164E-06   1841.530
24410.00 0.64711684 0.0000E+00            0.0000E+00 4.5548E-08 4.2469E-09 5.2671E-08 6.4215E-09 9.8219E-08 1.47E-07 8.07E-07   0.435 0.6000 3.1505E-06   1849.625
24420.00 0.64692044 0.0000E+00            0.0000E+00 4.8750E-08 4.5415E-09 5.6318E-08 6.8544E-09 1.0507E-07 1.57E-07 8.63E-07   0.436 0.6000 3.3712E-06   1856.854
24430.00 0.64672583 0.0000E+00            0.0000E+00 4.7827E-08 4.4524E-09 5.5191E-08 6.7073E-09 1.0302E-07 1.54E-07 8.45E-07   0.436 0.6000 3.3064E-06   1855.562
24440.00 0.64653140 0.0000E+00            0.0000E+00 4.8283E-08 4.4911E-09 5.5650E-08 6.7516E-09 1.0393E-07 1.55E-07 8.52E-07   0.436 0.6000 3.3363E-06   1857.068
24450.00 0.64633572 0.0000E+00            0.0000E+00 4.9479E-08 4.5982E-09 5.6970E-08 6.8998E-09 1.0645E-07 1.58E-07 8.72E-07   0.436 0.6000 3.4179E-06   1860.057
24460.00 0.64613909 0.0000E+00            0.0000E+00 4.6890E-08 4.3538E-09 5.3934E-08 6.5210E-09 1.0082E-07 1.50E-07 8.25E-07   0.437 0.6000 3.2385E-06   1855.371
24470.00 0.64594203 0.0000E+00            0.0000E+00 4.2662E-08 3.9578E-09 4.9017E-08 5.9163E-09 9.1679E-08 1.36E-07 7.49E-07   0.437 0.6000 2.9464E-06   1846.752
24480.00 0.64574444 0.0000E+00            0.0000E+00 4.2093E-08 3.9013E-09 4.8305E-08 5.8192E-09 9.0398E-08 1.34E-07 7.38E-07   0.437 0.6000 2.9072E-06   1846.026
24490.00 0.64554864 0.0000E+00            0.0000E+00 4.5804E-08 4.2414E-09 5.2506E-08 6.3138E-09 9.8310E-08 1.45E-07 8.01E-07   0.438 0.6000 3.1626E-06   1854.818
24500.00 0.64535600 0.0000E+00            0.0000E+00 4.5979E-08 4.2540E-09 5.2656E-08 6.3218E-09 9.8635E-08 1.45E-07 8.03E-07   0.438 0.6000 3.1721E-06   1855.778
24510.00 0.64516455 0.0000E+00            0.0000E+00 3.9540E-08 3.6551E-09 4.5237E-08 5.4220E-09 8.4777E-08 1.24E-07 6.90E-07   0.438 0.6000 2.7250E-06   1841.737
24520.00 0.64497244 0.0000E+00            0.0000E+00 3.6354E-08 3.3567E-09 4.1538E-08 4.9681E-09 7.7892E-08 1.14E-07 6.33E-07   0.439 0.6000 2.5024E-06   1834.256
24530.00 0.64478058 0.0000E+00            0.0000E+00 4.1583E-08 3.8356E-09 4.7457E-08 5.6649E-09 8.9040E-08 1.30E-07 7.22E-07   0.439 0.6000 2.8592E-06   1847.738
24540.00 0.64458841 0.0000E+00            0.0000E+00 4.2910E-08 3.9549E-09 4.8927E-08 5.8319E-09 9.1837E-08 1.34E-07 7.44E-07   0.439 0.6000 2.9481E-06   1851.371
24550.00 0.64439505 0.0000E+00            0.0000E+00 3.7971E-08 3.4964E-09 4.3249E-08 5.1459E-09 8.1221E-08 1.18E-07 6.58E-07   0.439 0.6000 2.6068E-06   1840.154
24560.00 0.64420074 0.0000E+00            0.0000E+00 3.8714E-08 3.5609E-09 4.4039E-08 5.2288E-09 8.2753E-08 1.20E-07 6.69E-07   0.440 0.6000 2.6559E-06   1842.580
24570.00 0.64400429 0.0000E+00            0.0000E+00 4.1534E-08 3.8171E-09 4.7200E-08 5.5950E-09 8.8734E-08 1.28E-07 7.17E-07   0.440 0.6000 2.8482E-06   1849.944
24580.00 0.64380234 0.0000E+00            0.0000E+00 4.0406E-08 3.7103E-09 4.5871E-08 5.4282E-09 8.6277E-08 1.25E-07 6.96E-07   0.440 0.6000 2.7700E-06   1847.864
24590.00 0.64359730 0.0000E+00            0.0000E+00 3.6925E-08 3.3879E-09 4.1876E-08 4.9470E-09 7.8801E-08 1.14E-07 6.35E-07   0.441 0.6000 2.5308E-06   1839.785
24600.00 0.64339513 0.0000E+00            0.0000E+00 3.4650E-08 3.1761E-09 3.9248E-08 4.6277E-09 7.3898E-08 1.06E-07 5.95E-07   0.441 0.6000 2.3747E-06   1834.290
24610.00 0.64319688 0.0000E+00            0.0000E+00 4.0554E-08 3.7134E-09 4.5878E-08 5.3983E-09 8.6433E-08 1.24E-07 6.95E-07   0.441 0.6000 2.7794E-06   1849.940
24620.00 0.64299983 0.0000E+00            0.0000E+00 4.6219E-08 4.2290E-09 5.2240E-08 6.1378E-09 9.8459E-08 1.41E-07 7.91E-07   0.442 0.6000 3.1673E-06   1863.254
24630.00 0.64280427 0.0000E+00            0.0000E+00 4.3443E-08 3.9717E-09 4.9054E-08 5.7540E-09 9.2497E-08 1.32E-07 7.43E-07   0.442 0.6000 2.9760E-06   1857.788
24640.00 0.64260894 0.0000E+00            0.0000E+00 3.9935E-08 3.6474E-09 4.5041E-08 5.2733E-09 8.4976E-08 1.21E-07 6.81E-07   0.442 0.6000 2.7345E-06   1850.198
24650.00 0.64241290 0.0000E+00            0.0000E+00 3.9832E-08 3.6345E-09 4.4874E-08 5.2440E-09 8.4706E-08 1.20E-07 6.78E-07   0.443 0.6000 2.7267E-06   1850.525
24660.00 0.64221531 0.0000E+00            0.0000E+00 4.2189E-08 3.8460E-09 4.7476E-08 5.5377E-09 8.9665E-08 1.27E-07 7.17E-07   0.443 0.6000 2.8880E-06   1856.669
24670.00 0.64201641 0.0000E+00            0.0000E+00 4.5761E-08 4.1679E-09 5.1439E-08 5.9895E-09 9.7200E-08 1.37E-07 7.77E-07   0.443 0.6000 3.1332E-06   1865.179
24680.00 0.64181864 0.0000E+00            0.0000E+00 4.7241E-08 4.2992E-09 5.3050E-08 6.1668E-09 1.0029E-07 1.42E-07 8.01E-07   0.443 0.6000 3.2347E-06   1868.890
24690.00 0.64162362 0.0000E+00            0.0000E+00 4.4524E-08 4.0483E-09 4.9947E-08 5.7961E-09 9.4471E-08 1.33E-07 7.53E-07   0.444 0.6000 3.0472E-06   1863.664
24700.00 0.64142990 0.0000E+00            0.0000E+00 3.7658E-08 3.4210E-09 4.2203E-08 4.8893E-09 7.9861E-08 1.12E-07 6.36E-07   0.444 0.6000 2.5755E-06   1848.013
24710.00 0.64123601 0.0000E+00            0.0000E+00 3.1910E-08 2.8957E-09 3.5718E-08 4.1296E-09 6.7628E-08 9.48E-08 5.38E-07   0.444 0.6000 2.1805E-06   1832.799
24720.00 0.64104128 0.0000E+00            0.0000E+00 3.5711E-08 3.2369E-09 3.9920E-08 4.6052E-09 7.5631E-08 1.06E-07 6.01E-07   0.445 0.6000 2.4380E-06   1844.057
24730.00 0.64084423 0.0000E+00            0.0000E+00 4.1224E-08 3.7335E-09 4.6039E-08 5.3027E-09 8.7262E-08 1.22E-07 6.93E-07   0.445 0.6000 2.8132E-06   1858.471
24740.00 0.64064544 0.0000E+00            0.0000E+00 4.2069E-08 3.8066E-09 4.6932E-08 5.3960E-09 8.9001E-08 1.24E-07 7.06E-07   0.445 0.6000 2.8703E-06   1861.022
24750.00 0.64044648 0.0000E+00            0.0000E+00 4.5382E-08 4.1023E-09 5.0569E-08 5.8029E-09 9.5951E-08 1.33E-07 7.60E-07   0.446 0.6000 3.0956E-06   1869.003
24760.00 0.64024824 0.0000E+00            0.0000E+00 4.8280E-08 4.3605E-09 5.3744E-08 6.1568E-09 1.0202E-07 1.41E-07 8.07E-07   0.446 0.6000 3.2922E-06   1875.682
24770.00 0.64005172 0.0000E+00            0.0000E+00 4.5396E-08 4.0963E-09 5.0483E-08 5.7734E-09 9.5879E-08 1.33E-07 7.58E-07   0.446 0.6000 3.0935E-06   1870.202
24780.00 0.63985610 0.0000E+00            0.0000E+00 4.1044E-08 3.6999E-09 4.5591E-08 5.2041E-09 8.6635E-08 1.19E-07 6.84E-07   0.447 0.6000 2.7946E-06   1860.938
24790.00 0.63965964 0.0000E+00            0.0000E+00 3.8082E-08 3.4295E-09 4.2255E-08 4.8143E-09 8.0337E-08 1.10E-07 6.33E-07   0.447 0.6000 2.5910E-06   1854.267
24800.00 0.63946229 0.0000E+00            0.0000E+00 3.8413E-08 3.4557E-09 4.2571E-08 4.8406E-09 8.0985E-08 1.11E-07 6.38E-07   0.447 0.6000 2.6119E-06   1855.673
24810.00 0.63926446 0.0000E+00            0.0000E+00 4.3111E-08 3.8745E-09 4.7723E-08 5.4160E-09 9.0834E-08 1.24E-07 7.14E-07   0.447 0.6000 2.9300E-06   1867.451
24820.00 0.63906616 0.0000E+00            0.0000E+00 4.5410E-08 4.0776E-09 5.0218E-08 5.6898E-09 9.5628E-08 1.31E-07 7.51E-07   0.448 0.6000 3.0852E-06   1873.125
24830.00 0.63886803 0.0000E+00            0.0000E+00 4.3321E-08 3.8865E-09 4.7858E-08 5.4127E-09 9.1179E-08 1.24E-07 7.15E-07   0.448 0.6000 2.9422E-06   1869.091
24840.00 0.63866973 0.0000E+00            0.0000E+00 4.2045E-08 3.7682E-09 4.6395E-08 5.2372E-09 8.8440E-08 1.20E-07 6.93E-07   0.448 0.6000 2.8543E-06   1866.746
24850.00 0.63847125 0.0000E+00            0.0000E+00 4.3505E-08 3.8953E-09 4.7953E-08 5.4027E-09 9.1458E-08 1.24E-07 7.16E-07   0.449 0.6000 2.9525E-06   1870.658
24860.00 0.63827252 0.0000E+00            0.0000E+00 4.4981E-08 4.0237E-09 4.9527E-08 5.5701E-09 9.4508E-08 1.28E-07 7.39E-07   0.449 0.6000 3.0518E-06   1874.510
24870.00 0.63807321 0.0000E+00            0.0000E+00 4.3844E-08 3.9184E-09 4.8224E-08 5.4140E-09 9.2068E-08 1.24E-07 7.19E-07   0.449 0.6000 2.9740E-06   1872.579
24880.00 0.63787347 0.0000E+00            0.0000E+00 4.1731E-08 3.7260E-09 4.5850E-08 5.1379E-09 8.7581E-08 1.18E-07 6.83E-07   0.450 0.6000 2.8304E-06   1868.328
24890.00 0.63767457 0.0000E+00            0.0000E+00 4.2439E-08 3.7854E-09 4.6573E-08 5.2088E-09 8.9011E-08 1.20E-07 6.94E-07   0.450 0.6000 2.8780E-06   1870.543
24900.00 0.63747329 0.0000E+00            0.0000E+00 4.4215E-08 3.9403E-09 4.8471E-08 5.4115E-09 9.2687E-08 1.24E-07 7.21E-07   0.450 0.6000 2.9979E-06   1875.140
24910.00 0.63726854 0.0000E+00            0.0000E+00 4.2926E-08 3.8220E-09 4.7009E-08 5.2390E-09 8.9935E-08 1.20E-07 6.99E-07   0.451 0.6000 2.9098E-06   1872.821
24920.00 0.63706785 0.0000E+00            0.0000E+00 4.2091E-08 3.7439E-09 4.6041E-08 5.1210E-09 8.8132E-08 1.18E-07 6.84E-07   0.451 0.6000 2.8526E-06   1871.474
24930.00 0.63686621 0.0000E+00            0.0000E+00 4.4717E-08 3.9737E-09 4.8859E-08 5.4242E-09 9.3577E-08 1.24E-07 7.26E-07   0.451 0.6000 3.0300E-06   1877.984
24940.00 0.63663477 0.0000E+00            0.0000E+00 4.5140E-08 4.0082E-09 4.9271E-08 5.4609E-09 9.4411E-08 1.25E-07 7.32E-07   0.452 0.6000 3.0585E-06   1879.492
24950.00 0.63640511 0.0000E+00            0.0000E+00 3.9848E-08 3.5357E-09 4.3450E-08 4.8075E-09 8.3299E-08 1.10E-07 6.45E-07   0.452 0.6000 2.6998E-06   1867.876
24960.00 0.63623273 0.0000E+00            0.0000E+00 3.8489E-08 3.4108E-09 4.1914E-08 4.6272E-09 8.0402E-08 1.06E-07 6.22E-07   0.452 0.6000 2.6061E-06   1865.074
24970.00 0.63604146 0.0000E+00            0.0000E+00 4.4733E-08 3.9601E-09 4.8660E-08 5.3617E-09 9.3392E-08 1.23E-07 7.21E-07   0.452 0.6000 3.0278E-06   1880.329
24980.00 0.63578737 0.0000E+00            0.0000E+00 4.7002E-08 4.1583E-09 5.1078E-08 5.6194E-09 9.8080E-08 1.29E-07 7.57E-07   0.453 0.6000 3.1817E-06   1885.797
24990.00 0.63557744 0.0000E+00            0.0000E+00 4.3922E-08 3.8824E-09 4.7680E-08 5.2358E-09 9.1602E-08 1.20E-07 7.06E-07   0.453 0.6000 2.9726E-06   1879.694
25000.00 0.63539541 0.0000E+00            0.0000E+00 4.0733E-08 3.5967E-09 4.4170E-08 4.8413E-09 8.4902E-08 1.11E-07 6.54E-07   0.454 0.6000 2.7553E-06   1872.892
25010.00 0.63514209 0.0000E+00            0.0000E+00 3.8483E-08 3.3954E-09 4.1681E-08 4.5598E-09 8.0164E-08 1.05E-07 6.17E-07   0.454 0.6000 2.6024E-06   1867.939
25020.00 0.63492364 0.0000E+00            0.0000E+00 3.9214E-08 3.4564E-09 4.2422E-08 4.6315E-09 8.1635E-08 1.06E-07 6.27E-07   0.454 0.6000 2.6499E-06   1870.336
25030.00 0.63477939 0.0000E+00            0.0000E+00 4.2788E-08 3.7667E-09 4.6239E-08 5.0382E-09 8.9027E-08 1.16E-07 6.83E-07   0.454 0.6000 2.8879E-06   1879.430
25040.00 0.63459468 0.0000E+00            0.0000E+00 4.4880E-08 3.9470E-09 4.8450E-08 5.2699E-09 9.3330E-08 1.21E-07 7.15E-07   0.455 0.6000 3.0267E-06   1884.706
25050.00 0.63437265 0.0000E+00            0.0000E+00 4.3115E-08 3.7886E-09 4.6495E-08 5.0481E-09 8.9610E-08 1.16E-07 6.86E-07   0.455 0.6000 2.9064E-06   1881.338
25060.00 0.63415778 0.0000E+00            0.0000E+00 4.2437E-08 3.7253E-09 4.5708E-08 4.9526E-09 8.8145E-08 1.14E-07 6.74E-07   0.455 0.6000 2.8596E-06   1880.353
25070.00 0.63398170 0.0000E+00            0.0000E+00 4.2699E-08 3.7444E-09 4.5945E-08 4.9693E-09 8.8644E-08 1.14E-07 6.77E-07   0.456 0.6000 2.8761E-06   1881.540
25080.00 0.63380766 0.0000E+00            0.0000E+00 4.0373E-08 3.5365E-09 4.3397E-08 4.6851E-09 8.3769E-08 1.08E-07 6.39E-07   0.456 0.6000 2.7189E-06   1876.637
25090.00 0.63356513 0.0000E+00            0.0000E+00 3.8192E-08 3.3428E-09 4.1006E-08 4.4186E-09 7.9199E-08 1.01E-07 6.03E-07   0.456 0.6000 2.5733E-06   1871.807
25100.00 0.63334012 0.0000E+00            0.0000E+00 3.7309E-08 3.2626E-09 4.0013E-08 4.3035E-09 7.7322E-08 9.88E-08 5.88E-07   0.457 0.6000 2.5143E-06   1870.111
25110.00 0.63317966 0.0000E+00            0.0000E+00 3.8193E-08 3.3358E-09 4.0915E-08 4.3916E-09 7.9108E-08 1.01E-07 6.01E-07   0.457 0.6000 2.5721E-06   1872.956
25120.00 0.63301903 0.0000E+00            0.0000E+00 3.9280E-08 3.4270E-09 4.2037E-08 4.5038E-09 8.1318E-08 1.03E-07 6.17E-07   0.457 0.6000 2.6432E-06   1876.264
25130.00 0.63285393 0.0000E+00            0.0000E+00 3.7108E-08 3.2341E-09 3.9673E-08 4.2428E-09 7.6781E-08 9.74E-08 5.82E-07   0.458 0.6000 2.4950E-06   1871.319
25140.00 0.63265193 0.0000E+00            0.0000E+00 3.2818E-08 2.8572E-09 3.5049E-08 3.7412E-09 6.7867E-08 8.59E-08 5.14E-07   0.458 0.6000 2.2049E-06   1860.068
25150.00 0.63232720 0.0000E+00            0.0000E+00 2.7450E-08 2.3886E-09 2.9284E-08 3.1204E-09 5.6734E-08 7.16E-08 4.29E-07   0.458 0.6000 1.8442E-06   1843.707
25160.00 0.63189977 0.0000E+00            0.0000E+00 2.1588E-08 1.8783E-09 2.3001E-08 2.4467E-09 4.4589E-08 5.62E-08 3.37E-07   0.459 0.6000 1.4514E-06   1821.968
25170.00 0.63161916 0.0000E+00            0.0000E+00 1.5956E-08 1.3879E-09 1.6982E-08 1.8034E-09 3.2939E-08 4.14E-08 2.49E-07   0.459 0.6000 1.0732E-06   1795.221
25180.00 0.63158357 0.0000E+00            0.0000E+00 1.0026E-08 8.7094E-10 1.0661E-08 1.1302E-09 2.0687E-08 2.59E-08 1.56E-07   0.460 0.6000 6.7354E-07   1755.357
25190.00 0.63155335 0.0000E+00            0.0000E+00 6.4619E-09 5.6005E-10 6.8629E-09 7.2564E-10 1.3325E-08 1.67E-08 1.00E-07   0.460 0.6000 4.3316E-07   1719.310
25200.00 0.63141036 0.0000E+00            0.0000E+00 8.7030E-09 7.5291E-10 9.2283E-09 9.7288E-10 1.7931E-08 2.23E-08 1.35E-07   0.460 0.6000 5.8276E-07   1744.465
25210.00 0.63119644 0.0000E+00            0.0000E+00 1.4663E-08 1.2676E-09 1.5533E-08 1.6348E-09 3.0196E-08 3.75E-08 2.27E-07   0.460 0.6000 9.8174E-07   1789.938
25220.00 0.63099903 0.0000E+00            0.0000E+00 1.9080E-08 1.6480E-09 2.0195E-08 2.1223E-09 3.9276E-08 4.87E-08 2.94E-07   0.460 0.6000 1.2769E-06   1814.075
25230.00 0.63085747 0.0000E+00            0.0000E+00 2.1592E-08 1.8625E-09 2.2830E-08 2.3944E-09 4.4422E-08 5.50E-08 3.33E-07   0.461 0.6000 1.4440E-06   1825.925
25240.00 0.63070023 0.0000E+00            0.0000E+00 2.7661E-08 2.3828E-09 2.9211E-08 3.0569E-09 5.6872E-08 7.02E-08 4.25E-07   0.461 0.6000 1.8491E-06   1849.523
25250.00 0.63050860 0.0000E+00            0.0000E+00 3.4170E-08 2.9410E-09 3.6051E-08 3.7667E-09 7.0221E-08 8.65E-08 5.24E-07   0.461 0.6000 2.2839E-06   1870.226
25260.00 0.63030785 0.0000E+00            0.0000E+00 3.4199E-08 2.9410E-09 3.6048E-08 3.7600E-09 7.0247E-08 8.63E-08 5.24E-07   0.462 0.6000 2.2857E-06   1870.888
25270.00 0.63010675 0.0000E+00            0.0000E+00 3.4322E-08 2.9483E-09 3.6134E-08 3.7608E-09 7.0456E-08 8.63E-08 5.25E-07   0.462 0.6000 2.2933E-06   1871.801
25280.00 0.62990606 0.0000E+00            0.0000E+00 3.5166E-08 3.0180E-09 3.6986E-08 3.8428E-09 7.2152E-08 8.82E-08 5.37E-07   0.462 0.6000 2.3489E-06   1874.723
25290.00 0.62970507 0.0000E+00            0.0000E+00 3.3005E-08 2.8297E-09 3.4676E-08 3.5959E-09 6.7681E-08 8.25E-08 5.03E-07   0.463 0.6000 2.2037E-06   1869.187
25300.00 0.62950361 0.0000E+00            0.0000E+00 3.3357E-08 2.8566E-09 3.5003E-08 3.6222E-09 6.8360E-08 8.31E-08 5.07E-07   0.463 0.6000 2.2259E-06   1870.772
25310.00 0.62930268 0.0000E+00            0.0000E+00 3.3186E-08 2.8393E-09 3.4789E-08 3.5938E-09 6.7975E-08 8.25E-08 5.04E-07   0.463 0.6000 2.2130E-06   1870.854
25320.00 0.62910169 0.0000E+00            0.0000E+00 3.1626E-08 2.7028E-09 3.3115E-08 3.4137E-09 6.4741E-08 7.83E-08 4.79E-07   0.463 0.6000 2.1073E-06   1866.805
25330.00 0.62890059 0.0000E+00            0.0000E+00 3.1577E-08 2.6958E-09 3.3028E-08 3.3981E-09 6.4604E-08 7.80E-08 4.78E-07   0.464 0.6000 2.1026E-06   1867.226
25340.00 0.62869906 0.0000E+00            0.0000E+00 2.8560E-08 2.4360E-09 2.9844E-08 3.0652E-09 5.8404E-08 7.04E-08 4.31E-07   0.464 0.6000 1.9006E-06   1858.245
25350.00 0.62849665 0.0000E+00            0.0000E+00 2.5132E-08 2.1412E-09 2.6230E-08 2.6882E-09 5.1361E-08 6.17E-08 3.79E-07   0.464 0.6000 1.6715E-06   1846.771
25360.00 0.62829375 0.0000E+00            0.0000E+00 2.5096E-08 2.1358E-09 2.6162E-08 2.6757E-09 5.1257E-08 6.14E-08 3.78E-07   0.465 0.6000 1.6685E-06   1847.200
25370.00 0.62809032 0.0000E+00            0.0000E+00 2.4405E-08 2.0750E-09 2.5416E-08 2.5949E-09 4.9821E-08 5.96E-08 3.67E-07   0.465 0.6000 1.6221E-06   1845.162
25380.00 0.62788677 0.0000E+00            0.0000E+00 2.0372E-08 1.7306E-09 2.1196E-08 2.1603E-09 4.1569E-08 4.96E-08 3.05E-07   0.465 0.6000 1.3537E-06   1829.037
25390.00 0.62768334 0.0000E+00            0.0000E+00 1.4574E-08 1.2369E-09 1.5148E-08 1.5411E-09 2.9722E-08 3.54E-08 2.18E-07   0.466 0.6000 9.6816E-07   1799.417
25400.00 0.62748039 0.0000E+00            0.0000E+00 9.1527E-09 7.7603E-10 9.5036E-09 9.6513E-10 1.8656E-08 2.22E-08 1.37E-07   0.466 0.6000 6.0781E-07   1759.658
25410.00 0.62727767 0.0000E+00            0.0000E+00 5.6933E-09 4.8217E-10 5.9045E-09 5.9832E-10 1.1598E-08 1.37E-08 8.49E-08   0.466 0.6000 3.7789E-07   1720.864
25420.00 0.62707537 0.0000E+00            0.0000E+00 5.8761E-09 4.9685E-10 6.0839E-09 6.1466E-10 1.1960E-08 1.41E-08 8.74E-08   0.467 0.6000 3.8971E-07   1723.940
25430.00 0.62687296 0.0000E+00            0.0000E+00 9.1046E-09 7.6902E-10 9.4161E-09 9.4940E-10 1.8521E-08 2.18E-08 1.35E-07   0.467 0.6000 6.0356E-07   1760.817
25440.00 0.62666935 0.0000E+00            0.0000E+00 1.2679E-08 1.0699E-09 1.3100E-08 1.3185E-09 2.5779E-08 3.03E-08 1.88E-07   0.467 0.6000 8.4036E-07   1789.891
25450.00 0.62646443 0.0000E+00            0.0000E+00 1.7102E-08 1.4417E-09 1.7650E-08 1.7729E-09 3.4752E-08 4.07E-08 2.53E-07   0.468 0.6000 1.1335E-06   1817.030
25460.00 0.62625933 0.0000E+00            0.0000E+00 2.3427E-08 1.9729E-09 2.4152E-08 2.4214E-09 4.7579E-08 5.56E-08 3.46E-07   0.468 0.6000 1.5527E-06   1846.419
25470.00 0.62605494 0.0000E+00            0.0000E+00 2.8234E-08 2.3756E-09 2.9080E-08 2.9105E-09 5.7314E-08 6.68E-08 4.16E-07   0.468 0.6000 1.8709E-06   1864.529
25480.00 0.62585175 0.0000E+00            0.0000E+00 2.8698E-08 2.4124E-09 2.9529E-08 2.9503E-09 5.8228E-08 6.77E-08 4.23E-07   0.469 0.6000 1.9011E-06   1866.651
25490.00 0.62564832 0.0000E+00            0.0000E+00 2.6171E-08 2.1977E-09 2.6900E-08 2.6823E-09 5.3070E-08 6.16E-08 3.85E-07   0.469 0.6000 1.7330E-06   1858.496
25500.00 0.62544501 0.0000E+00            0.0000E+00 2.5586E-08 2.1460E-09 2.6266E-08 2.6132E-09 5.1851E-08 6.00E-08 3.75E-07   0.469 0.6000 1.6936E-06   1856.928
25510.00 0.62524074 0.0000E+00            0.0000E+00 2.9848E-08 2.5008E-09 3.0606E-08 3.0387E-09 6.0454E-08 6.97E-08 4.37E-07   0.470 0.6000 1.9754E-06   1872.089
25520.00 0.62503541 0.0000E+00            0.0000E+00 3.4334E-08 2.8739E-09 3.5170E-08 3.4855E-09 6.9504E-08 8.00E-08 5.02E-07   0.470 0.6000 2.2724E-06   1886.130
25530.00 0.62483090 0.0000E+00            0.0000E+00 3.5473E-08 2.9663E-09 3.6299E-08 3.5906E-09 7.1772E-08 8.24E-08 5.18E-07   0.470 0.6000 2.3475E-06   1889.873
25540.00 0.62462795 0.0000E+00            0.0000E+00 3.6514E-08 3.0500E-09 3.7322E-08 3.6842E-09 7.3836E-08 8.46E-08 5.32E-07   0.471 0.6000 2.4149E-06   1893.259
25550.00 0.62442368 0.0000E+00            0.0000E+00 3.8186E-08 3.1864E-09 3.8990E-08 3.8414E-09 7.7176E-08 8.82E-08 5.55E-07   0.471 0.6000 2.5236E-06   1898.214
25560.00 0.62421739 0.0000E+00            0.0000E+00 3.7550E-08 3.1302E-09 3.8301E-08 3.7663E-09 7.5851E-08 8.64E-08 5.45E-07   0.471 0.6000 2.4800E-06   1897.145
25570.00 0.62401193 0.0000E+00            0.0000E+00 3.6598E-08 3.0474E-09 3.7287E-08 3.6589E-09 7.3885E-08 8.40E-08 5.30E-07   0.472 0.6000 2.4160E-06   1895.204
25580.00 0.62380815 0.0000E+00            0.0000E+00 3.4925E-08 2.9053E-09 3.5546E-08 3.4817E-09 7.0471E-08 7.99E-08 5.05E-07   0.472 0.6000 2.3047E-06   1891.223
25590.00 0.62360430 0.0000E+00            0.0000E+00 3.0549E-08 2.5387E-09 3.1060E-08 3.0365E-09 6.1610E-08 6.97E-08 4.41E-07   0.472 0.6000 2.0151E-06   1878.875
25600.00 0.62339669 0.0000E+00            0.0000E+00 2.7216E-08 2.2591E-09 2.7638E-08 2.6961E-09 5.4854E-08 6.19E-08 3.92E-07   0.473 0.6000 1.7946E-06   1868.423
25610.00 0.62318796 0.0000E+00            0.0000E+00 2.7391E-08 2.2712E-09 2.7784E-08 2.7045E-09 5.5175E-08 6.21E-08 3.94E-07   0.473 0.6000 1.8058E-06   1869.595
25620.00 0.62298226 0.0000E+00            0.0000E+00 3.0245E-08 2.5051E-09 3.0644E-08 2.9768E-09 6.0889E-08 6.83E-08 4.34E-07   0.473 0.6000 1.9935E-06   1879.612
25630.00 0.62277824 0.0000E+00            0.0000E+00 3.1706E-08 2.6236E-09 3.2093E-08 3.1119E-09 6.3799E-08 7.14E-08 4.54E-07   0.474 0.6000 2.0891E-06   1884.720
25640.00 0.62257469 0.0000E+00            0.0000E+00 3.1960E-08 2.6416E-09 3.2313E-08 3.1266E-09 6.4273E-08 7.18E-08 4.57E-07   0.474 0.6000 2.1048E-06   1886.055
25650.00 0.62237072 0.0000E+00            0.0000E+00 3.2935E-08 2.7193E-09 3.3263E-08 3.2121E-09 6.6198E-08 7.37E-08 4.70E-07   0.474 0.6000 2.1681E-06   1889.529
25660.00 0.62216598 0.0000E+00            0.0000E+00 3.2056E-08 2.6441E-09 3.2343E-08 3.1175E-09 6.4399E-08 7.16E-08 4.57E-07   0.475 0.6000 2.1093E-06   1887.490
25670.00 0.62196004 0.0000E+00            0.0000E+00 3.1093E-08 2.5617E-09 3.1334E-08 3.0136E-09 6.2426E-08 6.92E-08 4.42E-07   0.475 0.6000 2.0451E-06   1885.114
25680.00 0.62175328 0.0000E+00            0.0000E+00 3.2244E-08 2.6536E-09 3.2457E-08 3.1151E-09 6.4701E-08 7.15E-08 4.58E-07   0.475 0.6000 2.1203E-06   1889.186
25690.00 0.62154621 0.0000E+00            0.0000E+00 3.0921E-08 2.5425E-09 3.1096E-08 2.9795E-09 6.2018E-08 6.84E-08 4.38E-07   0.476 0.6000 2.0331E-06   1885.726
25700.00 0.62133992 0.0000E+00            0.0000E+00 2.4964E-08 2.0506E-09 2.5080E-08 2.3985E-09 5.0044E-08 5.50E-08 3.53E-07   0.476 0.6000 1.6409E-06   1865.927
25710.00 0.62113458 0.0000E+00            0.0000E+00 1.9909E-08 1.6334E-09 1.9977E-08 1.9062E-09 3.9886E-08 4.38E-08 2.81E-07   0.476 0.6000 1.3080E-06   1845.417
25720.00 0.62092978 0.0000E+00            0.0000E+00 1.8764E-08 1.5376E-09 1.8806E-08 1.7905E-09 3.7570E-08 4.11E-08 2.65E-07   0.477 0.6000 1.2320E-06   1840.534
25730.00 0.62072486 0.0000E+00            0.0000E+00 2.1987E-08 1.7994E-09 2.2008E-08 2.0904E-09 4.3995E-08 4.80E-08 3.09E-07   0.477 0.6000 1.4426E-06   1855.714
25740.00 0.62051940 0.0000E+00            0.0000E+00 2.3574E-08 1.9277E-09 2.3576E-08 2.2358E-09 4.7150E-08 5.13E-08 3.31E-07   0.477 0.6000 1.5461E-06   1862.795
25750.00 0.62031370 0.0000E+00            0.0000E+00 2.0334E-08 1.6610E-09 2.0315E-08 1.9227E-09 4.0649E-08 4.41E-08 2.85E-07   0.478 0.6000 1.3332E-06   1849.608
25760.00 0.62010717 0.0000E+00            0.0000E+00 2.0045E-08 1.6353E-09 2.0000E-08 1.8884E-09 4.0045E-08 4.33E-08 2.80E-07   0.478 0.6000 1.3137E-06   1848.836
25770.00 0.61990058 0.0000E+00            0.0000E+00 1.9993E-08 1.6296E-09 1.9930E-08 1.8786E-09 3.9923E-08 4.31E-08 2.79E-07   0.478 0.6000 1.3100E-06   1849.164
25780.00 0.61969376 0.0000E+00            0.0000E+00 2.0034E-08 1.6308E-09 1.9945E-08 1.8753E-09 3.9979E-08 4.30E-08 2.79E-07   0.479 0.6000 1.3123E-06   1849.904
25790.00 0.61948729 0.0000E+00            0.0000E+00 2.4888E-08 2.0236E-09 2.4748E-08 2.3220E-09 4.9637E-08 5.33E-08 3.46E-07   0.479 0.6000 1.6298E-06   1870.701
25800.00 0.61928129 0.0000E+00            0.0000E+00 2.6758E-08 2.1738E-09 2.6586E-08 2.4905E-09 5.3344E-08 5.72E-08 3.72E-07   0.479 0.6000 1.7517E-06   1878.137
25810.00 0.61907536 0.0000E+00            0.0000E+00 2.1618E-08 1.7546E-09 2.1459E-08 2.0068E-09 4.3077E-08 4.61E-08 3.00E-07   0.480 0.6000 1.4147E-06   1858.653
25820.00 0.61886925 0.0000E+00            0.0000E+00 1.6543E-08 1.3410E-09 1.6400E-08 1.5302E-09 3.2943E-08 3.51E-08 2.29E-07   0.480 0.6000 1.0820E-06   1834.636
25830.00 0.61866331 0.0000E+00            0.0000E+00 1.7722E-08 1.4345E-09 1.7545E-08 1.6326E-09 3.5267E-08 3.75E-08 2.45E-07   0.480 0.6000 1.1585E-06   1841.440
25840.00 0.61845779 0.0000E+00            0.0000E+00 2.2647E-08 1.8312E-09 2.2397E-08 2.0800E-09 4.5044E-08 4.77E-08 3.12E-07   0.481 0.6000 1.4798E-06   1864.655
25850.00 0.61825222 0.0000E+00            0.0000E+00 2.5586E-08 2.0668E-09 2.5279E-08 2.3433E-09 5.0864E-08 5.38E-08 3.52E-07   0.481 0.6000 1.6710E-06   1876.704
25860.00 0.61804706 0.0000E+00            0.0000E+00 2.6703E-08 2.1547E-09 2.6354E-08 2.4380E-09 5.3057E-08 5.60E-08 3.67E-07   0.481 0.6000 1.7430E-06   1881.328
25870.00 0.61784184 0.0000E+00            0.0000E+00 2.8217E-08 2.2742E-09 2.7817E-08 2.5679E-09 5.6034E-08 5.89E-08 3.87E-07   0.482 0.6000 1.8407E-06   1887.153
25880.00 0.61763602 0.0000E+00            0.0000E+00 2.6392E-08 2.1252E-09 2.5994E-08 2.3954E-09 5.2386E-08 5.50E-08 3.61E-07   0.482 0.6000 1.7210E-06   1881.351
25890.00 0.61742896 0.0000E+00            0.0000E+00 1.8868E-08 1.5179E-09 1.8567E-08 1.7082E-09 3.7435E-08 3.92E-08 2.58E-07   0.482 0.6000 1.2299E-06   1850.550
25900.00 0.61721778 0.0000E+00            0.0000E+00 1.3515E-08 1.0858E-09 1.3281E-08 1.2187E-09 2.6796E-08 2.80E-08 1.84E-07   0.483 0.6000 8.8079E-07   1820.913
25910.00 0.61700183 0.0000E+00            0.0000E+00 1.5632E-08 1.2542E-09 1.5341E-08 1.4040E-09 3.0973E-08 3.22E-08 2.13E-07   0.483 0.6000 1.0187E-06   1834.498
25920.00 0.61678696 0.0000E+00            0.0000E+00 1.9825E-08 1.5892E-09 1.9437E-08 1.7757E-09 3.9262E-08 4.08E-08 2.69E-07   0.483 0.6000 1.2920E-06   1856.769
25930.00 0.61657673 0.0000E+00            0.0000E+00 2.1812E-08 1.7467E-09 2.1363E-08 1.9478E-09 4.3175E-08 4.47E-08 2.96E-07   0.484 0.6000 1.4214E-06   1866.207
25940.00 0.61636955 0.0000E+00            0.0000E+00 2.3557E-08 1.8841E-09 2.3045E-08 2.0966E-09 4.6601E-08 4.81E-08 3.19E-07   0.484 0.6000 1.5344E-06   1873.976
25950.00 0.61615926 0.0000E+00            0.0000E+00 2.4742E-08 1.9770E-09 2.4180E-08 2.1958E-09 4.8922E-08 5.04E-08 3.34E-07   0.484 0.6000 1.6109E-06   1879.175
25960.00 0.61594462 0.0000E+00            0.0000E+00 2.3271E-08 1.8576E-09 2.2720E-08 2.0592E-09 4.5991E-08 4.73E-08 3.14E-07   0.485 0.6000 1.5147E-06   1873.963
25970.00 0.61573112 0.0000E+00            0.0000E+00 2.3675E-08 1.8874E-09 2.3084E-08 2.0871E-09 4.6759E-08 4.79E-08 3.19E-07   0.485 0.6000 1.5406E-06   1876.135
25980.00 0.61552078 0.0000E+00            0.0000E+00 2.6009E-08 2.0714E-09 2.5335E-08 2.2861E-09 5.1344E-08 5.25E-08 3.49E-07   0.485 0.6000 1.6923E-06   1885.603
25990.00 0.61530787 0.0000E+00            0.0000E+00 2.5782E-08 2.0513E-09 2.5088E-08 2.2595E-09 5.0870E-08 5.19E-08 3.46E-07   0.486 0.6000 1.6774E-06   1885.338
26000.00 0.61509097 0.0000E+00            0.0000E+00 2.5132E-08 1.9974E-09 2.4428E-08 2.1953E-09 4.9560E-08 5.04E-08 3.37E-07   0.486 0.6000 1.6348E-06   1883.477
26010.00 0.61487252 0.0000E+00            0.0000E+00 2.4492E-08 1.9445E-09 2.3781E-08 2.1330E-09 4.8272E-08 4.90E-08 3.27E-07   0.486 0.6000 1.5926E-06   1881.598
26020.00 0.61465377 0.0000E+00            0.0000E+00 2.0657E-08 1.6385E-09 2.0039E-08 1.7941E-09 4.0696E-08 4.12E-08 2.76E-07   0.487 0.6000 1.3428E-06   1866.192
26030.00 0.61443472 0.0000E+00            0.0000E+00 1.5263E-08 1.2093E-09 1.4790E-08 1.3213E-09 3.0052E-08 3.03E-08 2.03E-07   0.487 0.6000 9.9182E-07   1839.011
26040.00 0.61421502 0.0000E+00            0.0000E+00 1.3464E-08 1.0654E-09 1.3029E-08 1.1611E-09 2.6494E-08 2.66E-08 1.79E-07   0.487 0.6000 8.7467E-07   1828.298
26050.00 0.61399406 0.0000E+00            0.0000E+00 1.5331E-08 1.2117E-09 1.4818E-08 1.3175E-09 3.0149E-08 3.02E-08 2.03E-07   0.488 0.6000 9.9576E-07   1840.505
26060.00 0.61377001 0.0000E+00            0.0000E+00 1.6474E-08 1.3008E-09 1.5907E-08 1.4118E-09 3.2381E-08 3.24E-08 2.18E-07   0.488 0.6000 1.0697E-06   1847.586
26070.00 0.61354178 0.0000E+00            0.0000E+00 1.4555E-08 1.1483E-09 1.4041E-08 1.2440E-09 2.8596E-08 2.86E-08 1.93E-07   0.489 0.6000 9.4482E-07   1836.940
26080.00 0.61331153 0.0000E+00            0.0000E+00 1.2856E-08 1.0130E-09 1.2386E-08 1.0946E-09 2.5242E-08 2.51E-08 1.70E-07   0.489 0.6000 8.3429E-07   1826.384
26090.00 0.61308044 0.0000E+00            0.0000E+00 1.5341E-08 1.2074E-09 1.4761E-08 1.3013E-09 3.0102E-08 2.99E-08 2.02E-07   0.489 0.6000 9.9544E-07   1842.775
26100.00 0.61284924 0.0000E+00            0.0000E+00 1.8484E-08 1.4535E-09 1.7769E-08 1.5637E-09 3.6253E-08 3.59E-08 2.43E-07   0.490 0.6000 1.1992E-06   1860.355
26110.00 0.61261761 0.0000E+00            0.0000E+00 1.7700E-08 1.3906E-09 1.7000E-08 1.4933E-09 3.4700E-08 3.43E-08 2.32E-07   0.490 0.6000 1.1482E-06   1856.934
26120.00 0.61238223 0.0000E+00            0.0000E+00 1.4880E-08 1.1679E-09 1.4276E-08 1.2513E-09 2.9155E-08 2.87E-08 1.95E-07   0.490 0.6000 9.6517E-07   1841.692
26130.00 0.61214203 0.0000E+00            0.0000E+00 1.3343E-08 1.0462E-09 1.2786E-08 1.1182E-09 2.6130E-08 2.57E-08 1.75E-07   0.491 0.6000 8.6552E-07   1832.455
26140.00 0.61189938 0.0000E+00            0.0000E+00 1.6656E-08 1.3043E-09 1.5938E-08 1.3903E-09 3.2594E-08 3.19E-08 2.18E-07   0.491 0.6000 1.0804E-06   1853.019
26150.00 0.61165315 0.0000E+00            0.0000E+00 2.0823E-08 1.6294E-09 1.9909E-08 1.7338E-09 4.0732E-08 3.98E-08 2.72E-07   0.492 0.6000 1.3509E-06   1874.202
26160.00 0.61140513 0.0000E+00            0.0000E+00 1.8166E-08 1.4205E-09 1.7355E-08 1.5090E-09 3.5520E-08 3.46E-08 2.37E-07   0.492 0.6000 1.1788E-06   1862.113
26170.00 0.61115891 0.0000E+00            0.0000E+00 1.7475E-08 1.3647E-09 1.6669E-08 1.4452E-09 3.4144E-08 3.32E-08 2.27E-07   0.492 0.6000 1.1346E-06   1859.085
26180.00 0.61091113 0.0000E+00            0.0000E+00 2.3902E-08 1.8649E-09 2.2775E-08 1.9704E-09 4.6676E-08 4.52E-08 3.10E-07   0.493 0.6000 1.5523E-06   1888.846
26190.00 0.61065960 0.0000E+00            0.0000E+00 2.4772E-08 1.9316E-09 2.3587E-08 2.0378E-09 4.8359E-08 4.68E-08 3.21E-07   0.493 0.6000 1.6090E-06   1892.821
26200.00 0.61040586 0.0000E+00            0.0000E+00 2.0520E-08 1.5985E-09 1.9516E-08 1.6824E-09 4.0036E-08 3.86E-08 2.66E-07   0.494 0.6000 1.3332E-06   1875.640
26210.00 0.61015248 0.0000E+00            0.0000E+00 2.1031E-08 1.6366E-09 1.9976E-08 1.7178E-09 4.1007E-08 3.94E-08 2.72E-07   0.494 0.6000 1.3668E-06   1878.489
26220.00 0.60990018 0.0000E+00            0.0000E+00 2.4658E-08 1.9171E-09 2.3396E-08 2.0077E-09 4.8054E-08 4.61E-08 3.18E-07   0.494 0.6000 1.6029E-06   1894.060
26230.00 0.60965198 0.0000E+00            0.0000E+00 2.9159E-08 2.2649E-09 2.7636E-08 2.3666E-09 5.6795E-08 5.43E-08 3.76E-07   0.495 0.6000 1.8958E-06   1910.706
26240.00 0.60940826 0.0000E+00            0.0000E+00 3.2015E-08 2.4846E-09 3.0314E-08 2.5911E-09 6.2329E-08 5.95E-08 4.12E-07   0.495 0.6000 2.0817E-06   1920.363
26250.00 0.60916555 0.0000E+00            0.0000E+00 2.9241E-08 2.2674E-09 2.7661E-08 2.3599E-09 5.6902E-08 5.42E-08 3.76E-07   0.496 0.6000 1.9016E-06   1912.123
26260.00 0.60892332 0.0000E+00            0.0000E+00 2.6486E-08 2.0515E-09 2.5024E-08 2.1299E-09 5.1510E-08 4.89E-08 3.40E-07   0.496 0.6000 1.7228E-06   1903.148
26270.00 0.60868543 0.0000E+00            0.0000E+00 3.0174E-08 2.3344E-09 2.8473E-08 2.4176E-09 5.8647E-08 5.55E-08 3.86E-07   0.496 0.6000 1.9631E-06   1916.287
26280.00 0.60845590 0.0000E+00            0.0000E+00 3.3971E-08 2.6258E-09 3.2025E-08 2.7143E-09 6.5996E-08 6.23E-08 4.34E-07   0.497 0.6000 2.2101E-06   1928.449
26290.00 0.60823035 0.0000E+00            0.0000E+00 3.2581E-08 2.5159E-09 3.0684E-08 2.5955E-09 6.3265E-08 5.96E-08 4.16E-07   0.497 0.6000 2.1195E-06   1924.922
26300.00 0.60800576 0.0000E+00            0.0000E+00 2.8697E-08 2.2136E-09 2.6998E-08 2.2789E-09 5.5695E-08 5.23E-08 3.65E-07   0.498 0.6000 1.8666E-06   1913.135
26310.00 0.60778707 0.0000E+00            0.0000E+00 2.2879E-08 1.7631E-09 2.1503E-08 1.8116E-09 4.4383E-08 4.16E-08 2.91E-07   0.498 0.6000 1.4879E-06   1892.035
26320.00 0.60757786 0.0000E+00            0.0000E+00 1.9430E-08 1.4952E-09 1.8238E-08 1.5325E-09 3.7668E-08 3.52E-08 2.46E-07   0.498 0.6000 1.2632E-06   1877.255
26330.00 0.60737842 0.0000E+00            0.0000E+00 2.1545E-08 1.6556E-09 2.0198E-08 1.6930E-09 4.1743E-08 3.89E-08 2.73E-07   0.499 0.6000 1.4001E-06   1887.473
26340.00 0.60718668 0.0000E+00            0.0000E+00 2.3005E-08 1.7658E-09 2.1545E-08 1.8026E-09 4.4550E-08 4.14E-08 2.91E-07   0.499 0.6000 1.4941E-06   1894.225
26350.00 0.60699785 0.0000E+00            0.0000E+00 2.3412E-08 1.7945E-09 2.1901E-08 1.8279E-09 4.5312E-08 4.20E-08 2.95E-07   0.499 0.6000 1.5193E-06   1896.445
26360.00 0.60681033 0.0000E+00            0.0000E+00 2.5517E-08 1.9532E-09 2.3843E-08 1.9856E-09 4.9360E-08 4.56E-08 3.21E-07   0.500 0.6000 1.6543E-06   1905.210
26370.00 0.60662580 0.0000E+00            0.0000E+00 2.5465E-08 1.9468E-09 2.3771E-08 1.9757E-09 4.9236E-08 4.53E-08 3.20E-07   0.500 0.6000 1.6493E-06   1905.582
26380.00 0.60644627 0.0000E+00            0.0000E+00 2.3597E-08 1.8014E-09 2.2002E-08 1.8244E-09 4.5599E-08 4.19E-08 2.96E-07   0.500 0.6000 1.5266E-06   1898.878
26390.00 0.60626900 0.0000E+00            0.0000E+00 2.3446E-08 1.7873E-09 2.1836E-08 1.8064E-09 4.5282E-08 4.15E-08 2.93E-07   0.500 0.6000 1.5152E-06   1898.828
26400.00 0.60609424 0.0000E+00            0.0000E+00 2.6399E-08 2.0092E-09 2.4556E-08 2.0263E-09 5.0955E-08 4.65E-08 3.29E-07   0.501 0.6000 1.7043E-06   1910.717
26410.00 0.60591996 0.0000E+00            0.0000E+00 3.2451E-08 2.4662E-09 3.0151E-08 2.4822E-09 6.2601E-08 5.70E-08 4.04E-07   0.501 0.6000 2.0929E-06   1931.329
26420.00 0.60574400 0.0000E+00            0.0000E+00 3.6622E-08 2.7798E-09 3.3994E-08 2.7931E-09 7.0615E-08 6.41E-08 4.55E-07   0.501 0.6000 2.3601E-06   1943.849
26430.00 0.60556901 0.0000E+00            0.0000E+00 3.7735E-08 2.8603E-09 3.4988E-08 2.8684E-09 7.2723E-08 6.58E-08 4.67E-07   0.502 0.6000 2.4296E-06   1947.401
26440.00 0.60539830 0.0000E+00            0.0000E+00 3.8863E-08 2.9415E-09 3.5994E-08 2.9441E-09 7.4857E-08 6.76E-08 4.80E-07   0.502 0.6000 2.4997E-06   1950.913
26450.00 0.60522956 0.0000E+00            0.0000E+00 3.7650E-08 2.8459E-09 3.4836E-08 2.8434E-09 7.2486E-08 6.53E-08 4.64E-07   0.502 0.6000 2.4196E-06   1948.322
26460.00 0.60506034 0.0000E+00            0.0000E+00 3.4670E-08 2.6168E-09 3.2042E-08 2.6094E-09 6.6712E-08 5.99E-08 4.26E-07   0.502 0.6000 2.2261E-06   1940.698
26470.00 0.60488892 0.0000E+00            0.0000E+00 3.3200E-08 2.5022E-09 3.0648E-08 2.4901E-09 6.3848E-08 5.72E-08 4.07E-07   0.503 0.6000 2.1299E-06   1936.987
26480.00 0.60471302 0.0000E+00            0.0000E+00 3.3236E-08 2.5012E-09 3.0647E-08 2.4841E-09 6.3883E-08 5.70E-08 4.07E-07   0.503 0.6000 2.1303E-06   1937.661
26490.00 0.60453403 0.0000E+00            0.0000E+00 3.4107E-08 2.5631E-09 3.1415E-08 2.5406E-09 6.5521E-08 5.83E-08 4.17E-07   0.503 0.6000 2.1844E-06   1940.780
26500.00 0.60435396 0.0000E+00            0.0000E+00 3.1575E-08 2.3701E-09 2.9056E-08 2.3453E-09 6.0631E-08 5.38E-08 3.85E-07   0.504 0.6000 2.0210E-06   1933.764
26510.00 0.60417342 0.0000E+00            0.0000E+00 2.6637E-08 1.9966E-09 2.4484E-08 1.9717E-09 5.1121E-08 4.53E-08 3.24E-07   0.504 0.6000 1.7039E-06   1917.789
26520.00 0.60399091 0.0000E+00            0.0000E+00 2.5525E-08 1.9102E-09 2.3432E-08 1.8821E-09 4.8956E-08 4.32E-08 3.10E-07   0.504 0.6000 1.6317E-06   1914.238
26530.00 0.60380322 0.0000E+00            0.0000E+00 2.4782E-08 1.8524E-09 2.2727E-08 1.8219E-09 4.7509E-08 4.18E-08 3.00E-07   0.505 0.6000 1.5837E-06   1911.974
26540.00 0.60361123 0.0000E+00            0.0000E+00 2.4064E-08 1.7961E-09 2.2042E-08 1.7626E-09 4.6107E-08 4.05E-08 2.91E-07   0.505 0.6000 1.5374E-06   1909.720
26550.00 0.60341835 0.0000E+00            0.0000E+00 2.4986E-08 1.8625E-09 2.2862E-08 1.8242E-09 4.7848E-08 4.19E-08 3.01E-07   0.505 0.6000 1.5958E-06   1913.880
26560.00 0.60322595 0.0000E+00            0.0000E+00 2.4263E-08 1.8064E-09 2.2178E-08 1.7659E-09 4.6441E-08 4.05E-08 2.92E-07   0.505 0.6000 1.5492E-06   1911.635
26570.00 0.60303277 0.0000E+00            0.0000E+00 2.5122E-08 1.8676E-09 2.2935E-08 1.8215E-09 4.8057E-08 4.18E-08 3.02E-07   0.506 0.6000 1.6033E-06   1915.522
26580.00 0.60283554 0.0000E+00            0.0000E+00 2.6037E-08 1.9334E-09 2.3747E-08 1.8822E-09 4.9784E-08 4.32E-08 3.12E-07   0.506 0.6000 1.6610E-06   1919.531
26590.00 0.60263509 0.0000E+00            0.0000E+00 2.1801E-08 1.6171E-09 1.9865E-08 1.5716E-09 4.1666E-08 3.61E-08 2.61E-07   0.506 0.6000 1.3901E-06   1903.142
26600.00 0.60243481 0.0000E+00            0.0000E+00 1.9708E-08 1.4594E-09 1.7933E-08 1.4146E-09 3.7641E-08 3.25E-08 2.35E-07   0.507 0.6000 1.2555E-06   1894.179
26610.00 0.60223442 0.0000E+00            0.0000E+00 2.7405E-08 2.0261E-09 2.4903E-08 1.9590E-09 5.2308E-08 4.50E-08 3.26E-07   0.507 0.6000 1.7441E-06   1926.152
26620.00 0.60203356 0.0000E+00            0.0000E+00 3.4891E-08 2.5770E-09 3.1680E-08 2.4879E-09 6.6571E-08 5.71E-08 4.15E-07   0.507 0.6000 2.2195E-06   1950.425
26630.00 0.60183203 0.0000E+00            0.0000E+00 3.3330E-08 2.4590E-09 3.0234E-08 2.3698E-09 6.3564E-08 5.44E-08 3.95E-07   0.508 0.6000 2.1192E-06   1946.464
26640.00 0.60162979 0.0000E+00            0.0000E+00 2.8256E-08 2.0820E-09 2.5603E-08 2.0024E-09 5.3860E-08 4.60E-08 3.35E-07   0.508 0.6000 1.7957E-06   1930.835
26650.00 0.60142463 0.0000E+00            0.0000E+00 2.1678E-08 1.5955E-09 1.9624E-08 1.5317E-09 4.1302E-08 3.52E-08 2.56E-07   0.508 0.6000 1.3769E-06   1905.963
26660.00 0.60121918 0.0000E+00            0.0000E+00 1.3995E-08 1.0288E-09 1.2656E-08 9.8574E-10 2.6651E-08 2.26E-08 1.65E-07   0.509 0.6000 8.8836E-07   1865.940
26670.00 0.60101575 0.0000E+00            0.0000E+00 1.2192E-08 8.9454E-10 1.1008E-08 8.5449E-10 2.3200E-08 1.96E-08 1.43E-07   0.509 0.6000 7.7306E-07   1854.032
26680.00 0.60080928 0.0000E+00            0.0000E+00 1.4530E-08 1.0648E-09 1.3105E-08 1.0151E-09 2.7635E-08 2.33E-08 1.71E-07   0.509 0.6000 9.2068E-07   1870.434
26690.00 0.60059732 0.0000E+00            0.0000E+00 1.5573E-08 1.1399E-09 1.4031E-08 1.0845E-09 2.9604E-08 2.49E-08 1.82E-07   0.510 0.6000 9.8632E-07   1877.330
26700.00 0.60038328 0.0000E+00            0.0000E+00 1.8663E-08 1.3641E-09 1.6794E-08 1.2947E-09 3.5457E-08 2.97E-08 2.18E-07   0.510 0.6000 1.1815E-06   1894.640
26710.00 0.60016841 0.0000E+00            0.0000E+00 2.4837E-08 1.8129E-09 2.2324E-08 1.7170E-09 4.7161E-08 3.94E-08 2.90E-07   0.511 0.6000 1.5718E-06   1922.285
26720.00 0.59995311 0.0000E+00            0.0000E+00 2.9820E-08 2.1744E-09 2.6778E-08 2.0555E-09 5.6598E-08 4.72E-08 3.47E-07   0.511 0.6000 1.8868E-06   1940.601
26730.00 0.59974009 0.0000E+00            0.0000E+00 2.8725E-08 2.0924E-09 2.5771E-08 1.9746E-09 5.4496E-08 4.53E-08 3.34E-07   0.511 0.6000 1.8173E-06   1937.517
26740.00 0.59952921 0.0000E+00            0.0000E+00 2.1641E-08 1.5747E-09 1.9397E-08 1.4833E-09 4.1039E-08 3.40E-08 2.51E-07   0.512 0.6000 1.3689E-06   1910.831
26750.00 0.59931719 0.0000E+00            0.0000E+00 1.4665E-08 1.0656E-09 1.3129E-08 1.0016E-09 2.7794E-08 2.30E-08 1.70E-07   0.512 0.6000 9.2727E-07   1875.148
26760.00 0.59910518 0.0000E+00            0.0000E+00 1.1621E-08 8.4322E-10 1.0391E-08 7.9065E-10 2.2012E-08 1.81E-08 1.34E-07   0.512 0.6000 7.3447E-07   1854.673
26770.00 0.59889561 0.0000E+00            0.0000E+00 1.2283E-08 8.8981E-10 1.0968E-08 8.3217E-10 2.3251E-08 1.91E-08 1.42E-07   0.513 0.6000 7.7580E-07   1860.171
26780.00 0.59868389 0.0000E+00            0.0000E+00 1.7610E-08 1.2739E-09 1.5705E-08 1.1885E-09 3.3315E-08 2.73E-08 2.03E-07   0.513 0.6000 1.1118E-06   1893.659
26790.00 0.59846914 0.0000E+00            0.0000E+00 2.4669E-08 1.7826E-09 2.1980E-08 1.6601E-09 4.6649E-08 3.81E-08 2.83E-07   0.513 0.6000 1.5571E-06   1926.127
26800.00 0.59825373 0.0000E+00            0.0000E+00 2.8844E-08 2.0819E-09 2.5674E-08 1.9350E-09 5.4518E-08 4.44E-08 3.31E-07   0.514 0.6000 1.8202E-06   1941.863
26810.00 0.59803796 0.0000E+00            0.0000E+00 2.7666E-08 1.9948E-09 2.4603E-08 1.8507E-09 5.2269E-08 4.25E-08 3.17E-07   0.514 0.6000 1.7455E-06   1938.366
26820.00 0.59782219 0.0000E+00            0.0000E+00 2.5327E-08 1.8236E-09 2.2496E-08 1.6880E-09 4.7823E-08 3.87E-08 2.89E-07   0.514 0.6000 1.5976E-06   1930.356
26830.00 0.59760594 0.0000E+00            0.0000E+00 2.7480E-08 1.9759E-09 2.4379E-08 1.8247E-09 5.1859E-08 4.19E-08 3.13E-07   0.515 0.6000 1.7332E-06   1938.826
26840.00 0.59738976 0.0000E+00            0.0000E+00 2.7826E-08 1.9987E-09 2.4663E-08 1.8425E-09 5.2489E-08 4.23E-08 3.16E-07   0.515 0.6000 1.7549E-06   1940.618
26850.00 0.59717369 0.0000E+00            0.0000E+00 2.2903E-08 1.6433E-09 2.0280E-08 1.5119E-09 4.3183E-08 3.47E-08 2.60E-07   0.516 0.6000 1.4442E-06   1922.380
26860.00 0.59695786 0.0000E+00            0.0000E+00 1.6689E-08 1.1959E-09 1.4762E-08 1.0981E-09 3.1450E-08 2.52E-08 1.89E-07   0.516 0.6000 1.0521E-06   1893.123
26870.00 0.59674245 0.0000E+00            0.0000E+00 1.4209E-08 1.0166E-09 1.2550E-08 9.3086E-10 2.6759E-08 2.14E-08 1.61E-07   0.516 0.6000 8.9542E-07   1878.857
26880.00 0.59652728 0.0000E+00            0.0000E+00 1.9803E-08 1.4145E-09 1.7467E-08 1.2917E-09 3.7271E-08 2.96E-08 2.23E-07   0.517 0.6000 1.2474E-06   1910.212
26890.00 0.59631199 0.0000E+00            0.0000E+00 2.9132E-08 2.0785E-09 2.5671E-08 1.8945E-09 5.4803E-08 4.35E-08 3.28E-07   0.517 0.6000 1.8345E-06   1947.908
26900.00 0.59609711 0.0000E+00            0.0000E+00 3.4732E-08 2.4753E-09 3.0577E-08 2.2521E-09 6.5308E-08 5.17E-08 3.90E-07   0.517 0.6000 2.1863E-06   1965.880
26910.00 0.59588271 0.0000E+00            0.0000E+00 3.7408E-08 2.6626E-09 3.2897E-08 2.4174E-09 7.0305E-08 5.55E-08 4.19E-07   0.518 0.6000 2.3534E-06   1973.891
26920.00 0.59566879 0.0000E+00            0.0000E+00 3.7010E-08 2.6312E-09 3.2515E-08 2.3844E-09 6.9524E-08 5.47E-08 4.14E-07   0.518 0.6000 2.3271E-06   1973.389
26930.00 0.59545493 0.0000E+00            0.0000E+00 3.2441E-08 2.3035E-09 2.8471E-08 2.0832E-09 6.0912E-08 4.78E-08 3.62E-07   0.518 0.6000 2.0386E-06   1960.800
26940.00 0.59524053 0.0000E+00            0.0000E+00 2.6595E-08 1.8860E-09 2.3315E-08 1.7020E-09 4.9910E-08 3.91E-08 2.96E-07   0.519 0.6000 1.6702E-06   1941.841
26950.00 0.59502596 0.0000E+00            0.0000E+00 2.1515E-08 1.5237E-09 1.8841E-08 1.3722E-09 4.0355E-08 3.15E-08 2.39E-07   0.519 0.6000 1.3505E-06   1921.995
26960.00 0.59481114 0.0000E+00            0.0000E+00 2.0219E-08 1.4298E-09 1.7684E-08 1.2845E-09 3.7903E-08 2.95E-08 2.24E-07   0.520 0.6000 1.2685E-06   1916.647
26970.00 0.59459633 0.0000E+00            0.0000E+00 2.0437E-08 1.4434E-09 1.7855E-08 1.2940E-09 3.8292E-08 2.97E-08 2.26E-07   0.520 0.6000 1.2815E-06   1918.220
26980.00 0.59438080 0.0000E+00            0.0000E+00 1.9919E-08 1.4049E-09 1.7383E-08 1.2566E-09 3.7302E-08 2.88E-08 2.20E-07   0.520 0.6000 1.2486E-06   1916.343
26990.00 0.59416449 0.0000E+00            0.0000E+00 2.3558E-08 1.6591E-09 2.0532E-08 1.4804E-09 4.4090E-08 3.40E-08 2.60E-07   0.521 0.6000 1.4764E-06   1932.902
27000.00 0.59394801 0.0000E+00            0.0000E+00 2.9178E-08 2.0525E-09 2.5405E-08 1.8279E-09 5.4583E-08 4.20E-08 3.21E-07   0.521 0.6000 1.8283E-06   1954.276
27010.00 0.59373140 0.0000E+00            0.0000E+00 3.1456E-08 2.2102E-09 2.7361E-08 1.9643E-09 5.8817E-08 4.51E-08 3.46E-07   0.521 0.6000 1.9707E-06   1962.266
27020.00 0.59351528 0.0000E+00            0.0000E+00 3.1171E-08 2.1874E-09 2.7085E-08 1.9401E-09 5.8255E-08 4.45E-08 3.42E-07   0.522 0.6000 1.9524E-06   1961.931
27030.00 0.59329921 0.0000E+00            0.0000E+00 3.0149E-08 2.1129E-09 2.6168E-08 1.8700E-09 5.6317E-08 4.29E-08 3.30E-07   0.522 0.6000 1.8878E-06   1959.202
27040.00 0.59308344 0.0000E+00            0.0000E+00 3.0410E-08 2.1283E-09 2.6364E-08 1.8793E-09 5.6774E-08 4.31E-08 3.32E-07   0.522 0.6000 1.9034E-06   1960.614
27050.00 0.59286672 0.0000E+00            0.0000E+00 3.0700E-08 2.1459E-09 2.6588E-08 1.8911E-09 5.7288E-08 4.34E-08 3.35E-07   0.523 0.6000 1.9207E-06   1962.121
27060.00 0.59264910 0.0000E+00            0.0000E+00 2.9328E-08 2.0474E-09 2.5372E-08 1.8004E-09 5.4700E-08 4.13E-08 3.19E-07   0.523 0.6000 1.8343E-06   1958.175
27070.00 0.59243083 0.0000E+00            0.0000E+00 2.9668E-08 2.0681E-09 2.5635E-08 1.8144E-09 5.5303E-08 4.16E-08 3.22E-07   0.524 0.6000 1.8551E-06   1959.869
27080.00 0.59221268 0.0000E+00            0.0000E+00 3.0783E-08 2.1432E-09 2.6571E-08 1.8765E-09 5.7354E-08 4.31E-08 3.33E-07   0.524 0.6000 1.9244E-06   1964.083
27090.00 0.59199488 0.0000E+00            0.0000E+00 2.8636E-08 1.9913E-09 2.4693E-08 1.7400E-09 5.3329E-08 3.99E-08 3.10E-07   0.524 0.6000 1.7896E-06   1957.519
27100.00 0.59177750 0.0000E+00            0.0000E+00 2.4711E-08 1.7161E-09 2.1285E-08 1.4963E-09 4.5996E-08 3.43E-08 2.67E-07   0.525 0.6000 1.5436E-06   1943.693
27110.00 0.59155995 0.0000E+00            0.0000E+00 2.2439E-08 1.5561E-09 1.9305E-08 1.3537E-09 4.1745E-08 3.11E-08 2.42E-07   0.525 0.6000 1.4011E-06   1934.949
27120.00 0.59134209 0.0000E+00            0.0000E+00 2.3571E-08 1.6322E-09 2.0254E-08 1.4166E-09 4.3825E-08 3.25E-08 2.53E-07   0.525 0.6000 1.4712E-06   1940.237
27130.00 0.59112442 0.0000E+00            0.0000E+00 2.5945E-08 1.7943E-09 2.2270E-08 1.5539E-09 4.8215E-08 3.57E-08 2.78E-07   0.526 0.6000 1.6188E-06   1950.102
27140.00 0.59090596 0.0000E+00            0.0000E+00 2.6947E-08 1.8612E-09 2.3106E-08 1.6085E-09 5.0053E-08 3.69E-08 2.88E-07   0.526 0.6000 1.6809E-06   1954.366
27150.00 0.59068739 0.0000E+00            0.0000E+00 2.6982E-08 1.8612E-09 2.3111E-08 1.6051E-09 5.0093E-08 3.68E-08 2.88E-07   0.526 0.6000 1.6827E-06   1955.055
27160.00 0.59046894 0.0000E+00            0.0000E+00 2.6376E-08 1.8171E-09 2.2568E-08 1.5638E-09 4.8944E-08 3.59E-08 2.81E-07   0.527 0.6000 1.6446E-06   1953.399
27170.00 0.59025037 0.0000E+00            0.0000E+00 2.5090E-08 1.7262E-09 2.1443E-08 1.4823E-09 4.6533E-08 3.40E-08 2.67E-07   0.527 0.6000 1.5640E-06   1949.090
27180.00 0.59003168 0.0000E+00            0.0000E+00 2.5035E-08 1.7200E-09 2.1371E-08 1.4736E-09 4.6406E-08 3.38E-08 2.66E-07   0.528 0.6000 1.5602E-06   1949.434
27190.00 0.58981341 0.0000E+00            0.0000E+00 2.7484E-08 1.8856E-09 2.3435E-08 1.6118E-09 5.0919E-08 3.70E-08 2.91E-07   0.528 0.6000 1.7123E-06   1959.107
27200.00 0.58959526 0.0000E+00            0.0000E+00 2.9548E-08 2.0246E-09 2.5169E-08 1.7272E-09 5.4717E-08 3.96E-08 3.12E-07   0.528 0.6000 1.8403E-06   1966.805
27210.00 0.58937699 0.0000E+00            0.0000E+00 3.0207E-08 2.0670E-09 2.5702E-08 1.7596E-09 5.5909E-08 4.04E-08 3.19E-07   0.529 0.6000 1.8808E-06   1969.552
27220.00 0.58915865 0.0000E+00            0.0000E+00 3.1551E-08 2.1560E-09 2.6815E-08 1.8313E-09 5.8366E-08 4.20E-08 3.32E-07   0.529 0.6000 1.9638E-06   1974.437
27230.00 0.58894032 0.0000E+00            0.0000E+00 3.0107E-08 2.0550E-09 2.5563E-08 1.7422E-09 5.5670E-08 4.00E-08 3.16E-07   0.529 0.6000 1.8734E-06   1970.356
27240.00 0.58872247 0.0000E+00            0.0000E+00 2.5596E-08 1.7448E-09 2.1710E-08 1.4760E-09 4.7306E-08 3.39E-08 2.68E-07   0.530 0.6000 1.5920E-06   1954.965
27250.00 0.58850354 0.0000E+00            0.0000E+00 2.4558E-08 1.6714E-09 2.0803E-08 1.4103E-09 4.5361E-08 3.24E-08 2.57E-07   0.530 0.6000 1.5266E-06   1951.487
27260.00 0.58828014 0.0000E+00            0.0000E+00 2.8122E-08 1.9112E-09 2.3794E-08 1.6090E-09 5.1916E-08 3.69E-08 2.94E-07   0.531 0.6000 1.7473E-06   1965.299
27270.00 0.58805424 0.0000E+00            0.0000E+00 3.0738E-08 2.0866E-09 2.5982E-08 1.7532E-09 5.6720E-08 4.02E-08 3.20E-07   0.531 0.6000 1.9092E-06   1974.668
27280.00 0.58783162 0.0000E+00            0.0000E+00 2.8735E-08 1.9483E-09 2.4265E-08 1.6338E-09 5.3000E-08 3.75E-08 2.99E-07   0.531 0.6000 1.7842E-06   1968.563
27290.00 0.58761245 0.0000E+00            0.0000E+00 2.6939E-08 1.8238E-09 2.2720E-08 1.5257E-09 4.9659E-08 3.50E-08 2.80E-07   0.532 0.6000 1.6720E-06   1962.767
27300.00 0.58739358 0.0000E+00            0.0000E+00 2.9111E-08 1.9679E-09 2.4523E-08 1.6425E-09 5.3634E-08 3.77E-08 3.01E-07   0.532 0.6000 1.8063E-06   1970.964
27310.00 0.58717352 0.0000E+00            0.0000E+00 3.2237E-08 2.1765E-09 2.7128E-08 1.8128E-09 5.9364E-08 4.16E-08 3.33E-07   0.532 0.6000 2.0001E-06   1981.671
27320.00 0.58695000 0.0000E+00            0.0000E+00 3.3310E-08 2.2461E-09 2.8001E-08 1.8668E-09 6.1311E-08 4.28E-08 3.44E-07   0.533 0.6000 2.0667E-06   1985.518
27330.00 0.58672237 0.0000E+00            0.0000E+00 3.3150E-08 2.2325E-09 2.7837E-08 1.8514E-09 6.0987E-08 4.25E-08 3.41E-07   0.533 0.6000 2.0571E-06   1985.603
27340.00 0.58649510 0.0000E+00            0.0000E+00 3.2885E-08 2.2118E-09 2.7584E-08 1.8303E-09 6.0470E-08 4.20E-08 3.38E-07   0.534 0.6000 2.0407E-06   1985.365
27350.00 0.58627033 0.0000E+00            0.0000E+00 3.1908E-08 2.1433E-09 2.6735E-08 1.7697E-09 5.8643E-08 4.06E-08 3.27E-07   0.534 0.6000 1.9800E-06   1982.912
27360.00 0.58604383 0.0000E+00            0.0000E+00 3.1363E-08 2.1038E-09 2.6249E-08 1.7333E-09 5.7612E-08 3.98E-08 3.21E-07   0.534 0.6000 1.9462E-06   1981.756
27370.00 0.58581579 0.0000E+00            0.0000E+00 3.0076E-08 2.0150E-09 2.5146E-08 1.6567E-09 5.5221E-08 3.80E-08 3.07E-07   0.535 0.6000 1.8664E-06   1978.150
27380.00 0.58559114 0.0000E+00            0.0000E+00 2.6245E-08 1.7562E-09 2.1920E-08 1.4408E-09 4.8164E-08 3.31E-08 2.67E-07   0.535 0.6000 1.6285E-06   1965.267
27390.00 0.58536565 0.0000E+00            0.0000E+00 2.2411E-08 1.4976E-09 1.8697E-08 1.2260E-09 4.1108E-08 2.81E-08 2.28E-07   0.536 0.6000 1.3904E-06   1950.465
27400.00 0.58513397 0.0000E+00            0.0000E+00 2.0386E-08 1.3604E-09 1.6988E-08 1.1110E-09 3.7373E-08 2.55E-08 2.07E-07   0.536 0.6000 1.2643E-06   1941.916
27410.00 0.58490098 0.0000E+00            0.0000E+00 2.0301E-08 1.3528E-09 1.6897E-08 1.1021E-09 3.7198E-08 2.53E-08 2.06E-07   0.536 0.6000 1.2587E-06   1942.071
27420.00 0.58467001 0.0000E+00            0.0000E+00 2.0697E-08 1.3775E-09 1.7208E-08 1.1198E-09 3.7905E-08 2.57E-08 2.09E-07   0.537 0.6000 1.2828E-06   1944.476
27430.00 0.58443683 0.0000E+00            0.0000E+00 2.0345E-08 1.3523E-09 1.6898E-08 1.0970E-09 3.7243E-08 2.52E-08 2.05E-07   0.537 0.6000 1.2606E-06   1943.394
27440.00 0.58419937 0.0000E+00            0.0000E+00 2.1622E-08 1.4351E-09 1.7936E-08 1.1613E-09 3.9559E-08 2.67E-08 2.18E-07   0.538 0.6000 1.3392E-06   1949.789
27450.00 0.58396024 0.0000E+00            0.0000E+00 2.5551E-08 1.6936E-09 2.1171E-08 1.3672E-09 4.6722E-08 3.14E-08 2.57E-07   0.538 0.6000 1.5820E-06   1966.557
27460.00 0.58372033 0.0000E+00            0.0000E+00 2.9612E-08 1.9604E-09 2.4510E-08 1.5791E-09 5.4122E-08 3.62E-08 2.97E-07   0.538 0.6000 1.8330E-06   1981.674
27470.00 0.58347869 0.0000E+00            0.0000E+00 3.0178E-08 1.9956E-09 2.4954E-08 1.6042E-09 5.5132E-08 3.68E-08 3.02E-07   0.539 0.6000 1.8677E-06   1984.127
27480.00 0.58323312 0.0000E+00            0.0000E+00 2.5971E-08 1.7154E-09 2.1454E-08 1.3762E-09 4.7425E-08 3.16E-08 2.60E-07   0.539 0.6000 1.6070E-06   1969.849
27490.00 0.58298391 0.0000E+00            0.0000E+00 2.2002E-08 1.4513E-09 1.8154E-08 1.1614E-09 4.0156E-08 2.67E-08 2.19E-07   0.540 0.6000 1.3613E-06   1954.261
27500.00 0.58273298 0.0000E+00            0.0000E+00 2.2905E-08 1.5088E-09 1.8875E-08 1.2042E-09 4.1780E-08 2.76E-08 2.28E-07   0.540 0.6000 1.4174E-06   1958.703
27510.00 0.58247733 0.0000E+00            0.0000E+00 2.4320E-08 1.6003E-09 2.0021E-08 1.2745E-09 4.4340E-08 2.93E-08 2.42E-07   0.540 0.6000 1.5053E-06   1965.096
27520.00 0.58221745 0.0000E+00            0.0000E+00 1.9956E-08 1.3119E-09 1.6414E-08 1.0429E-09 3.6370E-08 2.39E-08 1.98E-07   0.541 0.6000 1.2355E-06   1946.555
27530.00 0.58195692 0.0000E+00            0.0000E+00 1.5397E-08 1.0108E-09 1.2648E-08 8.0131E-10 2.8045E-08 1.84E-08 1.52E-07   0.541 0.6000 9.5363E-07   1922.592
27540.00 0.58169597 0.0000E+00            0.0000E+00 1.9472E-08 1.2763E-09 1.5971E-08 1.0086E-09 3.5443E-08 2.31E-08 1.92E-07   0.542 0.6000 1.2065E-06   1945.293
27550.00 0.58143020 0.0000E+00            0.0000E+00 2.7238E-08 1.7836E-09 2.2320E-08 1.4065E-09 4.9558E-08 3.23E-08 2.69E-07   0.542 0.6000 1.6882E-06   1978.451
27560.00 0.58115381 0.0000E+00            0.0000E+00 3.2582E-08 2.1314E-09 2.6671E-08 1.6770E-09 5.9253E-08 3.85E-08 3.21E-07   0.543 0.6000 2.0205E-06   1996.870
27570.00 0.58087027 0.0000E+00            0.0000E+00 3.2923E-08 2.1519E-09 2.6926E-08 1.6896E-09 5.9849E-08 3.88E-08 3.24E-07   0.543 0.6000 2.0427E-06   1998.492
27580.00 0.58058667 0.0000E+00            0.0000E+00 2.8096E-08 1.8346E-09 2.2954E-08 1.4371E-09 5.1049E-08 3.30E-08 2.76E-07   0.544 0.6000 1.7440E-06   1983.218
27590.00 0.58030051 0.0000E+00            0.0000E+00 2.5300E-08 1.6501E-09 2.0644E-08 1.2889E-09 4.5945E-08 2.96E-08 2.48E-07   0.544 0.6000 1.5716E-06   1973.439
27600.00 0.58000726 0.0000E+00            0.0000E+00 2.4115E-08 1.5714E-09 1.9657E-08 1.2246E-09 4.3772E-08 2.81E-08 2.36E-07   0.545 0.6000 1.4989E-06   1969.306
27610.00 0.57970977 0.0000E+00            0.0000E+00 1.9163E-08 1.2477E-09 1.5606E-08 9.7029E-10 3.4769E-08 2.23E-08 1.87E-07   0.545 0.6000 1.1918E-06   1947.672
27620.00 0.57941240 0.0000E+00            0.0000E+00 1.3334E-08 8.6729E-10 1.0847E-08 6.7269E-10 2.4181E-08 1.54E-08 1.30E-07   0.546 0.6000 8.2990E-07   1914.193
27630.00 0.57911509 0.0000E+00            0.0000E+00 1.5967E-08 1.0370E-09 1.2966E-08 8.0110E-10 2.8934E-08 1.84E-08 1.55E-07   0.546 0.6000 9.9491E-07   1931.479
27640.00 0.57881778 0.0000E+00            0.0000E+00 2.4822E-08 1.6107E-09 2.0138E-08 1.2417E-09 4.4961E-08 2.85E-08 2.41E-07   0.547 0.6000 1.5476E-06   1974.358
27650.00 0.57852238 0.0000E+00            0.0000E+00 2.8587E-08 1.8536E-09 2.3172E-08 1.4261E-09 5.1759E-08 3.27E-08 2.78E-07   0.547 0.6000 1.7833E-06   1988.867
27660.00 0.57823163 0.0000E+00            0.0000E+00 2.6875E-08 1.7409E-09 2.1762E-08 1.3363E-09 4.8638E-08 3.07E-08 2.61E-07   0.548 0.6000 1.6777E-06   1983.313
27670.00 0.57794440 0.0000E+00            0.0000E+00 2.4090E-08 1.5589E-09 1.9486E-08 1.1936E-09 4.3576E-08 2.74E-08 2.33E-07   0.548 0.6000 1.5049E-06   1973.116
27680.00 0.57766360 0.0000E+00            0.0000E+00 2.1479E-08 1.3885E-09 1.7355E-08 1.0605E-09 3.8834E-08 2.43E-08 2.08E-07   0.549 0.6000 1.3427E-06   1962.519
27690.00 0.57739526 0.0000E+00            0.0000E+00 1.7150E-08 1.1075E-09 1.3843E-08 8.4416E-10 3.0993E-08 1.94E-08 1.66E-07   0.549 0.6000 1.0724E-06   1941.546
27700.00 0.57713908 0.0000E+00            0.0000E+00 1.6335E-08 1.0532E-09 1.3166E-08 8.0018E-10 2.9501E-08 1.84E-08 1.57E-07   0.550 0.6000 1.0219E-06   1937.486
27710.00 0.57689285 0.0000E+00            0.0000E+00 2.1190E-08 1.3644E-09 1.7060E-08 1.0342E-09 3.8250E-08 2.37E-08 2.04E-07   0.550 0.6000 1.3258E-06   1962.866
27720.00 0.57665527 0.0000E+00            0.0000E+00 2.2072E-08 1.4197E-09 1.7755E-08 1.0742E-09 3.9827E-08 2.47E-08 2.12E-07   0.551 0.6000 1.3808E-06   1967.383
27730.00 0.57642615 0.0000E+00            0.0000E+00 1.9904E-08 1.2784E-09 1.5993E-08 9.6510E-10 3.5897E-08 2.22E-08 1.91E-07   0.551 0.6000 1.2448E-06   1957.954
27740.00 0.57620591 0.0000E+00            0.0000E+00 1.9546E-08 1.2535E-09 1.5687E-08 9.4414E-10 3.5233E-08 2.17E-08 1.87E-07   0.551 0.6000 1.2217E-06   1956.762
27750.00 0.57599384 0.0000E+00            0.0000E+00 2.1304E-08 1.3640E-09 1.7078E-08 1.0249E-09 3.8382E-08 2.35E-08 2.03E-07   0.552 0.6000 1.3307E-06   1965.613
27760.00 0.57578766 0.0000E+00            0.0000E+00 2.6492E-08 1.6934E-09 2.1211E-08 1.2695E-09 4.7704E-08 2.91E-08 2.52E-07   0.552 0.6000 1.6537E-06   1987.490
27770.00 0.57558393 0.0000E+00            0.0000E+00 3.0323E-08 1.9357E-09 2.4255E-08 1.4485E-09 5.4578E-08 3.32E-08 2.88E-07   0.552 0.6000 1.8918E-06   2001.505
27780.00 0.57538158 0.0000E+00            0.0000E+00 2.9595E-08 1.8864E-09 2.3648E-08 1.4088E-09 5.3243E-08 3.23E-08 2.80E-07   0.553 0.6000 1.8452E-06   1999.638
27790.00 0.57518321 0.0000E+00            0.0000E+00 2.6730E-08 1.7012E-09 2.1337E-08 1.2680E-09 4.8067E-08 2.91E-08 2.52E-07   0.553 0.6000 1.6655E-06   1990.069
27800.00 0.57498813 0.0000E+00            0.0000E+00 2.4679E-08 1.5679E-09 1.9676E-08 1.1660E-09 4.4354E-08 2.68E-08 2.33E-07   0.553 0.6000 1.5365E-06   1982.745
27810.00 0.57479298 0.0000E+00            0.0000E+00 2.4600E-08 1.5603E-09 1.9591E-08 1.1578E-09 4.4190E-08 2.66E-08 2.31E-07   0.554 0.6000 1.5305E-06   1982.988
27820.00 0.57459998 0.0000E+00            0.0000E+00 2.5887E-08 1.6392E-09 2.0592E-08 1.2138E-09 4.6479E-08 2.79E-08 2.43E-07   0.554 0.6000 1.6092E-06   1988.571
27830.00 0.57441169 0.0000E+00            0.0000E+00 2.7630E-08 1.7467E-09 2.1955E-08 1.2908E-09 4.9585E-08 2.96E-08 2.58E-07   0.554 0.6000 1.7160E-06   1995.593
27840.00 0.57422656 0.0000E+00            0.0000E+00 2.4957E-08 1.5755E-09 1.9813E-08 1.1623E-09 4.4770E-08 2.67E-08 2.33E-07   0.555 0.6000 1.5488E-06   1986.092
27850.00 0.57404596 0.0000E+00            0.0000E+00 1.9911E-08 1.2547E-09 1.5789E-08 9.2368E-10 3.5700E-08 2.12E-08 1.85E-07   0.555 0.6000 1.2344E-06   1964.646
27860.00 0.57386792 0.0000E+00            0.0000E+00 1.6762E-08 1.0544E-09 1.3277E-08 7.7464E-10 3.0039E-08 1.78E-08 1.56E-07   0.555 0.6000 1.0381E-06   1948.753
27870.00 0.57368904 0.0000E+00            0.0000E+00 1.2848E-08 8.0695E-10 1.0167E-08 5.9180E-10 2.3014E-08 1.36E-08 1.19E-07   0.556 0.6000 7.9509E-07   1924.429
27880.00 0.57351023 0.0000E+00            0.0000E+00 1.0506E-08 6.5845E-10 8.3020E-09 4.8170E-10 1.8808E-08 1.11E-08 9.70E-08   0.556 0.6000 6.4951E-07   1906.552
27890.00 0.57333106 0.0000E+00            0.0000E+00 1.3191E-08 8.2495E-10 1.0409E-08 6.0199E-10 2.3601E-08 1.38E-08 1.21E-07   0.556 0.6000 8.1477E-07   1927.938
27900.00 0.57315165 0.0000E+00            0.0000E+00 1.5367E-08 9.5983E-10 1.2117E-08 6.9938E-10 2.7484E-08 1.61E-08 1.41E-07   0.557 0.6000 9.4866E-07   1942.748
27910.00 0.57296991 0.0000E+00            0.0000E+00 1.3028E-08 8.1254E-10 1.0263E-08 5.9104E-10 2.3291E-08 1.36E-08 1.19E-07   0.557 0.6000 8.0377E-07   1927.898
27920.00 0.57278609 0.0000E+00            0.0000E+00 1.3461E-08 8.3755E-10 1.0588E-08 6.0748E-10 2.4049E-08 1.39E-08 1.23E-07   0.557 0.6000 8.2974E-07   1931.460
27930.00 0.57260382 0.0000E+00            0.0000E+00 1.8459E-08 1.1466E-09 1.4503E-08 8.3001E-10 3.2962E-08 1.90E-08 1.68E-07   0.558 0.6000 1.1371E-06   1961.788
27940.00 0.57242262 0.0000E+00            0.0000E+00 2.2112E-08 1.3714E-09 1.7356E-08 9.9091E-10 3.9468E-08 2.27E-08 2.01E-07   0.558 0.6000 1.3612E-06   1979.795
27950.00 0.57223773 0.0000E+00            0.0000E+00 2.3161E-08 1.4342E-09 1.8161E-08 1.0343E-09 4.1322E-08 2.37E-08 2.10E-07   0.558 0.6000 1.4249E-06   1984.886
27960.00 0.57204926 0.0000E+00            0.0000E+00 2.2503E-08 1.3912E-09 1.7626E-08 1.0014E-09 4.0129E-08 2.30E-08 2.04E-07   0.559 0.6000 1.3835E-06   1982.626
27970.00 0.57186007 0.0000E+00            0.0000E+00 2.1969E-08 1.3558E-09 1.7188E-08 9.7380E-10 3.9158E-08 2.23E-08 1.98E-07   0.559 0.6000 1.3499E-06   1980.837
27980.00 0.57167101 0.0000E+00            0.0000E+00 2.1299E-08 1.3123E-09 1.6646E-08 9.4067E-10 3.7946E-08 2.16E-08 1.92E-07   0.559 0.6000 1.3080E-06   1978.380
27990.00 0.57148200 0.0000E+00            0.0000E+00 1.7862E-08 1.0989E-09 1.3947E-08 7.8630E-10 3.1809E-08 1.80E-08 1.61E-07   0.560 0.6000 1.0964E-06   1961.975
28000.00 0.57129109 0.0000E+00            0.0000E+00 1.4587E-08 8.9577E-10 1.1376E-08 6.3947E-10 2.5963E-08 1.47E-08 1.31E-07   0.560 0.6000 8.9472E-07   1943.349
28010.00 0.57109576 0.0000E+00            0.0000E+00 1.6948E-08 1.0385E-09 1.3198E-08 7.3936E-10 3.0146E-08 1.70E-08 1.51E-07   0.560 0.6000 1.0387E-06   1958.050
28020.00 0.57089865 0.0000E+00            0.0000E+00 1.9725E-08 1.2071E-09 1.5347E-08 8.5800E-10 3.5072E-08 1.97E-08 1.76E-07   0.561 0.6000 1.2081E-06   1973.155
28030.00 0.57070327 0.0000E+00            0.0000E+00 1.6317E-08 9.9724E-10 1.2685E-08 7.0769E-10 2.9002E-08 1.62E-08 1.45E-07   0.561 0.6000 9.9854E-07   1955.568
28040.00 0.57050848 0.0000E+00            0.0000E+00 1.6136E-08 9.8364E-10 1.2523E-08 6.9587E-10 2.8659E-08 1.60E-08 1.43E-07   0.561 0.6000 9.8556E-07   1955.038
28050.00 0.57031310 0.0000E+00            0.0000E+00 2.4029E-08 1.4623E-09 1.8628E-08 1.0323E-09 4.2657E-08 2.37E-08 2.13E-07   0.562 0.6000 1.4658E-06   1994.065
28060.00 0.57011431 0.0000E+00            0.0000E+00 2.8022E-08 1.7032E-09 2.1707E-08 1.2006E-09 4.9729E-08 2.76E-08 2.47E-07   0.562 0.6000 1.7083E-06   2009.903
28070.00 0.56991065 0.0000E+00            0.0000E+00 2.5236E-08 1.5315E-09 1.9528E-08 1.0774E-09 4.4764E-08 2.47E-08 2.22E-07   0.562 0.6000 1.5374E-06   2000.039
28080.00 0.56970429 0.0000E+00            0.0000E+00 2.3375E-08 1.4160E-09 1.8067E-08 9.9379E-10 4.1442E-08 2.28E-08 2.05E-07   0.563 0.6000 1.4231E-06   1993.034
28090.00 0.56949717 0.0000E+00            0.0000E+00 2.5048E-08 1.5148E-09 1.9337E-08 1.0606E-09 4.4385E-08 2.43E-08 2.20E-07   0.563 0.6000 1.5239E-06   2000.409
28100.00 0.56929010 0.0000E+00            0.0000E+00 2.7019E-08 1.6314E-09 2.0836E-08 1.1400E-09 4.7855E-08 2.62E-08 2.36E-07   0.563 0.6000 1.6427E-06   2008.500
28110.00 0.56908172 0.0000E+00            0.0000E+00 2.5466E-08 1.5354E-09 1.9619E-08 1.0708E-09 4.5084E-08 2.46E-08 2.22E-07   0.564 0.6000 1.5475E-06   2003.172
28120.00 0.56886947 0.0000E+00            0.0000E+00 2.2130E-08 1.3322E-09 1.7031E-08 9.2712E-10 3.9161E-08 2.13E-08 1.93E-07   0.564 0.6000 1.3443E-06   1989.897
28130.00 0.56865329 0.0000E+00            0.0000E+00 2.1003E-08 1.2621E-09 1.6143E-08 8.7619E-10 3.7146E-08 2.01E-08 1.82E-07   0.564 0.6000 1.2754E-06   1985.342
28140.00 0.56843811 0.0000E+00            0.0000E+00 2.3572E-08 1.4140E-09 1.8096E-08 9.7923E-10 4.1668E-08 2.25E-08 2.04E-07   0.565 0.6000 1.4310E-06   1997.198
28150.00 0.56822681 0.0000E+00            0.0000E+00 2.7186E-08 1.6283E-09 2.0848E-08 1.1254E-09 4.8034E-08 2.58E-08 2.35E-07   0.565 0.6000 1.6496E-06   2011.912
28160.00 0.56801718 0.0000E+00            0.0000E+00 2.7475E-08 1.6433E-09 2.1049E-08 1.1336E-09 4.8524E-08 2.60E-08 2.37E-07   0.566 0.6000 1.6665E-06   2013.536
28170.00 0.56780398 0.0000E+00            0.0000E+00 2.4365E-08 1.4551E-09 1.8648E-08 1.0017E-09 4.3013E-08 2.30E-08 2.10E-07   0.566 0.6000 1.4775E-06   2002.149
28180.00 0.56758648 0.0000E+00            0.0000E+00 2.3264E-08 1.3868E-09 1.7782E-08 9.5222E-10 4.1046E-08 2.19E-08 2.00E-07   0.566 0.6000 1.4103E-06   1998.135
28190.00 0.56736708 0.0000E+00            0.0000E+00 2.5799E-08 1.5355E-09 1.9697E-08 1.0519E-09 4.5497E-08 2.41E-08 2.21E-07   0.567 0.6000 1.5636E-06   2008.931
28200.00 0.56714463 0.0000E+00            0.0000E+00 2.8153E-08 1.6730E-09 2.1471E-08 1.1437E-09 4.9624E-08 2.62E-08 2.41E-07   0.567 0.6000 1.7059E-06   2018.217
28210.00 0.56691986 0.0000E+00            0.0000E+00 2.7972E-08 1.6599E-09 2.1312E-08 1.1324E-09 4.9284E-08 2.60E-08 2.39E-07   0.568 0.6000 1.6946E-06   2018.136
28220.00 0.56669915 0.0000E+00            0.0000E+00 2.5282E-08 1.4980E-09 1.9242E-08 1.0198E-09 4.4524E-08 2.34E-08 2.15E-07   0.568 0.6000 1.5311E-06   2008.600
28230.00 0.56648296 0.0000E+00            0.0000E+00 2.4713E-08 1.4616E-09 1.8785E-08 9.9244E-10 4.3498E-08 2.28E-08 2.10E-07   0.568 0.6000 1.4958E-06   2006.894
28240.00 0.56626236 0.0000E+00            0.0000E+00 2.6975E-08 1.5928E-09 2.0481E-08 1.0792E-09 4.7456E-08 2.48E-08 2.28E-07   0.569 0.6000 1.6318E-06   2016.174
28250.00 0.56603545 0.0000E+00            0.0000E+00 2.6131E-08 1.5409E-09 1.9822E-08 1.0420E-09 4.5952E-08 2.39E-08 2.21E-07   0.569 0.6000 1.5800E-06   2013.564
28260.00 0.56581086 0.0000E+00            0.0000E+00 2.2666E-08 1.3344E-09 1.7174E-08 9.0031E-10 3.9840E-08 2.07E-08 1.91E-07   0.569 0.6000 1.3696E-06   2000.029
28270.00 0.56559014 0.0000E+00            0.0000E+00 2.1855E-08 1.2843E-09 1.6538E-08 8.6431E-10 3.8393E-08 1.98E-08 1.84E-07   0.570 0.6000 1.3197E-06   1996.999
28280.00 0.56536990 0.0000E+00            0.0000E+00 2.3753E-08 1.3936E-09 1.7955E-08 9.3580E-10 4.1708E-08 2.15E-08 1.99E-07   0.570 0.6000 1.4334E-06   2005.756
28290.00 0.56514794 0.0000E+00            0.0000E+00 2.4837E-08 1.4551E-09 1.8755E-08 9.7504E-10 4.3592E-08 2.24E-08 2.08E-07   0.571 0.6000 1.4980E-06   2010.740
28300.00 0.56492221 0.0000E+00            0.0000E+00 2.4790E-08 1.4500E-09 1.8698E-08 9.6936E-10 4.3488E-08 2.22E-08 2.07E-07   0.571 0.6000 1.4946E-06   2011.109
28310.00 0.56469434 0.0000E+00            0.0000E+00 2.5237E-08 1.4737E-09 1.9013E-08 9.8295E-10 4.4250E-08 2.26E-08 2.10E-07   0.571 0.6000 1.5210E-06   2013.442
28320.00 0.56446624 0.0000E+00            0.0000E+00 2.5926E-08 1.5117E-09 1.9512E-08 1.0060E-09 4.5438E-08 2.31E-08 2.16E-07   0.572 0.6000 1.5621E-06   2016.687
28330.00 0.56423974 0.0000E+00            0.0000E+00 2.5448E-08 1.4816E-09 1.9132E-08 9.8393E-10 4.4580E-08 2.26E-08 2.11E-07   0.572 0.6000 1.5332E-06   2015.392
28340.00 0.56401563 0.0000E+00            0.0000E+00 2.1104E-08 1.2270E-09 1.5850E-08 8.1328E-10 3.6954E-08 1.87E-08 1.75E-07   0.573 0.6000 1.2714E-06   1997.470
28350.00 0.56379092 0.0000E+00            0.0000E+00 1.6938E-08 9.8309E-10 1.2706E-08 6.4997E-10 2.9644E-08 1.49E-08 1.40E-07   0.573 0.6000 1.0206E-06   1976.728
28360.00 0.56356323 0.0000E+00            0.0000E+00 1.6311E-08 9.4522E-10 1.2222E-08 6.2350E-10 2.8533E-08 1.43E-08 1.34E-07   0.573 0.6000 9.8299E-07   1973.672
28370.00 0.56333554 0.0000E+00            0.0000E+00 1.7215E-08 9.9585E-10 1.2883E-08 6.5523E-10 3.0098E-08 1.50E-08 1.42E-07   0.574 0.6000 1.0376E-06   1979.377
28380.00 0.56311148 0.0000E+00            0.0000E+00 1.9995E-08 1.1548E-09 1.4946E-08 7.5799E-10 3.4942E-08 1.74E-08 1.64E-07   0.574 0.6000 1.2054E-06   1994.406
28390.00 0.56288999 0.0000E+00            0.0000E+00 2.1985E-08 1.2679E-09 1.6417E-08 8.3056E-10 3.8402E-08 1.91E-08 1.80E-07   0.575 0.6000 1.3255E-06   2004.249
28400.00 0.56266552 0.0000E+00            0.0000E+00 2.3939E-08 1.3783E-09 1.7855E-08 9.0075E-10 4.1794E-08 2.07E-08 1.95E-07   0.575 0.6000 1.4436E-06   2013.212
28410.00 0.56243622 0.0000E+00            0.0000E+00 2.7054E-08 1.5554E-09 2.0157E-08 1.0143E-09 4.7211E-08 2.33E-08 2.20E-07   0.575 0.6000 1.6320E-06   2025.981
28420.00 0.56220609 0.0000E+00            0.0000E+00 2.7817E-08 1.5970E-09 2.0705E-08 1.0392E-09 4.8522E-08 2.39E-08 2.26E-07   0.576 0.6000 1.6788E-06   2029.342
28430.00 0.56197852 0.0000E+00            0.0000E+00 2.4293E-08 1.3928E-09 1.8064E-08 9.0451E-10 4.2357E-08 2.08E-08 1.97E-07   0.576 0.6000 1.4666E-06   2016.353
28440.00 0.56174946 0.0000E+00            0.0000E+00 1.9110E-08 1.0939E-09 1.4195E-08 7.0885E-10 3.3305E-08 1.63E-08 1.55E-07   0.577 0.6000 1.1534E-06   1993.333
28450.00 0.56151819 0.0000E+00            0.0000E+00 1.7327E-08 9.8998E-10 1.2854E-08 6.3978E-10 3.0181E-08 1.47E-08 1.40E-07   0.577 0.6000 1.0446E-06   1984.412
28460.00 0.56129408 0.0000E+00            0.0000E+00 1.9603E-08 1.1179E-09 1.4524E-08 7.2064E-10 3.4128E-08 1.65E-08 1.58E-07   0.578 0.6000 1.1796E-06   1996.904
28470.00 0.56107646 0.0000E+00            0.0000E+00 2.1411E-08 1.2190E-09 1.5847E-08 7.8425E-10 3.7258E-08 1.80E-08 1.72E-07   0.578 0.6000 1.2864E-06   2006.088
28480.00 0.56085610 0.0000E+00            0.0000E+00 2.2366E-08 1.2711E-09 1.6535E-08 8.1589E-10 3.8900E-08 1.87E-08 1.79E-07   0.578 0.6000 1.3423E-06   2010.938
28490.00 0.56063080 0.0000E+00            0.0000E+00 2.4442E-08 1.3869E-09 1.8050E-08 8.8821E-10 4.2492E-08 2.04E-08 1.95E-07   0.579 0.6000 1.4659E-06   2020.295
28500.00 0.56040269 0.0000E+00            0.0000E+00 2.3809E-08 1.3491E-09 1.7566E-08 8.6226E-10 4.1375E-08 1.98E-08 1.90E-07   0.579 0.6000 1.4274E-06   2018.250
28510.00 0.56017333 0.0000E+00            0.0000E+00 2.2357E-08 1.2646E-09 1.6474E-08 8.0624E-10 3.8832E-08 1.85E-08 1.78E-07   0.580 0.6000 1.3398E-06   2012.570
28520.00 0.55994320 0.0000E+00            0.0000E+00 2.4291E-08 1.3716E-09 1.7878E-08 8.7238E-10 4.2169E-08 2.00E-08 1.93E-07   0.580 0.6000 1.4553E-06   2021.347
28530.00 0.55971283 0.0000E+00            0.0000E+00 2.6208E-08 1.4777E-09 1.9269E-08 9.3782E-10 4.5478E-08 2.15E-08 2.08E-07   0.580 0.6000 1.5698E-06   2029.504
28540.00 0.55948263 0.0000E+00            0.0000E+00 2.6419E-08 1.4872E-09 1.9403E-08 9.4177E-10 4.5822E-08 2.16E-08 2.09E-07   0.581 0.6000 1.5819E-06   2030.866
28550.00 0.55925298 0.0000E+00            0.0000E+00 2.5443E-08 1.4300E-09 1.8666E-08 9.0356E-10 4.4109E-08 2.07E-08 2.01E-07   0.581 0.6000 1.5229E-06   2027.653
28560.00 0.55902445 0.0000E+00            0.0000E+00 2.4556E-08 1.3778E-09 1.7995E-08 8.6850E-10 4.2551E-08 1.99E-08 1.93E-07   0.582 0.6000 1.4691E-06   2024.662
28570.00 0.55879885 0.0000E+00            0.0000E+00 2.3367E-08 1.3091E-09 1.7106E-08 8.2349E-10 4.0473E-08 1.89E-08 1.84E-07   0.582 0.6000 1.3975E-06   2020.282
28580.00 0.55857545 0.0000E+00            0.0000E+00 1.8974E-08 1.0615E-09 1.3877E-08 6.6646E-10 3.2851E-08 1.53E-08 1.49E-07   0.582 0.6000 1.1345E-06   2000.373
28590.00 0.55834836 0.0000E+00            0.0000E+00 1.6237E-08 9.0653E-10 1.1859E-08 5.6754E-10 2.8095E-08 1.30E-08 1.27E-07   0.583 0.6000 9.7059E-07   1985.865
28600.00 0.55811709 0.0000E+00            0.0000E+00 1.8674E-08 1.0407E-09 1.3622E-08 6.4991E-10 3.2296E-08 1.49E-08 1.46E-07   0.583 0.6000 1.1159E-06   1999.912
28610.00 0.55788660 0.0000E+00            0.0000E+00 1.9769E-08 1.1003E-09 1.4407E-08 6.8581E-10 3.4177E-08 1.57E-08 1.54E-07   0.584 0.6000 1.1809E-06   2006.028
28620.00 0.55765933 0.0000E+00            0.0000E+00 1.9462E-08 1.0812E-09 1.4166E-08 6.7227E-10 3.3628E-08 1.54E-08 1.51E-07   0.584 0.6000 1.1618E-06   2005.045
28630.00 0.55743229 0.0000E+00            0.0000E+00 1.9459E-08 1.0794E-09 1.4150E-08 6.6975E-10 3.3609E-08 1.54E-08 1.51E-07   0.584 0.6000 1.1612E-06   2005.588
28640.00 0.55720222 0.0000E+00            0.0000E+00 1.7971E-08 9.9526E-10 1.3053E-08 6.1612E-10 3.1024E-08 1.41E-08 1.39E-07   0.585 0.6000 1.0724E-06   1998.400
28650.00 0.55696958 0.0000E+00            0.0000E+00 1.9673E-08 1.0874E-09 1.4270E-08 6.7125E-10 3.3942E-08 1.54E-08 1.52E-07   0.585 0.6000 1.1740E-06   2007.748
28660.00 0.55673522 0.0000E+00            0.0000E+00 2.4408E-08 1.3471E-09 1.7686E-08 8.2979E-10 4.2094E-08 1.90E-08 1.88E-07   0.586 0.6000 1.4571E-06   2029.624
28670.00 0.55650103 0.0000E+00            0.0000E+00 2.6983E-08 1.4871E-09 1.9532E-08 9.1410E-10 4.6515E-08 2.10E-08 2.07E-07   0.586 0.6000 1.6112E-06   2040.255
28680.00 0.55626780 0.0000E+00            0.0000E+00 2.5198E-08 1.3868E-09 1.8222E-08 8.5074E-10 4.3421E-08 1.95E-08 1.93E-07   0.587 0.6000 1.5049E-06   2033.937
28690.00 0.55603552 0.0000E+00            0.0000E+00 2.1699E-08 1.1922E-09 1.5674E-08 7.2963E-10 3.7373E-08 1.67E-08 1.66E-07   0.587 0.6000 1.2961E-06   2019.612
28700.00 0.55580294 0.0000E+00            0.0000E+00 2.2286E-08 1.2221E-09 1.6077E-08 7.4592E-10 3.8363E-08 1.71E-08 1.70E-07   0.587 0.6000 1.3314E-06   2022.800
28710.00 0.55556965 0.0000E+00            0.0000E+00 2.5402E-08 1.3909E-09 1.8305E-08 8.4703E-10 4.3708E-08 1.94E-08 1.93E-07   0.588 0.6000 1.5178E-06   2036.411
28720.00 0.55533636 0.0000E+00            0.0000E+00 2.5108E-08 1.3729E-09 1.8076E-08 8.3438E-10 4.3184E-08 1.92E-08 1.91E-07   0.588 0.6000 1.5004E-06   2035.805
28730.00 0.55510312 0.0000E+00            0.0000E+00 2.2648E-08 1.2363E-09 1.6286E-08 7.4963E-10 3.8934E-08 1.72E-08 1.71E-07   0.589 0.6000 1.3535E-06   2026.068
28740.00 0.55486923 0.0000E+00            0.0000E+00 2.0084E-08 1.0947E-09 1.4427E-08 6.6231E-10 3.4511E-08 1.52E-08 1.52E-07   0.589 0.6000 1.2004E-06   2014.761
28750.00 0.55463082 0.0000E+00            0.0000E+00 1.6134E-08 8.7814E-10 1.1578E-08 5.3020E-10 2.7712E-08 1.22E-08 1.22E-07   0.589 0.6000 9.6465E-07   1994.043
28760.00 0.55438757 0.0000E+00            0.0000E+00 1.3605E-08 7.3919E-10 9.7508E-09 4.4506E-10 2.3356E-08 1.02E-08 1.02E-07   0.590 0.6000 8.1411E-07   1978.329
28770.00 0.55414504 0.0000E+00            0.0000E+00 1.5701E-08 8.5142E-10 1.1237E-08 5.1114E-10 2.6938E-08 1.17E-08 1.18E-07   0.590 0.6000 9.4010E-07   1992.512
28780.00 0.55390662 0.0000E+00            0.0000E+00 1.9374E-08 1.0490E-09 1.3852E-08 6.2846E-10 3.3226E-08 1.44E-08 1.45E-07   0.591 0.6000 1.1597E-06   2013.434
28790.00 0.55367070 0.0000E+00            0.0000E+00 2.1161E-08 1.1440E-09 1.5114E-08 6.8387E-10 3.6276E-08 1.57E-08 1.58E-07   0.591 0.6000 1.2653E-06   2022.668
28800.00 0.55343854 0.0000E+00            0.0000E+00 2.2232E-08 1.1998E-09 1.5862E-08 7.1557E-10 3.8094E-08 1.64E-08 1.66E-07   0.592 0.6000 1.3273E-06   2028.112
28810.00 0.55320841 0.0000E+00            0.0000E+00 2.2608E-08 1.2180E-09 1.6113E-08 7.2488E-10 3.8721E-08 1.66E-08 1.68E-07   0.592 0.6000 1.3478E-06   2030.335
28820.00 0.55297416 0.0000E+00            0.0000E+00 2.1671E-08 1.1656E-09 1.5428E-08 6.9207E-10 3.7099E-08 1.59E-08 1.61E-07   0.592 0.6000 1.2908E-06   2026.689
28830.00 0.55273688 0.0000E+00            0.0000E+00 1.9797E-08 1.0631E-09 1.4079E-08 6.2984E-10 3.3876E-08 1.45E-08 1.46E-07   0.593 0.6000 1.1787E-06   2018.323
28840.00 0.55249959 0.0000E+00            0.0000E+00 1.8250E-08 9.7837E-10 1.2964E-08 5.7823E-10 3.1214E-08 1.33E-08 1.35E-07   0.593 0.6000 1.0864E-06   2010.913
28850.00 0.55225927 0.0000E+00            0.0000E+00 1.9893E-08 1.0644E-09 1.4112E-08 6.2733E-10 3.4005E-08 1.44E-08 1.46E-07   0.594 0.6000 1.1841E-06   2019.893
28860.00 0.55201697 0.0000E+00            0.0000E+00 2.2617E-08 1.2084E-09 1.6028E-08 7.1063E-10 3.8646E-08 1.63E-08 1.66E-07   0.594 0.6000 1.3461E-06   2033.146
28870.00 0.55177605 0.0000E+00            0.0000E+00 2.1387E-08 1.1411E-09 1.5142E-08 6.6976E-10 3.6530E-08 1.54E-08 1.57E-07   0.595 0.6000 1.2729E-06   2028.156
28880.00 0.55153263 0.0000E+00            0.0000E+00 1.8800E-08 1.0014E-09 1.3295E-08 5.8628E-10 3.2095E-08 1.35E-08 1.38E-07   0.595 0.6000 1.1194E-06   2016.015
28890.00 0.55128372 0.0000E+00            0.0000E+00 1.8942E-08 1.0073E-09 1.3379E-08 5.8825E-10 3.2321E-08 1.35E-08 1.38E-07   0.596 0.6000 1.1288E-06   2017.300
28900.00 0.55103415 0.0000E+00            0.0000E+00 1.9981E-08 1.0610E-09 1.4098E-08 6.1815E-10 3.4079E-08 1.42E-08 1.46E-07   0.596 0.6000 1.1918E-06   2023.097
28910.00 0.55078703 0.0000E+00            0.0000E+00 2.1810E-08 1.1562E-09 1.5370E-08 6.7183E-10 3.7180E-08 1.54E-08 1.58E-07   0.596 0.6000 1.3018E-06   2032.304
28920.00 0.55053920 0.0000E+00            0.0000E+00 2.4845E-08 1.3151E-09 1.7490E-08 7.6240E-10 4.2335E-08 1.75E-08 1.80E-07   0.597 0.6000 1.4834E-06   2045.882
28930.00 0.55028945 0.0000E+00            0.0000E+00 2.5550E-08 1.3505E-09 1.7968E-08 7.8131E-10 4.3518E-08 1.79E-08 1.85E-07   0.597 0.6000 1.5257E-06   2049.263
28940.00 0.55003917 0.0000E+00            0.0000E+00 2.1757E-08 1.1484E-09 1.5286E-08 6.6300E-10 3.7042E-08 1.52E-08 1.57E-07   0.598 0.6000 1.2994E-06   2033.735
28950.00 0.54978848 0.0000E+00            0.0000E+00 1.7343E-08 9.1396E-10 1.2171E-08 5.2627E-10 2.9514E-08 1.21E-08 1.25E-07   0.598 0.6000 1.0363E-06   2012.009
28960.00 0.54953665 0.0000E+00            0.0000E+00 1.8351E-08 9.6523E-10 1.2860E-08 5.5411E-10 3.1211E-08 1.27E-08 1.32E-07   0.599 0.6000 1.0975E-06   2018.054
28970.00 0.54928327 0.0000E+00            0.0000E+00 2.2605E-08 1.1873E-09 1.5824E-08 6.8007E-10 3.8429E-08 1.56E-08 1.62E-07   0.599 0.6000 1.3530E-06   2039.195
28980.00 0.54902655 0.0000E+00            0.0000E+00 2.5186E-08 1.3210E-09 1.7613E-08 7.5494E-10 4.2798E-08 1.73E-08 1.80E-07   0.600 0.6000 1.5092E-06   2050.598
28990.00 0.54876506 0.0000E+00            0.0000E+00 2.4991E-08 1.3091E-09 1.7458E-08 7.4638E-10 4.2450E-08 1.71E-08 1.79E-07   0.600 0.6000 1.4994E-06   2050.376
29000.00 0.54850185 0.0000E+00            0.0000E+00 2.1375E-08 1.1182E-09 1.4918E-08 6.3620E-10 3.6293E-08 1.46E-08 1.52E-07   0.601 0.6000 1.2844E-06   2035.302
29010.00 0.54823858 0.0000E+00            0.0000E+00 1.8718E-08 9.7771E-10 1.3047E-08 5.5470E-10 3.1765E-08 1.27E-08 1.33E-07   0.601 0.6000 1.1275E-06   2022.753
29020.00 0.54797220 0.0000E+00            0.0000E+00 1.7347E-08 9.0501E-10 1.2079E-08 5.1229E-10 2.9426E-08 1.18E-08 1.23E-07   0.602 0.6000 1.0476E-06   2015.878
29030.00 0.54770237 0.0000E+00            0.0000E+00 1.4538E-08 7.5754E-10 1.0112E-08 4.2777E-10 2.4650E-08 9.82E-09 1.03E-07   0.602 0.6000 8.8099E-07   1999.379
29040.00 0.54743296 0.0000E+00            0.0000E+00 1.3073E-08 6.8027E-10 9.0821E-09 3.8309E-10 2.2155E-08 8.79E-09 9.25E-08   0.603 0.6000 7.9539E-07   1989.803
29050.00 0.54717165 0.0000E+00            0.0000E+00 1.2504E-08 6.4984E-10 8.6778E-09 3.6509E-10 2.1182E-08 8.38E-09 8.83E-08   0.603 0.6000 7.6298E-07   1986.142
29060.00 0.54692578 0.0000E+00            0.0000E+00 1.4606E-08 7.5750E-10 1.0121E-08 4.2425E-10 2.4727E-08 9.74E-09 1.03E-07   0.603 0.6000 8.9262E-07   2001.445
29070.00 0.54669571 0.0000E+00            0.0000E+00 1.9182E-08 9.9316E-10 1.3279E-08 5.5509E-10 3.2461E-08 1.27E-08 1.35E-07   0.604 0.6000 1.1699E-06   2028.460
29080.00 0.54647475 0.0000E+00            0.0000E+00 2.0994E-08 1.0849E-09 1.4520E-08 6.0520E-10 3.5514E-08 1.39E-08 1.47E-07   0.604 0.6000 1.2736E-06   2037.938
29090.00 0.54625863 0.0000E+00            0.0000E+00 2.1271E-08 1.0965E-09 1.4693E-08 6.1019E-10 3.5963E-08 1.40E-08 1.49E-07   0.605 0.6000 1.2819E-06   2039.786
29100.00 0.54604334 0.0000E+00            0.0000E+00 2.1946E-08 1.1289E-09 1.5142E-08 6.2684E-10 3.7088E-08 1.44E-08 1.53E-07   0.605 0.6000 1.3174E-06   2043.452
29110.00 0.54582143 0.0000E+00            0.0000E+00 2.1188E-08 1.0880E-09 1.4604E-08 6.0288E-10 3.5793E-08 1.38E-08 1.47E-07   0.605 0.6000 1.2700E-06   2040.511
29120.00 0.54558998 0.0000E+00            0.0000E+00 1.9904E-08 1.0201E-09 1.3703E-08 5.6388E-10 3.3607E-08 1.29E-08 1.38E-07   0.606 0.6000 1.1924E-06   2034.863
29130.00 0.54535246 0.0000E+00            0.0000E+00 2.1112E-08 1.0800E-09 1.4517E-08 5.9544E-10 3.5629E-08 1.37E-08 1.46E-07   0.606 0.6000 1.2642E-06   2041.251
29140.00 0.54511583 0.0000E+00            0.0000E+00 2.4405E-08 1.2462E-09 1.6762E-08 6.8546E-10 4.1167E-08 1.57E-08 1.68E-07   0.607 0.6000 1.4598E-06   2056.319
29150.00 0.54488641 0.0000E+00            0.0000E+00 2.5320E-08 1.2907E-09 1.7373E-08 7.0850E-10 4.2692E-08 1.63E-08 1.74E-07   0.607 0.6000 1.5122E-06   2060.598
29160.00 0.54466391 0.0000E+00            0.0000E+00 2.2044E-08 1.1218E-09 1.5110E-08 6.1452E-10 3.7155E-08 1.41E-08 1.51E-07   0.608 0.6000 1.3146E-06   2047.227
29170.00 0.54444534 0.0000E+00            0.0000E+00 1.9221E-08 9.7609E-10 1.3159E-08 5.3338E-10 3.2380E-08 1.22E-08 1.32E-07   0.608 0.6000 1.1443E-06   2034.172
29180.00 0.54422790 0.0000E+00            0.0000E+00 1.8812E-08 9.5342E-10 1.2864E-08 5.1975E-10 3.1677E-08 1.19E-08 1.28E-07   0.608 0.6000 1.1185E-06   2032.606
29190.00 0.54400671 0.0000E+00            0.0000E+00 1.8227E-08 9.2210E-10 1.2450E-08 5.0157E-10 3.0678E-08 1.15E-08 1.24E-07   0.609 0.6000 1.0829E-06   2030.053
29200.00 0.54378098 0.0000E+00            0.0000E+00 1.7859E-08 9.0173E-10 1.2184E-08 4.8929E-10 3.0044E-08 1.12E-08 1.21E-07   0.609 0.6000 1.0608E-06   2028.599
29210.00 0.54355133 0.0000E+00            0.0000E+00 1.9509E-08 9.8319E-10 1.3294E-08 5.3217E-10 3.2804E-08 1.22E-08 1.32E-07   0.610 0.6000 1.1588E-06   2037.841
29220.00 0.54332030 0.0000E+00            0.0000E+00 2.2392E-08 1.1265E-09 1.5242E-08 6.0836E-10 3.7633E-08 1.40E-08 1.51E-07   0.610 0.6000 1.3303E-06   2052.104
29230.00 0.54309267 0.0000E+00            0.0000E+00 2.5273E-08 1.2692E-09 1.7184E-08 6.8387E-10 4.2457E-08 1.57E-08 1.70E-07   0.610 0.6000 1.5018E-06   2064.857
29240.00 0.54286957 0.0000E+00            0.0000E+00 2.5814E-08 1.2943E-09 1.7535E-08 6.9598E-10 4.3349E-08 1.60E-08 1.74E-07   0.611 0.6000 1.5341E-06   2067.570
29250.00 0.54264826 0.0000E+00            0.0000E+00 2.3059E-08 1.1542E-09 1.5647E-08 6.1934E-10 3.8706E-08 1.42E-08 1.55E-07   0.611 0.6000 1.3703E-06   2056.723
29260.00 0.54242617 0.0000E+00            0.0000E+00 1.9640E-08 9.8129E-10 1.3312E-08 5.2533E-10 3.2952E-08 1.21E-08 1.31E-07   0.612 0.6000 1.1671E-06   2041.269
29270.00 0.54219925 0.0000E+00            0.0000E+00 1.7219E-08 8.5873E-10 1.1658E-08 4.5862E-10 2.8876E-08 1.05E-08 1.15E-07   0.612 0.6000 1.0234E-06   2028.876
29280.00 0.54196739 0.0000E+00            0.0000E+00 1.5855E-08 7.8929E-10 1.0722E-08 4.2050E-10 2.6577E-08 9.65E-09 1.06E-07   0.613 0.6000 9.4298E-07   2021.390
29290.00 0.54173505 0.0000E+00            0.0000E+00 1.6990E-08 8.4415E-10 1.1475E-08 4.4854E-10 2.8465E-08 1.03E-08 1.13E-07   0.613 0.6000 1.0117E-06   2028.660
29300.00 0.54150164 0.0000E+00            0.0000E+00 2.0790E-08 1.0313E-09 1.4026E-08 5.4667E-10 3.4816E-08 1.25E-08 1.38E-07   0.613 0.6000 1.2398E-06   2049.118
29310.00 0.54126263 0.0000E+00            0.0000E+00 2.1816E-08 1.0807E-09 1.4704E-08 5.7178E-10 3.6520E-08 1.31E-08 1.44E-07   0.614 0.6000 1.3030E-06   2054.488
29320.00 0.54101980 0.0000E+00            0.0000E+00 2.0465E-08 1.0122E-09 1.3778E-08 5.3419E-10 3.4242E-08 1.23E-08 1.35E-07   0.614 0.6000 1.2254E-06   2048.659
29330.00 0.54077852 0.0000E+00            0.0000E+00 2.0098E-08 9.9251E-10 1.3516E-08 5.2256E-10 3.3614E-08 1.20E-08 1.32E-07   0.615 0.6000 1.2067E-06   2047.414
29340.00 0.54053736 0.0000E+00            0.0000E+00 1.9296E-08 9.5155E-10 1.2963E-08 4.9985E-10 3.2259E-08 1.15E-08 1.27E-07   0.615 0.6000 1.1622E-06   2043.931
29350.00 0.54029405 0.0000E+00            0.0000E+00 1.9305E-08 9.5051E-10 1.2953E-08 4.9802E-10 3.2258E-08 1.14E-08 1.27E-07   0.616 0.6000 1.1673E-06   2044.523
29360.00 0.54005206 0.0000E+00            0.0000E+00 2.0288E-08 9.9755E-10 1.3599E-08 5.2145E-10 3.3887E-08 1.20E-08 1.33E-07   0.616 0.6000 1.2317E-06   2050.008
29370.00 0.53981328 0.0000E+00            0.0000E+00 2.0128E-08 9.8834E-10 1.3477E-08 5.1550E-10 3.3605E-08 1.18E-08 1.31E-07   0.617 0.6000 1.2267E-06   2049.773
29380.00 0.53957760 0.0000E+00            0.0000E+00 1.9794E-08 9.7043E-10 1.3239E-08 5.0490E-10 3.3033E-08 1.16E-08 1.29E-07   0.617 0.6000 1.2109E-06   2048.664
29390.00 0.53934419 0.0000E+00            0.0000E+00 2.3235E-08 1.1369E-09 1.5520E-08 5.8992E-10 3.8756E-08 1.35E-08 1.51E-07   0.617 0.6000 1.4234E-06   2065.251
29400.00 0.53911418 0.0000E+00            0.0000E+00 2.6486E-08 1.2936E-09 1.7675E-08 6.6992E-10 4.4160E-08 1.54E-08 1.72E-07   0.618 0.6000 1.6168E-06   2079.106
29410.00 0.53889543 0.0000E+00            0.0000E+00 2.5361E-08 1.2356E-09 1.6906E-08 6.3852E-10 4.2267E-08 1.47E-08 1.64E-07   0.618 0.6000 1.5340E-06   2075.239
29420.00 0.53868669 0.0000E+00            0.0000E+00 2.4610E-08 1.1955E-09 1.6384E-08 6.1632E-10 4.0994E-08 1.41E-08 1.58E-07   0.619 0.6000 1.4736E-06   2072.733
29430.00 0.53847086 0.0000E+00            0.0000E+00 2.4018E-08 1.1642E-09 1.5972E-08 5.9887E-10 3.9990E-08 1.37E-08 1.54E-07   0.619 0.6000 1.4316E-06   2070.819
29440.00 0.53824204 0.0000E+00            0.0000E+00 2.1651E-08 1.0475E-09 1.4383E-08 5.3764E-10 3.6034E-08 1.23E-08 1.39E-07   0.619 0.6000 1.2887E-06   2060.922
29450.00 0.53801161 0.0000E+00            0.0000E+00 1.8549E-08 8.9592E-10 1.2310E-08 4.5881E-10 3.0859E-08 1.05E-08 1.19E-07   0.620 0.6000 1.1035E-06   2046.087
29460.00 0.53779113 0.0000E+00            0.0000E+00 1.5447E-08 7.4467E-10 1.0239E-08 3.8048E-10 2.5686E-08 8.73E-09 9.85E-08   0.620 0.6000 9.1822E-07   2028.708
29470.00 0.53757852 0.0000E+00            0.0000E+00 1.4774E-08 7.1054E-10 9.7802E-09 3.6205E-10 2.4554E-08 8.31E-09 9.39E-08   0.621 0.6000 8.7681E-07   2024.927
29480.00 0.53735995 0.0000E+00            0.0000E+00 1.8935E-08 9.0871E-10 1.2519E-08 4.6181E-10 3.1454E-08 1.06E-08 1.20E-07   0.621 0.6000 1.1226E-06   2049.760
29490.00 0.53713250 0.0000E+00            0.0000E+00 2.3199E-08 1.1117E-09 1.5325E-08 5.6395E-10 3.8524E-08 1.29E-08 1.47E-07   0.622 0.6000 1.3750E-06   2070.640
29500.00 0.53690124 0.0000E+00            0.0000E+00 2.1873E-08 1.0467E-09 1.4436E-08 5.2995E-10 3.6310E-08 1.22E-08 1.38E-07   0.622 0.6000 1.2964E-06   2065.275
29510.00 0.53667122 0.0000E+00            0.0000E+00 2.0090E-08 9.5949E-10 1.3243E-08 4.8449E-10 3.3332E-08 1.11E-08 1.26E-07   0.622 0.6000 1.1915E-06   2057.308
29520.00 0.53644371 0.0000E+00            0.0000E+00 2.1327E-08 1.0168E-09 1.4043E-08 5.1220E-10 3.5369E-08 1.18E-08 1.34E-07   0.623 0.6000 1.2663E-06   2063.835
29530.00 0.53621483 0.0000E+00            0.0000E+00 2.1519E-08 1.0244E-09 1.4155E-08 5.1495E-10 3.5674E-08 1.18E-08 1.35E-07   0.623 0.6000 1.2789E-06   2065.292
29540.00 0.53597903 0.0000E+00            0.0000E+00 2.0153E-08 9.5787E-10 1.3243E-08 4.8041E-10 3.3395E-08 1.10E-08 1.26E-07   0.624 0.6000 1.1996E-06   2059.283
29550.00 0.53573585 0.0000E+00            0.0000E+00 2.0114E-08 9.5451E-10 1.3202E-08 4.7746E-10 3.3316E-08 1.10E-08 1.25E-07   0.624 0.6000 1.2011E-06   2059.641
29560.00 0.53548777 0.0000E+00            0.0000E+00 1.8920E-08 8.9678E-10 1.2407E-08 4.4765E-10 3.1327E-08 1.03E-08 1.18E-07   0.625 0.6000 1.1332E-06   2054.113
29570.00 0.53523451 0.0000E+00            0.0000E+00 1.5624E-08 7.3963E-10 1.0235E-08 3.6835E-10 2.5858E-08 8.45E-09 9.71E-08   0.625 0.6000 9.4001E-07   2035.844
29580.00 0.53497833 0.0000E+00            0.0000E+00 1.6519E-08 7.8081E-10 1.0806E-08 3.8762E-10 2.7325E-08 8.90E-09 1.02E-07   0.626 0.6000 1.0011E-06   2041.822
29590.00 0.53472030 0.0000E+00            0.0000E+00 2.0760E-08 9.8025E-10 1.3567E-08 4.8546E-10 3.4327E-08 1.11E-08 1.29E-07   0.626 0.6000 1.2658E-06   2065.016
29600.00 0.53445762 0.0000E+00            0.0000E+00 2.3985E-08 1.1314E-09 1.5659E-08 5.5905E-10 3.9644E-08 1.28E-08 1.48E-07   0.627 0.6000 1.4721E-06   2080.139
29610.00 0.53419036 0.0000E+00            0.0000E+00 2.4614E-08 1.1602E-09 1.6055E-08 5.7202E-10 4.0669E-08 1.31E-08 1.52E-07   0.627 0.6000 1.5221E-06   2083.337
29620.00 0.53392315 0.0000E+00            0.0000E+00 2.1425E-08 1.0092E-09 1.3963E-08 4.9646E-10 3.5388E-08 1.14E-08 1.32E-07   0.628 0.6000 1.3361E-06   2069.859
29630.00 0.53365868 0.0000E+00            0.0000E+00 1.6713E-08 7.8656E-10 1.0880E-08 3.8600E-10 2.7593E-08 8.86E-09 1.03E-07   0.628 0.6000 1.0521E-06   2045.735
29640.00 0.53340018 0.0000E+00            0.0000E+00 1.3050E-08 6.1352E-10 8.4867E-09 3.0033E-10 2.1536E-08 6.89E-09 8.02E-08   0.628 0.6000 8.2771E-07   2022.278
29650.00 0.53316581 0.0000E+00            0.0000E+00 1.1526E-08 5.4073E-10 7.4866E-09 2.6399E-10 1.9013E-08 6.06E-09 7.07E-08   0.629 0.6000 7.2967E-07   2010.978
29660.00 0.53297186 0.0000E+00            0.0000E+00 1.1355E-08 5.3104E-10 7.3665E-09 2.5867E-10 1.8721E-08 5.94E-09 6.93E-08   0.629 0.6000 7.0945E-07   2010.098
29670.00 0.53279752 0.0000E+00            0.0000E+00 1.2361E-08 5.7603E-10 8.0091E-09 2.7993E-10 2.0371E-08 6.42E-09 7.51E-08   0.630 0.6000 7.5975E-07   2018.707
29680.00 0.53260863 0.0000E+00            0.0000E+00 1.5682E-08 7.2870E-10 1.0148E-08 3.5331E-10 2.5830E-08 8.11E-09 9.50E-08   0.630 0.6000 9.5550E-07   2042.222
29690.00 0.53239596 0.0000E+00            0.0000E+00 1.8461E-08 8.5635E-10 1.1935E-08 4.1437E-10 3.0396E-08 9.51E-09 1.12E-07   0.630 0.6000 1.1237E-06   2058.837
29700.00 0.53216469 0.0000E+00            0.0000E+00 2.0330E-08 9.4148E-10 1.3129E-08 4.5448E-10 3.3459E-08 1.04E-08 1.23E-07   0.631 0.6000 1.2398E-06   2069.005
29710.00 0.53192687 0.0000E+00            0.0000E+00 2.2354E-08 1.0335E-09 1.4421E-08 4.9778E-10 3.6775E-08 1.14E-08 1.34E-07   0.631 0.6000 1.3647E-06   2079.111
29720.00 0.53170103 0.0000E+00            0.0000E+00 2.1468E-08 9.9083E-10 1.3837E-08 4.7625E-10 3.5305E-08 1.09E-08 1.29E-07   0.632 0.6000 1.3074E-06   2075.592
29730.00 0.53149271 0.0000E+00            0.0000E+00 1.6465E-08 7.5834E-10 1.0602E-08 3.6383E-10 2.7067E-08 8.35E-09 9.86E-08   0.632 0.6000 9.9679E-07   2049.751
29740.00 0.53129220 0.0000E+00            0.0000E+00 1.0102E-08 4.6417E-10 6.4985E-09 2.2225E-10 1.6601E-08 5.10E-09 6.03E-08   0.632 0.6000 6.0680E-07   2003.413
29750.00 0.53108889 0.0000E+00            0.0000E+00 7.3181E-09 3.3509E-10 4.7001E-09 1.5995E-10 1.2018E-08 3.67E-09 4.35E-08   0.633 0.6000 4.3575E-07   1974.136
29760.00 0.53087372 0.0000E+00            0.0000E+00 9.8116E-09 4.4804E-10 6.2925E-09 2.1322E-10 1.6104E-08 4.89E-09 5.81E-08   0.633 0.6000 5.8237E-07   2001.724
29770.00 0.53064620 0.0000E+00            0.0000E+00 1.6323E-08 7.4401E-10 1.0457E-08 3.5325E-10 2.6780E-08 8.11E-09 9.64E-08   0.634 0.6000 9.6873E-07   2051.067
29780.00 0.53041053 0.0000E+00            0.0000E+00 2.2557E-08 1.0268E-09 1.4439E-08 4.8660E-10 3.6996E-08 1.12E-08 1.33E-07   0.634 0.6000 1.3396E-06   2083.902
29790.00 0.53017199 0.0000E+00            0.0000E+00 2.4368E-08 1.1075E-09 1.5583E-08 5.2378E-10 3.9951E-08 1.20E-08 1.43E-07   0.635 0.6000 1.4481E-06   2092.319
29800.00 0.52993447 0.0000E+00            0.0000E+00 2.3518E-08 1.0670E-09 1.5023E-08 5.0345E-10 3.8541E-08 1.16E-08 1.38E-07   0.635 0.6000 1.3979E-06   2089.254
29810.00 0.52969635 0.0000E+00            0.0000E+00 2.3006E-08 1.0419E-09 1.4680E-08 4.9038E-10 3.7685E-08 1.13E-08 1.35E-07   0.635 0.6000 1.3682E-06   2087.569
29820.00 0.52945530 0.0000E+00            0.0000E+00 2.3592E-08 1.0667E-09 1.5037E-08 5.0081E-10 3.8629E-08 1.15E-08 1.38E-07   0.636 0.6000 1.4051E-06   2090.682
29830.00 0.52921194 0.0000E+00            0.0000E+00 2.2207E-08 1.0027E-09 1.4141E-08 4.6979E-10 3.6348E-08 1.08E-08 1.29E-07   0.636 0.6000 1.3256E-06   2085.099
29840.00 0.52897358 0.0000E+00            0.0000E+00 1.7658E-08 7.9620E-10 1.1233E-08 3.7222E-10 2.8891E-08 8.54E-09 1.03E-07   0.637 0.6000 1.0579E-06   2062.686
29850.00 0.52874398 0.0000E+00            0.0000E+00 1.5853E-08 7.1361E-10 1.0072E-08 3.3264E-10 2.5925E-08 7.63E-09 9.20E-08   0.637 0.6000 9.5588E-07   2052.599
29860.00 0.52850693 0.0000E+00            0.0000E+00 1.8635E-08 8.3774E-10 1.1827E-08 3.8954E-10 3.0462E-08 8.94E-09 1.08E-07   0.638 0.6000 1.1302E-06   2069.135
29870.00 0.52825719 0.0000E+00            0.0000E+00 2.0566E-08 9.2359E-10 1.3041E-08 4.2855E-10 3.3607E-08 9.84E-09 1.19E-07   0.638 0.6000 1.2534E-06   2079.566
29880.00 0.52800626 0.0000E+00            0.0000E+00 2.0891E-08 9.3705E-10 1.3233E-08 4.3373E-10 3.4125E-08 9.95E-09 1.21E-07   0.639 0.6000 1.2798E-06   2081.701
29890.00 0.52775544 0.0000E+00            0.0000E+00 2.0949E-08 9.3855E-10 1.3257E-08 4.3341E-10 3.4206E-08 9.95E-09 1.21E-07   0.639 0.6000 1.2896E-06   2082.537
29900.00 0.52749807 0.0000E+00            0.0000E+00 1.9654E-08 8.7967E-10 1.2426E-08 4.0527E-10 3.2080E-08 9.30E-09 1.13E-07   0.640 0.6000 1.2175E-06   2076.681
29910.00 0.52723026 0.0000E+00            0.0000E+00 1.8998E-08 8.4958E-10 1.1998E-08 3.9037E-10 3.0996E-08 8.96E-09 1.09E-07   0.640 0.6000 1.1886E-06   2073.833
29920.00 0.52695251 0.0000E+00            0.0000E+00 1.9574E-08 8.7488E-10 1.2350E-08 4.0097E-10 3.1923E-08 9.20E-09 1.12E-07   0.641 0.6000 1.2396E-06   2077.377
29930.00 0.52667141 0.0000E+00            0.0000E+00 1.8844E-08 8.4199E-10 1.1878E-08 3.8497E-10 3.0722E-08 8.84E-09 1.08E-07   0.641 0.6000 1.2094E-06   2074.131
29940.00 0.52639800 0.0000E+00            0.0000E+00 1.7697E-08 7.9048E-10 1.1144E-08 3.6048E-10 2.8842E-08 8.27E-09 1.01E-07   0.642 0.6000 1.1527E-06   2068.433
29950.00 0.52614444 0.0000E+00            0.0000E+00 1.6260E-08 7.2583E-10 1.0230E-08 3.3026E-10 2.6489E-08 7.58E-09 9.31E-08   0.642 0.6000 1.0711E-06   2060.606
29960.00 0.52592736 0.0000E+00            0.0000E+00 1.4120E-08 6.2929E-10 8.8742E-09 2.8568E-10 2.2994E-08 6.56E-09 8.06E-08   0.643 0.6000 9.3244E-07   2047.343
29970.00 0.52576041 0.0000E+00            0.0000E+00 1.4953E-08 6.6377E-10 9.3846E-09 3.0057E-10 2.4338E-08 6.90E-09 8.50E-08   0.643 0.6000 9.7057E-07   2053.466
29980.00 0.52562171 0.0000E+00            0.0000E+00 1.8452E-08 8.1559E-10 1.1567E-08 3.6861E-10 3.0019E-08 8.46E-09 1.04E-07   0.643 0.6000 1.1674E-06   2074.781
29990.00 0.52546030 0.0000E+00            0.0000E+00 1.9979E-08 8.8019E-10 1.2512E-08 3.9709E-10 3.2491E-08 9.11E-09 1.12E-07   0.643 0.6000 1.2415E-06   2083.303
30000.00 0.52525878 0.0000E+00            0.0000E+00 2.0314E-08 8.9256E-10 1.2707E-08 4.0175E-10 3.3021E-08 9.22E-09 1.14E-07   0.644 0.6000 1.2517E-06   2085.528
30010.00 0.52504438 0.0000E+00            0.0000E+00 2.0508E-08 8.9935E-10 1.2815E-08 4.0393E-10 3.3323E-08 9.27E-09 1.15E-07   0.644 0.6000 1.2612E-06   2087.040
30020.00 0.52483714 0.0000E+00            0.0000E+00 1.8426E-08 8.0660E-10 1.1504E-08 3.6153E-10 2.9930E-08 8.30E-09 1.03E-07   0.645 0.6000 1.1318E-06   2076.855
30030.00 0.52463281 0.0000E+00            0.0000E+00 1.7408E-08 7.6008E-10 1.0854E-08 3.3980E-10 2.8262E-08 7.80E-09 9.69E-08   0.645 0.6000 1.0654E-06   2071.734
30040.00 0.52442467 0.0000E+00            0.0000E+00 1.8624E-08 8.1131E-10 1.1600E-08 3.6189E-10 3.0224E-08 8.31E-09 1.03E-07   0.645 0.6000 1.1342E-06   2079.017
30050.00 0.52420950 0.0000E+00            0.0000E+00 2.0129E-08 8.7489E-10 1.2524E-08 3.8936E-10 3.2653E-08 8.94E-09 1.11E-07   0.646 0.6000 1.2202E-06   2087.369
30060.00 0.52398330 0.0000E+00            0.0000E+00 2.2655E-08 9.8273E-10 1.4080E-08 4.3633E-10 3.6735E-08 1.00E-08 1.25E-07   0.646 0.6000 1.3706E-06   2099.906
30070.00 0.52374673 0.0000E+00            0.0000E+00 2.2214E-08 9.6226E-10 1.3795E-08 4.2641E-10 3.6009E-08 9.79E-09 1.22E-07   0.647 0.6000 1.3442E-06   2098.468
30080.00 0.52350318 0.0000E+00            0.0000E+00 1.7980E-08 7.7769E-10 1.1154E-08 3.4382E-10 2.9134E-08 7.89E-09 9.88E-08   0.647 0.6000 1.0904E-06   2077.716
30090.00 0.52325392 0.0000E+00            0.0000E+00 1.7082E-08 7.3764E-10 1.0584E-08 3.2514E-10 2.7666E-08 7.46E-09 9.37E-08   0.648 0.6000 1.0416E-06   2073.159
30100.00 0.52299863 0.0000E+00            0.0000E+00 1.9510E-08 8.4154E-10 1.2076E-08 3.7004E-10 3.1587E-08 8.49E-09 1.07E-07   0.648 0.6000 1.1966E-06   2086.995
30110.00 0.52273440 0.0000E+00            0.0000E+00 2.0383E-08 8.7835E-10 1.2604E-08 3.8532E-10 3.2987E-08 8.84E-09 1.11E-07   0.649 0.6000 1.2589E-06   2091.960
30120.00 0.52246147 0.0000E+00            0.0000E+00 2.0452E-08 8.8059E-10 1.2634E-08 3.8532E-10 3.3086E-08 8.84E-09 1.12E-07   0.649 0.6000 1.2744E-06   2092.859
30130.00 0.52218300 0.0000E+00            0.0000E+00 2.0255E-08 8.7152E-10 1.2500E-08 3.8043E-10 3.2755E-08 8.73E-09 1.10E-07   0.650 0.6000 1.2747E-06   2092.436
30140.00 0.52190149 0.0000E+00            0.0000E+00 1.9210E-08 8.2614E-10 1.1844E-08 3.5971E-10 3.1054E-08 8.26E-09 1.05E-07   0.650 0.6000 1.2237E-06   2087.656
30150.00 0.52161694 0.0000E+00            0.0000E+00 1.7166E-08 7.3804E-10 1.0575E-08 3.2058E-10 2.7741E-08 7.36E-09 9.34E-08   0.651 0.6000 1.1085E-06   2076.969
30160.00 0.52132618 0.0000E+00            0.0000E+00 1.4838E-08 6.3786E-10 9.1312E-09 2.7631E-10 2.3969E-08 6.34E-09 8.07E-08   0.651 0.6000 9.7573E-07   2063.123
30170.00 0.52102488 0.0000E+00            0.0000E+00 1.4947E-08 6.4264E-10 9.1881E-09 2.7753E-10 2.4135E-08 6.37E-09 8.13E-08   0.652 0.6000 1.0057E-06   2064.385
30180.00 0.52072304 0.0000E+00            0.0000E+00 1.6378E-08 7.0430E-10 1.0059E-08 3.0338E-10 2.6437E-08 6.96E-09 8.90E-08   0.653 0.6000 1.1237E-06   2073.957
30190.00 0.52044231 0.0000E+00            0.0000E+00 1.6423E-08 7.0609E-10 1.0078E-08 3.0342E-10 2.6501E-08 6.96E-09 8.92E-08   0.653 0.6000 1.1448E-06   2074.787
30200.00 0.52021247 0.0000E+00            0.0000E+00 1.6550E-08 7.1044E-10 1.0144E-08 3.0454E-10 2.6693E-08 6.99E-09 8.97E-08   0.654 0.6000 1.1596E-06   2076.093
30210.00 0.52005219 0.0000E+00            0.0000E+00 1.7404E-08 7.4464E-10 1.0656E-08 3.1856E-10 2.8059E-08 7.31E-09 9.39E-08   0.654 0.6000 1.2011E-06   2081.646
30220.00 0.51991105 0.0000E+00            0.0000E+00 1.6498E-08 7.0311E-10 1.0090E-08 3.0027E-10 2.6587E-08 6.89E-09 8.86E-08   0.654 0.6000 1.1109E-06   2076.875
30230.00 0.51971489 0.0000E+00            0.0000E+00 1.4030E-08 5.9610E-10 8.5705E-09 2.5402E-10 2.2600E-08 5.83E-09 7.51E-08   0.654 0.6000 9.3163E-07   2061.465
30240.00 0.51946408 0.0000E+00            0.0000E+00 1.4412E-08 6.1127E-10 8.7930E-09 2.5968E-10 2.3205E-08 5.96E-09 7.69E-08   0.655 0.6000 9.6308E-07   2064.636
30250.00 0.51920402 0.0000E+00            0.0000E+00 1.7449E-08 7.3942E-10 1.0636E-08 3.1338E-10 2.8086E-08 7.19E-09 9.30E-08   0.655 0.6000 1.1768E-06   2084.098
30260.00 0.51896566 0.0000E+00            0.0000E+00 1.7345E-08 7.3425E-10 1.0564E-08 3.1063E-10 2.7909E-08 7.13E-09 9.23E-08   0.656 0.6000 1.1754E-06   2084.058
30270.00 0.51877648 0.0000E+00            0.0000E+00 1.6922E-08 7.1387E-10 1.0293E-08 3.0123E-10 2.7214E-08 6.91E-09 8.97E-08   0.656 0.6000 1.1353E-06   2082.136
30280.00 0.51864618 0.0000E+00            0.0000E+00 2.1485E-08 9.0169E-10 1.3050E-08 3.7966E-10 3.4536E-08 8.71E-09 1.13E-07   0.657 0.6000 1.3994E-06   2106.721
30290.00 0.51852226 0.0000E+00            0.0000E+00 2.4375E-08 1.0192E-09 1.4792E-08 4.2848E-10 3.9167E-08 9.83E-09 1.28E-07   0.657 0.6000 1.5498E-06   2120.218
30300.00 0.51834530 0.0000E+00            0.0000E+00 2.2584E-08 9.4128E-10 1.3690E-08 3.9492E-10 3.6274E-08 9.06E-09 1.18E-07   0.657 0.6000 1.4148E-06   2112.926
30310.00 0.51812047 0.0000E+00            0.0000E+00 2.1148E-08 8.7940E-10 1.2805E-08 3.6807E-10 3.3954E-08 8.45E-09 1.10E-07   0.658 0.6000 1.3192E-06   2106.774
30320.00 0.51787907 0.0000E+00            0.0000E+00 1.8900E-08 7.8473E-10 1.1433E-08 3.2776E-10 3.0333E-08 7.52E-09 9.82E-08   0.658 0.6000 1.1801E-06   2095.951
30330.00 0.51763970 0.0000E+00            0.0000E+00 1.7411E-08 7.2139E-10 1.0520E-08 3.0044E-10 2.7931E-08 6.90E-09 9.02E-08   0.658 0.6000 1.0880E-06   2088.264
30340.00 0.51740515 0.0000E+00            0.0000E+00 2.0703E-08 8.5590E-10 1.2493E-08 3.5550E-10 3.3196E-08 8.16E-09 1.07E-07   0.659 0.6000 1.2923E-06   2106.261
30350.00 0.51716566 0.0000E+00            0.0000E+00 2.3898E-08 9.8643E-10 1.4409E-08 4.0887E-10 3.8307E-08 9.38E-09 1.23E-07   0.659 0.6000 1.4910E-06   2121.513
30360.00 0.51691276 0.0000E+00            0.0000E+00 2.2980E-08 9.4716E-10 1.3842E-08 3.9172E-10 3.6822E-08 8.99E-09 1.18E-07   0.660 0.6000 1.4365E-06   2118.041
30370.00 0.51664829 0.0000E+00            0.0000E+00 2.0486E-08 8.4332E-10 1.2327E-08 3.4788E-10 3.2814E-08 7.98E-09 1.05E-07   0.660 0.6000 1.2872E-06   2106.864
30380.00 0.51637739 0.0000E+00            0.0000E+00 1.9996E-08 8.2230E-10 1.2019E-08 3.3827E-10 3.2016E-08 7.76E-09 1.03E-07   0.661 0.6000 1.2673E-06   2104.959
30390.00 0.51610261 0.0000E+00            0.0000E+00 1.9879E-08 8.1686E-10 1.1938E-08 3.3524E-10 3.1817E-08 7.69E-09 1.02E-07   0.661 0.6000 1.2714E-06   2104.920
30400.00 0.51582128 0.0000E+00            0.0000E+00 1.7411E-08 7.1496E-10 1.0445E-08 2.9272E-10 2.7856E-08 6.72E-09 8.91E-08   0.662 0.6000 1.1261E-06   2092.124
30410.00 0.51552832 0.0000E+00            0.0000E+00 1.5341E-08 6.2970E-10 9.1939E-09 2.5707E-10 2.4535E-08 5.90E-09 7.84E-08   0.663 0.6000 1.0080E-06   2080.083
30420.00 0.51522076 0.0000E+00            0.0000E+00 1.5094E-08 6.1954E-10 9.0365E-09 2.5219E-10 2.4130E-08 5.79E-09 7.71E-08   0.663 0.6000 1.0111E-06   2079.026
30430.00 0.51490384 0.0000E+00            0.0000E+00 1.5260E-08 6.2649E-10 9.1272E-09 2.5434E-10 2.4387E-08 5.84E-09 7.80E-08   0.664 0.6000 1.0436E-06   2080.657
30440.00 0.51458699 0.0000E+00            0.0000E+00 1.4564E-08 5.9817E-10 8.7034E-09 2.4223E-10 2.3267E-08 5.56E-09 7.44E-08   0.664 0.6000 1.0186E-06   2076.604
30450.00 0.51426816 0.0000E+00            0.0000E+00 1.3884E-08 5.7067E-10 8.2889E-09 2.3041E-10 2.2172E-08 5.29E-09 7.10E-08   0.665 0.6000 1.0001E-06   2072.455
30460.00 0.51394194 0.0000E+00            0.0000E+00 1.4336E-08 5.8983E-10 8.5508E-09 2.3746E-10 2.2886E-08 5.45E-09 7.33E-08   0.666 0.6000 1.0661E-06   2076.152
30470.00 0.51361042 0.0000E+00            0.0000E+00 1.4308E-08 5.8928E-10 8.5273E-09 2.3662E-10 2.2836E-08 5.43E-09 7.32E-08   0.666 0.6000 1.0968E-06   2076.518
30480.00 0.51330262 0.0000E+00            0.0000E+00 1.3265E-08 5.4651E-10 7.8984E-09 2.1887E-10 2.1164E-08 5.02E-09 6.79E-08   0.667 0.6000 1.0423E-06   2069.648
30490.00 0.51307487 0.0000E+00            0.0000E+00 1.2993E-08 5.3429E-10 7.7273E-09 2.1343E-10 2.0720E-08 4.90E-09 6.63E-08   0.667 0.6000 1.0237E-06   2068.163
30500.00 0.51295215 0.0000E+00            0.0000E+00 1.3919E-08 5.6963E-10 8.2677E-09 2.2711E-10 2.2186E-08 5.21E-09 7.06E-08   0.668 0.6000 1.0638E-06   2075.436
30510.00 0.51288694 0.0000E+00            0.0000E+00 1.5038E-08 6.1142E-10 8.9207E-09 2.4336E-10 2.3959E-08 5.59E-09 7.57E-08   0.668 0.6000 1.0940E-06   2083.594
30520.00 0.51278365 0.0000E+00            0.0000E+00 1.5887E-08 6.4253E-10 9.4126E-09 2.5529E-10 2.5299E-08 5.86E-09 7.95E-08   0.668 0.6000 1.1142E-06   2089.578
30530.00 0.51258779 0.0000E+00            0.0000E+00 1.6512E-08 6.6601E-10 9.7726E-09 2.6402E-10 2.6285E-08 6.06E-09 8.24E-08   0.668 0.6000 1.1484E-06   2093.974
30540.00 0.51232976 0.0000E+00            0.0000E+00 1.7936E-08 7.2249E-10 1.0604E-08 2.8566E-10 2.8539E-08 6.56E-09 8.93E-08   0.669 0.6000 1.2570E-06   2102.809
30550.00 0.51207036 0.0000E+00            0.0000E+00 1.7706E-08 7.1256E-10 1.0458E-08 2.8114E-10 2.8164E-08 6.45E-09 8.80E-08   0.669 0.6000 1.2492E-06   2102.068
30560.00 0.51185143 0.0000E+00            0.0000E+00 1.5148E-08 6.0822E-10 8.9379E-09 2.3943E-10 2.4086E-08 5.50E-09 7.51E-08   0.670 0.6000 1.0643E-06   2087.045
30570.00 0.51168269 0.0000E+00            0.0000E+00 1.4890E-08 5.9523E-10 8.7738E-09 2.3371E-10 2.3664E-08 5.36E-09 7.34E-08   0.670 0.6000 1.0233E-06   2085.882
30580.00 0.51153088 0.0000E+00            0.0000E+00 1.6815E-08 6.6917E-10 9.8960E-09 2.6222E-10 2.6711E-08 6.02E-09 8.25E-08   0.670 0.6000 1.1256E-06   2098.520
30590.00 0.51134837 0.0000E+00            0.0000E+00 1.7691E-08 7.0170E-10 1.0400E-08 2.7441E-10 2.8091E-08 6.30E-09 8.64E-08   0.671 0.6000 1.1656E-06   2104.163
30600.00 0.51111990 0.0000E+00            0.0000E+00 1.7628E-08 6.9769E-10 1.0352E-08 2.7219E-10 2.7980E-08 6.25E-09 8.59E-08   0.671 0.6000 1.1580E-06   2104.354
30610.00 0.51086140 0.0000E+00            0.0000E+00 1.7545E-08 6.9343E-10 1.0293E-08 2.6986E-10 2.7839E-08 6.19E-09 8.53E-08   0.672 0.6000 1.1576E-06   2104.434
30620.00 0.51059091 0.0000E+00            0.0000E+00 1.6956E-08 6.6942E-10 9.9376E-09 2.5986E-10 2.6894E-08 5.96E-09 8.23E-08   0.672 0.6000 1.1274E-06   2101.555
30630.00 0.51031315 0.0000E+00            0.0000E+00 1.7225E-08 6.7932E-10 1.0084E-08 2.6296E-10 2.7309E-08 6.04E-09 8.35E-08   0.673 0.6000 1.1567E-06   2103.680
30640.00 0.51002800 0.0000E+00            0.0000E+00 1.7996E-08 7.0919E-10 1.0525E-08 2.7383E-10 2.8522E-08 6.28E-09 8.71E-08   0.673 0.6000 1.2202E-06   2108.643
30650.00 0.50973773 0.0000E+00            0.0000E+00 1.6734E-08 6.5905E-10 9.7778E-09 2.5387E-10 2.6511E-08 5.83E-09 8.09E-08   0.674 0.6000 1.1473E-06   2101.884
30660.00 0.50944060 0.0000E+00            0.0000E+00 1.5176E-08 5.9754E-10 8.8586E-09 2.2952E-10 2.4035E-08 5.27E-09 7.33E-08   0.674 0.6000 1.0593E-06   2092.691
30670.00 0.50913292 0.0000E+00            0.0000E+00 1.5320E-08 6.0326E-10 8.9333E-09 2.3104E-10 2.4253E-08 5.30E-09 7.40E-08   0.675 0.6000 1.0944E-06   2094.175
30680.00 0.50880980 0.0000E+00            0.0000E+00 1.5528E-08 6.1178E-10 9.0463E-09 2.3367E-10 2.4574E-08 5.36E-09 7.50E-08   0.676 0.6000 1.1381E-06   2096.066
30690.00 0.50847310 0.0000E+00            0.0000E+00 1.5302E-08 6.0344E-10 8.9068E-09 2.2983E-10 2.4209E-08 5.27E-09 7.40E-08   0.676 0.6000 1.1562E-06   2095.164
30700.00 0.50813240 0.0000E+00            0.0000E+00 1.5436E-08 6.0930E-10 8.9768E-09 2.3140E-10 2.4413E-08 5.31E-09 7.47E-08   0.677 0.6000 1.2031E-06   2096.586
30710.00 0.50781316 0.0000E+00            0.0000E+00 1.3823E-08 5.4586E-10 8.0318E-09 2.0680E-10 2.1855E-08 4.75E-09 6.69E-08   0.678 0.6000 1.1030E-06   2086.209
30720.00 0.50755548 0.0000E+00            0.0000E+00 1.0664E-08 4.2062E-10 6.1903E-09 1.5896E-10 1.6855E-08 3.65E-09 5.15E-08   0.678 0.6000 8.5721E-07   2061.506
30730.00 0.50734073 0.0000E+00            0.0000E+00 1.0246E-08 4.0280E-10 5.9390E-09 1.5178E-10 1.6185E-08 3.48E-09 4.93E-08   0.679 0.6000 8.1594E-07   2058.190
30740.00 0.50708652 0.0000E+00            0.0000E+00 1.1564E-08 4.5395E-10 6.6965E-09 1.7065E-10 1.8260E-08 3.92E-09 5.55E-08   0.679 0.6000 9.2463E-07   2070.396
30750.00 0.50675994 0.0000E+00            0.0000E+00 1.1305E-08 4.4405E-10 6.5413E-09 1.6650E-10 1.7846E-08 3.82E-09 5.43E-08   0.680 0.6000 9.2831E-07   2068.755
30760.00 0.50640118 0.0000E+00            0.0000E+00 1.0277E-08 4.0424E-10 5.9410E-09 1.5112E-10 1.6218E-08 3.47E-09 4.94E-08   0.680 0.6000 8.7791E-07   2060.115
30770.00 0.50606757 0.0000E+00            0.0000E+00 9.3379E-09 3.6763E-10 5.3934E-09 1.3704E-10 1.4731E-08 3.15E-09 4.49E-08   0.681 0.6000 8.2411E-07   2051.511
30780.00 0.50583899 0.0000E+00            0.0000E+00 9.4492E-09 3.7099E-10 5.4507E-09 1.3793E-10 1.4900E-08 3.17E-09 4.53E-08   0.682 0.6000 8.3089E-07   2053.168
30790.00 0.50577241 0.0000E+00            0.0000E+00 1.1553E-08 4.5025E-10 6.6543E-09 1.6709E-10 1.8208E-08 3.83E-09 5.49E-08   0.682 0.6000 9.5897E-07   2073.010
30800.00 0.50576669 0.0000E+00            0.0000E+00 1.3888E-08 5.3737E-10 7.9889E-09 1.9917E-10 2.1877E-08 4.57E-09 6.54E-08   0.682 0.6000 1.0836E-06   2091.555
30810.00 0.50566089 0.0000E+00            0.0000E+00 1.3524E-08 5.2091E-10 7.7716E-09 1.9278E-10 2.1295E-08 4.42E-09 6.34E-08   0.682 0.6000 1.0203E-06   2089.483
30820.00 0.50544775 0.0000E+00            0.0000E+00 1.2150E-08 4.6664E-10 6.9738E-09 1.7226E-10 1.9124E-08 3.95E-09 5.67E-08   0.682 0.6000 9.0881E-07   2079.525
30830.00 0.50520504 0.0000E+00            0.0000E+00 1.2421E-08 4.7604E-10 7.1206E-09 1.7526E-10 1.9541E-08 4.02E-09 5.79E-08   0.683 0.6000 9.3022E-07   2082.210
30840.00 0.50498217 0.0000E+00            0.0000E+00 1.2673E-08 4.8460E-10 7.2578E-09 1.7801E-10 1.9931E-08 4.09E-09 5.89E-08   0.683 0.6000 9.4484E-07   2084.724
30850.00 0.50479639 0.0000E+00            0.0000E+00 1.1578E-08 4.4138E-10 6.6236E-09 1.6182E-10 1.8201E-08 3.71E-09 5.36E-08   0.684 0.6000 8.5205E-07   2076.448
30860.00 0.50461954 0.0000E+00            0.0000E+00 9.9430E-09 3.7757E-10 5.6817E-09 1.3812E-10 1.5625E-08 3.17E-09 4.58E-08   0.684 0.6000 7.1664E-07   2062.301
30870.00 0.50440919 0.0000E+00            0.0000E+00 1.0183E-08 3.8517E-10 5.8108E-09 1.4050E-10 1.5994E-08 3.22E-09 4.67E-08   0.684 0.6000 7.2200E-07   2065.117
30880.00 0.50415421 0.0000E+00            0.0000E+00 1.0660E-08 4.0259E-10 6.0775E-09 1.4654E-10 1.6738E-08 3.36E-09 4.88E-08   0.685 0.6000 7.5670E-07   2070.067
30890.00 0.50386173 0.0000E+00            0.0000E+00 9.8849E-09 3.7307E-10 5.6299E-09 1.3543E-10 1.5515E-08 3.11E-09 4.52E-08   0.685 0.6000 7.1120E-07   2063.350
30900.00 0.50354564 0.0000E+00            0.0000E+00 9.2633E-09 3.4956E-10 5.2707E-09 1.2655E-10 1.4534E-08 2.90E-09 4.23E-08   0.686 0.6000 6.7895E-07   2057.687
30910.00 0.50321907 0.0000E+00            0.0000E+00 8.6565E-09 3.2671E-10 4.9205E-09 1.1793E-10 1.3577E-08 2.71E-09 3.95E-08   0.687 0.6000 6.4899E-07   2051.792
30920.00 0.50287932 0.0000E+00            0.0000E+00 1.0034E-08 3.7889E-10 5.6966E-09 1.3628E-10 1.5730E-08 3.13E-09 4.58E-08   0.687 0.6000 7.7552E-07   2066.397
30930.00 0.50252265 0.0000E+00            0.0000E+00 1.1655E-08 4.4043E-10 6.6121E-09 1.5803E-10 1.8267E-08 3.63E-09 5.32E-08   0.688 0.6000 9.2341E-07   2081.426
30940.00 0.50214767 0.0000E+00            0.0000E+00 9.7813E-09 3.7001E-10 5.5453E-09 1.3245E-10 1.5327E-08 3.04E-09 4.47E-08   0.689 0.6000 7.9712E-07   2065.055
30950.00 0.50175446 0.0000E+00            0.0000E+00 7.1274E-09 2.7016E-10 4.0370E-09 9.6379E-11 1.1164E-08 2.21E-09 3.26E-08   0.690 0.6000 6.0884E-07   2035.708
30960.00 0.50134623 0.0000E+00            0.0000E+00 6.2177E-09 2.3628E-10 3.5183E-09 8.3988E-11 9.7360E-09 1.93E-09 2.85E-08   0.690 0.6000 5.6177E-07   2023.612
30970.00 0.50093454 0.0000E+00            0.0000E+00 5.7834E-09 2.2026E-10 3.2700E-09 7.8056E-11 9.0534E-09 1.79E-09 2.66E-08   0.691 0.6000 5.4861E-07   2017.514
30980.00 0.50056303 0.0000E+00            0.0000E+00 5.3299E-09 2.0327E-10 3.0109E-09 7.1809E-11 8.3408E-09 1.65E-09 2.45E-08   0.692 0.6000 5.2773E-07   2010.615
30990.00 0.50030488 0.0000E+00            0.0000E+00 6.0959E-09 2.3197E-10 3.4390E-09 8.1699E-11 9.5349E-09 1.88E-09 2.80E-08   0.693 0.6000 6.0646E-07   2023.387
31000.00 0.50016528 0.0000E+00            0.0000E+00 8.2539E-09 3.1265E-10 4.6506E-09 1.0990E-10 1.2905E-08 2.52E-09 3.77E-08   0.693 0.6000 7.9531E-07   2052.131
31010.00 0.50000364 0.0000E+00            0.0000E+00 9.3129E-09 3.5169E-10 5.2424E-09 1.2341E-10 1.4555E-08 2.83E-09 4.24E-08   0.693 0.6000 8.7997E-07   2064.134
31020.00 0.49971893 0.0000E+00            0.0000E+00 8.3018E-09 3.1324E-10 4.6689E-09 1.0965E-10 1.2971E-08 2.52E-09 3.77E-08   0.694 0.6000 7.9424E-07   2053.755
31030.00 0.49936652 0.0000E+00            0.0000E+00 8.0063E-09 3.0240E-10 4.4979E-09 1.0549E-10 1.2504E-08 2.42E-09 3.64E-08   0.694 0.6000 8.0007E-07   2050.869
31040.00 0.49904537 0.0000E+00            0.0000E+00 8.5127E-09 3.2166E-10 4.7782E-09 1.1191E-10 1.3291E-08 2.57E-09 3.87E-08   0.695 0.6000 8.7578E-07   2057.206
31050.00 0.49885774 0.0000E+00            0.0000E+00 8.7279E-09 3.2861E-10 4.8930E-09 1.1407E-10 1.3621E-08 2.62E-09 3.95E-08   0.695 0.6000 8.8347E-07   2060.104
31060.00 0.49883834 0.0000E+00            0.0000E+00 9.4610E-09 3.5364E-10 5.2964E-09 1.2258E-10 1.4757E-08 2.81E-09 4.25E-08   0.695 0.6000 9.0051E-07   2068.319
31070.00 0.49885222 0.0000E+00            0.0000E+00 9.6326E-09 3.5725E-10 5.3853E-09 1.2367E-10 1.5018E-08 2.84E-09 4.29E-08   0.695 0.6000 8.5321E-07   2070.568
31080.00 0.49874493 0.0000E+00            0.0000E+00 1.0363E-08 3.8179E-10 5.7849E-09 1.3187E-10 1.6148E-08 3.03E-09 4.58E-08   0.696 0.6000 8.7143E-07   2078.126
31090.00 0.49852112 0.0000E+00            0.0000E+00 1.0647E-08 3.9138E-10 5.9383E-09 1.3494E-10 1.6586E-08 3.10E-09 4.69E-08   0.696 0.6000 8.8839E-07   2081.287
31100.00 0.49825737 0.0000E+00            0.0000E+00 7.8061E-09 2.8663E-10 4.3502E-09 9.8626E-11 1.2156E-08 2.26E-09 3.43E-08   0.697 0.6000 6.5478E-07   2052.199
31110.00 0.49800071 0.0000E+00            0.0000E+00 6.6286E-09 2.4278E-10 3.6882E-09 8.3229E-11 1.0317E-08 1.91E-09 2.91E-08   0.697 0.6000 5.5884E-07   2037.438
31120.00 0.49776098 0.0000E+00            0.0000E+00 8.0691E-09 2.9490E-10 4.4850E-09 1.0086E-10 1.2554E-08 2.31E-09 3.53E-08   0.698 0.6000 6.7808E-07   2056.374
31130.00 0.49751660 0.0000E+00            0.0000E+00 7.7126E-09 2.8133E-10 4.2830E-09 9.6022E-11 1.1996E-08 2.20E-09 3.36E-08   0.698 0.6000 6.4557E-07   2052.653
31140.00 0.49724615 0.0000E+00            0.0000E+00 6.9764E-09 2.5397E-10 3.8693E-09 8.6420E-11 1.0846E-08 1.98E-09 3.03E-08   0.699 0.6000 5.8610E-07   2043.784
31150.00 0.49693707 0.0000E+00            0.0000E+00 8.3843E-09 3.0507E-10 4.6449E-09 1.0347E-10 1.3029E-08 2.37E-09 3.64E-08   0.699 0.6000 7.1869E-07   2061.599
31160.00 0.49658978 0.0000E+00            0.0000E+00 1.0618E-08 3.8656E-10 5.8772E-09 1.3075E-10 1.6495E-08 3.00E-09 4.61E-08   0.700 0.6000 9.3572E-07   2084.788
31170.00 0.49621978 0.0000E+00            0.0000E+00 1.1674E-08 4.2540E-10 6.4566E-09 1.4350E-10 1.8130E-08 3.29E-09 5.08E-08   0.701 0.6000 1.0619E-06   2094.571
31180.00 0.49584228 0.0000E+00            0.0000E+00 1.1156E-08 4.0696E-10 6.1649E-09 1.3688E-10 1.7321E-08 3.14E-09 4.86E-08   0.701 0.6000 1.0525E-06   2090.688
31190.00 0.49548280 0.0000E+00            0.0000E+00 1.0604E-08 3.8713E-10 5.8541E-09 1.2978E-10 1.6458E-08 2.98E-09 4.62E-08   0.702 0.6000 1.0357E-06   2086.299
31200.00 0.49514174 0.0000E+00            0.0000E+00 9.8539E-09 3.5979E-10 5.4352E-09 1.2031E-10 1.5289E-08 2.76E-09 4.29E-08   0.703 0.6000 9.8409E-07   2079.750
31210.00 0.49477148 0.0000E+00            0.0000E+00 7.8942E-09 2.8844E-10 4.3505E-09 9.6178E-11 1.2245E-08 2.21E-09 3.44E-08   0.704 0.6000 8.1449E-07   2059.142
31220.00 0.49435341 0.0000E+00            0.0000E+00 7.0944E-09 2.5983E-10 3.9056E-09 8.6282E-11 1.1000E-08 1.98E-09 3.10E-08   0.705 0.6000 7.8044E-07   2049.635
31230.00 0.49391010 0.0000E+00            0.0000E+00 7.1120E-09 2.6104E-10 3.9127E-09 8.6430E-11 1.1025E-08 1.98E-09 3.11E-08   0.705 0.6000 8.2395E-07   2050.412
31240.00 0.49350330 0.0000E+00            0.0000E+00 6.8723E-09 2.5247E-10 3.7772E-09 8.3298E-11 1.0649E-08 1.91E-09 3.01E-08   0.706 0.6000 8.2915E-07   2047.743
31250.00 0.49326068 0.0000E+00            0.0000E+00 8.1988E-09 3.0046E-10 4.5007E-09 9.8844E-11 1.2699E-08 2.27E-09 3.58E-08   0.707 0.6000 9.8669E-07   2064.869
31260.00 0.49317214 0.0000E+00            0.0000E+00 8.5924E-09 3.1371E-10 4.7121E-09 1.0308E-10 1.3304E-08 2.37E-09 3.73E-08   0.707 0.6000 1.0050E-06   2069.863
31270.00 0.49302176 0.0000E+00            0.0000E+00 6.9691E-09 2.5354E-10 3.8171E-09 8.3143E-11 1.0786E-08 1.91E-09 3.01E-08   0.707 0.6000 8.0038E-07   2050.633
31280.00 0.49271700 0.0000E+00            0.0000E+00 6.2890E-09 2.2847E-10 3.4403E-09 7.4685E-11 9.7293E-09 1.71E-09 2.71E-08   0.708 0.6000 7.3257E-07   2041.602
31290.00 0.49237287 0.0000E+00            0.0000E+00 6.1476E-09 2.2326E-10 3.3602E-09 7.2783E-11 9.5079E-09 1.67E-09 2.65E-08   0.709 0.6000 7.2910E-07   2040.036
31300.00 0.49213833 0.0000E+00            0.0000E+00 5.2789E-09 1.9124E-10 2.8826E-09 6.2198E-11 8.1615E-09 1.43E-09 2.27E-08   0.709 0.6000 6.1987E-07   2026.578
31310.00 0.49206457 0.0000E+00            0.0000E+00 4.6321E-09 1.6668E-10 2.5256E-09 5.4104E-11 7.1578E-09 1.24E-09 1.98E-08   0.709 0.6000 5.1330E-07   2015.237
31320.00 0.49204811 0.0000E+00            0.0000E+00 5.1722E-09 1.8462E-10 2.8152E-09 5.9818E-11 7.9875E-09 1.37E-09 2.19E-08   0.709 0.6000 5.3434E-07   2025.733
31330.00 0.49195051 0.0000E+00            0.0000E+00 7.5386E-09 2.6773E-10 4.0971E-09 8.6551E-11 1.1636E-08 1.99E-09 3.17E-08   0.709 0.6000 7.5506E-07   2061.149
31340.00 0.49173144 0.0000E+00            0.0000E+00 1.0526E-08 3.7317E-10 5.7154E-09 1.2039E-10 1.6242E-08 2.76E-09 4.41E-08   0.710 0.6000 1.0552E-06   2093.642
31350.00 0.49143064 0.0000E+00            0.0000E+00 1.0757E-08 3.8121E-10 5.8364E-09 1.2273E-10 1.6594E-08 2.82E-09 4.51E-08   0.710 0.6000 1.0948E-06   2096.302
31360.00 0.49110645 0.0000E+00            0.0000E+00 8.3607E-09 2.9624E-10 4.5321E-09 9.5123E-11 1.2893E-08 2.18E-09 3.50E-08   0.711 0.6000 8.7012E-07   2072.573
31370.00 0.49078619 0.0000E+00            0.0000E+00 6.7195E-09 2.3795E-10 3.6383E-09 7.6152E-11 1.0358E-08 1.75E-09 2.81E-08   0.712 0.6000 7.1463E-07   2052.503
31380.00 0.49046892 0.0000E+00            0.0000E+00 6.3071E-09 2.2317E-10 3.4114E-09 7.1215E-11 9.7185E-09 1.63E-09 2.64E-08   0.712 0.6000 6.8175E-07   2047.137
31390.00 0.49014449 0.0000E+00            0.0000E+00 5.6925E-09 2.0134E-10 3.0759E-09 6.4071E-11 8.7684E-09 1.47E-09 2.38E-08   0.713 0.6000 6.2787E-07   2038.194
31400.00 0.48978180 0.0000E+00            0.0000E+00 5.0374E-09 1.7823E-10 2.7193E-09 5.6541E-11 7.7566E-09 1.30E-09 2.10E-08   0.714 0.6000 5.7491E-07   2027.537
31410.00 0.48937827 0.0000E+00            0.0000E+00 4.2796E-09 1.5161E-10 2.3082E-09 4.7947E-11 6.5878E-09 1.10E-09 1.79E-08   0.715 0.6000 5.1003E-07   2013.339
31420.00 0.48895770 0.0000E+00            0.0000E+00 3.7152E-09 1.3184E-10 2.0019E-09 4.1536E-11 5.7171E-09 9.53E-10 1.56E-08   0.715 0.6000 4.6772E-07   2001.256
31430.00 0.48855749 0.0000E+00            0.0000E+00 3.8067E-09 1.3521E-10 2.0494E-09 4.2456E-11 5.8561E-09 9.74E-10 1.59E-08   0.716 0.6000 4.9911E-07   2003.938
31440.00 0.48821911 0.0000E+00            0.0000E+00 4.2557E-09 1.5109E-10 2.2886E-09 4.7295E-11 6.5442E-09 1.09E-09 1.78E-08   0.717 0.6000 5.7367E-07   2014.409
31450.00 0.48788843 0.0000E+00            0.0000E+00 5.1809E-09 1.8393E-10 2.7833E-09 5.7392E-11 7.9642E-09 1.32E-09 2.17E-08   0.718 0.6000 7.2331E-07   2032.739
31460.00 0.48749101 0.0000E+00            0.0000E+00 6.3156E-09 2.2449E-10 3.3902E-09 6.9829E-11 9.7059E-09 1.60E-09 2.64E-08   0.718 0.6000 9.2721E-07   2051.524
31470.00 0.48706836 0.0000E+00            0.0000E+00 7.0644E-09 2.5136E-10 3.7896E-09 7.7951E-11 1.0854E-08 1.79E-09 2.96E-08   0.719 0.6000 1.0809E-06   2062.539
31480.00 0.48673677 0.0000E+00            0.0000E+00 6.8312E-09 2.4278E-10 3.6612E-09 7.5089E-11 1.0492E-08 1.72E-09 2.86E-08   0.720 0.6000 1.0511E-06   2059.926
31490.00 0.48656905 0.0000E+00            0.0000E+00 6.2370E-09 2.2073E-10 3.3383E-09 6.8107E-11 9.5753E-09 1.56E-09 2.60E-08   0.720 0.6000 9.2795E-07   2051.955
31500.00 0.48646575 0.0000E+00            0.0000E+00 6.4990E-09 2.2884E-10 3.4733E-09 7.0463E-11 9.9723E-09 1.62E-09 2.69E-08   0.721 0.6000 9.2944E-07   2056.301
31510.00 0.48626265 0.0000E+00            0.0000E+00 7.1370E-09 2.5061E-10 3.8097E-09 7.6989E-11 1.0947E-08 1.77E-09 2.94E-08   0.721 0.6000 1.0123E-06   2065.603
31520.00 0.48595381 0.0000E+00            0.0000E+00 7.2271E-09 2.5350E-10 3.8540E-09 7.7662E-11 1.1081E-08 1.78E-09 2.98E-08   0.722 0.6000 1.0379E-06   2067.318
31530.00 0.48563796 0.0000E+00            0.0000E+00 6.6996E-09 2.3476E-10 3.5695E-09 7.1730E-11 1.0269E-08 1.65E-09 2.76E-08   0.722 0.6000 9.7293E-07   2060.735
31540.00 0.48539406 0.0000E+00            0.0000E+00 5.5126E-09 1.9273E-10 2.9341E-09 5.8752E-11 8.4468E-09 1.35E-09 2.26E-08   0.723 0.6000 7.9454E-07   2043.169
31550.00 0.48524225 0.0000E+00            0.0000E+00 4.6998E-09 1.6353E-10 2.4977E-09 4.9724E-11 7.1975E-09 1.14E-09 1.92E-08   0.723 0.6000 6.5538E-07   2029.108
31560.00 0.48510122 0.0000E+00            0.0000E+00 4.7232E-09 1.6366E-10 2.5068E-09 4.9658E-11 7.2300E-09 1.14E-09 1.92E-08   0.723 0.6000 6.4161E-07   2030.073
31570.00 0.48486760 0.0000E+00            0.0000E+00 4.6191E-09 1.5975E-10 2.4490E-09 4.8361E-11 7.0681E-09 1.11E-09 1.87E-08   0.724 0.6000 6.2949E-07   2028.576
31580.00 0.48454210 0.0000E+00            0.0000E+00 4.3242E-09 1.4947E-10 2.2903E-09 4.5116E-11 6.6145E-09 1.04E-09 1.75E-08   0.725 0.6000 6.0443E-07   2023.140
31590.00 0.48418081 0.0000E+00            0.0000E+00 4.5266E-09 1.5648E-10 2.3950E-09 4.7065E-11 6.9215E-09 1.08E-09 1.83E-08   0.725 0.6000 6.5724E-07   2027.792
31600.00 0.48381898 0.0000E+00            0.0000E+00 4.8463E-09 1.6754E-10 2.5620E-09 5.0250E-11 7.4083E-09 1.15E-09 1.96E-08   0.726 0.6000 7.2443E-07   2034.516
31610.00 0.48347262 0.0000E+00            0.0000E+00 4.0460E-09 1.3984E-10 2.1373E-09 4.1844E-11 6.1833E-09 9.60E-10 1.64E-08   0.727 0.6000 6.1758E-07   2018.747
31620.00 0.48313937 0.0000E+00            0.0000E+00 3.0985E-09 1.0702E-10 1.6350E-09 3.1915E-11 4.7335E-09 7.33E-10 1.25E-08   0.727 0.6000 4.8672E-07   1995.633
31630.00 0.48280564 0.0000E+00            0.0000E+00 2.9783E-09 1.0281E-10 1.5698E-09 3.0561E-11 4.5481E-09 7.01E-10 1.20E-08   0.728 0.6000 4.8227E-07   1992.690
31640.00 0.48243290 0.0000E+00            0.0000E+00 2.7643E-09 9.5437E-11 1.4558E-09 2.8291E-11 4.2201E-09 6.49E-10 1.11E-08   0.729 0.6000 4.6325E-07   1986.725
31650.00 0.48199651 0.0000E+00            0.0000E+00 2.3514E-09 8.1274E-11 1.2373E-09 2.4005E-11 3.5887E-09 5.51E-10 9.49E-09   0.730 0.6000 4.1692E-07   1973.315
31660.00 0.48152736 0.0000E+00            0.0000E+00 2.3862E-09 8.2607E-11 1.2544E-09 2.4295E-11 3.6407E-09 5.58E-10 9.65E-09   0.731 0.6000 4.5290E-07   1975.088
31670.00 0.48106492 0.0000E+00            0.0000E+00 2.9531E-09 1.0234E-10 1.5511E-09 2.9984E-11 4.5042E-09 6.88E-10 1.20E-08   0.732 0.6000 5.9433E-07   1994.031
31680.00 0.48065117 0.0000E+00            0.0000E+00 3.5903E-09 1.2444E-10 1.8843E-09 3.6344E-11 5.4746E-09 8.34E-10 1.45E-08   0.733 0.6000 7.4730E-07   2011.754
31690.00 0.48036125 0.0000E+00            0.0000E+00 4.2736E-09 1.4776E-10 2.2403E-09 4.3040E-11 6.5139E-09 9.88E-10 1.72E-08   0.733 0.6000 8.7885E-07   2027.861
31700.00 0.48023093 0.0000E+00            0.0000E+00 4.8879E-09 1.6826E-10 2.5591E-09 4.8920E-11 7.4470E-09 1.12E-09 1.96E-08   0.733 0.6000 9.6015E-07   2040.565
31710.00 0.48016572 0.0000E+00            0.0000E+00 4.7123E-09 1.6146E-10 2.4639E-09 4.6869E-11 7.1762E-09 1.08E-09 1.88E-08   0.734 0.6000 8.8179E-07   2037.746
31720.00 0.48005006 0.0000E+00            0.0000E+00 4.4192E-09 1.5072E-10 2.3073E-09 4.3659E-11 6.7265E-09 1.00E-09 1.75E-08   0.734 0.6000 7.9940E-07   2032.427
31730.00 0.47985762 0.0000E+00            0.0000E+00 4.6867E-09 1.5937E-10 2.4438E-09 4.6054E-11 7.1306E-09 1.06E-09 1.85E-08   0.734 0.6000 8.4093E-07   2038.278
31740.00 0.47959363 0.0000E+00            0.0000E+00 4.9847E-09 1.6920E-10 2.5965E-09 4.8768E-11 7.5811E-09 1.12E-09 1.97E-08   0.735 0.6000 9.0008E-07   2044.427
31750.00 0.47928673 0.0000E+00            0.0000E+00 4.5271E-09 1.5350E-10 2.3562E-09 4.4142E-11 6.8833E-09 1.01E-09 1.78E-08   0.735 0.6000 8.2599E-07   2036.183
31760.00 0.47898850 0.0000E+00            0.0000E+00 3.6452E-09 1.2337E-10 1.8950E-09 3.5373E-11 5.5403E-09 8.12E-10 1.43E-08   0.736 0.6000 6.6869E-07   2017.222
31770.00 0.47870776 0.0000E+00            0.0000E+00 3.5316E-09 1.1923E-10 1.8335E-09 3.4072E-11 5.3651E-09 7.82E-10 1.38E-08   0.737 0.6000 6.4618E-07   2014.917
31780.00 0.47841182 0.0000E+00            0.0000E+00 3.1560E-09 1.0641E-10 1.6373E-09 3.0350E-11 4.7933E-09 6.97E-10 1.23E-08   0.737 0.6000 5.7791E-07   2005.504
31790.00 0.47807199 0.0000E+00            0.0000E+00 2.0014E-09 6.7422E-11 1.0373E-09 1.9180E-11 3.0387E-09 4.40E-10 7.82E-09   0.738 0.6000 3.7335E-07   1966.736
31800.00 0.47767830 0.0000E+00            0.0000E+00 1.7245E-09 5.8112E-11 8.9252E-10 1.6445E-11 2.6171E-09 3.77E-10 6.74E-09   0.739 0.6000 3.4522E-07   1954.720
31810.00 0.47725394 0.0000E+00            0.0000E+00 2.7671E-09 9.3308E-11 1.4308E-09 2.6305E-11 4.1979E-09 6.04E-10 1.08E-08   0.740 0.6000 5.8719E-07   1995.540
31820.00 0.47682521 0.0000E+00            0.0000E+00 3.7146E-09 1.2530E-10 1.9194E-09 3.5234E-11 5.6340E-09 8.09E-10 1.45E-08   0.741 0.6000 8.1847E-07   2022.025
31830.00 0.47638467 0.0000E+00            0.0000E+00 3.6302E-09 1.2249E-10 1.8744E-09 3.4343E-11 5.5046E-09 7.88E-10 1.42E-08   0.742 0.6000 8.3428E-07   2020.502
31840.00 0.47593990 0.0000E+00            0.0000E+00 3.3479E-09 1.1301E-10 1.7270E-09 3.1560E-11 5.0749E-09 7.24E-10 1.31E-08   0.742 0.6000 8.1105E-07   2013.833
31850.00 0.47551826 0.0000E+00            0.0000E+00 3.5702E-09 1.2053E-10 1.8400E-09 3.3537E-11 5.4102E-09 7.70E-10 1.40E-08   0.743 0.6000 9.1026E-07   2020.063
31860.00 0.47511607 0.0000E+00            0.0000E+00 3.4797E-09 1.1748E-10 1.7921E-09 3.2598E-11 5.2719E-09 7.48E-10 1.36E-08   0.744 0.6000 9.2334E-07   2018.309
31870.00 0.47471175 0.0000E+00            0.0000E+00 2.9083E-09 9.8166E-11 1.4966E-09 2.7149E-11 4.4049E-09 6.23E-10 1.14E-08   0.745 0.6000 8.0700E-07   2003.013
31880.00 0.47432569 0.0000E+00            0.0000E+00 2.5940E-09 8.7520E-11 1.3336E-09 2.4120E-11 3.9276E-09 5.54E-10 1.01E-08   0.746 0.6000 7.5171E-07   1993.574
31890.00 0.47400206 0.0000E+00            0.0000E+00 2.3171E-09 7.8083E-11 1.1901E-09 2.1460E-11 3.5072E-09 4.93E-10 9.04E-09   0.747 0.6000 6.8463E-07   1984.355
31900.00 0.47375998 0.0000E+00            0.0000E+00 2.2449E-09 7.5413E-11 1.1513E-09 2.0661E-11 3.3962E-09 4.74E-10 8.73E-09   0.747 0.6000 6.5363E-07   1982.139
31910.00 0.47358343 0.0000E+00            0.0000E+00 2.5588E-09 8.5653E-11 1.3105E-09 2.3412E-11 3.8693E-09 5.37E-10 9.91E-09   0.747 0.6000 7.1857E-07   1993.910
31920.00 0.47341144 0.0000E+00            0.0000E+00 2.5857E-09 8.6278E-11 1.3227E-09 2.3537E-11 3.9083E-09 5.40E-10 9.97E-09   0.748 0.6000 7.0376E-07   1995.322
31930.00 0.47318649 0.0000E+00            0.0000E+00 2.5700E-09 8.5487E-11 1.3128E-09 2.3256E-11 3.8828E-09 5.34E-10 9.87E-09   0.748 0.6000 6.8751E-07   1995.298
31940.00 0.47290581 0.0000E+00            0.0000E+00 2.7853E-09 9.2459E-11 1.4212E-09 2.5083E-11 4.2064E-09 5.76E-10 1.07E-08   0.749 0.6000 7.4632E-07   2002.805
31950.00 0.47261181 0.0000E+00            0.0000E+00 2.7868E-09 9.2364E-11 1.4206E-09 2.4992E-11 4.2074E-09 5.74E-10 1.07E-08   0.749 0.6000 7.5425E-07   2003.370
31960.00 0.47232953 0.0000E+00            0.0000E+00 2.8741E-09 9.5071E-11 1.4633E-09 2.5647E-11 4.3375E-09 5.89E-10 1.10E-08   0.750 0.6000 7.8840E-07   2006.577
31970.00 0.47203708 0.0000E+00            0.0000E+00 2.9762E-09 9.8302E-11 1.5139E-09 2.6451E-11 4.4901E-09 6.07E-10 1.13E-08   0.751 0.6000 8.2748E-07   2010.156
31980.00 0.47172266 0.0000E+00            0.0000E+00 2.6155E-09 8.6278E-11 1.3292E-09 2.3152E-11 3.9447E-09 5.31E-10 9.94E-09   0.751 0.6000 7.4042E-07   1999.388
31990.00 0.47138694 0.0000E+00            0.0000E+00 2.4772E-09 8.1592E-11 1.2573E-09 2.1816E-11 3.7345E-09 5.01E-10 9.40E-09   0.752 0.6000 7.2051E-07   1995.185
32000.00 0.47101608 0.0000E+00            0.0000E+00 2.5437E-09 8.3720E-11 1.2900E-09 2.2323E-11 3.8338E-09 5.12E-10 9.64E-09   0.753 0.6000 7.6118E-07   1997.999
32010.00 0.47062865 0.0000E+00            0.0000E+00 2.0953E-09 6.8930E-11 1.0618E-09 1.8328E-11 3.1572E-09 4.21E-10 7.94E-09   0.754 0.6000 6.4982E-07   1981.844
32020.00 0.47025251 0.0000E+00            0.0000E+00 1.8371E-09 6.0373E-11 9.2988E-10 1.5986E-11 2.7670E-09 3.67E-10 6.95E-09   0.754 0.6000 5.9601E-07   1971.193
32030.00 0.46988115 0.0000E+00            0.0000E+00 1.9488E-09 6.3979E-11 9.8550E-10 1.6889E-11 2.9343E-09 3.88E-10 7.36E-09   0.755 0.6000 6.4773E-07   1976.695
32040.00 0.46950474 0.0000E+00            0.0000E+00 1.6863E-09 5.5313E-11 8.5207E-10 1.4563E-11 2.5384E-09 3.34E-10 6.36E-09   0.756 0.6000 5.7260E-07   1965.016
32050.00 0.46910805 0.0000E+00            0.0000E+00 1.4018E-09 4.5937E-11 7.0755E-10 1.2047E-11 2.1094E-09 2.77E-10 5.28E-09   0.757 0.6000 4.9666E-07   1950.162
32060.00 0.46868655 0.0000E+00            0.0000E+00 1.4836E-09 4.8586E-11 7.4811E-10 1.2692E-11 2.2318E-09 2.91E-10 5.59E-09   0.758 0.6000 5.5483E-07   1955.357
32070.00 0.46825260 0.0000E+00            0.0000E+00 1.7428E-09 5.7050E-11 8.7809E-10 1.4850E-11 2.6209E-09 3.41E-10 6.56E-09   0.759 0.6000 6.9112E-07   1969.307
32080.00 0.46779510 0.0000E+00            0.0000E+00 1.9289E-09 6.3121E-11 9.7115E-10 1.6375E-11 2.9000E-09 3.76E-10 7.26E-09   0.760 0.6000 8.1141E-07   1978.386
32090.00 0.46732256 0.0000E+00            0.0000E+00 1.8334E-09 5.9979E-11 9.2247E-10 1.5508E-11 2.7558E-09 3.56E-10 6.90E-09   0.761 0.6000 8.1556E-07   1974.608
32100.00 0.46687496 0.0000E+00            0.0000E+00 1.7239E-09 5.6350E-11 8.6655E-10 1.4511E-11 2.5905E-09 3.33E-10 6.48E-09   0.762 0.6000 8.0583E-07   1969.930
32110.00 0.46649173 0.0000E+00            0.0000E+00 1.8805E-09 6.1379E-11 9.4421E-10 1.5750E-11 2.8247E-09 3.61E-10 7.06E-09   0.763 0.6000 8.9814E-07   1977.769
32120.00 0.46619016 0.0000E+00            0.0000E+00 1.9738E-09 6.4312E-11 9.9004E-10 1.6461E-11 2.9638E-09 3.78E-10 7.39E-09   0.763 0.6000 9.4081E-07   1982.385
32130.00 0.46592897 0.0000E+00            0.0000E+00 1.7851E-09 5.8034E-11 8.9436E-10 1.4815E-11 2.6795E-09 3.40E-10 6.67E-09   0.764 0.6000 8.4436E-07   1974.381
32140.00 0.46565551 0.0000E+00            0.0000E+00 1.7403E-09 5.6429E-11 8.7070E-10 1.4358E-11 2.6110E-09 3.30E-10 6.48E-09   0.764 0.6000 8.2256E-07   1972.737
32150.00 0.46534887 0.0000E+00            0.0000E+00 1.9378E-09 6.2707E-11 9.6839E-10 1.5909E-11 2.9061E-09 3.65E-10 7.20E-09   0.765 0.6000 9.2552E-07   1982.327
32160.00 0.46500340 0.0000E+00            0.0000E+00 1.9276E-09 6.2286E-11 9.6242E-10 1.5759E-11 2.8900E-09 3.62E-10 7.15E-09   0.766 0.6000 9.3731E-07   1982.391
32170.00 0.46463078 0.0000E+00            0.0000E+00 1.7400E-09 5.6139E-11 8.6786E-10 1.4157E-11 2.6079E-09 3.25E-10 6.44E-09   0.767 0.6000 8.6756E-07   1974.240
32180.00 0.46427897 0.0000E+00            0.0000E+00 1.5403E-09 4.9620E-11 7.6750E-10 1.2474E-11 2.3078E-09 2.86E-10 5.69E-09   0.767 0.6000 7.8486E-07   1964.534
32190.00 0.46396670 0.0000E+00            0.0000E+00 1.3519E-09 4.3466E-11 6.7292E-10 1.0894E-11 2.0249E-09 2.50E-10 4.98E-09   0.768 0.6000 7.0476E-07   1954.221
32200.00 0.46362203 0.0000E+00            0.0000E+00 1.3104E-09 4.2051E-11 6.5157E-10 1.0504E-11 1.9620E-09 2.41E-10 4.82E-09   0.769 0.6000 7.0792E-07   1952.151
32210.00 0.46320966 0.0000E+00            0.0000E+00 1.3246E-09 4.2457E-11 6.5812E-10 1.0570E-11 1.9827E-09 2.43E-10 4.86E-09   0.770 0.6000 7.4963E-07   1953.546
32220.00 0.46280816 0.0000E+00            0.0000E+00 1.1082E-09 3.5490E-11 5.5028E-10 8.8113E-12 1.6585E-09 2.02E-10 4.07E-09   0.770 0.6000 6.5001E-07   1939.480
32230.00 0.46248910 0.0000E+00            0.0000E+00 6.6358E-10 2.1221E-11 3.2922E-10 5.2555E-12 9.9281E-10 1.21E-10 2.43E-09   0.771 0.6000 3.9407E-07   1899.235
32240.00 0.46223664 0.0000E+00            0.0000E+00 3.8738E-10 1.2352E-11 1.9189E-10 3.0482E-12 5.7927E-10 7.00E-11 1.41E-09   0.772 0.6000 2.2844E-07   1858.739
32250.00 0.46200016 0.0000E+00            0.0000E+00 4.5706E-10 1.4521E-11 2.2601E-10 3.5700E-12 6.8307E-10 8.19E-11 1.66E-09   0.772 0.6000 2.6717E-07   1871.606
32260.00 0.46173227 0.0000E+00            0.0000E+00 7.9351E-10 2.5152E-11 3.9191E-10 6.1648E-12 1.1854E-09 1.41E-10 2.87E-09   0.773 0.6000 4.6678E-07   1914.688
32270.00 0.46141312 0.0000E+00            0.0000E+00 9.5997E-10 3.0395E-11 4.7383E-10 7.4364E-12 1.4338E-09 1.71E-10 3.47E-09   0.773 0.6000 5.7032E-07   1930.356
32280.00 0.46106750 0.0000E+00            0.0000E+00 8.2670E-10 2.6130E-11 4.0764E-10 6.3733E-12 1.2343E-09 1.46E-10 2.99E-09   0.774 0.6000 5.0106E-07   1918.930
32290.00 0.46068045 0.0000E+00            0.0000E+00 8.9026E-10 2.8079E-11 4.3843E-10 6.8192E-12 1.3287E-09 1.57E-10 3.21E-09   0.775 0.6000 5.6257E-07   1925.310
32300.00 0.46020618 0.0000E+00            0.0000E+00 9.7755E-10 3.0801E-11 4.8110E-10 7.4583E-12 1.4586E-09 1.71E-10 3.52E-09   0.776 0.6000 6.4372E-07   1933.307
32310.00 0.45963323 0.0000E+00            0.0000E+00 7.3398E-10 2.3109E-11 3.6104E-10 5.5790E-12 1.0950E-09 1.28E-10 2.64E-09   0.777 0.6000 5.0908E-07   1911.037
32320.00 0.45900929 0.0000E+00            0.0000E+00 4.8943E-10 1.5391E-11 2.4059E-10 3.6959E-12 7.3002E-10 8.48E-11 1.76E-09   0.779 0.6000 3.8126E-07   1880.217
32330.00 0.45842952 0.0000E+00            0.0000E+00 4.7143E-10 1.4802E-11 2.3160E-10 3.5347E-12 7.0304E-10 8.11E-11 1.69E-09   0.780 0.6000 4.1184E-07   1877.869
32340.00 0.45789334 0.0000E+00            0.0000E+00 5.1066E-10 1.6010E-11 2.5070E-10 3.8077E-12 7.6136E-10 8.74E-11 1.83E-09   0.781 0.6000 4.7520E-07   1884.442
32350.00 0.45738226 0.0000E+00            0.0000E+00 5.7105E-10 1.7870E-11 2.8010E-10 4.2320E-12 8.5115E-10 9.71E-11 2.04E-09   0.782 0.6000 5.6170E-07   1893.502
32360.00 0.45693943 0.0000E+00            0.0000E+00 6.1659E-10 1.9261E-11 3.0219E-10 4.5466E-12 9.1878E-10 1.04E-10 2.20E-09   0.783 0.6000 6.2766E-07   1899.926
32370.00 0.45654026 0.0000E+00            0.0000E+00 5.7737E-10 1.8000E-11 2.8271E-10 4.2352E-12 8.6008E-10 9.72E-11 2.06E-09   0.784 0.6000 6.0571E-07   1895.335
32380.00 0.45615405 0.0000E+00            0.0000E+00 5.5895E-10 1.7381E-11 2.7338E-10 4.0739E-12 8.3233E-10 9.35E-11 1.99E-09   0.785 0.6000 6.0579E-07   1893.323
32390.00 0.45579830 0.0000E+00            0.0000E+00 6.2987E-10 1.9539E-11 3.0769E-10 4.5633E-12 9.3755E-10 1.05E-10 2.23E-09   0.786 0.6000 6.9501E-07   1903.042
32400.00 0.45550045 0.0000E+00            0.0000E+00 7.3262E-10 2.2680E-11 3.5745E-10 5.2823E-12 1.0901E-09 1.21E-10 2.59E-09   0.786 0.6000 8.0450E-07   1915.346
32410.00 0.45523182 0.0000E+00            0.0000E+00 7.0604E-10 2.1817E-11 3.4414E-10 5.0701E-12 1.0502E-09 1.16E-10 2.49E-09   0.787 0.6000 7.7058E-07   1912.934
32420.00 0.45489958 0.0000E+00            0.0000E+00 5.4426E-10 1.6777E-11 2.6505E-10 3.8878E-12 8.0931E-10 8.92E-11 1.91E-09   0.788 0.6000 6.1096E-07   1893.219
32430.00 0.45449689 0.0000E+00            0.0000E+00 4.3514E-10 1.3369E-11 2.1174E-10 3.0864E-12 6.4688E-10 7.08E-11 1.53E-09   0.789 0.6000 5.2209E-07   1876.668
32440.00 0.45410460 0.0000E+00            0.0000E+00 4.2465E-10 1.3006E-11 2.0646E-10 2.9911E-12 6.3111E-10 6.87E-11 1.48E-09   0.789 0.6000 5.3913E-07   1875.316
32450.00 0.45375195 0.0000E+00            0.0000E+00 4.9129E-10 1.5004E-11 2.3862E-10 3.4385E-12 7.2992E-10 7.89E-11 1.71E-09   0.790 0.6000 6.4498E-07   1886.850
32460.00 0.45342147 0.0000E+00            0.0000E+00 5.3436E-10 1.6288E-11 2.5932E-10 3.7230E-12 7.9368E-10 8.54E-11 1.86E-09   0.791 0.6000 7.1156E-07   1893.771
32470.00 0.45311883 0.0000E+00            0.0000E+00 4.8403E-10 1.4723E-11 2.3465E-10 3.3562E-12 7.1868E-10 7.70E-11 1.68E-09   0.792 0.6000 6.4746E-07   1886.690
32480.00 0.45284626 0.0000E+00            0.0000E+00 4.8037E-10 1.4575E-11 2.3252E-10 3.3110E-12 7.1290E-10 7.60E-11 1.66E-09   0.792 0.6000 6.3668E-07   1886.584
32490.00 0.45257118 0.0000E+00            0.0000E+00 5.0438E-10 1.5274E-11 2.4386E-10 3.4610E-12 7.4824E-10 7.94E-11 1.74E-09   0.793 0.6000 6.6295E-07   1890.788
32500.00 0.45224386 0.0000E+00            0.0000E+00 4.4460E-10 1.3436E-11 2.1475E-10 3.0366E-12 6.5935E-10 6.97E-11 1.53E-09   0.794 0.6000 5.8999E-07   1881.674
32510.00 0.45185277 0.0000E+00            0.0000E+00 4.1397E-10 1.2472E-11 1.9971E-10 2.8067E-12 6.1368E-10 6.44E-11 1.42E-09   0.794 0.6000 5.6980E-07   1876.762
32520.00 0.45140496 0.0000E+00            0.0000E+00 4.5040E-10 1.3535E-11 2.1710E-10 3.0345E-12 6.6750E-10 6.96E-11 1.54E-09   0.795 0.6000 6.4819E-07   1883.624
32530.00 0.45090297 0.0000E+00            0.0000E+00 4.2966E-10 1.2882E-11 2.0697E-10 2.8785E-12 6.3663E-10 6.61E-11 1.47E-09   0.797 0.6000 6.4870E-07   1880.548
32540.00 0.45038286 0.0000E+00            0.0000E+00 3.8237E-10 1.1428E-11 1.8404E-10 2.5421E-12 5.6641E-10 5.83E-11 1.30E-09   0.798 0.6000 6.1663E-07   1872.266
32550.00 0.44982946 0.0000E+00            0.0000E+00 3.8500E-10 1.1467E-11 1.8516E-10 2.5389E-12 5.7017E-10 5.83E-11 1.31E-09   0.799 0.6000 6.6806E-07   1873.267
32560.00 0.44923189 0.0000E+00            0.0000E+00 3.8308E-10 1.1372E-11 1.8414E-10 2.5071E-12 5.6722E-10 5.75E-11 1.30E-09   0.800 0.6000 7.1629E-07   1873.385
32570.00 0.44864187 0.0000E+00            0.0000E+00 3.4160E-10 1.0101E-11 1.6411E-10 2.2176E-12 5.0571E-10 5.09E-11 1.15E-09   0.802 0.6000 6.9190E-07   1865.329
32580.00 0.44806856 0.0000E+00            0.0000E+00 2.6396E-10 7.7755E-12 1.2676E-10 1.7005E-12 3.9072E-10 3.90E-11 8.86E-10   0.803 0.6000 5.7644E-07   1846.870
32590.00 0.44752330 0.0000E+00            0.0000E+00 1.8662E-10 5.4715E-12 8.9558E-11 1.1911E-12 2.7617E-10 2.73E-11 6.24E-10   0.804 0.6000 4.4191E-07   1822.457
32600.00 0.44699460 0.0000E+00            0.0000E+00 1.8260E-10 5.3254E-12 8.7541E-11 1.1527E-12 2.7014E-10 2.65E-11 6.07E-10   0.805 0.6000 4.6863E-07   1821.387
32610.00 0.44643092 0.0000E+00            0.0000E+00 2.0725E-10 6.0227E-12 9.9289E-11 1.2984E-12 3.0654E-10 2.98E-11 6.87E-10   0.806 0.6000 5.6129E-07   1830.868
32620.00 0.44585454 0.0000E+00            0.0000E+00 1.8653E-10 5.3986E-12 8.9316E-11 1.1594E-12 2.7585E-10 2.66E-11 6.16E-10   0.808 0.6000 5.3800E-07   1823.856
32630.00 0.44531643 0.0000E+00            0.0000E+00 1.7675E-10 5.0837E-12 8.4569E-11 1.0861E-12 2.6132E-10 2.49E-11 5.80E-10   0.809 0.6000 5.5609E-07   1820.521
32640.00 0.44486678 0.0000E+00            0.0000E+00 2.0310E-10 5.8143E-12 9.7101E-11 1.2375E-12 3.0020E-10 2.84E-11 6.63E-10   0.810 0.6000 6.7278E-07   1830.862
32650.00 0.44454128 0.0000E+00            0.0000E+00 2.1199E-10 6.0497E-12 1.0127E-10 1.2841E-12 3.1326E-10 2.95E-11 6.90E-10   0.811 0.6000 7.1630E-07   1834.402
32660.00 0.44429657 0.0000E+00            0.0000E+00 1.9123E-10 5.4439E-12 9.1258E-11 1.1527E-12 2.8249E-10 2.65E-11 6.20E-10   0.811 0.6000 6.4818E-07   1827.521
32670.00 0.44404364 0.0000E+00            0.0000E+00 1.4562E-10 4.1361E-12 6.9422E-11 8.7379E-13 2.1505E-10 2.01E-11 4.71E-10   0.812 0.6000 4.9387E-07   1808.826
32680.00 0.44372007 0.0000E+00            0.0000E+00 1.0022E-10 2.8361E-12 4.7722E-11 5.9723E-13 1.4794E-10 1.37E-11 3.23E-10   0.813 0.6000 3.4648E-07   1783.642
32690.00 0.44334757 0.0000E+00            0.0000E+00 8.7141E-11 2.4536E-12 4.1451E-11 5.1459E-13 1.2859E-10 1.18E-11 2.79E-10   0.813 0.6000 3.1403E-07   1774.691
32700.00 0.44299483 0.0000E+00            0.0000E+00 1.1227E-10 3.1446E-12 5.3344E-11 6.5687E-13 1.6561E-10 1.51E-11 3.58E-10   0.814 0.6000 4.2124E-07   1792.281
32710.00 0.44267952 0.0000E+00            0.0000E+00 1.5382E-10 4.2949E-12 7.3023E-11 8.9467E-13 2.2685E-10 2.05E-11 4.89E-10   0.815 0.6000 5.8760E-07   1814.514
32720.00 0.44237062 0.0000E+00            0.0000E+00 1.6104E-10 4.4872E-12 7.6386E-11 9.3260E-13 2.3743E-10 2.14E-11 5.10E-10   0.816 0.6000 6.1895E-07   1818.201
32730.00 0.44201636 0.0000E+00            0.0000E+00 1.4534E-10 4.0368E-12 6.8857E-11 8.3604E-13 2.1420E-10 1.92E-11 4.59E-10   0.816 0.6000 5.6703E-07   1811.489
32740.00 0.44159248 0.0000E+00            0.0000E+00 1.6263E-10 4.4962E-12 7.6955E-11 9.2702E-13 2.3959E-10 2.13E-11 5.11E-10   0.817 0.6000 6.5853E-07   1819.819
32750.00 0.44112772 0.0000E+00            0.0000E+00 1.9673E-10 5.4165E-12 9.3017E-11 1.1128E-12 2.8975E-10 2.55E-11 6.16E-10   0.818 0.6000 8.2862E-07   1833.778
32760.00 0.44061214 0.0000E+00            0.0000E+00 1.8129E-10 4.9725E-12 8.5666E-11 1.0184E-12 2.6696E-10 2.34E-11 5.65E-10   0.820 0.6000 7.9409E-07   1828.443
32770.00 0.44002664 0.0000E+00            0.0000E+00 1.4023E-10 3.8205E-12 6.6214E-11 7.7856E-13 2.0644E-10 1.79E-11 4.35E-10   0.821 0.6000 6.6341E-07   1810.878
32780.00 0.43940586 0.0000E+00            0.0000E+00 1.2902E-10 3.4879E-12 6.0885E-11 7.0699E-13 1.8990E-10 1.62E-11 3.97E-10   0.822 0.6000 6.6664E-07   1805.575
32790.00 0.43877009 0.0000E+00            0.0000E+00 1.0476E-10 2.8166E-12 4.9426E-11 5.6901E-13 1.5419E-10 1.31E-11 3.21E-10   0.824 0.6000 5.7622E-07   1791.774
32800.00 0.43813160 0.0000E+00            0.0000E+00 6.8708E-11 1.8291E-12 3.2402E-11 3.6752E-13 1.0111E-10 8.44E-12 2.08E-10   0.825 0.6000 4.2021E-07   1763.989
32810.00 0.43748960 0.0000E+00            0.0000E+00 7.2686E-11 1.9093E-12 3.4256E-11 3.8086E-13 1.0694E-10 8.74E-12 2.18E-10   0.827 0.6000 5.0624E-07   1768.172
32820.00 0.43679163 0.0000E+00            0.0000E+00 9.0777E-11 2.3651E-12 4.2768E-11 4.6974E-13 1.3354E-10 1.08E-11 2.70E-10   0.828 0.6000 6.8367E-07   1783.491
32830.00 0.43608341 0.0000E+00            0.0000E+00 8.7046E-11 2.2486E-12 4.0997E-11 4.4458E-13 1.2804E-10 1.02E-11 2.56E-10   0.830 0.6000 7.1070E-07   1781.142
32840.00 0.43547451 0.0000E+00            0.0000E+00 7.7207E-11 1.9755E-12 3.6342E-11 3.8859E-13 1.1355E-10 8.92E-12 2.25E-10   0.831 0.6000 6.8294E-07   1773.590
32850.00 0.43493062 0.0000E+00            0.0000E+00 6.5407E-11 1.6617E-12 3.0770E-11 3.2561E-13 9.6177E-11 7.47E-12 1.90E-10   0.833 0.6000 6.1072E-07   1763.080
32860.00 0.43437916 0.0000E+00            0.0000E+00 4.9113E-11 1.2364E-12 2.3090E-11 2.4118E-13 7.2203E-11 5.54E-12 1.41E-10   0.834 0.6000 4.9099E-07   1744.896
32870.00 0.43381491 0.0000E+00            0.0000E+00 4.3432E-11 1.0799E-12 2.0405E-11 2.0946E-13 6.3837E-11 4.81E-12 1.23E-10   0.835 0.6000 4.7517E-07   1737.471
32880.00 0.43330637 0.0000E+00            0.0000E+00 4.6736E-11 1.1499E-12 2.1946E-11 2.2209E-13 6.8682E-11 5.10E-12 1.31E-10   0.836 0.6000 5.4885E-07   1742.625
32890.00 0.43294683 0.0000E+00            0.0000E+00 4.9055E-11 1.1978E-12 2.3022E-11 2.3066E-13 7.2077E-11 5.29E-12 1.37E-10   0.837 0.6000 6.0127E-07   1746.200
32900.00 0.43269318 0.0000E+00            0.0000E+00 4.0374E-11 9.8172E-13 1.8936E-11 1.8867E-13 5.9310E-11 4.33E-12 1.12E-10   0.838 0.6000 5.0344E-07   1734.197
32910.00 0.43245420 0.0000E+00            0.0000E+00 3.0877E-11 7.4764E-13 1.4461E-11 1.4320E-13 4.5338E-11 3.29E-12 8.53E-11   0.838 0.6000 3.8684E-07   1717.761
32920.00 0.43217838 0.0000E+00            0.0000E+00 4.0313E-11 9.7123E-13 1.8850E-11 1.8529E-13 5.9164E-11 4.25E-12 1.11E-10   0.839 0.6000 5.1060E-07   1734.978
32930.00 0.43180746 0.0000E+00            0.0000E+00 5.3173E-11 1.2751E-12 2.4846E-11 2.4259E-13 7.8019E-11 5.57E-12 1.45E-10   0.840 0.6000 6.9048E-07   1753.212
32940.00 0.43136263 0.0000E+00            0.0000E+00 5.3393E-11 1.2726E-12 2.4930E-11 2.4129E-13 7.8323E-11 5.54E-12 1.45E-10   0.841 0.6000 7.1753E-07   1753.938
32950.00 0.43090031 0.0000E+00            0.0000E+00 5.0052E-11 1.1834E-12 2.3349E-11 2.2344E-13 7.3401E-11 5.13E-12 1.35E-10   0.842 0.6000 7.0324E-07   1750.208
32960.00 0.43044242 0.0000E+00            0.0000E+00 4.9617E-11 1.1638E-12 2.3127E-11 2.1886E-13 7.2744E-11 5.02E-12 1.33E-10   0.843 0.6000 7.2829E-07   1750.099
32970.00 0.42995679 0.0000E+00            0.0000E+00 4.3456E-11 1.0127E-12 2.0242E-11 1.8981E-13 6.3698E-11 4.36E-12 1.15E-10   0.844 0.6000 6.6156E-07   1742.034
32980.00 0.42939705 0.0000E+00            0.0000E+00 3.3174E-11 7.6505E-13 1.5441E-11 1.4271E-13 4.8615E-11 3.28E-12 8.72E-11   0.845 0.6000 5.3844E-07   1725.383
32990.00 0.42881125 0.0000E+00            0.0000E+00 3.0488E-11 6.9352E-13 1.4182E-11 1.2865E-13 4.4670E-11 2.95E-12 7.91E-11   0.847 0.6000 5.3793E-07   1720.555
33000.00 0.42819428 0.0000E+00            0.0000E+00 3.1665E-11 7.1011E-13 1.4725E-11 1.3111E-13 4.6390E-11 3.01E-12 8.10E-11   0.848 0.6000 6.0905E-07   1723.380
33010.00 0.42750126 0.0000E+00            0.0000E+00 3.3087E-11 7.2913E-13 1.5382E-11 1.3386E-13 4.8469E-11 3.07E-12 8.33E-11   0.850 0.6000 7.0487E-07   1726.594
33020.00 0.42679572 0.0000E+00            0.0000E+00 3.0522E-11 6.6373E-13 1.4185E-11 1.2132E-13 4.4708E-11 2.78E-12 7.58E-11   0.851 0.6000 6.9950E-07   1722.002
33030.00 0.42610049 0.0000E+00            0.0000E+00 2.0362E-11 4.3706E-13 9.4604E-12 7.9560E-14 2.9822E-11 1.83E-12 5.00E-11   0.853 0.6000 5.0075E-07   1697.554
33040.00 0.42539245 0.0000E+00            0.0000E+00 1.3702E-11 2.8679E-13 6.3641E-12 5.1836E-14 2.0066E-11 1.19E-12 3.28E-11   0.855 0.6000 3.8490E-07   1674.316
33050.00 0.42469379 0.0000E+00            0.0000E+00 1.4403E-11 2.9443E-13 6.6881E-12 5.2876E-14 2.1091E-11 1.21E-12 3.37E-11   0.856 0.6000 4.5397E-07   1677.714
33060.00 0.42398432 0.0000E+00            0.0000E+00 1.5554E-11 3.1204E-13 7.2210E-12 5.5756E-14 2.2775E-11 1.28E-12 3.57E-11   0.858 0.6000 5.3633E-07   1682.729
33070.00 0.42327464 0.0000E+00            0.0000E+00 1.4562E-11 2.8693E-13 6.7584E-12 5.1017E-14 2.1320E-11 1.17E-12 3.29E-11   0.860 0.6000 5.4466E-07   1679.263
33080.00 0.42263547 0.0000E+00            0.0000E+00 1.0069E-11 1.9598E-13 4.6714E-12 3.4724E-14 1.4740E-11 7.97E-13 2.25E-11   0.861 0.6000 3.9695E-07   1658.118
33090.00 0.42204762 0.0000E+00            0.0000E+00 5.0123E-12 9.5911E-14 2.3240E-12 1.6908E-14 7.3363E-12 3.88E-13 1.10E-11   0.863 0.6000 2.1200E-07   1619.209
33100.00 0.42150125 0.0000E+00            0.0000E+00 4.1400E-12 7.7182E-14 1.9175E-12 1.3505E-14 6.0575E-12 3.10E-13 8.85E-12   0.864 0.6000 1.9360E-07   1609.166
33110.00 0.42104501 0.0000E+00            0.0000E+00 5.7129E-12 1.0504E-13 2.6443E-12 1.8310E-14 8.3572E-12 4.20E-13 1.21E-11   0.865 0.6000 2.8036E-07   1627.298
33120.00 0.42067683 0.0000E+00            0.0000E+00 6.6936E-12 1.2180E-13 3.0961E-12 2.1169E-14 9.7897E-12 4.86E-13 1.40E-11   0.866 0.6000 3.3962E-07   1636.584
33130.00 0.42035592 0.0000E+00            0.0000E+00 7.3946E-12 1.3308E-13 3.4174E-12 2.3052E-14 1.0812E-11 5.29E-13 1.53E-11   0.867 0.6000 3.8810E-07   1642.630
33140.00 0.42001888 0.0000E+00            0.0000E+00 8.7991E-12 1.5683E-13 4.0629E-12 2.7078E-14 1.2862E-11 6.21E-13 1.80E-11   0.867 0.6000 4.7568E-07   1652.964
33150.00 0.41962427 0.0000E+00            0.0000E+00 9.3255E-12 1.6474E-13 4.3025E-12 2.8351E-14 1.3628E-11 6.51E-13 1.89E-11   0.868 0.6000 5.1863E-07   1656.734
33160.00 0.41916624 0.0000E+00            0.0000E+00 8.8167E-12 1.5383E-13 4.0641E-12 2.6366E-14 1.2881E-11 6.05E-13 1.76E-11   0.869 0.6000 5.1115E-07   1653.942
33170.00 0.41862288 0.0000E+00            0.0000E+00 8.6234E-12 1.4785E-13 3.9724E-12 2.5224E-14 1.2596E-11 5.79E-13 1.70E-11   0.871 0.6000 5.3179E-07   1653.107
33180.00 0.41801560 0.0000E+00            0.0000E+00 7.8041E-12 1.3136E-13 3.5932E-12 2.2314E-14 1.1397E-11 5.12E-13 1.51E-11   0.872 0.6000 5.1326E-07   1647.846
33190.00 0.41736960 0.0000E+00            0.0000E+00 6.6345E-12 1.0907E-13 3.0529E-12 1.8425E-14 9.6875E-12 4.23E-13 1.25E-11   0.874 0.6000 4.7392E-07   1639.095
33200.00 0.41664451 0.0000E+00            0.0000E+00 6.5889E-12 1.0520E-13 3.0306E-12 1.7659E-14 9.6195E-12 4.05E-13 1.21E-11   0.876 0.6000 5.2055E-07   1639.142
33210.00 0.41585684 0.0000E+00            0.0000E+00 5.9841E-12 9.3109E-14 2.7520E-12 1.5558E-14 8.7361E-12 3.57E-13 1.07E-11   0.877 0.6000 5.1527E-07   1634.183
33220.00 0.41504875 0.0000E+00            0.0000E+00 4.1446E-12 6.2464E-14 1.9058E-12 1.0380E-14 6.0503E-12 2.38E-13 7.18E-12   0.879 0.6000 3.9557E-07   1614.344
33230.00 0.41422883 0.0000E+00            0.0000E+00 2.9463E-12 4.2543E-14 1.3545E-12 7.0190E-15 4.3008E-12 1.61E-13 4.90E-12   0.881 0.6000 3.2087E-07   1596.377
33240.00 0.41345561 0.0000E+00            0.0000E+00 2.7404E-12 3.7848E-14 1.2595E-12 6.2013E-15 4.0000E-12 1.42E-13 4.36E-12   0.883 0.6000 3.3972E-07   1592.953
33250.00 0.41272745 0.0000E+00            0.0000E+00 3.0282E-12 4.0136E-14 1.3913E-12 6.5340E-15 4.4195E-12 1.50E-13 4.63E-12   0.885 0.6000 4.1990E-07   1598.695
33260.00 0.41202328 0.0000E+00            0.0000E+00 3.4133E-12 4.3819E-14 1.5675E-12 7.0958E-15 4.9808E-12 1.63E-13 5.06E-12   0.887 0.6000 5.1453E-07   1605.543
33270.00 0.41140938 0.0000E+00            0.0000E+00 3.2070E-12 4.0231E-14 1.4720E-12 6.4874E-15 4.6790E-12 1.49E-13 4.64E-12   0.888 0.6000 5.1225E-07   1602.617
33279.99 0.41083062 0.0000E+00            0.0000E+00 2.2858E-12 2.8149E-14 1.0485E-12 4.5216E-15 3.3343E-12 1.04E-13 3.25E-12   0.890 0.6000 3.8216E-07   1585.069
33290.00 0.41018072 0.0000E+00            0.0000E+00 1.5854E-12 1.9008E-14 7.2634E-13 3.0340E-15 2.3118E-12 6.96E-14 2.20E-12   0.891 0.6000 2.8347E-07   1566.507
33300.00 0.40949032 0.0000E+00            0.0000E+00 1.4234E-12 1.6585E-14 6.5138E-13 2.6305E-15 2.0747E-12 6.04E-14 1.92E-12   0.893 0.6000 2.7261E-07   1561.407
33310.00 0.40879968 0.0000E+00            0.0000E+00 1.2818E-12 1.4535E-14 5.8612E-13 2.2938E-15 1.8679E-12 5.26E-14 1.68E-12   0.895 0.6000 2.6187E-07   1556.503
33320.00 0.40811399 0.0000E+00            0.0000E+00 1.1754E-12 1.2898E-14 5.3691E-13 2.0226E-15 1.7123E-12 4.64E-14 1.49E-12   0.896 0.6000 2.5887E-07   1552.539
33329.99 0.40747121 0.0000E+00            0.0000E+00 1.4295E-12 1.5242E-14 6.5213E-13 2.3745E-15 2.0816E-12 5.45E-14 1.77E-12   0.898 0.6000 3.3586E-07   1562.844
 -9999.
