
 ********************************************************
 *                                                      *
 *  MODTRAN(R)svn-branch-5.2.1                          *
 *                                                      *
 *  Developed collaboratively by SPECTRAL SCIENCES,     *
 *  INC. (www.spectral.com) and the AIR FORCE RESEARCH  *
 *  LABORATORY (www.vs.afrl.af.mil/Division/VSBYB)      *
 *                                                      *
 *  Please address questions/comments to                *
 *  modtran@spectral.com and/or Gail.Anderson@noaa.gov  *
 *                                                      *
 ********************************************************

 CARD 1  *****T F 2    2    2    0    2    2    2    2    2    2    1    0    0   0.0000.00000

 PROGRAM WILL COMPUTE RADIANCE + SOLAR SCATTER

 ATMOSPHERIC MODEL
         TEMPERATURE =    2     MID-LATITUDE SUMMER 
         WATER VAPOR =    2     MID-LATITUDE SUMMER 
         OZONE       =    2     MID-LATITUDE SUMMER 
                      M4 =     2 M5 =     2 M6 =     2 MDEF =     1

 CARD 1A *****FFF  1 0.0 360.00000  0.000000  0.0000000F F F F F     0.000    0.0000    0.0000    0.0000    0.0000         0

 MOLECULAR BAND MODEL DATA FILES
 -------------------------------
 DATA/01_2009c.bn4
 DATA/01_2009t.bin

 CFC BAND MODEL DATA FILE:               DATA/CFC04_01.ASC                                                                                                                                                                                                                                               

 Version 2.4 of the Clough-Kneizys Water Continuum Data from LBLRTM (24mar2000).

 CARD 2  *****    1    0    1    0    0    0   2.00000   0.00000   0.00000   0.00000   0.00000

 MODEL ATMOSPHERE NO.  2

 *** OZONE DENSITIES ARE BEING SCALED BY   1.00000
     THE ORIGINAL VERTICAL COLUMN CONTAINED   7.10288 GM / M2 OF OZONE
     THE CURRENT  VERTICAL COLUMM CONTAINS    7.10288 GM / M2 OF OZONE

 *** THE WATER PROFILE WAS DECREASED TO FIT THE INPUT WATER COLUMN VALUE
     INITIAL:   2.92236 GM / CM2
     INPUT:     2.92236 GM / CM2
     FINAL:     2.92236 GM / CM2

 AEROSOL MODEL
     REGIME                      AEROSOL TYPE             PROFILE                  SEASON
     -----------------------     --------------------     --------------------     --------------------
     BOUNDARY LAYER (0-2KM)      RURAL                     2.00 KM METEOROLOGICAL_RANGE_AT_SEA_LEVEL
     TROPOSPHERE  (2-10KM)       TROPOSPHERIC             TROPOSPHERIC             SPRING-SUMMER       
     STRATOSPHERE (10-30KM)      BCKGD_STRATOSPHERIC      BCKGD_STRATOSPHERIC      SPRING-SUMMER       
     UPPER ATMOS (30-100KM)      METEORIC DUST            NORMAL              

 CARD 3  *****   3.00000   3.00000   0.00000   1.00000   0.00000   0.00000    0        0.00000

     6371.23  RADIUS OF THE EARTH [KM].

 SLANT PATH, H1ALT TO H2ALT
          H1ALT  =    3.00000 KM
          H2ALT  =    3.00000 KM
          OBSZEN =    0.00000 DEG
          HRANGE =    1.00000 KM
          BETA   =    0.00000 DEG
          BCKZEN =    0.00000 DEG
          LENN   =      0

 CARD 3A1*****    2    0  172    0

 CARD 3A2*****  90.00000  70.00000   0.00000   0.00000   0.00000   0.00000   0.00000   0.00000

 SINGLE SCATTERING CONTROL PARAMETERS SUMMARY

          RELATIVE AZIMUTH AT H1ALT =       90.0000 DEG EAST OF NORTH
          SOLAR ZENITH AT H1ALT =           70.0000 DEG
          TIME (<0 UNDEF) =                        0.0000 GREENWICH TIME
          PATH AZIMUTH (FROM H1ALT TO H2ALT) =     0.0000 DEG EAST OF NORTH
          DAY OF THE YEAR =                     172

 EXTRATERRESTIAL SOURCE IS THE SUN

 H-G PHASE FUNCTION ,G=   0.00000

 CARD 4  *****    9091.0   14286.0      10.0      10.0   SCANNING FUNCTION:TRIANGULAR 

 FREQUENCY RANGE
             IV1 =    9091.0 CM-1  (      1.1000 MICRONS)
             IV2 =   14286.0 CM-1  (      0.7000 MICRONS)
             IDV =      10.0 CM-1
           IFWHM =      10.0 CM-1


 ATMOSPHERIC PROFILES

   I     Z       P       T        N2       CNTMSLF   CNTMFRN MOL SCAT     N-1     O3 (UV)   O2 (UV)   WAT DROP  ICE PART  RAIN RATE
        (KM)    (MB)    (K)               (  MOL/CM2 KM  )      (-)       (-)    (  ATM CM/KM  )       (GM/M3)   (GM/M3)   (MM/HR)
   1   0.0000 1012.999 294.20  7.902E-01 8.829E+20 4.618E+22 9.282E-01 2.682E-04 2.800E-03 3.435E+04     0.000     0.000     0.000
   2   1.0000  901.996 289.70  6.461E-01 3.895E+20 2.788E+22 8.393E-01 2.427E-04 2.801E-03 2.976E+04     0.000     0.000     0.000
   3   2.0000  802.001 285.20  5.271E-01 1.568E+20 1.604E+22 7.581E-01 2.194E-04 2.800E-03 2.581E+04     0.000     0.000     0.000
   4   3.0000  709.996 279.20  4.310E-01 4.900E+19 8.139E+21 6.855E-01 1.985E-04 2.894E-03 2.248E+04     0.000     0.000     0.000
   5   4.0000  628.000 273.20  3.522E-01 1.626E+19 4.247E+21 6.197E-01 1.795E-04 2.987E-03 1.961E+04     0.000     0.000     0.000
   6   5.0000  553.997 267.20  2.865E-01 4.503E+18 2.019E+21 5.589E-01 1.619E-04 3.081E-03 1.710E+04     0.000     0.000     0.000
   7   6.0000  486.998 261.20  2.317E-01 1.677E+18 1.109E+21 5.026E-01 1.456E-04 3.221E-03 1.489E+04     0.000     0.000     0.000
   8   7.0000  426.000 254.70  1.865E-01 6.159E+17 6.032E+20 4.509E-01 1.307E-04 3.501E-03 1.295E+04     0.000     0.000     0.000
   9   8.0000  371.999 248.20  1.497E-01 1.986E+17 3.070E+20 4.040E-01 1.171E-04 3.687E-03 1.128E+04     0.000     0.000     0.000
  10   9.0000  323.999 241.70  1.198E-01 6.483E+16 1.569E+20 3.614E-01 1.047E-04 4.015E-03 9.818E+03     0.000     0.000     0.000
  11  10.0000  280.999 235.30  9.505E-02 1.844E+16 7.458E+19 3.219E-01 9.330E-05 4.198E-03 8.526E+03     0.000     0.000     0.000
  12  11.0000  243.000 228.80  7.518E-02 2.180E+15 2.281E+19 2.863E-01 8.298E-05 5.134E-03 7.406E+03     0.000     0.000     0.000
  13  12.0000  208.999 222.30  5.891E-02 1.621E+14 5.506E+18 2.534E-01 7.345E-05 5.652E-03 6.411E+03     0.000     0.000     0.000
  14  13.0000  179.001 215.80  4.586E-02 9.318E+12 1.165E+18 2.236E-01 6.481E-05 6.708E-03 5.541E+03     0.000     0.000     0.000
  15  14.0000  153.000 215.70  3.353E-02 2.662E+12 5.323E+17 1.912E-01 5.542E-05 8.414E-03 4.631E+03     0.000     0.000     0.000
  16  15.0000  129.999 215.70  2.421E-02 8.885E+11 2.613E+17 1.625E-01 4.709E-05 8.124E-03 3.854E+03     0.000     0.000     0.000
  17  16.0000  111.000 215.70  1.765E-02 6.102E+11 1.849E+17 1.387E-01 4.021E-05 8.324E-03 3.233E+03     0.000     0.000     0.000
  18  17.0000   95.000 215.70  1.293E-02 4.203E+11 1.313E+17 1.187E-01 3.441E-05 8.311E-03 2.726E+03     0.000     0.000     0.000
  19  18.0000   81.200 216.80  9.350E-03 2.945E+11 9.350E+16 1.010E-01 2.926E-05 1.010E-02 2.287E+03     0.000     0.000     0.000
  20  19.0000   69.500 217.90  6.780E-03 2.204E+11 6.888E+16 8.598E-02 2.492E-05 1.290E-02 1.925E+03     0.000     0.000     0.000
  21  20.0000   59.500 219.20  4.911E-03 1.698E+11 5.145E+16 7.317E-02 2.121E-05 1.463E-02 1.622E+03     0.000     0.000     0.000
  22  21.0000   51.000 220.40  3.569E-03 1.349E+11 3.909E+16 6.238E-02 1.808E-05 1.497E-02 1.371E+03     0.000     0.000     0.000
  23  22.0000   43.700 221.60  2.592E-03 1.066E+11 2.962E+16 5.316E-02 1.541E-05 1.542E-02 1.160E+03     0.000     0.000     0.000
  24  23.0000   37.600 222.80  1.898E-03 8.933E+10 2.320E+16 4.549E-02 1.319E-05 1.547E-02 9.867E+02     0.000     0.000     0.000
  25  24.0000   32.200 223.90  1.379E-03 7.003E+10 1.751E+16 3.877E-02 1.124E-05 1.551E-02 8.364E+02     0.000     0.000     0.000
  26  25.0000   27.700 225.10  1.009E-03 5.652E+10 1.346E+16 3.317E-02 9.614E-06 1.592E-02 7.124E+02     0.000     0.000     0.000
  27  30.0000   13.200 233.70  2.126E-04 1.491E+10 3.173E+15 1.523E-02 4.413E-06 1.066E-02 3.223E+02     0.000     0.000     0.000
  28  35.0000 6.519971 245.20  4.713E-05 3.666E+09 7.406E+14 7.168E-03 2.077E-06 6.380E-03 1.507E+02     0.000     0.000     0.000
  29  40.0000 3.329993 257.50  1.115E-05 9.205E+08 1.805E+14 3.486E-03 1.010E-06 2.632E-03 7.307E+01     0.000     0.000     0.000
  30  45.0000 1.759993 269.90  2.834E-06 2.673E+08 4.904E+13 1.758E-03 5.095E-07 7.911E-04 3.679E+01     0.000     0.000     0.000
  31  50.0000 0.951001 275.70  7.930E-07 7.616E+07 1.385E+13 9.299E-04 2.695E-07 2.604E-04 1.945E+01     0.000     0.000     0.000
  32  55.0000 0.514999 269.30  2.437E-07 2.215E+07 4.140E+12 5.155E-04 1.494E-07 9.280E-05 1.078E+01     0.000     0.000     0.000
  33  60.0000 0.272001 257.10  7.460E-08 5.921E+06 1.184E+12 2.852E-04 8.266E-08 3.708E-05 5.962E+00     0.000     0.000     0.000
  34  70.0000 0.067000 218.10  6.290E-09 2.734E+05 7.388E+10 8.281E-05 2.400E-08 3.313E-06 1.731E+00     0.000     0.000     0.000
  35  80.0000 0.012000 174.10  3.166E-10 4.433E+03 2.111E+09 1.858E-05 5.385E-09 3.716E-07 3.883E-01     0.000     0.000     0.000
  36 100.0000 0.000258 190.50  1.223E-13 6.210E-02 1.552E+05 3.651E-07 1.058E-10 1.460E-08 5.842E-03     0.000     0.000     0.000


 ATMOSPHERIC PROFILES

   I     Z       P       T     AEROSOL 1 AEROSOL 2 AEROSOL 3 AEROSOL 4  AER1*RH     RH (%)    RH (%)   CIRRUS   WAT DROP  ICE PART
        (KM)    (MB)    (K)    (      550nm EXTINCTION [KM-1]      )  (BEFORE H2O SCALING)   (AFTER)    (-)     (550nm VIS [KM-1])
   1   0.0000 1012.999 294.20  1.940E+00 0.000E+00 0.000E+00 0.000E+00 6.151E+00 7.618E+01 7.618E+01   0.00000   0.00000   0.00000
   2   1.0000  901.996 289.70  1.940E+00 0.000E+00 0.000E+00 0.000E+00 6.840E+00 6.603E+01 6.603E+01   0.00000   0.00000   0.00000
   3   2.0000  802.001 285.20  6.210E-02 0.000E+00 0.000E+00 0.000E+00 2.361E-01 5.520E+01 5.520E+01   0.00000   0.00000   0.00000
   4   3.0000  709.996 279.20  0.000E+00 3.460E-02 0.000E+00 0.000E+00 0.000E+00 4.529E+01 4.529E+01   0.00000   0.00000   0.00000
   5   4.0000  628.000 273.20  0.000E+00 1.850E-02 0.000E+00 0.000E+00 0.000E+00 3.905E+01 3.905E+01   0.00000   0.00000   0.00000
   6   5.0000  553.997 267.20  0.000E+00 9.310E-03 0.000E+00 0.000E+00 0.000E+00 3.142E+01 3.142E+01   0.00000   0.00000   0.00000
   7   6.0000  486.998 261.20  0.000E+00 7.710E-03 0.000E+00 0.000E+00 0.000E+00 2.998E+01 2.998E+01   0.00000   0.00000   0.00000
   8   7.0000  426.000 254.70  0.000E+00 6.230E-03 0.000E+00 0.000E+00 0.000E+00 3.031E+01 3.031E+01   0.00000   0.00000   0.00000
   9   8.0000  371.999 248.20  0.000E+00 3.370E-03 0.000E+00 0.000E+00 0.000E+00 2.963E+01 2.963E+01   0.00000   0.00000   0.00000
  10   9.0000  323.999 241.70  0.000E+00 1.820E-03 0.000E+00 0.000E+00 0.000E+00 3.015E+01 3.015E+01   0.00000   0.00000   0.00000
  11  10.0000  280.999 235.30  0.000E+00 1.140E-03 0.000E+00 0.000E+00 0.000E+00 2.944E+01 2.944E+01   0.00000   0.00000   0.00000
  12  11.0000  243.000 228.80  0.000E+00 0.000E+00 7.990E-04 0.000E+00 0.000E+00 1.948E+01 1.948E+01   0.00000   0.00000   0.00000
  13  12.0000  208.999 222.30  0.000E+00 0.000E+00 6.410E-04 0.000E+00 0.000E+00 1.069E+01 1.069E+01   0.00000   0.00000   0.00000
  14  13.0000  179.001 215.80  0.000E+00 0.000E+00 5.170E-04 0.000E+00 0.000E+00 5.423E+00 5.423E+00   0.00000   0.00000   0.00000
  15  14.0000  153.000 215.70  0.000E+00 0.000E+00 4.420E-04 0.000E+00 0.000E+00 2.933E+00 2.933E+00   0.00000   0.00000   0.00000
  16  15.0000  129.999 215.70  0.000E+00 0.000E+00 3.950E-04 0.000E+00 0.000E+00 1.695E+00 1.695E+00   0.00000   0.00000   0.00000
  17  16.0000  111.000 215.70  0.000E+00 0.000E+00 3.820E-04 0.000E+00 0.000E+00 1.405E+00 1.405E+00   0.00000   0.00000   0.00000
  18  17.0000   95.000 215.70  0.000E+00 0.000E+00 4.250E-04 0.000E+00 0.000E+00 1.166E+00 1.166E+00   0.00000   0.00000   0.00000
  19  18.0000   81.200 216.80  0.000E+00 0.000E+00 5.200E-04 0.000E+00 0.000E+00 8.563E-01 8.563E-01   0.00000   0.00000   0.00000
  20  19.0000   69.500 217.90  0.000E+00 0.000E+00 5.810E-04 0.000E+00 0.000E+00 6.511E-01 6.511E-01   0.00000   0.00000   0.00000
  21  20.0000   59.500 219.20  0.000E+00 0.000E+00 5.890E-04 0.000E+00 0.000E+00 4.915E-01 4.915E-01   0.00000   0.00000   0.00000
  22  21.0000   51.000 220.40  0.000E+00 0.000E+00 5.020E-04 0.000E+00 0.000E+00 3.819E-01 3.819E-01   0.00000   0.00000   0.00000
  23  22.0000   43.700 221.60  0.000E+00 0.000E+00 4.200E-04 0.000E+00 0.000E+00 2.966E-01 2.966E-01   0.00000   0.00000   0.00000
  24  23.0000   37.600 222.80  0.000E+00 0.000E+00 3.000E-04 0.000E+00 0.000E+00 2.375E-01 2.375E-01   0.00000   0.00000   0.00000
  25  24.0000   32.200 223.90  0.000E+00 0.000E+00 1.980E-04 0.000E+00 0.000E+00 1.863E-01 1.863E-01   0.00000   0.00000   0.00000
  26  25.0000   27.700 225.10  0.000E+00 0.000E+00 1.310E-04 0.000E+00 0.000E+00 1.469E-01 1.469E-01   0.00000   0.00000   0.00000
  27  30.0000   13.200 233.70  0.000E+00 0.000E+00 3.320E-05 0.000E+00 0.000E+00 3.098E-02 3.098E-02   0.00000   0.00000   0.00000
  28  35.0000 6.519971 245.20  0.000E+00 0.000E+00 0.000E+00 4.300E-06 0.000E+00 5.231E-03 5.231E-03   0.00000   0.00000   0.00000
  29  40.0000 3.329993 257.50  0.000E+00 0.000E+00 0.000E+00 1.670E-06 0.000E+00 9.365E-04 9.365E-04   0.00000   0.00000   0.00000
  30  45.0000 1.759993 269.90  0.000E+00 0.000E+00 0.000E+00 8.000E-07 0.000E+00 1.994E-04 1.994E-04   0.00000   0.00000   0.00000
  31  50.0000 0.951001 275.70  0.000E+00 0.000E+00 0.000E+00 4.200E-07 0.000E+00 7.127E-05 7.127E-05   0.00000   0.00000   0.00000
  32  55.0000 0.514999 269.30  0.000E+00 0.000E+00 0.000E+00 2.207E-07 0.000E+00 5.991E-05 5.991E-05   0.00000   0.00000   0.00000
  33  60.0000 0.272001 257.10  0.000E+00 0.000E+00 0.000E+00 1.159E-07 0.000E+00 7.753E-05 7.753E-05   0.00000   0.00000   0.00000
  34  70.0000 0.067000 218.10  0.000E+00 0.000E+00 0.000E+00 3.200E-08 0.000E+00 7.084E-04 7.084E-04   0.00000   0.00000   0.00000
  35  80.0000 0.012000 174.10  0.000E+00 0.000E+00 0.000E+00 5.795E-09 0.000E+00 7.237E-02 7.237E-02   0.00000   0.00000   0.00000
  36 100.0000 0.000258 190.50  0.000E+00 0.000E+00 0.000E+00 1.900E-10 0.000E+00 1.461E-05 1.461E-05   0.00000   0.00000   0.00000


 ATMOSPHERIC PROFILES (AFTER COLUMN SCALING)

   I      Z       P       H2O      O3       CO2      CO       CH4      N2O      O2       NH3      NO       NO2      SO2      HNO3
         (KM)    (MB)  (                                             ATM CM / KM                                                )
   1   0.0000 1012.999  1.74E+03 2.80E-03 3.34E+01 1.39E-02 1.58E-01 2.97E-02 1.94E+04 4.64E-05 2.78E-05 2.13E-06 2.78E-05 4.64E-06
   2   1.0000  901.996  1.16E+03 2.80E-03 3.02E+01 1.22E-02 1.43E-01 2.69E-02 1.75E+04 4.20E-05 2.52E-05 1.93E-06 2.30E-05 5.00E-06
   3   2.0000  802.001  7.34E+02 2.80E-03 2.73E+01 1.06E-02 1.29E-01 2.43E-02 1.58E+04 3.51E-05 2.27E-05 1.74E-06 1.79E-05 5.25E-06
   4   3.0000  709.996  4.10E+02 2.89E-03 2.47E+01 9.25E-03 1.17E-01 2.19E-02 1.43E+04 2.61E-05 2.06E-05 1.58E-06 1.30E-05 5.42E-06
   5   4.0000  628.000  2.36E+02 2.99E-03 2.23E+01 8.13E-03 1.05E-01 1.98E-02 1.30E+04 1.78E-05 1.86E-05 1.43E-06 9.05E-06 5.50E-06
   6   5.0000  553.997  1.24E+02 3.08E-03 2.01E+01 7.28E-03 9.43E-02 1.79E-02 1.17E+04 1.14E-05 1.68E-05 1.29E-06 6.60E-06 5.45E-06
   7   6.0000  486.998  7.59E+01 3.22E-03 1.81E+01 6.47E-03 8.40E-02 1.61E-02 1.05E+04 7.34E-06 1.51E-05 1.16E-06 4.88E-06 5.58E-06
   8   7.0000  426.000  4.60E+01 3.50E-03 1.62E+01 5.62E-03 7.44E-02 1.44E-02 9.42E+03 4.45E-06 1.35E-05 1.04E-06 3.74E-06 5.68E-06
   9   8.0000  371.999  2.61E+01 3.69E-03 1.45E+01 4.79E-03 6.58E-02 1.29E-02 8.44E+03 2.62E-06 1.21E-05 9.29E-07 2.91E-06 5.62E-06
  10   9.0000  323.999  1.49E+01 4.01E-03 1.30E+01 3.95E-03 5.84E-02 1.14E-02 7.55E+03 1.36E-06 1.08E-05 8.38E-07 2.37E-06 5.53E-06
  11  10.0000  280.999  7.96E+00 4.20E-03 1.16E+01 3.21E-03 5.08E-02 9.97E-03 6.73E+03 6.54E-07 9.66E-06 7.66E-07 1.96E-06 5.60E-06
  12  11.0000  243.000  2.74E+00 5.13E-03 1.03E+01 2.57E-03 4.41E-02 8.56E-03 5.98E+03 3.12E-07 8.59E-06 7.50E-07 1.66E-06 5.78E-06
  13  12.0000  208.999  7.46E-01 5.65E-03 9.12E+00 1.98E-03 3.82E-02 7.44E-03 5.30E+03 1.60E-07 7.60E-06 7.98E-07 1.42E-06 6.11E-06
  14  13.0000  179.001  1.79E-01 6.71E-03 8.05E+00 1.43E-03 3.31E-02 6.40E-03 4.67E+03 6.98E-08 6.69E-06 9.95E-07 1.25E-06 6.17E-06
  15  14.0000  153.000  9.56E-02 8.41E-03 6.88E+00 9.61E-04 2.77E-02 5.35E-03 4.00E+03 2.12E-08 5.64E-06 1.43E-06 1.08E-06 6.37E-06
  16  15.0000  129.999  5.52E-02 8.12E-03 5.85E+00 6.40E-04 2.31E-02 4.43E-03 3.40E+03 7.26E-09 4.60E-06 2.78E-06 9.34E-07 7.34E-06
  17  16.0000  111.000  4.58E-02 8.32E-03 4.99E+00 4.26E-04 1.93E-02 3.62E-03 2.90E+03 2.93E-09 3.72E-06 4.43E-06 7.98E-07 1.02E-05
  18  17.0000   95.000  3.80E-02 8.31E-03 4.27E+00 2.96E-04 1.61E-02 2.87E-03 2.48E+03 1.31E-09 2.99E-06 6.16E-06 6.38E-07 1.56E-05
  19  18.0000   81.200  3.18E-02 1.01E-02 3.63E+00 1.99E-04 1.34E-02 2.20E-03 2.11E+03 6.76E-10 2.42E-06 7.78E-06 4.83E-07 2.13E-05
  20  19.0000   69.500  2.75E-02 1.29E-02 3.10E+00 1.33E-04 1.10E-02 1.58E-03 1.80E+03 3.41E-10 2.10E-06 9.11E-06 3.41E-07 2.73E-05
  21  20.0000   59.500  2.41E-02 1.46E-02 2.63E+00 9.74E-05 8.96E-03 1.18E-03 1.53E+03 1.76E-10 1.87E-06 1.02E-05 2.33E-07 3.07E-05
  22  21.0000   51.000  2.15E-02 1.50E-02 2.25E+00 7.69E-05 7.20E-03 8.25E-04 1.30E+03 1.20E-10 1.73E-06 1.10E-05 1.67E-07 3.08E-05
  23  22.0000   43.700  1.91E-02 1.54E-02 1.91E+00 6.55E-05 5.67E-03 6.09E-04 1.11E+03 9.14E-11 1.63E-06 1.15E-05 1.21E-07 2.90E-05
  24  23.0000   37.600  1.75E-02 1.55E-02 1.64E+00 5.95E-05 4.43E-03 4.71E-04 9.51E+02 7.23E-11 1.64E-06 1.17E-05 9.42E-08 2.61E-05
  25  24.0000   32.200  1.55E-02 1.55E-02 1.40E+00 5.43E-05 3.41E-03 3.73E-04 8.10E+02 5.58E-11 1.75E-06 1.19E-05 7.37E-08 2.26E-05
  26  25.0000   27.700  1.39E-02 1.59E-02 1.19E+00 5.05E-05 2.62E-03 2.97E-04 6.93E+02 4.08E-11 2.27E-06 1.24E-05 5.81E-08 1.86E-05
  27  30.0000   13.200  7.16E-03 1.07E-02 5.48E-01 3.04E-05 9.62E-04 1.02E-04 3.18E+02 9.67E-12 3.73E-06 9.38E-06 2.04E-08 5.69E-06
  28  35.0000 6.519971  3.55E-03 6.38E-03 2.58E-01 1.78E-05 3.59E-04 2.65E-05 1.50E+02 1.30E-12 5.12E-06 5.22E-06 8.32E-09 1.18E-06
  29  40.0000 3.329993  1.78E-03 2.63E-03 1.26E-01 1.03E-05 1.37E-04 6.05E-06 7.29E+01 1.02E-13 3.90E-06 1.40E-06 4.74E-09 1.86E-07
  30  45.0000 1.759993  9.58E-04 7.91E-04 6.33E-02 5.81E-06 5.05E-05 1.35E-06 3.67E+01 5.24E-15 2.06E-06 2.02E-07 3.69E-09 2.13E-08
  31  50.0000 0.951001  5.11E-04 2.60E-04 3.35E-02 3.39E-06 1.81E-05 2.99E-07 1.94E+01 6.63E-16 9.58E-07 4.12E-08 3.31E-09 5.16E-09
  32  55.0000 0.514999  2.76E-04 9.28E-05 1.86E-02 2.02E-06 8.11E-06 1.05E-07 1.08E+01 2.47E-16 5.21E-07 1.75E-08 2.37E-09 2.29E-09
  33  60.0000 0.272001  1.43E-04 3.71E-05 1.03E-02 1.33E-06 4.28E-06 3.98E-08 5.96E+00 1.04E-16 2.88E-07 8.13E-09 1.47E-09 1.10E-09
  34  70.0000 0.067000  3.06E-05 3.31E-06 2.98E-03 9.75E-07 1.24E-06 6.44E-09 1.73E+00 2.13E-17 9.52E-08 1.91E-09 3.58E-10 2.71E-10
  35  80.0000 0.012000  3.90E-06 3.72E-07 6.65E-04 1.27E-06 2.79E-07 9.60E-10 3.88E-01 3.79E-18 4.98E-08 3.75E-10 2.47E-11 5.59E-11
  36 100.0000 0.000258  1.46E-08 1.46E-08 7.77E-06 3.68E-07 4.38E-09 1.04E-11 5.84E-03 5.40E-20 7.59E-08 6.21E-12 1.31E-14 9.97E-13


1 ATMOSPHERIC PROFILES

   I      Z       CFC11    CFC12    CFC13    CFC14    CFC22   CFC113   CFC114   CFC115   CLONO2     HNO4   CHCL2F     CCL4     N2O5
         (KM)   (                                                  ATM CM/KM                                                  )
   1   0.0000  1.30E-05 2.23E-05 9.28E-14 9.28E-14 5.57E-06 1.76E-06 1.11E-06 9.28E-14 5.34E-07 4.03E-08 9.28E-14 1.21E-05 2.25E-11
   2   1.0000  1.18E-05 2.01E-05 8.39E-14 8.39E-14 5.03E-06 1.59E-06 1.01E-06 8.39E-14 4.30E-07 1.79E-07 8.39E-14 1.09E-05 8.01E-11
   3   2.0000  1.06E-05 1.82E-05 7.58E-14 7.58E-14 4.54E-06 1.44E-06 9.10E-07 7.58E-14 3.42E-07 2.91E-07 7.58E-14 9.85E-06 1.26E-10
   4   3.0000  9.60E-06 1.65E-05 6.86E-14 6.86E-14 4.10E-06 1.30E-06 8.23E-07 6.86E-14 2.66E-07 3.80E-07 6.86E-14 8.91E-06 1.63E-10
   5   4.0000  8.68E-06 1.49E-05 6.20E-14 6.20E-14 3.71E-06 1.18E-06 7.44E-07 6.20E-14 2.02E-07 4.49E-07 6.20E-14 8.06E-06 1.91E-10
   6   5.0000  7.82E-06 1.34E-05 5.59E-14 5.59E-14 3.34E-06 1.06E-06 6.71E-07 5.59E-14 1.54E-07 1.02E-06 5.59E-14 7.25E-06 2.02E-10
   7   6.0000  7.04E-06 1.21E-05 5.03E-14 5.03E-14 3.00E-06 9.55E-07 6.03E-07 5.03E-14 1.13E-07 1.46E-06 5.03E-14 6.51E-06 2.07E-10
   8   7.0000  6.31E-06 1.08E-05 4.51E-14 4.51E-14 2.69E-06 8.57E-07 5.41E-07 4.51E-14 7.87E-08 1.80E-06 4.51E-14 5.83E-06 2.09E-10
   9   8.0000  5.66E-06 9.70E-06 4.04E-14 4.04E-14 2.41E-06 7.68E-07 4.85E-07 4.04E-14 5.01E-08 2.06E-06 4.04E-14 5.21E-06 2.08E-10
  10   9.0000  5.05E-06 8.67E-06 3.61E-14 3.61E-14 2.16E-06 6.86E-07 4.34E-07 3.61E-14 4.37E-08 1.77E-06 3.61E-14 4.66E-06 2.08E-10
  11  10.0000  4.49E-06 7.71E-06 3.22E-14 3.22E-14 1.92E-06 6.10E-07 3.86E-07 3.22E-14 3.78E-08 1.52E-06 3.22E-14 4.15E-06 2.05E-10
  12  11.0000  3.99E-06 6.85E-06 2.86E-14 2.86E-14 1.70E-06 5.42E-07 3.44E-07 2.86E-14 3.27E-08 1.30E-06 2.86E-14 3.69E-06 1.99E-10
  13  12.0000  3.52E-06 6.06E-06 2.53E-14 2.53E-14 1.51E-06 4.79E-07 3.04E-07 2.53E-14 2.81E-08 1.11E-06 2.53E-14 3.27E-06 1.92E-10
  14  13.0000  3.02E-06 5.27E-06 2.24E-14 2.24E-14 1.32E-06 4.15E-07 2.66E-07 2.24E-14 1.79E-07 1.26E-06 2.24E-14 2.80E-06 9.85E-09
  15  14.0000  2.50E-06 4.44E-06 1.91E-14 1.91E-14 1.12E-06 3.48E-07 2.25E-07 1.91E-14 2.85E-07 1.33E-06 1.91E-14 2.31E-06 1.67E-08
  16  15.0000  2.06E-06 3.71E-06 1.62E-14 1.62E-14 9.39E-07 2.90E-07 1.89E-07 1.62E-14 3.54E-07 1.34E-06 1.62E-14 1.90E-06 2.12E-08
  17  16.0000  1.71E-06 3.12E-06 1.39E-14 1.39E-14 7.94E-07 2.43E-07 1.60E-07 1.39E-14 3.98E-07 1.32E-06 1.39E-14 1.57E-06 2.41E-08
  18  17.0000  1.33E-06 2.55E-06 1.19E-14 1.19E-14 6.60E-07 1.96E-07 1.33E-07 1.19E-14 1.21E-06 1.69E-06 1.19E-14 1.21E-06 1.04E-07
  19  18.0000  1.03E-06 2.06E-06 1.01E-14 1.01E-14 5.46E-07 1.57E-07 1.10E-07 1.01E-14 1.76E-06 1.92E-06 1.01E-14 9.15E-07 1.60E-07
  20  19.0000  7.82E-07 1.67E-06 8.60E-15 8.60E-15 4.51E-07 1.25E-07 9.05E-08 8.60E-15 2.13E-06 2.04E-06 8.60E-15 6.83E-07 1.97E-07
  21  20.0000  5.87E-07 1.35E-06 7.32E-15 7.32E-15 3.72E-07 9.95E-08 7.46E-08 7.32E-15 2.34E-06 2.09E-06 7.32E-15 4.99E-07 2.19E-07
  22  21.0000  4.28E-07 1.07E-06 6.24E-15 6.24E-15 3.05E-07 7.72E-08 6.09E-08 6.24E-15 2.87E-06 2.19E-06 6.24E-15 3.57E-07 2.59E-07
  23  22.0000  3.04E-07 8.40E-07 5.32E-15 5.32E-15 2.50E-07 5.93E-08 4.95E-08 5.32E-15 3.19E-06 2.22E-06 5.32E-15 2.45E-07 2.82E-07
  24  23.0000  2.07E-07 6.60E-07 4.55E-15 4.55E-15 2.05E-07 4.52E-08 4.03E-08 4.55E-15 3.37E-06 2.21E-06 4.55E-15 1.59E-07 2.94E-07
  25  24.0000  1.32E-07 5.12E-07 3.88E-15 3.88E-15 1.67E-07 3.38E-08 3.26E-08 3.88E-15 3.41E-06 2.14E-06 3.88E-15 9.30E-08 2.95E-07
  26  25.0000  9.05E-08 3.94E-07 3.32E-15 3.32E-15 1.36E-07 2.52E-08 2.64E-08 3.32E-15 3.23E-06 1.93E-06 3.32E-15 6.25E-08 2.56E-07
  27  30.0000  5.94E-09 8.96E-08 1.52E-15 1.52E-15 4.61E-08 4.44E-09 8.58E-09 1.52E-15 1.74E-06 7.77E-07 1.52E-15 2.67E-09 8.41E-08
  28  35.0000  1.42E-10 1.53E-08 7.17E-16 7.17E-16 1.48E-08 5.14E-10 2.62E-09 7.17E-16 3.75E-07 1.05E-07 7.17E-16 2.83E-11 7.76E-09
  29  40.0000  6.45E-13 2.12E-09 3.49E-16 3.49E-16 4.85E-09 4.29E-11 8.09E-10 3.49E-16 1.49E-08 3.47E-09 3.49E-16 1.38E-14 7.43E-11
  30  45.0000  1.61E-14 3.75E-10 1.76E-16 1.76E-16 1.82E-09 5.65E-12 2.84E-10 1.76E-16 2.95E-10 1.54E-10 1.76E-16 9.79E-17 6.92E-13
  31  50.0000  5.55E-16 7.92E-11 9.30E-17 9.30E-17 8.16E-10 9.21E-13 1.16E-10 9.30E-17 4.34E-12 7.10E-12 9.30E-17 1.02E-18 5.85E-15
  32  55.0000  3.15E-17 2.14E-11 5.16E-17 5.16E-17 4.19E-10 2.02E-13 5.36E-11 5.16E-17 6.16E-14 3.51E-13 5.16E-17 1.95E-20 5.38E-17
  33  60.0000  1.21E-18 5.53E-12 2.85E-17 2.85E-17 2.20E-10 4.05E-14 2.48E-11 2.85E-17 4.88E-16 1.37E-14 2.85E-17 1.50E-22 1.46E-19
  34  70.0000  4.22E-21 3.23E-13 8.28E-18 8.28E-18 5.95E-11 1.46E-15 4.85E-12 8.28E-18 5.99E-19 2.66E-16 8.28E-18 8.18E-26 6.79E-23
  35  80.0000  3.68E-24 9.64E-15 1.86E-18 1.86E-18 1.21E-11 2.29E-17 6.60E-13 1.86E-18 7.51E-23 1.57E-18 1.86E-18 5.44E-30 9.46E-27
  36 100.0000  1.14E-30 9.05E-19 3.65E-20 3.65E-20 6.54E-14 4.78E-22 7.78E-16 3.65E-20 2.95E-35 1.22E-31 3.65E-20 1.86E-38 3.06E-37



 CASE 2C:  GIVEN H1ALT, H2ALT, HRANGE:  (   3.00000   3.00000   1.00000 )

 ITERATE AROUND OBSZEN UNTIL RANGE CONVERGES

 ITER      OBSZEN         RANGE        DRANGE          BETA          HMIN        BCKZEN       BENDING
            (DEG)          (KM)          (KM)         (DEG)          (KM)         (DEG)         (DEG)
  1    90.0044943     1.1448057    -0.1448057     0.0102903     2.9999776    90.0044943     0.0013016
  2    90.0041038     1.0453410    -0.0453410     0.0093962     2.9999813    90.0041038     0.0011885
  3    90.0039816     1.0141970    -0.0141970     0.0091163     2.9999824    90.0039816     0.0011531
  4    90.0039433     1.0044453    -0.0044453     0.0090286     2.9999827    90.0039433     0.0011420
  5    90.0039313     1.0013919    -0.0013919     0.0090012     2.9999828    90.0039313     0.0011386
  6    90.0039276     1.0004358    -0.0004358     0.0089926     2.9999829    90.0039276     0.0011375

 REPLACING IPARM=2 SOLAR/LUNAR GEOMETRY PARAMETERS
     90.00000   RELATIVE SOLAR/LUNAR AZIMUTH AT H1ALT (DEG EAST OF NORTH)
     70.00000   SOLAR/LUNAR ZENITH ANGLE AT H1ALT (DEG)

      WITH IPARM=0 SOLAR/LUNAR GEOMETRY PARAMETERS
      0.00000   OBSERVER (H1ALT) LATITUDE (DEG NORTH OF EQUATOR)
      0.00000   OBSERVER (H1ALT) LONGITUDE (DEG WEST OF GREENWICH)
      0.00000   SOURCE LATITUDE (DEG NORTH OF EQUATOR)
     70.03094   SOURCE LONGITUDE (DEG WEST OF GREENWICH)
    180.00000   TRUE PATH AZIMUTH FROM H1ALT TO H2ALT (DEG EAST OF NORTH)



 CASE 2C:  GIVEN H1ALT, H2ALT, HRANGE:  (   3.00000   3.00000   1.00000 )

 ITERATE AROUND OBSZEN UNTIL RANGE CONVERGES

 ITER      OBSZEN         RANGE        DRANGE          BETA          HMIN        BCKZEN       BENDING
            (DEG)          (KM)          (KM)         (DEG)          (KM)         (DEG)         (DEG)
  1    90.0044943     1.1448057    -0.1448057     0.0102903     2.9999776    90.0044943     0.0013016
  2    90.0041038     1.0453410    -0.0453410     0.0093962     2.9999813    90.0041038     0.0011885
  3    90.0039816     1.0141970    -0.0141970     0.0091163     2.9999824    90.0039816     0.0011531
  4    90.0039433     1.0044453    -0.0044453     0.0090286     2.9999827    90.0039433     0.0011420
  5    90.0039313     1.0013919    -0.0013919     0.0090012     2.9999828    90.0039313     0.0011386
  6    90.0039276     1.0004358    -0.0004358     0.0089926     2.9999829    90.0039276     0.0011375


 SLANT PATH PARAMETERS IN STANDARD FORM

          H1ALT   =    3.00000 KM
          H2ALT   =    3.00000 KM
          OBSZEN  =   90.00393 DEG
          BCKZEN  =   90.00393 DEG
          HMIN    =    2.99998 KM
          LENN    =          0

 CALCULATION OF THE REFRACTED PATH THROUGH THE ATMOSPHERE


  I     START       END     START     DELTA     TOTAL     DELTA     EARTH    END TO     DELTA      PATH      LAYER   LAYER     LAYER
     ALTITUDE  ALTITUDE    TO END     RANGE     RANGE     EARTH    CENTER     START   BENDING   BENDING    AVERAGE     AVG   AVERAGE
                           ZENITH                         ANGLE     ANGLE    ZENITH                       PRESSURE    TEMP   DENSITY
         (KM)      (KM)     (DEG)     (KM)       (KM)     (DEG)     (DEG)     (DEG)     (DEG)    (DEG)        (MB)     (K)  (GM/CM3)
      TANGENT   H1ALT
      HEIGHT
  1   2.99998   3.00000  90.00000   0.50000   0.50000   0.00449   0.00449  90.00449   0.00000   0.00000  709.99724  279.20 8.859E-04

         DOUBLE RANGE, BETA, BENDING
         FOR SYMMETRIC PART OF PATH        1.000             0.009                      0.000





1  LAYER ABSORBER AMOUNTS FOR THE PATH SEGMENT ENDING AT Z

  J      Z        TBAR       HNO3         O3 UV     CNTMSLF1     CNTMSLF2      CNTMFRN        O2         WAT DROP     ICE PART
       (KM)        (K)     (ATM CM)     (ATM CM)   (MOL CM-2)   (MOL CM-2)   (MOL CM-2)   (MOL CM-2)   (KM GM/M3)   (KM GM/M3)

  1    3.0000   279.20    2.711E-06    1.447E-03    2.450E+19    1.143E+19    4.070E+21    1.124E+04    0.0000000    0.0000000
  2    3.0000   279.20    2.711E-06    1.447E-03    2.450E+19    1.143E+19    4.070E+21    1.124E+04    0.0000000    0.0000000



1 J      Z        N2 CONT     MOL SCAT        AER 1        AER 2        AER 3        AER 4        CIRRUS     WAT DROP     ICE PART
        (KM)                (550nm EXT)                                                                     (550 NM OPTICAL DEPTH)

  1    3.0000    0.2155031    0.0041537    0.0000003    0.0172998    0.0000000    0.0000000    0.0000000    0.0000000    0.0000000
  2    3.0000    0.2155031    0.0041537    0.0000003    0.0172998    0.0000000    0.0000000    0.0000000    0.0000000    0.0000000



1    J    Z       H2O       O3        CO2       CO        CH4       N2O       O2        NH3       NO        NO2       SO2
        (KM)    (                                                      ATM CM                                             )

   1    3.0000  2.05E+02  1.45E-03  1.23E+01  4.62E-03  5.83E-02  1.10E-02  7.16E+03  1.30E-05  1.03E-05  7.88E-07  6.51E-06
   2    3.0000  2.05E+02  1.45E-03  1.23E+01  4.62E-03  5.83E-02  1.10E-02  7.16E+03  1.30E-05  1.03E-05  7.88E-07  6.51E-06



   J      Z       CFC11    CFC12    CFC13    CFC14    CFC22   CFC113   CFC114   CFC115   CLONO2     HNO4   CHCL2F     CCL4     N2O5
        (KM)    (                                                     ATM CM                                                     )
   1    3.0000 4.80E-06 8.23E-06 3.43E-14 3.43E-14 2.05E-06 6.51E-07 4.11E-07 3.43E-14 1.33E-07 1.90E-07 3.43E-14 4.46E-06 8.15E-11
   2    3.0000 4.80E-06 8.23E-06 3.43E-14 3.43E-14 2.05E-06 6.51E-07 4.11E-07 3.43E-14 1.33E-07 1.90E-07 3.43E-14 4.46E-06 8.15E-11


 SUMMARY OF THE GEOMETRY CALCULATION

          H1ALT   =    3.00000 KM
          H2ALT   =    3.00000 KM
          OBSZEN  =   90.00449 DEG
          HRANGE  =    1.00000 KM
          BETA    =    0.00899 DEG
          PHI     =   90.00449 DEG
          HMIN    =    2.99998 KM
          BENDING =    0.00000 DEG
          LENN    =          1


   TOTAL COLUMN ABSORBER AMOUNTS FOR THE LINE-OF-SIGHT PATH:

                 HNO3      O3 UV      CNTMSLF1    CNTMSLF2    CNTMFRN     N2 CONT     MOL SCAT   TOTAL AER
               (ATM CM)   (ATM CM)   (MOL CM-2)  (MOL CM-2)  (MOL CM-2)              ( 550 NM EXTINCTION )
            5.4225E-06  2.8943E-03  4.9000E+19  2.2867E+19  8.1391E+21  4.3101E-01  0.00830731  0.03460027


                AER 1       AER 2       AER 3       AER 4      CIRRUS     WAT DROP    ICE PART   MEAN AER RH
                (                 550 NM EXTINCTION                 )    (KM GM/M3)  (KM GM/M3)   (PERCENT)
             0.00000061  0.03459966  0.00000000  0.00000000   0.000000    0.000000    0.000000     55.1963


                H2O         O3          CO2         CO          CH4         N2O

             (                                   ATM CM                                   )
            4.1024E+02  2.8943E-03  2.4679E+01  9.2478E-03  1.1654E-01  2.1937E-02


                O2          NH3         NO          NO2         SO2
               (                      ATM CM                      )
            1.4328E+04  2.6050E-05  2.0566E-05  1.5767E-06  1.3025E-05


               CFC11       CFC12       CFC13       CFC14       CFC22      CFC113      CFC114
             (                                    ATM CM                                    )
            9.5974E-06  1.6453E-05  6.8553E-14  6.8553E-14  4.1029E-06  1.3025E-06  8.2263E-07


              CFC115      CLONO2        HNO4      CHCL2F        CCL4        N2O5
             (                                    ATM CM                                    )
            6.8553E-14  2.6619E-07  3.7971E-07  6.8553E-14  8.9119E-06  1.6302E-10


1 SINGLE SCATTER SOLAR PATH GEOMETRY TABLE FOR THE LINE-OF-SIGHT PATH
  -------------------------------------------------------------------

 SCT    SCATTER  SUBTENDED      SOLAR       PATH   RELATIVE    SCATTER
 PNT   ALTITUDE      ANGLE     ZENITH     ZENITH    AZIMUTH      ANGLE
           [KM]      [DEG]      [DEG]      [DEG]      [DEG]      [DEG]
   1    3.00000    0.00000   69.99995   90.00449   90.00000   90.00153    
   2    2.99998    0.00449   69.99995   90.00000   90.00163   90.00152    
   3    3.00000    0.00899   69.99995   89.99551   90.00326   90.00152    

550 nm SINGLE SCATTERING ALBEDO OF THE FOUR AEROSOL MODELS
[NOMINALLY: (1) Boundary Layer, (2) Tropospheric, (3) Stratospheric, and (4) Volcanic]
     AER 1:      0.944402
     AER 2:      0.963462
     AER 3:      1.000000
     AER 4:      0.994932

 SUN ELLIPTIC ORBIT SOLAR IRRADIANCE FACTOR FOR DAY 172:   0.96867

                           RADIANCE (WATTS/CM2-STER-XXX)   [No STER in TOA SOLAR IRRADIANCE]

  FREQ   WAVELENGTH    PATH_THERMAL    SURFACE_EMISSION  SOL_IRR    SINGLE_SCATTER  GROUND_REFLECTED   TOTAL_RADIANCE  INTEGRAL    TOTAL
 (CM-1) (MICRON)      (CM-1)  (MICRN)   (CM-1)  (MICRN)   (CM-1)   (CM-1)  (MICRN)   (CM-1)  (MICRN)   (CM-1)  (MICRN)             TRANS

 9091.00 1.099989     1.94E-22 1.60E-18 0.00E+00 0.00E+00 6.92E-06 4.58E-09 3.79E-05 0.00E+00 0.00E+00 4.58E-09 3.79E-05 2.29E-08  0.95191
 9101.00 1.098780     1.42E-22 1.18E-18 0.00E+00 0.00E+00 6.75E-06 4.64E-09 3.84E-05 0.00E+00 0.00E+00 4.64E-09 3.84E-05 6.93E-08  0.96304
 9111.00 1.097574     1.07E-22 8.90E-19 0.00E+00 0.00E+00 6.77E-06 4.84E-09 4.02E-05 0.00E+00 0.00E+00 4.84E-09 4.02E-05 1.18E-07  0.97091
 9121.00 1.096371     1.03E-22 8.55E-19 0.00E+00 0.00E+00 6.76E-06 4.84E-09 4.02E-05 0.00E+00 0.00E+00 4.84E-09 4.02E-05 1.66E-07  0.97038
 9131.00 1.095170     1.03E-22 8.61E-19 0.00E+00 0.00E+00 6.72E-06 4.79E-09 3.99E-05 0.00E+00 0.00E+00 4.79E-09 3.99E-05 2.14E-07  0.96902
 9141.00 1.093972     7.11E-23 5.94E-19 0.00E+00 0.00E+00 6.44E-06 4.79E-09 4.00E-05 0.00E+00 0.00E+00 4.79E-09 4.00E-05 2.62E-07  0.97764
 9151.00 1.092777     1.05E-22 8.80E-19 0.00E+00 0.00E+00 6.86E-06 4.91E-09 4.11E-05 0.00E+00 0.00E+00 4.91E-09 4.11E-05 3.11E-07  0.96518
 9161.00 1.091584     4.86E-23 4.08E-19 0.00E+00 0.00E+00 6.93E-06 5.34E-09 4.48E-05 0.00E+00 0.00E+00 5.34E-09 4.48E-05 3.64E-07  0.98317
 9171.00 1.090394     7.23E-23 6.08E-19 0.00E+00 0.00E+00 6.99E-06 5.16E-09 4.34E-05 0.00E+00 0.00E+00 5.16E-09 4.34E-05 4.16E-07  0.97361
 9181.00 1.089206     5.42E-23 4.57E-19 0.00E+00 0.00E+00 6.87E-06 5.20E-09 4.38E-05 0.00E+00 0.00E+00 5.20E-09 4.38E-05 4.68E-07  0.97929
 9191.00 1.088021     4.01E-23 3.39E-19 0.00E+00 0.00E+00 6.85E-06 5.31E-09 4.48E-05 0.00E+00 0.00E+00 5.31E-09 4.48E-05 5.21E-07  0.98388
 9201.00 1.086838     5.67E-23 4.80E-19 0.00E+00 0.00E+00 6.78E-06 5.12E-09 4.33E-05 0.00E+00 0.00E+00 5.12E-09 4.33E-05 5.72E-07  0.97595
 9211.00 1.085658     5.38E-23 4.57E-19 0.00E+00 0.00E+00 7.03E-06 5.34E-09 4.53E-05 0.00E+00 0.00E+00 5.34E-09 4.53E-05 6.26E-07  0.97636
 9221.00 1.084481     3.89E-23 3.31E-19 0.00E+00 0.00E+00 6.97E-06 5.39E-09 4.58E-05 0.00E+00 0.00E+00 5.39E-09 4.58E-05 6.79E-07  0.98189
 9231.00 1.083306     4.01E-23 3.42E-19 0.00E+00 0.00E+00 6.80E-06 5.25E-09 4.47E-05 0.00E+00 0.00E+00 5.25E-09 4.47E-05 7.32E-07  0.98053
 9241.00 1.082134     2.99E-23 2.55E-19 0.00E+00 0.00E+00 6.78E-06 5.35E-09 4.57E-05 0.00E+00 0.00E+00 5.35E-09 4.57E-05 7.85E-07  0.98467
 9251.00 1.080964     3.48E-23 2.98E-19 0.00E+00 0.00E+00 6.90E-06 5.38E-09 4.60E-05 0.00E+00 0.00E+00 5.38E-09 4.60E-05 8.39E-07  0.98130
 9261.00 1.079797     3.06E-23 2.62E-19 0.00E+00 0.00E+00 6.99E-06 5.50E-09 4.72E-05 0.00E+00 0.00E+00 5.50E-09 4.72E-05 8.94E-07  0.98286
 9271.00 1.078632     2.38E-23 2.05E-19 0.00E+00 0.00E+00 6.88E-06 5.49E-09 4.72E-05 0.00E+00 0.00E+00 5.49E-09 4.72E-05 9.49E-07  0.98591
 9281.00 1.077470     2.99E-23 2.58E-19 0.00E+00 0.00E+00 7.03E-06 5.51E-09 4.75E-05 0.00E+00 0.00E+00 5.51E-09 4.75E-05 1.00E-06  0.98145
 9291.00 1.076310     2.10E-23 1.82E-19 0.00E+00 0.00E+00 7.01E-06 5.63E-09 4.86E-05 0.00E+00 0.00E+00 5.63E-09 4.86E-05 1.06E-06  0.98632
 9301.00 1.075153     2.33E-23 2.01E-19 0.00E+00 0.00E+00 6.86E-06 5.47E-09 4.73E-05 0.00E+00 0.00E+00 5.47E-09 4.73E-05 1.12E-06  0.98407
 9311.00 1.073998     2.07E-23 1.79E-19 0.00E+00 0.00E+00 6.98E-06 5.60E-09 4.86E-05 0.00E+00 0.00E+00 5.60E-09 4.86E-05 1.17E-06  0.98523
 9321.00 1.072846     1.97E-23 1.71E-19 0.00E+00 0.00E+00 6.89E-06 5.52E-09 4.80E-05 0.00E+00 0.00E+00 5.52E-09 4.80E-05 1.23E-06  0.98519
 9331.00 1.071697     1.85E-23 1.61E-19 0.00E+00 0.00E+00 7.01E-06 5.63E-09 4.90E-05 0.00E+00 0.00E+00 5.63E-09 4.90E-05 1.28E-06  0.98543
 9341.00 1.070549     1.76E-23 1.54E-19 0.00E+00 0.00E+00 6.98E-06 5.61E-09 4.90E-05 0.00E+00 0.00E+00 5.61E-09 4.90E-05 1.34E-06  0.98539
 9351.00 1.069404     1.77E-23 1.55E-19 0.00E+00 0.00E+00 6.71E-06 5.37E-09 4.70E-05 0.00E+00 0.00E+00 5.37E-09 4.70E-05 1.39E-06  0.98464
 9361.00 1.068262     1.63E-23 1.42E-19 0.00E+00 0.00E+00 6.91E-06 5.55E-09 4.86E-05 0.00E+00 0.00E+00 5.55E-09 4.86E-05 1.45E-06  0.98516
 9371.00 1.067122     1.57E-23 1.38E-19 0.00E+00 0.00E+00 7.01E-06 5.62E-09 4.94E-05 0.00E+00 0.00E+00 5.62E-09 4.94E-05 1.50E-06  0.98494
 9381.00 1.065984     1.48E-23 1.30E-19 0.00E+00 0.00E+00 6.97E-06 5.61E-09 4.94E-05 0.00E+00 0.00E+00 5.61E-09 4.94E-05 1.56E-06  0.98517
 9391.00 1.064849     1.43E-23 1.26E-19 0.00E+00 0.00E+00 7.09E-06 5.72E-09 5.04E-05 0.00E+00 0.00E+00 5.72E-09 5.04E-05 1.62E-06  0.98495
 9401.00 1.063717     1.33E-23 1.17E-19 0.00E+00 0.00E+00 7.04E-06 5.71E-09 5.04E-05 0.00E+00 0.00E+00 5.71E-09 5.04E-05 1.67E-06  0.98530
 9411.00 1.062586     1.27E-23 1.13E-19 0.00E+00 0.00E+00 7.02E-06 5.72E-09 5.06E-05 0.00E+00 0.00E+00 5.72E-09 5.06E-05 1.73E-06  0.98524
 9421.00 1.061458     1.19E-23 1.05E-19 0.00E+00 0.00E+00 7.01E-06 5.73E-09 5.09E-05 0.00E+00 0.00E+00 5.73E-09 5.09E-05 1.79E-06  0.98552
 9431.00 1.060333     1.12E-23 1.00E-19 0.00E+00 0.00E+00 6.97E-06 5.72E-09 5.09E-05 0.00E+00 0.00E+00 5.72E-09 5.09E-05 1.85E-06  0.98561
 9441.00 1.059210     1.07E-23 9.50E-20 0.00E+00 0.00E+00 6.95E-06 5.73E-09 5.10E-05 0.00E+00 0.00E+00 5.73E-09 5.10E-05 1.90E-06  0.98568
 9451.00 1.058089     1.01E-23 8.98E-20 0.00E+00 0.00E+00 6.98E-06 5.77E-09 5.16E-05 0.00E+00 0.00E+00 5.77E-09 5.16E-05 1.96E-06  0.98582
 9461.00 1.056971     9.46E-24 8.47E-20 0.00E+00 0.00E+00 7.09E-06 5.89E-09 5.28E-05 0.00E+00 0.00E+00 5.89E-09 5.28E-05 2.02E-06  0.98601
 9471.00 1.055855     8.92E-24 8.00E-20 0.00E+00 0.00E+00 7.09E-06 5.92E-09 5.31E-05 0.00E+00 0.00E+00 5.92E-09 5.31E-05 2.08E-06  0.98615
 9481.00 1.054741     8.42E-24 7.57E-20 0.00E+00 0.00E+00 7.08E-06 5.94E-09 5.34E-05 0.00E+00 0.00E+00 5.94E-09 5.34E-05 2.14E-06  0.98628
 9491.00 1.053630     7.96E-24 7.17E-20 0.00E+00 0.00E+00 7.03E-06 5.91E-09 5.32E-05 0.00E+00 0.00E+00 5.91E-09 5.32E-05 2.20E-06  0.98639
 9501.00 1.052521     7.56E-24 6.82E-20 0.00E+00 0.00E+00 7.07E-06 5.96E-09 5.38E-05 0.00E+00 0.00E+00 5.96E-09 5.38E-05 2.26E-06  0.98643
 9511.00 1.051414     7.17E-24 6.49E-20 0.00E+00 0.00E+00 7.07E-06 5.98E-09 5.41E-05 0.00E+00 0.00E+00 5.98E-09 5.41E-05 2.32E-06  0.98649
 9521.00 1.050310     6.80E-24 6.17E-20 0.00E+00 0.00E+00 7.07E-06 5.99E-09 5.43E-05 0.00E+00 0.00E+00 5.99E-09 5.43E-05 2.38E-06  0.98654
 9531.00 1.049208     6.48E-24 5.88E-20 0.00E+00 0.00E+00 7.08E-06 6.02E-09 5.47E-05 0.00E+00 0.00E+00 6.02E-09 5.47E-05 2.44E-06  0.98656
 9541.00 1.048108     6.14E-24 5.59E-20 0.00E+00 0.00E+00 7.08E-06 6.04E-09 5.50E-05 0.00E+00 0.00E+00 6.04E-09 5.50E-05 2.50E-06  0.98662
 9551.00 1.047011     5.85E-24 5.33E-20 0.00E+00 0.00E+00 7.02E-06 6.00E-09 5.47E-05 0.00E+00 0.00E+00 6.00E-09 5.47E-05 2.56E-06  0.98663
 9561.00 1.045916     5.57E-24 5.09E-20 0.00E+00 0.00E+00 6.94E-06 5.95E-09 5.44E-05 0.00E+00 0.00E+00 5.95E-09 5.44E-05 2.62E-06  0.98664
 9571.00 1.044823     5.31E-24 4.86E-20 0.00E+00 0.00E+00 7.07E-06 6.07E-09 5.56E-05 0.00E+00 0.00E+00 6.07E-09 5.56E-05 2.68E-06  0.98663
 9581.00 1.043732     5.05E-24 4.64E-20 0.00E+00 0.00E+00 7.08E-06 6.09E-09 5.59E-05 0.00E+00 0.00E+00 6.09E-09 5.59E-05 2.74E-06  0.98664

                           RADIANCE (WATTS/CM2-STER-XXX)   [No STER in TOA SOLAR IRRADIANCE]

  FREQ   WAVELENGTH    PATH_THERMAL    SURFACE_EMISSION  SOL_IRR    SINGLE_SCATTER  GROUND_REFLECTED   TOTAL_RADIANCE  INTEGRAL    TOTAL
 (CM-1) (MICRON)      (CM-1)  (MICRN)   (CM-1)  (MICRN)   (CM-1)   (CM-1)  (MICRN)   (CM-1)  (MICRN)   (CM-1)  (MICRN)             TRANS

 9591.00 1.042644     4.83E-24 4.44E-20 0.00E+00 0.00E+00 7.04E-06 6.06E-09 5.58E-05 0.00E+00 0.00E+00 6.06E-09 5.58E-05 2.80E-06  0.98661
 9601.00 1.041558     4.61E-24 4.25E-20 0.00E+00 0.00E+00 7.10E-06 6.13E-09 5.65E-05 0.00E+00 0.00E+00 6.13E-09 5.65E-05 2.86E-06  0.98656
 9611.00 1.040474     4.39E-24 4.06E-20 0.00E+00 0.00E+00 7.06E-06 6.11E-09 5.64E-05 0.00E+00 0.00E+00 6.11E-09 5.64E-05 2.92E-06  0.98658
 9621.00 1.039393     4.19E-24 3.88E-20 0.00E+00 0.00E+00 7.05E-06 6.11E-09 5.66E-05 0.00E+00 0.00E+00 6.11E-09 5.66E-05 2.98E-06  0.98656
 9631.00 1.038314     4.00E-24 3.71E-20 0.00E+00 0.00E+00 7.05E-06 6.12E-09 5.68E-05 0.00E+00 0.00E+00 6.12E-09 5.68E-05 3.04E-06  0.98653
 9641.00 1.037237     3.82E-24 3.55E-20 0.00E+00 0.00E+00 7.00E-06 6.09E-09 5.66E-05 0.00E+00 0.00E+00 6.09E-09 5.66E-05 3.11E-06  0.98650
 9651.00 1.036162     3.65E-24 3.40E-20 0.00E+00 0.00E+00 7.11E-06 6.20E-09 5.77E-05 0.00E+00 0.00E+00 6.20E-09 5.77E-05 3.17E-06  0.98646
 9661.00 1.035089     3.46E-24 3.23E-20 0.00E+00 0.00E+00 7.03E-06 6.14E-09 5.73E-05 0.00E+00 0.00E+00 6.14E-09 5.73E-05 3.23E-06  0.98651
 9671.00 1.034019     3.32E-24 3.11E-20 0.00E+00 0.00E+00 7.03E-06 6.15E-09 5.75E-05 0.00E+00 0.00E+00 6.15E-09 5.75E-05 3.29E-06  0.98642
 9681.00 1.032951     3.17E-24 2.97E-20 0.00E+00 0.00E+00 7.01E-06 6.14E-09 5.76E-05 0.00E+00 0.00E+00 6.14E-09 5.76E-05 3.35E-06  0.98641
 9691.00 1.031885     3.04E-24 2.86E-20 0.00E+00 0.00E+00 7.11E-06 6.24E-09 5.86E-05 0.00E+00 0.00E+00 6.24E-09 5.86E-05 3.41E-06  0.98630
 9701.00 1.030822     2.92E-24 2.75E-20 0.00E+00 0.00E+00 7.10E-06 6.24E-09 5.87E-05 0.00E+00 0.00E+00 6.24E-09 5.87E-05 3.48E-06  0.98621
 9711.00 1.029760     2.78E-24 2.62E-20 0.00E+00 0.00E+00 7.08E-06 6.24E-09 5.88E-05 0.00E+00 0.00E+00 6.24E-09 5.88E-05 3.54E-06  0.98623
 9721.00 1.028701     2.72E-24 2.57E-20 0.00E+00 0.00E+00 7.09E-06 6.24E-09 5.90E-05 0.00E+00 0.00E+00 6.24E-09 5.90E-05 3.60E-06  0.98583
 9731.00 1.027644     2.66E-24 2.52E-20 0.00E+00 0.00E+00 7.13E-06 6.27E-09 5.94E-05 0.00E+00 0.00E+00 6.27E-09 5.94E-05 3.66E-06  0.98545
 9741.00 1.026589     2.46E-24 2.33E-20 0.00E+00 0.00E+00 7.11E-06 6.29E-09 5.97E-05 0.00E+00 0.00E+00 6.29E-09 5.97E-05 3.73E-06  0.98590
 9751.00 1.025536     2.35E-24 2.24E-20 0.00E+00 0.00E+00 7.13E-06 6.31E-09 6.00E-05 0.00E+00 0.00E+00 6.31E-09 6.00E-05 3.79E-06  0.98584
 9761.00 1.024485     2.30E-24 2.19E-20 0.00E+00 0.00E+00 7.11E-06 6.29E-09 6.00E-05 0.00E+00 0.00E+00 6.29E-09 6.00E-05 3.85E-06  0.98542
 9771.00 1.023437     2.33E-24 2.22E-20 0.00E+00 0.00E+00 7.12E-06 6.29E-09 6.00E-05 0.00E+00 0.00E+00 6.29E-09 6.00E-05 3.92E-06  0.98456
 9781.00 1.022390     2.06E-24 1.97E-20 0.00E+00 0.00E+00 7.05E-06 6.27E-09 5.99E-05 0.00E+00 0.00E+00 6.27E-09 5.99E-05 3.98E-06  0.98567
 9791.00 1.021346     1.96E-24 1.88E-20 0.00E+00 0.00E+00 7.04E-06 6.27E-09 6.01E-05 0.00E+00 0.00E+00 6.27E-09 6.01E-05 4.04E-06  0.98565
 9801.00 1.020304     1.86E-24 1.79E-20 0.00E+00 0.00E+00 7.06E-06 6.30E-09 6.05E-05 0.00E+00 0.00E+00 6.30E-09 6.05E-05 4.10E-06  0.98570
 9811.00 1.019264     1.90E-24 1.82E-20 0.00E+00 0.00E+00 6.98E-06 6.21E-09 5.98E-05 0.00E+00 0.00E+00 6.21E-09 5.98E-05 4.17E-06  0.98473
 9821.00 1.018226     1.66E-24 1.60E-20 0.00E+00 0.00E+00 7.06E-06 6.34E-09 6.11E-05 0.00E+00 0.00E+00 6.34E-09 6.11E-05 4.23E-06  0.98593
 9831.00 1.017191     1.63E-24 1.58E-20 0.00E+00 0.00E+00 7.08E-06 6.35E-09 6.13E-05 0.00E+00 0.00E+00 6.35E-09 6.13E-05 4.29E-06  0.98550
 9841.00 1.016157     1.53E-24 1.48E-20 0.00E+00 0.00E+00 7.06E-06 6.35E-09 6.15E-05 0.00E+00 0.00E+00 6.35E-09 6.15E-05 4.36E-06  0.98571
 9851.00 1.015125     1.51E-24 1.46E-20 0.00E+00 0.00E+00 7.05E-06 6.34E-09 6.15E-05 0.00E+00 0.00E+00 6.34E-09 6.15E-05 4.42E-06  0.98524
 9861.00 1.014096     1.41E-24 1.37E-20 0.00E+00 0.00E+00 7.10E-06 6.41E-09 6.23E-05 0.00E+00 0.00E+00 6.41E-09 6.23E-05 4.48E-06  0.98554
 9871.00 1.013069     1.34E-24 1.30E-20 0.00E+00 0.00E+00 7.11E-06 6.43E-09 6.26E-05 0.00E+00 0.00E+00 6.43E-09 6.26E-05 4.55E-06  0.98557
 9881.00 1.012043     1.34E-24 1.31E-20 0.00E+00 0.00E+00 7.11E-06 6.41E-09 6.26E-05 0.00E+00 0.00E+00 6.41E-09 6.26E-05 4.61E-06  0.98481
 9891.00 1.011020     1.23E-24 1.21E-20 0.00E+00 0.00E+00 7.11E-06 6.45E-09 6.31E-05 0.00E+00 0.00E+00 6.45E-09 6.31E-05 4.68E-06  0.98536
 9901.00 1.009999     1.31E-24 1.28E-20 0.00E+00 0.00E+00 7.13E-06 6.41E-09 6.29E-05 0.00E+00 0.00E+00 6.41E-09 6.29E-05 4.74E-06  0.98367
 9911.00 1.008980     1.26E-24 1.24E-20 0.00E+00 0.00E+00 7.11E-06 6.40E-09 6.29E-05 0.00E+00 0.00E+00 6.40E-09 6.29E-05 4.80E-06  0.98353
 9921.00 1.007963     1.12E-24 1.10E-20 0.00E+00 0.00E+00 7.12E-06 6.46E-09 6.36E-05 0.00E+00 0.00E+00 6.46E-09 6.36E-05 4.87E-06  0.98459
 9931.00 1.006948     1.02E-24 1.01E-20 0.00E+00 0.00E+00 7.08E-06 6.46E-09 6.37E-05 0.00E+00 0.00E+00 6.46E-09 6.37E-05 4.93E-06  0.98525
 9941.00 1.005935     9.96E-25 9.85E-21 0.00E+00 0.00E+00 6.84E-06 6.24E-09 6.17E-05 0.00E+00 0.00E+00 6.24E-09 6.17E-05 5.00E-06  0.98492
 9951.00 1.004924     9.52E-25 9.42E-21 0.00E+00 0.00E+00 6.70E-06 6.12E-09 6.06E-05 0.00E+00 0.00E+00 6.12E-09 6.06E-05 5.06E-06  0.98488
 9961.00 1.003915     9.28E-25 9.21E-21 0.00E+00 0.00E+00 7.02E-06 6.42E-09 6.37E-05 0.00E+00 0.00E+00 6.42E-09 6.37E-05 5.12E-06  0.98453
 9971.00 1.002908     8.81E-25 8.76E-21 0.00E+00 0.00E+00 7.09E-06 6.49E-09 6.46E-05 0.00E+00 0.00E+00 6.49E-09 6.46E-05 5.19E-06  0.98455
 9981.00 1.001904     9.76E-25 9.72E-21 0.00E+00 0.00E+00 7.15E-06 6.48E-09 6.45E-05 0.00E+00 0.00E+00 6.48E-09 6.45E-05 5.25E-06  0.98208
 9991.00 1.000901     7.72E-25 7.71E-21 0.00E+00 0.00E+00 7.14E-06 6.58E-09 6.57E-05 0.00E+00 0.00E+00 6.58E-09 6.57E-05 5.32E-06  0.98510
10001.00 .9999000     7.70E-25 7.70E-21 0.00E+00 0.00E+00 7.10E-06 6.54E-09 6.54E-05 0.00E+00 0.00E+00 6.54E-09 6.54E-05 5.38E-06  0.98440
10011.00 .9989012     7.17E-25 7.18E-21 0.00E+00 0.00E+00 7.12E-06 6.57E-09 6.59E-05 0.00E+00 0.00E+00 6.57E-09 6.59E-05 5.45E-06  0.98477
10021.00 .9979044     6.77E-25 6.80E-21 0.00E+00 0.00E+00 7.13E-06 6.60E-09 6.63E-05 0.00E+00 0.00E+00 6.60E-09 6.63E-05 5.51E-06  0.98489
10031.00 .9969096     6.43E-25 6.47E-21 0.00E+00 0.00E+00 7.13E-06 6.62E-09 6.66E-05 0.00E+00 0.00E+00 6.62E-09 6.66E-05 5.58E-06  0.98495
10041.00 .9959167     6.18E-25 6.23E-21 0.00E+00 0.00E+00 7.12E-06 6.61E-09 6.66E-05 0.00E+00 0.00E+00 6.61E-09 6.66E-05 5.65E-06  0.98479
10051.00 .9949259     5.80E-25 5.86E-21 0.00E+00 0.00E+00 7.12E-06 6.63E-09 6.70E-05 0.00E+00 0.00E+00 6.63E-09 6.70E-05 5.71E-06  0.98503
10061.00 .9939370     5.70E-25 5.77E-21 0.00E+00 0.00E+00 7.13E-06 6.64E-09 6.72E-05 0.00E+00 0.00E+00 6.64E-09 6.72E-05 5.78E-06  0.98454
10071.00 .9929501     6.43E-25 6.52E-21 0.00E+00 0.00E+00 7.12E-06 6.55E-09 6.64E-05 0.00E+00 0.00E+00 6.55E-09 6.64E-05 5.84E-06  0.98171
10081.00 .9919651     5.30E-25 5.39E-21 0.00E+00 0.00E+00 7.10E-06 6.62E-09 6.73E-05 0.00E+00 0.00E+00 6.62E-09 6.73E-05 5.91E-06  0.98417

                           RADIANCE (WATTS/CM2-STER-XXX)   [No STER in TOA SOLAR IRRADIANCE]

  FREQ   WAVELENGTH    PATH_THERMAL    SURFACE_EMISSION  SOL_IRR    SINGLE_SCATTER  GROUND_REFLECTED   TOTAL_RADIANCE  INTEGRAL    TOTAL
 (CM-1) (MICRON)      (CM-1)  (MICRN)   (CM-1)  (MICRN)   (CM-1)   (CM-1)  (MICRN)   (CM-1)  (MICRN)   (CM-1)  (MICRN)             TRANS

10091.00 .9909821     5.40E-25 5.50E-21 0.00E+00 0.00E+00 7.08E-06 6.58E-09 6.70E-05 0.00E+00 0.00E+00 6.58E-09 6.70E-05 5.98E-06  0.98305
10101.00 .9900010     5.85E-25 5.97E-21 0.00E+00 0.00E+00 7.04E-06 6.47E-09 6.60E-05 0.00E+00 0.00E+00 6.47E-09 6.60E-05 6.04E-06  0.98075
10111.00 .9890218     4.71E-25 4.81E-21 0.00E+00 0.00E+00 7.02E-06 6.57E-09 6.72E-05 0.00E+00 0.00E+00 6.57E-09 6.72E-05 6.11E-06  0.98374
10121.00 .9880447     5.53E-25 5.67E-21 0.00E+00 0.00E+00 7.11E-06 6.56E-09 6.72E-05 0.00E+00 0.00E+00 6.56E-09 6.72E-05 6.17E-06  0.97986
10131.00 .9870694     5.62E-25 5.77E-21 0.00E+00 0.00E+00 7.08E-06 6.49E-09 6.66E-05 0.00E+00 0.00E+00 6.49E-09 6.66E-05 6.24E-06  0.97866
10141.00 .9860960     4.61E-25 4.74E-21 0.00E+00 0.00E+00 7.08E-06 6.59E-09 6.78E-05 0.00E+00 0.00E+00 6.59E-09 6.78E-05 6.30E-06  0.98155
10151.00 .9851246     7.45E-25 7.67E-21 0.00E+00 0.00E+00 7.11E-06 6.33E-09 6.52E-05 0.00E+00 0.00E+00 6.33E-09 6.52E-05 6.37E-06  0.96867
10161.00 .9841551     6.01E-25 6.20E-21 0.00E+00 0.00E+00 7.09E-06 6.41E-09 6.62E-05 0.00E+00 0.00E+00 6.41E-09 6.62E-05 6.43E-06  0.97356
10171.00 .9831875     7.95E-25 8.23E-21 0.00E+00 0.00E+00 7.09E-06 6.21E-09 6.42E-05 0.00E+00 0.00E+00 6.21E-09 6.42E-05 6.49E-06  0.96305
10181.00 .9822218     7.55E-25 7.82E-21 0.00E+00 0.00E+00 7.12E-06 6.22E-09 6.45E-05 0.00E+00 0.00E+00 6.22E-09 6.45E-05 6.56E-06  0.96350
10191.00 .9812580     5.94E-25 6.17E-21 0.00E+00 0.00E+00 7.13E-06 6.38E-09 6.62E-05 0.00E+00 0.00E+00 6.38E-09 6.62E-05 6.62E-06  0.96968
10201.00 .9802961     1.07E-24 1.12E-20 0.00E+00 0.00E+00 7.07E-06 5.88E-09 6.11E-05 0.00E+00 0.00E+00 5.88E-09 6.11E-05 6.68E-06  0.94241
10211.00 .9793360     1.13E-24 1.18E-20 0.00E+00 0.00E+00 7.04E-06 5.72E-09 5.97E-05 0.00E+00 0.00E+00 5.72E-09 5.97E-05 6.73E-06  0.93674
10221.00 .9783779     1.05E-24 1.10E-20 0.00E+00 0.00E+00 7.05E-06 5.80E-09 6.05E-05 0.00E+00 0.00E+00 5.80E-09 6.05E-05 6.79E-06  0.93805
10231.00 .9774216     6.82E-25 7.14E-21 0.00E+00 0.00E+00 7.09E-06 6.14E-09 6.43E-05 0.00E+00 0.00E+00 6.14E-09 6.43E-05 6.85E-06  0.95778
10241.00 .9764671     1.20E-24 1.26E-20 0.00E+00 0.00E+00 7.03E-06 5.39E-09 5.66E-05 0.00E+00 0.00E+00 5.39E-09 5.66E-05 6.91E-06  0.92167
10251.00 .9755146     1.19E-24 1.25E-20 0.00E+00 0.00E+00 7.12E-06 5.61E-09 5.89E-05 0.00E+00 0.00E+00 5.61E-09 5.89E-05 6.96E-06  0.91905
10261.00 .9745639     1.08E-24 1.14E-20 0.00E+00 0.00E+00 7.00E-06 5.50E-09 5.79E-05 0.00E+00 0.00E+00 5.50E-09 5.79E-05 7.02E-06  0.92258
10271.00 .9736151     9.67E-25 1.02E-20 0.00E+00 0.00E+00 7.03E-06 5.51E-09 5.82E-05 0.00E+00 0.00E+00 5.51E-09 5.82E-05 7.07E-06  0.92766
10281.00 .9726681     7.11E-25 7.52E-21 0.00E+00 0.00E+00 7.11E-06 5.94E-09 6.28E-05 0.00E+00 0.00E+00 5.94E-09 6.28E-05 7.13E-06  0.94391
10291.00 .9717228     6.54E-25 6.93E-21 0.00E+00 0.00E+00 7.12E-06 6.10E-09 6.46E-05 0.00E+00 0.00E+00 6.10E-09 6.46E-05 7.19E-06  0.94590
10301.00 .9707795     5.49E-25 5.82E-21 0.00E+00 0.00E+00 7.06E-06 6.11E-09 6.48E-05 0.00E+00 0.00E+00 6.11E-09 6.48E-05 7.26E-06  0.95200
10311.00 .9698380     5.30E-25 5.64E-21 0.00E+00 0.00E+00 7.11E-06 6.09E-09 6.48E-05 0.00E+00 0.00E+00 6.09E-09 6.48E-05 7.32E-06  0.95185
10321.00 .9688984     5.36E-25 5.71E-21 0.00E+00 0.00E+00 7.08E-06 6.01E-09 6.41E-05 0.00E+00 0.00E+00 6.01E-09 6.41E-05 7.38E-06  0.94826
10331.00 .9679605     5.96E-25 6.37E-21 0.00E+00 0.00E+00 7.04E-06 5.98E-09 6.38E-05 0.00E+00 0.00E+00 5.98E-09 6.38E-05 7.44E-06  0.94013
10341.00 .9670244     1.02E-24 1.09E-20 0.00E+00 0.00E+00 7.08E-06 5.03E-09 5.38E-05 0.00E+00 0.00E+00 5.03E-09 5.38E-05 7.49E-06  0.89129
10351.00 .9660903     9.97E-25 1.07E-20 0.00E+00 0.00E+00 6.95E-06 4.81E-09 5.15E-05 0.00E+00 0.00E+00 4.81E-09 5.15E-05 7.54E-06  0.89012
10361.00 .9651578     9.75E-25 1.05E-20 0.00E+00 0.00E+00 7.04E-06 4.90E-09 5.27E-05 0.00E+00 0.00E+00 4.90E-09 5.27E-05 7.58E-06  0.88593
10371.00 .9642272     1.21E-24 1.30E-20 0.00E+00 0.00E+00 7.03E-06 4.55E-09 4.90E-05 0.00E+00 0.00E+00 4.55E-09 4.90E-05 7.63E-06  0.85282
10381.00 .9632983     8.20E-25 8.84E-21 0.00E+00 0.00E+00 7.03E-06 5.06E-09 5.45E-05 0.00E+00 0.00E+00 5.06E-09 5.45E-05 7.68E-06  0.89453
10391.00 .9623713     1.30E-24 1.40E-20 0.00E+00 0.00E+00 7.02E-06 4.15E-09 4.48E-05 0.00E+00 0.00E+00 4.15E-09 4.48E-05 7.72E-06  0.82531
10401.00 .9614460     9.15E-25 9.90E-21 0.00E+00 0.00E+00 7.12E-06 4.90E-09 5.30E-05 0.00E+00 0.00E+00 4.90E-09 5.30E-05 7.77E-06  0.87021
10411.00 .9605225     9.80E-25 1.06E-20 0.00E+00 0.00E+00 7.01E-06 4.44E-09 4.82E-05 0.00E+00 0.00E+00 4.44E-09 4.82E-05 7.82E-06  0.85474
10421.00 .9596009     1.37E-24 1.48E-20 0.00E+00 0.00E+00 7.11E-06 3.66E-09 3.98E-05 0.00E+00 0.00E+00 3.66E-09 3.98E-05 7.85E-06  0.78619
10431.00 .9586809     1.13E-24 1.23E-20 0.00E+00 0.00E+00 7.13E-06 4.21E-09 4.58E-05 0.00E+00 0.00E+00 4.21E-09 4.58E-05 7.89E-06  0.81472
10441.00 .9577627     7.78E-25 8.48E-21 0.00E+00 0.00E+00 7.03E-06 4.81E-09 5.25E-05 0.00E+00 0.00E+00 4.81E-09 5.25E-05 7.94E-06  0.86670
10451.00 .9568462     1.24E-24 1.35E-20 0.00E+00 0.00E+00 7.04E-06 3.72E-09 4.06E-05 0.00E+00 0.00E+00 3.72E-09 4.06E-05 7.98E-06  0.77689
10461.00 .9559315     1.12E-24 1.22E-20 0.00E+00 0.00E+00 7.02E-06 3.68E-09 4.03E-05 0.00E+00 0.00E+00 3.68E-09 4.03E-05 8.02E-06  0.78794
10471.00 .9550187     9.94E-25 1.09E-20 0.00E+00 0.00E+00 6.65E-06 3.75E-09 4.11E-05 0.00E+00 0.00E+00 3.75E-09 4.11E-05 8.05E-06  0.80172
10481.00 .9541074     8.78E-25 9.65E-21 0.00E+00 0.00E+00 6.93E-06 4.17E-09 4.58E-05 0.00E+00 0.00E+00 4.17E-09 4.58E-05 8.10E-06  0.81764
10491.00 .9531980     9.30E-25 1.02E-20 0.00E+00 0.00E+00 7.06E-06 3.83E-09 4.22E-05 0.00E+00 0.00E+00 3.83E-09 4.22E-05 8.13E-06  0.79522
10501.00 .9522902     1.27E-24 1.40E-20 0.00E+00 0.00E+00 7.11E-06 2.94E-09 3.24E-05 0.00E+00 0.00E+00 2.94E-09 3.24E-05 8.16E-06  0.70852
10511.00 .9513842     5.40E-25 5.97E-21 0.00E+00 0.00E+00 7.09E-06 4.78E-09 5.28E-05 0.00E+00 0.00E+00 4.78E-09 5.28E-05 8.21E-06  0.87076
10521.00 .9504801     1.05E-24 1.16E-20 0.00E+00 0.00E+00 7.08E-06 3.26E-09 3.60E-05 0.00E+00 0.00E+00 3.26E-09 3.60E-05 8.24E-06  0.73126
10531.00 .9495775     9.88E-25 1.10E-20 0.00E+00 0.00E+00 7.13E-06 3.47E-09 3.85E-05 0.00E+00 0.00E+00 3.47E-09 3.85E-05 8.28E-06  0.73897
10541.00 .9486766     7.97E-25 8.85E-21 0.00E+00 0.00E+00 7.12E-06 3.79E-09 4.21E-05 0.00E+00 0.00E+00 3.79E-09 4.21E-05 8.32E-06  0.77543
10551.00 .9477776     8.30E-25 9.24E-21 0.00E+00 0.00E+00 7.11E-06 3.43E-09 3.82E-05 0.00E+00 0.00E+00 3.43E-09 3.82E-05 8.35E-06  0.75741
10561.00 .9468799     7.45E-25 8.31E-21 0.00E+00 0.00E+00 7.08E-06 3.50E-09 3.90E-05 0.00E+00 0.00E+00 3.50E-09 3.90E-05 8.39E-06  0.76955
10571.00 .9459844     9.44E-25 1.05E-20 0.00E+00 0.00E+00 7.06E-06 2.97E-09 3.32E-05 0.00E+00 0.00E+00 2.97E-09 3.32E-05 8.41E-06  0.69525
10581.00 .9450902     6.31E-25 7.07E-21 0.00E+00 0.00E+00 7.01E-06 3.77E-09 4.22E-05 0.00E+00 0.00E+00 3.77E-09 4.22E-05 8.45E-06  0.78483

                           RADIANCE (WATTS/CM2-STER-XXX)   [No STER in TOA SOLAR IRRADIANCE]

  FREQ   WAVELENGTH    PATH_THERMAL    SURFACE_EMISSION  SOL_IRR    SINGLE_SCATTER  GROUND_REFLECTED   TOTAL_RADIANCE  INTEGRAL    TOTAL
 (CM-1) (MICRON)      (CM-1)  (MICRN)   (CM-1)  (MICRN)   (CM-1)   (CM-1)  (MICRN)   (CM-1)  (MICRN)   (CM-1)  (MICRN)             TRANS

10591.00 .9441979     9.38E-25 1.05E-20 0.00E+00 0.00E+00 6.92E-06 2.73E-09 3.06E-05 0.00E+00 0.00E+00 2.73E-09 3.06E-05 8.48E-06  0.66708
10601.00 .9433073     7.47E-25 8.39E-21 0.00E+00 0.00E+00 7.01E-06 3.28E-09 3.69E-05 0.00E+00 0.00E+00 3.28E-09 3.69E-05 8.51E-06  0.71883
10611.00 .9424182     5.53E-25 6.23E-21 0.00E+00 0.00E+00 7.00E-06 3.81E-09 4.28E-05 0.00E+00 0.00E+00 3.81E-09 4.28E-05 8.55E-06  0.78407
10621.00 .9415310     4.19E-25 4.73E-21 0.00E+00 0.00E+00 6.69E-06 3.86E-09 4.36E-05 0.00E+00 0.00E+00 3.86E-09 4.36E-05 8.59E-06  0.82678
10631.00 .9406453     3.90E-25 4.41E-21 0.00E+00 0.00E+00 6.92E-06 4.03E-09 4.55E-05 0.00E+00 0.00E+00 4.03E-09 4.55E-05 8.63E-06  0.83127
10641.00 .9397613     2.65E-25 3.00E-21 0.00E+00 0.00E+00 7.07E-06 5.00E-09 5.66E-05 0.00E+00 0.00E+00 5.00E-09 5.66E-05 8.68E-06  0.87991
10651.00 .9388791     5.18E-25 5.88E-21 0.00E+00 0.00E+00 7.09E-06 3.51E-09 3.99E-05 0.00E+00 0.00E+00 3.51E-09 3.99E-05 8.71E-06  0.75081
10661.00 .9379982     6.85E-25 7.79E-21 0.00E+00 0.00E+00 7.11E-06 2.46E-09 2.79E-05 0.00E+00 0.00E+00 2.46E-09 2.79E-05 8.74E-06  0.65631
10671.00 .9371194     6.56E-25 7.47E-21 0.00E+00 0.00E+00 7.11E-06 2.37E-09 2.70E-05 0.00E+00 0.00E+00 2.37E-09 2.70E-05 8.76E-06  0.65541
10681.00 .9362419     6.15E-25 7.02E-21 0.00E+00 0.00E+00 7.03E-06 2.58E-09 2.94E-05 0.00E+00 0.00E+00 2.58E-09 2.94E-05 8.79E-06  0.65793
10691.00 .9353662     5.59E-25 6.39E-21 0.00E+00 0.00E+00 7.05E-06 2.95E-09 3.37E-05 0.00E+00 0.00E+00 2.95E-09 3.37E-05 8.82E-06  0.67686
10701.00 .9344922     7.23E-25 8.28E-21 0.00E+00 0.00E+00 7.12E-06 1.85E-09 2.12E-05 0.00E+00 0.00E+00 1.85E-09 2.12E-05 8.84E-06  0.55955
10711.00 .9336196     5.28E-25 6.06E-21 0.00E+00 0.00E+00 7.13E-06 2.50E-09 2.87E-05 0.00E+00 0.00E+00 2.50E-09 2.87E-05 8.86E-06  0.66334
10721.00 .9327489     4.71E-25 5.41E-21 0.00E+00 0.00E+00 7.11E-06 2.83E-09 3.25E-05 0.00E+00 0.00E+00 2.83E-09 3.25E-05 8.89E-06  0.68337
10731.00 .9318796     4.41E-25 5.07E-21 0.00E+00 0.00E+00 7.08E-06 3.18E-09 3.67E-05 0.00E+00 0.00E+00 3.18E-09 3.67E-05 8.92E-06  0.68985
10741.00 .9310120     2.86E-25 3.30E-21 0.00E+00 0.00E+00 7.12E-06 4.21E-09 4.85E-05 0.00E+00 0.00E+00 4.21E-09 4.85E-05 8.96E-06  0.78855
10751.00 .9301461     2.13E-25 2.47E-21 0.00E+00 0.00E+00 7.09E-06 4.57E-09 5.29E-05 0.00E+00 0.00E+00 4.57E-09 5.29E-05 9.01E-06  0.83425
10761.00 .9292816     1.38E-25 1.60E-21 0.00E+00 0.00E+00 7.03E-06 5.20E-09 6.02E-05 0.00E+00 0.00E+00 5.20E-09 6.02E-05 9.06E-06  0.88765
10771.00 .9284190     1.20E-25 1.39E-21 0.00E+00 0.00E+00 7.13E-06 5.39E-09 6.26E-05 0.00E+00 0.00E+00 5.39E-09 6.26E-05 9.12E-06  0.89710
10781.00 .9275578     6.91E-26 8.03E-22 0.00E+00 0.00E+00 7.14E-06 6.18E-09 7.19E-05 0.00E+00 0.00E+00 6.18E-09 7.19E-05 9.18E-06  0.93831
10791.00 .9266981     4.41E-26 5.13E-22 0.00E+00 0.00E+00 7.00E-06 6.56E-09 7.64E-05 0.00E+00 0.00E+00 6.56E-09 7.64E-05 9.24E-06  0.95820
10801.00 .9258403     4.45E-26 5.19E-22 0.00E+00 0.00E+00 6.82E-06 6.35E-09 7.41E-05 0.00E+00 0.00E+00 6.35E-09 7.41E-05 9.31E-06  0.95593
10811.00 .9249837     5.07E-26 5.93E-22 0.00E+00 0.00E+00 6.98E-06 6.31E-09 7.37E-05 0.00E+00 0.00E+00 6.31E-09 7.37E-05 9.37E-06  0.94714
10821.00 .9241291     4.81E-26 5.63E-22 0.00E+00 0.00E+00 6.93E-06 6.21E-09 7.27E-05 0.00E+00 0.00E+00 6.21E-09 7.27E-05 9.43E-06  0.94745
10831.00 .9232758     3.71E-26 4.36E-22 0.00E+00 0.00E+00 6.66E-06 6.25E-09 7.34E-05 0.00E+00 0.00E+00 6.25E-09 7.34E-05 9.49E-06  0.95742
10841.00 .9224241     3.53E-26 4.15E-22 0.00E+00 0.00E+00 6.89E-06 6.59E-09 7.74E-05 0.00E+00 0.00E+00 6.59E-09 7.74E-05 9.56E-06  0.95722
10851.00 .9215741     4.14E-26 4.87E-22 0.00E+00 0.00E+00 6.84E-06 6.31E-09 7.43E-05 0.00E+00 0.00E+00 6.31E-09 7.43E-05 9.62E-06  0.94776
10861.00 .9207255     2.54E-26 3.00E-22 0.00E+00 0.00E+00 6.99E-06 6.87E-09 8.11E-05 0.00E+00 0.00E+00 6.87E-09 8.11E-05 9.69E-06  0.96631
10871.00 .9198787     4.30E-26 5.08E-22 0.00E+00 0.00E+00 7.09E-06 6.44E-09 7.61E-05 0.00E+00 0.00E+00 6.44E-09 7.61E-05 9.76E-06  0.93975
10881.00 .9190332     3.71E-26 4.39E-22 0.00E+00 0.00E+00 7.13E-06 6.58E-09 7.79E-05 0.00E+00 0.00E+00 6.58E-09 7.79E-05 9.82E-06  0.94545
10891.00 .9181893     5.64E-26 6.69E-22 0.00E+00 0.00E+00 7.09E-06 5.84E-09 6.93E-05 0.00E+00 0.00E+00 5.84E-09 6.93E-05 9.88E-06  0.91265
10901.00 .9173471     5.59E-26 6.64E-22 0.00E+00 0.00E+00 7.03E-06 5.71E-09 6.78E-05 0.00E+00 0.00E+00 5.71E-09 6.78E-05 9.94E-06  0.91048
10911.00 .9165062     3.55E-26 4.23E-22 0.00E+00 0.00E+00 7.12E-06 6.37E-09 7.58E-05 0.00E+00 0.00E+00 6.37E-09 7.58E-05 1.00E-05  0.93940
10921.00 .9156671     6.87E-26 8.20E-22 0.00E+00 0.00E+00 7.14E-06 5.28E-09 6.29E-05 0.00E+00 0.00E+00 5.28E-09 6.29E-05 1.01E-05  0.87764
10931.00 .9148294     2.85E-26 3.40E-22 0.00E+00 0.00E+00 7.06E-06 6.44E-09 7.70E-05 0.00E+00 0.00E+00 6.44E-09 7.70E-05 1.01E-05  0.94711
10941.00 .9139932     5.51E-26 6.59E-22 0.00E+00 0.00E+00 7.18E-06 5.65E-09 6.77E-05 0.00E+00 0.00E+00 5.65E-09 6.77E-05 1.02E-05  0.89111
10951.00 .9131587     4.92E-26 5.89E-22 0.00E+00 0.00E+00 7.22E-06 5.69E-09 6.83E-05 0.00E+00 0.00E+00 5.69E-09 6.83E-05 1.02E-05  0.89934
10961.00 .9123254     3.51E-26 4.22E-22 0.00E+00 0.00E+00 7.05E-06 6.22E-09 7.48E-05 0.00E+00 0.00E+00 6.22E-09 7.48E-05 1.03E-05  0.92357
10971.00 .9114940     2.75E-26 3.31E-22 0.00E+00 0.00E+00 6.97E-06 6.33E-09 7.62E-05 0.00E+00 0.00E+00 6.33E-09 7.62E-05 1.04E-05  0.93757
10981.00 .9106639     3.76E-26 4.53E-22 0.00E+00 0.00E+00 7.08E-06 5.94E-09 7.16E-05 0.00E+00 0.00E+00 5.94E-09 7.16E-05 1.04E-05  0.91013
10991.00 .9098353     3.22E-26 3.90E-22 0.00E+00 0.00E+00 6.96E-06 5.94E-09 7.18E-05 0.00E+00 0.00E+00 5.94E-09 7.18E-05 1.05E-05  0.91941
11001.00 .9090083     3.67E-26 4.45E-22 0.00E+00 0.00E+00 6.87E-06 5.84E-09 7.06E-05 0.00E+00 0.00E+00 5.84E-09 7.06E-05 1.05E-05  0.90314
11011.00 .9081826     3.44E-26 4.17E-22 0.00E+00 0.00E+00 7.01E-06 5.91E-09 7.16E-05 0.00E+00 0.00E+00 5.91E-09 7.16E-05 1.06E-05  0.90506
11021.00 .9073588     3.40E-26 4.13E-22 0.00E+00 0.00E+00 7.16E-06 6.12E-09 7.44E-05 0.00E+00 0.00E+00 6.12E-09 7.44E-05 1.07E-05  0.90130
11031.00 .9065361     2.05E-26 2.50E-22 0.00E+00 0.00E+00 7.00E-06 6.45E-09 7.85E-05 0.00E+00 0.00E+00 6.45E-09 7.85E-05 1.07E-05  0.93765
11041.00 .9057150     1.37E-26 1.67E-22 0.00E+00 0.00E+00 7.16E-06 7.10E-09 8.65E-05 0.00E+00 0.00E+00 7.10E-09 8.65E-05 1.08E-05  0.95613
11051.00 .9048955     1.17E-26 1.43E-22 0.00E+00 0.00E+00 7.21E-06 7.21E-09 8.81E-05 0.00E+00 0.00E+00 7.21E-09 8.81E-05 1.09E-05  0.96061
11061.00 .9040773     9.98E-27 1.22E-22 0.00E+00 0.00E+00 7.20E-06 7.33E-09 8.97E-05 0.00E+00 0.00E+00 7.33E-09 8.97E-05 1.09E-05  0.96490
11071.00 .9032608     1.70E-26 2.09E-22 0.00E+00 0.00E+00 7.13E-06 6.72E-09 8.24E-05 0.00E+00 0.00E+00 6.72E-09 8.24E-05 1.10E-05  0.93640
11081.00 .9024456     2.49E-26 3.06E-22 0.00E+00 0.00E+00 6.93E-06 6.01E-09 7.38E-05 0.00E+00 0.00E+00 6.01E-09 7.38E-05 1.11E-05  0.90312

                           RADIANCE (WATTS/CM2-STER-XXX)   [No STER in TOA SOLAR IRRADIANCE]

  FREQ   WAVELENGTH    PATH_THERMAL    SURFACE_EMISSION  SOL_IRR    SINGLE_SCATTER  GROUND_REFLECTED   TOTAL_RADIANCE  INTEGRAL    TOTAL
 (CM-1) (MICRON)      (CM-1)  (MICRN)   (CM-1)  (MICRN)   (CM-1)   (CM-1)  (MICRN)   (CM-1)  (MICRN)   (CM-1)  (MICRN)             TRANS

11091.00 .9016320     2.18E-26 2.68E-22 0.00E+00 0.00E+00 6.64E-06 5.85E-09 7.20E-05 0.00E+00 0.00E+00 5.85E-09 7.20E-05 1.11E-05  0.91110
11101.00 .9008198     2.33E-26 2.87E-22 0.00E+00 0.00E+00 6.93E-06 5.80E-09 7.15E-05 0.00E+00 0.00E+00 5.80E-09 7.15E-05 1.12E-05  0.89990
11111.00 .9000089     1.97E-26 2.43E-22 0.00E+00 0.00E+00 6.99E-06 6.34E-09 7.83E-05 0.00E+00 0.00E+00 6.34E-09 7.83E-05 1.12E-05  0.91153
11121.00 .8991998     3.16E-26 3.91E-22 0.00E+00 0.00E+00 7.15E-06 5.25E-09 6.49E-05 0.00E+00 0.00E+00 5.25E-09 6.49E-05 1.13E-05  0.85065
11131.00 .8983919     1.67E-26 2.07E-22 0.00E+00 0.00E+00 7.15E-06 6.54E-09 8.10E-05 0.00E+00 0.00E+00 6.54E-09 8.10E-05 1.14E-05  0.91737
11141.00 .8975855     1.47E-26 1.82E-22 0.00E+00 0.00E+00 7.11E-06 6.43E-09 7.99E-05 0.00E+00 0.00E+00 6.43E-09 7.99E-05 1.14E-05  0.92337
11151.00 .8967806     1.54E-26 1.92E-22 0.00E+00 0.00E+00 7.11E-06 6.36E-09 7.90E-05 0.00E+00 0.00E+00 6.36E-09 7.90E-05 1.15E-05  0.91553
11161.00 .8959770     1.02E-26 1.28E-22 0.00E+00 0.00E+00 7.23E-06 6.98E-09 8.70E-05 0.00E+00 0.00E+00 6.98E-09 8.70E-05 1.16E-05  0.94114
11171.00 .8951751     7.79E-27 9.72E-23 0.00E+00 0.00E+00 7.05E-06 7.02E-09 8.75E-05 0.00E+00 0.00E+00 7.02E-09 8.75E-05 1.16E-05  0.95326
11181.00 .8943744     4.99E-27 6.24E-23 0.00E+00 0.00E+00 7.06E-06 7.42E-09 9.27E-05 0.00E+00 0.00E+00 7.42E-09 9.27E-05 1.17E-05  0.96846
11191.00 .8935752     4.43E-27 5.54E-23 0.00E+00 0.00E+00 7.14E-06 7.55E-09 9.46E-05 0.00E+00 0.00E+00 7.55E-09 9.46E-05 1.18E-05  0.97049
11201.00 .8927775     3.32E-27 4.17E-23 0.00E+00 0.00E+00 6.98E-06 7.60E-09 9.53E-05 0.00E+00 0.00E+00 7.60E-09 9.53E-05 1.19E-05  0.97686
11211.00 .8919810     2.85E-27 3.59E-23 0.00E+00 0.00E+00 7.12E-06 7.83E-09 9.85E-05 0.00E+00 0.00E+00 7.83E-09 9.85E-05 1.19E-05  0.97906
11221.00 .8911862     2.43E-27 3.06E-23 0.00E+00 0.00E+00 7.16E-06 7.98E-09 1.00E-04 0.00E+00 0.00E+00 7.98E-09 1.00E-04 1.20E-05  0.98126
11231.00 .8903927     2.37E-27 2.99E-23 0.00E+00 0.00E+00 7.21E-06 8.03E-09 1.01E-04 0.00E+00 0.00E+00 8.03E-09 1.01E-04 1.21E-05  0.98082
11241.00 .8896006     2.20E-27 2.78E-23 0.00E+00 0.00E+00 7.14E-06 7.98E-09 1.01E-04 0.00E+00 0.00E+00 7.98E-09 1.01E-04 1.22E-05  0.98133
11251.00 .8888100     2.06E-27 2.61E-23 0.00E+00 0.00E+00 7.16E-06 8.03E-09 1.02E-04 0.00E+00 0.00E+00 8.03E-09 1.02E-04 1.23E-05  0.98156
11261.00 .8880205     2.11E-27 2.68E-23 0.00E+00 0.00E+00 7.10E-06 7.92E-09 1.00E-04 0.00E+00 0.00E+00 7.92E-09 1.00E-04 1.23E-05  0.98021
11271.00 .8872328     1.87E-27 2.38E-23 0.00E+00 0.00E+00 6.97E-06 7.84E-09 9.96E-05 0.00E+00 0.00E+00 7.84E-09 9.96E-05 1.24E-05  0.98158
11281.00 .8864462     1.86E-27 2.37E-23 0.00E+00 0.00E+00 6.74E-06 7.56E-09 9.62E-05 0.00E+00 0.00E+00 7.56E-09 9.62E-05 1.25E-05  0.98077
11291.00 .8856611     1.77E-27 2.26E-23 0.00E+00 0.00E+00 7.13E-06 8.01E-09 1.02E-04 0.00E+00 0.00E+00 8.01E-09 1.02E-04 1.26E-05  0.98078
11301.00 .8848775     1.59E-27 2.03E-23 0.00E+00 0.00E+00 7.13E-06 8.08E-09 1.03E-04 0.00E+00 0.00E+00 8.08E-09 1.03E-04 1.26E-05  0.98191
11311.00 .8840951     1.52E-27 1.95E-23 0.00E+00 0.00E+00 7.04E-06 7.97E-09 1.02E-04 0.00E+00 0.00E+00 7.97E-09 1.02E-04 1.27E-05  0.98178
11321.00 .8833143     1.46E-27 1.87E-23 0.00E+00 0.00E+00 7.12E-06 8.08E-09 1.04E-04 0.00E+00 0.00E+00 8.08E-09 1.04E-04 1.28E-05  0.98164
11331.00 .8825346     1.39E-27 1.79E-23 0.00E+00 0.00E+00 6.97E-06 7.92E-09 1.02E-04 0.00E+00 0.00E+00 7.92E-09 1.02E-04 1.29E-05  0.98160
11341.00 .8817565     1.33E-27 1.71E-23 0.00E+00 0.00E+00 7.09E-06 8.07E-09 1.04E-04 0.00E+00 0.00E+00 8.07E-09 1.04E-04 1.30E-05  0.98160
11351.00 .8809797     1.26E-27 1.62E-23 0.00E+00 0.00E+00 6.70E-06 7.65E-09 9.85E-05 0.00E+00 0.00E+00 7.65E-09 9.85E-05 1.30E-05  0.98173
11361.00 .8802041     1.20E-27 1.54E-23 0.00E+00 0.00E+00 7.09E-06 8.10E-09 1.05E-04 0.00E+00 0.00E+00 8.10E-09 1.05E-04 1.31E-05  0.98173
11371.00 .8794302     1.13E-27 1.45E-23 0.00E+00 0.00E+00 6.99E-06 8.01E-09 1.04E-04 0.00E+00 0.00E+00 8.01E-09 1.04E-04 1.32E-05  0.98195
11381.00 .8786574     1.08E-27 1.40E-23 0.00E+00 0.00E+00 7.16E-06 8.21E-09 1.06E-04 0.00E+00 0.00E+00 8.21E-09 1.06E-04 1.33E-05  0.98176
11391.00 .8778861     1.02E-27 1.33E-23 0.00E+00 0.00E+00 7.10E-06 8.16E-09 1.06E-04 0.00E+00 0.00E+00 8.16E-09 1.06E-04 1.34E-05  0.98188
11401.00 .8771161     9.75E-28 1.27E-23 0.00E+00 0.00E+00 7.12E-06 8.19E-09 1.06E-04 0.00E+00 0.00E+00 8.19E-09 1.06E-04 1.35E-05  0.98189
11411.00 .8763473     9.32E-28 1.21E-23 0.00E+00 0.00E+00 7.09E-06 8.17E-09 1.06E-04 0.00E+00 0.00E+00 8.17E-09 1.06E-04 1.35E-05  0.98182
11421.00 .8755801     8.85E-28 1.15E-23 0.00E+00 0.00E+00 6.88E-06 7.94E-09 1.04E-04 0.00E+00 0.00E+00 7.94E-09 1.04E-04 1.36E-05  0.98187
11431.00 .8748143     8.44E-28 1.10E-23 0.00E+00 0.00E+00 6.99E-06 8.08E-09 1.06E-04 0.00E+00 0.00E+00 8.08E-09 1.06E-04 1.37E-05  0.98184
11441.00 .8740494     8.06E-28 1.05E-23 0.00E+00 0.00E+00 7.03E-06 8.13E-09 1.06E-04 0.00E+00 0.00E+00 8.13E-09 1.06E-04 1.38E-05  0.98180
11451.00 .8732862     7.66E-28 1.00E-23 0.00E+00 0.00E+00 7.09E-06 8.21E-09 1.08E-04 0.00E+00 0.00E+00 8.21E-09 1.08E-04 1.39E-05  0.98182
11461.00 .8725241     7.30E-28 9.59E-24 0.00E+00 0.00E+00 7.17E-06 8.32E-09 1.09E-04 0.00E+00 0.00E+00 8.32E-09 1.09E-04 1.39E-05  0.98181
11471.00 .8717636     6.97E-28 9.17E-24 0.00E+00 0.00E+00 7.05E-06 8.19E-09 1.08E-04 0.00E+00 0.00E+00 8.19E-09 1.08E-04 1.40E-05  0.98178
11481.00 .8710044     6.65E-28 8.77E-24 0.00E+00 0.00E+00 7.09E-06 8.25E-09 1.09E-04 0.00E+00 0.00E+00 8.25E-09 1.09E-04 1.41E-05  0.98172
11491.00 .8702462     6.34E-28 8.37E-24 0.00E+00 0.00E+00 7.08E-06 8.25E-09 1.09E-04 0.00E+00 0.00E+00 8.25E-09 1.09E-04 1.42E-05  0.98172
11501.00 .8694897     6.04E-28 7.99E-24 0.00E+00 0.00E+00 6.91E-06 8.07E-09 1.07E-04 0.00E+00 0.00E+00 8.07E-09 1.07E-04 1.43E-05  0.98169
11511.00 .8687342     5.76E-28 7.64E-24 0.00E+00 0.00E+00 6.87E-06 8.03E-09 1.06E-04 0.00E+00 0.00E+00 8.03E-09 1.06E-04 1.43E-05  0.98166
11521.00 .8679803     5.50E-28 7.30E-24 0.00E+00 0.00E+00 6.89E-06 8.07E-09 1.07E-04 0.00E+00 0.00E+00 8.07E-09 1.07E-04 1.44E-05  0.98162
11531.00 .8672276     5.25E-28 6.98E-24 0.00E+00 0.00E+00 6.64E-06 7.78E-09 1.03E-04 0.00E+00 0.00E+00 7.78E-09 1.03E-04 1.45E-05  0.98159
11541.00 .8664759     5.01E-28 6.67E-24 0.00E+00 0.00E+00 5.28E-06 6.19E-09 8.25E-05 0.00E+00 0.00E+00 6.19E-09 8.25E-05 1.46E-05  0.98156
11551.00 .8657260     4.78E-28 6.38E-24 0.00E+00 0.00E+00 6.71E-06 7.88E-09 1.05E-04 0.00E+00 0.00E+00 7.88E-09 1.05E-04 1.46E-05  0.98151
11561.00 .8649770     4.56E-28 6.09E-24 0.00E+00 0.00E+00 7.05E-06 8.29E-09 1.11E-04 0.00E+00 0.00E+00 8.29E-09 1.11E-04 1.47E-05  0.98148
11571.00 .8642296     4.35E-28 5.82E-24 0.00E+00 0.00E+00 7.18E-06 8.45E-09 1.13E-04 0.00E+00 0.00E+00 8.45E-09 1.13E-04 1.48E-05  0.98146
11581.00 .8634834     4.15E-28 5.57E-24 0.00E+00 0.00E+00 7.13E-06 8.41E-09 1.13E-04 0.00E+00 0.00E+00 8.41E-09 1.13E-04 1.49E-05  0.98140

                           RADIANCE (WATTS/CM2-STER-XXX)   [No STER in TOA SOLAR IRRADIANCE]

  FREQ   WAVELENGTH    PATH_THERMAL    SURFACE_EMISSION  SOL_IRR    SINGLE_SCATTER  GROUND_REFLECTED   TOTAL_RADIANCE  INTEGRAL    TOTAL
 (CM-1) (MICRON)      (CM-1)  (MICRN)   (CM-1)  (MICRN)   (CM-1)   (CM-1)  (MICRN)   (CM-1)  (MICRN)   (CM-1)  (MICRN)             TRANS

11591.00 .8627383     3.98E-28 5.35E-24 0.00E+00 0.00E+00 7.13E-06 8.42E-09 1.13E-04 0.00E+00 0.00E+00 8.42E-09 1.13E-04 1.50E-05  0.98126
11601.00 .8619947     3.78E-28 5.09E-24 0.00E+00 0.00E+00 7.02E-06 8.30E-09 1.12E-04 0.00E+00 0.00E+00 8.30E-09 1.12E-04 1.51E-05  0.98132
11611.00 .8612522     3.63E-28 4.89E-24 0.00E+00 0.00E+00 7.01E-06 8.29E-09 1.12E-04 0.00E+00 0.00E+00 8.29E-09 1.12E-04 1.51E-05  0.98116
11621.00 .8605112     3.45E-28 4.66E-24 0.00E+00 0.00E+00 7.08E-06 8.38E-09 1.13E-04 0.00E+00 0.00E+00 8.38E-09 1.13E-04 1.52E-05  0.98120
11631.00 .8597714     3.31E-28 4.48E-24 0.00E+00 0.00E+00 7.03E-06 8.33E-09 1.13E-04 0.00E+00 0.00E+00 8.33E-09 1.13E-04 1.53E-05  0.98103
11641.00 .8590326     3.18E-28 4.31E-24 0.00E+00 0.00E+00 7.02E-06 8.32E-09 1.13E-04 0.00E+00 0.00E+00 8.32E-09 1.13E-04 1.54E-05  0.98087
11651.00 .8582955     3.02E-28 4.09E-24 0.00E+00 0.00E+00 7.02E-06 8.34E-09 1.13E-04 0.00E+00 0.00E+00 8.34E-09 1.13E-04 1.55E-05  0.98096
11661.00 .8575593     2.96E-28 4.03E-24 0.00E+00 0.00E+00 7.14E-06 8.47E-09 1.15E-04 0.00E+00 0.00E+00 8.47E-09 1.15E-04 1.56E-05  0.98036
11671.00 .8568247     2.76E-28 3.76E-24 0.00E+00 0.00E+00 7.15E-06 8.52E-09 1.16E-04 0.00E+00 0.00E+00 8.52E-09 1.16E-04 1.57E-05  0.98080
11681.00 .8560913     2.67E-28 3.64E-24 0.00E+00 0.00E+00 7.03E-06 8.37E-09 1.14E-04 0.00E+00 0.00E+00 8.37E-09 1.14E-04 1.57E-05  0.98049
11691.00 .8553588     2.57E-28 3.51E-24 0.00E+00 0.00E+00 6.82E-06 8.12E-09 1.11E-04 0.00E+00 0.00E+00 8.12E-09 1.11E-04 1.58E-05  0.98027
11701.00 .8546279     2.47E-28 3.38E-24 0.00E+00 0.00E+00 5.11E-06 6.08E-09 8.33E-05 0.00E+00 0.00E+00 6.08E-09 8.33E-05 1.59E-05  0.98006
11711.00 .8538980     2.40E-28 3.29E-24 0.00E+00 0.00E+00 6.10E-06 7.26E-09 9.96E-05 0.00E+00 0.00E+00 7.26E-09 9.96E-05 1.59E-05  0.97968
11721.00 .8531696     2.22E-28 3.05E-24 0.00E+00 0.00E+00 6.94E-06 8.30E-09 1.14E-04 0.00E+00 0.00E+00 8.30E-09 1.14E-04 1.60E-05  0.98028
11731.00 .8524424     2.18E-28 2.99E-24 0.00E+00 0.00E+00 7.05E-06 8.42E-09 1.16E-04 0.00E+00 0.00E+00 8.42E-09 1.16E-04 1.61E-05  0.97967
11741.00 .8517162     2.15E-28 2.96E-24 0.00E+00 0.00E+00 6.84E-06 8.15E-09 1.12E-04 0.00E+00 0.00E+00 8.15E-09 1.12E-04 1.62E-05  0.97893
11751.00 .8509915     1.99E-28 2.75E-24 0.00E+00 0.00E+00 7.08E-06 8.47E-09 1.17E-04 0.00E+00 0.00E+00 8.47E-09 1.17E-04 1.63E-05  0.97951
11761.00 .8502678     1.85E-28 2.56E-24 0.00E+00 0.00E+00 6.27E-06 7.54E-09 1.04E-04 0.00E+00 0.00E+00 7.54E-09 1.04E-04 1.64E-05  0.97997
11771.00 .8495455     1.77E-28 2.46E-24 0.00E+00 0.00E+00 6.72E-06 8.09E-09 1.12E-04 0.00E+00 0.00E+00 8.09E-09 1.12E-04 1.64E-05  0.97985
11781.00 .8488245     1.70E-28 2.36E-24 0.00E+00 0.00E+00 7.14E-06 8.60E-09 1.19E-04 0.00E+00 0.00E+00 8.60E-09 1.19E-04 1.65E-05  0.97973
11791.00 .8481044     1.63E-28 2.27E-24 0.00E+00 0.00E+00 7.14E-06 8.60E-09 1.20E-04 0.00E+00 0.00E+00 8.60E-09 1.20E-04 1.66E-05  0.97953
11801.00 .8473859     1.49E-28 2.08E-24 0.00E+00 0.00E+00 6.98E-06 8.46E-09 1.18E-04 0.00E+00 0.00E+00 8.46E-09 1.18E-04 1.67E-05  0.98034
11811.00 .8466683     1.45E-28 2.03E-24 0.00E+00 0.00E+00 7.00E-06 8.48E-09 1.18E-04 0.00E+00 0.00E+00 8.48E-09 1.18E-04 1.68E-05  0.97990
11821.00 .8459522     1.40E-28 1.96E-24 0.00E+00 0.00E+00 7.11E-06 8.62E-09 1.20E-04 0.00E+00 0.00E+00 8.62E-09 1.20E-04 1.69E-05  0.97966
11831.00 .8452373     1.33E-28 1.86E-24 0.00E+00 0.00E+00 7.10E-06 8.62E-09 1.21E-04 0.00E+00 0.00E+00 8.62E-09 1.21E-04 1.70E-05  0.97970
11841.00 .8445232     1.32E-28 1.86E-24 0.00E+00 0.00E+00 7.02E-06 8.50E-09 1.19E-04 0.00E+00 0.00E+00 8.50E-09 1.19E-04 1.70E-05  0.97878
11851.00 .8438107     1.33E-28 1.87E-24 0.00E+00 0.00E+00 6.94E-06 8.36E-09 1.17E-04 0.00E+00 0.00E+00 8.36E-09 1.17E-04 1.71E-05  0.97760
11861.00 .8430992     1.21E-28 1.71E-24 0.00E+00 0.00E+00 7.08E-06 8.58E-09 1.21E-04 0.00E+00 0.00E+00 8.58E-09 1.21E-04 1.72E-05  0.97857
11871.00 .8423891     1.14E-28 1.61E-24 0.00E+00 0.00E+00 7.02E-06 8.54E-09 1.20E-04 0.00E+00 0.00E+00 8.54E-09 1.20E-04 1.73E-05  0.97874
11881.00 .8416801     1.19E-28 1.68E-24 0.00E+00 0.00E+00 7.09E-06 8.54E-09 1.21E-04 0.00E+00 0.00E+00 8.54E-09 1.21E-04 1.74E-05  0.97679
11891.00 .8409721     1.19E-28 1.68E-24 0.00E+00 0.00E+00 7.15E-06 8.58E-09 1.21E-04 0.00E+00 0.00E+00 8.58E-09 1.21E-04 1.75E-05  0.97573
11901.00 .8402656     1.06E-28 1.50E-24 0.00E+00 0.00E+00 7.09E-06 8.60E-09 1.22E-04 0.00E+00 0.00E+00 8.60E-09 1.22E-04 1.76E-05  0.97729
11911.00 .8395600     1.01E-28 1.44E-24 0.00E+00 0.00E+00 7.06E-06 8.57E-09 1.22E-04 0.00E+00 0.00E+00 8.57E-09 1.22E-04 1.76E-05  0.97717
11921.00 .8388559     1.04E-28 1.48E-24 0.00E+00 0.00E+00 6.85E-06 8.24E-09 1.17E-04 0.00E+00 0.00E+00 8.24E-09 1.17E-04 1.77E-05  0.97529
11931.00 .8381528     1.01E-28 1.44E-24 0.00E+00 0.00E+00 7.09E-06 8.54E-09 1.22E-04 0.00E+00 0.00E+00 8.54E-09 1.22E-04 1.78E-05  0.97477
11941.00 .8374507     1.04E-28 1.48E-24 0.00E+00 0.00E+00 7.14E-06 8.54E-09 1.22E-04 0.00E+00 0.00E+00 8.54E-09 1.22E-04 1.79E-05  0.97295
11951.00 .8367501     9.95E-29 1.42E-24 0.00E+00 0.00E+00 7.04E-06 8.45E-09 1.21E-04 0.00E+00 0.00E+00 8.45E-09 1.21E-04 1.80E-05  0.97265
11961.00 .8360505     1.08E-28 1.55E-24 0.00E+00 0.00E+00 7.11E-06 8.41E-09 1.20E-04 0.00E+00 0.00E+00 8.41E-09 1.20E-04 1.81E-05  0.96883
11971.00 .8353522     9.74E-29 1.40E-24 0.00E+00 0.00E+00 7.09E-06 8.44E-09 1.21E-04 0.00E+00 0.00E+00 8.44E-09 1.21E-04 1.81E-05  0.97056
11981.00 .8346550     9.06E-29 1.30E-24 0.00E+00 0.00E+00 6.97E-06 8.35E-09 1.20E-04 0.00E+00 0.00E+00 8.35E-09 1.20E-04 1.82E-05  0.97110
11991.00 .8339587     1.15E-28 1.65E-24 0.00E+00 0.00E+00 6.98E-06 8.08E-09 1.16E-04 0.00E+00 0.00E+00 8.08E-09 1.16E-04 1.83E-05  0.96175
12001.00 .8332639     1.07E-28 1.54E-24 0.00E+00 0.00E+00 6.89E-06 7.97E-09 1.15E-04 0.00E+00 0.00E+00 7.97E-09 1.15E-04 1.84E-05  0.96246
12011.00 .8325701     1.30E-28 1.87E-24 0.00E+00 0.00E+00 6.99E-06 7.99E-09 1.15E-04 0.00E+00 0.00E+00 7.99E-09 1.15E-04 1.85E-05  0.95180
12021.00 .8318776     1.40E-28 2.02E-24 0.00E+00 0.00E+00 7.07E-06 7.89E-09 1.14E-04 0.00E+00 0.00E+00 7.89E-09 1.14E-04 1.85E-05  0.94626
12031.00 .8311862     9.39E-29 1.36E-24 0.00E+00 0.00E+00 6.95E-06 8.14E-09 1.18E-04 0.00E+00 0.00E+00 8.14E-09 1.18E-04 1.86E-05  0.96172
12041.00 .8304957     1.21E-28 1.76E-24 0.00E+00 0.00E+00 7.03E-06 7.97E-09 1.16E-04 0.00E+00 0.00E+00 7.97E-09 1.16E-04 1.87E-05  0.94841
12051.00 .8298067     1.12E-28 1.62E-24 0.00E+00 0.00E+00 7.04E-06 7.95E-09 1.15E-04 0.00E+00 0.00E+00 7.95E-09 1.15E-04 1.88E-05  0.94976
12061.00 .8291186     1.33E-28 1.93E-24 0.00E+00 0.00E+00 7.11E-06 7.80E-09 1.13E-04 0.00E+00 0.00E+00 7.80E-09 1.13E-04 1.89E-05  0.93763
12071.00 .8284318     1.25E-28 1.82E-24 0.00E+00 0.00E+00 7.16E-06 7.92E-09 1.15E-04 0.00E+00 0.00E+00 7.92E-09 1.15E-04 1.89E-05  0.93815
12081.00 .8277462     1.35E-28 1.98E-24 0.00E+00 0.00E+00 7.12E-06 7.56E-09 1.10E-04 0.00E+00 0.00E+00 7.56E-09 1.10E-04 1.90E-05  0.92969

                           RADIANCE (WATTS/CM2-STER-XXX)   [No STER in TOA SOLAR IRRADIANCE]

  FREQ   WAVELENGTH    PATH_THERMAL    SURFACE_EMISSION  SOL_IRR    SINGLE_SCATTER  GROUND_REFLECTED   TOTAL_RADIANCE  INTEGRAL    TOTAL
 (CM-1) (MICRON)      (CM-1)  (MICRN)   (CM-1)  (MICRN)   (CM-1)   (CM-1)  (MICRN)   (CM-1)  (MICRN)   (CM-1)  (MICRN)             TRANS

12091.00 .8270614     6.41E-29 9.37E-25 0.00E+00 0.00E+00 7.14E-06 8.52E-09 1.25E-04 0.00E+00 0.00E+00 8.52E-09 1.25E-04 1.91E-05  0.96521
12101.00 .8263780     7.93E-29 1.16E-24 0.00E+00 0.00E+00 7.13E-06 8.18E-09 1.20E-04 0.00E+00 0.00E+00 8.18E-09 1.20E-04 1.92E-05  0.95428
12111.00 .8256956     8.25E-29 1.21E-24 0.00E+00 0.00E+00 7.08E-06 8.11E-09 1.19E-04 0.00E+00 0.00E+00 8.11E-09 1.19E-04 1.93E-05  0.95070
12121.00 .8250145     5.25E-29 7.72E-25 0.00E+00 0.00E+00 7.02E-06 8.48E-09 1.25E-04 0.00E+00 0.00E+00 8.48E-09 1.25E-04 1.94E-05  0.96663
12131.00 .8243345     6.73E-29 9.90E-25 0.00E+00 0.00E+00 7.07E-06 8.17E-09 1.20E-04 0.00E+00 0.00E+00 8.17E-09 1.20E-04 1.94E-05  0.95546
12141.00 .8236553     1.17E-28 1.72E-24 0.00E+00 0.00E+00 6.97E-06 7.25E-09 1.07E-04 0.00E+00 0.00E+00 7.25E-09 1.07E-04 1.95E-05  0.91764
12151.00 .8229776     2.06E-28 3.04E-24 0.00E+00 0.00E+00 7.04E-06 5.91E-09 8.73E-05 0.00E+00 0.00E+00 5.91E-09 8.73E-05 1.96E-05  0.84990
12161.00 .8223007     6.75E-29 9.98E-25 0.00E+00 0.00E+00 6.90E-06 7.79E-09 1.15E-04 0.00E+00 0.00E+00 7.79E-09 1.15E-04 1.96E-05  0.94834
12171.00 .8216252     4.65E-29 6.89E-25 0.00E+00 0.00E+00 6.93E-06 8.21E-09 1.22E-04 0.00E+00 0.00E+00 8.21E-09 1.22E-04 1.97E-05  0.96247
12181.00 .8209508     3.41E-29 5.06E-25 0.00E+00 0.00E+00 6.96E-06 8.54E-09 1.27E-04 0.00E+00 0.00E+00 8.54E-09 1.27E-04 1.98E-05  0.97121
12191.00 .8202772     6.94E-29 1.03E-24 0.00E+00 0.00E+00 6.90E-06 7.57E-09 1.12E-04 0.00E+00 0.00E+00 7.57E-09 1.12E-04 1.99E-05  0.93775
12201.00 .8196050     7.74E-29 1.15E-24 0.00E+00 0.00E+00 6.83E-06 7.44E-09 1.11E-04 0.00E+00 0.00E+00 7.44E-09 1.11E-04 2.00E-05  0.92754
12211.00 .8189337     7.22E-29 1.08E-24 0.00E+00 0.00E+00 6.96E-06 7.58E-09 1.13E-04 0.00E+00 0.00E+00 7.58E-09 1.13E-04 2.00E-05  0.92929
12221.00 .8182637     8.39E-29 1.25E-24 0.00E+00 0.00E+00 6.94E-06 7.06E-09 1.05E-04 0.00E+00 0.00E+00 7.06E-09 1.05E-04 2.01E-05  0.91294
12231.00 .8175948     6.72E-29 1.01E-24 0.00E+00 0.00E+00 7.12E-06 7.73E-09 1.16E-04 0.00E+00 0.00E+00 7.73E-09 1.16E-04 2.02E-05  0.92741
12241.00 .8169267     8.04E-29 1.21E-24 0.00E+00 0.00E+00 7.09E-06 7.26E-09 1.09E-04 0.00E+00 0.00E+00 7.26E-09 1.09E-04 2.03E-05  0.90805
12251.00 .8162600     7.82E-29 1.17E-24 0.00E+00 0.00E+00 7.08E-06 7.34E-09 1.10E-04 0.00E+00 0.00E+00 7.34E-09 1.10E-04 2.03E-05  0.90712
12261.00 .8155941     5.94E-29 8.92E-25 0.00E+00 0.00E+00 7.09E-06 7.56E-09 1.14E-04 0.00E+00 0.00E+00 7.56E-09 1.14E-04 2.04E-05  0.92539
12271.00 .8149295     5.01E-29 7.54E-25 0.00E+00 0.00E+00 7.10E-06 7.61E-09 1.15E-04 0.00E+00 0.00E+00 7.61E-09 1.15E-04 2.05E-05  0.93406
12281.00 .8142661     4.04E-29 6.10E-25 0.00E+00 0.00E+00 7.12E-06 8.05E-09 1.21E-04 0.00E+00 0.00E+00 8.05E-09 1.21E-04 2.06E-05  0.94405
12291.00 .8136034     3.97E-29 6.00E-25 0.00E+00 0.00E+00 7.14E-06 7.93E-09 1.20E-04 0.00E+00 0.00E+00 7.93E-09 1.20E-04 2.06E-05  0.94223
12301.00 .8129421     2.33E-29 3.52E-25 0.00E+00 0.00E+00 7.10E-06 8.61E-09 1.30E-04 0.00E+00 0.00E+00 8.61E-09 1.30E-04 2.07E-05  0.96453
12311.00 .8122816     2.03E-29 3.08E-25 0.00E+00 0.00E+00 7.10E-06 8.69E-09 1.32E-04 0.00E+00 0.00E+00 8.69E-09 1.32E-04 2.08E-05  0.96746
12321.00 .8116225     1.88E-29 2.85E-25 0.00E+00 0.00E+00 7.08E-06 8.73E-09 1.33E-04 0.00E+00 0.00E+00 8.73E-09 1.33E-04 2.09E-05  0.96836
12331.00 .8109643     1.60E-29 2.43E-25 0.00E+00 0.00E+00 7.10E-06 8.91E-09 1.36E-04 0.00E+00 0.00E+00 8.91E-09 1.36E-04 2.10E-05  0.97175
12341.00 .8103070     1.39E-29 2.11E-25 0.00E+00 0.00E+00 7.01E-06 8.91E-09 1.36E-04 0.00E+00 0.00E+00 8.91E-09 1.36E-04 2.11E-05  0.97422
12351.00 .8096511     1.35E-29 2.06E-25 0.00E+00 0.00E+00 6.92E-06 8.78E-09 1.34E-04 0.00E+00 0.00E+00 8.78E-09 1.34E-04 2.12E-05  0.97366
12361.00 .8089960     1.20E-29 1.84E-25 0.00E+00 0.00E+00 6.98E-06 8.94E-09 1.37E-04 0.00E+00 0.00E+00 8.94E-09 1.37E-04 2.13E-05  0.97534
12371.00 .8083422     1.13E-29 1.72E-25 0.00E+00 0.00E+00 7.03E-06 9.03E-09 1.38E-04 0.00E+00 0.00E+00 9.03E-09 1.38E-04 2.13E-05  0.97575
12381.00 .8076893     1.03E-29 1.58E-25 0.00E+00 0.00E+00 7.04E-06 9.11E-09 1.40E-04 0.00E+00 0.00E+00 9.11E-09 1.40E-04 2.14E-05  0.97668
12391.00 .8070373     9.94E-30 1.53E-25 0.00E+00 0.00E+00 7.08E-06 9.17E-09 1.41E-04 0.00E+00 0.00E+00 9.17E-09 1.41E-04 2.15E-05  0.97637
12401.00 .8063866     9.48E-30 1.46E-25 0.00E+00 0.00E+00 7.15E-06 9.27E-09 1.42E-04 0.00E+00 0.00E+00 9.27E-09 1.42E-04 2.16E-05  0.97632
12411.00 .8057368     8.84E-30 1.36E-25 0.00E+00 0.00E+00 7.09E-06 9.23E-09 1.42E-04 0.00E+00 0.00E+00 9.23E-09 1.42E-04 2.17E-05  0.97682
12421.00 .8050882     8.68E-30 1.34E-25 0.00E+00 0.00E+00 6.88E-06 8.94E-09 1.38E-04 0.00E+00 0.00E+00 8.94E-09 1.38E-04 2.18E-05  0.97604
12431.00 .8044406     9.30E-30 1.44E-25 0.00E+00 0.00E+00 7.05E-06 9.02E-09 1.39E-04 0.00E+00 0.00E+00 9.02E-09 1.39E-04 2.19E-05  0.97312
12441.00 .8037938     8.73E-30 1.35E-25 0.00E+00 0.00E+00 7.08E-06 9.09E-09 1.41E-04 0.00E+00 0.00E+00 9.09E-09 1.41E-04 2.20E-05  0.97347
12451.00 .8031484     8.42E-30 1.31E-25 0.00E+00 0.00E+00 6.99E-06 8.98E-09 1.39E-04 0.00E+00 0.00E+00 8.98E-09 1.39E-04 2.21E-05  0.97309
12461.00 .8025038     8.26E-30 1.28E-25 0.00E+00 0.00E+00 7.08E-06 9.05E-09 1.40E-04 0.00E+00 0.00E+00 9.05E-09 1.40E-04 2.22E-05  0.97232
12471.00 .8018604     7.43E-30 1.16E-25 0.00E+00 0.00E+00 7.11E-06 9.19E-09 1.43E-04 0.00E+00 0.00E+00 9.19E-09 1.43E-04 2.23E-05  0.97380
12481.00 .8012180     7.65E-30 1.19E-25 0.00E+00 0.00E+00 7.10E-06 9.10E-09 1.42E-04 0.00E+00 0.00E+00 9.10E-09 1.42E-04 2.23E-05  0.97171
12491.00 .8005763     7.03E-30 1.10E-25 0.00E+00 0.00E+00 7.04E-06 9.08E-09 1.42E-04 0.00E+00 0.00E+00 9.08E-09 1.42E-04 2.24E-05  0.97268
12501.00 .7999361     6.54E-30 1.02E-25 0.00E+00 0.00E+00 6.96E-06 9.01E-09 1.41E-04 0.00E+00 0.00E+00 9.01E-09 1.41E-04 2.25E-05  0.97336
12511.00 .7992966     5.64E-30 8.83E-26 0.00E+00 0.00E+00 7.12E-06 9.34E-09 1.46E-04 0.00E+00 0.00E+00 9.34E-09 1.46E-04 2.26E-05  0.97582
12521.00 .7986583     5.72E-30 8.97E-26 0.00E+00 0.00E+00 7.11E-06 9.27E-09 1.45E-04 0.00E+00 0.00E+00 9.27E-09 1.45E-04 2.27E-05  0.97425
12531.00 .7980210     5.05E-30 7.92E-26 0.00E+00 0.00E+00 7.10E-06 9.36E-09 1.47E-04 0.00E+00 0.00E+00 9.36E-09 1.47E-04 2.28E-05  0.97614
12541.00 .7973845     5.18E-30 8.15E-26 0.00E+00 0.00E+00 7.09E-06 9.27E-09 1.46E-04 0.00E+00 0.00E+00 9.27E-09 1.46E-04 2.29E-05  0.97424
12551.00 .7967494     5.57E-30 8.78E-26 0.00E+00 0.00E+00 7.10E-06 9.15E-09 1.44E-04 0.00E+00 0.00E+00 9.15E-09 1.44E-04 2.30E-05  0.97085
12561.00 .7961149     5.60E-30 8.83E-26 0.00E+00 0.00E+00 7.04E-06 9.01E-09 1.42E-04 0.00E+00 0.00E+00 9.01E-09 1.42E-04 2.31E-05  0.96942
12571.00 .7954817     4.21E-30 6.66E-26 0.00E+00 0.00E+00 7.06E-06 9.34E-09 1.48E-04 0.00E+00 0.00E+00 9.34E-09 1.48E-04 2.32E-05  0.97574
12581.00 .7948495     3.88E-30 6.15E-26 0.00E+00 0.00E+00 6.81E-06 9.06E-09 1.43E-04 0.00E+00 0.00E+00 9.06E-09 1.43E-04 2.33E-05  0.97653

                           RADIANCE (WATTS/CM2-STER-XXX)   [No STER in TOA SOLAR IRRADIANCE]

  FREQ   WAVELENGTH    PATH_THERMAL    SURFACE_EMISSION  SOL_IRR    SINGLE_SCATTER  GROUND_REFLECTED   TOTAL_RADIANCE  INTEGRAL    TOTAL
 (CM-1) (MICRON)      (CM-1)  (MICRN)   (CM-1)  (MICRN)   (CM-1)   (CM-1)  (MICRN)   (CM-1)  (MICRN)   (CM-1)  (MICRN)             TRANS

12591.00 .7942180     3.56E-30 5.65E-26 0.00E+00 0.00E+00 6.83E-06 9.15E-09 1.45E-04 0.00E+00 0.00E+00 9.15E-09 1.45E-04 2.34E-05  0.97737
12601.00 .7935879     3.55E-30 5.63E-26 0.00E+00 0.00E+00 6.83E-06 9.11E-09 1.45E-04 0.00E+00 0.00E+00 9.11E-09 1.45E-04 2.35E-05  0.97628
12611.00 .7929584     3.90E-30 6.20E-26 0.00E+00 0.00E+00 7.01E-06 9.19E-09 1.46E-04 0.00E+00 0.00E+00 9.19E-09 1.46E-04 2.35E-05  0.97270
12621.00 .7923303     3.74E-30 5.96E-26 0.00E+00 0.00E+00 7.01E-06 9.19E-09 1.46E-04 0.00E+00 0.00E+00 9.19E-09 1.46E-04 2.36E-05  0.97245
12631.00 .7917031     3.37E-30 5.37E-26 0.00E+00 0.00E+00 6.91E-06 9.13E-09 1.46E-04 0.00E+00 0.00E+00 9.13E-09 1.46E-04 2.37E-05  0.97399
12641.00 .7910766     3.46E-30 5.52E-26 0.00E+00 0.00E+00 7.04E-06 9.23E-09 1.48E-04 0.00E+00 0.00E+00 9.23E-09 1.48E-04 2.38E-05  0.97195
12651.00 .7904514     3.27E-30 5.24E-26 0.00E+00 0.00E+00 7.10E-06 9.33E-09 1.49E-04 0.00E+00 0.00E+00 9.33E-09 1.49E-04 2.39E-05  0.97206
12661.00 .7898270     3.34E-30 5.36E-26 0.00E+00 0.00E+00 7.08E-06 9.22E-09 1.48E-04 0.00E+00 0.00E+00 9.22E-09 1.48E-04 2.40E-05  0.97000
12671.00 .7892038     2.96E-30 4.75E-26 0.00E+00 0.00E+00 7.12E-06 9.38E-09 1.51E-04 0.00E+00 0.00E+00 9.38E-09 1.51E-04 2.41E-05  0.97219
12681.00 .7885815     2.52E-30 4.06E-26 0.00E+00 0.00E+00 7.08E-06 9.49E-09 1.53E-04 0.00E+00 0.00E+00 9.49E-09 1.53E-04 2.42E-05  0.97509
12691.00 .7879599     2.46E-30 3.96E-26 0.00E+00 0.00E+00 7.05E-06 9.43E-09 1.52E-04 0.00E+00 0.00E+00 9.43E-09 1.52E-04 2.43E-05  0.97444
12701.00 .7873396     2.24E-30 3.61E-26 0.00E+00 0.00E+00 7.10E-06 9.55E-09 1.54E-04 0.00E+00 0.00E+00 9.55E-09 1.54E-04 2.44E-05  0.97558
12711.00 .7867201     2.14E-30 3.45E-26 0.00E+00 0.00E+00 7.14E-06 9.62E-09 1.55E-04 0.00E+00 0.00E+00 9.62E-09 1.55E-04 2.45E-05  0.97554
12721.00 .7861018     1.89E-30 3.06E-26 0.00E+00 0.00E+00 7.00E-06 9.53E-09 1.54E-04 0.00E+00 0.00E+00 9.53E-09 1.54E-04 2.46E-05  0.97725
12731.00 .7854844     1.80E-30 2.91E-26 0.00E+00 0.00E+00 6.99E-06 9.52E-09 1.54E-04 0.00E+00 0.00E+00 9.52E-09 1.54E-04 2.47E-05  0.97731
12741.00 .7848677     1.71E-30 2.77E-26 0.00E+00 0.00E+00 7.10E-06 9.69E-09 1.57E-04 0.00E+00 0.00E+00 9.69E-09 1.57E-04 2.48E-05  0.97731
12751.00 .7842523     1.62E-30 2.63E-26 0.00E+00 0.00E+00 7.09E-06 9.69E-09 1.58E-04 0.00E+00 0.00E+00 9.69E-09 1.58E-04 2.49E-05  0.97744
12761.00 .7836376     1.53E-30 2.49E-26 0.00E+00 0.00E+00 6.91E-06 9.46E-09 1.54E-04 0.00E+00 0.00E+00 9.46E-09 1.54E-04 2.50E-05  0.97763
12771.00 .7830241     1.45E-30 2.37E-26 0.00E+00 0.00E+00 7.04E-06 9.65E-09 1.57E-04 0.00E+00 0.00E+00 9.65E-09 1.57E-04 2.51E-05  0.97765
12781.00 .7824115     1.38E-30 2.26E-26 0.00E+00 0.00E+00 7.12E-06 9.77E-09 1.60E-04 0.00E+00 0.00E+00 9.77E-09 1.60E-04 2.52E-05  0.97764
12791.00 .7817996     1.32E-30 2.16E-26 0.00E+00 0.00E+00 7.12E-06 9.79E-09 1.60E-04 0.00E+00 0.00E+00 9.79E-09 1.60E-04 2.52E-05  0.97762
12801.00 .7811890     1.25E-30 2.06E-26 0.00E+00 0.00E+00 7.00E-06 9.64E-09 1.58E-04 0.00E+00 0.00E+00 9.64E-09 1.58E-04 2.53E-05  0.97763
12811.00 .7805791     1.20E-30 1.97E-26 0.00E+00 0.00E+00 7.09E-06 9.76E-09 1.60E-04 0.00E+00 0.00E+00 9.76E-09 1.60E-04 2.54E-05  0.97756
12821.00 .7799704     1.14E-30 1.87E-26 0.00E+00 0.00E+00 7.00E-06 9.66E-09 1.59E-04 0.00E+00 0.00E+00 9.66E-09 1.59E-04 2.55E-05  0.97758
12831.00 .7793626     1.09E-30 1.79E-26 0.00E+00 0.00E+00 7.09E-06 9.79E-09 1.61E-04 0.00E+00 0.00E+00 9.79E-09 1.61E-04 2.56E-05  0.97750
12841.00 .7787555     1.04E-30 1.71E-26 0.00E+00 0.00E+00 7.11E-06 9.83E-09 1.62E-04 0.00E+00 0.00E+00 9.83E-09 1.62E-04 2.57E-05  0.97752
12851.00 .7781496     9.88E-31 1.63E-26 0.00E+00 0.00E+00 7.10E-06 9.83E-09 1.62E-04 0.00E+00 0.00E+00 9.83E-09 1.62E-04 2.58E-05  0.97747
12861.00 .7775444     9.41E-31 1.56E-26 0.00E+00 0.00E+00 6.96E-06 9.65E-09 1.60E-04 0.00E+00 0.00E+00 9.65E-09 1.60E-04 2.59E-05  0.97745
12871.00 .7769405     8.97E-31 1.49E-26 0.00E+00 0.00E+00 7.11E-06 9.88E-09 1.64E-04 0.00E+00 0.00E+00 9.88E-09 1.64E-04 2.60E-05  0.97743
12881.00 .7763374     8.55E-31 1.42E-26 0.00E+00 0.00E+00 7.10E-06 9.87E-09 1.64E-04 0.00E+00 0.00E+00 9.87E-09 1.64E-04 2.61E-05  0.97739
12891.00 .7757350     8.17E-31 1.36E-26 0.00E+00 0.00E+00 7.09E-06 9.87E-09 1.64E-04 0.00E+00 0.00E+00 9.87E-09 1.64E-04 2.62E-05  0.97732
12901.00 .7751338     7.79E-31 1.30E-26 0.00E+00 0.00E+00 6.75E-06 9.41E-09 1.57E-04 0.00E+00 0.00E+00 9.41E-09 1.57E-04 2.63E-05  0.97728
12911.00 .7745333     7.44E-31 1.24E-26 0.00E+00 0.00E+00 6.91E-06 9.64E-09 1.61E-04 0.00E+00 0.00E+00 9.64E-09 1.61E-04 2.64E-05  0.97720
12921.00 .7739339     7.10E-31 1.19E-26 0.00E+00 0.00E+00 7.10E-06 9.92E-09 1.66E-04 0.00E+00 0.00E+00 9.92E-09 1.66E-04 2.65E-05  0.97714
12931.00 .7733355     6.79E-31 1.14E-26 0.00E+00 0.00E+00 7.06E-06 9.87E-09 1.65E-04 0.00E+00 0.00E+00 9.87E-09 1.65E-04 2.66E-05  0.97704
12941.00 .7727377     6.50E-31 1.09E-26 0.00E+00 0.00E+00 6.89E-06 9.64E-09 1.61E-04 0.00E+00 0.00E+00 9.64E-09 1.61E-04 2.67E-05  0.97690
12951.00 .7721412     6.21E-31 1.04E-26 0.00E+00 0.00E+00 6.99E-06 9.78E-09 1.64E-04 0.00E+00 0.00E+00 9.78E-09 1.64E-04 2.68E-05  0.97682
12961.00 .7715454     5.94E-31 9.98E-27 0.00E+00 0.00E+00 6.89E-06 9.66E-09 1.62E-04 0.00E+00 0.00E+00 9.66E-09 1.62E-04 2.69E-05  0.97672
12971.00 .7709506     5.70E-31 9.59E-27 0.00E+00 0.00E+00 7.03E-06 9.84E-09 1.66E-04 0.00E+00 0.00E+00 9.84E-09 1.66E-04 2.70E-05  0.97652
12981.00 .7703568     5.62E-31 9.47E-27 0.00E+00 0.00E+00 7.00E-06 9.75E-09 1.64E-04 0.00E+00 0.00E+00 9.75E-09 1.64E-04 2.71E-05  0.97569
12991.00 .7697636     5.68E-31 9.59E-27 0.00E+00 0.00E+00 6.97E-06 9.65E-09 1.63E-04 0.00E+00 0.00E+00 9.65E-09 1.63E-04 2.72E-05  0.97418
13001.00 .7691717     5.97E-31 1.01E-26 0.00E+00 0.00E+00 7.00E-06 9.58E-09 1.62E-04 0.00E+00 0.00E+00 9.58E-09 1.62E-04 2.73E-05  0.97149
13011.00 .7685804     6.58E-31 1.11E-26 0.00E+00 0.00E+00 7.06E-06 9.57E-09 1.62E-04 0.00E+00 0.00E+00 9.57E-09 1.62E-04 2.74E-05  0.96698
13021.00 .7679902     7.95E-31 1.35E-26 0.00E+00 0.00E+00 7.05E-06 9.28E-09 1.57E-04 0.00E+00 0.00E+00 9.28E-09 1.57E-04 2.75E-05  0.95809
13031.00 .7674009     9.40E-31 1.60E-26 0.00E+00 0.00E+00 7.08E-06 9.02E-09 1.53E-04 0.00E+00 0.00E+00 9.02E-09 1.53E-04 2.76E-05  0.94793
13041.00 .7668123     1.18E-30 2.02E-26 0.00E+00 0.00E+00 6.71E-06 8.11E-09 1.38E-04 0.00E+00 0.00E+00 8.11E-09 1.38E-04 2.77E-05  0.93102
13051.00 .7662249     1.32E-30 2.25E-26 0.00E+00 0.00E+00 6.62E-06 7.42E-09 1.26E-04 0.00E+00 0.00E+00 7.42E-09 1.26E-04 2.77E-05  0.91914
13061.00 .7656381     1.66E-30 2.82E-26 0.00E+00 0.00E+00 6.88E-06 6.83E-09 1.16E-04 0.00E+00 0.00E+00 6.83E-09 1.16E-04 2.78E-05  0.89347
13071.00 .7650524     2.09E-30 3.57E-26 0.00E+00 0.00E+00 7.11E-06 6.04E-09 1.03E-04 0.00E+00 0.00E+00 6.04E-09 1.03E-04 2.79E-05  0.85873
13081.00 .7644677     2.30E-30 3.94E-26 0.00E+00 0.00E+00 7.11E-06 5.15E-09 8.82E-05 0.00E+00 0.00E+00 5.15E-09 8.82E-05 2.79E-05  0.83703

                           RADIANCE (WATTS/CM2-STER-XXX)   [No STER in TOA SOLAR IRRADIANCE]

  FREQ   WAVELENGTH    PATH_THERMAL    SURFACE_EMISSION  SOL_IRR    SINGLE_SCATTER  GROUND_REFLECTED   TOTAL_RADIANCE  INTEGRAL    TOTAL
 (CM-1) (MICRON)      (CM-1)  (MICRN)   (CM-1)  (MICRN)   (CM-1)   (CM-1)  (MICRN)   (CM-1)  (MICRN)   (CM-1)  (MICRN)             TRANS

13091.00 .7638835     2.63E-30 4.50E-26 0.00E+00 0.00E+00 7.11E-06 4.11E-09 7.05E-05 0.00E+00 0.00E+00 4.11E-09 7.05E-05 2.80E-05  0.80475
13101.00 .7633006     2.72E-30 4.67E-26 0.00E+00 0.00E+00 7.10E-06 3.56E-09 6.11E-05 0.00E+00 0.00E+00 3.56E-09 6.11E-05 2.80E-05  0.78762
13111.00 .7627183     2.41E-30 4.14E-26 0.00E+00 0.00E+00 7.03E-06 3.81E-09 6.56E-05 0.00E+00 0.00E+00 3.81E-09 6.56E-05 2.80E-05  0.80250
13121.00 .7621371     1.26E-30 2.16E-26 0.00E+00 0.00E+00 6.78E-06 6.25E-09 1.08E-04 0.00E+00 0.00E+00 6.25E-09 1.08E-04 2.81E-05  0.89224
13131.00 .7615567     2.24E-30 3.85E-26 0.00E+00 0.00E+00 6.97E-06 3.37E-09 5.81E-05 0.00E+00 0.00E+00 3.37E-09 5.81E-05 2.81E-05  0.79648
13141.00 .7609770     3.19E-30 5.50E-26 0.00E+00 0.00E+00 7.01E-06 1.31E-09 2.26E-05 0.00E+00 0.00E+00 1.31E-09 2.26E-05 2.81E-05  0.69629
13151.00 .7603985     3.47E-30 6.00E-26 0.00E+00 0.00E+00 6.98E-06 1.39E-09 2.41E-05 0.00E+00 0.00E+00 1.39E-09 2.41E-05 2.81E-05  0.65395
13161.00 .7598206     2.25E-30 3.89E-26 0.00E+00 0.00E+00 7.04E-06 3.89E-09 6.73E-05 0.00E+00 0.00E+00 3.89E-09 6.73E-05 2.82E-05  0.76582
13171.00 .7592438     4.10E-31 7.12E-27 0.00E+00 0.00E+00 7.02E-06 9.37E-09 1.62E-04 0.00E+00 0.00E+00 9.37E-09 1.62E-04 2.83E-05  0.95550
13181.00 .7586679     2.06E-31 3.57E-27 0.00E+00 0.00E+00 6.85E-06 9.87E-09 1.71E-04 0.00E+00 0.00E+00 9.87E-09 1.71E-04 2.84E-05  0.97619
13191.00 .7580926     1.95E-31 3.39E-27 0.00E+00 0.00E+00 7.02E-06 1.01E-08 1.76E-04 0.00E+00 0.00E+00 1.01E-08 1.76E-04 2.85E-05  0.97633
13201.00 .7575184     1.85E-31 3.23E-27 0.00E+00 0.00E+00 6.98E-06 1.01E-08 1.76E-04 0.00E+00 0.00E+00 1.01E-08 1.76E-04 2.86E-05  0.97632
13211.00 .7569449     1.77E-31 3.08E-27 0.00E+00 0.00E+00 6.98E-06 1.01E-08 1.76E-04 0.00E+00 0.00E+00 1.01E-08 1.76E-04 2.87E-05  0.97630
13221.00 .7563725     1.68E-31 2.94E-27 0.00E+00 0.00E+00 6.96E-06 1.01E-08 1.76E-04 0.00E+00 0.00E+00 1.01E-08 1.76E-04 2.88E-05  0.97626
13231.00 .7558009     1.61E-31 2.81E-27 0.00E+00 0.00E+00 6.92E-06 1.00E-08 1.76E-04 0.00E+00 0.00E+00 1.00E-08 1.76E-04 2.89E-05  0.97622
13241.00 .7552299     1.53E-31 2.68E-27 0.00E+00 0.00E+00 7.03E-06 1.02E-08 1.79E-04 0.00E+00 0.00E+00 1.02E-08 1.79E-04 2.90E-05  0.97618
13251.00 .7546601     1.46E-31 2.56E-27 0.00E+00 0.00E+00 7.05E-06 1.02E-08 1.80E-04 0.00E+00 0.00E+00 1.02E-08 1.80E-04 2.91E-05  0.97616
13261.00 .7540909     1.39E-31 2.45E-27 0.00E+00 0.00E+00 7.08E-06 1.03E-08 1.81E-04 0.00E+00 0.00E+00 1.03E-08 1.81E-04 2.92E-05  0.97610
13271.00 .7535228     1.33E-31 2.34E-27 0.00E+00 0.00E+00 7.00E-06 1.02E-08 1.79E-04 0.00E+00 0.00E+00 1.02E-08 1.79E-04 2.93E-05  0.97608
13281.00 .7529554     1.26E-31 2.23E-27 0.00E+00 0.00E+00 6.94E-06 1.01E-08 1.78E-04 0.00E+00 0.00E+00 1.01E-08 1.78E-04 2.94E-05  0.97604
13291.00 .7523888     1.21E-31 2.13E-27 0.00E+00 0.00E+00 6.92E-06 1.01E-08 1.78E-04 0.00E+00 0.00E+00 1.01E-08 1.78E-04 2.95E-05  0.97600
13301.00 .7518232     1.15E-31 2.04E-27 0.00E+00 0.00E+00 7.01E-06 1.02E-08 1.81E-04 0.00E+00 0.00E+00 1.02E-08 1.81E-04 2.96E-05  0.97594
13311.00 .7512583     1.10E-31 1.94E-27 0.00E+00 0.00E+00 6.80E-06 9.92E-09 1.76E-04 0.00E+00 0.00E+00 9.92E-09 1.76E-04 2.97E-05  0.97592
13321.00 .7506945     1.05E-31 1.86E-27 0.00E+00 0.00E+00 7.01E-06 1.02E-08 1.82E-04 0.00E+00 0.00E+00 1.02E-08 1.82E-04 2.98E-05  0.97582
13331.00 .7501314     9.98E-32 1.77E-27 0.00E+00 0.00E+00 6.94E-06 1.02E-08 1.80E-04 0.00E+00 0.00E+00 1.02E-08 1.80E-04 2.99E-05  0.97581
13341.00 .7495689     9.51E-32 1.69E-27 0.00E+00 0.00E+00 6.78E-06 9.93E-09 1.77E-04 0.00E+00 0.00E+00 9.93E-09 1.77E-04 3.00E-05  0.97578
13351.00 .7490076     9.06E-32 1.61E-27 0.00E+00 0.00E+00 6.99E-06 1.02E-08 1.83E-04 0.00E+00 0.00E+00 1.02E-08 1.83E-04 3.01E-05  0.97577
13361.00 .7484469     8.64E-32 1.54E-27 0.00E+00 0.00E+00 6.95E-06 1.02E-08 1.82E-04 0.00E+00 0.00E+00 1.02E-08 1.82E-04 3.02E-05  0.97572
13371.00 .7478873     8.25E-32 1.48E-27 0.00E+00 0.00E+00 6.94E-06 1.02E-08 1.82E-04 0.00E+00 0.00E+00 1.02E-08 1.82E-04 3.03E-05  0.97563
13381.00 .7473284     7.88E-32 1.41E-27 0.00E+00 0.00E+00 6.98E-06 1.03E-08 1.84E-04 0.00E+00 0.00E+00 1.03E-08 1.84E-04 3.04E-05  0.97557
13391.00 .7467701     7.51E-32 1.35E-27 0.00E+00 0.00E+00 6.99E-06 1.03E-08 1.84E-04 0.00E+00 0.00E+00 1.03E-08 1.84E-04 3.05E-05  0.97553
13401.00 .7462130     7.17E-32 1.29E-27 0.00E+00 0.00E+00 6.93E-06 1.02E-08 1.83E-04 0.00E+00 0.00E+00 1.02E-08 1.83E-04 3.06E-05  0.97547
13411.00 .7456565     6.87E-32 1.24E-27 0.00E+00 0.00E+00 7.00E-06 1.03E-08 1.85E-04 0.00E+00 0.00E+00 1.03E-08 1.85E-04 3.07E-05  0.97529
13421.00 .7451010     6.52E-32 1.17E-27 0.00E+00 0.00E+00 6.85E-06 1.01E-08 1.82E-04 0.00E+00 0.00E+00 1.01E-08 1.82E-04 3.08E-05  0.97536
13431.00 .7445463     6.27E-32 1.13E-27 0.00E+00 0.00E+00 6.76E-06 9.98E-09 1.80E-04 0.00E+00 0.00E+00 9.98E-09 1.80E-04 3.09E-05  0.97513
13441.00 .7439922     5.99E-32 1.08E-27 0.00E+00 0.00E+00 6.98E-06 1.03E-08 1.86E-04 0.00E+00 0.00E+00 1.03E-08 1.86E-04 3.10E-05  0.97502
13451.00 .7434392     5.67E-32 1.03E-27 0.00E+00 0.00E+00 6.98E-06 1.03E-08 1.87E-04 0.00E+00 0.00E+00 1.03E-08 1.87E-04 3.11E-05  0.97518
13461.00 .7428868     5.57E-32 1.01E-27 0.00E+00 0.00E+00 6.91E-06 1.02E-08 1.85E-04 0.00E+00 0.00E+00 1.02E-08 1.85E-04 3.12E-05  0.97437
13471.00 .7423354     5.34E-32 9.69E-28 0.00E+00 0.00E+00 6.67E-06 9.85E-09 1.79E-04 0.00E+00 0.00E+00 9.85E-09 1.79E-04 3.13E-05  0.97421
13481.00 .7417849     5.09E-32 9.25E-28 0.00E+00 0.00E+00 6.68E-06 9.87E-09 1.79E-04 0.00E+00 0.00E+00 9.87E-09 1.79E-04 3.14E-05  0.97414
13491.00 .7412348     5.03E-32 9.15E-28 0.00E+00 0.00E+00 6.66E-06 9.81E-09 1.79E-04 0.00E+00 0.00E+00 9.81E-09 1.79E-04 3.15E-05  0.97318
13501.00 .7406859     4.64E-32 8.46E-28 0.00E+00 0.00E+00 6.85E-06 1.02E-08 1.85E-04 0.00E+00 0.00E+00 1.02E-08 1.85E-04 3.16E-05  0.97399
13511.00 .7401376     4.64E-32 8.47E-28 0.00E+00 0.00E+00 6.85E-06 1.01E-08 1.84E-04 0.00E+00 0.00E+00 1.01E-08 1.84E-04 3.17E-05  0.97263
13521.00 .7395903     4.70E-32 8.59E-28 0.00E+00 0.00E+00 6.85E-06 1.00E-08 1.83E-04 0.00E+00 0.00E+00 1.00E-08 1.83E-04 3.18E-05  0.97093
13531.00 .7390438     4.40E-32 8.06E-28 0.00E+00 0.00E+00 6.64E-06 9.74E-09 1.78E-04 0.00E+00 0.00E+00 9.74E-09 1.78E-04 3.19E-05  0.97144
13541.00 .7384979     4.50E-32 8.26E-28 0.00E+00 0.00E+00 6.83E-06 9.93E-09 1.82E-04 0.00E+00 0.00E+00 9.93E-09 1.82E-04 3.20E-05  0.96925
13551.00 .7379529     3.97E-32 7.30E-28 0.00E+00 0.00E+00 6.97E-06 1.03E-08 1.88E-04 0.00E+00 0.00E+00 1.03E-08 1.88E-04 3.21E-05  0.97152
13561.00 .7374087     4.07E-32 7.49E-28 0.00E+00 0.00E+00 6.98E-06 1.02E-08 1.87E-04 0.00E+00 0.00E+00 1.02E-08 1.87E-04 3.22E-05  0.96925
13571.00 .7368654     4.22E-32 7.78E-28 0.00E+00 0.00E+00 6.93E-06 9.99E-09 1.84E-04 0.00E+00 0.00E+00 9.99E-09 1.84E-04 3.23E-05  0.96658
13581.00 .7363229     4.11E-32 7.58E-28 0.00E+00 0.00E+00 6.87E-06 9.87E-09 1.82E-04 0.00E+00 0.00E+00 9.87E-09 1.82E-04 3.24E-05  0.96584

                           RADIANCE (WATTS/CM2-STER-XXX)   [No STER in TOA SOLAR IRRADIANCE]

  FREQ   WAVELENGTH    PATH_THERMAL    SURFACE_EMISSION  SOL_IRR    SINGLE_SCATTER  GROUND_REFLECTED   TOTAL_RADIANCE  INTEGRAL    TOTAL
 (CM-1) (MICRON)      (CM-1)  (MICRN)   (CM-1)  (MICRN)   (CM-1)   (CM-1)  (MICRN)   (CM-1)  (MICRN)   (CM-1)  (MICRN)             TRANS

13591.00 .7357810     3.59E-32 6.64E-28 0.00E+00 0.00E+00 6.83E-06 9.95E-09 1.84E-04 0.00E+00 0.00E+00 9.95E-09 1.84E-04 3.25E-05  0.96863
13601.00 .7352401     3.64E-32 6.73E-28 0.00E+00 0.00E+00 6.92E-06 1.00E-08 1.85E-04 0.00E+00 0.00E+00 1.00E-08 1.85E-04 3.26E-05  0.96656
13611.00 .7346998     3.47E-32 6.43E-28 0.00E+00 0.00E+00 6.98E-06 1.01E-08 1.87E-04 0.00E+00 0.00E+00 1.01E-08 1.87E-04 3.27E-05  0.96658
13621.00 .7341605     2.87E-32 5.33E-28 0.00E+00 0.00E+00 7.00E-06 1.04E-08 1.92E-04 0.00E+00 0.00E+00 1.04E-08 1.92E-04 3.28E-05  0.97092
13631.00 .7336220     3.63E-32 6.75E-28 0.00E+00 0.00E+00 6.93E-06 9.87E-09 1.83E-04 0.00E+00 0.00E+00 9.87E-09 1.83E-04 3.29E-05  0.96127
13641.00 .7330840     3.19E-32 5.94E-28 0.00E+00 0.00E+00 6.81E-06 9.82E-09 1.83E-04 0.00E+00 0.00E+00 9.82E-09 1.83E-04 3.30E-05  0.96430
13651.00 .7325471     2.95E-32 5.50E-28 0.00E+00 0.00E+00 6.83E-06 9.88E-09 1.84E-04 0.00E+00 0.00E+00 9.88E-09 1.84E-04 3.31E-05  0.96535
13661.00 .7320108     4.22E-32 7.87E-28 0.00E+00 0.00E+00 6.91E-06 9.32E-09 1.74E-04 0.00E+00 0.00E+00 9.32E-09 1.74E-04 3.32E-05  0.94789
13671.00 .7314754     3.95E-32 7.39E-28 0.00E+00 0.00E+00 6.86E-06 9.21E-09 1.72E-04 0.00E+00 0.00E+00 9.21E-09 1.72E-04 3.33E-05  0.94863
13681.00 .7309408     3.85E-32 7.21E-28 0.00E+00 0.00E+00 6.75E-06 9.16E-09 1.71E-04 0.00E+00 0.00E+00 9.16E-09 1.71E-04 3.34E-05  0.94751
13691.00 .7304068     4.34E-32 8.14E-28 0.00E+00 0.00E+00 6.93E-06 9.05E-09 1.70E-04 0.00E+00 0.00E+00 9.05E-09 1.70E-04 3.35E-05  0.93809
13701.00 .7298738     3.01E-32 5.65E-28 0.00E+00 0.00E+00 6.89E-06 9.55E-09 1.79E-04 0.00E+00 0.00E+00 9.55E-09 1.79E-04 3.36E-05  0.95466
13711.00 .7293413     4.55E-32 8.56E-28 0.00E+00 0.00E+00 6.58E-06 8.32E-09 1.56E-04 0.00E+00 0.00E+00 8.32E-09 1.56E-04 3.37E-05  0.92792
13721.00 .7288099     3.05E-32 5.75E-28 0.00E+00 0.00E+00 6.66E-06 9.27E-09 1.74E-04 0.00E+00 0.00E+00 9.27E-09 1.74E-04 3.38E-05  0.94970
13731.00 .7282792     2.99E-32 5.64E-28 0.00E+00 0.00E+00 6.85E-06 9.27E-09 1.75E-04 0.00E+00 0.00E+00 9.27E-09 1.75E-04 3.39E-05  0.94742
13741.00 .7277490     4.51E-32 8.52E-28 0.00E+00 0.00E+00 6.89E-06 8.40E-09 1.59E-04 0.00E+00 0.00E+00 8.40E-09 1.59E-04 3.39E-05  0.91753
13751.00 .7272199     2.77E-32 5.24E-28 0.00E+00 0.00E+00 6.97E-06 9.59E-09 1.81E-04 0.00E+00 0.00E+00 9.59E-09 1.81E-04 3.40E-05  0.94687
13761.00 .7266913     3.61E-32 6.84E-28 0.00E+00 0.00E+00 6.90E-06 8.87E-09 1.68E-04 0.00E+00 0.00E+00 8.87E-09 1.68E-04 3.41E-05  0.92691
13771.00 .7261637     2.49E-32 4.72E-28 0.00E+00 0.00E+00 6.83E-06 9.22E-09 1.75E-04 0.00E+00 0.00E+00 9.22E-09 1.75E-04 3.42E-05  0.94720
13781.00 .7256368     3.31E-32 6.28E-28 0.00E+00 0.00E+00 6.92E-06 8.82E-09 1.68E-04 0.00E+00 0.00E+00 8.82E-09 1.68E-04 3.43E-05  0.92592
13791.00 .7251105     2.60E-32 4.95E-28 0.00E+00 0.00E+00 6.88E-06 9.14E-09 1.74E-04 0.00E+00 0.00E+00 9.14E-09 1.74E-04 3.44E-05  0.93927
13801.00 .7245852     3.34E-32 6.37E-28 0.00E+00 0.00E+00 6.88E-06 8.78E-09 1.67E-04 0.00E+00 0.00E+00 8.78E-09 1.67E-04 3.45E-05  0.91744
13811.00 .7240605     2.77E-32 5.27E-28 0.00E+00 0.00E+00 6.89E-06 9.02E-09 1.72E-04 0.00E+00 0.00E+00 9.02E-09 1.72E-04 3.46E-05  0.92851
13821.00 .7235367     3.19E-32 6.09E-28 0.00E+00 0.00E+00 6.95E-06 8.64E-09 1.65E-04 0.00E+00 0.00E+00 8.64E-09 1.65E-04 3.47E-05  0.91360
13831.00 .7230136     1.58E-32 3.03E-28 0.00E+00 0.00E+00 6.88E-06 9.78E-09 1.87E-04 0.00E+00 0.00E+00 9.78E-09 1.87E-04 3.48E-05  0.95490
13841.00 .7224911     1.39E-32 2.67E-28 0.00E+00 0.00E+00 6.66E-06 9.66E-09 1.85E-04 0.00E+00 0.00E+00 9.66E-09 1.85E-04 3.49E-05  0.95829
13851.00 .7219696     1.22E-32 2.34E-28 0.00E+00 0.00E+00 6.87E-06 9.99E-09 1.92E-04 0.00E+00 0.00E+00 9.99E-09 1.92E-04 3.50E-05  0.96145
13861.00 .7214486     1.15E-32 2.22E-28 0.00E+00 0.00E+00 6.84E-06 1.00E-08 1.92E-04 0.00E+00 0.00E+00 1.00E-08 1.92E-04 3.51E-05  0.96170
13871.00 .7209286     2.04E-32 3.92E-28 0.00E+00 0.00E+00 6.61E-06 8.75E-09 1.68E-04 0.00E+00 0.00E+00 8.75E-09 1.68E-04 3.51E-05  0.92865
13881.00 .7204093     2.66E-32 5.12E-28 0.00E+00 0.00E+00 6.84E-06 8.23E-09 1.59E-04 0.00E+00 0.00E+00 8.23E-09 1.59E-04 3.52E-05  0.90290
13891.00 .7198905     2.05E-32 3.96E-28 0.00E+00 0.00E+00 6.77E-06 8.47E-09 1.64E-04 0.00E+00 0.00E+00 8.47E-09 1.64E-04 3.53E-05  0.92138
13901.00 .7193727     2.21E-32 4.27E-28 0.00E+00 0.00E+00 6.63E-06 8.15E-09 1.58E-04 0.00E+00 0.00E+00 8.15E-09 1.58E-04 3.54E-05  0.91092
13911.00 .7188556     2.59E-32 5.01E-28 0.00E+00 0.00E+00 6.59E-06 7.74E-09 1.50E-04 0.00E+00 0.00E+00 7.74E-09 1.50E-04 3.55E-05  0.88991
13921.00 .7183393     1.84E-32 3.56E-28 0.00E+00 0.00E+00 6.67E-06 8.65E-09 1.68E-04 0.00E+00 0.00E+00 8.65E-09 1.68E-04 3.56E-05  0.91854
13931.00 .7178237     1.67E-32 3.25E-28 0.00E+00 0.00E+00 6.80E-06 8.55E-09 1.66E-04 0.00E+00 0.00E+00 8.55E-09 1.66E-04 3.56E-05  0.92162
13941.00 .7173086     1.43E-32 2.78E-28 0.00E+00 0.00E+00 6.92E-06 8.91E-09 1.73E-04 0.00E+00 0.00E+00 8.91E-09 1.73E-04 3.57E-05  0.92987
13951.00 .7167946     9.43E-33 1.84E-28 0.00E+00 0.00E+00 6.64E-06 9.36E-09 1.82E-04 0.00E+00 0.00E+00 9.36E-09 1.82E-04 3.58E-05  0.95153
13961.00 .7162810     6.08E-33 1.19E-28 0.00E+00 0.00E+00 6.81E-06 1.03E-08 2.00E-04 0.00E+00 0.00E+00 1.03E-08 2.00E-04 3.59E-05  0.96704
13971.00 .7157685     5.42E-33 1.06E-28 0.00E+00 0.00E+00 6.84E-06 1.04E-08 2.04E-04 0.00E+00 0.00E+00 1.04E-08 2.04E-04 3.60E-05  0.96915
13981.00 .7152565     5.31E-33 1.04E-28 0.00E+00 0.00E+00 6.65E-06 1.01E-08 1.97E-04 0.00E+00 0.00E+00 1.01E-08 1.97E-04 3.61E-05  0.96819
13991.00 .7147452     4.79E-33 9.38E-29 0.00E+00 0.00E+00 6.70E-06 1.03E-08 2.01E-04 0.00E+00 0.00E+00 1.03E-08 2.01E-04 3.62E-05  0.96986
14001.00 .7142348     4.44E-33 8.69E-29 0.00E+00 0.00E+00 6.90E-06 1.06E-08 2.08E-04 0.00E+00 0.00E+00 1.06E-08 2.08E-04 3.63E-05  0.97068
14011.00 .7137249     4.13E-33 8.11E-29 0.00E+00 0.00E+00 6.86E-06 1.06E-08 2.09E-04 0.00E+00 0.00E+00 1.06E-08 2.09E-04 3.64E-05  0.97130
14021.00 .7132159     4.02E-33 7.90E-29 0.00E+00 0.00E+00 6.70E-06 1.04E-08 2.04E-04 0.00E+00 0.00E+00 1.04E-08 2.04E-04 3.65E-05  0.97066
14031.00 .7127077     3.69E-33 7.27E-29 0.00E+00 0.00E+00 6.81E-06 1.06E-08 2.08E-04 0.00E+00 0.00E+00 1.06E-08 2.08E-04 3.67E-05  0.97172
14041.00 .7121999     3.56E-33 7.01E-29 0.00E+00 0.00E+00 6.79E-06 1.06E-08 2.08E-04 0.00E+00 0.00E+00 1.06E-08 2.08E-04 3.68E-05  0.97134
14051.00 .7116932     3.35E-33 6.61E-29 0.00E+00 0.00E+00 6.79E-06 1.06E-08 2.09E-04 0.00E+00 0.00E+00 1.06E-08 2.09E-04 3.69E-05  0.97167
14061.00 .7111869     3.25E-33 6.43E-29 0.00E+00 0.00E+00 6.80E-06 1.06E-08 2.09E-04 0.00E+00 0.00E+00 1.06E-08 2.09E-04 3.70E-05  0.97108
14071.00 .7106816     3.13E-33 6.20E-29 0.00E+00 0.00E+00 6.91E-06 1.07E-08 2.13E-04 0.00E+00 0.00E+00 1.07E-08 2.13E-04 3.71E-05  0.97075
14081.00 .7101769     3.01E-33 5.97E-29 0.00E+00 0.00E+00 6.92E-06 1.08E-08 2.13E-04 0.00E+00 0.00E+00 1.08E-08 2.13E-04 3.72E-05  0.97046

                           RADIANCE (WATTS/CM2-STER-XXX)   [No STER in TOA SOLAR IRRADIANCE]

  FREQ   WAVELENGTH    PATH_THERMAL    SURFACE_EMISSION  SOL_IRR    SINGLE_SCATTER  GROUND_REFLECTED   TOTAL_RADIANCE  INTEGRAL    TOTAL
 (CM-1) (MICRON)      (CM-1)  (MICRN)   (CM-1)  (MICRN)   (CM-1)   (CM-1)  (MICRN)   (CM-1)  (MICRN)   (CM-1)  (MICRN)             TRANS

14091.00 .7096728     2.83E-33 5.61E-29 0.00E+00 0.00E+00 6.85E-06 1.07E-08 2.12E-04 0.00E+00 0.00E+00 1.07E-08 2.12E-04 3.73E-05  0.97087
14101.00 .7091696     2.74E-33 5.44E-29 0.00E+00 0.00E+00 6.77E-06 1.05E-08 2.10E-04 0.00E+00 0.00E+00 1.05E-08 2.10E-04 3.74E-05  0.97035
14111.00 .7086669     2.53E-33 5.04E-29 0.00E+00 0.00E+00 6.74E-06 1.06E-08 2.10E-04 0.00E+00 0.00E+00 1.06E-08 2.10E-04 3.75E-05  0.97119
14121.00 .7081652     2.58E-33 5.15E-29 0.00E+00 0.00E+00 6.93E-06 1.07E-08 2.14E-04 0.00E+00 0.00E+00 1.07E-08 2.14E-04 3.76E-05  0.96907
14131.00 .7076641     2.41E-33 4.81E-29 0.00E+00 0.00E+00 6.91E-06 1.08E-08 2.15E-04 0.00E+00 0.00E+00 1.08E-08 2.15E-04 3.77E-05  0.96974
14141.00 .7071635     2.24E-33 4.48E-29 0.00E+00 0.00E+00 6.67E-06 1.04E-08 2.09E-04 0.00E+00 0.00E+00 1.04E-08 2.09E-04 3.78E-05  0.97045
14151.00 .7066639     2.28E-33 4.56E-29 0.00E+00 0.00E+00 6.84E-06 1.06E-08 2.12E-04 0.00E+00 0.00E+00 1.06E-08 2.12E-04 3.79E-05  0.96841
14161.00 .7061648     2.16E-33 4.33E-29 0.00E+00 0.00E+00 6.83E-06 1.06E-08 2.13E-04 0.00E+00 0.00E+00 1.06E-08 2.13E-04 3.80E-05  0.96854
14171.00 .7056665     2.13E-33 4.27E-29 0.00E+00 0.00E+00 6.82E-06 1.05E-08 2.12E-04 0.00E+00 0.00E+00 1.05E-08 2.12E-04 3.81E-05  0.96738
14181.00 .7051690     2.07E-33 4.16E-29 0.00E+00 0.00E+00 6.92E-06 1.07E-08 2.15E-04 0.00E+00 0.00E+00 1.07E-08 2.15E-04 3.82E-05  0.96682
14191.00 .7046719     1.77E-33 3.57E-29 0.00E+00 0.00E+00 6.90E-06 1.08E-08 2.18E-04 0.00E+00 0.00E+00 1.08E-08 2.18E-04 3.84E-05  0.97007
14201.00 .7041758     2.01E-33 4.06E-29 0.00E+00 0.00E+00 6.81E-06 1.04E-08 2.10E-04 0.00E+00 0.00E+00 1.04E-08 2.10E-04 3.85E-05  0.96421
14211.00 .7036802     1.61E-33 3.25E-29 0.00E+00 0.00E+00 6.80E-06 1.07E-08 2.16E-04 0.00E+00 0.00E+00 1.07E-08 2.16E-04 3.86E-05  0.97000
14221.00 .7031855     1.71E-33 3.45E-29 0.00E+00 0.00E+00 6.80E-06 1.05E-08 2.13E-04 0.00E+00 0.00E+00 1.05E-08 2.13E-04 3.87E-05  0.96645
14231.00 .7026914     1.85E-33 3.75E-29 0.00E+00 0.00E+00 6.69E-06 1.01E-08 2.05E-04 0.00E+00 0.00E+00 1.01E-08 2.05E-04 3.88E-05  0.96189
14241.00 .7021978     1.62E-33 3.29E-29 0.00E+00 0.00E+00 6.74E-06 1.04E-08 2.10E-04 0.00E+00 0.00E+00 1.04E-08 2.10E-04 3.89E-05  0.96492
14251.00 .7017052     1.64E-33 3.33E-29 0.00E+00 0.00E+00 6.58E-06 1.01E-08 2.04E-04 0.00E+00 0.00E+00 1.01E-08 2.04E-04 3.90E-05  0.96276
14261.00 .7012131     1.43E-33 2.91E-29 0.00E+00 0.00E+00 6.76E-06 1.05E-08 2.13E-04 0.00E+00 0.00E+00 1.05E-08 2.13E-04 3.91E-05  0.96579
14271.00 .7007218     1.53E-33 3.12E-29 0.00E+00 0.00E+00 6.72E-06 1.02E-08 2.07E-04 0.00E+00 0.00E+00 1.02E-08 2.07E-04 3.92E-05  0.96161
14281.00 .7002312     1.34E-33 2.74E-29 0.00E+00 0.00E+00 6.72E-06 1.04E-08 2.12E-04 0.00E+00 0.00E+00 1.04E-08 2.12E-04 3.92E-05  0.96458

 INTEGRATED ABSORPTION FROM  9091.00 TO 14281.00 CM-1 =    273.8250 CM-1
 AVERAGE TRANSMITTANCE = 0.9472

VOIGT SINGLE LINE SPECTRAL BIN TRANSMITTANCES ARE COMPUTED FROM AN INFINITE SERIES OF MODIFIED
BESSEL FUNCTIONS OF THE FIRST KIND TRUNCATED AFTER AT MOST 8 TERMS (I7).  THE MAXIMUM MAGNITUDE
OF THE 8th TERM WAS  0.00732 AND THIS VALUE OCCURRED AT SPECTRAL FREQUENCY 10590.00 CM-1.

 INTEGRATED TOTAL RADIANCE =  3.9236E-05 WATTS CM-2 STER-1 (FROM  9091.00 TO 14281.00 CM-1 )
 MINIMUM SPECTRAL RADIANCE =  1.3096E-09 WATTS CM-2 STER-1 / CM-1  AT 13141.00 CM-1
 MAXIMUM SPECTRAL RADIANCE =  1.0834E-08 WATTS CM-2 STER-1 / CM-1  AT 14191.00 CM-1

 TARGET-PIXEL (H2) SURFACE TEMPERATURE [K] =      0.000
 AREA-AVERAGED GROUND TEMPERATURE [K]      =    294.200
 TARGET-PIXEL (H2) DIRECTIONAL EMISSIVITY  =      1.000
 AREA-AVERAGED GROUND EMISSIVITY           =      1.000

 CARD 5 *****    0   0       0.  0       0.  0       1.
