T F 2    3    3    0    2    2    2    2    2    2    1    0    0   0.0000.00000
    1    1    1    0    0    0  23.00000   0.00000   0.00000   0.00000   0.00000
 -99.000 -99.000 -99.000
 -99.00000 -99.00000 -99.00000  2.922360  0.000710 ! H2O & O3 COLUMNS [GM/CM2]
   36MID-LATITUDE SUMMER 
  15.00000 100.00000  20.00000  90.37706   0.27369   0.00000    0        0.00000
  -99  -99  172    0
 -99.00000 -99.00000 -99.00000 -99.00000 -99.00000 -99.00000   0.00000 -99.00000
    9080.0   14300.0       1.0       1.0NW        W1    
    0   0    0.000  0    0.000  0    1.000
    FREQ   TRANS     SOL TR  SOLAR
 9080.00  0.9978 6.90E-06 6.91E-06                                                              2.178E-03
 9081.00  0.9978 6.93E-06 6.94E-06                                                              2.202E-03
 9082.00  0.9977 6.91E-06 6.92E-06                                                              2.284E-03
 9083.00  0.9978 6.92E-06 6.93E-06                                                              2.246E-03
 9084.00  0.9978 6.89E-06 6.90E-06                                                              2.178E-03
 9085.00  0.9978 6.88E-06 6.90E-06                                                              2.199E-03
 9086.00  0.9978 6.89E-06 6.90E-06                                                              2.244E-03
 9087.00  0.9978 6.92E-06 6.93E-06                                                              2.188E-03
 9088.00  0.9978 6.90E-06 6.91E-06                                                              2.181E-03
 9089.00  0.9978 6.91E-06 6.92E-06                                                              2.203E-03
 9090.00  0.9978 6.90E-06 6.92E-06                                                              2.186E-03
 9091.00  0.9977 6.90E-06 6.91E-06                                                              2.261E-03
 9092.00  0.9978 6.90E-06 6.91E-06                                                              2.209E-03
 9093.00  0.9976 6.92E-06 6.94E-06                                                              2.416E-03
 9094.00  0.9978 6.92E-06 6.94E-06                                                              2.189E-03
 9095.00  0.9978 6.94E-06 6.96E-06                                                              2.215E-03
 9096.00  0.9978 6.95E-06 6.97E-06                                                              2.200E-03
 9097.00  0.9978 6.92E-06 6.93E-06                                                              2.188E-03
 9098.00  0.9978 6.89E-06 6.91E-06                                                              2.219E-03
 9099.00  0.9978 6.84E-06 6.85E-06                                                              2.204E-03
 9100.00  0.9977 6.79E-06 6.81E-06                                                              2.259E-03
 9101.00  0.9978 6.68E-06 6.69E-06                                                              2.205E-03
 9102.00  0.9978 6.65E-06 6.67E-06                                                              2.193E-03
 9103.00  0.9978 6.54E-06 6.56E-06                                                              2.218E-03
 9104.00  0.9978 6.48E-06 6.50E-06                                                              2.196E-03
 9105.00  0.9978 6.49E-06 6.51E-06                                                              2.197E-03
 9106.00  0.9978 6.61E-06 6.62E-06                                                              2.218E-03
 9107.00  0.9978 6.67E-06 6.68E-06                                                              2.221E-03
 9108.00  0.9977 6.77E-06 6.78E-06                                                              2.267E-03
 9109.00  0.9978 6.90E-06 6.91E-06                                                              2.218E-03
 9110.00  0.9978 6.92E-06 6.93E-06                                                              2.206E-03
 9111.00  0.9978 6.87E-06 6.89E-06                                                              2.249E-03
 9112.00  0.9978 6.86E-06 6.88E-06                                                              2.203E-03
 9113.00  0.9978 6.86E-06 6.88E-06                                                              2.204E-03
 9114.00  0.9978 6.81E-06 6.83E-06                                                              2.209E-03
 9115.00  0.9978 6.65E-06 6.66E-06                                                              2.205E-03
 9116.00  0.9978 6.62E-06 6.63E-06                                                              2.206E-03
 9117.00  0.9978 6.60E-06 6.62E-06                                                              2.207E-03
 9118.00  0.9978 6.61E-06 6.62E-06                                                              2.208E-03
 9119.00  0.9978 6.68E-06 6.69E-06                                                              2.210E-03
 9120.00  0.9978 6.85E-06 6.87E-06                                                              2.218E-03
 9121.00  0.9978 6.90E-06 6.91E-06                                                              2.212E-03
 9122.00  0.9977 6.79E-06 6.81E-06                                                              2.258E-03
 9123.00  0.9978 6.79E-06 6.81E-06                                                              2.219E-03
 9124.00  0.9977 6.77E-06 6.78E-06                                                              2.266E-03
 9125.00  0.9977 6.67E-06 6.68E-06                                                              2.296E-03
 9126.00  0.9978 6.64E-06 6.65E-06                                                              2.237E-03
 9127.00  0.9978 6.75E-06 6.76E-06                                                              2.215E-03
 9128.00  0.9978 6.75E-06 6.77E-06                                                              2.222E-03
 9129.00  0.9978 6.74E-06 6.75E-06                                                              2.222E-03
 9130.00  0.9978 6.80E-06 6.82E-06                                                              2.222E-03
 9131.00  0.9978 6.83E-06 6.84E-06                                                              2.231E-03
 9132.00  0.9978 6.81E-06 6.83E-06                                                              2.232E-03
 9133.00  0.9977 6.78E-06 6.80E-06                                                              2.327E-03
 9134.00  0.9978 6.76E-06 6.77E-06                                                              2.227E-03
 9135.00  0.9978 6.71E-06 6.73E-06                                                              2.242E-03
 9136.00  0.9978 6.61E-06 6.62E-06                                                              2.239E-03
 9137.00  0.9978 6.43E-06 6.45E-06                                                              2.226E-03
 9138.00  0.9978 6.19E-06 6.20E-06                                                              2.233E-03
 9139.00  0.9978 6.06E-06 6.07E-06                                                              2.229E-03
 9140.00  0.9978 6.03E-06 6.04E-06                                                              2.230E-03
 9141.00  0.9978 6.08E-06 6.10E-06                                                              2.232E-03
 9142.00  0.9978 6.24E-06 6.25E-06                                                              2.250E-03
 9143.00  0.9978 6.49E-06 6.50E-06                                                              2.231E-03
 9144.00  0.9978 6.64E-06 6.66E-06                                                              2.235E-03
 9145.00  0.9978 6.72E-06 6.73E-06                                                              2.231E-03
 9146.00  0.9978 6.76E-06 6.78E-06                                                              2.252E-03
 9147.00  0.9978 6.79E-06 6.80E-06                                                              2.232E-03
 9148.00  0.9978 6.79E-06 6.81E-06                                                              2.234E-03
 9149.00  0.9978 6.82E-06 6.83E-06                                                              2.238E-03
 9150.00  0.9977 6.85E-06 6.87E-06                                                              2.259E-03
 9151.00  0.9977 6.89E-06 6.90E-06                                                              2.319E-03
 9152.00  0.9978 6.92E-06 6.93E-06                                                              2.242E-03
 9153.00  0.9976 6.96E-06 6.98E-06                                                              2.428E-03
 9154.00  0.9978 6.96E-06 6.98E-06                                                              2.241E-03
 9155.00  0.9978 6.97E-06 6.99E-06                                                              2.242E-03
 9156.00  0.9978 6.96E-06 6.97E-06                                                              2.240E-03
 9157.00  0.9978 6.85E-06 6.87E-06                                                              2.244E-03
 9158.00  0.9978 6.81E-06 6.82E-06                                                              2.241E-03
 9159.00  0.9978 6.81E-06 6.83E-06                                                              2.245E-03
 9160.00  0.9978 6.82E-06 6.83E-06                                                              2.243E-03
 9161.00  0.9978 6.84E-06 6.85E-06                                                              2.245E-03
 9162.00  0.9978 6.95E-06 6.96E-06                                                              2.248E-03
 9163.00  0.9978 7.01E-06 7.02E-06                                                              2.248E-03
 9164.00  0.9978 7.01E-06 7.03E-06                                                              2.252E-03
 9165.00  0.9978 6.99E-06 7.00E-06                                                              2.249E-03
 9166.00  0.9978 6.98E-06 7.00E-06                                                              2.250E-03
 9167.00  0.9978 6.99E-06 7.01E-06                                                              2.252E-03
 9168.00  0.9977 6.99E-06 7.01E-06                                                              2.255E-03
 9169.00  0.9977 7.00E-06 7.02E-06                                                              2.280E-03
 9170.00  0.9977 7.03E-06 7.05E-06                                                              2.256E-03
 9171.00  0.9976 7.03E-06 7.05E-06                                                              2.360E-03
 9172.00  0.9977 7.01E-06 7.03E-06                                                              2.258E-03
 9173.00  0.9977 6.94E-06 6.96E-06                                                              2.277E-03
 9174.00  0.9977 6.91E-06 6.92E-06                                                              2.261E-03
 9175.00  0.9977 6.89E-06 6.91E-06                                                              2.261E-03
 9176.00  0.9977 6.89E-06 6.90E-06                                                              2.263E-03
 9177.00  0.9977 6.87E-06 6.88E-06                                                              2.262E-03
 9178.00  0.9977 6.93E-06 6.94E-06                                                              2.297E-03
 9179.00  0.9977 6.96E-06 6.98E-06                                                              2.268E-03
 9180.00  0.9977 6.97E-06 6.98E-06                                                              2.268E-03
 9181.00  0.9977 6.94E-06 6.96E-06                                                              2.295E-03
 9182.00  0.9977 6.84E-06 6.86E-06                                                              2.268E-03
 9183.00  0.9977 6.76E-06 6.78E-06                                                              2.275E-03
 9184.00  0.9977 6.68E-06 6.70E-06                                                              2.270E-03
 9185.00  0.9977 6.65E-06 6.67E-06                                                              2.271E-03
 9186.00  0.9977 6.67E-06 6.69E-06                                                              2.272E-03
 9187.00  0.9977 6.81E-06 6.83E-06                                                              2.291E-03
 9188.00  0.9977 6.90E-06 6.92E-06                                                              2.274E-03
 9189.00  0.9977 6.98E-06 7.00E-06                                                              2.275E-03
 9190.00  0.9977 7.02E-06 7.04E-06                                                              2.276E-03
 9191.00  0.9977 7.02E-06 7.04E-06                                                              2.277E-03
 9192.00  0.9977 7.02E-06 7.04E-06                                                              2.279E-03
 9193.00  0.9977 7.00E-06 7.02E-06                                                              2.288E-03
 9194.00  0.9977 6.96E-06 6.97E-06                                                              2.280E-03
 9195.00  0.9977 6.75E-06 6.76E-06                                                              2.281E-03
 9196.00  0.9977 6.45E-06 6.46E-06                                                              2.282E-03
 9197.00  0.9977 6.39E-06 6.40E-06                                                              2.283E-03
 9198.00  0.9977 6.40E-06 6.42E-06                                                              2.294E-03
 9199.00  0.9977 6.45E-06 6.47E-06                                                              2.306E-03
 9200.00  0.9977 6.64E-06 6.65E-06                                                              2.286E-03
 9201.00  0.9977 6.84E-06 6.86E-06                                                              2.287E-03
 9202.00  0.9977 6.88E-06 6.90E-06                                                              2.288E-03
 9203.00  0.9977 6.89E-06 6.90E-06                                                              2.294E-03
 9204.00  0.9977 6.89E-06 6.90E-06                                                              2.290E-03
 9205.00  0.9977 6.92E-06 6.93E-06                                                              2.292E-03
 9206.00  0.9976 7.01E-06 7.03E-06                                                              2.429E-03
 9207.00  0.9977 7.04E-06 7.06E-06                                                              2.296E-03
 9208.00  0.9977 7.05E-06 7.06E-06                                                              2.344E-03
 9209.00  0.9977 7.05E-06 7.07E-06                                                              2.295E-03
 9210.00  0.9977 7.05E-06 7.07E-06                                                              2.296E-03
 9211.00  0.9977 7.05E-06 7.06E-06                                                              2.297E-03
 9212.00  0.9977 7.04E-06 7.06E-06                                                              2.301E-03
 9213.00  0.9977 7.04E-06 7.06E-06                                                              2.301E-03
 9214.00  0.9977 7.04E-06 7.06E-06                                                              2.303E-03
 9215.00  0.9977 7.04E-06 7.05E-06                                                              2.304E-03
 9216.00  0.9977 7.02E-06 7.04E-06                                                              2.302E-03
 9217.00  0.9977 6.90E-06 6.92E-06                                                              2.304E-03
 9218.00  0.9977 6.88E-06 6.89E-06                                                              2.304E-03
 9219.00  0.9977 6.88E-06 6.89E-06                                                              2.305E-03
 9220.00  0.9977 6.88E-06 6.90E-06                                                              2.325E-03
 9221.00  0.9977 6.89E-06 6.90E-06                                                              2.307E-03
 9222.00  0.9977 7.00E-06 7.02E-06                                                              2.312E-03
 9223.00  0.9977 7.02E-06 7.04E-06                                                              2.310E-03
 9224.00  0.9977 7.02E-06 7.03E-06                                                              2.318E-03
 9225.00  0.9977 6.96E-06 6.98E-06                                                              2.313E-03
 9226.00  0.9977 6.96E-06 6.98E-06                                                              2.313E-03
 9227.00  0.9977 6.97E-06 6.98E-06                                                              2.314E-03
 9228.00  0.9977 6.96E-06 6.97E-06                                                              2.334E-03
 9229.00  0.9976 6.93E-06 6.94E-06                                                              2.370E-03
 9230.00  0.9977 6.93E-06 6.95E-06                                                              2.319E-03
 9231.00  0.9977 6.76E-06 6.77E-06                                                              2.319E-03
 9232.00  0.9977 6.54E-06 6.55E-06                                                              2.320E-03
 9233.00  0.9977 6.50E-06 6.52E-06                                                              2.321E-03
 9234.00  0.9977 6.53E-06 6.55E-06                                                              2.323E-03
 9235.00  0.9977 6.56E-06 6.58E-06                                                              2.324E-03
 9236.00  0.9977 6.69E-06 6.71E-06                                                              2.325E-03
 9237.00  0.9977 6.80E-06 6.81E-06                                                              2.326E-03
 9238.00  0.9977 6.81E-06 6.83E-06                                                              2.328E-03
 9239.00  0.9977 6.76E-06 6.78E-06                                                              2.329E-03
 9240.00  0.9977 6.75E-06 6.77E-06                                                              2.330E-03
 9241.00  0.9977 6.81E-06 6.82E-06                                                              2.331E-03
 9242.00  0.9977 6.93E-06 6.95E-06                                                              2.335E-03
 9243.00  0.9977 6.95E-06 6.97E-06                                                              2.343E-03
 9244.00  0.9977 6.95E-06 6.97E-06                                                              2.335E-03
 9245.00  0.9977 6.72E-06 6.74E-06                                                              2.337E-03
 9246.00  0.9977 6.64E-06 6.65E-06                                                              2.343E-03
 9247.00  0.9976 6.59E-06 6.61E-06                                                              2.364E-03
 9248.00  0.9977 6.59E-06 6.61E-06                                                              2.341E-03
 9249.00  0.9977 6.65E-06 6.67E-06                                                              2.343E-03
 9250.00  0.9977 6.91E-06 6.93E-06                                                              2.352E-03
 9251.00  0.9977 7.00E-06 7.01E-06                                                              2.348E-03
 9252.00  0.9977 7.02E-06 7.04E-06                                                              2.346E-03
 9253.00  0.9977 7.02E-06 7.04E-06                                                              2.348E-03
 9254.00  0.9976 7.02E-06 7.03E-06                                                              2.358E-03
 9255.00  0.9977 7.01E-06 7.03E-06                                                              2.351E-03
 9256.00  0.9977 7.00E-06 7.02E-06                                                              2.353E-03
 9257.00  0.9976 7.01E-06 7.03E-06                                                              2.395E-03
 9258.00  0.9976 7.00E-06 7.01E-06                                                              2.356E-03
 9259.00  0.9976 7.00E-06 7.01E-06                                                              2.358E-03
 9260.00  0.9976 7.01E-06 7.02E-06                                                              2.359E-03
 9261.00  0.9976 7.02E-06 7.04E-06                                                              2.364E-03
 9262.00  0.9976 7.03E-06 7.05E-06                                                              2.362E-03
 9263.00  0.9976 7.06E-06 7.08E-06                                                              2.367E-03
 9264.00  0.9976 7.07E-06 7.08E-06                                                              2.380E-03
 9265.00  0.9976 7.03E-06 7.04E-06                                                              2.368E-03
 9266.00  0.9976 6.82E-06 6.84E-06                                                              2.369E-03
 9267.00  0.9976 6.77E-06 6.78E-06                                                              2.371E-03
 9268.00  0.9976 6.68E-06 6.70E-06                                                              2.373E-03
 9269.00  0.9976 6.60E-06 6.61E-06                                                              2.375E-03
 9270.00  0.9976 6.60E-06 6.62E-06                                                              2.376E-03
 9271.00  0.9976 6.78E-06 6.80E-06                                                              2.379E-03
 9272.00  0.9976 6.83E-06 6.85E-06                                                              2.382E-03
 9273.00  0.9976 6.92E-06 6.93E-06                                                              2.386E-03
 9274.00  0.9976 7.01E-06 7.02E-06                                                              2.384E-03
 9275.00  0.9976 7.04E-06 7.06E-06                                                              2.388E-03
 9276.00  0.9976 7.06E-06 7.07E-06                                                              2.388E-03
 9277.00  0.9976 7.06E-06 7.08E-06                                                              2.390E-03
 9278.00  0.9976 7.06E-06 7.07E-06                                                              2.414E-03
 9279.00  0.9976 7.05E-06 7.07E-06                                                              2.394E-03
 9280.00  0.9976 7.05E-06 7.07E-06                                                              2.405E-03
 9281.00  0.9976 7.04E-06 7.06E-06                                                              2.429E-03
 9282.00  0.9976 7.01E-06 7.03E-06                                                              2.401E-03
 9283.00  0.9976 6.99E-06 7.00E-06                                                              2.409E-03
 9284.00  0.9976 6.95E-06 6.97E-06                                                              2.408E-03
 9285.00  0.9976 6.95E-06 6.96E-06                                                              2.408E-03
 9286.00  0.9976 6.96E-06 6.98E-06                                                              2.410E-03
 9287.00  0.9976 7.00E-06 7.01E-06                                                              2.413E-03
 9288.00  0.9976 7.02E-06 7.04E-06                                                              2.414E-03
 9289.00  0.9976 7.06E-06 7.08E-06                                                              2.416E-03
 9290.00  0.9976 7.07E-06 7.08E-06                                                              2.433E-03
 9291.00  0.9976 7.07E-06 7.08E-06                                                              2.453E-03
 9292.00  0.9976 7.07E-06 7.09E-06                                                              2.435E-03
 9293.00  0.9976 7.07E-06 7.08E-06                                                              2.426E-03
 9294.00  0.9976 7.02E-06 7.03E-06                                                              2.430E-03
 9295.00  0.9976 6.94E-06 6.96E-06                                                              2.432E-03
 9296.00  0.9976 6.93E-06 6.94E-06                                                              2.435E-03
 9297.00  0.9976 6.89E-06 6.91E-06                                                              2.438E-03
 9298.00  0.9976 6.70E-06 6.71E-06                                                              2.441E-03
 9299.00  0.9975 6.68E-06 6.69E-06                                                              2.461E-03
 9300.00  0.9976 6.74E-06 6.75E-06                                                              2.446E-03
 9301.00  0.9975 6.72E-06 6.74E-06                                                              2.469E-03
 9302.00  0.9976 6.70E-06 6.72E-06                                                              2.452E-03
 9303.00  0.9975 6.89E-06 6.90E-06                                                              2.457E-03
 9304.00  0.9975 6.94E-06 6.96E-06                                                              2.505E-03
 9305.00  0.9975 6.93E-06 6.94E-06                                                              2.474E-03
 9306.00  0.9975 6.95E-06 6.96E-06                                                              2.465E-03
 9307.00  0.9975 7.00E-06 7.02E-06                                                              2.500E-03
 9308.00  0.9975 7.02E-06 7.03E-06                                                              2.472E-03
 9309.00  0.9975 7.03E-06 7.05E-06                                                              2.510E-03
 9310.00  0.9975 7.05E-06 7.07E-06                                                              2.479E-03
 9311.00  0.9975 7.07E-06 7.08E-06                                                              2.482E-03
 9312.00  0.9975 7.06E-06 7.08E-06                                                              2.486E-03
 9313.00  0.9975 7.04E-06 7.06E-06                                                              2.489E-03
 9314.00  0.9975 7.02E-06 7.04E-06                                                              2.494E-03
 9315.00  0.9975 6.95E-06 6.97E-06                                                              2.545E-03
 9316.00  0.9975 6.85E-06 6.87E-06                                                              2.501E-03
 9317.00  0.9974 6.69E-06 6.71E-06                                                              2.601E-03
 9318.00  0.9975 6.64E-06 6.65E-06                                                              2.509E-03
 9319.00  0.9975 6.61E-06 6.63E-06                                                              2.511E-03
 9320.00  0.9975 6.68E-06 6.70E-06                                                              2.519E-03
 9321.00  0.9975 6.78E-06 6.80E-06                                                              2.520E-03
 9322.00  0.9975 6.95E-06 6.96E-06                                                              2.524E-03
 9323.00  0.9974 7.02E-06 7.04E-06                                                              2.601E-03
 9324.00  0.9975 7.06E-06 7.08E-06                                                              2.534E-03
 9325.00  0.9974 7.05E-06 7.07E-06                                                              2.623E-03
 9326.00  0.9975 6.98E-06 7.00E-06                                                              2.543E-03
 9327.00  0.9975 6.97E-06 6.99E-06                                                              2.548E-03
 9328.00  0.9975 6.97E-06 6.99E-06                                                              2.553E-03
 9329.00  0.9974 6.97E-06 6.99E-06                                                              2.595E-03
 9330.00  0.9974 6.98E-06 7.00E-06                                                              2.652E-03
 9331.00  0.9974 7.04E-06 7.06E-06                                                              2.568E-03
 9332.00  0.9973 7.06E-06 7.07E-06                                                              2.681E-03
 9333.00  0.9974 7.06E-06 7.08E-06                                                              2.578E-03
 9334.00  0.9974 7.03E-06 7.05E-06                                                              2.583E-03
 9335.00  0.9974 6.92E-06 6.93E-06                                                              2.588E-03
 9336.00  0.9974 6.90E-06 6.92E-06                                                              2.594E-03
 9337.00  0.9973 6.89E-06 6.91E-06                                                              2.700E-03
 9338.00  0.9974 6.89E-06 6.91E-06                                                              2.605E-03
 9339.00  0.9973 6.91E-06 6.93E-06                                                              2.737E-03
 9340.00  0.9974 7.03E-06 7.05E-06                                                              2.617E-03
 9341.00  0.9974 7.05E-06 7.06E-06                                                              2.621E-03
 9342.00  0.9974 7.05E-06 7.07E-06                                                              2.651E-03
 9343.00  0.9974 7.05E-06 7.07E-06                                                              2.634E-03
 9344.00  0.9973 7.05E-06 7.07E-06                                                              2.737E-03
 9345.00  0.9973 7.03E-06 7.04E-06                                                              2.657E-03
 9346.00  0.9972 6.89E-06 6.90E-06                                                              2.779E-03
 9347.00  0.9973 6.85E-06 6.87E-06                                                              2.658E-03
 9348.00  0.9973 6.79E-06 6.81E-06                                                              2.665E-03
 9349.00  0.9973 6.58E-06 6.59E-06                                                              2.690E-03
 9350.00  0.9973 6.43E-06 6.45E-06                                                              2.677E-03
 9351.00  0.9972 6.54E-06 6.55E-06                                                              2.764E-03
 9352.00  0.9973 6.56E-06 6.58E-06                                                              2.729E-03
 9353.00  0.9972 6.59E-06 6.61E-06                                                              2.796E-03
 9354.00  0.9973 6.68E-06 6.70E-06                                                              2.724E-03
 9355.00  0.9972 6.79E-06 6.81E-06                                                              2.779E-03
 9356.00  0.9973 6.65E-06 6.67E-06                                                              2.737E-03
 9357.00  0.9971 6.62E-06 6.64E-06                                                              2.879E-03
 9358.00  0.9973 6.64E-06 6.65E-06                                                              2.721E-03
 9359.00  0.9970 6.77E-06 6.79E-06                                                              3.024E-03
 9360.00  0.9973 6.84E-06 6.85E-06                                                              2.733E-03
 9361.00  0.9969 7.00E-06 7.02E-06                                                              3.087E-03
 9362.00  0.9973 7.05E-06 7.07E-06                                                              2.746E-03
 9363.00  0.9968 7.06E-06 7.08E-06                                                              3.176E-03
 9364.00  0.9968 7.06E-06 7.09E-06                                                              3.180E-03
 9365.00  0.9967 7.06E-06 7.08E-06                                                              3.306E-03
 9366.00  0.9971 7.05E-06 7.07E-06                                                              2.947E-03
 9367.00  0.9970 7.04E-06 7.07E-06                                                              2.957E-03
 9368.00  0.9971 7.05E-06 7.07E-06                                                              2.879E-03
 9369.00  0.9972 7.05E-06 7.07E-06                                                              2.778E-03
 9370.00  0.9972 7.03E-06 7.05E-06                                                              2.800E-03
 9371.00  0.9970 7.04E-06 7.06E-06                                                              3.007E-03
 9372.00  0.9972 7.04E-06 7.06E-06                                                              2.794E-03
 9373.00  0.9971 7.04E-06 7.06E-06                                                              2.888E-03
 9374.00  0.9972 7.01E-06 7.03E-06                                                              2.800E-03
 9375.00  0.9972 6.85E-06 6.87E-06                                                              2.823E-03
 9376.00  0.9972 6.75E-06 6.77E-06                                                              2.807E-03
 9377.00  0.9969 6.72E-06 6.74E-06                                                              3.076E-03
 9378.00  0.9972 6.72E-06 6.73E-06                                                              2.810E-03
 9379.00  0.9970 6.74E-06 6.76E-06                                                              2.981E-03
 9380.00  0.9972 6.92E-06 6.94E-06                                                              2.830E-03
 9381.00  0.9972 7.03E-06 7.05E-06                                                              2.815E-03
 9382.00  0.9968 7.06E-06 7.08E-06                                                              3.238E-03
 9383.00  0.9972 7.07E-06 7.09E-06                                                              2.815E-03
 9384.00  0.9970 7.07E-06 7.09E-06                                                              3.016E-03
 9385.00  0.9972 7.07E-06 7.09E-06                                                              2.815E-03
 9386.00  0.9969 7.07E-06 7.09E-06                                                              3.070E-03
 9387.00  0.9972 7.06E-06 7.08E-06                                                              2.821E-03
 9388.00  0.9970 7.06E-06 7.08E-06                                                              3.007E-03
 9389.00  0.9972 7.06E-06 7.08E-06                                                              2.814E-03
 9390.00  0.9972 7.07E-06 7.09E-06                                                              2.816E-03
 9391.00  0.9970 7.07E-06 7.09E-06                                                              3.029E-03
 9392.00  0.9972 7.08E-06 7.10E-06                                                              2.813E-03
 9393.00  0.9969 7.08E-06 7.10E-06                                                              3.150E-03
 9394.00  0.9972 7.08E-06 7.10E-06                                                              2.823E-03
 9395.00  0.9970 7.08E-06 7.10E-06                                                              2.987E-03
 9396.00  0.9972 7.08E-06 7.10E-06                                                              2.805E-03
 9397.00  0.9970 7.07E-06 7.09E-06                                                              2.963E-03
 9398.00  0.9971 7.08E-06 7.10E-06                                                              2.937E-03
 9399.00  0.9972 7.08E-06 7.10E-06                                                              2.821E-03
 9400.00  0.9971 7.05E-06 7.07E-06                                                              2.920E-03
 9401.00  0.9972 7.05E-06 7.07E-06                                                              2.817E-03
 9402.00  0.9971 7.04E-06 7.06E-06                                                              2.887E-03
 9403.00  0.9970 7.04E-06 7.06E-06                                                              2.979E-03
 9404.00  0.9971 7.01E-06 7.03E-06                                                              2.871E-03
 9405.00  0.9972 6.88E-06 6.89E-06                                                              2.851E-03
 9406.00  0.9972 6.85E-06 6.87E-06                                                              2.799E-03
 9407.00  0.9972 6.86E-06 6.88E-06                                                              2.836E-03
 9408.00  0.9972 6.86E-06 6.88E-06                                                              2.816E-03
 9409.00  0.9972 6.90E-06 6.91E-06                                                              2.786E-03
 9410.00  0.9972 7.06E-06 7.08E-06                                                              2.820E-03
 9411.00  0.9972 7.09E-06 7.11E-06                                                              2.783E-03
 9412.00  0.9972 7.09E-06 7.11E-06                                                              2.799E-03
 9413.00  0.9971 7.09E-06 7.11E-06                                                              2.925E-03
 9414.00  0.9972 7.07E-06 7.09E-06                                                              2.781E-03
 9415.00  0.9972 7.04E-06 7.06E-06                                                              2.784E-03
 9416.00  0.9972 7.03E-06 7.05E-06                                                              2.777E-03
 9417.00  0.9972 7.04E-06 7.05E-06                                                              2.777E-03
 9418.00  0.9972 7.03E-06 7.05E-06                                                              2.775E-03
 9419.00  0.9972 7.00E-06 7.02E-06                                                              2.774E-03
 9420.00  0.9972 7.02E-06 7.04E-06                                                              2.772E-03
 9421.00  0.9972 7.03E-06 7.05E-06                                                              2.771E-03
 9422.00  0.9972 7.03E-06 7.05E-06                                                              2.771E-03
 9423.00  0.9971 7.03E-06 7.05E-06                                                              2.889E-03
 9424.00  0.9972 7.06E-06 7.08E-06                                                              2.770E-03
 9425.00  0.9972 6.98E-06 7.00E-06                                                              2.768E-03
 9426.00  0.9972 6.78E-06 6.80E-06                                                              2.768E-03
 9427.00  0.9972 6.71E-06 6.73E-06                                                              2.767E-03
 9428.00  0.9972 6.71E-06 6.73E-06                                                              2.765E-03
 9429.00  0.9972 6.72E-06 6.74E-06                                                              2.765E-03
 9430.00  0.9972 6.81E-06 6.83E-06                                                              2.764E-03
 9431.00  0.9972 7.01E-06 7.03E-06                                                              2.763E-03
 9432.00  0.9972 7.07E-06 7.09E-06                                                              2.763E-03
 9433.00  0.9972 7.08E-06 7.10E-06                                                              2.853E-03
 9434.00  0.9972 7.09E-06 7.11E-06                                                              2.761E-03
 9435.00  0.9972 7.07E-06 7.09E-06                                                              2.760E-03
 9436.00  0.9972 7.07E-06 7.09E-06                                                              2.759E-03
 9437.00  0.9972 7.07E-06 7.09E-06                                                              2.758E-03
 9438.00  0.9972 7.07E-06 7.09E-06                                                              2.756E-03
 9439.00  0.9972 7.07E-06 7.09E-06                                                              2.756E-03
 9440.00  0.9972 7.07E-06 7.09E-06                                                              2.754E-03
 9441.00  0.9973 7.06E-06 7.08E-06                                                              2.752E-03
 9442.00  0.9972 6.94E-06 6.96E-06                                                              2.813E-03
 9443.00  0.9973 6.70E-06 6.72E-06                                                              2.748E-03
 9444.00  0.9973 6.65E-06 6.67E-06                                                              2.745E-03
 9445.00  0.9973 6.61E-06 6.63E-06                                                              2.743E-03
 9446.00  0.9973 6.60E-06 6.62E-06                                                              2.740E-03
 9447.00  0.9973 6.71E-06 6.73E-06                                                              2.738E-03
 9448.00  0.9973 6.95E-06 6.97E-06                                                              2.735E-03
 9449.00  0.9973 6.99E-06 7.01E-06                                                              2.733E-03
 9450.00  0.9973 7.02E-06 7.04E-06                                                              2.730E-03
 9451.00  0.9972 7.04E-06 7.06E-06                                                              2.769E-03
 9452.00  0.9973 7.04E-06 7.06E-06                                                              2.726E-03
 9453.00  0.9973 7.05E-06 7.06E-06                                                              2.723E-03
 9454.00  0.9973 7.04E-06 7.06E-06                                                              2.722E-03
 9455.00  0.9973 7.07E-06 7.09E-06                                                              2.718E-03
 9456.00  0.9973 7.08E-06 7.10E-06                                                              2.715E-03
 9457.00  0.9973 7.08E-06 7.10E-06                                                              2.713E-03
 9458.00  0.9973 7.08E-06 7.10E-06                                                              2.712E-03
 9459.00  0.9973 7.08E-06 7.10E-06                                                              2.708E-03
 9460.00  0.9973 7.08E-06 7.09E-06                                                              2.730E-03
 9461.00  0.9973 7.07E-06 7.09E-06                                                              2.705E-03
 9462.00  0.9973 7.07E-06 7.09E-06                                                              2.700E-03
 9463.00  0.9973 7.07E-06 7.09E-06                                                              2.697E-03
 9464.00  0.9973 7.06E-06 7.08E-06                                                              2.699E-03
 9465.00  0.9973 7.07E-06 7.09E-06                                                              2.690E-03
 9466.00  0.9973 7.07E-06 7.09E-06                                                              2.691E-03
 9467.00  0.9973 7.06E-06 7.08E-06                                                              2.691E-03
 9468.00  0.9973 7.06E-06 7.08E-06                                                              2.698E-03
 9469.00  0.9973 7.06E-06 7.08E-06                                                              2.681E-03
 9470.00  0.9973 7.06E-06 7.08E-06                                                              2.678E-03
 9471.00  0.9973 7.07E-06 7.09E-06                                                              2.685E-03
 9472.00  0.9973 7.08E-06 7.10E-06                                                              2.673E-03
 9473.00  0.9973 7.08E-06 7.10E-06                                                              2.671E-03
 9474.00  0.9973 7.08E-06 7.10E-06                                                              2.682E-03
 9475.00  0.9973 7.08E-06 7.10E-06                                                              2.667E-03
 9476.00  0.9973 7.08E-06 7.10E-06                                                              2.672E-03
 9477.00  0.9973 7.07E-06 7.09E-06                                                              2.680E-03
 9478.00  0.9973 7.07E-06 7.08E-06                                                              2.661E-03
 9479.00  0.9973 7.07E-06 7.09E-06                                                              2.659E-03
 9480.00  0.9973 7.07E-06 7.09E-06                                                              2.682E-03
 9481.00  0.9973 7.06E-06 7.08E-06                                                              2.656E-03
 9482.00  0.9973 7.06E-06 7.08E-06                                                              2.687E-03
 9483.00  0.9974 7.06E-06 7.08E-06                                                              2.653E-03
 9484.00  0.9974 7.07E-06 7.08E-06                                                              2.653E-03
 9485.00  0.9973 7.07E-06 7.09E-06                                                              2.690E-03
 9486.00  0.9974 7.07E-06 7.09E-06                                                              2.650E-03
 9487.00  0.9974 7.06E-06 7.08E-06                                                              2.649E-03
 9488.00  0.9973 7.06E-06 7.08E-06                                                              2.698E-03
 9489.00  0.9974 7.04E-06 7.06E-06                                                              2.645E-03
 9490.00  0.9973 6.96E-06 6.97E-06                                                              2.709E-03
 9491.00  0.9974 6.94E-06 6.96E-06                                                              2.642E-03
 9492.00  0.9974 6.93E-06 6.95E-06                                                              2.642E-03
 9493.00  0.9973 6.93E-06 6.94E-06                                                              2.716E-03
 9494.00  0.9974 6.94E-06 6.96E-06                                                              2.639E-03
 9495.00  0.9973 7.03E-06 7.05E-06                                                              2.723E-03
 9496.00  0.9974 7.05E-06 7.07E-06                                                              2.636E-03
 9497.00  0.9974 7.08E-06 7.10E-06                                                              2.635E-03
 9498.00  0.9973 7.09E-06 7.11E-06                                                              2.732E-03
 9499.00  0.9974 7.09E-06 7.11E-06                                                              2.633E-03
 9500.00  0.9973 7.08E-06 7.10E-06                                                              2.740E-03
 9501.00  0.9974 7.08E-06 7.10E-06                                                              2.631E-03
 9502.00  0.9973 7.08E-06 7.10E-06                                                              2.745E-03
 9503.00  0.9974 7.02E-06 7.04E-06                                                              2.630E-03
 9504.00  0.9973 7.00E-06 7.02E-06                                                              2.746E-03
 9505.00  0.9974 7.01E-06 7.03E-06                                                              2.629E-03
 9506.00  0.9973 7.01E-06 7.03E-06                                                              2.744E-03
 9507.00  0.9974 7.02E-06 7.04E-06                                                              2.629E-03
 9508.00  0.9973 7.07E-06 7.09E-06                                                              2.737E-03
 9509.00  0.9974 7.08E-06 7.10E-06                                                              2.629E-03
 9510.00  0.9973 7.06E-06 7.08E-06                                                              2.724E-03
 9511.00  0.9974 7.06E-06 7.08E-06                                                              2.629E-03
 9512.00  0.9973 7.06E-06 7.08E-06                                                              2.706E-03
 9513.00  0.9974 7.06E-06 7.08E-06                                                              2.629E-03
 9514.00  0.9973 7.06E-06 7.08E-06                                                              2.683E-03
 9515.00  0.9973 7.08E-06 7.10E-06                                                              2.656E-03
 9516.00  0.9974 7.08E-06 7.10E-06                                                              2.628E-03
 9517.00  0.9974 7.06E-06 7.08E-06                                                              2.628E-03
 9518.00  0.9974 7.04E-06 7.06E-06                                                              2.643E-03
 9519.00  0.9973 7.05E-06 7.06E-06                                                              2.671E-03
 9520.00  0.9974 7.05E-06 7.07E-06                                                              2.629E-03
 9521.00  0.9973 7.05E-06 7.07E-06                                                              2.697E-03
 9522.00  0.9973 7.06E-06 7.08E-06                                                              2.719E-03
 9523.00  0.9973 7.04E-06 7.05E-06                                                              2.737E-03
 9524.00  0.9973 7.03E-06 7.05E-06                                                              2.749E-03
 9525.00  0.9972 7.03E-06 7.05E-06                                                              2.755E-03
 9526.00  0.9972 7.03E-06 7.05E-06                                                              2.757E-03
 9527.00  0.9973 7.04E-06 7.06E-06                                                              2.753E-03
 9528.00  0.9973 7.08E-06 7.10E-06                                                              2.745E-03
 9529.00  0.9973 7.09E-06 7.11E-06                                                              2.735E-03
 9530.00  0.9972 7.10E-06 7.12E-06                                                              2.801E-03
 9531.00  0.9972 7.09E-06 7.11E-06                                                              2.793E-03
 9532.00  0.9973 7.06E-06 7.08E-06                                                              2.741E-03
 9533.00  0.9974 7.06E-06 7.08E-06                                                              2.628E-03
 9534.00  0.9974 7.05E-06 7.07E-06                                                              2.628E-03
 9535.00  0.9974 7.04E-06 7.06E-06                                                              2.627E-03
 9536.00  0.9974 7.04E-06 7.06E-06                                                              2.627E-03
 9537.00  0.9974 7.08E-06 7.10E-06                                                              2.627E-03
 9538.00  0.9974 7.08E-06 7.10E-06                                                              2.627E-03
 9539.00  0.9974 7.08E-06 7.10E-06                                                              2.627E-03
 9540.00  0.9974 7.09E-06 7.11E-06                                                              2.627E-03
 9541.00  0.9974 7.09E-06 7.11E-06                                                              2.627E-03
 9542.00  0.9974 7.09E-06 7.11E-06                                                              2.627E-03
 9543.00  0.9974 7.09E-06 7.11E-06                                                              2.627E-03
 9544.00  0.9974 7.10E-06 7.12E-06                                                              2.627E-03
 9545.00  0.9974 7.10E-06 7.11E-06                                                              2.627E-03
 9546.00  0.9974 7.06E-06 7.08E-06                                                              2.628E-03
 9547.00  0.9974 6.94E-06 6.96E-06                                                              2.628E-03
 9548.00  0.9974 6.93E-06 6.94E-06                                                              2.629E-03
 9549.00  0.9974 6.93E-06 6.94E-06                                                              2.630E-03
 9550.00  0.9974 6.93E-06 6.95E-06                                                              2.630E-03
 9551.00  0.9974 6.97E-06 6.99E-06                                                              2.632E-03
 9552.00  0.9974 7.09E-06 7.11E-06                                                              2.634E-03
 9553.00  0.9974 7.11E-06 7.13E-06                                                              2.635E-03
 9554.00  0.9974 7.10E-06 7.12E-06                                                              2.637E-03
 9555.00  0.9974 7.04E-06 7.06E-06                                                              2.639E-03
 9556.00  0.9974 6.94E-06 6.96E-06                                                              2.640E-03
 9557.00  0.9974 6.91E-06 6.93E-06                                                              2.641E-03
 9558.00  0.9974 6.89E-06 6.90E-06                                                              2.642E-03
 9559.00  0.9974 6.83E-06 6.84E-06                                                              2.643E-03
 9560.00  0.9974 6.77E-06 6.79E-06                                                              2.644E-03
 9561.00  0.9974 6.85E-06 6.87E-06                                                              2.643E-03
 9562.00  0.9974 6.87E-06 6.89E-06                                                              2.642E-03
 9563.00  0.9974 6.89E-06 6.91E-06                                                              2.642E-03
 9564.00  0.9974 6.96E-06 6.98E-06                                                              2.641E-03
 9565.00  0.9974 7.06E-06 7.08E-06                                                              2.640E-03
 9566.00  0.9974 7.03E-06 7.05E-06                                                              2.638E-03
 9567.00  0.9974 7.02E-06 7.04E-06                                                              2.637E-03
 9568.00  0.9974 7.02E-06 7.03E-06                                                              2.635E-03
 9569.00  0.9974 7.01E-06 7.03E-06                                                              2.633E-03
 9570.00  0.9974 7.03E-06 7.05E-06                                                              2.631E-03
 9571.00  0.9974 7.09E-06 7.11E-06                                                              2.630E-03
 9572.00  0.9974 7.10E-06 7.12E-06                                                              2.629E-03
 9573.00  0.9974 7.10E-06 7.12E-06                                                              2.627E-03
 9574.00  0.9974 7.10E-06 7.12E-06                                                              2.627E-03
 9575.00  0.9974 7.09E-06 7.11E-06                                                              2.625E-03
 9576.00  0.9974 7.09E-06 7.11E-06                                                              2.624E-03
 9577.00  0.9974 7.09E-06 7.11E-06                                                              2.625E-03
 9578.00  0.9974 7.07E-06 7.08E-06                                                              2.623E-03
 9579.00  0.9974 7.06E-06 7.08E-06                                                              2.623E-03
 9580.00  0.9974 7.06E-06 7.08E-06                                                              2.624E-03
 9581.00  0.9974 7.06E-06 7.08E-06                                                              2.622E-03
 9582.00  0.9974 7.06E-06 7.08E-06                                                              2.622E-03
 9583.00  0.9974 7.09E-06 7.11E-06                                                              2.624E-03
 9584.00  0.9974 7.10E-06 7.12E-06                                                              2.622E-03
 9585.00  0.9974 7.09E-06 7.11E-06                                                              2.622E-03
 9586.00  0.9974 7.04E-06 7.06E-06                                                              2.625E-03
 9587.00  0.9974 7.00E-06 7.02E-06                                                              2.621E-03
 9588.00  0.9974 6.99E-06 7.01E-06                                                              2.622E-03
 9589.00  0.9974 6.92E-06 6.94E-06                                                              2.626E-03
 9590.00  0.9974 6.90E-06 6.92E-06                                                              2.622E-03
 9591.00  0.9974 6.96E-06 6.98E-06                                                              2.622E-03
 9592.00  0.9974 7.00E-06 7.02E-06                                                              2.628E-03
 9593.00  0.9974 7.02E-06 7.04E-06                                                              2.622E-03
 9594.00  0.9974 7.08E-06 7.10E-06                                                              2.622E-03
 9595.00  0.9974 7.10E-06 7.12E-06                                                              2.631E-03
 9596.00  0.9974 7.09E-06 7.11E-06                                                              2.622E-03
 9597.00  0.9974 7.08E-06 7.10E-06                                                              2.623E-03
 9598.00  0.9974 7.08E-06 7.10E-06                                                              2.634E-03
 9599.00  0.9974 7.09E-06 7.11E-06                                                              2.623E-03
 9600.00  0.9974 7.10E-06 7.12E-06                                                              2.638E-03
 9601.00  0.9974 7.11E-06 7.13E-06                                                              2.624E-03
 9602.00  0.9974 7.12E-06 7.13E-06                                                              2.624E-03
 9603.00  0.9974 7.11E-06 7.13E-06                                                              2.643E-03
 9604.00  0.9974 7.07E-06 7.09E-06                                                              2.625E-03
 9605.00  0.9974 7.05E-06 7.07E-06                                                              2.647E-03
 9606.00  0.9974 7.04E-06 7.06E-06                                                              2.625E-03
 9607.00  0.9974 7.03E-06 7.05E-06                                                              2.626E-03
 9608.00  0.9974 7.03E-06 7.05E-06                                                              2.653E-03
 9609.00  0.9974 7.06E-06 7.08E-06                                                              2.626E-03
 9610.00  0.9973 7.08E-06 7.09E-06                                                              2.658E-03
 9611.00  0.9974 7.09E-06 7.11E-06                                                              2.627E-03
 9612.00  0.9973 7.09E-06 7.11E-06                                                              2.663E-03
 9613.00  0.9974 7.09E-06 7.11E-06                                                              2.628E-03
 9614.00  0.9974 7.04E-06 7.05E-06                                                              2.628E-03
 9615.00  0.9973 6.94E-06 6.96E-06                                                              2.667E-03
 9616.00  0.9974 6.93E-06 6.94E-06                                                              2.629E-03
 9617.00  0.9973 6.93E-06 6.95E-06                                                              2.670E-03
 9618.00  0.9974 6.94E-06 6.96E-06                                                              2.629E-03
 9619.00  0.9973 6.97E-06 6.99E-06                                                              2.672E-03
 9620.00  0.9974 7.06E-06 7.08E-06                                                              2.630E-03
 9621.00  0.9973 7.06E-06 7.08E-06                                                              2.672E-03
 9622.00  0.9974 7.05E-06 7.07E-06                                                              2.631E-03
 9623.00  0.9973 7.06E-06 7.08E-06                                                              2.670E-03
 9624.00  0.9974 7.08E-06 7.10E-06                                                              2.631E-03
 9625.00  0.9973 7.09E-06 7.11E-06                                                              2.666E-03
 9626.00  0.9973 7.11E-06 7.13E-06                                                              2.660E-03
 9627.00  0.9974 7.11E-06 7.13E-06                                                              2.632E-03
 9628.00  0.9974 7.11E-06 7.13E-06                                                              2.652E-03
 9629.00  0.9974 7.11E-06 7.12E-06                                                              2.633E-03
 9630.00  0.9974 7.05E-06 7.07E-06                                                              2.643E-03
 9631.00  0.9974 7.00E-06 7.02E-06                                                              2.634E-03
 9632.00  0.9974 6.98E-06 7.00E-06                                                              2.640E-03
 9633.00  0.9974 6.98E-06 7.00E-06                                                              2.635E-03
 9634.00  0.9974 6.99E-06 7.01E-06                                                              2.651E-03
 9635.00  0.9973 7.04E-06 7.06E-06                                                              2.662E-03
 9636.00  0.9973 7.06E-06 7.08E-06                                                              2.670E-03
 9637.00  0.9974 6.92E-06 6.94E-06                                                              2.638E-03
 9638.00  0.9973 6.86E-06 6.87E-06                                                              2.678E-03
 9639.00  0.9973 6.85E-06 6.87E-06                                                              2.683E-03
 9640.00  0.9973 6.85E-06 6.87E-06                                                              2.686E-03
 9641.00  0.9973 6.88E-06 6.90E-06                                                              2.687E-03
 9642.00  0.9973 7.03E-06 7.05E-06                                                              2.685E-03
 9643.00  0.9973 7.09E-06 7.11E-06                                                              2.682E-03
 9644.00  0.9973 7.08E-06 7.09E-06                                                              2.712E-03
 9645.00  0.9973 7.07E-06 7.09E-06                                                              2.671E-03
 9646.00  0.9973 7.07E-06 7.09E-06                                                              2.685E-03
 9647.00  0.9973 7.08E-06 7.10E-06                                                              2.678E-03
 9648.00  0.9973 7.09E-06 7.11E-06                                                              2.663E-03
 9649.00  0.9974 7.11E-06 7.13E-06                                                              2.643E-03
 9650.00  0.9974 7.12E-06 7.14E-06                                                              2.643E-03
 9651.00  0.9974 7.12E-06 7.13E-06                                                              2.644E-03
 9652.00  0.9974 7.11E-06 7.13E-06                                                              2.644E-03
 9653.00  0.9974 7.10E-06 7.12E-06                                                              2.644E-03
 9654.00  0.9974 7.07E-06 7.09E-06                                                              2.645E-03
 9655.00  0.9974 7.07E-06 7.09E-06                                                              2.645E-03
 9656.00  0.9974 7.07E-06 7.09E-06                                                              2.646E-03
 9657.00  0.9974 7.08E-06 7.10E-06                                                              2.646E-03
 9658.00  0.9974 7.08E-06 7.10E-06                                                              2.647E-03
 9659.00  0.9974 7.06E-06 7.08E-06                                                              2.648E-03
 9660.00  0.9974 7.05E-06 7.07E-06                                                              2.648E-03
 9661.00  0.9974 7.04E-06 7.06E-06                                                              2.649E-03
 9662.00  0.9974 7.02E-06 7.04E-06                                                              2.649E-03
 9663.00  0.9974 6.90E-06 6.92E-06                                                              2.650E-03
 9664.00  0.9974 6.92E-06 6.94E-06                                                              2.651E-03
 9665.00  0.9974 6.92E-06 6.94E-06                                                              2.651E-03
 9666.00  0.9974 6.85E-06 6.87E-06                                                              2.652E-03
 9667.00  0.9974 6.87E-06 6.88E-06                                                              2.652E-03
 9668.00  0.9974 6.99E-06 7.01E-06                                                              2.653E-03
 9669.00  0.9974 7.02E-06 7.03E-06                                                              2.653E-03
 9670.00  0.9973 7.03E-06 7.05E-06                                                              2.654E-03
 9671.00  0.9973 7.11E-06 7.13E-06                                                              2.654E-03
 9672.00  0.9973 7.12E-06 7.14E-06                                                              2.654E-03
 9673.00  0.9973 7.11E-06 7.13E-06                                                              2.655E-03
 9674.00  0.9973 7.09E-06 7.11E-06                                                              2.656E-03
 9675.00  0.9973 7.06E-06 7.08E-06                                                              2.656E-03
 9676.00  0.9973 6.98E-06 7.00E-06                                                              2.657E-03
 9677.00  0.9973 6.95E-06 6.97E-06                                                              2.658E-03
 9678.00  0.9973 6.85E-06 6.86E-06                                                              2.658E-03
 9679.00  0.9973 6.83E-06 6.85E-06                                                              2.659E-03
 9680.00  0.9973 6.84E-06 6.86E-06                                                              2.659E-03
 9681.00  0.9973 6.92E-06 6.94E-06                                                              2.660E-03
 9682.00  0.9973 6.95E-06 6.97E-06                                                              2.660E-03
 9683.00  0.9973 7.07E-06 7.09E-06                                                              2.661E-03
 9684.00  0.9973 7.10E-06 7.12E-06                                                              2.661E-03
 9685.00  0.9973 7.11E-06 7.13E-06                                                              2.662E-03
 9686.00  0.9973 7.11E-06 7.13E-06                                                              2.663E-03
 9687.00  0.9973 7.11E-06 7.13E-06                                                              2.663E-03
 9688.00  0.9973 7.10E-06 7.12E-06                                                              2.664E-03
 9689.00  0.9973 7.12E-06 7.13E-06                                                              2.665E-03
 9690.00  0.9973 7.12E-06 7.13E-06                                                              2.665E-03
 9691.00  0.9973 7.11E-06 7.12E-06                                                              2.666E-03
 9692.00  0.9973 7.06E-06 7.08E-06                                                              2.667E-03
 9693.00  0.9973 7.06E-06 7.08E-06                                                              2.667E-03
 9694.00  0.9973 7.06E-06 7.08E-06                                                              2.668E-03
 9695.00  0.9973 7.06E-06 7.08E-06                                                              2.670E-03
 9696.00  0.9973 7.07E-06 7.09E-06                                                              2.669E-03
 9697.00  0.9973 7.10E-06 7.12E-06                                                              2.670E-03
 9698.00  0.9973 7.10E-06 7.12E-06                                                              2.670E-03
 9699.00  0.9973 7.09E-06 7.11E-06                                                              2.671E-03
 9700.00  0.9973 7.09E-06 7.11E-06                                                              2.672E-03
 9701.00  0.9973 7.09E-06 7.11E-06                                                              2.672E-03
 9702.00  0.9973 7.08E-06 7.10E-06                                                              2.673E-03
 9703.00  0.9973 7.07E-06 7.09E-06                                                              2.673E-03
 9704.00  0.9973 7.07E-06 7.09E-06                                                              2.674E-03
 9705.00  0.9973 7.05E-06 7.07E-06                                                              2.675E-03
 9706.00  0.9973 7.05E-06 7.07E-06                                                              2.675E-03
 9707.00  0.9973 7.07E-06 7.09E-06                                                              2.676E-03
 9708.00  0.9973 7.09E-06 7.11E-06                                                              2.678E-03
 9709.00  0.9973 7.10E-06 7.12E-06                                                              2.678E-03
 9710.00  0.9973 7.12E-06 7.14E-06                                                              2.678E-03
 9711.00  0.9973 7.12E-06 7.14E-06                                                              2.679E-03
 9712.00  0.9973 7.13E-06 7.15E-06                                                              2.679E-03
 9713.00  0.9973 7.12E-06 7.13E-06                                                              2.680E-03
 9714.00  0.9973 7.04E-06 7.06E-06                                                              2.682E-03
 9715.00  0.9973 6.94E-06 6.96E-06                                                              2.681E-03
 9716.00  0.9973 6.93E-06 6.94E-06                                                              2.682E-03
 9717.00  0.9973 6.93E-06 6.95E-06                                                              2.683E-03
 9718.00  0.9973 6.94E-06 6.96E-06                                                              2.683E-03
 9719.00  0.9973 7.01E-06 7.03E-06                                                              2.685E-03
 9720.00  0.9973 7.11E-06 7.13E-06                                                              2.685E-03
 9721.00  0.9973 7.12E-06 7.14E-06                                                              2.686E-03
 9722.00  0.9973 7.12E-06 7.14E-06                                                              2.690E-03
 9723.00  0.9973 7.12E-06 7.14E-06                                                              2.687E-03
 9724.00  0.9973 7.12E-06 7.14E-06                                                              2.688E-03
 9725.00  0.9973 7.13E-06 7.15E-06                                                              2.689E-03
 9726.00  0.9973 7.13E-06 7.15E-06                                                              2.689E-03
 9727.00  0.9973 7.13E-06 7.15E-06                                                              2.690E-03
 9728.00  0.9973 7.13E-06 7.15E-06                                                              2.690E-03
 9729.00  0.9973 7.11E-06 7.13E-06                                                              2.691E-03
 9730.00  0.9973 7.11E-06 7.13E-06                                                              2.691E-03
 9731.00  0.9973 7.10E-06 7.12E-06                                                              2.693E-03
 9732.00  0.9973 7.10E-06 7.11E-06                                                              2.698E-03
 9733.00  0.9973 7.09E-06 7.11E-06                                                              2.693E-03
 9734.00  0.9973 7.11E-06 7.13E-06                                                              2.698E-03
 9735.00  0.9973 7.11E-06 7.13E-06                                                              2.695E-03
 9736.00  0.9973 7.11E-06 7.13E-06                                                              2.695E-03
 9737.00  0.9973 7.09E-06 7.11E-06                                                              2.696E-03
 9738.00  0.9973 7.09E-06 7.11E-06                                                              2.697E-03
 9739.00  0.9973 7.08E-06 7.09E-06                                                              2.697E-03
 9740.00  0.9973 7.07E-06 7.09E-06                                                              2.698E-03
 9741.00  0.9973 7.07E-06 7.09E-06                                                              2.699E-03
 9742.00  0.9973 7.09E-06 7.11E-06                                                              2.700E-03
 9743.00  0.9973 7.10E-06 7.12E-06                                                              2.701E-03
 9744.00  0.9973 7.11E-06 7.13E-06                                                              2.703E-03
 9745.00  0.9973 7.12E-06 7.14E-06                                                              2.702E-03
 9746.00  0.9973 7.12E-06 7.14E-06                                                              2.702E-03
 9747.00  0.9973 7.12E-06 7.14E-06                                                              2.703E-03
 9748.00  0.9973 7.12E-06 7.14E-06                                                              2.704E-03
 9749.00  0.9973 7.12E-06 7.14E-06                                                              2.708E-03
 9750.00  0.9973 7.11E-06 7.13E-06                                                              2.705E-03
 9751.00  0.9973 7.11E-06 7.13E-06                                                              2.706E-03
 9752.00  0.9973 7.10E-06 7.12E-06                                                              2.707E-03
 9753.00  0.9973 7.10E-06 7.12E-06                                                              2.710E-03
 9754.00  0.9973 7.11E-06 7.13E-06                                                              2.708E-03
 9755.00  0.9973 7.11E-06 7.13E-06                                                              2.709E-03
 9756.00  0.9973 7.08E-06 7.10E-06                                                              2.710E-03
 9757.00  0.9973 7.08E-06 7.10E-06                                                              2.711E-03
 9758.00  0.9973 7.09E-06 7.11E-06                                                              2.711E-03
 9759.00  0.9973 7.09E-06 7.11E-06                                                              2.712E-03
 9760.00  0.9973 7.09E-06 7.11E-06                                                              2.713E-03
 9761.00  0.9973 7.12E-06 7.14E-06                                                              2.713E-03
 9762.00  0.9973 7.10E-06 7.12E-06                                                              2.714E-03
 9763.00  0.9973 7.08E-06 7.10E-06                                                              2.715E-03
 9764.00  0.9973 7.08E-06 7.10E-06                                                              2.716E-03
 9765.00  0.9973 7.09E-06 7.11E-06                                                              2.717E-03
 9766.00  0.9973 7.08E-06 7.10E-06                                                              2.725E-03
 9767.00  0.9973 7.09E-06 7.11E-06                                                              2.728E-03
 9768.00  0.9973 7.11E-06 7.13E-06                                                              2.721E-03
 9769.00  0.9973 7.11E-06 7.13E-06                                                              2.720E-03
 9770.00  0.9973 7.11E-06 7.13E-06                                                              2.723E-03
 9771.00  0.9973 7.11E-06 7.13E-06                                                              2.721E-03
 9772.00  0.9973 7.12E-06 7.14E-06                                                              2.722E-03
 9773.00  0.9973 7.12E-06 7.14E-06                                                              2.723E-03
 9774.00  0.9973 7.10E-06 7.12E-06                                                              2.723E-03
 9775.00  0.9973 7.10E-06 7.12E-06                                                              2.724E-03
 9776.00  0.9973 7.10E-06 7.12E-06                                                              2.733E-03
 9777.00  0.9973 7.10E-06 7.12E-06                                                              2.725E-03
 9778.00  0.9973 7.11E-06 7.13E-06                                                              2.726E-03
 9779.00  0.9973 7.12E-06 7.14E-06                                                              2.727E-03
 9780.00  0.9973 7.13E-06 7.15E-06                                                              2.728E-03
 9781.00  0.9973 7.10E-06 7.12E-06                                                              2.728E-03
 9782.00  0.9973 7.03E-06 7.05E-06                                                              2.729E-03
 9783.00  0.9973 6.95E-06 6.97E-06                                                              2.730E-03
 9784.00  0.9973 6.83E-06 6.85E-06                                                              2.731E-03
 9785.00  0.9973 6.81E-06 6.83E-06                                                              2.732E-03
 9786.00  0.9973 6.83E-06 6.85E-06                                                              2.732E-03
 9787.00  0.9973 6.90E-06 6.92E-06                                                              2.739E-03
 9788.00  0.9973 6.96E-06 6.98E-06                                                              2.735E-03
 9789.00  0.9973 7.07E-06 7.09E-06                                                              2.735E-03
 9790.00  0.9973 7.09E-06 7.11E-06                                                              2.736E-03
 9791.00  0.9973 7.06E-06 7.08E-06                                                              2.736E-03
 9792.00  0.9973 7.06E-06 7.08E-06                                                              2.738E-03
 9793.00  0.9973 7.07E-06 7.09E-06                                                              2.738E-03
 9794.00  0.9973 7.08E-06 7.09E-06                                                              2.739E-03
 9795.00  0.9973 7.07E-06 7.09E-06                                                              2.740E-03
 9796.00  0.9973 7.07E-06 7.09E-06                                                              2.741E-03
 9797.00  0.9973 7.05E-06 7.07E-06                                                              2.742E-03
 9798.00  0.9973 7.05E-06 7.07E-06                                                              2.743E-03
 9799.00  0.9973 7.05E-06 7.07E-06                                                              2.745E-03
 9800.00  0.9973 7.03E-06 7.05E-06                                                              2.747E-03
 9801.00  0.9973 7.07E-06 7.08E-06                                                              2.745E-03
 9802.00  0.9973 7.09E-06 7.11E-06                                                              2.746E-03
 9803.00  0.9973 7.08E-06 7.10E-06                                                              2.747E-03
 9804.00  0.9973 7.05E-06 7.07E-06                                                              2.748E-03
 9805.00  0.9973 7.05E-06 7.07E-06                                                              2.749E-03
 9806.00  0.9973 6.95E-06 6.97E-06                                                              2.750E-03
 9807.00  0.9973 6.87E-06 6.89E-06                                                              2.750E-03
 9808.00  0.9973 6.87E-06 6.89E-06                                                              2.751E-03
 9809.00  0.9972 6.90E-06 6.92E-06                                                              2.760E-03
 9810.00  0.9972 6.92E-06 6.94E-06                                                              2.765E-03
 9811.00  0.9973 7.02E-06 7.03E-06                                                              2.754E-03
 9812.00  0.9972 7.07E-06 7.09E-06                                                              2.754E-03
 9813.00  0.9972 7.07E-06 7.09E-06                                                              2.755E-03
 9814.00  0.9972 7.00E-06 7.02E-06                                                              2.756E-03
 9815.00  0.9972 6.86E-06 6.88E-06                                                              2.756E-03
 9816.00  0.9972 6.84E-06 6.86E-06                                                              2.757E-03
 9817.00  0.9972 6.87E-06 6.89E-06                                                              2.760E-03
 9818.00  0.9972 6.89E-06 6.91E-06                                                              2.759E-03
 9819.00  0.9972 6.95E-06 6.97E-06                                                              2.760E-03
 9820.00  0.9972 7.09E-06 7.11E-06                                                              2.760E-03
 9821.00  0.9972 7.12E-06 7.14E-06                                                              2.761E-03
 9822.00  0.9972 7.12E-06 7.14E-06                                                              2.762E-03
 9823.00  0.9972 7.12E-06 7.14E-06                                                              2.763E-03
 9824.00  0.9972 7.14E-06 7.16E-06                                                              2.764E-03
 9825.00  0.9972 7.12E-06 7.14E-06                                                              2.764E-03
 9826.00  0.9972 7.11E-06 7.13E-06                                                              2.765E-03
 9827.00  0.9972 7.11E-06 7.13E-06                                                              2.766E-03
 9828.00  0.9972 7.11E-06 7.13E-06                                                              2.772E-03
 9829.00  0.9972 7.11E-06 7.13E-06                                                              2.768E-03
 9830.00  0.9972 7.12E-06 7.14E-06                                                              2.769E-03
 9831.00  0.9972 7.09E-06 7.11E-06                                                              2.770E-03
 9832.00  0.9972 7.08E-06 7.10E-06                                                              2.771E-03
 9833.00  0.9972 7.05E-06 7.07E-06                                                              2.773E-03
 9834.00  0.9972 6.92E-06 6.94E-06                                                              2.773E-03
 9835.00  0.9972 6.90E-06 6.92E-06                                                              2.775E-03
 9836.00  0.9972 6.92E-06 6.94E-06                                                              2.774E-03
 9837.00  0.9972 6.93E-06 6.95E-06                                                              2.775E-03
 9838.00  0.9972 6.97E-06 6.99E-06                                                              2.776E-03
 9839.00  0.9972 7.10E-06 7.12E-06                                                              2.777E-03
 9840.00  0.9972 7.12E-06 7.14E-06                                                              2.778E-03
 9841.00  0.9972 7.09E-06 7.11E-06                                                              2.779E-03
 9842.00  0.9972 7.07E-06 7.09E-06                                                              2.779E-03
 9843.00  0.9972 7.04E-06 7.06E-06                                                              2.780E-03
 9844.00  0.9972 7.01E-06 7.03E-06                                                              2.781E-03
 9845.00  0.9972 7.01E-06 7.03E-06                                                              2.782E-03
 9846.00  0.9972 7.05E-06 7.07E-06                                                              2.783E-03
 9847.00  0.9972 7.07E-06 7.09E-06                                                              2.793E-03
 9848.00  0.9972 7.08E-06 7.10E-06                                                              2.784E-03
 9849.00  0.9972 7.11E-06 7.13E-06                                                              2.785E-03
 9850.00  0.9972 7.12E-06 7.14E-06                                                              2.786E-03
 9851.00  0.9972 7.10E-06 7.11E-06                                                              2.786E-03
 9852.00  0.9972 6.97E-06 6.99E-06                                                              2.787E-03
 9853.00  0.9972 6.95E-06 6.97E-06                                                              2.788E-03
 9854.00  0.9972 6.93E-06 6.95E-06                                                              2.791E-03
 9855.00  0.9972 6.91E-06 6.93E-06                                                              2.790E-03
 9856.00  0.9972 6.93E-06 6.95E-06                                                              2.790E-03
 9857.00  0.9972 7.07E-06 7.09E-06                                                              2.793E-03
 9858.00  0.9972 7.09E-06 7.11E-06                                                              2.795E-03
 9859.00  0.9972 7.11E-06 7.13E-06                                                              2.793E-03
 9860.00  0.9972 7.12E-06 7.14E-06                                                              2.793E-03
 9861.00  0.9972 7.12E-06 7.14E-06                                                              2.794E-03
 9862.00  0.9972 7.11E-06 7.13E-06                                                              2.795E-03
 9863.00  0.9972 7.11E-06 7.13E-06                                                              2.796E-03
 9864.00  0.9972 7.11E-06 7.13E-06                                                              2.797E-03
 9865.00  0.9972 7.13E-06 7.15E-06                                                              2.798E-03
 9866.00  0.9972 7.12E-06 7.14E-06                                                              2.799E-03
 9867.00  0.9972 7.13E-06 7.15E-06                                                              2.800E-03
 9868.00  0.9972 7.13E-06 7.15E-06                                                              2.801E-03
 9869.00  0.9972 7.12E-06 7.14E-06                                                              2.802E-03
 9870.00  0.9972 7.12E-06 7.14E-06                                                              2.807E-03
 9871.00  0.9972 7.13E-06 7.15E-06                                                              2.804E-03
 9872.00  0.9972 7.11E-06 7.13E-06                                                              2.805E-03
 9873.00  0.9972 7.03E-06 7.05E-06                                                              2.805E-03
 9874.00  0.9972 7.02E-06 7.04E-06                                                              2.807E-03
 9875.00  0.9972 7.02E-06 7.04E-06                                                              2.807E-03
 9876.00  0.9972 7.01E-06 7.03E-06                                                              2.808E-03
 9877.00  0.9972 7.03E-06 7.05E-06                                                              2.809E-03
 9878.00  0.9972 7.11E-06 7.13E-06                                                              2.810E-03
 9879.00  0.9972 7.12E-06 7.14E-06                                                              2.811E-03
 9880.00  0.9972 7.13E-06 7.15E-06                                                              2.824E-03
 9881.00  0.9972 7.14E-06 7.16E-06                                                              2.813E-03
 9882.00  0.9972 7.12E-06 7.14E-06                                                              2.815E-03
 9883.00  0.9972 7.10E-06 7.12E-06                                                              2.817E-03
 9884.00  0.9972 7.09E-06 7.11E-06                                                              2.815E-03
 9885.00  0.9972 7.08E-06 7.10E-06                                                              2.816E-03
 9886.00  0.9972 7.08E-06 7.10E-06                                                              2.817E-03
 9887.00  0.9972 7.09E-06 7.11E-06                                                              2.818E-03
 9888.00  0.9972 7.12E-06 7.14E-06                                                              2.818E-03
 9889.00  0.9972 7.13E-06 7.15E-06                                                              2.819E-03
 9890.00  0.9972 7.14E-06 7.16E-06                                                              2.819E-03
 9891.00  0.9972 7.09E-06 7.11E-06                                                              2.820E-03
 9892.00  0.9972 7.06E-06 7.08E-06                                                              2.821E-03
 9893.00  0.9972 7.05E-06 7.07E-06                                                              2.825E-03
 9894.00  0.9972 7.05E-06 7.07E-06                                                              2.823E-03
 9895.00  0.9972 7.06E-06 7.08E-06                                                              2.824E-03
 9896.00  0.9972 7.11E-06 7.13E-06                                                              2.825E-03
 9897.00  0.9972 7.13E-06 7.15E-06                                                              2.826E-03
 9898.00  0.9972 7.13E-06 7.15E-06                                                              2.833E-03
 9899.00  0.9972 7.12E-06 7.14E-06                                                              2.828E-03
 9900.00  0.9972 7.12E-06 7.14E-06                                                              2.829E-03
 9901.00  0.9972 7.11E-06 7.13E-06                                                              2.834E-03
 9902.00  0.9972 7.11E-06 7.13E-06                                                              2.831E-03
 9903.00  0.9972 7.12E-06 7.14E-06                                                              2.837E-03
 9904.00  0.9972 7.12E-06 7.14E-06                                                              2.834E-03
 9905.00  0.9972 7.11E-06 7.13E-06                                                              2.849E-03
 9906.00  0.9972 7.10E-06 7.12E-06                                                              2.836E-03
 9907.00  0.9972 7.11E-06 7.13E-06                                                              2.846E-03
 9908.00  0.9972 7.11E-06 7.14E-06                                                              2.840E-03
 9909.00  0.9972 7.12E-06 7.14E-06                                                              2.841E-03
 9910.00  0.9972 7.11E-06 7.13E-06                                                              2.840E-03
 9911.00  0.9972 7.09E-06 7.11E-06                                                              2.854E-03
 9912.00  0.9972 7.07E-06 7.09E-06                                                              2.842E-03
 9913.00  0.9972 7.06E-06 7.08E-06                                                              2.843E-03
 9914.00  0.9972 7.05E-06 7.07E-06                                                              2.844E-03
 9915.00  0.9972 7.05E-06 7.07E-06                                                              2.844E-03
 9916.00  0.9972 7.07E-06 7.09E-06                                                              2.848E-03
 9917.00  0.9972 7.08E-06 7.10E-06                                                              2.845E-03
 9918.00  0.9972 7.08E-06 7.11E-06                                                              2.846E-03
 9919.00  0.9972 7.09E-06 7.11E-06                                                              2.847E-03
 9920.00  0.9971 7.10E-06 7.12E-06                                                              2.859E-03
 9921.00  0.9972 7.11E-06 7.13E-06                                                              2.848E-03
 9922.00  0.9972 7.12E-06 7.14E-06                                                              2.849E-03
 9923.00  0.9972 7.12E-06 7.14E-06                                                              2.850E-03
 9924.00  0.9972 7.13E-06 7.15E-06                                                              2.852E-03
 9925.00  0.9972 7.13E-06 7.15E-06                                                              2.852E-03
 9926.00  0.9972 7.12E-06 7.14E-06                                                              2.853E-03
 9927.00  0.9971 7.08E-06 7.10E-06                                                              2.854E-03
 9928.00  0.9971 7.06E-06 7.08E-06                                                              2.860E-03
 9929.00  0.9971 7.06E-06 7.08E-06                                                              2.857E-03
 9930.00  0.9971 7.06E-06 7.08E-06                                                              2.858E-03
 9931.00  0.9971 7.05E-06 7.07E-06                                                              2.859E-03
 9932.00  0.9971 7.06E-06 7.08E-06                                                              2.861E-03
 9933.00  0.9971 7.06E-06 7.08E-06                                                              2.862E-03
 9934.00  0.9971 7.05E-06 7.07E-06                                                              2.867E-03
 9935.00  0.9971 7.04E-06 7.06E-06                                                              2.865E-03
 9936.00  0.9971 7.04E-06 7.06E-06                                                              2.866E-03
 9937.00  0.9971 7.00E-06 7.02E-06                                                              2.867E-03
 9938.00  0.9971 6.93E-06 6.95E-06                                                              2.869E-03
 9939.00  0.9971 6.91E-06 6.93E-06                                                              2.873E-03
 9940.00  0.9971 6.87E-06 6.89E-06                                                              2.871E-03
 9941.00  0.9971 6.85E-06 6.87E-06                                                              2.872E-03
 9942.00  0.9971 6.88E-06 6.90E-06                                                              2.872E-03
 9943.00  0.9971 6.89E-06 6.91E-06                                                              2.873E-03
 9944.00  0.9971 6.83E-06 6.85E-06                                                              2.882E-03
 9945.00  0.9971 6.70E-06 6.72E-06                                                              2.875E-03
 9946.00  0.9971 6.46E-06 6.48E-06                                                              2.875E-03
 9947.00  0.9971 6.30E-06 6.32E-06                                                              2.876E-03
 9948.00  0.9971 6.25E-06 6.27E-06                                                              2.876E-03
 9949.00  0.9971 6.27E-06 6.29E-06                                                              2.878E-03
 9950.00  0.9971 6.39E-06 6.40E-06                                                              2.878E-03
 9951.00  0.9971 6.62E-06 6.64E-06                                                              2.878E-03
 9952.00  0.9971 6.80E-06 6.82E-06                                                              2.880E-03
 9953.00  0.9971 6.89E-06 6.91E-06                                                              2.881E-03
 9954.00  0.9971 6.94E-06 6.96E-06                                                              2.882E-03
 9955.00  0.9971 6.98E-06 7.00E-06                                                              2.883E-03
 9956.00  0.9971 7.01E-06 7.03E-06                                                              2.891E-03
 9957.00  0.9971 7.02E-06 7.04E-06                                                              2.887E-03
 9958.00  0.9971 7.03E-06 7.05E-06                                                              2.889E-03
 9959.00  0.9971 6.98E-06 7.00E-06                                                              2.891E-03
 9960.00  0.9971 6.98E-06 7.00E-06                                                              2.903E-03
 9961.00  0.9971 6.99E-06 7.01E-06                                                              2.894E-03
 9962.00  0.9971 6.99E-06 7.01E-06                                                              2.895E-03
 9963.00  0.9971 6.99E-06 7.01E-06                                                              2.897E-03
 9964.00  0.9971 7.02E-06 7.04E-06                                                              2.899E-03
 9965.00  0.9971 7.03E-06 7.05E-06                                                              2.900E-03
 9966.00  0.9971 7.04E-06 7.06E-06                                                              2.901E-03
 9967.00  0.9971 7.03E-06 7.05E-06                                                              2.902E-03
 9968.00  0.9971 7.05E-06 7.07E-06                                                              2.902E-03
 9969.00  0.9971 7.08E-06 7.10E-06                                                              2.903E-03
 9970.00  0.9971 7.05E-06 7.08E-06                                                              2.904E-03
 9971.00  0.9971 7.06E-06 7.08E-06                                                              2.905E-03
 9972.00  0.9971 7.07E-06 7.09E-06                                                              2.905E-03
 9973.00  0.9971 7.07E-06 7.09E-06                                                              2.905E-03
 9974.00  0.9971 7.08E-06 7.10E-06                                                              2.910E-03
 9975.00  0.9971 7.12E-06 7.14E-06                                                              2.909E-03
 9976.00  0.9971 7.11E-06 7.14E-06                                                              2.915E-03
 9977.00  0.9971 7.11E-06 7.13E-06                                                              2.910E-03
 9978.00  0.9971 7.11E-06 7.13E-06                                                              2.912E-03
 9979.00  0.9971 7.13E-06 7.15E-06                                                              2.918E-03
 9980.00  0.9971 7.13E-06 7.15E-06                                                              2.928E-03
 9981.00  0.9971 7.14E-06 7.16E-06                                                              2.927E-03
 9982.00  0.9971 7.14E-06 7.16E-06                                                              2.920E-03
 9983.00  0.9971 7.14E-06 7.16E-06                                                              2.921E-03
 9984.00  0.9971 7.14E-06 7.16E-06                                                              2.924E-03
 9985.00  0.9971 7.13E-06 7.16E-06                                                              2.927E-03
 9986.00  0.9971 7.12E-06 7.14E-06                                                              2.929E-03
 9987.00  0.9971 7.11E-06 7.13E-06                                                              2.931E-03
 9988.00  0.9971 7.11E-06 7.13E-06                                                              2.930E-03
 9989.00  0.9971 7.12E-06 7.14E-06                                                              2.931E-03
 9990.00  0.9971 7.12E-06 7.14E-06                                                              2.932E-03
 9991.00  0.9971 7.13E-06 7.15E-06                                                              2.933E-03
 9992.00  0.9971 7.14E-06 7.16E-06                                                              2.934E-03
 9993.00  0.9971 7.13E-06 7.16E-06                                                              2.934E-03
 9994.00  0.9971 7.11E-06 7.13E-06                                                              2.935E-03
 9995.00  0.9971 7.10E-06 7.12E-06                                                              2.936E-03
 9996.00  0.9971 7.09E-06 7.12E-06                                                              2.937E-03
 9997.00  0.9971 7.09E-06 7.11E-06                                                              2.938E-03
 9998.00  0.9971 7.07E-06 7.09E-06                                                              2.945E-03
 9999.00  0.9971 7.08E-06 7.10E-06                                                              2.942E-03
10000.00  0.9971 7.09E-06 7.11E-06                                                              2.942E-03
10001.00  0.9971 7.08E-06 7.10E-06                                                              2.945E-03
10002.00  0.9971 7.03E-06 7.06E-06                                                              2.948E-03
10003.00  0.9971 7.06E-06 7.08E-06                                                              2.950E-03
10004.00  0.9970 7.07E-06 7.09E-06                                                              2.961E-03
10005.00  0.9970 7.07E-06 7.09E-06                                                              2.955E-03
10006.00  0.9970 7.08E-06 7.10E-06                                                              2.957E-03
10007.00  0.9970 7.13E-06 7.15E-06                                                              2.959E-03
10008.00  0.9970 7.13E-06 7.15E-06                                                              2.962E-03
10009.00  0.9970 7.09E-06 7.11E-06                                                              2.963E-03
10010.00  0.9970 7.09E-06 7.11E-06                                                              2.965E-03
10011.00  0.9970 7.09E-06 7.11E-06                                                              2.967E-03
10012.00  0.9970 7.07E-06 7.09E-06                                                              2.968E-03
10013.00  0.9970 7.07E-06 7.09E-06                                                              2.973E-03
10014.00  0.9970 7.11E-06 7.13E-06                                                              2.971E-03
10015.00  0.9970 7.10E-06 7.12E-06                                                              2.973E-03
10016.00  0.9970 7.11E-06 7.13E-06                                                              2.976E-03
10017.00  0.9970 7.11E-06 7.14E-06                                                              2.979E-03
10018.00  0.9970 7.12E-06 7.14E-06                                                              2.982E-03
10019.00  0.9970 7.10E-06 7.12E-06                                                              2.985E-03
10020.00  0.9970 7.11E-06 7.13E-06                                                              2.993E-03
10021.00  0.9970 7.10E-06 7.12E-06                                                              2.991E-03
10022.00  0.9970 7.10E-06 7.13E-06                                                              2.994E-03
10023.00  0.9970 7.11E-06 7.13E-06                                                              2.997E-03
10024.00  0.9970 7.13E-06 7.15E-06                                                              3.000E-03
10025.00  0.9970 7.12E-06 7.15E-06                                                              3.003E-03
10026.00  0.9970 7.12E-06 7.14E-06                                                              3.005E-03
10027.00  0.9970 7.12E-06 7.14E-06                                                              3.007E-03
10028.00  0.9970 7.11E-06 7.13E-06                                                              3.009E-03
10029.00  0.9970 7.11E-06 7.13E-06                                                              3.010E-03
10030.00  0.9970 7.11E-06 7.13E-06                                                              3.015E-03
10031.00  0.9970 7.12E-06 7.14E-06                                                              3.015E-03
10032.00  0.9970 7.12E-06 7.14E-06                                                              3.018E-03
10033.00  0.9970 7.12E-06 7.15E-06                                                              3.021E-03
10034.00  0.9970 7.10E-06 7.12E-06                                                              3.024E-03
10035.00  0.9970 7.09E-06 7.12E-06                                                              3.026E-03
10036.00  0.9970 7.09E-06 7.11E-06                                                              3.031E-03
10037.00  0.9970 7.09E-06 7.11E-06                                                              3.035E-03
10038.00  0.9970 7.09E-06 7.11E-06                                                              3.039E-03
10039.00  0.9970 7.11E-06 7.13E-06                                                              3.043E-03
10040.00  0.9970 7.10E-06 7.13E-06                                                              3.049E-03
10041.00  0.9970 7.11E-06 7.13E-06                                                              3.051E-03
10042.00  0.9969 7.10E-06 7.12E-06                                                              3.057E-03
10043.00  0.9969 7.10E-06 7.13E-06                                                              3.059E-03
10044.00  0.9969 7.09E-06 7.11E-06                                                              3.062E-03
10045.00  0.9969 7.08E-06 7.10E-06                                                              3.067E-03
10046.00  0.9969 7.07E-06 7.09E-06                                                              3.070E-03
10047.00  0.9969 7.06E-06 7.08E-06                                                              3.075E-03
10048.00  0.9969 7.07E-06 7.09E-06                                                              3.077E-03
10049.00  0.9969 7.10E-06 7.12E-06                                                              3.081E-03
10050.00  0.9969 7.11E-06 7.13E-06                                                              3.085E-03
10051.00  0.9969 7.11E-06 7.13E-06                                                              3.087E-03
10052.00  0.9969 7.11E-06 7.14E-06                                                              3.089E-03
10053.00  0.9969 7.11E-06 7.13E-06                                                              3.092E-03
10054.00  0.9969 7.09E-06 7.11E-06                                                              3.094E-03
10055.00  0.9969 7.09E-06 7.11E-06                                                              3.096E-03
10056.00  0.9969 7.10E-06 7.13E-06                                                              3.100E-03
10057.00  0.9969 7.12E-06 7.14E-06                                                              3.098E-03
10058.00  0.9969 7.12E-06 7.14E-06                                                              3.100E-03
10059.00  0.9969 7.14E-06 7.16E-06                                                              3.100E-03
10060.00  0.9969 7.14E-06 7.17E-06                                                              3.101E-03
10061.00  0.9969 7.13E-06 7.15E-06                                                              3.102E-03
10062.00  0.9969 7.13E-06 7.15E-06                                                              3.103E-03
10063.00  0.9969 7.12E-06 7.14E-06                                                              3.105E-03
10064.00  0.9969 7.08E-06 7.10E-06                                                              3.104E-03
10065.00  0.9969 7.05E-06 7.07E-06                                                              3.105E-03
10066.00  0.9969 7.06E-06 7.08E-06                                                              3.105E-03
10067.00  0.9969 7.06E-06 7.09E-06                                                              3.108E-03
10068.00  0.9969 7.07E-06 7.09E-06                                                              3.108E-03
10069.00  0.9969 7.11E-06 7.13E-06                                                              3.110E-03
10070.00  0.9969 7.14E-06 7.16E-06                                                              3.110E-03
10071.00  0.9969 7.12E-06 7.14E-06                                                              3.128E-03
10072.00  0.9969 7.10E-06 7.12E-06                                                              3.116E-03
10073.00  0.9969 7.09E-06 7.11E-06                                                              3.118E-03
10074.00  0.9969 7.08E-06 7.10E-06                                                              3.122E-03
10075.00  0.9969 7.09E-06 7.11E-06                                                              3.124E-03
10076.00  0.9969 7.11E-06 7.13E-06                                                              3.130E-03
10077.00  0.9969 7.13E-06 7.16E-06                                                              3.137E-03
10078.00  0.9969 7.16E-06 7.18E-06                                                              3.146E-03
10079.00  0.9969 7.16E-06 7.19E-06                                                              3.148E-03
10080.00  0.9969 7.15E-06 7.18E-06                                                              3.153E-03
10081.00  0.9968 7.13E-06 7.16E-06                                                              3.160E-03
10082.00  0.9968 7.10E-06 7.13E-06                                                              3.168E-03
10083.00  0.9968 6.98E-06 7.00E-06                                                              3.176E-03
10084.00  0.9968 6.96E-06 6.98E-06                                                              3.182E-03
10085.00  0.9968 6.96E-06 6.98E-06                                                              3.189E-03
10086.00  0.9968 6.96E-06 6.98E-06                                                              3.190E-03
10087.00  0.9968 6.99E-06 7.01E-06                                                              3.190E-03
10088.00  0.9968 7.11E-06 7.14E-06                                                              3.194E-03
10089.00  0.9968 7.14E-06 7.16E-06                                                              3.192E-03
10090.00  0.9968 7.12E-06 7.14E-06                                                              3.198E-03
10091.00  0.9968 7.11E-06 7.13E-06                                                              3.185E-03
10092.00  0.9968 7.10E-06 7.12E-06                                                              3.178E-03
10093.00  0.9968 7.10E-06 7.12E-06                                                              3.173E-03
10094.00  0.9968 7.09E-06 7.11E-06                                                              3.163E-03
10095.00  0.9968 7.10E-06 7.12E-06                                                              3.156E-03
10096.00  0.9969 7.08E-06 7.11E-06                                                              3.147E-03
10097.00  0.9969 6.95E-06 6.97E-06                                                              3.142E-03
10098.00  0.9969 6.92E-06 6.95E-06                                                              3.137E-03
10099.00  0.9969 6.92E-06 6.95E-06                                                              3.129E-03
10100.00  0.9969 6.94E-06 6.96E-06                                                              3.114E-03
10101.00  0.9969 6.98E-06 7.00E-06                                                              3.111E-03
10102.00  0.9969 7.12E-06 7.14E-06                                                              3.105E-03
10103.00  0.9969 7.15E-06 7.17E-06                                                              3.096E-03
10104.00  0.9969 7.15E-06 7.18E-06                                                              3.094E-03
10105.00  0.9969 7.10E-06 7.12E-06                                                              3.085E-03
10106.00  0.9969 7.00E-06 7.02E-06                                                              3.082E-03
10107.00  0.9969 6.87E-06 6.89E-06                                                              3.080E-03
10108.00  0.9969 6.81E-06 6.83E-06                                                              3.077E-03
10109.00  0.9969 6.79E-06 6.81E-06                                                              3.076E-03
10110.00  0.9969 6.83E-06 6.85E-06                                                              3.073E-03
10111.00  0.9969 6.93E-06 6.95E-06                                                              3.071E-03
10112.00  0.9969 7.06E-06 7.08E-06                                                              3.070E-03
10113.00  0.9969 7.12E-06 7.14E-06                                                              3.070E-03
10114.00  0.9969 7.14E-06 7.16E-06                                                              3.069E-03
10115.00  0.9969 7.10E-06 7.12E-06                                                              3.067E-03
10116.00  0.9969 7.08E-06 7.10E-06                                                              3.066E-03
10117.00  0.9969 7.08E-06 7.10E-06                                                              3.066E-03
10118.00  0.9969 7.08E-06 7.10E-06                                                              3.065E-03
10119.00  0.9969 7.10E-06 7.12E-06                                                              3.067E-03
10120.00  0.9969 7.15E-06 7.17E-06                                                              3.067E-03
10121.00  0.9969 7.17E-06 7.19E-06                                                              3.066E-03
10122.00  0.9969 7.16E-06 7.18E-06                                                              3.063E-03
10123.00  0.9969 7.13E-06 7.15E-06                                                              3.063E-03
10124.00  0.9969 7.01E-06 7.03E-06                                                              3.067E-03
10125.00  0.9969 6.97E-06 6.99E-06                                                              3.083E-03
10126.00  0.9969 6.96E-06 6.98E-06                                                              3.062E-03
10127.00  0.9969 6.97E-06 6.99E-06                                                              3.061E-03
10128.00  0.9969 7.00E-06 7.02E-06                                                              3.060E-03
10129.00  0.9969 7.08E-06 7.11E-06                                                              3.069E-03
10130.00  0.9969 7.12E-06 7.14E-06                                                              3.063E-03
10131.00  0.9969 7.13E-06 7.15E-06                                                              3.068E-03
10132.00  0.9969 7.12E-06 7.14E-06                                                              3.060E-03
10133.00  0.9969 7.12E-06 7.14E-06                                                              3.058E-03
10134.00  0.9969 7.12E-06 7.14E-06                                                              3.062E-03
10135.00  0.9969 7.00E-06 7.02E-06                                                              3.058E-03
10136.00  0.9969 6.96E-06 6.98E-06                                                              3.057E-03
10137.00  0.9969 6.96E-06 6.98E-06                                                              3.057E-03
10138.00  0.9969 6.95E-06 6.97E-06                                                              3.059E-03
10139.00  0.9969 6.97E-06 6.99E-06                                                              3.056E-03
10140.00  0.9969 7.08E-06 7.10E-06                                                              3.056E-03
10141.00  0.9969 7.11E-06 7.14E-06                                                              3.056E-03
10142.00  0.9969 7.11E-06 7.13E-06                                                              3.063E-03
10143.00  0.9969 7.10E-06 7.12E-06                                                              3.056E-03
10144.00  0.9969 7.10E-06 7.12E-06                                                              3.056E-03
10145.00  0.9969 7.09E-06 7.11E-06                                                              3.057E-03
10146.00  0.9969 7.09E-06 7.11E-06                                                              3.060E-03
10147.00  0.9969 7.08E-06 7.10E-06                                                              3.056E-03
10148.00  0.9969 7.09E-06 7.11E-06                                                              3.056E-03
10149.00  0.9969 7.09E-06 7.11E-06                                                              3.060E-03
10150.00  0.9969 7.09E-06 7.11E-06                                                              3.068E-03
10151.00  0.9969 7.10E-06 7.12E-06                                                              3.095E-03
10152.00  0.9969 7.12E-06 7.14E-06                                                              3.062E-03
10153.00  0.9969 7.14E-06 7.16E-06                                                              3.060E-03
10154.00  0.9969 7.13E-06 7.15E-06                                                              3.061E-03
10155.00  0.9969 7.06E-06 7.08E-06                                                              3.060E-03
10156.00  0.9969 7.04E-06 7.06E-06                                                              3.072E-03
10157.00  0.9969 7.04E-06 7.07E-06                                                              3.083E-03
10158.00  0.9969 7.03E-06 7.05E-06                                                              3.055E-03
10159.00  0.9969 7.03E-06 7.05E-06                                                              3.055E-03
10160.00  0.9969 7.11E-06 7.13E-06                                                              3.065E-03
10161.00  0.9969 7.13E-06 7.16E-06                                                              3.057E-03
10162.00  0.9969 7.13E-06 7.15E-06                                                              3.057E-03
10163.00  0.9969 7.11E-06 7.13E-06                                                              3.058E-03
10164.00  0.9969 7.04E-06 7.06E-06                                                              3.063E-03
10165.00  0.9969 7.01E-06 7.03E-06                                                              3.057E-03
10166.00  0.9969 6.98E-06 7.00E-06                                                              3.057E-03
10167.00  0.9969 6.99E-06 7.01E-06                                                              3.058E-03
10168.00  0.9969 7.01E-06 7.03E-06                                                              3.107E-03
10169.00  0.9969 7.09E-06 7.11E-06                                                              3.066E-03
10170.00  0.9969 7.10E-06 7.12E-06                                                              3.059E-03
10171.00  0.9969 7.10E-06 7.13E-06                                                              3.060E-03
10172.00  0.9969 7.09E-06 7.11E-06                                                              3.059E-03
10173.00  0.9969 7.08E-06 7.10E-06                                                              3.064E-03
10174.00  0.9969 7.07E-06 7.09E-06                                                              3.080E-03
10175.00  0.9968 7.09E-06 7.11E-06                                                              3.158E-03
10176.00  0.9969 7.10E-06 7.12E-06                                                              3.095E-03
10177.00  0.9969 7.07E-06 7.09E-06                                                              3.068E-03
10178.00  0.9969 7.07E-06 7.10E-06                                                              3.063E-03
10179.00  0.9969 7.09E-06 7.11E-06                                                              3.086E-03
10180.00  0.9969 7.09E-06 7.11E-06                                                              3.064E-03
10181.00  0.9969 7.09E-06 7.11E-06                                                              3.064E-03
10182.00  0.9969 7.13E-06 7.15E-06                                                              3.066E-03
10183.00  0.9969 7.13E-06 7.15E-06                                                              3.093E-03
10184.00  0.9969 7.13E-06 7.15E-06                                                              3.071E-03
10185.00  0.9969 7.12E-06 7.14E-06                                                              3.095E-03
10186.00  0.9969 7.13E-06 7.15E-06                                                              3.068E-03
10187.00  0.9969 7.11E-06 7.13E-06                                                              3.108E-03
10188.00  0.9969 7.12E-06 7.14E-06                                                              3.069E-03
10189.00  0.9969 7.11E-06 7.13E-06                                                              3.080E-03
10190.00  0.9969 7.11E-06 7.13E-06                                                              3.070E-03
10191.00  0.9969 7.10E-06 7.12E-06                                                              3.075E-03
10192.00  0.9969 7.12E-06 7.14E-06                                                              3.089E-03
10193.00  0.9969 7.11E-06 7.14E-06                                                              3.075E-03
10194.00  0.9969 7.13E-06 7.15E-06                                                              3.073E-03
10195.00  0.9969 7.13E-06 7.15E-06                                                              3.076E-03
10196.00  0.9969 7.13E-06 7.15E-06                                                              3.085E-03
10197.00  0.9969 7.12E-06 7.14E-06                                                              3.075E-03
10198.00  0.9969 7.10E-06 7.13E-06                                                              3.144E-03
10199.00  0.9969 6.99E-06 7.01E-06                                                              3.088E-03
10200.00  0.9967 6.98E-06 7.00E-06                                                              3.278E-03
10201.00  0.9969 6.97E-06 6.99E-06                                                              3.079E-03
10202.00  0.9968 6.96E-06 6.98E-06                                                              3.180E-03
10203.00  0.9969 6.97E-06 7.00E-06                                                              3.084E-03
10204.00  0.9969 7.08E-06 7.10E-06                                                              3.083E-03
10205.00  0.9969 7.09E-06 7.11E-06                                                              3.081E-03
10206.00  0.9969 7.11E-06 7.13E-06                                                              3.100E-03
10207.00  0.9969 7.12E-06 7.14E-06                                                              3.084E-03
10208.00  0.9967 7.13E-06 7.15E-06                                                              3.328E-03
10209.00  0.9969 7.13E-06 7.15E-06                                                              3.097E-03
10210.00  0.9969 7.12E-06 7.15E-06                                                              3.094E-03
10211.00  0.9968 7.07E-06 7.09E-06                                                              3.252E-03
10212.00  0.9969 6.96E-06 6.98E-06                                                              3.093E-03
10213.00  0.9969 6.89E-06 6.91E-06                                                              3.092E-03
10214.00  0.9969 6.88E-06 6.90E-06                                                              3.090E-03
10215.00  0.9969 6.86E-06 6.88E-06                                                              3.142E-03
10216.00  0.9969 6.86E-06 6.88E-06                                                              3.098E-03
10217.00  0.9969 6.91E-06 6.93E-06                                                              3.094E-03
10218.00  0.9969 6.97E-06 7.00E-06                                                              3.093E-03
10219.00  0.9969 6.96E-06 6.98E-06                                                              3.106E-03
10220.00  0.9965 6.97E-06 7.00E-06                                                              3.461E-03
10221.00  0.9969 7.03E-06 7.05E-06                                                              3.097E-03
10222.00  0.9969 7.10E-06 7.12E-06                                                              3.098E-03
10223.00  0.9968 7.10E-06 7.13E-06                                                              3.223E-03
10224.00  0.9969 7.14E-06 7.16E-06                                                              3.100E-03
10225.00  0.9968 7.16E-06 7.18E-06                                                              3.168E-03
10226.00  0.9969 7.16E-06 7.19E-06                                                              3.102E-03
10227.00  0.9969 7.16E-06 7.19E-06                                                              3.103E-03
10228.00  0.9969 7.16E-06 7.18E-06                                                              3.137E-03
10229.00  0.9968 7.13E-06 7.15E-06                                                              3.195E-03
10230.00  0.9969 7.07E-06 7.10E-06                                                              3.107E-03
10231.00  0.9969 7.05E-06 7.07E-06                                                              3.105E-03
10232.00  0.9969 7.00E-06 7.02E-06                                                              3.105E-03
10233.00  0.9969 7.00E-06 7.03E-06                                                              3.107E-03
10234.00  0.9968 7.03E-06 7.05E-06                                                              3.157E-03
10235.00  0.9969 7.06E-06 7.08E-06                                                              3.109E-03
10236.00  0.9969 7.05E-06 7.07E-06                                                              3.109E-03
10237.00  0.9968 6.97E-06 6.99E-06                                                              3.202E-03
10238.00  0.9969 6.89E-06 6.92E-06                                                              3.112E-03
10239.00  0.9969 6.88E-06 6.90E-06                                                              3.125E-03
10240.00  0.9966 6.90E-06 6.92E-06                                                              3.420E-03
10241.00  0.9969 6.92E-06 6.95E-06                                                              3.152E-03
10242.00  0.9969 7.04E-06 7.06E-06                                                              3.116E-03
10243.00  0.9969 7.11E-06 7.13E-06                                                              3.116E-03
10244.00  0.9969 7.10E-06 7.13E-06                                                              3.127E-03
10245.00  0.9969 7.09E-06 7.12E-06                                                              3.155E-03
10246.00  0.9963 7.10E-06 7.13E-06                                                              3.660E-03
10247.00  0.9969 7.10E-06 7.13E-06                                                              3.153E-03
10248.00  0.9969 7.12E-06 7.14E-06                                                              3.137E-03
10249.00  0.9969 7.13E-06 7.16E-06                                                              3.124E-03
10250.00  0.9966 7.15E-06 7.17E-06                                                              3.412E-03
10251.00  0.9969 7.15E-06 7.17E-06                                                              3.125E-03
10252.00  0.9969 7.16E-06 7.18E-06                                                              3.124E-03
10253.00  0.9969 7.15E-06 7.17E-06                                                              3.125E-03
10254.00  0.9963 7.07E-06 7.10E-06                                                              3.680E-03
10255.00  0.9969 7.00E-06 7.02E-06                                                              3.135E-03
10256.00  0.9969 6.99E-06 7.02E-06                                                              3.138E-03
10257.00  0.9969 6.99E-06 7.01E-06                                                              3.134E-03
10258.00  0.9969 6.91E-06 6.93E-06                                                              3.130E-03
10259.00  0.9969 6.96E-06 6.99E-06                                                              3.139E-03
10260.00  0.9961 7.03E-06 7.05E-06                                                              3.883E-03
10261.00  0.9969 7.04E-06 7.06E-06                                                              3.141E-03
10262.00  0.9969 7.03E-06 7.05E-06                                                              3.150E-03
10263.00  0.9969 7.06E-06 7.08E-06                                                              3.136E-03
10264.00  0.9969 6.91E-06 6.93E-06                                                              3.136E-03
10265.00  0.9969 6.85E-06 6.88E-06                                                              3.150E-03
10266.00  0.9968 6.83E-06 6.86E-06                                                              3.200E-03
10267.00  0.9968 6.84E-06 6.86E-06                                                              3.183E-03
10268.00  0.9965 6.85E-06 6.87E-06                                                              3.471E-03
10269.00  0.9966 7.02E-06 7.04E-06                                                              3.428E-03
10270.00  0.9969 7.06E-06 7.08E-06                                                              3.154E-03
10271.00  0.9969 7.08E-06 7.10E-06                                                              3.142E-03
10272.00  0.9969 7.07E-06 7.10E-06                                                              3.144E-03
10273.00  0.9969 7.11E-06 7.14E-06                                                              3.150E-03
10274.00  0.9967 7.05E-06 7.07E-06                                                              3.265E-03
10275.00  0.9969 7.01E-06 7.03E-06                                                              3.146E-03
10276.00  0.9969 6.99E-06 7.02E-06                                                              3.154E-03
10277.00  0.9968 7.01E-06 7.03E-06                                                              3.161E-03
10278.00  0.9968 7.02E-06 7.05E-06                                                              3.160E-03
10279.00  0.9969 7.09E-06 7.11E-06                                                              3.153E-03
10280.00  0.9967 7.11E-06 7.14E-06                                                              3.334E-03
10281.00  0.9968 7.12E-06 7.14E-06                                                              3.156E-03
10282.00  0.9966 7.12E-06 7.14E-06                                                              3.416E-03
10283.00  0.9969 7.11E-06 7.14E-06                                                              3.155E-03
10284.00  0.9968 7.10E-06 7.12E-06                                                              3.159E-03
10285.00  0.9968 7.11E-06 7.13E-06                                                              3.156E-03
10286.00  0.9968 7.12E-06 7.14E-06                                                              3.162E-03
10287.00  0.9968 7.10E-06 7.12E-06                                                              3.158E-03
10288.00  0.9968 7.09E-06 7.11E-06                                                              3.162E-03
10289.00  0.9968 7.09E-06 7.11E-06                                                              3.168E-03
10290.00  0.9963 7.09E-06 7.11E-06                                                              3.722E-03
10291.00  0.9968 7.10E-06 7.12E-06                                                              3.167E-03
10292.00  0.9968 7.11E-06 7.13E-06                                                              3.166E-03
10293.00  0.9968 7.12E-06 7.14E-06                                                              3.168E-03
10294.00  0.9968 7.14E-06 7.16E-06                                                              3.170E-03
10295.00  0.9968 7.12E-06 7.14E-06                                                              3.169E-03
10296.00  0.9968 7.10E-06 7.12E-06                                                              3.170E-03
10297.00  0.9967 7.09E-06 7.11E-06                                                              3.306E-03
10298.00  0.9968 7.00E-06 7.02E-06                                                              3.173E-03
10299.00  0.9968 6.96E-06 6.98E-06                                                              3.172E-03
10300.00  0.9968 6.98E-06 7.00E-06                                                              3.173E-03
10301.00  0.9968 6.97E-06 6.99E-06                                                              3.187E-03
10302.00  0.9968 6.95E-06 6.97E-06                                                              3.176E-03
10303.00  0.9968 7.03E-06 7.05E-06                                                              3.176E-03
10304.00  0.9968 7.07E-06 7.09E-06                                                              3.181E-03
10305.00  0.9963 7.06E-06 7.09E-06                                                              3.709E-03
10306.00  0.9968 7.08E-06 7.10E-06                                                              3.210E-03
10307.00  0.9968 7.12E-06 7.14E-06                                                              3.197E-03
10308.00  0.9968 7.14E-06 7.16E-06                                                              3.230E-03
10309.00  0.9968 7.13E-06 7.15E-06                                                              3.185E-03
10310.00  0.9968 7.13E-06 7.15E-06                                                              3.185E-03
10311.00  0.9968 7.10E-06 7.12E-06                                                              3.188E-03
10312.00  0.9968 7.10E-06 7.12E-06                                                              3.200E-03
10313.00  0.9968 7.10E-06 7.12E-06                                                              3.197E-03
10314.00  0.9968 7.09E-06 7.11E-06                                                              3.191E-03
10315.00  0.9967 7.07E-06 7.10E-06                                                              3.303E-03
10316.00  0.9968 7.00E-06 7.02E-06                                                              3.194E-03
10317.00  0.9968 6.98E-06 7.01E-06                                                              3.205E-03
10318.00  0.9968 6.98E-06 7.00E-06                                                              3.197E-03
10319.00  0.9968 6.98E-06 7.00E-06                                                              3.209E-03
10320.00  0.9968 7.00E-06 7.02E-06                                                              3.198E-03
10321.00  0.9968 7.09E-06 7.11E-06                                                              3.225E-03
10322.00  0.9968 7.11E-06 7.13E-06                                                              3.206E-03
10323.00  0.9968 7.12E-06 7.14E-06                                                              3.218E-03
10324.00  0.9968 7.12E-06 7.14E-06                                                              3.203E-03
10325.00  0.9968 7.10E-06 7.12E-06                                                              3.224E-03
10326.00  0.9968 7.10E-06 7.12E-06                                                              3.255E-03
10327.00  0.9961 7.10E-06 7.12E-06                                                              3.955E-03
10328.00  0.9968 7.10E-06 7.13E-06                                                              3.221E-03
10329.00  0.9968 7.09E-06 7.11E-06                                                              3.209E-03
10330.00  0.9968 7.04E-06 7.06E-06                                                              3.210E-03
10331.00  0.9968 6.94E-06 6.96E-06                                                              3.212E-03
10332.00  0.9968 6.92E-06 6.94E-06                                                              3.216E-03
10333.00  0.9968 6.90E-06 6.92E-06                                                              3.217E-03
10334.00  0.9968 6.91E-06 6.94E-06                                                              3.217E-03
10335.00  0.9968 6.98E-06 7.00E-06                                                              3.217E-03
10336.00  0.9968 7.02E-06 7.05E-06                                                              3.218E-03
10337.00  0.9968 7.04E-06 7.06E-06                                                              3.221E-03
10338.00  0.9962 7.05E-06 7.08E-06                                                              3.831E-03
10339.00  0.9968 7.06E-06 7.09E-06                                                              3.234E-03
10340.00  0.9968 7.08E-06 7.10E-06                                                              3.247E-03
10341.00  0.9968 7.12E-06 7.14E-06                                                              3.255E-03
10342.00  0.9967 7.11E-06 7.13E-06                                                              3.258E-03
10343.00  0.9968 7.10E-06 7.12E-06                                                              3.235E-03
10344.00  0.9965 7.10E-06 7.13E-06                                                              3.534E-03
10345.00  0.9968 7.08E-06 7.10E-06                                                              3.245E-03
10346.00  0.9967 7.08E-06 7.11E-06                                                              3.294E-03
10347.00  0.9959 7.09E-06 7.12E-06                                                              4.148E-03
10348.00  0.9965 7.03E-06 7.05E-06                                                              3.514E-03
10349.00  0.9966 6.86E-06 6.88E-06                                                              3.361E-03
10350.00  0.9968 6.78E-06 6.81E-06                                                              3.240E-03
10351.00  0.9968 6.77E-06 6.79E-06                                                              3.240E-03
10352.00  0.9966 6.77E-06 6.79E-06                                                              3.446E-03
10353.00  0.9967 6.83E-06 6.85E-06                                                              3.256E-03
10354.00  0.9968 6.93E-06 6.95E-06                                                              3.251E-03
10355.00  0.9967 6.96E-06 6.99E-06                                                              3.340E-03
10356.00  0.9968 6.98E-06 7.00E-06                                                              3.254E-03
10357.00  0.9966 6.99E-06 7.01E-06                                                              3.388E-03
10358.00  0.9967 6.96E-06 6.99E-06                                                              3.275E-03
10359.00  0.9967 7.03E-06 7.05E-06                                                              3.258E-03
10360.00  0.9967 7.08E-06 7.11E-06                                                              3.293E-03
10361.00  0.9967 7.03E-06 7.06E-06                                                              3.330E-03
10362.00  0.9967 7.01E-06 7.03E-06                                                              3.277E-03
10363.00  0.9967 7.02E-06 7.04E-06                                                              3.255E-03
10364.00  0.9965 7.02E-06 7.04E-06                                                              3.528E-03
10365.00  0.9958 7.02E-06 7.05E-06                                                              4.178E-03
10366.00  0.9967 7.08E-06 7.11E-06                                                              3.258E-03
10367.00  0.9967 7.11E-06 7.14E-06                                                              3.319E-03
10368.00  0.9967 7.13E-06 7.15E-06                                                              3.261E-03
10369.00  0.9967 7.11E-06 7.13E-06                                                              3.275E-03
10370.00  0.9966 7.03E-06 7.05E-06                                                              3.387E-03
10371.00  0.9967 6.96E-06 6.98E-06                                                              3.263E-03
10372.00  0.9967 6.93E-06 6.95E-06                                                              3.281E-03
10373.00  0.9955 6.92E-06 6.96E-06                                                              4.474E-03
10374.00  0.9966 6.93E-06 6.96E-06                                                              3.382E-03
10375.00  0.9966 6.90E-06 6.93E-06                                                              3.423E-03
10376.00  0.9967 6.94E-06 6.97E-06                                                              3.283E-03
10377.00  0.9967 6.96E-06 6.99E-06                                                              3.268E-03
10378.00  0.9967 6.97E-06 6.99E-06                                                              3.292E-03
10379.00  0.9967 7.00E-06 7.02E-06                                                              3.272E-03
10380.00  0.9967 7.12E-06 7.15E-06                                                              3.273E-03
10381.00  0.9967 7.16E-06 7.18E-06                                                              3.289E-03
10382.00  0.9967 7.14E-06 7.17E-06                                                              3.290E-03
10383.00  0.9966 7.00E-06 7.03E-06                                                              3.388E-03
10384.00  0.9967 6.95E-06 6.97E-06                                                              3.277E-03
10385.00  0.9960 6.92E-06 6.95E-06                                                              3.968E-03
10386.00  0.9966 6.90E-06 6.93E-06                                                              3.423E-03
10387.00  0.9966 6.91E-06 6.93E-06                                                              3.357E-03
10388.00  0.9967 7.02E-06 7.04E-06                                                              3.283E-03
10389.00  0.9964 6.93E-06 6.95E-06                                                              3.654E-03
10390.00  0.9967 6.91E-06 6.94E-06                                                              3.302E-03
10391.00  0.9957 6.93E-06 6.96E-06                                                              4.273E-03
10392.00  0.9964 6.94E-06 6.97E-06                                                              3.656E-03
10393.00  0.9967 6.95E-06 6.97E-06                                                              3.289E-03
10394.00  0.9965 7.09E-06 7.11E-06                                                              3.485E-03
10395.00  0.9967 7.10E-06 7.13E-06                                                              3.290E-03
10396.00  0.9967 7.10E-06 7.13E-06                                                              3.290E-03
10397.00  0.9966 7.12E-06 7.15E-06                                                              3.415E-03
10398.00  0.9965 7.15E-06 7.17E-06                                                              3.479E-03
10399.00  0.9967 7.15E-06 7.17E-06                                                              3.345E-03
10400.00  0.9967 7.18E-06 7.20E-06                                                              3.307E-03
10401.00  0.9967 7.18E-06 7.20E-06                                                              3.300E-03
10402.00  0.9967 7.15E-06 7.17E-06                                                              3.325E-03
10403.00  0.9965 7.12E-06 7.14E-06                                                              3.503E-03
10404.00  0.9967 7.05E-06 7.08E-06                                                              3.314E-03
10405.00  0.9966 7.00E-06 7.03E-06                                                              3.407E-03
10406.00  0.9967 6.97E-06 6.99E-06                                                              3.311E-03
10407.00  0.9964 6.94E-06 6.97E-06                                                              3.620E-03
10408.00  0.9958 6.91E-06 6.94E-06                                                              4.256E-03
10409.00  0.9964 6.92E-06 6.95E-06                                                              3.602E-03
10410.00  0.9967 6.95E-06 6.97E-06                                                              3.347E-03
10411.00  0.9967 6.97E-06 6.99E-06                                                              3.311E-03
10412.00  0.9967 6.95E-06 6.97E-06                                                              3.314E-03
10413.00  0.9966 6.98E-06 7.01E-06                                                              3.402E-03
10414.00  0.9966 7.03E-06 7.05E-06                                                              3.369E-03
10415.00  0.9962 7.01E-06 7.04E-06                                                              3.757E-03
10416.00  0.9964 7.00E-06 7.02E-06                                                              3.562E-03
10417.00  0.9967 7.06E-06 7.08E-06                                                              3.324E-03
10418.00  0.9966 7.08E-06 7.11E-06                                                              3.397E-03
10419.00  0.9966 7.07E-06 7.10E-06                                                              3.367E-03
10420.00  0.9964 7.10E-06 7.13E-06                                                              3.618E-03
10421.00  0.9967 7.13E-06 7.15E-06                                                              3.331E-03
10422.00  0.9960 7.11E-06 7.14E-06                                                              4.000E-03
10423.00  0.9962 7.11E-06 7.14E-06                                                              3.805E-03
10424.00  0.9964 7.12E-06 7.15E-06                                                              3.568E-03
10425.00  0.9965 7.10E-06 7.13E-06                                                              3.469E-03
10426.00  0.9960 7.10E-06 7.12E-06                                                              3.989E-03
10427.00  0.9967 7.08E-06 7.10E-06                                                              3.339E-03
10428.00  0.9965 7.08E-06 7.10E-06                                                              3.472E-03
10429.00  0.9966 7.08E-06 7.11E-06                                                              3.421E-03
10430.00  0.9967 7.10E-06 7.13E-06                                                              3.354E-03
10431.00  0.9967 7.10E-06 7.13E-06                                                              3.347E-03
10432.00  0.9966 7.13E-06 7.15E-06                                                              3.358E-03
10433.00  0.9967 7.12E-06 7.15E-06                                                              3.354E-03
10434.00  0.9955 7.11E-06 7.14E-06                                                              4.470E-03
10435.00  0.9963 7.11E-06 7.13E-06                                                              3.677E-03
10436.00  0.9962 7.11E-06 7.13E-06                                                              3.846E-03
10437.00  0.9966 7.12E-06 7.14E-06                                                              3.358E-03
10438.00  0.9967 7.11E-06 7.13E-06                                                              3.354E-03
10439.00  0.9965 7.08E-06 7.10E-06                                                              3.516E-03
10440.00  0.9966 7.02E-06 7.04E-06                                                              3.417E-03
10441.00  0.9966 7.00E-06 7.03E-06                                                              3.358E-03
10442.00  0.9966 6.97E-06 7.00E-06                                                              3.370E-03
10443.00  0.9966 6.96E-06 6.98E-06                                                              3.386E-03
10444.00  0.9966 6.91E-06 6.94E-06                                                              3.366E-03
10445.00  0.9961 6.88E-06 6.91E-06                                                              3.906E-03
10446.00  0.9966 6.86E-06 6.88E-06                                                              3.430E-03
10447.00  0.9966 6.89E-06 6.91E-06                                                              3.373E-03
10448.00  0.9963 6.92E-06 6.94E-06                                                              3.706E-03
10449.00  0.9966 7.00E-06 7.03E-06                                                              3.373E-03
10450.00  0.9952 7.08E-06 7.12E-06                                                              4.780E-03
10451.00  0.9966 7.11E-06 7.13E-06                                                              3.384E-03
10452.00  0.9959 7.09E-06 7.12E-06                                                              4.148E-03
10453.00  0.9963 7.07E-06 7.10E-06                                                              3.676E-03
10454.00  0.9963 7.03E-06 7.05E-06                                                              3.755E-03
10455.00  0.9965 7.03E-06 7.06E-06                                                              3.534E-03
10456.00  0.9966 7.05E-06 7.08E-06                                                              3.384E-03
10457.00  0.9966 7.06E-06 7.09E-06                                                              3.386E-03
10458.00  0.9966 7.06E-06 7.08E-06                                                              3.394E-03
10459.00  0.9965 7.04E-06 7.07E-06                                                              3.530E-03
10460.00  0.9958 7.03E-06 7.06E-06                                                              4.251E-03
10461.00  0.9964 7.03E-06 7.05E-06                                                              3.592E-03
10462.00  0.9964 7.00E-06 7.03E-06                                                              3.656E-03
10463.00  0.9964 6.97E-06 7.00E-06                                                              3.640E-03
10464.00  0.9963 6.98E-06 7.01E-06                                                              3.672E-03
10465.00  0.9953 6.93E-06 6.96E-06                                                              4.700E-03
10466.00  0.9966 6.89E-06 6.91E-06                                                              3.406E-03
10467.00  0.9966 6.86E-06 6.88E-06                                                              3.409E-03
10468.00  0.9965 6.81E-06 6.83E-06                                                              3.504E-03
10469.00  0.9966 6.74E-06 6.76E-06                                                              3.400E-03
10470.00  0.9964 6.60E-06 6.62E-06                                                              3.598E-03
10471.00  0.9966 6.39E-06 6.41E-06                                                              3.411E-03
10472.00  0.9965 6.28E-06 6.30E-06                                                              3.501E-03
10473.00  0.9964 6.26E-06 6.28E-06                                                              3.648E-03
10474.00  0.9966 6.31E-06 6.33E-06                                                              3.427E-03
10475.00  0.9929 6.45E-06 6.49E-06                                                              7.107E-03
10476.00  0.9966 6.70E-06 6.73E-06                                                              3.415E-03
10477.00  0.9966 6.84E-06 6.86E-06                                                              3.424E-03
10478.00  0.9961 6.94E-06 6.97E-06                                                              3.928E-03
10479.00  0.9966 7.00E-06 7.02E-06                                                              3.420E-03
10480.00  0.9966 7.02E-06 7.05E-06                                                              3.411E-03
10481.00  0.9964 7.00E-06 7.03E-06                                                              3.632E-03
10482.00  0.9966 6.99E-06 7.02E-06                                                              3.418E-03
10483.00  0.9965 6.94E-06 6.97E-06                                                              3.511E-03
10484.00  0.9955 6.94E-06 6.97E-06                                                              4.461E-03
10485.00  0.9966 6.97E-06 6.99E-06                                                              3.449E-03
10486.00  0.9966 7.02E-06 7.04E-06                                                              3.425E-03
10487.00  0.9965 7.05E-06 7.08E-06                                                              3.540E-03
10488.00  0.9965 7.10E-06 7.12E-06                                                              3.534E-03
10489.00  0.9965 7.03E-06 7.05E-06                                                              3.465E-03
10490.00  0.9966 7.02E-06 7.04E-06                                                              3.429E-03
10491.00  0.9963 6.99E-06 7.02E-06                                                              3.704E-03
10492.00  0.9956 6.95E-06 6.99E-06                                                              4.373E-03
10493.00  0.9964 6.98E-06 7.00E-06                                                              3.615E-03
10494.00  0.9965 7.06E-06 7.08E-06                                                              3.470E-03
10495.00  0.9965 7.07E-06 7.10E-06                                                              3.458E-03
10496.00  0.9958 7.10E-06 7.13E-06                                                              4.199E-03
10497.00  0.9965 7.16E-06 7.18E-06                                                              3.551E-03
10498.00  0.9965 7.16E-06 7.19E-06                                                              3.480E-03
10499.00  0.9922 7.07E-06 7.12E-06                                                              7.860E-03
10500.00  0.9965 7.08E-06 7.11E-06                                                              3.470E-03
10501.00  0.9965 7.05E-06 7.07E-06                                                              3.537E-03
10502.00  0.9955 7.02E-06 7.05E-06                                                              4.527E-03
10503.00  0.9965 7.03E-06 7.05E-06                                                              3.470E-03
10504.00  0.9962 7.09E-06 7.12E-06                                                              3.826E-03
10505.00  0.9939 7.09E-06 7.13E-06                                                              6.125E-03
10506.00  0.9965 7.13E-06 7.15E-06                                                              3.474E-03
10507.00  0.9964 7.10E-06 7.13E-06                                                              3.585E-03
10508.00  0.9964 7.10E-06 7.13E-06                                                              3.612E-03
10509.00  0.9964 7.08E-06 7.11E-06                                                              3.564E-03
10510.00  0.9965 7.04E-06 7.06E-06                                                              3.479E-03
10511.00  0.9965 7.04E-06 7.06E-06                                                              3.487E-03
10512.00  0.9964 7.06E-06 7.09E-06                                                              3.622E-03
10513.00  0.9965 7.06E-06 7.08E-06                                                              3.497E-03
10514.00  0.9965 7.06E-06 7.09E-06                                                              3.517E-03
10515.00  0.9965 7.08E-06 7.11E-06                                                              3.511E-03
10516.00  0.9965 7.02E-06 7.04E-06                                                              3.506E-03
10517.00  0.9963 7.00E-06 7.03E-06                                                              3.684E-03
10518.00  0.9965 7.01E-06 7.03E-06                                                              3.506E-03
10519.00  0.9965 6.98E-06 7.00E-06                                                              3.530E-03
10520.00  0.9965 6.99E-06 7.01E-06                                                              3.527E-03
10521.00  0.9964 7.05E-06 7.08E-06                                                              3.568E-03
10522.00  0.9903 7.05E-06 7.11E-06                                                              9.744E-03
10523.00  0.9962 7.10E-06 7.12E-06                                                              3.804E-03
10524.00  0.9960 7.13E-06 7.16E-06                                                              3.984E-03
10525.00  0.9965 7.15E-06 7.17E-06                                                              3.555E-03
10526.00  0.9959 7.13E-06 7.16E-06                                                              4.072E-03
10527.00  0.9964 7.08E-06 7.11E-06                                                              3.579E-03
10528.00  0.9965 7.06E-06 7.09E-06                                                              3.546E-03
10529.00  0.9964 7.06E-06 7.09E-06                                                              3.593E-03
10530.00  0.9916 7.04E-06 7.10E-06                                                              8.407E-03
10531.00  0.9956 7.09E-06 7.12E-06                                                              4.429E-03
10532.00  0.9965 7.15E-06 7.17E-06                                                              3.542E-03
10533.00  0.9964 7.17E-06 7.20E-06                                                              3.593E-03
10534.00  0.9965 7.16E-06 7.18E-06                                                              3.545E-03
10535.00  0.9964 7.14E-06 7.16E-06                                                              3.594E-03
10536.00  0.9965 7.12E-06 7.15E-06                                                              3.551E-03
10537.00  0.9963 7.07E-06 7.10E-06                                                              3.674E-03
10538.00  0.9964 7.04E-06 7.07E-06                                                              3.615E-03
10539.00  0.9963 7.06E-06 7.09E-06                                                              3.721E-03
10540.00  0.9964 7.09E-06 7.11E-06                                                              3.614E-03
10541.00  0.9964 7.09E-06 7.12E-06                                                              3.592E-03
10542.00  0.9964 7.10E-06 7.13E-06                                                              3.581E-03
10543.00  0.9959 7.12E-06 7.15E-06                                                              4.074E-03
10544.00  0.9896 7.07E-06 7.14E-06                                                              1.050E-02
10545.00  0.9944 7.08E-06 7.12E-06                                                              5.648E-03
10546.00  0.9962 7.09E-06 7.11E-06                                                              3.818E-03
10547.00  0.9964 7.10E-06 7.13E-06                                                              3.618E-03
10548.00  0.9964 7.11E-06 7.13E-06                                                              3.595E-03
10549.00  0.9964 7.10E-06 7.12E-06                                                              3.651E-03
10550.00  0.9962 7.06E-06 7.09E-06                                                              3.807E-03
10551.00  0.9961 7.06E-06 7.09E-06                                                              3.930E-03
10552.00  0.9958 7.08E-06 7.11E-06                                                              4.181E-03
10553.00  0.9964 7.08E-06 7.10E-06                                                              3.650E-03
10554.00  0.9964 7.08E-06 7.10E-06                                                              3.624E-03
10555.00  0.9964 7.09E-06 7.11E-06                                                              3.623E-03
10556.00  0.9962 7.09E-06 7.12E-06                                                              3.841E-03
10557.00  0.9949 7.08E-06 7.12E-06                                                              5.143E-03
10558.00  0.9960 7.09E-06 7.11E-06                                                              4.025E-03
10559.00  0.9963 7.09E-06 7.11E-06                                                              3.728E-03
10560.00  0.9963 7.13E-06 7.15E-06                                                              3.696E-03
10561.00  0.9964 7.11E-06 7.13E-06                                                              3.650E-03
10562.00  0.9962 7.00E-06 7.03E-06                                                              3.854E-03
10563.00  0.9961 6.93E-06 6.96E-06                                                              3.883E-03
10564.00  0.9964 6.94E-06 6.97E-06                                                              3.655E-03
10565.00  0.9963 6.95E-06 6.97E-06                                                              3.664E-03
10566.00  0.9941 6.96E-06 7.00E-06                                                              5.891E-03
10567.00  0.9955 7.05E-06 7.08E-06                                                              4.481E-03
10568.00  0.9916 7.10E-06 7.16E-06                                                              8.455E-03
10569.00  0.9963 7.13E-06 7.16E-06                                                              3.686E-03
10570.00  0.9963 7.11E-06 7.13E-06                                                              3.673E-03
10571.00  0.9962 7.07E-06 7.10E-06                                                              3.791E-03
10572.00  0.9942 7.00E-06 7.05E-06                                                              5.853E-03
10573.00  0.9963 7.00E-06 7.03E-06                                                              3.709E-03
10574.00  0.9951 6.97E-06 7.01E-06                                                              4.862E-03
10575.00  0.9957 6.96E-06 6.99E-06                                                              4.299E-03
10576.00  0.9963 6.99E-06 7.02E-06                                                              3.720E-03
10577.00  0.9963 7.07E-06 7.10E-06                                                              3.704E-03
10578.00  0.9963 7.05E-06 7.08E-06                                                              3.693E-03
10579.00  0.9959 7.07E-06 7.10E-06                                                              4.086E-03
10580.00  0.9960 7.01E-06 7.04E-06                                                              4.005E-03
10581.00  0.9963 6.96E-06 6.99E-06                                                              3.697E-03
10582.00  0.9963 6.95E-06 6.97E-06                                                              3.696E-03
10583.00  0.9963 6.94E-06 6.96E-06                                                              3.734E-03
10584.00  0.9957 6.85E-06 6.87E-06                                                              4.288E-03
10585.00  0.9961 6.91E-06 6.94E-06                                                              3.897E-03
10586.00  0.9963 6.98E-06 7.00E-06                                                              3.725E-03
10587.00  0.9946 6.96E-06 7.00E-06                                                              5.424E-03
10588.00  0.9961 7.02E-06 7.04E-06                                                              3.888E-03
10589.00  0.9916 7.04E-06 7.10E-06                                                              8.402E-03
10590.00  0.9905 6.89E-06 6.96E-06                                                              9.506E-03
10591.00  0.9963 6.80E-06 6.83E-06                                                              3.726E-03
10592.00  0.9954 6.75E-06 6.78E-06                                                              4.589E-03
10593.00  0.9933 6.74E-06 6.78E-06                                                              6.719E-03
10594.00  0.9963 6.78E-06 6.81E-06                                                              3.730E-03
10595.00  0.9963 6.94E-06 6.96E-06                                                              3.711E-03
10596.00  0.9963 6.97E-06 7.00E-06                                                              3.721E-03
10597.00  0.9963 6.94E-06 6.97E-06                                                              3.711E-03
10598.00  0.9963 6.90E-06 6.93E-06                                                              3.718E-03
10599.00  0.9963 6.91E-06 6.93E-06                                                              3.719E-03
10600.00  0.9963 6.86E-06 6.89E-06                                                              3.726E-03
10601.00  0.9938 6.93E-06 6.97E-06                                                              6.215E-03
10602.00  0.9963 7.04E-06 7.07E-06                                                              3.734E-03
10603.00  0.9962 7.08E-06 7.11E-06                                                              3.813E-03
10604.00  0.9893 7.04E-06 7.12E-06                                                              1.073E-02
10605.00  0.9889 7.08E-06 7.15E-06                                                              1.118E-02
10606.00  0.9962 7.11E-06 7.14E-06                                                              3.769E-03
10607.00  0.9963 7.11E-06 7.14E-06                                                              3.741E-03
10608.00  0.9963 7.11E-06 7.13E-06                                                              3.710E-03
10609.00  0.9963 7.03E-06 7.05E-06                                                              3.713E-03
10610.00  0.9963 7.01E-06 7.03E-06                                                              3.712E-03
10611.00  0.9953 7.01E-06 7.05E-06                                                              4.716E-03
10612.00  0.9962 7.01E-06 7.04E-06                                                              3.797E-03
10613.00  0.9963 6.98E-06 7.01E-06                                                              3.713E-03
10614.00  0.9963 7.05E-06 7.08E-06                                                              3.712E-03
10615.00  0.9938 7.04E-06 7.08E-06                                                              6.202E-03
10616.00  0.9963 6.87E-06 6.90E-06                                                              3.750E-03
10617.00  0.9963 6.62E-06 6.64E-06                                                              3.703E-03
10618.00  0.9963 6.30E-06 6.33E-06                                                              3.696E-03
10619.00  0.9963 6.24E-06 6.26E-06                                                              3.697E-03
10620.00  0.9961 6.26E-06 6.28E-06                                                              3.950E-03
10621.00  0.9963 6.40E-06 6.43E-06                                                              3.722E-03
10622.00  0.9963 6.58E-06 6.61E-06                                                              3.715E-03
10623.00  0.9962 6.92E-06 6.95E-06                                                              3.809E-03
10624.00  0.9937 6.97E-06 7.01E-06                                                              6.275E-03
10625.00  0.9959 6.96E-06 6.98E-06                                                              4.074E-03
10626.00  0.9963 6.95E-06 6.97E-06                                                              3.686E-03
10627.00  0.9963 6.80E-06 6.83E-06                                                              3.683E-03
10628.00  0.9960 6.74E-06 6.76E-06                                                              4.024E-03
10629.00  0.9963 6.73E-06 6.76E-06                                                              3.744E-03
10630.00  0.9962 6.77E-06 6.80E-06                                                              3.811E-03
10631.00  0.9962 6.80E-06 6.83E-06                                                              3.809E-03
10632.00  0.9962 6.91E-06 6.94E-06                                                              3.770E-03
10633.00  0.9963 6.98E-06 7.01E-06                                                              3.690E-03
10634.00  0.9958 7.00E-06 7.03E-06                                                              4.246E-03
10635.00  0.9960 7.00E-06 7.02E-06                                                              4.006E-03
10636.00  0.9950 7.00E-06 7.03E-06                                                              5.015E-03
10637.00  0.9963 7.11E-06 7.14E-06                                                              3.683E-03
10638.00  0.9963 7.13E-06 7.15E-06                                                              3.662E-03
10639.00  0.9963 7.10E-06 7.13E-06                                                              3.664E-03
10640.00  0.9962 7.07E-06 7.10E-06                                                              3.771E-03
10641.00  0.9963 7.04E-06 7.07E-06                                                              3.663E-03
10642.00  0.9963 7.01E-06 7.04E-06                                                              3.756E-03
10643.00  0.9963 7.02E-06 7.04E-06                                                              3.657E-03
10644.00  0.9963 7.00E-06 7.03E-06                                                              3.667E-03
10645.00  0.9960 7.01E-06 7.04E-06                                                              4.011E-03
10646.00  0.9963 7.05E-06 7.07E-06                                                              3.676E-03
10647.00  0.9964 7.03E-06 7.05E-06                                                              3.653E-03
10648.00  0.9964 7.01E-06 7.04E-06                                                              3.651E-03
10649.00  0.9961 7.05E-06 7.07E-06                                                              3.937E-03
10650.00  0.9925 7.04E-06 7.09E-06                                                              7.572E-03
10651.00  0.9961 7.06E-06 7.08E-06                                                              3.912E-03
10652.00  0.9964 7.09E-06 7.12E-06                                                              3.652E-03
10653.00  0.9964 7.11E-06 7.13E-06                                                              3.655E-03
10654.00  0.9962 7.10E-06 7.12E-06                                                              3.762E-03
10655.00  0.9963 7.07E-06 7.10E-06                                                              3.659E-03
10656.00  0.9959 7.04E-06 7.07E-06                                                              4.070E-03
10657.00  0.9885 7.02E-06 7.10E-06                                                              1.157E-02
10658.00  0.9959 7.08E-06 7.11E-06                                                              4.091E-03
10659.00  0.9963 7.09E-06 7.11E-06                                                              3.751E-03
10660.00  0.9963 7.13E-06 7.16E-06                                                              3.734E-03
10661.00  0.9901 7.13E-06 7.20E-06                                                              9.976E-03
10662.00  0.9963 7.16E-06 7.18E-06                                                              3.679E-03
10663.00  0.9960 7.13E-06 7.15E-06                                                              3.973E-03
10664.00  0.9964 7.03E-06 7.05E-06                                                              3.649E-03
10665.00  0.9963 7.00E-06 7.02E-06                                                              3.666E-03
10666.00  0.9963 7.00E-06 7.02E-06                                                              3.735E-03
10667.00  0.9962 7.00E-06 7.03E-06                                                              3.791E-03
10668.00  0.9873 6.96E-06 7.05E-06                                                              1.273E-02
10669.00  0.9962 7.10E-06 7.13E-06                                                              3.785E-03
10670.00  0.9925 7.08E-06 7.13E-06                                                              7.543E-03
10671.00  0.9963 7.11E-06 7.13E-06                                                              3.667E-03
10672.00  0.9963 7.12E-06 7.15E-06                                                              3.732E-03
10673.00  0.9963 7.12E-06 7.14E-06                                                              3.731E-03
10674.00  0.9934 7.14E-06 7.18E-06                                                              6.592E-03
10675.00  0.9945 7.15E-06 7.19E-06                                                              5.518E-03
10676.00  0.9964 7.06E-06 7.09E-06                                                              3.650E-03
10677.00  0.9963 7.04E-06 7.06E-06                                                              3.672E-03
10678.00  0.9964 7.02E-06 7.05E-06                                                              3.637E-03
10679.00  0.9962 6.94E-06 6.97E-06                                                              3.834E-03
10680.00  0.9964 6.88E-06 6.90E-06                                                              3.656E-03
10681.00  0.9964 6.95E-06 6.97E-06                                                              3.646E-03
10682.00  0.9933 6.93E-06 6.98E-06                                                              6.713E-03
10683.00  0.9932 6.90E-06 6.95E-06                                                              6.779E-03
10684.00  0.9949 6.98E-06 7.01E-06                                                              5.135E-03
10685.00  0.9963 7.02E-06 7.05E-06                                                              3.670E-03
10686.00  0.9962 7.05E-06 7.08E-06                                                              3.774E-03
10687.00  0.9885 7.00E-06 7.08E-06                                                              1.153E-02
10688.00  0.9948 7.10E-06 7.14E-06                                                              5.229E-03
10689.00  0.9958 7.10E-06 7.13E-06                                                              4.181E-03
10690.00  0.9964 7.00E-06 7.02E-06                                                              3.639E-03
10691.00  0.9964 6.96E-06 6.98E-06                                                              3.627E-03
10692.00  0.9963 6.96E-06 6.99E-06                                                              3.744E-03
10693.00  0.9964 6.97E-06 6.99E-06                                                              3.635E-03
10694.00  0.9964 6.99E-06 7.01E-06                                                              3.639E-03
10695.00  0.9964 7.09E-06 7.11E-06                                                              3.647E-03
10696.00  0.9962 7.09E-06 7.11E-06                                                              3.767E-03
10697.00  0.9907 7.03E-06 7.10E-06                                                              9.337E-03
10698.00  0.9963 7.03E-06 7.05E-06                                                              3.722E-03
10699.00  0.9923 7.00E-06 7.06E-06                                                              7.726E-03
10700.00  0.9943 7.07E-06 7.11E-06                                                              5.721E-03
10701.00  0.9894 7.07E-06 7.14E-06                                                              1.066E-02
10702.00  0.9963 7.14E-06 7.17E-06                                                              3.657E-03
10703.00  0.9964 7.17E-06 7.19E-06                                                              3.638E-03
10704.00  0.9933 7.13E-06 7.18E-06                                                              6.739E-03
10705.00  0.9963 7.14E-06 7.17E-06                                                              3.686E-03
10706.00  0.9958 7.14E-06 7.17E-06                                                              4.172E-03
10707.00  0.9961 7.13E-06 7.15E-06                                                              3.921E-03
10708.00  0.9960 7.10E-06 7.13E-06                                                              4.011E-03
10709.00  0.9963 7.04E-06 7.07E-06                                                              3.734E-03
10710.00  0.9945 7.02E-06 7.06E-06                                                              5.541E-03
10711.00  0.9927 7.02E-06 7.08E-06                                                              7.347E-03
10712.00  0.9964 7.07E-06 7.10E-06                                                              3.647E-03
10713.00  0.9957 7.11E-06 7.14E-06                                                              4.326E-03
10714.00  0.9963 7.18E-06 7.20E-06                                                              3.659E-03
10715.00  0.9962 7.18E-06 7.20E-06                                                              3.849E-03
10716.00  0.9964 7.13E-06 7.16E-06                                                              3.638E-03
10717.00  0.9963 7.11E-06 7.14E-06                                                              3.711E-03
10718.00  0.9955 7.10E-06 7.13E-06                                                              4.537E-03
10719.00  0.9963 7.08E-06 7.11E-06                                                              3.658E-03
10720.00  0.9951 7.05E-06 7.08E-06                                                              4.866E-03
10721.00  0.9943 7.07E-06 7.11E-06                                                              5.691E-03
10722.00  0.9957 7.06E-06 7.09E-06                                                              4.321E-03
10723.00  0.9955 7.06E-06 7.09E-06                                                              4.461E-03
10724.00  0.9961 7.10E-06 7.13E-06                                                              3.897E-03
10725.00  0.9963 7.13E-06 7.16E-06                                                              3.657E-03
10726.00  0.9962 7.10E-06 7.13E-06                                                              3.776E-03
10727.00  0.9964 7.01E-06 7.04E-06                                                              3.656E-03
10728.00  0.9953 6.97E-06 7.00E-06                                                              4.664E-03
10729.00  0.9963 6.97E-06 7.00E-06                                                              3.659E-03
10730.00  0.9937 6.96E-06 7.00E-06                                                              6.359E-03
10731.00  0.9951 6.98E-06 7.01E-06                                                              4.886E-03
10732.00  0.9959 7.11E-06 7.14E-06                                                              4.138E-03
10733.00  0.9963 7.15E-06 7.17E-06                                                              3.659E-03
10734.00  0.9963 7.09E-06 7.12E-06                                                              3.734E-03
10735.00  0.9963 7.07E-06 7.10E-06                                                              3.678E-03
10736.00  0.9962 7.08E-06 7.11E-06                                                              3.794E-03
10737.00  0.9963 7.08E-06 7.11E-06                                                              3.668E-03
10738.00  0.9963 7.07E-06 7.10E-06                                                              3.672E-03
10739.00  0.9946 7.08E-06 7.12E-06                                                              5.460E-03
10740.00  0.9959 7.09E-06 7.11E-06                                                              4.066E-03
10741.00  0.9960 7.09E-06 7.12E-06                                                              4.054E-03
10742.00  0.9963 7.06E-06 7.08E-06                                                              3.672E-03
10743.00  0.9963 7.08E-06 7.10E-06                                                              3.667E-03
10744.00  0.9963 7.11E-06 7.13E-06                                                              3.732E-03
10745.00  0.9960 7.14E-06 7.16E-06                                                              4.055E-03
10746.00  0.9963 7.12E-06 7.14E-06                                                              3.671E-03
10747.00  0.9963 7.15E-06 7.17E-06                                                              3.675E-03
10748.00  0.9963 7.11E-06 7.14E-06                                                              3.742E-03
10749.00  0.9958 7.09E-06 7.12E-06                                                              4.168E-03
10750.00  0.9963 7.08E-06 7.10E-06                                                              3.671E-03
10751.00  0.9963 7.08E-06 7.10E-06                                                              3.707E-03
10752.00  0.9961 7.03E-06 7.06E-06                                                              3.929E-03
10753.00  0.9963 7.04E-06 7.07E-06                                                              3.748E-03
10754.00  0.9963 6.98E-06 7.00E-06                                                              3.687E-03
10755.00  0.9963 6.98E-06 7.01E-06                                                              3.738E-03
10756.00  0.9961 7.02E-06 7.04E-06                                                              3.886E-03
10757.00  0.9963 7.06E-06 7.09E-06                                                              3.692E-03
10758.00  0.9963 7.05E-06 7.08E-06                                                              3.746E-03
10759.00  0.9963 7.03E-06 7.06E-06                                                              3.678E-03
10760.00  0.9962 6.97E-06 6.99E-06                                                              3.772E-03
10761.00  0.9963 6.94E-06 6.96E-06                                                              3.683E-03
10762.00  0.9963 6.92E-06 6.95E-06                                                              3.701E-03
10763.00  0.9963 6.91E-06 6.94E-06                                                              3.737E-03
10764.00  0.9963 7.00E-06 7.02E-06                                                              3.692E-03
10765.00  0.9962 7.07E-06 7.09E-06                                                              3.826E-03
10766.00  0.9963 7.09E-06 7.11E-06                                                              3.695E-03
10767.00  0.9962 7.11E-06 7.14E-06                                                              3.856E-03
10768.00  0.9963 7.14E-06 7.17E-06                                                              3.713E-03
10769.00  0.9963 7.14E-06 7.17E-06                                                              3.686E-03
10770.00  0.9963 7.15E-06 7.17E-06                                                              3.713E-03
10771.00  0.9963 7.13E-06 7.16E-06                                                              3.694E-03
10772.00  0.9963 7.09E-06 7.11E-06                                                              3.692E-03
10773.00  0.9961 7.07E-06 7.10E-06                                                              3.866E-03
10774.00  0.9958 7.09E-06 7.12E-06                                                              4.166E-03
10775.00  0.9963 7.08E-06 7.11E-06                                                              3.698E-03
10776.00  0.9963 7.10E-06 7.13E-06                                                              3.723E-03
10777.00  0.9963 7.15E-06 7.17E-06                                                              3.707E-03
10778.00  0.9963 7.16E-06 7.19E-06                                                              3.708E-03
10779.00  0.9963 7.14E-06 7.16E-06                                                              3.709E-03
10780.00  0.9963 7.15E-06 7.18E-06                                                              3.715E-03
10781.00  0.9962 7.14E-06 7.16E-06                                                              3.795E-03
10782.00  0.9963 7.10E-06 7.13E-06                                                              3.719E-03
10783.00  0.9963 7.08E-06 7.11E-06                                                              3.702E-03
10784.00  0.9963 7.10E-06 7.13E-06                                                              3.719E-03
10785.00  0.9963 7.10E-06 7.13E-06                                                              3.717E-03
10786.00  0.9963 7.10E-06 7.12E-06                                                              3.710E-03
10787.00  0.9963 7.09E-06 7.11E-06                                                              3.703E-03
10788.00  0.9963 7.10E-06 7.13E-06                                                              3.707E-03
10789.00  0.9963 7.07E-06 7.09E-06                                                              3.714E-03
10790.00  0.9963 7.00E-06 7.03E-06                                                              3.708E-03
10791.00  0.9963 6.96E-06 6.99E-06                                                              3.707E-03
10792.00  0.9963 6.99E-06 7.01E-06                                                              3.713E-03
10793.00  0.9963 6.96E-06 6.99E-06                                                              3.718E-03
10794.00  0.9962 6.96E-06 6.99E-06                                                              3.781E-03
10795.00  0.9963 6.88E-06 6.90E-06                                                              3.755E-03
10796.00  0.9962 6.78E-06 6.81E-06                                                              3.840E-03
10797.00  0.9963 6.77E-06 6.79E-06                                                              3.740E-03
10798.00  0.9963 6.75E-06 6.77E-06                                                              3.719E-03
10799.00  0.9963 6.51E-06 6.53E-06                                                              3.714E-03
10800.00  0.9963 6.58E-06 6.60E-06                                                              3.726E-03
10801.00  0.9963 6.70E-06 6.73E-06                                                              3.717E-03
10802.00  0.9963 6.67E-06 6.69E-06                                                              3.725E-03
10803.00  0.9963 6.68E-06 6.71E-06                                                              3.749E-03
10804.00  0.9963 6.96E-06 6.99E-06                                                              3.733E-03
10805.00  0.9963 7.04E-06 7.07E-06                                                              3.725E-03
10806.00  0.9963 7.06E-06 7.09E-06                                                              3.725E-03
10807.00  0.9961 7.07E-06 7.10E-06                                                              3.889E-03
10808.00  0.9962 7.09E-06 7.11E-06                                                              3.765E-03
10809.00  0.9963 7.04E-06 7.07E-06                                                              3.730E-03
10810.00  0.9963 6.91E-06 6.94E-06                                                              3.725E-03
10811.00  0.9963 6.87E-06 6.90E-06                                                              3.726E-03
10812.00  0.9961 6.89E-06 6.92E-06                                                              3.904E-03
10813.00  0.9963 6.87E-06 6.90E-06                                                              3.733E-03
10814.00  0.9962 6.90E-06 6.93E-06                                                              3.834E-03
10815.00  0.9963 6.98E-06 7.01E-06                                                              3.734E-03
10816.00  0.9962 7.00E-06 7.02E-06                                                              3.769E-03
10817.00  0.9963 7.01E-06 7.04E-06                                                              3.735E-03
10818.00  0.9963 7.02E-06 7.04E-06                                                              3.733E-03
10819.00  0.9962 6.99E-06 7.02E-06                                                              3.766E-03
10820.00  0.9963 6.90E-06 6.92E-06                                                              3.741E-03
10821.00  0.9962 6.85E-06 6.87E-06                                                              3.770E-03
10822.00  0.9962 6.81E-06 6.84E-06                                                              3.823E-03
10823.00  0.9962 6.81E-06 6.84E-06                                                              3.760E-03
10824.00  0.9963 6.82E-06 6.85E-06                                                              3.740E-03
10825.00  0.9962 6.93E-06 6.96E-06                                                              3.769E-03
10826.00  0.9962 6.94E-06 6.97E-06                                                              3.832E-03
10827.00  0.9963 6.91E-06 6.93E-06                                                              3.742E-03
10828.00  0.9962 6.84E-06 6.86E-06                                                              3.770E-03
10829.00  0.9963 6.72E-06 6.75E-06                                                              3.744E-03
10830.00  0.9963 6.57E-06 6.60E-06                                                              3.755E-03
10831.00  0.9962 6.42E-06 6.44E-06                                                              3.764E-03
10832.00  0.9962 6.33E-06 6.35E-06                                                              3.791E-03
10833.00  0.9962 6.35E-06 6.37E-06                                                              3.784E-03
10834.00  0.9963 6.42E-06 6.45E-06                                                              3.749E-03
10835.00  0.9963 6.51E-06 6.53E-06                                                              3.750E-03
10836.00  0.9963 6.63E-06 6.66E-06                                                              3.750E-03
10837.00  0.9961 6.77E-06 6.80E-06                                                              3.865E-03
10838.00  0.9963 6.84E-06 6.87E-06                                                              3.752E-03
10839.00  0.9963 6.90E-06 6.92E-06                                                              3.754E-03
10840.00  0.9963 6.99E-06 7.02E-06                                                              3.754E-03
10841.00  0.9962 7.07E-06 7.09E-06                                                              3.810E-03
10842.00  0.9963 7.07E-06 7.10E-06                                                              3.756E-03
10843.00  0.9962 6.97E-06 6.99E-06                                                              3.765E-03
10844.00  0.9962 6.85E-06 6.88E-06                                                              3.760E-03
10845.00  0.9962 6.84E-06 6.87E-06                                                              3.759E-03
10846.00  0.9961 6.87E-06 6.89E-06                                                              3.862E-03
10847.00  0.9962 6.85E-06 6.87E-06                                                              3.790E-03
10848.00  0.9962 6.91E-06 6.93E-06                                                              3.783E-03
10849.00  0.9961 6.87E-06 6.89E-06                                                              3.948E-03
10850.00  0.9962 6.79E-06 6.82E-06                                                              3.772E-03
10851.00  0.9962 6.74E-06 6.77E-06                                                              3.812E-03
10852.00  0.9962 6.72E-06 6.74E-06                                                              3.772E-03
10853.00  0.9962 6.63E-06 6.66E-06                                                              3.769E-03
10854.00  0.9962 6.76E-06 6.79E-06                                                              3.778E-03
10855.00  0.9962 6.80E-06 6.82E-06                                                              3.774E-03
10856.00  0.9962 6.82E-06 6.85E-06                                                              3.801E-03
10857.00  0.9962 6.88E-06 6.91E-06                                                              3.803E-03
10858.00  0.9962 7.01E-06 7.03E-06                                                              3.774E-03
10859.00  0.9962 7.01E-06 7.03E-06                                                              3.816E-03
10860.00  0.9962 7.05E-06 7.08E-06                                                              3.829E-03
10861.00  0.9962 7.01E-06 7.04E-06                                                              3.784E-03
10862.00  0.9962 7.00E-06 7.02E-06                                                              3.778E-03
10863.00  0.9962 7.01E-06 7.03E-06                                                              3.778E-03
10864.00  0.9962 7.02E-06 7.05E-06                                                              3.779E-03
10865.00  0.9962 6.95E-06 6.98E-06                                                              3.781E-03
10866.00  0.9962 6.98E-06 7.01E-06                                                              3.783E-03
10867.00  0.9962 7.00E-06 7.03E-06                                                              3.784E-03
10868.00  0.9962 6.99E-06 7.02E-06                                                              3.801E-03
10869.00  0.9962 7.01E-06 7.04E-06                                                              3.787E-03
10870.00  0.9962 7.09E-06 7.11E-06                                                              3.788E-03
10871.00  0.9961 7.13E-06 7.16E-06                                                              3.882E-03
10872.00  0.9960 7.11E-06 7.14E-06                                                              3.982E-03
10873.00  0.9962 7.10E-06 7.13E-06                                                              3.791E-03
10874.00  0.9962 7.09E-06 7.12E-06                                                              3.791E-03
10875.00  0.9961 7.10E-06 7.13E-06                                                              3.873E-03
10876.00  0.9962 7.09E-06 7.12E-06                                                              3.795E-03
10877.00  0.9962 7.09E-06 7.12E-06                                                              3.817E-03
10878.00  0.9962 7.10E-06 7.12E-06                                                              3.824E-03
10879.00  0.9962 7.10E-06 7.13E-06                                                              3.798E-03
10880.00  0.9962 7.09E-06 7.12E-06                                                              3.800E-03
10881.00  0.9962 7.10E-06 7.13E-06                                                              3.806E-03
10882.00  0.9962 7.12E-06 7.14E-06                                                              3.805E-03
10883.00  0.9962 7.14E-06 7.17E-06                                                              3.813E-03
10884.00  0.9960 7.13E-06 7.15E-06                                                              4.039E-03
10885.00  0.9960 7.12E-06 7.15E-06                                                              3.972E-03
10886.00  0.9962 7.09E-06 7.12E-06                                                              3.829E-03
10887.00  0.9962 7.09E-06 7.12E-06                                                              3.809E-03
10888.00  0.9962 7.10E-06 7.13E-06                                                              3.825E-03
10889.00  0.9961 7.08E-06 7.11E-06                                                              3.895E-03
10890.00  0.9962 7.06E-06 7.09E-06                                                              3.816E-03
10891.00  0.9962 7.08E-06 7.11E-06                                                              3.822E-03
10892.00  0.9961 7.07E-06 7.10E-06                                                              3.883E-03
10893.00  0.9962 7.05E-06 7.08E-06                                                              3.818E-03
10894.00  0.9959 7.09E-06 7.12E-06                                                              4.067E-03
10895.00  0.9962 7.08E-06 7.11E-06                                                              3.830E-03
10896.00  0.9960 6.94E-06 6.97E-06                                                              4.030E-03
10897.00  0.9957 6.91E-06 6.94E-06                                                              4.339E-03
10898.00  0.9962 6.90E-06 6.93E-06                                                              3.832E-03
10899.00  0.9961 6.89E-06 6.91E-06                                                              3.958E-03
10900.00  0.9962 6.91E-06 6.93E-06                                                              3.845E-03
10901.00  0.9962 7.03E-06 7.05E-06                                                              3.844E-03
10902.00  0.9962 7.03E-06 7.06E-06                                                              3.830E-03
10903.00  0.9961 7.05E-06 7.08E-06                                                              3.886E-03
10904.00  0.9961 7.07E-06 7.09E-06                                                              3.867E-03
10905.00  0.9960 7.09E-06 7.12E-06                                                              3.961E-03
10906.00  0.9962 7.10E-06 7.13E-06                                                              3.837E-03
10907.00  0.9962 7.03E-06 7.06E-06                                                              3.838E-03
10908.00  0.9962 7.03E-06 7.06E-06                                                              3.839E-03
10909.00  0.9961 7.02E-06 7.04E-06                                                              3.903E-03
10910.00  0.9962 7.02E-06 7.05E-06                                                              3.843E-03
10911.00  0.9961 7.04E-06 7.07E-06                                                              3.866E-03
10912.00  0.9962 7.14E-06 7.16E-06                                                              3.845E-03
10913.00  0.9961 7.15E-06 7.18E-06                                                              3.958E-03
10914.00  0.9961 7.17E-06 7.20E-06                                                              3.948E-03
10915.00  0.9962 7.16E-06 7.19E-06                                                              3.851E-03
10916.00  0.9962 7.15E-06 7.17E-06                                                              3.855E-03
10917.00  0.9962 7.13E-06 7.16E-06                                                              3.853E-03
10918.00  0.9961 7.13E-06 7.16E-06                                                              3.925E-03
10919.00  0.9956 7.09E-06 7.12E-06                                                              4.383E-03
10920.00  0.9959 7.10E-06 7.13E-06                                                              4.155E-03
10921.00  0.9961 7.12E-06 7.15E-06                                                              3.863E-03
10922.00  0.9959 7.13E-06 7.16E-06                                                              4.134E-03
10923.00  0.9959 7.14E-06 7.17E-06                                                              4.111E-03
10924.00  0.9961 7.18E-06 7.20E-06                                                              3.945E-03
10925.00  0.9961 7.16E-06 7.19E-06                                                              3.896E-03
10926.00  0.9960 7.08E-06 7.11E-06                                                              3.964E-03
10927.00  0.9961 7.02E-06 7.05E-06                                                              3.870E-03
10928.00  0.9961 6.96E-06 6.98E-06                                                              3.887E-03
10929.00  0.9961 6.88E-06 6.90E-06                                                              3.872E-03
10930.00  0.9961 6.88E-06 6.90E-06                                                              3.876E-03
10931.00  0.9961 6.95E-06 6.97E-06                                                              3.890E-03
10932.00  0.9961 7.02E-06 7.05E-06                                                              3.901E-03
10933.00  0.9961 7.07E-06 7.10E-06                                                              3.938E-03
10934.00  0.9961 7.13E-06 7.15E-06                                                              3.899E-03
10935.00  0.9961 7.11E-06 7.14E-06                                                              3.899E-03
10936.00  0.9961 7.09E-06 7.12E-06                                                              3.883E-03
10937.00  0.9961 7.10E-06 7.13E-06                                                              3.937E-03
10938.00  0.9961 7.12E-06 7.15E-06                                                              3.895E-03
10939.00  0.9961 7.14E-06 7.17E-06                                                              3.888E-03
10940.00  0.9961 7.14E-06 7.17E-06                                                              3.890E-03
10941.00  0.9959 7.17E-06 7.20E-06                                                              4.083E-03
10942.00  0.9956 7.17E-06 7.20E-06                                                              4.430E-03
10943.00  0.9958 7.17E-06 7.20E-06                                                              4.177E-03
10944.00  0.9960 7.17E-06 7.20E-06                                                              3.983E-03
10945.00  0.9960 7.20E-06 7.23E-06                                                              4.030E-03
10946.00  0.9961 7.20E-06 7.23E-06                                                              3.903E-03
10947.00  0.9960 7.20E-06 7.23E-06                                                              3.998E-03
10948.00  0.9961 7.18E-06 7.21E-06                                                              3.915E-03
10949.00  0.9955 7.18E-06 7.21E-06                                                              4.486E-03
10950.00  0.9959 7.18E-06 7.21E-06                                                              4.107E-03
10951.00  0.9961 7.18E-06 7.21E-06                                                              3.926E-03
10952.00  0.9960 7.18E-06 7.20E-06                                                              3.989E-03
10953.00  0.9960 7.20E-06 7.22E-06                                                              4.001E-03
10954.00  0.9961 7.20E-06 7.23E-06                                                              3.925E-03
10955.00  0.9961 7.20E-06 7.23E-06                                                              3.923E-03
10956.00  0.9961 7.19E-06 7.22E-06                                                              3.955E-03
10957.00  0.9960 7.20E-06 7.23E-06                                                              3.998E-03
10958.00  0.9961 7.20E-06 7.22E-06                                                              3.928E-03
10959.00  0.9961 7.20E-06 7.23E-06                                                              3.930E-03
10960.00  0.9961 7.16E-06 7.19E-06                                                              3.932E-03
10961.00  0.9961 6.99E-06 7.02E-06                                                              3.939E-03
10962.00  0.9961 6.94E-06 6.96E-06                                                              3.940E-03
10963.00  0.9953 6.78E-06 6.81E-06                                                              4.684E-03
10964.00  0.9958 6.72E-06 6.75E-06                                                              4.171E-03
10965.00  0.9960 6.74E-06 6.77E-06                                                              3.989E-03
10966.00  0.9960 6.92E-06 6.95E-06                                                              3.991E-03
10967.00  0.9960 6.97E-06 7.00E-06                                                              3.994E-03
10968.00  0.9961 7.11E-06 7.14E-06                                                              3.949E-03
10969.00  0.9961 7.04E-06 7.06E-06                                                              3.955E-03
10970.00  0.9960 6.88E-06 6.90E-06                                                              3.972E-03
10971.00  0.9961 6.85E-06 6.88E-06                                                              3.955E-03
10972.00  0.9960 6.85E-06 6.88E-06                                                              3.959E-03
10973.00  0.9960 6.85E-06 6.87E-06                                                              3.966E-03
10974.00  0.9960 6.94E-06 6.96E-06                                                              3.962E-03
10975.00  0.9960 7.10E-06 7.13E-06                                                              3.966E-03
10976.00  0.9958 7.09E-06 7.12E-06                                                              4.159E-03
10977.00  0.9959 7.03E-06 7.06E-06                                                              4.137E-03
10978.00  0.9960 7.05E-06 7.08E-06                                                              4.040E-03
10979.00  0.9960 7.09E-06 7.12E-06                                                              4.037E-03
10980.00  0.9958 7.06E-06 7.09E-06                                                              4.165E-03
10981.00  0.9960 7.09E-06 7.12E-06                                                              3.979E-03
10982.00  0.9960 7.14E-06 7.17E-06                                                              3.983E-03
10983.00  0.9960 7.09E-06 7.12E-06                                                              3.984E-03
10984.00  0.9960 7.08E-06 7.10E-06                                                              3.994E-03
10985.00  0.9958 7.05E-06 7.08E-06                                                              4.253E-03
10986.00  0.9954 7.00E-06 7.03E-06                                                              4.565E-03
10987.00  0.9960 7.00E-06 7.03E-06                                                              4.000E-03
10988.00  0.9959 7.04E-06 7.07E-06                                                              4.091E-03
10989.00  0.9960 7.02E-06 7.05E-06                                                              4.002E-03
10990.00  0.9960 6.86E-06 6.89E-06                                                              4.002E-03
10991.00  0.9960 6.85E-06 6.88E-06                                                              4.005E-03
10992.00  0.9959 6.85E-06 6.88E-06                                                              4.092E-03
10993.00  0.9959 6.85E-06 6.88E-06                                                              4.141E-03
10994.00  0.9959 6.89E-06 6.92E-06                                                              4.071E-03
10995.00  0.9958 7.09E-06 7.12E-06                                                              4.186E-03
10996.00  0.9960 7.12E-06 7.15E-06                                                              4.018E-03
10997.00  0.9960 6.90E-06 6.93E-06                                                              4.020E-03
10998.00  0.9959 6.54E-06 6.57E-06                                                              4.130E-03
10999.00  0.9960 6.47E-06 6.50E-06                                                              4.025E-03
11000.00  0.9960 6.46E-06 6.49E-06                                                              4.028E-03
11001.00  0.9960 6.49E-06 6.52E-06                                                              4.036E-03
11002.00  0.9951 6.71E-06 6.74E-06                                                              4.890E-03
11003.00  0.9960 7.07E-06 7.10E-06                                                              4.041E-03
11004.00  0.9960 7.15E-06 7.18E-06                                                              4.058E-03
11005.00  0.9960 7.19E-06 7.22E-06                                                              4.040E-03
11006.00  0.9960 7.20E-06 7.23E-06                                                              4.043E-03
11007.00  0.9960 7.19E-06 7.22E-06                                                              4.045E-03
11008.00  0.9960 7.11E-06 7.14E-06                                                              4.054E-03
11009.00  0.9955 6.96E-06 6.99E-06                                                              4.555E-03
11010.00  0.9956 6.79E-06 6.82E-06                                                              4.399E-03
11011.00  0.9958 6.75E-06 6.78E-06                                                              4.245E-03
11012.00  0.9959 6.76E-06 6.79E-06                                                              4.059E-03
11013.00  0.9959 6.85E-06 6.88E-06                                                              4.060E-03
11014.00  0.9959 6.99E-06 7.02E-06                                                              4.062E-03
11015.00  0.9959 7.14E-06 7.17E-06                                                              4.065E-03
11016.00  0.9959 7.12E-06 7.15E-06                                                              4.068E-03
11017.00  0.9957 7.11E-06 7.14E-06                                                              4.351E-03
11018.00  0.9959 7.11E-06 7.14E-06                                                              4.075E-03
11019.00  0.9959 7.12E-06 7.15E-06                                                              4.106E-03
11020.00  0.9951 7.10E-06 7.14E-06                                                              4.905E-03
11021.00  0.9959 7.16E-06 7.19E-06                                                              4.083E-03
11022.00  0.9959 7.17E-06 7.20E-06                                                              4.085E-03
11023.00  0.9951 7.16E-06 7.19E-06                                                              4.912E-03
11024.00  0.9959 7.16E-06 7.19E-06                                                              4.099E-03
11025.00  0.9959 7.20E-06 7.23E-06                                                              4.102E-03
11026.00  0.9959 7.20E-06 7.23E-06                                                              4.094E-03
11027.00  0.9959 7.20E-06 7.23E-06                                                              4.101E-03
11028.00  0.9959 7.19E-06 7.22E-06                                                              4.108E-03
11029.00  0.9959 7.07E-06 7.10E-06                                                              4.104E-03
11030.00  0.9958 6.88E-06 6.91E-06                                                              4.227E-03
11031.00  0.9958 6.70E-06 6.72E-06                                                              4.228E-03
11032.00  0.9959 6.65E-06 6.68E-06                                                              4.141E-03
11033.00  0.9959 6.66E-06 6.69E-06                                                              4.118E-03
11034.00  0.9956 6.76E-06 6.79E-06                                                              4.365E-03
11035.00  0.9959 6.94E-06 6.97E-06                                                              4.122E-03
11036.00  0.9959 7.13E-06 7.16E-06                                                              4.124E-03
11037.00  0.9959 7.17E-06 7.20E-06                                                              4.132E-03
11038.00  0.9959 7.18E-06 7.21E-06                                                              4.134E-03
11039.00  0.9959 7.20E-06 7.23E-06                                                              4.135E-03
11040.00  0.9959 7.21E-06 7.24E-06                                                              4.138E-03
11041.00  0.9959 7.21E-06 7.24E-06                                                              4.146E-03
11042.00  0.9959 7.19E-06 7.22E-06                                                              4.146E-03
11043.00  0.9956 7.14E-06 7.18E-06                                                              4.456E-03
11044.00  0.9959 7.14E-06 7.17E-06                                                              4.154E-03
11045.00  0.9958 7.13E-06 7.16E-06                                                              4.189E-03
11046.00  0.9958 7.13E-06 7.16E-06                                                              4.160E-03
11047.00  0.9958 7.13E-06 7.16E-06                                                              4.163E-03
11048.00  0.9958 7.18E-06 7.21E-06                                                              4.181E-03
11049.00  0.9958 7.19E-06 7.22E-06                                                              4.173E-03
11050.00  0.9958 7.19E-06 7.22E-06                                                              4.212E-03
11051.00  0.9958 7.20E-06 7.23E-06                                                              4.177E-03
11052.00  0.9958 7.20E-06 7.23E-06                                                              4.181E-03
11053.00  0.9958 7.20E-06 7.23E-06                                                              4.184E-03
11054.00  0.9958 7.20E-06 7.23E-06                                                              4.188E-03
11055.00  0.9956 7.20E-06 7.23E-06                                                              4.397E-03
11056.00  0.9958 7.20E-06 7.23E-06                                                              4.243E-03
11057.00  0.9958 7.20E-06 7.23E-06                                                              4.198E-03
11058.00  0.9958 7.20E-06 7.23E-06                                                              4.213E-03
11059.00  0.9958 7.19E-06 7.22E-06                                                              4.240E-03
11060.00  0.9958 7.18E-06 7.21E-06                                                              4.207E-03
11061.00  0.9958 7.17E-06 7.20E-06                                                              4.209E-03
11062.00  0.9958 7.14E-06 7.17E-06                                                              4.212E-03
11063.00  0.9958 7.14E-06 7.17E-06                                                              4.215E-03
11064.00  0.9958 7.15E-06 7.18E-06                                                              4.219E-03
11065.00  0.9958 7.15E-06 7.18E-06                                                              4.239E-03
11066.00  0.9958 7.16E-06 7.19E-06                                                              4.224E-03
11067.00  0.9958 7.17E-06 7.20E-06                                                              4.227E-03
11068.00  0.9958 7.12E-06 7.15E-06                                                              4.236E-03
11069.00  0.9955 7.09E-06 7.12E-06                                                              4.481E-03
11070.00  0.9958 7.10E-06 7.13E-06                                                              4.239E-03
11071.00  0.9958 7.09E-06 7.12E-06                                                              4.244E-03
11072.00  0.9957 7.08E-06 7.11E-06                                                              4.305E-03
11073.00  0.9958 7.12E-06 7.15E-06                                                              4.247E-03
11074.00  0.9958 7.14E-06 7.17E-06                                                              4.248E-03
11075.00  0.9958 7.12E-06 7.15E-06                                                              4.253E-03
11076.00  0.9948 7.03E-06 7.07E-06                                                              5.251E-03
11077.00  0.9957 7.04E-06 7.07E-06                                                              4.276E-03
11078.00  0.9957 7.02E-06 7.05E-06                                                              4.265E-03
11079.00  0.9957 6.90E-06 6.93E-06                                                              4.266E-03
11080.00  0.9951 6.86E-06 6.89E-06                                                              4.958E-03
11081.00  0.9957 6.91E-06 6.94E-06                                                              4.275E-03
11082.00  0.9957 6.86E-06 6.89E-06                                                              4.273E-03
11083.00  0.9957 6.85E-06 6.88E-06                                                              4.282E-03
11084.00  0.9957 6.90E-06 6.93E-06                                                              4.279E-03
11085.00  0.9957 6.82E-06 6.85E-06                                                              4.282E-03
11086.00  0.9957 6.76E-06 6.79E-06                                                              4.326E-03
11087.00  0.9947 6.72E-06 6.75E-06                                                              5.277E-03
11088.00  0.9953 6.62E-06 6.65E-06                                                              4.738E-03
11089.00  0.9957 6.53E-06 6.56E-06                                                              4.294E-03
11090.00  0.9957 6.56E-06 6.59E-06                                                              4.296E-03
11091.00  0.9957 6.45E-06 6.48E-06                                                              4.311E-03
11092.00  0.9957 6.49E-06 6.52E-06                                                              4.302E-03
11093.00  0.9953 6.51E-06 6.54E-06                                                              4.674E-03
11094.00  0.9956 6.52E-06 6.55E-06                                                              4.456E-03
11095.00  0.9957 6.55E-06 6.57E-06                                                              4.312E-03
11096.00  0.9957 6.63E-06 6.66E-06                                                              4.313E-03
11097.00  0.9956 6.67E-06 6.70E-06                                                              4.375E-03
11098.00  0.9957 6.76E-06 6.79E-06                                                              4.343E-03
11099.00  0.9955 6.89E-06 6.92E-06                                                              4.551E-03
11100.00  0.9956 6.96E-06 6.99E-06                                                              4.366E-03
11101.00  0.9957 7.08E-06 7.11E-06                                                              4.334E-03
11102.00  0.9957 7.11E-06 7.14E-06                                                              4.330E-03
11103.00  0.9954 7.14E-06 7.17E-06                                                              4.633E-03
11104.00  0.9954 7.14E-06 7.18E-06                                                              4.643E-03
11105.00  0.9957 7.14E-06 7.17E-06                                                              4.339E-03
11106.00  0.9957 7.03E-06 7.06E-06                                                              4.342E-03
11107.00  0.9955 6.75E-06 6.78E-06                                                              4.517E-03
11108.00  0.9947 6.70E-06 6.73E-06                                                              5.314E-03
11109.00  0.9957 6.70E-06 6.73E-06                                                              4.354E-03
11110.00  0.9957 6.69E-06 6.72E-06                                                              4.351E-03
11111.00  0.9957 6.81E-06 6.84E-06                                                              4.354E-03
11112.00  0.9957 7.07E-06 7.11E-06                                                              4.357E-03
11113.00  0.9957 7.10E-06 7.13E-06                                                              4.358E-03
11114.00  0.9956 7.11E-06 7.14E-06                                                              4.365E-03
11115.00  0.9956 7.13E-06 7.16E-06                                                              4.364E-03
11116.00  0.9956 7.12E-06 7.15E-06                                                              4.370E-03
11117.00  0.9956 7.10E-06 7.13E-06                                                              4.407E-03
11118.00  0.9948 7.11E-06 7.14E-06                                                              5.217E-03
11119.00  0.9952 7.10E-06 7.13E-06                                                              4.830E-03
11120.00  0.9956 7.10E-06 7.14E-06                                                              4.385E-03
11121.00  0.9956 7.13E-06 7.16E-06                                                              4.407E-03
11122.00  0.9954 7.16E-06 7.19E-06                                                              4.575E-03
11123.00  0.9949 7.16E-06 7.20E-06                                                              5.127E-03
11124.00  0.9956 7.17E-06 7.20E-06                                                              4.449E-03
11125.00  0.9953 7.10E-06 7.14E-06                                                              4.746E-03
11126.00  0.9956 7.09E-06 7.12E-06                                                              4.385E-03
11127.00  0.9956 7.10E-06 7.13E-06                                                              4.389E-03
11128.00  0.9956 7.11E-06 7.14E-06                                                              4.388E-03
11129.00  0.9956 7.12E-06 7.15E-06                                                              4.389E-03
11130.00  0.9956 7.19E-06 7.22E-06                                                              4.391E-03
11131.00  0.9956 7.21E-06 7.24E-06                                                              4.422E-03
11132.00  0.9951 7.18E-06 7.21E-06                                                              4.956E-03
11133.00  0.9956 7.15E-06 7.18E-06                                                              4.397E-03
11134.00  0.9956 7.13E-06 7.16E-06                                                              4.396E-03
11135.00  0.9956 7.08E-06 7.11E-06                                                              4.397E-03
11136.00  0.9956 7.01E-06 7.04E-06                                                              4.397E-03
11137.00  0.9956 6.96E-06 6.99E-06                                                              4.435E-03
11138.00  0.9956 6.98E-06 7.01E-06                                                              4.400E-03
11139.00  0.9955 7.00E-06 7.04E-06                                                              4.547E-03
11140.00  0.9955 7.05E-06 7.08E-06                                                              4.476E-03
11141.00  0.9956 7.13E-06 7.16E-06                                                              4.403E-03
11142.00  0.9956 7.20E-06 7.24E-06                                                              4.432E-03
11143.00  0.9953 7.20E-06 7.24E-06                                                              4.736E-03
11144.00  0.9955 7.19E-06 7.22E-06                                                              4.482E-03
11145.00  0.9956 7.15E-06 7.18E-06                                                              4.404E-03
11146.00  0.9956 7.05E-06 7.08E-06                                                              4.408E-03
11147.00  0.9956 6.94E-06 6.97E-06                                                              4.404E-03
11148.00  0.9956 6.88E-06 6.91E-06                                                              4.404E-03
11149.00  0.9956 6.87E-06 6.90E-06                                                              4.406E-03
11150.00  0.9955 6.91E-06 6.94E-06                                                              4.505E-03
11151.00  0.9954 7.01E-06 7.04E-06                                                              4.633E-03
11152.00  0.9956 7.13E-06 7.16E-06                                                              4.405E-03
11153.00  0.9955 7.19E-06 7.22E-06                                                              4.529E-03
11154.00  0.9955 7.20E-06 7.23E-06                                                              4.460E-03
11155.00  0.9955 7.20E-06 7.23E-06                                                              4.556E-03
11156.00  0.9956 7.20E-06 7.23E-06                                                              4.406E-03
11157.00  0.9956 7.20E-06 7.23E-06                                                              4.407E-03
11158.00  0.9956 7.21E-06 7.24E-06                                                              4.402E-03
11159.00  0.9956 7.22E-06 7.25E-06                                                              4.403E-03
11160.00  0.9956 7.22E-06 7.25E-06                                                              4.455E-03
11161.00  0.9956 7.22E-06 7.26E-06                                                              4.404E-03
11162.00  0.9956 7.21E-06 7.25E-06                                                              4.401E-03
11163.00  0.9956 7.21E-06 7.24E-06                                                              4.399E-03
11164.00  0.9954 7.20E-06 7.23E-06                                                              4.571E-03
11165.00  0.9956 7.20E-06 7.24E-06                                                              4.459E-03
11166.00  0.9956 7.21E-06 7.24E-06                                                              4.398E-03
11167.00  0.9956 7.20E-06 7.23E-06                                                              4.441E-03
11168.00  0.9956 7.15E-06 7.18E-06                                                              4.421E-03
11169.00  0.9956 7.08E-06 7.12E-06                                                              4.401E-03
11170.00  0.9956 7.06E-06 7.10E-06                                                              4.393E-03
11171.00  0.9956 7.04E-06 7.07E-06                                                              4.402E-03
11172.00  0.9956 6.99E-06 7.02E-06                                                              4.407E-03
11173.00  0.9956 6.94E-06 6.97E-06                                                              4.391E-03
11174.00  0.9956 6.84E-06 6.87E-06                                                              4.413E-03
11175.00  0.9956 6.83E-06 6.86E-06                                                              4.422E-03
11176.00  0.9956 6.83E-06 6.86E-06                                                              4.388E-03
11177.00  0.9956 6.72E-06 6.74E-06                                                              4.391E-03
11178.00  0.9956 6.79E-06 6.82E-06                                                              4.387E-03
11179.00  0.9956 6.95E-06 6.98E-06                                                              4.386E-03
11180.00  0.9956 6.97E-06 7.00E-06                                                              4.410E-03
11181.00  0.9956 7.00E-06 7.03E-06                                                              4.386E-03
11182.00  0.9956 7.17E-06 7.20E-06                                                              4.404E-03
11183.00  0.9956 7.19E-06 7.22E-06                                                              4.383E-03
11184.00  0.9956 7.20E-06 7.23E-06                                                              4.383E-03
11185.00  0.9956 7.21E-06 7.24E-06                                                              4.382E-03
11186.00  0.9956 7.21E-06 7.24E-06                                                              4.382E-03
11187.00  0.9956 7.21E-06 7.24E-06                                                              4.381E-03
11188.00  0.9956 7.20E-06 7.23E-06                                                              4.383E-03
11189.00  0.9956 7.20E-06 7.23E-06                                                              4.381E-03
11190.00  0.9956 7.19E-06 7.22E-06                                                              4.409E-03
11191.00  0.9956 7.15E-06 7.18E-06                                                              4.380E-03
11192.00  0.9956 7.13E-06 7.16E-06                                                              4.384E-03
11193.00  0.9956 7.12E-06 7.15E-06                                                              4.382E-03
11194.00  0.9956 7.02E-06 7.05E-06                                                              4.380E-03
11195.00  0.9956 6.96E-06 6.99E-06                                                              4.424E-03
11196.00  0.9956 6.89E-06 6.92E-06                                                              4.401E-03
11197.00  0.9956 6.85E-06 6.88E-06                                                              4.380E-03
11198.00  0.9956 6.86E-06 6.89E-06                                                              4.379E-03
11199.00  0.9956 6.91E-06 6.94E-06                                                              4.381E-03
11200.00  0.9956 6.89E-06 6.92E-06                                                              4.379E-03
11201.00  0.9956 6.90E-06 6.93E-06                                                              4.379E-03
11202.00  0.9956 6.93E-06 6.96E-06                                                              4.379E-03
11203.00  0.9956 6.95E-06 6.98E-06                                                              4.379E-03
11204.00  0.9956 7.00E-06 7.03E-06                                                              4.380E-03
11205.00  0.9956 7.04E-06 7.07E-06                                                              4.380E-03
11206.00  0.9956 7.02E-06 7.05E-06                                                              4.380E-03
11207.00  0.9956 7.03E-06 7.06E-06                                                              4.381E-03
11208.00  0.9956 7.03E-06 7.06E-06                                                              4.390E-03
11209.00  0.9956 7.03E-06 7.06E-06                                                              4.382E-03
11210.00  0.9956 7.06E-06 7.09E-06                                                              4.382E-03
11211.00  0.9956 7.18E-06 7.21E-06                                                              4.406E-03
11212.00  0.9956 7.21E-06 7.24E-06                                                              4.384E-03
11213.00  0.9956 7.21E-06 7.24E-06                                                              4.386E-03
11214.00  0.9956 7.20E-06 7.23E-06                                                              4.385E-03
11215.00  0.9956 7.17E-06 7.20E-06                                                              4.386E-03
11216.00  0.9956 7.05E-06 7.08E-06                                                              4.387E-03
11217.00  0.9956 7.03E-06 7.07E-06                                                              4.388E-03
11218.00  0.9956 7.03E-06 7.06E-06                                                              4.389E-03
11219.00  0.9956 7.01E-06 7.04E-06                                                              4.392E-03
11220.00  0.9956 7.04E-06 7.07E-06                                                              4.392E-03
11221.00  0.9956 7.15E-06 7.18E-06                                                              4.393E-03
11222.00  0.9956 7.17E-06 7.20E-06                                                              4.394E-03
11223.00  0.9956 7.17E-06 7.20E-06                                                              4.397E-03
11224.00  0.9956 7.20E-06 7.23E-06                                                              4.399E-03
11225.00  0.9956 7.21E-06 7.24E-06                                                              4.398E-03
11226.00  0.9956 7.21E-06 7.24E-06                                                              4.399E-03
11227.00  0.9956 7.20E-06 7.23E-06                                                              4.401E-03
11228.00  0.9956 7.20E-06 7.23E-06                                                              4.402E-03
11229.00  0.9956 7.20E-06 7.23E-06                                                              4.404E-03
11230.00  0.9956 7.20E-06 7.23E-06                                                              4.405E-03
11231.00  0.9956 7.20E-06 7.23E-06                                                              4.406E-03
11232.00  0.9956 7.16E-06 7.20E-06                                                              4.416E-03
11233.00  0.9956 7.16E-06 7.19E-06                                                              4.409E-03
11234.00  0.9956 7.15E-06 7.18E-06                                                              4.413E-03
11235.00  0.9956 7.14E-06 7.17E-06                                                              4.412E-03
11236.00  0.9956 7.15E-06 7.18E-06                                                              4.413E-03
11237.00  0.9956 7.19E-06 7.22E-06                                                              4.422E-03
11238.00  0.9956 7.19E-06 7.22E-06                                                              4.415E-03
11239.00  0.9956 7.18E-06 7.21E-06                                                              4.417E-03
11240.00  0.9956 7.09E-06 7.12E-06                                                              4.421E-03
11241.00  0.9956 7.07E-06 7.10E-06                                                              4.420E-03
11242.00  0.9956 7.04E-06 7.07E-06                                                              4.420E-03
11243.00  0.9956 7.00E-06 7.03E-06                                                              4.421E-03
11244.00  0.9956 7.01E-06 7.05E-06                                                              4.422E-03
11245.00  0.9956 7.11E-06 7.14E-06                                                              4.423E-03
11246.00  0.9956 7.13E-06 7.16E-06                                                              4.424E-03
11247.00  0.9956 7.14E-06 7.18E-06                                                              4.425E-03
11248.00  0.9956 7.18E-06 7.21E-06                                                              4.426E-03
11249.00  0.9956 7.18E-06 7.21E-06                                                              4.427E-03
11250.00  0.9956 7.17E-06 7.20E-06                                                              4.428E-03
11251.00  0.9956 7.14E-06 7.17E-06                                                              4.428E-03
11252.00  0.9956 7.12E-06 7.15E-06                                                              4.429E-03
11253.00  0.9956 7.11E-06 7.14E-06                                                              4.430E-03
11254.00  0.9956 7.10E-06 7.14E-06                                                              4.430E-03
11255.00  0.9956 7.11E-06 7.14E-06                                                              4.435E-03
11256.00  0.9956 7.14E-06 7.17E-06                                                              4.433E-03
11257.00  0.9956 7.15E-06 7.18E-06                                                              4.432E-03
11258.00  0.9956 7.10E-06 7.13E-06                                                              4.433E-03
11259.00  0.9956 7.09E-06 7.12E-06                                                              4.452E-03
11260.00  0.9956 7.06E-06 7.10E-06                                                              4.434E-03
11261.00  0.9956 6.98E-06 7.02E-06                                                              4.436E-03
11262.00  0.9956 6.98E-06 7.01E-06                                                              4.435E-03
11263.00  0.9956 7.03E-06 7.06E-06                                                              4.436E-03
11264.00  0.9956 7.02E-06 7.05E-06                                                              4.436E-03
11265.00  0.9956 7.04E-06 7.07E-06                                                              4.437E-03
11266.00  0.9956 7.11E-06 7.15E-06                                                              4.438E-03
11267.00  0.9956 7.13E-06 7.16E-06                                                              4.438E-03
11268.00  0.9956 7.14E-06 7.17E-06                                                              4.439E-03
11269.00  0.9956 7.15E-06 7.18E-06                                                              4.439E-03
11270.00  0.9956 7.14E-06 7.17E-06                                                              4.440E-03
11271.00  0.9956 7.06E-06 7.09E-06                                                              4.440E-03
11272.00  0.9956 6.98E-06 7.01E-06                                                              4.443E-03
11273.00  0.9956 6.74E-06 6.77E-06                                                              4.441E-03
11274.00  0.9956 6.67E-06 6.70E-06                                                              4.442E-03
11275.00  0.9956 6.65E-06 6.68E-06                                                              4.442E-03
11276.00  0.9956 6.68E-06 6.71E-06                                                              4.451E-03
11277.00  0.9956 6.65E-06 6.68E-06                                                              4.443E-03
11278.00  0.9956 6.73E-06 6.76E-06                                                              4.444E-03
11279.00  0.9956 6.68E-06 6.71E-06                                                              4.444E-03
11280.00  0.9956 6.62E-06 6.65E-06                                                              4.444E-03
11281.00  0.9956 6.45E-06 6.48E-06                                                              4.445E-03
11282.00  0.9956 6.49E-06 6.52E-06                                                              4.445E-03
11283.00  0.9956 6.63E-06 6.66E-06                                                              4.445E-03
11284.00  0.9956 6.73E-06 6.76E-06                                                              4.446E-03
11285.00  0.9956 6.82E-06 6.85E-06                                                              4.455E-03
11286.00  0.9956 7.04E-06 7.07E-06                                                              4.446E-03
11287.00  0.9956 7.10E-06 7.13E-06                                                              4.457E-03
11288.00  0.9956 7.12E-06 7.15E-06                                                              4.446E-03
11289.00  0.9956 7.13E-06 7.17E-06                                                              4.446E-03
11290.00  0.9956 7.14E-06 7.17E-06                                                              4.446E-03
11291.00  0.9956 7.15E-06 7.18E-06                                                              4.446E-03
11292.00  0.9956 7.16E-06 7.19E-06                                                              4.446E-03
11293.00  0.9956 7.17E-06 7.20E-06                                                              4.449E-03
11294.00  0.9956 7.17E-06 7.21E-06                                                              4.446E-03
11295.00  0.9956 7.18E-06 7.21E-06                                                              4.447E-03
11296.00  0.9956 7.17E-06 7.20E-06                                                              4.446E-03
11297.00  0.9956 7.17E-06 7.20E-06                                                              4.446E-03
11298.00  0.9956 7.11E-06 7.14E-06                                                              4.446E-03
11299.00  0.9956 7.05E-06 7.09E-06                                                              4.446E-03
11300.00  0.9956 7.05E-06 7.08E-06                                                              4.446E-03
11301.00  0.9956 7.06E-06 7.09E-06                                                              4.447E-03
11302.00  0.9956 7.07E-06 7.10E-06                                                              4.446E-03
11303.00  0.9956 7.11E-06 7.14E-06                                                              4.446E-03
11304.00  0.9956 7.14E-06 7.17E-06                                                              4.446E-03
11305.00  0.9956 7.14E-06 7.17E-06                                                              4.445E-03
11306.00  0.9956 7.13E-06 7.16E-06                                                              4.445E-03
11307.00  0.9956 7.11E-06 7.14E-06                                                              4.445E-03
11308.00  0.9956 7.08E-06 7.12E-06                                                              4.445E-03
11309.00  0.9956 6.88E-06 6.91E-06                                                              4.445E-03
11310.00  0.9956 6.84E-06 6.87E-06                                                              4.446E-03
11311.00  0.9956 6.84E-06 6.87E-06                                                              4.447E-03
11312.00  0.9956 6.83E-06 6.86E-06                                                              4.446E-03
11313.00  0.9956 6.88E-06 6.91E-06                                                              4.446E-03
11314.00  0.9956 7.11E-06 7.14E-06                                                              4.446E-03
11315.00  0.9956 7.13E-06 7.16E-06                                                              4.448E-03
11316.00  0.9956 7.13E-06 7.17E-06                                                              4.446E-03
11317.00  0.9956 7.15E-06 7.19E-06                                                              4.446E-03
11318.00  0.9956 7.16E-06 7.19E-06                                                              4.446E-03
11319.00  0.9956 7.16E-06 7.19E-06                                                              4.446E-03
11320.00  0.9956 7.16E-06 7.19E-06                                                              4.449E-03
11321.00  0.9956 7.15E-06 7.19E-06                                                              4.447E-03
11322.00  0.9956 7.14E-06 7.17E-06                                                              4.447E-03
11323.00  0.9956 7.14E-06 7.17E-06                                                              4.447E-03
11324.00  0.9956 7.15E-06 7.18E-06                                                              4.447E-03
11325.00  0.9956 7.17E-06 7.20E-06                                                              4.447E-03
11326.00  0.9956 7.11E-06 7.14E-06                                                              4.448E-03
11327.00  0.9956 6.77E-06 6.80E-06                                                              4.448E-03
11328.00  0.9956 6.64E-06 6.67E-06                                                              4.448E-03
11329.00  0.9956 6.62E-06 6.65E-06                                                              4.448E-03
11330.00  0.9956 6.62E-06 6.65E-06                                                              4.448E-03
11331.00  0.9956 6.69E-06 6.72E-06                                                              4.449E-03
11332.00  0.9956 7.04E-06 7.07E-06                                                              4.450E-03
11333.00  0.9956 7.16E-06 7.19E-06                                                              4.449E-03
11334.00  0.9956 7.17E-06 7.21E-06                                                              4.452E-03
11335.00  0.9956 7.17E-06 7.20E-06                                                              4.450E-03
11336.00  0.9956 7.16E-06 7.20E-06                                                              4.452E-03
11337.00  0.9956 7.12E-06 7.16E-06                                                              4.450E-03
11338.00  0.9956 7.12E-06 7.15E-06                                                              4.450E-03
11339.00  0.9956 7.07E-06 7.10E-06                                                              4.451E-03
11340.00  0.9956 7.01E-06 7.04E-06                                                              4.451E-03
11341.00  0.9956 6.98E-06 7.01E-06                                                              4.451E-03
11342.00  0.9956 7.01E-06 7.04E-06                                                              4.452E-03
11343.00  0.9956 7.02E-06 7.05E-06                                                              4.452E-03
11344.00  0.9956 7.08E-06 7.11E-06                                                              4.452E-03
11345.00  0.9956 7.15E-06 7.18E-06                                                              4.455E-03
11346.00  0.9956 7.14E-06 7.17E-06                                                              4.453E-03
11347.00  0.9956 7.12E-06 7.15E-06                                                              4.454E-03
11348.00  0.9956 7.02E-06 7.05E-06                                                              4.454E-03
11349.00  0.9956 6.79E-06 6.82E-06                                                              4.455E-03
11350.00  0.9956 6.28E-06 6.31E-06                                                              4.455E-03
11351.00  0.9956 6.18E-06 6.21E-06                                                              4.456E-03
11352.00  0.9956 6.13E-06 6.16E-06                                                              4.456E-03
11353.00  0.9956 6.14E-06 6.16E-06                                                              4.457E-03
11354.00  0.9956 6.34E-06 6.37E-06                                                              4.458E-03
11355.00  0.9956 6.86E-06 6.89E-06                                                              4.458E-03
11356.00  0.9955 7.00E-06 7.03E-06                                                              4.461E-03
11357.00  0.9956 7.08E-06 7.11E-06                                                              4.460E-03
11358.00  0.9955 7.18E-06 7.22E-06                                                              4.460E-03
11359.00  0.9955 7.21E-06 7.24E-06                                                              4.461E-03
11360.00  0.9955 7.21E-06 7.24E-06                                                              4.462E-03
11361.00  0.9955 7.20E-06 7.23E-06                                                              4.464E-03
11362.00  0.9955 7.19E-06 7.22E-06                                                              4.463E-03
11363.00  0.9955 7.14E-06 7.17E-06                                                              4.464E-03
11364.00  0.9955 7.13E-06 7.16E-06                                                              4.465E-03
11365.00  0.9955 7.13E-06 7.17E-06                                                              4.466E-03
11366.00  0.9955 7.09E-06 7.12E-06                                                              4.466E-03
11367.00  0.9955 6.89E-06 6.92E-06                                                              4.467E-03
11368.00  0.9955 6.88E-06 6.92E-06                                                              4.468E-03
11369.00  0.9955 6.89E-06 6.92E-06                                                              4.469E-03
11370.00  0.9955 6.85E-06 6.88E-06                                                              4.470E-03
11371.00  0.9955 6.72E-06 6.75E-06                                                              4.470E-03
11372.00  0.9955 6.90E-06 6.93E-06                                                              4.471E-03
11373.00  0.9955 6.95E-06 6.98E-06                                                              4.472E-03
11374.00  0.9955 6.96E-06 6.99E-06                                                              4.473E-03
11375.00  0.9955 7.00E-06 7.03E-06                                                              4.474E-03
11376.00  0.9955 7.18E-06 7.21E-06                                                              4.474E-03
11377.00  0.9955 7.19E-06 7.22E-06                                                              4.475E-03
11378.00  0.9955 7.17E-06 7.21E-06                                                              4.476E-03
11379.00  0.9955 7.13E-06 7.16E-06                                                              4.477E-03
11380.00  0.9955 7.12E-06 7.15E-06                                                              4.478E-03
11381.00  0.9955 7.11E-06 7.15E-06                                                              4.479E-03
11382.00  0.9955 7.14E-06 7.17E-06                                                              4.479E-03
11383.00  0.9955 7.15E-06 7.18E-06                                                              4.481E-03
11384.00  0.9955 7.18E-06 7.21E-06                                                              4.481E-03
11385.00  0.9955 7.18E-06 7.21E-06                                                              4.482E-03
11386.00  0.9955 7.14E-06 7.18E-06                                                              4.484E-03
11387.00  0.9955 7.14E-06 7.17E-06                                                              4.484E-03
11388.00  0.9955 7.14E-06 7.18E-06                                                              4.485E-03
11389.00  0.9955 7.15E-06 7.19E-06                                                              4.486E-03
11390.00  0.9955 7.16E-06 7.20E-06                                                              4.487E-03
11391.00  0.9955 7.18E-06 7.21E-06                                                              4.488E-03
11392.00  0.9955 7.04E-06 7.08E-06                                                              4.489E-03
11393.00  0.9955 6.97E-06 7.01E-06                                                              4.490E-03
11394.00  0.9955 6.87E-06 6.90E-06                                                              4.491E-03
11395.00  0.9955 6.85E-06 6.88E-06                                                              4.492E-03
11396.00  0.9955 6.86E-06 6.89E-06                                                              4.493E-03
11397.00  0.9955 6.99E-06 7.02E-06                                                              4.495E-03
11398.00  0.9955 7.05E-06 7.08E-06                                                              4.496E-03
11399.00  0.9955 7.15E-06 7.19E-06                                                              4.497E-03
11400.00  0.9955 7.17E-06 7.20E-06                                                              4.498E-03
11401.00  0.9955 7.17E-06 7.20E-06                                                              4.499E-03
11402.00  0.9955 7.14E-06 7.17E-06                                                              4.500E-03
11403.00  0.9955 7.13E-06 7.17E-06                                                              4.502E-03
11404.00  0.9955 7.13E-06 7.16E-06                                                              4.503E-03
11405.00  0.9955 7.10E-06 7.13E-06                                                              4.504E-03
11406.00  0.9955 7.10E-06 7.13E-06                                                              4.506E-03
11407.00  0.9955 7.13E-06 7.17E-06                                                              4.507E-03
11408.00  0.9955 7.13E-06 7.17E-06                                                              4.508E-03
11409.00  0.9955 7.14E-06 7.18E-06                                                              4.510E-03
11410.00  0.9955 7.18E-06 7.21E-06                                                              4.511E-03
11411.00  0.9955 7.17E-06 7.21E-06                                                              4.513E-03
11412.00  0.9955 7.17E-06 7.20E-06                                                              4.514E-03
11413.00  0.9955 7.13E-06 7.16E-06                                                              4.516E-03
11414.00  0.9955 6.89E-06 6.92E-06                                                              4.517E-03
11415.00  0.9955 6.83E-06 6.86E-06                                                              4.518E-03
11416.00  0.9955 6.78E-06 6.81E-06                                                              4.519E-03
11417.00  0.9955 6.76E-06 6.79E-06                                                              4.521E-03
11418.00  0.9955 6.78E-06 6.82E-06                                                              4.522E-03
11419.00  0.9955 6.99E-06 7.02E-06                                                              4.524E-03
11420.00  0.9955 6.98E-06 7.01E-06                                                              4.525E-03
11421.00  0.9955 6.84E-06 6.87E-06                                                              4.526E-03
11422.00  0.9955 6.77E-06 6.80E-06                                                              4.528E-03
11423.00  0.9955 6.73E-06 6.76E-06                                                              4.530E-03
11424.00  0.9955 6.72E-06 6.75E-06                                                              4.531E-03
11425.00  0.9955 6.74E-06 6.77E-06                                                              4.532E-03
11426.00  0.9955 6.89E-06 6.92E-06                                                              4.534E-03
11427.00  0.9955 6.92E-06 6.95E-06                                                              4.536E-03
11428.00  0.9955 6.94E-06 6.98E-06                                                              4.537E-03
11429.00  0.9955 6.97E-06 7.00E-06                                                              4.539E-03
11430.00  0.9955 7.00E-06 7.03E-06                                                              4.540E-03
11431.00  0.9955 7.03E-06 7.06E-06                                                              4.542E-03
11432.00  0.9955 7.07E-06 7.10E-06                                                              4.544E-03
11433.00  0.9955 6.97E-06 7.00E-06                                                              4.546E-03
11434.00  0.9955 6.95E-06 6.98E-06                                                              4.547E-03
11435.00  0.9955 6.93E-06 6.96E-06                                                              4.549E-03
11436.00  0.9955 6.93E-06 6.96E-06                                                              4.550E-03
11437.00  0.9955 6.96E-06 7.00E-06                                                              4.553E-03
11438.00  0.9955 7.09E-06 7.12E-06                                                              4.554E-03
11439.00  0.9955 7.14E-06 7.17E-06                                                              4.556E-03
11440.00  0.9955 7.16E-06 7.19E-06                                                              4.558E-03
11441.00  0.9954 7.10E-06 7.13E-06                                                              4.561E-03
11442.00  0.9954 6.88E-06 6.91E-06                                                              4.562E-03
11443.00  0.9954 6.83E-06 6.86E-06                                                              4.564E-03
11444.00  0.9954 6.82E-06 6.85E-06                                                              4.567E-03
11445.00  0.9954 6.84E-06 6.87E-06                                                              4.569E-03
11446.00  0.9954 6.91E-06 6.94E-06                                                              4.570E-03
11447.00  0.9954 7.14E-06 7.17E-06                                                              4.572E-03
11448.00  0.9954 7.18E-06 7.21E-06                                                              4.574E-03
11449.00  0.9954 7.19E-06 7.22E-06                                                              4.577E-03
11450.00  0.9954 7.17E-06 7.21E-06                                                              4.578E-03
11451.00  0.9954 7.10E-06 7.13E-06                                                              4.580E-03
11452.00  0.9954 6.99E-06 7.02E-06                                                              4.582E-03
11453.00  0.9954 6.97E-06 7.00E-06                                                              4.586E-03
11454.00  0.9954 6.97E-06 7.00E-06                                                              4.586E-03
11455.00  0.9954 6.98E-06 7.02E-06                                                              4.588E-03
11456.00  0.9954 7.05E-06 7.08E-06                                                              4.594E-03
11457.00  0.9954 7.15E-06 7.19E-06                                                              4.593E-03
11458.00  0.9954 7.17E-06 7.21E-06                                                              4.596E-03
11459.00  0.9954 7.17E-06 7.21E-06                                                              4.598E-03
11460.00  0.9954 7.18E-06 7.21E-06                                                              4.604E-03
11461.00  0.9954 7.19E-06 7.22E-06                                                              4.603E-03
11462.00  0.9954 7.20E-06 7.23E-06                                                              4.605E-03
11463.00  0.9954 7.21E-06 7.24E-06                                                              4.612E-03
11464.00  0.9954 7.20E-06 7.23E-06                                                              4.610E-03
11465.00  0.9954 7.15E-06 7.18E-06                                                              4.613E-03
11466.00  0.9954 7.04E-06 7.08E-06                                                              4.621E-03
11467.00  0.9954 7.02E-06 7.06E-06                                                              4.618E-03
11468.00  0.9954 7.02E-06 7.06E-06                                                              4.621E-03
11469.00  0.9954 7.04E-06 7.07E-06                                                              4.630E-03
11470.00  0.9954 7.08E-06 7.11E-06                                                              4.626E-03
11471.00  0.9954 7.15E-06 7.19E-06                                                              4.629E-03
11472.00  0.9954 7.00E-06 7.03E-06                                                              4.639E-03
11473.00  0.9954 6.95E-06 6.99E-06                                                              4.634E-03
11474.00  0.9954 6.93E-06 6.96E-06                                                              4.637E-03
11475.00  0.9954 6.82E-06 6.85E-06                                                              4.649E-03
11476.00  0.9954 6.77E-06 6.80E-06                                                              4.642E-03
11477.00  0.9954 6.92E-06 6.95E-06                                                              4.645E-03
11478.00  0.9954 6.96E-06 6.99E-06                                                              4.657E-03
11479.00  0.9954 6.98E-06 7.01E-06                                                              4.650E-03
11480.00  0.9953 7.08E-06 7.11E-06                                                              4.663E-03
11481.00  0.9954 7.15E-06 7.19E-06                                                              4.655E-03
11482.00  0.9954 7.17E-06 7.21E-06                                                              4.658E-03
11483.00  0.9953 7.17E-06 7.20E-06                                                              4.671E-03
11484.00  0.9953 7.15E-06 7.18E-06                                                              4.664E-03
11485.00  0.9953 7.13E-06 7.16E-06                                                              4.675E-03
11486.00  0.9953 7.13E-06 7.16E-06                                                              4.668E-03
11487.00  0.9953 7.12E-06 7.16E-06                                                              4.679E-03
11488.00  0.9953 7.11E-06 7.15E-06                                                              4.672E-03
11489.00  0.9953 7.11E-06 7.14E-06                                                              4.683E-03
11490.00  0.9953 6.98E-06 7.01E-06                                                              4.677E-03
11491.00  0.9953 6.93E-06 6.96E-06                                                              4.686E-03
11492.00  0.9953 6.93E-06 6.96E-06                                                              4.683E-03
11493.00  0.9953 6.94E-06 6.97E-06                                                              4.689E-03
11494.00  0.9953 6.97E-06 7.00E-06                                                              4.688E-03
11495.00  0.9953 7.12E-06 7.15E-06                                                              4.691E-03
11496.00  0.9953 7.14E-06 7.17E-06                                                              4.691E-03
11497.00  0.9953 7.12E-06 7.15E-06                                                              4.695E-03
11498.00  0.9953 7.11E-06 7.14E-06                                                              4.696E-03
11499.00  0.9953 7.09E-06 7.13E-06                                                              4.702E-03
11500.00  0.9953 7.10E-06 7.13E-06                                                              4.710E-03
11501.00  0.9953 7.12E-06 7.16E-06                                                              4.712E-03
11502.00  0.9953 7.07E-06 7.10E-06                                                              4.719E-03
11503.00  0.9953 6.90E-06 6.94E-06                                                              4.720E-03
11504.00  0.9953 6.41E-06 6.44E-06                                                              4.737E-03
11505.00  0.9953 6.26E-06 6.29E-06                                                              4.741E-03
11506.00  0.9953 6.23E-06 6.26E-06                                                              4.751E-03
11507.00  0.9953 6.25E-06 6.28E-06                                                              4.719E-03
11508.00  0.9953 6.42E-06 6.45E-06                                                              4.727E-03
11509.00  0.9953 6.92E-06 6.95E-06                                                              4.725E-03
11510.00  0.9953 7.06E-06 7.10E-06                                                              4.733E-03
11511.00  0.9953 7.09E-06 7.12E-06                                                              4.730E-03
11512.00  0.9953 7.10E-06 7.14E-06                                                              4.733E-03
11513.00  0.9953 7.10E-06 7.13E-06                                                              4.736E-03
11514.00  0.9953 7.07E-06 7.11E-06                                                              4.739E-03
11515.00  0.9953 6.95E-06 6.98E-06                                                              4.751E-03
11516.00  0.9953 6.85E-06 6.88E-06                                                              4.745E-03
11517.00  0.9953 6.85E-06 6.88E-06                                                              4.756E-03
11518.00  0.9953 6.86E-06 6.89E-06                                                              4.752E-03
11519.00  0.9953 6.89E-06 6.92E-06                                                              4.755E-03
11520.00  0.9953 7.00E-06 7.04E-06                                                              4.758E-03
11521.00  0.9953 7.07E-06 7.10E-06                                                              4.761E-03
11522.00  0.9952 6.92E-06 6.95E-06                                                              4.765E-03
11523.00  0.9952 6.71E-06 6.74E-06                                                              4.780E-03
11524.00  0.9952 6.66E-06 6.69E-06                                                              4.771E-03
11525.00  0.9952 6.63E-06 6.66E-06                                                              4.786E-03
11526.00  0.9952 6.59E-06 6.62E-06                                                              4.778E-03
11527.00  0.9952 6.73E-06 6.76E-06                                                              4.781E-03
11528.00  0.9952 6.88E-06 6.91E-06                                                              4.785E-03
11529.00  0.9952 6.88E-06 6.92E-06                                                              4.788E-03
11530.00  0.9952 6.85E-06 6.88E-06                                                              4.808E-03
11531.00  0.9952 6.84E-06 6.88E-06                                                              4.795E-03
11532.00  0.9952 6.79E-06 6.82E-06                                                              4.814E-03
11533.00  0.9952 6.74E-06 6.77E-06                                                              4.803E-03
11534.00  0.9952 6.66E-06 6.69E-06                                                              4.806E-03
11535.00  0.9952 6.54E-06 6.57E-06                                                              4.810E-03
11536.00  0.9952 6.37E-06 6.40E-06                                                              4.814E-03
11537.00  0.9952 6.07E-06 6.10E-06                                                              4.837E-03
11538.00  0.9952 5.56E-06 5.59E-06                                                              4.821E-03
11539.00  0.9952 4.73E-06 4.75E-06                                                              4.842E-03
11540.00  0.9952 4.07E-06 4.09E-06                                                              4.828E-03
11541.00  0.9952 3.81E-06 3.83E-06                                                              4.832E-03
11542.00  0.9952 3.89E-06 3.91E-06                                                              4.836E-03
11543.00  0.9952 4.29E-06 4.31E-06                                                              4.861E-03
11544.00  0.9952 5.11E-06 5.13E-06                                                              4.844E-03
11545.00  0.9951 5.84E-06 5.87E-06                                                              4.866E-03
11546.00  0.9952 6.28E-06 6.31E-06                                                              4.853E-03
11547.00  0.9952 6.54E-06 6.57E-06                                                              4.857E-03
11548.00  0.9952 6.71E-06 6.74E-06                                                              4.861E-03
11549.00  0.9951 6.81E-06 6.84E-06                                                              4.865E-03
11550.00  0.9951 6.88E-06 6.91E-06                                                              4.889E-03
11551.00  0.9951 6.93E-06 6.96E-06                                                              4.874E-03
11552.00  0.9951 6.94E-06 6.98E-06                                                              4.894E-03
11553.00  0.9951 6.96E-06 7.00E-06                                                              4.883E-03
11554.00  0.9951 7.00E-06 7.03E-06                                                              4.887E-03
11555.00  0.9951 7.03E-06 7.06E-06                                                              4.892E-03
11556.00  0.9951 7.03E-06 7.06E-06                                                              4.912E-03
11557.00  0.9951 6.98E-06 7.02E-06                                                              4.901E-03
11558.00  0.9951 6.89E-06 6.92E-06                                                              4.917E-03
11559.00  0.9951 6.88E-06 6.92E-06                                                              4.911E-03
11560.00  0.9951 6.88E-06 6.92E-06                                                              4.916E-03
11561.00  0.9951 6.91E-06 6.94E-06                                                              4.921E-03
11562.00  0.9951 7.01E-06 7.04E-06                                                              4.934E-03
11563.00  0.9951 7.13E-06 7.16E-06                                                              4.931E-03
11564.00  0.9951 7.15E-06 7.18E-06                                                              4.936E-03
11565.00  0.9951 7.15E-06 7.18E-06                                                              4.941E-03
11566.00  0.9951 7.13E-06 7.17E-06                                                              4.946E-03
11567.00  0.9951 7.13E-06 7.17E-06                                                              4.951E-03
11568.00  0.9951 7.14E-06 7.17E-06                                                              4.956E-03
11569.00  0.9951 7.14E-06 7.17E-06                                                              4.961E-03
11570.00  0.9950 7.15E-06 7.18E-06                                                              4.971E-03
11571.00  0.9950 7.16E-06 7.20E-06                                                              4.972E-03
11572.00  0.9950 7.17E-06 7.20E-06                                                              4.986E-03
11573.00  0.9950 7.16E-06 7.20E-06                                                              4.982E-03
11574.00  0.9950 7.16E-06 7.20E-06                                                              4.987E-03
11575.00  0.9950 7.17E-06 7.20E-06                                                              5.004E-03
11576.00  0.9950 7.16E-06 7.19E-06                                                              4.997E-03
11577.00  0.9950 7.12E-06 7.15E-06                                                              5.019E-03
11578.00  0.9950 7.09E-06 7.12E-06                                                              5.008E-03
11579.00  0.9950 7.01E-06 7.05E-06                                                              5.013E-03
11580.00  0.9950 7.00E-06 7.03E-06                                                              5.035E-03
11581.00  0.9950 7.01E-06 7.05E-06                                                              5.024E-03
11582.00  0.9950 7.05E-06 7.09E-06                                                              5.050E-03
11583.00  0.9950 7.08E-06 7.11E-06                                                              5.034E-03
11584.00  0.9950 7.15E-06 7.19E-06                                                              5.039E-03
11585.00  0.9949 7.17E-06 7.20E-06                                                              5.063E-03
11586.00  0.9950 7.16E-06 7.20E-06                                                              5.050E-03
11587.00  0.9949 7.15E-06 7.18E-06                                                              5.077E-03
11588.00  0.9950 7.16E-06 7.19E-06                                                              5.061E-03
11589.00  0.9949 7.16E-06 7.20E-06                                                              5.066E-03
11590.00  0.9949 7.16E-06 7.20E-06                                                              5.089E-03
11591.00  0.9949 7.17E-06 7.20E-06                                                              5.077E-03
11592.00  0.9949 7.17E-06 7.21E-06                                                              5.102E-03
11593.00  0.9949 7.11E-06 7.14E-06                                                              5.088E-03
11594.00  0.9949 6.95E-06 6.99E-06                                                              5.108E-03
11595.00  0.9949 6.92E-06 6.96E-06                                                              5.099E-03
11596.00  0.9949 6.92E-06 6.96E-06                                                              5.121E-03
11597.00  0.9949 6.93E-06 6.97E-06                                                              5.110E-03
11598.00  0.9949 6.98E-06 7.01E-06                                                              5.126E-03
11599.00  0.9949 7.13E-06 7.17E-06                                                              5.120E-03
11600.00  0.9949 7.12E-06 7.16E-06                                                              5.139E-03
11601.00  0.9949 6.97E-06 7.01E-06                                                              5.132E-03
11602.00  0.9949 6.96E-06 6.99E-06                                                              5.145E-03
11603.00  0.9949 6.97E-06 7.01E-06                                                              5.143E-03
11604.00  0.9949 6.93E-06 6.96E-06                                                              5.157E-03
11605.00  0.9949 6.95E-06 6.99E-06                                                              5.159E-03
11606.00  0.9949 7.05E-06 7.09E-06                                                              5.160E-03
11607.00  0.9948 6.85E-06 6.89E-06                                                              5.171E-03
11608.00  0.9948 6.82E-06 6.86E-06                                                              5.174E-03
11609.00  0.9948 6.86E-06 6.89E-06                                                              5.177E-03
11610.00  0.9948 6.86E-06 6.89E-06                                                              5.186E-03
11611.00  0.9948 6.90E-06 6.93E-06                                                              5.191E-03
11612.00  0.9948 7.10E-06 7.14E-06                                                              5.195E-03
11613.00  0.9948 7.08E-06 7.12E-06                                                              5.203E-03
11614.00  0.9948 7.06E-06 7.09E-06                                                              5.208E-03
11615.00  0.9948 7.04E-06 7.07E-06                                                              5.213E-03
11616.00  0.9948 7.02E-06 7.06E-06                                                              5.220E-03
11617.00  0.9948 7.03E-06 7.07E-06                                                              5.225E-03
11618.00  0.9948 7.08E-06 7.11E-06                                                              5.231E-03
11619.00  0.9948 7.10E-06 7.13E-06                                                              5.237E-03
11620.00  0.9948 7.11E-06 7.15E-06                                                              5.243E-03
11621.00  0.9948 7.09E-06 7.13E-06                                                              5.249E-03
11622.00  0.9948 7.08E-06 7.12E-06                                                              5.255E-03
11623.00  0.9948 7.07E-06 7.11E-06                                                              5.262E-03
11624.00  0.9947 6.98E-06 7.01E-06                                                              5.268E-03
11625.00  0.9947 6.96E-06 6.99E-06                                                              5.274E-03
11626.00  0.9947 6.96E-06 7.00E-06                                                              5.280E-03
11627.00  0.9947 6.92E-06 6.96E-06                                                              5.286E-03
11628.00  0.9947 6.88E-06 6.92E-06                                                              5.293E-03
11629.00  0.9947 6.97E-06 7.00E-06                                                              5.299E-03
11630.00  0.9947 6.99E-06 7.03E-06                                                              5.305E-03
11631.00  0.9947 6.99E-06 7.03E-06                                                              5.311E-03
11632.00  0.9947 6.96E-06 7.00E-06                                                              5.317E-03
11633.00  0.9947 7.01E-06 7.05E-06                                                              5.323E-03
11634.00  0.9947 7.01E-06 7.05E-06                                                              5.330E-03
11635.00  0.9947 7.01E-06 7.05E-06                                                              5.336E-03
11636.00  0.9947 7.03E-06 7.07E-06                                                              5.342E-03
11637.00  0.9947 7.10E-06 7.14E-06                                                              5.349E-03
11638.00  0.9947 7.10E-06 7.14E-06                                                              5.354E-03
11639.00  0.9947 7.04E-06 7.08E-06                                                              5.359E-03
11640.00  0.9946 6.95E-06 6.99E-06                                                              5.365E-03
11641.00  0.9946 6.94E-06 6.98E-06                                                              5.371E-03
11642.00  0.9946 6.94E-06 6.98E-06                                                              5.376E-03
11643.00  0.9946 6.91E-06 6.95E-06                                                              5.382E-03
11644.00  0.9946 6.97E-06 7.01E-06                                                              5.386E-03
11645.00  0.9946 7.04E-06 7.08E-06                                                              5.392E-03
11646.00  0.9946 7.00E-06 7.04E-06                                                              5.397E-03
11647.00  0.9946 6.82E-06 6.85E-06                                                              5.402E-03
11648.00  0.9946 6.79E-06 6.83E-06                                                              5.407E-03
11649.00  0.9946 6.80E-06 6.84E-06                                                              5.412E-03
11650.00  0.9946 6.83E-06 6.87E-06                                                              5.417E-03
11651.00  0.9946 6.87E-06 6.91E-06                                                              5.421E-03
11652.00  0.9946 7.07E-06 7.11E-06                                                              5.426E-03
11653.00  0.9946 7.15E-06 7.19E-06                                                              5.430E-03
11654.00  0.9946 7.14E-06 7.18E-06                                                              5.435E-03
11655.00  0.9946 7.11E-06 7.15E-06                                                              5.439E-03
11656.00  0.9946 7.10E-06 7.14E-06                                                              5.444E-03
11657.00  0.9946 7.09E-06 7.13E-06                                                              5.449E-03
11658.00  0.9946 7.08E-06 7.12E-06                                                              5.453E-03
11659.00  0.9946 7.09E-06 7.13E-06                                                              5.457E-03
11660.00  0.9946 7.11E-06 7.15E-06                                                              5.462E-03
11661.00  0.9945 7.10E-06 7.14E-06                                                              5.468E-03
11662.00  0.9945 7.10E-06 7.14E-06                                                              5.470E-03
11663.00  0.9945 7.09E-06 7.13E-06                                                              5.475E-03
11664.00  0.9945 7.10E-06 7.14E-06                                                              5.479E-03
11665.00  0.9945 7.09E-06 7.13E-06                                                              5.482E-03
11666.00  0.9945 7.12E-06 7.16E-06                                                              5.486E-03
11667.00  0.9945 7.12E-06 7.16E-06                                                              5.492E-03
11668.00  0.9945 7.12E-06 7.16E-06                                                              5.495E-03
11669.00  0.9945 7.12E-06 7.16E-06                                                              5.499E-03
11670.00  0.9945 7.12E-06 7.16E-06                                                              5.503E-03
11671.00  0.9945 7.12E-06 7.16E-06                                                              5.507E-03
11672.00  0.9945 7.12E-06 7.16E-06                                                              5.511E-03
11673.00  0.9945 7.12E-06 7.16E-06                                                              5.515E-03
11674.00  0.9945 7.13E-06 7.17E-06                                                              5.519E-03
11675.00  0.9945 7.12E-06 7.16E-06                                                              5.523E-03
11676.00  0.9945 7.11E-06 7.15E-06                                                              5.529E-03
11677.00  0.9945 7.07E-06 7.11E-06                                                              5.531E-03
11678.00  0.9945 7.06E-06 7.10E-06                                                              5.535E-03
11679.00  0.9945 7.06E-06 7.10E-06                                                              5.539E-03
11680.00  0.9945 7.05E-06 7.09E-06                                                              5.542E-03
11681.00  0.9945 6.94E-06 6.98E-06                                                              5.547E-03
11682.00  0.9945 6.91E-06 6.95E-06                                                              5.550E-03
11683.00  0.9945 6.88E-06 6.92E-06                                                              5.553E-03
11684.00  0.9945 6.86E-06 6.90E-06                                                              5.559E-03
11685.00  0.9945 6.87E-06 6.91E-06                                                              5.561E-03
11686.00  0.9944 6.97E-06 7.01E-06                                                              5.566E-03
11687.00  0.9944 7.01E-06 7.05E-06                                                              5.568E-03
11688.00  0.9944 7.02E-06 7.06E-06                                                              5.575E-03
11689.00  0.9944 7.00E-06 7.04E-06                                                              5.575E-03
11690.00  0.9944 6.94E-06 6.98E-06                                                              5.578E-03
11691.00  0.9944 6.91E-06 6.95E-06                                                              5.581E-03
11692.00  0.9944 6.85E-06 6.88E-06                                                              5.586E-03
11693.00  0.9944 6.77E-06 6.81E-06                                                              5.589E-03
11694.00  0.9944 6.70E-06 6.74E-06                                                              5.591E-03
11695.00  0.9944 6.63E-06 6.67E-06                                                              5.595E-03
11696.00  0.9944 6.51E-06 6.55E-06                                                              5.598E-03
11697.00  0.9944 6.36E-06 6.39E-06                                                              5.601E-03
11698.00  0.9944 6.13E-06 6.17E-06                                                              5.607E-03
11699.00  0.9944 5.79E-06 5.82E-06                                                              5.607E-03
11700.00  0.9944 5.27E-06 5.30E-06                                                              5.610E-03
11701.00  0.9944 4.51E-06 4.53E-06                                                              5.613E-03
11702.00  0.9944 3.79E-06 3.81E-06                                                              5.616E-03
11703.00  0.9944 3.46E-06 3.48E-06                                                              5.618E-03
11704.00  0.9944 3.46E-06 3.48E-06                                                              5.621E-03
11705.00  0.9944 3.78E-06 3.80E-06                                                              5.632E-03
11706.00  0.9944 4.47E-06 4.50E-06                                                              5.626E-03
11707.00  0.9944 5.22E-06 5.25E-06                                                              5.631E-03
11708.00  0.9944 5.74E-06 5.77E-06                                                              5.631E-03
11709.00  0.9944 6.09E-06 6.12E-06                                                              5.633E-03
11710.00  0.9944 6.29E-06 6.33E-06                                                              5.635E-03
11711.00  0.9944 6.46E-06 6.49E-06                                                              5.641E-03
11712.00  0.9944 6.61E-06 6.65E-06                                                              5.638E-03
11713.00  0.9944 6.71E-06 6.74E-06                                                              5.640E-03
11714.00  0.9944 6.79E-06 6.83E-06                                                              5.644E-03
11715.00  0.9944 6.88E-06 6.92E-06                                                              5.643E-03
11716.00  0.9944 6.94E-06 6.98E-06                                                              5.643E-03
11717.00  0.9944 6.97E-06 7.01E-06                                                              5.644E-03
11718.00  0.9944 6.99E-06 7.03E-06                                                              5.647E-03
11719.00  0.9944 7.01E-06 7.05E-06                                                              5.646E-03
11720.00  0.9944 7.03E-06 7.07E-06                                                              5.649E-03
11721.00  0.9944 7.02E-06 7.06E-06                                                              5.647E-03
11722.00  0.9944 6.89E-06 6.92E-06                                                              5.647E-03
11723.00  0.9944 6.75E-06 6.79E-06                                                              5.647E-03
11724.00  0.9944 6.72E-06 6.76E-06                                                              5.647E-03
11725.00  0.9944 6.72E-06 6.76E-06                                                              5.650E-03
11726.00  0.9944 6.76E-06 6.80E-06                                                              5.646E-03
11727.00  0.9944 6.91E-06 6.95E-06                                                              5.647E-03
11728.00  0.9944 7.06E-06 7.10E-06                                                              5.645E-03
11729.00  0.9944 7.10E-06 7.14E-06                                                              5.644E-03
11730.00  0.9944 7.10E-06 7.14E-06                                                              5.646E-03
11731.00  0.9944 7.10E-06 7.14E-06                                                              5.641E-03
11732.00  0.9944 7.10E-06 7.14E-06                                                              5.640E-03
11733.00  0.9944 7.10E-06 7.14E-06                                                              5.638E-03
11734.00  0.9944 7.08E-06 7.12E-06                                                              5.645E-03
11735.00  0.9944 7.08E-06 7.12E-06                                                              5.635E-03
11736.00  0.9944 7.07E-06 7.11E-06                                                              5.632E-03
11737.00  0.9944 7.06E-06 7.10E-06                                                              5.630E-03
11738.00  0.9944 7.00E-06 7.04E-06                                                              5.628E-03
11739.00  0.9944 6.76E-06 6.80E-06                                                              5.626E-03
11740.00  0.9944 6.46E-06 6.49E-06                                                              5.623E-03
11741.00  0.9944 6.42E-06 6.46E-06                                                              5.620E-03
11742.00  0.9944 6.43E-06 6.46E-06                                                              5.617E-03
11743.00  0.9944 6.49E-06 6.53E-06                                                              5.615E-03
11744.00  0.9944 6.75E-06 6.78E-06                                                              5.619E-03
11745.00  0.9944 7.07E-06 7.11E-06                                                              5.620E-03
11746.00  0.9944 7.11E-06 7.15E-06                                                              5.604E-03
11747.00  0.9944 7.12E-06 7.16E-06                                                              5.601E-03
11748.00  0.9944 7.13E-06 7.17E-06                                                              5.599E-03
11749.00  0.9944 7.14E-06 7.18E-06                                                              5.593E-03
11750.00  0.9944 7.13E-06 7.17E-06                                                              5.590E-03
11751.00  0.9944 7.13E-06 7.17E-06                                                              5.586E-03
11752.00  0.9944 7.11E-06 7.15E-06                                                              5.582E-03
11753.00  0.9944 7.08E-06 7.12E-06                                                              5.584E-03
11754.00  0.9944 7.06E-06 7.10E-06                                                              5.574E-03
11755.00  0.9944 7.04E-06 7.08E-06                                                              5.570E-03
11756.00  0.9944 6.96E-06 7.00E-06                                                              5.566E-03
11757.00  0.9944 6.89E-06 6.93E-06                                                              5.566E-03
11758.00  0.9945 6.86E-06 6.90E-06                                                              5.559E-03
11759.00  0.9945 6.80E-06 6.84E-06                                                              5.554E-03
11760.00  0.9945 6.67E-06 6.71E-06                                                              5.550E-03
11761.00  0.9945 6.37E-06 6.41E-06                                                              5.546E-03
11762.00  0.9945 5.64E-06 5.68E-06                                                              5.545E-03
11763.00  0.9945 5.18E-06 5.20E-06                                                              5.538E-03
11764.00  0.9945 5.02E-06 5.05E-06                                                              5.534E-03
11765.00  0.9945 5.08E-06 5.10E-06                                                              5.530E-03
11766.00  0.9945 5.41E-06 5.44E-06                                                              5.531E-03
11767.00  0.9945 6.20E-06 6.23E-06                                                              5.522E-03
11768.00  0.9945 6.68E-06 6.72E-06                                                              5.519E-03
11769.00  0.9945 6.88E-06 6.92E-06                                                              5.515E-03
11770.00  0.9945 6.96E-06 7.00E-06                                                              5.514E-03
11771.00  0.9945 7.00E-06 7.03E-06                                                              5.507E-03
11772.00  0.9945 7.02E-06 7.06E-06                                                              5.503E-03
11773.00  0.9945 7.05E-06 7.09E-06                                                              5.504E-03
11774.00  0.9945 7.09E-06 7.12E-06                                                              5.495E-03
11775.00  0.9945 7.11E-06 7.15E-06                                                              5.491E-03
11776.00  0.9945 7.12E-06 7.15E-06                                                              5.488E-03
11777.00  0.9945 7.12E-06 7.16E-06                                                              5.484E-03
11778.00  0.9945 7.13E-06 7.16E-06                                                              5.482E-03
11779.00  0.9945 7.13E-06 7.17E-06                                                              5.477E-03
11780.00  0.9945 7.13E-06 7.17E-06                                                              5.482E-03
11781.00  0.9945 7.15E-06 7.19E-06                                                              5.470E-03
11782.00  0.9945 7.16E-06 7.20E-06                                                              5.467E-03
11783.00  0.9946 7.14E-06 7.18E-06                                                              5.463E-03
11784.00  0.9946 7.07E-06 7.11E-06                                                              5.460E-03
11785.00  0.9946 7.02E-06 7.06E-06                                                              5.456E-03
11786.00  0.9946 7.00E-06 7.04E-06                                                              5.455E-03
11787.00  0.9946 6.99E-06 7.03E-06                                                              5.450E-03
11788.00  0.9946 7.00E-06 7.04E-06                                                              5.447E-03
11789.00  0.9946 7.07E-06 7.11E-06                                                              5.452E-03
11790.00  0.9946 7.12E-06 7.16E-06                                                              5.440E-03
11791.00  0.9946 7.13E-06 7.17E-06                                                              5.438E-03
11792.00  0.9946 7.13E-06 7.17E-06                                                              5.437E-03
11793.00  0.9946 7.14E-06 7.18E-06                                                              5.431E-03
11794.00  0.9946 7.15E-06 7.19E-06                                                              5.428E-03
11795.00  0.9946 7.15E-06 7.19E-06                                                              5.425E-03
11796.00  0.9946 7.15E-06 7.19E-06                                                              5.423E-03
11797.00  0.9946 7.15E-06 7.19E-06                                                              5.423E-03
11798.00  0.9946 7.12E-06 7.16E-06                                                              5.418E-03
11799.00  0.9946 7.02E-06 7.06E-06                                                              5.415E-03
11800.00  0.9946 7.00E-06 7.04E-06                                                              5.412E-03
11801.00  0.9946 7.01E-06 7.05E-06                                                              5.410E-03
11802.00  0.9946 6.95E-06 6.99E-06                                                              5.407E-03
11803.00  0.9946 6.68E-06 6.72E-06                                                              5.406E-03
11804.00  0.9946 6.68E-06 6.71E-06                                                              5.404E-03
11805.00  0.9946 6.68E-06 6.71E-06                                                              5.400E-03
11806.00  0.9946 6.64E-06 6.68E-06                                                              5.398E-03
11807.00  0.9946 6.67E-06 6.70E-06                                                              5.396E-03
11808.00  0.9946 6.95E-06 6.99E-06                                                              5.394E-03
11809.00  0.9946 7.03E-06 7.07E-06                                                              5.392E-03
11810.00  0.9946 6.98E-06 7.02E-06                                                              5.389E-03
11811.00  0.9946 7.01E-06 7.05E-06                                                              5.388E-03
11812.00  0.9946 7.04E-06 7.08E-06                                                              5.386E-03
11813.00  0.9946 7.06E-06 7.09E-06                                                              5.385E-03
11814.00  0.9946 7.07E-06 7.11E-06                                                              5.384E-03
11815.00  0.9946 7.14E-06 7.17E-06                                                              5.381E-03
11816.00  0.9946 7.12E-06 7.16E-06                                                              5.378E-03
11817.00  0.9946 7.08E-06 7.12E-06                                                              5.389E-03
11818.00  0.9946 7.03E-06 7.06E-06                                                              5.375E-03
11819.00  0.9946 6.99E-06 7.03E-06                                                              5.373E-03
11820.00  0.9946 6.99E-06 7.03E-06                                                              5.372E-03
11821.00  0.9946 7.01E-06 7.05E-06                                                              5.371E-03
11822.00  0.9946 7.04E-06 7.08E-06                                                              5.369E-03
11823.00  0.9946 7.10E-06 7.14E-06                                                              5.367E-03
11824.00  0.9946 7.14E-06 7.17E-06                                                              5.366E-03
11825.00  0.9947 7.15E-06 7.19E-06                                                              5.364E-03
11826.00  0.9947 7.17E-06 7.20E-06                                                              5.362E-03
11827.00  0.9947 7.17E-06 7.21E-06                                                              5.361E-03
11828.00  0.9947 7.15E-06 7.19E-06                                                              5.363E-03
11829.00  0.9947 7.11E-06 7.15E-06                                                              5.358E-03
11830.00  0.9947 7.11E-06 7.14E-06                                                              5.358E-03
11831.00  0.9947 7.11E-06 7.15E-06                                                              5.358E-03
11832.00  0.9947 7.11E-06 7.15E-06                                                              5.354E-03
11833.00  0.9947 7.09E-06 7.12E-06                                                              5.353E-03
11834.00  0.9947 6.93E-06 6.97E-06                                                              5.351E-03
11835.00  0.9947 6.89E-06 6.93E-06                                                              5.350E-03
11836.00  0.9947 6.89E-06 6.92E-06                                                              5.352E-03
11837.00  0.9947 6.85E-06 6.89E-06                                                              5.348E-03
11838.00  0.9947 6.86E-06 6.90E-06                                                              5.351E-03
11839.00  0.9947 7.05E-06 7.09E-06                                                              5.345E-03
11840.00  0.9947 7.10E-06 7.13E-06                                                              5.344E-03
11841.00  0.9947 7.09E-06 7.13E-06                                                              5.343E-03
11842.00  0.9947 7.12E-06 7.16E-06                                                              5.350E-03
11843.00  0.9947 7.10E-06 7.14E-06                                                              5.341E-03
11844.00  0.9947 6.93E-06 6.97E-06                                                              5.343E-03
11845.00  0.9947 6.88E-06 6.92E-06                                                              5.340E-03
11846.00  0.9947 6.89E-06 6.93E-06                                                              5.339E-03
11847.00  0.9947 6.90E-06 6.94E-06                                                              5.338E-03
11848.00  0.9947 6.92E-06 6.96E-06                                                              5.343E-03
11849.00  0.9947 6.93E-06 6.97E-06                                                              5.338E-03
11850.00  0.9947 6.80E-06 6.83E-06                                                              5.354E-03
11851.00  0.9947 6.73E-06 6.77E-06                                                              5.336E-03
11852.00  0.9947 6.71E-06 6.75E-06                                                              5.335E-03
11853.00  0.9947 6.74E-06 6.77E-06                                                              5.338E-03
11854.00  0.9947 6.89E-06 6.93E-06                                                              5.335E-03
11855.00  0.9947 7.08E-06 7.11E-06                                                              5.334E-03
11856.00  0.9947 7.14E-06 7.18E-06                                                              5.336E-03
11857.00  0.9947 7.16E-06 7.20E-06                                                              5.334E-03
11858.00  0.9947 7.16E-06 7.20E-06                                                              5.349E-03
11859.00  0.9947 7.17E-06 7.21E-06                                                              5.335E-03
11860.00  0.9947 7.17E-06 7.21E-06                                                              5.337E-03
11861.00  0.9947 7.13E-06 7.17E-06                                                              5.335E-03
11862.00  0.9947 7.02E-06 7.06E-06                                                              5.339E-03
11863.00  0.9947 6.97E-06 7.01E-06                                                              5.335E-03
11864.00  0.9947 6.95E-06 6.99E-06                                                              5.336E-03
11865.00  0.9947 6.89E-06 6.93E-06                                                              5.335E-03
11866.00  0.9947 6.89E-06 6.93E-06                                                              5.336E-03
11867.00  0.9947 6.90E-06 6.94E-06                                                              5.336E-03
11868.00  0.9947 6.93E-06 6.97E-06                                                              5.336E-03
11869.00  0.9947 6.94E-06 6.98E-06                                                              5.337E-03
11870.00  0.9947 7.00E-06 7.04E-06                                                              5.337E-03
11871.00  0.9947 7.02E-06 7.05E-06                                                              5.337E-03
11872.00  0.9947 7.12E-06 7.15E-06                                                              5.338E-03
11873.00  0.9947 7.11E-06 7.14E-06                                                              5.338E-03
11874.00  0.9947 6.97E-06 7.01E-06                                                              5.338E-03
11875.00  0.9947 6.92E-06 6.95E-06                                                              5.352E-03
11876.00  0.9947 6.93E-06 6.96E-06                                                              5.339E-03
11877.00  0.9947 6.94E-06 6.97E-06                                                              5.345E-03
11878.00  0.9947 6.97E-06 7.01E-06                                                              5.340E-03
11879.00  0.9947 7.10E-06 7.14E-06                                                              5.341E-03
11880.00  0.9947 7.13E-06 7.17E-06                                                              5.360E-03
11881.00  0.9947 7.13E-06 7.17E-06                                                              5.341E-03
11882.00  0.9947 7.04E-06 7.08E-06                                                              5.341E-03
11883.00  0.9947 7.01E-06 7.05E-06                                                              5.341E-03
11884.00  0.9947 7.01E-06 7.05E-06                                                              5.342E-03
11885.00  0.9947 7.04E-06 7.08E-06                                                              5.342E-03
11886.00  0.9947 7.06E-06 7.10E-06                                                              5.345E-03
11887.00  0.9947 7.14E-06 7.18E-06                                                              5.343E-03
11888.00  0.9947 7.15E-06 7.19E-06                                                              5.351E-03
11889.00  0.9946 7.14E-06 7.18E-06                                                              5.365E-03
11890.00  0.9947 7.14E-06 7.18E-06                                                              5.347E-03
11891.00  0.9947 7.13E-06 7.17E-06                                                              5.345E-03
11892.00  0.9947 7.12E-06 7.15E-06                                                              5.345E-03
11893.00  0.9947 7.11E-06 7.15E-06                                                              5.347E-03
11894.00  0.9947 7.12E-06 7.16E-06                                                              5.362E-03
11895.00  0.9947 7.12E-06 7.16E-06                                                              5.347E-03
11896.00  0.9947 7.11E-06 7.15E-06                                                              5.352E-03
11897.00  0.9947 7.07E-06 7.11E-06                                                              5.349E-03
11898.00  0.9947 7.04E-06 7.07E-06                                                              5.349E-03
11899.00  0.9947 7.03E-06 7.07E-06                                                              5.349E-03
11900.00  0.9947 7.04E-06 7.07E-06                                                              5.350E-03
11901.00  0.9947 7.05E-06 7.08E-06                                                              5.357E-03
11902.00  0.9947 7.05E-06 7.09E-06                                                              5.353E-03
11903.00  0.9947 7.08E-06 7.12E-06                                                              5.352E-03
11904.00  0.9947 7.02E-06 7.06E-06                                                              5.353E-03
11905.00  0.9947 7.01E-06 7.05E-06                                                              5.356E-03
11906.00  0.9947 6.99E-06 7.03E-06                                                              5.359E-03
11907.00  0.9947 7.04E-06 7.08E-06                                                              5.357E-03
11908.00  0.9947 7.06E-06 7.10E-06                                                              5.357E-03
11909.00  0.9947 7.12E-06 7.16E-06                                                              5.364E-03
11910.00  0.9946 7.13E-06 7.17E-06                                                              5.371E-03
11911.00  0.9947 7.13E-06 7.17E-06                                                              5.360E-03
11912.00  0.9947 7.12E-06 7.16E-06                                                              5.361E-03
11913.00  0.9947 7.11E-06 7.14E-06                                                              5.362E-03
11914.00  0.9947 7.09E-06 7.13E-06                                                              5.363E-03
11915.00  0.9947 7.06E-06 7.10E-06                                                              5.364E-03
11916.00  0.9946 6.97E-06 7.01E-06                                                              5.367E-03
11917.00  0.9946 6.55E-06 6.59E-06                                                              5.367E-03
11918.00  0.9946 6.48E-06 6.51E-06                                                              5.368E-03
11919.00  0.9946 6.47E-06 6.51E-06                                                              5.377E-03
11920.00  0.9946 6.49E-06 6.53E-06                                                              5.372E-03
11921.00  0.9946 6.59E-06 6.63E-06                                                              5.373E-03
11922.00  0.9946 7.02E-06 7.06E-06                                                              5.383E-03
11923.00  0.9946 7.07E-06 7.11E-06                                                              5.379E-03
11924.00  0.9946 6.97E-06 7.01E-06                                                              5.389E-03
11925.00  0.9946 6.92E-06 6.96E-06                                                              5.376E-03
11926.00  0.9946 6.94E-06 6.97E-06                                                              5.377E-03
11927.00  0.9946 6.95E-06 6.99E-06                                                              5.380E-03
11928.00  0.9946 6.99E-06 7.03E-06                                                              5.382E-03
11929.00  0.9946 7.10E-06 7.14E-06                                                              5.381E-03
11930.00  0.9946 7.14E-06 7.18E-06                                                              5.383E-03
11931.00  0.9946 7.08E-06 7.12E-06                                                              5.385E-03
11932.00  0.9946 7.05E-06 7.09E-06                                                              5.387E-03
11933.00  0.9946 7.04E-06 7.08E-06                                                              5.388E-03
11934.00  0.9946 7.05E-06 7.09E-06                                                              5.394E-03
11935.00  0.9946 7.07E-06 7.11E-06                                                              5.409E-03
11936.00  0.9946 7.13E-06 7.17E-06                                                              5.393E-03
11937.00  0.9946 7.15E-06 7.18E-06                                                              5.393E-03
11938.00  0.9946 7.15E-06 7.19E-06                                                              5.398E-03
11939.00  0.9946 7.12E-06 7.16E-06                                                              5.413E-03
11940.00  0.9946 7.10E-06 7.14E-06                                                              5.402E-03
11941.00  0.9946 7.10E-06 7.14E-06                                                              5.399E-03
11942.00  0.9946 7.09E-06 7.12E-06                                                              5.401E-03
11943.00  0.9946 7.09E-06 7.13E-06                                                              5.403E-03
11944.00  0.9946 7.12E-06 7.15E-06                                                              5.406E-03
11945.00  0.9946 7.14E-06 7.18E-06                                                              5.408E-03
11946.00  0.9946 7.15E-06 7.19E-06                                                              5.408E-03
11947.00  0.9946 7.13E-06 7.17E-06                                                              5.409E-03
11948.00  0.9946 6.99E-06 7.03E-06                                                              5.437E-03
11949.00  0.9946 6.95E-06 6.98E-06                                                              5.414E-03
11950.00  0.9946 6.91E-06 6.95E-06                                                              5.414E-03
11951.00  0.9946 6.87E-06 6.91E-06                                                              5.416E-03
11952.00  0.9946 6.89E-06 6.93E-06                                                              5.418E-03
11953.00  0.9946 7.02E-06 7.06E-06                                                              5.419E-03
11954.00  0.9946 7.02E-06 7.06E-06                                                              5.421E-03
11955.00  0.9946 7.03E-06 7.06E-06                                                              5.442E-03
11956.00  0.9946 7.06E-06 7.10E-06                                                              5.436E-03
11957.00  0.9946 7.07E-06 7.11E-06                                                              5.427E-03
11958.00  0.9946 7.06E-06 7.10E-06                                                              5.428E-03
11959.00  0.9946 7.05E-06 7.08E-06                                                              5.439E-03
11960.00  0.9946 7.07E-06 7.11E-06                                                              5.431E-03
11961.00  0.9946 7.06E-06 7.10E-06                                                              5.433E-03
11962.00  0.9946 7.05E-06 7.09E-06                                                              5.445E-03
11963.00  0.9945 7.07E-06 7.11E-06                                                              5.465E-03
11964.00  0.9946 7.12E-06 7.16E-06                                                              5.438E-03
11965.00  0.9946 7.11E-06 7.15E-06                                                              5.439E-03
11966.00  0.9946 7.10E-06 7.14E-06                                                              5.449E-03
11967.00  0.9946 7.11E-06 7.15E-06                                                              5.443E-03
11968.00  0.9946 7.11E-06 7.15E-06                                                              5.465E-03
11969.00  0.9946 7.12E-06 7.16E-06                                                              5.451E-03
11970.00  0.9946 7.13E-06 7.17E-06                                                              5.448E-03
11971.00  0.9946 7.13E-06 7.17E-06                                                              5.450E-03
11972.00  0.9946 7.08E-06 7.12E-06                                                              5.451E-03
11973.00  0.9946 7.05E-06 7.09E-06                                                              5.455E-03
11974.00  0.9945 7.04E-06 7.08E-06                                                              5.483E-03
11975.00  0.9946 7.00E-06 7.04E-06                                                              5.456E-03
11976.00  0.9946 6.84E-06 6.88E-06                                                              5.458E-03
11977.00  0.9946 6.81E-06 6.85E-06                                                              5.463E-03
11978.00  0.9946 6.83E-06 6.87E-06                                                              5.463E-03
11979.00  0.9946 6.84E-06 6.87E-06                                                              5.464E-03
11980.00  0.9945 6.87E-06 6.90E-06                                                              5.466E-03
11981.00  0.9945 6.96E-06 7.00E-06                                                              5.470E-03
11982.00  0.9945 6.98E-06 7.02E-06                                                              5.469E-03
11983.00  0.9945 6.98E-06 7.02E-06                                                              5.471E-03
11984.00  0.9945 6.97E-06 7.00E-06                                                              5.493E-03
11985.00  0.9945 6.96E-06 7.00E-06                                                              5.481E-03
11986.00  0.9945 6.94E-06 6.98E-06                                                              5.478E-03
11987.00  0.9945 6.97E-06 7.01E-06                                                              5.480E-03
11988.00  0.9945 6.94E-06 6.98E-06                                                              5.555E-03
11989.00  0.9945 6.95E-06 6.99E-06                                                              5.522E-03
11990.00  0.9945 6.97E-06 7.01E-06                                                              5.488E-03
11991.00  0.9945 7.04E-06 7.08E-06                                                              5.490E-03
11992.00  0.9945 6.92E-06 6.96E-06                                                              5.492E-03
11993.00  0.9945 6.90E-06 6.94E-06                                                              5.501E-03
11994.00  0.9945 6.90E-06 6.94E-06                                                              5.520E-03
11995.00  0.9945 6.89E-06 6.93E-06                                                              5.505E-03
11996.00  0.9945 6.89E-06 6.93E-06                                                              5.538E-03
11997.00  0.9945 6.89E-06 6.92E-06                                                              5.509E-03
11998.00  0.9945 6.91E-06 6.94E-06                                                              5.524E-03
11999.00  0.9945 6.91E-06 6.95E-06                                                              5.512E-03
12000.00  0.9945 6.92E-06 6.96E-06                                                              5.515E-03
12001.00  0.9945 6.95E-06 6.98E-06                                                              5.521E-03
12002.00  0.9944 7.08E-06 7.12E-06                                                              5.591E-03
12003.00  0.9945 7.00E-06 7.04E-06                                                              5.528E-03
12004.00  0.9945 6.60E-06 6.64E-06                                                              5.531E-03
12005.00  0.9945 6.52E-06 6.55E-06                                                              5.529E-03
12006.00  0.9945 6.51E-06 6.54E-06                                                              5.538E-03
12007.00  0.9945 6.52E-06 6.55E-06                                                              5.544E-03
12008.00  0.9945 6.64E-06 6.68E-06                                                              5.539E-03
12009.00  0.9945 7.04E-06 7.08E-06                                                              5.540E-03
12010.00  0.9945 7.13E-06 7.17E-06                                                              5.543E-03
12011.00  0.9945 7.14E-06 7.18E-06                                                              5.546E-03
12012.00  0.9945 7.12E-06 7.16E-06                                                              5.549E-03
12013.00  0.9945 7.10E-06 7.14E-06                                                              5.554E-03
12014.00  0.9942 7.09E-06 7.13E-06                                                              5.863E-03
12015.00  0.9945 7.08E-06 7.12E-06                                                              5.559E-03
12016.00  0.9945 7.08E-06 7.12E-06                                                              5.561E-03
12017.00  0.9945 7.08E-06 7.12E-06                                                              5.564E-03
12018.00  0.9944 6.99E-06 7.03E-06                                                              5.569E-03
12019.00  0.9943 6.99E-06 7.03E-06                                                              5.728E-03
12020.00  0.9944 6.98E-06 7.02E-06                                                              5.574E-03
12021.00  0.9944 6.97E-06 7.01E-06                                                              5.631E-03
12022.00  0.9944 7.00E-06 7.03E-06                                                              5.586E-03
12023.00  0.9944 7.09E-06 7.13E-06                                                              5.582E-03
12024.00  0.9944 7.09E-06 7.13E-06                                                              5.586E-03
12025.00  0.9944 7.10E-06 7.14E-06                                                              5.607E-03
12026.00  0.9944 7.09E-06 7.13E-06                                                              5.594E-03
12027.00  0.9944 7.01E-06 7.05E-06                                                              5.596E-03
12028.00  0.9943 6.89E-06 6.93E-06                                                              5.679E-03
12029.00  0.9944 6.88E-06 6.92E-06                                                              5.605E-03
12030.00  0.9944 6.87E-06 6.91E-06                                                              5.610E-03
12031.00  0.9944 6.89E-06 6.93E-06                                                              5.610E-03
12032.00  0.9944 6.91E-06 6.95E-06                                                              5.615E-03
12033.00  0.9944 6.87E-06 6.90E-06                                                              5.617E-03
12034.00  0.9944 6.85E-06 6.88E-06                                                              5.625E-03
12035.00  0.9944 6.76E-06 6.80E-06                                                              5.626E-03
12036.00  0.9944 6.75E-06 6.78E-06                                                              5.630E-03
12037.00  0.9944 6.81E-06 6.85E-06                                                              5.635E-03
12038.00  0.9941 6.93E-06 6.97E-06                                                              5.898E-03
12039.00  0.9943 6.98E-06 7.02E-06                                                              5.728E-03
12040.00  0.9944 7.07E-06 7.11E-06                                                              5.645E-03
12041.00  0.9944 7.08E-06 7.12E-06                                                              5.648E-03
12042.00  0.9944 7.08E-06 7.12E-06                                                              5.653E-03
12043.00  0.9944 7.07E-06 7.11E-06                                                              5.656E-03
12044.00  0.9942 7.05E-06 7.10E-06                                                              5.818E-03
12045.00  0.9943 7.03E-06 7.07E-06                                                              5.669E-03
12046.00  0.9943 7.02E-06 7.06E-06                                                              5.670E-03
12047.00  0.9943 7.01E-06 7.05E-06                                                              5.675E-03
12048.00  0.9943 7.05E-06 7.09E-06                                                              5.678E-03
12049.00  0.9943 7.07E-06 7.11E-06                                                              5.681E-03
12050.00  0.9943 7.08E-06 7.12E-06                                                              5.686E-03
12051.00  0.9943 7.02E-06 7.06E-06                                                              5.699E-03
12052.00  0.9943 6.90E-06 6.94E-06                                                              5.717E-03
12053.00  0.9940 6.89E-06 6.93E-06                                                              5.974E-03
12054.00  0.9943 6.89E-06 6.92E-06                                                              5.706E-03
12055.00  0.9943 6.90E-06 6.93E-06                                                              5.708E-03
12056.00  0.9943 6.97E-06 7.01E-06                                                              5.712E-03
12057.00  0.9943 7.10E-06 7.14E-06                                                              5.717E-03
12058.00  0.9943 7.11E-06 7.15E-06                                                              5.725E-03
12059.00  0.9943 7.11E-06 7.15E-06                                                              5.726E-03
12060.00  0.9942 7.11E-06 7.16E-06                                                              5.862E-03
12061.00  0.9943 7.08E-06 7.12E-06                                                              5.736E-03
12062.00  0.9939 7.08E-06 7.12E-06                                                              6.156E-03
12063.00  0.9942 7.09E-06 7.13E-06                                                              5.775E-03
12064.00  0.9943 7.09E-06 7.13E-06                                                              5.750E-03
12065.00  0.9943 7.10E-06 7.14E-06                                                              5.754E-03
12066.00  0.9943 7.14E-06 7.18E-06                                                              5.760E-03
12067.00  0.9943 7.12E-06 7.17E-06                                                              5.764E-03
12068.00  0.9942 7.11E-06 7.15E-06                                                              5.768E-03
12069.00  0.9942 7.10E-06 7.14E-06                                                              5.773E-03
12070.00  0.9942 7.11E-06 7.15E-06                                                              5.780E-03
12071.00  0.9938 7.11E-06 7.15E-06                                                              6.173E-03
12072.00  0.9942 7.13E-06 7.17E-06                                                              5.789E-03
12073.00  0.9942 7.15E-06 7.19E-06                                                              5.793E-03
12074.00  0.9942 7.15E-06 7.20E-06                                                              5.800E-03
12075.00  0.9940 7.15E-06 7.19E-06                                                              5.996E-03
12076.00  0.9942 7.14E-06 7.19E-06                                                              5.816E-03
12077.00  0.9942 7.11E-06 7.15E-06                                                              5.815E-03
12078.00  0.9942 7.05E-06 7.09E-06                                                              5.819E-03
12079.00  0.9940 7.05E-06 7.10E-06                                                              6.020E-03
12080.00  0.9942 7.04E-06 7.08E-06                                                              5.832E-03
12081.00  0.9942 7.03E-06 7.07E-06                                                              5.836E-03
12082.00  0.9938 7.05E-06 7.09E-06                                                              6.261E-03
12083.00  0.9942 7.08E-06 7.12E-06                                                              5.851E-03
12084.00  0.9942 7.08E-06 7.12E-06                                                              5.867E-03
12085.00  0.9942 7.09E-06 7.14E-06                                                              5.858E-03
12086.00  0.9940 7.11E-06 7.15E-06                                                              6.023E-03
12087.00  0.9941 7.09E-06 7.13E-06                                                              5.868E-03
12088.00  0.9941 7.11E-06 7.15E-06                                                              5.875E-03
12089.00  0.9941 7.11E-06 7.15E-06                                                              5.880E-03
12090.00  0.9941 7.11E-06 7.15E-06                                                              5.898E-03
12091.00  0.9941 7.10E-06 7.14E-06                                                              5.893E-03
12092.00  0.9941 7.11E-06 7.15E-06                                                              5.898E-03
12093.00  0.9941 7.11E-06 7.16E-06                                                              5.904E-03
12094.00  0.9941 7.11E-06 7.16E-06                                                              5.910E-03
12095.00  0.9941 7.10E-06 7.14E-06                                                              5.917E-03
12096.00  0.9941 7.03E-06 7.08E-06                                                              5.931E-03
12097.00  0.9941 7.04E-06 7.08E-06                                                              5.928E-03
12098.00  0.9940 7.04E-06 7.08E-06                                                              6.059E-03
12099.00  0.9941 7.05E-06 7.09E-06                                                              5.944E-03
12100.00  0.9941 7.07E-06 7.11E-06                                                              5.947E-03
12101.00  0.9941 7.14E-06 7.18E-06                                                              5.955E-03
12102.00  0.9941 7.15E-06 7.19E-06                                                              5.963E-03
12103.00  0.9940 7.14E-06 7.19E-06                                                              5.973E-03
12104.00  0.9939 7.13E-06 7.18E-06                                                              6.147E-03
12105.00  0.9940 7.11E-06 7.16E-06                                                              5.980E-03
12106.00  0.9940 7.07E-06 7.12E-06                                                              6.004E-03
12107.00  0.9940 7.00E-06 7.04E-06                                                              5.995E-03
12108.00  0.9936 6.99E-06 7.04E-06                                                              6.433E-03
12109.00  0.9940 6.98E-06 7.02E-06                                                              6.012E-03
12110.00  0.9940 6.97E-06 7.01E-06                                                              6.014E-03
12111.00  0.9940 7.01E-06 7.05E-06                                                              6.023E-03
12112.00  0.9940 7.08E-06 7.12E-06                                                              6.027E-03
12113.00  0.9940 7.07E-06 7.12E-06                                                              6.034E-03
12114.00  0.9939 7.09E-06 7.14E-06                                                              6.128E-03
12115.00  0.9940 7.11E-06 7.15E-06                                                              6.049E-03
12116.00  0.9940 7.11E-06 7.16E-06                                                              6.054E-03
12117.00  0.9940 7.10E-06 7.14E-06                                                              6.063E-03
12118.00  0.9940 6.99E-06 7.03E-06                                                              6.068E-03
12119.00  0.9939 6.85E-06 6.89E-06                                                              6.075E-03
12120.00  0.9939 6.81E-06 6.86E-06                                                              6.087E-03
12121.00  0.9939 6.80E-06 6.85E-06                                                              6.089E-03
12122.00  0.9939 6.83E-06 6.87E-06                                                              6.096E-03
12123.00  0.9939 6.95E-06 7.00E-06                                                              6.107E-03
12124.00  0.9939 7.10E-06 7.14E-06                                                              6.110E-03
12125.00  0.9939 7.11E-06 7.16E-06                                                              6.117E-03
12126.00  0.9939 7.12E-06 7.16E-06                                                              6.125E-03
12127.00  0.9935 7.11E-06 7.16E-06                                                              6.516E-03
12128.00  0.9938 7.09E-06 7.13E-06                                                              6.172E-03
12129.00  0.9939 7.04E-06 7.08E-06                                                              6.149E-03
12130.00  0.9939 7.06E-06 7.11E-06                                                              6.152E-03
12131.00  0.9939 7.05E-06 7.09E-06                                                              6.161E-03
12132.00  0.9938 6.93E-06 6.97E-06                                                              6.169E-03
12133.00  0.9938 6.93E-06 6.97E-06                                                              6.240E-03
12134.00  0.9938 6.95E-06 7.00E-06                                                              6.181E-03
12135.00  0.9938 6.94E-06 6.99E-06                                                              6.190E-03
12136.00  0.9938 6.95E-06 6.99E-06                                                              6.195E-03
12137.00  0.9938 7.07E-06 7.11E-06                                                              6.254E-03
12138.00  0.9938 7.08E-06 7.13E-06                                                              6.218E-03
12139.00  0.9938 7.10E-06 7.14E-06                                                              6.219E-03
12140.00  0.9938 7.11E-06 7.15E-06                                                              6.224E-03
12141.00  0.9938 7.08E-06 7.12E-06                                                              6.250E-03
12142.00  0.9935 6.91E-06 6.95E-06                                                              6.474E-03
12143.00  0.9938 6.83E-06 6.87E-06                                                              6.247E-03
12144.00  0.9938 6.67E-06 6.71E-06                                                              6.256E-03
12145.00  0.9931 6.60E-06 6.65E-06                                                              6.895E-03
12146.00  0.9937 6.62E-06 6.66E-06                                                              6.278E-03
12147.00  0.9937 6.79E-06 6.83E-06                                                              6.296E-03
12148.00  0.9936 6.86E-06 6.91E-06                                                              6.427E-03
12149.00  0.9935 7.01E-06 7.06E-06                                                              6.507E-03
12150.00  0.9930 7.09E-06 7.14E-06                                                              6.994E-03
12151.00  0.9937 7.12E-06 7.16E-06                                                              6.319E-03
12152.00  0.9931 7.12E-06 7.17E-06                                                              6.914E-03
12153.00  0.9937 7.14E-06 7.18E-06                                                              6.325E-03
12154.00  0.9936 7.15E-06 7.20E-06                                                              6.413E-03
12155.00  0.9937 7.15E-06 7.19E-06                                                              6.341E-03
12156.00  0.9935 7.12E-06 7.16E-06                                                              6.527E-03
12157.00  0.9937 7.07E-06 7.11E-06                                                              6.356E-03
12158.00  0.9937 7.01E-06 7.05E-06                                                              6.367E-03
12159.00  0.9936 6.83E-06 6.88E-06                                                              6.371E-03
12160.00  0.9935 6.57E-06 6.61E-06                                                              6.473E-03
12161.00  0.9936 6.54E-06 6.58E-06                                                              6.387E-03
12162.00  0.9936 6.58E-06 6.62E-06                                                              6.393E-03
12163.00  0.9936 6.64E-06 6.68E-06                                                              6.402E-03
12164.00  0.9936 6.82E-06 6.86E-06                                                              6.410E-03
12165.00  0.9934 7.07E-06 7.12E-06                                                              6.640E-03
12166.00  0.9936 7.09E-06 7.14E-06                                                              6.425E-03
12167.00  0.9936 7.07E-06 7.11E-06                                                              6.433E-03
12168.00  0.9936 7.05E-06 7.09E-06                                                              6.440E-03
12169.00  0.9936 7.00E-06 7.05E-06                                                              6.450E-03
12170.00  0.9936 6.84E-06 6.89E-06                                                              6.467E-03
12171.00  0.9936 6.76E-06 6.81E-06                                                              6.467E-03
12172.00  0.9936 6.77E-06 6.82E-06                                                              6.470E-03
12173.00  0.9935 6.74E-06 6.78E-06                                                              6.483E-03
12174.00  0.9934 6.77E-06 6.81E-06                                                              6.606E-03
12175.00  0.9935 6.91E-06 6.96E-06                                                              6.496E-03
12176.00  0.9935 7.00E-06 7.04E-06                                                              6.530E-03
12177.00  0.9935 6.98E-06 7.03E-06                                                              6.510E-03
12178.00  0.9935 6.89E-06 6.94E-06                                                              6.551E-03
12179.00  0.9935 6.87E-06 6.91E-06                                                              6.523E-03
12180.00  0.9935 6.90E-06 6.94E-06                                                              6.530E-03
12181.00  0.9935 6.91E-06 6.95E-06                                                              6.538E-03
12182.00  0.9935 6.86E-06 6.91E-06                                                              6.545E-03
12183.00  0.9935 6.97E-06 7.01E-06                                                              6.551E-03
12184.00  0.9935 6.97E-06 7.02E-06                                                              6.559E-03
12185.00  0.9934 6.95E-06 7.00E-06                                                              6.578E-03
12186.00  0.9934 6.96E-06 7.00E-06                                                              6.573E-03
12187.00  0.9934 6.95E-06 7.00E-06                                                              6.579E-03
12188.00  0.9934 6.92E-06 6.96E-06                                                              6.587E-03
12189.00  0.9934 6.93E-06 6.97E-06                                                              6.594E-03
12190.00  0.9934 6.92E-06 6.96E-06                                                              6.606E-03
12191.00  0.9932 6.77E-06 6.81E-06                                                              6.777E-03
12192.00  0.9933 6.81E-06 6.85E-06                                                              6.701E-03
12193.00  0.9933 6.88E-06 6.93E-06                                                              6.674E-03
12194.00  0.9934 6.87E-06 6.92E-06                                                              6.628E-03
12195.00  0.9927 6.86E-06 6.91E-06                                                              7.290E-03
12196.00  0.9934 6.95E-06 7.00E-06                                                              6.642E-03
12197.00  0.9934 6.70E-06 6.74E-06                                                              6.644E-03
12198.00  0.9934 6.44E-06 6.48E-06                                                              6.650E-03
12199.00  0.9934 6.41E-06 6.45E-06                                                              6.656E-03
12200.00  0.9934 6.43E-06 6.47E-06                                                              6.663E-03
12201.00  0.9934 6.46E-06 6.51E-06                                                              6.671E-03
12202.00  0.9929 6.76E-06 6.81E-06                                                              7.160E-03
12203.00  0.9933 7.04E-06 7.09E-06                                                              6.681E-03
12204.00  0.9933 7.09E-06 7.13E-06                                                              6.686E-03
12205.00  0.9933 7.11E-06 7.15E-06                                                              6.694E-03
12206.00  0.9933 7.14E-06 7.19E-06                                                              6.694E-03
12207.00  0.9933 7.12E-06 7.17E-06                                                              6.705E-03
12208.00  0.9926 7.07E-06 7.12E-06                                                              7.411E-03
12209.00  0.9933 6.97E-06 7.02E-06                                                              6.711E-03
12210.00  0.9933 6.93E-06 6.98E-06                                                              6.724E-03
12211.00  0.9933 6.93E-06 6.97E-06                                                              6.721E-03
12212.00  0.9930 6.93E-06 6.98E-06                                                              6.990E-03
12213.00  0.9933 6.94E-06 6.99E-06                                                              6.730E-03
12214.00  0.9933 6.93E-06 6.97E-06                                                              6.735E-03
12215.00  0.9933 6.63E-06 6.68E-06                                                              6.744E-03
12216.00  0.9933 6.57E-06 6.62E-06                                                              6.746E-03
12217.00  0.9932 6.58E-06 6.62E-06                                                              6.781E-03
12218.00  0.9933 6.58E-06 6.62E-06                                                              6.758E-03
12219.00  0.9930 6.68E-06 6.73E-06                                                              7.051E-03
12220.00  0.9933 7.01E-06 7.05E-06                                                              6.762E-03
12221.00  0.9933 6.99E-06 7.04E-06                                                              6.765E-03
12222.00  0.9932 6.98E-06 7.03E-06                                                              6.780E-03
12223.00  0.9930 7.00E-06 7.05E-06                                                              6.988E-03
12224.00  0.9931 7.01E-06 7.06E-06                                                              6.883E-03
12225.00  0.9930 7.02E-06 7.07E-06                                                              6.984E-03
12226.00  0.9926 7.10E-06 7.16E-06                                                              7.473E-03
12227.00  0.9932 7.11E-06 7.16E-06                                                              6.792E-03
12228.00  0.9932 7.09E-06 7.14E-06                                                              6.793E-03
12229.00  0.9932 7.08E-06 7.13E-06                                                              6.795E-03
12230.00  0.9932 7.08E-06 7.12E-06                                                              6.818E-03
12231.00  0.9932 7.07E-06 7.12E-06                                                              6.807E-03
12232.00  0.9932 7.08E-06 7.13E-06                                                              6.820E-03
12233.00  0.9932 7.10E-06 7.15E-06                                                              6.809E-03
12234.00  0.9932 7.11E-06 7.16E-06                                                              6.816E-03
12235.00  0.9932 7.11E-06 7.16E-06                                                              6.815E-03
12236.00  0.9932 7.09E-06 7.14E-06                                                              6.823E-03
12237.00  0.9926 7.00E-06 7.05E-06                                                              7.407E-03
12238.00  0.9930 6.98E-06 7.03E-06                                                              6.989E-03
12239.00  0.9932 6.98E-06 7.03E-06                                                              6.831E-03
12240.00  0.9932 6.99E-06 7.04E-06                                                              6.829E-03
12241.00  0.9932 7.01E-06 7.06E-06                                                              6.834E-03
12242.00  0.9932 7.09E-06 7.14E-06                                                              6.838E-03
12243.00  0.9932 7.12E-06 7.17E-06                                                              6.836E-03
12244.00  0.9931 7.13E-06 7.17E-06                                                              6.882E-03
12245.00  0.9926 7.11E-06 7.16E-06                                                              7.444E-03
12246.00  0.9932 7.01E-06 7.06E-06                                                              6.850E-03
12247.00  0.9932 6.98E-06 7.02E-06                                                              6.849E-03
12248.00  0.9929 6.97E-06 7.02E-06                                                              7.174E-03
12249.00  0.9928 6.95E-06 7.00E-06                                                              7.249E-03
12250.00  0.9932 6.96E-06 7.01E-06                                                              6.852E-03
12251.00  0.9932 7.05E-06 7.10E-06                                                              6.850E-03
12252.00  0.9932 7.07E-06 7.12E-06                                                              6.851E-03
12253.00  0.9932 7.07E-06 7.12E-06                                                              6.855E-03
12254.00  0.9932 7.04E-06 7.09E-06                                                              6.856E-03
12255.00  0.9929 7.04E-06 7.09E-06                                                              7.086E-03
12256.00  0.9932 7.04E-06 7.09E-06                                                              6.861E-03
12257.00  0.9932 7.03E-06 7.08E-06                                                              6.857E-03
12258.00  0.9932 7.04E-06 7.09E-06                                                              6.861E-03
12259.00  0.9931 7.07E-06 7.12E-06                                                              6.912E-03
12260.00  0.9930 7.06E-06 7.11E-06                                                              7.060E-03
12261.00  0.9931 7.07E-06 7.12E-06                                                              6.939E-03
12262.00  0.9932 7.09E-06 7.14E-06                                                              6.862E-03
12263.00  0.9930 7.08E-06 7.13E-06                                                              6.981E-03
12264.00  0.9932 7.03E-06 7.08E-06                                                              6.859E-03
12265.00  0.9932 6.96E-06 7.01E-06                                                              6.860E-03
12266.00  0.9932 6.96E-06 7.00E-06                                                              6.859E-03
12267.00  0.9931 6.96E-06 7.00E-06                                                              6.970E-03
12268.00  0.9931 6.96E-06 7.01E-06                                                              6.883E-03
12269.00  0.9930 7.01E-06 7.06E-06                                                              6.979E-03
12270.00  0.9932 7.07E-06 7.12E-06                                                              6.859E-03
12271.00  0.9931 7.08E-06 7.13E-06                                                              6.933E-03
12272.00  0.9931 7.09E-06 7.14E-06                                                              6.916E-03
12273.00  0.9932 7.09E-06 7.14E-06                                                              6.856E-03
12274.00  0.9932 7.09E-06 7.14E-06                                                              6.856E-03
12275.00  0.9931 7.09E-06 7.13E-06                                                              6.875E-03
12276.00  0.9931 7.07E-06 7.12E-06                                                              6.891E-03
12277.00  0.9932 7.07E-06 7.12E-06                                                              6.853E-03
12278.00  0.9932 7.07E-06 7.12E-06                                                              6.854E-03
12279.00  0.9931 7.06E-06 7.11E-06                                                              6.973E-03
12280.00  0.9931 7.06E-06 7.11E-06                                                              6.874E-03
12281.00  0.9931 7.06E-06 7.11E-06                                                              6.921E-03
12282.00  0.9932 7.07E-06 7.12E-06                                                              6.863E-03
12283.00  0.9932 7.06E-06 7.11E-06                                                              6.855E-03
12284.00  0.9932 7.07E-06 7.12E-06                                                              6.846E-03
12285.00  0.9932 7.07E-06 7.12E-06                                                              6.845E-03
12286.00  0.9932 7.08E-06 7.13E-06                                                              6.852E-03
12287.00  0.9932 7.07E-06 7.12E-06                                                              6.871E-03
12288.00  0.9932 7.08E-06 7.13E-06                                                              6.841E-03
12289.00  0.9931 7.09E-06 7.14E-06                                                              6.927E-03
12290.00  0.9932 7.11E-06 7.16E-06                                                              6.847E-03
12291.00  0.9931 7.11E-06 7.16E-06                                                              6.973E-03
12292.00  0.9932 7.12E-06 7.17E-06                                                              6.844E-03
12293.00  0.9932 7.10E-06 7.14E-06                                                              6.837E-03
12294.00  0.9932 7.07E-06 7.12E-06                                                              6.830E-03
12295.00  0.9932 7.07E-06 7.12E-06                                                              6.847E-03
12296.00  0.9931 7.07E-06 7.11E-06                                                              6.875E-03
12297.00  0.9932 7.07E-06 7.12E-06                                                              6.840E-03
12298.00  0.9932 7.07E-06 7.12E-06                                                              6.822E-03
12299.00  0.9932 7.08E-06 7.13E-06                                                              6.819E-03
12300.00  0.9932 7.06E-06 7.10E-06                                                              6.818E-03
12301.00  0.9932 7.04E-06 7.09E-06                                                              6.819E-03
12302.00  0.9932 7.02E-06 7.07E-06                                                              6.824E-03
12303.00  0.9932 7.00E-06 7.05E-06                                                              6.810E-03
12304.00  0.9932 7.01E-06 7.06E-06                                                              6.827E-03
12305.00  0.9932 7.03E-06 7.08E-06                                                              6.807E-03
12306.00  0.9932 7.05E-06 7.10E-06                                                              6.808E-03
12307.00  0.9932 7.07E-06 7.12E-06                                                              6.815E-03
12308.00  0.9932 7.11E-06 7.15E-06                                                              6.821E-03
12309.00  0.9932 7.11E-06 7.16E-06                                                              6.798E-03
12310.00  0.9932 7.09E-06 7.14E-06                                                              6.805E-03
12311.00  0.9932 7.08E-06 7.13E-06                                                              6.802E-03
12312.00  0.9932 7.04E-06 7.09E-06                                                              6.791E-03
12313.00  0.9932 7.04E-06 7.09E-06                                                              6.788E-03
12314.00  0.9932 7.03E-06 7.08E-06                                                              6.808E-03
12315.00  0.9932 7.03E-06 7.07E-06                                                              6.793E-03
12316.00  0.9932 7.01E-06 7.06E-06                                                              6.781E-03
12317.00  0.9932 7.04E-06 7.09E-06                                                              6.779E-03
12318.00  0.9932 7.01E-06 7.06E-06                                                              6.777E-03
12319.00  0.9932 7.01E-06 7.06E-06                                                              6.773E-03
12320.00  0.9932 7.04E-06 7.09E-06                                                              6.776E-03
12321.00  0.9932 7.06E-06 7.11E-06                                                              6.788E-03
12322.00  0.9932 7.04E-06 7.09E-06                                                              6.781E-03
12323.00  0.9932 7.06E-06 7.11E-06                                                              6.787E-03
12324.00  0.9933 7.04E-06 7.09E-06                                                              6.762E-03
12325.00  0.9933 7.02E-06 7.07E-06                                                              6.759E-03
12326.00  0.9933 7.02E-06 7.06E-06                                                              6.763E-03
12327.00  0.9933 7.05E-06 7.10E-06                                                              6.757E-03
12328.00  0.9933 7.03E-06 7.08E-06                                                              6.752E-03
12329.00  0.9933 7.05E-06 7.10E-06                                                              6.758E-03
12330.00  0.9933 7.07E-06 7.12E-06                                                              6.760E-03
12331.00  0.9933 7.07E-06 7.12E-06                                                              6.749E-03
12332.00  0.9933 7.05E-06 7.10E-06                                                              6.744E-03
12333.00  0.9933 7.06E-06 7.11E-06                                                              6.750E-03
12334.00  0.9933 7.06E-06 7.10E-06                                                              6.739E-03
12335.00  0.9933 7.04E-06 7.09E-06                                                              6.741E-03
12336.00  0.9933 7.05E-06 7.10E-06                                                              6.734E-03
12337.00  0.9933 7.07E-06 7.12E-06                                                              6.737E-03
12338.00  0.9933 7.08E-06 7.13E-06                                                              6.730E-03
12339.00  0.9933 7.09E-06 7.14E-06                                                              6.730E-03
12340.00  0.9933 7.11E-06 7.16E-06                                                              6.734E-03
12341.00  0.9933 7.07E-06 7.12E-06                                                              6.723E-03
12342.00  0.9933 6.92E-06 6.96E-06                                                              6.721E-03
12343.00  0.9933 6.87E-06 6.91E-06                                                              6.719E-03
12344.00  0.9933 6.82E-06 6.87E-06                                                              6.721E-03
12345.00  0.9933 6.68E-06 6.72E-06                                                              6.722E-03
12346.00  0.9933 6.68E-06 6.73E-06                                                              6.713E-03
12347.00  0.9933 6.84E-06 6.88E-06                                                              6.710E-03
12348.00  0.9933 6.89E-06 6.94E-06                                                              6.727E-03
12349.00  0.9933 6.92E-06 6.96E-06                                                              6.708E-03
12350.00  0.9933 7.00E-06 7.05E-06                                                              6.703E-03
12351.00  0.9933 6.92E-06 6.96E-06                                                              6.718E-03
12352.00  0.9933 6.85E-06 6.90E-06                                                              6.697E-03
12353.00  0.9933 6.84E-06 6.88E-06                                                              6.694E-03
12354.00  0.9933 6.85E-06 6.89E-06                                                              6.691E-03
12355.00  0.9933 6.85E-06 6.90E-06                                                              6.689E-03
12356.00  0.9933 6.93E-06 6.97E-06                                                              6.689E-03
12357.00  0.9933 6.96E-06 7.00E-06                                                              6.694E-03
12358.00  0.9933 6.97E-06 7.01E-06                                                              6.679E-03
12359.00  0.9933 6.98E-06 7.03E-06                                                              6.676E-03
12360.00  0.9933 7.03E-06 7.08E-06                                                              6.675E-03
12361.00  0.9934 7.08E-06 7.13E-06                                                              6.671E-03
12362.00  0.9934 7.07E-06 7.12E-06                                                              6.668E-03
12363.00  0.9934 6.83E-06 6.87E-06                                                              6.665E-03
12364.00  0.9934 6.78E-06 6.82E-06                                                              6.672E-03
12365.00  0.9933 6.78E-06 6.82E-06                                                              6.674E-03
12366.00  0.9934 6.78E-06 6.82E-06                                                              6.661E-03
12367.00  0.9934 6.80E-06 6.85E-06                                                              6.654E-03
12368.00  0.9934 7.04E-06 7.09E-06                                                              6.654E-03
12369.00  0.9934 7.06E-06 7.10E-06                                                              6.649E-03
12370.00  0.9934 6.98E-06 7.03E-06                                                              6.647E-03
12371.00  0.9934 6.98E-06 7.02E-06                                                              6.649E-03
12372.00  0.9934 6.99E-06 7.04E-06                                                              6.643E-03
12373.00  0.9934 7.00E-06 7.05E-06                                                              6.641E-03
12374.00  0.9934 7.02E-06 7.07E-06                                                              6.641E-03
12375.00  0.9934 7.09E-06 7.14E-06                                                              6.639E-03
12376.00  0.9934 7.11E-06 7.16E-06                                                              6.633E-03
12377.00  0.9934 7.10E-06 7.15E-06                                                              6.631E-03
12378.00  0.9934 7.01E-06 7.06E-06                                                              6.629E-03
12379.00  0.9934 6.99E-06 7.04E-06                                                              6.630E-03
12380.00  0.9934 6.99E-06 7.04E-06                                                              6.630E-03
12381.00  0.9934 6.97E-06 7.02E-06                                                              6.625E-03
12382.00  0.9934 6.95E-06 7.00E-06                                                              6.620E-03
12383.00  0.9934 6.98E-06 7.03E-06                                                              6.618E-03
12384.00  0.9934 6.96E-06 7.00E-06                                                              6.616E-03
12385.00  0.9934 6.91E-06 6.96E-06                                                              6.614E-03
12386.00  0.9934 6.91E-06 6.96E-06                                                              6.614E-03
12387.00  0.9934 6.93E-06 6.98E-06                                                              6.611E-03
12388.00  0.9934 6.97E-06 7.02E-06                                                              6.626E-03
12389.00  0.9934 7.00E-06 7.05E-06                                                              6.606E-03
12390.00  0.9934 7.04E-06 7.09E-06                                                              6.604E-03
12391.00  0.9934 7.06E-06 7.10E-06                                                              6.603E-03
12392.00  0.9934 7.07E-06 7.12E-06                                                              6.602E-03
12393.00  0.9934 7.09E-06 7.14E-06                                                              6.599E-03
12394.00  0.9934 7.11E-06 7.15E-06                                                              6.598E-03
12395.00  0.9934 7.11E-06 7.16E-06                                                              6.598E-03
12396.00  0.9934 7.11E-06 7.16E-06                                                              6.598E-03
12397.00  0.9934 7.11E-06 7.16E-06                                                              6.594E-03
12398.00  0.9934 7.09E-06 7.14E-06                                                              6.601E-03
12399.00  0.9934 7.09E-06 7.14E-06                                                              6.593E-03
12400.00  0.9934 7.10E-06 7.15E-06                                                              6.594E-03
12401.00  0.9934 7.08E-06 7.13E-06                                                              6.591E-03
12402.00  0.9934 7.09E-06 7.14E-06                                                              6.589E-03
12403.00  0.9934 7.10E-06 7.15E-06                                                              6.591E-03
12404.00  0.9934 7.10E-06 7.14E-06                                                              6.593E-03
12405.00  0.9934 7.10E-06 7.15E-06                                                              6.590E-03
12406.00  0.9934 7.11E-06 7.16E-06                                                              6.587E-03
12407.00  0.9934 7.11E-06 7.16E-06                                                              6.587E-03
12408.00  0.9934 7.10E-06 7.15E-06                                                              6.587E-03
12409.00  0.9934 7.10E-06 7.14E-06                                                              6.588E-03
12410.00  0.9934 7.04E-06 7.09E-06                                                              6.587E-03
12411.00  0.9934 7.00E-06 7.05E-06                                                              6.588E-03
12412.00  0.9934 6.99E-06 7.03E-06                                                              6.590E-03
12413.00  0.9934 7.00E-06 7.05E-06                                                              6.586E-03
12414.00  0.9934 7.01E-06 7.05E-06                                                              6.588E-03
12415.00  0.9934 7.05E-06 7.10E-06                                                              6.591E-03
12416.00  0.9934 7.09E-06 7.13E-06                                                              6.586E-03
12417.00  0.9934 7.04E-06 7.08E-06                                                              6.586E-03
12418.00  0.9934 6.97E-06 7.02E-06                                                              6.586E-03
12419.00  0.9934 6.95E-06 6.99E-06                                                              6.586E-03
12420.00  0.9934 6.91E-06 6.96E-06                                                              6.590E-03
12421.00  0.9934 6.79E-06 6.84E-06                                                              6.587E-03
12422.00  0.9934 6.78E-06 6.82E-06                                                              6.586E-03
12423.00  0.9934 6.57E-06 6.61E-06                                                              6.586E-03
12424.00  0.9934 6.54E-06 6.58E-06                                                              6.588E-03
12425.00  0.9934 6.58E-06 6.62E-06                                                              6.587E-03
12426.00  0.9934 6.68E-06 6.72E-06                                                              6.611E-03
12427.00  0.9934 6.75E-06 6.80E-06                                                              6.587E-03
12428.00  0.9934 7.03E-06 7.07E-06                                                              6.598E-03
12429.00  0.9934 7.08E-06 7.13E-06                                                              6.590E-03
12430.00  0.9934 7.09E-06 7.14E-06                                                              6.597E-03
12431.00  0.9934 7.12E-06 7.16E-06                                                              6.596E-03
12432.00  0.9934 7.11E-06 7.15E-06                                                              6.588E-03
12433.00  0.9934 7.11E-06 7.15E-06                                                              6.588E-03
12434.00  0.9934 7.11E-06 7.15E-06                                                              6.588E-03
12435.00  0.9934 7.10E-06 7.15E-06                                                              6.599E-03
12436.00  0.9934 7.11E-06 7.16E-06                                                              6.589E-03
12437.00  0.9934 7.13E-06 7.17E-06                                                              6.589E-03
12438.00  0.9934 7.11E-06 7.16E-06                                                              6.593E-03
12439.00  0.9934 7.04E-06 7.09E-06                                                              6.591E-03
12440.00  0.9934 6.95E-06 7.00E-06                                                              6.613E-03
12441.00  0.9934 6.93E-06 6.97E-06                                                              6.593E-03
12442.00  0.9934 6.93E-06 6.97E-06                                                              6.599E-03
12443.00  0.9934 6.94E-06 6.99E-06                                                              6.612E-03
12444.00  0.9934 7.01E-06 7.05E-06                                                              6.608E-03
12445.00  0.9934 7.11E-06 7.15E-06                                                              6.597E-03
12446.00  0.9934 7.13E-06 7.17E-06                                                              6.598E-03
12447.00  0.9934 7.12E-06 7.17E-06                                                              6.600E-03
12448.00  0.9934 7.12E-06 7.17E-06                                                              6.605E-03
12449.00  0.9934 7.10E-06 7.15E-06                                                              6.601E-03
12450.00  0.9934 6.99E-06 7.03E-06                                                              6.602E-03
12451.00  0.9934 6.83E-06 6.87E-06                                                              6.606E-03
12452.00  0.9934 6.80E-06 6.84E-06                                                              6.625E-03
12453.00  0.9934 6.73E-06 6.78E-06                                                              6.615E-03
12454.00  0.9934 6.72E-06 6.77E-06                                                              6.607E-03
12455.00  0.9934 6.83E-06 6.87E-06                                                              6.611E-03
12456.00  0.9934 6.96E-06 7.01E-06                                                              6.615E-03
12457.00  0.9934 7.00E-06 7.04E-06                                                              6.615E-03
12458.00  0.9934 7.07E-06 7.11E-06                                                              6.613E-03
12459.00  0.9934 7.10E-06 7.15E-06                                                              6.630E-03
12460.00  0.9934 7.07E-06 7.12E-06                                                              6.631E-03
12461.00  0.9934 7.07E-06 7.12E-06                                                              6.622E-03
12462.00  0.9934 7.07E-06 7.12E-06                                                              6.628E-03
12463.00  0.9934 7.06E-06 7.10E-06                                                              6.620E-03
12464.00  0.9934 7.06E-06 7.11E-06                                                              6.635E-03
12465.00  0.9934 7.09E-06 7.13E-06                                                              6.624E-03
12466.00  0.9934 7.08E-06 7.13E-06                                                              6.625E-03
12467.00  0.9934 7.05E-06 7.10E-06                                                              6.626E-03
12468.00  0.9934 7.03E-06 7.07E-06                                                              6.632E-03
12469.00  0.9934 7.02E-06 7.07E-06                                                              6.637E-03
12470.00  0.9934 7.02E-06 7.07E-06                                                              6.632E-03
12471.00  0.9934 7.04E-06 7.09E-06                                                              6.636E-03
12472.00  0.9934 7.09E-06 7.14E-06                                                              6.636E-03
12473.00  0.9934 7.12E-06 7.17E-06                                                              6.637E-03
12474.00  0.9934 7.11E-06 7.16E-06                                                              6.643E-03
12475.00  0.9934 7.10E-06 7.15E-06                                                              6.650E-03
12476.00  0.9933 7.08E-06 7.13E-06                                                              6.676E-03
12477.00  0.9934 7.07E-06 7.12E-06                                                              6.651E-03
12478.00  0.9934 7.03E-06 7.08E-06                                                              6.645E-03
12479.00  0.9934 7.02E-06 7.07E-06                                                              6.646E-03
12480.00  0.9934 7.03E-06 7.08E-06                                                              6.655E-03
12481.00  0.9934 7.04E-06 7.08E-06                                                              6.649E-03
12482.00  0.9934 7.04E-06 7.09E-06                                                              6.651E-03
12483.00  0.9934 7.05E-06 7.10E-06                                                              6.652E-03
12484.00  0.9934 7.05E-06 7.10E-06                                                              6.667E-03
12485.00  0.9933 7.05E-06 7.10E-06                                                              6.702E-03
12486.00  0.9934 7.06E-06 7.11E-06                                                              6.659E-03
12487.00  0.9934 7.07E-06 7.12E-06                                                              6.659E-03
12488.00  0.9934 7.10E-06 7.15E-06                                                              6.661E-03
12489.00  0.9934 7.11E-06 7.16E-06                                                              6.669E-03
12490.00  0.9934 7.08E-06 7.13E-06                                                              6.665E-03
12491.00  0.9934 7.03E-06 7.08E-06                                                              6.672E-03
12492.00  0.9934 7.02E-06 7.06E-06                                                              6.668E-03
12493.00  0.9934 7.02E-06 7.07E-06                                                              6.670E-03
12494.00  0.9933 7.01E-06 7.06E-06                                                              6.673E-03
12495.00  0.9933 6.98E-06 7.02E-06                                                              6.677E-03
12496.00  0.9933 6.73E-06 6.78E-06                                                              6.716E-03
12497.00  0.9933 6.67E-06 6.71E-06                                                              6.679E-03
12498.00  0.9933 6.66E-06 6.70E-06                                                              6.683E-03
12499.00  0.9933 6.67E-06 6.72E-06                                                              6.710E-03
12500.00  0.9933 6.72E-06 6.77E-06                                                              6.686E-03
12501.00  0.9933 7.00E-06 7.05E-06                                                              6.687E-03
12502.00  0.9933 7.03E-06 7.08E-06                                                              6.692E-03
12503.00  0.9933 7.03E-06 7.07E-06                                                              6.694E-03
12504.00  0.9933 7.03E-06 7.08E-06                                                              6.697E-03
12505.00  0.9933 7.04E-06 7.09E-06                                                              6.698E-03
12506.00  0.9933 7.05E-06 7.10E-06                                                              6.709E-03
12507.00  0.9933 7.07E-06 7.12E-06                                                              6.705E-03
12508.00  0.9933 7.09E-06 7.14E-06                                                              6.706E-03
12509.00  0.9933 7.08E-06 7.13E-06                                                              6.710E-03
12510.00  0.9933 7.09E-06 7.14E-06                                                              6.713E-03
12511.00  0.9933 7.10E-06 7.15E-06                                                              6.727E-03
12512.00  0.9933 7.12E-06 7.17E-06                                                              6.719E-03
12513.00  0.9933 7.10E-06 7.14E-06                                                              6.722E-03
12514.00  0.9933 7.04E-06 7.09E-06                                                              6.725E-03
12515.00  0.9933 7.02E-06 7.06E-06                                                              6.734E-03
12516.00  0.9933 7.01E-06 7.06E-06                                                              6.733E-03
12517.00  0.9933 7.02E-06 7.06E-06                                                              6.737E-03
12518.00  0.9933 7.04E-06 7.08E-06                                                              6.752E-03
12519.00  0.9933 7.08E-06 7.13E-06                                                              6.742E-03
12520.00  0.9933 7.10E-06 7.15E-06                                                              6.746E-03
12521.00  0.9932 7.09E-06 7.13E-06                                                              6.776E-03
12522.00  0.9933 7.08E-06 7.12E-06                                                              6.754E-03
12523.00  0.9933 7.08E-06 7.12E-06                                                              6.755E-03
12524.00  0.9933 7.07E-06 7.12E-06                                                              6.757E-03
12525.00  0.9933 7.07E-06 7.11E-06                                                              6.761E-03
12526.00  0.9933 7.07E-06 7.12E-06                                                              6.763E-03
12527.00  0.9933 7.06E-06 7.11E-06                                                              6.773E-03
12528.00  0.9932 7.04E-06 7.08E-06                                                              6.774E-03
12529.00  0.9933 7.04E-06 7.09E-06                                                              6.771E-03
12530.00  0.9932 7.04E-06 7.08E-06                                                              6.773E-03
12531.00  0.9932 7.05E-06 7.10E-06                                                              6.776E-03
12532.00  0.9932 7.07E-06 7.12E-06                                                              6.778E-03
12533.00  0.9932 7.09E-06 7.14E-06                                                              6.782E-03
12534.00  0.9932 7.04E-06 7.09E-06                                                              6.783E-03
12535.00  0.9932 7.02E-06 7.07E-06                                                              6.785E-03
12536.00  0.9932 7.01E-06 7.06E-06                                                              6.790E-03
12537.00  0.9932 7.00E-06 7.05E-06                                                              6.796E-03
12538.00  0.9932 7.00E-06 7.05E-06                                                              6.791E-03
12539.00  0.9932 7.05E-06 7.10E-06                                                              6.794E-03
12540.00  0.9932 7.07E-06 7.12E-06                                                              6.798E-03
12541.00  0.9932 7.03E-06 7.08E-06                                                              6.825E-03
12542.00  0.9932 7.02E-06 7.07E-06                                                              6.801E-03
12543.00  0.9932 7.03E-06 7.08E-06                                                              6.804E-03
12544.00  0.9932 7.02E-06 7.07E-06                                                              6.805E-03
12545.00  0.9932 7.03E-06 7.08E-06                                                              6.807E-03
12546.00  0.9932 7.08E-06 7.13E-06                                                              6.817E-03
12547.00  0.9932 7.10E-06 7.15E-06                                                              6.825E-03
12548.00  0.9932 7.10E-06 7.14E-06                                                              6.814E-03
12549.00  0.9932 7.09E-06 7.13E-06                                                              6.817E-03
12550.00  0.9932 7.05E-06 7.10E-06                                                              6.819E-03
12551.00  0.9932 7.04E-06 7.09E-06                                                              6.821E-03
12552.00  0.9932 7.02E-06 7.07E-06                                                              6.826E-03
12553.00  0.9932 7.01E-06 7.05E-06                                                              6.841E-03
12554.00  0.9932 7.03E-06 7.08E-06                                                              6.852E-03
12555.00  0.9932 7.06E-06 7.11E-06                                                              6.851E-03
12556.00  0.9932 7.06E-06 7.11E-06                                                              6.833E-03
12557.00  0.9932 7.08E-06 7.13E-06                                                              6.851E-03
12558.00  0.9931 7.07E-06 7.12E-06                                                              6.874E-03
12559.00  0.9932 7.00E-06 7.05E-06                                                              6.855E-03
12560.00  0.9932 6.98E-06 7.02E-06                                                              6.845E-03
12561.00  0.9932 6.99E-06 7.03E-06                                                              6.848E-03
12562.00  0.9931 6.97E-06 7.02E-06                                                              6.891E-03
12563.00  0.9932 6.97E-06 7.02E-06                                                              6.854E-03
12564.00  0.9932 6.97E-06 7.02E-06                                                              6.857E-03
12565.00  0.9932 6.94E-06 6.99E-06                                                              6.865E-03
12566.00  0.9932 6.92E-06 6.97E-06                                                              6.863E-03
12567.00  0.9932 6.93E-06 6.98E-06                                                              6.866E-03
12568.00  0.9932 6.94E-06 6.99E-06                                                              6.869E-03
12569.00  0.9931 7.00E-06 7.05E-06                                                              6.884E-03
12570.00  0.9931 7.06E-06 7.11E-06                                                              6.876E-03
12571.00  0.9931 7.07E-06 7.12E-06                                                              6.879E-03
12572.00  0.9931 7.06E-06 7.11E-06                                                              6.882E-03
12573.00  0.9931 7.06E-06 7.11E-06                                                              6.893E-03
12574.00  0.9931 7.04E-06 7.08E-06                                                              6.894E-03
12575.00  0.9931 7.02E-06 7.07E-06                                                              6.892E-03
12576.00  0.9931 7.03E-06 7.08E-06                                                              6.894E-03
12577.00  0.9931 7.04E-06 7.09E-06                                                              6.898E-03
12578.00  0.9931 7.03E-06 7.08E-06                                                              6.901E-03
12579.00  0.9931 6.97E-06 7.02E-06                                                              6.918E-03
12580.00  0.9931 6.69E-06 6.73E-06                                                              6.910E-03
12581.00  0.9931 6.62E-06 6.66E-06                                                              6.911E-03
12582.00  0.9931 6.54E-06 6.59E-06                                                              6.915E-03
12583.00  0.9931 6.38E-06 6.43E-06                                                              6.919E-03
12584.00  0.9931 6.43E-06 6.48E-06                                                              6.923E-03
12585.00  0.9931 6.73E-06 6.78E-06                                                              6.927E-03
12586.00  0.9931 6.76E-06 6.80E-06                                                              6.932E-03
12587.00  0.9931 6.71E-06 6.76E-06                                                              6.938E-03
12588.00  0.9931 6.87E-06 6.92E-06                                                              6.952E-03
12589.00  0.9931 6.90E-06 6.95E-06                                                              6.946E-03
12590.00  0.9931 6.89E-06 6.94E-06                                                              6.951E-03
12591.00  0.9931 6.92E-06 6.97E-06                                                              6.956E-03
12592.00  0.9931 7.00E-06 7.05E-06                                                              6.960E-03
12593.00  0.9931 6.84E-06 6.89E-06                                                              6.967E-03
12594.00  0.9931 6.61E-06 6.66E-06                                                              6.970E-03
12595.00  0.9930 6.59E-06 6.64E-06                                                              6.975E-03
12596.00  0.9930 6.61E-06 6.65E-06                                                              6.981E-03
12597.00  0.9930 6.64E-06 6.69E-06                                                              6.984E-03
12598.00  0.9930 6.83E-06 6.88E-06                                                              6.989E-03
12599.00  0.9930 7.03E-06 7.08E-06                                                              6.993E-03
12600.00  0.9930 6.97E-06 7.02E-06                                                              6.998E-03
12601.00  0.9930 6.79E-06 6.84E-06                                                              7.002E-03
12602.00  0.9930 6.75E-06 6.80E-06                                                              7.007E-03
12603.00  0.9930 6.68E-06 6.73E-06                                                              7.012E-03
12604.00  0.9930 6.60E-06 6.65E-06                                                              7.028E-03
12605.00  0.9930 6.67E-06 6.72E-06                                                              7.021E-03
12606.00  0.9930 6.85E-06 6.89E-06                                                              7.026E-03
12607.00  0.9930 6.87E-06 6.92E-06                                                              7.033E-03
12608.00  0.9930 6.91E-06 6.96E-06                                                              7.044E-03
12609.00  0.9929 7.02E-06 7.07E-06                                                              7.091E-03
12610.00  0.9930 7.04E-06 7.09E-06                                                              7.047E-03
12611.00  0.9930 7.02E-06 7.07E-06                                                              7.049E-03
12612.00  0.9930 7.03E-06 7.08E-06                                                              7.054E-03
12613.00  0.9930 7.06E-06 7.11E-06                                                              7.059E-03
12614.00  0.9930 7.02E-06 7.07E-06                                                              7.064E-03
12615.00  0.9930 7.01E-06 7.06E-06                                                              7.068E-03
12616.00  0.9929 7.01E-06 7.06E-06                                                              7.107E-03
12617.00  0.9929 7.01E-06 7.06E-06                                                              7.078E-03
12618.00  0.9929 7.00E-06 7.05E-06                                                              7.082E-03
12619.00  0.9929 7.04E-06 7.09E-06                                                              7.087E-03
12620.00  0.9929 7.05E-06 7.10E-06                                                              7.091E-03
12621.00  0.9929 7.07E-06 7.12E-06                                                              7.097E-03
12622.00  0.9929 7.05E-06 7.10E-06                                                              7.150E-03
12623.00  0.9929 6.93E-06 6.98E-06                                                              7.106E-03
12624.00  0.9929 6.84E-06 6.89E-06                                                              7.110E-03
12625.00  0.9929 6.75E-06 6.80E-06                                                              7.115E-03
12626.00  0.9929 6.74E-06 6.79E-06                                                              7.121E-03
12627.00  0.9929 6.75E-06 6.80E-06                                                              7.144E-03
12628.00  0.9929 6.85E-06 6.90E-06                                                              7.135E-03
12629.00  0.9929 6.93E-06 6.98E-06                                                              7.137E-03
12630.00  0.9929 7.04E-06 7.09E-06                                                              7.162E-03
12631.00  0.9929 6.99E-06 7.04E-06                                                              7.147E-03
12632.00  0.9929 6.86E-06 6.91E-06                                                              7.152E-03
12633.00  0.9929 6.83E-06 6.88E-06                                                              7.158E-03
12634.00  0.9929 6.71E-06 6.76E-06                                                              7.163E-03
12635.00  0.9929 6.70E-06 6.75E-06                                                              7.168E-03
12636.00  0.9928 6.76E-06 6.81E-06                                                              7.181E-03
12637.00  0.9928 6.88E-06 6.93E-06                                                              7.179E-03
12638.00  0.9928 6.93E-06 6.98E-06                                                              7.200E-03
12639.00  0.9928 7.02E-06 7.07E-06                                                              7.192E-03
12640.00  0.9928 7.03E-06 7.08E-06                                                              7.210E-03
12641.00  0.9928 7.04E-06 7.09E-06                                                              7.247E-03
12642.00  0.9928 7.06E-06 7.11E-06                                                              7.208E-03
12643.00  0.9928 7.07E-06 7.12E-06                                                              7.217E-03
12644.00  0.9928 7.09E-06 7.15E-06                                                              7.220E-03
12645.00  0.9928 7.09E-06 7.14E-06                                                              7.227E-03
12646.00  0.9928 7.08E-06 7.13E-06                                                              7.231E-03
12647.00  0.9928 7.08E-06 7.13E-06                                                              7.237E-03
12648.00  0.9928 7.08E-06 7.13E-06                                                              7.244E-03
12649.00  0.9928 7.09E-06 7.14E-06                                                              7.251E-03
12650.00  0.9928 7.07E-06 7.13E-06                                                              7.264E-03
12651.00  0.9928 7.02E-06 7.08E-06                                                              7.260E-03
12652.00  0.9927 7.00E-06 7.05E-06                                                              7.307E-03
12653.00  0.9927 6.99E-06 7.05E-06                                                              7.279E-03
12654.00  0.9928 6.99E-06 7.04E-06                                                              7.275E-03
12655.00  0.9927 7.00E-06 7.05E-06                                                              7.279E-03
12656.00  0.9927 7.05E-06 7.10E-06                                                              7.284E-03
12657.00  0.9927 7.06E-06 7.11E-06                                                              7.287E-03
12658.00  0.9927 7.04E-06 7.09E-06                                                              7.291E-03
12659.00  0.9927 7.02E-06 7.07E-06                                                              7.298E-03
12660.00  0.9927 7.01E-06 7.06E-06                                                              7.300E-03
12661.00  0.9927 7.00E-06 7.05E-06                                                              7.341E-03
12662.00  0.9927 7.00E-06 7.05E-06                                                              7.332E-03
12663.00  0.9927 7.02E-06 7.07E-06                                                              7.320E-03
12664.00  0.9927 7.05E-06 7.10E-06                                                              7.317E-03
12665.00  0.9927 7.06E-06 7.11E-06                                                              7.345E-03
12666.00  0.9927 7.08E-06 7.13E-06                                                              7.327E-03
12667.00  0.9927 7.10E-06 7.15E-06                                                              7.333E-03
12668.00  0.9927 7.10E-06 7.15E-06                                                              7.355E-03
12669.00  0.9927 7.08E-06 7.13E-06                                                              7.348E-03
12670.00  0.9927 7.07E-06 7.13E-06                                                              7.349E-03
12671.00  0.9927 7.05E-06 7.11E-06                                                              7.352E-03
12672.00  0.9927 7.05E-06 7.10E-06                                                              7.366E-03
12673.00  0.9927 7.05E-06 7.11E-06                                                              7.364E-03
12674.00  0.9927 7.05E-06 7.10E-06                                                              7.369E-03
12675.00  0.9926 7.07E-06 7.12E-06                                                              7.385E-03
12676.00  0.9926 7.08E-06 7.14E-06                                                              7.385E-03
12677.00  0.9926 7.08E-06 7.14E-06                                                              7.390E-03
12678.00  0.9926 7.08E-06 7.13E-06                                                              7.395E-03
12679.00  0.9926 7.09E-06 7.14E-06                                                              7.408E-03
12680.00  0.9926 7.08E-06 7.14E-06                                                              7.410E-03
12681.00  0.9926 7.07E-06 7.12E-06                                                              7.414E-03
12682.00  0.9926 6.99E-06 7.04E-06                                                              7.427E-03
12683.00  0.9926 6.98E-06 7.03E-06                                                              7.424E-03
12684.00  0.9926 6.97E-06 7.02E-06                                                              7.434E-03
12685.00  0.9926 6.93E-06 6.98E-06                                                              7.436E-03
12686.00  0.9926 6.94E-06 6.99E-06                                                              7.450E-03
12687.00  0.9926 7.02E-06 7.07E-06                                                              7.453E-03
12688.00  0.9926 7.03E-06 7.08E-06                                                              7.454E-03
12689.00  0.9926 7.00E-06 7.06E-06                                                              7.460E-03
12690.00  0.9926 7.02E-06 7.07E-06                                                              7.466E-03
12691.00  0.9926 6.97E-06 7.02E-06                                                              7.472E-03
12692.00  0.9925 6.95E-06 7.00E-06                                                              7.492E-03
12693.00  0.9925 6.95E-06 7.01E-06                                                              7.486E-03
12694.00  0.9925 6.99E-06 7.05E-06                                                              7.492E-03
12695.00  0.9925 7.02E-06 7.07E-06                                                              7.494E-03
12696.00  0.9925 7.06E-06 7.11E-06                                                              7.500E-03
12697.00  0.9925 7.07E-06 7.12E-06                                                              7.506E-03
12698.00  0.9925 7.07E-06 7.12E-06                                                              7.517E-03
12699.00  0.9925 7.06E-06 7.11E-06                                                              7.517E-03
12700.00  0.9925 7.06E-06 7.11E-06                                                              7.523E-03
12701.00  0.9925 7.03E-06 7.08E-06                                                              7.530E-03
12702.00  0.9925 7.01E-06 7.06E-06                                                              7.538E-03
12703.00  0.9925 7.01E-06 7.06E-06                                                              7.549E-03
12704.00  0.9925 7.02E-06 7.08E-06                                                              7.549E-03
12705.00  0.9925 7.03E-06 7.08E-06                                                              7.555E-03
12706.00  0.9925 7.08E-06 7.13E-06                                                              7.562E-03
12707.00  0.9925 7.11E-06 7.17E-06                                                              7.568E-03
12708.00  0.9925 7.12E-06 7.17E-06                                                              7.575E-03
12709.00  0.9924 7.12E-06 7.17E-06                                                              7.588E-03
12710.00  0.9924 7.12E-06 7.17E-06                                                              7.588E-03
12711.00  0.9924 7.10E-06 7.15E-06                                                              7.592E-03
12712.00  0.9924 7.10E-06 7.15E-06                                                              7.601E-03
12713.00  0.9924 7.09E-06 7.15E-06                                                              7.604E-03
12714.00  0.9924 7.09E-06 7.14E-06                                                              7.611E-03
12715.00  0.9924 7.07E-06 7.13E-06                                                              7.616E-03
12716.00  0.9924 7.06E-06 7.11E-06                                                              7.621E-03
12717.00  0.9924 7.06E-06 7.11E-06                                                              7.628E-03
12718.00  0.9924 7.06E-06 7.11E-06                                                              7.633E-03
12719.00  0.9924 7.06E-06 7.12E-06                                                              7.639E-03
12720.00  0.9924 7.08E-06 7.13E-06                                                              7.644E-03
12721.00  0.9924 7.10E-06 7.15E-06                                                              7.650E-03
12722.00  0.9924 7.04E-06 7.10E-06                                                              7.656E-03
12723.00  0.9924 6.76E-06 6.81E-06                                                              7.662E-03
12724.00  0.9924 6.67E-06 6.72E-06                                                              7.667E-03
12725.00  0.9924 6.62E-06 6.67E-06                                                              7.673E-03
12726.00  0.9923 6.61E-06 6.67E-06                                                              7.680E-03
12727.00  0.9923 6.67E-06 6.72E-06                                                              7.687E-03
12728.00  0.9923 6.95E-06 7.01E-06                                                              7.694E-03
12729.00  0.9923 7.02E-06 7.07E-06                                                              7.699E-03
12730.00  0.9923 7.03E-06 7.09E-06                                                              7.705E-03
12731.00  0.9923 7.03E-06 7.09E-06                                                              7.713E-03
12732.00  0.9923 7.02E-06 7.07E-06                                                              7.720E-03
12733.00  0.9923 6.96E-06 7.01E-06                                                              7.727E-03
12734.00  0.9923 6.95E-06 7.01E-06                                                              7.736E-03
12735.00  0.9923 6.99E-06 7.04E-06                                                              7.743E-03
12736.00  0.9923 6.98E-06 7.03E-06                                                              7.751E-03
12737.00  0.9923 6.99E-06 7.05E-06                                                              7.761E-03
12738.00  0.9923 7.05E-06 7.11E-06                                                              7.768E-03
12739.00  0.9923 7.08E-06 7.14E-06                                                              7.776E-03
12740.00  0.9922 7.09E-06 7.14E-06                                                              7.784E-03
12741.00  0.9922 7.10E-06 7.16E-06                                                              7.797E-03
12742.00  0.9922 7.07E-06 7.13E-06                                                              7.803E-03
12743.00  0.9922 7.06E-06 7.12E-06                                                              7.812E-03
12744.00  0.9922 7.06E-06 7.12E-06                                                              7.823E-03
12745.00  0.9922 7.05E-06 7.10E-06                                                              7.831E-03
12746.00  0.9922 7.04E-06 7.09E-06                                                              7.840E-03
12747.00  0.9922 7.04E-06 7.10E-06                                                              7.851E-03
12748.00  0.9922 7.04E-06 7.09E-06                                                              7.858E-03
12749.00  0.9922 7.03E-06 7.08E-06                                                              7.867E-03
12750.00  0.9922 7.04E-06 7.09E-06                                                              7.879E-03
12751.00  0.9921 7.06E-06 7.11E-06                                                              7.885E-03
12752.00  0.9921 7.08E-06 7.14E-06                                                              7.895E-03
12753.00  0.9921 7.10E-06 7.16E-06                                                              7.906E-03
12754.00  0.9921 7.10E-06 7.16E-06                                                              7.911E-03
12755.00  0.9921 7.07E-06 7.13E-06                                                              7.920E-03
12756.00  0.9921 6.94E-06 7.00E-06                                                              7.931E-03
12757.00  0.9921 6.83E-06 6.89E-06                                                              7.937E-03
12758.00  0.9921 6.81E-06 6.86E-06                                                              7.948E-03
12759.00  0.9921 6.82E-06 6.87E-06                                                              7.953E-03
12760.00  0.9921 6.85E-06 6.90E-06                                                              7.961E-03
12761.00  0.9921 6.92E-06 6.98E-06                                                              7.972E-03
12762.00  0.9921 6.75E-06 6.80E-06                                                              7.978E-03
12763.00  0.9920 6.69E-06 6.74E-06                                                              7.989E-03
12764.00  0.9920 6.68E-06 6.73E-06                                                              7.995E-03
12765.00  0.9920 6.68E-06 6.73E-06                                                              8.003E-03
12766.00  0.9920 6.73E-06 6.79E-06                                                              8.014E-03
12767.00  0.9920 7.01E-06 7.07E-06                                                              8.020E-03
12768.00  0.9920 7.10E-06 7.16E-06                                                              8.032E-03
12769.00  0.9920 7.12E-06 7.17E-06                                                              8.038E-03
12770.00  0.9920 7.10E-06 7.15E-06                                                              8.049E-03
12771.00  0.9920 6.98E-06 7.04E-06                                                              8.058E-03
12772.00  0.9920 6.96E-06 7.02E-06                                                              8.065E-03
12773.00  0.9920 6.96E-06 7.01E-06                                                              8.075E-03
12774.00  0.9919 6.96E-06 7.01E-06                                                              8.084E-03
12775.00  0.9919 6.97E-06 7.03E-06                                                              8.093E-03
12776.00  0.9919 7.08E-06 7.14E-06                                                              8.102E-03
12777.00  0.9919 7.10E-06 7.16E-06                                                              8.111E-03
12778.00  0.9919 7.09E-06 7.15E-06                                                              8.121E-03
12779.00  0.9919 7.06E-06 7.11E-06                                                              8.130E-03
12780.00  0.9919 7.05E-06 7.11E-06                                                              8.140E-03
12781.00  0.9919 7.04E-06 7.10E-06                                                              8.147E-03
12782.00  0.9919 7.04E-06 7.10E-06                                                              8.155E-03
12783.00  0.9919 7.05E-06 7.10E-06                                                              8.166E-03
12784.00  0.9919 7.08E-06 7.14E-06                                                              8.178E-03
12785.00  0.9919 7.09E-06 7.15E-06                                                              8.173E-03
12786.00  0.9919 7.10E-06 7.16E-06                                                              8.180E-03
12787.00  0.9918 7.10E-06 7.16E-06                                                              8.186E-03
12788.00  0.9918 7.09E-06 7.15E-06                                                              8.193E-03
12789.00  0.9918 7.08E-06 7.14E-06                                                              8.199E-03
12790.00  0.9918 7.08E-06 7.14E-06                                                              8.206E-03
12791.00  0.9918 7.09E-06 7.15E-06                                                              8.212E-03
12792.00  0.9918 7.09E-06 7.14E-06                                                              8.218E-03
12793.00  0.9918 7.09E-06 7.14E-06                                                              8.225E-03
12794.00  0.9918 7.09E-06 7.15E-06                                                              8.231E-03
12795.00  0.9918 7.08E-06 7.14E-06                                                              8.237E-03
12796.00  0.9918 7.03E-06 7.09E-06                                                              8.243E-03
12797.00  0.9918 6.87E-06 6.93E-06                                                              8.249E-03
12798.00  0.9918 6.85E-06 6.90E-06                                                              8.255E-03
12799.00  0.9918 6.85E-06 6.91E-06                                                              8.262E-03
12800.00  0.9918 6.87E-06 6.92E-06                                                              8.268E-03
12801.00  0.9918 6.89E-06 6.95E-06                                                              8.274E-03
12802.00  0.9918 6.93E-06 6.99E-06                                                              8.280E-03
12803.00  0.9917 6.94E-06 7.00E-06                                                              8.285E-03
12804.00  0.9917 6.94E-06 6.99E-06                                                              8.291E-03
12805.00  0.9917 6.93E-06 6.99E-06                                                              8.297E-03
12806.00  0.9917 6.95E-06 7.01E-06                                                              8.303E-03
12807.00  0.9917 7.07E-06 7.13E-06                                                              8.308E-03
12808.00  0.9917 7.10E-06 7.15E-06                                                              8.314E-03
12809.00  0.9917 7.10E-06 7.16E-06                                                              8.319E-03
12810.00  0.9917 7.10E-06 7.16E-06                                                              8.325E-03
12811.00  0.9917 7.07E-06 7.13E-06                                                              8.330E-03
12812.00  0.9917 7.07E-06 7.13E-06                                                              8.336E-03
12813.00  0.9917 7.06E-06 7.12E-06                                                              8.341E-03
12814.00  0.9917 7.05E-06 7.11E-06                                                              8.346E-03
12815.00  0.9917 6.99E-06 7.05E-06                                                              8.351E-03
12816.00  0.9917 6.96E-06 7.02E-06                                                              8.357E-03
12817.00  0.9917 6.94E-06 7.00E-06                                                              8.362E-03
12818.00  0.9917 6.92E-06 6.98E-06                                                              8.367E-03
12819.00  0.9917 6.77E-06 6.83E-06                                                              8.372E-03
12820.00  0.9917 6.80E-06 6.86E-06                                                              8.378E-03
12821.00  0.9917 6.85E-06 6.91E-06                                                              8.382E-03
12822.00  0.9916 6.86E-06 6.92E-06                                                              8.387E-03
12823.00  0.9916 6.89E-06 6.95E-06                                                              8.392E-03
12824.00  0.9916 7.05E-06 7.11E-06                                                              8.397E-03
12825.00  0.9916 7.08E-06 7.14E-06                                                              8.402E-03
12826.00  0.9916 7.08E-06 7.14E-06                                                              8.405E-03
12827.00  0.9916 7.09E-06 7.15E-06                                                              8.409E-03
12828.00  0.9916 7.10E-06 7.16E-06                                                              8.413E-03
12829.00  0.9916 7.10E-06 7.16E-06                                                              8.417E-03
12830.00  0.9916 7.10E-06 7.16E-06                                                              8.421E-03
12831.00  0.9916 7.10E-06 7.16E-06                                                              8.422E-03
12832.00  0.9916 7.07E-06 7.13E-06                                                              8.424E-03
12833.00  0.9916 6.93E-06 6.99E-06                                                              8.426E-03
12834.00  0.9916 6.90E-06 6.96E-06                                                              8.427E-03
12835.00  0.9916 6.90E-06 6.96E-06                                                              8.429E-03
12836.00  0.9916 6.90E-06 6.95E-06                                                              8.430E-03
12837.00  0.9916 6.91E-06 6.97E-06                                                              8.431E-03
12838.00  0.9916 7.05E-06 7.11E-06                                                              8.432E-03
12839.00  0.9916 7.08E-06 7.14E-06                                                              8.433E-03
12840.00  0.9916 7.08E-06 7.14E-06                                                              8.434E-03
12841.00  0.9916 7.09E-06 7.15E-06                                                              8.435E-03
12842.00  0.9916 7.10E-06 7.16E-06                                                              8.435E-03
12843.00  0.9916 7.10E-06 7.16E-06                                                              8.436E-03
12844.00  0.9916 7.10E-06 7.16E-06                                                              8.436E-03
12845.00  0.9916 7.10E-06 7.16E-06                                                              8.437E-03
12846.00  0.9916 7.09E-06 7.15E-06                                                              8.438E-03
12847.00  0.9916 7.06E-06 7.12E-06                                                              8.440E-03
12848.00  0.9916 7.06E-06 7.12E-06                                                              8.440E-03
12849.00  0.9916 7.05E-06 7.11E-06                                                              8.442E-03
12850.00  0.9916 7.06E-06 7.12E-06                                                              8.443E-03
12851.00  0.9916 7.06E-06 7.12E-06                                                              8.443E-03
12852.00  0.9916 7.08E-06 7.14E-06                                                              8.444E-03
12853.00  0.9916 7.07E-06 7.13E-06                                                              8.444E-03
12854.00  0.9916 7.07E-06 7.13E-06                                                              8.445E-03
12855.00  0.9916 7.03E-06 7.09E-06                                                              8.445E-03
12856.00  0.9916 6.96E-06 7.02E-06                                                              8.445E-03
12857.00  0.9916 6.91E-06 6.97E-06                                                              8.445E-03
12858.00  0.9916 6.84E-06 6.90E-06                                                              8.446E-03
12859.00  0.9916 6.83E-06 6.89E-06                                                              8.444E-03
12860.00  0.9916 6.84E-06 6.90E-06                                                              8.445E-03
12861.00  0.9916 6.78E-06 6.84E-06                                                              8.442E-03
12862.00  0.9916 6.78E-06 6.84E-06                                                              8.441E-03
12863.00  0.9916 6.86E-06 6.92E-06                                                              8.440E-03
12864.00  0.9916 6.86E-06 6.92E-06                                                              8.439E-03
12865.00  0.9916 6.89E-06 6.95E-06                                                              8.438E-03
12866.00  0.9916 7.02E-06 7.08E-06                                                              8.437E-03
12867.00  0.9916 7.07E-06 7.13E-06                                                              8.436E-03
12868.00  0.9916 7.08E-06 7.14E-06                                                              8.434E-03
12869.00  0.9916 7.09E-06 7.15E-06                                                              8.438E-03
12870.00  0.9916 7.10E-06 7.16E-06                                                              8.432E-03
12871.00  0.9916 7.10E-06 7.16E-06                                                              8.435E-03
12872.00  0.9916 7.08E-06 7.14E-06                                                              8.429E-03
12873.00  0.9916 7.07E-06 7.13E-06                                                              8.428E-03
12874.00  0.9916 7.06E-06 7.12E-06                                                              8.426E-03
12875.00  0.9916 7.06E-06 7.12E-06                                                              8.425E-03
12876.00  0.9916 7.06E-06 7.12E-06                                                              8.423E-03
12877.00  0.9916 7.08E-06 7.14E-06                                                              8.422E-03
12878.00  0.9916 7.09E-06 7.15E-06                                                              8.420E-03
12879.00  0.9916 7.08E-06 7.14E-06                                                              8.429E-03
12880.00  0.9916 7.05E-06 7.11E-06                                                              8.417E-03
12881.00  0.9916 7.03E-06 7.09E-06                                                              8.425E-03
12882.00  0.9916 6.98E-06 7.04E-06                                                              8.414E-03
12883.00  0.9916 6.97E-06 7.03E-06                                                              8.412E-03
12884.00  0.9916 6.99E-06 7.05E-06                                                              8.410E-03
12885.00  0.9916 7.02E-06 7.08E-06                                                              8.409E-03
12886.00  0.9916 7.03E-06 7.09E-06                                                              8.406E-03
12887.00  0.9916 7.08E-06 7.14E-06                                                              8.404E-03
12888.00  0.9916 7.09E-06 7.15E-06                                                              8.401E-03
12889.00  0.9916 7.07E-06 7.13E-06                                                              8.419E-03
12890.00  0.9916 7.07E-06 7.13E-06                                                              8.397E-03
12891.00  0.9916 7.06E-06 7.12E-06                                                              8.413E-03
12892.00  0.9916 7.05E-06 7.11E-06                                                              8.391E-03
12893.00  0.9916 7.05E-06 7.11E-06                                                              8.388E-03
12894.00  0.9916 7.07E-06 7.13E-06                                                              8.385E-03
12895.00  0.9917 7.06E-06 7.12E-06                                                              8.383E-03
12896.00  0.9917 6.97E-06 7.03E-06                                                              8.379E-03
12897.00  0.9917 6.96E-06 7.02E-06                                                              8.375E-03
12898.00  0.9917 6.94E-06 7.00E-06                                                              8.372E-03
12899.00  0.9916 6.83E-06 6.88E-06                                                              8.406E-03
12900.00  0.9916 6.60E-06 6.66E-06                                                              8.400E-03
12901.00  0.9917 6.49E-06 6.54E-06                                                              8.361E-03
12902.00  0.9917 6.47E-06 6.52E-06                                                              8.356E-03
12903.00  0.9917 6.43E-06 6.49E-06                                                              8.352E-03
12904.00  0.9917 6.36E-06 6.42E-06                                                              8.348E-03
12905.00  0.9917 6.52E-06 6.58E-06                                                              8.344E-03
12906.00  0.9917 6.70E-06 6.76E-06                                                              8.339E-03
12907.00  0.9917 6.73E-06 6.79E-06                                                              8.335E-03
12908.00  0.9916 6.79E-06 6.84E-06                                                              8.393E-03
12909.00  0.9917 6.93E-06 6.99E-06                                                              8.325E-03
12910.00  0.9917 6.87E-06 6.92E-06                                                              8.380E-03
12911.00  0.9917 6.87E-06 6.92E-06                                                              8.316E-03
12912.00  0.9917 6.87E-06 6.92E-06                                                              8.312E-03
12913.00  0.9917 6.87E-06 6.93E-06                                                              8.310E-03
12914.00  0.9917 6.90E-06 6.96E-06                                                              8.303E-03
12915.00  0.9917 7.04E-06 7.10E-06                                                              8.301E-03
12916.00  0.9916 7.07E-06 7.13E-06                                                              8.395E-03
12917.00  0.9917 7.07E-06 7.13E-06                                                              8.291E-03
12918.00  0.9917 7.06E-06 7.12E-06                                                              8.380E-03
12919.00  0.9918 7.07E-06 7.13E-06                                                              8.282E-03
12920.00  0.9918 7.07E-06 7.13E-06                                                              8.278E-03
12921.00  0.9918 7.06E-06 7.12E-06                                                              8.275E-03
12922.00  0.9918 7.07E-06 7.12E-06                                                              8.272E-03
12923.00  0.9918 7.07E-06 7.13E-06                                                              8.268E-03
12924.00  0.9918 7.07E-06 7.12E-06                                                              8.266E-03
12925.00  0.9916 7.03E-06 7.09E-06                                                              8.408E-03
12926.00  0.9918 7.02E-06 7.08E-06                                                              8.260E-03
12927.00  0.9916 7.02E-06 7.08E-06                                                              8.401E-03
12928.00  0.9918 7.02E-06 7.08E-06                                                              8.263E-03
12929.00  0.9918 7.03E-06 7.09E-06                                                              8.250E-03
12930.00  0.9918 7.07E-06 7.13E-06                                                              8.247E-03
12931.00  0.9918 7.07E-06 7.13E-06                                                              8.244E-03
12932.00  0.9918 7.07E-06 7.13E-06                                                              8.242E-03
12933.00  0.9916 7.07E-06 7.13E-06                                                              8.431E-03
12934.00  0.9918 7.04E-06 7.10E-06                                                              8.236E-03
12935.00  0.9916 6.86E-06 6.92E-06                                                              8.406E-03
12936.00  0.9918 6.84E-06 6.90E-06                                                              8.229E-03
12937.00  0.9918 6.85E-06 6.90E-06                                                              8.227E-03
12938.00  0.9918 6.82E-06 6.88E-06                                                              8.224E-03
12939.00  0.9918 6.77E-06 6.83E-06                                                              8.222E-03
12940.00  0.9915 6.92E-06 6.98E-06                                                              8.494E-03
12941.00  0.9918 6.93E-06 6.99E-06                                                              8.218E-03
12942.00  0.9916 6.81E-06 6.86E-06                                                              8.460E-03
12943.00  0.9918 6.72E-06 6.77E-06                                                              8.213E-03
12944.00  0.9918 6.74E-06 6.80E-06                                                              8.211E-03
12945.00  0.9918 6.75E-06 6.80E-06                                                              8.208E-03
12946.00  0.9918 6.73E-06 6.78E-06                                                              8.207E-03
12947.00  0.9916 6.81E-06 6.87E-06                                                              8.457E-03
12948.00  0.9918 6.91E-06 6.97E-06                                                              8.205E-03
12949.00  0.9916 6.93E-06 6.99E-06                                                              8.416E-03
12950.00  0.9918 6.94E-06 7.00E-06                                                              8.202E-03
12951.00  0.9918 6.98E-06 7.04E-06                                                              8.200E-03
12952.00  0.9918 7.02E-06 7.08E-06                                                              8.199E-03
12953.00  0.9917 7.03E-06 7.09E-06                                                              8.346E-03
12954.00  0.9915 7.07E-06 7.13E-06                                                              8.578E-03
12955.00  0.9918 7.07E-06 7.13E-06                                                              8.197E-03
12956.00  0.9917 7.04E-06 7.10E-06                                                              8.383E-03
12957.00  0.9918 6.87E-06 6.93E-06                                                              8.194E-03
12958.00  0.9918 6.82E-06 6.87E-06                                                              8.193E-03
12959.00  0.9918 6.81E-06 6.87E-06                                                              8.192E-03
12960.00  0.9917 6.82E-06 6.87E-06                                                              8.376E-03
12961.00  0.9918 6.83E-06 6.88E-06                                                              8.191E-03
12962.00  0.9918 6.88E-06 6.93E-06                                                              8.189E-03
12963.00  0.9917 6.87E-06 6.93E-06                                                              8.314E-03
12964.00  0.9918 6.66E-06 6.72E-06                                                              8.187E-03
12965.00  0.9914 6.62E-06 6.67E-06                                                              8.686E-03
12966.00  0.9917 6.63E-06 6.69E-06                                                              8.286E-03
12967.00  0.9914 6.75E-06 6.81E-06                                                              8.671E-03
12968.00  0.9919 6.81E-06 6.86E-06                                                              8.182E-03
12969.00  0.9919 7.02E-06 7.07E-06                                                              8.181E-03
12970.00  0.9919 7.07E-06 7.12E-06                                                              8.180E-03
12971.00  0.9919 7.07E-06 7.12E-06                                                              8.178E-03
12972.00  0.9919 7.07E-06 7.12E-06                                                              8.177E-03
12973.00  0.9919 7.07E-06 7.12E-06                                                              8.175E-03
12974.00  0.9919 7.07E-06 7.13E-06                                                              8.174E-03
12975.00  0.9918 7.07E-06 7.13E-06                                                              8.223E-03
12976.00  0.9919 7.08E-06 7.14E-06                                                              8.175E-03
12977.00  0.9902 7.07E-06 7.14E-06                                                              9.851E-03
12978.00  0.9919 7.08E-06 7.14E-06                                                              8.175E-03
12979.00  0.9904 7.06E-06 7.12E-06                                                              9.686E-03
12980.00  0.9917 7.06E-06 7.11E-06                                                              8.305E-03
12981.00  0.9919 7.05E-06 7.11E-06                                                              8.167E-03
12982.00  0.9917 7.00E-06 7.06E-06                                                              8.370E-03
12983.00  0.9919 6.70E-06 6.76E-06                                                              8.168E-03
12984.00  0.9917 6.65E-06 6.71E-06                                                              8.362E-03
12985.00  0.9919 6.66E-06 6.72E-06                                                              8.165E-03
12986.00  0.9916 6.66E-06 6.72E-06                                                              8.416E-03
12987.00  0.9919 6.69E-06 6.75E-06                                                              8.173E-03
12988.00  0.9916 6.98E-06 7.04E-06                                                              8.399E-03
12989.00  0.9874 6.97E-06 7.06E-06                                                              1.269E-02
12990.00  0.9878 6.96E-06 7.04E-06                                                              1.231E-02
12991.00  0.9916 6.99E-06 7.05E-06                                                              8.446E-03
12992.00  0.9917 7.01E-06 7.07E-06                                                              8.379E-03
12993.00  0.9919 7.03E-06 7.08E-06                                                              8.182E-03
12994.00  0.9916 7.06E-06 7.11E-06                                                              8.425E-03
12995.00  0.9919 7.01E-06 7.07E-06                                                              8.178E-03
12996.00  0.9917 6.83E-06 6.89E-06                                                              8.352E-03
12997.00  0.9919 6.80E-06 6.86E-06                                                              8.179E-03
12998.00  0.9916 6.80E-06 6.86E-06                                                              8.396E-03
12999.00  0.9917 6.80E-06 6.86E-06                                                              8.334E-03
13000.00  0.9803 6.73E-06 6.87E-06                                                              1.992E-02
13001.00  0.9916 6.95E-06 7.01E-06                                                              8.484E-03
13002.00  0.9808 6.91E-06 7.04E-06                                                              1.942E-02
13003.00  0.9917 6.98E-06 7.04E-06                                                              8.296E-03
13004.00  0.9918 6.99E-06 7.05E-06                                                              8.274E-03
13005.00  0.9918 7.04E-06 7.09E-06                                                              8.256E-03
13006.00  0.9918 7.07E-06 7.13E-06                                                              8.263E-03
13007.00  0.9918 7.07E-06 7.13E-06                                                              8.250E-03
13008.00  0.9918 7.07E-06 7.13E-06                                                              8.214E-03
13009.00  0.9918 7.06E-06 7.12E-06                                                              8.263E-03
13010.00  0.9917 7.05E-06 7.11E-06                                                              8.296E-03
13011.00  0.9665 6.85E-06 7.09E-06                                                              3.411E-02
13012.00  0.9917 7.03E-06 7.09E-06                                                              8.363E-03
13013.00  0.9723 6.89E-06 7.09E-06                                                              2.814E-02
13014.00  0.9918 7.01E-06 7.07E-06                                                              8.282E-03
13015.00  0.9918 6.87E-06 6.93E-06                                                              8.225E-03
13016.00  0.9918 6.86E-06 6.92E-06                                                              8.268E-03
13017.00  0.9918 6.87E-06 6.92E-06                                                              8.226E-03
13018.00  0.9918 6.86E-06 6.91E-06                                                              8.215E-03
13019.00  0.9917 6.88E-06 6.94E-06                                                              8.321E-03
13020.00  0.9917 7.03E-06 7.09E-06                                                              8.291E-03
13021.00  0.9482 6.74E-06 7.11E-06                                                              5.320E-02
13022.00  0.9914 7.04E-06 7.10E-06                                                              8.652E-03
13023.00  0.9476 6.73E-06 7.10E-06                                                              5.382E-02
13024.00  0.9915 7.05E-06 7.11E-06                                                              8.492E-03
13025.00  0.9918 7.05E-06 7.11E-06                                                              8.284E-03
13026.00  0.9917 7.06E-06 7.12E-06                                                              8.377E-03
13027.00  0.9918 7.07E-06 7.13E-06                                                              8.275E-03
13028.00  0.9918 7.05E-06 7.11E-06                                                              8.245E-03
13029.00  0.9915 7.05E-06 7.11E-06                                                              8.489E-03
13030.00  0.9916 7.05E-06 7.11E-06                                                              8.420E-03
13031.00  0.9411 6.70E-06 7.11E-06                                                              6.066E-02
13032.00  0.9907 7.04E-06 7.11E-06                                                              9.311E-03
13033.00  0.9274 6.54E-06 7.05E-06                                                              7.535E-02
13034.00  0.9910 6.94E-06 7.01E-06                                                              9.056E-03
13035.00  0.9916 6.93E-06 6.99E-06                                                              8.398E-03
13036.00  0.9914 6.93E-06 6.99E-06                                                              8.598E-03
13037.00  0.9917 6.93E-06 6.99E-06                                                              8.367E-03
13038.00  0.9913 6.99E-06 7.05E-06                                                              8.779E-03
13039.00  0.9917 7.03E-06 7.09E-06                                                              8.363E-03
13040.00  0.9908 6.95E-06 7.02E-06                                                              9.257E-03
13041.00  0.9051 5.98E-06 6.61E-06                                                              9.970E-02
13042.00  0.9903 6.20E-06 6.26E-06                                                              9.761E-03
13043.00  0.9058 5.62E-06 6.21E-06                                                              9.894E-02
13044.00  0.9913 6.14E-06 6.20E-06                                                              8.768E-03
13045.00  0.9908 6.22E-06 6.27E-06                                                              9.240E-03
13046.00  0.9915 6.59E-06 6.65E-06                                                              8.547E-03
13047.00  0.9916 6.76E-06 6.82E-06                                                              8.408E-03
13048.00  0.9906 6.76E-06 6.82E-06                                                              9.443E-03
13049.00  0.9900 6.68E-06 6.74E-06                                                              1.006E-02
13050.00  0.9247 6.17E-06 6.67E-06                                                              7.830E-02
13051.00  0.9870 6.44E-06 6.52E-06                                                              1.312E-02
13052.00  0.8923 5.93E-06 6.64E-06                                                              1.139E-01
13053.00  0.9878 6.40E-06 6.48E-06                                                              1.230E-02
13054.00  0.9898 6.44E-06 6.51E-06                                                              1.027E-02
13055.00  0.9912 6.53E-06 6.58E-06                                                              8.880E-03
13056.00  0.9898 6.68E-06 6.74E-06                                                              1.027E-02
13057.00  0.9913 6.68E-06 6.74E-06                                                              8.756E-03
13058.00  0.9885 6.79E-06 6.87E-06                                                              1.152E-02
13059.00  0.9028 6.24E-06 6.91E-06                                                              1.022E-01
13060.00  0.9828 6.69E-06 6.81E-06                                                              1.734E-02
13061.00  0.8615 5.87E-06 6.81E-06                                                              1.491E-01
13062.00  0.9838 6.78E-06 6.89E-06                                                              1.631E-02
13063.00  0.9888 6.89E-06 6.97E-06                                                              1.126E-02
13064.00  0.9907 6.93E-06 7.00E-06                                                              9.394E-03
13065.00  0.9882 7.01E-06 7.10E-06                                                              1.183E-02
13066.00  0.9908 7.05E-06 7.11E-06                                                              9.267E-03
13067.00  0.9850 7.01E-06 7.12E-06                                                              1.508E-02
13068.00  0.8079 5.75E-06 7.12E-06                                                              2.133E-01
13069.00  0.9801 6.98E-06 7.12E-06                                                              2.011E-02
13070.00  0.8131 5.79E-06 7.12E-06                                                              2.069E-01
13071.00  0.9840 7.01E-06 7.13E-06                                                              1.610E-02
13072.00  0.9905 7.06E-06 7.13E-06                                                              9.511E-03
13073.00  0.9854 7.02E-06 7.12E-06                                                              1.474E-02
13074.00  0.9904 7.05E-06 7.12E-06                                                              9.688E-03
13075.00  0.9831 7.00E-06 7.12E-06                                                              1.709E-02
13076.00  0.8029 5.71E-06 7.12E-06                                                              2.195E-01
13077.00  0.9628 6.85E-06 7.12E-06                                                              3.786E-02
13078.00  0.7876 5.61E-06 7.13E-06                                                              2.387E-01
13079.00  0.9735 6.94E-06 7.13E-06                                                              2.688E-02
13080.00  0.9895 7.06E-06 7.13E-06                                                              1.052E-02
13081.00  0.9824 7.01E-06 7.13E-06                                                              1.771E-02
13082.00  0.9896 7.05E-06 7.13E-06                                                              1.047E-02
13083.00  0.9782 6.93E-06 7.08E-06                                                              2.202E-02
13084.00  0.7526 5.32E-06 7.07E-06                                                              2.842E-01
13085.00  0.9632 6.81E-06 7.07E-06                                                              3.750E-02
13086.00  0.7452 5.27E-06 7.07E-06                                                              2.941E-01
13087.00  0.9744 6.89E-06 7.08E-06                                                              2.598E-02
13088.00  0.9790 6.97E-06 7.11E-06                                                              2.120E-02
13089.00  0.9892 7.04E-06 7.12E-06                                                              1.085E-02
13090.00  0.9784 6.97E-06 7.12E-06                                                              2.179E-02
13091.00  0.9577 6.81E-06 7.12E-06                                                              4.327E-02
13092.00  0.7207 5.13E-06 7.12E-06                                                              3.275E-01
13093.00  0.9550 6.80E-06 7.12E-06                                                              4.601E-02
13094.00  0.7661 5.45E-06 7.11E-06                                                              2.665E-01
13095.00  0.9759 6.93E-06 7.11E-06                                                              2.443E-02
13096.00  0.9865 7.01E-06 7.10E-06                                                              1.358E-02
13097.00  0.9768 6.93E-06 7.10E-06                                                              2.344E-02
13098.00  0.9715 6.90E-06 7.10E-06                                                              2.888E-02
13099.00  0.6905 4.91E-06 7.11E-06                                                              3.703E-01
13100.00  0.9660 6.87E-06 7.11E-06                                                              3.463E-02
13101.00  0.7145 5.08E-06 7.11E-06                                                              3.362E-01
13102.00  0.9726 6.91E-06 7.11E-06                                                              2.782E-02
13103.00  0.9859 7.01E-06 7.11E-06                                                              1.421E-02
13104.00  0.9745 6.93E-06 7.11E-06                                                              2.578E-02
13105.00  0.9390 6.68E-06 7.12E-06                                                              6.298E-02
13106.00  0.7526 5.36E-06 7.12E-06                                                              2.843E-01
13107.00  0.9446 6.72E-06 7.11E-06                                                              5.696E-02
13108.00  0.7754 5.43E-06 7.01E-06                                                              2.544E-01
13109.00  0.9756 6.81E-06 6.98E-06                                                              2.468E-02
13110.00  0.9855 6.88E-06 6.98E-06                                                              1.464E-02
13111.00  0.9734 6.79E-06 6.98E-06                                                              2.701E-02
13112.00  0.7002 4.89E-06 6.99E-06                                                              3.564E-01
13113.00  0.9746 6.91E-06 7.09E-06                                                              2.574E-02
13114.00  0.7466 5.31E-06 7.11E-06                                                              2.922E-01
13115.00  0.9736 6.93E-06 7.11E-06                                                              2.679E-02
13116.00  0.9870 7.00E-06 7.09E-06                                                              1.313E-02
13117.00  0.9727 6.76E-06 6.95E-06                                                              2.763E-02
13118.00  0.7633 5.26E-06 6.89E-06                                                              2.701E-01
13119.00  0.9836 6.59E-06 6.70E-06                                                              1.657E-02
13120.00  0.9812 6.54E-06 6.67E-06                                                              1.895E-02
13121.00  0.9906 6.57E-06 6.63E-06                                                              9.474E-03
13122.00  0.9908 6.66E-06 6.72E-06                                                              9.269E-03
13123.00  0.9908 6.47E-06 6.53E-06                                                              9.288E-03
13124.00  0.9905 6.59E-06 6.65E-06                                                              9.527E-03
13125.00  0.9894 6.58E-06 6.65E-06                                                              1.065E-02
13126.00  0.8687 5.81E-06 6.69E-06                                                              1.407E-01
13127.00  0.9750 6.58E-06 6.75E-06                                                              2.534E-02
13128.00  0.7776 5.44E-06 6.99E-06                                                              2.516E-01
13129.00  0.9709 6.85E-06 7.06E-06                                                              2.954E-02
13130.00  0.9800 6.96E-06 7.10E-06                                                              2.025E-02
13131.00  0.8346 5.94E-06 7.12E-06                                                              1.808E-01
13132.00  0.9589 6.83E-06 7.12E-06                                                              4.198E-02
13133.00  0.7806 5.55E-06 7.11E-06                                                              2.477E-01
13134.00  0.9525 6.71E-06 7.04E-06                                                              4.864E-02
13135.00  0.9633 6.71E-06 6.97E-06                                                              3.741E-02
13136.00  0.7333 5.10E-06 6.96E-06                                                              3.103E-01
13137.00  0.9442 6.57E-06 6.96E-06                                                              5.745E-02
13138.00  0.7050 4.92E-06 6.97E-06                                                              3.496E-01
13139.00  0.9479 6.68E-06 7.04E-06                                                              5.349E-02
13140.00  0.9433 6.70E-06 7.10E-06                                                              5.833E-02
13141.00  0.7812 5.52E-06 7.06E-06                                                              2.469E-01
13142.00  0.9233 6.50E-06 7.04E-06                                                              7.981E-02
13143.00  0.7577 5.28E-06 6.97E-06                                                              2.774E-01
13144.00  0.9411 6.54E-06 6.95E-06                                                              6.068E-02
13145.00  0.7833 5.45E-06 6.95E-06                                                              2.443E-01
13146.00  0.9492 6.64E-06 7.00E-06                                                              5.212E-02
13147.00  0.7594 5.31E-06 6.99E-06                                                              2.752E-01
13148.00  0.7460 5.18E-06 6.95E-06                                                              2.930E-01
13149.00  0.9558 6.62E-06 6.93E-06                                                              4.521E-02
13150.00  0.7343 5.08E-06 6.92E-06                                                              3.088E-01
13151.00  0.7813 5.37E-06 6.88E-06                                                              2.468E-01
13152.00  0.9525 6.56E-06 6.89E-06                                                              4.870E-02
13153.00  0.8346 5.85E-06 7.00E-06                                                              1.808E-01
13154.00  0.7224 5.09E-06 7.04E-06                                                              3.251E-01
13155.00  0.9741 6.87E-06 7.05E-06                                                              2.623E-02
13156.00  0.8217 5.83E-06 7.09E-06                                                              1.963E-01
13157.00  0.9107 6.46E-06 7.09E-06                                                              9.350E-02
13158.00  0.9733 6.89E-06 7.08E-06                                                              2.703E-02
13159.00  0.8308 5.88E-06 7.07E-06                                                              1.854E-01
13160.00  0.9179 6.49E-06 7.07E-06                                                              8.569E-02
13161.00  0.8717 6.12E-06 7.02E-06                                                              1.373E-01
13162.00  0.8862 6.20E-06 7.00E-06                                                              1.208E-01
13163.00  0.9130 6.38E-06 6.99E-06                                                              9.104E-02
13164.00  0.9225 6.45E-06 6.99E-06                                                              8.067E-02
13165.00  0.8989 6.29E-06 7.00E-06                                                              1.066E-01
13166.00  0.9911 6.97E-06 7.04E-06                                                              8.944E-03
13167.00  0.9913 7.01E-06 7.07E-06                                                              8.735E-03
13168.00  0.9914 7.03E-06 7.09E-06                                                              8.676E-03
13169.00  0.9914 7.02E-06 7.08E-06                                                              8.630E-03
13170.00  0.9914 7.02E-06 7.08E-06                                                              8.608E-03
13171.00  0.9915 7.03E-06 7.09E-06                                                              8.584E-03
13172.00  0.9915 7.01E-06 7.07E-06                                                              8.574E-03
13173.00  0.9915 6.97E-06 7.03E-06                                                              8.556E-03
13174.00  0.9915 6.98E-06 7.04E-06                                                              8.544E-03
13175.00  0.9915 6.96E-06 7.02E-06                                                              8.542E-03
13176.00  0.9915 6.87E-06 6.93E-06                                                              8.532E-03
13177.00  0.9915 6.77E-06 6.83E-06                                                              8.527E-03
13178.00  0.9915 6.79E-06 6.85E-06                                                              8.528E-03
13179.00  0.9915 6.76E-06 6.82E-06                                                              8.524E-03
13180.00  0.9915 6.60E-06 6.65E-06                                                              8.524E-03
13181.00  0.9915 6.61E-06 6.66E-06                                                              8.527E-03
13182.00  0.9915 6.72E-06 6.77E-06                                                              8.527E-03
13183.00  0.9915 6.70E-06 6.76E-06                                                              8.529E-03
13184.00  0.9915 6.72E-06 6.78E-06                                                              8.533E-03
13185.00  0.9915 6.91E-06 6.97E-06                                                              8.534E-03
13186.00  0.9915 6.99E-06 7.05E-06                                                              8.538E-03
13187.00  0.9915 7.00E-06 7.06E-06                                                              8.542E-03
13188.00  0.9915 7.03E-06 7.09E-06                                                              8.546E-03
13189.00  0.9915 7.03E-06 7.09E-06                                                              8.550E-03
13190.00  0.9915 7.01E-06 7.07E-06                                                              8.555E-03
13191.00  0.9915 6.97E-06 7.03E-06                                                              8.560E-03
13192.00  0.9915 6.96E-06 7.02E-06                                                              8.566E-03
13193.00  0.9915 6.96E-06 7.02E-06                                                              8.571E-03
13194.00  0.9915 6.98E-06 7.04E-06                                                              8.576E-03
13195.00  0.9915 6.98E-06 7.04E-06                                                              8.582E-03
13196.00  0.9914 7.01E-06 7.07E-06                                                              8.588E-03
13197.00  0.9914 6.89E-06 6.95E-06                                                              8.593E-03
13198.00  0.9914 6.84E-06 6.90E-06                                                              8.599E-03
13199.00  0.9914 6.84E-06 6.90E-06                                                              8.605E-03
13200.00  0.9914 6.86E-06 6.92E-06                                                              8.611E-03
13201.00  0.9914 6.88E-06 6.94E-06                                                              8.617E-03
13202.00  0.9914 7.01E-06 7.07E-06                                                              8.622E-03
13203.00  0.9914 7.06E-06 7.12E-06                                                              8.628E-03
13204.00  0.9914 7.05E-06 7.11E-06                                                              8.634E-03
13205.00  0.9914 7.00E-06 7.06E-06                                                              8.640E-03
13206.00  0.9914 6.82E-06 6.88E-06                                                              8.646E-03
13207.00  0.9914 6.77E-06 6.82E-06                                                              8.652E-03
13208.00  0.9914 6.76E-06 6.82E-06                                                              8.657E-03
13209.00  0.9914 6.76E-06 6.82E-06                                                              8.663E-03
13210.00  0.9914 6.81E-06 6.87E-06                                                              8.669E-03
13211.00  0.9914 6.99E-06 7.05E-06                                                              8.676E-03
13212.00  0.9914 7.03E-06 7.09E-06                                                              8.682E-03
13213.00  0.9913 7.00E-06 7.06E-06                                                              8.689E-03
13214.00  0.9913 6.98E-06 7.04E-06                                                              8.695E-03
13215.00  0.9913 6.97E-06 7.03E-06                                                              8.702E-03
13216.00  0.9913 6.95E-06 7.02E-06                                                              8.709E-03
13217.00  0.9913 6.94E-06 7.00E-06                                                              8.715E-03
13218.00  0.9913 6.97E-06 7.03E-06                                                              8.722E-03
13219.00  0.9913 6.99E-06 7.05E-06                                                              8.729E-03
13220.00  0.9913 6.95E-06 7.02E-06                                                              8.735E-03
13221.00  0.9913 6.85E-06 6.91E-06                                                              8.742E-03
13222.00  0.9913 6.80E-06 6.86E-06                                                              8.749E-03
13223.00  0.9913 6.78E-06 6.84E-06                                                              8.756E-03
13224.00  0.9913 6.77E-06 6.83E-06                                                              8.762E-03
13225.00  0.9913 6.81E-06 6.86E-06                                                              8.769E-03
13226.00  0.9913 6.88E-06 6.94E-06                                                              8.776E-03
13227.00  0.9913 6.96E-06 7.02E-06                                                              8.784E-03
13228.00  0.9912 6.98E-06 7.04E-06                                                              8.791E-03
13229.00  0.9912 6.92E-06 6.98E-06                                                              8.798E-03
13230.00  0.9912 6.76E-06 6.82E-06                                                              8.806E-03
13231.00  0.9912 6.77E-06 6.83E-06                                                              8.814E-03
13232.00  0.9912 6.76E-06 6.82E-06                                                              8.822E-03
13233.00  0.9912 6.75E-06 6.81E-06                                                              8.830E-03
13234.00  0.9912 6.80E-06 6.86E-06                                                              8.838E-03
13235.00  0.9912 6.94E-06 7.00E-06                                                              8.846E-03
13236.00  0.9912 6.96E-06 7.02E-06                                                              8.854E-03
13237.00  0.9912 6.97E-06 7.03E-06                                                              8.862E-03
13238.00  0.9912 6.98E-06 7.05E-06                                                              8.871E-03
13239.00  0.9912 7.00E-06 7.07E-06                                                              8.879E-03
13240.00  0.9912 7.04E-06 7.10E-06                                                              8.887E-03
13241.00  0.9911 7.03E-06 7.09E-06                                                              8.895E-03
13242.00  0.9911 7.02E-06 7.08E-06                                                              8.903E-03
13243.00  0.9911 6.98E-06 7.04E-06                                                              8.912E-03
13244.00  0.9911 6.94E-06 7.00E-06                                                              8.920E-03
13245.00  0.9911 6.93E-06 6.99E-06                                                              8.928E-03
13246.00  0.9911 6.93E-06 6.99E-06                                                              8.937E-03
13247.00  0.9911 6.95E-06 7.01E-06                                                              8.945E-03
13248.00  0.9911 6.98E-06 7.05E-06                                                              8.954E-03
13249.00  0.9911 7.02E-06 7.08E-06                                                              8.962E-03
13250.00  0.9911 7.03E-06 7.10E-06                                                              8.971E-03
13251.00  0.9911 7.02E-06 7.08E-06                                                              8.979E-03
13252.00  0.9911 7.01E-06 7.07E-06                                                              8.988E-03
13253.00  0.9910 7.00E-06 7.06E-06                                                              8.996E-03
13254.00  0.9910 6.98E-06 7.04E-06                                                              9.005E-03
13255.00  0.9910 6.98E-06 7.04E-06                                                              9.014E-03
13256.00  0.9910 6.99E-06 7.05E-06                                                              9.022E-03
13257.00  0.9910 6.99E-06 7.06E-06                                                              9.031E-03
13258.00  0.9910 7.00E-06 7.06E-06                                                              9.039E-03
13259.00  0.9910 7.03E-06 7.09E-06                                                              9.048E-03
13260.00  0.9910 7.02E-06 7.09E-06                                                              9.057E-03
13261.00  0.9910 7.02E-06 7.09E-06                                                              9.066E-03
13262.00  0.9910 7.02E-06 7.09E-06                                                              9.075E-03
13263.00  0.9910 7.03E-06 7.09E-06                                                              9.085E-03
13264.00  0.9909 7.02E-06 7.08E-06                                                              9.094E-03
13265.00  0.9909 7.02E-06 7.08E-06                                                              9.103E-03
13266.00  0.9909 7.02E-06 7.08E-06                                                              9.113E-03
13267.00  0.9909 7.02E-06 7.08E-06                                                              9.123E-03
13268.00  0.9909 7.00E-06 7.06E-06                                                              9.133E-03
13269.00  0.9909 6.99E-06 7.05E-06                                                              9.143E-03
13270.00  0.9909 6.99E-06 7.06E-06                                                              9.154E-03
13271.00  0.9909 6.98E-06 7.04E-06                                                              9.164E-03
13272.00  0.9909 6.90E-06 6.96E-06                                                              9.174E-03
13273.00  0.9909 6.82E-06 6.88E-06                                                              9.184E-03
13274.00  0.9908 6.81E-06 6.88E-06                                                              9.194E-03
13275.00  0.9908 6.81E-06 6.87E-06                                                              9.205E-03
13276.00  0.9908 6.82E-06 6.88E-06                                                              9.215E-03
13277.00  0.9908 6.90E-06 6.96E-06                                                              9.225E-03
13278.00  0.9908 6.99E-06 7.05E-06                                                              9.235E-03
13279.00  0.9908 7.01E-06 7.07E-06                                                              9.245E-03
13280.00  0.9908 7.02E-06 7.08E-06                                                              9.255E-03
13281.00  0.9908 7.01E-06 7.07E-06                                                              9.266E-03
13282.00  0.9908 6.98E-06 7.05E-06                                                              9.276E-03
13283.00  0.9908 6.82E-06 6.89E-06                                                              9.287E-03
13284.00  0.9907 6.79E-06 6.86E-06                                                              9.297E-03
13285.00  0.9907 6.79E-06 6.86E-06                                                              9.307E-03
13286.00  0.9907 6.75E-06 6.81E-06                                                              9.318E-03
13287.00  0.9907 6.56E-06 6.62E-06                                                              9.329E-03
13288.00  0.9907 6.68E-06 6.74E-06                                                              9.339E-03
13289.00  0.9907 6.71E-06 6.77E-06                                                              9.350E-03
13290.00  0.9907 6.71E-06 6.77E-06                                                              9.360E-03
13291.00  0.9907 6.76E-06 6.82E-06                                                              9.371E-03
13292.00  0.9907 6.97E-06 7.03E-06                                                              9.381E-03
13293.00  0.9907 7.02E-06 7.09E-06                                                              9.392E-03
13294.00  0.9906 7.02E-06 7.09E-06                                                              9.403E-03
13295.00  0.9906 7.03E-06 7.09E-06                                                              9.413E-03
13296.00  0.9906 7.03E-06 7.10E-06                                                              9.424E-03
13297.00  0.9906 7.03E-06 7.10E-06                                                              9.434E-03
13298.00  0.9906 7.02E-06 7.09E-06                                                              9.444E-03
13299.00  0.9906 7.00E-06 7.07E-06                                                              9.455E-03
13300.00  0.9906 6.97E-06 7.03E-06                                                              9.465E-03
13301.00  0.9906 6.95E-06 7.02E-06                                                              9.475E-03
13302.00  0.9906 6.94E-06 7.00E-06                                                              9.485E-03
13303.00  0.9906 6.93E-06 6.99E-06                                                              9.495E-03
13304.00  0.9905 6.95E-06 7.01E-06                                                              9.505E-03
13305.00  0.9905 6.97E-06 7.04E-06                                                              9.515E-03
13306.00  0.9905 6.96E-06 7.03E-06                                                              9.525E-03
13307.00  0.9905 6.88E-06 6.94E-06                                                              9.535E-03
13308.00  0.9905 6.51E-06 6.58E-06                                                              9.545E-03
13309.00  0.9905 6.42E-06 6.48E-06                                                              9.555E-03
13310.00  0.9905 6.42E-06 6.48E-06                                                              9.565E-03
13311.00  0.9905 6.44E-06 6.50E-06                                                              9.575E-03
13312.00  0.9905 6.52E-06 6.58E-06                                                              9.585E-03
13313.00  0.9905 6.89E-06 6.96E-06                                                              9.595E-03
13314.00  0.9904 6.98E-06 7.05E-06                                                              9.605E-03
13315.00  0.9904 6.97E-06 7.04E-06                                                              9.615E-03
13316.00  0.9904 6.96E-06 7.02E-06                                                              9.625E-03
13317.00  0.9904 6.92E-06 6.98E-06                                                              9.636E-03
13318.00  0.9904 6.90E-06 6.97E-06                                                              9.646E-03
13319.00  0.9904 6.88E-06 6.95E-06                                                              9.657E-03
13320.00  0.9904 6.90E-06 6.97E-06                                                              9.667E-03
13321.00  0.9904 6.92E-06 6.99E-06                                                              9.678E-03
13322.00  0.9904 6.98E-06 7.05E-06                                                              9.688E-03
13323.00  0.9903 6.98E-06 7.05E-06                                                              9.699E-03
13324.00  0.9903 7.00E-06 7.07E-06                                                              9.709E-03
13325.00  0.9903 6.97E-06 7.04E-06                                                              9.720E-03
13326.00  0.9903 6.95E-06 7.02E-06                                                              9.730E-03
13327.00  0.9903 6.94E-06 7.01E-06                                                              9.741E-03
13328.00  0.9903 6.95E-06 7.02E-06                                                              9.751E-03
13329.00  0.9903 6.94E-06 7.01E-06                                                              9.761E-03
13330.00  0.9903 6.90E-06 6.96E-06                                                              9.772E-03
13331.00  0.9903 6.90E-06 6.97E-06                                                              9.781E-03
13332.00  0.9903 6.91E-06 6.98E-06                                                              9.791E-03
13333.00  0.9902 6.90E-06 6.97E-06                                                              9.801E-03
13334.00  0.9902 6.91E-06 6.98E-06                                                              9.810E-03
13335.00  0.9902 6.93E-06 7.00E-06                                                              9.820E-03
13336.00  0.9902 6.71E-06 6.77E-06                                                              9.829E-03
13337.00  0.9902 6.51E-06 6.58E-06                                                              9.838E-03
13338.00  0.9902 6.47E-06 6.54E-06                                                              9.847E-03
13339.00  0.9902 6.46E-06 6.53E-06                                                              9.857E-03
13340.00  0.9902 6.51E-06 6.58E-06                                                              9.866E-03
13341.00  0.9902 6.73E-06 6.80E-06                                                              9.874E-03
13342.00  0.9902 6.84E-06 6.91E-06                                                              9.883E-03
13343.00  0.9902 6.78E-06 6.85E-06                                                              9.892E-03
13344.00  0.9901 6.78E-06 6.84E-06                                                              9.901E-03
13345.00  0.9901 6.78E-06 6.85E-06                                                              9.910E-03
13346.00  0.9901 6.76E-06 6.83E-06                                                              9.919E-03
13347.00  0.9901 6.83E-06 6.90E-06                                                              9.928E-03
13348.00  0.9901 6.94E-06 7.01E-06                                                              9.936E-03
13349.00  0.9901 6.96E-06 7.03E-06                                                              9.945E-03
13350.00  0.9901 6.97E-06 7.04E-06                                                              9.954E-03
13351.00  0.9901 7.00E-06 7.07E-06                                                              9.961E-03
13352.00  0.9901 7.01E-06 7.08E-06                                                              9.967E-03
13353.00  0.9901 7.00E-06 7.07E-06                                                              9.974E-03
13354.00  0.9901 6.98E-06 7.05E-06                                                              9.980E-03
13355.00  0.9901 6.95E-06 7.02E-06                                                              9.986E-03
13356.00  0.9901 6.91E-06 6.97E-06                                                              9.992E-03
13357.00  0.9901 6.84E-06 6.91E-06                                                              9.998E-03
13358.00  0.9900 6.83E-06 6.90E-06                                                              1.000E-02
13359.00  0.9900 6.82E-06 6.89E-06                                                              1.001E-02
13360.00  0.9900 6.80E-06 6.86E-06                                                              1.002E-02
13361.00  0.9900 6.82E-06 6.89E-06                                                              1.002E-02
13362.00  0.9900 6.89E-06 6.96E-06                                                              1.003E-02
13363.00  0.9900 6.90E-06 6.97E-06                                                              1.003E-02
13364.00  0.9900 6.90E-06 6.97E-06                                                              1.004E-02
13365.00  0.9900 6.93E-06 7.00E-06                                                              1.005E-02
13366.00  0.9900 6.93E-06 7.00E-06                                                              1.005E-02
13367.00  0.9900 6.93E-06 7.00E-06                                                              1.006E-02
13368.00  0.9900 6.91E-06 6.98E-06                                                              1.006E-02
13369.00  0.9900 6.93E-06 7.00E-06                                                              1.007E-02
13370.00  0.9900 6.87E-06 6.94E-06                                                              1.007E-02
13371.00  0.9900 6.87E-06 6.93E-06                                                              1.007E-02
13372.00  0.9900 6.86E-06 6.92E-06                                                              1.008E-02
13373.00  0.9900 6.85E-06 6.92E-06                                                              1.008E-02
13374.00  0.9900 6.85E-06 6.92E-06                                                              1.009E-02
13375.00  0.9900 6.82E-06 6.88E-06                                                              1.009E-02
13376.00  0.9900 6.81E-06 6.88E-06                                                              1.009E-02
13377.00  0.9900 6.82E-06 6.88E-06                                                              1.010E-02
13378.00  0.9900 6.81E-06 6.88E-06                                                              1.010E-02
13379.00  0.9899 6.83E-06 6.90E-06                                                              1.010E-02
13380.00  0.9899 6.93E-06 7.00E-06                                                              1.011E-02
13381.00  0.9899 6.96E-06 7.03E-06                                                              1.011E-02
13382.00  0.9899 6.97E-06 7.04E-06                                                              1.011E-02
13383.00  0.9899 6.97E-06 7.05E-06                                                              1.012E-02
13384.00  0.9899 6.97E-06 7.04E-06                                                              1.012E-02
13385.00  0.9899 6.97E-06 7.04E-06                                                              1.013E-02
13386.00  0.9899 6.96E-06 7.03E-06                                                              1.013E-02
13387.00  0.9899 6.96E-06 7.03E-06                                                              1.013E-02
13388.00  0.9899 6.99E-06 7.06E-06                                                              1.013E-02
13389.00  0.9899 7.00E-06 7.08E-06                                                              1.014E-02
13390.00  0.9899 7.01E-06 7.08E-06                                                              1.014E-02
13391.00  0.9899 7.01E-06 7.08E-06                                                              1.014E-02
13392.00  0.9899 7.01E-06 7.08E-06                                                              1.014E-02
13393.00  0.9899 6.99E-06 7.06E-06                                                              1.014E-02
13394.00  0.9899 6.95E-06 7.02E-06                                                              1.014E-02
13395.00  0.9899 6.72E-06 6.79E-06                                                              1.014E-02
13396.00  0.9899 6.61E-06 6.68E-06                                                              1.015E-02
13397.00  0.9899 6.58E-06 6.65E-06                                                              1.015E-02
13398.00  0.9899 6.59E-06 6.66E-06                                                              1.015E-02
13399.00  0.9899 6.63E-06 6.69E-06                                                              1.015E-02
13400.00  0.9899 6.84E-06 6.91E-06                                                              1.016E-02
13401.00  0.9899 6.96E-06 7.03E-06                                                              1.016E-02
13402.00  0.9899 6.99E-06 7.06E-06                                                              1.016E-02
13403.00  0.9899 6.99E-06 7.06E-06                                                              1.016E-02
13404.00  0.9899 6.98E-06 7.05E-06                                                              1.016E-02
13405.00  0.9899 6.99E-06 7.06E-06                                                              1.016E-02
13406.00  0.9899 6.99E-06 7.06E-06                                                              1.016E-02
13407.00  0.9899 7.00E-06 7.07E-06                                                              1.016E-02
13408.00  0.9899 7.00E-06 7.08E-06                                                              1.016E-02
13409.00  0.9899 7.01E-06 7.08E-06                                                              1.016E-02
13410.00  0.9899 6.95E-06 7.02E-06                                                              1.016E-02
13411.00  0.9899 6.89E-06 6.96E-06                                                              1.016E-02
13412.00  0.9899 6.87E-06 6.94E-06                                                              1.016E-02
13413.00  0.9899 6.85E-06 6.92E-06                                                              1.016E-02
13414.00  0.9899 6.84E-06 6.91E-06                                                              1.016E-02
13415.00  0.9899 6.89E-06 6.96E-06                                                              1.016E-02
13416.00  0.9899 6.92E-06 6.99E-06                                                              1.016E-02
13417.00  0.9899 6.91E-06 6.98E-06                                                              1.016E-02
13418.00  0.9899 6.87E-06 6.94E-06                                                              1.016E-02
13419.00  0.9899 6.86E-06 6.93E-06                                                              1.016E-02
13420.00  0.9899 6.81E-06 6.88E-06                                                              1.016E-02
13421.00  0.9899 6.81E-06 6.88E-06                                                              1.016E-02
13422.00  0.9899 6.77E-06 6.84E-06                                                              1.016E-02
13423.00  0.9899 6.82E-06 6.89E-06                                                              1.016E-02
13424.00  0.9899 6.78E-06 6.85E-06                                                              1.016E-02
13425.00  0.9899 6.53E-06 6.60E-06                                                              1.016E-02
13426.00  0.9899 6.50E-06 6.57E-06                                                              1.016E-02
13427.00  0.9899 6.56E-06 6.62E-06                                                              1.016E-02
13428.00  0.9899 6.57E-06 6.64E-06                                                              1.016E-02
13429.00  0.9899 6.59E-06 6.66E-06                                                              1.016E-02
13430.00  0.9899 6.74E-06 6.80E-06                                                              1.016E-02
13431.00  0.9899 6.77E-06 6.84E-06                                                              1.016E-02
13432.00  0.9899 6.75E-06 6.82E-06                                                              1.016E-02
13433.00  0.9899 6.64E-06 6.71E-06                                                              1.016E-02
13434.00  0.9899 6.60E-06 6.67E-06                                                              1.016E-02
13435.00  0.9899 6.74E-06 6.81E-06                                                              1.016E-02
13436.00  0.9899 6.78E-06 6.85E-06                                                              1.016E-02
13437.00  0.9899 6.81E-06 6.88E-06                                                              1.015E-02
13438.00  0.9899 6.91E-06 6.98E-06                                                              1.015E-02
13439.00  0.9899 6.97E-06 7.04E-06                                                              1.015E-02
13440.00  0.9899 6.97E-06 7.04E-06                                                              1.015E-02
13441.00  0.9899 6.96E-06 7.03E-06                                                              1.015E-02
13442.00  0.9899 6.95E-06 7.02E-06                                                              1.015E-02
13443.00  0.9899 6.92E-06 6.99E-06                                                              1.015E-02
13444.00  0.9899 6.95E-06 7.02E-06                                                              1.015E-02
13445.00  0.9899 6.96E-06 7.04E-06                                                              1.015E-02
13446.00  0.9899 6.97E-06 7.05E-06                                                              1.015E-02
13447.00  0.9899 6.97E-06 7.04E-06                                                              1.015E-02
13448.00  0.9899 6.98E-06 7.05E-06                                                              1.014E-02
13449.00  0.9899 6.96E-06 7.04E-06                                                              1.014E-02
13450.00  0.9899 6.94E-06 7.01E-06                                                              1.014E-02
13451.00  0.9899 6.90E-06 6.97E-06                                                              1.014E-02
13452.00  0.9899 6.81E-06 6.88E-06                                                              1.014E-02
13453.00  0.9899 6.79E-06 6.86E-06                                                              1.014E-02
13454.00  0.9899 6.81E-06 6.88E-06                                                              1.014E-02
13455.00  0.9899 6.84E-06 6.91E-06                                                              1.014E-02
13456.00  0.9899 6.88E-06 6.95E-06                                                              1.014E-02
13457.00  0.9899 6.98E-06 7.05E-06                                                              1.013E-02
13458.00  0.9899 7.01E-06 7.09E-06                                                              1.013E-02
13459.00  0.9899 7.02E-06 7.09E-06                                                              1.013E-02
13460.00  0.9899 7.01E-06 7.08E-06                                                              1.013E-02
13461.00  0.9899 7.01E-06 7.08E-06                                                              1.013E-02
13462.00  0.9899 6.99E-06 7.06E-06                                                              1.013E-02
13463.00  0.9899 6.92E-06 6.99E-06                                                              1.013E-02
13464.00  0.9899 6.84E-06 6.91E-06                                                              1.013E-02
13465.00  0.9899 6.59E-06 6.66E-06                                                              1.013E-02
13466.00  0.9899 6.51E-06 6.58E-06                                                              1.013E-02
13467.00  0.9899 6.30E-06 6.37E-06                                                              1.013E-02
13468.00  0.9899 6.31E-06 6.38E-06                                                              1.013E-02
13469.00  0.9899 6.31E-06 6.38E-06                                                              1.013E-02
13470.00  0.9899 6.54E-06 6.61E-06                                                              1.013E-02
13471.00  0.9899 6.61E-06 6.68E-06                                                              1.013E-02
13472.00  0.9899 6.82E-06 6.89E-06                                                              1.013E-02
13473.00  0.9899 6.84E-06 6.91E-06                                                              1.013E-02
13474.00  0.9899 6.69E-06 6.76E-06                                                              1.013E-02
13475.00  0.9899 6.67E-06 6.73E-06                                                              1.013E-02
13476.00  0.9899 6.65E-06 6.72E-06                                                              1.013E-02
13477.00  0.9899 6.66E-06 6.73E-06                                                              1.013E-02
13478.00  0.9899 6.65E-06 6.71E-06                                                              1.013E-02
13479.00  0.9899 6.62E-06 6.69E-06                                                              1.013E-02
13480.00  0.9899 6.54E-06 6.60E-06                                                              1.013E-02
13481.00  0.9899 6.44E-06 6.50E-06                                                              1.012E-02
13482.00  0.9899 6.40E-06 6.47E-06                                                              1.013E-02
13483.00  0.9899 6.43E-06 6.50E-06                                                              1.013E-02
13484.00  0.9899 6.66E-06 6.73E-06                                                              1.012E-02
13485.00  0.9899 6.79E-06 6.86E-06                                                              1.012E-02
13486.00  0.9899 6.89E-06 6.96E-06                                                              1.012E-02
13487.00  0.9899 6.75E-06 6.82E-06                                                              1.012E-02
13488.00  0.9899 6.64E-06 6.71E-06                                                              1.012E-02
13489.00  0.9899 6.63E-06 6.70E-06                                                              1.012E-02
13490.00  0.9899 6.57E-06 6.63E-06                                                              1.012E-02
13491.00  0.9899 6.25E-06 6.31E-06                                                              1.012E-02
13492.00  0.9899 6.36E-06 6.43E-06                                                              1.012E-02
13493.00  0.9899 6.50E-06 6.57E-06                                                              1.012E-02
13494.00  0.9899 6.53E-06 6.59E-06                                                              1.012E-02
13495.00  0.9899 6.58E-06 6.64E-06                                                              1.012E-02
13496.00  0.9899 6.89E-06 6.96E-06                                                              1.012E-02
13497.00  0.9899 6.79E-06 6.86E-06                                                              1.011E-02
13498.00  0.9899 6.75E-06 6.82E-06                                                              1.012E-02
13499.00  0.9899 6.76E-06 6.82E-06                                                              1.011E-02
13500.00  0.9899 6.78E-06 6.85E-06                                                              1.011E-02
13501.00  0.9899 6.81E-06 6.88E-06                                                              1.011E-02
13502.00  0.9899 6.97E-06 7.04E-06                                                              1.011E-02
13503.00  0.9899 7.00E-06 7.07E-06                                                              1.012E-02
13504.00  0.9899 6.96E-06 7.04E-06                                                              1.011E-02
13505.00  0.9899 6.80E-06 6.87E-06                                                              1.011E-02
13506.00  0.9899 6.72E-06 6.78E-06                                                              1.011E-02
13507.00  0.9899 6.56E-06 6.63E-06                                                              1.011E-02
13508.00  0.9899 6.51E-06 6.58E-06                                                              1.011E-02
13509.00  0.9899 6.54E-06 6.61E-06                                                              1.011E-02
13510.00  0.9899 6.68E-06 6.74E-06                                                              1.011E-02
13511.00  0.9899 6.75E-06 6.82E-06                                                              1.012E-02
13512.00  0.9899 6.90E-06 6.97E-06                                                              1.011E-02
13513.00  0.9899 6.93E-06 7.00E-06                                                              1.012E-02
13514.00  0.9899 6.90E-06 6.97E-06                                                              1.012E-02
13515.00  0.9899 6.91E-06 6.98E-06                                                              1.012E-02
13516.00  0.9899 6.90E-06 6.97E-06                                                              1.012E-02
13517.00  0.9899 6.90E-06 6.97E-06                                                              1.013E-02
13518.00  0.9899 6.89E-06 6.96E-06                                                              1.012E-02
13519.00  0.9899 6.78E-06 6.85E-06                                                              1.012E-02
13520.00  0.9899 6.68E-06 6.75E-06                                                              1.012E-02
13521.00  0.9899 6.69E-06 6.76E-06                                                              1.012E-02
13522.00  0.9899 6.69E-06 6.76E-06                                                              1.013E-02
13523.00  0.9899 6.71E-06 6.78E-06                                                              1.013E-02
13524.00  0.9899 6.86E-06 6.93E-06                                                              1.013E-02
13525.00  0.9899 6.96E-06 7.03E-06                                                              1.013E-02
13526.00  0.9899 6.92E-06 6.99E-06                                                              1.015E-02
13527.00  0.9899 6.64E-06 6.71E-06                                                              1.013E-02
13528.00  0.9899 6.58E-06 6.65E-06                                                              1.014E-02
13529.00  0.9899 6.56E-06 6.62E-06                                                              1.013E-02
13530.00  0.9899 6.41E-06 6.47E-06                                                              1.013E-02
13531.00  0.9899 6.38E-06 6.44E-06                                                              1.014E-02
13532.00  0.9899 6.59E-06 6.66E-06                                                              1.014E-02
13533.00  0.9899 6.42E-06 6.49E-06                                                              1.014E-02
13534.00  0.9899 6.39E-06 6.46E-06                                                              1.014E-02
13535.00  0.9899 6.45E-06 6.52E-06                                                              1.014E-02
13536.00  0.9899 6.52E-06 6.58E-06                                                              1.014E-02
13537.00  0.9899 6.58E-06 6.65E-06                                                              1.014E-02
13538.00  0.9899 6.80E-06 6.86E-06                                                              1.015E-02
13539.00  0.9899 6.76E-06 6.83E-06                                                              1.015E-02
13540.00  0.9899 6.82E-06 6.89E-06                                                              1.017E-02
13541.00  0.9899 6.80E-06 6.87E-06                                                              1.015E-02
13542.00  0.9899 6.80E-06 6.87E-06                                                              1.016E-02
13543.00  0.9899 6.81E-06 6.88E-06                                                              1.015E-02
13544.00  0.9899 6.89E-06 6.96E-06                                                              1.016E-02
13545.00  0.9899 6.92E-06 6.99E-06                                                              1.016E-02
13546.00  0.9899 6.88E-06 6.95E-06                                                              1.016E-02
13547.00  0.9899 6.86E-06 6.93E-06                                                              1.016E-02
13548.00  0.9899 6.87E-06 6.94E-06                                                              1.016E-02
13549.00  0.9899 6.87E-06 6.94E-06                                                              1.017E-02
13550.00  0.9899 6.87E-06 6.94E-06                                                              1.017E-02
13551.00  0.9899 6.95E-06 7.02E-06                                                              1.017E-02
13552.00  0.9899 6.95E-06 7.02E-06                                                              1.017E-02
13553.00  0.9899 6.91E-06 6.98E-06                                                              1.017E-02
13554.00  0.9899 6.91E-06 6.98E-06                                                              1.017E-02
13555.00  0.9899 6.91E-06 6.98E-06                                                              1.017E-02
13556.00  0.9899 6.90E-06 6.97E-06                                                              1.018E-02
13557.00  0.9899 6.87E-06 6.94E-06                                                              1.018E-02
13558.00  0.9899 6.90E-06 6.97E-06                                                              1.019E-02
13559.00  0.9899 6.91E-06 6.98E-06                                                              1.019E-02
13560.00  0.9899 6.91E-06 6.98E-06                                                              1.019E-02
13561.00  0.9899 6.92E-06 6.99E-06                                                              1.019E-02
13562.00  0.9898 6.95E-06 7.02E-06                                                              1.021E-02
13563.00  0.9899 6.93E-06 7.00E-06                                                              1.020E-02
13564.00  0.9899 6.91E-06 6.98E-06                                                              1.020E-02
13565.00  0.9898 6.89E-06 6.96E-06                                                              1.020E-02
13566.00  0.9898 6.88E-06 6.95E-06                                                              1.024E-02
13567.00  0.9898 6.90E-06 6.97E-06                                                              1.021E-02
13568.00  0.9898 6.92E-06 6.99E-06                                                              1.023E-02
13569.00  0.9898 6.90E-06 6.97E-06                                                              1.021E-02
13570.00  0.9898 6.91E-06 6.99E-06                                                              1.021E-02
13571.00  0.9898 6.92E-06 6.99E-06                                                              1.022E-02
13572.00  0.9898 6.92E-06 6.99E-06                                                              1.022E-02
13573.00  0.9898 6.90E-06 6.97E-06                                                              1.023E-02
13574.00  0.9898 6.80E-06 6.87E-06                                                              1.022E-02
13575.00  0.9898 6.79E-06 6.86E-06                                                              1.023E-02
13576.00  0.9898 6.75E-06 6.82E-06                                                              1.026E-02
13577.00  0.9898 6.64E-06 6.71E-06                                                              1.023E-02
13578.00  0.9898 6.58E-06 6.65E-06                                                              1.023E-02
13579.00  0.9898 6.70E-06 6.77E-06                                                              1.024E-02
13580.00  0.9898 6.72E-06 6.79E-06                                                              1.025E-02
13581.00  0.9898 6.75E-06 6.81E-06                                                              1.025E-02
13582.00  0.9898 6.85E-06 6.92E-06                                                              1.024E-02
13583.00  0.9898 6.95E-06 7.02E-06                                                              1.028E-02
13584.00  0.9898 6.96E-06 7.03E-06                                                              1.025E-02
13585.00  0.9898 6.92E-06 7.00E-06                                                              1.026E-02
13586.00  0.9898 6.93E-06 7.00E-06                                                              1.025E-02
13587.00  0.9898 6.89E-06 6.96E-06                                                              1.026E-02
13588.00  0.9898 6.84E-06 6.91E-06                                                              1.026E-02
13589.00  0.9898 6.69E-06 6.76E-06                                                              1.028E-02
13590.00  0.9898 6.65E-06 6.72E-06                                                              1.028E-02
13591.00  0.9898 6.61E-06 6.67E-06                                                              1.026E-02
13592.00  0.9898 6.62E-06 6.69E-06                                                              1.027E-02
13593.00  0.9898 6.61E-06 6.68E-06                                                              1.028E-02
13594.00  0.9898 6.76E-06 6.83E-06                                                              1.027E-02
13595.00  0.9898 6.84E-06 6.91E-06                                                              1.028E-02
13596.00  0.9898 6.88E-06 6.95E-06                                                              1.028E-02
13597.00  0.9898 6.77E-06 6.84E-06                                                              1.028E-02
13598.00  0.9898 6.79E-06 6.86E-06                                                              1.028E-02
13599.00  0.9898 6.78E-06 6.85E-06                                                              1.028E-02
13600.00  0.9898 6.77E-06 6.84E-06                                                              1.029E-02
13601.00  0.9898 6.80E-06 6.87E-06                                                              1.029E-02
13602.00  0.9898 6.90E-06 6.98E-06                                                              1.030E-02
13603.00  0.9897 6.93E-06 7.00E-06                                                              1.032E-02
13604.00  0.9898 6.93E-06 7.01E-06                                                              1.030E-02
13605.00  0.9897 6.93E-06 7.00E-06                                                              1.032E-02
13606.00  0.9898 6.92E-06 7.00E-06                                                              1.030E-02
13607.00  0.9897 6.93E-06 7.01E-06                                                              1.030E-02
13608.00  0.9897 6.94E-06 7.01E-06                                                              1.031E-02
13609.00  0.9897 6.91E-06 6.98E-06                                                              1.031E-02
13610.00  0.9897 6.88E-06 6.95E-06                                                              1.031E-02
13611.00  0.9897 6.86E-06 6.93E-06                                                              1.033E-02
13612.00  0.9897 6.86E-06 6.93E-06                                                              1.032E-02
13613.00  0.9897 6.87E-06 6.95E-06                                                              1.036E-02
13614.00  0.9897 6.91E-06 6.99E-06                                                              1.032E-02
13615.00  0.9897 6.96E-06 7.03E-06                                                              1.033E-02
13616.00  0.9897 6.98E-06 7.05E-06                                                              1.033E-02
13617.00  0.9897 6.98E-06 7.05E-06                                                              1.034E-02
13618.00  0.9897 6.96E-06 7.04E-06                                                              1.034E-02
13619.00  0.9897 6.91E-06 6.98E-06                                                              1.034E-02
13620.00  0.9897 6.90E-06 6.97E-06                                                              1.034E-02
13621.00  0.9897 6.90E-06 6.97E-06                                                              1.035E-02
13622.00  0.9897 6.89E-06 6.97E-06                                                              1.035E-02
13623.00  0.9897 6.91E-06 6.98E-06                                                              1.035E-02
13624.00  0.9897 6.96E-06 7.03E-06                                                              1.035E-02
13625.00  0.9897 6.98E-06 7.05E-06                                                              1.036E-02
13626.00  0.9897 6.97E-06 7.04E-06                                                              1.036E-02
13627.00  0.9897 6.97E-06 7.04E-06                                                              1.036E-02
13628.00  0.9897 6.96E-06 7.04E-06                                                              1.037E-02
13629.00  0.9896 6.93E-06 7.01E-06                                                              1.041E-02
13630.00  0.9897 6.82E-06 6.89E-06                                                              1.037E-02
13631.00  0.9897 6.81E-06 6.88E-06                                                              1.038E-02
13632.00  0.9896 6.81E-06 6.88E-06                                                              1.041E-02
13633.00  0.9897 6.80E-06 6.87E-06                                                              1.040E-02
13634.00  0.9897 6.80E-06 6.87E-06                                                              1.039E-02
13635.00  0.9897 6.82E-06 6.89E-06                                                              1.039E-02
13636.00  0.9897 6.79E-06 6.86E-06                                                              1.039E-02
13637.00  0.9896 6.77E-06 6.84E-06                                                              1.042E-02
13638.00  0.9897 6.76E-06 6.83E-06                                                              1.040E-02
13639.00  0.9897 6.78E-06 6.85E-06                                                              1.040E-02
13640.00  0.9896 6.86E-06 6.93E-06                                                              1.041E-02
13641.00  0.9896 6.88E-06 6.95E-06                                                              1.041E-02
13642.00  0.9896 6.89E-06 6.96E-06                                                              1.042E-02
13643.00  0.9896 6.82E-06 6.89E-06                                                              1.042E-02
13644.00  0.9896 6.51E-06 6.58E-06                                                              1.046E-02
13645.00  0.9896 6.46E-06 6.53E-06                                                              1.043E-02
13646.00  0.9896 6.49E-06 6.55E-06                                                              1.043E-02
13647.00  0.9896 6.49E-06 6.56E-06                                                              1.043E-02
13648.00  0.9896 6.58E-06 6.65E-06                                                              1.044E-02
13649.00  0.9896 6.88E-06 6.95E-06                                                              1.045E-02
13650.00  0.9896 6.94E-06 7.01E-06                                                              1.049E-02
13651.00  0.9896 6.94E-06 7.01E-06                                                              1.045E-02
13652.00  0.9896 6.95E-06 7.02E-06                                                              1.046E-02
13653.00  0.9896 6.92E-06 6.99E-06                                                              1.046E-02
13654.00  0.9896 6.71E-06 6.78E-06                                                              1.047E-02
13655.00  0.9896 6.67E-06 6.74E-06                                                              1.047E-02
13656.00  0.9896 6.67E-06 6.74E-06                                                              1.050E-02
13657.00  0.9896 6.67E-06 6.74E-06                                                              1.048E-02
13658.00  0.9896 6.69E-06 6.76E-06                                                              1.048E-02
13659.00  0.9896 6.89E-06 6.96E-06                                                              1.049E-02
13660.00  0.9895 6.89E-06 6.96E-06                                                              1.058E-02
13661.00  0.9895 6.88E-06 6.95E-06                                                              1.053E-02
13662.00  0.9896 6.87E-06 6.95E-06                                                              1.050E-02
13663.00  0.9895 6.88E-06 6.95E-06                                                              1.057E-02
13664.00  0.9895 6.88E-06 6.96E-06                                                              1.051E-02
13665.00  0.9895 6.92E-06 6.99E-06                                                              1.052E-02
13666.00  0.9895 6.92E-06 6.99E-06                                                              1.059E-02
13667.00  0.9895 6.93E-06 7.00E-06                                                              1.052E-02
13668.00  0.9895 6.93E-06 7.01E-06                                                              1.054E-02
13669.00  0.9895 6.94E-06 7.02E-06                                                              1.053E-02
13670.00  0.9895 6.93E-06 7.00E-06                                                              1.056E-02
13671.00  0.9895 6.88E-06 6.95E-06                                                              1.059E-02
13672.00  0.9895 6.66E-06 6.73E-06                                                              1.055E-02
13673.00  0.9895 6.63E-06 6.70E-06                                                              1.056E-02
13674.00  0.9895 6.60E-06 6.67E-06                                                              1.058E-02
13675.00  0.9895 6.60E-06 6.67E-06                                                              1.058E-02
13676.00  0.9895 6.64E-06 6.71E-06                                                              1.059E-02
13677.00  0.9894 6.79E-06 6.86E-06                                                              1.067E-02
13678.00  0.9894 6.57E-06 6.64E-06                                                              1.062E-02
13679.00  0.9895 6.56E-06 6.63E-06                                                              1.060E-02
13680.00  0.9895 6.53E-06 6.60E-06                                                              1.059E-02
13681.00  0.9895 6.47E-06 6.53E-06                                                              1.059E-02
13682.00  0.9895 6.51E-06 6.58E-06                                                              1.060E-02
13683.00  0.9895 6.78E-06 6.85E-06                                                              1.060E-02
13684.00  0.9894 6.84E-06 6.91E-06                                                              1.062E-02
13685.00  0.9894 6.87E-06 6.94E-06                                                              1.061E-02
13686.00  0.9894 6.92E-06 7.00E-06                                                              1.062E-02
13687.00  0.9893 6.92E-06 6.99E-06                                                              1.078E-02
13688.00  0.9894 6.90E-06 6.97E-06                                                              1.063E-02
13689.00  0.9893 6.89E-06 6.97E-06                                                              1.076E-02
13690.00  0.9894 6.89E-06 6.96E-06                                                              1.066E-02
13691.00  0.9894 6.89E-06 6.97E-06                                                              1.068E-02
13692.00  0.9894 6.84E-06 6.91E-06                                                              1.065E-02
13693.00  0.9894 6.84E-06 6.92E-06                                                              1.067E-02
13694.00  0.9894 6.84E-06 6.91E-06                                                              1.066E-02
13695.00  0.9893 6.82E-06 6.89E-06                                                              1.072E-02
13696.00  0.9893 6.76E-06 6.83E-06                                                              1.072E-02
13697.00  0.9894 6.81E-06 6.88E-06                                                              1.068E-02
13698.00  0.9894 6.82E-06 6.90E-06                                                              1.071E-02
13699.00  0.9894 6.84E-06 6.91E-06                                                              1.069E-02
13700.00  0.9894 6.87E-06 6.94E-06                                                              1.070E-02
13701.00  0.9894 6.93E-06 7.01E-06                                                              1.070E-02
13702.00  0.9893 6.90E-06 6.97E-06                                                              1.072E-02
13703.00  0.9893 6.89E-06 6.96E-06                                                              1.074E-02
13704.00  0.9893 6.87E-06 6.95E-06                                                              1.078E-02
13705.00  0.9893 6.83E-06 6.90E-06                                                              1.075E-02
13706.00  0.9893 6.61E-06 6.68E-06                                                              1.074E-02
13707.00  0.9893 6.63E-06 6.70E-06                                                              1.079E-02
13708.00  0.9893 6.62E-06 6.69E-06                                                              1.075E-02
13709.00  0.9893 6.50E-06 6.57E-06                                                              1.078E-02
13710.00  0.9892 6.45E-06 6.52E-06                                                              1.082E-02
13711.00  0.9893 6.63E-06 6.70E-06                                                              1.079E-02
13712.00  0.9892 6.58E-06 6.65E-06                                                              1.084E-02
13713.00  0.9890 6.27E-06 6.34E-06                                                              1.106E-02
13714.00  0.9892 6.16E-06 6.23E-06                                                              1.081E-02
13715.00  0.9893 6.22E-06 6.28E-06                                                              1.080E-02
13716.00  0.9893 6.26E-06 6.33E-06                                                              1.081E-02
13717.00  0.9892 6.34E-06 6.41E-06                                                              1.089E-02
13718.00  0.9892 6.66E-06 6.73E-06                                                              1.082E-02
13719.00  0.9891 6.89E-06 6.96E-06                                                              1.098E-02
13720.00  0.9892 6.87E-06 6.95E-06                                                              1.083E-02
13721.00  0.9892 6.64E-06 6.72E-06                                                              1.084E-02
13722.00  0.9892 6.56E-06 6.63E-06                                                              1.085E-02
13723.00  0.9892 6.53E-06 6.60E-06                                                              1.085E-02
13724.00  0.9892 6.52E-06 6.59E-06                                                              1.086E-02
13725.00  0.9892 6.50E-06 6.57E-06                                                              1.087E-02
13726.00  0.9892 6.64E-06 6.72E-06                                                              1.090E-02
13727.00  0.9892 6.71E-06 6.79E-06                                                              1.088E-02
13728.00  0.9891 6.74E-06 6.82E-06                                                              1.095E-02
13729.00  0.9892 6.76E-06 6.83E-06                                                              1.090E-02
13730.00  0.9891 6.83E-06 6.90E-06                                                              1.091E-02
13731.00  0.9891 6.92E-06 6.99E-06                                                              1.095E-02
13732.00  0.9891 6.91E-06 6.99E-06                                                              1.092E-02
13733.00  0.9891 6.83E-06 6.90E-06                                                              1.096E-02
13734.00  0.9891 6.80E-06 6.88E-06                                                              1.094E-02
13735.00  0.9891 6.79E-06 6.86E-06                                                              1.096E-02
13736.00  0.9890 6.79E-06 6.86E-06                                                              1.102E-02
13737.00  0.9888 6.80E-06 6.88E-06                                                              1.123E-02
13738.00  0.9890 6.87E-06 6.94E-06                                                              1.105E-02
13739.00  0.9890 6.78E-06 6.85E-06                                                              1.105E-02
13740.00  0.9891 6.76E-06 6.83E-06                                                              1.099E-02
13741.00  0.9889 6.75E-06 6.83E-06                                                              1.116E-02
13742.00  0.9891 6.76E-06 6.83E-06                                                              1.099E-02
13743.00  0.9891 6.78E-06 6.85E-06                                                              1.100E-02
13744.00  0.9891 6.88E-06 6.96E-06                                                              1.101E-02
13745.00  0.9890 6.90E-06 6.97E-06                                                              1.102E-02
13746.00  0.9887 6.87E-06 6.95E-06                                                              1.141E-02
13747.00  0.9890 6.87E-06 6.95E-06                                                              1.103E-02
13748.00  0.9890 6.87E-06 6.95E-06                                                              1.104E-02
13749.00  0.9890 6.88E-06 6.96E-06                                                              1.104E-02
13750.00  0.9890 6.91E-06 6.98E-06                                                              1.105E-02
13751.00  0.9890 6.93E-06 7.01E-06                                                              1.109E-02
13752.00  0.9889 6.91E-06 6.99E-06                                                              1.112E-02
13753.00  0.9890 6.90E-06 6.98E-06                                                              1.107E-02
13754.00  0.9890 6.91E-06 6.99E-06                                                              1.108E-02
13755.00  0.9890 6.90E-06 6.98E-06                                                              1.109E-02
13756.00  0.9890 6.89E-06 6.97E-06                                                              1.109E-02
13757.00  0.9890 6.90E-06 6.98E-06                                                              1.109E-02
13758.00  0.9890 6.91E-06 6.99E-06                                                              1.110E-02
13759.00  0.9889 6.90E-06 6.97E-06                                                              1.111E-02
13760.00  0.9885 6.89E-06 6.97E-06                                                              1.153E-02
13761.00  0.9889 6.90E-06 6.98E-06                                                              1.113E-02
13762.00  0.9888 6.91E-06 6.99E-06                                                              1.131E-02
13763.00  0.9889 6.92E-06 7.00E-06                                                              1.113E-02
13764.00  0.9889 6.89E-06 6.97E-06                                                              1.115E-02
13765.00  0.9889 6.66E-06 6.74E-06                                                              1.119E-02
13766.00  0.9889 6.48E-06 6.55E-06                                                              1.117E-02
13767.00  0.9889 6.45E-06 6.52E-06                                                              1.117E-02
13768.00  0.9889 6.43E-06 6.51E-06                                                              1.119E-02
13769.00  0.9889 6.47E-06 6.54E-06                                                              1.120E-02
13770.00  0.9889 6.69E-06 6.76E-06                                                              1.119E-02
13771.00  0.9889 6.87E-06 6.95E-06                                                              1.118E-02
13772.00  0.9889 6.90E-06 6.98E-06                                                              1.119E-02
13773.00  0.9889 6.91E-06 6.99E-06                                                              1.121E-02
13774.00  0.9888 6.92E-06 7.00E-06                                                              1.131E-02
13775.00  0.9888 6.94E-06 7.02E-06                                                              1.124E-02
13776.00  0.9888 6.94E-06 7.01E-06                                                              1.123E-02
13777.00  0.9888 6.90E-06 6.98E-06                                                              1.122E-02
13778.00  0.9888 6.88E-06 6.96E-06                                                              1.123E-02
13779.00  0.9888 6.87E-06 6.95E-06                                                              1.123E-02
13780.00  0.9888 6.86E-06 6.93E-06                                                              1.124E-02
13781.00  0.9888 6.86E-06 6.94E-06                                                              1.125E-02
13782.00  0.9887 6.88E-06 6.96E-06                                                              1.139E-02
13783.00  0.9886 6.88E-06 6.96E-06                                                              1.143E-02
13784.00  0.9888 6.81E-06 6.89E-06                                                              1.131E-02
13785.00  0.9884 6.78E-06 6.86E-06                                                              1.163E-02
13786.00  0.9888 6.66E-06 6.73E-06                                                              1.129E-02
13787.00  0.9888 6.63E-06 6.70E-06                                                              1.129E-02
13788.00  0.9888 6.63E-06 6.70E-06                                                              1.131E-02
13789.00  0.9887 6.71E-06 6.78E-06                                                              1.138E-02
13790.00  0.9887 6.74E-06 6.82E-06                                                              1.132E-02
13791.00  0.9887 6.88E-06 6.96E-06                                                              1.136E-02
13792.00  0.9887 6.93E-06 7.01E-06                                                              1.133E-02
13793.00  0.9887 6.95E-06 7.03E-06                                                              1.134E-02
13794.00  0.9887 6.94E-06 7.02E-06                                                              1.135E-02
13795.00  0.9887 6.91E-06 6.99E-06                                                              1.141E-02
13796.00  0.9887 6.86E-06 6.94E-06                                                              1.136E-02
13797.00  0.9887 6.70E-06 6.78E-06                                                              1.137E-02
13798.00  0.9886 6.66E-06 6.74E-06                                                              1.149E-02
13799.00  0.9887 6.67E-06 6.75E-06                                                              1.138E-02
13800.00  0.9887 6.68E-06 6.76E-06                                                              1.139E-02
13801.00  0.9884 6.73E-06 6.81E-06                                                              1.169E-02
13802.00  0.9886 6.88E-06 6.96E-06                                                              1.150E-02
13803.00  0.9887 6.91E-06 6.99E-06                                                              1.141E-02
13804.00  0.9887 6.91E-06 6.99E-06                                                              1.141E-02
13805.00  0.9886 6.91E-06 6.99E-06                                                              1.142E-02
13806.00  0.9886 6.87E-06 6.95E-06                                                              1.143E-02
13807.00  0.9881 6.76E-06 6.84E-06                                                              1.197E-02
13808.00  0.9886 6.74E-06 6.82E-06                                                              1.144E-02
13809.00  0.9886 6.75E-06 6.83E-06                                                              1.150E-02
13810.00  0.9886 6.76E-06 6.83E-06                                                              1.146E-02
13811.00  0.9886 6.79E-06 6.87E-06                                                              1.146E-02
13812.00  0.9886 6.90E-06 6.98E-06                                                              1.148E-02
13813.00  0.9886 6.91E-06 6.99E-06                                                              1.147E-02
13814.00  0.9886 6.85E-06 6.93E-06                                                              1.148E-02
13815.00  0.9886 6.78E-06 6.85E-06                                                              1.150E-02
13816.00  0.9884 6.77E-06 6.85E-06                                                              1.167E-02
13817.00  0.9886 6.77E-06 6.84E-06                                                              1.151E-02
13818.00  0.9881 6.76E-06 6.85E-06                                                              1.201E-02
13819.00  0.9885 6.82E-06 6.90E-06                                                              1.160E-02
13820.00  0.9885 6.89E-06 6.97E-06                                                              1.153E-02
13821.00  0.9885 6.90E-06 6.98E-06                                                              1.154E-02
13822.00  0.9881 6.91E-06 6.99E-06                                                              1.198E-02
13823.00  0.9884 6.93E-06 7.01E-06                                                              1.163E-02
13824.00  0.9885 6.93E-06 7.01E-06                                                              1.156E-02
13825.00  0.9885 6.93E-06 7.01E-06                                                              1.157E-02
13826.00  0.9885 6.92E-06 7.00E-06                                                              1.159E-02
13827.00  0.9885 6.88E-06 6.96E-06                                                              1.159E-02
13828.00  0.9885 6.86E-06 6.94E-06                                                              1.160E-02
13829.00  0.9885 6.85E-06 6.93E-06                                                              1.160E-02
13830.00  0.9885 6.80E-06 6.88E-06                                                              1.161E-02
13831.00  0.9884 6.80E-06 6.88E-06                                                              1.163E-02
13832.00  0.9883 6.81E-06 6.89E-06                                                              1.178E-02
13833.00  0.9884 6.77E-06 6.85E-06                                                              1.164E-02
13834.00  0.9884 6.78E-06 6.86E-06                                                              1.164E-02
13835.00  0.9884 6.82E-06 6.90E-06                                                              1.165E-02
13836.00  0.9884 6.75E-06 6.83E-06                                                              1.166E-02
13837.00  0.9884 6.67E-06 6.75E-06                                                              1.167E-02
13838.00  0.9884 6.52E-06 6.59E-06                                                              1.167E-02
13839.00  0.9884 6.38E-06 6.46E-06                                                              1.168E-02
13840.00  0.9882 6.32E-06 6.39E-06                                                              1.187E-02
13841.00  0.9884 6.38E-06 6.45E-06                                                              1.170E-02
13842.00  0.9884 6.41E-06 6.49E-06                                                              1.170E-02
13843.00  0.9884 6.61E-06 6.68E-06                                                              1.171E-02
13844.00  0.9883 6.73E-06 6.81E-06                                                              1.172E-02
13845.00  0.9883 6.70E-06 6.78E-06                                                              1.173E-02
13846.00  0.9883 6.70E-06 6.77E-06                                                              1.174E-02
13847.00  0.9883 6.73E-06 6.81E-06                                                              1.174E-02
13848.00  0.9883 6.73E-06 6.81E-06                                                              1.176E-02
13849.00  0.9883 6.74E-06 6.82E-06                                                              1.176E-02
13850.00  0.9883 6.85E-06 6.93E-06                                                              1.180E-02
13851.00  0.9883 6.86E-06 6.94E-06                                                              1.178E-02
13852.00  0.9883 6.85E-06 6.93E-06                                                              1.179E-02
13853.00  0.9882 6.87E-06 6.95E-06                                                              1.192E-02
13854.00  0.9883 6.86E-06 6.94E-06                                                              1.181E-02
13855.00  0.9883 6.80E-06 6.88E-06                                                              1.182E-02
13856.00  0.9882 6.78E-06 6.86E-06                                                              1.182E-02
13857.00  0.9882 6.81E-06 6.89E-06                                                              1.183E-02
13858.00  0.9882 6.79E-06 6.87E-06                                                              1.184E-02
13859.00  0.9882 6.72E-06 6.80E-06                                                              1.185E-02
13860.00  0.9882 6.76E-06 6.84E-06                                                              1.186E-02
13861.00  0.9882 6.78E-06 6.86E-06                                                              1.187E-02
13862.00  0.9882 6.80E-06 6.88E-06                                                              1.189E-02
13863.00  0.9882 6.81E-06 6.89E-06                                                              1.192E-02
13864.00  0.9882 6.88E-06 6.96E-06                                                              1.190E-02
13865.00  0.9882 6.78E-06 6.86E-06                                                              1.191E-02
13866.00  0.9882 6.75E-06 6.83E-06                                                              1.192E-02
13867.00  0.9880 6.71E-06 6.79E-06                                                              1.207E-02
13868.00  0.9881 6.62E-06 6.70E-06                                                              1.193E-02
13869.00  0.9881 6.17E-06 6.24E-06                                                              1.195E-02
13870.00  0.9881 6.16E-06 6.23E-06                                                              1.196E-02
13871.00  0.9881 6.16E-06 6.24E-06                                                              1.196E-02
13872.00  0.9881 6.19E-06 6.27E-06                                                              1.198E-02
13873.00  0.9875 6.29E-06 6.37E-06                                                              1.256E-02
13874.00  0.9881 6.77E-06 6.85E-06                                                              1.200E-02
13875.00  0.9881 6.89E-06 6.98E-06                                                              1.200E-02
13876.00  0.9881 6.92E-06 7.00E-06                                                              1.202E-02
13877.00  0.9876 6.91E-06 6.99E-06                                                              1.245E-02
13878.00  0.9880 6.88E-06 6.96E-06                                                              1.208E-02
13879.00  0.9880 6.70E-06 6.78E-06                                                              1.204E-02
13880.00  0.9880 6.66E-06 6.74E-06                                                              1.206E-02
13881.00  0.9880 6.65E-06 6.74E-06                                                              1.206E-02
13882.00  0.9880 6.65E-06 6.74E-06                                                              1.210E-02
13883.00  0.9875 6.68E-06 6.76E-06                                                              1.256E-02
13884.00  0.9877 6.87E-06 6.95E-06                                                              1.241E-02
13885.00  0.9880 6.89E-06 6.97E-06                                                              1.211E-02
13886.00  0.9880 6.89E-06 6.97E-06                                                              1.211E-02
13887.00  0.9879 6.89E-06 6.98E-06                                                              1.212E-02
13888.00  0.9878 6.86E-06 6.95E-06                                                              1.227E-02
13889.00  0.9879 6.67E-06 6.75E-06                                                              1.222E-02
13890.00  0.9878 6.65E-06 6.73E-06                                                              1.225E-02
13891.00  0.9879 6.65E-06 6.74E-06                                                              1.216E-02
13892.00  0.9879 6.65E-06 6.73E-06                                                              1.218E-02
13893.00  0.9879 6.60E-06 6.68E-06                                                              1.222E-02
13894.00  0.9879 6.76E-06 6.85E-06                                                              1.220E-02
13895.00  0.9878 6.66E-06 6.74E-06                                                              1.229E-02
13896.00  0.9879 6.49E-06 6.57E-06                                                              1.222E-02
13897.00  0.9875 6.45E-06 6.53E-06                                                              1.256E-02
13898.00  0.9878 6.51E-06 6.59E-06                                                              1.226E-02
13899.00  0.9878 6.44E-06 6.52E-06                                                              1.224E-02
13900.00  0.9878 6.56E-06 6.64E-06                                                              1.231E-02
13901.00  0.9877 6.72E-06 6.81E-06                                                              1.237E-02
13902.00  0.9873 6.67E-06 6.76E-06                                                              1.278E-02
13903.00  0.9878 6.62E-06 6.70E-06                                                              1.229E-02
13904.00  0.9878 6.55E-06 6.64E-06                                                              1.229E-02
13905.00  0.9878 6.53E-06 6.61E-06                                                              1.230E-02
13906.00  0.9878 6.49E-06 6.57E-06                                                              1.232E-02
13907.00  0.9877 6.37E-06 6.45E-06                                                              1.233E-02
13908.00  0.9877 6.16E-06 6.24E-06                                                              1.233E-02
13909.00  0.9873 6.25E-06 6.33E-06                                                              1.273E-02
13910.00  0.9876 6.29E-06 6.37E-06                                                              1.244E-02
13911.00  0.9875 6.32E-06 6.40E-06                                                              1.261E-02
13912.00  0.9876 6.47E-06 6.55E-06                                                              1.251E-02
13913.00  0.9877 6.72E-06 6.80E-06                                                              1.238E-02
13914.00  0.9877 6.79E-06 6.87E-06                                                              1.240E-02
13915.00  0.9871 6.79E-06 6.88E-06                                                              1.300E-02
13916.00  0.9877 6.81E-06 6.90E-06                                                              1.241E-02
13917.00  0.9877 6.85E-06 6.93E-06                                                              1.242E-02
13918.00  0.9876 6.70E-06 6.79E-06                                                              1.244E-02
13919.00  0.9876 6.51E-06 6.59E-06                                                              1.244E-02
13920.00  0.9876 6.42E-06 6.50E-06                                                              1.252E-02
13921.00  0.9874 6.38E-06 6.46E-06                                                              1.270E-02
13922.00  0.9876 6.28E-06 6.36E-06                                                              1.247E-02
13923.00  0.9876 6.43E-06 6.51E-06                                                              1.248E-02
13924.00  0.9876 6.62E-06 6.70E-06                                                              1.249E-02
13925.00  0.9876 6.71E-06 6.79E-06                                                              1.251E-02
13926.00  0.9876 6.72E-06 6.80E-06                                                              1.251E-02
13927.00  0.9875 6.82E-06 6.91E-06                                                              1.255E-02
13928.00  0.9875 6.73E-06 6.82E-06                                                              1.260E-02
13929.00  0.9873 6.68E-06 6.77E-06                                                              1.274E-02
13930.00  0.9875 6.58E-06 6.66E-06                                                              1.256E-02
13931.00  0.9875 6.58E-06 6.67E-06                                                              1.261E-02
13932.00  0.9875 6.60E-06 6.69E-06                                                              1.260E-02
13933.00  0.9875 6.73E-06 6.81E-06                                                              1.257E-02
13934.00  0.9875 6.78E-06 6.86E-06                                                              1.258E-02
13935.00  0.9875 6.88E-06 6.97E-06                                                              1.263E-02
13936.00  0.9874 6.90E-06 6.98E-06                                                              1.265E-02
13937.00  0.9874 6.90E-06 6.99E-06                                                              1.266E-02
13938.00  0.9874 6.89E-06 6.98E-06                                                              1.272E-02
13939.00  0.9875 6.86E-06 6.95E-06                                                              1.263E-02
13940.00  0.9875 6.81E-06 6.90E-06                                                              1.263E-02
13941.00  0.9874 6.81E-06 6.89E-06                                                              1.265E-02
13942.00  0.9874 6.81E-06 6.89E-06                                                              1.270E-02
13943.00  0.9874 6.80E-06 6.89E-06                                                              1.269E-02
13944.00  0.9874 6.83E-06 6.92E-06                                                              1.266E-02
13945.00  0.9874 6.87E-06 6.96E-06                                                              1.268E-02
13946.00  0.9874 6.87E-06 6.95E-06                                                              1.268E-02
13947.00  0.9873 6.86E-06 6.95E-06                                                              1.278E-02
13948.00  0.9874 6.84E-06 6.93E-06                                                              1.272E-02
13949.00  0.9874 6.80E-06 6.88E-06                                                              1.270E-02
13950.00  0.9874 6.60E-06 6.69E-06                                                              1.271E-02
13951.00  0.9874 6.46E-06 6.55E-06                                                              1.272E-02
13952.00  0.9874 6.15E-06 6.22E-06                                                              1.272E-02
13953.00  0.9874 6.11E-06 6.19E-06                                                              1.273E-02
13954.00  0.9873 6.14E-06 6.22E-06                                                              1.275E-02
13955.00  0.9873 6.33E-06 6.41E-06                                                              1.275E-02
13956.00  0.9873 6.44E-06 6.53E-06                                                              1.275E-02
13957.00  0.9873 6.75E-06 6.84E-06                                                              1.276E-02
13958.00  0.9873 6.80E-06 6.88E-06                                                              1.276E-02
13959.00  0.9873 6.79E-06 6.88E-06                                                              1.278E-02
13960.00  0.9873 6.77E-06 6.86E-06                                                              1.278E-02
13961.00  0.9873 6.81E-06 6.89E-06                                                              1.278E-02
13962.00  0.9873 6.81E-06 6.90E-06                                                              1.279E-02
13963.00  0.9873 6.82E-06 6.91E-06                                                              1.280E-02
13964.00  0.9873 6.82E-06 6.91E-06                                                              1.282E-02
13965.00  0.9873 6.84E-06 6.93E-06                                                              1.282E-02
13966.00  0.9873 6.86E-06 6.95E-06                                                              1.282E-02
13967.00  0.9873 6.86E-06 6.95E-06                                                              1.282E-02
13968.00  0.9873 6.84E-06 6.93E-06                                                              1.283E-02
13969.00  0.9872 6.72E-06 6.80E-06                                                              1.283E-02
13970.00  0.9872 6.68E-06 6.77E-06                                                              1.285E-02
13971.00  0.9872 6.66E-06 6.75E-06                                                              1.285E-02
13972.00  0.9872 6.65E-06 6.74E-06                                                              1.285E-02
13973.00  0.9872 6.68E-06 6.77E-06                                                              1.285E-02
13974.00  0.9872 6.83E-06 6.92E-06                                                              1.286E-02
13975.00  0.9872 6.87E-06 6.96E-06                                                              1.287E-02
13976.00  0.9872 6.86E-06 6.95E-06                                                              1.287E-02
13977.00  0.9872 6.70E-06 6.79E-06                                                              1.287E-02
13978.00  0.9872 6.66E-06 6.75E-06                                                              1.288E-02
13979.00  0.9872 6.65E-06 6.74E-06                                                              1.289E-02
13980.00  0.9872 6.62E-06 6.70E-06                                                              1.290E-02
13981.00  0.9872 6.62E-06 6.71E-06                                                              1.290E-02
13982.00  0.9872 6.76E-06 6.84E-06                                                              1.290E-02
13983.00  0.9872 6.63E-06 6.71E-06                                                              1.291E-02
13984.00  0.9872 6.23E-06 6.31E-06                                                              1.291E-02
13985.00  0.9872 6.14E-06 6.22E-06                                                              1.291E-02
13986.00  0.9872 6.15E-06 6.23E-06                                                              1.292E-02
13987.00  0.9871 6.17E-06 6.25E-06                                                              1.295E-02
13988.00  0.9872 6.31E-06 6.39E-06                                                              1.293E-02
13989.00  0.9872 6.64E-06 6.73E-06                                                              1.293E-02
13990.00  0.9871 6.74E-06 6.83E-06                                                              1.294E-02
13991.00  0.9871 6.75E-06 6.84E-06                                                              1.294E-02
13992.00  0.9871 6.75E-06 6.84E-06                                                              1.294E-02
13993.00  0.9871 6.78E-06 6.87E-06                                                              1.295E-02
13994.00  0.9871 6.84E-06 6.93E-06                                                              1.295E-02
13995.00  0.9871 6.76E-06 6.85E-06                                                              1.296E-02
13996.00  0.9871 6.74E-06 6.83E-06                                                              1.297E-02
13997.00  0.9871 6.74E-06 6.83E-06                                                              1.296E-02
13998.00  0.9871 6.75E-06 6.84E-06                                                              1.297E-02
13999.00  0.9871 6.76E-06 6.84E-06                                                              1.297E-02
14000.00  0.9871 6.83E-06 6.92E-06                                                              1.298E-02
14001.00  0.9871 6.83E-06 6.92E-06                                                              1.298E-02
14002.00  0.9871 6.82E-06 6.91E-06                                                              1.298E-02
14003.00  0.9871 6.82E-06 6.91E-06                                                              1.299E-02
14004.00  0.9871 6.84E-06 6.92E-06                                                              1.299E-02
14005.00  0.9871 6.85E-06 6.94E-06                                                              1.300E-02
14006.00  0.9871 6.86E-06 6.95E-06                                                              1.300E-02
14007.00  0.9871 6.86E-06 6.95E-06                                                              1.302E-02
14008.00  0.9871 6.82E-06 6.91E-06                                                              1.300E-02
14009.00  0.9871 6.81E-06 6.90E-06                                                              1.301E-02
14010.00  0.9871 6.82E-06 6.91E-06                                                              1.301E-02
14011.00  0.9871 6.82E-06 6.90E-06                                                              1.301E-02
14012.00  0.9871 6.82E-06 6.91E-06                                                              1.301E-02
14013.00  0.9871 6.79E-06 6.88E-06                                                              1.302E-02
14014.00  0.9871 6.72E-06 6.81E-06                                                              1.302E-02
14015.00  0.9871 6.70E-06 6.79E-06                                                              1.302E-02
14016.00  0.9871 6.69E-06 6.78E-06                                                              1.303E-02
14017.00  0.9871 6.61E-06 6.69E-06                                                              1.303E-02
14018.00  0.9871 6.48E-06 6.56E-06                                                              1.303E-02
14019.00  0.9871 6.47E-06 6.55E-06                                                              1.303E-02
14020.00  0.9870 6.46E-06 6.54E-06                                                              1.304E-02
14021.00  0.9870 6.43E-06 6.51E-06                                                              1.304E-02
14022.00  0.9870 6.52E-06 6.60E-06                                                              1.304E-02
14023.00  0.9870 6.71E-06 6.80E-06                                                              1.305E-02
14024.00  0.9870 6.75E-06 6.84E-06                                                              1.304E-02
14025.00  0.9870 6.77E-06 6.85E-06                                                              1.305E-02
14026.00  0.9870 6.80E-06 6.89E-06                                                              1.305E-02
14027.00  0.9870 6.78E-06 6.87E-06                                                              1.305E-02
14028.00  0.9870 6.76E-06 6.85E-06                                                              1.306E-02
14029.00  0.9870 6.74E-06 6.82E-06                                                              1.306E-02
14030.00  0.9870 6.74E-06 6.83E-06                                                              1.306E-02
14031.00  0.9870 6.74E-06 6.83E-06                                                              1.307E-02
14032.00  0.9870 6.76E-06 6.85E-06                                                              1.307E-02
14033.00  0.9870 6.78E-06 6.87E-06                                                              1.308E-02
14034.00  0.9870 6.80E-06 6.89E-06                                                              1.308E-02
14035.00  0.9870 6.57E-06 6.66E-06                                                              1.308E-02
14036.00  0.9870 6.53E-06 6.62E-06                                                              1.309E-02
14037.00  0.9870 6.54E-06 6.63E-06                                                              1.309E-02
14038.00  0.9870 6.54E-06 6.62E-06                                                              1.309E-02
14039.00  0.9870 6.56E-06 6.65E-06                                                              1.310E-02
14040.00  0.9870 6.77E-06 6.86E-06                                                              1.310E-02
14041.00  0.9870 6.81E-06 6.90E-06                                                              1.311E-02
14042.00  0.9870 6.80E-06 6.89E-06                                                              1.311E-02
14043.00  0.9870 6.76E-06 6.85E-06                                                              1.311E-02
14044.00  0.9870 6.77E-06 6.86E-06                                                              1.313E-02
14045.00  0.9870 6.76E-06 6.85E-06                                                              1.312E-02
14046.00  0.9870 6.75E-06 6.83E-06                                                              1.312E-02
14047.00  0.9870 6.75E-06 6.83E-06                                                              1.313E-02
14048.00  0.9870 6.76E-06 6.85E-06                                                              1.313E-02
14049.00  0.9869 6.73E-06 6.82E-06                                                              1.314E-02
14050.00  0.9869 6.73E-06 6.81E-06                                                              1.314E-02
14051.00  0.9869 6.73E-06 6.82E-06                                                              1.315E-02
14052.00  0.9869 6.69E-06 6.78E-06                                                              1.315E-02
14053.00  0.9869 6.65E-06 6.74E-06                                                              1.316E-02
14054.00  0.9869 6.66E-06 6.75E-06                                                              1.316E-02
14055.00  0.9869 6.64E-06 6.73E-06                                                              1.316E-02
14056.00  0.9869 6.59E-06 6.68E-06                                                              1.317E-02
14057.00  0.9869 6.55E-06 6.64E-06                                                              1.318E-02
14058.00  0.9869 6.61E-06 6.69E-06                                                              1.318E-02
14059.00  0.9869 6.65E-06 6.74E-06                                                              1.318E-02
14060.00  0.9869 6.71E-06 6.80E-06                                                              1.319E-02
14061.00  0.9869 6.75E-06 6.84E-06                                                              1.319E-02
14062.00  0.9869 6.82E-06 6.92E-06                                                              1.320E-02
14063.00  0.9869 6.82E-06 6.91E-06                                                              1.320E-02
14064.00  0.9869 6.74E-06 6.83E-06                                                              1.320E-02
14065.00  0.9869 6.73E-06 6.82E-06                                                              1.321E-02
14066.00  0.9869 6.75E-06 6.84E-06                                                              1.321E-02
14067.00  0.9869 6.73E-06 6.82E-06                                                              1.321E-02
14068.00  0.9869 6.75E-06 6.84E-06                                                              1.323E-02
14069.00  0.9869 6.83E-06 6.92E-06                                                              1.322E-02
14070.00  0.9869 6.85E-06 6.94E-06                                                              1.323E-02
14071.00  0.9869 6.85E-06 6.94E-06                                                              1.323E-02
14072.00  0.9868 6.86E-06 6.95E-06                                                              1.324E-02
14073.00  0.9868 6.86E-06 6.95E-06                                                              1.324E-02
14074.00  0.9868 6.85E-06 6.95E-06                                                              1.325E-02
14075.00  0.9868 6.84E-06 6.93E-06                                                              1.325E-02
14076.00  0.9868 6.84E-06 6.93E-06                                                              1.326E-02
14077.00  0.9868 6.86E-06 6.95E-06                                                              1.326E-02
14078.00  0.9868 6.84E-06 6.93E-06                                                              1.326E-02
14079.00  0.9868 6.84E-06 6.93E-06                                                              1.327E-02
14080.00  0.9868 6.85E-06 6.95E-06                                                              1.328E-02
14081.00  0.9868 6.85E-06 6.94E-06                                                              1.328E-02
14082.00  0.9868 6.85E-06 6.94E-06                                                              1.328E-02
14083.00  0.9868 6.85E-06 6.95E-06                                                              1.329E-02
14084.00  0.9868 6.82E-06 6.91E-06                                                              1.329E-02
14085.00  0.9868 6.80E-06 6.89E-06                                                              1.330E-02
14086.00  0.9868 6.80E-06 6.89E-06                                                              1.330E-02
14087.00  0.9868 6.78E-06 6.87E-06                                                              1.331E-02
14088.00  0.9868 6.71E-06 6.80E-06                                                              1.331E-02
14089.00  0.9868 6.72E-06 6.81E-06                                                              1.332E-02
14090.00  0.9868 6.74E-06 6.83E-06                                                              1.332E-02
14091.00  0.9868 6.75E-06 6.84E-06                                                              1.334E-02
14092.00  0.9867 6.76E-06 6.85E-06                                                              1.335E-02
14093.00  0.9867 6.82E-06 6.91E-06                                                              1.336E-02
14094.00  0.9867 6.83E-06 6.92E-06                                                              1.338E-02
14095.00  0.9867 6.79E-06 6.88E-06                                                              1.339E-02
14096.00  0.9867 6.78E-06 6.87E-06                                                              1.339E-02
14097.00  0.9867 6.74E-06 6.83E-06                                                              1.340E-02
14098.00  0.9867 6.58E-06 6.67E-06                                                              1.340E-02
14099.00  0.9867 6.51E-06 6.60E-06                                                              1.340E-02
14100.00  0.9867 6.54E-06 6.63E-06                                                              1.340E-02
14101.00  0.9867 6.55E-06 6.64E-06                                                              1.341E-02
14102.00  0.9867 6.59E-06 6.68E-06                                                              1.341E-02
14103.00  0.9867 6.77E-06 6.86E-06                                                              1.342E-02
14104.00  0.9867 6.84E-06 6.93E-06                                                              1.343E-02
14105.00  0.9867 6.80E-06 6.89E-06                                                              1.342E-02
14106.00  0.9867 6.80E-06 6.89E-06                                                              1.343E-02
14107.00  0.9867 6.77E-06 6.87E-06                                                              1.343E-02
14108.00  0.9867 6.68E-06 6.77E-06                                                              1.344E-02
14109.00  0.9866 6.54E-06 6.63E-06                                                              1.344E-02
14110.00  0.9866 6.51E-06 6.60E-06                                                              1.345E-02
14111.00  0.9866 6.47E-06 6.56E-06                                                              1.346E-02
14112.00  0.9866 6.44E-06 6.53E-06                                                              1.346E-02
14113.00  0.9866 6.53E-06 6.62E-06                                                              1.346E-02
14114.00  0.9866 6.67E-06 6.77E-06                                                              1.347E-02
14115.00  0.9866 6.76E-06 6.85E-06                                                              1.348E-02
14116.00  0.9866 6.80E-06 6.89E-06                                                              1.348E-02
14117.00  0.9866 6.86E-06 6.95E-06                                                              1.349E-02
14118.00  0.9866 6.87E-06 6.96E-06                                                              1.350E-02
14119.00  0.9866 6.87E-06 6.96E-06                                                              1.350E-02
14120.00  0.9866 6.86E-06 6.96E-06                                                              1.350E-02
14121.00  0.9866 6.86E-06 6.96E-06                                                              1.352E-02
14122.00  0.9866 6.87E-06 6.96E-06                                                              1.352E-02
14123.00  0.9866 6.87E-06 6.96E-06                                                              1.353E-02
14124.00  0.9865 6.87E-06 6.96E-06                                                              1.354E-02
14125.00  0.9865 6.87E-06 6.96E-06                                                              1.355E-02
14126.00  0.9865 6.87E-06 6.96E-06                                                              1.355E-02
14127.00  0.9865 6.86E-06 6.96E-06                                                              1.356E-02
14128.00  0.9865 6.86E-06 6.95E-06                                                              1.357E-02
14129.00  0.9865 6.86E-06 6.95E-06                                                              1.358E-02
14130.00  0.9865 6.86E-06 6.96E-06                                                              1.359E-02
14131.00  0.9865 6.87E-06 6.96E-06                                                              1.359E-02
14132.00  0.9865 6.85E-06 6.95E-06                                                              1.360E-02
14133.00  0.9865 6.81E-06 6.90E-06                                                              1.360E-02
14134.00  0.9865 6.79E-06 6.88E-06                                                              1.361E-02
14135.00  0.9865 6.70E-06 6.80E-06                                                              1.361E-02
14136.00  0.9865 6.69E-06 6.78E-06                                                              1.362E-02
14137.00  0.9865 6.70E-06 6.80E-06                                                              1.362E-02
14138.00  0.9865 6.72E-06 6.82E-06                                                              1.363E-02
14139.00  0.9865 6.63E-06 6.72E-06                                                              1.364E-02
14140.00  0.9865 6.67E-06 6.76E-06                                                              1.364E-02
14141.00  0.9864 6.53E-06 6.62E-06                                                              1.364E-02
14142.00  0.9864 6.32E-06 6.40E-06                                                              1.364E-02
14143.00  0.9864 6.29E-06 6.37E-06                                                              1.365E-02
14144.00  0.9864 6.39E-06 6.48E-06                                                              1.365E-02
14145.00  0.9864 6.42E-06 6.51E-06                                                              1.365E-02
14146.00  0.9864 6.54E-06 6.63E-06                                                              1.366E-02
14147.00  0.9864 6.75E-06 6.84E-06                                                              1.367E-02
14148.00  0.9864 6.79E-06 6.89E-06                                                              1.367E-02
14149.00  0.9864 6.81E-06 6.90E-06                                                              1.369E-02
14150.00  0.9864 6.81E-06 6.91E-06                                                              1.369E-02
14151.00  0.9864 6.84E-06 6.93E-06                                                              1.370E-02
14152.00  0.9864 6.83E-06 6.92E-06                                                              1.370E-02
14153.00  0.9864 6.81E-06 6.90E-06                                                              1.371E-02
14154.00  0.9864 6.80E-06 6.89E-06                                                              1.372E-02
14155.00  0.9864 6.81E-06 6.90E-06                                                              1.372E-02
14156.00  0.9864 6.81E-06 6.90E-06                                                              1.372E-02
14157.00  0.9864 6.78E-06 6.87E-06                                                              1.374E-02
14158.00  0.9864 6.71E-06 6.80E-06                                                              1.373E-02
14159.00  0.9864 6.69E-06 6.79E-06                                                              1.374E-02
14160.00  0.9863 6.69E-06 6.78E-06                                                              1.374E-02
14161.00  0.9863 6.69E-06 6.79E-06                                                              1.375E-02
14162.00  0.9863 6.69E-06 6.78E-06                                                              1.375E-02
14163.00  0.9863 6.76E-06 6.86E-06                                                              1.376E-02
14164.00  0.9863 6.77E-06 6.87E-06                                                              1.377E-02
14165.00  0.9863 6.76E-06 6.86E-06                                                              1.377E-02
14166.00  0.9863 6.70E-06 6.80E-06                                                              1.379E-02
14167.00  0.9863 6.69E-06 6.79E-06                                                              1.378E-02
14168.00  0.9863 6.70E-06 6.79E-06                                                              1.379E-02
14169.00  0.9863 6.70E-06 6.79E-06                                                              1.379E-02
14170.00  0.9863 6.69E-06 6.79E-06                                                              1.379E-02
14171.00  0.9863 6.75E-06 6.85E-06                                                              1.381E-02
14172.00  0.9863 6.80E-06 6.89E-06                                                              1.381E-02
14173.00  0.9863 6.72E-06 6.81E-06                                                              1.382E-02
14174.00  0.9863 6.68E-06 6.78E-06                                                              1.382E-02
14175.00  0.9862 6.69E-06 6.79E-06                                                              1.386E-02
14176.00  0.9862 6.70E-06 6.80E-06                                                              1.385E-02
14177.00  0.9862 6.72E-06 6.81E-06                                                              1.385E-02
14178.00  0.9862 6.81E-06 6.90E-06                                                              1.386E-02
14179.00  0.9862 6.85E-06 6.95E-06                                                              1.389E-02
14180.00  0.9862 6.86E-06 6.96E-06                                                              1.388E-02
14181.00  0.9862 6.86E-06 6.96E-06                                                              1.388E-02
14182.00  0.9862 6.86E-06 6.96E-06                                                              1.389E-02
14183.00  0.9862 6.86E-06 6.96E-06                                                              1.389E-02
14184.00  0.9862 6.87E-06 6.96E-06                                                              1.390E-02
14185.00  0.9862 6.86E-06 6.96E-06                                                              1.390E-02
14186.00  0.9862 6.86E-06 6.96E-06                                                              1.391E-02
14187.00  0.9862 6.86E-06 6.95E-06                                                              1.392E-02
14188.00  0.9862 6.83E-06 6.93E-06                                                              1.392E-02
14189.00  0.9862 6.75E-06 6.85E-06                                                              1.392E-02
14190.00  0.9862 6.74E-06 6.83E-06                                                              1.393E-02
14191.00  0.9862 6.74E-06 6.83E-06                                                              1.394E-02
14192.00  0.9862 6.74E-06 6.84E-06                                                              1.395E-02
14193.00  0.9861 6.76E-06 6.86E-06                                                              1.395E-02
14194.00  0.9861 6.84E-06 6.94E-06                                                              1.395E-02
14195.00  0.9861 6.85E-06 6.95E-06                                                              1.396E-02
14196.00  0.9861 6.85E-06 6.94E-06                                                              1.397E-02
14197.00  0.9861 6.85E-06 6.95E-06                                                              1.398E-02
14198.00  0.9861 6.85E-06 6.95E-06                                                              1.398E-02
14199.00  0.9861 6.85E-06 6.95E-06                                                              1.399E-02
14200.00  0.9861 6.84E-06 6.93E-06                                                              1.400E-02
14201.00  0.9860 6.72E-06 6.82E-06                                                              1.405E-02
14202.00  0.9861 6.54E-06 6.63E-06                                                              1.402E-02
14203.00  0.9861 6.50E-06 6.59E-06                                                              1.401E-02
14204.00  0.9861 6.49E-06 6.58E-06                                                              1.402E-02
14205.00  0.9861 6.51E-06 6.60E-06                                                              1.402E-02
14206.00  0.9860 6.63E-06 6.72E-06                                                              1.407E-02
14207.00  0.9861 6.81E-06 6.90E-06                                                              1.404E-02
14208.00  0.9861 6.82E-06 6.92E-06                                                              1.404E-02
14209.00  0.9860 6.71E-06 6.81E-06                                                              1.405E-02
14210.00  0.9860 6.68E-06 6.77E-06                                                              1.406E-02
14211.00  0.9860 6.67E-06 6.77E-06                                                              1.407E-02
14212.00  0.9860 6.66E-06 6.76E-06                                                              1.408E-02
14213.00  0.9860 6.67E-06 6.77E-06                                                              1.409E-02
14214.00  0.9860 6.79E-06 6.88E-06                                                              1.409E-02
14215.00  0.9860 6.81E-06 6.91E-06                                                              1.410E-02
14216.00  0.9860 6.80E-06 6.90E-06                                                              1.411E-02
14217.00  0.9860 6.75E-06 6.84E-06                                                              1.412E-02
14218.00  0.9860 6.75E-06 6.84E-06                                                              1.413E-02
14219.00  0.9860 6.73E-06 6.82E-06                                                              1.413E-02
14220.00  0.9860 6.72E-06 6.81E-06                                                              1.414E-02
14221.00  0.9860 6.66E-06 6.75E-06                                                              1.415E-02
14222.00  0.9860 6.65E-06 6.74E-06                                                              1.415E-02
14223.00  0.9859 6.64E-06 6.73E-06                                                              1.416E-02
14224.00  0.9859 6.63E-06 6.73E-06                                                              1.415E-02
14225.00  0.9859 6.63E-06 6.73E-06                                                              1.418E-02
14226.00  0.9859 6.70E-06 6.79E-06                                                              1.422E-02
14227.00  0.9859 6.77E-06 6.86E-06                                                              1.421E-02
14228.00  0.9859 6.78E-06 6.87E-06                                                              1.419E-02
14229.00  0.9859 6.76E-06 6.86E-06                                                              1.420E-02
14230.00  0.9859 6.64E-06 6.74E-06                                                              1.421E-02
14231.00  0.9859 6.56E-06 6.65E-06                                                              1.422E-02
14232.00  0.9859 6.50E-06 6.60E-06                                                              1.422E-02
14233.00  0.9859 6.34E-06 6.43E-06                                                              1.423E-02
14234.00  0.9858 6.35E-06 6.44E-06                                                              1.429E-02
14235.00  0.9859 6.45E-06 6.54E-06                                                              1.425E-02
14236.00  0.9858 6.54E-06 6.64E-06                                                              1.427E-02
14237.00  0.9858 6.60E-06 6.70E-06                                                              1.426E-02
14238.00  0.9858 6.78E-06 6.88E-06                                                              1.428E-02
14239.00  0.9858 6.81E-06 6.91E-06                                                              1.429E-02
14240.00  0.9858 6.84E-06 6.94E-06                                                              1.430E-02
14241.00  0.9858 6.84E-06 6.94E-06                                                              1.430E-02
14242.00  0.9858 6.84E-06 6.94E-06                                                              1.432E-02
14243.00  0.9858 6.81E-06 6.91E-06                                                              1.432E-02
14244.00  0.9858 6.67E-06 6.77E-06                                                              1.433E-02
14245.00  0.9858 6.59E-06 6.69E-06                                                              1.433E-02
14246.00  0.9858 6.36E-06 6.45E-06                                                              1.435E-02
14247.00  0.9858 6.13E-06 6.22E-06                                                              1.435E-02
14248.00  0.9857 6.13E-06 6.22E-06                                                              1.443E-02
14249.00  0.9857 6.23E-06 6.32E-06                                                              1.438E-02
14250.00  0.9857 6.30E-06 6.39E-06                                                              1.437E-02
14251.00  0.9857 6.53E-06 6.62E-06                                                              1.438E-02
14252.00  0.9857 6.75E-06 6.85E-06                                                              1.438E-02
14253.00  0.9857 6.76E-06 6.85E-06                                                              1.439E-02
14254.00  0.9857 6.63E-06 6.73E-06                                                              1.439E-02
14255.00  0.9857 6.57E-06 6.66E-06                                                              1.440E-02
14256.00  0.9857 6.54E-06 6.64E-06                                                              1.441E-02
14257.00  0.9857 6.51E-06 6.60E-06                                                              1.442E-02
14258.00  0.9857 6.52E-06 6.61E-06                                                              1.442E-02
14259.00  0.9856 6.63E-06 6.72E-06                                                              1.446E-02
14260.00  0.9857 6.69E-06 6.79E-06                                                              1.444E-02
14261.00  0.9857 6.71E-06 6.81E-06                                                              1.444E-02
14262.00  0.9856 6.75E-06 6.85E-06                                                              1.447E-02
14263.00  0.9856 6.74E-06 6.84E-06                                                              1.446E-02
14264.00  0.9856 6.74E-06 6.84E-06                                                              1.446E-02
14265.00  0.9856 6.72E-06 6.82E-06                                                              1.448E-02
14266.00  0.9856 6.70E-06 6.80E-06                                                              1.448E-02
14267.00  0.9856 6.67E-06 6.77E-06                                                              1.450E-02
14268.00  0.9856 6.60E-06 6.70E-06                                                              1.451E-02
14269.00  0.9856 6.62E-06 6.72E-06                                                              1.453E-02
14270.00  0.9856 6.57E-06 6.67E-06                                                              1.454E-02
14271.00  0.9855 6.57E-06 6.66E-06                                                              1.457E-02
14272.00  0.9855 6.52E-06 6.61E-06                                                              1.460E-02
14273.00  0.9855 6.55E-06 6.65E-06                                                              1.457E-02
14274.00  0.9855 6.57E-06 6.67E-06                                                              1.456E-02
14275.00  0.9855 6.65E-06 6.75E-06                                                              1.457E-02
14276.00  0.9855 6.67E-06 6.77E-06                                                              1.458E-02
14277.00  0.9855 6.72E-06 6.81E-06                                                              1.460E-02
14278.00  0.9855 6.74E-06 6.84E-06                                                              1.460E-02
14279.00  0.9855 6.65E-06 6.74E-06                                                              1.461E-02
14280.00  0.9855 6.50E-06 6.59E-06                                                              1.462E-02
14281.00  0.9855 6.47E-06 6.57E-06                                                              1.463E-02
14282.00  0.9855 6.46E-06 6.56E-06                                                              1.463E-02
14283.00  0.9855 6.50E-06 6.60E-06                                                              1.465E-02
14284.00  0.9854 6.61E-06 6.71E-06                                                              1.471E-02
14285.00  0.9854 6.76E-06 6.86E-06                                                              1.466E-02
14286.00  0.9854 6.78E-06 6.88E-06                                                              1.468E-02
14287.00  0.9854 6.82E-06 6.92E-06                                                              1.468E-02
14288.00  0.9854 6.83E-06 6.93E-06                                                              1.469E-02
14289.00  0.9854 6.83E-06 6.93E-06                                                              1.470E-02
14290.00  0.9854 6.82E-06 6.92E-06                                                              1.471E-02
14291.00  0.9854 6.82E-06 6.92E-06                                                              1.471E-02
14292.00  0.9854 6.83E-06 6.93E-06                                                              1.472E-02
14293.00  0.9854 6.82E-06 6.92E-06                                                              1.474E-02
14294.00  0.9853 6.78E-06 6.89E-06                                                              1.477E-02
14295.00  0.9853 6.79E-06 6.89E-06                                                              1.480E-02
14296.00  0.9853 6.79E-06 6.89E-06                                                              1.476E-02
14297.00  0.9853 6.79E-06 6.89E-06                                                              1.476E-02
14298.00  0.9853 6.80E-06 6.90E-06                                                              1.477E-02
14299.00  0.9853 6.82E-06 6.93E-06                                                              1.479E-02
14300.00  0.9853 6.82E-06 6.92E-06                                                              1.480E-02
 -9999.
