
 ********************************************************
 *                                                      *
 *  MODTRAN(R)svn-branch-5.2.1                          *
 *                                                      *
 *  Developed collaboratively by SPECTRAL SCIENCES,     *
 *  INC. (www.spectral.com) and the AIR FORCE RESEARCH  *
 *  LABORATORY (www.vs.afrl.af.mil/Division/VSBYB)      *
 *                                                      *
 *  Please address questions/comments to                *
 *  modtran@spectral.com and/or Gail.Anderson@noaa.gov  *
 *                                                      *
 ********************************************************

 CARD 1  *****T F 2    2    3    0    2    2    2    2    2    2    1    0    0   0.0000.00000

 PROGRAM WILL COMPUTE DIRECTLY TRANSMITTED SOLAR IRRADIANCE

 ATMOSPHERIC MODEL
         TEMPERATURE =    2     MID-LATITUDE SUMMER 
         WATER VAPOR =    2     MID-LATITUDE SUMMER 
         OZONE       =    2     MID-LATITUDE SUMMER 
                      M4 =     2 M5 =     2 M6 =     2 MDEF =     1

 CARD 1A *****FFF  1 0.0 360.00000  0.000000  0.0000000F F F F F     0.000    0.0000    0.0000    0.0000    0.0000         0

 MOLECULAR BAND MODEL DATA FILES
 -------------------------------
 DATA/01_2009c.bn4
 DATA/01_2009t.bin

 CFC BAND MODEL DATA FILE:               DATA/CFC04_01.ASC                                                                                                                                                                                                                                               

 Version 2.4 of the Clough-Kneizys Water Continuum Data from LBLRTM (24mar2000).

 CARD 2  *****    1    0    1    0    0    0  50.00000   0.00000   0.00000   0.00000   0.00000

 MODEL ATMOSPHERE NO.  2

 *** OZONE DENSITIES ARE BEING SCALED BY   1.00000
     THE ORIGINAL VERTICAL COLUMN CONTAINED   7.10288 GM / M2 OF OZONE
     THE CURRENT  VERTICAL COLUMM CONTAINS    7.10288 GM / M2 OF OZONE

 *** THE WATER PROFILE WAS DECREASED TO FIT THE INPUT WATER COLUMN VALUE
     INITIAL:   2.92236 GM / CM2
     INPUT:     2.92236 GM / CM2
     FINAL:     2.92236 GM / CM2

 AEROSOL MODEL
     REGIME                      AEROSOL TYPE             PROFILE                  SEASON
     -----------------------     --------------------     --------------------     --------------------
     BOUNDARY LAYER (0-2KM)      RURAL                    50.00 KM METEOROLOGICAL_RANGE_AT_SEA_LEVEL
     TROPOSPHERE  (2-10KM)       TROPOSPHERIC             TROPOSPHERIC             SPRING-SUMMER       
     STRATOSPHERE (10-30KM)      BCKGD_STRATOSPHERIC      BCKGD_STRATOSPHERIC      SPRING-SUMMER       
     UPPER ATMOS (30-100KM)      METEORIC DUST            NORMAL              

 CARD 3   *****   3.00000   0.00000  70.00000  172        0.00000    0   0.00000

     6371.23  RADIUS OF THE EARTH [KM].

 SLANT PATH TO SPACE (OR GROUND)
          H1ALT =    3.00000 KM
          HMIN  =    0.00000 KM
          OBSZEN =   70.00000 DEG

 CARD 4  *****    9080.0   14300.0       1.0       1.0   SCANNING FUNCTION:TRIANGULAR 

 FREQUENCY RANGE
             IV1 =    9080.0 CM-1  (      1.1013 MICRONS)
             IV2 =   14300.0 CM-1  (      0.6993 MICRONS)
             IDV =       1.0 CM-1
           IFWHM =       1.0 CM-1


 ATMOSPHERIC PROFILES

   I     Z       P       T        N2       CNTMSLF   CNTMFRN MOL SCAT     N-1     O3 (UV)   O2 (UV)   WAT DROP  ICE PART  RAIN RATE
        (KM)    (MB)    (K)               (  MOL/CM2 KM  )      (-)       (-)    (  ATM CM/KM  )       (GM/M3)   (GM/M3)   (MM/HR)
   1   0.0000 1012.999 294.20  7.902E-01 8.829E+20 4.618E+22 9.282E-01 2.682E-04 2.800E-03 3.435E+04     0.000     0.000     0.000
   2   1.0000  901.996 289.70  6.461E-01 3.895E+20 2.788E+22 8.393E-01 2.427E-04 2.801E-03 2.976E+04     0.000     0.000     0.000
   3   2.0000  802.001 285.20  5.271E-01 1.568E+20 1.604E+22 7.581E-01 2.194E-04 2.800E-03 2.581E+04     0.000     0.000     0.000
   4   3.0000  709.996 279.20  4.310E-01 4.900E+19 8.139E+21 6.855E-01 1.985E-04 2.894E-03 2.248E+04     0.000     0.000     0.000
   5   4.0000  628.000 273.20  3.522E-01 1.626E+19 4.247E+21 6.197E-01 1.795E-04 2.987E-03 1.961E+04     0.000     0.000     0.000
   6   5.0000  553.997 267.20  2.865E-01 4.503E+18 2.019E+21 5.589E-01 1.619E-04 3.081E-03 1.710E+04     0.000     0.000     0.000
   7   6.0000  486.998 261.20  2.317E-01 1.677E+18 1.109E+21 5.026E-01 1.456E-04 3.221E-03 1.489E+04     0.000     0.000     0.000
   8   7.0000  426.000 254.70  1.865E-01 6.159E+17 6.032E+20 4.509E-01 1.307E-04 3.501E-03 1.295E+04     0.000     0.000     0.000
   9   8.0000  371.999 248.20  1.497E-01 1.986E+17 3.070E+20 4.040E-01 1.171E-04 3.687E-03 1.128E+04     0.000     0.000     0.000
  10   9.0000  323.999 241.70  1.198E-01 6.483E+16 1.569E+20 3.614E-01 1.047E-04 4.015E-03 9.818E+03     0.000     0.000     0.000
  11  10.0000  280.999 235.30  9.505E-02 1.844E+16 7.458E+19 3.219E-01 9.330E-05 4.198E-03 8.526E+03     0.000     0.000     0.000
  12  11.0000  243.000 228.80  7.518E-02 2.180E+15 2.281E+19 2.863E-01 8.298E-05 5.134E-03 7.406E+03     0.000     0.000     0.000
  13  12.0000  208.999 222.30  5.891E-02 1.621E+14 5.506E+18 2.534E-01 7.345E-05 5.652E-03 6.411E+03     0.000     0.000     0.000
  14  13.0000  179.001 215.80  4.586E-02 9.318E+12 1.165E+18 2.236E-01 6.481E-05 6.708E-03 5.541E+03     0.000     0.000     0.000
  15  14.0000  153.000 215.70  3.353E-02 2.662E+12 5.323E+17 1.912E-01 5.542E-05 8.414E-03 4.631E+03     0.000     0.000     0.000
  16  15.0000  129.999 215.70  2.421E-02 8.885E+11 2.613E+17 1.625E-01 4.709E-05 8.124E-03 3.854E+03     0.000     0.000     0.000
  17  16.0000  111.000 215.70  1.765E-02 6.102E+11 1.849E+17 1.387E-01 4.021E-05 8.324E-03 3.233E+03     0.000     0.000     0.000
  18  17.0000   95.000 215.70  1.293E-02 4.203E+11 1.313E+17 1.187E-01 3.441E-05 8.311E-03 2.726E+03     0.000     0.000     0.000
  19  18.0000   81.200 216.80  9.350E-03 2.945E+11 9.350E+16 1.010E-01 2.926E-05 1.010E-02 2.287E+03     0.000     0.000     0.000
  20  19.0000   69.500 217.90  6.780E-03 2.204E+11 6.888E+16 8.598E-02 2.492E-05 1.290E-02 1.925E+03     0.000     0.000     0.000
  21  20.0000   59.500 219.20  4.911E-03 1.698E+11 5.145E+16 7.317E-02 2.121E-05 1.463E-02 1.622E+03     0.000     0.000     0.000
  22  21.0000   51.000 220.40  3.569E-03 1.349E+11 3.909E+16 6.238E-02 1.808E-05 1.497E-02 1.371E+03     0.000     0.000     0.000
  23  22.0000   43.700 221.60  2.592E-03 1.066E+11 2.962E+16 5.316E-02 1.541E-05 1.542E-02 1.160E+03     0.000     0.000     0.000
  24  23.0000   37.600 222.80  1.898E-03 8.933E+10 2.320E+16 4.549E-02 1.319E-05 1.547E-02 9.867E+02     0.000     0.000     0.000
  25  24.0000   32.200 223.90  1.379E-03 7.003E+10 1.751E+16 3.877E-02 1.124E-05 1.551E-02 8.364E+02     0.000     0.000     0.000
  26  25.0000   27.700 225.10  1.009E-03 5.652E+10 1.346E+16 3.317E-02 9.614E-06 1.592E-02 7.124E+02     0.000     0.000     0.000
  27  30.0000   13.200 233.70  2.126E-04 1.491E+10 3.173E+15 1.523E-02 4.413E-06 1.066E-02 3.223E+02     0.000     0.000     0.000
  28  35.0000 6.519971 245.20  4.713E-05 3.666E+09 7.406E+14 7.168E-03 2.077E-06 6.380E-03 1.507E+02     0.000     0.000     0.000
  29  40.0000 3.329993 257.50  1.115E-05 9.205E+08 1.805E+14 3.486E-03 1.010E-06 2.632E-03 7.307E+01     0.000     0.000     0.000
  30  45.0000 1.759993 269.90  2.834E-06 2.673E+08 4.904E+13 1.758E-03 5.095E-07 7.911E-04 3.679E+01     0.000     0.000     0.000
  31  50.0000 0.951001 275.70  7.930E-07 7.616E+07 1.385E+13 9.299E-04 2.695E-07 2.604E-04 1.945E+01     0.000     0.000     0.000
  32  55.0000 0.514999 269.30  2.437E-07 2.215E+07 4.140E+12 5.155E-04 1.494E-07 9.280E-05 1.078E+01     0.000     0.000     0.000
  33  60.0000 0.272001 257.10  7.460E-08 5.921E+06 1.184E+12 2.852E-04 8.266E-08 3.708E-05 5.962E+00     0.000     0.000     0.000
  34  70.0000 0.067000 218.10  6.290E-09 2.734E+05 7.388E+10 8.281E-05 2.400E-08 3.313E-06 1.731E+00     0.000     0.000     0.000
  35  80.0000 0.012000 174.10  3.166E-10 4.433E+03 2.111E+09 1.858E-05 5.385E-09 3.716E-07 3.883E-01     0.000     0.000     0.000
  36 100.0000 0.000258 190.50  1.223E-13 6.210E-02 1.552E+05 3.651E-07 1.058E-10 1.460E-08 5.842E-03     0.000     0.000     0.000


 ATMOSPHERIC PROFILES

   I     Z       P       T     AEROSOL 1 AEROSOL 2 AEROSOL 3 AEROSOL 4  AER1*RH     RH (%)    RH (%)   CIRRUS   WAT DROP  ICE PART
        (KM)    (MB)    (K)    (      550nm EXTINCTION [KM-1]      )  (BEFORE H2O SCALING)   (AFTER)    (-)     (550nm VIS [KM-1])
   1   0.0000 1012.999 294.20  6.670E-02 0.000E+00 0.000E+00 0.000E+00 2.115E-01 7.618E+01 7.618E+01   0.00000   0.00000   0.00000
   2   1.0000  901.996 289.70  4.150E-02 0.000E+00 0.000E+00 0.000E+00 1.463E-01 6.603E+01 6.603E+01   0.00000   0.00000   0.00000
   3   2.0000  802.001 285.20  2.600E-02 0.000E+00 0.000E+00 0.000E+00 9.886E-02 5.520E+01 5.520E+01   0.00000   0.00000   0.00000
   4   3.0000  709.996 279.20  0.000E+00 1.460E-02 0.000E+00 0.000E+00 0.000E+00 4.529E+01 4.529E+01   0.00000   0.00000   0.00000
   5   4.0000  628.000 273.20  0.000E+00 1.020E-02 0.000E+00 0.000E+00 0.000E+00 3.905E+01 3.905E+01   0.00000   0.00000   0.00000
   6   5.0000  553.997 267.20  0.000E+00 9.310E-03 0.000E+00 0.000E+00 0.000E+00 3.142E+01 3.142E+01   0.00000   0.00000   0.00000
   7   6.0000  486.998 261.20  0.000E+00 7.710E-03 0.000E+00 0.000E+00 0.000E+00 2.998E+01 2.998E+01   0.00000   0.00000   0.00000
   8   7.0000  426.000 254.70  0.000E+00 6.230E-03 0.000E+00 0.000E+00 0.000E+00 3.031E+01 3.031E+01   0.00000   0.00000   0.00000
   9   8.0000  371.999 248.20  0.000E+00 3.370E-03 0.000E+00 0.000E+00 0.000E+00 2.963E+01 2.963E+01   0.00000   0.00000   0.00000
  10   9.0000  323.999 241.70  0.000E+00 1.820E-03 0.000E+00 0.000E+00 0.000E+00 3.015E+01 3.015E+01   0.00000   0.00000   0.00000
  11  10.0000  280.999 235.30  0.000E+00 1.140E-03 0.000E+00 0.000E+00 0.000E+00 2.944E+01 2.944E+01   0.00000   0.00000   0.00000
  12  11.0000  243.000 228.80  0.000E+00 0.000E+00 7.990E-04 0.000E+00 0.000E+00 1.948E+01 1.948E+01   0.00000   0.00000   0.00000
  13  12.0000  208.999 222.30  0.000E+00 0.000E+00 6.410E-04 0.000E+00 0.000E+00 1.069E+01 1.069E+01   0.00000   0.00000   0.00000
  14  13.0000  179.001 215.80  0.000E+00 0.000E+00 5.170E-04 0.000E+00 0.000E+00 5.423E+00 5.423E+00   0.00000   0.00000   0.00000
  15  14.0000  153.000 215.70  0.000E+00 0.000E+00 4.420E-04 0.000E+00 0.000E+00 2.933E+00 2.933E+00   0.00000   0.00000   0.00000
  16  15.0000  129.999 215.70  0.000E+00 0.000E+00 3.950E-04 0.000E+00 0.000E+00 1.695E+00 1.695E+00   0.00000   0.00000   0.00000
  17  16.0000  111.000 215.70  0.000E+00 0.000E+00 3.820E-04 0.000E+00 0.000E+00 1.405E+00 1.405E+00   0.00000   0.00000   0.00000
  18  17.0000   95.000 215.70  0.000E+00 0.000E+00 4.250E-04 0.000E+00 0.000E+00 1.166E+00 1.166E+00   0.00000   0.00000   0.00000
  19  18.0000   81.200 216.80  0.000E+00 0.000E+00 5.200E-04 0.000E+00 0.000E+00 8.563E-01 8.563E-01   0.00000   0.00000   0.00000
  20  19.0000   69.500 217.90  0.000E+00 0.000E+00 5.810E-04 0.000E+00 0.000E+00 6.511E-01 6.511E-01   0.00000   0.00000   0.00000
  21  20.0000   59.500 219.20  0.000E+00 0.000E+00 5.890E-04 0.000E+00 0.000E+00 4.915E-01 4.915E-01   0.00000   0.00000   0.00000
  22  21.0000   51.000 220.40  0.000E+00 0.000E+00 5.020E-04 0.000E+00 0.000E+00 3.819E-01 3.819E-01   0.00000   0.00000   0.00000
  23  22.0000   43.700 221.60  0.000E+00 0.000E+00 4.200E-04 0.000E+00 0.000E+00 2.966E-01 2.966E-01   0.00000   0.00000   0.00000
  24  23.0000   37.600 222.80  0.000E+00 0.000E+00 3.000E-04 0.000E+00 0.000E+00 2.375E-01 2.375E-01   0.00000   0.00000   0.00000
  25  24.0000   32.200 223.90  0.000E+00 0.000E+00 1.980E-04 0.000E+00 0.000E+00 1.863E-01 1.863E-01   0.00000   0.00000   0.00000
  26  25.0000   27.700 225.10  0.000E+00 0.000E+00 1.310E-04 0.000E+00 0.000E+00 1.469E-01 1.469E-01   0.00000   0.00000   0.00000
  27  30.0000   13.200 233.70  0.000E+00 0.000E+00 3.320E-05 0.000E+00 0.000E+00 3.098E-02 3.098E-02   0.00000   0.00000   0.00000
  28  35.0000 6.519971 245.20  0.000E+00 0.000E+00 0.000E+00 4.300E-06 0.000E+00 5.231E-03 5.231E-03   0.00000   0.00000   0.00000
  29  40.0000 3.329993 257.50  0.000E+00 0.000E+00 0.000E+00 1.670E-06 0.000E+00 9.365E-04 9.365E-04   0.00000   0.00000   0.00000
  30  45.0000 1.759993 269.90  0.000E+00 0.000E+00 0.000E+00 8.000E-07 0.000E+00 1.994E-04 1.994E-04   0.00000   0.00000   0.00000
  31  50.0000 0.951001 275.70  0.000E+00 0.000E+00 0.000E+00 4.200E-07 0.000E+00 7.127E-05 7.127E-05   0.00000   0.00000   0.00000
  32  55.0000 0.514999 269.30  0.000E+00 0.000E+00 0.000E+00 2.207E-07 0.000E+00 5.991E-05 5.991E-05   0.00000   0.00000   0.00000
  33  60.0000 0.272001 257.10  0.000E+00 0.000E+00 0.000E+00 1.159E-07 0.000E+00 7.753E-05 7.753E-05   0.00000   0.00000   0.00000
  34  70.0000 0.067000 218.10  0.000E+00 0.000E+00 0.000E+00 3.200E-08 0.000E+00 7.084E-04 7.084E-04   0.00000   0.00000   0.00000
  35  80.0000 0.012000 174.10  0.000E+00 0.000E+00 0.000E+00 5.795E-09 0.000E+00 7.237E-02 7.237E-02   0.00000   0.00000   0.00000
  36 100.0000 0.000258 190.50  0.000E+00 0.000E+00 0.000E+00 1.900E-10 0.000E+00 1.461E-05 1.461E-05   0.00000   0.00000   0.00000


 ATMOSPHERIC PROFILES (AFTER COLUMN SCALING)

   I      Z       P       H2O      O3       CO2      CO       CH4      N2O      O2       NH3      NO       NO2      SO2      HNO3
         (KM)    (MB)  (                                             ATM CM / KM                                                )
   1   0.0000 1012.999  1.74E+03 2.80E-03 3.34E+01 1.39E-02 1.58E-01 2.97E-02 1.94E+04 4.64E-05 2.78E-05 2.13E-06 2.78E-05 4.64E-06
   2   1.0000  901.996  1.16E+03 2.80E-03 3.02E+01 1.22E-02 1.43E-01 2.69E-02 1.75E+04 4.20E-05 2.52E-05 1.93E-06 2.30E-05 5.00E-06
   3   2.0000  802.001  7.34E+02 2.80E-03 2.73E+01 1.06E-02 1.29E-01 2.43E-02 1.58E+04 3.51E-05 2.27E-05 1.74E-06 1.79E-05 5.25E-06
   4   3.0000  709.996  4.10E+02 2.89E-03 2.47E+01 9.25E-03 1.17E-01 2.19E-02 1.43E+04 2.61E-05 2.06E-05 1.58E-06 1.30E-05 5.42E-06
   5   4.0000  628.000  2.36E+02 2.99E-03 2.23E+01 8.13E-03 1.05E-01 1.98E-02 1.30E+04 1.78E-05 1.86E-05 1.43E-06 9.05E-06 5.50E-06
   6   5.0000  553.997  1.24E+02 3.08E-03 2.01E+01 7.28E-03 9.43E-02 1.79E-02 1.17E+04 1.14E-05 1.68E-05 1.29E-06 6.60E-06 5.45E-06
   7   6.0000  486.998  7.59E+01 3.22E-03 1.81E+01 6.47E-03 8.40E-02 1.61E-02 1.05E+04 7.34E-06 1.51E-05 1.16E-06 4.88E-06 5.58E-06
   8   7.0000  426.000  4.60E+01 3.50E-03 1.62E+01 5.62E-03 7.44E-02 1.44E-02 9.42E+03 4.45E-06 1.35E-05 1.04E-06 3.74E-06 5.68E-06
   9   8.0000  371.999  2.61E+01 3.69E-03 1.45E+01 4.79E-03 6.58E-02 1.29E-02 8.44E+03 2.62E-06 1.21E-05 9.29E-07 2.91E-06 5.62E-06
  10   9.0000  323.999  1.49E+01 4.01E-03 1.30E+01 3.95E-03 5.84E-02 1.14E-02 7.55E+03 1.36E-06 1.08E-05 8.38E-07 2.37E-06 5.53E-06
  11  10.0000  280.999  7.96E+00 4.20E-03 1.16E+01 3.21E-03 5.08E-02 9.97E-03 6.73E+03 6.54E-07 9.66E-06 7.66E-07 1.96E-06 5.60E-06
  12  11.0000  243.000  2.74E+00 5.13E-03 1.03E+01 2.57E-03 4.41E-02 8.56E-03 5.98E+03 3.12E-07 8.59E-06 7.50E-07 1.66E-06 5.78E-06
  13  12.0000  208.999  7.46E-01 5.65E-03 9.12E+00 1.98E-03 3.82E-02 7.44E-03 5.30E+03 1.60E-07 7.60E-06 7.98E-07 1.42E-06 6.11E-06
  14  13.0000  179.001  1.79E-01 6.71E-03 8.05E+00 1.43E-03 3.31E-02 6.40E-03 4.67E+03 6.98E-08 6.69E-06 9.95E-07 1.25E-06 6.17E-06
  15  14.0000  153.000  9.56E-02 8.41E-03 6.88E+00 9.61E-04 2.77E-02 5.35E-03 4.00E+03 2.12E-08 5.64E-06 1.43E-06 1.08E-06 6.37E-06
  16  15.0000  129.999  5.52E-02 8.12E-03 5.85E+00 6.40E-04 2.31E-02 4.43E-03 3.40E+03 7.26E-09 4.60E-06 2.78E-06 9.34E-07 7.34E-06
  17  16.0000  111.000  4.58E-02 8.32E-03 4.99E+00 4.26E-04 1.93E-02 3.62E-03 2.90E+03 2.93E-09 3.72E-06 4.43E-06 7.98E-07 1.02E-05
  18  17.0000   95.000  3.80E-02 8.31E-03 4.27E+00 2.96E-04 1.61E-02 2.87E-03 2.48E+03 1.31E-09 2.99E-06 6.16E-06 6.38E-07 1.56E-05
  19  18.0000   81.200  3.18E-02 1.01E-02 3.63E+00 1.99E-04 1.34E-02 2.20E-03 2.11E+03 6.76E-10 2.42E-06 7.78E-06 4.83E-07 2.13E-05
  20  19.0000   69.500  2.75E-02 1.29E-02 3.10E+00 1.33E-04 1.10E-02 1.58E-03 1.80E+03 3.41E-10 2.10E-06 9.11E-06 3.41E-07 2.73E-05
  21  20.0000   59.500  2.41E-02 1.46E-02 2.63E+00 9.74E-05 8.96E-03 1.18E-03 1.53E+03 1.76E-10 1.87E-06 1.02E-05 2.33E-07 3.07E-05
  22  21.0000   51.000  2.15E-02 1.50E-02 2.25E+00 7.69E-05 7.20E-03 8.25E-04 1.30E+03 1.20E-10 1.73E-06 1.10E-05 1.67E-07 3.08E-05
  23  22.0000   43.700  1.91E-02 1.54E-02 1.91E+00 6.55E-05 5.67E-03 6.09E-04 1.11E+03 9.14E-11 1.63E-06 1.15E-05 1.21E-07 2.90E-05
  24  23.0000   37.600  1.75E-02 1.55E-02 1.64E+00 5.95E-05 4.43E-03 4.71E-04 9.51E+02 7.23E-11 1.64E-06 1.17E-05 9.42E-08 2.61E-05
  25  24.0000   32.200  1.55E-02 1.55E-02 1.40E+00 5.43E-05 3.41E-03 3.73E-04 8.10E+02 5.58E-11 1.75E-06 1.19E-05 7.37E-08 2.26E-05
  26  25.0000   27.700  1.39E-02 1.59E-02 1.19E+00 5.05E-05 2.62E-03 2.97E-04 6.93E+02 4.08E-11 2.27E-06 1.24E-05 5.81E-08 1.86E-05
  27  30.0000   13.200  7.16E-03 1.07E-02 5.48E-01 3.04E-05 9.62E-04 1.02E-04 3.18E+02 9.67E-12 3.73E-06 9.38E-06 2.04E-08 5.69E-06
  28  35.0000 6.519971  3.55E-03 6.38E-03 2.58E-01 1.78E-05 3.59E-04 2.65E-05 1.50E+02 1.30E-12 5.12E-06 5.22E-06 8.32E-09 1.18E-06
  29  40.0000 3.329993  1.78E-03 2.63E-03 1.26E-01 1.03E-05 1.37E-04 6.05E-06 7.29E+01 1.02E-13 3.90E-06 1.40E-06 4.74E-09 1.86E-07
  30  45.0000 1.759993  9.58E-04 7.91E-04 6.33E-02 5.81E-06 5.05E-05 1.35E-06 3.67E+01 5.24E-15 2.06E-06 2.02E-07 3.69E-09 2.13E-08
  31  50.0000 0.951001  5.11E-04 2.60E-04 3.35E-02 3.39E-06 1.81E-05 2.99E-07 1.94E+01 6.63E-16 9.58E-07 4.12E-08 3.31E-09 5.16E-09
  32  55.0000 0.514999  2.76E-04 9.28E-05 1.86E-02 2.02E-06 8.11E-06 1.05E-07 1.08E+01 2.47E-16 5.21E-07 1.75E-08 2.37E-09 2.29E-09
  33  60.0000 0.272001  1.43E-04 3.71E-05 1.03E-02 1.33E-06 4.28E-06 3.98E-08 5.96E+00 1.04E-16 2.88E-07 8.13E-09 1.47E-09 1.10E-09
  34  70.0000 0.067000  3.06E-05 3.31E-06 2.98E-03 9.75E-07 1.24E-06 6.44E-09 1.73E+00 2.13E-17 9.52E-08 1.91E-09 3.58E-10 2.71E-10
  35  80.0000 0.012000  3.90E-06 3.72E-07 6.65E-04 1.27E-06 2.79E-07 9.60E-10 3.88E-01 3.79E-18 4.98E-08 3.75E-10 2.47E-11 5.59E-11
  36 100.0000 0.000258  1.46E-08 1.46E-08 7.77E-06 3.68E-07 4.38E-09 1.04E-11 5.84E-03 5.40E-20 7.59E-08 6.21E-12 1.31E-14 9.97E-13


1 ATMOSPHERIC PROFILES

   I      Z       CFC11    CFC12    CFC13    CFC14    CFC22   CFC113   CFC114   CFC115   CLONO2     HNO4   CHCL2F     CCL4     N2O5
         (KM)   (                                                  ATM CM/KM                                                  )
   1   0.0000  1.30E-05 2.23E-05 9.28E-14 9.28E-14 5.57E-06 1.76E-06 1.11E-06 9.28E-14 5.34E-07 4.03E-08 9.28E-14 1.21E-05 2.25E-11
   2   1.0000  1.18E-05 2.01E-05 8.39E-14 8.39E-14 5.03E-06 1.59E-06 1.01E-06 8.39E-14 4.30E-07 1.79E-07 8.39E-14 1.09E-05 8.01E-11
   3   2.0000  1.06E-05 1.82E-05 7.58E-14 7.58E-14 4.54E-06 1.44E-06 9.10E-07 7.58E-14 3.42E-07 2.91E-07 7.58E-14 9.85E-06 1.26E-10
   4   3.0000  9.60E-06 1.65E-05 6.86E-14 6.86E-14 4.10E-06 1.30E-06 8.23E-07 6.86E-14 2.66E-07 3.80E-07 6.86E-14 8.91E-06 1.63E-10
   5   4.0000  8.68E-06 1.49E-05 6.20E-14 6.20E-14 3.71E-06 1.18E-06 7.44E-07 6.20E-14 2.02E-07 4.49E-07 6.20E-14 8.06E-06 1.91E-10
   6   5.0000  7.82E-06 1.34E-05 5.59E-14 5.59E-14 3.34E-06 1.06E-06 6.71E-07 5.59E-14 1.54E-07 1.02E-06 5.59E-14 7.25E-06 2.02E-10
   7   6.0000  7.04E-06 1.21E-05 5.03E-14 5.03E-14 3.00E-06 9.55E-07 6.03E-07 5.03E-14 1.13E-07 1.46E-06 5.03E-14 6.51E-06 2.07E-10
   8   7.0000  6.31E-06 1.08E-05 4.51E-14 4.51E-14 2.69E-06 8.57E-07 5.41E-07 4.51E-14 7.87E-08 1.80E-06 4.51E-14 5.83E-06 2.09E-10
   9   8.0000  5.66E-06 9.70E-06 4.04E-14 4.04E-14 2.41E-06 7.68E-07 4.85E-07 4.04E-14 5.01E-08 2.06E-06 4.04E-14 5.21E-06 2.08E-10
  10   9.0000  5.05E-06 8.67E-06 3.61E-14 3.61E-14 2.16E-06 6.86E-07 4.34E-07 3.61E-14 4.37E-08 1.77E-06 3.61E-14 4.66E-06 2.08E-10
  11  10.0000  4.49E-06 7.71E-06 3.22E-14 3.22E-14 1.92E-06 6.10E-07 3.86E-07 3.22E-14 3.78E-08 1.52E-06 3.22E-14 4.15E-06 2.05E-10
  12  11.0000  3.99E-06 6.85E-06 2.86E-14 2.86E-14 1.70E-06 5.42E-07 3.44E-07 2.86E-14 3.27E-08 1.30E-06 2.86E-14 3.69E-06 1.99E-10
  13  12.0000  3.52E-06 6.06E-06 2.53E-14 2.53E-14 1.51E-06 4.79E-07 3.04E-07 2.53E-14 2.81E-08 1.11E-06 2.53E-14 3.27E-06 1.92E-10
  14  13.0000  3.02E-06 5.27E-06 2.24E-14 2.24E-14 1.32E-06 4.15E-07 2.66E-07 2.24E-14 1.79E-07 1.26E-06 2.24E-14 2.80E-06 9.85E-09
  15  14.0000  2.50E-06 4.44E-06 1.91E-14 1.91E-14 1.12E-06 3.48E-07 2.25E-07 1.91E-14 2.85E-07 1.33E-06 1.91E-14 2.31E-06 1.67E-08
  16  15.0000  2.06E-06 3.71E-06 1.62E-14 1.62E-14 9.39E-07 2.90E-07 1.89E-07 1.62E-14 3.54E-07 1.34E-06 1.62E-14 1.90E-06 2.12E-08
  17  16.0000  1.71E-06 3.12E-06 1.39E-14 1.39E-14 7.94E-07 2.43E-07 1.60E-07 1.39E-14 3.98E-07 1.32E-06 1.39E-14 1.57E-06 2.41E-08
  18  17.0000  1.33E-06 2.55E-06 1.19E-14 1.19E-14 6.60E-07 1.96E-07 1.33E-07 1.19E-14 1.21E-06 1.69E-06 1.19E-14 1.21E-06 1.04E-07
  19  18.0000  1.03E-06 2.06E-06 1.01E-14 1.01E-14 5.46E-07 1.57E-07 1.10E-07 1.01E-14 1.76E-06 1.92E-06 1.01E-14 9.15E-07 1.60E-07
  20  19.0000  7.82E-07 1.67E-06 8.60E-15 8.60E-15 4.51E-07 1.25E-07 9.05E-08 8.60E-15 2.13E-06 2.04E-06 8.60E-15 6.83E-07 1.97E-07
  21  20.0000  5.87E-07 1.35E-06 7.32E-15 7.32E-15 3.72E-07 9.95E-08 7.46E-08 7.32E-15 2.34E-06 2.09E-06 7.32E-15 4.99E-07 2.19E-07
  22  21.0000  4.28E-07 1.07E-06 6.24E-15 6.24E-15 3.05E-07 7.72E-08 6.09E-08 6.24E-15 2.87E-06 2.19E-06 6.24E-15 3.57E-07 2.59E-07
  23  22.0000  3.04E-07 8.40E-07 5.32E-15 5.32E-15 2.50E-07 5.93E-08 4.95E-08 5.32E-15 3.19E-06 2.22E-06 5.32E-15 2.45E-07 2.82E-07
  24  23.0000  2.07E-07 6.60E-07 4.55E-15 4.55E-15 2.05E-07 4.52E-08 4.03E-08 4.55E-15 3.37E-06 2.21E-06 4.55E-15 1.59E-07 2.94E-07
  25  24.0000  1.32E-07 5.12E-07 3.88E-15 3.88E-15 1.67E-07 3.38E-08 3.26E-08 3.88E-15 3.41E-06 2.14E-06 3.88E-15 9.30E-08 2.95E-07
  26  25.0000  9.05E-08 3.94E-07 3.32E-15 3.32E-15 1.36E-07 2.52E-08 2.64E-08 3.32E-15 3.23E-06 1.93E-06 3.32E-15 6.25E-08 2.56E-07
  27  30.0000  5.94E-09 8.96E-08 1.52E-15 1.52E-15 4.61E-08 4.44E-09 8.58E-09 1.52E-15 1.74E-06 7.77E-07 1.52E-15 2.67E-09 8.41E-08
  28  35.0000  1.42E-10 1.53E-08 7.17E-16 7.17E-16 1.48E-08 5.14E-10 2.62E-09 7.17E-16 3.75E-07 1.05E-07 7.17E-16 2.83E-11 7.76E-09
  29  40.0000  6.45E-13 2.12E-09 3.49E-16 3.49E-16 4.85E-09 4.29E-11 8.09E-10 3.49E-16 1.49E-08 3.47E-09 3.49E-16 1.38E-14 7.43E-11
  30  45.0000  1.61E-14 3.75E-10 1.76E-16 1.76E-16 1.82E-09 5.65E-12 2.84E-10 1.76E-16 2.95E-10 1.54E-10 1.76E-16 9.79E-17 6.92E-13
  31  50.0000  5.55E-16 7.92E-11 9.30E-17 9.30E-17 8.16E-10 9.21E-13 1.16E-10 9.30E-17 4.34E-12 7.10E-12 9.30E-17 1.02E-18 5.85E-15
  32  55.0000  3.15E-17 2.14E-11 5.16E-17 5.16E-17 4.19E-10 2.02E-13 5.36E-11 5.16E-17 6.16E-14 3.51E-13 5.16E-17 1.95E-20 5.38E-17
  33  60.0000  1.21E-18 5.53E-12 2.85E-17 2.85E-17 2.20E-10 4.05E-14 2.48E-11 2.85E-17 4.88E-16 1.37E-14 2.85E-17 1.50E-22 1.46E-19
  34  70.0000  4.22E-21 3.23E-13 8.28E-18 8.28E-18 5.95E-11 1.46E-15 4.85E-12 8.28E-18 5.99E-19 2.66E-16 8.28E-18 8.18E-26 6.79E-23
  35  80.0000  3.68E-24 9.64E-15 1.86E-18 1.86E-18 1.21E-11 2.29E-17 6.60E-13 1.86E-18 7.51E-23 1.57E-18 1.86E-18 5.44E-30 9.46E-27
  36 100.0000  1.14E-30 9.05E-19 3.65E-20 3.65E-20 6.54E-14 4.78E-22 7.78E-16 3.65E-20 2.95E-35 1.22E-31 3.65E-20 1.86E-38 3.06E-37


 CASE 3A:  GIVEN H1ALT,H2ALT=SPACE,OBSZEN


 SLANT PATH PARAMETERS IN STANDARD FORM

          H1ALT   =    3.00000 KM
          H2ALT   =  100.00000 KM
          OBSZEN  =   70.00000 DEG
          BCKZEN  =  112.21208 DEG
          HMIN    =    3.00000 KM
          LENN    =          0

 CALCULATION OF THE REFRACTED PATH THROUGH THE ATMOSPHERE


  I     START       END     START     DELTA     TOTAL     DELTA     EARTH    END TO     DELTA      PATH      LAYER   LAYER     LAYER
     ALTITUDE  ALTITUDE    TO END     RANGE     RANGE     EARTH    CENTER     START   BENDING   BENDING    AVERAGE     AVG   AVERAGE
                           ZENITH                         ANGLE     ANGLE    ZENITH                       PRESSURE    TEMP   DENSITY
         (KM)      (KM)     (DEG)     (KM)       (KM)     (DEG)     (DEG)     (DEG)     (DEG)    (DEG)        (MB)     (K)  (GM/CM3)
          H1ALT TO H2ALT

  1   3.00000   4.00000  70.00000   2.92229   2.92229   0.02468   0.02468 110.02169   0.00299   0.00299  668.84982  276.24 8.426E-04
  2   4.00000   5.00000  69.97831   2.91924   5.84153   0.02465   0.04933 110.04358   0.00276   0.00575  590.86186  270.24 7.609E-04
  3   5.00000   6.00000  69.95642   2.91617   8.75770   0.02461   0.07394 110.06563   0.00256   0.00831  520.37101  264.24 6.853E-04
  4   6.00000   7.00000  69.93437   2.91309  11.67079   0.02458   0.09852 110.08787   0.00235   0.01065  456.37111  258.00 6.155E-04
  5   7.00000   8.00000  69.91213   2.90999  14.58078   0.02455   0.12307 110.11029   0.00212   0.01278  398.88314  251.50 5.518E-04
  6   8.00000   9.00000  69.88971   2.90687  17.48764   0.02451   0.14758 110.13287   0.00193   0.01471  347.89258  245.00 4.940E-04
  7   9.00000  10.00000  69.86713   2.90374  20.39138   0.02448   0.17206 110.15556   0.00178   0.01650  302.40262  238.55 4.410E-04
  8  10.00000  11.00000  69.84444   2.90059  23.29197   0.02445   0.19650 110.17840   0.00161   0.01811  261.91053  232.10 3.926E-04
  9  11.00000  12.00000  69.82160   2.89744  26.18941   0.02441   0.22092 110.20133   0.00148   0.01959  225.91778  225.60 3.483E-04
 10  12.00000  13.00000  69.79867   2.89429  29.08370   0.02438   0.24529 110.22436   0.00135   0.02094  193.92577  219.10 3.078E-04
 11  13.00000  14.00000  69.77564   2.89114  31.97484   0.02434   0.26964 110.24724   0.00146   0.02239  165.99950  215.75 2.675E-04
 12  14.00000  15.00000  69.75276   2.88800  34.86284   0.02431   0.29395 110.27026   0.00129   0.02369  141.49985  215.70 2.280E-04
 13  15.00000  16.00000  69.72974   2.88485  37.74769   0.02428   0.31822 110.29347   0.00107   0.02475  120.49968  215.70 1.942E-04
 14  16.00000  17.00000  69.70653   2.88168  40.62938   0.02424   0.34246 110.31681   0.00090   0.02565  103.00014  215.70 1.660E-04
 15  17.00000  18.00000  69.68319   2.87851  43.50788   0.02421   0.36667 110.34022   0.00080   0.02645   88.10620  216.23 1.416E-04
 16  18.00000  19.00000  69.65978   2.87533  46.38321   0.02417   0.39084 110.36372   0.00067   0.02712   75.35525  217.33 1.205E-04
 17  19.00000  20.00000  69.63628   2.87215  49.25536   0.02414   0.41498 110.38729   0.00057   0.02769   64.50518  218.53 1.026E-04
 18  20.00000  21.00000  69.61271   2.86897  52.12433   0.02410   0.43909 110.41091   0.00048   0.02817   55.25408  219.78 8.740E-05
 19  21.00000  22.00000  69.58909   2.86579  54.99012   0.02407   0.46316 110.43457   0.00041   0.02858   47.35345  220.98 7.450E-05
 20  22.00000  23.00000  69.56543   2.86261  57.85274   0.02404   0.48719 110.45827   0.00034   0.02893   40.65271  222.18 6.362E-05
 21  23.00000  24.00000  69.54173   2.85944  60.71218   0.02400   0.51120 110.48197   0.00030   0.02923   34.90220  223.33 5.433E-05
 22  24.00000  25.00000  69.51803   2.85627  63.56845   0.02397   0.53516 110.50569   0.00025   0.02947   29.95203  224.48 4.639E-05
 23  25.00000  30.00000  69.49431  14.23413  77.80258   0.11933   0.65450 110.62423   0.00079   0.03027   20.50014  228.82 2.979E-05
 24  30.00000  35.00000  69.37577  14.15621  91.95878   0.11850   0.77299 110.74237   0.00035   0.03062    9.88889  238.68 1.383E-05
 25  35.00000  40.00000  69.25763  14.07954 106.03832   0.11767   0.89066 110.85988   0.00016   0.03078    4.93902  250.56 6.603E-06
 26  40.00000  45.00000  69.14012  14.00419 120.04251   0.11686   1.00752 110.97666   0.00008   0.03086    2.55166  262.95 3.263E-06
 27  45.00000  50.00000  69.02334  13.93018 133.97268   0.11606   1.12358 111.09269   0.00004   0.03090    1.35722  272.48 1.681E-06
 28  50.00000  55.00000  68.90731  13.85747 147.83016   0.11527   1.23886 111.20794   0.00002   0.03091    0.73232  272.80 9.080E-07
 29  55.00000  60.00000  68.79206  13.78606 161.61622   0.11450   1.35336 111.32243   0.00001   0.03092    0.39266  263.76 5.029E-07
 30  60.00000  70.00000  68.67757  27.36284 188.97905   0.22674   1.58009 111.54916   0.00001   0.03093    0.16700  241.03 2.117E-07
 31  70.00000  80.00000  68.45084  27.09176 216.07082   0.22379   1.80389 111.77295   0.00000   0.03093    0.03859  200.62 5.561E-08
 32  80.00000 100.00000  68.22705  53.40622 269.47703   0.43913   2.24301 112.21208   0.00000   0.03093    0.00620  177.83 6.020E-09




1  LAYER ABSORBER AMOUNTS FOR THE PATH SEGMENT ENDING AT Z

  J      Z        TBAR       HNO3         O3 UV     CNTMSLF1     CNTMSLF2      CNTMFRN        O2         WAT DROP     ICE PART
       (KM)        (K)     (ATM CM)     (ATM CM)   (MOL CM-2)   (MOL CM-2)   (MOL CM-2)   (MOL CM-2)   (KM GM/M3)   (KM GM/M3)

  1    4.0000   276.24    1.595E-05    8.594E-03    8.672E+19    4.760E+19    1.749E+22    6.141E+04    0.0000000    0.0000000
  2    5.0000   270.24    1.598E-05    8.857E-03    2.673E+19    1.912E+19    8.747E+21    5.350E+04    0.0000000    0.0000000
  3    6.0000   264.24    1.608E-05    9.188E-03    8.344E+18    7.361E+18    4.430E+21    4.657E+04    0.0000000    0.0000000
  4    7.0000   258.00    1.640E-05    9.790E-03    3.086E+18    3.258E+18    2.420E+21    4.048E+04    0.0000000    0.0000000
  5    8.0000   251.50    1.644E-05    1.046E-02    1.073E+18    1.326E+18    1.276E+21    3.519E+04    0.0000000    0.0000000
  6    9.0000   245.00    1.620E-05    1.119E-02    3.473E+17    4.921E+17    6.501E+20    3.061E+04    0.0000000    0.0000000
  7   10.0000   238.55    1.616E-05    1.192E-02    1.071E+17    1.710E+17    3.214E+20    2.659E+04    0.0000000    0.0000000
  8   11.0000   232.10    1.651E-05    1.353E-02    2.209E+16    3.921E+16    1.267E+20    2.307E+04    0.0000000    0.0000000
  9   12.0000   225.60    1.723E-05    1.563E-02    2.250E+15    4.399E+15    3.527E+19    1.998E+04    0.0000000    0.0000000
 10   13.0000   219.10    1.777E-05    1.789E-02    1.548E+14    3.307E+14    8.089E+18    1.727E+04    0.0000000    0.0000000
 11   14.0000   215.75    1.813E-05    2.186E-02    1.536E+13    3.424E+13    2.335E+18    1.466E+04    0.0000000    0.0000000
 12   15.0000   215.70    1.980E-05    2.388E-02    4.667E+12    1.041E+13    1.100E+18    1.222E+04    0.0000000    0.0000000
 13   16.0000   215.70    2.534E-05    2.372E-02    2.137E+12    4.766E+12    6.373E+17    1.020E+04    0.0000000    0.0000000
 14   17.0000   215.70    3.714E-05    2.397E-02    1.468E+12    3.274E+12    4.513E+17    8.565E+03    0.0000000    0.0000000
 15   18.0000   216.23    5.305E-05    2.649E-02    1.018E+12    2.256E+12    3.205E+17    7.197E+03    0.0000000    0.0000000
 16   19.0000   217.33    6.981E-05    3.306E-02    7.352E+11    1.607E+12    2.317E+17    6.041E+03    0.0000000    0.0000000
 17   20.0000   218.53    8.328E-05    3.954E-02    5.572E+11    1.199E+12    1.716E+17    5.082E+03    0.0000000    0.0000000
 18   21.0000   219.78    8.829E-05    4.247E-02    4.351E+11    9.212E+11    1.291E+17    4.284E+03    0.0000000    0.0000000
 19   22.0000   220.98    8.572E-05    4.354E-02    3.445E+11    7.178E+11    9.783E+16    3.619E+03    0.0000000    0.0000000
 20   23.0000   222.18    7.885E-05    4.421E-02    2.798E+11    5.737E+11    7.523E+16    3.066E+03    0.0000000    0.0000000
 21   24.0000   223.33    6.959E-05    4.429E-02    2.267E+11    4.576E+11    5.782E+16    2.601E+03    0.0000000    0.0000000
 22   25.0000   224.48    5.872E-05    4.489E-02    1.800E+11    3.577E+11    4.397E+16    2.207E+03    0.0000000    0.0000000
 23   30.0000   228.82    1.553E-04    1.867E-01    4.448E+11    8.300E+11    1.014E+17    7.003E+03    0.0000000    0.0000000
 24   35.0000   238.68    4.057E-05    1.180E-01    1.135E+11    1.808E+11    2.368E+16    3.196E+03    0.0000000    0.0000000
 25   40.0000   250.56    7.559E-06    5.962E-02    2.799E+10    3.532E+10    5.589E+15    1.510E+03    0.0000000    0.0000000
 26   45.0000   262.95    1.064E-06    2.146E-02    7.400E+09    6.795E+09    1.413E+15    7.407E+02    0.0000000    0.0000000
 27   50.0000   272.48    1.585E-07    6.655E-03    2.122E+09    1.386E+09    3.878E+14    3.791E+02    0.0000000    0.0000000
 28   55.0000   272.80    4.901E-08    2.252E-03    6.063E+08    3.907E+08    1.115E+14    2.036E+02    0.0000000    0.0000000
 29   60.0000   263.76    2.236E-08    8.376E-04    1.697E+08    1.520E+08    3.257E+13    1.122E+02    0.0000000    0.0000000
 30   70.0000   241.03    1.616E-08    3.832E-04    5.036E+07    7.690E+07    1.097E+13    9.370E+01    0.0000000    0.0000000
 31   80.0000   200.62    3.695E-09    3.648E-05    1.772E+06    4.696E+06    5.482E+11    2.437E+01    0.0000000    0.0000000
 32  100.0000   177.83    7.321E-10    5.917E-06    2.135E+04    7.007E+04    1.193E+10    4.893E+00    0.0000000    0.0000000



1 J      Z        N2 CONT     MOL SCAT        AER 1        AER 2        AER 3        AER 4        CIRRUS     WAT DROP     ICE PART
        (KM)                (550nm EXT)                                                                     (550 NM OPTICAL DEPTH)

  1    4.0000    1.1404650    0.0230907    0.0000000    0.0358529    0.0000000    0.0000000    0.0000000    0.0000000    0.0000000
  2    5.0000    0.9289483    0.0208284    0.0000000    0.0284574    0.0000000    0.0000000    0.0000000    0.0000000    0.0000000
  3    6.0000    0.7527586    0.0187391    0.0000000    0.0247434    0.0000000    0.0000000    0.0000000    0.0000000    0.0000000
  4    7.0000    0.6066574    0.0168133    0.0000000    0.0202277    0.0000000    0.0000000    0.0000000    0.0000000    0.0000000
  5    8.0000    0.4871731    0.0150587    0.0000000    0.0135444    0.0000000    0.0000000    0.0000000    0.0000000    0.0000000
  6    9.0000    0.3900622    0.0134671    0.0000000    0.0073135    0.0000000    0.0000000    0.0000000    0.0000000    0.0000000
  7   10.0000    0.3105084    0.0120086    0.0000000    0.0042208    0.0000000    0.0000000    0.0000000    0.0000000    0.0000000
  8   11.0000    0.2457622    0.0106775    0.0000000    0.0016533    0.0011588    0.0000000    0.0000000    0.0000000    0.0000000
  9   12.0000    0.1933063    0.0094641    0.0000000    0.0000000    0.0020778    0.0000000    0.0000000    0.0000000    0.0000000
 10   13.0000    0.1508294    0.0083550    0.0000000    0.0000000    0.0016694    0.0000000    0.0000000    0.0000000    0.0000000
 11   14.0000    0.1138379    0.0072519    0.0000000    0.0000000    0.0013835    0.0000000    0.0000000    0.0000000    0.0000000
 12   15.0000    0.0826516    0.0061754    0.0000000    0.0000000    0.0012074    0.0000000    0.0000000    0.0000000    0.0000000
 13   16.0000    0.0598817    0.0052538    0.0000000    0.0000000    0.0011207    0.0000000    0.0000000    0.0000000    0.0000000
 14   17.0000    0.0437066    0.0044862    0.0000000    0.0000000    0.0011628    0.0000000    0.0000000    0.0000000    0.0000000
 15   18.0000    0.0317864    0.0038234    0.0000000    0.0000000    0.0013601    0.0000000    0.0000000    0.0000000    0.0000000
 16   19.0000    0.0229924    0.0032500    0.0000000    0.0000000    0.0015829    0.0000000    0.0000000    0.0000000    0.0000000
 17   20.0000    0.0166455    0.0027638    0.0000000    0.0000000    0.0016802    0.0000000    0.0000000    0.0000000    0.0000000
 18   21.0000    0.0120617    0.0023514    0.0000000    0.0000000    0.0015617    0.0000000    0.0000000    0.0000000    0.0000000
 19   22.0000    0.0087532    0.0020020    0.0000000    0.0000000    0.0013176    0.0000000    0.0000000    0.0000000    0.0000000
 20   23.0000    0.0063753    0.0017077    0.0000000    0.0000000    0.0010209    0.0000000    0.0000000    0.0000000    0.0000000
 21   24.0000    0.0046452    0.0014568    0.0000000    0.0000000    0.0007019    0.0000000    0.0000000    0.0000000    0.0000000
 22   25.0000    0.0033827    0.0012425    0.0000000    0.0000000    0.0004633    0.0000000    0.0000000    0.0000000    0.0000000
 23   30.0000    0.0072854    0.0039766    0.0000000    0.0000000    0.0010147    0.0000000    0.0000000    0.0000000    0.0000000
 24   35.0000    0.0015559    0.0018354    0.0000000    0.0000000    0.0002352    0.0000304    0.0000000    0.0000000    0.0000000
 25   40.0000    0.0003516    0.0008717    0.0000000    0.0000000    0.0000000    0.0000392    0.0000000    0.0000000    0.0000000
 26   45.0000    0.0000851    0.0004285    0.0000000    0.0000000    0.0000000    0.0000166    0.0000000    0.0000000    0.0000000
 27   50.0000    0.0000223    0.0002195    0.0000000    0.0000000    0.0000000    0.0000082    0.0000000    0.0000000    0.0000000
 28   55.0000    0.0000065    0.0001180    0.0000000    0.0000000    0.0000000    0.0000043    0.0000000    0.0000000    0.0000000
 29   60.0000    0.0000020    0.0000650    0.0000000    0.0000000    0.0000000    0.0000022    0.0000000    0.0000000    0.0000000
 30   70.0000    0.0000008    0.0000543    0.0000000    0.0000000    0.0000000    0.0000018    0.0000000    0.0000000    0.0000000
 31   80.0000    0.0000001    0.0000141    0.0000000    0.0000000    0.0000000    0.0000004    0.0000000    0.0000000    0.0000000
 32  100.0000    0.0000000    0.0000030    0.0000000    0.0000000    0.0000000    0.0000001    0.0000000    0.0000000    0.0000000



1    J    Z       H2O       O3        CO2       CO        CH4       N2O       O2        NH3       NO        NO2       SO2
        (KM)    (                                                      ATM CM                                             )

   1    4.0000  9.21E+02  8.59E-03  6.86E+01  2.54E-02  3.24E-01  6.10E-02  3.98E+04  6.34E-05  5.72E-05  4.38E-06  3.19E-05
   2    5.0000  5.09E+02  8.86E-03  6.19E+01  2.25E-02  2.91E-01  5.50E-02  3.59E+04  4.20E-05  5.16E-05  3.95E-06  2.26E-05
   3    6.0000  2.86E+02  9.19E-03  5.57E+01  2.00E-02  2.60E-01  4.95E-02  3.23E+04  2.69E-05  4.64E-05  3.56E-06  1.66E-05
   4    7.0000  1.74E+02  9.79E-03  4.99E+01  1.76E-02  2.30E-01  4.44E-02  2.90E+04  1.68E-05  4.16E-05  3.19E-06  1.25E-05
   5    8.0000  1.02E+02  1.05E-02  4.47E+01  1.51E-02  2.04E-01  3.97E-02  2.60E+04  1.01E-05  3.73E-05  2.86E-06  9.63E-06
   6    9.0000  5.81E+01  1.12E-02  4.00E+01  1.27E-02  1.80E-01  3.53E-02  2.32E+04  5.59E-06  3.33E-05  2.57E-06  7.65E-06
   7   10.0000  3.22E+01  1.19E-02  3.57E+01  1.04E-02  1.58E-01  3.10E-02  2.07E+04  2.80E-06  2.97E-05  2.33E-06  6.26E-06
   8   11.0000  1.42E+01  1.35E-02  3.17E+01  8.34E-03  1.38E-01  2.68E-02  1.84E+04  1.34E-06  2.64E-05  2.20E-06  5.23E-06
   9   12.0000  4.44E+00  1.56E-02  2.81E+01  6.55E-03  1.19E-01  2.31E-02  1.63E+04  6.59E-07  2.34E-05  2.24E-06  4.45E-06
  10   13.0000  1.15E+00  1.79E-02  2.48E+01  4.88E-03  1.03E-01  2.00E-02  1.44E+04  3.14E-07  2.07E-05  2.60E-06  3.86E-06
  11   14.0000  3.84E-01  2.19E-02  2.15E+01  3.41E-03  8.77E-02  1.69E-02  1.25E+04  1.18E-07  1.78E-05  3.51E-06  3.36E-06
  12   15.0000  2.13E-01  2.39E-02  1.83E+01  2.28E-03  7.32E-02  1.41E-02  1.07E+04  3.76E-08  1.47E-05  6.08E-06  2.90E-06
  13   16.0000  1.45E-01  2.37E-02  1.56E+01  1.52E-03  6.10E-02  1.16E-02  9.06E+03  1.38E-08  1.19E-05  1.04E-05  2.49E-06
  14   17.0000  1.20E-01  2.40E-02  1.33E+01  1.03E-03  5.08E-02  9.32E-03  7.74E+03  5.79E-09  9.63E-06  1.53E-05  2.06E-06
  15   18.0000  1.00E-01  2.65E-02  1.14E+01  7.02E-04  4.23E-02  7.25E-03  6.59E+03  2.75E-09  7.77E-06  2.01E-05  1.60E-06
  16   19.0000  8.51E-02  3.31E-02  9.66E+00  4.71E-04  3.49E-02  5.39E-03  5.61E+03  1.41E-09  6.49E-06  2.43E-05  1.17E-06
  17   20.0000  7.41E-02  3.95E-02  8.21E+00  3.28E-04  2.86E-02  3.94E-03  4.77E+03  7.18E-10  5.69E-06  2.77E-05  8.16E-07
  18   21.0000  6.54E-02  4.25E-02  6.99E+00  2.49E-04  2.31E-02  2.84E-03  4.06E+03  4.20E-10  5.15E-06  3.03E-05  5.68E-07
  19   22.0000  5.82E-02  4.35E-02  5.95E+00  2.04E-04  1.83E-02  2.04E-03  3.45E+03  3.01E-10  4.81E-06  3.22E-05  4.09E-07
  20   23.0000  5.24E-02  4.42E-02  5.07E+00  1.79E-04  1.44E-02  1.54E-03  2.95E+03  2.33E-10  4.68E-06  3.32E-05  3.07E-07
  21   24.0000  4.72E-02  4.43E-02  4.33E+00  1.63E-04  1.11E-02  1.20E-03  2.51E+03  1.82E-10  4.84E-06  3.37E-05  2.39E-07
  22   25.0000  4.20E-02  4.49E-02  3.69E+00  1.50E-04  8.56E-03  9.53E-04  2.14E+03  1.37E-10  5.74E-06  3.47E-05  1.87E-07
  23   30.0000  1.45E-01  1.87E-01  1.18E+01  5.63E-04  2.35E-02  2.60E-03  6.86E+03  3.08E-10  4.27E-05  1.54E-04  5.13E-07
  24   35.0000  7.28E-02  1.18E-01  5.45E+00  3.33E-04  8.66E-03  7.93E-04  3.17E+03  5.92E-11  6.26E-05  1.00E-04  1.91E-07
  25   40.0000  3.61E-02  5.96E-02  2.59E+00  1.93E-04  3.24E-03  1.95E-04  1.50E+03  6.66E-12  6.31E-05  4.09E-05  8.96E-08
  26   45.0000  1.86E-02  2.15E-02  1.27E+00  1.10E-04  1.21E-03  4.39E-05  7.39E+02  4.58E-13  4.04E-05  8.69E-06  5.87E-08
  27   50.0000  9.91E-03  6.66E-03  6.52E-01  6.26E-05  4.40E-04  9.71E-06  3.79E+02  3.09E-14  2.00E-05  1.41E-06  4.87E-08
  28   55.0000  5.29E-03  2.25E-03  3.51E-01  3.67E-05  1.72E-04  2.57E-06  2.03E+02  5.85E-15  9.94E-06  3.83E-07  3.90E-08
  29   60.0000  2.78E-03  8.38E-04  1.93E-01  2.28E-05  8.26E-05  9.26E-07  1.12E+02  2.29E-15  5.42E-06  1.68E-07  2.60E-08
  30   70.0000  1.99E-03  3.83E-04  1.61E-01  3.13E-05  6.72E-05  5.02E-07  9.37E+01  1.43E-15  4.77E-06  1.18E-07  2.15E-08
  31   80.0000  3.52E-04  3.65E-05  4.19E-02  3.04E-05  1.75E-05  7.81E-08  2.44E+01  2.75E-16  1.90E-06  2.56E-08  3.38E-09
  32  100.0000  3.74E-05  5.92E-06  7.93E-03  3.89E-05  3.55E-06  1.13E-08  4.89E+00  4.72E-17  3.36E-06  4.83E-09  1.76E-10



   J      Z       CFC11    CFC12    CFC13    CFC14    CFC22   CFC113   CFC114   CFC115   CLONO2     HNO4   CHCL2F     CCL4     N2O5
        (KM)    (                                                     ATM CM                                                     )
   1    4.0000 2.67E-05 4.57E-05 1.91E-13 1.91E-13 1.14E-05 3.62E-06 2.29E-06 1.91E-13 6.80E-07 1.21E-06 1.91E-13 2.48E-05 5.18E-10
   2    5.0000 2.41E-05 4.13E-05 1.72E-13 1.72E-13 1.03E-05 3.27E-06 2.06E-06 1.72E-13 5.16E-07 2.14E-06 1.72E-13 2.23E-05 5.74E-10
   3    6.0000 2.16E-05 3.71E-05 1.55E-13 1.55E-13 9.24E-06 2.94E-06 1.86E-06 1.55E-13 3.86E-07 3.61E-06 1.55E-13 2.00E-05 5.96E-10
   4    7.0000 1.94E-05 3.33E-05 1.39E-13 1.39E-13 8.29E-06 2.64E-06 1.66E-06 1.39E-13 2.76E-07 4.75E-06 1.39E-13 1.80E-05 6.07E-10
   5    8.0000 1.74E-05 2.98E-05 1.24E-13 1.24E-13 7.42E-06 2.36E-06 1.49E-06 1.24E-13 1.84E-07 5.62E-06 1.24E-13 1.60E-05 6.08E-10
   6    9.0000 1.55E-05 2.67E-05 1.11E-13 1.11E-13 6.63E-06 2.11E-06 1.33E-06 1.11E-13 1.36E-07 5.56E-06 1.11E-13 1.43E-05 6.06E-10
   7   10.0000 1.38E-05 2.37E-05 9.91E-14 9.91E-14 5.91E-06 1.88E-06 1.19E-06 9.91E-14 1.18E-07 4.78E-06 9.91E-14 1.28E-05 6.00E-10
   8   11.0000 1.23E-05 2.11E-05 8.81E-14 8.81E-14 5.25E-06 1.67E-06 1.06E-06 8.81E-14 1.02E-07 4.09E-06 8.81E-14 1.14E-05 5.86E-10
   9   12.0000 1.09E-05 1.87E-05 7.81E-14 7.81E-14 4.65E-06 1.48E-06 9.37E-07 7.81E-14 8.80E-08 3.48E-06 7.81E-14 1.01E-05 5.67E-10
  10   13.0000 9.45E-06 1.64E-05 6.89E-14 6.89E-14 4.08E-06 1.29E-06 8.23E-07 6.89E-14 3.00E-07 3.43E-06 6.89E-14 8.76E-06 1.45E-08
  11   14.0000 7.96E-06 1.40E-05 5.98E-14 5.98E-14 3.51E-06 1.10E-06 7.07E-07 5.98E-14 6.71E-07 3.75E-06 5.98E-14 7.36E-06 3.84E-08
  12   15.0000 6.58E-06 1.17E-05 5.10E-14 5.10E-14 2.96E-06 9.19E-07 5.96E-07 5.10E-14 9.23E-07 3.85E-06 5.10E-14 6.07E-06 5.48E-08
  13   16.0000 5.42E-06 9.83E-06 4.34E-14 4.34E-14 2.49E-06 7.66E-07 5.01E-07 4.34E-14 1.09E-06 3.83E-06 4.34E-14 4.99E-06 6.54E-08
  14   17.0000 4.36E-06 8.14E-06 3.70E-14 3.70E-14 2.09E-06 6.30E-07 4.20E-07 3.70E-14 2.31E-06 4.34E-06 3.70E-14 3.98E-06 1.85E-07
  15   18.0000 3.38E-06 6.62E-06 3.16E-14 3.16E-14 1.73E-06 5.06E-07 3.48E-07 3.16E-14 4.27E-06 5.20E-06 3.16E-14 3.04E-06 3.80E-07
  16   19.0000 2.58E-06 5.35E-06 2.68E-14 2.68E-14 1.43E-06 4.04E-07 2.87E-07 2.68E-14 5.59E-06 5.70E-06 2.68E-14 2.28E-06 5.12E-07
  17   20.0000 1.95E-06 4.32E-06 2.28E-14 2.28E-14 1.18E-06 3.22E-07 2.36E-07 2.28E-14 6.42E-06 5.93E-06 2.28E-14 1.68E-06 5.96E-07
  18   21.0000 1.44E-06 3.45E-06 1.94E-14 1.94E-14 9.69E-07 2.52E-07 1.94E-07 1.94E-14 7.48E-06 6.14E-06 1.94E-14 1.22E-06 6.85E-07
  19   22.0000 1.04E-06 2.72E-06 1.65E-14 1.65E-14 7.92E-07 1.95E-07 1.58E-07 1.65E-14 8.68E-06 6.33E-06 1.65E-14 8.52E-07 7.74E-07
  20   23.0000 7.22E-07 2.14E-06 1.41E-14 1.41E-14 6.48E-07 1.49E-07 1.28E-07 1.41E-14 9.38E-06 6.34E-06 1.41E-14 5.70E-07 8.24E-07
  21   24.0000 4.77E-07 1.67E-06 1.20E-14 1.20E-14 5.29E-07 1.12E-07 1.04E-07 1.20E-14 9.69E-06 6.22E-06 1.20E-14 3.53E-07 8.42E-07
  22   25.0000 3.14E-07 1.29E-06 1.03E-14 1.03E-14 4.30E-07 8.37E-08 8.40E-08 1.03E-14 9.48E-06 5.80E-06 1.03E-14 2.19E-07 7.85E-07
  23   30.0000 4.42E-07 2.93E-06 3.28E-14 3.28E-14 1.18E-06 1.70E-07 2.26E-07 3.28E-14 3.42E-05 1.80E-05 3.28E-14 2.70E-07 2.20E-06
  24   35.0000 2.20E-08 5.95E-07 1.51E-14 1.51E-14 3.90E-07 2.58E-08 7.11E-08 1.51E-14 1.26E-05 4.76E-06 1.51E-14 8.24E-09 4.54E-07
  25   40.0000 3.70E-10 9.40E-08 7.19E-15 7.19E-15 1.26E-07 2.67E-09 2.17E-08 7.19E-15 1.57E-06 4.21E-07 7.19E-15 5.24E-11 2.33E-08
  26   45.0000 2.39E-12 1.41E-08 3.54E-15 3.54E-15 4.33E-08 2.57E-10 7.03E-09 3.54E-15 5.22E-08 1.49E-08 3.54E-15 3.88E-14 2.21E-10
  27   50.0000 6.45E-14 2.65E-09 1.81E-15 1.81E-15 1.75E-08 3.63E-11 2.62E-09 1.81E-15 9.62E-10 6.64E-10 1.81E-15 2.96E-16 2.01E-12
  28   55.0000 2.53E-15 6.13E-10 9.74E-16 9.74E-16 8.25E-09 6.57E-12 1.12E-09 9.74E-16 1.40E-11 3.11E-11 9.74E-16 3.50E-18 1.71E-14
  29   60.0000 1.28E-16 1.62E-10 5.36E-16 5.36E-16 4.25E-09 1.39E-12 5.15E-10 5.36E-16 1.74E-13 1.43E-12 5.36E-16 5.48E-20 1.25E-16
  30   70.0000 5.84E-18 5.03E-11 4.48E-16 4.48E-16 3.36E-09 3.22E-13 3.35E-10 4.48E-16 2.00E-15 9.33E-14 4.48E-16 5.47E-22 5.22E-19
  31   80.0000 1.63E-20 2.43E-12 1.17E-16 1.17E-16 8.08E-10 9.37E-15 5.70E-11 1.17E-16 1.81E-18 1.40E-15 1.17E-16 2.31E-25 2.08E-22
  32  100.0000 1.32E-23 5.59E-14 2.49E-17 2.49E-17 1.24E-10 1.14E-16 5.25E-12 2.49E-17 1.42E-22 2.79E-18 2.49E-17 1.50E-29 2.11E-26


 SUMMARY OF THE GEOMETRY CALCULATION

          H1ALT   =    3.00000 KM
          H2ALT   =  100.00000 KM
          OBSZEN  =   70.00000 DEG
          HRANGE  =  269.47702 KM
          BETA    =    2.24301 DEG
          PHI     =  112.21208 DEG
          HMIN    =    3.00000 KM
          BENDING =    0.03093 DEG
          LENN    =          0


   TOTAL COLUMN ABSORBER AMOUNTS FOR THE LINE-OF-SIGHT PATH:

                 HNO3      O3 UV      CNTMSLF1    CNTMSLF2    CNTMFRN     N2 CONT     MOL SCAT   TOTAL AER
               (ATM CM)   (ATM CM)   (MOL CM-2)  (MOL CM-2)  (MOL CM-2)              ( 550 NM EXTINCTION )
            1.0572E-03  9.2497E-01  1.2643E+20  7.9380E+19  3.5505E+22  5.6225E+00  0.19785386  0.15683535


                AER 1       AER 2       AER 3       AER 4      CIRRUS     WAT DROP    ICE PART   MEAN AER RH
                (                 550 NM EXTINCTION                 )    (KM GM/M3)  (KM GM/M3)   (PERCENT)
             0.00000000  0.13601345  0.02071872  0.00010318   0.000000    0.000000    0.000000      0.0000


                H2O         O3          CO2         CO          CH4         N2O

             (                                   ATM CM                                   )
            2.1046E+03  9.2497E-01  5.8778E+02  1.5547E-01  2.4980E+00  4.6658E-01


                O2          NH3         NO          NO2         SO2
               (                      ATM CM                      )
            3.4124E+05  1.7004E-04  7.2114E-04  6.0763E-04  1.3783E-04


               CFC11       CFC12       CFC13       CFC14       CFC22      CFC113      CFC114
             (                                    ATM CM                                    )
            2.0788E-04  3.6864E-04  1.6327E-12  1.6327E-12  9.3682E-05  2.8886E-05  1.8794E-05


              CFC115      CLONO2        HNO4      CHCL2F        CCL4        N2O5
             (                                    ATM CM                                    )
            1.6327E-12  1.1720E-04  1.2531E-04  1.6327E-12  1.9135E-04  8.4346E-06

550 nm SINGLE SCATTERING ALBEDO OF THE FOUR AEROSOL MODELS
[NOMINALLY: (1) Boundary Layer, (2) Tropospheric, (3) Stratospheric, and (4) Volcanic]
     AER 1:      0.940674
     AER 2:      0.963462
     AER 3:      1.000000
     AER 4:      0.994932

 SUN ELLIPTIC ORBIT SOLAR IRRADIANCE FACTOR FOR DAY 172:   0.96867

                      IRRADIANCE (WATTS/CM2-XXXX)

   FREQ  WAVELENGTH      TRANSMITTED           SOLAR           INTEGRATED         TOTAL
  (CM-1) (MICRON)     (CM-1)    (MICRN)   (CM-1)    (MICRN)   TRANS.    SOLAR     TRANS
 9080.00 1.101322    6.28E-06  5.18E-02  6.91E-06  5.70E-02  3.14E-06  3.46E-06   0.9088
 9081.00 1.101200    5.75E-06  4.74E-02  6.94E-06  5.73E-02  8.89E-06  1.04E-05   0.8279
 9082.00 1.101079    4.58E-06  3.77E-02  6.92E-06  5.71E-02  1.35E-05  1.73E-05   0.6611
 9083.00 1.100958    5.08E-06  4.19E-02  6.93E-06  5.72E-02  1.85E-05  2.43E-05   0.7334
 9084.00 1.100837    6.37E-06  5.26E-02  6.90E-06  5.70E-02  2.49E-05  3.12E-05   0.9226
 9085.00 1.100716    5.80E-06  4.79E-02  6.90E-06  5.69E-02  3.07E-05  3.81E-05   0.8411
 9086.00 1.100594    5.02E-06  4.15E-02  6.90E-06  5.70E-02  3.57E-05  4.50E-05   0.7277
 9087.00 1.100473    6.02E-06  4.97E-02  6.93E-06  5.72E-02  4.18E-05  5.19E-05   0.8682
 9088.00 1.100352    6.39E-06  5.28E-02  6.91E-06  5.71E-02  4.82E-05  5.88E-05   0.9241
 9089.00 1.100231    5.78E-06  4.77E-02  6.92E-06  5.72E-02  5.39E-05  6.57E-05   0.8351
 9090.00 1.100110    6.25E-06  5.16E-02  6.92E-06  5.72E-02  6.02E-05  7.26E-05   0.9029
 9091.00 1.099989    5.13E-06  4.24E-02  6.91E-06  5.71E-02  6.53E-05  7.96E-05   0.7427
 9092.00 1.099868    5.37E-06  4.44E-02  6.91E-06  5.71E-02  7.07E-05  8.65E-05   0.7776
 9093.00 1.099747    4.57E-06  3.77E-02  6.94E-06  5.74E-02  7.53E-05  9.34E-05   0.6581
 9094.00 1.099626    5.83E-06  4.82E-02  6.94E-06  5.74E-02  8.11E-05  1.00E-04   0.8402
 9095.00 1.099505    5.60E-06  4.63E-02  6.96E-06  5.76E-02  8.67E-05  1.07E-04   0.8053
 9096.00 1.099384    5.95E-06  4.92E-02  6.97E-06  5.77E-02  9.26E-05  1.14E-04   0.8539
 9097.00 1.099264    6.43E-06  5.32E-02  6.93E-06  5.74E-02  9.91E-05  1.21E-04   0.9272
 9098.00 1.099143    5.53E-06  4.58E-02  6.91E-06  5.72E-02  1.05E-04  1.28E-04   0.8002
 9099.00 1.099022    5.94E-06  4.91E-02  6.85E-06  5.67E-02  1.11E-04  1.35E-04   0.8663
 9100.00 1.098901    5.08E-06  4.20E-02  6.81E-06  5.64E-02  1.16E-04  1.42E-04   0.7455
 9101.00 1.098780    5.72E-06  4.73E-02  6.69E-06  5.54E-02  1.21E-04  1.48E-04   0.8539
 9102.00 1.098660    6.13E-06  5.08E-02  6.67E-06  5.52E-02  1.27E-04  1.55E-04   0.9193
 9103.00 1.098539    5.37E-06  4.45E-02  6.56E-06  5.43E-02  1.33E-04  1.62E-04   0.8194
 9104.00 1.098418    6.04E-06  5.00E-02  6.50E-06  5.39E-02  1.39E-04  1.68E-04   0.9291
 9105.00 1.098298    6.05E-06  5.01E-02  6.51E-06  5.39E-02  1.45E-04  1.75E-04   0.9293
 9106.00 1.098177    5.48E-06  4.55E-02  6.62E-06  5.49E-02  1.50E-04  1.81E-04   0.8280
 9107.00 1.098056    5.44E-06  4.52E-02  6.68E-06  5.54E-02  1.56E-04  1.88E-04   0.8148
 9108.00 1.097936    4.61E-06  3.83E-02  6.78E-06  5.63E-02  1.60E-04  1.95E-04   0.6798
 9109.00 1.097815    5.85E-06  4.85E-02  6.91E-06  5.73E-02  1.66E-04  2.02E-04   0.8458
 9110.00 1.097695    6.16E-06  5.11E-02  6.93E-06  5.75E-02  1.72E-04  2.09E-04   0.8883
 9111.00 1.097574    5.46E-06  4.53E-02  6.89E-06  5.72E-02  1.78E-04  2.16E-04   0.7919
 9112.00 1.097454    6.40E-06  5.32E-02  6.88E-06  5.71E-02  1.84E-04  2.22E-04   0.9307
 9113.00 1.097333    6.41E-06  5.32E-02  6.88E-06  5.71E-02  1.91E-04  2.29E-04   0.9319
 9114.00 1.097213    6.19E-06  5.14E-02  6.83E-06  5.67E-02  1.97E-04  2.36E-04   0.9066
 9115.00 1.097093    6.22E-06  5.17E-02  6.66E-06  5.53E-02  2.03E-04  2.43E-04   0.9334
 9116.00 1.096972    6.20E-06  5.15E-02  6.63E-06  5.51E-02  2.09E-04  2.49E-04   0.9344
 9117.00 1.096852    6.18E-06  5.14E-02  6.62E-06  5.50E-02  2.16E-04  2.56E-04   0.9343
 9118.00 1.096732    6.18E-06  5.14E-02  6.62E-06  5.51E-02  2.22E-04  2.63E-04   0.9326
 9119.00 1.096611    6.17E-06  5.13E-02  6.69E-06  5.56E-02  2.28E-04  2.69E-04   0.9225
 9120.00 1.096491    6.10E-06  5.07E-02  6.87E-06  5.71E-02  2.34E-04  2.76E-04   0.8875
 9121.00 1.096371    6.23E-06  5.18E-02  6.91E-06  5.75E-02  2.40E-04  2.83E-04   0.9009
 9122.00 1.096251    5.12E-06  4.26E-02  6.81E-06  5.66E-02  2.45E-04  2.90E-04   0.7523
 9123.00 1.096131    6.08E-06  5.06E-02  6.81E-06  5.66E-02  2.51E-04  2.97E-04   0.8927
 9124.00 1.096011    4.97E-06  4.14E-02  6.78E-06  5.65E-02  2.56E-04  3.04E-04   0.7332
 9125.00 1.095890    4.73E-06  3.94E-02  6.68E-06  5.57E-02  2.61E-04  3.10E-04   0.7083
 9126.00 1.095770    5.51E-06  4.59E-02  6.65E-06  5.54E-02  2.67E-04  3.17E-04   0.8286
 9127.00 1.095650    6.27E-06  5.23E-02  6.76E-06  5.63E-02  2.73E-04  3.24E-04   0.9277
 9128.00 1.095530    6.31E-06  5.26E-02  6.77E-06  5.64E-02  2.79E-04  3.30E-04   0.9327
 9129.00 1.095410    6.15E-06  5.13E-02  6.75E-06  5.63E-02  2.85E-04  3.37E-04   0.9107

                      IRRADIANCE (WATTS/CM2-XXXX)

   FREQ  WAVELENGTH      TRANSMITTED           SOLAR           INTEGRATED         TOTAL
  (CM-1) (MICRON)     (CM-1)    (MICRN)   (CM-1)    (MICRN)   TRANS.    SOLAR     TRANS
 9130.00 1.095290    6.20E-06  5.17E-02  6.82E-06  5.68E-02  2.92E-04  3.44E-04   0.9093
 9131.00 1.095170    6.36E-06  5.31E-02  6.84E-06  5.71E-02  2.98E-04  3.51E-04   0.9297
 9132.00 1.095050    6.11E-06  5.09E-02  6.83E-06  5.69E-02  3.04E-04  3.58E-04   0.8945
 9133.00 1.094931    4.55E-06  3.80E-02  6.80E-06  5.67E-02  3.09E-04  3.64E-04   0.6693
 9134.00 1.094811    5.96E-06  4.98E-02  6.77E-06  5.65E-02  3.15E-04  3.71E-04   0.8805
 9135.00 1.094691    5.54E-06  4.63E-02  6.73E-06  5.61E-02  3.20E-04  3.78E-04   0.8241
 9136.00 1.094571    5.70E-06  4.76E-02  6.62E-06  5.53E-02  3.26E-04  3.85E-04   0.8603
 9137.00 1.094451    5.90E-06  4.93E-02  6.45E-06  5.38E-02  3.32E-04  3.91E-04   0.9149
 9138.00 1.094331    5.56E-06  4.64E-02  6.20E-06  5.18E-02  3.37E-04  3.97E-04   0.8962
 9139.00 1.094212    5.59E-06  4.67E-02  6.07E-06  5.07E-02  3.43E-04  4.03E-04   0.9212
 9140.00 1.094092    5.63E-06  4.70E-02  6.04E-06  5.05E-02  3.48E-04  4.09E-04   0.9313
 9141.00 1.093972    5.69E-06  4.75E-02  6.10E-06  5.10E-02  3.54E-04  4.15E-04   0.9332
 9142.00 1.093853    5.24E-06  4.38E-02  6.25E-06  5.23E-02  3.59E-04  4.22E-04   0.8379
 9143.00 1.093733    6.00E-06  5.01E-02  6.50E-06  5.44E-02  3.65E-04  4.28E-04   0.9220
 9144.00 1.093613    6.21E-06  5.19E-02  6.66E-06  5.57E-02  3.72E-04  4.35E-04   0.9325
 9145.00 1.093494    6.27E-06  5.24E-02  6.73E-06  5.63E-02  3.78E-04  4.42E-04   0.9311
 9146.00 1.093374    5.71E-06  4.78E-02  6.78E-06  5.67E-02  3.84E-04  4.48E-04   0.8422
 9147.00 1.093255    6.33E-06  5.30E-02  6.80E-06  5.69E-02  3.90E-04  4.55E-04   0.9308
 9148.00 1.093135    6.34E-06  5.30E-02  6.81E-06  5.70E-02  3.96E-04  4.62E-04   0.9309
 9149.00 1.093016    6.25E-06  5.23E-02  6.83E-06  5.72E-02  4.02E-04  4.69E-04   0.9149
 9150.00 1.092896    5.74E-06  4.81E-02  6.87E-06  5.75E-02  4.08E-04  4.76E-04   0.8361
 9151.00 1.092777    4.53E-06  3.79E-02  6.90E-06  5.78E-02  4.13E-04  4.83E-04   0.6563
 9152.00 1.092657    5.97E-06  5.00E-02  6.93E-06  5.81E-02  4.19E-04  4.89E-04   0.8616
 9153.00 1.092538    4.99E-06  4.18E-02  6.98E-06  5.84E-02  4.24E-04  4.96E-04   0.7150
 9154.00 1.092419    6.42E-06  5.38E-02  6.98E-06  5.85E-02  4.30E-04  5.03E-04   0.9199
 9155.00 1.092299    6.51E-06  5.45E-02  6.99E-06  5.85E-02  4.37E-04  5.10E-04   0.9314
 9156.00 1.092180    6.51E-06  5.46E-02  6.97E-06  5.85E-02  4.43E-04  5.17E-04   0.9339
 9157.00 1.092061    6.31E-06  5.29E-02  6.87E-06  5.76E-02  4.49E-04  5.24E-04   0.9191
 9158.00 1.091941    6.37E-06  5.34E-02  6.82E-06  5.72E-02  4.56E-04  5.31E-04   0.9336
 9159.00 1.091822    6.31E-06  5.29E-02  6.83E-06  5.73E-02  4.62E-04  5.38E-04   0.9235
 9160.00 1.091703    6.39E-06  5.36E-02  6.83E-06  5.73E-02  4.69E-04  5.45E-04   0.9352
 9161.00 1.091584    6.41E-06  5.38E-02  6.85E-06  5.75E-02  4.75E-04  5.52E-04   0.9349
 9162.00 1.091465    6.51E-06  5.47E-02  6.96E-06  5.85E-02  4.81E-04  5.59E-04   0.9350
 9163.00 1.091346    6.55E-06  5.50E-02  7.02E-06  5.90E-02  4.88E-04  5.66E-04   0.9320
 9164.00 1.091227    6.43E-06  5.40E-02  7.03E-06  5.90E-02  4.94E-04  5.73E-04   0.9152
 9165.00 1.091107    6.54E-06  5.49E-02  7.00E-06  5.88E-02  5.01E-04  5.80E-04   0.9342
 9166.00 1.090988    6.54E-06  5.50E-02  7.00E-06  5.88E-02  5.07E-04  5.87E-04   0.9349
 9167.00 1.090869    6.54E-06  5.49E-02  7.01E-06  5.89E-02  5.14E-04  5.94E-04   0.9328
 9168.00 1.090750    6.42E-06  5.39E-02  7.01E-06  5.89E-02  5.20E-04  6.01E-04   0.9157
 9169.00 1.090631    5.83E-06  4.90E-02  7.02E-06  5.90E-02  5.26E-04  6.08E-04   0.8315
 9170.00 1.090513    6.49E-06  5.45E-02  7.05E-06  5.92E-02  5.33E-04  6.15E-04   0.9205
 9171.00 1.090394    4.73E-06  3.98E-02  7.05E-06  5.93E-02  5.37E-04  6.22E-04   0.6708
 9172.00 1.090275    6.46E-06  5.44E-02  7.03E-06  5.91E-02  5.44E-04  6.29E-04   0.9194
 9173.00 1.090156    5.98E-06  5.04E-02  6.96E-06  5.86E-02  5.50E-04  6.36E-04   0.8599
 9174.00 1.090037    6.43E-06  5.41E-02  6.92E-06  5.83E-02  5.56E-04  6.43E-04   0.9294
 9175.00 1.089918    6.46E-06  5.43E-02  6.91E-06  5.82E-02  5.63E-04  6.50E-04   0.9344
 9176.00 1.089800    6.44E-06  5.43E-02  6.90E-06  5.81E-02  5.69E-04  6.56E-04   0.9334
 9177.00 1.089681    6.41E-06  5.40E-02  6.88E-06  5.80E-02  5.76E-04  6.63E-04   0.9317
 9178.00 1.089562    5.75E-06  4.85E-02  6.94E-06  5.85E-02  5.81E-04  6.70E-04   0.8289
 9179.00 1.089443    6.32E-06  5.33E-02  6.98E-06  5.88E-02  5.88E-04  6.77E-04   0.9062

                      IRRADIANCE (WATTS/CM2-XXXX)

   FREQ  WAVELENGTH      TRANSMITTED           SOLAR           INTEGRATED         TOTAL
  (CM-1) (MICRON)     (CM-1)    (MICRN)   (CM-1)    (MICRN)   TRANS.    SOLAR     TRANS
 9180.00 1.089325    6.40E-06  5.40E-02  6.98E-06  5.88E-02  5.94E-04  6.84E-04   0.9171
 9181.00 1.089206    5.61E-06  4.73E-02  6.96E-06  5.87E-02  6.00E-04  6.91E-04   0.8067
 9182.00 1.089087    6.35E-06  5.35E-02  6.86E-06  5.78E-02  6.06E-04  6.98E-04   0.9260
 9183.00 1.088969    6.16E-06  5.19E-02  6.78E-06  5.71E-02  6.12E-04  7.05E-04   0.9086
 9184.00 1.088850    6.26E-06  5.28E-02  6.70E-06  5.65E-02  6.19E-04  7.12E-04   0.9342
 9185.00 1.088732    6.23E-06  5.26E-02  6.67E-06  5.62E-02  6.25E-04  7.18E-04   0.9347
 9186.00 1.088613    6.24E-06  5.26E-02  6.69E-06  5.64E-02  6.31E-04  7.25E-04   0.9324
 9187.00 1.088495    5.88E-06  4.97E-02  6.83E-06  5.76E-02  6.37E-04  7.32E-04   0.8618
 9188.00 1.088376    6.46E-06  5.45E-02  6.92E-06  5.84E-02  6.43E-04  7.39E-04   0.9336
 9189.00 1.088258    6.54E-06  5.52E-02  7.00E-06  5.91E-02  6.50E-04  7.46E-04   0.9350
 9190.00 1.088139    6.57E-06  5.55E-02  7.04E-06  5.94E-02  6.56E-04  7.53E-04   0.9340
 9191.00 1.088021    6.58E-06  5.56E-02  7.04E-06  5.95E-02  6.63E-04  7.60E-04   0.9347
 9192.00 1.087903    6.51E-06  5.50E-02  7.04E-06  5.95E-02  6.70E-04  7.67E-04   0.9248
 9193.00 1.087784    6.18E-06  5.23E-02  7.02E-06  5.93E-02  6.76E-04  7.74E-04   0.8808
 9194.00 1.087666    6.51E-06  5.50E-02  6.97E-06  5.89E-02  6.82E-04  7.81E-04   0.9340
 9195.00 1.087548    6.32E-06  5.34E-02  6.76E-06  5.72E-02  6.89E-04  7.87E-04   0.9348
 9196.00 1.087429    6.04E-06  5.11E-02  6.46E-06  5.47E-02  6.95E-04  7.94E-04   0.9341
 9197.00 1.087311    5.96E-06  5.04E-02  6.40E-06  5.42E-02  7.01E-04  8.00E-04   0.9300
 9198.00 1.087193    5.60E-06  4.74E-02  6.42E-06  5.43E-02  7.06E-04  8.07E-04   0.8726
 9199.00 1.087075    5.45E-06  4.61E-02  6.47E-06  5.47E-02  7.12E-04  8.13E-04   0.8422
 9200.00 1.086957    6.21E-06  5.25E-02  6.65E-06  5.63E-02  7.18E-04  8.20E-04   0.9332
 9201.00 1.086838    6.41E-06  5.42E-02  6.86E-06  5.81E-02  7.24E-04  8.27E-04   0.9341
 9202.00 1.086720    6.41E-06  5.43E-02  6.90E-06  5.84E-02  7.31E-04  8.34E-04   0.9293
 9203.00 1.086602    6.21E-06  5.26E-02  6.90E-06  5.85E-02  7.37E-04  8.41E-04   0.9003
 9204.00 1.086484    6.43E-06  5.44E-02  6.90E-06  5.85E-02  7.43E-04  8.47E-04   0.9307
 9205.00 1.086366    6.17E-06  5.23E-02  6.93E-06  5.87E-02  7.49E-04  8.54E-04   0.8901
 9206.00 1.086248    4.90E-06  4.15E-02  7.03E-06  5.96E-02  7.54E-04  8.61E-04   0.6962
 9207.00 1.086130    6.37E-06  5.40E-02  7.06E-06  5.98E-02  7.61E-04  8.68E-04   0.9025
 9208.00 1.086012    5.40E-06  4.58E-02  7.06E-06  5.99E-02  7.66E-04  8.76E-04   0.7646
 9209.00 1.085894    6.57E-06  5.57E-02  7.07E-06  5.99E-02  7.73E-04  8.83E-04   0.9297
 9210.00 1.085776    6.60E-06  5.60E-02  7.07E-06  5.99E-02  7.79E-04  8.90E-04   0.9334
 9211.00 1.085658    6.59E-06  5.59E-02  7.06E-06  5.99E-02  7.86E-04  8.97E-04   0.9328
 9212.00 1.085541    6.47E-06  5.49E-02  7.06E-06  5.99E-02  7.92E-04  9.04E-04   0.9162
 9213.00 1.085423    6.46E-06  5.49E-02  7.06E-06  5.99E-02  7.99E-04  9.11E-04   0.9155
 9214.00 1.085305    6.44E-06  5.46E-02  7.06E-06  5.99E-02  8.05E-04  9.18E-04   0.9119
 9215.00 1.085187    6.43E-06  5.46E-02  7.05E-06  5.99E-02  8.12E-04  9.25E-04   0.9117
 9216.00 1.085069    6.57E-06  5.58E-02  7.04E-06  5.98E-02  8.18E-04  9.32E-04   0.9343
 9217.00 1.084952    6.45E-06  5.48E-02  6.92E-06  5.88E-02  8.25E-04  9.39E-04   0.9321
 9218.00 1.084834    6.43E-06  5.46E-02  6.89E-06  5.86E-02  8.31E-04  9.46E-04   0.9327
 9219.00 1.084716    6.42E-06  5.46E-02  6.89E-06  5.86E-02  8.38E-04  9.53E-04   0.9311
 9220.00 1.084599    5.96E-06  5.07E-02  6.90E-06  5.86E-02  8.43E-04  9.60E-04   0.8641
 9221.00 1.084481    6.43E-06  5.47E-02  6.90E-06  5.87E-02  8.50E-04  9.67E-04   0.9320
 9222.00 1.084363    6.34E-06  5.39E-02  7.02E-06  5.97E-02  8.56E-04  9.74E-04   0.9037
 9223.00 1.084246    6.57E-06  5.59E-02  7.04E-06  5.99E-02  8.63E-04  9.81E-04   0.9332
 9224.00 1.084128    6.24E-06  5.31E-02  7.03E-06  5.98E-02  8.69E-04  9.88E-04   0.8874
 9225.00 1.084011    6.47E-06  5.51E-02  6.98E-06  5.94E-02  8.76E-04  9.95E-04   0.9273
 9226.00 1.083893    6.51E-06  5.54E-02  6.98E-06  5.94E-02  8.82E-04  1.00E-03   0.9333
 9227.00 1.083776    6.46E-06  5.50E-02  6.98E-06  5.94E-02  8.89E-04  1.01E-03   0.9252
 9228.00 1.083658    5.96E-06  5.07E-02  6.97E-06  5.94E-02  8.94E-04  1.02E-03   0.8545
 9229.00 1.083541    5.27E-06  4.49E-02  6.94E-06  5.91E-02  9.00E-04  1.02E-03   0.7584

                      IRRADIANCE (WATTS/CM2-XXXX)

   FREQ  WAVELENGTH      TRANSMITTED           SOLAR           INTEGRATED         TOTAL
  (CM-1) (MICRON)     (CM-1)    (MICRN)   (CM-1)    (MICRN)   TRANS.    SOLAR     TRANS
 9230.00 1.083424    6.31E-06  5.37E-02  6.95E-06  5.92E-02  9.06E-04  1.03E-03   0.9079
 9231.00 1.083306    6.32E-06  5.38E-02  6.77E-06  5.77E-02  9.12E-04  1.04E-03   0.9326
 9232.00 1.083189    6.12E-06  5.21E-02  6.55E-06  5.58E-02  9.18E-04  1.04E-03   0.9338
 9233.00 1.083072    6.09E-06  5.19E-02  6.52E-06  5.56E-02  9.25E-04  1.05E-03   0.9341
 9234.00 1.082954    6.11E-06  5.21E-02  6.55E-06  5.58E-02  9.31E-04  1.06E-03   0.9342
 9235.00 1.082837    6.15E-06  5.24E-02  6.58E-06  5.61E-02  9.37E-04  1.06E-03   0.9343
 9236.00 1.082720    6.27E-06  5.35E-02  6.71E-06  5.72E-02  9.43E-04  1.07E-03   0.9343
 9237.00 1.082603    6.36E-06  5.43E-02  6.81E-06  5.81E-02  9.49E-04  1.08E-03   0.9340
 9238.00 1.082485    6.33E-06  5.40E-02  6.83E-06  5.83E-02  9.56E-04  1.08E-03   0.9266
 9239.00 1.082368    6.33E-06  5.41E-02  6.78E-06  5.79E-02  9.62E-04  1.09E-03   0.9341
 9240.00 1.082251    6.32E-06  5.40E-02  6.77E-06  5.78E-02  9.68E-04  1.10E-03   0.9340
 9241.00 1.082134    6.36E-06  5.43E-02  6.82E-06  5.83E-02  9.75E-04  1.10E-03   0.9317
 9242.00 1.082017    6.40E-06  5.47E-02  6.95E-06  5.93E-02  9.81E-04  1.11E-03   0.9215
 9243.00 1.081900    6.23E-06  5.32E-02  6.97E-06  5.95E-02  9.87E-04  1.12E-03   0.8939
 9244.00 1.081783    6.50E-06  5.55E-02  6.97E-06  5.95E-02  9.94E-04  1.12E-03   0.9328
 9245.00 1.081666    6.29E-06  5.37E-02  6.74E-06  5.76E-02  1.00E-03  1.13E-03   0.9331
 9246.00 1.081549    6.08E-06  5.20E-02  6.65E-06  5.69E-02  1.01E-03  1.14E-03   0.9143
 9247.00 1.081432    5.50E-06  4.70E-02  6.61E-06  5.65E-02  1.01E-03  1.14E-03   0.8322
 9248.00 1.081315    6.08E-06  5.20E-02  6.61E-06  5.65E-02  1.02E-03  1.15E-03   0.9202
 9249.00 1.081198    6.18E-06  5.29E-02  6.67E-06  5.70E-02  1.02E-03  1.16E-03   0.9271
 9250.00 1.081081    6.46E-06  5.53E-02  6.93E-06  5.93E-02  1.03E-03  1.16E-03   0.9329
 9251.00 1.080964    6.36E-06  5.44E-02  7.01E-06  6.00E-02  1.04E-03  1.17E-03   0.9062
 9252.00 1.080847    6.56E-06  5.62E-02  7.04E-06  6.03E-02  1.04E-03  1.18E-03   0.9320
 9253.00 1.080731    6.54E-06  5.60E-02  7.04E-06  6.03E-02  1.05E-03  1.19E-03   0.9294
 9254.00 1.080614    6.28E-06  5.37E-02  7.03E-06  6.02E-02  1.06E-03  1.19E-03   0.8923
 9255.00 1.080497    6.55E-06  5.61E-02  7.03E-06  6.02E-02  1.06E-03  1.20E-03   0.9323
 9256.00 1.080380    6.52E-06  5.59E-02  7.02E-06  6.01E-02  1.07E-03  1.21E-03   0.9301
 9257.00 1.080264    5.46E-06  4.67E-02  7.03E-06  6.02E-02  1.07E-03  1.21E-03   0.7761
 9258.00 1.080147    6.51E-06  5.58E-02  7.01E-06  6.01E-02  1.08E-03  1.22E-03   0.9279
 9259.00 1.080030    6.51E-06  5.58E-02  7.01E-06  6.01E-02  1.09E-03  1.23E-03   0.9278
 9260.00 1.079914    6.55E-06  5.61E-02  7.02E-06  6.02E-02  1.09E-03  1.23E-03   0.9322
 9261.00 1.079797    6.39E-06  5.48E-02  7.04E-06  6.04E-02  1.10E-03  1.24E-03   0.9075
 9262.00 1.079680    6.57E-06  5.64E-02  7.05E-06  6.05E-02  1.11E-03  1.25E-03   0.9325
 9263.00 1.079564    6.47E-06  5.55E-02  7.08E-06  6.07E-02  1.11E-03  1.26E-03   0.9139
 9264.00 1.079447    6.59E-06  5.66E-02  7.08E-06  6.08E-02  1.12E-03  1.26E-03   0.9309
 9265.00 1.079331    6.57E-06  5.64E-02  7.04E-06  6.05E-02  1.13E-03  1.27E-03   0.9328
 9266.00 1.079214    6.38E-06  5.47E-02  6.84E-06  5.87E-02  1.13E-03  1.28E-03   0.9323
 9267.00 1.079098    6.33E-06  5.43E-02  6.78E-06  5.82E-02  1.14E-03  1.28E-03   0.9329
 9268.00 1.078981    6.25E-06  5.37E-02  6.70E-06  5.76E-02  1.15E-03  1.29E-03   0.9328
 9269.00 1.078865    6.17E-06  5.30E-02  6.61E-06  5.68E-02  1.15E-03  1.30E-03   0.9327
 9270.00 1.078749    6.17E-06  5.30E-02  6.62E-06  5.69E-02  1.16E-03  1.30E-03   0.9326
 9271.00 1.078632    6.34E-06  5.45E-02  6.80E-06  5.84E-02  1.16E-03  1.31E-03   0.9323
 9272.00 1.078516    6.26E-06  5.38E-02  6.85E-06  5.89E-02  1.17E-03  1.32E-03   0.9143
 9273.00 1.078400    6.36E-06  5.47E-02  6.93E-06  5.96E-02  1.18E-03  1.32E-03   0.9174
 9274.00 1.078283    6.53E-06  5.62E-02  7.02E-06  6.04E-02  1.18E-03  1.33E-03   0.9300
 9275.00 1.078167    6.44E-06  5.54E-02  7.06E-06  6.07E-02  1.19E-03  1.34E-03   0.9120
 9276.00 1.078051    6.59E-06  5.67E-02  7.07E-06  6.09E-02  1.20E-03  1.34E-03   0.9318
 9277.00 1.077935    6.59E-06  5.67E-02  7.08E-06  6.09E-02  1.20E-03  1.35E-03   0.9318
 9278.00 1.077819    6.59E-06  5.67E-02  7.07E-06  6.09E-02  1.21E-03  1.36E-03   0.9311
 9279.00 1.077702    6.58E-06  5.66E-02  7.07E-06  6.09E-02  1.22E-03  1.37E-03   0.9300

                      IRRADIANCE (WATTS/CM2-XXXX)

   FREQ  WAVELENGTH      TRANSMITTED           SOLAR           INTEGRATED         TOTAL
  (CM-1) (MICRON)     (CM-1)    (MICRN)   (CM-1)    (MICRN)   TRANS.    SOLAR     TRANS
 9280.00 1.077586    6.13E-06  5.28E-02  7.07E-06  6.09E-02  1.22E-03  1.37E-03   0.8677
 9281.00 1.077470    5.61E-06  4.83E-02  7.06E-06  6.08E-02  1.23E-03  1.38E-03   0.7941
 9282.00 1.077354    6.53E-06  5.62E-02  7.03E-06  6.06E-02  1.23E-03  1.39E-03   0.9288
 9283.00 1.077238    6.51E-06  5.61E-02  7.00E-06  6.04E-02  1.24E-03  1.39E-03   0.9292
 9284.00 1.077122    6.37E-06  5.49E-02  6.97E-06  6.00E-02  1.25E-03  1.40E-03   0.9146
 9285.00 1.077006    6.48E-06  5.59E-02  6.96E-06  6.00E-02  1.25E-03  1.41E-03   0.9310
 9286.00 1.076890    6.50E-06  5.61E-02  6.98E-06  6.02E-02  1.26E-03  1.42E-03   0.9311
 9287.00 1.076774    6.53E-06  5.63E-02  7.01E-06  6.05E-02  1.27E-03  1.42E-03   0.9311
 9288.00 1.076658    6.55E-06  5.65E-02  7.04E-06  6.07E-02  1.27E-03  1.43E-03   0.9309
 9289.00 1.076542    6.59E-06  5.68E-02  7.08E-06  6.11E-02  1.28E-03  1.44E-03   0.9303
 9290.00 1.076426    6.45E-06  5.57E-02  7.08E-06  6.11E-02  1.29E-03  1.44E-03   0.9110
 9291.00 1.076310    6.56E-06  5.66E-02  7.08E-06  6.12E-02  1.29E-03  1.45E-03   0.9256
 9292.00 1.076195    6.59E-06  5.69E-02  7.09E-06  6.12E-02  1.30E-03  1.46E-03   0.9303
 9293.00 1.076079    6.59E-06  5.69E-02  7.08E-06  6.12E-02  1.31E-03  1.46E-03   0.9305
 9294.00 1.075963    6.54E-06  5.65E-02  7.03E-06  6.08E-02  1.31E-03  1.47E-03   0.9303
 9295.00 1.075847    6.47E-06  5.59E-02  6.96E-06  6.01E-02  1.32E-03  1.48E-03   0.9301
 9296.00 1.075732    6.44E-06  5.56E-02  6.94E-06  6.00E-02  1.33E-03  1.49E-03   0.9272
 9297.00 1.075616    6.42E-06  5.55E-02  6.91E-06  5.97E-02  1.33E-03  1.49E-03   0.9297
 9298.00 1.075500    6.22E-06  5.37E-02  6.71E-06  5.80E-02  1.34E-03  1.50E-03   0.9259
 9299.00 1.075384    6.21E-06  5.37E-02  6.69E-06  5.79E-02  1.34E-03  1.51E-03   0.9283
 9300.00 1.075269    6.26E-06  5.42E-02  6.75E-06  5.84E-02  1.35E-03  1.51E-03   0.9277
 9301.00 1.075153    6.26E-06  5.41E-02  6.74E-06  5.83E-02  1.36E-03  1.52E-03   0.9289
 9302.00 1.075038    6.24E-06  5.40E-02  6.72E-06  5.81E-02  1.36E-03  1.53E-03   0.9287
 9303.00 1.074922    6.28E-06  5.43E-02  6.90E-06  5.97E-02  1.37E-03  1.53E-03   0.9092
 9304.00 1.074807    6.10E-06  5.28E-02  6.96E-06  6.02E-02  1.38E-03  1.54E-03   0.8771
 9305.00 1.074691    5.92E-06  5.12E-02  6.94E-06  6.01E-02  1.38E-03  1.55E-03   0.8520
 9306.00 1.074576    6.43E-06  5.57E-02  6.96E-06  6.03E-02  1.39E-03  1.55E-03   0.9238
 9307.00 1.074460    6.50E-06  5.63E-02  7.02E-06  6.08E-02  1.39E-03  1.56E-03   0.9262
 9308.00 1.074345    6.53E-06  5.65E-02  7.03E-06  6.09E-02  1.40E-03  1.57E-03   0.9279
 9309.00 1.074229    6.50E-06  5.64E-02  7.05E-06  6.11E-02  1.41E-03  1.58E-03   0.9231
 9310.00 1.074114    6.56E-06  5.69E-02  7.07E-06  6.13E-02  1.41E-03  1.58E-03   0.9278
 9311.00 1.073998    6.57E-06  5.70E-02  7.08E-06  6.14E-02  1.42E-03  1.59E-03   0.9277
 9312.00 1.073883    6.57E-06  5.69E-02  7.08E-06  6.14E-02  1.43E-03  1.60E-03   0.9275
 9313.00 1.073768    6.55E-06  5.68E-02  7.06E-06  6.12E-02  1.43E-03  1.60E-03   0.9273
 9314.00 1.073653    6.53E-06  5.66E-02  7.04E-06  6.11E-02  1.44E-03  1.61E-03   0.9271
 9315.00 1.073537    6.46E-06  5.60E-02  6.97E-06  6.05E-02  1.45E-03  1.62E-03   0.9262
 9316.00 1.073422    6.36E-06  5.52E-02  6.87E-06  5.96E-02  1.45E-03  1.62E-03   0.9267
 9317.00 1.073307    6.21E-06  5.39E-02  6.71E-06  5.83E-02  1.46E-03  1.63E-03   0.9251
 9318.00 1.073192    6.14E-06  5.33E-02  6.65E-06  5.78E-02  1.47E-03  1.64E-03   0.9228
 9319.00 1.073076    6.14E-06  5.33E-02  6.63E-06  5.76E-02  1.47E-03  1.64E-03   0.9253
 9320.00 1.072961    6.08E-06  5.28E-02  6.70E-06  5.82E-02  1.48E-03  1.65E-03   0.9076
 9321.00 1.072846    6.29E-06  5.47E-02  6.80E-06  5.91E-02  1.48E-03  1.66E-03   0.9253
 9322.00 1.072731    6.44E-06  5.60E-02  6.96E-06  6.05E-02  1.49E-03  1.66E-03   0.9250
 9323.00 1.072616    6.34E-06  5.51E-02  7.04E-06  6.12E-02  1.50E-03  1.67E-03   0.9001
 9324.00 1.072501    6.54E-06  5.68E-02  7.08E-06  6.15E-02  1.50E-03  1.68E-03   0.9236
 9325.00 1.072386    6.35E-06  5.52E-02  7.07E-06  6.15E-02  1.51E-03  1.69E-03   0.8987
 9326.00 1.072271    6.47E-06  5.62E-02  7.00E-06  6.09E-02  1.52E-03  1.69E-03   0.9237
 9327.00 1.072156    6.40E-06  5.56E-02  6.99E-06  6.08E-02  1.52E-03  1.70E-03   0.9151
 9328.00 1.072041    6.45E-06  5.61E-02  6.99E-06  6.08E-02  1.53E-03  1.71E-03   0.9229
 9329.00 1.071926    6.36E-06  5.53E-02  6.99E-06  6.09E-02  1.54E-03  1.71E-03   0.9090

                      IRRADIANCE (WATTS/CM2-XXXX)

   FREQ  WAVELENGTH      TRANSMITTED           SOLAR           INTEGRATED         TOTAL
  (CM-1) (MICRON)     (CM-1)    (MICRN)   (CM-1)    (MICRN)   TRANS.    SOLAR     TRANS
 9330.00 1.071811    6.45E-06  5.62E-02  7.00E-06  6.09E-02  1.54E-03  1.72E-03   0.9217
 9331.00 1.071697    6.50E-06  5.66E-02  7.06E-06  6.15E-02  1.55E-03  1.73E-03   0.9200
 9332.00 1.071582    6.52E-06  5.67E-02  7.07E-06  6.16E-02  1.56E-03  1.74E-03   0.9211
 9333.00 1.071467    6.50E-06  5.66E-02  7.08E-06  6.17E-02  1.56E-03  1.74E-03   0.9184
 9334.00 1.071352    6.50E-06  5.67E-02  7.05E-06  6.14E-02  1.57E-03  1.75E-03   0.9222
 9335.00 1.071237    6.39E-06  5.57E-02  6.93E-06  6.04E-02  1.57E-03  1.76E-03   0.9217
 9336.00 1.071123    6.35E-06  5.53E-02  6.92E-06  6.03E-02  1.58E-03  1.76E-03   0.9176
 9337.00 1.071008    6.36E-06  5.55E-02  6.91E-06  6.03E-02  1.59E-03  1.77E-03   0.9200
 9338.00 1.070893    6.36E-06  5.55E-02  6.91E-06  6.02E-02  1.59E-03  1.78E-03   0.9210
 9339.00 1.070778    6.37E-06  5.55E-02  6.93E-06  6.04E-02  1.60E-03  1.78E-03   0.9190
 9340.00 1.070664    6.47E-06  5.65E-02  7.05E-06  6.15E-02  1.61E-03  1.79E-03   0.9183
 9341.00 1.070549    6.50E-06  5.67E-02  7.06E-06  6.16E-02  1.61E-03  1.80E-03   0.9201
 9342.00 1.070435    6.50E-06  5.67E-02  7.07E-06  6.17E-02  1.62E-03  1.80E-03   0.9194
 9343.00 1.070320    6.49E-06  5.67E-02  7.07E-06  6.17E-02  1.63E-03  1.81E-03   0.9181
 9344.00 1.070205    6.29E-06  5.49E-02  7.07E-06  6.17E-02  1.63E-03  1.82E-03   0.8900
 9345.00 1.070091    6.47E-06  5.65E-02  7.04E-06  6.15E-02  1.64E-03  1.83E-03   0.9181
 9346.00 1.069976    6.33E-06  5.53E-02  6.90E-06  6.03E-02  1.64E-03  1.83E-03   0.9165
 9347.00 1.069862    6.24E-06  5.45E-02  6.87E-06  6.00E-02  1.65E-03  1.84E-03   0.9084
 9348.00 1.069748    6.25E-06  5.46E-02  6.81E-06  5.95E-02  1.66E-03  1.85E-03   0.9176
 9349.00 1.069633    6.05E-06  5.29E-02  6.59E-06  5.76E-02  1.66E-03  1.85E-03   0.9170
 9350.00 1.069519    5.77E-06  5.05E-02  6.45E-06  5.64E-02  1.67E-03  1.86E-03   0.8955
 9351.00 1.069404    5.93E-06  5.19E-02  6.55E-06  5.73E-02  1.68E-03  1.87E-03   0.9050
 9352.00 1.069290    6.03E-06  5.27E-02  6.58E-06  5.76E-02  1.68E-03  1.87E-03   0.9154
 9353.00 1.069176    6.04E-06  5.28E-02  6.61E-06  5.78E-02  1.69E-03  1.88E-03   0.9140
 9354.00 1.069061    6.13E-06  5.36E-02  6.70E-06  5.86E-02  1.69E-03  1.89E-03   0.9154
 9355.00 1.068947    6.23E-06  5.45E-02  6.81E-06  5.96E-02  1.70E-03  1.89E-03   0.9143
 9356.00 1.068833    6.10E-06  5.34E-02  6.67E-06  5.84E-02  1.71E-03  1.90E-03   0.9145
 9357.00 1.068719    6.01E-06  5.26E-02  6.64E-06  5.81E-02  1.71E-03  1.91E-03   0.9052
 9358.00 1.068604    6.09E-06  5.33E-02  6.65E-06  5.83E-02  1.72E-03  1.91E-03   0.9144
 9359.00 1.068490    6.18E-06  5.41E-02  6.79E-06  5.95E-02  1.72E-03  1.92E-03   0.9094
 9360.00 1.068376    6.25E-06  5.48E-02  6.85E-06  6.01E-02  1.73E-03  1.93E-03   0.9122
 9361.00 1.068262    6.38E-06  5.59E-02  7.02E-06  6.15E-02  1.74E-03  1.93E-03   0.9089
 9362.00 1.068148    6.46E-06  5.66E-02  7.07E-06  6.20E-02  1.74E-03  1.94E-03   0.9131
 9363.00 1.068034    6.40E-06  5.61E-02  7.08E-06  6.21E-02  1.75E-03  1.95E-03   0.9042
 9364.00 1.067920    6.43E-06  5.64E-02  7.09E-06  6.21E-02  1.76E-03  1.95E-03   0.9072
 9365.00 1.067806    6.41E-06  5.63E-02  7.08E-06  6.21E-02  1.76E-03  1.96E-03   0.9057
 9366.00 1.067692    6.43E-06  5.64E-02  7.07E-06  6.20E-02  1.77E-03  1.97E-03   0.9090
 9367.00 1.067578    6.33E-06  5.56E-02  7.07E-06  6.20E-02  1.78E-03  1.98E-03   0.8961
 9368.00 1.067464    6.43E-06  5.65E-02  7.07E-06  6.20E-02  1.78E-03  1.98E-03   0.9102
 9369.00 1.067350    6.44E-06  5.65E-02  7.07E-06  6.20E-02  1.79E-03  1.99E-03   0.9113
 9370.00 1.067236    6.42E-06  5.64E-02  7.05E-06  6.19E-02  1.79E-03  2.00E-03   0.9108
 9371.00 1.067122    6.41E-06  5.63E-02  7.06E-06  6.20E-02  1.80E-03  2.00E-03   0.9081
 9372.00 1.067008    6.37E-06  5.60E-02  7.06E-06  6.21E-02  1.81E-03  2.01E-03   0.9021
 9373.00 1.066894    6.42E-06  5.64E-02  7.06E-06  6.20E-02  1.81E-03  2.02E-03   0.9093
 9374.00 1.066780    6.40E-06  5.62E-02  7.03E-06  6.18E-02  1.82E-03  2.03E-03   0.9102
 9375.00 1.066667    6.25E-06  5.49E-02  6.87E-06  6.04E-02  1.83E-03  2.03E-03   0.9098
 9376.00 1.066553    6.16E-06  5.42E-02  6.77E-06  5.95E-02  1.83E-03  2.04E-03   0.9099
 9377.00 1.066439    6.11E-06  5.37E-02  6.74E-06  5.93E-02  1.84E-03  2.05E-03   0.9068
 9378.00 1.066325    6.13E-06  5.39E-02  6.73E-06  5.92E-02  1.84E-03  2.05E-03   0.9098
 9379.00 1.066212    6.14E-06  5.40E-02  6.76E-06  5.95E-02  1.85E-03  2.06E-03   0.9079

                      IRRADIANCE (WATTS/CM2-XXXX)

   FREQ  WAVELENGTH      TRANSMITTED           SOLAR           INTEGRATED         TOTAL
  (CM-1) (MICRON)     (CM-1)    (MICRN)   (CM-1)    (MICRN)   TRANS.    SOLAR     TRANS
 9380.00 1.066098    6.31E-06  5.56E-02  6.94E-06  6.11E-02  1.86E-03  2.07E-03   0.9096
 9381.00 1.065984    6.42E-06  5.65E-02  7.05E-06  6.21E-02  1.86E-03  2.07E-03   0.9097
 9382.00 1.065871    6.40E-06  5.63E-02  7.08E-06  6.23E-02  1.87E-03  2.08E-03   0.9030
 9383.00 1.065757    6.45E-06  5.68E-02  7.09E-06  6.24E-02  1.88E-03  2.09E-03   0.9097
 9384.00 1.065644    6.44E-06  5.67E-02  7.09E-06  6.25E-02  1.88E-03  2.09E-03   0.9075
 9385.00 1.065530    6.45E-06  5.68E-02  7.09E-06  6.25E-02  1.89E-03  2.10E-03   0.9099
 9386.00 1.065417    6.43E-06  5.66E-02  7.09E-06  6.25E-02  1.90E-03  2.11E-03   0.9067
 9387.00 1.065303    6.43E-06  5.67E-02  7.08E-06  6.24E-02  1.90E-03  2.12E-03   0.9084
 9388.00 1.065190    6.43E-06  5.66E-02  7.08E-06  6.24E-02  1.91E-03  2.12E-03   0.9075
 9389.00 1.065076    6.40E-06  5.64E-02  7.08E-06  6.24E-02  1.91E-03  2.13E-03   0.9039
 9390.00 1.064963    6.45E-06  5.69E-02  7.09E-06  6.25E-02  1.92E-03  2.14E-03   0.9100
 9391.00 1.064849    6.43E-06  5.68E-02  7.09E-06  6.25E-02  1.93E-03  2.14E-03   0.9074
 9392.00 1.064736    6.40E-06  5.65E-02  7.10E-06  6.27E-02  1.93E-03  2.15E-03   0.9011
 9393.00 1.064623    6.44E-06  5.68E-02  7.10E-06  6.27E-02  1.94E-03  2.16E-03   0.9062
 9394.00 1.064509    6.46E-06  5.70E-02  7.10E-06  6.27E-02  1.95E-03  2.17E-03   0.9103
 9395.00 1.064396    6.45E-06  5.69E-02  7.10E-06  6.27E-02  1.95E-03  2.17E-03   0.9083
 9396.00 1.064283    6.46E-06  5.71E-02  7.10E-06  6.27E-02  1.96E-03  2.18E-03   0.9107
 9397.00 1.064169    6.45E-06  5.69E-02  7.09E-06  6.26E-02  1.97E-03  2.19E-03   0.9088
 9398.00 1.064056    6.45E-06  5.70E-02  7.10E-06  6.27E-02  1.97E-03  2.19E-03   0.9092
 9399.00 1.063943    6.46E-06  5.71E-02  7.10E-06  6.27E-02  1.98E-03  2.20E-03   0.9108
 9400.00 1.063830    6.43E-06  5.69E-02  7.07E-06  6.25E-02  1.99E-03  2.21E-03   0.9096
 9401.00 1.063717    6.44E-06  5.69E-02  7.07E-06  6.25E-02  1.99E-03  2.22E-03   0.9111
 9402.00 1.063604    6.43E-06  5.68E-02  7.06E-06  6.24E-02  2.00E-03  2.22E-03   0.9102
 9403.00 1.063490    6.42E-06  5.68E-02  7.06E-06  6.24E-02  2.01E-03  2.23E-03   0.9093
 9404.00 1.063377    6.40E-06  5.66E-02  7.03E-06  6.22E-02  2.01E-03  2.24E-03   0.9097
 9405.00 1.063264    6.28E-06  5.56E-02  6.89E-06  6.10E-02  2.02E-03  2.24E-03   0.9109
 9406.00 1.063151    6.27E-06  5.54E-02  6.87E-06  6.08E-02  2.02E-03  2.25E-03   0.9118
 9407.00 1.063038    6.26E-06  5.54E-02  6.88E-06  6.09E-02  2.03E-03  2.26E-03   0.9099
 9408.00 1.062925    6.27E-06  5.55E-02  6.88E-06  6.09E-02  2.04E-03  2.26E-03   0.9116
 9409.00 1.062812    6.27E-06  5.55E-02  6.91E-06  6.12E-02  2.04E-03  2.27E-03   0.9070
 9410.00 1.062699    6.45E-06  5.71E-02  7.08E-06  6.26E-02  2.05E-03  2.28E-03   0.9117
 9411.00 1.062586    6.49E-06  5.74E-02  7.11E-06  6.30E-02  2.06E-03  2.28E-03   0.9125
 9412.00 1.062473    6.48E-06  5.74E-02  7.11E-06  6.30E-02  2.06E-03  2.29E-03   0.9120
 9413.00 1.062361    6.43E-06  5.70E-02  7.11E-06  6.30E-02  2.07E-03  2.30E-03   0.9049
 9414.00 1.062248    6.47E-06  5.73E-02  7.09E-06  6.28E-02  2.08E-03  2.31E-03   0.9127
 9415.00 1.062135    6.44E-06  5.71E-02  7.06E-06  6.26E-02  2.08E-03  2.31E-03   0.9129
 9416.00 1.062022    6.44E-06  5.71E-02  7.05E-06  6.25E-02  2.09E-03  2.32E-03   0.9131
 9417.00 1.061909    6.44E-06  5.71E-02  7.05E-06  6.26E-02  2.09E-03  2.33E-03   0.9132
 9418.00 1.061797    6.43E-06  5.71E-02  7.05E-06  6.25E-02  2.10E-03  2.33E-03   0.9133
 9419.00 1.061684    6.41E-06  5.69E-02  7.02E-06  6.23E-02  2.11E-03  2.34E-03   0.9134
 9420.00 1.061571    6.43E-06  5.71E-02  7.04E-06  6.25E-02  2.11E-03  2.35E-03   0.9135
 9421.00 1.061458    6.44E-06  5.71E-02  7.05E-06  6.25E-02  2.12E-03  2.36E-03   0.9135
 9422.00 1.061346    6.44E-06  5.71E-02  7.05E-06  6.26E-02  2.13E-03  2.36E-03   0.9136
 9423.00 1.061233    6.43E-06  5.71E-02  7.05E-06  6.26E-02  2.13E-03  2.37E-03   0.9122
 9424.00 1.061121    6.46E-06  5.74E-02  7.08E-06  6.29E-02  2.14E-03  2.38E-03   0.9125
 9425.00 1.061008    6.40E-06  5.68E-02  7.00E-06  6.22E-02  2.15E-03  2.38E-03   0.9139
 9426.00 1.060895    6.22E-06  5.52E-02  6.80E-06  6.04E-02  2.15E-03  2.39E-03   0.9140
 9427.00 1.060783    6.15E-06  5.47E-02  6.73E-06  5.98E-02  2.16E-03  2.40E-03   0.9140
 9428.00 1.060670    6.15E-06  5.47E-02  6.73E-06  5.98E-02  2.16E-03  2.40E-03   0.9141
 9429.00 1.060558    6.16E-06  5.48E-02  6.74E-06  5.99E-02  2.17E-03  2.41E-03   0.9142

                      IRRADIANCE (WATTS/CM2-XXXX)

   FREQ  WAVELENGTH      TRANSMITTED           SOLAR           INTEGRATED         TOTAL
  (CM-1) (MICRON)     (CM-1)    (MICRN)   (CM-1)    (MICRN)   TRANS.    SOLAR     TRANS
 9430.00 1.060445    6.24E-06  5.55E-02  6.83E-06  6.07E-02  2.18E-03  2.42E-03   0.9137
 9431.00 1.060333    6.42E-06  5.71E-02  7.03E-06  6.25E-02  2.18E-03  2.42E-03   0.9144
 9432.00 1.060220    6.49E-06  5.77E-02  7.09E-06  6.31E-02  2.19E-03  2.43E-03   0.9145
 9433.00 1.060108    6.49E-06  5.77E-02  7.10E-06  6.32E-02  2.20E-03  2.44E-03   0.9134
 9434.00 1.059996    6.50E-06  5.78E-02  7.11E-06  6.32E-02  2.20E-03  2.45E-03   0.9147
 9435.00 1.059883    6.49E-06  5.78E-02  7.09E-06  6.32E-02  2.21E-03  2.45E-03   0.9148
 9436.00 1.059771    6.48E-06  5.77E-02  7.09E-06  6.31E-02  2.22E-03  2.46E-03   0.9149
 9437.00 1.059659    6.49E-06  5.78E-02  7.09E-06  6.31E-02  2.22E-03  2.47E-03   0.9150
 9438.00 1.059546    6.49E-06  5.78E-02  7.09E-06  6.32E-02  2.23E-03  2.47E-03   0.9151
 9439.00 1.059434    6.49E-06  5.78E-02  7.09E-06  6.32E-02  2.24E-03  2.48E-03   0.9152
 9440.00 1.059322    6.49E-06  5.79E-02  7.09E-06  6.32E-02  2.24E-03  2.49E-03   0.9154
 9441.00 1.059210    6.48E-06  5.78E-02  7.08E-06  6.31E-02  2.25E-03  2.50E-03   0.9155
 9442.00 1.059098    6.37E-06  5.68E-02  6.96E-06  6.21E-02  2.25E-03  2.50E-03   0.9148
 9443.00 1.058985    6.14E-06  5.48E-02  6.72E-06  5.99E-02  2.26E-03  2.51E-03   0.9143
 9444.00 1.058873    6.11E-06  5.45E-02  6.67E-06  5.95E-02  2.27E-03  2.52E-03   0.9160
 9445.00 1.058761    6.07E-06  5.42E-02  6.63E-06  5.91E-02  2.27E-03  2.52E-03   0.9162
 9446.00 1.058649    6.06E-06  5.41E-02  6.62E-06  5.90E-02  2.28E-03  2.53E-03   0.9164
 9447.00 1.058537    6.16E-06  5.50E-02  6.73E-06  6.00E-02  2.29E-03  2.54E-03   0.9157
 9448.00 1.058425    6.39E-06  5.70E-02  6.97E-06  6.22E-02  2.29E-03  2.54E-03   0.9168
 9449.00 1.058313    6.43E-06  5.74E-02  7.01E-06  6.26E-02  2.30E-03  2.55E-03   0.9170
 9450.00 1.058201    6.45E-06  5.76E-02  7.04E-06  6.28E-02  2.30E-03  2.56E-03   0.9172
 9451.00 1.058089    6.47E-06  5.78E-02  7.06E-06  6.30E-02  2.31E-03  2.56E-03   0.9165
 9452.00 1.057977    6.48E-06  5.79E-02  7.06E-06  6.31E-02  2.32E-03  2.57E-03   0.9176
 9453.00 1.057865    6.48E-06  5.79E-02  7.06E-06  6.31E-02  2.32E-03  2.58E-03   0.9178
 9454.00 1.057753    6.48E-06  5.80E-02  7.06E-06  6.31E-02  2.33E-03  2.59E-03   0.9180
 9455.00 1.057642    6.51E-06  5.82E-02  7.09E-06  6.33E-02  2.34E-03  2.59E-03   0.9182
 9456.00 1.057530    6.52E-06  5.83E-02  7.10E-06  6.34E-02  2.34E-03  2.60E-03   0.9185
 9457.00 1.057418    6.51E-06  5.83E-02  7.10E-06  6.35E-02  2.35E-03  2.61E-03   0.9179
 9458.00 1.057306    6.52E-06  5.83E-02  7.10E-06  6.35E-02  2.36E-03  2.61E-03   0.9188
 9459.00 1.057194    6.53E-06  5.84E-02  7.10E-06  6.35E-02  2.36E-03  2.62E-03   0.9191
 9460.00 1.057082    6.52E-06  5.83E-02  7.09E-06  6.35E-02  2.37E-03  2.63E-03   0.9189
 9461.00 1.056971    6.52E-06  5.84E-02  7.09E-06  6.35E-02  2.38E-03  2.63E-03   0.9194
 9462.00 1.056859    6.52E-06  5.84E-02  7.09E-06  6.35E-02  2.38E-03  2.64E-03   0.9197
 9463.00 1.056747    6.52E-06  5.84E-02  7.09E-06  6.35E-02  2.39E-03  2.65E-03   0.9199
 9464.00 1.056636    6.52E-06  5.84E-02  7.08E-06  6.34E-02  2.40E-03  2.66E-03   0.9201
 9465.00 1.056524    6.53E-06  5.85E-02  7.09E-06  6.35E-02  2.40E-03  2.66E-03   0.9204
 9466.00 1.056412    6.53E-06  5.85E-02  7.09E-06  6.35E-02  2.41E-03  2.67E-03   0.9205
 9467.00 1.056301    6.52E-06  5.84E-02  7.08E-06  6.35E-02  2.42E-03  2.68E-03   0.9207
 9468.00 1.056189    6.52E-06  5.84E-02  7.08E-06  6.35E-02  2.42E-03  2.68E-03   0.9207
 9469.00 1.056078    6.52E-06  5.85E-02  7.08E-06  6.35E-02  2.43E-03  2.69E-03   0.9211
 9470.00 1.055966    6.52E-06  5.85E-02  7.08E-06  6.35E-02  2.43E-03  2.70E-03   0.9210
 9471.00 1.055855    6.53E-06  5.86E-02  7.09E-06  6.36E-02  2.44E-03  2.71E-03   0.9214
 9472.00 1.055743    6.54E-06  5.87E-02  7.10E-06  6.37E-02  2.45E-03  2.71E-03   0.9210
 9473.00 1.055632    6.55E-06  5.87E-02  7.10E-06  6.37E-02  2.45E-03  2.72E-03   0.9219
 9474.00 1.055520    6.55E-06  5.88E-02  7.10E-06  6.37E-02  2.46E-03  2.73E-03   0.9219
 9475.00 1.055409    6.55E-06  5.88E-02  7.10E-06  6.37E-02  2.47E-03  2.73E-03   0.9223
 9476.00 1.055298    6.55E-06  5.88E-02  7.10E-06  6.38E-02  2.47E-03  2.74E-03   0.9223
 9477.00 1.055186    6.54E-06  5.87E-02  7.09E-06  6.37E-02  2.48E-03  2.75E-03   0.9223
 9478.00 1.055075    6.54E-06  5.87E-02  7.08E-06  6.36E-02  2.49E-03  2.76E-03   0.9228
 9479.00 1.054964    6.54E-06  5.88E-02  7.09E-06  6.37E-02  2.49E-03  2.76E-03   0.9230

                      IRRADIANCE (WATTS/CM2-XXXX)

   FREQ  WAVELENGTH      TRANSMITTED           SOLAR           INTEGRATED         TOTAL
  (CM-1) (MICRON)     (CM-1)    (MICRN)   (CM-1)    (MICRN)   TRANS.    SOLAR     TRANS
 9480.00 1.054852    6.54E-06  5.88E-02  7.09E-06  6.37E-02  2.50E-03  2.77E-03   0.9227
 9481.00 1.054741    6.54E-06  5.88E-02  7.08E-06  6.36E-02  2.51E-03  2.78E-03   0.9232
 9482.00 1.054630    6.53E-06  5.87E-02  7.08E-06  6.36E-02  2.51E-03  2.78E-03   0.9223
 9483.00 1.054519    6.54E-06  5.88E-02  7.08E-06  6.37E-02  2.52E-03  2.79E-03   0.9235
 9484.00 1.054407    6.54E-06  5.89E-02  7.08E-06  6.37E-02  2.53E-03  2.80E-03   0.9237
 9485.00 1.054296    6.55E-06  5.89E-02  7.09E-06  6.38E-02  2.53E-03  2.80E-03   0.9232
 9486.00 1.054185    6.55E-06  5.90E-02  7.09E-06  6.38E-02  2.54E-03  2.81E-03   0.9240
 9487.00 1.054074    6.54E-06  5.89E-02  7.08E-06  6.37E-02  2.55E-03  2.82E-03   0.9241
 9488.00 1.053963    6.54E-06  5.89E-02  7.08E-06  6.37E-02  2.55E-03  2.83E-03   0.9235
 9489.00 1.053852    6.53E-06  5.88E-02  7.06E-06  6.36E-02  2.56E-03  2.83E-03   0.9244
 9490.00 1.053741    6.44E-06  5.80E-02  6.97E-06  6.28E-02  2.57E-03  2.84E-03   0.9236
 9491.00 1.053630    6.43E-06  5.80E-02  6.96E-06  6.27E-02  2.57E-03  2.85E-03   0.9246
 9492.00 1.053519    6.43E-06  5.79E-02  6.95E-06  6.26E-02  2.58E-03  2.85E-03   0.9247
 9493.00 1.053408    6.42E-06  5.78E-02  6.94E-06  6.26E-02  2.58E-03  2.86E-03   0.9238
 9494.00 1.053297    6.44E-06  5.80E-02  6.96E-06  6.27E-02  2.59E-03  2.87E-03   0.9250
 9495.00 1.053186    6.51E-06  5.87E-02  7.05E-06  6.36E-02  2.60E-03  2.88E-03   0.9240
 9496.00 1.053075    6.54E-06  5.90E-02  7.07E-06  6.37E-02  2.60E-03  2.88E-03   0.9252
 9497.00 1.052964    6.57E-06  5.92E-02  7.10E-06  6.40E-02  2.61E-03  2.89E-03   0.9253
 9498.00 1.052853    6.57E-06  5.93E-02  7.11E-06  6.41E-02  2.62E-03  2.90E-03   0.9242
 9499.00 1.052742    6.58E-06  5.94E-02  7.11E-06  6.41E-02  2.62E-03  2.90E-03   0.9256
 9500.00 1.052632    6.56E-06  5.92E-02  7.10E-06  6.41E-02  2.63E-03  2.91E-03   0.9243
 9501.00 1.052521    6.57E-06  5.93E-02  7.10E-06  6.41E-02  2.64E-03  2.92E-03   0.9258
 9502.00 1.052410    6.56E-06  5.92E-02  7.10E-06  6.41E-02  2.64E-03  2.92E-03   0.9240
 9503.00 1.052299    6.51E-06  5.88E-02  7.04E-06  6.35E-02  2.65E-03  2.93E-03   0.9259
 9504.00 1.052189    6.49E-06  5.86E-02  7.02E-06  6.34E-02  2.66E-03  2.94E-03   0.9246
 9505.00 1.052078    6.51E-06  5.88E-02  7.03E-06  6.35E-02  2.66E-03  2.95E-03   0.9260
 9506.00 1.051967    6.49E-06  5.87E-02  7.03E-06  6.35E-02  2.67E-03  2.95E-03   0.9238
 9507.00 1.051857    6.52E-06  5.89E-02  7.04E-06  6.36E-02  2.68E-03  2.96E-03   0.9262
 9508.00 1.051746    6.56E-06  5.93E-02  7.09E-06  6.41E-02  2.68E-03  2.97E-03   0.9246
 9509.00 1.051635    6.57E-06  5.95E-02  7.10E-06  6.42E-02  2.69E-03  2.97E-03   0.9264
 9510.00 1.051525    6.55E-06  5.92E-02  7.08E-06  6.40E-02  2.70E-03  2.98E-03   0.9248
 9511.00 1.051414    6.56E-06  5.93E-02  7.08E-06  6.40E-02  2.70E-03  2.99E-03   0.9266
 9512.00 1.051304    6.55E-06  5.93E-02  7.08E-06  6.40E-02  2.71E-03  3.00E-03   0.9258
 9513.00 1.051193    6.56E-06  5.94E-02  7.08E-06  6.40E-02  2.72E-03  3.00E-03   0.9267
 9514.00 1.051083    6.56E-06  5.94E-02  7.08E-06  6.41E-02  2.72E-03  3.01E-03   0.9262
 9515.00 1.050972    6.58E-06  5.96E-02  7.10E-06  6.43E-02  2.73E-03  3.02E-03   0.9266
 9516.00 1.050862    6.58E-06  5.96E-02  7.10E-06  6.43E-02  2.74E-03  3.02E-03   0.9270
 9517.00 1.050751    6.57E-06  5.95E-02  7.08E-06  6.41E-02  2.74E-03  3.03E-03   0.9270
 9518.00 1.050641    6.54E-06  5.93E-02  7.06E-06  6.40E-02  2.75E-03  3.04E-03   0.9269
 9519.00 1.050531    6.54E-06  5.93E-02  7.06E-06  6.40E-02  2.75E-03  3.04E-03   0.9263
 9520.00 1.050420    6.55E-06  5.94E-02  7.07E-06  6.40E-02  2.76E-03  3.05E-03   0.9270
 9521.00 1.050310    6.55E-06  5.93E-02  7.07E-06  6.40E-02  2.77E-03  3.06E-03   0.9264
 9522.00 1.050200    6.55E-06  5.94E-02  7.08E-06  6.41E-02  2.77E-03  3.07E-03   0.9262
 9523.00 1.050089    6.53E-06  5.92E-02  7.05E-06  6.40E-02  2.78E-03  3.07E-03   0.9261
 9524.00 1.049979    6.53E-06  5.92E-02  7.05E-06  6.39E-02  2.79E-03  3.08E-03   0.9258
 9525.00 1.049869    6.52E-06  5.92E-02  7.05E-06  6.39E-02  2.79E-03  3.09E-03   0.9259
 9526.00 1.049759    6.53E-06  5.92E-02  7.05E-06  6.40E-02  2.80E-03  3.09E-03   0.9259
 9527.00 1.049648    6.53E-06  5.93E-02  7.06E-06  6.40E-02  2.81E-03  3.10E-03   0.9260
 9528.00 1.049538    6.58E-06  5.97E-02  7.10E-06  6.45E-02  2.81E-03  3.11E-03   0.9261
 9529.00 1.049428    6.59E-06  5.98E-02  7.11E-06  6.46E-02  2.82E-03  3.12E-03   0.9262

                      IRRADIANCE (WATTS/CM2-XXXX)

   FREQ  WAVELENGTH      TRANSMITTED           SOLAR           INTEGRATED         TOTAL
  (CM-1) (MICRON)     (CM-1)    (MICRN)   (CM-1)    (MICRN)   TRANS.    SOLAR     TRANS
 9530.00 1.049318    6.59E-06  5.98E-02  7.12E-06  6.46E-02  2.83E-03  3.12E-03   0.9254
 9531.00 1.049208    6.58E-06  5.98E-02  7.11E-06  6.46E-02  2.83E-03  3.13E-03   0.9254
 9532.00 1.049098    6.55E-06  5.95E-02  7.08E-06  6.43E-02  2.84E-03  3.14E-03   0.9259
 9533.00 1.048988    6.56E-06  5.97E-02  7.08E-06  6.43E-02  2.85E-03  3.14E-03   0.9278
 9534.00 1.048878    6.56E-06  5.96E-02  7.07E-06  6.43E-02  2.85E-03  3.15E-03   0.9277
 9535.00 1.048768    6.55E-06  5.96E-02  7.06E-06  6.42E-02  2.86E-03  3.16E-03   0.9279
 9536.00 1.048658    6.55E-06  5.96E-02  7.06E-06  6.42E-02  2.87E-03  3.17E-03   0.9280
 9537.00 1.048548    6.59E-06  5.99E-02  7.10E-06  6.46E-02  2.87E-03  3.17E-03   0.9279
 9538.00 1.048438    6.59E-06  6.00E-02  7.10E-06  6.46E-02  2.88E-03  3.18E-03   0.9281
 9539.00 1.048328    6.59E-06  6.00E-02  7.10E-06  6.46E-02  2.89E-03  3.19E-03   0.9281
 9540.00 1.048218    6.60E-06  6.01E-02  7.11E-06  6.47E-02  2.89E-03  3.19E-03   0.9281
 9541.00 1.048108    6.60E-06  6.01E-02  7.11E-06  6.47E-02  2.90E-03  3.20E-03   0.9282
 9542.00 1.047998    6.60E-06  6.01E-02  7.11E-06  6.47E-02  2.91E-03  3.21E-03   0.9280
 9543.00 1.047889    6.60E-06  6.01E-02  7.11E-06  6.48E-02  2.91E-03  3.21E-03   0.9282
 9544.00 1.047779    6.61E-06  6.02E-02  7.12E-06  6.48E-02  2.92E-03  3.22E-03   0.9283
 9545.00 1.047669    6.60E-06  6.02E-02  7.11E-06  6.48E-02  2.93E-03  3.23E-03   0.9283
 9546.00 1.047559    6.57E-06  5.99E-02  7.08E-06  6.45E-02  2.93E-03  3.24E-03   0.9281
 9547.00 1.047449    6.46E-06  5.89E-02  6.96E-06  6.35E-02  2.94E-03  3.24E-03   0.9276
 9548.00 1.047340    6.45E-06  5.88E-02  6.94E-06  6.33E-02  2.95E-03  3.25E-03   0.9284
 9549.00 1.047230    6.45E-06  5.88E-02  6.94E-06  6.33E-02  2.95E-03  3.26E-03   0.9284
 9550.00 1.047120    6.45E-06  5.88E-02  6.95E-06  6.34E-02  2.96E-03  3.26E-03   0.9279
 9551.00 1.047011    6.49E-06  5.92E-02  6.99E-06  6.38E-02  2.96E-03  3.27E-03   0.9284
 9552.00 1.046901    6.60E-06  6.02E-02  7.11E-06  6.49E-02  2.97E-03  3.28E-03   0.9285
 9553.00 1.046792    6.62E-06  6.04E-02  7.13E-06  6.51E-02  2.98E-03  3.29E-03   0.9285
 9554.00 1.046682    6.61E-06  6.03E-02  7.12E-06  6.50E-02  2.98E-03  3.29E-03   0.9285
 9555.00 1.046572    6.55E-06  5.98E-02  7.06E-06  6.44E-02  2.99E-03  3.30E-03   0.9285
 9556.00 1.046463    6.46E-06  5.90E-02  6.96E-06  6.35E-02  3.00E-03  3.31E-03   0.9285
 9557.00 1.046353    6.43E-06  5.88E-02  6.93E-06  6.33E-02  3.00E-03  3.31E-03   0.9286
 9558.00 1.046244    6.41E-06  5.86E-02  6.90E-06  6.31E-02  3.01E-03  3.32E-03   0.9286
 9559.00 1.046135    6.35E-06  5.81E-02  6.84E-06  6.25E-02  3.02E-03  3.33E-03   0.9286
 9560.00 1.046025    6.30E-06  5.76E-02  6.79E-06  6.20E-02  3.02E-03  3.33E-03   0.9286
 9561.00 1.045916    6.38E-06  5.83E-02  6.87E-06  6.28E-02  3.03E-03  3.34E-03   0.9286
 9562.00 1.045806    6.39E-06  5.85E-02  6.89E-06  6.30E-02  3.04E-03  3.35E-03   0.9287
 9563.00 1.045697    6.42E-06  5.87E-02  6.91E-06  6.32E-02  3.04E-03  3.35E-03   0.9287
 9564.00 1.045588    6.47E-06  5.92E-02  6.98E-06  6.38E-02  3.05E-03  3.36E-03   0.9274
 9565.00 1.045478    6.58E-06  6.02E-02  7.08E-06  6.48E-02  3.05E-03  3.37E-03   0.9287
 9566.00 1.045369    6.54E-06  5.99E-02  7.05E-06  6.45E-02  3.06E-03  3.38E-03   0.9287
 9567.00 1.045260    6.54E-06  5.98E-02  7.04E-06  6.44E-02  3.07E-03  3.38E-03   0.9288
 9568.00 1.045151    6.53E-06  5.98E-02  7.03E-06  6.44E-02  3.07E-03  3.39E-03   0.9288
 9569.00 1.045041    6.53E-06  5.98E-02  7.03E-06  6.44E-02  3.08E-03  3.40E-03   0.9287
 9570.00 1.044932    6.54E-06  5.99E-02  7.05E-06  6.46E-02  3.09E-03  3.40E-03   0.9284
 9571.00 1.044823    6.60E-06  6.04E-02  7.11E-06  6.51E-02  3.09E-03  3.41E-03   0.9283
 9572.00 1.044714    6.61E-06  6.06E-02  7.12E-06  6.52E-02  3.10E-03  3.42E-03   0.9289
 9573.00 1.044605    6.61E-06  6.06E-02  7.12E-06  6.52E-02  3.11E-03  3.43E-03   0.9289
 9574.00 1.044495    6.61E-06  6.06E-02  7.12E-06  6.52E-02  3.11E-03  3.43E-03   0.9289
 9575.00 1.044386    6.61E-06  6.06E-02  7.11E-06  6.52E-02  3.12E-03  3.44E-03   0.9289
 9576.00 1.044277    6.60E-06  6.05E-02  7.11E-06  6.52E-02  3.13E-03  3.45E-03   0.9289
 9577.00 1.044168    6.60E-06  6.05E-02  7.11E-06  6.52E-02  3.13E-03  3.45E-03   0.9289
 9578.00 1.044059    6.58E-06  6.03E-02  7.08E-06  6.50E-02  3.14E-03  3.46E-03   0.9286
 9579.00 1.043950    6.58E-06  6.03E-02  7.08E-06  6.50E-02  3.15E-03  3.47E-03   0.9290

                      IRRADIANCE (WATTS/CM2-XXXX)

   FREQ  WAVELENGTH      TRANSMITTED           SOLAR           INTEGRATED         TOTAL
  (CM-1) (MICRON)     (CM-1)    (MICRN)   (CM-1)    (MICRN)   TRANS.    SOLAR     TRANS
 9580.00 1.043841    6.58E-06  6.04E-02  7.08E-06  6.50E-02  3.15E-03  3.47E-03   0.9290
 9581.00 1.043732    6.57E-06  6.03E-02  7.08E-06  6.50E-02  3.16E-03  3.48E-03   0.9290
 9582.00 1.043623    6.58E-06  6.04E-02  7.08E-06  6.50E-02  3.17E-03  3.49E-03   0.9290
 9583.00 1.043515    6.60E-06  6.06E-02  7.11E-06  6.53E-02  3.17E-03  3.50E-03   0.9290
 9584.00 1.043406    6.61E-06  6.07E-02  7.12E-06  6.54E-02  3.18E-03  3.50E-03   0.9290
 9585.00 1.043297    6.60E-06  6.07E-02  7.11E-06  6.53E-02  3.19E-03  3.51E-03   0.9285
 9586.00 1.043188    6.56E-06  6.02E-02  7.06E-06  6.49E-02  3.19E-03  3.52E-03   0.9290
 9587.00 1.043079    6.52E-06  6.00E-02  7.02E-06  6.45E-02  3.20E-03  3.52E-03   0.9291
 9588.00 1.042970    6.51E-06  5.98E-02  7.01E-06  6.44E-02  3.21E-03  3.53E-03   0.9289
 9589.00 1.042862    6.45E-06  5.93E-02  6.94E-06  6.38E-02  3.21E-03  3.54E-03   0.9290
 9590.00 1.042753    6.43E-06  5.91E-02  6.92E-06  6.37E-02  3.22E-03  3.55E-03   0.9288
 9591.00 1.042644    6.49E-06  5.97E-02  6.98E-06  6.42E-02  3.23E-03  3.55E-03   0.9291
 9592.00 1.042535    6.52E-06  6.00E-02  7.02E-06  6.46E-02  3.23E-03  3.56E-03   0.9290
 9593.00 1.042427    6.54E-06  6.02E-02  7.04E-06  6.47E-02  3.24E-03  3.57E-03   0.9290
 9594.00 1.042318    6.58E-06  6.06E-02  7.10E-06  6.53E-02  3.25E-03  3.57E-03   0.9274
 9595.00 1.042210    6.61E-06  6.09E-02  7.12E-06  6.55E-02  3.25E-03  3.58E-03   0.9290
 9596.00 1.042101    6.60E-06  6.08E-02  7.11E-06  6.54E-02  3.26E-03  3.59E-03   0.9291
 9597.00 1.041992    6.60E-06  6.08E-02  7.10E-06  6.54E-02  3.27E-03  3.59E-03   0.9291
 9598.00 1.041884    6.60E-06  6.08E-02  7.10E-06  6.54E-02  3.27E-03  3.60E-03   0.9290
 9599.00 1.041775    6.60E-06  6.08E-02  7.11E-06  6.55E-02  3.28E-03  3.61E-03   0.9291
 9600.00 1.041667    6.61E-06  6.09E-02  7.12E-06  6.56E-02  3.28E-03  3.62E-03   0.9289
 9601.00 1.041558    6.62E-06  6.11E-02  7.13E-06  6.57E-02  3.29E-03  3.62E-03   0.9290
 9602.00 1.041450    6.63E-06  6.11E-02  7.13E-06  6.58E-02  3.30E-03  3.63E-03   0.9287
 9603.00 1.041341    6.61E-06  6.09E-02  7.13E-06  6.57E-02  3.30E-03  3.64E-03   0.9270
 9604.00 1.041233    6.58E-06  6.07E-02  7.09E-06  6.54E-02  3.31E-03  3.64E-03   0.9283
 9605.00 1.041124    6.57E-06  6.06E-02  7.07E-06  6.53E-02  3.32E-03  3.65E-03   0.9288
 9606.00 1.041016    6.55E-06  6.05E-02  7.06E-06  6.51E-02  3.32E-03  3.66E-03   0.9290
 9607.00 1.040908    6.55E-06  6.05E-02  7.05E-06  6.51E-02  3.33E-03  3.67E-03   0.9291
 9608.00 1.040799    6.54E-06  6.04E-02  7.05E-06  6.51E-02  3.34E-03  3.67E-03   0.9286
 9609.00 1.040691    6.57E-06  6.07E-02  7.08E-06  6.53E-02  3.34E-03  3.68E-03   0.9291
 9610.00 1.040583    6.58E-06  6.08E-02  7.09E-06  6.55E-02  3.35E-03  3.69E-03   0.9279
 9611.00 1.040474    6.61E-06  6.10E-02  7.11E-06  6.57E-02  3.36E-03  3.69E-03   0.9291
 9612.00 1.040366    6.60E-06  6.10E-02  7.11E-06  6.57E-02  3.36E-03  3.70E-03   0.9287
 9613.00 1.040258    6.60E-06  6.10E-02  7.11E-06  6.57E-02  3.37E-03  3.71E-03   0.9291
 9614.00 1.040150    6.55E-06  6.06E-02  7.05E-06  6.52E-02  3.38E-03  3.72E-03   0.9291
 9615.00 1.040042    6.46E-06  5.97E-02  6.96E-06  6.43E-02  3.38E-03  3.72E-03   0.9286
 9616.00 1.039933    6.45E-06  5.97E-02  6.94E-06  6.42E-02  3.39E-03  3.73E-03   0.9291
 9617.00 1.039825    6.45E-06  5.96E-02  6.95E-06  6.43E-02  3.40E-03  3.74E-03   0.9278
 9618.00 1.039717    6.46E-06  5.98E-02  6.96E-06  6.43E-02  3.40E-03  3.74E-03   0.9291
 9619.00 1.039609    6.49E-06  6.01E-02  6.99E-06  6.47E-02  3.41E-03  3.75E-03   0.9286
 9620.00 1.039501    6.57E-06  6.08E-02  7.08E-06  6.55E-02  3.42E-03  3.76E-03   0.9285
 9621.00 1.039393    6.57E-06  6.08E-02  7.08E-06  6.55E-02  3.42E-03  3.76E-03   0.9286
 9622.00 1.039285    6.57E-06  6.08E-02  7.07E-06  6.55E-02  3.43E-03  3.77E-03   0.9290
 9623.00 1.039177    6.57E-06  6.09E-02  7.08E-06  6.56E-02  3.44E-03  3.78E-03   0.9285
 9624.00 1.039069    6.60E-06  6.11E-02  7.10E-06  6.58E-02  3.44E-03  3.79E-03   0.9291
 9625.00 1.038961    6.60E-06  6.11E-02  7.11E-06  6.59E-02  3.45E-03  3.79E-03   0.9281
 9626.00 1.038853    6.62E-06  6.13E-02  7.13E-06  6.60E-02  3.46E-03  3.80E-03   0.9288
 9627.00 1.038745    6.62E-06  6.14E-02  7.13E-06  6.61E-02  3.46E-03  3.81E-03   0.9288
 9628.00 1.038637    6.62E-06  6.14E-02  7.13E-06  6.61E-02  3.47E-03  3.81E-03   0.9284
 9629.00 1.038529    6.61E-06  6.13E-02  7.12E-06  6.61E-02  3.48E-03  3.82E-03   0.9280

                      IRRADIANCE (WATTS/CM2-XXXX)

   FREQ  WAVELENGTH      TRANSMITTED           SOLAR           INTEGRATED         TOTAL
  (CM-1) (MICRON)     (CM-1)    (MICRN)   (CM-1)    (MICRN)   TRANS.    SOLAR     TRANS
 9630.00 1.038422    6.57E-06  6.09E-02  7.07E-06  6.56E-02  3.48E-03  3.83E-03   0.9290
 9631.00 1.038314    6.52E-06  6.05E-02  7.02E-06  6.51E-02  3.49E-03  3.84E-03   0.9292
 9632.00 1.038206    6.51E-06  6.04E-02  7.00E-06  6.50E-02  3.49E-03  3.84E-03   0.9291
 9633.00 1.038098    6.51E-06  6.04E-02  7.00E-06  6.50E-02  3.50E-03  3.85E-03   0.9291
 9634.00 1.037990    6.51E-06  6.04E-02  7.01E-06  6.50E-02  3.51E-03  3.86E-03   0.9289
 9635.00 1.037883    6.55E-06  6.08E-02  7.06E-06  6.56E-02  3.51E-03  3.86E-03   0.9276
 9636.00 1.037775    6.58E-06  6.11E-02  7.08E-06  6.58E-02  3.52E-03  3.87E-03   0.9285
 9637.00 1.037667    6.44E-06  5.99E-02  6.94E-06  6.44E-02  3.53E-03  3.88E-03   0.9291
 9638.00 1.037560    6.38E-06  5.93E-02  6.87E-06  6.39E-02  3.53E-03  3.88E-03   0.9286
 9639.00 1.037452    6.38E-06  5.92E-02  6.87E-06  6.38E-02  3.54E-03  3.89E-03   0.9285
 9640.00 1.037344    6.36E-06  5.91E-02  6.87E-06  6.38E-02  3.55E-03  3.90E-03   0.9263
 9641.00 1.037237    6.41E-06  5.95E-02  6.90E-06  6.41E-02  3.55E-03  3.90E-03   0.9284
 9642.00 1.037129    6.55E-06  6.09E-02  7.05E-06  6.56E-02  3.56E-03  3.91E-03   0.9285
 9643.00 1.037022    6.60E-06  6.14E-02  7.11E-06  6.61E-02  3.57E-03  3.92E-03   0.9285
 9644.00 1.036914    6.58E-06  6.12E-02  7.09E-06  6.60E-02  3.57E-03  3.93E-03   0.9282
 9645.00 1.036807    6.58E-06  6.12E-02  7.09E-06  6.60E-02  3.58E-03  3.93E-03   0.9285
 9646.00 1.036699    6.59E-06  6.13E-02  7.09E-06  6.60E-02  3.59E-03  3.94E-03   0.9284
 9647.00 1.036592    6.59E-06  6.13E-02  7.10E-06  6.61E-02  3.59E-03  3.95E-03   0.9283
 9648.00 1.036484    6.60E-06  6.15E-02  7.11E-06  6.62E-02  3.60E-03  3.95E-03   0.9287
 9649.00 1.036377    6.63E-06  6.17E-02  7.13E-06  6.64E-02  3.61E-03  3.96E-03   0.9291
 9650.00 1.036269    6.63E-06  6.17E-02  7.14E-06  6.65E-02  3.61E-03  3.97E-03   0.9291
 9651.00 1.036162    6.62E-06  6.17E-02  7.13E-06  6.64E-02  3.62E-03  3.98E-03   0.9284
 9652.00 1.036055    6.61E-06  6.16E-02  7.13E-06  6.64E-02  3.63E-03  3.98E-03   0.9265
 9653.00 1.035947    6.61E-06  6.16E-02  7.12E-06  6.63E-02  3.63E-03  3.99E-03   0.9283
 9654.00 1.035840    6.59E-06  6.14E-02  7.09E-06  6.61E-02  3.64E-03  4.00E-03   0.9290
 9655.00 1.035733    6.58E-06  6.13E-02  7.09E-06  6.61E-02  3.65E-03  4.00E-03   0.9286
 9656.00 1.035626    6.58E-06  6.14E-02  7.09E-06  6.61E-02  3.65E-03  4.01E-03   0.9285
 9657.00 1.035518    6.59E-06  6.15E-02  7.10E-06  6.62E-02  3.66E-03  4.02E-03   0.9290
 9658.00 1.035411    6.59E-06  6.15E-02  7.10E-06  6.62E-02  3.67E-03  4.03E-03   0.9290
 9659.00 1.035304    6.58E-06  6.14E-02  7.08E-06  6.60E-02  3.67E-03  4.03E-03   0.9291
 9660.00 1.035197    6.57E-06  6.13E-02  7.07E-06  6.60E-02  3.68E-03  4.04E-03   0.9290
 9661.00 1.035089    6.56E-06  6.12E-02  7.06E-06  6.59E-02  3.68E-03  4.05E-03   0.9290
 9662.00 1.034982    6.54E-06  6.11E-02  7.04E-06  6.57E-02  3.69E-03  4.05E-03   0.9290
 9663.00 1.034875    6.43E-06  6.00E-02  6.92E-06  6.46E-02  3.70E-03  4.06E-03   0.9290
 9664.00 1.034768    6.44E-06  6.02E-02  6.94E-06  6.48E-02  3.70E-03  4.07E-03   0.9282
 9665.00 1.034661    6.44E-06  6.02E-02  6.94E-06  6.48E-02  3.71E-03  4.07E-03   0.9283
 9666.00 1.034554    6.38E-06  5.96E-02  6.87E-06  6.42E-02  3.72E-03  4.08E-03   0.9289
 9667.00 1.034447    6.39E-06  5.98E-02  6.88E-06  6.43E-02  3.72E-03  4.09E-03   0.9290
 9668.00 1.034340    6.51E-06  6.09E-02  7.01E-06  6.55E-02  3.73E-03  4.10E-03   0.9288
 9669.00 1.034233    6.53E-06  6.11E-02  7.03E-06  6.58E-02  3.74E-03  4.10E-03   0.9290
 9670.00 1.034126    6.55E-06  6.12E-02  7.05E-06  6.59E-02  3.74E-03  4.11E-03   0.9290
 9671.00 1.034019    6.62E-06  6.19E-02  7.13E-06  6.67E-02  3.75E-03  4.12E-03   0.9288
 9672.00 1.033912    6.63E-06  6.20E-02  7.14E-06  6.68E-02  3.76E-03  4.12E-03   0.9290
 9673.00 1.033805    6.62E-06  6.20E-02  7.13E-06  6.67E-02  3.76E-03  4.13E-03   0.9287
 9674.00 1.033699    6.59E-06  6.17E-02  7.11E-06  6.65E-02  3.77E-03  4.14E-03   0.9271
 9675.00 1.033592    6.58E-06  6.16E-02  7.08E-06  6.63E-02  3.78E-03  4.14E-03   0.9289
 9676.00 1.033485    6.50E-06  6.09E-02  7.00E-06  6.56E-02  3.78E-03  4.15E-03   0.9288
 9677.00 1.033378    6.43E-06  6.02E-02  6.97E-06  6.53E-02  3.79E-03  4.16E-03   0.9221
 9678.00 1.033271    6.38E-06  5.97E-02  6.86E-06  6.43E-02  3.80E-03  4.17E-03   0.9289
 9679.00 1.033165    6.36E-06  5.96E-02  6.85E-06  6.41E-02  3.80E-03  4.17E-03   0.9289

                      IRRADIANCE (WATTS/CM2-XXXX)

   FREQ  WAVELENGTH      TRANSMITTED           SOLAR           INTEGRATED         TOTAL
  (CM-1) (MICRON)     (CM-1)    (MICRN)   (CM-1)    (MICRN)   TRANS.    SOLAR     TRANS
 9680.00 1.033058    6.37E-06  5.97E-02  6.86E-06  6.43E-02  3.81E-03  4.18E-03   0.9289
 9681.00 1.032951    6.45E-06  6.04E-02  6.94E-06  6.50E-02  3.81E-03  4.19E-03   0.9289
 9682.00 1.032844    6.47E-06  6.07E-02  6.97E-06  6.53E-02  3.82E-03  4.19E-03   0.9289
 9683.00 1.032738    6.58E-06  6.17E-02  7.09E-06  6.64E-02  3.83E-03  4.20E-03   0.9289
 9684.00 1.032631    6.61E-06  6.20E-02  7.12E-06  6.68E-02  3.83E-03  4.21E-03   0.9288
 9685.00 1.032524    6.62E-06  6.21E-02  7.13E-06  6.69E-02  3.84E-03  4.21E-03   0.9289
 9686.00 1.032418    6.62E-06  6.21E-02  7.13E-06  6.69E-02  3.85E-03  4.22E-03   0.9288
 9687.00 1.032311    6.62E-06  6.21E-02  7.13E-06  6.69E-02  3.85E-03  4.23E-03   0.9288
 9688.00 1.032205    6.61E-06  6.21E-02  7.12E-06  6.68E-02  3.86E-03  4.24E-03   0.9288
 9689.00 1.032098    6.63E-06  6.22E-02  7.13E-06  6.70E-02  3.87E-03  4.24E-03   0.9288
 9690.00 1.031992    6.63E-06  6.22E-02  7.13E-06  6.70E-02  3.87E-03  4.25E-03   0.9288
 9691.00 1.031885    6.61E-06  6.21E-02  7.12E-06  6.69E-02  3.88E-03  4.26E-03   0.9275
 9692.00 1.031779    6.58E-06  6.18E-02  7.08E-06  6.65E-02  3.89E-03  4.26E-03   0.9287
 9693.00 1.031672    6.57E-06  6.18E-02  7.08E-06  6.65E-02  3.89E-03  4.27E-03   0.9287
 9694.00 1.031566    6.57E-06  6.18E-02  7.08E-06  6.65E-02  3.90E-03  4.28E-03   0.9284
 9695.00 1.031460    6.50E-06  6.11E-02  7.08E-06  6.66E-02  3.91E-03  4.29E-03   0.9178
 9696.00 1.031353    6.58E-06  6.19E-02  7.09E-06  6.67E-02  3.91E-03  4.29E-03   0.9286
 9697.00 1.031247    6.61E-06  6.22E-02  7.12E-06  6.69E-02  3.92E-03  4.30E-03   0.9287
 9698.00 1.031140    6.61E-06  6.22E-02  7.12E-06  6.70E-02  3.93E-03  4.31E-03   0.9287
 9699.00 1.031034    6.60E-06  6.21E-02  7.11E-06  6.69E-02  3.93E-03  4.31E-03   0.9285
 9700.00 1.030928    6.57E-06  6.18E-02  7.11E-06  6.69E-02  3.94E-03  4.32E-03   0.9240
 9701.00 1.030822    6.60E-06  6.21E-02  7.11E-06  6.69E-02  3.95E-03  4.33E-03   0.9287
 9702.00 1.030715    6.59E-06  6.20E-02  7.10E-06  6.68E-02  3.95E-03  4.34E-03   0.9281
 9703.00 1.030609    6.58E-06  6.20E-02  7.09E-06  6.67E-02  3.96E-03  4.34E-03   0.9286
 9704.00 1.030503    6.58E-06  6.20E-02  7.09E-06  6.68E-02  3.97E-03  4.35E-03   0.9287
 9705.00 1.030397    6.57E-06  6.19E-02  7.07E-06  6.66E-02  3.97E-03  4.36E-03   0.9287
 9706.00 1.030290    6.57E-06  6.19E-02  7.07E-06  6.66E-02  3.98E-03  4.36E-03   0.9286
 9707.00 1.030184    6.59E-06  6.21E-02  7.09E-06  6.68E-02  3.99E-03  4.37E-03   0.9286
 9708.00 1.030078    6.56E-06  6.18E-02  7.11E-06  6.70E-02  3.99E-03  4.38E-03   0.9228
 9709.00 1.029972    6.61E-06  6.23E-02  7.12E-06  6.71E-02  4.00E-03  4.39E-03   0.9281
 9710.00 1.029866    6.63E-06  6.25E-02  7.14E-06  6.73E-02  4.01E-03  4.39E-03   0.9286
 9711.00 1.029760    6.63E-06  6.25E-02  7.14E-06  6.74E-02  4.01E-03  4.40E-03   0.9286
 9712.00 1.029654    6.64E-06  6.26E-02  7.15E-06  6.74E-02  4.02E-03  4.41E-03   0.9285
 9713.00 1.029548    6.62E-06  6.25E-02  7.13E-06  6.73E-02  4.03E-03  4.41E-03   0.9284
 9714.00 1.029442    6.52E-06  6.15E-02  7.06E-06  6.66E-02  4.03E-03  4.42E-03   0.9229
 9715.00 1.029336    6.46E-06  6.10E-02  6.96E-06  6.57E-02  4.04E-03  4.43E-03   0.9284
 9716.00 1.029230    6.45E-06  6.09E-02  6.94E-06  6.56E-02  4.04E-03  4.43E-03   0.9285
 9717.00 1.029124    6.45E-06  6.09E-02  6.95E-06  6.56E-02  4.05E-03  4.44E-03   0.9281
 9718.00 1.029018    6.46E-06  6.10E-02  6.96E-06  6.57E-02  4.06E-03  4.45E-03   0.9284
 9719.00 1.028912    6.50E-06  6.14E-02  7.03E-06  6.64E-02  4.06E-03  4.46E-03   0.9248
 9720.00 1.028807    6.59E-06  6.23E-02  7.13E-06  6.73E-02  4.07E-03  4.46E-03   0.9248
 9721.00 1.028701    6.62E-06  6.26E-02  7.14E-06  6.75E-02  4.08E-03  4.47E-03   0.9275
 9722.00 1.028595    6.50E-06  6.15E-02  7.14E-06  6.75E-02  4.08E-03  4.48E-03   0.9106
 9723.00 1.028489    6.63E-06  6.27E-02  7.14E-06  6.75E-02  4.09E-03  4.48E-03   0.9282
 9724.00 1.028383    6.63E-06  6.27E-02  7.14E-06  6.75E-02  4.10E-03  4.49E-03   0.9284
 9725.00 1.028278    6.64E-06  6.28E-02  7.15E-06  6.76E-02  4.10E-03  4.50E-03   0.9284
 9726.00 1.028172    6.64E-06  6.28E-02  7.15E-06  6.76E-02  4.11E-03  4.51E-03   0.9284
 9727.00 1.028066    6.64E-06  6.28E-02  7.15E-06  6.76E-02  4.12E-03  4.51E-03   0.9283
 9728.00 1.027961    6.63E-06  6.27E-02  7.15E-06  6.76E-02  4.12E-03  4.52E-03   0.9276
 9729.00 1.027855    6.62E-06  6.27E-02  7.13E-06  6.75E-02  4.13E-03  4.53E-03   0.9282

                      IRRADIANCE (WATTS/CM2-XXXX)

   FREQ  WAVELENGTH      TRANSMITTED           SOLAR           INTEGRATED         TOTAL
  (CM-1) (MICRON)     (CM-1)    (MICRN)   (CM-1)    (MICRN)   TRANS.    SOLAR     TRANS
 9730.00 1.027749    6.61E-06  6.26E-02  7.13E-06  6.75E-02  4.14E-03  4.53E-03   0.9280
 9731.00 1.027644    6.58E-06  6.23E-02  7.12E-06  6.74E-02  4.14E-03  4.54E-03   0.9234
 9732.00 1.027538    6.43E-06  6.09E-02  7.11E-06  6.74E-02  4.15E-03  4.55E-03   0.9043
 9733.00 1.027432    6.60E-06  6.25E-02  7.11E-06  6.74E-02  4.16E-03  4.56E-03   0.9277
 9734.00 1.027327    6.49E-06  6.15E-02  7.13E-06  6.75E-02  4.16E-03  4.56E-03   0.9101
 9735.00 1.027221    6.61E-06  6.27E-02  7.13E-06  6.76E-02  4.17E-03  4.57E-03   0.9273
 9736.00 1.027116    6.62E-06  6.27E-02  7.13E-06  6.76E-02  4.18E-03  4.58E-03   0.9282
 9737.00 1.027010    6.60E-06  6.26E-02  7.11E-06  6.74E-02  4.18E-03  4.58E-03   0.9282
 9738.00 1.026905    6.60E-06  6.26E-02  7.11E-06  6.74E-02  4.19E-03  4.59E-03   0.9282
 9739.00 1.026799    6.59E-06  6.25E-02  7.09E-06  6.73E-02  4.20E-03  4.60E-03   0.9282
 9740.00 1.026694    6.58E-06  6.24E-02  7.09E-06  6.72E-02  4.20E-03  4.61E-03   0.9282
 9741.00 1.026589    6.58E-06  6.25E-02  7.09E-06  6.73E-02  4.21E-03  4.61E-03   0.9282
 9742.00 1.026483    6.60E-06  6.26E-02  7.11E-06  6.75E-02  4.22E-03  4.62E-03   0.9281
 9743.00 1.026378    6.59E-06  6.25E-02  7.12E-06  6.76E-02  4.22E-03  4.63E-03   0.9254
 9744.00 1.026273    6.54E-06  6.21E-02  7.13E-06  6.77E-02  4.23E-03  4.63E-03   0.9180
 9745.00 1.026167    6.62E-06  6.29E-02  7.14E-06  6.78E-02  4.24E-03  4.64E-03   0.9280
 9746.00 1.026062    6.63E-06  6.29E-02  7.14E-06  6.78E-02  4.24E-03  4.65E-03   0.9281
 9747.00 1.025957    6.62E-06  6.29E-02  7.14E-06  6.78E-02  4.25E-03  4.66E-03   0.9280
 9748.00 1.025851    6.60E-06  6.27E-02  7.14E-06  6.78E-02  4.26E-03  4.66E-03   0.9246
 9749.00 1.025746    6.54E-06  6.21E-02  7.14E-06  6.78E-02  4.26E-03  4.67E-03   0.9159
 9750.00 1.025641    6.62E-06  6.29E-02  7.13E-06  6.78E-02  4.27E-03  4.68E-03   0.9279
 9751.00 1.025536    6.61E-06  6.29E-02  7.13E-06  6.78E-02  4.28E-03  4.68E-03   0.9280
 9752.00 1.025431    6.61E-06  6.29E-02  7.12E-06  6.77E-02  4.28E-03  4.69E-03   0.9280
 9753.00 1.025326    6.55E-06  6.23E-02  7.12E-06  6.77E-02  4.29E-03  4.70E-03   0.9198
 9754.00 1.025220    6.61E-06  6.29E-02  7.13E-06  6.78E-02  4.30E-03  4.71E-03   0.9272
 9755.00 1.025115    6.62E-06  6.30E-02  7.13E-06  6.78E-02  4.30E-03  4.71E-03   0.9280
 9756.00 1.025010    6.59E-06  6.27E-02  7.10E-06  6.76E-02  4.31E-03  4.72E-03   0.9279
 9757.00 1.024905    6.58E-06  6.27E-02  7.10E-06  6.76E-02  4.31E-03  4.73E-03   0.9269
 9758.00 1.024800    6.60E-06  6.28E-02  7.11E-06  6.77E-02  4.32E-03  4.73E-03   0.9280
 9759.00 1.024695    6.59E-06  6.28E-02  7.11E-06  6.77E-02  4.33E-03  4.74E-03   0.9280
 9760.00 1.024590    6.59E-06  6.28E-02  7.11E-06  6.77E-02  4.33E-03  4.75E-03   0.9280
 9761.00 1.024485    6.62E-06  6.31E-02  7.14E-06  6.80E-02  4.34E-03  4.75E-03   0.9279
 9762.00 1.024380    6.61E-06  6.30E-02  7.12E-06  6.79E-02  4.35E-03  4.76E-03   0.9279
 9763.00 1.024275    6.59E-06  6.28E-02  7.10E-06  6.77E-02  4.35E-03  4.77E-03   0.9278
 9764.00 1.024170    6.58E-06  6.28E-02  7.10E-06  6.77E-02  4.36E-03  4.78E-03   0.9273
 9765.00 1.024065    6.57E-06  6.26E-02  7.11E-06  6.78E-02  4.37E-03  4.78E-03   0.9244
 9766.00 1.023961    6.35E-06  6.05E-02  7.10E-06  6.77E-02  4.37E-03  4.79E-03   0.8940
 9767.00 1.023856    6.34E-06  6.04E-02  7.11E-06  6.78E-02  4.38E-03  4.80E-03   0.8910
 9768.00 1.023751    6.53E-06  6.23E-02  7.13E-06  6.80E-02  4.39E-03  4.80E-03   0.9166
 9769.00 1.023646    6.61E-06  6.31E-02  7.13E-06  6.80E-02  4.39E-03  4.81E-03   0.9270
 9770.00 1.023541    6.51E-06  6.21E-02  7.13E-06  6.80E-02  4.40E-03  4.82E-03   0.9133
 9771.00 1.023437    6.61E-06  6.31E-02  7.13E-06  6.81E-02  4.41E-03  4.83E-03   0.9273
 9772.00 1.023332    6.62E-06  6.33E-02  7.14E-06  6.82E-02  4.41E-03  4.83E-03   0.9276
 9773.00 1.023227    6.62E-06  6.33E-02  7.14E-06  6.82E-02  4.42E-03  4.84E-03   0.9277
 9774.00 1.023123    6.61E-06  6.31E-02  7.12E-06  6.80E-02  4.43E-03  4.85E-03   0.9275
 9775.00 1.023018    6.58E-06  6.29E-02  7.12E-06  6.80E-02  4.43E-03  4.85E-03   0.9246
 9776.00 1.022913    6.38E-06  6.10E-02  7.12E-06  6.80E-02  4.44E-03  4.86E-03   0.8964
 9777.00 1.022809    6.60E-06  6.31E-02  7.12E-06  6.80E-02  4.45E-03  4.87E-03   0.9273
 9778.00 1.022704    6.61E-06  6.32E-02  7.13E-06  6.81E-02  4.45E-03  4.88E-03   0.9276
 9779.00 1.022599    6.63E-06  6.34E-02  7.14E-06  6.83E-02  4.46E-03  4.88E-03   0.9277

                      IRRADIANCE (WATTS/CM2-XXXX)

   FREQ  WAVELENGTH      TRANSMITTED           SOLAR           INTEGRATED         TOTAL
  (CM-1) (MICRON)     (CM-1)    (MICRN)   (CM-1)    (MICRN)   TRANS.    SOLAR     TRANS
 9780.00 1.022495    6.63E-06  6.34E-02  7.15E-06  6.84E-02  4.47E-03  4.89E-03   0.9277
 9781.00 1.022390    6.61E-06  6.32E-02  7.12E-06  6.81E-02  4.47E-03  4.90E-03   0.9277
 9782.00 1.022286    6.54E-06  6.26E-02  7.05E-06  6.75E-02  4.48E-03  4.90E-03   0.9277
 9783.00 1.022181    6.47E-06  6.19E-02  6.97E-06  6.67E-02  4.49E-03  4.91E-03   0.9277
 9784.00 1.022077    6.36E-06  6.09E-02  6.85E-06  6.56E-02  4.49E-03  4.92E-03   0.9277
 9785.00 1.021972    6.33E-06  6.07E-02  6.83E-06  6.54E-02  4.50E-03  4.93E-03   0.9276
 9786.00 1.021868    6.35E-06  6.09E-02  6.85E-06  6.56E-02  4.50E-03  4.93E-03   0.9272
 9787.00 1.021764    6.26E-06  6.00E-02  6.92E-06  6.63E-02  4.51E-03  4.94E-03   0.9052
 9788.00 1.021659    6.41E-06  6.15E-02  6.98E-06  6.69E-02  4.52E-03  4.95E-03   0.9192
 9789.00 1.021555    6.57E-06  6.30E-02  7.09E-06  6.80E-02  4.52E-03  4.95E-03   0.9269
 9790.00 1.021450    6.59E-06  6.31E-02  7.11E-06  6.82E-02  4.53E-03  4.96E-03   0.9261
 9791.00 1.021346    6.57E-06  6.29E-02  7.08E-06  6.79E-02  4.54E-03  4.97E-03   0.9272
 9792.00 1.021242    6.54E-06  6.27E-02  7.08E-06  6.79E-02  4.54E-03  4.97E-03   0.9239
 9793.00 1.021138    6.58E-06  6.31E-02  7.09E-06  6.80E-02  4.55E-03  4.98E-03   0.9275
 9794.00 1.021033    6.58E-06  6.31E-02  7.09E-06  6.81E-02  4.56E-03  4.99E-03   0.9275
 9795.00 1.020929    6.57E-06  6.30E-02  7.09E-06  6.80E-02  4.56E-03  5.00E-03   0.9265
 9796.00 1.020825    6.57E-06  6.31E-02  7.09E-06  6.80E-02  4.57E-03  5.00E-03   0.9275
 9797.00 1.020721    6.55E-06  6.29E-02  7.07E-06  6.78E-02  4.58E-03  5.01E-03   0.9275
 9798.00 1.020616    6.55E-06  6.29E-02  7.07E-06  6.78E-02  4.58E-03  5.02E-03   0.9273
 9799.00 1.020512    6.50E-06  6.24E-02  7.07E-06  6.79E-02  4.59E-03  5.02E-03   0.9202
 9800.00 1.020408    6.48E-06  6.22E-02  7.05E-06  6.77E-02  4.60E-03  5.03E-03   0.9183
 9801.00 1.020304    6.57E-06  6.31E-02  7.08E-06  6.81E-02  4.60E-03  5.04E-03   0.9270
 9802.00 1.020200    6.59E-06  6.33E-02  7.11E-06  6.83E-02  4.61E-03  5.05E-03   0.9274
 9803.00 1.020096    6.58E-06  6.32E-02  7.10E-06  6.82E-02  4.62E-03  5.05E-03   0.9274
 9804.00 1.019992    6.56E-06  6.30E-02  7.07E-06  6.79E-02  4.62E-03  5.06E-03   0.9274
 9805.00 1.019888    6.56E-06  6.30E-02  7.07E-06  6.80E-02  4.63E-03  5.07E-03   0.9274
 9806.00 1.019784    6.47E-06  6.22E-02  6.97E-06  6.70E-02  4.64E-03  5.07E-03   0.9273
 9807.00 1.019680    6.38E-06  6.14E-02  6.89E-06  6.62E-02  4.64E-03  5.08E-03   0.9272
 9808.00 1.019576    6.38E-06  6.14E-02  6.89E-06  6.62E-02  4.65E-03  5.09E-03   0.9267
 9809.00 1.019472    6.23E-06  5.99E-02  6.92E-06  6.66E-02  4.65E-03  5.09E-03   0.9003
 9810.00 1.019368    6.09E-06  5.86E-02  6.94E-06  6.67E-02  4.66E-03  5.10E-03   0.8783
 9811.00 1.019264    6.51E-06  6.27E-02  7.03E-06  6.77E-02  4.67E-03  5.11E-03   0.9257
 9812.00 1.019160    6.58E-06  6.33E-02  7.09E-06  6.83E-02  4.67E-03  5.11E-03   0.9270
 9813.00 1.019056    6.57E-06  6.33E-02  7.09E-06  6.83E-02  4.68E-03  5.12E-03   0.9272
 9814.00 1.018952    6.51E-06  6.27E-02  7.02E-06  6.76E-02  4.69E-03  5.13E-03   0.9272
 9815.00 1.018849    6.38E-06  6.14E-02  6.88E-06  6.63E-02  4.69E-03  5.14E-03   0.9272
 9816.00 1.018745    6.36E-06  6.13E-02  6.86E-06  6.61E-02  4.70E-03  5.14E-03   0.9271
 9817.00 1.018641    6.34E-06  6.11E-02  6.89E-06  6.64E-02  4.71E-03  5.15E-03   0.9205
 9818.00 1.018537    6.40E-06  6.17E-02  6.91E-06  6.66E-02  4.71E-03  5.16E-03   0.9270
 9819.00 1.018434    6.46E-06  6.23E-02  6.97E-06  6.72E-02  4.72E-03  5.16E-03   0.9272
 9820.00 1.018330    6.59E-06  6.35E-02  7.11E-06  6.85E-02  4.73E-03  5.17E-03   0.9272
 9821.00 1.018226    6.62E-06  6.38E-02  7.14E-06  6.88E-02  4.73E-03  5.18E-03   0.9272
 9822.00 1.018123    6.62E-06  6.39E-02  7.14E-06  6.89E-02  4.74E-03  5.18E-03   0.9272
 9823.00 1.018019    6.62E-06  6.39E-02  7.14E-06  6.89E-02  4.74E-03  5.19E-03   0.9271
 9824.00 1.017915    6.62E-06  6.39E-02  7.16E-06  6.91E-02  4.75E-03  5.20E-03   0.9251
 9825.00 1.017812    6.62E-06  6.39E-02  7.14E-06  6.90E-02  4.76E-03  5.21E-03   0.9271
 9826.00 1.017708    6.61E-06  6.38E-02  7.13E-06  6.89E-02  4.76E-03  5.21E-03   0.9270
 9827.00 1.017605    6.61E-06  6.38E-02  7.13E-06  6.89E-02  4.77E-03  5.22E-03   0.9268
 9828.00 1.017501    6.46E-06  6.24E-02  7.13E-06  6.89E-02  4.78E-03  5.23E-03   0.9068
 9829.00 1.017398    6.60E-06  6.38E-02  7.13E-06  6.89E-02  4.78E-03  5.23E-03   0.9260

                      IRRADIANCE (WATTS/CM2-XXXX)

   FREQ  WAVELENGTH      TRANSMITTED           SOLAR           INTEGRATED         TOTAL
  (CM-1) (MICRON)     (CM-1)    (MICRN)   (CM-1)    (MICRN)   TRANS.    SOLAR     TRANS
 9830.00 1.017294    6.62E-06  6.39E-02  7.14E-06  6.90E-02  4.79E-03  5.24E-03   0.9270
 9831.00 1.017191    6.59E-06  6.37E-02  7.11E-06  6.87E-02  4.80E-03  5.25E-03   0.9270
 9832.00 1.017087    6.58E-06  6.37E-02  7.10E-06  6.87E-02  4.80E-03  5.26E-03   0.9269
 9833.00 1.016984    6.49E-06  6.28E-02  7.07E-06  6.84E-02  4.81E-03  5.26E-03   0.9183
 9834.00 1.016880    6.38E-06  6.17E-02  6.94E-06  6.71E-02  4.82E-03  5.27E-03   0.9192
 9835.00 1.016777    6.38E-06  6.17E-02  6.92E-06  6.69E-02  4.82E-03  5.28E-03   0.9217
 9836.00 1.016673    6.44E-06  6.23E-02  6.94E-06  6.72E-02  4.83E-03  5.28E-03   0.9269
 9837.00 1.016570    6.45E-06  6.24E-02  6.95E-06  6.73E-02  4.84E-03  5.29E-03   0.9270
 9838.00 1.016467    6.48E-06  6.27E-02  6.99E-06  6.76E-02  4.84E-03  5.30E-03   0.9270
 9839.00 1.016364    6.60E-06  6.39E-02  7.12E-06  6.89E-02  4.85E-03  5.31E-03   0.9270
 9840.00 1.016260    6.62E-06  6.41E-02  7.14E-06  6.92E-02  4.86E-03  5.31E-03   0.9269
 9841.00 1.016157    6.59E-06  6.38E-02  7.11E-06  6.89E-02  4.86E-03  5.32E-03   0.9268
 9842.00 1.016054    6.57E-06  6.36E-02  7.09E-06  6.86E-02  4.87E-03  5.33E-03   0.9269
 9843.00 1.015950    6.54E-06  6.34E-02  7.06E-06  6.84E-02  4.88E-03  5.33E-03   0.9265
 9844.00 1.015847    6.52E-06  6.32E-02  7.03E-06  6.81E-02  4.88E-03  5.34E-03   0.9268
 9845.00 1.015744    6.51E-06  6.31E-02  7.03E-06  6.81E-02  4.89E-03  5.35E-03   0.9266
 9846.00 1.015641    6.52E-06  6.32E-02  7.07E-06  6.85E-02  4.90E-03  5.35E-03   0.9231
 9847.00 1.015538    6.36E-06  6.17E-02  7.09E-06  6.88E-02  4.90E-03  5.36E-03   0.8972
 9848.00 1.015435    6.58E-06  6.38E-02  7.10E-06  6.89E-02  4.91E-03  5.37E-03   0.9263
 9849.00 1.015332    6.61E-06  6.41E-02  7.13E-06  6.92E-02  4.91E-03  5.38E-03   0.9267
 9850.00 1.015228    6.62E-06  6.42E-02  7.14E-06  6.93E-02  4.92E-03  5.38E-03   0.9267
 9851.00 1.015125    6.59E-06  6.40E-02  7.11E-06  6.90E-02  4.93E-03  5.39E-03   0.9267
 9852.00 1.015022    6.47E-06  6.28E-02  6.99E-06  6.78E-02  4.93E-03  5.40E-03   0.9267
 9853.00 1.014919    6.46E-06  6.27E-02  6.97E-06  6.77E-02  4.94E-03  5.40E-03   0.9266
 9854.00 1.014816    6.35E-06  6.16E-02  6.95E-06  6.75E-02  4.95E-03  5.41E-03   0.9139
 9855.00 1.014713    6.38E-06  6.19E-02  6.93E-06  6.73E-02  4.95E-03  5.42E-03   0.9204
 9856.00 1.014610    6.44E-06  6.25E-02  6.95E-06  6.75E-02  4.96E-03  5.43E-03   0.9263
 9857.00 1.014507    6.51E-06  6.32E-02  7.09E-06  6.88E-02  4.97E-03  5.43E-03   0.9184
 9858.00 1.014405    6.50E-06  6.31E-02  7.11E-06  6.91E-02  4.97E-03  5.44E-03   0.9134
 9859.00 1.014302    6.57E-06  6.39E-02  7.13E-06  6.93E-02  4.98E-03  5.45E-03   0.9214
 9860.00 1.014199    6.61E-06  6.43E-02  7.14E-06  6.94E-02  4.99E-03  5.45E-03   0.9265
 9861.00 1.014096    6.61E-06  6.43E-02  7.14E-06  6.94E-02  4.99E-03  5.46E-03   0.9266
 9862.00 1.013993    6.60E-06  6.42E-02  7.13E-06  6.93E-02  5.00E-03  5.47E-03   0.9266
 9863.00 1.013890    6.61E-06  6.43E-02  7.13E-06  6.93E-02  5.01E-03  5.47E-03   0.9266
 9864.00 1.013788    6.61E-06  6.43E-02  7.13E-06  6.94E-02  5.01E-03  5.48E-03   0.9266
 9865.00 1.013685    6.62E-06  6.45E-02  7.15E-06  6.96E-02  5.02E-03  5.49E-03   0.9266
 9866.00 1.013582    6.62E-06  6.44E-02  7.14E-06  6.95E-02  5.03E-03  5.50E-03   0.9264
 9867.00 1.013479    6.62E-06  6.45E-02  7.15E-06  6.96E-02  5.03E-03  5.50E-03   0.9265
 9868.00 1.013377    6.62E-06  6.45E-02  7.15E-06  6.96E-02  5.04E-03  5.51E-03   0.9263
 9869.00 1.013274    6.60E-06  6.43E-02  7.14E-06  6.95E-02  5.05E-03  5.52E-03   0.9248
 9870.00 1.013171    6.50E-06  6.34E-02  7.14E-06  6.96E-02  5.05E-03  5.52E-03   0.9109
 9871.00 1.013069    6.62E-06  6.45E-02  7.15E-06  6.96E-02  5.06E-03  5.53E-03   0.9262
 9872.00 1.012966    6.60E-06  6.43E-02  7.13E-06  6.95E-02  5.07E-03  5.54E-03   0.9263
 9873.00 1.012863    6.53E-06  6.36E-02  7.05E-06  6.87E-02  5.07E-03  5.55E-03   0.9261
 9874.00 1.012761    6.50E-06  6.33E-02  7.04E-06  6.86E-02  5.08E-03  5.55E-03   0.9228
 9875.00 1.012658    6.52E-06  6.36E-02  7.04E-06  6.86E-02  5.09E-03  5.56E-03   0.9263
 9876.00 1.012556    6.51E-06  6.35E-02  7.03E-06  6.86E-02  5.09E-03  5.57E-03   0.9263
 9877.00 1.012453    6.53E-06  6.37E-02  7.05E-06  6.88E-02  5.10E-03  5.57E-03   0.9262
 9878.00 1.012351    6.60E-06  6.44E-02  7.13E-06  6.95E-02  5.10E-03  5.58E-03   0.9260
 9879.00 1.012248    6.58E-06  6.42E-02  7.14E-06  6.97E-02  5.11E-03  5.59E-03   0.9218

                      IRRADIANCE (WATTS/CM2-XXXX)

   FREQ  WAVELENGTH      TRANSMITTED           SOLAR           INTEGRATED         TOTAL
  (CM-1) (MICRON)     (CM-1)    (MICRN)   (CM-1)    (MICRN)   TRANS.    SOLAR     TRANS
 9880.00 1.012146    6.35E-06  6.19E-02  7.15E-06  6.98E-02  5.12E-03  5.60E-03   0.8880
 9881.00 1.012043    6.62E-06  6.47E-02  7.16E-06  6.99E-02  5.12E-03  5.60E-03   0.9256
 9882.00 1.011941    6.58E-06  6.43E-02  7.14E-06  6.98E-02  5.13E-03  5.61E-03   0.9216
 9883.00 1.011839    6.50E-06  6.35E-02  7.12E-06  6.95E-02  5.14E-03  5.62E-03   0.9136
 9884.00 1.011736    6.58E-06  6.43E-02  7.11E-06  6.95E-02  5.14E-03  5.62E-03   0.9251
 9885.00 1.011634    6.57E-06  6.42E-02  7.10E-06  6.94E-02  5.15E-03  5.63E-03   0.9261
 9886.00 1.011531    6.57E-06  6.42E-02  7.10E-06  6.94E-02  5.16E-03  5.64E-03   0.9259
 9887.00 1.011429    6.57E-06  6.42E-02  7.11E-06  6.95E-02  5.16E-03  5.65E-03   0.9228
 9888.00 1.011327    6.61E-06  6.47E-02  7.14E-06  6.98E-02  5.17E-03  5.65E-03   0.9258
 9889.00 1.011225    6.60E-06  6.46E-02  7.15E-06  7.00E-02  5.18E-03  5.66E-03   0.9227
 9890.00 1.011122    6.63E-06  6.48E-02  7.16E-06  7.00E-02  5.18E-03  5.67E-03   0.9260
 9891.00 1.011020    6.57E-06  6.43E-02  7.11E-06  6.95E-02  5.19E-03  5.67E-03   0.9248
 9892.00 1.010918    6.55E-06  6.41E-02  7.08E-06  6.93E-02  5.20E-03  5.68E-03   0.9249
 9893.00 1.010816    6.47E-06  6.34E-02  7.07E-06  6.92E-02  5.20E-03  5.69E-03   0.9153
 9894.00 1.010714    6.55E-06  6.41E-02  7.07E-06  6.92E-02  5.21E-03  5.70E-03   0.9259
 9895.00 1.010611    6.55E-06  6.41E-02  7.08E-06  6.93E-02  5.22E-03  5.70E-03   0.9254
 9896.00 1.010509    6.58E-06  6.45E-02  7.13E-06  6.98E-02  5.22E-03  5.71E-03   0.9233
 9897.00 1.010407    6.62E-06  6.49E-02  7.15E-06  7.01E-02  5.23E-03  5.72E-03   0.9256
 9898.00 1.010305    6.44E-06  6.31E-02  7.15E-06  7.00E-02  5.24E-03  5.72E-03   0.9017
 9899.00 1.010203    6.59E-06  6.46E-02  7.14E-06  6.99E-02  5.24E-03  5.73E-03   0.9232
 9900.00 1.010101    6.59E-06  6.46E-02  7.14E-06  7.00E-02  5.25E-03  5.74E-03   0.9240
 9901.00 1.009999    6.49E-06  6.37E-02  7.13E-06  6.99E-02  5.26E-03  5.75E-03   0.9103
 9902.00 1.009897    6.59E-06  6.47E-02  7.13E-06  6.99E-02  5.26E-03  5.75E-03   0.9253
 9903.00 1.009795    6.48E-06  6.35E-02  7.14E-06  7.00E-02  5.27E-03  5.76E-03   0.9072
 9904.00 1.009693    6.58E-06  6.46E-02  7.14E-06  7.00E-02  5.28E-03  5.77E-03   0.9225
 9905.00 1.009591    6.26E-06  6.14E-02  7.13E-06  7.00E-02  5.28E-03  5.77E-03   0.8776
 9906.00 1.009489    6.53E-06  6.41E-02  7.12E-06  6.99E-02  5.29E-03  5.78E-03   0.9173
 9907.00 1.009387    6.40E-06  6.28E-02  7.13E-06  7.00E-02  5.29E-03  5.79E-03   0.8971
 9908.00 1.009285    6.54E-06  6.42E-02  7.14E-06  7.00E-02  5.30E-03  5.80E-03   0.9171
 9909.00 1.009184    6.56E-06  6.44E-02  7.14E-06  7.01E-02  5.31E-03  5.80E-03   0.9190
 9910.00 1.009082    6.59E-06  6.47E-02  7.13E-06  7.00E-02  5.31E-03  5.81E-03   0.9238
 9911.00 1.008980    6.28E-06  6.17E-02  7.11E-06  6.99E-02  5.32E-03  5.82E-03   0.8827
 9912.00 1.008878    6.56E-06  6.44E-02  7.09E-06  6.97E-02  5.33E-03  5.82E-03   0.9247
 9913.00 1.008776    6.55E-06  6.44E-02  7.08E-06  6.96E-02  5.33E-03  5.83E-03   0.9255
 9914.00 1.008675    6.55E-06  6.43E-02  7.07E-06  6.95E-02  5.34E-03  5.84E-03   0.9256
 9915.00 1.008573    6.54E-06  6.43E-02  7.07E-06  6.95E-02  5.35E-03  5.85E-03   0.9250
 9916.00 1.008471    6.47E-06  6.36E-02  7.09E-06  6.97E-02  5.35E-03  5.85E-03   0.9123
 9917.00 1.008369    6.57E-06  6.46E-02  7.10E-06  6.98E-02  5.36E-03  5.86E-03   0.9251
 9918.00 1.008268    6.57E-06  6.47E-02  7.11E-06  6.99E-02  5.37E-03  5.87E-03   0.9253
 9919.00 1.008166    6.56E-06  6.46E-02  7.11E-06  6.99E-02  5.37E-03  5.87E-03   0.9234
 9920.00 1.008065    6.29E-06  6.19E-02  7.12E-06  7.01E-02  5.38E-03  5.88E-03   0.8838
 9921.00 1.007963    6.58E-06  6.47E-02  7.13E-06  7.02E-02  5.39E-03  5.89E-03   0.9228
 9922.00 1.007861    6.61E-06  6.50E-02  7.14E-06  7.03E-02  5.39E-03  5.89E-03   0.9253
 9923.00 1.007760    6.60E-06  6.50E-02  7.14E-06  7.03E-02  5.40E-03  5.90E-03   0.9241
 9924.00 1.007658    6.58E-06  6.48E-02  7.15E-06  7.04E-02  5.41E-03  5.91E-03   0.9203
 9925.00 1.007557    6.60E-06  6.51E-02  7.15E-06  7.04E-02  5.41E-03  5.92E-03   0.9243
 9926.00 1.007455    6.61E-06  6.51E-02  7.14E-06  7.03E-02  5.42E-03  5.92E-03   0.9255
 9927.00 1.007354    6.57E-06  6.47E-02  7.10E-06  7.00E-02  5.43E-03  5.93E-03   0.9253
 9928.00 1.007252    6.44E-06  6.35E-02  7.08E-06  6.98E-02  5.43E-03  5.94E-03   0.9096
 9929.00 1.007151    6.55E-06  6.45E-02  7.08E-06  6.98E-02  5.44E-03  5.94E-03   0.9247

                      IRRADIANCE (WATTS/CM2-XXXX)

   FREQ  WAVELENGTH      TRANSMITTED           SOLAR           INTEGRATED         TOTAL
  (CM-1) (MICRON)     (CM-1)    (MICRN)   (CM-1)    (MICRN)   TRANS.    SOLAR     TRANS
 9930.00 1.007049    6.53E-06  6.44E-02  7.08E-06  6.98E-02  5.44E-03  5.95E-03   0.9225
 9931.00 1.006948    6.54E-06  6.45E-02  7.07E-06  6.97E-02  5.45E-03  5.96E-03   0.9254
 9932.00 1.006847    6.55E-06  6.46E-02  7.08E-06  6.98E-02  5.46E-03  5.97E-03   0.9254
 9933.00 1.006745    6.54E-06  6.45E-02  7.08E-06  6.98E-02  5.46E-03  5.97E-03   0.9241
 9934.00 1.006644    6.45E-06  6.36E-02  7.07E-06  6.98E-02  5.47E-03  5.98E-03   0.9122
 9935.00 1.006543    6.53E-06  6.45E-02  7.06E-06  6.97E-02  5.48E-03  5.99E-03   0.9251
 9936.00 1.006441    6.53E-06  6.44E-02  7.06E-06  6.97E-02  5.48E-03  5.99E-03   0.9243
 9937.00 1.006340    6.49E-06  6.41E-02  7.02E-06  6.93E-02  5.49E-03  6.00E-03   0.9253
 9938.00 1.006239    6.43E-06  6.35E-02  6.95E-06  6.87E-02  5.50E-03  6.01E-03   0.9243
 9939.00 1.006137    6.33E-06  6.25E-02  6.93E-06  6.84E-02  5.50E-03  6.02E-03   0.9132
 9940.00 1.006036    6.38E-06  6.30E-02  6.89E-06  6.81E-02  5.51E-03  6.02E-03   0.9251
 9941.00 1.005935    6.36E-06  6.29E-02  6.87E-06  6.79E-02  5.52E-03  6.03E-03   0.9253
 9942.00 1.005834    6.38E-06  6.31E-02  6.90E-06  6.82E-02  5.52E-03  6.04E-03   0.9252
 9943.00 1.005733    6.39E-06  6.32E-02  6.91E-06  6.83E-02  5.53E-03  6.04E-03   0.9246
 9944.00 1.005632    6.10E-06  6.03E-02  6.85E-06  6.77E-02  5.53E-03  6.05E-03   0.8909
 9945.00 1.005530    6.20E-06  6.13E-02  6.72E-06  6.64E-02  5.54E-03  6.06E-03   0.9222
 9946.00 1.005429    5.99E-06  5.93E-02  6.48E-06  6.41E-02  5.55E-03  6.06E-03   0.9244
 9947.00 1.005328    5.85E-06  5.79E-02  6.32E-06  6.26E-02  5.55E-03  6.07E-03   0.9251
 9948.00 1.005227    5.80E-06  5.74E-02  6.27E-06  6.21E-02  5.56E-03  6.08E-03   0.9251
 9949.00 1.005126    5.77E-06  5.71E-02  6.29E-06  6.23E-02  5.56E-03  6.08E-03   0.9162
 9950.00 1.005025    5.90E-06  5.84E-02  6.40E-06  6.34E-02  5.57E-03  6.09E-03   0.9209
 9951.00 1.004924    6.14E-06  6.08E-02  6.64E-06  6.57E-02  5.58E-03  6.09E-03   0.9243
 9952.00 1.004823    6.31E-06  6.24E-02  6.82E-06  6.75E-02  5.58E-03  6.10E-03   0.9251
 9953.00 1.004722    6.39E-06  6.33E-02  6.91E-06  6.85E-02  5.59E-03  6.11E-03   0.9251
 9954.00 1.004621    6.44E-06  6.38E-02  6.96E-06  6.90E-02  5.60E-03  6.12E-03   0.9250
 9955.00 1.004520    6.46E-06  6.41E-02  7.00E-06  6.94E-02  5.60E-03  6.12E-03   0.9231
 9956.00 1.004419    6.31E-06  6.25E-02  7.03E-06  6.97E-02  5.61E-03  6.13E-03   0.8978
 9957.00 1.004319    6.51E-06  6.46E-02  7.04E-06  6.98E-02  5.61E-03  6.14E-03   0.9246
 9958.00 1.004218    6.52E-06  6.46E-02  7.05E-06  6.99E-02  5.62E-03  6.14E-03   0.9249
 9959.00 1.004117    6.47E-06  6.41E-02  7.00E-06  6.94E-02  5.63E-03  6.15E-03   0.9239
 9960.00 1.004016    6.18E-06  6.13E-02  7.00E-06  6.94E-02  5.63E-03  6.16E-03   0.8828
 9961.00 1.003915    6.45E-06  6.40E-02  7.01E-06  6.95E-02  5.64E-03  6.16E-03   0.9200
 9962.00 1.003814    6.48E-06  6.44E-02  7.01E-06  6.96E-02  5.65E-03  6.17E-03   0.9247
 9963.00 1.003714    6.49E-06  6.44E-02  7.01E-06  6.96E-02  5.65E-03  6.18E-03   0.9248
 9964.00 1.003613    6.50E-06  6.46E-02  7.04E-06  6.99E-02  5.66E-03  6.19E-03   0.9239
 9965.00 1.003512    6.52E-06  6.47E-02  7.05E-06  7.00E-02  5.67E-03  6.19E-03   0.9238
 9966.00 1.003412    6.53E-06  6.48E-02  7.06E-06  7.01E-02  5.67E-03  6.20E-03   0.9249
 9967.00 1.003311    6.53E-06  6.48E-02  7.05E-06  7.01E-02  5.68E-03  6.21E-03   0.9250
 9968.00 1.003210    6.54E-06  6.50E-02  7.07E-06  7.03E-02  5.69E-03  6.21E-03   0.9249
 9969.00 1.003110    6.57E-06  6.53E-02  7.10E-06  7.06E-02  5.69E-03  6.22E-03   0.9248
 9970.00 1.003009    6.54E-06  6.50E-02  7.08E-06  7.03E-02  5.70E-03  6.23E-03   0.9248
 9971.00 1.002908    6.51E-06  6.47E-02  7.08E-06  7.04E-02  5.71E-03  6.23E-03   0.9196
 9972.00 1.002808    6.55E-06  6.52E-02  7.09E-06  7.05E-02  5.71E-03  6.24E-03   0.9244
 9973.00 1.002707    6.55E-06  6.52E-02  7.09E-06  7.06E-02  5.72E-03  6.25E-03   0.9239
 9974.00 1.002607    6.42E-06  6.39E-02  7.10E-06  7.07E-02  5.73E-03  6.26E-03   0.9035
 9975.00 1.002506    6.48E-06  6.45E-02  7.14E-06  7.10E-02  5.73E-03  6.26E-03   0.9086
 9976.00 1.002406    6.41E-06  6.38E-02  7.14E-06  7.10E-02  5.74E-03  6.27E-03   0.8988
 9977.00 1.002305    6.59E-06  6.56E-02  7.13E-06  7.10E-02  5.74E-03  6.28E-03   0.9239
 9978.00 1.002205    6.58E-06  6.55E-02  7.13E-06  7.10E-02  5.75E-03  6.28E-03   0.9221
 9979.00 1.002104    6.43E-06  6.41E-02  7.15E-06  7.12E-02  5.76E-03  6.29E-03   0.9004

                      IRRADIANCE (WATTS/CM2-XXXX)

   FREQ  WAVELENGTH      TRANSMITTED           SOLAR           INTEGRATED         TOTAL
  (CM-1) (MICRON)     (CM-1)    (MICRN)   (CM-1)    (MICRN)   TRANS.    SOLAR     TRANS
 9980.00 1.002004    6.27E-06  6.25E-02  7.15E-06  7.12E-02  5.76E-03  6.30E-03   0.8770
 9981.00 1.001904    6.30E-06  6.27E-02  7.16E-06  7.13E-02  5.77E-03  6.31E-03   0.8796
 9982.00 1.001803    6.58E-06  6.56E-02  7.16E-06  7.14E-02  5.78E-03  6.31E-03   0.9192
 9983.00 1.001703    6.62E-06  6.60E-02  7.16E-06  7.14E-02  5.78E-03  6.32E-03   0.9242
 9984.00 1.001603    6.62E-06  6.59E-02  7.16E-06  7.14E-02  5.79E-03  6.33E-03   0.9241
 9985.00 1.001502    6.56E-06  6.54E-02  7.16E-06  7.13E-02  5.80E-03  6.33E-03   0.9164
 9986.00 1.001402    6.53E-06  6.51E-02  7.14E-06  7.12E-02  5.80E-03  6.34E-03   0.9138
 9987.00 1.001302    6.50E-06  6.48E-02  7.13E-06  7.11E-02  5.81E-03  6.35E-03   0.9113
 9988.00 1.001201    6.59E-06  6.58E-02  7.13E-06  7.11E-02  5.82E-03  6.36E-03   0.9244
 9989.00 1.001101    6.60E-06  6.58E-02  7.14E-06  7.12E-02  5.82E-03  6.36E-03   0.9246
 9990.00 1.001001    6.60E-06  6.59E-02  7.14E-06  7.13E-02  5.83E-03  6.37E-03   0.9245
 9991.00 1.000901    6.61E-06  6.60E-02  7.15E-06  7.14E-02  5.84E-03  6.38E-03   0.9246
 9992.00 1.000801    6.62E-06  6.61E-02  7.16E-06  7.15E-02  5.84E-03  6.38E-03   0.9246
 9993.00 1.000700    6.62E-06  6.61E-02  7.16E-06  7.15E-02  5.85E-03  6.39E-03   0.9245
 9994.00 1.000600    6.59E-06  6.59E-02  7.13E-06  7.12E-02  5.86E-03  6.40E-03   0.9245
 9995.00 1.000500    6.57E-06  6.56E-02  7.12E-06  7.11E-02  5.86E-03  6.41E-03   0.9227
 9996.00 1.000400    6.58E-06  6.57E-02  7.12E-06  7.11E-02  5.87E-03  6.41E-03   0.9243
 9997.00 1.000300    6.57E-06  6.57E-02  7.11E-06  7.11E-02  5.88E-03  6.42E-03   0.9238
 9998.00 1.000200    6.35E-06  6.35E-02  7.09E-06  7.09E-02  5.88E-03  6.43E-03   0.8960
 9999.00 1.000100    6.51E-06  6.51E-02  7.10E-06  7.10E-02  5.89E-03  6.43E-03   0.9163
10000.00 1.000000    6.57E-06  6.57E-02  7.11E-06  7.11E-02  5.89E-03  6.44E-03   0.9240
10001.00 .9999000    6.56E-06  6.57E-02  7.10E-06  7.10E-02  5.90E-03  6.45E-03   0.9243
10002.00 .9998000    6.50E-06  6.50E-02  7.06E-06  7.06E-02  5.91E-03  6.46E-03   0.9214
10003.00 .9997001    6.53E-06  6.54E-02  7.08E-06  7.09E-02  5.91E-03  6.46E-03   0.9226
10004.00 .9996002    6.33E-06  6.33E-02  7.09E-06  7.09E-02  5.92E-03  6.47E-03   0.8926
10005.00 .9995003    6.54E-06  6.54E-02  7.09E-06  7.10E-02  5.93E-03  6.48E-03   0.9213
10006.00 .9994004    6.56E-06  6.57E-02  7.10E-06  7.11E-02  5.93E-03  6.48E-03   0.9240
10007.00 .9993005    6.60E-06  6.61E-02  7.15E-06  7.16E-02  5.94E-03  6.49E-03   0.9230
10008.00 .9992006    6.56E-06  6.57E-02  7.15E-06  7.16E-02  5.95E-03  6.50E-03   0.9174
10009.00 .9991008    6.55E-06  6.56E-02  7.11E-06  7.12E-02  5.95E-03  6.51E-03   0.9213
10010.00 .9990010    6.57E-06  6.58E-02  7.11E-06  7.12E-02  5.96E-03  6.51E-03   0.9241
10011.00 .9989012    6.54E-06  6.55E-02  7.11E-06  7.13E-02  5.97E-03  6.52E-03   0.9197
10012.00 .9988014    6.55E-06  6.57E-02  7.09E-06  7.11E-02  5.97E-03  6.53E-03   0.9239
10013.00 .9987017    6.43E-06  6.45E-02  7.09E-06  7.11E-02  5.98E-03  6.53E-03   0.9065
10014.00 .9986020    6.59E-06  6.60E-02  7.13E-06  7.15E-02  5.99E-03  6.54E-03   0.9236
10015.00 .9985023    6.58E-06  6.60E-02  7.12E-06  7.15E-02  5.99E-03  6.55E-03   0.9241
10016.00 .9984025    6.59E-06  6.61E-02  7.13E-06  7.15E-02  6.00E-03  6.56E-03   0.9241
10017.00 .9983029    6.59E-06  6.62E-02  7.14E-06  7.16E-02  6.01E-03  6.56E-03   0.9241
10018.00 .9982032    6.59E-06  6.61E-02  7.14E-06  7.17E-02  6.01E-03  6.57E-03   0.9227
10019.00 .9981036    6.58E-06  6.61E-02  7.12E-06  7.15E-02  6.02E-03  6.58E-03   0.9236
10020.00 .9980040    6.40E-06  6.42E-02  7.13E-06  7.16E-02  6.03E-03  6.58E-03   0.8976
10021.00 .9979044    6.57E-06  6.60E-02  7.12E-06  7.15E-02  6.03E-03  6.59E-03   0.9225
10022.00 .9978048    6.58E-06  6.61E-02  7.13E-06  7.16E-02  6.04E-03  6.60E-03   0.9238
10023.00 .9977053    6.57E-06  6.60E-02  7.13E-06  7.16E-02  6.05E-03  6.61E-03   0.9219
10024.00 .9976057    6.60E-06  6.63E-02  7.15E-06  7.18E-02  6.05E-03  6.61E-03   0.9239
10025.00 .9975063    6.60E-06  6.64E-02  7.15E-06  7.18E-02  6.06E-03  6.62E-03   0.9239
10026.00 .9974067    6.59E-06  6.62E-02  7.14E-06  7.18E-02  6.07E-03  6.63E-03   0.9225
10027.00 .9973072    6.60E-06  6.63E-02  7.14E-06  7.18E-02  6.07E-03  6.63E-03   0.9233
10028.00 .9972078    6.56E-06  6.60E-02  7.13E-06  7.17E-02  6.08E-03  6.64E-03   0.9203
10029.00 .9971084    6.58E-06  6.62E-02  7.13E-06  7.17E-02  6.08E-03  6.65E-03   0.9233

                      IRRADIANCE (WATTS/CM2-XXXX)

   FREQ  WAVELENGTH      TRANSMITTED           SOLAR           INTEGRATED         TOTAL
  (CM-1) (MICRON)     (CM-1)    (MICRN)   (CM-1)    (MICRN)   TRANS.    SOLAR     TRANS
10030.00 .9970090    6.44E-06  6.48E-02  7.13E-06  7.18E-02  6.09E-03  6.66E-03   0.9035
10031.00 .9969096    6.59E-06  6.63E-02  7.14E-06  7.18E-02  6.10E-03  6.66E-03   0.9230
10032.00 .9968102    6.57E-06  6.61E-02  7.14E-06  7.18E-02  6.10E-03  6.67E-03   0.9205
10033.00 .9967108    6.60E-06  6.64E-02  7.15E-06  7.19E-02  6.11E-03  6.68E-03   0.9230
10034.00 .9966115    6.58E-06  6.62E-02  7.12E-06  7.17E-02  6.12E-03  6.68E-03   0.9238
10035.00 .9965122    6.57E-06  6.61E-02  7.12E-06  7.17E-02  6.12E-03  6.69E-03   0.9231
10036.00 .9964129    6.55E-06  6.59E-02  7.11E-06  7.17E-02  6.13E-03  6.70E-03   0.9200
10037.00 .9963136    6.57E-06  6.62E-02  7.11E-06  7.16E-02  6.14E-03  6.71E-03   0.9236
10038.00 .9962144    6.57E-06  6.62E-02  7.11E-06  7.16E-02  6.14E-03  6.71E-03   0.9236
10039.00 .9961151    6.57E-06  6.62E-02  7.13E-06  7.18E-02  6.15E-03  6.72E-03   0.9216
10040.00 .9960160    6.51E-06  6.56E-02  7.13E-06  7.18E-02  6.16E-03  6.73E-03   0.9134
10041.00 .9959167    6.57E-06  6.62E-02  7.13E-06  7.19E-02  6.16E-03  6.73E-03   0.9213
10042.00 .9958175    6.51E-06  6.56E-02  7.12E-06  7.18E-02  6.17E-03  6.74E-03   0.9135
10043.00 .9957184    6.58E-06  6.63E-02  7.13E-06  7.19E-02  6.18E-03  6.75E-03   0.9229
10044.00 .9956193    6.55E-06  6.61E-02  7.11E-06  7.17E-02  6.18E-03  6.76E-03   0.9218
10045.00 .9955202    6.52E-06  6.58E-02  7.10E-06  7.17E-02  6.19E-03  6.76E-03   0.9183
10046.00 .9954211    6.52E-06  6.58E-02  7.09E-06  7.15E-02  6.20E-03  6.77E-03   0.9201
10047.00 .9953220    6.47E-06  6.53E-02  7.08E-06  7.15E-02  6.20E-03  6.78E-03   0.9134
10048.00 .9952229    6.55E-06  6.61E-02  7.09E-06  7.16E-02  6.21E-03  6.78E-03   0.9232
10049.00 .9951239    6.57E-06  6.64E-02  7.12E-06  7.19E-02  6.22E-03  6.79E-03   0.9234
10050.00 .9950249    6.58E-06  6.65E-02  7.13E-06  7.20E-02  6.22E-03  6.80E-03   0.9234
10051.00 .9949259    6.57E-06  6.64E-02  7.13E-06  7.20E-02  6.23E-03  6.80E-03   0.9214
10052.00 .9948269    6.58E-06  6.65E-02  7.14E-06  7.21E-02  6.24E-03  6.81E-03   0.9228
10053.00 .9947280    6.58E-06  6.65E-02  7.13E-06  7.20E-02  6.24E-03  6.82E-03   0.9233
10054.00 .9946290    6.56E-06  6.64E-02  7.11E-06  7.19E-02  6.25E-03  6.83E-03   0.9229
10055.00 .9945301    6.56E-06  6.63E-02  7.11E-06  7.19E-02  6.26E-03  6.83E-03   0.9230
10056.00 .9944312    6.47E-06  6.55E-02  7.13E-06  7.21E-02  6.26E-03  6.84E-03   0.9083
10057.00 .9943323    6.58E-06  6.66E-02  7.14E-06  7.22E-02  6.27E-03  6.85E-03   0.9219
10058.00 .9942334    6.52E-06  6.60E-02  7.14E-06  7.23E-02  6.27E-03  6.85E-03   0.9126
10059.00 .9941346    6.61E-06  6.69E-02  7.16E-06  7.24E-02  6.28E-03  6.86E-03   0.9230
10060.00 .9940358    6.62E-06  6.70E-02  7.17E-06  7.25E-02  6.29E-03  6.87E-03   0.9231
10061.00 .9939370    6.60E-06  6.68E-02  7.15E-06  7.24E-02  6.29E-03  6.88E-03   0.9228
10062.00 .9938382    6.56E-06  6.64E-02  7.15E-06  7.24E-02  6.30E-03  6.88E-03   0.9171
10063.00 .9937394    6.51E-06  6.59E-02  7.14E-06  7.23E-02  6.31E-03  6.89E-03   0.9118
10064.00 .9936407    6.55E-06  6.63E-02  7.10E-06  7.19E-02  6.31E-03  6.90E-03   0.9225
10065.00 .9935420    6.51E-06  6.59E-02  7.07E-06  7.16E-02  6.32E-03  6.90E-03   0.9201
10066.00 .9934433    6.53E-06  6.61E-02  7.08E-06  7.17E-02  6.33E-03  6.91E-03   0.9220
10067.00 .9933446    6.45E-06  6.54E-02  7.09E-06  7.18E-02  6.33E-03  6.92E-03   0.9102
10068.00 .9932459    6.52E-06  6.61E-02  7.09E-06  7.19E-02  6.34E-03  6.93E-03   0.9194
10069.00 .9931473    6.45E-06  6.54E-02  7.13E-06  7.23E-02  6.35E-03  6.93E-03   0.9042
10070.00 .9930487    6.54E-06  6.63E-02  7.16E-06  7.26E-02  6.35E-03  6.94E-03   0.9139
10071.00 .9929501    5.94E-06  6.03E-02  7.14E-06  7.24E-02  6.36E-03  6.95E-03   0.8319
10072.00 .9928515    6.48E-06  6.58E-02  7.12E-06  7.23E-02  6.37E-03  6.95E-03   0.9101
10073.00 .9927529    6.55E-06  6.65E-02  7.11E-06  7.21E-02  6.37E-03  6.96E-03   0.9213
10074.00 .9926544    6.51E-06  6.60E-02  7.10E-06  7.21E-02  6.38E-03  6.97E-03   0.9157
10075.00 .9925559    6.53E-06  6.63E-02  7.11E-06  7.22E-02  6.39E-03  6.98E-03   0.9187
10076.00 .9924573    6.58E-06  6.68E-02  7.13E-06  7.24E-02  6.39E-03  6.98E-03   0.9226
10077.00 .9923589    6.55E-06  6.65E-02  7.16E-06  7.27E-02  6.40E-03  6.99E-03   0.9156
10078.00 .9922604    6.47E-06  6.57E-02  7.18E-06  7.29E-02  6.40E-03  7.00E-03   0.9017
10079.00 .9921619    6.58E-06  6.69E-02  7.19E-06  7.30E-02  6.41E-03  7.00E-03   0.9158

                      IRRADIANCE (WATTS/CM2-XXXX)

   FREQ  WAVELENGTH      TRANSMITTED           SOLAR           INTEGRATED         TOTAL
  (CM-1) (MICRON)     (CM-1)    (MICRN)   (CM-1)    (MICRN)   TRANS.    SOLAR     TRANS
10080.00 .9920635    6.62E-06  6.73E-02  7.18E-06  7.29E-02  6.42E-03  7.01E-03   0.9226
10081.00 .9919651    6.60E-06  6.71E-02  7.16E-06  7.27E-02  6.42E-03  7.02E-03   0.9225
10082.00 .9918667    6.55E-06  6.66E-02  7.13E-06  7.24E-02  6.43E-03  7.03E-03   0.9192
10083.00 .9917683    6.39E-06  6.50E-02  7.00E-06  7.12E-02  6.44E-03  7.03E-03   0.9126
10084.00 .9916700    6.41E-06  6.52E-02  6.98E-06  7.10E-02  6.44E-03  7.04E-03   0.9191
10085.00 .9915717    6.44E-06  6.55E-02  6.98E-06  7.10E-02  6.45E-03  7.05E-03   0.9222
10086.00 .9914733    6.39E-06  6.50E-02  6.98E-06  7.10E-02  6.46E-03  7.05E-03   0.9157
10087.00 .9913750    6.46E-06  6.57E-02  7.01E-06  7.13E-02  6.46E-03  7.06E-03   0.9208
10088.00 .9912767    6.47E-06  6.58E-02  7.14E-06  7.26E-02  6.47E-03  7.07E-03   0.9064
10089.00 .9911785    6.58E-06  6.70E-02  7.16E-06  7.29E-02  6.48E-03  7.08E-03   0.9193
10090.00 .9910803    6.35E-06  6.46E-02  7.14E-06  7.27E-02  6.48E-03  7.08E-03   0.8894
10091.00 .9909821    6.57E-06  6.69E-02  7.13E-06  7.26E-02  6.49E-03  7.09E-03   0.9214
10092.00 .9908839    6.56E-06  6.68E-02  7.12E-06  7.26E-02  6.50E-03  7.10E-03   0.9209
10093.00 .9907857    6.47E-06  6.60E-02  7.12E-06  7.25E-02  6.50E-03  7.10E-03   0.9097
10094.00 .9906875    6.56E-06  6.68E-02  7.11E-06  7.25E-02  6.51E-03  7.11E-03   0.9219
10095.00 .9905894    6.56E-06  6.69E-02  7.12E-06  7.26E-02  6.52E-03  7.12E-03   0.9212
10096.00 .9904913    6.53E-06  6.66E-02  7.11E-06  7.24E-02  6.52E-03  7.13E-03   0.9192
10097.00 .9903932    6.24E-06  6.36E-02  6.97E-06  7.11E-02  6.53E-03  7.13E-03   0.8945
10098.00 .9902951    6.14E-06  6.26E-02  6.95E-06  7.08E-02  6.53E-03  7.14E-03   0.8835
10099.00 .9901971    5.92E-06  6.04E-02  6.95E-06  7.08E-02  6.54E-03  7.15E-03   0.8530
10100.00 .9900990    6.33E-06  6.46E-02  6.96E-06  7.10E-02  6.55E-03  7.15E-03   0.9091
10101.00 .9900010    6.30E-06  6.43E-02  7.00E-06  7.14E-02  6.55E-03  7.16E-03   0.9000
10102.00 .9899030    6.42E-06  6.55E-02  7.14E-06  7.29E-02  6.56E-03  7.17E-03   0.8986
10103.00 .9898050    6.60E-06  6.74E-02  7.17E-06  7.32E-02  6.57E-03  7.17E-03   0.9207
10104.00 .9897071    6.39E-06  6.53E-02  7.18E-06  7.33E-02  6.57E-03  7.18E-03   0.8908
10105.00 .9896091    6.51E-06  6.65E-02  7.12E-06  7.27E-02  6.58E-03  7.19E-03   0.9144
10106.00 .9895112    6.45E-06  6.59E-02  7.02E-06  7.17E-02  6.59E-03  7.20E-03   0.9190
10107.00 .9894133    6.29E-06  6.43E-02  6.89E-06  7.04E-02  6.59E-03  7.20E-03   0.9127
10108.00 .9893154    6.27E-06  6.41E-02  6.83E-06  6.98E-02  6.60E-03  7.21E-03   0.9182
10109.00 .9892175    6.24E-06  6.37E-02  6.81E-06  6.96E-02  6.60E-03  7.22E-03   0.9154
10110.00 .9891197    6.26E-06  6.40E-02  6.85E-06  7.00E-02  6.61E-03  7.22E-03   0.9137
10111.00 .9890218    6.38E-06  6.53E-02  6.95E-06  7.11E-02  6.62E-03  7.23E-03   0.9186
10112.00 .9889240    6.53E-06  6.68E-02  7.08E-06  7.24E-02  6.62E-03  7.24E-03   0.9217
10113.00 .9888263    6.53E-06  6.67E-02  7.14E-06  7.31E-02  6.63E-03  7.24E-03   0.9134
10114.00 .9887285    6.51E-06  6.66E-02  7.16E-06  7.32E-02  6.64E-03  7.25E-03   0.9101
10115.00 .9886308    6.56E-06  6.71E-02  7.12E-06  7.29E-02  6.64E-03  7.26E-03   0.9212
10116.00 .9885330    6.55E-06  6.70E-02  7.10E-06  7.27E-02  6.65E-03  7.27E-03   0.9221
10117.00 .9884353    6.52E-06  6.67E-02  7.10E-06  7.27E-02  6.66E-03  7.27E-03   0.9180
10118.00 .9883376    6.54E-06  6.69E-02  7.10E-06  7.27E-02  6.66E-03  7.28E-03   0.9204
10119.00 .9882399    6.43E-06  6.58E-02  7.12E-06  7.29E-02  6.67E-03  7.29E-03   0.9032
10120.00 .9881423    6.47E-06  6.63E-02  7.17E-06  7.34E-02  6.68E-03  7.29E-03   0.9028
10121.00 .9880447    6.43E-06  6.59E-02  7.19E-06  7.37E-02  6.68E-03  7.30E-03   0.8942
10122.00 .9879470    6.61E-06  6.77E-02  7.18E-06  7.36E-02  6.69E-03  7.31E-03   0.9204
10123.00 .9878495    6.59E-06  6.75E-02  7.15E-06  7.33E-02  6.70E-03  7.32E-03   0.9209
10124.00 .9877519    6.27E-06  6.42E-02  7.03E-06  7.21E-02  6.70E-03  7.32E-03   0.8909
10125.00 .9876543    5.47E-06  5.61E-02  6.99E-06  7.17E-02  6.71E-03  7.33E-03   0.7821
10126.00 .9875568    6.36E-06  6.52E-02  6.98E-06  7.16E-02  6.71E-03  7.34E-03   0.9105
10127.00 .9874592    6.44E-06  6.60E-02  6.99E-06  7.17E-02  6.72E-03  7.34E-03   0.9207
10128.00 .9873618    6.42E-06  6.59E-02  7.02E-06  7.20E-02  6.73E-03  7.35E-03   0.9150
10129.00 .9872643    6.03E-06  6.19E-02  7.11E-06  7.29E-02  6.73E-03  7.36E-03   0.8488

                      IRRADIANCE (WATTS/CM2-XXXX)

   FREQ  WAVELENGTH      TRANSMITTED           SOLAR           INTEGRATED         TOTAL
  (CM-1) (MICRON)     (CM-1)    (MICRN)   (CM-1)    (MICRN)   TRANS.    SOLAR     TRANS
10130.00 .9871668    6.40E-06  6.57E-02  7.14E-06  7.33E-02  6.74E-03  7.36E-03   0.8967
10131.00 .9870694    6.24E-06  6.41E-02  7.15E-06  7.34E-02  6.74E-03  7.37E-03   0.8726
10132.00 .9869720    6.49E-06  6.66E-02  7.14E-06  7.33E-02  6.75E-03  7.38E-03   0.9084
10133.00 .9868746    6.56E-06  6.73E-02  7.14E-06  7.33E-02  6.76E-03  7.39E-03   0.9183
10134.00 .9867772    6.33E-06  6.50E-02  7.14E-06  7.33E-02  6.76E-03  7.39E-03   0.8872
10135.00 .9866799    6.44E-06  6.62E-02  7.02E-06  7.22E-02  6.77E-03  7.40E-03   0.9170
10136.00 .9865825    6.43E-06  6.60E-02  6.98E-06  7.17E-02  6.78E-03  7.41E-03   0.9208
10137.00 .9864851    6.43E-06  6.61E-02  6.98E-06  7.18E-02  6.78E-03  7.41E-03   0.9213
10138.00 .9863878    6.29E-06  6.47E-02  6.97E-06  7.17E-02  6.79E-03  7.42E-03   0.9024
10139.00 .9862906    6.40E-06  6.58E-02  6.99E-06  7.19E-02  6.80E-03  7.43E-03   0.9153
10140.00 .9861933    6.54E-06  6.72E-02  7.10E-06  7.30E-02  6.80E-03  7.44E-03   0.9206
10141.00 .9860960    6.56E-06  6.74E-02  7.14E-06  7.34E-02  6.81E-03  7.44E-03   0.9187
10142.00 .9859988    6.27E-06  6.44E-02  7.13E-06  7.34E-02  6.82E-03  7.45E-03   0.8782
10143.00 .9859016    6.42E-06  6.61E-02  7.12E-06  7.33E-02  6.82E-03  7.46E-03   0.9021
10144.00 .9858044    6.50E-06  6.69E-02  7.12E-06  7.33E-02  6.83E-03  7.46E-03   0.9126
10145.00 .9857072    6.47E-06  6.65E-02  7.11E-06  7.32E-02  6.83E-03  7.47E-03   0.9087
10146.00 .9856101    6.39E-06  6.58E-02  7.11E-06  7.32E-02  6.84E-03  7.48E-03   0.8986
10147.00 .9855130    6.46E-06  6.65E-02  7.10E-06  7.31E-02  6.85E-03  7.49E-03   0.9092
10148.00 .9854158    6.41E-06  6.61E-02  7.11E-06  7.32E-02  6.85E-03  7.49E-03   0.9020
10149.00 .9853188    6.19E-06  6.37E-02  7.11E-06  7.32E-02  6.86E-03  7.50E-03   0.8703
10150.00 .9852217    6.06E-06  6.24E-02  7.11E-06  7.32E-02  6.87E-03  7.51E-03   0.8525
10151.00 .9851246    5.51E-06  5.68E-02  7.12E-06  7.34E-02  6.87E-03  7.51E-03   0.7743
10152.00 .9850276    6.27E-06  6.46E-02  7.14E-06  7.36E-02  6.88E-03  7.52E-03   0.8777
10153.00 .9849306    6.40E-06  6.60E-02  7.16E-06  7.38E-02  6.88E-03  7.53E-03   0.8942
10154.00 .9848335    6.33E-06  6.53E-02  7.15E-06  7.37E-02  6.89E-03  7.54E-03   0.8859
10155.00 .9847366    6.26E-06  6.45E-02  7.08E-06  7.31E-02  6.90E-03  7.54E-03   0.8829
10156.00 .9846396    5.65E-06  5.83E-02  7.06E-06  7.29E-02  6.90E-03  7.55E-03   0.7997
10157.00 .9845427    5.38E-06  5.55E-02  7.07E-06  7.29E-02  6.91E-03  7.56E-03   0.7611
10158.00 .9844458    6.42E-06  6.63E-02  7.05E-06  7.28E-02  6.91E-03  7.56E-03   0.9111
10159.00 .9843488    6.45E-06  6.66E-02  7.05E-06  7.28E-02  6.92E-03  7.57E-03   0.9150
10160.00 .9842520    6.22E-06  6.43E-02  7.13E-06  7.36E-02  6.93E-03  7.58E-03   0.8730
10161.00 .9841551    6.47E-06  6.68E-02  7.16E-06  7.39E-02  6.93E-03  7.58E-03   0.9037
10162.00 .9840583    6.50E-06  6.72E-02  7.15E-06  7.38E-02  6.94E-03  7.59E-03   0.9099
10163.00 .9839614    6.49E-06  6.70E-02  7.13E-06  7.36E-02  6.95E-03  7.60E-03   0.9099
10164.00 .9838646    6.06E-06  6.27E-02  7.06E-06  7.29E-02  6.95E-03  7.61E-03   0.8592
10165.00 .9837678    6.44E-06  6.65E-02  7.03E-06  7.26E-02  6.96E-03  7.61E-03   0.9158
10166.00 .9836711    6.41E-06  6.63E-02  7.00E-06  7.23E-02  6.97E-03  7.62E-03   0.9163
10167.00 .9835743    6.39E-06  6.60E-02  7.01E-06  7.24E-02  6.97E-03  7.63E-03   0.9114
10168.00 .9834776    4.97E-06  5.14E-02  7.03E-06  7.27E-02  6.98E-03  7.63E-03   0.7075
10169.00 .9833809    6.08E-06  6.29E-02  7.11E-06  7.35E-02  6.98E-03  7.64E-03   0.8555
10170.00 .9832842    6.50E-06  6.72E-02  7.12E-06  7.37E-02  6.99E-03  7.65E-03   0.9127
10171.00 .9831875    6.48E-06  6.70E-02  7.13E-06  7.37E-02  7.00E-03  7.66E-03   0.9090
10172.00 .9830908    6.52E-06  6.75E-02  7.11E-06  7.36E-02  7.00E-03  7.66E-03   0.9168
10173.00 .9829942    6.32E-06  6.54E-02  7.10E-06  7.35E-02  7.01E-03  7.67E-03   0.8901
10174.00 .9828976    5.47E-06  5.66E-02  7.09E-06  7.34E-02  7.01E-03  7.68E-03   0.7710
10175.00 .9828010    4.32E-06  4.48E-02  7.11E-06  7.36E-02  7.02E-03  7.68E-03   0.6080
10176.00 .9827044    5.60E-06  5.80E-02  7.12E-06  7.37E-02  7.02E-03  7.69E-03   0.7871
10177.00 .9826078    6.17E-06  6.39E-02  7.09E-06  7.34E-02  7.03E-03  7.70E-03   0.8710
10178.00 .9825113    6.43E-06  6.66E-02  7.10E-06  7.35E-02  7.04E-03  7.71E-03   0.9055
10179.00 .9824148    5.74E-06  5.94E-02  7.11E-06  7.37E-02  7.04E-03  7.71E-03   0.8070

                      IRRADIANCE (WATTS/CM2-XXXX)

   FREQ  WAVELENGTH      TRANSMITTED           SOLAR           INTEGRATED         TOTAL
  (CM-1) (MICRON)     (CM-1)    (MICRN)   (CM-1)    (MICRN)   TRANS.    SOLAR     TRANS
10180.00 .9823183    6.52E-06  6.76E-02  7.11E-06  7.37E-02  7.05E-03  7.72E-03   0.9170
10181.00 .9822218    6.52E-06  6.75E-02  7.11E-06  7.37E-02  7.06E-03  7.73E-03   0.9164
10182.00 .9821253    6.41E-06  6.64E-02  7.15E-06  7.42E-02  7.06E-03  7.73E-03   0.8955
10183.00 .9820288    5.59E-06  5.80E-02  7.15E-06  7.42E-02  7.07E-03  7.74E-03   0.7816
10184.00 .9819325    6.14E-06  6.37E-02  7.15E-06  7.41E-02  7.07E-03  7.75E-03   0.8596
10185.00 .9818360    5.70E-06  5.91E-02  7.14E-06  7.41E-02  7.08E-03  7.76E-03   0.7980
10186.00 .9817396    6.51E-06  6.75E-02  7.15E-06  7.42E-02  7.09E-03  7.76E-03   0.9102
10187.00 .9816433    5.40E-06  5.60E-02  7.13E-06  7.40E-02  7.09E-03  7.77E-03   0.7564
10188.00 .9815469    6.36E-06  6.60E-02  7.14E-06  7.41E-02  7.10E-03  7.78E-03   0.8905
10189.00 .9814506    6.16E-06  6.40E-02  7.13E-06  7.40E-02  7.10E-03  7.78E-03   0.8644
10190.00 .9813543    6.51E-06  6.76E-02  7.13E-06  7.40E-02  7.11E-03  7.79E-03   0.9137
10191.00 .9812580    6.33E-06  6.57E-02  7.12E-06  7.40E-02  7.12E-03  7.80E-03   0.8889
10192.00 .9811617    6.11E-06  6.35E-02  7.14E-06  7.42E-02  7.12E-03  7.81E-03   0.8561
10193.00 .9810655    6.41E-06  6.66E-02  7.14E-06  7.41E-02  7.13E-03  7.81E-03   0.8977
10194.00 .9809692    6.55E-06  6.80E-02  7.15E-06  7.43E-02  7.14E-03  7.82E-03   0.9159
10195.00 .9808730    6.40E-06  6.65E-02  7.15E-06  7.43E-02  7.14E-03  7.83E-03   0.8948
10196.00 .9807768    6.26E-06  6.51E-02  7.15E-06  7.44E-02  7.15E-03  7.83E-03   0.8751
10197.00 .9806806    6.46E-06  6.72E-02  7.14E-06  7.43E-02  7.15E-03  7.84E-03   0.9044
10198.00 .9805844    4.89E-06  5.08E-02  7.13E-06  7.41E-02  7.16E-03  7.85E-03   0.6860
10199.00 .9804883    5.51E-06  5.74E-02  7.01E-06  7.29E-02  7.17E-03  7.86E-03   0.7865
10200.00 .9803922    4.71E-06  4.90E-02  7.00E-06  7.28E-02  7.17E-03  7.86E-03   0.6732
10201.00 .9802961    6.12E-06  6.37E-02  6.99E-06  7.27E-02  7.18E-03  7.87E-03   0.8757
10202.00 .9801999    4.42E-06  4.60E-02  6.98E-06  7.27E-02  7.18E-03  7.88E-03   0.6332
10203.00 .9801039    6.21E-06  6.46E-02  7.00E-06  7.28E-02  7.19E-03  7.88E-03   0.8872
10204.00 .9800078    6.40E-06  6.67E-02  7.10E-06  7.39E-02  7.19E-03  7.89E-03   0.9015
10205.00 .9799118    6.48E-06  6.75E-02  7.11E-06  7.41E-02  7.20E-03  7.90E-03   0.9111
10206.00 .9798158    5.77E-06  6.01E-02  7.13E-06  7.42E-02  7.21E-03  7.90E-03   0.8090
10207.00 .9797198    6.33E-06  6.60E-02  7.14E-06  7.44E-02  7.21E-03  7.91E-03   0.8867
10208.00 .9796239    3.46E-06  3.61E-02  7.15E-06  7.45E-02  7.22E-03  7.92E-03   0.4846
10209.00 .9795279    5.54E-06  5.77E-02  7.15E-06  7.46E-02  7.22E-03  7.93E-03   0.7743
10210.00 .9794319    5.79E-06  6.03E-02  7.15E-06  7.45E-02  7.23E-03  7.93E-03   0.8099
10211.00 .9793360    4.30E-06  4.49E-02  7.09E-06  7.40E-02  7.23E-03  7.94E-03   0.6069
10212.00 .9792401    5.96E-06  6.22E-02  6.98E-06  7.28E-02  7.24E-03  7.95E-03   0.8541
10213.00 .9791442    6.07E-06  6.33E-02  6.91E-06  7.21E-02  7.24E-03  7.95E-03   0.8779
10214.00 .9790484    6.09E-06  6.36E-02  6.90E-06  7.20E-02  7.25E-03  7.96E-03   0.8828
10215.00 .9789525    4.95E-06  5.16E-02  6.88E-06  7.18E-02  7.25E-03  7.97E-03   0.7184
10216.00 .9788567    6.04E-06  6.30E-02  6.88E-06  7.18E-02  7.26E-03  7.97E-03   0.8784
10217.00 .9787609    6.22E-06  6.50E-02  6.93E-06  7.24E-02  7.27E-03  7.98E-03   0.8980
10218.00 .9786651    6.31E-06  6.58E-02  7.00E-06  7.30E-02  7.27E-03  7.99E-03   0.9013
10219.00 .9785693    5.10E-06  5.32E-02  6.98E-06  7.29E-02  7.28E-03  8.00E-03   0.7302
10220.00 .9784736    3.71E-06  3.88E-02  7.00E-06  7.31E-02  7.28E-03  8.00E-03   0.5304
10221.00 .9783779    6.24E-06  6.52E-02  7.05E-06  7.37E-02  7.29E-03  8.01E-03   0.8844
10222.00 .9782822    6.19E-06  6.47E-02  7.12E-06  7.44E-02  7.29E-03  8.02E-03   0.8695
10223.00 .9781864    4.28E-06  4.47E-02  7.13E-06  7.45E-02  7.30E-03  8.02E-03   0.6006
10224.00 .9780908    6.33E-06  6.62E-02  7.16E-06  7.48E-02  7.30E-03  8.03E-03   0.8847
10225.00 .9779951    5.42E-06  5.67E-02  7.18E-06  7.51E-02  7.31E-03  8.04E-03   0.7549
10226.00 .9778995    6.27E-06  6.56E-02  7.19E-06  7.51E-02  7.32E-03  8.05E-03   0.8726
10227.00 .9778038    6.37E-06  6.66E-02  7.19E-06  7.52E-02  7.32E-03  8.05E-03   0.8859
10228.00 .9777083    5.43E-06  5.68E-02  7.18E-06  7.51E-02  7.33E-03  8.06E-03   0.7569
10229.00 .9776127    5.31E-06  5.55E-02  7.15E-06  7.48E-02  7.33E-03  8.07E-03   0.7419

                      IRRADIANCE (WATTS/CM2-XXXX)

   FREQ  WAVELENGTH      TRANSMITTED           SOLAR           INTEGRATED         TOTAL
  (CM-1) (MICRON)     (CM-1)    (MICRN)   (CM-1)    (MICRN)   TRANS.    SOLAR     TRANS
10230.00 .9775171    6.35E-06  6.65E-02  7.10E-06  7.43E-02  7.34E-03  8.07E-03   0.8952
10231.00 .9774216    6.40E-06  6.70E-02  7.07E-06  7.40E-02  7.35E-03  8.08E-03   0.9057
10232.00 .9773260    6.41E-06  6.71E-02  7.02E-06  7.35E-02  7.35E-03  8.09E-03   0.9126
10233.00 .9772305    6.34E-06  6.64E-02  7.03E-06  7.36E-02  7.36E-03  8.10E-03   0.9031
10234.00 .9771351    5.25E-06  5.50E-02  7.05E-06  7.38E-02  7.36E-03  8.10E-03   0.7442
10235.00 .9770396    6.38E-06  6.68E-02  7.08E-06  7.42E-02  7.37E-03  8.11E-03   0.9009
10236.00 .9769441    6.39E-06  6.69E-02  7.07E-06  7.40E-02  7.38E-03  8.12E-03   0.9035
10237.00 .9768487    4.71E-06  4.94E-02  6.99E-06  7.32E-02  7.38E-03  8.12E-03   0.6742
10238.00 .9767533    5.91E-06  6.20E-02  6.92E-06  7.25E-02  7.39E-03  8.13E-03   0.8551
10239.00 .9766579    5.39E-06  5.65E-02  6.90E-06  7.24E-02  7.39E-03  8.14E-03   0.7805
10240.00 .9765625    2.37E-06  2.48E-02  6.92E-06  7.26E-02  7.40E-03  8.14E-03   0.3419
10241.00 .9764671    4.75E-06  4.98E-02  6.95E-06  7.29E-02  7.40E-03  8.15E-03   0.6833
10242.00 .9763718    6.17E-06  6.47E-02  7.06E-06  7.41E-02  7.41E-03  8.16E-03   0.8740
10243.00 .9762765    6.40E-06  6.71E-02  7.13E-06  7.48E-02  7.41E-03  8.17E-03   0.8978
10244.00 .9761811    6.00E-06  6.29E-02  7.13E-06  7.48E-02  7.42E-03  8.17E-03   0.8415
10245.00 .9760859    4.48E-06  4.70E-02  7.12E-06  7.47E-02  7.42E-03  8.18E-03   0.6297
10246.00 .9759907    3.81E-06  4.00E-02  7.13E-06  7.48E-02  7.43E-03  8.19E-03   0.5353
10247.00 .9758954    5.40E-06  5.67E-02  7.13E-06  7.48E-02  7.43E-03  8.19E-03   0.7574
10248.00 .9758002    5.64E-06  5.92E-02  7.14E-06  7.50E-02  7.44E-03  8.20E-03   0.7897
10249.00 .9757050    5.69E-06  5.98E-02  7.16E-06  7.52E-02  7.44E-03  8.21E-03   0.7956
10250.00 .9756098    4.31E-06  4.53E-02  7.17E-06  7.53E-02  7.45E-03  8.22E-03   0.6013
10251.00 .9755146    6.24E-06  6.56E-02  7.17E-06  7.54E-02  7.45E-03  8.22E-03   0.8706
10252.00 .9754194    6.45E-06  6.78E-02  7.18E-06  7.55E-02  7.46E-03  8.23E-03   0.8986
10253.00 .9753243    6.29E-06  6.61E-02  7.17E-06  7.54E-02  7.47E-03  8.24E-03   0.8766
10254.00 .9752292    3.15E-06  3.31E-02  7.10E-06  7.46E-02  7.47E-03  8.24E-03   0.4432
10255.00 .9751341    5.12E-06  5.39E-02  7.02E-06  7.39E-02  7.47E-03  8.25E-03   0.7294
10256.00 .9750390    5.99E-06  6.31E-02  7.02E-06  7.38E-02  7.48E-03  8.26E-03   0.8544
10257.00 .9749439    6.18E-06  6.50E-02  7.01E-06  7.38E-02  7.49E-03  8.26E-03   0.8816
10258.00 .9748489    6.17E-06  6.49E-02  6.93E-06  7.30E-02  7.49E-03  8.27E-03   0.8901
10259.00 .9747539    5.71E-06  6.01E-02  6.99E-06  7.35E-02  7.50E-03  8.28E-03   0.8179
10260.00 .9746588    3.68E-06  3.87E-02  7.05E-06  7.43E-02  7.50E-03  8.29E-03   0.5215
10261.00 .9745639    4.94E-06  5.20E-02  7.06E-06  7.44E-02  7.51E-03  8.29E-03   0.6996
10262.00 .9744689    5.87E-06  6.18E-02  7.05E-06  7.43E-02  7.51E-03  8.30E-03   0.8323
10263.00 .9743739    6.24E-06  6.57E-02  7.08E-06  7.46E-02  7.52E-03  8.31E-03   0.8810
10264.00 .9742790    6.21E-06  6.54E-02  6.93E-06  7.30E-02  7.53E-03  8.31E-03   0.8961
10265.00 .9741841    5.87E-06  6.19E-02  6.88E-06  7.24E-02  7.53E-03  8.32E-03   0.8538
10266.00 .9740892    4.70E-06  4.95E-02  6.86E-06  7.23E-02  7.54E-03  8.33E-03   0.6856
10267.00 .9739944    4.09E-06  4.31E-02  6.86E-06  7.23E-02  7.54E-03  8.33E-03   0.5962
10268.00 .9738995    2.90E-06  3.06E-02  6.87E-06  7.24E-02  7.54E-03  8.34E-03   0.4220
10269.00 .9738047    3.88E-06  4.10E-02  7.04E-06  7.42E-02  7.55E-03  8.35E-03   0.5518
10270.00 .9737098    5.16E-06  5.44E-02  7.08E-06  7.47E-02  7.55E-03  8.36E-03   0.7280
10271.00 .9736151    6.33E-06  6.68E-02  7.10E-06  7.49E-02  7.56E-03  8.36E-03   0.8913
10272.00 .9735203    6.40E-06  6.75E-02  7.10E-06  7.49E-02  7.57E-03  8.37E-03   0.9016
10273.00 .9734255    6.17E-06  6.51E-02  7.14E-06  7.53E-02  7.57E-03  8.38E-03   0.8650
10274.00 .9733307    4.39E-06  4.63E-02  7.07E-06  7.47E-02  7.58E-03  8.38E-03   0.6206
10275.00 .9732360    6.29E-06  6.64E-02  7.03E-06  7.42E-02  7.58E-03  8.39E-03   0.8948
10276.00 .9731413    5.88E-06  6.21E-02  7.02E-06  7.41E-02  7.59E-03  8.40E-03   0.8379
10277.00 .9730466    5.61E-06  5.93E-02  7.03E-06  7.43E-02  7.59E-03  8.40E-03   0.7979
10278.00 .9729519    5.82E-06  6.15E-02  7.05E-06  7.44E-02  7.60E-03  8.41E-03   0.8261
10279.00 .9728573    6.23E-06  6.58E-02  7.11E-06  7.51E-02  7.61E-03  8.42E-03   0.8759

                      IRRADIANCE (WATTS/CM2-XXXX)

   FREQ  WAVELENGTH      TRANSMITTED           SOLAR           INTEGRATED         TOTAL
  (CM-1) (MICRON)     (CM-1)    (MICRN)   (CM-1)    (MICRN)   TRANS.    SOLAR     TRANS
10280.00 .9727626    4.76E-06  5.03E-02  7.14E-06  7.54E-02  7.61E-03  8.43E-03   0.6674
10281.00 .9726681    5.70E-06  6.03E-02  7.14E-06  7.55E-02  7.62E-03  8.43E-03   0.7983
10282.00 .9725734    3.77E-06  3.99E-02  7.14E-06  7.55E-02  7.62E-03  8.44E-03   0.5283
10283.00 .9724789    6.31E-06  6.68E-02  7.14E-06  7.55E-02  7.63E-03  8.45E-03   0.8849
10284.00 .9723843    6.30E-06  6.66E-02  7.12E-06  7.53E-02  7.63E-03  8.45E-03   0.8848
10285.00 .9722897    6.41E-06  6.78E-02  7.13E-06  7.55E-02  7.64E-03  8.46E-03   0.8988
10286.00 .9721952    6.31E-06  6.67E-02  7.14E-06  7.56E-02  7.65E-03  8.47E-03   0.8829
10287.00 .9721007    6.47E-06  6.85E-02  7.12E-06  7.54E-02  7.65E-03  8.48E-03   0.9080
10288.00 .9720062    6.31E-06  6.68E-02  7.11E-06  7.53E-02  7.66E-03  8.48E-03   0.8871
10289.00 .9719117    6.05E-06  6.41E-02  7.11E-06  7.53E-02  7.66E-03  8.49E-03   0.8516
10290.00 .9718173    2.90E-06  3.07E-02  7.11E-06  7.53E-02  7.67E-03  8.50E-03   0.4071
10291.00 .9717228    5.66E-06  6.00E-02  7.12E-06  7.54E-02  7.67E-03  8.50E-03   0.7953
10292.00 .9716284    6.33E-06  6.71E-02  7.13E-06  7.55E-02  7.68E-03  8.51E-03   0.8880
10293.00 .9715341    6.19E-06  6.55E-02  7.14E-06  7.56E-02  7.69E-03  8.52E-03   0.8665
10294.00 .9714397    6.31E-06  6.69E-02  7.16E-06  7.59E-02  7.69E-03  8.53E-03   0.8812
10295.00 .9713453    6.36E-06  6.74E-02  7.14E-06  7.57E-02  7.70E-03  8.53E-03   0.8912
10296.00 .9712510    6.35E-06  6.73E-02  7.12E-06  7.55E-02  7.70E-03  8.54E-03   0.8917
10297.00 .9711567    4.31E-06  4.57E-02  7.11E-06  7.54E-02  7.71E-03  8.55E-03   0.6063
10298.00 .9710624    6.23E-06  6.61E-02  7.02E-06  7.44E-02  7.71E-03  8.55E-03   0.8874
10299.00 .9709681    6.35E-06  6.73E-02  6.98E-06  7.41E-02  7.72E-03  8.56E-03   0.9089
10300.00 .9708738    6.35E-06  6.73E-02  7.00E-06  7.42E-02  7.73E-03  8.57E-03   0.9069
10301.00 .9707795    5.84E-06  6.19E-02  6.99E-06  7.42E-02  7.73E-03  8.58E-03   0.8348
10302.00 .9706853    6.31E-06  6.69E-02  6.97E-06  7.40E-02  7.74E-03  8.58E-03   0.9049
10303.00 .9705911    6.37E-06  6.76E-02  7.05E-06  7.48E-02  7.75E-03  8.59E-03   0.9035
10304.00 .9704969    5.99E-06  6.36E-02  7.09E-06  7.53E-02  7.75E-03  8.60E-03   0.8444
10305.00 .9704027    2.81E-06  2.98E-02  7.09E-06  7.53E-02  7.75E-03  8.60E-03   0.3962
10306.00 .9703085    5.16E-06  5.48E-02  7.10E-06  7.54E-02  7.76E-03  8.61E-03   0.7269
10307.00 .9702144    6.01E-06  6.38E-02  7.14E-06  7.59E-02  7.77E-03  8.62E-03   0.8409
10308.00 .9701203    5.18E-06  5.50E-02  7.16E-06  7.61E-02  7.77E-03  8.63E-03   0.7228
10309.00 .9700262    6.30E-06  6.70E-02  7.15E-06  7.60E-02  7.78E-03  8.63E-03   0.8812
10310.00 .9699321    6.50E-06  6.91E-02  7.15E-06  7.61E-02  7.78E-03  8.64E-03   0.9083
10311.00 .9698380    6.35E-06  6.75E-02  7.12E-06  7.57E-02  7.79E-03  8.65E-03   0.8917
10312.00 .9697440    5.57E-06  5.92E-02  7.12E-06  7.58E-02  7.80E-03  8.65E-03   0.7815
10313.00 .9696500    6.27E-06  6.66E-02  7.12E-06  7.57E-02  7.80E-03  8.66E-03   0.8799
10314.00 .9695559    6.33E-06  6.74E-02  7.11E-06  7.56E-02  7.81E-03  8.67E-03   0.8904
10315.00 .9694620    4.21E-06  4.48E-02  7.10E-06  7.55E-02  7.81E-03  8.67E-03   0.5937
10316.00 .9693680    6.26E-06  6.66E-02  7.02E-06  7.48E-02  7.82E-03  8.68E-03   0.8911
10317.00 .9692740    5.99E-06  6.38E-02  7.01E-06  7.46E-02  7.82E-03  8.69E-03   0.8552
10318.00 .9691800    6.13E-06  6.53E-02  7.00E-06  7.45E-02  7.83E-03  8.70E-03   0.8762
10319.00 .9690862    5.64E-06  6.00E-02  7.00E-06  7.46E-02  7.84E-03  8.70E-03   0.8046
10320.00 .9689922    6.35E-06  6.76E-02  7.02E-06  7.47E-02  7.84E-03  8.71E-03   0.9041
10321.00 .9688984    5.36E-06  5.71E-02  7.11E-06  7.58E-02  7.85E-03  8.72E-03   0.7531
10322.00 .9688045    6.20E-06  6.60E-02  7.13E-06  7.60E-02  7.85E-03  8.72E-03   0.8692
10323.00 .9687107    6.05E-06  6.45E-02  7.14E-06  7.61E-02  7.86E-03  8.73E-03   0.8477
10324.00 .9686168    6.38E-06  6.81E-02  7.14E-06  7.61E-02  7.87E-03  8.74E-03   0.8944
10325.00 .9685230    5.86E-06  6.24E-02  7.12E-06  7.59E-02  7.87E-03  8.75E-03   0.8223
10326.00 .9684292    4.86E-06  5.18E-02  7.12E-06  7.60E-02  7.88E-03  8.75E-03   0.6822
10327.00 .9683354    2.49E-06  2.65E-02  7.12E-06  7.60E-02  7.88E-03  8.76E-03   0.3490
10328.00 .9682417    4.75E-06  5.07E-02  7.13E-06  7.60E-02  7.88E-03  8.77E-03   0.6671
10329.00 .9681479    6.31E-06  6.73E-02  7.11E-06  7.59E-02  7.89E-03  8.77E-03   0.8870

                      IRRADIANCE (WATTS/CM2-XXXX)

   FREQ  WAVELENGTH      TRANSMITTED           SOLAR           INTEGRATED         TOTAL
  (CM-1) (MICRON)     (CM-1)    (MICRN)   (CM-1)    (MICRN)   TRANS.    SOLAR     TRANS
10330.00 .9680542    6.35E-06  6.77E-02  7.06E-06  7.53E-02  7.90E-03  8.78E-03   0.8992
10331.00 .9679605    6.24E-06  6.66E-02  6.96E-06  7.43E-02  7.90E-03  8.79E-03   0.8957
10332.00 .9678668    6.19E-06  6.60E-02  6.94E-06  7.41E-02  7.91E-03  8.80E-03   0.8909
10333.00 .9677731    6.16E-06  6.58E-02  6.92E-06  7.39E-02  7.92E-03  8.80E-03   0.8896
10334.00 .9676795    6.23E-06  6.65E-02  6.94E-06  7.41E-02  7.92E-03  8.81E-03   0.8982
10335.00 .9675859    6.28E-06  6.71E-02  7.00E-06  7.48E-02  7.93E-03  8.82E-03   0.8967
10336.00 .9674923    6.30E-06  6.73E-02  7.05E-06  7.53E-02  7.93E-03  8.82E-03   0.8941
10337.00 .9673986    5.72E-06  6.12E-02  7.06E-06  7.54E-02  7.94E-03  8.83E-03   0.8107
10338.00 .9673051    1.97E-06  2.10E-02  7.08E-06  7.56E-02  7.94E-03  8.84E-03   0.2782
10339.00 .9672115    5.49E-06  5.87E-02  7.09E-06  7.57E-02  7.95E-03  8.84E-03   0.7743
10340.00 .9671180    5.64E-06  6.03E-02  7.10E-06  7.59E-02  7.95E-03  8.85E-03   0.7945
10341.00 .9670244    5.31E-06  5.67E-02  7.14E-06  7.64E-02  7.96E-03  8.86E-03   0.7433
10342.00 .9669310    4.48E-06  4.79E-02  7.13E-06  7.63E-02  7.96E-03  8.87E-03   0.6274
10343.00 .9668375    5.97E-06  6.39E-02  7.12E-06  7.62E-02  7.97E-03  8.87E-03   0.8382
10344.00 .9667440    3.25E-06  3.48E-02  7.13E-06  7.63E-02  7.97E-03  8.88E-03   0.4562
10345.00 .9666505    5.12E-06  5.48E-02  7.10E-06  7.60E-02  7.98E-03  8.89E-03   0.7216
10346.00 .9665571    3.16E-06  3.38E-02  7.11E-06  7.61E-02  7.98E-03  8.89E-03   0.4445
10347.00 .9664637    2.43E-06  2.60E-02  7.12E-06  7.62E-02  7.98E-03  8.90E-03   0.3412
10348.00 .9663703    3.37E-06  3.61E-02  7.05E-06  7.55E-02  7.99E-03  8.91E-03   0.4775
10349.00 .9662769    4.38E-06  4.69E-02  6.88E-06  7.37E-02  7.99E-03  8.92E-03   0.6372
10350.00 .9661836    5.71E-06  6.11E-02  6.81E-06  7.29E-02  8.00E-03  8.92E-03   0.8387
10351.00 .9660903    5.90E-06  6.32E-02  6.79E-06  7.28E-02  8.00E-03  8.93E-03   0.8687
10352.00 .9659969    3.81E-06  4.09E-02  6.79E-06  7.27E-02  8.01E-03  8.94E-03   0.5616
10353.00 .9659036    5.19E-06  5.56E-02  6.85E-06  7.34E-02  8.01E-03  8.94E-03   0.7572
10354.00 .9658103    5.64E-06  6.04E-02  6.95E-06  7.45E-02  8.02E-03  8.95E-03   0.8106
10355.00 .9657170    4.03E-06  4.32E-02  6.99E-06  7.49E-02  8.02E-03  8.96E-03   0.5760
10356.00 .9656238    5.65E-06  6.06E-02  7.00E-06  7.51E-02  8.03E-03  8.96E-03   0.8071
10357.00 .9655306    3.88E-06  4.16E-02  7.01E-06  7.52E-02  8.03E-03  8.97E-03   0.5528
10358.00 .9654374    5.03E-06  5.40E-02  6.99E-06  7.49E-02  8.04E-03  8.98E-03   0.7207
10359.00 .9653441    5.78E-06  6.21E-02  7.05E-06  7.57E-02  8.04E-03  8.98E-03   0.8197
10360.00 .9652510    5.06E-06  5.43E-02  7.11E-06  7.63E-02  8.05E-03  8.99E-03   0.7119
10361.00 .9651578    4.54E-06  4.88E-02  7.06E-06  7.57E-02  8.05E-03  9.00E-03   0.6441
10362.00 .9650646    5.52E-06  5.93E-02  7.03E-06  7.55E-02  8.06E-03  9.01E-03   0.7852
10363.00 .9649715    5.52E-06  5.92E-02  7.04E-06  7.56E-02  8.06E-03  9.01E-03   0.7831
10364.00 .9648784    2.32E-06  2.49E-02  7.04E-06  7.57E-02  8.06E-03  9.02E-03   0.3296
10365.00 .9647853    9.95E-07  1.07E-02  7.05E-06  7.57E-02  8.07E-03  9.03E-03   0.1412
10366.00 .9646922    5.72E-06  6.15E-02  7.11E-06  7.63E-02  8.07E-03  9.03E-03   0.8055
10367.00 .9645992    4.86E-06  5.23E-02  7.14E-06  7.67E-02  8.08E-03  9.04E-03   0.6815
10368.00 .9645061    6.15E-06  6.61E-02  7.15E-06  7.68E-02  8.08E-03  9.05E-03   0.8596
10369.00 .9644132    5.90E-06  6.34E-02  7.13E-06  7.67E-02  8.09E-03  9.06E-03   0.8267
10370.00 .9643202    2.82E-06  3.03E-02  7.05E-06  7.58E-02  8.09E-03  9.06E-03   0.3997
10371.00 .9642272    5.88E-06  6.32E-02  6.98E-06  7.51E-02  8.10E-03  9.07E-03   0.8422
10372.00 .9641342    5.19E-06  5.58E-02  6.95E-06  7.48E-02  8.10E-03  9.08E-03   0.7456
10373.00 .9640412    1.98E-06  2.13E-02  6.96E-06  7.48E-02  8.10E-03  9.08E-03   0.2851
10374.00 .9639483    1.92E-06  2.07E-02  6.96E-06  7.48E-02  8.11E-03  9.09E-03   0.2766
10375.00 .9638554    2.27E-06  2.44E-02  6.93E-06  7.46E-02  8.11E-03  9.10E-03   0.3277
10376.00 .9637625    5.27E-06  5.67E-02  6.97E-06  7.50E-02  8.11E-03  9.10E-03   0.7561
10377.00 .9636697    6.12E-06  6.59E-02  6.99E-06  7.52E-02  8.12E-03  9.11E-03   0.8760
10378.00 .9635768    5.53E-06  5.96E-02  6.99E-06  7.53E-02  8.13E-03  9.12E-03   0.7911
10379.00 .9634839    6.20E-06  6.68E-02  7.02E-06  7.56E-02  8.13E-03  9.12E-03   0.8837

                      IRRADIANCE (WATTS/CM2-XXXX)

   FREQ  WAVELENGTH      TRANSMITTED           SOLAR           INTEGRATED         TOTAL
  (CM-1) (MICRON)     (CM-1)    (MICRN)   (CM-1)    (MICRN)   TRANS.    SOLAR     TRANS
10380.00 .9633911    6.21E-06  6.69E-02  7.15E-06  7.70E-02  8.14E-03  9.13E-03   0.8693
10381.00 .9632983    5.57E-06  6.00E-02  7.18E-06  7.74E-02  8.14E-03  9.14E-03   0.7751
10382.00 .9632056    5.62E-06  6.05E-02  7.17E-06  7.73E-02  8.15E-03  9.15E-03   0.7833
10383.00 .9631128    3.70E-06  3.99E-02  7.03E-06  7.58E-02  8.15E-03  9.15E-03   0.5262
10384.00 .9630200    5.85E-06  6.31E-02  6.97E-06  7.52E-02  8.16E-03  9.16E-03   0.8389
10385.00 .9629273    3.03E-06  3.26E-02  6.95E-06  7.50E-02  8.16E-03  9.17E-03   0.4353
10386.00 .9628346    2.54E-06  2.74E-02  6.93E-06  7.47E-02  8.16E-03  9.17E-03   0.3668
10387.00 .9627419    3.66E-06  3.94E-02  6.93E-06  7.48E-02  8.17E-03  9.18E-03   0.5276
10388.00 .9626492    5.73E-06  6.18E-02  7.04E-06  7.60E-02  8.17E-03  9.19E-03   0.8129
10389.00 .9625565    3.05E-06  3.29E-02  6.95E-06  7.50E-02  8.18E-03  9.20E-03   0.4386
10390.00 .9624639    4.30E-06  4.65E-02  6.94E-06  7.49E-02  8.18E-03  9.20E-03   0.6205
10391.00 .9623713    1.91E-06  2.06E-02  6.96E-06  7.52E-02  8.18E-03  9.21E-03   0.2742
10392.00 .9622787    2.89E-06  3.13E-02  6.97E-06  7.52E-02  8.19E-03  9.22E-03   0.4154
10393.00 .9621861    5.58E-06  6.02E-02  6.97E-06  7.53E-02  8.19E-03  9.22E-03   0.7996
10394.00 .9620935    2.82E-06  3.05E-02  7.11E-06  7.68E-02  8.19E-03  9.23E-03   0.3964
10395.00 .9620010    5.79E-06  6.26E-02  7.13E-06  7.70E-02  8.20E-03  9.24E-03   0.8130
10396.00 .9619084    6.15E-06  6.64E-02  7.13E-06  7.70E-02  8.21E-03  9.24E-03   0.8625
10397.00 .9618159    3.40E-06  3.68E-02  7.15E-06  7.72E-02  8.21E-03  9.25E-03   0.4763
10398.00 .9617234    3.93E-06  4.25E-02  7.17E-06  7.75E-02  8.21E-03  9.26E-03   0.5482
10399.00 .9616309    5.07E-06  5.48E-02  7.17E-06  7.76E-02  8.22E-03  9.27E-03   0.7066
10400.00 .9615384    6.05E-06  6.54E-02  7.20E-06  7.79E-02  8.22E-03  9.27E-03   0.8396
10401.00 .9614460    6.21E-06  6.72E-02  7.20E-06  7.79E-02  8.23E-03  9.28E-03   0.8627
10402.00 .9613536    5.27E-06  5.71E-02  7.17E-06  7.76E-02  8.24E-03  9.29E-03   0.7350
10403.00 .9612612    3.02E-06  3.27E-02  7.14E-06  7.73E-02  8.24E-03  9.29E-03   0.4227
10404.00 .9611688    5.50E-06  5.95E-02  7.08E-06  7.66E-02  8.24E-03  9.30E-03   0.7771
10405.00 .9610764    2.97E-06  3.22E-02  7.03E-06  7.61E-02  8.25E-03  9.31E-03   0.4232
10406.00 .9609841    5.57E-06  6.04E-02  6.99E-06  7.57E-02  8.25E-03  9.32E-03   0.7969
10407.00 .9608917    3.02E-06  3.27E-02  6.97E-06  7.55E-02  8.26E-03  9.32E-03   0.4329
10408.00 .9607994    1.94E-06  2.10E-02  6.94E-06  7.52E-02  8.26E-03  9.33E-03   0.2800
10409.00 .9607071    2.94E-06  3.19E-02  6.95E-06  7.53E-02  8.26E-03  9.34E-03   0.4233
10410.00 .9606148    4.71E-06  5.11E-02  6.97E-06  7.55E-02  8.27E-03  9.34E-03   0.6762
10411.00 .9605225    6.06E-06  6.56E-02  6.99E-06  7.58E-02  8.27E-03  9.35E-03   0.8664
10412.00 .9604303    5.89E-06  6.39E-02  6.97E-06  7.56E-02  8.28E-03  9.36E-03   0.8446
10413.00 .9603381    4.08E-06  4.42E-02  7.01E-06  7.60E-02  8.28E-03  9.36E-03   0.5825
10414.00 .9602458    4.89E-06  5.31E-02  7.05E-06  7.64E-02  8.29E-03  9.37E-03   0.6940
10415.00 .9601536    2.77E-06  3.00E-02  7.04E-06  7.63E-02  8.29E-03  9.38E-03   0.3931
10416.00 .9600614    2.74E-06  2.97E-02  7.02E-06  7.62E-02  8.29E-03  9.39E-03   0.3895
10417.00 .9599693    5.45E-06  5.92E-02  7.08E-06  7.69E-02  8.30E-03  9.39E-03   0.7698
10418.00 .9598771    4.70E-06  5.10E-02  7.11E-06  7.71E-02  8.30E-03  9.40E-03   0.6611
10419.00 .9597850    4.65E-06  5.05E-02  7.10E-06  7.71E-02  8.31E-03  9.41E-03   0.6551
10420.00 .9596929    2.43E-06  2.64E-02  7.13E-06  7.74E-02  8.31E-03  9.41E-03   0.3410
10421.00 .9596008    5.33E-06  5.79E-02  7.15E-06  7.76E-02  8.31E-03  9.42E-03   0.7454
10422.00 .9595087    1.87E-06  2.03E-02  7.14E-06  7.76E-02  8.32E-03  9.43E-03   0.2619
10423.00 .9594167    2.07E-06  2.25E-02  7.14E-06  7.76E-02  8.32E-03  9.44E-03   0.2896
10424.00 .9593247    3.48E-06  3.79E-02  7.15E-06  7.77E-02  8.32E-03  9.44E-03   0.4874
10425.00 .9592326    2.30E-06  2.50E-02  7.13E-06  7.75E-02  8.32E-03  9.45E-03   0.3230
10426.00 .9591406    9.54E-07  1.04E-02  7.12E-06  7.74E-02  8.33E-03  9.46E-03   0.1339
10427.00 .9590486    5.15E-06  5.60E-02  7.10E-06  7.72E-02  8.33E-03  9.46E-03   0.7250
10428.00 .9589567    3.73E-06  4.06E-02  7.10E-06  7.72E-02  8.33E-03  9.47E-03   0.5252
10429.00 .9588647    3.80E-06  4.13E-02  7.11E-06  7.73E-02  8.34E-03  9.48E-03   0.5340

                      IRRADIANCE (WATTS/CM2-XXXX)

   FREQ  WAVELENGTH      TRANSMITTED           SOLAR           INTEGRATED         TOTAL
  (CM-1) (MICRON)     (CM-1)    (MICRN)   (CM-1)    (MICRN)   TRANS.    SOLAR     TRANS
10430.00 .9587728    5.49E-06  5.97E-02  7.13E-06  7.75E-02  8.34E-03  9.49E-03   0.7704
10431.00 .9586809    5.92E-06  6.45E-02  7.13E-06  7.76E-02  8.35E-03  9.49E-03   0.8311
10432.00 .9585890    5.50E-06  5.98E-02  7.15E-06  7.78E-02  8.35E-03  9.50E-03   0.7688
10433.00 .9584970    4.99E-06  5.44E-02  7.15E-06  7.78E-02  8.36E-03  9.51E-03   0.6988
10434.00 .9584052    1.21E-06  1.32E-02  7.14E-06  7.78E-02  8.36E-03  9.51E-03   0.1700
10435.00 .9583133    1.98E-06  2.16E-02  7.13E-06  7.77E-02  8.36E-03  9.52E-03   0.2776
10436.00 .9582216    2.16E-06  2.35E-02  7.13E-06  7.77E-02  8.37E-03  9.53E-03   0.3024
10437.00 .9581297    5.74E-06  6.25E-02  7.14E-06  7.78E-02  8.37E-03  9.54E-03   0.8038
10438.00 .9580379    5.95E-06  6.48E-02  7.13E-06  7.77E-02  8.38E-03  9.54E-03   0.8340
10439.00 .9579462    4.06E-06  4.43E-02  7.10E-06  7.74E-02  8.38E-03  9.55E-03   0.5718
10440.00 .9578544    4.87E-06  5.31E-02  7.04E-06  7.68E-02  8.39E-03  9.56E-03   0.6910
10441.00 .9577627    6.00E-06  6.54E-02  7.03E-06  7.66E-02  8.39E-03  9.56E-03   0.8542
10442.00 .9576709    5.78E-06  6.30E-02  7.00E-06  7.63E-02  8.40E-03  9.57E-03   0.8256
10443.00 .9575793    5.34E-06  5.82E-02  6.98E-06  7.61E-02  8.40E-03  9.58E-03   0.7644
10444.00 .9574875    5.49E-06  5.98E-02  6.94E-06  7.57E-02  8.41E-03  9.58E-03   0.7909
10445.00 .9573959    2.07E-06  2.25E-02  6.91E-06  7.53E-02  8.41E-03  9.59E-03   0.2992
10446.00 .9573042    3.48E-06  3.79E-02  6.88E-06  7.51E-02  8.41E-03  9.60E-03   0.5053
10447.00 .9572126    5.18E-06  5.65E-02  6.91E-06  7.54E-02  8.42E-03  9.61E-03   0.7491
10448.00 .9571210    2.93E-06  3.19E-02  6.94E-06  7.58E-02  8.42E-03  9.61E-03   0.4216
10449.00 .9570294    5.24E-06  5.72E-02  7.03E-06  7.67E-02  8.43E-03  9.62E-03   0.7459
10450.00 .9569378    9.67E-07  1.06E-02  7.12E-06  7.77E-02  8.43E-03  9.63E-03   0.1359
10451.00 .9568462    3.67E-06  4.01E-02  7.13E-06  7.79E-02  8.43E-03  9.63E-03   0.5144
10452.00 .9567547    1.78E-06  1.94E-02  7.12E-06  7.77E-02  8.43E-03  9.64E-03   0.2496
10453.00 .9566631    2.50E-06  2.73E-02  7.10E-06  7.75E-02  8.44E-03  9.65E-03   0.3527
10454.00 .9565716    3.17E-06  3.47E-02  7.05E-06  7.71E-02  8.44E-03  9.65E-03   0.4497
10455.00 .9564801    3.65E-06  3.99E-02  7.06E-06  7.71E-02  8.44E-03  9.66E-03   0.5172
10456.00 .9563887    5.80E-06  6.35E-02  7.08E-06  7.74E-02  8.45E-03  9.67E-03   0.8204
10457.00 .9562972    5.93E-06  6.48E-02  7.09E-06  7.75E-02  8.45E-03  9.68E-03   0.8366
10458.00 .9562058    5.69E-06  6.22E-02  7.08E-06  7.75E-02  8.46E-03  9.68E-03   0.8033
10459.00 .9561144    3.13E-06  3.42E-02  7.07E-06  7.73E-02  8.46E-03  9.69E-03   0.4426
10460.00 .9560229    1.77E-06  1.94E-02  7.06E-06  7.73E-02  8.47E-03  9.70E-03   0.2509
10461.00 .9559315    2.72E-06  2.98E-02  7.05E-06  7.72E-02  8.47E-03  9.70E-03   0.3859
10462.00 .9558402    3.11E-06  3.40E-02  7.03E-06  7.69E-02  8.47E-03  9.71E-03   0.4425
10463.00 .9557489    3.67E-06  4.02E-02  7.00E-06  7.66E-02  8.47E-03  9.72E-03   0.5247
10464.00 .9556575    7.82E-07  8.56E-03  7.01E-06  7.67E-02  8.48E-03  9.73E-03   0.1116
10465.00 .9555662    2.24E-06  2.46E-02  6.96E-06  7.62E-02  8.48E-03  9.73E-03   0.3225
10466.00 .9554749    5.11E-06  5.60E-02  6.91E-06  7.57E-02  8.48E-03  9.74E-03   0.7397
10467.00 .9553836    5.08E-06  5.56E-02  6.88E-06  7.54E-02  8.49E-03  9.75E-03   0.7377
10468.00 .9552923    3.87E-06  4.24E-02  6.83E-06  7.48E-02  8.49E-03  9.75E-03   0.5667
10469.00 .9552011    5.28E-06  5.78E-02  6.76E-06  7.41E-02  8.50E-03  9.76E-03   0.7809
10470.00 .9551098    3.20E-06  3.50E-02  6.62E-06  7.26E-02  8.50E-03  9.77E-03   0.4829
10471.00 .9550186    4.99E-06  5.47E-02  6.41E-06  7.03E-02  8.51E-03  9.77E-03   0.7779
10472.00 .9549274    3.29E-06  3.61E-02  6.30E-06  6.91E-02  8.51E-03  9.78E-03   0.5226
10473.00 .9548362    2.57E-06  2.82E-02  6.28E-06  6.89E-02  8.51E-03  9.79E-03   0.4099
10474.00 .9547451    2.57E-06  2.82E-02  6.33E-06  6.95E-02  8.51E-03  9.79E-03   0.4065
10475.00 .9546539    1.56E-07  1.71E-03  6.49E-06  7.13E-02  8.51E-03  9.80E-03   0.0241
10476.00 .9545628    3.86E-06  4.24E-02  6.73E-06  7.38E-02  8.52E-03  9.80E-03   0.5741
10477.00 .9544717    5.00E-06  5.49E-02  6.86E-06  7.53E-02  8.52E-03  9.81E-03   0.7282
10478.00 .9543806    2.41E-06  2.65E-02  6.97E-06  7.65E-02  8.53E-03  9.82E-03   0.3465
10479.00 .9542896    4.59E-06  5.04E-02  7.02E-06  7.71E-02  8.53E-03  9.83E-03   0.6532

                      IRRADIANCE (WATTS/CM2-XXXX)

   FREQ  WAVELENGTH      TRANSMITTED           SOLAR           INTEGRATED         TOTAL
  (CM-1) (MICRON)     (CM-1)    (MICRN)   (CM-1)    (MICRN)   TRANS.    SOLAR     TRANS
10480.00 .9541985    5.76E-06  6.33E-02  7.05E-06  7.74E-02  8.54E-03  9.83E-03   0.8180
10481.00 .9541074    3.07E-06  3.37E-02  7.03E-06  7.72E-02  8.54E-03  9.84E-03   0.4365
10482.00 .9540164    5.50E-06  6.04E-02  7.02E-06  7.71E-02  8.54E-03  9.85E-03   0.7840
10483.00 .9539254    3.73E-06  4.10E-02  6.97E-06  7.65E-02  8.55E-03  9.85E-03   0.5359
10484.00 .9538344    1.31E-06  1.44E-02  6.97E-06  7.66E-02  8.55E-03  9.86E-03   0.1884
10485.00 .9537435    4.66E-06  5.12E-02  6.99E-06  7.69E-02  8.55E-03  9.87E-03   0.6660
10486.00 .9536525    5.52E-06  6.07E-02  7.04E-06  7.74E-02  8.56E-03  9.87E-03   0.7838
10487.00 .9535615    4.69E-06  5.16E-02  7.08E-06  7.79E-02  8.56E-03  9.88E-03   0.6628
10488.00 .9534706    4.70E-06  5.17E-02  7.12E-06  7.84E-02  8.57E-03  9.89E-03   0.6594
10489.00 .9533798    4.46E-06  4.91E-02  7.05E-06  7.76E-02  8.57E-03  9.90E-03   0.6328
10490.00 .9532889    5.58E-06  6.14E-02  7.04E-06  7.75E-02  8.58E-03  9.90E-03   0.7923
10491.00 .9531980    2.20E-06  2.42E-02  7.02E-06  7.73E-02  8.58E-03  9.91E-03   0.3135
10492.00 .9531071    1.14E-06  1.26E-02  6.99E-06  7.69E-02  8.58E-03  9.92E-03   0.1635
10493.00 .9530163    2.90E-06  3.20E-02  7.00E-06  7.71E-02  8.59E-03  9.92E-03   0.4146
10494.00 .9529255    4.77E-06  5.25E-02  7.08E-06  7.80E-02  8.59E-03  9.93E-03   0.6732
10495.00 .9528347    4.26E-06  4.70E-02  7.10E-06  7.82E-02  8.59E-03  9.94E-03   0.6007
10496.00 .9527439    2.25E-06  2.48E-02  7.13E-06  7.86E-02  8.60E-03  9.95E-03   0.3153
10497.00 .9526531    4.07E-06  4.49E-02  7.18E-06  7.92E-02  8.60E-03  9.95E-03   0.5672
10498.00 .9525624    2.44E-06  2.69E-02  7.19E-06  7.92E-02  8.60E-03  9.96E-03   0.3395
10499.00 .9524717    1.62E-07  1.78E-03  7.12E-06  7.85E-02  8.60E-03  9.97E-03   0.0227
10500.00 .9523810    3.77E-06  4.16E-02  7.11E-06  7.83E-02  8.61E-03  9.97E-03   0.5308
10501.00 .9522902    3.08E-06  3.40E-02  7.07E-06  7.80E-02  8.61E-03  9.98E-03   0.4360
10502.00 .9521996    1.35E-06  1.49E-02  7.05E-06  7.78E-02  8.61E-03  9.99E-03   0.1918
10503.00 .9521089    4.30E-06  4.75E-02  7.05E-06  7.78E-02  8.62E-03  1.00E-02   0.6103
10504.00 .9520183    1.33E-06  1.47E-02  7.12E-06  7.86E-02  8.62E-03  1.00E-02   0.1871
10505.00 .9519277    8.61E-07  9.50E-03  7.13E-06  7.87E-02  8.62E-03  1.00E-02   0.1207
10506.00 .9518371    4.78E-06  5.28E-02  7.15E-06  7.90E-02  8.62E-03  1.00E-02   0.6687
10507.00 .9517465    4.33E-06  4.78E-02  7.13E-06  7.87E-02  8.63E-03  1.00E-02   0.6077
10508.00 .9516559    3.11E-06  3.44E-02  7.13E-06  7.87E-02  8.63E-03  1.00E-02   0.4369
10509.00 .9515653    4.43E-06  4.89E-02  7.11E-06  7.85E-02  8.63E-03  1.00E-02   0.6228
10510.00 .9514748    5.64E-06  6.23E-02  7.06E-06  7.80E-02  8.64E-03  1.00E-02   0.7983
10511.00 .9513842    5.38E-06  5.95E-02  7.06E-06  7.80E-02  8.65E-03  1.01E-02   0.7624
10512.00 .9512938    4.46E-06  4.93E-02  7.09E-06  7.83E-02  8.65E-03  1.01E-02   0.6292
10513.00 .9512033    5.56E-06  6.15E-02  7.08E-06  7.83E-02  8.66E-03  1.01E-02   0.7856
10514.00 .9511128    4.83E-06  5.34E-02  7.09E-06  7.84E-02  8.66E-03  1.01E-02   0.6816
10515.00 .9510223    5.06E-06  5.60E-02  7.11E-06  7.86E-02  8.67E-03  1.01E-02   0.7123
10516.00 .9509319    5.53E-06  6.12E-02  7.04E-06  7.79E-02  8.67E-03  1.01E-02   0.7851
10517.00 .9508415    3.05E-06  3.37E-02  7.03E-06  7.77E-02  8.67E-03  1.01E-02   0.4338
10518.00 .9507511    5.21E-06  5.77E-02  7.03E-06  7.78E-02  8.68E-03  1.01E-02   0.7416
10519.00 .9506607    4.95E-06  5.48E-02  7.00E-06  7.75E-02  8.68E-03  1.01E-02   0.7075
10520.00 .9505703    4.62E-06  5.11E-02  7.01E-06  7.76E-02  8.69E-03  1.01E-02   0.6586
10521.00 .9504800    2.13E-06  2.36E-02  7.08E-06  7.84E-02  8.69E-03  1.01E-02   0.3008
10522.00 .9503897    1.88E-07  2.08E-03  7.11E-06  7.88E-02  8.69E-03  1.01E-02   0.0264
10523.00 .9502993    3.73E-07  4.13E-03  7.12E-06  7.89E-02  8.69E-03  1.01E-02   0.0524
10524.00 .9502090    1.34E-06  1.48E-02  7.16E-06  7.93E-02  8.69E-03  1.01E-02   0.1869
10525.00 .9501188    3.99E-06  4.42E-02  7.17E-06  7.94E-02  8.70E-03  1.02E-02   0.5566
10526.00 .9500285    1.53E-06  1.69E-02  7.16E-06  7.93E-02  8.70E-03  1.02E-02   0.2134
10527.00 .9499382    2.83E-06  3.14E-02  7.11E-06  7.88E-02  8.70E-03  1.02E-02   0.3982
10528.00 .9498480    4.23E-06  4.69E-02  7.09E-06  7.86E-02  8.71E-03  1.02E-02   0.5966
10529.00 .9497578    1.95E-06  2.16E-02  7.09E-06  7.86E-02  8.71E-03  1.02E-02   0.2746

                      IRRADIANCE (WATTS/CM2-XXXX)

   FREQ  WAVELENGTH      TRANSMITTED           SOLAR           INTEGRATED         TOTAL
  (CM-1) (MICRON)     (CM-1)    (MICRN)   (CM-1)    (MICRN)   TRANS.    SOLAR     TRANS
10530.00 .9496676    1.61E-07  1.78E-03  7.10E-06  7.87E-02  8.71E-03  1.02E-02   0.0227
10531.00 .9495775    1.36E-06  1.51E-02  7.12E-06  7.90E-02  8.71E-03  1.02E-02   0.1913
10532.00 .9494873    5.11E-06  5.67E-02  7.17E-06  7.95E-02  8.71E-03  1.02E-02   0.7131
10533.00 .9493971    4.61E-06  5.12E-02  7.20E-06  7.98E-02  8.72E-03  1.02E-02   0.6407
10534.00 .9493070    5.79E-06  6.42E-02  7.18E-06  7.97E-02  8.72E-03  1.02E-02   0.8059
10535.00 .9492169    4.82E-06  5.35E-02  7.16E-06  7.95E-02  8.73E-03  1.02E-02   0.6736
10536.00 .9491268    5.95E-06  6.60E-02  7.15E-06  7.93E-02  8.74E-03  1.02E-02   0.8323
10537.00 .9490367    4.27E-06  4.74E-02  7.10E-06  7.88E-02  8.74E-03  1.02E-02   0.6017
10538.00 .9489467    3.96E-06  4.40E-02  7.07E-06  7.85E-02  8.74E-03  1.02E-02   0.5598
10539.00 .9488567    3.21E-06  3.56E-02  7.09E-06  7.88E-02  8.75E-03  1.03E-02   0.4524
10540.00 .9487666    4.39E-06  4.87E-02  7.11E-06  7.90E-02  8.75E-03  1.03E-02   0.6166
10541.00 .9486766    4.94E-06  5.49E-02  7.12E-06  7.91E-02  8.76E-03  1.03E-02   0.6944
10542.00 .9485866    4.46E-06  4.95E-02  7.13E-06  7.92E-02  8.76E-03  1.03E-02   0.6251
10543.00 .9484966    6.71E-07  7.46E-03  7.15E-06  7.95E-02  8.76E-03  1.03E-02   0.0939
10544.00 .9484067    1.21E-07  1.35E-03  7.14E-06  7.94E-02  8.76E-03  1.03E-02   0.0170
10545.00 .9483168    6.26E-07  6.96E-03  7.12E-06  7.92E-02  8.76E-03  1.03E-02   0.0879
10546.00 .9482268    2.36E-06  2.62E-02  7.11E-06  7.91E-02  8.76E-03  1.03E-02   0.3317
10547.00 .9481369    4.66E-06  5.19E-02  7.13E-06  7.93E-02  8.77E-03  1.03E-02   0.6542
10548.00 .9480470    5.65E-06  6.28E-02  7.13E-06  7.93E-02  8.77E-03  1.03E-02   0.7916
10549.00 .9479572    4.24E-06  4.71E-02  7.12E-06  7.93E-02  8.78E-03  1.03E-02   0.5948
10550.00 .9478673    2.87E-06  3.19E-02  7.09E-06  7.89E-02  8.78E-03  1.03E-02   0.4045
10551.00 .9477775    1.48E-06  1.65E-02  7.09E-06  7.89E-02  8.78E-03  1.03E-02   0.2095
10552.00 .9476876    1.69E-06  1.88E-02  7.11E-06  7.91E-02  8.78E-03  1.03E-02   0.2378
10553.00 .9475979    4.79E-06  5.34E-02  7.10E-06  7.91E-02  8.79E-03  1.04E-02   0.6745
10554.00 .9475080    5.25E-06  5.85E-02  7.10E-06  7.91E-02  8.79E-03  1.04E-02   0.7395
10555.00 .9474183    5.57E-06  6.21E-02  7.11E-06  7.92E-02  8.80E-03  1.04E-02   0.7833
10556.00 .9473285    3.37E-06  3.76E-02  7.12E-06  7.93E-02  8.80E-03  1.04E-02   0.4740
10557.00 .9472388    2.30E-06  2.56E-02  7.12E-06  7.94E-02  8.81E-03  1.04E-02   0.3231
10558.00 .9471491    4.05E-07  4.52E-03  7.11E-06  7.93E-02  8.81E-03  1.04E-02   0.0570
10559.00 .9470594    2.82E-06  3.14E-02  7.11E-06  7.93E-02  8.81E-03  1.04E-02   0.3962
10560.00 .9469697    4.11E-06  4.59E-02  7.15E-06  7.98E-02  8.81E-03  1.04E-02   0.5749
10561.00 .9468800    5.22E-06  5.82E-02  7.13E-06  7.96E-02  8.82E-03  1.04E-02   0.7317
10562.00 .9467904    2.29E-06  2.55E-02  7.03E-06  7.84E-02  8.82E-03  1.04E-02   0.3255
10563.00 .9467008    3.59E-06  4.00E-02  6.96E-06  7.76E-02  8.82E-03  1.04E-02   0.5157
10564.00 .9466111    5.18E-06  5.78E-02  6.97E-06  7.77E-02  8.83E-03  1.04E-02   0.7439
10565.00 .9465215    4.64E-06  5.18E-02  6.97E-06  7.78E-02  8.83E-03  1.04E-02   0.6654
10566.00 .9464319    1.56E-06  1.74E-02  7.00E-06  7.82E-02  8.84E-03  1.04E-02   0.2222
10567.00 .9463424    5.04E-07  5.62E-03  7.08E-06  7.90E-02  8.84E-03  1.04E-02   0.0712
10568.00 .9462528    2.16E-07  2.41E-03  7.16E-06  8.00E-02  8.84E-03  1.05E-02   0.0301
10569.00 .9461633    3.48E-06  3.89E-02  7.16E-06  7.99E-02  8.84E-03  1.05E-02   0.4868
10570.00 .9460738    5.06E-06  5.65E-02  7.13E-06  7.97E-02  8.85E-03  1.05E-02   0.7093
10571.00 .9459843    3.79E-06  4.24E-02  7.10E-06  7.93E-02  8.85E-03  1.05E-02   0.5342
10572.00 .9458948    7.46E-07  8.33E-03  7.05E-06  7.87E-02  8.85E-03  1.05E-02   0.1058
10573.00 .9458054    2.55E-06  2.85E-02  7.03E-06  7.86E-02  8.85E-03  1.05E-02   0.3628
10574.00 .9457159    2.86E-07  3.20E-03  7.01E-06  7.83E-02  8.85E-03  1.05E-02   0.0408
10575.00 .9456265    2.96E-06  3.31E-02  6.99E-06  7.82E-02  8.86E-03  1.05E-02   0.4240
10576.00 .9455371    4.70E-06  5.26E-02  7.02E-06  7.85E-02  8.86E-03  1.05E-02   0.6699
10577.00 .9454477    5.24E-06  5.87E-02  7.10E-06  7.94E-02  8.87E-03  1.05E-02   0.7389
10578.00 .9453583    5.08E-06  5.68E-02  7.08E-06  7.92E-02  8.87E-03  1.05E-02   0.7175
10579.00 .9452689    2.21E-06  2.47E-02  7.10E-06  7.94E-02  8.87E-03  1.05E-02   0.3109

                      IRRADIANCE (WATTS/CM2-XXXX)

   FREQ  WAVELENGTH      TRANSMITTED           SOLAR           INTEGRATED         TOTAL
  (CM-1) (MICRON)     (CM-1)    (MICRN)   (CM-1)    (MICRN)   TRANS.    SOLAR     TRANS
10580.00 .9451796    2.95E-06  3.31E-02  7.04E-06  7.88E-02  8.88E-03  1.05E-02   0.4195
10581.00 .9450902    5.37E-06  6.02E-02  6.99E-06  7.82E-02  8.88E-03  1.05E-02   0.7691
10582.00 .9450009    5.56E-06  6.23E-02  6.97E-06  7.81E-02  8.89E-03  1.06E-02   0.7974
10583.00 .9449117    3.89E-06  4.36E-02  6.96E-06  7.80E-02  8.89E-03  1.06E-02   0.5586
10584.00 .9448224    3.01E-06  3.37E-02  6.87E-06  7.70E-02  8.89E-03  1.06E-02   0.4381
10585.00 .9447331    3.36E-06  3.77E-02  6.94E-06  7.78E-02  8.90E-03  1.06E-02   0.4846
10586.00 .9446439    2.62E-06  2.93E-02  7.00E-06  7.85E-02  8.90E-03  1.06E-02   0.3739
10587.00 .9445546    1.45E-06  1.62E-02  7.00E-06  7.85E-02  8.90E-03  1.06E-02   0.2069
10588.00 .9444655    1.54E-06  1.73E-02  7.04E-06  7.90E-02  8.90E-03  1.06E-02   0.2189
10589.00 .9443762    3.75E-08  4.21E-04  7.10E-06  7.96E-02  8.90E-03  1.06E-02   0.0053
10590.00 .9442871    5.22E-07  5.85E-03  6.96E-06  7.80E-02  8.90E-03  1.06E-02   0.0750
10591.00 .9441979    3.06E-06  3.43E-02  6.83E-06  7.66E-02  8.91E-03  1.06E-02   0.4477
10592.00 .9441088    1.97E-06  2.22E-02  6.78E-06  7.61E-02  8.91E-03  1.06E-02   0.2910
10593.00 .9440196    3.23E-07  3.63E-03  6.78E-06  7.61E-02  8.91E-03  1.06E-02   0.0476
10594.00 .9439305    3.75E-06  4.21E-02  6.81E-06  7.64E-02  8.91E-03  1.06E-02   0.5509
10595.00 .9438415    5.22E-06  5.86E-02  6.96E-06  7.81E-02  8.92E-03  1.06E-02   0.7499
10596.00 .9437523    5.20E-06  5.84E-02  7.00E-06  7.86E-02  8.92E-03  1.07E-02   0.7429
10597.00 .9436633    5.42E-06  6.08E-02  6.97E-06  7.82E-02  8.93E-03  1.07E-02   0.7776
10598.00 .9435742    5.22E-06  5.87E-02  6.93E-06  7.78E-02  8.93E-03  1.07E-02   0.7541
10599.00 .9434853    4.89E-06  5.49E-02  6.93E-06  7.79E-02  8.94E-03  1.07E-02   0.7053
10600.00 .9433962    3.49E-06  3.92E-02  6.89E-06  7.74E-02  8.94E-03  1.07E-02   0.5071
10601.00 .9433072    7.13E-07  8.02E-03  6.97E-06  7.83E-02  8.94E-03  1.07E-02   0.1024
10602.00 .9432182    3.37E-06  3.79E-02  7.07E-06  7.94E-02  8.95E-03  1.07E-02   0.4767
10603.00 .9431293    1.21E-06  1.36E-02  7.11E-06  7.99E-02  8.95E-03  1.07E-02   0.1700
10604.00 .9430404    3.60E-07  4.05E-03  7.12E-06  8.01E-02  8.95E-03  1.07E-02   0.0506
10605.00 .9429514    3.51E-08  3.95E-04  7.15E-06  8.05E-02  8.95E-03  1.07E-02   0.0049
10606.00 .9428625    2.08E-06  2.34E-02  7.14E-06  8.03E-02  8.95E-03  1.07E-02   0.2910
10607.00 .9427736    4.23E-06  4.76E-02  7.14E-06  8.03E-02  8.95E-03  1.07E-02   0.5928
10608.00 .9426848    5.17E-06  5.82E-02  7.13E-06  8.03E-02  8.96E-03  1.07E-02   0.7252
10609.00 .9425959    5.21E-06  5.87E-02  7.05E-06  7.94E-02  8.96E-03  1.07E-02   0.7390
10610.00 .9425071    4.10E-06  4.61E-02  7.03E-06  7.92E-02  8.97E-03  1.08E-02   0.5824
10611.00 .9424182    1.88E-06  2.11E-02  7.05E-06  7.93E-02  8.97E-03  1.08E-02   0.2664
10612.00 .9423295    3.79E-06  4.27E-02  7.04E-06  7.93E-02  8.97E-03  1.08E-02   0.5382
10613.00 .9422407    5.05E-06  5.69E-02  7.01E-06  7.89E-02  8.98E-03  1.08E-02   0.7214
10614.00 .9421519    4.98E-06  5.61E-02  7.08E-06  7.98E-02  8.98E-03  1.08E-02   0.7031
10615.00 .9420631    1.68E-06  1.90E-02  7.08E-06  7.98E-02  8.99E-03  1.08E-02   0.2375
10616.00 .9419744    2.58E-06  2.91E-02  6.90E-06  7.77E-02  8.99E-03  1.08E-02   0.3746
10617.00 .9418857    4.74E-06  5.34E-02  6.64E-06  7.49E-02  8.99E-03  1.08E-02   0.7132
10618.00 .9417970    4.94E-06  5.56E-02  6.33E-06  7.13E-02  9.00E-03  1.08E-02   0.7803
10619.00 .9417083    4.77E-06  5.37E-02  6.26E-06  7.06E-02  9.00E-03  1.08E-02   0.7613
10620.00 .9416196    2.58E-06  2.90E-02  6.28E-06  7.08E-02  9.00E-03  1.08E-02   0.4101
10621.00 .9415309    4.25E-06  4.79E-02  6.43E-06  7.25E-02  9.01E-03  1.08E-02   0.6613
10622.00 .9414423    4.17E-06  4.70E-02  6.61E-06  7.46E-02  9.01E-03  1.08E-02   0.6307
10623.00 .9413537    1.97E-06  2.22E-02  6.95E-06  7.84E-02  9.02E-03  1.08E-02   0.2835
10624.00 .9412650    1.24E-06  1.40E-02  7.01E-06  7.91E-02  9.02E-03  1.08E-02   0.1767
10625.00 .9411765    2.44E-06  2.75E-02  6.98E-06  7.88E-02  9.02E-03  1.09E-02   0.3494
10626.00 .9410879    5.12E-06  5.78E-02  6.97E-06  7.87E-02  9.02E-03  1.09E-02   0.7337
10627.00 .9409993    4.94E-06  5.58E-02  6.83E-06  7.71E-02  9.03E-03  1.09E-02   0.7236
10628.00 .9409108    3.36E-06  3.79E-02  6.76E-06  7.64E-02  9.03E-03  1.09E-02   0.4967
10629.00 .9408223    4.31E-06  4.87E-02  6.76E-06  7.63E-02  9.04E-03  1.09E-02   0.6382

                      IRRADIANCE (WATTS/CM2-XXXX)

   FREQ  WAVELENGTH      TRANSMITTED           SOLAR           INTEGRATED         TOTAL
  (CM-1) (MICRON)     (CM-1)    (MICRN)   (CM-1)    (MICRN)   TRANS.    SOLAR     TRANS
10630.00 .9407338    3.53E-06  3.99E-02  6.80E-06  7.68E-02  9.04E-03  1.09E-02   0.5198
10631.00 .9406453    3.26E-06  3.68E-02  6.83E-06  7.72E-02  9.04E-03  1.09E-02   0.4770
10632.00 .9405568    3.77E-06  4.27E-02  6.94E-06  7.84E-02  9.05E-03  1.09E-02   0.5438
10633.00 .9404684    4.37E-06  4.94E-02  7.01E-06  7.92E-02  9.05E-03  1.09E-02   0.6239
10634.00 .9403799    3.53E-06  3.99E-02  7.03E-06  7.94E-02  9.06E-03  1.09E-02   0.5021
10635.00 .9402915    3.08E-06  3.49E-02  7.02E-06  7.95E-02  9.06E-03  1.09E-02   0.4390
10636.00 .9402031    2.53E-06  2.87E-02  7.03E-06  7.96E-02  9.06E-03  1.09E-02   0.3604
10637.00 .9401147    4.01E-06  4.53E-02  7.14E-06  8.07E-02  9.06E-03  1.09E-02   0.5612
10638.00 .9400263    5.83E-06  6.60E-02  7.15E-06  8.09E-02  9.07E-03  1.09E-02   0.8158
10639.00 .9399379    5.49E-06  6.21E-02  7.13E-06  8.07E-02  9.08E-03  1.10E-02   0.7701
10640.00 .9398496    4.48E-06  5.07E-02  7.10E-06  8.03E-02  9.08E-03  1.10E-02   0.6310
10641.00 .9397613    5.53E-06  6.26E-02  7.07E-06  8.00E-02  9.09E-03  1.10E-02   0.7820
10642.00 .9396730    3.91E-06  4.43E-02  7.04E-06  7.97E-02  9.09E-03  1.10E-02   0.5554
10643.00 .9395847    5.78E-06  6.55E-02  7.04E-06  7.98E-02  9.10E-03  1.10E-02   0.8209
10644.00 .9394965    5.02E-06  5.69E-02  7.03E-06  7.97E-02  9.10E-03  1.10E-02   0.7141
10645.00 .9394082    3.12E-06  3.54E-02  7.04E-06  7.97E-02  9.10E-03  1.10E-02   0.4435
10646.00 .9393199    5.05E-06  5.72E-02  7.07E-06  8.02E-02  9.11E-03  1.10E-02   0.7133
10647.00 .9392317    5.68E-06  6.44E-02  7.05E-06  8.00E-02  9.11E-03  1.10E-02   0.8050
10648.00 .9391435    5.38E-06  6.10E-02  7.04E-06  7.98E-02  9.12E-03  1.10E-02   0.7652
10649.00 .9390553    2.77E-06  3.14E-02  7.07E-06  8.02E-02  9.12E-03  1.10E-02   0.3917
10650.00 .9389671    3.83E-07  4.35E-03  7.09E-06  8.04E-02  9.12E-03  1.10E-02   0.0540
10651.00 .9388790    1.10E-06  1.25E-02  7.08E-06  8.04E-02  9.12E-03  1.10E-02   0.1559
10652.00 .9387909    4.88E-06  5.53E-02  7.12E-06  8.07E-02  9.13E-03  1.10E-02   0.6853
10653.00 .9387027    5.00E-06  5.67E-02  7.13E-06  8.09E-02  9.13E-03  1.10E-02   0.7006
10654.00 .9386146    3.23E-06  3.66E-02  7.12E-06  8.09E-02  9.14E-03  1.11E-02   0.4527
10655.00 .9385265    3.96E-06  4.50E-02  7.10E-06  8.06E-02  9.14E-03  1.11E-02   0.5585
10656.00 .9384384    7.70E-07  8.74E-03  7.07E-06  8.03E-02  9.14E-03  1.11E-02   0.1088
10657.00 .9383504    1.10E-07  1.25E-03  7.10E-06  8.07E-02  9.14E-03  1.11E-02   0.0155
10658.00 .9382623    1.62E-06  1.83E-02  7.11E-06  8.08E-02  9.14E-03  1.11E-02   0.2272
10659.00 .9381743    2.83E-06  3.21E-02  7.11E-06  8.08E-02  9.15E-03  1.11E-02   0.3977
10660.00 .9380863    1.56E-06  1.77E-02  7.16E-06  8.13E-02  9.15E-03  1.11E-02   0.2181
10661.00 .9379983    4.09E-07  4.65E-03  7.20E-06  8.18E-02  9.15E-03  1.11E-02   0.0569
10662.00 .9379103    3.54E-06  4.02E-02  7.18E-06  8.16E-02  9.15E-03  1.11E-02   0.4928
10663.00 .9378224    3.19E-06  3.63E-02  7.15E-06  8.13E-02  9.16E-03  1.11E-02   0.4463
10664.00 .9377344    4.29E-06  4.88E-02  7.05E-06  8.02E-02  9.16E-03  1.11E-02   0.6079
10665.00 .9376465    4.38E-06  4.99E-02  7.02E-06  7.99E-02  9.16E-03  1.11E-02   0.6241
10666.00 .9375586    2.85E-06  3.24E-02  7.02E-06  7.99E-02  9.17E-03  1.11E-02   0.4057
10667.00 .9374707    1.23E-06  1.40E-02  7.03E-06  8.00E-02  9.17E-03  1.11E-02   0.1750
10668.00 .9373828    2.96E-08  3.37E-04  7.05E-06  8.03E-02  9.17E-03  1.12E-02   0.0042
10669.00 .9372950    1.64E-06  1.87E-02  7.13E-06  8.11E-02  9.17E-03  1.12E-02   0.2303
10670.00 .9372071    2.82E-07  3.21E-03  7.13E-06  8.12E-02  9.17E-03  1.12E-02   0.0395
10671.00 .9371193    2.79E-06  3.18E-02  7.13E-06  8.12E-02  9.17E-03  1.12E-02   0.3915
10672.00 .9370315    3.69E-06  4.20E-02  7.15E-06  8.14E-02  9.18E-03  1.12E-02   0.5158
10673.00 .9369437    1.62E-06  1.84E-02  7.14E-06  8.14E-02  9.18E-03  1.12E-02   0.2264
10674.00 .9368559    1.57E-06  1.79E-02  7.18E-06  8.18E-02  9.18E-03  1.12E-02   0.2193
10675.00 .9367682    9.80E-07  1.12E-02  7.19E-06  8.20E-02  9.18E-03  1.12E-02   0.1362
10676.00 .9366804    3.31E-06  3.77E-02  7.09E-06  8.08E-02  9.18E-03  1.12E-02   0.4667
10677.00 .9365927    4.10E-06  4.67E-02  7.06E-06  8.05E-02  9.19E-03  1.12E-02   0.5801
10678.00 .9365050    4.89E-06  5.58E-02  7.05E-06  8.04E-02  9.19E-03  1.12E-02   0.6937
10679.00 .9364173    3.18E-06  3.63E-02  6.97E-06  7.95E-02  9.20E-03  1.12E-02   0.4560

                      IRRADIANCE (WATTS/CM2-XXXX)

   FREQ  WAVELENGTH      TRANSMITTED           SOLAR           INTEGRATED         TOTAL
  (CM-1) (MICRON)     (CM-1)    (MICRN)   (CM-1)    (MICRN)   TRANS.    SOLAR     TRANS
10680.00 .9363296    3.66E-06  4.17E-02  6.90E-06  7.87E-02  9.20E-03  1.12E-02   0.5299
10681.00 .9362419    3.86E-06  4.41E-02  6.97E-06  7.96E-02  9.20E-03  1.12E-02   0.5542
10682.00 .9361543    6.77E-07  7.72E-03  6.98E-06  7.96E-02  9.20E-03  1.13E-02   0.0970
10683.00 .9360666    9.73E-08  1.11E-03  6.95E-06  7.93E-02  9.20E-03  1.13E-02   0.0140
10684.00 .9359790    9.24E-07  1.05E-02  7.01E-06  8.00E-02  9.21E-03  1.13E-02   0.1318
10685.00 .9358914    3.37E-06  3.85E-02  7.05E-06  8.05E-02  9.21E-03  1.13E-02   0.4784
10686.00 .9358038    2.69E-06  3.07E-02  7.08E-06  8.08E-02  9.21E-03  1.13E-02   0.3797
10687.00 .9357163    3.10E-07  3.55E-03  7.08E-06  8.09E-02  9.21E-03  1.13E-02   0.0438
10688.00 .9356288    1.32E-09  1.51E-05  7.14E-06  8.15E-02  9.21E-03  1.13E-02   0.0002
10689.00 .9355412    1.25E-06  1.43E-02  7.13E-06  8.14E-02  9.21E-03  1.13E-02   0.1756
10690.00 .9354537    4.30E-06  4.91E-02  7.02E-06  8.02E-02  9.22E-03  1.13E-02   0.6124
10691.00 .9353662    4.88E-06  5.58E-02  6.98E-06  7.98E-02  9.22E-03  1.13E-02   0.6986
10692.00 .9352787    3.29E-06  3.76E-02  6.99E-06  7.99E-02  9.23E-03  1.13E-02   0.4703
10693.00 .9351913    4.98E-06  5.70E-02  6.99E-06  7.99E-02  9.23E-03  1.13E-02   0.7127
10694.00 .9351038    4.67E-06  5.34E-02  7.01E-06  8.02E-02  9.24E-03  1.13E-02   0.6664
10695.00 .9350163    4.38E-06  5.01E-02  7.11E-06  8.14E-02  9.24E-03  1.13E-02   0.6151
10696.00 .9349290    2.41E-06  2.76E-02  7.11E-06  8.14E-02  9.24E-03  1.14E-02   0.3394
10697.00 .9348416    4.99E-07  5.71E-03  7.10E-06  8.12E-02  9.24E-03  1.14E-02   0.0703
10698.00 .9347541    6.07E-07  6.94E-03  7.05E-06  8.07E-02  9.24E-03  1.14E-02   0.0860
10699.00 .9346668    8.75E-08  1.00E-03  7.06E-06  8.08E-02  9.24E-03  1.14E-02   0.0124
10700.00 .9345794    1.76E-07  2.01E-03  7.11E-06  8.14E-02  9.24E-03  1.14E-02   0.0247
10701.00 .9344921    1.54E-07  1.76E-03  7.14E-06  8.18E-02  9.24E-03  1.14E-02   0.0215
10702.00 .9344048    2.98E-06  3.41E-02  7.17E-06  8.21E-02  9.25E-03  1.14E-02   0.4158
10703.00 .9343175    3.90E-06  4.47E-02  7.19E-06  8.24E-02  9.25E-03  1.14E-02   0.5428
10704.00 .9342302    1.36E-06  1.56E-02  7.18E-06  8.22E-02  9.25E-03  1.14E-02   0.1898
10705.00 .9341429    1.52E-06  1.74E-02  7.17E-06  8.22E-02  9.25E-03  1.14E-02   0.2119
10706.00 .9340557    2.17E-06  2.48E-02  7.17E-06  8.22E-02  9.26E-03  1.14E-02   0.3020
10707.00 .9339684    2.46E-06  2.83E-02  7.15E-06  8.20E-02  9.26E-03  1.14E-02   0.3445
10708.00 .9338812    1.90E-06  2.18E-02  7.13E-06  8.17E-02  9.26E-03  1.14E-02   0.2669
10709.00 .9337940    2.18E-06  2.50E-02  7.07E-06  8.10E-02  9.26E-03  1.14E-02   0.3079
10710.00 .9337068    4.92E-07  5.64E-03  7.06E-06  8.10E-02  9.26E-03  1.15E-02   0.0696
10711.00 .9336196    3.35E-07  3.85E-03  7.08E-06  8.12E-02  9.26E-03  1.15E-02   0.0474
10712.00 .9335325    3.21E-06  3.68E-02  7.10E-06  8.14E-02  9.27E-03  1.15E-02   0.4521
10713.00 .9334453    3.02E-06  3.47E-02  7.14E-06  8.19E-02  9.27E-03  1.15E-02   0.4232
10714.00 .9333583    3.62E-06  4.15E-02  7.20E-06  8.27E-02  9.27E-03  1.15E-02   0.5019
10715.00 .9332711    3.38E-06  3.88E-02  7.20E-06  8.27E-02  9.28E-03  1.15E-02   0.4689
10716.00 .9331840    5.33E-06  6.12E-02  7.16E-06  8.22E-02  9.28E-03  1.15E-02   0.7451
10717.00 .9330969    2.76E-06  3.17E-02  7.14E-06  8.20E-02  9.28E-03  1.15E-02   0.3866
10718.00 .9330099    1.58E-06  1.82E-02  7.13E-06  8.19E-02  9.29E-03  1.15E-02   0.2217
10719.00 .9329228    4.43E-06  5.09E-02  7.11E-06  8.17E-02  9.29E-03  1.15E-02   0.6233
10720.00 .9328358    1.19E-06  1.37E-02  7.08E-06  8.14E-02  9.29E-03  1.15E-02   0.1686
10721.00 .9327488    6.74E-07  7.75E-03  7.11E-06  8.18E-02  9.29E-03  1.15E-02   0.0948
10722.00 .9326618    1.80E-06  2.07E-02  7.09E-06  8.15E-02  9.29E-03  1.15E-02   0.2538
10723.00 .9325749    1.65E-06  1.90E-02  7.09E-06  8.15E-02  9.30E-03  1.15E-02   0.2328
10724.00 .9324879    2.74E-06  3.15E-02  7.13E-06  8.20E-02  9.30E-03  1.16E-02   0.3848
10725.00 .9324009    4.98E-06  5.72E-02  7.16E-06  8.24E-02  9.30E-03  1.16E-02   0.6949
10726.00 .9323140    3.15E-06  3.62E-02  7.13E-06  8.20E-02  9.31E-03  1.16E-02   0.4417
10727.00 .9322271    4.01E-06  4.61E-02  7.04E-06  8.10E-02  9.31E-03  1.16E-02   0.5696
10728.00 .9321402    1.21E-06  1.40E-02  7.00E-06  8.06E-02  9.31E-03  1.16E-02   0.1733
10729.00 .9320533    4.19E-06  4.82E-02  7.00E-06  8.05E-02  9.32E-03  1.16E-02   0.5987

                      IRRADIANCE (WATTS/CM2-XXXX)

   FREQ  WAVELENGTH      TRANSMITTED           SOLAR           INTEGRATED         TOTAL
  (CM-1) (MICRON)     (CM-1)    (MICRN)   (CM-1)    (MICRN)   TRANS.    SOLAR     TRANS
10730.00 .9319664    8.14E-07  9.37E-03  7.00E-06  8.06E-02  9.32E-03  1.16E-02   0.1162
10731.00 .9318796    9.28E-08  1.07E-03  7.01E-06  8.07E-02  9.32E-03  1.16E-02   0.0132
10732.00 .9317928    1.54E-06  1.78E-02  7.14E-06  8.22E-02  9.32E-03  1.16E-02   0.2163
10733.00 .9317060    4.57E-06  5.26E-02  7.17E-06  8.26E-02  9.32E-03  1.16E-02   0.6365
10734.00 .9316192    4.72E-06  5.43E-02  7.12E-06  8.20E-02  9.33E-03  1.16E-02   0.6623
10735.00 .9315324    5.15E-06  5.93E-02  7.10E-06  8.18E-02  9.33E-03  1.16E-02   0.7256
10736.00 .9314456    3.74E-06  4.31E-02  7.11E-06  8.19E-02  9.34E-03  1.16E-02   0.5259
10737.00 .9313589    5.23E-06  6.03E-02  7.11E-06  8.19E-02  9.34E-03  1.16E-02   0.7356
10738.00 .9312721    3.70E-06  4.27E-02  7.10E-06  8.18E-02  9.35E-03  1.17E-02   0.5215
10739.00 .9311854    6.06E-07  6.99E-03  7.12E-06  8.21E-02  9.35E-03  1.17E-02   0.0851
10740.00 .9310987    2.34E-06  2.70E-02  7.11E-06  8.21E-02  9.35E-03  1.17E-02   0.3290
10741.00 .9310120    2.61E-06  3.02E-02  7.12E-06  8.21E-02  9.35E-03  1.17E-02   0.3672
10742.00 .9309254    5.24E-06  6.05E-02  7.08E-06  8.17E-02  9.36E-03  1.17E-02   0.7406
10743.00 .9308387    5.71E-06  6.59E-02  7.10E-06  8.20E-02  9.36E-03  1.17E-02   0.8040
10744.00 .9307520    4.69E-06  5.41E-02  7.13E-06  8.23E-02  9.37E-03  1.17E-02   0.6574
10745.00 .9306654    2.58E-06  2.98E-02  7.16E-06  8.27E-02  9.37E-03  1.17E-02   0.3599
10746.00 .9305788    5.01E-06  5.78E-02  7.14E-06  8.25E-02  9.37E-03  1.17E-02   0.7014
10747.00 .9304922    5.39E-06  6.22E-02  7.17E-06  8.28E-02  9.38E-03  1.17E-02   0.7513
10748.00 .9304057    3.71E-06  4.29E-02  7.14E-06  8.24E-02  9.38E-03  1.17E-02   0.5198
10749.00 .9303191    1.38E-06  1.59E-02  7.12E-06  8.23E-02  9.38E-03  1.17E-02   0.1936
10750.00 .9302326    5.46E-06  6.31E-02  7.10E-06  8.21E-02  9.39E-03  1.17E-02   0.7687
10751.00 .9301460    5.11E-06  5.91E-02  7.10E-06  8.21E-02  9.40E-03  1.17E-02   0.7201
10752.00 .9300596    2.19E-06  2.53E-02  7.06E-06  8.16E-02  9.40E-03  1.18E-02   0.3103
10753.00 .9299730    3.88E-06  4.48E-02  7.07E-06  8.18E-02  9.40E-03  1.18E-02   0.5480
10754.00 .9298866    5.39E-06  6.24E-02  7.00E-06  8.10E-02  9.41E-03  1.18E-02   0.7705
10755.00 .9298001    4.10E-06  4.74E-02  7.01E-06  8.11E-02  9.41E-03  1.18E-02   0.5852
10756.00 .9297137    2.73E-06  3.16E-02  7.04E-06  8.15E-02  9.41E-03  1.18E-02   0.3882
10757.00 .9296272    5.38E-06  6.23E-02  7.09E-06  8.20E-02  9.42E-03  1.18E-02   0.7592
10758.00 .9295408    3.98E-06  4.61E-02  7.08E-06  8.20E-02  9.42E-03  1.18E-02   0.5627
10759.00 .9294544    5.85E-06  6.78E-02  7.06E-06  8.17E-02  9.43E-03  1.18E-02   0.8295
10760.00 .9293680    3.91E-06  4.53E-02  6.99E-06  8.09E-02  9.43E-03  1.18E-02   0.5596
10761.00 .9292817    5.77E-06  6.68E-02  6.96E-06  8.06E-02  9.44E-03  1.18E-02   0.8283
10762.00 .9291953    5.20E-06  6.03E-02  6.95E-06  8.04E-02  9.44E-03  1.18E-02   0.7491
10763.00 .9291090    4.16E-06  4.82E-02  6.94E-06  8.04E-02  9.45E-03  1.18E-02   0.5992
10764.00 .9290227    5.35E-06  6.20E-02  7.02E-06  8.14E-02  9.45E-03  1.18E-02   0.7626
10765.00 .9289364    3.52E-06  4.08E-02  7.09E-06  8.22E-02  9.46E-03  1.18E-02   0.4962
10766.00 .9288501    5.02E-06  5.82E-02  7.11E-06  8.25E-02  9.46E-03  1.19E-02   0.7060
10767.00 .9287638    2.95E-06  3.42E-02  7.14E-06  8.28E-02  9.46E-03  1.19E-02   0.4134
10768.00 .9286776    4.78E-06  5.54E-02  7.17E-06  8.31E-02  9.47E-03  1.19E-02   0.6670
10769.00 .9285913    6.17E-06  7.16E-02  7.17E-06  8.31E-02  9.48E-03  1.19E-02   0.8611
10770.00 .9285051    5.23E-06  6.07E-02  7.17E-06  8.32E-02  9.48E-03  1.19E-02   0.7293
10771.00 .9284189    5.76E-06  6.69E-02  7.16E-06  8.30E-02  9.49E-03  1.19E-02   0.8056
10772.00 .9283327    5.67E-06  6.58E-02  7.11E-06  8.26E-02  9.49E-03  1.19E-02   0.7964
10773.00 .9282466    2.69E-06  3.12E-02  7.10E-06  8.24E-02  9.49E-03  1.19E-02   0.3781
10774.00 .9281604    2.80E-06  3.25E-02  7.12E-06  8.27E-02  9.50E-03  1.19E-02   0.3930
10775.00 .9280742    5.17E-06  6.01E-02  7.11E-06  8.25E-02  9.50E-03  1.19E-02   0.7279
10776.00 .9279881    5.18E-06  6.01E-02  7.13E-06  8.28E-02  9.51E-03  1.19E-02   0.7263
10777.00 .9279020    5.62E-06  6.52E-02  7.17E-06  8.33E-02  9.51E-03  1.19E-02   0.7833
10778.00 .9278159    5.84E-06  6.78E-02  7.19E-06  8.35E-02  9.52E-03  1.19E-02   0.8120
10779.00 .9277298    5.49E-06  6.38E-02  7.16E-06  8.32E-02  9.52E-03  1.19E-02   0.7661

                      IRRADIANCE (WATTS/CM2-XXXX)

   FREQ  WAVELENGTH      TRANSMITTED           SOLAR           INTEGRATED         TOTAL
  (CM-1) (MICRON)     (CM-1)    (MICRN)   (CM-1)    (MICRN)   TRANS.    SOLAR     TRANS
10780.00 .9276438    5.92E-06  6.88E-02  7.18E-06  8.34E-02  9.53E-03  1.20E-02   0.8244
10781.00 .9275578    4.01E-06  4.66E-02  7.16E-06  8.33E-02  9.53E-03  1.20E-02   0.5598
10782.00 .9274717    5.68E-06  6.60E-02  7.13E-06  8.29E-02  9.54E-03  1.20E-02   0.7959
10783.00 .9273857    6.17E-06  7.17E-02  7.11E-06  8.26E-02  9.55E-03  1.20E-02   0.8679
10784.00 .9272997    5.77E-06  6.71E-02  7.13E-06  8.29E-02  9.55E-03  1.20E-02   0.8087
10785.00 .9272137    5.77E-06  6.72E-02  7.13E-06  8.29E-02  9.56E-03  1.20E-02   0.8097
10786.00 .9271278    5.75E-06  6.69E-02  7.12E-06  8.29E-02  9.56E-03  1.20E-02   0.8068
10787.00 .9270418    6.39E-06  7.44E-02  7.11E-06  8.28E-02  9.57E-03  1.20E-02   0.8982
10788.00 .9269559    6.24E-06  7.26E-02  7.13E-06  8.30E-02  9.58E-03  1.20E-02   0.8746
10789.00 .9268700    5.68E-06  6.61E-02  7.09E-06  8.26E-02  9.58E-03  1.20E-02   0.8011
10790.00 .9267840    6.22E-06  7.24E-02  7.03E-06  8.18E-02  9.59E-03  1.20E-02   0.8845
10791.00 .9266981    6.25E-06  7.28E-02  6.99E-06  8.13E-02  9.59E-03  1.20E-02   0.8945
10792.00 .9266123    6.04E-06  7.03E-02  7.01E-06  8.17E-02  9.60E-03  1.20E-02   0.8610
10793.00 .9265264    5.61E-06  6.54E-02  6.99E-06  8.14E-02  9.61E-03  1.20E-02   0.8035
10794.00 .9264406    4.88E-06  5.69E-02  6.99E-06  8.15E-02  9.61E-03  1.20E-02   0.6986
10795.00 .9263548    5.07E-06  5.90E-02  6.90E-06  8.05E-02  9.62E-03  1.21E-02   0.7339
10796.00 .9262690    4.31E-06  5.02E-02  6.81E-06  7.93E-02  9.62E-03  1.21E-02   0.6325
10797.00 .9261832    5.11E-06  5.96E-02  6.79E-06  7.92E-02  9.63E-03  1.21E-02   0.7532
10798.00 .9260975    5.87E-06  6.84E-02  6.77E-06  7.90E-02  9.63E-03  1.21E-02   0.8663
10799.00 .9260117    5.87E-06  6.84E-02  6.53E-06  7.62E-02  9.64E-03  1.21E-02   0.8976
10800.00 .9259259    5.53E-06  6.46E-02  6.60E-06  7.70E-02  9.64E-03  1.21E-02   0.8383
10801.00 .9258402    6.03E-06  7.04E-02  6.73E-06  7.85E-02  9.65E-03  1.21E-02   0.8967
10802.00 .9257545    5.58E-06  6.51E-02  6.69E-06  7.81E-02  9.65E-03  1.21E-02   0.8335
10803.00 .9256688    5.10E-06  5.95E-02  6.71E-06  7.83E-02  9.66E-03  1.21E-02   0.7596
10804.00 .9255831    5.86E-06  6.84E-02  6.99E-06  8.15E-02  9.67E-03  1.21E-02   0.8387
10805.00 .9254975    6.03E-06  7.04E-02  7.07E-06  8.25E-02  9.67E-03  1.21E-02   0.8540
10806.00 .9254118    5.87E-06  6.86E-02  7.09E-06  8.27E-02  9.68E-03  1.21E-02   0.8290
10807.00 .9253262    4.82E-06  5.63E-02  7.10E-06  8.29E-02  9.68E-03  1.21E-02   0.6796
10808.00 .9252406    5.60E-06  6.54E-02  7.11E-06  8.31E-02  9.69E-03  1.21E-02   0.7876
10809.00 .9251550    5.97E-06  6.97E-02  7.07E-06  8.26E-02  9.69E-03  1.22E-02   0.8447
10810.00 .9250694    6.24E-06  7.29E-02  6.94E-06  8.11E-02  9.70E-03  1.22E-02   0.8991
10811.00 .9249838    6.12E-06  7.15E-02  6.90E-06  8.06E-02  9.71E-03  1.22E-02   0.8868
10812.00 .9248983    4.06E-06  4.74E-02  6.92E-06  8.09E-02  9.71E-03  1.22E-02   0.5864
10813.00 .9248127    5.72E-06  6.69E-02  6.90E-06  8.07E-02  9.72E-03  1.22E-02   0.8294
10814.00 .9247272    3.97E-06  4.64E-02  6.93E-06  8.10E-02  9.72E-03  1.22E-02   0.5729
10815.00 .9246417    5.97E-06  6.99E-02  7.01E-06  8.20E-02  9.73E-03  1.22E-02   0.8523
10816.00 .9245562    4.94E-06  5.78E-02  7.02E-06  8.21E-02  9.73E-03  1.22E-02   0.7037
10817.00 .9244707    6.08E-06  7.12E-02  7.04E-06  8.24E-02  9.74E-03  1.22E-02   0.8644
10818.00 .9243853    6.32E-06  7.39E-02  7.04E-06  8.24E-02  9.74E-03  1.22E-02   0.8972
10819.00 .9242998    5.43E-06  6.35E-02  7.02E-06  8.22E-02  9.75E-03  1.22E-02   0.7727
10820.00 .9242144    5.83E-06  6.82E-02  6.92E-06  8.11E-02  9.75E-03  1.22E-02   0.8415
10821.00 .9241290    4.73E-06  5.53E-02  6.87E-06  8.05E-02  9.76E-03  1.22E-02   0.6873
10822.00 .9240436    4.63E-06  5.43E-02  6.84E-06  8.01E-02  9.76E-03  1.22E-02   0.6777
10823.00 .9239582    5.62E-06  6.58E-02  6.84E-06  8.01E-02  9.77E-03  1.22E-02   0.8217
10824.00 .9238729    5.98E-06  7.00E-02  6.85E-06  8.02E-02  9.78E-03  1.23E-02   0.8727
10825.00 .9237875    5.17E-06  6.06E-02  6.96E-06  8.15E-02  9.78E-03  1.23E-02   0.7430
10826.00 .9237022    4.89E-06  5.73E-02  6.97E-06  8.17E-02  9.79E-03  1.23E-02   0.7016
10827.00 .9236169    6.20E-06  7.27E-02  6.93E-06  8.13E-02  9.79E-03  1.23E-02   0.8947
10828.00 .9235316    5.09E-06  5.97E-02  6.86E-06  8.05E-02  9.80E-03  1.23E-02   0.7420
10829.00 .9234463    6.03E-06  7.07E-02  6.75E-06  7.91E-02  9.80E-03  1.23E-02   0.8932

                      IRRADIANCE (WATTS/CM2-XXXX)

   FREQ  WAVELENGTH      TRANSMITTED           SOLAR           INTEGRATED         TOTAL
  (CM-1) (MICRON)     (CM-1)    (MICRN)   (CM-1)    (MICRN)   TRANS.    SOLAR     TRANS
10830.00 .9233611    5.43E-06  6.37E-02  6.60E-06  7.74E-02  9.81E-03  1.23E-02   0.8234
10831.00 .9232758    5.04E-06  5.91E-02  6.44E-06  7.56E-02  9.81E-03  1.23E-02   0.7822
10832.00 .9231905    4.93E-06  5.78E-02  6.35E-06  7.45E-02  9.82E-03  1.23E-02   0.7757
10833.00 .9231053    5.03E-06  5.91E-02  6.37E-06  7.48E-02  9.82E-03  1.23E-02   0.7902
10834.00 .9230201    5.75E-06  6.75E-02  6.45E-06  7.57E-02  9.83E-03  1.23E-02   0.8921
10835.00 .9229349    5.89E-06  6.92E-02  6.53E-06  7.67E-02  9.84E-03  1.23E-02   0.9021
10836.00 .9228498    5.96E-06  6.99E-02  6.66E-06  7.82E-02  9.84E-03  1.23E-02   0.8947
10837.00 .9227646    4.15E-06  4.87E-02  6.80E-06  7.99E-02  9.85E-03  1.23E-02   0.6096
10838.00 .9226795    6.06E-06  7.12E-02  6.87E-06  8.07E-02  9.85E-03  1.23E-02   0.8828
10839.00 .9225943    6.24E-06  7.33E-02  6.92E-06  8.14E-02  9.86E-03  1.24E-02   0.9007
10840.00 .9225093    6.19E-06  7.28E-02  7.02E-06  8.25E-02  9.86E-03  1.24E-02   0.8828
10841.00 .9224241    5.43E-06  6.39E-02  7.09E-06  8.34E-02  9.87E-03  1.24E-02   0.7660
10842.00 .9223390    6.38E-06  7.50E-02  7.10E-06  8.34E-02  9.88E-03  1.24E-02   0.8990
10843.00 .9222540    6.10E-06  7.17E-02  6.99E-06  8.22E-02  9.88E-03  1.24E-02   0.8719
10844.00 .9221690    6.13E-06  7.20E-02  6.88E-06  8.09E-02  9.89E-03  1.24E-02   0.8904
10845.00 .9220839    6.13E-06  7.21E-02  6.87E-06  8.08E-02  9.89E-03  1.24E-02   0.8927
10846.00 .9219989    3.60E-06  4.24E-02  6.89E-06  8.11E-02  9.90E-03  1.24E-02   0.5223
10847.00 .9219139    5.47E-06  6.43E-02  6.87E-06  8.09E-02  9.90E-03  1.24E-02   0.7953
10848.00 .9218289    5.68E-06  6.69E-02  6.93E-06  8.16E-02  9.91E-03  1.24E-02   0.8193
10849.00 .9217439    4.12E-06  4.85E-02  6.89E-06  8.11E-02  9.91E-03  1.24E-02   0.5976
10850.00 .9216590    5.57E-06  6.56E-02  6.82E-06  8.03E-02  9.92E-03  1.24E-02   0.8172
10851.00 .9215741    5.11E-06  6.02E-02  6.77E-06  7.97E-02  9.92E-03  1.24E-02   0.7552
10852.00 .9214891    5.85E-06  6.89E-02  6.74E-06  7.94E-02  9.93E-03  1.24E-02   0.8673
10853.00 .9214042    5.98E-06  7.05E-02  6.66E-06  7.84E-02  9.94E-03  1.25E-02   0.8986
10854.00 .9213193    5.93E-06  6.99E-02  6.79E-06  8.00E-02  9.94E-03  1.25E-02   0.8739
10855.00 .9212344    6.02E-06  7.09E-02  6.82E-06  8.04E-02  9.95E-03  1.25E-02   0.8822
10856.00 .9211496    5.37E-06  6.33E-02  6.85E-06  8.07E-02  9.95E-03  1.25E-02   0.7841
10857.00 .9210647    5.05E-06  5.95E-02  6.91E-06  8.14E-02  9.96E-03  1.25E-02   0.7312
10858.00 .9209799    6.10E-06  7.19E-02  7.03E-06  8.29E-02  9.96E-03  1.25E-02   0.8666
10859.00 .9208951    5.53E-06  6.52E-02  7.03E-06  8.29E-02  9.97E-03  1.25E-02   0.7859
10860.00 .9208103    5.11E-06  6.02E-02  7.08E-06  8.35E-02  9.97E-03  1.25E-02   0.7209
10861.00 .9207255    6.09E-06  7.18E-02  7.04E-06  8.30E-02  9.98E-03  1.25E-02   0.8645
10862.00 .9206408    6.26E-06  7.39E-02  7.02E-06  8.29E-02  9.99E-03  1.25E-02   0.8917
10863.00 .9205560    6.36E-06  7.50E-02  7.03E-06  8.30E-02  9.99E-03  1.25E-02   0.9038
10864.00 .9204713    6.36E-06  7.51E-02  7.05E-06  8.32E-02  1.00E-02  1.25E-02   0.9033
10865.00 .9203866    6.25E-06  7.38E-02  6.98E-06  8.24E-02  1.00E-02  1.25E-02   0.8963
10866.00 .9203019    6.19E-06  7.31E-02  7.01E-06  8.28E-02  1.00E-02  1.25E-02   0.8835
10867.00 .9202172    6.25E-06  7.38E-02  7.03E-06  8.30E-02  1.00E-02  1.26E-02   0.8888
10868.00 .9201325    5.76E-06  6.80E-02  7.02E-06  8.29E-02  1.00E-02  1.26E-02   0.8202
10869.00 .9200478    6.28E-06  7.42E-02  7.04E-06  8.32E-02  1.00E-02  1.26E-02   0.8919
10870.00 .9199632    6.26E-06  7.39E-02  7.11E-06  8.41E-02  1.00E-02  1.26E-02   0.8794
10871.00 .9198786    4.81E-06  5.69E-02  7.16E-06  8.46E-02  1.00E-02  1.26E-02   0.6723
10872.00 .9197940    1.74E-06  2.05E-02  7.14E-06  8.44E-02  1.00E-02  1.26E-02   0.2433
10873.00 .9197094    6.18E-06  7.30E-02  7.13E-06  8.43E-02  1.00E-02  1.26E-02   0.8665
10874.00 .9196248    6.35E-06  7.51E-02  7.12E-06  8.42E-02  1.01E-02  1.26E-02   0.8920
10875.00 .9195402    4.93E-06  5.83E-02  7.13E-06  8.43E-02  1.01E-02  1.26E-02   0.6917
10876.00 .9194557    6.04E-06  7.15E-02  7.12E-06  8.42E-02  1.01E-02  1.26E-02   0.8490
10877.00 .9193711    5.90E-06  6.98E-02  7.12E-06  8.42E-02  1.01E-02  1.26E-02   0.8287
10878.00 .9192866    5.56E-06  6.58E-02  7.12E-06  8.43E-02  1.01E-02  1.26E-02   0.7810
10879.00 .9192021    6.39E-06  7.56E-02  7.13E-06  8.44E-02  1.01E-02  1.26E-02   0.8958

                      IRRADIANCE (WATTS/CM2-XXXX)

   FREQ  WAVELENGTH      TRANSMITTED           SOLAR           INTEGRATED         TOTAL
  (CM-1) (MICRON)     (CM-1)    (MICRN)   (CM-1)    (MICRN)   TRANS.    SOLAR     TRANS
10880.00 .9191176    6.37E-06  7.54E-02  7.12E-06  8.42E-02  1.01E-02  1.26E-02   0.8951
10881.00 .9190332    6.21E-06  7.35E-02  7.13E-06  8.44E-02  1.01E-02  1.27E-02   0.8711
10882.00 .9189487    6.14E-06  7.27E-02  7.14E-06  8.46E-02  1.01E-02  1.27E-02   0.8589
10883.00 .9188643    6.01E-06  7.11E-02  7.17E-06  8.49E-02  1.01E-02  1.27E-02   0.8381
10884.00 .9187799    4.29E-06  5.08E-02  7.15E-06  8.48E-02  1.01E-02  1.27E-02   0.5998
10885.00 .9186954    3.33E-06  3.95E-02  7.15E-06  8.47E-02  1.01E-02  1.27E-02   0.4663
10886.00 .9186110    5.31E-06  6.30E-02  7.12E-06  8.44E-02  1.01E-02  1.27E-02   0.7465
10887.00 .9185267    6.29E-06  7.46E-02  7.12E-06  8.44E-02  1.01E-02  1.27E-02   0.8835
10888.00 .9184423    5.91E-06  7.01E-02  7.13E-06  8.45E-02  1.01E-02  1.27E-02   0.8295
10889.00 .9183580    4.97E-06  5.90E-02  7.11E-06  8.43E-02  1.01E-02  1.27E-02   0.6995
10890.00 .9182736    6.21E-06  7.36E-02  7.09E-06  8.40E-02  1.01E-02  1.27E-02   0.8764
10891.00 .9181893    6.03E-06  7.15E-02  7.11E-06  8.43E-02  1.02E-02  1.27E-02   0.8473
10892.00 .9181050    4.90E-06  5.81E-02  7.10E-06  8.42E-02  1.02E-02  1.27E-02   0.6897
10893.00 .9180207    6.05E-06  7.18E-02  7.08E-06  8.40E-02  1.02E-02  1.27E-02   0.8547
10894.00 .9179365    3.16E-06  3.75E-02  7.12E-06  8.45E-02  1.02E-02  1.27E-02   0.4437
10895.00 .9178522    5.66E-06  6.71E-02  7.11E-06  8.44E-02  1.02E-02  1.28E-02   0.7957
10896.00 .9177680    3.09E-06  3.67E-02  6.97E-06  8.27E-02  1.02E-02  1.28E-02   0.4437
10897.00 .9176838    2.08E-06  2.47E-02  6.94E-06  8.24E-02  1.02E-02  1.28E-02   0.3000
10898.00 .9175996    5.00E-06  5.94E-02  6.93E-06  8.23E-02  1.02E-02  1.28E-02   0.7222
10899.00 .9175154    3.57E-06  4.24E-02  6.91E-06  8.21E-02  1.02E-02  1.28E-02   0.5166
10900.00 .9174312    5.37E-06  6.37E-02  6.93E-06  8.24E-02  1.02E-02  1.28E-02   0.7738
10901.00 .9173470    5.67E-06  6.73E-02  7.05E-06  8.38E-02  1.02E-02  1.28E-02   0.8034
10902.00 .9172629    6.22E-06  7.40E-02  7.06E-06  8.39E-02  1.02E-02  1.28E-02   0.8818
10903.00 .9171788    5.13E-06  6.09E-02  7.08E-06  8.41E-02  1.02E-02  1.28E-02   0.7244
10904.00 .9170946    5.16E-06  6.13E-02  7.09E-06  8.43E-02  1.02E-02  1.28E-02   0.7270
10905.00 .9170105    4.08E-06  4.85E-02  7.12E-06  8.47E-02  1.02E-02  1.28E-02   0.5725
10906.00 .9169264    6.22E-06  7.40E-02  7.13E-06  8.48E-02  1.02E-02  1.28E-02   0.8730
10907.00 .9168424    6.31E-06  7.51E-02  7.06E-06  8.40E-02  1.02E-02  1.28E-02   0.8939
10908.00 .9167584    6.28E-06  7.47E-02  7.06E-06  8.40E-02  1.02E-02  1.28E-02   0.8892
10909.00 .9166743    4.90E-06  5.83E-02  7.04E-06  8.38E-02  1.02E-02  1.28E-02   0.6955
10910.00 .9165903    6.14E-06  7.31E-02  7.05E-06  8.39E-02  1.02E-02  1.29E-02   0.8720
10911.00 .9165063    5.39E-06  6.42E-02  7.07E-06  8.42E-02  1.03E-02  1.29E-02   0.7623
10912.00 .9164223    6.31E-06  7.51E-02  7.16E-06  8.53E-02  1.03E-02  1.29E-02   0.8804
10913.00 .9163383    4.50E-06  5.36E-02  7.18E-06  8.55E-02  1.03E-02  1.29E-02   0.6271
10914.00 .9162543    4.34E-06  5.17E-02  7.20E-06  8.58E-02  1.03E-02  1.29E-02   0.6025
10915.00 .9161704    6.27E-06  7.47E-02  7.19E-06  8.56E-02  1.03E-02  1.29E-02   0.8721
10916.00 .9160865    6.18E-06  7.36E-02  7.17E-06  8.55E-02  1.03E-02  1.29E-02   0.8611
10917.00 .9160026    6.22E-06  7.41E-02  7.16E-06  8.54E-02  1.03E-02  1.29E-02   0.8684
10918.00 .9159186    4.53E-06  5.40E-02  7.16E-06  8.53E-02  1.03E-02  1.29E-02   0.6335
10919.00 .9158348    1.34E-06  1.60E-02  7.12E-06  8.49E-02  1.03E-02  1.29E-02   0.1884
10920.00 .9157509    4.56E-06  5.44E-02  7.13E-06  8.50E-02  1.03E-02  1.29E-02   0.6394
10921.00 .9156671    5.88E-06  7.01E-02  7.15E-06  8.53E-02  1.03E-02  1.29E-02   0.8224
10922.00 .9155833    3.28E-06  3.91E-02  7.16E-06  8.54E-02  1.03E-02  1.29E-02   0.4583
10923.00 .9154994    2.60E-06  3.11E-02  7.17E-06  8.55E-02  1.03E-02  1.29E-02   0.3630
10924.00 .9154156    4.38E-06  5.22E-02  7.20E-06  8.60E-02  1.03E-02  1.30E-02   0.6074
10925.00 .9153318    5.21E-06  6.22E-02  7.19E-06  8.58E-02  1.03E-02  1.30E-02   0.7255
10926.00 .9152480    4.46E-06  5.33E-02  7.11E-06  8.49E-02  1.03E-02  1.30E-02   0.6277
10927.00 .9151643    6.02E-06  7.19E-02  7.05E-06  8.41E-02  1.03E-02  1.30E-02   0.8551
10928.00 .9150805    5.61E-06  6.69E-02  6.98E-06  8.34E-02  1.03E-02  1.30E-02   0.8028
10929.00 .9149968    6.03E-06  7.20E-02  6.90E-06  8.24E-02  1.03E-02  1.30E-02   0.8738

                      IRRADIANCE (WATTS/CM2-XXXX)

   FREQ  WAVELENGTH      TRANSMITTED           SOLAR           INTEGRATED         TOTAL
  (CM-1) (MICRON)     (CM-1)    (MICRN)   (CM-1)    (MICRN)   TRANS.    SOLAR     TRANS
10930.00 .9149131    5.95E-06  7.11E-02  6.90E-06  8.25E-02  1.03E-02  1.30E-02   0.8624
10931.00 .9148294    5.63E-06  6.73E-02  6.97E-06  8.33E-02  1.04E-02  1.30E-02   0.8079
10932.00 .9147457    5.75E-06  6.87E-02  7.05E-06  8.42E-02  1.04E-02  1.30E-02   0.8154
10933.00 .9146620    5.00E-06  5.97E-02  7.10E-06  8.48E-02  1.04E-02  1.30E-02   0.7041
10934.00 .9145784    5.49E-06  6.56E-02  7.15E-06  8.55E-02  1.04E-02  1.30E-02   0.7673
10935.00 .9144948    5.79E-06  6.92E-02  7.14E-06  8.54E-02  1.04E-02  1.30E-02   0.8109
10936.00 .9144111    6.23E-06  7.45E-02  7.12E-06  8.52E-02  1.04E-02  1.30E-02   0.8750
10937.00 .9143275    5.05E-06  6.04E-02  7.13E-06  8.52E-02  1.04E-02  1.30E-02   0.7088
10938.00 .9142439    5.96E-06  7.13E-02  7.15E-06  8.55E-02  1.04E-02  1.31E-02   0.8335
10939.00 .9141604    6.32E-06  7.57E-02  7.17E-06  8.57E-02  1.04E-02  1.31E-02   0.8825
10940.00 .9140768    6.23E-06  7.46E-02  7.17E-06  8.58E-02  1.04E-02  1.31E-02   0.8690
10941.00 .9139932    4.61E-06  5.52E-02  7.20E-06  8.62E-02  1.04E-02  1.31E-02   0.6405
10942.00 .9139097    1.84E-06  2.20E-02  7.20E-06  8.62E-02  1.04E-02  1.31E-02   0.2555
10943.00 .9138262    3.41E-06  4.09E-02  7.20E-06  8.62E-02  1.04E-02  1.31E-02   0.4744
10944.00 .9137427    4.01E-06  4.80E-02  7.20E-06  8.62E-02  1.04E-02  1.31E-02   0.5571
10945.00 .9136592    4.55E-06  5.45E-02  7.23E-06  8.66E-02  1.04E-02  1.31E-02   0.6293
10946.00 .9135757    6.27E-06  7.51E-02  7.23E-06  8.67E-02  1.04E-02  1.31E-02   0.8667
10947.00 .9134923    4.69E-06  5.62E-02  7.23E-06  8.66E-02  1.04E-02  1.31E-02   0.6483
10948.00 .9134088    5.76E-06  6.91E-02  7.21E-06  8.64E-02  1.04E-02  1.31E-02   0.7992
10949.00 .9133254    2.56E-06  3.07E-02  7.21E-06  8.64E-02  1.04E-02  1.31E-02   0.3551
10950.00 .9132420    3.28E-06  3.93E-02  7.21E-06  8.65E-02  1.04E-02  1.31E-02   0.4544
10951.00 .9131586    5.52E-06  6.61E-02  7.21E-06  8.65E-02  1.04E-02  1.31E-02   0.7648
10952.00 .9130752    4.11E-06  4.93E-02  7.20E-06  8.64E-02  1.05E-02  1.32E-02   0.5711
10953.00 .9129919    5.17E-06  6.21E-02  7.22E-06  8.67E-02  1.05E-02  1.32E-02   0.7160
10954.00 .9129086    6.16E-06  7.40E-02  7.23E-06  8.67E-02  1.05E-02  1.32E-02   0.8528
10955.00 .9128252    6.38E-06  7.65E-02  7.23E-06  8.67E-02  1.05E-02  1.32E-02   0.8824
10956.00 .9127419    5.53E-06  6.64E-02  7.22E-06  8.66E-02  1.05E-02  1.32E-02   0.7661
10957.00 .9126586    4.98E-06  5.97E-02  7.23E-06  8.67E-02  1.05E-02  1.32E-02   0.6887
10958.00 .9125753    6.42E-06  7.71E-02  7.22E-06  8.67E-02  1.05E-02  1.32E-02   0.8886
10959.00 .9124920    6.46E-06  7.75E-02  7.23E-06  8.68E-02  1.05E-02  1.32E-02   0.8933
10960.00 .9124088    6.40E-06  7.69E-02  7.19E-06  8.64E-02  1.05E-02  1.32E-02   0.8902
10961.00 .9123255    5.96E-06  7.16E-02  7.02E-06  8.43E-02  1.05E-02  1.32E-02   0.8492
10962.00 .9122423    5.77E-06  6.94E-02  6.96E-06  8.37E-02  1.05E-02  1.32E-02   0.8288
10963.00 .9121591    2.36E-06  2.84E-02  6.81E-06  8.18E-02  1.05E-02  1.32E-02   0.3470
10964.00 .9120759    2.85E-06  3.43E-02  6.75E-06  8.11E-02  1.05E-02  1.32E-02   0.4229
10965.00 .9119927    4.44E-06  5.34E-02  6.77E-06  8.14E-02  1.05E-02  1.32E-02   0.6565
10966.00 .9119095    5.17E-06  6.22E-02  6.95E-06  8.35E-02  1.05E-02  1.33E-02   0.7448
10967.00 .9118264    5.09E-06  6.12E-02  7.00E-06  8.42E-02  1.05E-02  1.33E-02   0.7271
10968.00 .9117432    6.27E-06  7.55E-02  7.14E-06  8.59E-02  1.05E-02  1.33E-02   0.8791
10969.00 .9116601    6.13E-06  7.38E-02  7.06E-06  8.50E-02  1.05E-02  1.33E-02   0.8683
10970.00 .9115770    5.71E-06  6.87E-02  6.90E-06  8.31E-02  1.06E-02  1.33E-02   0.8265
10971.00 .9114940    6.11E-06  7.36E-02  6.88E-06  8.28E-02  1.06E-02  1.33E-02   0.8885
10972.00 .9114109    6.06E-06  7.30E-02  6.88E-06  8.28E-02  1.06E-02  1.33E-02   0.8809
10973.00 .9113278    5.86E-06  7.06E-02  6.87E-06  8.28E-02  1.06E-02  1.33E-02   0.8523
10974.00 .9112448    6.17E-06  7.43E-02  6.96E-06  8.39E-02  1.06E-02  1.33E-02   0.8865
10975.00 .9111617    6.15E-06  7.41E-02  7.13E-06  8.58E-02  1.06E-02  1.33E-02   0.8637
10976.00 .9110787    3.42E-06  4.13E-02  7.12E-06  8.57E-02  1.06E-02  1.33E-02   0.4813
10977.00 .9109957    3.48E-06  4.19E-02  7.06E-06  8.51E-02  1.06E-02  1.33E-02   0.4928
10978.00 .9109128    4.28E-06  5.16E-02  7.08E-06  8.54E-02  1.06E-02  1.33E-02   0.6041
10979.00 .9108298    4.41E-06  5.32E-02  7.12E-06  8.58E-02  1.06E-02  1.33E-02   0.6201

                      IRRADIANCE (WATTS/CM2-XXXX)

   FREQ  WAVELENGTH      TRANSMITTED           SOLAR           INTEGRATED         TOTAL
  (CM-1) (MICRON)     (CM-1)    (MICRN)   (CM-1)    (MICRN)   TRANS.    SOLAR     TRANS
10980.00 .9107468    4.77E-06  5.75E-02  7.09E-06  8.54E-02  1.06E-02  1.34E-02   0.6731
10981.00 .9106639    6.25E-06  7.54E-02  7.12E-06  8.58E-02  1.06E-02  1.34E-02   0.8782
10982.00 .9105809    6.30E-06  7.60E-02  7.17E-06  8.64E-02  1.06E-02  1.34E-02   0.8792
10983.00 .9104980    6.32E-06  7.62E-02  7.12E-06  8.59E-02  1.06E-02  1.34E-02   0.8875
10984.00 .9104152    5.94E-06  7.16E-02  7.10E-06  8.57E-02  1.06E-02  1.34E-02   0.8359
10985.00 .9103323    4.13E-06  4.99E-02  7.08E-06  8.54E-02  1.06E-02  1.34E-02   0.5843
10986.00 .9102494    2.13E-06  2.57E-02  7.03E-06  8.48E-02  1.06E-02  1.34E-02   0.3024
10987.00 .9101666    5.10E-06  6.16E-02  7.03E-06  8.48E-02  1.06E-02  1.34E-02   0.7260
10988.00 .9100837    4.45E-06  5.38E-02  7.07E-06  8.54E-02  1.06E-02  1.34E-02   0.6297
10989.00 .9100009    6.07E-06  7.33E-02  7.05E-06  8.51E-02  1.06E-02  1.34E-02   0.8612
10990.00 .9099181    6.08E-06  7.34E-02  6.89E-06  8.32E-02  1.07E-02  1.34E-02   0.8824
10991.00 .9098353    5.91E-06  7.13E-02  6.88E-06  8.31E-02  1.07E-02  1.34E-02   0.8586
10992.00 .9097525    4.20E-06  5.08E-02  6.88E-06  8.31E-02  1.07E-02  1.34E-02   0.6112
10993.00 .9096698    4.70E-06  5.68E-02  6.88E-06  8.31E-02  1.07E-02  1.34E-02   0.6830
10994.00 .9095870    5.01E-06  6.05E-02  6.92E-06  8.36E-02  1.07E-02  1.35E-02   0.7240
10995.00 .9095043    4.07E-06  4.92E-02  7.12E-06  8.61E-02  1.07E-02  1.35E-02   0.5716
10996.00 .9094216    6.18E-06  7.47E-02  7.15E-06  8.65E-02  1.07E-02  1.35E-02   0.8639
10997.00 .9093389    6.00E-06  7.26E-02  6.93E-06  8.38E-02  1.07E-02  1.35E-02   0.8663
10998.00 .9092562    3.63E-06  4.40E-02  6.57E-06  7.94E-02  1.07E-02  1.35E-02   0.5534
10999.00 .9091735    5.56E-06  6.73E-02  6.50E-06  7.86E-02  1.07E-02  1.35E-02   0.8558
11000.00 .9090909    5.63E-06  6.81E-02  6.49E-06  7.85E-02  1.07E-02  1.35E-02   0.8674
11001.00 .9090083    4.50E-06  5.44E-02  6.52E-06  7.88E-02  1.07E-02  1.35E-02   0.6902
11002.00 .9089257    1.36E-06  1.65E-02  6.74E-06  8.16E-02  1.07E-02  1.35E-02   0.2017
11003.00 .9088430    5.61E-06  6.79E-02  7.10E-06  8.60E-02  1.07E-02  1.35E-02   0.7902
11004.00 .9087604    5.67E-06  6.87E-02  7.18E-06  8.69E-02  1.07E-02  1.35E-02   0.7898
11005.00 .9086779    6.39E-06  7.74E-02  7.22E-06  8.75E-02  1.07E-02  1.35E-02   0.8847
11006.00 .9085953    6.30E-06  7.63E-02  7.23E-06  8.76E-02  1.07E-02  1.35E-02   0.8717
11007.00 .9085128    6.35E-06  7.69E-02  7.22E-06  8.75E-02  1.07E-02  1.35E-02   0.8789
11008.00 .9084302    5.31E-06  6.44E-02  7.14E-06  8.66E-02  1.07E-02  1.35E-02   0.7437
11009.00 .9083477    3.25E-06  3.93E-02  6.99E-06  8.47E-02  1.07E-02  1.36E-02   0.4642
11010.00 .9082652    3.24E-06  3.93E-02  6.82E-06  8.26E-02  1.08E-02  1.36E-02   0.4757
11011.00 .9081827    2.56E-06  3.10E-02  6.78E-06  8.22E-02  1.08E-02  1.36E-02   0.3779
11012.00 .9081002    5.68E-06  6.88E-02  6.79E-06  8.23E-02  1.08E-02  1.36E-02   0.8360
11013.00 .9080178    6.09E-06  7.39E-02  6.88E-06  8.34E-02  1.08E-02  1.36E-02   0.8861
11014.00 .9079354    6.24E-06  7.57E-02  7.02E-06  8.51E-02  1.08E-02  1.36E-02   0.8899
11015.00 .9078529    6.33E-06  7.68E-02  7.17E-06  8.69E-02  1.08E-02  1.36E-02   0.8831
11016.00 .9077705    6.22E-06  7.55E-02  7.15E-06  8.67E-02  1.08E-02  1.36E-02   0.8704
11017.00 .9076881    3.54E-06  4.30E-02  7.14E-06  8.66E-02  1.08E-02  1.36E-02   0.4962
11018.00 .9076057    5.91E-06  7.17E-02  7.14E-06  8.67E-02  1.08E-02  1.36E-02   0.8272
11019.00 .9075234    5.20E-06  6.31E-02  7.15E-06  8.68E-02  1.08E-02  1.36E-02   0.7268
11020.00 .9074410    2.13E-06  2.58E-02  7.14E-06  8.67E-02  1.08E-02  1.36E-02   0.2979
11021.00 .9073587    5.82E-06  7.07E-02  7.19E-06  8.73E-02  1.08E-02  1.36E-02   0.8091
11022.00 .9072763    6.04E-06  7.34E-02  7.20E-06  8.74E-02  1.08E-02  1.36E-02   0.8396
11023.00 .9071941    3.31E-06  4.02E-02  7.19E-06  8.74E-02  1.08E-02  1.37E-02   0.4602
11024.00 .9071118    4.87E-06  5.92E-02  7.19E-06  8.74E-02  1.08E-02  1.37E-02   0.6777
11025.00 .9070294    6.02E-06  7.31E-02  7.23E-06  8.78E-02  1.08E-02  1.37E-02   0.8327
11026.00 .9069472    6.40E-06  7.78E-02  7.23E-06  8.79E-02  1.08E-02  1.37E-02   0.8856
11027.00 .9068649    6.33E-06  7.70E-02  7.23E-06  8.79E-02  1.08E-02  1.37E-02   0.8758
11028.00 .9067827    6.15E-06  7.48E-02  7.22E-06  8.78E-02  1.08E-02  1.37E-02   0.8523
11029.00 .9067005    6.07E-06  7.38E-02  7.10E-06  8.64E-02  1.09E-02  1.37E-02   0.8543

                      IRRADIANCE (WATTS/CM2-XXXX)

   FREQ  WAVELENGTH      TRANSMITTED           SOLAR           INTEGRATED         TOTAL
  (CM-1) (MICRON)     (CM-1)    (MICRN)   (CM-1)    (MICRN)   TRANS.    SOLAR     TRANS
11030.00 .9066183    4.57E-06  5.55E-02  6.91E-06  8.41E-02  1.09E-02  1.37E-02   0.6605
11031.00 .9065361    4.07E-06  4.96E-02  6.72E-06  8.18E-02  1.09E-02  1.37E-02   0.6060
11032.00 .9064540    5.03E-06  6.12E-02  6.68E-06  8.13E-02  1.09E-02  1.37E-02   0.7528
11033.00 .9063718    5.65E-06  6.88E-02  6.69E-06  8.15E-02  1.09E-02  1.37E-02   0.8449
11034.00 .9062896    3.50E-06  4.26E-02  6.79E-06  8.27E-02  1.09E-02  1.37E-02   0.5152
11035.00 .9062075    6.10E-06  7.43E-02  6.97E-06  8.49E-02  1.09E-02  1.37E-02   0.8749
11036.00 .9061254    6.39E-06  7.79E-02  7.16E-06  8.73E-02  1.09E-02  1.37E-02   0.8926
11037.00 .9060433    6.30E-06  7.68E-02  7.20E-06  8.78E-02  1.09E-02  1.38E-02   0.8749
11038.00 .9059612    6.32E-06  7.70E-02  7.21E-06  8.78E-02  1.09E-02  1.38E-02   0.8762
11039.00 .9058791    6.46E-06  7.87E-02  7.23E-06  8.81E-02  1.09E-02  1.38E-02   0.8933
11040.00 .9057971    6.49E-06  7.92E-02  7.24E-06  8.83E-02  1.09E-02  1.38E-02   0.8965
11041.00 .9057150    6.32E-06  7.70E-02  7.24E-06  8.82E-02  1.09E-02  1.38E-02   0.8730
11042.00 .9056330    6.28E-06  7.66E-02  7.22E-06  8.80E-02  1.09E-02  1.38E-02   0.8698
11043.00 .9055510    3.41E-06  4.16E-02  7.18E-06  8.75E-02  1.09E-02  1.38E-02   0.4758
11044.00 .9054691    6.15E-06  7.50E-02  7.17E-06  8.74E-02  1.09E-02  1.38E-02   0.8580
11045.00 .9053870    5.62E-06  6.85E-02  7.16E-06  8.73E-02  1.09E-02  1.38E-02   0.7846
11046.00 .9053051    6.32E-06  7.71E-02  7.16E-06  8.73E-02  1.09E-02  1.38E-02   0.8824
11047.00 .9052231    6.42E-06  7.83E-02  7.16E-06  8.74E-02  1.10E-02  1.38E-02   0.8954
11048.00 .9051412    6.09E-06  7.43E-02  7.21E-06  8.80E-02  1.10E-02  1.38E-02   0.8444
11049.00 .9050593    6.32E-06  7.71E-02  7.22E-06  8.81E-02  1.10E-02  1.38E-02   0.8758
11050.00 .9049774    5.47E-06  6.68E-02  7.22E-06  8.82E-02  1.10E-02  1.38E-02   0.7580
11051.00 .9048955    6.47E-06  7.91E-02  7.23E-06  8.83E-02  1.10E-02  1.39E-02   0.8958
11052.00 .9048136    6.48E-06  7.91E-02  7.23E-06  8.83E-02  1.10E-02  1.39E-02   0.8959
11053.00 .9047318    6.48E-06  7.91E-02  7.23E-06  8.83E-02  1.10E-02  1.39E-02   0.8962
11054.00 .9046499    6.41E-06  7.83E-02  7.23E-06  8.84E-02  1.10E-02  1.39E-02   0.8859
11055.00 .9045681    4.94E-06  6.04E-02  7.23E-06  8.84E-02  1.10E-02  1.39E-02   0.6830
11056.00 .9044862    4.95E-06  6.05E-02  7.23E-06  8.84E-02  1.10E-02  1.39E-02   0.6844
11057.00 .9044045    6.32E-06  7.73E-02  7.23E-06  8.84E-02  1.10E-02  1.39E-02   0.8739
11058.00 .9043227    6.00E-06  7.34E-02  7.23E-06  8.84E-02  1.10E-02  1.39E-02   0.8302
11059.00 .9042409    5.48E-06  6.70E-02  7.22E-06  8.83E-02  1.10E-02  1.39E-02   0.7587
11060.00 .9041591    6.39E-06  7.82E-02  7.21E-06  8.82E-02  1.10E-02  1.39E-02   0.8862
11061.00 .9040774    6.45E-06  7.89E-02  7.20E-06  8.80E-02  1.10E-02  1.39E-02   0.8961
11062.00 .9039956    6.43E-06  7.87E-02  7.17E-06  8.78E-02  1.10E-02  1.39E-02   0.8970
11063.00 .9039140    6.44E-06  7.88E-02  7.17E-06  8.78E-02  1.11E-02  1.39E-02   0.8979
11064.00 .9038323    6.42E-06  7.86E-02  7.18E-06  8.79E-02  1.11E-02  1.39E-02   0.8943
11065.00 .9037505    5.82E-06  7.13E-02  7.18E-06  8.79E-02  1.11E-02  1.40E-02   0.8108
11066.00 .9036689    6.42E-06  7.86E-02  7.19E-06  8.81E-02  1.11E-02  1.40E-02   0.8927
11067.00 .9035872    6.42E-06  7.87E-02  7.20E-06  8.82E-02  1.11E-02  1.40E-02   0.8920
11068.00 .9035056    6.17E-06  7.56E-02  7.15E-06  8.75E-02  1.11E-02  1.40E-02   0.8641
11069.00 .9034240    4.42E-06  5.41E-02  7.12E-06  8.73E-02  1.11E-02  1.40E-02   0.6202
11070.00 .9033424    5.80E-06  7.11E-02  7.13E-06  8.73E-02  1.11E-02  1.40E-02   0.8140
11071.00 .9032608    6.08E-06  7.45E-02  7.12E-06  8.73E-02  1.11E-02  1.40E-02   0.8539
11072.00 .9031792    5.01E-06  6.14E-02  7.11E-06  8.71E-02  1.11E-02  1.40E-02   0.7044
11073.00 .9030976    6.23E-06  7.64E-02  7.15E-06  8.77E-02  1.11E-02  1.40E-02   0.8714
11074.00 .9030161    6.30E-06  7.73E-02  7.17E-06  8.79E-02  1.11E-02  1.40E-02   0.8790
11075.00 .9029346    5.96E-06  7.30E-02  7.15E-06  8.77E-02  1.11E-02  1.40E-02   0.8330
11076.00 .9028530    2.13E-06  2.61E-02  7.07E-06  8.67E-02  1.11E-02  1.40E-02   0.3010
11077.00 .9027715    4.83E-06  5.93E-02  7.07E-06  8.67E-02  1.11E-02  1.40E-02   0.6834
11078.00 .9026900    5.90E-06  7.24E-02  7.05E-06  8.65E-02  1.11E-02  1.40E-02   0.8373
11079.00 .9026085    5.82E-06  7.15E-02  6.93E-06  8.51E-02  1.11E-02  1.41E-02   0.8395

                      IRRADIANCE (WATTS/CM2-XXXX)

   FREQ  WAVELENGTH      TRANSMITTED           SOLAR           INTEGRATED         TOTAL
  (CM-1) (MICRON)     (CM-1)    (MICRN)   (CM-1)    (MICRN)   TRANS.    SOLAR     TRANS
11080.00 .9025271    2.47E-06  3.03E-02  6.89E-06  8.46E-02  1.11E-02  1.41E-02   0.3586
11081.00 .9024456    5.32E-06  6.54E-02  6.94E-06  8.53E-02  1.12E-02  1.41E-02   0.7666
11082.00 .9023642    5.99E-06  7.35E-02  6.89E-06  8.46E-02  1.12E-02  1.41E-02   0.8695
11083.00 .9022828    5.91E-06  7.26E-02  6.88E-06  8.45E-02  1.12E-02  1.41E-02   0.8596
11084.00 .9022014    6.08E-06  7.47E-02  6.93E-06  8.52E-02  1.12E-02  1.41E-02   0.8765
11085.00 .9021200    5.92E-06  7.27E-02  6.85E-06  8.42E-02  1.12E-02  1.41E-02   0.8642
11086.00 .9020386    4.88E-06  6.00E-02  6.79E-06  8.34E-02  1.12E-02  1.41E-02   0.7190
11087.00 .9019573    2.63E-06  3.24E-02  6.75E-06  8.30E-02  1.12E-02  1.41E-02   0.3902
11088.00 .9018759    2.89E-06  3.55E-02  6.65E-06  8.18E-02  1.12E-02  1.41E-02   0.4345
11089.00 .9017946    5.53E-06  6.80E-02  6.56E-06  8.07E-02  1.12E-02  1.41E-02   0.8426
11090.00 .9017133    5.76E-06  7.08E-02  6.59E-06  8.11E-02  1.12E-02  1.41E-02   0.8733
11091.00 .9016320    5.43E-06  6.68E-02  6.48E-06  7.97E-02  1.12E-02  1.41E-02   0.8390
11092.00 .9015507    5.61E-06  6.90E-02  6.52E-06  8.02E-02  1.12E-02  1.41E-02   0.8609
11093.00 .9014694    3.61E-06  4.44E-02  6.54E-06  8.04E-02  1.12E-02  1.41E-02   0.5522
11094.00 .9013881    4.30E-06  5.30E-02  6.55E-06  8.06E-02  1.12E-02  1.42E-02   0.6575
11095.00 .9013069    5.65E-06  6.95E-02  6.57E-06  8.09E-02  1.12E-02  1.42E-02   0.8587
11096.00 .9012257    5.82E-06  7.17E-02  6.66E-06  8.20E-02  1.12E-02  1.42E-02   0.8739
11097.00 .9011444    4.73E-06  5.83E-02  6.70E-06  8.25E-02  1.12E-02  1.42E-02   0.7061
11098.00 .9010633    5.31E-06  6.54E-02  6.79E-06  8.36E-02  1.12E-02  1.42E-02   0.7825
11099.00 .9009821    2.60E-06  3.21E-02  6.92E-06  8.52E-02  1.12E-02  1.42E-02   0.3763
11100.00 .9009009    5.18E-06  6.39E-02  6.99E-06  8.61E-02  1.12E-02  1.42E-02   0.7420
11101.00 .9008197    6.00E-06  7.39E-02  7.11E-06  8.76E-02  1.12E-02  1.42E-02   0.8444
11102.00 .9007386    6.15E-06  7.58E-02  7.14E-06  8.80E-02  1.13E-02  1.42E-02   0.8619
11103.00 .9006575    3.37E-06  4.15E-02  7.17E-06  8.84E-02  1.13E-02  1.42E-02   0.4692
11104.00 .9005764    4.14E-06  5.10E-02  7.18E-06  8.85E-02  1.13E-02  1.42E-02   0.5763
11105.00 .9004953    6.14E-06  7.57E-02  7.17E-06  8.84E-02  1.13E-02  1.42E-02   0.8562
11106.00 .9004142    5.99E-06  7.39E-02  7.06E-06  8.70E-02  1.13E-02  1.42E-02   0.8486
11107.00 .9003331    3.21E-06  3.96E-02  6.78E-06  8.36E-02  1.13E-02  1.42E-02   0.4737
11108.00 .9002520    2.19E-06  2.71E-02  6.73E-06  8.31E-02  1.13E-02  1.43E-02   0.3260
11109.00 .9001710    5.50E-06  6.79E-02  6.73E-06  8.30E-02  1.13E-02  1.43E-02   0.8176
11110.00 .9000900    5.88E-06  7.26E-02  6.72E-06  8.29E-02  1.13E-02  1.43E-02   0.8755
11111.00 .9000090    6.02E-06  7.43E-02  6.84E-06  8.44E-02  1.13E-02  1.43E-02   0.8808
11112.00 .8999280    6.27E-06  7.75E-02  7.11E-06  8.77E-02  1.13E-02  1.43E-02   0.8829
11113.00 .8998470    6.33E-06  7.82E-02  7.13E-06  8.81E-02  1.13E-02  1.43E-02   0.8876
11114.00 .8997661    6.22E-06  7.69E-02  7.14E-06  8.82E-02  1.13E-02  1.43E-02   0.8718
11115.00 .8996851    6.30E-06  7.78E-02  7.16E-06  8.85E-02  1.13E-02  1.43E-02   0.8792
11116.00 .8996042    6.00E-06  7.41E-02  7.15E-06  8.83E-02  1.13E-02  1.43E-02   0.8389
11117.00 .8995233    5.10E-06  6.31E-02  7.13E-06  8.81E-02  1.13E-02  1.43E-02   0.7159
11118.00 .8994424    1.63E-06  2.01E-02  7.14E-06  8.83E-02  1.13E-02  1.43E-02   0.2277
11119.00 .8993614    2.72E-06  3.36E-02  7.13E-06  8.82E-02  1.13E-02  1.43E-02   0.3815
11120.00 .8992805    4.95E-06  6.12E-02  7.14E-06  8.82E-02  1.13E-02  1.43E-02   0.6937
11121.00 .8991997    4.48E-06  5.55E-02  7.16E-06  8.86E-02  1.13E-02  1.43E-02   0.6262
11122.00 .8991188    4.27E-06  5.28E-02  7.19E-06  8.89E-02  1.14E-02  1.44E-02   0.5933
11123.00 .8990380    2.31E-06  2.86E-02  7.20E-06  8.90E-02  1.14E-02  1.44E-02   0.3215
11124.00 .8989572    3.05E-06  3.77E-02  7.20E-06  8.91E-02  1.14E-02  1.44E-02   0.4235
11125.00 .8988764    3.75E-06  4.64E-02  7.14E-06  8.83E-02  1.14E-02  1.44E-02   0.5253
11126.00 .8987956    6.14E-06  7.60E-02  7.12E-06  8.81E-02  1.14E-02  1.44E-02   0.8618
11127.00 .8987148    6.18E-06  7.65E-02  7.13E-06  8.83E-02  1.14E-02  1.44E-02   0.8664
11128.00 .8986341    6.31E-06  7.81E-02  7.14E-06  8.84E-02  1.14E-02  1.44E-02   0.8842
11129.00 .8985533    6.34E-06  7.86E-02  7.15E-06  8.86E-02  1.14E-02  1.44E-02   0.8869

                      IRRADIANCE (WATTS/CM2-XXXX)

   FREQ  WAVELENGTH      TRANSMITTED           SOLAR           INTEGRATED         TOTAL
  (CM-1) (MICRON)     (CM-1)    (MICRN)   (CM-1)    (MICRN)   TRANS.    SOLAR     TRANS
11130.00 .8984726    6.36E-06  7.88E-02  7.22E-06  8.95E-02  1.14E-02  1.44E-02   0.8806
11131.00 .8983919    5.57E-06  6.90E-02  7.24E-06  8.97E-02  1.14E-02  1.44E-02   0.7691
11132.00 .8983112    2.23E-06  2.76E-02  7.21E-06  8.94E-02  1.14E-02  1.44E-02   0.3091
11133.00 .8982305    5.72E-06  7.09E-02  7.18E-06  8.90E-02  1.14E-02  1.44E-02   0.7968
11134.00 .8981498    6.30E-06  7.81E-02  7.16E-06  8.88E-02  1.14E-02  1.44E-02   0.8804
11135.00 .8980691    6.32E-06  7.84E-02  7.11E-06  8.82E-02  1.14E-02  1.44E-02   0.8884
11136.00 .8979885    6.25E-06  7.75E-02  7.04E-06  8.73E-02  1.14E-02  1.45E-02   0.8884
11137.00 .8979079    5.22E-06  6.47E-02  6.99E-06  8.67E-02  1.14E-02  1.45E-02   0.7462
11138.00 .8978273    6.11E-06  7.58E-02  7.01E-06  8.70E-02  1.14E-02  1.45E-02   0.8709
11139.00 .8977467    4.26E-06  5.28E-02  7.04E-06  8.73E-02  1.14E-02  1.45E-02   0.6052
11140.00 .8976661    4.50E-06  5.58E-02  7.08E-06  8.79E-02  1.14E-02  1.45E-02   0.6353
11141.00 .8975855    6.14E-06  7.62E-02  7.16E-06  8.89E-02  1.15E-02  1.45E-02   0.8572
11142.00 .8975049    5.30E-06  6.58E-02  7.24E-06  8.98E-02  1.15E-02  1.45E-02   0.7320
11143.00 .8974244    3.52E-06  4.37E-02  7.24E-06  8.99E-02  1.15E-02  1.45E-02   0.4863
11144.00 .8973439    4.37E-06  5.43E-02  7.22E-06  8.97E-02  1.15E-02  1.45E-02   0.6049
11145.00 .8972633    6.28E-06  7.80E-02  7.18E-06  8.92E-02  1.15E-02  1.45E-02   0.8742
11146.00 .8971828    6.02E-06  7.48E-02  7.08E-06  8.80E-02  1.15E-02  1.45E-02   0.8498
11147.00 .8971024    6.18E-06  7.68E-02  6.97E-06  8.66E-02  1.15E-02  1.45E-02   0.8876
11148.00 .8970219    6.14E-06  7.63E-02  6.91E-06  8.59E-02  1.15E-02  1.45E-02   0.8886
11149.00 .8969414    5.79E-06  7.19E-02  6.90E-06  8.58E-02  1.15E-02  1.45E-02   0.8379
11150.00 .8968610    4.10E-06  5.09E-02  6.94E-06  8.63E-02  1.15E-02  1.45E-02   0.5904
11151.00 .8967806    3.52E-06  4.38E-02  7.04E-06  8.75E-02  1.15E-02  1.46E-02   0.5003
11152.00 .8967001    6.19E-06  7.70E-02  7.16E-06  8.90E-02  1.15E-02  1.46E-02   0.8648
11153.00 .8966197    4.59E-06  5.71E-02  7.22E-06  8.98E-02  1.15E-02  1.46E-02   0.6353
11154.00 .8965393    4.65E-06  5.79E-02  7.23E-06  9.00E-02  1.15E-02  1.46E-02   0.6436
11155.00 .8964590    4.34E-06  5.40E-02  7.23E-06  9.00E-02  1.15E-02  1.46E-02   0.6001
11156.00 .8963786    6.25E-06  7.78E-02  7.23E-06  9.00E-02  1.15E-02  1.46E-02   0.8645
11157.00 .8962983    6.33E-06  7.87E-02  7.23E-06  9.00E-02  1.15E-02  1.46E-02   0.8746
11158.00 .8962179    6.46E-06  8.05E-02  7.24E-06  9.01E-02  1.15E-02  1.46E-02   0.8932
11159.00 .8961377    6.30E-06  7.84E-02  7.25E-06  9.02E-02  1.15E-02  1.46E-02   0.8688
11160.00 .8960574    5.25E-06  6.54E-02  7.25E-06  9.03E-02  1.16E-02  1.46E-02   0.7242
11161.00 .8959771    6.30E-06  7.84E-02  7.26E-06  9.04E-02  1.16E-02  1.46E-02   0.8679
11162.00 .8958968    6.34E-06  7.90E-02  7.25E-06  9.03E-02  1.16E-02  1.46E-02   0.8747
11163.00 .8958166    6.27E-06  7.82E-02  7.24E-06  9.02E-02  1.16E-02  1.46E-02   0.8667
11164.00 .8957363    3.69E-06  4.60E-02  7.23E-06  9.02E-02  1.16E-02  1.47E-02   0.5096
11165.00 .8956560    5.08E-06  6.33E-02  7.24E-06  9.02E-02  1.16E-02  1.47E-02   0.7014
11166.00 .8955759    6.38E-06  7.96E-02  7.24E-06  9.02E-02  1.16E-02  1.47E-02   0.8821
11167.00 .8954957    5.46E-06  6.81E-02  7.23E-06  9.02E-02  1.16E-02  1.47E-02   0.7556
11168.00 .8954155    5.35E-06  6.68E-02  7.18E-06  8.96E-02  1.16E-02  1.47E-02   0.7453
11169.00 .8953353    5.99E-06  7.47E-02  7.12E-06  8.88E-02  1.16E-02  1.47E-02   0.8412
11170.00 .8952551    6.34E-06  7.91E-02  7.10E-06  8.85E-02  1.16E-02  1.47E-02   0.8936
11171.00 .8951750    5.93E-06  7.41E-02  7.07E-06  8.82E-02  1.16E-02  1.47E-02   0.8393
11172.00 .8950949    5.51E-06  6.87E-02  7.02E-06  8.77E-02  1.16E-02  1.47E-02   0.7843
11173.00 .8950148    6.23E-06  7.78E-02  6.97E-06  8.70E-02  1.16E-02  1.47E-02   0.8937
11174.00 .8949347    5.17E-06  6.46E-02  6.87E-06  8.58E-02  1.16E-02  1.47E-02   0.7522
11175.00 .8948546    5.21E-06  6.50E-02  6.86E-06  8.57E-02  1.16E-02  1.47E-02   0.7583
11176.00 .8947745    6.15E-06  7.68E-02  6.86E-06  8.56E-02  1.16E-02  1.47E-02   0.8963
11177.00 .8946944    5.85E-06  7.30E-02  6.74E-06  8.43E-02  1.17E-02  1.47E-02   0.8668
11178.00 .8946144    6.12E-06  7.64E-02  6.82E-06  8.53E-02  1.17E-02  1.47E-02   0.8961
11179.00 .8945344    6.18E-06  7.72E-02  6.98E-06  8.73E-02  1.17E-02  1.48E-02   0.8851

                      IRRADIANCE (WATTS/CM2-XXXX)

   FREQ  WAVELENGTH      TRANSMITTED           SOLAR           INTEGRATED         TOTAL
  (CM-1) (MICRON)     (CM-1)    (MICRN)   (CM-1)    (MICRN)   TRANS.    SOLAR     TRANS
11180.00 .8944544    5.44E-06  6.80E-02  7.00E-06  8.75E-02  1.17E-02  1.48E-02   0.7773
11181.00 .8943744    6.21E-06  7.76E-02  7.03E-06  8.79E-02  1.17E-02  1.48E-02   0.8827
11182.00 .8942944    5.37E-06  6.72E-02  7.20E-06  9.00E-02  1.17E-02  1.48E-02   0.7459
11183.00 .8942145    6.45E-06  8.06E-02  7.22E-06  9.03E-02  1.17E-02  1.48E-02   0.8924
11184.00 .8941345    6.50E-06  8.13E-02  7.23E-06  9.04E-02  1.17E-02  1.48E-02   0.8998
11185.00 .8940545    6.49E-06  8.12E-02  7.24E-06  9.05E-02  1.17E-02  1.48E-02   0.8968
11186.00 .8939746    6.50E-06  8.13E-02  7.24E-06  9.06E-02  1.17E-02  1.48E-02   0.8977
11187.00 .8938947    6.51E-06  8.15E-02  7.24E-06  9.06E-02  1.17E-02  1.48E-02   0.8998
11188.00 .8938148    6.31E-06  7.89E-02  7.23E-06  9.05E-02  1.17E-02  1.48E-02   0.8726
11189.00 .8937349    6.47E-06  8.11E-02  7.23E-06  9.05E-02  1.17E-02  1.48E-02   0.8958
11190.00 .8936551    5.35E-06  6.70E-02  7.22E-06  9.04E-02  1.17E-02  1.48E-02   0.7409
11191.00 .8935752    6.43E-06  8.05E-02  7.18E-06  9.00E-02  1.17E-02  1.48E-02   0.8946
11192.00 .8934954    6.31E-06  7.90E-02  7.16E-06  8.97E-02  1.17E-02  1.48E-02   0.8811
11193.00 .8934155    6.30E-06  7.90E-02  7.15E-06  8.96E-02  1.17E-02  1.49E-02   0.8812
11194.00 .8933357    6.21E-06  7.78E-02  7.05E-06  8.83E-02  1.18E-02  1.49E-02   0.8803
11195.00 .8932559    5.34E-06  6.69E-02  6.99E-06  8.77E-02  1.18E-02  1.49E-02   0.7634
11196.00 .8931761    5.25E-06  6.58E-02  6.92E-06  8.68E-02  1.18E-02  1.49E-02   0.7579
11197.00 .8930964    6.04E-06  7.57E-02  6.88E-06  8.63E-02  1.18E-02  1.49E-02   0.8771
11198.00 .8930166    6.19E-06  7.76E-02  6.89E-06  8.63E-02  1.18E-02  1.49E-02   0.8994
11199.00 .8929369    6.05E-06  7.59E-02  6.94E-06  8.70E-02  1.18E-02  1.49E-02   0.8726
11200.00 .8928571    6.23E-06  7.81E-02  6.92E-06  8.69E-02  1.18E-02  1.49E-02   0.8993
11201.00 .8927774    6.25E-06  7.84E-02  6.93E-06  8.70E-02  1.18E-02  1.49E-02   0.9011
11202.00 .8926978    6.25E-06  7.84E-02  6.96E-06  8.73E-02  1.18E-02  1.49E-02   0.8978
11203.00 .8926181    6.29E-06  7.89E-02  6.98E-06  8.76E-02  1.18E-02  1.49E-02   0.9014
11204.00 .8925384    6.31E-06  7.92E-02  7.03E-06  8.82E-02  1.18E-02  1.49E-02   0.8973
11205.00 .8924587    6.37E-06  8.00E-02  7.07E-06  8.88E-02  1.18E-02  1.49E-02   0.9012
11206.00 .8923791    6.32E-06  7.93E-02  7.05E-06  8.85E-02  1.18E-02  1.49E-02   0.8967
11207.00 .8922995    6.34E-06  7.97E-02  7.06E-06  8.86E-02  1.18E-02  1.50E-02   0.8988
11208.00 .8922198    6.09E-06  7.65E-02  7.06E-06  8.87E-02  1.18E-02  1.50E-02   0.8631
11209.00 .8921403    6.35E-06  7.98E-02  7.06E-06  8.87E-02  1.18E-02  1.50E-02   0.8998
11210.00 .8920606    6.35E-06  7.99E-02  7.09E-06  8.91E-02  1.19E-02  1.50E-02   0.8967
11211.00 .8919811    5.91E-06  7.43E-02  7.21E-06  9.06E-02  1.19E-02  1.50E-02   0.8194
11212.00 .8919016    6.51E-06  8.18E-02  7.24E-06  9.10E-02  1.19E-02  1.50E-02   0.8991
11213.00 .8918220    6.40E-06  8.04E-02  7.24E-06  9.10E-02  1.19E-02  1.50E-02   0.8837
11214.00 .8917425    6.52E-06  8.20E-02  7.23E-06  9.10E-02  1.19E-02  1.50E-02   0.9013
11215.00 .8916630    6.49E-06  8.16E-02  7.20E-06  9.05E-02  1.19E-02  1.50E-02   0.9016
11216.00 .8915834    6.38E-06  8.03E-02  7.08E-06  8.91E-02  1.19E-02  1.50E-02   0.9017
11217.00 .8915040    6.37E-06  8.02E-02  7.07E-06  8.89E-02  1.19E-02  1.50E-02   0.9017
11218.00 .8914245    6.36E-06  8.01E-02  7.06E-06  8.89E-02  1.19E-02  1.50E-02   0.9010
11219.00 .8913450    6.23E-06  7.84E-02  7.04E-06  8.86E-02  1.19E-02  1.50E-02   0.8850
11220.00 .8912656    6.37E-06  8.02E-02  7.07E-06  8.90E-02  1.19E-02  1.50E-02   0.9013
11221.00 .8911862    6.48E-06  8.15E-02  7.18E-06  9.04E-02  1.19E-02  1.51E-02   0.9016
11222.00 .8911068    6.49E-06  8.17E-02  7.20E-06  9.06E-02  1.19E-02  1.51E-02   0.9015
11223.00 .8910273    6.37E-06  8.03E-02  7.20E-06  9.07E-02  1.19E-02  1.51E-02   0.8851
11224.00 .8909480    6.41E-06  8.08E-02  7.23E-06  9.11E-02  1.19E-02  1.51E-02   0.8862
11225.00 .8908686    6.53E-06  8.22E-02  7.24E-06  9.12E-02  1.19E-02  1.51E-02   0.9015
11226.00 .8907892    6.53E-06  8.22E-02  7.24E-06  9.12E-02  1.20E-02  1.51E-02   0.9017
11227.00 .8907099    6.52E-06  8.22E-02  7.23E-06  9.12E-02  1.20E-02  1.51E-02   0.9017
11228.00 .8906305    6.52E-06  8.22E-02  7.23E-06  9.11E-02  1.20E-02  1.51E-02   0.9017
11229.00 .8905513    6.52E-06  8.22E-02  7.23E-06  9.12E-02  1.20E-02  1.51E-02   0.9017

                      IRRADIANCE (WATTS/CM2-XXXX)

   FREQ  WAVELENGTH      TRANSMITTED           SOLAR           INTEGRATED         TOTAL
  (CM-1) (MICRON)     (CM-1)    (MICRN)   (CM-1)    (MICRN)   TRANS.    SOLAR     TRANS
11230.00 .8904719    6.52E-06  8.22E-02  7.23E-06  9.12E-02  1.20E-02  1.51E-02   0.9016
11231.00 .8903927    6.51E-06  8.21E-02  7.23E-06  9.12E-02  1.20E-02  1.51E-02   0.9001
11232.00 .8903134    6.22E-06  7.85E-02  7.20E-06  9.08E-02  1.20E-02  1.51E-02   0.8650
11233.00 .8902341    6.48E-06  8.17E-02  7.19E-06  9.08E-02  1.20E-02  1.51E-02   0.9002
11234.00 .8901549    6.37E-06  8.04E-02  7.18E-06  9.06E-02  1.20E-02  1.51E-02   0.8876
11235.00 .8900757    6.46E-06  8.16E-02  7.17E-06  9.05E-02  1.20E-02  1.52E-02   0.9008
11236.00 .8899965    6.47E-06  8.16E-02  7.18E-06  9.06E-02  1.20E-02  1.52E-02   0.9008
11237.00 .8899173    6.28E-06  7.93E-02  7.22E-06  9.11E-02  1.20E-02  1.52E-02   0.8697
11238.00 .8898380    6.50E-06  8.20E-02  7.22E-06  9.12E-02  1.20E-02  1.52E-02   0.8999
11239.00 .8897589    6.49E-06  8.20E-02  7.21E-06  9.11E-02  1.20E-02  1.52E-02   0.9009
11240.00 .8896797    6.33E-06  8.00E-02  7.12E-06  8.99E-02  1.20E-02  1.52E-02   0.8894
11241.00 .8896006    6.36E-06  8.03E-02  7.10E-06  8.97E-02  1.21E-02  1.52E-02   0.8954
11242.00 .8895214    6.38E-06  8.06E-02  7.07E-06  8.94E-02  1.21E-02  1.52E-02   0.9015
11243.00 .8894423    6.34E-06  8.02E-02  7.03E-06  8.89E-02  1.21E-02  1.52E-02   0.9016
11244.00 .8893632    6.35E-06  8.03E-02  7.05E-06  8.91E-02  1.21E-02  1.52E-02   0.9016
11245.00 .8892841    6.43E-06  8.14E-02  7.14E-06  9.03E-02  1.21E-02  1.52E-02   0.9015
11246.00 .8892050    6.45E-06  8.16E-02  7.16E-06  9.05E-02  1.21E-02  1.52E-02   0.9013
11247.00 .8891260    6.46E-06  8.17E-02  7.18E-06  9.08E-02  1.21E-02  1.52E-02   0.9001
11248.00 .8890470    6.50E-06  8.22E-02  7.21E-06  9.13E-02  1.21E-02  1.52E-02   0.9005
11249.00 .8889679    6.50E-06  8.23E-02  7.21E-06  9.13E-02  1.21E-02  1.53E-02   0.9013
11250.00 .8888889    6.48E-06  8.20E-02  7.20E-06  9.12E-02  1.21E-02  1.53E-02   0.8997
11251.00 .8888099    6.46E-06  8.18E-02  7.17E-06  9.08E-02  1.21E-02  1.53E-02   0.9015
11252.00 .8887309    6.45E-06  8.16E-02  7.15E-06  9.05E-02  1.21E-02  1.53E-02   0.9014
11253.00 .8886519    6.43E-06  8.15E-02  7.14E-06  9.04E-02  1.21E-02  1.53E-02   0.9014
11254.00 .8885729    6.43E-06  8.14E-02  7.14E-06  9.04E-02  1.21E-02  1.53E-02   0.9012
11255.00 .8884940    6.34E-06  8.03E-02  7.14E-06  9.04E-02  1.21E-02  1.53E-02   0.8875
11256.00 .8884150    6.40E-06  8.11E-02  7.17E-06  9.08E-02  1.21E-02  1.53E-02   0.8931
11257.00 .8883361    6.47E-06  8.20E-02  7.18E-06  9.10E-02  1.22E-02  1.53E-02   0.9007
11258.00 .8882573    6.41E-06  8.13E-02  7.13E-06  9.04E-02  1.22E-02  1.53E-02   0.8990
11259.00 .8881783    5.83E-06  7.40E-02  7.12E-06  9.03E-02  1.22E-02  1.53E-02   0.8189
11260.00 .8880995    6.36E-06  8.06E-02  7.10E-06  9.00E-02  1.22E-02  1.53E-02   0.8961
11261.00 .8880206    6.29E-06  7.97E-02  7.02E-06  8.90E-02  1.22E-02  1.53E-02   0.8961
11262.00 .8879418    6.32E-06  8.01E-02  7.01E-06  8.89E-02  1.22E-02  1.53E-02   0.9008
11263.00 .8878629    6.36E-06  8.07E-02  7.06E-06  8.95E-02  1.22E-02  1.54E-02   0.9012
11264.00 .8877841    6.36E-06  8.06E-02  7.05E-06  8.95E-02  1.22E-02  1.54E-02   0.9012
11265.00 .8877053    6.37E-06  8.09E-02  7.07E-06  8.97E-02  1.22E-02  1.54E-02   0.9012
11266.00 .8876265    6.44E-06  8.17E-02  7.15E-06  9.07E-02  1.22E-02  1.54E-02   0.9012
11267.00 .8875477    6.45E-06  8.19E-02  7.16E-06  9.09E-02  1.22E-02  1.54E-02   0.9011
11268.00 .8874689    6.43E-06  8.16E-02  7.17E-06  9.10E-02  1.22E-02  1.54E-02   0.8960
11269.00 .8873902    6.47E-06  8.22E-02  7.18E-06  9.12E-02  1.22E-02  1.54E-02   0.9011
11270.00 .8873115    6.46E-06  8.21E-02  7.17E-06  9.11E-02  1.22E-02  1.54E-02   0.9011
11271.00 .8872327    6.38E-06  8.10E-02  7.09E-06  9.00E-02  1.22E-02  1.54E-02   0.9000
11272.00 .8871540    6.25E-06  7.94E-02  7.01E-06  8.91E-02  1.23E-02  1.54E-02   0.8913
11273.00 .8870753    6.10E-06  7.75E-02  6.77E-06  8.60E-02  1.23E-02  1.54E-02   0.9008
11274.00 .8869966    6.04E-06  7.68E-02  6.70E-06  8.52E-02  1.23E-02  1.54E-02   0.9009
11275.00 .8869179    6.00E-06  7.63E-02  6.68E-06  8.50E-02  1.23E-02  1.54E-02   0.8979
11276.00 .8868393    5.84E-06  7.42E-02  6.71E-06  8.53E-02  1.23E-02  1.54E-02   0.8699
11277.00 .8867607    6.01E-06  7.64E-02  6.68E-06  8.50E-02  1.23E-02  1.55E-02   0.8985
11278.00 .8866820    6.09E-06  7.74E-02  6.76E-06  8.59E-02  1.23E-02  1.55E-02   0.9009
11279.00 .8866034    6.04E-06  7.69E-02  6.71E-06  8.53E-02  1.23E-02  1.55E-02   0.9010

                      IRRADIANCE (WATTS/CM2-XXXX)

   FREQ  WAVELENGTH      TRANSMITTED           SOLAR           INTEGRATED         TOTAL
  (CM-1) (MICRON)     (CM-1)    (MICRN)   (CM-1)    (MICRN)   TRANS.    SOLAR     TRANS
11280.00 .8865248    5.99E-06  7.63E-02  6.65E-06  8.46E-02  1.23E-02  1.55E-02   0.9010
11281.00 .8864462    5.84E-06  7.43E-02  6.48E-06  8.25E-02  1.23E-02  1.55E-02   0.9010
11282.00 .8863677    5.87E-06  7.47E-02  6.52E-06  8.29E-02  1.23E-02  1.55E-02   0.9009
11283.00 .8862891    6.00E-06  7.64E-02  6.66E-06  8.48E-02  1.23E-02  1.55E-02   0.9008
11284.00 .8862106    6.08E-06  7.75E-02  6.76E-06  8.61E-02  1.23E-02  1.55E-02   0.9000
11285.00 .8861321    5.90E-06  7.51E-02  6.85E-06  8.72E-02  1.23E-02  1.55E-02   0.8612
11286.00 .8860535    6.33E-06  8.06E-02  7.07E-06  9.00E-02  1.23E-02  1.55E-02   0.8959
11287.00 .8859750    6.06E-06  7.73E-02  7.13E-06  9.08E-02  1.23E-02  1.55E-02   0.8506
11288.00 .8858965    6.43E-06  8.20E-02  7.15E-06  9.11E-02  1.23E-02  1.55E-02   0.8998
11289.00 .8858181    6.45E-06  8.22E-02  7.17E-06  9.13E-02  1.24E-02  1.55E-02   0.9006
11290.00 .8857396    6.46E-06  8.24E-02  7.17E-06  9.14E-02  1.24E-02  1.55E-02   0.9008
11291.00 .8856611    6.47E-06  8.25E-02  7.18E-06  9.16E-02  1.24E-02  1.55E-02   0.9008
11292.00 .8855827    6.48E-06  8.26E-02  7.19E-06  9.17E-02  1.24E-02  1.56E-02   0.9006
11293.00 .8855043    6.37E-06  8.13E-02  7.20E-06  9.18E-02  1.24E-02  1.56E-02   0.8851
11294.00 .8854259    6.48E-06  8.26E-02  7.21E-06  9.19E-02  1.24E-02  1.56E-02   0.8991
11295.00 .8853475    6.48E-06  8.27E-02  7.21E-06  9.20E-02  1.24E-02  1.56E-02   0.8990
11296.00 .8852691    6.49E-06  8.28E-02  7.20E-06  9.19E-02  1.24E-02  1.56E-02   0.9006
11297.00 .8851908    6.48E-06  8.27E-02  7.20E-06  9.19E-02  1.24E-02  1.56E-02   0.9008
11298.00 .8851124    6.43E-06  8.21E-02  7.14E-06  9.12E-02  1.24E-02  1.56E-02   0.9007
11299.00 .8850341    6.37E-06  8.13E-02  7.09E-06  9.05E-02  1.24E-02  1.56E-02   0.8992
11300.00 .8849558    6.38E-06  8.15E-02  7.08E-06  9.05E-02  1.24E-02  1.56E-02   0.9005
11301.00 .8848774    6.33E-06  8.08E-02  7.09E-06  9.06E-02  1.24E-02  1.56E-02   0.8922
11302.00 .8847991    6.39E-06  8.16E-02  7.10E-06  9.07E-02  1.24E-02  1.56E-02   0.8999
11303.00 .8847209    6.43E-06  8.22E-02  7.14E-06  9.12E-02  1.24E-02  1.56E-02   0.9007
11304.00 .8846426    6.46E-06  8.26E-02  7.17E-06  9.17E-02  1.25E-02  1.56E-02   0.9007
11305.00 .8845643    6.46E-06  8.26E-02  7.17E-06  9.17E-02  1.25E-02  1.56E-02   0.9007
11306.00 .8844861    6.45E-06  8.25E-02  7.16E-06  9.16E-02  1.25E-02  1.57E-02   0.9007
11307.00 .8844079    6.43E-06  8.23E-02  7.14E-06  9.13E-02  1.25E-02  1.57E-02   0.9006
11308.00 .8843297    6.41E-06  8.19E-02  7.12E-06  9.10E-02  1.25E-02  1.57E-02   0.9006
11309.00 .8842515    6.22E-06  7.96E-02  6.91E-06  8.84E-02  1.25E-02  1.57E-02   0.9005
11310.00 .8841733    6.17E-06  7.89E-02  6.87E-06  8.79E-02  1.25E-02  1.57E-02   0.8985
11311.00 .8840951    6.15E-06  7.86E-02  6.87E-06  8.79E-02  1.25E-02  1.57E-02   0.8948
11312.00 .8840170    6.18E-06  7.91E-02  6.86E-06  8.78E-02  1.25E-02  1.57E-02   0.9003
11313.00 .8839388    6.22E-06  7.96E-02  6.91E-06  8.84E-02  1.25E-02  1.57E-02   0.9002
11314.00 .8838607    6.40E-06  8.20E-02  7.14E-06  9.14E-02  1.25E-02  1.57E-02   0.8970
11315.00 .8837826    6.36E-06  8.14E-02  7.16E-06  9.17E-02  1.25E-02  1.57E-02   0.8873
11316.00 .8837045    6.45E-06  8.26E-02  7.17E-06  9.18E-02  1.25E-02  1.57E-02   0.9003
11317.00 .8836264    6.47E-06  8.29E-02  7.19E-06  9.20E-02  1.25E-02  1.57E-02   0.9004
11318.00 .8835483    6.47E-06  8.29E-02  7.19E-06  9.21E-02  1.25E-02  1.57E-02   0.9004
11319.00 .8834703    6.47E-06  8.29E-02  7.19E-06  9.21E-02  1.25E-02  1.57E-02   0.9002
11320.00 .8833922    6.36E-06  8.15E-02  7.19E-06  9.21E-02  1.26E-02  1.58E-02   0.8852
11321.00 .8833142    6.45E-06  8.26E-02  7.19E-06  9.21E-02  1.26E-02  1.58E-02   0.8968
11322.00 .8832362    6.46E-06  8.28E-02  7.17E-06  9.20E-02  1.26E-02  1.58E-02   0.9002
11323.00 .8831581    6.46E-06  8.28E-02  7.17E-06  9.19E-02  1.26E-02  1.58E-02   0.9003
11324.00 .8830802    6.46E-06  8.29E-02  7.18E-06  9.21E-02  1.26E-02  1.58E-02   0.9004
11325.00 .8830022    6.48E-06  8.32E-02  7.20E-06  9.24E-02  1.26E-02  1.58E-02   0.9003
11326.00 .8829243    6.43E-06  8.25E-02  7.14E-06  9.16E-02  1.26E-02  1.58E-02   0.9003
11327.00 .8828463    6.12E-06  7.86E-02  6.80E-06  8.73E-02  1.26E-02  1.58E-02   0.9003
11328.00 .8827683    6.00E-06  7.70E-02  6.67E-06  8.56E-02  1.26E-02  1.58E-02   0.9003
11329.00 .8826904    5.98E-06  7.68E-02  6.65E-06  8.53E-02  1.26E-02  1.58E-02   0.9003

                      IRRADIANCE (WATTS/CM2-XXXX)

   FREQ  WAVELENGTH      TRANSMITTED           SOLAR           INTEGRATED         TOTAL
  (CM-1) (MICRON)     (CM-1)    (MICRN)   (CM-1)    (MICRN)   TRANS.    SOLAR     TRANS
11330.00 .8826125    5.98E-06  7.68E-02  6.65E-06  8.53E-02  1.26E-02  1.58E-02   0.9002
11331.00 .8825346    6.04E-06  7.76E-02  6.72E-06  8.62E-02  1.26E-02  1.58E-02   0.8998
11332.00 .8824568    6.33E-06  8.13E-02  7.07E-06  9.08E-02  1.26E-02  1.58E-02   0.8952
11333.00 .8823789    6.47E-06  8.31E-02  7.19E-06  9.24E-02  1.26E-02  1.58E-02   0.8999
11334.00 .8823010    6.37E-06  8.18E-02  7.21E-06  9.26E-02  1.26E-02  1.59E-02   0.8839
11335.00 .8822232    6.45E-06  8.28E-02  7.20E-06  9.25E-02  1.26E-02  1.59E-02   0.8956
11336.00 .8821454    6.40E-06  8.23E-02  7.20E-06  9.25E-02  1.27E-02  1.59E-02   0.8896
11337.00 .8820676    6.44E-06  8.28E-02  7.16E-06  9.20E-02  1.27E-02  1.59E-02   0.8998
11338.00 .8819898    6.44E-06  8.28E-02  7.15E-06  9.19E-02  1.27E-02  1.59E-02   0.9001
11339.00 .8819120    6.39E-06  8.22E-02  7.10E-06  9.13E-02  1.27E-02  1.59E-02   0.9001
11340.00 .8818342    6.34E-06  8.15E-02  7.04E-06  9.05E-02  1.27E-02  1.59E-02   0.9001
11341.00 .8817565    6.31E-06  8.12E-02  7.01E-06  9.02E-02  1.27E-02  1.59E-02   0.9001
11342.00 .8816787    6.34E-06  8.15E-02  7.04E-06  9.06E-02  1.27E-02  1.59E-02   0.9000
11343.00 .8816010    6.35E-06  8.17E-02  7.05E-06  9.07E-02  1.27E-02  1.59E-02   0.9000
11344.00 .8815233    6.40E-06  8.24E-02  7.11E-06  9.15E-02  1.27E-02  1.59E-02   0.8998
11345.00 .8814456    6.35E-06  8.18E-02  7.18E-06  9.24E-02  1.27E-02  1.59E-02   0.8847
11346.00 .8813679    6.44E-06  8.30E-02  7.17E-06  9.23E-02  1.27E-02  1.59E-02   0.8987
11347.00 .8812902    6.44E-06  8.29E-02  7.15E-06  9.21E-02  1.27E-02  1.59E-02   0.8999
11348.00 .8812125    6.33E-06  8.15E-02  7.05E-06  9.07E-02  1.27E-02  1.60E-02   0.8981
11349.00 .8811349    6.14E-06  7.91E-02  6.82E-06  8.79E-02  1.27E-02  1.60E-02   0.8998
11350.00 .8810573    5.67E-06  7.31E-02  6.31E-06  8.12E-02  1.27E-02  1.60E-02   0.8999
11351.00 .8809797    5.59E-06  7.20E-02  6.21E-06  8.00E-02  1.27E-02  1.60E-02   0.8999
11352.00 .8809021    5.54E-06  7.14E-02  6.16E-06  7.94E-02  1.28E-02  1.60E-02   0.8999
11353.00 .8808244    5.55E-06  7.15E-02  6.16E-06  7.94E-02  1.28E-02  1.60E-02   0.8997
11354.00 .8807469    5.71E-06  7.36E-02  6.37E-06  8.21E-02  1.28E-02  1.60E-02   0.8974
11355.00 .8806693    6.20E-06  7.99E-02  6.89E-06  8.88E-02  1.28E-02  1.60E-02   0.8996
11356.00 .8805918    6.24E-06  8.05E-02  7.03E-06  9.06E-02  1.28E-02  1.60E-02   0.8876
11357.00 .8805142    6.39E-06  8.24E-02  7.11E-06  9.17E-02  1.28E-02  1.60E-02   0.8994
11358.00 .8804367    6.49E-06  8.37E-02  7.22E-06  9.31E-02  1.28E-02  1.60E-02   0.8997
11359.00 .8803592    6.51E-06  8.40E-02  7.24E-06  9.34E-02  1.28E-02  1.60E-02   0.8997
11360.00 .8802817    6.51E-06  8.40E-02  7.24E-06  9.34E-02  1.28E-02  1.60E-02   0.8990
11361.00 .8802042    6.45E-06  8.33E-02  7.23E-06  9.33E-02  1.28E-02  1.60E-02   0.8923
11362.00 .8801267    6.49E-06  8.38E-02  7.22E-06  9.32E-02  1.28E-02  1.60E-02   0.8996
11363.00 .8800493    6.45E-06  8.33E-02  7.17E-06  9.26E-02  1.28E-02  1.61E-02   0.8997
11364.00 .8799719    6.45E-06  8.32E-02  7.16E-06  9.25E-02  1.28E-02  1.61E-02   0.8997
11365.00 .8798944    6.45E-06  8.33E-02  7.17E-06  9.26E-02  1.28E-02  1.61E-02   0.8997
11366.00 .8798170    6.41E-06  8.28E-02  7.12E-06  9.20E-02  1.28E-02  1.61E-02   0.8996
11367.00 .8797396    6.23E-06  8.05E-02  6.92E-06  8.94E-02  1.28E-02  1.61E-02   0.8996
11368.00 .8796622    6.22E-06  8.04E-02  6.92E-06  8.94E-02  1.29E-02  1.61E-02   0.8996
11369.00 .8795848    6.22E-06  8.04E-02  6.92E-06  8.94E-02  1.29E-02  1.61E-02   0.8996
11370.00 .8795075    6.17E-06  7.98E-02  6.88E-06  8.90E-02  1.29E-02  1.61E-02   0.8965
11371.00 .8794301    6.07E-06  7.85E-02  6.75E-06  8.73E-02  1.29E-02  1.61E-02   0.8993
11372.00 .8793528    6.23E-06  8.06E-02  6.93E-06  8.96E-02  1.29E-02  1.61E-02   0.8995
11373.00 .8792755    6.28E-06  8.12E-02  6.98E-06  9.03E-02  1.29E-02  1.61E-02   0.8995
11374.00 .8791982    6.29E-06  8.13E-02  6.99E-06  9.04E-02  1.29E-02  1.61E-02   0.8995
11375.00 .8791209    6.32E-06  8.18E-02  7.03E-06  9.09E-02  1.29E-02  1.61E-02   0.8995
11376.00 .8790436    6.49E-06  8.40E-02  7.21E-06  9.34E-02  1.29E-02  1.61E-02   0.8994
11377.00 .8789663    6.48E-06  8.39E-02  7.22E-06  9.35E-02  1.29E-02  1.62E-02   0.8970
11378.00 .8788891    6.48E-06  8.39E-02  7.21E-06  9.33E-02  1.29E-02  1.62E-02   0.8990
11379.00 .8788118    6.42E-06  8.32E-02  7.16E-06  9.27E-02  1.29E-02  1.62E-02   0.8972

                      IRRADIANCE (WATTS/CM2-XXXX)

   FREQ  WAVELENGTH      TRANSMITTED           SOLAR           INTEGRATED         TOTAL
  (CM-1) (MICRON)     (CM-1)    (MICRN)   (CM-1)    (MICRN)   TRANS.    SOLAR     TRANS
11380.00 .8787346    6.42E-06  8.31E-02  7.15E-06  9.26E-02  1.29E-02  1.62E-02   0.8975
11381.00 .8786574    6.43E-06  8.32E-02  7.15E-06  9.26E-02  1.29E-02  1.62E-02   0.8993
11382.00 .8785802    6.45E-06  8.35E-02  7.17E-06  9.29E-02  1.29E-02  1.62E-02   0.8993
11383.00 .8785030    6.44E-06  8.35E-02  7.18E-06  9.30E-02  1.29E-02  1.62E-02   0.8972
11384.00 .8784258    6.49E-06  8.41E-02  7.21E-06  9.35E-02  1.30E-02  1.62E-02   0.8992
11385.00 .8783487    6.47E-06  8.39E-02  7.21E-06  9.35E-02  1.30E-02  1.62E-02   0.8981
11386.00 .8782716    6.41E-06  8.31E-02  7.18E-06  9.30E-02  1.30E-02  1.62E-02   0.8930
11387.00 .8781945    6.44E-06  8.36E-02  7.17E-06  9.29E-02  1.30E-02  1.62E-02   0.8990
11388.00 .8781173    6.45E-06  8.37E-02  7.18E-06  9.31E-02  1.30E-02  1.62E-02   0.8990
11389.00 .8780402    6.46E-06  8.38E-02  7.19E-06  9.32E-02  1.30E-02  1.62E-02   0.8992
11390.00 .8779631    6.47E-06  8.39E-02  7.20E-06  9.34E-02  1.30E-02  1.62E-02   0.8992
11391.00 .8778861    6.48E-06  8.41E-02  7.21E-06  9.35E-02  1.30E-02  1.63E-02   0.8992
11392.00 .8778090    6.36E-06  8.26E-02  7.08E-06  9.18E-02  1.30E-02  1.63E-02   0.8992
11393.00 .8777319    6.30E-06  8.18E-02  7.01E-06  9.09E-02  1.30E-02  1.63E-02   0.8991
11394.00 .8776549    6.20E-06  8.05E-02  6.90E-06  8.96E-02  1.30E-02  1.63E-02   0.8987
11395.00 .8775779    6.18E-06  8.03E-02  6.88E-06  8.93E-02  1.30E-02  1.63E-02   0.8987
11396.00 .8775009    6.19E-06  8.04E-02  6.89E-06  8.95E-02  1.30E-02  1.63E-02   0.8985
11397.00 .8774239    6.31E-06  8.20E-02  7.02E-06  9.12E-02  1.30E-02  1.63E-02   0.8989
11398.00 .8773469    6.37E-06  8.27E-02  7.08E-06  9.20E-02  1.30E-02  1.63E-02   0.8990
11399.00 .8772699    6.45E-06  8.38E-02  7.19E-06  9.34E-02  1.31E-02  1.63E-02   0.8971
11400.00 .8771930    6.47E-06  8.41E-02  7.20E-06  9.36E-02  1.31E-02  1.63E-02   0.8986
11401.00 .8771160    6.47E-06  8.41E-02  7.20E-06  9.36E-02  1.31E-02  1.63E-02   0.8985
11402.00 .8770391    6.45E-06  8.38E-02  7.17E-06  9.32E-02  1.31E-02  1.63E-02   0.8989
11403.00 .8769622    6.44E-06  8.37E-02  7.17E-06  9.32E-02  1.31E-02  1.63E-02   0.8980
11404.00 .8768853    6.44E-06  8.37E-02  7.16E-06  9.31E-02  1.31E-02  1.63E-02   0.8989
11405.00 .8768084    6.41E-06  8.34E-02  7.13E-06  9.27E-02  1.31E-02  1.64E-02   0.8989
11406.00 .8767316    6.41E-06  8.34E-02  7.13E-06  9.28E-02  1.31E-02  1.64E-02   0.8988
11407.00 .8766547    6.44E-06  8.38E-02  7.17E-06  9.32E-02  1.31E-02  1.64E-02   0.8982
11408.00 .8765779    6.44E-06  8.38E-02  7.17E-06  9.33E-02  1.31E-02  1.64E-02   0.8984
11409.00 .8765010    6.45E-06  8.40E-02  7.18E-06  9.34E-02  1.31E-02  1.64E-02   0.8988
11410.00 .8764242    6.48E-06  8.43E-02  7.21E-06  9.38E-02  1.31E-02  1.64E-02   0.8987
11411.00 .8763474    6.47E-06  8.42E-02  7.21E-06  9.38E-02  1.31E-02  1.64E-02   0.8973
11412.00 .8762706    6.47E-06  8.43E-02  7.20E-06  9.38E-02  1.31E-02  1.64E-02   0.8987
11413.00 .8761938    6.43E-06  8.37E-02  7.16E-06  9.33E-02  1.31E-02  1.64E-02   0.8978
11414.00 .8761171    6.20E-06  8.07E-02  6.92E-06  9.01E-02  1.31E-02  1.64E-02   0.8957
11415.00 .8760403    6.16E-06  8.03E-02  6.86E-06  8.94E-02  1.32E-02  1.64E-02   0.8985
11416.00 .8759636    6.12E-06  7.97E-02  6.81E-06  8.87E-02  1.32E-02  1.64E-02   0.8982
11417.00 .8758869    6.10E-06  7.95E-02  6.79E-06  8.85E-02  1.32E-02  1.64E-02   0.8986
11418.00 .8758101    6.12E-06  7.98E-02  6.82E-06  8.89E-02  1.32E-02  1.64E-02   0.8985
11419.00 .8757334    6.31E-06  8.22E-02  7.02E-06  9.15E-02  1.32E-02  1.65E-02   0.8985
11420.00 .8756567    6.30E-06  8.21E-02  7.01E-06  9.14E-02  1.32E-02  1.65E-02   0.8986
11421.00 .8755801    6.18E-06  8.06E-02  6.87E-06  8.97E-02  1.32E-02  1.65E-02   0.8986
11422.00 .8755034    6.11E-06  7.98E-02  6.80E-06  8.88E-02  1.32E-02  1.65E-02   0.8986
11423.00 .8754268    6.08E-06  7.93E-02  6.76E-06  8.83E-02  1.32E-02  1.65E-02   0.8985
11424.00 .8753501    6.06E-06  7.91E-02  6.75E-06  8.81E-02  1.32E-02  1.65E-02   0.8985
11425.00 .8752735    6.08E-06  7.94E-02  6.77E-06  8.84E-02  1.32E-02  1.65E-02   0.8981
11426.00 .8751969    6.22E-06  8.12E-02  6.92E-06  9.04E-02  1.32E-02  1.65E-02   0.8984
11427.00 .8751203    6.23E-06  8.13E-02  6.95E-06  9.07E-02  1.32E-02  1.65E-02   0.8966
11428.00 .8750437    6.27E-06  8.18E-02  6.98E-06  9.11E-02  1.32E-02  1.65E-02   0.8983
11429.00 .8749672    6.29E-06  8.22E-02  7.00E-06  9.14E-02  1.32E-02  1.65E-02   0.8984

                      IRRADIANCE (WATTS/CM2-XXXX)

   FREQ  WAVELENGTH      TRANSMITTED           SOLAR           INTEGRATED         TOTAL
  (CM-1) (MICRON)     (CM-1)    (MICRN)   (CM-1)    (MICRN)   TRANS.    SOLAR     TRANS
11430.00 .8748906    6.32E-06  8.25E-02  7.03E-06  9.19E-02  1.32E-02  1.65E-02   0.8984
11431.00 .8748141    6.34E-06  8.29E-02  7.06E-06  9.23E-02  1.33E-02  1.65E-02   0.8982
11432.00 .8747376    6.38E-06  8.33E-02  7.10E-06  9.28E-02  1.33E-02  1.65E-02   0.8981
11433.00 .8746611    6.29E-06  8.22E-02  7.00E-06  9.15E-02  1.33E-02  1.65E-02   0.8983
11434.00 .8745846    6.27E-06  8.20E-02  6.98E-06  9.13E-02  1.33E-02  1.66E-02   0.8981
11435.00 .8745081    6.24E-06  8.17E-02  6.96E-06  9.10E-02  1.33E-02  1.66E-02   0.8974
11436.00 .8744316    6.25E-06  8.18E-02  6.96E-06  9.11E-02  1.33E-02  1.66E-02   0.8980
11437.00 .8743551    6.28E-06  8.22E-02  7.00E-06  9.15E-02  1.33E-02  1.66E-02   0.8982
11438.00 .8742787    6.40E-06  8.37E-02  7.12E-06  9.32E-02  1.33E-02  1.66E-02   0.8980
11439.00 .8742023    6.44E-06  8.43E-02  7.17E-06  9.38E-02  1.33E-02  1.66E-02   0.8982
11440.00 .8741259    6.46E-06  8.45E-02  7.19E-06  9.41E-02  1.33E-02  1.66E-02   0.8980
11441.00 .8740495    6.40E-06  8.38E-02  7.13E-06  9.33E-02  1.33E-02  1.66E-02   0.8979
11442.00 .8739731    6.20E-06  8.12E-02  6.91E-06  9.04E-02  1.33E-02  1.66E-02   0.8978
11443.00 .8738967    6.16E-06  8.07E-02  6.86E-06  8.98E-02  1.33E-02  1.66E-02   0.8981
11444.00 .8738204    6.14E-06  8.04E-02  6.85E-06  8.97E-02  1.33E-02  1.66E-02   0.8958
11445.00 .8737440    6.17E-06  8.08E-02  6.87E-06  9.00E-02  1.33E-02  1.66E-02   0.8979
11446.00 .8736677    6.24E-06  8.17E-02  6.94E-06  9.10E-02  1.33E-02  1.66E-02   0.8980
11447.00 .8735914    6.44E-06  8.44E-02  7.17E-06  9.39E-02  1.34E-02  1.66E-02   0.8980
11448.00 .8735150    6.48E-06  8.49E-02  7.21E-06  9.45E-02  1.34E-02  1.67E-02   0.8980
11449.00 .8734387    6.48E-06  8.50E-02  7.22E-06  9.46E-02  1.34E-02  1.67E-02   0.8979
11450.00 .8733624    6.47E-06  8.49E-02  7.21E-06  9.45E-02  1.34E-02  1.67E-02   0.8979
11451.00 .8732862    6.41E-06  8.40E-02  7.13E-06  9.35E-02  1.34E-02  1.67E-02   0.8979
11452.00 .8732099    6.30E-06  8.27E-02  7.02E-06  9.21E-02  1.34E-02  1.67E-02   0.8979
11453.00 .8731337    6.28E-06  8.24E-02  7.00E-06  9.18E-02  1.34E-02  1.67E-02   0.8974
11454.00 .8730574    6.29E-06  8.25E-02  7.00E-06  9.19E-02  1.34E-02  1.67E-02   0.8979
11455.00 .8729813    6.30E-06  8.27E-02  7.02E-06  9.21E-02  1.34E-02  1.67E-02   0.8978
11456.00 .8729050    6.36E-06  8.35E-02  7.08E-06  9.30E-02  1.34E-02  1.67E-02   0.8978
11457.00 .8728288    6.45E-06  8.47E-02  7.19E-06  9.43E-02  1.34E-02  1.67E-02   0.8976
11458.00 .8727527    6.47E-06  8.50E-02  7.21E-06  9.46E-02  1.34E-02  1.67E-02   0.8977
11459.00 .8726765    6.47E-06  8.49E-02  7.21E-06  9.46E-02  1.34E-02  1.67E-02   0.8975
11460.00 .8726004    6.47E-06  8.50E-02  7.21E-06  9.47E-02  1.34E-02  1.67E-02   0.8977
11461.00 .8725242    6.48E-06  8.51E-02  7.22E-06  9.48E-02  1.34E-02  1.67E-02   0.8977
11462.00 .8724481    6.49E-06  8.53E-02  7.23E-06  9.50E-02  1.34E-02  1.68E-02   0.8977
11463.00 .8723720    6.50E-06  8.54E-02  7.24E-06  9.51E-02  1.35E-02  1.68E-02   0.8974
11464.00 .8722959    6.49E-06  8.53E-02  7.23E-06  9.50E-02  1.35E-02  1.68E-02   0.8976
11465.00 .8722198    6.45E-06  8.47E-02  7.18E-06  9.44E-02  1.35E-02  1.68E-02   0.8976
11466.00 .8721437    6.35E-06  8.35E-02  7.08E-06  9.30E-02  1.35E-02  1.68E-02   0.8975
11467.00 .8720677    6.33E-06  8.33E-02  7.06E-06  9.28E-02  1.35E-02  1.68E-02   0.8975
11468.00 .8719916    6.33E-06  8.33E-02  7.06E-06  9.28E-02  1.35E-02  1.68E-02   0.8973
11469.00 .8719156    6.34E-06  8.34E-02  7.07E-06  9.30E-02  1.35E-02  1.68E-02   0.8974
11470.00 .8718396    6.38E-06  8.40E-02  7.11E-06  9.36E-02  1.35E-02  1.68E-02   0.8975
11471.00 .8717636    6.45E-06  8.49E-02  7.19E-06  9.46E-02  1.35E-02  1.68E-02   0.8974
11472.00 .8716876    6.31E-06  8.30E-02  7.03E-06  9.25E-02  1.35E-02  1.68E-02   0.8973
11473.00 .8716116    6.27E-06  8.25E-02  6.99E-06  9.20E-02  1.35E-02  1.68E-02   0.8972
11474.00 .8715357    6.25E-06  8.23E-02  6.96E-06  9.17E-02  1.35E-02  1.68E-02   0.8974
11475.00 .8714597    6.15E-06  8.09E-02  6.85E-06  9.02E-02  1.35E-02  1.68E-02   0.8972
11476.00 .8713838    6.10E-06  8.04E-02  6.80E-06  8.96E-02  1.35E-02  1.69E-02   0.8970
11477.00 .8713078    6.24E-06  8.22E-02  6.95E-06  9.16E-02  1.35E-02  1.69E-02   0.8973
11478.00 .8712319    6.27E-06  8.26E-02  6.99E-06  9.22E-02  1.36E-02  1.69E-02   0.8967
11479.00 .8711560    6.29E-06  8.29E-02  7.01E-06  9.23E-02  1.36E-02  1.69E-02   0.8972

                      IRRADIANCE (WATTS/CM2-XXXX)

   FREQ  WAVELENGTH      TRANSMITTED           SOLAR           INTEGRATED         TOTAL
  (CM-1) (MICRON)     (CM-1)    (MICRN)   (CM-1)    (MICRN)   TRANS.    SOLAR     TRANS
11480.00 .8710802    6.38E-06  8.41E-02  7.11E-06  9.38E-02  1.36E-02  1.69E-02   0.8971
11481.00 .8710043    6.44E-06  8.49E-02  7.19E-06  9.47E-02  1.36E-02  1.69E-02   0.8962
11482.00 .8709284    6.46E-06  8.52E-02  7.21E-06  9.50E-02  1.36E-02  1.69E-02   0.8972
11483.00 .8708526    6.46E-06  8.52E-02  7.20E-06  9.50E-02  1.36E-02  1.69E-02   0.8970
11484.00 .8707767    6.44E-06  8.50E-02  7.18E-06  9.47E-02  1.36E-02  1.69E-02   0.8971
11485.00 .8707009    6.42E-06  8.47E-02  7.16E-06  9.45E-02  1.36E-02  1.69E-02   0.8970
11486.00 .8706251    6.42E-06  8.47E-02  7.16E-06  9.45E-02  1.36E-02  1.69E-02   0.8970
11487.00 .8705493    6.42E-06  8.47E-02  7.16E-06  9.44E-02  1.36E-02  1.69E-02   0.8969
11488.00 .8704736    6.41E-06  8.46E-02  7.15E-06  9.43E-02  1.36E-02  1.69E-02   0.8970
11489.00 .8703977    6.41E-06  8.46E-02  7.14E-06  9.43E-02  1.36E-02  1.69E-02   0.8969
11490.00 .8703220    6.29E-06  8.30E-02  7.01E-06  9.26E-02  1.36E-02  1.70E-02   0.8970
11491.00 .8702463    6.24E-06  8.24E-02  6.96E-06  9.19E-02  1.36E-02  1.70E-02   0.8969
11492.00 .8701705    6.24E-06  8.24E-02  6.96E-06  9.19E-02  1.36E-02  1.70E-02   0.8966
11493.00 .8700948    6.25E-06  8.26E-02  6.97E-06  9.21E-02  1.36E-02  1.70E-02   0.8965
11494.00 .8700191    6.28E-06  8.30E-02  7.00E-06  9.25E-02  1.37E-02  1.70E-02   0.8968
11495.00 .8699434    6.42E-06  8.48E-02  7.15E-06  9.45E-02  1.37E-02  1.70E-02   0.8968
11496.00 .8698678    6.43E-06  8.50E-02  7.17E-06  9.48E-02  1.37E-02  1.70E-02   0.8968
11497.00 .8697921    6.41E-06  8.48E-02  7.15E-06  9.45E-02  1.37E-02  1.70E-02   0.8968
11498.00 .8697165    6.40E-06  8.47E-02  7.14E-06  9.44E-02  1.37E-02  1.70E-02   0.8968
11499.00 .8696408    6.39E-06  8.45E-02  7.13E-06  9.42E-02  1.37E-02  1.70E-02   0.8967
11500.00 .8695652    6.39E-06  8.45E-02  7.13E-06  9.43E-02  1.37E-02  1.70E-02   0.8965
11501.00 .8694896    6.42E-06  8.49E-02  7.16E-06  9.47E-02  1.37E-02  1.70E-02   0.8966
11502.00 .8694140    6.37E-06  8.42E-02  7.10E-06  9.40E-02  1.37E-02  1.70E-02   0.8964
11503.00 .8693385    6.22E-06  8.23E-02  6.94E-06  9.18E-02  1.37E-02  1.70E-02   0.8963
11504.00 .8692629    5.77E-06  7.64E-02  6.44E-06  8.52E-02  1.37E-02  1.71E-02   0.8963
11505.00 .8691873    5.64E-06  7.46E-02  6.29E-06  8.32E-02  1.37E-02  1.71E-02   0.8962
11506.00 .8691118    5.61E-06  7.43E-02  6.26E-06  8.29E-02  1.37E-02  1.71E-02   0.8961
11507.00 .8690363    5.63E-06  7.46E-02  6.28E-06  8.32E-02  1.37E-02  1.71E-02   0.8966
11508.00 .8689607    5.78E-06  7.65E-02  6.45E-06  8.54E-02  1.37E-02  1.71E-02   0.8961
11509.00 .8688852    6.23E-06  8.25E-02  6.95E-06  9.20E-02  1.37E-02  1.71E-02   0.8965
11510.00 .8688098    6.36E-06  8.43E-02  7.10E-06  9.40E-02  1.38E-02  1.71E-02   0.8963
11511.00 .8687342    6.38E-06  8.46E-02  7.12E-06  9.43E-02  1.38E-02  1.71E-02   0.8965
11512.00 .8686588    6.40E-06  8.48E-02  7.14E-06  9.46E-02  1.38E-02  1.71E-02   0.8965
11513.00 .8685833    6.39E-06  8.48E-02  7.13E-06  9.46E-02  1.38E-02  1.71E-02   0.8964
11514.00 .8685079    6.37E-06  8.44E-02  7.11E-06  9.42E-02  1.38E-02  1.71E-02   0.8964
11515.00 .8684325    6.25E-06  8.29E-02  6.98E-06  9.26E-02  1.38E-02  1.71E-02   0.8960
11516.00 .8683571    6.17E-06  8.18E-02  6.88E-06  9.13E-02  1.38E-02  1.71E-02   0.8962
11517.00 .8682817    6.17E-06  8.18E-02  6.88E-06  9.13E-02  1.38E-02  1.71E-02   0.8960
11518.00 .8682063    6.17E-06  8.19E-02  6.89E-06  9.14E-02  1.38E-02  1.71E-02   0.8963
11519.00 .8681309    6.20E-06  8.23E-02  6.92E-06  9.18E-02  1.38E-02  1.72E-02   0.8963
11520.00 .8680556    6.31E-06  8.37E-02  7.04E-06  9.34E-02  1.38E-02  1.72E-02   0.8962
11521.00 .8679802    6.37E-06  8.45E-02  7.10E-06  9.43E-02  1.38E-02  1.72E-02   0.8962
11522.00 .8679049    6.23E-06  8.27E-02  6.95E-06  9.23E-02  1.38E-02  1.72E-02   0.8962
11523.00 .8678296    6.04E-06  8.02E-02  6.74E-06  8.96E-02  1.38E-02  1.72E-02   0.8954
11524.00 .8677543    6.00E-06  7.96E-02  6.69E-06  8.89E-02  1.38E-02  1.72E-02   0.8961
11525.00 .8676789    5.96E-06  7.92E-02  6.66E-06  8.85E-02  1.38E-02  1.72E-02   0.8951
11526.00 .8676037    5.94E-06  7.89E-02  6.62E-06  8.80E-02  1.38E-02  1.72E-02   0.8961
11527.00 .8675284    6.06E-06  8.05E-02  6.76E-06  8.98E-02  1.39E-02  1.72E-02   0.8961
11528.00 .8674532    6.19E-06  8.23E-02  6.91E-06  9.19E-02  1.39E-02  1.72E-02   0.8960
11529.00 .8673779    6.20E-06  8.24E-02  6.92E-06  9.19E-02  1.39E-02  1.72E-02   0.8960

                      IRRADIANCE (WATTS/CM2-XXXX)

   FREQ  WAVELENGTH      TRANSMITTED           SOLAR           INTEGRATED         TOTAL
  (CM-1) (MICRON)     (CM-1)    (MICRN)   (CM-1)    (MICRN)   TRANS.    SOLAR     TRANS
11530.00 .8673027    6.16E-06  8.19E-02  6.88E-06  9.15E-02  1.39E-02  1.72E-02   0.8954
11531.00 .8672275    6.16E-06  8.19E-02  6.88E-06  9.14E-02  1.39E-02  1.72E-02   0.8959
11532.00 .8671523    6.11E-06  8.13E-02  6.82E-06  9.08E-02  1.39E-02  1.72E-02   0.8954
11533.00 .8670771    6.07E-06  8.07E-02  6.77E-06  9.01E-02  1.39E-02  1.72E-02   0.8959
11534.00 .8670019    5.99E-06  7.97E-02  6.69E-06  8.90E-02  1.39E-02  1.73E-02   0.8959
11535.00 .8669267    5.89E-06  7.83E-02  6.57E-06  8.74E-02  1.39E-02  1.73E-02   0.8954
11536.00 .8668516    5.73E-06  7.63E-02  6.40E-06  8.51E-02  1.39E-02  1.73E-02   0.8958
11537.00 .8667765    5.46E-06  7.26E-02  6.10E-06  8.12E-02  1.39E-02  1.73E-02   0.8951
11538.00 .8667014    5.00E-06  6.66E-02  5.59E-06  7.44E-02  1.39E-02  1.73E-02   0.8957
11539.00 .8666262    4.25E-06  5.66E-02  4.75E-06  6.33E-02  1.39E-02  1.73E-02   0.8951
11540.00 .8665511    3.66E-06  4.87E-02  4.09E-06  5.44E-02  1.39E-02  1.73E-02   0.8957
11541.00 .8664761    3.43E-06  4.57E-02  3.83E-06  5.10E-02  1.39E-02  1.73E-02   0.8957
11542.00 .8664010    3.50E-06  4.66E-02  3.91E-06  5.21E-02  1.39E-02  1.73E-02   0.8956
11543.00 .8663259    3.86E-06  5.14E-02  4.31E-06  5.74E-02  1.39E-02  1.73E-02   0.8949
11544.00 .8662509    4.60E-06  6.13E-02  5.13E-06  6.84E-02  1.39E-02  1.73E-02   0.8956
11545.00 .8661758    5.26E-06  7.01E-02  5.87E-06  7.83E-02  1.39E-02  1.73E-02   0.8949
11546.00 .8661008    5.65E-06  7.53E-02  6.31E-06  8.41E-02  1.40E-02  1.73E-02   0.8952
11547.00 .8660258    5.88E-06  7.85E-02  6.57E-06  8.76E-02  1.40E-02  1.73E-02   0.8955
11548.00 .8659508    6.03E-06  8.05E-02  6.74E-06  8.99E-02  1.40E-02  1.73E-02   0.8955
11549.00 .8658758    6.13E-06  8.17E-02  6.84E-06  9.13E-02  1.40E-02  1.73E-02   0.8954
11550.00 .8658009    6.18E-06  8.25E-02  6.91E-06  9.22E-02  1.40E-02  1.73E-02   0.8945
11551.00 .8657259    6.24E-06  8.32E-02  6.96E-06  9.29E-02  1.40E-02  1.74E-02   0.8954
11552.00 .8656510    6.24E-06  8.33E-02  6.98E-06  9.31E-02  1.40E-02  1.74E-02   0.8946
11553.00 .8655760    6.27E-06  8.36E-02  7.00E-06  9.34E-02  1.40E-02  1.74E-02   0.8953
11554.00 .8655011    6.29E-06  8.40E-02  7.03E-06  9.38E-02  1.40E-02  1.74E-02   0.8950
11555.00 .8654262    6.32E-06  8.44E-02  7.06E-06  9.43E-02  1.40E-02  1.74E-02   0.8952
11556.00 .8653513    6.31E-06  8.43E-02  7.06E-06  9.43E-02  1.40E-02  1.74E-02   0.8941
11557.00 .8652765    6.28E-06  8.39E-02  7.02E-06  9.37E-02  1.40E-02  1.74E-02   0.8952
11558.00 .8652016    6.20E-06  8.28E-02  6.92E-06  9.25E-02  1.40E-02  1.74E-02   0.8948
11559.00 .8651267    6.19E-06  8.27E-02  6.92E-06  9.24E-02  1.40E-02  1.74E-02   0.8948
11560.00 .8650519    6.19E-06  8.28E-02  6.92E-06  9.25E-02  1.40E-02  1.74E-02   0.8951
11561.00 .8649771    6.21E-06  8.31E-02  6.94E-06  9.28E-02  1.40E-02  1.74E-02   0.8948
11562.00 .8649023    6.30E-06  8.42E-02  7.04E-06  9.41E-02  1.41E-02  1.74E-02   0.8948
11563.00 .8648275    6.41E-06  8.57E-02  7.16E-06  9.57E-02  1.41E-02  1.74E-02   0.8950
11564.00 .8647527    6.42E-06  8.59E-02  7.18E-06  9.61E-02  1.41E-02  1.74E-02   0.8940
11565.00 .8646779    6.43E-06  8.59E-02  7.18E-06  9.61E-02  1.41E-02  1.75E-02   0.8947
11566.00 .8646032    6.42E-06  8.58E-02  7.17E-06  9.59E-02  1.41E-02  1.75E-02   0.8949
11567.00 .8645284    6.41E-06  8.58E-02  7.17E-06  9.59E-02  1.41E-02  1.75E-02   0.8948
11568.00 .8644537    6.42E-06  8.59E-02  7.17E-06  9.60E-02  1.41E-02  1.75E-02   0.8947
11569.00 .8643789    6.42E-06  8.59E-02  7.17E-06  9.60E-02  1.41E-02  1.75E-02   0.8948
11570.00 .8643042    6.43E-06  8.60E-02  7.18E-06  9.62E-02  1.41E-02  1.75E-02   0.8945
11571.00 .8642296    6.44E-06  8.62E-02  7.20E-06  9.64E-02  1.41E-02  1.75E-02   0.8948
11572.00 .8641549    6.44E-06  8.63E-02  7.20E-06  9.65E-02  1.41E-02  1.75E-02   0.8944
11573.00 .8640802    6.44E-06  8.62E-02  7.20E-06  9.64E-02  1.41E-02  1.75E-02   0.8947
11574.00 .8640055    6.44E-06  8.62E-02  7.20E-06  9.65E-02  1.41E-02  1.75E-02   0.8938
11575.00 .8639309    6.44E-06  8.63E-02  7.20E-06  9.65E-02  1.41E-02  1.75E-02   0.8942
11576.00 .8638563    6.43E-06  8.62E-02  7.19E-06  9.64E-02  1.41E-02  1.75E-02   0.8946
11577.00 .8637816    6.39E-06  8.57E-02  7.15E-06  9.59E-02  1.42E-02  1.75E-02   0.8938
11578.00 .8637070    6.37E-06  8.54E-02  7.12E-06  9.55E-02  1.42E-02  1.75E-02   0.8945
11579.00 .8636324    6.31E-06  8.45E-02  7.05E-06  9.45E-02  1.42E-02  1.76E-02   0.8945

                      IRRADIANCE (WATTS/CM2-XXXX)

   FREQ  WAVELENGTH      TRANSMITTED           SOLAR           INTEGRATED         TOTAL
  (CM-1) (MICRON)     (CM-1)    (MICRN)   (CM-1)    (MICRN)   TRANS.    SOLAR     TRANS
11580.00 .8635579    6.29E-06  8.43E-02  7.03E-06  9.43E-02  1.42E-02  1.76E-02   0.8939
11581.00 .8634833    6.30E-06  8.46E-02  7.05E-06  9.45E-02  1.42E-02  1.76E-02   0.8944
11582.00 .8634087    6.34E-06  8.50E-02  7.09E-06  9.51E-02  1.42E-02  1.76E-02   0.8937
11583.00 .8633342    6.36E-06  8.53E-02  7.11E-06  9.54E-02  1.42E-02  1.76E-02   0.8936
11584.00 .8632597    6.42E-06  8.62E-02  7.19E-06  9.64E-02  1.42E-02  1.76E-02   0.8938
11585.00 .8631852    6.44E-06  8.64E-02  7.20E-06  9.67E-02  1.42E-02  1.76E-02   0.8936
11586.00 .8631107    6.44E-06  8.64E-02  7.20E-06  9.66E-02  1.42E-02  1.76E-02   0.8943
11587.00 .8630362    6.42E-06  8.62E-02  7.18E-06  9.64E-02  1.42E-02  1.76E-02   0.8935
11588.00 .8629617    6.43E-06  8.64E-02  7.19E-06  9.66E-02  1.42E-02  1.76E-02   0.8941
11589.00 .8628872    6.41E-06  8.62E-02  7.20E-06  9.67E-02  1.42E-02  1.76E-02   0.8913
11590.00 .8628128    6.43E-06  8.64E-02  7.20E-06  9.67E-02  1.42E-02  1.76E-02   0.8934
11591.00 .8627383    6.43E-06  8.64E-02  7.20E-06  9.68E-02  1.42E-02  1.76E-02   0.8925
11592.00 .8626639    6.44E-06  8.65E-02  7.21E-06  9.68E-02  1.42E-02  1.76E-02   0.8932
11593.00 .8625895    6.39E-06  8.58E-02  7.14E-06  9.60E-02  1.43E-02  1.77E-02   0.8940
11594.00 .8625151    6.24E-06  8.39E-02  6.99E-06  9.39E-02  1.43E-02  1.77E-02   0.8933
11595.00 .8624407    6.22E-06  8.36E-02  6.96E-06  9.36E-02  1.43E-02  1.77E-02   0.8939
11596.00 .8623663    6.21E-06  8.35E-02  6.96E-06  9.36E-02  1.43E-02  1.77E-02   0.8919
11597.00 .8622920    6.22E-06  8.37E-02  6.97E-06  9.37E-02  1.43E-02  1.77E-02   0.8930
11598.00 .8622176    6.26E-06  8.42E-02  7.01E-06  9.43E-02  1.43E-02  1.77E-02   0.8923
11599.00 .8621433    6.41E-06  8.62E-02  7.17E-06  9.64E-02  1.43E-02  1.77E-02   0.8935
11600.00 .8620690    6.39E-06  8.60E-02  7.16E-06  9.63E-02  1.43E-02  1.77E-02   0.8932
11601.00 .8619947    6.26E-06  8.43E-02  7.01E-06  9.43E-02  1.43E-02  1.77E-02   0.8936
11602.00 .8619204    6.25E-06  8.41E-02  6.99E-06  9.41E-02  1.43E-02  1.77E-02   0.8934
11603.00 .8618461    6.26E-06  8.43E-02  7.01E-06  9.43E-02  1.43E-02  1.77E-02   0.8937
11604.00 .8617718    6.22E-06  8.37E-02  6.96E-06  9.37E-02  1.43E-02  1.77E-02   0.8933
11605.00 .8616976    6.24E-06  8.41E-02  6.99E-06  9.41E-02  1.43E-02  1.77E-02   0.8934
11606.00 .8616233    6.34E-06  8.53E-02  7.09E-06  9.55E-02  1.43E-02  1.77E-02   0.8936
11607.00 .8615491    6.15E-06  8.29E-02  6.89E-06  9.28E-02  1.43E-02  1.77E-02   0.8933
11608.00 .8614749    6.13E-06  8.25E-02  6.86E-06  9.24E-02  1.43E-02  1.78E-02   0.8934
11609.00 .8614007    6.16E-06  8.30E-02  6.89E-06  9.29E-02  1.44E-02  1.78E-02   0.8935
11610.00 .8613265    6.16E-06  8.30E-02  6.89E-06  9.29E-02  1.44E-02  1.78E-02   0.8932
11611.00 .8612522    6.17E-06  8.32E-02  6.93E-06  9.35E-02  1.44E-02  1.78E-02   0.8896
11612.00 .8611781    6.37E-06  8.59E-02  7.14E-06  9.62E-02  1.44E-02  1.78E-02   0.8920
11613.00 .8611040    6.35E-06  8.57E-02  7.12E-06  9.60E-02  1.44E-02  1.78E-02   0.8926
11614.00 .8610298    6.32E-06  8.53E-02  7.09E-06  9.57E-02  1.44E-02  1.78E-02   0.8914
11615.00 .8609557    6.32E-06  8.52E-02  7.07E-06  9.54E-02  1.44E-02  1.78E-02   0.8933
11616.00 .8608816    6.31E-06  8.51E-02  7.06E-06  9.53E-02  1.44E-02  1.78E-02   0.8932
11617.00 .8608074    6.29E-06  8.49E-02  7.07E-06  9.54E-02  1.44E-02  1.78E-02   0.8899
11618.00 .8607333    6.35E-06  8.57E-02  7.11E-06  9.60E-02  1.44E-02  1.78E-02   0.8931
11619.00 .8606592    6.37E-06  8.60E-02  7.13E-06  9.63E-02  1.44E-02  1.78E-02   0.8932
11620.00 .8605852    6.38E-06  8.62E-02  7.15E-06  9.65E-02  1.44E-02  1.78E-02   0.8931
11621.00 .8605111    6.36E-06  8.59E-02  7.13E-06  9.63E-02  1.44E-02  1.78E-02   0.8928
11622.00 .8604371    6.36E-06  8.59E-02  7.12E-06  9.62E-02  1.44E-02  1.79E-02   0.8926
11623.00 .8603631    6.33E-06  8.56E-02  7.11E-06  9.60E-02  1.44E-02  1.79E-02   0.8914
11624.00 .8602890    6.26E-06  8.45E-02  7.01E-06  9.48E-02  1.44E-02  1.79E-02   0.8919
11625.00 .8602151    6.24E-06  8.44E-02  6.99E-06  9.45E-02  1.45E-02  1.79E-02   0.8929
11626.00 .8601410    6.25E-06  8.44E-02  7.00E-06  9.46E-02  1.45E-02  1.79E-02   0.8929
11627.00 .8600671    6.21E-06  8.40E-02  6.96E-06  9.40E-02  1.45E-02  1.79E-02   0.8929
11628.00 .8599931    6.17E-06  8.34E-02  6.92E-06  9.35E-02  1.45E-02  1.79E-02   0.8923
11629.00 .8599192    6.25E-06  8.45E-02  7.00E-06  9.47E-02  1.45E-02  1.79E-02   0.8920

                      IRRADIANCE (WATTS/CM2-XXXX)

   FREQ  WAVELENGTH      TRANSMITTED           SOLAR           INTEGRATED         TOTAL
  (CM-1) (MICRON)     (CM-1)    (MICRN)   (CM-1)    (MICRN)   TRANS.    SOLAR     TRANS
11630.00 .8598452    6.28E-06  8.49E-02  7.03E-06  9.51E-02  1.45E-02  1.79E-02   0.8927
11631.00 .8597713    6.26E-06  8.47E-02  7.03E-06  9.51E-02  1.45E-02  1.79E-02   0.8909
11632.00 .8596974    6.25E-06  8.45E-02  7.00E-06  9.47E-02  1.45E-02  1.79E-02   0.8926
11633.00 .8596235    6.29E-06  8.51E-02  7.05E-06  9.54E-02  1.45E-02  1.79E-02   0.8926
11634.00 .8595496    6.29E-06  8.51E-02  7.05E-06  9.54E-02  1.45E-02  1.79E-02   0.8920
11635.00 .8594757    6.28E-06  8.50E-02  7.05E-06  9.55E-02  1.45E-02  1.79E-02   0.8902
11636.00 .8594019    6.29E-06  8.52E-02  7.07E-06  9.57E-02  1.45E-02  1.80E-02   0.8907
11637.00 .8593280    6.32E-06  8.55E-02  7.14E-06  9.67E-02  1.45E-02  1.80E-02   0.8845
11638.00 .8592542    6.33E-06  8.57E-02  7.14E-06  9.67E-02  1.45E-02  1.80E-02   0.8859
11639.00 .8591803    6.32E-06  8.56E-02  7.08E-06  9.59E-02  1.45E-02  1.80E-02   0.8924
11640.00 .8591065    6.23E-06  8.44E-02  6.99E-06  9.47E-02  1.45E-02  1.80E-02   0.8919
11641.00 .8590328    6.23E-06  8.44E-02  6.98E-06  9.46E-02  1.46E-02  1.80E-02   0.8923
11642.00 .8589590    6.22E-06  8.42E-02  6.98E-06  9.46E-02  1.46E-02  1.80E-02   0.8901
11643.00 .8588852    6.19E-06  8.38E-02  6.95E-06  9.42E-02  1.46E-02  1.80E-02   0.8903
11644.00 .8588114    6.25E-06  8.48E-02  7.01E-06  9.50E-02  1.46E-02  1.80E-02   0.8922
11645.00 .8587376    6.31E-06  8.56E-02  7.08E-06  9.60E-02  1.46E-02  1.80E-02   0.8920
11646.00 .8586639    6.28E-06  8.52E-02  7.04E-06  9.55E-02  1.46E-02  1.80E-02   0.8917
11647.00 .8585902    6.11E-06  8.29E-02  6.85E-06  9.30E-02  1.46E-02  1.80E-02   0.8921
11648.00 .8585165    6.08E-06  8.25E-02  6.83E-06  9.27E-02  1.46E-02  1.80E-02   0.8903
11649.00 .8584428    6.10E-06  8.28E-02  6.84E-06  9.28E-02  1.46E-02  1.80E-02   0.8920
11650.00 .8583691    6.10E-06  8.28E-02  6.87E-06  9.32E-02  1.46E-02  1.81E-02   0.8879
11651.00 .8582954    6.15E-06  8.35E-02  6.91E-06  9.38E-02  1.46E-02  1.81E-02   0.8899
11652.00 .8582218    6.34E-06  8.60E-02  7.11E-06  9.65E-02  1.46E-02  1.81E-02   0.8920
11653.00 .8581481    6.41E-06  8.70E-02  7.19E-06  9.76E-02  1.46E-02  1.81E-02   0.8917
11654.00 .8580745    6.40E-06  8.69E-02  7.18E-06  9.75E-02  1.46E-02  1.81E-02   0.8919
11655.00 .8580009    6.37E-06  8.65E-02  7.15E-06  9.71E-02  1.46E-02  1.81E-02   0.8911
11656.00 .8579273    6.36E-06  8.65E-02  7.14E-06  9.69E-02  1.46E-02  1.81E-02   0.8918
11657.00 .8578537    6.34E-06  8.61E-02  7.13E-06  9.68E-02  1.47E-02  1.81E-02   0.8890
11658.00 .8577800    6.33E-06  8.60E-02  7.12E-06  9.68E-02  1.47E-02  1.81E-02   0.8885
11659.00 .8577065    6.35E-06  8.63E-02  7.13E-06  9.69E-02  1.47E-02  1.81E-02   0.8907
11660.00 .8576329    6.36E-06  8.64E-02  7.15E-06  9.73E-02  1.47E-02  1.81E-02   0.8886
11661.00 .8575594    6.28E-06  8.54E-02  7.14E-06  9.71E-02  1.47E-02  1.81E-02   0.8798
11662.00 .8574858    6.36E-06  8.65E-02  7.14E-06  9.71E-02  1.47E-02  1.81E-02   0.8912
11663.00 .8574123    6.32E-06  8.60E-02  7.13E-06  9.70E-02  1.47E-02  1.81E-02   0.8868
11664.00 .8573388    6.30E-06  8.57E-02  7.14E-06  9.71E-02  1.47E-02  1.82E-02   0.8831
11665.00 .8572654    6.34E-06  8.62E-02  7.13E-06  9.71E-02  1.47E-02  1.82E-02   0.8883
11666.00 .8571919    6.38E-06  8.68E-02  7.16E-06  9.74E-02  1.47E-02  1.82E-02   0.8913
11667.00 .8571184    6.32E-06  8.61E-02  7.16E-06  9.74E-02  1.47E-02  1.82E-02   0.8834
11668.00 .8570449    6.38E-06  8.69E-02  7.16E-06  9.75E-02  1.47E-02  1.82E-02   0.8913
11669.00 .8569714    6.38E-06  8.69E-02  7.16E-06  9.75E-02  1.47E-02  1.82E-02   0.8912
11670.00 .8568980    6.37E-06  8.68E-02  7.16E-06  9.75E-02  1.47E-02  1.82E-02   0.8906
11671.00 .8568246    6.38E-06  8.69E-02  7.16E-06  9.75E-02  1.47E-02  1.82E-02   0.8914
11672.00 .8567512    6.39E-06  8.70E-02  7.16E-06  9.76E-02  1.47E-02  1.82E-02   0.8914
11673.00 .8566778    6.38E-06  8.70E-02  7.16E-06  9.76E-02  1.48E-02  1.82E-02   0.8909
11674.00 .8566044    6.39E-06  8.70E-02  7.17E-06  9.76E-02  1.48E-02  1.82E-02   0.8913
11675.00 .8565310    6.38E-06  8.70E-02  7.16E-06  9.76E-02  1.48E-02  1.82E-02   0.8909
11676.00 .8564577    6.32E-06  8.61E-02  7.15E-06  9.75E-02  1.48E-02  1.82E-02   0.8830
11677.00 .8563843    6.34E-06  8.64E-02  7.11E-06  9.70E-02  1.48E-02  1.82E-02   0.8911
11678.00 .8563110    6.33E-06  8.63E-02  7.10E-06  9.69E-02  1.48E-02  1.83E-02   0.8908
11679.00 .8562377    6.32E-06  8.62E-02  7.10E-06  9.69E-02  1.48E-02  1.83E-02   0.8901

                      IRRADIANCE (WATTS/CM2-XXXX)

   FREQ  WAVELENGTH      TRANSMITTED           SOLAR           INTEGRATED         TOTAL
  (CM-1) (MICRON)     (CM-1)    (MICRN)   (CM-1)    (MICRN)   TRANS.    SOLAR     TRANS
11680.00 .8561644    6.32E-06  8.62E-02  7.09E-06  9.67E-02  1.48E-02  1.83E-02   0.8908
11681.00 .8560911    6.19E-06  8.45E-02  6.98E-06  9.52E-02  1.48E-02  1.83E-02   0.8867
11682.00 .8560178    6.19E-06  8.45E-02  6.95E-06  9.49E-02  1.48E-02  1.83E-02   0.8910
11683.00 .8559445    6.17E-06  8.42E-02  6.92E-06  9.45E-02  1.48E-02  1.83E-02   0.8909
11684.00 .8558713    6.08E-06  8.30E-02  6.90E-06  9.42E-02  1.48E-02  1.83E-02   0.8809
11685.00 .8557980    6.15E-06  8.39E-02  6.91E-06  9.43E-02  1.48E-02  1.83E-02   0.8902
11686.00 .8557248    6.18E-06  8.45E-02  7.01E-06  9.57E-02  1.48E-02  1.83E-02   0.8828
11687.00 .8556516    6.27E-06  8.56E-02  7.05E-06  9.63E-02  1.48E-02  1.83E-02   0.8892
11688.00 .8555784    6.16E-06  8.42E-02  7.06E-06  9.65E-02  1.48E-02  1.83E-02   0.8724
11689.00 .8555052    6.26E-06  8.55E-02  7.04E-06  9.62E-02  1.49E-02  1.83E-02   0.8890
11690.00 .8554320    6.22E-06  8.50E-02  6.98E-06  9.54E-02  1.49E-02  1.83E-02   0.8906
11691.00 .8553588    6.19E-06  8.46E-02  6.95E-06  9.49E-02  1.49E-02  1.83E-02   0.8907
11692.00 .8552856    6.10E-06  8.34E-02  6.88E-06  9.41E-02  1.49E-02  1.83E-02   0.8868
11693.00 .8552125    6.04E-06  8.26E-02  6.81E-06  9.31E-02  1.49E-02  1.84E-02   0.8878
11694.00 .8551394    6.00E-06  8.20E-02  6.74E-06  9.21E-02  1.49E-02  1.84E-02   0.8905
11695.00 .8550662    5.93E-06  8.12E-02  6.67E-06  9.12E-02  1.49E-02  1.84E-02   0.8899
11696.00 .8549932    5.83E-06  7.97E-02  6.55E-06  8.96E-02  1.49E-02  1.84E-02   0.8904
11697.00 .8549201    5.67E-06  7.76E-02  6.39E-06  8.75E-02  1.49E-02  1.84E-02   0.8867
11698.00 .8548470    5.41E-06  7.41E-02  6.17E-06  8.44E-02  1.49E-02  1.84E-02   0.8775
11699.00 .8547739    5.18E-06  7.09E-02  5.82E-06  7.97E-02  1.49E-02  1.84E-02   0.8904
11700.00 .8547009    4.72E-06  6.46E-02  5.30E-06  7.25E-02  1.49E-02  1.84E-02   0.8905
11701.00 .8546278    4.03E-06  5.52E-02  4.53E-06  6.21E-02  1.49E-02  1.84E-02   0.8896
11702.00 .8545548    3.40E-06  4.65E-02  3.81E-06  5.22E-02  1.49E-02  1.84E-02   0.8900
11703.00 .8544818    3.10E-06  4.25E-02  3.48E-06  4.77E-02  1.49E-02  1.84E-02   0.8904
11704.00 .8544087    3.10E-06  4.24E-02  3.48E-06  4.77E-02  1.49E-02  1.84E-02   0.8898
11705.00 .8543357    3.26E-06  4.46E-02  3.80E-06  5.21E-02  1.49E-02  1.84E-02   0.8562
11706.00 .8542628    3.98E-06  5.46E-02  4.50E-06  6.16E-02  1.49E-02  1.84E-02   0.8862
11707.00 .8541898    4.61E-06  6.32E-02  5.25E-06  7.20E-02  1.49E-02  1.84E-02   0.8780
11708.00 .8541169    5.13E-06  7.03E-02  5.77E-06  7.91E-02  1.49E-02  1.84E-02   0.8887
11709.00 .8540439    5.45E-06  7.47E-02  6.12E-06  8.39E-02  1.50E-02  1.84E-02   0.8901
11710.00 .8539709    5.63E-06  7.71E-02  6.33E-06  8.68E-02  1.50E-02  1.84E-02   0.8891
11711.00 .8538980    5.67E-06  7.78E-02  6.49E-06  8.91E-02  1.50E-02  1.85E-02   0.8732
11712.00 .8538252    5.91E-06  8.10E-02  6.65E-06  9.12E-02  1.50E-02  1.85E-02   0.8891
11713.00 .8537523    5.98E-06  8.21E-02  6.74E-06  9.25E-02  1.50E-02  1.85E-02   0.8870
11714.00 .8536794    5.98E-06  8.20E-02  6.83E-06  9.37E-02  1.50E-02  1.85E-02   0.8758
11715.00 .8536065    6.15E-06  8.45E-02  6.92E-06  9.50E-02  1.50E-02  1.85E-02   0.8890
11716.00 .8535336    6.21E-06  8.52E-02  6.98E-06  9.58E-02  1.50E-02  1.85E-02   0.8901
11717.00 .8534608    6.24E-06  8.56E-02  7.01E-06  9.62E-02  1.50E-02  1.85E-02   0.8900
11718.00 .8533880    6.21E-06  8.53E-02  7.03E-06  9.65E-02  1.50E-02  1.85E-02   0.8832
11719.00 .8533151    6.27E-06  8.61E-02  7.05E-06  9.68E-02  1.50E-02  1.85E-02   0.8895
11720.00 .8532423    6.22E-06  8.54E-02  7.07E-06  9.71E-02  1.50E-02  1.85E-02   0.8799
11721.00 .8531695    6.28E-06  8.63E-02  7.06E-06  9.70E-02  1.50E-02  1.85E-02   0.8894
11722.00 .8530967    6.16E-06  8.46E-02  6.92E-06  9.51E-02  1.50E-02  1.85E-02   0.8897
11723.00 .8530239    6.04E-06  8.30E-02  6.79E-06  9.33E-02  1.50E-02  1.85E-02   0.8900
11724.00 .8529512    6.01E-06  8.27E-02  6.76E-06  9.29E-02  1.50E-02  1.85E-02   0.8898
11725.00 .8528785    5.93E-06  8.15E-02  6.76E-06  9.30E-02  1.51E-02  1.85E-02   0.8773
11726.00 .8528057    6.04E-06  8.31E-02  6.80E-06  9.35E-02  1.51E-02  1.86E-02   0.8893
11727.00 .8527330    6.14E-06  8.45E-02  6.95E-06  9.55E-02  1.51E-02  1.86E-02   0.8846
11728.00 .8526603    6.31E-06  8.68E-02  7.10E-06  9.76E-02  1.51E-02  1.86E-02   0.8893
11729.00 .8525876    6.34E-06  8.73E-02  7.14E-06  9.82E-02  1.51E-02  1.86E-02   0.8889

                      IRRADIANCE (WATTS/CM2-XXXX)

   FREQ  WAVELENGTH      TRANSMITTED           SOLAR           INTEGRATED         TOTAL
  (CM-1) (MICRON)     (CM-1)    (MICRN)   (CM-1)    (MICRN)   TRANS.    SOLAR     TRANS
11730.00 .8525149    6.25E-06  8.60E-02  7.14E-06  9.82E-02  1.51E-02  1.86E-02   0.8761
11731.00 .8524423    6.35E-06  8.73E-02  7.14E-06  9.82E-02  1.51E-02  1.86E-02   0.8894
11732.00 .8523696    6.35E-06  8.74E-02  7.14E-06  9.83E-02  1.51E-02  1.86E-02   0.8891
11733.00 .8522969    6.35E-06  8.74E-02  7.14E-06  9.83E-02  1.51E-02  1.86E-02   0.8890
11734.00 .8522243    6.10E-06  8.40E-02  7.12E-06  9.81E-02  1.51E-02  1.86E-02   0.8562
11735.00 .8521517    6.29E-06  8.66E-02  7.12E-06  9.80E-02  1.51E-02  1.86E-02   0.8829
11736.00 .8520791    6.31E-06  8.69E-02  7.11E-06  9.79E-02  1.51E-02  1.86E-02   0.8877
11737.00 .8520065    6.30E-06  8.68E-02  7.10E-06  9.78E-02  1.51E-02  1.86E-02   0.8872
11738.00 .8519339    6.24E-06  8.59E-02  7.04E-06  9.70E-02  1.51E-02  1.86E-02   0.8855
11739.00 .8518613    5.99E-06  8.26E-02  6.80E-06  9.37E-02  1.51E-02  1.86E-02   0.8810
11740.00 .8517888    5.76E-06  7.94E-02  6.49E-06  8.95E-02  1.51E-02  1.87E-02   0.8867
11741.00 .8517162    5.74E-06  7.91E-02  6.46E-06  8.90E-02  1.52E-02  1.87E-02   0.8889
11742.00 .8516437    5.75E-06  7.93E-02  6.46E-06  8.91E-02  1.52E-02  1.87E-02   0.8894
11743.00 .8515711    5.75E-06  7.93E-02  6.53E-06  9.00E-02  1.52E-02  1.87E-02   0.8812
11744.00 .8514987    5.83E-06  8.04E-02  6.78E-06  9.36E-02  1.52E-02  1.87E-02   0.8595
11745.00 .8514261    5.99E-06  8.27E-02  7.11E-06  9.80E-02  1.52E-02  1.87E-02   0.8434
11746.00 .8513536    6.35E-06  8.77E-02  7.15E-06  9.87E-02  1.52E-02  1.87E-02   0.8881
11747.00 .8512812    6.36E-06  8.78E-02  7.16E-06  9.88E-02  1.52E-02  1.87E-02   0.8887
11748.00 .8512087    6.33E-06  8.74E-02  7.17E-06  9.90E-02  1.52E-02  1.87E-02   0.8828
11749.00 .8511363    6.38E-06  8.81E-02  7.18E-06  9.91E-02  1.52E-02  1.87E-02   0.8891
11750.00 .8510638    6.38E-06  8.81E-02  7.17E-06  9.90E-02  1.52E-02  1.87E-02   0.8896
11751.00 .8509914    6.38E-06  8.81E-02  7.17E-06  9.90E-02  1.52E-02  1.87E-02   0.8895
11752.00 .8509190    6.36E-06  8.78E-02  7.15E-06  9.87E-02  1.52E-02  1.87E-02   0.8894
11753.00 .8508466    6.17E-06  8.53E-02  7.12E-06  9.84E-02  1.52E-02  1.87E-02   0.8668
11754.00 .8507742    6.30E-06  8.71E-02  7.10E-06  9.81E-02  1.52E-02  1.88E-02   0.8873
11755.00 .8507018    6.30E-06  8.70E-02  7.08E-06  9.78E-02  1.52E-02  1.88E-02   0.8895
11756.00 .8506294    6.23E-06  8.61E-02  7.00E-06  9.68E-02  1.52E-02  1.88E-02   0.8894
11757.00 .8505571    6.08E-06  8.40E-02  6.93E-06  9.58E-02  1.52E-02  1.88E-02   0.8765
11758.00 .8504848    6.11E-06  8.45E-02  6.90E-06  9.54E-02  1.53E-02  1.88E-02   0.8863
11759.00 .8504124    6.08E-06  8.41E-02  6.84E-06  9.46E-02  1.53E-02  1.88E-02   0.8892
11760.00 .8503401    5.97E-06  8.26E-02  6.71E-06  9.28E-02  1.53E-02  1.88E-02   0.8893
11761.00 .8502678    5.69E-06  7.87E-02  6.41E-06  8.86E-02  1.53E-02  1.88E-02   0.8886
11762.00 .8501955    4.98E-06  6.89E-02  5.68E-06  7.85E-02  1.53E-02  1.88E-02   0.8772
11763.00 .8501233    4.62E-06  6.40E-02  5.20E-06  7.20E-02  1.53E-02  1.88E-02   0.8881
11764.00 .8500510    4.49E-06  6.22E-02  5.05E-06  6.99E-02  1.53E-02  1.88E-02   0.8894
11765.00 .8499787    4.54E-06  6.28E-02  5.10E-06  7.06E-02  1.53E-02  1.88E-02   0.8891
11766.00 .8499065    4.75E-06  6.58E-02  5.44E-06  7.54E-02  1.53E-02  1.88E-02   0.8730
11767.00 .8498343    5.53E-06  7.66E-02  6.23E-06  8.63E-02  1.53E-02  1.88E-02   0.8882
11768.00 .8497621    5.98E-06  8.27E-02  6.72E-06  9.31E-02  1.53E-02  1.88E-02   0.8890
11769.00 .8496898    6.15E-06  8.52E-02  6.92E-06  9.59E-02  1.53E-02  1.88E-02   0.8891
11770.00 .8496177    6.15E-06  8.52E-02  7.00E-06  9.70E-02  1.53E-02  1.89E-02   0.8782
11771.00 .8495455    6.25E-06  8.67E-02  7.03E-06  9.75E-02  1.53E-02  1.89E-02   0.8890
11772.00 .8494733    6.27E-06  8.70E-02  7.06E-06  9.78E-02  1.53E-02  1.89E-02   0.8887
11773.00 .8494012    6.16E-06  8.54E-02  7.09E-06  9.83E-02  1.53E-02  1.89E-02   0.8687
11774.00 .8493291    6.33E-06  8.78E-02  7.12E-06  9.88E-02  1.53E-02  1.89E-02   0.8891
11775.00 .8492569    6.36E-06  8.82E-02  7.15E-06  9.92E-02  1.54E-02  1.89E-02   0.8895
11776.00 .8491848    6.36E-06  8.83E-02  7.15E-06  9.92E-02  1.54E-02  1.89E-02   0.8895
11777.00 .8491127    6.36E-06  8.82E-02  7.16E-06  9.93E-02  1.54E-02  1.89E-02   0.8888
11778.00 .8490406    6.32E-06  8.77E-02  7.16E-06  9.94E-02  1.54E-02  1.89E-02   0.8822
11779.00 .8489685    6.35E-06  8.80E-02  7.17E-06  9.94E-02  1.54E-02  1.89E-02   0.8856

                      IRRADIANCE (WATTS/CM2-XXXX)

   FREQ  WAVELENGTH      TRANSMITTED           SOLAR           INTEGRATED         TOTAL
  (CM-1) (MICRON)     (CM-1)    (MICRN)   (CM-1)    (MICRN)   TRANS.    SOLAR     TRANS
11780.00 .8488964    6.17E-06  8.57E-02  7.17E-06  9.95E-02  1.54E-02  1.89E-02   0.8614
11781.00 .8488244    6.40E-06  8.88E-02  7.19E-06  9.98E-02  1.54E-02  1.89E-02   0.8890
11782.00 .8487523    6.40E-06  8.89E-02  7.20E-06  1.00E-01  1.54E-02  1.89E-02   0.8893
11783.00 .8486803    6.39E-06  8.87E-02  7.18E-06  9.97E-02  1.54E-02  1.89E-02   0.8892
11784.00 .8486083    6.32E-06  8.78E-02  7.11E-06  9.87E-02  1.54E-02  1.90E-02   0.8895
11785.00 .8485363    6.28E-06  8.72E-02  7.06E-06  9.80E-02  1.54E-02  1.90E-02   0.8890
11786.00 .8484643    6.21E-06  8.62E-02  7.04E-06  9.77E-02  1.54E-02  1.90E-02   0.8823
11787.00 .8483923    6.25E-06  8.68E-02  7.03E-06  9.76E-02  1.54E-02  1.90E-02   0.8890
11788.00 .8483203    6.24E-06  8.67E-02  7.04E-06  9.78E-02  1.54E-02  1.90E-02   0.8863
11789.00 .8482484    6.13E-06  8.52E-02  7.11E-06  9.89E-02  1.54E-02  1.90E-02   0.8616
11790.00 .8481764    6.35E-06  8.82E-02  7.16E-06  9.96E-02  1.54E-02  1.90E-02   0.8863
11791.00 .8481045    6.34E-06  8.81E-02  7.17E-06  9.97E-02  1.55E-02  1.90E-02   0.8837
11792.00 .8480326    6.27E-06  8.72E-02  7.17E-06  9.97E-02  1.55E-02  1.90E-02   0.8739
11793.00 .8479607    6.38E-06  8.88E-02  7.18E-06  9.99E-02  1.55E-02  1.90E-02   0.8889
11794.00 .8478888    6.39E-06  8.89E-02  7.19E-06  1.00E-01  1.55E-02  1.90E-02   0.8886
11795.00 .8478169    6.40E-06  8.90E-02  7.19E-06  1.00E-01  1.55E-02  1.90E-02   0.8894
11796.00 .8477450    6.39E-06  8.89E-02  7.19E-06  1.00E-01  1.55E-02  1.90E-02   0.8890
11797.00 .8476731    6.33E-06  8.81E-02  7.19E-06  1.00E-01  1.55E-02  1.90E-02   0.8804
11798.00 .8476013    6.34E-06  8.83E-02  7.16E-06  9.97E-02  1.55E-02  1.91E-02   0.8856
11799.00 .8475295    6.28E-06  8.74E-02  7.06E-06  9.83E-02  1.55E-02  1.91E-02   0.8890
11800.00 .8474576    6.26E-06  8.71E-02  7.04E-06  9.80E-02  1.55E-02  1.91E-02   0.8893
11801.00 .8473858    6.26E-06  8.72E-02  7.05E-06  9.81E-02  1.55E-02  1.91E-02   0.8886
11802.00 .8473140    6.21E-06  8.66E-02  6.99E-06  9.74E-02  1.55E-02  1.91E-02   0.8890
11803.00 .8472422    5.96E-06  8.30E-02  6.72E-06  9.36E-02  1.55E-02  1.91E-02   0.8862
11804.00 .8471705    5.93E-06  8.27E-02  6.71E-06  9.36E-02  1.55E-02  1.91E-02   0.8838
11805.00 .8470987    5.97E-06  8.32E-02  6.71E-06  9.35E-02  1.55E-02  1.91E-02   0.8889
11806.00 .8470269    5.93E-06  8.26E-02  6.68E-06  9.31E-02  1.55E-02  1.91E-02   0.8876
11807.00 .8469552    5.96E-06  8.31E-02  6.70E-06  9.34E-02  1.56E-02  1.91E-02   0.8892
11808.00 .8468835    6.21E-06  8.66E-02  6.99E-06  9.74E-02  1.56E-02  1.91E-02   0.8893
11809.00 .8468118    6.29E-06  8.77E-02  7.07E-06  9.86E-02  1.56E-02  1.91E-02   0.8893
11810.00 .8467401    6.24E-06  8.71E-02  7.02E-06  9.79E-02  1.56E-02  1.91E-02   0.8891
11811.00 .8466684    6.26E-06  8.74E-02  7.05E-06  9.83E-02  1.56E-02  1.91E-02   0.8892
11812.00 .8465967    6.27E-06  8.75E-02  7.08E-06  9.88E-02  1.56E-02  1.92E-02   0.8856
11813.00 .8465250    6.27E-06  8.75E-02  7.09E-06  9.90E-02  1.56E-02  1.92E-02   0.8839
11814.00 .8464534    6.27E-06  8.75E-02  7.11E-06  9.93E-02  1.56E-02  1.92E-02   0.8817
11815.00 .8463817    6.36E-06  8.88E-02  7.17E-06  1.00E-01  1.56E-02  1.92E-02   0.8866
11816.00 .8463101    6.34E-06  8.85E-02  7.16E-06  1.00E-01  1.56E-02  1.92E-02   0.8851
11817.00 .8462385    6.04E-06  8.44E-02  7.12E-06  9.94E-02  1.56E-02  1.92E-02   0.8483
11818.00 .8461668    6.27E-06  8.76E-02  7.06E-06  9.87E-02  1.56E-02  1.92E-02   0.8880
11819.00 .8460953    6.25E-06  8.73E-02  7.03E-06  9.82E-02  1.56E-02  1.92E-02   0.8888
11820.00 .8460237    6.25E-06  8.73E-02  7.03E-06  9.83E-02  1.56E-02  1.92E-02   0.8890
11821.00 .8459521    6.23E-06  8.71E-02  7.05E-06  9.85E-02  1.56E-02  1.92E-02   0.8837
11822.00 .8458806    6.29E-06  8.79E-02  7.08E-06  9.90E-02  1.56E-02  1.92E-02   0.8877
11823.00 .8458090    6.34E-06  8.87E-02  7.14E-06  9.98E-02  1.57E-02  1.92E-02   0.8889
11824.00 .8457375    6.37E-06  8.90E-02  7.17E-06  1.00E-01  1.57E-02  1.92E-02   0.8877
11825.00 .8456660    6.39E-06  8.93E-02  7.19E-06  1.01E-01  1.57E-02  1.92E-02   0.8887
11826.00 .8455945    6.39E-06  8.94E-02  7.20E-06  1.01E-01  1.57E-02  1.93E-02   0.8877
11827.00 .8455229    6.41E-06  8.96E-02  7.21E-06  1.01E-01  1.57E-02  1.93E-02   0.8886
11828.00 .8454515    6.30E-06  8.81E-02  7.19E-06  1.01E-01  1.57E-02  1.93E-02   0.8763
11829.00 .8453800    6.33E-06  8.86E-02  7.15E-06  1.00E-01  1.57E-02  1.93E-02   0.8852

                      IRRADIANCE (WATTS/CM2-XXXX)

   FREQ  WAVELENGTH      TRANSMITTED           SOLAR           INTEGRATED         TOTAL
  (CM-1) (MICRON)     (CM-1)    (MICRN)   (CM-1)    (MICRN)   TRANS.    SOLAR     TRANS
11830.00 .8453085    6.30E-06  8.82E-02  7.14E-06  1.00E-01  1.57E-02  1.93E-02   0.8822
11831.00 .8452371    6.30E-06  8.82E-02  7.15E-06  1.00E-01  1.57E-02  1.93E-02   0.8810
11832.00 .8451657    6.35E-06  8.89E-02  7.15E-06  1.00E-01  1.57E-02  1.93E-02   0.8884
11833.00 .8450942    6.32E-06  8.85E-02  7.12E-06  9.98E-02  1.57E-02  1.93E-02   0.8875
11834.00 .8450228    6.18E-06  8.66E-02  6.97E-06  9.76E-02  1.57E-02  1.93E-02   0.8873
11835.00 .8449514    6.14E-06  8.60E-02  6.93E-06  9.71E-02  1.57E-02  1.93E-02   0.8861
11836.00 .8448800    6.08E-06  8.52E-02  6.92E-06  9.70E-02  1.57E-02  1.93E-02   0.8782
11837.00 .8448086    6.11E-06  8.56E-02  6.89E-06  9.65E-02  1.57E-02  1.93E-02   0.8871
11838.00 .8447373    6.02E-06  8.43E-02  6.90E-06  9.66E-02  1.57E-02  1.93E-02   0.8725
11839.00 .8446659    6.28E-06  8.81E-02  7.09E-06  9.94E-02  1.58E-02  1.93E-02   0.8862
11840.00 .8445946    6.33E-06  8.88E-02  7.13E-06  1.00E-01  1.58E-02  1.93E-02   0.8877
11841.00 .8445233    6.31E-06  8.85E-02  7.13E-06  9.99E-02  1.58E-02  1.94E-02   0.8857
11842.00 .8444520    6.16E-06  8.64E-02  7.16E-06  1.00E-01  1.58E-02  1.94E-02   0.8611
11843.00 .8443806    6.34E-06  8.89E-02  7.14E-06  1.00E-01  1.58E-02  1.94E-02   0.8878
11844.00 .8443093    6.09E-06  8.54E-02  6.97E-06  9.78E-02  1.58E-02  1.94E-02   0.8730
11845.00 .8442381    6.12E-06  8.59E-02  6.92E-06  9.71E-02  1.58E-02  1.94E-02   0.8844
11846.00 .8441668    6.15E-06  8.63E-02  6.93E-06  9.72E-02  1.58E-02  1.94E-02   0.8880
11847.00 .8440955    6.15E-06  8.63E-02  6.94E-06  9.74E-02  1.58E-02  1.94E-02   0.8865
11848.00 .8440243    6.02E-06  8.46E-02  6.96E-06  9.77E-02  1.58E-02  1.94E-02   0.8656
11849.00 .8439531    6.13E-06  8.61E-02  6.97E-06  9.78E-02  1.58E-02  1.94E-02   0.8799
11850.00 .8438818    5.66E-06  7.94E-02  6.83E-06  9.60E-02  1.58E-02  1.94E-02   0.8276
11851.00 .8438107    5.97E-06  8.38E-02  6.77E-06  9.50E-02  1.58E-02  1.94E-02   0.8822
11852.00 .8437394    5.98E-06  8.40E-02  6.75E-06  9.48E-02  1.58E-02  1.94E-02   0.8858
11853.00 .8436683    5.93E-06  8.33E-02  6.77E-06  9.51E-02  1.58E-02  1.94E-02   0.8750
11854.00 .8435971    6.15E-06  8.65E-02  6.93E-06  9.74E-02  1.58E-02  1.94E-02   0.8879
11855.00 .8435259    6.30E-06  8.85E-02  7.11E-06  1.00E-01  1.59E-02  1.95E-02   0.8857
11856.00 .8434548    6.34E-06  8.91E-02  7.18E-06  1.01E-01  1.59E-02  1.95E-02   0.8826
11857.00 .8433837    6.38E-06  8.97E-02  7.20E-06  1.01E-01  1.59E-02  1.95E-02   0.8866
11858.00 .8433125    6.05E-06  8.50E-02  7.20E-06  1.01E-01  1.59E-02  1.95E-02   0.8400
11859.00 .8432414    6.36E-06  8.95E-02  7.21E-06  1.01E-01  1.59E-02  1.95E-02   0.8826
11860.00 .8431703    6.30E-06  8.86E-02  7.21E-06  1.01E-01  1.59E-02  1.95E-02   0.8738
11861.00 .8430992    6.35E-06  8.93E-02  7.17E-06  1.01E-01  1.59E-02  1.95E-02   0.8855
11862.00 .8430281    6.15E-06  8.65E-02  7.06E-06  9.94E-02  1.59E-02  1.95E-02   0.8705
11863.00 .8429571    6.21E-06  8.74E-02  7.01E-06  9.86E-02  1.59E-02  1.95E-02   0.8865
11864.00 .8428860    6.18E-06  8.69E-02  6.99E-06  9.84E-02  1.59E-02  1.95E-02   0.8834
11865.00 .8428150    6.14E-06  8.64E-02  6.93E-06  9.76E-02  1.59E-02  1.95E-02   0.8855
11866.00 .8427440    6.14E-06  8.65E-02  6.93E-06  9.76E-02  1.59E-02  1.95E-02   0.8863
11867.00 .8426729    6.15E-06  8.66E-02  6.94E-06  9.77E-02  1.59E-02  1.95E-02   0.8866
11868.00 .8426020    6.18E-06  8.71E-02  6.97E-06  9.82E-02  1.59E-02  1.95E-02   0.8869
11869.00 .8425310    6.19E-06  8.71E-02  6.98E-06  9.83E-02  1.59E-02  1.96E-02   0.8860
11870.00 .8424600    6.24E-06  8.79E-02  7.04E-06  9.92E-02  1.59E-02  1.96E-02   0.8858
11871.00 .8423890    6.26E-06  8.82E-02  7.05E-06  9.94E-02  1.60E-02  1.96E-02   0.8868
11872.00 .8423181    6.32E-06  8.91E-02  7.15E-06  1.01E-01  1.60E-02  1.96E-02   0.8835
11873.00 .8422471    6.33E-06  8.92E-02  7.14E-06  1.01E-01  1.60E-02  1.96E-02   0.8858
11874.00 .8421762    6.21E-06  8.75E-02  7.01E-06  9.88E-02  1.60E-02  1.96E-02   0.8859
11875.00 .8421053    5.81E-06  8.19E-02  6.95E-06  9.81E-02  1.60E-02  1.96E-02   0.8350
11876.00 .8420343    6.14E-06  8.67E-02  6.96E-06  9.82E-02  1.60E-02  1.96E-02   0.8824
11877.00 .8419635    6.04E-06  8.52E-02  6.97E-06  9.84E-02  1.60E-02  1.96E-02   0.8657
11878.00 .8418926    6.20E-06  8.74E-02  7.01E-06  9.89E-02  1.60E-02  1.96E-02   0.8842
11879.00 .8418217    6.27E-06  8.84E-02  7.14E-06  1.01E-01  1.60E-02  1.96E-02   0.8774

                      IRRADIANCE (WATTS/CM2-XXXX)

   FREQ  WAVELENGTH      TRANSMITTED           SOLAR           INTEGRATED         TOTAL
  (CM-1) (MICRON)     (CM-1)    (MICRN)   (CM-1)    (MICRN)   TRANS.    SOLAR     TRANS
11880.00 .8417509    5.91E-06  8.34E-02  7.17E-06  1.01E-01  1.60E-02  1.96E-02   0.8241
11881.00 .8416800    6.34E-06  8.94E-02  7.17E-06  1.01E-01  1.60E-02  1.96E-02   0.8840
11882.00 .8416092    6.24E-06  8.81E-02  7.08E-06  9.99E-02  1.60E-02  1.96E-02   0.8817
11883.00 .8415383    6.25E-06  8.83E-02  7.05E-06  9.95E-02  1.60E-02  1.97E-02   0.8868
11884.00 .8414675    6.25E-06  8.83E-02  7.05E-06  9.96E-02  1.60E-02  1.97E-02   0.8867
11885.00 .8413967    6.28E-06  8.87E-02  7.08E-06  1.00E-01  1.60E-02  1.97E-02   0.8868
11886.00 .8413259    6.22E-06  8.79E-02  7.10E-06  1.00E-01  1.60E-02  1.97E-02   0.8763
11887.00 .8412551    6.36E-06  8.99E-02  7.18E-06  1.01E-01  1.60E-02  1.97E-02   0.8860
11888.00 .8411844    6.12E-06  8.64E-02  7.19E-06  1.02E-01  1.61E-02  1.97E-02   0.8507
11889.00 .8411136    5.78E-06  8.16E-02  7.18E-06  1.01E-01  1.61E-02  1.97E-02   0.8045
11890.00 .8410429    6.19E-06  8.75E-02  7.18E-06  1.01E-01  1.61E-02  1.97E-02   0.8627
11891.00 .8409722    6.35E-06  8.98E-02  7.17E-06  1.01E-01  1.61E-02  1.97E-02   0.8862
11892.00 .8409014    6.34E-06  8.96E-02  7.15E-06  1.01E-01  1.61E-02  1.97E-02   0.8860
11893.00 .8408307    6.24E-06  8.83E-02  7.15E-06  1.01E-01  1.61E-02  1.97E-02   0.8729
11894.00 .8407601    5.92E-06  8.37E-02  7.16E-06  1.01E-01  1.61E-02  1.97E-02   0.8265
11895.00 .8406894    6.34E-06  8.96E-02  7.16E-06  1.01E-01  1.61E-02  1.97E-02   0.8846
11896.00 .8406187    6.22E-06  8.80E-02  7.15E-06  1.01E-01  1.61E-02  1.97E-02   0.8699
11897.00 .8405480    6.24E-06  8.83E-02  7.11E-06  1.01E-01  1.61E-02  1.98E-02   0.8776
11898.00 .8404774    6.27E-06  8.87E-02  7.07E-06  1.00E-01  1.61E-02  1.98E-02   0.8859
11899.00 .8404068    6.27E-06  8.88E-02  7.07E-06  1.00E-01  1.61E-02  1.98E-02   0.8872
11900.00 .8403361    6.26E-06  8.86E-02  7.07E-06  1.00E-01  1.61E-02  1.98E-02   0.8848
11901.00 .8402655    6.12E-06  8.67E-02  7.08E-06  1.00E-01  1.61E-02  1.98E-02   0.8641
11902.00 .8401949    6.17E-06  8.74E-02  7.09E-06  1.00E-01  1.61E-02  1.98E-02   0.8702
11903.00 .8401243    6.31E-06  8.93E-02  7.12E-06  1.01E-01  1.61E-02  1.98E-02   0.8860
11904.00 .8400537    6.25E-06  8.85E-02  7.06E-06  1.00E-01  1.62E-02  1.98E-02   0.8849
11905.00 .8399832    6.11E-06  8.66E-02  7.05E-06  9.99E-02  1.62E-02  1.98E-02   0.8672
11906.00 .8399127    5.99E-06  8.50E-02  7.03E-06  9.96E-02  1.62E-02  1.98E-02   0.8529
11907.00 .8398421    6.23E-06  8.84E-02  7.08E-06  1.00E-01  1.62E-02  1.98E-02   0.8802
11908.00 .8397716    6.28E-06  8.91E-02  7.10E-06  1.01E-01  1.62E-02  1.98E-02   0.8849
11909.00 .8397011    6.13E-06  8.69E-02  7.16E-06  1.02E-01  1.62E-02  1.98E-02   0.8563
11910.00 .8396305    5.97E-06  8.47E-02  7.17E-06  1.02E-01  1.62E-02  1.98E-02   0.8326
11911.00 .8395601    6.35E-06  9.01E-02  7.17E-06  1.02E-01  1.62E-02  1.99E-02   0.8855
11912.00 .8394896    6.34E-06  9.00E-02  7.16E-06  1.02E-01  1.62E-02  1.99E-02   0.8860
11913.00 .8394191    6.33E-06  8.99E-02  7.14E-06  1.01E-01  1.62E-02  1.99E-02   0.8866
11914.00 .8393487    6.31E-06  8.96E-02  7.13E-06  1.01E-01  1.62E-02  1.99E-02   0.8859
11915.00 .8392782    6.30E-06  8.94E-02  7.10E-06  1.01E-01  1.62E-02  1.99E-02   0.8870
11916.00 .8392078    6.14E-06  8.72E-02  7.01E-06  9.95E-02  1.62E-02  1.99E-02   0.8757
11917.00 .8391374    5.80E-06  8.24E-02  6.59E-06  9.36E-02  1.62E-02  1.99E-02   0.8807
11918.00 .8390670    5.72E-06  8.13E-02  6.51E-06  9.25E-02  1.62E-02  1.99E-02   0.8788
11919.00 .8389966    5.56E-06  7.90E-02  6.51E-06  9.24E-02  1.62E-02  1.99E-02   0.8551
11920.00 .8389262    5.66E-06  8.04E-02  6.53E-06  9.28E-02  1.63E-02  1.99E-02   0.8663
11921.00 .8388558    5.76E-06  8.19E-02  6.63E-06  9.42E-02  1.63E-02  1.99E-02   0.8695
11922.00 .8387854    5.81E-06  8.25E-02  7.06E-06  1.00E-01  1.63E-02  1.99E-02   0.8228
11923.00 .8387151    6.12E-06  8.70E-02  7.11E-06  1.01E-01  1.63E-02  1.99E-02   0.8609
11924.00 .8386447    5.78E-06  8.23E-02  7.01E-06  9.97E-02  1.63E-02  1.99E-02   0.8251
11925.00 .8385744    6.14E-06  8.73E-02  6.96E-06  9.89E-02  1.63E-02  1.99E-02   0.8825
11926.00 .8385041    6.16E-06  8.76E-02  6.97E-06  9.92E-02  1.63E-02  2.00E-02   0.8832
11927.00 .8384338    6.15E-06  8.76E-02  6.99E-06  9.94E-02  1.63E-02  2.00E-02   0.8811
11928.00 .8383635    6.11E-06  8.70E-02  7.03E-06  1.00E-01  1.63E-02  2.00E-02   0.8693
11929.00 .8382933    6.32E-06  8.99E-02  7.14E-06  1.02E-01  1.63E-02  2.00E-02   0.8850

                      IRRADIANCE (WATTS/CM2-XXXX)

   FREQ  WAVELENGTH      TRANSMITTED           SOLAR           INTEGRATED         TOTAL
  (CM-1) (MICRON)     (CM-1)    (MICRN)   (CM-1)    (MICRN)   TRANS.    SOLAR     TRANS
11930.00 .8382230    6.36E-06  9.06E-02  7.18E-06  1.02E-01  1.63E-02  2.00E-02   0.8863
11931.00 .8381527    6.27E-06  8.93E-02  7.12E-06  1.01E-01  1.63E-02  2.00E-02   0.8814
11932.00 .8380825    6.22E-06  8.86E-02  7.09E-06  1.01E-01  1.63E-02  2.00E-02   0.8776
11933.00 .8380122    6.19E-06  8.81E-02  7.08E-06  1.01E-01  1.63E-02  2.00E-02   0.8745
11934.00 .8379420    5.99E-06  8.54E-02  7.09E-06  1.01E-01  1.63E-02  2.00E-02   0.8458
11935.00 .8378718    5.45E-06  7.77E-02  7.11E-06  1.01E-01  1.63E-02  2.00E-02   0.7673
11936.00 .8378016    6.25E-06  8.90E-02  7.17E-06  1.02E-01  1.63E-02  2.00E-02   0.8717
11937.00 .8377314    6.33E-06  9.02E-02  7.18E-06  1.02E-01  1.64E-02  2.00E-02   0.8810
11938.00 .8376613    6.17E-06  8.79E-02  7.19E-06  1.02E-01  1.64E-02  2.00E-02   0.8580
11939.00 .8375911    5.64E-06  8.04E-02  7.16E-06  1.02E-01  1.64E-02  2.00E-02   0.7872
11940.00 .8375210    6.18E-06  8.81E-02  7.14E-06  1.02E-01  1.64E-02  2.01E-02   0.8663
11941.00 .8374508    6.29E-06  8.97E-02  7.14E-06  1.02E-01  1.64E-02  2.01E-02   0.8814
11942.00 .8373806    6.29E-06  8.98E-02  7.12E-06  1.02E-01  1.64E-02  2.01E-02   0.8833
11943.00 .8373106    6.24E-06  8.90E-02  7.13E-06  1.02E-01  1.64E-02  2.01E-02   0.8750
11944.00 .8372405    6.23E-06  8.89E-02  7.15E-06  1.02E-01  1.64E-02  2.01E-02   0.8710
11945.00 .8371704    6.25E-06  8.91E-02  7.18E-06  1.02E-01  1.64E-02  2.01E-02   0.8700
11946.00 .8371003    6.33E-06  9.03E-02  7.19E-06  1.03E-01  1.64E-02  2.01E-02   0.8808
11947.00 .8370302    6.32E-06  9.02E-02  7.17E-06  1.02E-01  1.64E-02  2.01E-02   0.8815
11948.00 .8369601    5.32E-06  7.60E-02  7.03E-06  1.00E-01  1.64E-02  2.01E-02   0.7571
11949.00 .8368901    6.03E-06  8.61E-02  6.98E-06  9.97E-02  1.64E-02  2.01E-02   0.8639
11950.00 .8368201    6.12E-06  8.73E-02  6.95E-06  9.92E-02  1.64E-02  2.01E-02   0.8807
11951.00 .8367501    6.09E-06  8.70E-02  6.91E-06  9.87E-02  1.64E-02  2.01E-02   0.8818
11952.00 .8366801    6.12E-06  8.74E-02  6.93E-06  9.90E-02  1.64E-02  2.01E-02   0.8830
11953.00 .8366101    6.23E-06  8.90E-02  7.06E-06  1.01E-01  1.65E-02  2.01E-02   0.8820
11954.00 .8365400    6.21E-06  8.87E-02  7.06E-06  1.01E-01  1.65E-02  2.02E-02   0.8795
11955.00 .8364701    5.36E-06  7.66E-02  7.06E-06  1.01E-01  1.65E-02  2.02E-02   0.7586
11956.00 .8364002    5.77E-06  8.25E-02  7.10E-06  1.01E-01  1.65E-02  2.02E-02   0.8129
11957.00 .8363302    6.27E-06  8.96E-02  7.11E-06  1.02E-01  1.65E-02  2.02E-02   0.8814
11958.00 .8362603    6.27E-06  8.96E-02  7.10E-06  1.01E-01  1.65E-02  2.02E-02   0.8833
11959.00 .8361903    5.98E-06  8.56E-02  7.08E-06  1.01E-01  1.65E-02  2.02E-02   0.8443
11960.00 .8361204    6.28E-06  8.98E-02  7.11E-06  1.02E-01  1.65E-02  2.02E-02   0.8833
11961.00 .8360505    6.27E-06  8.97E-02  7.10E-06  1.02E-01  1.65E-02  2.02E-02   0.8826
11962.00 .8359806    5.72E-06  8.18E-02  7.09E-06  1.01E-01  1.65E-02  2.02E-02   0.8066
11963.00 .8359107    5.35E-06  7.66E-02  7.11E-06  1.02E-01  1.65E-02  2.02E-02   0.7532
11964.00 .8358409    6.31E-06  9.03E-02  7.16E-06  1.02E-01  1.65E-02  2.02E-02   0.8817
11965.00 .8357710    6.31E-06  9.03E-02  7.15E-06  1.02E-01  1.65E-02  2.02E-02   0.8829
11966.00 .8357012    5.92E-06  8.48E-02  7.14E-06  1.02E-01  1.65E-02  2.02E-02   0.8295
11967.00 .8356313    6.23E-06  8.93E-02  7.15E-06  1.02E-01  1.65E-02  2.02E-02   0.8722
11968.00 .8355615    5.51E-06  7.89E-02  7.15E-06  1.02E-01  1.65E-02  2.03E-02   0.7702
11969.00 .8354917    6.15E-06  8.80E-02  7.16E-06  1.03E-01  1.65E-02  2.03E-02   0.8585
11970.00 .8354219    6.30E-06  9.03E-02  7.17E-06  1.03E-01  1.66E-02  2.03E-02   0.8787
11971.00 .8353521    6.30E-06  9.03E-02  7.17E-06  1.03E-01  1.66E-02  2.03E-02   0.8797
11972.00 .8352823    6.26E-06  8.98E-02  7.12E-06  1.02E-01  1.66E-02  2.03E-02   0.8796
11973.00 .8352126    6.13E-06  8.79E-02  7.09E-06  1.02E-01  1.66E-02  2.03E-02   0.8657
11974.00 .8351428    5.11E-06  7.33E-02  7.08E-06  1.01E-01  1.66E-02  2.03E-02   0.7221
11975.00 .8350731    6.20E-06  8.89E-02  7.04E-06  1.01E-01  1.66E-02  2.03E-02   0.8808
11976.00 .8350033    6.03E-06  8.65E-02  6.88E-06  9.87E-02  1.66E-02  2.03E-02   0.8763
11977.00 .8349336    5.92E-06  8.49E-02  6.85E-06  9.82E-02  1.66E-02  2.03E-02   0.8638
11978.00 .8348639    6.00E-06  8.61E-02  6.87E-06  9.86E-02  1.66E-02  2.03E-02   0.8731
11979.00 .8347942    6.05E-06  8.68E-02  6.87E-06  9.86E-02  1.66E-02  2.03E-02   0.8803

                      IRRADIANCE (WATTS/CM2-XXXX)

   FREQ  WAVELENGTH      TRANSMITTED           SOLAR           INTEGRATED         TOTAL
  (CM-1) (MICRON)     (CM-1)    (MICRN)   (CM-1)    (MICRN)   TRANS.    SOLAR     TRANS
11980.00 .8347245    6.06E-06  8.70E-02  6.90E-06  9.91E-02  1.66E-02  2.03E-02   0.8785
11981.00 .8346549    6.05E-06  8.69E-02  7.00E-06  1.01E-01  1.66E-02  2.03E-02   0.8644
11982.00 .8345852    6.18E-06  8.87E-02  7.02E-06  1.01E-01  1.66E-02  2.04E-02   0.8804
11983.00 .8345156    6.17E-06  8.86E-02  7.02E-06  1.01E-01  1.66E-02  2.04E-02   0.8783
11984.00 .8344460    5.46E-06  7.83E-02  7.00E-06  1.01E-01  1.66E-02  2.04E-02   0.7789
11985.00 .8343763    5.95E-06  8.55E-02  7.00E-06  1.01E-01  1.66E-02  2.04E-02   0.8507
11986.00 .8343067    6.16E-06  8.85E-02  6.98E-06  1.00E-01  1.67E-02  2.04E-02   0.8817
11987.00 .8342371    6.15E-06  8.83E-02  7.01E-06  1.01E-01  1.67E-02  2.04E-02   0.8772
11988.00 .8341675    5.19E-06  7.46E-02  6.98E-06  1.00E-01  1.67E-02  2.04E-02   0.7430
11989.00 .8340979    4.75E-06  6.83E-02  6.99E-06  1.00E-01  1.67E-02  2.04E-02   0.6800
11990.00 .8340284    6.14E-06  8.82E-02  7.01E-06  1.01E-01  1.67E-02  2.04E-02   0.8757
11991.00 .8339588    6.23E-06  8.95E-02  7.08E-06  1.02E-01  1.67E-02  2.04E-02   0.8799
11992.00 .8338892    6.13E-06  8.81E-02  6.96E-06  1.00E-01  1.67E-02  2.04E-02   0.8798
11993.00 .8338197    5.80E-06  8.34E-02  6.94E-06  9.98E-02  1.67E-02  2.04E-02   0.8353
11994.00 .8337502    5.51E-06  7.92E-02  6.94E-06  9.99E-02  1.67E-02  2.04E-02   0.7931
11995.00 .8336807    5.87E-06  8.45E-02  6.93E-06  9.97E-02  1.67E-02  2.04E-02   0.8477
11996.00 .8336112    5.07E-06  7.30E-02  6.93E-06  9.97E-02  1.67E-02  2.04E-02   0.7317
11997.00 .8335417    5.86E-06  8.43E-02  6.92E-06  9.97E-02  1.67E-02  2.05E-02   0.8459
11998.00 .8334723    5.49E-06  7.91E-02  6.94E-06  1.00E-01  1.67E-02  2.05E-02   0.7912
11999.00 .8334028    6.08E-06  8.75E-02  6.95E-06  1.00E-01  1.67E-02  2.05E-02   0.8742
12000.00 .8333333    6.09E-06  8.77E-02  6.96E-06  1.00E-01  1.67E-02  2.05E-02   0.8753
12001.00 .8332639    5.94E-06  8.55E-02  6.98E-06  1.01E-01  1.67E-02  2.05E-02   0.8503
12002.00 .8331945    4.55E-06  6.55E-02  7.12E-06  1.03E-01  1.67E-02  2.05E-02   0.6382
12003.00 .8331251    5.95E-06  8.58E-02  7.04E-06  1.01E-01  1.67E-02  2.05E-02   0.8463
12004.00 .8330557    5.64E-06  8.12E-02  6.64E-06  9.56E-02  1.68E-02  2.05E-02   0.8495
12005.00 .8329862    5.76E-06  8.30E-02  6.55E-06  9.45E-02  1.68E-02  2.05E-02   0.8781
12006.00 .8329169    5.52E-06  7.96E-02  6.54E-06  9.43E-02  1.68E-02  2.05E-02   0.8443
12007.00 .8328475    5.53E-06  7.98E-02  6.55E-06  9.45E-02  1.68E-02  2.05E-02   0.8441
12008.00 .8327782    5.82E-06  8.39E-02  6.68E-06  9.63E-02  1.68E-02  2.05E-02   0.8719
12009.00 .8327088    6.23E-06  8.99E-02  7.08E-06  1.02E-01  1.68E-02  2.05E-02   0.8804
12010.00 .8326395    6.30E-06  9.09E-02  7.17E-06  1.03E-01  1.68E-02  2.05E-02   0.8790
12011.00 .8325701    6.31E-06  9.11E-02  7.18E-06  1.04E-01  1.68E-02  2.06E-02   0.8794
12012.00 .8325008    6.26E-06  9.03E-02  7.16E-06  1.03E-01  1.68E-02  2.06E-02   0.8742
12013.00 .8324316    5.74E-06  8.29E-02  7.14E-06  1.03E-01  1.68E-02  2.06E-02   0.8044
12014.00 .8323622    2.15E-06  3.10E-02  7.13E-06  1.03E-01  1.68E-02  2.06E-02   0.3017
12015.00 .8322930    5.98E-06  8.63E-02  7.12E-06  1.03E-01  1.68E-02  2.06E-02   0.8397
12016.00 .8322237    6.23E-06  8.99E-02  7.12E-06  1.03E-01  1.68E-02  2.06E-02   0.8743
12017.00 .8321545    6.22E-06  8.99E-02  7.12E-06  1.03E-01  1.68E-02  2.06E-02   0.8745
12018.00 .8320852    5.68E-06  8.20E-02  7.03E-06  1.02E-01  1.68E-02  2.06E-02   0.8070
12019.00 .8320160    4.29E-06  6.19E-02  7.03E-06  1.02E-01  1.68E-02  2.06E-02   0.6102
12020.00 .8319467    6.06E-06  8.76E-02  7.02E-06  1.01E-01  1.68E-02  2.06E-02   0.8636
12021.00 .8318775    4.99E-06  7.22E-02  7.01E-06  1.01E-01  1.68E-02  2.06E-02   0.7120
12022.00 .8318083    5.75E-06  8.32E-02  7.03E-06  1.02E-01  1.69E-02  2.06E-02   0.8181
12023.00 .8317392    6.25E-06  9.04E-02  7.13E-06  1.03E-01  1.69E-02  2.06E-02   0.8766
12024.00 .8316700    6.20E-06  8.97E-02  7.13E-06  1.03E-01  1.69E-02  2.06E-02   0.8696
12025.00 .8316008    5.68E-06  8.21E-02  7.14E-06  1.03E-01  1.69E-02  2.07E-02   0.7946
12026.00 .8315317    6.19E-06  8.96E-02  7.13E-06  1.03E-01  1.69E-02  2.07E-02   0.8685
12027.00 .8314626    5.99E-06  8.66E-02  7.05E-06  1.02E-01  1.69E-02  2.07E-02   0.8491
12028.00 .8313934    4.63E-06  6.69E-02  6.93E-06  1.00E-01  1.69E-02  2.07E-02   0.6673
12029.00 .8313243    5.94E-06  8.59E-02  6.92E-06  1.00E-01  1.69E-02  2.07E-02   0.8588

                      IRRADIANCE (WATTS/CM2-XXXX)

   FREQ  WAVELENGTH      TRANSMITTED           SOLAR           INTEGRATED         TOTAL
  (CM-1) (MICRON)     (CM-1)    (MICRN)   (CM-1)    (MICRN)   TRANS.    SOLAR     TRANS
12030.00 .8312552    5.90E-06  8.54E-02  6.91E-06  1.00E-01  1.69E-02  2.07E-02   0.8535
12031.00 .8311861    6.05E-06  8.76E-02  6.93E-06  1.00E-01  1.69E-02  2.07E-02   0.8734
12032.00 .8311170    6.02E-06  8.72E-02  6.95E-06  1.01E-01  1.69E-02  2.07E-02   0.8673
12033.00 .8310480    6.04E-06  8.75E-02  6.90E-06  1.00E-01  1.69E-02  2.07E-02   0.8751
12034.00 .8309789    5.88E-06  8.51E-02  6.88E-06  9.97E-02  1.69E-02  2.07E-02   0.8535
12035.00 .8309098    5.92E-06  8.57E-02  6.80E-06  9.85E-02  1.69E-02  2.07E-02   0.8699
12036.00 .8308408    5.85E-06  8.47E-02  6.78E-06  9.83E-02  1.69E-02  2.07E-02   0.8621
12037.00 .8307718    5.33E-06  7.72E-02  6.85E-06  9.92E-02  1.69E-02  2.07E-02   0.7780
12038.00 .8307028    3.97E-06  5.75E-02  6.97E-06  1.01E-01  1.69E-02  2.07E-02   0.5690
12039.00 .8306338    4.78E-06  6.92E-02  7.02E-06  1.02E-01  1.70E-02  2.07E-02   0.6801
12040.00 .8305648    6.15E-06  8.92E-02  7.11E-06  1.03E-01  1.70E-02  2.08E-02   0.8647
12041.00 .8304958    6.20E-06  8.99E-02  7.12E-06  1.03E-01  1.70E-02  2.08E-02   0.8708
12042.00 .8304268    6.20E-06  8.99E-02  7.12E-06  1.03E-01  1.70E-02  2.08E-02   0.8702
12043.00 .8303579    6.16E-06  8.94E-02  7.11E-06  1.03E-01  1.70E-02  2.08E-02   0.8670
12044.00 .8302889    4.15E-06  6.02E-02  7.10E-06  1.03E-01  1.70E-02  2.08E-02   0.5848
12045.00 .8302200    5.74E-06  8.33E-02  7.07E-06  1.03E-01  1.70E-02  2.08E-02   0.8122
12046.00 .8301511    6.11E-06  8.87E-02  7.06E-06  1.02E-01  1.70E-02  2.08E-02   0.8660
12047.00 .8300822    6.13E-06  8.90E-02  7.05E-06  1.02E-01  1.70E-02  2.08E-02   0.8700
12048.00 .8300133    6.17E-06  8.96E-02  7.09E-06  1.03E-01  1.70E-02  2.08E-02   0.8705
12049.00 .8299444    6.24E-06  9.06E-02  7.11E-06  1.03E-01  1.70E-02  2.08E-02   0.8782
12050.00 .8298755    6.23E-06  9.05E-02  7.12E-06  1.03E-01  1.70E-02  2.08E-02   0.8753
12051.00 .8298066    5.74E-06  8.34E-02  7.06E-06  1.03E-01  1.70E-02  2.08E-02   0.8128
12052.00 .8297378    5.30E-06  7.70E-02  6.94E-06  1.01E-01  1.70E-02  2.08E-02   0.7635
12053.00 .8296689    2.71E-06  3.94E-02  6.93E-06  1.01E-01  1.70E-02  2.08E-02   0.3909
12054.00 .8296002    5.52E-06  8.02E-02  6.92E-06  1.01E-01  1.70E-02  2.09E-02   0.7972
12055.00 .8295313    6.05E-06  8.80E-02  6.93E-06  1.01E-01  1.70E-02  2.09E-02   0.8730
12056.00 .8294625    6.13E-06  8.91E-02  7.01E-06  1.02E-01  1.70E-02  2.09E-02   0.8750
12057.00 .8293937    6.24E-06  9.08E-02  7.14E-06  1.04E-01  1.71E-02  2.09E-02   0.8748
12058.00 .8293249    6.12E-06  8.90E-02  7.15E-06  1.04E-01  1.71E-02  2.09E-02   0.8561
12059.00 .8292562    6.19E-06  9.00E-02  7.15E-06  1.04E-01  1.71E-02  2.09E-02   0.8655
12060.00 .8291874    4.22E-06  6.14E-02  7.16E-06  1.04E-01  1.71E-02  2.09E-02   0.5895
12061.00 .8291187    5.92E-06  8.61E-02  7.12E-06  1.04E-01  1.71E-02  2.09E-02   0.8321
12062.00 .8290499    3.52E-06  5.12E-02  7.12E-06  1.04E-01  1.71E-02  2.09E-02   0.4942
12063.00 .8289812    4.79E-06  6.97E-02  7.13E-06  1.04E-01  1.71E-02  2.09E-02   0.6721
12064.00 .8289125    6.12E-06  8.90E-02  7.13E-06  1.04E-01  1.71E-02  2.09E-02   0.8576
12065.00 .8288438    6.21E-06  9.05E-02  7.14E-06  1.04E-01  1.71E-02  2.09E-02   0.8703
12066.00 .8287750    6.24E-06  9.08E-02  7.18E-06  1.05E-01  1.71E-02  2.09E-02   0.8684
12067.00 .8287064    6.26E-06  9.11E-02  7.17E-06  1.04E-01  1.71E-02  2.09E-02   0.8730
12068.00 .8286377    6.26E-06  9.12E-02  7.15E-06  1.04E-01  1.71E-02  2.10E-02   0.8754
12069.00 .8285691    6.20E-06  9.04E-02  7.14E-06  1.04E-01  1.71E-02  2.10E-02   0.8687
12070.00 .8285004    5.98E-06  8.71E-02  7.15E-06  1.04E-01  1.71E-02  2.10E-02   0.8363
12071.00 .8284318    2.99E-06  4.35E-02  7.15E-06  1.04E-01  1.71E-02  2.10E-02   0.4177
12072.00 .8283632    5.96E-06  8.69E-02  7.17E-06  1.05E-01  1.71E-02  2.10E-02   0.8313
12073.00 .8282945    6.19E-06  9.03E-02  7.19E-06  1.05E-01  1.71E-02  2.10E-02   0.8613
12074.00 .8282259    5.78E-06  8.42E-02  7.20E-06  1.05E-01  1.71E-02  2.10E-02   0.8029
12075.00 .8281574    4.56E-06  6.64E-02  7.19E-06  1.05E-01  1.72E-02  2.10E-02   0.6337
12076.00 .8280888    6.01E-06  8.77E-02  7.19E-06  1.05E-01  1.72E-02  2.10E-02   0.8365
12077.00 .8280202    6.17E-06  9.00E-02  7.15E-06  1.04E-01  1.72E-02  2.10E-02   0.8630
12078.00 .8279517    5.99E-06  8.74E-02  7.09E-06  1.03E-01  1.72E-02  2.10E-02   0.8441
12079.00 .8278831    3.40E-06  4.97E-02  7.10E-06  1.04E-01  1.72E-02  2.10E-02   0.4797

                      IRRADIANCE (WATTS/CM2-XXXX)

   FREQ  WAVELENGTH      TRANSMITTED           SOLAR           INTEGRATED         TOTAL
  (CM-1) (MICRON)     (CM-1)    (MICRN)   (CM-1)    (MICRN)   TRANS.    SOLAR     TRANS
12080.00 .8278146    5.95E-06  8.69E-02  7.08E-06  1.03E-01  1.72E-02  2.10E-02   0.8404
12081.00 .8277460    5.97E-06  8.71E-02  7.07E-06  1.03E-01  1.72E-02  2.10E-02   0.8446
12082.00 .8276775    3.11E-06  4.54E-02  7.09E-06  1.04E-01  1.72E-02  2.11E-02   0.4389
12083.00 .8276091    5.52E-06  8.06E-02  7.12E-06  1.04E-01  1.72E-02  2.11E-02   0.7754
12084.00 .8275406    5.77E-06  8.43E-02  7.12E-06  1.04E-01  1.72E-02  2.11E-02   0.8103
12085.00 .8274721    5.82E-06  8.50E-02  7.14E-06  1.04E-01  1.72E-02  2.11E-02   0.8154
12086.00 .8274036    4.54E-06  6.63E-02  7.15E-06  1.04E-01  1.72E-02  2.11E-02   0.6350
12087.00 .8273352    6.19E-06  9.05E-02  7.13E-06  1.04E-01  1.72E-02  2.11E-02   0.8689
12088.00 .8272667    6.23E-06  9.11E-02  7.15E-06  1.04E-01  1.72E-02  2.11E-02   0.8721
12089.00 .8271983    6.26E-06  9.15E-02  7.15E-06  1.05E-01  1.72E-02  2.11E-02   0.8754
12090.00 .8271298    5.92E-06  8.66E-02  7.15E-06  1.04E-01  1.72E-02  2.11E-02   0.8284
12091.00 .8270615    6.24E-06  9.12E-02  7.14E-06  1.04E-01  1.72E-02  2.11E-02   0.8736
12092.00 .8269930    6.28E-06  9.18E-02  7.15E-06  1.05E-01  1.72E-02  2.11E-02   0.8780
12093.00 .8269247    6.25E-06  9.14E-02  7.16E-06  1.05E-01  1.73E-02  2.11E-02   0.8732
12094.00 .8268563    6.28E-06  9.18E-02  7.16E-06  1.05E-01  1.73E-02  2.11E-02   0.8771
12095.00 .8267879    6.23E-06  9.12E-02  7.14E-06  1.04E-01  1.73E-02  2.11E-02   0.8732
12096.00 .8267196    5.98E-06  8.74E-02  7.08E-06  1.04E-01  1.73E-02  2.12E-02   0.8444
12097.00 .8266512    6.16E-06  9.01E-02  7.08E-06  1.04E-01  1.73E-02  2.12E-02   0.8690
12098.00 .8265829    4.36E-06  6.38E-02  7.08E-06  1.04E-01  1.73E-02  2.12E-02   0.6153
12099.00 .8265146    5.97E-06  8.74E-02  7.09E-06  1.04E-01  1.73E-02  2.12E-02   0.8423
12100.00 .8264463    6.21E-06  9.09E-02  7.11E-06  1.04E-01  1.73E-02  2.12E-02   0.8727
12101.00 .8263780    6.22E-06  9.11E-02  7.18E-06  1.05E-01  1.73E-02  2.12E-02   0.8662
12102.00 .8263097    6.20E-06  9.08E-02  7.19E-06  1.05E-01  1.73E-02  2.12E-02   0.8622
12103.00 .8262414    5.70E-06  8.35E-02  7.19E-06  1.05E-01  1.73E-02  2.12E-02   0.7928
12104.00 .8261732    4.38E-06  6.41E-02  7.18E-06  1.05E-01  1.73E-02  2.12E-02   0.6098
12105.00 .8261049    6.20E-06  9.09E-02  7.16E-06  1.05E-01  1.73E-02  2.12E-02   0.8670
12106.00 .8260367    5.85E-06  8.57E-02  7.12E-06  1.04E-01  1.73E-02  2.12E-02   0.8217
12107.00 .8259684    5.97E-06  8.75E-02  7.04E-06  1.03E-01  1.73E-02  2.12E-02   0.8474
12108.00 .8259003    3.38E-06  4.96E-02  7.04E-06  1.03E-01  1.73E-02  2.12E-02   0.4809
12109.00 .8258320    5.20E-06  7.62E-02  7.02E-06  1.03E-01  1.73E-02  2.12E-02   0.7403
12110.00 .8257638    6.06E-06  8.89E-02  7.01E-06  1.03E-01  1.74E-02  2.13E-02   0.8645
12111.00 .8256956    6.08E-06  8.92E-02  7.05E-06  1.03E-01  1.74E-02  2.13E-02   0.8623
12112.00 .8256275    6.21E-06  9.11E-02  7.12E-06  1.04E-01  1.74E-02  2.13E-02   0.8720
12113.00 .8255593    6.12E-06  8.98E-02  7.12E-06  1.04E-01  1.74E-02  2.13E-02   0.8599
12114.00 .8254912    4.69E-06  6.89E-02  7.14E-06  1.05E-01  1.74E-02  2.13E-02   0.6576
12115.00 .8254230    6.18E-06  9.07E-02  7.15E-06  1.05E-01  1.74E-02  2.13E-02   0.8639
12116.00 .8253549    6.25E-06  9.17E-02  7.16E-06  1.05E-01  1.74E-02  2.13E-02   0.8729
12117.00 .8252868    6.21E-06  9.12E-02  7.14E-06  1.05E-01  1.74E-02  2.13E-02   0.8699
12118.00 .8252187    6.14E-06  9.02E-02  7.03E-06  1.03E-01  1.74E-02  2.13E-02   0.8732
12119.00 .8251506    6.02E-06  8.85E-02  6.89E-06  1.01E-01  1.74E-02  2.13E-02   0.8743
12120.00 .8250825    5.88E-06  8.64E-02  6.86E-06  1.01E-01  1.74E-02  2.13E-02   0.8583
12121.00 .8250144    5.98E-06  8.78E-02  6.85E-06  1.01E-01  1.74E-02  2.13E-02   0.8729
12122.00 .8249464    6.00E-06  8.81E-02  6.87E-06  1.01E-01  1.74E-02  2.13E-02   0.8727
12123.00 .8248783    5.94E-06  8.73E-02  7.00E-06  1.03E-01  1.74E-02  2.13E-02   0.8490
12124.00 .8248103    6.24E-06  9.18E-02  7.14E-06  1.05E-01  1.74E-02  2.14E-02   0.8741
12125.00 .8247423    6.23E-06  9.16E-02  7.16E-06  1.05E-01  1.74E-02  2.14E-02   0.8708
12126.00 .8246742    6.13E-06  9.01E-02  7.16E-06  1.05E-01  1.74E-02  2.14E-02   0.8553
12127.00 .8246062    4.24E-06  6.24E-02  7.16E-06  1.05E-01  1.75E-02  2.14E-02   0.5925
12128.00 .8245382    4.68E-06  6.88E-02  7.13E-06  1.05E-01  1.75E-02  2.14E-02   0.6556
12129.00 .8244703    5.88E-06  8.65E-02  7.08E-06  1.04E-01  1.75E-02  2.14E-02   0.8297

                      IRRADIANCE (WATTS/CM2-XXXX)

   FREQ  WAVELENGTH      TRANSMITTED           SOLAR           INTEGRATED         TOTAL
  (CM-1) (MICRON)     (CM-1)    (MICRN)   (CM-1)    (MICRN)   TRANS.    SOLAR     TRANS
12130.00 .8244023    6.19E-06  9.11E-02  7.11E-06  1.05E-01  1.75E-02  2.14E-02   0.8707
12131.00 .8243343    6.11E-06  9.00E-02  7.09E-06  1.04E-01  1.75E-02  2.14E-02   0.8619
12132.00 .8242664    5.84E-06  8.60E-02  6.97E-06  1.03E-01  1.75E-02  2.14E-02   0.8380
12133.00 .8241985    4.95E-06  7.29E-02  6.97E-06  1.03E-01  1.75E-02  2.14E-02   0.7105
12134.00 .8241305    6.08E-06  8.95E-02  7.00E-06  1.03E-01  1.75E-02  2.14E-02   0.8685
12135.00 .8240626    6.00E-06  8.84E-02  6.99E-06  1.03E-01  1.75E-02  2.14E-02   0.8590
12136.00 .8239948    5.95E-06  8.76E-02  6.99E-06  1.03E-01  1.75E-02  2.14E-02   0.8504
12137.00 .8239268    5.25E-06  7.73E-02  7.11E-06  1.05E-01  1.75E-02  2.14E-02   0.7375
12138.00 .8238590    5.79E-06  8.53E-02  7.13E-06  1.05E-01  1.75E-02  2.15E-02   0.8129
12139.00 .8237911    6.09E-06  8.97E-02  7.14E-06  1.05E-01  1.75E-02  2.15E-02   0.8522
12140.00 .8237233    6.14E-06  9.05E-02  7.15E-06  1.05E-01  1.75E-02  2.15E-02   0.8588
12141.00 .8236554    4.94E-06  7.29E-02  7.12E-06  1.05E-01  1.75E-02  2.15E-02   0.6943
12142.00 .8235875    4.21E-06  6.20E-02  6.95E-06  1.03E-01  1.75E-02  2.15E-02   0.6048
12143.00 .8235197    5.84E-06  8.61E-02  6.87E-06  1.01E-01  1.75E-02  2.15E-02   0.8497
12144.00 .8234519    5.48E-06  8.08E-02  6.71E-06  9.90E-02  1.75E-02  2.15E-02   0.8159
12145.00 .8233841    1.84E-06  2.71E-02  6.65E-06  9.80E-02  1.75E-02  2.15E-02   0.2762
12146.00 .8233163    4.63E-06  6.83E-02  6.66E-06  9.83E-02  1.76E-02  2.15E-02   0.6946
12147.00 .8232486    4.92E-06  7.27E-02  6.83E-06  1.01E-01  1.76E-02  2.15E-02   0.7210
12148.00 .8231808    3.94E-06  5.82E-02  6.91E-06  1.02E-01  1.76E-02  2.15E-02   0.5708
12149.00 .8231130    3.31E-06  4.89E-02  7.06E-06  1.04E-01  1.76E-02  2.15E-02   0.4690
12150.00 .8230453    8.73E-07  1.29E-02  7.14E-06  1.05E-01  1.76E-02  2.15E-02   0.1224
12151.00 .8229775    4.80E-06  7.08E-02  7.16E-06  1.06E-01  1.76E-02  2.15E-02   0.6697
12152.00 .8229098    2.66E-06  3.93E-02  7.17E-06  1.06E-01  1.76E-02  2.15E-02   0.3717
12153.00 .8228421    5.76E-06  8.50E-02  7.18E-06  1.06E-01  1.76E-02  2.16E-02   0.8012
12154.00 .8227744    4.79E-06  7.08E-02  7.20E-06  1.06E-01  1.76E-02  2.16E-02   0.6660
12155.00 .8227067    6.07E-06  8.98E-02  7.19E-06  1.06E-01  1.76E-02  2.16E-02   0.8445
12156.00 .8226390    3.84E-06  5.67E-02  7.16E-06  1.06E-01  1.76E-02  2.16E-02   0.5355
12157.00 .8225713    5.94E-06  8.78E-02  7.11E-06  1.05E-01  1.76E-02  2.16E-02   0.8346
12158.00 .8225037    6.00E-06  8.88E-02  7.05E-06  1.04E-01  1.76E-02  2.16E-02   0.8512
12159.00 .8224360    5.84E-06  8.63E-02  6.88E-06  1.02E-01  1.76E-02  2.16E-02   0.8487
12160.00 .8223684    4.18E-06  6.18E-02  6.61E-06  9.78E-02  1.76E-02  2.16E-02   0.6319
12161.00 .8223008    5.63E-06  8.32E-02  6.58E-06  9.74E-02  1.76E-02  2.16E-02   0.8547
12162.00 .8222332    5.77E-06  8.54E-02  6.62E-06  9.79E-02  1.76E-02  2.16E-02   0.8719
12163.00 .8221656    5.77E-06  8.54E-02  6.68E-06  9.88E-02  1.76E-02  2.16E-02   0.8637
12164.00 .8220980    5.79E-06  8.56E-02  6.86E-06  1.02E-01  1.76E-02  2.16E-02   0.8437
12165.00 .8220304    3.72E-06  5.51E-02  7.12E-06  1.05E-01  1.76E-02  2.16E-02   0.5229
12166.00 .8219628    6.12E-06  9.06E-02  7.14E-06  1.06E-01  1.77E-02  2.16E-02   0.8572
12167.00 .8218953    6.13E-06  9.07E-02  7.11E-06  1.05E-01  1.77E-02  2.17E-02   0.8613
12168.00 .8218278    6.17E-06  9.14E-02  7.09E-06  1.05E-01  1.77E-02  2.17E-02   0.8702
12169.00 .8217602    6.08E-06  9.00E-02  7.05E-06  1.04E-01  1.77E-02  2.17E-02   0.8626
12170.00 .8216927    5.67E-06  8.39E-02  6.89E-06  1.02E-01  1.77E-02  2.17E-02   0.8228
12171.00 .8216252    5.82E-06  8.62E-02  6.81E-06  1.01E-01  1.77E-02  2.17E-02   0.8545
12172.00 .8215577    5.94E-06  8.80E-02  6.82E-06  1.01E-01  1.77E-02  2.17E-02   0.8709
12173.00 .8214902    5.66E-06  8.39E-02  6.78E-06  1.00E-01  1.77E-02  2.17E-02   0.8348
12174.00 .8214227    4.40E-06  6.52E-02  6.81E-06  1.01E-01  1.77E-02  2.17E-02   0.6459
12175.00 .8213552    5.92E-06  8.78E-02  6.96E-06  1.03E-01  1.77E-02  2.17E-02   0.8516
12176.00 .8212878    5.61E-06  8.32E-02  7.04E-06  1.04E-01  1.77E-02  2.17E-02   0.7969
12177.00 .8212203    5.95E-06  8.82E-02  7.03E-06  1.04E-01  1.77E-02  2.17E-02   0.8459
12178.00 .8211529    5.41E-06  8.03E-02  6.94E-06  1.03E-01  1.77E-02  2.17E-02   0.7806
12179.00 .8210855    6.03E-06  8.95E-02  6.91E-06  1.03E-01  1.77E-02  2.17E-02   0.8726

                      IRRADIANCE (WATTS/CM2-XXXX)

   FREQ  WAVELENGTH      TRANSMITTED           SOLAR           INTEGRATED         TOTAL
  (CM-1) (MICRON)     (CM-1)    (MICRN)   (CM-1)    (MICRN)   TRANS.    SOLAR     TRANS
12180.00 .8210180    6.07E-06  9.00E-02  6.94E-06  1.03E-01  1.77E-02  2.17E-02   0.8739
12181.00 .8209507    6.08E-06  9.02E-02  6.95E-06  1.03E-01  1.77E-02  2.17E-02   0.8749
12182.00 .8208833    6.00E-06  8.91E-02  6.91E-06  1.02E-01  1.77E-02  2.18E-02   0.8694
12183.00 .8208159    6.14E-06  9.11E-02  7.01E-06  1.04E-01  1.77E-02  2.18E-02   0.8752
12184.00 .8207485    6.09E-06  9.04E-02  7.02E-06  1.04E-01  1.78E-02  2.18E-02   0.8671
12185.00 .8206812    5.73E-06  8.50E-02  7.00E-06  1.04E-01  1.78E-02  2.18E-02   0.8178
12186.00 .8206138    6.12E-06  9.08E-02  7.00E-06  1.04E-01  1.78E-02  2.18E-02   0.8736
12187.00 .8205465    6.10E-06  9.07E-02  7.00E-06  1.04E-01  1.78E-02  2.18E-02   0.8719
12188.00 .8204792    6.06E-06  9.00E-02  6.96E-06  1.03E-01  1.78E-02  2.18E-02   0.8703
12189.00 .8204119    5.99E-06  8.91E-02  6.97E-06  1.04E-01  1.78E-02  2.18E-02   0.8598
12190.00 .8203446    5.68E-06  8.45E-02  6.96E-06  1.03E-01  1.78E-02  2.18E-02   0.8164
12191.00 .8202773    3.89E-06  5.78E-02  6.81E-06  1.01E-01  1.78E-02  2.18E-02   0.5710
12192.00 .8202100    4.58E-06  6.80E-02  6.85E-06  1.02E-01  1.78E-02  2.18E-02   0.6681
12193.00 .8201427    4.86E-06  7.23E-02  6.93E-06  1.03E-01  1.78E-02  2.18E-02   0.7018
12194.00 .8200755    5.66E-06  8.41E-02  6.92E-06  1.03E-01  1.78E-02  2.18E-02   0.8179
12195.00 .8200082    2.51E-06  3.74E-02  6.91E-06  1.03E-01  1.78E-02  2.18E-02   0.3639
12196.00 .8199410    5.35E-06  7.96E-02  7.00E-06  1.04E-01  1.78E-02  2.19E-02   0.7647
12197.00 .8198738    5.79E-06  8.61E-02  6.74E-06  1.00E-01  1.78E-02  2.19E-02   0.8587
12198.00 .8198065    5.62E-06  8.36E-02  6.48E-06  9.64E-02  1.78E-02  2.19E-02   0.8671
12199.00 .8197393    5.60E-06  8.33E-02  6.45E-06  9.60E-02  1.78E-02  2.19E-02   0.8676
12200.00 .8196721    5.55E-06  8.25E-02  6.47E-06  9.64E-02  1.78E-02  2.19E-02   0.8566
12201.00 .8196049    5.30E-06  7.90E-02  6.51E-06  9.68E-02  1.78E-02  2.19E-02   0.8153
12202.00 .8195378    2.70E-06  4.03E-02  6.81E-06  1.01E-01  1.78E-02  2.19E-02   0.3969
12203.00 .8194706    5.79E-06  8.63E-02  7.09E-06  1.06E-01  1.79E-02  2.19E-02   0.8175
12204.00 .8194035    6.07E-06  9.04E-02  7.13E-06  1.06E-01  1.79E-02  2.19E-02   0.8505
12205.00 .8193364    6.05E-06  9.01E-02  7.15E-06  1.07E-01  1.79E-02  2.19E-02   0.8460
12206.00 .8192692    6.14E-06  9.14E-02  7.19E-06  1.07E-01  1.79E-02  2.19E-02   0.8539
12207.00 .8192021    5.18E-06  7.72E-02  7.17E-06  1.07E-01  1.79E-02  2.19E-02   0.7232
12208.00 .8191350    2.69E-06  4.01E-02  7.12E-06  1.06E-01  1.79E-02  2.19E-02   0.3781
12209.00 .8190679    5.83E-06  8.70E-02  7.02E-06  1.05E-01  1.79E-02  2.19E-02   0.8309
12210.00 .8190008    5.75E-06  8.57E-02  6.98E-06  1.04E-01  1.79E-02  2.20E-02   0.8235
12211.00 .8189337    5.90E-06  8.80E-02  6.97E-06  1.04E-01  1.79E-02  2.20E-02   0.8461
12212.00 .8188667    3.48E-06  5.20E-02  6.98E-06  1.04E-01  1.79E-02  2.20E-02   0.4991
12213.00 .8187996    5.85E-06  8.72E-02  6.99E-06  1.04E-01  1.79E-02  2.20E-02   0.8369
12214.00 .8187326    6.01E-06  8.96E-02  6.97E-06  1.04E-01  1.79E-02  2.20E-02   0.8610
12215.00 .8186656    5.67E-06  8.46E-02  6.68E-06  9.96E-02  1.79E-02  2.20E-02   0.8492
12216.00 .8185986    5.64E-06  8.42E-02  6.62E-06  9.87E-02  1.79E-02  2.20E-02   0.8525
12217.00 .8185316    5.02E-06  7.50E-02  6.62E-06  9.88E-02  1.79E-02  2.20E-02   0.7587
12218.00 .8184646    5.23E-06  7.81E-02  6.62E-06  9.89E-02  1.79E-02  2.20E-02   0.7901
12219.00 .8183976    3.27E-06  4.88E-02  6.73E-06  1.00E-01  1.79E-02  2.20E-02   0.4862
12220.00 .8183306    5.95E-06  8.88E-02  7.05E-06  1.05E-01  1.79E-02  2.20E-02   0.8433
12221.00 .8182636    6.02E-06  8.99E-02  7.04E-06  1.05E-01  1.80E-02  2.20E-02   0.8552
12222.00 .8181967    5.65E-06  8.45E-02  7.03E-06  1.05E-01  1.80E-02  2.20E-02   0.8044
12223.00 .8181298    3.59E-06  5.37E-02  7.05E-06  1.05E-01  1.80E-02  2.20E-02   0.5094
12224.00 .8180628    3.89E-06  5.81E-02  7.06E-06  1.05E-01  1.80E-02  2.20E-02   0.5513
12225.00 .8179959    3.75E-06  5.61E-02  7.07E-06  1.06E-01  1.80E-02  2.21E-02   0.5308
12226.00 .8179290    2.36E-06  3.53E-02  7.16E-06  1.07E-01  1.80E-02  2.21E-02   0.3297
12227.00 .8178621    5.58E-06  8.34E-02  7.16E-06  1.07E-01  1.80E-02  2.21E-02   0.7792
12228.00 .8177952    6.09E-06  9.10E-02  7.14E-06  1.07E-01  1.80E-02  2.21E-02   0.8522
12229.00 .8177283    6.12E-06  9.15E-02  7.13E-06  1.07E-01  1.80E-02  2.21E-02   0.8578

                      IRRADIANCE (WATTS/CM2-XXXX)

   FREQ  WAVELENGTH      TRANSMITTED           SOLAR           INTEGRATED         TOTAL
  (CM-1) (MICRON)     (CM-1)    (MICRN)   (CM-1)    (MICRN)   TRANS.    SOLAR     TRANS
12230.00 .8176615    5.73E-06  8.57E-02  7.12E-06  1.07E-01  1.80E-02  2.21E-02   0.8042
12231.00 .8175946    5.99E-06  8.96E-02  7.12E-06  1.06E-01  1.80E-02  2.21E-02   0.8416
12232.00 .8175278    5.87E-06  8.78E-02  7.13E-06  1.07E-01  1.80E-02  2.21E-02   0.8230
12233.00 .8174610    6.19E-06  9.26E-02  7.15E-06  1.07E-01  1.80E-02  2.21E-02   0.8659
12234.00 .8173941    6.07E-06  9.09E-02  7.16E-06  1.07E-01  1.80E-02  2.21E-02   0.8477
12235.00 .8173273    6.14E-06  9.18E-02  7.16E-06  1.07E-01  1.80E-02  2.21E-02   0.8566
12236.00 .8172606    5.19E-06  7.77E-02  7.14E-06  1.07E-01  1.80E-02  2.21E-02   0.7267
12237.00 .8171937    2.86E-06  4.28E-02  7.05E-06  1.06E-01  1.80E-02  2.21E-02   0.4056
12238.00 .8171270    3.30E-06  4.94E-02  7.03E-06  1.05E-01  1.80E-02  2.21E-02   0.4694
12239.00 .8170602    5.60E-06  8.38E-02  7.03E-06  1.05E-01  1.80E-02  2.22E-02   0.7959
12240.00 .8169935    6.03E-06  9.04E-02  7.04E-06  1.05E-01  1.80E-02  2.22E-02   0.8572
12241.00 .8169267    5.96E-06  8.94E-02  7.06E-06  1.06E-01  1.81E-02  2.22E-02   0.8448
12242.00 .8168600    5.98E-06  8.97E-02  7.14E-06  1.07E-01  1.81E-02  2.22E-02   0.8377
12243.00 .8167933    6.01E-06  9.01E-02  7.17E-06  1.07E-01  1.81E-02  2.22E-02   0.8385
12244.00 .8167266    4.50E-06  6.75E-02  7.17E-06  1.08E-01  1.81E-02  2.22E-02   0.6277
12245.00 .8166599    2.37E-06  3.55E-02  7.16E-06  1.07E-01  1.81E-02  2.22E-02   0.3309
12246.00 .8165932    5.61E-06  8.41E-02  7.06E-06  1.06E-01  1.81E-02  2.22E-02   0.7943
12247.00 .8165265    5.63E-06  8.45E-02  7.02E-06  1.05E-01  1.81E-02  2.22E-02   0.8020
12248.00 .8164598    2.64E-06  3.96E-02  7.02E-06  1.05E-01  1.81E-02  2.22E-02   0.3760
12249.00 .8163932    2.62E-06  3.92E-02  7.00E-06  1.05E-01  1.81E-02  2.22E-02   0.3734
12250.00 .8163266    5.33E-06  8.00E-02  7.01E-06  1.05E-01  1.81E-02  2.22E-02   0.7605
12251.00 .8162599    6.09E-06  9.15E-02  7.10E-06  1.07E-01  1.81E-02  2.22E-02   0.8585
12252.00 .8161933    6.14E-06  9.22E-02  7.12E-06  1.07E-01  1.81E-02  2.22E-02   0.8622
12253.00 .8161266    6.05E-06  9.08E-02  7.12E-06  1.07E-01  1.81E-02  2.23E-02   0.8498
12254.00 .8160601    5.59E-06  8.39E-02  7.09E-06  1.06E-01  1.81E-02  2.23E-02   0.7883
12255.00 .8159935    4.47E-06  6.71E-02  7.09E-06  1.06E-01  1.81E-02  2.23E-02   0.6304
12256.00 .8159269    5.92E-06  8.89E-02  7.09E-06  1.07E-01  1.81E-02  2.23E-02   0.8340
12257.00 .8158603    6.06E-06  9.10E-02  7.08E-06  1.06E-01  1.81E-02  2.23E-02   0.8558
12258.00 .8157938    5.93E-06  8.91E-02  7.09E-06  1.06E-01  1.81E-02  2.23E-02   0.8370
12259.00 .8157272    5.30E-06  7.97E-02  7.12E-06  1.07E-01  1.81E-02  2.23E-02   0.7446
12260.00 .8156607    3.68E-06  5.53E-02  7.11E-06  1.07E-01  1.81E-02  2.23E-02   0.5175
12261.00 .8155941    4.55E-06  6.84E-02  7.12E-06  1.07E-01  1.82E-02  2.23E-02   0.6388
12262.00 .8155276    5.87E-06  8.82E-02  7.14E-06  1.07E-01  1.82E-02  2.23E-02   0.8221
12263.00 .8154612    4.23E-06  6.37E-02  7.13E-06  1.07E-01  1.82E-02  2.23E-02   0.5938
12264.00 .8153946    6.09E-06  9.16E-02  7.08E-06  1.07E-01  1.82E-02  2.23E-02   0.8598
12265.00 .8153282    6.02E-06  9.06E-02  7.01E-06  1.05E-01  1.82E-02  2.23E-02   0.8588
12266.00 .8152617    5.97E-06  8.98E-02  7.00E-06  1.05E-01  1.82E-02  2.23E-02   0.8517
12267.00 .8151953    3.59E-06  5.40E-02  7.00E-06  1.05E-01  1.82E-02  2.24E-02   0.5122
12268.00 .8151288    5.28E-06  7.95E-02  7.01E-06  1.06E-01  1.82E-02  2.24E-02   0.7534
12269.00 .8150623    3.85E-06  5.80E-02  7.06E-06  1.06E-01  1.82E-02  2.24E-02   0.5458
12270.00 .8149959    5.91E-06  8.90E-02  7.12E-06  1.07E-01  1.82E-02  2.24E-02   0.8301
12271.00 .8149295    4.60E-06  6.92E-02  7.13E-06  1.07E-01  1.82E-02  2.24E-02   0.6441
12272.00 .8148631    4.86E-06  7.31E-02  7.14E-06  1.07E-01  1.82E-02  2.24E-02   0.6807
12273.00 .8147967    6.05E-06  9.12E-02  7.14E-06  1.08E-01  1.82E-02  2.24E-02   0.8476
12274.00 .8147303    6.17E-06  9.30E-02  7.14E-06  1.08E-01  1.82E-02  2.24E-02   0.8648
12275.00 .8146639    5.43E-06  8.18E-02  7.13E-06  1.07E-01  1.82E-02  2.24E-02   0.7607
12276.00 .8145976    4.96E-06  7.47E-02  7.12E-06  1.07E-01  1.82E-02  2.24E-02   0.6965
12277.00 .8145313    6.13E-06  9.24E-02  7.12E-06  1.07E-01  1.82E-02  2.24E-02   0.8617
12278.00 .8144649    5.85E-06  8.82E-02  7.12E-06  1.07E-01  1.82E-02  2.24E-02   0.8215
12279.00 .8143986    4.27E-06  6.44E-02  7.11E-06  1.07E-01  1.82E-02  2.24E-02   0.6009

                      IRRADIANCE (WATTS/CM2-XXXX)

   FREQ  WAVELENGTH      TRANSMITTED           SOLAR           INTEGRATED         TOTAL
  (CM-1) (MICRON)     (CM-1)    (MICRN)   (CM-1)    (MICRN)   TRANS.    SOLAR     TRANS
12280.00 .8143322    5.49E-06  8.28E-02  7.11E-06  1.07E-01  1.83E-02  2.24E-02   0.7726
12281.00 .8142660    4.85E-06  7.32E-02  7.11E-06  1.07E-01  1.83E-02  2.25E-02   0.6821
12282.00 .8141996    5.51E-06  8.31E-02  7.12E-06  1.07E-01  1.83E-02  2.25E-02   0.7740
12283.00 .8141333    5.91E-06  8.92E-02  7.11E-06  1.07E-01  1.83E-02  2.25E-02   0.8317
12284.00 .8140671    6.18E-06  9.32E-02  7.12E-06  1.07E-01  1.83E-02  2.25E-02   0.8674
12285.00 .8140008    6.19E-06  9.34E-02  7.12E-06  1.07E-01  1.83E-02  2.25E-02   0.8691
12286.00 .8139346    5.85E-06  8.84E-02  7.13E-06  1.08E-01  1.83E-02  2.25E-02   0.8213
12287.00 .8138683    5.07E-06  7.66E-02  7.12E-06  1.07E-01  1.83E-02  2.25E-02   0.7128
12288.00 .8138021    6.10E-06  9.21E-02  7.13E-06  1.08E-01  1.83E-02  2.25E-02   0.8554
12289.00 .8137358    4.33E-06  6.54E-02  7.14E-06  1.08E-01  1.83E-02  2.25E-02   0.6061
12290.00 .8136696    5.79E-06  8.74E-02  7.16E-06  1.08E-01  1.83E-02  2.25E-02   0.8082
12291.00 .8136035    3.52E-06  5.32E-02  7.16E-06  1.08E-01  1.83E-02  2.25E-02   0.4917
12292.00 .8135372    5.67E-06  8.57E-02  7.17E-06  1.08E-01  1.83E-02  2.25E-02   0.7917
12293.00 .8134711    6.03E-06  9.11E-02  7.14E-06  1.08E-01  1.83E-02  2.25E-02   0.8439
12294.00 .8134049    6.10E-06  9.23E-02  7.12E-06  1.08E-01  1.83E-02  2.25E-02   0.8571
12295.00 .8133388    5.45E-06  8.23E-02  7.12E-06  1.08E-01  1.83E-02  2.26E-02   0.7650
12296.00 .8132726    4.72E-06  7.14E-02  7.11E-06  1.08E-01  1.83E-02  2.26E-02   0.6636
12297.00 .8132065    5.57E-06  8.42E-02  7.12E-06  1.08E-01  1.83E-02  2.26E-02   0.7823
12298.00 .8131403    6.20E-06  9.37E-02  7.12E-06  1.08E-01  1.84E-02  2.26E-02   0.8699
12299.00 .8130742    6.22E-06  9.41E-02  7.13E-06  1.08E-01  1.84E-02  2.26E-02   0.8724
12300.00 .8130081    6.19E-06  9.36E-02  7.10E-06  1.07E-01  1.84E-02  2.26E-02   0.8712
12301.00 .8129420    6.02E-06  9.12E-02  7.09E-06  1.07E-01  1.84E-02  2.26E-02   0.8494
12302.00 .8128759    5.72E-06  8.66E-02  7.07E-06  1.07E-01  1.84E-02  2.26E-02   0.8092
12303.00 .8128099    6.10E-06  9.24E-02  7.05E-06  1.07E-01  1.84E-02  2.26E-02   0.8659
12304.00 .8127438    5.32E-06  8.06E-02  7.06E-06  1.07E-01  1.84E-02  2.26E-02   0.7543
12305.00 .8126778    6.12E-06  9.27E-02  7.08E-06  1.07E-01  1.84E-02  2.26E-02   0.8641
12306.00 .8126118    6.00E-06  9.08E-02  7.10E-06  1.08E-01  1.84E-02  2.26E-02   0.8448
12307.00 .8125457    5.81E-06  8.81E-02  7.12E-06  1.08E-01  1.84E-02  2.26E-02   0.8166
12308.00 .8124797    5.40E-06  8.17E-02  7.15E-06  1.08E-01  1.84E-02  2.26E-02   0.7542
12309.00 .8124137    6.18E-06  9.36E-02  7.16E-06  1.08E-01  1.84E-02  2.27E-02   0.8629
12310.00 .8123477    5.66E-06  8.57E-02  7.14E-06  1.08E-01  1.84E-02  2.27E-02   0.7923
12311.00 .8122817    5.79E-06  8.78E-02  7.13E-06  1.08E-01  1.84E-02  2.27E-02   0.8127
12312.00 .8122157    6.12E-06  9.28E-02  7.09E-06  1.07E-01  1.84E-02  2.27E-02   0.8637
12313.00 .8121498    6.12E-06  9.28E-02  7.09E-06  1.07E-01  1.84E-02  2.27E-02   0.8637
12314.00 .8120838    5.55E-06  8.42E-02  7.08E-06  1.07E-01  1.84E-02  2.27E-02   0.7845
12315.00 .8120179    5.93E-06  9.00E-02  7.07E-06  1.07E-01  1.85E-02  2.27E-02   0.8388
12316.00 .8119519    6.14E-06  9.31E-02  7.06E-06  1.07E-01  1.85E-02  2.27E-02   0.8693
12317.00 .8118860    6.15E-06  9.34E-02  7.09E-06  1.08E-01  1.85E-02  2.27E-02   0.8681
12318.00 .8118201    6.13E-06  9.30E-02  7.06E-06  1.07E-01  1.85E-02  2.27E-02   0.8687
12319.00 .8117542    6.16E-06  9.35E-02  7.06E-06  1.07E-01  1.85E-02  2.27E-02   0.8721
12320.00 .8116883    5.98E-06  9.07E-02  7.09E-06  1.08E-01  1.85E-02  2.27E-02   0.8432
12321.00 .8116224    5.31E-06  8.06E-02  7.11E-06  1.08E-01  1.85E-02  2.27E-02   0.7472
12322.00 .8115566    5.65E-06  8.58E-02  7.09E-06  1.08E-01  1.85E-02  2.27E-02   0.7973
12323.00 .8114907    5.73E-06  8.71E-02  7.11E-06  1.08E-01  1.85E-02  2.27E-02   0.8064
12324.00 .8114249    6.10E-06  9.26E-02  7.09E-06  1.08E-01  1.85E-02  2.28E-02   0.8600
12325.00 .8113590    6.15E-06  9.34E-02  7.07E-06  1.07E-01  1.85E-02  2.28E-02   0.8692
12326.00 .8112932    5.84E-06  8.88E-02  7.06E-06  1.07E-01  1.85E-02  2.28E-02   0.8271
12327.00 .8112274    6.01E-06  9.14E-02  7.10E-06  1.08E-01  1.85E-02  2.28E-02   0.8474
12328.00 .8111616    6.15E-06  9.35E-02  7.08E-06  1.08E-01  1.85E-02  2.28E-02   0.8691
12329.00 .8110958    5.95E-06  9.05E-02  7.10E-06  1.08E-01  1.85E-02  2.28E-02   0.8386

                      IRRADIANCE (WATTS/CM2-XXXX)

   FREQ  WAVELENGTH      TRANSMITTED           SOLAR           INTEGRATED         TOTAL
  (CM-1) (MICRON)     (CM-1)    (MICRN)   (CM-1)    (MICRN)   TRANS.    SOLAR     TRANS
12330.00 .8110300    5.68E-06  8.64E-02  7.12E-06  1.08E-01  1.85E-02  2.28E-02   0.7978
12331.00 .8109642    6.02E-06  9.15E-02  7.12E-06  1.08E-01  1.85E-02  2.28E-02   0.8459
12332.00 .8108985    6.18E-06  9.40E-02  7.10E-06  1.08E-01  1.86E-02  2.28E-02   0.8707
12333.00 .8108327    5.97E-06  9.08E-02  7.11E-06  1.08E-01  1.86E-02  2.28E-02   0.8393
12334.00 .8107670    6.20E-06  9.43E-02  7.10E-06  1.08E-01  1.86E-02  2.28E-02   0.8729
12335.00 .8107013    5.97E-06  9.09E-02  7.09E-06  1.08E-01  1.86E-02  2.28E-02   0.8423
12336.00 .8106356    6.20E-06  9.44E-02  7.10E-06  1.08E-01  1.86E-02  2.28E-02   0.8734
12337.00 .8105698    6.01E-06  9.15E-02  7.12E-06  1.08E-01  1.86E-02  2.28E-02   0.8447
12338.00 .8105041    6.19E-06  9.42E-02  7.13E-06  1.08E-01  1.86E-02  2.29E-02   0.8684
12339.00 .8104385    6.12E-06  9.32E-02  7.14E-06  1.09E-01  1.86E-02  2.29E-02   0.8575
12340.00 .8103728    5.99E-06  9.12E-02  7.16E-06  1.09E-01  1.86E-02  2.29E-02   0.8367
12341.00 .8103071    6.18E-06  9.42E-02  7.12E-06  1.08E-01  1.86E-02  2.29E-02   0.8684
12342.00 .8102415    6.09E-06  9.28E-02  6.96E-06  1.06E-01  1.86E-02  2.29E-02   0.8747
12343.00 .8101758    5.98E-06  9.11E-02  6.91E-06  1.05E-01  1.86E-02  2.29E-02   0.8648
12344.00 .8101102    5.78E-06  8.80E-02  6.87E-06  1.05E-01  1.86E-02  2.29E-02   0.8413
12345.00 .8100445    5.66E-06  8.63E-02  6.72E-06  1.02E-01  1.86E-02  2.29E-02   0.8421
12346.00 .8099790    5.77E-06  8.79E-02  6.73E-06  1.03E-01  1.86E-02  2.29E-02   0.8575
12347.00 .8099133    5.95E-06  9.07E-02  6.88E-06  1.05E-01  1.86E-02  2.29E-02   0.8639
12348.00 .8098478    5.59E-06  8.52E-02  6.94E-06  1.06E-01  1.86E-02  2.29E-02   0.8059
12349.00 .8097821    5.98E-06  9.12E-02  6.96E-06  1.06E-01  1.87E-02  2.29E-02   0.8592
12350.00 .8097166    6.09E-06  9.29E-02  7.05E-06  1.08E-01  1.87E-02  2.29E-02   0.8635
12351.00 .8096510    5.67E-06  8.65E-02  6.96E-06  1.06E-01  1.87E-02  2.29E-02   0.8138
12352.00 .8095855    5.97E-06  9.10E-02  6.90E-06  1.05E-01  1.87E-02  2.30E-02   0.8647
12353.00 .8095199    5.98E-06  9.13E-02  6.88E-06  1.05E-01  1.87E-02  2.30E-02   0.8692
12354.00 .8094544    6.01E-06  9.17E-02  6.89E-06  1.05E-01  1.87E-02  2.30E-02   0.8714
12355.00 .8093889    5.98E-06  9.13E-02  6.90E-06  1.05E-01  1.87E-02  2.30E-02   0.8672
12356.00 .8093234    5.98E-06  9.14E-02  6.97E-06  1.06E-01  1.87E-02  2.30E-02   0.8585
12357.00 .8092579    5.79E-06  8.84E-02  7.00E-06  1.07E-01  1.87E-02  2.30E-02   0.8266
12358.00 .8091924    6.12E-06  9.35E-02  7.01E-06  1.07E-01  1.87E-02  2.30E-02   0.8731
12359.00 .8091270    6.13E-06  9.36E-02  7.03E-06  1.07E-01  1.87E-02  2.30E-02   0.8717
12360.00 .8090615    6.13E-06  9.36E-02  7.08E-06  1.08E-01  1.87E-02  2.30E-02   0.8651
12361.00 .8089960    6.20E-06  9.47E-02  7.13E-06  1.09E-01  1.87E-02  2.30E-02   0.8698
12362.00 .8089306    6.20E-06  9.48E-02  7.12E-06  1.09E-01  1.87E-02  2.30E-02   0.8711
12363.00 .8088652    6.00E-06  9.16E-02  6.87E-06  1.05E-01  1.87E-02  2.30E-02   0.8722
12364.00 .8087997    5.68E-06  8.69E-02  6.82E-06  1.04E-01  1.87E-02  2.30E-02   0.8325
12365.00 .8087344    5.56E-06  8.51E-02  6.82E-06  1.04E-01  1.88E-02  2.30E-02   0.8157
12366.00 .8086689    5.80E-06  8.87E-02  6.82E-06  1.04E-01  1.88E-02  2.31E-02   0.8509
12367.00 .8086035    5.99E-06  9.16E-02  6.85E-06  1.05E-01  1.88E-02  2.31E-02   0.8745
12368.00 .8085381    6.13E-06  9.37E-02  7.09E-06  1.08E-01  1.88E-02  2.31E-02   0.8639
12369.00 .8084728    6.20E-06  9.49E-02  7.10E-06  1.09E-01  1.88E-02  2.31E-02   0.8733
12370.00 .8084074    6.08E-06  9.31E-02  7.03E-06  1.08E-01  1.88E-02  2.31E-02   0.8650
12371.00 .8083421    6.01E-06  9.20E-02  7.02E-06  1.07E-01  1.88E-02  2.31E-02   0.8562
12372.00 .8082768    6.07E-06  9.29E-02  7.04E-06  1.08E-01  1.88E-02  2.31E-02   0.8631
12373.00 .8082114    6.07E-06  9.30E-02  7.05E-06  1.08E-01  1.88E-02  2.31E-02   0.8619
12374.00 .8081461    6.09E-06  9.33E-02  7.07E-06  1.08E-01  1.88E-02  2.31E-02   0.8616
12375.00 .8080808    6.12E-06  9.37E-02  7.14E-06  1.09E-01  1.88E-02  2.31E-02   0.8567
12376.00 .8080155    6.25E-06  9.58E-02  7.16E-06  1.10E-01  1.88E-02  2.31E-02   0.8737
12377.00 .8079503    6.23E-06  9.55E-02  7.15E-06  1.09E-01  1.88E-02  2.31E-02   0.8722
12378.00 .8078849    6.17E-06  9.45E-02  7.06E-06  1.08E-01  1.88E-02  2.31E-02   0.8735
12379.00 .8078197    6.02E-06  9.23E-02  7.04E-06  1.08E-01  1.88E-02  2.31E-02   0.8553

                      IRRADIANCE (WATTS/CM2-XXXX)

   FREQ  WAVELENGTH      TRANSMITTED           SOLAR           INTEGRATED         TOTAL
  (CM-1) (MICRON)     (CM-1)    (MICRN)   (CM-1)    (MICRN)   TRANS.    SOLAR     TRANS
12380.00 .8077545    6.03E-06  9.25E-02  7.04E-06  1.08E-01  1.88E-02  2.31E-02   0.8574
12381.00 .8076892    6.06E-06  9.28E-02  7.02E-06  1.08E-01  1.88E-02  2.32E-02   0.8632
12382.00 .8076240    6.12E-06  9.38E-02  7.00E-06  1.07E-01  1.89E-02  2.32E-02   0.8748
12383.00 .8075588    6.15E-06  9.43E-02  7.03E-06  1.08E-01  1.89E-02  2.32E-02   0.8751
12384.00 .8074936    6.12E-06  9.38E-02  7.00E-06  1.07E-01  1.89E-02  2.32E-02   0.8732
12385.00 .8074284    6.07E-06  9.32E-02  6.96E-06  1.07E-01  1.89E-02  2.32E-02   0.8729
12386.00 .8073632    6.01E-06  9.23E-02  6.96E-06  1.07E-01  1.89E-02  2.32E-02   0.8641
12387.00 .8072979    6.04E-06  9.27E-02  6.98E-06  1.07E-01  1.89E-02  2.32E-02   0.8664
12388.00 .8072328    5.70E-06  8.75E-02  7.02E-06  1.08E-01  1.89E-02  2.32E-02   0.8125
12389.00 .8071676    6.12E-06  9.40E-02  7.05E-06  1.08E-01  1.89E-02  2.32E-02   0.8685
12390.00 .8071025    6.17E-06  9.46E-02  7.09E-06  1.09E-01  1.89E-02  2.32E-02   0.8694
12391.00 .8070374    6.19E-06  9.50E-02  7.10E-06  1.09E-01  1.89E-02  2.32E-02   0.8710
12392.00 .8069723    6.20E-06  9.52E-02  7.12E-06  1.09E-01  1.89E-02  2.32E-02   0.8710
12393.00 .8069071    6.25E-06  9.59E-02  7.14E-06  1.10E-01  1.89E-02  2.32E-02   0.8749
12394.00 .8068420    6.24E-06  9.59E-02  7.15E-06  1.10E-01  1.89E-02  2.32E-02   0.8728
12395.00 .8067769    6.16E-06  9.47E-02  7.16E-06  1.10E-01  1.89E-02  2.33E-02   0.8610
12396.00 .8067119    6.14E-06  9.44E-02  7.16E-06  1.10E-01  1.89E-02  2.33E-02   0.8582
12397.00 .8066468    6.25E-06  9.60E-02  7.16E-06  1.10E-01  1.89E-02  2.33E-02   0.8730
12398.00 .8065817    6.02E-06  9.26E-02  7.14E-06  1.10E-01  1.90E-02  2.33E-02   0.8432
12399.00 .8065166    6.18E-06  9.50E-02  7.14E-06  1.10E-01  1.90E-02  2.33E-02   0.8652
12400.00 .8064516    6.11E-06  9.40E-02  7.15E-06  1.10E-01  1.90E-02  2.33E-02   0.8553
12401.00 .8063866    6.22E-06  9.57E-02  7.13E-06  1.10E-01  1.90E-02  2.33E-02   0.8722
12402.00 .8063216    6.24E-06  9.60E-02  7.14E-06  1.10E-01  1.90E-02  2.33E-02   0.8744
12403.00 .8062565    6.18E-06  9.50E-02  7.15E-06  1.10E-01  1.90E-02  2.33E-02   0.8637
12404.00 .8061916    6.07E-06  9.34E-02  7.14E-06  1.10E-01  1.90E-02  2.33E-02   0.8494
12405.00 .8061265    6.15E-06  9.47E-02  7.15E-06  1.10E-01  1.90E-02  2.33E-02   0.8611
12406.00 .8060616    6.26E-06  9.63E-02  7.16E-06  1.10E-01  1.90E-02  2.33E-02   0.8737
12407.00 .8059966    6.26E-06  9.64E-02  7.16E-06  1.10E-01  1.90E-02  2.33E-02   0.8746
12408.00 .8059316    6.25E-06  9.62E-02  7.15E-06  1.10E-01  1.90E-02  2.33E-02   0.8741
12409.00 .8058667    6.21E-06  9.57E-02  7.14E-06  1.10E-01  1.90E-02  2.34E-02   0.8696
12410.00 .8058017    6.16E-06  9.49E-02  7.09E-06  1.09E-01  1.90E-02  2.34E-02   0.8692
12411.00 .8057368    6.10E-06  9.39E-02  7.05E-06  1.09E-01  1.90E-02  2.34E-02   0.8647
12412.00 .8056719    6.01E-06  9.26E-02  7.03E-06  1.08E-01  1.90E-02  2.34E-02   0.8547
12413.00 .8056070    6.15E-06  9.47E-02  7.05E-06  1.09E-01  1.90E-02  2.34E-02   0.8726
12414.00 .8055421    6.08E-06  9.36E-02  7.05E-06  1.09E-01  1.91E-02  2.34E-02   0.8614
12415.00 .8054773    6.00E-06  9.25E-02  7.10E-06  1.09E-01  1.91E-02  2.34E-02   0.8454
12416.00 .8054124    6.23E-06  9.60E-02  7.13E-06  1.10E-01  1.91E-02  2.34E-02   0.8729
12417.00 .8053475    6.19E-06  9.55E-02  7.08E-06  1.09E-01  1.91E-02  2.34E-02   0.8745
12418.00 .8052827    6.12E-06  9.43E-02  7.02E-06  1.08E-01  1.91E-02  2.34E-02   0.8716
12419.00 .8052178    6.11E-06  9.43E-02  6.99E-06  1.08E-01  1.91E-02  2.34E-02   0.8742
12420.00 .8051530    5.98E-06  9.23E-02  6.96E-06  1.07E-01  1.91E-02  2.34E-02   0.8594
12421.00 .8050882    5.94E-06  9.17E-02  6.84E-06  1.05E-01  1.91E-02  2.34E-02   0.8692
12422.00 .8050234    5.96E-06  9.20E-02  6.82E-06  1.05E-01  1.91E-02  2.34E-02   0.8743
12423.00 .8049585    5.78E-06  8.92E-02  6.61E-06  1.02E-01  1.91E-02  2.35E-02   0.8742
12424.00 .8048937    5.70E-06  8.80E-02  6.58E-06  1.02E-01  1.91E-02  2.35E-02   0.8658
12425.00 .8048290    5.73E-06  8.85E-02  6.62E-06  1.02E-01  1.91E-02  2.35E-02   0.8659
12426.00 .8047642    5.40E-06  8.33E-02  6.72E-06  1.04E-01  1.91E-02  2.35E-02   0.8029
12427.00 .8046994    5.90E-06  9.11E-02  6.80E-06  1.05E-01  1.91E-02  2.35E-02   0.8682
12428.00 .8046347    5.78E-06  8.93E-02  7.07E-06  1.09E-01  1.91E-02  2.35E-02   0.8176
12429.00 .8045700    6.06E-06  9.37E-02  7.13E-06  1.10E-01  1.91E-02  2.35E-02   0.8504

                      IRRADIANCE (WATTS/CM2-XXXX)

   FREQ  WAVELENGTH      TRANSMITTED           SOLAR           INTEGRATED         TOTAL
  (CM-1) (MICRON)     (CM-1)    (MICRN)   (CM-1)    (MICRN)   TRANS.    SOLAR     TRANS
12430.00 .8045052    5.91E-06  9.13E-02  7.14E-06  1.10E-01  1.91E-02  2.35E-02   0.8275
12431.00 .8044405    6.02E-06  9.30E-02  7.16E-06  1.11E-01  1.92E-02  2.35E-02   0.8405
12432.00 .8043758    6.22E-06  9.61E-02  7.15E-06  1.11E-01  1.92E-02  2.35E-02   0.8691
12433.00 .8043111    6.19E-06  9.57E-02  7.15E-06  1.11E-01  1.92E-02  2.35E-02   0.8659
12434.00 .8042464    6.24E-06  9.65E-02  7.15E-06  1.11E-01  1.92E-02  2.35E-02   0.8725
12435.00 .8041818    5.88E-06  9.09E-02  7.15E-06  1.11E-01  1.92E-02  2.35E-02   0.8225
12436.00 .8041171    6.24E-06  9.65E-02  7.16E-06  1.11E-01  1.92E-02  2.35E-02   0.8719
12437.00 .8040524    6.26E-06  9.68E-02  7.17E-06  1.11E-01  1.92E-02  2.36E-02   0.8726
12438.00 .8039878    6.18E-06  9.56E-02  7.16E-06  1.11E-01  1.92E-02  2.36E-02   0.8632
12439.00 .8039231    6.16E-06  9.54E-02  7.09E-06  1.10E-01  1.92E-02  2.36E-02   0.8700
12440.00 .8038585    5.60E-06  8.67E-02  7.00E-06  1.08E-01  1.92E-02  2.36E-02   0.8004
12441.00 .8037939    6.06E-06  9.38E-02  6.97E-06  1.08E-01  1.92E-02  2.36E-02   0.8693
12442.00 .8037293    5.94E-06  9.19E-02  6.97E-06  1.08E-01  1.92E-02  2.36E-02   0.8515
12443.00 .8036647    5.68E-06  8.79E-02  6.99E-06  1.08E-01  1.92E-02  2.36E-02   0.8123
12444.00 .8036001    5.81E-06  9.00E-02  7.05E-06  1.09E-01  1.92E-02  2.36E-02   0.8241
12445.00 .8035356    6.21E-06  9.63E-02  7.15E-06  1.11E-01  1.92E-02  2.36E-02   0.8689
12446.00 .8034710    6.26E-06  9.70E-02  7.17E-06  1.11E-01  1.92E-02  2.36E-02   0.8730
12447.00 .8034064    6.22E-06  9.64E-02  7.17E-06  1.11E-01  1.92E-02  2.36E-02   0.8684
12448.00 .8033419    6.10E-06  9.45E-02  7.17E-06  1.11E-01  1.93E-02  2.36E-02   0.8505
12449.00 .8032774    6.24E-06  9.67E-02  7.15E-06  1.11E-01  1.93E-02  2.36E-02   0.8727
12450.00 .8032129    6.11E-06  9.47E-02  7.03E-06  1.09E-01  1.93E-02  2.36E-02   0.8693
12451.00 .8031483    5.91E-06  9.16E-02  6.87E-06  1.07E-01  1.93E-02  2.37E-02   0.8594
12452.00 .8030838    5.40E-06  8.37E-02  6.84E-06  1.06E-01  1.93E-02  2.37E-02   0.7891
12453.00 .8030193    5.65E-06  8.76E-02  6.78E-06  1.05E-01  1.93E-02  2.37E-02   0.8339
12454.00 .8029549    5.85E-06  9.08E-02  6.77E-06  1.05E-01  1.93E-02  2.37E-02   0.8649
12455.00 .8028904    5.91E-06  9.17E-02  6.87E-06  1.07E-01  1.93E-02  2.37E-02   0.8605
12456.00 .8028259    5.93E-06  9.21E-02  7.01E-06  1.09E-01  1.93E-02  2.37E-02   0.8466
12457.00 .8027615    5.99E-06  9.29E-02  7.04E-06  1.09E-01  1.93E-02  2.37E-02   0.8503
12458.00 .8026971    6.16E-06  9.56E-02  7.11E-06  1.10E-01  1.93E-02  2.37E-02   0.8656
12459.00 .8026326    5.82E-06  9.04E-02  7.15E-06  1.11E-01  1.93E-02  2.37E-02   0.8150
12460.00 .8025682    5.86E-06  9.09E-02  7.12E-06  1.11E-01  1.93E-02  2.37E-02   0.8226
12461.00 .8025038    5.98E-06  9.28E-02  7.12E-06  1.11E-01  1.93E-02  2.37E-02   0.8397
12462.00 .8024394    5.96E-06  9.26E-02  7.12E-06  1.11E-01  1.93E-02  2.37E-02   0.8383
12463.00 .8023750    6.18E-06  9.60E-02  7.10E-06  1.10E-01  1.93E-02  2.37E-02   0.8702
12464.00 .8023106    5.83E-06  9.06E-02  7.11E-06  1.10E-01  1.93E-02  2.37E-02   0.8204
12465.00 .8022463    6.14E-06  9.54E-02  7.13E-06  1.11E-01  1.94E-02  2.37E-02   0.8608
12466.00 .8021820    6.22E-06  9.67E-02  7.13E-06  1.11E-01  1.94E-02  2.38E-02   0.8723
12467.00 .8021176    6.19E-06  9.62E-02  7.10E-06  1.10E-01  1.94E-02  2.38E-02   0.8724
12468.00 .8020533    6.06E-06  9.42E-02  7.07E-06  1.10E-01  1.94E-02  2.38E-02   0.8566
12469.00 .8019890    5.94E-06  9.24E-02  7.07E-06  1.10E-01  1.94E-02  2.38E-02   0.8402
12470.00 .8019246    6.14E-06  9.55E-02  7.07E-06  1.10E-01  1.94E-02  2.38E-02   0.8687
12471.00 .8018603    6.12E-06  9.51E-02  7.09E-06  1.10E-01  1.94E-02  2.38E-02   0.8628
12472.00 .8017960    6.19E-06  9.64E-02  7.14E-06  1.11E-01  1.94E-02  2.38E-02   0.8677
12473.00 .8017318    6.24E-06  9.71E-02  7.17E-06  1.12E-01  1.94E-02  2.38E-02   0.8708
12474.00 .8016675    6.12E-06  9.52E-02  7.16E-06  1.11E-01  1.94E-02  2.38E-02   0.8544
12475.00 .8016032    5.93E-06  9.22E-02  7.15E-06  1.11E-01  1.94E-02  2.38E-02   0.8293
12476.00 .8015389    5.40E-06  8.41E-02  7.13E-06  1.11E-01  1.94E-02  2.38E-02   0.7575
12477.00 .8014747    5.92E-06  9.22E-02  7.12E-06  1.11E-01  1.94E-02  2.38E-02   0.8319
12478.00 .8014105    6.16E-06  9.58E-02  7.08E-06  1.10E-01  1.94E-02  2.38E-02   0.8700
12479.00 .8013462    6.15E-06  9.57E-02  7.07E-06  1.10E-01  1.94E-02  2.38E-02   0.8695

                      IRRADIANCE (WATTS/CM2-XXXX)

   FREQ  WAVELENGTH      TRANSMITTED           SOLAR           INTEGRATED         TOTAL
  (CM-1) (MICRON)     (CM-1)    (MICRN)   (CM-1)    (MICRN)   TRANS.    SOLAR     TRANS
12480.00 .8012820    5.99E-06  9.33E-02  7.08E-06  1.10E-01  1.94E-02  2.39E-02   0.8456
12481.00 .8012179    6.18E-06  9.63E-02  7.08E-06  1.10E-01  1.95E-02  2.39E-02   0.8723
12482.00 .8011537    6.18E-06  9.63E-02  7.09E-06  1.10E-01  1.95E-02  2.39E-02   0.8722
12483.00 .8010895    6.18E-06  9.64E-02  7.10E-06  1.11E-01  1.95E-02  2.39E-02   0.8712
12484.00 .8010253    5.87E-06  9.15E-02  7.10E-06  1.11E-01  1.95E-02  2.39E-02   0.8274
12485.00 .8009611    5.07E-06  7.90E-02  7.10E-06  1.11E-01  1.95E-02  2.39E-02   0.7144
12486.00 .8008970    6.10E-06  9.51E-02  7.11E-06  1.11E-01  1.95E-02  2.39E-02   0.8578
12487.00 .8008329    6.20E-06  9.67E-02  7.12E-06  1.11E-01  1.95E-02  2.39E-02   0.8708
12488.00 .8007687    6.22E-06  9.70E-02  7.15E-06  1.11E-01  1.95E-02  2.39E-02   0.8702
12489.00 .8007046    6.04E-06  9.43E-02  7.16E-06  1.12E-01  1.95E-02  2.39E-02   0.8446
12490.00 .8006405    6.19E-06  9.65E-02  7.13E-06  1.11E-01  1.95E-02  2.39E-02   0.8678
12491.00 .8005764    6.02E-06  9.39E-02  7.08E-06  1.10E-01  1.95E-02  2.39E-02   0.8502
12492.00 .8005123    6.15E-06  9.60E-02  7.06E-06  1.10E-01  1.95E-02  2.39E-02   0.8707
12493.00 .8004482    6.16E-06  9.62E-02  7.07E-06  1.10E-01  1.95E-02  2.39E-02   0.8723
12494.00 .8003842    6.11E-06  9.53E-02  7.06E-06  1.10E-01  1.95E-02  2.40E-02   0.8651
12495.00 .8003201    5.99E-06  9.36E-02  7.02E-06  1.10E-01  1.95E-02  2.40E-02   0.8533
12496.00 .8002561    5.10E-06  7.96E-02  6.78E-06  1.06E-01  1.95E-02  2.40E-02   0.7520
12497.00 .8001921    5.81E-06  9.07E-02  6.71E-06  1.05E-01  1.95E-02  2.40E-02   0.8654
12498.00 .8001280    5.75E-06  8.98E-02  6.70E-06  1.05E-01  1.96E-02  2.40E-02   0.8580
12499.00 .8000640    5.28E-06  8.25E-02  6.72E-06  1.05E-01  1.96E-02  2.40E-02   0.7861
12500.00 .8000000    5.80E-06  9.06E-02  6.77E-06  1.06E-01  1.96E-02  2.40E-02   0.8568
12501.00 .7999360    6.14E-06  9.59E-02  7.05E-06  1.10E-01  1.96E-02  2.40E-02   0.8706
12502.00 .7998720    6.08E-06  9.51E-02  7.08E-06  1.11E-01  1.96E-02  2.40E-02   0.8592
12503.00 .7998080    6.10E-06  9.54E-02  7.07E-06  1.11E-01  1.96E-02  2.40E-02   0.8624
12504.00 .7997441    6.12E-06  9.57E-02  7.08E-06  1.11E-01  1.96E-02  2.40E-02   0.8643
12505.00 .7996801    6.17E-06  9.65E-02  7.09E-06  1.11E-01  1.96E-02  2.40E-02   0.8709
12506.00 .7996162    5.97E-06  9.33E-02  7.10E-06  1.11E-01  1.96E-02  2.40E-02   0.8410
12507.00 .7995523    6.13E-06  9.59E-02  7.12E-06  1.11E-01  1.96E-02  2.40E-02   0.8611
12508.00 .7994883    6.21E-06  9.72E-02  7.14E-06  1.12E-01  1.96E-02  2.41E-02   0.8702
12509.00 .7994244    6.18E-06  9.67E-02  7.13E-06  1.12E-01  1.96E-02  2.41E-02   0.8666
12510.00 .7993605    6.19E-06  9.69E-02  7.14E-06  1.12E-01  1.96E-02  2.41E-02   0.8670
12511.00 .7992966    5.94E-06  9.29E-02  7.15E-06  1.12E-01  1.96E-02  2.41E-02   0.8308
12512.00 .7992327    6.24E-06  9.77E-02  7.17E-06  1.12E-01  1.96E-02  2.41E-02   0.8705
12513.00 .7991689    6.22E-06  9.73E-02  7.14E-06  1.12E-01  1.96E-02  2.41E-02   0.8701
12514.00 .7991050    6.18E-06  9.68E-02  7.09E-06  1.11E-01  1.97E-02  2.41E-02   0.8716
12515.00 .7990412    6.03E-06  9.44E-02  7.06E-06  1.11E-01  1.97E-02  2.41E-02   0.8531
12516.00 .7989773    6.11E-06  9.57E-02  7.06E-06  1.11E-01  1.97E-02  2.41E-02   0.8649
12517.00 .7989135    6.10E-06  9.56E-02  7.06E-06  1.11E-01  1.97E-02  2.41E-02   0.8638
12518.00 .7988496    5.87E-06  9.21E-02  7.08E-06  1.11E-01  1.97E-02  2.41E-02   0.8294
12519.00 .7987859    6.20E-06  9.72E-02  7.13E-06  1.12E-01  1.97E-02  2.41E-02   0.8697
12520.00 .7987220    6.21E-06  9.74E-02  7.15E-06  1.12E-01  1.97E-02  2.41E-02   0.8694
12521.00 .7986583    5.61E-06  8.80E-02  7.13E-06  1.12E-01  1.97E-02  2.41E-02   0.7869
12522.00 .7985945    6.09E-06  9.56E-02  7.12E-06  1.12E-01  1.97E-02  2.42E-02   0.8554
12523.00 .7985307    6.17E-06  9.68E-02  7.12E-06  1.12E-01  1.97E-02  2.42E-02   0.8661
12524.00 .7984669    6.20E-06  9.72E-02  7.12E-06  1.12E-01  1.97E-02  2.42E-02   0.8704
12525.00 .7984032    6.16E-06  9.67E-02  7.11E-06  1.12E-01  1.97E-02  2.42E-02   0.8659
12526.00 .7983394    6.18E-06  9.69E-02  7.12E-06  1.12E-01  1.97E-02  2.42E-02   0.8681
12527.00 .7982757    5.98E-06  9.38E-02  7.11E-06  1.12E-01  1.97E-02  2.42E-02   0.8410
12528.00 .7982120    6.00E-06  9.42E-02  7.08E-06  1.11E-01  1.97E-02  2.42E-02   0.8476
12529.00 .7981483    6.17E-06  9.68E-02  7.09E-06  1.11E-01  1.97E-02  2.42E-02   0.8700

                      IRRADIANCE (WATTS/CM2-XXXX)

   FREQ  WAVELENGTH      TRANSMITTED           SOLAR           INTEGRATED         TOTAL
  (CM-1) (MICRON)     (CM-1)    (MICRN)   (CM-1)    (MICRN)   TRANS.    SOLAR     TRANS
12530.00 .7980846    6.16E-06  9.67E-02  7.08E-06  1.11E-01  1.97E-02  2.42E-02   0.8698
12531.00 .7980209    6.14E-06  9.63E-02  7.10E-06  1.12E-01  1.98E-02  2.42E-02   0.8639
12532.00 .7979572    6.20E-06  9.74E-02  7.12E-06  1.12E-01  1.98E-02  2.42E-02   0.8707
12533.00 .7978936    6.13E-06  9.63E-02  7.14E-06  1.12E-01  1.98E-02  2.42E-02   0.8586
12534.00 .7978299    6.13E-06  9.63E-02  7.09E-06  1.11E-01  1.98E-02  2.42E-02   0.8644
12535.00 .7977663    6.15E-06  9.66E-02  7.07E-06  1.11E-01  1.98E-02  2.42E-02   0.8694
12536.00 .7977026    5.99E-06  9.41E-02  7.06E-06  1.11E-01  1.98E-02  2.43E-02   0.8486
12537.00 .7976390    5.97E-06  9.38E-02  7.05E-06  1.11E-01  1.98E-02  2.43E-02   0.8460
12538.00 .7975754    6.13E-06  9.64E-02  7.05E-06  1.11E-01  1.98E-02  2.43E-02   0.8696
12539.00 .7975118    6.18E-06  9.72E-02  7.10E-06  1.12E-01  1.98E-02  2.43E-02   0.8710
12540.00 .7974482    6.13E-06  9.64E-02  7.12E-06  1.12E-01  1.98E-02  2.43E-02   0.8609
12541.00 .7973846    5.63E-06  8.86E-02  7.08E-06  1.11E-01  1.98E-02  2.43E-02   0.7961
12542.00 .7973210    6.12E-06  9.62E-02  7.07E-06  1.11E-01  1.98E-02  2.43E-02   0.8656
12543.00 .7972574    6.11E-06  9.61E-02  7.08E-06  1.11E-01  1.98E-02  2.43E-02   0.8635
12544.00 .7971939    6.15E-06  9.68E-02  7.07E-06  1.11E-01  1.98E-02  2.43E-02   0.8701
12545.00 .7971303    6.14E-06  9.67E-02  7.08E-06  1.11E-01  1.98E-02  2.43E-02   0.8672
12546.00 .7970668    5.97E-06  9.39E-02  7.13E-06  1.12E-01  1.98E-02  2.43E-02   0.8363
12547.00 .7970033    5.81E-06  9.14E-02  7.15E-06  1.13E-01  1.99E-02  2.43E-02   0.8125
12548.00 .7969397    6.21E-06  9.78E-02  7.14E-06  1.12E-01  1.99E-02  2.43E-02   0.8694
12549.00 .7968763    6.18E-06  9.73E-02  7.13E-06  1.12E-01  1.99E-02  2.43E-02   0.8663
12550.00 .7968128    6.17E-06  9.72E-02  7.10E-06  1.12E-01  1.99E-02  2.44E-02   0.8701
12551.00 .7967492    6.17E-06  9.71E-02  7.09E-06  1.12E-01  1.99E-02  2.44E-02   0.8693
12552.00 .7966858    6.02E-06  9.48E-02  7.07E-06  1.11E-01  1.99E-02  2.44E-02   0.8515
12553.00 .7966223    5.79E-06  9.12E-02  7.05E-06  1.11E-01  1.99E-02  2.44E-02   0.8201
12554.00 .7965589    5.67E-06  8.93E-02  7.08E-06  1.12E-01  1.99E-02  2.44E-02   0.8005
12555.00 .7964954    5.53E-06  8.72E-02  7.11E-06  1.12E-01  1.99E-02  2.44E-02   0.7783
12556.00 .7964320    6.14E-06  9.68E-02  7.11E-06  1.12E-01  1.99E-02  2.44E-02   0.8642
12557.00 .7963685    5.81E-06  9.16E-02  7.13E-06  1.12E-01  1.99E-02  2.44E-02   0.8154
12558.00 .7963051    5.50E-06  8.67E-02  7.12E-06  1.12E-01  1.99E-02  2.44E-02   0.7724
12559.00 .7962418    5.77E-06  9.10E-02  7.05E-06  1.11E-01  1.99E-02  2.44E-02   0.8177
12560.00 .7961783    6.09E-06  9.61E-02  7.02E-06  1.11E-01  1.99E-02  2.44E-02   0.8669
12561.00 .7961150    6.04E-06  9.53E-02  7.03E-06  1.11E-01  1.99E-02  2.44E-02   0.8583
12562.00 .7960516    5.31E-06  8.38E-02  7.02E-06  1.11E-01  1.99E-02  2.44E-02   0.7569
12563.00 .7959882    6.07E-06  9.58E-02  7.02E-06  1.11E-01  1.99E-02  2.44E-02   0.8645
12564.00 .7959248    6.11E-06  9.64E-02  7.02E-06  1.11E-01  2.00E-02  2.44E-02   0.8695
12565.00 .7958615    5.95E-06  9.39E-02  6.99E-06  1.10E-01  2.00E-02  2.45E-02   0.8514
12566.00 .7957982    6.05E-06  9.56E-02  6.97E-06  1.10E-01  2.00E-02  2.45E-02   0.8684
12567.00 .7957349    6.07E-06  9.59E-02  6.98E-06  1.10E-01  2.00E-02  2.45E-02   0.8703
12568.00 .7956715    6.08E-06  9.60E-02  6.99E-06  1.10E-01  2.00E-02  2.45E-02   0.8700
12569.00 .7956082    5.88E-06  9.29E-02  7.05E-06  1.11E-01  2.00E-02  2.45E-02   0.8343
12570.00 .7955449    6.18E-06  9.76E-02  7.11E-06  1.12E-01  2.00E-02  2.45E-02   0.8686
12571.00 .7954817    6.19E-06  9.78E-02  7.12E-06  1.12E-01  2.00E-02  2.45E-02   0.8700
12572.00 .7954184    6.17E-06  9.76E-02  7.11E-06  1.12E-01  2.00E-02  2.45E-02   0.8683
12573.00 .7953551    5.99E-06  9.46E-02  7.11E-06  1.12E-01  2.00E-02  2.45E-02   0.8419
12574.00 .7952919    5.98E-06  9.46E-02  7.08E-06  1.12E-01  2.00E-02  2.45E-02   0.8446
12575.00 .7952286    6.13E-06  9.69E-02  7.07E-06  1.12E-01  2.00E-02  2.45E-02   0.8667
12576.00 .7951654    6.16E-06  9.74E-02  7.08E-06  1.12E-01  2.00E-02  2.45E-02   0.8704
12577.00 .7951022    6.17E-06  9.76E-02  7.09E-06  1.12E-01  2.00E-02  2.45E-02   0.8699
12578.00 .7950389    6.14E-06  9.71E-02  7.08E-06  1.12E-01  2.00E-02  2.45E-02   0.8669
12579.00 .7949758    5.81E-06  9.19E-02  7.02E-06  1.11E-01  2.00E-02  2.46E-02   0.8274

                      IRRADIANCE (WATTS/CM2-XXXX)

   FREQ  WAVELENGTH      TRANSMITTED           SOLAR           INTEGRATED         TOTAL
  (CM-1) (MICRON)     (CM-1)    (MICRN)   (CM-1)    (MICRN)   TRANS.    SOLAR     TRANS
12580.00 .7949126    5.80E-06  9.18E-02  6.73E-06  1.07E-01  2.00E-02  2.46E-02   0.8613
12581.00 .7948494    5.79E-06  9.17E-02  6.66E-06  1.05E-01  2.01E-02  2.46E-02   0.8694
12582.00 .7947862    5.73E-06  9.07E-02  6.59E-06  1.04E-01  2.01E-02  2.46E-02   0.8693
12583.00 .7947230    5.59E-06  8.85E-02  6.43E-06  1.02E-01  2.01E-02  2.46E-02   0.8698
12584.00 .7946599    5.63E-06  8.92E-02  6.48E-06  1.03E-01  2.01E-02  2.46E-02   0.8694
12585.00 .7945967    5.90E-06  9.34E-02  6.78E-06  1.07E-01  2.01E-02  2.46E-02   0.8702
12586.00 .7945336    5.92E-06  9.37E-02  6.80E-06  1.08E-01  2.01E-02  2.46E-02   0.8697
12587.00 .7944705    5.83E-06  9.24E-02  6.76E-06  1.07E-01  2.01E-02  2.46E-02   0.8627
12588.00 .7944074    5.81E-06  9.21E-02  6.92E-06  1.10E-01  2.01E-02  2.46E-02   0.8397
12589.00 .7943442    6.04E-06  9.56E-02  6.95E-06  1.10E-01  2.01E-02  2.46E-02   0.8687
12590.00 .7942812    6.03E-06  9.55E-02  6.94E-06  1.10E-01  2.01E-02  2.46E-02   0.8691
12591.00 .7942181    6.06E-06  9.61E-02  6.97E-06  1.10E-01  2.01E-02  2.46E-02   0.8700
12592.00 .7941550    6.12E-06  9.71E-02  7.05E-06  1.12E-01  2.01E-02  2.46E-02   0.8683
12593.00 .7940919    5.95E-06  9.43E-02  6.89E-06  1.09E-01  2.01E-02  2.47E-02   0.8632
12594.00 .7940289    5.79E-06  9.19E-02  6.66E-06  1.06E-01  2.01E-02  2.47E-02   0.8701
12595.00 .7939659    5.77E-06  9.15E-02  6.64E-06  1.05E-01  2.01E-02  2.47E-02   0.8698
12596.00 .7939028    5.74E-06  9.11E-02  6.65E-06  1.06E-01  2.01E-02  2.47E-02   0.8635
12597.00 .7938398    5.82E-06  9.23E-02  6.69E-06  1.06E-01  2.01E-02  2.47E-02   0.8699
12598.00 .7937768    5.98E-06  9.50E-02  6.88E-06  1.09E-01  2.02E-02  2.47E-02   0.8700
12599.00 .7937138    6.16E-06  9.78E-02  7.08E-06  1.12E-01  2.02E-02  2.47E-02   0.8701
12600.00 .7936508    6.10E-06  9.69E-02  7.02E-06  1.11E-01  2.02E-02  2.47E-02   0.8700
12601.00 .7935878    5.95E-06  9.45E-02  6.84E-06  1.09E-01  2.02E-02  2.47E-02   0.8698
12602.00 .7935249    5.91E-06  9.38E-02  6.80E-06  1.08E-01  2.02E-02  2.47E-02   0.8690
12603.00 .7934619    5.83E-06  9.26E-02  6.73E-06  1.07E-01  2.02E-02  2.47E-02   0.8658
12604.00 .7933989    5.53E-06  8.78E-02  6.65E-06  1.06E-01  2.02E-02  2.47E-02   0.8316
12605.00 .7933360    5.83E-06  9.27E-02  6.72E-06  1.07E-01  2.02E-02  2.47E-02   0.8680
12606.00 .7932730    5.99E-06  9.51E-02  6.89E-06  1.10E-01  2.02E-02  2.47E-02   0.8682
12607.00 .7932101    5.93E-06  9.43E-02  6.92E-06  1.10E-01  2.02E-02  2.47E-02   0.8568
12608.00 .7931472    5.76E-06  9.15E-02  6.96E-06  1.11E-01  2.02E-02  2.48E-02   0.8275
12609.00 .7930843    5.20E-06  8.27E-02  7.07E-06  1.12E-01  2.02E-02  2.48E-02   0.7351
12610.00 .7930214    6.05E-06  9.62E-02  7.09E-06  1.13E-01  2.02E-02  2.48E-02   0.8530
12611.00 .7929586    6.13E-06  9.76E-02  7.07E-06  1.12E-01  2.02E-02  2.48E-02   0.8679
12612.00 .7928957    6.15E-06  9.79E-02  7.08E-06  1.13E-01  2.02E-02  2.48E-02   0.8689
12613.00 .7928328    6.18E-06  9.83E-02  7.11E-06  1.13E-01  2.02E-02  2.48E-02   0.8690
12614.00 .7927699    6.14E-06  9.77E-02  7.07E-06  1.12E-01  2.02E-02  2.48E-02   0.8686
12615.00 .7927071    6.10E-06  9.71E-02  7.06E-06  1.12E-01  2.03E-02  2.48E-02   0.8639
12616.00 .7926443    5.47E-06  8.70E-02  7.06E-06  1.12E-01  2.03E-02  2.48E-02   0.7744
12617.00 .7925814    6.11E-06  9.73E-02  7.06E-06  1.12E-01  2.03E-02  2.48E-02   0.8664
12618.00 .7925186    6.12E-06  9.74E-02  7.05E-06  1.12E-01  2.03E-02  2.48E-02   0.8677
12619.00 .7924558    6.15E-06  9.79E-02  7.09E-06  1.13E-01  2.03E-02  2.48E-02   0.8665
12620.00 .7923930    6.16E-06  9.81E-02  7.10E-06  1.13E-01  2.03E-02  2.48E-02   0.8676
12621.00 .7923303    6.08E-06  9.69E-02  7.12E-06  1.13E-01  2.03E-02  2.48E-02   0.8545
12622.00 .7922674    5.27E-06  8.39E-02  7.10E-06  1.13E-01  2.03E-02  2.49E-02   0.7419
12623.00 .7922047    6.04E-06  9.63E-02  6.98E-06  1.11E-01  2.03E-02  2.49E-02   0.8661
12624.00 .7921420    5.98E-06  9.52E-02  6.89E-06  1.10E-01  2.03E-02  2.49E-02   0.8674
12625.00 .7920792    5.90E-06  9.40E-02  6.80E-06  1.08E-01  2.03E-02  2.49E-02   0.8674
12626.00 .7920164    5.85E-06  9.33E-02  6.79E-06  1.08E-01  2.03E-02  2.49E-02   0.8620
12627.00 .7919537    5.52E-06  8.80E-02  6.80E-06  1.08E-01  2.03E-02  2.49E-02   0.8115
12628.00 .7918910    5.85E-06  9.33E-02  6.90E-06  1.10E-01  2.03E-02  2.49E-02   0.8482
12629.00 .7918283    6.02E-06  9.60E-02  6.98E-06  1.11E-01  2.03E-02  2.49E-02   0.8622

                      IRRADIANCE (WATTS/CM2-XXXX)

   FREQ  WAVELENGTH      TRANSMITTED           SOLAR           INTEGRATED         TOTAL
  (CM-1) (MICRON)     (CM-1)    (MICRN)   (CM-1)    (MICRN)   TRANS.    SOLAR     TRANS
12630.00 .7917656    5.68E-06  9.06E-02  7.09E-06  1.13E-01  2.03E-02  2.49E-02   0.8011
12631.00 .7917029    6.11E-06  9.74E-02  7.04E-06  1.12E-01  2.03E-02  2.49E-02   0.8675
12632.00 .7916403    6.00E-06  9.57E-02  6.91E-06  1.10E-01  2.04E-02  2.49E-02   0.8684
12633.00 .7915776    5.97E-06  9.53E-02  6.88E-06  1.10E-01  2.04E-02  2.49E-02   0.8684
12634.00 .7915149    5.86E-06  9.36E-02  6.76E-06  1.08E-01  2.04E-02  2.49E-02   0.8668
12635.00 .7914523    5.85E-06  9.34E-02  6.75E-06  1.08E-01  2.04E-02  2.49E-02   0.8662
12636.00 .7913897    5.76E-06  9.20E-02  6.81E-06  1.09E-01  2.04E-02  2.49E-02   0.8461
12637.00 .7913271    5.98E-06  9.55E-02  6.93E-06  1.11E-01  2.04E-02  2.50E-02   0.8626
12638.00 .7912644    5.71E-06  9.12E-02  6.98E-06  1.12E-01  2.04E-02  2.50E-02   0.8181
12639.00 .7912018    6.10E-06  9.74E-02  7.07E-06  1.13E-01  2.04E-02  2.50E-02   0.8629
12640.00 .7911392    5.75E-06  9.19E-02  7.08E-06  1.13E-01  2.04E-02  2.50E-02   0.8123
12641.00 .7910767    5.28E-06  8.44E-02  7.09E-06  1.13E-01  2.04E-02  2.50E-02   0.7452
12642.00 .7910141    6.15E-06  9.83E-02  7.11E-06  1.14E-01  2.04E-02  2.50E-02   0.8651
12643.00 .7909515    6.12E-06  9.78E-02  7.12E-06  1.14E-01  2.04E-02  2.50E-02   0.8586
12644.00 .7908890    6.20E-06  9.91E-02  7.15E-06  1.14E-01  2.04E-02  2.50E-02   0.8670
12645.00 .7908264    6.18E-06  9.89E-02  7.14E-06  1.14E-01  2.04E-02  2.50E-02   0.8660
12646.00 .7907639    6.18E-06  9.89E-02  7.13E-06  1.14E-01  2.04E-02  2.50E-02   0.8677
12647.00 .7907013    6.19E-06  9.90E-02  7.13E-06  1.14E-01  2.04E-02  2.50E-02   0.8678
12648.00 .7906389    6.18E-06  9.88E-02  7.13E-06  1.14E-01  2.05E-02  2.50E-02   0.8663
12649.00 .7905763    6.08E-06  9.73E-02  7.14E-06  1.14E-01  2.05E-02  2.50E-02   0.8520
12650.00 .7905138    5.88E-06  9.41E-02  7.13E-06  1.14E-01  2.05E-02  2.50E-02   0.8254
12651.00 .7904513    6.09E-06  9.74E-02  7.08E-06  1.13E-01  2.05E-02  2.51E-02   0.8601
12652.00 .7903889    5.13E-06  8.20E-02  7.05E-06  1.13E-01  2.05E-02  2.51E-02   0.7265
12653.00 .7903264    5.81E-06  9.31E-02  7.05E-06  1.13E-01  2.05E-02  2.51E-02   0.8251
12654.00 .7902640    6.07E-06  9.73E-02  7.04E-06  1.13E-01  2.05E-02  2.51E-02   0.8628
12655.00 .7902015    6.08E-06  9.73E-02  7.05E-06  1.13E-01  2.05E-02  2.51E-02   0.8617
12656.00 .7901391    6.15E-06  9.85E-02  7.10E-06  1.14E-01  2.05E-02  2.51E-02   0.8657
12657.00 .7900766    6.17E-06  9.88E-02  7.11E-06  1.14E-01  2.05E-02  2.51E-02   0.8676
12658.00 .7900142    6.15E-06  9.86E-02  7.09E-06  1.14E-01  2.05E-02  2.51E-02   0.8675
12659.00 .7899518    6.12E-06  9.81E-02  7.07E-06  1.13E-01  2.05E-02  2.51E-02   0.8665
12660.00 .7898894    6.10E-06  9.78E-02  7.06E-06  1.13E-01  2.05E-02  2.51E-02   0.8640
12661.00 .7898270    5.34E-06  8.56E-02  7.05E-06  1.13E-01  2.05E-02  2.51E-02   0.7573
12662.00 .7897646    5.52E-06  8.85E-02  7.05E-06  1.13E-01  2.05E-02  2.51E-02   0.7829
12663.00 .7897023    5.95E-06  9.55E-02  7.07E-06  1.13E-01  2.05E-02  2.51E-02   0.8424
12664.00 .7896399    6.14E-06  9.85E-02  7.10E-06  1.14E-01  2.05E-02  2.51E-02   0.8649
12665.00 .7895776    5.57E-06  8.94E-02  7.11E-06  1.14E-01  2.06E-02  2.52E-02   0.7833
12666.00 .7895153    6.15E-06  9.87E-02  7.13E-06  1.14E-01  2.06E-02  2.52E-02   0.8624
12667.00 .7894529    6.16E-06  9.89E-02  7.15E-06  1.15E-01  2.06E-02  2.52E-02   0.8618
12668.00 .7893906    5.71E-06  9.16E-02  7.15E-06  1.15E-01  2.06E-02  2.52E-02   0.7987
12669.00 .7893283    5.98E-06  9.60E-02  7.13E-06  1.15E-01  2.06E-02  2.52E-02   0.8384
12670.00 .7892660    6.09E-06  9.78E-02  7.13E-06  1.14E-01  2.06E-02  2.52E-02   0.8545
12671.00 .7892037    6.15E-06  9.87E-02  7.11E-06  1.14E-01  2.06E-02  2.52E-02   0.8651
12672.00 .7891414    5.88E-06  9.44E-02  7.10E-06  1.14E-01  2.06E-02  2.52E-02   0.8285
12673.00 .7890791    6.14E-06  9.85E-02  7.11E-06  1.14E-01  2.06E-02  2.52E-02   0.8632
12674.00 .7890169    6.15E-06  9.88E-02  7.10E-06  1.14E-01  2.06E-02  2.52E-02   0.8658
12675.00 .7889546    5.84E-06  9.38E-02  7.12E-06  1.14E-01  2.06E-02  2.52E-02   0.8205
12676.00 .7888924    6.01E-06  9.66E-02  7.14E-06  1.15E-01  2.06E-02  2.52E-02   0.8426
12677.00 .7888302    6.09E-06  9.79E-02  7.14E-06  1.15E-01  2.06E-02  2.52E-02   0.8533
12678.00 .7887679    6.16E-06  9.90E-02  7.13E-06  1.15E-01  2.06E-02  2.52E-02   0.8634
12679.00 .7887057    5.98E-06  9.62E-02  7.14E-06  1.15E-01  2.06E-02  2.53E-02   0.8377

                      IRRADIANCE (WATTS/CM2-XXXX)

   FREQ  WAVELENGTH      TRANSMITTED           SOLAR           INTEGRATED         TOTAL
  (CM-1) (MICRON)     (CM-1)    (MICRN)   (CM-1)    (MICRN)   TRANS.    SOLAR     TRANS
12680.00 .7886435    6.17E-06  9.93E-02  7.14E-06  1.15E-01  2.06E-02  2.53E-02   0.8652
12681.00 .7885814    6.17E-06  9.93E-02  7.12E-06  1.15E-01  2.06E-02  2.53E-02   0.8669
12682.00 .7885191    6.11E-06  9.82E-02  7.04E-06  1.13E-01  2.07E-02  2.53E-02   0.8669
12683.00 .7884570    6.09E-06  9.80E-02  7.03E-06  1.13E-01  2.07E-02  2.53E-02   0.8661
12684.00 .7883948    5.96E-06  9.59E-02  7.02E-06  1.13E-01  2.07E-02  2.53E-02   0.8492
12685.00 .7883327    6.04E-06  9.72E-02  6.98E-06  1.12E-01  2.07E-02  2.53E-02   0.8649
12686.00 .7882705    5.78E-06  9.30E-02  6.99E-06  1.12E-01  2.07E-02  2.53E-02   0.8267
12687.00 .7882084    5.97E-06  9.61E-02  7.07E-06  1.14E-01  2.07E-02  2.53E-02   0.8443
12688.00 .7881463    6.13E-06  9.87E-02  7.08E-06  1.14E-01  2.07E-02  2.53E-02   0.8661
12689.00 .7880841    6.11E-06  9.84E-02  7.06E-06  1.14E-01  2.07E-02  2.53E-02   0.8662
12690.00 .7880220    6.12E-06  9.86E-02  7.07E-06  1.14E-01  2.07E-02  2.53E-02   0.8663
12691.00 .7879600    6.08E-06  9.79E-02  7.02E-06  1.13E-01  2.07E-02  2.53E-02   0.8659
12692.00 .7878979    5.66E-06  9.12E-02  7.00E-06  1.13E-01  2.07E-02  2.53E-02   0.8086
12693.00 .7878358    5.92E-06  9.53E-02  7.01E-06  1.13E-01  2.07E-02  2.54E-02   0.8447
12694.00 .7877737    5.96E-06  9.60E-02  7.05E-06  1.14E-01  2.07E-02  2.54E-02   0.8457
12695.00 .7877117    6.12E-06  9.86E-02  7.07E-06  1.14E-01  2.07E-02  2.54E-02   0.8655
12696.00 .7876496    6.16E-06  9.93E-02  7.11E-06  1.15E-01  2.07E-02  2.54E-02   0.8665
12697.00 .7875876    6.16E-06  9.93E-02  7.12E-06  1.15E-01  2.07E-02  2.54E-02   0.8652
12698.00 .7875256    5.98E-06  9.64E-02  7.12E-06  1.15E-01  2.08E-02  2.54E-02   0.8399
12699.00 .7874636    6.15E-06  9.91E-02  7.11E-06  1.15E-01  2.08E-02  2.54E-02   0.8642
12700.00 .7874016    6.16E-06  9.94E-02  7.11E-06  1.15E-01  2.08E-02  2.54E-02   0.8664
12701.00 .7873396    6.14E-06  9.90E-02  7.08E-06  1.14E-01  2.08E-02  2.54E-02   0.8662
12702.00 .7872776    6.03E-06  9.73E-02  7.06E-06  1.14E-01  2.08E-02  2.54E-02   0.8541
12703.00 .7872156    5.87E-06  9.47E-02  7.06E-06  1.14E-01  2.08E-02  2.54E-02   0.8314
12704.00 .7871537    6.12E-06  9.88E-02  7.08E-06  1.14E-01  2.08E-02  2.54E-02   0.8653
12705.00 .7870917    6.13E-06  9.90E-02  7.08E-06  1.14E-01  2.08E-02  2.54E-02   0.8663
12706.00 .7870297    6.16E-06  9.94E-02  7.13E-06  1.15E-01  2.08E-02  2.54E-02   0.8639
12707.00 .7869678    6.20E-06  1.00E-01  7.17E-06  1.16E-01  2.08E-02  2.55E-02   0.8657
12708.00 .7869059    6.15E-06  9.93E-02  7.17E-06  1.16E-01  2.08E-02  2.55E-02   0.8570
12709.00 .7868440    5.92E-06  9.57E-02  7.17E-06  1.16E-01  2.08E-02  2.55E-02   0.8254
12710.00 .7867821    6.11E-06  9.86E-02  7.17E-06  1.16E-01  2.08E-02  2.55E-02   0.8513
12711.00 .7867202    6.19E-06  1.00E-01  7.15E-06  1.16E-01  2.08E-02  2.55E-02   0.8653
12712.00 .7866583    6.05E-06  9.77E-02  7.15E-06  1.16E-01  2.08E-02  2.55E-02   0.8453
12713.00 .7865964    6.18E-06  1.00E-01  7.15E-06  1.16E-01  2.08E-02  2.55E-02   0.8652
12714.00 .7865345    6.12E-06  9.89E-02  7.14E-06  1.15E-01  2.08E-02  2.55E-02   0.8565
12715.00 .7864727    6.17E-06  9.97E-02  7.13E-06  1.15E-01  2.09E-02  2.55E-02   0.8657
12716.00 .7864108    6.15E-06  9.94E-02  7.11E-06  1.15E-01  2.09E-02  2.55E-02   0.8645
12717.00 .7863490    6.11E-06  9.89E-02  7.11E-06  1.15E-01  2.09E-02  2.55E-02   0.8601
12718.00 .7862871    6.11E-06  9.89E-02  7.11E-06  1.15E-01  2.09E-02  2.55E-02   0.8596
12719.00 .7862253    6.16E-06  9.97E-02  7.12E-06  1.15E-01  2.09E-02  2.55E-02   0.8660
12720.00 .7861635    6.17E-06  9.99E-02  7.13E-06  1.15E-01  2.09E-02  2.55E-02   0.8657
12721.00 .7861017    6.18E-06  1.00E-01  7.15E-06  1.16E-01  2.09E-02  2.56E-02   0.8639
12722.00 .7860399    6.13E-06  9.92E-02  7.10E-06  1.15E-01  2.09E-02  2.56E-02   0.8637
12723.00 .7859781    5.90E-06  9.55E-02  6.81E-06  1.10E-01  2.09E-02  2.56E-02   0.8659
12724.00 .7859164    5.82E-06  9.43E-02  6.72E-06  1.09E-01  2.09E-02  2.56E-02   0.8659
12725.00 .7858546    5.77E-06  9.35E-02  6.67E-06  1.08E-01  2.09E-02  2.56E-02   0.8658
12726.00 .7857929    5.76E-06  9.33E-02  6.67E-06  1.08E-01  2.09E-02  2.56E-02   0.8642
12727.00 .7857311    5.79E-06  9.39E-02  6.72E-06  1.09E-01  2.09E-02  2.56E-02   0.8619
12728.00 .7856694    6.00E-06  9.71E-02  7.01E-06  1.13E-01  2.09E-02  2.56E-02   0.8559
12729.00 .7856077    6.09E-06  9.86E-02  7.07E-06  1.15E-01  2.09E-02  2.56E-02   0.8608

                      IRRADIANCE (WATTS/CM2-XXXX)

   FREQ  WAVELENGTH      TRANSMITTED           SOLAR           INTEGRATED         TOTAL
  (CM-1) (MICRON)     (CM-1)    (MICRN)   (CM-1)    (MICRN)   TRANS.    SOLAR     TRANS
12730.00 .7855459    6.11E-06  9.89E-02  7.09E-06  1.15E-01  2.09E-02  2.56E-02   0.8617
12731.00 .7854843    6.14E-06  9.94E-02  7.09E-06  1.15E-01  2.10E-02  2.56E-02   0.8656
12732.00 .7854226    6.12E-06  9.92E-02  7.07E-06  1.15E-01  2.10E-02  2.56E-02   0.8655
12733.00 .7853609    6.07E-06  9.84E-02  7.01E-06  1.14E-01  2.10E-02  2.56E-02   0.8656
12734.00 .7852992    6.05E-06  9.80E-02  7.01E-06  1.14E-01  2.10E-02  2.56E-02   0.8630
12735.00 .7852376    6.09E-06  9.88E-02  7.04E-06  1.14E-01  2.10E-02  2.56E-02   0.8647
12736.00 .7851759    6.09E-06  9.87E-02  7.03E-06  1.14E-01  2.10E-02  2.57E-02   0.8654
12737.00 .7851142    6.06E-06  9.83E-02  7.05E-06  1.14E-01  2.10E-02  2.57E-02   0.8604
12738.00 .7850526    6.15E-06  9.97E-02  7.11E-06  1.15E-01  2.10E-02  2.57E-02   0.8647
12739.00 .7849910    6.17E-06  1.00E-01  7.14E-06  1.16E-01  2.10E-02  2.57E-02   0.8653
12740.00 .7849293    6.18E-06  1.00E-01  7.14E-06  1.16E-01  2.10E-02  2.57E-02   0.8651
12741.00 .7848678    6.10E-06  9.90E-02  7.16E-06  1.16E-01  2.10E-02  2.57E-02   0.8521
12742.00 .7848061    6.16E-06  1.00E-01  7.13E-06  1.16E-01  2.10E-02  2.57E-02   0.8643
12743.00 .7847446    6.14E-06  9.96E-02  7.12E-06  1.16E-01  2.10E-02  2.57E-02   0.8622
12744.00 .7846830    6.15E-06  9.99E-02  7.12E-06  1.16E-01  2.10E-02  2.57E-02   0.8648
12745.00 .7846214    6.14E-06  9.98E-02  7.10E-06  1.15E-01  2.10E-02  2.57E-02   0.8647
12746.00 .7845598    6.13E-06  9.97E-02  7.09E-06  1.15E-01  2.10E-02  2.57E-02   0.8651
12747.00 .7844983    6.14E-06  9.97E-02  7.10E-06  1.15E-01  2.10E-02  2.57E-02   0.8649
12748.00 .7844368    6.13E-06  9.97E-02  7.09E-06  1.15E-01  2.11E-02  2.57E-02   0.8650
12749.00 .7843753    6.13E-06  9.96E-02  7.08E-06  1.15E-01  2.11E-02  2.57E-02   0.8649
12750.00 .7843137    6.12E-06  9.95E-02  7.09E-06  1.15E-01  2.11E-02  2.58E-02   0.8626
12751.00 .7842522    6.14E-06  9.99E-02  7.11E-06  1.16E-01  2.11E-02  2.58E-02   0.8637
12752.00 .7841907    6.13E-06  9.97E-02  7.14E-06  1.16E-01  2.11E-02  2.58E-02   0.8586
12753.00 .7841292    6.17E-06  1.00E-01  7.16E-06  1.16E-01  2.11E-02  2.58E-02   0.8615
12754.00 .7840677    6.19E-06  1.01E-01  7.16E-06  1.16E-01  2.11E-02  2.58E-02   0.8646
12755.00 .7840063    6.16E-06  1.00E-01  7.13E-06  1.16E-01  2.11E-02  2.58E-02   0.8643
12756.00 .7839448    6.04E-06  9.83E-02  7.00E-06  1.14E-01  2.11E-02  2.58E-02   0.8631
12757.00 .7838833    5.95E-06  9.68E-02  6.89E-06  1.12E-01  2.11E-02  2.58E-02   0.8634
12758.00 .7838219    5.93E-06  9.65E-02  6.86E-06  1.12E-01  2.11E-02  2.58E-02   0.8638
12759.00 .7837605    5.94E-06  9.67E-02  6.87E-06  1.12E-01  2.11E-02  2.58E-02   0.8645
12760.00 .7836990    5.96E-06  9.71E-02  6.90E-06  1.12E-01  2.11E-02  2.58E-02   0.8638
12761.00 .7836376    6.03E-06  9.82E-02  6.98E-06  1.14E-01  2.11E-02  2.58E-02   0.8643
12762.00 .7835763    5.88E-06  9.58E-02  6.80E-06  1.11E-01  2.11E-02  2.58E-02   0.8644
12763.00 .7835149    5.83E-06  9.49E-02  6.74E-06  1.10E-01  2.11E-02  2.58E-02   0.8642
12764.00 .7834535    5.80E-06  9.45E-02  6.73E-06  1.10E-01  2.12E-02  2.59E-02   0.8621
12765.00 .7833921    5.82E-06  9.48E-02  6.73E-06  1.10E-01  2.12E-02  2.59E-02   0.8637
12766.00 .7833307    5.87E-06  9.56E-02  6.79E-06  1.11E-01  2.12E-02  2.59E-02   0.8642
12767.00 .7832693    6.11E-06  9.96E-02  7.07E-06  1.15E-01  2.12E-02  2.59E-02   0.8640
12768.00 .7832080    6.18E-06  1.01E-01  7.16E-06  1.17E-01  2.12E-02  2.59E-02   0.8640
12769.00 .7831467    6.19E-06  1.01E-01  7.17E-06  1.17E-01  2.12E-02  2.59E-02   0.8631
12770.00 .7830853    6.18E-06  1.01E-01  7.15E-06  1.17E-01  2.12E-02  2.59E-02   0.8640
12771.00 .7830240    6.08E-06  9.91E-02  7.04E-06  1.15E-01  2.12E-02  2.59E-02   0.8637
12772.00 .7829627    6.06E-06  9.88E-02  7.02E-06  1.14E-01  2.12E-02  2.59E-02   0.8632
12773.00 .7829014    6.06E-06  9.88E-02  7.01E-06  1.14E-01  2.12E-02  2.59E-02   0.8639
12774.00 .7828401    6.05E-06  9.87E-02  7.01E-06  1.14E-01  2.12E-02  2.59E-02   0.8628
12775.00 .7827789    6.07E-06  9.91E-02  7.03E-06  1.15E-01  2.12E-02  2.59E-02   0.8638
12776.00 .7827176    6.16E-06  1.01E-01  7.14E-06  1.17E-01  2.12E-02  2.59E-02   0.8628
12777.00 .7826563    6.18E-06  1.01E-01  7.16E-06  1.17E-01  2.12E-02  2.59E-02   0.8637
12778.00 .7825951    6.17E-06  1.01E-01  7.15E-06  1.17E-01  2.12E-02  2.60E-02   0.8637
12779.00 .7825338    6.14E-06  1.00E-01  7.11E-06  1.16E-01  2.12E-02  2.60E-02   0.8636

                      IRRADIANCE (WATTS/CM2-XXXX)

   FREQ  WAVELENGTH      TRANSMITTED           SOLAR           INTEGRATED         TOTAL
  (CM-1) (MICRON)     (CM-1)    (MICRN)   (CM-1)    (MICRN)   TRANS.    SOLAR     TRANS
12780.00 .7824726    6.14E-06  1.00E-01  7.11E-06  1.16E-01  2.12E-02  2.60E-02   0.8635
12781.00 .7824114    6.12E-06  1.00E-01  7.10E-06  1.16E-01  2.13E-02  2.60E-02   0.8626
12782.00 .7823502    6.13E-06  1.00E-01  7.10E-06  1.16E-01  2.13E-02  2.60E-02   0.8635
12783.00 .7822890    6.13E-06  1.00E-01  7.10E-06  1.16E-01  2.13E-02  2.60E-02   0.8634
12784.00 .7822278    6.16E-06  1.01E-01  7.14E-06  1.17E-01  2.13E-02  2.60E-02   0.8633
12785.00 .7821666    6.16E-06  1.01E-01  7.15E-06  1.17E-01  2.13E-02  2.60E-02   0.8623
12786.00 .7821054    6.17E-06  1.01E-01  7.16E-06  1.17E-01  2.13E-02  2.60E-02   0.8621
12787.00 .7820443    6.18E-06  1.01E-01  7.16E-06  1.17E-01  2.13E-02  2.60E-02   0.8633
12788.00 .7819831    6.17E-06  1.01E-01  7.15E-06  1.17E-01  2.13E-02  2.60E-02   0.8627
12789.00 .7819220    6.16E-06  1.01E-01  7.14E-06  1.17E-01  2.13E-02  2.60E-02   0.8626
12790.00 .7818608    6.16E-06  1.01E-01  7.14E-06  1.17E-01  2.13E-02  2.60E-02   0.8630
12791.00 .7817997    6.17E-06  1.01E-01  7.15E-06  1.17E-01  2.13E-02  2.60E-02   0.8632
12792.00 .7817386    6.17E-06  1.01E-01  7.14E-06  1.17E-01  2.13E-02  2.61E-02   0.8631
12793.00 .7816775    6.16E-06  1.01E-01  7.14E-06  1.17E-01  2.13E-02  2.61E-02   0.8626
12794.00 .7816164    6.17E-06  1.01E-01  7.15E-06  1.17E-01  2.13E-02  2.61E-02   0.8631
12795.00 .7815553    6.16E-06  1.01E-01  7.14E-06  1.17E-01  2.13E-02  2.61E-02   0.8628
12796.00 .7814942    6.12E-06  1.00E-01  7.09E-06  1.16E-01  2.13E-02  2.61E-02   0.8630
12797.00 .7814332    5.98E-06  9.79E-02  6.93E-06  1.13E-01  2.14E-02  2.61E-02   0.8630
12798.00 .7813721    5.96E-06  9.76E-02  6.90E-06  1.13E-01  2.14E-02  2.61E-02   0.8629
12799.00 .7813110    5.96E-06  9.76E-02  6.91E-06  1.13E-01  2.14E-02  2.61E-02   0.8629
12800.00 .7812500    5.97E-06  9.78E-02  6.92E-06  1.13E-01  2.14E-02  2.61E-02   0.8621
12801.00 .7811890    6.00E-06  9.83E-02  6.95E-06  1.14E-01  2.14E-02  2.61E-02   0.8628
12802.00 .7811279    6.02E-06  9.87E-02  6.99E-06  1.15E-01  2.14E-02  2.61E-02   0.8622
12803.00 .7810670    6.04E-06  9.89E-02  7.00E-06  1.15E-01  2.14E-02  2.61E-02   0.8627
12804.00 .7810059    6.03E-06  9.89E-02  6.99E-06  1.15E-01  2.14E-02  2.61E-02   0.8627
12805.00 .7809449    6.03E-06  9.89E-02  6.99E-06  1.15E-01  2.14E-02  2.61E-02   0.8627
12806.00 .7808840    6.05E-06  9.92E-02  7.01E-06  1.15E-01  2.14E-02  2.61E-02   0.8626
12807.00 .7808230    6.15E-06  1.01E-01  7.13E-06  1.17E-01  2.14E-02  2.62E-02   0.8626
12808.00 .7807620    6.17E-06  1.01E-01  7.15E-06  1.17E-01  2.14E-02  2.62E-02   0.8626
12809.00 .7807010    6.17E-06  1.01E-01  7.16E-06  1.17E-01  2.14E-02  2.62E-02   0.8625
12810.00 .7806401    6.17E-06  1.01E-01  7.16E-06  1.17E-01  2.14E-02  2.62E-02   0.8625
12811.00 .7805792    6.15E-06  1.01E-01  7.13E-06  1.17E-01  2.14E-02  2.62E-02   0.8624
12812.00 .7805183    6.13E-06  1.01E-01  7.13E-06  1.17E-01  2.14E-02  2.62E-02   0.8600
12813.00 .7804574    6.14E-06  1.01E-01  7.12E-06  1.17E-01  2.15E-02  2.62E-02   0.8619
12814.00 .7803965    6.13E-06  1.01E-01  7.11E-06  1.17E-01  2.15E-02  2.62E-02   0.8623
12815.00 .7803355    6.08E-06  9.99E-02  7.05E-06  1.16E-01  2.15E-02  2.62E-02   0.8623
12816.00 .7802746    6.05E-06  9.94E-02  7.02E-06  1.15E-01  2.15E-02  2.62E-02   0.8623
12817.00 .7802138    6.04E-06  9.92E-02  7.00E-06  1.15E-01  2.15E-02  2.62E-02   0.8623
12818.00 .7801529    6.02E-06  9.89E-02  6.98E-06  1.15E-01  2.15E-02  2.62E-02   0.8622
12819.00 .7800921    5.89E-06  9.67E-02  6.83E-06  1.12E-01  2.15E-02  2.62E-02   0.8622
12820.00 .7800312    5.91E-06  9.71E-02  6.86E-06  1.13E-01  2.15E-02  2.62E-02   0.8622
12821.00 .7799703    5.96E-06  9.79E-02  6.91E-06  1.14E-01  2.15E-02  2.63E-02   0.8621
12822.00 .7799096    5.97E-06  9.81E-02  6.92E-06  1.14E-01  2.15E-02  2.63E-02   0.8621
12823.00 .7798487    5.99E-06  9.84E-02  6.95E-06  1.14E-01  2.15E-02  2.63E-02   0.8617
12824.00 .7797879    6.13E-06  1.01E-01  7.11E-06  1.17E-01  2.15E-02  2.63E-02   0.8620
12825.00 .7797271    6.15E-06  1.01E-01  7.14E-06  1.17E-01  2.15E-02  2.63E-02   0.8620
12826.00 .7796663    6.16E-06  1.01E-01  7.14E-06  1.18E-01  2.15E-02  2.63E-02   0.8620
12827.00 .7796055    6.17E-06  1.01E-01  7.15E-06  1.18E-01  2.15E-02  2.63E-02   0.8619
12828.00 .7795448    6.17E-06  1.01E-01  7.16E-06  1.18E-01  2.15E-02  2.63E-02   0.8619
12829.00 .7794840    6.17E-06  1.02E-01  7.16E-06  1.18E-01  2.15E-02  2.63E-02   0.8614

                      IRRADIANCE (WATTS/CM2-XXXX)

   FREQ  WAVELENGTH      TRANSMITTED           SOLAR           INTEGRATED         TOTAL
  (CM-1) (MICRON)     (CM-1)    (MICRN)   (CM-1)    (MICRN)   TRANS.    SOLAR     TRANS
12830.00 .7794232    6.16E-06  1.01E-01  7.16E-06  1.18E-01  2.16E-02  2.63E-02   0.8609
12831.00 .7793625    6.16E-06  1.01E-01  7.16E-06  1.18E-01  2.16E-02  2.63E-02   0.8607
12832.00 .7793018    6.15E-06  1.01E-01  7.13E-06  1.17E-01  2.16E-02  2.63E-02   0.8618
12833.00 .7792410    6.02E-06  9.92E-02  6.99E-06  1.15E-01  2.16E-02  2.63E-02   0.8618
12834.00 .7791803    6.00E-06  9.88E-02  6.96E-06  1.15E-01  2.16E-02  2.63E-02   0.8617
12835.00 .7791196    6.00E-06  9.88E-02  6.96E-06  1.15E-01  2.16E-02  2.64E-02   0.8617
12836.00 .7790589    5.99E-06  9.87E-02  6.95E-06  1.15E-01  2.16E-02  2.64E-02   0.8617
12837.00 .7789982    6.00E-06  9.89E-02  6.97E-06  1.15E-01  2.16E-02  2.64E-02   0.8612
12838.00 .7789375    6.13E-06  1.01E-01  7.11E-06  1.17E-01  2.16E-02  2.64E-02   0.8616
12839.00 .7788768    6.15E-06  1.01E-01  7.14E-06  1.18E-01  2.16E-02  2.64E-02   0.8616
12840.00 .7788162    6.15E-06  1.01E-01  7.14E-06  1.18E-01  2.16E-02  2.64E-02   0.8616
12841.00 .7787555    6.16E-06  1.02E-01  7.15E-06  1.18E-01  2.16E-02  2.64E-02   0.8616
12842.00 .7786949    6.17E-06  1.02E-01  7.16E-06  1.18E-01  2.16E-02  2.64E-02   0.8616
12843.00 .7786343    6.17E-06  1.02E-01  7.16E-06  1.18E-01  2.16E-02  2.64E-02   0.8614
12844.00 .7785736    6.17E-06  1.02E-01  7.16E-06  1.18E-01  2.16E-02  2.64E-02   0.8615
12845.00 .7785130    6.17E-06  1.02E-01  7.16E-06  1.18E-01  2.16E-02  2.64E-02   0.8615
12846.00 .7784525    6.16E-06  1.02E-01  7.15E-06  1.18E-01  2.17E-02  2.64E-02   0.8612
12847.00 .7783918    6.13E-06  1.01E-01  7.12E-06  1.18E-01  2.17E-02  2.64E-02   0.8613
12848.00 .7783313    6.13E-06  1.01E-01  7.12E-06  1.17E-01  2.17E-02  2.64E-02   0.8610
12849.00 .7782707    6.12E-06  1.01E-01  7.11E-06  1.17E-01  2.17E-02  2.65E-02   0.8613
12850.00 .7782101    6.13E-06  1.01E-01  7.12E-06  1.17E-01  2.17E-02  2.65E-02   0.8614
12851.00 .7781495    6.13E-06  1.01E-01  7.12E-06  1.18E-01  2.17E-02  2.65E-02   0.8614
12852.00 .7780890    6.15E-06  1.02E-01  7.14E-06  1.18E-01  2.17E-02  2.65E-02   0.8613
12853.00 .7780285    6.14E-06  1.01E-01  7.13E-06  1.18E-01  2.17E-02  2.65E-02   0.8613
12854.00 .7779679    6.14E-06  1.01E-01  7.13E-06  1.18E-01  2.17E-02  2.65E-02   0.8613
12855.00 .7779074    6.10E-06  1.01E-01  7.09E-06  1.17E-01  2.17E-02  2.65E-02   0.8610
12856.00 .7778469    6.04E-06  9.99E-02  7.02E-06  1.16E-01  2.17E-02  2.65E-02   0.8612
12857.00 .7777864    5.99E-06  9.91E-02  6.97E-06  1.15E-01  2.17E-02  2.65E-02   0.8602
12858.00 .7777259    5.94E-06  9.82E-02  6.90E-06  1.14E-01  2.17E-02  2.65E-02   0.8611
12859.00 .7776654    5.93E-06  9.81E-02  6.89E-06  1.14E-01  2.17E-02  2.65E-02   0.8612
12860.00 .7776050    5.94E-06  9.82E-02  6.90E-06  1.14E-01  2.17E-02  2.65E-02   0.8610
12861.00 .7775445    5.89E-06  9.74E-02  6.84E-06  1.13E-01  2.17E-02  2.65E-02   0.8612
12862.00 .7774841    5.89E-06  9.74E-02  6.84E-06  1.13E-01  2.17E-02  2.65E-02   0.8611
12863.00 .7774236    5.95E-06  9.85E-02  6.92E-06  1.14E-01  2.18E-02  2.66E-02   0.8611
12864.00 .7773632    5.96E-06  9.86E-02  6.92E-06  1.15E-01  2.18E-02  2.66E-02   0.8611
12865.00 .7773027    5.99E-06  9.91E-02  6.95E-06  1.15E-01  2.18E-02  2.66E-02   0.8611
12866.00 .7772424    6.09E-06  1.01E-01  7.08E-06  1.17E-01  2.18E-02  2.66E-02   0.8611
12867.00 .7771819    6.14E-06  1.02E-01  7.13E-06  1.18E-01  2.18E-02  2.66E-02   0.8611
12868.00 .7771215    6.15E-06  1.02E-01  7.14E-06  1.18E-01  2.18E-02  2.66E-02   0.8610
12869.00 .7770612    6.16E-06  1.02E-01  7.15E-06  1.18E-01  2.18E-02  2.66E-02   0.8607
12870.00 .7770008    6.16E-06  1.02E-01  7.16E-06  1.19E-01  2.18E-02  2.66E-02   0.8610
12871.00 .7769404    6.16E-06  1.02E-01  7.16E-06  1.19E-01  2.18E-02  2.66E-02   0.8607
12872.00 .7768800    6.15E-06  1.02E-01  7.14E-06  1.18E-01  2.18E-02  2.66E-02   0.8610
12873.00 .7768197    6.14E-06  1.02E-01  7.13E-06  1.18E-01  2.18E-02  2.66E-02   0.8610
12874.00 .7767594    6.13E-06  1.02E-01  7.12E-06  1.18E-01  2.18E-02  2.66E-02   0.8609
12875.00 .7766990    6.13E-06  1.02E-01  7.12E-06  1.18E-01  2.18E-02  2.66E-02   0.8609
12876.00 .7766387    6.13E-06  1.02E-01  7.12E-06  1.18E-01  2.18E-02  2.66E-02   0.8609
12877.00 .7765784    6.14E-06  1.02E-01  7.14E-06  1.18E-01  2.18E-02  2.67E-02   0.8609
12878.00 .7765181    6.15E-06  1.02E-01  7.15E-06  1.19E-01  2.18E-02  2.67E-02   0.8609
12879.00 .7764578    6.14E-06  1.02E-01  7.14E-06  1.18E-01  2.19E-02  2.67E-02   0.8603

                      IRRADIANCE (WATTS/CM2-XXXX)

   FREQ  WAVELENGTH      TRANSMITTED           SOLAR           INTEGRATED         TOTAL
  (CM-1) (MICRON)     (CM-1)    (MICRN)   (CM-1)    (MICRN)   TRANS.    SOLAR     TRANS
12880.00 .7763975    6.12E-06  1.01E-01  7.11E-06  1.18E-01  2.19E-02  2.67E-02   0.8608
12881.00 .7763373    6.10E-06  1.01E-01  7.09E-06  1.18E-01  2.19E-02  2.67E-02   0.8603
12882.00 .7762769    6.06E-06  1.01E-01  7.04E-06  1.17E-01  2.19E-02  2.67E-02   0.8608
12883.00 .7762167    6.05E-06  1.00E-01  7.03E-06  1.17E-01  2.19E-02  2.67E-02   0.8608
12884.00 .7761565    6.07E-06  1.01E-01  7.05E-06  1.17E-01  2.19E-02  2.67E-02   0.8608
12885.00 .7760962    6.09E-06  1.01E-01  7.08E-06  1.17E-01  2.19E-02  2.67E-02   0.8608
12886.00 .7760360    6.11E-06  1.01E-01  7.09E-06  1.18E-01  2.19E-02  2.67E-02   0.8608
12887.00 .7759758    6.15E-06  1.02E-01  7.14E-06  1.19E-01  2.19E-02  2.67E-02   0.8608
12888.00 .7759156    6.15E-06  1.02E-01  7.15E-06  1.19E-01  2.19E-02  2.67E-02   0.8607
12889.00 .7758554    6.13E-06  1.02E-01  7.13E-06  1.18E-01  2.19E-02  2.67E-02   0.8597
12890.00 .7757952    6.13E-06  1.02E-01  7.13E-06  1.18E-01  2.19E-02  2.67E-02   0.8599
12891.00 .7757350    6.12E-06  1.02E-01  7.12E-06  1.18E-01  2.19E-02  2.68E-02   0.8597
12892.00 .7756748    6.12E-06  1.02E-01  7.11E-06  1.18E-01  2.19E-02  2.68E-02   0.8607
12893.00 .7756147    6.12E-06  1.02E-01  7.11E-06  1.18E-01  2.19E-02  2.68E-02   0.8607
12894.00 .7755545    6.14E-06  1.02E-01  7.13E-06  1.19E-01  2.19E-02  2.68E-02   0.8606
12895.00 .7754944    6.12E-06  1.02E-01  7.12E-06  1.18E-01  2.19E-02  2.68E-02   0.8603
12896.00 .7754343    6.05E-06  1.01E-01  7.03E-06  1.17E-01  2.20E-02  2.68E-02   0.8606
12897.00 .7753741    6.04E-06  1.00E-01  7.02E-06  1.17E-01  2.20E-02  2.68E-02   0.8606
12898.00 .7753140    6.02E-06  1.00E-01  7.00E-06  1.16E-01  2.20E-02  2.68E-02   0.8606
12899.00 .7752539    5.91E-06  9.84E-02  6.88E-06  1.15E-01  2.20E-02  2.68E-02   0.8589
12900.00 .7751938    5.72E-06  9.52E-02  6.66E-06  1.11E-01  2.20E-02  2.68E-02   0.8590
12901.00 .7751337    5.63E-06  9.37E-02  6.54E-06  1.09E-01  2.20E-02  2.68E-02   0.8605
12902.00 .7750736    5.61E-06  9.35E-02  6.52E-06  1.09E-01  2.20E-02  2.68E-02   0.8606
12903.00 .7750136    5.58E-06  9.29E-02  6.49E-06  1.08E-01  2.20E-02  2.68E-02   0.8606
12904.00 .7749535    5.52E-06  9.20E-02  6.42E-06  1.07E-01  2.20E-02  2.68E-02   0.8606
12905.00 .7748935    5.66E-06  9.42E-02  6.58E-06  1.10E-01  2.20E-02  2.68E-02   0.8606
12906.00 .7748334    5.82E-06  9.69E-02  6.76E-06  1.13E-01  2.20E-02  2.69E-02   0.8605
12907.00 .7747734    5.84E-06  9.73E-02  6.79E-06  1.13E-01  2.20E-02  2.69E-02   0.8604
12908.00 .7747133    5.87E-06  9.78E-02  6.84E-06  1.14E-01  2.20E-02  2.69E-02   0.8579
12909.00 .7746533    6.01E-06  1.00E-01  6.99E-06  1.16E-01  2.20E-02  2.69E-02   0.8604
12910.00 .7745934    5.94E-06  9.90E-02  6.92E-06  1.15E-01  2.20E-02  2.69E-02   0.8581
12911.00 .7745333    5.95E-06  9.93E-02  6.92E-06  1.15E-01  2.20E-02  2.69E-02   0.8602
12912.00 .7744734    5.96E-06  9.93E-02  6.92E-06  1.15E-01  2.20E-02  2.69E-02   0.8602
12913.00 .7744134    5.96E-06  9.94E-02  6.93E-06  1.16E-01  2.21E-02  2.69E-02   0.8603
12914.00 .7743534    5.99E-06  9.98E-02  6.96E-06  1.16E-01  2.21E-02  2.69E-02   0.8605
12915.00 .7742935    6.11E-06  1.02E-01  7.10E-06  1.18E-01  2.21E-02  2.69E-02   0.8603
12916.00 .7742335    6.10E-06  1.02E-01  7.13E-06  1.19E-01  2.21E-02  2.69E-02   0.8565
12917.00 .7741736    6.13E-06  1.02E-01  7.13E-06  1.19E-01  2.21E-02  2.69E-02   0.8603
12918.00 .7741137    6.10E-06  1.02E-01  7.12E-06  1.19E-01  2.21E-02  2.69E-02   0.8568
12919.00 .7740537    6.13E-06  1.02E-01  7.13E-06  1.19E-01  2.21E-02  2.69E-02   0.8603
12920.00 .7739938    6.14E-06  1.02E-01  7.13E-06  1.19E-01  2.21E-02  2.70E-02   0.8604
12921.00 .7739339    6.13E-06  1.02E-01  7.12E-06  1.19E-01  2.21E-02  2.70E-02   0.8604
12922.00 .7738740    6.13E-06  1.02E-01  7.12E-06  1.19E-01  2.21E-02  2.70E-02   0.8604
12923.00 .7738141    6.13E-06  1.02E-01  7.13E-06  1.19E-01  2.21E-02  2.70E-02   0.8604
12924.00 .7737542    6.13E-06  1.02E-01  7.12E-06  1.19E-01  2.21E-02  2.70E-02   0.8602
12925.00 .7736944    6.06E-06  1.01E-01  7.09E-06  1.18E-01  2.21E-02  2.70E-02   0.8552
12926.00 .7736346    6.09E-06  1.02E-01  7.08E-06  1.18E-01  2.21E-02  2.70E-02   0.8601
12927.00 .7735747    6.05E-06  1.01E-01  7.08E-06  1.18E-01  2.21E-02  2.70E-02   0.8550
12928.00 .7735149    6.09E-06  1.02E-01  7.08E-06  1.18E-01  2.21E-02  2.70E-02   0.8597
12929.00 .7734550    6.10E-06  1.02E-01  7.09E-06  1.19E-01  2.22E-02  2.70E-02   0.8603

                      IRRADIANCE (WATTS/CM2-XXXX)

   FREQ  WAVELENGTH      TRANSMITTED           SOLAR           INTEGRATED         TOTAL
  (CM-1) (MICRON)     (CM-1)    (MICRN)   (CM-1)    (MICRN)   TRANS.    SOLAR     TRANS
12930.00 .7733952    6.13E-06  1.03E-01  7.13E-06  1.19E-01  2.22E-02  2.70E-02   0.8603
12931.00 .7733354    6.14E-06  1.03E-01  7.13E-06  1.19E-01  2.22E-02  2.70E-02   0.8603
12932.00 .7732756    6.13E-06  1.03E-01  7.13E-06  1.19E-01  2.22E-02  2.70E-02   0.8600
12933.00 .7732158    6.09E-06  1.02E-01  7.13E-06  1.19E-01  2.22E-02  2.70E-02   0.8538
12934.00 .7731560    6.10E-06  1.02E-01  7.10E-06  1.19E-01  2.22E-02  2.70E-02   0.8600
12935.00 .7730963    5.91E-06  9.90E-02  6.92E-06  1.16E-01  2.22E-02  2.71E-02   0.8545
12936.00 .7730365    5.93E-06  9.93E-02  6.90E-06  1.15E-01  2.22E-02  2.71E-02   0.8600
12937.00 .7729768    5.94E-06  9.94E-02  6.90E-06  1.16E-01  2.22E-02  2.71E-02   0.8602
12938.00 .7729170    5.91E-06  9.90E-02  6.88E-06  1.15E-01  2.22E-02  2.71E-02   0.8599
12939.00 .7728572    5.87E-06  9.84E-02  6.83E-06  1.14E-01  2.22E-02  2.71E-02   0.8601
12940.00 .7727975    5.94E-06  9.95E-02  6.98E-06  1.17E-01  2.22E-02  2.71E-02   0.8507
12941.00 .7727378    6.01E-06  1.01E-01  6.99E-06  1.17E-01  2.22E-02  2.71E-02   0.8599
12942.00 .7726781    5.84E-06  9.79E-02  6.86E-06  1.15E-01  2.22E-02  2.71E-02   0.8512
12943.00 .7726184    5.83E-06  9.76E-02  6.77E-06  1.13E-01  2.22E-02  2.71E-02   0.8600
12944.00 .7725587    5.84E-06  9.79E-02  6.80E-06  1.14E-01  2.22E-02  2.71E-02   0.8601
12945.00 .7724990    5.85E-06  9.81E-02  6.80E-06  1.14E-01  2.22E-02  2.71E-02   0.8601
12946.00 .7724394    5.84E-06  9.78E-02  6.78E-06  1.14E-01  2.23E-02  2.71E-02   0.8601
12947.00 .7723797    5.86E-06  9.82E-02  6.87E-06  1.15E-01  2.23E-02  2.71E-02   0.8524
12948.00 .7723200    5.99E-06  1.00E-01  6.97E-06  1.17E-01  2.23E-02  2.71E-02   0.8597
12949.00 .7722604    5.97E-06  1.00E-01  6.99E-06  1.17E-01  2.23E-02  2.72E-02   0.8534
12950.00 .7722008    6.01E-06  1.01E-01  7.00E-06  1.17E-01  2.23E-02  2.72E-02   0.8598
12951.00 .7721412    6.05E-06  1.01E-01  7.04E-06  1.18E-01  2.23E-02  2.72E-02   0.8600
12952.00 .7720816    6.09E-06  1.02E-01  7.08E-06  1.19E-01  2.23E-02  2.72E-02   0.8599
12953.00 .7720219    6.06E-06  1.02E-01  7.09E-06  1.19E-01  2.23E-02  2.72E-02   0.8539
12954.00 .7719623    6.03E-06  1.01E-01  7.13E-06  1.20E-01  2.23E-02  2.72E-02   0.8462
12955.00 .7719027    6.13E-06  1.03E-01  7.13E-06  1.20E-01  2.23E-02  2.72E-02   0.8596
12956.00 .7718431    6.06E-06  1.02E-01  7.10E-06  1.19E-01  2.23E-02  2.72E-02   0.8541
12957.00 .7717836    5.96E-06  1.00E-01  6.93E-06  1.16E-01  2.23E-02  2.72E-02   0.8598
12958.00 .7717240    5.91E-06  9.93E-02  6.87E-06  1.15E-01  2.23E-02  2.72E-02   0.8599
12959.00 .7716645    5.91E-06  9.92E-02  6.87E-06  1.15E-01  2.23E-02  2.72E-02   0.8598
12960.00 .7716050    5.87E-06  9.87E-02  6.87E-06  1.15E-01  2.23E-02  2.72E-02   0.8544
12961.00 .7715454    5.92E-06  9.94E-02  6.88E-06  1.16E-01  2.23E-02  2.72E-02   0.8596
12962.00 .7714859    5.96E-06  1.00E-01  6.93E-06  1.16E-01  2.23E-02  2.72E-02   0.8596
12963.00 .7714264    5.93E-06  9.96E-02  6.93E-06  1.16E-01  2.24E-02  2.73E-02   0.8561
12964.00 .7713668    5.78E-06  9.71E-02  6.72E-06  1.13E-01  2.24E-02  2.73E-02   0.8597
12965.00 .7713073    5.63E-06  9.46E-02  6.67E-06  1.12E-01  2.24E-02  2.73E-02   0.8430
12966.00 .7712479    5.73E-06  9.63E-02  6.69E-06  1.12E-01  2.24E-02  2.73E-02   0.8564
12967.00 .7711884    5.74E-06  9.65E-02  6.81E-06  1.14E-01  2.24E-02  2.73E-02   0.8432
12968.00 .7711290    5.90E-06  9.92E-02  6.86E-06  1.15E-01  2.24E-02  2.73E-02   0.8596
12969.00 .7710695    6.08E-06  1.02E-01  7.07E-06  1.19E-01  2.24E-02  2.73E-02   0.8597
12970.00 .7710100    6.12E-06  1.03E-01  7.12E-06  1.20E-01  2.24E-02  2.73E-02   0.8597
12971.00 .7709506    6.12E-06  1.03E-01  7.12E-06  1.20E-01  2.24E-02  2.73E-02   0.8597
12972.00 .7708911    6.12E-06  1.03E-01  7.12E-06  1.20E-01  2.24E-02  2.73E-02   0.8596
12973.00 .7708317    6.12E-06  1.03E-01  7.12E-06  1.20E-01  2.24E-02  2.73E-02   0.8596
12974.00 .7707723    6.13E-06  1.03E-01  7.13E-06  1.20E-01  2.24E-02  2.73E-02   0.8595
12975.00 .7707129    6.12E-06  1.03E-01  7.13E-06  1.20E-01  2.24E-02  2.73E-02   0.8580
12976.00 .7706535    6.13E-06  1.03E-01  7.14E-06  1.20E-01  2.24E-02  2.73E-02   0.8591
12977.00 .7705941    5.81E-06  9.79E-02  7.14E-06  1.20E-01  2.24E-02  2.73E-02   0.8141
12978.00 .7705348    6.13E-06  1.03E-01  7.14E-06  1.20E-01  2.24E-02  2.74E-02   0.8583
12979.00 .7704754    5.84E-06  9.84E-02  7.12E-06  1.20E-01  2.25E-02  2.74E-02   0.8197

                      IRRADIANCE (WATTS/CM2-XXXX)

   FREQ  WAVELENGTH      TRANSMITTED           SOLAR           INTEGRATED         TOTAL
  (CM-1) (MICRON)     (CM-1)    (MICRN)   (CM-1)    (MICRN)   TRANS.    SOLAR     TRANS
12980.00 .7704160    6.08E-06  1.02E-01  7.11E-06  1.20E-01  2.25E-02  2.74E-02   0.8551
12981.00 .7703567    6.11E-06  1.03E-01  7.11E-06  1.20E-01  2.25E-02  2.74E-02   0.8591
12982.00 .7702973    6.02E-06  1.01E-01  7.06E-06  1.19E-01  2.25E-02  2.74E-02   0.8534
12983.00 .7702380    5.81E-06  9.79E-02  6.76E-06  1.14E-01  2.25E-02  2.74E-02   0.8592
12984.00 .7701787    5.72E-06  9.65E-02  6.71E-06  1.13E-01  2.25E-02  2.74E-02   0.8534
12985.00 .7701194    5.77E-06  9.73E-02  6.72E-06  1.13E-01  2.25E-02  2.74E-02   0.8591
12986.00 .7700601    5.72E-06  9.65E-02  6.72E-06  1.13E-01  2.25E-02  2.74E-02   0.8517
12987.00 .7700008    5.79E-06  9.77E-02  6.75E-06  1.14E-01  2.25E-02  2.74E-02   0.8586
12988.00 .7699415    5.98E-06  1.01E-01  7.04E-06  1.19E-01  2.25E-02  2.74E-02   0.8498
12989.00 .7698822    5.51E-06  9.29E-02  7.06E-06  1.19E-01  2.25E-02  2.74E-02   0.7803
12990.00 .7698230    5.65E-06  9.54E-02  7.04E-06  1.19E-01  2.25E-02  2.74E-02   0.8026
12991.00 .7697637    5.97E-06  1.01E-01  7.05E-06  1.19E-01  2.25E-02  2.74E-02   0.8472
12992.00 .7697045    6.03E-06  1.02E-01  7.07E-06  1.19E-01  2.25E-02  2.75E-02   0.8522
12993.00 .7696452    6.08E-06  1.03E-01  7.08E-06  1.20E-01  2.25E-02  2.75E-02   0.8584
12994.00 .7695860    6.06E-06  1.02E-01  7.11E-06  1.20E-01  2.25E-02  2.75E-02   0.8511
12995.00 .7695267    6.07E-06  1.02E-01  7.07E-06  1.19E-01  2.25E-02  2.75E-02   0.8584
12996.00 .7694675    5.88E-06  9.93E-02  6.89E-06  1.16E-01  2.26E-02  2.75E-02   0.8530
12997.00 .7694083    5.89E-06  9.94E-02  6.86E-06  1.16E-01  2.26E-02  2.75E-02   0.8586
12998.00 .7693492    5.84E-06  9.86E-02  6.86E-06  1.16E-01  2.26E-02  2.75E-02   0.8512
12999.00 .7692900    5.84E-06  9.86E-02  6.86E-06  1.16E-01  2.26E-02  2.75E-02   0.8511
13000.00 .7692308    4.96E-06  8.38E-02  6.87E-06  1.16E-01  2.26E-02  2.75E-02   0.7218
13001.00 .7691716    5.89E-06  9.96E-02  7.01E-06  1.19E-01  2.26E-02  2.75E-02   0.8401
13002.00 .7691125    5.16E-06  8.72E-02  7.04E-06  1.19E-01  2.26E-02  2.75E-02   0.7327
13003.00 .7690533    6.01E-06  1.02E-01  7.04E-06  1.19E-01  2.26E-02  2.75E-02   0.8534
13004.00 .7689942    6.03E-06  1.02E-01  7.05E-06  1.19E-01  2.26E-02  2.75E-02   0.8551
13005.00 .7689350    6.07E-06  1.03E-01  7.09E-06  1.20E-01  2.26E-02  2.75E-02   0.8560
13006.00 .7688759    6.10E-06  1.03E-01  7.13E-06  1.21E-01  2.26E-02  2.76E-02   0.8555
13007.00 .7688168    6.10E-06  1.03E-01  7.13E-06  1.21E-01  2.26E-02  2.76E-02   0.8557
13008.00 .7687577    6.11E-06  1.03E-01  7.13E-06  1.21E-01  2.26E-02  2.76E-02   0.8569
13009.00 .7686986    6.09E-06  1.03E-01  7.12E-06  1.20E-01  2.26E-02  2.76E-02   0.8550
13010.00 .7686395    6.01E-06  1.02E-01  7.11E-06  1.20E-01  2.26E-02  2.76E-02   0.8457
13011.00 .7685804    4.64E-06  7.85E-02  7.09E-06  1.20E-01  2.26E-02  2.76E-02   0.6539
13012.00 .7685214    5.92E-06  1.00E-01  7.09E-06  1.20E-01  2.26E-02  2.76E-02   0.8343
13013.00 .7684623    5.08E-06  8.60E-02  7.09E-06  1.20E-01  2.26E-02  2.76E-02   0.7166
13014.00 .7684032    6.03E-06  1.02E-01  7.07E-06  1.20E-01  2.27E-02  2.76E-02   0.8537
13015.00 .7683442    5.94E-06  1.01E-01  6.93E-06  1.17E-01  2.27E-02  2.76E-02   0.8568
13016.00 .7682852    5.92E-06  1.00E-01  6.92E-06  1.17E-01  2.27E-02  2.76E-02   0.8561
13017.00 .7682261    5.93E-06  1.01E-01  6.92E-06  1.17E-01  2.27E-02  2.76E-02   0.8570
13018.00 .7681671    5.92E-06  1.00E-01  6.91E-06  1.17E-01  2.27E-02  2.76E-02   0.8569
13019.00 .7681081    5.92E-06  1.00E-01  6.94E-06  1.18E-01  2.27E-02  2.76E-02   0.8536
13020.00 .7680492    6.03E-06  1.02E-01  7.09E-06  1.20E-01  2.27E-02  2.76E-02   0.8498
13021.00 .7679902    4.14E-06  7.03E-02  7.11E-06  1.21E-01  2.27E-02  2.77E-02   0.5828
13022.00 .7679312    5.71E-06  9.68E-02  7.10E-06  1.20E-01  2.27E-02  2.77E-02   0.8043
13023.00 .7678722    4.03E-06  6.84E-02  7.10E-06  1.20E-01  2.27E-02  2.77E-02   0.5680
13024.00 .7678133    5.96E-06  1.01E-01  7.11E-06  1.21E-01  2.27E-02  2.77E-02   0.8376
13025.00 .7677543    6.07E-06  1.03E-01  7.11E-06  1.21E-01  2.27E-02  2.77E-02   0.8531
13026.00 .7676954    6.07E-06  1.03E-01  7.12E-06  1.21E-01  2.27E-02  2.77E-02   0.8526
13027.00 .7676364    6.09E-06  1.03E-01  7.13E-06  1.21E-01  2.27E-02  2.77E-02   0.8546
13028.00 .7675775    6.08E-06  1.03E-01  7.11E-06  1.21E-01  2.27E-02  2.77E-02   0.8546
13029.00 .7675186    6.03E-06  1.02E-01  7.11E-06  1.21E-01  2.27E-02  2.77E-02   0.8480

                      IRRADIANCE (WATTS/CM2-XXXX)

   FREQ  WAVELENGTH      TRANSMITTED           SOLAR           INTEGRATED         TOTAL
  (CM-1) (MICRON)     (CM-1)    (MICRN)   (CM-1)    (MICRN)   TRANS.    SOLAR     TRANS
13030.00 .7674597    5.97E-06  1.01E-01  7.11E-06  1.21E-01  2.27E-02  2.77E-02   0.8402
13031.00 .7674008    3.86E-06  6.56E-02  7.11E-06  1.21E-01  2.28E-02  2.77E-02   0.5432
13032.00 .7673419    5.33E-06  9.06E-02  7.11E-06  1.21E-01  2.28E-02  2.77E-02   0.7507
13033.00 .7672830    3.36E-06  5.70E-02  7.05E-06  1.20E-01  2.28E-02  2.77E-02   0.4760
13034.00 .7672242    5.59E-06  9.49E-02  7.01E-06  1.19E-01  2.28E-02  2.77E-02   0.7971
13035.00 .7671653    5.92E-06  1.01E-01  6.99E-06  1.19E-01  2.28E-02  2.78E-02   0.8463
13036.00 .7671065    5.91E-06  1.00E-01  6.99E-06  1.19E-01  2.28E-02  2.78E-02   0.8463
13037.00 .7670476    5.94E-06  1.01E-01  6.99E-06  1.19E-01  2.28E-02  2.78E-02   0.8502
13038.00 .7669888    5.94E-06  1.01E-01  7.05E-06  1.20E-01  2.28E-02  2.78E-02   0.8423
13039.00 .7669300    5.98E-06  1.02E-01  7.09E-06  1.21E-01  2.28E-02  2.78E-02   0.8440
13040.00 .7668712    5.64E-06  9.59E-02  7.02E-06  1.19E-01  2.28E-02  2.78E-02   0.8041
13041.00 .7668124    2.40E-06  4.08E-02  6.61E-06  1.12E-01  2.28E-02  2.78E-02   0.3632
13042.00 .7667536    4.53E-06  7.71E-02  6.26E-06  1.06E-01  2.28E-02  2.78E-02   0.7238
13043.00 .7666948    2.25E-06  3.83E-02  6.21E-06  1.06E-01  2.28E-02  2.78E-02   0.3624
13044.00 .7666360    4.99E-06  8.50E-02  6.20E-06  1.05E-01  2.28E-02  2.78E-02   0.8057
13045.00 .7665772    5.19E-06  8.83E-02  6.27E-06  1.07E-01  2.28E-02  2.78E-02   0.8275
13046.00 .7665185    5.60E-06  9.53E-02  6.65E-06  1.13E-01  2.28E-02  2.78E-02   0.8420
13047.00 .7664597    5.74E-06  9.78E-02  6.82E-06  1.16E-01  2.28E-02  2.78E-02   0.8428
13048.00 .7664010    5.61E-06  9.55E-02  6.82E-06  1.16E-01  2.28E-02  2.78E-02   0.8222
13049.00 .7663422    5.29E-06  9.01E-02  6.74E-06  1.15E-01  2.28E-02  2.78E-02   0.7850
13050.00 .7662835    3.05E-06  5.19E-02  6.67E-06  1.14E-01  2.28E-02  2.79E-02   0.4574
13051.00 .7662248    3.75E-06  6.39E-02  6.52E-06  1.11E-01  2.28E-02  2.79E-02   0.5747
13052.00 .7661661    2.25E-06  3.84E-02  6.64E-06  1.13E-01  2.29E-02  2.79E-02   0.3391
13053.00 .7661074    3.99E-06  6.79E-02  6.48E-06  1.10E-01  2.29E-02  2.79E-02   0.6151
13054.00 .7660487    5.18E-06  8.83E-02  6.51E-06  1.11E-01  2.29E-02  2.79E-02   0.7964
13055.00 .7659900    5.45E-06  9.29E-02  6.58E-06  1.12E-01  2.29E-02  2.79E-02   0.8280
13056.00 .7659314    5.47E-06  9.33E-02  6.74E-06  1.15E-01  2.29E-02  2.79E-02   0.8114
13057.00 .7658727    5.52E-06  9.41E-02  6.74E-06  1.15E-01  2.29E-02  2.79E-02   0.8191
13058.00 .7658141    5.09E-06  8.68E-02  6.87E-06  1.17E-01  2.29E-02  2.79E-02   0.7410
13059.00 .7657554    2.58E-06  4.40E-02  6.91E-06  1.18E-01  2.29E-02  2.79E-02   0.3733
13060.00 .7656968    3.18E-06  5.43E-02  6.81E-06  1.16E-01  2.29E-02  2.79E-02   0.4676
13061.00 .7656382    1.71E-06  2.93E-02  6.81E-06  1.16E-01  2.29E-02  2.79E-02   0.2518
13062.00 .7655795    3.58E-06  6.11E-02  6.89E-06  1.18E-01  2.29E-02  2.79E-02   0.5202
13063.00 .7655209    5.35E-06  9.13E-02  6.97E-06  1.19E-01  2.29E-02  2.79E-02   0.7680
13064.00 .7654623    5.65E-06  9.65E-02  7.00E-06  1.19E-01  2.29E-02  2.80E-02   0.8080
13065.00 .7654037    5.53E-06  9.43E-02  7.10E-06  1.21E-01  2.29E-02  2.80E-02   0.7786
13066.00 .7653452    5.61E-06  9.57E-02  7.11E-06  1.21E-01  2.29E-02  2.80E-02   0.7884
13067.00 .7652866    4.39E-06  7.49E-02  7.12E-06  1.22E-01  2.29E-02  2.80E-02   0.6164
13068.00 .7652280    7.44E-07  1.27E-02  7.12E-06  1.22E-01  2.29E-02  2.80E-02   0.1045
13069.00 .7651695    2.92E-06  4.98E-02  7.12E-06  1.22E-01  2.29E-02  2.80E-02   0.4097
13070.00 .7651110    7.95E-07  1.36E-02  7.12E-06  1.22E-01  2.29E-02  2.80E-02   0.1116
13071.00 .7650524    4.32E-06  7.38E-02  7.13E-06  1.22E-01  2.29E-02  2.80E-02   0.6064
13072.00 .7649939    5.53E-06  9.45E-02  7.13E-06  1.22E-01  2.29E-02  2.80E-02   0.7755
13073.00 .7649354    5.22E-06  8.93E-02  7.12E-06  1.22E-01  2.29E-02  2.80E-02   0.7333
13074.00 .7648768    5.47E-06  9.35E-02  7.12E-06  1.22E-01  2.29E-02  2.80E-02   0.7683
13075.00 .7648184    4.34E-06  7.42E-02  7.12E-06  1.22E-01  2.29E-02  2.80E-02   0.6099
13076.00 .7647598    1.07E-06  1.84E-02  7.12E-06  1.22E-01  2.29E-02  2.80E-02   0.1510
13077.00 .7647014    1.80E-06  3.09E-02  7.12E-06  1.22E-01  2.30E-02  2.80E-02   0.2536
13078.00 .7646429    6.69E-07  1.14E-02  7.13E-06  1.22E-01  2.30E-02  2.81E-02   0.0938
13079.00 .7645844    2.80E-06  4.80E-02  7.13E-06  1.22E-01  2.30E-02  2.81E-02   0.3932

                      IRRADIANCE (WATTS/CM2-XXXX)

   FREQ  WAVELENGTH      TRANSMITTED           SOLAR           INTEGRATED         TOTAL
  (CM-1) (MICRON)     (CM-1)    (MICRN)   (CM-1)    (MICRN)   TRANS.    SOLAR     TRANS
13080.00 .7645260    5.16E-06  8.83E-02  7.13E-06  1.22E-01  2.30E-02  2.81E-02   0.7234
13081.00 .7644675    4.91E-06  8.40E-02  7.13E-06  1.22E-01  2.30E-02  2.81E-02   0.6882
13082.00 .7644091    5.21E-06  8.92E-02  7.13E-06  1.22E-01  2.30E-02  2.81E-02   0.7313
13083.00 .7643507    3.58E-06  6.13E-02  7.08E-06  1.21E-01  2.30E-02  2.81E-02   0.5060
13084.00 .7642922    3.87E-07  6.63E-03  7.07E-06  1.21E-01  2.30E-02  2.81E-02   0.0548
13085.00 .7642338    1.56E-06  2.66E-02  7.07E-06  1.21E-01  2.30E-02  2.81E-02   0.2201
13086.00 .7641755    3.12E-07  5.34E-03  7.07E-06  1.21E-01  2.30E-02  2.81E-02   0.0441
13087.00 .7641171    2.83E-06  4.85E-02  7.08E-06  1.21E-01  2.30E-02  2.81E-02   0.4003
13088.00 .7640587    4.45E-06  7.62E-02  7.11E-06  1.22E-01  2.30E-02  2.81E-02   0.6251
13089.00 .7640003    5.11E-06  8.76E-02  7.12E-06  1.22E-01  2.30E-02  2.81E-02   0.7180
13090.00 .7639419    4.19E-06  7.17E-02  7.12E-06  1.22E-01  2.30E-02  2.81E-02   0.5877
13091.00 .7638836    1.85E-06  3.17E-02  7.12E-06  1.22E-01  2.30E-02  2.81E-02   0.2600
13092.00 .7638252    3.97E-07  6.80E-03  7.12E-06  1.22E-01  2.30E-02  2.82E-02   0.0557
13093.00 .7637669    1.32E-06  2.26E-02  7.12E-06  1.22E-01  2.30E-02  2.82E-02   0.1848
13094.00 .7637086    7.15E-07  1.23E-02  7.11E-06  1.22E-01  2.30E-02  2.82E-02   0.1006
13095.00 .7636502    3.65E-06  6.27E-02  7.11E-06  1.22E-01  2.30E-02  2.82E-02   0.5143
13096.00 .7635919    4.74E-06  8.13E-02  7.10E-06  1.22E-01  2.30E-02  2.82E-02   0.6675
13097.00 .7635337    4.12E-06  7.07E-02  7.10E-06  1.22E-01  2.30E-02  2.82E-02   0.5806
13098.00 .7634754    2.24E-06  3.83E-02  7.10E-06  1.22E-01  2.30E-02  2.82E-02   0.3149
13099.00 .7634171    1.41E-07  2.42E-03  7.11E-06  1.22E-01  2.30E-02  2.82E-02   0.0198
13100.00 .7633588    1.38E-06  2.36E-02  7.11E-06  1.22E-01  2.30E-02  2.82E-02   0.1934
13101.00 .7633005    2.34E-07  4.01E-03  7.11E-06  1.22E-01  2.30E-02  2.82E-02   0.0329
13102.00 .7632422    3.21E-06  5.52E-02  7.11E-06  1.22E-01  2.30E-02  2.82E-02   0.4521
13103.00 .7631840    4.63E-06  7.94E-02  7.11E-06  1.22E-01  2.30E-02  2.82E-02   0.6507
13104.00 .7631258    3.73E-06  6.41E-02  7.11E-06  1.22E-01  2.30E-02  2.82E-02   0.5247
13105.00 .7630675    1.46E-06  2.51E-02  7.12E-06  1.22E-01  2.30E-02  2.82E-02   0.2058
13106.00 .7630093    6.18E-07  1.06E-02  7.12E-06  1.22E-01  2.30E-02  2.82E-02   0.0867
13107.00 .7629511    1.25E-06  2.14E-02  7.11E-06  1.22E-01  2.30E-02  2.83E-02   0.1752
13108.00 .7628929    8.37E-07  1.44E-02  7.01E-06  1.20E-01  2.30E-02  2.83E-02   0.1195
13109.00 .7628347    3.68E-06  6.33E-02  6.98E-06  1.20E-01  2.30E-02  2.83E-02   0.5277
13110.00 .7627765    4.46E-06  7.67E-02  6.98E-06  1.20E-01  2.30E-02  2.83E-02   0.6397
13111.00 .7627183    3.00E-06  5.16E-02  6.98E-06  1.20E-01  2.30E-02  2.83E-02   0.4301
13112.00 .7626601    1.92E-07  3.30E-03  6.99E-06  1.20E-01  2.30E-02  2.83E-02   0.0275
13113.00 .7626020    2.33E-06  4.01E-02  7.09E-06  1.22E-01  2.30E-02  2.83E-02   0.3293
13114.00 .7625439    4.25E-07  7.31E-03  7.11E-06  1.22E-01  2.30E-02  2.83E-02   0.0598
13115.00 .7624857    3.22E-06  5.54E-02  7.11E-06  1.22E-01  2.30E-02  2.83E-02   0.4527
13116.00 .7624276    4.85E-06  8.34E-02  7.09E-06  1.22E-01  2.31E-02  2.83E-02   0.6836
13117.00 .7623695    3.45E-06  5.94E-02  6.95E-06  1.20E-01  2.31E-02  2.83E-02   0.4968
13118.00 .7623113    5.76E-07  9.91E-03  6.89E-06  1.19E-01  2.31E-02  2.83E-02   0.0836
13119.00 .7622532    3.76E-06  6.48E-02  6.70E-06  1.15E-01  2.31E-02  2.83E-02   0.5613
13120.00 .7621951    4.55E-06  7.83E-02  6.67E-06  1.15E-01  2.31E-02  2.83E-02   0.6826
13121.00 .7621371    5.29E-06  9.10E-02  6.63E-06  1.14E-01  2.31E-02  2.84E-02   0.7972
13122.00 .7620789    5.42E-06  9.33E-02  6.72E-06  1.16E-01  2.31E-02  2.84E-02   0.8068
13123.00 .7620209    5.26E-06  9.06E-02  6.53E-06  1.12E-01  2.31E-02  2.84E-02   0.8052
13124.00 .7619628    5.27E-06  9.08E-02  6.65E-06  1.15E-01  2.31E-02  2.84E-02   0.7927
13125.00 .7619048    4.92E-06  8.47E-02  6.65E-06  1.15E-01  2.31E-02  2.84E-02   0.7394
13126.00 .7618467    2.13E-06  3.67E-02  6.69E-06  1.15E-01  2.31E-02  2.84E-02   0.3184
13127.00 .7617887    2.74E-06  4.73E-02  6.75E-06  1.16E-01  2.31E-02  2.84E-02   0.4064
13128.00 .7617307    8.66E-07  1.49E-02  6.99E-06  1.21E-01  2.31E-02  2.84E-02   0.1238
13129.00 .7616726    2.59E-06  4.47E-02  7.06E-06  1.22E-01  2.31E-02  2.84E-02   0.3674

                      IRRADIANCE (WATTS/CM2-XXXX)

   FREQ  WAVELENGTH      TRANSMITTED           SOLAR           INTEGRATED         TOTAL
  (CM-1) (MICRON)     (CM-1)    (MICRN)   (CM-1)    (MICRN)   TRANS.    SOLAR     TRANS
13130.00 .7616146    3.89E-06  6.71E-02  7.10E-06  1.22E-01  2.31E-02  2.84E-02   0.5481
13131.00 .7615566    1.42E-06  2.45E-02  7.12E-06  1.23E-01  2.31E-02  2.84E-02   0.2000
13132.00 .7614986    1.64E-06  2.82E-02  7.12E-06  1.23E-01  2.31E-02  2.84E-02   0.2296
13133.00 .7614406    7.98E-07  1.38E-02  7.11E-06  1.23E-01  2.31E-02  2.84E-02   0.1122
13134.00 .7613827    1.69E-06  2.92E-02  7.04E-06  1.21E-01  2.31E-02  2.84E-02   0.2404
13135.00 .7613247    2.48E-06  4.28E-02  6.97E-06  1.20E-01  2.31E-02  2.85E-02   0.3556
13136.00 .7612668    3.40E-07  5.87E-03  6.96E-06  1.20E-01  2.31E-02  2.85E-02   0.0489
13137.00 .7612088    1.10E-06  1.90E-02  6.96E-06  1.20E-01  2.31E-02  2.85E-02   0.1583
13138.00 .7611508    1.96E-07  3.38E-03  6.97E-06  1.20E-01  2.31E-02  2.85E-02   0.0280
13139.00 .7610929    1.28E-06  2.21E-02  7.04E-06  1.22E-01  2.31E-02  2.85E-02   0.1817
13140.00 .7610350    1.26E-06  2.17E-02  7.10E-06  1.23E-01  2.31E-02  2.85E-02   0.1771
13141.00 .7609771    6.67E-07  1.15E-02  7.06E-06  1.22E-01  2.31E-02  2.85E-02   0.0944
13142.00 .7609192    7.46E-07  1.29E-02  7.04E-06  1.22E-01  2.31E-02  2.85E-02   0.1059
13143.00 .7608613    4.95E-07  8.55E-03  6.97E-06  1.20E-01  2.31E-02  2.85E-02   0.0710
13144.00 .7608034    9.15E-07  1.58E-02  6.95E-06  1.20E-01  2.31E-02  2.85E-02   0.1316
13145.00 .7607455    5.99E-07  1.03E-02  6.95E-06  1.20E-01  2.31E-02  2.85E-02   0.0861
13146.00 .7606876    1.05E-06  1.81E-02  7.00E-06  1.21E-01  2.31E-02  2.85E-02   0.1495
13147.00 .7606298    4.09E-07  7.06E-03  6.99E-06  1.21E-01  2.31E-02  2.85E-02   0.0585
13148.00 .7605720    2.22E-07  3.85E-03  6.95E-06  1.20E-01  2.31E-02  2.85E-02   0.0320
13149.00 .7605141    1.40E-06  2.42E-02  6.93E-06  1.20E-01  2.31E-02  2.85E-02   0.2016
13150.00 .7604563    2.21E-07  3.81E-03  6.92E-06  1.20E-01  2.31E-02  2.86E-02   0.0319
13151.00 .7603984    3.83E-07  6.63E-03  6.88E-06  1.19E-01  2.31E-02  2.86E-02   0.0557
13152.00 .7603406    1.35E-06  2.34E-02  6.89E-06  1.19E-01  2.31E-02  2.86E-02   0.1959
13153.00 .7602828    9.71E-07  1.68E-02  7.00E-06  1.21E-01  2.31E-02  2.86E-02   0.1386
13154.00 .7602250    1.63E-07  2.81E-03  7.04E-06  1.22E-01  2.31E-02  2.86E-02   0.0231
13155.00 .7601672    2.32E-06  4.02E-02  7.05E-06  1.22E-01  2.31E-02  2.86E-02   0.3291
13156.00 .7601095    6.82E-07  1.18E-02  7.09E-06  1.23E-01  2.31E-02  2.86E-02   0.0962
13157.00 .7600517    1.39E-06  2.41E-02  7.09E-06  1.23E-01  2.31E-02  2.86E-02   0.1965
13158.00 .7599939    2.32E-06  4.02E-02  7.08E-06  1.23E-01  2.31E-02  2.86E-02   0.3282
13159.00 .7599362    9.93E-07  1.72E-02  7.07E-06  1.22E-01  2.31E-02  2.86E-02   0.1404
13160.00 .7598784    2.02E-06  3.50E-02  7.07E-06  1.22E-01  2.31E-02  2.86E-02   0.2860
13161.00 .7598207    1.20E-06  2.08E-02  7.02E-06  1.22E-01  2.31E-02  2.86E-02   0.1707
13162.00 .7597629    1.59E-06  2.75E-02  7.00E-06  1.21E-01  2.31E-02  2.86E-02   0.2267
13163.00 .7597052    1.98E-06  3.43E-02  6.99E-06  1.21E-01  2.31E-02  2.86E-02   0.2830
13164.00 .7596475    2.65E-06  4.60E-02  6.99E-06  1.21E-01  2.31E-02  2.87E-02   0.3798
13165.00 .7595899    2.03E-06  3.52E-02  7.00E-06  1.21E-01  2.31E-02  2.87E-02   0.2900
13166.00 .7595322    5.66E-06  9.81E-02  7.04E-06  1.22E-01  2.31E-02  2.87E-02   0.8042
13167.00 .7594745    5.87E-06  1.02E-01  7.07E-06  1.23E-01  2.32E-02  2.87E-02   0.8304
13168.00 .7594168    5.93E-06  1.03E-01  7.09E-06  1.23E-01  2.32E-02  2.87E-02   0.8368
13169.00 .7593591    5.95E-06  1.03E-01  7.08E-06  1.23E-01  2.32E-02  2.87E-02   0.8410
13170.00 .7593014    5.97E-06  1.04E-01  7.08E-06  1.23E-01  2.32E-02  2.87E-02   0.8433
13171.00 .7592438    5.99E-06  1.04E-01  7.09E-06  1.23E-01  2.32E-02  2.87E-02   0.8455
13172.00 .7591861    5.99E-06  1.04E-01  7.07E-06  1.23E-01  2.32E-02  2.87E-02   0.8467
13173.00 .7591285    5.97E-06  1.04E-01  7.03E-06  1.22E-01  2.32E-02  2.87E-02   0.8483
13174.00 .7590709    5.98E-06  1.04E-01  7.04E-06  1.22E-01  2.32E-02  2.87E-02   0.8495
13175.00 .7590133    5.97E-06  1.04E-01  7.02E-06  1.22E-01  2.32E-02  2.87E-02   0.8500
13176.00 .7589557    5.89E-06  1.02E-01  6.93E-06  1.20E-01  2.32E-02  2.87E-02   0.8510
13177.00 .7588981    5.81E-06  1.01E-01  6.83E-06  1.19E-01  2.32E-02  2.87E-02   0.8517
13178.00 .7588405    5.84E-06  1.01E-01  6.85E-06  1.19E-01  2.32E-02  2.88E-02   0.8519
13179.00 .7587829    5.82E-06  1.01E-01  6.82E-06  1.18E-01  2.32E-02  2.88E-02   0.8526

                      IRRADIANCE (WATTS/CM2-XXXX)

   FREQ  WAVELENGTH      TRANSMITTED           SOLAR           INTEGRATED         TOTAL
  (CM-1) (MICRON)     (CM-1)    (MICRN)   (CM-1)    (MICRN)   TRANS.    SOLAR     TRANS
13180.00 .7587253    5.67E-06  9.86E-02  6.65E-06  1.16E-01  2.32E-02  2.88E-02   0.8530
13181.00 .7586678    5.68E-06  9.87E-02  6.66E-06  1.16E-01  2.32E-02  2.88E-02   0.8531
13182.00 .7586102    5.78E-06  1.00E-01  6.77E-06  1.18E-01  2.32E-02  2.88E-02   0.8534
13183.00 .7585527    5.77E-06  1.00E-01  6.76E-06  1.18E-01  2.32E-02  2.88E-02   0.8536
13184.00 .7584952    5.79E-06  1.01E-01  6.78E-06  1.18E-01  2.33E-02  2.88E-02   0.8536
13185.00 .7584376    5.94E-06  1.03E-01  6.97E-06  1.21E-01  2.33E-02  2.88E-02   0.8531
13186.00 .7583801    6.02E-06  1.05E-01  7.05E-06  1.23E-01  2.33E-02  2.88E-02   0.8539
13187.00 .7583226    6.03E-06  1.05E-01  7.06E-06  1.23E-01  2.33E-02  2.88E-02   0.8536
13188.00 .7582651    6.05E-06  1.05E-01  7.09E-06  1.23E-01  2.33E-02  2.88E-02   0.8537
13189.00 .7582076    6.06E-06  1.05E-01  7.09E-06  1.23E-01  2.33E-02  2.88E-02   0.8541
13190.00 .7581501    6.04E-06  1.05E-01  7.07E-06  1.23E-01  2.33E-02  2.88E-02   0.8542
13191.00 .7580926    6.00E-06  1.04E-01  7.03E-06  1.22E-01  2.33E-02  2.88E-02   0.8541
13192.00 .7580352    5.99E-06  1.04E-01  7.02E-06  1.22E-01  2.33E-02  2.88E-02   0.8541
13193.00 .7579777    6.00E-06  1.04E-01  7.02E-06  1.22E-01  2.33E-02  2.89E-02   0.8541
13194.00 .7579203    6.01E-06  1.05E-01  7.04E-06  1.22E-01  2.33E-02  2.89E-02   0.8540
13195.00 .7578628    6.01E-06  1.05E-01  7.04E-06  1.23E-01  2.33E-02  2.89E-02   0.8540
13196.00 .7578054    6.04E-06  1.05E-01  7.07E-06  1.23E-01  2.33E-02  2.89E-02   0.8535
13197.00 .7577479    5.93E-06  1.03E-01  6.95E-06  1.21E-01  2.33E-02  2.89E-02   0.8539
13198.00 .7576905    5.89E-06  1.03E-01  6.90E-06  1.20E-01  2.33E-02  2.89E-02   0.8539
13199.00 .7576331    5.89E-06  1.03E-01  6.90E-06  1.20E-01  2.33E-02  2.89E-02   0.8539
13200.00 .7575758    5.90E-06  1.03E-01  6.92E-06  1.20E-01  2.33E-02  2.89E-02   0.8538
13201.00 .7575184    5.92E-06  1.03E-01  6.94E-06  1.21E-01  2.34E-02  2.89E-02   0.8536
13202.00 .7574610    6.04E-06  1.05E-01  7.07E-06  1.23E-01  2.34E-02  2.89E-02   0.8534
13203.00 .7574036    6.07E-06  1.06E-01  7.12E-06  1.24E-01  2.34E-02  2.89E-02   0.8535
13204.00 .7573463    6.07E-06  1.06E-01  7.11E-06  1.24E-01  2.34E-02  2.89E-02   0.8537
13205.00 .7572889    6.02E-06  1.05E-01  7.06E-06  1.23E-01  2.34E-02  2.89E-02   0.8536
13206.00 .7572315    5.87E-06  1.02E-01  6.88E-06  1.20E-01  2.34E-02  2.89E-02   0.8536
13207.00 .7571743    5.82E-06  1.02E-01  6.82E-06  1.19E-01  2.34E-02  2.90E-02   0.8536
13208.00 .7571169    5.82E-06  1.01E-01  6.82E-06  1.19E-01  2.34E-02  2.90E-02   0.8535
13209.00 .7570596    5.82E-06  1.02E-01  6.82E-06  1.19E-01  2.34E-02  2.90E-02   0.8535
13210.00 .7570023    5.86E-06  1.02E-01  6.87E-06  1.20E-01  2.34E-02  2.90E-02   0.8535
13211.00 .7569450    6.02E-06  1.05E-01  7.05E-06  1.23E-01  2.34E-02  2.90E-02   0.8534
13212.00 .7568877    6.05E-06  1.06E-01  7.09E-06  1.24E-01  2.34E-02  2.90E-02   0.8534
13213.00 .7568304    6.03E-06  1.05E-01  7.06E-06  1.23E-01  2.34E-02  2.90E-02   0.8533
13214.00 .7567731    6.01E-06  1.05E-01  7.04E-06  1.23E-01  2.34E-02  2.90E-02   0.8533
13215.00 .7567158    6.00E-06  1.05E-01  7.03E-06  1.23E-01  2.34E-02  2.90E-02   0.8533
13216.00 .7566586    5.99E-06  1.05E-01  7.02E-06  1.23E-01  2.34E-02  2.90E-02   0.8532
13217.00 .7566013    5.97E-06  1.04E-01  7.00E-06  1.22E-01  2.35E-02  2.90E-02   0.8532
13218.00 .7565441    5.99E-06  1.05E-01  7.03E-06  1.23E-01  2.35E-02  2.90E-02   0.8531
13219.00 .7564869    6.01E-06  1.05E-01  7.05E-06  1.23E-01  2.35E-02  2.90E-02   0.8531
13220.00 .7564297    5.98E-06  1.05E-01  7.02E-06  1.23E-01  2.35E-02  2.90E-02   0.8531
13221.00 .7563725    5.90E-06  1.03E-01  6.91E-06  1.21E-01  2.35E-02  2.91E-02   0.8530
13222.00 .7563152    5.85E-06  1.02E-01  6.86E-06  1.20E-01  2.35E-02  2.91E-02   0.8530
13223.00 .7562580    5.83E-06  1.02E-01  6.84E-06  1.20E-01  2.35E-02  2.91E-02   0.8529
13224.00 .7562009    5.83E-06  1.02E-01  6.83E-06  1.20E-01  2.35E-02  2.91E-02   0.8529
13225.00 .7561437    5.85E-06  1.02E-01  6.86E-06  1.20E-01  2.35E-02  2.91E-02   0.8523
13226.00 .7560865    5.92E-06  1.04E-01  6.94E-06  1.21E-01  2.35E-02  2.91E-02   0.8528
13227.00 .7560293    5.99E-06  1.05E-01  7.02E-06  1.23E-01  2.35E-02  2.91E-02   0.8528
13228.00 .7559722    6.01E-06  1.05E-01  7.04E-06  1.23E-01  2.35E-02  2.91E-02   0.8527
13229.00 .7559150    5.95E-06  1.04E-01  6.98E-06  1.22E-01  2.35E-02  2.91E-02   0.8527

                      IRRADIANCE (WATTS/CM2-XXXX)

   FREQ  WAVELENGTH      TRANSMITTED           SOLAR           INTEGRATED         TOTAL
  (CM-1) (MICRON)     (CM-1)    (MICRN)   (CM-1)    (MICRN)   TRANS.    SOLAR     TRANS
13230.00 .7558579    5.82E-06  1.02E-01  6.82E-06  1.19E-01  2.35E-02  2.91E-02   0.8526
13231.00 .7558008    5.82E-06  1.02E-01  6.83E-06  1.20E-01  2.35E-02  2.91E-02   0.8521
13232.00 .7557436    5.82E-06  1.02E-01  6.82E-06  1.19E-01  2.35E-02  2.91E-02   0.8526
13233.00 .7556865    5.81E-06  1.02E-01  6.81E-06  1.19E-01  2.35E-02  2.91E-02   0.8525
13234.00 .7556294    5.85E-06  1.02E-01  6.86E-06  1.20E-01  2.36E-02  2.91E-02   0.8525
13235.00 .7555723    5.97E-06  1.05E-01  7.00E-06  1.23E-01  2.36E-02  2.91E-02   0.8524
13236.00 .7555153    5.98E-06  1.05E-01  7.02E-06  1.23E-01  2.36E-02  2.92E-02   0.8524
13237.00 .7554582    5.99E-06  1.05E-01  7.03E-06  1.23E-01  2.36E-02  2.92E-02   0.8524
13238.00 .7554011    6.01E-06  1.05E-01  7.05E-06  1.23E-01  2.36E-02  2.92E-02   0.8523
13239.00 .7553440    6.02E-06  1.06E-01  7.07E-06  1.24E-01  2.36E-02  2.92E-02   0.8520
13240.00 .7552870    6.05E-06  1.06E-01  7.10E-06  1.24E-01  2.36E-02  2.92E-02   0.8522
13241.00 .7552299    6.04E-06  1.06E-01  7.09E-06  1.24E-01  2.36E-02  2.92E-02   0.8522
13242.00 .7551729    6.03E-06  1.06E-01  7.08E-06  1.24E-01  2.36E-02  2.92E-02   0.8521
13243.00 .7551159    6.00E-06  1.05E-01  7.04E-06  1.24E-01  2.36E-02  2.92E-02   0.8521
13244.00 .7550589    5.96E-06  1.05E-01  7.00E-06  1.23E-01  2.36E-02  2.92E-02   0.8516
13245.00 .7550019    5.95E-06  1.04E-01  6.99E-06  1.23E-01  2.36E-02  2.92E-02   0.8517
13246.00 .7549449    5.96E-06  1.05E-01  6.99E-06  1.23E-01  2.36E-02  2.92E-02   0.8519
13247.00 .7548879    5.97E-06  1.05E-01  7.01E-06  1.23E-01  2.36E-02  2.92E-02   0.8519
13248.00 .7548309    6.00E-06  1.05E-01  7.05E-06  1.24E-01  2.36E-02  2.92E-02   0.8519
13249.00 .7547740    6.03E-06  1.06E-01  7.08E-06  1.24E-01  2.36E-02  2.92E-02   0.8518
13250.00 .7547170    6.04E-06  1.06E-01  7.10E-06  1.25E-01  2.36E-02  2.93E-02   0.8518
13251.00 .7546600    6.03E-06  1.06E-01  7.08E-06  1.24E-01  2.37E-02  2.93E-02   0.8517
13252.00 .7546031    6.02E-06  1.06E-01  7.07E-06  1.24E-01  2.37E-02  2.93E-02   0.8517
13253.00 .7545462    6.02E-06  1.06E-01  7.06E-06  1.24E-01  2.37E-02  2.93E-02   0.8516
13254.00 .7544892    5.99E-06  1.05E-01  7.04E-06  1.24E-01  2.37E-02  2.93E-02   0.8516
13255.00 .7544323    5.99E-06  1.05E-01  7.04E-06  1.24E-01  2.37E-02  2.93E-02   0.8516
13256.00 .7543754    6.01E-06  1.06E-01  7.05E-06  1.24E-01  2.37E-02  2.93E-02   0.8515
13257.00 .7543185    6.01E-06  1.06E-01  7.06E-06  1.24E-01  2.37E-02  2.93E-02   0.8515
13258.00 .7542616    6.01E-06  1.06E-01  7.06E-06  1.24E-01  2.37E-02  2.93E-02   0.8514
13259.00 .7542047    6.03E-06  1.06E-01  7.09E-06  1.25E-01  2.37E-02  2.93E-02   0.8508
13260.00 .7541478    6.03E-06  1.06E-01  7.09E-06  1.25E-01  2.37E-02  2.93E-02   0.8513
13261.00 .7540910    6.03E-06  1.06E-01  7.09E-06  1.25E-01  2.37E-02  2.93E-02   0.8508
13262.00 .7540341    6.03E-06  1.06E-01  7.09E-06  1.25E-01  2.37E-02  2.93E-02   0.8512
13263.00 .7539772    6.03E-06  1.06E-01  7.09E-06  1.25E-01  2.37E-02  2.93E-02   0.8512
13264.00 .7539204    6.03E-06  1.06E-01  7.08E-06  1.25E-01  2.37E-02  2.94E-02   0.8508
13265.00 .7538636    6.03E-06  1.06E-01  7.08E-06  1.25E-01  2.37E-02  2.94E-02   0.8509
13266.00 .7538067    6.03E-06  1.06E-01  7.08E-06  1.25E-01  2.37E-02  2.94E-02   0.8509
13267.00 .7537499    6.03E-06  1.06E-01  7.08E-06  1.25E-01  2.37E-02  2.94E-02   0.8510
13268.00 .7536931    6.01E-06  1.06E-01  7.06E-06  1.24E-01  2.38E-02  2.94E-02   0.8506
13269.00 .7536363    6.00E-06  1.06E-01  7.05E-06  1.24E-01  2.38E-02  2.94E-02   0.8509
13270.00 .7535795    6.00E-06  1.06E-01  7.06E-06  1.24E-01  2.38E-02  2.94E-02   0.8509
13271.00 .7535227    5.99E-06  1.06E-01  7.04E-06  1.24E-01  2.38E-02  2.94E-02   0.8508
13272.00 .7534660    5.92E-06  1.04E-01  6.96E-06  1.23E-01  2.38E-02  2.94E-02   0.8508
13273.00 .7534091    5.85E-06  1.03E-01  6.88E-06  1.21E-01  2.38E-02  2.94E-02   0.8507
13274.00 .7533524    5.85E-06  1.03E-01  6.88E-06  1.21E-01  2.38E-02  2.94E-02   0.8507
13275.00 .7532957    5.84E-06  1.03E-01  6.87E-06  1.21E-01  2.38E-02  2.94E-02   0.8506
13276.00 .7532389    5.86E-06  1.03E-01  6.88E-06  1.21E-01  2.38E-02  2.94E-02   0.8506
13277.00 .7531822    5.92E-06  1.04E-01  6.96E-06  1.23E-01  2.38E-02  2.94E-02   0.8505
13278.00 .7531255    6.00E-06  1.06E-01  7.05E-06  1.24E-01  2.38E-02  2.95E-02   0.8500
13279.00 .7530687    6.01E-06  1.06E-01  7.07E-06  1.25E-01  2.38E-02  2.95E-02   0.8504

                      IRRADIANCE (WATTS/CM2-XXXX)

   FREQ  WAVELENGTH      TRANSMITTED           SOLAR           INTEGRATED         TOTAL
  (CM-1) (MICRON)     (CM-1)    (MICRN)   (CM-1)    (MICRN)   TRANS.    SOLAR     TRANS
13280.00 .7530121    6.02E-06  1.06E-01  7.08E-06  1.25E-01  2.38E-02  2.95E-02   0.8501
13281.00 .7529554    6.01E-06  1.06E-01  7.07E-06  1.25E-01  2.38E-02  2.95E-02   0.8503
13282.00 .7528986    5.99E-06  1.06E-01  7.05E-06  1.24E-01  2.38E-02  2.95E-02   0.8503
13283.00 .7528419    5.86E-06  1.03E-01  6.89E-06  1.22E-01  2.38E-02  2.95E-02   0.8502
13284.00 .7527853    5.83E-06  1.03E-01  6.86E-06  1.21E-01  2.39E-02  2.95E-02   0.8502
13285.00 .7527286    5.83E-06  1.03E-01  6.86E-06  1.21E-01  2.39E-02  2.95E-02   0.8499
13286.00 .7526720    5.79E-06  1.02E-01  6.81E-06  1.20E-01  2.39E-02  2.95E-02   0.8501
13287.00 .7526153    5.63E-06  9.94E-02  6.62E-06  1.17E-01  2.39E-02  2.95E-02   0.8500
13288.00 .7525587    5.73E-06  1.01E-01  6.74E-06  1.19E-01  2.39E-02  2.95E-02   0.8500
13289.00 .7525021    5.75E-06  1.02E-01  6.77E-06  1.20E-01  2.39E-02  2.95E-02   0.8499
13290.00 .7524455    5.75E-06  1.02E-01  6.77E-06  1.20E-01  2.39E-02  2.95E-02   0.8499
13291.00 .7523888    5.79E-06  1.02E-01  6.82E-06  1.20E-01  2.39E-02  2.95E-02   0.8492
13292.00 .7523322    5.98E-06  1.06E-01  7.03E-06  1.24E-01  2.39E-02  2.95E-02   0.8497
13293.00 .7522756    6.02E-06  1.06E-01  7.09E-06  1.25E-01  2.39E-02  2.96E-02   0.8497
13294.00 .7522190    6.02E-06  1.06E-01  7.09E-06  1.25E-01  2.39E-02  2.96E-02   0.8494
13295.00 .7521625    6.03E-06  1.07E-01  7.09E-06  1.25E-01  2.39E-02  2.96E-02   0.8496
13296.00 .7521059    6.03E-06  1.07E-01  7.10E-06  1.25E-01  2.39E-02  2.96E-02   0.8496
13297.00 .7520493    6.03E-06  1.07E-01  7.10E-06  1.26E-01  2.39E-02  2.96E-02   0.8495
13298.00 .7519928    6.02E-06  1.07E-01  7.09E-06  1.25E-01  2.39E-02  2.96E-02   0.8495
13299.00 .7519363    6.00E-06  1.06E-01  7.07E-06  1.25E-01  2.39E-02  2.96E-02   0.8486
13300.00 .7518797    5.97E-06  1.06E-01  7.03E-06  1.24E-01  2.39E-02  2.96E-02   0.8493
13301.00 .7518232    5.96E-06  1.05E-01  7.02E-06  1.24E-01  2.40E-02  2.96E-02   0.8490
13302.00 .7517666    5.94E-06  1.05E-01  7.00E-06  1.24E-01  2.40E-02  2.96E-02   0.8484
13303.00 .7517101    5.94E-06  1.05E-01  6.99E-06  1.24E-01  2.40E-02  2.96E-02   0.8491
13304.00 .7516536    5.95E-06  1.05E-01  7.01E-06  1.24E-01  2.40E-02  2.96E-02   0.8491
13305.00 .7515972    5.98E-06  1.06E-01  7.04E-06  1.25E-01  2.40E-02  2.96E-02   0.8490
13306.00 .7515407    5.97E-06  1.06E-01  7.03E-06  1.24E-01  2.40E-02  2.96E-02   0.8491
13307.00 .7514842    5.90E-06  1.04E-01  6.94E-06  1.23E-01  2.40E-02  2.97E-02   0.8490
13308.00 .7514277    5.58E-06  9.89E-02  6.58E-06  1.16E-01  2.40E-02  2.97E-02   0.8490
13309.00 .7513713    5.50E-06  9.74E-02  6.48E-06  1.15E-01  2.40E-02  2.97E-02   0.8489
13310.00 .7513148    5.50E-06  9.74E-02  6.48E-06  1.15E-01  2.40E-02  2.97E-02   0.8487
13311.00 .7512584    5.52E-06  9.78E-02  6.50E-06  1.15E-01  2.40E-02  2.97E-02   0.8488
13312.00 .7512019    5.59E-06  9.90E-02  6.58E-06  1.17E-01  2.40E-02  2.97E-02   0.8488
13313.00 .7511455    5.90E-06  1.05E-01  6.96E-06  1.23E-01  2.40E-02  2.97E-02   0.8481
13314.00 .7510891    5.98E-06  1.06E-01  7.05E-06  1.25E-01  2.40E-02  2.97E-02   0.8486
13315.00 .7510327    5.97E-06  1.06E-01  7.04E-06  1.25E-01  2.40E-02  2.97E-02   0.8482
13316.00 .7509763    5.96E-06  1.06E-01  7.02E-06  1.25E-01  2.40E-02  2.97E-02   0.8484
13317.00 .7509199    5.92E-06  1.05E-01  6.98E-06  1.24E-01  2.40E-02  2.97E-02   0.8485
13318.00 .7508635    5.91E-06  1.05E-01  6.97E-06  1.24E-01  2.41E-02  2.97E-02   0.8485
13319.00 .7508071    5.89E-06  1.04E-01  6.95E-06  1.23E-01  2.41E-02  2.97E-02   0.8477
13320.00 .7507508    5.91E-06  1.05E-01  6.97E-06  1.24E-01  2.41E-02  2.97E-02   0.8483
13321.00 .7506944    5.92E-06  1.05E-01  6.99E-06  1.24E-01  2.41E-02  2.97E-02   0.8475
13322.00 .7506381    5.98E-06  1.06E-01  7.05E-06  1.25E-01  2.41E-02  2.98E-02   0.8482
13323.00 .7505817    5.98E-06  1.06E-01  7.05E-06  1.25E-01  2.41E-02  2.98E-02   0.8476
13324.00 .7505254    5.99E-06  1.06E-01  7.07E-06  1.26E-01  2.41E-02  2.98E-02   0.8473
13325.00 .7504690    5.97E-06  1.06E-01  7.04E-06  1.25E-01  2.41E-02  2.98E-02   0.8478
13326.00 .7504127    5.95E-06  1.06E-01  7.02E-06  1.25E-01  2.41E-02  2.98E-02   0.8479
13327.00 .7503564    5.94E-06  1.05E-01  7.01E-06  1.24E-01  2.41E-02  2.98E-02   0.8473
13328.00 .7503001    5.95E-06  1.06E-01  7.02E-06  1.25E-01  2.41E-02  2.98E-02   0.8478
13329.00 .7502438    5.94E-06  1.06E-01  7.01E-06  1.25E-01  2.41E-02  2.98E-02   0.8479

                      IRRADIANCE (WATTS/CM2-XXXX)

   FREQ  WAVELENGTH      TRANSMITTED           SOLAR           INTEGRATED         TOTAL
  (CM-1) (MICRON)     (CM-1)    (MICRN)   (CM-1)    (MICRN)   TRANS.    SOLAR     TRANS
13330.00 .7501876    5.90E-06  1.05E-01  6.96E-06  1.24E-01  2.41E-02  2.98E-02   0.8471
13331.00 .7501312    5.91E-06  1.05E-01  6.97E-06  1.24E-01  2.41E-02  2.98E-02   0.8476
13332.00 .7500750    5.91E-06  1.05E-01  6.98E-06  1.24E-01  2.41E-02  2.98E-02   0.8475
13333.00 .7500188    5.91E-06  1.05E-01  6.97E-06  1.24E-01  2.41E-02  2.98E-02   0.8477
13334.00 .7499625    5.91E-06  1.05E-01  6.98E-06  1.24E-01  2.41E-02  2.98E-02   0.8477
13335.00 .7499062    5.93E-06  1.05E-01  7.00E-06  1.24E-01  2.42E-02  2.98E-02   0.8470
13336.00 .7498500    5.74E-06  1.02E-01  6.77E-06  1.20E-01  2.42E-02  2.99E-02   0.8476
13337.00 .7497938    5.58E-06  9.92E-02  6.58E-06  1.17E-01  2.42E-02  2.99E-02   0.8476
13338.00 .7497376    5.54E-06  9.85E-02  6.54E-06  1.16E-01  2.42E-02  2.99E-02   0.8475
13339.00 .7496814    5.53E-06  9.84E-02  6.53E-06  1.16E-01  2.42E-02  2.99E-02   0.8468
13340.00 .7496252    5.57E-06  9.91E-02  6.58E-06  1.17E-01  2.42E-02  2.99E-02   0.8472
13341.00 .7495690    5.76E-06  1.02E-01  6.80E-06  1.21E-01  2.42E-02  2.99E-02   0.8471
13342.00 .7495128    5.85E-06  1.04E-01  6.91E-06  1.23E-01  2.42E-02  2.99E-02   0.8465
13343.00 .7494566    5.80E-06  1.03E-01  6.85E-06  1.22E-01  2.42E-02  2.99E-02   0.8471
13344.00 .7494005    5.80E-06  1.03E-01  6.84E-06  1.22E-01  2.42E-02  2.99E-02   0.8472
13345.00 .7493443    5.80E-06  1.03E-01  6.85E-06  1.22E-01  2.42E-02  2.99E-02   0.8472
13346.00 .7492882    5.79E-06  1.03E-01  6.83E-06  1.22E-01  2.42E-02  2.99E-02   0.8471
13347.00 .7492321    5.84E-06  1.04E-01  6.90E-06  1.23E-01  2.42E-02  2.99E-02   0.8466
13348.00 .7491759    5.94E-06  1.06E-01  7.01E-06  1.25E-01  2.42E-02  2.99E-02   0.8469
13349.00 .7491198    5.95E-06  1.06E-01  7.03E-06  1.25E-01  2.42E-02  2.99E-02   0.8464
13350.00 .7490637    5.96E-06  1.06E-01  7.04E-06  1.25E-01  2.42E-02  2.99E-02   0.8467
13351.00 .7490076    5.99E-06  1.07E-01  7.07E-06  1.26E-01  2.42E-02  3.00E-02   0.8469
13352.00 .7489515    5.99E-06  1.07E-01  7.08E-06  1.26E-01  2.42E-02  3.00E-02   0.8469
13353.00 .7488954    5.99E-06  1.07E-01  7.07E-06  1.26E-01  2.43E-02  3.00E-02   0.8465
13354.00 .7488393    5.97E-06  1.06E-01  7.05E-06  1.26E-01  2.43E-02  3.00E-02   0.8468
13355.00 .7487832    5.95E-06  1.06E-01  7.02E-06  1.25E-01  2.43E-02  3.00E-02   0.8468
13356.00 .7487271    5.91E-06  1.05E-01  6.97E-06  1.24E-01  2.43E-02  3.00E-02   0.8467
13357.00 .7486711    5.85E-06  1.04E-01  6.91E-06  1.23E-01  2.43E-02  3.00E-02   0.8463
13358.00 .7486151    5.84E-06  1.04E-01  6.90E-06  1.23E-01  2.43E-02  3.00E-02   0.8464
13359.00 .7485590    5.83E-06  1.04E-01  6.89E-06  1.23E-01  2.43E-02  3.00E-02   0.8465
13360.00 .7485030    5.81E-06  1.04E-01  6.86E-06  1.23E-01  2.43E-02  3.00E-02   0.8466
13361.00 .7484470    5.83E-06  1.04E-01  6.89E-06  1.23E-01  2.43E-02  3.00E-02   0.8465
13362.00 .7483910    5.89E-06  1.05E-01  6.96E-06  1.24E-01  2.43E-02  3.00E-02   0.8465
13363.00 .7483349    5.90E-06  1.05E-01  6.97E-06  1.25E-01  2.43E-02  3.00E-02   0.8465
13364.00 .7482790    5.89E-06  1.05E-01  6.97E-06  1.24E-01  2.43E-02  3.00E-02   0.8458
13365.00 .7482229    5.92E-06  1.06E-01  7.00E-06  1.25E-01  2.43E-02  3.01E-02   0.8459
13366.00 .7481670    5.93E-06  1.06E-01  7.00E-06  1.25E-01  2.43E-02  3.01E-02   0.8459
13367.00 .7481110    5.92E-06  1.06E-01  7.00E-06  1.25E-01  2.43E-02  3.01E-02   0.8460
13368.00 .7480550    5.91E-06  1.06E-01  6.98E-06  1.25E-01  2.43E-02  3.01E-02   0.8463
13369.00 .7479991    5.92E-06  1.06E-01  7.00E-06  1.25E-01  2.43E-02  3.01E-02   0.8460
13370.00 .7479432    5.87E-06  1.05E-01  6.94E-06  1.24E-01  2.44E-02  3.01E-02   0.8449
13371.00 .7478872    5.86E-06  1.05E-01  6.93E-06  1.24E-01  2.44E-02  3.01E-02   0.8456
13372.00 .7478313    5.86E-06  1.05E-01  6.92E-06  1.24E-01  2.44E-02  3.01E-02   0.8455
13373.00 .7477754    5.86E-06  1.05E-01  6.92E-06  1.24E-01  2.44E-02  3.01E-02   0.8461
13374.00 .7477195    5.85E-06  1.05E-01  6.92E-06  1.24E-01  2.44E-02  3.01E-02   0.8454
13375.00 .7476636    5.82E-06  1.04E-01  6.88E-06  1.23E-01  2.44E-02  3.01E-02   0.8461
13376.00 .7476076    5.82E-06  1.04E-01  6.88E-06  1.23E-01  2.44E-02  3.01E-02   0.8458
13377.00 .7475517    5.82E-06  1.04E-01  6.88E-06  1.23E-01  2.44E-02  3.01E-02   0.8460
13378.00 .7474959    5.82E-06  1.04E-01  6.88E-06  1.23E-01  2.44E-02  3.01E-02   0.8457
13379.00 .7474400    5.83E-06  1.04E-01  6.90E-06  1.23E-01  2.44E-02  3.01E-02   0.8455

                      IRRADIANCE (WATTS/CM2-XXXX)

   FREQ  WAVELENGTH      TRANSMITTED           SOLAR           INTEGRATED         TOTAL
  (CM-1) (MICRON)     (CM-1)    (MICRN)   (CM-1)    (MICRN)   TRANS.    SOLAR     TRANS
13380.00 .7473841    5.92E-06  1.06E-01  7.00E-06  1.25E-01  2.44E-02  3.02E-02   0.8455
13381.00 .7473283    5.95E-06  1.06E-01  7.03E-06  1.26E-01  2.44E-02  3.02E-02   0.8459
13382.00 .7472724    5.95E-06  1.07E-01  7.04E-06  1.26E-01  2.44E-02  3.02E-02   0.8454
13383.00 .7472166    5.96E-06  1.07E-01  7.05E-06  1.26E-01  2.44E-02  3.02E-02   0.8458
13384.00 .7471608    5.94E-06  1.06E-01  7.04E-06  1.26E-01  2.44E-02  3.02E-02   0.8442
13385.00 .7471049    5.95E-06  1.07E-01  7.04E-06  1.26E-01  2.44E-02  3.02E-02   0.8446
13386.00 .7470492    5.94E-06  1.06E-01  7.03E-06  1.26E-01  2.44E-02  3.02E-02   0.8456
13387.00 .7469934    5.93E-06  1.06E-01  7.03E-06  1.26E-01  2.45E-02  3.02E-02   0.8439
13388.00 .7469376    5.96E-06  1.07E-01  7.06E-06  1.26E-01  2.45E-02  3.02E-02   0.8452
13389.00 .7468818    5.97E-06  1.07E-01  7.08E-06  1.27E-01  2.45E-02  3.02E-02   0.8430
13390.00 .7468260    5.99E-06  1.07E-01  7.08E-06  1.27E-01  2.45E-02  3.02E-02   0.8452
13391.00 .7467702    5.99E-06  1.07E-01  7.08E-06  1.27E-01  2.45E-02  3.02E-02   0.8453
13392.00 .7467145    5.99E-06  1.07E-01  7.08E-06  1.27E-01  2.45E-02  3.02E-02   0.8456
13393.00 .7466587    5.97E-06  1.07E-01  7.06E-06  1.27E-01  2.45E-02  3.02E-02   0.8455
13394.00 .7466030    5.93E-06  1.06E-01  7.02E-06  1.26E-01  2.45E-02  3.03E-02   0.8455
13395.00 .7465472    5.74E-06  1.03E-01  6.79E-06  1.22E-01  2.45E-02  3.03E-02   0.8455
13396.00 .7464915    5.64E-06  1.01E-01  6.68E-06  1.20E-01  2.45E-02  3.03E-02   0.8454
13397.00 .7464358    5.62E-06  1.01E-01  6.65E-06  1.19E-01  2.45E-02  3.03E-02   0.8454
13398.00 .7463800    5.63E-06  1.01E-01  6.66E-06  1.19E-01  2.45E-02  3.03E-02   0.8452
13399.00 .7463244    5.66E-06  1.02E-01  6.69E-06  1.20E-01  2.45E-02  3.03E-02   0.8450
13400.00 .7462686    5.84E-06  1.05E-01  6.91E-06  1.24E-01  2.45E-02  3.03E-02   0.8453
13401.00 .7462130    5.94E-06  1.07E-01  7.03E-06  1.26E-01  2.45E-02  3.03E-02   0.8444
13402.00 .7461573    5.97E-06  1.07E-01  7.06E-06  1.27E-01  2.45E-02  3.03E-02   0.8450
13403.00 .7461016    5.97E-06  1.07E-01  7.06E-06  1.27E-01  2.45E-02  3.03E-02   0.8448
13404.00 .7460459    5.93E-06  1.07E-01  7.05E-06  1.27E-01  2.46E-02  3.03E-02   0.8410
13405.00 .7459903    5.96E-06  1.07E-01  7.06E-06  1.27E-01  2.46E-02  3.03E-02   0.8447
13406.00 .7459347    5.97E-06  1.07E-01  7.06E-06  1.27E-01  2.46E-02  3.03E-02   0.8449
13407.00 .7458790    5.97E-06  1.07E-01  7.07E-06  1.27E-01  2.46E-02  3.03E-02   0.8452
13408.00 .7458234    5.98E-06  1.07E-01  7.08E-06  1.27E-01  2.46E-02  3.04E-02   0.8446
13409.00 .7457678    5.97E-06  1.07E-01  7.08E-06  1.27E-01  2.46E-02  3.04E-02   0.8427
13410.00 .7457122    5.93E-06  1.07E-01  7.02E-06  1.26E-01  2.46E-02  3.04E-02   0.8441
13411.00 .7456565    5.87E-06  1.06E-01  6.96E-06  1.25E-01  2.46E-02  3.04E-02   0.8439
13412.00 .7456009    5.86E-06  1.05E-01  6.94E-06  1.25E-01  2.46E-02  3.04E-02   0.8441
13413.00 .7455454    5.84E-06  1.05E-01  6.92E-06  1.25E-01  2.46E-02  3.04E-02   0.8442
13414.00 .7454898    5.84E-06  1.05E-01  6.91E-06  1.24E-01  2.46E-02  3.04E-02   0.8448
13415.00 .7454342    5.88E-06  1.06E-01  6.96E-06  1.25E-01  2.46E-02  3.04E-02   0.8440
13416.00 .7453787    5.89E-06  1.06E-01  6.99E-06  1.26E-01  2.46E-02  3.04E-02   0.8424
13417.00 .7453231    5.88E-06  1.06E-01  6.98E-06  1.26E-01  2.46E-02  3.04E-02   0.8428
13418.00 .7452676    5.85E-06  1.05E-01  6.94E-06  1.25E-01  2.46E-02  3.04E-02   0.8435
13419.00 .7452120    5.85E-06  1.05E-01  6.93E-06  1.25E-01  2.46E-02  3.04E-02   0.8448
13420.00 .7451565    5.82E-06  1.05E-01  6.88E-06  1.24E-01  2.46E-02  3.04E-02   0.8448
13421.00 .7451010    5.81E-06  1.05E-01  6.88E-06  1.24E-01  2.47E-02  3.04E-02   0.8439
13422.00 .7450454    5.78E-06  1.04E-01  6.84E-06  1.23E-01  2.47E-02  3.04E-02   0.8444
13423.00 .7449899    5.82E-06  1.05E-01  6.89E-06  1.24E-01  2.47E-02  3.05E-02   0.8447
13424.00 .7449344    5.79E-06  1.04E-01  6.85E-06  1.23E-01  2.47E-02  3.05E-02   0.8446
13425.00 .7448789    5.58E-06  1.01E-01  6.60E-06  1.19E-01  2.47E-02  3.05E-02   0.8447
13426.00 .7448235    5.55E-06  1.00E-01  6.57E-06  1.18E-01  2.47E-02  3.05E-02   0.8447
13427.00 .7447680    5.58E-06  1.01E-01  6.62E-06  1.19E-01  2.47E-02  3.05E-02   0.8432
13428.00 .7447125    5.60E-06  1.01E-01  6.64E-06  1.20E-01  2.47E-02  3.05E-02   0.8442
13429.00 .7446571    5.62E-06  1.01E-01  6.66E-06  1.20E-01  2.47E-02  3.05E-02   0.8446

                      IRRADIANCE (WATTS/CM2-XXXX)

   FREQ  WAVELENGTH      TRANSMITTED           SOLAR           INTEGRATED         TOTAL
  (CM-1) (MICRON)     (CM-1)    (MICRN)   (CM-1)    (MICRN)   TRANS.    SOLAR     TRANS
13430.00 .7446017    5.74E-06  1.03E-01  6.80E-06  1.23E-01  2.47E-02  3.05E-02   0.8431
13431.00 .7445462    5.78E-06  1.04E-01  6.84E-06  1.23E-01  2.47E-02  3.05E-02   0.8446
13432.00 .7444907    5.75E-06  1.04E-01  6.82E-06  1.23E-01  2.47E-02  3.05E-02   0.8438
13433.00 .7444354    5.64E-06  1.02E-01  6.71E-06  1.21E-01  2.47E-02  3.05E-02   0.8413
13434.00 .7443799    5.63E-06  1.02E-01  6.67E-06  1.20E-01  2.47E-02  3.05E-02   0.8444
13435.00 .7443245    5.72E-06  1.03E-01  6.81E-06  1.23E-01  2.47E-02  3.05E-02   0.8402
13436.00 .7442691    5.73E-06  1.03E-01  6.85E-06  1.24E-01  2.47E-02  3.05E-02   0.8365
13437.00 .7442138    5.80E-06  1.05E-01  6.88E-06  1.24E-01  2.47E-02  3.06E-02   0.8427
13438.00 .7441583    5.89E-06  1.06E-01  6.98E-06  1.26E-01  2.48E-02  3.06E-02   0.8436
13439.00 .7441030    5.94E-06  1.07E-01  7.04E-06  1.27E-01  2.48E-02  3.06E-02   0.8437
13440.00 .7440476    5.93E-06  1.07E-01  7.04E-06  1.27E-01  2.48E-02  3.06E-02   0.8432
13441.00 .7439923    5.92E-06  1.07E-01  7.03E-06  1.27E-01  2.48E-02  3.06E-02   0.8425
13442.00 .7439369    5.92E-06  1.07E-01  7.02E-06  1.27E-01  2.48E-02  3.06E-02   0.8429
13443.00 .7438816    5.90E-06  1.07E-01  6.99E-06  1.26E-01  2.48E-02  3.06E-02   0.8437
13444.00 .7438263    5.93E-06  1.07E-01  7.02E-06  1.27E-01  2.48E-02  3.06E-02   0.8443
13445.00 .7437709    5.93E-06  1.07E-01  7.04E-06  1.27E-01  2.48E-02  3.06E-02   0.8423
13446.00 .7437156    5.95E-06  1.07E-01  7.05E-06  1.27E-01  2.48E-02  3.06E-02   0.8439
13447.00 .7436603    5.92E-06  1.07E-01  7.04E-06  1.27E-01  2.48E-02  3.06E-02   0.8415
13448.00 .7436050    5.96E-06  1.08E-01  7.05E-06  1.28E-01  2.48E-02  3.06E-02   0.8442
13449.00 .7435497    5.94E-06  1.07E-01  7.04E-06  1.27E-01  2.48E-02  3.06E-02   0.8442
13450.00 .7434945    5.90E-06  1.07E-01  7.01E-06  1.27E-01  2.48E-02  3.06E-02   0.8423
13451.00 .7434391    5.88E-06  1.06E-01  6.97E-06  1.26E-01  2.48E-02  3.06E-02   0.8441
13452.00 .7433839    5.80E-06  1.05E-01  6.88E-06  1.25E-01  2.48E-02  3.07E-02   0.8435
13453.00 .7433286    5.78E-06  1.05E-01  6.86E-06  1.24E-01  2.48E-02  3.07E-02   0.8416
13454.00 .7432734    5.81E-06  1.05E-01  6.88E-06  1.25E-01  2.48E-02  3.07E-02   0.8442
13455.00 .7432181    5.83E-06  1.06E-01  6.91E-06  1.25E-01  2.49E-02  3.07E-02   0.8439
13456.00 .7431629    5.86E-06  1.06E-01  6.95E-06  1.26E-01  2.49E-02  3.07E-02   0.8437
13457.00 .7431077    5.95E-06  1.08E-01  7.05E-06  1.28E-01  2.49E-02  3.07E-02   0.8440
13458.00 .7430525    5.98E-06  1.08E-01  7.09E-06  1.28E-01  2.49E-02  3.07E-02   0.8433
13459.00 .7429972    5.94E-06  1.08E-01  7.09E-06  1.28E-01  2.49E-02  3.07E-02   0.8387
13460.00 .7429420    5.97E-06  1.08E-01  7.08E-06  1.28E-01  2.49E-02  3.07E-02   0.8435
13461.00 .7428868    5.97E-06  1.08E-01  7.08E-06  1.28E-01  2.49E-02  3.07E-02   0.8434
13462.00 .7428316    5.95E-06  1.08E-01  7.06E-06  1.28E-01  2.49E-02  3.07E-02   0.8423
13463.00 .7427765    5.78E-06  1.05E-01  6.99E-06  1.27E-01  2.49E-02  3.07E-02   0.8278
13464.00 .7427213    5.80E-06  1.05E-01  6.91E-06  1.25E-01  2.49E-02  3.07E-02   0.8387
13465.00 .7426662    5.51E-06  9.99E-02  6.66E-06  1.21E-01  2.49E-02  3.07E-02   0.8270
13466.00 .7426110    5.54E-06  1.00E-01  6.58E-06  1.19E-01  2.49E-02  3.08E-02   0.8423
13467.00 .7425559    5.37E-06  9.73E-02  6.37E-06  1.16E-01  2.49E-02  3.08E-02   0.8424
13468.00 .7425007    5.33E-06  9.67E-02  6.38E-06  1.16E-01  2.49E-02  3.08E-02   0.8359
13469.00 .7424456    5.38E-06  9.76E-02  6.38E-06  1.16E-01  2.49E-02  3.08E-02   0.8432
13470.00 .7423905    5.57E-06  1.01E-01  6.61E-06  1.20E-01  2.49E-02  3.08E-02   0.8423
13471.00 .7423354    5.61E-06  1.02E-01  6.68E-06  1.21E-01  2.49E-02  3.08E-02   0.8392
13472.00 .7422803    5.70E-06  1.03E-01  6.89E-06  1.25E-01  2.49E-02  3.08E-02   0.8274
13473.00 .7422252    5.82E-06  1.06E-01  6.91E-06  1.25E-01  2.50E-02  3.08E-02   0.8432
13474.00 .7421701    5.70E-06  1.03E-01  6.76E-06  1.23E-01  2.50E-02  3.08E-02   0.8427
13475.00 .7421150    5.68E-06  1.03E-01  6.73E-06  1.22E-01  2.50E-02  3.08E-02   0.8437
13476.00 .7420599    5.67E-06  1.03E-01  6.72E-06  1.22E-01  2.50E-02  3.08E-02   0.8436
13477.00 .7420049    5.66E-06  1.03E-01  6.73E-06  1.22E-01  2.50E-02  3.08E-02   0.8415
13478.00 .7419499    5.66E-06  1.03E-01  6.71E-06  1.22E-01  2.50E-02  3.08E-02   0.8428
13479.00 .7418948    5.64E-06  1.02E-01  6.69E-06  1.22E-01  2.50E-02  3.08E-02   0.8430

                      IRRADIANCE (WATTS/CM2-XXXX)

   FREQ  WAVELENGTH      TRANSMITTED           SOLAR           INTEGRATED         TOTAL
  (CM-1) (MICRON)     (CM-1)    (MICRN)   (CM-1)    (MICRN)   TRANS.    SOLAR     TRANS
13480.00 .7418398    5.50E-06  1.00E-01  6.60E-06  1.20E-01  2.50E-02  3.08E-02   0.8334
13481.00 .7417848    5.48E-06  9.95E-02  6.50E-06  1.18E-01  2.50E-02  3.09E-02   0.8423
13482.00 .7417297    5.39E-06  9.80E-02  6.47E-06  1.18E-01  2.50E-02  3.09E-02   0.8330
13483.00 .7416747    5.38E-06  9.78E-02  6.50E-06  1.18E-01  2.50E-02  3.09E-02   0.8278
13484.00 .7416197    5.66E-06  1.03E-01  6.73E-06  1.22E-01  2.50E-02  3.09E-02   0.8415
13485.00 .7415647    5.78E-06  1.05E-01  6.86E-06  1.25E-01  2.50E-02  3.09E-02   0.8421
13486.00 .7415097    5.87E-06  1.07E-01  6.96E-06  1.27E-01  2.50E-02  3.09E-02   0.8431
13487.00 .7414547    5.75E-06  1.05E-01  6.82E-06  1.24E-01  2.50E-02  3.09E-02   0.8427
13488.00 .7413998    5.65E-06  1.03E-01  6.71E-06  1.22E-01  2.50E-02  3.09E-02   0.8425
13489.00 .7413448    5.60E-06  1.02E-01  6.70E-06  1.22E-01  2.50E-02  3.09E-02   0.8353
13490.00 .7412899    5.35E-06  9.74E-02  6.63E-06  1.21E-01  2.51E-02  3.09E-02   0.8068
13491.00 .7412349    5.23E-06  9.52E-02  6.31E-06  1.15E-01  2.51E-02  3.09E-02   0.8288
13492.00 .7411799    5.41E-06  9.86E-02  6.43E-06  1.17E-01  2.51E-02  3.09E-02   0.8427
13493.00 .7411250    5.51E-06  1.00E-01  6.57E-06  1.20E-01  2.51E-02  3.09E-02   0.8393
13494.00 .7410701    5.56E-06  1.01E-01  6.59E-06  1.20E-01  2.51E-02  3.09E-02   0.8426
13495.00 .7410152    5.52E-06  1.01E-01  6.64E-06  1.21E-01  2.51E-02  3.09E-02   0.8312
13496.00 .7409603    5.81E-06  1.06E-01  6.96E-06  1.27E-01  2.51E-02  3.10E-02   0.8357
13497.00 .7409054    5.77E-06  1.05E-01  6.86E-06  1.25E-01  2.51E-02  3.10E-02   0.8415
13498.00 .7408505    5.64E-06  1.03E-01  6.82E-06  1.24E-01  2.51E-02  3.10E-02   0.8270
13499.00 .7407956    5.74E-06  1.05E-01  6.82E-06  1.24E-01  2.51E-02  3.10E-02   0.8414
13500.00 .7407407    5.75E-06  1.05E-01  6.85E-06  1.25E-01  2.51E-02  3.10E-02   0.8405
13501.00 .7406859    5.79E-06  1.06E-01  6.88E-06  1.25E-01  2.51E-02  3.10E-02   0.8424
13502.00 .7406310    5.92E-06  1.08E-01  7.04E-06  1.28E-01  2.51E-02  3.10E-02   0.8407
13503.00 .7405761    5.87E-06  1.07E-01  7.07E-06  1.29E-01  2.51E-02  3.10E-02   0.8302
13504.00 .7405213    5.92E-06  1.08E-01  7.04E-06  1.28E-01  2.51E-02  3.10E-02   0.8416
13505.00 .7404665    5.77E-06  1.05E-01  6.87E-06  1.25E-01  2.51E-02  3.10E-02   0.8399
13506.00 .7404116    5.71E-06  1.04E-01  6.78E-06  1.24E-01  2.51E-02  3.10E-02   0.8413
13507.00 .7403569    5.53E-06  1.01E-01  6.63E-06  1.21E-01  2.51E-02  3.10E-02   0.8348
13508.00 .7403020    5.52E-06  1.01E-01  6.58E-06  1.20E-01  2.52E-02  3.10E-02   0.8384
13509.00 .7402472    5.56E-06  1.01E-01  6.61E-06  1.21E-01  2.52E-02  3.10E-02   0.8417
13510.00 .7401925    5.68E-06  1.04E-01  6.74E-06  1.23E-01  2.52E-02  3.10E-02   0.8417
13511.00 .7401376    5.67E-06  1.03E-01  6.82E-06  1.25E-01  2.52E-02  3.11E-02   0.8312
13512.00 .7400829    5.86E-06  1.07E-01  6.97E-06  1.27E-01  2.52E-02  3.11E-02   0.8416
13513.00 .7400281    5.86E-06  1.07E-01  7.00E-06  1.28E-01  2.52E-02  3.11E-02   0.8372
13514.00 .7399734    5.82E-06  1.06E-01  6.97E-06  1.27E-01  2.52E-02  3.11E-02   0.8352
13515.00 .7399186    5.62E-06  1.03E-01  6.98E-06  1.28E-01  2.52E-02  3.11E-02   0.8055
13516.00 .7398639    5.70E-06  1.04E-01  6.97E-06  1.27E-01  2.52E-02  3.11E-02   0.8182
13517.00 .7398092    5.42E-06  9.90E-02  6.97E-06  1.27E-01  2.52E-02  3.11E-02   0.7772
13518.00 .7397544    5.84E-06  1.07E-01  6.96E-06  1.27E-01  2.52E-02  3.11E-02   0.8389
13519.00 .7396997    5.77E-06  1.05E-01  6.85E-06  1.25E-01  2.52E-02  3.11E-02   0.8421
13520.00 .7396449    5.68E-06  1.04E-01  6.75E-06  1.23E-01  2.52E-02  3.11E-02   0.8423
13521.00 .7395903    5.66E-06  1.03E-01  6.76E-06  1.24E-01  2.52E-02  3.11E-02   0.8376
13522.00 .7395356    5.67E-06  1.04E-01  6.76E-06  1.24E-01  2.52E-02  3.11E-02   0.8391
13523.00 .7394809    5.68E-06  1.04E-01  6.78E-06  1.24E-01  2.52E-02  3.11E-02   0.8370
13524.00 .7394262    5.80E-06  1.06E-01  6.93E-06  1.27E-01  2.52E-02  3.11E-02   0.8371
13525.00 .7393715    5.69E-06  1.04E-01  7.03E-06  1.29E-01  2.53E-02  3.12E-02   0.8094
13526.00 .7393169    5.43E-06  9.93E-02  6.99E-06  1.28E-01  2.53E-02  3.12E-02   0.7763
13527.00 .7392622    5.59E-06  1.02E-01  6.71E-06  1.23E-01  2.53E-02  3.12E-02   0.8335
13528.00 .7392076    5.26E-06  9.63E-02  6.65E-06  1.22E-01  2.53E-02  3.12E-02   0.7919
13529.00 .7391529    5.49E-06  1.01E-01  6.62E-06  1.21E-01  2.53E-02  3.12E-02   0.8291

                      IRRADIANCE (WATTS/CM2-XXXX)

   FREQ  WAVELENGTH      TRANSMITTED           SOLAR           INTEGRATED         TOTAL
  (CM-1) (MICRON)     (CM-1)    (MICRN)   (CM-1)    (MICRN)   TRANS.    SOLAR     TRANS
13530.00 .7390983    5.44E-06  9.96E-02  6.47E-06  1.19E-01  2.53E-02  3.12E-02   0.8407
13531.00 .7390437    5.33E-06  9.76E-02  6.44E-06  1.18E-01  2.53E-02  3.12E-02   0.8277
13532.00 .7389891    5.60E-06  1.03E-01  6.66E-06  1.22E-01  2.53E-02  3.12E-02   0.8415
13533.00 .7389345    5.43E-06  9.94E-02  6.49E-06  1.19E-01  2.53E-02  3.12E-02   0.8366
13534.00 .7388799    5.43E-06  9.94E-02  6.46E-06  1.18E-01  2.53E-02  3.12E-02   0.8406
13535.00 .7388253    5.47E-06  1.00E-01  6.52E-06  1.19E-01  2.53E-02  3.12E-02   0.8396
13536.00 .7387707    5.54E-06  1.01E-01  6.58E-06  1.21E-01  2.53E-02  3.12E-02   0.8410
13537.00 .7387161    5.59E-06  1.02E-01  6.65E-06  1.22E-01  2.53E-02  3.12E-02   0.8405
13538.00 .7386615    5.75E-06  1.05E-01  6.86E-06  1.26E-01  2.53E-02  3.12E-02   0.8374
13539.00 .7386070    5.65E-06  1.04E-01  6.83E-06  1.25E-01  2.53E-02  3.12E-02   0.8272
13540.00 .7385525    5.13E-06  9.41E-02  6.89E-06  1.26E-01  2.53E-02  3.13E-02   0.7451
13541.00 .7384979    5.67E-06  1.04E-01  6.87E-06  1.26E-01  2.53E-02  3.13E-02   0.8252
13542.00 .7384434    5.42E-06  9.94E-02  6.87E-06  1.26E-01  2.53E-02  3.13E-02   0.7896
13543.00 .7383888    5.71E-06  1.05E-01  6.88E-06  1.26E-01  2.53E-02  3.13E-02   0.8298
13544.00 .7383343    5.69E-06  1.04E-01  6.96E-06  1.28E-01  2.54E-02  3.13E-02   0.8169
13545.00 .7382798    5.87E-06  1.08E-01  6.99E-06  1.28E-01  2.54E-02  3.13E-02   0.8401
13546.00 .7382253    5.76E-06  1.06E-01  6.95E-06  1.27E-01  2.54E-02  3.13E-02   0.8296
13547.00 .7381708    5.81E-06  1.07E-01  6.93E-06  1.27E-01  2.54E-02  3.13E-02   0.8373
13548.00 .7381163    5.82E-06  1.07E-01  6.94E-06  1.27E-01  2.54E-02  3.13E-02   0.8384
13549.00 .7380618    5.57E-06  1.02E-01  6.94E-06  1.27E-01  2.54E-02  3.13E-02   0.8035
13550.00 .7380074    5.56E-06  1.02E-01  6.94E-06  1.27E-01  2.54E-02  3.13E-02   0.8013
13551.00 .7379529    5.87E-06  1.08E-01  7.02E-06  1.29E-01  2.54E-02  3.13E-02   0.8363
13552.00 .7378985    5.90E-06  1.08E-01  7.02E-06  1.29E-01  2.54E-02  3.13E-02   0.8395
13553.00 .7378440    5.71E-06  1.05E-01  6.98E-06  1.28E-01  2.54E-02  3.13E-02   0.8179
13554.00 .7377896    5.87E-06  1.08E-01  6.98E-06  1.28E-01  2.54E-02  3.13E-02   0.8402
13555.00 .7377352    5.87E-06  1.08E-01  6.98E-06  1.28E-01  2.54E-02  3.14E-02   0.8406
13556.00 .7376807    5.84E-06  1.07E-01  6.97E-06  1.28E-01  2.54E-02  3.14E-02   0.8375
13557.00 .7376263    5.81E-06  1.07E-01  6.94E-06  1.28E-01  2.54E-02  3.14E-02   0.8368
13558.00 .7375719    5.65E-06  1.04E-01  6.97E-06  1.28E-01  2.54E-02  3.14E-02   0.8105
13559.00 .7375175    5.79E-06  1.06E-01  6.98E-06  1.28E-01  2.54E-02  3.14E-02   0.8292
13560.00 .7374631    5.83E-06  1.07E-01  6.98E-06  1.28E-01  2.54E-02  3.14E-02   0.8348
13561.00 .7374088    5.85E-06  1.08E-01  6.99E-06  1.29E-01  2.55E-02  3.14E-02   0.8378
13562.00 .7373544    5.51E-06  1.01E-01  7.02E-06  1.29E-01  2.55E-02  3.14E-02   0.7845
13563.00 .7373000    5.78E-06  1.06E-01  7.00E-06  1.29E-01  2.55E-02  3.14E-02   0.8268
13564.00 .7372457    5.85E-06  1.08E-01  6.98E-06  1.28E-01  2.55E-02  3.14E-02   0.8378
13565.00 .7371913    5.71E-06  1.05E-01  6.96E-06  1.28E-01  2.55E-02  3.14E-02   0.8209
13566.00 .7371370    4.98E-06  9.17E-02  6.95E-06  1.28E-01  2.55E-02  3.14E-02   0.7167
13567.00 .7370826    5.72E-06  1.05E-01  6.97E-06  1.28E-01  2.55E-02  3.14E-02   0.8212
13568.00 .7370283    5.37E-06  9.89E-02  6.99E-06  1.29E-01  2.55E-02  3.14E-02   0.7682
13569.00 .7369740    5.83E-06  1.07E-01  6.97E-06  1.28E-01  2.55E-02  3.15E-02   0.8362
13570.00 .7369197    5.87E-06  1.08E-01  6.99E-06  1.29E-01  2.55E-02  3.15E-02   0.8399
13571.00 .7368654    5.80E-06  1.07E-01  6.99E-06  1.29E-01  2.55E-02  3.15E-02   0.8299
13572.00 .7368111    5.79E-06  1.07E-01  6.99E-06  1.29E-01  2.55E-02  3.15E-02   0.8283
13573.00 .7367568    5.31E-06  9.78E-02  6.97E-06  1.28E-01  2.55E-02  3.15E-02   0.7621
13574.00 .7367025    5.74E-06  1.06E-01  6.87E-06  1.27E-01  2.55E-02  3.15E-02   0.8355
13575.00 .7366483    5.70E-06  1.05E-01  6.86E-06  1.26E-01  2.55E-02  3.15E-02   0.8309
13576.00 .7365940    5.01E-06  9.24E-02  6.82E-06  1.26E-01  2.55E-02  3.15E-02   0.7357
13577.00 .7365397    5.54E-06  1.02E-01  6.71E-06  1.24E-01  2.55E-02  3.15E-02   0.8259
13578.00 .7364855    5.55E-06  1.02E-01  6.65E-06  1.23E-01  2.55E-02  3.15E-02   0.8350
13579.00 .7364312    5.57E-06  1.03E-01  6.77E-06  1.25E-01  2.56E-02  3.15E-02   0.8237

                      IRRADIANCE (WATTS/CM2-XXXX)

   FREQ  WAVELENGTH      TRANSMITTED           SOLAR           INTEGRATED         TOTAL
  (CM-1) (MICRON)     (CM-1)    (MICRN)   (CM-1)    (MICRN)   TRANS.    SOLAR     TRANS
13580.00 .7363770    5.33E-06  9.84E-02  6.79E-06  1.25E-01  2.56E-02  3.15E-02   0.7855
13581.00 .7363228    5.40E-06  9.96E-02  6.81E-06  1.26E-01  2.56E-02  3.15E-02   0.7921
13582.00 .7362686    5.68E-06  1.05E-01  6.92E-06  1.28E-01  2.56E-02  3.15E-02   0.8209
13583.00 .7362144    5.27E-06  9.72E-02  7.02E-06  1.29E-01  2.56E-02  3.15E-02   0.7510
13584.00 .7361602    5.88E-06  1.08E-01  7.03E-06  1.30E-01  2.56E-02  3.16E-02   0.8363
13585.00 .7361060    5.60E-06  1.03E-01  7.00E-06  1.29E-01  2.56E-02  3.16E-02   0.8000
13586.00 .7360518    5.84E-06  1.08E-01  7.00E-06  1.29E-01  2.56E-02  3.16E-02   0.8344
13587.00 .7359976    5.79E-06  1.07E-01  6.96E-06  1.29E-01  2.56E-02  3.16E-02   0.8319
13588.00 .7359435    5.74E-06  1.06E-01  6.91E-06  1.28E-01  2.56E-02  3.16E-02   0.8303
13589.00 .7358893    5.22E-06  9.65E-02  6.76E-06  1.25E-01  2.56E-02  3.16E-02   0.7724
13590.00 .7358352    5.27E-06  9.72E-02  6.72E-06  1.24E-01  2.56E-02  3.16E-02   0.7834
13591.00 .7357810    5.58E-06  1.03E-01  6.67E-06  1.23E-01  2.56E-02  3.16E-02   0.8367
13592.00 .7357269    5.58E-06  1.03E-01  6.69E-06  1.24E-01  2.56E-02  3.16E-02   0.8343
13593.00 .7356728    5.40E-06  9.98E-02  6.68E-06  1.23E-01  2.56E-02  3.16E-02   0.8085
13594.00 .7356187    5.55E-06  1.03E-01  6.83E-06  1.26E-01  2.56E-02  3.16E-02   0.8126
13595.00 .7355645    5.68E-06  1.05E-01  6.91E-06  1.28E-01  2.56E-02  3.16E-02   0.8222
13596.00 .7355105    5.65E-06  1.04E-01  6.95E-06  1.28E-01  2.56E-02  3.16E-02   0.8128
13597.00 .7354563    5.67E-06  1.05E-01  6.84E-06  1.26E-01  2.57E-02  3.16E-02   0.8294
13598.00 .7354023    5.74E-06  1.06E-01  6.86E-06  1.27E-01  2.57E-02  3.17E-02   0.8379
13599.00 .7353482    5.74E-06  1.06E-01  6.85E-06  1.27E-01  2.57E-02  3.17E-02   0.8384
13600.00 .7352941    5.73E-06  1.06E-01  6.84E-06  1.27E-01  2.57E-02  3.17E-02   0.8375
13601.00 .7352400    5.66E-06  1.05E-01  6.87E-06  1.27E-01  2.57E-02  3.17E-02   0.8240
13602.00 .7351860    5.42E-06  1.00E-01  6.98E-06  1.29E-01  2.57E-02  3.17E-02   0.7764
13603.00 .7351320    4.82E-06  8.92E-02  7.00E-06  1.30E-01  2.57E-02  3.17E-02   0.6888
13604.00 .7350779    5.85E-06  1.08E-01  7.01E-06  1.30E-01  2.57E-02  3.17E-02   0.8347
13605.00 .7350239    5.43E-06  1.01E-01  7.00E-06  1.30E-01  2.57E-02  3.17E-02   0.7760
13606.00 .7349699    5.80E-06  1.07E-01  7.00E-06  1.30E-01  2.57E-02  3.17E-02   0.8288
13607.00 .7349159    5.78E-06  1.07E-01  7.01E-06  1.30E-01  2.57E-02  3.17E-02   0.8246
13608.00 .7348619    5.87E-06  1.09E-01  7.01E-06  1.30E-01  2.57E-02  3.17E-02   0.8365
13609.00 .7348078    5.82E-06  1.08E-01  6.98E-06  1.29E-01  2.57E-02  3.17E-02   0.8333
13610.00 .7347538    5.81E-06  1.08E-01  6.95E-06  1.29E-01  2.57E-02  3.17E-02   0.8369
13611.00 .7346998    5.28E-06  9.78E-02  6.93E-06  1.28E-01  2.57E-02  3.17E-02   0.7615
13612.00 .7346459    5.58E-06  1.03E-01  6.93E-06  1.28E-01  2.57E-02  3.18E-02   0.8040
13613.00 .7345920    5.09E-06  9.43E-02  6.95E-06  1.29E-01  2.57E-02  3.18E-02   0.7327
13614.00 .7345380    5.84E-06  1.08E-01  6.99E-06  1.29E-01  2.57E-02  3.18E-02   0.8360
13615.00 .7344840    5.89E-06  1.09E-01  7.03E-06  1.30E-01  2.58E-02  3.18E-02   0.8381
13616.00 .7344301    5.91E-06  1.10E-01  7.05E-06  1.31E-01  2.58E-02  3.18E-02   0.8375
13617.00 .7343761    5.82E-06  1.08E-01  7.05E-06  1.31E-01  2.58E-02  3.18E-02   0.8254
13618.00 .7343222    5.70E-06  1.06E-01  7.04E-06  1.30E-01  2.58E-02  3.18E-02   0.8097
13619.00 .7342683    5.82E-06  1.08E-01  6.98E-06  1.29E-01  2.58E-02  3.18E-02   0.8334
13620.00 .7342144    5.69E-06  1.06E-01  6.97E-06  1.29E-01  2.58E-02  3.18E-02   0.8163
13621.00 .7341605    5.74E-06  1.06E-01  6.97E-06  1.29E-01  2.58E-02  3.18E-02   0.8233
13622.00 .7341066    5.83E-06  1.08E-01  6.97E-06  1.29E-01  2.58E-02  3.18E-02   0.8370
13623.00 .7340527    5.85E-06  1.09E-01  6.98E-06  1.30E-01  2.58E-02  3.18E-02   0.8386
13624.00 .7339988    5.89E-06  1.09E-01  7.03E-06  1.31E-01  2.58E-02  3.18E-02   0.8374
13625.00 .7339450    5.86E-06  1.09E-01  7.05E-06  1.31E-01  2.58E-02  3.18E-02   0.8320
13626.00 .7338911    5.84E-06  1.08E-01  7.04E-06  1.31E-01  2.58E-02  3.18E-02   0.8293
13627.00 .7338372    5.88E-06  1.09E-01  7.04E-06  1.31E-01  2.58E-02  3.19E-02   0.8353
13628.00 .7337834    5.74E-06  1.07E-01  7.04E-06  1.31E-01  2.58E-02  3.19E-02   0.8156
13629.00 .7337295    4.97E-06  9.23E-02  7.01E-06  1.30E-01  2.58E-02  3.19E-02   0.7093

                      IRRADIANCE (WATTS/CM2-XXXX)

   FREQ  WAVELENGTH      TRANSMITTED           SOLAR           INTEGRATED         TOTAL
  (CM-1) (MICRON)     (CM-1)    (MICRN)   (CM-1)    (MICRN)   TRANS.    SOLAR     TRANS
13630.00 .7336757    5.74E-06  1.07E-01  6.89E-06  1.28E-01  2.58E-02  3.19E-02   0.8327
13631.00 .7336219    5.73E-06  1.06E-01  6.88E-06  1.28E-01  2.58E-02  3.19E-02   0.8321
13632.00 .7335681    4.71E-06  8.75E-02  6.88E-06  1.28E-01  2.59E-02  3.19E-02   0.6847
13633.00 .7335142    5.01E-06  9.30E-02  6.87E-06  1.28E-01  2.59E-02  3.19E-02   0.7284
13634.00 .7334605    5.62E-06  1.04E-01  6.87E-06  1.28E-01  2.59E-02  3.19E-02   0.8179
13635.00 .7334067    5.73E-06  1.07E-01  6.89E-06  1.28E-01  2.59E-02  3.19E-02   0.8317
13636.00 .7333529    5.72E-06  1.06E-01  6.86E-06  1.27E-01  2.59E-02  3.19E-02   0.8340
13637.00 .7332991    4.88E-06  9.07E-02  6.84E-06  1.27E-01  2.59E-02  3.19E-02   0.7138
13638.00 .7332454    5.61E-06  1.04E-01  6.83E-06  1.27E-01  2.59E-02  3.19E-02   0.8222
13639.00 .7331916    5.71E-06  1.06E-01  6.85E-06  1.27E-01  2.59E-02  3.19E-02   0.8339
13640.00 .7331378    5.71E-06  1.06E-01  6.93E-06  1.29E-01  2.59E-02  3.19E-02   0.8237
13641.00 .7330841    5.80E-06  1.08E-01  6.95E-06  1.29E-01  2.59E-02  3.20E-02   0.8343
13642.00 .7330303    5.61E-06  1.04E-01  6.96E-06  1.30E-01  2.59E-02  3.20E-02   0.8055
13643.00 .7329766    5.66E-06  1.05E-01  6.89E-06  1.28E-01  2.59E-02  3.20E-02   0.8217
13644.00 .7329229    4.33E-06  8.07E-02  6.58E-06  1.23E-01  2.59E-02  3.20E-02   0.6584
13645.00 .7328692    5.32E-06  9.91E-02  6.53E-06  1.22E-01  2.59E-02  3.20E-02   0.8153
13646.00 .7328155    5.44E-06  1.01E-01  6.55E-06  1.22E-01  2.59E-02  3.20E-02   0.8305
13647.00 .7327618    5.48E-06  1.02E-01  6.56E-06  1.22E-01  2.59E-02  3.20E-02   0.8358
13648.00 .7327081    5.53E-06  1.03E-01  6.65E-06  1.24E-01  2.59E-02  3.20E-02   0.8319
13649.00 .7326544    5.53E-06  1.03E-01  6.95E-06  1.29E-01  2.59E-02  3.20E-02   0.7959
13650.00 .7326007    5.02E-06  9.35E-02  7.01E-06  1.31E-01  2.59E-02  3.20E-02   0.7159
13651.00 .7325470    5.83E-06  1.09E-01  7.01E-06  1.31E-01  2.60E-02  3.20E-02   0.8319
13652.00 .7324934    5.83E-06  1.09E-01  7.02E-06  1.31E-01  2.60E-02  3.20E-02   0.8297
13653.00 .7324398    5.82E-06  1.09E-01  6.99E-06  1.30E-01  2.60E-02  3.20E-02   0.8328
13654.00 .7323861    5.64E-06  1.05E-01  6.78E-06  1.26E-01  2.60E-02  3.20E-02   0.8326
13655.00 .7323325    5.54E-06  1.03E-01  6.74E-06  1.26E-01  2.60E-02  3.20E-02   0.8212
13656.00 .7322788    5.06E-06  9.44E-02  6.74E-06  1.26E-01  2.60E-02  3.21E-02   0.7502
13657.00 .7322252    5.61E-06  1.05E-01  6.74E-06  1.26E-01  2.60E-02  3.21E-02   0.8327
13658.00 .7321716    5.60E-06  1.04E-01  6.76E-06  1.26E-01  2.60E-02  3.21E-02   0.8285
13659.00 .7321180    5.69E-06  1.06E-01  6.96E-06  1.30E-01  2.60E-02  3.21E-02   0.8176
13660.00 .7320644    3.68E-06  6.87E-02  6.96E-06  1.30E-01  2.60E-02  3.21E-02   0.5293
13661.00 .7320108    4.85E-06  9.05E-02  6.95E-06  1.30E-01  2.60E-02  3.21E-02   0.6971
13662.00 .7319573    5.60E-06  1.04E-01  6.95E-06  1.30E-01  2.60E-02  3.21E-02   0.8058
13663.00 .7319037    4.36E-06  8.14E-02  6.95E-06  1.30E-01  2.60E-02  3.21E-02   0.6275
13664.00 .7318501    5.64E-06  1.05E-01  6.96E-06  1.30E-01  2.60E-02  3.21E-02   0.8111
13665.00 .7317966    5.51E-06  1.03E-01  6.99E-06  1.31E-01  2.60E-02  3.21E-02   0.7882
13666.00 .7317430    4.65E-06  8.69E-02  6.99E-06  1.31E-01  2.60E-02  3.21E-02   0.6654
13667.00 .7316895    5.77E-06  1.08E-01  7.00E-06  1.31E-01  2.60E-02  3.21E-02   0.8233
13668.00 .7316359    5.54E-06  1.03E-01  7.01E-06  1.31E-01  2.60E-02  3.21E-02   0.7900
13669.00 .7315824    5.81E-06  1.09E-01  7.02E-06  1.31E-01  2.61E-02  3.21E-02   0.8284
13670.00 .7315289    5.29E-06  9.88E-02  7.00E-06  1.31E-01  2.61E-02  3.22E-02   0.7554
13671.00 .7314754    4.44E-06  8.29E-02  6.95E-06  1.30E-01  2.61E-02  3.22E-02   0.6380
13672.00 .7314219    5.40E-06  1.01E-01  6.73E-06  1.26E-01  2.61E-02  3.22E-02   0.8027
13673.00 .7313684    5.36E-06  1.00E-01  6.70E-06  1.25E-01  2.61E-02  3.22E-02   0.8009
13674.00 .7313149    4.79E-06  8.95E-02  6.67E-06  1.25E-01  2.61E-02  3.22E-02   0.7182
13675.00 .7312614    5.06E-06  9.47E-02  6.67E-06  1.25E-01  2.61E-02  3.22E-02   0.7593
13676.00 .7312080    4.92E-06  9.20E-02  6.71E-06  1.25E-01  2.61E-02  3.22E-02   0.7330
13677.00 .7311545    3.78E-06  7.08E-02  6.86E-06  1.28E-01  2.61E-02  3.22E-02   0.5510
13678.00 .7311010    4.70E-06  8.78E-02  6.64E-06  1.24E-01  2.61E-02  3.22E-02   0.7072
13679.00 .7310476    5.12E-06  9.57E-02  6.63E-06  1.24E-01  2.61E-02  3.22E-02   0.7722

                      IRRADIANCE (WATTS/CM2-XXXX)

   FREQ  WAVELENGTH      TRANSMITTED           SOLAR           INTEGRATED         TOTAL
  (CM-1) (MICRON)     (CM-1)    (MICRN)   (CM-1)    (MICRN)   TRANS.    SOLAR     TRANS
13680.00 .7309942    5.45E-06  1.02E-01  6.60E-06  1.24E-01  2.61E-02  3.22E-02   0.8252
13681.00 .7309407    5.39E-06  1.01E-01  6.53E-06  1.22E-01  2.61E-02  3.22E-02   0.8251
13682.00 .7308873    5.45E-06  1.02E-01  6.58E-06  1.23E-01  2.61E-02  3.22E-02   0.8279
13683.00 .7308339    5.66E-06  1.06E-01  6.85E-06  1.28E-01  2.61E-02  3.22E-02   0.8254
13684.00 .7307805    5.27E-06  9.88E-02  6.91E-06  1.29E-01  2.61E-02  3.22E-02   0.7633
13685.00 .7307271    5.64E-06  1.06E-01  6.94E-06  1.30E-01  2.61E-02  3.23E-02   0.8124
13686.00 .7306737    5.46E-06  1.02E-01  7.00E-06  1.31E-01  2.61E-02  3.23E-02   0.7808
13687.00 .7306203    3.30E-06  6.18E-02  6.99E-06  1.31E-01  2.61E-02  3.23E-02   0.4717
13688.00 .7305669    5.35E-06  1.00E-01  6.97E-06  1.31E-01  2.61E-02  3.23E-02   0.7673
13689.00 .7305136    3.75E-06  7.03E-02  6.97E-06  1.31E-01  2.62E-02  3.23E-02   0.5389
13690.00 .7304602    5.02E-06  9.41E-02  6.96E-06  1.31E-01  2.62E-02  3.23E-02   0.7208
13691.00 .7304068    4.83E-06  9.05E-02  6.97E-06  1.31E-01  2.62E-02  3.23E-02   0.6928
13692.00 .7303535    5.67E-06  1.06E-01  6.91E-06  1.30E-01  2.62E-02  3.23E-02   0.8203
13693.00 .7303001    5.41E-06  1.01E-01  6.92E-06  1.30E-01  2.62E-02  3.23E-02   0.7816
13694.00 .7302468    5.56E-06  1.04E-01  6.91E-06  1.30E-01  2.62E-02  3.23E-02   0.8051
13695.00 .7301935    4.30E-06  8.07E-02  6.89E-06  1.29E-01  2.62E-02  3.23E-02   0.6242
13696.00 .7301402    5.08E-06  9.53E-02  6.83E-06  1.28E-01  2.62E-02  3.23E-02   0.7431
13697.00 .7300869    5.70E-06  1.07E-01  6.88E-06  1.29E-01  2.62E-02  3.23E-02   0.8289
13698.00 .7300336    5.36E-06  1.01E-01  6.90E-06  1.29E-01  2.62E-02  3.23E-02   0.7778
13699.00 .7299803    5.69E-06  1.07E-01  6.91E-06  1.30E-01  2.62E-02  3.23E-02   0.8236
13700.00 .7299270    5.64E-06  1.06E-01  6.94E-06  1.30E-01  2.62E-02  3.24E-02   0.8128
13701.00 .7298737    5.80E-06  1.09E-01  7.01E-06  1.32E-01  2.62E-02  3.24E-02   0.8277
13702.00 .7298205    5.40E-06  1.01E-01  6.97E-06  1.31E-01  2.62E-02  3.24E-02   0.7746
13703.00 .7297672    5.25E-06  9.86E-02  6.96E-06  1.31E-01  2.62E-02  3.24E-02   0.7546
13704.00 .7297140    4.50E-06  8.44E-02  6.95E-06  1.31E-01  2.62E-02  3.24E-02   0.6470
13705.00 .7296607    4.97E-06  9.33E-02  6.90E-06  1.30E-01  2.62E-02  3.24E-02   0.7199
13706.00 .7296075    5.31E-06  9.98E-02  6.68E-06  1.25E-01  2.62E-02  3.24E-02   0.7954
13707.00 .7295542    4.84E-06  9.09E-02  6.70E-06  1.26E-01  2.62E-02  3.24E-02   0.7225
13708.00 .7295010    5.35E-06  1.01E-01  6.69E-06  1.26E-01  2.63E-02  3.24E-02   0.8005
13709.00 .7294478    4.49E-06  8.44E-02  6.57E-06  1.23E-01  2.63E-02  3.24E-02   0.6841
13710.00 .7293946    4.47E-06  8.40E-02  6.52E-06  1.22E-01  2.63E-02  3.24E-02   0.6859
13711.00 .7293414    4.97E-06  9.35E-02  6.70E-06  1.26E-01  2.63E-02  3.24E-02   0.7427
13712.00 .7292882    4.40E-06  8.26E-02  6.65E-06  1.25E-01  2.63E-02  3.24E-02   0.6610
13713.00 .7292351    2.56E-06  4.81E-02  6.34E-06  1.19E-01  2.63E-02  3.24E-02   0.4033
13714.00 .7291819    4.64E-06  8.72E-02  6.23E-06  1.17E-01  2.63E-02  3.24E-02   0.7444
13715.00 .7291287    5.16E-06  9.71E-02  6.28E-06  1.18E-01  2.63E-02  3.25E-02   0.8212
13716.00 .7290756    5.19E-06  9.77E-02  6.33E-06  1.19E-01  2.63E-02  3.25E-02   0.8211
13717.00 .7290224    3.96E-06  7.45E-02  6.41E-06  1.21E-01  2.63E-02  3.25E-02   0.6180
13718.00 .7289692    4.98E-06  9.37E-02  6.73E-06  1.27E-01  2.63E-02  3.25E-02   0.7392
13719.00 .7289161    4.26E-06  8.03E-02  6.96E-06  1.31E-01  2.63E-02  3.25E-02   0.6125
13720.00 .7288630    5.68E-06  1.07E-01  6.95E-06  1.31E-01  2.63E-02  3.25E-02   0.8177
13721.00 .7288098    5.55E-06  1.05E-01  6.72E-06  1.26E-01  2.63E-02  3.25E-02   0.8271
13722.00 .7287567    5.38E-06  1.01E-01  6.63E-06  1.25E-01  2.63E-02  3.25E-02   0.8109
13723.00 .7287036    5.47E-06  1.03E-01  6.60E-06  1.24E-01  2.63E-02  3.25E-02   0.8293
13724.00 .7286505    5.44E-06  1.02E-01  6.59E-06  1.24E-01  2.63E-02  3.25E-02   0.8257
13725.00 .7285975    5.44E-06  1.03E-01  6.57E-06  1.24E-01  2.63E-02  3.25E-02   0.8282
13726.00 .7285444    5.19E-06  9.79E-02  6.72E-06  1.27E-01  2.63E-02  3.25E-02   0.7732
13727.00 .7284913    5.56E-06  1.05E-01  6.79E-06  1.28E-01  2.63E-02  3.25E-02   0.8194
13728.00 .7284383    4.62E-06  8.70E-02  6.82E-06  1.28E-01  2.63E-02  3.25E-02   0.6771
13729.00 .7283852    5.57E-06  1.05E-01  6.83E-06  1.29E-01  2.64E-02  3.25E-02   0.8155

                      IRRADIANCE (WATTS/CM2-XXXX)

   FREQ  WAVELENGTH      TRANSMITTED           SOLAR           INTEGRATED         TOTAL
  (CM-1) (MICRON)     (CM-1)    (MICRN)   (CM-1)    (MICRN)   TRANS.    SOLAR     TRANS
13730.00 .7283321    5.54E-06  1.04E-01  6.90E-06  1.30E-01  2.64E-02  3.26E-02   0.8021
13731.00 .7282791    4.95E-06  9.33E-02  6.99E-06  1.32E-01  2.64E-02  3.26E-02   0.7078
13732.00 .7282261    5.71E-06  1.08E-01  6.99E-06  1.32E-01  2.64E-02  3.26E-02   0.8168
13733.00 .7281730    5.10E-06  9.62E-02  6.90E-06  1.30E-01  2.64E-02  3.26E-02   0.7389
13734.00 .7281200    5.63E-06  1.06E-01  6.88E-06  1.30E-01  2.64E-02  3.26E-02   0.8184
13735.00 .7280670    5.13E-06  9.67E-02  6.86E-06  1.29E-01  2.64E-02  3.26E-02   0.7470
13736.00 .7280140    4.28E-06  8.07E-02  6.86E-06  1.29E-01  2.64E-02  3.26E-02   0.6236
13737.00 .7279610    3.72E-06  7.02E-02  6.88E-06  1.30E-01  2.64E-02  3.26E-02   0.5406
13738.00 .7279080    3.52E-06  6.64E-02  6.94E-06  1.31E-01  2.64E-02  3.26E-02   0.5069
13739.00 .7278550    3.90E-06  7.36E-02  6.85E-06  1.29E-01  2.64E-02  3.26E-02   0.5693
13740.00 .7278020    5.01E-06  9.45E-02  6.83E-06  1.29E-01  2.64E-02  3.26E-02   0.7331
13741.00 .7277490    3.46E-06  6.54E-02  6.83E-06  1.29E-01  2.64E-02  3.26E-02   0.5072
13742.00 .7276961    5.43E-06  1.03E-01  6.83E-06  1.29E-01  2.64E-02  3.26E-02   0.7946
13743.00 .7276432    5.50E-06  1.04E-01  6.85E-06  1.29E-01  2.64E-02  3.26E-02   0.8025
13744.00 .7275902    5.56E-06  1.05E-01  6.96E-06  1.31E-01  2.64E-02  3.27E-02   0.7996
13745.00 .7275373    5.14E-06  9.71E-02  6.97E-06  1.32E-01  2.64E-02  3.27E-02   0.7370
13746.00 .7274843    2.91E-06  5.50E-02  6.95E-06  1.31E-01  2.64E-02  3.27E-02   0.4185
13747.00 .7274314    5.57E-06  1.05E-01  6.95E-06  1.31E-01  2.64E-02  3.27E-02   0.8017
13748.00 .7273785    5.66E-06  1.07E-01  6.95E-06  1.31E-01  2.64E-02  3.27E-02   0.8149
13749.00 .7273256    5.69E-06  1.08E-01  6.96E-06  1.32E-01  2.65E-02  3.27E-02   0.8178
13750.00 .7272727    5.65E-06  1.07E-01  6.98E-06  1.32E-01  2.65E-02  3.27E-02   0.8089
13751.00 .7272198    4.85E-06  9.17E-02  7.01E-06  1.33E-01  2.65E-02  3.27E-02   0.6921
13752.00 .7271670    4.62E-06  8.73E-02  6.99E-06  1.32E-01  2.65E-02  3.27E-02   0.6607
13753.00 .7271141    5.75E-06  1.09E-01  6.98E-06  1.32E-01  2.65E-02  3.27E-02   0.8232
13754.00 .7270612    5.57E-06  1.05E-01  6.99E-06  1.32E-01  2.65E-02  3.27E-02   0.7973
13755.00 .7270083    5.59E-06  1.06E-01  6.98E-06  1.32E-01  2.65E-02  3.27E-02   0.8009
13756.00 .7269555    5.75E-06  1.09E-01  6.97E-06  1.32E-01  2.65E-02  3.27E-02   0.8253
13757.00 .7269027    5.76E-06  1.09E-01  6.98E-06  1.32E-01  2.65E-02  3.27E-02   0.8257
13758.00 .7268499    5.70E-06  1.08E-01  6.99E-06  1.32E-01  2.65E-02  3.28E-02   0.8157
13759.00 .7267970    4.87E-06  9.22E-02  6.97E-06  1.32E-01  2.65E-02  3.28E-02   0.6986
13760.00 .7267442    2.89E-06  5.47E-02  6.97E-06  1.32E-01  2.65E-02  3.28E-02   0.4147
13761.00 .7266914    5.09E-06  9.64E-02  6.98E-06  1.32E-01  2.65E-02  3.28E-02   0.7293
13762.00 .7266386    3.58E-06  6.77E-02  6.99E-06  1.32E-01  2.65E-02  3.28E-02   0.5114
13763.00 .7265857    5.62E-06  1.07E-01  7.00E-06  1.33E-01  2.65E-02  3.28E-02   0.8037
13764.00 .7265330    5.31E-06  1.01E-01  6.97E-06  1.32E-01  2.65E-02  3.28E-02   0.7614
13765.00 .7264802    4.71E-06  8.92E-02  6.74E-06  1.28E-01  2.65E-02  3.28E-02   0.6982
13766.00 .7264274    4.85E-06  9.20E-02  6.55E-06  1.24E-01  2.65E-02  3.28E-02   0.7411
13767.00 .7263747    4.94E-06  9.36E-02  6.52E-06  1.24E-01  2.65E-02  3.28E-02   0.7579
13768.00 .7263219    4.80E-06  9.10E-02  6.51E-06  1.23E-01  2.65E-02  3.28E-02   0.7376
13769.00 .7262691    4.47E-06  8.48E-02  6.54E-06  1.24E-01  2.66E-02  3.28E-02   0.6840
13770.00 .7262164    5.10E-06  9.67E-02  6.76E-06  1.28E-01  2.66E-02  3.28E-02   0.7548
13771.00 .7261637    5.56E-06  1.05E-01  6.95E-06  1.32E-01  2.66E-02  3.28E-02   0.8004
13772.00 .7261109    5.59E-06  1.06E-01  6.98E-06  1.32E-01  2.66E-02  3.28E-02   0.8016
13773.00 .7260582    5.30E-06  1.01E-01  6.99E-06  1.33E-01  2.66E-02  3.29E-02   0.7584
13774.00 .7260055    4.24E-06  8.05E-02  7.00E-06  1.33E-01  2.66E-02  3.29E-02   0.6066
13775.00 .7259528    4.61E-06  8.75E-02  7.02E-06  1.33E-01  2.66E-02  3.29E-02   0.6574
13776.00 .7259001    5.14E-06  9.75E-02  7.01E-06  1.33E-01  2.66E-02  3.29E-02   0.7322
13777.00 .7258474    5.70E-06  1.08E-01  6.98E-06  1.33E-01  2.66E-02  3.29E-02   0.8162
13778.00 .7257947    5.62E-06  1.07E-01  6.96E-06  1.32E-01  2.66E-02  3.29E-02   0.8083
13779.00 .7257420    5.71E-06  1.08E-01  6.95E-06  1.32E-01  2.66E-02  3.29E-02   0.8214

                      IRRADIANCE (WATTS/CM2-XXXX)

   FREQ  WAVELENGTH      TRANSMITTED           SOLAR           INTEGRATED         TOTAL
  (CM-1) (MICRON)     (CM-1)    (MICRN)   (CM-1)    (MICRN)   TRANS.    SOLAR     TRANS
13780.00 .7256894    5.67E-06  1.08E-01  6.93E-06  1.32E-01  2.66E-02  3.29E-02   0.8184
13781.00 .7256367    5.62E-06  1.07E-01  6.94E-06  1.32E-01  2.66E-02  3.29E-02   0.8097
13782.00 .7255841    3.84E-06  7.30E-02  6.96E-06  1.32E-01  2.66E-02  3.29E-02   0.5525
13783.00 .7255315    3.42E-06  6.50E-02  6.96E-06  1.32E-01  2.66E-02  3.29E-02   0.4915
13784.00 .7254788    4.04E-06  7.68E-02  6.89E-06  1.31E-01  2.66E-02  3.29E-02   0.5872
13785.00 .7254262    2.85E-06  5.41E-02  6.86E-06  1.30E-01  2.66E-02  3.29E-02   0.4152
13786.00 .7253736    5.36E-06  1.02E-01  6.73E-06  1.28E-01  2.66E-02  3.29E-02   0.7955
13787.00 .7253209    5.48E-06  1.04E-01  6.70E-06  1.27E-01  2.66E-02  3.30E-02   0.8181
13788.00 .7252684    5.20E-06  9.89E-02  6.70E-06  1.27E-01  2.66E-02  3.30E-02   0.7759
13789.00 .7252157    4.38E-06  8.33E-02  6.78E-06  1.29E-01  2.66E-02  3.30E-02   0.6456
13790.00 .7251632    5.44E-06  1.03E-01  6.82E-06  1.30E-01  2.67E-02  3.30E-02   0.7978
13791.00 .7251106    4.86E-06  9.25E-02  6.96E-06  1.32E-01  2.67E-02  3.30E-02   0.6991
13792.00 .7250580    5.60E-06  1.06E-01  7.01E-06  1.33E-01  2.67E-02  3.30E-02   0.7983
13793.00 .7250054    5.76E-06  1.10E-01  7.03E-06  1.34E-01  2.67E-02  3.30E-02   0.8196
13794.00 .7249529    5.48E-06  1.04E-01  7.02E-06  1.34E-01  2.67E-02  3.30E-02   0.7805
13795.00 .7249003    4.31E-06  8.20E-02  6.99E-06  1.33E-01  2.67E-02  3.30E-02   0.6164
13796.00 .7248478    5.64E-06  1.07E-01  6.94E-06  1.32E-01  2.67E-02  3.30E-02   0.8126
13797.00 .7247952    5.19E-06  9.88E-02  6.78E-06  1.29E-01  2.67E-02  3.30E-02   0.7658
13798.00 .7247427    4.20E-06  7.99E-02  6.74E-06  1.28E-01  2.67E-02  3.30E-02   0.6224
13799.00 .7246902    5.36E-06  1.02E-01  6.75E-06  1.28E-01  2.67E-02  3.30E-02   0.7943
13800.00 .7246377    5.35E-06  1.02E-01  6.76E-06  1.29E-01  2.67E-02  3.30E-02   0.7917
13801.00 .7245852    3.26E-06  6.20E-02  6.81E-06  1.30E-01  2.67E-02  3.30E-02   0.4783
13802.00 .7245327    4.08E-06  7.77E-02  6.96E-06  1.33E-01  2.67E-02  3.31E-02   0.5865
13803.00 .7244802    5.67E-06  1.08E-01  6.99E-06  1.33E-01  2.67E-02  3.31E-02   0.8107
13804.00 .7244277    5.70E-06  1.09E-01  6.99E-06  1.33E-01  2.67E-02  3.31E-02   0.8156
13805.00 .7243752    5.69E-06  1.09E-01  6.99E-06  1.33E-01  2.67E-02  3.31E-02   0.8145
13806.00 .7243227    5.24E-06  9.99E-02  6.95E-06  1.32E-01  2.67E-02  3.31E-02   0.7545
13807.00 .7242703    1.44E-06  2.74E-02  6.84E-06  1.30E-01  2.67E-02  3.31E-02   0.2098
13808.00 .7242178    4.98E-06  9.50E-02  6.82E-06  1.30E-01  2.67E-02  3.31E-02   0.7306
13809.00 .7241654    4.57E-06  8.71E-02  6.83E-06  1.30E-01  2.67E-02  3.31E-02   0.6692
13810.00 .7241130    5.43E-06  1.04E-01  6.83E-06  1.30E-01  2.68E-02  3.31E-02   0.7950
13811.00 .7240605    5.64E-06  1.08E-01  6.87E-06  1.31E-01  2.68E-02  3.31E-02   0.8216
13812.00 .7240081    5.40E-06  1.03E-01  6.98E-06  1.33E-01  2.68E-02  3.31E-02   0.7732
13813.00 .7239557    5.74E-06  1.10E-01  6.99E-06  1.33E-01  2.68E-02  3.31E-02   0.8213
13814.00 .7239033    5.67E-06  1.08E-01  6.93E-06  1.32E-01  2.68E-02  3.31E-02   0.8189
13815.00 .7238509    5.07E-06  9.67E-02  6.85E-06  1.31E-01  2.68E-02  3.31E-02   0.7391
13816.00 .7237985    3.75E-06  7.17E-02  6.85E-06  1.31E-01  2.68E-02  3.31E-02   0.5479
13817.00 .7237461    5.26E-06  1.00E-01  6.84E-06  1.31E-01  2.68E-02  3.32E-02   0.7683
13818.00 .7236937    3.36E-06  6.42E-02  6.85E-06  1.31E-01  2.68E-02  3.32E-02   0.4912
13819.00 .7236413    3.41E-06  6.52E-02  6.90E-06  1.32E-01  2.68E-02  3.32E-02   0.4946
13820.00 .7235890    5.53E-06  1.06E-01  6.97E-06  1.33E-01  2.68E-02  3.32E-02   0.7925
13821.00 .7235367    5.33E-06  1.02E-01  6.98E-06  1.33E-01  2.68E-02  3.32E-02   0.7626
13822.00 .7234843    2.71E-06  5.18E-02  6.99E-06  1.34E-01  2.68E-02  3.32E-02   0.3880
13823.00 .7234319    4.21E-06  8.05E-02  7.01E-06  1.34E-01  2.68E-02  3.32E-02   0.6010
13824.00 .7233796    5.58E-06  1.07E-01  7.01E-06  1.34E-01  2.68E-02  3.32E-02   0.7962
13825.00 .7233273    5.59E-06  1.07E-01  7.01E-06  1.34E-01  2.68E-02  3.32E-02   0.7974
13826.00 .7232750    5.48E-06  1.05E-01  7.00E-06  1.34E-01  2.68E-02  3.32E-02   0.7837
13827.00 .7232227    5.68E-06  1.09E-01  6.96E-06  1.33E-01  2.68E-02  3.32E-02   0.8157
13828.00 .7231704    5.70E-06  1.09E-01  6.94E-06  1.33E-01  2.68E-02  3.32E-02   0.8211
13829.00 .7231181    5.70E-06  1.09E-01  6.93E-06  1.32E-01  2.68E-02  3.32E-02   0.8226

                      IRRADIANCE (WATTS/CM2-XXXX)

   FREQ  WAVELENGTH      TRANSMITTED           SOLAR           INTEGRATED         TOTAL
  (CM-1) (MICRON)     (CM-1)    (MICRN)   (CM-1)    (MICRN)   TRANS.    SOLAR     TRANS
13830.00 .7230658    5.61E-06  1.07E-01  6.88E-06  1.32E-01  2.69E-02  3.32E-02   0.8151
13831.00 .7230135    5.28E-06  1.01E-01  6.88E-06  1.32E-01  2.69E-02  3.33E-02   0.7676
13832.00 .7229612    3.85E-06  7.36E-02  6.89E-06  1.32E-01  2.69E-02  3.33E-02   0.5582
13833.00 .7229090    5.32E-06  1.02E-01  6.85E-06  1.31E-01  2.69E-02  3.33E-02   0.7760
13834.00 .7228567    5.65E-06  1.08E-01  6.86E-06  1.31E-01  2.69E-02  3.33E-02   0.8237
13835.00 .7228045    5.67E-06  1.09E-01  6.90E-06  1.32E-01  2.69E-02  3.33E-02   0.8225
13836.00 .7227522    5.59E-06  1.07E-01  6.83E-06  1.31E-01  2.69E-02  3.33E-02   0.8181
13837.00 .7227000    5.49E-06  1.05E-01  6.75E-06  1.29E-01  2.69E-02  3.33E-02   0.8135
13838.00 .7226478    5.41E-06  1.04E-01  6.59E-06  1.26E-01  2.69E-02  3.33E-02   0.8206
13839.00 .7225956    4.90E-06  9.38E-02  6.46E-06  1.24E-01  2.69E-02  3.33E-02   0.7585
13840.00 .7225434    3.65E-06  6.99E-02  6.39E-06  1.22E-01  2.69E-02  3.33E-02   0.5706
13841.00 .7224911    5.03E-06  9.64E-02  6.45E-06  1.24E-01  2.69E-02  3.33E-02   0.7800
13842.00 .7224389    5.34E-06  1.02E-01  6.49E-06  1.24E-01  2.69E-02  3.33E-02   0.8235
13843.00 .7223868    5.52E-06  1.06E-01  6.68E-06  1.28E-01  2.69E-02  3.33E-02   0.8261
13844.00 .7223346    5.59E-06  1.07E-01  6.81E-06  1.31E-01  2.69E-02  3.33E-02   0.8210
13845.00 .7222824    5.56E-06  1.07E-01  6.78E-06  1.30E-01  2.69E-02  3.33E-02   0.8206
13846.00 .7222303    5.55E-06  1.06E-01  6.77E-06  1.30E-01  2.69E-02  3.34E-02   0.8190
13847.00 .7221781    5.59E-06  1.07E-01  6.81E-06  1.30E-01  2.69E-02  3.34E-02   0.8212
13848.00 .7221259    5.44E-06  1.04E-01  6.81E-06  1.31E-01  2.69E-02  3.34E-02   0.7992
13849.00 .7220738    5.46E-06  1.05E-01  6.82E-06  1.31E-01  2.70E-02  3.34E-02   0.8001
13850.00 .7220216    5.15E-06  9.87E-02  6.93E-06  1.33E-01  2.70E-02  3.34E-02   0.7428
13851.00 .7219695    5.56E-06  1.07E-01  6.94E-06  1.33E-01  2.70E-02  3.34E-02   0.8007
13852.00 .7219174    5.65E-06  1.08E-01  6.93E-06  1.33E-01  2.70E-02  3.34E-02   0.8145
13853.00 .7218653    4.25E-06  8.16E-02  6.95E-06  1.33E-01  2.70E-02  3.34E-02   0.6115
13854.00 .7218132    5.42E-06  1.04E-01  6.94E-06  1.33E-01  2.70E-02  3.34E-02   0.7816
13855.00 .7217611    5.49E-06  1.05E-01  6.88E-06  1.32E-01  2.70E-02  3.34E-02   0.7986
13856.00 .7217090    5.59E-06  1.07E-01  6.86E-06  1.32E-01  2.70E-02  3.34E-02   0.8142
13857.00 .7216569    5.56E-06  1.07E-01  6.89E-06  1.32E-01  2.70E-02  3.34E-02   0.8068
13858.00 .7216048    5.61E-06  1.08E-01  6.87E-06  1.32E-01  2.70E-02  3.34E-02   0.8157
13859.00 .7215528    5.58E-06  1.07E-01  6.80E-06  1.31E-01  2.70E-02  3.34E-02   0.8214
13860.00 .7215007    5.63E-06  1.08E-01  6.84E-06  1.31E-01  2.70E-02  3.35E-02   0.8230
13861.00 .7214487    5.63E-06  1.08E-01  6.86E-06  1.32E-01  2.70E-02  3.35E-02   0.8208
13862.00 .7213966    5.39E-06  1.04E-01  6.88E-06  1.32E-01  2.70E-02  3.35E-02   0.7839
13863.00 .7213446    5.08E-06  9.77E-02  6.89E-06  1.32E-01  2.70E-02  3.35E-02   0.7375
13864.00 .7212926    5.63E-06  1.08E-01  6.96E-06  1.34E-01  2.70E-02  3.35E-02   0.8082
13865.00 .7212405    5.44E-06  1.05E-01  6.86E-06  1.32E-01  2.70E-02  3.35E-02   0.7932
13866.00 .7211885    5.31E-06  1.02E-01  6.83E-06  1.31E-01  2.70E-02  3.35E-02   0.7777
13867.00 .7211365    3.98E-06  7.65E-02  6.79E-06  1.31E-01  2.70E-02  3.35E-02   0.5854
13868.00 .7210845    5.46E-06  1.05E-01  6.70E-06  1.29E-01  2.71E-02  3.35E-02   0.8157
13869.00 .7210325    5.01E-06  9.64E-02  6.24E-06  1.20E-01  2.71E-02  3.35E-02   0.8032
13870.00 .7209805    4.99E-06  9.60E-02  6.23E-06  1.20E-01  2.71E-02  3.35E-02   0.8004
13871.00 .7209285    5.04E-06  9.70E-02  6.24E-06  1.20E-01  2.71E-02  3.35E-02   0.8085
13872.00 .7208766    4.22E-06  8.12E-02  6.27E-06  1.21E-01  2.71E-02  3.35E-02   0.6733
13873.00 .7208246    2.66E-06  5.12E-02  6.37E-06  1.23E-01  2.71E-02  3.35E-02   0.4176
13874.00 .7207727    5.31E-06  1.02E-01  6.85E-06  1.32E-01  2.71E-02  3.35E-02   0.7758
13875.00 .7207207    5.54E-06  1.07E-01  6.98E-06  1.34E-01  2.71E-02  3.36E-02   0.7937
13876.00 .7206688    4.99E-06  9.61E-02  7.00E-06  1.35E-01  2.71E-02  3.36E-02   0.7129
13877.00 .7206169    2.65E-06  5.11E-02  6.99E-06  1.35E-01  2.71E-02  3.36E-02   0.3795
13878.00 .7205649    4.83E-06  9.30E-02  6.96E-06  1.34E-01  2.71E-02  3.36E-02   0.6937
13879.00 .7205130    5.42E-06  1.04E-01  6.78E-06  1.31E-01  2.71E-02  3.36E-02   0.7991

                      IRRADIANCE (WATTS/CM2-XXXX)

   FREQ  WAVELENGTH      TRANSMITTED           SOLAR           INTEGRATED         TOTAL
  (CM-1) (MICRON)     (CM-1)    (MICRN)   (CM-1)    (MICRN)   TRANS.    SOLAR     TRANS
13880.00 .7204611    5.22E-06  1.01E-01  6.74E-06  1.30E-01  2.71E-02  3.36E-02   0.7742
13881.00 .7204092    5.30E-06  1.02E-01  6.74E-06  1.30E-01  2.71E-02  3.36E-02   0.7873
13882.00 .7203573    4.37E-06  8.42E-02  6.74E-06  1.30E-01  2.71E-02  3.36E-02   0.6485
13883.00 .7203054    2.62E-06  5.05E-02  6.76E-06  1.30E-01  2.71E-02  3.36E-02   0.3874
13884.00 .7202535    2.51E-06  4.83E-02  6.95E-06  1.34E-01  2.71E-02  3.36E-02   0.3606
13885.00 .7202017    5.09E-06  9.82E-02  6.97E-06  1.34E-01  2.71E-02  3.36E-02   0.7304
13886.00 .7201498    5.61E-06  1.08E-01  6.97E-06  1.34E-01  2.71E-02  3.36E-02   0.8051
13887.00 .7200980    5.52E-06  1.06E-01  6.98E-06  1.35E-01  2.71E-02  3.36E-02   0.7916
13888.00 .7200461    3.86E-06  7.45E-02  6.95E-06  1.34E-01  2.71E-02  3.36E-02   0.5562
13889.00 .7199942    4.16E-06  8.03E-02  6.75E-06  1.30E-01  2.71E-02  3.36E-02   0.6166
13890.00 .7199424    4.08E-06  7.87E-02  6.73E-06  1.30E-01  2.72E-02  3.37E-02   0.6059
13891.00 .7198906    5.28E-06  1.02E-01  6.74E-06  1.30E-01  2.72E-02  3.37E-02   0.7835
13892.00 .7198387    5.34E-06  1.03E-01  6.73E-06  1.30E-01  2.72E-02  3.37E-02   0.7946
13893.00 .7197869    4.65E-06  8.98E-02  6.68E-06  1.29E-01  2.72E-02  3.37E-02   0.6964
13894.00 .7197351    5.25E-06  1.01E-01  6.85E-06  1.32E-01  2.72E-02  3.37E-02   0.7672
13895.00 .7196833    4.26E-06  8.23E-02  6.74E-06  1.30E-01  2.72E-02  3.37E-02   0.6320
13896.00 .7196316    5.11E-06  9.87E-02  6.57E-06  1.27E-01  2.72E-02  3.37E-02   0.7786
13897.00 .7195798    2.77E-06  5.36E-02  6.53E-06  1.26E-01  2.72E-02  3.37E-02   0.4246
13898.00 .7195280    4.37E-06  8.43E-02  6.59E-06  1.27E-01  2.72E-02  3.37E-02   0.6623
13899.00 .7194762    5.09E-06  9.83E-02  6.52E-06  1.26E-01  2.72E-02  3.37E-02   0.7804
13900.00 .7194245    4.32E-06  8.35E-02  6.64E-06  1.28E-01  2.72E-02  3.37E-02   0.6508
13901.00 .7193727    2.87E-06  5.55E-02  6.81E-06  1.32E-01  2.72E-02  3.37E-02   0.4216
13902.00 .7193210    3.54E-06  6.84E-02  6.76E-06  1.31E-01  2.72E-02  3.37E-02   0.5241
13903.00 .7192692    5.24E-06  1.01E-01  6.70E-06  1.30E-01  2.72E-02  3.37E-02   0.7810
13904.00 .7192175    5.38E-06  1.04E-01  6.64E-06  1.28E-01  2.72E-02  3.37E-02   0.8111
13905.00 .7191657    5.36E-06  1.04E-01  6.61E-06  1.28E-01  2.72E-02  3.38E-02   0.8118
13906.00 .7191141    5.09E-06  9.85E-02  6.57E-06  1.27E-01  2.72E-02  3.38E-02   0.7745
13907.00 .7190623    5.10E-06  9.86E-02  6.45E-06  1.25E-01  2.72E-02  3.38E-02   0.7904
13908.00 .7190107    4.94E-06  9.55E-02  6.24E-06  1.21E-01  2.72E-02  3.38E-02   0.7919
13909.00 .7189590    3.32E-06  6.43E-02  6.33E-06  1.23E-01  2.72E-02  3.38E-02   0.5247
13910.00 .7189072    2.73E-06  5.28E-02  6.37E-06  1.23E-01  2.72E-02  3.38E-02   0.4284
13911.00 .7188556    3.27E-06  6.34E-02  6.40E-06  1.24E-01  2.72E-02  3.38E-02   0.5119
13912.00 .7188039    3.24E-06  6.28E-02  6.55E-06  1.27E-01  2.73E-02  3.38E-02   0.4949
13913.00 .7187523    5.32E-06  1.03E-01  6.80E-06  1.32E-01  2.73E-02  3.38E-02   0.7814
13914.00 .7187006    4.85E-06  9.38E-02  6.87E-06  1.33E-01  2.73E-02  3.38E-02   0.7050
13915.00 .7186489    1.65E-06  3.20E-02  6.88E-06  1.33E-01  2.73E-02  3.38E-02   0.2400
13916.00 .7185973    5.17E-06  1.00E-01  6.90E-06  1.34E-01  2.73E-02  3.38E-02   0.7494
13917.00 .7185457    5.58E-06  1.08E-01  6.93E-06  1.34E-01  2.73E-02  3.38E-02   0.8049
13918.00 .7184941    5.33E-06  1.03E-01  6.79E-06  1.31E-01  2.73E-02  3.38E-02   0.7850
13919.00 .7184424    5.20E-06  1.01E-01  6.59E-06  1.28E-01  2.73E-02  3.38E-02   0.7891
13920.00 .7183908    4.24E-06  8.21E-02  6.50E-06  1.26E-01  2.73E-02  3.39E-02   0.6520
13921.00 .7183392    3.02E-06  5.85E-02  6.46E-06  1.25E-01  2.73E-02  3.39E-02   0.4674
13922.00 .7182876    5.10E-06  9.89E-02  6.36E-06  1.23E-01  2.73E-02  3.39E-02   0.8023
13923.00 .7182360    5.23E-06  1.01E-01  6.51E-06  1.26E-01  2.73E-02  3.39E-02   0.8030
13924.00 .7181844    5.36E-06  1.04E-01  6.70E-06  1.30E-01  2.73E-02  3.39E-02   0.8001
13925.00 .7181329    5.07E-06  9.82E-02  6.79E-06  1.32E-01  2.73E-02  3.39E-02   0.7458
13926.00 .7180813    5.39E-06  1.05E-01  6.80E-06  1.32E-01  2.73E-02  3.39E-02   0.7920
13927.00 .7180297    4.77E-06  9.26E-02  6.91E-06  1.34E-01  2.73E-02  3.39E-02   0.6909
13928.00 .7179782    4.34E-06  8.41E-02  6.82E-06  1.32E-01  2.73E-02  3.39E-02   0.6363
13929.00 .7179266    2.30E-06  4.46E-02  6.77E-06  1.31E-01  2.73E-02  3.39E-02   0.3398

                      IRRADIANCE (WATTS/CM2-XXXX)

   FREQ  WAVELENGTH      TRANSMITTED           SOLAR           INTEGRATED         TOTAL
  (CM-1) (MICRON)     (CM-1)    (MICRN)   (CM-1)    (MICRN)   TRANS.    SOLAR     TRANS
13930.00 .7178751    5.04E-06  9.78E-02  6.66E-06  1.29E-01  2.73E-02  3.39E-02   0.7563
13931.00 .7178236    4.29E-06  8.32E-02  6.67E-06  1.29E-01  2.73E-02  3.39E-02   0.6429
13932.00 .7177720    4.91E-06  9.53E-02  6.69E-06  1.30E-01  2.73E-02  3.39E-02   0.7339
13933.00 .7177205    5.40E-06  1.05E-01  6.81E-06  1.32E-01  2.73E-02  3.39E-02   0.7929
13934.00 .7176690    5.57E-06  1.08E-01  6.86E-06  1.33E-01  2.74E-02  3.39E-02   0.8114
13935.00 .7176175    4.55E-06  8.83E-02  6.97E-06  1.35E-01  2.74E-02  3.40E-02   0.6522
13936.00 .7175660    3.85E-06  7.48E-02  6.98E-06  1.36E-01  2.74E-02  3.40E-02   0.5511
13937.00 .7175145    4.32E-06  8.40E-02  6.99E-06  1.36E-01  2.74E-02  3.40E-02   0.6191
13938.00 .7174631    3.65E-06  7.08E-02  6.98E-06  1.36E-01  2.74E-02  3.40E-02   0.5224
13939.00 .7174116    5.25E-06  1.02E-01  6.95E-06  1.35E-01  2.74E-02  3.40E-02   0.7561
13940.00 .7173601    5.54E-06  1.08E-01  6.90E-06  1.34E-01  2.74E-02  3.40E-02   0.8026
13941.00 .7173086    5.06E-06  9.83E-02  6.89E-06  1.34E-01  2.74E-02  3.40E-02   0.7338
13942.00 .7172572    4.20E-06  8.16E-02  6.89E-06  1.34E-01  2.74E-02  3.40E-02   0.6086
13943.00 .7172058    4.33E-06  8.42E-02  6.89E-06  1.34E-01  2.74E-02  3.40E-02   0.6286
13944.00 .7171543    5.61E-06  1.09E-01  6.92E-06  1.35E-01  2.74E-02  3.40E-02   0.8104
13945.00 .7171029    5.29E-06  1.03E-01  6.96E-06  1.35E-01  2.74E-02  3.40E-02   0.7598
13946.00 .7170515    5.52E-06  1.07E-01  6.95E-06  1.35E-01  2.74E-02  3.40E-02   0.7942
13947.00 .7170001    4.00E-06  7.78E-02  6.95E-06  1.35E-01  2.74E-02  3.40E-02   0.5756
13948.00 .7169487    4.62E-06  9.00E-02  6.93E-06  1.35E-01  2.74E-02  3.40E-02   0.6674
13949.00 .7168972    5.13E-06  9.98E-02  6.88E-06  1.34E-01  2.74E-02  3.41E-02   0.7454
13950.00 .7168459    5.15E-06  1.00E-01  6.69E-06  1.30E-01  2.74E-02  3.41E-02   0.7706
13951.00 .7167945    4.99E-06  9.72E-02  6.55E-06  1.27E-01  2.74E-02  3.41E-02   0.7624
13952.00 .7167431    5.04E-06  9.81E-02  6.22E-06  1.21E-01  2.74E-02  3.41E-02   0.8093
13953.00 .7166917    4.98E-06  9.70E-02  6.19E-06  1.21E-01  2.74E-02  3.41E-02   0.8046
13954.00 .7166404    4.57E-06  8.90E-02  6.22E-06  1.21E-01  2.74E-02  3.41E-02   0.7349
13955.00 .7165890    4.96E-06  9.66E-02  6.41E-06  1.25E-01  2.75E-02  3.41E-02   0.7740
13956.00 .7165377    5.31E-06  1.03E-01  6.53E-06  1.27E-01  2.75E-02  3.41E-02   0.8137
13957.00 .7164863    5.47E-06  1.07E-01  6.84E-06  1.33E-01  2.75E-02  3.41E-02   0.7999
13958.00 .7164350    5.58E-06  1.09E-01  6.88E-06  1.34E-01  2.75E-02  3.41E-02   0.8108
13959.00 .7163837    5.28E-06  1.03E-01  6.88E-06  1.34E-01  2.75E-02  3.41E-02   0.7680
13960.00 .7163324    5.60E-06  1.09E-01  6.86E-06  1.34E-01  2.75E-02  3.41E-02   0.8157
13961.00 .7162811    5.66E-06  1.10E-01  6.89E-06  1.34E-01  2.75E-02  3.41E-02   0.8204
13962.00 .7162297    5.65E-06  1.10E-01  6.90E-06  1.35E-01  2.75E-02  3.41E-02   0.8186
13963.00 .7161785    5.64E-06  1.10E-01  6.91E-06  1.35E-01  2.75E-02  3.41E-02   0.8164
13964.00 .7161272    5.38E-06  1.05E-01  6.91E-06  1.35E-01  2.75E-02  3.42E-02   0.7790
13965.00 .7160759    5.29E-06  1.03E-01  6.93E-06  1.35E-01  2.75E-02  3.42E-02   0.7638
13966.00 .7160246    5.71E-06  1.11E-01  6.95E-06  1.35E-01  2.75E-02  3.42E-02   0.8217
13967.00 .7159734    5.61E-06  1.09E-01  6.95E-06  1.36E-01  2.75E-02  3.42E-02   0.8070
13968.00 .7159221    5.70E-06  1.11E-01  6.93E-06  1.35E-01  2.75E-02  3.42E-02   0.8227
13969.00 .7158709    5.56E-06  1.08E-01  6.80E-06  1.33E-01  2.75E-02  3.42E-02   0.8165
13970.00 .7158196    5.28E-06  1.03E-01  6.77E-06  1.32E-01  2.75E-02  3.42E-02   0.7810
13971.00 .7157684    5.44E-06  1.06E-01  6.75E-06  1.32E-01  2.75E-02  3.42E-02   0.8068
13972.00 .7157171    5.48E-06  1.07E-01  6.74E-06  1.32E-01  2.75E-02  3.42E-02   0.8135
13973.00 .7156659    5.57E-06  1.09E-01  6.77E-06  1.32E-01  2.76E-02  3.42E-02   0.8234
13974.00 .7156147    5.70E-06  1.11E-01  6.92E-06  1.35E-01  2.76E-02  3.42E-02   0.8233
13975.00 .7155635    5.60E-06  1.09E-01  6.96E-06  1.36E-01  2.76E-02  3.42E-02   0.8054
13976.00 .7155123    5.62E-06  1.10E-01  6.95E-06  1.36E-01  2.76E-02  3.42E-02   0.8087
13977.00 .7154611    5.56E-06  1.09E-01  6.79E-06  1.33E-01  2.76E-02  3.42E-02   0.8184
13978.00 .7154099    5.54E-06  1.08E-01  6.75E-06  1.32E-01  2.76E-02  3.42E-02   0.8215
13979.00 .7153587    5.49E-06  1.07E-01  6.74E-06  1.32E-01  2.76E-02  3.43E-02   0.8142

                      IRRADIANCE (WATTS/CM2-XXXX)

   FREQ  WAVELENGTH      TRANSMITTED           SOLAR           INTEGRATED         TOTAL
  (CM-1) (MICRON)     (CM-1)    (MICRN)   (CM-1)    (MICRN)   TRANS.    SOLAR     TRANS
13980.00 .7153076    5.19E-06  1.01E-01  6.70E-06  1.31E-01  2.76E-02  3.43E-02   0.7737
13981.00 .7152564    5.23E-06  1.02E-01  6.71E-06  1.31E-01  2.76E-02  3.43E-02   0.7795
13982.00 .7152053    5.52E-06  1.08E-01  6.84E-06  1.34E-01  2.76E-02  3.43E-02   0.8062
13983.00 .7151541    5.37E-06  1.05E-01  6.71E-06  1.31E-01  2.76E-02  3.43E-02   0.7991
13984.00 .7151030    5.19E-06  1.01E-01  6.31E-06  1.23E-01  2.76E-02  3.43E-02   0.8223
13985.00 .7150518    5.10E-06  9.98E-02  6.22E-06  1.22E-01  2.76E-02  3.43E-02   0.8197
13986.00 .7150007    5.07E-06  9.91E-02  6.23E-06  1.22E-01  2.76E-02  3.43E-02   0.8132
13987.00 .7149496    4.67E-06  9.13E-02  6.25E-06  1.22E-01  2.76E-02  3.43E-02   0.7470
13988.00 .7148985    5.25E-06  1.03E-01  6.39E-06  1.25E-01  2.76E-02  3.43E-02   0.8217
13989.00 .7148474    5.45E-06  1.07E-01  6.73E-06  1.32E-01  2.76E-02  3.43E-02   0.8106
13990.00 .7147963    5.52E-06  1.08E-01  6.83E-06  1.34E-01  2.76E-02  3.43E-02   0.8092
13991.00 .7147452    5.58E-06  1.09E-01  6.84E-06  1.34E-01  2.77E-02  3.43E-02   0.8158
13992.00 .7146941    5.57E-06  1.09E-01  6.84E-06  1.34E-01  2.77E-02  3.43E-02   0.8139
13993.00 .7146431    5.63E-06  1.10E-01  6.87E-06  1.35E-01  2.77E-02  3.43E-02   0.8202
13994.00 .7145920    5.70E-06  1.12E-01  6.93E-06  1.36E-01  2.77E-02  3.44E-02   0.8217
13995.00 .7145409    5.61E-06  1.10E-01  6.85E-06  1.34E-01  2.77E-02  3.44E-02   0.8187
13996.00 .7144899    5.37E-06  1.05E-01  6.83E-06  1.34E-01  2.77E-02  3.44E-02   0.7866
13997.00 .7144388    5.59E-06  1.09E-01  6.83E-06  1.34E-01  2.77E-02  3.44E-02   0.8180
13998.00 .7143878    5.57E-06  1.09E-01  6.84E-06  1.34E-01  2.77E-02  3.44E-02   0.8142
13999.00 .7143368    5.62E-06  1.10E-01  6.84E-06  1.34E-01  2.77E-02  3.44E-02   0.8208
14000.00 .7142857    5.62E-06  1.10E-01  6.92E-06  1.36E-01  2.77E-02  3.44E-02   0.8125
14001.00 .7142347    5.54E-06  1.09E-01  6.92E-06  1.36E-01  2.77E-02  3.44E-02   0.7996
14002.00 .7141837    5.68E-06  1.11E-01  6.91E-06  1.36E-01  2.77E-02  3.44E-02   0.8210
14003.00 .7141327    5.66E-06  1.11E-01  6.91E-06  1.36E-01  2.77E-02  3.44E-02   0.8194
14004.00 .7140817    5.70E-06  1.12E-01  6.92E-06  1.36E-01  2.77E-02  3.44E-02   0.8237
14005.00 .7140307    5.69E-06  1.12E-01  6.94E-06  1.36E-01  2.77E-02  3.44E-02   0.8197
14006.00 .7139797    5.63E-06  1.10E-01  6.95E-06  1.36E-01  2.77E-02  3.44E-02   0.8093
14007.00 .7139288    5.38E-06  1.06E-01  6.95E-06  1.36E-01  2.77E-02  3.44E-02   0.7745
14008.00 .7138778    5.67E-06  1.11E-01  6.91E-06  1.36E-01  2.77E-02  3.44E-02   0.8211
14009.00 .7138268    5.68E-06  1.11E-01  6.90E-06  1.35E-01  2.78E-02  3.45E-02   0.8235
14010.00 .7137759    5.68E-06  1.11E-01  6.91E-06  1.36E-01  2.78E-02  3.45E-02   0.8218
14011.00 .7137249    5.68E-06  1.11E-01  6.90E-06  1.36E-01  2.78E-02  3.45E-02   0.8222
14012.00 .7136740    5.67E-06  1.11E-01  6.91E-06  1.36E-01  2.78E-02  3.45E-02   0.8210
14013.00 .7136230    5.51E-06  1.08E-01  6.88E-06  1.35E-01  2.78E-02  3.45E-02   0.8011
14014.00 .7135721    5.59E-06  1.10E-01  6.81E-06  1.34E-01  2.78E-02  3.45E-02   0.8202
14015.00 .7135212    5.57E-06  1.09E-01  6.79E-06  1.33E-01  2.78E-02  3.45E-02   0.8215
14016.00 .7134703    5.54E-06  1.09E-01  6.78E-06  1.33E-01  2.78E-02  3.45E-02   0.8174
14017.00 .7134194    5.48E-06  1.08E-01  6.69E-06  1.32E-01  2.78E-02  3.45E-02   0.8180
14018.00 .7133685    5.33E-06  1.05E-01  6.56E-06  1.29E-01  2.78E-02  3.45E-02   0.8124
14019.00 .7133176    5.33E-06  1.05E-01  6.55E-06  1.29E-01  2.78E-02  3.45E-02   0.8143
14020.00 .7132668    5.31E-06  1.04E-01  6.54E-06  1.29E-01  2.78E-02  3.45E-02   0.8112
14021.00 .7132159    5.28E-06  1.04E-01  6.51E-06  1.28E-01  2.78E-02  3.45E-02   0.8112
14022.00 .7131650    5.36E-06  1.05E-01  6.60E-06  1.30E-01  2.78E-02  3.45E-02   0.8112
14023.00 .7131141    5.47E-06  1.07E-01  6.80E-06  1.34E-01  2.78E-02  3.46E-02   0.8043
14024.00 .7130633    5.60E-06  1.10E-01  6.84E-06  1.34E-01  2.78E-02  3.46E-02   0.8187
14025.00 .7130125    5.45E-06  1.07E-01  6.85E-06  1.35E-01  2.78E-02  3.46E-02   0.7955
14026.00 .7129616    5.59E-06  1.10E-01  6.89E-06  1.35E-01  2.78E-02  3.46E-02   0.8117
14027.00 .7129108    5.64E-06  1.11E-01  6.87E-06  1.35E-01  2.79E-02  3.46E-02   0.8206
14028.00 .7128600    5.64E-06  1.11E-01  6.85E-06  1.35E-01  2.79E-02  3.46E-02   0.8231
14029.00 .7128092    5.59E-06  1.10E-01  6.82E-06  1.34E-01  2.79E-02  3.46E-02   0.8191

                      IRRADIANCE (WATTS/CM2-XXXX)

   FREQ  WAVELENGTH      TRANSMITTED           SOLAR           INTEGRATED         TOTAL
  (CM-1) (MICRON)     (CM-1)    (MICRN)   (CM-1)    (MICRN)   TRANS.    SOLAR     TRANS
14030.00 .7127584    5.59E-06  1.10E-01  6.83E-06  1.34E-01  2.79E-02  3.46E-02   0.8192
14031.00 .7127076    5.59E-06  1.10E-01  6.83E-06  1.35E-01  2.79E-02  3.46E-02   0.8181
14032.00 .7126568    5.63E-06  1.11E-01  6.85E-06  1.35E-01  2.79E-02  3.46E-02   0.8214
14033.00 .7126060    5.59E-06  1.10E-01  6.87E-06  1.35E-01  2.79E-02  3.46E-02   0.8139
14034.00 .7125552    5.67E-06  1.12E-01  6.89E-06  1.36E-01  2.79E-02  3.46E-02   0.8226
14035.00 .7125044    5.48E-06  1.08E-01  6.66E-06  1.31E-01  2.79E-02  3.46E-02   0.8221
14036.00 .7124537    5.31E-06  1.05E-01  6.62E-06  1.30E-01  2.79E-02  3.46E-02   0.8025
14037.00 .7124029    5.43E-06  1.07E-01  6.63E-06  1.31E-01  2.79E-02  3.46E-02   0.8189
14038.00 .7123522    5.41E-06  1.07E-01  6.62E-06  1.30E-01  2.79E-02  3.47E-02   0.8166
14039.00 .7123014    5.47E-06  1.08E-01  6.65E-06  1.31E-01  2.79E-02  3.47E-02   0.8229
14040.00 .7122507    5.65E-06  1.11E-01  6.86E-06  1.35E-01  2.79E-02  3.47E-02   0.8227
14041.00 .7122000    5.62E-06  1.11E-01  6.90E-06  1.36E-01  2.79E-02  3.47E-02   0.8142
14042.00 .7121493    5.59E-06  1.10E-01  6.89E-06  1.36E-01  2.79E-02  3.47E-02   0.8118
14043.00 .7120985    5.62E-06  1.11E-01  6.85E-06  1.35E-01  2.79E-02  3.47E-02   0.8206
14044.00 .7120479    5.38E-06  1.06E-01  6.86E-06  1.35E-01  2.79E-02  3.47E-02   0.7844
14045.00 .7119972    5.59E-06  1.10E-01  6.85E-06  1.35E-01  2.79E-02  3.47E-02   0.8170
14046.00 .7119465    5.62E-06  1.11E-01  6.83E-06  1.35E-01  2.80E-02  3.47E-02   0.8221
14047.00 .7118958    5.62E-06  1.11E-01  6.83E-06  1.35E-01  2.80E-02  3.47E-02   0.8224
14048.00 .7118451    5.62E-06  1.11E-01  6.85E-06  1.35E-01  2.80E-02  3.47E-02   0.8203
14049.00 .7117944    5.57E-06  1.10E-01  6.82E-06  1.35E-01  2.80E-02  3.47E-02   0.8176
14050.00 .7117438    5.50E-06  1.09E-01  6.81E-06  1.35E-01  2.80E-02  3.47E-02   0.8075
14051.00 .7116931    5.60E-06  1.11E-01  6.82E-06  1.35E-01  2.80E-02  3.47E-02   0.8219
14052.00 .7116424    5.56E-06  1.10E-01  6.78E-06  1.34E-01  2.80E-02  3.47E-02   0.8208
14053.00 .7115918    5.46E-06  1.08E-01  6.74E-06  1.33E-01  2.80E-02  3.48E-02   0.8104
14054.00 .7115412    5.54E-06  1.09E-01  6.75E-06  1.33E-01  2.80E-02  3.48E-02   0.8212
14055.00 .7114906    5.53E-06  1.09E-01  6.73E-06  1.33E-01  2.80E-02  3.48E-02   0.8217
14056.00 .7114400    5.49E-06  1.08E-01  6.68E-06  1.32E-01  2.80E-02  3.48E-02   0.8219
14057.00 .7113894    5.36E-06  1.06E-01  6.64E-06  1.31E-01  2.80E-02  3.48E-02   0.8076
14058.00 .7113388    5.42E-06  1.07E-01  6.69E-06  1.32E-01  2.80E-02  3.48E-02   0.8100
14059.00 .7112882    5.50E-06  1.09E-01  6.74E-06  1.33E-01  2.80E-02  3.48E-02   0.8167
14060.00 .7112375    5.54E-06  1.10E-01  6.80E-06  1.34E-01  2.80E-02  3.48E-02   0.8145
14061.00 .7111869    5.59E-06  1.10E-01  6.84E-06  1.35E-01  2.80E-02  3.48E-02   0.8171
14062.00 .7111364    5.57E-06  1.10E-01  6.92E-06  1.37E-01  2.80E-02  3.48E-02   0.8059
14063.00 .7110859    5.61E-06  1.11E-01  6.91E-06  1.37E-01  2.80E-02  3.48E-02   0.8113
14064.00 .7110353    5.60E-06  1.11E-01  6.83E-06  1.35E-01  2.81E-02  3.48E-02   0.8197
14065.00 .7109847    5.56E-06  1.10E-01  6.82E-06  1.35E-01  2.81E-02  3.48E-02   0.8154
14066.00 .7109342    5.62E-06  1.11E-01  6.84E-06  1.35E-01  2.81E-02  3.48E-02   0.8208
14067.00 .7108836    5.58E-06  1.10E-01  6.82E-06  1.35E-01  2.81E-02  3.48E-02   0.8173
14068.00 .7108331    5.35E-06  1.06E-01  6.84E-06  1.35E-01  2.81E-02  3.49E-02   0.7822
14069.00 .7107826    5.61E-06  1.11E-01  6.92E-06  1.37E-01  2.81E-02  3.49E-02   0.8107
14070.00 .7107320    5.66E-06  1.12E-01  6.94E-06  1.37E-01  2.81E-02  3.49E-02   0.8153
14071.00 .7106816    5.69E-06  1.13E-01  6.94E-06  1.37E-01  2.81E-02  3.49E-02   0.8195
14072.00 .7106310    5.67E-06  1.12E-01  6.95E-06  1.38E-01  2.81E-02  3.49E-02   0.8159
14073.00 .7105805    5.64E-06  1.12E-01  6.95E-06  1.38E-01  2.81E-02  3.49E-02   0.8116
14074.00 .7105300    5.64E-06  1.12E-01  6.95E-06  1.38E-01  2.81E-02  3.49E-02   0.8124
14075.00 .7104796    5.69E-06  1.13E-01  6.93E-06  1.37E-01  2.81E-02  3.49E-02   0.8205
14076.00 .7104291    5.55E-06  1.10E-01  6.93E-06  1.37E-01  2.81E-02  3.49E-02   0.8007
14077.00 .7103786    5.65E-06  1.12E-01  6.95E-06  1.38E-01  2.81E-02  3.49E-02   0.8134
14078.00 .7103282    5.67E-06  1.12E-01  6.93E-06  1.37E-01  2.81E-02  3.49E-02   0.8176
14079.00 .7102777    5.59E-06  1.11E-01  6.93E-06  1.37E-01  2.81E-02  3.49E-02   0.8063

                      IRRADIANCE (WATTS/CM2-XXXX)

   FREQ  WAVELENGTH      TRANSMITTED           SOLAR           INTEGRATED         TOTAL
  (CM-1) (MICRON)     (CM-1)    (MICRN)   (CM-1)    (MICRN)   TRANS.    SOLAR     TRANS
14080.00 .7102273    5.62E-06  1.11E-01  6.95E-06  1.38E-01  2.81E-02  3.49E-02   0.8095
14081.00 .7101768    5.65E-06  1.12E-01  6.94E-06  1.38E-01  2.82E-02  3.49E-02   0.8133
14082.00 .7101264    5.58E-06  1.11E-01  6.94E-06  1.38E-01  2.82E-02  3.50E-02   0.8049
14083.00 .7100760    5.58E-06  1.11E-01  6.95E-06  1.38E-01  2.82E-02  3.50E-02   0.8038
14084.00 .7100255    5.65E-06  1.12E-01  6.91E-06  1.37E-01  2.82E-02  3.50E-02   0.8177
14085.00 .7099751    5.56E-06  1.10E-01  6.89E-06  1.37E-01  2.82E-02  3.50E-02   0.8072
14086.00 .7099248    5.62E-06  1.12E-01  6.89E-06  1.37E-01  2.82E-02  3.50E-02   0.8165
14087.00 .7098743    5.59E-06  1.11E-01  6.87E-06  1.36E-01  2.82E-02  3.50E-02   0.8127
14088.00 .7098240    5.55E-06  1.10E-01  6.80E-06  1.35E-01  2.82E-02  3.50E-02   0.8162
14089.00 .7097736    5.48E-06  1.09E-01  6.81E-06  1.35E-01  2.82E-02  3.50E-02   0.8053
14090.00 .7097232    5.59E-06  1.11E-01  6.83E-06  1.36E-01  2.82E-02  3.50E-02   0.8188
14091.00 .7096729    5.53E-06  1.10E-01  6.84E-06  1.36E-01  2.82E-02  3.50E-02   0.8092
14092.00 .7096225    5.52E-06  1.10E-01  6.85E-06  1.36E-01  2.82E-02  3.50E-02   0.8065
14093.00 .7095721    5.64E-06  1.12E-01  6.91E-06  1.37E-01  2.82E-02  3.50E-02   0.8155
14094.00 .7095218    5.60E-06  1.11E-01  6.92E-06  1.37E-01  2.82E-02  3.50E-02   0.8092
14095.00 .7094715    5.64E-06  1.12E-01  6.88E-06  1.37E-01  2.82E-02  3.50E-02   0.8197
14096.00 .7094211    5.63E-06  1.12E-01  6.87E-06  1.36E-01  2.82E-02  3.50E-02   0.8194
14097.00 .7093708    5.60E-06  1.11E-01  6.83E-06  1.36E-01  2.82E-02  3.51E-02   0.8205
14098.00 .7093205    5.37E-06  1.07E-01  6.67E-06  1.33E-01  2.82E-02  3.51E-02   0.8045
14099.00 .7092702    5.36E-06  1.07E-01  6.60E-06  1.31E-01  2.83E-02  3.51E-02   0.8125
14100.00 .7092199    5.43E-06  1.08E-01  6.63E-06  1.32E-01  2.83E-02  3.51E-02   0.8189
14101.00 .7091696    5.38E-06  1.07E-01  6.64E-06  1.32E-01  2.83E-02  3.51E-02   0.8100
14102.00 .7091193    5.44E-06  1.08E-01  6.68E-06  1.33E-01  2.83E-02  3.51E-02   0.8144
14103.00 .7090690    5.57E-06  1.11E-01  6.86E-06  1.37E-01  2.83E-02  3.51E-02   0.8122
14104.00 .7090187    5.26E-06  1.05E-01  6.93E-06  1.38E-01  2.83E-02  3.51E-02   0.7592
14105.00 .7089685    5.61E-06  1.12E-01  6.89E-06  1.37E-01  2.83E-02  3.51E-02   0.8143
14106.00 .7089182    5.65E-06  1.12E-01  6.89E-06  1.37E-01  2.83E-02  3.51E-02   0.8197
14107.00 .7088680    5.63E-06  1.12E-01  6.87E-06  1.37E-01  2.83E-02  3.51E-02   0.8194
14108.00 .7088177    5.43E-06  1.08E-01  6.77E-06  1.35E-01  2.83E-02  3.51E-02   0.8018
14109.00 .7087675    5.42E-06  1.08E-01  6.63E-06  1.32E-01  2.83E-02  3.51E-02   0.8179
14110.00 .7087172    5.41E-06  1.08E-01  6.60E-06  1.31E-01  2.83E-02  3.51E-02   0.8190
14111.00 .7086670    5.31E-06  1.06E-01  6.56E-06  1.31E-01  2.83E-02  3.52E-02   0.8097
14112.00 .7086168    5.34E-06  1.06E-01  6.53E-06  1.30E-01  2.83E-02  3.52E-02   0.8183
14113.00 .7085665    5.42E-06  1.08E-01  6.62E-06  1.32E-01  2.83E-02  3.52E-02   0.8193
14114.00 .7085164    5.55E-06  1.10E-01  6.77E-06  1.35E-01  2.83E-02  3.52E-02   0.8199
14115.00 .7084662    5.55E-06  1.11E-01  6.85E-06  1.36E-01  2.83E-02  3.52E-02   0.8101
14116.00 .7084160    5.61E-06  1.12E-01  6.89E-06  1.37E-01  2.83E-02  3.52E-02   0.8131
14117.00 .7083658    5.69E-06  1.13E-01  6.95E-06  1.38E-01  2.83E-02  3.52E-02   0.8191
14118.00 .7083156    5.58E-06  1.11E-01  6.96E-06  1.39E-01  2.84E-02  3.52E-02   0.8016
14119.00 .7082655    5.69E-06  1.13E-01  6.96E-06  1.39E-01  2.84E-02  3.52E-02   0.8177
14120.00 .7082153    5.69E-06  1.14E-01  6.96E-06  1.39E-01  2.84E-02  3.52E-02   0.8185
14121.00 .7081652    5.44E-06  1.09E-01  6.96E-06  1.39E-01  2.84E-02  3.52E-02   0.7825
14122.00 .7081150    5.64E-06  1.12E-01  6.96E-06  1.39E-01  2.84E-02  3.52E-02   0.8096
14123.00 .7080649    5.51E-06  1.10E-01  6.96E-06  1.39E-01  2.84E-02  3.52E-02   0.7915
14124.00 .7080147    5.41E-06  1.08E-01  6.96E-06  1.39E-01  2.84E-02  3.52E-02   0.7769
14125.00 .7079646    5.47E-06  1.09E-01  6.96E-06  1.39E-01  2.84E-02  3.52E-02   0.7848
14126.00 .7079145    5.68E-06  1.13E-01  6.96E-06  1.39E-01  2.84E-02  3.53E-02   0.8161
14127.00 .7078643    5.68E-06  1.13E-01  6.96E-06  1.39E-01  2.84E-02  3.53E-02   0.8170
14128.00 .7078143    5.63E-06  1.12E-01  6.95E-06  1.39E-01  2.84E-02  3.53E-02   0.8100
14129.00 .7077641    5.64E-06  1.13E-01  6.95E-06  1.39E-01  2.84E-02  3.53E-02   0.8106

                      IRRADIANCE (WATTS/CM2-XXXX)

   FREQ  WAVELENGTH      TRANSMITTED           SOLAR           INTEGRATED         TOTAL
  (CM-1) (MICRON)     (CM-1)    (MICRN)   (CM-1)    (MICRN)   TRANS.    SOLAR     TRANS
14130.00 .7077141    5.58E-06  1.11E-01  6.96E-06  1.39E-01  2.84E-02  3.53E-02   0.8016
14131.00 .7076640    5.60E-06  1.12E-01  6.96E-06  1.39E-01  2.84E-02  3.53E-02   0.8042
14132.00 .7076139    5.69E-06  1.14E-01  6.95E-06  1.39E-01  2.84E-02  3.53E-02   0.8184
14133.00 .7075639    5.54E-06  1.11E-01  6.90E-06  1.38E-01  2.84E-02  3.53E-02   0.8019
14134.00 .7075138    5.61E-06  1.12E-01  6.88E-06  1.38E-01  2.84E-02  3.53E-02   0.8143
14135.00 .7074637    5.48E-06  1.09E-01  6.80E-06  1.36E-01  2.85E-02  3.53E-02   0.8059
14136.00 .7074137    5.41E-06  1.08E-01  6.78E-06  1.36E-01  2.85E-02  3.53E-02   0.7973
14137.00 .7073637    5.49E-06  1.10E-01  6.80E-06  1.36E-01  2.85E-02  3.53E-02   0.8079
14138.00 .7073136    5.57E-06  1.11E-01  6.82E-06  1.36E-01  2.85E-02  3.53E-02   0.8172
14139.00 .7072636    5.45E-06  1.09E-01  6.72E-06  1.34E-01  2.85E-02  3.53E-02   0.8103
14140.00 .7072136    5.52E-06  1.10E-01  6.76E-06  1.35E-01  2.85E-02  3.54E-02   0.8159
14141.00 .7071636    5.40E-06  1.08E-01  6.62E-06  1.32E-01  2.85E-02  3.54E-02   0.8154
14142.00 .7071136    5.23E-06  1.05E-01  6.40E-06  1.28E-01  2.85E-02  3.54E-02   0.8160
14143.00 .7070636    5.12E-06  1.03E-01  6.37E-06  1.28E-01  2.85E-02  3.54E-02   0.8039
14144.00 .7070135    5.29E-06  1.06E-01  6.48E-06  1.30E-01  2.85E-02  3.54E-02   0.8160
14145.00 .7069636    5.24E-06  1.05E-01  6.51E-06  1.30E-01  2.85E-02  3.54E-02   0.8049
14146.00 .7069136    5.39E-06  1.08E-01  6.63E-06  1.33E-01  2.85E-02  3.54E-02   0.8135
14147.00 .7068636    5.49E-06  1.10E-01  6.84E-06  1.37E-01  2.85E-02  3.54E-02   0.8028
14148.00 .7068137    5.55E-06  1.11E-01  6.89E-06  1.38E-01  2.85E-02  3.54E-02   0.8057
14149.00 .7067637    5.23E-06  1.05E-01  6.90E-06  1.38E-01  2.85E-02  3.54E-02   0.7580
14150.00 .7067138    5.63E-06  1.13E-01  6.91E-06  1.38E-01  2.85E-02  3.54E-02   0.8158
14151.00 .7066638    5.50E-06  1.10E-01  6.93E-06  1.39E-01  2.85E-02  3.54E-02   0.7937
14152.00 .7066139    5.63E-06  1.13E-01  6.92E-06  1.39E-01  2.85E-02  3.54E-02   0.8140
14153.00 .7065639    5.61E-06  1.12E-01  6.90E-06  1.38E-01  2.85E-02  3.54E-02   0.8121
14154.00 .7065141    5.41E-06  1.08E-01  6.89E-06  1.38E-01  2.86E-02  3.54E-02   0.7842
14155.00 .7064642    5.58E-06  1.12E-01  6.90E-06  1.38E-01  2.86E-02  3.55E-02   0.8077
14156.00 .7064142    5.62E-06  1.13E-01  6.90E-06  1.38E-01  2.86E-02  3.55E-02   0.8143
14157.00 .7063643    5.41E-06  1.08E-01  6.87E-06  1.38E-01  2.86E-02  3.55E-02   0.7873
14158.00 .7063144    5.54E-06  1.11E-01  6.80E-06  1.36E-01  2.86E-02  3.55E-02   0.8144
14159.00 .7062646    5.41E-06  1.09E-01  6.79E-06  1.36E-01  2.86E-02  3.55E-02   0.7975
14160.00 .7062147    5.40E-06  1.08E-01  6.78E-06  1.36E-01  2.86E-02  3.55E-02   0.7960
14161.00 .7061648    5.48E-06  1.10E-01  6.79E-06  1.36E-01  2.86E-02  3.55E-02   0.8071
14162.00 .7061149    5.54E-06  1.11E-01  6.78E-06  1.36E-01  2.86E-02  3.55E-02   0.8168
14163.00 .7060651    5.50E-06  1.10E-01  6.86E-06  1.38E-01  2.86E-02  3.55E-02   0.8018
14164.00 .7060152    5.40E-06  1.08E-01  6.87E-06  1.38E-01  2.86E-02  3.55E-02   0.7867
14165.00 .7059654    5.59E-06  1.12E-01  6.86E-06  1.38E-01  2.86E-02  3.55E-02   0.8149
14166.00 .7059156    5.16E-06  1.04E-01  6.80E-06  1.36E-01  2.86E-02  3.55E-02   0.7599
14167.00 .7058657    5.46E-06  1.09E-01  6.79E-06  1.36E-01  2.86E-02  3.55E-02   0.8038
14168.00 .7058159    5.49E-06  1.10E-01  6.79E-06  1.36E-01  2.86E-02  3.55E-02   0.8089
14169.00 .7057661    5.52E-06  1.11E-01  6.79E-06  1.36E-01  2.86E-02  3.55E-02   0.8120
14170.00 .7057163    5.54E-06  1.11E-01  6.79E-06  1.36E-01  2.86E-02  3.56E-02   0.8161
14171.00 .7056665    5.45E-06  1.09E-01  6.85E-06  1.38E-01  2.86E-02  3.56E-02   0.7956
14172.00 .7056167    5.63E-06  1.13E-01  6.89E-06  1.38E-01  2.87E-02  3.56E-02   0.8168
14173.00 .7055669    5.49E-06  1.10E-01  6.81E-06  1.37E-01  2.87E-02  3.56E-02   0.8061
14174.00 .7055172    5.51E-06  1.11E-01  6.78E-06  1.36E-01  2.87E-02  3.56E-02   0.8137
14175.00 .7054673    4.86E-06  9.77E-02  6.79E-06  1.36E-01  2.87E-02  3.56E-02   0.7162
14176.00 .7054176    5.34E-06  1.07E-01  6.80E-06  1.37E-01  2.87E-02  3.56E-02   0.7861
14177.00 .7053679    5.48E-06  1.10E-01  6.81E-06  1.37E-01  2.87E-02  3.56E-02   0.8045
14178.00 .7053181    5.53E-06  1.11E-01  6.90E-06  1.39E-01  2.87E-02  3.56E-02   0.8012
14179.00 .7052684    5.05E-06  1.02E-01  6.95E-06  1.40E-01  2.87E-02  3.56E-02   0.7274

                      IRRADIANCE (WATTS/CM2-XXXX)

   FREQ  WAVELENGTH      TRANSMITTED           SOLAR           INTEGRATED         TOTAL
  (CM-1) (MICRON)     (CM-1)    (MICRN)   (CM-1)    (MICRN)   TRANS.    SOLAR     TRANS
14180.00 .7052186    5.53E-06  1.11E-01  6.96E-06  1.40E-01  2.87E-02  3.56E-02   0.7951
14181.00 .7051689    5.67E-06  1.14E-01  6.96E-06  1.40E-01  2.87E-02  3.56E-02   0.8156
14182.00 .7051192    5.60E-06  1.13E-01  6.96E-06  1.40E-01  2.87E-02  3.56E-02   0.8052
14183.00 .7050694    5.66E-06  1.14E-01  6.96E-06  1.40E-01  2.87E-02  3.56E-02   0.8132
14184.00 .7050197    5.58E-06  1.12E-01  6.96E-06  1.40E-01  2.87E-02  3.57E-02   0.8021
14185.00 .7049701    5.67E-06  1.14E-01  6.96E-06  1.40E-01  2.87E-02  3.57E-02   0.8149
14186.00 .7049204    5.56E-06  1.12E-01  6.96E-06  1.40E-01  2.87E-02  3.57E-02   0.7993
14187.00 .7048706    5.38E-06  1.08E-01  6.95E-06  1.40E-01  2.87E-02  3.57E-02   0.7742
14188.00 .7048210    5.66E-06  1.14E-01  6.93E-06  1.39E-01  2.87E-02  3.57E-02   0.8161
14189.00 .7047713    5.59E-06  1.13E-01  6.85E-06  1.38E-01  2.87E-02  3.57E-02   0.8169
14190.00 .7047216    5.56E-06  1.12E-01  6.83E-06  1.38E-01  2.88E-02  3.57E-02   0.8141
14191.00 .7046720    5.53E-06  1.11E-01  6.83E-06  1.38E-01  2.88E-02  3.57E-02   0.8091
14192.00 .7046223    5.48E-06  1.10E-01  6.84E-06  1.38E-01  2.88E-02  3.57E-02   0.8019
14193.00 .7045727    5.53E-06  1.11E-01  6.86E-06  1.38E-01  2.88E-02  3.57E-02   0.8064
14194.00 .7045230    5.62E-06  1.13E-01  6.94E-06  1.40E-01  2.88E-02  3.57E-02   0.8107
14195.00 .7044734    5.67E-06  1.14E-01  6.95E-06  1.40E-01  2.88E-02  3.57E-02   0.8154
14196.00 .7044238    5.63E-06  1.13E-01  6.94E-06  1.40E-01  2.88E-02  3.57E-02   0.8109
14197.00 .7043741    5.44E-06  1.10E-01  6.95E-06  1.40E-01  2.88E-02  3.57E-02   0.7837
14198.00 .7043245    5.65E-06  1.14E-01  6.95E-06  1.40E-01  2.88E-02  3.57E-02   0.8137
14199.00 .7042750    5.64E-06  1.14E-01  6.95E-06  1.40E-01  2.88E-02  3.58E-02   0.8114
14200.00 .7042254    5.62E-06  1.13E-01  6.93E-06  1.40E-01  2.88E-02  3.58E-02   0.8105
14201.00 .7041758    4.58E-06  9.24E-02  6.82E-06  1.38E-01  2.88E-02  3.58E-02   0.6720
14202.00 .7041262    5.10E-06  1.03E-01  6.63E-06  1.34E-01  2.88E-02  3.58E-02   0.7682
14203.00 .7040766    5.33E-06  1.07E-01  6.59E-06  1.33E-01  2.88E-02  3.58E-02   0.8082
14204.00 .7040271    5.36E-06  1.08E-01  6.58E-06  1.33E-01  2.88E-02  3.58E-02   0.8143
14205.00 .7039775    5.31E-06  1.07E-01  6.60E-06  1.33E-01  2.88E-02  3.58E-02   0.8039
14206.00 .7039279    4.60E-06  9.28E-02  6.72E-06  1.36E-01  2.88E-02  3.58E-02   0.6845
14207.00 .7038783    5.59E-06  1.13E-01  6.90E-06  1.39E-01  2.88E-02  3.58E-02   0.8093
14208.00 .7038288    5.63E-06  1.14E-01  6.92E-06  1.40E-01  2.88E-02  3.58E-02   0.8143
14209.00 .7037793    5.53E-06  1.12E-01  6.81E-06  1.37E-01  2.89E-02  3.58E-02   0.8124
14210.00 .7037297    5.52E-06  1.11E-01  6.77E-06  1.37E-01  2.89E-02  3.58E-02   0.8149
14211.00 .7036803    5.52E-06  1.11E-01  6.77E-06  1.37E-01  2.89E-02  3.58E-02   0.8157
14212.00 .7036307    5.51E-06  1.11E-01  6.76E-06  1.36E-01  2.89E-02  3.58E-02   0.8153
14213.00 .7035812    5.52E-06  1.12E-01  6.77E-06  1.37E-01  2.89E-02  3.58E-02   0.8161
14214.00 .7035317    5.62E-06  1.13E-01  6.88E-06  1.39E-01  2.89E-02  3.59E-02   0.8161
14215.00 .7034822    5.64E-06  1.14E-01  6.91E-06  1.40E-01  2.89E-02  3.59E-02   0.8160
14216.00 .7034327    5.60E-06  1.13E-01  6.90E-06  1.39E-01  2.89E-02  3.59E-02   0.8116
14217.00 .7033833    5.56E-06  1.12E-01  6.84E-06  1.38E-01  2.89E-02  3.59E-02   0.8129
14218.00 .7033338    5.58E-06  1.13E-01  6.84E-06  1.38E-01  2.89E-02  3.59E-02   0.8152
14219.00 .7032843    5.56E-06  1.12E-01  6.82E-06  1.38E-01  2.89E-02  3.59E-02   0.8149
14220.00 .7032349    5.49E-06  1.11E-01  6.81E-06  1.38E-01  2.89E-02  3.59E-02   0.8052
14221.00 .7031854    5.45E-06  1.10E-01  6.75E-06  1.37E-01  2.89E-02  3.59E-02   0.8070
14222.00 .7031360    5.45E-06  1.10E-01  6.74E-06  1.36E-01  2.89E-02  3.59E-02   0.8090
14223.00 .7030866    5.36E-06  1.08E-01  6.73E-06  1.36E-01  2.89E-02  3.59E-02   0.7962
14224.00 .7030371    5.46E-06  1.11E-01  6.73E-06  1.36E-01  2.89E-02  3.59E-02   0.8121
14225.00 .7029877    5.01E-06  1.01E-01  6.73E-06  1.36E-01  2.89E-02  3.59E-02   0.7452
14226.00 .7029383    4.43E-06  8.96E-02  6.79E-06  1.37E-01  2.89E-02  3.59E-02   0.6516
14227.00 .7028888    4.96E-06  1.00E-01  6.86E-06  1.39E-01  2.90E-02  3.59E-02   0.7229
14228.00 .7028395    5.31E-06  1.07E-01  6.87E-06  1.39E-01  2.90E-02  3.60E-02   0.7723
14229.00 .7027901    5.55E-06  1.12E-01  6.86E-06  1.39E-01  2.90E-02  3.60E-02   0.8102

                      IRRADIANCE (WATTS/CM2-XXXX)

   FREQ  WAVELENGTH      TRANSMITTED           SOLAR           INTEGRATED         TOTAL
  (CM-1) (MICRON)     (CM-1)    (MICRN)   (CM-1)    (MICRN)   TRANS.    SOLAR     TRANS
14230.00 .7027407    5.48E-06  1.11E-01  6.74E-06  1.36E-01  2.90E-02  3.60E-02   0.8130
14231.00 .7026913    5.22E-06  1.06E-01  6.65E-06  1.35E-01  2.90E-02  3.60E-02   0.7852
14232.00 .7026419    5.34E-06  1.08E-01  6.60E-06  1.34E-01  2.90E-02  3.60E-02   0.8091
14233.00 .7025926    5.20E-06  1.05E-01  6.43E-06  1.30E-01  2.90E-02  3.60E-02   0.8088
14234.00 .7025432    4.27E-06  8.65E-02  6.44E-06  1.31E-01  2.90E-02  3.60E-02   0.6629
14235.00 .7024938    5.27E-06  1.07E-01  6.54E-06  1.33E-01  2.90E-02  3.60E-02   0.8065
14236.00 .7024445    5.14E-06  1.04E-01  6.64E-06  1.34E-01  2.90E-02  3.60E-02   0.7753
14237.00 .7023951    5.43E-06  1.10E-01  6.70E-06  1.36E-01  2.90E-02  3.60E-02   0.8112
14238.00 .7023458    5.51E-06  1.12E-01  6.88E-06  1.39E-01  2.90E-02  3.60E-02   0.8014
14239.00 .7022965    5.47E-06  1.11E-01  6.91E-06  1.40E-01  2.90E-02  3.60E-02   0.7917
14240.00 .7022472    5.48E-06  1.11E-01  6.94E-06  1.41E-01  2.90E-02  3.60E-02   0.7892
14241.00 .7021978    5.55E-06  1.13E-01  6.94E-06  1.41E-01  2.90E-02  3.60E-02   0.8002
14242.00 .7021486    5.38E-06  1.09E-01  6.94E-06  1.41E-01  2.90E-02  3.60E-02   0.7746
14243.00 .7020993    5.59E-06  1.13E-01  6.91E-06  1.40E-01  2.90E-02  3.61E-02   0.8085
14244.00 .7020500    5.42E-06  1.10E-01  6.77E-06  1.37E-01  2.90E-02  3.61E-02   0.8005
14245.00 .7020007    5.43E-06  1.10E-01  6.69E-06  1.36E-01  2.90E-02  3.61E-02   0.8125
14246.00 .7019514    5.06E-06  1.03E-01  6.45E-06  1.31E-01  2.91E-02  3.61E-02   0.7832
14247.00 .7019022    5.02E-06  1.02E-01  6.22E-06  1.26E-01  2.91E-02  3.61E-02   0.8062
14248.00 .7018529    4.01E-06  8.14E-02  6.22E-06  1.26E-01  2.91E-02  3.61E-02   0.6454
14249.00 .7018036    4.54E-06  9.21E-02  6.32E-06  1.28E-01  2.91E-02  3.61E-02   0.7183
14250.00 .7017544    5.02E-06  1.02E-01  6.39E-06  1.30E-01  2.91E-02  3.61E-02   0.7862
14251.00 .7017052    5.09E-06  1.03E-01  6.62E-06  1.34E-01  2.91E-02  3.61E-02   0.7680
14252.00 .7016559    5.55E-06  1.13E-01  6.85E-06  1.39E-01  2.91E-02  3.61E-02   0.8108
14253.00 .7016067    5.54E-06  1.13E-01  6.85E-06  1.39E-01  2.91E-02  3.61E-02   0.8081
14254.00 .7015575    5.41E-06  1.10E-01  6.73E-06  1.37E-01  2.91E-02  3.61E-02   0.8036
14255.00 .7015082    5.36E-06  1.09E-01  6.66E-06  1.35E-01  2.91E-02  3.61E-02   0.8042
14256.00 .7014591    5.37E-06  1.09E-01  6.64E-06  1.35E-01  2.91E-02  3.61E-02   0.8090
14257.00 .7014098    5.32E-06  1.08E-01  6.60E-06  1.34E-01  2.91E-02  3.61E-02   0.8062
14258.00 .7013606    5.33E-06  1.08E-01  6.61E-06  1.34E-01  2.91E-02  3.62E-02   0.8057
14259.00 .7013115    4.66E-06  9.47E-02  6.72E-06  1.37E-01  2.91E-02  3.62E-02   0.6927
14260.00 .7012623    5.38E-06  1.09E-01  6.79E-06  1.38E-01  2.91E-02  3.62E-02   0.7932
14261.00 .7012131    5.50E-06  1.12E-01  6.81E-06  1.39E-01  2.91E-02  3.62E-02   0.8068
14262.00 .7011639    5.24E-06  1.06E-01  6.85E-06  1.39E-01  2.91E-02  3.62E-02   0.7646
14263.00 .7011148    5.41E-06  1.10E-01  6.84E-06  1.39E-01  2.91E-02  3.62E-02   0.7918
14264.00 .7010656    5.55E-06  1.13E-01  6.84E-06  1.39E-01  2.91E-02  3.62E-02   0.8114
14265.00 .7010165    5.38E-06  1.10E-01  6.82E-06  1.39E-01  2.92E-02  3.62E-02   0.7894
14266.00 .7009673    5.44E-06  1.11E-01  6.80E-06  1.38E-01  2.92E-02  3.62E-02   0.7998
14267.00 .7009182    5.42E-06  1.10E-01  6.77E-06  1.38E-01  2.92E-02  3.62E-02   0.8005
14268.00 .7008691    5.31E-06  1.08E-01  6.70E-06  1.36E-01  2.92E-02  3.62E-02   0.7935
14269.00 .7008200    5.20E-06  1.06E-01  6.72E-06  1.37E-01  2.92E-02  3.62E-02   0.7739
14270.00 .7007709    5.19E-06  1.06E-01  6.67E-06  1.36E-01  2.92E-02  3.62E-02   0.7781
14271.00 .7007217    4.76E-06  9.69E-02  6.66E-06  1.36E-01  2.92E-02  3.62E-02   0.7143
14272.00 .7006726    4.40E-06  8.97E-02  6.61E-06  1.35E-01  2.92E-02  3.62E-02   0.6661
14273.00 .7006236    4.95E-06  1.01E-01  6.65E-06  1.35E-01  2.92E-02  3.63E-02   0.7450
14274.00 .7005745    5.41E-06  1.10E-01  6.67E-06  1.36E-01  2.92E-02  3.63E-02   0.8103
14275.00 .7005254    5.48E-06  1.12E-01  6.75E-06  1.38E-01  2.92E-02  3.63E-02   0.8117
14276.00 .7004763    5.43E-06  1.11E-01  6.77E-06  1.38E-01  2.92E-02  3.63E-02   0.8025
14277.00 .7004272    5.30E-06  1.08E-01  6.81E-06  1.39E-01  2.92E-02  3.63E-02   0.7771
14278.00 .7003782    5.53E-06  1.13E-01  6.84E-06  1.39E-01  2.92E-02  3.63E-02   0.8084
14279.00 .7003291    5.45E-06  1.11E-01  6.74E-06  1.38E-01  2.92E-02  3.63E-02   0.8079

                      IRRADIANCE (WATTS/CM2-XXXX)

   FREQ  WAVELENGTH      TRANSMITTED           SOLAR           INTEGRATED         TOTAL
  (CM-1) (MICRON)     (CM-1)    (MICRN)   (CM-1)    (MICRN)   TRANS.    SOLAR     TRANS
14280.00 .7002801    5.27E-06  1.08E-01  6.59E-06  1.34E-01  2.92E-02  3.63E-02   0.8000
14281.00 .7002311    5.31E-06  1.08E-01  6.57E-06  1.34E-01  2.92E-02  3.63E-02   0.8087
14282.00 .7001820    5.31E-06  1.08E-01  6.56E-06  1.34E-01  2.92E-02  3.63E-02   0.8100
14283.00 .7001330    5.18E-06  1.06E-01  6.60E-06  1.35E-01  2.92E-02  3.63E-02   0.7847
14284.00 .7000840    4.16E-06  8.48E-02  6.71E-06  1.37E-01  2.92E-02  3.63E-02   0.6198
14285.00 .7000350    5.44E-06  1.11E-01  6.86E-06  1.40E-01  2.93E-02  3.63E-02   0.7924
14286.00 .6999860    5.25E-06  1.07E-01  6.88E-06  1.41E-01  2.93E-02  3.63E-02   0.7626
14287.00 .6999370    5.61E-06  1.15E-01  6.92E-06  1.41E-01  2.93E-02  3.63E-02   0.8104
14288.00 .6998880    5.59E-06  1.14E-01  6.93E-06  1.41E-01  2.93E-02  3.64E-02   0.8067
14289.00 .6998391    5.62E-06  1.15E-01  6.93E-06  1.41E-01  2.93E-02  3.64E-02   0.8115
14290.00 .6997901    5.60E-06  1.14E-01  6.92E-06  1.41E-01  2.93E-02  3.64E-02   0.8090
14291.00 .6997411    5.62E-06  1.15E-01  6.92E-06  1.41E-01  2.93E-02  3.64E-02   0.8116
14292.00 .6996921    5.60E-06  1.14E-01  6.93E-06  1.42E-01  2.93E-02  3.64E-02   0.8089
14293.00 .6996432    5.36E-06  1.09E-01  6.92E-06  1.41E-01  2.93E-02  3.64E-02   0.7749
14294.00 .6995943    4.88E-06  9.98E-02  6.89E-06  1.41E-01  2.93E-02  3.64E-02   0.7091
14295.00 .6995453    4.69E-06  9.58E-02  6.89E-06  1.41E-01  2.93E-02  3.64E-02   0.6806
14296.00 .6994964    5.38E-06  1.10E-01  6.89E-06  1.41E-01  2.93E-02  3.64E-02   0.7801
14297.00 .6994475    5.56E-06  1.14E-01  6.89E-06  1.41E-01  2.93E-02  3.64E-02   0.8075
14298.00 .6993985    5.57E-06  1.14E-01  6.90E-06  1.41E-01  2.93E-02  3.64E-02   0.8073
14299.00 .6993496    5.47E-06  1.12E-01  6.93E-06  1.42E-01  2.93E-02  3.64E-02   0.7898
14300.00 .6993007    5.40E-06  1.10E-01  6.92E-06  1.42E-01  2.93E-02  3.64E-02   0.7804

 INTEGRATED ABSORPTION FROM  9080.00 TO 14300.00 CM-1 =   1016.7548 CM-1
 AVERAGE TRANSMITTANCE = 0.8052

VOIGT SINGLE LINE SPECTRAL BIN TRANSMITTANCES ARE COMPUTED FROM AN INFINITE SERIES OF MODIFIED
BESSEL FUNCTIONS OF THE FIRST KIND TRUNCATED AFTER AT MOST 8 TERMS (I7).  THE MAXIMUM MAGNITUDE
OF THE 8th TERM WAS  0.00536 AND THIS VALUE OCCURRED AT SPECTRAL FREQUENCY 10590.00 CM-1.

 INTEGRATED IRRADIANCE =  2.9333E-02 WATTS CM-2 (FROM  9080.00 TO 14300.00 CM-1)
 MINIMUM IRRADIANCE    =  1.3246E-09 WATTS CM-2 AT10688.00 CM-1
 MAXIMUM IRRADIANCE    =  6.6371E-06 WATTS CM-2 AT 9727.00 CM-1

 Spectrum will be convolved using a  TRIANGULAR  slit.
 CONVOLVED SPECTRA ARE IN FILES PLTOUT.SCN (OR *.PSC) AND TAPE7.SCN (OR *.7SC)
 BANDPASS FOR CONVOLVING =  9090.91 TO 14285.71 CM-1.
 UNCONVOLVED INTEGRATED IRRADIANCE:   2.91933E-02 W CM-2
 CONVOLVED   INTEGRATED IRRADIANCE:   2.91694E-02 W CM-2

 CARD 5 *****    0   0       0.  0       0.  0       1.
