
 ********************************************************
 *                                                      *
 *  MODTRAN(R)svn-branch-5.2.1                          *
 *                                                      *
 *  Developed collaboratively by SPECTRAL SCIENCES,     *
 *  INC. (www.spectral.com) and the AIR FORCE RESEARCH  *
 *  LABORATORY (www.vs.afrl.af.mil/Division/VSBYB)      *
 *                                                      *
 *  Please address questions/comments to                *
 *  modtran@spectral.com and/or Gail.Anderson@noaa.gov  *
 *                                                      *
 ********************************************************

 CARD 1  *****T F 2    2    2    0    2    2    2    2    2    2    1    0    0   0.0000.00000

 PROGRAM WILL COMPUTE RADIANCE + SOLAR SCATTER

 ATMOSPHERIC MODEL
         TEMPERATURE =    2     MID-LATITUDE SUMMER 
         WATER VAPOR =    2     MID-LATITUDE SUMMER 
         OZONE       =    2     MID-LATITUDE SUMMER 
                      M4 =     2 M5 =     2 M6 =     2 MDEF =     1

 CARD 1A *****FFF  1 0.0 360.00000  0.000000  0.0000000F F F F F     0.000    0.0000    0.0000    0.0000    0.0000         0

 MOLECULAR BAND MODEL DATA FILES
 -------------------------------
 DATA/01_2009c.bn4
 DATA/01_2009t.bin

 CFC BAND MODEL DATA FILE:               DATA/CFC04_01.ASC                                                                                                                                                                                                                                               

 Version 2.4 of the Clough-Kneizys Water Continuum Data from LBLRTM (24mar2000).

 CARD 2  *****    1    0    1    0    0    0  50.00000   0.00000   0.00000   0.00000   0.00000

 MODEL ATMOSPHERE NO.  2

 *** OZONE DENSITIES ARE BEING SCALED BY   1.00000
     THE ORIGINAL VERTICAL COLUMN CONTAINED   7.10288 GM / M2 OF OZONE
     THE CURRENT  VERTICAL COLUMM CONTAINS    7.10288 GM / M2 OF OZONE

 *** THE WATER PROFILE WAS DECREASED TO FIT THE INPUT WATER COLUMN VALUE
     INITIAL:   2.92236 GM / CM2
     INPUT:     2.92236 GM / CM2
     FINAL:     2.92236 GM / CM2

 AEROSOL MODEL
     REGIME                      AEROSOL TYPE             PROFILE                  SEASON
     -----------------------     --------------------     --------------------     --------------------
     BOUNDARY LAYER (0-2KM)      RURAL                    50.00 KM METEOROLOGICAL_RANGE_AT_SEA_LEVEL
     TROPOSPHERE  (2-10KM)       TROPOSPHERIC             TROPOSPHERIC             SPRING-SUMMER       
     STRATOSPHERE (10-30KM)      BCKGD_STRATOSPHERIC      BCKGD_STRATOSPHERIC      SPRING-SUMMER       
     UPPER ATMOS (30-100KM)      METEORIC DUST            NORMAL              

 CARD 3  *****   3.00000   3.00000   0.00000   1.00000   0.00000   0.00000    0        0.00000

     6371.23  RADIUS OF THE EARTH [KM].

 SLANT PATH, H1ALT TO H2ALT
          H1ALT  =    3.00000 KM
          H2ALT  =    3.00000 KM
          OBSZEN =    0.00000 DEG
          HRANGE =    1.00000 KM
          BETA   =    0.00000 DEG
          BCKZEN =    0.00000 DEG
          LENN   =      0

 CARD 3A1*****    2    0  172    0

 CARD 3A2*****  90.00000  20.00000   0.00000   0.00000   0.00000   0.00000   0.00000   0.00000

 SINGLE SCATTERING CONTROL PARAMETERS SUMMARY

          RELATIVE AZIMUTH AT H1ALT =       90.0000 DEG EAST OF NORTH
          SOLAR ZENITH AT H1ALT =           20.0000 DEG
          TIME (<0 UNDEF) =                        0.0000 GREENWICH TIME
          PATH AZIMUTH (FROM H1ALT TO H2ALT) =     0.0000 DEG EAST OF NORTH
          DAY OF THE YEAR =                     172

 EXTRATERRESTIAL SOURCE IS THE SUN

 H-G PHASE FUNCTION ,G=   0.00000

 CARD 4  *****    9091.0   14286.0      10.0      10.0   SCANNING FUNCTION:TRIANGULAR 

 FREQUENCY RANGE
             IV1 =    9091.0 CM-1  (      1.1000 MICRONS)
             IV2 =   14286.0 CM-1  (      0.7000 MICRONS)
             IDV =      10.0 CM-1
           IFWHM =      10.0 CM-1


 ATMOSPHERIC PROFILES

   I     Z       P       T        N2       CNTMSLF   CNTMFRN MOL SCAT     N-1     O3 (UV)   O2 (UV)   WAT DROP  ICE PART  RAIN RATE
        (KM)    (MB)    (K)               (  MOL/CM2 KM  )      (-)       (-)    (  ATM CM/KM  )       (GM/M3)   (GM/M3)   (MM/HR)
   1   0.0000 1012.999 294.20  7.902E-01 8.829E+20 4.618E+22 9.282E-01 2.682E-04 2.800E-03 3.435E+04     0.000     0.000     0.000
   2   1.0000  901.996 289.70  6.461E-01 3.895E+20 2.788E+22 8.393E-01 2.427E-04 2.801E-03 2.976E+04     0.000     0.000     0.000
   3   2.0000  802.001 285.20  5.271E-01 1.568E+20 1.604E+22 7.581E-01 2.194E-04 2.800E-03 2.581E+04     0.000     0.000     0.000
   4   3.0000  709.996 279.20  4.310E-01 4.900E+19 8.139E+21 6.855E-01 1.985E-04 2.894E-03 2.248E+04     0.000     0.000     0.000
   5   4.0000  628.000 273.20  3.522E-01 1.626E+19 4.247E+21 6.197E-01 1.795E-04 2.987E-03 1.961E+04     0.000     0.000     0.000
   6   5.0000  553.997 267.20  2.865E-01 4.503E+18 2.019E+21 5.589E-01 1.619E-04 3.081E-03 1.710E+04     0.000     0.000     0.000
   7   6.0000  486.998 261.20  2.317E-01 1.677E+18 1.109E+21 5.026E-01 1.456E-04 3.221E-03 1.489E+04     0.000     0.000     0.000
   8   7.0000  426.000 254.70  1.865E-01 6.159E+17 6.032E+20 4.509E-01 1.307E-04 3.501E-03 1.295E+04     0.000     0.000     0.000
   9   8.0000  371.999 248.20  1.497E-01 1.986E+17 3.070E+20 4.040E-01 1.171E-04 3.687E-03 1.128E+04     0.000     0.000     0.000
  10   9.0000  323.999 241.70  1.198E-01 6.483E+16 1.569E+20 3.614E-01 1.047E-04 4.015E-03 9.818E+03     0.000     0.000     0.000
  11  10.0000  280.999 235.30  9.505E-02 1.844E+16 7.458E+19 3.219E-01 9.330E-05 4.198E-03 8.526E+03     0.000     0.000     0.000
  12  11.0000  243.000 228.80  7.518E-02 2.180E+15 2.281E+19 2.863E-01 8.298E-05 5.134E-03 7.406E+03     0.000     0.000     0.000
  13  12.0000  208.999 222.30  5.891E-02 1.621E+14 5.506E+18 2.534E-01 7.345E-05 5.652E-03 6.411E+03     0.000     0.000     0.000
  14  13.0000  179.001 215.80  4.586E-02 9.318E+12 1.165E+18 2.236E-01 6.481E-05 6.708E-03 5.541E+03     0.000     0.000     0.000
  15  14.0000  153.000 215.70  3.353E-02 2.662E+12 5.323E+17 1.912E-01 5.542E-05 8.414E-03 4.631E+03     0.000     0.000     0.000
  16  15.0000  129.999 215.70  2.421E-02 8.885E+11 2.613E+17 1.625E-01 4.709E-05 8.124E-03 3.854E+03     0.000     0.000     0.000
  17  16.0000  111.000 215.70  1.765E-02 6.102E+11 1.849E+17 1.387E-01 4.021E-05 8.324E-03 3.233E+03     0.000     0.000     0.000
  18  17.0000   95.000 215.70  1.293E-02 4.203E+11 1.313E+17 1.187E-01 3.441E-05 8.311E-03 2.726E+03     0.000     0.000     0.000
  19  18.0000   81.200 216.80  9.350E-03 2.945E+11 9.350E+16 1.010E-01 2.926E-05 1.010E-02 2.287E+03     0.000     0.000     0.000
  20  19.0000   69.500 217.90  6.780E-03 2.204E+11 6.888E+16 8.598E-02 2.492E-05 1.290E-02 1.925E+03     0.000     0.000     0.000
  21  20.0000   59.500 219.20  4.911E-03 1.698E+11 5.145E+16 7.317E-02 2.121E-05 1.463E-02 1.622E+03     0.000     0.000     0.000
  22  21.0000   51.000 220.40  3.569E-03 1.349E+11 3.909E+16 6.238E-02 1.808E-05 1.497E-02 1.371E+03     0.000     0.000     0.000
  23  22.0000   43.700 221.60  2.592E-03 1.066E+11 2.962E+16 5.316E-02 1.541E-05 1.542E-02 1.160E+03     0.000     0.000     0.000
  24  23.0000   37.600 222.80  1.898E-03 8.933E+10 2.320E+16 4.549E-02 1.319E-05 1.547E-02 9.867E+02     0.000     0.000     0.000
  25  24.0000   32.200 223.90  1.379E-03 7.003E+10 1.751E+16 3.877E-02 1.124E-05 1.551E-02 8.364E+02     0.000     0.000     0.000
  26  25.0000   27.700 225.10  1.009E-03 5.652E+10 1.346E+16 3.317E-02 9.614E-06 1.592E-02 7.124E+02     0.000     0.000     0.000
  27  30.0000   13.200 233.70  2.126E-04 1.491E+10 3.173E+15 1.523E-02 4.413E-06 1.066E-02 3.223E+02     0.000     0.000     0.000
  28  35.0000 6.519971 245.20  4.713E-05 3.666E+09 7.406E+14 7.168E-03 2.077E-06 6.380E-03 1.507E+02     0.000     0.000     0.000
  29  40.0000 3.329993 257.50  1.115E-05 9.205E+08 1.805E+14 3.486E-03 1.010E-06 2.632E-03 7.307E+01     0.000     0.000     0.000
  30  45.0000 1.759993 269.90  2.834E-06 2.673E+08 4.904E+13 1.758E-03 5.095E-07 7.911E-04 3.679E+01     0.000     0.000     0.000
  31  50.0000 0.951001 275.70  7.930E-07 7.616E+07 1.385E+13 9.299E-04 2.695E-07 2.604E-04 1.945E+01     0.000     0.000     0.000
  32  55.0000 0.514999 269.30  2.437E-07 2.215E+07 4.140E+12 5.155E-04 1.494E-07 9.280E-05 1.078E+01     0.000     0.000     0.000
  33  60.0000 0.272001 257.10  7.460E-08 5.921E+06 1.184E+12 2.852E-04 8.266E-08 3.708E-05 5.962E+00     0.000     0.000     0.000
  34  70.0000 0.067000 218.10  6.290E-09 2.734E+05 7.388E+10 8.281E-05 2.400E-08 3.313E-06 1.731E+00     0.000     0.000     0.000
  35  80.0000 0.012000 174.10  3.166E-10 4.433E+03 2.111E+09 1.858E-05 5.385E-09 3.716E-07 3.883E-01     0.000     0.000     0.000
  36 100.0000 0.000258 190.50  1.223E-13 6.210E-02 1.552E+05 3.651E-07 1.058E-10 1.460E-08 5.842E-03     0.000     0.000     0.000


 ATMOSPHERIC PROFILES

   I     Z       P       T     AEROSOL 1 AEROSOL 2 AEROSOL 3 AEROSOL 4  AER1*RH     RH (%)    RH (%)   CIRRUS   WAT DROP  ICE PART
        (KM)    (MB)    (K)    (      550nm EXTINCTION [KM-1]      )  (BEFORE H2O SCALING)   (AFTER)    (-)     (550nm VIS [KM-1])
   1   0.0000 1012.999 294.20  6.670E-02 0.000E+00 0.000E+00 0.000E+00 2.115E-01 7.618E+01 7.618E+01   0.00000   0.00000   0.00000
   2   1.0000  901.996 289.70  4.150E-02 0.000E+00 0.000E+00 0.000E+00 1.463E-01 6.603E+01 6.603E+01   0.00000   0.00000   0.00000
   3   2.0000  802.001 285.20  2.600E-02 0.000E+00 0.000E+00 0.000E+00 9.886E-02 5.520E+01 5.520E+01   0.00000   0.00000   0.00000
   4   3.0000  709.996 279.20  0.000E+00 1.460E-02 0.000E+00 0.000E+00 0.000E+00 4.529E+01 4.529E+01   0.00000   0.00000   0.00000
   5   4.0000  628.000 273.20  0.000E+00 1.020E-02 0.000E+00 0.000E+00 0.000E+00 3.905E+01 3.905E+01   0.00000   0.00000   0.00000
   6   5.0000  553.997 267.20  0.000E+00 9.310E-03 0.000E+00 0.000E+00 0.000E+00 3.142E+01 3.142E+01   0.00000   0.00000   0.00000
   7   6.0000  486.998 261.20  0.000E+00 7.710E-03 0.000E+00 0.000E+00 0.000E+00 2.998E+01 2.998E+01   0.00000   0.00000   0.00000
   8   7.0000  426.000 254.70  0.000E+00 6.230E-03 0.000E+00 0.000E+00 0.000E+00 3.031E+01 3.031E+01   0.00000   0.00000   0.00000
   9   8.0000  371.999 248.20  0.000E+00 3.370E-03 0.000E+00 0.000E+00 0.000E+00 2.963E+01 2.963E+01   0.00000   0.00000   0.00000
  10   9.0000  323.999 241.70  0.000E+00 1.820E-03 0.000E+00 0.000E+00 0.000E+00 3.015E+01 3.015E+01   0.00000   0.00000   0.00000
  11  10.0000  280.999 235.30  0.000E+00 1.140E-03 0.000E+00 0.000E+00 0.000E+00 2.944E+01 2.944E+01   0.00000   0.00000   0.00000
  12  11.0000  243.000 228.80  0.000E+00 0.000E+00 7.990E-04 0.000E+00 0.000E+00 1.948E+01 1.948E+01   0.00000   0.00000   0.00000
  13  12.0000  208.999 222.30  0.000E+00 0.000E+00 6.410E-04 0.000E+00 0.000E+00 1.069E+01 1.069E+01   0.00000   0.00000   0.00000
  14  13.0000  179.001 215.80  0.000E+00 0.000E+00 5.170E-04 0.000E+00 0.000E+00 5.423E+00 5.423E+00   0.00000   0.00000   0.00000
  15  14.0000  153.000 215.70  0.000E+00 0.000E+00 4.420E-04 0.000E+00 0.000E+00 2.933E+00 2.933E+00   0.00000   0.00000   0.00000
  16  15.0000  129.999 215.70  0.000E+00 0.000E+00 3.950E-04 0.000E+00 0.000E+00 1.695E+00 1.695E+00   0.00000   0.00000   0.00000
  17  16.0000  111.000 215.70  0.000E+00 0.000E+00 3.820E-04 0.000E+00 0.000E+00 1.405E+00 1.405E+00   0.00000   0.00000   0.00000
  18  17.0000   95.000 215.70  0.000E+00 0.000E+00 4.250E-04 0.000E+00 0.000E+00 1.166E+00 1.166E+00   0.00000   0.00000   0.00000
  19  18.0000   81.200 216.80  0.000E+00 0.000E+00 5.200E-04 0.000E+00 0.000E+00 8.563E-01 8.563E-01   0.00000   0.00000   0.00000
  20  19.0000   69.500 217.90  0.000E+00 0.000E+00 5.810E-04 0.000E+00 0.000E+00 6.511E-01 6.511E-01   0.00000   0.00000   0.00000
  21  20.0000   59.500 219.20  0.000E+00 0.000E+00 5.890E-04 0.000E+00 0.000E+00 4.915E-01 4.915E-01   0.00000   0.00000   0.00000
  22  21.0000   51.000 220.40  0.000E+00 0.000E+00 5.020E-04 0.000E+00 0.000E+00 3.819E-01 3.819E-01   0.00000   0.00000   0.00000
  23  22.0000   43.700 221.60  0.000E+00 0.000E+00 4.200E-04 0.000E+00 0.000E+00 2.966E-01 2.966E-01   0.00000   0.00000   0.00000
  24  23.0000   37.600 222.80  0.000E+00 0.000E+00 3.000E-04 0.000E+00 0.000E+00 2.375E-01 2.375E-01   0.00000   0.00000   0.00000
  25  24.0000   32.200 223.90  0.000E+00 0.000E+00 1.980E-04 0.000E+00 0.000E+00 1.863E-01 1.863E-01   0.00000   0.00000   0.00000
  26  25.0000   27.700 225.10  0.000E+00 0.000E+00 1.310E-04 0.000E+00 0.000E+00 1.469E-01 1.469E-01   0.00000   0.00000   0.00000
  27  30.0000   13.200 233.70  0.000E+00 0.000E+00 3.320E-05 0.000E+00 0.000E+00 3.098E-02 3.098E-02   0.00000   0.00000   0.00000
  28  35.0000 6.519971 245.20  0.000E+00 0.000E+00 0.000E+00 4.300E-06 0.000E+00 5.231E-03 5.231E-03   0.00000   0.00000   0.00000
  29  40.0000 3.329993 257.50  0.000E+00 0.000E+00 0.000E+00 1.670E-06 0.000E+00 9.365E-04 9.365E-04   0.00000   0.00000   0.00000
  30  45.0000 1.759993 269.90  0.000E+00 0.000E+00 0.000E+00 8.000E-07 0.000E+00 1.994E-04 1.994E-04   0.00000   0.00000   0.00000
  31  50.0000 0.951001 275.70  0.000E+00 0.000E+00 0.000E+00 4.200E-07 0.000E+00 7.127E-05 7.127E-05   0.00000   0.00000   0.00000
  32  55.0000 0.514999 269.30  0.000E+00 0.000E+00 0.000E+00 2.207E-07 0.000E+00 5.991E-05 5.991E-05   0.00000   0.00000   0.00000
  33  60.0000 0.272001 257.10  0.000E+00 0.000E+00 0.000E+00 1.159E-07 0.000E+00 7.753E-05 7.753E-05   0.00000   0.00000   0.00000
  34  70.0000 0.067000 218.10  0.000E+00 0.000E+00 0.000E+00 3.200E-08 0.000E+00 7.084E-04 7.084E-04   0.00000   0.00000   0.00000
  35  80.0000 0.012000 174.10  0.000E+00 0.000E+00 0.000E+00 5.795E-09 0.000E+00 7.237E-02 7.237E-02   0.00000   0.00000   0.00000
  36 100.0000 0.000258 190.50  0.000E+00 0.000E+00 0.000E+00 1.900E-10 0.000E+00 1.461E-05 1.461E-05   0.00000   0.00000   0.00000


 ATMOSPHERIC PROFILES (AFTER COLUMN SCALING)

   I      Z       P       H2O      O3       CO2      CO       CH4      N2O      O2       NH3      NO       NO2      SO2      HNO3
         (KM)    (MB)  (                                             ATM CM / KM                                                )
   1   0.0000 1012.999  1.74E+03 2.80E-03 3.34E+01 1.39E-02 1.58E-01 2.97E-02 1.94E+04 4.64E-05 2.78E-05 2.13E-06 2.78E-05 4.64E-06
   2   1.0000  901.996  1.16E+03 2.80E-03 3.02E+01 1.22E-02 1.43E-01 2.69E-02 1.75E+04 4.20E-05 2.52E-05 1.93E-06 2.30E-05 5.00E-06
   3   2.0000  802.001  7.34E+02 2.80E-03 2.73E+01 1.06E-02 1.29E-01 2.43E-02 1.58E+04 3.51E-05 2.27E-05 1.74E-06 1.79E-05 5.25E-06
   4   3.0000  709.996  4.10E+02 2.89E-03 2.47E+01 9.25E-03 1.17E-01 2.19E-02 1.43E+04 2.61E-05 2.06E-05 1.58E-06 1.30E-05 5.42E-06
   5   4.0000  628.000  2.36E+02 2.99E-03 2.23E+01 8.13E-03 1.05E-01 1.98E-02 1.30E+04 1.78E-05 1.86E-05 1.43E-06 9.05E-06 5.50E-06
   6   5.0000  553.997  1.24E+02 3.08E-03 2.01E+01 7.28E-03 9.43E-02 1.79E-02 1.17E+04 1.14E-05 1.68E-05 1.29E-06 6.60E-06 5.45E-06
   7   6.0000  486.998  7.59E+01 3.22E-03 1.81E+01 6.47E-03 8.40E-02 1.61E-02 1.05E+04 7.34E-06 1.51E-05 1.16E-06 4.88E-06 5.58E-06
   8   7.0000  426.000  4.60E+01 3.50E-03 1.62E+01 5.62E-03 7.44E-02 1.44E-02 9.42E+03 4.45E-06 1.35E-05 1.04E-06 3.74E-06 5.68E-06
   9   8.0000  371.999  2.61E+01 3.69E-03 1.45E+01 4.79E-03 6.58E-02 1.29E-02 8.44E+03 2.62E-06 1.21E-05 9.29E-07 2.91E-06 5.62E-06
  10   9.0000  323.999  1.49E+01 4.01E-03 1.30E+01 3.95E-03 5.84E-02 1.14E-02 7.55E+03 1.36E-06 1.08E-05 8.38E-07 2.37E-06 5.53E-06
  11  10.0000  280.999  7.96E+00 4.20E-03 1.16E+01 3.21E-03 5.08E-02 9.97E-03 6.73E+03 6.54E-07 9.66E-06 7.66E-07 1.96E-06 5.60E-06
  12  11.0000  243.000  2.74E+00 5.13E-03 1.03E+01 2.57E-03 4.41E-02 8.56E-03 5.98E+03 3.12E-07 8.59E-06 7.50E-07 1.66E-06 5.78E-06
  13  12.0000  208.999  7.46E-01 5.65E-03 9.12E+00 1.98E-03 3.82E-02 7.44E-03 5.30E+03 1.60E-07 7.60E-06 7.98E-07 1.42E-06 6.11E-06
  14  13.0000  179.001  1.79E-01 6.71E-03 8.05E+00 1.43E-03 3.31E-02 6.40E-03 4.67E+03 6.98E-08 6.69E-06 9.95E-07 1.25E-06 6.17E-06
  15  14.0000  153.000  9.56E-02 8.41E-03 6.88E+00 9.61E-04 2.77E-02 5.35E-03 4.00E+03 2.12E-08 5.64E-06 1.43E-06 1.08E-06 6.37E-06
  16  15.0000  129.999  5.52E-02 8.12E-03 5.85E+00 6.40E-04 2.31E-02 4.43E-03 3.40E+03 7.26E-09 4.60E-06 2.78E-06 9.34E-07 7.34E-06
  17  16.0000  111.000  4.58E-02 8.32E-03 4.99E+00 4.26E-04 1.93E-02 3.62E-03 2.90E+03 2.93E-09 3.72E-06 4.43E-06 7.98E-07 1.02E-05
  18  17.0000   95.000  3.80E-02 8.31E-03 4.27E+00 2.96E-04 1.61E-02 2.87E-03 2.48E+03 1.31E-09 2.99E-06 6.16E-06 6.38E-07 1.56E-05
  19  18.0000   81.200  3.18E-02 1.01E-02 3.63E+00 1.99E-04 1.34E-02 2.20E-03 2.11E+03 6.76E-10 2.42E-06 7.78E-06 4.83E-07 2.13E-05
  20  19.0000   69.500  2.75E-02 1.29E-02 3.10E+00 1.33E-04 1.10E-02 1.58E-03 1.80E+03 3.41E-10 2.10E-06 9.11E-06 3.41E-07 2.73E-05
  21  20.0000   59.500  2.41E-02 1.46E-02 2.63E+00 9.74E-05 8.96E-03 1.18E-03 1.53E+03 1.76E-10 1.87E-06 1.02E-05 2.33E-07 3.07E-05
  22  21.0000   51.000  2.15E-02 1.50E-02 2.25E+00 7.69E-05 7.20E-03 8.25E-04 1.30E+03 1.20E-10 1.73E-06 1.10E-05 1.67E-07 3.08E-05
  23  22.0000   43.700  1.91E-02 1.54E-02 1.91E+00 6.55E-05 5.67E-03 6.09E-04 1.11E+03 9.14E-11 1.63E-06 1.15E-05 1.21E-07 2.90E-05
  24  23.0000   37.600  1.75E-02 1.55E-02 1.64E+00 5.95E-05 4.43E-03 4.71E-04 9.51E+02 7.23E-11 1.64E-06 1.17E-05 9.42E-08 2.61E-05
  25  24.0000   32.200  1.55E-02 1.55E-02 1.40E+00 5.43E-05 3.41E-03 3.73E-04 8.10E+02 5.58E-11 1.75E-06 1.19E-05 7.37E-08 2.26E-05
  26  25.0000   27.700  1.39E-02 1.59E-02 1.19E+00 5.05E-05 2.62E-03 2.97E-04 6.93E+02 4.08E-11 2.27E-06 1.24E-05 5.81E-08 1.86E-05
  27  30.0000   13.200  7.16E-03 1.07E-02 5.48E-01 3.04E-05 9.62E-04 1.02E-04 3.18E+02 9.67E-12 3.73E-06 9.38E-06 2.04E-08 5.69E-06
  28  35.0000 6.519971  3.55E-03 6.38E-03 2.58E-01 1.78E-05 3.59E-04 2.65E-05 1.50E+02 1.30E-12 5.12E-06 5.22E-06 8.32E-09 1.18E-06
  29  40.0000 3.329993  1.78E-03 2.63E-03 1.26E-01 1.03E-05 1.37E-04 6.05E-06 7.29E+01 1.02E-13 3.90E-06 1.40E-06 4.74E-09 1.86E-07
  30  45.0000 1.759993  9.58E-04 7.91E-04 6.33E-02 5.81E-06 5.05E-05 1.35E-06 3.67E+01 5.24E-15 2.06E-06 2.02E-07 3.69E-09 2.13E-08
  31  50.0000 0.951001  5.11E-04 2.60E-04 3.35E-02 3.39E-06 1.81E-05 2.99E-07 1.94E+01 6.63E-16 9.58E-07 4.12E-08 3.31E-09 5.16E-09
  32  55.0000 0.514999  2.76E-04 9.28E-05 1.86E-02 2.02E-06 8.11E-06 1.05E-07 1.08E+01 2.47E-16 5.21E-07 1.75E-08 2.37E-09 2.29E-09
  33  60.0000 0.272001  1.43E-04 3.71E-05 1.03E-02 1.33E-06 4.28E-06 3.98E-08 5.96E+00 1.04E-16 2.88E-07 8.13E-09 1.47E-09 1.10E-09
  34  70.0000 0.067000  3.06E-05 3.31E-06 2.98E-03 9.75E-07 1.24E-06 6.44E-09 1.73E+00 2.13E-17 9.52E-08 1.91E-09 3.58E-10 2.71E-10
  35  80.0000 0.012000  3.90E-06 3.72E-07 6.65E-04 1.27E-06 2.79E-07 9.60E-10 3.88E-01 3.79E-18 4.98E-08 3.75E-10 2.47E-11 5.59E-11
  36 100.0000 0.000258  1.46E-08 1.46E-08 7.77E-06 3.68E-07 4.38E-09 1.04E-11 5.84E-03 5.40E-20 7.59E-08 6.21E-12 1.31E-14 9.97E-13


1 ATMOSPHERIC PROFILES

   I      Z       CFC11    CFC12    CFC13    CFC14    CFC22   CFC113   CFC114   CFC115   CLONO2     HNO4   CHCL2F     CCL4     N2O5
         (KM)   (                                                  ATM CM/KM                                                  )
   1   0.0000  1.30E-05 2.23E-05 9.28E-14 9.28E-14 5.57E-06 1.76E-06 1.11E-06 9.28E-14 5.34E-07 4.03E-08 9.28E-14 1.21E-05 2.25E-11
   2   1.0000  1.18E-05 2.01E-05 8.39E-14 8.39E-14 5.03E-06 1.59E-06 1.01E-06 8.39E-14 4.30E-07 1.79E-07 8.39E-14 1.09E-05 8.01E-11
   3   2.0000  1.06E-05 1.82E-05 7.58E-14 7.58E-14 4.54E-06 1.44E-06 9.10E-07 7.58E-14 3.42E-07 2.91E-07 7.58E-14 9.85E-06 1.26E-10
   4   3.0000  9.60E-06 1.65E-05 6.86E-14 6.86E-14 4.10E-06 1.30E-06 8.23E-07 6.86E-14 2.66E-07 3.80E-07 6.86E-14 8.91E-06 1.63E-10
   5   4.0000  8.68E-06 1.49E-05 6.20E-14 6.20E-14 3.71E-06 1.18E-06 7.44E-07 6.20E-14 2.02E-07 4.49E-07 6.20E-14 8.06E-06 1.91E-10
   6   5.0000  7.82E-06 1.34E-05 5.59E-14 5.59E-14 3.34E-06 1.06E-06 6.71E-07 5.59E-14 1.54E-07 1.02E-06 5.59E-14 7.25E-06 2.02E-10
   7   6.0000  7.04E-06 1.21E-05 5.03E-14 5.03E-14 3.00E-06 9.55E-07 6.03E-07 5.03E-14 1.13E-07 1.46E-06 5.03E-14 6.51E-06 2.07E-10
   8   7.0000  6.31E-06 1.08E-05 4.51E-14 4.51E-14 2.69E-06 8.57E-07 5.41E-07 4.51E-14 7.87E-08 1.80E-06 4.51E-14 5.83E-06 2.09E-10
   9   8.0000  5.66E-06 9.70E-06 4.04E-14 4.04E-14 2.41E-06 7.68E-07 4.85E-07 4.04E-14 5.01E-08 2.06E-06 4.04E-14 5.21E-06 2.08E-10
  10   9.0000  5.05E-06 8.67E-06 3.61E-14 3.61E-14 2.16E-06 6.86E-07 4.34E-07 3.61E-14 4.37E-08 1.77E-06 3.61E-14 4.66E-06 2.08E-10
  11  10.0000  4.49E-06 7.71E-06 3.22E-14 3.22E-14 1.92E-06 6.10E-07 3.86E-07 3.22E-14 3.78E-08 1.52E-06 3.22E-14 4.15E-06 2.05E-10
  12  11.0000  3.99E-06 6.85E-06 2.86E-14 2.86E-14 1.70E-06 5.42E-07 3.44E-07 2.86E-14 3.27E-08 1.30E-06 2.86E-14 3.69E-06 1.99E-10
  13  12.0000  3.52E-06 6.06E-06 2.53E-14 2.53E-14 1.51E-06 4.79E-07 3.04E-07 2.53E-14 2.81E-08 1.11E-06 2.53E-14 3.27E-06 1.92E-10
  14  13.0000  3.02E-06 5.27E-06 2.24E-14 2.24E-14 1.32E-06 4.15E-07 2.66E-07 2.24E-14 1.79E-07 1.26E-06 2.24E-14 2.80E-06 9.85E-09
  15  14.0000  2.50E-06 4.44E-06 1.91E-14 1.91E-14 1.12E-06 3.48E-07 2.25E-07 1.91E-14 2.85E-07 1.33E-06 1.91E-14 2.31E-06 1.67E-08
  16  15.0000  2.06E-06 3.71E-06 1.62E-14 1.62E-14 9.39E-07 2.90E-07 1.89E-07 1.62E-14 3.54E-07 1.34E-06 1.62E-14 1.90E-06 2.12E-08
  17  16.0000  1.71E-06 3.12E-06 1.39E-14 1.39E-14 7.94E-07 2.43E-07 1.60E-07 1.39E-14 3.98E-07 1.32E-06 1.39E-14 1.57E-06 2.41E-08
  18  17.0000  1.33E-06 2.55E-06 1.19E-14 1.19E-14 6.60E-07 1.96E-07 1.33E-07 1.19E-14 1.21E-06 1.69E-06 1.19E-14 1.21E-06 1.04E-07
  19  18.0000  1.03E-06 2.06E-06 1.01E-14 1.01E-14 5.46E-07 1.57E-07 1.10E-07 1.01E-14 1.76E-06 1.92E-06 1.01E-14 9.15E-07 1.60E-07
  20  19.0000  7.82E-07 1.67E-06 8.60E-15 8.60E-15 4.51E-07 1.25E-07 9.05E-08 8.60E-15 2.13E-06 2.04E-06 8.60E-15 6.83E-07 1.97E-07
  21  20.0000  5.87E-07 1.35E-06 7.32E-15 7.32E-15 3.72E-07 9.95E-08 7.46E-08 7.32E-15 2.34E-06 2.09E-06 7.32E-15 4.99E-07 2.19E-07
  22  21.0000  4.28E-07 1.07E-06 6.24E-15 6.24E-15 3.05E-07 7.72E-08 6.09E-08 6.24E-15 2.87E-06 2.19E-06 6.24E-15 3.57E-07 2.59E-07
  23  22.0000  3.04E-07 8.40E-07 5.32E-15 5.32E-15 2.50E-07 5.93E-08 4.95E-08 5.32E-15 3.19E-06 2.22E-06 5.32E-15 2.45E-07 2.82E-07
  24  23.0000  2.07E-07 6.60E-07 4.55E-15 4.55E-15 2.05E-07 4.52E-08 4.03E-08 4.55E-15 3.37E-06 2.21E-06 4.55E-15 1.59E-07 2.94E-07
  25  24.0000  1.32E-07 5.12E-07 3.88E-15 3.88E-15 1.67E-07 3.38E-08 3.26E-08 3.88E-15 3.41E-06 2.14E-06 3.88E-15 9.30E-08 2.95E-07
  26  25.0000  9.05E-08 3.94E-07 3.32E-15 3.32E-15 1.36E-07 2.52E-08 2.64E-08 3.32E-15 3.23E-06 1.93E-06 3.32E-15 6.25E-08 2.56E-07
  27  30.0000  5.94E-09 8.96E-08 1.52E-15 1.52E-15 4.61E-08 4.44E-09 8.58E-09 1.52E-15 1.74E-06 7.77E-07 1.52E-15 2.67E-09 8.41E-08
  28  35.0000  1.42E-10 1.53E-08 7.17E-16 7.17E-16 1.48E-08 5.14E-10 2.62E-09 7.17E-16 3.75E-07 1.05E-07 7.17E-16 2.83E-11 7.76E-09
  29  40.0000  6.45E-13 2.12E-09 3.49E-16 3.49E-16 4.85E-09 4.29E-11 8.09E-10 3.49E-16 1.49E-08 3.47E-09 3.49E-16 1.38E-14 7.43E-11
  30  45.0000  1.61E-14 3.75E-10 1.76E-16 1.76E-16 1.82E-09 5.65E-12 2.84E-10 1.76E-16 2.95E-10 1.54E-10 1.76E-16 9.79E-17 6.92E-13
  31  50.0000  5.55E-16 7.92E-11 9.30E-17 9.30E-17 8.16E-10 9.21E-13 1.16E-10 9.30E-17 4.34E-12 7.10E-12 9.30E-17 1.02E-18 5.85E-15
  32  55.0000  3.15E-17 2.14E-11 5.16E-17 5.16E-17 4.19E-10 2.02E-13 5.36E-11 5.16E-17 6.16E-14 3.51E-13 5.16E-17 1.95E-20 5.38E-17
  33  60.0000  1.21E-18 5.53E-12 2.85E-17 2.85E-17 2.20E-10 4.05E-14 2.48E-11 2.85E-17 4.88E-16 1.37E-14 2.85E-17 1.50E-22 1.46E-19
  34  70.0000  4.22E-21 3.23E-13 8.28E-18 8.28E-18 5.95E-11 1.46E-15 4.85E-12 8.28E-18 5.99E-19 2.66E-16 8.28E-18 8.18E-26 6.79E-23
  35  80.0000  3.68E-24 9.64E-15 1.86E-18 1.86E-18 1.21E-11 2.29E-17 6.60E-13 1.86E-18 7.51E-23 1.57E-18 1.86E-18 5.44E-30 9.46E-27
  36 100.0000  1.14E-30 9.05E-19 3.65E-20 3.65E-20 6.54E-14 4.78E-22 7.78E-16 3.65E-20 2.95E-35 1.22E-31 3.65E-20 1.86E-38 3.06E-37



 CASE 2C:  GIVEN H1ALT, H2ALT, HRANGE:  (   3.00000   3.00000   1.00000 )

 ITERATE AROUND OBSZEN UNTIL RANGE CONVERGES

 ITER      OBSZEN         RANGE        DRANGE          BETA          HMIN        BCKZEN       BENDING
            (DEG)          (KM)          (KM)         (DEG)          (KM)         (DEG)         (DEG)
  1    90.0044943     1.1448057    -0.1448057     0.0102903     2.9999776    90.0044943     0.0013016
  2    90.0041038     1.0453410    -0.0453410     0.0093962     2.9999813    90.0041038     0.0011885
  3    90.0039816     1.0141970    -0.0141970     0.0091163     2.9999824    90.0039816     0.0011531
  4    90.0039433     1.0044453    -0.0044453     0.0090286     2.9999827    90.0039433     0.0011420
  5    90.0039313     1.0013919    -0.0013919     0.0090012     2.9999828    90.0039313     0.0011386
  6    90.0039276     1.0004358    -0.0004358     0.0089926     2.9999829    90.0039276     0.0011375

 REPLACING IPARM=2 SOLAR/LUNAR GEOMETRY PARAMETERS
     90.00000   RELATIVE SOLAR/LUNAR AZIMUTH AT H1ALT (DEG EAST OF NORTH)
     20.00000   SOLAR/LUNAR ZENITH ANGLE AT H1ALT (DEG)

      WITH IPARM=0 SOLAR/LUNAR GEOMETRY PARAMETERS
      0.00000   OBSERVER (H1ALT) LATITUDE (DEG NORTH OF EQUATOR)
      0.00000   OBSERVER (H1ALT) LONGITUDE (DEG WEST OF GREENWICH)
      0.00000   SOURCE LATITUDE (DEG NORTH OF EQUATOR)
     20.00413   SOURCE LONGITUDE (DEG WEST OF GREENWICH)
    180.00000   TRUE PATH AZIMUTH FROM H1ALT TO H2ALT (DEG EAST OF NORTH)



 CASE 2C:  GIVEN H1ALT, H2ALT, HRANGE:  (   3.00000   3.00000   1.00000 )

 ITERATE AROUND OBSZEN UNTIL RANGE CONVERGES

 ITER      OBSZEN         RANGE        DRANGE          BETA          HMIN        BCKZEN       BENDING
            (DEG)          (KM)          (KM)         (DEG)          (KM)         (DEG)         (DEG)
  1    90.0044943     1.1448057    -0.1448057     0.0102903     2.9999776    90.0044943     0.0013016
  2    90.0041038     1.0453410    -0.0453410     0.0093962     2.9999813    90.0041038     0.0011885
  3    90.0039816     1.0141970    -0.0141970     0.0091163     2.9999824    90.0039816     0.0011531
  4    90.0039433     1.0044453    -0.0044453     0.0090286     2.9999827    90.0039433     0.0011420
  5    90.0039313     1.0013919    -0.0013919     0.0090012     2.9999828    90.0039313     0.0011386
  6    90.0039276     1.0004358    -0.0004358     0.0089926     2.9999829    90.0039276     0.0011375


 SLANT PATH PARAMETERS IN STANDARD FORM

          H1ALT   =    3.00000 KM
          H2ALT   =    3.00000 KM
          OBSZEN  =   90.00393 DEG
          BCKZEN  =   90.00393 DEG
          HMIN    =    2.99998 KM
          LENN    =          0

 CALCULATION OF THE REFRACTED PATH THROUGH THE ATMOSPHERE


  I     START       END     START     DELTA     TOTAL     DELTA     EARTH    END TO     DELTA      PATH      LAYER   LAYER     LAYER
     ALTITUDE  ALTITUDE    TO END     RANGE     RANGE     EARTH    CENTER     START   BENDING   BENDING    AVERAGE     AVG   AVERAGE
                           ZENITH                         ANGLE     ANGLE    ZENITH                       PRESSURE    TEMP   DENSITY
         (KM)      (KM)     (DEG)     (KM)       (KM)     (DEG)     (DEG)     (DEG)     (DEG)    (DEG)        (MB)     (K)  (GM/CM3)
      TANGENT   H1ALT
      HEIGHT
  1   2.99998   3.00000  90.00000   0.50000   0.50000   0.00449   0.00449  90.00449   0.00000   0.00000  709.99724  279.20 8.859E-04

         DOUBLE RANGE, BETA, BENDING
         FOR SYMMETRIC PART OF PATH        1.000             0.009                      0.000





1  LAYER ABSORBER AMOUNTS FOR THE PATH SEGMENT ENDING AT Z

  J      Z        TBAR       HNO3         O3 UV     CNTMSLF1     CNTMSLF2      CNTMFRN        O2         WAT DROP     ICE PART
       (KM)        (K)     (ATM CM)     (ATM CM)   (MOL CM-2)   (MOL CM-2)   (MOL CM-2)   (MOL CM-2)   (KM GM/M3)   (KM GM/M3)

  1    3.0000   279.20    2.711E-06    1.447E-03    2.450E+19    1.143E+19    4.070E+21    1.124E+04    0.0000000    0.0000000
  2    3.0000   279.20    2.711E-06    1.447E-03    2.450E+19    1.143E+19    4.070E+21    1.124E+04    0.0000000    0.0000000



1 J      Z        N2 CONT     MOL SCAT        AER 1        AER 2        AER 3        AER 4        CIRRUS     WAT DROP     ICE PART
        (KM)                (550nm EXT)                                                                     (550 NM OPTICAL DEPTH)

  1    3.0000    0.2155031    0.0041537    0.0000001    0.0072999    0.0000000    0.0000000    0.0000000    0.0000000    0.0000000
  2    3.0000    0.2155031    0.0041537    0.0000001    0.0072999    0.0000000    0.0000000    0.0000000    0.0000000    0.0000000



1    J    Z       H2O       O3        CO2       CO        CH4       N2O       O2        NH3       NO        NO2       SO2
        (KM)    (                                                      ATM CM                                             )

   1    3.0000  2.05E+02  1.45E-03  1.23E+01  4.62E-03  5.83E-02  1.10E-02  7.16E+03  1.30E-05  1.03E-05  7.88E-07  6.51E-06
   2    3.0000  2.05E+02  1.45E-03  1.23E+01  4.62E-03  5.83E-02  1.10E-02  7.16E+03  1.30E-05  1.03E-05  7.88E-07  6.51E-06



   J      Z       CFC11    CFC12    CFC13    CFC14    CFC22   CFC113   CFC114   CFC115   CLONO2     HNO4   CHCL2F     CCL4     N2O5
        (KM)    (                                                     ATM CM                                                     )
   1    3.0000 4.80E-06 8.23E-06 3.43E-14 3.43E-14 2.05E-06 6.51E-07 4.11E-07 3.43E-14 1.33E-07 1.90E-07 3.43E-14 4.46E-06 8.15E-11
   2    3.0000 4.80E-06 8.23E-06 3.43E-14 3.43E-14 2.05E-06 6.51E-07 4.11E-07 3.43E-14 1.33E-07 1.90E-07 3.43E-14 4.46E-06 8.15E-11


 SUMMARY OF THE GEOMETRY CALCULATION

          H1ALT   =    3.00000 KM
          H2ALT   =    3.00000 KM
          OBSZEN  =   90.00449 DEG
          HRANGE  =    1.00000 KM
          BETA    =    0.00899 DEG
          PHI     =   90.00449 DEG
          HMIN    =    2.99998 KM
          BENDING =    0.00000 DEG
          LENN    =          1


   TOTAL COLUMN ABSORBER AMOUNTS FOR THE LINE-OF-SIGHT PATH:

                 HNO3      O3 UV      CNTMSLF1    CNTMSLF2    CNTMFRN     N2 CONT     MOL SCAT   TOTAL AER
               (ATM CM)   (ATM CM)   (MOL CM-2)  (MOL CM-2)  (MOL CM-2)              ( 550 NM EXTINCTION )
            5.4225E-06  2.8943E-03  4.9000E+19  2.2867E+19  8.1391E+21  4.3101E-01  0.00830731  0.01460011


                AER 1       AER 2       AER 3       AER 4      CIRRUS     WAT DROP    ICE PART   MEAN AER RH
                (                 550 NM EXTINCTION                 )    (KM GM/M3)  (KM GM/M3)   (PERCENT)
             0.00000025  0.01459986  0.00000000  0.00000000   0.000000    0.000000    0.000000     55.1963


                H2O         O3          CO2         CO          CH4         N2O

             (                                   ATM CM                                   )
            4.1024E+02  2.8943E-03  2.4679E+01  9.2478E-03  1.1654E-01  2.1937E-02


                O2          NH3         NO          NO2         SO2
               (                      ATM CM                      )
            1.4328E+04  2.6050E-05  2.0566E-05  1.5767E-06  1.3025E-05


               CFC11       CFC12       CFC13       CFC14       CFC22      CFC113      CFC114
             (                                    ATM CM                                    )
            9.5974E-06  1.6453E-05  6.8553E-14  6.8553E-14  4.1029E-06  1.3025E-06  8.2263E-07


              CFC115      CLONO2        HNO4      CHCL2F        CCL4        N2O5
             (                                    ATM CM                                    )
            6.8553E-14  2.6619E-07  3.7971E-07  6.8553E-14  8.9119E-06  1.6302E-10


1 SINGLE SCATTER SOLAR PATH GEOMETRY TABLE FOR THE LINE-OF-SIGHT PATH
  -------------------------------------------------------------------

 SCT    SCATTER  SUBTENDED      SOLAR       PATH   RELATIVE    SCATTER
 PNT   ALTITUDE      ANGLE     ZENITH     ZENITH    AZIMUTH      ANGLE
           [KM]      [DEG]      [DEG]      [DEG]      [DEG]      [DEG]
   1    3.00000    0.00000   20.00000   90.00449   90.00000   90.00422    
   2    2.99998    0.00449   20.00000   90.00000   90.01234   90.00422    
   3    3.00000    0.00899   20.00000   89.99551   90.02469   90.00423    

550 nm SINGLE SCATTERING ALBEDO OF THE FOUR AEROSOL MODELS
[NOMINALLY: (1) Boundary Layer, (2) Tropospheric, (3) Stratospheric, and (4) Volcanic]
     AER 1:      0.944402
     AER 2:      0.963462
     AER 3:      1.000000
     AER 4:      0.994932

 SUN ELLIPTIC ORBIT SOLAR IRRADIANCE FACTOR FOR DAY 172:   0.96867

                           RADIANCE (WATTS/CM2-STER-XXX)   [No STER in TOA SOLAR IRRADIANCE]

  FREQ   WAVELENGTH    PATH_THERMAL    SURFACE_EMISSION  SOL_IRR    SINGLE_SCATTER  GROUND_REFLECTED   TOTAL_RADIANCE  INTEGRAL    TOTAL
 (CM-1) (MICRON)      (CM-1)  (MICRN)   (CM-1)  (MICRN)   (CM-1)   (CM-1)  (MICRN)   (CM-1)  (MICRN)   (CM-1)  (MICRN)             TRANS

 9091.00 1.099989     1.69E-22 1.39E-18 0.00E+00 0.00E+00 6.92E-06 2.32E-09 1.92E-05 0.00E+00 0.00E+00 2.32E-09 1.92E-05 1.16E-08  0.95815
 9101.00 1.098780     1.18E-22 9.78E-19 0.00E+00 0.00E+00 6.75E-06 2.32E-09 1.92E-05 0.00E+00 0.00E+00 2.32E-09 1.92E-05 3.48E-08  0.96936
 9111.00 1.097574     8.38E-23 6.96E-19 0.00E+00 0.00E+00 6.77E-06 2.37E-09 1.97E-05 0.00E+00 0.00E+00 2.37E-09 1.97E-05 5.85E-08  0.97730
 9121.00 1.096371     8.04E-23 6.69E-19 0.00E+00 0.00E+00 6.76E-06 2.37E-09 1.97E-05 0.00E+00 0.00E+00 2.37E-09 1.97E-05 8.23E-08  0.97679
 9131.00 1.095170     8.19E-23 6.83E-19 0.00E+00 0.00E+00 6.72E-06 2.36E-09 1.97E-05 0.00E+00 0.00E+00 2.36E-09 1.97E-05 1.06E-07  0.97543
 9141.00 1.093972     5.06E-23 4.23E-19 0.00E+00 0.00E+00 6.44E-06 2.31E-09 1.93E-05 0.00E+00 0.00E+00 2.31E-09 1.93E-05 1.29E-07  0.98413
 9151.00 1.092777     8.57E-23 7.18E-19 0.00E+00 0.00E+00 6.86E-06 2.41E-09 2.02E-05 0.00E+00 0.00E+00 2.41E-09 2.02E-05 1.53E-07  0.97160
 9161.00 1.091584     2.98E-23 2.50E-19 0.00E+00 0.00E+00 6.93E-06 2.54E-09 2.13E-05 0.00E+00 0.00E+00 2.54E-09 2.13E-05 1.78E-07  0.98973
 9171.00 1.090394     5.45E-23 4.58E-19 0.00E+00 0.00E+00 6.99E-06 2.51E-09 2.11E-05 0.00E+00 0.00E+00 2.51E-09 2.11E-05 2.04E-07  0.98012
 9181.00 1.089206     3.71E-23 3.12E-19 0.00E+00 0.00E+00 6.87E-06 2.50E-09 2.11E-05 0.00E+00 0.00E+00 2.50E-09 2.11E-05 2.29E-07  0.98585
 9191.00 1.088021     2.37E-23 2.00E-19 0.00E+00 0.00E+00 6.85E-06 2.53E-09 2.14E-05 0.00E+00 0.00E+00 2.53E-09 2.14E-05 2.54E-07  0.99049
 9201.00 1.086838     4.11E-23 3.48E-19 0.00E+00 0.00E+00 6.78E-06 2.47E-09 2.09E-05 0.00E+00 0.00E+00 2.47E-09 2.09E-05 2.79E-07  0.98252
 9211.00 1.085658     3.89E-23 3.30E-19 0.00E+00 0.00E+00 7.03E-06 2.57E-09 2.18E-05 0.00E+00 0.00E+00 2.57E-09 2.18E-05 3.04E-07  0.98295
 9221.00 1.084481     2.46E-23 2.09E-19 0.00E+00 0.00E+00 6.97E-06 2.58E-09 2.20E-05 0.00E+00 0.00E+00 2.58E-09 2.20E-05 3.30E-07  0.98854
 9231.00 1.083306     2.65E-23 2.26E-19 0.00E+00 0.00E+00 6.80E-06 2.52E-09 2.15E-05 0.00E+00 0.00E+00 2.52E-09 2.15E-05 3.55E-07  0.98718
 9241.00 1.082134     1.68E-23 1.43E-19 0.00E+00 0.00E+00 6.78E-06 2.54E-09 2.17E-05 0.00E+00 0.00E+00 2.54E-09 2.17E-05 3.81E-07  0.99137
 9251.00 1.080964     2.24E-23 1.91E-19 0.00E+00 0.00E+00 6.90E-06 2.58E-09 2.21E-05 0.00E+00 0.00E+00 2.58E-09 2.21E-05 4.07E-07  0.98799
 9261.00 1.079797     1.86E-23 1.60E-19 0.00E+00 0.00E+00 6.99E-06 2.63E-09 2.25E-05 0.00E+00 0.00E+00 2.63E-09 2.25E-05 4.33E-07  0.98958
 9271.00 1.078632     1.24E-23 1.06E-19 0.00E+00 0.00E+00 6.88E-06 2.61E-09 2.24E-05 0.00E+00 0.00E+00 2.61E-09 2.24E-05 4.59E-07  0.99267
 9281.00 1.077470     1.91E-23 1.64E-19 0.00E+00 0.00E+00 7.03E-06 2.65E-09 2.28E-05 0.00E+00 0.00E+00 2.65E-09 2.28E-05 4.85E-07  0.98819
 9291.00 1.076310     1.06E-23 9.15E-20 0.00E+00 0.00E+00 7.01E-06 2.67E-09 2.31E-05 0.00E+00 0.00E+00 2.67E-09 2.31E-05 5.12E-07  0.99311
 9301.00 1.075153     1.33E-23 1.15E-19 0.00E+00 0.00E+00 6.86E-06 2.61E-09 2.26E-05 0.00E+00 0.00E+00 2.61E-09 2.26E-05 5.38E-07  0.99086
 9311.00 1.073998     1.12E-23 9.68E-20 0.00E+00 0.00E+00 6.98E-06 2.67E-09 2.32E-05 0.00E+00 0.00E+00 2.67E-09 2.32E-05 5.65E-07  0.99204
 9321.00 1.072846     1.06E-23 9.20E-20 0.00E+00 0.00E+00 6.89E-06 2.64E-09 2.29E-05 0.00E+00 0.00E+00 2.64E-09 2.29E-05 5.91E-07  0.99202
 9331.00 1.071697     9.81E-24 8.54E-20 0.00E+00 0.00E+00 7.01E-06 2.69E-09 2.35E-05 0.00E+00 0.00E+00 2.69E-09 2.35E-05 6.18E-07  0.99227
 9341.00 1.070549     9.34E-24 8.15E-20 0.00E+00 0.00E+00 6.98E-06 2.69E-09 2.34E-05 0.00E+00 0.00E+00 2.69E-09 2.34E-05 6.45E-07  0.99225
 9351.00 1.069404     9.76E-24 8.54E-20 0.00E+00 0.00E+00 6.71E-06 2.58E-09 2.26E-05 0.00E+00 0.00E+00 2.58E-09 2.26E-05 6.71E-07  0.99152
 9361.00 1.068262     8.70E-24 7.62E-20 0.00E+00 0.00E+00 6.91E-06 2.67E-09 2.34E-05 0.00E+00 0.00E+00 2.67E-09 2.34E-05 6.98E-07  0.99206
 9371.00 1.067122     8.52E-24 7.48E-20 0.00E+00 0.00E+00 7.01E-06 2.71E-09 2.38E-05 0.00E+00 0.00E+00 2.71E-09 2.38E-05 7.25E-07  0.99185
 9381.00 1.065984     7.86E-24 6.92E-20 0.00E+00 0.00E+00 6.97E-06 2.71E-09 2.38E-05 0.00E+00 0.00E+00 2.71E-09 2.38E-05 7.52E-07  0.99210
 9391.00 1.064849     7.69E-24 6.78E-20 0.00E+00 0.00E+00 7.09E-06 2.76E-09 2.43E-05 0.00E+00 0.00E+00 2.76E-09 2.43E-05 7.79E-07  0.99189
 9401.00 1.063717     6.99E-24 6.18E-20 0.00E+00 0.00E+00 7.04E-06 2.75E-09 2.43E-05 0.00E+00 0.00E+00 2.75E-09 2.43E-05 8.07E-07  0.99226
 9411.00 1.062586     6.70E-24 5.94E-20 0.00E+00 0.00E+00 7.02E-06 2.75E-09 2.44E-05 0.00E+00 0.00E+00 2.75E-09 2.44E-05 8.34E-07  0.99221
 9421.00 1.061458     6.14E-24 5.45E-20 0.00E+00 0.00E+00 7.01E-06 2.75E-09 2.44E-05 0.00E+00 0.00E+00 2.75E-09 2.44E-05 8.62E-07  0.99251
 9431.00 1.060333     5.77E-24 5.13E-20 0.00E+00 0.00E+00 6.97E-06 2.75E-09 2.44E-05 0.00E+00 0.00E+00 2.75E-09 2.44E-05 8.89E-07  0.99262
 9441.00 1.059210     5.43E-24 4.84E-20 0.00E+00 0.00E+00 6.95E-06 2.75E-09 2.45E-05 0.00E+00 0.00E+00 2.75E-09 2.45E-05 9.17E-07  0.99270
 9451.00 1.058089     5.06E-24 4.52E-20 0.00E+00 0.00E+00 6.98E-06 2.77E-09 2.47E-05 0.00E+00 0.00E+00 2.77E-09 2.47E-05 9.45E-07  0.99286
 9461.00 1.056971     4.69E-24 4.20E-20 0.00E+00 0.00E+00 7.09E-06 2.82E-09 2.53E-05 0.00E+00 0.00E+00 2.82E-09 2.53E-05 9.73E-07  0.99306
 9471.00 1.055855     4.37E-24 3.92E-20 0.00E+00 0.00E+00 7.09E-06 2.83E-09 2.54E-05 0.00E+00 0.00E+00 2.83E-09 2.54E-05 1.00E-06  0.99322
 9481.00 1.054741     4.07E-24 3.66E-20 0.00E+00 0.00E+00 7.08E-06 2.84E-09 2.55E-05 0.00E+00 0.00E+00 2.84E-09 2.55E-05 1.03E-06  0.99337
 9491.00 1.053630     3.81E-24 3.43E-20 0.00E+00 0.00E+00 7.03E-06 2.82E-09 2.54E-05 0.00E+00 0.00E+00 2.82E-09 2.54E-05 1.06E-06  0.99349
 9501.00 1.052521     3.60E-24 3.25E-20 0.00E+00 0.00E+00 7.07E-06 2.84E-09 2.57E-05 0.00E+00 0.00E+00 2.84E-09 2.57E-05 1.09E-06  0.99354
 9511.00 1.051414     3.39E-24 3.07E-20 0.00E+00 0.00E+00 7.07E-06 2.85E-09 2.58E-05 0.00E+00 0.00E+00 2.85E-09 2.58E-05 1.11E-06  0.99361
 9521.00 1.050310     3.20E-24 2.90E-20 0.00E+00 0.00E+00 7.07E-06 2.86E-09 2.59E-05 0.00E+00 0.00E+00 2.86E-09 2.59E-05 1.14E-06  0.99368
 9531.00 1.049208     3.03E-24 2.75E-20 0.00E+00 0.00E+00 7.08E-06 2.87E-09 2.61E-05 0.00E+00 0.00E+00 2.87E-09 2.61E-05 1.17E-06  0.99371
 9541.00 1.048108     2.85E-24 2.60E-20 0.00E+00 0.00E+00 7.08E-06 2.88E-09 2.62E-05 0.00E+00 0.00E+00 2.88E-09 2.62E-05 1.20E-06  0.99378
 9551.00 1.047011     2.71E-24 2.47E-20 0.00E+00 0.00E+00 7.02E-06 2.86E-09 2.61E-05 0.00E+00 0.00E+00 2.86E-09 2.61E-05 1.23E-06  0.99380
 9561.00 1.045916     2.57E-24 2.35E-20 0.00E+00 0.00E+00 6.94E-06 2.83E-09 2.59E-05 0.00E+00 0.00E+00 2.83E-09 2.59E-05 1.26E-06  0.99382
 9571.00 1.044823     2.45E-24 2.24E-20 0.00E+00 0.00E+00 7.07E-06 2.89E-09 2.65E-05 0.00E+00 0.00E+00 2.89E-09 2.65E-05 1.29E-06  0.99383
 9581.00 1.043732     2.32E-24 2.13E-20 0.00E+00 0.00E+00 7.08E-06 2.90E-09 2.66E-05 0.00E+00 0.00E+00 2.90E-09 2.66E-05 1.32E-06  0.99385

                           RADIANCE (WATTS/CM2-STER-XXX)   [No STER in TOA SOLAR IRRADIANCE]

  FREQ   WAVELENGTH    PATH_THERMAL    SURFACE_EMISSION  SOL_IRR    SINGLE_SCATTER  GROUND_REFLECTED   TOTAL_RADIANCE  INTEGRAL    TOTAL
 (CM-1) (MICRON)      (CM-1)  (MICRN)   (CM-1)  (MICRN)   (CM-1)   (CM-1)  (MICRN)   (CM-1)  (MICRN)   (CM-1)  (MICRN)             TRANS

 9591.00 1.042644     2.22E-24 2.04E-20 0.00E+00 0.00E+00 7.04E-06 2.89E-09 2.66E-05 0.00E+00 0.00E+00 2.89E-09 2.66E-05 1.34E-06  0.99383
 9601.00 1.041558     2.13E-24 1.96E-20 0.00E+00 0.00E+00 7.10E-06 2.92E-09 2.69E-05 0.00E+00 0.00E+00 2.92E-09 2.69E-05 1.37E-06  0.99380
 9611.00 1.040474     2.02E-24 1.86E-20 0.00E+00 0.00E+00 7.06E-06 2.91E-09 2.69E-05 0.00E+00 0.00E+00 2.91E-09 2.69E-05 1.40E-06  0.99383
 9621.00 1.039393     1.93E-24 1.78E-20 0.00E+00 0.00E+00 7.05E-06 2.91E-09 2.70E-05 0.00E+00 0.00E+00 2.91E-09 2.70E-05 1.43E-06  0.99382
 9631.00 1.038314     1.84E-24 1.71E-20 0.00E+00 0.00E+00 7.05E-06 2.92E-09 2.71E-05 0.00E+00 0.00E+00 2.92E-09 2.71E-05 1.46E-06  0.99381
 9641.00 1.037237     1.76E-24 1.63E-20 0.00E+00 0.00E+00 7.00E-06 2.91E-09 2.70E-05 0.00E+00 0.00E+00 2.91E-09 2.70E-05 1.49E-06  0.99379
 9651.00 1.036162     1.68E-24 1.57E-20 0.00E+00 0.00E+00 7.11E-06 2.96E-09 2.75E-05 0.00E+00 0.00E+00 2.96E-09 2.75E-05 1.52E-06  0.99376
 9661.00 1.035089     1.58E-24 1.48E-20 0.00E+00 0.00E+00 7.03E-06 2.93E-09 2.73E-05 0.00E+00 0.00E+00 2.93E-09 2.73E-05 1.55E-06  0.99383
 9671.00 1.034019     1.53E-24 1.43E-20 0.00E+00 0.00E+00 7.03E-06 2.93E-09 2.74E-05 0.00E+00 0.00E+00 2.93E-09 2.74E-05 1.58E-06  0.99375
 9681.00 1.032951     1.46E-24 1.37E-20 0.00E+00 0.00E+00 7.01E-06 2.93E-09 2.75E-05 0.00E+00 0.00E+00 2.93E-09 2.75E-05 1.61E-06  0.99375
 9691.00 1.031885     1.41E-24 1.32E-20 0.00E+00 0.00E+00 7.11E-06 2.98E-09 2.80E-05 0.00E+00 0.00E+00 2.98E-09 2.80E-05 1.64E-06  0.99365
 9701.00 1.030822     1.36E-24 1.28E-20 0.00E+00 0.00E+00 7.10E-06 2.98E-09 2.80E-05 0.00E+00 0.00E+00 2.98E-09 2.80E-05 1.67E-06  0.99357
 9711.00 1.029760     1.29E-24 1.22E-20 0.00E+00 0.00E+00 7.08E-06 2.98E-09 2.81E-05 0.00E+00 0.00E+00 2.98E-09 2.81E-05 1.70E-06  0.99360
 9721.00 1.028701     1.30E-24 1.23E-20 0.00E+00 0.00E+00 7.09E-06 2.99E-09 2.82E-05 0.00E+00 0.00E+00 2.99E-09 2.82E-05 1.73E-06  0.99322
 9731.00 1.027644     1.31E-24 1.24E-20 0.00E+00 0.00E+00 7.13E-06 3.01E-09 2.85E-05 0.00E+00 0.00E+00 3.01E-09 2.85E-05 1.76E-06  0.99284
 9741.00 1.026589     1.16E-24 1.11E-20 0.00E+00 0.00E+00 7.11E-06 3.01E-09 2.86E-05 0.00E+00 0.00E+00 3.01E-09 2.86E-05 1.79E-06  0.99332
 9751.00 1.025536     1.12E-24 1.06E-20 0.00E+00 0.00E+00 7.13E-06 3.02E-09 2.87E-05 0.00E+00 0.00E+00 3.02E-09 2.87E-05 1.82E-06  0.99326
 9761.00 1.024485     1.13E-24 1.07E-20 0.00E+00 0.00E+00 7.11E-06 3.02E-09 2.88E-05 0.00E+00 0.00E+00 3.02E-09 2.88E-05 1.85E-06  0.99285
 9771.00 1.023437     1.21E-24 1.15E-20 0.00E+00 0.00E+00 7.12E-06 3.02E-09 2.89E-05 0.00E+00 0.00E+00 3.02E-09 2.89E-05 1.88E-06  0.99200
 9781.00 1.022390     9.86E-25 9.43E-21 0.00E+00 0.00E+00 7.05E-06 3.00E-09 2.87E-05 0.00E+00 0.00E+00 3.00E-09 2.87E-05 1.91E-06  0.99313
 9791.00 1.021346     9.40E-25 9.02E-21 0.00E+00 0.00E+00 7.04E-06 3.01E-09 2.88E-05 0.00E+00 0.00E+00 3.01E-09 2.88E-05 1.94E-06  0.99313
 9801.00 1.020304     8.87E-25 8.52E-21 0.00E+00 0.00E+00 7.06E-06 3.02E-09 2.90E-05 0.00E+00 0.00E+00 3.02E-09 2.90E-05 1.97E-06  0.99319
 9811.00 1.019264     9.65E-25 9.29E-21 0.00E+00 0.00E+00 6.98E-06 2.99E-09 2.87E-05 0.00E+00 0.00E+00 2.99E-09 2.87E-05 2.00E-06  0.99223
 9821.00 1.018226     7.74E-25 7.46E-21 0.00E+00 0.00E+00 7.06E-06 3.04E-09 2.93E-05 0.00E+00 0.00E+00 3.04E-09 2.93E-05 2.03E-06  0.99345
 9831.00 1.017191     7.86E-25 7.60E-21 0.00E+00 0.00E+00 7.08E-06 3.05E-09 2.94E-05 0.00E+00 0.00E+00 3.05E-09 2.94E-05 2.06E-06  0.99302
 9841.00 1.016157     7.24E-25 7.01E-21 0.00E+00 0.00E+00 7.06E-06 3.05E-09 2.95E-05 0.00E+00 0.00E+00 3.05E-09 2.95E-05 2.09E-06  0.99325
 9851.00 1.015125     7.37E-25 7.15E-21 0.00E+00 0.00E+00 7.05E-06 3.05E-09 2.96E-05 0.00E+00 0.00E+00 3.05E-09 2.96E-05 2.12E-06  0.99279
 9861.00 1.014096     6.73E-25 6.54E-21 0.00E+00 0.00E+00 7.10E-06 3.08E-09 2.99E-05 0.00E+00 0.00E+00 3.08E-09 2.99E-05 2.15E-06  0.99310
 9871.00 1.013069     6.35E-25 6.19E-21 0.00E+00 0.00E+00 7.11E-06 3.09E-09 3.01E-05 0.00E+00 0.00E+00 3.09E-09 3.01E-05 2.18E-06  0.99315
 9881.00 1.012043     6.72E-25 6.56E-21 0.00E+00 0.00E+00 7.11E-06 3.09E-09 3.02E-05 0.00E+00 0.00E+00 3.09E-09 3.02E-05 2.21E-06  0.99240
 9891.00 1.011020     5.92E-25 5.79E-21 0.00E+00 0.00E+00 7.11E-06 3.10E-09 3.03E-05 0.00E+00 0.00E+00 3.10E-09 3.03E-05 2.24E-06  0.99297
 9901.00 1.009999     6.98E-25 6.84E-21 0.00E+00 0.00E+00 7.13E-06 3.10E-09 3.04E-05 0.00E+00 0.00E+00 3.10E-09 3.04E-05 2.27E-06  0.99128
 9911.00 1.008980     6.79E-25 6.67E-21 0.00E+00 0.00E+00 7.11E-06 3.10E-09 3.04E-05 0.00E+00 0.00E+00 3.10E-09 3.04E-05 2.31E-06  0.99114
 9921.00 1.007963     5.66E-25 5.57E-21 0.00E+00 0.00E+00 7.12E-06 3.11E-09 3.06E-05 0.00E+00 0.00E+00 3.11E-09 3.06E-05 2.34E-06  0.99223
 9931.00 1.006948     4.92E-25 4.86E-21 0.00E+00 0.00E+00 7.08E-06 3.11E-09 3.06E-05 0.00E+00 0.00E+00 3.11E-09 3.06E-05 2.37E-06  0.99290
 9941.00 1.005935     4.90E-25 4.84E-21 0.00E+00 0.00E+00 6.84E-06 3.01E-09 2.97E-05 0.00E+00 0.00E+00 3.01E-09 2.97E-05 2.40E-06  0.99258
 9951.00 1.004924     4.68E-25 4.64E-21 0.00E+00 0.00E+00 6.70E-06 2.95E-09 2.92E-05 0.00E+00 0.00E+00 2.95E-09 2.92E-05 2.43E-06  0.99256
 9961.00 1.003915     4.67E-25 4.64E-21 0.00E+00 0.00E+00 7.02E-06 3.10E-09 3.07E-05 0.00E+00 0.00E+00 3.10E-09 3.07E-05 2.46E-06  0.99222
 9971.00 1.002908     4.41E-25 4.38E-21 0.00E+00 0.00E+00 7.09E-06 3.13E-09 3.11E-05 0.00E+00 0.00E+00 3.13E-09 3.11E-05 2.49E-06  0.99226
 9981.00 1.001904     5.57E-25 5.55E-21 0.00E+00 0.00E+00 7.15E-06 3.15E-09 3.13E-05 0.00E+00 0.00E+00 3.15E-09 3.13E-05 2.52E-06  0.98978
 9991.00 1.000901     3.72E-25 3.71E-21 0.00E+00 0.00E+00 7.14E-06 3.17E-09 3.17E-05 0.00E+00 0.00E+00 3.17E-09 3.17E-05 2.55E-06  0.99283
10001.00 .9999000     3.88E-25 3.88E-21 0.00E+00 0.00E+00 7.10E-06 3.16E-09 3.16E-05 0.00E+00 0.00E+00 3.16E-09 3.16E-05 2.58E-06  0.99214
10011.00 .9989012     3.52E-25 3.53E-21 0.00E+00 0.00E+00 7.12E-06 3.17E-09 3.18E-05 0.00E+00 0.00E+00 3.17E-09 3.18E-05 2.62E-06  0.99252
10021.00 .9979044     3.29E-25 3.31E-21 0.00E+00 0.00E+00 7.13E-06 3.19E-09 3.20E-05 0.00E+00 0.00E+00 3.19E-09 3.20E-05 2.65E-06  0.99266
10031.00 .9969096     3.10E-25 3.12E-21 0.00E+00 0.00E+00 7.13E-06 3.19E-09 3.21E-05 0.00E+00 0.00E+00 3.19E-09 3.21E-05 2.68E-06  0.99273
10041.00 .9959167     3.01E-25 3.04E-21 0.00E+00 0.00E+00 7.12E-06 3.19E-09 3.22E-05 0.00E+00 0.00E+00 3.19E-09 3.22E-05 2.71E-06  0.99259
10051.00 .9949259     2.77E-25 2.80E-21 0.00E+00 0.00E+00 7.12E-06 3.20E-09 3.23E-05 0.00E+00 0.00E+00 3.20E-09 3.23E-05 2.74E-06  0.99284
10061.00 .9939370     2.82E-25 2.85E-21 0.00E+00 0.00E+00 7.13E-06 3.21E-09 3.25E-05 0.00E+00 0.00E+00 3.21E-09 3.25E-05 2.78E-06  0.99236
10071.00 .9929501     3.68E-25 3.74E-21 0.00E+00 0.00E+00 7.12E-06 3.19E-09 3.24E-05 0.00E+00 0.00E+00 3.19E-09 3.24E-05 2.81E-06  0.98952
10081.00 .9919651     2.67E-25 2.72E-21 0.00E+00 0.00E+00 7.10E-06 3.21E-09 3.26E-05 0.00E+00 0.00E+00 3.21E-09 3.26E-05 2.84E-06  0.99202

                           RADIANCE (WATTS/CM2-STER-XXX)   [No STER in TOA SOLAR IRRADIANCE]

  FREQ   WAVELENGTH    PATH_THERMAL    SURFACE_EMISSION  SOL_IRR    SINGLE_SCATTER  GROUND_REFLECTED   TOTAL_RADIANCE  INTEGRAL    TOTAL
 (CM-1) (MICRON)      (CM-1)  (MICRN)   (CM-1)  (MICRN)   (CM-1)   (CM-1)  (MICRN)   (CM-1)  (MICRN)   (CM-1)  (MICRN)             TRANS

10091.00 .9909821     2.90E-25 2.95E-21 0.00E+00 0.00E+00 7.08E-06 3.20E-09 3.25E-05 0.00E+00 0.00E+00 3.20E-09 3.25E-05 2.87E-06  0.99090
10101.00 .9900010     3.47E-25 3.54E-21 0.00E+00 0.00E+00 7.04E-06 3.17E-09 3.23E-05 0.00E+00 0.00E+00 3.17E-09 3.23E-05 2.90E-06  0.98860
10111.00 .9890218     2.43E-25 2.48E-21 0.00E+00 0.00E+00 7.02E-06 3.18E-09 3.26E-05 0.00E+00 0.00E+00 3.18E-09 3.26E-05 2.93E-06  0.99162
10121.00 .9880447     3.37E-25 3.45E-21 0.00E+00 0.00E+00 7.11E-06 3.21E-09 3.28E-05 0.00E+00 0.00E+00 3.21E-09 3.28E-05 2.97E-06  0.98773
10131.00 .9870694     3.56E-25 3.65E-21 0.00E+00 0.00E+00 7.08E-06 3.19E-09 3.27E-05 0.00E+00 0.00E+00 3.19E-09 3.27E-05 3.00E-06  0.98653
10141.00 .9860960     2.63E-25 2.71E-21 0.00E+00 0.00E+00 7.08E-06 3.22E-09 3.31E-05 0.00E+00 0.00E+00 3.22E-09 3.31E-05 3.03E-06  0.98946
10151.00 .9851246     5.59E-25 5.76E-21 0.00E+00 0.00E+00 7.11E-06 3.16E-09 3.25E-05 0.00E+00 0.00E+00 3.16E-09 3.25E-05 3.06E-06  0.97648
10161.00 .9841551     4.22E-25 4.36E-21 0.00E+00 0.00E+00 7.09E-06 3.18E-09 3.28E-05 0.00E+00 0.00E+00 3.18E-09 3.28E-05 3.09E-06  0.98142
10171.00 .9831875     6.27E-25 6.49E-21 0.00E+00 0.00E+00 7.09E-06 3.12E-09 3.23E-05 0.00E+00 0.00E+00 3.12E-09 3.23E-05 3.13E-06  0.97084
10181.00 .9822218     5.94E-25 6.16E-21 0.00E+00 0.00E+00 7.12E-06 3.14E-09 3.26E-05 0.00E+00 0.00E+00 3.14E-09 3.26E-05 3.16E-06  0.97130
10191.00 .9812580     4.40E-25 4.57E-21 0.00E+00 0.00E+00 7.13E-06 3.19E-09 3.32E-05 0.00E+00 0.00E+00 3.19E-09 3.32E-05 3.19E-06  0.97755
10201.00 .9802961     9.30E-25 9.68E-21 0.00E+00 0.00E+00 7.07E-06 3.03E-09 3.15E-05 0.00E+00 0.00E+00 3.03E-09 3.15E-05 3.22E-06  0.95007
10211.00 .9793360     9.93E-25 1.03E-20 0.00E+00 0.00E+00 7.04E-06 2.98E-09 3.11E-05 0.00E+00 0.00E+00 2.98E-09 3.11E-05 3.25E-06  0.94437
10221.00 .9783779     9.21E-25 9.62E-21 0.00E+00 0.00E+00 7.05E-06 3.00E-09 3.14E-05 0.00E+00 0.00E+00 3.00E-09 3.14E-05 3.28E-06  0.94571
10231.00 .9774216     5.55E-25 5.81E-21 0.00E+00 0.00E+00 7.09E-06 3.12E-09 3.27E-05 0.00E+00 0.00E+00 3.12E-09 3.27E-05 3.31E-06  0.96561
10241.00 .9764671     1.09E-24 1.14E-20 0.00E+00 0.00E+00 7.03E-06 2.90E-09 3.04E-05 0.00E+00 0.00E+00 2.90E-09 3.04E-05 3.34E-06  0.92922
10251.00 .9755146     1.08E-24 1.13E-20 0.00E+00 0.00E+00 7.12E-06 2.96E-09 3.11E-05 0.00E+00 0.00E+00 2.96E-09 3.11E-05 3.37E-06  0.92659
10261.00 .9745639     9.74E-25 1.03E-20 0.00E+00 0.00E+00 7.00E-06 2.92E-09 3.08E-05 0.00E+00 0.00E+00 2.92E-09 3.08E-05 3.40E-06  0.93015
10271.00 .9736151     8.66E-25 9.13E-21 0.00E+00 0.00E+00 7.03E-06 2.94E-09 3.11E-05 0.00E+00 0.00E+00 2.94E-09 3.11E-05 3.43E-06  0.93530
10281.00 .9726681     6.13E-25 6.47E-21 0.00E+00 0.00E+00 7.11E-06 3.08E-09 3.26E-05 0.00E+00 0.00E+00 3.08E-09 3.26E-05 3.46E-06  0.95169
10291.00 .9717228     5.60E-25 5.93E-21 0.00E+00 0.00E+00 7.12E-06 3.12E-09 3.31E-05 0.00E+00 0.00E+00 3.12E-09 3.31E-05 3.49E-06  0.95371
10301.00 .9707795     4.58E-25 4.86E-21 0.00E+00 0.00E+00 7.06E-06 3.12E-09 3.32E-05 0.00E+00 0.00E+00 3.12E-09 3.32E-05 3.52E-06  0.95987
10311.00 .9698380     4.44E-25 4.72E-21 0.00E+00 0.00E+00 7.11E-06 3.15E-09 3.34E-05 0.00E+00 0.00E+00 3.15E-09 3.34E-05 3.55E-06  0.95973
10321.00 .9688984     4.54E-25 4.83E-21 0.00E+00 0.00E+00 7.08E-06 3.12E-09 3.33E-05 0.00E+00 0.00E+00 3.12E-09 3.33E-05 3.58E-06  0.95613
10331.00 .9679605     5.19E-25 5.54E-21 0.00E+00 0.00E+00 7.04E-06 3.08E-09 3.29E-05 0.00E+00 0.00E+00 3.08E-09 3.29E-05 3.61E-06  0.94794
10341.00 .9670244     9.52E-25 1.02E-20 0.00E+00 0.00E+00 7.08E-06 2.81E-09 3.00E-05 0.00E+00 0.00E+00 2.81E-09 3.00E-05 3.64E-06  0.89870
10351.00 .9660903     9.30E-25 9.96E-21 0.00E+00 0.00E+00 6.95E-06 2.74E-09 2.93E-05 0.00E+00 0.00E+00 2.74E-09 2.93E-05 3.67E-06  0.89754
10361.00 .9651578     9.11E-25 9.78E-21 0.00E+00 0.00E+00 7.04E-06 2.78E-09 2.98E-05 0.00E+00 0.00E+00 2.78E-09 2.98E-05 3.70E-06  0.89333
10371.00 .9642272     1.15E-24 1.23E-20 0.00E+00 0.00E+00 7.03E-06 2.63E-09 2.83E-05 0.00E+00 0.00E+00 2.63E-09 2.83E-05 3.72E-06  0.85995
10381.00 .9632983     7.62E-25 8.21E-21 0.00E+00 0.00E+00 7.03E-06 2.83E-09 3.05E-05 0.00E+00 0.00E+00 2.83E-09 3.05E-05 3.75E-06  0.90202
10391.00 .9623713     1.25E-24 1.35E-20 0.00E+00 0.00E+00 7.02E-06 2.50E-09 2.69E-05 0.00E+00 0.00E+00 2.50E-09 2.69E-05 3.78E-06  0.83223
10401.00 .9614460     8.64E-25 9.34E-21 0.00E+00 0.00E+00 7.12E-06 2.78E-09 3.00E-05 0.00E+00 0.00E+00 2.78E-09 3.00E-05 3.80E-06  0.87752
10411.00 .9605225     9.32E-25 1.01E-20 0.00E+00 0.00E+00 7.01E-06 2.62E-09 2.84E-05 0.00E+00 0.00E+00 2.62E-09 2.84E-05 3.83E-06  0.86193
10421.00 .9596009     1.32E-24 1.44E-20 0.00E+00 0.00E+00 7.11E-06 2.34E-09 2.54E-05 0.00E+00 0.00E+00 2.34E-09 2.54E-05 3.85E-06  0.79282
10431.00 .9586809     1.09E-24 1.19E-20 0.00E+00 0.00E+00 7.13E-06 2.53E-09 2.75E-05 0.00E+00 0.00E+00 2.53E-09 2.75E-05 3.88E-06  0.82160
10441.00 .9577627     7.35E-25 8.02E-21 0.00E+00 0.00E+00 7.03E-06 2.74E-09 2.99E-05 0.00E+00 0.00E+00 2.74E-09 2.99E-05 3.91E-06  0.87403
10451.00 .9568462     1.20E-24 1.31E-20 0.00E+00 0.00E+00 7.04E-06 2.34E-09 2.56E-05 0.00E+00 0.00E+00 2.34E-09 2.56E-05 3.93E-06  0.78347
10461.00 .9559315     1.08E-24 1.19E-20 0.00E+00 0.00E+00 7.02E-06 2.34E-09 2.56E-05 0.00E+00 0.00E+00 2.34E-09 2.56E-05 3.95E-06  0.79463
10471.00 .9550187     9.60E-25 1.05E-20 0.00E+00 0.00E+00 6.65E-06 2.32E-09 2.54E-05 0.00E+00 0.00E+00 2.32E-09 2.54E-05 3.98E-06  0.80854
10481.00 .9541074     8.45E-25 9.28E-21 0.00E+00 0.00E+00 6.93E-06 2.51E-09 2.76E-05 0.00E+00 0.00E+00 2.51E-09 2.76E-05 4.00E-06  0.82460
10491.00 .9531980     8.99E-25 9.89E-21 0.00E+00 0.00E+00 7.06E-06 2.41E-09 2.66E-05 0.00E+00 0.00E+00 2.41E-09 2.66E-05 4.03E-06  0.80200
10501.00 .9522902     1.24E-24 1.37E-20 0.00E+00 0.00E+00 7.11E-06 2.06E-09 2.27E-05 0.00E+00 0.00E+00 2.06E-09 2.27E-05 4.05E-06  0.71457
10511.00 .9513842     5.10E-25 5.63E-21 0.00E+00 0.00E+00 7.09E-06 2.80E-09 3.09E-05 0.00E+00 0.00E+00 2.80E-09 3.09E-05 4.08E-06  0.87821
10521.00 .9504801     1.03E-24 1.14E-20 0.00E+00 0.00E+00 7.08E-06 2.16E-09 2.39E-05 0.00E+00 0.00E+00 2.16E-09 2.39E-05 4.10E-06  0.73753
10531.00 .9495775     9.65E-25 1.07E-20 0.00E+00 0.00E+00 7.13E-06 2.25E-09 2.49E-05 0.00E+00 0.00E+00 2.25E-09 2.49E-05 4.12E-06  0.74531
10541.00 .9486766     7.73E-25 8.59E-21 0.00E+00 0.00E+00 7.12E-06 2.39E-09 2.65E-05 0.00E+00 0.00E+00 2.39E-09 2.65E-05 4.14E-06  0.78209
10551.00 .9477776     8.08E-25 8.99E-21 0.00E+00 0.00E+00 7.11E-06 2.27E-09 2.52E-05 0.00E+00 0.00E+00 2.27E-09 2.52E-05 4.17E-06  0.76393
10561.00 .9468799     7.24E-25 8.07E-21 0.00E+00 0.00E+00 7.08E-06 2.30E-09 2.57E-05 0.00E+00 0.00E+00 2.30E-09 2.57E-05 4.19E-06  0.77619
10571.00 .9459844     9.25E-25 1.03E-20 0.00E+00 0.00E+00 7.06E-06 2.04E-09 2.28E-05 0.00E+00 0.00E+00 2.04E-09 2.28E-05 4.21E-06  0.70125
10581.00 .9450902     6.11E-25 6.84E-21 0.00E+00 0.00E+00 7.01E-06 2.40E-09 2.69E-05 0.00E+00 0.00E+00 2.40E-09 2.69E-05 4.23E-06  0.79162

                           RADIANCE (WATTS/CM2-STER-XXX)   [No STER in TOA SOLAR IRRADIANCE]

  FREQ   WAVELENGTH    PATH_THERMAL    SURFACE_EMISSION  SOL_IRR    SINGLE_SCATTER  GROUND_REFLECTED   TOTAL_RADIANCE  INTEGRAL    TOTAL
 (CM-1) (MICRON)      (CM-1)  (MICRN)   (CM-1)  (MICRN)   (CM-1)   (CM-1)  (MICRN)   (CM-1)  (MICRN)   (CM-1)  (MICRN)             TRANS

10591.00 .9441979     9.22E-25 1.03E-20 0.00E+00 0.00E+00 6.92E-06 1.91E-09 2.14E-05 0.00E+00 0.00E+00 1.91E-09 2.14E-05 4.25E-06  0.67286
10601.00 .9433073     7.30E-25 8.21E-21 0.00E+00 0.00E+00 7.01E-06 2.16E-09 2.43E-05 0.00E+00 0.00E+00 2.16E-09 2.43E-05 4.27E-06  0.72507
10611.00 .9424182     5.36E-25 6.03E-21 0.00E+00 0.00E+00 7.00E-06 2.42E-09 2.73E-05 0.00E+00 0.00E+00 2.42E-09 2.73E-05 4.30E-06  0.79088
10621.00 .9415310     4.01E-25 4.53E-21 0.00E+00 0.00E+00 6.69E-06 2.45E-09 2.76E-05 0.00E+00 0.00E+00 2.45E-09 2.76E-05 4.32E-06  0.83398
10631.00 .9406453     3.73E-25 4.22E-21 0.00E+00 0.00E+00 6.92E-06 2.56E-09 2.89E-05 0.00E+00 0.00E+00 2.56E-09 2.89E-05 4.35E-06  0.83852
10641.00 .9397613     2.48E-25 2.80E-21 0.00E+00 0.00E+00 7.07E-06 2.90E-09 3.29E-05 0.00E+00 0.00E+00 2.90E-09 3.29E-05 4.38E-06  0.88759
10651.00 .9388791     5.05E-25 5.72E-21 0.00E+00 0.00E+00 7.09E-06 2.29E-09 2.60E-05 0.00E+00 0.00E+00 2.29E-09 2.60E-05 4.40E-06  0.75738
10661.00 .9379982     6.74E-25 7.66E-21 0.00E+00 0.00E+00 7.11E-06 1.88E-09 2.13E-05 0.00E+00 0.00E+00 1.88E-09 2.13E-05 4.42E-06  0.66206
10671.00 .9371194     6.45E-25 7.34E-21 0.00E+00 0.00E+00 7.11E-06 1.86E-09 2.12E-05 0.00E+00 0.00E+00 1.86E-09 2.12E-05 4.44E-06  0.66117
10681.00 .9362419     6.05E-25 6.90E-21 0.00E+00 0.00E+00 7.03E-06 1.90E-09 2.17E-05 0.00E+00 0.00E+00 1.90E-09 2.17E-05 4.46E-06  0.66372
10691.00 .9353662     5.48E-25 6.27E-21 0.00E+00 0.00E+00 7.05E-06 2.02E-09 2.31E-05 0.00E+00 0.00E+00 2.02E-09 2.31E-05 4.48E-06  0.68282
10701.00 .9344922     7.15E-25 8.19E-21 0.00E+00 0.00E+00 7.12E-06 1.54E-09 1.76E-05 0.00E+00 0.00E+00 1.54E-09 1.76E-05 4.49E-06  0.56449
10711.00 .9336196     5.19E-25 5.95E-21 0.00E+00 0.00E+00 7.13E-06 1.94E-09 2.22E-05 0.00E+00 0.00E+00 1.94E-09 2.22E-05 4.51E-06  0.66920
10721.00 .9327489     4.62E-25 5.31E-21 0.00E+00 0.00E+00 7.11E-06 2.06E-09 2.36E-05 0.00E+00 0.00E+00 2.06E-09 2.36E-05 4.53E-06  0.68942
10731.00 .9318796     4.32E-25 4.97E-21 0.00E+00 0.00E+00 7.08E-06 2.13E-09 2.46E-05 0.00E+00 0.00E+00 2.13E-09 2.46E-05 4.55E-06  0.69597
10741.00 .9310120     2.76E-25 3.19E-21 0.00E+00 0.00E+00 7.12E-06 2.59E-09 2.99E-05 0.00E+00 0.00E+00 2.59E-09 2.99E-05 4.58E-06  0.79555
10751.00 .9301461     2.04E-25 2.36E-21 0.00E+00 0.00E+00 7.09E-06 2.76E-09 3.19E-05 0.00E+00 0.00E+00 2.76E-09 3.19E-05 4.61E-06  0.84167
10761.00 .9292816     1.28E-25 1.48E-21 0.00E+00 0.00E+00 7.03E-06 3.00E-09 3.47E-05 0.00E+00 0.00E+00 3.00E-09 3.47E-05 4.64E-06  0.89555
10771.00 .9284190     1.11E-25 1.29E-21 0.00E+00 0.00E+00 7.13E-06 3.09E-09 3.59E-05 0.00E+00 0.00E+00 3.09E-09 3.59E-05 4.67E-06  0.90510
10781.00 .9275578     5.98E-26 6.95E-22 0.00E+00 0.00E+00 7.14E-06 3.35E-09 3.90E-05 0.00E+00 0.00E+00 3.35E-09 3.90E-05 4.70E-06  0.94669
10791.00 .9266981     3.50E-26 4.07E-22 0.00E+00 0.00E+00 7.00E-06 3.43E-09 3.99E-05 0.00E+00 0.00E+00 3.43E-09 3.99E-05 4.74E-06  0.96677
10801.00 .9258403     3.59E-26 4.18E-22 0.00E+00 0.00E+00 6.82E-06 3.33E-09 3.89E-05 0.00E+00 0.00E+00 3.33E-09 3.89E-05 4.77E-06  0.96449
10811.00 .9249837     4.25E-26 4.97E-22 0.00E+00 0.00E+00 6.98E-06 3.35E-09 3.92E-05 0.00E+00 0.00E+00 3.35E-09 3.92E-05 4.80E-06  0.95564
10821.00 .9241291     4.03E-26 4.72E-22 0.00E+00 0.00E+00 6.93E-06 3.33E-09 3.90E-05 0.00E+00 0.00E+00 3.33E-09 3.90E-05 4.84E-06  0.95596
10831.00 .9232758     2.96E-26 3.48E-22 0.00E+00 0.00E+00 6.66E-06 3.28E-09 3.84E-05 0.00E+00 0.00E+00 3.28E-09 3.84E-05 4.87E-06  0.96604
10841.00 .9224241     2.82E-26 3.31E-22 0.00E+00 0.00E+00 6.89E-06 3.41E-09 4.00E-05 0.00E+00 0.00E+00 3.41E-09 4.00E-05 4.90E-06  0.96585
10851.00 .9215741     3.46E-26 4.08E-22 0.00E+00 0.00E+00 6.84E-06 3.32E-09 3.91E-05 0.00E+00 0.00E+00 3.32E-09 3.91E-05 4.94E-06  0.95632
10861.00 .9207255     1.89E-26 2.23E-22 0.00E+00 0.00E+00 6.99E-06 3.53E-09 4.16E-05 0.00E+00 0.00E+00 3.53E-09 4.16E-05 4.97E-06  0.97505
10871.00 .9198787     3.69E-26 4.36E-22 0.00E+00 0.00E+00 7.09E-06 3.41E-09 4.03E-05 0.00E+00 0.00E+00 3.41E-09 4.03E-05 5.01E-06  0.94826
10881.00 .9190332     3.13E-26 3.70E-22 0.00E+00 0.00E+00 7.13E-06 3.47E-09 4.11E-05 0.00E+00 0.00E+00 3.47E-09 4.11E-05 5.04E-06  0.95403
10891.00 .9181893     5.10E-26 6.05E-22 0.00E+00 0.00E+00 7.09E-06 3.24E-09 3.84E-05 0.00E+00 0.00E+00 3.24E-09 3.84E-05 5.07E-06  0.92094
10901.00 .9173471     5.07E-26 6.03E-22 0.00E+00 0.00E+00 7.03E-06 3.20E-09 3.81E-05 0.00E+00 0.00E+00 3.20E-09 3.81E-05 5.10E-06  0.91876
10911.00 .9165062     3.05E-26 3.63E-22 0.00E+00 0.00E+00 7.12E-06 3.43E-09 4.08E-05 0.00E+00 0.00E+00 3.43E-09 4.08E-05 5.14E-06  0.94797
10921.00 .9156671     6.42E-26 7.66E-22 0.00E+00 0.00E+00 7.14E-06 3.06E-09 3.65E-05 0.00E+00 0.00E+00 3.06E-09 3.65E-05 5.17E-06  0.88566
10931.00 .9148294     2.38E-26 2.85E-22 0.00E+00 0.00E+00 7.06E-06 3.46E-09 4.13E-05 0.00E+00 0.00E+00 3.46E-09 4.13E-05 5.20E-06  0.95577
10941.00 .9139932     5.09E-26 6.09E-22 0.00E+00 0.00E+00 7.18E-06 3.19E-09 3.82E-05 0.00E+00 0.00E+00 3.19E-09 3.82E-05 5.24E-06  0.89927
10951.00 .9131587     4.52E-26 5.42E-22 0.00E+00 0.00E+00 7.22E-06 3.24E-09 3.89E-05 0.00E+00 0.00E+00 3.24E-09 3.89E-05 5.27E-06  0.90759
10961.00 .9123254     3.12E-26 3.75E-22 0.00E+00 0.00E+00 7.05E-06 3.36E-09 4.04E-05 0.00E+00 0.00E+00 3.36E-09 4.04E-05 5.30E-06  0.93206
10971.00 .9114940     2.37E-26 2.85E-22 0.00E+00 0.00E+00 6.97E-06 3.40E-09 4.09E-05 0.00E+00 0.00E+00 3.40E-09 4.09E-05 5.34E-06  0.94619
10981.00 .9106639     3.41E-26 4.11E-22 0.00E+00 0.00E+00 7.08E-06 3.29E-09 3.96E-05 0.00E+00 0.00E+00 3.29E-09 3.96E-05 5.37E-06  0.91852
10991.00 .9098353     2.89E-26 3.49E-22 0.00E+00 0.00E+00 6.96E-06 3.28E-09 3.96E-05 0.00E+00 0.00E+00 3.28E-09 3.96E-05 5.40E-06  0.92789
11001.00 .9090083     3.36E-26 4.06E-22 0.00E+00 0.00E+00 6.87E-06 3.20E-09 3.87E-05 0.00E+00 0.00E+00 3.20E-09 3.87E-05 5.43E-06  0.91149
11011.00 .9081826     3.14E-26 3.80E-22 0.00E+00 0.00E+00 7.01E-06 3.26E-09 3.95E-05 0.00E+00 0.00E+00 3.26E-09 3.95E-05 5.47E-06  0.91344
11021.00 .9073588     3.12E-26 3.78E-22 0.00E+00 0.00E+00 7.16E-06 3.34E-09 4.06E-05 0.00E+00 0.00E+00 3.34E-09 4.06E-05 5.50E-06  0.90965
11031.00 .9065361     1.77E-26 2.15E-22 0.00E+00 0.00E+00 7.00E-06 3.45E-09 4.20E-05 0.00E+00 0.00E+00 3.45E-09 4.20E-05 5.53E-06  0.94635
11041.00 .9057150     1.09E-26 1.33E-22 0.00E+00 0.00E+00 7.16E-06 3.68E-09 4.48E-05 0.00E+00 0.00E+00 3.68E-09 4.48E-05 5.57E-06  0.96503
11051.00 .9048955     9.06E-27 1.11E-22 0.00E+00 0.00E+00 7.21E-06 3.73E-09 4.56E-05 0.00E+00 0.00E+00 3.73E-09 4.56E-05 5.61E-06  0.96956
11061.00 .9040773     7.43E-27 9.09E-23 0.00E+00 0.00E+00 7.20E-06 3.77E-09 4.61E-05 0.00E+00 0.00E+00 3.77E-09 4.61E-05 5.65E-06  0.97390
11071.00 .9032608     1.47E-26 1.80E-22 0.00E+00 0.00E+00 7.13E-06 3.56E-09 4.37E-05 0.00E+00 0.00E+00 3.56E-09 4.37E-05 5.68E-06  0.94515
11081.00 .9024456     2.27E-26 2.79E-22 0.00E+00 0.00E+00 6.93E-06 3.28E-09 4.03E-05 0.00E+00 0.00E+00 3.28E-09 4.03E-05 5.71E-06  0.91157

                           RADIANCE (WATTS/CM2-STER-XXX)   [No STER in TOA SOLAR IRRADIANCE]

  FREQ   WAVELENGTH    PATH_THERMAL    SURFACE_EMISSION  SOL_IRR    SINGLE_SCATTER  GROUND_REFLECTED   TOTAL_RADIANCE  INTEGRAL    TOTAL
 (CM-1) (MICRON)      (CM-1)  (MICRN)   (CM-1)  (MICRN)   (CM-1)   (CM-1)  (MICRN)   (CM-1)  (MICRN)   (CM-1)  (MICRN)             TRANS

11091.00 .9016320     1.97E-26 2.42E-22 0.00E+00 0.00E+00 6.64E-06 3.19E-09 3.92E-05 0.00E+00 0.00E+00 3.19E-09 3.92E-05 5.75E-06  0.91964
11101.00 .9008198     2.13E-26 2.62E-22 0.00E+00 0.00E+00 6.93E-06 3.24E-09 3.99E-05 0.00E+00 0.00E+00 3.24E-09 3.99E-05 5.78E-06  0.90835
11111.00 .9000089     1.78E-26 2.20E-22 0.00E+00 0.00E+00 6.99E-06 3.39E-09 4.19E-05 0.00E+00 0.00E+00 3.39E-09 4.19E-05 5.81E-06  0.92010
11121.00 .8991998     2.99E-26 3.70E-22 0.00E+00 0.00E+00 7.15E-06 3.08E-09 3.81E-05 0.00E+00 0.00E+00 3.08E-09 3.81E-05 5.84E-06  0.85866
11131.00 .8983919     1.50E-26 1.86E-22 0.00E+00 0.00E+00 7.15E-06 3.51E-09 4.34E-05 0.00E+00 0.00E+00 3.51E-09 4.34E-05 5.88E-06  0.92602
11141.00 .8975855     1.30E-26 1.62E-22 0.00E+00 0.00E+00 7.11E-06 3.50E-09 4.34E-05 0.00E+00 0.00E+00 3.50E-09 4.34E-05 5.91E-06  0.93209
11151.00 .8967806     1.38E-26 1.72E-22 0.00E+00 0.00E+00 7.11E-06 3.46E-09 4.30E-05 0.00E+00 0.00E+00 3.46E-09 4.30E-05 5.95E-06  0.92419
11161.00 .8959770     8.69E-27 1.08E-22 0.00E+00 0.00E+00 7.23E-06 3.70E-09 4.61E-05 0.00E+00 0.00E+00 3.70E-09 4.61E-05 5.98E-06  0.95005
11171.00 .8951751     6.29E-27 7.85E-23 0.00E+00 0.00E+00 7.05E-06 3.68E-09 4.60E-05 0.00E+00 0.00E+00 3.68E-09 4.60E-05 6.02E-06  0.96231
11181.00 .8943744     3.54E-27 4.42E-23 0.00E+00 0.00E+00 7.06E-06 3.81E-09 4.76E-05 0.00E+00 0.00E+00 3.81E-09 4.76E-05 6.06E-06  0.97766
11191.00 .8935752     3.04E-27 3.80E-23 0.00E+00 0.00E+00 7.14E-06 3.87E-09 4.85E-05 0.00E+00 0.00E+00 3.87E-09 4.85E-05 6.10E-06  0.97972
11201.00 .8927775     1.99E-27 2.50E-23 0.00E+00 0.00E+00 6.98E-06 3.84E-09 4.82E-05 0.00E+00 0.00E+00 3.84E-09 4.82E-05 6.14E-06  0.98617
11211.00 .8919810     1.58E-27 1.99E-23 0.00E+00 0.00E+00 7.12E-06 3.94E-09 4.96E-05 0.00E+00 0.00E+00 3.94E-09 4.96E-05 6.18E-06  0.98841
11221.00 .8911862     1.21E-27 1.53E-23 0.00E+00 0.00E+00 7.16E-06 3.99E-09 5.03E-05 0.00E+00 0.00E+00 3.99E-09 5.03E-05 6.22E-06  0.99064
11231.00 .8903927     1.21E-27 1.52E-23 0.00E+00 0.00E+00 7.21E-06 4.02E-09 5.07E-05 0.00E+00 0.00E+00 4.02E-09 5.07E-05 6.26E-06  0.99021
11241.00 .8896006     1.09E-27 1.38E-23 0.00E+00 0.00E+00 7.14E-06 4.00E-09 5.05E-05 0.00E+00 0.00E+00 4.00E-09 5.05E-05 6.30E-06  0.99074
11251.00 .8888100     1.01E-27 1.28E-23 0.00E+00 0.00E+00 7.16E-06 4.02E-09 5.08E-05 0.00E+00 0.00E+00 4.02E-09 5.08E-05 6.34E-06  0.99099
11261.00 .8880205     1.11E-27 1.41E-23 0.00E+00 0.00E+00 7.10E-06 3.98E-09 5.04E-05 0.00E+00 0.00E+00 3.98E-09 5.04E-05 6.38E-06  0.98963
11271.00 .8872328     9.10E-28 1.16E-23 0.00E+00 0.00E+00 6.97E-06 3.92E-09 4.99E-05 0.00E+00 0.00E+00 3.92E-09 4.99E-05 6.42E-06  0.99104
11281.00 .8864462     9.44E-28 1.20E-23 0.00E+00 0.00E+00 6.74E-06 3.79E-09 4.83E-05 0.00E+00 0.00E+00 3.79E-09 4.83E-05 6.45E-06  0.99023
11291.00 .8856611     9.01E-28 1.15E-23 0.00E+00 0.00E+00 7.13E-06 4.02E-09 5.13E-05 0.00E+00 0.00E+00 4.02E-09 5.13E-05 6.49E-06  0.99025
11301.00 .8848775     7.55E-28 9.64E-24 0.00E+00 0.00E+00 7.13E-06 4.04E-09 5.16E-05 0.00E+00 0.00E+00 4.04E-09 5.16E-05 6.53E-06  0.99141
11311.00 .8840951     7.27E-28 9.31E-24 0.00E+00 0.00E+00 7.04E-06 3.99E-09 5.11E-05 0.00E+00 0.00E+00 3.99E-09 5.11E-05 6.57E-06  0.99129
11321.00 .8833143     7.04E-28 9.02E-24 0.00E+00 0.00E+00 7.12E-06 4.05E-09 5.19E-05 0.00E+00 0.00E+00 4.05E-09 5.19E-05 6.61E-06  0.99116
11331.00 .8825346     6.71E-28 8.61E-24 0.00E+00 0.00E+00 6.97E-06 3.97E-09 5.10E-05 0.00E+00 0.00E+00 3.97E-09 5.10E-05 6.65E-06  0.99114
11341.00 .8817565     6.39E-28 8.22E-24 0.00E+00 0.00E+00 7.09E-06 4.04E-09 5.20E-05 0.00E+00 0.00E+00 4.04E-09 5.20E-05 6.69E-06  0.99115
11351.00 .8809797     5.98E-28 7.70E-24 0.00E+00 0.00E+00 6.70E-06 3.83E-09 4.94E-05 0.00E+00 0.00E+00 3.83E-09 4.94E-05 6.73E-06  0.99130
11361.00 .8802041     5.69E-28 7.34E-24 0.00E+00 0.00E+00 7.09E-06 4.06E-09 5.24E-05 0.00E+00 0.00E+00 4.06E-09 5.24E-05 6.77E-06  0.99132
11371.00 .8794302     5.27E-28 6.81E-24 0.00E+00 0.00E+00 6.99E-06 4.01E-09 5.19E-05 0.00E+00 0.00E+00 4.01E-09 5.19E-05 6.81E-06  0.99155
11381.00 .8786574     5.12E-28 6.63E-24 0.00E+00 0.00E+00 7.16E-06 4.12E-09 5.33E-05 0.00E+00 0.00E+00 4.12E-09 5.33E-05 6.85E-06  0.99137
11391.00 .8778861     4.80E-28 6.23E-24 0.00E+00 0.00E+00 7.10E-06 4.09E-09 5.31E-05 0.00E+00 0.00E+00 4.09E-09 5.31E-05 6.90E-06  0.99151
11401.00 .8771161     4.56E-28 5.93E-24 0.00E+00 0.00E+00 7.12E-06 4.11E-09 5.34E-05 0.00E+00 0.00E+00 4.11E-09 5.34E-05 6.94E-06  0.99153
11411.00 .8763473     4.37E-28 5.69E-24 0.00E+00 0.00E+00 7.09E-06 4.10E-09 5.34E-05 0.00E+00 0.00E+00 4.10E-09 5.34E-05 6.98E-06  0.99147
11421.00 .8755801     4.13E-28 5.39E-24 0.00E+00 0.00E+00 6.88E-06 3.98E-09 5.20E-05 0.00E+00 0.00E+00 3.98E-09 5.20E-05 7.02E-06  0.99154
11431.00 .8748143     3.94E-28 5.15E-24 0.00E+00 0.00E+00 6.99E-06 4.05E-09 5.30E-05 0.00E+00 0.00E+00 4.05E-09 5.30E-05 7.06E-06  0.99153
11441.00 .8740494     3.76E-28 4.92E-24 0.00E+00 0.00E+00 7.03E-06 4.08E-09 5.35E-05 0.00E+00 0.00E+00 4.08E-09 5.35E-05 7.10E-06  0.99150
11451.00 .8732862     3.57E-28 4.68E-24 0.00E+00 0.00E+00 7.09E-06 4.12E-09 5.41E-05 0.00E+00 0.00E+00 4.12E-09 5.41E-05 7.14E-06  0.99154
11461.00 .8725241     3.40E-28 4.46E-24 0.00E+00 0.00E+00 7.17E-06 4.18E-09 5.49E-05 0.00E+00 0.00E+00 4.18E-09 5.49E-05 7.18E-06  0.99154
11471.00 .8717636     3.24E-28 4.26E-24 0.00E+00 0.00E+00 7.05E-06 4.12E-09 5.42E-05 0.00E+00 0.00E+00 4.12E-09 5.42E-05 7.22E-06  0.99152
11481.00 .8710044     3.10E-28 4.09E-24 0.00E+00 0.00E+00 7.09E-06 4.15E-09 5.47E-05 0.00E+00 0.00E+00 4.15E-09 5.47E-05 7.26E-06  0.99148
11491.00 .8702462     2.95E-28 3.89E-24 0.00E+00 0.00E+00 7.08E-06 4.15E-09 5.48E-05 0.00E+00 0.00E+00 4.15E-09 5.48E-05 7.31E-06  0.99149
11501.00 .8694897     2.81E-28 3.72E-24 0.00E+00 0.00E+00 6.91E-06 4.06E-09 5.37E-05 0.00E+00 0.00E+00 4.06E-09 5.37E-05 7.35E-06  0.99147
11511.00 .8687342     2.68E-28 3.56E-24 0.00E+00 0.00E+00 6.87E-06 4.04E-09 5.35E-05 0.00E+00 0.00E+00 4.04E-09 5.35E-05 7.39E-06  0.99146
11521.00 .8679803     2.56E-28 3.40E-24 0.00E+00 0.00E+00 6.89E-06 4.06E-09 5.39E-05 0.00E+00 0.00E+00 4.06E-09 5.39E-05 7.43E-06  0.99143
11531.00 .8672276     2.45E-28 3.25E-24 0.00E+00 0.00E+00 6.64E-06 3.92E-09 5.21E-05 0.00E+00 0.00E+00 3.92E-09 5.21E-05 7.47E-06  0.99141
11541.00 .8664759     2.33E-28 3.11E-24 0.00E+00 0.00E+00 5.28E-06 3.12E-09 4.16E-05 0.00E+00 0.00E+00 3.12E-09 4.16E-05 7.50E-06  0.99140
11551.00 .8657260     2.23E-28 2.98E-24 0.00E+00 0.00E+00 6.71E-06 3.97E-09 5.30E-05 0.00E+00 0.00E+00 3.97E-09 5.30E-05 7.54E-06  0.99137
11561.00 .8649770     2.13E-28 2.85E-24 0.00E+00 0.00E+00 7.05E-06 4.18E-09 5.59E-05 0.00E+00 0.00E+00 4.18E-09 5.59E-05 7.58E-06  0.99134
11571.00 .8642296     2.03E-28 2.72E-24 0.00E+00 0.00E+00 7.18E-06 4.26E-09 5.71E-05 0.00E+00 0.00E+00 4.26E-09 5.71E-05 7.62E-06  0.99134
11581.00 .8634834     1.94E-28 2.61E-24 0.00E+00 0.00E+00 7.13E-06 4.24E-09 5.69E-05 0.00E+00 0.00E+00 4.24E-09 5.69E-05 7.66E-06  0.99129

                           RADIANCE (WATTS/CM2-STER-XXX)   [No STER in TOA SOLAR IRRADIANCE]

  FREQ   WAVELENGTH    PATH_THERMAL    SURFACE_EMISSION  SOL_IRR    SINGLE_SCATTER  GROUND_REFLECTED   TOTAL_RADIANCE  INTEGRAL    TOTAL
 (CM-1) (MICRON)      (CM-1)  (MICRN)   (CM-1)  (MICRN)   (CM-1)   (CM-1)  (MICRN)   (CM-1)  (MICRN)   (CM-1)  (MICRN)             TRANS

11591.00 .8627383     1.88E-28 2.52E-24 0.00E+00 0.00E+00 7.13E-06 4.25E-09 5.71E-05 0.00E+00 0.00E+00 4.25E-09 5.71E-05 7.71E-06  0.99117
11601.00 .8619947     1.77E-28 2.38E-24 0.00E+00 0.00E+00 7.02E-06 4.19E-09 5.64E-05 0.00E+00 0.00E+00 4.19E-09 5.64E-05 7.75E-06  0.99124
11611.00 .8612522     1.72E-28 2.31E-24 0.00E+00 0.00E+00 7.01E-06 4.19E-09 5.65E-05 0.00E+00 0.00E+00 4.19E-09 5.65E-05 7.79E-06  0.99110
11621.00 .8605112     1.62E-28 2.19E-24 0.00E+00 0.00E+00 7.08E-06 4.24E-09 5.72E-05 0.00E+00 0.00E+00 4.24E-09 5.72E-05 7.83E-06  0.99115
11631.00 .8597714     1.57E-28 2.13E-24 0.00E+00 0.00E+00 7.03E-06 4.21E-09 5.70E-05 0.00E+00 0.00E+00 4.21E-09 5.70E-05 7.88E-06  0.99100
11641.00 .8590326     1.52E-28 2.06E-24 0.00E+00 0.00E+00 7.02E-06 4.21E-09 5.71E-05 0.00E+00 0.00E+00 4.21E-09 5.71E-05 7.92E-06  0.99085
11651.00 .8582955     1.43E-28 1.95E-24 0.00E+00 0.00E+00 7.02E-06 4.22E-09 5.73E-05 0.00E+00 0.00E+00 4.22E-09 5.73E-05 7.96E-06  0.99095
11661.00 .8575593     1.45E-28 1.98E-24 0.00E+00 0.00E+00 7.14E-06 4.30E-09 5.85E-05 0.00E+00 0.00E+00 4.30E-09 5.85E-05 8.00E-06  0.99036
11671.00 .8568247     1.32E-28 1.80E-24 0.00E+00 0.00E+00 7.15E-06 4.32E-09 5.88E-05 0.00E+00 0.00E+00 4.32E-09 5.88E-05 8.05E-06  0.99083
11681.00 .8560913     1.30E-28 1.77E-24 0.00E+00 0.00E+00 7.03E-06 4.25E-09 5.80E-05 0.00E+00 0.00E+00 4.25E-09 5.80E-05 8.09E-06  0.99052
11691.00 .8553588     1.26E-28 1.72E-24 0.00E+00 0.00E+00 6.82E-06 4.12E-09 5.64E-05 0.00E+00 0.00E+00 4.12E-09 5.64E-05 8.13E-06  0.99031
11701.00 .8546279     1.22E-28 1.68E-24 0.00E+00 0.00E+00 5.11E-06 3.09E-09 4.23E-05 0.00E+00 0.00E+00 3.09E-09 4.23E-05 8.16E-06  0.99012
11711.00 .8538980     1.21E-28 1.66E-24 0.00E+00 0.00E+00 6.10E-06 3.70E-09 5.07E-05 0.00E+00 0.00E+00 3.70E-09 5.07E-05 8.20E-06  0.98975
11721.00 .8531696     1.08E-28 1.49E-24 0.00E+00 0.00E+00 6.94E-06 4.22E-09 5.80E-05 0.00E+00 0.00E+00 4.22E-09 5.80E-05 8.24E-06  0.99037
11731.00 .8524424     1.09E-28 1.51E-24 0.00E+00 0.00E+00 7.05E-06 4.29E-09 5.90E-05 0.00E+00 0.00E+00 4.29E-09 5.90E-05 8.28E-06  0.98977
11741.00 .8517162     1.12E-28 1.54E-24 0.00E+00 0.00E+00 6.84E-06 4.16E-09 5.74E-05 0.00E+00 0.00E+00 4.16E-09 5.74E-05 8.32E-06  0.98903
11751.00 .8509915     1.01E-28 1.39E-24 0.00E+00 0.00E+00 7.08E-06 4.32E-09 5.97E-05 0.00E+00 0.00E+00 4.32E-09 5.97E-05 8.37E-06  0.98964
11761.00 .8502678     9.14E-29 1.26E-24 0.00E+00 0.00E+00 6.27E-06 3.84E-09 5.31E-05 0.00E+00 0.00E+00 3.84E-09 5.31E-05 8.41E-06  0.99012
11771.00 .8495455     8.79E-29 1.22E-24 0.00E+00 0.00E+00 6.72E-06 4.12E-09 5.71E-05 0.00E+00 0.00E+00 4.12E-09 5.71E-05 8.45E-06  0.99001
11781.00 .8488245     8.46E-29 1.17E-24 0.00E+00 0.00E+00 7.14E-06 4.38E-09 6.09E-05 0.00E+00 0.00E+00 4.38E-09 6.09E-05 8.49E-06  0.98990
11791.00 .8481044     8.21E-29 1.14E-24 0.00E+00 0.00E+00 7.14E-06 4.39E-09 6.10E-05 0.00E+00 0.00E+00 4.39E-09 6.10E-05 8.54E-06  0.98972
11801.00 .8473859     7.19E-29 1.00E-24 0.00E+00 0.00E+00 6.98E-06 4.31E-09 6.00E-05 0.00E+00 0.00E+00 4.31E-09 6.00E-05 8.58E-06  0.99054
11811.00 .8466683     7.14E-29 9.96E-25 0.00E+00 0.00E+00 7.00E-06 4.32E-09 6.03E-05 0.00E+00 0.00E+00 4.32E-09 6.03E-05 8.62E-06  0.99012
11821.00 .8459522     6.97E-29 9.74E-25 0.00E+00 0.00E+00 7.11E-06 4.40E-09 6.15E-05 0.00E+00 0.00E+00 4.40E-09 6.15E-05 8.67E-06  0.98989
11831.00 .8452373     6.59E-29 9.23E-25 0.00E+00 0.00E+00 7.10E-06 4.40E-09 6.16E-05 0.00E+00 0.00E+00 4.40E-09 6.16E-05 8.71E-06  0.98995
11841.00 .8445232     6.84E-29 9.59E-25 0.00E+00 0.00E+00 7.02E-06 4.35E-09 6.10E-05 0.00E+00 0.00E+00 4.35E-09 6.10E-05 8.75E-06  0.98903
11851.00 .8438107     7.23E-29 1.01E-24 0.00E+00 0.00E+00 6.94E-06 4.30E-09 6.03E-05 0.00E+00 0.00E+00 4.30E-09 6.03E-05 8.80E-06  0.98785
11861.00 .8430992     6.32E-29 8.89E-25 0.00E+00 0.00E+00 7.08E-06 4.40E-09 6.19E-05 0.00E+00 0.00E+00 4.40E-09 6.19E-05 8.84E-06  0.98885
11871.00 .8423891     5.90E-29 8.31E-25 0.00E+00 0.00E+00 7.02E-06 4.37E-09 6.16E-05 0.00E+00 0.00E+00 4.37E-09 6.16E-05 8.88E-06  0.98904
11881.00 .8416801     6.64E-29 9.37E-25 0.00E+00 0.00E+00 7.09E-06 4.40E-09 6.21E-05 0.00E+00 0.00E+00 4.40E-09 6.21E-05 8.93E-06  0.98708
11891.00 .8409721     6.84E-29 9.67E-25 0.00E+00 0.00E+00 7.15E-06 4.44E-09 6.27E-05 0.00E+00 0.00E+00 4.44E-09 6.27E-05 8.97E-06  0.98602
11901.00 .8402656     5.76E-29 8.16E-25 0.00E+00 0.00E+00 7.09E-06 4.43E-09 6.27E-05 0.00E+00 0.00E+00 4.43E-09 6.27E-05 9.02E-06  0.98761
11911.00 .8395600     5.55E-29 7.87E-25 0.00E+00 0.00E+00 7.06E-06 4.41E-09 6.26E-05 0.00E+00 0.00E+00 4.41E-09 6.26E-05 9.06E-06  0.98751
11921.00 .8388559     6.06E-29 8.61E-25 0.00E+00 0.00E+00 6.85E-06 4.27E-09 6.07E-05 0.00E+00 0.00E+00 4.27E-09 6.07E-05 9.10E-06  0.98562
11931.00 .8381528     5.96E-29 8.49E-25 0.00E+00 0.00E+00 7.09E-06 4.43E-09 6.30E-05 0.00E+00 0.00E+00 4.43E-09 6.30E-05 9.15E-06  0.98511
11941.00 .8374507     6.41E-29 9.14E-25 0.00E+00 0.00E+00 7.14E-06 4.45E-09 6.34E-05 0.00E+00 0.00E+00 4.45E-09 6.34E-05 9.19E-06  0.98329
11951.00 .8367501     6.18E-29 8.83E-25 0.00E+00 0.00E+00 7.04E-06 4.39E-09 6.27E-05 0.00E+00 0.00E+00 4.39E-09 6.27E-05 9.24E-06  0.98300
11961.00 .8360505     7.23E-29 1.03E-24 0.00E+00 0.00E+00 7.11E-06 4.41E-09 6.30E-05 0.00E+00 0.00E+00 4.41E-09 6.30E-05 9.28E-06  0.97915
11971.00 .8353522     6.32E-29 9.05E-25 0.00E+00 0.00E+00 7.09E-06 4.42E-09 6.33E-05 0.00E+00 0.00E+00 4.42E-09 6.33E-05 9.32E-06  0.98091
11981.00 .8346550     5.80E-29 8.32E-25 0.00E+00 0.00E+00 6.97E-06 4.36E-09 6.25E-05 0.00E+00 0.00E+00 4.36E-09 6.25E-05 9.37E-06  0.98148
11991.00 .8339587     8.38E-29 1.20E-24 0.00E+00 0.00E+00 6.98E-06 4.29E-09 6.17E-05 0.00E+00 0.00E+00 4.29E-09 6.17E-05 9.41E-06  0.97204
12001.00 .8332639     7.78E-29 1.12E-24 0.00E+00 0.00E+00 6.89E-06 4.24E-09 6.11E-05 0.00E+00 0.00E+00 4.24E-09 6.11E-05 9.45E-06  0.97277
12011.00 .8325701     1.02E-28 1.47E-24 0.00E+00 0.00E+00 6.99E-06 4.24E-09 6.12E-05 0.00E+00 0.00E+00 4.24E-09 6.12E-05 9.50E-06  0.96201
12021.00 .8318776     1.13E-28 1.64E-24 0.00E+00 0.00E+00 7.07E-06 4.25E-09 6.14E-05 0.00E+00 0.00E+00 4.25E-09 6.14E-05 9.54E-06  0.95643
12031.00 .8311862     6.84E-29 9.90E-25 0.00E+00 0.00E+00 6.95E-06 4.31E-09 6.23E-05 0.00E+00 0.00E+00 4.31E-09 6.23E-05 9.58E-06  0.97207
12041.00 .8304957     9.72E-29 1.41E-24 0.00E+00 0.00E+00 7.03E-06 4.26E-09 6.18E-05 0.00E+00 0.00E+00 4.26E-09 6.18E-05 9.62E-06  0.95863
12051.00 .8298067     8.90E-29 1.29E-24 0.00E+00 0.00E+00 7.04E-06 4.28E-09 6.21E-05 0.00E+00 0.00E+00 4.28E-09 6.21E-05 9.67E-06  0.96001
12061.00 .8291186     1.11E-28 1.62E-24 0.00E+00 0.00E+00 7.11E-06 4.24E-09 6.17E-05 0.00E+00 0.00E+00 4.24E-09 6.17E-05 9.71E-06  0.94776
12071.00 .8284318     1.04E-28 1.52E-24 0.00E+00 0.00E+00 7.16E-06 4.28E-09 6.24E-05 0.00E+00 0.00E+00 4.28E-09 6.24E-05 9.75E-06  0.94830
12081.00 .8277462     1.16E-28 1.69E-24 0.00E+00 0.00E+00 7.12E-06 4.18E-09 6.10E-05 0.00E+00 0.00E+00 4.18E-09 6.10E-05 9.79E-06  0.93977

                           RADIANCE (WATTS/CM2-STER-XXX)   [No STER in TOA SOLAR IRRADIANCE]

  FREQ   WAVELENGTH    PATH_THERMAL    SURFACE_EMISSION  SOL_IRR    SINGLE_SCATTER  GROUND_REFLECTED   TOTAL_RADIANCE  INTEGRAL    TOTAL
 (CM-1) (MICRON)      (CM-1)  (MICRN)   (CM-1)  (MICRN)   (CM-1)   (CM-1)  (MICRN)   (CM-1)  (MICRN)   (CM-1)  (MICRN)             TRANS

12091.00 .8270614     4.49E-29 6.57E-25 0.00E+00 0.00E+00 7.14E-06 4.49E-09 6.57E-05 0.00E+00 0.00E+00 4.49E-09 6.57E-05 9.84E-06  0.97569
12101.00 .8263780     6.12E-29 8.97E-25 0.00E+00 0.00E+00 7.13E-06 4.40E-09 6.44E-05 0.00E+00 0.00E+00 4.40E-09 6.44E-05 9.88E-06  0.96465
12111.00 .8256956     6.53E-29 9.57E-25 0.00E+00 0.00E+00 7.08E-06 4.36E-09 6.39E-05 0.00E+00 0.00E+00 4.36E-09 6.39E-05 9.93E-06  0.96104
12121.00 .8250145     3.59E-29 5.27E-25 0.00E+00 0.00E+00 7.02E-06 4.46E-09 6.56E-05 0.00E+00 0.00E+00 4.46E-09 6.56E-05 9.97E-06  0.97716
12131.00 .8243345     5.16E-29 7.59E-25 0.00E+00 0.00E+00 7.07E-06 4.40E-09 6.47E-05 0.00E+00 0.00E+00 4.40E-09 6.47E-05 1.00E-05  0.96589
12141.00 .8236553     1.02E-28 1.51E-24 0.00E+00 0.00E+00 6.97E-06 4.06E-09 5.99E-05 0.00E+00 0.00E+00 4.06E-09 5.99E-05 1.01E-05  0.92767
12151.00 .8229776     1.93E-28 2.85E-24 0.00E+00 0.00E+00 7.04E-06 3.59E-09 5.30E-05 0.00E+00 0.00E+00 3.59E-09 5.30E-05 1.01E-05  0.85920
12161.00 .8223007     5.40E-29 7.99E-25 0.00E+00 0.00E+00 6.90E-06 4.24E-09 6.27E-05 0.00E+00 0.00E+00 4.24E-09 6.27E-05 1.01E-05  0.95873
12171.00 .8216252     3.35E-29 4.96E-25 0.00E+00 0.00E+00 6.93E-06 4.39E-09 6.50E-05 0.00E+00 0.00E+00 4.39E-09 6.50E-05 1.02E-05  0.97303
12181.00 .8209508     2.15E-29 3.19E-25 0.00E+00 0.00E+00 6.96E-06 4.49E-09 6.67E-05 0.00E+00 0.00E+00 4.49E-09 6.67E-05 1.02E-05  0.98188
12191.00 .8202772     5.78E-29 8.59E-25 0.00E+00 0.00E+00 6.90E-06 4.18E-09 6.21E-05 0.00E+00 0.00E+00 4.18E-09 6.21E-05 1.03E-05  0.94807
12201.00 .8196050     6.65E-29 9.90E-25 0.00E+00 0.00E+00 6.83E-06 4.09E-09 6.09E-05 0.00E+00 0.00E+00 4.09E-09 6.09E-05 1.03E-05  0.93777
12211.00 .8189337     6.18E-29 9.21E-25 0.00E+00 0.00E+00 6.96E-06 4.19E-09 6.24E-05 0.00E+00 0.00E+00 4.19E-09 6.24E-05 1.03E-05  0.93954
12221.00 .8182637     7.41E-29 1.11E-24 0.00E+00 0.00E+00 6.94E-06 4.03E-09 6.01E-05 0.00E+00 0.00E+00 4.03E-09 6.01E-05 1.04E-05  0.92302
12231.00 .8175948     5.78E-29 8.64E-25 0.00E+00 0.00E+00 7.12E-06 4.29E-09 6.41E-05 0.00E+00 0.00E+00 4.29E-09 6.41E-05 1.04E-05  0.93767
12241.00 .8169267     7.16E-29 1.07E-24 0.00E+00 0.00E+00 7.09E-06 4.13E-09 6.18E-05 0.00E+00 0.00E+00 4.13E-09 6.18E-05 1.05E-05  0.91812
12251.00 .8162600     6.98E-29 1.05E-24 0.00E+00 0.00E+00 7.08E-06 4.13E-09 6.21E-05 0.00E+00 0.00E+00 4.13E-09 6.21E-05 1.05E-05  0.91718
12261.00 .8155941     5.12E-29 7.69E-25 0.00E+00 0.00E+00 7.09E-06 4.25E-09 6.39E-05 0.00E+00 0.00E+00 4.25E-09 6.39E-05 1.06E-05  0.93567
12271.00 .8149295     4.22E-29 6.36E-25 0.00E+00 0.00E+00 7.10E-06 4.30E-09 6.48E-05 0.00E+00 0.00E+00 4.30E-09 6.48E-05 1.06E-05  0.94445
12281.00 .8142661     3.28E-29 4.95E-25 0.00E+00 0.00E+00 7.12E-06 4.43E-09 6.69E-05 0.00E+00 0.00E+00 4.43E-09 6.69E-05 1.06E-05  0.95456
12291.00 .8136034     3.25E-29 4.91E-25 0.00E+00 0.00E+00 7.14E-06 4.42E-09 6.68E-05 0.00E+00 0.00E+00 4.42E-09 6.68E-05 1.07E-05  0.95274
12301.00 .8129421     1.62E-29 2.45E-25 0.00E+00 0.00E+00 7.10E-06 4.62E-09 6.99E-05 0.00E+00 0.00E+00 4.62E-09 6.99E-05 1.07E-05  0.97530
12311.00 .8122816     1.36E-29 2.06E-25 0.00E+00 0.00E+00 7.10E-06 4.65E-09 7.05E-05 0.00E+00 0.00E+00 4.65E-09 7.05E-05 1.08E-05  0.97829
12321.00 .8116225     1.23E-29 1.87E-25 0.00E+00 0.00E+00 7.08E-06 4.66E-09 7.07E-05 0.00E+00 0.00E+00 4.66E-09 7.07E-05 1.08E-05  0.97921
12331.00 .8109643     9.82E-30 1.49E-25 0.00E+00 0.00E+00 7.10E-06 4.71E-09 7.17E-05 0.00E+00 0.00E+00 4.71E-09 7.17E-05 1.09E-05  0.98266
12341.00 .8103070     7.97E-30 1.21E-25 0.00E+00 0.00E+00 7.01E-06 4.69E-09 7.14E-05 0.00E+00 0.00E+00 4.69E-09 7.14E-05 1.09E-05  0.98517
12351.00 .8096511     7.89E-30 1.20E-25 0.00E+00 0.00E+00 6.92E-06 4.63E-09 7.06E-05 0.00E+00 0.00E+00 4.63E-09 7.06E-05 1.10E-05  0.98462
12361.00 .8089960     6.66E-30 1.02E-25 0.00E+00 0.00E+00 6.98E-06 4.69E-09 7.17E-05 0.00E+00 0.00E+00 4.69E-09 7.17E-05 1.10E-05  0.98633
12371.00 .8083422     6.16E-30 9.42E-26 0.00E+00 0.00E+00 7.03E-06 4.74E-09 7.25E-05 0.00E+00 0.00E+00 4.74E-09 7.25E-05 1.11E-05  0.98676
12381.00 .8076893     5.42E-30 8.32E-26 0.00E+00 0.00E+00 7.04E-06 4.76E-09 7.30E-05 0.00E+00 0.00E+00 4.76E-09 7.30E-05 1.11E-05  0.98772
12391.00 .8070373     5.29E-30 8.13E-26 0.00E+00 0.00E+00 7.08E-06 4.80E-09 7.37E-05 0.00E+00 0.00E+00 4.80E-09 7.37E-05 1.12E-05  0.98741
12401.00 .8063866     5.06E-30 7.78E-26 0.00E+00 0.00E+00 7.15E-06 4.85E-09 7.46E-05 0.00E+00 0.00E+00 4.85E-09 7.46E-05 1.12E-05  0.98738
12411.00 .8057368     4.61E-30 7.10E-26 0.00E+00 0.00E+00 7.09E-06 4.83E-09 7.43E-05 0.00E+00 0.00E+00 4.83E-09 7.43E-05 1.13E-05  0.98790
12421.00 .8050882     4.66E-30 7.19E-26 0.00E+00 0.00E+00 6.88E-06 4.68E-09 7.23E-05 0.00E+00 0.00E+00 4.68E-09 7.23E-05 1.13E-05  0.98713
12431.00 .8044406     5.47E-30 8.46E-26 0.00E+00 0.00E+00 7.05E-06 4.77E-09 7.37E-05 0.00E+00 0.00E+00 4.77E-09 7.37E-05 1.13E-05  0.98418
12441.00 .8037938     5.08E-30 7.86E-26 0.00E+00 0.00E+00 7.08E-06 4.80E-09 7.44E-05 0.00E+00 0.00E+00 4.80E-09 7.44E-05 1.14E-05  0.98456
12451.00 .8031484     4.95E-30 7.67E-26 0.00E+00 0.00E+00 6.99E-06 4.75E-09 7.36E-05 0.00E+00 0.00E+00 4.75E-09 7.36E-05 1.14E-05  0.98419
12461.00 .8025038     4.95E-30 7.69E-26 0.00E+00 0.00E+00 7.08E-06 4.80E-09 7.46E-05 0.00E+00 0.00E+00 4.80E-09 7.46E-05 1.15E-05  0.98343
12471.00 .8018604     4.27E-30 6.64E-26 0.00E+00 0.00E+00 7.11E-06 4.85E-09 7.55E-05 0.00E+00 0.00E+00 4.85E-09 7.55E-05 1.15E-05  0.98494
12481.00 .8012180     4.64E-30 7.22E-26 0.00E+00 0.00E+00 7.10E-06 4.83E-09 7.53E-05 0.00E+00 0.00E+00 4.83E-09 7.53E-05 1.16E-05  0.98284
12491.00 .8005763     4.16E-30 6.49E-26 0.00E+00 0.00E+00 7.04E-06 4.81E-09 7.50E-05 0.00E+00 0.00E+00 4.81E-09 7.50E-05 1.16E-05  0.98383
12501.00 .7999361     3.80E-30 5.94E-26 0.00E+00 0.00E+00 6.96E-06 4.77E-09 7.45E-05 0.00E+00 0.00E+00 4.77E-09 7.45E-05 1.17E-05  0.98454
12511.00 .7992966     3.02E-30 4.73E-26 0.00E+00 0.00E+00 7.12E-06 4.91E-09 7.69E-05 0.00E+00 0.00E+00 4.91E-09 7.69E-05 1.17E-05  0.98704
12521.00 .7986583     3.23E-30 5.06E-26 0.00E+00 0.00E+00 7.11E-06 4.90E-09 7.68E-05 0.00E+00 0.00E+00 4.90E-09 7.68E-05 1.18E-05  0.98547
12531.00 .7980210     2.67E-30 4.19E-26 0.00E+00 0.00E+00 7.10E-06 4.92E-09 7.73E-05 0.00E+00 0.00E+00 4.92E-09 7.73E-05 1.18E-05  0.98739
12541.00 .7973845     2.92E-30 4.59E-26 0.00E+00 0.00E+00 7.09E-06 4.90E-09 7.71E-05 0.00E+00 0.00E+00 4.90E-09 7.71E-05 1.19E-05  0.98549
12551.00 .7967494     3.42E-30 5.39E-26 0.00E+00 0.00E+00 7.10E-06 4.88E-09 7.69E-05 0.00E+00 0.00E+00 4.88E-09 7.69E-05 1.19E-05  0.98207
12561.00 .7961149     3.55E-30 5.60E-26 0.00E+00 0.00E+00 7.04E-06 4.83E-09 7.62E-05 0.00E+00 0.00E+00 4.83E-09 7.62E-05 1.20E-05  0.98064
12571.00 .7954817     2.25E-30 3.55E-26 0.00E+00 0.00E+00 7.06E-06 4.92E-09 7.78E-05 0.00E+00 0.00E+00 4.92E-09 7.78E-05 1.20E-05  0.98706
12581.00 .7948495     2.01E-30 3.18E-26 0.00E+00 0.00E+00 6.81E-06 4.77E-09 7.54E-05 0.00E+00 0.00E+00 4.77E-09 7.54E-05 1.21E-05  0.98787

                           RADIANCE (WATTS/CM2-STER-XXX)   [No STER in TOA SOLAR IRRADIANCE]

  FREQ   WAVELENGTH    PATH_THERMAL    SURFACE_EMISSION  SOL_IRR    SINGLE_SCATTER  GROUND_REFLECTED   TOTAL_RADIANCE  INTEGRAL    TOTAL
 (CM-1) (MICRON)      (CM-1)  (MICRN)   (CM-1)  (MICRN)   (CM-1)   (CM-1)  (MICRN)   (CM-1)  (MICRN)   (CM-1)  (MICRN)             TRANS

12591.00 .7942180     1.78E-30 2.81E-26 0.00E+00 0.00E+00 6.83E-06 4.80E-09 7.61E-05 0.00E+00 0.00E+00 4.80E-09 7.61E-05 1.21E-05  0.98873
12601.00 .7935879     1.84E-30 2.93E-26 0.00E+00 0.00E+00 6.83E-06 4.79E-09 7.61E-05 0.00E+00 0.00E+00 4.79E-09 7.61E-05 1.22E-05  0.98765
12611.00 .7929584     2.28E-30 3.63E-26 0.00E+00 0.00E+00 7.01E-06 4.89E-09 7.77E-05 0.00E+00 0.00E+00 4.89E-09 7.77E-05 1.22E-05  0.98404
12621.00 .7923303     2.20E-30 3.50E-26 0.00E+00 0.00E+00 7.01E-06 4.89E-09 7.79E-05 0.00E+00 0.00E+00 4.89E-09 7.79E-05 1.23E-05  0.98380
12631.00 .7917031     1.89E-30 3.02E-26 0.00E+00 0.00E+00 6.91E-06 4.84E-09 7.73E-05 0.00E+00 0.00E+00 4.84E-09 7.73E-05 1.23E-05  0.98538
12641.00 .7910766     2.06E-30 3.28E-26 0.00E+00 0.00E+00 7.04E-06 4.92E-09 7.87E-05 0.00E+00 0.00E+00 4.92E-09 7.87E-05 1.24E-05  0.98333
12651.00 .7904514     1.94E-30 3.10E-26 0.00E+00 0.00E+00 7.10E-06 4.97E-09 7.96E-05 0.00E+00 0.00E+00 4.97E-09 7.96E-05 1.24E-05  0.98346
12661.00 .7898270     2.07E-30 3.32E-26 0.00E+00 0.00E+00 7.08E-06 4.95E-09 7.93E-05 0.00E+00 0.00E+00 4.95E-09 7.93E-05 1.25E-05  0.98138
12671.00 .7892038     1.74E-30 2.80E-26 0.00E+00 0.00E+00 7.12E-06 5.01E-09 8.04E-05 0.00E+00 0.00E+00 5.01E-09 8.04E-05 1.25E-05  0.98361
12681.00 .7885815     1.36E-30 2.19E-26 0.00E+00 0.00E+00 7.08E-06 5.02E-09 8.08E-05 0.00E+00 0.00E+00 5.02E-09 8.08E-05 1.26E-05  0.98656
12691.00 .7879599     1.36E-30 2.18E-26 0.00E+00 0.00E+00 7.05E-06 5.00E-09 8.05E-05 0.00E+00 0.00E+00 5.00E-09 8.05E-05 1.26E-05  0.98592
12701.00 .7873396     1.18E-30 1.91E-26 0.00E+00 0.00E+00 7.10E-06 5.05E-09 8.15E-05 0.00E+00 0.00E+00 5.05E-09 8.15E-05 1.27E-05  0.98709
12711.00 .7867201     1.13E-30 1.83E-26 0.00E+00 0.00E+00 7.14E-06 5.09E-09 8.23E-05 0.00E+00 0.00E+00 5.09E-09 8.23E-05 1.27E-05  0.98707
12721.00 .7861018     9.30E-31 1.51E-26 0.00E+00 0.00E+00 7.00E-06 5.02E-09 8.12E-05 0.00E+00 0.00E+00 5.02E-09 8.12E-05 1.28E-05  0.98881
12731.00 .7854844     8.80E-31 1.43E-26 0.00E+00 0.00E+00 6.99E-06 5.02E-09 8.14E-05 0.00E+00 0.00E+00 5.02E-09 8.14E-05 1.28E-05  0.98888
12741.00 .7848677     8.36E-31 1.36E-26 0.00E+00 0.00E+00 7.10E-06 5.11E-09 8.30E-05 0.00E+00 0.00E+00 5.11E-09 8.30E-05 1.29E-05  0.98890
12751.00 .7842523     7.85E-31 1.28E-26 0.00E+00 0.00E+00 7.09E-06 5.11E-09 8.31E-05 0.00E+00 0.00E+00 5.11E-09 8.31E-05 1.29E-05  0.98905
12761.00 .7836376     7.34E-31 1.19E-26 0.00E+00 0.00E+00 6.91E-06 4.99E-09 8.12E-05 0.00E+00 0.00E+00 4.99E-09 8.12E-05 1.30E-05  0.98925
12771.00 .7830241     6.96E-31 1.14E-26 0.00E+00 0.00E+00 7.04E-06 5.09E-09 8.30E-05 0.00E+00 0.00E+00 5.09E-09 8.30E-05 1.30E-05  0.98929
12781.00 .7824115     6.62E-31 1.08E-26 0.00E+00 0.00E+00 7.12E-06 5.16E-09 8.42E-05 0.00E+00 0.00E+00 5.16E-09 8.42E-05 1.31E-05  0.98930
12791.00 .7817996     6.30E-31 1.03E-26 0.00E+00 0.00E+00 7.12E-06 5.17E-09 8.45E-05 0.00E+00 0.00E+00 5.17E-09 8.45E-05 1.31E-05  0.98930
12801.00 .7811890     5.99E-31 9.81E-27 0.00E+00 0.00E+00 7.00E-06 5.09E-09 8.34E-05 0.00E+00 0.00E+00 5.09E-09 8.34E-05 1.32E-05  0.98932
12811.00 .7805791     5.73E-31 9.40E-27 0.00E+00 0.00E+00 7.09E-06 5.16E-09 8.47E-05 0.00E+00 0.00E+00 5.16E-09 8.47E-05 1.32E-05  0.98927
12821.00 .7799704     5.44E-31 8.94E-27 0.00E+00 0.00E+00 7.00E-06 5.11E-09 8.39E-05 0.00E+00 0.00E+00 5.11E-09 8.39E-05 1.33E-05  0.98930
12831.00 .7793626     5.21E-31 8.57E-27 0.00E+00 0.00E+00 7.09E-06 5.18E-09 8.52E-05 0.00E+00 0.00E+00 5.18E-09 8.52E-05 1.33E-05  0.98924
12841.00 .7787555     4.94E-31 8.15E-27 0.00E+00 0.00E+00 7.11E-06 5.20E-09 8.57E-05 0.00E+00 0.00E+00 5.20E-09 8.57E-05 1.34E-05  0.98926
12851.00 .7781496     4.72E-31 7.79E-27 0.00E+00 0.00E+00 7.10E-06 5.20E-09 8.59E-05 0.00E+00 0.00E+00 5.20E-09 8.59E-05 1.34E-05  0.98924
12861.00 .7775444     4.50E-31 7.44E-27 0.00E+00 0.00E+00 6.96E-06 5.11E-09 8.45E-05 0.00E+00 0.00E+00 5.11E-09 8.45E-05 1.35E-05  0.98923
12871.00 .7769405     4.28E-31 7.09E-27 0.00E+00 0.00E+00 7.11E-06 5.23E-09 8.66E-05 0.00E+00 0.00E+00 5.23E-09 8.66E-05 1.35E-05  0.98922
12881.00 .7763374     4.09E-31 6.78E-27 0.00E+00 0.00E+00 7.10E-06 5.23E-09 8.67E-05 0.00E+00 0.00E+00 5.23E-09 8.67E-05 1.36E-05  0.98920
12891.00 .7757350     3.91E-31 6.50E-27 0.00E+00 0.00E+00 7.09E-06 5.23E-09 8.69E-05 0.00E+00 0.00E+00 5.23E-09 8.69E-05 1.36E-05  0.98914
12901.00 .7751338     3.73E-31 6.21E-27 0.00E+00 0.00E+00 6.75E-06 4.99E-09 8.30E-05 0.00E+00 0.00E+00 4.99E-09 8.30E-05 1.37E-05  0.98912
12911.00 .7745333     3.57E-31 5.96E-27 0.00E+00 0.00E+00 6.91E-06 5.11E-09 8.52E-05 0.00E+00 0.00E+00 5.11E-09 8.52E-05 1.37E-05  0.98905
12921.00 .7739339     3.41E-31 5.70E-27 0.00E+00 0.00E+00 7.10E-06 5.26E-09 8.79E-05 0.00E+00 0.00E+00 5.26E-09 8.79E-05 1.38E-05  0.98901
12931.00 .7733355     3.28E-31 5.48E-27 0.00E+00 0.00E+00 7.06E-06 5.24E-09 8.76E-05 0.00E+00 0.00E+00 5.24E-09 8.76E-05 1.38E-05  0.98892
12941.00 .7727377     3.15E-31 5.28E-27 0.00E+00 0.00E+00 6.89E-06 5.12E-09 8.58E-05 0.00E+00 0.00E+00 5.12E-09 8.58E-05 1.39E-05  0.98880
12951.00 .7721412     3.02E-31 5.06E-27 0.00E+00 0.00E+00 6.99E-06 5.20E-09 8.72E-05 0.00E+00 0.00E+00 5.20E-09 8.72E-05 1.39E-05  0.98874
12961.00 .7715454     2.90E-31 4.86E-27 0.00E+00 0.00E+00 6.89E-06 5.14E-09 8.63E-05 0.00E+00 0.00E+00 5.14E-09 8.63E-05 1.40E-05  0.98865
12971.00 .7709506     2.80E-31 4.71E-27 0.00E+00 0.00E+00 7.03E-06 5.24E-09 8.82E-05 0.00E+00 0.00E+00 5.24E-09 8.82E-05 1.41E-05  0.98846
12981.00 .7703568     2.86E-31 4.81E-27 0.00E+00 0.00E+00 7.00E-06 5.21E-09 8.78E-05 0.00E+00 0.00E+00 5.21E-09 8.78E-05 1.41E-05  0.98764
12991.00 .7697636     3.05E-31 5.15E-27 0.00E+00 0.00E+00 6.97E-06 5.17E-09 8.73E-05 0.00E+00 0.00E+00 5.17E-09 8.73E-05 1.42E-05  0.98613
13001.00 .7691717     3.47E-31 5.87E-27 0.00E+00 0.00E+00 7.00E-06 5.16E-09 8.72E-05 0.00E+00 0.00E+00 5.16E-09 8.72E-05 1.42E-05  0.98342
13011.00 .7685804     4.21E-31 7.13E-27 0.00E+00 0.00E+00 7.06E-06 5.17E-09 8.76E-05 0.00E+00 0.00E+00 5.17E-09 8.76E-05 1.43E-05  0.97887
13021.00 .7679902     5.71E-31 9.68E-27 0.00E+00 0.00E+00 7.05E-06 5.07E-09 8.60E-05 0.00E+00 0.00E+00 5.07E-09 8.60E-05 1.43E-05  0.96988
13031.00 .7674009     7.29E-31 1.24E-26 0.00E+00 0.00E+00 7.08E-06 5.00E-09 8.49E-05 0.00E+00 0.00E+00 5.00E-09 8.49E-05 1.44E-05  0.95961
13041.00 .7668123     9.87E-31 1.68E-26 0.00E+00 0.00E+00 6.71E-06 4.59E-09 7.80E-05 0.00E+00 0.00E+00 4.59E-09 7.80E-05 1.44E-05  0.94251
13051.00 .7662249     1.14E-30 1.94E-26 0.00E+00 0.00E+00 6.62E-06 4.36E-09 7.43E-05 0.00E+00 0.00E+00 4.36E-09 7.43E-05 1.45E-05  0.93050
13061.00 .7656381     1.48E-30 2.53E-26 0.00E+00 0.00E+00 6.88E-06 4.22E-09 7.21E-05 0.00E+00 0.00E+00 4.22E-09 7.21E-05 1.45E-05  0.90452
13071.00 .7650524     1.93E-30 3.30E-26 0.00E+00 0.00E+00 7.11E-06 3.98E-09 6.80E-05 0.00E+00 0.00E+00 3.98E-09 6.80E-05 1.45E-05  0.86937
13081.00 .7644677     2.15E-30 3.69E-26 0.00E+00 0.00E+00 7.11E-06 3.64E-09 6.24E-05 0.00E+00 0.00E+00 3.64E-09 6.24E-05 1.46E-05  0.84741

                           RADIANCE (WATTS/CM2-STER-XXX)   [No STER in TOA SOLAR IRRADIANCE]

  FREQ   WAVELENGTH    PATH_THERMAL    SURFACE_EMISSION  SOL_IRR    SINGLE_SCATTER  GROUND_REFLECTED   TOTAL_RADIANCE  INTEGRAL    TOTAL
 (CM-1) (MICRON)      (CM-1)  (MICRN)   (CM-1)  (MICRN)   (CM-1)   (CM-1)  (MICRN)   (CM-1)  (MICRN)   (CM-1)  (MICRN)             TRANS

13091.00 .7638835     2.49E-30 4.27E-26 0.00E+00 0.00E+00 7.11E-06 3.21E-09 5.51E-05 0.00E+00 0.00E+00 3.21E-09 5.51E-05 1.46E-05  0.81475
13101.00 .7633006     2.60E-30 4.45E-26 0.00E+00 0.00E+00 7.10E-06 2.98E-09 5.12E-05 0.00E+00 0.00E+00 2.98E-09 5.12E-05 1.46E-05  0.79741
13111.00 .7627183     2.29E-30 3.93E-26 0.00E+00 0.00E+00 7.03E-06 3.11E-09 5.35E-05 0.00E+00 0.00E+00 3.11E-09 5.35E-05 1.47E-05  0.81250
13121.00 .7621371     1.13E-30 1.94E-26 0.00E+00 0.00E+00 6.78E-06 4.03E-09 6.93E-05 0.00E+00 0.00E+00 4.03E-09 6.93E-05 1.47E-05  0.90337
13131.00 .7615567     2.13E-30 3.67E-26 0.00E+00 0.00E+00 6.97E-06 2.92E-09 5.03E-05 0.00E+00 0.00E+00 2.92E-09 5.03E-05 1.47E-05  0.80643
13141.00 .7609770     3.10E-30 5.35E-26 0.00E+00 0.00E+00 7.01E-06 1.88E-09 3.25E-05 0.00E+00 0.00E+00 1.88E-09 3.25E-05 1.48E-05  0.70500
13151.00 .7603985     3.39E-30 5.86E-26 0.00E+00 0.00E+00 6.98E-06 1.82E-09 3.15E-05 0.00E+00 0.00E+00 1.82E-09 3.15E-05 1.48E-05  0.66214
13161.00 .7598206     2.16E-30 3.73E-26 0.00E+00 0.00E+00 7.04E-06 3.05E-09 5.28E-05 0.00E+00 0.00E+00 3.05E-09 5.28E-05 1.48E-05  0.77542
13171.00 .7592438     3.02E-31 5.23E-27 0.00E+00 0.00E+00 7.02E-06 5.15E-09 8.94E-05 0.00E+00 0.00E+00 5.15E-09 8.94E-05 1.49E-05  0.96749
13181.00 .7586679     9.97E-32 1.73E-27 0.00E+00 0.00E+00 6.85E-06 5.29E-09 9.19E-05 0.00E+00 0.00E+00 5.29E-09 9.19E-05 1.49E-05  0.98846
13191.00 .7580926     9.36E-32 1.63E-27 0.00E+00 0.00E+00 7.02E-06 5.43E-09 9.44E-05 0.00E+00 0.00E+00 5.43E-09 9.44E-05 1.50E-05  0.98861
13201.00 .7575184     8.91E-32 1.55E-27 0.00E+00 0.00E+00 6.98E-06 5.40E-09 9.42E-05 0.00E+00 0.00E+00 5.40E-09 9.42E-05 1.50E-05  0.98862
13211.00 .7569449     8.48E-32 1.48E-27 0.00E+00 0.00E+00 6.98E-06 5.41E-09 9.45E-05 0.00E+00 0.00E+00 5.41E-09 9.45E-05 1.51E-05  0.98862
13221.00 .7563725     8.09E-32 1.41E-27 0.00E+00 0.00E+00 6.96E-06 5.40E-09 9.44E-05 0.00E+00 0.00E+00 5.40E-09 9.44E-05 1.51E-05  0.98859
13231.00 .7558009     7.72E-32 1.35E-27 0.00E+00 0.00E+00 6.92E-06 5.38E-09 9.42E-05 0.00E+00 0.00E+00 5.38E-09 9.42E-05 1.52E-05  0.98856
13241.00 .7552299     7.36E-32 1.29E-27 0.00E+00 0.00E+00 7.03E-06 5.48E-09 9.61E-05 0.00E+00 0.00E+00 5.48E-09 9.61E-05 1.52E-05  0.98854
13251.00 .7546601     7.02E-32 1.23E-27 0.00E+00 0.00E+00 7.05E-06 5.50E-09 9.66E-05 0.00E+00 0.00E+00 5.50E-09 9.66E-05 1.53E-05  0.98853
13261.00 .7540909     6.71E-32 1.18E-27 0.00E+00 0.00E+00 7.08E-06 5.53E-09 9.72E-05 0.00E+00 0.00E+00 5.53E-09 9.72E-05 1.53E-05  0.98849
13271.00 .7535228     6.38E-32 1.12E-27 0.00E+00 0.00E+00 7.00E-06 5.48E-09 9.65E-05 0.00E+00 0.00E+00 5.48E-09 9.65E-05 1.54E-05  0.98849
13281.00 .7529554     6.09E-32 1.07E-27 0.00E+00 0.00E+00 6.94E-06 5.44E-09 9.59E-05 0.00E+00 0.00E+00 5.44E-09 9.59E-05 1.54E-05  0.98846
13291.00 .7523888     5.81E-32 1.03E-27 0.00E+00 0.00E+00 6.92E-06 5.43E-09 9.59E-05 0.00E+00 0.00E+00 5.43E-09 9.59E-05 1.55E-05  0.98844
13301.00 .7518232     5.55E-32 9.82E-28 0.00E+00 0.00E+00 7.01E-06 5.51E-09 9.74E-05 0.00E+00 0.00E+00 5.51E-09 9.74E-05 1.56E-05  0.98839
13311.00 .7512583     5.29E-32 9.36E-28 0.00E+00 0.00E+00 6.80E-06 5.35E-09 9.47E-05 0.00E+00 0.00E+00 5.35E-09 9.47E-05 1.56E-05  0.98839
13321.00 .7506945     5.07E-32 8.99E-28 0.00E+00 0.00E+00 7.01E-06 5.52E-09 9.79E-05 0.00E+00 0.00E+00 5.52E-09 9.79E-05 1.57E-05  0.98831
13331.00 .7501314     4.82E-32 8.57E-28 0.00E+00 0.00E+00 6.94E-06 5.48E-09 9.73E-05 0.00E+00 0.00E+00 5.48E-09 9.73E-05 1.57E-05  0.98831
13341.00 .7495689     4.60E-32 8.18E-28 0.00E+00 0.00E+00 6.78E-06 5.36E-09 9.54E-05 0.00E+00 0.00E+00 5.36E-09 9.54E-05 1.58E-05  0.98829
13351.00 .7490076     4.37E-32 7.80E-28 0.00E+00 0.00E+00 6.99E-06 5.53E-09 9.86E-05 0.00E+00 0.00E+00 5.53E-09 9.86E-05 1.58E-05  0.98830
13361.00 .7484469     4.17E-32 7.45E-28 0.00E+00 0.00E+00 6.95E-06 5.51E-09 9.83E-05 0.00E+00 0.00E+00 5.51E-09 9.83E-05 1.59E-05  0.98827
13371.00 .7478873     4.00E-32 7.15E-28 0.00E+00 0.00E+00 6.94E-06 5.51E-09 9.85E-05 0.00E+00 0.00E+00 5.51E-09 9.85E-05 1.59E-05  0.98819
13381.00 .7473284     3.82E-32 6.84E-28 0.00E+00 0.00E+00 6.98E-06 5.55E-09 9.94E-05 0.00E+00 0.00E+00 5.55E-09 9.94E-05 1.60E-05  0.98815
13391.00 .7467701     3.65E-32 6.54E-28 0.00E+00 0.00E+00 6.99E-06 5.56E-09 9.97E-05 0.00E+00 0.00E+00 5.56E-09 9.97E-05 1.61E-05  0.98812
13401.00 .7462130     3.48E-32 6.26E-28 0.00E+00 0.00E+00 6.93E-06 5.53E-09 9.92E-05 0.00E+00 0.00E+00 5.53E-09 9.92E-05 1.61E-05  0.98807
13411.00 .7456565     3.36E-32 6.05E-28 0.00E+00 0.00E+00 7.00E-06 5.58E-09 1.00E-04 0.00E+00 0.00E+00 5.58E-09 1.00E-04 1.62E-05  0.98791
13421.00 .7451010     3.18E-32 5.72E-28 0.00E+00 0.00E+00 6.85E-06 5.47E-09 9.86E-05 0.00E+00 0.00E+00 5.47E-09 9.86E-05 1.62E-05  0.98800
13431.00 .7445463     3.08E-32 5.55E-28 0.00E+00 0.00E+00 6.76E-06 5.41E-09 9.76E-05 0.00E+00 0.00E+00 5.41E-09 9.76E-05 1.63E-05  0.98778
13441.00 .7439922     2.95E-32 5.34E-28 0.00E+00 0.00E+00 6.98E-06 5.59E-09 1.01E-04 0.00E+00 0.00E+00 5.59E-09 1.01E-04 1.63E-05  0.98769
13451.00 .7434392     2.77E-32 5.02E-28 0.00E+00 0.00E+00 6.98E-06 5.61E-09 1.01E-04 0.00E+00 0.00E+00 5.61E-09 1.01E-04 1.64E-05  0.98786
13461.00 .7428868     2.81E-32 5.09E-28 0.00E+00 0.00E+00 6.91E-06 5.55E-09 1.01E-04 0.00E+00 0.00E+00 5.55E-09 1.01E-04 1.64E-05  0.98706
13471.00 .7423354     2.71E-32 4.92E-28 0.00E+00 0.00E+00 6.67E-06 5.36E-09 9.73E-05 0.00E+00 0.00E+00 5.36E-09 9.73E-05 1.65E-05  0.98691
13481.00 .7417849     2.59E-32 4.70E-28 0.00E+00 0.00E+00 6.68E-06 5.38E-09 9.77E-05 0.00E+00 0.00E+00 5.38E-09 9.77E-05 1.65E-05  0.98686
13491.00 .7412348     2.64E-32 4.81E-28 0.00E+00 0.00E+00 6.66E-06 5.36E-09 9.75E-05 0.00E+00 0.00E+00 5.36E-09 9.75E-05 1.66E-05  0.98590
13501.00 .7406859     2.37E-32 4.31E-28 0.00E+00 0.00E+00 6.85E-06 5.53E-09 1.01E-04 0.00E+00 0.00E+00 5.53E-09 1.01E-04 1.67E-05  0.98674
13511.00 .7401376     2.48E-32 4.52E-28 0.00E+00 0.00E+00 6.85E-06 5.52E-09 1.01E-04 0.00E+00 0.00E+00 5.52E-09 1.01E-04 1.67E-05  0.98538
13521.00 .7395903     2.64E-32 4.82E-28 0.00E+00 0.00E+00 6.85E-06 5.51E-09 1.01E-04 0.00E+00 0.00E+00 5.51E-09 1.01E-04 1.68E-05  0.98367
13531.00 .7390438     2.44E-32 4.46E-28 0.00E+00 0.00E+00 6.64E-06 5.35E-09 9.80E-05 0.00E+00 0.00E+00 5.35E-09 9.80E-05 1.68E-05  0.98420
13541.00 .7384979     2.63E-32 4.83E-28 0.00E+00 0.00E+00 6.83E-06 5.49E-09 1.01E-04 0.00E+00 0.00E+00 5.49E-09 1.01E-04 1.69E-05  0.98200
13551.00 .7379529     2.19E-32 4.02E-28 0.00E+00 0.00E+00 6.97E-06 5.64E-09 1.04E-04 0.00E+00 0.00E+00 5.64E-09 1.04E-04 1.69E-05  0.98431
13561.00 .7374087     2.38E-32 4.37E-28 0.00E+00 0.00E+00 6.98E-06 5.63E-09 1.04E-04 0.00E+00 0.00E+00 5.63E-09 1.04E-04 1.70E-05  0.98203
13571.00 .7368654     2.61E-32 4.81E-28 0.00E+00 0.00E+00 6.93E-06 5.56E-09 1.02E-04 0.00E+00 0.00E+00 5.56E-09 1.02E-04 1.70E-05  0.97934
13581.00 .7363229     2.57E-32 4.75E-28 0.00E+00 0.00E+00 6.87E-06 5.51E-09 1.02E-04 0.00E+00 0.00E+00 5.51E-09 1.02E-04 1.71E-05  0.97861

                           RADIANCE (WATTS/CM2-STER-XXX)   [No STER in TOA SOLAR IRRADIANCE]

  FREQ   WAVELENGTH    PATH_THERMAL    SURFACE_EMISSION  SOL_IRR    SINGLE_SCATTER  GROUND_REFLECTED   TOTAL_RADIANCE  INTEGRAL    TOTAL
 (CM-1) (MICRON)      (CM-1)  (MICRN)   (CM-1)  (MICRN)   (CM-1)   (CM-1)  (MICRN)   (CM-1)  (MICRN)   (CM-1)  (MICRN)             TRANS

13591.00 .7357810     2.13E-32 3.93E-28 0.00E+00 0.00E+00 6.83E-06 5.52E-09 1.02E-04 0.00E+00 0.00E+00 5.52E-09 1.02E-04 1.72E-05  0.98145
13601.00 .7352401     2.24E-32 4.15E-28 0.00E+00 0.00E+00 6.92E-06 5.58E-09 1.03E-04 0.00E+00 0.00E+00 5.58E-09 1.03E-04 1.72E-05  0.97937
13611.00 .7346998     2.14E-32 3.96E-28 0.00E+00 0.00E+00 6.98E-06 5.64E-09 1.05E-04 0.00E+00 0.00E+00 5.64E-09 1.05E-04 1.73E-05  0.97940
13621.00 .7341605     1.60E-32 2.96E-28 0.00E+00 0.00E+00 7.00E-06 5.72E-09 1.06E-04 0.00E+00 0.00E+00 5.72E-09 1.06E-04 1.73E-05  0.98383
13631.00 .7336220     2.43E-32 4.52E-28 0.00E+00 0.00E+00 6.93E-06 5.56E-09 1.03E-04 0.00E+00 0.00E+00 5.56E-09 1.03E-04 1.74E-05  0.97405
13641.00 .7330840     2.05E-32 3.81E-28 0.00E+00 0.00E+00 6.81E-06 5.51E-09 1.03E-04 0.00E+00 0.00E+00 5.51E-09 1.03E-04 1.74E-05  0.97715
13651.00 .7325471     1.85E-32 3.45E-28 0.00E+00 0.00E+00 6.83E-06 5.54E-09 1.03E-04 0.00E+00 0.00E+00 5.54E-09 1.03E-04 1.75E-05  0.97823
13661.00 .7320108     3.19E-32 5.95E-28 0.00E+00 0.00E+00 6.91E-06 5.41E-09 1.01E-04 0.00E+00 0.00E+00 5.41E-09 1.01E-04 1.75E-05  0.96055
13671.00 .7314754     2.98E-32 5.56E-28 0.00E+00 0.00E+00 6.86E-06 5.37E-09 1.00E-04 0.00E+00 0.00E+00 5.37E-09 1.00E-04 1.76E-05  0.96131
13681.00 .7309408     2.92E-32 5.46E-28 0.00E+00 0.00E+00 6.75E-06 5.30E-09 9.91E-05 0.00E+00 0.00E+00 5.30E-09 9.91E-05 1.76E-05  0.96019
13691.00 .7304068     3.46E-32 6.49E-28 0.00E+00 0.00E+00 6.93E-06 5.34E-09 1.00E-04 0.00E+00 0.00E+00 5.34E-09 1.00E-04 1.77E-05  0.95066
13701.00 .7298738     2.16E-32 4.05E-28 0.00E+00 0.00E+00 6.89E-06 5.50E-09 1.03E-04 0.00E+00 0.00E+00 5.50E-09 1.03E-04 1.78E-05  0.96747
13711.00 .7293413     3.76E-32 7.08E-28 0.00E+00 0.00E+00 6.58E-06 4.99E-09 9.38E-05 0.00E+00 0.00E+00 4.99E-09 9.38E-05 1.78E-05  0.94039
13721.00 .7288099     2.28E-32 4.30E-28 0.00E+00 0.00E+00 6.66E-06 5.30E-09 9.98E-05 0.00E+00 0.00E+00 5.30E-09 9.98E-05 1.79E-05  0.96247
13731.00 .7282792     2.26E-32 4.26E-28 0.00E+00 0.00E+00 6.85E-06 5.41E-09 1.02E-04 0.00E+00 0.00E+00 5.41E-09 1.02E-04 1.79E-05  0.96018
13741.00 .7277490     3.84E-32 7.24E-28 0.00E+00 0.00E+00 6.89E-06 5.13E-09 9.69E-05 0.00E+00 0.00E+00 5.13E-09 9.69E-05 1.80E-05  0.92990
13751.00 .7272199     2.11E-32 3.98E-28 0.00E+00 0.00E+00 6.97E-06 5.54E-09 1.05E-04 0.00E+00 0.00E+00 5.54E-09 1.05E-04 1.80E-05  0.95966
13761.00 .7266913     2.99E-32 5.67E-28 0.00E+00 0.00E+00 6.90E-06 5.28E-09 9.99E-05 0.00E+00 0.00E+00 5.28E-09 9.99E-05 1.81E-05  0.93944
13771.00 .7261637     1.89E-32 3.58E-28 0.00E+00 0.00E+00 6.83E-06 5.42E-09 1.03E-04 0.00E+00 0.00E+00 5.42E-09 1.03E-04 1.81E-05  0.96002
13781.00 .7256368     2.74E-32 5.21E-28 0.00E+00 0.00E+00 6.92E-06 5.28E-09 1.00E-04 0.00E+00 0.00E+00 5.28E-09 1.00E-04 1.82E-05  0.93847
13791.00 .7251105     2.06E-32 3.92E-28 0.00E+00 0.00E+00 6.88E-06 5.40E-09 1.03E-04 0.00E+00 0.00E+00 5.40E-09 1.03E-04 1.82E-05  0.95202
13801.00 .7245852     2.84E-32 5.40E-28 0.00E+00 0.00E+00 6.88E-06 5.22E-09 9.95E-05 0.00E+00 0.00E+00 5.22E-09 9.95E-05 1.83E-05  0.92991
13811.00 .7240605     2.28E-32 4.34E-28 0.00E+00 0.00E+00 6.89E-06 5.34E-09 1.02E-04 0.00E+00 0.00E+00 5.34E-09 1.02E-04 1.83E-05  0.94114
13821.00 .7235367     2.73E-32 5.22E-28 0.00E+00 0.00E+00 6.95E-06 5.23E-09 1.00E-04 0.00E+00 0.00E+00 5.23E-09 1.00E-04 1.84E-05  0.92605
13831.00 .7230136     1.13E-32 2.15E-28 0.00E+00 0.00E+00 6.88E-06 5.61E-09 1.07E-04 0.00E+00 0.00E+00 5.61E-09 1.07E-04 1.84E-05  0.96793
13841.00 .7224911     9.57E-33 1.83E-28 0.00E+00 0.00E+00 6.66E-06 5.49E-09 1.05E-04 0.00E+00 0.00E+00 5.49E-09 1.05E-04 1.85E-05  0.97138
13851.00 .7219696     8.04E-33 1.54E-28 0.00E+00 0.00E+00 6.87E-06 5.69E-09 1.09E-04 0.00E+00 0.00E+00 5.69E-09 1.09E-04 1.86E-05  0.97459
13861.00 .7214486     7.57E-33 1.45E-28 0.00E+00 0.00E+00 6.84E-06 5.68E-09 1.09E-04 0.00E+00 0.00E+00 5.68E-09 1.09E-04 1.86E-05  0.97486
13871.00 .7209286     1.67E-32 3.22E-28 0.00E+00 0.00E+00 6.61E-06 5.17E-09 9.95E-05 0.00E+00 0.00E+00 5.17E-09 9.95E-05 1.87E-05  0.94138
13881.00 .7204093     2.32E-32 4.46E-28 0.00E+00 0.00E+00 6.84E-06 5.08E-09 9.78E-05 0.00E+00 0.00E+00 5.08E-09 9.78E-05 1.87E-05  0.91529
13891.00 .7198905     1.72E-32 3.32E-28 0.00E+00 0.00E+00 6.77E-06 5.19E-09 1.00E-04 0.00E+00 0.00E+00 5.19E-09 1.00E-04 1.88E-05  0.93404
13901.00 .7193727     1.90E-32 3.67E-28 0.00E+00 0.00E+00 6.63E-06 5.02E-09 9.70E-05 0.00E+00 0.00E+00 5.02E-09 9.70E-05 1.88E-05  0.92344
13911.00 .7188556     2.30E-32 4.45E-28 0.00E+00 0.00E+00 6.59E-06 4.83E-09 9.34E-05 0.00E+00 0.00E+00 4.83E-09 9.34E-05 1.89E-05  0.90217
13921.00 .7183393     1.55E-32 3.01E-28 0.00E+00 0.00E+00 6.67E-06 5.17E-09 1.00E-04 0.00E+00 0.00E+00 5.17E-09 1.00E-04 1.89E-05  0.93121
13931.00 .7178237     1.40E-32 2.72E-28 0.00E+00 0.00E+00 6.80E-06 5.24E-09 1.02E-04 0.00E+00 0.00E+00 5.24E-09 1.02E-04 1.90E-05  0.93435
13941.00 .7173086     1.17E-32 2.27E-28 0.00E+00 0.00E+00 6.92E-06 5.43E-09 1.06E-04 0.00E+00 0.00E+00 5.43E-09 1.06E-04 1.90E-05  0.94273
13951.00 .7167946     6.88E-33 1.34E-28 0.00E+00 0.00E+00 6.64E-06 5.47E-09 1.06E-04 0.00E+00 0.00E+00 5.47E-09 1.06E-04 1.91E-05  0.96470
13961.00 .7162810     3.61E-33 7.04E-29 0.00E+00 0.00E+00 6.81E-06 5.81E-09 1.13E-04 0.00E+00 0.00E+00 5.81E-09 1.13E-04 1.91E-05  0.98044
13971.00 .7157685     3.06E-33 5.97E-29 0.00E+00 0.00E+00 6.84E-06 5.87E-09 1.15E-04 0.00E+00 0.00E+00 5.87E-09 1.15E-04 1.92E-05  0.98259
13981.00 .7152565     3.06E-33 5.99E-29 0.00E+00 0.00E+00 6.65E-06 5.70E-09 1.12E-04 0.00E+00 0.00E+00 5.70E-09 1.12E-04 1.93E-05  0.98164
13991.00 .7147452     2.65E-33 5.19E-29 0.00E+00 0.00E+00 6.70E-06 5.78E-09 1.13E-04 0.00E+00 0.00E+00 5.78E-09 1.13E-04 1.93E-05  0.98335
14001.00 .7142348     2.39E-33 4.69E-29 0.00E+00 0.00E+00 6.90E-06 5.97E-09 1.17E-04 0.00E+00 0.00E+00 5.97E-09 1.17E-04 1.94E-05  0.98420
14011.00 .7137249     2.18E-33 4.29E-29 0.00E+00 0.00E+00 6.86E-06 5.95E-09 1.17E-04 0.00E+00 0.00E+00 5.95E-09 1.17E-04 1.94E-05  0.98484
14021.00 .7132159     2.16E-33 4.25E-29 0.00E+00 0.00E+00 6.70E-06 5.82E-09 1.14E-04 0.00E+00 0.00E+00 5.82E-09 1.14E-04 1.95E-05  0.98421
14031.00 .7127077     1.92E-33 3.78E-29 0.00E+00 0.00E+00 6.81E-06 5.93E-09 1.17E-04 0.00E+00 0.00E+00 5.93E-09 1.17E-04 1.96E-05  0.98530
14041.00 .7121999     1.87E-33 3.69E-29 0.00E+00 0.00E+00 6.79E-06 5.92E-09 1.17E-04 0.00E+00 0.00E+00 5.92E-09 1.17E-04 1.96E-05  0.98494
14051.00 .7116932     1.74E-33 3.43E-29 0.00E+00 0.00E+00 6.79E-06 5.93E-09 1.17E-04 0.00E+00 0.00E+00 5.93E-09 1.17E-04 1.97E-05  0.98529
14061.00 .7111869     1.72E-33 3.40E-29 0.00E+00 0.00E+00 6.80E-06 5.94E-09 1.18E-04 0.00E+00 0.00E+00 5.94E-09 1.18E-04 1.97E-05  0.98470
14071.00 .7106816     1.67E-33 3.31E-29 0.00E+00 0.00E+00 6.91E-06 6.05E-09 1.20E-04 0.00E+00 0.00E+00 6.05E-09 1.20E-04 1.98E-05  0.98438
14081.00 .7101769     1.62E-33 3.21E-29 0.00E+00 0.00E+00 6.92E-06 6.06E-09 1.20E-04 0.00E+00 0.00E+00 6.06E-09 1.20E-04 1.99E-05  0.98411

                           RADIANCE (WATTS/CM2-STER-XXX)   [No STER in TOA SOLAR IRRADIANCE]

  FREQ   WAVELENGTH    PATH_THERMAL    SURFACE_EMISSION  SOL_IRR    SINGLE_SCATTER  GROUND_REFLECTED   TOTAL_RADIANCE  INTEGRAL    TOTAL
 (CM-1) (MICRON)      (CM-1)  (MICRN)   (CM-1)  (MICRN)   (CM-1)   (CM-1)  (MICRN)   (CM-1)  (MICRN)   (CM-1)  (MICRN)             TRANS

14091.00 .7096728     1.50E-33 2.98E-29 0.00E+00 0.00E+00 6.85E-06 6.01E-09 1.19E-04 0.00E+00 0.00E+00 6.01E-09 1.19E-04 1.99E-05  0.98454
14101.00 .7091696     1.47E-33 2.93E-29 0.00E+00 0.00E+00 6.77E-06 5.94E-09 1.18E-04 0.00E+00 0.00E+00 5.94E-09 1.18E-04 2.00E-05  0.98402
14111.00 .7086669     1.33E-33 2.65E-29 0.00E+00 0.00E+00 6.74E-06 5.94E-09 1.18E-04 0.00E+00 0.00E+00 5.94E-09 1.18E-04 2.00E-05  0.98489
14121.00 .7081652     1.44E-33 2.87E-29 0.00E+00 0.00E+00 6.93E-06 6.09E-09 1.21E-04 0.00E+00 0.00E+00 6.09E-09 1.21E-04 2.01E-05  0.98276
14131.00 .7076641     1.32E-33 2.63E-29 0.00E+00 0.00E+00 6.91E-06 6.08E-09 1.21E-04 0.00E+00 0.00E+00 6.08E-09 1.21E-04 2.02E-05  0.98345
14141.00 .7071635     1.20E-33 2.39E-29 0.00E+00 0.00E+00 6.67E-06 5.89E-09 1.18E-04 0.00E+00 0.00E+00 5.89E-09 1.18E-04 2.02E-05  0.98419
14151.00 .7066639     1.29E-33 2.58E-29 0.00E+00 0.00E+00 6.84E-06 6.02E-09 1.21E-04 0.00E+00 0.00E+00 6.02E-09 1.21E-04 2.03E-05  0.98214
14161.00 .7061648     1.22E-33 2.44E-29 0.00E+00 0.00E+00 6.83E-06 6.02E-09 1.21E-04 0.00E+00 0.00E+00 6.02E-09 1.21E-04 2.03E-05  0.98229
14171.00 .7056665     1.23E-33 2.47E-29 0.00E+00 0.00E+00 6.82E-06 6.01E-09 1.21E-04 0.00E+00 0.00E+00 6.01E-09 1.21E-04 2.04E-05  0.98113
14181.00 .7051690     1.21E-33 2.43E-29 0.00E+00 0.00E+00 6.92E-06 6.09E-09 1.23E-04 0.00E+00 0.00E+00 6.09E-09 1.23E-04 2.05E-05  0.98058
14191.00 .7046719     9.53E-34 1.92E-29 0.00E+00 0.00E+00 6.90E-06 6.13E-09 1.24E-04 0.00E+00 0.00E+00 6.13E-09 1.24E-04 2.05E-05  0.98389
14201.00 .7041758     1.24E-33 2.50E-29 0.00E+00 0.00E+00 6.81E-06 5.98E-09 1.21E-04 0.00E+00 0.00E+00 5.98E-09 1.21E-04 2.06E-05  0.97797
14211.00 .7036802     8.69E-34 1.75E-29 0.00E+00 0.00E+00 6.80E-06 6.06E-09 1.22E-04 0.00E+00 0.00E+00 6.06E-09 1.22E-04 2.06E-05  0.98385
14221.00 .7031855     1.00E-33 2.02E-29 0.00E+00 0.00E+00 6.80E-06 6.02E-09 1.22E-04 0.00E+00 0.00E+00 6.02E-09 1.22E-04 2.07E-05  0.98027
14231.00 .7026914     1.18E-33 2.40E-29 0.00E+00 0.00E+00 6.69E-06 5.87E-09 1.19E-04 0.00E+00 0.00E+00 5.87E-09 1.19E-04 2.08E-05  0.97566
14241.00 .7021978     9.81E-34 1.99E-29 0.00E+00 0.00E+00 6.74E-06 5.96E-09 1.21E-04 0.00E+00 0.00E+00 5.96E-09 1.21E-04 2.08E-05  0.97875
14251.00 .7017052     1.03E-33 2.10E-29 0.00E+00 0.00E+00 6.58E-06 5.81E-09 1.18E-04 0.00E+00 0.00E+00 5.81E-09 1.18E-04 2.09E-05  0.97658
14261.00 .7012131     8.51E-34 1.73E-29 0.00E+00 0.00E+00 6.76E-06 6.01E-09 1.22E-04 0.00E+00 0.00E+00 6.01E-09 1.22E-04 2.09E-05  0.97967
14271.00 .7007218     9.78E-34 1.99E-29 0.00E+00 0.00E+00 6.72E-06 5.92E-09 1.21E-04 0.00E+00 0.00E+00 5.92E-09 1.21E-04 2.10E-05  0.97544
14281.00 .7002312     8.15E-34 1.66E-29 0.00E+00 0.00E+00 6.72E-06 5.98E-09 1.22E-04 0.00E+00 0.00E+00 5.98E-09 1.22E-04 2.10E-05  0.97847

 INTEGRATED ABSORPTION FROM  9091.00 TO 14281.00 CM-1 =    222.9570 CM-1
 AVERAGE TRANSMITTANCE = 0.9570

VOIGT SINGLE LINE SPECTRAL BIN TRANSMITTANCES ARE COMPUTED FROM AN INFINITE SERIES OF MODIFIED
BESSEL FUNCTIONS OF THE FIRST KIND TRUNCATED AFTER AT MOST 8 TERMS (I7).  THE MAXIMUM MAGNITUDE
OF THE 8th TERM WAS  0.00196 AND THIS VALUE OCCURRED AT SPECTRAL FREQUENCY 10590.00 CM-1.

 INTEGRATED TOTAL RADIANCE =  2.1019E-05 WATTS CM-2 STER-1 (FROM  9091.00 TO 14281.00 CM-1 )
 MINIMUM SPECTRAL RADIANCE =  1.5363E-09 WATTS CM-2 STER-1 / CM-1  AT 10701.00 CM-1
 MAXIMUM SPECTRAL RADIANCE =  6.1346E-09 WATTS CM-2 STER-1 / CM-1  AT 14191.00 CM-1

 TARGET-PIXEL (H2) SURFACE TEMPERATURE [K] =      0.000
 AREA-AVERAGED GROUND TEMPERATURE [K]      =    294.200
 TARGET-PIXEL (H2) DIRECTIONAL EMISSIVITY  =      1.000
 AREA-AVERAGED GROUND EMISSIVITY           =      1.000

 CARD 5 *****    0   0       0.  0       0.  0       1.
