
 ********************************************************
 *                                                      *
 *  MODTRAN(R)svn-branch-5.2.1                          *
 *                                                      *
 *  Developed collaboratively by SPECTRAL SCIENCES,     *
 *  INC. (www.spectral.com) and the AIR FORCE RESEARCH  *
 *  LABORATORY (www.vs.afrl.af.mil/Division/VSBYB)      *
 *                                                      *
 *  Please address questions/comments to                *
 *  modtran@spectral.com and/or Gail.Anderson@noaa.gov  *
 *                                                      *
 ********************************************************

 Calculations will be done using multiple scattering.

 CARD 1  *****T F 2    2    2    1    2    2    2    2    2    2    1    0    0   0.000   0.40

 PROGRAM WILL COMPUTE RADIANCE + SOLAR SCATTER

 ATMOSPHERIC MODEL
         TEMPERATURE =    2     MID-LATITUDE SUMMER 
         WATER VAPOR =    2     MID-LATITUDE SUMMER 
         OZONE       =    2     MID-LATITUDE SUMMER 
                      M4 =     2 M5 =     2 M6 =     2 MDEF =     1

 CARD 1A *****TFF  4 0.0 330.00000  1.000000     1.0000F T           0.000    0.0000    0.0000    0.0000    0.0000         0

 MOLECULAR BAND MODEL DATA FILES
 -------------------------------
 DATA/01_2009c.bn4
 DATA/01_2009t.bin

 CFC BAND MODEL DATA FILE:               DATA/CFC04_01.ASC                                                                                                                                                                                                                                               

 Version 2.4 of the Clough-Kneizys Water Continuum Data from LBLRTM (24mar2000).

 CARD 2  *****    1    0    1    0   18    0   5.00000   0.00000   0.00000   0.00000   0.00000

 CARD 2A *****   0.000   0.000   0.000
               CIRRUS ATTENUATION INCLUDED   (STANDARD CIRRUS)
               CIRRUS THICKNESS               1.000 KM
               CIRRUS BASE ALTITUDE          10.000 KM
               CIRRUS PROFILE EXTINCTION      0.140 KM-1

 MODEL ATMOSPHERE NO.  2

 CLOUD AND/OR RAIN TYPE CHOSEN IS CIRRUS CLOUD        


      Z         P        T     REL H    H2O     CLD AMT   RAIN RATE                      AEROSOL
     (KM)      (MB)     (K)     (%)  (GM / M3) (GM / M3)  (MM / HR) TYPE                 PROFILE
                              [Before scaling]
     0.000  1012.999  294.20   76.18 1.400E+01 0.000E+00 0.000E+00 RURAL               RURAL               
     1.000   901.996  289.70   66.03 9.296E+00 0.000E+00 0.000E+00 RURAL               RURAL               
     2.000   802.001  285.20   55.20 5.898E+00 0.000E+00 0.000E+00 RURAL               RURAL               
     3.000   709.996  279.20   45.29 3.297E+00 0.000E+00 0.000E+00 TROPOSPHERIC        TROPOSPHERIC        SPRING-SUMMER
     4.000   628.000  273.20   39.05 1.899E+00 0.000E+00 0.000E+00 TROPOSPHERIC        TROPOSPHERIC        SPRING-SUMMER
     5.000   553.997  267.20   31.42 9.996E-01 0.000E+00 0.000E+00 TROPOSPHERIC        TROPOSPHERIC        SPRING-SUMMER
     6.000   486.998  261.20   29.98 6.100E-01 0.000E+00 0.000E+00 TROPOSPHERIC        TROPOSPHERIC        SPRING-SUMMER
     7.000   426.000  254.70   30.31 3.696E-01 0.000E+00 0.000E+00 TROPOSPHERIC        TROPOSPHERIC        SPRING-SUMMER
     8.000   371.999  248.20   29.63 2.099E-01 0.000E+00 0.000E+00 TROPOSPHERIC        TROPOSPHERIC        SPRING-SUMMER
     9.000   323.999  241.70   30.15 1.199E-01 0.000E+00 0.000E+00 TROPOSPHERIC        TROPOSPHERIC        SPRING-SUMMER
     9.950   283.029  235.62   29.57 6.629E-02 0.000E+00 0.000E+00 TROPOSPHERIC        TROPOSPHERIC        SPRING-SUMMER
    10.000   280.999  235.30   29.44 6.396E-02 0.000E+00 0.000E+00 TROPOSPHERIC        TROPOSPHERIC        SPRING-SUMMER
    10.050   278.990  234.98   29.17 6.141E-02 0.000E+00 0.000E+00 BCKGD_STRATOSPHERIC BCKGD_STRATOSPHERIC SPRING-SUMMER
    10.950   244.798  229.13   20.16 2.354E-02 0.000E+00 0.000E+00 BCKGD_STRATOSPHERIC BCKGD_STRATOSPHERIC SPRING-SUMMER
    11.000   243.000  228.80   19.48 2.199E-02 0.000E+00 0.000E+00 BCKGD_STRATOSPHERIC BCKGD_STRATOSPHERIC SPRING-SUMMER
    11.050   241.204  228.48   18.98 2.072E-02 0.000E+00 0.000E+00 BCKGD_STRATOSPHERIC BCKGD_STRATOSPHERIC SPRING-SUMMER
    12.000   208.999  222.30   10.69 5.997E-03 0.000E+00 0.000E+00 BCKGD_STRATOSPHERIC BCKGD_STRATOSPHERIC SPRING-SUMMER
    13.000   179.001  215.80    5.42 1.438E-03 0.000E+00 0.000E+00 BCKGD_STRATOSPHERIC BCKGD_STRATOSPHERIC SPRING-SUMMER
    14.000   153.000  215.70    2.93 7.685E-04 0.000E+00 0.000E+00 BCKGD_STRATOSPHERIC BCKGD_STRATOSPHERIC SPRING-SUMMER
    15.000   129.999  215.70    1.69 4.440E-04 0.000E+00 0.000E+00 BCKGD_STRATOSPHERIC BCKGD_STRATOSPHERIC SPRING-SUMMER
    16.000   111.000  215.70    1.40 3.680E-04 0.000E+00 0.000E+00 BCKGD_STRATOSPHERIC BCKGD_STRATOSPHERIC SPRING-SUMMER
    17.000    95.000  215.70    1.17 3.054E-04 0.000E+00 0.000E+00 BCKGD_STRATOSPHERIC BCKGD_STRATOSPHERIC SPRING-SUMMER
    18.000    81.200  216.80    0.86 2.556E-04 0.000E+00 0.000E+00 BCKGD_STRATOSPHERIC BCKGD_STRATOSPHERIC SPRING-SUMMER
    19.000    69.500  217.90    0.65 2.212E-04 0.000E+00 0.000E+00 BCKGD_STRATOSPHERIC BCKGD_STRATOSPHERIC SPRING-SUMMER
    20.000    59.500  219.20    0.49 1.941E-04 0.000E+00 0.000E+00 BCKGD_STRATOSPHERIC BCKGD_STRATOSPHERIC SPRING-SUMMER
    21.000    51.000  220.40    0.38 1.730E-04 0.000E+00 0.000E+00 BCKGD_STRATOSPHERIC BCKGD_STRATOSPHERIC SPRING-SUMMER
    22.000    43.700  221.60    0.30 1.538E-04 0.000E+00 0.000E+00 BCKGD_STRATOSPHERIC BCKGD_STRATOSPHERIC SPRING-SUMMER
    23.000    37.600  222.80    0.24 1.408E-04 0.000E+00 0.000E+00 BCKGD_STRATOSPHERIC BCKGD_STRATOSPHERIC SPRING-SUMMER
    24.000    32.200  223.90    0.19 1.246E-04 0.000E+00 0.000E+00 BCKGD_STRATOSPHERIC BCKGD_STRATOSPHERIC SPRING-SUMMER
    25.000    27.700  225.10    0.15 1.120E-04 0.000E+00 0.000E+00 BCKGD_STRATOSPHERIC BCKGD_STRATOSPHERIC SPRING-SUMMER
    30.000    13.200  233.70    0.03 5.752E-05 0.000E+00 0.000E+00 BCKGD_STRATOSPHERIC BCKGD_STRATOSPHERIC SPRING-SUMMER
    35.000     6.520  245.20    0.01 2.852E-05 0.000E+00 0.000E+00 BCKGD_STRATOSPHERIC BCKGD_STRATOSPHERIC SPRING-SUMMER
    40.000     3.330  257.50    0.00 1.429E-05 0.000E+00 0.000E+00 BCKGD_STRATOSPHERIC BCKGD_STRATOSPHERIC SPRING-SUMMER
    45.000     1.760  269.90    0.00 7.700E-06 0.000E+00 0.000E+00 BCKGD_STRATOSPHERIC BCKGD_STRATOSPHERIC SPRING-SUMMER
    50.000     0.951  275.70    0.00 4.111E-06 0.000E+00 0.000E+00 BCKGD_STRATOSPHERIC BCKGD_STRATOSPHERIC SPRING-SUMMER
    55.000     0.515  269.30    0.00 2.217E-06 0.000E+00 0.000E+00 BCKGD_STRATOSPHERIC BCKGD_STRATOSPHERIC SPRING-SUMMER
    60.000     0.272  257.10    0.00 1.146E-06 0.000E+00 0.000E+00 BCKGD_STRATOSPHERIC BCKGD_STRATOSPHERIC SPRING-SUMMER
    70.000     0.067  218.10    0.00 2.463E-07 0.000E+00 0.000E+00 BCKGD_STRATOSPHERIC BCKGD_STRATOSPHERIC SPRING-SUMMER
    80.000     0.012  174.10    0.07 3.136E-08 0.000E+00 0.000E+00 BCKGD_STRATOSPHERIC BCKGD_STRATOSPHERIC SPRING-SUMMER
   100.000     0.000  190.50    0.00 1.174E-10 0.000E+00 0.000E+00 BCKGD_STRATOSPHERIC BCKGD_STRATOSPHERIC SPRING-SUMMER

 *** OZONE DENSITIES ARE BEING SCALED BY   1.00000
     THE ORIGINAL VERTICAL COLUMN CONTAINED   7.10267 GM / M2 OF OZONE
     THE CURRENT  VERTICAL COLUMM CONTAINS    7.10267 GM / M2 OF OZONE

 *** THE WATER PROFILE WAS DECREASED TO FIT THE INPUT WATER COLUMN VALUE
     INITIAL:   2.92243 GM / CM2
     INPUT:     2.92243 GM / CM2
     FINAL:     2.92243 GM / CM2

 CARD 3  *****  20.00000   0.00000 180.00000   0.00000   0.00000   0.00000    0        0.00000

     6371.23  RADIUS OF THE EARTH [KM].

 SLANT PATH, H1ALT TO H2ALT
          H1ALT  =   20.00000 KM
          H2ALT  =    0.00000 KM
          OBSZEN =  180.00000 DEG
          HRANGE =    0.00000 KM
          BETA   =    0.00000 DEG
          BCKZEN =    0.00000 DEG
          LENN   =      0

 CARD 3A1*****    2    2    1    0

 CARD 3A2*****   0.00000  70.00000   0.00000   0.00000   0.00000   0.00000   0.00000   0.00000

 SINGLE SCATTERING CONTROL PARAMETERS SUMMARY

          RELATIVE AZIMUTH AT H1ALT =        0.0000 DEG EAST OF NORTH
          SOLAR ZENITH AT H1ALT =           70.0000 DEG
          TIME (<0 UNDEF) =                        0.0000 GREENWICH TIME
          PATH AZIMUTH (FROM H1ALT TO H2ALT) =     0.0000 DEG EAST OF NORTH
          DAY OF THE YEAR =                       1

 EXTRATERRESTIAL SOURCE IS THE SUN

 PHASE FUNCTION FROM MIE DATA BASE

 CARD 4  *****    4000.0   33333.0      10.0      20.0   SCANNING FUNCTION:TRIANGULAR 

 FREQUENCY RANGE
             IV1 =    4000.0 CM-1  (      2.5000 MICRONS)
             IV2 =   33333.0 CM-1  (      0.3000 MICRONS)
             IDV =      10.0 CM-1
           IFWHM =      20.0 CM-1


 ATMOSPHERIC PROFILES

   I     Z       P       T        N2       CNTMSLF   CNTMFRN MOL SCAT     N-1     O3 (UV)   O2 (UV)   WAT DROP  ICE PART  RAIN RATE
        (KM)    (MB)    (K)               (  MOL/CM2 KM  )      (-)       (-)    (  ATM CM/KM  )       (GM/M3)   (GM/M3)   (MM/HR)
   1   0.0000 1012.999 294.20  7.902E-01 8.829E+20 4.618E+22 9.282E-01 2.715E-04 2.800E-03 3.435E+04     0.000     0.000     0.000
   2   1.0000  901.996 289.70  6.461E-01 3.895E+20 2.788E+22 8.393E-01 2.457E-04 2.801E-03 2.976E+04     0.000     0.000     0.000
   3   2.0000  802.001 285.20  5.271E-01 1.568E+20 1.604E+22 7.581E-01 2.221E-04 2.800E-03 2.581E+04     0.000     0.000     0.000
   4   3.0000  709.996 279.20  4.310E-01 4.900E+19 8.139E+21 6.855E-01 2.009E-04 2.894E-03 2.248E+04     0.000     0.000     0.000
   5   4.0000  628.000 273.20  3.522E-01 1.626E+19 4.247E+21 6.197E-01 1.817E-04 2.987E-03 1.961E+04     0.000     0.000     0.000
   6   5.0000  553.997 267.20  2.865E-01 4.503E+18 2.019E+21 5.589E-01 1.639E-04 3.081E-03 1.710E+04     0.000     0.000     0.000
   7   6.0000  486.998 261.20  2.317E-01 1.677E+18 1.109E+21 5.026E-01 1.474E-04 3.221E-03 1.489E+04     0.000     0.000     0.000
   8   7.0000  426.000 254.70  1.865E-01 6.159E+17 6.032E+20 4.509E-01 1.323E-04 3.501E-03 1.295E+04     0.000     0.000     0.000
   9   8.0000  371.999 248.20  1.497E-01 1.986E+17 3.070E+20 4.040E-01 1.185E-04 3.687E-03 1.128E+04     0.000     0.000     0.000
  10   9.0000  323.999 241.70  1.198E-01 6.483E+16 1.569E+20 3.614E-01 1.060E-04 4.015E-03 9.818E+03     0.000     0.000     0.000
  11   9.9500  283.029 235.62  9.617E-02 1.981E+16 7.774E+19 3.238E-01 9.500E-05 4.177E-03 8.587E+03     0.000     0.000     0.000
  12  10.0000  280.999 235.30  9.505E-02 1.844E+16 7.458E+19 3.219E-01 9.445E-05 4.198E-03 8.526E+03     0.000     0.000     0.000
  13  10.0500  278.990 234.98  9.396E-02 1.700E+16 7.118E+19 3.201E-01 9.390E-05 4.239E-03 8.467E+03     0.000     0.000     0.000
  14  10.9500  244.798 229.13  7.608E-02 2.498E+15 2.456E+19 2.880E-01 8.450E-05 5.089E-03 7.459E+03     0.000     0.000     0.000
  15  11.0000  243.000 228.80  7.518E-02 2.180E+15 2.281E+19 2.863E-01 8.400E-05 5.134E-03 7.406E+03     0.000     0.000     0.000
  16  11.0500  241.204 228.48  7.428E-02 1.934E+15 2.136E+19 2.846E-01 8.350E-05 5.159E-03 7.353E+03     0.000     0.000     0.000
  17  12.0000  208.999 222.30  5.891E-02 1.621E+14 5.506E+18 2.534E-01 7.436E-05 5.652E-03 6.411E+03     0.000     0.000     0.000
  18  13.0000  179.001 215.80  4.586E-02 9.318E+12 1.165E+18 2.236E-01 6.560E-05 6.708E-03 5.541E+03     0.000     0.000     0.000
  19  14.0000  153.000 215.70  3.353E-02 2.662E+12 5.323E+17 1.912E-01 5.610E-05 8.414E-03 4.631E+03     0.000     0.000     0.000
  20  15.0000  129.999 215.70  2.421E-02 8.885E+11 2.613E+17 1.625E-01 4.767E-05 8.124E-03 3.854E+03     0.000     0.000     0.000
  21  16.0000  111.000 215.70  1.765E-02 6.102E+11 1.849E+17 1.387E-01 4.070E-05 8.324E-03 3.233E+03     0.000     0.000     0.000
  22  17.0000   95.000 215.70  1.293E-02 4.203E+11 1.313E+17 1.187E-01 3.483E-05 8.311E-03 2.726E+03     0.000     0.000     0.000
  23  18.0000   81.200 216.80  9.350E-03 2.945E+11 9.350E+16 1.010E-01 2.962E-05 1.010E-02 2.287E+03     0.000     0.000     0.000
  24  19.0000   69.500 217.90  6.780E-03 2.204E+11 6.888E+16 8.598E-02 2.523E-05 1.290E-02 1.925E+03     0.000     0.000     0.000
  25  20.0000   59.500 219.20  4.911E-03 1.698E+11 5.145E+16 7.317E-02 2.147E-05 1.463E-02 1.622E+03     0.000     0.000     0.000
  26  21.0000   51.000 220.40  3.569E-03 1.349E+11 3.909E+16 6.238E-02 1.830E-05 1.497E-02 1.371E+03     0.000     0.000     0.000
  27  22.0000   43.700 221.60  2.592E-03 1.066E+11 2.962E+16 5.316E-02 1.560E-05 1.542E-02 1.160E+03     0.000     0.000     0.000
  28  23.0000   37.600 222.80  1.898E-03 8.933E+10 2.320E+16 4.549E-02 1.335E-05 1.547E-02 9.867E+02     0.000     0.000     0.000
  29  24.0000   32.200 223.90  1.379E-03 7.003E+10 1.751E+16 3.877E-02 1.137E-05 1.551E-02 8.364E+02     0.000     0.000     0.000
  30  25.0000   27.700 225.10  1.009E-03 5.652E+10 1.346E+16 3.317E-02 9.733E-06 1.592E-02 7.124E+02     0.000     0.000     0.000
  31  30.0000   13.200 233.70  2.126E-04 1.491E+10 3.173E+15 1.523E-02 4.467E-06 1.066E-02 3.223E+02     0.000     0.000     0.000
  32  35.0000 6.519971 245.20  4.713E-05 3.666E+09 7.406E+14 7.168E-03 2.103E-06 6.380E-03 1.507E+02     0.000     0.000     0.000
  33  40.0000 3.329993 257.50  1.115E-05 9.205E+08 1.805E+14 3.486E-03 1.023E-06 2.632E-03 7.307E+01     0.000     0.000     0.000
  34  45.0000 1.759993 269.90  2.834E-06 2.673E+08 4.904E+13 1.758E-03 5.158E-07 7.911E-04 3.679E+01     0.000     0.000     0.000
  35  50.0000 0.951001 275.70  7.930E-07 7.616E+07 1.385E+13 9.299E-04 2.728E-07 2.604E-04 1.945E+01     0.000     0.000     0.000
  36  55.0000 0.514999 269.30  2.437E-07 2.215E+07 4.140E+12 5.155E-04 1.513E-07 9.280E-05 1.078E+01     0.000     0.000     0.000
  37  60.0000 0.272001 257.10  7.460E-08 5.921E+06 1.184E+12 2.852E-04 8.368E-08 3.708E-05 5.962E+00     0.000     0.000     0.000
  38  70.0000 0.067000 218.10  6.290E-09 2.734E+05 7.388E+10 8.281E-05 2.430E-08 3.313E-06 1.731E+00     0.000     0.000     0.000
  39  80.0000 0.012000 174.10  3.166E-10 4.433E+03 2.111E+09 1.858E-05 5.451E-09 3.716E-07 3.883E-01     0.000     0.000     0.000
  40 100.0000 0.000258 190.50  1.223E-13 6.210E-02 1.552E+05 3.651E-07 1.071E-10 1.460E-08 5.842E-03     0.000     0.000     0.000


 ATMOSPHERIC PROFILES

   I     Z       P       T     AEROSOL 1 AEROSOL 2 AEROSOL 3 AEROSOL 4  AER1*RH     RH (%)    RH (%)   CIRRUS   WAT DROP  ICE PART
        (KM)    (MB)    (K)    (      550nm EXTINCTION [KM-1]      )  (BEFORE H2O SCALING)   (AFTER)    (-)     (550nm VIS [KM-1])
   1   0.0000 1012.999 294.20  7.700E-01 0.000E+00 0.000E+00 0.000E+00 2.441E+00 7.618E+01 7.618E+01   0.00000   0.00000   0.00000
   2   1.0000  901.996 289.70  7.700E-01 0.000E+00 0.000E+00 0.000E+00 2.715E+00 6.603E+01 6.603E+01   0.00000   0.00000   0.00000
   3   2.0000  802.001 285.20  6.210E-02 0.000E+00 0.000E+00 0.000E+00 2.361E-01 5.520E+01 5.520E+01   0.00000   0.00000   0.00000
   4   3.0000  709.996 279.20  0.000E+00 3.460E-02 0.000E+00 0.000E+00 0.000E+00 4.529E+01 4.529E+01   0.00000   0.00000   0.00000
   5   4.0000  628.000 273.20  0.000E+00 1.850E-02 0.000E+00 0.000E+00 0.000E+00 3.905E+01 3.905E+01   0.00000   0.00000   0.00000
   6   5.0000  553.997 267.20  0.000E+00 9.310E-03 0.000E+00 0.000E+00 0.000E+00 3.142E+01 3.142E+01   0.00000   0.00000   0.00000
   7   6.0000  486.998 261.20  0.000E+00 7.710E-03 0.000E+00 0.000E+00 0.000E+00 2.998E+01 2.998E+01   0.00000   0.00000   0.00000
   8   7.0000  426.000 254.70  0.000E+00 6.230E-03 0.000E+00 0.000E+00 0.000E+00 3.031E+01 3.031E+01   0.00000   0.00000   0.00000
   9   8.0000  371.999 248.20  0.000E+00 3.370E-03 0.000E+00 0.000E+00 0.000E+00 2.963E+01 2.963E+01   0.00000   0.00000   0.00000
  10   9.0000  323.999 241.70  0.000E+00 1.820E-03 0.000E+00 0.000E+00 0.000E+00 3.015E+01 3.015E+01   0.00000   0.00000   0.00000
  11   9.9500  283.029 235.62  0.000E+00 1.167E-03 0.000E+00 0.000E+00 0.000E+00 2.957E+01 2.957E+01   0.00000   0.00000   0.00000
  12  10.0000  280.999 235.30  0.000E+00 1.140E-03 0.000E+00 0.000E+00 0.000E+00 2.944E+01 2.944E+01   0.07000   0.00000   0.00000
  13  10.0500  278.990 234.98  0.000E+00 0.000E+00 1.120E-03 0.000E+00 0.000E+00 2.917E+01 2.917E+01   0.14000   0.00000   0.00000
  14  10.9500  244.798 229.13  0.000E+00 0.000E+00 8.133E-04 0.000E+00 0.000E+00 2.016E+01 2.016E+01   0.14000   0.00000   0.00000
  15  11.0000  243.000 228.80  0.000E+00 0.000E+00 7.990E-04 0.000E+00 0.000E+00 1.948E+01 1.948E+01   0.07000   0.00000   0.00000
  16  11.0500  241.204 228.48  0.000E+00 0.000E+00 7.902E-04 0.000E+00 0.000E+00 1.898E+01 1.898E+01   0.00000   0.00000   0.00000
  17  12.0000  208.999 222.30  0.000E+00 0.000E+00 6.410E-04 0.000E+00 0.000E+00 1.069E+01 1.069E+01   0.00000   0.00000   0.00000
  18  13.0000  179.001 215.80  0.000E+00 0.000E+00 5.170E-04 0.000E+00 0.000E+00 5.423E+00 5.423E+00   0.00000   0.00000   0.00000
  19  14.0000  153.000 215.70  0.000E+00 0.000E+00 4.420E-04 0.000E+00 0.000E+00 2.933E+00 2.933E+00   0.00000   0.00000   0.00000
  20  15.0000  129.999 215.70  0.000E+00 0.000E+00 3.950E-04 0.000E+00 0.000E+00 1.695E+00 1.695E+00   0.00000   0.00000   0.00000
  21  16.0000  111.000 215.70  0.000E+00 0.000E+00 3.820E-04 0.000E+00 0.000E+00 1.405E+00 1.405E+00   0.00000   0.00000   0.00000
  22  17.0000   95.000 215.70  0.000E+00 0.000E+00 4.250E-04 0.000E+00 0.000E+00 1.166E+00 1.166E+00   0.00000   0.00000   0.00000
  23  18.0000   81.200 216.80  0.000E+00 0.000E+00 5.200E-04 0.000E+00 0.000E+00 8.563E-01 8.563E-01   0.00000   0.00000   0.00000
  24  19.0000   69.500 217.90  0.000E+00 0.000E+00 5.810E-04 0.000E+00 0.000E+00 6.511E-01 6.511E-01   0.00000   0.00000   0.00000
  25  20.0000   59.500 219.20  0.000E+00 0.000E+00 5.890E-04 0.000E+00 0.000E+00 4.915E-01 4.915E-01   0.00000   0.00000   0.00000
  26  21.0000   51.000 220.40  0.000E+00 0.000E+00 5.020E-04 0.000E+00 0.000E+00 3.819E-01 3.819E-01   0.00000   0.00000   0.00000
  27  22.0000   43.700 221.60  0.000E+00 0.000E+00 4.200E-04 0.000E+00 0.000E+00 2.966E-01 2.966E-01   0.00000   0.00000   0.00000
  28  23.0000   37.600 222.80  0.000E+00 0.000E+00 3.000E-04 0.000E+00 0.000E+00 2.375E-01 2.375E-01   0.00000   0.00000   0.00000
  29  24.0000   32.200 223.90  0.000E+00 0.000E+00 1.980E-04 0.000E+00 0.000E+00 1.863E-01 1.863E-01   0.00000   0.00000   0.00000
  30  25.0000   27.700 225.10  0.000E+00 0.000E+00 1.310E-04 0.000E+00 0.000E+00 1.469E-01 1.469E-01   0.00000   0.00000   0.00000
  31  30.0000   13.200 233.70  0.000E+00 0.000E+00 3.320E-05 0.000E+00 0.000E+00 3.098E-02 3.098E-02   0.00000   0.00000   0.00000
  32  35.0000 6.519971 245.20  0.000E+00 0.000E+00 0.000E+00 4.300E-06 0.000E+00 5.231E-03 5.231E-03   0.00000   0.00000   0.00000
  33  40.0000 3.329993 257.50  0.000E+00 0.000E+00 0.000E+00 1.670E-06 0.000E+00 9.365E-04 9.365E-04   0.00000   0.00000   0.00000
  34  45.0000 1.759993 269.90  0.000E+00 0.000E+00 0.000E+00 8.000E-07 0.000E+00 1.994E-04 1.994E-04   0.00000   0.00000   0.00000
  35  50.0000 0.951001 275.70  0.000E+00 0.000E+00 0.000E+00 4.200E-07 0.000E+00 7.127E-05 7.127E-05   0.00000   0.00000   0.00000
  36  55.0000 0.514999 269.30  0.000E+00 0.000E+00 0.000E+00 2.207E-07 0.000E+00 5.991E-05 5.991E-05   0.00000   0.00000   0.00000
  37  60.0000 0.272001 257.10  0.000E+00 0.000E+00 0.000E+00 1.159E-07 0.000E+00 7.753E-05 7.753E-05   0.00000   0.00000   0.00000
  38  70.0000 0.067000 218.10  0.000E+00 0.000E+00 0.000E+00 3.200E-08 0.000E+00 7.084E-04 7.084E-04   0.00000   0.00000   0.00000
  39  80.0000 0.012000 174.10  0.000E+00 0.000E+00 0.000E+00 5.795E-09 0.000E+00 7.237E-02 7.237E-02   0.00000   0.00000   0.00000
  40 100.0000 0.000258 190.50  0.000E+00 0.000E+00 0.000E+00 1.900E-10 0.000E+00 1.461E-05 1.461E-05   0.00000   0.00000   0.00000


 ATMOSPHERIC PROFILES (AFTER COLUMN SCALING)

   I      Z       P       H2O      O3       CO2      CO       CH4      N2O      O2       NH3      NO       NO2      SO2      HNO3
         (KM)    (MB)  (                                             ATM CM / KM                                                )
   1   0.0000 1012.999  1.74E+03 2.80E-03 3.06E+01 1.39E-02 1.58E-01 2.97E-02 1.94E+04 4.64E-05 2.78E-05 2.13E-06 2.78E-05 4.64E-06
   2   1.0000  901.996  1.16E+03 2.80E-03 2.77E+01 1.22E-02 1.43E-01 2.69E-02 1.75E+04 4.20E-05 2.52E-05 1.93E-06 2.30E-05 5.00E-06
   3   2.0000  802.001  7.34E+02 2.80E-03 2.50E+01 1.06E-02 1.29E-01 2.43E-02 1.58E+04 3.51E-05 2.27E-05 1.74E-06 1.79E-05 5.25E-06
   4   3.0000  709.996  4.10E+02 2.89E-03 2.26E+01 9.25E-03 1.17E-01 2.19E-02 1.43E+04 2.61E-05 2.06E-05 1.58E-06 1.30E-05 5.42E-06
   5   4.0000  628.000  2.36E+02 2.99E-03 2.04E+01 8.13E-03 1.05E-01 1.98E-02 1.30E+04 1.78E-05 1.86E-05 1.43E-06 9.05E-06 5.50E-06
   6   5.0000  553.997  1.24E+02 3.08E-03 1.84E+01 7.28E-03 9.43E-02 1.79E-02 1.17E+04 1.14E-05 1.68E-05 1.29E-06 6.60E-06 5.45E-06
   7   6.0000  486.998  7.59E+01 3.22E-03 1.66E+01 6.47E-03 8.40E-02 1.61E-02 1.05E+04 7.34E-06 1.51E-05 1.16E-06 4.88E-06 5.58E-06
   8   7.0000  426.000  4.60E+01 3.50E-03 1.49E+01 5.62E-03 7.44E-02 1.44E-02 9.42E+03 4.45E-06 1.35E-05 1.04E-06 3.74E-06 5.68E-06
   9   8.0000  371.999  2.61E+01 3.69E-03 1.33E+01 4.79E-03 6.58E-02 1.29E-02 8.44E+03 2.62E-06 1.21E-05 9.29E-07 2.91E-06 5.62E-06
  10   9.0000  323.999  1.49E+01 4.01E-03 1.19E+01 3.95E-03 5.84E-02 1.14E-02 7.55E+03 1.36E-06 1.08E-05 8.38E-07 2.37E-06 5.53E-06
  11   9.9500  283.029  8.25E+00 4.18E-03 1.07E+01 3.24E-03 5.12E-02 1.00E-02 6.77E+03 6.79E-07 9.71E-06 7.69E-07 1.98E-06 5.60E-06
  12  10.0000  280.999  7.96E+00 4.20E-03 1.06E+01 3.21E-03 5.08E-02 9.97E-03 6.73E+03 6.54E-07 9.66E-06 7.66E-07 1.96E-06 5.60E-06
  13  10.0500  278.990  7.64E+00 4.24E-03 1.06E+01 3.17E-03 5.05E-02 9.89E-03 6.69E+03 6.29E-07 9.60E-06 7.64E-07 1.94E-06 5.61E-06
  14  10.9500  244.798  2.93E+00 5.09E-03 9.50E+00 2.60E-03 4.45E-02 8.62E-03 6.02E+03 3.23E-07 8.64E-06 7.49E-07 1.67E-06 5.77E-06
  15  11.0000  243.000  2.74E+00 5.13E-03 9.45E+00 2.57E-03 4.41E-02 8.56E-03 5.98E+03 3.12E-07 8.59E-06 7.50E-07 1.66E-06 5.78E-06
  16  11.0500  241.204  2.58E+00 5.16E-03 9.39E+00 2.54E-03 4.38E-02 8.50E-03 5.95E+03 3.01E-07 8.54E-06 7.50E-07 1.64E-06 5.80E-06
  17  12.0000  208.999  7.46E-01 5.65E-03 8.36E+00 1.98E-03 3.82E-02 7.44E-03 5.30E+03 1.60E-07 7.60E-06 7.98E-07 1.42E-06 6.11E-06
  18  13.0000  179.001  1.79E-01 6.71E-03 7.38E+00 1.43E-03 3.31E-02 6.40E-03 4.67E+03 6.98E-08 6.69E-06 9.95E-07 1.25E-06 6.17E-06
  19  14.0000  153.000  9.56E-02 8.41E-03 6.31E+00 9.61E-04 2.77E-02 5.35E-03 4.00E+03 2.12E-08 5.64E-06 1.43E-06 1.08E-06 6.37E-06
  20  15.0000  129.999  5.52E-02 8.12E-03 5.36E+00 6.40E-04 2.31E-02 4.43E-03 3.40E+03 7.26E-09 4.60E-06 2.78E-06 9.34E-07 7.34E-06
  21  16.0000  111.000  4.58E-02 8.32E-03 4.58E+00 4.26E-04 1.93E-02 3.62E-03 2.90E+03 2.93E-09 3.72E-06 4.43E-06 7.98E-07 1.02E-05
  22  17.0000   95.000  3.80E-02 8.31E-03 3.92E+00 2.96E-04 1.61E-02 2.87E-03 2.48E+03 1.31E-09 2.99E-06 6.16E-06 6.38E-07 1.56E-05
  23  18.0000   81.200  3.18E-02 1.01E-02 3.33E+00 1.99E-04 1.34E-02 2.20E-03 2.11E+03 6.76E-10 2.42E-06 7.78E-06 4.83E-07 2.13E-05
  24  19.0000   69.500  2.75E-02 1.29E-02 2.84E+00 1.33E-04 1.10E-02 1.58E-03 1.80E+03 3.41E-10 2.10E-06 9.11E-06 3.41E-07 2.73E-05
  25  20.0000   59.500  2.41E-02 1.46E-02 2.41E+00 9.74E-05 8.96E-03 1.18E-03 1.53E+03 1.76E-10 1.87E-06 1.02E-05 2.33E-07 3.07E-05
  26  21.0000   51.000  2.15E-02 1.50E-02 2.06E+00 7.69E-05 7.20E-03 8.25E-04 1.30E+03 1.20E-10 1.73E-06 1.10E-05 1.67E-07 3.08E-05
  27  22.0000   43.700  1.91E-02 1.54E-02 1.75E+00 6.55E-05 5.67E-03 6.09E-04 1.11E+03 9.14E-11 1.63E-06 1.15E-05 1.21E-07 2.90E-05
  28  23.0000   37.600  1.75E-02 1.55E-02 1.50E+00 5.95E-05 4.43E-03 4.71E-04 9.51E+02 7.23E-11 1.64E-06 1.17E-05 9.42E-08 2.61E-05
  29  24.0000   32.200  1.55E-02 1.55E-02 1.28E+00 5.43E-05 3.41E-03 3.73E-04 8.10E+02 5.58E-11 1.75E-06 1.19E-05 7.37E-08 2.26E-05
  30  25.0000   27.700  1.39E-02 1.59E-02 1.09E+00 5.05E-05 2.62E-03 2.97E-04 6.93E+02 4.08E-11 2.27E-06 1.24E-05 5.81E-08 1.86E-05
  31  30.0000   13.200  7.16E-03 1.07E-02 5.02E-01 3.04E-05 9.62E-04 1.02E-04 3.18E+02 9.67E-12 3.73E-06 9.38E-06 2.04E-08 5.69E-06
  32  35.0000 6.519971  3.55E-03 6.38E-03 2.37E-01 1.78E-05 3.59E-04 2.65E-05 1.50E+02 1.30E-12 5.12E-06 5.22E-06 8.32E-09 1.18E-06
  33  40.0000 3.329993  1.78E-03 2.63E-03 1.15E-01 1.03E-05 1.37E-04 6.05E-06 7.29E+01 1.02E-13 3.90E-06 1.40E-06 4.74E-09 1.86E-07
  34  45.0000 1.759993  9.58E-04 7.91E-04 5.80E-02 5.81E-06 5.05E-05 1.35E-06 3.67E+01 5.24E-15 2.06E-06 2.02E-07 3.69E-09 2.13E-08
  35  50.0000 0.951001  5.11E-04 2.60E-04 3.07E-02 3.39E-06 1.81E-05 2.99E-07 1.94E+01 6.63E-16 9.58E-07 4.12E-08 3.31E-09 5.16E-09
  36  55.0000 0.514999  2.76E-04 9.28E-05 1.70E-02 2.02E-06 8.11E-06 1.05E-07 1.08E+01 2.47E-16 5.21E-07 1.75E-08 2.37E-09 2.29E-09
  37  60.0000 0.272001  1.43E-04 3.71E-05 9.41E-03 1.33E-06 4.28E-06 3.98E-08 5.96E+00 1.04E-16 2.88E-07 8.13E-09 1.47E-09 1.10E-09
  38  70.0000 0.067000  3.06E-05 3.31E-06 2.73E-03 9.75E-07 1.24E-06 6.44E-09 1.73E+00 2.13E-17 9.52E-08 1.91E-09 3.58E-10 2.71E-10
  39  80.0000 0.012000  3.90E-06 3.72E-07 6.09E-04 1.27E-06 2.79E-07 9.60E-10 3.88E-01 3.79E-18 4.98E-08 3.75E-10 2.47E-11 5.59E-11
  40 100.0000 0.000258  1.46E-08 1.46E-08 7.12E-06 3.68E-07 4.38E-09 1.04E-11 5.84E-03 5.40E-20 7.59E-08 6.21E-12 1.31E-14 9.97E-13


1 ATMOSPHERIC PROFILES

   I      Z       CFC11    CFC12    CFC13    CFC14    CFC22   CFC113   CFC114   CFC115   CLONO2     HNO4   CHCL2F     CCL4     N2O5
         (KM)   (                                                  ATM CM/KM                                                  )
   1   0.0000  1.30E-05 2.23E-05 9.28E-14 9.28E-14 5.57E-06 1.76E-06 1.11E-06 9.28E-14 5.34E-07 4.03E-08 9.28E-14 1.21E-05 2.25E-11
   2   1.0000  1.18E-05 2.01E-05 8.39E-14 8.39E-14 5.03E-06 1.59E-06 1.01E-06 8.39E-14 4.30E-07 1.79E-07 8.39E-14 1.09E-05 8.01E-11
   3   2.0000  1.06E-05 1.82E-05 7.58E-14 7.58E-14 4.54E-06 1.44E-06 9.10E-07 7.58E-14 3.42E-07 2.91E-07 7.58E-14 9.85E-06 1.26E-10
   4   3.0000  9.60E-06 1.65E-05 6.86E-14 6.86E-14 4.10E-06 1.30E-06 8.23E-07 6.86E-14 2.66E-07 3.80E-07 6.86E-14 8.91E-06 1.63E-10
   5   4.0000  8.68E-06 1.49E-05 6.20E-14 6.20E-14 3.71E-06 1.18E-06 7.44E-07 6.20E-14 2.02E-07 4.49E-07 6.20E-14 8.06E-06 1.91E-10
   6   5.0000  7.82E-06 1.34E-05 5.59E-14 5.59E-14 3.34E-06 1.06E-06 6.71E-07 5.59E-14 1.54E-07 1.02E-06 5.59E-14 7.25E-06 2.02E-10
   7   6.0000  7.04E-06 1.21E-05 5.03E-14 5.03E-14 3.00E-06 9.55E-07 6.03E-07 5.03E-14 1.13E-07 1.46E-06 5.03E-14 6.51E-06 2.07E-10
   8   7.0000  6.31E-06 1.08E-05 4.51E-14 4.51E-14 2.69E-06 8.57E-07 5.41E-07 4.51E-14 7.87E-08 1.80E-06 4.51E-14 5.83E-06 2.09E-10
   9   8.0000  5.66E-06 9.70E-06 4.04E-14 4.04E-14 2.41E-06 7.68E-07 4.85E-07 4.04E-14 5.01E-08 2.06E-06 4.04E-14 5.21E-06 2.08E-10
  10   9.0000  5.05E-06 8.67E-06 3.61E-14 3.61E-14 2.16E-06 6.86E-07 4.34E-07 3.61E-14 4.37E-08 1.77E-06 3.61E-14 4.66E-06 2.08E-10
  11   9.9500  4.52E-06 7.76E-06 3.24E-14 3.24E-14 1.93E-06 6.14E-07 3.89E-07 3.24E-14 3.81E-08 1.53E-06 3.24E-14 4.18E-06 2.05E-10
  12  10.0000  4.49E-06 7.71E-06 3.22E-14 3.22E-14 1.92E-06 6.10E-07 3.86E-07 3.22E-14 3.78E-08 1.52E-06 3.22E-14 4.15E-06 2.05E-10
  13  10.0500  4.46E-06 7.67E-06 3.20E-14 3.20E-14 1.91E-06 6.07E-07 3.84E-07 3.20E-14 3.76E-08 1.51E-06 3.20E-14 4.13E-06 2.05E-10
  14  10.9500  4.01E-06 6.89E-06 2.88E-14 2.88E-14 1.72E-06 5.45E-07 3.46E-07 2.88E-14 3.30E-08 1.31E-06 2.88E-14 3.72E-06 2.00E-10
  15  11.0000  3.99E-06 6.85E-06 2.86E-14 2.86E-14 1.70E-06 5.42E-07 3.44E-07 2.86E-14 3.27E-08 1.30E-06 2.86E-14 3.69E-06 1.99E-10
  16  11.0500  3.96E-06 6.81E-06 2.85E-14 2.85E-14 1.69E-06 5.39E-07 3.42E-07 2.85E-14 3.25E-08 1.29E-06 2.85E-14 3.67E-06 1.99E-10
  17  12.0000  3.52E-06 6.06E-06 2.53E-14 2.53E-14 1.51E-06 4.79E-07 3.04E-07 2.53E-14 2.81E-08 1.11E-06 2.53E-14 3.27E-06 1.92E-10
  18  13.0000  3.02E-06 5.27E-06 2.24E-14 2.24E-14 1.32E-06 4.15E-07 2.66E-07 2.24E-14 1.79E-07 1.26E-06 2.24E-14 2.80E-06 9.85E-09
  19  14.0000  2.50E-06 4.44E-06 1.91E-14 1.91E-14 1.12E-06 3.48E-07 2.25E-07 1.91E-14 2.85E-07 1.33E-06 1.91E-14 2.31E-06 1.67E-08
  20  15.0000  2.06E-06 3.71E-06 1.62E-14 1.62E-14 9.39E-07 2.90E-07 1.89E-07 1.62E-14 3.54E-07 1.34E-06 1.62E-14 1.90E-06 2.12E-08
  21  16.0000  1.71E-06 3.12E-06 1.39E-14 1.39E-14 7.94E-07 2.43E-07 1.60E-07 1.39E-14 3.98E-07 1.32E-06 1.39E-14 1.57E-06 2.41E-08
  22  17.0000  1.33E-06 2.55E-06 1.19E-14 1.19E-14 6.60E-07 1.96E-07 1.33E-07 1.19E-14 1.21E-06 1.69E-06 1.19E-14 1.21E-06 1.04E-07
  23  18.0000  1.03E-06 2.06E-06 1.01E-14 1.01E-14 5.46E-07 1.57E-07 1.10E-07 1.01E-14 1.76E-06 1.92E-06 1.01E-14 9.15E-07 1.60E-07
  24  19.0000  7.82E-07 1.67E-06 8.60E-15 8.60E-15 4.51E-07 1.25E-07 9.05E-08 8.60E-15 2.13E-06 2.04E-06 8.60E-15 6.83E-07 1.97E-07
  25  20.0000  5.87E-07 1.35E-06 7.32E-15 7.32E-15 3.72E-07 9.95E-08 7.46E-08 7.32E-15 2.34E-06 2.09E-06 7.32E-15 4.99E-07 2.19E-07
  26  21.0000  4.28E-07 1.07E-06 6.24E-15 6.24E-15 3.05E-07 7.72E-08 6.09E-08 6.24E-15 2.87E-06 2.19E-06 6.24E-15 3.57E-07 2.59E-07
  27  22.0000  3.04E-07 8.40E-07 5.32E-15 5.32E-15 2.50E-07 5.93E-08 4.95E-08 5.32E-15 3.19E-06 2.22E-06 5.32E-15 2.45E-07 2.82E-07
  28  23.0000  2.07E-07 6.60E-07 4.55E-15 4.55E-15 2.05E-07 4.52E-08 4.03E-08 4.55E-15 3.37E-06 2.21E-06 4.55E-15 1.59E-07 2.94E-07
  29  24.0000  1.32E-07 5.12E-07 3.88E-15 3.88E-15 1.67E-07 3.38E-08 3.26E-08 3.88E-15 3.41E-06 2.14E-06 3.88E-15 9.30E-08 2.95E-07
  30  25.0000  9.05E-08 3.94E-07 3.32E-15 3.32E-15 1.36E-07 2.52E-08 2.64E-08 3.32E-15 3.23E-06 1.93E-06 3.32E-15 6.25E-08 2.56E-07
  31  30.0000  5.94E-09 8.96E-08 1.52E-15 1.52E-15 4.61E-08 4.44E-09 8.58E-09 1.52E-15 1.74E-06 7.77E-07 1.52E-15 2.67E-09 8.41E-08
  32  35.0000  1.42E-10 1.53E-08 7.17E-16 7.17E-16 1.48E-08 5.14E-10 2.62E-09 7.17E-16 3.75E-07 1.05E-07 7.17E-16 2.83E-11 7.76E-09
  33  40.0000  6.45E-13 2.12E-09 3.49E-16 3.49E-16 4.85E-09 4.29E-11 8.09E-10 3.49E-16 1.49E-08 3.47E-09 3.49E-16 1.38E-14 7.43E-11
  34  45.0000  1.61E-14 3.75E-10 1.76E-16 1.76E-16 1.82E-09 5.65E-12 2.84E-10 1.76E-16 2.95E-10 1.54E-10 1.76E-16 9.79E-17 6.92E-13
  35  50.0000  5.55E-16 7.92E-11 9.30E-17 9.30E-17 8.16E-10 9.21E-13 1.16E-10 9.30E-17 4.34E-12 7.10E-12 9.30E-17 1.02E-18 5.85E-15
  36  55.0000  3.15E-17 2.14E-11 5.16E-17 5.16E-17 4.19E-10 2.02E-13 5.36E-11 5.16E-17 6.16E-14 3.51E-13 5.16E-17 1.95E-20 5.38E-17
  37  60.0000  1.21E-18 5.53E-12 2.85E-17 2.85E-17 2.20E-10 4.05E-14 2.48E-11 2.85E-17 4.88E-16 1.37E-14 2.85E-17 1.50E-22 1.46E-19
  38  70.0000  4.22E-21 3.23E-13 8.28E-18 8.28E-18 5.95E-11 1.46E-15 4.85E-12 8.28E-18 5.99E-19 2.66E-16 8.28E-18 8.18E-26 6.79E-23
  39  80.0000  3.68E-24 9.64E-15 1.86E-18 1.86E-18 1.21E-11 2.29E-17 6.60E-13 1.86E-18 7.51E-23 1.57E-18 1.86E-18 5.44E-30 9.46E-27
  40 100.0000  1.14E-30 9.05E-19 3.65E-20 3.65E-20 6.54E-14 4.78E-22 7.78E-16 3.65E-20 2.95E-35 1.22E-31 3.65E-20 1.86E-38 3.06E-37

 REPLACING IPARM=2 SOLAR/LUNAR GEOMETRY PARAMETERS
      0.00000   RELATIVE SOLAR/LUNAR AZIMUTH AT H1ALT (DEG EAST OF NORTH)
     70.00000   SOLAR/LUNAR ZENITH ANGLE AT H1ALT (DEG)

      WITH IPARM=0 SOLAR/LUNAR GEOMETRY PARAMETERS
      0.00000   OBSERVER (H1ALT) LATITUDE (DEG NORTH OF EQUATOR)
      0.00000   OBSERVER (H1ALT) LONGITUDE (DEG WEST OF GREENWICH)
      0.00000   SOURCE LATITUDE (DEG NORTH OF EQUATOR)
     70.00335   SOURCE LONGITUDE (DEG WEST OF GREENWICH)
    270.00000   TRUE PATH AZIMUTH FROM H1ALT TO H2ALT (DEG EAST OF NORTH)


 CASE 2A:  GIVEN H1ALT, H2ALT AND OBSZEN


 SLANT PATH PARAMETERS IN STANDARD FORM

          H1ALT   =    0.00000 KM
          H2ALT   =  100.00000 KM
          OBSZEN  =    0.00000 DEG
          BCKZEN  =  180.00000 DEG
          HMIN    =    0.00000 KM
          LENN    =          0

 CALCULATION OF THE REFRACTED PATH THROUGH THE ATMOSPHERE


  I     START       END     START     DELTA     TOTAL     DELTA     EARTH    END TO     DELTA      PATH      LAYER   LAYER     LAYER
     ALTITUDE  ALTITUDE    TO END     RANGE     RANGE     EARTH    CENTER     START   BENDING   BENDING    AVERAGE     AVG   AVERAGE
                           ZENITH                         ANGLE     ANGLE    ZENITH                       PRESSURE    TEMP   DENSITY
         (KM)      (KM)     (DEG)     (KM)       (KM)     (DEG)     (DEG)     (DEG)     (DEG)    (DEG)        (MB)     (K)  (GM/CM3)
          H1ALT TO H2ALT

  1   0.00000   1.00000   0.00000   1.00000   1.00000   0.00000   0.00000 180.00000   0.00000   0.00000  957.35461  291.98 1.141E-03
  2   1.00000   2.00000   0.00000   1.00000   2.00000   0.00000   0.00000 180.00000   0.00000   0.00000  851.86801  287.48 1.031E-03
  3   2.00000   3.00000   0.00000   1.00000   3.00000   0.00000   0.00000 180.00000   0.00000   0.00000  755.83580  282.24 9.320E-04
  4   3.00000   4.00000   0.00000   1.00000   4.00000   0.00000   0.00000 180.00000   0.00000   0.00000  668.84982  276.24 8.426E-04
  5   4.00000   5.00000   0.00000   1.00000   5.00000   0.00000   0.00000 180.00000   0.00000   0.00000  590.86186  270.24 7.609E-04
  6   5.00000   6.00000   0.00000   1.00000   6.00000   0.00000   0.00000 180.00000   0.00000   0.00000  520.37101  264.24 6.853E-04
  7   6.00000   7.00000   0.00000   1.00000   7.00000   0.00000   0.00000 180.00000   0.00000   0.00000  456.37111  258.00 6.155E-04
  8   7.00000   8.00000   0.00000   1.00000   8.00000   0.00000   0.00000 180.00000   0.00000   0.00000  398.88314  251.50 5.518E-04
  9   8.00000   9.00000   0.00000   1.00000   9.00000   0.00000   0.00000 180.00000   0.00000   0.00000  347.89258  245.00 4.940E-04
 10   9.00000   9.95000   0.00000   0.95000   9.95000   0.00000   0.00000 180.00000   0.00000   0.00000  303.42702  238.70 4.423E-04
 11   9.95000  10.00000   0.00000   0.05000  10.00000   0.00000   0.00000 180.00000   0.00000   0.00000  282.01367  235.46 4.172E-04
 12  10.00000  10.05000   0.00000   0.05000  10.05000   0.00000   0.00000 180.00000   0.00000   0.00000  279.99405  235.14 4.148E-04
 13  10.05000  10.95000   0.00000   0.90000  10.95000   0.00000   0.00000 180.00000   0.00000   0.00000  261.82201  232.09 3.925E-04
 14  10.95000  11.00000   0.00000   0.05000  11.00000   0.00000   0.00000 180.00000   0.00000   0.00000  243.89851  228.96 3.711E-04
 15  11.00000  11.05000   0.00000   0.05000  11.05000   0.00000   0.00000 180.00000   0.00000   0.00000  242.10156  228.64 3.689E-04
 16  11.05000  12.00000   0.00000   0.95000  12.00000   0.00000   0.00000 180.00000   0.00000   0.00000  225.02799  225.43 3.473E-04
 17  12.00000  13.00000   0.00000   1.00000  13.00000   0.00000   0.00000 180.00000   0.00000   0.00000  193.92577  219.10 3.078E-04
 18  13.00000  14.00000   0.00000   1.00000  14.00000   0.00000   0.00000 180.00000   0.00000   0.00000  165.99950  215.75 2.675E-04
 19  14.00000  15.00000   0.00000   1.00000  15.00000   0.00000   0.00000 180.00000   0.00000   0.00000  141.49985  215.70 2.280E-04
 20  15.00000  16.00000   0.00000   1.00000  16.00000   0.00000   0.00000 180.00000   0.00000   0.00000  120.49968  215.70 1.942E-04
 21  16.00000  17.00000   0.00000   1.00000  17.00000   0.00000   0.00000 180.00000   0.00000   0.00000  103.00014  215.70 1.660E-04
 22  17.00000  18.00000   0.00000   1.00000  18.00000   0.00000   0.00000 180.00000   0.00000   0.00000   88.10620  216.23 1.416E-04
 23  18.00000  19.00000   0.00000   1.00000  19.00000   0.00000   0.00000 180.00000   0.00000   0.00000   75.35525  217.33 1.205E-04
 24  19.00000  20.00000   0.00000   1.00000  20.00000   0.00000   0.00000 180.00000   0.00000   0.00000   64.50518  218.53 1.026E-04
 25  20.00000  21.00000   0.00000   1.00000  21.00000   0.00000   0.00000 180.00000   0.00000   0.00000   55.25408  219.78 8.740E-05
 26  21.00000  22.00000   0.00000   1.00000  22.00000   0.00000   0.00000 180.00000   0.00000   0.00000   47.35345  220.98 7.450E-05
 27  22.00000  23.00000   0.00000   1.00000  23.00000   0.00000   0.00000 180.00000   0.00000   0.00000   40.65271  222.18 6.362E-05
 28  23.00000  24.00000   0.00000   1.00000  24.00000   0.00000   0.00000 180.00000   0.00000   0.00000   34.90220  223.33 5.433E-05
 29  24.00000  25.00000   0.00000   1.00000  25.00000   0.00000   0.00000 180.00000   0.00000   0.00000   29.95203  224.48 4.639E-05
 30  25.00000  30.00000   0.00000   5.00000  30.00000   0.00000   0.00000 180.00000   0.00000   0.00000   20.49444  228.82 2.978E-05
 31  30.00000  35.00000   0.00000   5.00000  35.00000   0.00000   0.00000 180.00000   0.00000   0.00000    9.88628  238.69 1.382E-05
 32  35.00000  40.00000   0.00000   5.00000  40.00000   0.00000   0.00000 180.00000   0.00000   0.00000    4.93779  250.57 6.601E-06
 33  40.00000  45.00000   0.00000   5.00000  45.00000   0.00000   0.00000 180.00000   0.00000   0.00000    2.55106  262.95 3.262E-06
 34  45.00000  50.00000   0.00000   5.00000  50.00000   0.00000   0.00000 180.00000   0.00000   0.00000    1.35691  272.48 1.680E-06
 35  50.00000  55.00000   0.00000   5.00000  55.00000   0.00000   0.00000 180.00000   0.00000   0.00000    0.73216  272.80 9.078E-07
 36  55.00000  60.00000   0.00000   5.00000  60.00000   0.00000   0.00000 180.00000   0.00000   0.00000    0.39257  263.75 5.028E-07
 37  60.00000  70.00000   0.00000  10.00000  70.00000   0.00000   0.00000 180.00000   0.00000   0.00000    0.16684  241.00 2.115E-07
 38  70.00000  80.00000   0.00000  10.00000  80.00000   0.00000   0.00000 180.00000   0.00000   0.00000    0.03855  200.59 5.554E-08
 39  80.00000 100.00000   0.00000  20.00000 100.00000   0.00000   0.00000 180.00000   0.00000   0.00000    0.00619  177.85 5.990E-09




1  LAYER ABSORBER AMOUNTS FOR THE PATH SEGMENT ENDING AT Z

  J      Z        TBAR       HNO3         O3 UV     CNTMSLF1     CNTMSLF2      CNTMFRN        O2         WAT DROP     ICE PART
       (KM)        (K)     (ATM CM)     (ATM CM)   (MOL CM-2)   (MOL CM-2)   (MOL CM-2)   (MOL CM-2)   (KM GM/M3)   (KM GM/M3)

  1    1.0000   291.98    4.822E-06    2.801E-03    6.030E+20    6.730E+19    3.626E+22    3.200E+04    0.0000000    0.0000000
  2    2.0000   287.48    5.128E-06    2.801E-03    2.558E+20    6.051E+19    2.142E+22    2.774E+04    0.0000000    0.0000000
  3    3.0000   282.24    5.338E-06    2.847E-03    9.268E+19    3.542E+19    1.165E+22    2.411E+04    0.0000000    0.0000000
  4    4.0000   276.24    5.460E-06    2.941E-03    2.968E+19    1.629E+19    5.983E+21    2.101E+04    0.0000000    0.0000000
  5    5.0000   270.24    5.473E-06    3.034E-03    9.156E+18    6.551E+18    2.996E+21    1.833E+04    0.0000000    0.0000000
  6    6.0000   264.24    5.514E-06    3.151E-03    2.861E+18    2.524E+18    1.519E+21    1.597E+04    0.0000000    0.0000000
  7    7.0000   258.00    5.630E-06    3.361E-03    1.059E+18    1.118E+18    8.306E+20    1.390E+04    0.0000000    0.0000000
  8    8.0000   251.50    5.649E-06    3.594E-03    3.687E+17    4.558E+17    4.386E+20    1.209E+04    0.0000000    0.0000000
  9    9.0000   245.00    5.572E-06    3.851E-03    1.195E+17    1.693E+17    2.237E+20    1.053E+04    0.0000000    0.0000000
 10    9.9500   238.70    5.284E-06    3.891E-03    3.607E+16    5.741E+16    1.071E+20    8.729E+03    0.0000000    0.0000000
 11   10.0000   235.46    2.799E-07    2.094E-04    9.558E+14    1.607E+15    3.808E+18    4.278E+02    0.0000000    0.0000000
 12   10.0500   235.14    2.802E-07    2.109E-04    8.854E+14    1.497E+15    3.643E+18    4.248E+02    0.0000000    0.0000000
 13   10.9500   232.09    5.120E-06    4.197E-03    6.805E+15    1.208E+16    3.943E+19    7.157E+03    0.0000000    0.0000000
 14   11.0000   228.96    2.889E-07    2.556E-04    1.168E+14    2.174E+14    1.184E+18    3.716E+02    0.0000000    0.0000000
 15   11.0500   228.64    2.896E-07    2.573E-04    1.027E+14    1.922E+14    1.104E+18    3.690E+02    0.0000000    0.0000000
 16   12.0000   225.43    5.657E-06    5.135E-03    6.791E+14    1.331E+15    1.111E+19    6.528E+03    0.0000000    0.0000000
 17   13.0000   219.10    6.140E-06    6.180E-03    5.349E+13    1.143E+14    2.795E+18    5.965E+03    0.0000000    0.0000000
 18   14.0000   215.75    6.270E-06    7.561E-03    5.312E+12    1.184E+13    8.076E+17    5.072E+03    0.0000000    0.0000000
 19   15.0000   215.70    6.856E-06    8.268E-03    1.616E+12    3.605E+12    3.809E+17    4.230E+03    0.0000000    0.0000000
 20   16.0000   215.70    8.784E-06    8.224E-03    7.407E+11    1.652E+12    2.209E+17    3.534E+03    0.0000000    0.0000000
 21   17.0000   215.70    1.289E-05    8.317E-03    5.094E+11    1.136E+12    1.566E+17    2.972E+03    0.0000000    0.0000000
 22   18.0000   216.23    1.843E-05    9.204E-03    3.537E+11    7.837E+11    1.114E+17    2.500E+03    0.0000000    0.0000000
 23   19.0000   217.33    2.428E-05    1.150E-02    2.557E+11    5.587E+11    8.057E+16    2.101E+03    0.0000000    0.0000000
 24   20.0000   218.53    2.900E-05    1.377E-02    1.940E+11    4.175E+11    5.974E+16    1.769E+03    0.0000000    0.0000000
 25   21.0000   219.78    3.077E-05    1.480E-02    1.517E+11    3.211E+11    4.499E+16    1.493E+03    0.0000000    0.0000000
 26   22.0000   220.98    2.991E-05    1.519E-02    1.202E+11    2.505E+11    3.414E+16    1.263E+03    0.0000000    0.0000000
 27   23.0000   222.18    2.754E-05    1.544E-02    9.773E+10    2.004E+11    2.628E+16    1.071E+03    0.0000000    0.0000000
 28   24.0000   223.33    2.434E-05    1.549E-02    7.929E+10    1.600E+11    2.022E+16    9.095E+02    0.0000000    0.0000000
 29   25.0000   224.48    2.056E-05    1.572E-02    6.303E+10    1.252E+11    1.539E+16    7.727E+02    0.0000000    0.0000000
 30   30.0000   228.82    5.453E-05    6.558E-02    1.561E+11    2.914E+11    3.559E+16    2.459E+03    0.0000000    0.0000000
 31   35.0000   238.69    1.432E-05    4.168E-02    4.008E+10    6.380E+10    8.358E+15    1.129E+03    0.0000000    0.0000000
 32   40.0000   250.57    2.683E-06    2.116E-02    9.933E+09    1.254E+10    1.984E+15    5.362E+02    0.0000000    0.0000000
 33   45.0000   262.95    3.796E-07    7.657E-03    2.641E+09    2.425E+09    5.044E+14    2.644E+02    0.0000000    0.0000000
 34   50.0000   272.48    5.688E-08    2.388E-03    7.611E+08    4.972E+08    1.391E+14    1.360E+02    0.0000000    0.0000000
 35   55.0000   272.80    1.768E-08    8.121E-04    2.187E+08    1.409E+08    4.020E+13    7.345E+01    0.0000000    0.0000000
 36   60.0000   263.75    8.107E-09    3.037E-04    6.151E+07    5.510E+07    1.181E+13    4.067E+01    0.0000000    0.0000000
 37   70.0000   241.00    5.900E-09    1.398E-04    1.836E+07    2.806E+07    4.002E+12    3.421E+01    0.0000000    0.0000000
 38   80.0000   200.59    1.362E-09    1.344E-05    6.525E+05    1.729E+06    2.019E+11    8.983E+00    0.0000000    0.0000000
 39  100.0000   177.85    2.728E-10    2.206E-06    7.934E+03    2.604E+04    4.436E+09    1.823E+00    0.0000000    0.0000000



1 J      Z        N2 CONT     MOL SCAT        AER 1        AER 2        AER 3        AER 4        CIRRUS     WAT DROP     ICE PART
        (KM)                (550nm EXT)                                                                     (550 NM OPTICAL DEPTH)

  1    1.0000    0.7157417    0.0107007    0.7700000    0.0000000    0.0000000    0.0000000    0.0000000    0.0000000    0.0000000
  2    2.0000    0.5845655    0.0096705    0.2811755    0.0000000    0.0000000    0.0000000    0.0000000    0.0000000    0.0000000
  3    3.0000    0.4774188    0.0087395    0.0310500    0.0173000    0.0000000    0.0000000    0.0000000    0.0000000    0.0000000
  4    4.0000    0.3902644    0.0079016    0.0000000    0.0257154    0.0000000    0.0000000    0.0000000    0.0000000    0.0000000
  5    5.0000    0.3182158    0.0071349    0.0000000    0.0133832    0.0000000    0.0000000    0.0000000    0.0000000    0.0000000
  6    6.0000    0.2581324    0.0064259    0.0000000    0.0084849    0.0000000    0.0000000    0.0000000    0.0000000    0.0000000
  7    7.0000    0.2082523    0.0057717    0.0000000    0.0069437    0.0000000    0.0000000    0.0000000    0.0000000    0.0000000
  8    8.0000    0.1674142    0.0051748    0.0000000    0.0046545    0.0000000    0.0000000    0.0000000    0.0000000    0.0000000
  9    9.0000    0.1341865    0.0046328    0.0000000    0.0025159    0.0000000    0.0000000    0.0000000    0.0000000    0.0000000
 10    9.9500    0.1021598    0.0039401    0.0000000    0.0013959    0.0000000    0.0000000    0.0000000    0.0000000    0.0000000
 11   10.0000    0.0047805    0.0001956    0.0000000    0.0000577    0.0000000    0.0000000    0.0017500    0.0000000    0.0000000
 12   10.0500    0.0047252    0.0001945    0.0000000    0.0000285    0.0000280    0.0000000    0.0052500    0.0000000    0.0000000
 13   10.9500    0.0762336    0.0033129    0.0000000    0.0000000    0.0008626    0.0000000    0.1259999    0.0000000    0.0000000
 14   11.0000    0.0037815    0.0001740    0.0000000    0.0000000    0.0000403    0.0000000    0.0052500    0.0000000    0.0000000
 15   11.0500    0.0037365    0.0001730    0.0000000    0.0000000    0.0000397    0.0000000    0.0017500    0.0000000    0.0000000
 16   12.0000    0.0629865    0.0030936    0.0000000    0.0000000    0.0006774    0.0000000    0.0000000    0.0000000    0.0000000
 17   13.0000    0.0521128    0.0028867    0.0000000    0.0000000    0.0005768    0.0000000    0.0000000    0.0000000    0.0000000
 18   14.0000    0.0393747    0.0025083    0.0000000    0.0000000    0.0004785    0.0000000    0.0000000    0.0000000    0.0000000
 19   15.0000    0.0286190    0.0021383    0.0000000    0.0000000    0.0004181    0.0000000    0.0000000    0.0000000    0.0000000
 20   16.0000    0.0207573    0.0018212    0.0000000    0.0000000    0.0003885    0.0000000    0.0000000    0.0000000    0.0000000
 21   17.0000    0.0151670    0.0015568    0.0000000    0.0000000    0.0004035    0.0000000    0.0000000    0.0000000    0.0000000
 22   18.0000    0.0110427    0.0013283    0.0000000    0.0000000    0.0004725    0.0000000    0.0000000    0.0000000    0.0000000
 23   19.0000    0.0079964    0.0011303    0.0000000    0.0000000    0.0005505    0.0000000    0.0000000    0.0000000    0.0000000
 24   20.0000    0.0057955    0.0009623    0.0000000    0.0000000    0.0005850    0.0000000    0.0000000    0.0000000    0.0000000
 25   21.0000    0.0042042    0.0008196    0.0000000    0.0000000    0.0005443    0.0000000    0.0000000    0.0000000    0.0000000
 26   22.0000    0.0030544    0.0006986    0.0000000    0.0000000    0.0004598    0.0000000    0.0000000    0.0000000    0.0000000
 27   23.0000    0.0022271    0.0005966    0.0000000    0.0000000    0.0003566    0.0000000    0.0000000    0.0000000    0.0000000
 28   24.0000    0.0016245    0.0005095    0.0000000    0.0000000    0.0002455    0.0000000    0.0000000    0.0000000    0.0000000
 29   25.0000    0.0011843    0.0004350    0.0000000    0.0000000    0.0001622    0.0000000    0.0000000    0.0000000    0.0000000
 30   30.0000    0.0025576    0.0013964    0.0000000    0.0000000    0.0003562    0.0000000    0.0000000    0.0000000    0.0000000
 31   35.0000    0.0005492    0.0006481    0.0000000    0.0000000    0.0000830    0.0000108    0.0000000    0.0000000    0.0000000
 32   40.0000    0.0001248    0.0003095    0.0000000    0.0000000    0.0000000    0.0000139    0.0000000    0.0000000    0.0000000
 33   45.0000    0.0000304    0.0001529    0.0000000    0.0000000    0.0000000    0.0000059    0.0000000    0.0000000    0.0000000
 34   50.0000    0.0000080    0.0000788    0.0000000    0.0000000    0.0000000    0.0000029    0.0000000    0.0000000    0.0000000
 35   55.0000    0.0000023    0.0000426    0.0000000    0.0000000    0.0000000    0.0000015    0.0000000    0.0000000    0.0000000
 36   60.0000    0.0000007    0.0000236    0.0000000    0.0000000    0.0000000    0.0000008    0.0000000    0.0000000    0.0000000
 37   70.0000    0.0000003    0.0000198    0.0000000    0.0000000    0.0000000    0.0000007    0.0000000    0.0000000    0.0000000
 38   80.0000    0.0000000    0.0000052    0.0000000    0.0000000    0.0000000    0.0000002    0.0000000    0.0000000    0.0000000
 39  100.0000    0.0000000    0.0000011    0.0000000    0.0000000    0.0000000    0.0000000    0.0000000    0.0000000    0.0000000



1    J    Z       H2O       O3        CO2       CO        CH4       N2O       O2        NH3       NO        NO2       SO2
        (KM)    (                                                      ATM CM                                             )

   1    1.0000  1.43E+03  2.80E-03  2.91E+01  1.30E-02  1.50E-01  2.83E-02  1.85E+04  4.42E-05  2.65E-05  2.03E-06  2.53E-05
   2    2.0000  9.29E+02  2.80E-03  2.63E+01  1.14E-02  1.36E-01  2.55E-02  1.67E+04  3.84E-05  2.39E-05  1.84E-06  2.03E-05
   3    3.0000  5.56E+02  2.85E-03  2.38E+01  9.91E-03  1.23E-01  2.31E-02  1.51E+04  3.03E-05  2.16E-05  1.66E-06  1.53E-05
   4    4.0000  3.15E+02  2.94E-03  2.15E+01  8.68E-03  1.11E-01  2.09E-02  1.36E+04  2.17E-05  1.96E-05  1.50E-06  1.09E-05
   5    5.0000  1.74E+02  3.03E-03  1.94E+01  7.70E-03  9.96E-02  1.88E-02  1.23E+04  1.44E-05  1.77E-05  1.35E-06  7.76E-06
   6    6.0000  9.81E+01  3.15E-03  1.75E+01  6.87E-03  8.91E-02  1.70E-02  1.11E+04  9.22E-06  1.59E-05  1.22E-06  5.69E-06
   7    7.0000  5.97E+01  3.36E-03  1.57E+01  6.04E-03  7.91E-02  1.52E-02  9.95E+03  5.78E-06  1.43E-05  1.10E-06  4.29E-06
   8    8.0000  3.51E+01  3.59E-03  1.41E+01  5.19E-03  7.00E-02  1.37E-02  8.93E+03  3.46E-06  1.28E-05  9.82E-07  3.31E-06
   9    9.0000  2.00E+01  3.85E-03  1.26E+01  4.36E-03  6.20E-02  1.22E-02  7.99E+03  1.92E-06  1.15E-05  8.83E-07  2.63E-06
  10    9.9500  1.07E+01  3.89E-03  1.07E+01  3.41E-03  5.20E-02  1.02E-02  6.80E+03  9.32E-07  9.75E-06  7.63E-07  2.06E-06
  11   10.0000  4.05E-01  2.09E-04  5.33E-01  1.61E-04  2.55E-03  5.00E-04  3.37E+02  3.33E-08  4.84E-07  3.84E-08  9.83E-08
  12   10.0500  3.90E-01  2.11E-04  5.30E-01  1.60E-04  2.53E-03  4.96E-04  3.35E+02  3.21E-08  4.82E-07  3.83E-08  9.74E-08
  13   10.9500  4.42E+00  4.20E-03  9.02E+00  2.59E-03  4.27E-02  8.32E-03  5.71E+03  4.14E-07  8.20E-06  6.81E-07  1.62E-06
  14   11.0000  1.42E-01  2.56E-04  4.74E-01  1.29E-04  2.22E-03  4.30E-04  3.00E+02  1.59E-08  4.31E-07  3.75E-08  8.32E-08
  15   11.0500  1.33E-01  2.57E-04  4.71E-01  1.28E-04  2.20E-03  4.26E-04  2.98E+02  1.53E-08  4.28E-07  3.75E-08  8.25E-08
  16   12.0000  1.40E+00  5.14E-03  8.42E+00  2.13E-03  3.89E-02  7.56E-03  5.34E+03  2.12E-07  7.66E-06  7.36E-07  1.45E-06
  17   13.0000  3.97E-01  6.18E-03  7.86E+00  1.69E-03  3.56E-02  6.91E-03  4.98E+03  1.09E-07  7.13E-06  8.97E-07  1.33E-06
  18   14.0000  1.33E-01  7.56E-03  6.83E+00  1.18E-03  3.03E-02  5.86E-03  4.33E+03  4.08E-08  6.15E-06  1.21E-06  1.16E-06
  19   15.0000  7.36E-02  8.27E-03  5.82E+00  7.90E-04  2.54E-02  4.88E-03  3.69E+03  1.30E-08  5.10E-06  2.10E-06  1.00E-06
  20   16.0000  5.04E-02  8.22E-03  4.96E+00  5.26E-04  2.11E-02  4.01E-03  3.14E+03  4.77E-09  4.14E-06  3.60E-06  8.64E-07
  21   17.0000  4.18E-02  8.32E-03  4.24E+00  3.57E-04  1.76E-02  3.23E-03  2.68E+03  2.01E-09  3.34E-06  5.29E-06  7.15E-07
  22   18.0000  3.48E-02  9.20E-03  3.62E+00  2.44E-04  1.47E-02  2.52E-03  2.29E+03  9.57E-10  2.70E-06  6.97E-06  5.57E-07
  23   19.0000  2.96E-02  1.15E-02  3.08E+00  1.64E-04  1.21E-02  1.87E-03  1.95E+03  4.90E-10  2.26E-06  8.45E-06  4.08E-07
  24   20.0000  2.58E-02  1.38E-02  2.62E+00  1.14E-04  9.95E-03  1.37E-03  1.66E+03  2.50E-10  1.98E-06  9.64E-06  2.84E-07
  25   21.0000  2.28E-02  1.48E-02  2.23E+00  8.67E-05  8.05E-03  9.90E-04  1.41E+03  1.46E-10  1.80E-06  1.06E-05  1.98E-07
  26   22.0000  2.03E-02  1.52E-02  1.90E+00  7.10E-05  6.40E-03  7.12E-04  1.20E+03  1.05E-10  1.68E-06  1.12E-05  1.43E-07
  27   23.0000  1.83E-02  1.54E-02  1.62E+00  6.24E-05  5.02E-03  5.37E-04  1.03E+03  8.15E-11  1.63E-06  1.16E-05  1.07E-07
  28   24.0000  1.65E-02  1.55E-02  1.39E+00  5.68E-05  3.90E-03  4.20E-04  8.79E+02  6.37E-11  1.69E-06  1.18E-05  8.35E-08
  29   25.0000  1.47E-02  1.57E-02  1.18E+00  5.23E-05  3.00E-03  3.34E-04  7.50E+02  4.79E-11  2.01E-06  1.21E-05  6.55E-08
  30   30.0000  5.09E-02  6.56E-02  3.80E+00  1.98E-04  8.27E-03  9.13E-04  2.41E+03  1.08E-10  1.50E-05  5.41E-05  1.80E-07
  31   35.0000  2.57E-02  4.17E-02  1.76E+00  1.18E-04  3.06E-03  2.80E-04  1.12E+03  2.09E-11  2.21E-05  3.55E-05  6.73E-08
  32   40.0000  1.28E-02  2.12E-02  8.43E-01  6.87E-05  1.15E-03  6.92E-05  5.34E+02  2.36E-12  2.24E-05  1.45E-05  3.18E-08
  33   45.0000  6.63E-03  7.66E-03  4.16E-01  3.93E-05  4.32E-04  1.57E-05  2.64E+02  1.64E-13  1.44E-05  3.10E-06  2.10E-08
  34   50.0000  3.56E-03  2.39E-03  2.15E-01  2.25E-05  1.58E-04  3.48E-06  1.36E+02  1.11E-14  7.19E-06  5.06E-07  1.75E-08
  35   55.0000  1.91E-03  8.12E-04  1.16E-01  1.32E-05  6.22E-05  9.26E-07  7.34E+01  2.11E-15  3.59E-06  1.38E-07  1.41E-08
  36   60.0000  1.01E-03  3.04E-04  6.42E-02  8.27E-06  3.00E-05  3.36E-07  4.07E+01  8.29E-16  1.96E-06  6.11E-08  9.41E-09
  37   70.0000  7.28E-04  1.40E-04  5.40E-02  1.14E-05  2.45E-05  1.83E-07  3.42E+01  5.23E-16  1.74E-06  4.30E-08  7.87E-09
  38   80.0000  1.30E-04  1.34E-05  1.42E-02  1.12E-05  6.45E-06  2.88E-08  8.98E+00  1.01E-16  7.01E-07  9.44E-09  1.25E-09
  39  100.0000  1.39E-05  2.21E-06  2.71E-03  1.45E-05  1.32E-06  4.20E-09  1.82E+00  1.76E-17  1.26E-06  1.80E-09  6.55E-11



   J      Z       CFC11    CFC12    CFC13    CFC14    CFC22   CFC113   CFC114   CFC115   CLONO2     HNO4   CHCL2F     CCL4     N2O5
        (KM)    (                                                     ATM CM                                                     )
   1    1.0000 1.24E-05 2.12E-05 8.83E-14 8.83E-14 5.30E-06 1.68E-06 1.06E-06 8.83E-14 4.80E-07 1.10E-07 8.83E-14 1.15E-05 5.13E-11
   2    2.0000 1.12E-05 1.92E-05 7.98E-14 7.98E-14 4.78E-06 1.52E-06 9.58E-07 7.98E-14 3.84E-07 2.35E-07 7.98E-14 1.04E-05 1.03E-10
   3    3.0000 1.01E-05 1.73E-05 7.21E-14 7.21E-14 4.32E-06 1.37E-06 8.65E-07 7.21E-14 3.02E-07 3.35E-07 7.21E-14 9.38E-06 1.45E-10
   4    4.0000 9.13E-06 1.56E-05 6.52E-14 6.52E-14 3.90E-06 1.24E-06 7.82E-07 6.52E-14 2.33E-07 4.14E-07 6.52E-14 8.48E-06 1.77E-10
   5    5.0000 8.24E-06 1.41E-05 5.89E-14 5.89E-14 3.52E-06 1.12E-06 7.07E-07 5.89E-14 1.77E-07 7.32E-07 5.89E-14 7.65E-06 1.97E-10
   6    6.0000 7.42E-06 1.27E-05 5.30E-14 5.30E-14 3.17E-06 1.01E-06 6.36E-07 5.30E-14 1.32E-07 1.24E-06 5.30E-14 6.88E-06 2.04E-10
   7    7.0000 6.67E-06 1.14E-05 4.76E-14 4.76E-14 2.85E-06 9.05E-07 5.72E-07 4.76E-14 9.48E-08 1.63E-06 4.76E-14 6.16E-06 2.08E-10
   8    8.0000 5.98E-06 1.02E-05 4.27E-14 4.27E-14 2.55E-06 8.11E-07 5.12E-07 4.27E-14 6.33E-08 1.93E-06 4.27E-14 5.52E-06 2.09E-10
   9    9.0000 5.35E-06 9.17E-06 3.82E-14 3.82E-14 2.28E-06 7.26E-07 4.59E-07 3.82E-14 4.68E-08 1.91E-06 3.82E-14 4.93E-06 2.08E-10
  10    9.9500 4.54E-06 7.79E-06 3.25E-14 3.25E-14 1.94E-06 6.17E-07 3.90E-07 3.25E-14 3.88E-08 1.57E-06 3.25E-14 4.19E-06 1.96E-10
  11   10.0000 2.25E-07 3.87E-07 1.61E-15 1.61E-15 9.62E-08 3.06E-08 1.94E-08 1.61E-15 1.90E-09 7.64E-08 1.61E-15 2.08E-07 1.03E-11
  12   10.0500 2.24E-07 3.84E-07 1.61E-15 1.61E-15 9.57E-08 3.04E-08 1.93E-08 1.61E-15 1.88E-09 7.58E-08 1.61E-15 2.07E-07 1.02E-11
  13   10.9500 3.81E-06 6.54E-06 2.73E-14 2.73E-14 1.63E-06 5.18E-07 3.28E-07 2.73E-14 3.17E-08 1.27E-06 2.73E-14 3.53E-06 1.82E-10
  14   11.0000 2.00E-07 3.44E-07 1.44E-15 1.44E-15 8.55E-08 2.72E-08 1.72E-08 1.44E-15 1.64E-09 6.54E-08 1.44E-15 1.85E-07 9.98E-12
  15   11.0500 1.99E-07 3.42E-07 1.43E-15 1.43E-15 8.50E-08 2.70E-08 1.71E-08 1.43E-15 1.63E-09 6.49E-08 1.43E-15 1.84E-07 9.97E-12
  16   12.0000 3.55E-06 6.11E-06 2.55E-14 2.55E-14 1.52E-06 4.83E-07 3.06E-07 2.55E-14 2.87E-08 1.14E-06 2.55E-14 3.29E-06 1.86E-10
  17   13.0000 3.26E-06 5.65E-06 2.38E-14 2.38E-14 1.41E-06 4.46E-07 2.84E-07 2.38E-14 1.04E-07 1.19E-06 2.38E-14 3.03E-06 5.02E-09
  18   14.0000 2.75E-06 4.84E-06 2.07E-14 2.07E-14 1.21E-06 3.80E-07 2.45E-07 2.07E-14 2.32E-07 1.30E-06 2.07E-14 2.55E-06 1.33E-08
  19   15.0000 2.28E-06 4.06E-06 1.76E-14 1.76E-14 1.02E-06 3.18E-07 2.06E-07 1.76E-14 3.20E-07 1.33E-06 1.76E-14 2.10E-06 1.90E-08
  20   16.0000 1.88E-06 3.41E-06 1.50E-14 1.50E-14 8.64E-07 2.66E-07 1.74E-07 1.50E-14 3.76E-07 1.33E-06 1.50E-14 1.73E-06 2.27E-08
  21   17.0000 1.51E-06 2.83E-06 1.28E-14 1.28E-14 7.25E-07 2.19E-07 1.46E-07 1.28E-14 8.02E-07 1.51E-06 1.28E-14 1.38E-06 6.42E-08
  22   18.0000 1.17E-06 2.30E-06 1.10E-14 1.10E-14 6.01E-07 1.76E-07 1.21E-07 1.10E-14 1.48E-06 1.81E-06 1.10E-14 1.05E-06 1.32E-07
  23   19.0000 8.98E-07 1.86E-06 9.33E-15 9.33E-15 4.97E-07 1.41E-07 9.97E-08 9.33E-15 1.94E-06 1.98E-06 9.33E-15 7.93E-07 1.78E-07
  24   20.0000 6.80E-07 1.50E-06 7.94E-15 7.94E-15 4.11E-07 1.12E-07 8.23E-08 7.94E-15 2.23E-06 2.06E-06 7.94E-15 5.86E-07 2.08E-07
  25   21.0000 5.03E-07 1.20E-06 6.76E-15 6.76E-15 3.38E-07 8.79E-08 6.75E-08 6.76E-15 2.61E-06 2.14E-06 6.76E-15 4.24E-07 2.39E-07
  26   22.0000 3.62E-07 9.49E-07 5.76E-15 5.76E-15 2.76E-07 6.79E-08 5.50E-08 5.76E-15 3.03E-06 2.21E-06 5.76E-15 2.97E-07 2.70E-07
  27   23.0000 2.52E-07 7.46E-07 4.92E-15 4.92E-15 2.26E-07 5.19E-08 4.48E-08 4.92E-15 3.28E-06 2.22E-06 4.92E-15 1.99E-07 2.88E-07
  28   24.0000 1.67E-07 5.83E-07 4.20E-15 4.20E-15 1.85E-07 3.92E-08 3.64E-08 4.20E-15 3.39E-06 2.17E-06 4.20E-15 1.23E-07 2.94E-07
  29   25.0000 1.10E-07 4.50E-07 3.59E-15 3.59E-15 1.51E-07 2.93E-08 2.94E-08 3.59E-15 3.32E-06 2.03E-06 3.59E-15 7.68E-08 2.75E-07
  30   30.0000 1.55E-07 1.03E-06 1.15E-14 1.15E-14 4.14E-07 5.98E-08 7.92E-08 1.15E-14 1.20E-05 6.33E-06 1.15E-14 9.49E-08 7.71E-07
  31   35.0000 7.77E-09 2.10E-07 5.35E-15 5.35E-15 1.38E-07 9.10E-09 2.51E-08 5.35E-15 4.44E-06 1.68E-06 5.35E-15 2.91E-09 1.60E-07
  32   40.0000 1.31E-10 3.33E-08 2.55E-15 2.55E-15 4.46E-08 9.48E-10 7.70E-09 2.55E-15 5.59E-07 1.49E-07 2.55E-15 1.86E-11 8.26E-09
  33   45.0000 8.53E-13 5.04E-09 1.26E-15 1.26E-15 1.55E-08 9.19E-11 2.51E-09 1.26E-15 1.86E-08 5.32E-09 1.26E-15 1.39E-14 7.87E-11
  34   50.0000 2.31E-14 9.51E-10 6.50E-16 6.50E-16 6.27E-09 1.30E-11 9.40E-10 6.50E-16 3.45E-10 2.38E-10 6.50E-16 1.06E-16 7.19E-13
  35   55.0000 9.12E-16 2.21E-10 3.51E-16 3.51E-16 2.98E-09 2.37E-12 4.05E-10 3.51E-16 5.03E-12 1.12E-11 3.51E-16 1.26E-18 6.18E-15
  36   60.0000 4.64E-17 5.87E-11 1.95E-16 1.95E-16 1.54E-09 5.03E-13 1.87E-10 1.95E-16 6.31E-14 5.19E-13 1.95E-16 1.98E-20 4.54E-17
  37   70.0000 2.13E-18 1.83E-11 1.64E-16 1.64E-16 1.23E-09 1.17E-13 1.22E-10 1.64E-16 7.27E-16 3.40E-14 1.64E-16 1.99E-22 1.90E-19
  38   80.0000 5.98E-21 8.93E-13 4.30E-17 4.30E-17 2.98E-10 3.45E-15 2.10E-11 4.30E-17 6.67E-19 5.15E-16 4.30E-17 8.50E-26 7.65E-23
  39  100.0000 4.91E-24 2.08E-14 9.27E-18 9.27E-18 4.61E-11 4.24E-17 1.95E-12 9.27E-18 5.26E-23 1.04E-18 9.27E-18 5.59E-30 7.83E-27


 SUMMARY OF THE GEOMETRY CALCULATION

          H1ALT   =    0.00000 KM
          H2ALT   =  100.00000 KM
          OBSZEN  =    0.00000 DEG
          HRANGE  =  100.00000 KM
          BETA    =    0.00000 DEG
          PHI     =  180.00000 DEG
          HMIN    =    0.00000 KM
          BENDING =    0.00000 DEG
          LENN    =          0


   TOTAL COLUMN ABSORBER AMOUNTS FOR A VERTICAL PATH FROM GROUND TO SPACE:

                 HNO3      O3 UV      CNTMSLF1    CNTMSLF2    CNTMFRN     N2 CONT     MOL SCAT   TOTAL AER
               (ATM CM)   (ATM CM)   (MOL CM-2)  (MOL CM-2)  (MOL CM-2)              ( 550 NM EXTINCTION )
            3.8356E-04  3.3194E-01  9.9467E+20  1.9042E+20  8.1488E+22  3.7090E+00  0.09730544  1.17047095


                AER 1       AER 2       AER 3       AER 4      CIRRUS     WAT DROP    ICE PART   MEAN AER RH
                (                 550 NM EXTINCTION                 )    (KM GM/M3)  (KM GM/M3)   (PERCENT)
             1.08222544  0.08047973  0.00772904  0.00003671   0.140000    0.000000    0.000000     69.1506


                H2O         O3          CO2         CO          CH4         N2O

             (                                   ATM CM                                   )
            3.6361E+03  3.3194E-01  2.6498E+02  8.7744E-02  1.2684E+00  2.3743E-01


                O2          NH3         NO          NO2         SO2
               (                      ATM CM                      )
            1.6782E+05  1.7121E-04  3.2323E-04  2.1841E-04  1.0838E-04


               CFC11       CFC12       CFC13       CFC14       CFC22      CFC113      CFC114
             (                                    ATM CM                                    )
            1.0517E-04  1.8457E-04  8.0298E-13  8.0298E-13  4.6661E-05  1.4508E-05  9.3553E-06


              CFC115      CLONO2        HNO4      CHCL2F        CCL4        N2O5
             (                                    ATM CM                                    )
            8.0298E-13  4.2176E-05  4.4229E-05  8.0298E-13  9.7073E-05  2.9493E-06


1 SINGLE SCATTER SOLAR PATH GEOMETRY TABLE FOR THE VERTICAL GROUND-TO-SPACE PATH (THIS PATH IS USED FOR MULTIPLE SCATTERING)
  --------------------------------------------------------------------------------------------------------------------------

 SCT    SCATTER  SUBTENDED      SOLAR       PATH   RELATIVE    SCATTER
 PNT   ALTITUDE      ANGLE     ZENITH     ZENITH    AZIMUTH      ANGLE
           [KM]      [DEG]      [DEG]      [DEG]      [DEG]      [DEG]
   1    0.00000    0.00000   69.96104    0.00000    0.00000   69.96104    
   2    1.00000    0.00000   69.96506    0.00000    0.00000   69.96506    
   3    2.00000    0.00000   69.96873    0.00000    0.00000   69.96873    
   4    3.00000    0.00000   69.97203    0.00000    0.00000   69.97203    
   5    4.00000    0.00000   69.97502    0.00000    0.00000   69.97502    
   6    5.00000    0.00000   69.97779    0.00000    0.00000   69.97779    
   7    6.00000    0.00000   69.98035    0.00000    0.00000   69.98035    
   8    7.00000    0.00000   69.98272    0.00000    0.00000   69.98272    
   9    8.00000    0.00000   69.98486    0.00000    0.00000   69.98486    
  10    9.00000    0.00000   69.98681    0.00000    0.00000   69.98681    
  11    9.95000    0.00000   69.98853    0.00000    0.00000   69.98853    
  12   10.00000    0.00000   69.98861    0.00000    0.00000   69.98861    
  13   10.05000    0.00000   69.98869    0.00000    0.00000   69.98869    
  14   10.95000    0.00000   69.99016    0.00000    0.00000   69.99016    
  15   11.00000    0.00000   69.99023    0.00000    0.00000   69.99023    
  16   11.05000    0.00000   69.99031    0.00000    0.00000   69.99031    
  17   12.00000    0.00000   69.99174    0.00000    0.00000   69.99174    
  18   13.00000    0.00000   69.99310    0.00000    0.00000   69.99310    
  19   14.00000    0.00000   69.99459    0.00000    0.00000   69.99459    
  20   15.00000    0.00000   69.99590    0.00000    0.00000   69.99590    
  21   16.00000    0.00000   69.99699    0.00000    0.00000   69.99699    
  22   17.00000    0.00000   69.99791    0.00000    0.00000   69.99791    
  23   18.00000    0.00000   69.99873    0.00000    0.00000   69.99873    
  24   19.00000    0.00000   69.99941    0.00000    0.00000   69.99941    
  25   20.00000    0.00000   70.00000    0.00000    0.00000   70.00000    
  26   21.00000    0.00000   70.00049    0.00000    0.00000   70.00049    
  27   22.00000    0.00000   70.00092    0.00000    0.00000   70.00092    
  28   23.00000    0.00000   70.00127    0.00000    0.00000   70.00127    
  29   24.00000    0.00000   70.00157    0.00000    0.00000   70.00157    
  30   25.00000    0.00000   70.00183    0.00000    0.00000   70.00183    
  31   30.00000    0.00000   70.00335    0.00000    0.00000   70.00335    
  32   35.00000    0.00000   70.00335    0.00000    0.00000   70.00335    
  33   40.00000    0.00000   70.00335    0.00000    0.00000   70.00335    
  34   45.00000    0.00000   70.00335    0.00000    0.00000   70.00335    
  35   50.00000    0.00000   70.00335    0.00000    0.00000   70.00335    
  36   55.00000    0.00000   70.00335    0.00000    0.00000   70.00335    
  37   60.00000    0.00000   70.00335    0.00000    0.00000   70.00335    
  38   70.00000    0.00000   70.00335    0.00000    0.00000   70.00335    
  39   80.00000    0.00000   70.00335    0.00000    0.00000   70.00335    
  40  100.00000    0.00000   70.00335    0.00000    0.00000   70.00335    


 CASE 2A:  GIVEN H1ALT, H2ALT AND OBSZEN


 EITHER A SHORT PATH (LENN=0) OR A LONG PATH THROUGH A TANGENT HEIGHT (LENN=1) IS POSSIBLE: LENN =   0


 SLANT PATH PARAMETERS IN STANDARD FORM

          H1ALT   =   20.00000 KM
          H2ALT   =    0.00000 KM
          OBSZEN  =  180.00000 DEG
          BCKZEN  =    0.00000 DEG
          HMIN    =    0.00000 KM
          LENN    =          0

 CALCULATION OF THE REFRACTED PATH THROUGH THE ATMOSPHERE


  I     START       END     START     DELTA     TOTAL     DELTA     EARTH    END TO     DELTA      PATH      LAYER   LAYER     LAYER
     ALTITUDE  ALTITUDE    TO END     RANGE     RANGE     EARTH    CENTER     START   BENDING   BENDING    AVERAGE     AVG   AVERAGE
                           ZENITH                         ANGLE     ANGLE    ZENITH                       PRESSURE    TEMP   DENSITY
         (KM)      (KM)     (DEG)     (KM)       (KM)     (DEG)     (DEG)     (DEG)     (DEG)    (DEG)        (MB)     (K)  (GM/CM3)
          H2ALT TO H1ALT

  1   0.00000   1.00000   0.00000   1.00000   1.00000   0.00000   0.00000 180.00000   0.00000   0.00000  957.35461  291.98 1.141E-03
  2   1.00000   2.00000   0.00000   1.00000   2.00000   0.00000   0.00000 180.00000   0.00000   0.00000  851.86801  287.48 1.031E-03
  3   2.00000   3.00000   0.00000   1.00000   3.00000   0.00000   0.00000 180.00000   0.00000   0.00000  755.83580  282.24 9.320E-04
  4   3.00000   4.00000   0.00000   1.00000   4.00000   0.00000   0.00000 180.00000   0.00000   0.00000  668.84982  276.24 8.426E-04
  5   4.00000   5.00000   0.00000   1.00000   5.00000   0.00000   0.00000 180.00000   0.00000   0.00000  590.86186  270.24 7.609E-04
  6   5.00000   6.00000   0.00000   1.00000   6.00000   0.00000   0.00000 180.00000   0.00000   0.00000  520.37101  264.24 6.853E-04
  7   6.00000   7.00000   0.00000   1.00000   7.00000   0.00000   0.00000 180.00000   0.00000   0.00000  456.37111  258.00 6.155E-04
  8   7.00000   8.00000   0.00000   1.00000   8.00000   0.00000   0.00000 180.00000   0.00000   0.00000  398.88314  251.50 5.518E-04
  9   8.00000   9.00000   0.00000   1.00000   9.00000   0.00000   0.00000 180.00000   0.00000   0.00000  347.89258  245.00 4.940E-04
 10   9.00000   9.95000   0.00000   0.95000   9.95000   0.00000   0.00000 180.00000   0.00000   0.00000  303.42702  238.70 4.423E-04
 11   9.95000  10.00000   0.00000   0.05000  10.00000   0.00000   0.00000 180.00000   0.00000   0.00000  282.01367  235.46 4.172E-04
 12  10.00000  10.05000   0.00000   0.05000  10.05000   0.00000   0.00000 180.00000   0.00000   0.00000  279.99405  235.14 4.148E-04
 13  10.05000  10.95000   0.00000   0.90000  10.95000   0.00000   0.00000 180.00000   0.00000   0.00000  261.82201  232.09 3.925E-04
 14  10.95000  11.00000   0.00000   0.05000  11.00000   0.00000   0.00000 180.00000   0.00000   0.00000  243.89851  228.96 3.711E-04
 15  11.00000  11.05000   0.00000   0.05000  11.05000   0.00000   0.00000 180.00000   0.00000   0.00000  242.10156  228.64 3.689E-04
 16  11.05000  12.00000   0.00000   0.95000  12.00000   0.00000   0.00000 180.00000   0.00000   0.00000  225.02799  225.43 3.473E-04
 17  12.00000  13.00000   0.00000   1.00000  13.00000   0.00000   0.00000 180.00000   0.00000   0.00000  193.92577  219.10 3.078E-04
 18  13.00000  14.00000   0.00000   1.00000  14.00000   0.00000   0.00000 180.00000   0.00000   0.00000  165.99950  215.75 2.675E-04
 19  14.00000  15.00000   0.00000   1.00000  15.00000   0.00000   0.00000 180.00000   0.00000   0.00000  141.49985  215.70 2.280E-04
 20  15.00000  16.00000   0.00000   1.00000  16.00000   0.00000   0.00000 180.00000   0.00000   0.00000  120.49968  215.70 1.942E-04
 21  16.00000  17.00000   0.00000   1.00000  17.00000   0.00000   0.00000 180.00000   0.00000   0.00000  103.00014  215.70 1.660E-04
 22  17.00000  18.00000   0.00000   1.00000  18.00000   0.00000   0.00000 180.00000   0.00000   0.00000   88.10620  216.23 1.416E-04
 23  18.00000  19.00000   0.00000   1.00000  19.00000   0.00000   0.00000 180.00000   0.00000   0.00000   75.35525  217.33 1.205E-04
 24  19.00000  20.00000   0.00000   1.00000  20.00000   0.00000   0.00000 180.00000   0.00000   0.00000   64.50518  218.53 1.026E-04




1  LAYER ABSORBER AMOUNTS FOR THE PATH SEGMENT ENDING AT Z

  J      Z        TBAR       HNO3         O3 UV     CNTMSLF1     CNTMSLF2      CNTMFRN        O2         WAT DROP     ICE PART
       (KM)        (K)     (ATM CM)     (ATM CM)   (MOL CM-2)   (MOL CM-2)   (MOL CM-2)   (MOL CM-2)   (KM GM/M3)   (KM GM/M3)

  1   19.0000   218.53    2.900E-05    1.377E-02    1.940E+11    4.175E+11    5.974E+16    1.769E+03    0.0000000    0.0000000
  2   18.0000   217.33    2.428E-05    1.150E-02    2.557E+11    5.587E+11    8.057E+16    2.101E+03    0.0000000    0.0000000
  3   17.0000   216.23    1.843E-05    9.204E-03    3.537E+11    7.837E+11    1.114E+17    2.500E+03    0.0000000    0.0000000
  4   16.0000   215.70    1.289E-05    8.317E-03    5.094E+11    1.136E+12    1.566E+17    2.972E+03    0.0000000    0.0000000
  5   15.0000   215.70    8.784E-06    8.224E-03    7.407E+11    1.652E+12    2.209E+17    3.534E+03    0.0000000    0.0000000
  6   14.0000   215.70    6.856E-06    8.268E-03    1.616E+12    3.605E+12    3.809E+17    4.230E+03    0.0000000    0.0000000
  7   13.0000   215.75    6.270E-06    7.561E-03    5.312E+12    1.184E+13    8.076E+17    5.072E+03    0.0000000    0.0000000
  8   12.0000   219.10    6.140E-06    6.180E-03    5.349E+13    1.143E+14    2.795E+18    5.965E+03    0.0000000    0.0000000
  9   11.0500   225.43    5.657E-06    5.135E-03    6.791E+14    1.331E+15    1.111E+19    6.528E+03    0.0000000    0.0000000
 10   11.0000   228.64    2.896E-07    2.573E-04    1.027E+14    1.922E+14    1.104E+18    3.690E+02    0.0000000    0.0000000
 11   10.9500   228.96    2.889E-07    2.556E-04    1.168E+14    2.174E+14    1.184E+18    3.716E+02    0.0000000    0.0000000
 12   10.0500   232.09    5.120E-06    4.197E-03    6.805E+15    1.208E+16    3.943E+19    7.157E+03    0.0000000    0.0000000
 13   10.0000   235.14    2.802E-07    2.109E-04    8.854E+14    1.497E+15    3.643E+18    4.248E+02    0.0000000    0.0000000
 14    9.9500   235.46    2.799E-07    2.094E-04    9.558E+14    1.607E+15    3.808E+18    4.278E+02    0.0000000    0.0000000
 15    9.0000   238.70    5.284E-06    3.891E-03    3.607E+16    5.741E+16    1.071E+20    8.729E+03    0.0000000    0.0000000
 16    8.0000   245.00    5.572E-06    3.851E-03    1.195E+17    1.693E+17    2.237E+20    1.053E+04    0.0000000    0.0000000
 17    7.0000   251.50    5.649E-06    3.594E-03    3.687E+17    4.558E+17    4.386E+20    1.209E+04    0.0000000    0.0000000
 18    6.0000   258.00    5.630E-06    3.361E-03    1.059E+18    1.118E+18    8.306E+20    1.390E+04    0.0000000    0.0000000
 19    5.0000   264.24    5.514E-06    3.151E-03    2.861E+18    2.524E+18    1.519E+21    1.597E+04    0.0000000    0.0000000
 20    4.0000   270.24    5.473E-06    3.034E-03    9.156E+18    6.551E+18    2.996E+21    1.833E+04    0.0000000    0.0000000
 21    3.0000   276.24    5.460E-06    2.941E-03    2.968E+19    1.629E+19    5.983E+21    2.101E+04    0.0000000    0.0000000
 22    2.0000   282.24    5.338E-06    2.847E-03    9.268E+19    3.542E+19    1.165E+22    2.411E+04    0.0000000    0.0000000
 23    1.0000   287.48    5.128E-06    2.801E-03    2.558E+20    6.051E+19    2.142E+22    2.774E+04    0.0000000    0.0000000
 24    0.0000   291.98    4.822E-06    2.801E-03    6.030E+20    6.730E+19    3.626E+22    3.200E+04    0.0000000    0.0000000



1 J      Z        N2 CONT     MOL SCAT        AER 1        AER 2        AER 3        AER 4        CIRRUS     WAT DROP     ICE PART
        (KM)                (550nm EXT)                                                                     (550 NM OPTICAL DEPTH)

  1   19.0000    0.0057955    0.0009623    0.0000000    0.0000000    0.0005850    0.0000000    0.0000000    0.0000000    0.0000000
  2   18.0000    0.0079964    0.0011303    0.0000000    0.0000000    0.0005505    0.0000000    0.0000000    0.0000000    0.0000000
  3   17.0000    0.0110427    0.0013283    0.0000000    0.0000000    0.0004725    0.0000000    0.0000000    0.0000000    0.0000000
  4   16.0000    0.0151670    0.0015568    0.0000000    0.0000000    0.0004035    0.0000000    0.0000000    0.0000000    0.0000000
  5   15.0000    0.0207573    0.0018212    0.0000000    0.0000000    0.0003885    0.0000000    0.0000000    0.0000000    0.0000000
  6   14.0000    0.0286190    0.0021383    0.0000000    0.0000000    0.0004181    0.0000000    0.0000000    0.0000000    0.0000000
  7   13.0000    0.0393747    0.0025083    0.0000000    0.0000000    0.0004785    0.0000000    0.0000000    0.0000000    0.0000000
  8   12.0000    0.0521128    0.0028867    0.0000000    0.0000000    0.0005768    0.0000000    0.0000000    0.0000000    0.0000000
  9   11.0500    0.0629865    0.0030936    0.0000000    0.0000000    0.0006774    0.0000000    0.0000000    0.0000000    0.0000000
 10   11.0000    0.0037365    0.0001730    0.0000000    0.0000000    0.0000397    0.0000000    0.0017500    0.0000000    0.0000000
 11   10.9500    0.0037815    0.0001740    0.0000000    0.0000000    0.0000403    0.0000000    0.0052500    0.0000000    0.0000000
 12   10.0500    0.0762336    0.0033129    0.0000000    0.0000000    0.0008626    0.0000000    0.1259999    0.0000000    0.0000000
 13   10.0000    0.0047252    0.0001945    0.0000000    0.0000285    0.0000280    0.0000000    0.0052500    0.0000000    0.0000000
 14    9.9500    0.0047805    0.0001956    0.0000000    0.0000577    0.0000000    0.0000000    0.0017500    0.0000000    0.0000000
 15    9.0000    0.1021598    0.0039401    0.0000000    0.0013959    0.0000000    0.0000000    0.0000000    0.0000000    0.0000000
 16    8.0000    0.1341865    0.0046328    0.0000000    0.0025159    0.0000000    0.0000000    0.0000000    0.0000000    0.0000000
 17    7.0000    0.1674142    0.0051748    0.0000000    0.0046545    0.0000000    0.0000000    0.0000000    0.0000000    0.0000000
 18    6.0000    0.2082523    0.0057717    0.0000000    0.0069437    0.0000000    0.0000000    0.0000000    0.0000000    0.0000000
 19    5.0000    0.2581324    0.0064259    0.0000000    0.0084849    0.0000000    0.0000000    0.0000000    0.0000000    0.0000000
 20    4.0000    0.3182158    0.0071349    0.0000000    0.0133832    0.0000000    0.0000000    0.0000000    0.0000000    0.0000000
 21    3.0000    0.3902644    0.0079016    0.0000000    0.0257154    0.0000000    0.0000000    0.0000000    0.0000000    0.0000000
 22    2.0000    0.4774188    0.0087395    0.0310500    0.0173000    0.0000000    0.0000000    0.0000000    0.0000000    0.0000000
 23    1.0000    0.5845655    0.0096705    0.2811755    0.0000000    0.0000000    0.0000000    0.0000000    0.0000000    0.0000000
 24    0.0000    0.7157417    0.0107007    0.7700000    0.0000000    0.0000000    0.0000000    0.0000000    0.0000000    0.0000000



1    J    Z       H2O       O3        CO2       CO        CH4       N2O       O2        NH3       NO        NO2       SO2
        (KM)    (                                                      ATM CM                                             )

   1   19.0000  2.58E-02  1.38E-02  2.62E+00  1.14E-04  9.95E-03  1.37E-03  1.66E+03  2.50E-10  1.98E-06  9.64E-06  2.84E-07
   2   18.0000  2.96E-02  1.15E-02  3.08E+00  1.64E-04  1.21E-02  1.87E-03  1.95E+03  4.90E-10  2.26E-06  8.45E-06  4.08E-07
   3   17.0000  3.48E-02  9.20E-03  3.62E+00  2.44E-04  1.47E-02  2.52E-03  2.29E+03  9.57E-10  2.70E-06  6.97E-06  5.57E-07
   4   16.0000  4.18E-02  8.32E-03  4.24E+00  3.57E-04  1.76E-02  3.23E-03  2.68E+03  2.01E-09  3.34E-06  5.29E-06  7.15E-07
   5   15.0000  5.04E-02  8.22E-03  4.96E+00  5.26E-04  2.11E-02  4.01E-03  3.14E+03  4.77E-09  4.14E-06  3.60E-06  8.64E-07
   6   14.0000  7.36E-02  8.27E-03  5.82E+00  7.90E-04  2.54E-02  4.88E-03  3.69E+03  1.30E-08  5.10E-06  2.10E-06  1.00E-06
   7   13.0000  1.33E-01  7.56E-03  6.83E+00  1.18E-03  3.03E-02  5.86E-03  4.33E+03  4.08E-08  6.15E-06  1.21E-06  1.16E-06
   8   12.0000  3.97E-01  6.18E-03  7.86E+00  1.69E-03  3.56E-02  6.91E-03  4.98E+03  1.09E-07  7.13E-06  8.97E-07  1.33E-06
   9   11.0500  1.40E+00  5.14E-03  8.42E+00  2.13E-03  3.89E-02  7.56E-03  5.34E+03  2.12E-07  7.66E-06  7.36E-07  1.45E-06
  10   11.0000  1.33E-01  2.57E-04  4.71E-01  1.28E-04  2.20E-03  4.26E-04  2.98E+02  1.53E-08  4.28E-07  3.75E-08  8.25E-08
  11   10.9500  1.42E-01  2.56E-04  4.74E-01  1.29E-04  2.22E-03  4.30E-04  3.00E+02  1.59E-08  4.31E-07  3.75E-08  8.32E-08
  12   10.0500  4.42E+00  4.20E-03  9.02E+00  2.59E-03  4.27E-02  8.32E-03  5.71E+03  4.14E-07  8.20E-06  6.81E-07  1.62E-06
  13   10.0000  3.90E-01  2.11E-04  5.30E-01  1.60E-04  2.53E-03  4.96E-04  3.35E+02  3.21E-08  4.82E-07  3.83E-08  9.74E-08
  14    9.9500  4.05E-01  2.09E-04  5.33E-01  1.61E-04  2.55E-03  5.00E-04  3.37E+02  3.33E-08  4.84E-07  3.84E-08  9.83E-08
  15    9.0000  1.07E+01  3.89E-03  1.07E+01  3.41E-03  5.20E-02  1.02E-02  6.80E+03  9.32E-07  9.75E-06  7.63E-07  2.06E-06
  16    8.0000  2.00E+01  3.85E-03  1.26E+01  4.36E-03  6.20E-02  1.22E-02  7.99E+03  1.92E-06  1.15E-05  8.83E-07  2.63E-06
  17    7.0000  3.51E+01  3.59E-03  1.41E+01  5.19E-03  7.00E-02  1.37E-02  8.93E+03  3.46E-06  1.28E-05  9.82E-07  3.31E-06
  18    6.0000  5.97E+01  3.36E-03  1.57E+01  6.04E-03  7.91E-02  1.52E-02  9.95E+03  5.78E-06  1.43E-05  1.10E-06  4.29E-06
  19    5.0000  9.81E+01  3.15E-03  1.75E+01  6.87E-03  8.91E-02  1.70E-02  1.11E+04  9.22E-06  1.59E-05  1.22E-06  5.69E-06
  20    4.0000  1.74E+02  3.03E-03  1.94E+01  7.70E-03  9.96E-02  1.88E-02  1.23E+04  1.44E-05  1.77E-05  1.35E-06  7.76E-06
  21    3.0000  3.15E+02  2.94E-03  2.15E+01  8.68E-03  1.11E-01  2.09E-02  1.36E+04  2.17E-05  1.96E-05  1.50E-06  1.09E-05
  22    2.0000  5.56E+02  2.85E-03  2.38E+01  9.91E-03  1.23E-01  2.31E-02  1.51E+04  3.03E-05  2.16E-05  1.66E-06  1.53E-05
  23    1.0000  9.29E+02  2.80E-03  2.63E+01  1.14E-02  1.36E-01  2.55E-02  1.67E+04  3.84E-05  2.39E-05  1.84E-06  2.03E-05
  24    0.0000  1.43E+03  2.80E-03  2.91E+01  1.30E-02  1.50E-01  2.83E-02  1.85E+04  4.42E-05  2.65E-05  2.03E-06  2.53E-05



   J      Z       CFC11    CFC12    CFC13    CFC14    CFC22   CFC113   CFC114   CFC115   CLONO2     HNO4   CHCL2F     CCL4     N2O5
        (KM)    (                                                     ATM CM                                                     )
   1   19.0000 6.80E-07 1.50E-06 7.94E-15 7.94E-15 4.11E-07 1.12E-07 8.23E-08 7.94E-15 2.23E-06 2.06E-06 7.94E-15 5.86E-07 2.08E-07
   2   18.0000 8.98E-07 1.86E-06 9.33E-15 9.33E-15 4.97E-07 1.41E-07 9.97E-08 9.33E-15 1.94E-06 1.98E-06 9.33E-15 7.93E-07 1.78E-07
   3   17.0000 1.17E-06 2.30E-06 1.10E-14 1.10E-14 6.01E-07 1.76E-07 1.21E-07 1.10E-14 1.48E-06 1.81E-06 1.10E-14 1.05E-06 1.32E-07
   4   16.0000 1.51E-06 2.83E-06 1.28E-14 1.28E-14 7.25E-07 2.19E-07 1.46E-07 1.28E-14 8.02E-07 1.51E-06 1.28E-14 1.38E-06 6.42E-08
   5   15.0000 1.88E-06 3.41E-06 1.50E-14 1.50E-14 8.64E-07 2.66E-07 1.74E-07 1.50E-14 3.76E-07 1.33E-06 1.50E-14 1.73E-06 2.27E-08
   6   14.0000 2.28E-06 4.06E-06 1.76E-14 1.76E-14 1.02E-06 3.18E-07 2.06E-07 1.76E-14 3.20E-07 1.33E-06 1.76E-14 2.10E-06 1.90E-08
   7   13.0000 2.75E-06 4.84E-06 2.07E-14 2.07E-14 1.21E-06 3.80E-07 2.45E-07 2.07E-14 2.32E-07 1.30E-06 2.07E-14 2.55E-06 1.33E-08
   8   12.0000 3.26E-06 5.65E-06 2.38E-14 2.38E-14 1.41E-06 4.46E-07 2.84E-07 2.38E-14 1.04E-07 1.19E-06 2.38E-14 3.03E-06 5.02E-09
   9   11.0500 3.55E-06 6.11E-06 2.55E-14 2.55E-14 1.52E-06 4.83E-07 3.06E-07 2.55E-14 2.87E-08 1.14E-06 2.55E-14 3.29E-06 1.86E-10
  10   11.0000 1.99E-07 3.42E-07 1.43E-15 1.43E-15 8.50E-08 2.70E-08 1.71E-08 1.43E-15 1.63E-09 6.49E-08 1.43E-15 1.84E-07 9.97E-12
  11   10.9500 2.00E-07 3.44E-07 1.44E-15 1.44E-15 8.55E-08 2.72E-08 1.72E-08 1.44E-15 1.64E-09 6.54E-08 1.44E-15 1.85E-07 9.98E-12
  12   10.0500 3.81E-06 6.54E-06 2.73E-14 2.73E-14 1.63E-06 5.18E-07 3.28E-07 2.73E-14 3.17E-08 1.27E-06 2.73E-14 3.53E-06 1.82E-10
  13   10.0000 2.24E-07 3.84E-07 1.61E-15 1.61E-15 9.57E-08 3.04E-08 1.93E-08 1.61E-15 1.88E-09 7.58E-08 1.61E-15 2.07E-07 1.02E-11
  14    9.9500 2.25E-07 3.87E-07 1.61E-15 1.61E-15 9.62E-08 3.06E-08 1.94E-08 1.61E-15 1.90E-09 7.64E-08 1.61E-15 2.08E-07 1.03E-11
  15    9.0000 4.54E-06 7.79E-06 3.25E-14 3.25E-14 1.94E-06 6.17E-07 3.90E-07 3.25E-14 3.88E-08 1.57E-06 3.25E-14 4.19E-06 1.96E-10
  16    8.0000 5.35E-06 9.17E-06 3.82E-14 3.82E-14 2.28E-06 7.26E-07 4.59E-07 3.82E-14 4.68E-08 1.91E-06 3.82E-14 4.93E-06 2.08E-10
  17    7.0000 5.98E-06 1.02E-05 4.27E-14 4.27E-14 2.55E-06 8.11E-07 5.12E-07 4.27E-14 6.33E-08 1.93E-06 4.27E-14 5.52E-06 2.09E-10
  18    6.0000 6.67E-06 1.14E-05 4.76E-14 4.76E-14 2.85E-06 9.05E-07 5.72E-07 4.76E-14 9.48E-08 1.63E-06 4.76E-14 6.16E-06 2.08E-10
  19    5.0000 7.42E-06 1.27E-05 5.30E-14 5.30E-14 3.17E-06 1.01E-06 6.36E-07 5.30E-14 1.32E-07 1.24E-06 5.30E-14 6.88E-06 2.04E-10
  20    4.0000 8.24E-06 1.41E-05 5.89E-14 5.89E-14 3.52E-06 1.12E-06 7.07E-07 5.89E-14 1.77E-07 7.32E-07 5.89E-14 7.65E-06 1.97E-10
  21    3.0000 9.13E-06 1.56E-05 6.52E-14 6.52E-14 3.90E-06 1.24E-06 7.82E-07 6.52E-14 2.33E-07 4.14E-07 6.52E-14 8.48E-06 1.77E-10
  22    2.0000 1.01E-05 1.73E-05 7.21E-14 7.21E-14 4.32E-06 1.37E-06 8.65E-07 7.21E-14 3.02E-07 3.35E-07 7.21E-14 9.38E-06 1.45E-10
  23    1.0000 1.12E-05 1.92E-05 7.98E-14 7.98E-14 4.78E-06 1.52E-06 9.58E-07 7.98E-14 3.84E-07 2.35E-07 7.98E-14 1.04E-05 1.03E-10
  24    0.0000 1.24E-05 2.12E-05 8.83E-14 8.83E-14 5.30E-06 1.68E-06 1.06E-06 8.83E-14 4.80E-07 1.10E-07 8.83E-14 1.15E-05 5.13E-11


 SUMMARY OF THE GEOMETRY CALCULATION

          H1ALT   =   20.00000 KM
          H2ALT   =    0.00000 KM
          OBSZEN  =  180.00000 DEG
          HRANGE  =   20.00000 KM
          BETA    =    0.00000 DEG
          PHI     =    0.00000 DEG
          HMIN    =    0.00000 KM
          BENDING =    0.00000 DEG
          LENN    =          0


   TOTAL COLUMN ABSORBER AMOUNTS FOR THE LINE-OF-SIGHT PATH:

                 HNO3      O3 UV      CNTMSLF1    CNTMSLF2    CNTMFRN     N2 CONT     MOL SCAT   TOTAL AER
               (ATM CM)   (ATM CM)   (MOL CM-2)  (MOL CM-2)  (MOL CM-2)              ( 550 NM EXTINCTION )
            1.7843E-04  1.1555E-01  9.9467E+20  1.9042E+20  8.1488E+22  3.6935E+00  0.09156820  1.16822660


                AER 1       AER 2       AER 3       AER 4      CIRRUS     WAT DROP    ICE PART   MEAN AER RH
                (                 550 NM EXTINCTION                 )    (KM GM/M3)  (KM GM/M3)   (PERCENT)
             1.08222556  0.08047973  0.00552135  0.00000000   0.140000    0.000000    0.000000     69.1506


                H2O         O3          CO2         CO          CH4         N2O

             (                                   ATM CM                                   )
            3.6359E+03  1.1555E-01  2.4936E+02  8.6910E-02  1.2288E+00  2.3316E-01


                O2          NH3         NO          NO2         SO2
               (                      ATM CM                      )
            1.5793E+05  1.7121E-04  2.2401E-04  5.3065E-05  1.0743E-04


               CFC11       CFC12       CFC13       CFC14       CFC22      CFC113      CFC114
             (                                    ATM CM                                    )
            1.0361E-04  1.7936E-04  7.5563E-13  7.5563E-13  4.4860E-05  1.4162E-05  9.0061E-06


              CFC115      CLONO2        HNO4      CHCL2F        CCL4        N2O5
             (                                    ATM CM                                    )
            7.5563E-13  9.5129E-06  2.5294E-05  7.5563E-13  9.5855E-05  6.4407E-07


1 SINGLE SCATTER SOLAR PATH GEOMETRY TABLE FOR THE LINE-OF-SIGHT PATH
  -------------------------------------------------------------------

 SCT    SCATTER  SUBTENDED      SOLAR       PATH   RELATIVE    SCATTER
 PNT   ALTITUDE      ANGLE     ZENITH     ZENITH    AZIMUTH      ANGLE
           [KM]      [DEG]      [DEG]      [DEG]      [DEG]      [DEG]
   1   20.00000    0.00000   70.00000  180.00000    0.00000  110.00000    
   2   19.00000    0.00000   69.99941  180.00000    0.00000  110.00059    
   3   18.00000    0.00000   69.99873  180.00000    0.00000  110.00127    
   4   17.00000    0.00000   69.99791  180.00000    0.00000  110.00209    
   5   16.00000    0.00000   69.99699  180.00000    0.00000  110.00301    
   6   15.00000    0.00000   69.99590  180.00000    0.00000  110.00410    
   7   14.00000    0.00000   69.99459  180.00000    0.00000  110.00541    
   8   13.00000    0.00000   69.99310  180.00000    0.00000  110.00690    
   9   12.00000    0.00000   69.99174  180.00000    0.00000  110.00826    
  10   11.05000    0.00000   69.99031  180.00000    0.00000  110.00969    
  11   11.00000    0.00000   69.99023  180.00000    0.00000  110.00977    
  12   10.95000    0.00000   69.99016  180.00000    0.00000  110.00984    
  13   10.05000    0.00000   69.98869  180.00000    0.00000  110.01131    
  14   10.00000    0.00000   69.98861  180.00000    0.00000  110.01139    
  15    9.95000    0.00000   69.98853  180.00000    0.00000  110.01147    
  16    9.00000    0.00000   69.98681  180.00000    0.00000  110.01319    
  17    8.00000    0.00000   69.98486  180.00000    0.00000  110.01514    
  18    7.00000    0.00000   69.98272  180.00000    0.00000  110.01728    
  19    6.00000    0.00000   69.98035  180.00000    0.00000  110.01965    
  20    5.00000    0.00000   69.97779  180.00000    0.00000  110.02221    
  21    4.00000    0.00000   69.97502  180.00000    0.00000  110.02498    
  22    3.00000    0.00000   69.97203  180.00000    0.00000  110.02797    
  23    2.00000    0.00000   69.96873  180.00000    0.00000  110.03127    
  24    1.00000    0.00000   69.96506  180.00000    0.00000  110.03494    
  25    0.00000    0.00000   69.96104  180.00000    0.00000  110.03896    

550 nm SINGLE SCATTERING ALBEDO OF THE FOUR AEROSOL MODELS
[NOMINALLY: (1) Boundary Layer, (2) Tropospheric, (3) Stratospheric, and (4) Volcanic]
     AER 1:      0.946054
     AER 2:      0.963462
     AER 3:      1.000000
     AER 4:      0.994932

 SUN ELLIPTIC ORBIT SOLAR IRRADIANCE FACTOR FOR DAY   1:   1.03400

                                             RADIANCE(WATTS/CM2-STER-XXX)

  FREQ  WAVELENGTH     PATH_THERMAL    SURFACE      PATH_SCATTERED_SOLAR   GROUND_REFLECTED_RADIANCE   TOTAL_RADIANCE   INTEGRAL    TOTAL
                                       EMISSION     TOTAL RAD      SINGLE        TOTAL        DIRECT                                TRANS
 (CM-1) (MICRON)       (CM-1)  (MICRN)   (CM-1)   (CM-1)  (MICRN)   (CM-1)   (CM-1)  (MICRN)   (CM-1)   (CM-1)  (MICRN)

 4000.00 2.500000    8.09E-11 1.30E-07 4.18E-12 7.01E-10 1.12E-06 6.51E-10 1.25E-11 2.00E-08 4.82E-12 7.99E-10 1.28E-06  4.00E-09 0.02865
 4010.00 2.493766    7.52E-11 1.21E-07 3.54E-12 6.99E-10 1.12E-06 6.48E-10 1.01E-11 1.63E-08 3.81E-12 7.88E-10 1.27E-06  1.19E-08 0.02505
 4020.00 2.487562    7.16E-11 1.16E-07 4.08E-12 7.14E-10 1.15E-06 6.57E-10 5.35E-11 8.65E-08 3.10E-11 8.43E-10 1.36E-06  2.03E-08 0.03094
 4030.00 2.481390    7.42E-11 1.21E-07 8.94E-12 8.03E-10 1.30E-06 7.15E-10 2.96E-10 4.81E-07 1.76E-10 1.18E-09 1.92E-06  3.21E-08 0.07082
 4040.00 2.475248    7.45E-11 1.22E-07 1.65E-11 9.87E-10 1.61E-06 8.16E-10 9.81E-10 1.60E-06 5.81E-10 2.06E-09 3.36E-06  5.27E-08 0.13536
 4050.00 2.469136    7.04E-11 1.16E-07 2.34E-11 1.28E-09 2.10E-06 9.31E-10 2.43E-09 3.99E-06 1.43E-09 3.81E-09 6.24E-06  9.08E-08 0.19875
 4060.00 2.463054    6.46E-11 1.06E-07 2.98E-11 1.74E-09 2.87E-06 1.06E-09 4.93E-09 8.13E-06 2.86E-09 6.77E-09 1.12E-05  1.58E-07 0.26329
 4070.00 2.457002    5.99E-11 9.93E-08 2.97E-11 1.87E-09 3.10E-06 1.09E-09 5.65E-09 9.37E-06 3.25E-09 7.61E-09 1.26E-05  2.35E-07 0.26984
 4080.00 2.450980    5.73E-11 9.54E-08 2.31E-11 1.66E-09 2.76E-06 1.02E-09 4.48E-09 7.46E-06 2.58E-09 6.22E-09 1.04E-05  2.97E-07 0.21926
 4090.00 2.444988    5.22E-11 8.73E-08 2.60E-11 2.22E-09 3.71E-06 1.14E-09 7.56E-09 1.26E-05 4.33E-09 9.86E-09 1.65E-05  3.95E-07 0.26187
 4100.00 2.439024    4.57E-11 7.69E-08 3.28E-11 3.05E-09 5.13E-06 1.33E-09 1.22E-08 2.05E-05 6.94E-09 1.53E-08 2.57E-05  5.48E-07 0.34108
 4110.00 2.433090    4.21E-11 7.12E-08 3.44E-11 3.41E-09 5.77E-06 1.41E-09 1.43E-08 2.41E-05 8.18E-09 1.78E-08 3.00E-05  7.26E-07 0.37223
 4120.00 2.427184    4.05E-11 6.87E-08 3.48E-11 3.52E-09 5.98E-06 1.46E-09 1.50E-08 2.54E-05 8.70E-09 1.86E-08 3.15E-05  9.12E-07 0.39208
 4130.00 2.421308    4.11E-11 7.01E-08 2.99E-11 2.96E-09 5.04E-06 1.36E-09 1.18E-08 2.01E-05 6.96E-09 1.48E-08 2.52E-05  1.06E-06 0.34895
 4140.00 2.415459    4.14E-11 7.10E-08 2.53E-11 2.59E-09 4.44E-06 1.30E-09 9.56E-09 1.64E-05 5.76E-09 1.22E-08 2.09E-05  1.18E-06 0.31069
 4150.00 2.409639    3.77E-11 6.50E-08 2.84E-11 3.45E-09 5.94E-06 1.47E-09 1.43E-08 2.46E-05 8.52E-09 1.78E-08 3.07E-05  1.36E-06 0.36471
 4160.00 2.403846    3.21E-11 5.56E-08 3.28E-11 4.74E-09 8.20E-06 1.68E-09 2.15E-08 3.73E-05 1.27E-08 2.63E-08 4.56E-05  1.62E-06 0.43797
 4170.00 2.398082    2.81E-11 4.89E-08 3.43E-11 5.43E-09 9.44E-06 1.80E-09 2.56E-08 4.45E-05 1.51E-08 3.11E-08 5.41E-05  1.93E-06 0.47578
 4180.00 2.392344    2.73E-11 4.77E-08 3.23E-11 5.15E-09 9.01E-06 1.76E-09 2.41E-08 4.22E-05 1.43E-08 2.94E-08 5.13E-05  2.23E-06 0.46548
 4190.00 2.386635    2.78E-11 4.88E-08 2.90E-11 4.62E-09 8.11E-06 1.68E-09 2.10E-08 3.69E-05 1.26E-08 2.57E-08 4.52E-05  2.49E-06 0.43595
 4200.00 2.380952    2.58E-11 4.55E-08 2.83E-11 4.99E-09 8.80E-06 1.72E-09 2.29E-08 4.04E-05 1.36E-08 2.79E-08 4.92E-05  2.76E-06 0.44494
 4210.00 2.375297    2.21E-11 3.92E-08 2.85E-11 5.68E-09 1.01E-05 1.77E-09 2.65E-08 4.70E-05 1.56E-08 3.22E-08 5.72E-05  3.09E-06 0.46823
 4220.00 2.369668    1.92E-11 3.42E-08 2.91E-11 6.86E-09 1.22E-05 1.90E-09 3.21E-08 5.71E-05 1.86E-08 3.90E-08 6.94E-05  3.48E-06 0.49819
 4230.00 2.364066    1.63E-11 2.92E-08 3.13E-11 8.99E-09 1.61E-05 2.20E-09 4.20E-08 7.52E-05 2.40E-08 5.11E-08 9.14E-05  3.99E-06 0.55870
 4240.00 2.358490    1.51E-11 2.71E-08 3.09E-11 9.25E-09 1.66E-05 2.26E-09 4.35E-08 7.81E-05 2.49E-08 5.28E-08 9.48E-05  4.51E-06 0.57244
 4250.00 2.352941    1.53E-11 2.77E-08 2.81E-11 8.01E-09 1.45E-05 2.13E-09 3.77E-08 6.81E-05 2.19E-08 4.58E-08 8.27E-05  4.97E-06 0.54397
 4260.00 2.347418    1.45E-11 2.63E-08 2.72E-11 8.13E-09 1.48E-05 2.16E-09 3.81E-08 6.91E-05 2.21E-08 4.62E-08 8.39E-05  5.43E-06 0.55065
 4270.00 2.341920    1.27E-11 2.32E-08 2.77E-11 9.87E-09 1.80E-05 2.34E-09 4.51E-08 8.22E-05 2.57E-08 5.50E-08 1.00E-04  5.98E-06 0.58421
 4280.00 2.336448    1.06E-11 1.93E-08 2.86E-11 1.26E-08 2.31E-05 2.60E-09 5.59E-08 1.02E-04 3.12E-08 6.86E-08 1.26E-04  6.67E-06 0.62939
 4290.00 2.331002    9.19E-12 1.69E-08 2.87E-11 1.44E-08 2.66E-05 2.79E-09 6.29E-08 1.16E-04 3.47E-08 7.74E-08 1.42E-04  7.44E-06 0.65673
 4300.00 2.325581    9.30E-12 1.72E-08 2.69E-11 1.38E-08 2.55E-05 2.73E-09 5.95E-08 1.10E-04 3.29E-08 7.33E-08 1.36E-04  8.18E-06 0.64080
 4310.00 2.320186    9.07E-12 1.68E-08 2.51E-11 1.34E-08 2.50E-05 2.66E-09 5.67E-08 1.05E-04 3.13E-08 7.02E-08 1.30E-04  8.88E-06 0.62568
 4320.00 2.314815    7.73E-12 1.44E-08 2.51E-11 1.62E-08 3.02E-05 2.89E-09 6.61E-08 1.23E-04 3.59E-08 8.24E-08 1.54E-04  9.70E-06 0.65347
 4330.00 2.309469    6.61E-12 1.24E-08 2.51E-11 1.82E-08 3.41E-05 3.10E-09 7.36E-08 1.38E-04 3.97E-08 9.18E-08 1.72E-04  1.06E-05 0.68110
 4340.00 2.304147    6.36E-12 1.20E-08 2.39E-11 1.71E-08 3.23E-05 3.02E-09 6.96E-08 1.31E-04 3.76E-08 8.68E-08 1.63E-04  1.15E-05 0.67357
 4350.00 2.298851    6.49E-12 1.23E-08 2.24E-11 1.60E-08 3.04E-05 2.93E-09 6.48E-08 1.23E-04 3.50E-08 8.09E-08 1.53E-04  1.23E-05 0.65860
 4360.00 2.293578    6.35E-12 1.21E-08 2.15E-11 1.69E-08 3.21E-05 3.03E-09 6.68E-08 1.27E-04 3.61E-08 8.37E-08 1.59E-04  1.31E-05 0.66073
 4370.00 2.288330    5.68E-12 1.09E-08 2.11E-11 1.89E-08 3.61E-05 3.20E-09 7.31E-08 1.40E-04 3.92E-08 9.21E-08 1.76E-04  1.41E-05 0.67564
 4380.00 2.283105    5.09E-12 9.76E-09 2.05E-11 2.04E-08 3.92E-05 3.31E-09 7.75E-08 1.49E-04 4.13E-08 9.79E-08 1.88E-04  1.50E-05 0.68584
 4390.00 2.277904    4.78E-12 9.22E-09 1.98E-11 2.13E-08 4.10E-05 3.39E-09 7.97E-08 1.54E-04 4.23E-08 1.01E-07 1.95E-04  1.60E-05 0.69033
 4400.00 2.272727    4.67E-12 9.04E-09 1.90E-11 2.16E-08 4.18E-05 3.43E-09 8.01E-08 1.55E-04 4.24E-08 1.02E-07 1.97E-04  1.71E-05 0.69026
 4410.00 2.267574    4.57E-12 8.88E-09 1.82E-11 2.16E-08 4.21E-05 3.45E-09 7.96E-08 1.55E-04 4.20E-08 1.01E-07 1.97E-04  1.81E-05 0.68843
 4420.00 2.262444    4.30E-12 8.41E-09 1.75E-11 2.21E-08 4.32E-05 3.49E-09 8.06E-08 1.57E-04 4.24E-08 1.03E-07 2.01E-04  1.91E-05 0.69148
 4430.00 2.257336    4.01E-12 7.88E-09 1.69E-11 2.33E-08 4.57E-05 3.57E-09 8.36E-08 1.64E-04 4.37E-08 1.07E-07 2.10E-04  2.02E-05 0.69916
 4440.00 2.252252    3.81E-12 7.52E-09 1.64E-11 2.45E-08 4.83E-05 3.67E-09 8.68E-08 1.71E-04 4.51E-08 1.11E-07 2.19E-04  2.13E-05 0.70547
 4450.00 2.247191    3.68E-12 7.28E-09 1.58E-11 2.52E-08 4.99E-05 3.74E-09 8.85E-08 1.75E-04 4.59E-08 1.14E-07 2.25E-04  2.24E-05 0.70780
 4460.00 2.242153    3.51E-12 6.98E-09 1.52E-11 2.59E-08 5.16E-05 3.81E-09 9.07E-08 1.80E-04 4.70E-08 1.17E-07 2.32E-04  2.36E-05 0.71140
 4470.00 2.237136    3.32E-12 6.62E-09 1.46E-11 2.67E-08 5.33E-05 3.88E-09 9.30E-08 1.86E-04 4.82E-08 1.20E-07 2.39E-04  2.48E-05 0.71537
 4480.00 2.232143    3.17E-12 6.37E-09 1.41E-11 2.71E-08 5.44E-05 3.93E-09 9.43E-08 1.89E-04 4.89E-08 1.21E-07 2.44E-04  2.60E-05 0.71681
 4490.00 2.227171    3.10E-12 6.26E-09 1.35E-11 2.72E-08 5.48E-05 3.96E-09 9.46E-08 1.91E-04 4.91E-08 1.22E-07 2.46E-04  2.72E-05 0.71628

                                             RADIANCE(WATTS/CM2-STER-XXX)

  FREQ  WAVELENGTH     PATH_THERMAL    SURFACE      PATH_SCATTERED_SOLAR   GROUND_REFLECTED_RADIANCE   TOTAL_RADIANCE   INTEGRAL    TOTAL
                                       EMISSION     TOTAL RAD      SINGLE        TOTAL        DIRECT                                TRANS
 (CM-1) (MICRON)       (CM-1)  (MICRN)   (CM-1)   (CM-1)  (MICRN)   (CM-1)   (CM-1)  (MICRN)   (CM-1)   (CM-1)  (MICRN)

 4500.00 2.222222    3.08E-12 6.24E-09 1.29E-11 2.69E-08 5.46E-05 3.98E-09 9.40E-08 1.90E-04 4.89E-08 1.21E-07 2.45E-04  2.84E-05 0.71330
 4510.00 2.217295    3.03E-12 6.17E-09 1.23E-11 2.70E-08 5.49E-05 4.00E-09 9.40E-08 1.91E-04 4.90E-08 1.21E-07 2.46E-04  2.96E-05 0.71113
 4520.00 2.212389    2.99E-12 6.10E-09 1.17E-11 2.67E-08 5.46E-05 3.98E-09 9.31E-08 1.90E-04 4.86E-08 1.20E-07 2.45E-04  3.08E-05 0.70800
 4530.00 2.207505    3.04E-12 6.23E-09 1.10E-11 2.44E-08 5.01E-05 3.83E-09 8.65E-08 1.78E-04 4.53E-08 1.11E-07 2.28E-04  3.19E-05 0.69266
 4540.00 2.202643    3.17E-12 6.53E-09 1.02E-11 2.15E-08 4.42E-05 3.64E-09 7.78E-08 1.60E-04 4.11E-08 9.93E-08 2.05E-04  3.29E-05 0.66843
 4550.00 2.197802    3.14E-12 6.49E-09 9.70E-12 2.16E-08 4.48E-05 3.68E-09 7.84E-08 1.62E-04 4.15E-08 1.00E-07 2.07E-04  3.39E-05 0.66435
 4560.00 2.192983    2.90E-12 6.03E-09 9.50E-12 2.38E-08 4.94E-05 3.85E-09 8.49E-08 1.77E-04 4.48E-08 1.09E-07 2.26E-04  3.50E-05 0.67907
 4570.00 2.188184    2.88E-12 6.02E-09 9.03E-12 2.33E-08 4.87E-05 3.83E-09 8.36E-08 1.75E-04 4.42E-08 1.07E-07 2.23E-04  3.61E-05 0.67246
 4580.00 2.183406    2.82E-12 5.91E-09 8.56E-12 2.28E-08 4.78E-05 3.79E-09 8.22E-08 1.72E-04 4.35E-08 1.05E-07 2.20E-04  3.71E-05 0.66618
 4590.00 2.178649    2.48E-12 5.22E-09 8.42E-12 2.39E-08 5.04E-05 3.87E-09 8.69E-08 1.83E-04 4.58E-08 1.11E-07 2.33E-04  3.83E-05 0.68376
 4600.00 2.173913    2.24E-12 4.75E-09 8.21E-12 2.44E-08 5.16E-05 3.90E-09 8.91E-08 1.89E-04 4.70E-08 1.13E-07 2.40E-04  3.94E-05 0.69471
 4610.00 2.169198    2.13E-12 4.54E-09 7.85E-12 2.41E-08 5.12E-05 3.83E-09 8.81E-08 1.87E-04 4.63E-08 1.12E-07 2.38E-04  4.05E-05 0.69305
 4620.00 2.164502    2.06E-12 4.40E-09 7.49E-12 2.36E-08 5.04E-05 3.79E-09 8.70E-08 1.86E-04 4.58E-08 1.11E-07 2.36E-04  4.16E-05 0.68943
 4630.00 2.159827    1.99E-12 4.26E-09 7.18E-12 2.34E-08 5.02E-05 3.86E-09 8.78E-08 1.88E-04 4.64E-08 1.11E-07 2.38E-04  4.27E-05 0.69030
 4640.00 2.155172    1.93E-12 4.15E-09 6.88E-12 2.30E-08 4.96E-05 3.90E-09 8.76E-08 1.89E-04 4.65E-08 1.11E-07 2.38E-04  4.38E-05 0.68941
 4650.00 2.150538    1.78E-12 3.86E-09 6.65E-12 2.39E-08 5.17E-05 3.96E-09 9.07E-08 1.96E-04 4.81E-08 1.15E-07 2.48E-04  4.50E-05 0.69575
 4660.00 2.145923    1.48E-12 3.21E-09 6.58E-12 2.70E-08 5.87E-05 4.14E-09 1.01E-07 2.19E-04 5.30E-08 1.28E-07 2.78E-04  4.63E-05 0.71860
 4670.00 2.141328    1.29E-12 2.82E-09 6.41E-12 2.85E-08 6.21E-05 4.23E-09 1.06E-07 2.31E-04 5.55E-08 1.34E-07 2.93E-04  4.76E-05 0.73018
 4680.00 2.136752    1.26E-12 2.75E-09 6.13E-12 2.80E-08 6.13E-05 4.21E-09 1.05E-07 2.30E-04 5.54E-08 1.33E-07 2.92E-04  4.89E-05 0.72821
 4690.00 2.132196    1.26E-12 2.76E-09 5.81E-12 2.70E-08 5.93E-05 4.15E-09 1.03E-07 2.26E-04 5.43E-08 1.30E-07 2.85E-04  5.02E-05 0.72026
 4700.00 2.127660    1.31E-12 2.89E-09 5.46E-12 2.50E-08 5.52E-05 4.02E-09 9.74E-08 2.15E-04 5.19E-08 1.22E-07 2.70E-04  5.15E-05 0.70596
 4710.00 2.123142    1.32E-12 2.94E-09 5.16E-12 2.31E-08 5.13E-05 3.90E-09 9.25E-08 2.05E-04 4.96E-08 1.16E-07 2.56E-04  5.26E-05 0.69586
 4720.00 2.118644    1.29E-12 2.87E-09 4.92E-12 2.21E-08 4.92E-05 3.85E-09 9.05E-08 2.02E-04 4.87E-08 1.13E-07 2.51E-04  5.37E-05 0.69257
 4730.00 2.114165    1.19E-12 2.65E-09 4.75E-12 2.21E-08 4.95E-05 3.86E-09 9.22E-08 2.06E-04 4.97E-08 1.14E-07 2.56E-04  5.49E-05 0.69810
 4740.00 2.109705    1.08E-12 2.42E-09 4.59E-12 2.24E-08 5.04E-05 3.89E-09 9.45E-08 2.12E-04 5.10E-08 1.17E-07 2.63E-04  5.60E-05 0.70444
 4750.00 2.105263    1.08E-12 2.43E-09 4.35E-12 2.16E-08 4.87E-05 3.82E-09 9.21E-08 2.08E-04 4.99E-08 1.14E-07 2.56E-04  5.72E-05 0.69503
 4760.00 2.100841    1.13E-12 2.55E-09 4.06E-12 1.99E-08 4.52E-05 3.69E-09 8.67E-08 1.96E-04 4.72E-08 1.07E-07 2.42E-04  5.83E-05 0.67840
 4770.00 2.096436    1.08E-12 2.45E-09 3.88E-12 1.91E-08 4.34E-05 3.62E-09 8.47E-08 1.93E-04 4.64E-08 1.04E-07 2.36E-04  5.93E-05 0.67695
 4780.00 2.092050    9.89E-13 2.26E-09 3.73E-12 1.83E-08 4.19E-05 3.56E-09 8.33E-08 1.90E-04 4.59E-08 1.02E-07 2.32E-04  6.03E-05 0.67899
 4790.00 2.087682    9.54E-13 2.19E-09 3.54E-12 1.70E-08 3.89E-05 3.45E-09 7.91E-08 1.82E-04 4.39E-08 9.61E-08 2.20E-04  6.13E-05 0.67083
 4800.00 2.083333    9.49E-13 2.19E-09 3.33E-12 1.57E-08 3.63E-05 3.32E-09 7.46E-08 1.72E-04 4.16E-08 9.04E-08 2.08E-04  6.22E-05 0.65830
 4810.00 2.079002    9.68E-13 2.24E-09 3.06E-12 1.39E-08 3.22E-05 3.12E-09 6.73E-08 1.56E-04 3.80E-08 8.12E-08 1.88E-04  6.30E-05 0.63106
 4820.00 2.074689    1.02E-12 2.37E-09 2.69E-12 1.06E-08 2.46E-05 2.75E-09 5.38E-08 1.25E-04 3.16E-08 6.44E-08 1.50E-04  6.36E-05 0.57841
 4830.00 2.070393    1.06E-12 2.48E-09 2.32E-12 7.35E-09 1.72E-05 2.37E-09 4.03E-08 9.40E-05 2.50E-08 4.77E-08 1.11E-04  6.41E-05 0.52086
 4840.00 2.066115    1.04E-12 2.43E-09 2.11E-12 6.23E-09 1.46E-05 2.19E-09 3.52E-08 8.25E-05 2.24E-08 4.15E-08 9.72E-05  6.45E-05 0.49562
 4850.00 2.061856    9.83E-13 2.31E-09 2.02E-12 6.42E-09 1.51E-05 2.18E-09 3.57E-08 8.41E-05 2.25E-08 4.22E-08 9.91E-05  6.49E-05 0.49446
 4860.00 2.057613    9.49E-13 2.24E-09 1.86E-12 5.92E-09 1.40E-05 2.06E-09 3.29E-08 7.76E-05 2.07E-08 3.88E-08 9.16E-05  6.53E-05 0.47504
 4870.00 2.053388    8.97E-13 2.13E-09 1.77E-12 5.90E-09 1.40E-05 2.06E-09 3.32E-08 7.88E-05 2.11E-08 3.91E-08 9.28E-05  6.57E-05 0.47497
 4880.00 2.049180    8.05E-13 1.92E-09 1.93E-12 8.49E-09 2.02E-05 2.50E-09 4.63E-08 1.10E-04 2.81E-08 5.48E-08 1.30E-04  6.63E-05 0.53976
 4890.00 2.044990    7.57E-13 1.81E-09 2.06E-12 1.14E-08 2.73E-05 2.93E-09 5.92E-08 1.41E-04 3.45E-08 7.06E-08 1.69E-04  6.70E-05 0.59953
 4900.00 2.040816    7.22E-13 1.73E-09 2.05E-12 1.32E-08 3.18E-05 3.12E-09 6.60E-08 1.59E-04 3.77E-08 7.93E-08 1.90E-04  6.78E-05 0.62203
 4910.00 2.036660    6.67E-13 1.61E-09 2.00E-12 1.42E-08 3.42E-05 3.21E-09 6.99E-08 1.68E-04 3.95E-08 8.41E-08 2.03E-04  6.86E-05 0.63312
 4920.00 2.032521    7.10E-13 1.72E-09 1.83E-12 1.23E-08 2.97E-05 3.03E-09 6.17E-08 1.49E-04 3.54E-08 7.40E-08 1.79E-04  6.93E-05 0.60338
 4930.00 2.028398    7.88E-13 1.91E-09 1.55E-12 8.55E-09 2.08E-05 2.59E-09 4.52E-08 1.10E-04 2.73E-08 5.37E-08 1.31E-04  6.99E-05 0.53364
 4940.00 2.024291    8.06E-13 1.97E-09 1.23E-12 5.32E-09 1.30E-05 2.01E-09 2.91E-08 7.11E-05 1.87E-08 3.45E-08 8.41E-05  7.02E-05 0.43907
 4950.00 2.020202    8.09E-13 1.98E-09 8.61E-13 2.72E-09 6.67E-06 1.34E-09 1.42E-08 3.47E-05 9.57E-09 1.69E-08 4.14E-05  7.04E-05 0.32011
 4960.00 2.016129    7.64E-13 1.88E-09 6.18E-13 1.34E-09 3.31E-06 8.96E-10 5.69E-09 1.40E-05 4.09E-09 7.03E-09 1.73E-05  7.05E-05 0.24178
 4970.00 2.012073    6.75E-13 1.67E-09 5.70E-13 1.16E-09 2.88E-06 7.99E-10 4.83E-09 1.19E-05 3.49E-09 5.99E-09 1.48E-05  7.05E-05 0.23392
 4980.00 2.008032    6.23E-13 1.54E-09 5.01E-13 1.10E-09 2.72E-06 7.41E-10 4.52E-09 1.12E-05 3.25E-09 5.62E-09 1.39E-05  7.06E-05 0.21249
 4990.00 2.004008    6.19E-13 1.54E-09 4.05E-13 9.32E-10 2.32E-06 6.95E-10 3.43E-09 8.55E-06 2.59E-09 4.37E-09 1.09E-05  7.06E-05 0.18057

                                             RADIANCE(WATTS/CM2-STER-XXX)

  FREQ  WAVELENGTH     PATH_THERMAL    SURFACE      PATH_SCATTERED_SOLAR   GROUND_REFLECTED_RADIANCE   TOTAL_RADIANCE   INTEGRAL    TOTAL
                                       EMISSION     TOTAL RAD      SINGLE        TOTAL        DIRECT                                TRANS
 (CM-1) (MICRON)       (CM-1)  (MICRN)   (CM-1)   (CM-1)  (MICRN)   (CM-1)   (CM-1)  (MICRN)   (CM-1)   (CM-1)  (MICRN)

 5000.00 2.000000    6.62E-13 1.66E-09 5.24E-13 1.95E-09 4.87E-06 1.09E-09 8.78E-09 2.19E-05 5.99E-09 1.07E-08 2.68E-05  7.07E-05 0.24795
 5010.00 1.996008    7.07E-13 1.78E-09 7.79E-13 4.73E-09 1.19E-05 1.88E-09 2.27E-08 5.70E-05 1.40E-08 2.74E-08 6.89E-05  7.10E-05 0.38274
 5020.00 1.992032    7.12E-13 1.79E-09 8.92E-13 6.90E-09 1.74E-05 2.39E-09 3.29E-08 8.29E-05 1.94E-08 3.98E-08 1.00E-04  7.14E-05 0.45299
 5030.00 1.988072    7.00E-13 1.77E-09 8.58E-13 7.16E-09 1.81E-05 2.47E-09 3.37E-08 8.52E-05 1.97E-08 4.08E-08 1.03E-04  7.18E-05 0.45479
 5040.00 1.984127    6.84E-13 1.74E-09 7.87E-13 6.63E-09 1.68E-05 2.37E-09 3.06E-08 7.78E-05 1.80E-08 3.73E-08 9.47E-05  7.22E-05 0.43482
 5050.00 1.980198    6.84E-13 1.74E-09 6.86E-13 5.48E-09 1.40E-05 2.16E-09 2.46E-08 6.28E-05 1.46E-08 3.01E-08 7.68E-05  7.25E-05 0.39505
 5060.00 1.976285    6.86E-13 1.76E-09 5.81E-13 4.17E-09 1.07E-05 1.90E-09 1.78E-08 4.56E-05 1.09E-08 2.20E-08 5.63E-05  7.27E-05 0.34870
 5070.00 1.972387    6.58E-13 1.69E-09 4.77E-13 3.05E-09 7.85E-06 1.62E-09 1.20E-08 3.09E-05 7.61E-09 1.51E-08 3.88E-05  7.29E-05 0.29877
 5080.00 1.968504    6.15E-13 1.59E-09 3.68E-13 2.14E-09 5.53E-06 1.32E-09 7.34E-09 1.89E-05 4.79E-09 9.49E-09 2.45E-05  7.30E-05 0.23999
 5090.00 1.964636    5.89E-13 1.53E-09 2.39E-13 1.43E-09 3.71E-06 1.04E-09 3.37E-09 8.72E-06 2.22E-09 4.80E-09 1.24E-05  7.30E-05 0.16088
 5100.00 1.960785    5.52E-13 1.43E-09 1.25E-13 9.67E-10 2.52E-06 8.33E-10 7.75E-10 2.02E-06 4.99E-10 1.74E-09 4.53E-06  7.30E-05 0.08768
 5110.00 1.956947    5.05E-13 1.32E-09 7.34E-14 8.43E-10 2.20E-06 7.63E-10 2.36E-10 6.16E-07 1.43E-10 1.08E-09 2.82E-06  7.30E-05 0.05455
 5120.00 1.953125    5.03E-13 1.32E-09 6.41E-14 8.82E-10 2.31E-06 8.10E-10 1.42E-10 3.71E-07 9.28E-11 1.02E-09 2.68E-06  7.30E-05 0.05022
 5130.00 1.949318    5.00E-13 1.32E-09 5.45E-14 9.64E-10 2.54E-06 8.88E-10 1.16E-10 3.05E-07 7.60E-11 1.08E-09 2.84E-06  7.31E-05 0.04388
 5140.00 1.945525    4.60E-13 1.22E-09 3.51E-14 1.01E-09 2.67E-06 9.30E-10 4.84E-11 1.28E-07 2.83E-11 1.06E-09 2.80E-06  7.31E-05 0.02948
 5150.00 1.941748    3.97E-13 1.05E-09 2.13E-14 1.07E-09 2.84E-06 9.77E-10 1.65E-11 4.38E-08 6.73E-12 1.09E-09 2.88E-06  7.31E-05 0.01858
 5160.00 1.937985    3.37E-13 8.96E-10 9.52E-15 1.12E-09 2.99E-06 1.02E-09 5.79E-12 1.54E-08 2.23E-12 1.13E-09 3.01E-06  7.31E-05 0.00858
 5170.00 1.934236    2.88E-13 7.69E-10 3.80E-15 1.14E-09 3.06E-06 1.04E-09 3.36E-13 8.98E-10 4.84E-14 1.15E-09 3.06E-06  7.31E-05 0.00364
 5180.00 1.930502    2.32E-13 6.22E-10 1.89E-15 1.15E-09 3.09E-06 1.04E-09 1.47E-13 3.93E-10 2.05E-14 1.15E-09 3.09E-06  7.31E-05 0.00184
 5190.00 1.926782    2.02E-13 5.44E-10 5.88E-16 1.18E-09 3.17E-06 1.06E-09 4.85E-15 1.31E-11 4.76E-17 1.18E-09 3.17E-06  7.31E-05 0.00062
 5200.00 1.923077    1.88E-13 5.08E-10 4.50E-16 1.20E-09 3.25E-06 1.09E-09 3.09E-15 8.36E-12 2.21E-17 1.20E-09 3.26E-06  7.31E-05 0.00049
 5210.00 1.919386    1.54E-13 4.17E-10 2.19E-16 1.22E-09 3.32E-06 1.11E-09 9.29E-16 2.52E-12 5.42E-18 1.22E-09 3.32E-06  7.31E-05 0.00024
 5220.00 1.915709    1.15E-13 3.14E-10 7.77E-17 1.27E-09 3.46E-06 1.12E-09 1.24E-16 3.38E-13 2.98E-20 1.27E-09 3.46E-06  7.32E-05 0.00009
 5230.00 1.912046    9.39E-14 2.57E-10 2.04E-17 1.33E-09 3.63E-06 1.16E-09 3.24E-17 8.87E-14 7.66E-21 1.33E-09 3.63E-06  7.32E-05 0.00002
 5240.00 1.908397    8.56E-14 2.35E-10 1.84E-18 1.36E-09 3.73E-06 1.20E-09 1.19E-18 3.26E-15 0.00E+00 1.36E-09 3.73E-06  7.32E-05 0.00000
 5250.00 1.904762    6.81E-14 1.88E-10 8.67E-19 1.37E-09 3.78E-06 1.21E-09 5.61E-19 1.55E-15 0.00E+00 1.37E-09 3.78E-06  7.32E-05 0.00000
 5260.00 1.901141    6.55E-14 1.81E-10 1.04E-17 1.44E-09 4.00E-06 1.27E-09 1.72E-17 4.75E-14 2.83E-21 1.44E-09 4.00E-06  7.32E-05 0.00002
 5270.00 1.897533    8.71E-14 2.42E-10 3.34E-17 1.59E-09 4.43E-06 1.38E-09 5.72E-17 1.59E-13 9.60E-21 1.59E-09 4.43E-06  7.32E-05 0.00005
 5280.00 1.893939    9.63E-14 2.69E-10 4.70E-17 1.71E-09 4.77E-06 1.48E-09 8.70E-17 2.43E-13 1.62E-20 1.71E-09 4.77E-06  7.32E-05 0.00007
 5290.00 1.890359    9.65E-14 2.70E-10 5.34E-17 1.80E-09 5.05E-06 1.56E-09 1.10E-16 3.08E-13 2.32E-20 1.80E-09 5.05E-06  7.33E-05 0.00009
 5300.00 1.886793    9.89E-14 2.78E-10 5.16E-17 1.92E-09 5.39E-06 1.65E-09 1.06E-16 2.97E-13 2.23E-20 1.92E-09 5.39E-06  7.33E-05 0.00009
 5310.00 1.883239    9.22E-14 2.60E-10 2.99E-17 2.00E-09 5.63E-06 1.71E-09 4.96E-17 1.40E-13 8.53E-21 2.00E-09 5.63E-06  7.33E-05 0.00005
 5320.00 1.879699    7.21E-14 2.04E-10 1.12E-17 1.92E-09 5.43E-06 1.64E-09 9.62E-18 2.72E-14 1.16E-22 1.92E-09 5.43E-06  7.33E-05 0.00002
 5330.00 1.876173    4.17E-14 1.19E-10 3.63E-18 1.69E-09 4.81E-06 1.46E-09 2.96E-18 8.41E-15 2.21E-23 1.69E-09 4.81E-06  7.33E-05 0.00001
 5340.00 1.872659    2.27E-14 6.48E-11 1.68E-19 1.63E-09 4.66E-06 1.40E-09 1.13E-19 3.24E-16 1.62E-27 1.63E-09 4.66E-06  7.34E-05 0.00000
 5350.00 1.869159    3.07E-14 8.79E-11 4.30E-19 1.90E-09 5.44E-06 1.58E-09 2.83E-19 8.11E-16 1.79E-26 1.90E-09 5.44E-06  7.34E-05 0.00000
 5360.00 1.865672    4.85E-14 1.39E-10 1.06E-18 2.23E-09 6.42E-06 1.82E-09 7.01E-19 2.01E-15 4.00E-26 2.23E-09 6.42E-06  7.34E-05 0.00000
 5370.00 1.862198    5.05E-14 1.46E-10 1.03E-18 2.34E-09 6.73E-06 1.90E-09 6.77E-19 1.95E-15 3.30E-26 2.34E-09 6.73E-06  7.34E-05 0.00000
 5380.00 1.858736    3.83E-14 1.11E-10 3.66E-19 2.26E-09 6.54E-06 1.87E-09 2.41E-19 6.99E-16 9.32E-27 2.26E-09 6.54E-06  7.34E-05 0.00000
 5390.00 1.855288    3.32E-14 9.64E-11 1.03E-19 2.27E-09 6.60E-06 1.90E-09 6.63E-20 1.93E-16 1.17E-28 2.27E-09 6.60E-06  7.35E-05 0.00000
 5400.00 1.851852    3.16E-14 9.21E-11 1.78E-19 2.28E-09 6.65E-06 1.88E-09 1.15E-19 3.35E-16 0.00E+00 2.28E-09 6.65E-06  7.35E-05 0.00000
 5410.00 1.848429    3.00E-14 8.78E-11 3.01E-19 2.25E-09 6.58E-06 1.84E-09 1.96E-19 5.73E-16 0.00E+00 2.25E-09 6.58E-06  7.35E-05 0.00000
 5420.00 1.845019    3.15E-14 9.26E-11 4.20E-19 2.28E-09 6.71E-06 1.89E-09 2.74E-19 8.04E-16 0.00E+00 2.28E-09 6.71E-06  7.35E-05 0.00000
 5430.00 1.841621    2.52E-14 7.42E-11 2.24E-19 2.20E-09 6.49E-06 1.86E-09 1.46E-19 4.31E-16 0.00E+00 2.20E-09 6.49E-06  7.36E-05 0.00000
 5440.00 1.838235    1.99E-14 5.88E-11 6.55E-20 2.18E-09 6.46E-06 1.83E-09 4.27E-20 1.26E-16 0.00E+00 2.18E-09 6.46E-06  7.36E-05 0.00000
 5450.00 1.834863    2.47E-14 7.33E-11 1.31E-19 2.40E-09 7.13E-06 1.94E-09 8.55E-20 2.54E-16 0.00E+00 2.40E-09 7.13E-06  7.36E-05 0.00000
 5460.00 1.831502    3.06E-14 9.12E-11 4.17E-19 2.60E-09 7.74E-06 2.05E-09 3.18E-19 9.48E-16 6.97E-24 2.60E-09 7.74E-06  7.36E-05 0.00000
 5470.00 1.828154    4.22E-14 1.26E-10 8.04E-17 2.69E-09 8.06E-06 2.15E-09 4.01E-15 1.20E-11 1.37E-17 2.69E-09 8.06E-06  7.37E-05 0.00030
 5480.00 1.824818    5.27E-14 1.58E-10 1.91E-16 2.72E-09 8.18E-06 2.19E-09 9.51E-15 2.86E-11 3.25E-17 2.72E-09 8.18E-06  7.37E-05 0.00072
 5490.00 1.821494    5.21E-14 1.57E-10 2.22E-16 2.69E-09 8.10E-06 2.15E-09 1.28E-14 3.86E-11 6.01E-17 2.69E-09 8.10E-06  7.37E-05 0.00086

                                             RADIANCE(WATTS/CM2-STER-XXX)

  FREQ  WAVELENGTH     PATH_THERMAL    SURFACE      PATH_SCATTERED_SOLAR   GROUND_REFLECTED_RADIANCE   TOTAL_RADIANCE   INTEGRAL    TOTAL
                                       EMISSION     TOTAL RAD      SINGLE        TOTAL        DIRECT                                TRANS
 (CM-1) (MICRON)       (CM-1)  (MICRN)   (CM-1)   (CM-1)  (MICRN)   (CM-1)   (CM-1)  (MICRN)   (CM-1)   (CM-1)  (MICRN)

 5500.00 1.818182    5.76E-14 1.74E-10 4.85E-16 2.74E-09 8.29E-06 2.18E-09 1.67E-13 5.06E-10 7.09E-15 2.74E-09 8.29E-06  7.37E-05 0.00201
 5510.00 1.814882    6.66E-14 2.02E-10 1.04E-15 2.91E-09 8.83E-06 2.28E-09 7.32E-13 2.22E-09 9.27E-14 2.91E-09 8.84E-06  7.38E-05 0.00450
 5520.00 1.811594    7.34E-14 2.24E-10 2.26E-15 3.07E-09 9.34E-06 2.39E-09 4.97E-12 1.51E-08 1.06E-12 3.07E-09 9.36E-06  7.38E-05 0.01018
 5530.00 1.808318    8.38E-14 2.56E-10 4.92E-15 3.20E-09 9.80E-06 2.49E-09 2.88E-11 8.81E-08 8.92E-12 3.23E-09 9.89E-06  7.38E-05 0.02304
 5540.00 1.805054    8.47E-14 2.60E-10 6.55E-15 3.28E-09 1.01E-05 2.54E-09 8.73E-11 2.68E-07 3.31E-11 3.37E-09 1.03E-05  7.39E-05 0.03158
 5550.00 1.801802    8.17E-14 2.52E-10 1.11E-14 3.52E-09 1.09E-05 2.64E-09 5.84E-10 1.80E-06 2.58E-10 4.11E-09 1.27E-05  7.39E-05 0.05715
 5560.00 1.798561    9.03E-14 2.79E-10 2.02E-14 3.96E-09 1.22E-05 2.87E-09 1.25E-09 3.86E-06 5.73E-10 5.21E-09 1.61E-05  7.40E-05 0.10727
 5570.00 1.795332    9.70E-14 3.01E-10 2.47E-14 4.39E-09 1.36E-05 3.04E-09 2.12E-09 6.59E-06 1.04E-09 6.51E-09 2.02E-05  7.40E-05 0.13596
 5580.00 1.792115    9.18E-14 2.86E-10 3.39E-14 6.42E-09 2.00E-05 3.45E-09 7.92E-09 2.46E-05 3.90E-09 1.43E-08 4.47E-05  7.42E-05 0.19692
 5590.00 1.788909    8.45E-14 2.64E-10 4.46E-14 8.46E-09 2.65E-05 3.88E-09 1.38E-08 4.30E-05 6.81E-09 2.22E-08 6.95E-05  7.44E-05 0.26732
 5600.00 1.785714    7.90E-14 2.48E-10 4.55E-14 8.88E-09 2.78E-05 3.99E-09 1.52E-08 4.78E-05 7.68E-09 2.41E-08 7.56E-05  7.46E-05 0.28385
 5610.00 1.782531    7.24E-14 2.28E-10 4.86E-14 1.03E-08 3.26E-05 4.24E-09 2.00E-08 6.28E-05 1.02E-08 3.03E-08 9.54E-05  7.49E-05 0.31857
 5620.00 1.779359    6.76E-14 2.13E-10 5.10E-14 1.15E-08 3.64E-05 4.46E-09 2.38E-08 7.50E-05 1.22E-08 3.53E-08 1.11E-04  7.53E-05 0.34736
 5630.00 1.776199    6.34E-14 2.01E-10 5.28E-14 1.35E-08 4.27E-05 4.75E-09 2.97E-08 9.40E-05 1.53E-08 4.31E-08 1.37E-04  7.57E-05 0.37691
 5640.00 1.773050    5.66E-14 1.80E-10 5.93E-14 1.75E-08 5.58E-05 5.34E-09 4.15E-08 1.32E-04 2.12E-08 5.90E-08 1.88E-04  7.63E-05 0.44252
 5650.00 1.769912    5.16E-14 1.65E-10 6.09E-14 1.96E-08 6.25E-05 5.61E-09 4.72E-08 1.51E-04 2.38E-08 6.68E-08 2.13E-04  7.70E-05 0.47251
 5660.00 1.766785    4.77E-14 1.53E-10 5.86E-14 2.09E-08 6.71E-05 5.67E-09 5.03E-08 1.61E-04 2.49E-08 7.12E-08 2.28E-04  7.77E-05 0.47488
 5670.00 1.763668    4.20E-14 1.35E-10 6.01E-14 2.57E-08 8.25E-05 6.08E-09 6.22E-08 2.00E-04 3.00E-08 8.79E-08 2.82E-04  7.86E-05 0.51069
 5680.00 1.760563    3.76E-14 1.21E-10 6.15E-14 2.99E-08 9.64E-05 6.47E-09 7.26E-08 2.34E-04 3.46E-08 1.03E-07 3.31E-04  7.96E-05 0.54385
 5690.00 1.757469    3.56E-14 1.15E-10 5.92E-14 3.07E-08 9.95E-05 6.55E-09 7.44E-08 2.41E-04 3.52E-08 1.05E-07 3.41E-04  8.06E-05 0.54653
 5700.00 1.754386    3.27E-14 1.06E-10 5.84E-14 3.27E-08 1.06E-04 6.74E-09 7.95E-08 2.58E-04 3.74E-08 1.12E-07 3.64E-04  8.18E-05 0.56471
 5710.00 1.751314    3.02E-14 9.85E-11 5.71E-14 3.42E-08 1.12E-04 6.87E-09 8.36E-08 2.73E-04 3.93E-08 1.18E-07 3.84E-04  8.29E-05 0.57456
 5720.00 1.748252    2.95E-14 9.65E-11 5.32E-14 3.38E-08 1.11E-04 6.77E-09 8.20E-08 2.68E-04 3.85E-08 1.16E-07 3.79E-04  8.41E-05 0.55910
 5730.00 1.745201    2.83E-14 9.28E-11 5.09E-14 3.41E-08 1.12E-04 6.80E-09 8.25E-08 2.71E-04 3.88E-08 1.17E-07 3.83E-04  8.53E-05 0.55976
 5740.00 1.742160    2.62E-14 8.64E-11 5.02E-14 3.52E-08 1.16E-04 6.95E-09 8.55E-08 2.82E-04 4.03E-08 1.21E-07 3.98E-04  8.65E-05 0.57716
 5750.00 1.739131    2.47E-14 8.17E-11 4.88E-14 3.53E-08 1.17E-04 6.95E-09 8.60E-08 2.84E-04 4.06E-08 1.21E-07 4.01E-04  8.77E-05 0.58618
 5760.00 1.736111    2.37E-14 7.88E-11 4.67E-14 3.51E-08 1.16E-04 6.89E-09 8.53E-08 2.83E-04 4.03E-08 1.20E-07 4.00E-04  8.89E-05 0.58512
 5770.00 1.733102    2.18E-14 7.27E-11 4.56E-14 3.82E-08 1.27E-04 7.16E-09 9.21E-08 3.07E-04 4.32E-08 1.30E-07 4.34E-04  9.02E-05 0.59717
 5780.00 1.730104    1.96E-14 6.54E-11 4.52E-14 4.21E-08 1.41E-04 7.59E-09 1.02E-07 3.39E-04 4.73E-08 1.44E-07 4.80E-04  9.16E-05 0.61818
 5790.00 1.727116    1.90E-14 6.36E-11 4.30E-14 4.14E-08 1.39E-04 7.62E-09 1.00E-07 3.36E-04 4.69E-08 1.42E-07 4.75E-04  9.30E-05 0.61491
 5800.00 1.724138    1.92E-14 6.44E-11 3.99E-14 3.93E-08 1.32E-04 7.44E-09 9.48E-08 3.19E-04 4.45E-08 1.34E-07 4.51E-04  9.44E-05 0.59607
 5810.00 1.721171    1.73E-14 5.83E-11 3.93E-14 4.36E-08 1.47E-04 7.77E-09 1.04E-07 3.51E-04 4.82E-08 1.48E-07 4.98E-04  9.59E-05 0.61359
 5820.00 1.718213    1.51E-14 5.10E-11 3.94E-14 4.85E-08 1.64E-04 8.23E-09 1.15E-07 3.91E-04 5.31E-08 1.64E-07 5.55E-04  9.75E-05 0.64173
 5830.00 1.715266    1.46E-14 4.95E-11 3.77E-14 4.77E-08 1.62E-04 8.25E-09 1.14E-07 3.87E-04 5.27E-08 1.61E-07 5.49E-04  9.91E-05 0.64134
 5840.00 1.712329    1.41E-14 4.79E-11 3.59E-14 4.67E-08 1.59E-04 8.17E-09 1.12E-07 3.81E-04 5.18E-08 1.58E-07 5.41E-04  1.01E-04 0.63928
 5850.00 1.709402    1.36E-14 4.64E-11 3.42E-14 4.59E-08 1.57E-04 8.12E-09 1.10E-07 3.76E-04 5.10E-08 1.56E-07 5.33E-04  1.02E-04 0.63610
 5860.00 1.706485    1.28E-14 4.39E-11 3.30E-14 4.66E-08 1.60E-04 8.22E-09 1.12E-07 3.84E-04 5.17E-08 1.58E-07 5.44E-04  1.04E-04 0.64072
 5870.00 1.703578    1.16E-14 3.98E-11 3.23E-14 4.99E-08 1.72E-04 8.48E-09 1.19E-07 4.09E-04 5.43E-08 1.68E-07 5.80E-04  1.06E-04 0.65510
 5880.00 1.700680    1.11E-14 3.83E-11 3.09E-14 5.08E-08 1.75E-04 8.57E-09 1.20E-07 4.15E-04 5.50E-08 1.71E-07 5.90E-04  1.07E-04 0.65451
 5890.00 1.697793    1.07E-14 3.72E-11 2.95E-14 5.12E-08 1.78E-04 8.66E-09 1.21E-07 4.18E-04 5.53E-08 1.72E-07 5.96E-04  1.09E-04 0.65260
 5900.00 1.694915    1.00E-14 3.49E-11 2.84E-14 5.23E-08 1.82E-04 8.80E-09 1.23E-07 4.29E-04 5.64E-08 1.75E-07 6.11E-04  1.11E-04 0.65781
 5910.00 1.692047    9.57E-15 3.34E-11 2.73E-14 5.20E-08 1.82E-04 8.81E-09 1.23E-07 4.28E-04 5.61E-08 1.75E-07 6.10E-04  1.12E-04 0.65868
 5920.00 1.689189    8.99E-15 3.15E-11 2.62E-14 5.30E-08 1.86E-04 8.86E-09 1.24E-07 4.36E-04 5.68E-08 1.77E-07 6.21E-04  1.14E-04 0.66298
 5930.00 1.686341    8.28E-15 2.91E-11 2.54E-14 5.48E-08 1.93E-04 8.94E-09 1.28E-07 4.49E-04 5.80E-08 1.82E-07 6.42E-04  1.16E-04 0.67025
 5940.00 1.683502    7.80E-15 2.75E-11 2.44E-14 5.47E-08 1.93E-04 8.87E-09 1.27E-07 4.49E-04 5.76E-08 1.82E-07 6.42E-04  1.18E-04 0.67283
 5950.00 1.680672    7.45E-15 2.64E-11 2.34E-14 5.42E-08 1.92E-04 8.82E-09 1.26E-07 4.47E-04 5.71E-08 1.80E-07 6.38E-04  1.20E-04 0.67330
 5960.00 1.677853    7.20E-15 2.56E-11 2.23E-14 5.41E-08 1.92E-04 8.94E-09 1.27E-07 4.50E-04 5.73E-08 1.81E-07 6.42E-04  1.21E-04 0.67148
 5970.00 1.675042    6.89E-15 2.46E-11 2.14E-14 5.50E-08 1.96E-04 9.10E-09 1.29E-07 4.58E-04 5.82E-08 1.84E-07 6.54E-04  1.23E-04 0.67179
 5980.00 1.672241    6.53E-15 2.33E-11 2.05E-14 5.62E-08 2.01E-04 9.21E-09 1.31E-07 4.68E-04 5.90E-08 1.87E-07 6.69E-04  1.25E-04 0.67393
 5990.00 1.669449    6.29E-15 2.26E-11 1.94E-14 5.43E-08 1.95E-04 9.09E-09 1.27E-07 4.56E-04 5.75E-08 1.82E-07 6.51E-04  1.27E-04 0.66680

                                             RADIANCE(WATTS/CM2-STER-XXX)

  FREQ  WAVELENGTH     PATH_THERMAL    SURFACE      PATH_SCATTERED_SOLAR   GROUND_REFLECTED_RADIANCE   TOTAL_RADIANCE   INTEGRAL    TOTAL
                                       EMISSION     TOTAL RAD      SINGLE        TOTAL        DIRECT                                TRANS
 (CM-1) (MICRON)       (CM-1)  (MICRN)   (CM-1)   (CM-1)  (MICRN)   (CM-1)   (CM-1)  (MICRN)   (CM-1)   (CM-1)  (MICRN)

 6000.00 1.666667    6.09E-15 2.19E-11 1.83E-14 5.15E-08 1.86E-04 8.87E-09 1.22E-07 4.38E-04 5.52E-08 1.73E-07 6.24E-04  1.29E-04 0.65693
 6010.00 1.663894    5.83E-15 2.11E-11 1.76E-14 5.30E-08 1.91E-04 9.06E-09 1.24E-07 4.50E-04 5.63E-08 1.77E-07 6.41E-04  1.31E-04 0.65999
 6020.00 1.661130    5.55E-15 2.01E-11 1.71E-14 5.60E-08 2.03E-04 9.38E-09 1.30E-07 4.72E-04 5.87E-08 1.86E-07 6.75E-04  1.32E-04 0.66839
 6030.00 1.658375    5.27E-15 1.92E-11 1.64E-14 5.66E-08 2.06E-04 9.46E-09 1.32E-07 4.79E-04 5.92E-08 1.88E-07 6.85E-04  1.34E-04 0.67058
 6040.00 1.655629    5.07E-15 1.85E-11 1.56E-14 5.53E-08 2.02E-04 9.37E-09 1.29E-07 4.71E-04 5.82E-08 1.84E-07 6.73E-04  1.36E-04 0.66686
 6050.00 1.652892    4.88E-15 1.79E-11 1.48E-14 5.38E-08 1.97E-04 9.25E-09 1.26E-07 4.62E-04 5.70E-08 1.80E-07 6.59E-04  1.38E-04 0.66271
 6060.00 1.650165    4.64E-15 1.70E-11 1.42E-14 5.35E-08 1.97E-04 9.21E-09 1.26E-07 4.61E-04 5.67E-08 1.79E-07 6.58E-04  1.40E-04 0.66227
 6070.00 1.647447    4.41E-15 1.62E-11 1.36E-14 5.38E-08 1.98E-04 9.23E-09 1.26E-07 4.64E-04 5.68E-08 1.80E-07 6.63E-04  1.41E-04 0.66326
 6080.00 1.644737    4.21E-15 1.55E-11 1.30E-14 5.37E-08 1.98E-04 9.20E-09 1.26E-07 4.64E-04 5.66E-08 1.79E-07 6.63E-04  1.43E-04 0.66385
 6090.00 1.642036    4.02E-15 1.49E-11 1.25E-14 5.32E-08 1.97E-04 9.12E-09 1.24E-07 4.61E-04 5.60E-08 1.78E-07 6.58E-04  1.45E-04 0.66428
 6100.00 1.639344    3.84E-15 1.43E-11 1.20E-14 5.37E-08 2.00E-04 9.18E-09 1.25E-07 4.66E-04 5.63E-08 1.79E-07 6.66E-04  1.47E-04 0.66582
 6110.00 1.636661    3.66E-15 1.37E-11 1.15E-14 5.57E-08 2.08E-04 9.44E-09 1.29E-07 4.83E-04 5.80E-08 1.85E-07 6.90E-04  1.49E-04 0.66877
 6120.00 1.633987    3.49E-15 1.31E-11 1.10E-14 5.73E-08 2.15E-04 9.69E-09 1.33E-07 4.97E-04 5.95E-08 1.90E-07 7.12E-04  1.51E-04 0.67068
 6130.00 1.631322    3.33E-15 1.25E-11 1.06E-14 5.84E-08 2.20E-04 9.85E-09 1.35E-07 5.08E-04 6.05E-08 1.94E-07 7.27E-04  1.53E-04 0.67191
 6140.00 1.628664    3.17E-15 1.20E-11 1.01E-14 5.94E-08 2.24E-04 9.97E-09 1.37E-07 5.16E-04 6.12E-08 1.96E-07 7.40E-04  1.54E-04 0.67338
 6150.00 1.626016    3.03E-15 1.15E-11 9.71E-15 5.96E-08 2.25E-04 1.00E-08 1.37E-07 5.19E-04 6.13E-08 1.97E-07 7.44E-04  1.56E-04 0.67387
 6160.00 1.623377    2.90E-15 1.10E-11 9.29E-15 5.90E-08 2.24E-04 9.93E-09 1.36E-07 5.15E-04 6.07E-08 1.95E-07 7.39E-04  1.58E-04 0.67352
 6170.00 1.620746    2.79E-15 1.06E-11 8.87E-15 5.78E-08 2.20E-04 9.81E-09 1.33E-07 5.08E-04 5.96E-08 1.91E-07 7.28E-04  1.60E-04 0.67194
 6180.00 1.618123    2.70E-15 1.03E-11 8.45E-15 5.63E-08 2.15E-04 9.71E-09 1.31E-07 4.99E-04 5.84E-08 1.87E-07 7.14E-04  1.62E-04 0.66875
 6190.00 1.615509    2.60E-15 9.97E-12 8.02E-15 5.43E-08 2.08E-04 9.57E-09 1.27E-07 4.87E-04 5.70E-08 1.81E-07 6.94E-04  1.64E-04 0.66349
 6200.00 1.612903    2.51E-15 9.66E-12 7.56E-15 5.08E-08 1.95E-04 9.29E-09 1.21E-07 4.64E-04 5.45E-08 1.71E-07 6.59E-04  1.66E-04 0.65364
 6210.00 1.610306    2.43E-15 9.36E-12 7.12E-15 4.75E-08 1.83E-04 9.02E-09 1.14E-07 4.41E-04 5.21E-08 1.62E-07 6.24E-04  1.67E-04 0.64318
 6220.00 1.607717    2.32E-15 8.97E-12 6.79E-15 4.74E-08 1.83E-04 9.05E-09 1.14E-07 4.42E-04 5.21E-08 1.62E-07 6.25E-04  1.69E-04 0.64143
 6230.00 1.605137    2.22E-15 8.61E-12 6.48E-15 4.71E-08 1.83E-04 9.07E-09 1.14E-07 4.41E-04 5.19E-08 1.61E-07 6.24E-04  1.71E-04 0.63949
 6240.00 1.602564    2.15E-15 8.36E-12 6.15E-15 4.54E-08 1.77E-04 8.96E-09 1.10E-07 4.30E-04 5.07E-08 1.56E-07 6.06E-04  1.72E-04 0.63402
 6250.00 1.600000    2.06E-15 8.05E-12 5.95E-15 4.83E-08 1.89E-04 9.26E-09 1.16E-07 4.51E-04 5.25E-08 1.64E-07 6.40E-04  1.74E-04 0.64220
 6260.00 1.597444    1.96E-15 7.68E-12 5.83E-15 5.38E-08 2.11E-04 9.78E-09 1.25E-07 4.91E-04 5.61E-08 1.79E-07 7.02E-04  1.76E-04 0.65693
 6270.00 1.594896    1.87E-15 7.34E-12 5.63E-15 5.64E-08 2.22E-04 1.00E-08 1.30E-07 5.10E-04 5.77E-08 1.86E-07 7.31E-04  1.77E-04 0.66312
 6280.00 1.592357    1.78E-15 7.02E-12 5.40E-15 5.61E-08 2.21E-04 9.92E-09 1.28E-07 5.06E-04 5.71E-08 1.84E-07 7.27E-04  1.79E-04 0.66435
 6290.00 1.589825    1.70E-15 6.74E-12 5.17E-15 5.50E-08 2.18E-04 9.74E-09 1.26E-07 4.97E-04 5.59E-08 1.81E-07 7.14E-04  1.81E-04 0.66416
 6300.00 1.587301    1.64E-15 6.50E-12 4.93E-15 5.50E-08 2.18E-04 9.83E-09 1.26E-07 4.99E-04 5.60E-08 1.81E-07 7.18E-04  1.83E-04 0.66221
 6310.00 1.584786    1.58E-15 6.27E-12 4.68E-15 5.43E-08 2.16E-04 9.87E-09 1.25E-07 4.97E-04 5.57E-08 1.79E-07 7.13E-04  1.85E-04 0.65738
 6320.00 1.582278    1.52E-15 6.07E-12 4.41E-15 5.11E-08 2.04E-04 9.63E-09 1.19E-07 4.76E-04 5.35E-08 1.70E-07 6.80E-04  1.86E-04 0.64737
 6330.00 1.579779    1.47E-15 5.88E-12 4.15E-15 4.72E-08 1.89E-04 9.26E-09 1.12E-07 4.48E-04 5.06E-08 1.59E-07 6.37E-04  1.88E-04 0.63634
 6340.00 1.577287    1.40E-15 5.65E-12 3.95E-15 4.55E-08 1.83E-04 9.04E-09 1.08E-07 4.35E-04 4.91E-08 1.54E-07 6.18E-04  1.89E-04 0.63335
 6350.00 1.574803    1.34E-15 5.42E-12 3.76E-15 4.48E-08 1.81E-04 9.01E-09 1.07E-07 4.31E-04 4.86E-08 1.52E-07 6.12E-04  1.91E-04 0.63052
 6360.00 1.572327    1.30E-15 5.25E-12 3.57E-15 4.39E-08 1.77E-04 9.05E-09 1.06E-07 4.27E-04 4.83E-08 1.50E-07 6.05E-04  1.92E-04 0.62505
 6370.00 1.569859    1.24E-15 5.04E-12 3.46E-15 4.70E-08 1.91E-04 9.40E-09 1.11E-07 4.52E-04 5.03E-08 1.58E-07 6.43E-04  1.94E-04 0.63399
 6380.00 1.567398    1.18E-15 4.80E-12 3.40E-15 5.28E-08 2.15E-04 9.97E-09 1.22E-07 4.96E-04 5.42E-08 1.75E-07 7.10E-04  1.96E-04 0.65026
 6390.00 1.564945    1.12E-15 4.58E-12 3.28E-15 5.56E-08 2.27E-04 1.03E-08 1.27E-07 5.18E-04 5.63E-08 1.82E-07 7.45E-04  1.98E-04 0.65650
 6400.00 1.562500    1.07E-15 4.40E-12 3.14E-15 5.61E-08 2.30E-04 1.04E-08 1.28E-07 5.23E-04 5.67E-08 1.84E-07 7.53E-04  1.99E-04 0.65683
 6410.00 1.560063    1.02E-15 4.20E-12 3.01E-15 5.66E-08 2.33E-04 1.04E-08 1.29E-07 5.28E-04 5.70E-08 1.85E-07 7.61E-04  2.01E-04 0.65799
 6420.00 1.557632    9.72E-16 4.01E-12 2.88E-15 5.68E-08 2.34E-04 1.04E-08 1.29E-07 5.30E-04 5.70E-08 1.85E-07 7.65E-04  2.03E-04 0.65875
 6430.00 1.555210    9.38E-16 3.88E-12 2.75E-15 5.60E-08 2.31E-04 1.04E-08 1.27E-07 5.25E-04 5.63E-08 1.83E-07 7.56E-04  2.05E-04 0.65665
 6440.00 1.552795    9.10E-16 3.77E-12 2.62E-15 5.50E-08 2.28E-04 1.04E-08 1.25E-07 5.19E-04 5.55E-08 1.80E-07 7.47E-04  2.07E-04 0.65349
 6450.00 1.550388    8.75E-16 3.64E-12 2.50E-15 5.46E-08 2.27E-04 1.04E-08 1.24E-07 5.18E-04 5.52E-08 1.79E-07 7.45E-04  2.09E-04 0.65217
 6460.00 1.547988    8.43E-16 3.52E-12 2.39E-15 5.41E-08 2.26E-04 1.04E-08 1.23E-07 5.15E-04 5.48E-08 1.78E-07 7.41E-04  2.10E-04 0.65026
 6470.00 1.545595    8.24E-16 3.45E-12 2.26E-15 5.26E-08 2.20E-04 1.03E-08 1.21E-07 5.05E-04 5.37E-08 1.73E-07 7.25E-04  2.12E-04 0.64472
 6480.00 1.543210    8.01E-16 3.36E-12 2.15E-15 5.08E-08 2.13E-04 1.02E-08 1.17E-07 4.92E-04 5.23E-08 1.68E-07 7.06E-04  2.14E-04 0.64010
 6490.00 1.540832    7.63E-16 3.22E-12 2.06E-15 5.03E-08 2.12E-04 1.01E-08 1.16E-07 4.89E-04 5.18E-08 1.66E-07 7.01E-04  2.15E-04 0.63977

                                             RADIANCE(WATTS/CM2-STER-XXX)

  FREQ  WAVELENGTH     PATH_THERMAL    SURFACE      PATH_SCATTERED_SOLAR   GROUND_REFLECTED_RADIANCE   TOTAL_RADIANCE   INTEGRAL    TOTAL
                                       EMISSION     TOTAL RAD      SINGLE        TOTAL        DIRECT                                TRANS
 (CM-1) (MICRON)       (CM-1)  (MICRN)   (CM-1)   (CM-1)  (MICRN)   (CM-1)   (CM-1)  (MICRN)   (CM-1)   (CM-1)  (MICRN)

 6500.00 1.538461    7.36E-16 3.11E-12 1.96E-15 4.99E-08 2.11E-04 1.01E-08 1.15E-07 4.86E-04 5.13E-08 1.65E-07 6.97E-04  2.17E-04 0.63742
 6510.00 1.536098    7.16E-16 3.03E-12 1.86E-15 4.89E-08 2.07E-04 1.00E-08 1.13E-07 4.79E-04 5.05E-08 1.62E-07 6.86E-04  2.19E-04 0.63321
 6520.00 1.533742    6.97E-16 2.96E-12 1.77E-15 4.79E-08 2.04E-04 9.96E-09 1.11E-07 4.71E-04 4.95E-08 1.59E-07 6.74E-04  2.20E-04 0.62854
 6530.00 1.531394    6.94E-16 2.96E-12 1.67E-15 4.59E-08 1.96E-04 9.81E-09 1.06E-07 4.53E-04 4.78E-08 1.52E-07 6.49E-04  2.22E-04 0.61937
 6540.00 1.529052    6.98E-16 2.98E-12 1.56E-15 4.31E-08 1.84E-04 9.61E-09 1.00E-07 4.28E-04 4.55E-08 1.43E-07 6.12E-04  2.23E-04 0.60709
 6550.00 1.526717    6.92E-16 2.97E-12 1.47E-15 4.10E-08 1.76E-04 9.46E-09 9.55E-08 4.10E-04 4.37E-08 1.37E-07 5.86E-04  2.25E-04 0.59743
 6560.00 1.524390    6.56E-16 2.82E-12 1.41E-15 4.21E-08 1.81E-04 9.52E-09 9.73E-08 4.19E-04 4.43E-08 1.39E-07 6.00E-04  2.26E-04 0.60003
 6570.00 1.522070    6.35E-16 2.74E-12 1.34E-15 4.16E-08 1.80E-04 9.45E-09 9.58E-08 4.13E-04 4.37E-08 1.37E-07 5.93E-04  2.27E-04 0.59492
 6580.00 1.519757    6.66E-16 2.88E-12 1.22E-15 3.58E-08 1.55E-04 8.90E-09 8.28E-08 3.58E-04 3.86E-08 1.19E-07 5.13E-04  2.29E-04 0.56327
 6590.00 1.517451    6.77E-16 2.94E-12 1.11E-15 3.21E-08 1.39E-04 8.52E-09 7.43E-08 3.23E-04 3.52E-08 1.06E-07 4.62E-04  2.30E-04 0.54011
 6600.00 1.515151    6.53E-16 2.84E-12 1.06E-15 3.18E-08 1.39E-04 8.46E-09 7.34E-08 3.20E-04 3.48E-08 1.05E-07 4.58E-04  2.31E-04 0.53534
 6610.00 1.512859    6.29E-16 2.75E-12 1.01E-15 3.13E-08 1.37E-04 8.42E-09 7.21E-08 3.15E-04 3.43E-08 1.03E-07 4.52E-04  2.32E-04 0.53260
 6620.00 1.510574    6.08E-16 2.66E-12 9.41E-16 3.05E-08 1.34E-04 8.27E-09 6.99E-08 3.07E-04 3.31E-08 1.00E-07 4.40E-04  2.33E-04 0.52075
 6630.00 1.508296    5.97E-16 2.62E-12 8.67E-16 2.88E-08 1.27E-04 7.91E-09 6.51E-08 2.86E-04 3.07E-08 9.39E-08 4.13E-04  2.34E-04 0.50165
 6640.00 1.506024    6.07E-16 2.67E-12 7.76E-16 2.43E-08 1.07E-04 7.19E-09 5.41E-08 2.38E-04 2.58E-08 7.84E-08 3.46E-04  2.34E-04 0.46805
 6650.00 1.503759    6.18E-16 2.73E-12 6.91E-16 2.00E-08 8.86E-05 6.64E-09 4.37E-08 1.93E-04 2.15E-08 6.37E-08 2.82E-04  2.35E-04 0.43730
 6660.00 1.501502    5.86E-16 2.60E-12 6.82E-16 2.11E-08 9.36E-05 6.98E-09 4.63E-08 2.05E-04 2.27E-08 6.74E-08 2.99E-04  2.36E-04 0.45209
 6670.00 1.499250    5.58E-16 2.48E-12 6.49E-16 2.12E-08 9.45E-05 7.00E-09 4.61E-08 2.05E-04 2.22E-08 6.73E-08 3.00E-04  2.36E-04 0.44731
 6680.00 1.497006    5.66E-16 2.53E-12 5.52E-16 1.71E-08 7.63E-05 6.25E-09 3.52E-08 1.57E-04 1.71E-08 5.23E-08 2.33E-04  2.37E-04 0.39753
 6690.00 1.494768    5.77E-16 2.58E-12 4.63E-16 1.30E-08 5.81E-05 5.53E-09 2.46E-08 1.10E-04 1.24E-08 3.76E-08 1.68E-04  2.37E-04 0.34863
 6700.00 1.492537    5.68E-16 2.55E-12 4.07E-16 1.10E-08 4.93E-05 5.16E-09 1.95E-08 8.73E-05 9.93E-09 3.04E-08 1.37E-04  2.38E-04 0.32111
 6710.00 1.490313    5.45E-16 2.45E-12 3.50E-16 9.76E-09 4.40E-05 4.73E-09 1.62E-08 7.32E-05 8.09E-09 2.60E-08 1.17E-04  2.38E-04 0.28744
 6720.00 1.488095    5.31E-16 2.40E-12 2.53E-16 6.93E-09 3.13E-05 3.85E-09 8.99E-09 4.06E-05 4.41E-09 1.59E-08 7.19E-05  2.38E-04 0.21584
 6730.00 1.485884    5.18E-16 2.35E-12 1.98E-16 5.26E-09 2.38E-05 3.44E-09 4.44E-09 2.01E-05 2.21E-09 9.70E-09 4.39E-05  2.38E-04 0.17873
 6740.00 1.483680    4.89E-16 2.22E-12 1.91E-16 5.28E-09 2.40E-05 3.49E-09 4.32E-09 1.96E-05 2.14E-09 9.60E-09 4.36E-05  2.38E-04 0.18059
 6750.00 1.481481    4.50E-16 2.05E-12 1.60E-16 4.82E-09 2.19E-05 3.29E-09 3.36E-09 1.53E-05 1.59E-09 8.18E-09 3.72E-05  2.38E-04 0.15677
 6760.00 1.479290    4.18E-16 1.91E-12 1.20E-16 4.17E-09 1.91E-05 3.01E-09 2.02E-09 9.21E-06 8.85E-10 6.19E-09 2.83E-05  2.38E-04 0.12295
 6770.00 1.477105    4.03E-16 1.85E-12 1.17E-16 4.45E-09 2.04E-05 3.09E-09 2.58E-09 1.18E-05 1.10E-09 7.03E-09 3.22E-05  2.38E-04 0.12708
 6780.00 1.474926    3.86E-16 1.77E-12 1.24E-16 4.88E-09 2.25E-05 3.23E-09 3.48E-09 1.60E-05 1.49E-09 8.36E-09 3.84E-05  2.39E-04 0.13918
 6790.00 1.472754    3.37E-16 1.55E-12 8.34E-17 4.02E-09 1.85E-05 2.88E-09 1.92E-09 8.86E-06 8.21E-10 5.94E-09 2.74E-05  2.39E-04 0.09637
 6800.00 1.470588    3.02E-16 1.40E-12 5.16E-17 3.33E-09 1.54E-05 2.65E-09 4.92E-10 2.28E-06 2.11E-10 3.82E-09 1.77E-05  2.39E-04 0.06372
 6810.00 1.468429    3.08E-16 1.43E-12 5.89E-17 3.61E-09 1.67E-05 2.81E-09 6.79E-10 3.15E-06 2.92E-10 4.29E-09 1.99E-05  2.39E-04 0.07643
 6820.00 1.466276    3.05E-16 1.42E-12 7.69E-17 4.31E-09 2.01E-05 3.09E-09 1.80E-09 8.36E-06 7.49E-10 6.11E-09 2.84E-05  2.39E-04 0.10471
 6830.00 1.464129    3.00E-16 1.40E-12 9.80E-17 5.06E-09 2.36E-05 3.41E-09 2.98E-09 1.39E-05 1.26E-09 8.03E-09 3.75E-05  2.39E-04 0.13861
 6840.00 1.461988    3.02E-16 1.41E-12 1.01E-16 5.19E-09 2.43E-05 3.55E-09 2.95E-09 1.38E-05 1.34E-09 8.14E-09 3.81E-05  2.39E-04 0.14882
 6850.00 1.459854    3.00E-16 1.41E-12 1.04E-16 5.48E-09 2.57E-05 3.73E-09 3.25E-09 1.53E-05 1.54E-09 8.73E-09 4.10E-05  2.39E-04 0.16186
 6860.00 1.457726    2.93E-16 1.38E-12 1.03E-16 5.62E-09 2.64E-05 3.80E-09 3.27E-09 1.54E-05 1.53E-09 8.89E-09 4.18E-05  2.39E-04 0.16601
 6870.00 1.455604    2.77E-16 1.31E-12 8.44E-17 5.09E-09 2.40E-05 3.59E-09 2.21E-09 1.04E-05 1.00E-09 7.31E-09 3.45E-05  2.39E-04 0.14109
 6880.00 1.453488    2.43E-16 1.15E-12 6.27E-17 4.54E-09 2.15E-05 3.32E-09 1.39E-09 6.60E-06 5.97E-10 5.94E-09 2.81E-05  2.39E-04 0.10912
 6890.00 1.451379    2.03E-16 9.64E-13 4.26E-17 4.08E-09 1.94E-05 3.09E-09 7.82E-10 3.71E-06 3.24E-10 4.87E-09 2.31E-05  2.39E-04 0.07757
 6900.00 1.449275    1.94E-16 9.22E-13 3.75E-17 4.08E-09 1.94E-05 3.12E-09 6.05E-10 2.88E-06 2.52E-10 4.68E-09 2.23E-05  2.39E-04 0.07267
 6910.00 1.447178    1.88E-16 8.97E-13 3.43E-17 4.11E-09 1.96E-05 3.14E-09 5.67E-10 2.71E-06 2.34E-10 4.67E-09 2.23E-05  2.39E-04 0.06845
 6920.00 1.445087    1.71E-16 8.18E-13 2.42E-17 3.85E-09 1.84E-05 3.01E-09 2.65E-10 1.27E-06 1.03E-10 4.11E-09 1.97E-05  2.39E-04 0.05054
 6930.00 1.443002    1.62E-16 7.78E-13 1.94E-17 3.73E-09 1.79E-05 2.97E-09 1.19E-10 5.72E-07 4.13E-11 3.85E-09 1.85E-05  2.39E-04 0.04259
 6940.00 1.440922    1.51E-16 7.27E-13 1.65E-17 3.71E-09 1.78E-05 2.96E-09 9.39E-11 4.52E-07 3.27E-11 3.80E-09 1.83E-05  2.40E-04 0.03761
 6950.00 1.438849    1.35E-16 6.54E-13 1.38E-17 3.70E-09 1.79E-05 2.94E-09 7.78E-11 3.76E-07 2.69E-11 3.78E-09 1.83E-05  2.40E-04 0.03305
 6960.00 1.436782    1.25E-16 6.05E-13 1.19E-17 3.77E-09 1.83E-05 2.97E-09 6.49E-11 3.14E-07 2.03E-11 3.83E-09 1.86E-05  2.40E-04 0.03001
 6970.00 1.434720    1.14E-16 5.56E-13 1.03E-17 3.78E-09 1.83E-05 2.98E-09 5.96E-11 2.90E-07 1.71E-11 3.83E-09 1.86E-05  2.40E-04 0.02707
 6980.00 1.432665    1.07E-16 5.20E-13 1.23E-17 3.86E-09 1.88E-05 3.02E-09 1.59E-10 7.73E-07 4.68E-11 4.01E-09 1.96E-05  2.40E-04 0.03405
 6990.00 1.430615    1.06E-16 5.18E-13 1.47E-17 4.23E-09 2.07E-05 3.22E-09 2.53E-10 1.24E-06 7.54E-11 4.49E-09 2.19E-05  2.40E-04 0.04212

                                             RADIANCE(WATTS/CM2-STER-XXX)

  FREQ  WAVELENGTH     PATH_THERMAL    SURFACE      PATH_SCATTERED_SOLAR   GROUND_REFLECTED_RADIANCE   TOTAL_RADIANCE   INTEGRAL    TOTAL
                                       EMISSION     TOTAL RAD      SINGLE        TOTAL        DIRECT                                TRANS
 (CM-1) (MICRON)       (CM-1)  (MICRN)   (CM-1)   (CM-1)  (MICRN)   (CM-1)   (CM-1)  (MICRN)   (CM-1)   (CM-1)  (MICRN)

 7000.00 1.428571    1.02E-16 4.99E-13 1.15E-17 4.56E-09 2.23E-05 3.40E-09 1.60E-10 7.83E-07 4.90E-11 4.72E-09 2.31E-05  2.40E-04 0.03404
 7010.00 1.426533    9.79E-17 4.81E-13 8.22E-18 4.68E-09 2.30E-05 3.46E-09 5.45E-11 2.68E-07 1.82E-11 4.73E-09 2.32E-05  2.40E-04 0.02573
 7020.00 1.424501    9.30E-17 4.58E-13 6.63E-18 4.71E-09 2.32E-05 3.48E-09 2.93E-11 1.44E-07 9.18E-12 4.74E-09 2.34E-05  2.40E-04 0.02162
 7030.00 1.422475    8.07E-17 3.99E-13 4.41E-18 4.69E-09 2.32E-05 3.47E-09 1.34E-11 6.64E-08 3.48E-12 4.71E-09 2.33E-05  2.40E-04 0.01501
 7040.00 1.420455    6.46E-17 3.20E-13 2.33E-18 4.66E-09 2.31E-05 3.43E-09 5.82E-12 2.88E-08 1.43E-12 4.67E-09 2.31E-05  2.40E-04 0.00817
 7050.00 1.418440    5.81E-17 2.89E-13 1.50E-18 4.72E-09 2.35E-05 3.46E-09 1.97E-12 9.82E-09 3.36E-13 4.72E-09 2.35E-05  2.40E-04 0.00568
 7060.00 1.416430    5.57E-17 2.78E-13 1.75E-18 4.78E-09 2.38E-05 3.48E-09 2.98E-12 1.49E-08 5.17E-13 4.78E-09 2.38E-05  2.40E-04 0.00691
 7070.00 1.414427    4.68E-17 2.34E-13 1.33E-18 4.73E-09 2.36E-05 3.42E-09 2.00E-12 1.00E-08 2.96E-13 4.73E-09 2.37E-05  2.40E-04 0.00541
 7080.00 1.412429    4.12E-17 2.07E-13 8.14E-19 4.71E-09 2.36E-05 3.43E-09 7.80E-13 3.91E-09 4.84E-14 4.71E-09 2.36E-05  2.40E-04 0.00345
 7090.00 1.410437    3.35E-17 1.68E-13 3.79E-19 4.66E-09 2.34E-05 3.40E-09 3.12E-13 1.57E-09 1.62E-14 4.66E-09 2.34E-05  2.40E-04 0.00163
 7100.00 1.408451    2.58E-17 1.30E-13 6.69E-20 4.56E-09 2.30E-05 3.31E-09 2.56E-15 1.29E-11 2.71E-17 4.56E-09 2.30E-05  2.40E-04 0.00031
 7110.00 1.406470    2.24E-17 1.13E-13 4.37E-20 4.49E-09 2.27E-05 3.25E-09 7.64E-16 3.86E-12 4.96E-19 4.49E-09 2.27E-05  2.40E-04 0.00021
 7120.00 1.404494    2.10E-17 1.06E-13 5.11E-20 4.50E-09 2.28E-05 3.27E-09 2.46E-15 1.25E-11 5.16E-18 4.50E-09 2.28E-05  2.40E-04 0.00027
 7130.00 1.402525    1.92E-17 9.76E-14 6.41E-20 4.40E-09 2.23E-05 3.23E-09 4.33E-15 2.20E-11 9.95E-18 4.40E-09 2.23E-05  2.40E-04 0.00034
 7140.00 1.400560    1.58E-17 8.03E-14 3.94E-20 4.26E-09 2.17E-05 3.16E-09 2.37E-15 1.21E-11 5.24E-18 4.26E-09 2.17E-05  2.40E-04 0.00022
 7150.00 1.398601    1.56E-17 7.98E-14 2.01E-20 4.32E-09 2.21E-05 3.23E-09 3.95E-16 2.02E-12 2.95E-19 4.32E-09 2.21E-05  2.40E-04 0.00012
 7160.00 1.396648    1.33E-17 6.80E-14 1.51E-20 4.28E-09 2.19E-05 3.17E-09 2.67E-16 1.37E-12 1.00E-19 4.28E-09 2.19E-05  2.40E-04 0.00009
 7170.00 1.394700    1.01E-17 5.18E-14 5.24E-21 4.12E-09 2.12E-05 3.08E-09 8.03E-17 4.13E-13 2.91E-20 4.12E-09 2.12E-05  2.41E-04 0.00003
 7180.00 1.392758    1.22E-17 6.31E-14 5.54E-21 4.18E-09 2.15E-05 3.20E-09 2.99E-17 1.54E-13 2.86E-21 4.18E-09 2.15E-05  2.41E-04 0.00004
 7190.00 1.390821    1.48E-17 7.64E-14 9.41E-21 4.37E-09 2.26E-05 3.35E-09 5.50E-17 2.84E-13 5.07E-21 4.37E-09 2.26E-05  2.41E-04 0.00007
 7200.00 1.388889    1.33E-17 6.88E-14 7.22E-21 4.38E-09 2.27E-05 3.34E-09 4.29E-17 2.23E-13 3.65E-21 4.38E-09 2.27E-05  2.41E-04 0.00005
 7210.00 1.386962    9.18E-18 4.77E-14 2.31E-21 4.28E-09 2.23E-05 3.23E-09 1.22E-17 6.34E-14 9.19E-22 4.28E-09 2.23E-05  2.41E-04 0.00002
 7220.00 1.385042    5.56E-18 2.90E-14 2.14E-22 4.02E-09 2.10E-05 3.01E-09 7.01E-20 3.66E-16 0.00E+00 4.02E-09 2.10E-05  2.41E-04 0.00000
 7230.00 1.383126    3.70E-18 1.93E-14 1.73E-23 3.62E-09 1.89E-05 2.77E-09 2.81E-21 1.47E-17 0.00E+00 3.62E-09 1.89E-05  2.41E-04 0.00000
 7240.00 1.381215    4.51E-18 2.37E-14 5.82E-22 3.64E-09 1.91E-05 2.82E-09 4.99E-18 2.62E-14 3.73E-22 3.64E-09 1.91E-05  2.41E-04 0.00001
 7250.00 1.379310    7.29E-18 3.83E-14 3.17E-21 4.06E-09 2.14E-05 3.07E-09 3.11E-17 1.63E-13 2.30E-21 4.06E-09 2.14E-05  2.41E-04 0.00003
 7260.00 1.377410    9.19E-18 4.84E-14 5.44E-21 4.39E-09 2.32E-05 3.25E-09 4.98E-17 2.63E-13 3.57E-21 4.39E-09 2.32E-05  2.41E-04 0.00005
 7270.00 1.375516    8.60E-18 4.55E-14 3.76E-21 4.52E-09 2.39E-05 3.30E-09 2.66E-17 1.41E-13 1.75E-21 4.52E-09 2.39E-05  2.41E-04 0.00004
 7280.00 1.373626    6.32E-18 3.35E-14 1.03E-21 4.42E-09 2.34E-05 3.22E-09 2.92E-18 1.55E-14 1.02E-22 4.42E-09 2.34E-05  2.41E-04 0.00001
 7290.00 1.371742    4.05E-18 2.15E-14 1.20E-22 4.13E-09 2.20E-05 3.07E-09 1.07E-19 5.67E-16 2.85E-24 4.13E-09 2.20E-05  2.41E-04 0.00000
 7300.00 1.369863    2.96E-18 1.58E-14 2.20E-24 3.95E-09 2.11E-05 2.97E-09 2.59E-23 1.38E-19 0.00E+00 3.95E-09 2.11E-05  2.41E-04 0.00000
 7310.00 1.367989    2.82E-18 1.51E-14 3.10E-24 3.94E-09 2.11E-05 2.94E-09 9.20E-24 4.92E-20 0.00E+00 3.94E-09 2.11E-05  2.41E-04 0.00000
 7320.00 1.366120    3.01E-18 1.61E-14 6.20E-24 3.95E-09 2.12E-05 2.96E-09 2.23E-23 1.20E-19 0.00E+00 3.95E-09 2.12E-05  2.41E-04 0.00000
 7330.00 1.364257    2.64E-18 1.42E-14 6.06E-24 3.80E-09 2.04E-05 2.89E-09 2.81E-23 1.51E-19 0.00E+00 3.80E-09 2.04E-05  2.41E-04 0.00000
 7340.00 1.362398    2.09E-18 1.12E-14 3.80E-24 3.72E-09 2.00E-05 2.84E-09 2.09E-23 1.13E-19 0.00E+00 3.72E-09 2.00E-05  2.41E-04 0.00000
 7350.00 1.360544    2.29E-18 1.24E-14 2.16E-24 4.04E-09 2.18E-05 3.01E-09 9.15E-24 4.94E-20 0.00E+00 4.04E-09 2.18E-05  2.41E-04 0.00000
 7360.00 1.358696    3.12E-18 1.69E-14 5.75E-23 4.41E-09 2.39E-05 3.21E-09 2.18E-20 1.18E-16 0.00E+00 4.41E-09 2.39E-05  2.41E-04 0.00000
 7370.00 1.356852    3.78E-18 2.05E-14 2.40E-22 4.58E-09 2.49E-05 3.29E-09 7.05E-19 3.83E-15 0.00E+00 4.58E-09 2.49E-05  2.41E-04 0.00000
 7380.00 1.355014    4.50E-18 2.45E-14 2.80E-21 4.72E-09 2.57E-05 3.37E-09 2.52E-16 1.37E-12 6.28E-19 4.72E-09 2.57E-05  2.41E-04 0.00005
 7390.00 1.353180    6.49E-18 3.54E-14 2.09E-20 4.95E-09 2.70E-05 3.57E-09 4.65E-14 2.54E-10 2.72E-15 4.95E-09 2.70E-05  2.41E-04 0.00038
 7400.00 1.351351    9.80E-18 5.37E-14 1.74E-19 5.22E-09 2.86E-05 3.79E-09 1.24E-12 6.79E-09 1.24E-13 5.22E-09 2.86E-05  2.41E-04 0.00326
 7410.00 1.349528    1.30E-17 7.13E-14 5.45E-19 5.49E-09 3.01E-05 3.95E-09 9.68E-12 5.32E-08 2.13E-12 5.50E-09 3.02E-05  2.42E-04 0.01055
 7420.00 1.347709    1.58E-17 8.69E-14 1.46E-18 5.90E-09 3.25E-05 4.18E-09 1.30E-10 7.18E-07 4.23E-11 6.03E-09 3.32E-05  2.42E-04 0.02959
 7430.00 1.345895    1.86E-17 1.03E-13 3.07E-18 6.71E-09 3.70E-05 4.59E-09 6.78E-10 3.74E-06 2.48E-10 7.39E-09 4.08E-05  2.42E-04 0.06441
 7440.00 1.344086    2.04E-17 1.13E-13 5.64E-18 8.53E-09 4.72E-05 5.25E-09 2.72E-09 1.50E-05 1.05E-09 1.12E-08 6.22E-05  2.42E-04 0.12367
 7450.00 1.342282    2.12E-17 1.17E-13 8.16E-18 1.08E-08 6.00E-05 5.91E-09 5.70E-09 3.16E-05 2.20E-09 1.65E-08 9.16E-05  2.42E-04 0.18517
 7460.00 1.340482    2.04E-17 1.14E-13 9.04E-18 1.24E-08 6.90E-05 6.22E-09 8.19E-09 4.56E-05 3.10E-09 2.06E-08 1.15E-04  2.42E-04 0.21327
 7470.00 1.338688    1.92E-17 1.07E-13 9.32E-18 1.38E-08 7.70E-05 6.44E-09 1.05E-08 5.86E-05 3.95E-09 2.43E-08 1.36E-04  2.42E-04 0.23002
 7480.00 1.336898    1.81E-17 1.01E-13 9.63E-18 1.53E-08 8.54E-05 6.74E-09 1.29E-08 7.19E-05 4.86E-09 2.81E-08 1.57E-04  2.43E-04 0.24842
 7490.00 1.335114    1.70E-17 9.55E-14 9.38E-18 1.55E-08 8.70E-05 6.82E-09 1.34E-08 7.50E-05 5.18E-09 2.89E-08 1.62E-04  2.43E-04 0.25250

                                             RADIANCE(WATTS/CM2-STER-XXX)

  FREQ  WAVELENGTH     PATH_THERMAL    SURFACE      PATH_SCATTERED_SOLAR   GROUND_REFLECTED_RADIANCE   TOTAL_RADIANCE   INTEGRAL    TOTAL
                                       EMISSION     TOTAL RAD      SINGLE        TOTAL        DIRECT                                TRANS
 (CM-1) (MICRON)       (CM-1)  (MICRN)   (CM-1)   (CM-1)  (MICRN)   (CM-1)   (CM-1)  (MICRN)   (CM-1)   (CM-1)  (MICRN)

 7500.00 1.333333    1.63E-17 9.17E-14 8.10E-18 1.34E-08 7.54E-05 6.45E-09 1.02E-08 5.72E-05 4.15E-09 2.36E-08 1.33E-04  2.43E-04 0.22693
 7510.00 1.331558    1.57E-17 8.85E-14 7.21E-18 1.22E-08 6.88E-05 6.22E-09 8.31E-09 4.69E-05 3.51E-09 2.05E-08 1.16E-04  2.43E-04 0.21287
 7520.00 1.329787    1.51E-17 8.54E-14 8.13E-18 1.52E-08 8.60E-05 6.79E-09 1.30E-08 7.34E-05 5.26E-09 2.82E-08 1.59E-04  2.44E-04 0.25215
 7530.00 1.328021    1.41E-17 8.01E-14 9.72E-18 2.17E-08 1.23E-04 7.83E-09 2.32E-08 1.31E-04 9.04E-09 4.49E-08 2.54E-04  2.44E-04 0.31528
 7540.00 1.326260    1.31E-17 7.43E-14 1.09E-17 2.86E-08 1.63E-04 8.83E-09 3.41E-08 1.94E-04 1.31E-08 6.27E-08 3.57E-04  2.45E-04 0.36864
 7550.00 1.324503    1.24E-17 7.09E-14 1.08E-17 3.06E-08 1.75E-04 9.16E-09 3.72E-08 2.12E-04 1.44E-08 6.78E-08 3.87E-04  2.45E-04 0.38198
 7560.00 1.322751    1.19E-17 6.81E-14 1.02E-17 3.00E-08 1.72E-04 9.10E-09 3.63E-08 2.07E-04 1.43E-08 6.63E-08 3.79E-04  2.46E-04 0.37783
 7570.00 1.321004    1.12E-17 6.41E-14 9.93E-18 3.14E-08 1.80E-04 9.21E-09 3.83E-08 2.20E-04 1.49E-08 6.97E-08 4.00E-04  2.47E-04 0.38339
 7580.00 1.319261    1.04E-17 5.96E-14 9.91E-18 3.56E-08 2.05E-04 9.62E-09 4.46E-08 2.56E-04 1.69E-08 8.02E-08 4.61E-04  2.48E-04 0.40069
 7590.00 1.317523    9.64E-18 5.55E-14 1.02E-17 4.09E-08 2.36E-04 1.02E-08 5.27E-08 3.04E-04 1.98E-08 9.36E-08 5.39E-04  2.49E-04 0.43112
 7600.00 1.315789    9.39E-18 5.42E-14 9.67E-18 3.81E-08 2.20E-04 9.99E-09 4.88E-08 2.82E-04 1.87E-08 8.69E-08 5.02E-04  2.49E-04 0.42608
 7610.00 1.314060    9.19E-18 5.32E-14 8.92E-18 3.50E-08 2.03E-04 9.72E-09 4.40E-08 2.55E-04 1.72E-08 7.90E-08 4.58E-04  2.50E-04 0.41234
 7620.00 1.312336    8.55E-18 4.97E-14 8.99E-18 4.06E-08 2.36E-04 1.03E-08 5.19E-08 3.02E-04 1.98E-08 9.25E-08 5.37E-04  2.51E-04 0.43546
 7630.00 1.310616    7.91E-18 4.60E-14 9.10E-18 4.63E-08 2.69E-04 1.09E-08 6.02E-08 3.51E-04 2.25E-08 1.07E-07 6.20E-04  2.52E-04 0.46044
 7640.00 1.308900    7.43E-18 4.34E-14 8.94E-18 4.93E-08 2.88E-04 1.12E-08 6.44E-08 3.76E-04 2.39E-08 1.14E-07 6.64E-04  2.53E-04 0.47247
 7650.00 1.307189    6.99E-18 4.09E-14 8.68E-18 5.25E-08 3.07E-04 1.15E-08 6.88E-08 4.02E-04 2.53E-08 1.21E-07 7.10E-04  2.55E-04 0.48005
 7660.00 1.305483    6.58E-18 3.86E-14 8.40E-18 5.54E-08 3.25E-04 1.17E-08 7.27E-08 4.26E-04 2.66E-08 1.28E-07 7.51E-04  2.56E-04 0.48596
 7670.00 1.303781    6.20E-18 3.65E-14 8.19E-18 5.80E-08 3.41E-04 1.19E-08 7.62E-08 4.48E-04 2.78E-08 1.34E-07 7.90E-04  2.57E-04 0.49596
 7680.00 1.302083    5.80E-18 3.42E-14 8.11E-18 6.17E-08 3.64E-04 1.23E-08 8.16E-08 4.81E-04 2.97E-08 1.43E-07 8.45E-04  2.59E-04 0.51392
 7690.00 1.300390    5.41E-18 3.20E-14 7.99E-18 6.58E-08 3.89E-04 1.27E-08 8.73E-08 5.16E-04 3.17E-08 1.53E-07 9.05E-04  2.60E-04 0.52944
 7700.00 1.298701    5.07E-18 3.01E-14 7.76E-18 6.83E-08 4.05E-04 1.29E-08 9.08E-08 5.38E-04 3.27E-08 1.59E-07 9.43E-04  2.62E-04 0.53767
 7710.00 1.297017    4.86E-18 2.89E-14 7.42E-18 6.70E-08 3.98E-04 1.29E-08 8.93E-08 5.31E-04 3.22E-08 1.56E-07 9.29E-04  2.63E-04 0.53727
 7720.00 1.295337    4.56E-18 2.72E-14 7.21E-18 7.03E-08 4.19E-04 1.31E-08 9.35E-08 5.57E-04 3.33E-08 1.64E-07 9.76E-04  2.65E-04 0.54711
 7730.00 1.293661    4.17E-18 2.49E-14 7.11E-18 7.70E-08 4.60E-04 1.35E-08 1.02E-07 6.09E-04 3.57E-08 1.79E-07 1.07E-03  2.67E-04 0.56377
 7740.00 1.291990    3.91E-18 2.34E-14 6.87E-18 7.96E-08 4.77E-04 1.37E-08 1.05E-07 6.29E-04 3.65E-08 1.85E-07 1.11E-03  2.69E-04 0.56941
 7750.00 1.290323    3.70E-18 2.22E-14 6.59E-18 8.06E-08 4.84E-04 1.37E-08 1.06E-07 6.38E-04 3.68E-08 1.87E-07 1.12E-03  2.70E-04 0.57181
 7760.00 1.288660    3.53E-18 2.13E-14 6.31E-18 8.09E-08 4.87E-04 1.38E-08 1.07E-07 6.42E-04 3.70E-08 1.88E-07 1.13E-03  2.72E-04 0.57230
 7770.00 1.287001    3.31E-18 2.00E-14 6.09E-18 8.43E-08 5.09E-04 1.39E-08 1.11E-07 6.68E-04 3.80E-08 1.95E-07 1.18E-03  2.74E-04 0.57850
 7780.00 1.285347    3.08E-18 1.86E-14 5.90E-18 8.70E-08 5.27E-04 1.40E-08 1.14E-07 6.88E-04 3.86E-08 2.01E-07 1.22E-03  2.76E-04 0.58549
 7790.00 1.283697    2.93E-18 1.78E-14 5.64E-18 8.44E-08 5.12E-04 1.35E-08 1.10E-07 6.68E-04 3.73E-08 1.95E-07 1.18E-03  2.78E-04 0.58553
 7800.00 1.282051    2.81E-18 1.71E-14 5.36E-18 8.06E-08 4.91E-04 1.31E-08 1.05E-07 6.41E-04 3.57E-08 1.86E-07 1.13E-03  2.80E-04 0.58159
 7810.00 1.280410    2.71E-18 1.66E-14 5.06E-18 7.94E-08 4.84E-04 1.33E-08 1.04E-07 6.35E-04 3.54E-08 1.84E-07 1.12E-03  2.82E-04 0.57491
 7820.00 1.278772    2.60E-18 1.59E-14 4.79E-18 7.91E-08 4.84E-04 1.35E-08 1.04E-07 6.37E-04 3.55E-08 1.83E-07 1.12E-03  2.84E-04 0.56911
 7830.00 1.277139    2.47E-18 1.51E-14 4.54E-18 7.76E-08 4.76E-04 1.34E-08 1.02E-07 6.28E-04 3.50E-08 1.80E-07 1.10E-03  2.86E-04 0.56446
 7840.00 1.275510    2.35E-18 1.44E-14 4.30E-18 7.48E-08 4.59E-04 1.31E-08 9.91E-08 6.09E-04 3.40E-08 1.74E-07 1.07E-03  2.87E-04 0.55907
 7850.00 1.273885    2.25E-18 1.39E-14 4.06E-18 7.09E-08 4.37E-04 1.28E-08 9.45E-08 5.82E-04 3.26E-08 1.65E-07 1.02E-03  2.89E-04 0.55180
 7860.00 1.272265    2.17E-18 1.34E-14 3.81E-18 6.67E-08 4.12E-04 1.25E-08 8.92E-08 5.51E-04 3.09E-08 1.56E-07 9.63E-04  2.90E-04 0.54277
 7870.00 1.270648    2.06E-18 1.28E-14 3.44E-18 5.67E-08 3.51E-04 1.14E-08 7.62E-08 4.72E-04 2.68E-08 1.33E-07 8.23E-04  2.92E-04 0.51157
 7880.00 1.269035    1.95E-18 1.21E-14 3.09E-18 4.75E-08 2.95E-04 1.03E-08 6.41E-08 3.98E-04 2.31E-08 1.12E-07 6.93E-04  2.93E-04 0.48036
 7890.00 1.267427    1.87E-18 1.17E-14 3.03E-18 5.14E-08 3.20E-04 1.08E-08 6.91E-08 4.30E-04 2.45E-08 1.21E-07 7.50E-04  2.94E-04 0.49490
 7900.00 1.265823    1.81E-18 1.13E-14 3.02E-18 5.65E-08 3.53E-04 1.15E-08 7.59E-08 4.74E-04 2.67E-08 1.32E-07 8.26E-04  2.95E-04 0.51466
 7910.00 1.264222    1.73E-18 1.08E-14 2.90E-18 5.76E-08 3.60E-04 1.17E-08 7.72E-08 4.83E-04 2.72E-08 1.35E-07 8.43E-04  2.97E-04 0.51797
 7920.00 1.262626    1.66E-18 1.04E-14 2.83E-18 6.21E-08 3.90E-04 1.21E-08 8.26E-08 5.18E-04 2.87E-08 1.45E-07 9.08E-04  2.98E-04 0.52879
 7930.00 1.261034    1.58E-18 9.96E-15 2.79E-18 6.93E-08 4.36E-04 1.27E-08 9.09E-08 5.71E-04 3.10E-08 1.60E-07 1.01E-03  3.00E-04 0.54414
 7940.00 1.259446    1.51E-18 9.50E-15 2.73E-18 7.63E-08 4.81E-04 1.33E-08 9.86E-08 6.21E-04 3.30E-08 1.75E-07 1.10E-03  3.02E-04 0.55696
 7950.00 1.257862    1.44E-18 9.07E-15 2.65E-18 8.16E-08 5.16E-04 1.37E-08 1.04E-07 6.59E-04 3.46E-08 1.86E-07 1.17E-03  3.03E-04 0.56553
 7960.00 1.256281    1.37E-18 8.68E-15 2.55E-18 8.49E-08 5.38E-04 1.39E-08 1.08E-07 6.82E-04 3.55E-08 1.93E-07 1.22E-03  3.05E-04 0.57020
 7970.00 1.254705    1.31E-18 8.31E-15 2.45E-18 8.74E-08 5.55E-04 1.41E-08 1.10E-07 6.99E-04 3.62E-08 1.97E-07 1.25E-03  3.07E-04 0.57330
 7980.00 1.253133    1.25E-18 7.96E-15 2.35E-18 8.96E-08 5.70E-04 1.43E-08 1.12E-07 7.14E-04 3.67E-08 2.02E-07 1.28E-03  3.09E-04 0.57619
 7990.00 1.251565    1.19E-18 7.62E-15 2.26E-18 9.17E-08 5.85E-04 1.45E-08 1.14E-07 7.29E-04 3.73E-08 2.06E-07 1.31E-03  3.11E-04 0.57855

                                             RADIANCE(WATTS/CM2-STER-XXX)

  FREQ  WAVELENGTH     PATH_THERMAL    SURFACE      PATH_SCATTERED_SOLAR   GROUND_REFLECTED_RADIANCE   TOTAL_RADIANCE   INTEGRAL    TOTAL
                                       EMISSION     TOTAL RAD      SINGLE        TOTAL        DIRECT                                TRANS
 (CM-1) (MICRON)       (CM-1)  (MICRN)   (CM-1)   (CM-1)  (MICRN)   (CM-1)   (CM-1)  (MICRN)   (CM-1)   (CM-1)  (MICRN)

 8000.00 1.250000    1.14E-18 7.31E-15 2.17E-18 9.36E-08 5.99E-04 1.46E-08 1.16E-07 7.42E-04 3.77E-08 2.09E-07 1.34E-03  3.14E-04 0.58007
 8010.00 1.248439    1.09E-18 7.01E-15 2.07E-18 9.48E-08 6.08E-04 1.47E-08 1.17E-07 7.50E-04 3.80E-08 2.12E-07 1.36E-03  3.16E-04 0.58098
 8020.00 1.246883    1.04E-18 6.71E-15 1.99E-18 9.60E-08 6.17E-04 1.48E-08 1.18E-07 7.58E-04 3.82E-08 2.14E-07 1.38E-03  3.18E-04 0.58210
 8030.00 1.245330    9.96E-19 6.42E-15 1.90E-18 9.69E-08 6.25E-04 1.49E-08 1.19E-07 7.64E-04 3.83E-08 2.16E-07 1.39E-03  3.20E-04 0.58301
 8040.00 1.243781    9.53E-19 6.16E-15 1.82E-18 9.74E-08 6.29E-04 1.49E-08 1.19E-07 7.67E-04 3.83E-08 2.16E-07 1.40E-03  3.22E-04 0.58329
 8050.00 1.242236    9.14E-19 5.92E-15 1.74E-18 9.75E-08 6.32E-04 1.49E-08 1.18E-07 7.68E-04 3.82E-08 2.16E-07 1.40E-03  3.24E-04 0.58264
 8060.00 1.240695    8.77E-19 5.70E-15 1.66E-18 9.77E-08 6.34E-04 1.50E-08 1.18E-07 7.69E-04 3.81E-08 2.16E-07 1.40E-03  3.26E-04 0.58182
 8070.00 1.239157    8.40E-19 5.47E-15 1.58E-18 9.82E-08 6.39E-04 1.50E-08 1.19E-07 7.72E-04 3.81E-08 2.17E-07 1.41E-03  3.29E-04 0.58157
 8080.00 1.237624    8.06E-19 5.26E-15 1.51E-18 9.81E-08 6.41E-04 1.51E-08 1.18E-07 7.72E-04 3.80E-08 2.16E-07 1.41E-03  3.31E-04 0.58030
 8090.00 1.236094    7.74E-19 5.07E-15 1.44E-18 9.78E-08 6.40E-04 1.51E-08 1.18E-07 7.70E-04 3.77E-08 2.15E-07 1.41E-03  3.33E-04 0.57904
 8100.00 1.234568    7.48E-19 4.91E-15 1.37E-18 9.59E-08 6.29E-04 1.49E-08 1.15E-07 7.56E-04 3.70E-08 2.11E-07 1.38E-03  3.35E-04 0.57563
 8110.00 1.233046    7.25E-19 4.77E-15 1.30E-18 9.35E-08 6.15E-04 1.48E-08 1.12E-07 7.38E-04 3.61E-08 2.06E-07 1.35E-03  3.37E-04 0.57129
 8120.00 1.231527    6.96E-19 4.59E-15 1.24E-18 9.33E-08 6.15E-04 1.48E-08 1.12E-07 7.36E-04 3.59E-08 2.05E-07 1.35E-03  3.39E-04 0.56991
 8130.00 1.230012    6.71E-19 4.43E-15 1.18E-18 9.23E-08 6.10E-04 1.48E-08 1.10E-07 7.29E-04 3.55E-08 2.03E-07 1.34E-03  3.41E-04 0.56692
 8140.00 1.228501    6.54E-19 4.33E-15 1.11E-18 8.82E-08 5.85E-04 1.45E-08 1.05E-07 6.98E-04 3.40E-08 1.94E-07 1.28E-03  3.43E-04 0.55902
 8150.00 1.226994    6.37E-19 4.23E-15 1.05E-18 8.44E-08 5.61E-04 1.43E-08 1.01E-07 6.69E-04 3.27E-08 1.85E-07 1.23E-03  3.45E-04 0.55142
 8160.00 1.225490    6.12E-19 4.08E-15 9.95E-19 8.39E-08 5.58E-04 1.43E-08 9.98E-08 6.65E-04 3.25E-08 1.84E-07 1.22E-03  3.47E-04 0.54916
 8170.00 1.223990    5.89E-19 3.93E-15 9.44E-19 8.28E-08 5.53E-04 1.42E-08 9.82E-08 6.56E-04 3.20E-08 1.81E-07 1.21E-03  3.49E-04 0.54438
 8180.00 1.222494    5.68E-19 3.80E-15 8.93E-19 8.20E-08 5.49E-04 1.41E-08 9.67E-08 6.47E-04 3.15E-08 1.79E-07 1.20E-03  3.50E-04 0.53926
 8190.00 1.221001    5.41E-19 3.63E-15 8.56E-19 8.29E-08 5.56E-04 1.42E-08 9.75E-08 6.54E-04 3.16E-08 1.80E-07 1.21E-03  3.52E-04 0.54098
 8200.00 1.219512    5.15E-19 3.46E-15 8.22E-19 8.30E-08 5.58E-04 1.42E-08 9.77E-08 6.57E-04 3.17E-08 1.81E-07 1.21E-03  3.54E-04 0.54324
 8210.00 1.218027    4.96E-19 3.34E-15 7.82E-19 8.27E-08 5.57E-04 1.42E-08 9.69E-08 6.53E-04 3.13E-08 1.80E-07 1.21E-03  3.56E-04 0.54099
 8220.00 1.216545    4.89E-19 3.30E-15 7.30E-19 7.81E-08 5.28E-04 1.40E-08 9.09E-08 6.14E-04 2.96E-08 1.69E-07 1.14E-03  3.57E-04 0.52782
 8230.00 1.215067    4.84E-19 3.28E-15 6.78E-19 7.16E-08 4.85E-04 1.36E-08 8.32E-08 5.64E-04 2.75E-08 1.55E-07 1.05E-03  3.59E-04 0.51298
 8240.00 1.213592    4.69E-19 3.19E-15 6.38E-19 6.85E-08 4.65E-04 1.34E-08 7.93E-08 5.39E-04 2.63E-08 1.48E-07 1.00E-03  3.61E-04 0.50530
 8250.00 1.212121    4.47E-19 3.04E-15 6.07E-19 6.90E-08 4.70E-04 1.33E-08 7.94E-08 5.40E-04 2.60E-08 1.48E-07 1.01E-03  3.62E-04 0.50346
 8260.00 1.210654    4.20E-19 2.86E-15 5.85E-19 7.22E-08 4.93E-04 1.33E-08 8.26E-08 5.64E-04 2.67E-08 1.55E-07 1.06E-03  3.64E-04 0.50785
 8270.00 1.209190    4.01E-19 2.74E-15 5.57E-19 7.19E-08 4.92E-04 1.32E-08 8.20E-08 5.61E-04 2.65E-08 1.54E-07 1.05E-03  3.65E-04 0.50502
 8280.00 1.207729    3.83E-19 2.63E-15 5.32E-19 7.22E-08 4.95E-04 1.33E-08 8.24E-08 5.65E-04 2.66E-08 1.55E-07 1.06E-03  3.67E-04 0.50519
 8290.00 1.206273    3.62E-19 2.49E-15 5.13E-19 7.47E-08 5.14E-04 1.35E-08 8.52E-08 5.85E-04 2.74E-08 1.60E-07 1.10E-03  3.68E-04 0.50953
 8300.00 1.204819    3.51E-19 2.42E-15 4.74E-19 6.96E-08 4.80E-04 1.30E-08 7.88E-08 5.43E-04 2.53E-08 1.48E-07 1.02E-03  3.70E-04 0.49256
 8310.00 1.203369    3.46E-19 2.39E-15 4.37E-19 6.34E-08 4.38E-04 1.26E-08 7.11E-08 4.91E-04 2.31E-08 1.34E-07 9.29E-04  3.71E-04 0.47525
 8320.00 1.201923    3.35E-19 2.32E-15 4.22E-19 6.44E-08 4.46E-04 1.29E-08 7.22E-08 5.00E-04 2.36E-08 1.37E-07 9.45E-04  3.72E-04 0.48098
 8330.00 1.200480    3.23E-19 2.24E-15 4.04E-19 6.36E-08 4.41E-04 1.29E-08 7.11E-08 4.93E-04 2.34E-08 1.35E-07 9.35E-04  3.74E-04 0.48067
 8340.00 1.199041    3.10E-19 2.16E-15 3.80E-19 6.24E-08 4.34E-04 1.25E-08 6.92E-08 4.82E-04 2.26E-08 1.32E-07 9.15E-04  3.75E-04 0.47418
 8350.00 1.197605    2.90E-19 2.02E-15 3.72E-19 6.66E-08 4.64E-04 1.29E-08 7.41E-08 5.17E-04 2.39E-08 1.41E-07 9.81E-04  3.76E-04 0.48575
 8360.00 1.196172    2.76E-19 1.93E-15 3.64E-19 6.84E-08 4.78E-04 1.33E-08 7.67E-08 5.36E-04 2.50E-08 1.45E-07 1.01E-03  3.78E-04 0.49649
 8370.00 1.194743    2.64E-19 1.85E-15 3.49E-19 6.96E-08 4.88E-04 1.36E-08 7.79E-08 5.46E-04 2.54E-08 1.48E-07 1.03E-03  3.79E-04 0.49864
 8380.00 1.193317    2.49E-19 1.75E-15 3.36E-19 7.28E-08 5.11E-04 1.37E-08 8.10E-08 5.69E-04 2.60E-08 1.54E-07 1.08E-03  3.81E-04 0.50171
 8390.00 1.191895    2.38E-19 1.68E-15 3.20E-19 7.21E-08 5.07E-04 1.37E-08 8.00E-08 5.63E-04 2.57E-08 1.52E-07 1.07E-03  3.82E-04 0.50072
 8400.00 1.190476    2.33E-19 1.64E-15 2.99E-19 6.69E-08 4.72E-04 1.32E-08 7.39E-08 5.22E-04 2.39E-08 1.41E-07 9.94E-04  3.84E-04 0.48809
 8410.00 1.189061    2.29E-19 1.62E-15 2.69E-19 5.90E-08 4.17E-04 1.24E-08 6.40E-08 4.53E-04 2.08E-08 1.23E-07 8.70E-04  3.85E-04 0.45877
 8420.00 1.187648    2.21E-19 1.57E-15 2.51E-19 5.73E-08 4.07E-04 1.23E-08 6.17E-08 4.38E-04 2.00E-08 1.19E-07 8.44E-04  3.86E-04 0.44936
 8430.00 1.186240    2.09E-19 1.49E-15 2.48E-19 6.17E-08 4.39E-04 1.28E-08 6.67E-08 4.74E-04 2.15E-08 1.28E-07 9.13E-04  3.88E-04 0.46508
 8440.00 1.184834    2.01E-19 1.43E-15 2.39E-19 6.13E-08 4.37E-04 1.27E-08 6.60E-08 4.70E-04 2.13E-08 1.27E-07 9.07E-04  3.89E-04 0.46773
 8450.00 1.183432    1.94E-19 1.38E-15 2.20E-19 5.70E-08 4.07E-04 1.22E-08 6.07E-08 4.34E-04 1.96E-08 1.18E-07 8.40E-04  3.90E-04 0.45045
 8460.00 1.182033    1.87E-19 1.34E-15 2.02E-19 5.45E-08 3.90E-04 1.20E-08 5.73E-08 4.10E-04 1.83E-08 1.12E-07 8.00E-04  3.91E-04 0.43370
 8470.00 1.180637    1.75E-19 1.26E-15 2.03E-19 6.24E-08 4.47E-04 1.27E-08 6.60E-08 4.73E-04 2.08E-08 1.28E-07 9.21E-04  3.92E-04 0.45650
 8480.00 1.179245    1.65E-19 1.18E-15 1.99E-19 6.76E-08 4.86E-04 1.31E-08 7.17E-08 5.16E-04 2.25E-08 1.39E-07 1.00E-03  3.94E-04 0.46796
 8490.00 1.177856    1.58E-19 1.14E-15 1.86E-19 6.69E-08 4.82E-04 1.29E-08 7.05E-08 5.08E-04 2.20E-08 1.37E-07 9.91E-04  3.95E-04 0.45851

                                             RADIANCE(WATTS/CM2-STER-XXX)

  FREQ  WAVELENGTH     PATH_THERMAL    SURFACE      PATH_SCATTERED_SOLAR   GROUND_REFLECTED_RADIANCE   TOTAL_RADIANCE   INTEGRAL    TOTAL
                                       EMISSION     TOTAL RAD      SINGLE        TOTAL        DIRECT                                TRANS
 (CM-1) (MICRON)       (CM-1)  (MICRN)   (CM-1)   (CM-1)  (MICRN)   (CM-1)   (CM-1)  (MICRN)   (CM-1)   (CM-1)  (MICRN)

 8500.00 1.176470    1.49E-19 1.08E-15 1.83E-19 7.04E-08 5.08E-04 1.32E-08 7.44E-08 5.38E-04 2.31E-08 1.45E-07 1.05E-03  3.97E-04 0.47224
 8510.00 1.175088    1.46E-19 1.06E-15 1.70E-19 6.45E-08 4.67E-04 1.28E-08 6.75E-08 4.89E-04 2.11E-08 1.32E-07 9.56E-04  3.98E-04 0.45694
 8520.00 1.173709    1.45E-19 1.05E-15 1.54E-19 5.72E-08 4.15E-04 1.24E-08 5.89E-08 4.27E-04 1.88E-08 1.16E-07 8.42E-04  3.99E-04 0.43514
 8530.00 1.172333    1.37E-19 9.98E-16 1.53E-19 6.05E-08 4.40E-04 1.28E-08 6.28E-08 4.57E-04 2.00E-08 1.23E-07 8.97E-04  4.00E-04 0.45128
 8540.00 1.170960    1.30E-19 9.48E-16 1.50E-19 6.26E-08 4.57E-04 1.31E-08 6.56E-08 4.78E-04 2.09E-08 1.28E-07 9.35E-04  4.02E-04 0.46384
 8550.00 1.169590    1.26E-19 9.23E-16 1.41E-19 5.97E-08 4.36E-04 1.28E-08 6.22E-08 4.54E-04 2.01E-08 1.22E-07 8.91E-04  4.03E-04 0.45543
 8560.00 1.168224    1.24E-19 9.11E-16 1.29E-19 5.31E-08 3.89E-04 1.23E-08 5.43E-08 3.98E-04 1.79E-08 1.07E-07 7.87E-04  4.04E-04 0.43362
 8570.00 1.166861    1.23E-19 9.04E-16 1.15E-19 4.53E-08 3.33E-04 1.16E-08 4.49E-08 3.29E-04 1.50E-08 9.02E-08 6.62E-04  4.05E-04 0.40462
 8580.00 1.165501    1.19E-19 8.77E-16 1.06E-19 4.23E-08 3.11E-04 1.13E-08 4.11E-08 3.02E-04 1.38E-08 8.33E-08 6.13E-04  4.06E-04 0.39210
 8590.00 1.164145    1.13E-19 8.32E-16 1.04E-19 4.49E-08 3.31E-04 1.15E-08 4.40E-08 3.25E-04 1.46E-08 8.89E-08 6.56E-04  4.07E-04 0.40314
 8600.00 1.162791    1.08E-19 8.02E-16 9.79E-20 4.41E-08 3.26E-04 1.14E-08 4.26E-08 3.15E-04 1.40E-08 8.67E-08 6.41E-04  4.07E-04 0.39593
 8610.00 1.161440    1.07E-19 7.95E-16 8.29E-20 3.52E-08 2.61E-04 1.03E-08 3.15E-08 2.33E-04 1.06E-08 6.67E-08 4.94E-04  4.08E-04 0.35006
 8620.00 1.160093    1.04E-19 7.75E-16 7.00E-20 2.83E-08 2.10E-04 9.46E-09 2.29E-08 1.70E-04 7.73E-09 5.11E-08 3.80E-04  4.09E-04 0.31007
 8630.00 1.158749    9.92E-20 7.39E-16 6.40E-20 2.69E-08 2.01E-04 9.26E-09 2.10E-08 1.56E-04 6.87E-09 4.79E-08 3.57E-04  4.09E-04 0.29703
 8640.00 1.157408    9.45E-20 7.05E-16 5.81E-20 2.50E-08 1.86E-04 8.98E-09 1.86E-08 1.39E-04 6.01E-09 4.36E-08 3.25E-04  4.10E-04 0.28187
 8650.00 1.156069    8.96E-20 6.70E-16 4.94E-20 2.11E-08 1.58E-04 8.36E-09 1.42E-08 1.06E-04 4.53E-09 3.53E-08 2.64E-04  4.10E-04 0.24994
 8660.00 1.154734    8.42E-20 6.31E-16 4.03E-20 1.75E-08 1.32E-04 7.70E-09 1.01E-08 7.59E-05 3.18E-09 2.77E-08 2.07E-04  4.10E-04 0.21305
 8670.00 1.153402    7.85E-20 5.90E-16 3.39E-20 1.55E-08 1.16E-04 7.24E-09 7.75E-09 5.82E-05 2.36E-09 2.32E-08 1.74E-04  4.10E-04 0.18873
 8680.00 1.152074    7.42E-20 5.59E-16 3.06E-20 1.45E-08 1.09E-04 7.01E-09 6.56E-09 4.94E-05 1.92E-09 2.10E-08 1.58E-04  4.11E-04 0.17843
 8690.00 1.150748    7.08E-20 5.34E-16 2.76E-20 1.35E-08 1.02E-04 6.85E-09 5.53E-09 4.18E-05 1.61E-09 1.91E-08 1.44E-04  4.11E-04 0.16818
 8700.00 1.149425    6.67E-20 5.05E-16 2.60E-20 1.36E-08 1.03E-04 6.85E-09 5.67E-09 4.29E-05 1.66E-09 1.92E-08 1.45E-04  4.11E-04 0.16642
 8710.00 1.148106    6.16E-20 4.67E-16 2.29E-20 1.31E-08 9.92E-05 6.67E-09 5.28E-09 4.00E-05 1.53E-09 1.83E-08 1.39E-04  4.11E-04 0.15224
 8720.00 1.146789    5.62E-20 4.28E-16 1.61E-20 1.05E-08 8.01E-05 6.03E-09 2.61E-09 1.98E-05 7.36E-10 1.31E-08 9.99E-05  4.11E-04 0.11131
 8730.00 1.145475    5.39E-20 4.11E-16 1.39E-20 9.62E-09 7.33E-05 5.84E-09 1.62E-09 1.24E-05 4.24E-10 1.12E-08 8.57E-05  4.11E-04 0.10294
 8740.00 1.144165    5.46E-20 4.17E-16 1.91E-20 1.22E-08 9.28E-05 6.51E-09 4.19E-09 3.20E-05 1.20E-09 1.63E-08 1.25E-04  4.12E-04 0.14818
 8750.00 1.142857    5.55E-20 4.25E-16 2.40E-20 1.45E-08 1.11E-04 7.17E-09 6.48E-09 4.96E-05 1.89E-09 2.10E-08 1.61E-04  4.12E-04 0.19302
 8760.00 1.141553    5.34E-20 4.10E-16 2.39E-20 1.49E-08 1.14E-04 7.26E-09 6.83E-09 5.24E-05 1.96E-09 2.17E-08 1.67E-04  4.12E-04 0.20023
 8770.00 1.140251    5.05E-20 3.88E-16 2.38E-20 1.62E-08 1.25E-04 7.44E-09 8.36E-09 6.43E-05 2.35E-09 2.46E-08 1.89E-04  4.12E-04 0.20932
 8780.00 1.138952    4.88E-20 3.76E-16 2.37E-20 1.69E-08 1.30E-04 7.60E-09 9.00E-09 6.94E-05 2.54E-09 2.59E-08 1.99E-04  4.13E-04 0.21744
 8790.00 1.137657    4.62E-20 3.57E-16 1.95E-20 1.41E-08 1.09E-04 7.09E-09 5.95E-09 4.60E-05 1.67E-09 2.00E-08 1.55E-04  4.13E-04 0.18661
 8800.00 1.136364    3.79E-20 2.93E-16 1.26E-20 1.06E-08 8.18E-05 6.15E-09 2.67E-09 2.07E-05 7.39E-10 1.32E-08 1.02E-04  4.13E-04 0.12448
 8810.00 1.135074    2.73E-20 2.12E-16 6.11E-21 8.23E-09 6.39E-05 5.25E-09 8.92E-10 6.92E-06 2.40E-10 9.13E-09 7.08E-05  4.13E-04 0.06284
 8820.00 1.133787    2.76E-20 2.15E-16 5.91E-21 8.47E-09 6.59E-05 5.36E-09 9.14E-10 7.11E-06 2.50E-10 9.38E-09 7.30E-05  4.13E-04 0.06681
 8830.00 1.132503    3.56E-20 2.77E-16 1.16E-20 1.13E-08 8.84E-05 6.43E-09 3.02E-09 2.35E-05 8.57E-10 1.44E-08 1.12E-04  4.13E-04 0.13574
 8840.00 1.131222    3.66E-20 2.86E-16 1.33E-20 1.26E-08 9.81E-05 6.83E-09 4.12E-09 3.22E-05 1.17E-09 1.67E-08 1.30E-04  4.13E-04 0.16009
 8850.00 1.129943    3.12E-20 2.45E-16 8.86E-21 1.03E-08 8.05E-05 6.08E-09 2.34E-09 1.83E-05 6.45E-10 1.26E-08 9.88E-05  4.13E-04 0.10992
 8860.00 1.128668    2.79E-20 2.19E-16 5.94E-21 8.62E-09 6.77E-05 5.59E-09 8.32E-10 6.53E-06 1.97E-10 9.45E-09 7.42E-05  4.14E-04 0.07850
 8870.00 1.127396    2.60E-20 2.05E-16 5.56E-21 8.60E-09 6.76E-05 5.56E-09 7.66E-10 6.02E-06 1.79E-10 9.36E-09 7.37E-05  4.14E-04 0.07680
 8880.00 1.126126    2.41E-20 1.90E-16 5.30E-21 8.73E-09 6.88E-05 5.55E-09 8.98E-10 7.08E-06 2.18E-10 9.63E-09 7.59E-05  4.14E-04 0.07676
 8890.00 1.124860    2.36E-20 1.86E-16 5.76E-21 9.20E-09 7.27E-05 5.72E-09 1.17E-09 9.26E-06 2.80E-10 1.04E-08 8.20E-05  4.14E-04 0.08771
 8900.00 1.123595    2.16E-20 1.71E-16 5.18E-21 9.10E-09 7.21E-05 5.68E-09 1.08E-09 8.57E-06 2.50E-10 1.02E-08 8.07E-05  4.14E-04 0.08162
 8910.00 1.122334    2.00E-20 1.59E-16 4.47E-21 8.93E-09 7.09E-05 5.61E-09 9.52E-10 7.55E-06 2.23E-10 9.88E-09 7.84E-05  4.14E-04 0.07431
 8920.00 1.121076    2.16E-20 1.72E-16 5.29E-21 9.56E-09 7.60E-05 5.89E-09 1.27E-09 1.01E-05 3.11E-10 1.08E-08 8.62E-05  4.14E-04 0.09255
 8930.00 1.119821    2.23E-20 1.78E-16 5.88E-21 1.04E-08 8.29E-05 6.14E-09 1.86E-09 1.48E-05 4.75E-10 1.23E-08 9.78E-05  4.14E-04 0.10720
 8940.00 1.118568    2.11E-20 1.69E-16 6.02E-21 1.15E-08 9.18E-05 6.36E-09 2.79E-09 2.23E-05 7.50E-10 1.43E-08 1.14E-04  4.14E-04 0.11506
 8950.00 1.117318    1.97E-20 1.58E-16 6.05E-21 1.21E-08 9.68E-05 6.50E-09 3.24E-09 2.60E-05 9.22E-10 1.53E-08 1.23E-04  4.15E-04 0.12049
 8960.00 1.116071    1.94E-20 1.55E-16 7.21E-21 1.46E-08 1.17E-04 7.06E-09 5.77E-09 4.63E-05 1.76E-09 2.04E-08 1.64E-04  4.15E-04 0.15204
 8970.00 1.114827    2.00E-20 1.61E-16 9.30E-21 1.92E-08 1.54E-04 8.03E-09 1.04E-08 8.34E-05 3.25E-09 2.95E-08 2.38E-04  4.15E-04 0.20454
 8980.00 1.113586    2.00E-20 1.61E-16 1.07E-20 2.42E-08 1.95E-04 8.88E-09 1.55E-08 1.25E-04 4.90E-09 3.97E-08 3.20E-04  4.15E-04 0.24546
 8990.00 1.112347    1.92E-20 1.55E-16 1.21E-20 3.11E-08 2.51E-04 9.89E-09 2.28E-08 1.85E-04 7.07E-09 5.39E-08 4.36E-04  4.16E-04 0.29089

                                             RADIANCE(WATTS/CM2-STER-XXX)

  FREQ  WAVELENGTH     PATH_THERMAL    SURFACE      PATH_SCATTERED_SOLAR   GROUND_REFLECTED_RADIANCE   TOTAL_RADIANCE   INTEGRAL    TOTAL
                                       EMISSION     TOTAL RAD      SINGLE        TOTAL        DIRECT                                TRANS
 (CM-1) (MICRON)       (CM-1)  (MICRN)   (CM-1)   (CM-1)  (MICRN)   (CM-1)   (CM-1)  (MICRN)   (CM-1)   (CM-1)  (MICRN)

 9000.00 1.111111    1.82E-20 1.48E-16 1.33E-20 3.80E-08 3.08E-04 1.09E-08 3.03E-08 2.45E-04 9.28E-09 6.82E-08 5.53E-04  4.17E-04 0.33262
 9010.00 1.109878    1.73E-20 1.40E-16 1.36E-20 4.19E-08 3.41E-04 1.14E-08 3.48E-08 2.82E-04 1.07E-08 7.67E-08 6.23E-04  4.17E-04 0.35609
 9020.00 1.108647    1.63E-20 1.33E-16 1.35E-20 4.51E-08 3.67E-04 1.17E-08 3.84E-08 3.12E-04 1.16E-08 8.35E-08 6.79E-04  4.18E-04 0.36933
 9030.00 1.107420    1.55E-20 1.26E-16 1.32E-20 4.74E-08 3.87E-04 1.19E-08 4.09E-08 3.34E-04 1.23E-08 8.84E-08 7.21E-04  4.19E-04 0.37789
 9040.00 1.106195    1.48E-20 1.21E-16 1.27E-20 4.74E-08 3.88E-04 1.20E-08 4.11E-08 3.36E-04 1.24E-08 8.85E-08 7.23E-04  4.20E-04 0.38115
 9050.00 1.104972    1.39E-20 1.13E-16 1.26E-20 5.19E-08 4.25E-04 1.24E-08 4.57E-08 3.74E-04 1.35E-08 9.76E-08 8.00E-04  4.21E-04 0.39810
 9060.00 1.103753    1.31E-20 1.07E-16 1.26E-20 5.52E-08 4.53E-04 1.27E-08 4.93E-08 4.04E-04 1.45E-08 1.04E-07 8.58E-04  4.22E-04 0.41317
 9070.00 1.102536    1.25E-20 1.02E-16 1.21E-20 5.54E-08 4.56E-04 1.27E-08 4.95E-08 4.07E-04 1.47E-08 1.05E-07 8.63E-04  4.23E-04 0.41559
 9080.00 1.101321    1.17E-20 9.68E-17 1.18E-20 5.93E-08 4.89E-04 1.31E-08 5.34E-08 4.40E-04 1.57E-08 1.13E-07 9.29E-04  4.24E-04 0.42665
 9090.00 1.100110    1.11E-20 9.18E-17 1.16E-20 6.18E-08 5.11E-04 1.34E-08 5.59E-08 4.62E-04 1.64E-08 1.18E-07 9.73E-04  4.25E-04 0.43674
 9100.00 1.098901    1.04E-20 8.65E-17 1.14E-20 6.64E-08 5.50E-04 1.37E-08 6.04E-08 5.00E-04 1.75E-08 1.27E-07 1.05E-03  4.27E-04 0.44991
 9110.00 1.097695    9.66E-21 8.01E-17 1.13E-20 7.61E-08 6.31E-04 1.42E-08 6.96E-08 5.77E-04 1.95E-08 1.46E-07 1.21E-03  4.28E-04 0.46924
 9120.00 1.096491    9.06E-21 7.54E-17 1.11E-20 8.09E-08 6.73E-04 1.45E-08 7.40E-08 6.16E-04 2.05E-08 1.55E-07 1.29E-03  4.30E-04 0.47768
 9130.00 1.095290    8.62E-21 7.18E-17 1.06E-20 8.10E-08 6.75E-04 1.44E-08 7.41E-08 6.18E-04 2.04E-08 1.55E-07 1.29E-03  4.31E-04 0.48070
 9140.00 1.094092    8.18E-21 6.83E-17 1.02E-20 8.30E-08 6.93E-04 1.45E-08 7.57E-08 6.33E-04 2.08E-08 1.59E-07 1.33E-03  4.33E-04 0.48537
 9150.00 1.092896    7.71E-21 6.45E-17 9.93E-21 9.07E-08 7.59E-04 1.51E-08 8.24E-08 6.90E-04 2.24E-08 1.73E-07 1.45E-03  4.35E-04 0.49245
 9160.00 1.091703    7.20E-21 6.04E-17 9.70E-21 9.97E-08 8.36E-04 1.59E-08 9.05E-08 7.59E-04 2.43E-08 1.90E-07 1.60E-03  4.36E-04 0.50344
 9170.00 1.090513    6.86E-21 5.77E-17 9.29E-21 9.95E-08 8.37E-04 1.60E-08 9.04E-08 7.61E-04 2.43E-08 1.90E-07 1.60E-03  4.38E-04 0.50408
 9180.00 1.089324    6.55E-21 5.52E-17 8.91E-21 9.97E-08 8.40E-04 1.60E-08 9.05E-08 7.63E-04 2.42E-08 1.90E-07 1.60E-03  4.40E-04 0.50660
 9190.00 1.088139    6.18E-21 5.22E-17 8.63E-21 1.03E-07 8.69E-04 1.61E-08 9.32E-08 7.87E-04 2.48E-08 1.96E-07 1.66E-03  4.42E-04 0.51329
 9200.00 1.086956    5.97E-21 5.05E-17 8.15E-21 1.00E-07 8.50E-04 1.59E-08 9.06E-08 7.67E-04 2.42E-08 1.91E-07 1.62E-03  4.44E-04 0.50728
 9210.00 1.085776    5.73E-21 4.86E-17 7.74E-21 1.01E-07 8.54E-04 1.61E-08 9.07E-08 7.69E-04 2.42E-08 1.91E-07 1.62E-03  4.46E-04 0.50477
 9220.00 1.084599    5.42E-21 4.61E-17 7.48E-21 1.04E-07 8.83E-04 1.63E-08 9.35E-08 7.94E-04 2.47E-08 1.97E-07 1.68E-03  4.48E-04 0.51042
 9230.00 1.083423    5.12E-21 4.36E-17 7.22E-21 1.06E-07 9.04E-04 1.63E-08 9.51E-08 8.11E-04 2.50E-08 2.01E-07 1.71E-03  4.50E-04 0.51547
 9240.00 1.082251    4.85E-21 4.14E-17 6.95E-21 1.09E-07 9.27E-04 1.64E-08 9.71E-08 8.29E-04 2.54E-08 2.06E-07 1.76E-03  4.52E-04 0.51946
 9250.00 1.081081    4.65E-21 3.98E-17 6.63E-21 1.09E-07 9.34E-04 1.65E-08 9.75E-08 8.34E-04 2.55E-08 2.07E-07 1.77E-03  4.54E-04 0.51832
 9260.00 1.079914    4.43E-21 3.80E-17 6.34E-21 1.12E-07 9.59E-04 1.68E-08 9.95E-08 8.54E-04 2.59E-08 2.11E-07 1.81E-03  4.56E-04 0.51987
 9270.00 1.078749    4.20E-21 3.61E-17 6.09E-21 1.14E-07 9.80E-04 1.69E-08 1.01E-07 8.70E-04 2.62E-08 2.15E-07 1.85E-03  4.58E-04 0.52242
 9280.00 1.077586    4.02E-21 3.46E-17 5.80E-21 1.14E-07 9.84E-04 1.69E-08 1.01E-07 8.70E-04 2.61E-08 2.15E-07 1.85E-03  4.61E-04 0.52074
 9290.00 1.076426    3.82E-21 3.30E-17 5.57E-21 1.16E-07 1.00E-03 1.70E-08 1.03E-07 8.85E-04 2.64E-08 2.19E-07 1.89E-03  4.63E-04 0.52326
 9300.00 1.075269    3.64E-21 3.14E-17 5.34E-21 1.17E-07 1.01E-03 1.70E-08 1.03E-07 8.89E-04 2.64E-08 2.19E-07 1.90E-03  4.65E-04 0.52494
 9310.00 1.074114    3.48E-21 3.01E-17 5.09E-21 1.16E-07 1.01E-03 1.70E-08 1.02E-07 8.87E-04 2.62E-08 2.19E-07 1.90E-03  4.67E-04 0.52430
 9320.00 1.072961    3.31E-21 2.88E-17 4.87E-21 1.17E-07 1.01E-03 1.70E-08 1.03E-07 8.91E-04 2.61E-08 2.19E-07 1.90E-03  4.69E-04 0.52474
 9330.00 1.071811    3.16E-21 2.75E-17 4.65E-21 1.17E-07 1.02E-03 1.71E-08 1.03E-07 8.97E-04 2.62E-08 2.20E-07 1.92E-03  4.72E-04 0.52479
 9340.00 1.070664    3.02E-21 2.63E-17 4.44E-21 1.16E-07 1.01E-03 1.69E-08 1.02E-07 8.90E-04 2.58E-08 2.18E-07 1.90E-03  4.74E-04 0.52395
 9350.00 1.069519    2.89E-21 2.52E-17 4.23E-21 1.14E-07 9.94E-04 1.66E-08 9.96E-08 8.71E-04 2.52E-08 2.13E-07 1.86E-03  4.76E-04 0.52248
 9360.00 1.068376    2.75E-21 2.41E-17 4.04E-21 1.14E-07 1.00E-03 1.67E-08 1.00E-07 8.77E-04 2.53E-08 2.15E-07 1.88E-03  4.78E-04 0.52218
 9370.00 1.067236    2.62E-21 2.30E-17 3.86E-21 1.16E-07 1.02E-03 1.70E-08 1.02E-07 8.93E-04 2.56E-08 2.18E-07 1.91E-03  4.80E-04 0.52229
 9380.00 1.066098    2.50E-21 2.20E-17 3.68E-21 1.17E-07 1.03E-03 1.71E-08 1.02E-07 9.00E-04 2.57E-08 2.20E-07 1.93E-03  4.82E-04 0.52207
 9390.00 1.064963    2.39E-21 2.11E-17 3.52E-21 1.18E-07 1.04E-03 1.72E-08 1.03E-07 9.08E-04 2.58E-08 2.21E-07 1.95E-03  4.85E-04 0.52196
 9400.00 1.063830    2.29E-21 2.02E-17 3.36E-21 1.19E-07 1.05E-03 1.73E-08 1.03E-07 9.13E-04 2.58E-08 2.23E-07 1.97E-03  4.87E-04 0.52213
 9410.00 1.062699    2.18E-21 1.93E-17 3.21E-21 1.20E-07 1.06E-03 1.73E-08 1.03E-07 9.16E-04 2.58E-08 2.23E-07 1.98E-03  4.89E-04 0.52243
 9420.00 1.061571    2.09E-21 1.85E-17 3.07E-21 1.20E-07 1.07E-03 1.73E-08 1.04E-07 9.20E-04 2.58E-08 2.24E-07 1.99E-03  4.91E-04 0.52285
 9430.00 1.060445    1.99E-21 1.77E-17 2.94E-21 1.21E-07 1.07E-03 1.73E-08 1.04E-07 9.22E-04 2.57E-08 2.25E-07 2.00E-03  4.94E-04 0.52322
 9440.00 1.059322    1.91E-21 1.70E-17 2.81E-21 1.21E-07 1.08E-03 1.73E-08 1.04E-07 9.26E-04 2.57E-08 2.25E-07 2.01E-03  4.96E-04 0.52337
 9450.00 1.058201    1.82E-21 1.63E-17 2.68E-21 1.23E-07 1.10E-03 1.74E-08 1.05E-07 9.36E-04 2.59E-08 2.28E-07 2.03E-03  4.98E-04 0.52368
 9460.00 1.057082    1.74E-21 1.56E-17 2.57E-21 1.25E-07 1.12E-03 1.77E-08 1.06E-07 9.51E-04 2.62E-08 2.31E-07 2.07E-03  5.00E-04 0.52414
 9470.00 1.055966    1.66E-21 1.49E-17 2.45E-21 1.27E-07 1.14E-03 1.78E-08 1.07E-07 9.63E-04 2.64E-08 2.34E-07 2.10E-03  5.03E-04 0.52456
 9480.00 1.054852    1.59E-21 1.43E-17 2.34E-21 1.27E-07 1.14E-03 1.78E-08 1.08E-07 9.67E-04 2.64E-08 2.35E-07 2.11E-03  5.05E-04 0.52488
 9490.00 1.053741    1.52E-21 1.37E-17 2.24E-21 1.28E-07 1.15E-03 1.78E-08 1.08E-07 9.69E-04 2.64E-08 2.35E-07 2.12E-03  5.07E-04 0.52506

                                             RADIANCE(WATTS/CM2-STER-XXX)

  FREQ  WAVELENGTH     PATH_THERMAL    SURFACE      PATH_SCATTERED_SOLAR   GROUND_REFLECTED_RADIANCE   TOTAL_RADIANCE   INTEGRAL    TOTAL
                                       EMISSION     TOTAL RAD      SINGLE        TOTAL        DIRECT                                TRANS
 (CM-1) (MICRON)       (CM-1)  (MICRN)   (CM-1)   (CM-1)  (MICRN)   (CM-1)   (CM-1)  (MICRN)   (CM-1)   (CM-1)  (MICRN)

 9500.00 1.052631    1.45E-21 1.31E-17 2.14E-21 1.28E-07 1.16E-03 1.79E-08 1.08E-07 9.74E-04 2.64E-08 2.36E-07 2.13E-03  5.10E-04 0.52506
 9510.00 1.051525    1.39E-21 1.26E-17 2.04E-21 1.29E-07 1.17E-03 1.80E-08 1.08E-07 9.79E-04 2.64E-08 2.37E-07 2.15E-03  5.12E-04 0.52501
 9520.00 1.050420    1.33E-21 1.20E-17 1.95E-21 1.30E-07 1.18E-03 1.80E-08 1.08E-07 9.83E-04 2.64E-08 2.38E-07 2.16E-03  5.15E-04 0.52494
 9530.00 1.049318    1.27E-21 1.15E-17 1.87E-21 1.30E-07 1.18E-03 1.81E-08 1.09E-07 9.87E-04 2.64E-08 2.39E-07 2.17E-03  5.17E-04 0.52484
 9540.00 1.048218    1.21E-21 1.10E-17 1.78E-21 1.31E-07 1.19E-03 1.81E-08 1.09E-07 9.89E-04 2.64E-08 2.39E-07 2.18E-03  5.19E-04 0.52475
 9550.00 1.047120    1.16E-21 1.06E-17 1.70E-21 1.30E-07 1.19E-03 1.80E-08 1.08E-07 9.84E-04 2.62E-08 2.38E-07 2.17E-03  5.22E-04 0.52458
 9560.00 1.046025    1.11E-21 1.01E-17 1.62E-21 1.30E-07 1.19E-03 1.79E-08 1.07E-07 9.82E-04 2.60E-08 2.37E-07 2.17E-03  5.24E-04 0.52432
 9570.00 1.044932    1.06E-21 9.71E-18 1.55E-21 1.31E-07 1.20E-03 1.81E-08 1.08E-07 9.91E-04 2.61E-08 2.39E-07 2.19E-03  5.26E-04 0.52404
 9580.00 1.043841    1.01E-21 9.30E-18 1.48E-21 1.32E-07 1.21E-03 1.82E-08 1.09E-07 9.96E-04 2.62E-08 2.40E-07 2.21E-03  5.29E-04 0.52375
 9590.00 1.042753    9.69E-22 8.91E-18 1.41E-21 1.32E-07 1.21E-03 1.82E-08 1.08E-07 9.97E-04 2.61E-08 2.40E-07 2.21E-03  5.31E-04 0.52337
 9600.00 1.041667    9.27E-22 8.54E-18 1.35E-21 1.32E-07 1.22E-03 1.82E-08 1.08E-07 9.99E-04 2.61E-08 2.41E-07 2.22E-03  5.34E-04 0.52296
 9610.00 1.040583    8.86E-22 8.18E-18 1.29E-21 1.32E-07 1.22E-03 1.82E-08 1.08E-07 1.00E-03 2.60E-08 2.41E-07 2.22E-03  5.36E-04 0.52264
 9620.00 1.039501    8.47E-22 7.84E-18 1.23E-21 1.32E-07 1.22E-03 1.82E-08 1.08E-07 9.99E-04 2.59E-08 2.40E-07 2.22E-03  5.39E-04 0.52230
 9630.00 1.038422    8.10E-22 7.51E-18 1.17E-21 1.32E-07 1.23E-03 1.82E-08 1.08E-07 9.98E-04 2.57E-08 2.40E-07 2.22E-03  5.41E-04 0.52190
 9640.00 1.037344    7.74E-22 7.20E-18 1.12E-21 1.32E-07 1.23E-03 1.82E-08 1.07E-07 9.99E-04 2.56E-08 2.40E-07 2.23E-03  5.43E-04 0.52148
 9650.00 1.036269    7.40E-22 6.89E-18 1.07E-21 1.33E-07 1.24E-03 1.82E-08 1.08E-07 1.00E-03 2.57E-08 2.41E-07 2.24E-03  5.46E-04 0.52113
 9660.00 1.035197    7.08E-22 6.60E-18 1.02E-21 1.33E-07 1.24E-03 1.82E-08 1.08E-07 1.00E-03 2.56E-08 2.40E-07 2.24E-03  5.48E-04 0.52082
 9670.00 1.034126    6.77E-22 6.33E-18 9.74E-22 1.32E-07 1.24E-03 1.82E-08 1.07E-07 1.00E-03 2.54E-08 2.39E-07 2.24E-03  5.51E-04 0.52036
 9680.00 1.033058    6.47E-22 6.07E-18 9.30E-22 1.33E-07 1.24E-03 1.82E-08 1.07E-07 1.00E-03 2.53E-08 2.39E-07 2.24E-03  5.53E-04 0.51983
 9690.00 1.031992    6.19E-22 5.81E-18 8.87E-22 1.33E-07 1.25E-03 1.83E-08 1.07E-07 1.01E-03 2.54E-08 2.41E-07 2.26E-03  5.55E-04 0.51921
 9700.00 1.030928    5.92E-22 5.57E-18 8.46E-22 1.34E-07 1.26E-03 1.84E-08 1.07E-07 1.01E-03 2.53E-08 2.41E-07 2.27E-03  5.58E-04 0.51859
 9710.00 1.029866    5.67E-22 5.34E-18 8.07E-22 1.33E-07 1.25E-03 1.83E-08 1.07E-07 1.01E-03 2.51E-08 2.40E-07 2.26E-03  5.60E-04 0.51782
 9720.00 1.028807    5.43E-22 5.13E-18 7.69E-22 1.32E-07 1.25E-03 1.83E-08 1.06E-07 9.99E-04 2.49E-08 2.38E-07 2.25E-03  5.62E-04 0.51636
 9730.00 1.027749    5.20E-22 4.92E-18 7.33E-22 1.32E-07 1.25E-03 1.84E-08 1.05E-07 9.98E-04 2.48E-08 2.37E-07 2.25E-03  5.65E-04 0.51529
 9740.00 1.026694    4.97E-22 4.71E-18 7.00E-22 1.33E-07 1.26E-03 1.84E-08 1.06E-07 1.00E-03 2.48E-08 2.38E-07 2.26E-03  5.67E-04 0.51534
 9750.00 1.025641    4.75E-22 4.51E-18 6.68E-22 1.33E-07 1.26E-03 1.84E-08 1.06E-07 1.01E-03 2.48E-08 2.39E-07 2.27E-03  5.70E-04 0.51512
 9760.00 1.024590    4.55E-22 4.34E-18 6.36E-22 1.31E-07 1.25E-03 1.84E-08 1.04E-07 9.95E-04 2.44E-08 2.36E-07 2.25E-03  5.72E-04 0.51311
 9770.00 1.023542    4.37E-22 4.17E-18 6.05E-22 1.30E-07 1.24E-03 1.83E-08 1.03E-07 9.84E-04 2.41E-08 2.33E-07 2.23E-03  5.74E-04 0.51139
 9780.00 1.022495    4.16E-22 3.98E-18 5.79E-22 1.31E-07 1.25E-03 1.83E-08 1.04E-07 9.90E-04 2.41E-08 2.34E-07 2.24E-03  5.77E-04 0.51245
 9790.00 1.021451    3.96E-22 3.80E-18 5.55E-22 1.32E-07 1.27E-03 1.83E-08 1.04E-07 9.99E-04 2.42E-08 2.36E-07 2.27E-03  5.79E-04 0.51362
 9800.00 1.020408    3.80E-22 3.65E-18 5.29E-22 1.31E-07 1.26E-03 1.82E-08 1.03E-07 9.93E-04 2.40E-08 2.35E-07 2.25E-03  5.81E-04 0.51242
 9810.00 1.019368    3.63E-22 3.50E-18 5.04E-22 1.31E-07 1.26E-03 1.82E-08 1.03E-07 9.86E-04 2.37E-08 2.33E-07 2.24E-03  5.84E-04 0.51123
 9820.00 1.018330    3.47E-22 3.34E-18 4.82E-22 1.32E-07 1.27E-03 1.83E-08 1.04E-07 9.99E-04 2.39E-08 2.36E-07 2.27E-03  5.86E-04 0.51204
 9830.00 1.017294    3.31E-22 3.20E-18 4.61E-22 1.33E-07 1.29E-03 1.84E-08 1.04E-07 1.01E-03 2.41E-08 2.38E-07 2.30E-03  5.88E-04 0.51245
 9840.00 1.016260    3.17E-22 3.07E-18 4.40E-22 1.33E-07 1.29E-03 1.84E-08 1.04E-07 1.01E-03 2.39E-08 2.37E-07 2.30E-03  5.91E-04 0.51172
 9850.00 1.015228    3.03E-22 2.94E-18 4.19E-22 1.33E-07 1.29E-03 1.84E-08 1.04E-07 1.00E-03 2.38E-08 2.36E-07 2.29E-03  5.93E-04 0.51091
 9860.00 1.014199    2.89E-22 2.81E-18 4.00E-22 1.34E-07 1.30E-03 1.85E-08 1.04E-07 1.01E-03 2.38E-08 2.38E-07 2.31E-03  5.96E-04 0.51071
 9870.00 1.013171    2.77E-22 2.70E-18 3.82E-22 1.34E-07 1.31E-03 1.85E-08 1.04E-07 1.01E-03 2.38E-08 2.38E-07 2.32E-03  5.98E-04 0.51014
 9880.00 1.012146    2.65E-22 2.59E-18 3.64E-22 1.33E-07 1.30E-03 1.85E-08 1.03E-07 1.01E-03 2.36E-08 2.37E-07 2.31E-03  6.00E-04 0.50892
 9890.00 1.011122    2.54E-22 2.48E-18 3.47E-22 1.32E-07 1.29E-03 1.85E-08 1.02E-07 1.00E-03 2.34E-08 2.35E-07 2.30E-03  6.03E-04 0.50742
 9900.00 1.010101    2.44E-22 2.39E-18 3.29E-22 1.29E-07 1.27E-03 1.84E-08 1.00E-07 9.81E-04 2.29E-08 2.30E-07 2.25E-03  6.05E-04 0.50411
 9910.00 1.009082    2.34E-22 2.30E-18 3.13E-22 1.28E-07 1.26E-03 1.83E-08 9.90E-08 9.72E-04 2.26E-08 2.27E-07 2.23E-03  6.07E-04 0.50236
 9920.00 1.008065    2.23E-22 2.19E-18 3.00E-22 1.31E-07 1.29E-03 1.84E-08 1.01E-07 9.90E-04 2.29E-08 2.31E-07 2.28E-03  6.10E-04 0.50455
 9930.00 1.007049    2.12E-22 2.09E-18 2.88E-22 1.32E-07 1.30E-03 1.84E-08 1.01E-07 1.00E-03 2.30E-08 2.34E-07 2.30E-03  6.12E-04 0.50667
 9940.00 1.006036    2.02E-22 2.00E-18 2.75E-22 1.30E-07 1.28E-03 1.80E-08 9.91E-08 9.80E-04 2.24E-08 2.29E-07 2.26E-03  6.14E-04 0.50658
 9950.00 1.005025    1.94E-22 1.92E-18 2.62E-22 1.28E-07 1.26E-03 1.78E-08 9.74E-08 9.64E-04 2.20E-08 2.25E-07 2.23E-03  6.16E-04 0.50537
 9960.00 1.004016    1.85E-22 1.84E-18 2.50E-22 1.30E-07 1.29E-03 1.81E-08 9.89E-08 9.81E-04 2.23E-08 2.29E-07 2.27E-03  6.19E-04 0.50443
 9970.00 1.003009    1.78E-22 1.77E-18 2.37E-22 1.30E-07 1.29E-03 1.84E-08 9.91E-08 9.85E-04 2.24E-08 2.29E-07 2.28E-03  6.21E-04 0.50176
 9980.00 1.002004    1.71E-22 1.70E-18 2.26E-22 1.29E-07 1.29E-03 1.85E-08 9.82E-08 9.78E-04 2.22E-08 2.27E-07 2.26E-03  6.23E-04 0.49930
 9990.00 1.001001    1.63E-22 1.62E-18 2.16E-22 1.32E-07 1.32E-03 1.86E-08 1.00E-07 9.98E-04 2.25E-08 2.32E-07 2.31E-03  6.26E-04 0.50150

                                             RADIANCE(WATTS/CM2-STER-XXX)

  FREQ  WAVELENGTH     PATH_THERMAL    SURFACE      PATH_SCATTERED_SOLAR   GROUND_REFLECTED_RADIANCE   TOTAL_RADIANCE   INTEGRAL    TOTAL
                                       EMISSION     TOTAL RAD      SINGLE        TOTAL        DIRECT                                TRANS
 (CM-1) (MICRON)       (CM-1)  (MICRN)   (CM-1)   (CM-1)  (MICRN)   (CM-1)   (CM-1)  (MICRN)   (CM-1)   (CM-1)  (MICRN)

10000.00 1.000000    1.55E-22 1.55E-18 2.07E-22 1.34E-07 1.34E-03 1.87E-08 1.01E-07 1.01E-03 2.26E-08 2.35E-07 2.35E-03  6.28E-04 0.50327
10010.00 .9990010    1.48E-22 1.48E-18 1.98E-22 1.34E-07 1.35E-03 1.87E-08 1.01E-07 1.01E-03 2.26E-08 2.35E-07 2.36E-03  6.30E-04 0.50317
10020.00 .9980040    1.41E-22 1.42E-18 1.89E-22 1.35E-07 1.36E-03 1.88E-08 1.02E-07 1.02E-03 2.27E-08 2.37E-07 2.38E-03  6.33E-04 0.50356
10030.00 .9970089    1.35E-22 1.36E-18 1.81E-22 1.36E-07 1.37E-03 1.88E-08 1.02E-07 1.02E-03 2.26E-08 2.38E-07 2.39E-03  6.35E-04 0.50338
10040.00 .9960160    1.29E-22 1.30E-18 1.73E-22 1.36E-07 1.37E-03 1.88E-08 1.02E-07 1.03E-03 2.26E-08 2.38E-07 2.39E-03  6.37E-04 0.50309
10050.00 .9950249    1.23E-22 1.24E-18 1.65E-22 1.36E-07 1.37E-03 1.88E-08 1.02E-07 1.03E-03 2.25E-08 2.38E-07 2.40E-03  6.40E-04 0.50270
10060.00 .9940358    1.19E-22 1.20E-18 1.56E-22 1.33E-07 1.35E-03 1.87E-08 9.92E-08 1.00E-03 2.20E-08 2.32E-07 2.35E-03  6.42E-04 0.49888
10070.00 .9930487    1.14E-22 1.16E-18 1.48E-22 1.29E-07 1.31E-03 1.85E-08 9.63E-08 9.77E-04 2.14E-08 2.26E-07 2.29E-03  6.44E-04 0.49456
10080.00 .9920634    1.09E-22 1.11E-18 1.41E-22 1.30E-07 1.32E-03 1.85E-08 9.64E-08 9.80E-04 2.13E-08 2.26E-07 2.30E-03  6.47E-04 0.49500
10090.00 .9910803    1.05E-22 1.07E-18 1.34E-22 1.27E-07 1.29E-03 1.83E-08 9.43E-08 9.60E-04 2.08E-08 2.21E-07 2.25E-03  6.49E-04 0.49231
10100.00 .9900990    1.01E-22 1.03E-18 1.27E-22 1.23E-07 1.26E-03 1.81E-08 9.13E-08 9.32E-04 2.02E-08 2.15E-07 2.19E-03  6.51E-04 0.48849
10110.00 .9891197    9.63E-23 9.84E-19 1.22E-22 1.25E-07 1.27E-03 1.82E-08 9.21E-08 9.42E-04 2.03E-08 2.17E-07 2.22E-03  6.53E-04 0.48918
10120.00 .9881423    9.28E-23 9.50E-19 1.15E-22 1.22E-07 1.25E-03 1.81E-08 9.02E-08 9.24E-04 2.00E-08 2.12E-07 2.18E-03  6.55E-04 0.48442
10130.00 .9871668    8.95E-23 9.19E-19 1.09E-22 1.19E-07 1.22E-03 1.80E-08 8.74E-08 8.97E-04 1.94E-08 2.06E-07 2.12E-03  6.57E-04 0.47985
10140.00 .9861934    8.63E-23 8.88E-19 1.03E-22 1.15E-07 1.19E-03 1.78E-08 8.46E-08 8.70E-04 1.89E-08 2.00E-07 2.06E-03  6.59E-04 0.47508
10150.00 .9852217    8.44E-23 8.70E-19 9.58E-23 1.07E-07 1.10E-03 1.74E-08 7.79E-08 8.03E-04 1.77E-08 1.85E-07 1.90E-03  6.61E-04 0.46217
10160.00 .9842520    8.18E-23 8.44E-19 8.93E-23 1.02E-07 1.05E-03 1.71E-08 7.37E-08 7.61E-04 1.68E-08 1.75E-07 1.81E-03  6.63E-04 0.45169
10170.00 .9832842    7.89E-23 8.16E-19 8.35E-23 9.78E-08 1.01E-03 1.68E-08 7.03E-08 7.27E-04 1.61E-08 1.68E-07 1.74E-03  6.65E-04 0.44165
10180.00 .9823182    7.61E-23 7.88E-19 7.88E-23 9.43E-08 9.78E-04 1.67E-08 6.76E-08 7.01E-04 1.56E-08 1.62E-07 1.68E-03  6.66E-04 0.43690
10190.00 .9813543    7.30E-23 7.58E-19 7.45E-23 9.18E-08 9.53E-04 1.65E-08 6.55E-08 6.80E-04 1.51E-08 1.57E-07 1.63E-03  6.68E-04 0.43229
10200.00 .9803922    7.13E-23 7.42E-19 6.74E-23 8.19E-08 8.53E-04 1.57E-08 5.72E-08 5.96E-04 1.33E-08 1.39E-07 1.45E-03  6.69E-04 0.40905
10210.00 .9794319    6.94E-23 7.23E-19 6.12E-23 7.31E-08 7.63E-04 1.50E-08 5.00E-08 5.21E-04 1.18E-08 1.23E-07 1.28E-03  6.70E-04 0.38925
10220.00 .9784736    6.59E-23 6.88E-19 5.94E-23 7.61E-08 7.95E-04 1.52E-08 5.22E-08 5.46E-04 1.22E-08 1.28E-07 1.34E-03  6.72E-04 0.39604
10230.00 .9775171    6.24E-23 6.53E-19 5.70E-23 7.80E-08 8.16E-04 1.53E-08 5.37E-08 5.62E-04 1.24E-08 1.32E-07 1.38E-03  6.73E-04 0.39732
10240.00 .9765625    6.05E-23 6.34E-19 5.11E-23 6.89E-08 7.22E-04 1.45E-08 4.62E-08 4.84E-04 1.08E-08 1.15E-07 1.21E-03  6.74E-04 0.37214
10250.00 .9756098    5.86E-23 6.16E-19 4.69E-23 6.29E-08 6.61E-04 1.41E-08 4.12E-08 4.33E-04 9.65E-09 1.04E-07 1.09E-03  6.75E-04 0.35903
10260.00 .9746588    5.58E-23 5.87E-19 4.50E-23 6.34E-08 6.68E-04 1.41E-08 4.16E-08 4.38E-04 9.63E-09 1.05E-07 1.11E-03  6.76E-04 0.36019
10270.00 .9737098    5.30E-23 5.59E-19 4.34E-23 6.57E-08 6.93E-04 1.42E-08 4.34E-08 4.58E-04 9.96E-09 1.09E-07 1.15E-03  6.77E-04 0.36477
10280.00 .9727626    4.99E-23 5.28E-19 4.38E-23 7.39E-08 7.81E-04 1.50E-08 4.99E-08 5.28E-04 1.13E-08 1.24E-07 1.31E-03  6.79E-04 0.38528
10290.00 .9718173    4.66E-23 4.93E-19 4.41E-23 8.40E-08 8.89E-04 1.58E-08 5.77E-08 6.11E-04 1.28E-08 1.42E-07 1.50E-03  6.80E-04 0.40554
10300.00 .9708738    4.42E-23 4.69E-19 4.27E-23 8.67E-08 9.19E-04 1.60E-08 5.98E-08 6.34E-04 1.32E-08 1.46E-07 1.55E-03  6.81E-04 0.41044
10310.00 .9699321    4.28E-23 4.55E-19 4.01E-23 8.22E-08 8.73E-04 1.58E-08 5.63E-08 5.98E-04 1.26E-08 1.38E-07 1.47E-03  6.83E-04 0.40420
10320.00 .9689922    4.10E-23 4.37E-19 3.78E-23 8.01E-08 8.53E-04 1.56E-08 5.46E-08 5.81E-04 1.22E-08 1.35E-07 1.43E-03  6.84E-04 0.39874
10330.00 .9680542    3.91E-23 4.17E-19 3.43E-23 7.51E-08 8.02E-04 1.49E-08 5.04E-08 5.38E-04 1.12E-08 1.26E-07 1.34E-03  6.85E-04 0.37742
10340.00 .9671180    3.83E-23 4.10E-19 2.85E-23 5.77E-08 6.17E-04 1.34E-08 3.63E-08 3.88E-04 8.34E-09 9.40E-08 1.01E-03  6.86E-04 0.32756
10350.00 .9661836    3.77E-23 4.04E-19 2.42E-23 4.26E-08 4.56E-04 1.22E-08 2.45E-08 2.62E-04 6.05E-09 6.71E-08 7.18E-04  6.87E-04 0.29245
10360.00 .9652510    3.58E-23 3.84E-19 2.22E-23 3.96E-08 4.25E-04 1.20E-08 2.22E-08 2.38E-04 5.61E-09 6.18E-08 6.64E-04  6.88E-04 0.28156
10370.00 .9643202    3.33E-23 3.59E-19 2.11E-23 4.31E-08 4.63E-04 1.22E-08 2.49E-08 2.68E-04 5.97E-09 6.80E-08 7.31E-04  6.88E-04 0.27991
10380.00 .9633911    3.19E-23 3.43E-19 1.96E-23 4.31E-08 4.64E-04 1.20E-08 2.45E-08 2.64E-04 5.69E-09 6.76E-08 7.29E-04  6.89E-04 0.27269
10390.00 .9624639    3.10E-23 3.35E-19 1.75E-23 3.80E-08 4.10E-04 1.15E-08 2.00E-08 2.16E-04 4.69E-09 5.80E-08 6.26E-04  6.90E-04 0.25453
10400.00 .9615384    2.99E-23 3.24E-19 1.66E-23 3.70E-08 4.00E-04 1.15E-08 1.89E-08 2.04E-04 4.48E-09 5.59E-08 6.04E-04  6.90E-04 0.25314
10410.00 .9606148    2.82E-23 3.06E-19 1.49E-23 3.34E-08 3.62E-04 1.10E-08 1.62E-08 1.76E-04 3.89E-09 4.96E-08 5.38E-04  6.91E-04 0.23707
10420.00 .9596929    2.63E-23 2.86E-19 1.24E-23 2.76E-08 3.00E-04 1.03E-08 1.17E-08 1.27E-04 2.89E-09 3.93E-08 4.27E-04  6.91E-04 0.20679
10430.00 .9587728    2.50E-23 2.72E-19 1.25E-23 3.06E-08 3.33E-04 1.07E-08 1.41E-08 1.54E-04 3.40E-09 4.47E-08 4.86E-04  6.92E-04 0.22054
10440.00 .9578544    2.40E-23 2.61E-19 1.28E-23 3.37E-08 3.68E-04 1.10E-08 1.67E-08 1.82E-04 3.90E-09 5.04E-08 5.50E-04  6.92E-04 0.23536
10450.00 .9569378    2.26E-23 2.47E-19 1.08E-23 2.92E-08 3.19E-04 1.03E-08 1.30E-08 1.42E-04 2.99E-09 4.22E-08 4.61E-04  6.92E-04 0.20569
10460.00 .9560229    2.14E-23 2.34E-19 9.25E-24 2.50E-08 2.73E-04 9.61E-09 9.75E-09 1.07E-04 2.24E-09 3.47E-08 3.80E-04  6.93E-04 0.18583
10470.00 .9551098    2.08E-23 2.28E-19 9.26E-24 2.44E-08 2.68E-04 9.62E-09 9.35E-09 1.02E-04 2.21E-09 3.38E-08 3.70E-04  6.93E-04 0.19527
10480.00 .9541985    2.01E-23 2.20E-19 9.19E-24 2.50E-08 2.75E-04 9.87E-09 9.64E-09 1.06E-04 2.31E-09 3.47E-08 3.81E-04  6.93E-04 0.20280
10490.00 .9532889    1.86E-23 2.05E-19 7.87E-24 2.28E-08 2.51E-04 9.56E-09 7.87E-09 8.67E-05 1.93E-09 3.07E-08 3.37E-04  6.94E-04 0.18045

                                             RADIANCE(WATTS/CM2-STER-XXX)

  FREQ  WAVELENGTH     PATH_THERMAL    SURFACE      PATH_SCATTERED_SOLAR   GROUND_REFLECTED_RADIANCE   TOTAL_RADIANCE   INTEGRAL    TOTAL
                                       EMISSION     TOTAL RAD      SINGLE        TOTAL        DIRECT                                TRANS
 (CM-1) (MICRON)       (CM-1)  (MICRN)   (CM-1)   (CM-1)  (MICRN)   (CM-1)   (CM-1)  (MICRN)   (CM-1)   (CM-1)  (MICRN)

10500.00 .9523810    1.74E-23 1.92E-19 6.90E-24 2.12E-08 2.34E-04 9.32E-09 6.73E-09 7.42E-05 1.65E-09 2.80E-08 3.08E-04  6.94E-04 0.16718
10510.00 .9514748    1.69E-23 1.87E-19 7.53E-24 2.42E-08 2.68E-04 9.89E-09 9.04E-09 9.99E-05 2.13E-09 3.33E-08 3.67E-04  6.94E-04 0.19142
10520.00 .9505703    1.55E-23 1.72E-19 6.89E-24 2.37E-08 2.62E-04 9.69E-09 8.84E-09 9.79E-05 2.02E-09 3.25E-08 3.60E-04  6.95E-04 0.18126
10530.00 .9496676    1.42E-23 1.58E-19 5.83E-24 2.18E-08 2.41E-04 9.28E-09 7.46E-09 8.27E-05 1.67E-09 2.92E-08 3.24E-04  6.95E-04 0.16194
10540.00 .9487666    1.39E-23 1.55E-19 5.87E-24 2.24E-08 2.49E-04 9.48E-09 7.73E-09 8.59E-05 1.74E-09 3.01E-08 3.34E-04  6.95E-04 0.17071
10550.00 .9478673    1.34E-23 1.49E-19 5.50E-24 2.16E-08 2.41E-04 9.38E-09 7.09E-09 7.89E-05 1.59E-09 2.87E-08 3.19E-04  6.96E-04 0.16696
10560.00 .9469697    1.25E-23 1.39E-19 4.79E-24 1.97E-08 2.20E-04 9.01E-09 5.73E-09 6.39E-05 1.27E-09 2.55E-08 2.84E-04  6.96E-04 0.15214
10570.00 .9460738    1.18E-23 1.32E-19 4.48E-24 1.95E-08 2.17E-04 8.89E-09 5.53E-09 6.18E-05 1.19E-09 2.50E-08 2.79E-04  6.96E-04 0.14975
10580.00 .9451796    1.12E-23 1.26E-19 4.30E-24 2.00E-08 2.23E-04 8.85E-09 5.99E-09 6.70E-05 1.26E-09 2.59E-08 2.90E-04  6.96E-04 0.15004
10590.00 .9442871    1.03E-23 1.15E-19 3.83E-24 1.93E-08 2.16E-04 8.58E-09 5.78E-09 6.48E-05 1.17E-09 2.50E-08 2.81E-04  6.97E-04 0.14001
10600.00 .9433962    9.99E-24 1.12E-19 3.91E-24 1.99E-08 2.23E-04 8.79E-09 6.17E-09 6.93E-05 1.23E-09 2.61E-08 2.93E-04  6.97E-04 0.15022
10610.00 .9425071    1.03E-23 1.16E-19 4.37E-24 2.14E-08 2.41E-04 9.25E-09 7.01E-09 7.89E-05 1.44E-09 2.84E-08 3.20E-04  6.97E-04 0.17595
10620.00 .9416196    1.05E-23 1.18E-19 4.54E-24 2.19E-08 2.47E-04 9.46E-09 7.22E-09 8.14E-05 1.59E-09 2.92E-08 3.29E-04  6.97E-04 0.19119
10630.00 .9407338    1.04E-23 1.18E-19 4.78E-24 2.49E-08 2.81E-04 1.01E-08 9.04E-09 1.02E-04 2.10E-09 3.39E-08 3.83E-04  6.98E-04 0.21121
10640.00 .9398496    9.79E-24 1.11E-19 4.83E-24 2.84E-08 3.22E-04 1.07E-08 1.16E-08 1.31E-04 2.60E-09 4.00E-08 4.53E-04  6.98E-04 0.22247
10650.00 .9389671    8.42E-24 9.55E-20 3.72E-24 2.40E-08 2.72E-04 9.68E-09 8.79E-09 9.97E-05 1.89E-09 3.28E-08 3.72E-04  6.99E-04 0.17686
10660.00 .9380863    7.10E-24 8.06E-20 2.22E-24 1.60E-08 1.82E-04 8.12E-09 3.35E-09 3.80E-05 6.95E-10 1.94E-08 2.20E-04  6.99E-04 0.11054
10670.00 .9372071    6.53E-24 7.44E-20 1.69E-24 1.34E-08 1.52E-04 7.61E-09 1.46E-09 1.66E-05 3.04E-10 1.48E-08 1.69E-04  6.99E-04 0.08919
10680.00 .9363296    6.39E-24 7.29E-20 1.82E-24 1.42E-08 1.62E-04 7.83E-09 1.98E-09 2.26E-05 4.00E-10 1.62E-08 1.84E-04  6.99E-04 0.10093
10690.00 .9354537    5.85E-24 6.68E-20 1.73E-24 1.45E-08 1.66E-04 7.84E-09 2.28E-09 2.60E-05 4.44E-10 1.68E-08 1.92E-04  6.99E-04 0.09999
10700.00 .9345794    5.23E-24 5.99E-20 1.34E-24 1.36E-08 1.56E-04 7.52E-09 1.65E-09 1.89E-05 3.22E-10 1.52E-08 1.74E-04  6.99E-04 0.08066
10710.00 .9337068    5.34E-24 6.13E-20 1.26E-24 1.38E-08 1.58E-04 7.65E-09 1.44E-09 1.65E-05 2.93E-10 1.52E-08 1.75E-04  7.00E-04 0.08086
10720.00 .9328358    5.57E-24 6.41E-20 1.52E-24 1.56E-08 1.79E-04 8.16E-09 2.30E-09 2.64E-05 4.90E-10 1.79E-08 2.06E-04  7.00E-04 0.10222
10730.00 .9319664    5.61E-24 6.46E-20 1.90E-24 1.90E-08 2.18E-04 8.91E-09 4.39E-09 5.06E-05 9.85E-10 2.34E-08 2.69E-04  7.00E-04 0.13360
10740.00 .9310987    5.81E-24 6.70E-20 2.39E-24 2.42E-08 2.79E-04 1.00E-08 7.73E-09 8.91E-05 1.79E-09 3.19E-08 3.68E-04  7.00E-04 0.17605
10750.00 .9302326    5.97E-24 6.90E-20 2.83E-24 2.99E-08 3.45E-04 1.11E-08 1.16E-08 1.34E-04 2.77E-09 4.15E-08 4.79E-04  7.01E-04 0.21743
10760.00 .9293680    5.90E-24 6.83E-20 3.13E-24 3.57E-08 4.13E-04 1.20E-08 1.60E-08 1.85E-04 3.78E-09 5.16E-08 5.98E-04  7.01E-04 0.25133
10770.00 .9285051    5.63E-24 6.53E-20 3.40E-24 4.42E-08 5.13E-04 1.30E-08 2.26E-08 2.62E-04 5.11E-09 6.68E-08 7.75E-04  7.02E-04 0.28619
10780.00 .9276438    5.26E-24 6.11E-20 3.80E-24 6.00E-08 6.97E-04 1.45E-08 3.44E-08 4.00E-04 7.36E-09 9.44E-08 1.10E-03  7.03E-04 0.33553
10790.00 .9267840    4.92E-24 5.73E-20 4.10E-24 7.45E-08 8.67E-04 1.56E-08 4.51E-08 5.25E-04 9.38E-09 1.20E-07 1.39E-03  7.04E-04 0.37760
10800.00 .9259259    4.67E-24 5.44E-20 4.01E-24 7.75E-08 9.03E-04 1.57E-08 4.73E-08 5.52E-04 9.85E-09 1.25E-07 1.46E-03  7.05E-04 0.38637
10810.00 .9250694    4.47E-24 5.23E-20 3.74E-24 7.43E-08 8.68E-04 1.55E-08 4.49E-08 5.25E-04 9.47E-09 1.19E-07 1.39E-03  7.06E-04 0.37692
10820.00 .9242144    4.28E-24 5.01E-20 3.54E-24 7.28E-08 8.53E-04 1.53E-08 4.38E-08 5.13E-04 9.26E-09 1.17E-07 1.37E-03  7.08E-04 0.37433
10830.00 .9233611    4.03E-24 4.73E-20 3.51E-24 8.04E-08 9.43E-04 1.57E-08 4.91E-08 5.76E-04 1.02E-08 1.29E-07 1.52E-03  7.09E-04 0.38858
10840.00 .9225093    3.80E-24 4.46E-20 3.43E-24 8.76E-08 1.03E-03 1.62E-08 5.38E-08 6.32E-04 1.10E-08 1.41E-07 1.66E-03  7.10E-04 0.39693
10850.00 .9216590    3.64E-24 4.29E-20 3.26E-24 8.74E-08 1.03E-03 1.63E-08 5.35E-08 6.30E-04 1.10E-08 1.41E-07 1.66E-03  7.12E-04 0.39505
10860.00 .9208103    3.45E-24 4.07E-20 3.13E-24 9.11E-08 1.07E-03 1.66E-08 5.59E-08 6.59E-04 1.14E-08 1.47E-07 1.73E-03  7.13E-04 0.39750
10870.00 .9199632    3.27E-24 3.86E-20 2.94E-24 9.20E-08 1.09E-03 1.67E-08 5.62E-08 6.64E-04 1.13E-08 1.48E-07 1.75E-03  7.15E-04 0.39056
10880.00 .9191176    3.16E-24 3.75E-20 2.65E-24 8.16E-08 9.66E-04 1.60E-08 4.88E-08 5.78E-04 9.94E-09 1.30E-07 1.54E-03  7.16E-04 0.36831
10890.00 .9182736    3.08E-24 3.65E-20 2.30E-24 6.61E-08 7.84E-04 1.48E-08 3.78E-08 4.49E-04 7.79E-09 1.04E-07 1.23E-03  7.17E-04 0.33455
10900.00 .9174312    2.96E-24 3.51E-20 2.11E-24 6.14E-08 7.29E-04 1.43E-08 3.44E-08 4.09E-04 7.05E-09 9.58E-08 1.14E-03  7.18E-04 0.32332
10910.00 .9165903    2.81E-24 3.34E-20 2.04E-24 6.38E-08 7.59E-04 1.45E-08 3.59E-08 4.28E-04 7.33E-09 9.97E-08 1.19E-03  7.19E-04 0.32543
10920.00 .9157509    2.67E-24 3.19E-20 1.89E-24 6.06E-08 7.23E-04 1.43E-08 3.37E-08 4.02E-04 6.96E-09 9.43E-08 1.12E-03  7.20E-04 0.31678
10930.00 .9149131    2.57E-24 3.06E-20 1.85E-24 6.16E-08 7.36E-04 1.45E-08 3.45E-08 4.12E-04 7.14E-09 9.61E-08 1.15E-03  7.21E-04 0.32493
10940.00 .9140768    2.45E-24 2.94E-20 1.73E-24 6.01E-08 7.19E-04 1.44E-08 3.31E-08 3.96E-04 6.86E-09 9.31E-08 1.11E-03  7.22E-04 0.31606
10950.00 .9132420    2.34E-24 2.80E-20 1.59E-24 5.94E-08 7.12E-04 1.42E-08 3.22E-08 3.86E-04 6.62E-09 9.16E-08 1.10E-03  7.23E-04 0.30659
10960.00 .9124088    2.21E-24 2.66E-20 1.66E-24 7.08E-08 8.51E-04 1.50E-08 4.03E-08 4.84E-04 8.03E-09 1.11E-07 1.34E-03  7.24E-04 0.33644
10970.00 .9115770    2.11E-24 2.54E-20 1.65E-24 7.53E-08 9.06E-04 1.53E-08 4.34E-08 5.22E-04 8.60E-09 1.19E-07 1.43E-03  7.25E-04 0.34815
10980.00 .9107468    2.04E-24 2.46E-20 1.50E-24 6.85E-08 8.26E-04 1.48E-08 3.84E-08 4.63E-04 7.76E-09 1.07E-07 1.29E-03  7.26E-04 0.33142
10990.00 .9099181    1.95E-24 2.36E-20 1.41E-24 6.46E-08 7.81E-04 1.45E-08 3.57E-08 4.31E-04 7.29E-09 1.00E-07 1.21E-03  7.27E-04 0.32582

                                             RADIANCE(WATTS/CM2-STER-XXX)

  FREQ  WAVELENGTH     PATH_THERMAL    SURFACE      PATH_SCATTERED_SOLAR   GROUND_REFLECTED_RADIANCE   TOTAL_RADIANCE   INTEGRAL    TOTAL
                                       EMISSION     TOTAL RAD      SINGLE        TOTAL        DIRECT                                TRANS
 (CM-1) (MICRON)       (CM-1)  (MICRN)   (CM-1)   (CM-1)  (MICRN)   (CM-1)   (CM-1)  (MICRN)   (CM-1)   (CM-1)  (MICRN)

11000.00 .9090909    1.84E-24 2.23E-20 1.35E-24 6.61E-08 7.99E-04 1.45E-08 3.67E-08 4.44E-04 7.38E-09 1.03E-07 1.24E-03  7.28E-04 0.32641
11010.00 .9082652    1.74E-24 2.12E-20 1.27E-24 6.85E-08 8.30E-04 1.46E-08 3.80E-08 4.61E-04 7.47E-09 1.07E-07 1.29E-03  7.29E-04 0.32355
11020.00 .9074410    1.67E-24 2.03E-20 1.25E-24 7.10E-08 8.62E-04 1.50E-08 3.96E-08 4.80E-04 7.73E-09 1.11E-07 1.34E-03  7.30E-04 0.33219
11030.00 .9066183    1.60E-24 1.94E-20 1.29E-24 8.16E-08 9.93E-04 1.60E-08 4.69E-08 5.70E-04 9.10E-09 1.28E-07 1.56E-03  7.32E-04 0.36131
11040.00 .9057971    1.50E-24 1.83E-20 1.34E-24 9.75E-08 1.19E-03 1.73E-08 5.76E-08 7.02E-04 1.10E-08 1.55E-07 1.89E-03  7.33E-04 0.39283
11050.00 .9049774    1.43E-24 1.74E-20 1.33E-24 1.06E-07 1.29E-03 1.80E-08 6.29E-08 7.69E-04 1.20E-08 1.69E-07 2.06E-03  7.35E-04 0.40777
11060.00 .9041591    1.37E-24 1.67E-20 1.27E-24 1.04E-07 1.27E-03 1.79E-08 6.14E-08 7.51E-04 1.18E-08 1.65E-07 2.02E-03  7.36E-04 0.40435
11070.00 .9033424    1.31E-24 1.61E-20 1.13E-24 9.01E-08 1.10E-03 1.67E-08 5.22E-08 6.39E-04 1.00E-08 1.42E-07 1.74E-03  7.38E-04 0.37627
11080.00 .9025271    1.26E-24 1.55E-20 9.81E-25 7.42E-08 9.10E-04 1.52E-08 4.16E-08 5.10E-04 7.95E-09 1.16E-07 1.42E-03  7.39E-04 0.34352
11090.00 .9017133    1.22E-24 1.50E-20 8.94E-25 6.62E-08 8.14E-04 1.44E-08 3.61E-08 4.45E-04 7.01E-09 1.02E-07 1.26E-03  7.40E-04 0.32801
11100.00 .9009009    1.17E-24 1.44E-20 8.48E-25 6.75E-08 8.32E-04 1.46E-08 3.67E-08 4.53E-04 7.13E-09 1.04E-07 1.28E-03  7.41E-04 0.32629
11110.00 .9000900    1.10E-24 1.35E-20 7.84E-25 6.91E-08 8.53E-04 1.46E-08 3.74E-08 4.61E-04 7.09E-09 1.07E-07 1.31E-03  7.42E-04 0.31552
11120.00 .8992805    1.04E-24 1.29E-20 7.16E-25 6.78E-08 8.39E-04 1.44E-08 3.61E-08 4.47E-04 6.80E-09 1.04E-07 1.29E-03  7.43E-04 0.30189
11130.00 .8984726    1.00E-24 1.24E-20 7.26E-25 7.38E-08 9.14E-04 1.52E-08 4.01E-08 4.96E-04 7.65E-09 1.14E-07 1.41E-03  7.44E-04 0.32205
11140.00 .8976661    9.78E-25 1.21E-20 7.32E-25 7.62E-08 9.46E-04 1.57E-08 4.16E-08 5.16E-04 8.15E-09 1.18E-07 1.46E-03  7.46E-04 0.33870
11150.00 .8968610    9.44E-25 1.17E-20 7.06E-25 7.70E-08 9.58E-04 1.59E-08 4.19E-08 5.21E-04 8.31E-09 1.19E-07 1.48E-03  7.47E-04 0.34230
11160.00 .8960574    8.98E-25 1.12E-20 7.12E-25 8.49E-08 1.06E-03 1.67E-08 4.72E-08 5.88E-04 9.31E-09 1.32E-07 1.65E-03  7.48E-04 0.36198
11170.00 .8952551    8.49E-25 1.06E-20 7.25E-25 9.50E-08 1.19E-03 1.74E-08 5.40E-08 6.74E-04 1.05E-08 1.49E-07 1.86E-03  7.50E-04 0.38630
11180.00 .8944544    7.94E-25 9.93E-21 7.32E-25 1.08E-07 1.35E-03 1.82E-08 6.26E-08 7.83E-04 1.19E-08 1.71E-07 2.14E-03  7.51E-04 0.40850
11190.00 .8936551    7.42E-25 9.29E-21 7.27E-25 1.20E-07 1.50E-03 1.88E-08 7.00E-08 8.77E-04 1.29E-08 1.90E-07 2.38E-03  7.53E-04 0.42453
11200.00 .8928571    6.96E-25 8.72E-21 7.15E-25 1.30E-07 1.63E-03 1.93E-08 7.59E-08 9.52E-04 1.37E-08 2.06E-07 2.58E-03  7.55E-04 0.43683
11210.00 .8920606    6.53E-25 8.21E-21 6.99E-25 1.40E-07 1.76E-03 1.98E-08 8.21E-08 1.03E-03 1.46E-08 2.22E-07 2.79E-03  7.57E-04 0.44773
11220.00 .8912655    6.18E-25 7.78E-21 6.77E-25 1.47E-07 1.86E-03 2.03E-08 8.64E-08 1.09E-03 1.52E-08 2.34E-07 2.94E-03  7.60E-04 0.45365
11230.00 .8904719    5.88E-25 7.42E-21 6.49E-25 1.50E-07 1.89E-03 2.05E-08 8.79E-08 1.11E-03 1.54E-08 2.38E-07 3.00E-03  7.62E-04 0.45523
11240.00 .8896797    5.61E-25 7.08E-21 6.20E-25 1.51E-07 1.91E-03 2.05E-08 8.84E-08 1.12E-03 1.55E-08 2.40E-07 3.03E-03  7.65E-04 0.45601
11250.00 .8888889    5.36E-25 6.78E-21 5.92E-25 1.51E-07 1.92E-03 2.05E-08 8.82E-08 1.12E-03 1.54E-08 2.40E-07 3.03E-03  7.67E-04 0.45567
11260.00 .8880995    5.13E-25 6.50E-21 5.64E-25 1.50E-07 1.90E-03 2.03E-08 8.70E-08 1.10E-03 1.52E-08 2.36E-07 3.00E-03  7.69E-04 0.45428
11270.00 .8873114    4.89E-25 6.21E-21 5.39E-25 1.47E-07 1.87E-03 2.00E-08 8.56E-08 1.09E-03 1.49E-08 2.33E-07 2.96E-03  7.72E-04 0.45465
11280.00 .8865248    4.67E-25 5.95E-21 5.14E-25 1.46E-07 1.85E-03 1.98E-08 8.45E-08 1.07E-03 1.47E-08 2.30E-07 2.93E-03  7.74E-04 0.45416
11290.00 .8857396    4.47E-25 5.69E-21 4.90E-25 1.49E-07 1.90E-03 2.02E-08 8.60E-08 1.10E-03 1.49E-08 2.35E-07 2.99E-03  7.76E-04 0.45382
11300.00 .8849558    4.25E-25 5.43E-21 4.70E-25 1.53E-07 1.96E-03 2.06E-08 8.85E-08 1.13E-03 1.53E-08 2.42E-07 3.09E-03  7.79E-04 0.45567
11310.00 .8841733    4.06E-25 5.19E-21 4.49E-25 1.54E-07 1.97E-03 2.06E-08 8.88E-08 1.14E-03 1.53E-08 2.43E-07 3.11E-03  7.81E-04 0.45627
11320.00 .8833922    3.88E-25 4.97E-21 4.28E-25 1.53E-07 1.97E-03 2.05E-08 8.82E-08 1.13E-03 1.51E-08 2.42E-07 3.10E-03  7.84E-04 0.45553
11330.00 .8826125    3.71E-25 4.76E-21 4.09E-25 1.53E-07 1.96E-03 2.04E-08 8.77E-08 1.13E-03 1.50E-08 2.41E-07 3.09E-03  7.86E-04 0.45512
11340.00 .8818342    3.54E-25 4.55E-21 3.90E-25 1.52E-07 1.95E-03 2.03E-08 8.69E-08 1.12E-03 1.49E-08 2.39E-07 3.07E-03  7.88E-04 0.45493
11350.00 .8810573    3.38E-25 4.36E-21 3.72E-25 1.51E-07 1.94E-03 2.01E-08 8.62E-08 1.11E-03 1.47E-08 2.37E-07 3.05E-03  7.91E-04 0.45489
11360.00 .8802817    3.23E-25 4.16E-21 3.55E-25 1.53E-07 1.97E-03 2.03E-08 8.72E-08 1.12E-03 1.48E-08 2.40E-07 3.10E-03  7.93E-04 0.45501
11370.00 .8795074    3.08E-25 3.98E-21 3.39E-25 1.56E-07 2.01E-03 2.06E-08 8.85E-08 1.14E-03 1.50E-08 2.44E-07 3.16E-03  7.96E-04 0.45502
11380.00 .8787346    2.94E-25 3.81E-21 3.24E-25 1.57E-07 2.03E-03 2.08E-08 8.91E-08 1.15E-03 1.51E-08 2.46E-07 3.19E-03  7.98E-04 0.45473
11390.00 .8779631    2.81E-25 3.65E-21 3.09E-25 1.58E-07 2.05E-03 2.09E-08 8.94E-08 1.16E-03 1.51E-08 2.47E-07 3.21E-03  8.00E-04 0.45449
11400.00 .8771930    2.69E-25 3.49E-21 2.95E-25 1.58E-07 2.05E-03 2.08E-08 8.93E-08 1.16E-03 1.51E-08 2.47E-07 3.21E-03  8.03E-04 0.45431
11410.00 .8764242    2.57E-25 3.34E-21 2.81E-25 1.57E-07 2.04E-03 2.07E-08 8.85E-08 1.15E-03 1.49E-08 2.46E-07 3.20E-03  8.05E-04 0.45400
11420.00 .8756567    2.45E-25 3.20E-21 2.69E-25 1.55E-07 2.03E-03 2.05E-08 8.74E-08 1.14E-03 1.47E-08 2.43E-07 3.17E-03  8.08E-04 0.45373
11430.00 .8748906    2.34E-25 3.06E-21 2.56E-25 1.56E-07 2.03E-03 2.05E-08 8.73E-08 1.14E-03 1.46E-08 2.43E-07 3.17E-03  8.10E-04 0.45343
11440.00 .8741259    2.24E-25 2.93E-21 2.44E-25 1.57E-07 2.06E-03 2.07E-08 8.81E-08 1.15E-03 1.47E-08 2.45E-07 3.21E-03  8.13E-04 0.45310
11450.00 .8733624    2.14E-25 2.80E-21 2.33E-25 1.59E-07 2.08E-03 2.09E-08 8.88E-08 1.16E-03 1.48E-08 2.48E-07 3.25E-03  8.15E-04 0.45282
11460.00 .8726004    2.04E-25 2.68E-21 2.23E-25 1.60E-07 2.10E-03 2.10E-08 8.91E-08 1.17E-03 1.48E-08 2.49E-07 3.27E-03  8.18E-04 0.45253
11470.00 .8718396    1.95E-25 2.57E-21 2.12E-25 1.59E-07 2.10E-03 2.09E-08 8.87E-08 1.17E-03 1.47E-08 2.48E-07 3.26E-03  8.20E-04 0.45215
11480.00 .8710802    1.86E-25 2.46E-21 2.03E-25 1.59E-07 2.10E-03 2.09E-08 8.83E-08 1.16E-03 1.46E-08 2.47E-07 3.26E-03  8.23E-04 0.45175
11490.00 .8703220    1.78E-25 2.35E-21 1.93E-25 1.59E-07 2.09E-03 2.08E-08 8.80E-08 1.16E-03 1.46E-08 2.47E-07 3.26E-03  8.25E-04 0.45139

                                             RADIANCE(WATTS/CM2-STER-XXX)

  FREQ  WAVELENGTH     PATH_THERMAL    SURFACE      PATH_SCATTERED_SOLAR   GROUND_REFLECTED_RADIANCE   TOTAL_RADIANCE   INTEGRAL    TOTAL
                                       EMISSION     TOTAL RAD      SINGLE        TOTAL        DIRECT                                TRANS
 (CM-1) (MICRON)       (CM-1)  (MICRN)   (CM-1)   (CM-1)  (MICRN)   (CM-1)   (CM-1)  (MICRN)   (CM-1)   (CM-1)  (MICRN)

11500.00 .8695652    1.70E-25 2.25E-21 1.84E-25 1.57E-07 2.07E-03 2.06E-08 8.67E-08 1.15E-03 1.43E-08 2.43E-07 3.22E-03  8.28E-04 0.45104
11510.00 .8688098    1.62E-25 2.15E-21 1.76E-25 1.55E-07 2.06E-03 2.04E-08 8.57E-08 1.14E-03 1.41E-08 2.41E-07 3.19E-03  8.30E-04 0.45066
11520.00 .8680556    1.55E-25 2.06E-21 1.68E-25 1.54E-07 2.05E-03 2.03E-08 8.51E-08 1.13E-03 1.40E-08 2.39E-07 3.18E-03  8.32E-04 0.45026
11530.00 .8673027    1.48E-25 1.97E-21 1.60E-25 1.45E-07 1.92E-03 1.90E-08 7.96E-08 1.06E-03 1.31E-08 2.24E-07 2.98E-03  8.35E-04 0.44987
11540.00 .8665511    1.42E-25 1.89E-21 1.53E-25 1.35E-07 1.80E-03 1.77E-08 7.42E-08 9.88E-04 1.21E-08 2.09E-07 2.79E-03  8.37E-04 0.44948
11550.00 .8658009    1.35E-25 1.81E-21 1.46E-25 1.44E-07 1.92E-03 1.89E-08 7.89E-08 1.05E-03 1.29E-08 2.23E-07 2.97E-03  8.39E-04 0.44906
11560.00 .8650519    1.29E-25 1.73E-21 1.39E-25 1.57E-07 2.10E-03 2.06E-08 8.60E-08 1.15E-03 1.40E-08 2.43E-07 3.25E-03  8.41E-04 0.44866
11570.00 .8643042    1.24E-25 1.65E-21 1.32E-25 1.61E-07 2.16E-03 2.12E-08 8.80E-08 1.18E-03 1.43E-08 2.49E-07 3.34E-03  8.44E-04 0.44827
11580.00 .8635579    1.18E-25 1.58E-21 1.26E-25 1.62E-07 2.17E-03 2.12E-08 8.80E-08 1.18E-03 1.43E-08 2.50E-07 3.35E-03  8.46E-04 0.44776
11590.00 .8628128    1.13E-25 1.52E-21 1.20E-25 1.61E-07 2.16E-03 2.11E-08 8.73E-08 1.17E-03 1.41E-08 2.48E-07 3.33E-03  8.49E-04 0.44721
11600.00 .8620690    1.08E-25 1.45E-21 1.15E-25 1.59E-07 2.14E-03 2.09E-08 8.64E-08 1.16E-03 1.40E-08 2.46E-07 3.31E-03  8.51E-04 0.44676
11610.00 .8613265    1.03E-25 1.39E-21 1.10E-25 1.59E-07 2.14E-03 2.09E-08 8.59E-08 1.16E-03 1.39E-08 2.45E-07 3.30E-03  8.54E-04 0.44630
11620.00 .8605852    9.84E-26 1.33E-21 1.05E-25 1.59E-07 2.15E-03 2.09E-08 8.60E-08 1.16E-03 1.38E-08 2.45E-07 3.31E-03  8.56E-04 0.44581
11630.00 .8598452    9.41E-26 1.27E-21 9.96E-26 1.59E-07 2.15E-03 2.09E-08 8.55E-08 1.16E-03 1.37E-08 2.44E-07 3.30E-03  8.59E-04 0.44511
11640.00 .8591065    8.99E-26 1.22E-21 9.50E-26 1.58E-07 2.14E-03 2.09E-08 8.50E-08 1.15E-03 1.36E-08 2.43E-07 3.29E-03  8.61E-04 0.44443
11650.00 .8583691    8.59E-26 1.17E-21 9.05E-26 1.58E-07 2.14E-03 2.09E-08 8.48E-08 1.15E-03 1.36E-08 2.43E-07 3.29E-03  8.63E-04 0.44367
11660.00 .8576329    8.22E-26 1.12E-21 8.62E-26 1.59E-07 2.16E-03 2.11E-08 8.51E-08 1.16E-03 1.36E-08 2.44E-07 3.31E-03  8.66E-04 0.44274
11670.00 .8568980    7.85E-26 1.07E-21 8.23E-26 1.59E-07 2.17E-03 2.12E-08 8.52E-08 1.16E-03 1.36E-08 2.44E-07 3.33E-03  8.68E-04 0.44239
11680.00 .8561644    7.50E-26 1.02E-21 7.84E-26 1.57E-07 2.14E-03 2.09E-08 8.39E-08 1.14E-03 1.33E-08 2.41E-07 3.29E-03  8.71E-04 0.44180
11690.00 .8554320    7.17E-26 9.80E-22 7.47E-26 1.45E-07 1.98E-03 1.93E-08 7.72E-08 1.05E-03 1.23E-08 2.22E-07 3.03E-03  8.73E-04 0.44067
11700.00 .8547009    6.86E-26 9.39E-22 7.11E-26 1.29E-07 1.76E-03 1.73E-08 6.85E-08 9.38E-04 1.09E-08 1.97E-07 2.70E-03  8.75E-04 0.43947
11710.00 .8539709    6.56E-26 8.99E-22 6.78E-26 1.32E-07 1.81E-03 1.78E-08 7.02E-08 9.62E-04 1.11E-08 2.02E-07 2.77E-03  8.77E-04 0.43874
11720.00 .8532423    6.26E-26 8.60E-22 6.47E-26 1.48E-07 2.03E-03 1.99E-08 7.84E-08 1.08E-03 1.24E-08 2.26E-07 3.11E-03  8.79E-04 0.43866
11730.00 .8525149    5.99E-26 8.24E-22 6.16E-26 1.53E-07 2.10E-03 2.06E-08 8.08E-08 1.11E-03 1.27E-08 2.34E-07 3.21E-03  8.82E-04 0.43739
11740.00 .8517888    5.73E-26 7.90E-22 5.86E-26 1.51E-07 2.08E-03 2.05E-08 7.97E-08 1.10E-03 1.26E-08 2.31E-07 3.18E-03  8.84E-04 0.43572
11750.00 .8510638    5.47E-26 7.55E-22 5.60E-26 1.50E-07 2.07E-03 2.03E-08 7.88E-08 1.09E-03 1.24E-08 2.28E-07 3.15E-03  8.86E-04 0.43602
11760.00 .8503402    5.22E-26 7.21E-22 5.36E-26 1.46E-07 2.02E-03 1.96E-08 7.69E-08 1.06E-03 1.20E-08 2.23E-07 3.09E-03  8.88E-04 0.43706
11770.00 .8496176    4.98E-26 6.90E-22 5.11E-26 1.49E-07 2.06E-03 1.99E-08 7.79E-08 1.08E-03 1.22E-08 2.26E-07 3.14E-03  8.91E-04 0.43700
11780.00 .8488964    4.76E-26 6.61E-22 4.87E-26 1.55E-07 2.15E-03 2.09E-08 8.13E-08 1.13E-03 1.27E-08 2.37E-07 3.28E-03  8.93E-04 0.43619
11790.00 .8481764    4.55E-26 6.32E-22 4.65E-26 1.58E-07 2.20E-03 2.12E-08 8.26E-08 1.15E-03 1.28E-08 2.41E-07 3.34E-03  8.95E-04 0.43614
11800.00 .8474576    4.34E-26 6.04E-22 4.45E-26 1.58E-07 2.20E-03 2.11E-08 8.24E-08 1.15E-03 1.28E-08 2.41E-07 3.35E-03  8.98E-04 0.43692
11810.00 .8467401    4.14E-26 5.78E-22 4.24E-26 1.58E-07 2.20E-03 2.10E-08 8.22E-08 1.15E-03 1.27E-08 2.40E-07 3.35E-03  9.00E-04 0.43653
11820.00 .8460236    3.96E-26 5.54E-22 4.04E-26 1.58E-07 2.21E-03 2.12E-08 8.22E-08 1.15E-03 1.27E-08 2.41E-07 3.36E-03  9.03E-04 0.43533
11830.00 .8453085    3.79E-26 5.30E-22 3.85E-26 1.58E-07 2.21E-03 2.12E-08 8.17E-08 1.14E-03 1.26E-08 2.39E-07 3.35E-03  9.05E-04 0.43422
11840.00 .8445946    3.63E-26 5.09E-22 3.65E-26 1.53E-07 2.15E-03 2.09E-08 7.93E-08 1.11E-03 1.22E-08 2.32E-07 3.26E-03  9.07E-04 0.43144
11850.00 .8438818    3.48E-26 4.89E-22 3.46E-26 1.50E-07 2.10E-03 2.07E-08 7.73E-08 1.09E-03 1.19E-08 2.27E-07 3.19E-03  9.10E-04 0.42869
11860.00 .8431704    3.32E-26 4.66E-22 3.31E-26 1.52E-07 2.13E-03 2.09E-08 7.82E-08 1.10E-03 1.20E-08 2.30E-07 3.23E-03  9.12E-04 0.42927
11870.00 .8424599    3.15E-26 4.44E-22 3.16E-26 1.53E-07 2.15E-03 2.10E-08 7.85E-08 1.11E-03 1.20E-08 2.31E-07 3.26E-03  9.14E-04 0.42901
11880.00 .8417509    3.01E-26 4.25E-22 2.98E-26 1.48E-07 2.09E-03 2.08E-08 7.60E-08 1.07E-03 1.17E-08 2.24E-07 3.16E-03  9.16E-04 0.42427
11890.00 .8410429    2.88E-26 4.08E-22 2.83E-26 1.46E-07 2.06E-03 2.08E-08 7.46E-08 1.05E-03 1.15E-08 2.20E-07 3.12E-03  9.19E-04 0.42132
11900.00 .8403361    2.75E-26 3.90E-22 2.71E-26 1.48E-07 2.09E-03 2.09E-08 7.53E-08 1.07E-03 1.15E-08 2.23E-07 3.16E-03  9.21E-04 0.42263
11910.00 .8396306    2.63E-26 3.73E-22 2.58E-26 1.45E-07 2.06E-03 2.06E-08 7.40E-08 1.05E-03 1.13E-08 2.19E-07 3.11E-03  9.23E-04 0.42171
11920.00 .8389261    2.52E-26 3.58E-22 2.44E-26 1.41E-07 2.00E-03 2.03E-08 7.14E-08 1.01E-03 1.09E-08 2.12E-07 3.01E-03  9.25E-04 0.41818
11930.00 .8382230    2.42E-26 3.44E-22 2.31E-26 1.39E-07 1.98E-03 2.04E-08 7.04E-08 1.00E-03 1.08E-08 2.09E-07 2.98E-03  9.27E-04 0.41425
11940.00 .8375210    2.31E-26 3.30E-22 2.18E-26 1.38E-07 1.96E-03 2.05E-08 6.94E-08 9.90E-04 1.07E-08 2.07E-07 2.95E-03  9.29E-04 0.41036
11950.00 .8368201    2.22E-26 3.17E-22 2.07E-26 1.35E-07 1.93E-03 2.03E-08 6.79E-08 9.70E-04 1.05E-08 2.03E-07 2.90E-03  9.31E-04 0.40695
11960.00 .8361205    2.13E-26 3.04E-22 1.95E-26 1.32E-07 1.89E-03 2.02E-08 6.60E-08 9.44E-04 1.03E-08 1.98E-07 2.84E-03  9.33E-04 0.40276
11970.00 .8354218    2.03E-26 2.91E-22 1.86E-26 1.32E-07 1.89E-03 2.02E-08 6.56E-08 9.41E-04 1.01E-08 1.97E-07 2.83E-03  9.35E-04 0.40232
11980.00 .8347245    1.94E-26 2.78E-22 1.77E-26 1.29E-07 1.86E-03 1.99E-08 6.41E-08 9.20E-04 9.86E-09 1.93E-07 2.78E-03  9.37E-04 0.39959
11990.00 .8340284    1.87E-26 2.69E-22 1.64E-26 1.19E-07 1.71E-03 1.93E-08 5.85E-08 8.41E-04 9.12E-09 1.78E-07 2.56E-03  9.39E-04 0.38824

                                             RADIANCE(WATTS/CM2-STER-XXX)

  FREQ  WAVELENGTH     PATH_THERMAL    SURFACE      PATH_SCATTERED_SOLAR   GROUND_REFLECTED_RADIANCE   TOTAL_RADIANCE   INTEGRAL    TOTAL
                                       EMISSION     TOTAL RAD      SINGLE        TOTAL        DIRECT                                TRANS
 (CM-1) (MICRON)       (CM-1)  (MICRN)   (CM-1)   (CM-1)  (MICRN)   (CM-1)   (CM-1)  (MICRN)   (CM-1)   (CM-1)  (MICRN)

12000.00 .8333333    1.78E-26 2.56E-22 1.54E-26 1.15E-07 1.66E-03 1.90E-08 5.63E-08 8.10E-04 8.78E-09 1.71E-07 2.47E-03  9.41E-04 0.38177
12010.00 .8326395    1.68E-26 2.43E-22 1.45E-26 1.16E-07 1.67E-03 1.90E-08 5.63E-08 8.11E-04 8.72E-09 1.72E-07 2.48E-03  9.43E-04 0.37612
12020.00 .8319467    1.62E-26 2.33E-22 1.36E-26 1.13E-07 1.63E-03 1.90E-08 5.46E-08 7.88E-04 8.52E-09 1.68E-07 2.42E-03  9.44E-04 0.37143
12030.00 .8312552    1.55E-26 2.25E-22 1.31E-26 1.14E-07 1.64E-03 1.90E-08 5.48E-08 7.93E-04 8.55E-09 1.68E-07 2.44E-03  9.46E-04 0.37483
12040.00 .8305648    1.48E-26 2.14E-22 1.25E-26 1.14E-07 1.66E-03 1.90E-08 5.49E-08 7.96E-04 8.49E-09 1.69E-07 2.45E-03  9.48E-04 0.37261
12050.00 .8298755    1.36E-26 1.97E-22 1.16E-26 1.12E-07 1.62E-03 1.88E-08 5.33E-08 7.75E-04 8.18E-09 1.65E-07 2.40E-03  9.49E-04 0.36365
12060.00 .8291875    1.20E-26 1.75E-22 1.09E-26 1.09E-07 1.58E-03 1.87E-08 5.16E-08 7.50E-04 7.88E-09 1.60E-07 2.33E-03  9.51E-04 0.35602
12070.00 .8285003    1.09E-26 1.58E-22 1.01E-26 1.04E-07 1.52E-03 1.84E-08 4.88E-08 7.10E-04 7.50E-09 1.53E-07 2.23E-03  9.52E-04 0.34853
12080.00 .8278146    1.03E-26 1.51E-22 9.77E-27 1.05E-07 1.54E-03 1.86E-08 4.94E-08 7.21E-04 7.60E-09 1.55E-07 2.26E-03  9.54E-04 0.35200
12090.00 .8271298    1.01E-26 1.47E-22 9.82E-27 1.17E-07 1.71E-03 1.94E-08 5.59E-08 8.17E-04 8.48E-09 1.73E-07 2.53E-03  9.56E-04 0.37112
12100.00 .8264463    9.71E-27 1.42E-22 9.52E-27 1.20E-07 1.76E-03 1.95E-08 5.73E-08 8.40E-04 8.68E-09 1.77E-07 2.60E-03  9.57E-04 0.37603
12110.00 .8257639    9.27E-27 1.36E-22 9.07E-27 1.20E-07 1.76E-03 1.95E-08 5.72E-08 8.39E-04 8.62E-09 1.77E-07 2.60E-03  9.59E-04 0.37568
12120.00 .8250824    8.94E-27 1.31E-22 8.83E-27 1.24E-07 1.83E-03 1.97E-08 5.95E-08 8.74E-04 8.88E-09 1.84E-07 2.70E-03  9.61E-04 0.38304
12130.00 .8244023    8.44E-27 1.24E-22 8.10E-27 1.12E-07 1.65E-03 1.90E-08 5.29E-08 7.78E-04 8.00E-09 1.65E-07 2.43E-03  9.63E-04 0.36678
12140.00 .8237231    7.48E-27 1.10E-22 6.63E-27 8.45E-08 1.25E-03 1.70E-08 3.76E-08 5.54E-04 5.89E-09 1.22E-07 1.80E-03  9.64E-04 0.31355
12150.00 .8230453    6.71E-27 9.91E-23 5.67E-27 7.19E-08 1.06E-03 1.58E-08 3.06E-08 4.51E-04 4.83E-09 1.02E-07 1.51E-03  9.65E-04 0.28277
12160.00 .8223685    6.84E-27 1.01E-22 6.21E-27 9.26E-08 1.37E-03 1.73E-08 4.20E-08 6.21E-04 6.39E-09 1.35E-07 1.99E-03  9.66E-04 0.32609
12170.00 .8216926    7.05E-27 1.04E-22 6.88E-27 1.18E-07 1.75E-03 1.92E-08 5.60E-08 8.30E-04 8.34E-09 1.74E-07 2.58E-03  9.68E-04 0.37696
12180.00 .8210180    6.78E-27 1.01E-22 6.66E-27 1.22E-07 1.81E-03 1.95E-08 5.80E-08 8.60E-04 8.61E-09 1.80E-07 2.67E-03  9.70E-04 0.38127
12190.00 .8203445    6.30E-27 9.35E-23 5.99E-27 1.09E-07 1.62E-03 1.85E-08 5.06E-08 7.52E-04 7.55E-09 1.59E-07 2.37E-03  9.71E-04 0.35831
12200.00 .8196721    5.86E-27 8.72E-23 5.41E-27 9.76E-08 1.45E-03 1.77E-08 4.45E-08 6.62E-04 6.61E-09 1.42E-07 2.11E-03  9.73E-04 0.33963
12210.00 .8190009    5.52E-27 8.23E-23 4.99E-27 9.19E-08 1.37E-03 1.73E-08 4.12E-08 6.15E-04 6.14E-09 1.33E-07 1.99E-03  9.74E-04 0.32848
12220.00 .8183305    5.21E-27 7.78E-23 4.64E-27 8.85E-08 1.32E-03 1.72E-08 3.92E-08 5.86E-04 5.89E-09 1.28E-07 1.91E-03  9.75E-04 0.31945
12230.00 .8176615    4.91E-27 7.34E-23 4.40E-27 9.02E-08 1.35E-03 1.74E-08 4.00E-08 5.98E-04 6.00E-09 1.30E-07 1.95E-03  9.77E-04 0.31795
12240.00 .8169934    4.26E-27 6.38E-23 4.11E-27 8.84E-08 1.32E-03 1.73E-08 3.88E-08 5.81E-04 5.82E-09 1.27E-07 1.91E-03  9.78E-04 0.31116
12250.00 .8163266    3.37E-27 5.05E-23 3.87E-27 8.53E-08 1.28E-03 1.72E-08 3.68E-08 5.52E-04 5.61E-09 1.22E-07 1.83E-03  9.79E-04 0.30695
12260.00 .8156608    2.87E-27 4.32E-23 3.77E-27 8.52E-08 1.28E-03 1.74E-08 3.66E-08 5.50E-04 5.71E-09 1.22E-07 1.83E-03  9.80E-04 0.31334
12270.00 .8149959    2.76E-27 4.16E-23 3.69E-27 8.68E-08 1.31E-03 1.78E-08 3.75E-08 5.64E-04 5.95E-09 1.24E-07 1.87E-03  9.82E-04 0.32166
12280.00 .8143322    2.74E-27 4.13E-23 3.62E-27 9.11E-08 1.37E-03 1.82E-08 3.98E-08 6.00E-04 6.28E-09 1.31E-07 1.97E-03  9.83E-04 0.33052
12290.00 .8136696    2.78E-27 4.19E-23 3.59E-27 1.00E-07 1.52E-03 1.88E-08 4.47E-08 6.75E-04 6.81E-09 1.45E-07 2.19E-03  9.84E-04 0.34359
12300.00 .8130081    2.89E-27 4.37E-23 3.64E-27 1.14E-07 1.72E-03 1.96E-08 5.20E-08 7.86E-04 7.65E-09 1.66E-07 2.51E-03  9.86E-04 0.36439
12310.00 .8123478    2.92E-27 4.43E-23 3.62E-27 1.23E-07 1.86E-03 2.01E-08 5.68E-08 8.61E-04 8.23E-09 1.80E-07 2.72E-03  9.88E-04 0.37948
12320.00 .8116882    2.86E-27 4.34E-23 3.51E-27 1.28E-07 1.95E-03 2.04E-08 5.96E-08 9.04E-04 8.55E-09 1.88E-07 2.85E-03  9.90E-04 0.38596
12330.00 .8110300    2.81E-27 4.27E-23 3.42E-27 1.35E-07 2.06E-03 2.08E-08 6.30E-08 9.58E-04 8.95E-09 1.99E-07 3.02E-03  9.92E-04 0.39315
12340.00 .8103727    2.74E-27 4.18E-23 3.31E-27 1.41E-07 2.14E-03 2.09E-08 6.56E-08 9.98E-04 9.19E-09 2.06E-07 3.14E-03  9.94E-04 0.39898
12350.00 .8097166    2.65E-27 4.05E-23 3.18E-27 1.44E-07 2.19E-03 2.09E-08 6.69E-08 1.02E-03 9.30E-09 2.11E-07 3.21E-03  9.96E-04 0.40192
12360.00 .8090615    2.56E-27 3.92E-23 3.06E-27 1.48E-07 2.26E-03 2.11E-08 6.89E-08 1.05E-03 9.52E-09 2.17E-07 3.31E-03  9.98E-04 0.40457
12370.00 .8084074    2.48E-27 3.79E-23 2.94E-27 1.53E-07 2.34E-03 2.14E-08 7.11E-08 1.09E-03 9.76E-09 2.24E-07 3.43E-03  1.00E-03 0.40730
12380.00 .8077545    2.38E-27 3.65E-23 2.82E-27 1.57E-07 2.40E-03 2.16E-08 7.26E-08 1.11E-03 9.94E-09 2.29E-07 3.51E-03  1.00E-03 0.40895
12390.00 .8071024    2.28E-27 3.50E-23 2.69E-27 1.58E-07 2.43E-03 2.18E-08 7.33E-08 1.13E-03 1.00E-08 2.32E-07 3.56E-03  1.00E-03 0.40905
12400.00 .8064516    2.18E-27 3.35E-23 2.57E-27 1.59E-07 2.45E-03 2.19E-08 7.36E-08 1.13E-03 1.00E-08 2.33E-07 3.58E-03  1.01E-03 0.40879
12410.00 .8058018    2.09E-27 3.21E-23 2.45E-27 1.59E-07 2.45E-03 2.18E-08 7.34E-08 1.13E-03 9.98E-09 2.33E-07 3.58E-03  1.01E-03 0.40910
12420.00 .8051529    1.98E-27 3.05E-23 2.32E-27 1.54E-07 2.37E-03 2.14E-08 7.08E-08 1.09E-03 9.64E-09 2.25E-07 3.47E-03  1.01E-03 0.40589
12430.00 .8045052    1.85E-27 2.86E-23 2.19E-27 1.47E-07 2.28E-03 2.12E-08 6.76E-08 1.04E-03 9.24E-09 2.15E-07 3.32E-03  1.01E-03 0.40008
12440.00 .8038585    1.75E-27 2.71E-23 2.07E-27 1.46E-07 2.26E-03 2.13E-08 6.68E-08 1.03E-03 9.12E-09 2.13E-07 3.30E-03  1.02E-03 0.39773
12450.00 .8032129    1.67E-27 2.59E-23 1.97E-27 1.45E-07 2.24E-03 2.12E-08 6.60E-08 1.02E-03 8.98E-09 2.11E-07 3.26E-03  1.02E-03 0.39647
12460.00 .8025683    1.59E-27 2.47E-23 1.88E-27 1.44E-07 2.23E-03 2.12E-08 6.55E-08 1.02E-03 8.89E-09 2.09E-07 3.25E-03  1.02E-03 0.39534
12470.00 .8019246    1.52E-27 2.37E-23 1.80E-27 1.47E-07 2.28E-03 2.14E-08 6.66E-08 1.04E-03 9.01E-09 2.13E-07 3.31E-03  1.02E-03 0.39572
12480.00 .8012820    1.46E-27 2.27E-23 1.71E-27 1.48E-07 2.30E-03 2.14E-08 6.68E-08 1.04E-03 9.03E-09 2.15E-07 3.34E-03  1.02E-03 0.39492
12490.00 .8006405    1.39E-27 2.17E-23 1.63E-27 1.47E-07 2.29E-03 2.13E-08 6.64E-08 1.04E-03 8.95E-09 2.14E-07 3.33E-03  1.03E-03 0.39466

                                             RADIANCE(WATTS/CM2-STER-XXX)

  FREQ  WAVELENGTH     PATH_THERMAL    SURFACE      PATH_SCATTERED_SOLAR   GROUND_REFLECTED_RADIANCE   TOTAL_RADIANCE   INTEGRAL    TOTAL
                                       EMISSION     TOTAL RAD      SINGLE        TOTAL        DIRECT                                TRANS
 (CM-1) (MICRON)       (CM-1)  (MICRN)   (CM-1)   (CM-1)  (MICRN)   (CM-1)   (CM-1)  (MICRN)   (CM-1)   (CM-1)  (MICRN)

12500.00 .8000000    1.34E-27 2.10E-23 1.57E-27 1.50E-07 2.34E-03 2.14E-08 6.76E-08 1.06E-03 9.04E-09 2.17E-07 3.39E-03  1.03E-03 0.39745
12510.00 .7993606    1.30E-27 2.03E-23 1.51E-27 1.55E-07 2.42E-03 2.17E-08 6.98E-08 1.09E-03 9.29E-09 2.24E-07 3.51E-03  1.03E-03 0.40067
12520.00 .7987220    1.25E-27 1.95E-23 1.44E-27 1.57E-07 2.46E-03 2.19E-08 7.08E-08 1.11E-03 9.40E-09 2.28E-07 3.57E-03  1.03E-03 0.40165
12530.00 .7980846    1.19E-27 1.87E-23 1.38E-27 1.57E-07 2.47E-03 2.19E-08 7.08E-08 1.11E-03 9.39E-09 2.28E-07 3.58E-03  1.04E-03 0.40162
12540.00 .7974482    1.13E-27 1.77E-23 1.31E-27 1.54E-07 2.42E-03 2.18E-08 6.90E-08 1.09E-03 9.18E-09 2.23E-07 3.51E-03  1.04E-03 0.39833
12550.00 .7968128    1.05E-27 1.65E-23 1.22E-27 1.45E-07 2.29E-03 2.14E-08 6.48E-08 1.02E-03 8.71E-09 2.10E-07 3.31E-03  1.04E-03 0.39073
12560.00 .7961784    9.97E-28 1.57E-23 1.16E-27 1.44E-07 2.27E-03 2.13E-08 6.40E-08 1.01E-03 8.60E-09 2.08E-07 3.28E-03  1.04E-03 0.38929
12570.00 .7955449    9.84E-28 1.55E-23 1.13E-27 1.53E-07 2.42E-03 2.16E-08 6.84E-08 1.08E-03 9.04E-09 2.22E-07 3.51E-03  1.04E-03 0.39773
12580.00 .7949126    9.65E-28 1.53E-23 1.10E-27 1.60E-07 2.53E-03 2.16E-08 7.14E-08 1.13E-03 9.32E-09 2.32E-07 3.66E-03  1.05E-03 0.40464
12590.00 .7942812    9.29E-28 1.47E-23 1.05E-27 1.62E-07 2.56E-03 2.16E-08 7.20E-08 1.14E-03 9.35E-09 2.34E-07 3.71E-03  1.05E-03 0.40626
12600.00 .7936508    8.78E-28 1.39E-23 9.98E-28 1.59E-07 2.53E-03 2.16E-08 7.06E-08 1.12E-03 9.19E-09 2.30E-07 3.65E-03  1.05E-03 0.40272
12610.00 .7930215    8.20E-28 1.30E-23 9.37E-28 1.54E-07 2.45E-03 2.15E-08 6.79E-08 1.08E-03 8.89E-09 2.22E-07 3.53E-03  1.05E-03 0.39588
12620.00 .7923930    7.77E-28 1.24E-23 8.89E-28 1.52E-07 2.42E-03 2.15E-08 6.69E-08 1.07E-03 8.78E-09 2.19E-07 3.49E-03  1.06E-03 0.39364
12630.00 .7917656    7.43E-28 1.19E-23 8.48E-28 1.51E-07 2.41E-03 2.15E-08 6.65E-08 1.06E-03 8.71E-09 2.18E-07 3.47E-03  1.06E-03 0.39349
12640.00 .7911392    7.06E-28 1.13E-23 8.05E-28 1.51E-07 2.41E-03 2.16E-08 6.60E-08 1.06E-03 8.63E-09 2.17E-07 3.46E-03  1.06E-03 0.39150
12650.00 .7905138    6.70E-28 1.07E-23 7.64E-28 1.50E-07 2.40E-03 2.17E-08 6.56E-08 1.05E-03 8.57E-09 2.16E-07 3.45E-03  1.06E-03 0.38903
12660.00 .7898895    6.35E-28 1.02E-23 7.25E-28 1.48E-07 2.37E-03 2.16E-08 6.45E-08 1.03E-03 8.44E-09 2.12E-07 3.40E-03  1.06E-03 0.38682
12670.00 .7892660    6.11E-28 9.81E-24 6.96E-28 1.50E-07 2.41E-03 2.18E-08 6.54E-08 1.05E-03 8.53E-09 2.16E-07 3.46E-03  1.07E-03 0.38905
12680.00 .7886435    5.96E-28 9.59E-24 6.73E-28 1.57E-07 2.52E-03 2.21E-08 6.83E-08 1.10E-03 8.81E-09 2.25E-07 3.62E-03  1.07E-03 0.39435
12690.00 .7880220    5.76E-28 9.28E-24 6.47E-28 1.61E-07 2.59E-03 2.22E-08 6.99E-08 1.13E-03 8.97E-09 2.30E-07 3.71E-03  1.07E-03 0.39696
12700.00 .7874016    5.52E-28 8.91E-24 6.19E-28 1.63E-07 2.62E-03 2.23E-08 7.07E-08 1.14E-03 9.03E-09 2.33E-07 3.76E-03  1.07E-03 0.39770
12710.00 .7867821    5.32E-28 8.59E-24 5.93E-28 1.66E-07 2.68E-03 2.25E-08 7.19E-08 1.16E-03 9.11E-09 2.38E-07 3.84E-03  1.08E-03 0.39934
12720.00 .7861635    5.14E-28 8.31E-24 5.70E-28 1.69E-07 2.74E-03 2.25E-08 7.33E-08 1.19E-03 9.23E-09 2.42E-07 3.92E-03  1.08E-03 0.40215
12730.00 .7855459    4.94E-28 8.01E-24 5.46E-28 1.72E-07 2.78E-03 2.25E-08 7.43E-08 1.20E-03 9.31E-09 2.46E-07 3.99E-03  1.08E-03 0.40369
12740.00 .7849293    4.73E-28 7.68E-24 5.21E-28 1.74E-07 2.82E-03 2.27E-08 7.50E-08 1.22E-03 9.38E-09 2.49E-07 4.04E-03  1.08E-03 0.40373
12750.00 .7843137    4.53E-28 7.36E-24 4.98E-28 1.74E-07 2.84E-03 2.27E-08 7.51E-08 1.22E-03 9.37E-09 2.50E-07 4.06E-03  1.09E-03 0.40390
12760.00 .7836991    4.33E-28 7.06E-24 4.76E-28 1.74E-07 2.83E-03 2.25E-08 7.48E-08 1.22E-03 9.30E-09 2.49E-07 4.05E-03  1.09E-03 0.40411
12770.00 .7830853    4.15E-28 6.76E-24 4.54E-28 1.75E-07 2.86E-03 2.27E-08 7.53E-08 1.23E-03 9.34E-09 2.51E-07 4.09E-03  1.09E-03 0.40410
12780.00 .7824726    3.96E-28 6.47E-24 4.33E-28 1.78E-07 2.90E-03 2.29E-08 7.61E-08 1.24E-03 9.42E-09 2.54E-07 4.14E-03  1.09E-03 0.40387
12790.00 .7818608    3.79E-28 6.19E-24 4.13E-28 1.78E-07 2.91E-03 2.30E-08 7.60E-08 1.24E-03 9.39E-09 2.54E-07 4.15E-03  1.10E-03 0.40358
12800.00 .7812500    3.62E-28 5.93E-24 3.94E-28 1.77E-07 2.90E-03 2.29E-08 7.56E-08 1.24E-03 9.31E-09 2.53E-07 4.14E-03  1.10E-03 0.40330
12810.00 .7806402    3.46E-28 5.67E-24 3.76E-28 1.77E-07 2.91E-03 2.28E-08 7.54E-08 1.24E-03 9.27E-09 2.53E-07 4.14E-03  1.10E-03 0.40298
12820.00 .7800312    3.30E-28 5.43E-24 3.58E-28 1.77E-07 2.91E-03 2.29E-08 7.53E-08 1.24E-03 9.23E-09 2.53E-07 4.15E-03  1.10E-03 0.40263
12830.00 .7794232    3.15E-28 5.19E-24 3.42E-28 1.78E-07 2.93E-03 2.30E-08 7.55E-08 1.24E-03 9.24E-09 2.54E-07 4.17E-03  1.11E-03 0.40227
12840.00 .7788162    3.01E-28 4.97E-24 3.26E-28 1.79E-07 2.95E-03 2.31E-08 7.58E-08 1.25E-03 9.25E-09 2.55E-07 4.20E-03  1.11E-03 0.40195
12850.00 .7782101    2.88E-28 4.75E-24 3.11E-28 1.79E-07 2.95E-03 2.30E-08 7.54E-08 1.25E-03 9.18E-09 2.54E-07 4.19E-03  1.11E-03 0.40162
12860.00 .7776051    2.75E-28 4.55E-24 2.96E-28 1.78E-07 2.94E-03 2.29E-08 7.49E-08 1.24E-03 9.10E-09 2.53E-07 4.18E-03  1.11E-03 0.40128
12870.00 .7770008    2.63E-28 4.35E-24 2.83E-28 1.79E-07 2.96E-03 2.30E-08 7.52E-08 1.25E-03 9.12E-09 2.54E-07 4.21E-03  1.12E-03 0.40096
12880.00 .7763975    2.51E-28 4.16E-24 2.70E-28 1.80E-07 2.99E-03 2.32E-08 7.55E-08 1.25E-03 9.13E-09 2.56E-07 4.24E-03  1.12E-03 0.40059
12890.00 .7757952    2.40E-28 3.98E-24 2.57E-28 1.78E-07 2.96E-03 2.29E-08 7.46E-08 1.24E-03 8.99E-09 2.53E-07 4.20E-03  1.12E-03 0.40017
12900.00 .7751938    2.29E-28 3.81E-24 2.45E-28 1.75E-07 2.91E-03 2.25E-08 7.30E-08 1.21E-03 8.79E-09 2.48E-07 4.12E-03  1.12E-03 0.39975
12910.00 .7745934    2.19E-28 3.64E-24 2.34E-28 1.75E-07 2.92E-03 2.26E-08 7.31E-08 1.22E-03 8.78E-09 2.48E-07 4.14E-03  1.13E-03 0.39931
12920.00 .7739938    2.09E-28 3.48E-24 2.23E-28 1.78E-07 2.98E-03 2.30E-08 7.43E-08 1.24E-03 8.90E-09 2.53E-07 4.22E-03  1.13E-03 0.39885
12930.00 .7733952    1.99E-28 3.33E-24 2.12E-28 1.78E-07 2.98E-03 2.30E-08 7.41E-08 1.24E-03 8.86E-09 2.52E-07 4.22E-03  1.13E-03 0.39831
12940.00 .7727975    1.90E-28 3.19E-24 2.02E-28 1.76E-07 2.95E-03 2.28E-08 7.31E-08 1.22E-03 8.72E-09 2.49E-07 4.17E-03  1.13E-03 0.39770
12950.00 .7722008    1.82E-28 3.05E-24 1.93E-28 1.75E-07 2.94E-03 2.27E-08 7.26E-08 1.22E-03 8.65E-09 2.48E-07 4.16E-03  1.14E-03 0.39716
12960.00 .7716050    1.73E-28 2.91E-24 1.84E-28 1.75E-07 2.94E-03 2.27E-08 7.25E-08 1.22E-03 8.62E-09 2.48E-07 4.16E-03  1.14E-03 0.39661
12970.00 .7710100    1.65E-28 2.78E-24 1.75E-28 1.75E-07 2.94E-03 2.28E-08 7.23E-08 1.22E-03 8.60E-09 2.47E-07 4.16E-03  1.14E-03 0.39555
12980.00 .7704160    1.57E-28 2.64E-24 1.66E-28 1.72E-07 2.90E-03 2.28E-08 7.11E-08 1.20E-03 8.50E-09 2.43E-07 4.10E-03  1.14E-03 0.39329
12990.00 .7698229    1.48E-28 2.49E-24 1.57E-28 1.67E-07 2.82E-03 2.25E-08 6.89E-08 1.16E-03 8.31E-09 2.36E-07 3.98E-03  1.15E-03 0.38956

                                             RADIANCE(WATTS/CM2-STER-XXX)

  FREQ  WAVELENGTH     PATH_THERMAL    SURFACE      PATH_SCATTERED_SOLAR   GROUND_REFLECTED_RADIANCE   TOTAL_RADIANCE   INTEGRAL    TOTAL
                                       EMISSION     TOTAL RAD      SINGLE        TOTAL        DIRECT                                TRANS
 (CM-1) (MICRON)       (CM-1)  (MICRN)   (CM-1)   (CM-1)  (MICRN)   (CM-1)   (CM-1)  (MICRN)   (CM-1)   (CM-1)  (MICRN)

13000.00 .7692308    1.39E-28 2.35E-24 1.48E-28 1.62E-07 2.75E-03 2.24E-08 6.69E-08 1.13E-03 8.15E-09 2.29E-07 3.87E-03  1.15E-03 0.38498
13010.00 .7686396    1.30E-28 2.19E-24 1.39E-28 1.58E-07 2.68E-03 2.22E-08 6.48E-08 1.10E-03 7.96E-09 2.23E-07 3.78E-03  1.15E-03 0.37908
13020.00 .7680492    1.20E-28 2.03E-24 1.30E-28 1.51E-07 2.56E-03 2.17E-08 6.16E-08 1.04E-03 7.62E-09 2.13E-07 3.61E-03  1.15E-03 0.37029
13030.00 .7674597    1.10E-28 1.86E-24 1.20E-28 1.41E-07 2.39E-03 2.08E-08 5.70E-08 9.68E-04 7.07E-09 1.98E-07 3.36E-03  1.15E-03 0.35845
13040.00 .7668711    9.93E-29 1.69E-24 1.10E-28 1.25E-07 2.13E-03 1.93E-08 5.05E-08 8.58E-04 6.27E-09 1.76E-07 2.99E-03  1.16E-03 0.34319
13050.00 .7662835    8.78E-29 1.50E-24 9.87E-29 1.06E-07 1.81E-03 1.77E-08 4.26E-08 7.25E-04 5.36E-09 1.49E-07 2.53E-03  1.16E-03 0.32328
13060.00 .7656968    7.59E-29 1.30E-24 8.65E-29 8.97E-08 1.53E-03 1.62E-08 3.56E-08 6.08E-04 4.49E-09 1.25E-07 2.14E-03  1.16E-03 0.29645
13070.00 .7651110    6.45E-29 1.10E-24 7.40E-29 7.51E-08 1.28E-03 1.46E-08 2.96E-08 5.05E-04 3.64E-09 1.05E-07 1.79E-03  1.16E-03 0.26534
13080.00 .7645260    5.40E-29 9.24E-25 6.28E-29 5.98E-08 1.02E-03 1.29E-08 2.32E-08 3.96E-04 2.83E-09 8.30E-08 1.42E-03  1.16E-03 0.23608
13090.00 .7639419    4.48E-29 7.67E-25 5.30E-29 4.53E-08 7.76E-04 1.11E-08 1.70E-08 2.92E-04 2.09E-09 6.23E-08 1.07E-03  1.16E-03 0.20869
13100.00 .7633588    3.89E-29 6.67E-25 4.64E-29 3.66E-08 6.28E-04 9.94E-09 1.33E-08 2.29E-04 1.63E-09 5.00E-08 8.57E-04  1.16E-03 0.19199
13110.00 .7627766    4.19E-29 7.20E-25 4.90E-29 4.63E-08 7.97E-04 1.09E-08 1.75E-08 3.01E-04 2.08E-09 6.38E-08 1.10E-03  1.16E-03 0.21386
13120.00 .7621951    4.56E-29 7.84E-25 5.26E-29 5.87E-08 1.01E-03 1.22E-08 2.26E-08 3.90E-04 2.69E-09 8.14E-08 1.40E-03  1.16E-03 0.23947
13130.00 .7616146    3.39E-29 5.84E-25 4.16E-29 4.16E-08 7.18E-04 1.00E-08 1.51E-08 2.61E-04 1.85E-09 5.68E-08 9.79E-04  1.16E-03 0.19554
13140.00 .7610350    1.75E-29 3.02E-25 2.50E-29 1.65E-08 2.85E-04 6.56E-09 4.35E-09 7.50E-05 5.81E-10 2.08E-08 3.60E-04  1.16E-03 0.12281
13150.00 .7604563    1.35E-29 2.34E-25 2.05E-29 1.43E-08 2.47E-04 6.36E-09 3.07E-09 5.31E-05 4.70E-10 1.73E-08 3.00E-04  1.16E-03 0.10813
13160.00 .7598785    2.71E-29 4.70E-25 3.35E-29 5.50E-08 9.53E-04 1.13E-08 1.96E-08 3.39E-04 2.41E-09 7.46E-08 1.29E-03  1.17E-03 0.18757
13170.00 .7593014    4.98E-29 8.63E-25 5.37E-29 1.27E-07 2.21E-03 1.86E-08 4.95E-08 8.58E-04 5.72E-09 1.77E-07 3.07E-03  1.17E-03 0.31192
13180.00 .7587253    6.13E-29 1.07E-24 6.30E-29 1.72E-07 2.99E-03 2.26E-08 6.79E-08 1.18E-03 7.67E-09 2.40E-07 4.17E-03  1.17E-03 0.37987
13190.00 .7581500    6.07E-29 1.06E-24 6.18E-29 1.81E-07 3.15E-03 2.33E-08 7.15E-08 1.24E-03 8.02E-09 2.53E-07 4.40E-03  1.17E-03 0.38953
13200.00 .7575758    5.80E-29 1.01E-24 5.90E-29 1.82E-07 3.18E-03 2.34E-08 7.18E-08 1.25E-03 8.04E-09 2.54E-07 4.43E-03  1.17E-03 0.38939
13210.00 .7570024    5.54E-29 9.67E-25 5.63E-29 1.82E-07 3.18E-03 2.34E-08 7.16E-08 1.25E-03 8.00E-09 2.54E-07 4.43E-03  1.18E-03 0.38908
13220.00 .7564297    5.29E-29 9.25E-25 5.36E-29 1.82E-07 3.18E-03 2.33E-08 7.14E-08 1.25E-03 7.95E-09 2.53E-07 4.43E-03  1.18E-03 0.38873
13230.00 .7558579    5.06E-29 8.85E-25 5.11E-29 1.82E-07 3.19E-03 2.33E-08 7.13E-08 1.25E-03 7.92E-09 2.53E-07 4.43E-03  1.18E-03 0.38836
13240.00 .7552869    4.83E-29 8.46E-25 4.88E-29 1.83E-07 3.22E-03 2.35E-08 7.17E-08 1.26E-03 7.94E-09 2.55E-07 4.47E-03  1.18E-03 0.38799
13250.00 .7547170    4.61E-29 8.10E-25 4.65E-29 1.85E-07 3.24E-03 2.37E-08 7.20E-08 1.26E-03 7.96E-09 2.57E-07 4.51E-03  1.19E-03 0.38763
13260.00 .7541479    4.40E-29 7.74E-25 4.43E-29 1.85E-07 3.25E-03 2.37E-08 7.20E-08 1.27E-03 7.93E-09 2.57E-07 4.52E-03  1.19E-03 0.38725
13270.00 .7535795    4.21E-29 7.41E-25 4.23E-29 1.84E-07 3.24E-03 2.36E-08 7.15E-08 1.26E-03 7.86E-09 2.55E-07 4.50E-03  1.19E-03 0.38689
13280.00 .7530121    4.02E-29 7.09E-25 4.03E-29 1.83E-07 3.22E-03 2.34E-08 7.08E-08 1.25E-03 7.76E-09 2.53E-07 4.47E-03  1.19E-03 0.38653
13290.00 .7524455    3.84E-29 6.78E-25 3.84E-29 1.82E-07 3.22E-03 2.34E-08 7.05E-08 1.25E-03 7.72E-09 2.53E-07 4.47E-03  1.20E-03 0.38614
13300.00 .7518796    3.66E-29 6.48E-25 3.67E-29 1.82E-07 3.22E-03 2.34E-08 7.03E-08 1.24E-03 7.68E-09 2.52E-07 4.47E-03  1.20E-03 0.38574
13310.00 .7513148    3.50E-29 6.20E-25 3.49E-29 1.81E-07 3.21E-03 2.32E-08 6.98E-08 1.24E-03 7.61E-09 2.51E-07 4.45E-03  1.20E-03 0.38534
13320.00 .7507508    3.34E-29 5.93E-25 3.33E-29 1.82E-07 3.23E-03 2.34E-08 7.00E-08 1.24E-03 7.61E-09 2.52E-07 4.47E-03  1.20E-03 0.38490
13330.00 .7501876    3.19E-29 5.67E-25 3.18E-29 1.82E-07 3.23E-03 2.33E-08 6.98E-08 1.24E-03 7.56E-09 2.52E-07 4.47E-03  1.21E-03 0.38451
13340.00 .7496252    3.05E-29 5.42E-25 3.03E-29 1.81E-07 3.22E-03 2.32E-08 6.92E-08 1.23E-03 7.48E-09 2.50E-07 4.45E-03  1.21E-03 0.38418
13350.00 .7490636    2.91E-29 5.19E-25 2.89E-29 1.82E-07 3.25E-03 2.34E-08 6.96E-08 1.24E-03 7.51E-09 2.52E-07 4.49E-03  1.21E-03 0.38387
13360.00 .7485030    2.78E-29 4.96E-25 2.75E-29 1.83E-07 3.27E-03 2.35E-08 6.99E-08 1.25E-03 7.52E-09 2.53E-07 4.52E-03  1.21E-03 0.38348
13370.00 .7479432    2.65E-29 4.75E-25 2.63E-29 1.83E-07 3.27E-03 2.35E-08 6.97E-08 1.25E-03 7.48E-09 2.53E-07 4.52E-03  1.22E-03 0.38300
13380.00 .7473841    2.53E-29 4.54E-25 2.50E-29 1.83E-07 3.28E-03 2.36E-08 6.97E-08 1.25E-03 7.46E-09 2.53E-07 4.53E-03  1.22E-03 0.38255
13390.00 .7468260    2.42E-29 4.34E-25 2.39E-29 1.83E-07 3.29E-03 2.36E-08 6.96E-08 1.25E-03 7.43E-09 2.53E-07 4.54E-03  1.22E-03 0.38214
13400.00 .7462686    2.31E-29 4.15E-25 2.27E-29 1.83E-07 3.28E-03 2.35E-08 6.92E-08 1.24E-03 7.38E-09 2.52E-07 4.53E-03  1.22E-03 0.38163
13410.00 .7457122    2.20E-29 3.97E-25 2.17E-29 1.82E-07 3.28E-03 2.35E-08 6.89E-08 1.24E-03 7.33E-09 2.51E-07 4.52E-03  1.23E-03 0.38109
13420.00 .7451565    2.11E-29 3.79E-25 2.07E-29 1.80E-07 3.25E-03 2.33E-08 6.80E-08 1.23E-03 7.21E-09 2.48E-07 4.47E-03  1.23E-03 0.38064
13430.00 .7446017    2.01E-29 3.62E-25 1.97E-29 1.79E-07 3.23E-03 2.31E-08 6.73E-08 1.21E-03 7.12E-09 2.46E-07 4.44E-03  1.23E-03 0.37999
13440.00 .7440476    1.92E-29 3.46E-25 1.88E-29 1.81E-07 3.27E-03 2.34E-08 6.79E-08 1.23E-03 7.17E-09 2.49E-07 4.50E-03  1.23E-03 0.37946
13450.00 .7434944    1.83E-29 3.31E-25 1.79E-29 1.82E-07 3.29E-03 2.36E-08 6.82E-08 1.23E-03 7.18E-09 2.50E-07 4.53E-03  1.24E-03 0.37881
13460.00 .7429420    1.74E-29 3.15E-25 1.70E-29 1.78E-07 3.22E-03 2.33E-08 6.65E-08 1.20E-03 6.99E-09 2.44E-07 4.43E-03  1.24E-03 0.37726
13470.00 .7423905    1.65E-29 3.00E-25 1.62E-29 1.73E-07 3.13E-03 2.27E-08 6.44E-08 1.17E-03 6.76E-09 2.37E-07 4.30E-03  1.24E-03 0.37594
13480.00 .7418398    1.57E-29 2.86E-25 1.54E-29 1.70E-07 3.08E-03 2.25E-08 6.31E-08 1.15E-03 6.62E-09 2.33E-07 4.23E-03  1.24E-03 0.37469
13490.00 .7412899    1.50E-29 2.72E-25 1.46E-29 1.69E-07 3.08E-03 2.26E-08 6.28E-08 1.14E-03 6.57E-09 2.32E-07 4.22E-03  1.25E-03 0.37337

                                             RADIANCE(WATTS/CM2-STER-XXX)

  FREQ  WAVELENGTH     PATH_THERMAL    SURFACE      PATH_SCATTERED_SOLAR   GROUND_REFLECTED_RADIANCE   TOTAL_RADIANCE   INTEGRAL    TOTAL
                                       EMISSION     TOTAL RAD      SINGLE        TOTAL        DIRECT                                TRANS
 (CM-1) (MICRON)       (CM-1)  (MICRN)   (CM-1)   (CM-1)  (MICRN)   (CM-1)   (CM-1)  (MICRN)   (CM-1)   (CM-1)  (MICRN)

13500.00 .7407407    1.43E-29 2.60E-25 1.39E-29 1.71E-07 3.11E-03 2.29E-08 6.33E-08 1.15E-03 6.61E-09 2.34E-07 4.26E-03  1.25E-03 0.37269
13510.00 .7401925    1.35E-29 2.47E-25 1.32E-29 1.69E-07 3.08E-03 2.29E-08 6.23E-08 1.14E-03 6.51E-09 2.31E-07 4.22E-03  1.25E-03 0.37007
13520.00 .7396449    1.27E-29 2.33E-25 1.25E-29 1.63E-07 2.98E-03 2.26E-08 5.99E-08 1.10E-03 6.28E-09 2.23E-07 4.07E-03  1.25E-03 0.36640
13530.00 .7390983    1.21E-29 2.21E-25 1.18E-29 1.58E-07 2.90E-03 2.23E-08 5.81E-08 1.06E-03 6.09E-09 2.16E-07 3.96E-03  1.26E-03 0.36387
13540.00 .7385525    1.15E-29 2.10E-25 1.12E-29 1.58E-07 2.90E-03 2.25E-08 5.79E-08 1.06E-03 6.06E-09 2.16E-07 3.97E-03  1.26E-03 0.36245
13550.00 .7380073    1.10E-29 2.01E-25 1.07E-29 1.62E-07 2.97E-03 2.29E-08 5.90E-08 1.08E-03 6.15E-09 2.21E-07 4.05E-03  1.26E-03 0.36236
13560.00 .7374631    1.04E-29 1.91E-25 1.01E-29 1.59E-07 2.93E-03 2.29E-08 5.79E-08 1.06E-03 6.05E-09 2.17E-07 3.99E-03  1.26E-03 0.35918
13570.00 .7369197    9.66E-30 1.78E-25 9.52E-30 1.51E-07 2.78E-03 2.25E-08 5.45E-08 1.00E-03 5.74E-09 2.05E-07 3.78E-03  1.26E-03 0.35302
13580.00 .7363770    9.16E-30 1.69E-25 9.03E-30 1.47E-07 2.70E-03 2.22E-08 5.29E-08 9.75E-04 5.59E-09 1.99E-07 3.68E-03  1.27E-03 0.35115
13590.00 .7358352    8.82E-30 1.63E-25 8.66E-30 1.49E-07 2.76E-03 2.23E-08 5.38E-08 9.93E-04 5.64E-09 2.03E-07 3.75E-03  1.27E-03 0.35282
13600.00 .7352940    8.43E-30 1.56E-25 8.25E-30 1.52E-07 2.80E-03 2.25E-08 5.44E-08 1.01E-03 5.68E-09 2.06E-07 3.81E-03  1.27E-03 0.35222
13610.00 .7347538    8.09E-30 1.50E-25 7.90E-30 1.55E-07 2.88E-03 2.28E-08 5.58E-08 1.03E-03 5.78E-09 2.11E-07 3.91E-03  1.27E-03 0.35333
13620.00 .7342144    7.75E-30 1.44E-25 7.54E-30 1.57E-07 2.92E-03 2.29E-08 5.63E-08 1.05E-03 5.83E-09 2.14E-07 3.96E-03  1.27E-03 0.35348
13630.00 .7336757    7.22E-30 1.34E-25 7.07E-30 1.50E-07 2.78E-03 2.25E-08 5.32E-08 9.88E-04 5.53E-09 2.03E-07 3.77E-03  1.28E-03 0.34671
13640.00 .7331378    6.82E-30 1.27E-25 6.68E-30 1.45E-07 2.70E-03 2.21E-08 5.12E-08 9.53E-04 5.31E-09 1.96E-07 3.65E-03  1.28E-03 0.34381
13650.00 .7326007    6.38E-30 1.19E-25 6.27E-30 1.40E-07 2.60E-03 2.18E-08 4.91E-08 9.15E-04 5.08E-09 1.89E-07 3.52E-03  1.28E-03 0.33780
13660.00 .7320644    5.68E-30 1.06E-25 5.69E-30 1.24E-07 2.31E-03 2.11E-08 4.26E-08 7.95E-04 4.49E-09 1.67E-07 3.11E-03  1.28E-03 0.32056
13670.00 .7315289    5.17E-30 9.67E-26 5.25E-30 1.13E-07 2.10E-03 2.05E-08 3.80E-08 7.10E-04 4.07E-09 1.51E-07 2.81E-03  1.28E-03 0.31071
13680.00 .7309942    4.84E-30 9.06E-26 4.94E-30 1.09E-07 2.04E-03 2.03E-08 3.64E-08 6.81E-04 3.90E-09 1.45E-07 2.72E-03  1.29E-03 0.30596
13690.00 .7304602    4.58E-30 8.59E-26 4.67E-30 1.09E-07 2.04E-03 2.04E-08 3.62E-08 6.79E-04 3.88E-09 1.45E-07 2.72E-03  1.29E-03 0.30385
13700.00 .7299269    4.38E-30 8.21E-26 4.46E-30 1.07E-07 2.01E-03 2.03E-08 3.56E-08 6.68E-04 3.86E-09 1.43E-07 2.68E-03  1.29E-03 0.30372
13710.00 .7293946    4.10E-30 7.71E-26 4.20E-30 1.03E-07 1.94E-03 1.97E-08 3.39E-08 6.37E-04 3.70E-09 1.37E-07 2.58E-03  1.29E-03 0.29963
13720.00 .7288630    4.06E-30 7.64E-26 4.10E-30 1.12E-07 2.10E-03 2.01E-08 3.71E-08 6.98E-04 3.94E-09 1.49E-07 2.80E-03  1.29E-03 0.30718
13730.00 .7283321    3.84E-30 7.23E-26 3.87E-30 1.11E-07 2.08E-03 2.02E-08 3.66E-08 6.90E-04 3.83E-09 1.47E-07 2.77E-03  1.29E-03 0.30229
13740.00 .7278020    3.43E-30 6.47E-26 3.50E-30 1.02E-07 1.93E-03 1.98E-08 3.30E-08 6.22E-04 3.45E-09 1.35E-07 2.55E-03  1.29E-03 0.28760
13750.00 .7272727    3.36E-30 6.35E-26 3.41E-30 1.08E-07 2.04E-03 2.03E-08 3.52E-08 6.66E-04 3.65E-09 1.43E-07 2.71E-03  1.30E-03 0.29342
13760.00 .7267442    3.24E-30 6.14E-26 3.29E-30 1.07E-07 2.02E-03 2.03E-08 3.48E-08 6.58E-04 3.67E-09 1.42E-07 2.68E-03  1.30E-03 0.29610
13770.00 .7262164    3.03E-30 5.75E-26 3.09E-30 1.02E-07 1.93E-03 2.01E-08 3.28E-08 6.21E-04 3.51E-09 1.35E-07 2.55E-03  1.30E-03 0.29212
13780.00 .7256894    2.89E-30 5.48E-26 2.93E-30 1.04E-07 1.98E-03 2.01E-08 3.35E-08 6.37E-04 3.54E-09 1.38E-07 2.62E-03  1.30E-03 0.29009
13790.00 .7251632    2.74E-30 5.20E-26 2.77E-30 1.04E-07 1.98E-03 2.00E-08 3.33E-08 6.34E-04 3.51E-09 1.38E-07 2.62E-03  1.30E-03 0.28733
13800.00 .7246376    2.64E-30 5.02E-26 2.63E-30 1.04E-07 1.99E-03 2.00E-08 3.32E-08 6.33E-04 3.48E-09 1.37E-07 2.62E-03  1.30E-03 0.28585
13810.00 .7241130    2.50E-30 4.76E-26 2.47E-30 1.03E-07 1.97E-03 1.99E-08 3.28E-08 6.25E-04 3.39E-09 1.36E-07 2.60E-03  1.30E-03 0.28103
13820.00 .7235890    2.40E-30 4.59E-26 2.39E-30 1.08E-07 2.06E-03 2.01E-08 3.45E-08 6.59E-04 3.51E-09 1.42E-07 2.72E-03  1.30E-03 0.28569
13830.00 .7230658    2.54E-30 4.85E-26 2.48E-30 1.26E-07 2.40E-03 2.11E-08 4.16E-08 7.95E-04 4.14E-09 1.67E-07 3.20E-03  1.31E-03 0.31066
13840.00 .7225434    2.63E-30 5.03E-26 2.51E-30 1.38E-07 2.64E-03 2.17E-08 4.66E-08 8.92E-04 4.61E-09 1.85E-07 3.54E-03  1.31E-03 0.32959
13850.00 .7220216    2.56E-30 4.90E-26 2.43E-30 1.41E-07 2.70E-03 2.21E-08 4.77E-08 9.14E-04 4.71E-09 1.89E-07 3.62E-03  1.31E-03 0.33390
13860.00 .7215007    2.37E-30 4.55E-26 2.27E-30 1.34E-07 2.58E-03 2.17E-08 4.49E-08 8.63E-04 4.45E-09 1.79E-07 3.44E-03  1.31E-03 0.32583
13870.00 .7209805    2.00E-30 3.86E-26 1.97E-30 1.12E-07 2.15E-03 2.02E-08 3.59E-08 6.91E-04 3.62E-09 1.48E-07 2.84E-03  1.31E-03 0.29634
13880.00 .7204611    1.66E-30 3.21E-26 1.70E-30 9.10E-08 1.75E-03 1.90E-08 2.77E-08 5.34E-04 2.87E-09 1.19E-07 2.29E-03  1.31E-03 0.26779
13890.00 .7199424    1.52E-30 2.93E-26 1.57E-30 8.45E-08 1.63E-03 1.87E-08 2.50E-08 4.83E-04 2.65E-09 1.10E-07 2.11E-03  1.32E-03 0.26001
13900.00 .7194244    1.44E-30 2.78E-26 1.48E-30 8.35E-08 1.61E-03 1.83E-08 2.45E-08 4.74E-04 2.58E-09 1.08E-07 2.09E-03  1.32E-03 0.25592
13910.00 .7189072    1.40E-30 2.70E-26 1.40E-30 8.63E-08 1.67E-03 1.82E-08 2.55E-08 4.93E-04 2.61E-09 1.12E-07 2.16E-03  1.32E-03 0.25472
13920.00 .7183908    1.39E-30 2.70E-26 1.38E-30 9.11E-08 1.77E-03 1.88E-08 2.74E-08 5.30E-04 2.81E-09 1.18E-07 2.30E-03  1.32E-03 0.26371
13930.00 .7178751    1.33E-30 2.58E-26 1.34E-30 9.04E-08 1.75E-03 1.93E-08 2.70E-08 5.23E-04 2.85E-09 1.17E-07 2.28E-03  1.32E-03 0.26692
13940.00 .7173601    1.30E-30 2.52E-26 1.31E-30 9.31E-08 1.81E-03 1.97E-08 2.80E-08 5.44E-04 2.95E-09 1.21E-07 2.35E-03  1.32E-03 0.27448
13950.00 .7168458    1.42E-30 2.76E-26 1.38E-30 1.14E-07 2.21E-03 2.07E-08 3.61E-08 7.03E-04 3.59E-09 1.50E-07 2.92E-03  1.32E-03 0.30258
13960.00 .7163324    1.55E-30 3.03E-26 1.45E-30 1.43E-07 2.79E-03 2.22E-08 4.75E-08 9.25E-04 4.52E-09 1.91E-07 3.72E-03  1.33E-03 0.33266
13970.00 .7158196    1.57E-30 3.07E-26 1.44E-30 1.59E-07 3.10E-03 2.30E-08 5.32E-08 1.04E-03 4.99E-09 2.12E-07 4.14E-03  1.33E-03 0.34554
13980.00 .7153076    1.51E-30 2.96E-26 1.38E-30 1.60E-07 3.13E-03 2.28E-08 5.37E-08 1.05E-03 5.01E-09 2.14E-07 4.18E-03  1.33E-03 0.34731
13990.00 .7147963    1.46E-30 2.86E-26 1.32E-30 1.64E-07 3.22E-03 2.30E-08 5.52E-08 1.08E-03 5.11E-09 2.20E-07 4.30E-03  1.33E-03 0.34948

                                             RADIANCE(WATTS/CM2-STER-XXX)

  FREQ  WAVELENGTH     PATH_THERMAL    SURFACE      PATH_SCATTERED_SOLAR   GROUND_REFLECTED_RADIANCE   TOTAL_RADIANCE   INTEGRAL    TOTAL
                                       EMISSION     TOTAL RAD      SINGLE        TOTAL        DIRECT                                TRANS
 (CM-1) (MICRON)       (CM-1)  (MICRN)   (CM-1)   (CM-1)  (MICRN)   (CM-1)   (CM-1)  (MICRN)   (CM-1)   (CM-1)  (MICRN)

14000.00 .7142857    1.41E-30 2.77E-26 1.27E-30 1.72E-07 3.38E-03 2.36E-08 5.78E-08 1.13E-03 5.33E-09 2.30E-07 4.51E-03  1.33E-03 0.35231
14010.00 .7137759    1.36E-30 2.67E-26 1.22E-30 1.75E-07 3.43E-03 2.37E-08 5.85E-08 1.15E-03 5.37E-09 2.33E-07 4.58E-03  1.34E-03 0.35330
14020.00 .7132668    1.30E-30 2.55E-26 1.16E-30 1.73E-07 3.41E-03 2.35E-08 5.80E-08 1.14E-03 5.31E-09 2.31E-07 4.55E-03  1.34E-03 0.35325
14030.00 .7127584    1.25E-30 2.45E-26 1.11E-30 1.75E-07 3.45E-03 2.36E-08 5.86E-08 1.15E-03 5.34E-09 2.34E-07 4.61E-03  1.34E-03 0.35387
14040.00 .7122507    1.19E-30 2.35E-26 1.06E-30 1.78E-07 3.50E-03 2.37E-08 5.92E-08 1.17E-03 5.39E-09 2.37E-07 4.67E-03  1.34E-03 0.35433
14050.00 .7117437    1.14E-30 2.25E-26 1.01E-30 1.78E-07 3.51E-03 2.37E-08 5.91E-08 1.17E-03 5.36E-09 2.37E-07 4.67E-03  1.35E-03 0.35391
14060.00 .7112375    1.08E-30 2.14E-26 9.63E-31 1.77E-07 3.49E-03 2.38E-08 5.87E-08 1.16E-03 5.31E-09 2.35E-07 4.65E-03  1.35E-03 0.35274
14070.00 .7107320    1.03E-30 2.04E-26 9.15E-31 1.76E-07 3.49E-03 2.39E-08 5.84E-08 1.16E-03 5.27E-09 2.35E-07 4.64E-03  1.35E-03 0.35128
14080.00 .7102273    9.83E-31 1.95E-26 8.71E-31 1.76E-07 3.49E-03 2.40E-08 5.82E-08 1.15E-03 5.25E-09 2.34E-07 4.65E-03  1.35E-03 0.35059
14090.00 .7097232    9.39E-31 1.86E-26 8.31E-31 1.75E-07 3.48E-03 2.39E-08 5.79E-08 1.15E-03 5.20E-09 2.33E-07 4.63E-03  1.35E-03 0.35041
14100.00 .7092198    8.98E-31 1.79E-26 7.93E-31 1.75E-07 3.48E-03 2.37E-08 5.75E-08 1.14E-03 5.15E-09 2.32E-07 4.62E-03  1.36E-03 0.35038
14110.00 .7087172    8.56E-31 1.71E-26 7.55E-31 1.74E-07 3.47E-03 2.37E-08 5.73E-08 1.14E-03 5.12E-09 2.32E-07 4.61E-03  1.36E-03 0.34958
14120.00 .7082153    8.11E-31 1.62E-26 7.16E-31 1.73E-07 3.45E-03 2.39E-08 5.67E-08 1.13E-03 5.06E-09 2.30E-07 4.58E-03  1.36E-03 0.34737
14130.00 .7077141    7.74E-31 1.55E-26 6.82E-31 1.72E-07 3.44E-03 2.38E-08 5.63E-08 1.12E-03 5.02E-09 2.29E-07 4.56E-03  1.36E-03 0.34684
14140.00 .7072136    7.41E-31 1.48E-26 6.51E-31 1.71E-07 3.42E-03 2.36E-08 5.57E-08 1.11E-03 4.96E-09 2.27E-07 4.53E-03  1.37E-03 0.34682
14150.00 .7067137    7.02E-31 1.41E-26 6.17E-31 1.68E-07 3.36E-03 2.35E-08 5.46E-08 1.09E-03 4.87E-09 2.23E-07 4.46E-03  1.37E-03 0.34450
14160.00 .7062147    6.65E-31 1.33E-26 5.86E-31 1.66E-07 3.34E-03 2.36E-08 5.40E-08 1.08E-03 4.82E-09 2.20E-07 4.42E-03  1.37E-03 0.34249
14170.00 .7057163    6.31E-31 1.27E-26 5.55E-31 1.65E-07 3.31E-03 2.36E-08 5.33E-08 1.07E-03 4.75E-09 2.18E-07 4.38E-03  1.37E-03 0.34031
14180.00 .7052186    6.03E-31 1.21E-26 5.29E-31 1.67E-07 3.35E-03 2.37E-08 5.37E-08 1.08E-03 4.76E-09 2.20E-07 4.43E-03  1.38E-03 0.34006
14190.00 .7047216    5.79E-31 1.17E-26 5.06E-31 1.69E-07 3.41E-03 2.38E-08 5.44E-08 1.10E-03 4.80E-09 2.24E-07 4.50E-03  1.38E-03 0.34077
14200.00 .7042253    5.51E-31 1.11E-26 4.81E-31 1.68E-07 3.39E-03 2.36E-08 5.40E-08 1.09E-03 4.75E-09 2.22E-07 4.48E-03  1.38E-03 0.33947
14210.00 .7037297    5.29E-31 1.07E-26 4.61E-31 1.70E-07 3.44E-03 2.36E-08 5.45E-08 1.10E-03 4.78E-09 2.25E-07 4.54E-03  1.38E-03 0.34054
14220.00 .7032349    5.00E-31 1.01E-26 4.36E-31 1.65E-07 3.34E-03 2.34E-08 5.27E-08 1.07E-03 4.64E-09 2.18E-07 4.41E-03  1.38E-03 0.33722
14230.00 .7027407    4.64E-31 9.39E-27 4.07E-31 1.55E-07 3.13E-03 2.29E-08 4.90E-08 9.91E-04 4.34E-09 2.04E-07 4.12E-03  1.39E-03 0.33058
14240.00 .7022472    4.41E-31 8.93E-27 3.87E-31 1.52E-07 3.07E-03 2.27E-08 4.79E-08 9.71E-04 4.24E-09 1.99E-07 4.04E-03  1.39E-03 0.32929
14250.00 .7017543    4.22E-31 8.57E-27 3.70E-31 1.52E-07 3.09E-03 2.26E-08 4.79E-08 9.74E-04 4.22E-09 2.00E-07 4.06E-03  1.39E-03 0.32965
14260.00 .7012623    4.03E-31 8.19E-27 3.52E-31 1.52E-07 3.09E-03 2.27E-08 4.78E-08 9.71E-04 4.19E-09 1.99E-07 4.06E-03  1.39E-03 0.32892
14270.00 .7007709    3.83E-31 7.80E-27 3.35E-31 1.51E-07 3.08E-03 2.28E-08 4.75E-08 9.67E-04 4.15E-09 1.99E-07 4.05E-03  1.39E-03 0.32764
14280.00 .7002801    3.68E-31 7.50E-27 3.20E-31 1.55E-07 3.16E-03 2.30E-08 4.87E-08 9.92E-04 4.23E-09 2.04E-07 4.16E-03  1.40E-03 0.32851
14290.00 .6997901    3.50E-31 7.16E-27 3.05E-31 1.57E-07 3.20E-03 2.33E-08 4.90E-08 1.00E-03 4.27E-09 2.06E-07 4.20E-03  1.40E-03 0.32755
14300.00 .6993006    3.30E-31 6.74E-27 2.88E-31 1.53E-07 3.13E-03 2.33E-08 4.77E-08 9.74E-04 4.20E-09 2.01E-07 4.11E-03  1.40E-03 0.32445
14310.00 .6988120    3.21E-31 6.57E-27 2.78E-31 1.59E-07 3.25E-03 2.34E-08 4.94E-08 1.01E-03 4.32E-09 2.08E-07 4.26E-03  1.40E-03 0.32857
14320.00 .6983240    3.19E-31 6.54E-27 2.73E-31 1.69E-07 3.48E-03 2.37E-08 5.32E-08 1.09E-03 4.55E-09 2.23E-07 4.57E-03  1.40E-03 0.33741
14330.00 .6978367    3.11E-31 6.39E-27 2.64E-31 1.76E-07 3.61E-03 2.38E-08 5.52E-08 1.13E-03 4.67E-09 2.31E-07 4.74E-03  1.41E-03 0.34181
14340.00 .6973501    2.98E-31 6.14E-27 2.52E-31 1.79E-07 3.68E-03 2.41E-08 5.62E-08 1.15E-03 4.74E-09 2.35E-07 4.83E-03  1.41E-03 0.34245
14350.00 .6968641    2.81E-31 5.79E-27 2.38E-31 1.76E-07 3.63E-03 2.41E-08 5.50E-08 1.13E-03 4.66E-09 2.31E-07 4.76E-03  1.41E-03 0.33873
14360.00 .6963789    2.57E-31 5.30E-27 2.20E-31 1.63E-07 3.37E-03 2.35E-08 5.05E-08 1.04E-03 4.31E-09 2.14E-07 4.41E-03  1.41E-03 0.32767
14370.00 .6958942    2.38E-31 4.91E-27 2.05E-31 1.54E-07 3.17E-03 2.31E-08 4.70E-08 9.71E-04 4.03E-09 2.01E-07 4.14E-03  1.42E-03 0.32023
14380.00 .6954103    2.26E-31 4.68E-27 1.95E-31 1.51E-07 3.13E-03 2.30E-08 4.62E-08 9.54E-04 3.98E-09 1.97E-07 4.08E-03  1.42E-03 0.32007
14390.00 .6949270    2.12E-31 4.38E-27 1.84E-31 1.45E-07 3.00E-03 2.27E-08 4.38E-08 9.06E-04 3.84E-09 1.88E-07 3.90E-03  1.42E-03 0.31550
14400.00 .6944444    1.96E-31 4.07E-27 1.72E-31 1.38E-07 2.86E-03 2.25E-08 4.13E-08 8.56E-04 3.66E-09 1.79E-07 3.71E-03  1.42E-03 0.30903
14410.00 .6939626    1.89E-31 3.92E-27 1.64E-31 1.38E-07 2.87E-03 2.26E-08 4.15E-08 8.62E-04 3.65E-09 1.80E-07 3.73E-03  1.42E-03 0.30986
14420.00 .6934813    1.84E-31 3.83E-27 1.59E-31 1.42E-07 2.96E-03 2.27E-08 4.30E-08 8.95E-04 3.74E-09 1.85E-07 3.85E-03  1.42E-03 0.31468
14430.00 .6930007    1.79E-31 3.73E-27 1.54E-31 1.47E-07 3.05E-03 2.28E-08 4.46E-08 9.29E-04 3.84E-09 1.91E-07 3.98E-03  1.43E-03 0.31811
14440.00 .6925208    1.74E-31 3.62E-27 1.48E-31 1.52E-07 3.17E-03 2.28E-08 4.64E-08 9.68E-04 3.96E-09 1.98E-07 4.14E-03  1.43E-03 0.32115
14450.00 .6920415    1.68E-31 3.50E-27 1.42E-31 1.55E-07 3.25E-03 2.28E-08 4.77E-08 9.97E-04 4.07E-09 2.03E-07 4.24E-03  1.43E-03 0.32352
14460.00 .6915630    1.59E-31 3.33E-27 1.35E-31 1.55E-07 3.24E-03 2.26E-08 4.76E-08 9.96E-04 4.08E-09 2.03E-07 4.24E-03  1.43E-03 0.32178
14470.00 .6910850    1.49E-31 3.11E-27 1.27E-31 1.52E-07 3.18E-03 2.23E-08 4.64E-08 9.72E-04 3.98E-09 1.98E-07 4.15E-03  1.43E-03 0.31657
14480.00 .6906077    1.38E-31 2.90E-27 1.19E-31 1.46E-07 3.07E-03 2.19E-08 4.47E-08 9.36E-04 3.83E-09 1.91E-07 4.01E-03  1.44E-03 0.31010
14490.00 .6901311    1.28E-31 2.70E-27 1.11E-31 1.41E-07 2.96E-03 2.14E-08 4.28E-08 8.99E-04 3.67E-09 1.84E-07 3.85E-03  1.44E-03 0.30390

                                             RADIANCE(WATTS/CM2-STER-XXX)

  FREQ  WAVELENGTH     PATH_THERMAL    SURFACE      PATH_SCATTERED_SOLAR   GROUND_REFLECTED_RADIANCE   TOTAL_RADIANCE   INTEGRAL    TOTAL
                                       EMISSION     TOTAL RAD      SINGLE        TOTAL        DIRECT                                TRANS
 (CM-1) (MICRON)       (CM-1)  (MICRN)   (CM-1)   (CM-1)  (MICRN)   (CM-1)   (CM-1)  (MICRN)   (CM-1)   (CM-1)  (MICRN)

14500.00 .6896551    1.20E-31 2.52E-27 1.04E-31 1.34E-07 2.82E-03 2.09E-08 4.08E-08 8.57E-04 3.50E-09 1.75E-07 3.68E-03  1.44E-03 0.29809
14510.00 .6891799    1.14E-31 2.39E-27 9.86E-32 1.31E-07 2.76E-03 2.07E-08 3.98E-08 8.39E-04 3.44E-09 1.71E-07 3.60E-03  1.44E-03 0.29706
14520.00 .6887052    1.12E-31 2.37E-27 9.64E-32 1.37E-07 2.90E-03 2.12E-08 4.18E-08 8.82E-04 3.60E-09 1.79E-07 3.78E-03  1.44E-03 0.30452
14530.00 .6882312    1.05E-31 2.21E-27 9.05E-32 1.31E-07 2.77E-03 2.07E-08 3.98E-08 8.41E-04 3.46E-09 1.71E-07 3.61E-03  1.45E-03 0.29862
14540.00 .6877579    8.48E-32 1.79E-27 7.70E-32 9.93E-08 2.10E-03 1.83E-08 2.94E-08 6.21E-04 2.72E-09 1.29E-07 2.72E-03  1.45E-03 0.26556
14550.00 .6872852    7.41E-32 1.57E-27 6.90E-32 8.92E-08 1.89E-03 1.75E-08 2.59E-08 5.48E-04 2.45E-09 1.15E-07 2.44E-03  1.45E-03 0.25079
14560.00 .6868132    8.63E-32 1.83E-27 7.49E-32 1.30E-07 2.76E-03 2.03E-08 3.86E-08 8.19E-04 3.30E-09 1.69E-07 3.58E-03  1.45E-03 0.28680
14570.00 .6863418    1.00E-31 2.13E-27 8.22E-32 1.73E-07 3.67E-03 2.32E-08 5.22E-08 1.11E-03 4.19E-09 2.25E-07 4.78E-03  1.45E-03 0.32876
14580.00 .6858711    1.01E-31 2.15E-27 8.18E-32 1.87E-07 3.97E-03 2.41E-08 5.65E-08 1.20E-03 4.47E-09 2.43E-07 5.18E-03  1.45E-03 0.34167
14590.00 .6854010    9.66E-32 2.06E-27 7.80E-32 1.90E-07 4.05E-03 2.45E-08 5.74E-08 1.22E-03 4.53E-09 2.48E-07 5.27E-03  1.46E-03 0.34149
14600.00 .6849315    9.22E-32 1.96E-27 7.43E-32 1.91E-07 4.07E-03 2.46E-08 5.75E-08 1.23E-03 4.53E-09 2.49E-07 5.30E-03  1.46E-03 0.34115
14610.00 .6844627    8.80E-32 1.88E-27 7.09E-32 1.89E-07 4.04E-03 2.44E-08 5.68E-08 1.21E-03 4.47E-09 2.46E-07 5.25E-03  1.46E-03 0.34077
14620.00 .6839945    8.40E-32 1.80E-27 6.76E-32 1.91E-07 4.08E-03 2.46E-08 5.72E-08 1.22E-03 4.49E-09 2.48E-07 5.30E-03  1.46E-03 0.34058
14630.00 .6835270    8.03E-32 1.72E-27 6.44E-32 1.93E-07 4.13E-03 2.49E-08 5.79E-08 1.24E-03 4.53E-09 2.51E-07 5.37E-03  1.47E-03 0.34042
14640.00 .6830601    7.66E-32 1.64E-27 6.14E-32 1.93E-07 4.13E-03 2.48E-08 5.76E-08 1.23E-03 4.50E-09 2.50E-07 5.37E-03  1.47E-03 0.34008
14650.00 .6825938    7.31E-32 1.57E-27 5.86E-32 1.92E-07 4.13E-03 2.48E-08 5.75E-08 1.23E-03 4.48E-09 2.50E-07 5.36E-03  1.47E-03 0.33977
14660.00 .6821283    6.98E-32 1.50E-27 5.59E-32 1.93E-07 4.14E-03 2.48E-08 5.74E-08 1.23E-03 4.46E-09 2.50E-07 5.37E-03  1.47E-03 0.33957
14670.00 .6816633    6.67E-32 1.44E-27 5.33E-32 1.92E-07 4.14E-03 2.47E-08 5.72E-08 1.23E-03 4.44E-09 2.49E-07 5.37E-03  1.48E-03 0.33938
14680.00 .6811989    6.37E-32 1.37E-27 5.08E-32 1.92E-07 4.14E-03 2.47E-08 5.70E-08 1.23E-03 4.41E-09 2.49E-07 5.36E-03  1.48E-03 0.33913
14690.00 .6807352    6.08E-32 1.31E-27 4.84E-32 1.92E-07 4.14E-03 2.47E-08 5.69E-08 1.23E-03 4.39E-09 2.49E-07 5.37E-03  1.48E-03 0.33883
14700.00 .6802720    5.80E-32 1.25E-27 4.62E-32 1.92E-07 4.15E-03 2.47E-08 5.68E-08 1.23E-03 4.38E-09 2.49E-07 5.38E-03  1.48E-03 0.33856
14710.00 .6798097    5.54E-32 1.20E-27 4.40E-32 1.92E-07 4.15E-03 2.47E-08 5.67E-08 1.23E-03 4.36E-09 2.49E-07 5.38E-03  1.49E-03 0.33831
14720.00 .6793478    5.29E-32 1.15E-27 4.20E-32 1.92E-07 4.17E-03 2.47E-08 5.67E-08 1.23E-03 4.35E-09 2.49E-07 5.40E-03  1.49E-03 0.33806
14730.00 .6788867    5.05E-32 1.10E-27 4.00E-32 1.93E-07 4.18E-03 2.48E-08 5.67E-08 1.23E-03 4.34E-09 2.49E-07 5.41E-03  1.49E-03 0.33776
14740.00 .6784260    4.82E-32 1.05E-27 3.82E-32 1.93E-07 4.19E-03 2.48E-08 5.67E-08 1.23E-03 4.33E-09 2.50E-07 5.42E-03  1.49E-03 0.33747
14750.00 .6779661    4.60E-32 1.00E-27 3.64E-32 1.94E-07 4.21E-03 2.49E-08 5.69E-08 1.24E-03 4.33E-09 2.51E-07 5.45E-03  1.50E-03 0.33719
14760.00 .6775068    4.40E-32 9.58E-28 3.47E-32 1.93E-07 4.20E-03 2.48E-08 5.65E-08 1.23E-03 4.30E-09 2.49E-07 5.43E-03  1.50E-03 0.33690
14770.00 .6770481    4.20E-32 9.15E-28 3.31E-32 1.92E-07 4.19E-03 2.47E-08 5.61E-08 1.22E-03 4.26E-09 2.48E-07 5.41E-03  1.50E-03 0.33659
14780.00 .6765900    4.01E-32 8.75E-28 3.15E-32 1.93E-07 4.21E-03 2.49E-08 5.63E-08 1.23E-03 4.27E-09 2.49E-07 5.44E-03  1.50E-03 0.33630
14790.00 .6761325    3.82E-32 8.36E-28 3.01E-32 1.94E-07 4.24E-03 2.50E-08 5.66E-08 1.24E-03 4.27E-09 2.51E-07 5.48E-03  1.51E-03 0.33599
14800.00 .6756756    3.65E-32 7.99E-28 2.86E-32 1.93E-07 4.23E-03 2.49E-08 5.62E-08 1.23E-03 4.23E-09 2.49E-07 5.46E-03  1.51E-03 0.33570
14810.00 .6752195    3.48E-32 7.64E-28 2.73E-32 1.91E-07 4.20E-03 2.47E-08 5.56E-08 1.22E-03 4.18E-09 2.47E-07 5.42E-03  1.51E-03 0.33539
14820.00 .6747639    3.33E-32 7.30E-28 2.60E-32 1.92E-07 4.21E-03 2.47E-08 5.57E-08 1.22E-03 4.18E-09 2.47E-07 5.44E-03  1.51E-03 0.33509
14830.00 .6743088    3.17E-32 6.98E-28 2.48E-32 1.93E-07 4.24E-03 2.49E-08 5.59E-08 1.23E-03 4.18E-09 2.49E-07 5.47E-03  1.52E-03 0.33478
14840.00 .6738545    3.03E-32 6.67E-28 2.37E-32 1.93E-07 4.26E-03 2.50E-08 5.59E-08 1.23E-03 4.18E-09 2.49E-07 5.49E-03  1.52E-03 0.33448
14850.00 .6734006    2.89E-32 6.38E-28 2.26E-32 1.93E-07 4.26E-03 2.50E-08 5.58E-08 1.23E-03 4.16E-09 2.49E-07 5.49E-03  1.52E-03 0.33418
14860.00 .6729475    2.76E-32 6.10E-28 2.15E-32 1.92E-07 4.25E-03 2.49E-08 5.55E-08 1.22E-03 4.13E-09 2.48E-07 5.47E-03  1.52E-03 0.33386
14870.00 .6724949    2.64E-32 5.83E-28 2.05E-32 1.91E-07 4.23E-03 2.47E-08 5.51E-08 1.22E-03 4.09E-09 2.47E-07 5.45E-03  1.53E-03 0.33355
14880.00 .6720430    2.52E-32 5.57E-28 1.95E-32 1.90E-07 4.20E-03 2.45E-08 5.45E-08 1.21E-03 4.04E-09 2.44E-07 5.41E-03  1.53E-03 0.33325
14890.00 .6715917    2.40E-32 5.32E-28 1.86E-32 1.89E-07 4.19E-03 2.45E-08 5.43E-08 1.20E-03 4.01E-09 2.43E-07 5.40E-03  1.53E-03 0.33295
14900.00 .6711409    2.29E-32 5.09E-28 1.78E-32 1.91E-07 4.24E-03 2.47E-08 5.47E-08 1.21E-03 4.03E-09 2.46E-07 5.46E-03  1.53E-03 0.33263
14910.00 .6706908    2.19E-32 4.86E-28 1.69E-32 1.92E-07 4.27E-03 2.49E-08 5.50E-08 1.22E-03 4.04E-09 2.47E-07 5.50E-03  1.54E-03 0.33232
14920.00 .6702413    2.09E-32 4.65E-28 1.61E-32 1.92E-07 4.27E-03 2.49E-08 5.47E-08 1.22E-03 4.02E-09 2.47E-07 5.49E-03  1.54E-03 0.33201
14930.00 .6697924    1.99E-32 4.44E-28 1.54E-32 1.92E-07 4.27E-03 2.49E-08 5.46E-08 1.22E-03 4.00E-09 2.46E-07 5.49E-03  1.54E-03 0.33170
14940.00 .6693441    1.90E-32 4.25E-28 1.47E-32 1.93E-07 4.31E-03 2.50E-08 5.49E-08 1.23E-03 4.01E-09 2.48E-07 5.53E-03  1.54E-03 0.33137
14950.00 .6688963    1.82E-32 4.06E-28 1.40E-32 1.94E-07 4.33E-03 2.51E-08 5.50E-08 1.23E-03 4.01E-09 2.49E-07 5.56E-03  1.55E-03 0.33101
14960.00 .6684492    1.73E-32 3.88E-28 1.33E-32 1.92E-07 4.30E-03 2.49E-08 5.44E-08 1.22E-03 3.96E-09 2.46E-07 5.51E-03  1.55E-03 0.33069
14970.00 .6680027    1.65E-32 3.71E-28 1.27E-32 1.90E-07 4.26E-03 2.47E-08 5.39E-08 1.21E-03 3.91E-09 2.44E-07 5.47E-03  1.55E-03 0.33039
14980.00 .6675568    1.58E-32 3.54E-28 1.21E-32 1.92E-07 4.30E-03 2.49E-08 5.42E-08 1.22E-03 3.92E-09 2.46E-07 5.52E-03  1.55E-03 0.33006
14990.00 .6671114    1.51E-32 3.39E-28 1.15E-32 1.91E-07 4.29E-03 2.49E-08 5.39E-08 1.21E-03 3.90E-09 2.45E-07 5.50E-03  1.56E-03 0.32969

                                             RADIANCE(WATTS/CM2-STER-XXX)

  FREQ  WAVELENGTH     PATH_THERMAL    SURFACE      PATH_SCATTERED_SOLAR   GROUND_REFLECTED_RADIANCE   TOTAL_RADIANCE   INTEGRAL    TOTAL
                                       EMISSION     TOTAL RAD      SINGLE        TOTAL        DIRECT                                TRANS
 (CM-1) (MICRON)       (CM-1)  (MICRN)   (CM-1)   (CM-1)  (MICRN)   (CM-1)   (CM-1)  (MICRN)   (CM-1)   (CM-1)  (MICRN)

15000.00 .6666666    1.44E-32 3.23E-28 1.10E-32 1.88E-07 4.23E-03 2.45E-08 5.30E-08 1.19E-03 3.82E-09 2.41E-07 5.42E-03  1.56E-03 0.32927
15010.00 .6662226    1.37E-32 3.09E-28 1.05E-32 1.89E-07 4.25E-03 2.46E-08 5.31E-08 1.20E-03 3.82E-09 2.42E-07 5.45E-03  1.56E-03 0.32892
15020.00 .6657789    1.31E-32 2.95E-28 1.00E-32 1.91E-07 4.31E-03 2.49E-08 5.37E-08 1.21E-03 3.85E-09 2.45E-07 5.53E-03  1.56E-03 0.32865
15030.00 .6653360    1.25E-32 2.82E-28 9.53E-33 1.91E-07 4.31E-03 2.49E-08 5.35E-08 1.21E-03 3.83E-09 2.45E-07 5.52E-03  1.57E-03 0.32832
15040.00 .6648936    1.19E-32 2.70E-28 9.08E-33 1.89E-07 4.27E-03 2.47E-08 5.28E-08 1.20E-03 3.78E-09 2.42E-07 5.47E-03  1.57E-03 0.32786
15050.00 .6644518    1.14E-32 2.58E-28 8.65E-33 1.88E-07 4.26E-03 2.46E-08 5.25E-08 1.19E-03 3.75E-09 2.41E-07 5.45E-03  1.57E-03 0.32745
15060.00 .6640106    1.09E-32 2.46E-28 8.25E-33 1.88E-07 4.26E-03 2.46E-08 5.23E-08 1.19E-03 3.73E-09 2.40E-07 5.44E-03  1.57E-03 0.32725
15070.00 .6635700    1.04E-32 2.35E-28 7.87E-33 1.87E-07 4.24E-03 2.45E-08 5.20E-08 1.18E-03 3.69E-09 2.39E-07 5.43E-03  1.58E-03 0.32693
15080.00 .6631300    9.89E-33 2.25E-28 7.49E-33 1.88E-07 4.28E-03 2.47E-08 5.23E-08 1.19E-03 3.70E-09 2.40E-07 5.47E-03  1.58E-03 0.32649
15090.00 .6626905    9.44E-33 2.15E-28 7.15E-33 1.90E-07 4.34E-03 2.50E-08 5.28E-08 1.20E-03 3.74E-09 2.43E-07 5.54E-03  1.58E-03 0.32623
15100.00 .6622516    9.01E-33 2.06E-28 6.81E-33 1.91E-07 4.37E-03 2.51E-08 5.30E-08 1.21E-03 3.74E-09 2.44E-07 5.57E-03  1.58E-03 0.32601
15110.00 .6618134    8.60E-33 1.96E-28 6.49E-33 1.91E-07 4.36E-03 2.51E-08 5.27E-08 1.20E-03 3.71E-09 2.44E-07 5.56E-03  1.59E-03 0.32552
15120.00 .6613756    8.20E-33 1.87E-28 6.18E-33 1.88E-07 4.31E-03 2.48E-08 5.20E-08 1.19E-03 3.65E-09 2.40E-07 5.50E-03  1.59E-03 0.32497
15130.00 .6609386    7.81E-33 1.79E-28 5.89E-33 1.87E-07 4.28E-03 2.47E-08 5.16E-08 1.18E-03 3.61E-09 2.39E-07 5.46E-03  1.59E-03 0.32443
15140.00 .6605020    7.43E-33 1.70E-28 5.60E-33 1.87E-07 4.28E-03 2.48E-08 5.13E-08 1.18E-03 3.59E-09 2.38E-07 5.45E-03  1.59E-03 0.32346
15150.00 .6600659    7.08E-33 1.62E-28 5.33E-33 1.83E-07 4.21E-03 2.45E-08 5.03E-08 1.16E-03 3.52E-09 2.34E-07 5.37E-03  1.59E-03 0.32266
15160.00 .6596307    6.76E-33 1.55E-28 5.09E-33 1.81E-07 4.16E-03 2.41E-08 4.96E-08 1.14E-03 3.45E-09 2.30E-07 5.30E-03  1.60E-03 0.32255
15170.00 .6591958    6.44E-33 1.48E-28 4.84E-33 1.81E-07 4.16E-03 2.42E-08 4.95E-08 1.14E-03 3.44E-09 2.30E-07 5.30E-03  1.60E-03 0.32166
15180.00 .6587615    6.11E-33 1.41E-28 4.60E-33 1.81E-07 4.16E-03 2.45E-08 4.93E-08 1.14E-03 3.43E-09 2.30E-07 5.30E-03  1.60E-03 0.32014
15190.00 .6583278    5.82E-33 1.34E-28 4.38E-33 1.80E-07 4.16E-03 2.44E-08 4.90E-08 1.13E-03 3.40E-09 2.29E-07 5.29E-03  1.60E-03 0.31960
15200.00 .6578947    5.53E-33 1.28E-28 4.16E-33 1.76E-07 4.06E-03 2.40E-08 4.77E-08 1.10E-03 3.32E-09 2.23E-07 5.16E-03  1.61E-03 0.31820
15210.00 .6574622    5.24E-33 1.21E-28 3.95E-33 1.68E-07 3.89E-03 2.32E-08 4.54E-08 1.05E-03 3.16E-09 2.13E-07 4.94E-03  1.61E-03 0.31653
15220.00 .6570302    5.01E-33 1.16E-28 3.76E-33 1.54E-07 3.58E-03 2.14E-08 4.17E-08 9.67E-04 2.89E-09 1.96E-07 4.54E-03  1.61E-03 0.31628
15230.00 .6565988    4.77E-33 1.11E-28 3.59E-33 1.39E-07 3.22E-03 1.92E-08 3.74E-08 8.68E-04 2.58E-09 1.76E-07 4.09E-03  1.61E-03 0.31572
15240.00 .6561680    4.55E-33 1.06E-28 3.41E-33 1.42E-07 3.29E-03 1.98E-08 3.82E-08 8.87E-04 2.63E-09 1.80E-07 4.18E-03  1.61E-03 0.31494
15250.00 .6557376    4.32E-33 1.00E-28 3.24E-33 1.58E-07 3.67E-03 2.22E-08 4.23E-08 9.84E-04 2.92E-09 2.00E-07 4.65E-03  1.62E-03 0.31369
15260.00 .6553080    4.10E-33 9.55E-29 3.08E-33 1.65E-07 3.85E-03 2.34E-08 4.42E-08 1.03E-03 3.05E-09 2.09E-07 4.88E-03  1.62E-03 0.31215
15270.00 .6548789    3.91E-33 9.11E-29 2.93E-33 1.67E-07 3.89E-03 2.37E-08 4.46E-08 1.04E-03 3.07E-09 2.11E-07 4.93E-03  1.62E-03 0.31169
15280.00 .6544502    3.76E-33 8.79E-29 2.81E-33 1.72E-07 4.02E-03 2.41E-08 4.60E-08 1.08E-03 3.15E-09 2.18E-07 5.10E-03  1.62E-03 0.31333
15290.00 .6540222    3.63E-33 8.48E-29 2.70E-33 1.77E-07 4.13E-03 2.44E-08 4.72E-08 1.10E-03 3.21E-09 2.24E-07 5.23E-03  1.62E-03 0.31484
15300.00 .6535947    3.46E-33 8.09E-29 2.57E-33 1.76E-07 4.13E-03 2.44E-08 4.70E-08 1.10E-03 3.19E-09 2.23E-07 5.23E-03  1.63E-03 0.31433
15310.00 .6531679    3.31E-33 7.76E-29 2.45E-33 1.78E-07 4.18E-03 2.46E-08 4.75E-08 1.11E-03 3.22E-09 2.26E-07 5.29E-03  1.63E-03 0.31467
15320.00 .6527415    3.16E-33 7.41E-29 2.34E-33 1.78E-07 4.17E-03 2.45E-08 4.73E-08 1.11E-03 3.19E-09 2.25E-07 5.28E-03  1.63E-03 0.31416
15330.00 .6523157    2.93E-33 6.89E-29 2.19E-33 1.67E-07 3.92E-03 2.41E-08 4.41E-08 1.04E-03 3.00E-09 2.11E-07 4.96E-03  1.63E-03 0.30809
15340.00 .6518905    2.72E-33 6.41E-29 2.05E-33 1.58E-07 3.72E-03 2.38E-08 4.13E-08 9.73E-04 2.84E-09 1.99E-07 4.69E-03  1.64E-03 0.30235
15350.00 .6514658    2.64E-33 6.23E-29 1.98E-33 1.66E-07 3.90E-03 2.42E-08 4.35E-08 1.02E-03 2.96E-09 2.09E-07 4.93E-03  1.64E-03 0.30591
15360.00 .6510417    2.61E-33 6.15E-29 1.92E-33 1.77E-07 4.16E-03 2.46E-08 4.66E-08 1.10E-03 3.13E-09 2.23E-07 5.26E-03  1.64E-03 0.31218
15370.00 .6506181    2.52E-33 5.95E-29 1.85E-33 1.78E-07 4.21E-03 2.44E-08 4.70E-08 1.11E-03 3.13E-09 2.25E-07 5.32E-03  1.64E-03 0.31424
15380.00 .6501951    2.39E-33 5.65E-29 1.75E-33 1.70E-07 4.02E-03 2.34E-08 4.47E-08 1.06E-03 2.98E-09 2.14E-07 5.07E-03  1.64E-03 0.31242
15390.00 .6497726    2.23E-33 5.29E-29 1.65E-33 1.58E-07 3.75E-03 2.26E-08 4.14E-08 9.82E-04 2.77E-09 2.00E-07 4.73E-03  1.65E-03 0.30771
15400.00 .6493506    2.10E-33 4.99E-29 1.56E-33 1.59E-07 3.77E-03 2.32E-08 4.15E-08 9.84E-04 2.78E-09 2.01E-07 4.76E-03  1.65E-03 0.30514
15410.00 .6489293    2.00E-33 4.75E-29 1.48E-33 1.63E-07 3.86E-03 2.40E-08 4.23E-08 1.00E-03 2.83E-09 2.05E-07 4.87E-03  1.65E-03 0.30390
15420.00 .6485084    1.89E-33 4.49E-29 1.40E-33 1.60E-07 3.80E-03 2.39E-08 4.14E-08 9.83E-04 2.77E-09 2.01E-07 4.78E-03  1.65E-03 0.30168
15430.00 .6480882    1.79E-33 4.26E-29 1.33E-33 1.57E-07 3.74E-03 2.38E-08 4.05E-08 9.63E-04 2.72E-09 1.97E-07 4.70E-03  1.65E-03 0.29976
15440.00 .6476684    1.71E-33 4.07E-29 1.27E-33 1.57E-07 3.73E-03 2.37E-08 4.03E-08 9.61E-04 2.71E-09 1.97E-07 4.69E-03  1.66E-03 0.29967
15450.00 .6472492    1.66E-33 3.96E-29 1.22E-33 1.61E-07 3.84E-03 2.38E-08 4.15E-08 9.91E-04 2.76E-09 2.02E-07 4.83E-03  1.66E-03 0.30299
15460.00 .6468306    1.61E-33 3.85E-29 1.18E-33 1.64E-07 3.93E-03 2.37E-08 4.25E-08 1.02E-03 2.79E-09 2.07E-07 4.94E-03  1.66E-03 0.30617
15470.00 .6464124    1.55E-33 3.71E-29 1.13E-33 1.66E-07 3.98E-03 2.36E-08 4.31E-08 1.03E-03 2.81E-09 2.09E-07 5.01E-03  1.66E-03 0.30785
15480.00 .6459948    1.50E-33 3.59E-29 1.09E-33 1.72E-07 4.13E-03 2.40E-08 4.46E-08 1.07E-03 2.90E-09 2.17E-07 5.20E-03  1.66E-03 0.30965
15490.00 .6455778    1.44E-33 3.46E-29 1.04E-33 1.77E-07 4.26E-03 2.43E-08 4.59E-08 1.10E-03 2.97E-09 2.23E-07 5.36E-03  1.67E-03 0.31131

                                             RADIANCE(WATTS/CM2-STER-XXX)

  FREQ  WAVELENGTH     PATH_THERMAL    SURFACE      PATH_SCATTERED_SOLAR   GROUND_REFLECTED_RADIANCE   TOTAL_RADIANCE   INTEGRAL    TOTAL
                                       EMISSION     TOTAL RAD      SINGLE        TOTAL        DIRECT                                TRANS
 (CM-1) (MICRON)       (CM-1)  (MICRN)   (CM-1)   (CM-1)  (MICRN)   (CM-1)   (CM-1)  (MICRN)   (CM-1)   (CM-1)  (MICRN)

15500.00 .6451613    1.39E-33 3.33E-29 9.98E-34 1.80E-07 4.33E-03 2.44E-08 4.67E-08 1.12E-03 3.01E-09 2.27E-07 5.45E-03  1.67E-03 0.31224
15510.00 .6447453    1.32E-33 3.19E-29 9.52E-34 1.82E-07 4.38E-03 2.46E-08 4.71E-08 1.13E-03 3.03E-09 2.29E-07 5.52E-03  1.67E-03 0.31227
15520.00 .6443299    1.27E-33 3.05E-29 9.09E-34 1.81E-07 4.37E-03 2.45E-08 4.69E-08 1.13E-03 3.01E-09 2.28E-07 5.50E-03  1.67E-03 0.31229
15530.00 .6439150    1.21E-33 2.92E-29 8.67E-34 1.80E-07 4.35E-03 2.43E-08 4.65E-08 1.12E-03 2.97E-09 2.27E-07 5.47E-03  1.68E-03 0.31223
15540.00 .6435006    1.15E-33 2.79E-29 8.26E-34 1.81E-07 4.37E-03 2.44E-08 4.66E-08 1.12E-03 2.97E-09 2.27E-07 5.49E-03  1.68E-03 0.31190
15550.00 .6430868    1.10E-33 2.67E-29 7.88E-34 1.83E-07 4.42E-03 2.46E-08 4.70E-08 1.14E-03 3.00E-09 2.30E-07 5.56E-03  1.68E-03 0.31171
15560.00 .6426736    1.05E-33 2.55E-29 7.51E-34 1.83E-07 4.42E-03 2.46E-08 4.68E-08 1.13E-03 2.98E-09 2.29E-07 5.55E-03  1.68E-03 0.31154
15570.00 .6422607    1.01E-33 2.44E-29 7.16E-34 1.80E-07 4.36E-03 2.42E-08 4.61E-08 1.12E-03 2.92E-09 2.26E-07 5.48E-03  1.68E-03 0.31128
15580.00 .6418485    9.60E-34 2.33E-29 6.83E-34 1.79E-07 4.35E-03 2.41E-08 4.59E-08 1.11E-03 2.90E-09 2.25E-07 5.47E-03  1.69E-03 0.31098
15590.00 .6414368    9.15E-34 2.22E-29 6.50E-34 1.80E-07 4.36E-03 2.42E-08 4.59E-08 1.11E-03 2.90E-09 2.25E-07 5.48E-03  1.69E-03 0.31057
15600.00 .6410256    8.73E-34 2.12E-29 6.20E-34 1.80E-07 4.39E-03 2.44E-08 4.60E-08 1.12E-03 2.90E-09 2.26E-07 5.51E-03  1.69E-03 0.31014
15610.00 .6406150    8.33E-34 2.03E-29 5.91E-34 1.81E-07 4.41E-03 2.44E-08 4.60E-08 1.12E-03 2.89E-09 2.27E-07 5.53E-03  1.69E-03 0.30984
15620.00 .6402048    7.95E-34 1.94E-29 5.63E-34 1.79E-07 4.36E-03 2.42E-08 4.54E-08 1.11E-03 2.85E-09 2.24E-07 5.47E-03  1.70E-03 0.30954
15630.00 .6397952    7.59E-34 1.85E-29 5.37E-34 1.79E-07 4.37E-03 2.42E-08 4.53E-08 1.11E-03 2.84E-09 2.24E-07 5.47E-03  1.70E-03 0.30914
15640.00 .6393862    7.24E-34 1.77E-29 5.11E-34 1.80E-07 4.41E-03 2.44E-08 4.57E-08 1.12E-03 2.85E-09 2.26E-07 5.53E-03  1.70E-03 0.30876
15650.00 .6389776    6.91E-34 1.69E-29 4.87E-34 1.81E-07 4.45E-03 2.46E-08 4.59E-08 1.12E-03 2.86E-09 2.27E-07 5.57E-03  1.70E-03 0.30837
15660.00 .6385696    6.59E-34 1.62E-29 4.64E-34 1.82E-07 4.45E-03 2.47E-08 4.58E-08 1.12E-03 2.85E-09 2.27E-07 5.58E-03  1.71E-03 0.30801
15670.00 .6381621    6.29E-34 1.54E-29 4.43E-34 1.82E-07 4.47E-03 2.47E-08 4.58E-08 1.13E-03 2.84E-09 2.28E-07 5.59E-03  1.71E-03 0.30773
15680.00 .6377551    6.00E-34 1.47E-29 4.21E-34 1.82E-07 4.48E-03 2.48E-08 4.58E-08 1.13E-03 2.84E-09 2.28E-07 5.60E-03  1.71E-03 0.30716
15690.00 .6373487    5.71E-34 1.41E-29 4.01E-34 1.80E-07 4.43E-03 2.46E-08 4.52E-08 1.11E-03 2.79E-09 2.25E-07 5.55E-03  1.71E-03 0.30643
15700.00 .6369426    5.45E-34 1.34E-29 3.82E-34 1.78E-07 4.38E-03 2.43E-08 4.46E-08 1.10E-03 2.75E-09 2.22E-07 5.48E-03  1.71E-03 0.30619
15710.00 .6365373    5.20E-34 1.28E-29 3.65E-34 1.75E-07 4.31E-03 2.39E-08 4.38E-08 1.08E-03 2.69E-09 2.19E-07 5.39E-03  1.72E-03 0.30587
15720.00 .6361323    4.96E-34 1.23E-29 3.47E-34 1.73E-07 4.27E-03 2.37E-08 4.32E-08 1.07E-03 2.65E-09 2.16E-07 5.33E-03  1.72E-03 0.30530
15730.00 .6357279    4.73E-34 1.17E-29 3.31E-34 1.74E-07 4.30E-03 2.39E-08 4.34E-08 1.07E-03 2.66E-09 2.17E-07 5.38E-03  1.72E-03 0.30493
15740.00 .6353241    4.51E-34 1.12E-29 3.15E-34 1.76E-07 4.36E-03 2.43E-08 4.38E-08 1.09E-03 2.68E-09 2.20E-07 5.44E-03  1.72E-03 0.30432
15750.00 .6349206    4.29E-34 1.07E-29 3.00E-34 1.75E-07 4.35E-03 2.43E-08 4.36E-08 1.08E-03 2.66E-09 2.19E-07 5.43E-03  1.73E-03 0.30363
15760.00 .6345178    4.10E-34 1.02E-29 2.86E-34 1.74E-07 4.31E-03 2.41E-08 4.31E-08 1.07E-03 2.62E-09 2.17E-07 5.39E-03  1.73E-03 0.30334
15770.00 .6341154    3.92E-34 9.74E-30 2.73E-34 1.72E-07 4.29E-03 2.39E-08 4.27E-08 1.06E-03 2.59E-09 2.15E-07 5.35E-03  1.73E-03 0.30321
15780.00 .6337135    3.73E-34 9.30E-30 2.60E-34 1.72E-07 4.28E-03 2.38E-08 4.26E-08 1.06E-03 2.58E-09 2.14E-07 5.34E-03  1.73E-03 0.30276
15790.00 .6333123    3.56E-34 8.87E-30 2.47E-34 1.74E-07 4.34E-03 2.42E-08 4.30E-08 1.07E-03 2.60E-09 2.17E-07 5.41E-03  1.73E-03 0.30218
15800.00 .6329113    3.39E-34 8.46E-30 2.35E-34 1.75E-07 4.36E-03 2.44E-08 4.31E-08 1.08E-03 2.60E-09 2.18E-07 5.43E-03  1.74E-03 0.30145
15810.00 .6325111    3.22E-34 8.05E-30 2.24E-34 1.69E-07 4.23E-03 2.39E-08 4.17E-08 1.04E-03 2.51E-09 2.11E-07 5.28E-03  1.74E-03 0.30015
15820.00 .6321113    3.06E-34 7.66E-30 2.12E-34 1.62E-07 4.06E-03 2.31E-08 3.99E-08 9.99E-04 2.40E-09 2.02E-07 5.06E-03  1.74E-03 0.29903
15830.00 .6317120    2.92E-34 7.33E-30 2.03E-34 1.62E-07 4.06E-03 2.30E-08 3.98E-08 9.98E-04 2.39E-09 2.02E-07 5.06E-03  1.74E-03 0.29889
15840.00 .6313131    2.80E-34 7.02E-30 1.93E-34 1.68E-07 4.22E-03 2.38E-08 4.13E-08 1.04E-03 2.47E-09 2.09E-07 5.26E-03  1.74E-03 0.29901
15850.00 .6309148    2.67E-34 6.71E-30 1.84E-34 1.70E-07 4.27E-03 2.41E-08 4.17E-08 1.05E-03 2.50E-09 2.12E-07 5.32E-03  1.75E-03 0.29857
15860.00 .6305170    2.54E-34 6.39E-30 1.75E-34 1.66E-07 4.16E-03 2.36E-08 4.06E-08 1.02E-03 2.43E-09 2.06E-07 5.18E-03  1.75E-03 0.29756
15870.00 .6301197    2.41E-34 6.06E-30 1.66E-34 1.62E-07 4.07E-03 2.34E-08 3.96E-08 9.96E-04 2.38E-09 2.01E-07 5.07E-03  1.75E-03 0.29583
15880.00 .6297229    2.28E-34 5.75E-30 1.58E-34 1.61E-07 4.07E-03 2.36E-08 3.94E-08 9.93E-04 2.37E-09 2.01E-07 5.06E-03  1.75E-03 0.29420
15890.00 .6293266    2.18E-34 5.51E-30 1.50E-34 1.64E-07 4.14E-03 2.39E-08 3.99E-08 1.01E-03 2.39E-09 2.04E-07 5.14E-03  1.75E-03 0.29426
15900.00 .6289308    2.09E-34 5.27E-30 1.44E-34 1.66E-07 4.19E-03 2.41E-08 4.02E-08 1.02E-03 2.40E-09 2.06E-07 5.20E-03  1.76E-03 0.29452
15910.00 .6285355    1.97E-34 4.97E-30 1.36E-34 1.58E-07 4.00E-03 2.36E-08 3.84E-08 9.72E-04 2.30E-09 1.97E-07 4.97E-03  1.76E-03 0.29112
15920.00 .6281407    1.85E-34 4.68E-30 1.28E-34 1.51E-07 3.82E-03 2.30E-08 3.65E-08 9.26E-04 2.20E-09 1.87E-07 4.74E-03  1.76E-03 0.28747
15930.00 .6277464    1.79E-34 4.53E-30 1.23E-34 1.58E-07 4.02E-03 2.35E-08 3.83E-08 9.71E-04 2.28E-09 1.97E-07 4.99E-03  1.76E-03 0.29035
15940.00 .6273526    1.75E-34 4.44E-30 1.19E-34 1.69E-07 4.29E-03 2.41E-08 4.07E-08 1.03E-03 2.38E-09 2.10E-07 5.32E-03  1.76E-03 0.29549
15950.00 .6269592    1.68E-34 4.28E-30 1.15E-34 1.71E-07 4.36E-03 2.41E-08 4.12E-08 1.05E-03 2.40E-09 2.12E-07 5.41E-03  1.77E-03 0.29733
15960.00 .6265664    1.61E-34 4.11E-30 1.09E-34 1.71E-07 4.36E-03 2.39E-08 4.12E-08 1.05E-03 2.39E-09 2.13E-07 5.41E-03  1.77E-03 0.29762
15970.00 .6261741    1.54E-34 3.93E-30 1.05E-34 1.70E-07 4.34E-03 2.37E-08 4.08E-08 1.04E-03 2.36E-09 2.11E-07 5.38E-03  1.77E-03 0.29779
15980.00 .6257823    1.47E-34 3.77E-30 9.97E-35 1.68E-07 4.29E-03 2.33E-08 4.02E-08 1.03E-03 2.32E-09 2.08E-07 5.31E-03  1.77E-03 0.29785
15990.00 .6253909    1.41E-34 3.60E-30 9.51E-35 1.69E-07 4.31E-03 2.33E-08 4.03E-08 1.03E-03 2.32E-09 2.09E-07 5.34E-03  1.77E-03 0.29778

                                             RADIANCE(WATTS/CM2-STER-XXX)

  FREQ  WAVELENGTH     PATH_THERMAL    SURFACE      PATH_SCATTERED_SOLAR   GROUND_REFLECTED_RADIANCE   TOTAL_RADIANCE   INTEGRAL    TOTAL
                                       EMISSION     TOTAL RAD      SINGLE        TOTAL        DIRECT                                TRANS
 (CM-1) (MICRON)       (CM-1)  (MICRN)   (CM-1)   (CM-1)  (MICRN)   (CM-1)   (CM-1)  (MICRN)   (CM-1)   (CM-1)  (MICRN)

16000.00 .6249999    1.35E-34 3.44E-30 9.07E-35 1.70E-07 4.34E-03 2.35E-08 4.05E-08 1.04E-03 2.33E-09 2.10E-07 5.38E-03  1.78E-03 0.29763
16010.00 .6246096    1.28E-34 3.29E-30 8.65E-35 1.69E-07 4.32E-03 2.33E-08 4.02E-08 1.03E-03 2.30E-09 2.09E-07 5.35E-03  1.78E-03 0.29750
16020.00 .6242197    1.23E-34 3.15E-30 8.25E-35 1.70E-07 4.36E-03 2.35E-08 4.05E-08 1.04E-03 2.31E-09 2.11E-07 5.40E-03  1.78E-03 0.29735
16030.00 .6238303    1.17E-34 3.01E-30 7.87E-35 1.72E-07 4.42E-03 2.38E-08 4.09E-08 1.05E-03 2.33E-09 2.13E-07 5.47E-03  1.78E-03 0.29716
16040.00 .6234415    1.12E-34 2.88E-30 7.50E-35 1.72E-07 4.43E-03 2.37E-08 4.08E-08 1.05E-03 2.32E-09 2.13E-07 5.48E-03  1.79E-03 0.29698
16050.00 .6230529    1.07E-34 2.75E-30 7.15E-35 1.74E-07 4.48E-03 2.40E-08 4.12E-08 1.06E-03 2.34E-09 2.15E-07 5.55E-03  1.79E-03 0.29680
16060.00 .6226650    1.02E-34 2.63E-30 6.82E-35 1.76E-07 4.54E-03 2.43E-08 4.16E-08 1.07E-03 2.35E-09 2.17E-07 5.61E-03  1.79E-03 0.29661
16070.00 .6222776    9.72E-35 2.51E-30 6.50E-35 1.75E-07 4.51E-03 2.41E-08 4.12E-08 1.06E-03 2.33E-09 2.16E-07 5.58E-03  1.79E-03 0.29641
16080.00 .6218905    9.28E-35 2.40E-30 6.20E-35 1.74E-07 4.50E-03 2.40E-08 4.10E-08 1.06E-03 2.31E-09 2.15E-07 5.56E-03  1.79E-03 0.29621
16090.00 .6215041    8.86E-35 2.29E-30 5.91E-35 1.76E-07 4.56E-03 2.43E-08 4.14E-08 1.07E-03 2.33E-09 2.18E-07 5.63E-03  1.80E-03 0.29601
16100.00 .6211179    8.46E-35 2.19E-30 5.63E-35 1.80E-07 4.66E-03 2.47E-08 4.22E-08 1.09E-03 2.36E-09 2.22E-07 5.75E-03  1.80E-03 0.29580
16110.00 .6207325    8.08E-35 2.10E-30 5.37E-35 1.81E-07 4.69E-03 2.49E-08 4.23E-08 1.10E-03 2.37E-09 2.23E-07 5.79E-03  1.80E-03 0.29558
16120.00 .6203474    7.71E-35 2.00E-30 5.12E-35 1.79E-07 4.65E-03 2.47E-08 4.19E-08 1.09E-03 2.34E-09 2.21E-07 5.74E-03  1.80E-03 0.29537
16130.00 .6199628    7.36E-35 1.92E-30 4.88E-35 1.78E-07 4.63E-03 2.45E-08 4.16E-08 1.08E-03 2.31E-09 2.20E-07 5.71E-03  1.81E-03 0.29515
16140.00 .6195787    7.03E-35 1.83E-30 4.65E-35 1.76E-07 4.58E-03 2.42E-08 4.10E-08 1.07E-03 2.28E-09 2.17E-07 5.65E-03  1.81E-03 0.29492
16150.00 .6191950    6.71E-35 1.75E-30 4.44E-35 1.75E-07 4.56E-03 2.41E-08 4.07E-08 1.06E-03 2.25E-09 2.15E-07 5.62E-03  1.81E-03 0.29469
16160.00 .6188119    6.40E-35 1.67E-30 4.23E-35 1.78E-07 4.64E-03 2.44E-08 4.13E-08 1.08E-03 2.28E-09 2.19E-07 5.71E-03  1.81E-03 0.29445
16170.00 .6184292    6.11E-35 1.60E-30 4.03E-35 1.79E-07 4.69E-03 2.47E-08 4.16E-08 1.09E-03 2.30E-09 2.21E-07 5.78E-03  1.81E-03 0.29420
16180.00 .6180470    5.84E-35 1.53E-30 3.84E-35 1.78E-07 4.65E-03 2.45E-08 4.12E-08 1.08E-03 2.26E-09 2.19E-07 5.73E-03  1.82E-03 0.29394
16190.00 .6176653    5.57E-35 1.46E-30 3.66E-35 1.74E-07 4.56E-03 2.40E-08 4.02E-08 1.05E-03 2.21E-09 2.14E-07 5.61E-03  1.82E-03 0.29369
16200.00 .6172839    5.32E-35 1.40E-30 3.49E-35 1.70E-07 4.47E-03 2.35E-08 3.93E-08 1.03E-03 2.15E-09 2.10E-07 5.50E-03  1.82E-03 0.29343
16210.00 .6169031    5.08E-35 1.33E-30 3.33E-35 1.67E-07 4.39E-03 2.30E-08 3.85E-08 1.01E-03 2.10E-09 2.06E-07 5.40E-03  1.82E-03 0.29317
16220.00 .6165228    4.84E-35 1.27E-30 3.17E-35 1.65E-07 4.33E-03 2.27E-08 3.79E-08 9.97E-04 2.06E-09 2.03E-07 5.33E-03  1.82E-03 0.29290
16230.00 .6161429    4.62E-35 1.22E-30 3.02E-35 1.67E-07 4.39E-03 2.29E-08 3.82E-08 1.01E-03 2.08E-09 2.05E-07 5.39E-03  1.83E-03 0.29264
16240.00 .6157636    4.41E-35 1.16E-30 2.88E-35 1.71E-07 4.52E-03 2.36E-08 3.93E-08 1.04E-03 2.13E-09 2.11E-07 5.55E-03  1.83E-03 0.29237
16250.00 .6153846    4.21E-35 1.11E-30 2.74E-35 1.74E-07 4.60E-03 2.40E-08 3.99E-08 1.05E-03 2.16E-09 2.14E-07 5.66E-03  1.83E-03 0.29210
16260.00 .6150061    4.02E-35 1.06E-30 2.62E-35 1.74E-07 4.61E-03 2.40E-08 3.98E-08 1.05E-03 2.15E-09 2.14E-07 5.66E-03  1.83E-03 0.29184
16270.00 .6146281    3.84E-35 1.02E-30 2.49E-35 1.73E-07 4.57E-03 2.38E-08 3.94E-08 1.04E-03 2.12E-09 2.12E-07 5.61E-03  1.83E-03 0.29157
16280.00 .6142506    3.66E-35 9.71E-31 2.38E-35 1.68E-07 4.46E-03 2.32E-08 3.83E-08 1.02E-03 2.06E-09 2.07E-07 5.48E-03  1.84E-03 0.29129
16290.00 .6138736    3.50E-35 9.28E-31 2.27E-35 1.67E-07 4.42E-03 2.30E-08 3.78E-08 1.00E-03 2.03E-09 2.04E-07 5.42E-03  1.84E-03 0.29102
16300.00 .6134969    3.34E-35 8.86E-31 2.16E-35 1.70E-07 4.53E-03 2.35E-08 3.87E-08 1.03E-03 2.07E-09 2.09E-07 5.55E-03  1.84E-03 0.29074
16310.00 .6131208    3.18E-35 8.47E-31 2.06E-35 1.72E-07 4.58E-03 2.38E-08 3.90E-08 1.04E-03 2.08E-09 2.11E-07 5.62E-03  1.84E-03 0.29047
16320.00 .6127451    3.04E-35 8.09E-31 1.96E-35 1.71E-07 4.56E-03 2.37E-08 3.88E-08 1.03E-03 2.06E-09 2.10E-07 5.60E-03  1.85E-03 0.29019
16330.00 .6123699    2.90E-35 7.74E-31 1.87E-35 1.73E-07 4.60E-03 2.38E-08 3.89E-08 1.04E-03 2.07E-09 2.11E-07 5.64E-03  1.85E-03 0.28991
16340.00 .6119952    2.77E-35 7.39E-31 1.78E-35 1.75E-07 4.69E-03 2.42E-08 3.95E-08 1.06E-03 2.09E-09 2.15E-07 5.74E-03  1.85E-03 0.28963
16350.00 .6116208    2.64E-35 7.07E-31 1.70E-35 1.77E-07 4.74E-03 2.45E-08 3.99E-08 1.07E-03 2.11E-09 2.17E-07 5.81E-03  1.85E-03 0.28935
16360.00 .6112469    2.52E-35 6.75E-31 1.62E-35 1.77E-07 4.73E-03 2.44E-08 3.97E-08 1.06E-03 2.09E-09 2.16E-07 5.79E-03  1.85E-03 0.28907
16370.00 .6108735    2.41E-35 6.46E-31 1.54E-35 1.73E-07 4.65E-03 2.40E-08 3.89E-08 1.04E-03 2.04E-09 2.12E-07 5.69E-03  1.86E-03 0.28878
16380.00 .6105006    2.30E-35 6.17E-31 1.47E-35 1.72E-07 4.61E-03 2.38E-08 3.84E-08 1.03E-03 2.02E-09 2.10E-07 5.64E-03  1.86E-03 0.28850
16390.00 .6101281    2.20E-35 5.90E-31 1.40E-35 1.74E-07 4.68E-03 2.41E-08 3.90E-08 1.05E-03 2.04E-09 2.13E-07 5.73E-03  1.86E-03 0.28821
16400.00 .6097561    2.10E-35 5.63E-31 1.34E-35 1.76E-07 4.74E-03 2.44E-08 3.93E-08 1.06E-03 2.05E-09 2.16E-07 5.80E-03  1.86E-03 0.28793
16410.00 .6093845    2.00E-35 5.38E-31 1.27E-35 1.76E-07 4.73E-03 2.44E-08 3.92E-08 1.05E-03 2.04E-09 2.15E-07 5.79E-03  1.86E-03 0.28765
16420.00 .6090135    1.91E-35 5.14E-31 1.21E-35 1.75E-07 4.73E-03 2.43E-08 3.90E-08 1.05E-03 2.02E-09 2.14E-07 5.78E-03  1.87E-03 0.28736
16430.00 .6086427    1.82E-35 4.92E-31 1.16E-35 1.75E-07 4.72E-03 2.42E-08 3.88E-08 1.05E-03 2.01E-09 2.14E-07 5.76E-03  1.87E-03 0.28707
16440.00 .6082725    1.74E-35 4.70E-31 1.10E-35 1.75E-07 4.73E-03 2.43E-08 3.88E-08 1.05E-03 2.00E-09 2.14E-07 5.77E-03  1.87E-03 0.28679
16450.00 .6079028    1.66E-35 4.49E-31 1.05E-35 1.76E-07 4.77E-03 2.45E-08 3.90E-08 1.06E-03 2.01E-09 2.15E-07 5.83E-03  1.87E-03 0.28650
16460.00 .6075334    1.58E-35 4.28E-31 9.99E-36 1.79E-07 4.84E-03 2.48E-08 3.94E-08 1.07E-03 2.03E-09 2.18E-07 5.91E-03  1.88E-03 0.28621
16470.00 .6071646    1.28E-35 3.46E-31 8.06E-36 1.78E-07 4.82E-03 2.47E-08 3.92E-08 1.06E-03 2.01E-09 2.17E-07 5.88E-03  1.88E-03 0.28593
16480.00 .6067961    6.39E-36 1.74E-31 4.03E-36 1.75E-07 4.76E-03 2.44E-08 3.86E-08 1.05E-03 1.97E-09 2.14E-07 5.80E-03  1.88E-03 0.28565
16490.00 .6064281    1.32E-36 3.60E-32 8.35E-37 1.76E-07 4.78E-03 2.45E-08 3.86E-08 1.05E-03 1.97E-09 2.14E-07 5.83E-03  1.88E-03 0.28536

                                             RADIANCE(WATTS/CM2-STER-XXX)

  FREQ  WAVELENGTH     PATH_THERMAL    SURFACE      PATH_SCATTERED_SOLAR   GROUND_REFLECTED_RADIANCE   TOTAL_RADIANCE   INTEGRAL    TOTAL
                                       EMISSION     TOTAL RAD      SINGLE        TOTAL        DIRECT                                TRANS
 (CM-1) (MICRON)       (CM-1)  (MICRN)   (CM-1)   (CM-1)  (MICRN)   (CM-1)   (CM-1)  (MICRN)   (CM-1)   (CM-1)  (MICRN)

16500.00 .6060606    0.00E+00 0.00E+00 0.00E+00 1.77E-07 4.81E-03 2.46E-08 3.88E-08 1.06E-03 1.98E-09 2.15E-07 5.87E-03  1.88E-03 0.28505
16510.00 .6056935    0.00E+00 0.00E+00 0.00E+00 1.76E-07 4.81E-03 2.46E-08 3.86E-08 1.05E-03 1.96E-09 2.15E-07 5.86E-03  1.89E-03 0.28475
16520.00 .6053270    0.00E+00 0.00E+00 0.00E+00 1.77E-07 4.84E-03 2.47E-08 3.88E-08 1.06E-03 1.97E-09 2.16E-07 5.89E-03  1.89E-03 0.28447
16530.00 .6049607    0.00E+00 0.00E+00 0.00E+00 1.78E-07 4.86E-03 2.48E-08 3.88E-08 1.06E-03 1.96E-09 2.17E-07 5.92E-03  1.89E-03 0.28416
16540.00 .6045949    0.00E+00 0.00E+00 0.00E+00 1.78E-07 4.86E-03 2.48E-08 3.87E-08 1.06E-03 1.95E-09 2.16E-07 5.92E-03  1.89E-03 0.28384
16550.00 .6042296    0.00E+00 0.00E+00 0.00E+00 1.78E-07 4.87E-03 2.49E-08 3.87E-08 1.06E-03 1.95E-09 2.17E-07 5.93E-03  1.89E-03 0.28356
16560.00 .6038647    0.00E+00 0.00E+00 0.00E+00 1.78E-07 4.87E-03 2.48E-08 3.86E-08 1.06E-03 1.94E-09 2.16E-07 5.93E-03  1.90E-03 0.28326
16570.00 .6035004    0.00E+00 0.00E+00 0.00E+00 1.75E-07 4.82E-03 2.46E-08 3.80E-08 1.04E-03 1.91E-09 2.13E-07 5.86E-03  1.90E-03 0.28286
16580.00 .6031363    0.00E+00 0.00E+00 0.00E+00 1.72E-07 4.73E-03 2.42E-08 3.72E-08 1.02E-03 1.86E-09 2.09E-07 5.76E-03  1.90E-03 0.28241
16590.00 .6027728    0.00E+00 0.00E+00 0.00E+00 1.70E-07 4.69E-03 2.40E-08 3.68E-08 1.01E-03 1.84E-09 2.07E-07 5.70E-03  1.90E-03 0.28210
16600.00 .6024097    0.00E+00 0.00E+00 0.00E+00 1.70E-07 4.68E-03 2.39E-08 3.66E-08 1.01E-03 1.82E-09 2.06E-07 5.68E-03  1.91E-03 0.28179
16610.00 .6020469    0.00E+00 0.00E+00 0.00E+00 1.69E-07 4.66E-03 2.39E-08 3.64E-08 1.00E-03 1.81E-09 2.05E-07 5.67E-03  1.91E-03 0.28113
16620.00 .6016848    0.00E+00 0.00E+00 0.00E+00 1.69E-07 4.67E-03 2.40E-08 3.63E-08 1.00E-03 1.80E-09 2.06E-07 5.68E-03  1.91E-03 0.28052
16630.00 .6013229    0.00E+00 0.00E+00 0.00E+00 1.69E-07 4.68E-03 2.40E-08 3.63E-08 1.00E-03 1.79E-09 2.06E-07 5.69E-03  1.91E-03 0.28038
16640.00 .6009616    0.00E+00 0.00E+00 0.00E+00 1.68E-07 4.66E-03 2.39E-08 3.60E-08 9.98E-04 1.78E-09 2.05E-07 5.66E-03  1.91E-03 0.28006
16650.00 .6006007    0.00E+00 0.00E+00 0.00E+00 1.69E-07 4.68E-03 2.41E-08 3.60E-08 9.98E-04 1.77E-09 2.05E-07 5.67E-03  1.92E-03 0.27919
16660.00 .6002401    0.00E+00 0.00E+00 0.00E+00 1.69E-07 4.69E-03 2.43E-08 3.60E-08 9.98E-04 1.77E-09 2.05E-07 5.69E-03  1.92E-03 0.27832
16670.00 .5998801    0.00E+00 0.00E+00 0.00E+00 1.68E-07 4.67E-03 2.43E-08 3.57E-08 9.92E-04 1.75E-09 2.04E-07 5.66E-03  1.92E-03 0.27763
16680.00 .5995204    0.00E+00 0.00E+00 0.00E+00 1.67E-07 4.65E-03 2.44E-08 3.54E-08 9.85E-04 1.73E-09 2.03E-07 5.64E-03  1.92E-03 0.27648
16690.00 .5991611    0.00E+00 0.00E+00 0.00E+00 1.66E-07 4.61E-03 2.44E-08 3.49E-08 9.73E-04 1.71E-09 2.01E-07 5.59E-03  1.92E-03 0.27539
16700.00 .5988024    0.00E+00 0.00E+00 0.00E+00 1.66E-07 4.62E-03 2.43E-08 3.49E-08 9.73E-04 1.70E-09 2.00E-07 5.59E-03  1.93E-03 0.27552
16710.00 .5984440    0.00E+00 0.00E+00 0.00E+00 1.67E-07 4.65E-03 2.44E-08 3.51E-08 9.79E-04 1.70E-09 2.02E-07 5.63E-03  1.93E-03 0.27539
16720.00 .5980862    0.00E+00 0.00E+00 0.00E+00 1.63E-07 4.55E-03 2.42E-08 3.41E-08 9.54E-04 1.66E-09 1.97E-07 5.51E-03  1.93E-03 0.27348
16730.00 .5977286    0.00E+00 0.00E+00 0.00E+00 1.60E-07 4.49E-03 2.41E-08 3.35E-08 9.37E-04 1.63E-09 1.94E-07 5.42E-03  1.93E-03 0.27224
16740.00 .5973716    0.00E+00 0.00E+00 0.00E+00 1.61E-07 4.52E-03 2.44E-08 3.36E-08 9.41E-04 1.63E-09 1.95E-07 5.46E-03  1.93E-03 0.27105
16750.00 .5970150    0.00E+00 0.00E+00 0.00E+00 1.60E-07 4.50E-03 2.46E-08 3.32E-08 9.32E-04 1.61E-09 1.93E-07 5.43E-03  1.94E-03 0.26937
16760.00 .5966586    0.00E+00 0.00E+00 0.00E+00 1.63E-07 4.59E-03 2.47E-08 3.39E-08 9.52E-04 1.63E-09 1.97E-07 5.54E-03  1.94E-03 0.27098
16770.00 .5963030    0.00E+00 0.00E+00 0.00E+00 1.63E-07 4.60E-03 2.46E-08 3.39E-08 9.53E-04 1.63E-09 1.97E-07 5.55E-03  1.94E-03 0.27111
16780.00 .5959476    0.00E+00 0.00E+00 0.00E+00 1.59E-07 4.48E-03 2.44E-08 3.28E-08 9.24E-04 1.58E-09 1.92E-07 5.40E-03  1.94E-03 0.26905
16790.00 .5955926    0.00E+00 0.00E+00 0.00E+00 1.59E-07 4.48E-03 2.43E-08 3.27E-08 9.23E-04 1.57E-09 1.92E-07 5.40E-03  1.94E-03 0.26923
16800.00 .5952381    0.00E+00 0.00E+00 0.00E+00 1.53E-07 4.33E-03 2.41E-08 3.14E-08 8.86E-04 1.51E-09 1.85E-07 5.22E-03  1.95E-03 0.26619
16810.00 .5948839    0.00E+00 0.00E+00 0.00E+00 1.45E-07 4.11E-03 2.39E-08 2.94E-08 8.30E-04 1.43E-09 1.75E-07 4.94E-03  1.95E-03 0.26064
16820.00 .5945304    0.00E+00 0.00E+00 0.00E+00 1.45E-07 4.11E-03 2.41E-08 2.92E-08 8.27E-04 1.42E-09 1.75E-07 4.94E-03  1.95E-03 0.25901
16830.00 .5941771    0.00E+00 0.00E+00 0.00E+00 1.53E-07 4.34E-03 2.44E-08 3.11E-08 8.80E-04 1.49E-09 1.84E-07 5.22E-03  1.95E-03 0.26295
16840.00 .5938242    0.00E+00 0.00E+00 0.00E+00 1.62E-07 4.58E-03 2.46E-08 3.30E-08 9.36E-04 1.56E-09 1.95E-07 5.52E-03  1.95E-03 0.26802
16850.00 .5934718    0.00E+00 0.00E+00 0.00E+00 1.61E-07 4.58E-03 2.44E-08 3.30E-08 9.37E-04 1.56E-09 1.94E-07 5.52E-03  1.95E-03 0.26899
16860.00 .5931197    0.00E+00 0.00E+00 0.00E+00 1.58E-07 4.50E-03 2.41E-08 3.23E-08 9.17E-04 1.52E-09 1.91E-07 5.42E-03  1.96E-03 0.26798
16870.00 .5927683    0.00E+00 0.00E+00 0.00E+00 1.55E-07 4.41E-03 2.42E-08 3.13E-08 8.92E-04 1.48E-09 1.86E-07 5.30E-03  1.96E-03 0.26497
16880.00 .5924171    0.00E+00 0.00E+00 0.00E+00 1.49E-07 4.23E-03 2.43E-08 2.97E-08 8.47E-04 1.42E-09 1.78E-07 5.08E-03  1.96E-03 0.25972
16890.00 .5920663    0.00E+00 0.00E+00 0.00E+00 1.46E-07 4.16E-03 2.41E-08 2.90E-08 8.28E-04 1.38E-09 1.75E-07 4.99E-03  1.96E-03 0.25827
16900.00 .5917160    0.00E+00 0.00E+00 0.00E+00 1.49E-07 4.26E-03 2.40E-08 2.99E-08 8.53E-04 1.40E-09 1.79E-07 5.11E-03  1.96E-03 0.26152
16910.00 .5913660    0.00E+00 0.00E+00 0.00E+00 1.53E-07 4.37E-03 2.42E-08 3.06E-08 8.76E-04 1.43E-09 1.83E-07 5.24E-03  1.97E-03 0.26323
16920.00 .5910166    0.00E+00 0.00E+00 0.00E+00 1.55E-07 4.42E-03 2.44E-08 3.10E-08 8.87E-04 1.44E-09 1.86E-07 5.31E-03  1.97E-03 0.26338
16930.00 .5906674    0.00E+00 0.00E+00 0.00E+00 1.54E-07 4.41E-03 2.45E-08 3.08E-08 8.82E-04 1.43E-09 1.85E-07 5.30E-03  1.97E-03 0.26252
16940.00 .5903188    0.00E+00 0.00E+00 0.00E+00 1.46E-07 4.18E-03 2.40E-08 2.88E-08 8.27E-04 1.35E-09 1.75E-07 5.01E-03  1.97E-03 0.25836
16950.00 .5899705    0.00E+00 0.00E+00 0.00E+00 1.37E-07 3.93E-03 2.28E-08 2.69E-08 7.73E-04 1.26E-09 1.64E-07 4.70E-03  1.97E-03 0.25686
16960.00 .5896226    0.00E+00 0.00E+00 0.00E+00 1.31E-07 3.77E-03 2.15E-08 2.58E-08 7.43E-04 1.21E-09 1.57E-07 4.51E-03  1.97E-03 0.25835
16970.00 .5892752    0.00E+00 0.00E+00 0.00E+00 1.28E-07 3.67E-03 2.11E-08 2.51E-08 7.22E-04 1.17E-09 1.53E-07 4.39E-03  1.98E-03 0.25713
16980.00 .5889282    0.00E+00 0.00E+00 0.00E+00 1.35E-07 3.90E-03 2.24E-08 2.65E-08 7.65E-04 1.23E-09 1.62E-07 4.67E-03  1.98E-03 0.25666
16990.00 .5885815    0.00E+00 0.00E+00 0.00E+00 1.49E-07 4.29E-03 2.40E-08 2.93E-08 8.46E-04 1.35E-09 1.78E-07 5.14E-03  1.98E-03 0.25949

                                             RADIANCE(WATTS/CM2-STER-XXX)

  FREQ  WAVELENGTH     PATH_THERMAL    SURFACE      PATH_SCATTERED_SOLAR   GROUND_REFLECTED_RADIANCE   TOTAL_RADIANCE   INTEGRAL    TOTAL
                                       EMISSION     TOTAL RAD      SINGLE        TOTAL        DIRECT                                TRANS
 (CM-1) (MICRON)       (CM-1)  (MICRN)   (CM-1)   (CM-1)  (MICRN)   (CM-1)   (CM-1)  (MICRN)   (CM-1)   (CM-1)  (MICRN)

17000.00 .5882353    0.00E+00 0.00E+00 0.00E+00 1.58E-07 4.57E-03 2.47E-08 3.14E-08 9.07E-04 1.43E-09 1.90E-07 5.48E-03  1.98E-03 0.26308
17010.00 .5878894    0.00E+00 0.00E+00 0.00E+00 1.67E-07 4.82E-03 2.51E-08 3.32E-08 9.60E-04 1.50E-09 2.00E-07 5.78E-03  1.98E-03 0.26631
17020.00 .5875441    0.00E+00 0.00E+00 0.00E+00 1.72E-07 4.98E-03 2.54E-08 3.43E-08 9.95E-04 1.54E-09 2.06E-07 5.98E-03  1.98E-03 0.26822
17030.00 .5871990    0.00E+00 0.00E+00 0.00E+00 1.73E-07 5.02E-03 2.54E-08 3.46E-08 1.00E-03 1.55E-09 2.08E-07 6.03E-03  1.99E-03 0.26895
17040.00 .5868544    0.00E+00 0.00E+00 0.00E+00 1.73E-07 5.03E-03 2.52E-08 3.45E-08 1.00E-03 1.54E-09 2.08E-07 6.03E-03  1.99E-03 0.26941
17050.00 .5865102    0.00E+00 0.00E+00 0.00E+00 1.72E-07 5.00E-03 2.49E-08 3.43E-08 9.96E-04 1.53E-09 2.06E-07 5.99E-03  1.99E-03 0.26952
17060.00 .5861664    0.00E+00 0.00E+00 0.00E+00 1.70E-07 4.93E-03 2.45E-08 3.38E-08 9.82E-04 1.50E-09 2.03E-07 5.92E-03  1.99E-03 0.26948
17070.00 .5858231    0.00E+00 0.00E+00 0.00E+00 1.70E-07 4.95E-03 2.45E-08 3.38E-08 9.84E-04 1.50E-09 2.04E-07 5.93E-03  1.99E-03 0.26961
17080.00 .5854801    0.00E+00 0.00E+00 0.00E+00 1.73E-07 5.06E-03 2.49E-08 3.44E-08 1.00E-03 1.52E-09 2.08E-07 6.06E-03  2.00E-03 0.26950
17090.00 .5851374    0.00E+00 0.00E+00 0.00E+00 1.76E-07 5.13E-03 2.53E-08 3.49E-08 1.02E-03 1.54E-09 2.11E-07 6.15E-03  2.00E-03 0.26919
17100.00 .5847953    0.00E+00 0.00E+00 0.00E+00 1.77E-07 5.17E-03 2.55E-08 3.50E-08 1.02E-03 1.54E-09 2.12E-07 6.20E-03  2.00E-03 0.26894
17110.00 .5844535    0.00E+00 0.00E+00 0.00E+00 1.78E-07 5.20E-03 2.56E-08 3.51E-08 1.03E-03 1.54E-09 2.13E-07 6.23E-03  2.00E-03 0.26864
17120.00 .5841122    0.00E+00 0.00E+00 0.00E+00 1.77E-07 5.20E-03 2.56E-08 3.50E-08 1.03E-03 1.53E-09 2.12E-07 6.23E-03  2.01E-03 0.26831
17130.00 .5837712    0.00E+00 0.00E+00 0.00E+00 1.77E-07 5.19E-03 2.55E-08 3.48E-08 1.02E-03 1.52E-09 2.12E-07 6.21E-03  2.01E-03 0.26800
17140.00 .5834305    0.00E+00 0.00E+00 0.00E+00 1.76E-07 5.19E-03 2.55E-08 3.47E-08 1.02E-03 1.51E-09 2.11E-07 6.20E-03  2.01E-03 0.26764
17150.00 .5830904    0.00E+00 0.00E+00 0.00E+00 1.77E-07 5.20E-03 2.56E-08 3.47E-08 1.02E-03 1.51E-09 2.12E-07 6.22E-03  2.01E-03 0.26730
17160.00 .5827505    0.00E+00 0.00E+00 0.00E+00 1.77E-07 5.22E-03 2.57E-08 3.48E-08 1.02E-03 1.50E-09 2.12E-07 6.24E-03  2.01E-03 0.26697
17170.00 .5824112    0.00E+00 0.00E+00 0.00E+00 1.77E-07 5.22E-03 2.57E-08 3.46E-08 1.02E-03 1.50E-09 2.12E-07 6.24E-03  2.02E-03 0.26658
17180.00 .5820722    0.00E+00 0.00E+00 0.00E+00 1.75E-07 5.17E-03 2.55E-08 3.42E-08 1.01E-03 1.47E-09 2.09E-07 6.18E-03  2.02E-03 0.26615
17190.00 .5817335    0.00E+00 0.00E+00 0.00E+00 1.73E-07 5.10E-03 2.52E-08 3.37E-08 9.96E-04 1.45E-09 2.06E-07 6.10E-03  2.02E-03 0.26573
17200.00 .5813953    0.00E+00 0.00E+00 0.00E+00 1.72E-07 5.09E-03 2.51E-08 3.35E-08 9.91E-04 1.44E-09 2.06E-07 6.08E-03  2.02E-03 0.26535
17210.00 .5810574    0.00E+00 0.00E+00 0.00E+00 1.70E-07 5.05E-03 2.50E-08 3.31E-08 9.82E-04 1.42E-09 2.04E-07 6.03E-03  2.02E-03 0.26489
17220.00 .5807202    0.00E+00 0.00E+00 0.00E+00 1.69E-07 5.02E-03 2.49E-08 3.29E-08 9.74E-04 1.40E-09 2.02E-07 6.00E-03  2.03E-03 0.26437
17230.00 .5803831    0.00E+00 0.00E+00 0.00E+00 1.71E-07 5.06E-03 2.51E-08 3.31E-08 9.81E-04 1.41E-09 2.04E-07 6.05E-03  2.03E-03 0.26392
17240.00 .5800464    0.00E+00 0.00E+00 0.00E+00 1.71E-07 5.07E-03 2.52E-08 3.30E-08 9.81E-04 1.40E-09 2.04E-07 6.05E-03  2.03E-03 0.26343
17250.00 .5797101    0.00E+00 0.00E+00 0.00E+00 1.69E-07 5.02E-03 2.50E-08 3.26E-08 9.69E-04 1.38E-09 2.01E-07 5.99E-03  2.03E-03 0.26289
17260.00 .5793742    0.00E+00 0.00E+00 0.00E+00 1.67E-07 4.97E-03 2.48E-08 3.21E-08 9.57E-04 1.36E-09 1.99E-07 5.92E-03  2.03E-03 0.26242
17270.00 .5790389    0.00E+00 0.00E+00 0.00E+00 1.65E-07 4.92E-03 2.46E-08 3.17E-08 9.46E-04 1.34E-09 1.97E-07 5.86E-03  2.04E-03 0.26200
17280.00 .5787036    0.00E+00 0.00E+00 0.00E+00 1.62E-07 4.83E-03 2.41E-08 3.10E-08 9.27E-04 1.31E-09 1.93E-07 5.75E-03  2.04E-03 0.26154
17290.00 .5783690    0.00E+00 0.00E+00 0.00E+00 1.61E-07 4.81E-03 2.41E-08 3.08E-08 9.22E-04 1.29E-09 1.92E-07 5.73E-03  2.04E-03 0.26108
17300.00 .5780347    0.00E+00 0.00E+00 0.00E+00 1.64E-07 4.91E-03 2.46E-08 3.14E-08 9.39E-04 1.31E-09 1.95E-07 5.85E-03  2.04E-03 0.26070
17310.00 .5777007    0.00E+00 0.00E+00 0.00E+00 1.65E-07 4.95E-03 2.49E-08 3.15E-08 9.45E-04 1.32E-09 1.97E-07 5.89E-03  2.04E-03 0.26013
17320.00 .5773672    0.00E+00 0.00E+00 0.00E+00 1.65E-07 4.95E-03 2.49E-08 3.14E-08 9.43E-04 1.31E-09 1.96E-07 5.89E-03  2.05E-03 0.25957
17330.00 .5770340    0.00E+00 0.00E+00 0.00E+00 1.66E-07 4.99E-03 2.51E-08 3.16E-08 9.49E-04 1.31E-09 1.98E-07 5.94E-03  2.05E-03 0.25946
17340.00 .5767012    0.00E+00 0.00E+00 0.00E+00 1.65E-07 4.97E-03 2.49E-08 3.14E-08 9.44E-04 1.30E-09 1.97E-07 5.92E-03  2.05E-03 0.25933
17350.00 .5763689    0.00E+00 0.00E+00 0.00E+00 1.63E-07 4.91E-03 2.47E-08 3.09E-08 9.32E-04 1.28E-09 1.94E-07 5.85E-03  2.05E-03 0.25894
17360.00 .5760368    0.00E+00 0.00E+00 0.00E+00 1.63E-07 4.91E-03 2.47E-08 3.08E-08 9.30E-04 1.27E-09 1.94E-07 5.84E-03  2.05E-03 0.25861
17370.00 .5757053    0.00E+00 0.00E+00 0.00E+00 1.61E-07 4.85E-03 2.43E-08 3.04E-08 9.16E-04 1.25E-09 1.91E-07 5.77E-03  2.06E-03 0.25833
17380.00 .5753739    0.00E+00 0.00E+00 0.00E+00 1.59E-07 4.82E-03 2.41E-08 3.01E-08 9.08E-04 1.23E-09 1.90E-07 5.72E-03  2.06E-03 0.25821
17390.00 .5750431    0.00E+00 0.00E+00 0.00E+00 1.62E-07 4.90E-03 2.45E-08 3.05E-08 9.21E-04 1.25E-09 1.92E-07 5.82E-03  2.06E-03 0.25783
17400.00 .5747126    0.00E+00 0.00E+00 0.00E+00 1.64E-07 4.96E-03 2.50E-08 3.08E-08 9.32E-04 1.26E-09 1.95E-07 5.90E-03  2.06E-03 0.25713
17410.00 .5743825    0.00E+00 0.00E+00 0.00E+00 1.65E-07 5.00E-03 2.51E-08 3.09E-08 9.37E-04 1.26E-09 1.96E-07 5.94E-03  2.06E-03 0.25700
17420.00 .5740529    0.00E+00 0.00E+00 0.00E+00 1.66E-07 5.04E-03 2.52E-08 3.11E-08 9.42E-04 1.26E-09 1.97E-07 5.98E-03  2.07E-03 0.25708
17430.00 .5737234    0.00E+00 0.00E+00 0.00E+00 1.67E-07 5.07E-03 2.53E-08 3.12E-08 9.48E-04 1.26E-09 1.98E-07 6.02E-03  2.07E-03 0.25707
17440.00 .5733944    0.00E+00 0.00E+00 0.00E+00 1.67E-07 5.08E-03 2.53E-08 3.12E-08 9.48E-04 1.26E-09 1.98E-07 6.03E-03  2.07E-03 0.25688
17450.00 .5730659    0.00E+00 0.00E+00 0.00E+00 1.68E-07 5.10E-03 2.54E-08 3.12E-08 9.50E-04 1.26E-09 1.99E-07 6.05E-03  2.07E-03 0.25646
17460.00 .5727376    0.00E+00 0.00E+00 0.00E+00 1.69E-07 5.14E-03 2.56E-08 3.13E-08 9.56E-04 1.26E-09 2.00E-07 6.10E-03  2.07E-03 0.25632
17470.00 .5724099    0.00E+00 0.00E+00 0.00E+00 1.67E-07 5.11E-03 2.54E-08 3.10E-08 9.47E-04 1.24E-09 1.98E-07 6.05E-03  2.08E-03 0.25589
17480.00 .5720823    0.00E+00 0.00E+00 0.00E+00 1.65E-07 5.05E-03 2.52E-08 3.06E-08 9.35E-04 1.23E-09 1.96E-07 5.99E-03  2.08E-03 0.25557
17490.00 .5717552    0.00E+00 0.00E+00 0.00E+00 1.65E-07 5.04E-03 2.48E-08 3.04E-08 9.31E-04 1.21E-09 1.95E-07 5.97E-03  2.08E-03 0.25611

                                             RADIANCE(WATTS/CM2-STER-XXX)

  FREQ  WAVELENGTH     PATH_THERMAL    SURFACE      PATH_SCATTERED_SOLAR   GROUND_REFLECTED_RADIANCE   TOTAL_RADIANCE   INTEGRAL    TOTAL
                                       EMISSION     TOTAL RAD      SINGLE        TOTAL        DIRECT                                TRANS
 (CM-1) (MICRON)       (CM-1)  (MICRN)   (CM-1)   (CM-1)  (MICRN)   (CM-1)   (CM-1)  (MICRN)   (CM-1)   (CM-1)  (MICRN)

17500.00 .5714286    0.00E+00 0.00E+00 0.00E+00 1.61E-07 4.93E-03 2.41E-08 2.97E-08 9.11E-04 1.18E-09 1.91E-07 5.84E-03  2.08E-03 0.25657
17510.00 .5711021    0.00E+00 0.00E+00 0.00E+00 1.58E-07 4.84E-03 2.36E-08 2.92E-08 8.94E-04 1.16E-09 1.87E-07 5.74E-03  2.08E-03 0.25665
17520.00 .5707763    0.00E+00 0.00E+00 0.00E+00 1.61E-07 4.93E-03 2.40E-08 2.96E-08 9.07E-04 1.17E-09 1.90E-07 5.83E-03  2.09E-03 0.25647
17530.00 .5704506    0.00E+00 0.00E+00 0.00E+00 1.62E-07 4.98E-03 2.44E-08 2.98E-08 9.15E-04 1.18E-09 1.92E-07 5.90E-03  2.09E-03 0.25549
17540.00 .5701253    0.00E+00 0.00E+00 0.00E+00 1.62E-07 4.98E-03 2.46E-08 2.96E-08 9.11E-04 1.17E-09 1.91E-07 5.89E-03  2.09E-03 0.25437
17550.00 .5698006    0.00E+00 0.00E+00 0.00E+00 1.64E-07 5.05E-03 2.49E-08 2.99E-08 9.22E-04 1.18E-09 1.94E-07 5.97E-03  2.09E-03 0.25418
17560.00 .5694760    0.00E+00 0.00E+00 0.00E+00 1.64E-07 5.06E-03 2.50E-08 2.99E-08 9.22E-04 1.17E-09 1.94E-07 5.98E-03  2.09E-03 0.25388
17570.00 .5691520    0.00E+00 0.00E+00 0.00E+00 1.61E-07 4.98E-03 2.47E-08 2.93E-08 9.05E-04 1.15E-09 1.91E-07 5.89E-03  2.09E-03 0.25332
17580.00 .5688282    0.00E+00 0.00E+00 0.00E+00 1.61E-07 4.96E-03 2.45E-08 2.91E-08 9.01E-04 1.14E-09 1.90E-07 5.86E-03  2.10E-03 0.25339
17590.00 .5685048    0.00E+00 0.00E+00 0.00E+00 1.63E-07 5.04E-03 2.46E-08 2.96E-08 9.15E-04 1.15E-09 1.92E-07 5.96E-03  2.10E-03 0.25394
17600.00 .5681818    0.00E+00 0.00E+00 0.00E+00 1.67E-07 5.18E-03 2.50E-08 3.03E-08 9.40E-04 1.18E-09 1.98E-07 6.12E-03  2.10E-03 0.25470
17610.00 .5678591    0.00E+00 0.00E+00 0.00E+00 1.71E-07 5.31E-03 2.54E-08 3.10E-08 9.63E-04 1.20E-09 2.02E-07 6.27E-03  2.10E-03 0.25518
17620.00 .5675370    0.00E+00 0.00E+00 0.00E+00 1.73E-07 5.36E-03 2.56E-08 3.13E-08 9.71E-04 1.20E-09 2.04E-07 6.33E-03  2.10E-03 0.25527
17630.00 .5672149    0.00E+00 0.00E+00 0.00E+00 1.71E-07 5.32E-03 2.53E-08 3.09E-08 9.61E-04 1.19E-09 2.02E-07 6.28E-03  2.11E-03 0.25528
17640.00 .5668933    0.00E+00 0.00E+00 0.00E+00 1.69E-07 5.25E-03 2.49E-08 3.04E-08 9.47E-04 1.17E-09 1.99E-07 6.19E-03  2.11E-03 0.25520
17650.00 .5665723    0.00E+00 0.00E+00 0.00E+00 1.65E-07 5.15E-03 2.44E-08 2.98E-08 9.29E-04 1.14E-09 1.95E-07 6.08E-03  2.11E-03 0.25508
17660.00 .5662514    0.00E+00 0.00E+00 0.00E+00 1.60E-07 5.00E-03 2.36E-08 2.88E-08 9.00E-04 1.10E-09 1.89E-07 5.90E-03  2.11E-03 0.25498
17670.00 .5659310    0.00E+00 0.00E+00 0.00E+00 1.60E-07 4.99E-03 2.35E-08 2.87E-08 8.97E-04 1.09E-09 1.89E-07 5.89E-03  2.11E-03 0.25485
17680.00 .5656108    0.00E+00 0.00E+00 0.00E+00 1.66E-07 5.18E-03 2.44E-08 2.97E-08 9.29E-04 1.13E-09 1.95E-07 6.11E-03  2.12E-03 0.25467
17690.00 .5652910    0.00E+00 0.00E+00 0.00E+00 1.71E-07 5.36E-03 2.52E-08 3.07E-08 9.60E-04 1.16E-09 2.02E-07 6.32E-03  2.12E-03 0.25448
17700.00 .5649718    0.00E+00 0.00E+00 0.00E+00 1.74E-07 5.46E-03 2.56E-08 3.12E-08 9.77E-04 1.18E-09 2.06E-07 6.44E-03  2.12E-03 0.25430
17710.00 .5646527    0.00E+00 0.00E+00 0.00E+00 1.74E-07 5.46E-03 2.56E-08 3.11E-08 9.75E-04 1.17E-09 2.05E-07 6.44E-03  2.12E-03 0.25412
17720.00 .5643342    0.00E+00 0.00E+00 0.00E+00 1.72E-07 5.40E-03 2.53E-08 3.06E-08 9.62E-04 1.15E-09 2.03E-07 6.36E-03  2.12E-03 0.25392
17730.00 .5640157    0.00E+00 0.00E+00 0.00E+00 1.72E-07 5.39E-03 2.52E-08 3.05E-08 9.59E-04 1.14E-09 2.02E-07 6.35E-03  2.13E-03 0.25374
17740.00 .5636978    0.00E+00 0.00E+00 0.00E+00 1.74E-07 5.47E-03 2.55E-08 3.08E-08 9.71E-04 1.15E-09 2.05E-07 6.44E-03  2.13E-03 0.25357
17750.00 .5633804    0.00E+00 0.00E+00 0.00E+00 1.76E-07 5.56E-03 2.59E-08 3.12E-08 9.84E-04 1.16E-09 2.08E-07 6.54E-03  2.13E-03 0.25337
17760.00 .5630631    0.00E+00 0.00E+00 0.00E+00 1.76E-07 5.56E-03 2.59E-08 3.12E-08 9.83E-04 1.16E-09 2.07E-07 6.54E-03  2.13E-03 0.25315
17770.00 .5627463    0.00E+00 0.00E+00 0.00E+00 1.73E-07 5.47E-03 2.55E-08 3.06E-08 9.66E-04 1.13E-09 2.04E-07 6.44E-03  2.13E-03 0.25294
17780.00 .5624296    0.00E+00 0.00E+00 0.00E+00 1.71E-07 5.40E-03 2.51E-08 3.01E-08 9.52E-04 1.11E-09 2.01E-07 6.35E-03  2.14E-03 0.25276
17790.00 .5621135    0.00E+00 0.00E+00 0.00E+00 1.68E-07 5.30E-03 2.46E-08 2.95E-08 9.33E-04 1.09E-09 1.97E-07 6.23E-03  2.14E-03 0.25257
17800.00 .5617978    0.00E+00 0.00E+00 0.00E+00 1.66E-07 5.27E-03 2.44E-08 2.92E-08 9.26E-04 1.07E-09 1.96E-07 6.19E-03  2.14E-03 0.25238
17810.00 .5614823    0.00E+00 0.00E+00 0.00E+00 1.73E-07 5.49E-03 2.54E-08 3.04E-08 9.63E-04 1.11E-09 2.04E-07 6.46E-03  2.14E-03 0.25218
17820.00 .5611673    0.00E+00 0.00E+00 0.00E+00 1.80E-07 5.73E-03 2.65E-08 3.16E-08 1.00E-03 1.15E-09 2.12E-07 6.73E-03  2.14E-03 0.25196
17830.00 .5608524    0.00E+00 0.00E+00 0.00E+00 1.79E-07 5.70E-03 2.64E-08 3.14E-08 9.97E-04 1.14E-09 2.11E-07 6.70E-03  2.15E-03 0.25176
17840.00 .5605381    0.00E+00 0.00E+00 0.00E+00 1.73E-07 5.50E-03 2.54E-08 3.01E-08 9.59E-04 1.09E-09 2.03E-07 6.46E-03  2.15E-03 0.25157
17850.00 .5602242    0.00E+00 0.00E+00 0.00E+00 1.69E-07 5.39E-03 2.49E-08 2.94E-08 9.38E-04 1.07E-09 1.98E-07 6.32E-03  2.15E-03 0.25136
17860.00 .5599104    0.00E+00 0.00E+00 0.00E+00 1.70E-07 5.41E-03 2.49E-08 2.95E-08 9.40E-04 1.07E-09 1.99E-07 6.35E-03  2.15E-03 0.25116
17870.00 .5595971    0.00E+00 0.00E+00 0.00E+00 1.69E-07 5.41E-03 2.49E-08 2.94E-08 9.39E-04 1.06E-09 1.99E-07 6.35E-03  2.15E-03 0.25096
17880.00 .5592840    0.00E+00 0.00E+00 0.00E+00 1.67E-07 5.33E-03 2.45E-08 2.89E-08 9.23E-04 1.04E-09 1.95E-07 6.25E-03  2.16E-03 0.25076
17890.00 .5589714    0.00E+00 0.00E+00 0.00E+00 1.64E-07 5.24E-03 2.41E-08 2.83E-08 9.06E-04 1.01E-09 1.92E-07 6.14E-03  2.16E-03 0.25055
17900.00 .5586593    0.00E+00 0.00E+00 0.00E+00 1.67E-07 5.35E-03 2.46E-08 2.89E-08 9.24E-04 1.03E-09 1.96E-07 6.28E-03  2.16E-03 0.25034
17910.00 .5583473    0.00E+00 0.00E+00 0.00E+00 1.74E-07 5.57E-03 2.56E-08 3.00E-08 9.61E-04 1.07E-09 2.04E-07 6.54E-03  2.16E-03 0.25013
17920.00 .5580358    0.00E+00 0.00E+00 0.00E+00 1.75E-07 5.63E-03 2.58E-08 3.02E-08 9.69E-04 1.07E-09 2.06E-07 6.60E-03  2.16E-03 0.24992
17930.00 .5577244    0.00E+00 0.00E+00 0.00E+00 1.72E-07 5.53E-03 2.53E-08 2.96E-08 9.50E-04 1.05E-09 2.02E-07 6.48E-03  2.17E-03 0.24971
17940.00 .5574135    0.00E+00 0.00E+00 0.00E+00 1.70E-07 5.47E-03 2.50E-08 2.91E-08 9.38E-04 1.03E-09 1.99E-07 6.41E-03  2.17E-03 0.24949
17950.00 .5571031    0.00E+00 0.00E+00 0.00E+00 1.71E-07 5.51E-03 2.52E-08 2.93E-08 9.43E-04 1.03E-09 2.00E-07 6.45E-03  2.17E-03 0.24927
17960.00 .5567929    0.00E+00 0.00E+00 0.00E+00 1.71E-07 5.53E-03 2.52E-08 2.93E-08 9.45E-04 1.03E-09 2.01E-07 6.47E-03  2.17E-03 0.24906
17970.00 .5564831    0.00E+00 0.00E+00 0.00E+00 1.72E-07 5.55E-03 2.53E-08 2.93E-08 9.48E-04 1.03E-09 2.01E-07 6.50E-03  2.17E-03 0.24883
17980.00 .5561734    0.00E+00 0.00E+00 0.00E+00 1.75E-07 5.67E-03 2.58E-08 2.99E-08 9.65E-04 1.04E-09 2.05E-07 6.63E-03  2.18E-03 0.24861
17990.00 .5558643    0.00E+00 0.00E+00 0.00E+00 1.76E-07 5.70E-03 2.59E-08 2.99E-08 9.68E-04 1.04E-09 2.06E-07 6.66E-03  2.18E-03 0.24839

                                             RADIANCE(WATTS/CM2-STER-XXX)

  FREQ  WAVELENGTH     PATH_THERMAL    SURFACE      PATH_SCATTERED_SOLAR   GROUND_REFLECTED_RADIANCE   TOTAL_RADIANCE   INTEGRAL    TOTAL
                                       EMISSION     TOTAL RAD      SINGLE        TOTAL        DIRECT                                TRANS
 (CM-1) (MICRON)       (CM-1)  (MICRN)   (CM-1)   (CM-1)  (MICRN)   (CM-1)   (CM-1)  (MICRN)   (CM-1)   (CM-1)  (MICRN)

18000.00 .5555556    0.00E+00 0.00E+00 0.00E+00 1.75E-07 5.67E-03 2.58E-08 2.97E-08 9.62E-04 1.03E-09 2.05E-07 6.63E-03  2.18E-03 0.24816
18010.00 .5552471    0.00E+00 0.00E+00 0.00E+00 1.77E-07 5.75E-03 2.61E-08 3.00E-08 9.74E-04 1.04E-09 2.07E-07 6.72E-03  2.18E-03 0.24794
18020.00 .5549390    0.00E+00 0.00E+00 0.00E+00 1.79E-07 5.81E-03 2.64E-08 3.03E-08 9.83E-04 1.05E-09 2.09E-07 6.79E-03  2.19E-03 0.24771
18030.00 .5546312    0.00E+00 0.00E+00 0.00E+00 1.79E-07 5.82E-03 2.64E-08 3.02E-08 9.83E-04 1.04E-09 2.09E-07 6.80E-03  2.19E-03 0.24748
18040.00 .5543237    0.00E+00 0.00E+00 0.00E+00 1.80E-07 5.86E-03 2.66E-08 3.04E-08 9.88E-04 1.05E-09 2.10E-07 6.85E-03  2.19E-03 0.24725
18050.00 .5540166    0.00E+00 0.00E+00 0.00E+00 1.79E-07 5.83E-03 2.64E-08 3.01E-08 9.81E-04 1.03E-09 2.09E-07 6.81E-03  2.19E-03 0.24702
18060.00 .5537099    0.00E+00 0.00E+00 0.00E+00 1.76E-07 5.75E-03 2.61E-08 2.96E-08 9.66E-04 1.02E-09 2.06E-07 6.72E-03  2.19E-03 0.24678
18070.00 .5534034    0.00E+00 0.00E+00 0.00E+00 1.75E-07 5.71E-03 2.58E-08 2.93E-08 9.57E-04 1.00E-09 2.04E-07 6.66E-03  2.20E-03 0.24654
18080.00 .5530974    0.00E+00 0.00E+00 0.00E+00 1.72E-07 5.61E-03 2.54E-08 2.87E-08 9.40E-04 9.80E-10 2.00E-07 6.55E-03  2.20E-03 0.24630
18090.00 .5527916    0.00E+00 0.00E+00 0.00E+00 1.72E-07 5.61E-03 2.54E-08 2.87E-08 9.38E-04 9.74E-10 2.00E-07 6.55E-03  2.20E-03 0.24606
18100.00 .5524862    0.00E+00 0.00E+00 0.00E+00 1.77E-07 5.79E-03 2.61E-08 2.95E-08 9.65E-04 9.99E-10 2.06E-07 6.75E-03  2.20E-03 0.24583
18110.00 .5521811    0.00E+00 0.00E+00 0.00E+00 1.81E-07 5.93E-03 2.68E-08 3.01E-08 9.87E-04 1.02E-09 2.11E-07 6.91E-03  2.20E-03 0.24560
18120.00 .5518764    0.00E+00 0.00E+00 0.00E+00 1.78E-07 5.85E-03 2.64E-08 2.96E-08 9.73E-04 1.00E-09 2.08E-07 6.83E-03  2.21E-03 0.24535
18130.00 .5515720    0.00E+00 0.00E+00 0.00E+00 1.73E-07 5.68E-03 2.56E-08 2.87E-08 9.42E-04 9.64E-10 2.01E-07 6.62E-03  2.21E-03 0.24507
18140.00 .5512679    0.00E+00 0.00E+00 0.00E+00 1.72E-07 5.66E-03 2.55E-08 2.85E-08 9.38E-04 9.56E-10 2.01E-07 6.60E-03  2.21E-03 0.24481
18150.00 .5509642    0.00E+00 0.00E+00 0.00E+00 1.74E-07 5.73E-03 2.58E-08 2.87E-08 9.47E-04 9.62E-10 2.03E-07 6.67E-03  2.21E-03 0.24457
18160.00 .5506608    0.00E+00 0.00E+00 0.00E+00 1.74E-07 5.72E-03 2.58E-08 2.87E-08 9.45E-04 9.56E-10 2.02E-07 6.67E-03  2.21E-03 0.24435
18170.00 .5503578    0.00E+00 0.00E+00 0.00E+00 1.74E-07 5.75E-03 2.59E-08 2.87E-08 9.47E-04 9.55E-10 2.03E-07 6.70E-03  2.22E-03 0.24409
18180.00 .5500550    0.00E+00 0.00E+00 0.00E+00 1.75E-07 5.77E-03 2.60E-08 2.87E-08 9.49E-04 9.54E-10 2.03E-07 6.72E-03  2.22E-03 0.24376
18190.00 .5497526    0.00E+00 0.00E+00 0.00E+00 1.73E-07 5.71E-03 2.57E-08 2.83E-08 9.38E-04 9.39E-10 2.01E-07 6.65E-03  2.22E-03 0.24348
18200.00 .5494506    0.00E+00 0.00E+00 0.00E+00 1.71E-07 5.67E-03 2.55E-08 2.81E-08 9.29E-04 9.27E-10 1.99E-07 6.60E-03  2.22E-03 0.24329
18210.00 .5491488    0.00E+00 0.00E+00 0.00E+00 1.72E-07 5.69E-03 2.56E-08 2.81E-08 9.31E-04 9.26E-10 2.00E-07 6.62E-03  2.22E-03 0.24311
18220.00 .5488474    0.00E+00 0.00E+00 0.00E+00 1.74E-07 5.78E-03 2.60E-08 2.84E-08 9.44E-04 9.36E-10 2.03E-07 6.72E-03  2.23E-03 0.24290
18230.00 .5485464    0.00E+00 0.00E+00 0.00E+00 1.76E-07 5.84E-03 2.62E-08 2.87E-08 9.53E-04 9.41E-10 2.04E-07 6.79E-03  2.23E-03 0.24271
18240.00 .5482456    0.00E+00 0.00E+00 0.00E+00 1.71E-07 5.69E-03 2.55E-08 2.78E-08 9.26E-04 9.12E-10 1.99E-07 6.61E-03  2.23E-03 0.24240
18250.00 .5479452    0.00E+00 0.00E+00 0.00E+00 1.66E-07 5.52E-03 2.48E-08 2.70E-08 8.98E-04 8.81E-10 1.93E-07 6.42E-03  2.23E-03 0.24209
18260.00 .5476452    0.00E+00 0.00E+00 0.00E+00 1.69E-07 5.62E-03 2.52E-08 2.74E-08 9.13E-04 8.93E-10 1.96E-07 6.53E-03  2.23E-03 0.24196
18270.00 .5473454    0.00E+00 0.00E+00 0.00E+00 1.76E-07 5.86E-03 2.63E-08 2.85E-08 9.51E-04 9.27E-10 2.04E-07 6.82E-03  2.24E-03 0.24171
18280.00 .5470459    0.00E+00 0.00E+00 0.00E+00 1.78E-07 5.96E-03 2.68E-08 2.89E-08 9.64E-04 9.37E-10 2.07E-07 6.92E-03  2.24E-03 0.24132
18290.00 .5467469    0.00E+00 0.00E+00 0.00E+00 1.74E-07 5.83E-03 2.63E-08 2.81E-08 9.41E-04 9.12E-10 2.02E-07 6.77E-03  2.24E-03 0.24086
18300.00 .5464481    0.00E+00 0.00E+00 0.00E+00 1.73E-07 5.79E-03 2.61E-08 2.78E-08 9.33E-04 9.01E-10 2.01E-07 6.72E-03  2.24E-03 0.24042
18310.00 .5461497    0.00E+00 0.00E+00 0.00E+00 1.75E-07 5.86E-03 2.65E-08 2.81E-08 9.43E-04 9.08E-10 2.03E-07 6.80E-03  2.24E-03 0.24015
18320.00 .5458515    0.00E+00 0.00E+00 0.00E+00 1.72E-07 5.76E-03 2.60E-08 2.76E-08 9.26E-04 8.89E-10 1.99E-07 6.69E-03  2.25E-03 0.24011
18330.00 .5455537    0.00E+00 0.00E+00 0.00E+00 1.73E-07 5.82E-03 2.61E-08 2.78E-08 9.34E-04 8.93E-10 2.01E-07 6.75E-03  2.25E-03 0.24027
18340.00 .5452563    0.00E+00 0.00E+00 0.00E+00 1.77E-07 5.95E-03 2.66E-08 2.84E-08 9.55E-04 9.10E-10 2.05E-07 6.91E-03  2.25E-03 0.24014
18350.00 .5449591    0.00E+00 0.00E+00 0.00E+00 1.73E-07 5.81E-03 2.60E-08 2.76E-08 9.30E-04 8.84E-10 2.00E-07 6.74E-03  2.25E-03 0.23984
18360.00 .5446623    0.00E+00 0.00E+00 0.00E+00 1.73E-07 5.82E-03 2.60E-08 2.76E-08 9.31E-04 8.82E-10 2.00E-07 6.75E-03  2.25E-03 0.23978
18370.00 .5443658    0.00E+00 0.00E+00 0.00E+00 1.80E-07 6.09E-03 2.72E-08 2.88E-08 9.72E-04 9.18E-10 2.09E-07 7.06E-03  2.26E-03 0.23965
18380.00 .5440696    0.00E+00 0.00E+00 0.00E+00 1.80E-07 6.07E-03 2.72E-08 2.87E-08 9.68E-04 9.11E-10 2.08E-07 7.04E-03  2.26E-03 0.23919
18390.00 .5437738    0.00E+00 0.00E+00 0.00E+00 1.72E-07 5.80E-03 2.60E-08 2.73E-08 9.23E-04 8.66E-10 1.99E-07 6.73E-03  2.26E-03 0.23872
18400.00 .5434783    0.00E+00 0.00E+00 0.00E+00 1.66E-07 5.62E-03 2.51E-08 2.64E-08 8.93E-04 8.35E-10 1.92E-07 6.51E-03  2.26E-03 0.23872
18410.00 .5431830    0.00E+00 0.00E+00 0.00E+00 1.66E-07 5.64E-03 2.51E-08 2.64E-08 8.96E-04 8.34E-10 1.93E-07 6.54E-03  2.26E-03 0.23889
18420.00 .5428882    0.00E+00 0.00E+00 0.00E+00 1.71E-07 5.80E-03 2.58E-08 2.71E-08 9.20E-04 8.54E-10 1.98E-07 6.72E-03  2.27E-03 0.23878
18430.00 .5425936    0.00E+00 0.00E+00 0.00E+00 1.73E-07 5.88E-03 2.62E-08 2.74E-08 9.30E-04 8.61E-10 2.00E-07 6.80E-03  2.27E-03 0.23840
18440.00 .5422993    0.00E+00 0.00E+00 0.00E+00 1.74E-07 5.92E-03 2.64E-08 2.75E-08 9.35E-04 8.63E-10 2.02E-07 6.86E-03  2.27E-03 0.23793
18450.00 .5420054    0.00E+00 0.00E+00 0.00E+00 1.74E-07 5.92E-03 2.65E-08 2.74E-08 9.34E-04 8.59E-10 2.01E-07 6.85E-03  2.27E-03 0.23764
18460.00 .5417118    0.00E+00 0.00E+00 0.00E+00 1.70E-07 5.81E-03 2.60E-08 2.68E-08 9.14E-04 8.38E-10 1.97E-07 6.72E-03  2.27E-03 0.23737
18470.00 .5414186    0.00E+00 0.00E+00 0.00E+00 1.67E-07 5.68E-03 2.54E-08 2.62E-08 8.93E-04 8.16E-10 1.93E-07 6.58E-03  2.28E-03 0.23703
18480.00 .5411256    0.00E+00 0.00E+00 0.00E+00 1.62E-07 5.52E-03 2.47E-08 2.54E-08 8.66E-04 7.89E-10 1.87E-07 6.38E-03  2.28E-03 0.23685
18490.00 .5408329    0.00E+00 0.00E+00 0.00E+00 1.57E-07 5.36E-03 2.39E-08 2.46E-08 8.41E-04 7.63E-10 1.82E-07 6.21E-03  2.28E-03 0.23699

                                             RADIANCE(WATTS/CM2-STER-XXX)

  FREQ  WAVELENGTH     PATH_THERMAL    SURFACE      PATH_SCATTERED_SOLAR   GROUND_REFLECTED_RADIANCE   TOTAL_RADIANCE   INTEGRAL    TOTAL
                                       EMISSION     TOTAL RAD      SINGLE        TOTAL        DIRECT                                TRANS
 (CM-1) (MICRON)       (CM-1)  (MICRN)   (CM-1)   (CM-1)  (MICRN)   (CM-1)   (CM-1)  (MICRN)   (CM-1)   (CM-1)  (MICRN)

18500.00 .5405405    0.00E+00 0.00E+00 0.00E+00 1.60E-07 5.47E-03 2.42E-08 2.50E-08 8.56E-04 7.75E-10 1.85E-07 6.32E-03  2.28E-03 0.23724
18510.00 .5402485    0.00E+00 0.00E+00 0.00E+00 1.67E-07 5.71E-03 2.52E-08 2.61E-08 8.93E-04 8.05E-10 1.93E-07 6.60E-03  2.28E-03 0.23723
18520.00 .5399569    0.00E+00 0.00E+00 0.00E+00 1.68E-07 5.77E-03 2.54E-08 2.63E-08 9.03E-04 8.11E-10 1.95E-07 6.68E-03  2.29E-03 0.23710
18530.00 .5396655    0.00E+00 0.00E+00 0.00E+00 1.70E-07 5.85E-03 2.57E-08 2.66E-08 9.13E-04 8.17E-10 1.97E-07 6.76E-03  2.29E-03 0.23703
18540.00 .5393744    0.00E+00 0.00E+00 0.00E+00 1.74E-07 5.98E-03 2.62E-08 2.71E-08 9.32E-04 8.31E-10 2.01E-07 6.91E-03  2.29E-03 0.23693
18550.00 .5390835    0.00E+00 0.00E+00 0.00E+00 1.76E-07 6.06E-03 2.66E-08 2.74E-08 9.43E-04 8.39E-10 2.04E-07 7.00E-03  2.29E-03 0.23675
18560.00 .5387931    0.00E+00 0.00E+00 0.00E+00 1.76E-07 6.07E-03 2.66E-08 2.74E-08 9.43E-04 8.36E-10 2.03E-07 7.01E-03  2.29E-03 0.23657
18570.00 .5385030    0.00E+00 0.00E+00 0.00E+00 1.75E-07 6.03E-03 2.64E-08 2.71E-08 9.35E-04 8.27E-10 2.02E-07 6.96E-03  2.30E-03 0.23641
18580.00 .5382132    0.00E+00 0.00E+00 0.00E+00 1.77E-07 6.12E-03 2.68E-08 2.75E-08 9.49E-04 8.35E-10 2.05E-07 7.07E-03  2.30E-03 0.23625
18590.00 .5379236    0.00E+00 0.00E+00 0.00E+00 1.82E-07 6.28E-03 2.74E-08 2.81E-08 9.71E-04 8.53E-10 2.10E-07 7.25E-03  2.30E-03 0.23607
18600.00 .5376344    0.00E+00 0.00E+00 0.00E+00 1.78E-07 6.15E-03 2.69E-08 2.75E-08 9.51E-04 8.32E-10 2.05E-07 7.10E-03  2.30E-03 0.23589
18610.00 .5373455    0.00E+00 0.00E+00 0.00E+00 1.69E-07 5.85E-03 2.55E-08 2.61E-08 9.03E-04 7.87E-10 1.95E-07 6.75E-03  2.30E-03 0.23569
18620.00 .5370570    0.00E+00 0.00E+00 0.00E+00 1.68E-07 5.83E-03 2.54E-08 2.59E-08 8.98E-04 7.81E-10 1.94E-07 6.73E-03  2.31E-03 0.23548
18630.00 .5367687    0.00E+00 0.00E+00 0.00E+00 1.72E-07 5.98E-03 2.61E-08 2.65E-08 9.20E-04 7.97E-10 1.99E-07 6.90E-03  2.31E-03 0.23527
18640.00 .5364807    0.00E+00 0.00E+00 0.00E+00 1.75E-07 6.07E-03 2.64E-08 2.68E-08 9.32E-04 8.05E-10 2.01E-07 7.00E-03  2.31E-03 0.23507
18650.00 .5361930    0.00E+00 0.00E+00 0.00E+00 1.78E-07 6.21E-03 2.70E-08 2.74E-08 9.53E-04 8.20E-10 2.06E-07 7.16E-03  2.31E-03 0.23487
18660.00 .5359057    0.00E+00 0.00E+00 0.00E+00 1.83E-07 6.37E-03 2.77E-08 2.80E-08 9.76E-04 8.37E-10 2.11E-07 7.34E-03  2.31E-03 0.23467
18670.00 .5356187    0.00E+00 0.00E+00 0.00E+00 1.83E-07 6.39E-03 2.78E-08 2.81E-08 9.78E-04 8.36E-10 2.11E-07 7.37E-03  2.32E-03 0.23446
18680.00 .5353320    0.00E+00 0.00E+00 0.00E+00 1.78E-07 6.22E-03 2.70E-08 2.72E-08 9.51E-04 8.10E-10 2.06E-07 7.17E-03  2.32E-03 0.23423
18690.00 .5350455    0.00E+00 0.00E+00 0.00E+00 1.71E-07 5.96E-03 2.59E-08 2.60E-08 9.09E-04 7.72E-10 1.97E-07 6.87E-03  2.32E-03 0.23401
18700.00 .5347593    0.00E+00 0.00E+00 0.00E+00 1.69E-07 5.91E-03 2.57E-08 2.57E-08 9.00E-04 7.62E-10 1.95E-07 6.81E-03  2.32E-03 0.23380
18710.00 .5344735    0.00E+00 0.00E+00 0.00E+00 1.70E-07 5.97E-03 2.59E-08 2.59E-08 9.08E-04 7.66E-10 1.96E-07 6.88E-03  2.32E-03 0.23358
18720.00 .5341881    0.00E+00 0.00E+00 0.00E+00 1.65E-07 5.78E-03 2.51E-08 2.50E-08 8.78E-04 7.38E-10 1.90E-07 6.66E-03  2.33E-03 0.23337
18730.00 .5339029    0.00E+00 0.00E+00 0.00E+00 1.62E-07 5.68E-03 2.46E-08 2.46E-08 8.62E-04 7.22E-10 1.87E-07 6.55E-03  2.33E-03 0.23316
18740.00 .5336179    0.00E+00 0.00E+00 0.00E+00 1.66E-07 5.83E-03 2.53E-08 2.51E-08 8.82E-04 7.37E-10 1.91E-07 6.71E-03  2.33E-03 0.23295
18750.00 .5333334    0.00E+00 0.00E+00 0.00E+00 1.61E-07 5.67E-03 2.46E-08 2.44E-08 8.57E-04 7.14E-10 1.86E-07 6.52E-03  2.33E-03 0.23273
18760.00 .5330490    0.00E+00 0.00E+00 0.00E+00 1.52E-07 5.34E-03 2.31E-08 2.29E-08 8.06E-04 6.69E-10 1.75E-07 6.14E-03  2.33E-03 0.23252
18770.00 .5327651    0.00E+00 0.00E+00 0.00E+00 1.56E-07 5.48E-03 2.37E-08 2.35E-08 8.26E-04 6.84E-10 1.79E-07 6.31E-03  2.33E-03 0.23231
18780.00 .5324814    0.00E+00 0.00E+00 0.00E+00 1.67E-07 5.90E-03 2.55E-08 2.52E-08 8.88E-04 7.32E-10 1.92E-07 6.79E-03  2.34E-03 0.23212
18790.00 .5321980    0.00E+00 0.00E+00 0.00E+00 1.73E-07 6.11E-03 2.64E-08 2.60E-08 9.18E-04 7.54E-10 1.99E-07 7.03E-03  2.34E-03 0.23193
18800.00 .5319149    0.00E+00 0.00E+00 0.00E+00 1.74E-07 6.14E-03 2.66E-08 2.61E-08 9.22E-04 7.55E-10 2.00E-07 7.07E-03  2.34E-03 0.23173
18810.00 .5316321    0.00E+00 0.00E+00 0.00E+00 1.77E-07 6.25E-03 2.70E-08 2.65E-08 9.36E-04 7.64E-10 2.03E-07 7.19E-03  2.34E-03 0.23154
18820.00 .5313497    0.00E+00 0.00E+00 0.00E+00 1.81E-07 6.41E-03 2.77E-08 2.71E-08 9.58E-04 7.80E-10 2.08E-07 7.37E-03  2.34E-03 0.23135
18830.00 .5310675    0.00E+00 0.00E+00 0.00E+00 1.82E-07 6.44E-03 2.78E-08 2.71E-08 9.61E-04 7.80E-10 2.09E-07 7.40E-03  2.35E-03 0.23116
18840.00 .5307856    0.00E+00 0.00E+00 0.00E+00 1.81E-07 6.43E-03 2.77E-08 2.70E-08 9.58E-04 7.74E-10 2.08E-07 7.38E-03  2.35E-03 0.23096
18850.00 .5305040    0.00E+00 0.00E+00 0.00E+00 1.78E-07 6.33E-03 2.73E-08 2.65E-08 9.43E-04 7.60E-10 2.05E-07 7.28E-03  2.35E-03 0.23077
18860.00 .5302227    0.00E+00 0.00E+00 0.00E+00 1.69E-07 6.02E-03 2.59E-08 2.52E-08 8.95E-04 7.19E-10 1.94E-07 6.91E-03  2.35E-03 0.23061
18870.00 .5299417    0.00E+00 0.00E+00 0.00E+00 1.64E-07 5.84E-03 2.51E-08 2.43E-08 8.66E-04 6.93E-10 1.88E-07 6.70E-03  2.35E-03 0.23043
18880.00 .5296611    0.00E+00 0.00E+00 0.00E+00 1.71E-07 6.11E-03 2.63E-08 2.54E-08 9.05E-04 7.22E-10 1.97E-07 7.02E-03  2.36E-03 0.23026
18890.00 .5293806    0.00E+00 0.00E+00 0.00E+00 1.80E-07 6.41E-03 2.75E-08 2.66E-08 9.48E-04 7.53E-10 2.06E-07 7.35E-03  2.36E-03 0.23010
18900.00 .5291005    0.00E+00 0.00E+00 0.00E+00 1.81E-07 6.47E-03 2.78E-08 2.68E-08 9.56E-04 7.58E-10 2.08E-07 7.43E-03  2.36E-03 0.22991
18910.00 .5288208    0.00E+00 0.00E+00 0.00E+00 1.78E-07 6.35E-03 2.72E-08 2.62E-08 9.37E-04 7.40E-10 2.04E-07 7.29E-03  2.36E-03 0.22973
18920.00 .5285413    0.00E+00 0.00E+00 0.00E+00 1.70E-07 6.10E-03 2.61E-08 2.51E-08 8.99E-04 7.07E-10 1.96E-07 7.00E-03  2.37E-03 0.22958
18930.00 .5282621    0.00E+00 0.00E+00 0.00E+00 1.71E-07 6.15E-03 2.63E-08 2.52E-08 9.04E-04 7.09E-10 1.97E-07 7.05E-03  2.37E-03 0.22944
18940.00 .5279831    0.00E+00 0.00E+00 0.00E+00 1.75E-07 6.26E-03 2.68E-08 2.56E-08 9.20E-04 7.19E-10 2.00E-07 7.18E-03  2.37E-03 0.22926
18950.00 .5277045    0.00E+00 0.00E+00 0.00E+00 1.68E-07 6.05E-03 2.58E-08 2.47E-08 8.87E-04 6.91E-10 1.93E-07 6.93E-03  2.37E-03 0.22908
18960.00 .5274262    0.00E+00 0.00E+00 0.00E+00 1.57E-07 5.63E-03 2.40E-08 2.29E-08 8.24E-04 6.40E-10 1.79E-07 6.45E-03  2.37E-03 0.22888
18970.00 .5271482    0.00E+00 0.00E+00 0.00E+00 1.45E-07 5.20E-03 2.22E-08 2.11E-08 7.61E-04 5.89E-10 1.66E-07 5.96E-03  2.37E-03 0.22865
18980.00 .5268704    0.00E+00 0.00E+00 0.00E+00 1.42E-07 5.11E-03 2.18E-08 2.07E-08 7.46E-04 5.76E-10 1.63E-07 5.86E-03  2.38E-03 0.22849
18990.00 .5265930    0.00E+00 0.00E+00 0.00E+00 1.48E-07 5.33E-03 2.27E-08 2.16E-08 7.77E-04 5.98E-10 1.69E-07 6.11E-03  2.38E-03 0.22838

                                             RADIANCE(WATTS/CM2-STER-XXX)

  FREQ  WAVELENGTH     PATH_THERMAL    SURFACE      PATH_SCATTERED_SOLAR   GROUND_REFLECTED_RADIANCE   TOTAL_RADIANCE   INTEGRAL    TOTAL
                                       EMISSION     TOTAL RAD      SINGLE        TOTAL        DIRECT                                TRANS
 (CM-1) (MICRON)       (CM-1)  (MICRN)   (CM-1)   (CM-1)  (MICRN)   (CM-1)   (CM-1)  (MICRN)   (CM-1)   (CM-1)  (MICRN)

19000.00 .5263158    0.00E+00 0.00E+00 0.00E+00 1.57E-07 5.68E-03 2.42E-08 2.29E-08 8.27E-04 6.34E-10 1.80E-07 6.51E-03  2.38E-03 0.22828
19010.00 .5260389    0.00E+00 0.00E+00 0.00E+00 1.66E-07 6.02E-03 2.56E-08 2.42E-08 8.75E-04 6.68E-10 1.91E-07 6.89E-03  2.38E-03 0.22814
19020.00 .5257624    0.00E+00 0.00E+00 0.00E+00 1.70E-07 6.16E-03 2.62E-08 2.47E-08 8.94E-04 6.81E-10 1.95E-07 7.06E-03  2.38E-03 0.22794
19030.00 .5254861    0.00E+00 0.00E+00 0.00E+00 1.71E-07 6.20E-03 2.63E-08 2.48E-08 8.99E-04 6.82E-10 1.96E-07 7.10E-03  2.39E-03 0.22771
19040.00 .5252101    0.00E+00 0.00E+00 0.00E+00 1.72E-07 6.23E-03 2.65E-08 2.49E-08 9.02E-04 6.82E-10 1.97E-07 7.13E-03  2.39E-03 0.22749
19050.00 .5249344    0.00E+00 0.00E+00 0.00E+00 1.73E-07 6.30E-03 2.67E-08 2.51E-08 9.09E-04 6.85E-10 1.99E-07 7.20E-03  2.39E-03 0.22731
19060.00 .5246590    0.00E+00 0.00E+00 0.00E+00 1.75E-07 6.37E-03 2.70E-08 2.53E-08 9.19E-04 6.91E-10 2.01E-07 7.29E-03  2.39E-03 0.22712
19070.00 .5243839    0.00E+00 0.00E+00 0.00E+00 1.78E-07 6.46E-03 2.74E-08 2.56E-08 9.30E-04 6.97E-10 2.03E-07 7.39E-03  2.39E-03 0.22693
19080.00 .5241090    0.00E+00 0.00E+00 0.00E+00 1.78E-07 6.49E-03 2.75E-08 2.56E-08 9.33E-04 6.96E-10 2.04E-07 7.42E-03  2.40E-03 0.22680
19090.00 .5238345    0.00E+00 0.00E+00 0.00E+00 1.73E-07 6.30E-03 2.66E-08 2.48E-08 9.04E-04 6.72E-10 1.98E-07 7.20E-03  2.40E-03 0.22671
19100.00 .5235602    0.00E+00 0.00E+00 0.00E+00 1.68E-07 6.14E-03 2.59E-08 2.41E-08 8.81E-04 6.53E-10 1.93E-07 7.02E-03  2.40E-03 0.22659
19110.00 .5232862    0.00E+00 0.00E+00 0.00E+00 1.68E-07 6.13E-03 2.58E-08 2.40E-08 8.78E-04 6.49E-10 1.92E-07 7.01E-03  2.40E-03 0.22646
19120.00 .5230126    0.00E+00 0.00E+00 0.00E+00 1.62E-07 5.91E-03 2.49E-08 2.31E-08 8.45E-04 6.22E-10 1.85E-07 6.75E-03  2.40E-03 0.22632
19130.00 .5227392    0.00E+00 0.00E+00 0.00E+00 1.61E-07 5.88E-03 2.47E-08 2.29E-08 8.39E-04 6.16E-10 1.84E-07 6.72E-03  2.40E-03 0.22616
19140.00 .5224661    0.00E+00 0.00E+00 0.00E+00 1.73E-07 6.33E-03 2.66E-08 2.46E-08 9.02E-04 6.60E-10 1.97E-07 7.23E-03  2.41E-03 0.22599
19150.00 .5221932    0.00E+00 0.00E+00 0.00E+00 1.78E-07 6.52E-03 2.74E-08 2.53E-08 9.29E-04 6.77E-10 2.03E-07 7.45E-03  2.41E-03 0.22582
19160.00 .5219207    0.00E+00 0.00E+00 0.00E+00 1.72E-07 6.30E-03 2.64E-08 2.44E-08 8.96E-04 6.51E-10 1.96E-07 7.20E-03  2.41E-03 0.22565
19170.00 .5216485    0.00E+00 0.00E+00 0.00E+00 1.71E-07 6.30E-03 2.64E-08 2.43E-08 8.94E-04 6.47E-10 1.96E-07 7.19E-03  2.41E-03 0.22547
19180.00 .5213764    0.00E+00 0.00E+00 0.00E+00 1.75E-07 6.42E-03 2.69E-08 2.47E-08 9.10E-04 6.57E-10 1.99E-07 7.33E-03  2.41E-03 0.22530
19190.00 .5211048    0.00E+00 0.00E+00 0.00E+00 1.69E-07 6.21E-03 2.60E-08 2.39E-08 8.79E-04 6.32E-10 1.93E-07 7.09E-03  2.42E-03 0.22512
19200.00 .5208333    0.00E+00 0.00E+00 0.00E+00 1.63E-07 5.99E-03 2.51E-08 2.30E-08 8.46E-04 6.07E-10 1.85E-07 6.84E-03  2.42E-03 0.22494
19210.00 .5205622    0.00E+00 0.00E+00 0.00E+00 1.66E-07 6.14E-03 2.57E-08 2.35E-08 8.66E-04 6.19E-10 1.90E-07 7.01E-03  2.42E-03 0.22476
19220.00 .5202914    0.00E+00 0.00E+00 0.00E+00 1.71E-07 6.33E-03 2.65E-08 2.41E-08 8.92E-04 6.35E-10 1.96E-07 7.22E-03  2.42E-03 0.22458
19230.00 .5200208    0.00E+00 0.00E+00 0.00E+00 1.67E-07 6.17E-03 2.58E-08 2.35E-08 8.68E-04 6.16E-10 1.90E-07 7.04E-03  2.42E-03 0.22439
19240.00 .5197505    0.00E+00 0.00E+00 0.00E+00 1.59E-07 5.90E-03 2.46E-08 2.24E-08 8.28E-04 5.86E-10 1.82E-07 6.73E-03  2.43E-03 0.22421
19250.00 .5194805    0.00E+00 0.00E+00 0.00E+00 1.59E-07 5.91E-03 2.46E-08 2.23E-08 8.28E-04 5.84E-10 1.82E-07 6.73E-03  2.43E-03 0.22402
19260.00 .5192108    0.00E+00 0.00E+00 0.00E+00 1.64E-07 6.08E-03 2.54E-08 2.30E-08 8.51E-04 5.98E-10 1.87E-07 6.93E-03  2.43E-03 0.22383
19270.00 .5189414    0.00E+00 0.00E+00 0.00E+00 1.59E-07 5.89E-03 2.46E-08 2.22E-08 8.24E-04 5.77E-10 1.81E-07 6.72E-03  2.43E-03 0.22364
19280.00 .5186722    0.00E+00 0.00E+00 0.00E+00 1.39E-07 5.16E-03 2.15E-08 1.94E-08 7.20E-04 5.03E-10 1.58E-07 5.88E-03  2.43E-03 0.22345
19290.00 .5184033    0.00E+00 0.00E+00 0.00E+00 1.36E-07 5.05E-03 2.10E-08 1.89E-08 7.03E-04 4.89E-10 1.55E-07 5.75E-03  2.43E-03 0.22327
19300.00 .5181347    0.00E+00 0.00E+00 0.00E+00 1.59E-07 5.94E-03 2.47E-08 2.22E-08 8.26E-04 5.73E-10 1.82E-07 6.76E-03  2.44E-03 0.22310
19310.00 .5178664    0.00E+00 0.00E+00 0.00E+00 1.68E-07 6.28E-03 2.61E-08 2.34E-08 8.72E-04 6.03E-10 1.92E-07 7.15E-03  2.44E-03 0.22292
19320.00 .5175984    0.00E+00 0.00E+00 0.00E+00 1.48E-07 5.51E-03 2.29E-08 2.05E-08 7.65E-04 5.27E-10 1.68E-07 6.28E-03  2.44E-03 0.22274
19330.00 .5173306    0.00E+00 0.00E+00 0.00E+00 1.29E-07 4.82E-03 2.00E-08 1.79E-08 6.68E-04 4.58E-10 1.47E-07 5.49E-03  2.44E-03 0.22255
19340.00 .5170631    0.00E+00 0.00E+00 0.00E+00 1.28E-07 4.81E-03 1.99E-08 1.78E-08 6.65E-04 4.55E-10 1.46E-07 5.47E-03  2.44E-03 0.22237
19350.00 .5167959    0.00E+00 0.00E+00 0.00E+00 1.39E-07 5.22E-03 2.16E-08 1.92E-08 7.21E-04 4.91E-10 1.59E-07 5.94E-03  2.44E-03 0.22218
19360.00 .5165289    0.00E+00 0.00E+00 0.00E+00 1.59E-07 5.96E-03 2.47E-08 2.19E-08 8.21E-04 5.58E-10 1.81E-07 6.78E-03  2.45E-03 0.22199
19370.00 .5162623    0.00E+00 0.00E+00 0.00E+00 1.73E-07 6.50E-03 2.69E-08 2.39E-08 8.95E-04 6.06E-10 1.97E-07 7.40E-03  2.45E-03 0.22180
19380.00 .5159959    0.00E+00 0.00E+00 0.00E+00 1.77E-07 6.63E-03 2.74E-08 2.43E-08 9.12E-04 6.15E-10 2.01E-07 7.54E-03  2.45E-03 0.22161
19390.00 .5157298    0.00E+00 0.00E+00 0.00E+00 1.74E-07 6.56E-03 2.71E-08 2.40E-08 9.01E-04 6.06E-10 1.98E-07 7.46E-03  2.45E-03 0.22142
19400.00 .5154639    0.00E+00 0.00E+00 0.00E+00 1.70E-07 6.40E-03 2.65E-08 2.33E-08 8.78E-04 5.89E-10 1.93E-07 7.28E-03  2.45E-03 0.22124
19410.00 .5151983    0.00E+00 0.00E+00 0.00E+00 1.67E-07 6.30E-03 2.60E-08 2.29E-08 8.62E-04 5.76E-10 1.90E-07 7.16E-03  2.46E-03 0.22105
19420.00 .5149331    0.00E+00 0.00E+00 0.00E+00 1.66E-07 6.25E-03 2.58E-08 2.26E-08 8.54E-04 5.69E-10 1.88E-07 7.10E-03  2.46E-03 0.22086
19430.00 .5146680    0.00E+00 0.00E+00 0.00E+00 1.63E-07 6.16E-03 2.54E-08 2.23E-08 8.41E-04 5.58E-10 1.86E-07 7.00E-03  2.46E-03 0.22067
19440.00 .5144033    0.00E+00 0.00E+00 0.00E+00 1.60E-07 6.04E-03 2.49E-08 2.18E-08 8.23E-04 5.45E-10 1.82E-07 6.87E-03  2.46E-03 0.22048
19450.00 .5141388    0.00E+00 0.00E+00 0.00E+00 1.61E-07 6.10E-03 2.52E-08 2.19E-08 8.30E-04 5.47E-10 1.83E-07 6.93E-03  2.46E-03 0.22028
19460.00 .5138746    0.00E+00 0.00E+00 0.00E+00 1.68E-07 6.38E-03 2.63E-08 2.29E-08 8.66E-04 5.69E-10 1.91E-07 7.25E-03  2.47E-03 0.22009
19470.00 .5136107    0.00E+00 0.00E+00 0.00E+00 1.75E-07 6.62E-03 2.73E-08 2.37E-08 8.98E-04 5.88E-10 1.98E-07 7.52E-03  2.47E-03 0.21990
19480.00 .5133470    0.00E+00 0.00E+00 0.00E+00 1.74E-07 6.62E-03 2.72E-08 2.36E-08 8.96E-04 5.85E-10 1.98E-07 7.51E-03  2.47E-03 0.21969
19490.00 .5130836    0.00E+00 0.00E+00 0.00E+00 1.69E-07 6.40E-03 2.63E-08 2.28E-08 8.66E-04 5.63E-10 1.91E-07 7.27E-03  2.47E-03 0.21948

                                             RADIANCE(WATTS/CM2-STER-XXX)

  FREQ  WAVELENGTH     PATH_THERMAL    SURFACE      PATH_SCATTERED_SOLAR   GROUND_REFLECTED_RADIANCE   TOTAL_RADIANCE   INTEGRAL    TOTAL
                                       EMISSION     TOTAL RAD      SINGLE        TOTAL        DIRECT                                TRANS
 (CM-1) (MICRON)       (CM-1)  (MICRN)   (CM-1)   (CM-1)  (MICRN)   (CM-1)   (CM-1)  (MICRN)   (CM-1)   (CM-1)  (MICRN)

19500.00 .5128205    0.00E+00 0.00E+00 0.00E+00 1.63E-07 6.21E-03 2.55E-08 2.20E-08 8.38E-04 5.43E-10 1.85E-07 7.04E-03  2.47E-03 0.21927
19510.00 .5125577    0.00E+00 0.00E+00 0.00E+00 1.65E-07 6.28E-03 2.58E-08 2.22E-08 8.46E-04 5.47E-10 1.87E-07 7.12E-03  2.48E-03 0.21906
19520.00 .5122951    0.00E+00 0.00E+00 0.00E+00 1.75E-07 6.65E-03 2.73E-08 2.35E-08 8.95E-04 5.76E-10 1.98E-07 7.55E-03  2.48E-03 0.21884
19530.00 .5120327    0.00E+00 0.00E+00 0.00E+00 1.83E-07 6.96E-03 2.86E-08 2.45E-08 9.35E-04 6.00E-10 2.07E-07 7.90E-03  2.48E-03 0.21863
19540.00 .5117707    0.00E+00 0.00E+00 0.00E+00 1.84E-07 7.01E-03 2.88E-08 2.46E-08 9.40E-04 6.02E-10 2.08E-07 7.95E-03  2.48E-03 0.21845
19550.00 .5115089    0.00E+00 0.00E+00 0.00E+00 1.80E-07 6.90E-03 2.83E-08 2.42E-08 9.23E-04 5.89E-10 2.05E-07 7.82E-03  2.48E-03 0.21820
19560.00 .5112475    0.00E+00 0.00E+00 0.00E+00 1.74E-07 6.67E-03 2.74E-08 2.33E-08 8.91E-04 5.66E-10 1.98E-07 7.56E-03  2.49E-03 0.21789
19570.00 .5109863    0.00E+00 0.00E+00 0.00E+00 1.71E-07 6.54E-03 2.68E-08 2.28E-08 8.72E-04 5.53E-10 1.93E-07 7.41E-03  2.49E-03 0.21774
19580.00 .5107252    0.00E+00 0.00E+00 0.00E+00 1.73E-07 6.62E-03 2.72E-08 2.30E-08 8.82E-04 5.57E-10 1.96E-07 7.51E-03  2.49E-03 0.21754
19590.00 .5104645    0.00E+00 0.00E+00 0.00E+00 1.73E-07 6.63E-03 2.73E-08 2.30E-08 8.82E-04 5.55E-10 1.96E-07 7.51E-03  2.49E-03 0.21716
19600.00 .5102041    0.00E+00 0.00E+00 0.00E+00 1.68E-07 6.44E-03 2.65E-08 2.23E-08 8.55E-04 5.36E-10 1.90E-07 7.30E-03  2.49E-03 0.21691
19610.00 .5099439    0.00E+00 0.00E+00 0.00E+00 1.68E-07 6.45E-03 2.65E-08 2.22E-08 8.55E-04 5.34E-10 1.90E-07 7.31E-03  2.50E-03 0.21669
19620.00 .5096840    0.00E+00 0.00E+00 0.00E+00 1.76E-07 6.79E-03 2.80E-08 2.33E-08 8.97E-04 5.59E-10 2.00E-07 7.68E-03  2.50E-03 0.21622
19630.00 .5094243    0.00E+00 0.00E+00 0.00E+00 1.81E-07 6.98E-03 2.88E-08 2.39E-08 9.21E-04 5.72E-10 2.05E-07 7.90E-03  2.50E-03 0.21595
19640.00 .5091650    0.00E+00 0.00E+00 0.00E+00 1.78E-07 6.87E-03 2.83E-08 2.35E-08 9.06E-04 5.61E-10 2.02E-07 7.78E-03  2.50E-03 0.21596
19650.00 .5089058    0.00E+00 0.00E+00 0.00E+00 1.73E-07 6.68E-03 2.75E-08 2.27E-08 8.78E-04 5.42E-10 1.96E-07 7.55E-03  2.50E-03 0.21561
19660.00 .5086470    0.00E+00 0.00E+00 0.00E+00 1.67E-07 6.46E-03 2.67E-08 2.19E-08 8.48E-04 5.22E-10 1.89E-07 7.31E-03  2.50E-03 0.21524
19670.00 .5083885    0.00E+00 0.00E+00 0.00E+00 1.60E-07 6.17E-03 2.55E-08 2.09E-08 8.09E-04 4.96E-10 1.80E-07 6.98E-03  2.51E-03 0.21504
19680.00 .5081301    0.00E+00 0.00E+00 0.00E+00 1.58E-07 6.12E-03 2.54E-08 2.07E-08 8.00E-04 4.89E-10 1.79E-07 6.93E-03  2.51E-03 0.21443
19690.00 .5078720    0.00E+00 0.00E+00 0.00E+00 1.66E-07 6.42E-03 2.66E-08 2.16E-08 8.37E-04 5.10E-10 1.87E-07 7.25E-03  2.51E-03 0.21398
19700.00 .5076142    0.00E+00 0.00E+00 0.00E+00 1.70E-07 6.58E-03 2.73E-08 2.21E-08 8.57E-04 5.21E-10 1.92E-07 7.44E-03  2.51E-03 0.21391
19710.00 .5073566    0.00E+00 0.00E+00 0.00E+00 1.70E-07 6.59E-03 2.73E-08 2.21E-08 8.57E-04 5.19E-10 1.92E-07 7.45E-03  2.51E-03 0.21374
19720.00 .5070994    0.00E+00 0.00E+00 0.00E+00 1.69E-07 6.56E-03 2.72E-08 2.19E-08 8.51E-04 5.14E-10 1.90E-07 7.41E-03  2.52E-03 0.21335
19730.00 .5068424    0.00E+00 0.00E+00 0.00E+00 1.67E-07 6.52E-03 2.71E-08 2.17E-08 8.45E-04 5.08E-10 1.89E-07 7.36E-03  2.52E-03 0.21315
19740.00 .5065856    0.00E+00 0.00E+00 0.00E+00 1.72E-07 6.71E-03 2.76E-08 2.23E-08 8.70E-04 5.21E-10 1.94E-07 7.58E-03  2.52E-03 0.21358
19750.00 .5063291    0.00E+00 0.00E+00 0.00E+00 1.79E-07 6.98E-03 2.87E-08 2.32E-08 9.04E-04 5.40E-10 2.02E-07 7.88E-03  2.52E-03 0.21351
19760.00 .5060729    0.00E+00 0.00E+00 0.00E+00 1.79E-07 6.99E-03 2.90E-08 2.31E-08 9.02E-04 5.37E-10 2.02E-07 7.89E-03  2.52E-03 0.21260
19770.00 .5058169    0.00E+00 0.00E+00 0.00E+00 1.78E-07 6.96E-03 2.88E-08 2.29E-08 8.96E-04 5.32E-10 2.01E-07 7.85E-03  2.53E-03 0.21228
19780.00 .5055612    0.00E+00 0.00E+00 0.00E+00 1.75E-07 6.86E-03 2.82E-08 2.26E-08 8.83E-04 5.22E-10 1.98E-07 7.74E-03  2.53E-03 0.21278
19790.00 .5053057    0.00E+00 0.00E+00 0.00E+00 1.66E-07 6.52E-03 2.66E-08 2.14E-08 8.39E-04 4.94E-10 1.88E-07 7.36E-03  2.53E-03 0.21299
19800.00 .5050505    0.00E+00 0.00E+00 0.00E+00 1.66E-07 6.52E-03 2.66E-08 2.14E-08 8.39E-04 4.92E-10 1.88E-07 7.36E-03  2.53E-03 0.21280
19810.00 .5047956    0.00E+00 0.00E+00 0.00E+00 1.73E-07 6.81E-03 2.79E-08 2.22E-08 8.73E-04 5.11E-10 1.96E-07 7.68E-03  2.53E-03 0.21213
19820.00 .5045409    0.00E+00 0.00E+00 0.00E+00 1.63E-07 6.41E-03 2.66E-08 2.08E-08 8.18E-04 4.78E-10 1.84E-07 7.23E-03  2.54E-03 0.21092
19830.00 .5042864    0.00E+00 0.00E+00 0.00E+00 1.46E-07 5.76E-03 2.41E-08 1.86E-08 7.31E-04 4.26E-10 1.65E-07 6.49E-03  2.54E-03 0.21010
19840.00 .5040323    0.00E+00 0.00E+00 0.00E+00 1.48E-07 5.81E-03 2.45E-08 1.87E-08 7.35E-04 4.27E-10 1.66E-07 6.54E-03  2.54E-03 0.20961
19850.00 .5037783    0.00E+00 0.00E+00 0.00E+00 1.58E-07 6.23E-03 2.62E-08 2.00E-08 7.87E-04 4.56E-10 1.78E-07 7.01E-03  2.54E-03 0.20931
19860.00 .5035247    0.00E+00 0.00E+00 0.00E+00 1.67E-07 6.59E-03 2.74E-08 2.11E-08 8.34E-04 4.81E-10 1.88E-07 7.42E-03  2.54E-03 0.21003
19870.00 .5032713    0.00E+00 0.00E+00 0.00E+00 1.70E-07 6.72E-03 2.75E-08 2.16E-08 8.53E-04 4.89E-10 1.92E-07 7.57E-03  2.54E-03 0.21094
19880.00 .5030181    0.00E+00 0.00E+00 0.00E+00 1.67E-07 6.60E-03 2.69E-08 2.12E-08 8.37E-04 4.78E-10 1.88E-07 7.43E-03  2.55E-03 0.21107
19890.00 .5027652    0.00E+00 0.00E+00 0.00E+00 1.65E-07 6.52E-03 2.65E-08 2.09E-08 8.27E-04 4.71E-10 1.86E-07 7.35E-03  2.55E-03 0.21115
19900.00 .5025126    0.00E+00 0.00E+00 0.00E+00 1.65E-07 6.52E-03 2.64E-08 2.09E-08 8.27E-04 4.69E-10 1.86E-07 7.35E-03  2.55E-03 0.21132
19910.00 .5022601    0.00E+00 0.00E+00 0.00E+00 1.63E-07 6.45E-03 2.61E-08 2.06E-08 8.17E-04 4.62E-10 1.83E-07 7.27E-03  2.55E-03 0.21115
19920.00 .5020081    0.00E+00 0.00E+00 0.00E+00 1.62E-07 6.42E-03 2.60E-08 2.04E-08 8.11E-04 4.57E-10 1.82E-07 7.23E-03  2.55E-03 0.21087
19930.00 .5017561    0.00E+00 0.00E+00 0.00E+00 1.62E-07 6.43E-03 2.59E-08 2.04E-08 8.11E-04 4.55E-10 1.82E-07 7.24E-03  2.56E-03 0.21080
19940.00 .5015045    0.00E+00 0.00E+00 0.00E+00 1.61E-07 6.40E-03 2.57E-08 2.03E-08 8.06E-04 4.51E-10 1.81E-07 7.20E-03  2.56E-03 0.21083
19950.00 .5012531    0.00E+00 0.00E+00 0.00E+00 1.65E-07 6.58E-03 2.64E-08 2.08E-08 8.28E-04 4.62E-10 1.86E-07 7.40E-03  2.56E-03 0.21076
19960.00 .5010020    0.00E+00 0.00E+00 0.00E+00 1.66E-07 6.60E-03 2.65E-08 2.08E-08 8.30E-04 4.61E-10 1.87E-07 7.43E-03  2.56E-03 0.21064
19970.00 .5007512    0.00E+00 0.00E+00 0.00E+00 1.60E-07 6.37E-03 2.55E-08 2.01E-08 8.00E-04 4.43E-10 1.80E-07 7.18E-03  2.56E-03 0.21050
19980.00 .5005005    0.00E+00 0.00E+00 0.00E+00 1.59E-07 6.33E-03 2.53E-08 1.99E-08 7.94E-04 4.38E-10 1.79E-07 7.13E-03  2.56E-03 0.21035
19990.00 .5002501    0.00E+00 0.00E+00 0.00E+00 1.60E-07 6.38E-03 2.55E-08 2.00E-08 7.98E-04 4.39E-10 1.80E-07 7.18E-03  2.57E-03 0.21019

                                             RADIANCE(WATTS/CM2-STER-XXX)

  FREQ  WAVELENGTH     PATH_THERMAL    SURFACE      PATH_SCATTERED_SOLAR   GROUND_REFLECTED_RADIANCE   TOTAL_RADIANCE   INTEGRAL    TOTAL
                                       EMISSION     TOTAL RAD      SINGLE        TOTAL        DIRECT                                TRANS
 (CM-1) (MICRON)       (CM-1)  (MICRN)   (CM-1)   (CM-1)  (MICRN)   (CM-1)   (CM-1)  (MICRN)   (CM-1)   (CM-1)  (MICRN)

20000.00 .5000000    0.00E+00 0.00E+00 0.00E+00 1.67E-07 6.68E-03 2.67E-08 2.09E-08 8.34E-04 4.57E-10 1.88E-07 7.51E-03  2.57E-03 0.21005
20010.00 .4997501    0.00E+00 0.00E+00 0.00E+00 1.75E-07 7.01E-03 2.80E-08 2.19E-08 8.75E-04 4.78E-10 1.97E-07 7.89E-03  2.57E-03 0.20989
20020.00 .4995005    0.00E+00 0.00E+00 0.00E+00 1.73E-07 6.94E-03 2.77E-08 2.16E-08 8.65E-04 4.71E-10 1.95E-07 7.80E-03  2.57E-03 0.20971
20030.00 .4992511    0.00E+00 0.00E+00 0.00E+00 1.72E-07 6.92E-03 2.76E-08 2.14E-08 8.60E-04 4.67E-10 1.94E-07 7.78E-03  2.57E-03 0.20954
20040.00 .4990020    0.00E+00 0.00E+00 0.00E+00 1.74E-07 6.97E-03 2.78E-08 2.16E-08 8.66E-04 4.68E-10 1.95E-07 7.83E-03  2.58E-03 0.20938
20050.00 .4987531    0.00E+00 0.00E+00 0.00E+00 1.63E-07 6.57E-03 2.61E-08 2.03E-08 8.14E-04 4.39E-10 1.84E-07 7.38E-03  2.58E-03 0.20921
20060.00 .4985045    0.00E+00 0.00E+00 0.00E+00 1.54E-07 6.19E-03 2.46E-08 1.90E-08 7.66E-04 4.11E-10 1.73E-07 6.95E-03  2.58E-03 0.20905
20070.00 .4982561    0.00E+00 0.00E+00 0.00E+00 1.58E-07 6.36E-03 2.53E-08 1.95E-08 7.87E-04 4.21E-10 1.77E-07 7.15E-03  2.58E-03 0.20888
20080.00 .4980080    0.00E+00 0.00E+00 0.00E+00 1.68E-07 6.75E-03 2.68E-08 2.07E-08 8.34E-04 4.45E-10 1.88E-07 7.59E-03  2.58E-03 0.20871
20090.00 .4977601    0.00E+00 0.00E+00 0.00E+00 1.77E-07 7.13E-03 2.83E-08 2.18E-08 8.79E-04 4.67E-10 1.98E-07 8.01E-03  2.59E-03 0.20854
20100.00 .4975124    0.00E+00 0.00E+00 0.00E+00 1.81E-07 7.29E-03 2.89E-08 2.22E-08 8.98E-04 4.76E-10 2.03E-07 8.19E-03  2.59E-03 0.20835
20110.00 .4972650    0.00E+00 0.00E+00 0.00E+00 1.76E-07 7.10E-03 2.82E-08 2.16E-08 8.73E-04 4.61E-10 1.97E-07 7.98E-03  2.59E-03 0.20817
20120.00 .4970179    0.00E+00 0.00E+00 0.00E+00 1.69E-07 6.85E-03 2.71E-08 2.08E-08 8.40E-04 4.42E-10 1.90E-07 7.69E-03  2.59E-03 0.20798
20130.00 .4967710    0.00E+00 0.00E+00 0.00E+00 1.71E-07 6.92E-03 2.74E-08 2.09E-08 8.48E-04 4.45E-10 1.92E-07 7.77E-03  2.59E-03 0.20779
20140.00 .4965243    0.00E+00 0.00E+00 0.00E+00 1.80E-07 7.31E-03 2.89E-08 2.20E-08 8.94E-04 4.67E-10 2.02E-07 8.20E-03  2.60E-03 0.20761
20150.00 .4962779    0.00E+00 0.00E+00 0.00E+00 1.83E-07 7.41E-03 2.93E-08 2.23E-08 9.06E-04 4.72E-10 2.05E-07 8.32E-03  2.60E-03 0.20744
20160.00 .4960317    0.00E+00 0.00E+00 0.00E+00 1.74E-07 7.06E-03 2.79E-08 2.12E-08 8.61E-04 4.47E-10 1.95E-07 7.92E-03  2.60E-03 0.20726
20170.00 .4957859    0.00E+00 0.00E+00 0.00E+00 1.70E-07 6.93E-03 2.74E-08 2.07E-08 8.44E-04 4.37E-10 1.91E-07 7.77E-03  2.60E-03 0.20708
20180.00 .4955401    0.00E+00 0.00E+00 0.00E+00 1.78E-07 7.26E-03 2.87E-08 2.17E-08 8.82E-04 4.55E-10 2.00E-07 8.14E-03  2.60E-03 0.20690
20190.00 .4952947    0.00E+00 0.00E+00 0.00E+00 1.84E-07 7.49E-03 2.95E-08 2.23E-08 9.09E-04 4.67E-10 2.06E-07 8.39E-03  2.61E-03 0.20672
20200.00 .4950495    0.00E+00 0.00E+00 0.00E+00 1.83E-07 7.45E-03 2.94E-08 2.21E-08 9.03E-04 4.63E-10 2.05E-07 8.36E-03  2.61E-03 0.20653
20210.00 .4948046    0.00E+00 0.00E+00 0.00E+00 1.82E-07 7.42E-03 2.92E-08 2.20E-08 8.98E-04 4.58E-10 2.04E-07 8.32E-03  2.61E-03 0.20635
20220.00 .4945599    0.00E+00 0.00E+00 0.00E+00 1.83E-07 7.47E-03 2.94E-08 2.21E-08 9.02E-04 4.59E-10 2.05E-07 8.37E-03  2.61E-03 0.20616
20230.00 .4943154    0.00E+00 0.00E+00 0.00E+00 1.78E-07 7.27E-03 2.86E-08 2.14E-08 8.77E-04 4.45E-10 1.99E-07 8.15E-03  2.61E-03 0.20597
20240.00 .4940712    0.00E+00 0.00E+00 0.00E+00 1.68E-07 6.88E-03 2.71E-08 2.02E-08 8.29E-04 4.19E-10 1.88E-07 7.71E-03  2.62E-03 0.20579
20250.00 .4938272    0.00E+00 0.00E+00 0.00E+00 1.66E-07 6.80E-03 2.67E-08 1.99E-08 8.17E-04 4.12E-10 1.86E-07 7.62E-03  2.62E-03 0.20561
20260.00 .4935834    0.00E+00 0.00E+00 0.00E+00 1.71E-07 7.02E-03 2.76E-08 2.05E-08 8.42E-04 4.23E-10 1.91E-07 7.86E-03  2.62E-03 0.20543
20270.00 .4933400    0.00E+00 0.00E+00 0.00E+00 1.78E-07 7.30E-03 2.87E-08 2.13E-08 8.75E-04 4.38E-10 1.99E-07 8.18E-03  2.62E-03 0.20525
20280.00 .4930966    0.00E+00 0.00E+00 0.00E+00 1.82E-07 7.48E-03 2.94E-08 2.18E-08 8.95E-04 4.46E-10 2.04E-07 8.37E-03  2.62E-03 0.20507
20290.00 .4928536    0.00E+00 0.00E+00 0.00E+00 1.78E-07 7.34E-03 2.88E-08 2.13E-08 8.77E-04 4.36E-10 2.00E-07 8.22E-03  2.62E-03 0.20488
20300.00 .4926108    0.00E+00 0.00E+00 0.00E+00 1.70E-07 7.00E-03 2.75E-08 2.03E-08 8.35E-04 4.13E-10 1.90E-07 7.84E-03  2.63E-03 0.20469
20310.00 .4923683    0.00E+00 0.00E+00 0.00E+00 1.60E-07 6.60E-03 2.59E-08 1.91E-08 7.86E-04 3.88E-10 1.79E-07 7.39E-03  2.63E-03 0.20451
20320.00 .4921260    0.00E+00 0.00E+00 0.00E+00 1.53E-07 6.30E-03 2.47E-08 1.82E-08 7.50E-04 3.69E-10 1.71E-07 7.05E-03  2.63E-03 0.20433
20330.00 .4918839    0.00E+00 0.00E+00 0.00E+00 1.60E-07 6.63E-03 2.60E-08 1.91E-08 7.88E-04 3.86E-10 1.80E-07 7.42E-03  2.63E-03 0.20416
20340.00 .4916421    0.00E+00 0.00E+00 0.00E+00 1.72E-07 7.10E-03 2.78E-08 2.03E-08 8.42E-04 4.11E-10 1.92E-07 7.94E-03  2.63E-03 0.20397
20350.00 .4914005    0.00E+00 0.00E+00 0.00E+00 1.67E-07 6.91E-03 2.71E-08 1.98E-08 8.19E-04 3.98E-10 1.87E-07 7.73E-03  2.64E-03 0.20377
20360.00 .4911591    0.00E+00 0.00E+00 0.00E+00 1.63E-07 6.75E-03 2.64E-08 1.92E-08 7.98E-04 3.87E-10 1.82E-07 7.55E-03  2.64E-03 0.20357
20370.00 .4909181    0.00E+00 0.00E+00 0.00E+00 1.71E-07 7.11E-03 2.78E-08 2.02E-08 8.39E-04 4.05E-10 1.92E-07 7.95E-03  2.64E-03 0.20339
20380.00 .4906771    0.00E+00 0.00E+00 0.00E+00 1.77E-07 7.36E-03 2.88E-08 2.09E-08 8.67E-04 4.18E-10 1.98E-07 8.23E-03  2.64E-03 0.20320
20390.00 .4904365    0.00E+00 0.00E+00 0.00E+00 1.76E-07 7.34E-03 2.87E-08 2.08E-08 8.63E-04 4.14E-10 1.97E-07 8.20E-03  2.64E-03 0.20300
20400.00 .4901961    0.00E+00 0.00E+00 0.00E+00 1.80E-07 7.48E-03 2.92E-08 2.11E-08 8.79E-04 4.20E-10 2.01E-07 8.36E-03  2.65E-03 0.20282
20410.00 .4899559    0.00E+00 0.00E+00 0.00E+00 1.85E-07 7.71E-03 3.01E-08 2.17E-08 9.04E-04 4.31E-10 2.07E-07 8.61E-03  2.65E-03 0.20262
20420.00 .4897160    0.00E+00 0.00E+00 0.00E+00 1.81E-07 7.56E-03 2.95E-08 2.12E-08 8.86E-04 4.21E-10 2.03E-07 8.45E-03  2.65E-03 0.20240
20430.00 .4894763    0.00E+00 0.00E+00 0.00E+00 1.66E-07 6.94E-03 2.71E-08 1.94E-08 8.12E-04 3.84E-10 1.86E-07 7.76E-03  2.65E-03 0.20219
20440.00 .4892368    0.00E+00 0.00E+00 0.00E+00 1.56E-07 6.50E-03 2.54E-08 1.82E-08 7.59E-04 3.58E-10 1.74E-07 7.26E-03  2.65E-03 0.20199
20450.00 .4889975    0.00E+00 0.00E+00 0.00E+00 1.58E-07 6.63E-03 2.58E-08 1.85E-08 7.72E-04 3.63E-10 1.77E-07 7.40E-03  2.66E-03 0.20182
20460.00 .4887586    0.00E+00 0.00E+00 0.00E+00 1.65E-07 6.92E-03 2.70E-08 1.92E-08 8.05E-04 3.77E-10 1.85E-07 7.73E-03  2.66E-03 0.20166
20470.00 .4885198    0.00E+00 0.00E+00 0.00E+00 1.71E-07 7.15E-03 2.78E-08 1.98E-08 8.30E-04 3.88E-10 1.90E-07 7.98E-03  2.66E-03 0.20149
20480.00 .4882812    0.00E+00 0.00E+00 0.00E+00 1.73E-07 7.27E-03 2.83E-08 2.01E-08 8.43E-04 3.92E-10 1.93E-07 8.11E-03  2.66E-03 0.20133
20490.00 .4880430    0.00E+00 0.00E+00 0.00E+00 1.72E-07 7.24E-03 2.81E-08 2.00E-08 8.38E-04 3.89E-10 1.92E-07 8.08E-03  2.66E-03 0.20116

                                             RADIANCE(WATTS/CM2-STER-XXX)

  FREQ  WAVELENGTH     PATH_THERMAL    SURFACE      PATH_SCATTERED_SOLAR   GROUND_REFLECTED_RADIANCE   TOTAL_RADIANCE   INTEGRAL    TOTAL
                                       EMISSION     TOTAL RAD      SINGLE        TOTAL        DIRECT                                TRANS
 (CM-1) (MICRON)       (CM-1)  (MICRN)   (CM-1)   (CM-1)  (MICRN)   (CM-1)   (CM-1)  (MICRN)   (CM-1)   (CM-1)  (MICRN)

20500.00 .4878049    0.00E+00 0.00E+00 0.00E+00 1.69E-07 7.10E-03 2.76E-08 1.95E-08 8.21E-04 3.79E-10 1.89E-07 7.92E-03  2.66E-03 0.20097
20510.00 .4875670    0.00E+00 0.00E+00 0.00E+00 1.62E-07 6.83E-03 2.65E-08 1.88E-08 7.89E-04 3.63E-10 1.81E-07 7.62E-03  2.67E-03 0.20079
20520.00 .4873295    0.00E+00 0.00E+00 0.00E+00 1.57E-07 6.62E-03 2.57E-08 1.81E-08 7.62E-04 3.50E-10 1.75E-07 7.38E-03  2.67E-03 0.20059
20530.00 .4870920    0.00E+00 0.00E+00 0.00E+00 1.60E-07 6.75E-03 2.62E-08 1.84E-08 7.76E-04 3.55E-10 1.79E-07 7.52E-03  2.67E-03 0.20040
20540.00 .4868549    0.00E+00 0.00E+00 0.00E+00 1.61E-07 6.81E-03 2.64E-08 1.85E-08 7.82E-04 3.57E-10 1.80E-07 7.59E-03  2.67E-03 0.20022
20550.00 .4866180    0.00E+00 0.00E+00 0.00E+00 1.48E-07 6.24E-03 2.42E-08 1.70E-08 7.16E-04 3.26E-10 1.65E-07 6.96E-03  2.67E-03 0.20006
20560.00 .4863813    0.00E+00 0.00E+00 0.00E+00 1.28E-07 5.40E-03 2.09E-08 1.46E-08 6.19E-04 2.80E-10 1.42E-07 6.02E-03  2.67E-03 0.19990
20570.00 .4861449    0.00E+00 0.00E+00 0.00E+00 1.29E-07 5.47E-03 2.12E-08 1.48E-08 6.25E-04 2.82E-10 1.44E-07 6.10E-03  2.68E-03 0.19970
20580.00 .4859087    0.00E+00 0.00E+00 0.00E+00 1.49E-07 6.32E-03 2.45E-08 1.70E-08 7.21E-04 3.24E-10 1.66E-07 7.04E-03  2.68E-03 0.19946
20590.00 .4856727    0.00E+00 0.00E+00 0.00E+00 1.61E-07 6.83E-03 2.65E-08 1.84E-08 7.78E-04 3.49E-10 1.79E-07 7.61E-03  2.68E-03 0.19922
20600.00 .4854369    0.00E+00 0.00E+00 0.00E+00 1.67E-07 7.09E-03 2.75E-08 1.90E-08 8.07E-04 3.61E-10 1.86E-07 7.90E-03  2.68E-03 0.19901
20610.00 .4852014    0.00E+00 0.00E+00 0.00E+00 1.69E-07 7.20E-03 2.79E-08 1.92E-08 8.17E-04 3.64E-10 1.89E-07 8.01E-03  2.68E-03 0.19879
20620.00 .4849661    0.00E+00 0.00E+00 0.00E+00 1.70E-07 7.22E-03 2.79E-08 1.92E-08 8.18E-04 3.63E-10 1.89E-07 8.04E-03  2.69E-03 0.19862
20630.00 .4847310    0.00E+00 0.00E+00 0.00E+00 1.72E-07 7.34E-03 2.84E-08 1.95E-08 8.31E-04 3.67E-10 1.92E-07 8.17E-03  2.69E-03 0.19848
20640.00 .4844961    0.00E+00 0.00E+00 0.00E+00 1.70E-07 7.26E-03 2.80E-08 1.93E-08 8.21E-04 3.62E-10 1.90E-07 8.08E-03  2.69E-03 0.19833
20650.00 .4842615    0.00E+00 0.00E+00 0.00E+00 1.67E-07 7.13E-03 2.75E-08 1.89E-08 8.05E-04 3.54E-10 1.86E-07 7.94E-03  2.69E-03 0.19816
20660.00 .4840271    0.00E+00 0.00E+00 0.00E+00 1.70E-07 7.24E-03 2.79E-08 1.91E-08 8.16E-04 3.57E-10 1.89E-07 8.06E-03  2.69E-03 0.19798
20670.00 .4837930    0.00E+00 0.00E+00 0.00E+00 1.75E-07 7.49E-03 2.89E-08 1.97E-08 8.43E-04 3.68E-10 1.95E-07 8.34E-03  2.69E-03 0.19780
20680.00 .4835590    0.00E+00 0.00E+00 0.00E+00 1.77E-07 7.59E-03 2.92E-08 1.99E-08 8.53E-04 3.71E-10 1.97E-07 8.44E-03  2.70E-03 0.19759
20690.00 .4833253    0.00E+00 0.00E+00 0.00E+00 1.75E-07 7.50E-03 2.89E-08 1.97E-08 8.42E-04 3.65E-10 1.95E-07 8.35E-03  2.70E-03 0.19737
20700.00 .4830918    0.00E+00 0.00E+00 0.00E+00 1.76E-07 7.55E-03 2.91E-08 1.97E-08 8.46E-04 3.65E-10 1.96E-07 8.40E-03  2.70E-03 0.19716
20710.00 .4828585    0.00E+00 0.00E+00 0.00E+00 1.79E-07 7.68E-03 2.96E-08 2.00E-08 8.59E-04 3.70E-10 1.99E-07 8.54E-03  2.70E-03 0.19695
20720.00 .4826255    0.00E+00 0.00E+00 0.00E+00 1.78E-07 7.64E-03 2.94E-08 1.99E-08 8.54E-04 3.66E-10 1.98E-07 8.50E-03  2.70E-03 0.19674
20730.00 .4823927    0.00E+00 0.00E+00 0.00E+00 1.77E-07 7.61E-03 2.93E-08 1.97E-08 8.49E-04 3.63E-10 1.97E-07 8.46E-03  2.71E-03 0.19653
20740.00 .4821601    0.00E+00 0.00E+00 0.00E+00 1.78E-07 7.66E-03 2.95E-08 1.98E-08 8.53E-04 3.63E-10 1.98E-07 8.51E-03  2.71E-03 0.19630
20750.00 .4819277    0.00E+00 0.00E+00 0.00E+00 1.78E-07 7.66E-03 2.95E-08 1.98E-08 8.52E-04 3.62E-10 1.98E-07 8.52E-03  2.71E-03 0.19607
20760.00 .4816956    0.00E+00 0.00E+00 0.00E+00 1.77E-07 7.61E-03 2.93E-08 1.96E-08 8.44E-04 3.57E-10 1.96E-07 8.45E-03  2.71E-03 0.19585
20770.00 .4814637    0.00E+00 0.00E+00 0.00E+00 1.74E-07 7.48E-03 2.88E-08 1.92E-08 8.29E-04 3.49E-10 1.93E-07 8.31E-03  2.71E-03 0.19563
20780.00 .4812320    0.00E+00 0.00E+00 0.00E+00 1.72E-07 7.42E-03 2.86E-08 1.90E-08 8.20E-04 3.45E-10 1.91E-07 8.24E-03  2.72E-03 0.19540
20790.00 .4810005    0.00E+00 0.00E+00 0.00E+00 1.72E-07 7.44E-03 2.87E-08 1.90E-08 8.22E-04 3.44E-10 1.91E-07 8.27E-03  2.72E-03 0.19517
20800.00 .4807692    0.00E+00 0.00E+00 0.00E+00 1.73E-07 7.47E-03 2.88E-08 1.90E-08 8.23E-04 3.44E-10 1.92E-07 8.30E-03  2.72E-03 0.19493
20810.00 .4805382    0.00E+00 0.00E+00 0.00E+00 1.73E-07 7.49E-03 2.89E-08 1.90E-08 8.24E-04 3.43E-10 1.92E-07 8.32E-03  2.72E-03 0.19470
20820.00 .4803074    0.00E+00 0.00E+00 0.00E+00 1.71E-07 7.41E-03 2.86E-08 1.88E-08 8.14E-04 3.37E-10 1.90E-07 8.22E-03  2.72E-03 0.19446
20830.00 .4800768    0.00E+00 0.00E+00 0.00E+00 1.70E-07 7.39E-03 2.85E-08 1.87E-08 8.10E-04 3.35E-10 1.89E-07 8.20E-03  2.73E-03 0.19421
20840.00 .4798464    0.00E+00 0.00E+00 0.00E+00 1.75E-07 7.58E-03 2.93E-08 1.91E-08 8.30E-04 3.42E-10 1.94E-07 8.41E-03  2.73E-03 0.19395
20850.00 .4796163    0.00E+00 0.00E+00 0.00E+00 1.75E-07 7.62E-03 2.95E-08 1.91E-08 8.32E-04 3.42E-10 1.94E-07 8.45E-03  2.73E-03 0.19370
20860.00 .4793864    0.00E+00 0.00E+00 0.00E+00 1.70E-07 7.40E-03 2.86E-08 1.86E-08 8.07E-04 3.30E-10 1.89E-07 8.21E-03  2.73E-03 0.19346
20870.00 .4791567    0.00E+00 0.00E+00 0.00E+00 1.66E-07 7.24E-03 2.80E-08 1.81E-08 7.88E-04 3.21E-10 1.84E-07 8.03E-03  2.73E-03 0.19322
20880.00 .4789272    0.00E+00 0.00E+00 0.00E+00 1.66E-07 7.25E-03 2.81E-08 1.81E-08 7.88E-04 3.20E-10 1.84E-07 8.04E-03  2.74E-03 0.19298
20890.00 .4786980    0.00E+00 0.00E+00 0.00E+00 1.70E-07 7.41E-03 2.87E-08 1.84E-08 8.04E-04 3.25E-10 1.88E-07 8.22E-03  2.74E-03 0.19273
20900.00 .4784689    0.00E+00 0.00E+00 0.00E+00 1.74E-07 7.59E-03 2.94E-08 1.88E-08 8.22E-04 3.32E-10 1.93E-07 8.42E-03  2.74E-03 0.19249
20910.00 .4782401    0.00E+00 0.00E+00 0.00E+00 1.76E-07 7.72E-03 2.99E-08 1.91E-08 8.34E-04 3.35E-10 1.96E-07 8.55E-03  2.74E-03 0.19225
20920.00 .4780115    0.00E+00 0.00E+00 0.00E+00 1.77E-07 7.76E-03 3.01E-08 1.91E-08 8.37E-04 3.36E-10 1.96E-07 8.60E-03  2.74E-03 0.19202
20930.00 .4777831    0.00E+00 0.00E+00 0.00E+00 1.77E-07 7.77E-03 3.01E-08 1.91E-08 8.36E-04 3.34E-10 1.96E-07 8.60E-03  2.75E-03 0.19181
20940.00 .4775549    0.00E+00 0.00E+00 0.00E+00 1.77E-07 7.75E-03 3.01E-08 1.90E-08 8.33E-04 3.32E-10 1.96E-07 8.58E-03  2.75E-03 0.19160
20950.00 .4773270    0.00E+00 0.00E+00 0.00E+00 1.75E-07 7.68E-03 2.98E-08 1.88E-08 8.25E-04 3.27E-10 1.94E-07 8.51E-03  2.75E-03 0.19140
20960.00 .4770992    0.00E+00 0.00E+00 0.00E+00 1.71E-07 7.53E-03 2.92E-08 1.84E-08 8.07E-04 3.19E-10 1.90E-07 8.34E-03  2.75E-03 0.19121
20970.00 .4768718    0.00E+00 0.00E+00 0.00E+00 1.66E-07 7.31E-03 2.83E-08 1.78E-08 7.83E-04 3.08E-10 1.84E-07 8.10E-03  2.75E-03 0.19106
20980.00 .4766444    0.00E+00 0.00E+00 0.00E+00 1.63E-07 7.19E-03 2.78E-08 1.74E-08 7.68E-04 3.01E-10 1.81E-07 7.96E-03  2.75E-03 0.19092
20990.00 .4764173    0.00E+00 0.00E+00 0.00E+00 1.66E-07 7.32E-03 2.83E-08 1.77E-08 7.81E-04 3.05E-10 1.84E-07 8.10E-03  2.76E-03 0.19079

                                             RADIANCE(WATTS/CM2-STER-XXX)

  FREQ  WAVELENGTH     PATH_THERMAL    SURFACE      PATH_SCATTERED_SOLAR   GROUND_REFLECTED_RADIANCE   TOTAL_RADIANCE   INTEGRAL    TOTAL
                                       EMISSION     TOTAL RAD      SINGLE        TOTAL        DIRECT                                TRANS
 (CM-1) (MICRON)       (CM-1)  (MICRN)   (CM-1)   (CM-1)  (MICRN)   (CM-1)   (CM-1)  (MICRN)   (CM-1)   (CM-1)  (MICRN)

21000.00 .4761905    0.00E+00 0.00E+00 0.00E+00 1.72E-07 7.58E-03 2.93E-08 1.83E-08 8.08E-04 3.15E-10 1.90E-07 8.39E-03  2.76E-03 0.19067
21010.00 .4759638    0.00E+00 0.00E+00 0.00E+00 1.73E-07 7.63E-03 2.94E-08 1.84E-08 8.11E-04 3.15E-10 1.91E-07 8.44E-03  2.76E-03 0.19059
21020.00 .4757374    0.00E+00 0.00E+00 0.00E+00 1.71E-07 7.57E-03 2.91E-08 1.82E-08 8.04E-04 3.11E-10 1.90E-07 8.38E-03  2.76E-03 0.19049
21030.00 .4755111    0.00E+00 0.00E+00 0.00E+00 1.74E-07 7.70E-03 2.96E-08 1.85E-08 8.17E-04 3.15E-10 1.93E-07 8.52E-03  2.76E-03 0.19039
21040.00 .4752852    0.00E+00 0.00E+00 0.00E+00 1.78E-07 7.86E-03 3.01E-08 1.88E-08 8.33E-04 3.20E-10 1.96E-07 8.69E-03  2.77E-03 0.19028
21050.00 .4750594    0.00E+00 0.00E+00 0.00E+00 1.77E-07 7.83E-03 3.00E-08 1.87E-08 8.29E-04 3.17E-10 1.96E-07 8.66E-03  2.77E-03 0.19017
21060.00 .4748338    0.00E+00 0.00E+00 0.00E+00 1.73E-07 7.68E-03 2.94E-08 1.83E-08 8.11E-04 3.10E-10 1.91E-07 8.49E-03  2.77E-03 0.19004
21070.00 .4746085    0.00E+00 0.00E+00 0.00E+00 1.71E-07 7.61E-03 2.90E-08 1.81E-08 8.02E-04 3.05E-10 1.89E-07 8.41E-03  2.77E-03 0.18991
21080.00 .4743833    0.00E+00 0.00E+00 0.00E+00 1.71E-07 7.62E-03 2.90E-08 1.80E-08 8.02E-04 3.04E-10 1.89E-07 8.42E-03  2.77E-03 0.18979
21090.00 .4741584    0.00E+00 0.00E+00 0.00E+00 1.70E-07 7.55E-03 2.88E-08 1.78E-08 7.94E-04 3.00E-10 1.88E-07 8.35E-03  2.78E-03 0.18967
21100.00 .4739336    0.00E+00 0.00E+00 0.00E+00 1.68E-07 7.46E-03 2.84E-08 1.76E-08 7.83E-04 2.95E-10 1.85E-07 8.25E-03  2.78E-03 0.18954
21110.00 .4737091    0.00E+00 0.00E+00 0.00E+00 1.68E-07 7.48E-03 2.84E-08 1.76E-08 7.84E-04 2.94E-10 1.86E-07 8.27E-03  2.78E-03 0.18940
21120.00 .4734849    0.00E+00 0.00E+00 0.00E+00 1.68E-07 7.50E-03 2.85E-08 1.76E-08 7.85E-04 2.93E-10 1.86E-07 8.29E-03  2.78E-03 0.18925
21130.00 .4732607    0.00E+00 0.00E+00 0.00E+00 1.66E-07 7.43E-03 2.82E-08 1.74E-08 7.76E-04 2.89E-10 1.84E-07 8.21E-03  2.78E-03 0.18909
21140.00 .4730369    0.00E+00 0.00E+00 0.00E+00 1.66E-07 7.40E-03 2.81E-08 1.73E-08 7.72E-04 2.86E-10 1.83E-07 8.17E-03  2.78E-03 0.18892
21150.00 .4728132    0.00E+00 0.00E+00 0.00E+00 1.70E-07 7.62E-03 2.89E-08 1.77E-08 7.93E-04 2.93E-10 1.88E-07 8.41E-03  2.79E-03 0.18877
21160.00 .4725898    0.00E+00 0.00E+00 0.00E+00 1.75E-07 7.82E-03 2.96E-08 1.82E-08 8.13E-04 2.99E-10 1.93E-07 8.63E-03  2.79E-03 0.18863
21170.00 .4723666    0.00E+00 0.00E+00 0.00E+00 1.74E-07 7.80E-03 2.95E-08 1.81E-08 8.09E-04 2.97E-10 1.92E-07 8.60E-03  2.79E-03 0.18846
21180.00 .4721435    0.00E+00 0.00E+00 0.00E+00 1.76E-07 7.89E-03 2.98E-08 1.82E-08 8.17E-04 2.99E-10 1.94E-07 8.70E-03  2.79E-03 0.18831
21190.00 .4719207    0.00E+00 0.00E+00 0.00E+00 1.75E-07 7.87E-03 2.97E-08 1.81E-08 8.14E-04 2.97E-10 1.93E-07 8.68E-03  2.79E-03 0.18821
21200.00 .4716981    0.00E+00 0.00E+00 0.00E+00 1.70E-07 7.66E-03 2.89E-08 1.76E-08 7.92E-04 2.88E-10 1.88E-07 8.45E-03  2.80E-03 0.18807
21210.00 .4714757    0.00E+00 0.00E+00 0.00E+00 1.71E-07 7.71E-03 2.91E-08 1.77E-08 7.95E-04 2.88E-10 1.89E-07 8.51E-03  2.80E-03 0.18788
21220.00 .4712536    0.00E+00 0.00E+00 0.00E+00 1.71E-07 7.69E-03 2.89E-08 1.76E-08 7.91E-04 2.85E-10 1.88E-07 8.48E-03  2.80E-03 0.18768
21230.00 .4710315    0.00E+00 0.00E+00 0.00E+00 1.64E-07 7.40E-03 2.78E-08 1.69E-08 7.61E-04 2.73E-10 1.81E-07 8.16E-03  2.80E-03 0.18753
21240.00 .4708098    0.00E+00 0.00E+00 0.00E+00 1.63E-07 7.34E-03 2.76E-08 1.67E-08 7.54E-04 2.70E-10 1.79E-07 8.10E-03  2.80E-03 0.18740
21250.00 .4705882    0.00E+00 0.00E+00 0.00E+00 1.64E-07 7.41E-03 2.78E-08 1.68E-08 7.59E-04 2.71E-10 1.81E-07 8.17E-03  2.81E-03 0.18726
21260.00 .4703669    0.00E+00 0.00E+00 0.00E+00 1.64E-07 7.41E-03 2.78E-08 1.68E-08 7.58E-04 2.70E-10 1.81E-07 8.16E-03  2.81E-03 0.18707
21270.00 .4701458    0.00E+00 0.00E+00 0.00E+00 1.66E-07 7.49E-03 2.81E-08 1.69E-08 7.66E-04 2.71E-10 1.83E-07 8.26E-03  2.81E-03 0.18687
21280.00 .4699248    0.00E+00 0.00E+00 0.00E+00 1.70E-07 7.69E-03 2.89E-08 1.73E-08 7.84E-04 2.77E-10 1.87E-07 8.47E-03  2.81E-03 0.18666
21290.00 .4697041    0.00E+00 0.00E+00 0.00E+00 1.76E-07 7.99E-03 3.00E-08 1.79E-08 8.13E-04 2.86E-10 1.94E-07 8.80E-03  2.81E-03 0.18647
21300.00 .4694836    0.00E+00 0.00E+00 0.00E+00 1.77E-07 8.04E-03 3.01E-08 1.80E-08 8.17E-04 2.87E-10 1.95E-07 8.86E-03  2.81E-03 0.18638
21310.00 .4692633    0.00E+00 0.00E+00 0.00E+00 1.72E-07 7.83E-03 2.93E-08 1.75E-08 7.95E-04 2.78E-10 1.90E-07 8.62E-03  2.82E-03 0.18629
21320.00 .4690432    0.00E+00 0.00E+00 0.00E+00 1.71E-07 7.76E-03 2.90E-08 1.73E-08 7.87E-04 2.74E-10 1.88E-07 8.55E-03  2.82E-03 0.18612
21330.00 .4688232    0.00E+00 0.00E+00 0.00E+00 1.70E-07 7.74E-03 2.89E-08 1.72E-08 7.84E-04 2.72E-10 1.87E-07 8.53E-03  2.82E-03 0.18594
21340.00 .4686036    0.00E+00 0.00E+00 0.00E+00 1.70E-07 7.72E-03 2.88E-08 1.71E-08 7.80E-04 2.70E-10 1.87E-07 8.50E-03  2.82E-03 0.18580
21350.00 .4683841    0.00E+00 0.00E+00 0.00E+00 1.69E-07 7.69E-03 2.86E-08 1.70E-08 7.76E-04 2.67E-10 1.86E-07 8.46E-03  2.82E-03 0.18567
21360.00 .4681648    0.00E+00 0.00E+00 0.00E+00 1.69E-07 7.71E-03 2.87E-08 1.70E-08 7.77E-04 2.67E-10 1.86E-07 8.49E-03  2.83E-03 0.18551
21370.00 .4679458    0.00E+00 0.00E+00 0.00E+00 1.74E-07 7.97E-03 2.97E-08 1.75E-08 8.01E-04 2.74E-10 1.92E-07 8.77E-03  2.83E-03 0.18533
21380.00 .4677268    0.00E+00 0.00E+00 0.00E+00 1.77E-07 8.09E-03 3.01E-08 1.78E-08 8.13E-04 2.77E-10 1.95E-07 8.90E-03  2.83E-03 0.18515
21390.00 .4675082    0.00E+00 0.00E+00 0.00E+00 1.74E-07 7.97E-03 2.96E-08 1.75E-08 7.99E-04 2.71E-10 1.92E-07 8.76E-03  2.83E-03 0.18497
21400.00 .4672897    0.00E+00 0.00E+00 0.00E+00 1.70E-07 7.80E-03 2.90E-08 1.70E-08 7.81E-04 2.64E-10 1.87E-07 8.58E-03  2.83E-03 0.18480
21410.00 .4670714    0.00E+00 0.00E+00 0.00E+00 1.61E-07 7.40E-03 2.75E-08 1.61E-08 7.40E-04 2.50E-10 1.78E-07 8.14E-03  2.84E-03 0.18466
21420.00 .4668535    0.00E+00 0.00E+00 0.00E+00 1.58E-07 7.24E-03 2.69E-08 1.58E-08 7.23E-04 2.43E-10 1.74E-07 7.97E-03  2.84E-03 0.18453
21430.00 .4666355    0.00E+00 0.00E+00 0.00E+00 1.65E-07 7.57E-03 2.80E-08 1.64E-08 7.54E-04 2.53E-10 1.81E-07 8.32E-03  2.84E-03 0.18438
21440.00 .4664179    0.00E+00 0.00E+00 0.00E+00 1.71E-07 7.86E-03 2.91E-08 1.70E-08 7.82E-04 2.61E-10 1.88E-07 8.64E-03  2.84E-03 0.18421
21450.00 .4662005    0.00E+00 0.00E+00 0.00E+00 1.76E-07 8.12E-03 3.01E-08 1.75E-08 8.07E-04 2.68E-10 1.94E-07 8.93E-03  2.84E-03 0.18404
21460.00 .4659832    0.00E+00 0.00E+00 0.00E+00 1.75E-07 8.07E-03 2.98E-08 1.74E-08 8.00E-04 2.65E-10 1.93E-07 8.87E-03  2.84E-03 0.18386
21470.00 .4657663    0.00E+00 0.00E+00 0.00E+00 1.67E-07 7.69E-03 2.85E-08 1.65E-08 7.62E-04 2.52E-10 1.83E-07 8.46E-03  2.85E-03 0.18368
21480.00 .4655493    0.00E+00 0.00E+00 0.00E+00 1.65E-07 7.60E-03 2.81E-08 1.63E-08 7.51E-04 2.47E-10 1.81E-07 8.35E-03  2.85E-03 0.18351
21490.00 .4653327    0.00E+00 0.00E+00 0.00E+00 1.64E-07 7.60E-03 2.81E-08 1.62E-08 7.50E-04 2.46E-10 1.81E-07 8.35E-03  2.85E-03 0.18333

                                             RADIANCE(WATTS/CM2-STER-XXX)

  FREQ  WAVELENGTH     PATH_THERMAL    SURFACE      PATH_SCATTERED_SOLAR   GROUND_REFLECTED_RADIANCE   TOTAL_RADIANCE   INTEGRAL    TOTAL
                                       EMISSION     TOTAL RAD      SINGLE        TOTAL        DIRECT                                TRANS
 (CM-1) (MICRON)       (CM-1)  (MICRN)   (CM-1)   (CM-1)  (MICRN)   (CM-1)   (CM-1)  (MICRN)   (CM-1)   (CM-1)  (MICRN)

21500.00 .4651163    0.00E+00 0.00E+00 0.00E+00 1.61E-07 7.44E-03 2.75E-08 1.59E-08 7.33E-04 2.40E-10 1.77E-07 8.17E-03  2.85E-03 0.18315
21510.00 .4649000    0.00E+00 0.00E+00 0.00E+00 1.62E-07 7.49E-03 2.76E-08 1.59E-08 7.37E-04 2.40E-10 1.78E-07 8.23E-03  2.85E-03 0.18297
21520.00 .4646841    0.00E+00 0.00E+00 0.00E+00 1.68E-07 7.76E-03 2.86E-08 1.65E-08 7.63E-04 2.48E-10 1.84E-07 8.53E-03  2.86E-03 0.18279
21530.00 .4644682    0.00E+00 0.00E+00 0.00E+00 1.74E-07 8.08E-03 2.98E-08 1.71E-08 7.93E-04 2.56E-10 1.91E-07 8.87E-03  2.86E-03 0.18261
21540.00 .4642526    0.00E+00 0.00E+00 0.00E+00 1.73E-07 8.05E-03 2.97E-08 1.70E-08 7.88E-04 2.54E-10 1.90E-07 8.84E-03  2.86E-03 0.18242
21550.00 .4640371    0.00E+00 0.00E+00 0.00E+00 1.62E-07 7.54E-03 2.78E-08 1.59E-08 7.37E-04 2.37E-10 1.78E-07 8.27E-03  2.86E-03 0.18223
21560.00 .4638219    0.00E+00 0.00E+00 0.00E+00 1.58E-07 7.36E-03 2.71E-08 1.55E-08 7.19E-04 2.30E-10 1.74E-07 8.08E-03  2.86E-03 0.18206
21570.00 .4636070    0.00E+00 0.00E+00 0.00E+00 1.64E-07 7.64E-03 2.81E-08 1.60E-08 7.44E-04 2.37E-10 1.80E-07 8.38E-03  2.86E-03 0.18189
21580.00 .4633920    0.00E+00 0.00E+00 0.00E+00 1.66E-07 7.71E-03 2.83E-08 1.61E-08 7.50E-04 2.38E-10 1.82E-07 8.46E-03  2.87E-03 0.18172
21590.00 .4631774    0.00E+00 0.00E+00 0.00E+00 1.65E-07 7.67E-03 2.82E-08 1.60E-08 7.45E-04 2.36E-10 1.81E-07 8.42E-03  2.87E-03 0.18156
21600.00 .4629630    0.00E+00 0.00E+00 0.00E+00 1.66E-07 7.73E-03 2.84E-08 1.61E-08 7.49E-04 2.36E-10 1.82E-07 8.48E-03  2.87E-03 0.18139
21610.00 .4627487    0.00E+00 0.00E+00 0.00E+00 1.68E-07 7.82E-03 2.87E-08 1.62E-08 7.57E-04 2.38E-10 1.84E-07 8.58E-03  2.87E-03 0.18122
21620.00 .4625348    0.00E+00 0.00E+00 0.00E+00 1.71E-07 7.97E-03 2.93E-08 1.65E-08 7.71E-04 2.41E-10 1.87E-07 8.74E-03  2.87E-03 0.18104
21630.00 .4623208    0.00E+00 0.00E+00 0.00E+00 1.69E-07 7.91E-03 2.90E-08 1.63E-08 7.64E-04 2.38E-10 1.85E-07 8.68E-03  2.88E-03 0.18086
21640.00 .4621072    0.00E+00 0.00E+00 0.00E+00 1.62E-07 7.59E-03 2.78E-08 1.56E-08 7.31E-04 2.27E-10 1.78E-07 8.32E-03  2.88E-03 0.18069
21650.00 .4618938    0.00E+00 0.00E+00 0.00E+00 1.61E-07 7.56E-03 2.77E-08 1.55E-08 7.27E-04 2.26E-10 1.77E-07 8.29E-03  2.88E-03 0.18051
21660.00 .4616805    0.00E+00 0.00E+00 0.00E+00 1.66E-07 7.80E-03 2.86E-08 1.60E-08 7.49E-04 2.31E-10 1.82E-07 8.55E-03  2.88E-03 0.18033
21670.00 .4614676    0.00E+00 0.00E+00 0.00E+00 1.66E-07 7.79E-03 2.85E-08 1.59E-08 7.46E-04 2.30E-10 1.82E-07 8.53E-03  2.88E-03 0.18015
21680.00 .4612546    0.00E+00 0.00E+00 0.00E+00 1.68E-07 7.90E-03 2.89E-08 1.61E-08 7.56E-04 2.32E-10 1.84E-07 8.65E-03  2.88E-03 0.17998
21690.00 .4610420    0.00E+00 0.00E+00 0.00E+00 1.74E-07 8.19E-03 2.99E-08 1.66E-08 7.82E-04 2.39E-10 1.91E-07 8.97E-03  2.89E-03 0.17980
21700.00 .4608295    0.00E+00 0.00E+00 0.00E+00 1.71E-07 8.07E-03 2.95E-08 1.63E-08 7.69E-04 2.34E-10 1.88E-07 8.84E-03  2.89E-03 0.17964
21710.00 .4606172    0.00E+00 0.00E+00 0.00E+00 1.65E-07 7.77E-03 2.84E-08 1.57E-08 7.40E-04 2.25E-10 1.81E-07 8.51E-03  2.89E-03 0.17947
21720.00 .4604052    0.00E+00 0.00E+00 0.00E+00 1.61E-07 7.61E-03 2.78E-08 1.53E-08 7.24E-04 2.19E-10 1.77E-07 8.34E-03  2.89E-03 0.17930
21730.00 .4601932    0.00E+00 0.00E+00 0.00E+00 1.61E-07 7.61E-03 2.78E-08 1.53E-08 7.22E-04 2.18E-10 1.76E-07 8.33E-03  2.89E-03 0.17913
21740.00 .4599816    0.00E+00 0.00E+00 0.00E+00 1.64E-07 7.73E-03 2.82E-08 1.55E-08 7.32E-04 2.20E-10 1.79E-07 8.46E-03  2.90E-03 0.17896
21750.00 .4597701    0.00E+00 0.00E+00 0.00E+00 1.65E-07 7.79E-03 2.84E-08 1.56E-08 7.37E-04 2.20E-10 1.80E-07 8.52E-03  2.90E-03 0.17879
21760.00 .4595588    0.00E+00 0.00E+00 0.00E+00 1.64E-07 7.77E-03 2.83E-08 1.55E-08 7.34E-04 2.19E-10 1.80E-07 8.50E-03  2.90E-03 0.17861
21770.00 .4593478    0.00E+00 0.00E+00 0.00E+00 1.65E-07 7.82E-03 2.85E-08 1.56E-08 7.38E-04 2.19E-10 1.81E-07 8.56E-03  2.90E-03 0.17844
21780.00 .4591368    0.00E+00 0.00E+00 0.00E+00 1.68E-07 7.97E-03 2.90E-08 1.58E-08 7.50E-04 2.22E-10 1.84E-07 8.72E-03  2.90E-03 0.17826
21790.00 .4589261    0.00E+00 0.00E+00 0.00E+00 1.67E-07 7.92E-03 2.88E-08 1.57E-08 7.44E-04 2.20E-10 1.82E-07 8.66E-03  2.90E-03 0.17809
21800.00 .4587156    0.00E+00 0.00E+00 0.00E+00 1.62E-07 7.70E-03 2.80E-08 1.52E-08 7.23E-04 2.13E-10 1.77E-07 8.43E-03  2.91E-03 0.17791
21810.00 .4585052    0.00E+00 0.00E+00 0.00E+00 1.57E-07 7.45E-03 2.71E-08 1.47E-08 6.98E-04 2.05E-10 1.71E-07 8.15E-03  2.91E-03 0.17774
21820.00 .4582952    0.00E+00 0.00E+00 0.00E+00 1.53E-07 7.30E-03 2.65E-08 1.43E-08 6.83E-04 1.99E-10 1.68E-07 7.98E-03  2.91E-03 0.17757
21830.00 .4580851    0.00E+00 0.00E+00 0.00E+00 1.59E-07 7.59E-03 2.76E-08 1.49E-08 7.09E-04 2.06E-10 1.74E-07 8.30E-03  2.91E-03 0.17740
21840.00 .4578755    0.00E+00 0.00E+00 0.00E+00 1.69E-07 8.08E-03 2.93E-08 1.58E-08 7.53E-04 2.18E-10 1.85E-07 8.83E-03  2.91E-03 0.17724
21850.00 .4576659    0.00E+00 0.00E+00 0.00E+00 1.74E-07 8.30E-03 3.01E-08 1.62E-08 7.73E-04 2.23E-10 1.90E-07 9.08E-03  2.92E-03 0.17709
21860.00 .4574565    0.00E+00 0.00E+00 0.00E+00 1.71E-07 8.15E-03 2.96E-08 1.59E-08 7.58E-04 2.18E-10 1.87E-07 8.91E-03  2.92E-03 0.17693
21870.00 .4572475    0.00E+00 0.00E+00 0.00E+00 1.68E-07 8.03E-03 2.91E-08 1.56E-08 7.45E-04 2.13E-10 1.83E-07 8.77E-03  2.92E-03 0.17676
21880.00 .4570383    0.00E+00 0.00E+00 0.00E+00 1.71E-07 8.17E-03 2.96E-08 1.58E-08 7.57E-04 2.16E-10 1.87E-07 8.93E-03  2.92E-03 0.17658
21890.00 .4568296    0.00E+00 0.00E+00 0.00E+00 1.69E-07 8.11E-03 2.94E-08 1.56E-08 7.50E-04 2.13E-10 1.85E-07 8.86E-03  2.92E-03 0.17640
21900.00 .4566210    0.00E+00 0.00E+00 0.00E+00 1.67E-07 8.03E-03 2.90E-08 1.54E-08 7.41E-04 2.10E-10 1.83E-07 8.77E-03  2.92E-03 0.17623
21910.00 .4564126    0.00E+00 0.00E+00 0.00E+00 1.72E-07 8.26E-03 2.99E-08 1.59E-08 7.61E-04 2.15E-10 1.88E-07 9.02E-03  2.93E-03 0.17606
21920.00 .4562045    0.00E+00 0.00E+00 0.00E+00 1.74E-07 8.34E-03 3.02E-08 1.60E-08 7.68E-04 2.16E-10 1.90E-07 9.11E-03  2.93E-03 0.17589
21930.00 .4559963    0.00E+00 0.00E+00 0.00E+00 1.68E-07 8.10E-03 2.93E-08 1.55E-08 7.44E-04 2.09E-10 1.84E-07 8.84E-03  2.93E-03 0.17572
21940.00 .4557885    0.00E+00 0.00E+00 0.00E+00 1.61E-07 7.73E-03 2.79E-08 1.47E-08 7.09E-04 1.98E-10 1.75E-07 8.44E-03  2.93E-03 0.17555
21950.00 .4555809    0.00E+00 0.00E+00 0.00E+00 1.61E-07 7.74E-03 2.79E-08 1.47E-08 7.09E-04 1.98E-10 1.75E-07 8.45E-03  2.93E-03 0.17537
21960.00 .4553734    0.00E+00 0.00E+00 0.00E+00 1.67E-07 8.04E-03 2.90E-08 1.52E-08 7.35E-04 2.04E-10 1.82E-07 8.78E-03  2.94E-03 0.17520
21970.00 .4551662    0.00E+00 0.00E+00 0.00E+00 1.65E-07 7.94E-03 2.86E-08 1.50E-08 7.25E-04 2.01E-10 1.80E-07 8.67E-03  2.94E-03 0.17503
21980.00 .4549590    0.00E+00 0.00E+00 0.00E+00 1.58E-07 7.64E-03 2.76E-08 1.44E-08 6.96E-04 1.92E-10 1.73E-07 8.34E-03  2.94E-03 0.17487
21990.00 .4547521    0.00E+00 0.00E+00 0.00E+00 1.58E-07 7.63E-03 2.75E-08 1.43E-08 6.94E-04 1.91E-10 1.72E-07 8.32E-03  2.94E-03 0.17470

                                             RADIANCE(WATTS/CM2-STER-XXX)

  FREQ  WAVELENGTH     PATH_THERMAL    SURFACE      PATH_SCATTERED_SOLAR   GROUND_REFLECTED_RADIANCE   TOTAL_RADIANCE   INTEGRAL    TOTAL
                                       EMISSION     TOTAL RAD      SINGLE        TOTAL        DIRECT                                TRANS
 (CM-1) (MICRON)       (CM-1)  (MICRN)   (CM-1)   (CM-1)  (MICRN)   (CM-1)   (CM-1)  (MICRN)   (CM-1)   (CM-1)  (MICRN)

22000.00 .4545455    0.00E+00 0.00E+00 0.00E+00 1.61E-07 7.79E-03 2.80E-08 1.46E-08 7.07E-04 1.94E-10 1.75E-07 8.49E-03  2.94E-03 0.17453
22010.00 .4543389    0.00E+00 0.00E+00 0.00E+00 1.63E-07 7.90E-03 2.84E-08 1.48E-08 7.16E-04 1.95E-10 1.78E-07 8.62E-03  2.94E-03 0.17435
22020.00 .4541327    0.00E+00 0.00E+00 0.00E+00 1.67E-07 8.10E-03 2.91E-08 1.51E-08 7.33E-04 1.99E-10 1.82E-07 8.83E-03  2.95E-03 0.17417
22030.00 .4539264    0.00E+00 0.00E+00 0.00E+00 1.66E-07 8.07E-03 2.90E-08 1.50E-08 7.29E-04 1.97E-10 1.81E-07 8.80E-03  2.95E-03 0.17400
22040.00 .4537205    0.00E+00 0.00E+00 0.00E+00 1.54E-07 7.48E-03 2.69E-08 1.39E-08 6.75E-04 1.82E-10 1.68E-07 8.16E-03  2.95E-03 0.17382
22050.00 .4535147    0.00E+00 0.00E+00 0.00E+00 1.48E-07 7.17E-03 2.58E-08 1.33E-08 6.46E-04 1.74E-10 1.61E-07 7.82E-03  2.95E-03 0.17365
22060.00 .4533091    0.00E+00 0.00E+00 0.00E+00 1.49E-07 7.26E-03 2.61E-08 1.34E-08 6.53E-04 1.75E-10 1.63E-07 7.92E-03  2.95E-03 0.17347
22070.00 .4531038    0.00E+00 0.00E+00 0.00E+00 1.46E-07 7.13E-03 2.56E-08 1.31E-08 6.40E-04 1.71E-10 1.59E-07 7.77E-03  2.95E-03 0.17329
22080.00 .4528985    0.00E+00 0.00E+00 0.00E+00 1.45E-07 7.06E-03 2.53E-08 1.30E-08 6.32E-04 1.68E-10 1.58E-07 7.69E-03  2.96E-03 0.17312
22090.00 .4526935    0.00E+00 0.00E+00 0.00E+00 1.53E-07 7.44E-03 2.67E-08 1.36E-08 6.66E-04 1.76E-10 1.66E-07 8.11E-03  2.96E-03 0.17295
22100.00 .4524887    0.00E+00 0.00E+00 0.00E+00 1.61E-07 7.85E-03 2.82E-08 1.44E-08 7.01E-04 1.85E-10 1.75E-07 8.55E-03  2.96E-03 0.17278
22110.00 .4522840    0.00E+00 0.00E+00 0.00E+00 1.63E-07 7.99E-03 2.86E-08 1.46E-08 7.12E-04 1.87E-10 1.78E-07 8.70E-03  2.96E-03 0.17261
22120.00 .4520797    0.00E+00 0.00E+00 0.00E+00 1.62E-07 7.95E-03 2.85E-08 1.45E-08 7.08E-04 1.86E-10 1.77E-07 8.66E-03  2.96E-03 0.17245
22130.00 .4518752    0.00E+00 0.00E+00 0.00E+00 1.62E-07 7.95E-03 2.84E-08 1.44E-08 7.06E-04 1.85E-10 1.77E-07 8.65E-03  2.96E-03 0.17228
22140.00 .4516712    0.00E+00 0.00E+00 0.00E+00 1.66E-07 8.14E-03 2.91E-08 1.47E-08 7.22E-04 1.88E-10 1.81E-07 8.86E-03  2.97E-03 0.17210
22150.00 .4514673    0.00E+00 0.00E+00 0.00E+00 1.69E-07 8.30E-03 2.97E-08 1.50E-08 7.35E-04 1.91E-10 1.84E-07 9.03E-03  2.97E-03 0.17192
22160.00 .4512635    0.00E+00 0.00E+00 0.00E+00 1.71E-07 8.38E-03 3.00E-08 1.51E-08 7.41E-04 1.92E-10 1.86E-07 9.12E-03  2.97E-03 0.17174
22170.00 .4510601    0.00E+00 0.00E+00 0.00E+00 1.74E-07 8.54E-03 3.05E-08 1.53E-08 7.54E-04 1.94E-10 1.89E-07 9.30E-03  2.97E-03 0.17157
22180.00 .4508566    0.00E+00 0.00E+00 0.00E+00 1.77E-07 8.69E-03 3.10E-08 1.56E-08 7.65E-04 1.97E-10 1.92E-07 9.45E-03  2.97E-03 0.17140
22190.00 .4506534    0.00E+00 0.00E+00 0.00E+00 1.78E-07 8.74E-03 3.12E-08 1.56E-08 7.69E-04 1.97E-10 1.93E-07 9.51E-03  2.98E-03 0.17123
22200.00 .4504505    0.00E+00 0.00E+00 0.00E+00 1.74E-07 8.59E-03 3.07E-08 1.53E-08 7.55E-04 1.92E-10 1.90E-07 9.35E-03  2.98E-03 0.17106
22210.00 .4502476    0.00E+00 0.00E+00 0.00E+00 1.69E-07 8.31E-03 2.97E-08 1.48E-08 7.29E-04 1.85E-10 1.83E-07 9.04E-03  2.98E-03 0.17089
22220.00 .4500451    0.00E+00 0.00E+00 0.00E+00 1.65E-07 8.14E-03 2.90E-08 1.44E-08 7.12E-04 1.80E-10 1.79E-07 8.85E-03  2.98E-03 0.17071
22230.00 .4498425    0.00E+00 0.00E+00 0.00E+00 1.59E-07 7.83E-03 2.79E-08 1.39E-08 6.85E-04 1.73E-10 1.72E-07 8.52E-03  2.98E-03 0.17053
22240.00 .4496403    0.00E+00 0.00E+00 0.00E+00 1.54E-07 7.61E-03 2.71E-08 1.34E-08 6.64E-04 1.67E-10 1.67E-07 8.27E-03  2.99E-03 0.17035
22250.00 .4494382    0.00E+00 0.00E+00 0.00E+00 1.56E-07 7.73E-03 2.75E-08 1.36E-08 6.73E-04 1.68E-10 1.70E-07 8.40E-03  2.99E-03 0.17016
22260.00 .4492363    0.00E+00 0.00E+00 0.00E+00 1.54E-07 7.61E-03 2.71E-08 1.34E-08 6.62E-04 1.65E-10 1.67E-07 8.27E-03  2.99E-03 0.16997
22270.00 .4490347    0.00E+00 0.00E+00 0.00E+00 1.52E-07 7.53E-03 2.68E-08 1.32E-08 6.54E-04 1.63E-10 1.65E-07 8.19E-03  2.99E-03 0.16979
22280.00 .4488330    0.00E+00 0.00E+00 0.00E+00 1.59E-07 7.90E-03 2.81E-08 1.38E-08 6.85E-04 1.70E-10 1.73E-07 8.59E-03  2.99E-03 0.16959
22290.00 .4486317    0.00E+00 0.00E+00 0.00E+00 1.61E-07 7.99E-03 2.84E-08 1.39E-08 6.91E-04 1.70E-10 1.75E-07 8.68E-03  2.99E-03 0.16938
22300.00 .4484305    0.00E+00 0.00E+00 0.00E+00 1.51E-07 7.53E-03 2.68E-08 1.31E-08 6.50E-04 1.60E-10 1.64E-07 8.18E-03  3.00E-03 0.16920
22310.00 .4482295    0.00E+00 0.00E+00 0.00E+00 1.48E-07 7.38E-03 2.63E-08 1.28E-08 6.36E-04 1.56E-10 1.61E-07 8.02E-03  3.00E-03 0.16904
22320.00 .4480287    0.00E+00 0.00E+00 0.00E+00 1.57E-07 7.82E-03 2.78E-08 1.35E-08 6.73E-04 1.64E-10 1.71E-07 8.49E-03  3.00E-03 0.16887
22330.00 .4478280    0.00E+00 0.00E+00 0.00E+00 1.62E-07 8.10E-03 2.88E-08 1.39E-08 6.96E-04 1.69E-10 1.76E-07 8.79E-03  3.00E-03 0.16868
22340.00 .4476276    0.00E+00 0.00E+00 0.00E+00 1.63E-07 8.13E-03 2.89E-08 1.40E-08 6.97E-04 1.69E-10 1.77E-07 8.83E-03  3.00E-03 0.16851
22350.00 .4474273    0.00E+00 0.00E+00 0.00E+00 1.62E-07 8.07E-03 2.87E-08 1.38E-08 6.90E-04 1.67E-10 1.75E-07 8.76E-03  3.00E-03 0.16834
22360.00 .4472272    0.00E+00 0.00E+00 0.00E+00 1.54E-07 7.72E-03 2.74E-08 1.32E-08 6.59E-04 1.59E-10 1.68E-07 8.38E-03  3.01E-03 0.16813
22370.00 .4470274    0.00E+00 0.00E+00 0.00E+00 1.50E-07 7.49E-03 2.66E-08 1.28E-08 6.39E-04 1.53E-10 1.62E-07 8.13E-03  3.01E-03 0.16796
22380.00 .4468275    0.00E+00 0.00E+00 0.00E+00 1.51E-07 7.59E-03 2.69E-08 1.29E-08 6.46E-04 1.54E-10 1.64E-07 8.23E-03  3.01E-03 0.16782
22390.00 .4466279    0.00E+00 0.00E+00 0.00E+00 1.52E-07 7.64E-03 2.71E-08 1.29E-08 6.49E-04 1.55E-10 1.65E-07 8.29E-03  3.01E-03 0.16760
22400.00 .4464286    0.00E+00 0.00E+00 0.00E+00 1.46E-07 7.34E-03 2.61E-08 1.24E-08 6.22E-04 1.48E-10 1.59E-07 7.96E-03  3.01E-03 0.16737
22410.00 .4462293    0.00E+00 0.00E+00 0.00E+00 1.37E-07 6.88E-03 2.44E-08 1.16E-08 5.82E-04 1.38E-10 1.49E-07 7.46E-03  3.01E-03 0.16722
22420.00 .4460304    0.00E+00 0.00E+00 0.00E+00 1.35E-07 6.76E-03 2.40E-08 1.14E-08 5.71E-04 1.35E-10 1.46E-07 7.33E-03  3.01E-03 0.16702
22430.00 .4458314    0.00E+00 0.00E+00 0.00E+00 1.33E-07 6.70E-03 2.38E-08 1.12E-08 5.65E-04 1.33E-10 1.44E-07 7.27E-03  3.02E-03 0.16677
22440.00 .4456328    0.00E+00 0.00E+00 0.00E+00 1.32E-07 6.66E-03 2.36E-08 1.11E-08 5.61E-04 1.31E-10 1.43E-07 7.22E-03  3.02E-03 0.16661
22450.00 .4454343    0.00E+00 0.00E+00 0.00E+00 1.40E-07 7.07E-03 2.51E-08 1.18E-08 5.94E-04 1.38E-10 1.52E-07 7.66E-03  3.02E-03 0.16649
22460.00 .4452359    0.00E+00 0.00E+00 0.00E+00 1.48E-07 7.48E-03 2.65E-08 1.24E-08 6.28E-04 1.46E-10 1.61E-07 8.10E-03  3.02E-03 0.16632
22470.00 .4450379    0.00E+00 0.00E+00 0.00E+00 1.51E-07 7.60E-03 2.69E-08 1.26E-08 6.37E-04 1.47E-10 1.63E-07 8.24E-03  3.02E-03 0.16609
22480.00 .4448398    0.00E+00 0.00E+00 0.00E+00 1.53E-07 7.72E-03 2.73E-08 1.28E-08 6.46E-04 1.49E-10 1.66E-07 8.37E-03  3.02E-03 0.16592
22490.00 .4446421    0.00E+00 0.00E+00 0.00E+00 1.50E-07 7.60E-03 2.69E-08 1.26E-08 6.35E-04 1.46E-10 1.63E-07 8.24E-03  3.03E-03 0.16583

                                             RADIANCE(WATTS/CM2-STER-XXX)

  FREQ  WAVELENGTH     PATH_THERMAL    SURFACE      PATH_SCATTERED_SOLAR   GROUND_REFLECTED_RADIANCE   TOTAL_RADIANCE   INTEGRAL    TOTAL
                                       EMISSION     TOTAL RAD      SINGLE        TOTAL        DIRECT                                TRANS
 (CM-1) (MICRON)       (CM-1)  (MICRN)   (CM-1)   (CM-1)  (MICRN)   (CM-1)   (CM-1)  (MICRN)   (CM-1)   (CM-1)  (MICRN)

22500.00 .4444444    0.00E+00 0.00E+00 0.00E+00 1.41E-07 7.16E-03 2.53E-08 1.18E-08 5.97E-04 1.37E-10 1.53E-07 7.76E-03  3.03E-03 0.16566
22510.00 .4442470    0.00E+00 0.00E+00 0.00E+00 1.44E-07 7.30E-03 2.58E-08 1.20E-08 6.07E-04 1.38E-10 1.56E-07 7.91E-03  3.03E-03 0.16549
22520.00 .4440498    0.00E+00 0.00E+00 0.00E+00 1.54E-07 7.79E-03 2.75E-08 1.28E-08 6.48E-04 1.47E-10 1.66E-07 8.44E-03  3.03E-03 0.16541
22530.00 .4438526    0.00E+00 0.00E+00 0.00E+00 1.49E-07 7.58E-03 2.67E-08 1.24E-08 6.30E-04 1.42E-10 1.62E-07 8.21E-03  3.03E-03 0.16528
22540.00 .4436557    0.00E+00 0.00E+00 0.00E+00 1.40E-07 7.12E-03 2.51E-08 1.16E-08 5.90E-04 1.33E-10 1.52E-07 7.71E-03  3.03E-03 0.16512
22550.00 .4434590    0.00E+00 0.00E+00 0.00E+00 1.41E-07 7.19E-03 2.53E-08 1.17E-08 5.95E-04 1.34E-10 1.53E-07 7.78E-03  3.04E-03 0.16493
22560.00 .4432624    0.00E+00 0.00E+00 0.00E+00 1.44E-07 7.34E-03 2.59E-08 1.19E-08 6.06E-04 1.36E-10 1.56E-07 7.95E-03  3.04E-03 0.16463
22570.00 .4430661    0.00E+00 0.00E+00 0.00E+00 1.43E-07 7.26E-03 2.57E-08 1.17E-08 5.98E-04 1.33E-10 1.54E-07 7.86E-03  3.04E-03 0.16426
22580.00 .4428698    0.00E+00 0.00E+00 0.00E+00 1.44E-07 7.33E-03 2.60E-08 1.18E-08 6.01E-04 1.34E-10 1.56E-07 7.93E-03  3.04E-03 0.16394
22590.00 .4426737    0.00E+00 0.00E+00 0.00E+00 1.45E-07 7.41E-03 2.62E-08 1.19E-08 6.07E-04 1.34E-10 1.57E-07 8.02E-03  3.04E-03 0.16379
22600.00 .4424779    0.00E+00 0.00E+00 0.00E+00 1.46E-07 7.45E-03 2.63E-08 1.20E-08 6.10E-04 1.35E-10 1.58E-07 8.06E-03  3.04E-03 0.16389
22610.00 .4422821    0.00E+00 0.00E+00 0.00E+00 1.53E-07 7.80E-03 2.74E-08 1.25E-08 6.39E-04 1.40E-10 1.65E-07 8.44E-03  3.04E-03 0.16393
22620.00 .4420867    0.00E+00 0.00E+00 0.00E+00 1.58E-07 8.07E-03 2.83E-08 1.29E-08 6.60E-04 1.45E-10 1.71E-07 8.73E-03  3.05E-03 0.16382
22630.00 .4418913    0.00E+00 0.00E+00 0.00E+00 1.47E-07 7.52E-03 2.64E-08 1.20E-08 6.14E-04 1.34E-10 1.59E-07 8.14E-03  3.05E-03 0.16363
22640.00 .4416961    0.00E+00 0.00E+00 0.00E+00 1.33E-07 6.82E-03 2.39E-08 1.08E-08 5.56E-04 1.21E-10 1.44E-07 7.38E-03  3.05E-03 0.16345
22650.00 .4415011    0.00E+00 0.00E+00 0.00E+00 1.38E-07 7.10E-03 2.48E-08 1.12E-08 5.77E-04 1.25E-10 1.50E-07 7.67E-03  3.05E-03 0.16330
22660.00 .4413062    0.00E+00 0.00E+00 0.00E+00 1.50E-07 7.68E-03 2.69E-08 1.21E-08 6.24E-04 1.35E-10 1.62E-07 8.30E-03  3.05E-03 0.16317
22670.00 .4411117    0.00E+00 0.00E+00 0.00E+00 1.46E-07 7.51E-03 2.62E-08 1.19E-08 6.09E-04 1.31E-10 1.58E-07 8.12E-03  3.05E-03 0.16305
22680.00 .4409171    0.00E+00 0.00E+00 0.00E+00 1.35E-07 6.96E-03 2.43E-08 1.10E-08 5.64E-04 1.21E-10 1.46E-07 7.53E-03  3.06E-03 0.16291
22690.00 .4407228    0.00E+00 0.00E+00 0.00E+00 1.27E-07 6.53E-03 2.28E-08 1.03E-08 5.28E-04 1.13E-10 1.37E-07 7.06E-03  3.06E-03 0.16274
22700.00 .4405286    0.00E+00 0.00E+00 0.00E+00 1.27E-07 6.53E-03 2.28E-08 1.02E-08 5.27E-04 1.12E-10 1.37E-07 7.06E-03  3.06E-03 0.16257
22710.00 .4403346    0.00E+00 0.00E+00 0.00E+00 1.32E-07 6.83E-03 2.38E-08 1.07E-08 5.51E-04 1.17E-10 1.43E-07 7.38E-03  3.06E-03 0.16239
22720.00 .4401409    0.00E+00 0.00E+00 0.00E+00 1.35E-07 6.96E-03 2.42E-08 1.08E-08 5.60E-04 1.18E-10 1.46E-07 7.52E-03  3.06E-03 0.16221
22730.00 .4399472    0.00E+00 0.00E+00 0.00E+00 1.38E-07 7.11E-03 2.48E-08 1.10E-08 5.71E-04 1.20E-10 1.49E-07 7.68E-03  3.06E-03 0.16205
22740.00 .4397537    0.00E+00 0.00E+00 0.00E+00 1.37E-07 7.06E-03 2.46E-08 1.10E-08 5.66E-04 1.19E-10 1.48E-07 7.63E-03  3.06E-03 0.16189
22750.00 .4395604    0.00E+00 0.00E+00 0.00E+00 1.34E-07 6.92E-03 2.41E-08 1.07E-08 5.54E-04 1.16E-10 1.44E-07 7.48E-03  3.07E-03 0.16173
22760.00 .4393673    0.00E+00 0.00E+00 0.00E+00 1.32E-07 6.85E-03 2.38E-08 1.06E-08 5.48E-04 1.14E-10 1.43E-07 7.40E-03  3.07E-03 0.16156
22770.00 .4391744    0.00E+00 0.00E+00 0.00E+00 1.28E-07 6.61E-03 2.30E-08 1.02E-08 5.28E-04 1.09E-10 1.38E-07 7.14E-03  3.07E-03 0.16140
22780.00 .4389815    0.00E+00 0.00E+00 0.00E+00 1.27E-07 6.59E-03 2.29E-08 1.01E-08 5.25E-04 1.08E-10 1.37E-07 7.11E-03  3.07E-03 0.16124
22790.00 .4387890    0.00E+00 0.00E+00 0.00E+00 1.18E-07 6.15E-03 2.13E-08 9.41E-09 4.89E-04 1.01E-10 1.28E-07 6.64E-03  3.07E-03 0.16109
22800.00 .4385965    0.00E+00 0.00E+00 0.00E+00 9.88E-08 5.14E-03 1.78E-08 7.84E-09 4.08E-04 8.36E-11 1.07E-07 5.54E-03  3.07E-03 0.16094
22810.00 .4384042    0.00E+00 0.00E+00 0.00E+00 1.05E-07 5.46E-03 1.89E-08 8.31E-09 4.33E-04 8.83E-11 1.13E-07 5.89E-03  3.07E-03 0.16079
22820.00 .4382122    0.00E+00 0.00E+00 0.00E+00 1.33E-07 6.95E-03 2.41E-08 1.06E-08 5.50E-04 1.12E-10 1.44E-07 7.50E-03  3.07E-03 0.16063
22830.00 .4380201    0.00E+00 0.00E+00 0.00E+00 1.44E-07 7.51E-03 2.60E-08 1.14E-08 5.93E-04 1.20E-10 1.55E-07 8.10E-03  3.08E-03 0.16047
22840.00 .4378284    0.00E+00 0.00E+00 0.00E+00 1.34E-07 7.01E-03 2.43E-08 1.06E-08 5.53E-04 1.12E-10 1.45E-07 7.57E-03  3.08E-03 0.16030
22850.00 .4376368    0.00E+00 0.00E+00 0.00E+00 1.27E-07 6.64E-03 2.30E-08 1.00E-08 5.23E-04 1.05E-10 1.37E-07 7.16E-03  3.08E-03 0.16013
22860.00 .4374453    0.00E+00 0.00E+00 0.00E+00 1.30E-07 6.79E-03 2.35E-08 1.02E-08 5.34E-04 1.07E-10 1.40E-07 7.33E-03  3.08E-03 0.15997
22870.00 .4372541    0.00E+00 0.00E+00 0.00E+00 1.35E-07 7.05E-03 2.44E-08 1.06E-08 5.53E-04 1.10E-10 1.45E-07 7.60E-03  3.08E-03 0.15980
22880.00 .4370629    0.00E+00 0.00E+00 0.00E+00 1.36E-07 7.11E-03 2.46E-08 1.06E-08 5.57E-04 1.11E-10 1.46E-07 7.67E-03  3.08E-03 0.15963
22890.00 .4368720    0.00E+00 0.00E+00 0.00E+00 1.40E-07 7.33E-03 2.53E-08 1.09E-08 5.73E-04 1.14E-10 1.51E-07 7.90E-03  3.08E-03 0.15945
22900.00 .4366812    0.00E+00 0.00E+00 0.00E+00 1.48E-07 7.74E-03 2.67E-08 1.15E-08 6.04E-04 1.19E-10 1.59E-07 8.35E-03  3.09E-03 0.15928
22910.00 .4364906    0.00E+00 0.00E+00 0.00E+00 1.50E-07 7.86E-03 2.71E-08 1.17E-08 6.12E-04 1.21E-10 1.61E-07 8.47E-03  3.09E-03 0.15911
22920.00 .4363002    0.00E+00 0.00E+00 0.00E+00 1.45E-07 7.64E-03 2.64E-08 1.13E-08 5.94E-04 1.17E-10 1.57E-07 8.24E-03  3.09E-03 0.15894
22930.00 .4361099    0.00E+00 0.00E+00 0.00E+00 1.41E-07 7.39E-03 2.55E-08 1.09E-08 5.74E-04 1.12E-10 1.51E-07 7.96E-03  3.09E-03 0.15877
22940.00 .4359198    0.00E+00 0.00E+00 0.00E+00 1.40E-07 7.38E-03 2.54E-08 1.09E-08 5.72E-04 1.11E-10 1.51E-07 7.95E-03  3.09E-03 0.15861
22950.00 .4357299    0.00E+00 0.00E+00 0.00E+00 1.38E-07 7.27E-03 2.50E-08 1.07E-08 5.62E-04 1.09E-10 1.49E-07 7.83E-03  3.09E-03 0.15844
22960.00 .4355400    0.00E+00 0.00E+00 0.00E+00 1.25E-07 6.58E-03 2.26E-08 9.64E-09 5.08E-04 9.82E-11 1.34E-07 7.08E-03  3.10E-03 0.15827
22970.00 .4353505    0.00E+00 0.00E+00 0.00E+00 1.14E-07 6.01E-03 2.07E-08 8.78E-09 4.63E-04 8.92E-11 1.23E-07 6.47E-03  3.10E-03 0.15809
22980.00 .4351610    0.00E+00 0.00E+00 0.00E+00 1.20E-07 6.35E-03 2.18E-08 9.25E-09 4.89E-04 9.37E-11 1.29E-07 6.84E-03  3.10E-03 0.15792
22990.00 .4349717    0.00E+00 0.00E+00 0.00E+00 1.31E-07 6.93E-03 2.38E-08 1.01E-08 5.33E-04 1.02E-10 1.41E-07 7.47E-03  3.10E-03 0.15776

                                             RADIANCE(WATTS/CM2-STER-XXX)

  FREQ  WAVELENGTH     PATH_THERMAL    SURFACE      PATH_SCATTERED_SOLAR   GROUND_REFLECTED_RADIANCE   TOTAL_RADIANCE   INTEGRAL    TOTAL
                                       EMISSION     TOTAL RAD      SINGLE        TOTAL        DIRECT                                TRANS
 (CM-1) (MICRON)       (CM-1)  (MICRN)   (CM-1)   (CM-1)  (MICRN)   (CM-1)   (CM-1)  (MICRN)   (CM-1)   (CM-1)  (MICRN)

23000.00 .4347826    0.00E+00 0.00E+00 0.00E+00 1.35E-07 7.16E-03 2.46E-08 1.04E-08 5.49E-04 1.05E-10 1.46E-07 7.71E-03  3.10E-03 0.15760
23010.00 .4345936    0.00E+00 0.00E+00 0.00E+00 1.32E-07 6.98E-03 2.40E-08 1.01E-08 5.35E-04 1.01E-10 1.42E-07 7.52E-03  3.10E-03 0.15745
23020.00 .4344049    0.00E+00 0.00E+00 0.00E+00 1.16E-07 6.14E-03 2.11E-08 8.86E-09 4.69E-04 8.87E-11 1.25E-07 6.61E-03  3.10E-03 0.15729
23030.00 .4342162    0.00E+00 0.00E+00 0.00E+00 9.81E-08 5.20E-03 1.79E-08 7.49E-09 3.97E-04 7.48E-11 1.06E-07 5.60E-03  3.10E-03 0.15713
23040.00 .4340278    0.00E+00 0.00E+00 0.00E+00 9.99E-08 5.30E-03 1.82E-08 7.61E-09 4.04E-04 7.57E-11 1.07E-07 5.71E-03  3.11E-03 0.15696
23050.00 .4338395    0.00E+00 0.00E+00 0.00E+00 1.22E-07 6.46E-03 2.21E-08 9.24E-09 4.91E-04 9.18E-11 1.31E-07 6.95E-03  3.11E-03 0.15679
23060.00 .4336513    0.00E+00 0.00E+00 0.00E+00 1.41E-07 7.52E-03 2.58E-08 1.07E-08 5.71E-04 1.06E-10 1.52E-07 8.09E-03  3.11E-03 0.15663
23070.00 .4334635    0.00E+00 0.00E+00 0.00E+00 1.45E-07 7.74E-03 2.65E-08 1.10E-08 5.86E-04 1.09E-10 1.56E-07 8.32E-03  3.11E-03 0.15647
23080.00 .4332755    0.00E+00 0.00E+00 0.00E+00 1.43E-07 7.62E-03 2.61E-08 1.08E-08 5.77E-04 1.07E-10 1.54E-07 8.20E-03  3.11E-03 0.15630
23090.00 .4330879    0.00E+00 0.00E+00 0.00E+00 1.41E-07 7.50E-03 2.57E-08 1.06E-08 5.67E-04 1.04E-10 1.51E-07 8.07E-03  3.11E-03 0.15615
23100.00 .4329004    0.00E+00 0.00E+00 0.00E+00 1.22E-07 6.52E-03 2.23E-08 9.21E-09 4.92E-04 9.02E-11 1.31E-07 7.01E-03  3.11E-03 0.15599
23110.00 .4327131    0.00E+00 0.00E+00 0.00E+00 9.42E-08 5.03E-03 1.72E-08 7.09E-09 3.79E-04 6.93E-11 1.01E-07 5.41E-03  3.12E-03 0.15583
23120.00 .4325260    0.00E+00 0.00E+00 0.00E+00 9.73E-08 5.20E-03 1.78E-08 7.30E-09 3.90E-04 7.11E-11 1.05E-07 5.59E-03  3.12E-03 0.15567
23130.00 .4323389    0.00E+00 0.00E+00 0.00E+00 1.27E-07 6.78E-03 2.31E-08 9.50E-09 5.08E-04 9.21E-11 1.36E-07 7.28E-03  3.12E-03 0.15550
23140.00 .4321521    0.00E+00 0.00E+00 0.00E+00 1.46E-07 7.81E-03 2.67E-08 1.09E-08 5.85E-04 1.06E-10 1.57E-07 8.40E-03  3.12E-03 0.15534
23150.00 .4319654    0.00E+00 0.00E+00 0.00E+00 1.51E-07 8.11E-03 2.77E-08 1.13E-08 6.06E-04 1.09E-10 1.63E-07 8.72E-03  3.12E-03 0.15517
23160.00 .4317789    0.00E+00 0.00E+00 0.00E+00 1.43E-07 7.65E-03 2.61E-08 1.07E-08 5.71E-04 1.03E-10 1.53E-07 8.23E-03  3.12E-03 0.15500
23170.00 .4315926    0.00E+00 0.00E+00 0.00E+00 1.20E-07 6.44E-03 2.20E-08 8.94E-09 4.80E-04 8.59E-11 1.29E-07 6.92E-03  3.12E-03 0.15484
23180.00 .4314063    0.00E+00 0.00E+00 0.00E+00 9.57E-08 5.14E-03 1.75E-08 7.12E-09 3.83E-04 6.82E-11 1.03E-07 5.53E-03  3.12E-03 0.15467
23190.00 .4312204    0.00E+00 0.00E+00 0.00E+00 7.57E-08 4.07E-03 1.39E-08 5.62E-09 3.02E-04 5.36E-11 8.13E-08 4.37E-03  3.13E-03 0.15451
23200.00 .4310345    0.00E+00 0.00E+00 0.00E+00 6.64E-08 3.57E-03 1.22E-08 4.92E-09 2.65E-04 4.68E-11 7.13E-08 3.84E-03  3.13E-03 0.15434
23210.00 .4308487    0.00E+00 0.00E+00 0.00E+00 7.05E-08 3.80E-03 1.29E-08 5.22E-09 2.81E-04 4.95E-11 7.58E-08 4.08E-03  3.13E-03 0.15418
23220.00 .4306633    0.00E+00 0.00E+00 0.00E+00 7.48E-08 4.04E-03 1.37E-08 5.53E-09 2.98E-04 5.23E-11 8.04E-08 4.33E-03  3.13E-03 0.15401
23230.00 .4304778    0.00E+00 0.00E+00 0.00E+00 7.39E-08 3.99E-03 1.36E-08 5.45E-09 2.94E-04 5.14E-11 7.93E-08 4.28E-03  3.13E-03 0.15385
23240.00 .4302926    0.00E+00 0.00E+00 0.00E+00 7.22E-08 3.90E-03 1.32E-08 5.31E-09 2.87E-04 5.00E-11 7.75E-08 4.19E-03  3.13E-03 0.15370
23250.00 .4301075    0.00E+00 0.00E+00 0.00E+00 7.37E-08 3.99E-03 1.35E-08 5.42E-09 2.93E-04 5.08E-11 7.92E-08 4.28E-03  3.13E-03 0.15354
23260.00 .4299226    0.00E+00 0.00E+00 0.00E+00 8.70E-08 4.71E-03 1.60E-08 6.38E-09 3.45E-04 5.96E-11 9.34E-08 5.05E-03  3.13E-03 0.15339
23270.00 .4297379    0.00E+00 0.00E+00 0.00E+00 1.03E-07 5.60E-03 1.90E-08 7.57E-09 4.10E-04 7.05E-11 1.11E-07 6.01E-03  3.13E-03 0.15323
23280.00 .4295532    0.00E+00 0.00E+00 0.00E+00 1.10E-07 5.96E-03 2.02E-08 8.03E-09 4.35E-04 7.47E-11 1.18E-07 6.39E-03  3.13E-03 0.15307
23290.00 .4293688    0.00E+00 0.00E+00 0.00E+00 1.05E-07 5.72E-03 1.94E-08 7.69E-09 4.17E-04 7.13E-11 1.13E-07 6.13E-03  3.13E-03 0.15291
23300.00 .4291846    0.00E+00 0.00E+00 0.00E+00 9.78E-08 5.31E-03 1.80E-08 7.12E-09 3.87E-04 6.59E-11 1.05E-07 5.70E-03  3.14E-03 0.15274
23310.00 .4290004    0.00E+00 0.00E+00 0.00E+00 1.01E-07 5.49E-03 1.86E-08 7.35E-09 3.99E-04 6.77E-11 1.08E-07 5.89E-03  3.14E-03 0.15257
23320.00 .4288165    0.00E+00 0.00E+00 0.00E+00 1.09E-07 5.91E-03 2.00E-08 7.89E-09 4.29E-04 7.25E-11 1.17E-07 6.34E-03  3.14E-03 0.15241
23330.00 .4286326    0.00E+00 0.00E+00 0.00E+00 1.15E-07 6.25E-03 2.11E-08 8.32E-09 4.53E-04 7.62E-11 1.23E-07 6.70E-03  3.14E-03 0.15224
23340.00 .4284490    0.00E+00 0.00E+00 0.00E+00 1.19E-07 6.48E-03 2.19E-08 8.61E-09 4.69E-04 7.87E-11 1.28E-07 6.95E-03  3.14E-03 0.15207
23350.00 .4282655    0.00E+00 0.00E+00 0.00E+00 1.15E-07 6.29E-03 2.12E-08 8.33E-09 4.54E-04 7.59E-11 1.24E-07 6.74E-03  3.14E-03 0.15190
23360.00 .4280822    0.00E+00 0.00E+00 0.00E+00 1.17E-07 6.38E-03 2.16E-08 8.43E-09 4.60E-04 7.66E-11 1.25E-07 6.84E-03  3.14E-03 0.15174
23370.00 .4278991    0.00E+00 0.00E+00 0.00E+00 1.23E-07 6.72E-03 2.27E-08 8.86E-09 4.84E-04 8.03E-11 1.32E-07 7.21E-03  3.14E-03 0.15157
23380.00 .4277160    0.00E+00 0.00E+00 0.00E+00 1.16E-07 6.33E-03 2.14E-08 8.31E-09 4.54E-04 7.51E-11 1.24E-07 6.78E-03  3.15E-03 0.15141
23390.00 .4275331    0.00E+00 0.00E+00 0.00E+00 1.02E-07 5.57E-03 1.88E-08 7.30E-09 3.99E-04 6.58E-11 1.09E-07 5.97E-03  3.15E-03 0.15124
23400.00 .4273504    0.00E+00 0.00E+00 0.00E+00 9.59E-08 5.25E-03 1.77E-08 6.86E-09 3.76E-04 6.17E-11 1.03E-07 5.63E-03  3.15E-03 0.15108
23410.00 .4271678    0.00E+00 0.00E+00 0.00E+00 1.04E-07 5.69E-03 1.92E-08 7.42E-09 4.06E-04 6.64E-11 1.11E-07 6.10E-03  3.15E-03 0.15093
23420.00 .4269856    0.00E+00 0.00E+00 0.00E+00 1.19E-07 6.55E-03 2.21E-08 8.51E-09 4.67E-04 7.60E-11 1.28E-07 7.02E-03  3.15E-03 0.15077
23430.00 .4268032    0.00E+00 0.00E+00 0.00E+00 1.30E-07 7.11E-03 2.39E-08 9.22E-09 5.06E-04 8.21E-11 1.39E-07 7.62E-03  3.15E-03 0.15062
23440.00 .4266212    0.00E+00 0.00E+00 0.00E+00 1.35E-07 7.42E-03 2.50E-08 9.59E-09 5.27E-04 8.52E-11 1.45E-07 7.94E-03  3.15E-03 0.15046
23450.00 .4264392    0.00E+00 0.00E+00 0.00E+00 1.31E-07 7.22E-03 2.43E-08 9.31E-09 5.12E-04 8.25E-11 1.41E-07 7.73E-03  3.15E-03 0.15030
23460.00 .4262574    0.00E+00 0.00E+00 0.00E+00 1.13E-07 6.23E-03 2.10E-08 8.02E-09 4.42E-04 7.09E-11 1.21E-07 6.68E-03  3.16E-03 0.15014
23470.00 .4260759    0.00E+00 0.00E+00 0.00E+00 1.10E-07 6.07E-03 2.04E-08 7.79E-09 4.29E-04 6.86E-11 1.18E-07 6.50E-03  3.16E-03 0.14998
23480.00 .4258944    0.00E+00 0.00E+00 0.00E+00 1.26E-07 6.92E-03 2.32E-08 8.86E-09 4.88E-04 7.77E-11 1.34E-07 7.41E-03  3.16E-03 0.14982
23490.00 .4257131    0.00E+00 0.00E+00 0.00E+00 1.26E-07 6.94E-03 2.33E-08 8.87E-09 4.89E-04 7.76E-11 1.35E-07 7.43E-03  3.16E-03 0.14966

                                             RADIANCE(WATTS/CM2-STER-XXX)

  FREQ  WAVELENGTH     PATH_THERMAL    SURFACE      PATH_SCATTERED_SOLAR   GROUND_REFLECTED_RADIANCE   TOTAL_RADIANCE   INTEGRAL    TOTAL
                                       EMISSION     TOTAL RAD      SINGLE        TOTAL        DIRECT                                TRANS
 (CM-1) (MICRON)       (CM-1)  (MICRN)   (CM-1)   (CM-1)  (MICRN)   (CM-1)   (CM-1)  (MICRN)   (CM-1)   (CM-1)  (MICRN)

23500.00 .4255319    0.00E+00 0.00E+00 0.00E+00 1.23E-07 6.82E-03 2.29E-08 8.68E-09 4.79E-04 7.58E-11 1.32E-07 7.30E-03  3.16E-03 0.14949
23510.00 .4253509    0.00E+00 0.00E+00 0.00E+00 1.25E-07 6.93E-03 2.32E-08 8.80E-09 4.86E-04 7.66E-11 1.34E-07 7.41E-03  3.16E-03 0.14933
23520.00 .4251702    0.00E+00 0.00E+00 0.00E+00 1.14E-07 6.32E-03 2.12E-08 8.01E-09 4.43E-04 6.95E-11 1.22E-07 6.76E-03  3.16E-03 0.14917
23530.00 .4249894    0.00E+00 0.00E+00 0.00E+00 1.11E-07 6.12E-03 2.05E-08 7.74E-09 4.28E-04 6.69E-11 1.18E-07 6.55E-03  3.16E-03 0.14900
23540.00 .4248088    0.00E+00 0.00E+00 0.00E+00 1.23E-07 6.80E-03 2.28E-08 8.57E-09 4.75E-04 7.39E-11 1.31E-07 7.27E-03  3.17E-03 0.14883
23550.00 .4246284    0.00E+00 0.00E+00 0.00E+00 1.30E-07 7.23E-03 2.42E-08 9.09E-09 5.04E-04 7.82E-11 1.39E-07 7.73E-03  3.17E-03 0.14866
23560.00 .4244482    0.00E+00 0.00E+00 0.00E+00 1.30E-07 7.22E-03 2.42E-08 9.05E-09 5.02E-04 7.76E-11 1.39E-07 7.72E-03  3.17E-03 0.14851
23570.00 .4242682    0.00E+00 0.00E+00 0.00E+00 1.26E-07 7.01E-03 2.34E-08 8.76E-09 4.87E-04 7.49E-11 1.35E-07 7.49E-03  3.17E-03 0.14835
23580.00 .4240882    0.00E+00 0.00E+00 0.00E+00 1.19E-07 6.62E-03 2.21E-08 8.26E-09 4.59E-04 7.04E-11 1.27E-07 7.08E-03  3.17E-03 0.14819
23590.00 .4239084    0.00E+00 0.00E+00 0.00E+00 1.12E-07 6.22E-03 2.08E-08 7.74E-09 4.31E-04 6.58E-11 1.20E-07 6.66E-03  3.17E-03 0.14803
23600.00 .4237288    0.00E+00 0.00E+00 0.00E+00 1.13E-07 6.27E-03 2.09E-08 7.78E-09 4.33E-04 6.59E-11 1.20E-07 6.70E-03  3.17E-03 0.14788
23610.00 .4235493    0.00E+00 0.00E+00 0.00E+00 1.23E-07 6.87E-03 2.29E-08 8.50E-09 4.74E-04 7.18E-11 1.32E-07 7.34E-03  3.17E-03 0.14772
23620.00 .4233701    0.00E+00 0.00E+00 0.00E+00 1.30E-07 7.27E-03 2.43E-08 8.97E-09 5.01E-04 7.56E-11 1.39E-07 7.77E-03  3.18E-03 0.14756
23630.00 .4231909    0.00E+00 0.00E+00 0.00E+00 1.29E-07 7.22E-03 2.41E-08 8.89E-09 4.97E-04 7.47E-11 1.38E-07 7.72E-03  3.18E-03 0.14740
23640.00 .4230118    0.00E+00 0.00E+00 0.00E+00 1.13E-07 6.30E-03 2.10E-08 7.74E-09 4.33E-04 6.49E-11 1.20E-07 6.73E-03  3.18E-03 0.14724
23650.00 .4228330    0.00E+00 0.00E+00 0.00E+00 9.10E-08 5.09E-03 1.70E-08 6.23E-09 3.49E-04 5.21E-11 9.72E-08 5.44E-03  3.18E-03 0.14708
23660.00 .4226542    0.00E+00 0.00E+00 0.00E+00 9.80E-08 5.49E-03 1.83E-08 6.70E-09 3.75E-04 5.58E-11 1.05E-07 5.86E-03  3.18E-03 0.14692
23670.00 .4224758    0.00E+00 0.00E+00 0.00E+00 1.24E-07 6.96E-03 2.32E-08 8.47E-09 4.75E-04 7.03E-11 1.33E-07 7.43E-03  3.18E-03 0.14676
23680.00 .4222973    0.00E+00 0.00E+00 0.00E+00 1.39E-07 7.78E-03 2.59E-08 9.45E-09 5.30E-04 7.83E-11 1.48E-07 8.31E-03  3.18E-03 0.14660
23690.00 .4221191    0.00E+00 0.00E+00 0.00E+00 1.38E-07 7.75E-03 2.58E-08 9.39E-09 5.27E-04 7.75E-11 1.47E-07 8.27E-03  3.19E-03 0.14643
23700.00 .4219409    0.00E+00 0.00E+00 0.00E+00 1.30E-07 7.29E-03 2.42E-08 8.81E-09 4.95E-04 7.25E-11 1.39E-07 7.78E-03  3.19E-03 0.14628
23710.00 .4217629    0.00E+00 0.00E+00 0.00E+00 1.20E-07 6.77E-03 2.25E-08 8.16E-09 4.59E-04 6.70E-11 1.29E-07 7.23E-03  3.19E-03 0.14612
23720.00 .4215852    0.00E+00 0.00E+00 0.00E+00 1.21E-07 6.78E-03 2.25E-08 8.15E-09 4.59E-04 6.67E-11 1.29E-07 7.24E-03  3.19E-03 0.14597
23730.00 .4214075    0.00E+00 0.00E+00 0.00E+00 1.29E-07 7.26E-03 2.41E-08 8.70E-09 4.90E-04 7.10E-11 1.38E-07 7.75E-03  3.19E-03 0.14581
23740.00 .4212300    0.00E+00 0.00E+00 0.00E+00 1.36E-07 7.69E-03 2.55E-08 9.20E-09 5.18E-04 7.48E-11 1.46E-07 8.21E-03  3.19E-03 0.14564
23750.00 .4210526    0.00E+00 0.00E+00 0.00E+00 1.41E-07 7.95E-03 2.64E-08 9.49E-09 5.35E-04 7.69E-11 1.50E-07 8.49E-03  3.19E-03 0.14548
23760.00 .4208754    0.00E+00 0.00E+00 0.00E+00 1.40E-07 7.90E-03 2.62E-08 9.40E-09 5.30E-04 7.60E-11 1.49E-07 8.43E-03  3.20E-03 0.14533
23770.00 .4206984    0.00E+00 0.00E+00 0.00E+00 1.33E-07 7.53E-03 2.49E-08 8.93E-09 5.05E-04 7.20E-11 1.42E-07 8.03E-03  3.20E-03 0.14517
23780.00 .4205214    0.00E+00 0.00E+00 0.00E+00 1.21E-07 6.87E-03 2.27E-08 8.13E-09 4.60E-04 6.54E-11 1.30E-07 7.33E-03  3.20E-03 0.14501
23790.00 .4203447    0.00E+00 0.00E+00 0.00E+00 1.11E-07 6.27E-03 2.08E-08 7.41E-09 4.19E-04 5.94E-11 1.18E-07 6.69E-03  3.20E-03 0.14485
23800.00 .4201681    0.00E+00 0.00E+00 0.00E+00 1.08E-07 6.10E-03 2.02E-08 7.18E-09 4.07E-04 5.74E-11 1.15E-07 6.51E-03  3.20E-03 0.14469
23810.00 .4199916    0.00E+00 0.00E+00 0.00E+00 1.07E-07 6.06E-03 2.00E-08 7.12E-09 4.03E-04 5.67E-11 1.14E-07 6.46E-03  3.20E-03 0.14454
23820.00 .4198154    0.00E+00 0.00E+00 0.00E+00 1.07E-07 6.06E-03 2.00E-08 7.10E-09 4.03E-04 5.64E-11 1.14E-07 6.47E-03  3.20E-03 0.14438
23830.00 .4196391    0.00E+00 0.00E+00 0.00E+00 1.14E-07 6.47E-03 2.14E-08 7.56E-09 4.29E-04 5.98E-11 1.21E-07 6.90E-03  3.20E-03 0.14422
23840.00 .4194631    0.00E+00 0.00E+00 0.00E+00 1.26E-07 7.15E-03 2.36E-08 8.33E-09 4.74E-04 6.58E-11 1.34E-07 7.63E-03  3.20E-03 0.14406
23850.00 .4192872    0.00E+00 0.00E+00 0.00E+00 1.31E-07 7.44E-03 2.46E-08 8.65E-09 4.92E-04 6.81E-11 1.39E-07 7.93E-03  3.21E-03 0.14390
23860.00 .4191115    0.00E+00 0.00E+00 0.00E+00 1.28E-07 7.29E-03 2.40E-08 8.45E-09 4.81E-04 6.63E-11 1.36E-07 7.77E-03  3.21E-03 0.14374
23870.00 .4189360    0.00E+00 0.00E+00 0.00E+00 1.21E-07 6.92E-03 2.28E-08 8.00E-09 4.56E-04 6.26E-11 1.29E-07 7.38E-03  3.21E-03 0.14358
23880.00 .4187605    0.00E+00 0.00E+00 0.00E+00 1.21E-07 6.88E-03 2.27E-08 7.94E-09 4.53E-04 6.19E-11 1.29E-07 7.33E-03  3.21E-03 0.14342
23890.00 .4185852    0.00E+00 0.00E+00 0.00E+00 1.28E-07 7.30E-03 2.40E-08 8.39E-09 4.79E-04 6.53E-11 1.36E-07 7.77E-03  3.21E-03 0.14326
23900.00 .4184100    0.00E+00 0.00E+00 0.00E+00 1.29E-07 7.37E-03 2.43E-08 8.45E-09 4.83E-04 6.55E-11 1.37E-07 7.85E-03  3.21E-03 0.14310
23910.00 .4182350    0.00E+00 0.00E+00 0.00E+00 1.29E-07 7.40E-03 2.44E-08 8.47E-09 4.84E-04 6.54E-11 1.38E-07 7.88E-03  3.21E-03 0.14294
23920.00 .4180603    0.00E+00 0.00E+00 0.00E+00 1.31E-07 7.48E-03 2.46E-08 8.53E-09 4.88E-04 6.58E-11 1.39E-07 7.97E-03  3.22E-03 0.14279
23930.00 .4178855    0.00E+00 0.00E+00 0.00E+00 1.25E-07 7.14E-03 2.35E-08 8.12E-09 4.65E-04 6.24E-11 1.33E-07 7.60E-03  3.22E-03 0.14263
23940.00 .4177109    0.00E+00 0.00E+00 0.00E+00 1.19E-07 6.84E-03 2.25E-08 7.77E-09 4.45E-04 5.95E-11 1.27E-07 7.29E-03  3.22E-03 0.14247
23950.00 .4175365    0.00E+00 0.00E+00 0.00E+00 1.15E-07 6.61E-03 2.17E-08 7.48E-09 4.29E-04 5.71E-11 1.23E-07 7.04E-03  3.22E-03 0.14232
23960.00 .4173622    0.00E+00 0.00E+00 0.00E+00 1.16E-07 6.65E-03 2.18E-08 7.51E-09 4.31E-04 5.72E-11 1.23E-07 7.08E-03  3.22E-03 0.14216
23970.00 .4171882    0.00E+00 0.00E+00 0.00E+00 1.26E-07 7.24E-03 2.37E-08 8.15E-09 4.68E-04 6.19E-11 1.34E-07 7.71E-03  3.22E-03 0.14201
23980.00 .4170142    0.00E+00 0.00E+00 0.00E+00 1.29E-07 7.44E-03 2.44E-08 8.36E-09 4.81E-04 6.33E-11 1.38E-07 7.92E-03  3.22E-03 0.14184
23990.00 .4168403    0.00E+00 0.00E+00 0.00E+00 1.30E-07 7.46E-03 2.45E-08 8.36E-09 4.81E-04 6.31E-11 1.38E-07 7.94E-03  3.22E-03 0.14167

                                             RADIANCE(WATTS/CM2-STER-XXX)

  FREQ  WAVELENGTH     PATH_THERMAL    SURFACE      PATH_SCATTERED_SOLAR   GROUND_REFLECTED_RADIANCE   TOTAL_RADIANCE   INTEGRAL    TOTAL
                                       EMISSION     TOTAL RAD      SINGLE        TOTAL        DIRECT                                TRANS
 (CM-1) (MICRON)       (CM-1)  (MICRN)   (CM-1)   (CM-1)  (MICRN)   (CM-1)   (CM-1)  (MICRN)   (CM-1)   (CM-1)  (MICRN)

24000.00 .4166667    0.00E+00 0.00E+00 0.00E+00 1.37E-07 7.90E-03 2.59E-08 8.82E-09 5.08E-04 6.64E-11 1.46E-07 8.41E-03  3.23E-03 0.14152
24010.00 .4164931    0.00E+00 0.00E+00 0.00E+00 1.41E-07 8.13E-03 2.66E-08 9.06E-09 5.22E-04 6.80E-11 1.50E-07 8.65E-03  3.23E-03 0.14138
24020.00 .4163198    0.00E+00 0.00E+00 0.00E+00 1.41E-07 8.16E-03 2.67E-08 9.07E-09 5.23E-04 6.79E-11 1.51E-07 8.69E-03  3.23E-03 0.14123
24030.00 .4161465    0.00E+00 0.00E+00 0.00E+00 1.41E-07 8.11E-03 2.65E-08 9.00E-09 5.19E-04 6.71E-11 1.50E-07 8.63E-03  3.23E-03 0.14107
24040.00 .4159734    0.00E+00 0.00E+00 0.00E+00 1.35E-07 7.78E-03 2.54E-08 8.60E-09 4.97E-04 6.39E-11 1.43E-07 8.27E-03  3.23E-03 0.14091
24050.00 .4158004    0.00E+00 0.00E+00 0.00E+00 1.29E-07 7.46E-03 2.44E-08 8.23E-09 4.76E-04 6.10E-11 1.37E-07 7.94E-03  3.23E-03 0.14076
24060.00 .4156276    0.00E+00 0.00E+00 0.00E+00 1.27E-07 7.34E-03 2.40E-08 8.08E-09 4.68E-04 5.97E-11 1.35E-07 7.81E-03  3.24E-03 0.14060
24070.00 .4154550    0.00E+00 0.00E+00 0.00E+00 1.30E-07 7.55E-03 2.47E-08 8.29E-09 4.80E-04 6.11E-11 1.39E-07 8.04E-03  3.24E-03 0.14045
24080.00 .4152824    0.00E+00 0.00E+00 0.00E+00 1.33E-07 7.73E-03 2.52E-08 8.46E-09 4.91E-04 6.21E-11 1.42E-07 8.22E-03  3.24E-03 0.14028
24090.00 .4151100    0.00E+00 0.00E+00 0.00E+00 1.31E-07 7.58E-03 2.47E-08 8.28E-09 4.80E-04 6.06E-11 1.39E-07 8.06E-03  3.24E-03 0.14013
24100.00 .4149378    0.00E+00 0.00E+00 0.00E+00 1.33E-07 7.71E-03 2.51E-08 8.40E-09 4.88E-04 6.13E-11 1.41E-07 8.20E-03  3.24E-03 0.13997
24110.00 .4147656    0.00E+00 0.00E+00 0.00E+00 1.32E-07 7.70E-03 2.51E-08 8.36E-09 4.86E-04 6.09E-11 1.41E-07 8.18E-03  3.24E-03 0.13982
24120.00 .4145938    0.00E+00 0.00E+00 0.00E+00 1.19E-07 6.94E-03 2.26E-08 7.51E-09 4.37E-04 5.45E-11 1.27E-07 7.38E-03  3.24E-03 0.13966
24130.00 .4144219    0.00E+00 0.00E+00 0.00E+00 1.13E-07 6.57E-03 2.14E-08 7.09E-09 4.13E-04 5.13E-11 1.20E-07 6.98E-03  3.24E-03 0.13950
24140.00 .4142502    0.00E+00 0.00E+00 0.00E+00 1.25E-07 7.26E-03 2.36E-08 7.82E-09 4.56E-04 5.64E-11 1.32E-07 7.72E-03  3.25E-03 0.13935
24150.00 .4140787    0.00E+00 0.00E+00 0.00E+00 1.36E-07 7.93E-03 2.58E-08 8.52E-09 4.97E-04 6.13E-11 1.44E-07 8.43E-03  3.25E-03 0.13919
24160.00 .4139073    0.00E+00 0.00E+00 0.00E+00 1.37E-07 8.02E-03 2.61E-08 8.60E-09 5.02E-04 6.16E-11 1.46E-07 8.52E-03  3.25E-03 0.13903
24170.00 .4137361    0.00E+00 0.00E+00 0.00E+00 1.30E-07 7.57E-03 2.46E-08 8.09E-09 4.73E-04 5.79E-11 1.38E-07 8.05E-03  3.25E-03 0.13886
24180.00 .4135649    0.00E+00 0.00E+00 0.00E+00 1.15E-07 6.75E-03 2.19E-08 7.19E-09 4.21E-04 5.13E-11 1.23E-07 7.17E-03  3.25E-03 0.13870
24190.00 .4133940    0.00E+00 0.00E+00 0.00E+00 1.13E-07 6.58E-03 2.14E-08 7.00E-09 4.10E-04 4.97E-11 1.20E-07 6.99E-03  3.25E-03 0.13854
24200.00 .4132231    0.00E+00 0.00E+00 0.00E+00 1.22E-07 7.13E-03 2.31E-08 7.56E-09 4.43E-04 5.35E-11 1.29E-07 7.57E-03  3.25E-03 0.13839
24210.00 .4130524    0.00E+00 0.00E+00 0.00E+00 1.26E-07 7.37E-03 2.39E-08 7.79E-09 4.57E-04 5.50E-11 1.33E-07 7.82E-03  3.26E-03 0.13824
24220.00 .4128820    0.00E+00 0.00E+00 0.00E+00 1.26E-07 7.39E-03 2.40E-08 7.80E-09 4.57E-04 5.49E-11 1.34E-07 7.85E-03  3.26E-03 0.13809
24230.00 .4127115    0.00E+00 0.00E+00 0.00E+00 1.31E-07 7.67E-03 2.48E-08 8.07E-09 4.74E-04 5.66E-11 1.39E-07 8.14E-03  3.26E-03 0.13794
24240.00 .4125412    0.00E+00 0.00E+00 0.00E+00 1.31E-07 7.71E-03 2.50E-08 8.09E-09 4.75E-04 5.66E-11 1.39E-07 8.19E-03  3.26E-03 0.13779
24250.00 .4123711    0.00E+00 0.00E+00 0.00E+00 1.30E-07 7.66E-03 2.48E-08 8.01E-09 4.71E-04 5.59E-11 1.38E-07 8.13E-03  3.26E-03 0.13764
24260.00 .4122011    0.00E+00 0.00E+00 0.00E+00 1.33E-07 7.82E-03 2.53E-08 8.17E-09 4.81E-04 5.68E-11 1.41E-07 8.31E-03  3.26E-03 0.13749
24270.00 .4120314    0.00E+00 0.00E+00 0.00E+00 1.35E-07 7.98E-03 2.58E-08 8.30E-09 4.89E-04 5.76E-11 1.44E-07 8.47E-03  3.26E-03 0.13734
24280.00 .4118616    0.00E+00 0.00E+00 0.00E+00 1.40E-07 8.26E-03 2.67E-08 8.57E-09 5.05E-04 5.92E-11 1.49E-07 8.76E-03  3.27E-03 0.13718
24290.00 .4116921    0.00E+00 0.00E+00 0.00E+00 1.42E-07 8.40E-03 2.71E-08 8.70E-09 5.13E-04 5.99E-11 1.51E-07 8.91E-03  3.27E-03 0.13703
24300.00 .4115226    0.00E+00 0.00E+00 0.00E+00 1.37E-07 8.12E-03 2.62E-08 8.38E-09 4.95E-04 5.76E-11 1.46E-07 8.61E-03  3.27E-03 0.13687
24310.00 .4113533    0.00E+00 0.00E+00 0.00E+00 1.33E-07 7.86E-03 2.54E-08 8.10E-09 4.79E-04 5.55E-11 1.41E-07 8.34E-03  3.27E-03 0.13672
24320.00 .4111843    0.00E+00 0.00E+00 0.00E+00 1.33E-07 7.87E-03 2.54E-08 8.09E-09 4.78E-04 5.52E-11 1.41E-07 8.35E-03  3.27E-03 0.13656
24330.00 .4110152    0.00E+00 0.00E+00 0.00E+00 1.32E-07 7.80E-03 2.52E-08 8.00E-09 4.73E-04 5.44E-11 1.40E-07 8.28E-03  3.27E-03 0.13640
24340.00 .4108464    0.00E+00 0.00E+00 0.00E+00 1.30E-07 7.69E-03 2.48E-08 7.86E-09 4.65E-04 5.33E-11 1.38E-07 8.15E-03  3.27E-03 0.13624
24350.00 .4106776    0.00E+00 0.00E+00 0.00E+00 1.25E-07 7.43E-03 2.39E-08 7.57E-09 4.49E-04 5.13E-11 1.33E-07 7.88E-03  3.27E-03 0.13608
24360.00 .4105090    0.00E+00 0.00E+00 0.00E+00 1.09E-07 6.49E-03 2.09E-08 6.60E-09 3.92E-04 4.45E-11 1.16E-07 6.88E-03  3.28E-03 0.13593
24370.00 .4103406    0.00E+00 0.00E+00 0.00E+00 9.26E-08 5.50E-03 1.77E-08 5.57E-09 3.31E-04 3.75E-11 9.81E-08 5.83E-03  3.28E-03 0.13577
24380.00 .4101723    0.00E+00 0.00E+00 0.00E+00 9.62E-08 5.72E-03 1.84E-08 5.78E-09 3.44E-04 3.87E-11 1.02E-07 6.06E-03  3.28E-03 0.13562
24390.00 .4100041    0.00E+00 0.00E+00 0.00E+00 1.12E-07 6.64E-03 2.13E-08 6.69E-09 3.98E-04 4.47E-11 1.18E-07 7.03E-03  3.28E-03 0.13548
24400.00 .4098361    0.00E+00 0.00E+00 0.00E+00 1.19E-07 7.09E-03 2.28E-08 7.14E-09 4.25E-04 4.75E-11 1.26E-07 7.52E-03  3.28E-03 0.13532
24410.00 .4096681    0.00E+00 0.00E+00 0.00E+00 1.29E-07 7.67E-03 2.46E-08 7.69E-09 4.58E-04 5.11E-11 1.36E-07 8.13E-03  3.28E-03 0.13516
24420.00 .4095005    0.00E+00 0.00E+00 0.00E+00 1.38E-07 8.21E-03 2.64E-08 8.22E-09 4.90E-04 5.44E-11 1.46E-07 8.70E-03  3.28E-03 0.13501
24430.00 .4093328    0.00E+00 0.00E+00 0.00E+00 1.35E-07 8.06E-03 2.59E-08 8.05E-09 4.80E-04 5.31E-11 1.43E-07 8.54E-03  3.28E-03 0.13485
24440.00 .4091653    0.00E+00 0.00E+00 0.00E+00 1.36E-07 8.15E-03 2.61E-08 8.11E-09 4.85E-04 5.34E-11 1.45E-07 8.64E-03  3.29E-03 0.13470
24450.00 .4089980    0.00E+00 0.00E+00 0.00E+00 1.40E-07 8.36E-03 2.68E-08 8.30E-09 4.96E-04 5.44E-11 1.48E-07 8.86E-03  3.29E-03 0.13454
24460.00 .4088307    0.00E+00 0.00E+00 0.00E+00 1.33E-07 7.93E-03 2.54E-08 7.85E-09 4.70E-04 5.13E-11 1.40E-07 8.40E-03  3.29E-03 0.13439
24470.00 .4086637    0.00E+00 0.00E+00 0.00E+00 1.21E-07 7.22E-03 2.31E-08 7.13E-09 4.27E-04 4.65E-11 1.28E-07 7.65E-03  3.29E-03 0.13423
24480.00 .4084967    0.00E+00 0.00E+00 0.00E+00 1.19E-07 7.13E-03 2.28E-08 7.02E-09 4.21E-04 4.56E-11 1.26E-07 7.55E-03  3.29E-03 0.13407
24490.00 .4083299    0.00E+00 0.00E+00 0.00E+00 1.29E-07 7.76E-03 2.48E-08 7.62E-09 4.57E-04 4.94E-11 1.37E-07 8.22E-03  3.29E-03 0.13392

                                             RADIANCE(WATTS/CM2-STER-XXX)

  FREQ  WAVELENGTH     PATH_THERMAL    SURFACE      PATH_SCATTERED_SOLAR   GROUND_REFLECTED_RADIANCE   TOTAL_RADIANCE   INTEGRAL    TOTAL
                                       EMISSION     TOTAL RAD      SINGLE        TOTAL        DIRECT                                TRANS
 (CM-1) (MICRON)       (CM-1)  (MICRN)   (CM-1)   (CM-1)  (MICRN)   (CM-1)   (CM-1)  (MICRN)   (CM-1)   (CM-1)  (MICRN)

24500.00 .4081633    0.00E+00 0.00E+00 0.00E+00 1.30E-07 7.80E-03 2.49E-08 7.64E-09 4.59E-04 4.94E-11 1.38E-07 8.26E-03  3.29E-03 0.13377
24510.00 .4079967    0.00E+00 0.00E+00 0.00E+00 1.12E-07 6.71E-03 2.14E-08 6.56E-09 3.94E-04 4.22E-11 1.18E-07 7.11E-03  3.30E-03 0.13362
24520.00 .4078304    0.00E+00 0.00E+00 0.00E+00 1.03E-07 6.18E-03 1.97E-08 6.02E-09 3.62E-04 3.86E-11 1.09E-07 6.54E-03  3.30E-03 0.13348
24530.00 .4076641    0.00E+00 0.00E+00 0.00E+00 1.17E-07 7.07E-03 2.26E-08 6.87E-09 4.13E-04 4.39E-11 1.24E-07 7.48E-03  3.30E-03 0.13333
24540.00 .4074980    0.00E+00 0.00E+00 0.00E+00 1.21E-07 7.30E-03 2.33E-08 7.08E-09 4.26E-04 4.52E-11 1.28E-07 7.73E-03  3.30E-03 0.13318
24550.00 .4073320    0.00E+00 0.00E+00 0.00E+00 1.07E-07 6.47E-03 2.06E-08 6.25E-09 3.77E-04 3.98E-11 1.14E-07 6.84E-03  3.30E-03 0.13303
24560.00 .4071661    0.00E+00 0.00E+00 0.00E+00 1.09E-07 6.60E-03 2.10E-08 6.36E-09 3.84E-04 4.03E-11 1.16E-07 6.98E-03  3.30E-03 0.13288
24570.00 .4070005    0.00E+00 0.00E+00 0.00E+00 1.17E-07 7.08E-03 2.26E-08 6.81E-09 4.11E-04 4.30E-11 1.24E-07 7.50E-03  3.30E-03 0.13273
24580.00 .4068348    0.00E+00 0.00E+00 0.00E+00 1.14E-07 6.90E-03 2.20E-08 6.62E-09 4.00E-04 4.17E-11 1.21E-07 7.30E-03  3.30E-03 0.13257
24590.00 .4066694    0.00E+00 0.00E+00 0.00E+00 1.04E-07 6.31E-03 2.01E-08 6.03E-09 3.65E-04 3.79E-11 1.10E-07 6.67E-03  3.31E-03 0.13242
24600.00 .4065041    0.00E+00 0.00E+00 0.00E+00 9.79E-08 5.92E-03 1.88E-08 5.65E-09 3.42E-04 3.54E-11 1.04E-07 6.27E-03  3.31E-03 0.13226
24610.00 .4063388    0.00E+00 0.00E+00 0.00E+00 1.15E-07 6.94E-03 2.21E-08 6.60E-09 4.00E-04 4.12E-11 1.21E-07 7.34E-03  3.31E-03 0.13210
24620.00 .4061739    0.00E+00 0.00E+00 0.00E+00 1.31E-07 7.91E-03 2.52E-08 7.51E-09 4.55E-04 4.67E-11 1.38E-07 8.37E-03  3.31E-03 0.13195
24630.00 .4060089    0.00E+00 0.00E+00 0.00E+00 1.23E-07 7.44E-03 2.36E-08 7.05E-09 4.27E-04 4.37E-11 1.30E-07 7.87E-03  3.31E-03 0.13180
24640.00 .4058442    0.00E+00 0.00E+00 0.00E+00 1.13E-07 6.85E-03 2.17E-08 6.46E-09 3.92E-04 4.00E-11 1.19E-07 7.24E-03  3.31E-03 0.13165
24650.00 .4056795    0.00E+00 0.00E+00 0.00E+00 1.12E-07 6.84E-03 2.17E-08 6.43E-09 3.91E-04 3.97E-11 1.19E-07 7.23E-03  3.31E-03 0.13149
24660.00 .4055150    0.00E+00 0.00E+00 0.00E+00 1.19E-07 7.24E-03 2.30E-08 6.80E-09 4.14E-04 4.18E-11 1.26E-07 7.66E-03  3.31E-03 0.13134
24670.00 .4053507    0.00E+00 0.00E+00 0.00E+00 1.29E-07 7.86E-03 2.49E-08 7.36E-09 4.48E-04 4.51E-11 1.37E-07 8.31E-03  3.31E-03 0.13118
24680.00 .4051864    0.00E+00 0.00E+00 0.00E+00 1.33E-07 8.12E-03 2.58E-08 7.59E-09 4.62E-04 4.63E-11 1.41E-07 8.59E-03  3.32E-03 0.13102
24690.00 .4050223    0.00E+00 0.00E+00 0.00E+00 1.26E-07 7.66E-03 2.43E-08 7.14E-09 4.35E-04 4.35E-11 1.33E-07 8.10E-03  3.32E-03 0.13087
24700.00 .4048583    0.00E+00 0.00E+00 0.00E+00 1.06E-07 6.49E-03 2.05E-08 6.03E-09 3.68E-04 3.66E-11 1.12E-07 6.85E-03  3.32E-03 0.13073
24710.00 .4046944    0.00E+00 0.00E+00 0.00E+00 9.01E-08 5.50E-03 1.74E-08 5.10E-09 3.11E-04 3.08E-11 9.52E-08 5.81E-03  3.32E-03 0.13058
24720.00 .4045308    0.00E+00 0.00E+00 0.00E+00 1.01E-07 6.16E-03 1.95E-08 5.69E-09 3.48E-04 3.43E-11 1.07E-07 6.51E-03  3.32E-03 0.13043
24730.00 .4043672    0.00E+00 0.00E+00 0.00E+00 1.16E-07 7.12E-03 2.25E-08 6.56E-09 4.01E-04 3.94E-11 1.23E-07 7.52E-03  3.32E-03 0.13028
24740.00 .4042037    0.00E+00 0.00E+00 0.00E+00 1.19E-07 7.27E-03 2.30E-08 6.68E-09 4.09E-04 4.00E-11 1.25E-07 7.68E-03  3.32E-03 0.13013
24750.00 .4040404    0.00E+00 0.00E+00 0.00E+00 1.28E-07 7.85E-03 2.48E-08 7.19E-09 4.41E-04 4.29E-11 1.35E-07 8.29E-03  3.32E-03 0.12997
24760.00 .4038772    0.00E+00 0.00E+00 0.00E+00 1.36E-07 8.35E-03 2.64E-08 7.64E-09 4.68E-04 4.55E-11 1.44E-07 8.82E-03  3.33E-03 0.12982
24770.00 .4037142    0.00E+00 0.00E+00 0.00E+00 1.28E-07 7.86E-03 2.48E-08 7.17E-09 4.40E-04 4.26E-11 1.35E-07 8.30E-03  3.33E-03 0.12967
24780.00 .4035513    0.00E+00 0.00E+00 0.00E+00 1.16E-07 7.11E-03 2.24E-08 6.47E-09 3.97E-04 3.83E-11 1.22E-07 7.51E-03  3.33E-03 0.12953
24790.00 .4033885    0.00E+00 0.00E+00 0.00E+00 1.07E-07 6.60E-03 2.08E-08 5.99E-09 3.68E-04 3.53E-11 1.13E-07 6.97E-03  3.33E-03 0.12938
24800.00 .4032258    0.00E+00 0.00E+00 0.00E+00 1.08E-07 6.67E-03 2.10E-08 6.03E-09 3.71E-04 3.54E-11 1.14E-07 7.04E-03  3.33E-03 0.12923
24810.00 .4030632    0.00E+00 0.00E+00 0.00E+00 1.22E-07 7.49E-03 2.36E-08 6.76E-09 4.16E-04 3.96E-11 1.28E-07 7.90E-03  3.33E-03 0.12908
24820.00 .4029010    0.00E+00 0.00E+00 0.00E+00 1.28E-07 7.89E-03 2.48E-08 7.10E-09 4.38E-04 4.15E-11 1.35E-07 8.33E-03  3.33E-03 0.12893
24830.00 .4027386    0.00E+00 0.00E+00 0.00E+00 1.22E-07 7.54E-03 2.37E-08 6.76E-09 4.17E-04 3.94E-11 1.29E-07 7.95E-03  3.33E-03 0.12877
24840.00 .4025765    0.00E+00 0.00E+00 0.00E+00 1.19E-07 7.32E-03 2.30E-08 6.55E-09 4.04E-04 3.80E-11 1.25E-07 7.72E-03  3.34E-03 0.12862
24850.00 .4024145    0.00E+00 0.00E+00 0.00E+00 1.23E-07 7.58E-03 2.38E-08 6.77E-09 4.18E-04 3.91E-11 1.30E-07 8.00E-03  3.34E-03 0.12847
24860.00 .4022526    0.00E+00 0.00E+00 0.00E+00 1.27E-07 7.84E-03 2.46E-08 6.98E-09 4.32E-04 4.03E-11 1.34E-07 8.27E-03  3.34E-03 0.12832
24870.00 .4020909    0.00E+00 0.00E+00 0.00E+00 1.24E-07 7.65E-03 2.40E-08 6.79E-09 4.20E-04 3.91E-11 1.30E-07 8.07E-03  3.34E-03 0.12817
24880.00 .4019293    0.00E+00 0.00E+00 0.00E+00 1.18E-07 7.29E-03 2.29E-08 6.45E-09 4.00E-04 3.70E-11 1.24E-07 7.69E-03  3.34E-03 0.12801
24890.00 .4017678    0.00E+00 0.00E+00 0.00E+00 1.20E-07 7.42E-03 2.33E-08 6.55E-09 4.06E-04 3.74E-11 1.26E-07 7.82E-03  3.34E-03 0.12786
24900.00 .4016064    0.00E+00 0.00E+00 0.00E+00 1.25E-07 7.73E-03 2.42E-08 6.81E-09 4.22E-04 3.88E-11 1.32E-07 8.15E-03  3.34E-03 0.12771
24910.00 .4014452    0.00E+00 0.00E+00 0.00E+00 1.21E-07 7.51E-03 2.35E-08 6.60E-09 4.10E-04 3.75E-11 1.28E-07 7.92E-03  3.35E-03 0.12756
24920.00 .4012842    0.00E+00 0.00E+00 0.00E+00 1.19E-07 7.37E-03 2.31E-08 6.46E-09 4.01E-04 3.65E-11 1.25E-07 7.77E-03  3.35E-03 0.12741
24930.00 .4011231    0.00E+00 0.00E+00 0.00E+00 1.26E-07 7.84E-03 2.45E-08 6.85E-09 4.26E-04 3.86E-11 1.33E-07 8.26E-03  3.35E-03 0.12725
24940.00 .4009623    0.00E+00 0.00E+00 0.00E+00 1.27E-07 7.92E-03 2.48E-08 6.90E-09 4.29E-04 3.88E-11 1.34E-07 8.35E-03  3.35E-03 0.12709
24950.00 .4008016    0.00E+00 0.00E+00 0.00E+00 1.12E-07 7.00E-03 2.19E-08 6.08E-09 3.79E-04 3.41E-11 1.18E-07 7.37E-03  3.35E-03 0.12694
24960.00 .4006410    0.00E+00 0.00E+00 0.00E+00 1.09E-07 6.76E-03 2.11E-08 5.86E-09 3.65E-04 3.27E-11 1.14E-07 7.13E-03  3.35E-03 0.12679
24970.00 .4004806    0.00E+00 0.00E+00 0.00E+00 1.26E-07 7.87E-03 2.46E-08 6.80E-09 4.24E-04 3.78E-11 1.33E-07 8.29E-03  3.35E-03 0.12665
24980.00 .4003203    0.00E+00 0.00E+00 0.00E+00 1.33E-07 8.27E-03 2.58E-08 7.13E-09 4.45E-04 3.96E-11 1.40E-07 8.72E-03  3.35E-03 0.12648
24990.00 .4001601    0.00E+00 0.00E+00 0.00E+00 1.24E-07 7.74E-03 2.42E-08 6.65E-09 4.15E-04 3.68E-11 1.31E-07 8.15E-03  3.36E-03 0.12633

                                             RADIANCE(WATTS/CM2-STER-XXX)

  FREQ  WAVELENGTH     PATH_THERMAL    SURFACE      PATH_SCATTERED_SOLAR   GROUND_REFLECTED_RADIANCE   TOTAL_RADIANCE   INTEGRAL    TOTAL
                                       EMISSION     TOTAL RAD      SINGLE        TOTAL        DIRECT                                TRANS
 (CM-1) (MICRON)       (CM-1)  (MICRN)   (CM-1)   (CM-1)  (MICRN)   (CM-1)   (CM-1)  (MICRN)   (CM-1)   (CM-1)  (MICRN)

25000.00 .4000000    0.00E+00 0.00E+00 0.00E+00 1.15E-07 7.18E-03 2.24E-08 6.16E-09 3.85E-04 3.40E-11 1.21E-07 7.56E-03  3.36E-03 0.12619
25010.00 .3998400    0.00E+00 0.00E+00 0.00E+00 1.09E-07 6.79E-03 2.12E-08 5.81E-09 3.63E-04 3.19E-11 1.14E-07 7.15E-03  3.36E-03 0.12603
25020.00 .3996803    0.00E+00 0.00E+00 0.00E+00 1.11E-07 6.92E-03 2.16E-08 5.90E-09 3.70E-04 3.23E-11 1.17E-07 7.29E-03  3.36E-03 0.12588
25030.00 .3995206    0.00E+00 0.00E+00 0.00E+00 1.21E-07 7.56E-03 2.36E-08 6.43E-09 4.03E-04 3.51E-11 1.27E-07 7.96E-03  3.36E-03 0.12575
25040.00 .3993610    0.00E+00 0.00E+00 0.00E+00 1.27E-07 7.94E-03 2.47E-08 6.73E-09 4.22E-04 3.67E-11 1.33E-07 8.36E-03  3.36E-03 0.12561
25050.00 .3992016    0.00E+00 0.00E+00 0.00E+00 1.22E-07 7.63E-03 2.37E-08 6.46E-09 4.05E-04 3.50E-11 1.28E-07 8.03E-03  3.36E-03 0.12545
25060.00 .3990423    0.00E+00 0.00E+00 0.00E+00 1.20E-07 7.52E-03 2.34E-08 6.34E-09 3.98E-04 3.43E-11 1.26E-07 7.91E-03  3.36E-03 0.12530
25070.00 .3988832    0.00E+00 0.00E+00 0.00E+00 1.20E-07 7.57E-03 2.35E-08 6.37E-09 4.00E-04 3.43E-11 1.27E-07 7.97E-03  3.37E-03 0.12516
25080.00 .3987241    0.00E+00 0.00E+00 0.00E+00 1.14E-07 7.16E-03 2.22E-08 6.01E-09 3.78E-04 3.23E-11 1.20E-07 7.54E-03  3.37E-03 0.12501
25090.00 .3985652    0.00E+00 0.00E+00 0.00E+00 1.08E-07 6.78E-03 2.11E-08 5.67E-09 3.57E-04 3.04E-11 1.13E-07 7.14E-03  3.37E-03 0.12485
25100.00 .3984064    0.00E+00 0.00E+00 0.00E+00 1.05E-07 6.63E-03 2.06E-08 5.53E-09 3.49E-04 2.95E-11 1.11E-07 6.98E-03  3.37E-03 0.12469
25110.00 .3982477    0.00E+00 0.00E+00 0.00E+00 1.08E-07 6.79E-03 2.11E-08 5.65E-09 3.56E-04 3.01E-11 1.13E-07 7.14E-03  3.37E-03 0.12455
25120.00 .3980892    0.00E+00 0.00E+00 0.00E+00 1.11E-07 6.99E-03 2.17E-08 5.80E-09 3.66E-04 3.08E-11 1.17E-07 7.35E-03  3.37E-03 0.12441
25130.00 .3979308    0.00E+00 0.00E+00 0.00E+00 1.05E-07 6.60E-03 2.05E-08 5.47E-09 3.46E-04 2.89E-11 1.10E-07 6.95E-03  3.37E-03 0.12428
25140.00 .3977725    0.00E+00 0.00E+00 0.00E+00 9.25E-08 5.85E-03 1.81E-08 4.83E-09 3.05E-04 2.55E-11 9.73E-08 6.15E-03  3.37E-03 0.12413
25150.00 .3976143    0.00E+00 0.00E+00 0.00E+00 7.74E-08 4.89E-03 1.52E-08 4.03E-09 2.55E-04 2.12E-11 8.14E-08 5.15E-03  3.37E-03 0.12396
25160.00 .3974563    0.00E+00 0.00E+00 0.00E+00 6.09E-08 3.85E-03 1.19E-08 3.17E-09 2.00E-04 1.66E-11 6.41E-08 4.05E-03  3.37E-03 0.12376
25170.00 .3972984    0.00E+00 0.00E+00 0.00E+00 4.50E-08 2.85E-03 8.84E-09 2.34E-09 1.48E-04 1.22E-11 4.74E-08 3.00E-03  3.38E-03 0.12359
25180.00 .3971406    0.00E+00 0.00E+00 0.00E+00 2.83E-08 1.79E-03 5.55E-09 1.47E-09 9.29E-05 7.63E-12 2.97E-08 1.89E-03  3.38E-03 0.12349
25190.00 .3969829    0.00E+00 0.00E+00 0.00E+00 1.82E-08 1.16E-03 3.57E-09 9.42E-10 5.98E-05 4.89E-12 1.92E-08 1.22E-03  3.38E-03 0.12338
25200.00 .3968254    0.00E+00 0.00E+00 0.00E+00 2.45E-08 1.56E-03 4.81E-09 1.27E-09 8.03E-05 6.53E-12 2.58E-08 1.64E-03  3.38E-03 0.12325
25210.00 .3966680    0.00E+00 0.00E+00 0.00E+00 4.13E-08 2.63E-03 8.11E-09 2.13E-09 1.35E-04 1.10E-11 4.35E-08 2.76E-03  3.38E-03 0.12310
25220.00 .3965108    0.00E+00 0.00E+00 0.00E+00 5.38E-08 3.42E-03 1.06E-08 2.76E-09 1.76E-04 1.42E-11 5.65E-08 3.60E-03  3.38E-03 0.12295
25230.00 .3963535    0.00E+00 0.00E+00 0.00E+00 6.08E-08 3.87E-03 1.19E-08 3.12E-09 1.99E-04 1.60E-11 6.40E-08 4.07E-03  3.38E-03 0.12282
25240.00 .3961965    0.00E+00 0.00E+00 0.00E+00 7.79E-08 4.96E-03 1.53E-08 3.99E-09 2.54E-04 2.04E-11 8.19E-08 5.22E-03  3.38E-03 0.12268
25250.00 .3960396    0.00E+00 0.00E+00 0.00E+00 9.63E-08 6.14E-03 1.89E-08 4.92E-09 3.14E-04 2.50E-11 1.01E-07 6.45E-03  3.38E-03 0.12253
25260.00 .3958828    0.00E+00 0.00E+00 0.00E+00 9.63E-08 6.15E-03 1.89E-08 4.92E-09 3.14E-04 2.49E-11 1.01E-07 6.46E-03  3.38E-03 0.12238
25270.00 .3957262    0.00E+00 0.00E+00 0.00E+00 9.67E-08 6.17E-03 1.90E-08 4.93E-09 3.15E-04 2.49E-11 1.02E-07 6.49E-03  3.38E-03 0.12224
25280.00 .3955696    0.00E+00 0.00E+00 0.00E+00 9.90E-08 6.33E-03 1.95E-08 5.04E-09 3.22E-04 2.54E-11 1.04E-07 6.65E-03  3.38E-03 0.12209
25290.00 .3954132    0.00E+00 0.00E+00 0.00E+00 9.30E-08 5.95E-03 1.83E-08 4.72E-09 3.02E-04 2.37E-11 9.77E-08 6.25E-03  3.38E-03 0.12194
25300.00 .3952569    0.00E+00 0.00E+00 0.00E+00 9.39E-08 6.01E-03 1.85E-08 4.76E-09 3.05E-04 2.38E-11 9.87E-08 6.32E-03  3.38E-03 0.12180
25310.00 .3951007    0.00E+00 0.00E+00 0.00E+00 9.35E-08 5.99E-03 1.84E-08 4.73E-09 3.03E-04 2.36E-11 9.82E-08 6.29E-03  3.39E-03 0.12166
25320.00 .3949448    0.00E+00 0.00E+00 0.00E+00 8.91E-08 5.71E-03 1.75E-08 4.50E-09 2.88E-04 2.24E-11 9.36E-08 6.00E-03  3.39E-03 0.12151
25330.00 .3947888    0.00E+00 0.00E+00 0.00E+00 8.89E-08 5.71E-03 1.75E-08 4.48E-09 2.88E-04 2.22E-11 9.34E-08 5.99E-03  3.39E-03 0.12137
25340.00 .3946330    0.00E+00 0.00E+00 0.00E+00 8.04E-08 5.16E-03 1.58E-08 4.05E-09 2.60E-04 2.00E-11 8.45E-08 5.42E-03  3.39E-03 0.12122
25350.00 .3944773    0.00E+00 0.00E+00 0.00E+00 7.08E-08 4.55E-03 1.39E-08 3.55E-09 2.28E-04 1.75E-11 7.43E-08 4.78E-03  3.39E-03 0.12108
25360.00 .3943217    0.00E+00 0.00E+00 0.00E+00 7.07E-08 4.55E-03 1.39E-08 3.54E-09 2.28E-04 1.74E-11 7.42E-08 4.77E-03  3.39E-03 0.12093
25370.00 .3941664    0.00E+00 0.00E+00 0.00E+00 6.87E-08 4.42E-03 1.35E-08 3.44E-09 2.21E-04 1.68E-11 7.22E-08 4.64E-03  3.39E-03 0.12078
25380.00 .3940110    0.00E+00 0.00E+00 0.00E+00 5.74E-08 3.70E-03 1.13E-08 2.86E-09 1.85E-04 1.40E-11 6.02E-08 3.88E-03  3.39E-03 0.12064
25390.00 .3938558    0.00E+00 0.00E+00 0.00E+00 4.10E-08 2.65E-03 8.09E-09 2.05E-09 1.32E-04 9.94E-12 4.31E-08 2.78E-03  3.39E-03 0.12049
25400.00 .3937008    0.00E+00 0.00E+00 0.00E+00 2.58E-08 1.66E-03 5.08E-09 1.28E-09 8.27E-05 6.21E-12 2.71E-08 1.75E-03  3.39E-03 0.12034
25410.00 .3935458    0.00E+00 0.00E+00 0.00E+00 1.60E-08 1.04E-03 3.16E-09 7.96E-10 5.14E-05 3.84E-12 1.68E-08 1.09E-03  3.39E-03 0.12020
25420.00 .3933911    0.00E+00 0.00E+00 0.00E+00 1.65E-08 1.07E-03 3.26E-09 8.19E-10 5.29E-05 3.94E-12 1.74E-08 1.12E-03  3.39E-03 0.12005
25430.00 .3932363    0.00E+00 0.00E+00 0.00E+00 2.56E-08 1.66E-03 5.06E-09 1.27E-09 8.19E-05 6.07E-12 2.69E-08 1.74E-03  3.39E-03 0.11991
25440.00 .3930818    0.00E+00 0.00E+00 0.00E+00 3.57E-08 2.31E-03 7.05E-09 1.76E-09 1.14E-04 8.41E-12 3.75E-08 2.42E-03  3.39E-03 0.11976
25450.00 .3929273    0.00E+00 0.00E+00 0.00E+00 4.81E-08 3.12E-03 9.51E-09 2.37E-09 1.54E-04 1.13E-11 5.05E-08 3.27E-03  3.39E-03 0.11961
25460.00 .3927729    0.00E+00 0.00E+00 0.00E+00 6.60E-08 4.28E-03 1.30E-08 3.24E-09 2.10E-04 1.54E-11 6.92E-08 4.49E-03  3.39E-03 0.11946
25470.00 .3926188    0.00E+00 0.00E+00 0.00E+00 7.95E-08 5.16E-03 1.57E-08 3.90E-09 2.53E-04 1.84E-11 8.34E-08 5.41E-03  3.39E-03 0.11932
25480.00 .3924647    0.00E+00 0.00E+00 0.00E+00 8.08E-08 5.24E-03 1.60E-08 3.96E-09 2.57E-04 1.87E-11 8.47E-08 5.50E-03  3.40E-03 0.11917
25490.00 .3923107    0.00E+00 0.00E+00 0.00E+00 7.37E-08 4.79E-03 1.46E-08 3.60E-09 2.34E-04 1.69E-11 7.73E-08 5.02E-03  3.40E-03 0.11903

                                             RADIANCE(WATTS/CM2-STER-XXX)

  FREQ  WAVELENGTH     PATH_THERMAL    SURFACE      PATH_SCATTERED_SOLAR   GROUND_REFLECTED_RADIANCE   TOTAL_RADIANCE   INTEGRAL    TOTAL
                                       EMISSION     TOTAL RAD      SINGLE        TOTAL        DIRECT                                TRANS
 (CM-1) (MICRON)       (CM-1)  (MICRN)   (CM-1)   (CM-1)  (MICRN)   (CM-1)   (CM-1)  (MICRN)   (CM-1)   (CM-1)  (MICRN)

25500.00 .3921569    0.00E+00 0.00E+00 0.00E+00 7.20E-08 4.68E-03 1.42E-08 3.51E-09 2.28E-04 1.64E-11 7.55E-08 4.91E-03  3.40E-03 0.11888
25510.00 .3920031    0.00E+00 0.00E+00 0.00E+00 8.40E-08 5.47E-03 1.66E-08 4.09E-09 2.66E-04 1.91E-11 8.81E-08 5.73E-03  3.40E-03 0.11874
25520.00 .3918496    0.00E+00 0.00E+00 0.00E+00 9.66E-08 6.29E-03 1.91E-08 4.70E-09 3.06E-04 2.18E-11 1.01E-07 6.60E-03  3.40E-03 0.11859
25530.00 .3916960    0.00E+00 0.00E+00 0.00E+00 9.98E-08 6.51E-03 1.98E-08 4.84E-09 3.16E-04 2.25E-11 1.05E-07 6.82E-03  3.40E-03 0.11844
25540.00 .3915427    0.00E+00 0.00E+00 0.00E+00 1.03E-07 6.70E-03 2.03E-08 4.97E-09 3.25E-04 2.30E-11 1.08E-07 7.03E-03  3.40E-03 0.11830
25550.00 .3913894    0.00E+00 0.00E+00 0.00E+00 1.07E-07 7.02E-03 2.13E-08 5.19E-09 3.39E-04 2.39E-11 1.13E-07 7.36E-03  3.40E-03 0.11816
25560.00 .3912363    0.00E+00 0.00E+00 0.00E+00 1.06E-07 6.90E-03 2.09E-08 5.10E-09 3.33E-04 2.34E-11 1.11E-07 7.24E-03  3.40E-03 0.11801
25570.00 .3910834    0.00E+00 0.00E+00 0.00E+00 1.03E-07 6.73E-03 2.04E-08 4.96E-09 3.24E-04 2.27E-11 1.08E-07 7.06E-03  3.40E-03 0.11787
25580.00 .3909304    0.00E+00 0.00E+00 0.00E+00 9.83E-08 6.43E-03 1.95E-08 4.72E-09 3.09E-04 2.15E-11 1.03E-07 6.74E-03  3.41E-03 0.11773
25590.00 .3907776    0.00E+00 0.00E+00 0.00E+00 8.60E-08 5.63E-03 1.70E-08 4.12E-09 2.70E-04 1.88E-11 9.01E-08 5.90E-03  3.41E-03 0.11758
25600.00 .3906250    0.00E+00 0.00E+00 0.00E+00 7.66E-08 5.02E-03 1.52E-08 3.67E-09 2.40E-04 1.66E-11 8.03E-08 5.26E-03  3.41E-03 0.11744
25610.00 .3904724    0.00E+00 0.00E+00 0.00E+00 7.71E-08 5.06E-03 1.53E-08 3.68E-09 2.41E-04 1.66E-11 8.08E-08 5.30E-03  3.41E-03 0.11729
25620.00 .3903201    0.00E+00 0.00E+00 0.00E+00 8.51E-08 5.59E-03 1.69E-08 4.06E-09 2.66E-04 1.83E-11 8.92E-08 5.85E-03  3.41E-03 0.11715
25630.00 .3901678    0.00E+00 0.00E+00 0.00E+00 8.92E-08 5.86E-03 1.77E-08 4.25E-09 2.79E-04 1.90E-11 9.35E-08 6.14E-03  3.41E-03 0.11701
25640.00 .3900156    0.00E+00 0.00E+00 0.00E+00 8.99E-08 5.91E-03 1.78E-08 4.27E-09 2.81E-04 1.91E-11 9.42E-08 6.19E-03  3.41E-03 0.11686
25650.00 .3898636    0.00E+00 0.00E+00 0.00E+00 9.27E-08 6.10E-03 1.84E-08 4.39E-09 2.89E-04 1.96E-11 9.71E-08 6.39E-03  3.41E-03 0.11672
25660.00 .3897116    0.00E+00 0.00E+00 0.00E+00 9.02E-08 5.94E-03 1.79E-08 4.27E-09 2.81E-04 1.90E-11 9.45E-08 6.22E-03  3.41E-03 0.11658
25670.00 .3895599    0.00E+00 0.00E+00 0.00E+00 8.75E-08 5.77E-03 1.74E-08 4.13E-09 2.72E-04 1.83E-11 9.16E-08 6.04E-03  3.41E-03 0.11643
25680.00 .3894081    0.00E+00 0.00E+00 0.00E+00 9.07E-08 5.98E-03 1.80E-08 4.28E-09 2.82E-04 1.89E-11 9.50E-08 6.27E-03  3.41E-03 0.11629
25690.00 .3892565    0.00E+00 0.00E+00 0.00E+00 8.70E-08 5.74E-03 1.73E-08 4.09E-09 2.70E-04 1.80E-11 9.11E-08 6.01E-03  3.42E-03 0.11614
25700.00 .3891051    0.00E+00 0.00E+00 0.00E+00 7.02E-08 4.64E-03 1.40E-08 3.30E-09 2.18E-04 1.45E-11 7.35E-08 4.86E-03  3.42E-03 0.11600
25710.00 .3889537    0.00E+00 0.00E+00 0.00E+00 5.60E-08 3.70E-03 1.11E-08 2.63E-09 1.74E-04 1.15E-11 5.86E-08 3.88E-03  3.42E-03 0.11585
25720.00 .3888026    0.00E+00 0.00E+00 0.00E+00 5.28E-08 3.49E-03 1.05E-08 2.47E-09 1.63E-04 1.07E-11 5.53E-08 3.66E-03  3.42E-03 0.11571
25730.00 .3886514    0.00E+00 0.00E+00 0.00E+00 6.19E-08 4.10E-03 1.23E-08 2.89E-09 1.91E-04 1.25E-11 6.48E-08 4.29E-03  3.42E-03 0.11557
25740.00 .3885004    0.00E+00 0.00E+00 0.00E+00 6.63E-08 4.39E-03 1.32E-08 3.09E-09 2.05E-04 1.34E-11 6.94E-08 4.60E-03  3.42E-03 0.11543
25750.00 .3883495    0.00E+00 0.00E+00 0.00E+00 5.72E-08 3.79E-03 1.14E-08 2.66E-09 1.76E-04 1.15E-11 5.99E-08 3.97E-03  3.42E-03 0.11529
25760.00 .3881987    0.00E+00 0.00E+00 0.00E+00 5.64E-08 3.74E-03 1.12E-08 2.62E-09 1.74E-04 1.12E-11 5.90E-08 3.92E-03  3.42E-03 0.11514
25770.00 .3880482    0.00E+00 0.00E+00 0.00E+00 5.63E-08 3.74E-03 1.12E-08 2.61E-09 1.73E-04 1.12E-11 5.89E-08 3.91E-03  3.42E-03 0.11500
25780.00 .3878976    0.00E+00 0.00E+00 0.00E+00 5.64E-08 3.75E-03 1.12E-08 2.60E-09 1.73E-04 1.11E-11 5.90E-08 3.92E-03  3.42E-03 0.11486
25790.00 .3877472    0.00E+00 0.00E+00 0.00E+00 7.00E-08 4.66E-03 1.39E-08 3.23E-09 2.15E-04 1.37E-11 7.32E-08 4.87E-03  3.42E-03 0.11471
25800.00 .3875969    0.00E+00 0.00E+00 0.00E+00 7.53E-08 5.01E-03 1.50E-08 3.47E-09 2.31E-04 1.47E-11 7.87E-08 5.24E-03  3.42E-03 0.11457
25810.00 .3874467    0.00E+00 0.00E+00 0.00E+00 6.08E-08 4.05E-03 1.21E-08 2.80E-09 1.86E-04 1.18E-11 6.36E-08 4.24E-03  3.42E-03 0.11443
25820.00 .3872967    0.00E+00 0.00E+00 0.00E+00 4.65E-08 3.10E-03 9.28E-09 2.14E-09 1.42E-04 8.99E-12 4.87E-08 3.24E-03  3.42E-03 0.11429
25830.00 .3871467    0.00E+00 0.00E+00 0.00E+00 4.99E-08 3.33E-03 9.94E-09 2.28E-09 1.52E-04 9.56E-12 5.21E-08 3.48E-03  3.42E-03 0.11415
25840.00 .3869969    0.00E+00 0.00E+00 0.00E+00 6.37E-08 4.25E-03 1.27E-08 2.91E-09 1.94E-04 1.22E-11 6.66E-08 4.45E-03  3.42E-03 0.11401
25850.00 .3868472    0.00E+00 0.00E+00 0.00E+00 7.20E-08 4.81E-03 1.44E-08 3.28E-09 2.19E-04 1.37E-11 7.53E-08 5.03E-03  3.43E-03 0.11386
25860.00 .3866976    0.00E+00 0.00E+00 0.00E+00 7.51E-08 5.02E-03 1.50E-08 3.42E-09 2.29E-04 1.42E-11 7.85E-08 5.25E-03  3.43E-03 0.11373
25870.00 .3865482    0.00E+00 0.00E+00 0.00E+00 7.94E-08 5.31E-03 1.58E-08 3.61E-09 2.41E-04 1.49E-11 8.30E-08 5.55E-03  3.43E-03 0.11359
25880.00 .3863988    0.00E+00 0.00E+00 0.00E+00 7.42E-08 4.97E-03 1.48E-08 3.37E-09 2.26E-04 1.39E-11 7.76E-08 5.20E-03  3.43E-03 0.11345
25890.00 .3862495    0.00E+00 0.00E+00 0.00E+00 5.31E-08 3.56E-03 1.06E-08 2.40E-09 1.61E-04 9.88E-12 5.55E-08 3.72E-03  3.43E-03 0.11330
25900.00 .3861004    0.00E+00 0.00E+00 0.00E+00 3.80E-08 2.55E-03 7.59E-09 1.72E-09 1.15E-04 7.03E-12 3.97E-08 2.67E-03  3.43E-03 0.11316
25910.00 .3859513    0.00E+00 0.00E+00 0.00E+00 4.40E-08 2.95E-03 8.79E-09 1.98E-09 1.33E-04 8.08E-12 4.60E-08 3.09E-03  3.43E-03 0.11301
25920.00 .3858025    0.00E+00 0.00E+00 0.00E+00 5.58E-08 3.75E-03 1.11E-08 2.51E-09 1.69E-04 1.02E-11 5.83E-08 3.92E-03  3.43E-03 0.11287
25930.00 .3856537    0.00E+00 0.00E+00 0.00E+00 6.14E-08 4.13E-03 1.23E-08 2.75E-09 1.85E-04 1.12E-11 6.41E-08 4.31E-03  3.43E-03 0.11272
25940.00 .3855050    0.00E+00 0.00E+00 0.00E+00 6.63E-08 4.46E-03 1.33E-08 2.97E-09 2.00E-04 1.20E-11 6.92E-08 4.66E-03  3.43E-03 0.11258
25950.00 .3853565    0.00E+00 0.00E+00 0.00E+00 6.96E-08 4.69E-03 1.39E-08 3.11E-09 2.10E-04 1.25E-11 7.27E-08 4.90E-03  3.43E-03 0.11244
25960.00 .3852080    0.00E+00 0.00E+00 0.00E+00 6.55E-08 4.41E-03 1.31E-08 2.92E-09 1.97E-04 1.17E-11 6.84E-08 4.61E-03  3.43E-03 0.11230
25970.00 .3850597    0.00E+00 0.00E+00 0.00E+00 6.66E-08 4.49E-03 1.33E-08 2.97E-09 2.00E-04 1.19E-11 6.96E-08 4.69E-03  3.43E-03 0.11216
25980.00 .3849115    0.00E+00 0.00E+00 0.00E+00 7.32E-08 4.94E-03 1.46E-08 3.25E-09 2.20E-04 1.30E-11 7.64E-08 5.16E-03  3.43E-03 0.11201
25990.00 .3847634    0.00E+00 0.00E+00 0.00E+00 7.25E-08 4.90E-03 1.45E-08 3.22E-09 2.17E-04 1.28E-11 7.57E-08 5.12E-03  3.43E-03 0.11187

                                             RADIANCE(WATTS/CM2-STER-XXX)

  FREQ  WAVELENGTH     PATH_THERMAL    SURFACE      PATH_SCATTERED_SOLAR   GROUND_REFLECTED_RADIANCE   TOTAL_RADIANCE   INTEGRAL    TOTAL
                                       EMISSION     TOTAL RAD      SINGLE        TOTAL        DIRECT                                TRANS
 (CM-1) (MICRON)       (CM-1)  (MICRN)   (CM-1)   (CM-1)  (MICRN)   (CM-1)   (CM-1)  (MICRN)   (CM-1)   (CM-1)  (MICRN)

26000.00 .3846154    0.00E+00 0.00E+00 0.00E+00 7.07E-08 4.78E-03 1.42E-08 3.13E-09 2.12E-04 1.24E-11 7.38E-08 4.99E-03  3.44E-03 0.11173
26010.00 .3844675    0.00E+00 0.00E+00 0.00E+00 6.89E-08 4.66E-03 1.38E-08 3.05E-09 2.06E-04 1.20E-11 7.19E-08 4.87E-03  3.44E-03 0.11158
26020.00 .3843198    0.00E+00 0.00E+00 0.00E+00 5.81E-08 3.93E-03 1.16E-08 2.56E-09 1.74E-04 1.01E-11 6.07E-08 4.11E-03  3.44E-03 0.11144
26030.00 .3841721    0.00E+00 0.00E+00 0.00E+00 4.29E-08 2.91E-03 8.61E-09 1.89E-09 1.28E-04 7.41E-12 4.48E-08 3.04E-03  3.44E-03 0.11130
26040.00 .3840246    0.00E+00 0.00E+00 0.00E+00 3.79E-08 2.57E-03 7.60E-09 1.66E-09 1.13E-04 6.49E-12 3.95E-08 2.68E-03  3.44E-03 0.11115
26050.00 .3838772    0.00E+00 0.00E+00 0.00E+00 4.31E-08 2.93E-03 8.66E-09 1.89E-09 1.28E-04 7.35E-12 4.50E-08 3.06E-03  3.44E-03 0.11101
26060.00 .3837298    0.00E+00 0.00E+00 0.00E+00 4.63E-08 3.15E-03 9.30E-09 2.03E-09 1.38E-04 7.86E-12 4.84E-08 3.29E-03  3.44E-03 0.11086
26070.00 .3835827    0.00E+00 0.00E+00 0.00E+00 4.09E-08 2.78E-03 8.22E-09 1.79E-09 1.22E-04 6.91E-12 4.27E-08 2.90E-03  3.44E-03 0.11072
26080.00 .3834356    0.00E+00 0.00E+00 0.00E+00 3.62E-08 2.46E-03 7.27E-09 1.58E-09 1.07E-04 6.07E-12 3.77E-08 2.57E-03  3.44E-03 0.11057
26090.00 .3832886    0.00E+00 0.00E+00 0.00E+00 4.32E-08 2.94E-03 8.68E-09 1.88E-09 1.28E-04 7.20E-12 4.50E-08 3.07E-03  3.44E-03 0.11042
26100.00 .3831418    0.00E+00 0.00E+00 0.00E+00 5.20E-08 3.54E-03 1.05E-08 2.26E-09 1.54E-04 8.63E-12 5.43E-08 3.70E-03  3.44E-03 0.11027
26110.00 .3829950    0.00E+00 0.00E+00 0.00E+00 4.98E-08 3.40E-03 1.00E-08 2.16E-09 1.47E-04 8.23E-12 5.20E-08 3.54E-03  3.44E-03 0.11013
26120.00 .3828484    0.00E+00 0.00E+00 0.00E+00 4.19E-08 2.86E-03 8.43E-09 1.81E-09 1.24E-04 6.88E-12 4.37E-08 2.98E-03  3.44E-03 0.10998
26130.00 .3827019    0.00E+00 0.00E+00 0.00E+00 3.76E-08 2.56E-03 7.56E-09 1.62E-09 1.11E-04 6.13E-12 3.92E-08 2.67E-03  3.44E-03 0.10983
26140.00 .3825555    0.00E+00 0.00E+00 0.00E+00 4.69E-08 3.20E-03 9.45E-09 2.02E-09 1.38E-04 7.60E-12 4.89E-08 3.34E-03  3.44E-03 0.10968
26150.00 .3824092    0.00E+00 0.00E+00 0.00E+00 5.86E-08 4.01E-03 1.18E-08 2.52E-09 1.72E-04 9.46E-12 6.11E-08 4.18E-03  3.44E-03 0.10952
26160.00 .3822630    0.00E+00 0.00E+00 0.00E+00 5.11E-08 3.50E-03 1.03E-08 2.19E-09 1.50E-04 8.22E-12 5.33E-08 3.65E-03  3.44E-03 0.10937
26170.00 .3821170    0.00E+00 0.00E+00 0.00E+00 4.92E-08 3.37E-03 9.93E-09 2.10E-09 1.44E-04 7.85E-12 5.13E-08 3.51E-03  3.44E-03 0.10921
26180.00 .3819710    0.00E+00 0.00E+00 0.00E+00 6.73E-08 4.61E-03 1.36E-08 2.87E-09 1.97E-04 1.07E-11 7.02E-08 4.81E-03  3.44E-03 0.10906
26190.00 .3818251    0.00E+00 0.00E+00 0.00E+00 6.98E-08 4.78E-03 1.41E-08 2.97E-09 2.04E-04 1.10E-11 7.27E-08 4.99E-03  3.45E-03 0.10891
26200.00 .3816794    0.00E+00 0.00E+00 0.00E+00 5.78E-08 3.97E-03 1.17E-08 2.46E-09 1.69E-04 9.08E-12 6.02E-08 4.14E-03  3.45E-03 0.10875
26210.00 .3815337    0.00E+00 0.00E+00 0.00E+00 5.92E-08 4.07E-03 1.20E-08 2.51E-09 1.73E-04 9.25E-12 6.18E-08 4.24E-03  3.45E-03 0.10860
26220.00 .3813883    0.00E+00 0.00E+00 0.00E+00 6.95E-08 4.78E-03 1.41E-08 2.94E-09 2.02E-04 1.08E-11 7.24E-08 4.98E-03  3.45E-03 0.10844
26230.00 .3812428    0.00E+00 0.00E+00 0.00E+00 8.22E-08 5.65E-03 1.66E-08 3.47E-09 2.39E-04 1.27E-11 8.56E-08 5.89E-03  3.45E-03 0.10829
26240.00 .3810976    0.00E+00 0.00E+00 0.00E+00 9.02E-08 6.21E-03 1.83E-08 3.80E-09 2.62E-04 1.39E-11 9.40E-08 6.47E-03  3.45E-03 0.10814
26250.00 .3809524    0.00E+00 0.00E+00 0.00E+00 8.24E-08 5.68E-03 1.67E-08 3.47E-09 2.39E-04 1.26E-11 8.59E-08 5.92E-03  3.45E-03 0.10799
26260.00 .3808073    0.00E+00 0.00E+00 0.00E+00 7.46E-08 5.15E-03 1.51E-08 3.13E-09 2.16E-04 1.13E-11 7.78E-08 5.36E-03  3.45E-03 0.10784
26270.00 .3806624    0.00E+00 0.00E+00 0.00E+00 8.50E-08 5.87E-03 1.73E-08 3.56E-09 2.46E-04 1.28E-11 8.86E-08 6.11E-03  3.45E-03 0.10769
26280.00 .3805175    0.00E+00 0.00E+00 0.00E+00 9.57E-08 6.61E-03 1.94E-08 4.00E-09 2.76E-04 1.44E-11 9.97E-08 6.89E-03  3.45E-03 0.10755
26290.00 .3803728    0.00E+00 0.00E+00 0.00E+00 9.18E-08 6.35E-03 1.86E-08 3.83E-09 2.65E-04 1.37E-11 9.57E-08 6.61E-03  3.45E-03 0.10740
26300.00 .3802281    0.00E+00 0.00E+00 0.00E+00 8.09E-08 5.59E-03 1.64E-08 3.37E-09 2.33E-04 1.20E-11 8.43E-08 5.83E-03  3.45E-03 0.10726
26310.00 .3800836    0.00E+00 0.00E+00 0.00E+00 6.45E-08 4.46E-03 1.31E-08 2.68E-09 1.86E-04 9.54E-12 6.72E-08 4.65E-03  3.46E-03 0.10712
26320.00 .3799393    0.00E+00 0.00E+00 0.00E+00 5.48E-08 3.79E-03 1.11E-08 2.27E-09 1.57E-04 8.05E-12 5.70E-08 3.95E-03  3.46E-03 0.10698
26330.00 .3797949    0.00E+00 0.00E+00 0.00E+00 6.07E-08 4.21E-03 1.23E-08 2.51E-09 1.74E-04 8.87E-12 6.32E-08 4.38E-03  3.46E-03 0.10685
26340.00 .3796507    0.00E+00 0.00E+00 0.00E+00 6.48E-08 4.50E-03 1.32E-08 2.68E-09 1.86E-04 9.43E-12 6.75E-08 4.68E-03  3.46E-03 0.10672
26350.00 .3795066    0.00E+00 0.00E+00 0.00E+00 6.60E-08 4.58E-03 1.34E-08 2.72E-09 1.89E-04 9.54E-12 6.87E-08 4.77E-03  3.46E-03 0.10659
26360.00 .3793626    0.00E+00 0.00E+00 0.00E+00 7.19E-08 5.00E-03 1.46E-08 2.96E-09 2.06E-04 1.03E-11 7.49E-08 5.20E-03  3.46E-03 0.10646
26370.00 .3792189    0.00E+00 0.00E+00 0.00E+00 7.18E-08 4.99E-03 1.46E-08 2.95E-09 2.05E-04 1.03E-11 7.47E-08 5.19E-03  3.46E-03 0.10633
26380.00 .3790751    0.00E+00 0.00E+00 0.00E+00 6.65E-08 4.63E-03 1.35E-08 2.73E-09 1.90E-04 9.46E-12 6.92E-08 4.82E-03  3.46E-03 0.10621
26390.00 .3789314    0.00E+00 0.00E+00 0.00E+00 6.61E-08 4.60E-03 1.34E-08 2.70E-09 1.88E-04 9.34E-12 6.88E-08 4.79E-03  3.46E-03 0.10609
26400.00 .3787879    0.00E+00 0.00E+00 0.00E+00 7.44E-08 5.18E-03 1.51E-08 3.04E-09 2.12E-04 1.05E-11 7.74E-08 5.40E-03  3.46E-03 0.10596
26410.00 .3786444    0.00E+00 0.00E+00 0.00E+00 9.14E-08 6.38E-03 1.86E-08 3.72E-09 2.60E-04 1.28E-11 9.51E-08 6.64E-03  3.46E-03 0.10584
26420.00 .3785012    0.00E+00 0.00E+00 0.00E+00 1.03E-07 7.20E-03 2.10E-08 4.20E-09 2.93E-04 1.44E-11 1.07E-07 7.49E-03  3.46E-03 0.10572
26430.00 .3783579    0.00E+00 0.00E+00 0.00E+00 1.06E-07 7.42E-03 2.16E-08 4.32E-09 3.01E-04 1.47E-11 1.11E-07 7.73E-03  3.46E-03 0.10560
26440.00 .3782148    0.00E+00 0.00E+00 0.00E+00 1.09E-07 7.65E-03 2.22E-08 4.44E-09 3.10E-04 1.51E-11 1.14E-07 7.96E-03  3.47E-03 0.10547
26450.00 .3780718    0.00E+00 0.00E+00 0.00E+00 1.06E-07 7.42E-03 2.15E-08 4.29E-09 3.00E-04 1.45E-11 1.10E-07 7.72E-03  3.47E-03 0.10535
26460.00 .3779289    0.00E+00 0.00E+00 0.00E+00 9.76E-08 6.83E-03 1.98E-08 3.94E-09 2.76E-04 1.33E-11 1.02E-07 7.11E-03  3.47E-03 0.10523
26470.00 .3777862    0.00E+00 0.00E+00 0.00E+00 9.35E-08 6.55E-03 1.90E-08 3.77E-09 2.64E-04 1.27E-11 9.72E-08 6.81E-03  3.47E-03 0.10511
26480.00 .3776435    0.00E+00 0.00E+00 0.00E+00 9.36E-08 6.56E-03 1.90E-08 3.76E-09 2.64E-04 1.26E-11 9.73E-08 6.82E-03  3.47E-03 0.10499
26490.00 .3775010    0.00E+00 0.00E+00 0.00E+00 9.60E-08 6.74E-03 1.95E-08 3.86E-09 2.71E-04 1.29E-11 9.99E-08 7.01E-03  3.47E-03 0.10486

                                             RADIANCE(WATTS/CM2-STER-XXX)

  FREQ  WAVELENGTH     PATH_THERMAL    SURFACE      PATH_SCATTERED_SOLAR   GROUND_REFLECTED_RADIANCE   TOTAL_RADIANCE   INTEGRAL    TOTAL
                                       EMISSION     TOTAL RAD      SINGLE        TOTAL        DIRECT                                TRANS
 (CM-1) (MICRON)       (CM-1)  (MICRN)   (CM-1)   (CM-1)  (MICRN)   (CM-1)   (CM-1)  (MICRN)   (CM-1)   (CM-1)  (MICRN)

26500.00 .3773585    0.00E+00 0.00E+00 0.00E+00 8.89E-08 6.24E-03 1.80E-08 3.56E-09 2.50E-04 1.18E-11 9.24E-08 6.49E-03  3.47E-03 0.10474
26510.00 .3772161    0.00E+00 0.00E+00 0.00E+00 7.50E-08 5.27E-03 1.52E-08 3.00E-09 2.11E-04 9.94E-12 7.80E-08 5.48E-03  3.47E-03 0.10461
26520.00 .3770740    0.00E+00 0.00E+00 0.00E+00 7.18E-08 5.05E-03 1.46E-08 2.87E-09 2.02E-04 9.46E-12 7.47E-08 5.25E-03  3.47E-03 0.10448
26530.00 .3769318    0.00E+00 0.00E+00 0.00E+00 6.97E-08 4.91E-03 1.42E-08 2.78E-09 1.96E-04 9.14E-12 7.25E-08 5.10E-03  3.47E-03 0.10436
26540.00 .3767897    0.00E+00 0.00E+00 0.00E+00 6.77E-08 4.77E-03 1.37E-08 2.69E-09 1.90E-04 8.82E-12 7.04E-08 4.96E-03  3.47E-03 0.10423
26550.00 .3766478    0.00E+00 0.00E+00 0.00E+00 7.03E-08 4.95E-03 1.43E-08 2.79E-09 1.97E-04 9.11E-12 7.31E-08 5.15E-03  3.48E-03 0.10409
26560.00 .3765060    0.00E+00 0.00E+00 0.00E+00 6.83E-08 4.81E-03 1.39E-08 2.71E-09 1.91E-04 8.80E-12 7.10E-08 5.01E-03  3.48E-03 0.10396
26570.00 .3763644    0.00E+00 0.00E+00 0.00E+00 7.07E-08 4.99E-03 1.43E-08 2.79E-09 1.97E-04 9.06E-12 7.35E-08 5.19E-03  3.48E-03 0.10383
26580.00 .3762227    0.00E+00 0.00E+00 0.00E+00 7.32E-08 5.17E-03 1.49E-08 2.89E-09 2.04E-04 9.34E-12 7.61E-08 5.38E-03  3.48E-03 0.10370
26590.00 .3760812    0.00E+00 0.00E+00 0.00E+00 6.13E-08 4.34E-03 1.25E-08 2.42E-09 1.71E-04 7.79E-12 6.37E-08 4.51E-03  3.48E-03 0.10357
26600.00 .3759398    0.00E+00 0.00E+00 0.00E+00 5.54E-08 3.92E-03 1.13E-08 2.18E-09 1.54E-04 6.99E-12 5.76E-08 4.08E-03  3.48E-03 0.10345
26610.00 .3757985    0.00E+00 0.00E+00 0.00E+00 7.71E-08 5.46E-03 1.57E-08 3.02E-09 2.14E-04 9.65E-12 8.01E-08 5.67E-03  3.48E-03 0.10332
26620.00 .3756575    0.00E+00 0.00E+00 0.00E+00 9.81E-08 6.95E-03 1.99E-08 3.84E-09 2.72E-04 1.22E-11 1.02E-07 7.23E-03  3.48E-03 0.10319
26630.00 .3755163    0.00E+00 0.00E+00 0.00E+00 9.37E-08 6.65E-03 1.90E-08 3.67E-09 2.60E-04 1.16E-11 9.74E-08 6.91E-03  3.48E-03 0.10306
26640.00 .3753754    0.00E+00 0.00E+00 0.00E+00 7.95E-08 5.64E-03 1.61E-08 3.10E-09 2.20E-04 9.81E-12 8.26E-08 5.86E-03  3.48E-03 0.10293
26650.00 .3752345    0.00E+00 0.00E+00 0.00E+00 6.10E-08 4.33E-03 1.24E-08 2.38E-09 1.69E-04 7.49E-12 6.33E-08 4.50E-03  3.48E-03 0.10280
26660.00 .3750937    0.00E+00 0.00E+00 0.00E+00 3.94E-08 2.80E-03 8.00E-09 1.53E-09 1.09E-04 4.81E-12 4.09E-08 2.91E-03  3.48E-03 0.10267
26670.00 .3749532    0.00E+00 0.00E+00 0.00E+00 3.43E-08 2.44E-03 6.97E-09 1.33E-09 9.46E-05 4.16E-12 3.56E-08 2.53E-03  3.48E-03 0.10254
26680.00 .3748126    0.00E+00 0.00E+00 0.00E+00 4.09E-08 2.91E-03 8.30E-09 1.58E-09 1.13E-04 4.93E-12 4.24E-08 3.02E-03  3.48E-03 0.10241
26690.00 .3746722    0.00E+00 0.00E+00 0.00E+00 4.38E-08 3.12E-03 8.90E-09 1.69E-09 1.21E-04 5.25E-12 4.55E-08 3.24E-03  3.48E-03 0.10228
26700.00 .3745318    0.00E+00 0.00E+00 0.00E+00 5.25E-08 3.74E-03 1.07E-08 2.02E-09 1.44E-04 6.25E-12 5.45E-08 3.89E-03  3.49E-03 0.10214
26710.00 .3743916    0.00E+00 0.00E+00 0.00E+00 6.99E-08 4.98E-03 1.42E-08 2.69E-09 1.92E-04 8.28E-12 7.25E-08 5.18E-03  3.49E-03 0.10201
26720.00 .3742515    0.00E+00 0.00E+00 0.00E+00 8.39E-08 5.99E-03 1.71E-08 3.22E-09 2.30E-04 9.89E-12 8.71E-08 6.22E-03  3.49E-03 0.10187
26730.00 .3741115    0.00E+00 0.00E+00 0.00E+00 8.08E-08 5.77E-03 1.64E-08 3.10E-09 2.21E-04 9.48E-12 8.39E-08 5.99E-03  3.49E-03 0.10173
26740.00 .3739716    0.00E+00 0.00E+00 0.00E+00 6.09E-08 4.35E-03 1.24E-08 2.33E-09 1.67E-04 7.11E-12 6.32E-08 4.52E-03  3.49E-03 0.10160
26750.00 .3738318    0.00E+00 0.00E+00 0.00E+00 4.12E-08 2.95E-03 8.39E-09 1.57E-09 1.13E-04 4.79E-12 4.28E-08 3.06E-03  3.49E-03 0.10147
26760.00 .3736920    0.00E+00 0.00E+00 0.00E+00 3.27E-08 2.34E-03 6.65E-09 1.25E-09 8.92E-05 3.77E-12 3.39E-08 2.43E-03  3.49E-03 0.10133
26770.00 .3735525    0.00E+00 0.00E+00 0.00E+00 3.45E-08 2.48E-03 7.03E-09 1.31E-09 9.41E-05 3.96E-12 3.59E-08 2.57E-03  3.49E-03 0.10120
26780.00 .3734130    0.00E+00 0.00E+00 0.00E+00 4.95E-08 3.55E-03 1.01E-08 1.88E-09 1.35E-04 5.64E-12 5.14E-08 3.69E-03  3.49E-03 0.10107
26790.00 .3732736    0.00E+00 0.00E+00 0.00E+00 6.94E-08 4.98E-03 1.41E-08 2.63E-09 1.88E-04 7.86E-12 7.20E-08 5.17E-03  3.49E-03 0.10094
26800.00 .3731343    0.00E+00 0.00E+00 0.00E+00 8.11E-08 5.83E-03 1.65E-08 3.06E-09 2.20E-04 9.14E-12 8.42E-08 6.05E-03  3.49E-03 0.10080
26810.00 .3729951    0.00E+00 0.00E+00 0.00E+00 7.78E-08 5.59E-03 1.58E-08 2.93E-09 2.11E-04 8.73E-12 8.07E-08 5.80E-03  3.49E-03 0.10067
26820.00 .3728561    0.00E+00 0.00E+00 0.00E+00 7.12E-08 5.12E-03 1.45E-08 2.68E-09 1.93E-04 7.94E-12 7.39E-08 5.32E-03  3.49E-03 0.10053
26830.00 .3727171    0.00E+00 0.00E+00 0.00E+00 7.73E-08 5.56E-03 1.57E-08 2.90E-09 2.09E-04 8.56E-12 8.02E-08 5.77E-03  3.49E-03 0.10040
26840.00 .3725782    0.00E+00 0.00E+00 0.00E+00 7.83E-08 5.64E-03 1.60E-08 2.93E-09 2.11E-04 8.63E-12 8.12E-08 5.85E-03  3.49E-03 0.10026
26850.00 .3724395    0.00E+00 0.00E+00 0.00E+00 6.44E-08 4.64E-03 1.31E-08 2.41E-09 1.74E-04 7.07E-12 6.68E-08 4.82E-03  3.50E-03 0.10013
26860.00 .3723008    0.00E+00 0.00E+00 0.00E+00 4.69E-08 3.39E-03 9.57E-09 1.75E-09 1.26E-04 5.12E-12 4.87E-08 3.51E-03  3.50E-03 0.09999
26870.00 .3721623    0.00E+00 0.00E+00 0.00E+00 4.00E-08 2.89E-03 8.15E-09 1.49E-09 1.07E-04 4.33E-12 4.15E-08 2.99E-03  3.50E-03 0.09986
26880.00 .3720238    0.00E+00 0.00E+00 0.00E+00 5.57E-08 4.02E-03 1.14E-08 2.07E-09 1.50E-04 5.99E-12 5.78E-08 4.17E-03  3.50E-03 0.09973
26890.00 .3718854    0.00E+00 0.00E+00 0.00E+00 8.19E-08 5.92E-03 1.67E-08 3.04E-09 2.20E-04 8.77E-12 8.50E-08 6.14E-03  3.50E-03 0.09960
26900.00 .3717472    0.00E+00 0.00E+00 0.00E+00 9.77E-08 7.07E-03 1.99E-08 3.62E-09 2.62E-04 1.04E-11 1.01E-07 7.33E-03  3.50E-03 0.09946
26910.00 .3716090    0.00E+00 0.00E+00 0.00E+00 1.05E-07 7.62E-03 2.15E-08 3.89E-09 2.82E-04 1.11E-11 1.09E-07 7.90E-03  3.50E-03 0.09933
26920.00 .3714711    0.00E+00 0.00E+00 0.00E+00 1.04E-07 7.54E-03 2.12E-08 3.84E-09 2.78E-04 1.10E-11 1.08E-07 7.82E-03  3.50E-03 0.09920
26930.00 .3713331    0.00E+00 0.00E+00 0.00E+00 9.13E-08 6.62E-03 1.86E-08 3.36E-09 2.44E-04 9.56E-12 9.46E-08 6.86E-03  3.50E-03 0.09907
26940.00 .3711953    0.00E+00 0.00E+00 0.00E+00 7.48E-08 5.43E-03 1.53E-08 2.75E-09 1.99E-04 7.80E-12 7.76E-08 5.63E-03  3.50E-03 0.09894
26950.00 .3710575    0.00E+00 0.00E+00 0.00E+00 6.05E-08 4.40E-03 1.24E-08 2.22E-09 1.61E-04 6.27E-12 6.27E-08 4.56E-03  3.50E-03 0.09881
26960.00 .3709198    0.00E+00 0.00E+00 0.00E+00 5.69E-08 4.13E-03 1.16E-08 2.08E-09 1.51E-04 5.86E-12 5.90E-08 4.29E-03  3.50E-03 0.09868
26970.00 .3707824    0.00E+00 0.00E+00 0.00E+00 5.75E-08 4.18E-03 1.17E-08 2.10E-09 1.53E-04 5.89E-12 5.96E-08 4.33E-03  3.50E-03 0.09855
26980.00 .3706449    0.00E+00 0.00E+00 0.00E+00 5.60E-08 4.08E-03 1.14E-08 2.04E-09 1.49E-04 5.70E-12 5.81E-08 4.23E-03  3.50E-03 0.09842
26990.00 .3705076    0.00E+00 0.00E+00 0.00E+00 6.63E-08 4.83E-03 1.35E-08 2.41E-09 1.75E-04 6.70E-12 6.87E-08 5.00E-03  3.51E-03 0.09829

                                             RADIANCE(WATTS/CM2-STER-XXX)

  FREQ  WAVELENGTH     PATH_THERMAL    SURFACE      PATH_SCATTERED_SOLAR   GROUND_REFLECTED_RADIANCE   TOTAL_RADIANCE   INTEGRAL    TOTAL
                                       EMISSION     TOTAL RAD      SINGLE        TOTAL        DIRECT                                TRANS
 (CM-1) (MICRON)       (CM-1)  (MICRN)   (CM-1)   (CM-1)  (MICRN)   (CM-1)   (CM-1)  (MICRN)   (CM-1)   (CM-1)  (MICRN)

27000.00 .3703704    0.00E+00 0.00E+00 0.00E+00 8.21E-08 5.98E-03 1.68E-08 2.98E-09 2.17E-04 8.26E-12 8.51E-08 6.20E-03  3.51E-03 0.09816
27010.00 .3702332    0.00E+00 0.00E+00 0.00E+00 8.85E-08 6.46E-03 1.81E-08 3.20E-09 2.34E-04 8.85E-12 9.17E-08 6.69E-03  3.51E-03 0.09803
27020.00 .3700963    0.00E+00 0.00E+00 0.00E+00 8.77E-08 6.40E-03 1.79E-08 3.17E-09 2.31E-04 8.73E-12 9.09E-08 6.63E-03  3.51E-03 0.09789
27030.00 .3699593    0.00E+00 0.00E+00 0.00E+00 8.48E-08 6.20E-03 1.73E-08 3.06E-09 2.23E-04 8.39E-12 8.79E-08 6.42E-03  3.51E-03 0.09776
27040.00 .3698225    0.00E+00 0.00E+00 0.00E+00 8.56E-08 6.26E-03 1.75E-08 3.08E-09 2.25E-04 8.41E-12 8.86E-08 6.48E-03  3.51E-03 0.09763
27050.00 .3696858    0.00E+00 0.00E+00 0.00E+00 8.64E-08 6.32E-03 1.77E-08 3.10E-09 2.27E-04 8.45E-12 8.95E-08 6.55E-03  3.51E-03 0.09750
27060.00 .3695491    0.00E+00 0.00E+00 0.00E+00 8.25E-08 6.04E-03 1.69E-08 2.96E-09 2.17E-04 8.03E-12 8.55E-08 6.26E-03  3.51E-03 0.09737
27070.00 .3694127    0.00E+00 0.00E+00 0.00E+00 8.35E-08 6.12E-03 1.71E-08 2.99E-09 2.19E-04 8.07E-12 8.65E-08 6.34E-03  3.51E-03 0.09724
27080.00 .3692762    0.00E+00 0.00E+00 0.00E+00 8.66E-08 6.35E-03 1.77E-08 3.09E-09 2.27E-04 8.33E-12 8.97E-08 6.58E-03  3.51E-03 0.09711
27090.00 .3691399    0.00E+00 0.00E+00 0.00E+00 8.06E-08 5.91E-03 1.65E-08 2.87E-09 2.11E-04 7.71E-12 8.34E-08 6.12E-03  3.51E-03 0.09698
27100.00 .3690037    0.00E+00 0.00E+00 0.00E+00 6.95E-08 5.11E-03 1.42E-08 2.47E-09 1.82E-04 6.61E-12 7.20E-08 5.29E-03  3.52E-03 0.09685
27110.00 .3688675    0.00E+00 0.00E+00 0.00E+00 6.31E-08 4.64E-03 1.29E-08 2.24E-09 1.65E-04 5.97E-12 6.54E-08 4.80E-03  3.52E-03 0.09672
27120.00 .3687316    0.00E+00 0.00E+00 0.00E+00 6.63E-08 4.88E-03 1.36E-08 2.35E-09 1.73E-04 6.23E-12 6.87E-08 5.05E-03  3.52E-03 0.09658
27130.00 .3685957    0.00E+00 0.00E+00 0.00E+00 7.30E-08 5.37E-03 1.50E-08 2.58E-09 1.90E-04 6.82E-12 7.56E-08 5.56E-03  3.52E-03 0.09645
27140.00 .3684599    0.00E+00 0.00E+00 0.00E+00 7.58E-08 5.59E-03 1.55E-08 2.67E-09 1.97E-04 7.04E-12 7.85E-08 5.78E-03  3.52E-03 0.09632
27150.00 .3683241    0.00E+00 0.00E+00 0.00E+00 7.59E-08 5.60E-03 1.56E-08 2.67E-09 1.97E-04 7.01E-12 7.86E-08 5.79E-03  3.52E-03 0.09619
27160.00 .3681885    0.00E+00 0.00E+00 0.00E+00 7.42E-08 5.47E-03 1.52E-08 2.61E-09 1.92E-04 6.81E-12 7.68E-08 5.67E-03  3.52E-03 0.09606
27170.00 .3680530    0.00E+00 0.00E+00 0.00E+00 7.06E-08 5.21E-03 1.45E-08 2.47E-09 1.83E-04 6.44E-12 7.31E-08 5.39E-03  3.52E-03 0.09593
27180.00 .3679176    0.00E+00 0.00E+00 0.00E+00 7.04E-08 5.20E-03 1.44E-08 2.46E-09 1.82E-04 6.39E-12 7.29E-08 5.39E-03  3.52E-03 0.09580
27190.00 .3677823    0.00E+00 0.00E+00 0.00E+00 7.73E-08 5.72E-03 1.59E-08 2.70E-09 1.99E-04 6.97E-12 8.00E-08 5.92E-03  3.52E-03 0.09567
27200.00 .3676471    0.00E+00 0.00E+00 0.00E+00 8.32E-08 6.15E-03 1.71E-08 2.90E-09 2.14E-04 7.46E-12 8.60E-08 6.37E-03  3.52E-03 0.09554
27210.00 .3675119    0.00E+00 0.00E+00 0.00E+00 8.50E-08 6.29E-03 1.74E-08 2.95E-09 2.19E-04 7.58E-12 8.80E-08 6.51E-03  3.52E-03 0.09541
27220.00 .3673770    0.00E+00 0.00E+00 0.00E+00 8.88E-08 6.58E-03 1.82E-08 3.08E-09 2.28E-04 7.87E-12 9.19E-08 6.81E-03  3.52E-03 0.09528
27230.00 .3672420    0.00E+00 0.00E+00 0.00E+00 8.47E-08 6.28E-03 1.74E-08 2.93E-09 2.17E-04 7.47E-12 8.77E-08 6.50E-03  3.53E-03 0.09515
27240.00 .3671072    0.00E+00 0.00E+00 0.00E+00 7.20E-08 5.35E-03 1.48E-08 2.49E-09 1.85E-04 6.32E-12 7.45E-08 5.53E-03  3.53E-03 0.09502
27250.00 .3669725    0.00E+00 0.00E+00 0.00E+00 6.91E-08 5.13E-03 1.42E-08 2.38E-09 1.77E-04 6.02E-12 7.15E-08 5.31E-03  3.53E-03 0.09489
27260.00 .3668378    0.00E+00 0.00E+00 0.00E+00 7.92E-08 5.88E-03 1.62E-08 2.72E-09 2.02E-04 6.85E-12 8.19E-08 6.08E-03  3.53E-03 0.09476
27270.00 .3667034    0.00E+00 0.00E+00 0.00E+00 8.65E-08 6.43E-03 1.78E-08 2.97E-09 2.21E-04 7.45E-12 8.95E-08 6.65E-03  3.53E-03 0.09463
27280.00 .3665689    0.00E+00 0.00E+00 0.00E+00 8.09E-08 6.02E-03 1.66E-08 2.77E-09 2.06E-04 6.93E-12 8.37E-08 6.23E-03  3.53E-03 0.09450
27290.00 .3664346    0.00E+00 0.00E+00 0.00E+00 7.58E-08 5.65E-03 1.56E-08 2.59E-09 1.93E-04 6.46E-12 7.84E-08 5.84E-03  3.53E-03 0.09438
27300.00 .3663004    0.00E+00 0.00E+00 0.00E+00 8.19E-08 6.11E-03 1.68E-08 2.79E-09 2.08E-04 6.93E-12 8.47E-08 6.32E-03  3.53E-03 0.09425
27310.00 .3661662    0.00E+00 0.00E+00 0.00E+00 9.07E-08 6.77E-03 1.86E-08 3.09E-09 2.30E-04 7.63E-12 9.38E-08 7.00E-03  3.53E-03 0.09412
27320.00 .3660323    0.00E+00 0.00E+00 0.00E+00 9.38E-08 7.00E-03 1.93E-08 3.19E-09 2.38E-04 7.85E-12 9.70E-08 7.24E-03  3.53E-03 0.09399
27330.00 .3658983    0.00E+00 0.00E+00 0.00E+00 9.33E-08 6.97E-03 1.92E-08 3.16E-09 2.36E-04 7.76E-12 9.65E-08 7.21E-03  3.53E-03 0.09385
27340.00 .3657644    0.00E+00 0.00E+00 0.00E+00 9.26E-08 6.92E-03 1.90E-08 3.13E-09 2.34E-04 7.66E-12 9.57E-08 7.15E-03  3.53E-03 0.09372
27350.00 .3656307    0.00E+00 0.00E+00 0.00E+00 8.98E-08 6.72E-03 1.85E-08 3.03E-09 2.27E-04 7.39E-12 9.29E-08 6.95E-03  3.54E-03 0.09359
27360.00 .3654970    0.00E+00 0.00E+00 0.00E+00 8.83E-08 6.61E-03 1.82E-08 2.97E-09 2.23E-04 7.22E-12 9.13E-08 6.83E-03  3.54E-03 0.09346
27370.00 .3653636    0.00E+00 0.00E+00 0.00E+00 8.47E-08 6.34E-03 1.74E-08 2.85E-09 2.13E-04 6.88E-12 8.75E-08 6.56E-03  3.54E-03 0.09332
27380.00 .3652301    0.00E+00 0.00E+00 0.00E+00 7.39E-08 5.54E-03 1.52E-08 2.48E-09 1.86E-04 5.97E-12 7.64E-08 5.73E-03  3.54E-03 0.09319
27390.00 .3650967    0.00E+00 0.00E+00 0.00E+00 6.31E-08 4.73E-03 1.30E-08 2.11E-09 1.58E-04 5.07E-12 6.52E-08 4.89E-03  3.54E-03 0.09306
27400.00 .3649635    0.00E+00 0.00E+00 0.00E+00 5.74E-08 4.31E-03 1.18E-08 1.92E-09 1.44E-04 4.58E-12 5.93E-08 4.45E-03  3.54E-03 0.09293
27410.00 .3648303    0.00E+00 0.00E+00 0.00E+00 5.72E-08 4.30E-03 1.18E-08 1.91E-09 1.43E-04 4.54E-12 5.91E-08 4.44E-03  3.54E-03 0.09280
27420.00 .3646974    0.00E+00 0.00E+00 0.00E+00 5.83E-08 4.38E-03 1.20E-08 1.94E-09 1.46E-04 4.60E-12 6.02E-08 4.53E-03  3.54E-03 0.09267
27430.00 .3645644    0.00E+00 0.00E+00 0.00E+00 5.73E-08 4.31E-03 1.18E-08 1.90E-09 1.43E-04 4.50E-12 5.92E-08 4.45E-03  3.54E-03 0.09254
27440.00 .3644315    0.00E+00 0.00E+00 0.00E+00 6.09E-08 4.59E-03 1.26E-08 2.02E-09 1.52E-04 4.75E-12 6.29E-08 4.74E-03  3.54E-03 0.09241
27450.00 .3642987    0.00E+00 0.00E+00 0.00E+00 7.20E-08 5.42E-03 1.48E-08 2.38E-09 1.79E-04 5.58E-12 7.44E-08 5.60E-03  3.54E-03 0.09228
27460.00 .3641660    0.00E+00 0.00E+00 0.00E+00 8.34E-08 6.29E-03 1.72E-08 2.75E-09 2.07E-04 6.43E-12 8.62E-08 6.50E-03  3.54E-03 0.09214
27470.00 .3640336    0.00E+00 0.00E+00 0.00E+00 8.50E-08 6.42E-03 1.75E-08 2.80E-09 2.11E-04 6.51E-12 8.78E-08 6.63E-03  3.54E-03 0.09201
27480.00 .3639010    0.00E+00 0.00E+00 0.00E+00 7.32E-08 5.53E-03 1.51E-08 2.40E-09 1.81E-04 5.58E-12 7.56E-08 5.71E-03  3.55E-03 0.09188
27490.00 .3637686    0.00E+00 0.00E+00 0.00E+00 6.20E-08 4.69E-03 1.28E-08 2.03E-09 1.54E-04 4.69E-12 6.40E-08 4.84E-03  3.55E-03 0.09174

                                             RADIANCE(WATTS/CM2-STER-XXX)

  FREQ  WAVELENGTH     PATH_THERMAL    SURFACE      PATH_SCATTERED_SOLAR   GROUND_REFLECTED_RADIANCE   TOTAL_RADIANCE   INTEGRAL    TOTAL
                                       EMISSION     TOTAL RAD      SINGLE        TOTAL        DIRECT                                TRANS
 (CM-1) (MICRON)       (CM-1)  (MICRN)   (CM-1)   (CM-1)  (MICRN)   (CM-1)   (CM-1)  (MICRN)   (CM-1)   (CM-1)  (MICRN)

27500.00 .3636364    0.00E+00 0.00E+00 0.00E+00 6.46E-08 4.88E-03 1.33E-08 2.11E-09 1.60E-04 4.85E-12 6.67E-08 5.04E-03  3.55E-03 0.09160
27510.00 .3635041    0.00E+00 0.00E+00 0.00E+00 6.86E-08 5.19E-03 1.42E-08 2.24E-09 1.69E-04 5.13E-12 7.08E-08 5.36E-03  3.55E-03 0.09146
27520.00 .3633721    0.00E+00 0.00E+00 0.00E+00 5.63E-08 4.26E-03 1.16E-08 1.83E-09 1.39E-04 4.19E-12 5.81E-08 4.40E-03  3.55E-03 0.09132
27530.00 .3632401    0.00E+00 0.00E+00 0.00E+00 4.34E-08 3.29E-03 8.98E-09 1.41E-09 1.07E-04 3.21E-12 4.48E-08 3.40E-03  3.55E-03 0.09118
27540.00 .3631082    0.00E+00 0.00E+00 0.00E+00 5.49E-08 4.17E-03 1.14E-08 1.78E-09 1.35E-04 4.03E-12 5.67E-08 4.30E-03  3.55E-03 0.09104
27550.00 .3629764    0.00E+00 0.00E+00 0.00E+00 7.68E-08 5.83E-03 1.59E-08 2.48E-09 1.88E-04 5.60E-12 7.93E-08 6.02E-03  3.55E-03 0.09090
27560.00 .3628446    0.00E+00 0.00E+00 0.00E+00 9.19E-08 6.98E-03 1.90E-08 2.96E-09 2.25E-04 6.66E-12 9.49E-08 7.21E-03  3.55E-03 0.09076
27570.00 .3627132    0.00E+00 0.00E+00 0.00E+00 9.29E-08 7.06E-03 1.93E-08 2.99E-09 2.27E-04 6.70E-12 9.59E-08 7.29E-03  3.55E-03 0.09061
27580.00 .3625816    0.00E+00 0.00E+00 0.00E+00 7.93E-08 6.03E-03 1.64E-08 2.54E-09 1.94E-04 5.69E-12 8.19E-08 6.23E-03  3.55E-03 0.09046
27590.00 .3624502    0.00E+00 0.00E+00 0.00E+00 7.14E-08 5.44E-03 1.48E-08 2.29E-09 1.74E-04 5.09E-12 7.37E-08 5.61E-03  3.55E-03 0.09032
27600.00 .3623188    0.00E+00 0.00E+00 0.00E+00 6.81E-08 5.19E-03 1.41E-08 2.17E-09 1.66E-04 4.82E-12 7.03E-08 5.35E-03  3.55E-03 0.09017
27610.00 .3621876    0.00E+00 0.00E+00 0.00E+00 5.41E-08 4.13E-03 1.13E-08 1.72E-09 1.31E-04 3.81E-12 5.59E-08 4.26E-03  3.55E-03 0.09002
27620.00 .3620565    0.00E+00 0.00E+00 0.00E+00 3.77E-08 2.87E-03 7.84E-09 1.20E-09 9.14E-05 2.64E-12 3.89E-08 2.97E-03  3.55E-03 0.08987
27630.00 .3619255    0.00E+00 0.00E+00 0.00E+00 4.51E-08 3.45E-03 9.40E-09 1.43E-09 1.09E-04 3.13E-12 4.66E-08 3.56E-03  3.56E-03 0.08972
27640.00 .3617945    0.00E+00 0.00E+00 0.00E+00 7.02E-08 5.36E-03 1.46E-08 2.22E-09 1.69E-04 4.84E-12 7.24E-08 5.53E-03  3.56E-03 0.08957
27650.00 .3616636    0.00E+00 0.00E+00 0.00E+00 8.09E-08 6.18E-03 1.69E-08 2.55E-09 1.95E-04 5.55E-12 8.34E-08 6.38E-03  3.56E-03 0.08942
27660.00 .3615328    0.00E+00 0.00E+00 0.00E+00 7.60E-08 5.82E-03 1.59E-08 2.39E-09 1.83E-04 5.18E-12 7.84E-08 6.00E-03  3.56E-03 0.08927
27670.00 .3614023    0.00E+00 0.00E+00 0.00E+00 6.82E-08 5.22E-03 1.42E-08 2.14E-09 1.64E-04 4.62E-12 7.03E-08 5.38E-03  3.56E-03 0.08912
27680.00 .3612717    0.00E+00 0.00E+00 0.00E+00 6.08E-08 4.66E-03 1.27E-08 1.90E-09 1.46E-04 4.10E-12 6.27E-08 4.80E-03  3.56E-03 0.08898
27690.00 .3611412    0.00E+00 0.00E+00 0.00E+00 4.86E-08 3.72E-03 1.01E-08 1.52E-09 1.16E-04 3.25E-12 5.01E-08 3.84E-03  3.56E-03 0.08884
27700.00 .3610108    0.00E+00 0.00E+00 0.00E+00 4.63E-08 3.55E-03 9.67E-09 1.44E-09 1.11E-04 3.07E-12 4.77E-08 3.66E-03  3.56E-03 0.08870
27710.00 .3608805    0.00E+00 0.00E+00 0.00E+00 6.00E-08 4.61E-03 1.26E-08 1.86E-09 1.43E-04 3.96E-12 6.19E-08 4.75E-03  3.56E-03 0.08857
27720.00 .3607504    0.00E+00 0.00E+00 0.00E+00 6.25E-08 4.80E-03 1.31E-08 1.94E-09 1.49E-04 4.11E-12 6.45E-08 4.95E-03  3.56E-03 0.08844
27730.00 .3606203    0.00E+00 0.00E+00 0.00E+00 5.64E-08 4.34E-03 1.18E-08 1.75E-09 1.34E-04 3.68E-12 5.81E-08 4.47E-03  3.56E-03 0.08831
27740.00 .3604903    0.00E+00 0.00E+00 0.00E+00 5.54E-08 4.26E-03 1.16E-08 1.71E-09 1.32E-04 3.59E-12 5.71E-08 4.39E-03  3.56E-03 0.08819
27750.00 .3603604    0.00E+00 0.00E+00 0.00E+00 6.03E-08 4.65E-03 1.26E-08 1.86E-09 1.43E-04 3.89E-12 6.22E-08 4.79E-03  3.56E-03 0.08807
27760.00 .3602305    0.00E+00 0.00E+00 0.00E+00 7.50E-08 5.78E-03 1.57E-08 2.31E-09 1.78E-04 4.81E-12 7.73E-08 5.96E-03  3.56E-03 0.08795
27770.00 .3601009    0.00E+00 0.00E+00 0.00E+00 8.59E-08 6.62E-03 1.80E-08 2.64E-09 2.03E-04 5.48E-12 8.85E-08 6.83E-03  3.56E-03 0.08784
27780.00 .3599712    0.00E+00 0.00E+00 0.00E+00 8.38E-08 6.47E-03 1.75E-08 2.57E-09 1.98E-04 5.32E-12 8.64E-08 6.67E-03  3.57E-03 0.08772
27790.00 .3598417    0.00E+00 0.00E+00 0.00E+00 7.57E-08 5.85E-03 1.58E-08 2.32E-09 1.79E-04 4.77E-12 7.80E-08 6.03E-03  3.57E-03 0.08760
27800.00 .3597122    0.00E+00 0.00E+00 0.00E+00 6.99E-08 5.40E-03 1.46E-08 2.13E-09 1.65E-04 4.38E-12 7.20E-08 5.57E-03  3.57E-03 0.08749
27810.00 .3595828    0.00E+00 0.00E+00 0.00E+00 6.97E-08 5.39E-03 1.46E-08 2.12E-09 1.64E-04 4.34E-12 7.18E-08 5.55E-03  3.57E-03 0.08738
27820.00 .3594537    0.00E+00 0.00E+00 0.00E+00 7.33E-08 5.67E-03 1.53E-08 2.23E-09 1.72E-04 4.54E-12 7.55E-08 5.85E-03  3.57E-03 0.08726
27830.00 .3593245    0.00E+00 0.00E+00 0.00E+00 7.82E-08 6.06E-03 1.64E-08 2.37E-09 1.84E-04 4.82E-12 8.06E-08 6.24E-03  3.57E-03 0.08715
27840.00 .3591954    0.00E+00 0.00E+00 0.00E+00 7.07E-08 5.48E-03 1.48E-08 2.14E-09 1.66E-04 4.33E-12 7.28E-08 5.64E-03  3.57E-03 0.08704
27850.00 .3590664    0.00E+00 0.00E+00 0.00E+00 5.64E-08 4.37E-03 1.18E-08 1.70E-09 1.32E-04 3.43E-12 5.81E-08 4.50E-03  3.57E-03 0.08693
27860.00 .3589375    0.00E+00 0.00E+00 0.00E+00 4.74E-08 3.68E-03 9.92E-09 1.43E-09 1.11E-04 2.87E-12 4.89E-08 3.79E-03  3.57E-03 0.08682
27870.00 .3588088    0.00E+00 0.00E+00 0.00E+00 3.64E-08 2.82E-03 7.60E-09 1.10E-09 8.51E-05 2.19E-12 3.75E-08 2.91E-03  3.57E-03 0.08671
27880.00 .3586801    0.00E+00 0.00E+00 0.00E+00 2.97E-08 2.31E-03 6.21E-09 8.93E-10 6.94E-05 1.78E-12 3.06E-08 2.38E-03  3.57E-03 0.08660
27890.00 .3585514    0.00E+00 0.00E+00 0.00E+00 3.73E-08 2.90E-03 7.79E-09 1.12E-09 8.70E-05 2.21E-12 3.84E-08 2.99E-03  3.57E-03 0.08649
27900.00 .3584229    0.00E+00 0.00E+00 0.00E+00 4.35E-08 3.38E-03 9.08E-09 1.30E-09 1.01E-04 2.57E-12 4.48E-08 3.49E-03  3.57E-03 0.08638
27910.00 .3582945    0.00E+00 0.00E+00 0.00E+00 3.69E-08 2.87E-03 7.69E-09 1.10E-09 8.58E-05 2.17E-12 3.80E-08 2.96E-03  3.57E-03 0.08627
27920.00 .3581662    0.00E+00 0.00E+00 0.00E+00 3.81E-08 2.97E-03 7.95E-09 1.13E-09 8.84E-05 2.22E-12 3.92E-08 3.06E-03  3.57E-03 0.08616
27930.00 .3580379    0.00E+00 0.00E+00 0.00E+00 5.22E-08 4.07E-03 1.09E-08 1.55E-09 1.21E-04 3.03E-12 5.38E-08 4.19E-03  3.57E-03 0.08605
27940.00 .3579098    0.00E+00 0.00E+00 0.00E+00 6.25E-08 4.88E-03 1.30E-08 1.86E-09 1.45E-04 3.61E-12 6.44E-08 5.03E-03  3.57E-03 0.08594
27950.00 .3577818    0.00E+00 0.00E+00 0.00E+00 6.55E-08 5.12E-03 1.37E-08 1.94E-09 1.52E-04 3.76E-12 6.74E-08 5.27E-03  3.58E-03 0.08582
27960.00 .3576537    0.00E+00 0.00E+00 0.00E+00 6.36E-08 4.97E-03 1.33E-08 1.88E-09 1.47E-04 3.63E-12 6.55E-08 5.12E-03  3.58E-03 0.08571
27970.00 .3575260    0.00E+00 0.00E+00 0.00E+00 6.21E-08 4.86E-03 1.29E-08 1.83E-09 1.43E-04 3.52E-12 6.39E-08 5.00E-03  3.58E-03 0.08560
27980.00 .3573982    0.00E+00 0.00E+00 0.00E+00 6.02E-08 4.71E-03 1.26E-08 1.77E-09 1.39E-04 3.39E-12 6.20E-08 4.85E-03  3.58E-03 0.08549
27990.00 .3572704    0.00E+00 0.00E+00 0.00E+00 5.05E-08 3.96E-03 1.05E-08 1.49E-09 1.16E-04 2.83E-12 5.20E-08 4.07E-03  3.58E-03 0.08537

                                             RADIANCE(WATTS/CM2-STER-XXX)

  FREQ  WAVELENGTH     PATH_THERMAL    SURFACE      PATH_SCATTERED_SOLAR   GROUND_REFLECTED_RADIANCE   TOTAL_RADIANCE   INTEGRAL    TOTAL
                                       EMISSION     TOTAL RAD      SINGLE        TOTAL        DIRECT                                TRANS
 (CM-1) (MICRON)       (CM-1)  (MICRN)   (CM-1)   (CM-1)  (MICRN)   (CM-1)   (CM-1)  (MICRN)   (CM-1)   (CM-1)  (MICRN)

28000.00 .3571429    0.00E+00 0.00E+00 0.00E+00 4.12E-08 3.23E-03 8.59E-09 1.21E-09 9.49E-05 2.30E-12 4.24E-08 3.33E-03  3.58E-03 0.08526
28010.00 .3570153    0.00E+00 0.00E+00 0.00E+00 4.79E-08 3.76E-03 9.98E-09 1.40E-09 1.10E-04 2.65E-12 4.93E-08 3.87E-03  3.58E-03 0.08515
28020.00 .3568880    0.00E+00 0.00E+00 0.00E+00 5.57E-08 4.38E-03 1.16E-08 1.63E-09 1.28E-04 3.07E-12 5.74E-08 4.50E-03  3.58E-03 0.08504
28030.00 .3567606    0.00E+00 0.00E+00 0.00E+00 4.61E-08 3.62E-03 9.60E-09 1.35E-09 1.06E-04 2.53E-12 4.75E-08 3.73E-03  3.58E-03 0.08493
28040.00 .3566334    0.00E+00 0.00E+00 0.00E+00 4.56E-08 3.58E-03 9.49E-09 1.33E-09 1.04E-04 2.48E-12 4.69E-08 3.69E-03  3.58E-03 0.08482
28050.00 .3565062    0.00E+00 0.00E+00 0.00E+00 6.79E-08 5.34E-03 1.41E-08 1.97E-09 1.55E-04 3.66E-12 6.99E-08 5.50E-03  3.58E-03 0.08471
28060.00 .3563792    0.00E+00 0.00E+00 0.00E+00 7.92E-08 6.23E-03 1.65E-08 2.30E-09 1.81E-04 4.25E-12 8.15E-08 6.41E-03  3.58E-03 0.08460
28070.00 .3562523    0.00E+00 0.00E+00 0.00E+00 7.13E-08 5.62E-03 1.48E-08 2.06E-09 1.63E-04 3.81E-12 7.34E-08 5.78E-03  3.58E-03 0.08448
28080.00 .3561254    0.00E+00 0.00E+00 0.00E+00 6.60E-08 5.21E-03 1.37E-08 1.91E-09 1.50E-04 3.51E-12 6.79E-08 5.36E-03  3.58E-03 0.08437
28090.00 .3559986    0.00E+00 0.00E+00 0.00E+00 7.08E-08 5.58E-03 1.47E-08 2.04E-09 1.61E-04 3.73E-12 7.28E-08 5.74E-03  3.58E-03 0.08425
28100.00 .3558719    0.00E+00 0.00E+00 0.00E+00 7.63E-08 6.03E-03 1.59E-08 2.20E-09 1.73E-04 4.00E-12 7.85E-08 6.20E-03  3.58E-03 0.08414
28110.00 .3557452    0.00E+00 0.00E+00 0.00E+00 7.19E-08 5.68E-03 1.50E-08 2.07E-09 1.63E-04 3.75E-12 7.40E-08 5.85E-03  3.59E-03 0.08402
28120.00 .3556188    0.00E+00 0.00E+00 0.00E+00 6.25E-08 4.94E-03 1.30E-08 1.79E-09 1.42E-04 3.24E-12 6.43E-08 5.09E-03  3.59E-03 0.08391
28130.00 .3554924    0.00E+00 0.00E+00 0.00E+00 5.93E-08 4.70E-03 1.23E-08 1.70E-09 1.34E-04 3.06E-12 6.10E-08 4.83E-03  3.59E-03 0.08379
28140.00 .3553660    0.00E+00 0.00E+00 0.00E+00 6.66E-08 5.27E-03 1.39E-08 1.90E-09 1.50E-04 3.41E-12 6.85E-08 5.42E-03  3.59E-03 0.08367
28150.00 .3552398    0.00E+00 0.00E+00 0.00E+00 7.68E-08 6.09E-03 1.60E-08 2.19E-09 1.73E-04 3.91E-12 7.90E-08 6.26E-03  3.59E-03 0.08355
28160.00 .3551136    0.00E+00 0.00E+00 0.00E+00 7.76E-08 6.15E-03 1.62E-08 2.21E-09 1.75E-04 3.93E-12 7.98E-08 6.33E-03  3.59E-03 0.08344
28170.00 .3549876    0.00E+00 0.00E+00 0.00E+00 6.88E-08 5.46E-03 1.43E-08 1.95E-09 1.55E-04 3.46E-12 7.08E-08 5.62E-03  3.59E-03 0.08332
28180.00 .3548616    0.00E+00 0.00E+00 0.00E+00 6.57E-08 5.22E-03 1.37E-08 1.86E-09 1.48E-04 3.28E-12 6.76E-08 5.37E-03  3.59E-03 0.08320
28190.00 .3547357    0.00E+00 0.00E+00 0.00E+00 7.29E-08 5.79E-03 1.52E-08 2.06E-09 1.63E-04 3.62E-12 7.49E-08 5.96E-03  3.59E-03 0.08308
28200.00 .3546099    0.00E+00 0.00E+00 0.00E+00 7.95E-08 6.32E-03 1.66E-08 2.24E-09 1.78E-04 3.92E-12 8.18E-08 6.50E-03  3.59E-03 0.08296
28210.00 .3544842    0.00E+00 0.00E+00 0.00E+00 7.90E-08 6.29E-03 1.65E-08 2.22E-09 1.77E-04 3.88E-12 8.12E-08 6.47E-03  3.59E-03 0.08284
28220.00 .3543587    0.00E+00 0.00E+00 0.00E+00 7.14E-08 5.69E-03 1.49E-08 2.00E-09 1.60E-04 3.48E-12 7.34E-08 5.85E-03  3.59E-03 0.08272
28230.00 .3542331    0.00E+00 0.00E+00 0.00E+00 6.98E-08 5.56E-03 1.45E-08 1.95E-09 1.56E-04 3.38E-12 7.18E-08 5.72E-03  3.59E-03 0.08261
28240.00 .3541076    0.00E+00 0.00E+00 0.00E+00 7.62E-08 6.08E-03 1.59E-08 2.13E-09 1.70E-04 3.67E-12 7.83E-08 6.25E-03  3.59E-03 0.08249
28250.00 .3539823    0.00E+00 0.00E+00 0.00E+00 7.38E-08 5.89E-03 1.54E-08 2.06E-09 1.64E-04 3.54E-12 7.59E-08 6.06E-03  3.60E-03 0.08237
28260.00 .3538570    0.00E+00 0.00E+00 0.00E+00 6.40E-08 5.11E-03 1.33E-08 1.78E-09 1.42E-04 3.05E-12 6.58E-08 5.26E-03  3.60E-03 0.08225
28270.00 .3537319    0.00E+00 0.00E+00 0.00E+00 6.18E-08 4.94E-03 1.29E-08 1.71E-09 1.37E-04 2.92E-12 6.35E-08 5.07E-03  3.60E-03 0.08213
28280.00 .3536068    0.00E+00 0.00E+00 0.00E+00 6.71E-08 5.37E-03 1.40E-08 1.86E-09 1.49E-04 3.15E-12 6.90E-08 5.52E-03  3.60E-03 0.08202
28290.00 .3534818    0.00E+00 0.00E+00 0.00E+00 7.02E-08 5.62E-03 1.46E-08 1.94E-09 1.55E-04 3.28E-12 7.21E-08 5.77E-03  3.60E-03 0.08190
28300.00 .3533569    0.00E+00 0.00E+00 0.00E+00 7.01E-08 5.61E-03 1.46E-08 1.93E-09 1.55E-04 3.25E-12 7.20E-08 5.77E-03  3.60E-03 0.08178
28310.00 .3532320    0.00E+00 0.00E+00 0.00E+00 7.13E-08 5.72E-03 1.49E-08 1.96E-09 1.57E-04 3.29E-12 7.33E-08 5.87E-03  3.60E-03 0.08166
28320.00 .3531074    0.00E+00 0.00E+00 0.00E+00 7.33E-08 5.88E-03 1.53E-08 2.01E-09 1.61E-04 3.36E-12 7.53E-08 6.04E-03  3.60E-03 0.08154
28330.00 .3529827    0.00E+00 0.00E+00 0.00E+00 7.19E-08 5.77E-03 1.50E-08 1.97E-09 1.58E-04 3.28E-12 7.39E-08 5.93E-03  3.60E-03 0.08142
28340.00 .3528582    0.00E+00 0.00E+00 0.00E+00 5.96E-08 4.79E-03 1.24E-08 1.63E-09 1.31E-04 2.70E-12 6.13E-08 4.92E-03  3.60E-03 0.08130
28350.00 .3527337    0.00E+00 0.00E+00 0.00E+00 4.79E-08 3.85E-03 9.97E-09 1.31E-09 1.05E-04 2.15E-12 4.92E-08 3.95E-03  3.60E-03 0.08118
28360.00 .3526092    0.00E+00 0.00E+00 0.00E+00 4.61E-08 3.71E-03 9.61E-09 1.25E-09 1.01E-04 2.06E-12 4.74E-08 3.81E-03  3.60E-03 0.08106
28370.00 .3524851    0.00E+00 0.00E+00 0.00E+00 4.87E-08 3.92E-03 1.01E-08 1.32E-09 1.06E-04 2.16E-12 5.00E-08 4.02E-03  3.60E-03 0.08093
28380.00 .3523608    0.00E+00 0.00E+00 0.00E+00 5.65E-08 4.55E-03 1.18E-08 1.53E-09 1.23E-04 2.49E-12 5.80E-08 4.67E-03  3.60E-03 0.08081
28390.00 .3522367    0.00E+00 0.00E+00 0.00E+00 6.21E-08 5.01E-03 1.30E-08 1.68E-09 1.35E-04 2.73E-12 6.38E-08 5.14E-03  3.60E-03 0.08069
28400.00 .3521127    0.00E+00 0.00E+00 0.00E+00 6.77E-08 5.46E-03 1.41E-08 1.82E-09 1.47E-04 2.95E-12 6.95E-08 5.60E-03  3.61E-03 0.08057
28410.00 .3519887    0.00E+00 0.00E+00 0.00E+00 7.65E-08 6.17E-03 1.59E-08 2.06E-09 1.66E-04 3.31E-12 7.85E-08 6.34E-03  3.61E-03 0.08044
28420.00 .3518649    0.00E+00 0.00E+00 0.00E+00 7.86E-08 6.35E-03 1.64E-08 2.11E-09 1.71E-04 3.39E-12 8.07E-08 6.52E-03  3.61E-03 0.08032
28430.00 .3517411    0.00E+00 0.00E+00 0.00E+00 6.87E-08 5.55E-03 1.43E-08 1.84E-09 1.49E-04 2.94E-12 7.05E-08 5.70E-03  3.61E-03 0.08020
28440.00 .3516174    0.00E+00 0.00E+00 0.00E+00 5.40E-08 4.37E-03 1.13E-08 1.44E-09 1.17E-04 2.30E-12 5.55E-08 4.49E-03  3.61E-03 0.08008
28450.00 .3514938    0.00E+00 0.00E+00 0.00E+00 4.90E-08 3.96E-03 1.02E-08 1.31E-09 1.06E-04 2.07E-12 5.03E-08 4.07E-03  3.61E-03 0.07997
28460.00 .3513703    0.00E+00 0.00E+00 0.00E+00 5.54E-08 4.49E-03 1.16E-08 1.48E-09 1.19E-04 2.33E-12 5.69E-08 4.61E-03  3.61E-03 0.07986
28470.00 .3512470    0.00E+00 0.00E+00 0.00E+00 6.05E-08 4.91E-03 1.26E-08 1.61E-09 1.30E-04 2.53E-12 6.21E-08 5.04E-03  3.61E-03 0.07976
28480.00 .3511236    0.00E+00 0.00E+00 0.00E+00 6.32E-08 5.13E-03 1.32E-08 1.68E-09 1.36E-04 2.62E-12 6.49E-08 5.27E-03  3.61E-03 0.07965
28490.00 .3510003    0.00E+00 0.00E+00 0.00E+00 6.91E-08 5.61E-03 1.44E-08 1.83E-09 1.48E-04 2.85E-12 7.09E-08 5.76E-03  3.61E-03 0.07954

                                             RADIANCE(WATTS/CM2-STER-XXX)

  FREQ  WAVELENGTH     PATH_THERMAL    SURFACE      PATH_SCATTERED_SOLAR   GROUND_REFLECTED_RADIANCE   TOTAL_RADIANCE   INTEGRAL    TOTAL
                                       EMISSION     TOTAL RAD      SINGLE        TOTAL        DIRECT                                TRANS
 (CM-1) (MICRON)       (CM-1)  (MICRN)   (CM-1)   (CM-1)  (MICRN)   (CM-1)   (CM-1)  (MICRN)   (CM-1)   (CM-1)  (MICRN)

28500.00 .3508772    0.00E+00 0.00E+00 0.00E+00 6.73E-08 5.47E-03 1.40E-08 1.78E-09 1.44E-04 2.76E-12 6.91E-08 5.61E-03  3.61E-03 0.07942
28510.00 .3507541    0.00E+00 0.00E+00 0.00E+00 6.32E-08 5.14E-03 1.32E-08 1.67E-09 1.35E-04 2.57E-12 6.49E-08 5.27E-03  3.61E-03 0.07930
28520.00 .3506312    0.00E+00 0.00E+00 0.00E+00 6.87E-08 5.59E-03 1.43E-08 1.81E-09 1.47E-04 2.78E-12 7.05E-08 5.74E-03  3.61E-03 0.07918
28530.00 .3505082    0.00E+00 0.00E+00 0.00E+00 7.41E-08 6.03E-03 1.55E-08 1.94E-09 1.58E-04 2.98E-12 7.61E-08 6.19E-03  3.61E-03 0.07907
28540.00 .3503854    0.00E+00 0.00E+00 0.00E+00 7.47E-08 6.09E-03 1.56E-08 1.96E-09 1.59E-04 2.99E-12 7.67E-08 6.25E-03  3.61E-03 0.07895
28550.00 .3502627    0.00E+00 0.00E+00 0.00E+00 7.20E-08 5.87E-03 1.50E-08 1.88E-09 1.53E-04 2.86E-12 7.39E-08 6.02E-03  3.62E-03 0.07883
28560.00 .3501400    0.00E+00 0.00E+00 0.00E+00 6.95E-08 5.67E-03 1.45E-08 1.81E-09 1.48E-04 2.74E-12 7.13E-08 5.81E-03  3.62E-03 0.07872
28570.00 .3500175    0.00E+00 0.00E+00 0.00E+00 6.61E-08 5.40E-03 1.38E-08 1.72E-09 1.40E-04 2.59E-12 6.78E-08 5.54E-03  3.62E-03 0.07860
28580.00 .3498950    0.00E+00 0.00E+00 0.00E+00 5.37E-08 4.38E-03 1.12E-08 1.39E-09 1.14E-04 2.09E-12 5.51E-08 4.50E-03  3.62E-03 0.07849
28590.00 .3497727    0.00E+00 0.00E+00 0.00E+00 4.59E-08 3.75E-03 9.59E-09 1.19E-09 9.72E-05 1.78E-12 4.71E-08 3.85E-03  3.62E-03 0.07837
28600.00 .3496504    0.00E+00 0.00E+00 0.00E+00 5.28E-08 4.32E-03 1.10E-08 1.36E-09 1.12E-04 2.03E-12 5.42E-08 4.43E-03  3.62E-03 0.07825
28610.00 .3495281    0.00E+00 0.00E+00 0.00E+00 5.59E-08 4.58E-03 1.17E-08 1.44E-09 1.18E-04 2.14E-12 5.74E-08 4.70E-03  3.62E-03 0.07814
28620.00 .3494061    0.00E+00 0.00E+00 0.00E+00 5.51E-08 4.51E-03 1.15E-08 1.42E-09 1.16E-04 2.09E-12 5.65E-08 4.63E-03  3.62E-03 0.07802
28630.00 .3492840    0.00E+00 0.00E+00 0.00E+00 5.51E-08 4.51E-03 1.15E-08 1.41E-09 1.16E-04 2.08E-12 5.65E-08 4.63E-03  3.62E-03 0.07791
28640.00 .3491620    0.00E+00 0.00E+00 0.00E+00 5.09E-08 4.17E-03 1.06E-08 1.30E-09 1.07E-04 1.91E-12 5.22E-08 4.28E-03  3.62E-03 0.07779
28650.00 .3490402    0.00E+00 0.00E+00 0.00E+00 5.57E-08 4.57E-03 1.16E-08 1.42E-09 1.17E-04 2.07E-12 5.71E-08 4.69E-03  3.62E-03 0.07767
28660.00 .3489183    0.00E+00 0.00E+00 0.00E+00 6.91E-08 5.67E-03 1.44E-08 1.76E-09 1.45E-04 2.56E-12 7.08E-08 5.82E-03  3.62E-03 0.07755
28670.00 .3487967    0.00E+00 0.00E+00 0.00E+00 7.64E-08 6.28E-03 1.59E-08 1.94E-09 1.60E-04 2.81E-12 7.83E-08 6.44E-03  3.62E-03 0.07743
28680.00 .3486751    0.00E+00 0.00E+00 0.00E+00 7.13E-08 5.87E-03 1.49E-08 1.81E-09 1.49E-04 2.61E-12 7.31E-08 6.01E-03  3.62E-03 0.07731
28690.00 .3485535    0.00E+00 0.00E+00 0.00E+00 6.14E-08 5.05E-03 1.28E-08 1.55E-09 1.28E-04 2.23E-12 6.30E-08 5.18E-03  3.62E-03 0.07719
28700.00 .3484321    0.00E+00 0.00E+00 0.00E+00 6.31E-08 5.20E-03 1.32E-08 1.59E-09 1.31E-04 2.28E-12 6.47E-08 5.33E-03  3.62E-03 0.07707
28710.00 .3483106    0.00E+00 0.00E+00 0.00E+00 7.19E-08 5.93E-03 1.50E-08 1.81E-09 1.49E-04 2.58E-12 7.37E-08 6.08E-03  3.63E-03 0.07695
28720.00 .3481895    0.00E+00 0.00E+00 0.00E+00 7.11E-08 5.86E-03 1.48E-08 1.79E-09 1.47E-04 2.53E-12 7.29E-08 6.01E-03  3.63E-03 0.07683
28730.00 .3480682    0.00E+00 0.00E+00 0.00E+00 6.41E-08 5.29E-03 1.34E-08 1.61E-09 1.33E-04 2.27E-12 6.57E-08 5.42E-03  3.63E-03 0.07671
28740.00 .3479471    0.00E+00 0.00E+00 0.00E+00 5.68E-08 4.70E-03 1.19E-08 1.42E-09 1.18E-04 2.00E-12 5.83E-08 4.81E-03  3.63E-03 0.07659
28750.00 .3478261    0.00E+00 0.00E+00 0.00E+00 4.57E-08 3.77E-03 9.55E-09 1.14E-09 9.43E-05 1.60E-12 4.68E-08 3.87E-03  3.63E-03 0.07647
28760.00 .3477051    0.00E+00 0.00E+00 0.00E+00 3.85E-08 3.19E-03 8.05E-09 9.60E-10 7.94E-05 1.34E-12 3.95E-08 3.26E-03  3.63E-03 0.07634
28770.00 .3475843    0.00E+00 0.00E+00 0.00E+00 4.44E-08 3.68E-03 9.30E-09 1.10E-09 9.14E-05 1.53E-12 4.55E-08 3.77E-03  3.63E-03 0.07622
28780.00 .3474635    0.00E+00 0.00E+00 0.00E+00 5.48E-08 4.54E-03 1.15E-08 1.36E-09 1.13E-04 1.88E-12 5.62E-08 4.66E-03  3.63E-03 0.07610
28790.00 .3473428    0.00E+00 0.00E+00 0.00E+00 5.99E-08 4.97E-03 1.25E-08 1.48E-09 1.23E-04 2.04E-12 6.14E-08 5.09E-03  3.63E-03 0.07600
28800.00 .3472222    0.00E+00 0.00E+00 0.00E+00 6.30E-08 5.22E-03 1.32E-08 1.55E-09 1.29E-04 2.13E-12 6.45E-08 5.35E-03  3.63E-03 0.07589
28810.00 .3471017    0.00E+00 0.00E+00 0.00E+00 6.40E-08 5.31E-03 1.34E-08 1.58E-09 1.31E-04 2.16E-12 6.56E-08 5.45E-03  3.63E-03 0.07579
28820.00 .3469813    0.00E+00 0.00E+00 0.00E+00 6.14E-08 5.10E-03 1.28E-08 1.51E-09 1.25E-04 2.05E-12 6.29E-08 5.22E-03  3.63E-03 0.07568
28830.00 .3468609    0.00E+00 0.00E+00 0.00E+00 5.61E-08 4.66E-03 1.17E-08 1.38E-09 1.14E-04 1.86E-12 5.75E-08 4.78E-03  3.63E-03 0.07556
28840.00 .3467406    0.00E+00 0.00E+00 0.00E+00 5.17E-08 4.30E-03 1.08E-08 1.27E-09 1.05E-04 1.71E-12 5.30E-08 4.41E-03  3.63E-03 0.07545
28850.00 .3466204    0.00E+00 0.00E+00 0.00E+00 5.64E-08 4.69E-03 1.18E-08 1.38E-09 1.15E-04 1.85E-12 5.77E-08 4.81E-03  3.63E-03 0.07533
28860.00 .3465003    0.00E+00 0.00E+00 0.00E+00 6.41E-08 5.34E-03 1.34E-08 1.56E-09 1.30E-04 2.09E-12 6.57E-08 5.47E-03  3.63E-03 0.07521
28870.00 .3463804    0.00E+00 0.00E+00 0.00E+00 6.06E-08 5.05E-03 1.27E-08 1.47E-09 1.23E-04 1.96E-12 6.21E-08 5.17E-03  3.63E-03 0.07510
28880.00 .3462604    0.00E+00 0.00E+00 0.00E+00 5.33E-08 4.44E-03 1.12E-08 1.29E-09 1.08E-04 1.71E-12 5.46E-08 4.55E-03  3.64E-03 0.07497
28890.00 .3461405    0.00E+00 0.00E+00 0.00E+00 5.37E-08 4.48E-03 1.12E-08 1.30E-09 1.08E-04 1.72E-12 5.50E-08 4.59E-03  3.64E-03 0.07485
28900.00 .3460208    0.00E+00 0.00E+00 0.00E+00 5.66E-08 4.73E-03 1.19E-08 1.37E-09 1.14E-04 1.80E-12 5.80E-08 4.84E-03  3.64E-03 0.07472
28910.00 .3459010    0.00E+00 0.00E+00 0.00E+00 6.18E-08 5.17E-03 1.30E-08 1.49E-09 1.24E-04 1.95E-12 6.33E-08 5.29E-03  3.64E-03 0.07460
28920.00 .3457815    0.00E+00 0.00E+00 0.00E+00 7.04E-08 5.89E-03 1.48E-08 1.69E-09 1.42E-04 2.21E-12 7.21E-08 6.03E-03  3.64E-03 0.07448
28930.00 .3456620    0.00E+00 0.00E+00 0.00E+00 7.24E-08 6.06E-03 1.52E-08 1.74E-09 1.45E-04 2.26E-12 7.42E-08 6.21E-03  3.64E-03 0.07436
28940.00 .3455425    0.00E+00 0.00E+00 0.00E+00 6.17E-08 5.17E-03 1.29E-08 1.48E-09 1.24E-04 1.91E-12 6.32E-08 5.29E-03  3.64E-03 0.07424
28950.00 .3454231    0.00E+00 0.00E+00 0.00E+00 4.92E-08 4.12E-03 1.03E-08 1.17E-09 9.84E-05 1.51E-12 5.04E-08 4.22E-03  3.64E-03 0.07412
28960.00 .3453038    0.00E+00 0.00E+00 0.00E+00 5.20E-08 4.36E-03 1.09E-08 1.24E-09 1.04E-04 1.59E-12 5.33E-08 4.47E-03  3.64E-03 0.07400
28970.00 .3451847    0.00E+00 0.00E+00 0.00E+00 6.41E-08 5.38E-03 1.35E-08 1.52E-09 1.28E-04 1.94E-12 6.56E-08 5.51E-03  3.64E-03 0.07387
28980.00 .3450656    0.00E+00 0.00E+00 0.00E+00 7.14E-08 6.00E-03 1.50E-08 1.69E-09 1.42E-04 2.15E-12 7.31E-08 6.14E-03  3.64E-03 0.07375
28990.00 .3449465    0.00E+00 0.00E+00 0.00E+00 7.09E-08 5.96E-03 1.49E-08 1.68E-09 1.41E-04 2.12E-12 7.26E-08 6.10E-03  3.64E-03 0.07362

                                             RADIANCE(WATTS/CM2-STER-XXX)

  FREQ  WAVELENGTH     PATH_THERMAL    SURFACE      PATH_SCATTERED_SOLAR   GROUND_REFLECTED_RADIANCE   TOTAL_RADIANCE   INTEGRAL    TOTAL
                                       EMISSION     TOTAL RAD      SINGLE        TOTAL        DIRECT                                TRANS
 (CM-1) (MICRON)       (CM-1)  (MICRN)   (CM-1)   (CM-1)  (MICRN)   (CM-1)   (CM-1)  (MICRN)   (CM-1)   (CM-1)  (MICRN)

29000.00 .3448276    0.00E+00 0.00E+00 0.00E+00 6.06E-08 5.10E-03 1.27E-08 1.43E-09 1.20E-04 1.81E-12 6.21E-08 5.22E-03  3.64E-03 0.07348
29010.00 .3447087    0.00E+00 0.00E+00 0.00E+00 5.31E-08 4.47E-03 1.12E-08 1.25E-09 1.05E-04 1.57E-12 5.43E-08 4.57E-03  3.64E-03 0.07335
29020.00 .3445900    0.00E+00 0.00E+00 0.00E+00 4.92E-08 4.14E-03 1.04E-08 1.15E-09 9.72E-05 1.45E-12 5.04E-08 4.24E-03  3.64E-03 0.07320
29030.00 .3444712    0.00E+00 0.00E+00 0.00E+00 4.12E-08 3.47E-03 8.69E-09 9.65E-10 8.14E-05 1.20E-12 4.22E-08 3.56E-03  3.64E-03 0.07306
29040.00 .3443526    0.00E+00 0.00E+00 0.00E+00 3.71E-08 3.13E-03 7.82E-09 8.66E-10 7.30E-05 1.08E-12 3.79E-08 3.20E-03  3.64E-03 0.07291
29050.00 .3442341    0.00E+00 0.00E+00 0.00E+00 3.55E-08 2.99E-03 7.49E-09 8.26E-10 6.97E-05 1.02E-12 3.63E-08 3.06E-03  3.64E-03 0.07277
29060.00 .3441156    0.00E+00 0.00E+00 0.00E+00 4.14E-08 3.50E-03 8.75E-09 9.62E-10 8.12E-05 1.18E-12 4.24E-08 3.58E-03  3.65E-03 0.07264
29070.00 .3439973    0.00E+00 0.00E+00 0.00E+00 5.44E-08 4.60E-03 1.15E-08 1.26E-09 1.07E-04 1.55E-12 5.57E-08 4.70E-03  3.65E-03 0.07254
29080.00 .3438790    0.00E+00 0.00E+00 0.00E+00 5.96E-08 5.04E-03 1.26E-08 1.38E-09 1.17E-04 1.68E-12 6.09E-08 5.15E-03  3.65E-03 0.07247
29090.00 .3437607    0.00E+00 0.00E+00 0.00E+00 6.04E-08 5.11E-03 1.27E-08 1.39E-09 1.18E-04 1.69E-12 6.18E-08 5.23E-03  3.65E-03 0.07241
29100.00 .3436426    0.00E+00 0.00E+00 0.00E+00 6.23E-08 5.28E-03 1.31E-08 1.44E-09 1.22E-04 1.74E-12 6.38E-08 5.40E-03  3.65E-03 0.07233
29110.00 .3435245    0.00E+00 0.00E+00 0.00E+00 6.02E-08 5.10E-03 1.27E-08 1.38E-09 1.17E-04 1.67E-12 6.16E-08 5.22E-03  3.65E-03 0.07223
29120.00 .3434066    0.00E+00 0.00E+00 0.00E+00 5.65E-08 4.79E-03 1.19E-08 1.30E-09 1.10E-04 1.55E-12 5.78E-08 4.90E-03  3.65E-03 0.07212
29130.00 .3432887    0.00E+00 0.00E+00 0.00E+00 6.00E-08 5.09E-03 1.26E-08 1.37E-09 1.16E-04 1.64E-12 6.13E-08 5.20E-03  3.65E-03 0.07200
29140.00 .3431709    0.00E+00 0.00E+00 0.00E+00 6.93E-08 5.89E-03 1.46E-08 1.58E-09 1.34E-04 1.88E-12 7.09E-08 6.02E-03  3.65E-03 0.07190
29150.00 .3430532    0.00E+00 0.00E+00 0.00E+00 7.19E-08 6.11E-03 1.51E-08 1.64E-09 1.39E-04 1.94E-12 7.36E-08 6.25E-03  3.65E-03 0.07180
29160.00 .3429355    0.00E+00 0.00E+00 0.00E+00 6.26E-08 5.33E-03 1.32E-08 1.42E-09 1.21E-04 1.68E-12 6.41E-08 5.45E-03  3.65E-03 0.07170
29170.00 .3428180    0.00E+00 0.00E+00 0.00E+00 5.46E-08 4.65E-03 1.15E-08 1.24E-09 1.05E-04 1.45E-12 5.59E-08 4.75E-03  3.65E-03 0.07160
29180.00 .3427005    0.00E+00 0.00E+00 0.00E+00 5.35E-08 4.55E-03 1.12E-08 1.21E-09 1.03E-04 1.41E-12 5.47E-08 4.66E-03  3.65E-03 0.07150
29190.00 .3425831    0.00E+00 0.00E+00 0.00E+00 5.18E-08 4.41E-03 1.09E-08 1.17E-09 9.97E-05 1.36E-12 5.30E-08 4.51E-03  3.65E-03 0.07139
29200.00 .3424658    0.00E+00 0.00E+00 0.00E+00 5.08E-08 4.33E-03 1.07E-08 1.14E-09 9.75E-05 1.32E-12 5.19E-08 4.43E-03  3.65E-03 0.07128
29210.00 .3423485    0.00E+00 0.00E+00 0.00E+00 5.54E-08 4.73E-03 1.17E-08 1.25E-09 1.06E-04 1.44E-12 5.67E-08 4.84E-03  3.65E-03 0.07117
29220.00 .3422314    0.00E+00 0.00E+00 0.00E+00 6.36E-08 5.43E-03 1.34E-08 1.43E-09 1.22E-04 1.64E-12 6.51E-08 5.56E-03  3.66E-03 0.07106
29230.00 .3421143    0.00E+00 0.00E+00 0.00E+00 7.18E-08 6.14E-03 1.51E-08 1.61E-09 1.37E-04 1.84E-12 7.34E-08 6.27E-03  3.66E-03 0.07095
29240.00 .3419973    0.00E+00 0.00E+00 0.00E+00 7.34E-08 6.27E-03 1.54E-08 1.64E-09 1.40E-04 1.87E-12 7.50E-08 6.41E-03  3.66E-03 0.07084
29250.00 .3418804    0.00E+00 0.00E+00 0.00E+00 6.55E-08 5.61E-03 1.38E-08 1.46E-09 1.25E-04 1.66E-12 6.70E-08 5.73E-03  3.66E-03 0.07073
29260.00 .3417635    0.00E+00 0.00E+00 0.00E+00 5.58E-08 4.78E-03 1.17E-08 1.24E-09 1.06E-04 1.40E-12 5.71E-08 4.88E-03  3.66E-03 0.07062
29270.00 .3416468    0.00E+00 0.00E+00 0.00E+00 4.89E-08 4.19E-03 1.03E-08 1.09E-09 9.30E-05 1.22E-12 5.00E-08 4.29E-03  3.66E-03 0.07051
29280.00 .3415301    0.00E+00 0.00E+00 0.00E+00 4.51E-08 3.86E-03 9.47E-09 9.97E-10 8.55E-05 1.12E-12 4.61E-08 3.95E-03  3.66E-03 0.07039
29290.00 .3414134    0.00E+00 0.00E+00 0.00E+00 4.83E-08 4.14E-03 1.02E-08 1.07E-09 9.14E-05 1.19E-12 4.93E-08 4.23E-03  3.66E-03 0.07027
29300.00 .3412969    0.00E+00 0.00E+00 0.00E+00 5.91E-08 5.07E-03 1.24E-08 1.30E-09 1.12E-04 1.44E-12 6.04E-08 5.18E-03  3.66E-03 0.07015
29310.00 .3411804    0.00E+00 0.00E+00 0.00E+00 6.20E-08 5.32E-03 1.30E-08 1.36E-09 1.17E-04 1.51E-12 6.33E-08 5.44E-03  3.66E-03 0.07003
29320.00 .3410642    0.00E+00 0.00E+00 0.00E+00 5.81E-08 5.00E-03 1.22E-08 1.27E-09 1.10E-04 1.40E-12 5.94E-08 5.11E-03  3.66E-03 0.06990
29330.00 .3409479    0.00E+00 0.00E+00 0.00E+00 5.71E-08 4.91E-03 1.20E-08 1.25E-09 1.07E-04 1.37E-12 5.83E-08 5.02E-03  3.66E-03 0.06977
29340.00 .3408316    0.00E+00 0.00E+00 0.00E+00 5.48E-08 4.72E-03 1.16E-08 1.20E-09 1.03E-04 1.31E-12 5.60E-08 4.82E-03  3.66E-03 0.06963
29350.00 .3407155    0.00E+00 0.00E+00 0.00E+00 5.48E-08 4.72E-03 1.16E-08 1.19E-09 1.03E-04 1.30E-12 5.60E-08 4.82E-03  3.66E-03 0.06950
29360.00 .3405994    0.00E+00 0.00E+00 0.00E+00 5.76E-08 4.96E-03 1.22E-08 1.25E-09 1.08E-04 1.35E-12 5.88E-08 5.07E-03  3.66E-03 0.06936
29370.00 .3404835    0.00E+00 0.00E+00 0.00E+00 5.71E-08 4.93E-03 1.21E-08 1.24E-09 1.07E-04 1.34E-12 5.83E-08 5.03E-03  3.66E-03 0.06921
29380.00 .3403676    0.00E+00 0.00E+00 0.00E+00 5.61E-08 4.85E-03 1.19E-08 1.21E-09 1.05E-04 1.30E-12 5.74E-08 4.95E-03  3.66E-03 0.06908
29390.00 .3402518    0.00E+00 0.00E+00 0.00E+00 6.59E-08 5.69E-03 1.40E-08 1.42E-09 1.23E-04 1.52E-12 6.73E-08 5.81E-03  3.67E-03 0.06896
29400.00 .3401361    0.00E+00 0.00E+00 0.00E+00 7.51E-08 6.49E-03 1.59E-08 1.62E-09 1.40E-04 1.72E-12 7.68E-08 6.63E-03  3.67E-03 0.06888
29410.00 .3400204    0.00E+00 0.00E+00 0.00E+00 7.20E-08 6.23E-03 1.52E-08 1.55E-09 1.34E-04 1.64E-12 7.36E-08 6.36E-03  3.67E-03 0.06884
29420.00 .3399049    0.00E+00 0.00E+00 0.00E+00 6.99E-08 6.05E-03 1.47E-08 1.50E-09 1.30E-04 1.58E-12 7.14E-08 6.18E-03  3.67E-03 0.06880
29430.00 .3397894    0.00E+00 0.00E+00 0.00E+00 6.83E-08 5.91E-03 1.44E-08 1.46E-09 1.26E-04 1.53E-12 6.97E-08 6.04E-03  3.67E-03 0.06873
29440.00 .3396739    0.00E+00 0.00E+00 0.00E+00 6.15E-08 5.33E-03 1.30E-08 1.31E-09 1.14E-04 1.37E-12 6.29E-08 5.45E-03  3.67E-03 0.06863
29450.00 .3395586    0.00E+00 0.00E+00 0.00E+00 5.27E-08 4.57E-03 1.11E-08 1.12E-09 9.74E-05 1.17E-12 5.39E-08 4.67E-03  3.67E-03 0.06852
29460.00 .3394433    0.00E+00 0.00E+00 0.00E+00 4.39E-08 3.81E-03 9.24E-09 9.33E-10 8.10E-05 9.68E-13 4.49E-08 3.89E-03  3.67E-03 0.06843
29470.00 .3393282    0.00E+00 0.00E+00 0.00E+00 4.20E-08 3.65E-03 8.84E-09 8.90E-10 7.73E-05 9.18E-13 4.29E-08 3.73E-03  3.67E-03 0.06833
29480.00 .3392130    0.00E+00 0.00E+00 0.00E+00 5.38E-08 4.68E-03 1.13E-08 1.14E-09 9.89E-05 1.17E-12 5.50E-08 4.78E-03  3.67E-03 0.06824
29490.00 .3390980    0.00E+00 0.00E+00 0.00E+00 6.60E-08 5.74E-03 1.39E-08 1.39E-09 1.21E-04 1.42E-12 6.74E-08 5.86E-03  3.67E-03 0.06813

                                             RADIANCE(WATTS/CM2-STER-XXX)

  FREQ  WAVELENGTH     PATH_THERMAL    SURFACE      PATH_SCATTERED_SOLAR   GROUND_REFLECTED_RADIANCE   TOTAL_RADIANCE   INTEGRAL    TOTAL
                                       EMISSION     TOTAL RAD      SINGLE        TOTAL        DIRECT                                TRANS
 (CM-1) (MICRON)       (CM-1)  (MICRN)   (CM-1)   (CM-1)  (MICRN)   (CM-1)   (CM-1)  (MICRN)   (CM-1)   (CM-1)  (MICRN)

29500.00 .3389831    0.00E+00 0.00E+00 0.00E+00 6.22E-08 5.41E-03 1.31E-08 1.31E-09 1.14E-04 1.34E-12 6.35E-08 5.53E-03  3.67E-03 0.06803
29510.00 .3388681    0.00E+00 0.00E+00 0.00E+00 5.71E-08 4.98E-03 1.20E-08 1.20E-09 1.05E-04 1.22E-12 5.83E-08 5.08E-03  3.67E-03 0.06792
29520.00 .3387534    0.00E+00 0.00E+00 0.00E+00 6.06E-08 5.28E-03 1.28E-08 1.27E-09 1.11E-04 1.28E-12 6.19E-08 5.40E-03  3.67E-03 0.06781
29530.00 .3386387    0.00E+00 0.00E+00 0.00E+00 6.12E-08 5.34E-03 1.29E-08 1.28E-09 1.12E-04 1.29E-12 6.25E-08 5.45E-03  3.67E-03 0.06769
29540.00 .3385240    0.00E+00 0.00E+00 0.00E+00 5.73E-08 5.00E-03 1.21E-08 1.20E-09 1.04E-04 1.20E-12 5.85E-08 5.10E-03  3.67E-03 0.06758
29550.00 .3384095    0.00E+00 0.00E+00 0.00E+00 5.72E-08 4.99E-03 1.21E-08 1.19E-09 1.04E-04 1.19E-12 5.84E-08 5.10E-03  3.68E-03 0.06745
29560.00 .3382950    0.00E+00 0.00E+00 0.00E+00 5.38E-08 4.70E-03 1.13E-08 1.12E-09 9.76E-05 1.11E-12 5.49E-08 4.80E-03  3.68E-03 0.06732
29570.00 .3381806    0.00E+00 0.00E+00 0.00E+00 4.44E-08 3.88E-03 9.38E-09 9.20E-10 8.04E-05 9.13E-13 4.53E-08 3.96E-03  3.68E-03 0.06718
29580.00 .3380663    0.00E+00 0.00E+00 0.00E+00 4.69E-08 4.11E-03 9.93E-09 9.69E-10 8.48E-05 9.57E-13 4.79E-08 4.19E-03  3.68E-03 0.06704
29590.00 .3379520    0.00E+00 0.00E+00 0.00E+00 5.90E-08 5.16E-03 1.25E-08 1.21E-09 1.06E-04 1.20E-12 6.02E-08 5.27E-03  3.68E-03 0.06688
29600.00 .3378378    0.00E+00 0.00E+00 0.00E+00 6.81E-08 5.97E-03 1.45E-08 1.40E-09 1.23E-04 1.37E-12 6.95E-08 6.09E-03  3.68E-03 0.06673
29610.00 .3377237    0.00E+00 0.00E+00 0.00E+00 6.98E-08 6.12E-03 1.49E-08 1.43E-09 1.26E-04 1.40E-12 7.13E-08 6.25E-03  3.68E-03 0.06656
29620.00 .3376098    0.00E+00 0.00E+00 0.00E+00 6.08E-08 5.33E-03 1.29E-08 1.24E-09 1.09E-04 1.21E-12 6.20E-08 5.44E-03  3.68E-03 0.06639
29630.00 .3374958    0.00E+00 0.00E+00 0.00E+00 4.74E-08 4.16E-03 1.01E-08 9.67E-10 8.49E-05 9.39E-13 4.83E-08 4.24E-03  3.68E-03 0.06621
29640.00 .3373819    0.00E+00 0.00E+00 0.00E+00 3.70E-08 3.25E-03 7.91E-09 7.53E-10 6.61E-05 7.29E-13 3.77E-08 3.31E-03  3.68E-03 0.06606
29650.00 .3372681    0.00E+00 0.00E+00 0.00E+00 3.27E-08 2.87E-03 6.98E-09 6.63E-10 5.83E-05 6.39E-13 3.33E-08 2.93E-03  3.68E-03 0.06598
29660.00 .3371544    0.00E+00 0.00E+00 0.00E+00 3.22E-08 2.83E-03 6.87E-09 6.53E-10 5.74E-05 6.26E-13 3.29E-08 2.89E-03  3.68E-03 0.06597
29670.00 .3370408    0.00E+00 0.00E+00 0.00E+00 3.51E-08 3.09E-03 7.46E-09 7.10E-10 6.25E-05 6.76E-13 3.58E-08 3.15E-03  3.68E-03 0.06598
29680.00 .3369272    0.00E+00 0.00E+00 0.00E+00 4.46E-08 3.93E-03 9.45E-09 8.99E-10 7.92E-05 8.52E-13 4.55E-08 4.01E-03  3.68E-03 0.06595
29690.00 .3368137    0.00E+00 0.00E+00 0.00E+00 5.25E-08 4.63E-03 1.11E-08 1.06E-09 9.31E-05 9.98E-13 5.35E-08 4.72E-03  3.68E-03 0.06586
29700.00 .3367004    0.00E+00 0.00E+00 0.00E+00 5.78E-08 5.10E-03 1.23E-08 1.16E-09 1.02E-04 1.09E-12 5.89E-08 5.20E-03  3.68E-03 0.06574
29710.00 .3365870    0.00E+00 0.00E+00 0.00E+00 6.35E-08 5.61E-03 1.35E-08 1.27E-09 1.12E-04 1.19E-12 6.48E-08 5.72E-03  3.68E-03 0.06563
29720.00 .3364738    0.00E+00 0.00E+00 0.00E+00 6.10E-08 5.39E-03 1.29E-08 1.22E-09 1.08E-04 1.14E-12 6.23E-08 5.50E-03  3.68E-03 0.06555
29730.00 .3363606    0.00E+00 0.00E+00 0.00E+00 4.68E-08 4.14E-03 9.92E-09 9.35E-10 8.27E-05 8.69E-13 4.78E-08 4.22E-03  3.68E-03 0.06551
29740.00 .3362475    0.00E+00 0.00E+00 0.00E+00 2.88E-08 2.54E-03 6.08E-09 5.73E-10 5.07E-05 5.30E-13 2.93E-08 2.59E-03  3.68E-03 0.06547
29750.00 .3361345    0.00E+00 0.00E+00 0.00E+00 2.08E-08 1.84E-03 4.40E-09 4.14E-10 3.67E-05 3.81E-13 2.13E-08 1.88E-03  3.68E-03 0.06540
29760.00 .3360215    0.00E+00 0.00E+00 0.00E+00 2.79E-08 2.47E-03 5.90E-09 5.54E-10 4.91E-05 5.06E-13 2.85E-08 2.52E-03  3.69E-03 0.06532
29770.00 .3359087    0.00E+00 0.00E+00 0.00E+00 4.65E-08 4.12E-03 9.81E-09 9.19E-10 8.15E-05 8.37E-13 4.74E-08 4.20E-03  3.69E-03 0.06522
29780.00 .3357958    0.00E+00 0.00E+00 0.00E+00 6.43E-08 5.70E-03 1.36E-08 1.27E-09 1.12E-04 1.15E-12 6.55E-08 5.81E-03  3.69E-03 0.06512
29790.00 .3356831    0.00E+00 0.00E+00 0.00E+00 6.94E-08 6.16E-03 1.47E-08 1.37E-09 1.21E-04 1.24E-12 7.08E-08 6.28E-03  3.69E-03 0.06501
29800.00 .3355705    0.00E+00 0.00E+00 0.00E+00 6.70E-08 5.95E-03 1.42E-08 1.32E-09 1.17E-04 1.19E-12 6.83E-08 6.07E-03  3.69E-03 0.06491
29810.00 .3354579    0.00E+00 0.00E+00 0.00E+00 6.55E-08 5.82E-03 1.38E-08 1.28E-09 1.14E-04 1.15E-12 6.68E-08 5.94E-03  3.69E-03 0.06480
29820.00 .3353454    0.00E+00 0.00E+00 0.00E+00 6.72E-08 5.98E-03 1.42E-08 1.31E-09 1.17E-04 1.17E-12 6.85E-08 6.09E-03  3.69E-03 0.06469
29830.00 .3352330    0.00E+00 0.00E+00 0.00E+00 6.33E-08 5.63E-03 1.34E-08 1.23E-09 1.10E-04 1.10E-12 6.45E-08 5.74E-03  3.69E-03 0.06457
29840.00 .3351206    0.00E+00 0.00E+00 0.00E+00 5.03E-08 4.48E-03 1.06E-08 9.79E-10 8.72E-05 8.68E-13 5.13E-08 4.57E-03  3.69E-03 0.06444
29850.00 .3350084    0.00E+00 0.00E+00 0.00E+00 4.51E-08 4.02E-03 9.57E-09 8.76E-10 7.81E-05 7.74E-13 4.60E-08 4.10E-03  3.69E-03 0.06431
29860.00 .3348961    0.00E+00 0.00E+00 0.00E+00 5.30E-08 4.73E-03 1.13E-08 1.03E-09 9.16E-05 9.03E-13 5.41E-08 4.82E-03  3.69E-03 0.06418
29870.00 .3347841    0.00E+00 0.00E+00 0.00E+00 5.85E-08 5.22E-03 1.24E-08 1.13E-09 1.01E-04 9.92E-13 5.97E-08 5.32E-03  3.69E-03 0.06404
29880.00 .3346720    0.00E+00 0.00E+00 0.00E+00 5.94E-08 5.31E-03 1.26E-08 1.15E-09 1.02E-04 1.00E-12 6.06E-08 5.41E-03  3.69E-03 0.06391
29890.00 .3345601    0.00E+00 0.00E+00 0.00E+00 5.96E-08 5.32E-03 1.27E-08 1.15E-09 1.02E-04 9.98E-13 6.07E-08 5.43E-03  3.69E-03 0.06378
29900.00 .3344482    0.00E+00 0.00E+00 0.00E+00 5.59E-08 5.00E-03 1.19E-08 1.07E-09 9.58E-05 9.31E-13 5.70E-08 5.09E-03  3.69E-03 0.06363
29910.00 .3343363    0.00E+00 0.00E+00 0.00E+00 5.40E-08 4.83E-03 1.15E-08 1.03E-09 9.24E-05 8.93E-13 5.50E-08 4.92E-03  3.69E-03 0.06347
29920.00 .3342246    0.00E+00 0.00E+00 0.00E+00 5.56E-08 4.98E-03 1.19E-08 1.06E-09 9.49E-05 9.15E-13 5.67E-08 5.07E-03  3.69E-03 0.06329
29930.00 .3341129    0.00E+00 0.00E+00 0.00E+00 5.35E-08 4.79E-03 1.15E-08 1.02E-09 9.11E-05 8.75E-13 5.45E-08 4.88E-03  3.70E-03 0.06310
29940.00 .3340013    0.00E+00 0.00E+00 0.00E+00 5.02E-08 4.50E-03 1.08E-08 9.52E-10 8.53E-05 8.17E-13 5.11E-08 4.58E-03  3.70E-03 0.06290
29950.00 .3338898    0.00E+00 0.00E+00 0.00E+00 4.61E-08 4.13E-03 9.96E-09 8.72E-10 7.82E-05 7.46E-13 4.69E-08 4.21E-03  3.70E-03 0.06273
29960.00 .3337783    0.00E+00 0.00E+00 0.00E+00 4.00E-08 3.59E-03 8.65E-09 7.55E-10 6.78E-05 6.44E-13 4.08E-08 3.66E-03  3.70E-03 0.06261
29970.00 .3336670    0.00E+00 0.00E+00 0.00E+00 4.24E-08 3.81E-03 9.14E-09 7.99E-10 7.17E-05 6.77E-13 4.32E-08 3.88E-03  3.70E-03 0.06261
29980.00 .3335557    0.00E+00 0.00E+00 0.00E+00 5.24E-08 4.71E-03 1.12E-08 9.86E-10 8.86E-05 8.30E-13 5.34E-08 4.80E-03  3.70E-03 0.06270
29990.00 .3334445    0.00E+00 0.00E+00 0.00E+00 5.68E-08 5.11E-03 1.21E-08 1.07E-09 9.60E-05 8.95E-13 5.79E-08 5.21E-03  3.70E-03 0.06276

                                             RADIANCE(WATTS/CM2-STER-XXX)

  FREQ  WAVELENGTH     PATH_THERMAL    SURFACE      PATH_SCATTERED_SOLAR   GROUND_REFLECTED_RADIANCE   TOTAL_RADIANCE   INTEGRAL    TOTAL
                                       EMISSION     TOTAL RAD      SINGLE        TOTAL        DIRECT                                TRANS
 (CM-1) (MICRON)       (CM-1)  (MICRN)   (CM-1)   (CM-1)  (MICRN)   (CM-1)   (CM-1)  (MICRN)   (CM-1)   (CM-1)  (MICRN)

30000.00 .3333333    0.00E+00 0.00E+00 0.00E+00 5.78E-08 5.20E-03 1.23E-08 1.08E-09 9.75E-05 9.04E-13 5.89E-08 5.30E-03  3.70E-03 0.06272
30010.00 .3332222    0.00E+00 0.00E+00 0.00E+00 5.84E-08 5.26E-03 1.25E-08 1.09E-09 9.83E-05 9.07E-13 5.95E-08 5.36E-03  3.70E-03 0.06264
30020.00 .3331113    0.00E+00 0.00E+00 0.00E+00 5.25E-08 4.73E-03 1.12E-08 9.79E-10 8.82E-05 8.11E-13 5.34E-08 4.82E-03  3.70E-03 0.06256
30030.00 .3330004    0.00E+00 0.00E+00 0.00E+00 4.96E-08 4.47E-03 1.06E-08 9.23E-10 8.32E-05 7.60E-13 5.05E-08 4.55E-03  3.70E-03 0.06248
30040.00 .3328895    0.00E+00 0.00E+00 0.00E+00 5.31E-08 4.79E-03 1.13E-08 9.86E-10 8.89E-05 8.09E-13 5.40E-08 4.88E-03  3.70E-03 0.06242
30050.00 .3327787    0.00E+00 0.00E+00 0.00E+00 5.74E-08 5.18E-03 1.22E-08 1.06E-09 9.60E-05 8.69E-13 5.84E-08 5.28E-03  3.70E-03 0.06236
30060.00 .3326679    0.00E+00 0.00E+00 0.00E+00 6.46E-08 5.84E-03 1.37E-08 1.19E-09 1.08E-04 9.72E-13 6.58E-08 5.94E-03  3.70E-03 0.06228
30070.00 .3325574    0.00E+00 0.00E+00 0.00E+00 6.33E-08 5.73E-03 1.35E-08 1.17E-09 1.06E-04 9.48E-13 6.45E-08 5.83E-03  3.70E-03 0.06219
30080.00 .3324468    0.00E+00 0.00E+00 0.00E+00 5.13E-08 4.64E-03 1.09E-08 9.44E-10 8.54E-05 7.63E-13 5.22E-08 4.72E-03  3.70E-03 0.06207
30090.00 .3323363    0.00E+00 0.00E+00 0.00E+00 4.87E-08 4.41E-03 1.04E-08 8.94E-10 8.09E-05 7.19E-13 4.96E-08 4.49E-03  3.70E-03 0.06195
30100.00 .3322259    0.00E+00 0.00E+00 0.00E+00 5.56E-08 5.04E-03 1.19E-08 1.02E-09 9.22E-05 8.16E-13 5.66E-08 5.13E-03  3.70E-03 0.06182
30110.00 .3321155    0.00E+00 0.00E+00 0.00E+00 5.81E-08 5.27E-03 1.24E-08 1.06E-09 9.62E-05 8.48E-13 5.91E-08 5.36E-03  3.70E-03 0.06167
30120.00 .3320054    0.00E+00 0.00E+00 0.00E+00 5.83E-08 5.29E-03 1.25E-08 1.06E-09 9.63E-05 8.45E-13 5.93E-08 5.38E-03  3.71E-03 0.06152
30130.00 .3318951    0.00E+00 0.00E+00 0.00E+00 5.77E-08 5.24E-03 1.24E-08 1.05E-09 9.51E-05 8.32E-13 5.87E-08 5.33E-03  3.71E-03 0.06135
30140.00 .3317850    0.00E+00 0.00E+00 0.00E+00 5.47E-08 4.97E-03 1.18E-08 9.90E-10 8.99E-05 7.84E-13 5.57E-08 5.06E-03  3.71E-03 0.06118
30150.00 .3316750    0.00E+00 0.00E+00 0.00E+00 4.88E-08 4.44E-03 1.05E-08 8.82E-10 8.02E-05 6.97E-13 4.97E-08 4.52E-03  3.71E-03 0.06098
30160.00 .3315649    0.00E+00 0.00E+00 0.00E+00 4.22E-08 3.83E-03 9.14E-09 7.59E-10 6.90E-05 5.98E-13 4.29E-08 3.90E-03  3.71E-03 0.06077
30170.00 .3314551    0.00E+00 0.00E+00 0.00E+00 4.24E-08 3.86E-03 9.24E-09 7.61E-10 6.93E-05 5.98E-13 4.32E-08 3.93E-03  3.71E-03 0.06055
30180.00 .3313453    0.00E+00 0.00E+00 0.00E+00 4.64E-08 4.23E-03 1.02E-08 8.30E-10 7.56E-05 6.51E-13 4.73E-08 4.30E-03  3.71E-03 0.06032
30190.00 .3312355    0.00E+00 0.00E+00 0.00E+00 4.65E-08 4.24E-03 1.02E-08 8.30E-10 7.56E-05 6.49E-13 4.73E-08 4.31E-03  3.71E-03 0.06011
30200.00 .3311258    0.00E+00 0.00E+00 0.00E+00 4.68E-08 4.27E-03 1.03E-08 8.33E-10 7.60E-05 6.49E-13 4.77E-08 4.35E-03  3.71E-03 0.05998
30210.00 .3310162    0.00E+00 0.00E+00 0.00E+00 4.93E-08 4.50E-03 1.08E-08 8.76E-10 7.99E-05 6.79E-13 5.02E-08 4.58E-03  3.71E-03 0.05999
30220.00 .3309067    0.00E+00 0.00E+00 0.00E+00 4.68E-08 4.27E-03 1.02E-08 8.30E-10 7.58E-05 6.40E-13 4.76E-08 4.35E-03  3.71E-03 0.06008
30230.00 .3307973    0.00E+00 0.00E+00 0.00E+00 3.98E-08 3.64E-03 8.66E-09 7.05E-10 6.45E-05 5.41E-13 4.06E-08 3.71E-03  3.71E-03 0.06007
30240.00 .3306878    0.00E+00 0.00E+00 0.00E+00 4.09E-08 3.74E-03 8.91E-09 7.22E-10 6.61E-05 5.52E-13 4.17E-08 3.81E-03  3.71E-03 0.05995
30250.00 .3305785    0.00E+00 0.00E+00 0.00E+00 4.95E-08 4.53E-03 1.08E-08 8.72E-10 7.98E-05 6.64E-13 5.04E-08 4.61E-03  3.71E-03 0.05979
30260.00 .3304692    0.00E+00 0.00E+00 0.00E+00 4.92E-08 4.51E-03 1.07E-08 8.65E-10 7.92E-05 6.57E-13 5.01E-08 4.59E-03  3.71E-03 0.05965
30270.00 .3303601    0.00E+00 0.00E+00 0.00E+00 4.80E-08 4.40E-03 1.05E-08 8.42E-10 7.72E-05 6.36E-13 4.89E-08 4.48E-03  3.71E-03 0.05960
30280.00 .3302510    0.00E+00 0.00E+00 0.00E+00 6.11E-08 5.60E-03 1.32E-08 1.07E-09 9.81E-05 8.02E-13 6.22E-08 5.70E-03  3.71E-03 0.05968
30290.00 .3301420    0.00E+00 0.00E+00 0.00E+00 6.94E-08 6.37E-03 1.50E-08 1.21E-09 1.11E-04 9.06E-13 7.07E-08 6.48E-03  3.71E-03 0.05979
30300.00 .3300330    0.00E+00 0.00E+00 0.00E+00 6.44E-08 5.91E-03 1.38E-08 1.12E-09 1.03E-04 8.35E-13 6.55E-08 6.02E-03  3.71E-03 0.05981
30310.00 .3299241    0.00E+00 0.00E+00 0.00E+00 6.03E-08 5.54E-03 1.30E-08 1.05E-09 9.65E-05 7.77E-13 6.14E-08 5.64E-03  3.72E-03 0.05974
30320.00 .3298154    0.00E+00 0.00E+00 0.00E+00 5.39E-08 4.96E-03 1.16E-08 9.37E-10 8.62E-05 6.90E-13 5.49E-08 5.04E-03  3.72E-03 0.05964
30330.00 .3297066    0.00E+00 0.00E+00 0.00E+00 4.97E-08 4.57E-03 1.07E-08 8.61E-10 7.92E-05 6.31E-13 5.06E-08 4.65E-03  3.72E-03 0.05955
30340.00 .3295979    0.00E+00 0.00E+00 0.00E+00 5.91E-08 5.44E-03 1.27E-08 1.02E-09 9.40E-05 7.45E-13 6.01E-08 5.53E-03  3.72E-03 0.05946
30350.00 .3294893    0.00E+00 0.00E+00 0.00E+00 6.82E-08 6.29E-03 1.47E-08 1.18E-09 1.08E-04 8.55E-13 6.94E-08 6.39E-03  3.72E-03 0.05937
30360.00 .3293807    0.00E+00 0.00E+00 0.00E+00 6.56E-08 6.05E-03 1.41E-08 1.13E-09 1.04E-04 8.18E-13 6.68E-08 6.15E-03  3.72E-03 0.05927
30370.00 .3292724    0.00E+00 0.00E+00 0.00E+00 5.85E-08 5.40E-03 1.26E-08 1.00E-09 9.26E-05 7.24E-13 5.95E-08 5.49E-03  3.72E-03 0.05914
30380.00 .3291639    0.00E+00 0.00E+00 0.00E+00 5.71E-08 5.27E-03 1.23E-08 9.77E-10 9.01E-05 7.02E-13 5.81E-08 5.36E-03  3.72E-03 0.05900
30390.00 .3290556    0.00E+00 0.00E+00 0.00E+00 5.67E-08 5.24E-03 1.23E-08 9.68E-10 8.94E-05 6.94E-13 5.77E-08 5.33E-03  3.72E-03 0.05884
30400.00 .3289474    0.00E+00 0.00E+00 0.00E+00 4.97E-08 4.59E-03 1.08E-08 8.45E-10 7.81E-05 6.04E-13 5.05E-08 4.67E-03  3.72E-03 0.05867
30410.00 .3288392    0.00E+00 0.00E+00 0.00E+00 4.37E-08 4.04E-03 9.51E-09 7.42E-10 6.86E-05 5.29E-13 4.45E-08 4.11E-03  3.72E-03 0.05849
30420.00 .3287311    0.00E+00 0.00E+00 0.00E+00 4.30E-08 3.98E-03 9.38E-09 7.26E-10 6.72E-05 5.16E-13 4.37E-08 4.04E-03  3.72E-03 0.05828
30430.00 .3286231    0.00E+00 0.00E+00 0.00E+00 4.34E-08 4.02E-03 9.52E-09 7.31E-10 6.77E-05 5.19E-13 4.41E-08 4.09E-03  3.72E-03 0.05805
30440.00 .3285151    0.00E+00 0.00E+00 0.00E+00 4.14E-08 3.83E-03 9.12E-09 6.95E-10 6.44E-05 4.92E-13 4.21E-08 3.90E-03  3.72E-03 0.05780
30450.00 .3284072    0.00E+00 0.00E+00 0.00E+00 3.94E-08 3.65E-03 8.73E-09 6.59E-10 6.11E-05 4.65E-13 4.00E-08 3.71E-03  3.72E-03 0.05754
30460.00 .3282994    0.00E+00 0.00E+00 0.00E+00 4.06E-08 3.77E-03 9.06E-09 6.77E-10 6.28E-05 4.77E-13 4.13E-08 3.83E-03  3.72E-03 0.05725
30470.00 .3281917    0.00E+00 0.00E+00 0.00E+00 4.04E-08 3.75E-03 9.08E-09 6.72E-10 6.24E-05 4.73E-13 4.11E-08 3.82E-03  3.72E-03 0.05695
30480.00 .3280840    0.00E+00 0.00E+00 0.00E+00 3.74E-08 3.48E-03 8.45E-09 6.20E-10 5.76E-05 4.35E-13 3.81E-08 3.54E-03  3.72E-03 0.05670
30490.00 .3279764    0.00E+00 0.00E+00 0.00E+00 3.67E-08 3.41E-03 8.28E-09 6.05E-10 5.63E-05 4.23E-13 3.73E-08 3.46E-03  3.72E-03 0.05659

                                             RADIANCE(WATTS/CM2-STER-XXX)

  FREQ  WAVELENGTH     PATH_THERMAL    SURFACE      PATH_SCATTERED_SOLAR   GROUND_REFLECTED_RADIANCE   TOTAL_RADIANCE   INTEGRAL    TOTAL
                                       EMISSION     TOTAL RAD      SINGLE        TOTAL        DIRECT                                TRANS
 (CM-1) (MICRON)       (CM-1)  (MICRN)   (CM-1)   (CM-1)  (MICRN)   (CM-1)   (CM-1)  (MICRN)   (CM-1)   (CM-1)  (MICRN)

30500.00 .3278688    0.00E+00 0.00E+00 0.00E+00 3.93E-08 3.66E-03 8.83E-09 6.49E-10 6.04E-05 4.51E-13 4.00E-08 3.72E-03  3.72E-03 0.05670
30510.00 .3277614    0.00E+00 0.00E+00 0.00E+00 4.26E-08 3.97E-03 9.47E-09 7.03E-10 6.54E-05 4.85E-13 4.33E-08 4.03E-03  3.73E-03 0.05692
30520.00 .3276540    0.00E+00 0.00E+00 0.00E+00 4.51E-08 4.21E-03 9.96E-09 7.44E-10 6.93E-05 5.10E-13 4.59E-08 4.27E-03  3.73E-03 0.05707
30530.00 .3275467    0.00E+00 0.00E+00 0.00E+00 4.70E-08 4.38E-03 1.03E-08 7.72E-10 7.20E-05 5.26E-13 4.77E-08 4.45E-03  3.73E-03 0.05704
30540.00 .3274394    0.00E+00 0.00E+00 0.00E+00 5.10E-08 4.76E-03 1.12E-08 8.36E-10 7.80E-05 5.68E-13 5.18E-08 4.83E-03  3.73E-03 0.05691
30550.00 .3273322    0.00E+00 0.00E+00 0.00E+00 5.03E-08 4.70E-03 1.11E-08 8.23E-10 7.68E-05 5.57E-13 5.11E-08 4.77E-03  3.73E-03 0.05677
30560.00 .3272251    0.00E+00 0.00E+00 0.00E+00 4.31E-08 4.02E-03 9.51E-09 7.03E-10 6.56E-05 4.74E-13 4.38E-08 4.09E-03  3.73E-03 0.05670
30570.00 .3271181    0.00E+00 0.00E+00 0.00E+00 4.24E-08 3.96E-03 9.32E-09 6.91E-10 6.45E-05 4.63E-13 4.31E-08 4.03E-03  3.73E-03 0.05674
30580.00 .3270111    0.00E+00 0.00E+00 0.00E+00 4.80E-08 4.48E-03 1.05E-08 7.80E-10 7.29E-05 5.19E-13 4.87E-08 4.56E-03  3.73E-03 0.05682
30590.00 .3269042    0.00E+00 0.00E+00 0.00E+00 5.05E-08 4.73E-03 1.10E-08 8.20E-10 7.67E-05 5.43E-13 5.13E-08 4.80E-03  3.73E-03 0.05684
30600.00 .3267974    0.00E+00 0.00E+00 0.00E+00 5.04E-08 4.72E-03 1.10E-08 8.16E-10 7.64E-05 5.38E-13 5.12E-08 4.79E-03  3.73E-03 0.05678
30610.00 .3266906    0.00E+00 0.00E+00 0.00E+00 5.01E-08 4.70E-03 1.09E-08 8.10E-10 7.59E-05 5.32E-13 5.09E-08 4.77E-03  3.73E-03 0.05666
30620.00 .3265840    0.00E+00 0.00E+00 0.00E+00 4.84E-08 4.54E-03 1.06E-08 7.80E-10 7.31E-05 5.11E-13 4.92E-08 4.61E-03  3.73E-03 0.05652
30630.00 .3264773    0.00E+00 0.00E+00 0.00E+00 4.92E-08 4.61E-03 1.08E-08 7.90E-10 7.41E-05 5.15E-13 5.00E-08 4.69E-03  3.73E-03 0.05637
30640.00 .3263707    0.00E+00 0.00E+00 0.00E+00 5.14E-08 4.82E-03 1.13E-08 8.23E-10 7.72E-05 5.35E-13 5.22E-08 4.90E-03  3.73E-03 0.05622
30650.00 .3262643    0.00E+00 0.00E+00 0.00E+00 4.77E-08 4.49E-03 1.05E-08 7.62E-10 7.16E-05 4.95E-13 4.85E-08 4.56E-03  3.73E-03 0.05606
30660.00 .3261578    0.00E+00 0.00E+00 0.00E+00 4.33E-08 4.07E-03 9.55E-09 6.89E-10 6.47E-05 4.45E-13 4.40E-08 4.13E-03  3.73E-03 0.05586
30670.00 .3260516    0.00E+00 0.00E+00 0.00E+00 4.36E-08 4.10E-03 9.68E-09 6.92E-10 6.51E-05 4.46E-13 4.43E-08 4.17E-03  3.73E-03 0.05564
30680.00 .3259453    0.00E+00 0.00E+00 0.00E+00 4.42E-08 4.16E-03 9.85E-09 6.98E-10 6.57E-05 4.49E-13 4.49E-08 4.22E-03  3.73E-03 0.05539
30690.00 .3258390    0.00E+00 0.00E+00 0.00E+00 4.34E-08 4.09E-03 9.75E-09 6.84E-10 6.44E-05 4.40E-13 4.41E-08 4.16E-03  3.73E-03 0.05511
30700.00 .3257329    0.00E+00 0.00E+00 0.00E+00 4.38E-08 4.12E-03 9.88E-09 6.86E-10 6.47E-05 4.40E-13 4.44E-08 4.19E-03  3.73E-03 0.05483
30710.00 .3256268    0.00E+00 0.00E+00 0.00E+00 3.91E-08 3.69E-03 8.88E-09 6.12E-10 5.77E-05 3.92E-13 3.97E-08 3.75E-03  3.73E-03 0.05459
30720.00 .3255209    0.00E+00 0.00E+00 0.00E+00 3.02E-08 2.85E-03 6.86E-09 4.71E-10 4.44E-05 3.00E-13 3.07E-08 2.89E-03  3.73E-03 0.05446
30730.00 .3254149    0.00E+00 0.00E+00 0.00E+00 2.90E-08 2.74E-03 6.58E-09 4.51E-10 4.26E-05 2.86E-13 2.95E-08 2.78E-03  3.74E-03 0.05443
30740.00 .3253090    0.00E+00 0.00E+00 0.00E+00 3.28E-08 3.10E-03 7.44E-09 5.08E-10 4.80E-05 3.21E-13 3.33E-08 3.14E-03  3.74E-03 0.05433
30750.00 .3252032    0.00E+00 0.00E+00 0.00E+00 3.20E-08 3.02E-03 7.30E-09 4.94E-10 4.68E-05 3.12E-13 3.25E-08 3.07E-03  3.74E-03 0.05407
30760.00 .3250975    0.00E+00 0.00E+00 0.00E+00 2.90E-08 2.74E-03 6.67E-09 4.47E-10 4.23E-05 2.81E-13 2.95E-08 2.79E-03  3.74E-03 0.05374
30770.00 .3249919    0.00E+00 0.00E+00 0.00E+00 2.63E-08 2.49E-03 6.09E-09 4.04E-10 3.82E-05 2.54E-13 2.67E-08 2.53E-03  3.74E-03 0.05346
30780.00 .3248863    0.00E+00 0.00E+00 0.00E+00 2.66E-08 2.52E-03 6.16E-09 4.07E-10 3.86E-05 2.55E-13 2.70E-08 2.56E-03  3.74E-03 0.05337
30790.00 .3247808    0.00E+00 0.00E+00 0.00E+00 3.27E-08 3.10E-03 7.47E-09 5.00E-10 4.74E-05 3.10E-13 3.32E-08 3.14E-03  3.74E-03 0.05357
30800.00 .3246753    0.00E+00 0.00E+00 0.00E+00 3.94E-08 3.74E-03 8.91E-09 6.03E-10 5.72E-05 3.71E-13 4.00E-08 3.80E-03  3.74E-03 0.05392
30810.00 .3245699    0.00E+00 0.00E+00 0.00E+00 3.85E-08 3.65E-03 8.64E-09 5.88E-10 5.58E-05 3.60E-13 3.90E-08 3.71E-03  3.74E-03 0.05408
30820.00 .3244647    0.00E+00 0.00E+00 0.00E+00 3.46E-08 3.28E-03 7.75E-09 5.27E-10 5.01E-05 3.21E-13 3.51E-08 3.33E-03  3.74E-03 0.05404
30830.00 .3243594    0.00E+00 0.00E+00 0.00E+00 3.53E-08 3.36E-03 7.93E-09 5.38E-10 5.11E-05 3.26E-13 3.59E-08 3.41E-03  3.74E-03 0.05394
30840.00 .3242542    0.00E+00 0.00E+00 0.00E+00 3.61E-08 3.43E-03 8.08E-09 5.48E-10 5.21E-05 3.30E-13 3.66E-08 3.48E-03  3.74E-03 0.05388
30850.00 .3241491    0.00E+00 0.00E+00 0.00E+00 3.30E-08 3.14E-03 7.37E-09 5.00E-10 4.76E-05 3.00E-13 3.35E-08 3.19E-03  3.74E-03 0.05389
30860.00 .3240440    0.00E+00 0.00E+00 0.00E+00 2.84E-08 2.70E-03 6.31E-09 4.29E-10 4.09E-05 2.56E-13 2.88E-08 2.74E-03  3.74E-03 0.05393
30870.00 .3239391    0.00E+00 0.00E+00 0.00E+00 2.91E-08 2.77E-03 6.46E-09 4.39E-10 4.18E-05 2.60E-13 2.95E-08 2.81E-03  3.74E-03 0.05392
30880.00 .3238342    0.00E+00 0.00E+00 0.00E+00 3.05E-08 2.91E-03 6.76E-09 4.59E-10 4.37E-05 2.71E-13 3.09E-08 2.95E-03  3.74E-03 0.05383
30890.00 .3237294    0.00E+00 0.00E+00 0.00E+00 2.82E-08 2.69E-03 6.29E-09 4.24E-10 4.04E-05 2.50E-13 2.87E-08 2.74E-03  3.74E-03 0.05367
30900.00 .3236246    0.00E+00 0.00E+00 0.00E+00 2.64E-08 2.53E-03 5.91E-09 3.96E-10 3.78E-05 2.32E-13 2.68E-08 2.56E-03  3.74E-03 0.05347
30910.00 .3235199    0.00E+00 0.00E+00 0.00E+00 2.47E-08 2.36E-03 5.54E-09 3.68E-10 3.52E-05 2.16E-13 2.51E-08 2.39E-03  3.74E-03 0.05326
30920.00 .3234153    0.00E+00 0.00E+00 0.00E+00 2.86E-08 2.73E-03 6.46E-09 4.24E-10 4.05E-05 2.48E-13 2.90E-08 2.77E-03  3.74E-03 0.05302
30930.00 .3233107    0.00E+00 0.00E+00 0.00E+00 3.32E-08 3.17E-03 7.53E-09 4.90E-10 4.69E-05 2.86E-13 3.37E-08 3.22E-03  3.74E-03 0.05275
30940.00 .3232062    0.00E+00 0.00E+00 0.00E+00 2.78E-08 2.66E-03 6.35E-09 4.10E-10 3.92E-05 2.39E-13 2.82E-08 2.70E-03  3.74E-03 0.05245
30950.00 .3231018    0.00E+00 0.00E+00 0.00E+00 2.02E-08 1.94E-03 4.66E-09 2.96E-10 2.84E-05 1.72E-13 2.05E-08 1.96E-03  3.74E-03 0.05211
30960.00 .3229974    0.00E+00 0.00E+00 0.00E+00 1.76E-08 1.69E-03 4.10E-09 2.56E-10 2.46E-05 1.49E-13 1.78E-08 1.71E-03  3.74E-03 0.05173
30970.00 .3228932    0.00E+00 0.00E+00 0.00E+00 1.63E-08 1.56E-03 3.84E-09 2.37E-10 2.27E-05 1.38E-13 1.66E-08 1.59E-03  3.74E-03 0.05134
30980.00 .3227889    0.00E+00 0.00E+00 0.00E+00 1.50E-08 1.44E-03 3.56E-09 2.17E-10 2.08E-05 1.26E-13 1.52E-08 1.46E-03  3.74E-03 0.05101
30990.00 .3226847    0.00E+00 0.00E+00 0.00E+00 1.72E-08 1.65E-03 4.07E-09 2.47E-10 2.37E-05 1.43E-13 1.74E-08 1.67E-03  3.74E-03 0.05087

                                             RADIANCE(WATTS/CM2-STER-XXX)

  FREQ  WAVELENGTH     PATH_THERMAL    SURFACE      PATH_SCATTERED_SOLAR   GROUND_REFLECTED_RADIANCE   TOTAL_RADIANCE   INTEGRAL    TOTAL
                                       EMISSION     TOTAL RAD      SINGLE        TOTAL        DIRECT                                TRANS
 (CM-1) (MICRON)       (CM-1)  (MICRN)   (CM-1)   (CM-1)  (MICRN)   (CM-1)   (CM-1)  (MICRN)   (CM-1)   (CM-1)  (MICRN)

31000.00 .3225806    0.00E+00 0.00E+00 0.00E+00 2.33E-08 2.24E-03 5.49E-09 3.35E-10 3.22E-05 1.92E-13 2.36E-08 2.27E-03  3.74E-03 0.05095
31010.00 .3224766    0.00E+00 0.00E+00 0.00E+00 2.63E-08 2.53E-03 6.18E-09 3.78E-10 3.63E-05 2.16E-13 2.67E-08 2.56E-03  3.74E-03 0.05103
31020.00 .3223727    0.00E+00 0.00E+00 0.00E+00 2.34E-08 2.25E-03 5.52E-09 3.36E-10 3.23E-05 1.91E-13 2.38E-08 2.29E-03  3.74E-03 0.05088
31030.00 .3222688    0.00E+00 0.00E+00 0.00E+00 2.25E-08 2.17E-03 5.36E-09 3.21E-10 3.10E-05 1.82E-13 2.29E-08 2.20E-03  3.74E-03 0.05058
31040.00 .3221650    0.00E+00 0.00E+00 0.00E+00 2.39E-08 2.31E-03 5.72E-09 3.40E-10 3.28E-05 1.93E-13 2.43E-08 2.34E-03  3.74E-03 0.05031
31050.00 .3220612    0.00E+00 0.00E+00 0.00E+00 2.46E-08 2.37E-03 5.85E-09 3.48E-10 3.36E-05 1.96E-13 2.49E-08 2.40E-03  3.74E-03 0.05028
31060.00 .3219575    0.00E+00 0.00E+00 0.00E+00 2.67E-08 2.58E-03 6.29E-09 3.79E-10 3.66E-05 2.12E-13 2.71E-08 2.61E-03  3.74E-03 0.05057
31070.00 .3218539    0.00E+00 0.00E+00 0.00E+00 2.73E-08 2.64E-03 6.34E-09 3.88E-10 3.74E-05 2.15E-13 2.77E-08 2.67E-03  3.74E-03 0.05096
31080.00 .3217503    0.00E+00 0.00E+00 0.00E+00 2.95E-08 2.85E-03 6.78E-09 4.18E-10 4.04E-05 2.30E-13 2.99E-08 2.89E-03  3.75E-03 0.05113
31090.00 .3216468    0.00E+00 0.00E+00 0.00E+00 3.03E-08 2.93E-03 6.96E-09 4.29E-10 4.15E-05 2.35E-13 3.07E-08 2.97E-03  3.75E-03 0.05109
31100.00 .3215434    0.00E+00 0.00E+00 0.00E+00 2.22E-08 2.15E-03 5.11E-09 3.14E-10 3.04E-05 1.71E-13 2.25E-08 2.18E-03  3.75E-03 0.05097
31110.00 .3214400    0.00E+00 0.00E+00 0.00E+00 1.89E-08 1.83E-03 4.34E-09 2.66E-10 2.57E-05 1.44E-13 1.91E-08 1.85E-03  3.75E-03 0.05086
31120.00 .3213368    0.00E+00 0.00E+00 0.00E+00 2.30E-08 2.22E-03 5.28E-09 3.23E-10 3.13E-05 1.74E-13 2.33E-08 2.26E-03  3.75E-03 0.05080
31130.00 .3212336    0.00E+00 0.00E+00 0.00E+00 2.20E-08 2.13E-03 5.05E-09 3.08E-10 2.98E-05 1.66E-13 2.23E-08 2.16E-03  3.75E-03 0.05075
31140.00 .3211304    0.00E+00 0.00E+00 0.00E+00 1.99E-08 1.93E-03 4.57E-09 2.78E-10 2.69E-05 1.49E-13 2.02E-08 1.95E-03  3.75E-03 0.05065
31150.00 .3210273    0.00E+00 0.00E+00 0.00E+00 2.39E-08 2.32E-03 5.52E-09 3.32E-10 3.22E-05 1.77E-13 2.42E-08 2.35E-03  3.75E-03 0.05048
31160.00 .3209242    0.00E+00 0.00E+00 0.00E+00 3.02E-08 2.93E-03 7.02E-09 4.19E-10 4.07E-05 2.23E-13 3.06E-08 2.97E-03  3.75E-03 0.05024
31170.00 .3208213    0.00E+00 0.00E+00 0.00E+00 3.32E-08 3.22E-03 7.75E-09 4.58E-10 4.45E-05 2.44E-13 3.36E-08 3.27E-03  3.75E-03 0.04995
31180.00 .3207184    0.00E+00 0.00E+00 0.00E+00 3.16E-08 3.08E-03 7.45E-09 4.35E-10 4.23E-05 2.31E-13 3.21E-08 3.12E-03  3.75E-03 0.04965
31190.00 .3206156    0.00E+00 0.00E+00 0.00E+00 3.00E-08 2.92E-03 7.12E-09 4.11E-10 4.00E-05 2.18E-13 3.04E-08 2.96E-03  3.75E-03 0.04939
31200.00 .3205128    0.00E+00 0.00E+00 0.00E+00 2.79E-08 2.71E-03 6.64E-09 3.80E-10 3.70E-05 2.01E-13 2.83E-08 2.75E-03  3.75E-03 0.04916
31210.00 .3204101    0.00E+00 0.00E+00 0.00E+00 2.23E-08 2.17E-03 5.34E-09 3.03E-10 2.95E-05 1.60E-13 2.26E-08 2.20E-03  3.75E-03 0.04888
31220.00 .3203075    0.00E+00 0.00E+00 0.00E+00 2.00E-08 1.95E-03 4.85E-09 2.70E-10 2.63E-05 1.42E-13 2.03E-08 1.97E-03  3.75E-03 0.04851
31230.00 .3202049    0.00E+00 0.00E+00 0.00E+00 2.00E-08 1.95E-03 4.89E-09 2.69E-10 2.62E-05 1.41E-13 2.03E-08 1.98E-03  3.75E-03 0.04810
31240.00 .3201024    0.00E+00 0.00E+00 0.00E+00 1.93E-08 1.88E-03 4.76E-09 2.58E-10 2.52E-05 1.35E-13 1.96E-08 1.91E-03  3.75E-03 0.04779
31250.00 .3200001    0.00E+00 0.00E+00 0.00E+00 2.30E-08 2.25E-03 5.68E-09 3.07E-10 3.00E-05 1.60E-13 2.34E-08 2.28E-03  3.75E-03 0.04775
31260.00 .3198976    0.00E+00 0.00E+00 0.00E+00 2.42E-08 2.36E-03 5.93E-09 3.22E-10 3.15E-05 1.67E-13 2.45E-08 2.39E-03  3.75E-03 0.04785
31270.00 .3197953    0.00E+00 0.00E+00 0.00E+00 1.96E-08 1.92E-03 4.79E-09 2.61E-10 2.55E-05 1.35E-13 1.99E-08 1.94E-03  3.75E-03 0.04785
31280.00 .3196931    0.00E+00 0.00E+00 0.00E+00 1.77E-08 1.73E-03 4.33E-09 2.34E-10 2.29E-05 1.21E-13 1.79E-08 1.75E-03  3.75E-03 0.04768
31290.00 .3195909    0.00E+00 0.00E+00 0.00E+00 1.73E-08 1.69E-03 4.25E-09 2.28E-10 2.23E-05 1.17E-13 1.75E-08 1.72E-03  3.75E-03 0.04752
31300.00 .3194889    0.00E+00 0.00E+00 0.00E+00 1.49E-08 1.46E-03 3.65E-09 1.96E-10 1.92E-05 1.00E-13 1.51E-08 1.48E-03  3.75E-03 0.04755
31310.00 .3193868    0.00E+00 0.00E+00 0.00E+00 1.31E-08 1.28E-03 3.18E-09 1.73E-10 1.69E-05 8.74E-14 1.33E-08 1.30E-03  3.75E-03 0.04779
31320.00 .3192848    0.00E+00 0.00E+00 0.00E+00 1.47E-08 1.44E-03 3.52E-09 1.93E-10 1.90E-05 9.71E-14 1.49E-08 1.46E-03  3.75E-03 0.04802
31330.00 .3191829    0.00E+00 0.00E+00 0.00E+00 2.14E-08 2.10E-03 5.10E-09 2.82E-10 2.76E-05 1.40E-13 2.17E-08 2.13E-03  3.75E-03 0.04810
31340.00 .3190810    0.00E+00 0.00E+00 0.00E+00 2.99E-08 2.93E-03 7.12E-09 3.92E-10 3.85E-05 1.95E-13 3.02E-08 2.97E-03  3.75E-03 0.04802
31350.00 .3189793    0.00E+00 0.00E+00 0.00E+00 3.05E-08 3.00E-03 7.29E-09 4.00E-10 3.93E-05 1.98E-13 3.09E-08 3.04E-03  3.75E-03 0.04784
31360.00 .3188775    0.00E+00 0.00E+00 0.00E+00 2.37E-08 2.33E-03 5.69E-09 3.09E-10 3.04E-05 1.53E-13 2.40E-08 2.36E-03  3.75E-03 0.04763
31370.00 .3187759    0.00E+00 0.00E+00 0.00E+00 1.90E-08 1.87E-03 4.59E-09 2.47E-10 2.43E-05 1.22E-13 1.93E-08 1.90E-03  3.75E-03 0.04746
31380.00 .3186743    0.00E+00 0.00E+00 0.00E+00 1.78E-08 1.76E-03 4.32E-09 2.31E-10 2.28E-05 1.14E-13 1.81E-08 1.78E-03  3.75E-03 0.04729
31390.00 .3185728    0.00E+00 0.00E+00 0.00E+00 1.61E-08 1.59E-03 3.91E-09 2.08E-10 2.05E-05 1.02E-13 1.63E-08 1.61E-03  3.75E-03 0.04709
31400.00 .3184714    0.00E+00 0.00E+00 0.00E+00 1.42E-08 1.40E-03 3.48E-09 1.83E-10 1.80E-05 8.92E-14 1.44E-08 1.42E-03  3.75E-03 0.04682
31410.00 .3183700    0.00E+00 0.00E+00 0.00E+00 1.21E-08 1.19E-03 2.97E-09 1.54E-10 1.52E-05 7.52E-14 1.22E-08 1.20E-03  3.75E-03 0.04649
31420.00 .3182686    0.00E+00 0.00E+00 0.00E+00 1.04E-08 1.03E-03 2.60E-09 1.33E-10 1.31E-05 6.46E-14 1.06E-08 1.04E-03  3.75E-03 0.04616
31430.00 .3181674    0.00E+00 0.00E+00 0.00E+00 1.07E-08 1.06E-03 2.68E-09 1.35E-10 1.34E-05 6.56E-14 1.08E-08 1.07E-03  3.75E-03 0.04588
31440.00 .3180661    0.00E+00 0.00E+00 0.00E+00 1.19E-08 1.18E-03 3.01E-09 1.50E-10 1.49E-05 7.27E-14 1.21E-08 1.19E-03  3.75E-03 0.04566
31450.00 .3179651    0.00E+00 0.00E+00 0.00E+00 1.45E-08 1.43E-03 3.68E-09 1.82E-10 1.80E-05 8.76E-14 1.47E-08 1.45E-03  3.75E-03 0.04540
31460.00 .3178639    0.00E+00 0.00E+00 0.00E+00 1.77E-08 1.75E-03 4.52E-09 2.20E-10 2.18E-05 1.06E-13 1.79E-08 1.77E-03  3.75E-03 0.04507
31470.00 .3177629    0.00E+00 0.00E+00 0.00E+00 1.97E-08 1.95E-03 5.09E-09 2.45E-10 2.42E-05 1.17E-13 2.00E-08 1.98E-03  3.75E-03 0.04478
31480.00 .3176620    0.00E+00 0.00E+00 0.00E+00 1.91E-08 1.89E-03 4.93E-09 2.36E-10 2.34E-05 1.13E-13 1.93E-08 1.92E-03  3.75E-03 0.04469
31490.00 .3175611    0.00E+00 0.00E+00 0.00E+00 1.75E-08 1.73E-03 4.49E-09 2.16E-10 2.14E-05 1.03E-13 1.77E-08 1.76E-03  3.75E-03 0.04479

                                             RADIANCE(WATTS/CM2-STER-XXX)

  FREQ  WAVELENGTH     PATH_THERMAL    SURFACE      PATH_SCATTERED_SOLAR   GROUND_REFLECTED_RADIANCE   TOTAL_RADIANCE   INTEGRAL    TOTAL
                                       EMISSION     TOTAL RAD      SINGLE        TOTAL        DIRECT                                TRANS
 (CM-1) (MICRON)       (CM-1)  (MICRN)   (CM-1)   (CM-1)  (MICRN)   (CM-1)   (CM-1)  (MICRN)   (CM-1)   (CM-1)  (MICRN)

31500.00 .3174604    0.00E+00 0.00E+00 0.00E+00 1.82E-08 1.81E-03 4.65E-09 2.25E-10 2.23E-05 1.06E-13 1.85E-08 1.83E-03  3.75E-03 0.04490
31510.00 .3173596    0.00E+00 0.00E+00 0.00E+00 2.00E-08 1.99E-03 5.10E-09 2.47E-10 2.45E-05 1.16E-13 2.03E-08 2.01E-03  3.75E-03 0.04486
31520.00 .3172589    0.00E+00 0.00E+00 0.00E+00 2.03E-08 2.02E-03 5.17E-09 2.49E-10 2.47E-05 1.17E-13 2.05E-08 2.04E-03  3.75E-03 0.04472
31530.00 .3171583    0.00E+00 0.00E+00 0.00E+00 1.88E-08 1.87E-03 4.81E-09 2.30E-10 2.29E-05 1.07E-13 1.90E-08 1.89E-03  3.75E-03 0.04460
31540.00 .3170577    0.00E+00 0.00E+00 0.00E+00 1.55E-08 1.54E-03 3.96E-09 1.89E-10 1.88E-05 8.79E-14 1.57E-08 1.56E-03  3.75E-03 0.04459
31550.00 .3169572    0.00E+00 0.00E+00 0.00E+00 1.32E-08 1.32E-03 3.36E-09 1.61E-10 1.61E-05 7.45E-14 1.34E-08 1.33E-03  3.75E-03 0.04466
31560.00 .3168568    0.00E+00 0.00E+00 0.00E+00 1.33E-08 1.33E-03 3.36E-09 1.62E-10 1.61E-05 7.44E-14 1.35E-08 1.34E-03  3.75E-03 0.04470
31570.00 .3167564    0.00E+00 0.00E+00 0.00E+00 1.30E-08 1.30E-03 3.29E-09 1.58E-10 1.58E-05 7.23E-14 1.32E-08 1.31E-03  3.75E-03 0.04460
31580.00 .3166561    0.00E+00 0.00E+00 0.00E+00 1.22E-08 1.21E-03 3.09E-09 1.47E-10 1.47E-05 6.71E-14 1.23E-08 1.23E-03  3.76E-03 0.04439
31590.00 .3165559    0.00E+00 0.00E+00 0.00E+00 1.27E-08 1.27E-03 3.25E-09 1.53E-10 1.53E-05 6.95E-14 1.29E-08 1.29E-03  3.76E-03 0.04415
31600.00 .3164557    0.00E+00 0.00E+00 0.00E+00 1.36E-08 1.36E-03 3.50E-09 1.63E-10 1.63E-05 7.39E-14 1.38E-08 1.38E-03  3.76E-03 0.04392
31610.00 .3163556    0.00E+00 0.00E+00 0.00E+00 1.14E-08 1.14E-03 2.93E-09 1.36E-10 1.35E-05 6.13E-14 1.15E-08 1.15E-03  3.76E-03 0.04371
31620.00 .3162555    0.00E+00 0.00E+00 0.00E+00 8.70E-09 8.69E-04 2.25E-09 1.03E-10 1.03E-05 4.65E-14 8.80E-09 8.80E-04  3.76E-03 0.04351
31630.00 .3161556    0.00E+00 0.00E+00 0.00E+00 8.35E-09 8.35E-04 2.18E-09 9.87E-11 9.87E-06 4.43E-14 8.45E-09 8.45E-04  3.76E-03 0.04329
31640.00 .3160556    0.00E+00 0.00E+00 0.00E+00 7.74E-09 7.75E-04 2.03E-09 9.11E-11 9.12E-06 4.07E-14 7.83E-09 7.84E-04  3.76E-03 0.04301
31650.00 .3159558    0.00E+00 0.00E+00 0.00E+00 6.57E-09 6.58E-04 1.74E-09 7.68E-11 7.70E-06 3.43E-14 6.65E-09 6.66E-04  3.76E-03 0.04267
31660.00 .3158560    0.00E+00 0.00E+00 0.00E+00 6.65E-09 6.67E-04 1.78E-09 7.72E-11 7.74E-06 3.44E-14 6.73E-09 6.75E-04  3.76E-03 0.04231
31670.00 .3157562    0.00E+00 0.00E+00 0.00E+00 8.22E-09 8.25E-04 2.22E-09 9.48E-11 9.50E-06 4.20E-14 8.32E-09 8.34E-04  3.76E-03 0.04197
31680.00 .3156566    0.00E+00 0.00E+00 0.00E+00 1.00E-08 1.00E-03 2.72E-09 1.15E-10 1.15E-05 5.07E-14 1.01E-08 1.01E-03  3.76E-03 0.04172
31690.00 .3155569    0.00E+00 0.00E+00 0.00E+00 1.19E-08 1.20E-03 3.24E-09 1.36E-10 1.37E-05 6.00E-14 1.21E-08 1.21E-03  3.76E-03 0.04168
31700.00 .3154575    0.00E+00 0.00E+00 0.00E+00 1.37E-08 1.37E-03 3.68E-09 1.56E-10 1.57E-05 6.84E-14 1.38E-08 1.39E-03  3.76E-03 0.04185
31710.00 .3153579    0.00E+00 0.00E+00 0.00E+00 1.32E-08 1.33E-03 3.53E-09 1.51E-10 1.52E-05 6.58E-14 1.34E-08 1.34E-03  3.76E-03 0.04204
31720.00 .3152585    0.00E+00 0.00E+00 0.00E+00 1.24E-08 1.25E-03 3.29E-09 1.42E-10 1.43E-05 6.13E-14 1.25E-08 1.26E-03  3.76E-03 0.04210
31730.00 .3151592    0.00E+00 0.00E+00 0.00E+00 1.31E-08 1.32E-03 3.49E-09 1.50E-10 1.51E-05 6.46E-14 1.33E-08 1.34E-03  3.76E-03 0.04206
31740.00 .3150598    0.00E+00 0.00E+00 0.00E+00 1.40E-08 1.41E-03 3.71E-09 1.59E-10 1.60E-05 6.82E-14 1.41E-08 1.42E-03  3.76E-03 0.04195
31750.00 .3149607    0.00E+00 0.00E+00 0.00E+00 1.27E-08 1.28E-03 3.38E-09 1.44E-10 1.45E-05 6.16E-14 1.28E-08 1.29E-03  3.76E-03 0.04183
31760.00 .3148614    0.00E+00 0.00E+00 0.00E+00 1.02E-08 1.03E-03 2.73E-09 1.16E-10 1.17E-05 4.92E-14 1.03E-08 1.04E-03  3.76E-03 0.04174
31770.00 .3147624    0.00E+00 0.00E+00 0.00E+00 9.92E-09 1.00E-03 2.64E-09 1.12E-10 1.13E-05 4.73E-14 1.00E-08 1.01E-03  3.76E-03 0.04168
31780.00 .3146633    0.00E+00 0.00E+00 0.00E+00 8.87E-09 8.96E-04 2.36E-09 9.97E-11 1.01E-05 4.21E-14 8.97E-09 9.06E-04  3.76E-03 0.04159
31790.00 .3145643    0.00E+00 0.00E+00 0.00E+00 5.62E-09 5.68E-04 1.50E-09 6.30E-11 6.36E-06 2.65E-14 5.69E-09 5.75E-04  3.76E-03 0.04140
31800.00 .3144654    0.00E+00 0.00E+00 0.00E+00 4.83E-09 4.89E-04 1.31E-09 5.37E-11 5.43E-06 2.25E-14 4.89E-09 4.94E-04  3.76E-03 0.04111
31810.00 .3143665    0.00E+00 0.00E+00 0.00E+00 7.74E-09 7.83E-04 2.11E-09 8.53E-11 8.63E-06 3.56E-14 7.83E-09 7.92E-04  3.76E-03 0.04078
31820.00 .3142678    0.00E+00 0.00E+00 0.00E+00 1.04E-08 1.05E-03 2.85E-09 1.14E-10 1.15E-05 4.74E-14 1.05E-08 1.06E-03  3.76E-03 0.04045
31830.00 .3141690    0.00E+00 0.00E+00 0.00E+00 1.01E-08 1.03E-03 2.80E-09 1.11E-10 1.12E-05 4.59E-14 1.02E-08 1.04E-03  3.76E-03 0.04014
31840.00 .3140703    0.00E+00 0.00E+00 0.00E+00 9.33E-09 9.46E-04 2.60E-09 1.01E-10 1.03E-05 4.19E-14 9.43E-09 9.56E-04  3.76E-03 0.03984
31850.00 .3139718    0.00E+00 0.00E+00 0.00E+00 9.94E-09 1.01E-03 2.80E-09 1.07E-10 1.09E-05 4.41E-14 1.00E-08 1.02E-03  3.76E-03 0.03956
31860.00 .3138732    0.00E+00 0.00E+00 0.00E+00 9.67E-09 9.82E-04 2.74E-09 1.04E-10 1.05E-05 4.26E-14 9.78E-09 9.93E-04  3.76E-03 0.03926
31870.00 .3137747    0.00E+00 0.00E+00 0.00E+00 8.08E-09 8.20E-04 2.30E-09 8.61E-11 8.74E-06 3.53E-14 8.16E-09 8.29E-04  3.76E-03 0.03899
31880.00 .3136763    0.00E+00 0.00E+00 0.00E+00 7.20E-09 7.31E-04 2.07E-09 7.62E-11 7.75E-06 3.11E-14 7.27E-09 7.39E-04  3.76E-03 0.03875
31890.00 .3135779    0.00E+00 0.00E+00 0.00E+00 6.43E-09 6.54E-04 1.85E-09 6.78E-11 6.89E-06 2.76E-14 6.50E-09 6.61E-04  3.76E-03 0.03858
31900.00 .3134797    0.00E+00 0.00E+00 0.00E+00 6.24E-09 6.35E-04 1.79E-09 6.56E-11 6.68E-06 2.65E-14 6.30E-09 6.41E-04  3.76E-03 0.03857
31910.00 .3133814    0.00E+00 0.00E+00 0.00E+00 7.13E-09 7.26E-04 2.04E-09 7.49E-11 7.62E-06 3.01E-14 7.20E-09 7.33E-04  3.76E-03 0.03868
31920.00 .3132832    0.00E+00 0.00E+00 0.00E+00 7.21E-09 7.35E-04 2.05E-09 7.57E-11 7.72E-06 3.03E-14 7.29E-09 7.42E-04  3.76E-03 0.03877
31930.00 .3131851    0.00E+00 0.00E+00 0.00E+00 7.17E-09 7.31E-04 2.04E-09 7.52E-11 7.67E-06 2.99E-14 7.25E-09 7.39E-04  3.76E-03 0.03877
31940.00 .3130870    0.00E+00 0.00E+00 0.00E+00 7.78E-09 7.94E-04 2.21E-09 8.13E-11 8.29E-06 3.22E-14 7.86E-09 8.02E-04  3.76E-03 0.03869
31950.00 .3129891    0.00E+00 0.00E+00 0.00E+00 7.78E-09 7.95E-04 2.21E-09 8.11E-11 8.27E-06 3.20E-14 7.87E-09 8.03E-04  3.76E-03 0.03857
31960.00 .3128911    0.00E+00 0.00E+00 0.00E+00 8.03E-09 8.20E-04 2.29E-09 8.33E-11 8.50E-06 3.27E-14 8.11E-09 8.28E-04  3.76E-03 0.03845
31970.00 .3127933    0.00E+00 0.00E+00 0.00E+00 8.31E-09 8.49E-04 2.37E-09 8.59E-11 8.78E-06 3.36E-14 8.40E-09 8.58E-04  3.76E-03 0.03832
31980.00 .3126954    0.00E+00 0.00E+00 0.00E+00 7.30E-09 7.47E-04 2.09E-09 7.52E-11 7.69E-06 2.93E-14 7.38E-09 7.54E-04  3.76E-03 0.03817
31990.00 .3125977    0.00E+00 0.00E+00 0.00E+00 6.91E-09 7.07E-04 1.99E-09 7.08E-11 7.25E-06 2.75E-14 6.98E-09 7.15E-04  3.76E-03 0.03800

                                             RADIANCE(WATTS/CM2-STER-XXX)

  FREQ  WAVELENGTH     PATH_THERMAL    SURFACE      PATH_SCATTERED_SOLAR   GROUND_REFLECTED_RADIANCE   TOTAL_RADIANCE   INTEGRAL    TOTAL
                                       EMISSION     TOTAL RAD      SINGLE        TOTAL        DIRECT                                TRANS
 (CM-1) (MICRON)       (CM-1)  (MICRN)   (CM-1)   (CM-1)  (MICRN)   (CM-1)   (CM-1)  (MICRN)   (CM-1)   (CM-1)  (MICRN)

32000.00 .3125000    0.00E+00 0.00E+00 0.00E+00 7.09E-09 7.26E-04 2.05E-09 7.23E-11 7.41E-06 2.80E-14 7.17E-09 7.34E-04  3.76E-03 0.03778
32010.00 .3124024    0.00E+00 0.00E+00 0.00E+00 5.84E-09 5.98E-04 1.70E-09 5.92E-11 6.07E-06 2.28E-14 5.90E-09 6.04E-04  3.76E-03 0.03753
32020.00 .3123048    0.00E+00 0.00E+00 0.00E+00 5.12E-09 5.24E-04 1.50E-09 5.15E-11 5.28E-06 1.98E-14 5.17E-09 5.30E-04  3.76E-03 0.03732
32030.00 .3122073    0.00E+00 0.00E+00 0.00E+00 5.43E-09 5.57E-04 1.59E-09 5.44E-11 5.58E-06 2.08E-14 5.48E-09 5.62E-04  3.76E-03 0.03714
32040.00 .3121099    0.00E+00 0.00E+00 0.00E+00 4.70E-09 4.82E-04 1.38E-09 4.69E-11 4.81E-06 1.78E-14 4.74E-09 4.87E-04  3.76E-03 0.03695
32050.00 .3120125    0.00E+00 0.00E+00 0.00E+00 3.90E-09 4.01E-04 1.16E-09 3.87E-11 3.97E-06 1.47E-14 3.94E-09 4.05E-04  3.76E-03 0.03673
32060.00 .3119152    0.00E+00 0.00E+00 0.00E+00 4.12E-09 4.24E-04 1.23E-09 4.06E-11 4.17E-06 1.53E-14 4.16E-09 4.28E-04  3.76E-03 0.03646
32070.00 .3118179    0.00E+00 0.00E+00 0.00E+00 4.84E-09 4.97E-04 1.46E-09 4.73E-11 4.86E-06 1.78E-14 4.88E-09 5.02E-04  3.76E-03 0.03615
32080.00 .3117207    0.00E+00 0.00E+00 0.00E+00 5.35E-09 5.50E-04 1.63E-09 5.19E-11 5.34E-06 1.94E-14 5.40E-09 5.55E-04  3.76E-03 0.03581
32090.00 .3116235    0.00E+00 0.00E+00 0.00E+00 5.08E-09 5.23E-04 1.56E-09 4.89E-11 5.04E-06 1.82E-14 5.12E-09 5.28E-04  3.76E-03 0.03548
32100.00 .3115265    0.00E+00 0.00E+00 0.00E+00 4.77E-09 4.92E-04 1.47E-09 4.57E-11 4.70E-06 1.69E-14 4.82E-09 4.96E-04  3.76E-03 0.03522
32110.00 .3114295    0.00E+00 0.00E+00 0.00E+00 5.21E-09 5.37E-04 1.61E-09 4.96E-11 5.11E-06 1.83E-14 5.26E-09 5.42E-04  3.76E-03 0.03507
32120.00 .3113325    0.00E+00 0.00E+00 0.00E+00 5.47E-09 5.64E-04 1.69E-09 5.19E-11 5.36E-06 1.91E-14 5.52E-09 5.70E-04  3.76E-03 0.03502
32130.00 .3112356    0.00E+00 0.00E+00 0.00E+00 4.95E-09 5.11E-04 1.53E-09 4.69E-11 4.84E-06 1.72E-14 5.00E-09 5.16E-04  3.76E-03 0.03500
32140.00 .3111387    0.00E+00 0.00E+00 0.00E+00 4.83E-09 4.99E-04 1.50E-09 4.56E-11 4.71E-06 1.66E-14 4.88E-09 5.04E-04  3.76E-03 0.03494
32150.00 .3110420    0.00E+00 0.00E+00 0.00E+00 5.38E-09 5.56E-04 1.67E-09 5.06E-11 5.23E-06 1.83E-14 5.43E-09 5.61E-04  3.76E-03 0.03483
32160.00 .3109453    0.00E+00 0.00E+00 0.00E+00 5.35E-09 5.54E-04 1.66E-09 5.01E-11 5.18E-06 1.81E-14 5.40E-09 5.59E-04  3.76E-03 0.03468
32170.00 .3108486    0.00E+00 0.00E+00 0.00E+00 4.83E-09 5.00E-04 1.51E-09 4.50E-11 4.66E-06 1.62E-14 4.88E-09 5.05E-04  3.76E-03 0.03450
32180.00 .3107520    0.00E+00 0.00E+00 0.00E+00 4.28E-09 4.43E-04 1.34E-09 3.96E-11 4.10E-06 1.42E-14 4.32E-09 4.47E-04  3.76E-03 0.03435
32190.00 .3106555    0.00E+00 0.00E+00 0.00E+00 3.75E-09 3.89E-04 1.18E-09 3.46E-11 3.59E-06 1.23E-14 3.79E-09 3.92E-04  3.76E-03 0.03420
32200.00 .3105590    0.00E+00 0.00E+00 0.00E+00 3.63E-09 3.77E-04 1.15E-09 3.33E-11 3.46E-06 1.18E-14 3.67E-09 3.80E-04  3.76E-03 0.03400
32210.00 .3104626    0.00E+00 0.00E+00 0.00E+00 3.67E-09 3.81E-04 1.17E-09 3.35E-11 3.47E-06 1.18E-14 3.70E-09 3.84E-04  3.76E-03 0.03376
32220.00 .3103662    0.00E+00 0.00E+00 0.00E+00 3.07E-09 3.19E-04 9.80E-10 2.78E-11 2.89E-06 9.78E-15 3.10E-09 3.22E-04  3.76E-03 0.03355
32230.00 .3102700    0.00E+00 0.00E+00 0.00E+00 1.84E-09 1.91E-04 5.88E-10 1.66E-11 1.73E-06 5.82E-15 1.86E-09 1.93E-04  3.76E-03 0.03345
32240.00 .3101737    0.00E+00 0.00E+00 0.00E+00 1.08E-09 1.12E-04 3.43E-10 9.68E-12 1.01E-06 3.37E-15 1.09E-09 1.13E-04  3.76E-03 0.03343
32250.00 .3100775    0.00E+00 0.00E+00 0.00E+00 1.27E-09 1.32E-04 4.05E-10 1.14E-11 1.18E-06 3.94E-15 1.28E-09 1.33E-04  3.76E-03 0.03339
32260.00 .3099814    0.00E+00 0.00E+00 0.00E+00 2.21E-09 2.30E-04 7.04E-10 1.97E-11 2.05E-06 6.77E-15 2.23E-09 2.32E-04  3.76E-03 0.03332
32270.00 .3098854    0.00E+00 0.00E+00 0.00E+00 2.67E-09 2.78E-04 8.53E-10 2.38E-11 2.48E-06 8.15E-15 2.69E-09 2.80E-04  3.76E-03 0.03322
32280.00 .3097894    0.00E+00 0.00E+00 0.00E+00 2.30E-09 2.40E-04 7.37E-10 2.04E-11 2.12E-06 6.96E-15 2.32E-09 2.42E-04  3.76E-03 0.03309
32290.00 .3096934    0.00E+00 0.00E+00 0.00E+00 2.48E-09 2.58E-04 7.98E-10 2.18E-11 2.27E-06 7.39E-15 2.50E-09 2.60E-04  3.76E-03 0.03289
32300.00 .3095976    0.00E+00 0.00E+00 0.00E+00 2.72E-09 2.83E-04 8.81E-10 2.38E-11 2.48E-06 8.03E-15 2.74E-09 2.86E-04  3.76E-03 0.03260
32310.00 .3095017    0.00E+00 0.00E+00 0.00E+00 2.04E-09 2.13E-04 6.65E-10 1.77E-11 1.85E-06 5.96E-15 2.06E-09 2.15E-04  3.76E-03 0.03222
32320.00 .3094060    0.00E+00 0.00E+00 0.00E+00 1.36E-09 1.42E-04 4.50E-10 1.16E-11 1.22E-06 3.89E-15 1.37E-09 1.43E-04  3.76E-03 0.03177
32330.00 .3093103    0.00E+00 0.00E+00 0.00E+00 1.30E-09 1.36E-04 4.39E-10 1.10E-11 1.15E-06 3.66E-15 1.32E-09 1.38E-04  3.76E-03 0.03137
32340.00 .3092146    0.00E+00 0.00E+00 0.00E+00 1.41E-09 1.48E-04 4.80E-10 1.19E-11 1.24E-06 3.91E-15 1.42E-09 1.49E-04  3.76E-03 0.03107
32350.00 .3091190    0.00E+00 0.00E+00 0.00E+00 1.58E-09 1.65E-04 5.40E-10 1.31E-11 1.38E-06 4.31E-15 1.59E-09 1.67E-04  3.76E-03 0.03080
32360.00 .3090235    0.00E+00 0.00E+00 0.00E+00 1.71E-09 1.79E-04 5.86E-10 1.41E-11 1.48E-06 4.60E-15 1.72E-09 1.80E-04  3.76E-03 0.03060
32370.00 .3089280    0.00E+00 0.00E+00 0.00E+00 1.60E-09 1.68E-04 5.51E-10 1.31E-11 1.38E-06 4.26E-15 1.61E-09 1.69E-04  3.76E-03 0.03042
32380.00 .3088326    0.00E+00 0.00E+00 0.00E+00 1.55E-09 1.62E-04 5.36E-10 1.26E-11 1.33E-06 4.07E-15 1.56E-09 1.64E-04  3.76E-03 0.03025
32390.00 .3087372    0.00E+00 0.00E+00 0.00E+00 1.74E-09 1.83E-04 6.05E-10 1.42E-11 1.49E-06 4.54E-15 1.76E-09 1.85E-04  3.76E-03 0.03013
32400.00 .3086420    0.00E+00 0.00E+00 0.00E+00 2.03E-09 2.13E-04 7.04E-10 1.65E-11 1.73E-06 5.25E-15 2.05E-09 2.15E-04  3.76E-03 0.03008
32410.00 .3085468    0.00E+00 0.00E+00 0.00E+00 1.96E-09 2.06E-04 6.79E-10 1.58E-11 1.66E-06 5.04E-15 1.97E-09 2.07E-04  3.76E-03 0.03003
32420.00 .3084516    0.00E+00 0.00E+00 0.00E+00 1.51E-09 1.59E-04 5.25E-10 1.21E-11 1.28E-06 3.84E-15 1.52E-09 1.60E-04  3.76E-03 0.02986
32430.00 .3083565    0.00E+00 0.00E+00 0.00E+00 1.21E-09 1.27E-04 4.22E-10 9.61E-12 1.01E-06 3.02E-15 1.21E-09 1.28E-04  3.76E-03 0.02958
32440.00 .3082614    0.00E+00 0.00E+00 0.00E+00 1.17E-09 1.24E-04 4.14E-10 9.30E-12 9.78E-07 2.90E-15 1.18E-09 1.25E-04  3.76E-03 0.02934
32450.00 .3081664    0.00E+00 0.00E+00 0.00E+00 1.36E-09 1.43E-04 4.82E-10 1.07E-11 1.13E-06 3.31E-15 1.37E-09 1.44E-04  3.76E-03 0.02918
32460.00 .3080715    0.00E+00 0.00E+00 0.00E+00 1.48E-09 1.56E-04 5.25E-10 1.16E-11 1.22E-06 3.57E-15 1.49E-09 1.57E-04  3.76E-03 0.02907
32470.00 .3079766    0.00E+00 0.00E+00 0.00E+00 1.34E-09 1.41E-04 4.76E-10 1.05E-11 1.10E-06 3.21E-15 1.35E-09 1.43E-04  3.76E-03 0.02901
32480.00 .3078818    0.00E+00 0.00E+00 0.00E+00 1.33E-09 1.41E-04 4.73E-10 1.04E-11 1.09E-06 3.17E-15 1.34E-09 1.42E-04  3.76E-03 0.02898
32490.00 .3077870    0.00E+00 0.00E+00 0.00E+00 1.40E-09 1.48E-04 4.96E-10 1.09E-11 1.15E-06 3.31E-15 1.41E-09 1.49E-04  3.76E-03 0.02895

                                             RADIANCE(WATTS/CM2-STER-XXX)

  FREQ  WAVELENGTH     PATH_THERMAL    SURFACE      PATH_SCATTERED_SOLAR   GROUND_REFLECTED_RADIANCE   TOTAL_RADIANCE   INTEGRAL    TOTAL
                                       EMISSION     TOTAL RAD      SINGLE        TOTAL        DIRECT                                TRANS
 (CM-1) (MICRON)       (CM-1)  (MICRN)   (CM-1)   (CM-1)  (MICRN)   (CM-1)   (CM-1)  (MICRN)   (CM-1)   (CM-1)  (MICRN)

32500.00 .3076923    0.00E+00 0.00E+00 0.00E+00 1.24E-09 1.31E-04 4.38E-10 9.55E-12 1.01E-06 2.89E-15 1.25E-09 1.32E-04  3.76E-03 0.02886
32510.00 .3075977    0.00E+00 0.00E+00 0.00E+00 1.15E-09 1.22E-04 4.10E-10 8.83E-12 9.33E-07 2.66E-15 1.16E-09 1.23E-04  3.76E-03 0.02871
32520.00 .3075031    0.00E+00 0.00E+00 0.00E+00 1.25E-09 1.33E-04 4.49E-10 9.54E-12 1.01E-06 2.85E-15 1.26E-09 1.34E-04  3.76E-03 0.02850
32530.00 .3074086    0.00E+00 0.00E+00 0.00E+00 1.20E-09 1.27E-04 4.30E-10 9.04E-12 9.56E-07 2.69E-15 1.20E-09 1.27E-04  3.76E-03 0.02825
32540.00 .3073141    0.00E+00 0.00E+00 0.00E+00 1.06E-09 1.13E-04 3.86E-10 7.96E-12 8.43E-07 2.35E-15 1.07E-09 1.14E-04  3.76E-03 0.02798
32550.00 .3072197    0.00E+00 0.00E+00 0.00E+00 1.07E-09 1.13E-04 3.92E-10 7.94E-12 8.41E-07 2.32E-15 1.08E-09 1.14E-04  3.76E-03 0.02769
32560.00 .3071253    0.00E+00 0.00E+00 0.00E+00 1.07E-09 1.13E-04 3.93E-10 7.81E-12 8.28E-07 2.27E-15 1.07E-09 1.14E-04  3.76E-03 0.02736
32570.00 .3070310    0.00E+00 0.00E+00 0.00E+00 9.50E-10 1.01E-04 3.53E-10 6.89E-12 7.31E-07 1.98E-15 9.56E-10 1.01E-04  3.76E-03 0.02701
32580.00 .3069368    0.00E+00 0.00E+00 0.00E+00 7.33E-10 7.78E-05 2.75E-10 5.27E-12 5.59E-07 1.50E-15 7.39E-10 7.84E-05  3.76E-03 0.02666
32590.00 .3068426    0.00E+00 0.00E+00 0.00E+00 5.18E-10 5.50E-05 1.96E-10 3.68E-12 3.91E-07 1.04E-15 5.22E-10 5.54E-05  3.76E-03 0.02636
32600.00 .3067485    0.00E+00 0.00E+00 0.00E+00 5.07E-10 5.39E-05 1.94E-10 3.56E-12 3.78E-07 9.95E-16 5.11E-10 5.43E-05  3.76E-03 0.02612
32610.00 .3066544    0.00E+00 0.00E+00 0.00E+00 5.76E-10 6.12E-05 2.21E-10 4.01E-12 4.26E-07 1.11E-15 5.80E-10 6.17E-05  3.76E-03 0.02586
32620.00 .3065604    0.00E+00 0.00E+00 0.00E+00 5.18E-10 5.51E-05 2.00E-10 3.57E-12 3.80E-07 9.84E-16 5.22E-10 5.55E-05  3.76E-03 0.02557
32630.00 .3064665    0.00E+00 0.00E+00 0.00E+00 4.91E-10 5.23E-05 1.91E-10 3.34E-12 3.56E-07 9.09E-16 4.94E-10 5.26E-05  3.76E-03 0.02529
32640.00 .3063725    0.00E+00 0.00E+00 0.00E+00 5.64E-10 6.01E-05 2.21E-10 3.81E-12 4.06E-07 1.03E-15 5.68E-10 6.05E-05  3.76E-03 0.02507
32650.00 .3062787    0.00E+00 0.00E+00 0.00E+00 5.89E-10 6.28E-05 2.31E-10 3.96E-12 4.22E-07 1.06E-15 5.93E-10 6.32E-05  3.76E-03 0.02495
32660.00 .3061849    0.00E+00 0.00E+00 0.00E+00 5.31E-10 5.67E-05 2.09E-10 3.56E-12 3.80E-07 9.51E-16 5.35E-10 5.71E-05  3.76E-03 0.02490
32670.00 .3060912    0.00E+00 0.00E+00 0.00E+00 4.05E-10 4.32E-05 1.59E-10 2.71E-12 2.89E-07 7.19E-16 4.08E-10 4.35E-05  3.76E-03 0.02484
32680.00 .3059976    0.00E+00 0.00E+00 0.00E+00 2.79E-10 2.98E-05 1.10E-10 1.85E-12 1.98E-07 4.89E-16 2.81E-10 3.00E-05  3.76E-03 0.02473
32690.00 .3059039    0.00E+00 0.00E+00 0.00E+00 2.42E-10 2.59E-05 9.57E-11 1.60E-12 1.71E-07 4.19E-16 2.44E-10 2.61E-05  3.76E-03 0.02457
32700.00 .3058104    0.00E+00 0.00E+00 0.00E+00 3.12E-10 3.34E-05 1.24E-10 2.05E-12 2.19E-07 5.30E-16 3.14E-10 3.36E-05  3.76E-03 0.02442
32710.00 .3057169    0.00E+00 0.00E+00 0.00E+00 4.28E-10 4.58E-05 1.70E-10 2.79E-12 2.99E-07 7.19E-16 4.31E-10 4.61E-05  3.76E-03 0.02431
32720.00 .3056235    0.00E+00 0.00E+00 0.00E+00 4.48E-10 4.80E-05 1.78E-10 2.91E-12 3.12E-07 7.48E-16 4.51E-10 4.83E-05  3.76E-03 0.02424
32730.00 .3055301    0.00E+00 0.00E+00 0.00E+00 4.05E-10 4.34E-05 1.61E-10 2.62E-12 2.81E-07 6.68E-16 4.08E-10 4.37E-05  3.76E-03 0.02415
32740.00 .3054368    0.00E+00 0.00E+00 0.00E+00 4.54E-10 4.86E-05 1.81E-10 2.91E-12 3.12E-07 7.36E-16 4.57E-10 4.89E-05  3.76E-03 0.02401
32750.00 .3053435    0.00E+00 0.00E+00 0.00E+00 5.49E-10 5.89E-05 2.20E-10 3.50E-12 3.75E-07 8.77E-16 5.52E-10 5.93E-05  3.76E-03 0.02383
32760.00 .3052503    0.00E+00 0.00E+00 0.00E+00 5.06E-10 5.43E-05 2.03E-10 3.20E-12 3.44E-07 7.98E-16 5.09E-10 5.47E-05  3.76E-03 0.02361
32770.00 .3051572    0.00E+00 0.00E+00 0.00E+00 3.92E-10 4.21E-05 1.58E-10 2.45E-12 2.63E-07 6.03E-16 3.94E-10 4.23E-05  3.76E-03 0.02335
32780.00 .3050641    0.00E+00 0.00E+00 0.00E+00 3.60E-10 3.87E-05 1.47E-10 2.23E-12 2.39E-07 5.40E-16 3.63E-10 3.90E-05  3.76E-03 0.02306
32790.00 .3049710    0.00E+00 0.00E+00 0.00E+00 2.93E-10 3.15E-05 1.20E-10 1.79E-12 1.93E-07 4.31E-16 2.95E-10 3.17E-05  3.76E-03 0.02275
32800.00 .3048781    0.00E+00 0.00E+00 0.00E+00 1.92E-10 2.06E-05 7.93E-11 1.16E-12 1.25E-07 2.74E-16 1.93E-10 2.08E-05  3.76E-03 0.02242
32810.00 .3047851    0.00E+00 0.00E+00 0.00E+00 2.03E-10 2.18E-05 8.48E-11 1.20E-12 1.29E-07 2.79E-16 2.04E-10 2.20E-05  3.76E-03 0.02211
32820.00 .3046923    0.00E+00 0.00E+00 0.00E+00 2.53E-10 2.73E-05 1.06E-10 1.48E-12 1.60E-07 3.40E-16 2.55E-10 2.74E-05  3.76E-03 0.02179
32830.00 .3045995    0.00E+00 0.00E+00 0.00E+00 2.43E-10 2.62E-05 1.03E-10 1.41E-12 1.52E-07 3.18E-16 2.44E-10 2.63E-05  3.76E-03 0.02147
32840.00 .3045067    0.00E+00 0.00E+00 0.00E+00 2.16E-10 2.32E-05 9.17E-11 1.23E-12 1.33E-07 2.74E-16 2.17E-10 2.34E-05  3.76E-03 0.02121
32850.00 .3044140    0.00E+00 0.00E+00 0.00E+00 1.83E-10 1.97E-05 7.80E-11 1.04E-12 1.12E-07 2.28E-16 1.84E-10 1.98E-05  3.76E-03 0.02099
32860.00 .3043213    0.00E+00 0.00E+00 0.00E+00 1.37E-10 1.48E-05 5.88E-11 7.70E-13 8.32E-08 1.67E-16 1.38E-10 1.49E-05  3.76E-03 0.02076
32870.00 .3042288    0.00E+00 0.00E+00 0.00E+00 1.21E-10 1.31E-05 5.23E-11 6.72E-13 7.26E-08 1.43E-16 1.22E-10 1.32E-05  3.76E-03 0.02050
32880.00 .3041363    0.00E+00 0.00E+00 0.00E+00 1.30E-10 1.41E-05 5.65E-11 7.15E-13 7.73E-08 1.50E-16 1.31E-10 1.42E-05  3.76E-03 0.02027
32890.00 .3040437    0.00E+00 0.00E+00 0.00E+00 1.37E-10 1.48E-05 5.94E-11 7.45E-13 8.06E-08 1.55E-16 1.37E-10 1.49E-05  3.76E-03 0.02010
32900.00 .3039514    0.00E+00 0.00E+00 0.00E+00 1.12E-10 1.22E-05 4.89E-11 6.11E-13 6.61E-08 1.26E-16 1.13E-10 1.22E-05  3.76E-03 0.02002
32910.00 .3038590    0.00E+00 0.00E+00 0.00E+00 8.60E-11 9.32E-06 3.74E-11 4.65E-13 5.04E-08 9.53E-17 8.65E-11 9.37E-06  3.76E-03 0.01998
32920.00 .3037667    0.00E+00 0.00E+00 0.00E+00 1.12E-10 1.22E-05 4.89E-11 6.04E-13 6.55E-08 1.23E-16 1.13E-10 1.22E-05  3.76E-03 0.01992
32930.00 .3036745    0.00E+00 0.00E+00 0.00E+00 1.48E-10 1.61E-05 6.46E-11 7.94E-13 8.61E-08 1.60E-16 1.49E-10 1.62E-05  3.76E-03 0.01981
32940.00 .3035822    0.00E+00 0.00E+00 0.00E+00 1.49E-10 1.62E-05 6.51E-11 7.92E-13 8.59E-08 1.58E-16 1.50E-10 1.62E-05  3.76E-03 0.01967
32950.00 .3034901    0.00E+00 0.00E+00 0.00E+00 1.40E-10 1.52E-05 6.11E-11 7.36E-13 8.00E-08 1.45E-16 1.40E-10 1.52E-05  3.76E-03 0.01952
32960.00 .3033981    0.00E+00 0.00E+00 0.00E+00 1.38E-10 1.50E-05 6.08E-11 7.24E-13 7.87E-08 1.41E-16 1.39E-10 1.51E-05  3.76E-03 0.01936
32970.00 .3033060    0.00E+00 0.00E+00 0.00E+00 1.21E-10 1.32E-05 5.33E-11 6.30E-13 6.85E-08 1.22E-16 1.22E-10 1.33E-05  3.76E-03 0.01920
32980.00 .3032141    0.00E+00 0.00E+00 0.00E+00 9.26E-11 1.01E-05 4.09E-11 4.76E-13 5.18E-08 9.05E-17 9.31E-11 1.01E-05  3.76E-03 0.01901
32990.00 .3031221    0.00E+00 0.00E+00 0.00E+00 8.52E-11 9.27E-06 3.77E-11 4.32E-13 4.71E-08 8.06E-17 8.56E-11 9.31E-06  3.76E-03 0.01878

                                             RADIANCE(WATTS/CM2-STER-XXX)

  FREQ  WAVELENGTH     PATH_THERMAL    SURFACE      PATH_SCATTERED_SOLAR   GROUND_REFLECTED_RADIANCE   TOTAL_RADIANCE   INTEGRAL    TOTAL
                                       EMISSION     TOTAL RAD      SINGLE        TOTAL        DIRECT                                TRANS
 (CM-1) (MICRON)       (CM-1)  (MICRN)   (CM-1)   (CM-1)  (MICRN)   (CM-1)   (CM-1)  (MICRN)   (CM-1)   (CM-1)  (MICRN)

33000.00 .3030303    0.00E+00 0.00E+00 0.00E+00 8.84E-11 9.62E-06 3.93E-11 4.44E-13 4.83E-08 8.10E-17 8.88E-11 9.67E-06  3.76E-03 0.01852
33010.00 .3029385    0.00E+00 0.00E+00 0.00E+00 9.23E-11 1.01E-05 4.12E-11 4.57E-13 4.98E-08 8.15E-17 9.27E-11 1.01E-05  3.76E-03 0.01823
33020.00 .3028468    0.00E+00 0.00E+00 0.00E+00 8.50E-11 9.27E-06 3.81E-11 4.17E-13 4.54E-08 7.30E-17 8.55E-11 9.32E-06  3.76E-03 0.01795
33030.00 .3027551    0.00E+00 0.00E+00 0.00E+00 5.67E-11 6.18E-06 2.55E-11 2.75E-13 3.00E-08 4.73E-17 5.70E-11 6.21E-06  3.76E-03 0.01767
33040.00 .3026634    0.00E+00 0.00E+00 0.00E+00 3.81E-11 4.16E-06 1.72E-11 1.81E-13 1.98E-08 3.02E-17 3.82E-11 4.18E-06  3.76E-03 0.01738
33050.00 .3025719    0.00E+00 0.00E+00 0.00E+00 3.99E-11 4.36E-06 1.81E-11 1.87E-13 2.05E-08 3.03E-17 4.01E-11 4.38E-06  3.76E-03 0.01710
33060.00 .3024803    0.00E+00 0.00E+00 0.00E+00 4.31E-11 4.71E-06 1.96E-11 2.00E-13 2.18E-08 3.15E-17 4.33E-11 4.73E-06  3.76E-03 0.01683
33070.00 .3023888    0.00E+00 0.00E+00 0.00E+00 4.03E-11 4.40E-06 1.83E-11 1.85E-13 2.02E-08 2.84E-17 4.04E-11 4.42E-06  3.76E-03 0.01657
33080.00 .3022975    0.00E+00 0.00E+00 0.00E+00 2.78E-11 3.04E-06 1.27E-11 1.27E-13 1.38E-08 1.92E-17 2.79E-11 3.06E-06  3.76E-03 0.01635
33090.00 .3022061    0.00E+00 0.00E+00 0.00E+00 1.38E-11 1.51E-06 6.32E-12 6.23E-14 6.82E-09 9.22E-18 1.39E-11 1.52E-06  3.76E-03 0.01615
33100.00 .3021148    0.00E+00 0.00E+00 0.00E+00 1.14E-11 1.25E-06 5.21E-12 5.05E-14 5.54E-09 7.24E-18 1.14E-11 1.25E-06  3.76E-03 0.01597
33110.00 .3020236    0.00E+00 0.00E+00 0.00E+00 1.57E-11 1.72E-06 7.19E-12 6.91E-14 7.58E-09 9.72E-18 1.58E-11 1.73E-06  3.76E-03 0.01581
33120.00 .3019323    0.00E+00 0.00E+00 0.00E+00 1.84E-11 2.02E-06 8.41E-12 8.05E-14 8.83E-09 1.12E-17 1.85E-11 2.02E-06  3.76E-03 0.01569
33130.00 .3018413    0.00E+00 0.00E+00 0.00E+00 2.03E-11 2.23E-06 9.28E-12 8.83E-14 9.69E-09 1.21E-17 2.04E-11 2.24E-06  3.76E-03 0.01559
33140.00 .3017502    0.00E+00 0.00E+00 0.00E+00 2.41E-11 2.65E-06 1.10E-11 1.04E-13 1.15E-08 1.41E-17 2.42E-11 2.66E-06  3.76E-03 0.01549
33150.00 .3016591    0.00E+00 0.00E+00 0.00E+00 2.56E-11 2.81E-06 1.17E-11 1.10E-13 1.21E-08 1.47E-17 2.57E-11 2.82E-06  3.76E-03 0.01539
33160.00 .3015682    0.00E+00 0.00E+00 0.00E+00 2.42E-11 2.66E-06 1.11E-11 1.03E-13 1.13E-08 1.35E-17 2.43E-11 2.67E-06  3.76E-03 0.01527
33170.00 .3014772    0.00E+00 0.00E+00 0.00E+00 2.36E-11 2.60E-06 1.08E-11 9.98E-14 1.10E-08 1.28E-17 2.37E-11 2.61E-06  3.76E-03 0.01510
33180.00 .3013864    0.00E+00 0.00E+00 0.00E+00 2.13E-11 2.35E-06 9.75E-12 8.94E-14 9.84E-09 1.12E-17 2.14E-11 2.36E-06  3.76E-03 0.01490
33190.00 .3012956    0.00E+00 0.00E+00 0.00E+00 1.81E-11 1.99E-06 8.27E-12 7.50E-14 8.26E-09 9.14E-18 1.81E-11 2.00E-06  3.76E-03 0.01470
33200.00 .3012048    0.00E+00 0.00E+00 0.00E+00 1.79E-11 1.97E-06 8.18E-12 7.32E-14 8.07E-09 8.61E-18 1.80E-11 1.98E-06  3.76E-03 0.01446
33210.00 .3011141    0.00E+00 0.00E+00 0.00E+00 1.62E-11 1.79E-06 7.40E-12 6.56E-14 7.24E-09 7.48E-18 1.63E-11 1.79E-06  3.76E-03 0.01418
33220.00 .3010235    0.00E+00 0.00E+00 0.00E+00 1.12E-11 1.23E-06 5.09E-12 4.47E-14 4.93E-09 4.91E-18 1.12E-11 1.24E-06  3.76E-03 0.01389
33230.00 .3009329    0.00E+00 0.00E+00 0.00E+00 7.89E-12 8.71E-07 3.59E-12 3.11E-14 3.43E-09 3.24E-18 7.92E-12 8.75E-07  3.76E-03 0.01361
33240.00 .3008423    0.00E+00 0.00E+00 0.00E+00 7.29E-12 8.05E-07 3.30E-12 2.83E-14 3.13E-09 2.80E-18 7.32E-12 8.08E-07  3.76E-03 0.01333
33250.00 .3007519    0.00E+00 0.00E+00 0.00E+00 8.00E-12 8.85E-07 3.61E-12 3.07E-14 3.39E-09 2.90E-18 8.03E-12 8.88E-07  3.76E-03 0.01308
33260.00 .3006614    0.00E+00 0.00E+00 0.00E+00 8.98E-12 9.93E-07 4.04E-12 3.41E-14 3.77E-09 3.10E-18 9.01E-12 9.97E-07  3.76E-03 0.01286
33270.00 .3005711    0.00E+00 0.00E+00 0.00E+00 8.41E-12 9.31E-07 3.77E-12 3.17E-14 3.51E-09 2.80E-18 8.44E-12 9.34E-07  3.76E-03 0.01268
33279.99 .3004808    0.00E+00 0.00E+00 0.00E+00 5.98E-12 6.63E-07 2.68E-12 2.24E-14 2.48E-09 1.93E-18 6.00E-12 6.65E-07  3.76E-03 0.01254
33290.00 .3003905    0.00E+00 0.00E+00 0.00E+00 4.14E-12 4.59E-07 1.85E-12 1.53E-14 1.70E-09 1.28E-18 4.16E-12 4.61E-07  3.76E-03 0.01239
33300.00 .3003003    0.00E+00 0.00E+00 0.00E+00 3.71E-12 4.11E-07 1.65E-12 1.36E-14 1.51E-09 1.10E-18 3.72E-12 4.13E-07  3.76E-03 0.01223
33310.00 .3002101    0.00E+00 0.00E+00 0.00E+00 3.33E-12 3.69E-07 1.47E-12 1.21E-14 1.34E-09 9.45E-19 3.34E-12 3.70E-07  3.76E-03 0.01205
33320.00 .3001200    0.00E+00 0.00E+00 0.00E+00 3.04E-12 3.37E-07 1.34E-12 1.09E-14 1.21E-09 8.21E-19 3.05E-12 3.38E-07  3.76E-03 0.01188
33329.99 .3000301    0.00E+00 0.00E+00 0.00E+00 3.69E-12 4.09E-07 1.62E-12 1.31E-14 1.45E-09 9.51E-19 3.70E-12 4.11E-07  3.76E-03 0.01175

 MULTIPLE SCATTERING CALCULATION RESULTS:

 INTEGRATED COOLING RATES AND VERTICAL FLUXES FROM  3979.50 TO 33353.50 CM-1:

  CALC                                  COOLING RATE          TOTAL FLUX          TOTAL THERMAL              SCATTERED SOLAR
 LAYER    ALTITUDE    PRESSURE        TOTAL  NO DIRECT SUN     UP-DN-DIR       FLUX UP     FLUX DOWN       FLUX UP     FLUX DOWN
            (KM)          (MB)       (K/DAY)       (K/DAY)        (W/M2)        (W/M2)        (W/M2)        (W/M2)        (W/M2)
     1    0.000000 1012.998535     -3.482104      0.291677   -116.356794      0.001595      0.000998     76.771698    164.882893
          0.251141  984.028625     -3.512963      1.359166   -129.460159      0.001576      0.000868     87.477226    173.044266
          0.501522  955.887207     -3.481875      2.200849   -141.603149      0.001555      0.000749     97.272926    178.903259
          0.751141  928.550537     -3.388841      2.816724   -152.785721      0.001531      0.000641    106.158798    182.459900
     2    1.000000  901.995728     -3.233861      3.206793   -163.007926      0.001504      0.000544    114.134826    183.714130
          1.251699  875.884888     -2.979612      3.309019   -172.397217      0.001472      0.000458    121.332222    181.440659
          1.502971  850.530334     -2.639043      3.138032   -180.814514      0.001436      0.000385    127.629906    176.008728
          1.752757  825.909363     -2.280637      2.819141   -188.222656      0.001400      0.000322    132.929382    169.814148
     3    2.000000  802.001099     -1.972880      2.477656   -194.584366      0.001367      0.000266    137.132104    165.252681
          2.252816  777.938660     -1.711777      2.050821   -199.747452      0.001336      0.000216    139.922653    162.939316
          2.502797  754.597839     -1.476026      1.508302   -203.583466      0.001308      0.000176    141.307083    161.718948
          2.751380  731.957336     -1.279325      0.989497   -206.737747      0.001281      0.000143    142.071381    161.004944
     4    3.000000  709.996399     -1.135370      0.633806   -209.855715      0.001257      0.000115    143.001558    160.210672
          3.250996  688.544678     -1.065763      0.511744   -213.032639      0.001235      0.000092    144.229156    159.243881
          3.501760  667.740784     -1.058215      0.540048   -215.931732      0.001216      0.000074    145.353989    158.402084
          3.751644  647.565430     -1.073160      0.622574   -218.621368      0.001198      0.000061    146.391830    157.661072
     5    4.000000  628.000000     -1.071032      0.663180   -221.169938      0.001182      0.000049    147.358410    156.996742
          4.252172  608.620728     -1.041893      0.638164   -223.619568      0.001169      0.000040    148.259201    156.417297
          4.503052  589.839478     -1.006872      0.598050   -225.884842      0.001157      0.000033    149.069611    155.942368
          4.752407  571.637512     -0.971453      0.557216   -228.005630      0.001147      0.000028    149.821213    155.523666
     6    5.000000  553.997498     -0.941122      0.530043   -230.021780      0.001137      0.000024    150.545570    155.112930
          5.252847  536.429443     -0.916473      0.521951   -231.972595      0.001129      0.000020    151.259674    154.702423
          5.504034  519.418701     -0.895480      0.525369   -233.785767      0.001122      0.000018    151.928894    154.324997
          5.753204  502.947205     -0.877511      0.533884   -235.500305      0.001116      0.000016    152.568085    153.957611
     7    6.000000  486.998016     -0.861935      0.541081   -237.155112      0.001110      0.000015    153.192138    153.577245
          6.253031  470.975067     -0.850144      0.547800   -238.814133      0.001105      0.000013    153.827591    153.158142
          6.503223  455.479309     -0.842460      0.556543   -240.393295      0.001101      0.000012    154.442108    152.728897
          6.751803  440.493164     -0.834980      0.563890   -241.897186      0.001097      0.000012    155.033417    152.302750
     8    7.000000  426.000275     -0.823798      0.566422   -243.330379      0.001093      0.000011    155.599164    151.892927
          7.251352  411.806122     -0.808759      0.595941   -244.710449      0.001090      0.000011    156.145737    151.494675
          7.501978  398.084686     -0.791732      0.643311   -246.016144      0.001087      0.000011    156.666885    151.107315
          7.751616  384.820648     -0.771293      0.643664   -247.248230      0.001084      0.000010    157.162643    150.734848
     9    8.000000  371.998566     -0.746021      0.532133   -248.407340      0.001082      0.000010    157.633177    150.381249
          8.252053  359.370056     -0.710194      0.172389   -249.508102      0.001080      0.000010    158.083771    150.045349
          8.503055  347.170105     -0.666601     -0.361209   -250.529083      0.001078      0.000010    158.506073    149.730637
          8.752529  335.384308     -0.624955     -0.828375   -251.481628      0.001076      0.000010    158.906143    149.428253
    10    9.000000  323.998779     -0.594972     -0.988825   -252.377068      0.001075      0.000010    159.290068    149.129409
    11    9.950000  283.029114     -0.577645      1.033040   -255.319017      0.001070      0.000010    160.629713    148.004716
          9.962500  282.520111     -0.668190      3.669692   -255.361969      0.001070      0.000010    160.674438    147.758041
          9.974994  282.011993     -0.762692      6.402400   -255.403748      0.001070      0.000010    160.715698    147.540192
          9.987489  281.504974     -0.856243      9.145353   -255.448334      0.001069      0.000010    160.766510    147.242142
    12   10.000000  280.998688     -0.943936     11.812750   -255.499644      0.001069      0.000010    160.839969    146.754882
         10.012489  280.495209     -1.023800     14.385467   -255.560104      0.001068      0.000010    160.944366    146.011993
         10.024993  279.992493     -1.098887     16.914320   -255.627258      0.001068      0.000010    161.071228    145.083344
         10.037500  279.490662     -1.170949     19.391018   -255.697205      0.001067      0.000010    161.207596    144.070831
    13   10.050000  278.989868     -1.241737     21.807265   -255.766176      0.001066      0.000009    161.340375    143.076377
    14   10.950000  244.797775     -1.463512     42.285199   -261.391685      0.001009      0.000001    172.656249     31.445334
         10.962513  244.347046     -1.352732     36.194977   -261.461548      0.001009      0.000001    172.781815     29.899971
         10.975024  243.897018     -1.238223     29.727474   -261.532684      0.001008      0.000000    172.910324     28.299881
         10.987524  243.447937     -1.121745     23.508596   -261.600250      0.001008      0.000000    173.029572     26.818863
    15   11.000000  242.999680     -1.005060     18.164252   -261.659490      0.001007      0.000000    173.127362     25.630716
         11.012523  242.549469     -0.886383     13.996380   -261.707458      0.001007      0.000000    173.195770     24.844570
         11.025023  242.100098     -0.765996     10.650867   -261.746979      0.001007      0.000000    173.242386     24.352760
         11.037513  241.651566     -0.646614      7.682953   -261.782867      0.001006      0.000000    173.279770     23.985785
    16   11.050000  241.203857     -0.530952      4.647873   -261.819818      0.001006      0.000000    173.320464     23.574130
    17   12.000000  208.999100     -0.211848     -1.813645   -263.332113      0.001004      0.000000    174.292179     20.977617
         12.751554  186.070343     -0.220995      0.220472   -264.065979      0.001003      0.000000    174.978256     19.089825
    18   13.000000  179.000717     -0.234409      0.956417   -264.268743      0.001002      0.000000    175.187635     18.498727
         13.251759  172.113190     -0.236647      1.152833   -264.470367      0.001002      0.000000    175.390091     17.916901
         13.503059  165.490677     -0.237264      1.127553   -264.656799      0.001002      0.000000    175.582672     17.353474
         13.752831  159.122986     -0.237902      1.014448   -264.834290      0.001001      0.000000    175.765625     16.809702
    19   14.000000  153.000290     -0.240203      0.947388   -265.008968      0.001001      0.000000    175.939196     16.286836
         14.251981  146.894150     -0.244733      0.948200   -265.187134      0.001001      0.000000    176.107727     15.770699
         14.500446  141.031754     -0.250537      0.950169   -265.359192      0.001000      0.000000    176.264908     15.279476
         14.748689  135.403259     -0.257397      0.954421   -265.527802      0.001000      0.000000    176.414215     14.804646
    20   15.000000  129.999405     -0.265095      0.962083   -265.695568      0.001000      0.000000    176.559210     14.337678
         15.247557  124.964493     -0.273287      0.974235   -265.857513      0.000999      0.000000    176.696136     13.891277
         15.497194  120.124641     -0.282311      0.990092   -266.017609      0.000999      0.000000    176.827835     13.455215
         15.748235  115.472237     -0.292240      1.007101   -266.176605      0.000999      0.000000    176.954468     13.028688
    21   16.000000  110.999962     -0.303152      1.022710   -266.335409      0.000999      0.000000    177.076319     12.610894
         16.249157  106.763657     -0.313937      1.035843   -266.491058      0.000998      0.000000    177.191772     12.208091
         16.499598  102.689026     -0.325026      1.048144   -266.645691      0.000998      0.000000    177.302582     11.814268
         16.750240   98.769859     -0.338291      1.060511   -266.800812      0.000998      0.000000    177.408478     11.428686
    22   17.000000   95.000313     -0.355607      1.073841   -266.957948      0.000998      0.000000    177.509220     11.050596
         17.250387   91.344704     -0.377124      1.088728   -267.116455      0.000998      0.000000    177.605667     10.677895
         17.499975   87.829720     -0.401887      1.104502   -267.275024      0.000997      0.000000    177.697037     10.313805
         17.749577   84.450035     -0.430608      1.120529   -267.437988      0.000997      0.000000    177.783127      9.956112
    23   18.000000   81.200401     -0.464003      1.136170   -267.609688      0.000997      0.000000    177.863660      9.602603
         18.249353   78.102547     -0.503145      1.151883   -267.789185      0.000997      0.000000    177.938019      9.255407
         18.499361   75.122879     -0.547517      1.167889   -267.975800      0.000997      0.000000    178.006973      8.912692
         18.749687   72.256889     -0.594503      1.182801   -268.169617      0.000997      0.000000    178.070679      8.575526
    24   19.000000   69.500237     -0.641488      1.195231   -268.370694      0.000997      0.000000    178.129098      8.244979
         19.249708   66.852768     -0.688611      1.205304   -268.579956      0.000996      0.000000    178.181839      7.921005
         19.499414   64.306152     -0.737034      1.213612   -268.797302      0.000996      0.000000    178.229019      7.602796
         19.749414   61.856510     -0.785463      1.219413   -269.020172      0.000996      0.000000    178.271530      7.291785
    25   20.000000   59.500217     -0.832605      1.221968   -269.246072      0.000996      0.000000    178.310118      6.989409
         20.249508   57.250847     -0.876765      1.220675   -269.473724      0.000996      0.000000    178.344467      6.697431
         20.499653   55.086514     -0.919330      1.216099   -269.705841      0.000996      0.000000    178.374557      6.413011
         20.749969   53.004002     -0.962558      1.209230   -269.940491      0.000996      0.000000    178.400833      6.137566
    26   21.000000   51.000217     -1.008711      1.201058   -270.175750      0.000996      0.000000    178.423676      5.872518
         21.249498   49.068138     -1.058985      1.192921   -270.411285      0.000996      0.000000    178.443100      5.618063
         21.498394   47.209255     -1.111915      1.183942   -270.647675      0.000996      0.000000    178.458878      5.373904
         21.748093   45.420792     -1.166075      1.171728   -270.886108      0.000996      0.000000    178.471252      5.139051
    27   22.000000   43.700081     -1.220040      1.153888   -271.127847      0.000995      0.000000    178.480503      4.912515
         22.248842   42.087994     -1.271383      1.129651   -271.367889      0.000995      0.000000    178.486404      4.698898
         22.500210   40.535378     -1.322487      1.100124   -271.611633      0.000995      0.000000    178.489182      4.492833
         22.751472   39.040028     -1.374864      1.067453   -271.856110      0.000995      0.000000    178.489105      4.296237
    28   23.000000   37.599850     -1.430025      1.033783   -272.098318      0.000995      0.000000    178.486473      4.111032
         23.251513   36.170452     -1.488267      0.996683   -272.343414      0.000995      0.000000    178.481094      3.933972
         23.500084   34.795399     -1.547730      0.956630   -272.585999      0.000995      0.000000    178.472870      3.769451
         23.748611   33.472614     -1.612024      0.917014   -272.829620      0.000995      0.000000    178.461899      3.614143
    29   24.000000   32.200115     -1.684758      0.881224   -273.077847      0.000995      0.000000    178.448307      3.464720
         24.247871   31.010784     -1.767304      0.851314   -273.325897      0.000995      0.000000    178.431931      3.325593
         24.497889   29.865379     -1.858833      0.824358   -273.578552      0.000995      0.000000    178.412552      3.193654
         24.748962   28.762287     -1.952867      0.799120   -273.831665      0.000995      0.000000    178.391693      3.067124
    30   25.000000   27.699932     -2.042927      0.774362   -274.081158      0.000995      0.000000    178.370837      2.944226
         26.234972   23.014570     -2.425541      0.667394   -275.271393      0.000995      0.000000    178.258545      2.414548
         27.475788   19.121721     -2.751900      0.585376   -276.410217      0.000995      0.000000    178.130341      1.999410
         28.728710   15.887339     -3.058809      0.518412   -277.488251      0.000995      0.000000    177.998428      1.662381
    31   30.000000   13.200042     -3.383075      0.456606   -278.496091      0.000994      0.000000    177.875167      1.367029
         31.227438   11.066057     -3.749602      0.396158   -279.396240      0.000994      0.000000    177.764893      1.128163
         32.469318    9.277063     -4.144545      0.340184   -280.240875      0.000994      0.000000    177.656708      0.944405
         33.726543    7.777287     -4.496479      0.298235   -281.014435      0.000994      0.000000    177.556625      0.796650
    32   35.000000    6.519971     -4.733979      0.279862   -281.701367      0.000994      0.000000    177.470611      0.665794
    33   40.000000    3.329993     -4.672331      0.414938   -283.542936      0.000994      0.000000    177.265015      0.344021
         41.228268    2.839293     -4.387289      0.485924   -283.806946      0.000994      0.000000    177.241013      0.291879
         42.473068    2.420902     -3.987002      0.573661   -284.001282      0.000994      0.000000    177.227051      0.249439
         43.731331    2.064163     -3.552946      0.665320   -284.149750      0.000994      0.000000    177.219070      0.213734
    34   45.000000    1.759993     -3.166596      0.748072   -284.276197      0.000994      0.000000    177.212853      0.181797
         46.237606    1.508963     -2.844497      0.819664   -284.374420      0.000994      0.000000    177.208817      0.154832
         47.488232    1.293737     -2.536236      0.888470   -284.440186      0.000994      0.000000    177.208313      0.132821
         48.744747    1.109209     -2.257741      0.949904   -284.487061      0.000994      0.000000    177.209625      0.114200
    35   50.000000    0.951001     -2.024937      0.999382   -284.528703      0.000994      0.000000    177.210887      0.097400
         51.253246    0.815807     -1.849535      1.035286   -284.564819      0.000994      0.000000    177.212112      0.082559
         52.510883    0.699832     -1.719874      1.060343   -284.589661      0.000994      0.000000    177.214111      0.070277
         53.763081    0.600344     -1.619013      1.076033   -284.608032      0.000994      0.000000    177.216339      0.059860
    36   55.000000    0.514999     -1.530013      1.083834   -284.624737      0.000994      0.000000    177.218231      0.050614
         56.271133    0.439033     -1.453962      1.079446   -284.640350      0.000994      0.000000    177.219772      0.042457
         57.530365    0.374273     -1.401410      1.063063   -284.651825      0.000994      0.000000    177.221130      0.036045
         58.774414    0.319065     -1.358753      1.043433   -284.660980      0.000994      0.000000    177.222382      0.030702
    37   60.000000    0.272001     -1.312389      1.029307   -284.669536      0.000994      0.000000    177.223506      0.025752
         62.633118    0.191623     -1.224399      1.041561   -284.684509      0.000994      0.000000    177.225525      0.017101
         65.187653    0.134997     -1.157594      1.082669   -284.692780      0.000994      0.000000    177.226883      0.011952
         67.648361    0.095104     -1.060381      1.103454   -284.697449      0.000994      0.000000    177.227859      0.008741
    38   70.000000    0.067000     -0.881165      1.054741   -284.701758      0.000994      0.000000    177.228675      0.005898
         72.691368    0.043587     -1.058394      0.986781   -284.706268      0.000994      0.000000    177.229431      0.003107
         77.604088    0.018446     -1.119944      0.610829   -284.708801      0.000994      0.000000    177.229889      0.001554
    39   80.000000    0.012000      1.065576     -0.075603   -284.709609      0.000994      0.000000    177.230044      0.001033
         85.301285    0.004595     12.432369     -3.018590   -284.712067      0.000994      0.000000    177.230484     -0.000498
         90.401711    0.001760     31.164288     -7.618032   -284.713165      0.000994      0.000000    177.230667     -0.001181
         95.301285    0.000674     57.261326    -13.873930   -284.712921      0.000994      0.000000    177.230637     -0.001015
    40  100.000000    0.000258     90.723485    -21.786281   -284.711254      0.000994      0.000000    177.230334      0.000000

 INTEGRATED ABSORPTION FROM  4000.00 TO 33329.99 CM-1 =  22381.3279 CM-1
 AVERAGE TRANSMITTANCE = 0.2369

VOIGT SINGLE LINE SPECTRAL BIN TRANSMITTANCES ARE COMPUTED FROM AN INFINITE SERIES OF MODIFIED
BESSEL FUNCTIONS OF THE FIRST KIND TRUNCATED AFTER AT MOST 8 TERMS (I7).  THE MAXIMUM MAGNITUDE
OF THE 8th TERM WAS  0.01519 AND THIS VALUE OCCURRED AT SPECTRAL FREQUENCY  5205.00 CM-1.

 INTEGRATED TOTAL RADIANCE =  3.7607E-03 WATTS CM-2 STER-1 (FROM  4000.00 TO 33329.99 CM-1 )
 MINIMUM SPECTRAL RADIANCE =  3.0486E-12 WATTS CM-2 STER-1 / CM-1  AT 33320.00 CM-1
 MAXIMUM SPECTRAL RADIANCE =  2.5688E-07 WATTS CM-2 STER-1 / CM-1  AT 13260.00 CM-1

 TARGET-PIXEL (H2) SURFACE TEMPERATURE [K] =    294.200
 AREA-AVERAGED GROUND TEMPERATURE [K]      =    294.200
 TARGET-PIXEL (H2) DIRECTIONAL EMISSIVITY  =      0.600
 AREA-AVERAGED GROUND EMISSIVITY           =      0.600

 CARD 5 *****    0   0       0.  0       0.  0       1.
