
 ********************************************************
 *                                                      *
 *  MODTRAN(R)svn-branch-5.2.1                          *
 *                                                      *
 *  Developed collaboratively by SPECTRAL SCIENCES,     *
 *  INC. (www.spectral.com) and the AIR FORCE RESEARCH  *
 *  LABORATORY (www.vs.afrl.af.mil/Division/VSBYB)      *
 *                                                      *
 *  Please address questions/comments to                *
 *  modtran@spectral.com and/or Gail.Anderson@noaa.gov  *
 *                                                      *
 ********************************************************

 CARD 1  *****T F 2    2    2    0    2    2    2    2    2    2    1    0    0   0.0000.00000

 PROGRAM WILL COMPUTE RADIANCE + SOLAR SCATTER

 ATMOSPHERIC MODEL
         TEMPERATURE =    2     MID-LATITUDE SUMMER 
         WATER VAPOR =    2     MID-LATITUDE SUMMER 
         OZONE       =    2     MID-LATITUDE SUMMER 
                      M4 =     2 M5 =     2 M6 =     2 MDEF =     1

 CARD 1A *****FFF  1 0.0 360.00000  0.000000  0.0000000F F F F F     0.000    0.0000    0.0000    0.0000    0.0000         0

 MOLECULAR BAND MODEL DATA FILES
 -------------------------------
 DATA/01_2009c.bn4
 DATA/01_2009t.bin

 CFC BAND MODEL DATA FILE:               DATA/CFC04_01.ASC                                                                                                                                                                                                                                               

 Version 2.4 of the Clough-Kneizys Water Continuum Data from LBLRTM (24mar2000).

 CARD 2  *****    1    0    1    0    0    0  50.00000   0.00000   0.00000   0.00000   0.00000

 MODEL ATMOSPHERE NO.  2

 *** OZONE DENSITIES ARE BEING SCALED BY   1.00000
     THE ORIGINAL VERTICAL COLUMN CONTAINED   7.10288 GM / M2 OF OZONE
     THE CURRENT  VERTICAL COLUMM CONTAINS    7.10288 GM / M2 OF OZONE

 *** THE WATER PROFILE WAS DECREASED TO FIT THE INPUT WATER COLUMN VALUE
     INITIAL:   2.92236 GM / CM2
     INPUT:     2.92236 GM / CM2
     FINAL:     2.92236 GM / CM2

 AEROSOL MODEL
     REGIME                      AEROSOL TYPE             PROFILE                  SEASON
     -----------------------     --------------------     --------------------     --------------------
     BOUNDARY LAYER (0-2KM)      RURAL                    50.00 KM METEOROLOGICAL_RANGE_AT_SEA_LEVEL
     TROPOSPHERE  (2-10KM)       TROPOSPHERIC             TROPOSPHERIC             SPRING-SUMMER       
     STRATOSPHERE (10-30KM)      BCKGD_STRATOSPHERIC      BCKGD_STRATOSPHERIC      SPRING-SUMMER       
     UPPER ATMOS (30-100KM)      METEORIC DUST            NORMAL              

 CARD 3  *****   3.00000   3.00000   0.00000  10.00000   0.00000   0.00000    0        0.00000

     6371.23  RADIUS OF THE EARTH [KM].

 SLANT PATH, H1ALT TO H2ALT
          H1ALT  =    3.00000 KM
          H2ALT  =    3.00000 KM
          OBSZEN =    0.00000 DEG
          HRANGE =   10.00000 KM
          BETA   =    0.00000 DEG
          BCKZEN =    0.00000 DEG
          LENN   =      0

 CARD 3A1*****    2    0  172    0

 CARD 3A2*****  90.00000  70.00000   0.00000   0.00000   0.00000   0.00000   0.00000   0.00000

 SINGLE SCATTERING CONTROL PARAMETERS SUMMARY

          RELATIVE AZIMUTH AT H1ALT =       90.0000 DEG EAST OF NORTH
          SOLAR ZENITH AT H1ALT =           70.0000 DEG
          TIME (<0 UNDEF) =                        0.0000 GREENWICH TIME
          PATH AZIMUTH (FROM H1ALT TO H2ALT) =     0.0000 DEG EAST OF NORTH
          DAY OF THE YEAR =                     172

 EXTRATERRESTIAL SOURCE IS THE SUN

 H-G PHASE FUNCTION ,G=   0.00000

 CARD 4  *****    9091.0   14286.0      10.0      10.0   SCANNING FUNCTION:TRIANGULAR 

 FREQUENCY RANGE
             IV1 =    9091.0 CM-1  (      1.1000 MICRONS)
             IV2 =   14286.0 CM-1  (      0.7000 MICRONS)
             IDV =      10.0 CM-1
           IFWHM =      10.0 CM-1


 ATMOSPHERIC PROFILES

   I     Z       P       T        N2       CNTMSLF   CNTMFRN MOL SCAT     N-1     O3 (UV)   O2 (UV)   WAT DROP  ICE PART  RAIN RATE
        (KM)    (MB)    (K)               (  MOL/CM2 KM  )      (-)       (-)    (  ATM CM/KM  )       (GM/M3)   (GM/M3)   (MM/HR)
   1   0.0000 1012.999 294.20  7.902E-01 8.829E+20 4.618E+22 9.282E-01 2.682E-04 2.800E-03 3.435E+04     0.000     0.000     0.000
   2   1.0000  901.996 289.70  6.461E-01 3.895E+20 2.788E+22 8.393E-01 2.427E-04 2.801E-03 2.976E+04     0.000     0.000     0.000
   3   2.0000  802.001 285.20  5.271E-01 1.568E+20 1.604E+22 7.581E-01 2.194E-04 2.800E-03 2.581E+04     0.000     0.000     0.000
   4   3.0000  709.996 279.20  4.310E-01 4.900E+19 8.139E+21 6.855E-01 1.985E-04 2.894E-03 2.248E+04     0.000     0.000     0.000
   5   4.0000  628.000 273.20  3.522E-01 1.626E+19 4.247E+21 6.197E-01 1.795E-04 2.987E-03 1.961E+04     0.000     0.000     0.000
   6   5.0000  553.997 267.20  2.865E-01 4.503E+18 2.019E+21 5.589E-01 1.619E-04 3.081E-03 1.710E+04     0.000     0.000     0.000
   7   6.0000  486.998 261.20  2.317E-01 1.677E+18 1.109E+21 5.026E-01 1.456E-04 3.221E-03 1.489E+04     0.000     0.000     0.000
   8   7.0000  426.000 254.70  1.865E-01 6.159E+17 6.032E+20 4.509E-01 1.307E-04 3.501E-03 1.295E+04     0.000     0.000     0.000
   9   8.0000  371.999 248.20  1.497E-01 1.986E+17 3.070E+20 4.040E-01 1.171E-04 3.687E-03 1.128E+04     0.000     0.000     0.000
  10   9.0000  323.999 241.70  1.198E-01 6.483E+16 1.569E+20 3.614E-01 1.047E-04 4.015E-03 9.818E+03     0.000     0.000     0.000
  11  10.0000  280.999 235.30  9.505E-02 1.844E+16 7.458E+19 3.219E-01 9.330E-05 4.198E-03 8.526E+03     0.000     0.000     0.000
  12  11.0000  243.000 228.80  7.518E-02 2.180E+15 2.281E+19 2.863E-01 8.298E-05 5.134E-03 7.406E+03     0.000     0.000     0.000
  13  12.0000  208.999 222.30  5.891E-02 1.621E+14 5.506E+18 2.534E-01 7.345E-05 5.652E-03 6.411E+03     0.000     0.000     0.000
  14  13.0000  179.001 215.80  4.586E-02 9.318E+12 1.165E+18 2.236E-01 6.481E-05 6.708E-03 5.541E+03     0.000     0.000     0.000
  15  14.0000  153.000 215.70  3.353E-02 2.662E+12 5.323E+17 1.912E-01 5.542E-05 8.414E-03 4.631E+03     0.000     0.000     0.000
  16  15.0000  129.999 215.70  2.421E-02 8.885E+11 2.613E+17 1.625E-01 4.709E-05 8.124E-03 3.854E+03     0.000     0.000     0.000
  17  16.0000  111.000 215.70  1.765E-02 6.102E+11 1.849E+17 1.387E-01 4.021E-05 8.324E-03 3.233E+03     0.000     0.000     0.000
  18  17.0000   95.000 215.70  1.293E-02 4.203E+11 1.313E+17 1.187E-01 3.441E-05 8.311E-03 2.726E+03     0.000     0.000     0.000
  19  18.0000   81.200 216.80  9.350E-03 2.945E+11 9.350E+16 1.010E-01 2.926E-05 1.010E-02 2.287E+03     0.000     0.000     0.000
  20  19.0000   69.500 217.90  6.780E-03 2.204E+11 6.888E+16 8.598E-02 2.492E-05 1.290E-02 1.925E+03     0.000     0.000     0.000
  21  20.0000   59.500 219.20  4.911E-03 1.698E+11 5.145E+16 7.317E-02 2.121E-05 1.463E-02 1.622E+03     0.000     0.000     0.000
  22  21.0000   51.000 220.40  3.569E-03 1.349E+11 3.909E+16 6.238E-02 1.808E-05 1.497E-02 1.371E+03     0.000     0.000     0.000
  23  22.0000   43.700 221.60  2.592E-03 1.066E+11 2.962E+16 5.316E-02 1.541E-05 1.542E-02 1.160E+03     0.000     0.000     0.000
  24  23.0000   37.600 222.80  1.898E-03 8.933E+10 2.320E+16 4.549E-02 1.319E-05 1.547E-02 9.867E+02     0.000     0.000     0.000
  25  24.0000   32.200 223.90  1.379E-03 7.003E+10 1.751E+16 3.877E-02 1.124E-05 1.551E-02 8.364E+02     0.000     0.000     0.000
  26  25.0000   27.700 225.10  1.009E-03 5.652E+10 1.346E+16 3.317E-02 9.614E-06 1.592E-02 7.124E+02     0.000     0.000     0.000
  27  30.0000   13.200 233.70  2.126E-04 1.491E+10 3.173E+15 1.523E-02 4.413E-06 1.066E-02 3.223E+02     0.000     0.000     0.000
  28  35.0000 6.519971 245.20  4.713E-05 3.666E+09 7.406E+14 7.168E-03 2.077E-06 6.380E-03 1.507E+02     0.000     0.000     0.000
  29  40.0000 3.329993 257.50  1.115E-05 9.205E+08 1.805E+14 3.486E-03 1.010E-06 2.632E-03 7.307E+01     0.000     0.000     0.000
  30  45.0000 1.759993 269.90  2.834E-06 2.673E+08 4.904E+13 1.758E-03 5.095E-07 7.911E-04 3.679E+01     0.000     0.000     0.000
  31  50.0000 0.951001 275.70  7.930E-07 7.616E+07 1.385E+13 9.299E-04 2.695E-07 2.604E-04 1.945E+01     0.000     0.000     0.000
  32  55.0000 0.514999 269.30  2.437E-07 2.215E+07 4.140E+12 5.155E-04 1.494E-07 9.280E-05 1.078E+01     0.000     0.000     0.000
  33  60.0000 0.272001 257.10  7.460E-08 5.921E+06 1.184E+12 2.852E-04 8.266E-08 3.708E-05 5.962E+00     0.000     0.000     0.000
  34  70.0000 0.067000 218.10  6.290E-09 2.734E+05 7.388E+10 8.281E-05 2.400E-08 3.313E-06 1.731E+00     0.000     0.000     0.000
  35  80.0000 0.012000 174.10  3.166E-10 4.433E+03 2.111E+09 1.858E-05 5.385E-09 3.716E-07 3.883E-01     0.000     0.000     0.000
  36 100.0000 0.000258 190.50  1.223E-13 6.210E-02 1.552E+05 3.651E-07 1.058E-10 1.460E-08 5.842E-03     0.000     0.000     0.000


 ATMOSPHERIC PROFILES

   I     Z       P       T     AEROSOL 1 AEROSOL 2 AEROSOL 3 AEROSOL 4  AER1*RH     RH (%)    RH (%)   CIRRUS   WAT DROP  ICE PART
        (KM)    (MB)    (K)    (      550nm EXTINCTION [KM-1]      )  (BEFORE H2O SCALING)   (AFTER)    (-)     (550nm VIS [KM-1])
   1   0.0000 1012.999 294.20  6.670E-02 0.000E+00 0.000E+00 0.000E+00 2.115E-01 7.618E+01 7.618E+01   0.00000   0.00000   0.00000
   2   1.0000  901.996 289.70  4.150E-02 0.000E+00 0.000E+00 0.000E+00 1.463E-01 6.603E+01 6.603E+01   0.00000   0.00000   0.00000
   3   2.0000  802.001 285.20  2.600E-02 0.000E+00 0.000E+00 0.000E+00 9.886E-02 5.520E+01 5.520E+01   0.00000   0.00000   0.00000
   4   3.0000  709.996 279.20  0.000E+00 1.460E-02 0.000E+00 0.000E+00 0.000E+00 4.529E+01 4.529E+01   0.00000   0.00000   0.00000
   5   4.0000  628.000 273.20  0.000E+00 1.020E-02 0.000E+00 0.000E+00 0.000E+00 3.905E+01 3.905E+01   0.00000   0.00000   0.00000
   6   5.0000  553.997 267.20  0.000E+00 9.310E-03 0.000E+00 0.000E+00 0.000E+00 3.142E+01 3.142E+01   0.00000   0.00000   0.00000
   7   6.0000  486.998 261.20  0.000E+00 7.710E-03 0.000E+00 0.000E+00 0.000E+00 2.998E+01 2.998E+01   0.00000   0.00000   0.00000
   8   7.0000  426.000 254.70  0.000E+00 6.230E-03 0.000E+00 0.000E+00 0.000E+00 3.031E+01 3.031E+01   0.00000   0.00000   0.00000
   9   8.0000  371.999 248.20  0.000E+00 3.370E-03 0.000E+00 0.000E+00 0.000E+00 2.963E+01 2.963E+01   0.00000   0.00000   0.00000
  10   9.0000  323.999 241.70  0.000E+00 1.820E-03 0.000E+00 0.000E+00 0.000E+00 3.015E+01 3.015E+01   0.00000   0.00000   0.00000
  11  10.0000  280.999 235.30  0.000E+00 1.140E-03 0.000E+00 0.000E+00 0.000E+00 2.944E+01 2.944E+01   0.00000   0.00000   0.00000
  12  11.0000  243.000 228.80  0.000E+00 0.000E+00 7.990E-04 0.000E+00 0.000E+00 1.948E+01 1.948E+01   0.00000   0.00000   0.00000
  13  12.0000  208.999 222.30  0.000E+00 0.000E+00 6.410E-04 0.000E+00 0.000E+00 1.069E+01 1.069E+01   0.00000   0.00000   0.00000
  14  13.0000  179.001 215.80  0.000E+00 0.000E+00 5.170E-04 0.000E+00 0.000E+00 5.423E+00 5.423E+00   0.00000   0.00000   0.00000
  15  14.0000  153.000 215.70  0.000E+00 0.000E+00 4.420E-04 0.000E+00 0.000E+00 2.933E+00 2.933E+00   0.00000   0.00000   0.00000
  16  15.0000  129.999 215.70  0.000E+00 0.000E+00 3.950E-04 0.000E+00 0.000E+00 1.695E+00 1.695E+00   0.00000   0.00000   0.00000
  17  16.0000  111.000 215.70  0.000E+00 0.000E+00 3.820E-04 0.000E+00 0.000E+00 1.405E+00 1.405E+00   0.00000   0.00000   0.00000
  18  17.0000   95.000 215.70  0.000E+00 0.000E+00 4.250E-04 0.000E+00 0.000E+00 1.166E+00 1.166E+00   0.00000   0.00000   0.00000
  19  18.0000   81.200 216.80  0.000E+00 0.000E+00 5.200E-04 0.000E+00 0.000E+00 8.563E-01 8.563E-01   0.00000   0.00000   0.00000
  20  19.0000   69.500 217.90  0.000E+00 0.000E+00 5.810E-04 0.000E+00 0.000E+00 6.511E-01 6.511E-01   0.00000   0.00000   0.00000
  21  20.0000   59.500 219.20  0.000E+00 0.000E+00 5.890E-04 0.000E+00 0.000E+00 4.915E-01 4.915E-01   0.00000   0.00000   0.00000
  22  21.0000   51.000 220.40  0.000E+00 0.000E+00 5.020E-04 0.000E+00 0.000E+00 3.819E-01 3.819E-01   0.00000   0.00000   0.00000
  23  22.0000   43.700 221.60  0.000E+00 0.000E+00 4.200E-04 0.000E+00 0.000E+00 2.966E-01 2.966E-01   0.00000   0.00000   0.00000
  24  23.0000   37.600 222.80  0.000E+00 0.000E+00 3.000E-04 0.000E+00 0.000E+00 2.375E-01 2.375E-01   0.00000   0.00000   0.00000
  25  24.0000   32.200 223.90  0.000E+00 0.000E+00 1.980E-04 0.000E+00 0.000E+00 1.863E-01 1.863E-01   0.00000   0.00000   0.00000
  26  25.0000   27.700 225.10  0.000E+00 0.000E+00 1.310E-04 0.000E+00 0.000E+00 1.469E-01 1.469E-01   0.00000   0.00000   0.00000
  27  30.0000   13.200 233.70  0.000E+00 0.000E+00 3.320E-05 0.000E+00 0.000E+00 3.098E-02 3.098E-02   0.00000   0.00000   0.00000
  28  35.0000 6.519971 245.20  0.000E+00 0.000E+00 0.000E+00 4.300E-06 0.000E+00 5.231E-03 5.231E-03   0.00000   0.00000   0.00000
  29  40.0000 3.329993 257.50  0.000E+00 0.000E+00 0.000E+00 1.670E-06 0.000E+00 9.365E-04 9.365E-04   0.00000   0.00000   0.00000
  30  45.0000 1.759993 269.90  0.000E+00 0.000E+00 0.000E+00 8.000E-07 0.000E+00 1.994E-04 1.994E-04   0.00000   0.00000   0.00000
  31  50.0000 0.951001 275.70  0.000E+00 0.000E+00 0.000E+00 4.200E-07 0.000E+00 7.127E-05 7.127E-05   0.00000   0.00000   0.00000
  32  55.0000 0.514999 269.30  0.000E+00 0.000E+00 0.000E+00 2.207E-07 0.000E+00 5.991E-05 5.991E-05   0.00000   0.00000   0.00000
  33  60.0000 0.272001 257.10  0.000E+00 0.000E+00 0.000E+00 1.159E-07 0.000E+00 7.753E-05 7.753E-05   0.00000   0.00000   0.00000
  34  70.0000 0.067000 218.10  0.000E+00 0.000E+00 0.000E+00 3.200E-08 0.000E+00 7.084E-04 7.084E-04   0.00000   0.00000   0.00000
  35  80.0000 0.012000 174.10  0.000E+00 0.000E+00 0.000E+00 5.795E-09 0.000E+00 7.237E-02 7.237E-02   0.00000   0.00000   0.00000
  36 100.0000 0.000258 190.50  0.000E+00 0.000E+00 0.000E+00 1.900E-10 0.000E+00 1.461E-05 1.461E-05   0.00000   0.00000   0.00000


 ATMOSPHERIC PROFILES (AFTER COLUMN SCALING)

   I      Z       P       H2O      O3       CO2      CO       CH4      N2O      O2       NH3      NO       NO2      SO2      HNO3
         (KM)    (MB)  (                                             ATM CM / KM                                                )
   1   0.0000 1012.999  1.74E+03 2.80E-03 3.34E+01 1.39E-02 1.58E-01 2.97E-02 1.94E+04 4.64E-05 2.78E-05 2.13E-06 2.78E-05 4.64E-06
   2   1.0000  901.996  1.16E+03 2.80E-03 3.02E+01 1.22E-02 1.43E-01 2.69E-02 1.75E+04 4.20E-05 2.52E-05 1.93E-06 2.30E-05 5.00E-06
   3   2.0000  802.001  7.34E+02 2.80E-03 2.73E+01 1.06E-02 1.29E-01 2.43E-02 1.58E+04 3.51E-05 2.27E-05 1.74E-06 1.79E-05 5.25E-06
   4   3.0000  709.996  4.10E+02 2.89E-03 2.47E+01 9.25E-03 1.17E-01 2.19E-02 1.43E+04 2.61E-05 2.06E-05 1.58E-06 1.30E-05 5.42E-06
   5   4.0000  628.000  2.36E+02 2.99E-03 2.23E+01 8.13E-03 1.05E-01 1.98E-02 1.30E+04 1.78E-05 1.86E-05 1.43E-06 9.05E-06 5.50E-06
   6   5.0000  553.997  1.24E+02 3.08E-03 2.01E+01 7.28E-03 9.43E-02 1.79E-02 1.17E+04 1.14E-05 1.68E-05 1.29E-06 6.60E-06 5.45E-06
   7   6.0000  486.998  7.59E+01 3.22E-03 1.81E+01 6.47E-03 8.40E-02 1.61E-02 1.05E+04 7.34E-06 1.51E-05 1.16E-06 4.88E-06 5.58E-06
   8   7.0000  426.000  4.60E+01 3.50E-03 1.62E+01 5.62E-03 7.44E-02 1.44E-02 9.42E+03 4.45E-06 1.35E-05 1.04E-06 3.74E-06 5.68E-06
   9   8.0000  371.999  2.61E+01 3.69E-03 1.45E+01 4.79E-03 6.58E-02 1.29E-02 8.44E+03 2.62E-06 1.21E-05 9.29E-07 2.91E-06 5.62E-06
  10   9.0000  323.999  1.49E+01 4.01E-03 1.30E+01 3.95E-03 5.84E-02 1.14E-02 7.55E+03 1.36E-06 1.08E-05 8.38E-07 2.37E-06 5.53E-06
  11  10.0000  280.999  7.96E+00 4.20E-03 1.16E+01 3.21E-03 5.08E-02 9.97E-03 6.73E+03 6.54E-07 9.66E-06 7.66E-07 1.96E-06 5.60E-06
  12  11.0000  243.000  2.74E+00 5.13E-03 1.03E+01 2.57E-03 4.41E-02 8.56E-03 5.98E+03 3.12E-07 8.59E-06 7.50E-07 1.66E-06 5.78E-06
  13  12.0000  208.999  7.46E-01 5.65E-03 9.12E+00 1.98E-03 3.82E-02 7.44E-03 5.30E+03 1.60E-07 7.60E-06 7.98E-07 1.42E-06 6.11E-06
  14  13.0000  179.001  1.79E-01 6.71E-03 8.05E+00 1.43E-03 3.31E-02 6.40E-03 4.67E+03 6.98E-08 6.69E-06 9.95E-07 1.25E-06 6.17E-06
  15  14.0000  153.000  9.56E-02 8.41E-03 6.88E+00 9.61E-04 2.77E-02 5.35E-03 4.00E+03 2.12E-08 5.64E-06 1.43E-06 1.08E-06 6.37E-06
  16  15.0000  129.999  5.52E-02 8.12E-03 5.85E+00 6.40E-04 2.31E-02 4.43E-03 3.40E+03 7.26E-09 4.60E-06 2.78E-06 9.34E-07 7.34E-06
  17  16.0000  111.000  4.58E-02 8.32E-03 4.99E+00 4.26E-04 1.93E-02 3.62E-03 2.90E+03 2.93E-09 3.72E-06 4.43E-06 7.98E-07 1.02E-05
  18  17.0000   95.000  3.80E-02 8.31E-03 4.27E+00 2.96E-04 1.61E-02 2.87E-03 2.48E+03 1.31E-09 2.99E-06 6.16E-06 6.38E-07 1.56E-05
  19  18.0000   81.200  3.18E-02 1.01E-02 3.63E+00 1.99E-04 1.34E-02 2.20E-03 2.11E+03 6.76E-10 2.42E-06 7.78E-06 4.83E-07 2.13E-05
  20  19.0000   69.500  2.75E-02 1.29E-02 3.10E+00 1.33E-04 1.10E-02 1.58E-03 1.80E+03 3.41E-10 2.10E-06 9.11E-06 3.41E-07 2.73E-05
  21  20.0000   59.500  2.41E-02 1.46E-02 2.63E+00 9.74E-05 8.96E-03 1.18E-03 1.53E+03 1.76E-10 1.87E-06 1.02E-05 2.33E-07 3.07E-05
  22  21.0000   51.000  2.15E-02 1.50E-02 2.25E+00 7.69E-05 7.20E-03 8.25E-04 1.30E+03 1.20E-10 1.73E-06 1.10E-05 1.67E-07 3.08E-05
  23  22.0000   43.700  1.91E-02 1.54E-02 1.91E+00 6.55E-05 5.67E-03 6.09E-04 1.11E+03 9.14E-11 1.63E-06 1.15E-05 1.21E-07 2.90E-05
  24  23.0000   37.600  1.75E-02 1.55E-02 1.64E+00 5.95E-05 4.43E-03 4.71E-04 9.51E+02 7.23E-11 1.64E-06 1.17E-05 9.42E-08 2.61E-05
  25  24.0000   32.200  1.55E-02 1.55E-02 1.40E+00 5.43E-05 3.41E-03 3.73E-04 8.10E+02 5.58E-11 1.75E-06 1.19E-05 7.37E-08 2.26E-05
  26  25.0000   27.700  1.39E-02 1.59E-02 1.19E+00 5.05E-05 2.62E-03 2.97E-04 6.93E+02 4.08E-11 2.27E-06 1.24E-05 5.81E-08 1.86E-05
  27  30.0000   13.200  7.16E-03 1.07E-02 5.48E-01 3.04E-05 9.62E-04 1.02E-04 3.18E+02 9.67E-12 3.73E-06 9.38E-06 2.04E-08 5.69E-06
  28  35.0000 6.519971  3.55E-03 6.38E-03 2.58E-01 1.78E-05 3.59E-04 2.65E-05 1.50E+02 1.30E-12 5.12E-06 5.22E-06 8.32E-09 1.18E-06
  29  40.0000 3.329993  1.78E-03 2.63E-03 1.26E-01 1.03E-05 1.37E-04 6.05E-06 7.29E+01 1.02E-13 3.90E-06 1.40E-06 4.74E-09 1.86E-07
  30  45.0000 1.759993  9.58E-04 7.91E-04 6.33E-02 5.81E-06 5.05E-05 1.35E-06 3.67E+01 5.24E-15 2.06E-06 2.02E-07 3.69E-09 2.13E-08
  31  50.0000 0.951001  5.11E-04 2.60E-04 3.35E-02 3.39E-06 1.81E-05 2.99E-07 1.94E+01 6.63E-16 9.58E-07 4.12E-08 3.31E-09 5.16E-09
  32  55.0000 0.514999  2.76E-04 9.28E-05 1.86E-02 2.02E-06 8.11E-06 1.05E-07 1.08E+01 2.47E-16 5.21E-07 1.75E-08 2.37E-09 2.29E-09
  33  60.0000 0.272001  1.43E-04 3.71E-05 1.03E-02 1.33E-06 4.28E-06 3.98E-08 5.96E+00 1.04E-16 2.88E-07 8.13E-09 1.47E-09 1.10E-09
  34  70.0000 0.067000  3.06E-05 3.31E-06 2.98E-03 9.75E-07 1.24E-06 6.44E-09 1.73E+00 2.13E-17 9.52E-08 1.91E-09 3.58E-10 2.71E-10
  35  80.0000 0.012000  3.90E-06 3.72E-07 6.65E-04 1.27E-06 2.79E-07 9.60E-10 3.88E-01 3.79E-18 4.98E-08 3.75E-10 2.47E-11 5.59E-11
  36 100.0000 0.000258  1.46E-08 1.46E-08 7.77E-06 3.68E-07 4.38E-09 1.04E-11 5.84E-03 5.40E-20 7.59E-08 6.21E-12 1.31E-14 9.97E-13


1 ATMOSPHERIC PROFILES

   I      Z       CFC11    CFC12    CFC13    CFC14    CFC22   CFC113   CFC114   CFC115   CLONO2     HNO4   CHCL2F     CCL4     N2O5
         (KM)   (                                                  ATM CM/KM                                                  )
   1   0.0000  1.30E-05 2.23E-05 9.28E-14 9.28E-14 5.57E-06 1.76E-06 1.11E-06 9.28E-14 5.34E-07 4.03E-08 9.28E-14 1.21E-05 2.25E-11
   2   1.0000  1.18E-05 2.01E-05 8.39E-14 8.39E-14 5.03E-06 1.59E-06 1.01E-06 8.39E-14 4.30E-07 1.79E-07 8.39E-14 1.09E-05 8.01E-11
   3   2.0000  1.06E-05 1.82E-05 7.58E-14 7.58E-14 4.54E-06 1.44E-06 9.10E-07 7.58E-14 3.42E-07 2.91E-07 7.58E-14 9.85E-06 1.26E-10
   4   3.0000  9.60E-06 1.65E-05 6.86E-14 6.86E-14 4.10E-06 1.30E-06 8.23E-07 6.86E-14 2.66E-07 3.80E-07 6.86E-14 8.91E-06 1.63E-10
   5   4.0000  8.68E-06 1.49E-05 6.20E-14 6.20E-14 3.71E-06 1.18E-06 7.44E-07 6.20E-14 2.02E-07 4.49E-07 6.20E-14 8.06E-06 1.91E-10
   6   5.0000  7.82E-06 1.34E-05 5.59E-14 5.59E-14 3.34E-06 1.06E-06 6.71E-07 5.59E-14 1.54E-07 1.02E-06 5.59E-14 7.25E-06 2.02E-10
   7   6.0000  7.04E-06 1.21E-05 5.03E-14 5.03E-14 3.00E-06 9.55E-07 6.03E-07 5.03E-14 1.13E-07 1.46E-06 5.03E-14 6.51E-06 2.07E-10
   8   7.0000  6.31E-06 1.08E-05 4.51E-14 4.51E-14 2.69E-06 8.57E-07 5.41E-07 4.51E-14 7.87E-08 1.80E-06 4.51E-14 5.83E-06 2.09E-10
   9   8.0000  5.66E-06 9.70E-06 4.04E-14 4.04E-14 2.41E-06 7.68E-07 4.85E-07 4.04E-14 5.01E-08 2.06E-06 4.04E-14 5.21E-06 2.08E-10
  10   9.0000  5.05E-06 8.67E-06 3.61E-14 3.61E-14 2.16E-06 6.86E-07 4.34E-07 3.61E-14 4.37E-08 1.77E-06 3.61E-14 4.66E-06 2.08E-10
  11  10.0000  4.49E-06 7.71E-06 3.22E-14 3.22E-14 1.92E-06 6.10E-07 3.86E-07 3.22E-14 3.78E-08 1.52E-06 3.22E-14 4.15E-06 2.05E-10
  12  11.0000  3.99E-06 6.85E-06 2.86E-14 2.86E-14 1.70E-06 5.42E-07 3.44E-07 2.86E-14 3.27E-08 1.30E-06 2.86E-14 3.69E-06 1.99E-10
  13  12.0000  3.52E-06 6.06E-06 2.53E-14 2.53E-14 1.51E-06 4.79E-07 3.04E-07 2.53E-14 2.81E-08 1.11E-06 2.53E-14 3.27E-06 1.92E-10
  14  13.0000  3.02E-06 5.27E-06 2.24E-14 2.24E-14 1.32E-06 4.15E-07 2.66E-07 2.24E-14 1.79E-07 1.26E-06 2.24E-14 2.80E-06 9.85E-09
  15  14.0000  2.50E-06 4.44E-06 1.91E-14 1.91E-14 1.12E-06 3.48E-07 2.25E-07 1.91E-14 2.85E-07 1.33E-06 1.91E-14 2.31E-06 1.67E-08
  16  15.0000  2.06E-06 3.71E-06 1.62E-14 1.62E-14 9.39E-07 2.90E-07 1.89E-07 1.62E-14 3.54E-07 1.34E-06 1.62E-14 1.90E-06 2.12E-08
  17  16.0000  1.71E-06 3.12E-06 1.39E-14 1.39E-14 7.94E-07 2.43E-07 1.60E-07 1.39E-14 3.98E-07 1.32E-06 1.39E-14 1.57E-06 2.41E-08
  18  17.0000  1.33E-06 2.55E-06 1.19E-14 1.19E-14 6.60E-07 1.96E-07 1.33E-07 1.19E-14 1.21E-06 1.69E-06 1.19E-14 1.21E-06 1.04E-07
  19  18.0000  1.03E-06 2.06E-06 1.01E-14 1.01E-14 5.46E-07 1.57E-07 1.10E-07 1.01E-14 1.76E-06 1.92E-06 1.01E-14 9.15E-07 1.60E-07
  20  19.0000  7.82E-07 1.67E-06 8.60E-15 8.60E-15 4.51E-07 1.25E-07 9.05E-08 8.60E-15 2.13E-06 2.04E-06 8.60E-15 6.83E-07 1.97E-07
  21  20.0000  5.87E-07 1.35E-06 7.32E-15 7.32E-15 3.72E-07 9.95E-08 7.46E-08 7.32E-15 2.34E-06 2.09E-06 7.32E-15 4.99E-07 2.19E-07
  22  21.0000  4.28E-07 1.07E-06 6.24E-15 6.24E-15 3.05E-07 7.72E-08 6.09E-08 6.24E-15 2.87E-06 2.19E-06 6.24E-15 3.57E-07 2.59E-07
  23  22.0000  3.04E-07 8.40E-07 5.32E-15 5.32E-15 2.50E-07 5.93E-08 4.95E-08 5.32E-15 3.19E-06 2.22E-06 5.32E-15 2.45E-07 2.82E-07
  24  23.0000  2.07E-07 6.60E-07 4.55E-15 4.55E-15 2.05E-07 4.52E-08 4.03E-08 4.55E-15 3.37E-06 2.21E-06 4.55E-15 1.59E-07 2.94E-07
  25  24.0000  1.32E-07 5.12E-07 3.88E-15 3.88E-15 1.67E-07 3.38E-08 3.26E-08 3.88E-15 3.41E-06 2.14E-06 3.88E-15 9.30E-08 2.95E-07
  26  25.0000  9.05E-08 3.94E-07 3.32E-15 3.32E-15 1.36E-07 2.52E-08 2.64E-08 3.32E-15 3.23E-06 1.93E-06 3.32E-15 6.25E-08 2.56E-07
  27  30.0000  5.94E-09 8.96E-08 1.52E-15 1.52E-15 4.61E-08 4.44E-09 8.58E-09 1.52E-15 1.74E-06 7.77E-07 1.52E-15 2.67E-09 8.41E-08
  28  35.0000  1.42E-10 1.53E-08 7.17E-16 7.17E-16 1.48E-08 5.14E-10 2.62E-09 7.17E-16 3.75E-07 1.05E-07 7.17E-16 2.83E-11 7.76E-09
  29  40.0000  6.45E-13 2.12E-09 3.49E-16 3.49E-16 4.85E-09 4.29E-11 8.09E-10 3.49E-16 1.49E-08 3.47E-09 3.49E-16 1.38E-14 7.43E-11
  30  45.0000  1.61E-14 3.75E-10 1.76E-16 1.76E-16 1.82E-09 5.65E-12 2.84E-10 1.76E-16 2.95E-10 1.54E-10 1.76E-16 9.79E-17 6.92E-13
  31  50.0000  5.55E-16 7.92E-11 9.30E-17 9.30E-17 8.16E-10 9.21E-13 1.16E-10 9.30E-17 4.34E-12 7.10E-12 9.30E-17 1.02E-18 5.85E-15
  32  55.0000  3.15E-17 2.14E-11 5.16E-17 5.16E-17 4.19E-10 2.02E-13 5.36E-11 5.16E-17 6.16E-14 3.51E-13 5.16E-17 1.95E-20 5.38E-17
  33  60.0000  1.21E-18 5.53E-12 2.85E-17 2.85E-17 2.20E-10 4.05E-14 2.48E-11 2.85E-17 4.88E-16 1.37E-14 2.85E-17 1.50E-22 1.46E-19
  34  70.0000  4.22E-21 3.23E-13 8.28E-18 8.28E-18 5.95E-11 1.46E-15 4.85E-12 8.28E-18 5.99E-19 2.66E-16 8.28E-18 8.18E-26 6.79E-23
  35  80.0000  3.68E-24 9.64E-15 1.86E-18 1.86E-18 1.21E-11 2.29E-17 6.60E-13 1.86E-18 7.51E-23 1.57E-18 1.86E-18 5.44E-30 9.46E-27
  36 100.0000  1.14E-30 9.05E-19 3.65E-20 3.65E-20 6.54E-14 4.78E-22 7.78E-16 3.65E-20 2.95E-35 1.22E-31 3.65E-20 1.86E-38 3.06E-37



 CASE 2C:  GIVEN H1ALT, H2ALT, HRANGE:  (   3.00000   3.00000  10.00000 )

 ITERATE AROUND OBSZEN UNTIL RANGE CONVERGES

 ITER      OBSZEN         RANGE        DRANGE          BETA          HMIN        BCKZEN       BENDING
            (DEG)          (KM)          (KM)         (DEG)          (KM)         (DEG)         (DEG)
  1    90.0449433    11.4482520    -1.4482520     0.1029044     2.9977550    90.0449433     0.0130178
  2    90.0410379    10.4534162    -0.4534162     0.0939622     2.9981282    90.0410379     0.0118863
  3    90.0398153    10.1419599    -0.1419599     0.0911626     2.9982381    90.0398153     0.0115321
  4    90.0394325    10.0444463    -0.0444463     0.0902861     2.9982718    90.0394325     0.0114212
  5    90.0393126    10.0139157    -0.0139157     0.0900117     2.9982823    90.0393126     0.0113865
  6    90.0392751    10.0043569    -0.0043569     0.0899258     2.9982856    90.0392751     0.0113756
  7    90.0392633    10.0013641    -0.0013641     0.0898989     2.9982866    90.0392633     0.0113722
  8    90.0392596    10.0004271    -0.0004271     0.0898904     2.9982869    90.0392596     0.0113711

 REPLACING IPARM=2 SOLAR/LUNAR GEOMETRY PARAMETERS
     90.00000   RELATIVE SOLAR/LUNAR AZIMUTH AT H1ALT (DEG EAST OF NORTH)
     70.00000   SOLAR/LUNAR ZENITH ANGLE AT H1ALT (DEG)

      WITH IPARM=0 SOLAR/LUNAR GEOMETRY PARAMETERS
      0.00000   OBSERVER (H1ALT) LATITUDE (DEG NORTH OF EQUATOR)
      0.00000   OBSERVER (H1ALT) LONGITUDE (DEG WEST OF GREENWICH)
      0.00000   SOURCE LATITUDE (DEG NORTH OF EQUATOR)
     70.03094   SOURCE LONGITUDE (DEG WEST OF GREENWICH)
    180.00000   TRUE PATH AZIMUTH FROM H1ALT TO H2ALT (DEG EAST OF NORTH)



 CASE 2C:  GIVEN H1ALT, H2ALT, HRANGE:  (   3.00000   3.00000  10.00000 )

 ITERATE AROUND OBSZEN UNTIL RANGE CONVERGES

 ITER      OBSZEN         RANGE        DRANGE          BETA          HMIN        BCKZEN       BENDING
            (DEG)          (KM)          (KM)         (DEG)          (KM)         (DEG)         (DEG)
  1    90.0449433    11.4482520    -1.4482520     0.1029044     2.9977550    90.0449433     0.0130178
  2    90.0410379    10.4534162    -0.4534162     0.0939622     2.9981282    90.0410379     0.0118863
  3    90.0398153    10.1419599    -0.1419599     0.0911626     2.9982381    90.0398153     0.0115321
  4    90.0394325    10.0444463    -0.0444463     0.0902861     2.9982718    90.0394325     0.0114212
  5    90.0393126    10.0139157    -0.0139157     0.0900117     2.9982823    90.0393126     0.0113865
  6    90.0392751    10.0043569    -0.0043569     0.0899258     2.9982856    90.0392751     0.0113756
  7    90.0392633    10.0013641    -0.0013641     0.0898989     2.9982866    90.0392633     0.0113722
  8    90.0392596    10.0004271    -0.0004271     0.0898904     2.9982869    90.0392596     0.0113711


 SLANT PATH PARAMETERS IN STANDARD FORM

          H1ALT   =    3.00000 KM
          H2ALT   =    3.00000 KM
          OBSZEN  =   90.03926 DEG
          BCKZEN  =   90.03926 DEG
          HMIN    =    2.99829 KM
          LENN    =          1

 CALCULATION OF THE REFRACTED PATH THROUGH THE ATMOSPHERE


  I     START       END     START     DELTA     TOTAL     DELTA     EARTH    END TO     DELTA      PATH      LAYER   LAYER     LAYER
     ALTITUDE  ALTITUDE    TO END     RANGE     RANGE     EARTH    CENTER     START   BENDING   BENDING    AVERAGE     AVG   AVERAGE
                           ZENITH                         ANGLE     ANGLE    ZENITH                       PRESSURE    TEMP   DENSITY
         (KM)      (KM)     (DEG)     (KM)       (KM)     (DEG)     (DEG)     (DEG)     (DEG)    (DEG)        (MB)     (K)  (GM/CM3)
      TANGENT   H1ALT
      HEIGHT
  1   2.99829   3.00000  90.00000   5.00012   5.00012   0.04494   0.04494  90.03926   0.00569   0.00569  710.07051  279.21 8.860E-04

         DOUBLE RANGE, BETA, BENDING
         FOR SYMMETRIC PART OF PATH       10.000             0.090                      0.011





1  LAYER ABSORBER AMOUNTS FOR THE PATH SEGMENT ENDING AT Z

  J      Z        TBAR       HNO3         O3 UV     CNTMSLF1     CNTMSLF2      CNTMFRN        O2         WAT DROP     ICE PART
       (KM)        (K)     (ATM CM)     (ATM CM)   (MOL CM-2)   (MOL CM-2)   (MOL CM-2)   (MOL CM-2)   (KM GM/M3)   (KM GM/M3)

  1    2.9983   279.21    2.711E-05    1.447E-02    2.452E+20    1.144E+20    4.072E+22    1.124E+05    0.0000000    0.0000000
  2    3.0000   279.21    2.711E-05    1.447E-02    2.452E+20    1.144E+20    4.072E+22    1.124E+05    0.0000000    0.0000000



1 J      Z        N2 CONT     MOL SCAT        AER 1        AER 2        AER 3        AER 4        CIRRUS     WAT DROP     ICE PART
        (KM)                (550nm EXT)                                                                     (550 NM OPTICAL DEPTH)

  1    2.9983    2.1554515    0.0415411    0.0001114    0.0729393    0.0000000    0.0000000    0.0000000    0.0000000    0.0000000
  2    3.0000    2.1554515    0.0415411    0.0001114    0.0729393    0.0000000    0.0000000    0.0000000    0.0000000    0.0000000



1    J    Z       H2O       O3        CO2       CO        CH4       N2O       O2        NH3       NO        NO2       SO2
        (KM)    (                                                      ATM CM                                             )

   1    2.9983  2.05E+03  1.45E-02  1.23E+02  4.62E-02  5.83E-01  1.10E-01  7.16E+04  1.30E-04  1.03E-04  7.88E-06  6.51E-05
   2    3.0000  2.05E+03  1.45E-02  1.23E+02  4.62E-02  5.83E-01  1.10E-01  7.16E+04  1.30E-04  1.03E-04  7.88E-06  6.51E-05



   J      Z       CFC11    CFC12    CFC13    CFC14    CFC22   CFC113   CFC114   CFC115   CLONO2     HNO4   CHCL2F     CCL4     N2O5
        (KM)    (                                                     ATM CM                                                     )
   1    2.9983 4.80E-05 8.23E-05 3.43E-13 3.43E-13 2.05E-05 6.51E-06 4.11E-06 3.43E-13 1.33E-06 1.90E-06 3.43E-13 4.46E-05 8.15E-10
   2    3.0000 4.80E-05 8.23E-05 3.43E-13 3.43E-13 2.05E-05 6.51E-06 4.11E-06 3.43E-13 1.33E-06 1.90E-06 3.43E-13 4.46E-05 8.15E-10


 SUMMARY OF THE GEOMETRY CALCULATION

          H1ALT   =    3.00000 KM
          H2ALT   =    3.00000 KM
          OBSZEN  =   90.03926 DEG
          HRANGE  =   10.00025 KM
          BETA    =    0.08989 DEG
          PHI     =   90.03926 DEG
          HMIN    =    2.99829 KM
          BENDING =    0.01137 DEG
          LENN    =          1


   TOTAL COLUMN ABSORBER AMOUNTS FOR THE LINE-OF-SIGHT PATH:

                 HNO3      O3 UV      CNTMSLF1    CNTMSLF2    CNTMFRN     N2 CONT     MOL SCAT   TOTAL AER
               (ATM CM)   (ATM CM)   (MOL CM-2)  (MOL CM-2)  (MOL CM-2)              ( 550 NM EXTINCTION )
            5.4225E-05  2.8943E-02  4.9050E+20  2.2883E+20  8.1440E+22  4.3109E+00  0.08308221  0.14610128


                AER 1       AER 2       AER 3       AER 4      CIRRUS     WAT DROP    ICE PART   MEAN AER RH
                (                 550 NM EXTINCTION                 )    (KM GM/M3)  (KM GM/M3)   (PERCENT)
             0.00022270  0.14587858  0.00000000  0.00000000   0.000000    0.000000    0.000000     55.1963


                H2O         O3          CO2         CO          CH4         N2O

             (                                   ATM CM                                   )
            4.1045E+03  2.8943E-02  2.4682E+02  9.2491E-02  1.1655E+00  2.1939E-01


                O2          NH3         NO          NO2         SO2
               (                      ATM CM                      )
            1.4329E+05  2.6057E-04  2.0568E-04  1.5769E-05  1.3029E-04


               CFC11       CFC12       CFC13       CFC14       CFC22      CFC113      CFC114
             (                                    ATM CM                                    )
            9.5998E-05  1.6453E-04  6.8574E-13  6.8574E-13  4.1030E-05  1.3029E-05  8.2276E-06


              CFC115      CLONO2        HNO4      CHCL2F        CCL4        N2O5
             (                                    ATM CM                                    )
            6.8574E-13  2.6625E-06  3.7964E-06  6.8574E-13  8.9125E-05  1.6299E-09


1 SINGLE SCATTER SOLAR PATH GEOMETRY TABLE FOR THE LINE-OF-SIGHT PATH
  -------------------------------------------------------------------

 SCT    SCATTER  SUBTENDED      SOLAR       PATH   RELATIVE    SCATTER
 PNT   ALTITUDE      ANGLE     ZENITH     ZENITH    AZIMUTH      ANGLE
           [KM]      [DEG]      [DEG]      [DEG]      [DEG]      [DEG]
   1    3.00000    0.00000   69.99995   90.03926   90.00000   90.01343    
   2    2.99829    0.04494   69.99995   90.00000   90.01633   90.01534    
   3    3.00000    0.08989   69.99998   89.96074   90.03266   90.01726    

550 nm SINGLE SCATTERING ALBEDO OF THE FOUR AEROSOL MODELS
[NOMINALLY: (1) Boundary Layer, (2) Tropospheric, (3) Stratospheric, and (4) Volcanic]
     AER 1:      0.944402
     AER 2:      0.963462
     AER 3:      1.000000
     AER 4:      0.994932

 SUN ELLIPTIC ORBIT SOLAR IRRADIANCE FACTOR FOR DAY 172:   0.96867

                           RADIANCE (WATTS/CM2-STER-XXX)   [No STER in TOA SOLAR IRRADIANCE]

  FREQ   WAVELENGTH    PATH_THERMAL    SURFACE_EMISSION  SOL_IRR    SINGLE_SCATTER  GROUND_REFLECTED   TOTAL_RADIANCE  INTEGRAL    TOTAL
 (CM-1) (MICRON)      (CM-1)  (MICRN)   (CM-1)  (MICRN)   (CM-1)   (CM-1)  (MICRN)   (CM-1)  (MICRN)   (CM-1)  (MICRN)             TRANS

 9091.00 1.099989     1.05E-21 8.70E-18 0.00E+00 0.00E+00 6.92E-06 1.86E-08 1.54E-04 0.00E+00 0.00E+00 1.86E-08 1.54E-04 9.30E-08  0.73929
 9101.00 1.098780     8.54E-22 7.08E-18 0.00E+00 0.00E+00 6.75E-06 1.91E-08 1.58E-04 0.00E+00 0.00E+00 1.91E-08 1.58E-04 2.84E-07  0.77832
 9111.00 1.097574     6.31E-22 5.24E-18 0.00E+00 0.00E+00 6.77E-06 2.04E-08 1.69E-04 0.00E+00 0.00E+00 2.04E-08 1.69E-04 4.87E-07  0.82910
 9121.00 1.096371     5.96E-22 4.96E-18 0.00E+00 0.00E+00 6.76E-06 2.04E-08 1.69E-04 0.00E+00 0.00E+00 2.04E-08 1.69E-04 6.91E-07  0.82839
 9131.00 1.095170     6.07E-22 5.06E-18 0.00E+00 0.00E+00 6.72E-06 2.01E-08 1.67E-04 0.00E+00 0.00E+00 2.01E-08 1.67E-04 8.92E-07  0.81796
 9141.00 1.093972     4.14E-22 3.46E-18 0.00E+00 0.00E+00 6.44E-06 2.05E-08 1.71E-04 0.00E+00 0.00E+00 2.05E-08 1.71E-04 1.10E-06  0.87004
 9151.00 1.092777     5.37E-22 4.50E-18 0.00E+00 0.00E+00 6.86E-06 2.07E-08 1.73E-04 0.00E+00 0.00E+00 2.07E-08 1.73E-04 1.30E-06  0.82232
 9161.00 1.091584     2.39E-22 2.01E-18 0.00E+00 0.00E+00 6.93E-06 2.33E-08 1.96E-04 0.00E+00 0.00E+00 2.33E-08 1.96E-04 1.54E-06  0.91712
 9171.00 1.090394     3.91E-22 3.28E-18 0.00E+00 0.00E+00 6.99E-06 2.21E-08 1.86E-04 0.00E+00 0.00E+00 2.21E-08 1.86E-04 1.76E-06  0.85762
 9181.00 1.089206     3.07E-22 2.59E-18 0.00E+00 0.00E+00 6.87E-06 2.24E-08 1.89E-04 0.00E+00 0.00E+00 2.24E-08 1.89E-04 1.98E-06  0.88290
 9191.00 1.088021     2.16E-22 1.83E-18 0.00E+00 0.00E+00 6.85E-06 2.31E-08 1.95E-04 0.00E+00 0.00E+00 2.31E-08 1.95E-04 2.21E-06  0.91308
 9201.00 1.086838     2.96E-22 2.51E-18 0.00E+00 0.00E+00 6.78E-06 2.20E-08 1.86E-04 0.00E+00 0.00E+00 2.20E-08 1.86E-04 2.43E-06  0.87464
 9211.00 1.085658     2.75E-22 2.33E-18 0.00E+00 0.00E+00 7.03E-06 2.30E-08 1.95E-04 0.00E+00 0.00E+00 2.30E-08 1.95E-04 2.66E-06  0.87927
 9221.00 1.084481     2.16E-22 1.84E-18 0.00E+00 0.00E+00 6.97E-06 2.33E-08 1.99E-04 0.00E+00 0.00E+00 2.33E-08 1.99E-04 2.90E-06  0.89955
 9231.00 1.083306     2.11E-22 1.80E-18 0.00E+00 0.00E+00 6.80E-06 2.28E-08 1.94E-04 0.00E+00 0.00E+00 2.28E-08 1.94E-04 3.12E-06  0.89795
 9241.00 1.082134     1.52E-22 1.30E-18 0.00E+00 0.00E+00 6.78E-06 2.34E-08 2.00E-04 0.00E+00 0.00E+00 2.34E-08 2.00E-04 3.36E-06  0.92181
 9251.00 1.080964     1.84E-22 1.58E-18 0.00E+00 0.00E+00 6.90E-06 2.34E-08 2.00E-04 0.00E+00 0.00E+00 2.34E-08 2.00E-04 3.59E-06  0.90108
 9261.00 1.079797     1.56E-22 1.34E-18 0.00E+00 0.00E+00 6.99E-06 2.40E-08 2.06E-04 0.00E+00 0.00E+00 2.40E-08 2.06E-04 3.83E-06  0.91272
 9271.00 1.078632     1.18E-22 1.02E-18 0.00E+00 0.00E+00 6.88E-06 2.41E-08 2.07E-04 0.00E+00 0.00E+00 2.41E-08 2.07E-04 4.07E-06  0.93013
 9281.00 1.077470     1.64E-22 1.41E-18 0.00E+00 0.00E+00 7.03E-06 2.39E-08 2.06E-04 0.00E+00 0.00E+00 2.39E-08 2.06E-04 4.31E-06  0.89873
 9291.00 1.076310     1.02E-22 8.82E-19 0.00E+00 0.00E+00 7.01E-06 2.47E-08 2.14E-04 0.00E+00 0.00E+00 2.47E-08 2.14E-04 4.56E-06  0.93366
 9301.00 1.075153     1.19E-22 1.03E-18 0.00E+00 0.00E+00 6.86E-06 2.39E-08 2.07E-04 0.00E+00 0.00E+00 2.39E-08 2.07E-04 4.80E-06  0.91855
 9311.00 1.073998     1.02E-22 8.88E-19 0.00E+00 0.00E+00 6.98E-06 2.46E-08 2.13E-04 0.00E+00 0.00E+00 2.46E-08 2.13E-04 5.04E-06  0.92691
 9321.00 1.072846     1.01E-22 8.79E-19 0.00E+00 0.00E+00 6.89E-06 2.42E-08 2.10E-04 0.00E+00 0.00E+00 2.42E-08 2.10E-04 5.28E-06  0.92384
 9331.00 1.071697     9.41E-23 8.19E-19 0.00E+00 0.00E+00 7.01E-06 2.47E-08 2.15E-04 0.00E+00 0.00E+00 2.47E-08 2.15E-04 5.53E-06  0.92590
 9341.00 1.070549     8.96E-23 7.82E-19 0.00E+00 0.00E+00 6.98E-06 2.46E-08 2.15E-04 0.00E+00 0.00E+00 2.46E-08 2.15E-04 5.78E-06  0.92571
 9351.00 1.069404     9.27E-23 8.11E-19 0.00E+00 0.00E+00 6.71E-06 2.35E-08 2.05E-04 0.00E+00 0.00E+00 2.35E-08 2.05E-04 6.01E-06  0.91951
 9361.00 1.068262     8.37E-23 7.34E-19 0.00E+00 0.00E+00 6.91E-06 2.43E-08 2.13E-04 0.00E+00 0.00E+00 2.43E-08 2.13E-04 6.25E-06  0.92364
 9371.00 1.067122     8.19E-23 7.19E-19 0.00E+00 0.00E+00 7.01E-06 2.46E-08 2.16E-04 0.00E+00 0.00E+00 2.46E-08 2.16E-04 6.50E-06  0.92169
 9381.00 1.065984     7.59E-23 6.68E-19 0.00E+00 0.00E+00 6.97E-06 2.46E-08 2.16E-04 0.00E+00 0.00E+00 2.46E-08 2.16E-04 6.75E-06  0.92379
 9391.00 1.064849     7.41E-23 6.53E-19 0.00E+00 0.00E+00 7.09E-06 2.50E-08 2.21E-04 0.00E+00 0.00E+00 2.50E-08 2.21E-04 7.00E-06  0.92194
 9401.00 1.063717     6.76E-23 5.97E-19 0.00E+00 0.00E+00 7.04E-06 2.50E-08 2.21E-04 0.00E+00 0.00E+00 2.50E-08 2.21E-04 7.25E-06  0.92525
 9411.00 1.062586     6.48E-23 5.74E-19 0.00E+00 0.00E+00 7.02E-06 2.51E-08 2.22E-04 0.00E+00 0.00E+00 2.51E-08 2.22E-04 7.50E-06  0.92480
 9421.00 1.061458     5.94E-23 5.28E-19 0.00E+00 0.00E+00 7.01E-06 2.52E-08 2.23E-04 0.00E+00 0.00E+00 2.52E-08 2.23E-04 7.75E-06  0.92759
 9431.00 1.060333     5.59E-23 4.97E-19 0.00E+00 0.00E+00 6.97E-06 2.51E-08 2.24E-04 0.00E+00 0.00E+00 2.51E-08 2.24E-04 8.00E-06  0.92859
 9441.00 1.059210     5.26E-23 4.69E-19 0.00E+00 0.00E+00 6.95E-06 2.52E-08 2.24E-04 0.00E+00 0.00E+00 2.52E-08 2.24E-04 8.25E-06  0.92938
 9451.00 1.058089     4.91E-23 4.39E-19 0.00E+00 0.00E+00 6.98E-06 2.54E-08 2.27E-04 0.00E+00 0.00E+00 2.54E-08 2.27E-04 8.51E-06  0.93085
 9461.00 1.056971     4.55E-23 4.07E-19 0.00E+00 0.00E+00 7.09E-06 2.60E-08 2.32E-04 0.00E+00 0.00E+00 2.60E-08 2.32E-04 8.77E-06  0.93272
 9471.00 1.055855     4.24E-23 3.81E-19 0.00E+00 0.00E+00 7.09E-06 2.61E-08 2.34E-04 0.00E+00 0.00E+00 2.61E-08 2.34E-04 9.03E-06  0.93416
 9481.00 1.054741     3.96E-23 3.56E-19 0.00E+00 0.00E+00 7.08E-06 2.62E-08 2.35E-04 0.00E+00 0.00E+00 2.62E-08 2.35E-04 9.29E-06  0.93557
 9491.00 1.053630     3.70E-23 3.34E-19 0.00E+00 0.00E+00 7.03E-06 2.61E-08 2.35E-04 0.00E+00 0.00E+00 2.61E-08 2.35E-04 9.55E-06  0.93668
 9501.00 1.052521     3.50E-23 3.16E-19 0.00E+00 0.00E+00 7.07E-06 2.63E-08 2.37E-04 0.00E+00 0.00E+00 2.63E-08 2.37E-04 9.81E-06  0.93722
 9511.00 1.051414     3.30E-23 2.99E-19 0.00E+00 0.00E+00 7.07E-06 2.64E-08 2.39E-04 0.00E+00 0.00E+00 2.64E-08 2.39E-04 1.01E-05  0.93788
 9521.00 1.050310     3.11E-23 2.82E-19 0.00E+00 0.00E+00 7.07E-06 2.65E-08 2.40E-04 0.00E+00 0.00E+00 2.65E-08 2.40E-04 1.03E-05  0.93850
 9531.00 1.049208     2.95E-23 2.68E-19 0.00E+00 0.00E+00 7.08E-06 2.66E-08 2.42E-04 0.00E+00 0.00E+00 2.66E-08 2.42E-04 1.06E-05  0.93880
 9541.00 1.048108     2.78E-23 2.53E-19 0.00E+00 0.00E+00 7.08E-06 2.67E-08 2.43E-04 0.00E+00 0.00E+00 2.67E-08 2.43E-04 1.09E-05  0.93951
 9551.00 1.047011     2.64E-23 2.41E-19 0.00E+00 0.00E+00 7.02E-06 2.65E-08 2.42E-04 0.00E+00 0.00E+00 2.65E-08 2.42E-04 1.11E-05  0.93970
 9561.00 1.045916     2.51E-23 2.29E-19 0.00E+00 0.00E+00 6.94E-06 2.63E-08 2.41E-04 0.00E+00 0.00E+00 2.63E-08 2.41E-04 1.14E-05  0.93989
 9571.00 1.044823     2.39E-23 2.19E-19 0.00E+00 0.00E+00 7.07E-06 2.69E-08 2.46E-04 0.00E+00 0.00E+00 2.69E-08 2.46E-04 1.17E-05  0.93990
 9581.00 1.043732     2.26E-23 2.08E-19 0.00E+00 0.00E+00 7.08E-06 2.70E-08 2.48E-04 0.00E+00 0.00E+00 2.70E-08 2.48E-04 1.19E-05  0.94018

                           RADIANCE (WATTS/CM2-STER-XXX)   [No STER in TOA SOLAR IRRADIANCE]

  FREQ   WAVELENGTH    PATH_THERMAL    SURFACE_EMISSION  SOL_IRR    SINGLE_SCATTER  GROUND_REFLECTED   TOTAL_RADIANCE  INTEGRAL    TOTAL
 (CM-1) (MICRON)      (CM-1)  (MICRN)   (CM-1)  (MICRN)   (CM-1)   (CM-1)  (MICRN)   (CM-1)  (MICRN)   (CM-1)  (MICRN)             TRANS

 9591.00 1.042644     2.16E-23 1.99E-19 0.00E+00 0.00E+00 7.04E-06 2.68E-08 2.47E-04 0.00E+00 0.00E+00 2.68E-08 2.47E-04 1.22E-05  0.93999
 9601.00 1.041558     2.07E-23 1.91E-19 0.00E+00 0.00E+00 7.10E-06 2.71E-08 2.50E-04 0.00E+00 0.00E+00 2.71E-08 2.50E-04 1.25E-05  0.93967
 9611.00 1.040474     1.97E-23 1.82E-19 0.00E+00 0.00E+00 7.06E-06 2.70E-08 2.50E-04 0.00E+00 0.00E+00 2.70E-08 2.50E-04 1.28E-05  0.93996
 9621.00 1.039393     1.87E-23 1.74E-19 0.00E+00 0.00E+00 7.05E-06 2.71E-08 2.51E-04 0.00E+00 0.00E+00 2.71E-08 2.51E-04 1.30E-05  0.93988
 9631.00 1.038314     1.79E-23 1.66E-19 0.00E+00 0.00E+00 7.05E-06 2.71E-08 2.51E-04 0.00E+00 0.00E+00 2.71E-08 2.51E-04 1.33E-05  0.93977
 9641.00 1.037237     1.71E-23 1.59E-19 0.00E+00 0.00E+00 7.00E-06 2.70E-08 2.51E-04 0.00E+00 0.00E+00 2.70E-08 2.51E-04 1.36E-05  0.93965
 9651.00 1.036162     1.64E-23 1.52E-19 0.00E+00 0.00E+00 7.11E-06 2.74E-08 2.56E-04 0.00E+00 0.00E+00 2.74E-08 2.56E-04 1.38E-05  0.93937
 9661.00 1.035089     1.54E-23 1.44E-19 0.00E+00 0.00E+00 7.03E-06 2.72E-08 2.54E-04 0.00E+00 0.00E+00 2.72E-08 2.54E-04 1.41E-05  0.93995
 9671.00 1.034019     1.49E-23 1.39E-19 0.00E+00 0.00E+00 7.03E-06 2.72E-08 2.55E-04 0.00E+00 0.00E+00 2.72E-08 2.55E-04 1.44E-05  0.93922
 9681.00 1.032951     1.42E-23 1.33E-19 0.00E+00 0.00E+00 7.01E-06 2.72E-08 2.55E-04 0.00E+00 0.00E+00 2.72E-08 2.55E-04 1.47E-05  0.93920
 9691.00 1.031885     1.37E-23 1.29E-19 0.00E+00 0.00E+00 7.11E-06 2.76E-08 2.60E-04 0.00E+00 0.00E+00 2.76E-08 2.60E-04 1.49E-05  0.93834
 9701.00 1.030822     1.32E-23 1.24E-19 0.00E+00 0.00E+00 7.10E-06 2.76E-08 2.60E-04 0.00E+00 0.00E+00 2.76E-08 2.60E-04 1.52E-05  0.93768
 9711.00 1.029760     1.25E-23 1.18E-19 0.00E+00 0.00E+00 7.08E-06 2.76E-08 2.61E-04 0.00E+00 0.00E+00 2.76E-08 2.61E-04 1.55E-05  0.93785
 9721.00 1.028701     1.26E-23 1.19E-19 0.00E+00 0.00E+00 7.09E-06 2.76E-08 2.61E-04 0.00E+00 0.00E+00 2.76E-08 2.61E-04 1.58E-05  0.93455
 9731.00 1.027644     1.26E-23 1.19E-19 0.00E+00 0.00E+00 7.13E-06 2.77E-08 2.63E-04 0.00E+00 0.00E+00 2.77E-08 2.63E-04 1.60E-05  0.93122
 9741.00 1.026589     1.13E-23 1.07E-19 0.00E+00 0.00E+00 7.11E-06 2.78E-08 2.64E-04 0.00E+00 0.00E+00 2.78E-08 2.64E-04 1.63E-05  0.93532
 9751.00 1.025536     1.08E-23 1.03E-19 0.00E+00 0.00E+00 7.13E-06 2.79E-08 2.66E-04 0.00E+00 0.00E+00 2.79E-08 2.66E-04 1.66E-05  0.93479
 9761.00 1.024485     1.08E-23 1.03E-19 0.00E+00 0.00E+00 7.11E-06 2.78E-08 2.65E-04 0.00E+00 0.00E+00 2.78E-08 2.65E-04 1.69E-05  0.93141
 9771.00 1.023437     1.15E-23 1.10E-19 0.00E+00 0.00E+00 7.12E-06 2.77E-08 2.65E-04 0.00E+00 0.00E+00 2.77E-08 2.65E-04 1.71E-05  0.92384
 9781.00 1.022390     9.53E-24 9.12E-20 0.00E+00 0.00E+00 7.05E-06 2.77E-08 2.65E-04 0.00E+00 0.00E+00 2.77E-08 2.65E-04 1.74E-05  0.93368
 9791.00 1.021346     9.10E-24 8.72E-20 0.00E+00 0.00E+00 7.04E-06 2.78E-08 2.66E-04 0.00E+00 0.00E+00 2.78E-08 2.66E-04 1.77E-05  0.93359
 9801.00 1.020304     8.59E-24 8.25E-20 0.00E+00 0.00E+00 7.06E-06 2.79E-08 2.68E-04 0.00E+00 0.00E+00 2.79E-08 2.68E-04 1.80E-05  0.93409
 9811.00 1.019264     9.24E-24 8.90E-20 0.00E+00 0.00E+00 6.98E-06 2.74E-08 2.64E-04 0.00E+00 0.00E+00 2.74E-08 2.64E-04 1.83E-05  0.92567
 9821.00 1.018226     7.52E-24 7.25E-20 0.00E+00 0.00E+00 7.06E-06 2.81E-08 2.71E-04 0.00E+00 0.00E+00 2.81E-08 2.71E-04 1.85E-05  0.93647
 9831.00 1.017191     7.60E-24 7.35E-20 0.00E+00 0.00E+00 7.08E-06 2.81E-08 2.72E-04 0.00E+00 0.00E+00 2.81E-08 2.72E-04 1.88E-05  0.93256
 9841.00 1.016157     7.00E-24 6.78E-20 0.00E+00 0.00E+00 7.06E-06 2.81E-08 2.73E-04 0.00E+00 0.00E+00 2.81E-08 2.73E-04 1.91E-05  0.93481
 9851.00 1.015125     7.09E-24 6.88E-20 0.00E+00 0.00E+00 7.05E-06 2.81E-08 2.72E-04 0.00E+00 0.00E+00 2.81E-08 2.72E-04 1.94E-05  0.93071
 9861.00 1.014096     6.52E-24 6.34E-20 0.00E+00 0.00E+00 7.10E-06 2.84E-08 2.76E-04 0.00E+00 0.00E+00 2.84E-08 2.76E-04 1.97E-05  0.93323
 9871.00 1.013069     6.14E-24 5.98E-20 0.00E+00 0.00E+00 7.11E-06 2.85E-08 2.78E-04 0.00E+00 0.00E+00 2.85E-08 2.78E-04 2.00E-05  0.93385
 9881.00 1.012043     6.43E-24 6.27E-20 0.00E+00 0.00E+00 7.11E-06 2.84E-08 2.77E-04 0.00E+00 0.00E+00 2.84E-08 2.77E-04 2.02E-05  0.92738
 9891.00 1.011020     5.71E-24 5.59E-20 0.00E+00 0.00E+00 7.11E-06 2.86E-08 2.80E-04 0.00E+00 0.00E+00 2.86E-08 2.80E-04 2.05E-05  0.93222
 9901.00 1.009999     6.58E-24 6.45E-20 0.00E+00 0.00E+00 7.13E-06 2.83E-08 2.77E-04 0.00E+00 0.00E+00 2.83E-08 2.77E-04 2.08E-05  0.91788
 9911.00 1.008980     6.39E-24 6.28E-20 0.00E+00 0.00E+00 7.11E-06 2.82E-08 2.77E-04 0.00E+00 0.00E+00 2.82E-08 2.77E-04 2.11E-05  0.91663
 9921.00 1.007963     5.41E-24 5.32E-20 0.00E+00 0.00E+00 7.12E-06 2.86E-08 2.81E-04 0.00E+00 0.00E+00 2.86E-08 2.81E-04 2.14E-05  0.92579
 9931.00 1.006948     4.76E-24 4.69E-20 0.00E+00 0.00E+00 7.08E-06 2.86E-08 2.82E-04 0.00E+00 0.00E+00 2.86E-08 2.82E-04 2.17E-05  0.93146
 9941.00 1.005935     4.71E-24 4.65E-20 0.00E+00 0.00E+00 6.84E-06 2.76E-08 2.73E-04 0.00E+00 0.00E+00 2.76E-08 2.73E-04 2.19E-05  0.92881
 9951.00 1.004924     4.50E-24 4.45E-20 0.00E+00 0.00E+00 6.70E-06 2.71E-08 2.68E-04 0.00E+00 0.00E+00 2.71E-08 2.68E-04 2.22E-05  0.92860
 9961.00 1.003915     4.47E-24 4.44E-20 0.00E+00 0.00E+00 7.02E-06 2.84E-08 2.82E-04 0.00E+00 0.00E+00 2.84E-08 2.82E-04 2.25E-05  0.92563
 9971.00 1.002908     4.21E-24 4.19E-20 0.00E+00 0.00E+00 7.09E-06 2.87E-08 2.86E-04 0.00E+00 0.00E+00 2.87E-08 2.86E-04 2.28E-05  0.92609
 9981.00 1.001904     5.04E-24 5.02E-20 0.00E+00 0.00E+00 7.15E-06 2.85E-08 2.83E-04 0.00E+00 0.00E+00 2.85E-08 2.83E-04 2.31E-05  0.90762
 9991.00 1.000901     3.59E-24 3.58E-20 0.00E+00 0.00E+00 7.14E-06 2.92E-08 2.91E-04 0.00E+00 0.00E+00 2.92E-08 2.91E-04 2.34E-05  0.93083
10001.00 .9999000     3.71E-24 3.71E-20 0.00E+00 0.00E+00 7.10E-06 2.89E-08 2.89E-04 0.00E+00 0.00E+00 2.89E-08 2.89E-04 2.36E-05  0.92490
10011.00 .9989012     3.39E-24 3.39E-20 0.00E+00 0.00E+00 7.12E-06 2.91E-08 2.92E-04 0.00E+00 0.00E+00 2.91E-08 2.92E-04 2.39E-05  0.92815
10021.00 .9979044     3.17E-24 3.18E-20 0.00E+00 0.00E+00 7.13E-06 2.93E-08 2.94E-04 0.00E+00 0.00E+00 2.93E-08 2.94E-04 2.42E-05  0.92941
10031.00 .9969096     2.99E-24 3.01E-20 0.00E+00 0.00E+00 7.13E-06 2.94E-08 2.95E-04 0.00E+00 0.00E+00 2.94E-08 2.95E-04 2.45E-05  0.93003
10041.00 .9959167     2.90E-24 2.92E-20 0.00E+00 0.00E+00 7.12E-06 2.93E-08 2.96E-04 0.00E+00 0.00E+00 2.93E-08 2.96E-04 2.48E-05  0.92877
10051.00 .9949259     2.68E-24 2.71E-20 0.00E+00 0.00E+00 7.12E-06 2.94E-08 2.97E-04 0.00E+00 0.00E+00 2.94E-08 2.97E-04 2.51E-05  0.93092
10061.00 .9939370     2.71E-24 2.75E-20 0.00E+00 0.00E+00 7.13E-06 2.94E-08 2.98E-04 0.00E+00 0.00E+00 2.94E-08 2.98E-04 2.54E-05  0.92649
10071.00 .9929501     3.38E-24 3.43E-20 0.00E+00 0.00E+00 7.12E-06 2.87E-08 2.92E-04 0.00E+00 0.00E+00 2.87E-08 2.92E-04 2.57E-05  0.90381
10081.00 .9919651     2.56E-24 2.60E-20 0.00E+00 0.00E+00 7.10E-06 2.93E-08 2.98E-04 0.00E+00 0.00E+00 2.93E-08 2.98E-04 2.60E-05  0.92356

                           RADIANCE (WATTS/CM2-STER-XXX)   [No STER in TOA SOLAR IRRADIANCE]

  FREQ   WAVELENGTH    PATH_THERMAL    SURFACE_EMISSION  SOL_IRR    SINGLE_SCATTER  GROUND_REFLECTED   TOTAL_RADIANCE  INTEGRAL    TOTAL
 (CM-1) (MICRON)      (CM-1)  (MICRN)   (CM-1)  (MICRN)   (CM-1)   (CM-1)  (MICRN)   (CM-1)  (MICRN)   (CM-1)  (MICRN)             TRANS

10091.00 .9909821     2.74E-24 2.79E-20 0.00E+00 0.00E+00 7.08E-06 2.90E-08 2.95E-04 0.00E+00 0.00E+00 2.90E-08 2.95E-04 2.63E-05  0.91388
10101.00 .9900010     3.23E-24 3.30E-20 0.00E+00 0.00E+00 7.04E-06 2.83E-08 2.88E-04 0.00E+00 0.00E+00 2.83E-08 2.88E-04 2.66E-05  0.89386
10111.00 .9890218     2.32E-24 2.37E-20 0.00E+00 0.00E+00 7.02E-06 2.90E-08 2.97E-04 0.00E+00 0.00E+00 2.90E-08 2.97E-04 2.68E-05  0.91995
10121.00 .9880447     2.90E-24 2.97E-20 0.00E+00 0.00E+00 7.11E-06 2.87E-08 2.94E-04 0.00E+00 0.00E+00 2.87E-08 2.94E-04 2.71E-05  0.89455
10131.00 .9870694     3.08E-24 3.16E-20 0.00E+00 0.00E+00 7.08E-06 2.83E-08 2.90E-04 0.00E+00 0.00E+00 2.83E-08 2.90E-04 2.74E-05  0.88315
10141.00 .9860960     2.43E-24 2.50E-20 0.00E+00 0.00E+00 7.08E-06 2.89E-08 2.98E-04 0.00E+00 0.00E+00 2.89E-08 2.98E-04 2.77E-05  0.90273
10151.00 .9851246     3.94E-24 4.06E-20 0.00E+00 0.00E+00 7.11E-06 2.71E-08 2.79E-04 0.00E+00 0.00E+00 2.71E-08 2.79E-04 2.80E-05  0.83440
10161.00 .9841551     3.31E-24 3.42E-20 0.00E+00 0.00E+00 7.09E-06 2.76E-08 2.85E-04 0.00E+00 0.00E+00 2.76E-08 2.85E-04 2.83E-05  0.85443
10171.00 .9831875     4.04E-24 4.18E-20 0.00E+00 0.00E+00 7.09E-06 2.65E-08 2.74E-04 0.00E+00 0.00E+00 2.65E-08 2.74E-04 2.85E-05  0.81257
10181.00 .9822218     4.08E-24 4.23E-20 0.00E+00 0.00E+00 7.12E-06 2.63E-08 2.73E-04 0.00E+00 0.00E+00 2.63E-08 2.73E-04 2.88E-05  0.80260
10191.00 .9812580     3.31E-24 3.44E-20 0.00E+00 0.00E+00 7.13E-06 2.72E-08 2.83E-04 0.00E+00 0.00E+00 2.72E-08 2.83E-04 2.91E-05  0.83154
10201.00 .9802961     4.81E-24 5.00E-20 0.00E+00 0.00E+00 7.07E-06 2.44E-08 2.54E-04 0.00E+00 0.00E+00 2.44E-08 2.54E-04 2.93E-05  0.74257
10211.00 .9793360     5.08E-24 5.30E-20 0.00E+00 0.00E+00 7.04E-06 2.35E-08 2.45E-04 0.00E+00 0.00E+00 2.35E-08 2.45E-04 2.95E-05  0.71534
10221.00 .9783779     4.62E-24 4.83E-20 0.00E+00 0.00E+00 7.05E-06 2.39E-08 2.50E-04 0.00E+00 0.00E+00 2.39E-08 2.50E-04 2.98E-05  0.72775
10231.00 .9774216     3.43E-24 3.59E-20 0.00E+00 0.00E+00 7.09E-06 2.59E-08 2.71E-04 0.00E+00 0.00E+00 2.59E-08 2.71E-04 3.00E-05  0.78784
10241.00 .9764671     5.42E-24 5.68E-20 0.00E+00 0.00E+00 7.03E-06 2.15E-08 2.25E-04 0.00E+00 0.00E+00 2.15E-08 2.25E-04 3.02E-05  0.64743
10251.00 .9755146     4.77E-24 5.01E-20 0.00E+00 0.00E+00 7.12E-06 2.26E-08 2.38E-04 0.00E+00 0.00E+00 2.26E-08 2.38E-04 3.05E-05  0.67582
10261.00 .9745639     4.58E-24 4.83E-20 0.00E+00 0.00E+00 7.00E-06 2.21E-08 2.33E-04 0.00E+00 0.00E+00 2.21E-08 2.33E-04 3.07E-05  0.67133
10271.00 .9736151     4.47E-24 4.72E-20 0.00E+00 0.00E+00 7.03E-06 2.21E-08 2.33E-04 0.00E+00 0.00E+00 2.21E-08 2.33E-04 3.09E-05  0.66556
10281.00 .9726681     3.40E-24 3.59E-20 0.00E+00 0.00E+00 7.11E-06 2.45E-08 2.59E-04 0.00E+00 0.00E+00 2.45E-08 2.59E-04 3.12E-05  0.73285
10291.00 .9717228     2.82E-24 2.99E-20 0.00E+00 0.00E+00 7.12E-06 2.56E-08 2.71E-04 0.00E+00 0.00E+00 2.56E-08 2.71E-04 3.14E-05  0.76638
10301.00 .9707795     2.57E-24 2.72E-20 0.00E+00 0.00E+00 7.06E-06 2.57E-08 2.73E-04 0.00E+00 0.00E+00 2.57E-08 2.73E-04 3.17E-05  0.77607
10311.00 .9698380     2.70E-24 2.87E-20 0.00E+00 0.00E+00 7.11E-06 2.54E-08 2.70E-04 0.00E+00 0.00E+00 2.54E-08 2.70E-04 3.19E-05  0.75471
10321.00 .9688984     2.71E-24 2.89E-20 0.00E+00 0.00E+00 7.08E-06 2.48E-08 2.64E-04 0.00E+00 0.00E+00 2.48E-08 2.64E-04 3.22E-05  0.73958
10331.00 .9679605     2.47E-24 2.63E-20 0.00E+00 0.00E+00 7.04E-06 2.50E-08 2.67E-04 0.00E+00 0.00E+00 2.50E-08 2.67E-04 3.24E-05  0.75272
10341.00 .9670244     4.09E-24 4.37E-20 0.00E+00 0.00E+00 7.08E-06 1.94E-08 2.07E-04 0.00E+00 0.00E+00 1.94E-08 2.07E-04 3.26E-05  0.56627
10351.00 .9660903     4.18E-24 4.48E-20 0.00E+00 0.00E+00 6.95E-06 1.82E-08 1.95E-04 0.00E+00 0.00E+00 1.82E-08 1.95E-04 3.28E-05  0.53804
10361.00 .9651578     3.94E-24 4.23E-20 0.00E+00 0.00E+00 7.04E-06 1.86E-08 2.00E-04 0.00E+00 0.00E+00 1.86E-08 2.00E-04 3.30E-05  0.54127
10371.00 .9642272     4.12E-24 4.43E-20 0.00E+00 0.00E+00 7.03E-06 1.72E-08 1.85E-04 0.00E+00 0.00E+00 1.72E-08 1.85E-04 3.32E-05  0.49670
10381.00 .9632983     3.37E-24 3.64E-20 0.00E+00 0.00E+00 7.03E-06 1.95E-08 2.10E-04 0.00E+00 0.00E+00 1.95E-08 2.10E-04 3.34E-05  0.56681
10391.00 .9623713     4.34E-24 4.68E-20 0.00E+00 0.00E+00 7.02E-06 1.48E-08 1.59E-04 0.00E+00 0.00E+00 1.48E-08 1.59E-04 3.35E-05  0.41686
10401.00 .9614460     3.38E-24 3.65E-20 0.00E+00 0.00E+00 7.12E-06 1.85E-08 2.00E-04 0.00E+00 0.00E+00 1.85E-08 2.00E-04 3.37E-05  0.52166
10411.00 .9605225     3.62E-24 3.93E-20 0.00E+00 0.00E+00 7.01E-06 1.62E-08 1.76E-04 0.00E+00 0.00E+00 1.62E-08 1.76E-04 3.38E-05  0.46322
10421.00 .9596009     4.25E-24 4.62E-20 0.00E+00 0.00E+00 7.11E-06 1.23E-08 1.34E-04 0.00E+00 0.00E+00 1.23E-08 1.34E-04 3.40E-05  0.33655
10431.00 .9586809     3.57E-24 3.88E-20 0.00E+00 0.00E+00 7.13E-06 1.51E-08 1.64E-04 0.00E+00 0.00E+00 1.51E-08 1.64E-04 3.41E-05  0.41741
10441.00 .9577627     2.81E-24 3.06E-20 0.00E+00 0.00E+00 7.03E-06 1.81E-08 1.98E-04 0.00E+00 0.00E+00 1.81E-08 1.98E-04 3.43E-05  0.51857
10451.00 .9568462     3.65E-24 3.99E-20 0.00E+00 0.00E+00 7.04E-06 1.25E-08 1.37E-04 0.00E+00 0.00E+00 1.25E-08 1.37E-04 3.44E-05  0.34148
10461.00 .9559315     3.45E-24 3.78E-20 0.00E+00 0.00E+00 7.02E-06 1.25E-08 1.37E-04 0.00E+00 0.00E+00 1.25E-08 1.37E-04 3.46E-05  0.34617
10471.00 .9550187     3.15E-24 3.46E-20 0.00E+00 0.00E+00 6.65E-06 1.29E-08 1.41E-04 0.00E+00 0.00E+00 1.29E-08 1.41E-04 3.47E-05  0.37349
10481.00 .9541074     2.84E-24 3.12E-20 0.00E+00 0.00E+00 6.93E-06 1.47E-08 1.61E-04 0.00E+00 0.00E+00 1.47E-08 1.61E-04 3.48E-05  0.40925
10491.00 .9531980     2.93E-24 3.23E-20 0.00E+00 0.00E+00 7.06E-06 1.31E-08 1.44E-04 0.00E+00 0.00E+00 1.31E-08 1.44E-04 3.50E-05  0.35640
10501.00 .9522902     3.36E-24 3.71E-20 0.00E+00 0.00E+00 7.11E-06 8.83E-09 9.74E-05 0.00E+00 0.00E+00 8.83E-09 9.74E-05 3.50E-05  0.22721
10511.00 .9513842     2.17E-24 2.40E-20 0.00E+00 0.00E+00 7.09E-06 1.72E-08 1.91E-04 0.00E+00 0.00E+00 1.72E-08 1.91E-04 3.52E-05  0.47836
10521.00 .9504801     2.80E-24 3.10E-20 0.00E+00 0.00E+00 7.08E-06 1.07E-08 1.18E-04 0.00E+00 0.00E+00 1.07E-08 1.18E-04 3.53E-05  0.28726
10531.00 .9495775     2.62E-24 2.90E-20 0.00E+00 0.00E+00 7.13E-06 1.16E-08 1.28E-04 0.00E+00 0.00E+00 1.16E-08 1.28E-04 3.54E-05  0.30639
10541.00 .9486766     2.32E-24 2.58E-20 0.00E+00 0.00E+00 7.12E-06 1.29E-08 1.44E-04 0.00E+00 0.00E+00 1.29E-08 1.44E-04 3.56E-05  0.34887
10551.00 .9477776     2.38E-24 2.65E-20 0.00E+00 0.00E+00 7.11E-06 1.14E-08 1.27E-04 0.00E+00 0.00E+00 1.14E-08 1.27E-04 3.57E-05  0.30252
10561.00 .9468799     2.24E-24 2.50E-20 0.00E+00 0.00E+00 7.08E-06 1.16E-08 1.29E-04 0.00E+00 0.00E+00 1.16E-08 1.29E-04 3.58E-05  0.30910
10571.00 .9459844     2.34E-24 2.61E-20 0.00E+00 0.00E+00 7.06E-06 9.31E-09 1.04E-04 0.00E+00 0.00E+00 9.31E-09 1.04E-04 3.59E-05  0.24424
10581.00 .9450902     1.93E-24 2.16E-20 0.00E+00 0.00E+00 7.01E-06 1.27E-08 1.42E-04 0.00E+00 0.00E+00 1.27E-08 1.42E-04 3.60E-05  0.34336

                           RADIANCE (WATTS/CM2-STER-XXX)   [No STER in TOA SOLAR IRRADIANCE]

  FREQ   WAVELENGTH    PATH_THERMAL    SURFACE_EMISSION  SOL_IRR    SINGLE_SCATTER  GROUND_REFLECTED   TOTAL_RADIANCE  INTEGRAL    TOTAL
 (CM-1) (MICRON)      (CM-1)  (MICRN)   (CM-1)  (MICRN)   (CM-1)   (CM-1)  (MICRN)   (CM-1)  (MICRN)   (CM-1)  (MICRN)             TRANS

10591.00 .9441979     2.19E-24 2.45E-20 0.00E+00 0.00E+00 6.92E-06 8.45E-09 9.48E-05 0.00E+00 0.00E+00 8.45E-09 9.48E-05 3.61E-05  0.22357
10601.00 .9433073     1.89E-24 2.13E-20 0.00E+00 0.00E+00 7.01E-06 1.08E-08 1.21E-04 0.00E+00 0.00E+00 1.08E-08 1.21E-04 3.62E-05  0.29011
10611.00 .9424182     1.67E-24 1.88E-20 0.00E+00 0.00E+00 7.00E-06 1.27E-08 1.43E-04 0.00E+00 0.00E+00 1.27E-08 1.43E-04 3.63E-05  0.34481
10621.00 .9415310     1.51E-24 1.71E-20 0.00E+00 0.00E+00 6.69E-06 1.30E-08 1.47E-04 0.00E+00 0.00E+00 1.30E-08 1.47E-04 3.65E-05  0.37498
10631.00 .9406453     1.45E-24 1.64E-20 0.00E+00 0.00E+00 6.92E-06 1.36E-08 1.53E-04 0.00E+00 0.00E+00 1.36E-08 1.53E-04 3.66E-05  0.37099
10641.00 .9397613     1.09E-24 1.24E-20 0.00E+00 0.00E+00 7.07E-06 1.84E-08 2.08E-04 0.00E+00 0.00E+00 1.84E-08 2.08E-04 3.68E-05  0.50315
10651.00 .9388791     1.43E-24 1.62E-20 0.00E+00 0.00E+00 7.09E-06 1.18E-08 1.34E-04 0.00E+00 0.00E+00 1.18E-08 1.34E-04 3.69E-05  0.31433
10661.00 .9379982     1.65E-24 1.88E-20 0.00E+00 0.00E+00 7.11E-06 6.92E-09 7.87E-05 0.00E+00 0.00E+00 6.92E-09 7.87E-05 3.70E-05  0.17133
10671.00 .9371194     1.60E-24 1.82E-20 0.00E+00 0.00E+00 7.11E-06 6.55E-09 7.46E-05 0.00E+00 0.00E+00 6.55E-09 7.46E-05 3.70E-05  0.16043
10681.00 .9362419     1.47E-24 1.68E-20 0.00E+00 0.00E+00 7.03E-06 7.43E-09 8.47E-05 0.00E+00 0.00E+00 7.43E-09 8.47E-05 3.71E-05  0.18633
10691.00 .9353662     1.32E-24 1.51E-20 0.00E+00 0.00E+00 7.05E-06 9.19E-09 1.05E-04 0.00E+00 0.00E+00 9.19E-09 1.05E-04 3.72E-05  0.23599
10701.00 .9344922     1.45E-24 1.67E-20 0.00E+00 0.00E+00 7.12E-06 4.88E-09 5.59E-05 0.00E+00 0.00E+00 4.88E-09 5.59E-05 3.73E-05  0.11366
10711.00 .9336196     1.31E-24 1.51E-20 0.00E+00 0.00E+00 7.13E-06 6.89E-09 7.90E-05 0.00E+00 0.00E+00 6.89E-09 7.90E-05 3.73E-05  0.16264
10721.00 .9327489     1.19E-24 1.37E-20 0.00E+00 0.00E+00 7.11E-06 8.24E-09 9.47E-05 0.00E+00 0.00E+00 8.24E-09 9.47E-05 3.74E-05  0.19928
10731.00 .9318796     1.06E-24 1.22E-20 0.00E+00 0.00E+00 7.08E-06 1.01E-08 1.17E-04 0.00E+00 0.00E+00 1.01E-08 1.17E-04 3.75E-05  0.25405
10741.00 .9310120     8.45E-25 9.75E-21 0.00E+00 0.00E+00 7.12E-06 1.46E-08 1.68E-04 0.00E+00 0.00E+00 1.46E-08 1.68E-04 3.77E-05  0.37522
10751.00 .9301461     7.43E-25 8.59E-21 0.00E+00 0.00E+00 7.09E-06 1.63E-08 1.88E-04 0.00E+00 0.00E+00 1.63E-08 1.88E-04 3.78E-05  0.42284
10761.00 .9292816     5.94E-25 6.88E-21 0.00E+00 0.00E+00 7.03E-06 1.94E-08 2.24E-04 0.00E+00 0.00E+00 1.94E-08 2.24E-04 3.80E-05  0.51587
10771.00 .9284190     5.42E-25 6.28E-21 0.00E+00 0.00E+00 7.13E-06 2.03E-08 2.36E-04 0.00E+00 0.00E+00 2.03E-08 2.36E-04 3.82E-05  0.53675
10781.00 .9275578     3.72E-25 4.32E-21 0.00E+00 0.00E+00 7.14E-06 2.47E-08 2.87E-04 0.00E+00 0.00E+00 2.47E-08 2.87E-04 3.85E-05  0.66741
10791.00 .9266981     2.57E-25 3.00E-21 0.00E+00 0.00E+00 7.00E-06 2.73E-08 3.18E-04 0.00E+00 0.00E+00 2.73E-08 3.18E-04 3.87E-05  0.75639
10801.00 .9258403     2.51E-25 2.93E-21 0.00E+00 0.00E+00 6.82E-06 2.64E-08 3.08E-04 0.00E+00 0.00E+00 2.64E-08 3.08E-04 3.90E-05  0.75134
10811.00 .9249837     2.68E-25 3.13E-21 0.00E+00 0.00E+00 6.98E-06 2.60E-08 3.04E-04 0.00E+00 0.00E+00 2.60E-08 3.04E-04 3.93E-05  0.72053
10821.00 .9241291     2.72E-25 3.18E-21 0.00E+00 0.00E+00 6.93E-06 2.53E-08 2.96E-04 0.00E+00 0.00E+00 2.53E-08 2.96E-04 3.95E-05  0.70316
10831.00 .9232758     2.10E-25 2.46E-21 0.00E+00 0.00E+00 6.66E-06 2.62E-08 3.07E-04 0.00E+00 0.00E+00 2.62E-08 3.07E-04 3.98E-05  0.75989
10841.00 .9224241     1.75E-25 2.06E-21 0.00E+00 0.00E+00 6.89E-06 2.81E-08 3.30E-04 0.00E+00 0.00E+00 2.81E-08 3.30E-04 4.01E-05  0.78827
10851.00 .9215741     2.07E-25 2.44E-21 0.00E+00 0.00E+00 6.84E-06 2.63E-08 3.10E-04 0.00E+00 0.00E+00 2.63E-08 3.10E-04 4.03E-05  0.73876
10861.00 .9207255     1.43E-25 1.68E-21 0.00E+00 0.00E+00 6.99E-06 2.94E-08 3.47E-04 0.00E+00 0.00E+00 2.94E-08 3.47E-04 4.06E-05  0.81127
10871.00 .9198787     1.91E-25 2.25E-21 0.00E+00 0.00E+00 7.09E-06 2.72E-08 3.21E-04 0.00E+00 0.00E+00 2.72E-08 3.21E-04 4.09E-05  0.73290
10881.00 .9190332     1.79E-25 2.12E-21 0.00E+00 0.00E+00 7.13E-06 2.75E-08 3.26E-04 0.00E+00 0.00E+00 2.75E-08 3.26E-04 4.12E-05  0.73661
10891.00 .9181893     2.46E-25 2.92E-21 0.00E+00 0.00E+00 7.09E-06 2.33E-08 2.76E-04 0.00E+00 0.00E+00 2.33E-08 2.76E-04 4.14E-05  0.61967
10901.00 .9173471     2.51E-25 2.98E-21 0.00E+00 0.00E+00 7.03E-06 2.24E-08 2.66E-04 0.00E+00 0.00E+00 2.24E-08 2.66E-04 4.16E-05  0.59740
10911.00 .9165062     1.80E-25 2.14E-21 0.00E+00 0.00E+00 7.12E-06 2.61E-08 3.11E-04 0.00E+00 0.00E+00 2.61E-08 3.11E-04 4.19E-05  0.69471
10921.00 .9156671     2.66E-25 3.17E-21 0.00E+00 0.00E+00 7.14E-06 2.02E-08 2.41E-04 0.00E+00 0.00E+00 2.02E-08 2.41E-04 4.21E-05  0.52702
10931.00 .9148294     1.59E-25 1.90E-21 0.00E+00 0.00E+00 7.06E-06 2.63E-08 3.14E-04 0.00E+00 0.00E+00 2.63E-08 3.14E-04 4.23E-05  0.70471
10941.00 .9139932     2.14E-25 2.56E-21 0.00E+00 0.00E+00 7.18E-06 2.23E-08 2.66E-04 0.00E+00 0.00E+00 2.23E-08 2.66E-04 4.26E-05  0.57910
10951.00 .9131587     2.10E-25 2.52E-21 0.00E+00 0.00E+00 7.22E-06 2.21E-08 2.65E-04 0.00E+00 0.00E+00 2.21E-08 2.65E-04 4.28E-05  0.56997
10961.00 .9123254     1.49E-25 1.80E-21 0.00E+00 0.00E+00 7.05E-06 2.55E-08 3.06E-04 0.00E+00 0.00E+00 2.55E-08 3.06E-04 4.30E-05  0.67549
10971.00 .9114940     1.30E-25 1.56E-21 0.00E+00 0.00E+00 6.97E-06 2.62E-08 3.15E-04 0.00E+00 0.00E+00 2.62E-08 3.15E-04 4.33E-05  0.70505
10981.00 .9106639     1.57E-25 1.90E-21 0.00E+00 0.00E+00 7.08E-06 2.38E-08 2.88E-04 0.00E+00 0.00E+00 2.38E-08 2.88E-04 4.35E-05  0.62460
10991.00 .9098353     1.44E-25 1.74E-21 0.00E+00 0.00E+00 6.96E-06 2.39E-08 2.89E-04 0.00E+00 0.00E+00 2.39E-08 2.89E-04 4.38E-05  0.63963
11001.00 .9090083     1.39E-25 1.68E-21 0.00E+00 0.00E+00 6.87E-06 2.37E-08 2.86E-04 0.00E+00 0.00E+00 2.37E-08 2.86E-04 4.40E-05  0.63560
11011.00 .9081826     1.33E-25 1.62E-21 0.00E+00 0.00E+00 7.01E-06 2.40E-08 2.91E-04 0.00E+00 0.00E+00 2.40E-08 2.91E-04 4.43E-05  0.63202
11021.00 .9073588     1.24E-25 1.50E-21 0.00E+00 0.00E+00 7.16E-06 2.48E-08 3.01E-04 0.00E+00 0.00E+00 2.48E-08 3.01E-04 4.45E-05  0.64167
11031.00 .9065361     9.59E-26 1.17E-21 0.00E+00 0.00E+00 7.00E-06 2.68E-08 3.26E-04 0.00E+00 0.00E+00 2.68E-08 3.26E-04 4.48E-05  0.70868
11041.00 .9057150     6.46E-26 7.87E-22 0.00E+00 0.00E+00 7.16E-06 3.05E-08 3.71E-04 0.00E+00 0.00E+00 3.05E-08 3.71E-04 4.51E-05  0.79348
11051.00 .9048955     5.93E-26 7.24E-22 0.00E+00 0.00E+00 7.21E-06 3.10E-08 3.78E-04 0.00E+00 0.00E+00 3.10E-08 3.78E-04 4.54E-05  0.80103
11061.00 .9040773     5.13E-26 6.27E-22 0.00E+00 0.00E+00 7.20E-06 3.17E-08 3.87E-04 0.00E+00 0.00E+00 3.17E-08 3.87E-04 4.57E-05  0.81990
11071.00 .9032608     7.23E-26 8.86E-22 0.00E+00 0.00E+00 7.13E-06 2.82E-08 3.45E-04 0.00E+00 0.00E+00 2.82E-08 3.45E-04 4.60E-05  0.73089
11081.00 .9024456     9.07E-26 1.11E-21 0.00E+00 0.00E+00 6.93E-06 2.44E-08 3.00E-04 0.00E+00 0.00E+00 2.44E-08 3.00E-04 4.62E-05  0.64785

                           RADIANCE (WATTS/CM2-STER-XXX)   [No STER in TOA SOLAR IRRADIANCE]

  FREQ   WAVELENGTH    PATH_THERMAL    SURFACE_EMISSION  SOL_IRR    SINGLE_SCATTER  GROUND_REFLECTED   TOTAL_RADIANCE  INTEGRAL    TOTAL
 (CM-1) (MICRON)      (CM-1)  (MICRN)   (CM-1)  (MICRN)   (CM-1)   (CM-1)  (MICRN)   (CM-1)  (MICRN)   (CM-1)  (MICRN)             TRANS

11091.00 .9016320     8.33E-26 1.03E-21 0.00E+00 0.00E+00 6.64E-06 2.39E-08 2.94E-04 0.00E+00 0.00E+00 2.39E-08 2.94E-04 4.65E-05  0.65994
11101.00 .9008198     9.13E-26 1.12E-21 0.00E+00 0.00E+00 6.93E-06 2.32E-08 2.86E-04 0.00E+00 0.00E+00 2.32E-08 2.86E-04 4.67E-05  0.60849
11111.00 .9000089     6.86E-26 8.47E-22 0.00E+00 0.00E+00 6.99E-06 2.64E-08 3.26E-04 0.00E+00 0.00E+00 2.64E-08 3.26E-04 4.70E-05  0.69203
11121.00 .8991998     1.06E-25 1.31E-21 0.00E+00 0.00E+00 7.15E-06 1.99E-08 2.47E-04 0.00E+00 0.00E+00 1.99E-08 2.47E-04 4.72E-05  0.49880
11131.00 .8983919     6.17E-26 7.65E-22 0.00E+00 0.00E+00 7.15E-06 2.72E-08 3.37E-04 0.00E+00 0.00E+00 2.72E-08 3.37E-04 4.74E-05  0.69488
11141.00 .8975855     6.29E-26 7.80E-22 0.00E+00 0.00E+00 7.11E-06 2.64E-08 3.28E-04 0.00E+00 0.00E+00 2.64E-08 3.28E-04 4.77E-05  0.67241
11151.00 .8967806     6.21E-26 7.72E-22 0.00E+00 0.00E+00 7.11E-06 2.60E-08 3.24E-04 0.00E+00 0.00E+00 2.60E-08 3.24E-04 4.80E-05  0.66052
11161.00 .8959770     4.59E-26 5.71E-22 0.00E+00 0.00E+00 7.23E-06 2.94E-08 3.66E-04 0.00E+00 0.00E+00 2.94E-08 3.66E-04 4.83E-05  0.73665
11171.00 .8951751     3.89E-26 4.86E-22 0.00E+00 0.00E+00 7.05E-06 2.98E-08 3.71E-04 0.00E+00 0.00E+00 2.98E-08 3.71E-04 4.86E-05  0.76611
11181.00 .8943744     2.67E-26 3.34E-22 0.00E+00 0.00E+00 7.06E-06 3.23E-08 4.03E-04 0.00E+00 0.00E+00 3.23E-08 4.03E-04 4.89E-05  0.83162
11191.00 .8935752     2.39E-26 3.00E-22 0.00E+00 0.00E+00 7.14E-06 3.29E-08 4.13E-04 0.00E+00 0.00E+00 3.29E-08 4.13E-04 4.92E-05  0.84041
11201.00 .8927775     1.74E-26 2.18E-22 0.00E+00 0.00E+00 6.98E-06 3.36E-08 4.22E-04 0.00E+00 0.00E+00 3.36E-08 4.22E-04 4.95E-05  0.87944
11211.00 .8919810     1.46E-26 1.83E-22 0.00E+00 0.00E+00 7.12E-06 3.49E-08 4.38E-04 0.00E+00 0.00E+00 3.49E-08 4.38E-04 4.99E-05  0.89313
11221.00 .8911862     1.16E-26 1.46E-22 0.00E+00 0.00E+00 7.16E-06 3.58E-08 4.51E-04 0.00E+00 0.00E+00 3.58E-08 4.51E-04 5.02E-05  0.91081
11231.00 .8903927     1.15E-26 1.45E-22 0.00E+00 0.00E+00 7.21E-06 3.59E-08 4.53E-04 0.00E+00 0.00E+00 3.59E-08 4.53E-04 5.06E-05  0.90715
11241.00 .8896006     1.04E-26 1.32E-22 0.00E+00 0.00E+00 7.14E-06 3.58E-08 4.53E-04 0.00E+00 0.00E+00 3.58E-08 4.53E-04 5.10E-05  0.91154
11251.00 .8888100     9.59E-27 1.21E-22 0.00E+00 0.00E+00 7.16E-06 3.61E-08 4.57E-04 0.00E+00 0.00E+00 3.61E-08 4.57E-04 5.13E-05  0.91437
11261.00 .8880205     1.03E-26 1.31E-22 0.00E+00 0.00E+00 7.10E-06 3.54E-08 4.49E-04 0.00E+00 0.00E+00 3.54E-08 4.49E-04 5.17E-05  0.90380
11271.00 .8872328     8.70E-27 1.11E-22 0.00E+00 0.00E+00 6.97E-06 3.53E-08 4.48E-04 0.00E+00 0.00E+00 3.53E-08 4.48E-04 5.20E-05  0.91437
11281.00 .8864462     8.93E-27 1.14E-22 0.00E+00 0.00E+00 6.74E-06 3.39E-08 4.31E-04 0.00E+00 0.00E+00 3.39E-08 4.31E-04 5.24E-05  0.90773
11291.00 .8856611     8.53E-27 1.09E-22 0.00E+00 0.00E+00 7.13E-06 3.59E-08 4.58E-04 0.00E+00 0.00E+00 3.59E-08 4.58E-04 5.27E-05  0.90774
11301.00 .8848775     7.26E-27 9.27E-23 0.00E+00 0.00E+00 7.13E-06 3.64E-08 4.65E-04 0.00E+00 0.00E+00 3.64E-08 4.65E-04 5.31E-05  0.91743
11311.00 .8840951     6.99E-27 8.95E-23 0.00E+00 0.00E+00 7.04E-06 3.59E-08 4.59E-04 0.00E+00 0.00E+00 3.59E-08 4.59E-04 5.35E-05  0.91637
11321.00 .8833143     6.76E-27 8.66E-23 0.00E+00 0.00E+00 7.12E-06 3.64E-08 4.66E-04 0.00E+00 0.00E+00 3.64E-08 4.66E-04 5.38E-05  0.91525
11331.00 .8825346     6.43E-27 8.26E-23 0.00E+00 0.00E+00 6.97E-06 3.57E-08 4.58E-04 0.00E+00 0.00E+00 3.57E-08 4.58E-04 5.42E-05  0.91514
11341.00 .8817565     6.12E-27 7.87E-23 0.00E+00 0.00E+00 7.09E-06 3.63E-08 4.67E-04 0.00E+00 0.00E+00 3.63E-08 4.67E-04 5.45E-05  0.91532
11351.00 .8809797     5.74E-27 7.40E-23 0.00E+00 0.00E+00 6.70E-06 3.45E-08 4.44E-04 0.00E+00 0.00E+00 3.45E-08 4.44E-04 5.49E-05  0.91655
11361.00 .8802041     5.47E-27 7.05E-23 0.00E+00 0.00E+00 7.09E-06 3.65E-08 4.71E-04 0.00E+00 0.00E+00 3.65E-08 4.71E-04 5.52E-05  0.91664
11371.00 .8794302     5.07E-27 6.56E-23 0.00E+00 0.00E+00 6.99E-06 3.62E-08 4.67E-04 0.00E+00 0.00E+00 3.62E-08 4.67E-04 5.56E-05  0.91872
11381.00 .8786574     4.92E-27 6.37E-23 0.00E+00 0.00E+00 7.16E-06 3.70E-08 4.80E-04 0.00E+00 0.00E+00 3.70E-08 4.80E-04 5.60E-05  0.91719
11391.00 .8778861     4.63E-27 6.00E-23 0.00E+00 0.00E+00 7.10E-06 3.68E-08 4.78E-04 0.00E+00 0.00E+00 3.68E-08 4.78E-04 5.63E-05  0.91827
11401.00 .8771161     4.40E-27 5.71E-23 0.00E+00 0.00E+00 7.12E-06 3.70E-08 4.81E-04 0.00E+00 0.00E+00 3.70E-08 4.81E-04 5.67E-05  0.91845
11411.00 .8763473     4.21E-27 5.48E-23 0.00E+00 0.00E+00 7.09E-06 3.69E-08 4.80E-04 0.00E+00 0.00E+00 3.69E-08 4.80E-04 5.71E-05  0.91800
11421.00 .8755801     3.98E-27 5.19E-23 0.00E+00 0.00E+00 6.88E-06 3.59E-08 4.68E-04 0.00E+00 0.00E+00 3.59E-08 4.68E-04 5.74E-05  0.91854
11431.00 .8748143     3.80E-27 4.96E-23 0.00E+00 0.00E+00 6.99E-06 3.65E-08 4.77E-04 0.00E+00 0.00E+00 3.65E-08 4.77E-04 5.78E-05  0.91841
11441.00 .8740494     3.63E-27 4.75E-23 0.00E+00 0.00E+00 7.03E-06 3.67E-08 4.81E-04 0.00E+00 0.00E+00 3.67E-08 4.81E-04 5.82E-05  0.91819
11451.00 .8732862     3.44E-27 4.51E-23 0.00E+00 0.00E+00 7.09E-06 3.71E-08 4.87E-04 0.00E+00 0.00E+00 3.71E-08 4.87E-04 5.85E-05  0.91847
11461.00 .8725241     3.28E-27 4.30E-23 0.00E+00 0.00E+00 7.17E-06 3.76E-08 4.94E-04 0.00E+00 0.00E+00 3.76E-08 4.94E-04 5.89E-05  0.91846
11471.00 .8717636     3.13E-27 4.11E-23 0.00E+00 0.00E+00 7.05E-06 3.70E-08 4.87E-04 0.00E+00 0.00E+00 3.70E-08 4.87E-04 5.93E-05  0.91832
11481.00 .8710044     2.99E-27 3.94E-23 0.00E+00 0.00E+00 7.09E-06 3.73E-08 4.91E-04 0.00E+00 0.00E+00 3.73E-08 4.91E-04 5.97E-05  0.91796
11491.00 .8702462     2.84E-27 3.76E-23 0.00E+00 0.00E+00 7.08E-06 3.73E-08 4.93E-04 0.00E+00 0.00E+00 3.73E-08 4.93E-04 6.00E-05  0.91803
11501.00 .8694897     2.71E-27 3.59E-23 0.00E+00 0.00E+00 6.91E-06 3.65E-08 4.82E-04 0.00E+00 0.00E+00 3.65E-08 4.82E-04 6.04E-05  0.91788
11511.00 .8687342     2.59E-27 3.43E-23 0.00E+00 0.00E+00 6.87E-06 3.63E-08 4.81E-04 0.00E+00 0.00E+00 3.63E-08 4.81E-04 6.08E-05  0.91774
11521.00 .8679803     2.47E-27 3.28E-23 0.00E+00 0.00E+00 6.89E-06 3.65E-08 4.84E-04 0.00E+00 0.00E+00 3.65E-08 4.84E-04 6.11E-05  0.91751
11531.00 .8672276     2.36E-27 3.14E-23 0.00E+00 0.00E+00 6.64E-06 3.52E-08 4.68E-04 0.00E+00 0.00E+00 3.52E-08 4.68E-04 6.15E-05  0.91732
11541.00 .8664759     2.25E-27 3.00E-23 0.00E+00 0.00E+00 5.28E-06 2.80E-08 3.73E-04 0.00E+00 0.00E+00 2.80E-08 3.73E-04 6.18E-05  0.91720
11551.00 .8657260     2.15E-27 2.87E-23 0.00E+00 0.00E+00 6.71E-06 3.57E-08 4.76E-04 0.00E+00 0.00E+00 3.57E-08 4.76E-04 6.21E-05  0.91688
11561.00 .8649770     2.05E-27 2.74E-23 0.00E+00 0.00E+00 7.05E-06 3.75E-08 5.01E-04 0.00E+00 0.00E+00 3.75E-08 5.01E-04 6.25E-05  0.91669
11571.00 .8642296     1.96E-27 2.62E-23 0.00E+00 0.00E+00 7.18E-06 3.82E-08 5.12E-04 0.00E+00 0.00E+00 3.82E-08 5.12E-04 6.29E-05  0.91665
11581.00 .8634834     1.87E-27 2.51E-23 0.00E+00 0.00E+00 7.13E-06 3.80E-08 5.10E-04 0.00E+00 0.00E+00 3.80E-08 5.10E-04 6.33E-05  0.91624

                           RADIANCE (WATTS/CM2-STER-XXX)   [No STER in TOA SOLAR IRRADIANCE]

  FREQ   WAVELENGTH    PATH_THERMAL    SURFACE_EMISSION  SOL_IRR    SINGLE_SCATTER  GROUND_REFLECTED   TOTAL_RADIANCE  INTEGRAL    TOTAL
 (CM-1) (MICRON)      (CM-1)  (MICRN)   (CM-1)  (MICRN)   (CM-1)   (CM-1)  (MICRN)   (CM-1)  (MICRN)   (CM-1)  (MICRN)             TRANS

11591.00 .8627383     1.80E-27 2.42E-23 0.00E+00 0.00E+00 7.13E-06 3.81E-08 5.11E-04 0.00E+00 0.00E+00 3.81E-08 5.11E-04 6.36E-05  0.91517
11601.00 .8619947     1.71E-27 2.30E-23 0.00E+00 0.00E+00 7.02E-06 3.75E-08 5.05E-04 0.00E+00 0.00E+00 3.75E-08 5.05E-04 6.40E-05  0.91579
11611.00 .8612522     1.65E-27 2.22E-23 0.00E+00 0.00E+00 7.01E-06 3.75E-08 5.05E-04 0.00E+00 0.00E+00 3.75E-08 5.05E-04 6.44E-05  0.91452
11621.00 .8605112     1.56E-27 2.11E-23 0.00E+00 0.00E+00 7.08E-06 3.79E-08 5.12E-04 0.00E+00 0.00E+00 3.79E-08 5.12E-04 6.48E-05  0.91498
11631.00 .8597714     1.51E-27 2.04E-23 0.00E+00 0.00E+00 7.03E-06 3.77E-08 5.10E-04 0.00E+00 0.00E+00 3.77E-08 5.10E-04 6.51E-05  0.91363
11641.00 .8590326     1.46E-27 1.98E-23 0.00E+00 0.00E+00 7.02E-06 3.76E-08 5.10E-04 0.00E+00 0.00E+00 3.76E-08 5.10E-04 6.55E-05  0.91235
11651.00 .8582955     1.37E-27 1.87E-23 0.00E+00 0.00E+00 7.02E-06 3.77E-08 5.12E-04 0.00E+00 0.00E+00 3.77E-08 5.12E-04 6.59E-05  0.91333
11661.00 .8575593     1.39E-27 1.89E-23 0.00E+00 0.00E+00 7.14E-06 3.82E-08 5.20E-04 0.00E+00 0.00E+00 3.82E-08 5.20E-04 6.63E-05  0.90807
11671.00 .8568247     1.27E-27 1.72E-23 0.00E+00 0.00E+00 7.15E-06 3.85E-08 5.25E-04 0.00E+00 0.00E+00 3.85E-08 5.25E-04 6.67E-05  0.91203
11681.00 .8560913     1.24E-27 1.69E-23 0.00E+00 0.00E+00 7.03E-06 3.78E-08 5.16E-04 0.00E+00 0.00E+00 3.78E-08 5.16E-04 6.70E-05  0.90935
11691.00 .8553588     1.20E-27 1.64E-23 0.00E+00 0.00E+00 6.82E-06 3.66E-08 5.01E-04 0.00E+00 0.00E+00 3.66E-08 5.01E-04 6.74E-05  0.90781
11701.00 .8546279     1.16E-27 1.59E-23 0.00E+00 0.00E+00 5.11E-06 2.75E-08 3.76E-04 0.00E+00 0.00E+00 2.75E-08 3.76E-04 6.77E-05  0.90613
11711.00 .8538980     1.15E-27 1.58E-23 0.00E+00 0.00E+00 6.10E-06 3.27E-08 4.49E-04 0.00E+00 0.00E+00 3.27E-08 4.49E-04 6.80E-05  0.90267
11721.00 .8531696     1.04E-27 1.42E-23 0.00E+00 0.00E+00 6.94E-06 3.75E-08 5.15E-04 0.00E+00 0.00E+00 3.75E-08 5.15E-04 6.84E-05  0.90787
11731.00 .8524424     1.04E-27 1.43E-23 0.00E+00 0.00E+00 7.05E-06 3.79E-08 5.22E-04 0.00E+00 0.00E+00 3.79E-08 5.22E-04 6.88E-05  0.90302
11741.00 .8517162     1.05E-27 1.45E-23 0.00E+00 0.00E+00 6.84E-06 3.66E-08 5.05E-04 0.00E+00 0.00E+00 3.66E-08 5.05E-04 6.91E-05  0.89706
11751.00 .8509915     9.55E-28 1.32E-23 0.00E+00 0.00E+00 7.08E-06 3.82E-08 5.28E-04 0.00E+00 0.00E+00 3.82E-08 5.28E-04 6.95E-05  0.90191
11761.00 .8502678     8.73E-28 1.21E-23 0.00E+00 0.00E+00 6.27E-06 3.40E-08 4.71E-04 0.00E+00 0.00E+00 3.40E-08 4.71E-04 6.99E-05  0.90573
11771.00 .8495455     8.40E-28 1.16E-23 0.00E+00 0.00E+00 6.72E-06 3.65E-08 5.06E-04 0.00E+00 0.00E+00 3.65E-08 5.06E-04 7.02E-05  0.90470
11781.00 .8488245     8.05E-28 1.12E-23 0.00E+00 0.00E+00 7.14E-06 3.88E-08 5.39E-04 0.00E+00 0.00E+00 3.88E-08 5.39E-04 7.06E-05  0.90406
11791.00 .8481044     7.81E-28 1.09E-23 0.00E+00 0.00E+00 7.14E-06 3.88E-08 5.39E-04 0.00E+00 0.00E+00 3.88E-08 5.39E-04 7.10E-05  0.90230
11801.00 .8473859     6.88E-28 9.59E-24 0.00E+00 0.00E+00 6.98E-06 3.83E-08 5.33E-04 0.00E+00 0.00E+00 3.83E-08 5.33E-04 7.14E-05  0.90954
11811.00 .8466683     6.80E-28 9.49E-24 0.00E+00 0.00E+00 7.00E-06 3.83E-08 5.35E-04 0.00E+00 0.00E+00 3.83E-08 5.35E-04 7.18E-05  0.90603
11821.00 .8459522     6.62E-28 9.25E-24 0.00E+00 0.00E+00 7.11E-06 3.90E-08 5.44E-04 0.00E+00 0.00E+00 3.90E-08 5.44E-04 7.22E-05  0.90408
11831.00 .8452373     6.29E-28 8.80E-24 0.00E+00 0.00E+00 7.10E-06 3.90E-08 5.45E-04 0.00E+00 0.00E+00 3.90E-08 5.45E-04 7.25E-05  0.90421
11841.00 .8445232     6.45E-28 9.04E-24 0.00E+00 0.00E+00 7.02E-06 3.83E-08 5.37E-04 0.00E+00 0.00E+00 3.83E-08 5.37E-04 7.29E-05  0.89682
11851.00 .8438107     6.72E-28 9.44E-24 0.00E+00 0.00E+00 6.94E-06 3.75E-08 5.27E-04 0.00E+00 0.00E+00 3.75E-08 5.27E-04 7.33E-05  0.88717
11861.00 .8430992     5.96E-28 8.39E-24 0.00E+00 0.00E+00 7.08E-06 3.86E-08 5.43E-04 0.00E+00 0.00E+00 3.86E-08 5.43E-04 7.37E-05  0.89499
11871.00 .8423891     5.52E-28 7.78E-24 0.00E+00 0.00E+00 7.02E-06 3.85E-08 5.43E-04 0.00E+00 0.00E+00 3.85E-08 5.43E-04 7.41E-05  0.89750
11881.00 .8416801     6.08E-28 8.59E-24 0.00E+00 0.00E+00 7.09E-06 3.83E-08 5.40E-04 0.00E+00 0.00E+00 3.83E-08 5.40E-04 7.45E-05  0.88165
11891.00 .8409721     6.23E-28 8.80E-24 0.00E+00 0.00E+00 7.15E-06 3.83E-08 5.41E-04 0.00E+00 0.00E+00 3.83E-08 5.41E-04 7.48E-05  0.87285
11901.00 .8402656     5.35E-28 7.58E-24 0.00E+00 0.00E+00 7.09E-06 3.86E-08 5.47E-04 0.00E+00 0.00E+00 3.86E-08 5.47E-04 7.52E-05  0.88517
11911.00 .8395600     5.14E-28 7.29E-24 0.00E+00 0.00E+00 7.06E-06 3.84E-08 5.45E-04 0.00E+00 0.00E+00 3.84E-08 5.45E-04 7.56E-05  0.88443
11921.00 .8388559     5.58E-28 7.93E-24 0.00E+00 0.00E+00 6.85E-06 3.67E-08 5.21E-04 0.00E+00 0.00E+00 3.67E-08 5.21E-04 7.60E-05  0.86777
11931.00 .8381528     5.33E-28 7.59E-24 0.00E+00 0.00E+00 7.09E-06 3.80E-08 5.42E-04 0.00E+00 0.00E+00 3.80E-08 5.42E-04 7.64E-05  0.86716
11941.00 .8374507     5.56E-28 7.93E-24 0.00E+00 0.00E+00 7.14E-06 3.79E-08 5.40E-04 0.00E+00 0.00E+00 3.79E-08 5.40E-04 7.67E-05  0.85502
11951.00 .8367501     5.19E-28 7.41E-24 0.00E+00 0.00E+00 7.04E-06 3.75E-08 5.36E-04 0.00E+00 0.00E+00 3.75E-08 5.36E-04 7.71E-05  0.85765
11961.00 .8360505     5.70E-28 8.15E-24 0.00E+00 0.00E+00 7.11E-06 3.71E-08 5.30E-04 0.00E+00 0.00E+00 3.71E-08 5.30E-04 7.75E-05  0.83586
11971.00 .8353522     5.20E-28 7.46E-24 0.00E+00 0.00E+00 7.09E-06 3.73E-08 5.34E-04 0.00E+00 0.00E+00 3.73E-08 5.34E-04 7.79E-05  0.84285
11981.00 .8346550     4.70E-28 6.74E-24 0.00E+00 0.00E+00 6.97E-06 3.70E-08 5.31E-04 0.00E+00 0.00E+00 3.70E-08 5.31E-04 7.82E-05  0.85048
11991.00 .8339587     5.96E-28 8.58E-24 0.00E+00 0.00E+00 6.98E-06 3.51E-08 5.05E-04 0.00E+00 0.00E+00 3.51E-08 5.05E-04 7.86E-05  0.80098
12001.00 .8332639     5.70E-28 8.22E-24 0.00E+00 0.00E+00 6.89E-06 3.46E-08 4.99E-04 0.00E+00 0.00E+00 3.46E-08 4.99E-04 7.89E-05  0.80061
12011.00 .8325701     5.52E-28 7.96E-24 0.00E+00 0.00E+00 6.99E-06 3.50E-08 5.05E-04 0.00E+00 0.00E+00 3.50E-08 5.05E-04 7.93E-05  0.79598
12021.00 .8318776     6.27E-28 9.05E-24 0.00E+00 0.00E+00 7.07E-06 3.40E-08 4.91E-04 0.00E+00 0.00E+00 3.40E-08 4.91E-04 7.96E-05  0.75865
12031.00 .8311862     4.57E-28 6.62E-24 0.00E+00 0.00E+00 6.95E-06 3.57E-08 5.16E-04 0.00E+00 0.00E+00 3.57E-08 5.16E-04 8.00E-05  0.81424
12041.00 .8304957     5.26E-28 7.62E-24 0.00E+00 0.00E+00 7.03E-06 3.46E-08 5.01E-04 0.00E+00 0.00E+00 3.46E-08 5.01E-04 8.03E-05  0.77635
12051.00 .8298067     5.15E-28 7.48E-24 0.00E+00 0.00E+00 7.04E-06 3.44E-08 4.99E-04 0.00E+00 0.00E+00 3.44E-08 4.99E-04 8.07E-05  0.76910
12061.00 .8291186     5.60E-28 8.15E-24 0.00E+00 0.00E+00 7.11E-06 3.34E-08 4.86E-04 0.00E+00 0.00E+00 3.34E-08 4.86E-04 8.10E-05  0.73709
12071.00 .8284318     5.11E-28 7.45E-24 0.00E+00 0.00E+00 7.16E-06 3.41E-08 4.96E-04 0.00E+00 0.00E+00 3.41E-08 4.96E-04 8.13E-05  0.74693
12081.00 .8277462     5.79E-28 8.45E-24 0.00E+00 0.00E+00 7.12E-06 3.19E-08 4.66E-04 0.00E+00 0.00E+00 3.19E-08 4.66E-04 8.16E-05  0.70009

                           RADIANCE (WATTS/CM2-STER-XXX)   [No STER in TOA SOLAR IRRADIANCE]

  FREQ   WAVELENGTH    PATH_THERMAL    SURFACE_EMISSION  SOL_IRR    SINGLE_SCATTER  GROUND_REFLECTED   TOTAL_RADIANCE  INTEGRAL    TOTAL
 (CM-1) (MICRON)      (CM-1)  (MICRN)   (CM-1)  (MICRN)   (CM-1)   (CM-1)  (MICRN)   (CM-1)  (MICRN)   (CM-1)  (MICRN)             TRANS

12091.00 .8270614     3.12E-28 4.55E-24 0.00E+00 0.00E+00 7.14E-06 3.76E-08 5.50E-04 0.00E+00 0.00E+00 3.76E-08 5.50E-04 8.20E-05  0.83095
12101.00 .8263780     3.79E-28 5.55E-24 0.00E+00 0.00E+00 7.13E-06 3.55E-08 5.21E-04 0.00E+00 0.00E+00 3.55E-08 5.21E-04 8.24E-05  0.78236
12111.00 .8256956     3.70E-28 5.43E-24 0.00E+00 0.00E+00 7.08E-06 3.52E-08 5.17E-04 0.00E+00 0.00E+00 3.52E-08 5.17E-04 8.27E-05  0.77846
12121.00 .8250145     2.52E-28 3.70E-24 0.00E+00 0.00E+00 7.02E-06 3.76E-08 5.52E-04 0.00E+00 0.00E+00 3.76E-08 5.52E-04 8.31E-05  0.84071
12131.00 .8243345     3.31E-28 4.87E-24 0.00E+00 0.00E+00 7.07E-06 3.53E-08 5.20E-04 0.00E+00 0.00E+00 3.53E-08 5.20E-04 8.35E-05  0.78088
12141.00 .8236553     4.77E-28 7.03E-24 0.00E+00 0.00E+00 6.97E-06 3.02E-08 4.45E-04 0.00E+00 0.00E+00 3.02E-08 4.45E-04 8.38E-05  0.66549
12151.00 .8229776     6.96E-28 1.03E-23 0.00E+00 0.00E+00 7.04E-06 2.29E-08 3.38E-04 0.00E+00 0.00E+00 2.29E-08 3.38E-04 8.40E-05  0.49291
12161.00 .8223007     3.20E-28 4.73E-24 0.00E+00 0.00E+00 6.90E-06 3.36E-08 4.96E-04 0.00E+00 0.00E+00 3.36E-08 4.96E-04 8.43E-05  0.75565
12171.00 .8216252     2.39E-28 3.54E-24 0.00E+00 0.00E+00 6.93E-06 3.59E-08 5.32E-04 0.00E+00 0.00E+00 3.59E-08 5.32E-04 8.47E-05  0.80723
12181.00 .8209508     1.78E-28 2.64E-24 0.00E+00 0.00E+00 6.96E-06 3.80E-08 5.64E-04 0.00E+00 0.00E+00 3.80E-08 5.64E-04 8.51E-05  0.84992
12191.00 .8202772     3.12E-28 4.64E-24 0.00E+00 0.00E+00 6.90E-06 3.22E-08 4.79E-04 0.00E+00 0.00E+00 3.22E-08 4.79E-04 8.54E-05  0.72102
12201.00 .8196050     3.02E-28 4.50E-24 0.00E+00 0.00E+00 6.83E-06 3.17E-08 4.72E-04 0.00E+00 0.00E+00 3.17E-08 4.72E-04 8.57E-05  0.71758
12211.00 .8189337     2.93E-28 4.37E-24 0.00E+00 0.00E+00 6.96E-06 3.22E-08 4.80E-04 0.00E+00 0.00E+00 3.22E-08 4.80E-04 8.60E-05  0.71281
12221.00 .8182637     3.45E-28 5.16E-24 0.00E+00 0.00E+00 6.94E-06 2.92E-08 4.35E-04 0.00E+00 0.00E+00 2.92E-08 4.35E-04 8.63E-05  0.64251
12231.00 .8175948     2.74E-28 4.10E-24 0.00E+00 0.00E+00 7.12E-06 3.28E-08 4.90E-04 0.00E+00 0.00E+00 3.28E-08 4.90E-04 8.66E-05  0.70447
12241.00 .8169267     3.11E-28 4.66E-24 0.00E+00 0.00E+00 7.09E-06 3.01E-08 4.51E-04 0.00E+00 0.00E+00 3.01E-08 4.51E-04 8.69E-05  0.64503
12251.00 .8162600     2.90E-28 4.35E-24 0.00E+00 0.00E+00 7.08E-06 3.06E-08 4.60E-04 0.00E+00 0.00E+00 3.06E-08 4.60E-04 8.73E-05  0.65575
12261.00 .8155941     2.59E-28 3.89E-24 0.00E+00 0.00E+00 7.09E-06 3.16E-08 4.75E-04 0.00E+00 0.00E+00 3.16E-08 4.75E-04 8.76E-05  0.67460
12271.00 .8149295     2.48E-28 3.73E-24 0.00E+00 0.00E+00 7.10E-06 3.17E-08 4.77E-04 0.00E+00 0.00E+00 3.17E-08 4.77E-04 8.79E-05  0.67429
12281.00 .8142661     1.96E-28 2.96E-24 0.00E+00 0.00E+00 7.12E-06 3.43E-08 5.17E-04 0.00E+00 0.00E+00 3.43E-08 5.17E-04 8.82E-05  0.72905
12291.00 .8136034     2.01E-28 3.04E-24 0.00E+00 0.00E+00 7.14E-06 3.34E-08 5.05E-04 0.00E+00 0.00E+00 3.34E-08 5.05E-04 8.86E-05  0.70793
12301.00 .8129421     1.27E-28 1.92E-24 0.00E+00 0.00E+00 7.10E-06 3.77E-08 5.70E-04 0.00E+00 0.00E+00 3.77E-08 5.70E-04 8.89E-05  0.80631
12311.00 .8122816     1.16E-28 1.76E-24 0.00E+00 0.00E+00 7.10E-06 3.80E-08 5.76E-04 0.00E+00 0.00E+00 3.80E-08 5.76E-04 8.93E-05  0.81481
12321.00 .8116225     1.04E-28 1.58E-24 0.00E+00 0.00E+00 7.08E-06 3.84E-08 5.83E-04 0.00E+00 0.00E+00 3.84E-08 5.83E-04 8.97E-05  0.82466
12331.00 .8109643     8.68E-29 1.32E-24 0.00E+00 0.00E+00 7.10E-06 3.96E-08 6.02E-04 0.00E+00 0.00E+00 3.96E-08 6.02E-04 9.01E-05  0.84673
12341.00 .8103070     7.32E-29 1.11E-24 0.00E+00 0.00E+00 7.01E-06 3.99E-08 6.07E-04 0.00E+00 0.00E+00 3.99E-08 6.07E-04 9.05E-05  0.86395
12351.00 .8096511     7.18E-29 1.10E-24 0.00E+00 0.00E+00 6.92E-06 3.92E-08 5.98E-04 0.00E+00 0.00E+00 3.92E-08 5.98E-04 9.09E-05  0.86015
12361.00 .8089960     6.16E-29 9.41E-25 0.00E+00 0.00E+00 6.98E-06 4.02E-08 6.15E-04 0.00E+00 0.00E+00 4.02E-08 6.15E-04 9.13E-05  0.87366
12371.00 .8083422     5.74E-29 8.79E-25 0.00E+00 0.00E+00 7.03E-06 4.07E-08 6.23E-04 0.00E+00 0.00E+00 4.07E-08 6.23E-04 9.17E-05  0.87657
12381.00 .8076893     5.09E-29 7.80E-25 0.00E+00 0.00E+00 7.04E-06 4.12E-08 6.32E-04 0.00E+00 0.00E+00 4.12E-08 6.32E-04 9.21E-05  0.88500
12391.00 .8070373     4.94E-29 7.58E-25 0.00E+00 0.00E+00 7.08E-06 4.15E-08 6.36E-04 0.00E+00 0.00E+00 4.15E-08 6.36E-04 9.25E-05  0.88282
12401.00 .8063866     4.72E-29 7.26E-25 0.00E+00 0.00E+00 7.15E-06 4.19E-08 6.44E-04 0.00E+00 0.00E+00 4.19E-08 6.44E-04 9.29E-05  0.88236
12411.00 .8057368     4.35E-29 6.70E-25 0.00E+00 0.00E+00 7.09E-06 4.18E-08 6.44E-04 0.00E+00 0.00E+00 4.18E-08 6.44E-04 9.34E-05  0.88611
12421.00 .8050882     4.32E-29 6.67E-25 0.00E+00 0.00E+00 6.88E-06 4.04E-08 6.23E-04 0.00E+00 0.00E+00 4.04E-08 6.23E-04 9.38E-05  0.88082
12431.00 .8044406     4.93E-29 7.62E-25 0.00E+00 0.00E+00 7.05E-06 4.03E-08 6.24E-04 0.00E+00 0.00E+00 4.03E-08 6.24E-04 9.42E-05  0.85772
12441.00 .8037938     4.61E-29 7.13E-25 0.00E+00 0.00E+00 7.08E-06 4.07E-08 6.30E-04 0.00E+00 0.00E+00 4.07E-08 6.30E-04 9.46E-05  0.86009
12451.00 .8031484     4.47E-29 6.93E-25 0.00E+00 0.00E+00 6.99E-06 4.02E-08 6.23E-04 0.00E+00 0.00E+00 4.02E-08 6.23E-04 9.50E-05  0.85728
12461.00 .8025038     4.49E-29 6.97E-25 0.00E+00 0.00E+00 7.08E-06 4.03E-08 6.26E-04 0.00E+00 0.00E+00 4.03E-08 6.26E-04 9.54E-05  0.84984
12471.00 .8018604     3.89E-29 6.05E-25 0.00E+00 0.00E+00 7.11E-06 4.12E-08 6.41E-04 0.00E+00 0.00E+00 4.12E-08 6.41E-04 9.58E-05  0.86295
12481.00 .8012180     4.05E-29 6.31E-25 0.00E+00 0.00E+00 7.10E-06 4.06E-08 6.33E-04 0.00E+00 0.00E+00 4.06E-08 6.33E-04 9.62E-05  0.85031
12491.00 .8005763     3.69E-29 5.75E-25 0.00E+00 0.00E+00 7.04E-06 4.07E-08 6.34E-04 0.00E+00 0.00E+00 4.07E-08 6.34E-04 9.66E-05  0.85700
12501.00 .7999361     3.44E-29 5.37E-25 0.00E+00 0.00E+00 6.96E-06 4.04E-08 6.31E-04 0.00E+00 0.00E+00 4.04E-08 6.31E-04 9.70E-05  0.86021
12511.00 .7992966     2.83E-29 4.43E-25 0.00E+00 0.00E+00 7.12E-06 4.22E-08 6.61E-04 0.00E+00 0.00E+00 4.22E-08 6.61E-04 9.74E-05  0.87885
12521.00 .7986583     2.95E-29 4.62E-25 0.00E+00 0.00E+00 7.11E-06 4.17E-08 6.54E-04 0.00E+00 0.00E+00 4.17E-08 6.54E-04 9.79E-05  0.86736
12531.00 .7980210     2.50E-29 3.93E-25 0.00E+00 0.00E+00 7.10E-06 4.24E-08 6.66E-04 0.00E+00 0.00E+00 4.24E-08 6.66E-04 9.83E-05  0.88181
12541.00 .7973845     2.65E-29 4.17E-25 0.00E+00 0.00E+00 7.09E-06 4.18E-08 6.57E-04 0.00E+00 0.00E+00 4.18E-08 6.57E-04 9.87E-05  0.86824
12551.00 .7967494     2.94E-29 4.63E-25 0.00E+00 0.00E+00 7.10E-06 4.09E-08 6.44E-04 0.00E+00 0.00E+00 4.09E-08 6.44E-04 9.91E-05  0.84635
12561.00 .7961149     3.02E-29 4.77E-25 0.00E+00 0.00E+00 7.04E-06 4.01E-08 6.32E-04 0.00E+00 0.00E+00 4.01E-08 6.32E-04 9.95E-05  0.83527
12571.00 .7954817     2.09E-29 3.30E-25 0.00E+00 0.00E+00 7.06E-06 4.23E-08 6.69E-04 0.00E+00 0.00E+00 4.23E-08 6.69E-04 9.99E-05  0.87991
12581.00 .7948495     1.89E-29 2.98E-25 0.00E+00 0.00E+00 6.81E-06 4.12E-08 6.52E-04 0.00E+00 0.00E+00 4.12E-08 6.52E-04 1.00E-04  0.88626

                           RADIANCE (WATTS/CM2-STER-XXX)   [No STER in TOA SOLAR IRRADIANCE]

  FREQ   WAVELENGTH    PATH_THERMAL    SURFACE_EMISSION  SOL_IRR    SINGLE_SCATTER  GROUND_REFLECTED   TOTAL_RADIANCE  INTEGRAL    TOTAL
 (CM-1) (MICRON)      (CM-1)  (MICRN)   (CM-1)  (MICRN)   (CM-1)   (CM-1)  (MICRN)   (CM-1)  (MICRN)   (CM-1)  (MICRN)             TRANS

12591.00 .7942180     1.68E-29 2.67E-25 0.00E+00 0.00E+00 6.83E-06 4.17E-08 6.61E-04 0.00E+00 0.00E+00 4.17E-08 6.61E-04 1.01E-04  0.89320
12601.00 .7935879     1.72E-29 2.73E-25 0.00E+00 0.00E+00 6.83E-06 4.14E-08 6.57E-04 0.00E+00 0.00E+00 4.14E-08 6.57E-04 1.01E-04  0.88529
12611.00 .7929584     2.01E-29 3.20E-25 0.00E+00 0.00E+00 7.01E-06 4.13E-08 6.57E-04 0.00E+00 0.00E+00 4.13E-08 6.57E-04 1.02E-04  0.85941
12621.00 .7923303     1.91E-29 3.04E-25 0.00E+00 0.00E+00 7.01E-06 4.14E-08 6.59E-04 0.00E+00 0.00E+00 4.14E-08 6.59E-04 1.02E-04  0.85939
12631.00 .7917031     1.72E-29 2.74E-25 0.00E+00 0.00E+00 6.91E-06 4.12E-08 6.57E-04 0.00E+00 0.00E+00 4.12E-08 6.57E-04 1.02E-04  0.86769
12641.00 .7910766     1.79E-29 2.86E-25 0.00E+00 0.00E+00 7.04E-06 4.15E-08 6.63E-04 0.00E+00 0.00E+00 4.15E-08 6.63E-04 1.03E-04  0.85499
12651.00 .7904514     1.69E-29 2.70E-25 0.00E+00 0.00E+00 7.10E-06 4.19E-08 6.71E-04 0.00E+00 0.00E+00 4.19E-08 6.71E-04 1.03E-04  0.85596
12661.00 .7898270     1.78E-29 2.85E-25 0.00E+00 0.00E+00 7.08E-06 4.12E-08 6.60E-04 0.00E+00 0.00E+00 4.12E-08 6.60E-04 1.04E-04  0.84051
12671.00 .7892038     1.55E-29 2.49E-25 0.00E+00 0.00E+00 7.12E-06 4.21E-08 6.76E-04 0.00E+00 0.00E+00 4.21E-08 6.76E-04 1.04E-04  0.85446
12681.00 .7885815     1.25E-29 2.02E-25 0.00E+00 0.00E+00 7.08E-06 4.30E-08 6.91E-04 0.00E+00 0.00E+00 4.30E-08 6.91E-04 1.05E-04  0.87623
12691.00 .7879599     1.23E-29 1.98E-25 0.00E+00 0.00E+00 7.05E-06 4.27E-08 6.87E-04 0.00E+00 0.00E+00 4.27E-08 6.87E-04 1.05E-04  0.87226
12701.00 .7873396     1.10E-29 1.77E-25 0.00E+00 0.00E+00 7.10E-06 4.34E-08 7.00E-04 0.00E+00 0.00E+00 4.34E-08 7.00E-04 1.05E-04  0.88022
12711.00 .7867201     1.06E-29 1.71E-25 0.00E+00 0.00E+00 7.14E-06 4.37E-08 7.05E-04 0.00E+00 0.00E+00 4.37E-08 7.05E-04 1.06E-04  0.87921
12721.00 .7861018     8.84E-30 1.43E-25 0.00E+00 0.00E+00 7.00E-06 4.35E-08 7.04E-04 0.00E+00 0.00E+00 4.35E-08 7.04E-04 1.06E-04  0.89378
12731.00 .7854844     8.37E-30 1.36E-25 0.00E+00 0.00E+00 6.99E-06 4.35E-08 7.06E-04 0.00E+00 0.00E+00 4.35E-08 7.06E-04 1.07E-04  0.89439
12741.00 .7848677     7.96E-30 1.29E-25 0.00E+00 0.00E+00 7.10E-06 4.43E-08 7.20E-04 0.00E+00 0.00E+00 4.43E-08 7.20E-04 1.07E-04  0.89452
12751.00 .7842523     7.47E-30 1.22E-25 0.00E+00 0.00E+00 7.09E-06 4.43E-08 7.21E-04 0.00E+00 0.00E+00 4.43E-08 7.21E-04 1.08E-04  0.89589
12761.00 .7836376     7.00E-30 1.14E-25 0.00E+00 0.00E+00 6.91E-06 4.34E-08 7.06E-04 0.00E+00 0.00E+00 4.34E-08 7.06E-04 1.08E-04  0.89766
12771.00 .7830241     6.64E-30 1.08E-25 0.00E+00 0.00E+00 7.04E-06 4.42E-08 7.22E-04 0.00E+00 0.00E+00 4.42E-08 7.22E-04 1.08E-04  0.89795
12781.00 .7824115     6.32E-30 1.03E-25 0.00E+00 0.00E+00 7.12E-06 4.48E-08 7.32E-04 0.00E+00 0.00E+00 4.48E-08 7.32E-04 1.09E-04  0.89799
12791.00 .7817996     6.02E-30 9.85E-26 0.00E+00 0.00E+00 7.12E-06 4.49E-08 7.34E-04 0.00E+00 0.00E+00 4.49E-08 7.34E-04 1.09E-04  0.89794
12801.00 .7811890     5.72E-30 9.37E-26 0.00E+00 0.00E+00 7.00E-06 4.42E-08 7.25E-04 0.00E+00 0.00E+00 4.42E-08 7.25E-04 1.10E-04  0.89815
12811.00 .7805791     5.47E-30 8.97E-26 0.00E+00 0.00E+00 7.09E-06 4.48E-08 7.35E-04 0.00E+00 0.00E+00 4.48E-08 7.35E-04 1.10E-04  0.89772
12821.00 .7799704     5.19E-30 8.54E-26 0.00E+00 0.00E+00 7.00E-06 4.43E-08 7.29E-04 0.00E+00 0.00E+00 4.43E-08 7.29E-04 1.11E-04  0.89794
12831.00 .7793626     4.97E-30 8.18E-26 0.00E+00 0.00E+00 7.09E-06 4.49E-08 7.39E-04 0.00E+00 0.00E+00 4.49E-08 7.39E-04 1.11E-04  0.89742
12841.00 .7787555     4.72E-30 7.78E-26 0.00E+00 0.00E+00 7.11E-06 4.51E-08 7.44E-04 0.00E+00 0.00E+00 4.51E-08 7.44E-04 1.12E-04  0.89764
12851.00 .7781496     4.50E-30 7.44E-26 0.00E+00 0.00E+00 7.10E-06 4.51E-08 7.45E-04 0.00E+00 0.00E+00 4.51E-08 7.45E-04 1.12E-04  0.89739
12861.00 .7775444     4.29E-30 7.10E-26 0.00E+00 0.00E+00 6.96E-06 4.43E-08 7.32E-04 0.00E+00 0.00E+00 4.43E-08 7.32E-04 1.12E-04  0.89729
12871.00 .7769405     4.09E-30 6.77E-26 0.00E+00 0.00E+00 7.11E-06 4.53E-08 7.51E-04 0.00E+00 0.00E+00 4.53E-08 7.51E-04 1.13E-04  0.89726
12881.00 .7763374     3.90E-30 6.47E-26 0.00E+00 0.00E+00 7.10E-06 4.53E-08 7.52E-04 0.00E+00 0.00E+00 4.53E-08 7.52E-04 1.13E-04  0.89701
12891.00 .7757350     3.73E-30 6.20E-26 0.00E+00 0.00E+00 7.09E-06 4.53E-08 7.53E-04 0.00E+00 0.00E+00 4.53E-08 7.53E-04 1.14E-04  0.89655
12901.00 .7751338     3.56E-30 5.92E-26 0.00E+00 0.00E+00 6.75E-06 4.32E-08 7.19E-04 0.00E+00 0.00E+00 4.32E-08 7.19E-04 1.14E-04  0.89638
12911.00 .7745333     3.41E-30 5.68E-26 0.00E+00 0.00E+00 6.91E-06 4.42E-08 7.38E-04 0.00E+00 0.00E+00 4.42E-08 7.38E-04 1.15E-04  0.89575
12921.00 .7739339     3.25E-30 5.43E-26 0.00E+00 0.00E+00 7.10E-06 4.56E-08 7.61E-04 0.00E+00 0.00E+00 4.56E-08 7.61E-04 1.15E-04  0.89542
12931.00 .7733355     3.12E-30 5.22E-26 0.00E+00 0.00E+00 7.06E-06 4.53E-08 7.58E-04 0.00E+00 0.00E+00 4.53E-08 7.58E-04 1.16E-04  0.89467
12941.00 .7727377     3.00E-30 5.02E-26 0.00E+00 0.00E+00 6.89E-06 4.42E-08 7.41E-04 0.00E+00 0.00E+00 4.42E-08 7.41E-04 1.16E-04  0.89359
12951.00 .7721412     2.87E-30 4.81E-26 0.00E+00 0.00E+00 6.99E-06 4.49E-08 7.53E-04 0.00E+00 0.00E+00 4.49E-08 7.53E-04 1.16E-04  0.89308
12961.00 .7715454     2.75E-30 4.62E-26 0.00E+00 0.00E+00 6.89E-06 4.43E-08 7.44E-04 0.00E+00 0.00E+00 4.43E-08 7.44E-04 1.17E-04  0.89232
12971.00 .7709506     2.65E-30 4.46E-26 0.00E+00 0.00E+00 7.03E-06 4.51E-08 7.59E-04 0.00E+00 0.00E+00 4.51E-08 7.59E-04 1.17E-04  0.89086
12981.00 .7703568     2.66E-30 4.49E-26 0.00E+00 0.00E+00 7.00E-06 4.46E-08 7.52E-04 0.00E+00 0.00E+00 4.46E-08 7.52E-04 1.18E-04  0.88495
12991.00 .7697636     2.71E-30 4.58E-26 0.00E+00 0.00E+00 6.97E-06 4.41E-08 7.44E-04 0.00E+00 0.00E+00 4.41E-08 7.44E-04 1.18E-04  0.87698
13001.00 .7691717     2.86E-30 4.83E-26 0.00E+00 0.00E+00 7.00E-06 4.37E-08 7.38E-04 0.00E+00 0.00E+00 4.37E-08 7.38E-04 1.19E-04  0.86383
13011.00 .7685804     2.93E-30 4.96E-26 0.00E+00 0.00E+00 7.06E-06 4.35E-08 7.37E-04 0.00E+00 0.00E+00 4.35E-08 7.37E-04 1.19E-04  0.85315
13021.00 .7679902     3.28E-30 5.56E-26 0.00E+00 0.00E+00 7.05E-06 4.20E-08 7.11E-04 0.00E+00 0.00E+00 4.20E-08 7.11E-04 1.20E-04  0.82723
13031.00 .7674009     3.60E-30 6.11E-26 0.00E+00 0.00E+00 7.08E-06 4.05E-08 6.88E-04 0.00E+00 0.00E+00 4.05E-08 6.88E-04 1.20E-04  0.80087
13041.00 .7668123     4.15E-30 7.07E-26 0.00E+00 0.00E+00 6.71E-06 3.61E-08 6.14E-04 0.00E+00 0.00E+00 3.61E-08 6.14E-04 1.20E-04  0.75855
13051.00 .7662249     4.69E-30 7.98E-26 0.00E+00 0.00E+00 6.62E-06 3.25E-08 5.54E-04 0.00E+00 0.00E+00 3.25E-08 5.54E-04 1.21E-04  0.71385
13061.00 .7656381     5.53E-30 9.43E-26 0.00E+00 0.00E+00 6.88E-06 2.93E-08 5.01E-04 0.00E+00 0.00E+00 2.93E-08 5.01E-04 1.21E-04  0.64531
13071.00 .7650524     6.35E-30 1.09E-25 0.00E+00 0.00E+00 7.11E-06 2.54E-08 4.34E-04 0.00E+00 0.00E+00 2.54E-08 4.34E-04 1.21E-04  0.57152
13081.00 .7644677     6.95E-30 1.19E-25 0.00E+00 0.00E+00 7.11E-06 2.13E-08 3.64E-04 0.00E+00 0.00E+00 2.13E-08 3.64E-04 1.21E-04  0.50863

                           RADIANCE (WATTS/CM2-STER-XXX)   [No STER in TOA SOLAR IRRADIANCE]

  FREQ   WAVELENGTH    PATH_THERMAL    SURFACE_EMISSION  SOL_IRR    SINGLE_SCATTER  GROUND_REFLECTED   TOTAL_RADIANCE  INTEGRAL    TOTAL
 (CM-1) (MICRON)      (CM-1)  (MICRN)   (CM-1)  (MICRN)   (CM-1)   (CM-1)  (MICRN)   (CM-1)  (MICRN)   (CM-1)  (MICRN)             TRANS

13091.00 .7638835     7.65E-30 1.31E-25 0.00E+00 0.00E+00 7.11E-06 1.64E-08 2.82E-04 0.00E+00 0.00E+00 1.64E-08 2.82E-04 1.22E-04  0.43208
13101.00 .7633006     7.74E-30 1.33E-25 0.00E+00 0.00E+00 7.10E-06 1.40E-08 2.40E-04 0.00E+00 0.00E+00 1.40E-08 2.40E-04 1.22E-04  0.39647
13111.00 .7627183     6.97E-30 1.20E-25 0.00E+00 0.00E+00 7.03E-06 1.51E-08 2.59E-04 0.00E+00 0.00E+00 1.51E-08 2.59E-04 1.22E-04  0.42939
13121.00 .7621371     4.15E-30 7.14E-26 0.00E+00 0.00E+00 6.78E-06 2.69E-08 4.64E-04 0.00E+00 0.00E+00 2.69E-08 4.64E-04 1.22E-04  0.64399
13131.00 .7615567     6.67E-30 1.15E-25 0.00E+00 0.00E+00 6.97E-06 1.32E-08 2.27E-04 0.00E+00 0.00E+00 1.32E-08 2.27E-04 1.22E-04  0.39430
13141.00 .7609770     8.44E-30 1.46E-25 0.00E+00 0.00E+00 7.01E-06 4.16E-09 7.19E-05 0.00E+00 0.00E+00 4.16E-09 7.19E-05 1.22E-04  0.19740
13151.00 .7603985     8.28E-30 1.43E-25 0.00E+00 0.00E+00 6.98E-06 4.41E-09 7.62E-05 0.00E+00 0.00E+00 4.41E-09 7.62E-05 1.22E-04  0.17468
13161.00 .7598206     6.18E-30 1.07E-25 0.00E+00 0.00E+00 7.04E-06 1.51E-08 2.61E-04 0.00E+00 0.00E+00 1.51E-08 2.61E-04 1.23E-04  0.35520
13171.00 .7592438     1.62E-30 2.80E-26 0.00E+00 0.00E+00 7.02E-06 4.25E-08 7.38E-04 0.00E+00 0.00E+00 4.25E-08 7.38E-04 1.23E-04  0.82433
13181.00 .7586679     9.48E-31 1.65E-26 0.00E+00 0.00E+00 6.85E-06 4.54E-08 7.89E-04 0.00E+00 0.00E+00 4.54E-08 7.89E-04 1.23E-04  0.89038
13191.00 .7580926     8.91E-31 1.55E-26 0.00E+00 0.00E+00 7.02E-06 4.67E-08 8.12E-04 0.00E+00 0.00E+00 4.67E-08 8.12E-04 1.24E-04  0.89176
13201.00 .7575184     8.48E-31 1.48E-26 0.00E+00 0.00E+00 6.98E-06 4.65E-08 8.10E-04 0.00E+00 0.00E+00 4.65E-08 8.10E-04 1.24E-04  0.89176
13211.00 .7569449     8.08E-31 1.41E-26 0.00E+00 0.00E+00 6.98E-06 4.65E-08 8.12E-04 0.00E+00 0.00E+00 4.65E-08 8.12E-04 1.25E-04  0.89176
13221.00 .7563725     7.70E-31 1.35E-26 0.00E+00 0.00E+00 6.96E-06 4.64E-08 8.12E-04 0.00E+00 0.00E+00 4.64E-08 8.12E-04 1.25E-04  0.89154
13231.00 .7558009     7.35E-31 1.29E-26 0.00E+00 0.00E+00 6.92E-06 4.62E-08 8.09E-04 0.00E+00 0.00E+00 4.62E-08 8.09E-04 1.26E-04  0.89129
13241.00 .7552299     7.01E-31 1.23E-26 0.00E+00 0.00E+00 7.03E-06 4.71E-08 8.25E-04 0.00E+00 0.00E+00 4.71E-08 8.25E-04 1.26E-04  0.89110
13251.00 .7546601     6.68E-31 1.17E-26 0.00E+00 0.00E+00 7.05E-06 4.72E-08 8.30E-04 0.00E+00 0.00E+00 4.72E-08 8.30E-04 1.27E-04  0.89101
13261.00 .7540909     6.38E-31 1.12E-26 0.00E+00 0.00E+00 7.08E-06 4.74E-08 8.34E-04 0.00E+00 0.00E+00 4.74E-08 8.34E-04 1.27E-04  0.89061
13271.00 .7535228     6.07E-31 1.07E-26 0.00E+00 0.00E+00 7.00E-06 4.70E-08 8.28E-04 0.00E+00 0.00E+00 4.70E-08 8.28E-04 1.28E-04  0.89060
13281.00 .7529554     5.79E-31 1.02E-26 0.00E+00 0.00E+00 6.94E-06 4.66E-08 8.22E-04 0.00E+00 0.00E+00 4.66E-08 8.22E-04 1.28E-04  0.89039
13291.00 .7523888     5.53E-31 9.76E-27 0.00E+00 0.00E+00 6.92E-06 4.65E-08 8.22E-04 0.00E+00 0.00E+00 4.65E-08 8.22E-04 1.29E-04  0.89016
13301.00 .7518232     5.28E-31 9.34E-27 0.00E+00 0.00E+00 7.01E-06 4.72E-08 8.34E-04 0.00E+00 0.00E+00 4.72E-08 8.34E-04 1.29E-04  0.88977
13311.00 .7512583     5.03E-31 8.91E-27 0.00E+00 0.00E+00 6.80E-06 4.58E-08 8.11E-04 0.00E+00 0.00E+00 4.58E-08 8.11E-04 1.29E-04  0.88973
13321.00 .7506945     4.81E-31 8.54E-27 0.00E+00 0.00E+00 7.01E-06 4.72E-08 8.38E-04 0.00E+00 0.00E+00 4.72E-08 8.38E-04 1.30E-04  0.88904
13331.00 .7501314     4.58E-31 8.15E-27 0.00E+00 0.00E+00 6.94E-06 4.68E-08 8.32E-04 0.00E+00 0.00E+00 4.68E-08 8.32E-04 1.30E-04  0.88901
13341.00 .7495689     4.37E-31 7.78E-27 0.00E+00 0.00E+00 6.78E-06 4.58E-08 8.15E-04 0.00E+00 0.00E+00 4.58E-08 8.15E-04 1.31E-04  0.88887
13351.00 .7490076     4.16E-31 7.41E-27 0.00E+00 0.00E+00 6.99E-06 4.73E-08 8.43E-04 0.00E+00 0.00E+00 4.73E-08 8.43E-04 1.31E-04  0.88889
13361.00 .7484469     3.97E-31 7.08E-27 0.00E+00 0.00E+00 6.95E-06 4.70E-08 8.40E-04 0.00E+00 0.00E+00 4.70E-08 8.40E-04 1.32E-04  0.88867
13371.00 .7478873     3.80E-31 6.79E-27 0.00E+00 0.00E+00 6.94E-06 4.70E-08 8.41E-04 0.00E+00 0.00E+00 4.70E-08 8.41E-04 1.32E-04  0.88800
13381.00 .7473284     3.63E-31 6.49E-27 0.00E+00 0.00E+00 6.98E-06 4.73E-08 8.48E-04 0.00E+00 0.00E+00 4.73E-08 8.48E-04 1.33E-04  0.88764
13391.00 .7467701     3.46E-31 6.21E-27 0.00E+00 0.00E+00 6.99E-06 4.74E-08 8.50E-04 0.00E+00 0.00E+00 4.74E-08 8.50E-04 1.33E-04  0.88741
13401.00 .7462130     3.31E-31 5.94E-27 0.00E+00 0.00E+00 6.93E-06 4.71E-08 8.46E-04 0.00E+00 0.00E+00 4.71E-08 8.46E-04 1.34E-04  0.88694
13411.00 .7456565     3.18E-31 5.73E-27 0.00E+00 0.00E+00 7.00E-06 4.75E-08 8.55E-04 0.00E+00 0.00E+00 4.75E-08 8.55E-04 1.34E-04  0.88564
13421.00 .7451010     3.01E-31 5.43E-27 0.00E+00 0.00E+00 6.85E-06 4.66E-08 8.40E-04 0.00E+00 0.00E+00 4.66E-08 8.40E-04 1.35E-04  0.88636
13431.00 .7445463     2.91E-31 5.26E-27 0.00E+00 0.00E+00 6.76E-06 4.60E-08 8.30E-04 0.00E+00 0.00E+00 4.60E-08 8.30E-04 1.35E-04  0.88443
13441.00 .7439922     2.79E-31 5.05E-27 0.00E+00 0.00E+00 6.98E-06 4.75E-08 8.59E-04 0.00E+00 0.00E+00 4.75E-08 8.59E-04 1.36E-04  0.88370
13451.00 .7434392     2.63E-31 4.75E-27 0.00E+00 0.00E+00 6.98E-06 4.77E-08 8.63E-04 0.00E+00 0.00E+00 4.77E-08 8.63E-04 1.36E-04  0.88517
13461.00 .7428868     2.65E-31 4.79E-27 0.00E+00 0.00E+00 6.91E-06 4.70E-08 8.51E-04 0.00E+00 0.00E+00 4.70E-08 8.51E-04 1.37E-04  0.87831
13471.00 .7423354     2.55E-31 4.62E-27 0.00E+00 0.00E+00 6.67E-06 4.53E-08 8.22E-04 0.00E+00 0.00E+00 4.53E-08 8.22E-04 1.37E-04  0.87711
13481.00 .7417849     2.43E-31 4.42E-27 0.00E+00 0.00E+00 6.68E-06 4.54E-08 8.25E-04 0.00E+00 0.00E+00 4.54E-08 8.25E-04 1.37E-04  0.87654
13491.00 .7412348     2.46E-31 4.48E-27 0.00E+00 0.00E+00 6.66E-06 4.50E-08 8.19E-04 0.00E+00 0.00E+00 4.50E-08 8.19E-04 1.38E-04  0.86886
13501.00 .7406859     2.23E-31 4.06E-27 0.00E+00 0.00E+00 6.85E-06 4.67E-08 8.51E-04 0.00E+00 0.00E+00 4.67E-08 8.51E-04 1.38E-04  0.87548
13511.00 .7401376     2.30E-31 4.19E-27 0.00E+00 0.00E+00 6.85E-06 4.62E-08 8.43E-04 0.00E+00 0.00E+00 4.62E-08 8.43E-04 1.39E-04  0.86471
13521.00 .7395903     2.40E-31 4.38E-27 0.00E+00 0.00E+00 6.85E-06 4.56E-08 8.34E-04 0.00E+00 0.00E+00 4.56E-08 8.34E-04 1.39E-04  0.85192
13531.00 .7390438     2.22E-31 4.06E-27 0.00E+00 0.00E+00 6.64E-06 4.44E-08 8.14E-04 0.00E+00 0.00E+00 4.44E-08 8.14E-04 1.40E-04  0.85649
13541.00 .7384979     2.33E-31 4.28E-27 0.00E+00 0.00E+00 6.83E-06 4.50E-08 8.25E-04 0.00E+00 0.00E+00 4.50E-08 8.25E-04 1.40E-04  0.84081
13551.00 .7379529     2.01E-31 3.69E-27 0.00E+00 0.00E+00 6.97E-06 4.68E-08 8.59E-04 0.00E+00 0.00E+00 4.68E-08 8.59E-04 1.41E-04  0.85610
13561.00 .7374087     2.11E-31 3.89E-27 0.00E+00 0.00E+00 6.98E-06 4.61E-08 8.48E-04 0.00E+00 0.00E+00 4.61E-08 8.48E-04 1.41E-04  0.84052
13571.00 .7368654     2.24E-31 4.13E-27 0.00E+00 0.00E+00 6.93E-06 4.49E-08 8.28E-04 0.00E+00 0.00E+00 4.49E-08 8.28E-04 1.42E-04  0.82268
13581.00 .7363229     2.20E-31 4.06E-27 0.00E+00 0.00E+00 6.87E-06 4.43E-08 8.17E-04 0.00E+00 0.00E+00 4.43E-08 8.17E-04 1.42E-04  0.81737

                           RADIANCE (WATTS/CM2-STER-XXX)   [No STER in TOA SOLAR IRRADIANCE]

  FREQ   WAVELENGTH    PATH_THERMAL    SURFACE_EMISSION  SOL_IRR    SINGLE_SCATTER  GROUND_REFLECTED   TOTAL_RADIANCE  INTEGRAL    TOTAL
 (CM-1) (MICRON)      (CM-1)  (MICRN)   (CM-1)  (MICRN)   (CM-1)   (CM-1)  (MICRN)   (CM-1)  (MICRN)   (CM-1)  (MICRN)             TRANS

13591.00 .7357810     1.88E-31 3.47E-27 0.00E+00 0.00E+00 6.83E-06 4.51E-08 8.32E-04 0.00E+00 0.00E+00 4.51E-08 8.32E-04 1.42E-04  0.83619
13601.00 .7352401     1.93E-31 3.56E-27 0.00E+00 0.00E+00 6.92E-06 4.51E-08 8.34E-04 0.00E+00 0.00E+00 4.51E-08 8.34E-04 1.43E-04  0.82313
13611.00 .7346998     1.84E-31 3.40E-27 0.00E+00 0.00E+00 6.98E-06 4.56E-08 8.45E-04 0.00E+00 0.00E+00 4.56E-08 8.45E-04 1.43E-04  0.82349
13621.00 .7341605     1.45E-31 2.70E-27 0.00E+00 0.00E+00 7.00E-06 4.73E-08 8.78E-04 0.00E+00 0.00E+00 4.73E-08 8.78E-04 1.44E-04  0.85301
13631.00 .7336220     1.90E-31 3.53E-27 0.00E+00 0.00E+00 6.93E-06 4.41E-08 8.19E-04 0.00E+00 0.00E+00 4.41E-08 8.19E-04 1.44E-04  0.79772
13641.00 .7330840     1.71E-31 3.17E-27 0.00E+00 0.00E+00 6.81E-06 4.40E-08 8.19E-04 0.00E+00 0.00E+00 4.40E-08 8.19E-04 1.45E-04  0.80967
13651.00 .7325471     1.56E-31 2.90E-27 0.00E+00 0.00E+00 6.83E-06 4.45E-08 8.29E-04 0.00E+00 0.00E+00 4.45E-08 8.29E-04 1.45E-04  0.81741
13661.00 .7320108     2.19E-31 4.09E-27 0.00E+00 0.00E+00 6.91E-06 4.05E-08 7.55E-04 0.00E+00 0.00E+00 4.05E-08 7.55E-04 1.46E-04  0.72913
13671.00 .7314754     2.16E-31 4.04E-27 0.00E+00 0.00E+00 6.86E-06 3.97E-08 7.42E-04 0.00E+00 0.00E+00 3.97E-08 7.42E-04 1.46E-04  0.71953
13681.00 .7309408     1.94E-31 3.63E-27 0.00E+00 0.00E+00 6.75E-06 3.99E-08 7.47E-04 0.00E+00 0.00E+00 3.99E-08 7.47E-04 1.46E-04  0.73604
13691.00 .7304068     2.18E-31 4.08E-27 0.00E+00 0.00E+00 6.93E-06 3.87E-08 7.25E-04 0.00E+00 0.00E+00 3.87E-08 7.25E-04 1.47E-04  0.68945
13701.00 .7298738     1.64E-31 3.08E-27 0.00E+00 0.00E+00 6.89E-06 4.18E-08 7.86E-04 0.00E+00 0.00E+00 4.18E-08 7.86E-04 1.47E-04  0.75336
13711.00 .7293413     2.20E-31 4.13E-27 0.00E+00 0.00E+00 6.58E-06 3.50E-08 6.58E-04 0.00E+00 0.00E+00 3.50E-08 6.58E-04 1.47E-04  0.65335
13721.00 .7288099     1.43E-31 2.70E-27 0.00E+00 0.00E+00 6.66E-06 4.10E-08 7.73E-04 0.00E+00 0.00E+00 4.10E-08 7.73E-04 1.48E-04  0.76366
13731.00 .7282792     1.57E-31 2.95E-27 0.00E+00 0.00E+00 6.85E-06 4.01E-08 7.57E-04 0.00E+00 0.00E+00 4.01E-08 7.57E-04 1.48E-04  0.72551
13741.00 .7277490     2.10E-31 3.96E-27 0.00E+00 0.00E+00 6.89E-06 3.48E-08 6.57E-04 0.00E+00 0.00E+00 3.48E-08 6.57E-04 1.49E-04  0.61766
13751.00 .7272199     1.34E-31 2.53E-27 0.00E+00 0.00E+00 6.97E-06 4.20E-08 7.95E-04 0.00E+00 0.00E+00 4.20E-08 7.95E-04 1.49E-04  0.74370
13761.00 .7266913     1.62E-31 3.08E-27 0.00E+00 0.00E+00 6.90E-06 3.78E-08 7.16E-04 0.00E+00 0.00E+00 3.78E-08 7.16E-04 1.49E-04  0.67155
13771.00 .7261637     1.36E-31 2.58E-27 0.00E+00 0.00E+00 6.83E-06 3.97E-08 7.52E-04 0.00E+00 0.00E+00 3.97E-08 7.52E-04 1.50E-04  0.71158
13781.00 .7256368     1.51E-31 2.86E-27 0.00E+00 0.00E+00 6.92E-06 3.76E-08 7.14E-04 0.00E+00 0.00E+00 3.76E-08 7.14E-04 1.50E-04  0.66363
13791.00 .7251105     1.29E-31 2.45E-27 0.00E+00 0.00E+00 6.88E-06 3.93E-08 7.48E-04 0.00E+00 0.00E+00 3.93E-08 7.48E-04 1.51E-04  0.69911
13801.00 .7245852     1.37E-31 2.60E-27 0.00E+00 0.00E+00 6.88E-06 3.76E-08 7.16E-04 0.00E+00 0.00E+00 3.76E-08 7.16E-04 1.51E-04  0.66309
13811.00 .7240605     1.20E-31 2.30E-27 0.00E+00 0.00E+00 6.89E-06 3.90E-08 7.43E-04 0.00E+00 0.00E+00 3.90E-08 7.43E-04 1.51E-04  0.68874
13821.00 .7235367     1.35E-31 2.57E-27 0.00E+00 0.00E+00 6.95E-06 3.64E-08 6.95E-04 0.00E+00 0.00E+00 3.64E-08 6.95E-04 1.52E-04  0.63523
13831.00 .7230136     7.95E-32 1.52E-27 0.00E+00 0.00E+00 6.88E-06 4.35E-08 8.32E-04 0.00E+00 0.00E+00 4.35E-08 8.32E-04 1.52E-04  0.77350
13841.00 .7224911     6.82E-32 1.31E-27 0.00E+00 0.00E+00 6.66E-06 4.34E-08 8.31E-04 0.00E+00 0.00E+00 4.34E-08 8.31E-04 1.53E-04  0.79623
13851.00 .7219696     6.45E-32 1.24E-27 0.00E+00 0.00E+00 6.87E-06 4.47E-08 8.58E-04 0.00E+00 0.00E+00 4.47E-08 8.58E-04 1.53E-04  0.79683
13861.00 .7214486     6.00E-32 1.15E-27 0.00E+00 0.00E+00 6.84E-06 4.49E-08 8.62E-04 0.00E+00 0.00E+00 4.49E-08 8.62E-04 1.54E-04  0.80110
13871.00 .7209286     8.75E-32 1.68E-27 0.00E+00 0.00E+00 6.61E-06 3.78E-08 7.28E-04 0.00E+00 0.00E+00 3.78E-08 7.28E-04 1.54E-04  0.69487
13881.00 .7204093     1.09E-31 2.10E-27 0.00E+00 0.00E+00 6.84E-06 3.43E-08 6.60E-04 0.00E+00 0.00E+00 3.43E-08 6.60E-04 1.54E-04  0.60226
13891.00 .7198905     9.65E-32 1.86E-27 0.00E+00 0.00E+00 6.77E-06 3.55E-08 6.86E-04 0.00E+00 0.00E+00 3.55E-08 6.86E-04 1.55E-04  0.63065
13901.00 .7193727     9.54E-32 1.84E-27 0.00E+00 0.00E+00 6.63E-06 3.40E-08 6.57E-04 0.00E+00 0.00E+00 3.40E-08 6.57E-04 1.55E-04  0.61653
13911.00 .7188556     1.00E-31 1.94E-27 0.00E+00 0.00E+00 6.59E-06 3.19E-08 6.18E-04 0.00E+00 0.00E+00 3.19E-08 6.18E-04 1.55E-04  0.57595
13921.00 .7183393     7.52E-32 1.46E-27 0.00E+00 0.00E+00 6.67E-06 3.71E-08 7.18E-04 0.00E+00 0.00E+00 3.71E-08 7.18E-04 1.56E-04  0.66587
13931.00 .7178237     7.92E-32 1.54E-27 0.00E+00 0.00E+00 6.80E-06 3.59E-08 6.96E-04 0.00E+00 0.00E+00 3.59E-08 6.96E-04 1.56E-04  0.62962
13941.00 .7173086     7.32E-32 1.42E-27 0.00E+00 0.00E+00 6.92E-06 3.73E-08 7.25E-04 0.00E+00 0.00E+00 3.73E-08 7.25E-04 1.56E-04  0.64119
13951.00 .7167946     5.09E-32 9.91E-28 0.00E+00 0.00E+00 6.64E-06 4.08E-08 7.94E-04 0.00E+00 0.00E+00 4.08E-08 7.94E-04 1.57E-04  0.73865
13961.00 .7162810     3.23E-32 6.30E-28 0.00E+00 0.00E+00 6.81E-06 4.66E-08 9.07E-04 0.00E+00 0.00E+00 4.66E-08 9.07E-04 1.57E-04  0.82524
13971.00 .7157685     2.78E-32 5.43E-28 0.00E+00 0.00E+00 6.84E-06 4.77E-08 9.30E-04 0.00E+00 0.00E+00 4.77E-08 9.30E-04 1.58E-04  0.84183
13981.00 .7152565     2.77E-32 5.42E-28 0.00E+00 0.00E+00 6.65E-06 4.60E-08 8.98E-04 0.00E+00 0.00E+00 4.60E-08 8.98E-04 1.58E-04  0.83402
13991.00 .7147452     2.42E-32 4.74E-28 0.00E+00 0.00E+00 6.70E-06 4.71E-08 9.22E-04 0.00E+00 0.00E+00 4.71E-08 9.22E-04 1.59E-04  0.84790
14001.00 .7142348     2.21E-32 4.33E-28 0.00E+00 0.00E+00 6.90E-06 4.89E-08 9.58E-04 0.00E+00 0.00E+00 4.89E-08 9.58E-04 1.59E-04  0.85413
14011.00 .7137249     2.03E-32 3.98E-28 0.00E+00 0.00E+00 6.86E-06 4.90E-08 9.61E-04 0.00E+00 0.00E+00 4.90E-08 9.61E-04 1.60E-04  0.85949
14021.00 .7132159     2.01E-32 3.95E-28 0.00E+00 0.00E+00 6.70E-06 4.76E-08 9.36E-04 0.00E+00 0.00E+00 4.76E-08 9.36E-04 1.60E-04  0.85358
14031.00 .7127077     1.79E-32 3.53E-28 0.00E+00 0.00E+00 6.81E-06 4.89E-08 9.63E-04 0.00E+00 0.00E+00 4.89E-08 9.63E-04 1.61E-04  0.86276
14041.00 .7121999     1.74E-32 3.42E-28 0.00E+00 0.00E+00 6.79E-06 4.87E-08 9.61E-04 0.00E+00 0.00E+00 4.87E-08 9.61E-04 1.61E-04  0.86037
14051.00 .7116932     1.62E-32 3.20E-28 0.00E+00 0.00E+00 6.79E-06 4.89E-08 9.65E-04 0.00E+00 0.00E+00 4.89E-08 9.65E-04 1.62E-04  0.86296
14061.00 .7111869     1.60E-32 3.17E-28 0.00E+00 0.00E+00 6.80E-06 4.88E-08 9.64E-04 0.00E+00 0.00E+00 4.88E-08 9.64E-04 1.62E-04  0.85764
14071.00 .7106816     1.55E-32 3.08E-28 0.00E+00 0.00E+00 6.91E-06 4.95E-08 9.80E-04 0.00E+00 0.00E+00 4.95E-08 9.80E-04 1.63E-04  0.85516
14081.00 .7101769     1.50E-32 2.98E-28 0.00E+00 0.00E+00 6.92E-06 4.95E-08 9.81E-04 0.00E+00 0.00E+00 4.95E-08 9.81E-04 1.63E-04  0.85271

                           RADIANCE (WATTS/CM2-STER-XXX)   [No STER in TOA SOLAR IRRADIANCE]

  FREQ   WAVELENGTH    PATH_THERMAL    SURFACE_EMISSION  SOL_IRR    SINGLE_SCATTER  GROUND_REFLECTED   TOTAL_RADIANCE  INTEGRAL    TOTAL
 (CM-1) (MICRON)      (CM-1)  (MICRN)   (CM-1)  (MICRN)   (CM-1)   (CM-1)  (MICRN)   (CM-1)  (MICRN)   (CM-1)  (MICRN)             TRANS

14091.00 .7096728     1.39E-32 2.77E-28 0.00E+00 0.00E+00 6.85E-06 4.92E-08 9.78E-04 0.00E+00 0.00E+00 4.92E-08 9.78E-04 1.64E-04  0.85656
14101.00 .7091696     1.36E-32 2.71E-28 0.00E+00 0.00E+00 6.77E-06 4.85E-08 9.64E-04 0.00E+00 0.00E+00 4.85E-08 9.64E-04 1.64E-04  0.85253
14111.00 .7086669     1.24E-32 2.46E-28 0.00E+00 0.00E+00 6.74E-06 4.87E-08 9.71E-04 0.00E+00 0.00E+00 4.87E-08 9.71E-04 1.64E-04  0.85968
14121.00 .7081652     1.32E-32 2.63E-28 0.00E+00 0.00E+00 6.93E-06 4.92E-08 9.81E-04 0.00E+00 0.00E+00 4.92E-08 9.81E-04 1.65E-04  0.84217
14131.00 .7076641     1.22E-32 2.43E-28 0.00E+00 0.00E+00 6.91E-06 4.94E-08 9.86E-04 0.00E+00 0.00E+00 4.94E-08 9.86E-04 1.65E-04  0.84736
14141.00 .7071635     1.11E-32 2.22E-28 0.00E+00 0.00E+00 6.67E-06 4.81E-08 9.62E-04 0.00E+00 0.00E+00 4.81E-08 9.62E-04 1.66E-04  0.85386
14151.00 .7066639     1.17E-32 2.33E-28 0.00E+00 0.00E+00 6.84E-06 4.85E-08 9.71E-04 0.00E+00 0.00E+00 4.85E-08 9.71E-04 1.66E-04  0.83855
14161.00 .7061648     1.10E-32 2.21E-28 0.00E+00 0.00E+00 6.83E-06 4.86E-08 9.74E-04 0.00E+00 0.00E+00 4.86E-08 9.74E-04 1.67E-04  0.83995
14171.00 .7056665     1.10E-32 2.20E-28 0.00E+00 0.00E+00 6.82E-06 4.81E-08 9.67E-04 0.00E+00 0.00E+00 4.81E-08 9.67E-04 1.67E-04  0.83193
14181.00 .7051690     1.08E-32 2.17E-28 0.00E+00 0.00E+00 6.92E-06 4.86E-08 9.78E-04 0.00E+00 0.00E+00 4.86E-08 9.78E-04 1.68E-04  0.82727
14191.00 .7046719     8.81E-33 1.77E-28 0.00E+00 0.00E+00 6.90E-06 4.99E-08 1.01E-03 0.00E+00 0.00E+00 4.99E-08 1.01E-03 1.68E-04  0.85142
14201.00 .7041758     1.05E-32 2.12E-28 0.00E+00 0.00E+00 6.81E-06 4.72E-08 9.52E-04 0.00E+00 0.00E+00 4.72E-08 9.52E-04 1.69E-04  0.81319
14211.00 .7036802     7.90E-33 1.59E-28 0.00E+00 0.00E+00 6.80E-06 4.94E-08 9.98E-04 0.00E+00 0.00E+00 4.94E-08 9.98E-04 1.69E-04  0.85332
14221.00 .7031855     8.70E-33 1.76E-28 0.00E+00 0.00E+00 6.80E-06 4.81E-08 9.73E-04 0.00E+00 0.00E+00 4.81E-08 9.73E-04 1.70E-04  0.82892
14231.00 .7026914     9.84E-33 1.99E-28 0.00E+00 0.00E+00 6.69E-06 4.57E-08 9.25E-04 0.00E+00 0.00E+00 4.57E-08 9.25E-04 1.70E-04  0.79809
14241.00 .7021978     8.45E-33 1.71E-28 0.00E+00 0.00E+00 6.74E-06 4.72E-08 9.56E-04 0.00E+00 0.00E+00 4.72E-08 9.56E-04 1.71E-04  0.81737
14251.00 .7017052     8.64E-33 1.75E-28 0.00E+00 0.00E+00 6.58E-06 4.55E-08 9.24E-04 0.00E+00 0.00E+00 4.55E-08 9.24E-04 1.71E-04  0.80421
14261.00 .7012131     7.53E-33 1.53E-28 0.00E+00 0.00E+00 6.76E-06 4.75E-08 9.67E-04 0.00E+00 0.00E+00 4.75E-08 9.67E-04 1.72E-04  0.82038
14271.00 .7007218     8.34E-33 1.70E-28 0.00E+00 0.00E+00 6.72E-06 4.56E-08 9.29E-04 0.00E+00 0.00E+00 4.56E-08 9.29E-04 1.72E-04  0.79086
14281.00 .7002312     6.94E-33 1.42E-28 0.00E+00 0.00E+00 6.72E-06 4.72E-08 9.63E-04 0.00E+00 0.00E+00 4.72E-08 9.63E-04 1.72E-04  0.81699

 INTEGRATED ABSORPTION FROM  9091.00 TO 14281.00 CM-1 =   1069.1042 CM-1
 AVERAGE TRANSMITTANCE = 0.7940

VOIGT SINGLE LINE SPECTRAL BIN TRANSMITTANCES ARE COMPUTED FROM AN INFINITE SERIES OF MODIFIED
BESSEL FUNCTIONS OF THE FIRST KIND TRUNCATED AFTER AT MOST 8 TERMS (I7).  THE MAXIMUM MAGNITUDE
OF THE 8th TERM WAS  0.01387 AND THIS VALUE OCCURRED AT SPECTRAL FREQUENCY 10590.00 CM-1.

 INTEGRATED TOTAL RADIANCE =  1.7239E-04 WATTS CM-2 STER-1 (FROM  9091.00 TO 14281.00 CM-1 )
 MINIMUM SPECTRAL RADIANCE =  4.1612E-09 WATTS CM-2 STER-1 / CM-1  AT 13141.00 CM-1
 MAXIMUM SPECTRAL RADIANCE =  4.9922E-08 WATTS CM-2 STER-1 / CM-1  AT 14191.00 CM-1

 TARGET-PIXEL (H2) SURFACE TEMPERATURE [K] =      0.000
 AREA-AVERAGED GROUND TEMPERATURE [K]      =    294.200
 TARGET-PIXEL (H2) DIRECTIONAL EMISSIVITY  =      1.000
 AREA-AVERAGED GROUND EMISSIVITY           =      1.000

 CARD 5 *****    0   0       0.  0       0.  0       1.
