
 ********************************************************
 *                                                      *
 *  MODTRAN(R)svn-branch-5.2.1                          *
 *                                                      *
 *  Developed collaboratively by SPECTRAL SCIENCES,     *
 *  INC. (www.spectral.com) and the AIR FORCE RESEARCH  *
 *  LABORATORY (www.vs.afrl.af.mil/Division/VSBYB)      *
 *                                                      *
 *  Please address questions/comments to                *
 *  modtran@spectral.com and/or Gail.Anderson@noaa.gov  *
 *                                                      *
 ********************************************************

 Calculations will be done using multiple scattering.

 CARD 1  *****T F 2    2    2    1    2    2    2    2    2    2    1    0    0   0.000   0.40

 PROGRAM WILL COMPUTE RADIANCE + SOLAR SCATTER

 ATMOSPHERIC MODEL
         TEMPERATURE =    2     MID-LATITUDE SUMMER 
         WATER VAPOR =    2     MID-LATITUDE SUMMER 
         OZONE       =    2     MID-LATITUDE SUMMER 
                      M4 =     2 M5 =     2 M6 =     2 MDEF =     1

 CARD 1A *****TFF  4 0.0 330.00000  1.000000     1.0000F T           0.000    0.0000    0.0000    0.0000    0.0000         0

 MOLECULAR BAND MODEL DATA FILES
 -------------------------------
 DATA/01_2009c.bn4
 DATA/01_2009t.bin

 CFC BAND MODEL DATA FILE:               DATA/CFC04_01.ASC                                                                                                                                                                                                                                               

 Version 2.4 of the Clough-Kneizys Water Continuum Data from LBLRTM (24mar2000).

 CARD 2  *****    1    0    1    0   18    0  23.00000   0.00000   0.00000   0.00000   0.00000

 CARD 2A *****   0.000   0.000   0.000
               CIRRUS ATTENUATION INCLUDED   (STANDARD CIRRUS)
               CIRRUS THICKNESS               1.000 KM
               CIRRUS BASE ALTITUDE          10.000 KM
               CIRRUS PROFILE EXTINCTION      0.140 KM-1

 MODEL ATMOSPHERE NO.  2

 CLOUD AND/OR RAIN TYPE CHOSEN IS CIRRUS CLOUD        


      Z         P        T     REL H    H2O     CLD AMT   RAIN RATE                      AEROSOL
     (KM)      (MB)     (K)     (%)  (GM / M3) (GM / M3)  (MM / HR) TYPE                 PROFILE
                              [Before scaling]
     0.000  1012.999  294.20   76.18 1.400E+01 0.000E+00 0.000E+00 RURAL               RURAL               
     1.000   901.996  289.70   66.03 9.296E+00 0.000E+00 0.000E+00 RURAL               RURAL               
     2.000   802.001  285.20   55.20 5.898E+00 0.000E+00 0.000E+00 RURAL               RURAL               
     3.000   709.996  279.20   45.29 3.297E+00 0.000E+00 0.000E+00 TROPOSPHERIC        TROPOSPHERIC        SPRING-SUMMER
     4.000   628.000  273.20   39.05 1.899E+00 0.000E+00 0.000E+00 TROPOSPHERIC        TROPOSPHERIC        SPRING-SUMMER
     5.000   553.997  267.20   31.42 9.996E-01 0.000E+00 0.000E+00 TROPOSPHERIC        TROPOSPHERIC        SPRING-SUMMER
     6.000   486.998  261.20   29.98 6.100E-01 0.000E+00 0.000E+00 TROPOSPHERIC        TROPOSPHERIC        SPRING-SUMMER
     7.000   426.000  254.70   30.31 3.696E-01 0.000E+00 0.000E+00 TROPOSPHERIC        TROPOSPHERIC        SPRING-SUMMER
     8.000   371.999  248.20   29.63 2.099E-01 0.000E+00 0.000E+00 TROPOSPHERIC        TROPOSPHERIC        SPRING-SUMMER
     9.000   323.999  241.70   30.15 1.199E-01 0.000E+00 0.000E+00 TROPOSPHERIC        TROPOSPHERIC        SPRING-SUMMER
     9.950   283.029  235.62   29.57 6.629E-02 0.000E+00 0.000E+00 TROPOSPHERIC        TROPOSPHERIC        SPRING-SUMMER
    10.000   280.999  235.30   29.44 6.396E-02 0.000E+00 0.000E+00 TROPOSPHERIC        TROPOSPHERIC        SPRING-SUMMER
    10.050   278.990  234.98   29.17 6.141E-02 0.000E+00 0.000E+00 BCKGD_STRATOSPHERIC BCKGD_STRATOSPHERIC SPRING-SUMMER
    10.950   244.798  229.13   20.16 2.354E-02 0.000E+00 0.000E+00 BCKGD_STRATOSPHERIC BCKGD_STRATOSPHERIC SPRING-SUMMER
    11.000   243.000  228.80   19.48 2.199E-02 0.000E+00 0.000E+00 BCKGD_STRATOSPHERIC BCKGD_STRATOSPHERIC SPRING-SUMMER
    11.050   241.204  228.48   18.98 2.072E-02 0.000E+00 0.000E+00 BCKGD_STRATOSPHERIC BCKGD_STRATOSPHERIC SPRING-SUMMER
    12.000   208.999  222.30   10.69 5.997E-03 0.000E+00 0.000E+00 BCKGD_STRATOSPHERIC BCKGD_STRATOSPHERIC SPRING-SUMMER
    13.000   179.001  215.80    5.42 1.438E-03 0.000E+00 0.000E+00 BCKGD_STRATOSPHERIC BCKGD_STRATOSPHERIC SPRING-SUMMER
    14.000   153.000  215.70    2.93 7.685E-04 0.000E+00 0.000E+00 BCKGD_STRATOSPHERIC BCKGD_STRATOSPHERIC SPRING-SUMMER
    15.000   129.999  215.70    1.69 4.440E-04 0.000E+00 0.000E+00 BCKGD_STRATOSPHERIC BCKGD_STRATOSPHERIC SPRING-SUMMER
    16.000   111.000  215.70    1.40 3.680E-04 0.000E+00 0.000E+00 BCKGD_STRATOSPHERIC BCKGD_STRATOSPHERIC SPRING-SUMMER
    17.000    95.000  215.70    1.17 3.054E-04 0.000E+00 0.000E+00 BCKGD_STRATOSPHERIC BCKGD_STRATOSPHERIC SPRING-SUMMER
    18.000    81.200  216.80    0.86 2.556E-04 0.000E+00 0.000E+00 BCKGD_STRATOSPHERIC BCKGD_STRATOSPHERIC SPRING-SUMMER
    19.000    69.500  217.90    0.65 2.212E-04 0.000E+00 0.000E+00 BCKGD_STRATOSPHERIC BCKGD_STRATOSPHERIC SPRING-SUMMER
    20.000    59.500  219.20    0.49 1.941E-04 0.000E+00 0.000E+00 BCKGD_STRATOSPHERIC BCKGD_STRATOSPHERIC SPRING-SUMMER
    21.000    51.000  220.40    0.38 1.730E-04 0.000E+00 0.000E+00 BCKGD_STRATOSPHERIC BCKGD_STRATOSPHERIC SPRING-SUMMER
    22.000    43.700  221.60    0.30 1.538E-04 0.000E+00 0.000E+00 BCKGD_STRATOSPHERIC BCKGD_STRATOSPHERIC SPRING-SUMMER
    23.000    37.600  222.80    0.24 1.408E-04 0.000E+00 0.000E+00 BCKGD_STRATOSPHERIC BCKGD_STRATOSPHERIC SPRING-SUMMER
    24.000    32.200  223.90    0.19 1.246E-04 0.000E+00 0.000E+00 BCKGD_STRATOSPHERIC BCKGD_STRATOSPHERIC SPRING-SUMMER
    25.000    27.700  225.10    0.15 1.120E-04 0.000E+00 0.000E+00 BCKGD_STRATOSPHERIC BCKGD_STRATOSPHERIC SPRING-SUMMER
    30.000    13.200  233.70    0.03 5.752E-05 0.000E+00 0.000E+00 BCKGD_STRATOSPHERIC BCKGD_STRATOSPHERIC SPRING-SUMMER
    35.000     6.520  245.20    0.01 2.852E-05 0.000E+00 0.000E+00 BCKGD_STRATOSPHERIC BCKGD_STRATOSPHERIC SPRING-SUMMER
    40.000     3.330  257.50    0.00 1.429E-05 0.000E+00 0.000E+00 BCKGD_STRATOSPHERIC BCKGD_STRATOSPHERIC SPRING-SUMMER
    45.000     1.760  269.90    0.00 7.700E-06 0.000E+00 0.000E+00 BCKGD_STRATOSPHERIC BCKGD_STRATOSPHERIC SPRING-SUMMER
    50.000     0.951  275.70    0.00 4.111E-06 0.000E+00 0.000E+00 BCKGD_STRATOSPHERIC BCKGD_STRATOSPHERIC SPRING-SUMMER
    55.000     0.515  269.30    0.00 2.217E-06 0.000E+00 0.000E+00 BCKGD_STRATOSPHERIC BCKGD_STRATOSPHERIC SPRING-SUMMER
    60.000     0.272  257.10    0.00 1.146E-06 0.000E+00 0.000E+00 BCKGD_STRATOSPHERIC BCKGD_STRATOSPHERIC SPRING-SUMMER
    70.000     0.067  218.10    0.00 2.463E-07 0.000E+00 0.000E+00 BCKGD_STRATOSPHERIC BCKGD_STRATOSPHERIC SPRING-SUMMER
    80.000     0.012  174.10    0.07 3.136E-08 0.000E+00 0.000E+00 BCKGD_STRATOSPHERIC BCKGD_STRATOSPHERIC SPRING-SUMMER
   100.000     0.000  190.50    0.00 1.174E-10 0.000E+00 0.000E+00 BCKGD_STRATOSPHERIC BCKGD_STRATOSPHERIC SPRING-SUMMER

 *** OZONE DENSITIES ARE BEING SCALED BY   1.00000
     THE ORIGINAL VERTICAL COLUMN CONTAINED   7.10267 GM / M2 OF OZONE
     THE CURRENT  VERTICAL COLUMM CONTAINS    7.10267 GM / M2 OF OZONE

 *** THE WATER PROFILE WAS DECREASED TO FIT THE INPUT WATER COLUMN VALUE
     INITIAL:   2.92243 GM / CM2
     INPUT:     2.92243 GM / CM2
     FINAL:     2.92243 GM / CM2

 CARD 3  *****  10.00000   0.00000 180.00000   0.00000   0.00000   0.00000    0        0.00000

     6371.23  RADIUS OF THE EARTH [KM].

 SLANT PATH, H1ALT TO H2ALT
          H1ALT  =   10.00000 KM
          H2ALT  =    0.00000 KM
          OBSZEN =  180.00000 DEG
          HRANGE =    0.00000 KM
          BETA   =    0.00000 DEG
          BCKZEN =    0.00000 DEG
          LENN   =      0

 CARD 3A1*****    2    2    1    0

 CARD 3A2*****   0.00000  20.00000   0.00000   0.00000   0.00000   0.00000   0.00000   0.00000

 SINGLE SCATTERING CONTROL PARAMETERS SUMMARY

          RELATIVE AZIMUTH AT H1ALT =        0.0000 DEG EAST OF NORTH
          SOLAR ZENITH AT H1ALT =           20.0000 DEG
          TIME (<0 UNDEF) =                        0.0000 GREENWICH TIME
          PATH AZIMUTH (FROM H1ALT TO H2ALT) =     0.0000 DEG EAST OF NORTH
          DAY OF THE YEAR =                       1

 EXTRATERRESTIAL SOURCE IS THE SUN

 PHASE FUNCTION FROM MIE DATA BASE

 CARD 4  *****    9091.0   14286.0      10.0      10.0   SCANNING FUNCTION:TRIANGULAR 

 FREQUENCY RANGE
             IV1 =    9091.0 CM-1  (      1.1000 MICRONS)
             IV2 =   14286.0 CM-1  (      0.7000 MICRONS)
             IDV =      10.0 CM-1
           IFWHM =      10.0 CM-1


 ATMOSPHERIC PROFILES

   I     Z       P       T        N2       CNTMSLF   CNTMFRN MOL SCAT     N-1     O3 (UV)   O2 (UV)   WAT DROP  ICE PART  RAIN RATE
        (KM)    (MB)    (K)               (  MOL/CM2 KM  )      (-)       (-)    (  ATM CM/KM  )       (GM/M3)   (GM/M3)   (MM/HR)
   1   0.0000 1012.999 294.20  7.902E-01 8.829E+20 4.618E+22 9.282E-01 2.682E-04 2.800E-03 3.435E+04     0.000     0.000     0.000
   2   1.0000  901.996 289.70  6.461E-01 3.895E+20 2.788E+22 8.393E-01 2.427E-04 2.801E-03 2.976E+04     0.000     0.000     0.000
   3   2.0000  802.001 285.20  5.271E-01 1.568E+20 1.604E+22 7.581E-01 2.194E-04 2.800E-03 2.581E+04     0.000     0.000     0.000
   4   3.0000  709.996 279.20  4.310E-01 4.900E+19 8.139E+21 6.855E-01 1.985E-04 2.894E-03 2.248E+04     0.000     0.000     0.000
   5   4.0000  628.000 273.20  3.522E-01 1.626E+19 4.247E+21 6.197E-01 1.795E-04 2.987E-03 1.961E+04     0.000     0.000     0.000
   6   5.0000  553.997 267.20  2.865E-01 4.503E+18 2.019E+21 5.589E-01 1.619E-04 3.081E-03 1.710E+04     0.000     0.000     0.000
   7   6.0000  486.998 261.20  2.317E-01 1.677E+18 1.109E+21 5.026E-01 1.456E-04 3.221E-03 1.489E+04     0.000     0.000     0.000
   8   7.0000  426.000 254.70  1.865E-01 6.159E+17 6.032E+20 4.509E-01 1.307E-04 3.501E-03 1.295E+04     0.000     0.000     0.000
   9   8.0000  371.999 248.20  1.497E-01 1.986E+17 3.070E+20 4.040E-01 1.171E-04 3.687E-03 1.128E+04     0.000     0.000     0.000
  10   9.0000  323.999 241.70  1.198E-01 6.483E+16 1.569E+20 3.614E-01 1.047E-04 4.015E-03 9.818E+03     0.000     0.000     0.000
  11   9.9500  283.029 235.62  9.617E-02 1.981E+16 7.774E+19 3.238E-01 9.384E-05 4.177E-03 8.587E+03     0.000     0.000     0.000
  12  10.0000  280.999 235.30  9.505E-02 1.844E+16 7.458E+19 3.219E-01 9.330E-05 4.198E-03 8.526E+03     0.000     0.000     0.000
  13  10.0500  278.990 234.98  9.396E-02 1.700E+16 7.118E+19 3.201E-01 9.276E-05 4.239E-03 8.467E+03     0.000     0.000     0.000
  14  10.9500  244.798 229.13  7.608E-02 2.498E+15 2.456E+19 2.880E-01 8.347E-05 5.089E-03 7.459E+03     0.000     0.000     0.000
  15  11.0000  243.000 228.80  7.518E-02 2.180E+15 2.281E+19 2.863E-01 8.298E-05 5.134E-03 7.406E+03     0.000     0.000     0.000
  16  11.0500  241.204 228.48  7.428E-02 1.934E+15 2.136E+19 2.846E-01 8.248E-05 5.159E-03 7.353E+03     0.000     0.000     0.000
  17  12.0000  208.999 222.30  5.891E-02 1.621E+14 5.506E+18 2.534E-01 7.345E-05 5.652E-03 6.411E+03     0.000     0.000     0.000
  18  13.0000  179.001 215.80  4.586E-02 9.318E+12 1.165E+18 2.236E-01 6.481E-05 6.708E-03 5.541E+03     0.000     0.000     0.000
  19  14.0000  153.000 215.70  3.353E-02 2.662E+12 5.323E+17 1.912E-01 5.542E-05 8.414E-03 4.631E+03     0.000     0.000     0.000
  20  15.0000  129.999 215.70  2.421E-02 8.885E+11 2.613E+17 1.625E-01 4.709E-05 8.124E-03 3.854E+03     0.000     0.000     0.000
  21  16.0000  111.000 215.70  1.765E-02 6.102E+11 1.849E+17 1.387E-01 4.020E-05 8.324E-03 3.233E+03     0.000     0.000     0.000
  22  17.0000   95.000 215.70  1.293E-02 4.203E+11 1.313E+17 1.187E-01 3.441E-05 8.311E-03 2.726E+03     0.000     0.000     0.000
  23  18.0000   81.200 216.80  9.350E-03 2.945E+11 9.350E+16 1.010E-01 2.926E-05 1.010E-02 2.287E+03     0.000     0.000     0.000
  24  19.0000   69.500 217.90  6.780E-03 2.204E+11 6.888E+16 8.598E-02 2.492E-05 1.290E-02 1.925E+03     0.000     0.000     0.000
  25  20.0000   59.500 219.20  4.911E-03 1.698E+11 5.145E+16 7.317E-02 2.121E-05 1.463E-02 1.622E+03     0.000     0.000     0.000
  26  21.0000   51.000 220.40  3.569E-03 1.349E+11 3.909E+16 6.238E-02 1.808E-05 1.497E-02 1.371E+03     0.000     0.000     0.000
  27  22.0000   43.700 221.60  2.592E-03 1.066E+11 2.962E+16 5.316E-02 1.541E-05 1.542E-02 1.160E+03     0.000     0.000     0.000
  28  23.0000   37.600 222.80  1.898E-03 8.933E+10 2.320E+16 4.549E-02 1.318E-05 1.547E-02 9.867E+02     0.000     0.000     0.000
  29  24.0000   32.200 223.90  1.379E-03 7.003E+10 1.751E+16 3.877E-02 1.124E-05 1.551E-02 8.364E+02     0.000     0.000     0.000
  30  25.0000   27.700 225.10  1.009E-03 5.652E+10 1.346E+16 3.317E-02 9.614E-06 1.592E-02 7.124E+02     0.000     0.000     0.000
  31  30.0000   13.200 233.70  2.126E-04 1.491E+10 3.173E+15 1.523E-02 4.413E-06 1.066E-02 3.223E+02     0.000     0.000     0.000
  32  35.0000 6.519971 245.20  4.713E-05 3.666E+09 7.406E+14 7.168E-03 2.077E-06 6.380E-03 1.507E+02     0.000     0.000     0.000
  33  40.0000 3.329993 257.50  1.115E-05 9.205E+08 1.805E+14 3.486E-03 1.010E-06 2.632E-03 7.307E+01     0.000     0.000     0.000
  34  45.0000 1.759993 269.90  2.834E-06 2.673E+08 4.904E+13 1.758E-03 5.095E-07 7.911E-04 3.679E+01     0.000     0.000     0.000
  35  50.0000 0.951001 275.70  7.930E-07 7.616E+07 1.385E+13 9.299E-04 2.695E-07 2.604E-04 1.945E+01     0.000     0.000     0.000
  36  55.0000 0.514999 269.30  2.437E-07 2.215E+07 4.140E+12 5.155E-04 1.494E-07 9.280E-05 1.078E+01     0.000     0.000     0.000
  37  60.0000 0.272001 257.10  7.460E-08 5.921E+06 1.184E+12 2.852E-04 8.266E-08 3.708E-05 5.962E+00     0.000     0.000     0.000
  38  70.0000 0.067000 218.10  6.290E-09 2.734E+05 7.388E+10 8.281E-05 2.400E-08 3.313E-06 1.731E+00     0.000     0.000     0.000
  39  80.0000 0.012000 174.10  3.166E-10 4.433E+03 2.111E+09 1.858E-05 5.385E-09 3.716E-07 3.883E-01     0.000     0.000     0.000
  40 100.0000 0.000258 190.50  1.223E-13 6.210E-02 1.552E+05 3.651E-07 1.058E-10 1.460E-08 5.842E-03     0.000     0.000     0.000


 ATMOSPHERIC PROFILES

   I     Z       P       T     AEROSOL 1 AEROSOL 2 AEROSOL 3 AEROSOL 4  AER1*RH     RH (%)    RH (%)   CIRRUS   WAT DROP  ICE PART
        (KM)    (MB)    (K)    (      550nm EXTINCTION [KM-1]      )  (BEFORE H2O SCALING)   (AFTER)    (-)     (550nm VIS [KM-1])
   1   0.0000 1012.999 294.20  1.580E-01 0.000E+00 0.000E+00 0.000E+00 5.010E-01 7.618E+01 7.618E+01   0.00000   0.00000   0.00000
   2   1.0000  901.996 289.70  9.910E-02 0.000E+00 0.000E+00 0.000E+00 3.494E-01 6.603E+01 6.603E+01   0.00000   0.00000   0.00000
   3   2.0000  802.001 285.20  6.210E-02 0.000E+00 0.000E+00 0.000E+00 2.361E-01 5.520E+01 5.520E+01   0.00000   0.00000   0.00000
   4   3.0000  709.996 279.20  0.000E+00 3.460E-02 0.000E+00 0.000E+00 0.000E+00 4.529E+01 4.529E+01   0.00000   0.00000   0.00000
   5   4.0000  628.000 273.20  0.000E+00 1.850E-02 0.000E+00 0.000E+00 0.000E+00 3.905E+01 3.905E+01   0.00000   0.00000   0.00000
   6   5.0000  553.997 267.20  0.000E+00 9.310E-03 0.000E+00 0.000E+00 0.000E+00 3.142E+01 3.142E+01   0.00000   0.00000   0.00000
   7   6.0000  486.998 261.20  0.000E+00 7.710E-03 0.000E+00 0.000E+00 0.000E+00 2.998E+01 2.998E+01   0.00000   0.00000   0.00000
   8   7.0000  426.000 254.70  0.000E+00 6.230E-03 0.000E+00 0.000E+00 0.000E+00 3.031E+01 3.031E+01   0.00000   0.00000   0.00000
   9   8.0000  371.999 248.20  0.000E+00 3.370E-03 0.000E+00 0.000E+00 0.000E+00 2.963E+01 2.963E+01   0.00000   0.00000   0.00000
  10   9.0000  323.999 241.70  0.000E+00 1.820E-03 0.000E+00 0.000E+00 0.000E+00 3.015E+01 3.015E+01   0.00000   0.00000   0.00000
  11   9.9500  283.029 235.62  0.000E+00 1.167E-03 0.000E+00 0.000E+00 0.000E+00 2.957E+01 2.957E+01   0.00000   0.00000   0.00000
  12  10.0000  280.999 235.30  0.000E+00 1.140E-03 0.000E+00 0.000E+00 0.000E+00 2.944E+01 2.944E+01   0.07000   0.00000   0.00000
  13  10.0500  278.990 234.98  0.000E+00 0.000E+00 1.120E-03 0.000E+00 0.000E+00 2.917E+01 2.917E+01   0.14000   0.00000   0.00000
  14  10.9500  244.798 229.13  0.000E+00 0.000E+00 8.133E-04 0.000E+00 0.000E+00 2.016E+01 2.016E+01   0.14000   0.00000   0.00000
  15  11.0000  243.000 228.80  0.000E+00 0.000E+00 7.990E-04 0.000E+00 0.000E+00 1.948E+01 1.948E+01   0.07000   0.00000   0.00000
  16  11.0500  241.204 228.48  0.000E+00 0.000E+00 7.902E-04 0.000E+00 0.000E+00 1.898E+01 1.898E+01   0.00000   0.00000   0.00000
  17  12.0000  208.999 222.30  0.000E+00 0.000E+00 6.410E-04 0.000E+00 0.000E+00 1.069E+01 1.069E+01   0.00000   0.00000   0.00000
  18  13.0000  179.001 215.80  0.000E+00 0.000E+00 5.170E-04 0.000E+00 0.000E+00 5.423E+00 5.423E+00   0.00000   0.00000   0.00000
  19  14.0000  153.000 215.70  0.000E+00 0.000E+00 4.420E-04 0.000E+00 0.000E+00 2.933E+00 2.933E+00   0.00000   0.00000   0.00000
  20  15.0000  129.999 215.70  0.000E+00 0.000E+00 3.950E-04 0.000E+00 0.000E+00 1.695E+00 1.695E+00   0.00000   0.00000   0.00000
  21  16.0000  111.000 215.70  0.000E+00 0.000E+00 3.820E-04 0.000E+00 0.000E+00 1.405E+00 1.405E+00   0.00000   0.00000   0.00000
  22  17.0000   95.000 215.70  0.000E+00 0.000E+00 4.250E-04 0.000E+00 0.000E+00 1.166E+00 1.166E+00   0.00000   0.00000   0.00000
  23  18.0000   81.200 216.80  0.000E+00 0.000E+00 5.200E-04 0.000E+00 0.000E+00 8.563E-01 8.563E-01   0.00000   0.00000   0.00000
  24  19.0000   69.500 217.90  0.000E+00 0.000E+00 5.810E-04 0.000E+00 0.000E+00 6.511E-01 6.511E-01   0.00000   0.00000   0.00000
  25  20.0000   59.500 219.20  0.000E+00 0.000E+00 5.890E-04 0.000E+00 0.000E+00 4.915E-01 4.915E-01   0.00000   0.00000   0.00000
  26  21.0000   51.000 220.40  0.000E+00 0.000E+00 5.020E-04 0.000E+00 0.000E+00 3.819E-01 3.819E-01   0.00000   0.00000   0.00000
  27  22.0000   43.700 221.60  0.000E+00 0.000E+00 4.200E-04 0.000E+00 0.000E+00 2.966E-01 2.966E-01   0.00000   0.00000   0.00000
  28  23.0000   37.600 222.80  0.000E+00 0.000E+00 3.000E-04 0.000E+00 0.000E+00 2.375E-01 2.375E-01   0.00000   0.00000   0.00000
  29  24.0000   32.200 223.90  0.000E+00 0.000E+00 1.980E-04 0.000E+00 0.000E+00 1.863E-01 1.863E-01   0.00000   0.00000   0.00000
  30  25.0000   27.700 225.10  0.000E+00 0.000E+00 1.310E-04 0.000E+00 0.000E+00 1.469E-01 1.469E-01   0.00000   0.00000   0.00000
  31  30.0000   13.200 233.70  0.000E+00 0.000E+00 3.320E-05 0.000E+00 0.000E+00 3.098E-02 3.098E-02   0.00000   0.00000   0.00000
  32  35.0000 6.519971 245.20  0.000E+00 0.000E+00 0.000E+00 4.300E-06 0.000E+00 5.231E-03 5.231E-03   0.00000   0.00000   0.00000
  33  40.0000 3.329993 257.50  0.000E+00 0.000E+00 0.000E+00 1.670E-06 0.000E+00 9.365E-04 9.365E-04   0.00000   0.00000   0.00000
  34  45.0000 1.759993 269.90  0.000E+00 0.000E+00 0.000E+00 8.000E-07 0.000E+00 1.994E-04 1.994E-04   0.00000   0.00000   0.00000
  35  50.0000 0.951001 275.70  0.000E+00 0.000E+00 0.000E+00 4.200E-07 0.000E+00 7.127E-05 7.127E-05   0.00000   0.00000   0.00000
  36  55.0000 0.514999 269.30  0.000E+00 0.000E+00 0.000E+00 2.207E-07 0.000E+00 5.991E-05 5.991E-05   0.00000   0.00000   0.00000
  37  60.0000 0.272001 257.10  0.000E+00 0.000E+00 0.000E+00 1.159E-07 0.000E+00 7.753E-05 7.753E-05   0.00000   0.00000   0.00000
  38  70.0000 0.067000 218.10  0.000E+00 0.000E+00 0.000E+00 3.200E-08 0.000E+00 7.084E-04 7.084E-04   0.00000   0.00000   0.00000
  39  80.0000 0.012000 174.10  0.000E+00 0.000E+00 0.000E+00 5.795E-09 0.000E+00 7.237E-02 7.237E-02   0.00000   0.00000   0.00000
  40 100.0000 0.000258 190.50  0.000E+00 0.000E+00 0.000E+00 1.900E-10 0.000E+00 1.461E-05 1.461E-05   0.00000   0.00000   0.00000


 ATMOSPHERIC PROFILES (AFTER COLUMN SCALING)

   I      Z       P       H2O      O3       CO2      CO       CH4      N2O      O2       NH3      NO       NO2      SO2      HNO3
         (KM)    (MB)  (                                             ATM CM / KM                                                )
   1   0.0000 1012.999  1.74E+03 2.80E-03 3.06E+01 1.39E-02 1.58E-01 2.97E-02 1.94E+04 4.64E-05 2.78E-05 2.13E-06 2.78E-05 4.64E-06
   2   1.0000  901.996  1.16E+03 2.80E-03 2.77E+01 1.22E-02 1.43E-01 2.69E-02 1.75E+04 4.20E-05 2.52E-05 1.93E-06 2.30E-05 5.00E-06
   3   2.0000  802.001  7.34E+02 2.80E-03 2.50E+01 1.06E-02 1.29E-01 2.43E-02 1.58E+04 3.51E-05 2.27E-05 1.74E-06 1.79E-05 5.25E-06
   4   3.0000  709.996  4.10E+02 2.89E-03 2.26E+01 9.25E-03 1.17E-01 2.19E-02 1.43E+04 2.61E-05 2.06E-05 1.58E-06 1.30E-05 5.42E-06
   5   4.0000  628.000  2.36E+02 2.99E-03 2.04E+01 8.13E-03 1.05E-01 1.98E-02 1.30E+04 1.78E-05 1.86E-05 1.43E-06 9.05E-06 5.50E-06
   6   5.0000  553.997  1.24E+02 3.08E-03 1.84E+01 7.28E-03 9.43E-02 1.79E-02 1.17E+04 1.14E-05 1.68E-05 1.29E-06 6.60E-06 5.45E-06
   7   6.0000  486.998  7.59E+01 3.22E-03 1.66E+01 6.47E-03 8.40E-02 1.61E-02 1.05E+04 7.34E-06 1.51E-05 1.16E-06 4.88E-06 5.58E-06
   8   7.0000  426.000  4.60E+01 3.50E-03 1.49E+01 5.62E-03 7.44E-02 1.44E-02 9.42E+03 4.45E-06 1.35E-05 1.04E-06 3.74E-06 5.68E-06
   9   8.0000  371.999  2.61E+01 3.69E-03 1.33E+01 4.79E-03 6.58E-02 1.29E-02 8.44E+03 2.62E-06 1.21E-05 9.29E-07 2.91E-06 5.62E-06
  10   9.0000  323.999  1.49E+01 4.01E-03 1.19E+01 3.95E-03 5.84E-02 1.14E-02 7.55E+03 1.36E-06 1.08E-05 8.38E-07 2.37E-06 5.53E-06
  11   9.9500  283.029  8.25E+00 4.18E-03 1.07E+01 3.24E-03 5.12E-02 1.00E-02 6.77E+03 6.79E-07 9.71E-06 7.69E-07 1.98E-06 5.60E-06
  12  10.0000  280.999  7.96E+00 4.20E-03 1.06E+01 3.21E-03 5.08E-02 9.97E-03 6.73E+03 6.54E-07 9.66E-06 7.66E-07 1.96E-06 5.60E-06
  13  10.0500  278.990  7.64E+00 4.24E-03 1.06E+01 3.17E-03 5.05E-02 9.89E-03 6.69E+03 6.29E-07 9.60E-06 7.64E-07 1.94E-06 5.61E-06
  14  10.9500  244.798  2.93E+00 5.09E-03 9.50E+00 2.60E-03 4.45E-02 8.62E-03 6.02E+03 3.23E-07 8.64E-06 7.49E-07 1.67E-06 5.77E-06
  15  11.0000  243.000  2.74E+00 5.13E-03 9.45E+00 2.57E-03 4.41E-02 8.56E-03 5.98E+03 3.12E-07 8.59E-06 7.50E-07 1.66E-06 5.78E-06
  16  11.0500  241.204  2.58E+00 5.16E-03 9.39E+00 2.54E-03 4.38E-02 8.50E-03 5.95E+03 3.01E-07 8.54E-06 7.50E-07 1.64E-06 5.80E-06
  17  12.0000  208.999  7.46E-01 5.65E-03 8.36E+00 1.98E-03 3.82E-02 7.44E-03 5.30E+03 1.60E-07 7.60E-06 7.98E-07 1.42E-06 6.11E-06
  18  13.0000  179.001  1.79E-01 6.71E-03 7.38E+00 1.43E-03 3.31E-02 6.40E-03 4.67E+03 6.98E-08 6.69E-06 9.95E-07 1.25E-06 6.17E-06
  19  14.0000  153.000  9.56E-02 8.41E-03 6.31E+00 9.61E-04 2.77E-02 5.35E-03 4.00E+03 2.12E-08 5.64E-06 1.43E-06 1.08E-06 6.37E-06
  20  15.0000  129.999  5.52E-02 8.12E-03 5.36E+00 6.40E-04 2.31E-02 4.43E-03 3.40E+03 7.26E-09 4.60E-06 2.78E-06 9.34E-07 7.34E-06
  21  16.0000  111.000  4.58E-02 8.32E-03 4.58E+00 4.26E-04 1.93E-02 3.62E-03 2.90E+03 2.93E-09 3.72E-06 4.43E-06 7.98E-07 1.02E-05
  22  17.0000   95.000  3.80E-02 8.31E-03 3.92E+00 2.96E-04 1.61E-02 2.87E-03 2.48E+03 1.31E-09 2.99E-06 6.16E-06 6.38E-07 1.56E-05
  23  18.0000   81.200  3.18E-02 1.01E-02 3.33E+00 1.99E-04 1.34E-02 2.20E-03 2.11E+03 6.76E-10 2.42E-06 7.78E-06 4.83E-07 2.13E-05
  24  19.0000   69.500  2.75E-02 1.29E-02 2.84E+00 1.33E-04 1.10E-02 1.58E-03 1.80E+03 3.41E-10 2.10E-06 9.11E-06 3.41E-07 2.73E-05
  25  20.0000   59.500  2.41E-02 1.46E-02 2.41E+00 9.74E-05 8.96E-03 1.18E-03 1.53E+03 1.76E-10 1.87E-06 1.02E-05 2.33E-07 3.07E-05
  26  21.0000   51.000  2.15E-02 1.50E-02 2.06E+00 7.69E-05 7.20E-03 8.25E-04 1.30E+03 1.20E-10 1.73E-06 1.10E-05 1.67E-07 3.08E-05
  27  22.0000   43.700  1.91E-02 1.54E-02 1.75E+00 6.55E-05 5.67E-03 6.09E-04 1.11E+03 9.14E-11 1.63E-06 1.15E-05 1.21E-07 2.90E-05
  28  23.0000   37.600  1.75E-02 1.55E-02 1.50E+00 5.95E-05 4.43E-03 4.71E-04 9.51E+02 7.23E-11 1.64E-06 1.17E-05 9.42E-08 2.61E-05
  29  24.0000   32.200  1.55E-02 1.55E-02 1.28E+00 5.43E-05 3.41E-03 3.73E-04 8.10E+02 5.58E-11 1.75E-06 1.19E-05 7.37E-08 2.26E-05
  30  25.0000   27.700  1.39E-02 1.59E-02 1.09E+00 5.05E-05 2.62E-03 2.97E-04 6.93E+02 4.08E-11 2.27E-06 1.24E-05 5.81E-08 1.86E-05
  31  30.0000   13.200  7.16E-03 1.07E-02 5.02E-01 3.04E-05 9.62E-04 1.02E-04 3.18E+02 9.67E-12 3.73E-06 9.38E-06 2.04E-08 5.69E-06
  32  35.0000 6.519971  3.55E-03 6.38E-03 2.37E-01 1.78E-05 3.59E-04 2.65E-05 1.50E+02 1.30E-12 5.12E-06 5.22E-06 8.32E-09 1.18E-06
  33  40.0000 3.329993  1.78E-03 2.63E-03 1.15E-01 1.03E-05 1.37E-04 6.05E-06 7.29E+01 1.02E-13 3.90E-06 1.40E-06 4.74E-09 1.86E-07
  34  45.0000 1.759993  9.58E-04 7.91E-04 5.80E-02 5.81E-06 5.05E-05 1.35E-06 3.67E+01 5.24E-15 2.06E-06 2.02E-07 3.69E-09 2.13E-08
  35  50.0000 0.951001  5.11E-04 2.60E-04 3.07E-02 3.39E-06 1.81E-05 2.99E-07 1.94E+01 6.63E-16 9.58E-07 4.12E-08 3.31E-09 5.16E-09
  36  55.0000 0.514999  2.76E-04 9.28E-05 1.70E-02 2.02E-06 8.11E-06 1.05E-07 1.08E+01 2.47E-16 5.21E-07 1.75E-08 2.37E-09 2.29E-09
  37  60.0000 0.272001  1.43E-04 3.71E-05 9.41E-03 1.33E-06 4.28E-06 3.98E-08 5.96E+00 1.04E-16 2.88E-07 8.13E-09 1.47E-09 1.10E-09
  38  70.0000 0.067000  3.06E-05 3.31E-06 2.73E-03 9.75E-07 1.24E-06 6.44E-09 1.73E+00 2.13E-17 9.52E-08 1.91E-09 3.58E-10 2.71E-10
  39  80.0000 0.012000  3.90E-06 3.72E-07 6.09E-04 1.27E-06 2.79E-07 9.60E-10 3.88E-01 3.79E-18 4.98E-08 3.75E-10 2.47E-11 5.59E-11
  40 100.0000 0.000258  1.46E-08 1.46E-08 7.12E-06 3.68E-07 4.38E-09 1.04E-11 5.84E-03 5.40E-20 7.59E-08 6.21E-12 1.31E-14 9.97E-13


1 ATMOSPHERIC PROFILES

   I      Z       CFC11    CFC12    CFC13    CFC14    CFC22   CFC113   CFC114   CFC115   CLONO2     HNO4   CHCL2F     CCL4     N2O5
         (KM)   (                                                  ATM CM/KM                                                  )
   1   0.0000  1.30E-05 2.23E-05 9.28E-14 9.28E-14 5.57E-06 1.76E-06 1.11E-06 9.28E-14 5.34E-07 4.03E-08 9.28E-14 1.21E-05 2.25E-11
   2   1.0000  1.18E-05 2.01E-05 8.39E-14 8.39E-14 5.03E-06 1.59E-06 1.01E-06 8.39E-14 4.30E-07 1.79E-07 8.39E-14 1.09E-05 8.01E-11
   3   2.0000  1.06E-05 1.82E-05 7.58E-14 7.58E-14 4.54E-06 1.44E-06 9.10E-07 7.58E-14 3.42E-07 2.91E-07 7.58E-14 9.85E-06 1.26E-10
   4   3.0000  9.60E-06 1.65E-05 6.86E-14 6.86E-14 4.10E-06 1.30E-06 8.23E-07 6.86E-14 2.66E-07 3.80E-07 6.86E-14 8.91E-06 1.63E-10
   5   4.0000  8.68E-06 1.49E-05 6.20E-14 6.20E-14 3.71E-06 1.18E-06 7.44E-07 6.20E-14 2.02E-07 4.49E-07 6.20E-14 8.06E-06 1.91E-10
   6   5.0000  7.82E-06 1.34E-05 5.59E-14 5.59E-14 3.34E-06 1.06E-06 6.71E-07 5.59E-14 1.54E-07 1.02E-06 5.59E-14 7.25E-06 2.02E-10
   7   6.0000  7.04E-06 1.21E-05 5.03E-14 5.03E-14 3.00E-06 9.55E-07 6.03E-07 5.03E-14 1.13E-07 1.46E-06 5.03E-14 6.51E-06 2.07E-10
   8   7.0000  6.31E-06 1.08E-05 4.51E-14 4.51E-14 2.69E-06 8.57E-07 5.41E-07 4.51E-14 7.87E-08 1.80E-06 4.51E-14 5.83E-06 2.09E-10
   9   8.0000  5.66E-06 9.70E-06 4.04E-14 4.04E-14 2.41E-06 7.68E-07 4.85E-07 4.04E-14 5.01E-08 2.06E-06 4.04E-14 5.21E-06 2.08E-10
  10   9.0000  5.05E-06 8.67E-06 3.61E-14 3.61E-14 2.16E-06 6.86E-07 4.34E-07 3.61E-14 4.37E-08 1.77E-06 3.61E-14 4.66E-06 2.08E-10
  11   9.9500  4.52E-06 7.76E-06 3.24E-14 3.24E-14 1.93E-06 6.14E-07 3.89E-07 3.24E-14 3.81E-08 1.53E-06 3.24E-14 4.18E-06 2.05E-10
  12  10.0000  4.49E-06 7.71E-06 3.22E-14 3.22E-14 1.92E-06 6.10E-07 3.86E-07 3.22E-14 3.78E-08 1.52E-06 3.22E-14 4.15E-06 2.05E-10
  13  10.0500  4.46E-06 7.67E-06 3.20E-14 3.20E-14 1.91E-06 6.07E-07 3.84E-07 3.20E-14 3.76E-08 1.51E-06 3.20E-14 4.13E-06 2.05E-10
  14  10.9500  4.01E-06 6.89E-06 2.88E-14 2.88E-14 1.72E-06 5.45E-07 3.46E-07 2.88E-14 3.30E-08 1.31E-06 2.88E-14 3.72E-06 2.00E-10
  15  11.0000  3.99E-06 6.85E-06 2.86E-14 2.86E-14 1.70E-06 5.42E-07 3.44E-07 2.86E-14 3.27E-08 1.30E-06 2.86E-14 3.69E-06 1.99E-10
  16  11.0500  3.96E-06 6.81E-06 2.85E-14 2.85E-14 1.69E-06 5.39E-07 3.42E-07 2.85E-14 3.25E-08 1.29E-06 2.85E-14 3.67E-06 1.99E-10
  17  12.0000  3.52E-06 6.06E-06 2.53E-14 2.53E-14 1.51E-06 4.79E-07 3.04E-07 2.53E-14 2.81E-08 1.11E-06 2.53E-14 3.27E-06 1.92E-10
  18  13.0000  3.02E-06 5.27E-06 2.24E-14 2.24E-14 1.32E-06 4.15E-07 2.66E-07 2.24E-14 1.79E-07 1.26E-06 2.24E-14 2.80E-06 9.85E-09
  19  14.0000  2.50E-06 4.44E-06 1.91E-14 1.91E-14 1.12E-06 3.48E-07 2.25E-07 1.91E-14 2.85E-07 1.33E-06 1.91E-14 2.31E-06 1.67E-08
  20  15.0000  2.06E-06 3.71E-06 1.62E-14 1.62E-14 9.39E-07 2.90E-07 1.89E-07 1.62E-14 3.54E-07 1.34E-06 1.62E-14 1.90E-06 2.12E-08
  21  16.0000  1.71E-06 3.12E-06 1.39E-14 1.39E-14 7.94E-07 2.43E-07 1.60E-07 1.39E-14 3.98E-07 1.32E-06 1.39E-14 1.57E-06 2.41E-08
  22  17.0000  1.33E-06 2.55E-06 1.19E-14 1.19E-14 6.60E-07 1.96E-07 1.33E-07 1.19E-14 1.21E-06 1.69E-06 1.19E-14 1.21E-06 1.04E-07
  23  18.0000  1.03E-06 2.06E-06 1.01E-14 1.01E-14 5.46E-07 1.57E-07 1.10E-07 1.01E-14 1.76E-06 1.92E-06 1.01E-14 9.15E-07 1.60E-07
  24  19.0000  7.82E-07 1.67E-06 8.60E-15 8.60E-15 4.51E-07 1.25E-07 9.05E-08 8.60E-15 2.13E-06 2.04E-06 8.60E-15 6.83E-07 1.97E-07
  25  20.0000  5.87E-07 1.35E-06 7.32E-15 7.32E-15 3.72E-07 9.95E-08 7.46E-08 7.32E-15 2.34E-06 2.09E-06 7.32E-15 4.99E-07 2.19E-07
  26  21.0000  4.28E-07 1.07E-06 6.24E-15 6.24E-15 3.05E-07 7.72E-08 6.09E-08 6.24E-15 2.87E-06 2.19E-06 6.24E-15 3.57E-07 2.59E-07
  27  22.0000  3.04E-07 8.40E-07 5.32E-15 5.32E-15 2.50E-07 5.93E-08 4.95E-08 5.32E-15 3.19E-06 2.22E-06 5.32E-15 2.45E-07 2.82E-07
  28  23.0000  2.07E-07 6.60E-07 4.55E-15 4.55E-15 2.05E-07 4.52E-08 4.03E-08 4.55E-15 3.37E-06 2.21E-06 4.55E-15 1.59E-07 2.94E-07
  29  24.0000  1.32E-07 5.12E-07 3.88E-15 3.88E-15 1.67E-07 3.38E-08 3.26E-08 3.88E-15 3.41E-06 2.14E-06 3.88E-15 9.30E-08 2.95E-07
  30  25.0000  9.05E-08 3.94E-07 3.32E-15 3.32E-15 1.36E-07 2.52E-08 2.64E-08 3.32E-15 3.23E-06 1.93E-06 3.32E-15 6.25E-08 2.56E-07
  31  30.0000  5.94E-09 8.96E-08 1.52E-15 1.52E-15 4.61E-08 4.44E-09 8.58E-09 1.52E-15 1.74E-06 7.77E-07 1.52E-15 2.67E-09 8.41E-08
  32  35.0000  1.42E-10 1.53E-08 7.17E-16 7.17E-16 1.48E-08 5.14E-10 2.62E-09 7.17E-16 3.75E-07 1.05E-07 7.17E-16 2.83E-11 7.76E-09
  33  40.0000  6.45E-13 2.12E-09 3.49E-16 3.49E-16 4.85E-09 4.29E-11 8.09E-10 3.49E-16 1.49E-08 3.47E-09 3.49E-16 1.38E-14 7.43E-11
  34  45.0000  1.61E-14 3.75E-10 1.76E-16 1.76E-16 1.82E-09 5.65E-12 2.84E-10 1.76E-16 2.95E-10 1.54E-10 1.76E-16 9.79E-17 6.92E-13
  35  50.0000  5.55E-16 7.92E-11 9.30E-17 9.30E-17 8.16E-10 9.21E-13 1.16E-10 9.30E-17 4.34E-12 7.10E-12 9.30E-17 1.02E-18 5.85E-15
  36  55.0000  3.15E-17 2.14E-11 5.16E-17 5.16E-17 4.19E-10 2.02E-13 5.36E-11 5.16E-17 6.16E-14 3.51E-13 5.16E-17 1.95E-20 5.38E-17
  37  60.0000  1.21E-18 5.53E-12 2.85E-17 2.85E-17 2.20E-10 4.05E-14 2.48E-11 2.85E-17 4.88E-16 1.37E-14 2.85E-17 1.50E-22 1.46E-19
  38  70.0000  4.22E-21 3.23E-13 8.28E-18 8.28E-18 5.95E-11 1.46E-15 4.85E-12 8.28E-18 5.99E-19 2.66E-16 8.28E-18 8.18E-26 6.79E-23
  39  80.0000  3.68E-24 9.64E-15 1.86E-18 1.86E-18 1.21E-11 2.29E-17 6.60E-13 1.86E-18 7.51E-23 1.57E-18 1.86E-18 5.44E-30 9.46E-27
  40 100.0000  1.14E-30 9.05E-19 3.65E-20 3.65E-20 6.54E-14 4.78E-22 7.78E-16 3.65E-20 2.95E-35 1.22E-31 3.65E-20 1.86E-38 3.06E-37

 REPLACING IPARM=2 SOLAR/LUNAR GEOMETRY PARAMETERS
      0.00000   RELATIVE SOLAR/LUNAR AZIMUTH AT H1ALT (DEG EAST OF NORTH)
     20.00000   SOLAR/LUNAR ZENITH ANGLE AT H1ALT (DEG)

      WITH IPARM=0 SOLAR/LUNAR GEOMETRY PARAMETERS
      0.00000   OBSERVER (H1ALT) LATITUDE (DEG NORTH OF EQUATOR)
      0.00000   OBSERVER (H1ALT) LONGITUDE (DEG WEST OF GREENWICH)
      0.00000   SOURCE LATITUDE (DEG NORTH OF EQUATOR)
     20.00194   SOURCE LONGITUDE (DEG WEST OF GREENWICH)
    270.00000   TRUE PATH AZIMUTH FROM H1ALT TO H2ALT (DEG EAST OF NORTH)


 CASE 2A:  GIVEN H1ALT, H2ALT AND OBSZEN


 SLANT PATH PARAMETERS IN STANDARD FORM

          H1ALT   =    0.00000 KM
          H2ALT   =  100.00000 KM
          OBSZEN  =    0.00000 DEG
          BCKZEN  =  180.00000 DEG
          HMIN    =    0.00000 KM
          LENN    =          0

 CALCULATION OF THE REFRACTED PATH THROUGH THE ATMOSPHERE


  I     START       END     START     DELTA     TOTAL     DELTA     EARTH    END TO     DELTA      PATH      LAYER   LAYER     LAYER
     ALTITUDE  ALTITUDE    TO END     RANGE     RANGE     EARTH    CENTER     START   BENDING   BENDING    AVERAGE     AVG   AVERAGE
                           ZENITH                         ANGLE     ANGLE    ZENITH                       PRESSURE    TEMP   DENSITY
         (KM)      (KM)     (DEG)     (KM)       (KM)     (DEG)     (DEG)     (DEG)     (DEG)    (DEG)        (MB)     (K)  (GM/CM3)
          H1ALT TO H2ALT

  1   0.00000   1.00000   0.00000   1.00000   1.00000   0.00000   0.00000 180.00000   0.00000   0.00000  957.35461  291.98 1.141E-03
  2   1.00000   2.00000   0.00000   1.00000   2.00000   0.00000   0.00000 180.00000   0.00000   0.00000  851.86801  287.48 1.031E-03
  3   2.00000   3.00000   0.00000   1.00000   3.00000   0.00000   0.00000 180.00000   0.00000   0.00000  755.83580  282.24 9.320E-04
  4   3.00000   4.00000   0.00000   1.00000   4.00000   0.00000   0.00000 180.00000   0.00000   0.00000  668.84982  276.24 8.426E-04
  5   4.00000   5.00000   0.00000   1.00000   5.00000   0.00000   0.00000 180.00000   0.00000   0.00000  590.86186  270.24 7.609E-04
  6   5.00000   6.00000   0.00000   1.00000   6.00000   0.00000   0.00000 180.00000   0.00000   0.00000  520.37101  264.24 6.853E-04
  7   6.00000   7.00000   0.00000   1.00000   7.00000   0.00000   0.00000 180.00000   0.00000   0.00000  456.37111  258.00 6.155E-04
  8   7.00000   8.00000   0.00000   1.00000   8.00000   0.00000   0.00000 180.00000   0.00000   0.00000  398.88314  251.50 5.518E-04
  9   8.00000   9.00000   0.00000   1.00000   9.00000   0.00000   0.00000 180.00000   0.00000   0.00000  347.89258  245.00 4.940E-04
 10   9.00000   9.95000   0.00000   0.95000   9.95000   0.00000   0.00000 180.00000   0.00000   0.00000  303.42702  238.70 4.423E-04
 11   9.95000  10.00000   0.00000   0.05000  10.00000   0.00000   0.00000 180.00000   0.00000   0.00000  282.01367  235.46 4.172E-04
 12  10.00000  10.05000   0.00000   0.05000  10.05000   0.00000   0.00000 180.00000   0.00000   0.00000  279.99405  235.14 4.148E-04
 13  10.05000  10.95000   0.00000   0.90000  10.95000   0.00000   0.00000 180.00000   0.00000   0.00000  261.82201  232.09 3.925E-04
 14  10.95000  11.00000   0.00000   0.05000  11.00000   0.00000   0.00000 180.00000   0.00000   0.00000  243.89851  228.96 3.711E-04
 15  11.00000  11.05000   0.00000   0.05000  11.05000   0.00000   0.00000 180.00000   0.00000   0.00000  242.10156  228.64 3.689E-04
 16  11.05000  12.00000   0.00000   0.95000  12.00000   0.00000   0.00000 180.00000   0.00000   0.00000  225.02799  225.43 3.473E-04
 17  12.00000  13.00000   0.00000   1.00000  13.00000   0.00000   0.00000 180.00000   0.00000   0.00000  193.92577  219.10 3.078E-04
 18  13.00000  14.00000   0.00000   1.00000  14.00000   0.00000   0.00000 180.00000   0.00000   0.00000  165.99950  215.75 2.675E-04
 19  14.00000  15.00000   0.00000   1.00000  15.00000   0.00000   0.00000 180.00000   0.00000   0.00000  141.49985  215.70 2.280E-04
 20  15.00000  16.00000   0.00000   1.00000  16.00000   0.00000   0.00000 180.00000   0.00000   0.00000  120.49968  215.70 1.942E-04
 21  16.00000  17.00000   0.00000   1.00000  17.00000   0.00000   0.00000 180.00000   0.00000   0.00000  103.00014  215.70 1.660E-04
 22  17.00000  18.00000   0.00000   1.00000  18.00000   0.00000   0.00000 180.00000   0.00000   0.00000   88.10620  216.23 1.416E-04
 23  18.00000  19.00000   0.00000   1.00000  19.00000   0.00000   0.00000 180.00000   0.00000   0.00000   75.35525  217.33 1.205E-04
 24  19.00000  20.00000   0.00000   1.00000  20.00000   0.00000   0.00000 180.00000   0.00000   0.00000   64.50518  218.53 1.026E-04
 25  20.00000  21.00000   0.00000   1.00000  21.00000   0.00000   0.00000 180.00000   0.00000   0.00000   55.25408  219.78 8.740E-05
 26  21.00000  22.00000   0.00000   1.00000  22.00000   0.00000   0.00000 180.00000   0.00000   0.00000   47.35345  220.98 7.450E-05
 27  22.00000  23.00000   0.00000   1.00000  23.00000   0.00000   0.00000 180.00000   0.00000   0.00000   40.65271  222.18 6.362E-05
 28  23.00000  24.00000   0.00000   1.00000  24.00000   0.00000   0.00000 180.00000   0.00000   0.00000   34.90220  223.33 5.433E-05
 29  24.00000  25.00000   0.00000   1.00000  25.00000   0.00000   0.00000 180.00000   0.00000   0.00000   29.95203  224.48 4.639E-05
 30  25.00000  30.00000   0.00000   5.00000  30.00000   0.00000   0.00000 180.00000   0.00000   0.00000   20.49444  228.82 2.978E-05
 31  30.00000  35.00000   0.00000   5.00000  35.00000   0.00000   0.00000 180.00000   0.00000   0.00000    9.88628  238.69 1.382E-05
 32  35.00000  40.00000   0.00000   5.00000  40.00000   0.00000   0.00000 180.00000   0.00000   0.00000    4.93779  250.57 6.601E-06
 33  40.00000  45.00000   0.00000   5.00000  45.00000   0.00000   0.00000 180.00000   0.00000   0.00000    2.55106  262.95 3.262E-06
 34  45.00000  50.00000   0.00000   5.00000  50.00000   0.00000   0.00000 180.00000   0.00000   0.00000    1.35691  272.48 1.680E-06
 35  50.00000  55.00000   0.00000   5.00000  55.00000   0.00000   0.00000 180.00000   0.00000   0.00000    0.73216  272.80 9.078E-07
 36  55.00000  60.00000   0.00000   5.00000  60.00000   0.00000   0.00000 180.00000   0.00000   0.00000    0.39257  263.75 5.028E-07
 37  60.00000  70.00000   0.00000  10.00000  70.00000   0.00000   0.00000 180.00000   0.00000   0.00000    0.16684  241.00 2.115E-07
 38  70.00000  80.00000   0.00000  10.00000  80.00000   0.00000   0.00000 180.00000   0.00000   0.00000    0.03855  200.59 5.554E-08
 39  80.00000 100.00000   0.00000  20.00000 100.00000   0.00000   0.00000 180.00000   0.00000   0.00000    0.00619  177.85 5.990E-09




1  LAYER ABSORBER AMOUNTS FOR THE PATH SEGMENT ENDING AT Z

  J      Z        TBAR       HNO3         O3 UV     CNTMSLF1     CNTMSLF2      CNTMFRN        O2         WAT DROP     ICE PART
       (KM)        (K)     (ATM CM)     (ATM CM)   (MOL CM-2)   (MOL CM-2)   (MOL CM-2)   (MOL CM-2)   (KM GM/M3)   (KM GM/M3)

  1    1.0000   291.98    4.822E-06    2.801E-03    6.030E+20    6.730E+19    3.626E+22    3.200E+04    0.0000000    0.0000000
  2    2.0000   287.48    5.128E-06    2.801E-03    2.558E+20    6.051E+19    2.142E+22    2.774E+04    0.0000000    0.0000000
  3    3.0000   282.24    5.338E-06    2.847E-03    9.268E+19    3.542E+19    1.165E+22    2.411E+04    0.0000000    0.0000000
  4    4.0000   276.24    5.460E-06    2.941E-03    2.968E+19    1.629E+19    5.983E+21    2.101E+04    0.0000000    0.0000000
  5    5.0000   270.24    5.473E-06    3.034E-03    9.156E+18    6.551E+18    2.996E+21    1.833E+04    0.0000000    0.0000000
  6    6.0000   264.24    5.514E-06    3.151E-03    2.861E+18    2.524E+18    1.519E+21    1.597E+04    0.0000000    0.0000000
  7    7.0000   258.00    5.630E-06    3.361E-03    1.059E+18    1.118E+18    8.306E+20    1.390E+04    0.0000000    0.0000000
  8    8.0000   251.50    5.649E-06    3.594E-03    3.687E+17    4.558E+17    4.386E+20    1.209E+04    0.0000000    0.0000000
  9    9.0000   245.00    5.572E-06    3.851E-03    1.195E+17    1.693E+17    2.237E+20    1.053E+04    0.0000000    0.0000000
 10    9.9500   238.70    5.284E-06    3.891E-03    3.607E+16    5.741E+16    1.071E+20    8.729E+03    0.0000000    0.0000000
 11   10.0000   235.46    2.799E-07    2.094E-04    9.558E+14    1.607E+15    3.808E+18    4.278E+02    0.0000000    0.0000000
 12   10.0500   235.14    2.802E-07    2.109E-04    8.854E+14    1.497E+15    3.643E+18    4.248E+02    0.0000000    0.0000000
 13   10.9500   232.09    5.120E-06    4.197E-03    6.805E+15    1.208E+16    3.943E+19    7.157E+03    0.0000000    0.0000000
 14   11.0000   228.96    2.889E-07    2.556E-04    1.168E+14    2.174E+14    1.184E+18    3.716E+02    0.0000000    0.0000000
 15   11.0500   228.64    2.896E-07    2.573E-04    1.027E+14    1.922E+14    1.104E+18    3.690E+02    0.0000000    0.0000000
 16   12.0000   225.43    5.657E-06    5.135E-03    6.791E+14    1.331E+15    1.111E+19    6.528E+03    0.0000000    0.0000000
 17   13.0000   219.10    6.140E-06    6.180E-03    5.349E+13    1.143E+14    2.795E+18    5.965E+03    0.0000000    0.0000000
 18   14.0000   215.75    6.270E-06    7.561E-03    5.312E+12    1.184E+13    8.076E+17    5.072E+03    0.0000000    0.0000000
 19   15.0000   215.70    6.856E-06    8.268E-03    1.616E+12    3.605E+12    3.809E+17    4.230E+03    0.0000000    0.0000000
 20   16.0000   215.70    8.784E-06    8.224E-03    7.407E+11    1.652E+12    2.209E+17    3.534E+03    0.0000000    0.0000000
 21   17.0000   215.70    1.289E-05    8.317E-03    5.094E+11    1.136E+12    1.566E+17    2.972E+03    0.0000000    0.0000000
 22   18.0000   216.23    1.843E-05    9.204E-03    3.537E+11    7.837E+11    1.114E+17    2.500E+03    0.0000000    0.0000000
 23   19.0000   217.33    2.428E-05    1.150E-02    2.557E+11    5.587E+11    8.057E+16    2.101E+03    0.0000000    0.0000000
 24   20.0000   218.53    2.900E-05    1.377E-02    1.940E+11    4.175E+11    5.974E+16    1.769E+03    0.0000000    0.0000000
 25   21.0000   219.78    3.077E-05    1.480E-02    1.517E+11    3.211E+11    4.499E+16    1.493E+03    0.0000000    0.0000000
 26   22.0000   220.98    2.991E-05    1.519E-02    1.202E+11    2.505E+11    3.414E+16    1.263E+03    0.0000000    0.0000000
 27   23.0000   222.18    2.754E-05    1.544E-02    9.773E+10    2.004E+11    2.628E+16    1.071E+03    0.0000000    0.0000000
 28   24.0000   223.33    2.434E-05    1.549E-02    7.929E+10    1.600E+11    2.022E+16    9.095E+02    0.0000000    0.0000000
 29   25.0000   224.48    2.056E-05    1.572E-02    6.303E+10    1.252E+11    1.539E+16    7.727E+02    0.0000000    0.0000000
 30   30.0000   228.82    5.453E-05    6.558E-02    1.561E+11    2.914E+11    3.559E+16    2.459E+03    0.0000000    0.0000000
 31   35.0000   238.69    1.432E-05    4.168E-02    4.008E+10    6.380E+10    8.358E+15    1.129E+03    0.0000000    0.0000000
 32   40.0000   250.57    2.683E-06    2.116E-02    9.933E+09    1.254E+10    1.984E+15    5.362E+02    0.0000000    0.0000000
 33   45.0000   262.95    3.796E-07    7.657E-03    2.641E+09    2.425E+09    5.044E+14    2.644E+02    0.0000000    0.0000000
 34   50.0000   272.48    5.688E-08    2.388E-03    7.611E+08    4.972E+08    1.391E+14    1.360E+02    0.0000000    0.0000000
 35   55.0000   272.80    1.768E-08    8.121E-04    2.187E+08    1.409E+08    4.020E+13    7.345E+01    0.0000000    0.0000000
 36   60.0000   263.75    8.107E-09    3.037E-04    6.151E+07    5.510E+07    1.181E+13    4.067E+01    0.0000000    0.0000000
 37   70.0000   241.00    5.900E-09    1.398E-04    1.836E+07    2.806E+07    4.002E+12    3.421E+01    0.0000000    0.0000000
 38   80.0000   200.59    1.362E-09    1.344E-05    6.525E+05    1.729E+06    2.019E+11    8.983E+00    0.0000000    0.0000000
 39  100.0000   177.85    2.728E-10    2.206E-06    7.934E+03    2.604E+04    4.436E+09    1.823E+00    0.0000000    0.0000000



1 J      Z        N2 CONT     MOL SCAT        AER 1        AER 2        AER 3        AER 4        CIRRUS     WAT DROP     ICE PART
        (KM)                (550nm EXT)                                                                     (550 NM OPTICAL DEPTH)

  1    1.0000    0.7157417    0.0107007    0.1262687    0.0000000    0.0000000    0.0000000    0.0000000    0.0000000    0.0000000
  2    2.0000    0.5845655    0.0096705    0.0791641    0.0000000    0.0000000    0.0000000    0.0000000    0.0000000    0.0000000
  3    3.0000    0.4774188    0.0087395    0.0310500    0.0173000    0.0000000    0.0000000    0.0000000    0.0000000    0.0000000
  4    4.0000    0.3902644    0.0079016    0.0000000    0.0257154    0.0000000    0.0000000    0.0000000    0.0000000    0.0000000
  5    5.0000    0.3182158    0.0071349    0.0000000    0.0133832    0.0000000    0.0000000    0.0000000    0.0000000    0.0000000
  6    6.0000    0.2581324    0.0064259    0.0000000    0.0084849    0.0000000    0.0000000    0.0000000    0.0000000    0.0000000
  7    7.0000    0.2082523    0.0057717    0.0000000    0.0069437    0.0000000    0.0000000    0.0000000    0.0000000    0.0000000
  8    8.0000    0.1674142    0.0051748    0.0000000    0.0046545    0.0000000    0.0000000    0.0000000    0.0000000    0.0000000
  9    9.0000    0.1341865    0.0046328    0.0000000    0.0025159    0.0000000    0.0000000    0.0000000    0.0000000    0.0000000
 10    9.9500    0.1021598    0.0039401    0.0000000    0.0013959    0.0000000    0.0000000    0.0000000    0.0000000    0.0000000
 11   10.0000    0.0047805    0.0001956    0.0000000    0.0000577    0.0000000    0.0000000    0.0017500    0.0000000    0.0000000
 12   10.0500    0.0047252    0.0001945    0.0000000    0.0000285    0.0000280    0.0000000    0.0052500    0.0000000    0.0000000
 13   10.9500    0.0762336    0.0033129    0.0000000    0.0000000    0.0008626    0.0000000    0.1259999    0.0000000    0.0000000
 14   11.0000    0.0037815    0.0001740    0.0000000    0.0000000    0.0000403    0.0000000    0.0052500    0.0000000    0.0000000
 15   11.0500    0.0037365    0.0001730    0.0000000    0.0000000    0.0000397    0.0000000    0.0017500    0.0000000    0.0000000
 16   12.0000    0.0629865    0.0030936    0.0000000    0.0000000    0.0006774    0.0000000    0.0000000    0.0000000    0.0000000
 17   13.0000    0.0521128    0.0028867    0.0000000    0.0000000    0.0005768    0.0000000    0.0000000    0.0000000    0.0000000
 18   14.0000    0.0393747    0.0025083    0.0000000    0.0000000    0.0004785    0.0000000    0.0000000    0.0000000    0.0000000
 19   15.0000    0.0286190    0.0021383    0.0000000    0.0000000    0.0004181    0.0000000    0.0000000    0.0000000    0.0000000
 20   16.0000    0.0207573    0.0018212    0.0000000    0.0000000    0.0003885    0.0000000    0.0000000    0.0000000    0.0000000
 21   17.0000    0.0151670    0.0015568    0.0000000    0.0000000    0.0004035    0.0000000    0.0000000    0.0000000    0.0000000
 22   18.0000    0.0110427    0.0013283    0.0000000    0.0000000    0.0004725    0.0000000    0.0000000    0.0000000    0.0000000
 23   19.0000    0.0079964    0.0011303    0.0000000    0.0000000    0.0005505    0.0000000    0.0000000    0.0000000    0.0000000
 24   20.0000    0.0057955    0.0009623    0.0000000    0.0000000    0.0005850    0.0000000    0.0000000    0.0000000    0.0000000
 25   21.0000    0.0042042    0.0008196    0.0000000    0.0000000    0.0005443    0.0000000    0.0000000    0.0000000    0.0000000
 26   22.0000    0.0030544    0.0006986    0.0000000    0.0000000    0.0004598    0.0000000    0.0000000    0.0000000    0.0000000
 27   23.0000    0.0022271    0.0005966    0.0000000    0.0000000    0.0003566    0.0000000    0.0000000    0.0000000    0.0000000
 28   24.0000    0.0016245    0.0005095    0.0000000    0.0000000    0.0002455    0.0000000    0.0000000    0.0000000    0.0000000
 29   25.0000    0.0011843    0.0004350    0.0000000    0.0000000    0.0001622    0.0000000    0.0000000    0.0000000    0.0000000
 30   30.0000    0.0025576    0.0013964    0.0000000    0.0000000    0.0003562    0.0000000    0.0000000    0.0000000    0.0000000
 31   35.0000    0.0005492    0.0006481    0.0000000    0.0000000    0.0000830    0.0000108    0.0000000    0.0000000    0.0000000
 32   40.0000    0.0001248    0.0003095    0.0000000    0.0000000    0.0000000    0.0000139    0.0000000    0.0000000    0.0000000
 33   45.0000    0.0000304    0.0001529    0.0000000    0.0000000    0.0000000    0.0000059    0.0000000    0.0000000    0.0000000
 34   50.0000    0.0000080    0.0000788    0.0000000    0.0000000    0.0000000    0.0000029    0.0000000    0.0000000    0.0000000
 35   55.0000    0.0000023    0.0000426    0.0000000    0.0000000    0.0000000    0.0000015    0.0000000    0.0000000    0.0000000
 36   60.0000    0.0000007    0.0000236    0.0000000    0.0000000    0.0000000    0.0000008    0.0000000    0.0000000    0.0000000
 37   70.0000    0.0000003    0.0000198    0.0000000    0.0000000    0.0000000    0.0000007    0.0000000    0.0000000    0.0000000
 38   80.0000    0.0000000    0.0000052    0.0000000    0.0000000    0.0000000    0.0000002    0.0000000    0.0000000    0.0000000
 39  100.0000    0.0000000    0.0000011    0.0000000    0.0000000    0.0000000    0.0000000    0.0000000    0.0000000    0.0000000



1    J    Z       H2O       O3        CO2       CO        CH4       N2O       O2        NH3       NO        NO2       SO2
        (KM)    (                                                      ATM CM                                             )

   1    1.0000  1.43E+03  2.80E-03  2.91E+01  1.30E-02  1.50E-01  2.83E-02  1.85E+04  4.42E-05  2.65E-05  2.03E-06  2.53E-05
   2    2.0000  9.29E+02  2.80E-03  2.63E+01  1.14E-02  1.36E-01  2.55E-02  1.67E+04  3.84E-05  2.39E-05  1.84E-06  2.03E-05
   3    3.0000  5.56E+02  2.85E-03  2.38E+01  9.91E-03  1.23E-01  2.31E-02  1.51E+04  3.03E-05  2.16E-05  1.66E-06  1.53E-05
   4    4.0000  3.15E+02  2.94E-03  2.15E+01  8.68E-03  1.11E-01  2.09E-02  1.36E+04  2.17E-05  1.96E-05  1.50E-06  1.09E-05
   5    5.0000  1.74E+02  3.03E-03  1.94E+01  7.70E-03  9.96E-02  1.88E-02  1.23E+04  1.44E-05  1.77E-05  1.35E-06  7.76E-06
   6    6.0000  9.81E+01  3.15E-03  1.75E+01  6.87E-03  8.91E-02  1.70E-02  1.11E+04  9.22E-06  1.59E-05  1.22E-06  5.69E-06
   7    7.0000  5.97E+01  3.36E-03  1.57E+01  6.04E-03  7.91E-02  1.52E-02  9.95E+03  5.78E-06  1.43E-05  1.10E-06  4.29E-06
   8    8.0000  3.51E+01  3.59E-03  1.41E+01  5.19E-03  7.00E-02  1.37E-02  8.93E+03  3.46E-06  1.28E-05  9.82E-07  3.31E-06
   9    9.0000  2.00E+01  3.85E-03  1.26E+01  4.36E-03  6.20E-02  1.22E-02  7.99E+03  1.92E-06  1.15E-05  8.83E-07  2.63E-06
  10    9.9500  1.07E+01  3.89E-03  1.07E+01  3.41E-03  5.20E-02  1.02E-02  6.80E+03  9.32E-07  9.75E-06  7.63E-07  2.06E-06
  11   10.0000  4.05E-01  2.09E-04  5.33E-01  1.61E-04  2.55E-03  5.00E-04  3.37E+02  3.33E-08  4.84E-07  3.84E-08  9.83E-08
  12   10.0500  3.90E-01  2.11E-04  5.30E-01  1.60E-04  2.53E-03  4.96E-04  3.35E+02  3.21E-08  4.82E-07  3.83E-08  9.74E-08
  13   10.9500  4.42E+00  4.20E-03  9.02E+00  2.59E-03  4.27E-02  8.32E-03  5.71E+03  4.14E-07  8.20E-06  6.81E-07  1.62E-06
  14   11.0000  1.42E-01  2.56E-04  4.74E-01  1.29E-04  2.22E-03  4.30E-04  3.00E+02  1.59E-08  4.31E-07  3.75E-08  8.32E-08
  15   11.0500  1.33E-01  2.57E-04  4.71E-01  1.28E-04  2.20E-03  4.26E-04  2.98E+02  1.53E-08  4.28E-07  3.75E-08  8.25E-08
  16   12.0000  1.40E+00  5.14E-03  8.42E+00  2.13E-03  3.89E-02  7.56E-03  5.34E+03  2.12E-07  7.66E-06  7.36E-07  1.45E-06
  17   13.0000  3.97E-01  6.18E-03  7.86E+00  1.69E-03  3.56E-02  6.91E-03  4.98E+03  1.09E-07  7.13E-06  8.97E-07  1.33E-06
  18   14.0000  1.33E-01  7.56E-03  6.83E+00  1.18E-03  3.03E-02  5.86E-03  4.33E+03  4.08E-08  6.15E-06  1.21E-06  1.16E-06
  19   15.0000  7.36E-02  8.27E-03  5.82E+00  7.90E-04  2.54E-02  4.88E-03  3.69E+03  1.30E-08  5.10E-06  2.10E-06  1.00E-06
  20   16.0000  5.04E-02  8.22E-03  4.96E+00  5.26E-04  2.11E-02  4.01E-03  3.14E+03  4.77E-09  4.14E-06  3.60E-06  8.64E-07
  21   17.0000  4.18E-02  8.32E-03  4.24E+00  3.57E-04  1.76E-02  3.23E-03  2.68E+03  2.01E-09  3.34E-06  5.29E-06  7.15E-07
  22   18.0000  3.48E-02  9.20E-03  3.62E+00  2.44E-04  1.47E-02  2.52E-03  2.29E+03  9.57E-10  2.70E-06  6.97E-06  5.57E-07
  23   19.0000  2.96E-02  1.15E-02  3.08E+00  1.64E-04  1.21E-02  1.87E-03  1.95E+03  4.90E-10  2.26E-06  8.45E-06  4.08E-07
  24   20.0000  2.58E-02  1.38E-02  2.62E+00  1.14E-04  9.95E-03  1.37E-03  1.66E+03  2.50E-10  1.98E-06  9.64E-06  2.84E-07
  25   21.0000  2.28E-02  1.48E-02  2.23E+00  8.67E-05  8.05E-03  9.90E-04  1.41E+03  1.46E-10  1.80E-06  1.06E-05  1.98E-07
  26   22.0000  2.03E-02  1.52E-02  1.90E+00  7.10E-05  6.40E-03  7.12E-04  1.20E+03  1.05E-10  1.68E-06  1.12E-05  1.43E-07
  27   23.0000  1.83E-02  1.54E-02  1.62E+00  6.24E-05  5.02E-03  5.37E-04  1.03E+03  8.15E-11  1.63E-06  1.16E-05  1.07E-07
  28   24.0000  1.65E-02  1.55E-02  1.39E+00  5.68E-05  3.90E-03  4.20E-04  8.79E+02  6.37E-11  1.69E-06  1.18E-05  8.35E-08
  29   25.0000  1.47E-02  1.57E-02  1.18E+00  5.23E-05  3.00E-03  3.34E-04  7.50E+02  4.79E-11  2.01E-06  1.21E-05  6.55E-08
  30   30.0000  5.09E-02  6.56E-02  3.80E+00  1.98E-04  8.27E-03  9.13E-04  2.41E+03  1.08E-10  1.50E-05  5.41E-05  1.80E-07
  31   35.0000  2.57E-02  4.17E-02  1.76E+00  1.18E-04  3.06E-03  2.80E-04  1.12E+03  2.09E-11  2.21E-05  3.55E-05  6.73E-08
  32   40.0000  1.28E-02  2.12E-02  8.43E-01  6.87E-05  1.15E-03  6.92E-05  5.34E+02  2.36E-12  2.24E-05  1.45E-05  3.18E-08
  33   45.0000  6.63E-03  7.66E-03  4.16E-01  3.93E-05  4.32E-04  1.57E-05  2.64E+02  1.64E-13  1.44E-05  3.10E-06  2.10E-08
  34   50.0000  3.56E-03  2.39E-03  2.15E-01  2.25E-05  1.58E-04  3.48E-06  1.36E+02  1.11E-14  7.19E-06  5.06E-07  1.75E-08
  35   55.0000  1.91E-03  8.12E-04  1.16E-01  1.32E-05  6.22E-05  9.26E-07  7.34E+01  2.11E-15  3.59E-06  1.38E-07  1.41E-08
  36   60.0000  1.01E-03  3.04E-04  6.42E-02  8.27E-06  3.00E-05  3.36E-07  4.07E+01  8.29E-16  1.96E-06  6.11E-08  9.41E-09
  37   70.0000  7.28E-04  1.40E-04  5.40E-02  1.14E-05  2.45E-05  1.83E-07  3.42E+01  5.23E-16  1.74E-06  4.30E-08  7.87E-09
  38   80.0000  1.30E-04  1.34E-05  1.42E-02  1.12E-05  6.45E-06  2.88E-08  8.98E+00  1.01E-16  7.01E-07  9.44E-09  1.25E-09
  39  100.0000  1.39E-05  2.21E-06  2.71E-03  1.45E-05  1.32E-06  4.20E-09  1.82E+00  1.76E-17  1.26E-06  1.80E-09  6.55E-11



   J      Z       CFC11    CFC12    CFC13    CFC14    CFC22   CFC113   CFC114   CFC115   CLONO2     HNO4   CHCL2F     CCL4     N2O5
        (KM)    (                                                     ATM CM                                                     )
   1    1.0000 1.24E-05 2.12E-05 8.83E-14 8.83E-14 5.30E-06 1.68E-06 1.06E-06 8.83E-14 4.80E-07 1.10E-07 8.83E-14 1.15E-05 5.13E-11
   2    2.0000 1.12E-05 1.92E-05 7.98E-14 7.98E-14 4.78E-06 1.52E-06 9.58E-07 7.98E-14 3.84E-07 2.35E-07 7.98E-14 1.04E-05 1.03E-10
   3    3.0000 1.01E-05 1.73E-05 7.21E-14 7.21E-14 4.32E-06 1.37E-06 8.65E-07 7.21E-14 3.02E-07 3.35E-07 7.21E-14 9.38E-06 1.45E-10
   4    4.0000 9.13E-06 1.56E-05 6.52E-14 6.52E-14 3.90E-06 1.24E-06 7.82E-07 6.52E-14 2.33E-07 4.14E-07 6.52E-14 8.48E-06 1.77E-10
   5    5.0000 8.24E-06 1.41E-05 5.89E-14 5.89E-14 3.52E-06 1.12E-06 7.07E-07 5.89E-14 1.77E-07 7.32E-07 5.89E-14 7.65E-06 1.97E-10
   6    6.0000 7.42E-06 1.27E-05 5.30E-14 5.30E-14 3.17E-06 1.01E-06 6.36E-07 5.30E-14 1.32E-07 1.24E-06 5.30E-14 6.88E-06 2.04E-10
   7    7.0000 6.67E-06 1.14E-05 4.76E-14 4.76E-14 2.85E-06 9.05E-07 5.72E-07 4.76E-14 9.48E-08 1.63E-06 4.76E-14 6.16E-06 2.08E-10
   8    8.0000 5.98E-06 1.02E-05 4.27E-14 4.27E-14 2.55E-06 8.11E-07 5.12E-07 4.27E-14 6.33E-08 1.93E-06 4.27E-14 5.52E-06 2.09E-10
   9    9.0000 5.35E-06 9.17E-06 3.82E-14 3.82E-14 2.28E-06 7.26E-07 4.59E-07 3.82E-14 4.68E-08 1.91E-06 3.82E-14 4.93E-06 2.08E-10
  10    9.9500 4.54E-06 7.79E-06 3.25E-14 3.25E-14 1.94E-06 6.17E-07 3.90E-07 3.25E-14 3.88E-08 1.57E-06 3.25E-14 4.19E-06 1.96E-10
  11   10.0000 2.25E-07 3.87E-07 1.61E-15 1.61E-15 9.62E-08 3.06E-08 1.94E-08 1.61E-15 1.90E-09 7.64E-08 1.61E-15 2.08E-07 1.03E-11
  12   10.0500 2.24E-07 3.84E-07 1.61E-15 1.61E-15 9.57E-08 3.04E-08 1.93E-08 1.61E-15 1.88E-09 7.58E-08 1.61E-15 2.07E-07 1.02E-11
  13   10.9500 3.81E-06 6.54E-06 2.73E-14 2.73E-14 1.63E-06 5.18E-07 3.28E-07 2.73E-14 3.17E-08 1.27E-06 2.73E-14 3.53E-06 1.82E-10
  14   11.0000 2.00E-07 3.44E-07 1.44E-15 1.44E-15 8.55E-08 2.72E-08 1.72E-08 1.44E-15 1.64E-09 6.54E-08 1.44E-15 1.85E-07 9.98E-12
  15   11.0500 1.99E-07 3.42E-07 1.43E-15 1.43E-15 8.50E-08 2.70E-08 1.71E-08 1.43E-15 1.63E-09 6.49E-08 1.43E-15 1.84E-07 9.97E-12
  16   12.0000 3.55E-06 6.11E-06 2.55E-14 2.55E-14 1.52E-06 4.83E-07 3.06E-07 2.55E-14 2.87E-08 1.14E-06 2.55E-14 3.29E-06 1.86E-10
  17   13.0000 3.26E-06 5.65E-06 2.38E-14 2.38E-14 1.41E-06 4.46E-07 2.84E-07 2.38E-14 1.04E-07 1.19E-06 2.38E-14 3.03E-06 5.02E-09
  18   14.0000 2.75E-06 4.84E-06 2.07E-14 2.07E-14 1.21E-06 3.80E-07 2.45E-07 2.07E-14 2.32E-07 1.30E-06 2.07E-14 2.55E-06 1.33E-08
  19   15.0000 2.28E-06 4.06E-06 1.76E-14 1.76E-14 1.02E-06 3.18E-07 2.06E-07 1.76E-14 3.20E-07 1.33E-06 1.76E-14 2.10E-06 1.90E-08
  20   16.0000 1.88E-06 3.41E-06 1.50E-14 1.50E-14 8.64E-07 2.66E-07 1.74E-07 1.50E-14 3.76E-07 1.33E-06 1.50E-14 1.73E-06 2.27E-08
  21   17.0000 1.51E-06 2.83E-06 1.28E-14 1.28E-14 7.25E-07 2.19E-07 1.46E-07 1.28E-14 8.02E-07 1.51E-06 1.28E-14 1.38E-06 6.42E-08
  22   18.0000 1.17E-06 2.30E-06 1.10E-14 1.10E-14 6.01E-07 1.76E-07 1.21E-07 1.10E-14 1.48E-06 1.81E-06 1.10E-14 1.05E-06 1.32E-07
  23   19.0000 8.98E-07 1.86E-06 9.33E-15 9.33E-15 4.97E-07 1.41E-07 9.97E-08 9.33E-15 1.94E-06 1.98E-06 9.33E-15 7.93E-07 1.78E-07
  24   20.0000 6.80E-07 1.50E-06 7.94E-15 7.94E-15 4.11E-07 1.12E-07 8.23E-08 7.94E-15 2.23E-06 2.06E-06 7.94E-15 5.86E-07 2.08E-07
  25   21.0000 5.03E-07 1.20E-06 6.76E-15 6.76E-15 3.38E-07 8.79E-08 6.75E-08 6.76E-15 2.61E-06 2.14E-06 6.76E-15 4.24E-07 2.39E-07
  26   22.0000 3.62E-07 9.49E-07 5.76E-15 5.76E-15 2.76E-07 6.79E-08 5.50E-08 5.76E-15 3.03E-06 2.21E-06 5.76E-15 2.97E-07 2.70E-07
  27   23.0000 2.52E-07 7.46E-07 4.92E-15 4.92E-15 2.26E-07 5.19E-08 4.48E-08 4.92E-15 3.28E-06 2.22E-06 4.92E-15 1.99E-07 2.88E-07
  28   24.0000 1.67E-07 5.83E-07 4.20E-15 4.20E-15 1.85E-07 3.92E-08 3.64E-08 4.20E-15 3.39E-06 2.17E-06 4.20E-15 1.23E-07 2.94E-07
  29   25.0000 1.10E-07 4.50E-07 3.59E-15 3.59E-15 1.51E-07 2.93E-08 2.94E-08 3.59E-15 3.32E-06 2.03E-06 3.59E-15 7.68E-08 2.75E-07
  30   30.0000 1.55E-07 1.03E-06 1.15E-14 1.15E-14 4.14E-07 5.98E-08 7.92E-08 1.15E-14 1.20E-05 6.33E-06 1.15E-14 9.49E-08 7.71E-07
  31   35.0000 7.77E-09 2.10E-07 5.35E-15 5.35E-15 1.38E-07 9.10E-09 2.51E-08 5.35E-15 4.44E-06 1.68E-06 5.35E-15 2.91E-09 1.60E-07
  32   40.0000 1.31E-10 3.33E-08 2.55E-15 2.55E-15 4.46E-08 9.48E-10 7.70E-09 2.55E-15 5.59E-07 1.49E-07 2.55E-15 1.86E-11 8.26E-09
  33   45.0000 8.53E-13 5.04E-09 1.26E-15 1.26E-15 1.55E-08 9.19E-11 2.51E-09 1.26E-15 1.86E-08 5.32E-09 1.26E-15 1.39E-14 7.87E-11
  34   50.0000 2.31E-14 9.51E-10 6.50E-16 6.50E-16 6.27E-09 1.30E-11 9.40E-10 6.50E-16 3.45E-10 2.38E-10 6.50E-16 1.06E-16 7.19E-13
  35   55.0000 9.12E-16 2.21E-10 3.51E-16 3.51E-16 2.98E-09 2.37E-12 4.05E-10 3.51E-16 5.03E-12 1.12E-11 3.51E-16 1.26E-18 6.18E-15
  36   60.0000 4.64E-17 5.87E-11 1.95E-16 1.95E-16 1.54E-09 5.03E-13 1.87E-10 1.95E-16 6.31E-14 5.19E-13 1.95E-16 1.98E-20 4.54E-17
  37   70.0000 2.13E-18 1.83E-11 1.64E-16 1.64E-16 1.23E-09 1.17E-13 1.22E-10 1.64E-16 7.27E-16 3.40E-14 1.64E-16 1.99E-22 1.90E-19
  38   80.0000 5.98E-21 8.93E-13 4.30E-17 4.30E-17 2.98E-10 3.45E-15 2.10E-11 4.30E-17 6.67E-19 5.15E-16 4.30E-17 8.50E-26 7.65E-23
  39  100.0000 4.91E-24 2.08E-14 9.27E-18 9.27E-18 4.61E-11 4.24E-17 1.95E-12 9.27E-18 5.26E-23 1.04E-18 9.27E-18 5.59E-30 7.83E-27


 SUMMARY OF THE GEOMETRY CALCULATION

          H1ALT   =    0.00000 KM
          H2ALT   =  100.00000 KM
          OBSZEN  =    0.00000 DEG
          HRANGE  =  100.00000 KM
          BETA    =    0.00000 DEG
          PHI     =  180.00000 DEG
          HMIN    =    0.00000 KM
          BENDING =    0.00000 DEG
          LENN    =          0


   TOTAL COLUMN ABSORBER AMOUNTS FOR A VERTICAL PATH FROM GROUND TO SPACE:

                 HNO3      O3 UV      CNTMSLF1    CNTMSLF2    CNTMFRN     N2 CONT     MOL SCAT   TOTAL AER
               (ATM CM)   (ATM CM)   (MOL CM-2)  (MOL CM-2)  (MOL CM-2)              ( 550 NM EXTINCTION )
            3.8356E-04  3.3194E-01  9.9467E+20  1.9042E+20  8.1488E+22  3.7090E+00  0.09730544  0.32472831


                AER 1       AER 2       AER 3       AER 4      CIRRUS     WAT DROP    ICE PART   MEAN AER RH
                (                 550 NM EXTINCTION                 )    (KM GM/M3)  (KM GM/M3)   (PERCENT)
             0.23648283  0.08047973  0.00772904  0.00003671   0.140000    0.000000    0.000000     66.8743


                H2O         O3          CO2         CO          CH4         N2O

             (                                   ATM CM                                   )
            3.6361E+03  3.3194E-01  2.6498E+02  8.7744E-02  1.2684E+00  2.3743E-01


                O2          NH3         NO          NO2         SO2
               (                      ATM CM                      )
            1.6782E+05  1.7121E-04  3.2323E-04  2.1841E-04  1.0838E-04


               CFC11       CFC12       CFC13       CFC14       CFC22      CFC113      CFC114
             (                                    ATM CM                                    )
            1.0517E-04  1.8457E-04  8.0298E-13  8.0298E-13  4.6661E-05  1.4508E-05  9.3553E-06


              CFC115      CLONO2        HNO4      CHCL2F        CCL4        N2O5
             (                                    ATM CM                                    )
            8.0298E-13  4.2176E-05  4.4229E-05  8.0298E-13  9.7073E-05  2.9493E-06


1 SINGLE SCATTER SOLAR PATH GEOMETRY TABLE FOR THE VERTICAL GROUND-TO-SPACE PATH (THIS PATH IS USED FOR MULTIPLE SCATTERING)
  --------------------------------------------------------------------------------------------------------------------------

 SCT    SCATTER  SUBTENDED      SOLAR       PATH   RELATIVE    SCATTER
 PNT   ALTITUDE      ANGLE     ZENITH     ZENITH    AZIMUTH      ANGLE
           [KM]      [DEG]      [DEG]      [DEG]      [DEG]      [DEG]
   1    0.00000    0.00000   19.99636    0.00000    0.00000   19.99636    
   2    1.00000    0.00000   19.99689    0.00000    0.00000   19.99689    
   3    2.00000    0.00000   19.99738    0.00000    0.00000   19.99738    
   4    3.00000    0.00000   19.99781    0.00000    0.00000   19.99781    
   5    4.00000    0.00000   19.99821    0.00000    0.00000   19.99820    
   6    5.00000    0.00000   19.99857    0.00000    0.00000   19.99857    
   7    6.00000    0.00000   19.99891    0.00000    0.00000   19.99891    
   8    7.00000    0.00000   19.99922    0.00000    0.00000   19.99922    
   9    8.00000    0.00000   19.99950    0.00000    0.00000   19.99950    
  10    9.00000    0.00000   19.99976    0.00000    0.00000   19.99976    
  11    9.95000    0.00000   19.99999    0.00000    0.00000   19.99999    
  12   10.00000    0.00000   20.00000    0.00000    0.00000   20.00000    
  13   10.05000    0.00000   20.00001    0.00000    0.00000   20.00001    
  14   10.95000    0.00000   20.00020    0.00000    0.00000   20.00020    
  15   11.00000    0.00000   20.00022    0.00000    0.00000   20.00021    
  16   11.05000    0.00000   20.00023    0.00000    0.00000   20.00022    
  17   12.00000    0.00000   20.00041    0.00000    0.00000   20.00041    
  18   13.00000    0.00000   20.00059    0.00000    0.00000   20.00059    
  19   14.00000    0.00000   20.00079    0.00000    0.00000   20.00079    
  20   15.00000    0.00000   20.00194    0.00000    0.00000   20.00194    
  21   16.00000    0.00000   20.00194    0.00000    0.00000   20.00194    
  22   17.00000    0.00000   20.00194    0.00000    0.00000   20.00194    
  23   18.00000    0.00000   20.00194    0.00000    0.00000   20.00194    
  24   19.00000    0.00000   20.00194    0.00000    0.00000   20.00194    
  25   20.00000    0.00000   20.00194    0.00000    0.00000   20.00194    
  26   21.00000    0.00000   20.00194    0.00000    0.00000   20.00194    
  27   22.00000    0.00000   20.00194    0.00000    0.00000   20.00194    
  28   23.00000    0.00000   20.00194    0.00000    0.00000   20.00194    
  29   24.00000    0.00000   20.00194    0.00000    0.00000   20.00194    
  30   25.00000    0.00000   20.00194    0.00000    0.00000   20.00194    
  31   30.00000    0.00000   20.00194    0.00000    0.00000   20.00194    
  32   35.00000    0.00000   20.00194    0.00000    0.00000   20.00194    
  33   40.00000    0.00000   20.00194    0.00000    0.00000   20.00194    
  34   45.00000    0.00000   20.00194    0.00000    0.00000   20.00194    
  35   50.00000    0.00000   20.00194    0.00000    0.00000   20.00194    
  36   55.00000    0.00000   20.00194    0.00000    0.00000   20.00194    
  37   60.00000    0.00000   20.00194    0.00000    0.00000   20.00194    
  38   70.00000    0.00000   20.00194    0.00000    0.00000   20.00194    
  39   80.00000    0.00000   20.00194    0.00000    0.00000   20.00194    
  40  100.00000    0.00000   20.00194    0.00000    0.00000   20.00194    


 CASE 2A:  GIVEN H1ALT, H2ALT AND OBSZEN


 EITHER A SHORT PATH (LENN=0) OR A LONG PATH THROUGH A TANGENT HEIGHT (LENN=1) IS POSSIBLE: LENN =   0


 SLANT PATH PARAMETERS IN STANDARD FORM

          H1ALT   =   10.00000 KM
          H2ALT   =    0.00000 KM
          OBSZEN  =  180.00000 DEG
          BCKZEN  =    0.00000 DEG
          HMIN    =    0.00000 KM
          LENN    =          0

 CALCULATION OF THE REFRACTED PATH THROUGH THE ATMOSPHERE


  I     START       END     START     DELTA     TOTAL     DELTA     EARTH    END TO     DELTA      PATH      LAYER   LAYER     LAYER
     ALTITUDE  ALTITUDE    TO END     RANGE     RANGE     EARTH    CENTER     START   BENDING   BENDING    AVERAGE     AVG   AVERAGE
                           ZENITH                         ANGLE     ANGLE    ZENITH                       PRESSURE    TEMP   DENSITY
         (KM)      (KM)     (DEG)     (KM)       (KM)     (DEG)     (DEG)     (DEG)     (DEG)    (DEG)        (MB)     (K)  (GM/CM3)
          H2ALT TO H1ALT

  1   0.00000   1.00000   0.00000   1.00000   1.00000   0.00000   0.00000 180.00000   0.00000   0.00000  957.35461  291.98 1.141E-03
  2   1.00000   2.00000   0.00000   1.00000   2.00000   0.00000   0.00000 180.00000   0.00000   0.00000  851.86801  287.48 1.031E-03
  3   2.00000   3.00000   0.00000   1.00000   3.00000   0.00000   0.00000 180.00000   0.00000   0.00000  755.83580  282.24 9.320E-04
  4   3.00000   4.00000   0.00000   1.00000   4.00000   0.00000   0.00000 180.00000   0.00000   0.00000  668.84982  276.24 8.426E-04
  5   4.00000   5.00000   0.00000   1.00000   5.00000   0.00000   0.00000 180.00000   0.00000   0.00000  590.86186  270.24 7.609E-04
  6   5.00000   6.00000   0.00000   1.00000   6.00000   0.00000   0.00000 180.00000   0.00000   0.00000  520.37101  264.24 6.853E-04
  7   6.00000   7.00000   0.00000   1.00000   7.00000   0.00000   0.00000 180.00000   0.00000   0.00000  456.37111  258.00 6.155E-04
  8   7.00000   8.00000   0.00000   1.00000   8.00000   0.00000   0.00000 180.00000   0.00000   0.00000  398.88314  251.50 5.518E-04
  9   8.00000   9.00000   0.00000   1.00000   9.00000   0.00000   0.00000 180.00000   0.00000   0.00000  347.89258  245.00 4.940E-04
 10   9.00000   9.95000   0.00000   0.95000   9.95000   0.00000   0.00000 180.00000   0.00000   0.00000  303.42702  238.70 4.423E-04
 11   9.95000  10.00000   0.00000   0.05000  10.00000   0.00000   0.00000 180.00000   0.00000   0.00000  282.01367  235.46 4.172E-04




1  LAYER ABSORBER AMOUNTS FOR THE PATH SEGMENT ENDING AT Z

  J      Z        TBAR       HNO3         O3 UV     CNTMSLF1     CNTMSLF2      CNTMFRN        O2         WAT DROP     ICE PART
       (KM)        (K)     (ATM CM)     (ATM CM)   (MOL CM-2)   (MOL CM-2)   (MOL CM-2)   (MOL CM-2)   (KM GM/M3)   (KM GM/M3)

  1    9.9500   235.46    2.799E-07    2.094E-04    9.558E+14    1.607E+15    3.808E+18    4.278E+02    0.0000000    0.0000000
  2    9.0000   238.70    5.284E-06    3.891E-03    3.607E+16    5.741E+16    1.071E+20    8.729E+03    0.0000000    0.0000000
  3    8.0000   245.00    5.572E-06    3.851E-03    1.195E+17    1.693E+17    2.237E+20    1.053E+04    0.0000000    0.0000000
  4    7.0000   251.50    5.649E-06    3.594E-03    3.687E+17    4.558E+17    4.386E+20    1.209E+04    0.0000000    0.0000000
  5    6.0000   258.00    5.630E-06    3.361E-03    1.059E+18    1.118E+18    8.306E+20    1.390E+04    0.0000000    0.0000000
  6    5.0000   264.24    5.514E-06    3.151E-03    2.861E+18    2.524E+18    1.519E+21    1.597E+04    0.0000000    0.0000000
  7    4.0000   270.24    5.473E-06    3.034E-03    9.156E+18    6.551E+18    2.996E+21    1.833E+04    0.0000000    0.0000000
  8    3.0000   276.24    5.460E-06    2.941E-03    2.968E+19    1.629E+19    5.983E+21    2.101E+04    0.0000000    0.0000000
  9    2.0000   282.24    5.338E-06    2.847E-03    9.268E+19    3.542E+19    1.165E+22    2.411E+04    0.0000000    0.0000000
 10    1.0000   287.48    5.128E-06    2.801E-03    2.558E+20    6.051E+19    2.142E+22    2.774E+04    0.0000000    0.0000000
 11    0.0000   291.98    4.822E-06    2.801E-03    6.030E+20    6.730E+19    3.626E+22    3.200E+04    0.0000000    0.0000000



1 J      Z        N2 CONT     MOL SCAT        AER 1        AER 2        AER 3        AER 4        CIRRUS     WAT DROP     ICE PART
        (KM)                (550nm EXT)                                                                     (550 NM OPTICAL DEPTH)

  1    9.9500    0.0047805    0.0001956    0.0000000    0.0000577    0.0000000    0.0000000    0.0017500    0.0000000    0.0000000
  2    9.0000    0.1021598    0.0039401    0.0000000    0.0013959    0.0000000    0.0000000    0.0000000    0.0000000    0.0000000
  3    8.0000    0.1341865    0.0046328    0.0000000    0.0025159    0.0000000    0.0000000    0.0000000    0.0000000    0.0000000
  4    7.0000    0.1674142    0.0051748    0.0000000    0.0046545    0.0000000    0.0000000    0.0000000    0.0000000    0.0000000
  5    6.0000    0.2082523    0.0057717    0.0000000    0.0069437    0.0000000    0.0000000    0.0000000    0.0000000    0.0000000
  6    5.0000    0.2581324    0.0064259    0.0000000    0.0084849    0.0000000    0.0000000    0.0000000    0.0000000    0.0000000
  7    4.0000    0.3182158    0.0071349    0.0000000    0.0133832    0.0000000    0.0000000    0.0000000    0.0000000    0.0000000
  8    3.0000    0.3902644    0.0079016    0.0000000    0.0257154    0.0000000    0.0000000    0.0000000    0.0000000    0.0000000
  9    2.0000    0.4774188    0.0087395    0.0310500    0.0173000    0.0000000    0.0000000    0.0000000    0.0000000    0.0000000
 10    1.0000    0.5845655    0.0096705    0.0791641    0.0000000    0.0000000    0.0000000    0.0000000    0.0000000    0.0000000
 11    0.0000    0.7157417    0.0107007    0.1262687    0.0000000    0.0000000    0.0000000    0.0000000    0.0000000    0.0000000



1    J    Z       H2O       O3        CO2       CO        CH4       N2O       O2        NH3       NO        NO2       SO2
        (KM)    (                                                      ATM CM                                             )

   1    9.9500  4.05E-01  2.09E-04  5.33E-01  1.61E-04  2.55E-03  5.00E-04  3.37E+02  3.33E-08  4.84E-07  3.84E-08  9.83E-08
   2    9.0000  1.07E+01  3.89E-03  1.07E+01  3.41E-03  5.20E-02  1.02E-02  6.80E+03  9.32E-07  9.75E-06  7.63E-07  2.06E-06
   3    8.0000  2.00E+01  3.85E-03  1.26E+01  4.36E-03  6.20E-02  1.22E-02  7.99E+03  1.92E-06  1.15E-05  8.83E-07  2.63E-06
   4    7.0000  3.51E+01  3.59E-03  1.41E+01  5.19E-03  7.00E-02  1.37E-02  8.93E+03  3.46E-06  1.28E-05  9.82E-07  3.31E-06
   5    6.0000  5.97E+01  3.36E-03  1.57E+01  6.04E-03  7.91E-02  1.52E-02  9.95E+03  5.78E-06  1.43E-05  1.10E-06  4.29E-06
   6    5.0000  9.81E+01  3.15E-03  1.75E+01  6.87E-03  8.91E-02  1.70E-02  1.11E+04  9.22E-06  1.59E-05  1.22E-06  5.69E-06
   7    4.0000  1.74E+02  3.03E-03  1.94E+01  7.70E-03  9.96E-02  1.88E-02  1.23E+04  1.44E-05  1.77E-05  1.35E-06  7.76E-06
   8    3.0000  3.15E+02  2.94E-03  2.15E+01  8.68E-03  1.11E-01  2.09E-02  1.36E+04  2.17E-05  1.96E-05  1.50E-06  1.09E-05
   9    2.0000  5.56E+02  2.85E-03  2.38E+01  9.91E-03  1.23E-01  2.31E-02  1.51E+04  3.03E-05  2.16E-05  1.66E-06  1.53E-05
  10    1.0000  9.29E+02  2.80E-03  2.63E+01  1.14E-02  1.36E-01  2.55E-02  1.67E+04  3.84E-05  2.39E-05  1.84E-06  2.03E-05
  11    0.0000  1.43E+03  2.80E-03  2.91E+01  1.30E-02  1.50E-01  2.83E-02  1.85E+04  4.42E-05  2.65E-05  2.03E-06  2.53E-05



   J      Z       CFC11    CFC12    CFC13    CFC14    CFC22   CFC113   CFC114   CFC115   CLONO2     HNO4   CHCL2F     CCL4     N2O5
        (KM)    (                                                     ATM CM                                                     )
   1    9.9500 2.25E-07 3.87E-07 1.61E-15 1.61E-15 9.62E-08 3.06E-08 1.94E-08 1.61E-15 1.90E-09 7.64E-08 1.61E-15 2.08E-07 1.03E-11
   2    9.0000 4.54E-06 7.79E-06 3.25E-14 3.25E-14 1.94E-06 6.17E-07 3.90E-07 3.25E-14 3.88E-08 1.57E-06 3.25E-14 4.19E-06 1.96E-10
   3    8.0000 5.35E-06 9.17E-06 3.82E-14 3.82E-14 2.28E-06 7.26E-07 4.59E-07 3.82E-14 4.68E-08 1.91E-06 3.82E-14 4.93E-06 2.08E-10
   4    7.0000 5.98E-06 1.02E-05 4.27E-14 4.27E-14 2.55E-06 8.11E-07 5.12E-07 4.27E-14 6.33E-08 1.93E-06 4.27E-14 5.52E-06 2.09E-10
   5    6.0000 6.67E-06 1.14E-05 4.76E-14 4.76E-14 2.85E-06 9.05E-07 5.72E-07 4.76E-14 9.48E-08 1.63E-06 4.76E-14 6.16E-06 2.08E-10
   6    5.0000 7.42E-06 1.27E-05 5.30E-14 5.30E-14 3.17E-06 1.01E-06 6.36E-07 5.30E-14 1.32E-07 1.24E-06 5.30E-14 6.88E-06 2.04E-10
   7    4.0000 8.24E-06 1.41E-05 5.89E-14 5.89E-14 3.52E-06 1.12E-06 7.07E-07 5.89E-14 1.77E-07 7.32E-07 5.89E-14 7.65E-06 1.97E-10
   8    3.0000 9.13E-06 1.56E-05 6.52E-14 6.52E-14 3.90E-06 1.24E-06 7.82E-07 6.52E-14 2.33E-07 4.14E-07 6.52E-14 8.48E-06 1.77E-10
   9    2.0000 1.01E-05 1.73E-05 7.21E-14 7.21E-14 4.32E-06 1.37E-06 8.65E-07 7.21E-14 3.02E-07 3.35E-07 7.21E-14 9.38E-06 1.45E-10
  10    1.0000 1.12E-05 1.92E-05 7.98E-14 7.98E-14 4.78E-06 1.52E-06 9.58E-07 7.98E-14 3.84E-07 2.35E-07 7.98E-14 1.04E-05 1.03E-10
  11    0.0000 1.24E-05 2.12E-05 8.83E-14 8.83E-14 5.30E-06 1.68E-06 1.06E-06 8.83E-14 4.80E-07 1.10E-07 8.83E-14 1.15E-05 5.13E-11


 SUMMARY OF THE GEOMETRY CALCULATION

          H1ALT   =   10.00000 KM
          H2ALT   =    0.00000 KM
          OBSZEN  =  180.00000 DEG
          HRANGE  =   10.00000 KM
          BETA    =    0.00000 DEG
          PHI     =    0.00000 DEG
          HMIN    =    0.00000 KM
          BENDING =    0.00000 DEG
          LENN    =          0


   TOTAL COLUMN ABSORBER AMOUNTS FOR THE LINE-OF-SIGHT PATH:

                 HNO3      O3 UV      CNTMSLF1    CNTMSLF2    CNTMFRN     N2 CONT     MOL SCAT   TOTAL AER
               (ATM CM)   (ATM CM)   (MOL CM-2)  (MOL CM-2)  (MOL CM-2)              ( 550 NM EXTINCTION )
            5.4150E-05  3.2480E-02  9.9466E+20  1.9040E+20  8.1426E+22  3.3611E+00  0.07028808  0.31693405


                AER 1       AER 2       AER 3       AER 4      CIRRUS     WAT DROP    ICE PART   MEAN AER RH
                (                 550 NM EXTINCTION                 )    (KM GM/M3)  (KM GM/M3)   (PERCENT)
             0.23648283  0.08045123  0.00000000  0.00000000   0.001750    0.000000    0.000000     66.8743


                H2O         O3          CO2         CO          CH4         N2O

             (                                   ATM CM                                   )
            3.6286E+03  3.2480E-02  1.9141E+02  7.6712E-02  9.7345E-01  1.8528E-01


                O2          NH3         NO          NO2         SO2
               (                      ATM CM                      )
            1.2123E+05  1.7035E-04  1.7401E-04  1.3361E-05  9.7765E-05


               CFC11       CFC12       CFC13       CFC14       CFC22      CFC113      CFC114
             (                                    ATM CM                                    )
            8.1188E-05  1.3919E-04  5.8003E-13  5.8003E-13  3.4699E-05  1.1019E-05  6.9603E-06


              CFC115      CLONO2        HNO4      CHCL2F        CCL4        N2O5
             (                                    ATM CM                                    )
            5.8003E-13  1.9544E-06  1.0184E-05  5.8003E-13  7.5242E-05  1.7096E-09


1 SINGLE SCATTER SOLAR PATH GEOMETRY TABLE FOR THE LINE-OF-SIGHT PATH
  -------------------------------------------------------------------

 SCT    SCATTER  SUBTENDED      SOLAR       PATH   RELATIVE    SCATTER
 PNT   ALTITUDE      ANGLE     ZENITH     ZENITH    AZIMUTH      ANGLE
           [KM]      [DEG]      [DEG]      [DEG]      [DEG]      [DEG]
   1   10.00000    0.00000   20.00000  180.00000    0.00000  160.00000    
   2    9.95000    0.00000   19.99999  180.00000    0.00000  160.00002    
   3    9.00000    0.00000   19.99976  180.00000    0.00000  160.00024    
   4    8.00000    0.00000   19.99950  180.00000    0.00000  160.00050    
   5    7.00000    0.00000   19.99922  180.00000    0.00000  160.00078    
   6    6.00000    0.00000   19.99891  180.00000    0.00000  160.00108    
   7    5.00000    0.00000   19.99857  180.00000    0.00000  160.00143    
   8    4.00000    0.00000   19.99821  180.00000    0.00000  160.00180    
   9    3.00000    0.00000   19.99781  180.00000    0.00000  160.00218    
  10    2.00000    0.00000   19.99738  180.00000    0.00000  160.00264    
  11    1.00000    0.00000   19.99689  180.00000    0.00000  160.00311    
  12    0.00000    0.00000   19.99636  180.00000    0.00000  160.00365    

550 nm SINGLE SCATTERING ALBEDO OF THE FOUR AEROSOL MODELS
[NOMINALLY: (1) Boundary Layer, (2) Tropospheric, (3) Stratospheric, and (4) Volcanic]
     AER 1:      0.945743
     AER 2:      0.963462
     AER 3:      1.000000
     AER 4:      0.994932

 SUN ELLIPTIC ORBIT SOLAR IRRADIANCE FACTOR FOR DAY   1:   1.03400

                                             RADIANCE(WATTS/CM2-STER-XXX)

  FREQ  WAVELENGTH     PATH_THERMAL    SURFACE      PATH_SCATTERED_SOLAR   GROUND_REFLECTED_RADIANCE   TOTAL_RADIANCE   INTEGRAL    TOTAL
                                       EMISSION     TOTAL RAD      SINGLE        TOTAL        DIRECT                                TRANS
 (CM-1) (MICRON)       (CM-1)  (MICRN)   (CM-1)   (CM-1)  (MICRN)   (CM-1)   (CM-1)  (MICRN)   (CM-1)   (CM-1)  (MICRN)

 9091.00 1.099989    5.58E-21 4.61E-17 1.83E-20 5.41E-08 4.47E-04 1.08E-08 4.92E-07 4.06E-03 3.88E-07 5.46E-07 4.51E-03  2.73E-06 0.69347
 9101.00 1.098780    4.83E-21 4.00E-17 1.84E-20 5.81E-08 4.81E-04 1.10E-08 5.22E-07 4.33E-03 4.08E-07 5.80E-07 4.81E-03  8.53E-06 0.73000
 9111.00 1.097574    3.92E-21 3.25E-17 1.86E-20 6.74E-08 5.60E-04 1.16E-08 5.90E-07 4.90E-03 4.57E-07 6.57E-07 5.46E-03  1.51E-05 0.77404
 9121.00 1.096371    3.69E-21 3.07E-17 1.78E-20 6.75E-08 5.61E-04 1.16E-08 5.90E-07 4.91E-03 4.56E-07 6.57E-07 5.47E-03  2.17E-05 0.77380
 9131.00 1.095170    3.67E-21 3.06E-17 1.68E-20 6.53E-08 5.44E-04 1.14E-08 5.72E-07 4.77E-03 4.43E-07 6.37E-07 5.31E-03  2.80E-05 0.76480
 9141.00 1.093972    2.93E-21 2.45E-17 1.70E-20 7.06E-08 5.90E-04 1.15E-08 6.08E-07 5.08E-03 4.68E-07 6.78E-07 5.67E-03  3.48E-05 0.81063
 9151.00 1.092777    3.30E-21 2.76E-17 1.54E-20 6.97E-08 5.83E-04 1.17E-08 5.96E-07 4.99E-03 4.61E-07 6.65E-07 5.57E-03  4.15E-05 0.76694
 9161.00 1.091584    2.12E-21 1.78E-17 1.63E-20 8.61E-08 7.22E-04 1.30E-08 7.21E-07 6.05E-03 5.51E-07 8.07E-07 6.78E-03  4.96E-05 0.85177
 9171.00 1.090394    2.62E-21 2.20E-17 1.46E-20 7.62E-08 6.41E-04 1.24E-08 6.51E-07 5.47E-03 5.01E-07 7.27E-07 6.12E-03  5.68E-05 0.79914
 9181.00 1.089206    2.29E-21 1.93E-17 1.44E-20 7.86E-08 6.63E-04 1.25E-08 6.68E-07 5.63E-03 5.13E-07 7.47E-07 6.29E-03  6.43E-05 0.82242
 9191.00 1.088021    1.88E-21 1.59E-17 1.42E-20 8.47E-08 7.15E-04 1.28E-08 7.07E-07 5.97E-03 5.40E-07 7.92E-07 6.69E-03  7.22E-05 0.84899
 9201.00 1.086838    2.16E-21 1.83E-17 1.30E-20 7.70E-08 6.52E-04 1.23E-08 6.50E-07 5.50E-03 4.99E-07 7.27E-07 6.15E-03  7.95E-05 0.81379
 9211.00 1.085658    2.02E-21 1.71E-17 1.25E-20 8.11E-08 6.88E-04 1.28E-08 6.81E-07 5.78E-03 5.23E-07 7.62E-07 6.47E-03  8.71E-05 0.81790
 9221.00 1.084481    1.76E-21 1.50E-17 1.22E-20 8.36E-08 7.11E-04 1.30E-08 7.00E-07 5.95E-03 5.35E-07 7.83E-07 6.66E-03  9.49E-05 0.83700
 9231.00 1.083306    1.69E-21 1.44E-17 1.16E-20 8.22E-08 7.00E-04 1.27E-08 6.83E-07 5.82E-03 5.22E-07 7.65E-07 6.52E-03  1.03E-04 0.83446
 9241.00 1.082134    1.42E-21 1.22E-17 1.14E-20 8.66E-08 7.40E-04 1.30E-08 7.13E-07 6.09E-03 5.43E-07 8.00E-07 6.83E-03  1.11E-04 0.85616
 9251.00 1.080964    1.53E-21 1.31E-17 1.06E-20 8.41E-08 7.19E-04 1.30E-08 6.97E-07 5.96E-03 5.33E-07 7.81E-07 6.68E-03  1.18E-04 0.83719
 9261.00 1.079797    1.37E-21 1.17E-17 1.03E-20 8.81E-08 7.55E-04 1.33E-08 7.24E-07 6.21E-03 5.51E-07 8.12E-07 6.96E-03  1.27E-04 0.84748
 9271.00 1.078632    1.18E-21 1.02E-17 1.00E-20 9.01E-08 7.75E-04 1.33E-08 7.34E-07 6.31E-03 5.58E-07 8.24E-07 7.08E-03  1.35E-04 0.86332
 9281.00 1.077470    1.34E-21 1.15E-17 9.26E-21 8.62E-08 7.43E-04 1.33E-08 7.08E-07 6.10E-03 5.40E-07 7.94E-07 6.84E-03  1.43E-04 0.83557
 9291.00 1.076310    1.05E-21 9.05E-18 9.18E-21 9.32E-08 8.05E-04 1.37E-08 7.55E-07 6.52E-03 5.73E-07 8.48E-07 7.32E-03  1.51E-04 0.86664
 9301.00 1.075153    1.10E-21 9.52E-18 8.63E-21 8.81E-08 7.62E-04 1.32E-08 7.17E-07 6.20E-03 5.45E-07 8.05E-07 6.97E-03  1.59E-04 0.85280
 9311.00 1.073998    9.96E-22 8.64E-18 8.32E-21 9.18E-08 7.96E-04 1.36E-08 7.43E-07 6.44E-03 5.64E-07 8.35E-07 7.24E-03  1.68E-04 0.86046
 9321.00 1.072846    9.62E-22 8.36E-18 7.93E-21 8.95E-08 7.78E-04 1.34E-08 7.26E-07 6.31E-03 5.51E-07 8.16E-07 7.09E-03  1.76E-04 0.85832
 9331.00 1.071697    9.06E-22 7.89E-18 7.59E-21 9.17E-08 7.99E-04 1.37E-08 7.43E-07 6.47E-03 5.63E-07 8.35E-07 7.27E-03  1.84E-04 0.86023
 9341.00 1.070549    8.60E-22 7.50E-18 7.25E-21 9.15E-08 7.98E-04 1.36E-08 7.40E-07 6.46E-03 5.61E-07 8.31E-07 7.25E-03  1.92E-04 0.86027
 9351.00 1.069404    8.50E-22 7.43E-18 6.88E-21 8.65E-08 7.57E-04 1.31E-08 7.02E-07 6.14E-03 5.33E-07 7.88E-07 6.89E-03  2.00E-04 0.85495
 9361.00 1.068262    7.78E-22 6.82E-18 6.61E-21 9.03E-08 7.91E-04 1.35E-08 7.30E-07 6.40E-03 5.53E-07 8.21E-07 7.19E-03  2.08E-04 0.85918
 9371.00 1.067122    7.51E-22 6.60E-18 6.30E-21 9.12E-08 8.01E-04 1.37E-08 7.37E-07 6.47E-03 5.59E-07 8.28E-07 7.27E-03  2.17E-04 0.85751
 9381.00 1.065984    7.05E-22 6.20E-18 6.03E-21 9.15E-08 8.05E-04 1.37E-08 7.37E-07 6.49E-03 5.58E-07 8.29E-07 7.30E-03  2.25E-04 0.85952
 9391.00 1.064849    6.82E-22 6.02E-18 5.75E-21 9.28E-08 8.18E-04 1.39E-08 7.47E-07 6.59E-03 5.66E-07 8.40E-07 7.41E-03  2.33E-04 0.85781
 9401.00 1.063717    6.41E-22 5.67E-18 5.51E-21 9.33E-08 8.24E-04 1.39E-08 7.47E-07 6.60E-03 5.65E-07 8.40E-07 7.42E-03  2.42E-04 0.86044
 9411.00 1.062586    6.18E-22 5.47E-18 5.26E-21 9.32E-08 8.25E-04 1.39E-08 7.44E-07 6.59E-03 5.63E-07 8.37E-07 7.42E-03  2.50E-04 0.85980
 9421.00 1.061458    5.82E-22 5.17E-18 5.04E-21 9.40E-08 8.34E-04 1.39E-08 7.47E-07 6.63E-03 5.65E-07 8.41E-07 7.46E-03  2.59E-04 0.86197
 9431.00 1.060333    5.55E-22 4.93E-18 4.82E-21 9.40E-08 8.36E-04 1.39E-08 7.44E-07 6.62E-03 5.62E-07 8.38E-07 7.46E-03  2.67E-04 0.86262
 9441.00 1.059210    5.29E-22 4.72E-18 4.61E-21 9.42E-08 8.40E-04 1.39E-08 7.43E-07 6.63E-03 5.62E-07 8.38E-07 7.47E-03  2.75E-04 0.86308
 9451.00 1.058089    5.04E-22 4.50E-18 4.40E-21 9.52E-08 8.51E-04 1.40E-08 7.49E-07 6.69E-03 5.65E-07 8.44E-07 7.54E-03  2.84E-04 0.86403
 9461.00 1.056971    4.79E-22 4.29E-18 4.21E-21 9.76E-08 8.73E-04 1.43E-08 7.63E-07 6.83E-03 5.76E-07 8.61E-07 7.71E-03  2.92E-04 0.86533
 9471.00 1.055855    4.56E-22 4.09E-18 4.03E-21 9.83E-08 8.82E-04 1.44E-08 7.66E-07 6.87E-03 5.78E-07 8.64E-07 7.75E-03  3.01E-04 0.86624
 9481.00 1.054741    4.33E-22 3.89E-18 3.85E-21 9.89E-08 8.89E-04 1.44E-08 7.67E-07 6.90E-03 5.78E-07 8.66E-07 7.78E-03  3.10E-04 0.86718
 9491.00 1.053630    4.12E-22 3.71E-18 3.68E-21 9.86E-08 8.88E-04 1.43E-08 7.63E-07 6.87E-03 5.75E-07 8.61E-07 7.76E-03  3.18E-04 0.86790
 9501.00 1.052521    3.94E-22 3.55E-18 3.52E-21 9.96E-08 8.99E-04 1.45E-08 7.68E-07 6.93E-03 5.78E-07 8.67E-07 7.83E-03  3.27E-04 0.86813
 9511.00 1.051414    3.76E-22 3.40E-18 3.36E-21 1.00E-07 9.05E-04 1.45E-08 7.69E-07 6.96E-03 5.79E-07 8.69E-07 7.86E-03  3.36E-04 0.86848
 9521.00 1.050310    3.58E-22 3.25E-18 3.22E-21 1.00E-07 9.10E-04 1.46E-08 7.70E-07 6.98E-03 5.80E-07 8.70E-07 7.89E-03  3.44E-04 0.86886
 9531.00 1.049208    3.42E-22 3.11E-18 3.07E-21 1.01E-07 9.17E-04 1.46E-08 7.72E-07 7.01E-03 5.81E-07 8.73E-07 7.93E-03  3.53E-04 0.86897
 9541.00 1.048108    3.27E-22 2.98E-18 2.94E-21 1.01E-07 9.24E-04 1.47E-08 7.73E-07 7.04E-03 5.82E-07 8.74E-07 7.96E-03  3.62E-04 0.86936
 9551.00 1.047011    3.13E-22 2.85E-18 2.81E-21 1.01E-07 9.19E-04 1.46E-08 7.66E-07 6.99E-03 5.76E-07 8.67E-07 7.91E-03  3.71E-04 0.86938
 9561.00 1.045916    2.99E-22 2.73E-18 2.68E-21 1.00E-07 9.14E-04 1.45E-08 7.58E-07 6.93E-03 5.70E-07 8.58E-07 7.84E-03  3.79E-04 0.86942
 9571.00 1.044823    2.86E-22 2.62E-18 2.56E-21 1.02E-07 9.35E-04 1.48E-08 7.72E-07 7.07E-03 5.81E-07 8.74E-07 8.01E-03  3.88E-04 0.86930
 9581.00 1.043732    2.73E-22 2.51E-18 2.45E-21 1.03E-07 9.41E-04 1.48E-08 7.74E-07 7.10E-03 5.82E-07 8.76E-07 8.04E-03  3.97E-04 0.86941

                                             RADIANCE(WATTS/CM2-STER-XXX)

  FREQ  WAVELENGTH     PATH_THERMAL    SURFACE      PATH_SCATTERED_SOLAR   GROUND_REFLECTED_RADIANCE   TOTAL_RADIANCE   INTEGRAL    TOTAL
                                       EMISSION     TOTAL RAD      SINGLE        TOTAL        DIRECT                                TRANS
 (CM-1) (MICRON)       (CM-1)  (MICRN)   (CM-1)   (CM-1)  (MICRN)   (CM-1)   (CM-1)  (MICRN)   (CM-1)   (CM-1)  (MICRN)

 9591.00 1.042644    2.61E-22 2.40E-18 2.34E-21 1.02E-07 9.38E-04 1.47E-08 7.68E-07 7.07E-03 5.77E-07 8.70E-07 8.01E-03  4.05E-04 0.86914
 9601.00 1.041558    2.50E-22 2.31E-18 2.23E-21 1.03E-07 9.50E-04 1.49E-08 7.75E-07 7.14E-03 5.82E-07 8.78E-07 8.09E-03  4.14E-04 0.86876
 9611.00 1.040474    2.39E-22 2.21E-18 2.13E-21 1.03E-07 9.49E-04 1.49E-08 7.71E-07 7.12E-03 5.79E-07 8.73E-07 8.07E-03  4.23E-04 0.86890
 9621.00 1.039393    2.29E-22 2.12E-18 2.03E-21 1.03E-07 9.52E-04 1.49E-08 7.70E-07 7.13E-03 5.78E-07 8.73E-07 8.08E-03  4.32E-04 0.86873
 9631.00 1.038314    2.19E-22 2.03E-18 1.94E-21 1.03E-07 9.55E-04 1.49E-08 7.69E-07 7.13E-03 5.78E-07 8.72E-07 8.09E-03  4.40E-04 0.86851
 9641.00 1.037237    2.09E-22 1.94E-18 1.86E-21 1.02E-07 9.53E-04 1.48E-08 7.64E-07 7.10E-03 5.74E-07 8.67E-07 8.05E-03  4.49E-04 0.86835
 9651.00 1.036162    2.01E-22 1.87E-18 1.77E-21 1.04E-07 9.70E-04 1.51E-08 7.75E-07 7.22E-03 5.82E-07 8.79E-07 8.19E-03  4.58E-04 0.86795
 9661.00 1.035089    1.91E-22 1.78E-18 1.69E-21 1.03E-07 9.65E-04 1.49E-08 7.67E-07 7.16E-03 5.75E-07 8.70E-07 8.12E-03  4.66E-04 0.86835
 9671.00 1.034019    1.84E-22 1.72E-18 1.62E-21 1.03E-07 9.67E-04 1.50E-08 7.66E-07 7.16E-03 5.75E-07 8.69E-07 8.13E-03  4.75E-04 0.86761
 9681.00 1.032951    1.76E-22 1.65E-18 1.54E-21 1.03E-07 9.68E-04 1.50E-08 7.64E-07 7.16E-03 5.73E-07 8.67E-07 8.13E-03  4.84E-04 0.86749
 9691.00 1.031885    1.69E-22 1.58E-18 1.47E-21 1.05E-07 9.83E-04 1.52E-08 7.73E-07 7.26E-03 5.80E-07 8.78E-07 8.25E-03  4.93E-04 0.86668
 9701.00 1.030822    1.62E-22 1.52E-18 1.41E-21 1.05E-07 9.84E-04 1.52E-08 7.71E-07 7.26E-03 5.78E-07 8.76E-07 8.24E-03  5.01E-04 0.86600
 9711.00 1.029760    1.55E-22 1.46E-18 1.34E-21 1.05E-07 9.86E-04 1.52E-08 7.70E-07 7.26E-03 5.77E-07 8.74E-07 8.24E-03  5.10E-04 0.86605
 9721.00 1.028701    1.51E-22 1.42E-18 1.28E-21 1.04E-07 9.82E-04 1.52E-08 7.65E-07 7.23E-03 5.74E-07 8.69E-07 8.21E-03  5.19E-04 0.86319
 9731.00 1.027644    1.47E-22 1.39E-18 1.22E-21 1.04E-07 9.82E-04 1.53E-08 7.64E-07 7.23E-03 5.73E-07 8.68E-07 8.22E-03  5.27E-04 0.86033
 9741.00 1.026589    1.37E-22 1.30E-18 1.17E-21 1.05E-07 9.96E-04 1.53E-08 7.69E-07 7.30E-03 5.76E-07 8.74E-07 8.29E-03  5.36E-04 0.86367
 9751.00 1.025536    1.31E-22 1.25E-18 1.11E-21 1.05E-07 1.00E-03 1.54E-08 7.69E-07 7.32E-03 5.77E-07 8.75E-07 8.32E-03  5.45E-04 0.86317
 9761.00 1.024485    1.28E-22 1.22E-18 1.06E-21 1.04E-07 9.94E-04 1.53E-08 7.63E-07 7.27E-03 5.72E-07 8.67E-07 8.26E-03  5.54E-04 0.86023
 9771.00 1.023437    1.28E-22 1.22E-18 1.01E-21 1.02E-07 9.78E-04 1.53E-08 7.52E-07 7.18E-03 5.65E-07 8.55E-07 8.16E-03  5.62E-04 0.85390
 9781.00 1.022390    1.15E-22 1.10E-18 9.70E-22 1.04E-07 9.98E-04 1.53E-08 7.59E-07 7.26E-03 5.69E-07 8.64E-07 8.26E-03  5.71E-04 0.86198
 9791.00 1.021346    1.10E-22 1.06E-18 9.26E-22 1.04E-07 1.00E-03 1.53E-08 7.58E-07 7.27E-03 5.68E-07 8.62E-07 8.27E-03  5.79E-04 0.86174
 9801.00 1.020304    1.05E-22 1.01E-18 8.85E-22 1.05E-07 1.01E-03 1.54E-08 7.61E-07 7.31E-03 5.70E-07 8.66E-07 8.32E-03  5.88E-04 0.86213
 9811.00 1.019264    1.05E-22 1.01E-18 8.39E-22 1.02E-07 9.81E-04 1.52E-08 7.40E-07 7.13E-03 5.55E-07 8.42E-07 8.11E-03  5.97E-04 0.85518
 9821.00 1.018226    9.48E-23 9.15E-19 8.09E-22 1.06E-07 1.02E-03 1.55E-08 7.65E-07 7.38E-03 5.72E-07 8.72E-07 8.41E-03  6.05E-04 0.86386
 9831.00 1.017191    9.27E-23 8.96E-19 7.70E-22 1.05E-07 1.02E-03 1.55E-08 7.61E-07 7.35E-03 5.69E-07 8.66E-07 8.37E-03  6.14E-04 0.86053
 9841.00 1.016157    8.75E-23 8.47E-19 7.37E-22 1.06E-07 1.03E-03 1.55E-08 7.62E-07 7.38E-03 5.70E-07 8.68E-07 8.41E-03  6.23E-04 0.86226
 9851.00 1.015125    8.55E-23 8.30E-19 7.01E-22 1.05E-07 1.02E-03 1.55E-08 7.55E-07 7.33E-03 5.65E-07 8.60E-07 8.35E-03  6.31E-04 0.85881
 9861.00 1.014096    8.06E-23 7.84E-19 6.71E-22 1.07E-07 1.04E-03 1.57E-08 7.65E-07 7.43E-03 5.72E-07 8.71E-07 8.47E-03  6.40E-04 0.86081
 9871.00 1.013069    7.68E-23 7.48E-19 6.41E-22 1.07E-07 1.04E-03 1.57E-08 7.66E-07 7.47E-03 5.73E-07 8.74E-07 8.51E-03  6.49E-04 0.86122
 9881.00 1.012043    7.60E-23 7.42E-19 6.09E-22 1.06E-07 1.03E-03 1.57E-08 7.57E-07 7.39E-03 5.66E-07 8.62E-07 8.42E-03  6.57E-04 0.85582
 9891.00 1.011020    7.08E-23 6.93E-19 5.84E-22 1.07E-07 1.05E-03 1.58E-08 7.64E-07 7.48E-03 5.71E-07 8.71E-07 8.52E-03  6.66E-04 0.85965
 9901.00 1.009999    7.29E-23 7.15E-19 5.50E-22 1.03E-07 1.01E-03 1.57E-08 7.44E-07 7.29E-03 5.57E-07 8.47E-07 8.30E-03  6.74E-04 0.84774
 9911.00 1.008980    7.01E-23 6.89E-19 5.25E-22 1.03E-07 1.01E-03 1.56E-08 7.40E-07 7.27E-03 5.54E-07 8.43E-07 8.28E-03  6.83E-04 0.84667
 9921.00 1.007963    6.40E-23 6.30E-19 5.06E-22 1.06E-07 1.04E-03 1.58E-08 7.54E-07 7.42E-03 5.64E-07 8.60E-07 8.47E-03  6.91E-04 0.85398
 9931.00 1.006948    5.93E-23 5.85E-19 4.86E-22 1.07E-07 1.06E-03 1.58E-08 7.59E-07 7.48E-03 5.66E-07 8.66E-07 8.54E-03  7.00E-04 0.85862
 9941.00 1.005935    5.75E-23 5.69E-19 4.63E-22 1.03E-07 1.02E-03 1.53E-08 7.30E-07 7.21E-03 5.45E-07 8.33E-07 8.23E-03  7.08E-04 0.85631
 9951.00 1.004924    5.52E-23 5.46E-19 4.42E-22 1.01E-07 1.00E-03 1.50E-08 7.14E-07 7.07E-03 5.33E-07 8.15E-07 8.07E-03  7.17E-04 0.85593
 9961.00 1.003915    5.35E-23 5.31E-19 4.21E-22 1.05E-07 1.05E-03 1.57E-08 7.44E-07 7.38E-03 5.55E-07 8.50E-07 8.43E-03  7.25E-04 0.85349
 9971.00 1.002908    5.10E-23 5.07E-19 4.02E-22 1.07E-07 1.06E-03 1.59E-08 7.52E-07 7.47E-03 5.61E-07 8.58E-07 8.53E-03  7.34E-04 0.85363
 9981.00 1.001904    5.39E-23 5.37E-19 3.77E-22 1.02E-07 1.02E-03 1.58E-08 7.29E-07 7.27E-03 5.47E-07 8.32E-07 8.29E-03  7.42E-04 0.83769
 9991.00 1.000901    4.55E-23 4.54E-19 3.68E-22 1.09E-07 1.09E-03 1.62E-08 7.64E-07 7.63E-03 5.70E-07 8.74E-07 8.72E-03  7.51E-04 0.85740
10001.00 .9999000    4.49E-23 4.49E-19 3.50E-22 1.07E-07 1.07E-03 1.60E-08 7.51E-07 7.51E-03 5.60E-07 8.58E-07 8.58E-03  7.59E-04 0.85231
10011.00 .9989012    4.22E-23 4.23E-19 3.35E-22 1.08E-07 1.09E-03 1.61E-08 7.57E-07 7.59E-03 5.64E-07 8.66E-07 8.68E-03  7.68E-04 0.85484
10021.00 .9979044    4.00E-23 4.02E-19 3.20E-22 1.09E-07 1.10E-03 1.62E-08 7.61E-07 7.64E-03 5.67E-07 8.71E-07 8.74E-03  7.77E-04 0.85594
10031.00 .9969096    3.82E-23 3.84E-19 3.06E-22 1.10E-07 1.10E-03 1.63E-08 7.62E-07 7.67E-03 5.67E-07 8.72E-07 8.77E-03  7.85E-04 0.85619
10041.00 .9959167    3.68E-23 3.71E-19 2.92E-22 1.09E-07 1.10E-03 1.63E-08 7.58E-07 7.64E-03 5.64E-07 8.67E-07 8.74E-03  7.94E-04 0.85486
10051.00 .9949259    3.47E-23 3.50E-19 2.79E-22 1.10E-07 1.11E-03 1.63E-08 7.62E-07 7.70E-03 5.67E-07 8.72E-07 8.81E-03  8.03E-04 0.85677
10061.00 .9939370    3.40E-23 3.44E-19 2.66E-22 1.09E-07 1.11E-03 1.63E-08 7.56E-07 7.65E-03 5.63E-07 8.65E-07 8.75E-03  8.11E-04 0.85284
10071.00 .9929501    3.66E-23 3.72E-19 2.48E-22 1.03E-07 1.05E-03 1.60E-08 7.20E-07 7.30E-03 5.38E-07 8.23E-07 8.35E-03  8.20E-04 0.83282
10081.00 .9919651    3.16E-23 3.21E-19 2.41E-22 1.08E-07 1.10E-03 1.63E-08 7.48E-07 7.60E-03 5.57E-07 8.56E-07 8.70E-03  8.28E-04 0.85006

                                             RADIANCE(WATTS/CM2-STER-XXX)

  FREQ  WAVELENGTH     PATH_THERMAL    SURFACE      PATH_SCATTERED_SOLAR   GROUND_REFLECTED_RADIANCE   TOTAL_RADIANCE   INTEGRAL    TOTAL
                                       EMISSION     TOTAL RAD      SINGLE        TOTAL        DIRECT                                TRANS
 (CM-1) (MICRON)       (CM-1)  (MICRN)   (CM-1)   (CM-1)  (MICRN)   (CM-1)   (CM-1)  (MICRN)   (CM-1)   (CM-1)  (MICRN)

10091.00 .9909821    3.18E-23 3.23E-19 2.28E-22 1.06E-07 1.07E-03 1.62E-08 7.31E-07 7.44E-03 5.45E-07 8.37E-07 8.52E-03  8.37E-04 0.84169
10101.00 .9900010    3.37E-23 3.44E-19 2.13E-22 9.94E-08 1.01E-03 1.58E-08 6.94E-07 7.08E-03 5.19E-07 7.93E-07 8.09E-03  8.45E-04 0.82371
10111.00 .9890218    2.83E-23 2.89E-19 2.09E-22 1.06E-07 1.09E-03 1.62E-08 7.32E-07 7.49E-03 5.45E-07 8.39E-07 8.57E-03  8.53E-04 0.84623
10121.00 .9880447    3.07E-23 3.14E-19 1.95E-22 1.02E-07 1.04E-03 1.61E-08 7.06E-07 7.23E-03 5.28E-07 8.08E-07 8.27E-03  8.61E-04 0.82307
10131.00 .9870694    3.10E-23 3.18E-19 1.84E-22 9.82E-08 1.01E-03 1.59E-08 6.84E-07 7.02E-03 5.13E-07 7.82E-07 8.03E-03  8.69E-04 0.81331
10141.00 .9860960    2.70E-23 2.78E-19 1.79E-22 1.03E-07 1.06E-03 1.62E-08 7.11E-07 7.31E-03 5.31E-07 8.14E-07 8.38E-03  8.77E-04 0.83070
10151.00 .9851246    3.45E-23 3.55E-19 1.58E-22 8.80E-08 9.07E-04 1.53E-08 6.19E-07 6.38E-03 4.70E-07 7.07E-07 7.29E-03  8.84E-04 0.76799
10161.00 .9841551    3.03E-23 3.12E-19 1.55E-22 9.27E-08 9.57E-04 1.56E-08 6.47E-07 6.68E-03 4.87E-07 7.40E-07 7.64E-03  8.91E-04 0.78672
10171.00 .9831875    3.28E-23 3.39E-19 1.40E-22 8.57E-08 8.87E-04 1.51E-08 5.98E-07 6.19E-03 4.53E-07 6.84E-07 7.08E-03  8.98E-04 0.74701
10181.00 .9822218    3.27E-23 3.39E-19 1.33E-22 8.29E-08 8.59E-04 1.50E-08 5.83E-07 6.04E-03 4.43E-07 6.66E-07 6.90E-03  9.05E-04 0.73925
10191.00 .9812580    2.84E-23 2.95E-19 1.31E-22 8.84E-08 9.18E-04 1.55E-08 6.20E-07 6.44E-03 4.68E-07 7.08E-07 7.35E-03  9.12E-04 0.76712
10201.00 .9802961    3.41E-23 3.54E-19 1.12E-22 7.32E-08 7.62E-04 1.42E-08 5.12E-07 5.33E-03 3.92E-07 5.85E-07 6.09E-03  9.18E-04 0.68341
10211.00 .9793360    3.46E-23 3.60E-19 1.03E-22 6.74E-08 7.03E-04 1.37E-08 4.74E-07 4.95E-03 3.65E-07 5.42E-07 5.65E-03  9.23E-04 0.65803
10221.00 .9783779    3.19E-23 3.33E-19 1.00E-22 7.03E-08 7.35E-04 1.40E-08 4.92E-07 5.14E-03 3.78E-07 5.63E-07 5.88E-03  9.29E-04 0.67032
10231.00 .9774216    2.65E-23 2.77E-19 1.04E-22 8.15E-08 8.53E-04 1.49E-08 5.65E-07 5.92E-03 4.29E-07 6.47E-07 6.77E-03  9.35E-04 0.72670
10241.00 .9764671    3.30E-23 3.46E-19 8.16E-23 5.91E-08 6.20E-04 1.29E-08 4.10E-07 4.30E-03 3.16E-07 4.70E-07 4.92E-03  9.40E-04 0.59869
10251.00 .9755146    3.06E-23 3.22E-19 8.09E-23 6.29E-08 6.61E-04 1.34E-08 4.38E-07 4.60E-03 3.38E-07 5.01E-07 5.26E-03  9.45E-04 0.62284
10261.00 .9745639    2.89E-23 3.04E-19 7.73E-23 6.18E-08 6.50E-04 1.32E-08 4.30E-07 4.52E-03 3.30E-07 4.91E-07 5.17E-03  9.50E-04 0.62178
10271.00 .9736151    2.79E-23 2.95E-19 7.30E-23 6.21E-08 6.55E-04 1.32E-08 4.29E-07 4.53E-03 3.29E-07 4.91E-07 5.18E-03  9.55E-04 0.61613
10281.00 .9726681    2.40E-23 2.53E-19 7.65E-23 7.18E-08 7.59E-04 1.43E-08 4.98E-07 5.26E-03 3.80E-07 5.70E-07 6.02E-03  9.61E-04 0.67555
10291.00 .9717228    2.04E-23 2.16E-19 7.63E-23 7.97E-08 8.44E-04 1.48E-08 5.46E-07 5.79E-03 4.13E-07 6.26E-07 6.63E-03  9.67E-04 0.70547
10301.00 .9707795    1.90E-23 2.02E-19 7.40E-23 8.10E-08 8.59E-04 1.49E-08 5.54E-07 5.88E-03 4.18E-07 6.35E-07 6.74E-03  9.73E-04 0.71518
10311.00 .9698380    2.00E-23 2.12E-19 6.85E-23 7.62E-08 8.10E-04 1.47E-08 5.25E-07 5.58E-03 3.99E-07 6.01E-07 6.39E-03  9.79E-04 0.69409
10321.00 .9688984    1.96E-23 2.09E-19 6.43E-23 7.30E-08 7.78E-04 1.45E-08 5.04E-07 5.37E-03 3.83E-07 5.77E-07 6.15E-03  9.85E-04 0.68139
10331.00 .9679605    1.71E-23 1.83E-19 6.22E-23 7.84E-08 8.37E-04 1.46E-08 5.30E-07 5.66E-03 4.00E-07 6.09E-07 6.50E-03  9.91E-04 0.69183
10341.00 .9670244    2.28E-23 2.44E-19 4.50E-23 4.94E-08 5.28E-04 1.21E-08 3.35E-07 3.58E-03 2.60E-07 3.84E-07 4.11E-03  9.95E-04 0.52145
10351.00 .9660903    2.33E-23 2.50E-19 4.07E-23 4.25E-08 4.56E-04 1.15E-08 2.92E-07 3.12E-03 2.30E-07 3.34E-07 3.58E-03  9.98E-04 0.49682
10361.00 .9651578    2.18E-23 2.34E-19 3.92E-23 4.33E-08 4.65E-04 1.18E-08 3.00E-07 3.22E-03 2.37E-07 3.44E-07 3.69E-03  1.00E-03 0.49887
10371.00 .9642272    2.02E-23 2.18E-19 3.40E-23 4.32E-08 4.65E-04 1.11E-08 2.85E-07 3.06E-03 2.21E-07 3.28E-07 3.53E-03  1.00E-03 0.45444
10381.00 .9632983    1.89E-23 2.04E-19 3.74E-23 5.01E-08 5.40E-04 1.22E-08 3.36E-07 3.62E-03 2.60E-07 3.86E-07 4.16E-03  1.01E-03 0.52234
10391.00 .9623713    2.09E-23 2.26E-19 2.59E-23 3.16E-08 3.42E-04 9.98E-09 1.99E-07 2.15E-03 1.58E-07 2.31E-07 2.49E-03  1.01E-03 0.38043
10401.00 .9614460    1.88E-23 2.03E-19 3.10E-23 4.39E-08 4.75E-04 1.17E-08 2.87E-07 3.11E-03 2.25E-07 3.31E-07 3.58E-03  1.01E-03 0.47403
10411.00 .9605225    1.84E-23 2.00E-19 2.65E-23 3.62E-08 3.93E-04 1.07E-08 2.36E-07 2.56E-03 1.86E-07 2.72E-07 2.95E-03  1.02E-03 0.42654
10421.00 .9596009    1.86E-23 2.02E-19 1.84E-23 2.40E-08 2.60E-04 9.00E-09 1.42E-07 1.55E-03 1.15E-07 1.66E-07 1.81E-03  1.02E-03 0.30773
10431.00 .9586809    1.67E-23 1.81E-19 2.16E-23 3.32E-08 3.61E-04 1.02E-08 2.09E-07 2.27E-03 1.65E-07 2.42E-07 2.64E-03  1.02E-03 0.38153
10441.00 .9577627    1.50E-23 1.64E-19 2.58E-23 4.32E-08 4.71E-04 1.16E-08 2.84E-07 3.09E-03 2.21E-07 3.27E-07 3.56E-03  1.02E-03 0.47570
10451.00 .9568462    1.61E-23 1.75E-19 1.60E-23 2.57E-08 2.81E-04 9.03E-09 1.47E-07 1.61E-03 1.16E-07 1.73E-07 1.89E-03  1.03E-03 0.30942
10461.00 .9559315    1.51E-23 1.65E-19 1.57E-23 2.63E-08 2.87E-04 9.09E-09 1.54E-07 1.68E-03 1.22E-07 1.80E-07 1.97E-03  1.03E-03 0.31635
10471.00 .9550187    1.47E-23 1.61E-19 1.61E-23 2.53E-08 2.77E-04 9.02E-09 1.52E-07 1.67E-03 1.22E-07 1.77E-07 1.94E-03  1.03E-03 0.34025
10481.00 .9541074    1.38E-23 1.52E-19 1.68E-23 3.00E-08 3.30E-04 9.96E-09 1.84E-07 2.02E-03 1.46E-07 2.14E-07 2.35E-03  1.03E-03 0.37327
10491.00 .9531980    1.33E-23 1.46E-19 1.41E-23 2.60E-08 2.87E-04 9.36E-09 1.54E-07 1.69E-03 1.23E-07 1.80E-07 1.98E-03  1.03E-03 0.32621
10501.00 .9522902    1.27E-23 1.40E-19 8.52E-24 1.55E-08 1.71E-04 7.44E-09 7.12E-08 7.85E-04 5.81E-08 8.67E-08 9.56E-04  1.03E-03 0.20734
10511.00 .9513842    1.21E-23 1.33E-19 1.72E-23 3.62E-08 4.00E-04 1.13E-08 2.29E-07 2.53E-03 1.81E-07 2.66E-07 2.93E-03  1.04E-03 0.43913
10521.00 .9504801    1.07E-23 1.18E-19 9.95E-24 2.15E-08 2.38E-04 8.26E-09 1.17E-07 1.30E-03 9.28E-08 1.39E-07 1.54E-03  1.04E-03 0.26231
10531.00 .9495775    1.03E-23 1.14E-19 9.90E-24 2.35E-08 2.61E-04 8.67E-09 1.30E-07 1.45E-03 1.03E-07 1.54E-07 1.71E-03  1.04E-03 0.27861
10541.00 .9486766    1.00E-23 1.12E-19 1.10E-23 2.56E-08 2.85E-04 9.32E-09 1.50E-07 1.66E-03 1.19E-07 1.75E-07 1.95E-03  1.04E-03 0.31999
10551.00 .9477776    9.63E-24 1.07E-19 9.02E-24 2.27E-08 2.52E-04 8.67E-09 1.24E-07 1.38E-03 9.85E-08 1.47E-07 1.64E-03  1.04E-03 0.27647
10561.00 .9468799    9.44E-24 1.05E-19 8.85E-24 2.21E-08 2.47E-04 8.77E-09 1.22E-07 1.36E-03 9.74E-08 1.44E-07 1.61E-03  1.04E-03 0.28277
10571.00 .9459844    8.43E-24 9.42E-20 6.65E-24 1.79E-08 2.00E-04 7.63E-09 8.72E-08 9.74E-04 6.92E-08 1.05E-07 1.17E-03  1.05E-03 0.22328
10581.00 .9450902    8.69E-24 9.73E-20 8.99E-24 2.53E-08 2.84E-04 9.25E-09 1.42E-07 1.59E-03 1.12E-07 1.67E-07 1.87E-03  1.05E-03 0.31470

                                             RADIANCE(WATTS/CM2-STER-XXX)

  FREQ  WAVELENGTH     PATH_THERMAL    SURFACE      PATH_SCATTERED_SOLAR   GROUND_REFLECTED_RADIANCE   TOTAL_RADIANCE   INTEGRAL    TOTAL
                                       EMISSION     TOTAL RAD      SINGLE        TOTAL        DIRECT                                TRANS
 (CM-1) (MICRON)       (CM-1)  (MICRN)   (CM-1)   (CM-1)  (MICRN)   (CM-1)   (CM-1)  (MICRN)   (CM-1)   (CM-1)  (MICRN)

10591.00 .9441979    7.40E-24 8.31E-20 5.51E-24 1.71E-08 1.92E-04 7.15E-09 8.17E-08 9.17E-04 6.42E-08 9.88E-08 1.11E-03  1.05E-03 0.20436
10601.00 .9433073    7.24E-24 8.14E-20 6.96E-24 2.20E-08 2.47E-04 8.28E-09 1.16E-07 1.31E-03 9.05E-08 1.38E-07 1.55E-03  1.05E-03 0.26630
10611.00 .9424182    7.59E-24 8.55E-20 7.84E-24 2.46E-08 2.77E-04 9.27E-09 1.36E-07 1.53E-03 1.07E-07 1.60E-07 1.80E-03  1.05E-03 0.31749
10621.00 .9415310    7.47E-24 8.42E-20 8.25E-24 2.57E-08 2.90E-04 9.39E-09 1.47E-07 1.65E-03 1.16E-07 1.72E-07 1.94E-03  1.05E-03 0.34786
10631.00 .9406453    7.40E-24 8.37E-20 7.77E-24 2.51E-08 2.84E-04 9.78E-09 1.46E-07 1.65E-03 1.18E-07 1.71E-07 1.94E-03  1.06E-03 0.34415
10641.00 .9397613    6.49E-24 7.35E-20 9.95E-24 3.98E-08 4.51E-04 1.19E-08 2.49E-07 2.82E-03 1.95E-07 2.89E-07 3.28E-03  1.06E-03 0.46130
10651.00 .9388791    5.79E-24 6.57E-20 6.00E-24 2.44E-08 2.76E-04 8.90E-09 1.34E-07 1.52E-03 1.05E-07 1.58E-07 1.79E-03  1.06E-03 0.28880
10661.00 .9379982    5.53E-24 6.29E-20 3.12E-24 1.26E-08 1.43E-04 6.70E-09 4.62E-08 5.25E-04 3.74E-08 5.87E-08 6.67E-04  1.06E-03 0.15849
10671.00 .9371194    5.30E-24 6.03E-20 2.79E-24 1.20E-08 1.36E-04 6.58E-09 4.21E-08 4.80E-04 3.43E-08 5.41E-08 6.16E-04  1.06E-03 0.14854
10681.00 .9362419    5.07E-24 5.78E-20 3.11E-24 1.33E-08 1.52E-04 6.86E-09 5.15E-08 5.87E-04 4.15E-08 6.47E-08 7.39E-04  1.06E-03 0.17200
10691.00 .9353662    4.72E-24 5.39E-20 3.66E-24 1.70E-08 1.95E-04 7.61E-09 7.86E-08 8.99E-04 6.22E-08 9.57E-08 1.09E-03  1.06E-03 0.21439
10701.00 .9344922    3.89E-24 4.45E-20 1.69E-24 9.91E-09 1.13E-04 5.61E-09 2.72E-08 3.12E-04 2.20E-08 3.71E-08 4.25E-04  1.06E-03 0.10274
10711.00 .9336196    4.58E-24 5.26E-20 2.29E-24 1.25E-08 1.44E-04 6.84E-09 4.17E-08 4.79E-04 3.42E-08 5.42E-08 6.22E-04  1.06E-03 0.14780
10721.00 .9327489    4.49E-24 5.16E-20 2.69E-24 1.51E-08 1.73E-04 7.43E-09 5.81E-08 6.68E-04 4.69E-08 7.32E-08 8.41E-04  1.06E-03 0.17997
10731.00 .9318796    4.09E-24 4.71E-20 3.24E-24 1.89E-08 2.18E-04 8.13E-09 9.04E-08 1.04E-03 7.26E-08 1.09E-07 1.26E-03  1.06E-03 0.22782
10741.00 .9310120    4.19E-24 4.84E-20 4.58E-24 2.91E-08 3.36E-04 1.03E-08 1.63E-07 1.87E-03 1.29E-07 1.92E-07 2.21E-03  1.07E-03 0.33661
10751.00 .9301461    4.07E-24 4.71E-20 4.95E-24 3.30E-08 3.81E-04 1.11E-08 1.94E-07 2.24E-03 1.54E-07 2.27E-07 2.62E-03  1.07E-03 0.38064
10761.00 .9292816    3.80E-24 4.40E-20 5.78E-24 4.22E-08 4.89E-04 1.25E-08 2.61E-07 3.02E-03 2.06E-07 3.03E-07 3.51E-03  1.07E-03 0.46571
10771.00 .9284190    3.47E-24 4.03E-20 5.80E-24 4.64E-08 5.38E-04 1.30E-08 2.88E-07 3.35E-03 2.25E-07 3.35E-07 3.88E-03  1.08E-03 0.48945
10781.00 .9275578    2.78E-24 3.23E-20 6.94E-24 6.58E-08 7.64E-04 1.50E-08 4.18E-07 4.86E-03 3.19E-07 4.84E-07 5.63E-03  1.08E-03 0.61447
10791.00 .9266981    2.25E-24 2.62E-20 7.51E-24 8.01E-08 9.33E-04 1.61E-08 5.06E-07 5.90E-03 3.81E-07 5.86E-07 6.83E-03  1.09E-03 0.69407
10801.00 .9258403    2.16E-24 2.51E-20 7.14E-24 7.71E-08 8.99E-04 1.56E-08 4.89E-07 5.70E-03 3.69E-07 5.66E-07 6.60E-03  1.09E-03 0.69133
10811.00 .9249837    2.14E-24 2.50E-20 6.56E-24 7.54E-08 8.82E-04 1.56E-08 4.76E-07 5.57E-03 3.60E-07 5.52E-07 6.45E-03  1.10E-03 0.66436
10821.00 .9241291    2.15E-24 2.52E-20 6.11E-24 7.03E-08 8.24E-04 1.53E-08 4.48E-07 5.24E-03 3.40E-07 5.18E-07 6.06E-03  1.10E-03 0.64900
10831.00 .9232758    1.81E-24 2.13E-20 6.29E-24 7.84E-08 9.20E-04 1.55E-08 4.93E-07 5.79E-03 3.71E-07 5.72E-07 6.71E-03  1.11E-03 0.69963
10841.00 .9224241    1.57E-24 1.85E-20 6.21E-24 8.96E-08 1.05E-03 1.65E-08 5.55E-07 6.52E-03 4.14E-07 6.44E-07 7.57E-03  1.11E-03 0.72217
10851.00 .9215741    1.73E-24 2.04E-20 5.55E-24 7.78E-08 9.16E-04 1.57E-08 4.86E-07 5.72E-03 3.67E-07 5.64E-07 6.64E-03  1.12E-03 0.67720
10861.00 .9207255    1.39E-24 1.65E-20 5.82E-24 9.40E-08 1.11E-03 1.71E-08 5.81E-07 6.86E-03 4.33E-07 6.75E-07 7.96E-03  1.13E-03 0.74405
10871.00 .9198787    1.48E-24 1.75E-20 5.02E-24 8.53E-08 1.01E-03 1.62E-08 5.21E-07 6.16E-03 3.90E-07 6.06E-07 7.17E-03  1.13E-03 0.67057
10881.00 .9190332    1.47E-24 1.74E-20 4.83E-24 8.22E-08 9.74E-04 1.64E-08 5.09E-07 6.03E-03 3.83E-07 5.92E-07 7.00E-03  1.14E-03 0.67548
10891.00 .9181893    1.66E-24 1.97E-20 3.91E-24 6.24E-08 7.40E-04 1.45E-08 3.87E-07 4.59E-03 2.95E-07 4.49E-07 5.33E-03  1.14E-03 0.57170
10901.00 .9173471    1.66E-24 1.97E-20 3.59E-24 5.86E-08 6.97E-04 1.41E-08 3.59E-07 4.26E-03 2.73E-07 4.18E-07 4.96E-03  1.15E-03 0.55304
10911.00 .9165062    1.38E-24 1.64E-20 3.98E-24 7.49E-08 8.91E-04 1.58E-08 4.62E-07 5.49E-03 3.48E-07 5.36E-07 6.39E-03  1.15E-03 0.64009
10921.00 .9156671    1.57E-24 1.88E-20 2.89E-24 5.08E-08 6.06E-04 1.32E-08 3.06E-07 3.65E-03 2.35E-07 3.57E-07 4.26E-03  1.16E-03 0.48639
10931.00 .9148294    1.28E-24 1.53E-20 3.68E-24 7.33E-08 8.76E-04 1.59E-08 4.55E-07 5.44E-03 3.44E-07 5.29E-07 6.32E-03  1.16E-03 0.65049
10941.00 .9139932    1.36E-24 1.62E-20 2.90E-24 5.92E-08 7.08E-04 1.41E-08 3.58E-07 4.28E-03 2.73E-07 4.17E-07 4.99E-03  1.17E-03 0.53393
10951.00 .9131587    1.36E-24 1.63E-20 2.71E-24 5.67E-08 6.80E-04 1.42E-08 3.43E-07 4.12E-03 2.63E-07 4.00E-07 4.80E-03  1.17E-03 0.52646
10961.00 .9123254    1.09E-24 1.31E-20 3.08E-24 7.45E-08 8.96E-04 1.56E-08 4.50E-07 5.41E-03 3.38E-07 5.25E-07 6.30E-03  1.18E-03 0.62206
10971.00 .9114940    1.01E-24 1.22E-20 3.05E-24 7.76E-08 9.35E-04 1.58E-08 4.70E-07 5.66E-03 3.52E-07 5.48E-07 6.60E-03  1.18E-03 0.64759
10981.00 .9106639    1.10E-24 1.32E-20 2.58E-24 6.62E-08 7.98E-04 1.48E-08 3.97E-07 4.78E-03 3.01E-07 4.63E-07 5.58E-03  1.19E-03 0.57277
10991.00 .9098353    1.04E-24 1.26E-20 2.53E-24 6.50E-08 7.85E-04 1.48E-08 3.95E-07 4.77E-03 3.01E-07 4.60E-07 5.56E-03  1.19E-03 0.58795
11001.00 .9090083    9.58E-25 1.16E-20 2.39E-24 6.59E-08 7.97E-04 1.46E-08 3.96E-07 4.79E-03 3.00E-07 4.62E-07 5.59E-03  1.19E-03 0.58226
11011.00 .9081826    9.04E-25 1.10E-20 2.27E-24 6.98E-08 8.47E-04 1.49E-08 4.13E-07 5.01E-03 3.10E-07 4.83E-07 5.86E-03  1.20E-03 0.58039
11021.00 .9073588    8.68E-25 1.05E-20 2.20E-24 6.95E-08 8.44E-04 1.53E-08 4.13E-07 5.02E-03 3.12E-07 4.83E-07 5.87E-03  1.20E-03 0.58798
11031.00 .9065361    7.78E-25 9.47E-21 2.32E-24 7.82E-08 9.52E-04 1.62E-08 4.72E-07 5.74E-03 3.55E-07 5.50E-07 6.69E-03  1.21E-03 0.65032
11041.00 .9057150    6.07E-25 7.40E-21 2.48E-24 9.82E-08 1.20E-03 1.79E-08 5.83E-07 7.11E-03 4.32E-07 6.82E-07 8.31E-03  1.22E-03 0.72561
11051.00 .9048955    5.88E-25 7.18E-21 2.39E-24 9.95E-08 1.21E-03 1.82E-08 5.91E-07 7.22E-03 4.39E-07 6.91E-07 8.43E-03  1.22E-03 0.73328
11061.00 .9040773    5.38E-25 6.58E-21 2.33E-24 1.04E-07 1.27E-03 1.85E-08 6.12E-07 7.49E-03 4.53E-07 7.16E-07 8.76E-03  1.23E-03 0.74964
11071.00 .9032608    6.06E-25 7.42E-21 1.99E-24 8.49E-08 1.04E-03 1.69E-08 5.06E-07 6.20E-03 3.78E-07 5.91E-07 7.24E-03  1.24E-03 0.66971
11081.00 .9024456    6.42E-25 7.88E-21 1.68E-24 6.97E-08 8.56E-04 1.51E-08 4.10E-07 5.03E-03 3.07E-07 4.79E-07 5.89E-03  1.24E-03 0.59397

                                             RADIANCE(WATTS/CM2-STER-XXX)

  FREQ  WAVELENGTH     PATH_THERMAL    SURFACE      PATH_SCATTERED_SOLAR   GROUND_REFLECTED_RADIANCE   TOTAL_RADIANCE   INTEGRAL    TOTAL
                                       EMISSION     TOTAL RAD      SINGLE        TOTAL        DIRECT                                TRANS
 (CM-1) (MICRON)       (CM-1)  (MICRN)   (CM-1)   (CM-1)  (MICRN)   (CM-1)   (CM-1)  (MICRN)   (CM-1)   (CM-1)  (MICRN)

11091.00 .9016320    6.22E-25 7.65E-21 1.64E-24 6.78E-08 8.34E-04 1.47E-08 4.00E-07 4.92E-03 3.01E-07 4.68E-07 5.75E-03  1.25E-03 0.60434
11101.00 .9008198    6.40E-25 7.88E-21 1.44E-24 6.25E-08 7.71E-04 1.46E-08 3.68E-07 4.54E-03 2.80E-07 4.31E-07 5.31E-03  1.25E-03 0.55697
11111.00 .9000089    5.11E-25 6.31E-21 1.56E-24 8.08E-08 9.97E-04 1.60E-08 4.68E-07 5.78E-03 3.47E-07 5.49E-07 6.78E-03  1.26E-03 0.63159
11121.00 .8991998    6.34E-25 7.85E-21 1.08E-24 5.18E-08 6.40E-04 1.33E-08 2.89E-07 3.58E-03 2.20E-07 3.41E-07 4.22E-03  1.26E-03 0.45800
11131.00 .8983919    4.74E-25 5.87E-21 1.42E-24 8.28E-08 1.03E-03 1.65E-08 4.79E-07 5.94E-03 3.56E-07 5.62E-07 6.96E-03  1.26E-03 0.63346
11141.00 .8975855    5.05E-25 6.26E-21 1.32E-24 7.42E-08 9.21E-04 1.62E-08 4.37E-07 5.42E-03 3.30E-07 5.11E-07 6.34E-03  1.27E-03 0.61209
11151.00 .8967806    4.90E-25 6.09E-21 1.23E-24 7.34E-08 9.13E-04 1.60E-08 4.28E-07 5.32E-03 3.24E-07 5.01E-07 6.23E-03  1.28E-03 0.59986
11161.00 .8959770    4.16E-25 5.18E-21 1.31E-24 8.82E-08 1.10E-03 1.76E-08 5.15E-07 6.41E-03 3.86E-07 6.03E-07 7.51E-03  1.28E-03 0.67001
11171.00 .8951751    3.84E-25 4.80E-21 1.30E-24 9.05E-08 1.13E-03 1.77E-08 5.29E-07 6.60E-03 3.96E-07 6.19E-07 7.73E-03  1.29E-03 0.69687
11181.00 .8943744    3.08E-25 3.85E-21 1.35E-24 1.06E-07 1.33E-03 1.88E-08 6.14E-07 7.67E-03 4.52E-07 7.20E-07 9.00E-03  1.29E-03 0.75610
11191.00 .8935752    2.82E-25 3.53E-21 1.31E-24 1.10E-07 1.38E-03 1.92E-08 6.32E-07 7.92E-03 4.64E-07 7.42E-07 9.29E-03  1.30E-03 0.76549
11201.00 .8927775    2.35E-25 2.95E-21 1.30E-24 1.18E-07 1.49E-03 1.94E-08 6.71E-07 8.42E-03 4.88E-07 7.89E-07 9.90E-03  1.31E-03 0.80053
11211.00 .8919810    2.11E-25 2.65E-21 1.27E-24 1.25E-07 1.57E-03 2.01E-08 7.05E-07 8.85E-03 5.11E-07 8.29E-07 1.04E-02  1.32E-03 0.81391
11221.00 .8911862    1.88E-25 2.37E-21 1.23E-24 1.31E-07 1.65E-03 2.05E-08 7.34E-07 9.24E-03 5.31E-07 8.65E-07 1.09E-02  1.33E-03 0.82826
11231.00 .8903927    1.81E-25 2.29E-21 1.17E-24 1.31E-07 1.66E-03 2.07E-08 7.35E-07 9.27E-03 5.32E-07 8.66E-07 1.09E-02  1.34E-03 0.82580
11241.00 .8896006    1.70E-25 2.15E-21 1.12E-24 1.32E-07 1.67E-03 2.06E-08 7.35E-07 9.29E-03 5.31E-07 8.67E-07 1.10E-02  1.34E-03 0.82950
11251.00 .8888100    1.60E-25 2.03E-21 1.08E-24 1.34E-07 1.69E-03 2.07E-08 7.42E-07 9.39E-03 5.35E-07 8.75E-07 1.11E-02  1.35E-03 0.83157
11261.00 .8880205    1.60E-25 2.03E-21 1.02E-24 1.29E-07 1.64E-03 2.04E-08 7.20E-07 9.13E-03 5.21E-07 8.49E-07 1.08E-02  1.36E-03 0.82260
11271.00 .8872328    1.46E-25 1.86E-21 9.80E-25 1.30E-07 1.66E-03 2.02E-08 7.22E-07 9.17E-03 5.21E-07 8.52E-07 1.08E-02  1.37E-03 0.83147
11281.00 .8864462    1.44E-25 1.83E-21 9.29E-25 1.24E-07 1.58E-03 1.95E-08 6.88E-07 8.76E-03 4.97E-07 8.12E-07 1.03E-02  1.38E-03 0.82591
11291.00 .8856611    1.37E-25 1.75E-21 8.87E-25 1.32E-07 1.68E-03 2.07E-08 7.28E-07 9.28E-03 5.26E-07 8.60E-07 1.10E-02  1.39E-03 0.82580
11301.00 .8848775    1.26E-25 1.61E-21 8.55E-25 1.35E-07 1.73E-03 2.09E-08 7.43E-07 9.49E-03 5.36E-07 8.79E-07 1.12E-02  1.40E-03 0.83369
11311.00 .8840951    1.21E-25 1.55E-21 8.16E-25 1.33E-07 1.71E-03 2.06E-08 7.32E-07 9.36E-03 5.27E-07 8.65E-07 1.11E-02  1.40E-03 0.83279
11321.00 .8833143    1.16E-25 1.49E-21 7.78E-25 1.35E-07 1.73E-03 2.09E-08 7.39E-07 9.47E-03 5.32E-07 8.74E-07 1.12E-02  1.41E-03 0.83165
11331.00 .8825346    1.11E-25 1.42E-21 7.43E-25 1.32E-07 1.70E-03 2.05E-08 7.23E-07 9.29E-03 5.21E-07 8.55E-07 1.10E-02  1.42E-03 0.83150
11341.00 .8817565    1.06E-25 1.36E-21 7.09E-25 1.35E-07 1.73E-03 2.09E-08 7.36E-07 9.46E-03 5.30E-07 8.71E-07 1.12E-02  1.43E-03 0.83154
11351.00 .8809797    1.01E-25 1.30E-21 6.78E-25 1.28E-07 1.65E-03 1.98E-08 6.97E-07 8.99E-03 5.02E-07 8.26E-07 1.06E-02  1.44E-03 0.83250
11361.00 .8802041    9.62E-26 1.24E-21 6.47E-25 1.36E-07 1.75E-03 2.10E-08 7.38E-07 9.52E-03 5.31E-07 8.73E-07 1.13E-02  1.45E-03 0.83248
11371.00 .8794302    9.10E-26 1.18E-21 6.19E-25 1.35E-07 1.75E-03 2.08E-08 7.31E-07 9.46E-03 5.26E-07 8.66E-07 1.12E-02  1.46E-03 0.83410
11381.00 .8786574    8.76E-26 1.13E-21 5.90E-25 1.38E-07 1.79E-03 2.13E-08 7.46E-07 9.67E-03 5.36E-07 8.84E-07 1.15E-02  1.46E-03 0.83269
11391.00 .8778861    8.32E-26 1.08E-21 5.64E-25 1.37E-07 1.78E-03 2.12E-08 7.42E-07 9.63E-03 5.33E-07 8.79E-07 1.14E-02  1.47E-03 0.83353
11401.00 .8771161    7.94E-26 1.03E-21 5.38E-25 1.38E-07 1.80E-03 2.13E-08 7.44E-07 9.67E-03 5.34E-07 8.82E-07 1.15E-02  1.48E-03 0.83359
11411.00 .8763473    7.60E-26 9.90E-22 5.14E-25 1.38E-07 1.79E-03 2.12E-08 7.40E-07 9.64E-03 5.32E-07 8.78E-07 1.14E-02  1.49E-03 0.83312
11421.00 .8755801    7.25E-26 9.45E-22 4.91E-25 1.34E-07 1.75E-03 2.06E-08 7.19E-07 9.38E-03 5.16E-07 8.53E-07 1.11E-02  1.50E-03 0.83348
11431.00 .8748143    6.93E-26 9.05E-22 4.68E-25 1.36E-07 1.78E-03 2.10E-08 7.30E-07 9.54E-03 5.24E-07 8.67E-07 1.13E-02  1.51E-03 0.83328
11441.00 .8740494    6.62E-26 8.67E-22 4.47E-25 1.37E-07 1.80E-03 2.12E-08 7.34E-07 9.61E-03 5.27E-07 8.72E-07 1.14E-02  1.52E-03 0.83302
11451.00 .8732862    6.32E-26 8.28E-22 4.27E-25 1.39E-07 1.82E-03 2.14E-08 7.41E-07 9.71E-03 5.31E-07 8.80E-07 1.15E-02  1.53E-03 0.83315
11461.00 .8725241    6.04E-26 7.93E-22 4.08E-25 1.41E-07 1.85E-03 2.17E-08 7.49E-07 9.84E-03 5.37E-07 8.90E-07 1.17E-02  1.53E-03 0.83306
11471.00 .8717636    5.77E-26 7.59E-22 3.89E-25 1.38E-07 1.82E-03 2.14E-08 7.36E-07 9.69E-03 5.28E-07 8.75E-07 1.15E-02  1.54E-03 0.83285
11481.00 .8710044    5.52E-26 7.28E-22 3.71E-25 1.39E-07 1.84E-03 2.15E-08 7.40E-07 9.76E-03 5.30E-07 8.80E-07 1.16E-02  1.55E-03 0.83246
11491.00 .8702462    5.27E-26 6.96E-22 3.54E-25 1.40E-07 1.84E-03 2.15E-08 7.40E-07 9.77E-03 5.30E-07 8.79E-07 1.16E-02  1.56E-03 0.83242
11501.00 .8694897    5.04E-26 6.66E-22 3.38E-25 1.36E-07 1.80E-03 2.11E-08 7.22E-07 9.54E-03 5.17E-07 8.58E-07 1.13E-02  1.57E-03 0.83221
11511.00 .8687342    4.82E-26 6.38E-22 3.23E-25 1.36E-07 1.80E-03 2.10E-08 7.17E-07 9.50E-03 5.13E-07 8.53E-07 1.13E-02  1.58E-03 0.83201
11521.00 .8679803    4.61E-26 6.11E-22 3.08E-25 1.36E-07 1.81E-03 2.11E-08 7.19E-07 9.55E-03 5.15E-07 8.56E-07 1.14E-02  1.59E-03 0.83171
11531.00 .8672276    4.40E-26 5.85E-22 2.94E-25 1.31E-07 1.75E-03 2.03E-08 6.92E-07 9.20E-03 4.95E-07 8.24E-07 1.10E-02  1.59E-03 0.83148
11541.00 .8664759    4.21E-26 5.60E-22 2.81E-25 1.05E-07 1.39E-03 1.62E-08 5.50E-07 7.33E-03 3.94E-07 6.55E-07 8.72E-03  1.60E-03 0.83129
11551.00 .8657260    4.03E-26 5.37E-22 2.68E-25 1.33E-07 1.78E-03 2.06E-08 6.99E-07 9.33E-03 5.00E-07 8.33E-07 1.11E-02  1.61E-03 0.83092
11561.00 .8649770    3.85E-26 5.14E-22 2.56E-25 1.40E-07 1.87E-03 2.17E-08 7.34E-07 9.81E-03 5.25E-07 8.74E-07 1.17E-02  1.62E-03 0.83065
11571.00 .8642296    3.68E-26 4.92E-22 2.44E-25 1.43E-07 1.91E-03 2.22E-08 7.48E-07 1.00E-02 5.34E-07 8.91E-07 1.19E-02  1.63E-03 0.83052
11581.00 .8634834    3.52E-26 4.72E-22 2.33E-25 1.42E-07 1.91E-03 2.20E-08 7.42E-07 9.95E-03 5.30E-07 8.84E-07 1.19E-02  1.64E-03 0.83011

                                             RADIANCE(WATTS/CM2-STER-XXX)

  FREQ  WAVELENGTH     PATH_THERMAL    SURFACE      PATH_SCATTERED_SOLAR   GROUND_REFLECTED_RADIANCE   TOTAL_RADIANCE   INTEGRAL    TOTAL
                                       EMISSION     TOTAL RAD      SINGLE        TOTAL        DIRECT                                TRANS
 (CM-1) (MICRON)       (CM-1)  (MICRN)   (CM-1)   (CM-1)  (MICRN)   (CM-1)   (CM-1)  (MICRN)   (CM-1)   (CM-1)  (MICRN)

11591.00 .8627383    3.38E-26 4.54E-22 2.22E-25 1.42E-07 1.91E-03 2.21E-08 7.40E-07 9.95E-03 5.29E-07 8.83E-07 1.19E-02  1.64E-03 0.82911
11601.00 .8619947    3.22E-26 4.33E-22 2.12E-25 1.40E-07 1.89E-03 2.18E-08 7.29E-07 9.82E-03 5.21E-07 8.70E-07 1.17E-02  1.65E-03 0.82953
11611.00 .8612522    3.09E-26 4.17E-22 2.02E-25 1.40E-07 1.88E-03 2.18E-08 7.26E-07 9.79E-03 5.19E-07 8.66E-07 1.17E-02  1.66E-03 0.82834
11621.00 .8605112    2.95E-26 3.98E-22 1.93E-25 1.42E-07 1.91E-03 2.20E-08 7.34E-07 9.91E-03 5.24E-07 8.76E-07 1.18E-02  1.67E-03 0.82865
11631.00 .8597714    2.83E-26 3.83E-22 1.84E-25 1.40E-07 1.90E-03 2.19E-08 7.27E-07 9.83E-03 5.19E-07 8.67E-07 1.17E-02  1.68E-03 0.82741
11641.00 .8590326    2.72E-26 3.68E-22 1.76E-25 1.40E-07 1.89E-03 2.19E-08 7.23E-07 9.80E-03 5.16E-07 8.63E-07 1.17E-02  1.69E-03 0.82628
11651.00 .8582955    2.58E-26 3.51E-22 1.68E-25 1.40E-07 1.91E-03 2.19E-08 7.25E-07 9.84E-03 5.17E-07 8.66E-07 1.18E-02  1.70E-03 0.82702
11661.00 .8575593    2.52E-26 3.43E-22 1.59E-25 1.41E-07 1.92E-03 2.23E-08 7.29E-07 9.92E-03 5.21E-07 8.70E-07 1.18E-02  1.71E-03 0.82254
11671.00 .8568247    2.37E-26 3.23E-22 1.53E-25 1.43E-07 1.95E-03 2.24E-08 7.37E-07 1.00E-02 5.26E-07 8.80E-07 1.20E-02  1.71E-03 0.82577
11681.00 .8560913    2.29E-26 3.12E-22 1.45E-25 1.40E-07 1.91E-03 2.20E-08 7.21E-07 9.83E-03 5.14E-07 8.61E-07 1.17E-02  1.72E-03 0.82346
11691.00 .8553588    2.20E-26 3.01E-22 1.39E-25 1.35E-07 1.85E-03 2.14E-08 6.96E-07 9.51E-03 4.97E-07 8.31E-07 1.14E-02  1.73E-03 0.82208
11701.00 .8546279    2.11E-26 2.89E-22 1.32E-25 1.01E-07 1.39E-03 1.60E-08 5.20E-07 7.12E-03 3.71E-07 6.21E-07 8.51E-03  1.74E-03 0.82058
11711.00 .8538980    2.05E-26 2.81E-22 1.26E-25 1.20E-07 1.65E-03 1.91E-08 6.17E-07 8.46E-03 4.40E-07 7.37E-07 1.01E-02  1.75E-03 0.81773
11721.00 .8531696    1.91E-26 2.63E-22 1.21E-25 1.39E-07 1.90E-03 2.19E-08 7.09E-07 9.74E-03 5.05E-07 8.47E-07 1.16E-02  1.75E-03 0.82196
11731.00 .8524424    1.86E-26 2.56E-22 1.15E-25 1.39E-07 1.92E-03 2.22E-08 7.13E-07 9.81E-03 5.08E-07 8.52E-07 1.17E-02  1.76E-03 0.81787
11741.00 .8517162    1.82E-26 2.50E-22 1.09E-25 1.33E-07 1.84E-03 2.15E-08 6.83E-07 9.41E-03 4.88E-07 8.16E-07 1.12E-02  1.77E-03 0.81294
11751.00 .8509915    1.71E-26 2.36E-22 1.04E-25 1.40E-07 1.93E-03 2.24E-08 7.15E-07 9.87E-03 5.10E-07 8.55E-07 1.18E-02  1.78E-03 0.81682
11761.00 .8502678    1.61E-26 2.22E-22 9.99E-26 1.25E-07 1.74E-03 1.99E-08 6.38E-07 8.82E-03 4.54E-07 7.63E-07 1.06E-02  1.79E-03 0.81976
11771.00 .8495455    1.54E-26 2.13E-22 9.53E-26 1.34E-07 1.86E-03 2.14E-08 6.83E-07 9.46E-03 4.86E-07 8.17E-07 1.13E-02  1.79E-03 0.81894
11781.00 .8488245    1.47E-26 2.05E-22 9.09E-26 1.43E-07 1.98E-03 2.27E-08 7.24E-07 1.00E-02 5.16E-07 8.67E-07 1.20E-02  1.80E-03 0.81831
11791.00 .8481044    1.42E-26 1.97E-22 8.66E-26 1.42E-07 1.98E-03 2.27E-08 7.21E-07 1.00E-02 5.13E-07 8.63E-07 1.20E-02  1.81E-03 0.81677
11801.00 .8473859    1.32E-26 1.84E-22 8.33E-26 1.42E-07 1.98E-03 2.24E-08 7.16E-07 9.97E-03 5.09E-07 8.58E-07 1.19E-02  1.82E-03 0.82250
11811.00 .8466683    1.28E-26 1.78E-22 7.92E-26 1.42E-07 1.97E-03 2.24E-08 7.13E-07 9.94E-03 5.07E-07 8.54E-07 1.19E-02  1.83E-03 0.81948
11821.00 .8459522    1.23E-26 1.72E-22 7.55E-26 1.43E-07 2.00E-03 2.28E-08 7.21E-07 1.01E-02 5.13E-07 8.65E-07 1.21E-02  1.84E-03 0.81778
11831.00 .8452373    1.17E-26 1.64E-22 7.21E-26 1.43E-07 2.00E-03 2.28E-08 7.20E-07 1.01E-02 5.12E-07 8.63E-07 1.21E-02  1.85E-03 0.81785
11841.00 .8445232    1.15E-26 1.62E-22 6.83E-26 1.39E-07 1.95E-03 2.25E-08 7.01E-07 9.83E-03 4.99E-07 8.40E-07 1.18E-02  1.85E-03 0.81164
11851.00 .8438107    1.14E-26 1.60E-22 6.46E-26 1.34E-07 1.89E-03 2.21E-08 6.79E-07 9.53E-03 4.84E-07 8.13E-07 1.14E-02  1.86E-03 0.80374
11861.00 .8430992    1.06E-26 1.49E-22 6.21E-26 1.40E-07 1.97E-03 2.27E-08 7.03E-07 9.89E-03 5.00E-07 8.43E-07 1.19E-02  1.87E-03 0.81006
11871.00 .8423891    9.93E-27 1.40E-22 5.94E-26 1.40E-07 1.98E-03 2.26E-08 7.02E-07 9.89E-03 4.99E-07 8.42E-07 1.19E-02  1.88E-03 0.81161
11881.00 .8416801    9.93E-27 1.40E-22 5.58E-26 1.36E-07 1.92E-03 2.26E-08 6.84E-07 9.66E-03 4.88E-07 8.20E-07 1.16E-02  1.89E-03 0.79839
11891.00 .8409721    9.75E-27 1.38E-22 5.28E-26 1.34E-07 1.90E-03 2.27E-08 6.77E-07 9.57E-03 4.83E-07 8.11E-07 1.15E-02  1.90E-03 0.79086
11901.00 .8402656    9.02E-27 1.28E-22 5.10E-26 1.38E-07 1.95E-03 2.28E-08 6.89E-07 9.75E-03 4.91E-07 8.26E-07 1.17E-02  1.90E-03 0.80066
11911.00 .8395600    8.62E-27 1.22E-22 4.87E-26 1.37E-07 1.95E-03 2.27E-08 6.85E-07 9.72E-03 4.88E-07 8.22E-07 1.17E-02  1.91E-03 0.80019
11921.00 .8388559    8.64E-27 1.23E-22 4.57E-26 1.27E-07 1.81E-03 2.18E-08 6.40E-07 9.09E-03 4.57E-07 7.67E-07 1.09E-02  1.92E-03 0.78628
11931.00 .8381528    8.29E-27 1.18E-22 4.35E-26 1.33E-07 1.89E-03 2.26E-08 6.64E-07 9.45E-03 4.74E-07 7.96E-07 1.13E-02  1.93E-03 0.78472
11941.00 .8374507    8.23E-27 1.17E-22 4.09E-26 1.30E-07 1.85E-03 2.26E-08 6.50E-07 9.28E-03 4.66E-07 7.80E-07 1.11E-02  1.94E-03 0.77387
11951.00 .8367501    7.79E-27 1.11E-22 3.92E-26 1.30E-07 1.86E-03 2.23E-08 6.48E-07 9.25E-03 4.64E-07 7.78E-07 1.11E-02  1.94E-03 0.77553
11961.00 .8360505    7.95E-27 1.14E-22 3.64E-26 1.24E-07 1.78E-03 2.22E-08 6.23E-07 8.91E-03 4.49E-07 7.47E-07 1.07E-02  1.95E-03 0.75570
11971.00 .8353522    7.40E-27 1.06E-22 3.51E-26 1.26E-07 1.81E-03 2.23E-08 6.31E-07 9.04E-03 4.52E-07 7.57E-07 1.09E-02  1.96E-03 0.76248
11981.00 .8346550    6.89E-27 9.89E-23 3.38E-26 1.27E-07 1.82E-03 2.21E-08 6.31E-07 9.05E-03 4.51E-07 7.58E-07 1.09E-02  1.97E-03 0.76966
11991.00 .8339587    7.50E-27 1.08E-22 3.04E-26 1.14E-07 1.64E-03 2.13E-08 5.68E-07 8.17E-03 4.11E-07 6.82E-07 9.80E-03  1.97E-03 0.72530
12001.00 .8332639    7.11E-27 1.02E-22 2.90E-26 1.11E-07 1.60E-03 2.10E-08 5.57E-07 8.03E-03 4.03E-07 6.68E-07 9.63E-03  1.98E-03 0.72512
12011.00 .8325701    6.35E-27 9.16E-23 2.75E-26 1.17E-07 1.69E-03 2.12E-08 5.79E-07 8.35E-03 4.15E-07 6.96E-07 1.00E-02  1.99E-03 0.71902
12021.00 .8318776    6.91E-27 9.99E-23 2.50E-26 1.06E-07 1.53E-03 2.09E-08 5.30E-07 7.66E-03 3.87E-07 6.36E-07 9.20E-03  1.99E-03 0.68573
12031.00 .8311862    5.96E-27 8.63E-23 2.57E-26 1.17E-07 1.70E-03 2.16E-08 5.83E-07 8.44E-03 4.20E-07 7.00E-07 1.01E-02  2.00E-03 0.73662
12041.00 .8304957    6.09E-27 8.83E-23 2.33E-26 1.11E-07 1.61E-03 2.11E-08 5.51E-07 7.98E-03 3.99E-07 6.62E-07 9.60E-03  2.01E-03 0.70162
12051.00 .8298067    5.60E-27 8.14E-23 2.21E-26 1.11E-07 1.62E-03 2.11E-08 5.48E-07 7.95E-03 3.95E-07 6.59E-07 9.57E-03  2.01E-03 0.69632
12061.00 .8291186    4.67E-27 6.79E-23 2.02E-26 1.05E-07 1.53E-03 2.07E-08 5.17E-07 7.52E-03 3.75E-07 6.22E-07 9.05E-03  2.02E-03 0.66709
12071.00 .8284318    4.25E-27 6.19E-23 1.96E-26 1.08E-07 1.57E-03 2.11E-08 5.30E-07 7.72E-03 3.84E-07 6.38E-07 9.30E-03  2.03E-03 0.67553
12081.00 .8277462    4.22E-27 6.16E-23 1.76E-26 9.52E-08 1.39E-03 2.01E-08 4.71E-07 6.88E-03 3.45E-07 5.66E-07 8.27E-03  2.03E-03 0.63533

                                             RADIANCE(WATTS/CM2-STER-XXX)

  FREQ  WAVELENGTH     PATH_THERMAL    SURFACE      PATH_SCATTERED_SOLAR   GROUND_REFLECTED_RADIANCE   TOTAL_RADIANCE   INTEGRAL    TOTAL
                                       EMISSION     TOTAL RAD      SINGLE        TOTAL        DIRECT                                TRANS
 (CM-1) (MICRON)       (CM-1)  (MICRN)   (CM-1)   (CM-1)  (MICRN)   (CM-1)   (CM-1)  (MICRN)   (CM-1)   (CM-1)  (MICRN)

12091.00 .8270614    3.68E-27 5.39E-23 1.98E-26 1.28E-07 1.87E-03 2.27E-08 6.24E-07 9.13E-03 4.46E-07 7.52E-07 1.10E-02  2.04E-03 0.75166
12101.00 .8263780    3.66E-27 5.36E-23 1.79E-26 1.15E-07 1.68E-03 2.18E-08 5.64E-07 8.27E-03 4.07E-07 6.79E-07 9.95E-03  2.05E-03 0.70903
12111.00 .8256956    3.50E-27 5.13E-23 1.69E-26 1.14E-07 1.67E-03 2.16E-08 5.59E-07 8.20E-03 4.03E-07 6.73E-07 9.87E-03  2.05E-03 0.70507
12121.00 .8250145    3.19E-27 4.68E-23 1.74E-26 1.29E-07 1.90E-03 2.27E-08 6.25E-07 9.19E-03 4.46E-07 7.55E-07 1.11E-02  2.06E-03 0.75986
12131.00 .8243345    3.27E-27 4.82E-23 1.55E-26 1.13E-07 1.66E-03 2.17E-08 5.50E-07 8.10E-03 3.97E-07 6.63E-07 9.75E-03  2.07E-03 0.70740
12141.00 .8236553    3.30E-27 4.86E-23 1.26E-26 8.73E-08 1.29E-03 1.93E-08 4.25E-07 6.26E-03 3.12E-07 5.12E-07 7.55E-03  2.07E-03 0.60197
12151.00 .8229776    3.17E-27 4.68E-23 8.92E-27 5.78E-08 8.53E-04 1.61E-08 2.73E-07 4.03E-03 2.05E-07 3.31E-07 4.88E-03  2.08E-03 0.44791
12161.00 .8223007    2.82E-27 4.17E-23 1.30E-26 1.06E-07 1.57E-03 2.08E-08 5.16E-07 7.63E-03 3.73E-07 6.22E-07 9.20E-03  2.08E-03 0.68407
12171.00 .8216252    2.61E-27 3.87E-23 1.33E-26 1.18E-07 1.75E-03 2.20E-08 5.75E-07 8.51E-03 4.12E-07 6.93E-07 1.03E-02  2.09E-03 0.73138
12181.00 .8209508    2.41E-27 3.58E-23 1.33E-26 1.31E-07 1.94E-03 2.29E-08 6.29E-07 9.33E-03 4.48E-07 7.60E-07 1.13E-02  2.10E-03 0.76787
12191.00 .8202772    2.49E-27 3.70E-23 1.09E-26 9.94E-08 1.48E-03 2.03E-08 4.82E-07 7.17E-03 3.50E-07 5.82E-07 8.64E-03  2.10E-03 0.65475
12201.00 .8196050    2.35E-27 3.49E-23 1.03E-26 9.85E-08 1.47E-03 2.00E-08 4.73E-07 7.03E-03 3.41E-07 5.71E-07 8.50E-03  2.11E-03 0.64924
12211.00 .8189337    2.28E-27 3.39E-23 9.75E-27 9.84E-08 1.47E-03 2.03E-08 4.74E-07 7.07E-03 3.44E-07 5.73E-07 8.54E-03  2.11E-03 0.64580
12221.00 .8182637    2.24E-27 3.34E-23 8.44E-27 8.41E-08 1.26E-03 1.90E-08 4.03E-07 6.03E-03 2.95E-07 4.88E-07 7.28E-03  2.12E-03 0.58403
12231.00 .8175948    2.07E-27 3.10E-23 8.77E-27 1.01E-07 1.51E-03 2.08E-08 4.83E-07 7.22E-03 3.49E-07 5.83E-07 8.73E-03  2.12E-03 0.63805
12241.00 .8169267    2.01E-27 3.01E-23 7.69E-27 8.82E-08 1.32E-03 1.96E-08 4.20E-07 6.29E-03 3.06E-07 5.08E-07 7.61E-03  2.13E-03 0.58411
12251.00 .8162600    1.62E-27 2.43E-23 7.41E-27 9.06E-08 1.36E-03 1.98E-08 4.29E-07 6.44E-03 3.13E-07 5.20E-07 7.80E-03  2.13E-03 0.59188
12261.00 .8155941    1.42E-27 2.13E-23 7.31E-27 9.10E-08 1.37E-03 2.03E-08 4.36E-07 6.55E-03 3.21E-07 5.27E-07 7.92E-03  2.14E-03 0.60960
12271.00 .8149295    1.24E-27 1.86E-23 6.98E-27 8.99E-08 1.35E-03 2.04E-08 4.34E-07 6.54E-03 3.19E-07 5.24E-07 7.89E-03  2.14E-03 0.61066
12281.00 .8142661    1.13E-27 1.70E-23 7.17E-27 1.02E-07 1.53E-03 2.15E-08 4.90E-07 7.39E-03 3.59E-07 5.92E-07 8.92E-03  2.15E-03 0.65689
12291.00 .8136034    1.18E-27 1.79E-23 6.68E-27 9.89E-08 1.49E-03 2.12E-08 4.73E-07 7.15E-03 3.44E-07 5.72E-07 8.64E-03  2.16E-03 0.64072
12301.00 .8129421    1.04E-27 1.58E-23 7.24E-27 1.23E-07 1.85E-03 2.31E-08 5.81E-07 8.80E-03 4.16E-07 7.04E-07 1.06E-02  2.16E-03 0.72779
12311.00 .8122816    1.01E-27 1.53E-23 7.00E-27 1.24E-07 1.88E-03 2.33E-08 5.89E-07 8.93E-03 4.21E-07 7.13E-07 1.08E-02  2.17E-03 0.73721
12321.00 .8116225    9.81E-28 1.49E-23 6.75E-27 1.27E-07 1.93E-03 2.35E-08 6.03E-07 9.15E-03 4.30E-07 7.30E-07 1.11E-02  2.18E-03 0.74507
12331.00 .8109643    9.71E-28 1.48E-23 6.61E-27 1.34E-07 2.04E-03 2.40E-08 6.32E-07 9.61E-03 4.49E-07 7.66E-07 1.16E-02  2.19E-03 0.76379
12341.00 .8103070    9.57E-28 1.46E-23 6.43E-27 1.39E-07 2.11E-03 2.41E-08 6.49E-07 9.88E-03 4.58E-07 7.87E-07 1.20E-02  2.19E-03 0.77899
12351.00 .8096511    9.11E-28 1.39E-23 6.12E-27 1.36E-07 2.08E-03 2.37E-08 6.37E-07 9.72E-03 4.50E-07 7.73E-07 1.18E-02  2.20E-03 0.77659
12361.00 .8089960    8.91E-28 1.36E-23 5.93E-27 1.43E-07 2.18E-03 2.42E-08 6.62E-07 1.01E-02 4.66E-07 8.05E-07 1.23E-02  2.21E-03 0.78757
12371.00 .8083422    8.55E-28 1.31E-23 5.68E-27 1.45E-07 2.22E-03 2.45E-08 6.71E-07 1.03E-02 4.72E-07 8.16E-07 1.25E-02  2.22E-03 0.79011
12381.00 .8076893    8.29E-28 1.27E-23 5.46E-27 1.49E-07 2.28E-03 2.48E-08 6.85E-07 1.05E-02 4.80E-07 8.34E-07 1.28E-02  2.23E-03 0.79687
12391.00 .8070373    7.90E-28 1.21E-23 5.20E-27 1.50E-07 2.30E-03 2.49E-08 6.86E-07 1.05E-02 4.82E-07 8.36E-07 1.28E-02  2.23E-03 0.79500
12401.00 .8063866    7.54E-28 1.16E-23 4.96E-27 1.51E-07 2.32E-03 2.52E-08 6.91E-07 1.06E-02 4.85E-07 8.41E-07 1.29E-02  2.24E-03 0.79423
12411.00 .8057368    7.26E-28 1.12E-23 4.76E-27 1.51E-07 2.33E-03 2.51E-08 6.92E-07 1.07E-02 4.85E-07 8.43E-07 1.30E-02  2.25E-03 0.79743
12421.00 .8050882    6.88E-28 1.06E-23 4.52E-27 1.46E-07 2.24E-03 2.43E-08 6.65E-07 1.03E-02 4.66E-07 8.10E-07 1.25E-02  2.26E-03 0.79307
12431.00 .8044406    6.33E-28 9.79E-24 4.21E-27 1.40E-07 2.17E-03 2.45E-08 6.46E-07 9.99E-03 4.56E-07 7.86E-07 1.22E-02  2.27E-03 0.77397
12441.00 .8037938    6.09E-28 9.42E-24 4.03E-27 1.43E-07 2.21E-03 2.47E-08 6.54E-07 1.01E-02 4.60E-07 7.97E-07 1.23E-02  2.27E-03 0.77620
12451.00 .8031484    5.79E-28 8.98E-24 3.83E-27 1.40E-07 2.17E-03 2.44E-08 6.41E-07 9.94E-03 4.52E-07 7.81E-07 1.21E-02  2.28E-03 0.77358
12461.00 .8025038    5.47E-28 8.49E-24 3.63E-27 1.38E-07 2.15E-03 2.46E-08 6.37E-07 9.89E-03 4.49E-07 7.75E-07 1.20E-02  2.29E-03 0.76782
12471.00 .8018604    5.35E-28 8.31E-24 3.51E-27 1.45E-07 2.25E-03 2.50E-08 6.60E-07 1.03E-02 4.64E-07 8.05E-07 1.25E-02  2.30E-03 0.77812
12481.00 .8012180    5.01E-28 7.81E-24 3.31E-27 1.42E-07 2.21E-03 2.48E-08 6.45E-07 1.00E-02 4.54E-07 7.86E-07 1.23E-02  2.31E-03 0.76741
12491.00 .8005763    4.84E-28 7.56E-24 3.18E-27 1.43E-07 2.23E-03 2.48E-08 6.48E-07 1.01E-02 4.56E-07 7.91E-07 1.23E-02  2.31E-03 0.77287
12501.00 .7999361    4.65E-28 7.27E-24 3.04E-27 1.42E-07 2.22E-03 2.46E-08 6.44E-07 1.01E-02 4.52E-07 7.86E-07 1.23E-02  2.32E-03 0.77568
12511.00 .7992966    4.58E-28 7.16E-24 2.96E-27 1.52E-07 2.38E-03 2.55E-08 6.84E-07 1.07E-02 4.78E-07 8.36E-07 1.31E-02  2.33E-03 0.79088
12521.00 .7986583    4.30E-28 6.74E-24 2.79E-27 1.48E-07 2.32E-03 2.53E-08 6.67E-07 1.05E-02 4.68E-07 8.15E-07 1.28E-02  2.34E-03 0.78133
12531.00 .7980210    4.20E-28 6.59E-24 2.71E-27 1.53E-07 2.40E-03 2.56E-08 6.86E-07 1.08E-02 4.79E-07 8.39E-07 1.32E-02  2.35E-03 0.79281
12541.00 .7973845    3.93E-28 6.18E-24 2.55E-27 1.48E-07 2.33E-03 2.54E-08 6.66E-07 1.05E-02 4.67E-07 8.14E-07 1.28E-02  2.36E-03 0.78170
12551.00 .7967494    3.63E-28 5.71E-24 2.37E-27 1.41E-07 2.22E-03 2.50E-08 6.37E-07 1.00E-02 4.49E-07 7.77E-07 1.22E-02  2.36E-03 0.76296
12561.00 .7961149    3.40E-28 5.37E-24 2.24E-27 1.36E-07 2.15E-03 2.46E-08 6.18E-07 9.75E-03 4.36E-07 7.54E-07 1.19E-02  2.37E-03 0.75430
12571.00 .7954817    3.50E-28 5.53E-24 2.24E-27 1.53E-07 2.42E-03 2.56E-08 6.81E-07 1.08E-02 4.75E-07 8.34E-07 1.32E-02  2.38E-03 0.79115
12581.00 .7948495    3.38E-28 5.35E-24 2.15E-27 1.50E-07 2.38E-03 2.49E-08 6.66E-07 1.05E-02 4.64E-07 8.16E-07 1.29E-02  2.39E-03 0.79628

                                             RADIANCE(WATTS/CM2-STER-XXX)

  FREQ  WAVELENGTH     PATH_THERMAL    SURFACE      PATH_SCATTERED_SOLAR   GROUND_REFLECTED_RADIANCE   TOTAL_RADIANCE   INTEGRAL    TOTAL
                                       EMISSION     TOTAL RAD      SINGLE        TOTAL        DIRECT                                TRANS
 (CM-1) (MICRON)       (CM-1)  (MICRN)   (CM-1)   (CM-1)  (MICRN)   (CM-1)   (CM-1)  (MICRN)   (CM-1)   (CM-1)  (MICRN)

12591.00 .7942180    3.27E-28 5.18E-24 2.07E-27 1.54E-07 2.44E-03 2.52E-08 6.78E-07 1.08E-02 4.72E-07 8.32E-07 1.32E-02  2.40E-03 0.80174
12601.00 .7935879    3.09E-28 4.90E-24 1.96E-27 1.51E-07 2.40E-03 2.51E-08 6.68E-07 1.06E-02 4.65E-07 8.19E-07 1.30E-02  2.40E-03 0.79519
12611.00 .7929584    2.83E-28 4.51E-24 1.82E-27 1.46E-07 2.33E-03 2.53E-08 6.50E-07 1.03E-02 4.55E-07 7.96E-07 1.27E-02  2.41E-03 0.77390
12621.00 .7923303    2.71E-28 4.31E-24 1.74E-27 1.46E-07 2.33E-03 2.53E-08 6.50E-07 1.03E-02 4.55E-07 7.96E-07 1.27E-02  2.42E-03 0.77342
12631.00 .7917031    2.62E-28 4.18E-24 1.67E-27 1.47E-07 2.34E-03 2.51E-08 6.49E-07 1.04E-02 4.54E-07 7.96E-07 1.27E-02  2.43E-03 0.78054
12641.00 .7910766    2.46E-28 3.92E-24 1.58E-27 1.46E-07 2.33E-03 2.54E-08 6.46E-07 1.03E-02 4.52E-07 7.92E-07 1.26E-02  2.44E-03 0.76975
12651.00 .7904514    2.35E-28 3.76E-24 1.50E-27 1.48E-07 2.36E-03 2.57E-08 6.52E-07 1.04E-02 4.56E-07 8.00E-07 1.28E-02  2.44E-03 0.77021
12661.00 .7898270    2.19E-28 3.51E-24 1.41E-27 1.42E-07 2.28E-03 2.54E-08 6.30E-07 1.01E-02 4.42E-07 7.72E-07 1.24E-02  2.45E-03 0.75737
12671.00 .7892038    2.14E-28 3.43E-24 1.37E-27 1.47E-07 2.36E-03 2.58E-08 6.49E-07 1.04E-02 4.55E-07 7.95E-07 1.28E-02  2.46E-03 0.76877
12681.00 .7885815    2.12E-28 3.41E-24 1.34E-27 1.55E-07 2.49E-03 2.62E-08 6.77E-07 1.09E-02 4.71E-07 8.32E-07 1.34E-02  2.47E-03 0.78670
12691.00 .7879599    2.01E-28 3.24E-24 1.27E-27 1.53E-07 2.46E-03 2.60E-08 6.68E-07 1.08E-02 4.66E-07 8.21E-07 1.32E-02  2.48E-03 0.78297
12701.00 .7873396    1.95E-28 3.14E-24 1.22E-27 1.57E-07 2.54E-03 2.64E-08 6.84E-07 1.10E-02 4.76E-07 8.41E-07 1.36E-02  2.48E-03 0.78957
12711.00 .7867201    1.86E-28 3.00E-24 1.17E-27 1.58E-07 2.55E-03 2.66E-08 6.86E-07 1.11E-02 4.77E-07 8.44E-07 1.36E-02  2.49E-03 0.78876
12721.00 .7861018    1.82E-28 2.95E-24 1.13E-27 1.61E-07 2.61E-03 2.64E-08 6.95E-07 1.12E-02 4.81E-07 8.56E-07 1.39E-02  2.50E-03 0.80072
12731.00 .7854844    1.74E-28 2.82E-24 1.08E-27 1.62E-07 2.62E-03 2.64E-08 6.95E-07 1.13E-02 4.81E-07 8.57E-07 1.39E-02  2.51E-03 0.80116
12741.00 .7848677    1.67E-28 2.70E-24 1.03E-27 1.65E-07 2.67E-03 2.69E-08 7.07E-07 1.15E-02 4.89E-07 8.72E-07 1.41E-02  2.52E-03 0.80116
12751.00 .7842523    1.60E-28 2.59E-24 9.84E-28 1.65E-07 2.69E-03 2.69E-08 7.07E-07 1.15E-02 4.89E-07 8.73E-07 1.42E-02  2.53E-03 0.80218
12761.00 .7836376    1.53E-28 2.49E-24 9.41E-28 1.62E-07 2.64E-03 2.63E-08 6.92E-07 1.13E-02 4.78E-07 8.55E-07 1.39E-02  2.54E-03 0.80360
12771.00 .7830241    1.46E-28 2.39E-24 8.98E-28 1.66E-07 2.70E-03 2.69E-08 7.06E-07 1.15E-02 4.87E-07 8.72E-07 1.42E-02  2.54E-03 0.80373
12781.00 .7824115    1.40E-28 2.29E-24 8.57E-28 1.68E-07 2.74E-03 2.72E-08 7.14E-07 1.17E-02 4.93E-07 8.82E-07 1.44E-02  2.55E-03 0.80370
12791.00 .7817996    1.34E-28 2.19E-24 8.18E-28 1.68E-07 2.75E-03 2.73E-08 7.14E-07 1.17E-02 4.93E-07 8.82E-07 1.44E-02  2.56E-03 0.80356
12801.00 .7811890    1.28E-28 2.10E-24 7.81E-28 1.66E-07 2.72E-03 2.69E-08 7.03E-07 1.15E-02 4.85E-07 8.69E-07 1.42E-02  2.57E-03 0.80366
12811.00 .7805791    1.22E-28 2.01E-24 7.45E-28 1.68E-07 2.76E-03 2.73E-08 7.10E-07 1.17E-02 4.90E-07 8.78E-07 1.44E-02  2.58E-03 0.80322
12821.00 .7799704    1.17E-28 1.92E-24 7.11E-28 1.66E-07 2.74E-03 2.70E-08 7.02E-07 1.15E-02 4.84E-07 8.69E-07 1.43E-02  2.59E-03 0.80331
12831.00 .7793626    1.12E-28 1.84E-24 6.78E-28 1.68E-07 2.77E-03 2.74E-08 7.10E-07 1.17E-02 4.89E-07 8.79E-07 1.45E-02  2.60E-03 0.80280
12841.00 .7787555    1.07E-28 1.76E-24 6.48E-28 1.69E-07 2.79E-03 2.75E-08 7.13E-07 1.18E-02 4.91E-07 8.82E-07 1.45E-02  2.61E-03 0.80287
12851.00 .7781496    1.02E-28 1.68E-24 6.18E-28 1.69E-07 2.80E-03 2.75E-08 7.12E-07 1.18E-02 4.90E-07 8.81E-07 1.46E-02  2.61E-03 0.80257
12861.00 .7775444    9.75E-29 1.61E-24 5.90E-28 1.66E-07 2.75E-03 2.70E-08 6.97E-07 1.15E-02 4.80E-07 8.64E-07 1.43E-02  2.62E-03 0.80241
12871.00 .7769405    9.32E-29 1.54E-24 5.63E-28 1.70E-07 2.82E-03 2.77E-08 7.13E-07 1.18E-02 4.90E-07 8.83E-07 1.46E-02  2.63E-03 0.80229
12881.00 .7763374    8.90E-29 1.48E-24 5.37E-28 1.70E-07 2.82E-03 2.77E-08 7.11E-07 1.18E-02 4.89E-07 8.81E-07 1.46E-02  2.64E-03 0.80201
12891.00 .7757350    8.51E-29 1.41E-24 5.12E-28 1.70E-07 2.83E-03 2.77E-08 7.10E-07 1.18E-02 4.88E-07 8.80E-07 1.46E-02  2.65E-03 0.80154
12901.00 .7751338    8.13E-29 1.35E-24 4.89E-28 1.62E-07 2.70E-03 2.64E-08 6.76E-07 1.12E-02 4.65E-07 8.38E-07 1.39E-02  2.66E-03 0.80134
12911.00 .7745333    7.76E-29 1.29E-24 4.66E-28 1.66E-07 2.77E-03 2.71E-08 6.91E-07 1.15E-02 4.75E-07 8.57E-07 1.43E-02  2.67E-03 0.80079
12921.00 .7739339    7.42E-29 1.24E-24 4.45E-28 1.71E-07 2.85E-03 2.79E-08 7.10E-07 1.19E-02 4.88E-07 8.81E-07 1.47E-02  2.68E-03 0.80047
12931.00 .7733355    7.08E-29 1.18E-24 4.24E-28 1.70E-07 2.84E-03 2.77E-08 7.05E-07 1.18E-02 4.84E-07 8.75E-07 1.46E-02  2.68E-03 0.79983
12941.00 .7727377    6.76E-29 1.13E-24 4.05E-28 1.66E-07 2.77E-03 2.71E-08 6.87E-07 1.15E-02 4.72E-07 8.52E-07 1.43E-02  2.69E-03 0.79898
12951.00 .7721412    6.46E-29 1.08E-24 3.86E-28 1.68E-07 2.81E-03 2.75E-08 6.95E-07 1.17E-02 4.77E-07 8.63E-07 1.45E-02  2.70E-03 0.79852
12961.00 .7715454    6.17E-29 1.04E-24 3.68E-28 1.66E-07 2.78E-03 2.72E-08 6.85E-07 1.15E-02 4.70E-07 8.51E-07 1.43E-02  2.71E-03 0.79788
12971.00 .7709506    5.88E-29 9.90E-25 3.51E-28 1.68E-07 2.83E-03 2.77E-08 6.97E-07 1.17E-02 4.78E-07 8.65E-07 1.46E-02  2.72E-03 0.79672
12981.00 .7703568    5.58E-29 9.40E-25 3.33E-28 1.65E-07 2.78E-03 2.75E-08 6.86E-07 1.16E-02 4.72E-07 8.51E-07 1.43E-02  2.73E-03 0.79240
12991.00 .7697636    5.26E-29 8.88E-25 3.15E-28 1.61E-07 2.72E-03 2.73E-08 6.74E-07 1.14E-02 4.65E-07 8.35E-07 1.41E-02  2.74E-03 0.78621
13001.00 .7691717    4.92E-29 8.31E-25 2.97E-28 1.57E-07 2.66E-03 2.71E-08 6.63E-07 1.12E-02 4.58E-07 8.20E-07 1.39E-02  2.74E-03 0.77595
13011.00 .7685804    4.61E-29 7.81E-25 2.80E-28 1.56E-07 2.64E-03 2.71E-08 6.57E-07 1.11E-02 4.56E-07 8.13E-07 1.38E-02  2.75E-03 0.76701
13021.00 .7679902    4.24E-29 7.18E-25 2.60E-28 1.48E-07 2.52E-03 2.64E-08 6.28E-07 1.07E-02 4.38E-07 7.77E-07 1.32E-02  2.76E-03 0.74650
13031.00 .7674009    3.90E-29 6.62E-25 2.42E-28 1.42E-07 2.41E-03 2.59E-08 6.03E-07 1.02E-02 4.21E-07 7.45E-07 1.26E-02  2.77E-03 0.72607
13041.00 .7668123    3.73E-29 6.35E-25 2.20E-28 1.26E-07 2.14E-03 2.35E-08 5.36E-07 9.11E-03 3.75E-07 6.61E-07 1.12E-02  2.77E-03 0.69238
13051.00 .7662249    3.29E-29 5.60E-25 2.00E-28 1.09E-07 1.86E-03 2.19E-08 4.76E-07 8.11E-03 3.37E-07 5.86E-07 9.98E-03  2.78E-03 0.65834
13061.00 .7656381    2.94E-29 5.01E-25 1.75E-28 9.76E-08 1.66E-03 2.08E-08 4.29E-07 7.32E-03 3.05E-07 5.27E-07 8.99E-03  2.78E-03 0.60292
13071.00 .7650524    2.76E-29 4.71E-25 1.50E-28 8.69E-08 1.48E-03 1.91E-08 3.77E-07 6.44E-03 2.66E-07 4.64E-07 7.92E-03  2.79E-03 0.54170
13081.00 .7644677    2.32E-29 3.96E-25 1.29E-28 7.21E-08 1.23E-03 1.71E-08 3.16E-07 5.41E-03 2.25E-07 3.89E-07 6.65E-03  2.79E-03 0.48919

                                             RADIANCE(WATTS/CM2-STER-XXX)

  FREQ  WAVELENGTH     PATH_THERMAL    SURFACE      PATH_SCATTERED_SOLAR   GROUND_REFLECTED_RADIANCE   TOTAL_RADIANCE   INTEGRAL    TOTAL
                                       EMISSION     TOTAL RAD      SINGLE        TOTAL        DIRECT                                TRANS
 (CM-1) (MICRON)       (CM-1)  (MICRN)   (CM-1)   (CM-1)  (MICRN)   (CM-1)   (CM-1)  (MICRN)   (CM-1)   (CM-1)  (MICRN)

13091.00 .7638835    1.89E-29 3.23E-25 1.07E-28 5.55E-08 9.51E-04 1.46E-08 2.46E-07 4.21E-03 1.77E-07 3.01E-07 5.16E-03  2.80E-03 0.42433
13101.00 .7633006    1.73E-29 2.97E-25 9.45E-29 4.85E-08 8.33E-04 1.33E-08 2.13E-07 3.65E-03 1.53E-07 2.61E-07 4.48E-03  2.80E-03 0.39343
13111.00 .7627183    1.80E-29 3.10E-25 9.66E-29 5.27E-08 9.06E-04 1.40E-08 2.31E-07 3.97E-03 1.66E-07 2.84E-07 4.88E-03  2.80E-03 0.42155
13121.00 .7621371    2.25E-29 3.88E-25 1.31E-28 9.59E-08 1.65E-03 1.98E-08 4.09E-07 7.05E-03 2.86E-07 5.05E-07 8.70E-03  2.81E-03 0.59820
13131.00 .7615567    1.48E-29 2.55E-25 8.24E-29 4.41E-08 7.61E-04 1.29E-08 1.97E-07 3.39E-03 1.44E-07 2.41E-07 4.16E-03  2.81E-03 0.39236
13141.00 .7609770    1.14E-29 1.97E-25 4.42E-29 1.54E-08 2.65E-04 7.40E-09 6.18E-08 1.07E-03 4.84E-08 7.72E-08 1.33E-03  2.81E-03 0.22128
13151.00 .7603985    1.18E-29 2.03E-25 3.79E-29 1.49E-08 2.58E-04 7.21E-09 5.82E-08 1.01E-03 4.61E-08 7.31E-08 1.26E-03  2.81E-03 0.19950
13161.00 .7598206    1.46E-29 2.52E-25 6.48E-29 4.53E-08 7.84E-04 1.36E-08 1.99E-07 3.44E-03 1.49E-07 2.44E-07 4.22E-03  2.81E-03 0.35932
13171.00 .7592438    2.21E-29 3.84E-25 1.28E-28 1.56E-07 2.70E-03 2.70E-08 6.30E-07 1.09E-02 4.32E-07 7.85E-07 1.36E-02  2.82E-03 0.74191
13181.00 .7586679    2.28E-29 3.96E-25 1.31E-28 1.70E-07 2.96E-03 2.81E-08 6.78E-07 1.18E-02 4.62E-07 8.49E-07 1.47E-02  2.83E-03 0.79403
13191.00 .7580926    2.18E-29 3.79E-25 1.25E-28 1.75E-07 3.05E-03 2.89E-08 6.96E-07 1.21E-02 4.74E-07 8.72E-07 1.52E-02  2.84E-03 0.79485
13201.00 .7575184    2.08E-29 3.63E-25 1.20E-28 1.75E-07 3.05E-03 2.87E-08 6.93E-07 1.21E-02 4.72E-07 8.67E-07 1.51E-02  2.85E-03 0.79473
13211.00 .7569449    1.99E-29 3.48E-25 1.14E-28 1.75E-07 3.06E-03 2.88E-08 6.93E-07 1.21E-02 4.71E-07 8.68E-07 1.51E-02  2.86E-03 0.79464
13221.00 .7563725    1.90E-29 3.33E-25 1.09E-28 1.75E-07 3.05E-03 2.88E-08 6.90E-07 1.21E-02 4.69E-07 8.65E-07 1.51E-02  2.86E-03 0.79437
13231.00 .7558009    1.82E-29 3.18E-25 1.04E-28 1.74E-07 3.05E-03 2.86E-08 6.86E-07 1.20E-02 4.67E-07 8.60E-07 1.51E-02  2.87E-03 0.79407
13241.00 .7552299    1.74E-29 3.05E-25 9.93E-29 1.77E-07 3.11E-03 2.92E-08 6.97E-07 1.22E-02 4.74E-07 8.74E-07 1.53E-02  2.88E-03 0.79383
13251.00 .7546601    1.66E-29 2.92E-25 9.47E-29 1.78E-07 3.12E-03 2.93E-08 6.99E-07 1.23E-02 4.75E-07 8.77E-07 1.54E-02  2.89E-03 0.79365
13261.00 .7540909    1.59E-29 2.79E-25 9.04E-29 1.79E-07 3.14E-03 2.94E-08 7.00E-07 1.23E-02 4.76E-07 8.79E-07 1.55E-02  2.90E-03 0.79323
13271.00 .7535228    1.52E-29 2.67E-25 8.62E-29 1.77E-07 3.12E-03 2.92E-08 6.93E-07 1.22E-02 4.71E-07 8.70E-07 1.53E-02  2.91E-03 0.79313
13281.00 .7529554    1.45E-29 2.56E-25 8.23E-29 1.76E-07 3.10E-03 2.90E-08 6.87E-07 1.21E-02 4.66E-07 8.62E-07 1.52E-02  2.92E-03 0.79287
13291.00 .7523888    1.38E-29 2.45E-25 7.85E-29 1.75E-07 3.10E-03 2.89E-08 6.84E-07 1.21E-02 4.64E-07 8.59E-07 1.52E-02  2.92E-03 0.79258
13301.00 .7518232    1.32E-29 2.34E-25 7.49E-29 1.78E-07 3.14E-03 2.93E-08 6.92E-07 1.23E-02 4.70E-07 8.70E-07 1.54E-02  2.93E-03 0.79218
13311.00 .7512583    1.26E-29 2.24E-25 7.15E-29 1.73E-07 3.06E-03 2.85E-08 6.71E-07 1.19E-02 4.55E-07 8.44E-07 1.50E-02  2.94E-03 0.79203
13321.00 .7506945    1.21E-29 2.14E-25 6.81E-29 1.78E-07 3.15E-03 2.94E-08 6.91E-07 1.23E-02 4.69E-07 8.69E-07 1.54E-02  2.95E-03 0.79139
13331.00 .7501314    1.15E-29 2.05E-25 6.50E-29 1.76E-07 3.14E-03 2.92E-08 6.84E-07 1.22E-02 4.64E-07 8.61E-07 1.53E-02  2.96E-03 0.79126
13341.00 .7495689    1.10E-29 1.96E-25 6.20E-29 1.73E-07 3.07E-03 2.86E-08 6.69E-07 1.19E-02 4.53E-07 8.41E-07 1.50E-02  2.97E-03 0.79103
13351.00 .7490076    1.05E-29 1.88E-25 5.92E-29 1.78E-07 3.18E-03 2.95E-08 6.89E-07 1.23E-02 4.67E-07 8.67E-07 1.55E-02  2.98E-03 0.79097
13361.00 .7484469    1.01E-29 1.80E-25 5.65E-29 1.77E-07 3.17E-03 2.94E-08 6.85E-07 1.22E-02 4.64E-07 8.62E-07 1.54E-02  2.98E-03 0.79068
13371.00 .7478873    9.61E-30 1.72E-25 5.39E-29 1.77E-07 3.17E-03 2.94E-08 6.83E-07 1.22E-02 4.63E-07 8.60E-07 1.54E-02  2.99E-03 0.79002
13381.00 .7473284    9.18E-30 1.64E-25 5.14E-29 1.78E-07 3.19E-03 2.96E-08 6.86E-07 1.23E-02 4.65E-07 8.65E-07 1.55E-02  3.00E-03 0.78963
13391.00 .7467701    8.77E-30 1.57E-25 4.90E-29 1.79E-07 3.20E-03 2.97E-08 6.86E-07 1.23E-02 4.65E-07 8.65E-07 1.55E-02  3.01E-03 0.78937
13401.00 .7462130    8.38E-30 1.50E-25 4.68E-29 1.77E-07 3.18E-03 2.95E-08 6.80E-07 1.22E-02 4.60E-07 8.57E-07 1.54E-02  3.02E-03 0.78884
13411.00 .7456565    7.99E-30 1.44E-25 4.46E-29 1.79E-07 3.21E-03 2.98E-08 6.85E-07 1.23E-02 4.63E-07 8.63E-07 1.55E-02  3.03E-03 0.78766
13421.00 .7451010    7.64E-30 1.38E-25 4.26E-29 1.75E-07 3.16E-03 2.92E-08 6.71E-07 1.21E-02 4.54E-07 8.47E-07 1.52E-02  3.04E-03 0.78819
13431.00 .7445463    7.28E-30 1.31E-25 4.05E-29 1.73E-07 3.11E-03 2.88E-08 6.59E-07 1.19E-02 4.46E-07 8.32E-07 1.50E-02  3.04E-03 0.78642
13441.00 .7439922    6.95E-30 1.26E-25 3.86E-29 1.78E-07 3.22E-03 2.98E-08 6.80E-07 1.23E-02 4.60E-07 8.58E-07 1.55E-02  3.05E-03 0.78571
13451.00 .7434392    6.66E-30 1.21E-25 3.69E-29 1.79E-07 3.24E-03 2.99E-08 6.82E-07 1.23E-02 4.61E-07 8.62E-07 1.56E-02  3.06E-03 0.78691
13461.00 .7428868    6.29E-30 1.14E-25 3.50E-29 1.74E-07 3.16E-03 2.95E-08 6.65E-07 1.21E-02 4.50E-07 8.40E-07 1.52E-02  3.07E-03 0.78108
13471.00 .7423354    6.00E-30 1.09E-25 3.33E-29 1.68E-07 3.05E-03 2.85E-08 6.40E-07 1.16E-02 4.33E-07 8.07E-07 1.47E-02  3.08E-03 0.77993
13481.00 .7417849    5.73E-30 1.04E-25 3.18E-29 1.68E-07 3.06E-03 2.86E-08 6.40E-07 1.16E-02 4.33E-07 8.08E-07 1.47E-02  3.09E-03 0.77945
13491.00 .7412348    5.41E-30 9.84E-26 3.01E-29 1.65E-07 3.00E-03 2.84E-08 6.27E-07 1.14E-02 4.25E-07 7.92E-07 1.44E-02  3.09E-03 0.77300
13501.00 .7406859    5.22E-30 9.52E-26 2.89E-29 1.73E-07 3.15E-03 2.94E-08 6.54E-07 1.19E-02 4.43E-07 8.27E-07 1.51E-02  3.10E-03 0.77832
13511.00 .7401376    4.91E-30 8.96E-26 2.73E-29 1.68E-07 3.07E-03 2.92E-08 6.38E-07 1.17E-02 4.33E-07 8.06E-07 1.47E-02  3.11E-03 0.76939
13521.00 .7395903    4.59E-30 8.39E-26 2.57E-29 1.63E-07 2.98E-03 2.90E-08 6.21E-07 1.14E-02 4.22E-07 7.84E-07 1.43E-02  3.12E-03 0.75880
13531.00 .7390438    4.42E-30 8.08E-26 2.46E-29 1.60E-07 2.93E-03 2.82E-08 6.07E-07 1.11E-02 4.12E-07 7.67E-07 1.40E-02  3.13E-03 0.76223
13541.00 .7384979    4.11E-30 7.54E-26 2.31E-29 1.58E-07 2.90E-03 2.88E-08 6.03E-07 1.11E-02 4.11E-07 7.61E-07 1.40E-02  3.13E-03 0.74902
13551.00 .7379529    4.03E-30 7.41E-26 2.24E-29 1.68E-07 3.09E-03 2.98E-08 6.37E-07 1.17E-02 4.32E-07 8.05E-07 1.48E-02  3.14E-03 0.76213
13561.00 .7374087    3.76E-30 6.91E-26 2.10E-29 1.63E-07 2.99E-03 2.95E-08 6.17E-07 1.13E-02 4.20E-07 7.80E-07 1.43E-02  3.15E-03 0.74902
13571.00 .7368654    3.48E-30 6.41E-26 1.97E-29 1.55E-07 2.85E-03 2.89E-08 5.88E-07 1.08E-02 4.02E-07 7.43E-07 1.37E-02  3.16E-03 0.73335
13581.00 .7363229    3.29E-30 6.07E-26 1.87E-29 1.51E-07 2.78E-03 2.86E-08 5.75E-07 1.06E-02 3.94E-07 7.25E-07 1.34E-02  3.16E-03 0.72960

                                             RADIANCE(WATTS/CM2-STER-XXX)

  FREQ  WAVELENGTH     PATH_THERMAL    SURFACE      PATH_SCATTERED_SOLAR   GROUND_REFLECTED_RADIANCE   TOTAL_RADIANCE   INTEGRAL    TOTAL
                                       EMISSION     TOTAL RAD      SINGLE        TOTAL        DIRECT                                TRANS
 (CM-1) (MICRON)       (CM-1)  (MICRN)   (CM-1)   (CM-1)  (MICRN)   (CM-1)   (CM-1)  (MICRN)   (CM-1)   (CM-1)  (MICRN)

13591.00 .7357810    3.25E-30 6.01E-26 1.82E-29 1.57E-07 2.91E-03 2.89E-08 5.97E-07 1.10E-02 4.07E-07 7.55E-07 1.39E-02  3.17E-03 0.74546
13601.00 .7352401    3.04E-30 5.63E-26 1.71E-29 1.56E-07 2.88E-03 2.91E-08 5.88E-07 1.09E-02 4.01E-07 7.44E-07 1.38E-02  3.18E-03 0.73292
13611.00 .7346998    2.91E-30 5.39E-26 1.63E-29 1.58E-07 2.92E-03 2.94E-08 5.95E-07 1.10E-02 4.06E-07 7.53E-07 1.39E-02  3.19E-03 0.73383
13621.00 .7341605    2.92E-30 5.43E-26 1.61E-29 1.70E-07 3.16E-03 3.02E-08 6.37E-07 1.18E-02 4.31E-07 8.07E-07 1.50E-02  3.19E-03 0.75881
13631.00 .7336220    2.55E-30 4.73E-26 1.44E-29 1.49E-07 2.76E-03 2.87E-08 5.60E-07 1.04E-02 3.84E-07 7.08E-07 1.32E-02  3.20E-03 0.71021
13641.00 .7330840    2.49E-30 4.62E-26 1.39E-29 1.50E-07 2.80E-03 2.86E-08 5.64E-07 1.05E-02 3.85E-07 7.14E-07 1.33E-02  3.21E-03 0.72130
13651.00 .7325471    2.44E-30 4.54E-26 1.34E-29 1.54E-07 2.87E-03 2.88E-08 5.76E-07 1.07E-02 3.92E-07 7.30E-07 1.36E-02  3.22E-03 0.72881
13661.00 .7320108    2.20E-30 4.11E-26 1.15E-29 1.28E-07 2.38E-03 2.72E-08 4.80E-07 8.95E-03 3.33E-07 6.07E-07 1.13E-02  3.22E-03 0.65199
13671.00 .7314754    1.85E-30 3.45E-26 1.09E-29 1.21E-07 2.25E-03 2.68E-08 4.58E-07 8.56E-03 3.20E-07 5.78E-07 1.08E-02  3.23E-03 0.64565
13681.00 .7309408    1.95E-30 3.64E-26 1.05E-29 1.26E-07 2.36E-03 2.67E-08 4.73E-07 8.85E-03 3.28E-07 5.99E-07 1.12E-02  3.23E-03 0.65707
13691.00 .7304068    1.88E-30 3.52E-26 9.43E-30 1.15E-07 2.16E-03 2.65E-08 4.33E-07 8.12E-03 3.03E-07 5.48E-07 1.03E-02  3.24E-03 0.61698
13701.00 .7298738    1.71E-30 3.21E-26 9.84E-30 1.32E-07 2.48E-03 2.79E-08 4.99E-07 9.36E-03 3.46E-07 6.31E-07 1.18E-02  3.25E-03 0.67322
13711.00 .7293413    1.49E-30 2.80E-26 8.17E-30 9.90E-08 1.86E-03 2.44E-08 3.73E-07 7.02E-03 2.65E-07 4.72E-07 8.88E-03  3.25E-03 0.58580
13721.00 .7288099    1.64E-30 3.08E-26 9.03E-30 1.35E-07 2.55E-03 2.72E-08 5.01E-07 9.44E-03 3.45E-07 6.37E-07 1.20E-02  3.26E-03 0.68000
13731.00 .7282792    1.50E-30 2.83E-26 8.29E-30 1.26E-07 2.37E-03 2.72E-08 4.69E-07 8.85E-03 3.25E-07 5.95E-07 1.12E-02  3.26E-03 0.65137
13741.00 .7277490    1.42E-30 2.69E-26 6.73E-30 9.95E-08 1.88E-03 2.48E-08 3.64E-07 6.87E-03 2.56E-07 4.63E-07 8.75E-03  3.27E-03 0.55649
13751.00 .7272199    1.44E-30 2.72E-26 7.67E-30 1.35E-07 2.56E-03 2.82E-08 5.00E-07 9.45E-03 3.44E-07 6.35E-07 1.20E-02  3.27E-03 0.66402
13761.00 .7266913    1.37E-30 2.59E-26 6.63E-30 1.13E-07 2.14E-03 2.62E-08 4.17E-07 7.90E-03 2.93E-07 5.30E-07 1.00E-02  3.28E-03 0.60059
13771.00 .7261637    1.16E-30 2.21E-26 6.71E-30 1.18E-07 2.24E-03 2.70E-08 4.44E-07 8.42E-03 3.11E-07 5.62E-07 1.07E-02  3.28E-03 0.63773
13781.00 .7256368    1.32E-30 2.51E-26 5.97E-30 1.15E-07 2.18E-03 2.62E-08 4.19E-07 7.96E-03 2.92E-07 5.34E-07 1.01E-02  3.29E-03 0.59295
13791.00 .7251105    1.12E-30 2.14E-26 5.99E-30 1.20E-07 2.28E-03 2.70E-08 4.42E-07 8.41E-03 3.08E-07 5.62E-07 1.07E-02  3.30E-03 0.62509
13801.00 .7245852    1.10E-30 2.09E-26 5.41E-30 1.14E-07 2.16E-03 2.61E-08 4.13E-07 7.87E-03 2.89E-07 5.26E-07 1.00E-02  3.30E-03 0.58990
13811.00 .7240605    1.08E-30 2.06E-26 5.37E-30 1.22E-07 2.32E-03 2.68E-08 4.43E-07 8.45E-03 3.07E-07 5.65E-07 1.08E-02  3.31E-03 0.61470
13821.00 .7235367    1.07E-30 2.04E-26 4.73E-30 1.08E-07 2.07E-03 2.58E-08 3.91E-07 7.46E-03 2.73E-07 4.99E-07 9.53E-03  3.31E-03 0.56864
13831.00 .7230136    1.00E-30 1.91E-26 5.48E-30 1.45E-07 2.77E-03 2.89E-08 5.29E-07 1.01E-02 3.61E-07 6.74E-07 1.29E-02  3.32E-03 0.68889
13841.00 .7224911    9.83E-31 1.88E-26 5.37E-30 1.48E-07 2.84E-03 2.86E-08 5.39E-07 1.03E-02 3.67E-07 6.88E-07 1.32E-02  3.33E-03 0.70761
13851.00 .7219696    9.38E-31 1.80E-26 5.15E-30 1.51E-07 2.89E-03 2.95E-08 5.50E-07 1.05E-02 3.75E-07 7.00E-07 1.34E-02  3.33E-03 0.70969
13861.00 .7214486    9.02E-31 1.73E-26 4.93E-30 1.52E-07 2.92E-03 2.96E-08 5.53E-07 1.06E-02 3.77E-07 7.05E-07 1.35E-02  3.34E-03 0.71248
13871.00 .7209286    8.08E-31 1.56E-26 4.10E-30 1.17E-07 2.25E-03 2.60E-08 4.25E-07 8.18E-03 2.95E-07 5.42E-07 1.04E-02  3.34E-03 0.61957
13881.00 .7204093    7.68E-31 1.48E-26 3.40E-30 9.83E-08 1.89E-03 2.48E-08 3.52E-07 6.78E-03 2.47E-07 4.50E-07 8.67E-03  3.35E-03 0.53960
13891.00 .7198905    6.49E-31 1.25E-26 3.40E-30 1.00E-07 1.94E-03 2.54E-08 3.66E-07 7.05E-03 2.59E-07 4.66E-07 8.99E-03  3.35E-03 0.56527
13901.00 .7193727    7.54E-31 1.46E-26 3.16E-30 9.88E-08 1.91E-03 2.45E-08 3.51E-07 6.77E-03 2.46E-07 4.49E-07 8.68E-03  3.36E-03 0.55215
13911.00 .7188556    8.00E-31 1.55E-26 2.82E-30 9.23E-08 1.79E-03 2.34E-08 3.21E-07 6.21E-03 2.26E-07 4.13E-07 8.00E-03  3.36E-03 0.51380
13921.00 .7183393    6.63E-31 1.28E-26 3.09E-30 1.12E-07 2.18E-03 2.59E-08 4.01E-07 7.77E-03 2.79E-07 5.13E-07 9.95E-03  3.37E-03 0.59156
13931.00 .7178237    5.73E-31 1.11E-26 2.80E-30 1.02E-07 1.99E-03 2.57E-08 3.68E-07 7.14E-03 2.60E-07 4.70E-07 9.13E-03  3.37E-03 0.56187
13941.00 .7173086    5.09E-31 9.90E-27 2.72E-30 1.05E-07 2.05E-03 2.65E-08 3.79E-07 7.36E-03 2.67E-07 4.84E-07 9.41E-03  3.38E-03 0.57256
13951.00 .7167946    5.33E-31 1.04E-26 2.98E-30 1.27E-07 2.47E-03 2.77E-08 4.56E-07 8.87E-03 3.14E-07 5.82E-07 1.13E-02  3.38E-03 0.65687
13961.00 .7162810    5.97E-31 1.16E-26 3.17E-30 1.63E-07 3.17E-03 3.06E-08 5.79E-07 1.13E-02 3.90E-07 7.42E-07 1.45E-02  3.39E-03 0.73232
13971.00 .7157685    5.87E-31 1.15E-26 3.09E-30 1.71E-07 3.33E-03 3.11E-08 6.04E-07 1.18E-02 4.05E-07 7.75E-07 1.51E-02  3.40E-03 0.74613
13981.00 .7152565    5.55E-31 1.08E-26 2.92E-30 1.63E-07 3.19E-03 3.01E-08 5.78E-07 1.13E-02 3.88E-07 7.41E-07 1.45E-02  3.41E-03 0.74040
13991.00 .7147452    5.43E-31 1.06E-26 2.83E-30 1.71E-07 3.35E-03 3.07E-08 6.02E-07 1.18E-02 4.03E-07 7.73E-07 1.51E-02  3.41E-03 0.75185
14001.00 .7142348    5.25E-31 1.03E-26 2.72E-30 1.79E-07 3.51E-03 3.18E-08 6.29E-07 1.23E-02 4.20E-07 8.08E-07 1.58E-02  3.42E-03 0.75690
14011.00 .7137249    5.06E-31 9.94E-27 2.61E-30 1.81E-07 3.56E-03 3.18E-08 6.34E-07 1.24E-02 4.22E-07 8.15E-07 1.60E-02  3.43E-03 0.76112
14021.00 .7132159    4.79E-31 9.41E-27 2.48E-30 1.74E-07 3.42E-03 3.10E-08 6.10E-07 1.20E-02 4.07E-07 7.84E-07 1.54E-02  3.44E-03 0.75617
14031.00 .7127077    4.65E-31 9.15E-27 2.38E-30 1.82E-07 3.58E-03 3.18E-08 6.33E-07 1.25E-02 4.21E-07 8.14E-07 1.60E-02  3.45E-03 0.76339
14041.00 .7121999    4.42E-31 8.72E-27 2.27E-30 1.81E-07 3.56E-03 3.17E-08 6.29E-07 1.24E-02 4.18E-07 8.09E-07 1.60E-02  3.45E-03 0.76141
14051.00 .7116932    4.25E-31 8.38E-27 2.17E-30 1.82E-07 3.60E-03 3.18E-08 6.32E-07 1.25E-02 4.20E-07 8.14E-07 1.61E-02  3.46E-03 0.76343
14061.00 .7111869    4.02E-31 7.95E-27 2.06E-30 1.80E-07 3.56E-03 3.18E-08 6.25E-07 1.24E-02 4.16E-07 8.05E-07 1.59E-02  3.47E-03 0.75911
14071.00 .7106816    3.83E-31 7.58E-27 1.96E-30 1.82E-07 3.61E-03 3.23E-08 6.32E-07 1.25E-02 4.20E-07 8.14E-07 1.61E-02  3.48E-03 0.75715
14081.00 .7101769    3.64E-31 7.22E-27 1.87E-30 1.81E-07 3.59E-03 3.24E-08 6.29E-07 1.25E-02 4.18E-07 8.10E-07 1.61E-02  3.49E-03 0.75519

                                             RADIANCE(WATTS/CM2-STER-XXX)

  FREQ  WAVELENGTH     PATH_THERMAL    SURFACE      PATH_SCATTERED_SOLAR   GROUND_REFLECTED_RADIANCE   TOTAL_RADIANCE   INTEGRAL    TOTAL
                                       EMISSION     TOTAL RAD      SINGLE        TOTAL        DIRECT                                TRANS
 (CM-1) (MICRON)       (CM-1)  (MICRN)   (CM-1)   (CM-1)  (MICRN)   (CM-1)   (CM-1)  (MICRN)   (CM-1)   (CM-1)  (MICRN)

14091.00 .7096728    3.50E-31 6.95E-27 1.79E-30 1.82E-07 3.60E-03 3.22E-08 6.27E-07 1.25E-02 4.17E-07 8.09E-07 1.61E-02  3.49E-03 0.75773
14101.00 .7091696    3.33E-31 6.61E-27 1.70E-30 1.78E-07 3.54E-03 3.17E-08 6.15E-07 1.22E-02 4.09E-07 7.93E-07 1.58E-02  3.50E-03 0.75449
14111.00 .7086669    3.22E-31 6.41E-27 1.63E-30 1.81E-07 3.61E-03 3.18E-08 6.23E-07 1.24E-02 4.13E-07 8.04E-07 1.60E-02  3.51E-03 0.76031
14121.00 .7081652    2.99E-31 5.95E-27 1.53E-30 1.78E-07 3.55E-03 3.24E-08 6.14E-07 1.23E-02 4.10E-07 7.92E-07 1.58E-02  3.52E-03 0.74610
14131.00 .7076641    2.88E-31 5.75E-27 1.47E-30 1.80E-07 3.59E-03 3.25E-08 6.20E-07 1.24E-02 4.13E-07 8.00E-07 1.60E-02  3.53E-03 0.75041
14141.00 .7071635    2.78E-31 5.56E-27 1.41E-30 1.77E-07 3.54E-03 3.15E-08 6.08E-07 1.21E-02 4.03E-07 7.85E-07 1.57E-02  3.53E-03 0.75540
14151.00 .7066639    2.59E-31 5.18E-27 1.32E-30 1.75E-07 3.50E-03 3.20E-08 6.01E-07 1.20E-02 4.01E-07 7.76E-07 1.55E-02  3.54E-03 0.74270
14161.00 .7061648    2.48E-31 4.97E-27 1.27E-30 1.75E-07 3.51E-03 3.20E-08 6.02E-07 1.21E-02 4.02E-07 7.78E-07 1.56E-02  3.55E-03 0.74392
14171.00 .7056665    2.34E-31 4.70E-27 1.20E-30 1.73E-07 3.47E-03 3.19E-08 5.92E-07 1.19E-02 3.95E-07 7.65E-07 1.54E-02  3.56E-03 0.73725
14181.00 .7051690    2.22E-31 4.46E-27 1.14E-30 1.73E-07 3.49E-03 3.23E-08 5.94E-07 1.19E-02 3.97E-07 7.68E-07 1.54E-02  3.56E-03 0.73338
14191.00 .7046719    2.21E-31 4.44E-27 1.11E-30 1.84E-07 3.70E-03 3.28E-08 6.25E-07 1.26E-02 4.15E-07 8.09E-07 1.63E-02  3.57E-03 0.75293
14201.00 .7041758    1.98E-31 4.00E-27 1.02E-30 1.67E-07 3.37E-03 3.15E-08 5.70E-07 1.15E-02 3.81E-07 7.37E-07 1.49E-02  3.58E-03 0.72134
14211.00 .7036802    2.03E-31 4.09E-27 1.01E-30 1.84E-07 3.72E-03 3.25E-08 6.22E-07 1.26E-02 4.11E-07 8.06E-07 1.63E-02  3.59E-03 0.75400
14221.00 .7031855    1.86E-31 3.76E-27 9.43E-31 1.74E-07 3.51E-03 3.20E-08 5.89E-07 1.19E-02 3.92E-07 7.63E-07 1.54E-02  3.60E-03 0.73386
14231.00 .7026914    1.68E-31 3.41E-27 8.68E-31 1.58E-07 3.21E-03 3.08E-08 5.41E-07 1.09E-02 3.62E-07 6.99E-07 1.42E-02  3.60E-03 0.70875
14241.00 .7021978    1.66E-31 3.37E-27 8.48E-31 1.67E-07 3.38E-03 3.15E-08 5.67E-07 1.15E-02 3.79E-07 7.34E-07 1.49E-02  3.61E-03 0.72473
14251.00 .7017052    1.55E-31 3.15E-27 7.96E-31 1.59E-07 3.23E-03 3.06E-08 5.40E-07 1.10E-02 3.61E-07 6.99E-07 1.42E-02  3.62E-03 0.71352
14261.00 .7012131    1.53E-31 3.10E-27 7.75E-31 1.69E-07 3.43E-03 3.18E-08 5.71E-07 1.16E-02 3.81E-07 7.40E-07 1.50E-02  3.62E-03 0.72721
14271.00 .7007218    1.39E-31 2.83E-27 7.16E-31 1.57E-07 3.19E-03 3.10E-08 5.33E-07 1.09E-02 3.57E-07 6.90E-07 1.40E-02  3.63E-03 0.70401
14281.00 .7002312    1.39E-31 2.83E-27 7.02E-31 1.69E-07 3.44E-03 3.17E-08 5.68E-07 1.16E-02 3.78E-07 7.36E-07 1.50E-02  3.64E-03 0.72380

 MULTIPLE SCATTERING CALCULATION RESULTS:

 INTEGRATED COOLING RATES AND VERTICAL FLUXES FROM  9079.50 TO 14296.50 CM-1:

  CALC                                  COOLING RATE          TOTAL FLUX          TOTAL THERMAL              SCATTERED SOLAR
 LAYER    ALTITUDE    PRESSURE        TOTAL  NO DIRECT SUN     UP-DN-DIR       FLUX UP     FLUX DOWN       FLUX UP     FLUX DOWN
            (KM)          (MB)       (K/DAY)       (K/DAY)        (W/M2)        (W/M2)        (W/M2)        (W/M2)        (W/M2)
     1    0.000000 1012.998535     -2.127450      0.012029   -184.389516      0.000000      0.000000    122.771865     86.471772
          0.251141  984.028625     -1.967023      0.119272   -191.304276      0.000000      0.000000    120.270981     83.592117
          0.501522  955.887207     -1.816727      0.210077   -197.669754      0.000000      0.000000    118.076004     80.874062
          0.751141  928.550537     -1.676561      0.284444   -203.485931      0.000000      0.000000    116.186935     78.317627
     2    1.000000  901.995728     -1.546526      0.342372   -208.752817      0.000000      0.000000    114.603779     75.922791
          1.251699  875.884888     -1.426404      0.381737   -213.442810      0.000000      0.000000    113.388924     73.662025
          1.502971  850.530334     -1.317468      0.402563   -217.514694      0.000000      0.000000    112.538498     71.566330
          1.752757  825.909363     -1.217308      0.409922   -221.133835      0.000000      0.000000    111.899849     69.637413
     3    2.000000  802.001099     -1.123515      0.408884   -224.465570      0.000000      0.000000    111.320381     67.876991
          2.252816  777.938660     -1.033289      0.395939   -227.595917      0.000000      0.000000    110.780327     66.239296
          2.502797  754.597839     -0.951253      0.369582   -230.325439      0.000000      0.000000    110.374474     64.788612
          2.751380  731.957336     -0.875969      0.337506   -232.751663      0.000000      0.000000    110.055237     63.505642
     4    3.000000  709.996399     -0.805998      0.307401   -234.972100      0.000000      0.000000    109.775033     62.371045
          3.250996  688.544678     -0.741246      0.278756   -236.982635      0.000000      0.000000    109.536713     61.402714
          3.501760  667.740784     -0.682762      0.248443   -238.728760      0.000000      0.000000    109.362312     60.609825
          3.751644  647.565430     -0.629370      0.219662   -240.278595      0.000000      0.000000    109.227112     59.937160
     5    4.000000  628.000000     -0.579898      0.195614   -241.700181      0.000000      0.000000    109.106408     59.329487
          4.252172  608.620728     -0.533455      0.176727   -243.008133      0.000000      0.000000    108.998764     58.786861
          4.503052  589.839478     -0.491678      0.161841   -244.142990      0.000000      0.000000    108.918076     58.344830
          4.752407  571.637512     -0.454066      0.150434   -245.151443      0.000000      0.000000    108.854652     57.962788
     6    5.000000  553.997498     -0.420118      0.141985   -246.080278      0.000000      0.000000    108.798793     57.600144
          5.252847  536.429443     -0.389556      0.137520   -246.942627      0.000000      0.000000    108.750137     57.249920
          5.504034  519.418701     -0.363446      0.137182   -247.692795      0.000000      0.000000    108.714561     56.940586
          5.753204  502.947205     -0.340578      0.138522   -248.365341      0.000000      0.000000    108.687096     56.653873
     7    6.000000  486.998016     -0.319743      0.139093   -248.994822      0.000000      0.000000    108.662729     56.371503
          6.253031  470.975067     -0.300846      0.139104   -249.601486      0.000000      0.000000    108.640724     56.077065
          6.503223  455.479309     -0.285096      0.139593   -250.144577      0.000000      0.000000    108.624428     55.791988
          6.751803  440.493164     -0.270926      0.139279   -250.638245      0.000000      0.000000    108.612167     55.521931
     8    7.000000  426.000275     -0.256770      0.136883   -251.096450      0.000000      0.000000    108.602319     55.272546
          7.251352  411.806122     -0.242109      0.146263   -251.522476      0.000000      0.000000    108.594940     55.041969
          7.501978  398.084686     -0.227949      0.163374   -251.904449      0.000000      0.000000    108.590897     54.830685
          7.751616  384.820648     -0.214436      0.159927   -252.251083      0.000000      0.000000    108.589256     54.638660
     9    8.000000  371.998566     -0.201719      0.107637   -252.571022      0.000000      0.000000    108.589162     54.465873
          8.252053  359.370056     -0.189630     -0.052912   -252.867218      0.000000      0.000000    108.590843     54.313164
          8.503055  347.170105     -0.178336     -0.289260   -253.130081      0.000000      0.000000    108.594711     54.182846
          8.752529  335.384308     -0.167778     -0.496835   -253.367462      0.000000      0.000000    108.599915     54.067707
    10    9.000000  323.998779     -0.157898     -0.571070   -253.587185      0.000000      0.000000    108.605650     53.960545
          9.239982  313.231506     -0.160841     -4.331279   -253.785538      0.000000      0.000000    108.618401     54.354897
    11    9.950000  283.029114     -0.125815      0.290235   -254.267508      0.000000      0.000000    108.634340     53.626734
          9.962500  282.520111     -0.121879      1.436643   -254.274796      0.000000      0.000000    108.633217     53.508072
          9.974994  282.011993     -0.117762      2.626486   -254.282059      0.000000      0.000000    108.632278     53.403393
          9.987489  281.504974     -0.113740      3.817260   -254.289185      0.000000      0.000000    108.630821     53.259651
    12   10.000000  280.998688     -0.110088      4.966461   -254.296053      0.000000      0.000000    108.628133     53.023804
         10.012489  280.495209     -0.106943      6.062574   -254.302521      0.000000      0.000000    108.623764     52.662411
         10.024993  279.992493     -0.104128      7.131063   -254.308762      0.000000      0.000000    108.618187     52.209850
         10.037500  279.490662     -0.101482      8.173164   -254.314835      0.000000      0.000000    108.612076     51.717941
    13   10.050000  278.989868     -0.098843      9.190112   -254.320931      0.000000      0.000000    108.606096     51.238488
         10.277080  270.018311     -0.060383     27.408421   -254.421341      0.000000      0.000000    108.473236     41.115879
    14   10.950000  244.797775     -0.065513     14.513530   -254.641133      0.000000      0.000000    107.962798      5.245330
         10.962513  244.347046     -0.067261     12.206736   -254.644791      0.000000      0.000000    107.954536      4.694029
         10.975024  243.897018     -0.069075      9.741468   -254.648422      0.000000      0.000000    107.945976      4.125898
         10.987524  243.447937     -0.070942      7.406528   -254.652069      0.000000      0.000000    107.938110      3.602074
    15   11.000000  242.999680     -0.072851      5.490715   -254.655858      0.000000      0.000000    107.931936      3.183694
         11.012523  242.549469     -0.074848      4.148201   -254.659851      0.000000      0.000000    107.928078      2.910061
         11.025023  242.100098     -0.076917      3.208490   -254.663986      0.000000      0.000000    107.925919      2.743015
         11.037513  241.651566     -0.078981      2.443696   -254.668182      0.000000      0.000000    107.924469      2.621135
    16   11.050000  241.203857     -0.080963      1.625935   -254.672319      0.000000      0.000000    107.922774      2.483002
         11.764907  216.622910     -0.073080     -3.651560   -254.878418      0.000000      0.000000    107.939026      1.674665
    17   12.000000  208.999100     -0.061122     -0.823123   -254.936727      0.000000      0.000000    107.956615      2.196973
         12.252276  201.058334     -0.058082     -0.835489   -254.993774      0.000000      0.000000    107.965172      2.127831
         12.502554  193.419250     -0.056078     -0.545485   -255.044388      0.000000      0.000000    107.973495      2.062242
         12.751554  186.070343     -0.054722     -0.168303   -255.091064      0.000000      0.000000    107.981506      1.999568
    18   13.000000  179.000717     -0.053625      0.080868   -255.136415      0.000000      0.000000    107.989155      1.939175
         13.251759  172.113190     -0.052829      0.145169   -255.181244      0.000000      0.000000    107.996513      1.880320
         13.503059  165.490677     -0.052509      0.137232   -255.223740      0.000000      0.000000    108.003502      1.824090
         13.752831  159.122986     -0.052434      0.100518   -255.264160      0.000000      0.000000    108.010132      1.770280
    19   14.000000  153.000290     -0.052373      0.078488   -255.302779      0.000000      0.000000    108.016395      1.718688
         14.748689  135.403259     -0.052321      0.078640   -255.410156      0.000000      0.000000    108.033333      1.573915
    20   15.000000  129.999405     -0.052615      0.079346   -255.443603      0.000000      0.000000    108.038471      1.528487
         15.247557  124.964493     -0.053180      0.080483   -255.475677      0.000000      0.000000    108.043297      1.485106
         15.497194  120.124641     -0.053966      0.081995   -255.506897      0.000000      0.000000    108.047920      1.442839
         15.748235  115.472237     -0.054803      0.083791   -255.537292      0.000000      0.000000    108.052330      1.401353
    21   16.000000  110.999962     -0.055519      0.085778   -255.566776      0.000000      0.000000    108.056538      1.360313
         16.249157  106.763657     -0.056005      0.087858   -255.594894      0.000000      0.000000    108.060471      1.320448
         16.499598  102.689026     -0.056379      0.090121   -255.622131      0.000000      0.000000    108.064224      1.281246
         16.750240   98.769859     -0.056792      0.092666   -255.648529      0.000000      0.000000    108.067741      1.242343
    22   17.000000   95.000313     -0.057395      0.095595   -255.674227      0.000000      0.000000    108.070976      1.203373
         17.250387   91.344704     -0.058181      0.099050   -255.699234      0.000000      0.000000    108.073990      1.164089
         17.499975   87.829720     -0.059082      0.102924   -255.723358      0.000000      0.000000    108.076752      1.124954
         17.749577   84.450035     -0.060178      0.107026   -255.746948      0.000000      0.000000    108.079208      1.085688
    23   18.000000   81.200401     -0.061547      0.111161   -255.770371      0.000000      0.000000    108.081342      1.046009
         18.249353   78.102547     -0.063291      0.115456   -255.793442      0.000000      0.000000    108.083122      1.006047
         18.499361   75.122879     -0.065347      0.119978   -255.816208      0.000000      0.000000    108.084557      0.965657
         18.749687   72.256889     -0.067508      0.124335   -255.838730      0.000000      0.000000    108.085709      0.925184
    24   19.000000   69.500237     -0.069566      0.128136   -255.861034      0.000000      0.000000    108.086570      0.884978
         19.249708   66.852768     -0.071475      0.131369   -255.883148      0.000000      0.000000    108.087090      0.844889
         19.499414   64.306152     -0.073344      0.134216   -255.905090      0.000000      0.000000    108.087311      0.804769
         19.749414   61.856510     -0.075192      0.136563   -255.926758      0.000000      0.000000    108.087288      0.765159
    25   20.000000   59.500217     -0.077036      0.138295   -255.948093      0.000000      0.000000    108.087081      0.726598
         20.249508   57.250847     -0.078843      0.139373   -255.968964      0.000000      0.000000    108.086700      0.689265
         20.499653   55.086514     -0.080625      0.139873   -255.989548      0.000000      0.000000    108.086113      0.652657
         20.749969   53.004002     -0.082427      0.139827   -256.009766      0.000000      0.000000    108.085358      0.617167
    26   21.000000   51.000217     -0.084295      0.139267   -256.029627      0.000000      0.000000    108.084489      0.583188
         21.249498   49.068138     -0.086262      0.138426   -256.049042      0.000000      0.000000    108.083504      0.550722
         21.498394   47.209255     -0.088293      0.137211   -256.067993      0.000000      0.000000    108.082375      0.519645
         21.748093   45.420792     -0.090347      0.135162   -256.086700      0.000000      0.000000    108.081131      0.489947
    27   22.000000   43.700081     -0.092382      0.131818   -256.105277      0.000000      0.000000    108.079764      0.461618
         22.248842   42.087994     -0.094313      0.126632   -256.123291      0.000000      0.000000    108.078308      0.435222
         22.500210   40.535378     -0.096223      0.119957   -256.141205      0.000000      0.000000    108.076729      0.410034
         22.751472   39.040028     -0.098162      0.113016   -256.158875      0.000000      0.000000    108.075058      0.386329
    28   23.000000   37.599850     -0.100180      0.107030   -256.176033      0.000000      0.000000    108.073334      0.364383
         23.251513   36.170452     -0.102251      0.102270   -256.193085      0.000000      0.000000    108.071526      0.343889
         23.500084   34.795399     -0.104319      0.098232   -256.209625      0.000000      0.000000    108.069664      0.325332
         23.748611   33.472614     -0.106590      0.094497   -256.225891      0.000000      0.000000    108.067711      0.308216
    29   24.000000   32.200115     -0.109269      0.090647   -256.242149      0.000000      0.000000    108.065649      0.292045
         24.247871   31.010784     -0.112452      0.086675   -256.258057      0.000000      0.000000    108.063492      0.277361
         24.497889   29.865379     -0.116061      0.082691   -256.273926      0.000000      0.000000    108.061226      0.263856
         24.748962   28.762287     -0.119778      0.078799   -256.289612      0.000000      0.000000    108.058899      0.251133
    30   25.000000   27.699932     -0.123283      0.075106   -256.304961      0.000000      0.000000    108.056605      0.238796
         26.234972   23.014570     -0.137070      0.060681   -256.375366      0.000000      0.000000    108.045311      0.187290
         27.475788   19.121721     -0.147541      0.050961   -256.438416      0.000000      0.000000    108.033920      0.150111
         28.728710   15.887339     -0.157026      0.043721   -256.495331      0.000000      0.000000    108.022903      0.121918
    31   30.000000   13.200042     -0.167852      0.036735   -256.547422      0.000000      0.000000    108.012720      0.097371
         31.227438   11.066057     -0.180364      0.029553   -256.592285      0.000000      0.000000    108.003754      0.077612
         32.469318    9.277063     -0.193774      0.023008   -256.632141      0.000000      0.000000    107.995331      0.063502
         33.726543    7.777287     -0.206926      0.017897   -256.667725      0.000000      0.000000    107.987679      0.052837
    32   35.000000    6.519971     -0.218664      0.015019   -256.699769      0.000000      0.000000    107.981045      0.043411
         36.227276    5.511821     -0.227890      0.014953   -256.726807      0.000000      0.000000    107.975761      0.035646
         37.468323    4.659555     -0.235885      0.016980   -256.750183      0.000000      0.000000    107.971367      0.029956
         38.725208    3.939071     -0.243544      0.020174   -256.770630      0.000000      0.000000    107.967751      0.025491
    33   40.000000    3.329993     -0.251763      0.023608   -256.788886      0.000000      0.000000    107.964823      0.021400
         41.228268    2.839293     -0.258873      0.027450   -256.803894      0.000000      0.000000    107.962837      0.017808
         42.473068    2.420902     -0.265314      0.032130   -256.816437      0.000000      0.000000    107.961601      0.014867
         43.731331    2.064163     -0.273798      0.036616   -256.827362      0.000000      0.000000    107.960793      0.012402
    34   45.000000    1.759993     -0.287039      0.039875   -256.837579      0.000000      0.000000    107.960107      0.010241
         46.237606    1.508963     -0.305963      0.041552   -256.846771      0.000000      0.000000    107.959557      0.008474
         47.488232    1.293737     -0.329263      0.042317   -256.854919      0.000000      0.000000    107.959221      0.007083
         48.744747    1.109209     -0.354578      0.042439   -256.862305      0.000000      0.000000    107.959045      0.005949
    35   50.000000    0.951001     -0.379548      0.042186   -256.869184      0.000000      0.000000    107.958850      0.004950
         51.253246    0.815807     -0.404995      0.041590   -256.875519      0.000000      0.000000    107.958664      0.004105
         52.510883    0.699832     -0.431748      0.040520   -256.881317      0.000000      0.000000    107.958511      0.003458
         53.763081    0.600344     -0.457204      0.039014   -256.886505      0.000000      0.000000    107.958420      0.002937
    36   55.000000    0.514999     -0.478758      0.037106   -256.891273      0.000000      0.000000    107.958314      0.002471
         56.271133    0.439033     -0.495140      0.034016   -256.895660      0.000000      0.000000    107.958237      0.002052
         57.530365    0.374273     -0.507253      0.030023   -256.899475      0.000000      0.000000    107.958160      0.001731
         58.774414    0.319065     -0.518045      0.026493   -256.902832      0.000000      0.000000    107.958115      0.001468
    37   60.000000    0.272001     -0.530461      0.024796   -256.905956      0.000000      0.000000    107.958064      0.001224
         62.633118    0.191623     -0.581434      0.031554   -256.911469      0.000000      0.000000    107.957993      0.000798
         65.187653    0.134997     -0.647658      0.047713   -256.915253      0.000000      0.000000    107.957947      0.000554
         67.648361    0.095104     -0.692666      0.064962   -256.917908      0.000000      0.000000    107.957916      0.000407
    38   70.000000    0.067000     -0.679988      0.074991   -256.920211      0.000000      0.000000    107.957888      0.000276
         72.691368    0.043587     -0.871236      0.100149   -256.922363      0.000000      0.000000    107.957863      0.000144
    39   80.000000    0.012000      0.132313      0.039276   -256.924338      0.000000      0.000000    107.957850      0.000048
         85.301285    0.004595      6.470125     -0.473180   -256.925629      0.000000      0.000000    107.957840     -0.000023
         90.401711    0.001760     17.023754     -1.338495   -256.926208      0.000000      0.000000    107.957825     -0.000055
         95.301285    0.000674     31.793205     -2.556672   -256.926086      0.000000      0.000000    107.957832     -0.000048
    40  100.000000    0.000258     50.778475     -4.127708   -256.925217      0.000000      0.000000    107.957842      0.000000

 INTEGRATED ABSORPTION FROM  9091.00 TO 14281.00 CM-1 =   1446.5950 CM-1
 AVERAGE TRANSMITTANCE = 0.7213

VOIGT SINGLE LINE SPECTRAL BIN TRANSMITTANCES ARE COMPUTED FROM AN INFINITE SERIES OF MODIFIED
BESSEL FUNCTIONS OF THE FIRST KIND TRUNCATED AFTER AT MOST 8 TERMS (I7).  THE MAXIMUM MAGNITUDE
OF THE 8th TERM WAS  0.01390 AND THIS VALUE OCCURRED AT SPECTRAL FREQUENCY 10590.00 CM-1.

 INTEGRATED TOTAL RADIANCE =  3.6354E-03 WATTS CM-2 STER-1 (FROM  9091.00 TO 14281.00 CM-1 )
 MINIMUM SPECTRAL RADIANCE =  3.7124E-08 WATTS CM-2 STER-1 / CM-1  AT 10701.00 CM-1
 MAXIMUM SPECTRAL RADIANCE =  8.9054E-07 WATTS CM-2 STER-1 / CM-1  AT 11571.00 CM-1

 TARGET-PIXEL (H2) SURFACE TEMPERATURE [K] =    294.200
 AREA-AVERAGED GROUND TEMPERATURE [K]      =    294.200
 TARGET-PIXEL (H2) DIRECTIONAL EMISSIVITY  =      0.600
 AREA-AVERAGED GROUND EMISSIVITY           =      0.600

 CARD 5 *****    0   0       0.  0       0.  0       1.
