case_id,source_file,raw_unit_radiance,raw_unit_irradiance,si_unit_radiance,si_unit_irradiance,conversion_method,wavenumber_cm1,wavelength_um,tau_los
mwir_std_trans,D:\HwaSimIR\HwaSim_IR\Bin\Config\Atmosphere\MODTRAN\raw\audit_mwir_standard_20260906\mwir_std_trans\MODOUT2.txt,W/(cm^2 sr cm^-1),W/(cm^2 cm^-1),W/(m^2 sr um),W/(m^2 um),value_si=value_native*1e8/(wavelength_um^2),2000.0,5.0,0.8343
mwir_std_trans,D:\HwaSimIR\HwaSim_IR\Bin\Config\Atmosphere\MODTRAN\raw\audit_mwir_standard_20260906\mwir_std_trans\MODOUT2.txt,W/(cm^2 sr cm^-1),W/(cm^2 cm^-1),W/(m^2 sr um),W/(m^2 um),value_si=value_native*1e8/(wavelength_um^2),2001.0,4.997501249375312,0.9332
mwir_std_trans,D:\HwaSimIR\HwaSim_IR\Bin\Config\Atmosphere\MODTRAN\raw\audit_mwir_standard_20260906\mwir_std_trans\MODOUT2.txt,W/(cm^2 sr cm^-1),W/(cm^2 cm^-1),W/(m^2 sr um),W/(m^2 um),value_si=value_native*1e8/(wavelength_um^2),2002.0,4.995004995004995,0.9593
mwir_std_trans,D:\HwaSimIR\HwaSim_IR\Bin\Config\Atmosphere\MODTRAN\raw\audit_mwir_standard_20260906\mwir_std_trans\MODOUT2.txt,W/(cm^2 sr cm^-1),W/(cm^2 cm^-1),W/(m^2 sr um),W/(m^2 um),value_si=value_native*1e8/(wavelength_um^2),2003.0,4.992511233150275,0.9443
mwir_std_trans,D:\HwaSimIR\HwaSim_IR\Bin\Config\Atmosphere\MODTRAN\raw\audit_mwir_standard_20260906\mwir_std_trans\MODOUT2.txt,W/(cm^2 sr cm^-1),W/(cm^2 cm^-1),W/(m^2 sr um),W/(m^2 um),value_si=value_native*1e8/(wavelength_um^2),2004.0,4.990019960079841,0.962
mwir_std_trans,D:\HwaSimIR\HwaSim_IR\Bin\Config\Atmosphere\MODTRAN\raw\audit_mwir_standard_20260906\mwir_std_trans\MODOUT2.txt,W/(cm^2 sr cm^-1),W/(cm^2 cm^-1),W/(m^2 sr um),W/(m^2 um),value_si=value_native*1e8/(wavelength_um^2),2005.0,4.987531172069826,0.9633
mwir_std_trans,D:\HwaSimIR\HwaSim_IR\Bin\Config\Atmosphere\MODTRAN\raw\audit_mwir_standard_20260906\mwir_std_trans\MODOUT2.txt,W/(cm^2 sr cm^-1),W/(cm^2 cm^-1),W/(m^2 sr um),W/(m^2 um),value_si=value_native*1e8/(wavelength_um^2),2006.0,4.985044865403789,0.9011
mwir_std_trans,D:\HwaSimIR\HwaSim_IR\Bin\Config\Atmosphere\MODTRAN\raw\audit_mwir_standard_20260906\mwir_std_trans\MODOUT2.txt,W/(cm^2 sr cm^-1),W/(cm^2 cm^-1),W/(m^2 sr um),W/(m^2 um),value_si=value_native*1e8/(wavelength_um^2),2007.0,4.9825610363726955,0.835
mwir_std_trans,D:\HwaSimIR\HwaSim_IR\Bin\Config\Atmosphere\MODTRAN\raw\audit_mwir_standard_20260906\mwir_std_trans\MODOUT2.txt,W/(cm^2 sr cm^-1),W/(cm^2 cm^-1),W/(m^2 sr um),W/(m^2 um),value_si=value_native*1e8/(wavelength_um^2),2008.0,4.9800796812749,0.4981
mwir_std_trans,D:\HwaSimIR\HwaSim_IR\Bin\Config\Atmosphere\MODTRAN\raw\audit_mwir_standard_20260906\mwir_std_trans\MODOUT2.txt,W/(cm^2 sr cm^-1),W/(cm^2 cm^-1),W/(m^2 sr um),W/(m^2 um),value_si=value_native*1e8/(wavelength_um^2),2009.0,4.9776007964161275,0.5745
mwir_std_trans,D:\HwaSimIR\HwaSim_IR\Bin\Config\Atmosphere\MODTRAN\raw\audit_mwir_standard_20260906\mwir_std_trans\MODOUT2.txt,W/(cm^2 sr cm^-1),W/(cm^2 cm^-1),W/(m^2 sr um),W/(m^2 um),value_si=value_native*1e8/(wavelength_um^2),2010.0,4.975124378109452,0.8597
mwir_std_trans,D:\HwaSimIR\HwaSim_IR\Bin\Config\Atmosphere\MODTRAN\raw\audit_mwir_standard_20260906\mwir_std_trans\MODOUT2.txt,W/(cm^2 sr cm^-1),W/(cm^2 cm^-1),W/(m^2 sr um),W/(m^2 um),value_si=value_native*1e8/(wavelength_um^2),2011.0,4.972650422675286,0.9381
mwir_std_trans,D:\HwaSimIR\HwaSim_IR\Bin\Config\Atmosphere\MODTRAN\raw\audit_mwir_standard_20260906\mwir_std_trans\MODOUT2.txt,W/(cm^2 sr cm^-1),W/(cm^2 cm^-1),W/(m^2 sr um),W/(m^2 um),value_si=value_native*1e8/(wavelength_um^2),2012.0,4.970178926441352,0.9509
mwir_std_trans,D:\HwaSimIR\HwaSim_IR\Bin\Config\Atmosphere\MODTRAN\raw\audit_mwir_standard_20260906\mwir_std_trans\MODOUT2.txt,W/(cm^2 sr cm^-1),W/(cm^2 cm^-1),W/(m^2 sr um),W/(m^2 um),value_si=value_native*1e8/(wavelength_um^2),2013.0,4.967709885742672,0.9469
mwir_std_trans,D:\HwaSimIR\HwaSim_IR\Bin\Config\Atmosphere\MODTRAN\raw\audit_mwir_standard_20260906\mwir_std_trans\MODOUT2.txt,W/(cm^2 sr cm^-1),W/(cm^2 cm^-1),W/(m^2 sr um),W/(m^2 um),value_si=value_native*1e8/(wavelength_um^2),2014.0,4.965243296921549,0.9217
mwir_std_trans,D:\HwaSimIR\HwaSim_IR\Bin\Config\Atmosphere\MODTRAN\raw\audit_mwir_standard_20260906\mwir_std_trans\MODOUT2.txt,W/(cm^2 sr cm^-1),W/(cm^2 cm^-1),W/(m^2 sr um),W/(m^2 um),value_si=value_native*1e8/(wavelength_um^2),2015.0,4.962779156327543,0.8696
mwir_std_trans,D:\HwaSimIR\HwaSim_IR\Bin\Config\Atmosphere\MODTRAN\raw\audit_mwir_standard_20260906\mwir_std_trans\MODOUT2.txt,W/(cm^2 sr cm^-1),W/(cm^2 cm^-1),W/(m^2 sr um),W/(m^2 um),value_si=value_native*1e8/(wavelength_um^2),2016.0,4.9603174603174605,0.5496
mwir_std_trans,D:\HwaSimIR\HwaSim_IR\Bin\Config\Atmosphere\MODTRAN\raw\audit_mwir_standard_20260906\mwir_std_trans\MODOUT2.txt,W/(cm^2 sr cm^-1),W/(cm^2 cm^-1),W/(m^2 sr um),W/(m^2 um),value_si=value_native*1e8/(wavelength_um^2),2017.0,4.95785820525533,0.0909
mwir_std_trans,D:\HwaSimIR\HwaSim_IR\Bin\Config\Atmosphere\MODTRAN\raw\audit_mwir_standard_20260906\mwir_std_trans\MODOUT2.txt,W/(cm^2 sr cm^-1),W/(cm^2 cm^-1),W/(m^2 sr um),W/(m^2 um),value_si=value_native*1e8/(wavelength_um^2),2018.0,4.955401387512389,0.3091
mwir_std_trans,D:\HwaSimIR\HwaSim_IR\Bin\Config\Atmosphere\MODTRAN\raw\audit_mwir_standard_20260906\mwir_std_trans\MODOUT2.txt,W/(cm^2 sr cm^-1),W/(cm^2 cm^-1),W/(m^2 sr um),W/(m^2 um),value_si=value_native*1e8/(wavelength_um^2),2019.0,4.952947003467063,0.2233
mwir_std_trans,D:\HwaSimIR\HwaSim_IR\Bin\Config\Atmosphere\MODTRAN\raw\audit_mwir_standard_20260906\mwir_std_trans\MODOUT2.txt,W/(cm^2 sr cm^-1),W/(cm^2 cm^-1),W/(m^2 sr um),W/(m^2 um),value_si=value_native*1e8/(wavelength_um^2),2020.0,4.9504950495049505,0.8271
mwir_std_trans,D:\HwaSimIR\HwaSim_IR\Bin\Config\Atmosphere\MODTRAN\raw\audit_mwir_standard_20260906\mwir_std_trans\MODOUT2.txt,W/(cm^2 sr cm^-1),W/(cm^2 cm^-1),W/(m^2 sr um),W/(m^2 um),value_si=value_native*1e8/(wavelength_um^2),2021.0,4.948045522018803,0.9031
mwir_std_trans,D:\HwaSimIR\HwaSim_IR\Bin\Config\Atmosphere\MODTRAN\raw\audit_mwir_standard_20260906\mwir_std_trans\MODOUT2.txt,W/(cm^2 sr cm^-1),W/(cm^2 cm^-1),W/(m^2 sr um),W/(m^2 um),value_si=value_native*1e8/(wavelength_um^2),2022.0,4.945598417408506,0.9238
mwir_std_trans,D:\HwaSimIR\HwaSim_IR\Bin\Config\Atmosphere\MODTRAN\raw\audit_mwir_standard_20260906\mwir_std_trans\MODOUT2.txt,W/(cm^2 sr cm^-1),W/(cm^2 cm^-1),W/(m^2 sr um),W/(m^2 um),value_si=value_native*1e8/(wavelength_um^2),2023.0,4.9431537320810675,0.4892
mwir_std_trans,D:\HwaSimIR\HwaSim_IR\Bin\Config\Atmosphere\MODTRAN\raw\audit_mwir_standard_20260906\mwir_std_trans\MODOUT2.txt,W/(cm^2 sr cm^-1),W/(cm^2 cm^-1),W/(m^2 sr um),W/(m^2 um),value_si=value_native*1e8/(wavelength_um^2),2024.0,4.940711462450593,0.9288
mwir_std_trans,D:\HwaSimIR\HwaSim_IR\Bin\Config\Atmosphere\MODTRAN\raw\audit_mwir_standard_20260906\mwir_std_trans\MODOUT2.txt,W/(cm^2 sr cm^-1),W/(cm^2 cm^-1),W/(m^2 sr um),W/(m^2 um),value_si=value_native*1e8/(wavelength_um^2),2025.0,4.938271604938271,0.9454
mwir_std_trans,D:\HwaSimIR\HwaSim_IR\Bin\Config\Atmosphere\MODTRAN\raw\audit_mwir_standard_20260906\mwir_std_trans\MODOUT2.txt,W/(cm^2 sr cm^-1),W/(cm^2 cm^-1),W/(m^2 sr um),W/(m^2 um),value_si=value_native*1e8/(wavelength_um^2),2026.0,4.935834155972359,0.8398
mwir_std_trans,D:\HwaSimIR\HwaSim_IR\Bin\Config\Atmosphere\MODTRAN\raw\audit_mwir_standard_20260906\mwir_std_trans\MODOUT2.txt,W/(cm^2 sr cm^-1),W/(cm^2 cm^-1),W/(m^2 sr um),W/(m^2 um),value_si=value_native*1e8/(wavelength_um^2),2027.0,4.93339911198816,0.3849
mwir_std_trans,D:\HwaSimIR\HwaSim_IR\Bin\Config\Atmosphere\MODTRAN\raw\audit_mwir_standard_20260906\mwir_std_trans\MODOUT2.txt,W/(cm^2 sr cm^-1),W/(cm^2 cm^-1),W/(m^2 sr um),W/(m^2 um),value_si=value_native*1e8/(wavelength_um^2),2028.0,4.930966469428008,0.9333
mwir_std_trans,D:\HwaSimIR\HwaSim_IR\Bin\Config\Atmosphere\MODTRAN\raw\audit_mwir_standard_20260906\mwir_std_trans\MODOUT2.txt,W/(cm^2 sr cm^-1),W/(cm^2 cm^-1),W/(m^2 sr um),W/(m^2 um),value_si=value_native*1e8/(wavelength_um^2),2029.0,4.928536224741252,0.9626
mwir_std_trans,D:\HwaSimIR\HwaSim_IR\Bin\Config\Atmosphere\MODTRAN\raw\audit_mwir_standard_20260906\mwir_std_trans\MODOUT2.txt,W/(cm^2 sr cm^-1),W/(cm^2 cm^-1),W/(m^2 sr um),W/(m^2 um),value_si=value_native*1e8/(wavelength_um^2),2030.0,4.926108374384237,0.9486
mwir_std_trans,D:\HwaSimIR\HwaSim_IR\Bin\Config\Atmosphere\MODTRAN\raw\audit_mwir_standard_20260906\mwir_std_trans\MODOUT2.txt,W/(cm^2 sr cm^-1),W/(cm^2 cm^-1),W/(m^2 sr um),W/(m^2 um),value_si=value_native*1e8/(wavelength_um^2),2031.0,4.923682914820286,0.9691
mwir_std_trans,D:\HwaSimIR\HwaSim_IR\Bin\Config\Atmosphere\MODTRAN\raw\audit_mwir_standard_20260906\mwir_std_trans\MODOUT2.txt,W/(cm^2 sr cm^-1),W/(cm^2 cm^-1),W/(m^2 sr um),W/(m^2 um),value_si=value_native*1e8/(wavelength_um^2),2032.0,4.921259842519685,0.9616
mwir_std_trans,D:\HwaSimIR\HwaSim_IR\Bin\Config\Atmosphere\MODTRAN\raw\audit_mwir_standard_20260906\mwir_std_trans\MODOUT2.txt,W/(cm^2 sr cm^-1),W/(cm^2 cm^-1),W/(m^2 sr um),W/(m^2 um),value_si=value_native*1e8/(wavelength_um^2),2033.0,4.918839153959666,0.9746
mwir_std_trans,D:\HwaSimIR\HwaSim_IR\Bin\Config\Atmosphere\MODTRAN\raw\audit_mwir_standard_20260906\mwir_std_trans\MODOUT2.txt,W/(cm^2 sr cm^-1),W/(cm^2 cm^-1),W/(m^2 sr um),W/(m^2 um),value_si=value_native*1e8/(wavelength_um^2),2034.0,4.916420845624385,0.8177
mwir_std_trans,D:\HwaSimIR\HwaSim_IR\Bin\Config\Atmosphere\MODTRAN\raw\audit_mwir_standard_20260906\mwir_std_trans\MODOUT2.txt,W/(cm^2 sr cm^-1),W/(cm^2 cm^-1),W/(m^2 sr um),W/(m^2 um),value_si=value_native*1e8/(wavelength_um^2),2035.0,4.914004914004914,0.9405
mwir_std_trans,D:\HwaSimIR\HwaSim_IR\Bin\Config\Atmosphere\MODTRAN\raw\audit_mwir_standard_20260906\mwir_std_trans\MODOUT2.txt,W/(cm^2 sr cm^-1),W/(cm^2 cm^-1),W/(m^2 sr um),W/(m^2 um),value_si=value_native*1e8/(wavelength_um^2),2036.0,4.911591355599215,0.9714
mwir_std_trans,D:\HwaSimIR\HwaSim_IR\Bin\Config\Atmosphere\MODTRAN\raw\audit_mwir_standard_20260906\mwir_std_trans\MODOUT2.txt,W/(cm^2 sr cm^-1),W/(cm^2 cm^-1),W/(m^2 sr um),W/(m^2 um),value_si=value_native*1e8/(wavelength_um^2),2037.0,4.909180166912126,0.8446
mwir_std_trans,D:\HwaSimIR\HwaSim_IR\Bin\Config\Atmosphere\MODTRAN\raw\audit_mwir_standard_20260906\mwir_std_trans\MODOUT2.txt,W/(cm^2 sr cm^-1),W/(cm^2 cm^-1),W/(m^2 sr um),W/(m^2 um),value_si=value_native*1e8/(wavelength_um^2),2038.0,4.906771344455349,0.7217
mwir_std_trans,D:\HwaSimIR\HwaSim_IR\Bin\Config\Atmosphere\MODTRAN\raw\audit_mwir_standard_20260906\mwir_std_trans\MODOUT2.txt,W/(cm^2 sr cm^-1),W/(cm^2 cm^-1),W/(m^2 sr um),W/(m^2 um),value_si=value_native*1e8/(wavelength_um^2),2039.0,4.904364884747425,0.9479
mwir_std_trans,D:\HwaSimIR\HwaSim_IR\Bin\Config\Atmosphere\MODTRAN\raw\audit_mwir_standard_20260906\mwir_std_trans\MODOUT2.txt,W/(cm^2 sr cm^-1),W/(cm^2 cm^-1),W/(m^2 sr um),W/(m^2 um),value_si=value_native*1e8/(wavelength_um^2),2040.0,4.901960784313726,0.8317
mwir_std_trans,D:\HwaSimIR\HwaSim_IR\Bin\Config\Atmosphere\MODTRAN\raw\audit_mwir_standard_20260906\mwir_std_trans\MODOUT2.txt,W/(cm^2 sr cm^-1),W/(cm^2 cm^-1),W/(m^2 sr um),W/(m^2 um),value_si=value_native*1e8/(wavelength_um^2),2041.0,4.899559039686428,0.2989
mwir_std_trans,D:\HwaSimIR\HwaSim_IR\Bin\Config\Atmosphere\MODTRAN\raw\audit_mwir_standard_20260906\mwir_std_trans\MODOUT2.txt,W/(cm^2 sr cm^-1),W/(cm^2 cm^-1),W/(m^2 sr um),W/(m^2 um),value_si=value_native*1e8/(wavelength_um^2),2042.0,4.897159647404505,0.6012
mwir_std_trans,D:\HwaSimIR\HwaSim_IR\Bin\Config\Atmosphere\MODTRAN\raw\audit_mwir_standard_20260906\mwir_std_trans\MODOUT2.txt,W/(cm^2 sr cm^-1),W/(cm^2 cm^-1),W/(m^2 sr um),W/(m^2 um),value_si=value_native*1e8/(wavelength_um^2),2043.0,4.894762604013706,0.7795
mwir_std_trans,D:\HwaSimIR\HwaSim_IR\Bin\Config\Atmosphere\MODTRAN\raw\audit_mwir_standard_20260906\mwir_std_trans\MODOUT2.txt,W/(cm^2 sr cm^-1),W/(cm^2 cm^-1),W/(m^2 sr um),W/(m^2 um),value_si=value_native*1e8/(wavelength_um^2),2044.0,4.892367906066537,0.3672
mwir_std_trans,D:\HwaSimIR\HwaSim_IR\Bin\Config\Atmosphere\MODTRAN\raw\audit_mwir_standard_20260906\mwir_std_trans\MODOUT2.txt,W/(cm^2 sr cm^-1),W/(cm^2 cm^-1),W/(m^2 sr um),W/(m^2 um),value_si=value_native*1e8/(wavelength_um^2),2045.0,4.88997555012225,0.9126
mwir_std_trans,D:\HwaSimIR\HwaSim_IR\Bin\Config\Atmosphere\MODTRAN\raw\audit_mwir_standard_20260906\mwir_std_trans\MODOUT2.txt,W/(cm^2 sr cm^-1),W/(cm^2 cm^-1),W/(m^2 sr um),W/(m^2 um),value_si=value_native*1e8/(wavelength_um^2),2046.0,4.887585532746823,0.7817
mwir_std_trans,D:\HwaSimIR\HwaSim_IR\Bin\Config\Atmosphere\MODTRAN\raw\audit_mwir_standard_20260906\mwir_std_trans\MODOUT2.txt,W/(cm^2 sr cm^-1),W/(cm^2 cm^-1),W/(m^2 sr um),W/(m^2 um),value_si=value_native*1e8/(wavelength_um^2),2047.0,4.885197850512946,0.8085
mwir_std_trans,D:\HwaSimIR\HwaSim_IR\Bin\Config\Atmosphere\MODTRAN\raw\audit_mwir_standard_20260906\mwir_std_trans\MODOUT2.txt,W/(cm^2 sr cm^-1),W/(cm^2 cm^-1),W/(m^2 sr um),W/(m^2 um),value_si=value_native*1e8/(wavelength_um^2),2048.0,4.8828125,0.8496
mwir_std_trans,D:\HwaSimIR\HwaSim_IR\Bin\Config\Atmosphere\MODTRAN\raw\audit_mwir_standard_20260906\mwir_std_trans\MODOUT2.txt,W/(cm^2 sr cm^-1),W/(cm^2 cm^-1),W/(m^2 sr um),W/(m^2 um),value_si=value_native*1e8/(wavelength_um^2),2049.0,4.880429477794046,0.7626
mwir_std_trans,D:\HwaSimIR\HwaSim_IR\Bin\Config\Atmosphere\MODTRAN\raw\audit_mwir_standard_20260906\mwir_std_trans\MODOUT2.txt,W/(cm^2 sr cm^-1),W/(cm^2 cm^-1),W/(m^2 sr um),W/(m^2 um),value_si=value_native*1e8/(wavelength_um^2),2050.0,4.878048780487805,0.9256
mwir_std_trans,D:\HwaSimIR\HwaSim_IR\Bin\Config\Atmosphere\MODTRAN\raw\audit_mwir_standard_20260906\mwir_std_trans\MODOUT2.txt,W/(cm^2 sr cm^-1),W/(cm^2 cm^-1),W/(m^2 sr um),W/(m^2 um),value_si=value_native*1e8/(wavelength_um^2),2051.0,4.875670404680643,0.7971
mwir_std_trans,D:\HwaSimIR\HwaSim_IR\Bin\Config\Atmosphere\MODTRAN\raw\audit_mwir_standard_20260906\mwir_std_trans\MODOUT2.txt,W/(cm^2 sr cm^-1),W/(cm^2 cm^-1),W/(m^2 sr um),W/(m^2 um),value_si=value_native*1e8/(wavelength_um^2),2052.0,4.8732943469785575,0.7293
mwir_std_trans,D:\HwaSimIR\HwaSim_IR\Bin\Config\Atmosphere\MODTRAN\raw\audit_mwir_standard_20260906\mwir_std_trans\MODOUT2.txt,W/(cm^2 sr cm^-1),W/(cm^2 cm^-1),W/(m^2 sr um),W/(m^2 um),value_si=value_native*1e8/(wavelength_um^2),2053.0,4.870920603994155,0.9145
mwir_std_trans,D:\HwaSimIR\HwaSim_IR\Bin\Config\Atmosphere\MODTRAN\raw\audit_mwir_standard_20260906\mwir_std_trans\MODOUT2.txt,W/(cm^2 sr cm^-1),W/(cm^2 cm^-1),W/(m^2 sr um),W/(m^2 um),value_si=value_native*1e8/(wavelength_um^2),2054.0,4.868549172346641,0.7336
mwir_std_trans,D:\HwaSimIR\HwaSim_IR\Bin\Config\Atmosphere\MODTRAN\raw\audit_mwir_standard_20260906\mwir_std_trans\MODOUT2.txt,W/(cm^2 sr cm^-1),W/(cm^2 cm^-1),W/(m^2 sr um),W/(m^2 um),value_si=value_native*1e8/(wavelength_um^2),2055.0,4.866180048661801,0.691
mwir_std_trans,D:\HwaSimIR\HwaSim_IR\Bin\Config\Atmosphere\MODTRAN\raw\audit_mwir_standard_20260906\mwir_std_trans\MODOUT2.txt,W/(cm^2 sr cm^-1),W/(cm^2 cm^-1),W/(m^2 sr um),W/(m^2 um),value_si=value_native*1e8/(wavelength_um^2),2056.0,4.863813229571984,0.9235
mwir_std_trans,D:\HwaSimIR\HwaSim_IR\Bin\Config\Atmosphere\MODTRAN\raw\audit_mwir_standard_20260906\mwir_std_trans\MODOUT2.txt,W/(cm^2 sr cm^-1),W/(cm^2 cm^-1),W/(m^2 sr um),W/(m^2 um),value_si=value_native*1e8/(wavelength_um^2),2057.0,4.861448711716092,0.6986
mwir_std_trans,D:\HwaSimIR\HwaSim_IR\Bin\Config\Atmosphere\MODTRAN\raw\audit_mwir_standard_20260906\mwir_std_trans\MODOUT2.txt,W/(cm^2 sr cm^-1),W/(cm^2 cm^-1),W/(m^2 sr um),W/(m^2 um),value_si=value_native*1e8/(wavelength_um^2),2058.0,4.859086491739553,0.6854
mwir_std_trans,D:\HwaSimIR\HwaSim_IR\Bin\Config\Atmosphere\MODTRAN\raw\audit_mwir_standard_20260906\mwir_std_trans\MODOUT2.txt,W/(cm^2 sr cm^-1),W/(cm^2 cm^-1),W/(m^2 sr um),W/(m^2 um),value_si=value_native*1e8/(wavelength_um^2),2059.0,4.856726566294317,0.8888
mwir_std_trans,D:\HwaSimIR\HwaSim_IR\Bin\Config\Atmosphere\MODTRAN\raw\audit_mwir_standard_20260906\mwir_std_trans\MODOUT2.txt,W/(cm^2 sr cm^-1),W/(cm^2 cm^-1),W/(m^2 sr um),W/(m^2 um),value_si=value_native*1e8/(wavelength_um^2),2060.0,4.854368932038835,0.4313
mwir_std_trans,D:\HwaSimIR\HwaSim_IR\Bin\Config\Atmosphere\MODTRAN\raw\audit_mwir_standard_20260906\mwir_std_trans\MODOUT2.txt,W/(cm^2 sr cm^-1),W/(cm^2 cm^-1),W/(m^2 sr um),W/(m^2 um),value_si=value_native*1e8/(wavelength_um^2),2061.0,4.85201358563804,0.5856
mwir_std_trans,D:\HwaSimIR\HwaSim_IR\Bin\Config\Atmosphere\MODTRAN\raw\audit_mwir_standard_20260906\mwir_std_trans\MODOUT2.txt,W/(cm^2 sr cm^-1),W/(cm^2 cm^-1),W/(m^2 sr um),W/(m^2 um),value_si=value_native*1e8/(wavelength_um^2),2062.0,4.849660523763337,0.8872
mwir_std_trans,D:\HwaSimIR\HwaSim_IR\Bin\Config\Atmosphere\MODTRAN\raw\audit_mwir_standard_20260906\mwir_std_trans\MODOUT2.txt,W/(cm^2 sr cm^-1),W/(cm^2 cm^-1),W/(m^2 sr um),W/(m^2 um),value_si=value_native*1e8/(wavelength_um^2),2063.0,4.847309743092584,0.6433
mwir_std_trans,D:\HwaSimIR\HwaSim_IR\Bin\Config\Atmosphere\MODTRAN\raw\audit_mwir_standard_20260906\mwir_std_trans\MODOUT2.txt,W/(cm^2 sr cm^-1),W/(cm^2 cm^-1),W/(m^2 sr um),W/(m^2 um),value_si=value_native*1e8/(wavelength_um^2),2064.0,4.844961240310077,0.6057
mwir_std_trans,D:\HwaSimIR\HwaSim_IR\Bin\Config\Atmosphere\MODTRAN\raw\audit_mwir_standard_20260906\mwir_std_trans\MODOUT2.txt,W/(cm^2 sr cm^-1),W/(cm^2 cm^-1),W/(m^2 sr um),W/(m^2 um),value_si=value_native*1e8/(wavelength_um^2),2065.0,4.842615012106537,0.2457
mwir_std_trans,D:\HwaSimIR\HwaSim_IR\Bin\Config\Atmosphere\MODTRAN\raw\audit_mwir_standard_20260906\mwir_std_trans\MODOUT2.txt,W/(cm^2 sr cm^-1),W/(cm^2 cm^-1),W/(m^2 sr um),W/(m^2 um),value_si=value_native*1e8/(wavelength_um^2),2066.0,4.84027105517909,0.3187
mwir_std_trans,D:\HwaSimIR\HwaSim_IR\Bin\Config\Atmosphere\MODTRAN\raw\audit_mwir_standard_20260906\mwir_std_trans\MODOUT2.txt,W/(cm^2 sr cm^-1),W/(cm^2 cm^-1),W/(m^2 sr um),W/(m^2 um),value_si=value_native*1e8/(wavelength_um^2),2067.0,4.837929366231253,0.8697
mwir_std_trans,D:\HwaSimIR\HwaSim_IR\Bin\Config\Atmosphere\MODTRAN\raw\audit_mwir_standard_20260906\mwir_std_trans\MODOUT2.txt,W/(cm^2 sr cm^-1),W/(cm^2 cm^-1),W/(m^2 sr um),W/(m^2 um),value_si=value_native*1e8/(wavelength_um^2),2068.0,4.835589941972921,0.7653
mwir_std_trans,D:\HwaSimIR\HwaSim_IR\Bin\Config\Atmosphere\MODTRAN\raw\audit_mwir_standard_20260906\mwir_std_trans\MODOUT2.txt,W/(cm^2 sr cm^-1),W/(cm^2 cm^-1),W/(m^2 sr um),W/(m^2 um),value_si=value_native*1e8/(wavelength_um^2),2069.0,4.833252779120348,0.6541
mwir_std_trans,D:\HwaSimIR\HwaSim_IR\Bin\Config\Atmosphere\MODTRAN\raw\audit_mwir_standard_20260906\mwir_std_trans\MODOUT2.txt,W/(cm^2 sr cm^-1),W/(cm^2 cm^-1),W/(m^2 sr um),W/(m^2 um),value_si=value_native*1e8/(wavelength_um^2),2070.0,4.830917874396135,0.9052
mwir_std_trans,D:\HwaSimIR\HwaSim_IR\Bin\Config\Atmosphere\MODTRAN\raw\audit_mwir_standard_20260906\mwir_std_trans\MODOUT2.txt,W/(cm^2 sr cm^-1),W/(cm^2 cm^-1),W/(m^2 sr um),W/(m^2 um),value_si=value_native*1e8/(wavelength_um^2),2071.0,4.828585224529213,0.7641
mwir_std_trans,D:\HwaSimIR\HwaSim_IR\Bin\Config\Atmosphere\MODTRAN\raw\audit_mwir_standard_20260906\mwir_std_trans\MODOUT2.txt,W/(cm^2 sr cm^-1),W/(cm^2 cm^-1),W/(m^2 sr um),W/(m^2 um),value_si=value_native*1e8/(wavelength_um^2),2072.0,4.826254826254826,0.7647
mwir_std_trans,D:\HwaSimIR\HwaSim_IR\Bin\Config\Atmosphere\MODTRAN\raw\audit_mwir_standard_20260906\mwir_std_trans\MODOUT2.txt,W/(cm^2 sr cm^-1),W/(cm^2 cm^-1),W/(m^2 sr um),W/(m^2 um),value_si=value_native*1e8/(wavelength_um^2),2073.0,4.82392667631452,0.7462
mwir_std_trans,D:\HwaSimIR\HwaSim_IR\Bin\Config\Atmosphere\MODTRAN\raw\audit_mwir_standard_20260906\mwir_std_trans\MODOUT2.txt,W/(cm^2 sr cm^-1),W/(cm^2 cm^-1),W/(m^2 sr um),W/(m^2 um),value_si=value_native*1e8/(wavelength_um^2),2074.0,4.821600771456123,0.5061
mwir_std_trans,D:\HwaSimIR\HwaSim_IR\Bin\Config\Atmosphere\MODTRAN\raw\audit_mwir_standard_20260906\mwir_std_trans\MODOUT2.txt,W/(cm^2 sr cm^-1),W/(cm^2 cm^-1),W/(m^2 sr um),W/(m^2 um),value_si=value_native*1e8/(wavelength_um^2),2075.0,4.819277108433735,0.8512
mwir_std_trans,D:\HwaSimIR\HwaSim_IR\Bin\Config\Atmosphere\MODTRAN\raw\audit_mwir_standard_20260906\mwir_std_trans\MODOUT2.txt,W/(cm^2 sr cm^-1),W/(cm^2 cm^-1),W/(m^2 sr um),W/(m^2 um),value_si=value_native*1e8/(wavelength_um^2),2076.0,4.8169556840077075,0.8451
mwir_std_trans,D:\HwaSimIR\HwaSim_IR\Bin\Config\Atmosphere\MODTRAN\raw\audit_mwir_standard_20260906\mwir_std_trans\MODOUT2.txt,W/(cm^2 sr cm^-1),W/(cm^2 cm^-1),W/(m^2 sr um),W/(m^2 um),value_si=value_native*1e8/(wavelength_um^2),2077.0,4.814636494944632,0.0719
mwir_std_trans,D:\HwaSimIR\HwaSim_IR\Bin\Config\Atmosphere\MODTRAN\raw\audit_mwir_standard_20260906\mwir_std_trans\MODOUT2.txt,W/(cm^2 sr cm^-1),W/(cm^2 cm^-1),W/(m^2 sr um),W/(m^2 um),value_si=value_native*1e8/(wavelength_um^2),2078.0,4.8123195380173245,0.163
mwir_std_trans,D:\HwaSimIR\HwaSim_IR\Bin\Config\Atmosphere\MODTRAN\raw\audit_mwir_standard_20260906\mwir_std_trans\MODOUT2.txt,W/(cm^2 sr cm^-1),W/(cm^2 cm^-1),W/(m^2 sr um),W/(m^2 um),value_si=value_native*1e8/(wavelength_um^2),2079.0,4.81000481000481,0.5101
mwir_std_trans,D:\HwaSimIR\HwaSim_IR\Bin\Config\Atmosphere\MODTRAN\raw\audit_mwir_standard_20260906\mwir_std_trans\MODOUT2.txt,W/(cm^2 sr cm^-1),W/(cm^2 cm^-1),W/(m^2 sr um),W/(m^2 um),value_si=value_native*1e8/(wavelength_um^2),2080.0,4.8076923076923075,0.8761
mwir_std_trans,D:\HwaSimIR\HwaSim_IR\Bin\Config\Atmosphere\MODTRAN\raw\audit_mwir_standard_20260906\mwir_std_trans\MODOUT2.txt,W/(cm^2 sr cm^-1),W/(cm^2 cm^-1),W/(m^2 sr um),W/(m^2 um),value_si=value_native*1e8/(wavelength_um^2),2081.0,4.805382027871215,0.8309
mwir_std_trans,D:\HwaSimIR\HwaSim_IR\Bin\Config\Atmosphere\MODTRAN\raw\audit_mwir_standard_20260906\mwir_std_trans\MODOUT2.txt,W/(cm^2 sr cm^-1),W/(cm^2 cm^-1),W/(m^2 sr um),W/(m^2 um),value_si=value_native*1e8/(wavelength_um^2),2082.0,4.803073967339097,0.6106
mwir_std_trans,D:\HwaSimIR\HwaSim_IR\Bin\Config\Atmosphere\MODTRAN\raw\audit_mwir_standard_20260906\mwir_std_trans\MODOUT2.txt,W/(cm^2 sr cm^-1),W/(cm^2 cm^-1),W/(m^2 sr um),W/(m^2 um),value_si=value_native*1e8/(wavelength_um^2),2083.0,4.800768122899664,0.9404
mwir_std_trans,D:\HwaSimIR\HwaSim_IR\Bin\Config\Atmosphere\MODTRAN\raw\audit_mwir_standard_20260906\mwir_std_trans\MODOUT2.txt,W/(cm^2 sr cm^-1),W/(cm^2 cm^-1),W/(m^2 sr um),W/(m^2 um),value_si=value_native*1e8/(wavelength_um^2),2084.0,4.798464491362764,0.856
mwir_std_trans,D:\HwaSimIR\HwaSim_IR\Bin\Config\Atmosphere\MODTRAN\raw\audit_mwir_standard_20260906\mwir_std_trans\MODOUT2.txt,W/(cm^2 sr cm^-1),W/(cm^2 cm^-1),W/(m^2 sr um),W/(m^2 um),value_si=value_native*1e8/(wavelength_um^2),2085.0,4.796163069544365,0.8603
mwir_std_trans,D:\HwaSimIR\HwaSim_IR\Bin\Config\Atmosphere\MODTRAN\raw\audit_mwir_standard_20260906\mwir_std_trans\MODOUT2.txt,W/(cm^2 sr cm^-1),W/(cm^2 cm^-1),W/(m^2 sr um),W/(m^2 um),value_si=value_native*1e8/(wavelength_um^2),2086.0,4.793863854266539,0.8269
mwir_std_trans,D:\HwaSimIR\HwaSim_IR\Bin\Config\Atmosphere\MODTRAN\raw\audit_mwir_standard_20260906\mwir_std_trans\MODOUT2.txt,W/(cm^2 sr cm^-1),W/(cm^2 cm^-1),W/(m^2 sr um),W/(m^2 um),value_si=value_native*1e8/(wavelength_um^2),2087.0,4.791566842357451,0.6866
mwir_std_trans,D:\HwaSimIR\HwaSim_IR\Bin\Config\Atmosphere\MODTRAN\raw\audit_mwir_standard_20260906\mwir_std_trans\MODOUT2.txt,W/(cm^2 sr cm^-1),W/(cm^2 cm^-1),W/(m^2 sr um),W/(m^2 um),value_si=value_native*1e8/(wavelength_um^2),2088.0,4.789272030651341,0.9053
mwir_std_trans,D:\HwaSimIR\HwaSim_IR\Bin\Config\Atmosphere\MODTRAN\raw\audit_mwir_standard_20260906\mwir_std_trans\MODOUT2.txt,W/(cm^2 sr cm^-1),W/(cm^2 cm^-1),W/(m^2 sr um),W/(m^2 um),value_si=value_native*1e8/(wavelength_um^2),2089.0,4.786979415988511,0.854
mwir_std_trans,D:\HwaSimIR\HwaSim_IR\Bin\Config\Atmosphere\MODTRAN\raw\audit_mwir_standard_20260906\mwir_std_trans\MODOUT2.txt,W/(cm^2 sr cm^-1),W/(cm^2 cm^-1),W/(m^2 sr um),W/(m^2 um),value_si=value_native*1e8/(wavelength_um^2),2090.0,4.784688995215311,0.3284
mwir_std_trans,D:\HwaSimIR\HwaSim_IR\Bin\Config\Atmosphere\MODTRAN\raw\audit_mwir_standard_20260906\mwir_std_trans\MODOUT2.txt,W/(cm^2 sr cm^-1),W/(cm^2 cm^-1),W/(m^2 sr um),W/(m^2 um),value_si=value_native*1e8/(wavelength_um^2),2091.0,4.782400765184122,0.7882
mwir_std_trans,D:\HwaSimIR\HwaSim_IR\Bin\Config\Atmosphere\MODTRAN\raw\audit_mwir_standard_20260906\mwir_std_trans\MODOUT2.txt,W/(cm^2 sr cm^-1),W/(cm^2 cm^-1),W/(m^2 sr um),W/(m^2 um),value_si=value_native*1e8/(wavelength_um^2),2092.0,4.780114722753346,0.9115
mwir_std_trans,D:\HwaSimIR\HwaSim_IR\Bin\Config\Atmosphere\MODTRAN\raw\audit_mwir_standard_20260906\mwir_std_trans\MODOUT2.txt,W/(cm^2 sr cm^-1),W/(cm^2 cm^-1),W/(m^2 sr um),W/(m^2 um),value_si=value_native*1e8/(wavelength_um^2),2093.0,4.777830864787386,0.8252
mwir_std_trans,D:\HwaSimIR\HwaSim_IR\Bin\Config\Atmosphere\MODTRAN\raw\audit_mwir_standard_20260906\mwir_std_trans\MODOUT2.txt,W/(cm^2 sr cm^-1),W/(cm^2 cm^-1),W/(m^2 sr um),W/(m^2 um),value_si=value_native*1e8/(wavelength_um^2),2094.0,4.775549188156638,0.7648
mwir_std_trans,D:\HwaSimIR\HwaSim_IR\Bin\Config\Atmosphere\MODTRAN\raw\audit_mwir_standard_20260906\mwir_std_trans\MODOUT2.txt,W/(cm^2 sr cm^-1),W/(cm^2 cm^-1),W/(m^2 sr um),W/(m^2 um),value_si=value_native*1e8/(wavelength_um^2),2095.0,4.77326968973747,0.7537
mwir_std_trans,D:\HwaSimIR\HwaSim_IR\Bin\Config\Atmosphere\MODTRAN\raw\audit_mwir_standard_20260906\mwir_std_trans\MODOUT2.txt,W/(cm^2 sr cm^-1),W/(cm^2 cm^-1),W/(m^2 sr um),W/(m^2 um),value_si=value_native*1e8/(wavelength_um^2),2096.0,4.770992366412214,0.9437
mwir_std_trans,D:\HwaSimIR\HwaSim_IR\Bin\Config\Atmosphere\MODTRAN\raw\audit_mwir_standard_20260906\mwir_std_trans\MODOUT2.txt,W/(cm^2 sr cm^-1),W/(cm^2 cm^-1),W/(m^2 sr um),W/(m^2 um),value_si=value_native*1e8/(wavelength_um^2),2097.0,4.768717215069146,0.7975
mwir_std_trans,D:\HwaSimIR\HwaSim_IR\Bin\Config\Atmosphere\MODTRAN\raw\audit_mwir_standard_20260906\mwir_std_trans\MODOUT2.txt,W/(cm^2 sr cm^-1),W/(cm^2 cm^-1),W/(m^2 sr um),W/(m^2 um),value_si=value_native*1e8/(wavelength_um^2),2098.0,4.7664442326024785,0.9371
mwir_std_trans,D:\HwaSimIR\HwaSim_IR\Bin\Config\Atmosphere\MODTRAN\raw\audit_mwir_standard_20260906\mwir_std_trans\MODOUT2.txt,W/(cm^2 sr cm^-1),W/(cm^2 cm^-1),W/(m^2 sr um),W/(m^2 um),value_si=value_native*1e8/(wavelength_um^2),2099.0,4.764173415912339,0.7636
mwir_std_trans,D:\HwaSimIR\HwaSim_IR\Bin\Config\Atmosphere\MODTRAN\raw\audit_mwir_standard_20260906\mwir_std_trans\MODOUT2.txt,W/(cm^2 sr cm^-1),W/(cm^2 cm^-1),W/(m^2 sr um),W/(m^2 um),value_si=value_native*1e8/(wavelength_um^2),2100.0,4.761904761904762,0.7957
mwir_std_trans,D:\HwaSimIR\HwaSim_IR\Bin\Config\Atmosphere\MODTRAN\raw\audit_mwir_standard_20260906\mwir_std_trans\MODOUT2.txt,W/(cm^2 sr cm^-1),W/(cm^2 cm^-1),W/(m^2 sr um),W/(m^2 um),value_si=value_native*1e8/(wavelength_um^2),2101.0,4.75963826749167,0.9214
mwir_std_trans,D:\HwaSimIR\HwaSim_IR\Bin\Config\Atmosphere\MODTRAN\raw\audit_mwir_standard_20260906\mwir_std_trans\MODOUT2.txt,W/(cm^2 sr cm^-1),W/(cm^2 cm^-1),W/(m^2 sr um),W/(m^2 um),value_si=value_native*1e8/(wavelength_um^2),2102.0,4.757373929590866,0.9502
mwir_std_trans,D:\HwaSimIR\HwaSim_IR\Bin\Config\Atmosphere\MODTRAN\raw\audit_mwir_standard_20260906\mwir_std_trans\MODOUT2.txt,W/(cm^2 sr cm^-1),W/(cm^2 cm^-1),W/(m^2 sr um),W/(m^2 um),value_si=value_native*1e8/(wavelength_um^2),2103.0,4.75511174512601,0.7701
mwir_std_trans,D:\HwaSimIR\HwaSim_IR\Bin\Config\Atmosphere\MODTRAN\raw\audit_mwir_standard_20260906\mwir_std_trans\MODOUT2.txt,W/(cm^2 sr cm^-1),W/(cm^2 cm^-1),W/(m^2 sr um),W/(m^2 um),value_si=value_native*1e8/(wavelength_um^2),2104.0,4.752851711026616,0.9259
mwir_std_trans,D:\HwaSimIR\HwaSim_IR\Bin\Config\Atmosphere\MODTRAN\raw\audit_mwir_standard_20260906\mwir_std_trans\MODOUT2.txt,W/(cm^2 sr cm^-1),W/(cm^2 cm^-1),W/(m^2 sr um),W/(m^2 um),value_si=value_native*1e8/(wavelength_um^2),2105.0,4.750593824228028,0.9584
mwir_std_trans,D:\HwaSimIR\HwaSim_IR\Bin\Config\Atmosphere\MODTRAN\raw\audit_mwir_standard_20260906\mwir_std_trans\MODOUT2.txt,W/(cm^2 sr cm^-1),W/(cm^2 cm^-1),W/(m^2 sr um),W/(m^2 um),value_si=value_native*1e8/(wavelength_um^2),2106.0,4.748338081671415,0.7117
mwir_std_trans,D:\HwaSimIR\HwaSim_IR\Bin\Config\Atmosphere\MODTRAN\raw\audit_mwir_standard_20260906\mwir_std_trans\MODOUT2.txt,W/(cm^2 sr cm^-1),W/(cm^2 cm^-1),W/(m^2 sr um),W/(m^2 um),value_si=value_native*1e8/(wavelength_um^2),2107.0,4.746084480303749,0.7478
mwir_std_trans,D:\HwaSimIR\HwaSim_IR\Bin\Config\Atmosphere\MODTRAN\raw\audit_mwir_standard_20260906\mwir_std_trans\MODOUT2.txt,W/(cm^2 sr cm^-1),W/(cm^2 cm^-1),W/(m^2 sr um),W/(m^2 um),value_si=value_native*1e8/(wavelength_um^2),2108.0,4.743833017077799,0.8757
mwir_std_trans,D:\HwaSimIR\HwaSim_IR\Bin\Config\Atmosphere\MODTRAN\raw\audit_mwir_standard_20260906\mwir_std_trans\MODOUT2.txt,W/(cm^2 sr cm^-1),W/(cm^2 cm^-1),W/(m^2 sr um),W/(m^2 um),value_si=value_native*1e8/(wavelength_um^2),2109.0,4.74158368895211,0.9215
mwir_std_trans,D:\HwaSimIR\HwaSim_IR\Bin\Config\Atmosphere\MODTRAN\raw\audit_mwir_standard_20260906\mwir_std_trans\MODOUT2.txt,W/(cm^2 sr cm^-1),W/(cm^2 cm^-1),W/(m^2 sr um),W/(m^2 um),value_si=value_native*1e8/(wavelength_um^2),2110.0,4.739336492890995,0.9314
mwir_std_trans,D:\HwaSimIR\HwaSim_IR\Bin\Config\Atmosphere\MODTRAN\raw\audit_mwir_standard_20260906\mwir_std_trans\MODOUT2.txt,W/(cm^2 sr cm^-1),W/(cm^2 cm^-1),W/(m^2 sr um),W/(m^2 um),value_si=value_native*1e8/(wavelength_um^2),2111.0,4.737091425864519,0.9472
mwir_std_trans,D:\HwaSimIR\HwaSim_IR\Bin\Config\Atmosphere\MODTRAN\raw\audit_mwir_standard_20260906\mwir_std_trans\MODOUT2.txt,W/(cm^2 sr cm^-1),W/(cm^2 cm^-1),W/(m^2 sr um),W/(m^2 um),value_si=value_native*1e8/(wavelength_um^2),2112.0,4.734848484848484,0.7988
mwir_std_trans,D:\HwaSimIR\HwaSim_IR\Bin\Config\Atmosphere\MODTRAN\raw\audit_mwir_standard_20260906\mwir_std_trans\MODOUT2.txt,W/(cm^2 sr cm^-1),W/(cm^2 cm^-1),W/(m^2 sr um),W/(m^2 um),value_si=value_native*1e8/(wavelength_um^2),2113.0,4.73260766682442,0.94
mwir_std_trans,D:\HwaSimIR\HwaSim_IR\Bin\Config\Atmosphere\MODTRAN\raw\audit_mwir_standard_20260906\mwir_std_trans\MODOUT2.txt,W/(cm^2 sr cm^-1),W/(cm^2 cm^-1),W/(m^2 sr um),W/(m^2 um),value_si=value_native*1e8/(wavelength_um^2),2114.0,4.7303689687795645,0.8589
mwir_std_trans,D:\HwaSimIR\HwaSim_IR\Bin\Config\Atmosphere\MODTRAN\raw\audit_mwir_standard_20260906\mwir_std_trans\MODOUT2.txt,W/(cm^2 sr cm^-1),W/(cm^2 cm^-1),W/(m^2 sr um),W/(m^2 um),value_si=value_native*1e8/(wavelength_um^2),2115.0,4.7281323877068555,0.552
mwir_std_trans,D:\HwaSimIR\HwaSim_IR\Bin\Config\Atmosphere\MODTRAN\raw\audit_mwir_standard_20260906\mwir_std_trans\MODOUT2.txt,W/(cm^2 sr cm^-1),W/(cm^2 cm^-1),W/(m^2 sr um),W/(m^2 um),value_si=value_native*1e8/(wavelength_um^2),2116.0,4.725897920604915,0.7129
mwir_std_trans,D:\HwaSimIR\HwaSim_IR\Bin\Config\Atmosphere\MODTRAN\raw\audit_mwir_standard_20260906\mwir_std_trans\MODOUT2.txt,W/(cm^2 sr cm^-1),W/(cm^2 cm^-1),W/(m^2 sr um),W/(m^2 um),value_si=value_native*1e8/(wavelength_um^2),2117.0,4.7236655644780345,0.9418
mwir_std_trans,D:\HwaSimIR\HwaSim_IR\Bin\Config\Atmosphere\MODTRAN\raw\audit_mwir_standard_20260906\mwir_std_trans\MODOUT2.txt,W/(cm^2 sr cm^-1),W/(cm^2 cm^-1),W/(m^2 sr um),W/(m^2 um),value_si=value_native*1e8/(wavelength_um^2),2118.0,4.721435316336166,0.9247
mwir_std_trans,D:\HwaSimIR\HwaSim_IR\Bin\Config\Atmosphere\MODTRAN\raw\audit_mwir_standard_20260906\mwir_std_trans\MODOUT2.txt,W/(cm^2 sr cm^-1),W/(cm^2 cm^-1),W/(m^2 sr um),W/(m^2 um),value_si=value_native*1e8/(wavelength_um^2),2119.0,4.719207173194904,0.9148
mwir_std_trans,D:\HwaSimIR\HwaSim_IR\Bin\Config\Atmosphere\MODTRAN\raw\audit_mwir_standard_20260906\mwir_std_trans\MODOUT2.txt,W/(cm^2 sr cm^-1),W/(cm^2 cm^-1),W/(m^2 sr um),W/(m^2 um),value_si=value_native*1e8/(wavelength_um^2),2120.0,4.716981132075472,0.7304
mwir_std_trans,D:\HwaSimIR\HwaSim_IR\Bin\Config\Atmosphere\MODTRAN\raw\audit_mwir_standard_20260906\mwir_std_trans\MODOUT2.txt,W/(cm^2 sr cm^-1),W/(cm^2 cm^-1),W/(m^2 sr um),W/(m^2 um),value_si=value_native*1e8/(wavelength_um^2),2121.0,4.714757190004715,0.8324
mwir_std_trans,D:\HwaSimIR\HwaSim_IR\Bin\Config\Atmosphere\MODTRAN\raw\audit_mwir_standard_20260906\mwir_std_trans\MODOUT2.txt,W/(cm^2 sr cm^-1),W/(cm^2 cm^-1),W/(m^2 sr um),W/(m^2 um),value_si=value_native*1e8/(wavelength_um^2),2122.0,4.71253534401508,0.9101
mwir_std_trans,D:\HwaSimIR\HwaSim_IR\Bin\Config\Atmosphere\MODTRAN\raw\audit_mwir_standard_20260906\mwir_std_trans\MODOUT2.txt,W/(cm^2 sr cm^-1),W/(cm^2 cm^-1),W/(m^2 sr um),W/(m^2 um),value_si=value_native*1e8/(wavelength_um^2),2123.0,4.710315591144607,0.8885
mwir_std_trans,D:\HwaSimIR\HwaSim_IR\Bin\Config\Atmosphere\MODTRAN\raw\audit_mwir_standard_20260906\mwir_std_trans\MODOUT2.txt,W/(cm^2 sr cm^-1),W/(cm^2 cm^-1),W/(m^2 sr um),W/(m^2 um),value_si=value_native*1e8/(wavelength_um^2),2124.0,4.708097928436912,0.6853
mwir_std_trans,D:\HwaSimIR\HwaSim_IR\Bin\Config\Atmosphere\MODTRAN\raw\audit_mwir_standard_20260906\mwir_std_trans\MODOUT2.txt,W/(cm^2 sr cm^-1),W/(cm^2 cm^-1),W/(m^2 sr um),W/(m^2 um),value_si=value_native*1e8/(wavelength_um^2),2125.0,4.705882352941177,0.7666
mwir_std_trans,D:\HwaSimIR\HwaSim_IR\Bin\Config\Atmosphere\MODTRAN\raw\audit_mwir_standard_20260906\mwir_std_trans\MODOUT2.txt,W/(cm^2 sr cm^-1),W/(cm^2 cm^-1),W/(m^2 sr um),W/(m^2 um),value_si=value_native*1e8/(wavelength_um^2),2126.0,4.703668861712136,0.946
mwir_std_trans,D:\HwaSimIR\HwaSim_IR\Bin\Config\Atmosphere\MODTRAN\raw\audit_mwir_standard_20260906\mwir_std_trans\MODOUT2.txt,W/(cm^2 sr cm^-1),W/(cm^2 cm^-1),W/(m^2 sr um),W/(m^2 um),value_si=value_native*1e8/(wavelength_um^2),2127.0,4.701457451810061,0.9242
mwir_std_trans,D:\HwaSimIR\HwaSim_IR\Bin\Config\Atmosphere\MODTRAN\raw\audit_mwir_standard_20260906\mwir_std_trans\MODOUT2.txt,W/(cm^2 sr cm^-1),W/(cm^2 cm^-1),W/(m^2 sr um),W/(m^2 um),value_si=value_native*1e8/(wavelength_um^2),2128.0,4.6992481203007515,0.7779
mwir_std_trans,D:\HwaSimIR\HwaSim_IR\Bin\Config\Atmosphere\MODTRAN\raw\audit_mwir_standard_20260906\mwir_std_trans\MODOUT2.txt,W/(cm^2 sr cm^-1),W/(cm^2 cm^-1),W/(m^2 sr um),W/(m^2 um),value_si=value_native*1e8/(wavelength_um^2),2129.0,4.697040864255519,0.8565
mwir_std_trans,D:\HwaSimIR\HwaSim_IR\Bin\Config\Atmosphere\MODTRAN\raw\audit_mwir_standard_20260906\mwir_std_trans\MODOUT2.txt,W/(cm^2 sr cm^-1),W/(cm^2 cm^-1),W/(m^2 sr um),W/(m^2 um),value_si=value_native*1e8/(wavelength_um^2),2130.0,4.694835680751174,0.8683
mwir_std_trans,D:\HwaSimIR\HwaSim_IR\Bin\Config\Atmosphere\MODTRAN\raw\audit_mwir_standard_20260906\mwir_std_trans\MODOUT2.txt,W/(cm^2 sr cm^-1),W/(cm^2 cm^-1),W/(m^2 sr um),W/(m^2 um),value_si=value_native*1e8/(wavelength_um^2),2131.0,4.692632566870014,0.9462
mwir_std_trans,D:\HwaSimIR\HwaSim_IR\Bin\Config\Atmosphere\MODTRAN\raw\audit_mwir_standard_20260906\mwir_std_trans\MODOUT2.txt,W/(cm^2 sr cm^-1),W/(cm^2 cm^-1),W/(m^2 sr um),W/(m^2 um),value_si=value_native*1e8/(wavelength_um^2),2132.0,4.690431519699812,0.8106
mwir_std_trans,D:\HwaSimIR\HwaSim_IR\Bin\Config\Atmosphere\MODTRAN\raw\audit_mwir_standard_20260906\mwir_std_trans\MODOUT2.txt,W/(cm^2 sr cm^-1),W/(cm^2 cm^-1),W/(m^2 sr um),W/(m^2 um),value_si=value_native*1e8/(wavelength_um^2),2133.0,4.688232536333802,0.9774
mwir_std_trans,D:\HwaSimIR\HwaSim_IR\Bin\Config\Atmosphere\MODTRAN\raw\audit_mwir_standard_20260906\mwir_std_trans\MODOUT2.txt,W/(cm^2 sr cm^-1),W/(cm^2 cm^-1),W/(m^2 sr um),W/(m^2 um),value_si=value_native*1e8/(wavelength_um^2),2134.0,4.686035613870666,0.9748
mwir_std_trans,D:\HwaSimIR\HwaSim_IR\Bin\Config\Atmosphere\MODTRAN\raw\audit_mwir_standard_20260906\mwir_std_trans\MODOUT2.txt,W/(cm^2 sr cm^-1),W/(cm^2 cm^-1),W/(m^2 sr um),W/(m^2 um),value_si=value_native*1e8/(wavelength_um^2),2135.0,4.68384074941452,0.9625
mwir_std_trans,D:\HwaSimIR\HwaSim_IR\Bin\Config\Atmosphere\MODTRAN\raw\audit_mwir_standard_20260906\mwir_std_trans\MODOUT2.txt,W/(cm^2 sr cm^-1),W/(cm^2 cm^-1),W/(m^2 sr um),W/(m^2 um),value_si=value_native*1e8/(wavelength_um^2),2136.0,4.681647940074907,0.6274
mwir_std_trans,D:\HwaSimIR\HwaSim_IR\Bin\Config\Atmosphere\MODTRAN\raw\audit_mwir_standard_20260906\mwir_std_trans\MODOUT2.txt,W/(cm^2 sr cm^-1),W/(cm^2 cm^-1),W/(m^2 sr um),W/(m^2 um),value_si=value_native*1e8/(wavelength_um^2),2137.0,4.679457182966776,0.7006
mwir_std_trans,D:\HwaSimIR\HwaSim_IR\Bin\Config\Atmosphere\MODTRAN\raw\audit_mwir_standard_20260906\mwir_std_trans\MODOUT2.txt,W/(cm^2 sr cm^-1),W/(cm^2 cm^-1),W/(m^2 sr um),W/(m^2 um),value_si=value_native*1e8/(wavelength_um^2),2138.0,4.677268475210477,0.8548
mwir_std_trans,D:\HwaSimIR\HwaSim_IR\Bin\Config\Atmosphere\MODTRAN\raw\audit_mwir_standard_20260906\mwir_std_trans\MODOUT2.txt,W/(cm^2 sr cm^-1),W/(cm^2 cm^-1),W/(m^2 sr um),W/(m^2 um),value_si=value_native*1e8/(wavelength_um^2),2139.0,4.675081813931744,0.7391
mwir_std_trans,D:\HwaSimIR\HwaSim_IR\Bin\Config\Atmosphere\MODTRAN\raw\audit_mwir_standard_20260906\mwir_std_trans\MODOUT2.txt,W/(cm^2 sr cm^-1),W/(cm^2 cm^-1),W/(m^2 sr um),W/(m^2 um),value_si=value_native*1e8/(wavelength_um^2),2140.0,4.672897196261682,0.936
mwir_std_trans,D:\HwaSimIR\HwaSim_IR\Bin\Config\Atmosphere\MODTRAN\raw\audit_mwir_standard_20260906\mwir_std_trans\MODOUT2.txt,W/(cm^2 sr cm^-1),W/(cm^2 cm^-1),W/(m^2 sr um),W/(m^2 um),value_si=value_native*1e8/(wavelength_um^2),2141.0,4.670714619336758,0.9735
mwir_std_trans,D:\HwaSimIR\HwaSim_IR\Bin\Config\Atmosphere\MODTRAN\raw\audit_mwir_standard_20260906\mwir_std_trans\MODOUT2.txt,W/(cm^2 sr cm^-1),W/(cm^2 cm^-1),W/(m^2 sr um),W/(m^2 um),value_si=value_native*1e8/(wavelength_um^2),2142.0,4.6685340802987865,0.9659
mwir_std_trans,D:\HwaSimIR\HwaSim_IR\Bin\Config\Atmosphere\MODTRAN\raw\audit_mwir_standard_20260906\mwir_std_trans\MODOUT2.txt,W/(cm^2 sr cm^-1),W/(cm^2 cm^-1),W/(m^2 sr um),W/(m^2 um),value_si=value_native*1e8/(wavelength_um^2),2143.0,4.666355576294913,0.9774
mwir_std_trans,D:\HwaSimIR\HwaSim_IR\Bin\Config\Atmosphere\MODTRAN\raw\audit_mwir_standard_20260906\mwir_std_trans\MODOUT2.txt,W/(cm^2 sr cm^-1),W/(cm^2 cm^-1),W/(m^2 sr um),W/(m^2 um),value_si=value_native*1e8/(wavelength_um^2),2144.0,4.664179104477612,0.97
mwir_std_trans,D:\HwaSimIR\HwaSim_IR\Bin\Config\Atmosphere\MODTRAN\raw\audit_mwir_standard_20260906\mwir_std_trans\MODOUT2.txt,W/(cm^2 sr cm^-1),W/(cm^2 cm^-1),W/(m^2 sr um),W/(m^2 um),value_si=value_native*1e8/(wavelength_um^2),2145.0,4.662004662004662,0.7999
mwir_std_trans,D:\HwaSimIR\HwaSim_IR\Bin\Config\Atmosphere\MODTRAN\raw\audit_mwir_standard_20260906\mwir_std_trans\MODOUT2.txt,W/(cm^2 sr cm^-1),W/(cm^2 cm^-1),W/(m^2 sr um),W/(m^2 um),value_si=value_native*1e8/(wavelength_um^2),2146.0,4.659832246039143,0.941
mwir_std_trans,D:\HwaSimIR\HwaSim_IR\Bin\Config\Atmosphere\MODTRAN\raw\audit_mwir_standard_20260906\mwir_std_trans\MODOUT2.txt,W/(cm^2 sr cm^-1),W/(cm^2 cm^-1),W/(m^2 sr um),W/(m^2 um),value_si=value_native*1e8/(wavelength_um^2),2147.0,4.657661853749418,0.7812
mwir_std_trans,D:\HwaSimIR\HwaSim_IR\Bin\Config\Atmosphere\MODTRAN\raw\audit_mwir_standard_20260906\mwir_std_trans\MODOUT2.txt,W/(cm^2 sr cm^-1),W/(cm^2 cm^-1),W/(m^2 sr um),W/(m^2 um),value_si=value_native*1e8/(wavelength_um^2),2148.0,4.655493482309125,0.9317
mwir_std_trans,D:\HwaSimIR\HwaSim_IR\Bin\Config\Atmosphere\MODTRAN\raw\audit_mwir_standard_20260906\mwir_std_trans\MODOUT2.txt,W/(cm^2 sr cm^-1),W/(cm^2 cm^-1),W/(m^2 sr um),W/(m^2 um),value_si=value_native*1e8/(wavelength_um^2),2149.0,4.653327128897161,0.9636
mwir_std_trans,D:\HwaSimIR\HwaSim_IR\Bin\Config\Atmosphere\MODTRAN\raw\audit_mwir_standard_20260906\mwir_std_trans\MODOUT2.txt,W/(cm^2 sr cm^-1),W/(cm^2 cm^-1),W/(m^2 sr um),W/(m^2 um),value_si=value_native*1e8/(wavelength_um^2),2150.0,4.651162790697675,0.9619
mwir_std_trans,D:\HwaSimIR\HwaSim_IR\Bin\Config\Atmosphere\MODTRAN\raw\audit_mwir_standard_20260906\mwir_std_trans\MODOUT2.txt,W/(cm^2 sr cm^-1),W/(cm^2 cm^-1),W/(m^2 sr um),W/(m^2 um),value_si=value_native*1e8/(wavelength_um^2),2151.0,4.6490004649000465,0.784
mwir_std_trans,D:\HwaSimIR\HwaSim_IR\Bin\Config\Atmosphere\MODTRAN\raw\audit_mwir_standard_20260906\mwir_std_trans\MODOUT2.txt,W/(cm^2 sr cm^-1),W/(cm^2 cm^-1),W/(m^2 sr um),W/(m^2 um),value_si=value_native*1e8/(wavelength_um^2),2152.0,4.646840148698884,0.9486
mwir_std_trans,D:\HwaSimIR\HwaSim_IR\Bin\Config\Atmosphere\MODTRAN\raw\audit_mwir_standard_20260906\mwir_std_trans\MODOUT2.txt,W/(cm^2 sr cm^-1),W/(cm^2 cm^-1),W/(m^2 sr um),W/(m^2 um),value_si=value_native*1e8/(wavelength_um^2),2153.0,4.644681839294009,0.8414
mwir_std_trans,D:\HwaSimIR\HwaSim_IR\Bin\Config\Atmosphere\MODTRAN\raw\audit_mwir_standard_20260906\mwir_std_trans\MODOUT2.txt,W/(cm^2 sr cm^-1),W/(cm^2 cm^-1),W/(m^2 sr um),W/(m^2 um),value_si=value_native*1e8/(wavelength_um^2),2154.0,4.642525533890437,0.9386
mwir_std_trans,D:\HwaSimIR\HwaSim_IR\Bin\Config\Atmosphere\MODTRAN\raw\audit_mwir_standard_20260906\mwir_std_trans\MODOUT2.txt,W/(cm^2 sr cm^-1),W/(cm^2 cm^-1),W/(m^2 sr um),W/(m^2 um),value_si=value_native*1e8/(wavelength_um^2),2155.0,4.640371229698376,0.7948
mwir_std_trans,D:\HwaSimIR\HwaSim_IR\Bin\Config\Atmosphere\MODTRAN\raw\audit_mwir_standard_20260906\mwir_std_trans\MODOUT2.txt,W/(cm^2 sr cm^-1),W/(cm^2 cm^-1),W/(m^2 sr um),W/(m^2 um),value_si=value_native*1e8/(wavelength_um^2),2156.0,4.638218923933209,0.9496
mwir_std_trans,D:\HwaSimIR\HwaSim_IR\Bin\Config\Atmosphere\MODTRAN\raw\audit_mwir_standard_20260906\mwir_std_trans\MODOUT2.txt,W/(cm^2 sr cm^-1),W/(cm^2 cm^-1),W/(m^2 sr um),W/(m^2 um),value_si=value_native*1e8/(wavelength_um^2),2157.0,4.6360686138154845,0.8908
mwir_std_trans,D:\HwaSimIR\HwaSim_IR\Bin\Config\Atmosphere\MODTRAN\raw\audit_mwir_standard_20260906\mwir_std_trans\MODOUT2.txt,W/(cm^2 sr cm^-1),W/(cm^2 cm^-1),W/(m^2 sr um),W/(m^2 um),value_si=value_native*1e8/(wavelength_um^2),2158.0,4.633920296570899,0.7386
mwir_std_trans,D:\HwaSimIR\HwaSim_IR\Bin\Config\Atmosphere\MODTRAN\raw\audit_mwir_standard_20260906\mwir_std_trans\MODOUT2.txt,W/(cm^2 sr cm^-1),W/(cm^2 cm^-1),W/(m^2 sr um),W/(m^2 um),value_si=value_native*1e8/(wavelength_um^2),2159.0,4.6317739694302915,0.9243
mwir_std_trans,D:\HwaSimIR\HwaSim_IR\Bin\Config\Atmosphere\MODTRAN\raw\audit_mwir_standard_20260906\mwir_std_trans\MODOUT2.txt,W/(cm^2 sr cm^-1),W/(cm^2 cm^-1),W/(m^2 sr um),W/(m^2 um),value_si=value_native*1e8/(wavelength_um^2),2160.0,4.62962962962963,0.9397
mwir_std_trans,D:\HwaSimIR\HwaSim_IR\Bin\Config\Atmosphere\MODTRAN\raw\audit_mwir_standard_20260906\mwir_std_trans\MODOUT2.txt,W/(cm^2 sr cm^-1),W/(cm^2 cm^-1),W/(m^2 sr um),W/(m^2 um),value_si=value_native*1e8/(wavelength_um^2),2161.0,4.6274872744099955,0.9156
mwir_std_trans,D:\HwaSimIR\HwaSim_IR\Bin\Config\Atmosphere\MODTRAN\raw\audit_mwir_standard_20260906\mwir_std_trans\MODOUT2.txt,W/(cm^2 sr cm^-1),W/(cm^2 cm^-1),W/(m^2 sr um),W/(m^2 um),value_si=value_native*1e8/(wavelength_um^2),2162.0,4.6253469010175765,0.5887
mwir_std_trans,D:\HwaSimIR\HwaSim_IR\Bin\Config\Atmosphere\MODTRAN\raw\audit_mwir_standard_20260906\mwir_std_trans\MODOUT2.txt,W/(cm^2 sr cm^-1),W/(cm^2 cm^-1),W/(m^2 sr um),W/(m^2 um),value_si=value_native*1e8/(wavelength_um^2),2163.0,4.623208506703652,0.8301
mwir_std_trans,D:\HwaSimIR\HwaSim_IR\Bin\Config\Atmosphere\MODTRAN\raw\audit_mwir_standard_20260906\mwir_std_trans\MODOUT2.txt,W/(cm^2 sr cm^-1),W/(cm^2 cm^-1),W/(m^2 sr um),W/(m^2 um),value_si=value_native*1e8/(wavelength_um^2),2164.0,4.621072088724584,0.9237
mwir_std_trans,D:\HwaSimIR\HwaSim_IR\Bin\Config\Atmosphere\MODTRAN\raw\audit_mwir_standard_20260906\mwir_std_trans\MODOUT2.txt,W/(cm^2 sr cm^-1),W/(cm^2 cm^-1),W/(m^2 sr um),W/(m^2 um),value_si=value_native*1e8/(wavelength_um^2),2165.0,4.618937644341801,0.8923
mwir_std_trans,D:\HwaSimIR\HwaSim_IR\Bin\Config\Atmosphere\MODTRAN\raw\audit_mwir_standard_20260906\mwir_std_trans\MODOUT2.txt,W/(cm^2 sr cm^-1),W/(cm^2 cm^-1),W/(m^2 sr um),W/(m^2 um),value_si=value_native*1e8/(wavelength_um^2),2166.0,4.616805170821792,0.7313
mwir_std_trans,D:\HwaSimIR\HwaSim_IR\Bin\Config\Atmosphere\MODTRAN\raw\audit_mwir_standard_20260906\mwir_std_trans\MODOUT2.txt,W/(cm^2 sr cm^-1),W/(cm^2 cm^-1),W/(m^2 sr um),W/(m^2 um),value_si=value_native*1e8/(wavelength_um^2),2167.0,4.614674665436087,0.9117
mwir_std_trans,D:\HwaSimIR\HwaSim_IR\Bin\Config\Atmosphere\MODTRAN\raw\audit_mwir_standard_20260906\mwir_std_trans\MODOUT2.txt,W/(cm^2 sr cm^-1),W/(cm^2 cm^-1),W/(m^2 sr um),W/(m^2 um),value_si=value_native*1e8/(wavelength_um^2),2168.0,4.612546125461255,0.9073
mwir_std_trans,D:\HwaSimIR\HwaSim_IR\Bin\Config\Atmosphere\MODTRAN\raw\audit_mwir_standard_20260906\mwir_std_trans\MODOUT2.txt,W/(cm^2 sr cm^-1),W/(cm^2 cm^-1),W/(m^2 sr um),W/(m^2 um),value_si=value_native*1e8/(wavelength_um^2),2169.0,4.610419548178884,0.6806
mwir_std_trans,D:\HwaSimIR\HwaSim_IR\Bin\Config\Atmosphere\MODTRAN\raw\audit_mwir_standard_20260906\mwir_std_trans\MODOUT2.txt,W/(cm^2 sr cm^-1),W/(cm^2 cm^-1),W/(m^2 sr um),W/(m^2 um),value_si=value_native*1e8/(wavelength_um^2),2170.0,4.608294930875576,0.8761
mwir_std_trans,D:\HwaSimIR\HwaSim_IR\Bin\Config\Atmosphere\MODTRAN\raw\audit_mwir_standard_20260906\mwir_std_trans\MODOUT2.txt,W/(cm^2 sr cm^-1),W/(cm^2 cm^-1),W/(m^2 sr um),W/(m^2 um),value_si=value_native*1e8/(wavelength_um^2),2171.0,4.606172270842929,0.7922
mwir_std_trans,D:\HwaSimIR\HwaSim_IR\Bin\Config\Atmosphere\MODTRAN\raw\audit_mwir_standard_20260906\mwir_std_trans\MODOUT2.txt,W/(cm^2 sr cm^-1),W/(cm^2 cm^-1),W/(m^2 sr um),W/(m^2 um),value_si=value_native*1e8/(wavelength_um^2),2172.0,4.6040515653775325,0.8358
mwir_std_trans,D:\HwaSimIR\HwaSim_IR\Bin\Config\Atmosphere\MODTRAN\raw\audit_mwir_standard_20260906\mwir_std_trans\MODOUT2.txt,W/(cm^2 sr cm^-1),W/(cm^2 cm^-1),W/(m^2 sr um),W/(m^2 um),value_si=value_native*1e8/(wavelength_um^2),2173.0,4.601932811780948,0.6518
mwir_std_trans,D:\HwaSimIR\HwaSim_IR\Bin\Config\Atmosphere\MODTRAN\raw\audit_mwir_standard_20260906\mwir_std_trans\MODOUT2.txt,W/(cm^2 sr cm^-1),W/(cm^2 cm^-1),W/(m^2 sr um),W/(m^2 um),value_si=value_native*1e8/(wavelength_um^2),2174.0,4.599816007359705,0.8813
mwir_std_trans,D:\HwaSimIR\HwaSim_IR\Bin\Config\Atmosphere\MODTRAN\raw\audit_mwir_standard_20260906\mwir_std_trans\MODOUT2.txt,W/(cm^2 sr cm^-1),W/(cm^2 cm^-1),W/(m^2 sr um),W/(m^2 um),value_si=value_native*1e8/(wavelength_um^2),2175.0,4.597701149425287,0.8232
mwir_std_trans,D:\HwaSimIR\HwaSim_IR\Bin\Config\Atmosphere\MODTRAN\raw\audit_mwir_standard_20260906\mwir_std_trans\MODOUT2.txt,W/(cm^2 sr cm^-1),W/(cm^2 cm^-1),W/(m^2 sr um),W/(m^2 um),value_si=value_native*1e8/(wavelength_um^2),2176.0,4.595588235294118,0.6351
mwir_std_trans,D:\HwaSimIR\HwaSim_IR\Bin\Config\Atmosphere\MODTRAN\raw\audit_mwir_standard_20260906\mwir_std_trans\MODOUT2.txt,W/(cm^2 sr cm^-1),W/(cm^2 cm^-1),W/(m^2 sr um),W/(m^2 um),value_si=value_native*1e8/(wavelength_um^2),2177.0,4.593477262287552,0.7824
mwir_std_trans,D:\HwaSimIR\HwaSim_IR\Bin\Config\Atmosphere\MODTRAN\raw\audit_mwir_standard_20260906\mwir_std_trans\MODOUT2.txt,W/(cm^2 sr cm^-1),W/(cm^2 cm^-1),W/(m^2 sr um),W/(m^2 um),value_si=value_native*1e8/(wavelength_um^2),2178.0,4.591368227731864,0.7937
mwir_std_trans,D:\HwaSimIR\HwaSim_IR\Bin\Config\Atmosphere\MODTRAN\raw\audit_mwir_standard_20260906\mwir_std_trans\MODOUT2.txt,W/(cm^2 sr cm^-1),W/(cm^2 cm^-1),W/(m^2 sr um),W/(m^2 um),value_si=value_native*1e8/(wavelength_um^2),2179.0,4.5892611289582375,0.7692
mwir_std_trans,D:\HwaSimIR\HwaSim_IR\Bin\Config\Atmosphere\MODTRAN\raw\audit_mwir_standard_20260906\mwir_std_trans\MODOUT2.txt,W/(cm^2 sr cm^-1),W/(cm^2 cm^-1),W/(m^2 sr um),W/(m^2 um),value_si=value_native*1e8/(wavelength_um^2),2180.0,4.587155963302752,0.5992
mwir_std_trans,D:\HwaSimIR\HwaSim_IR\Bin\Config\Atmosphere\MODTRAN\raw\audit_mwir_standard_20260906\mwir_std_trans\MODOUT2.txt,W/(cm^2 sr cm^-1),W/(cm^2 cm^-1),W/(m^2 sr um),W/(m^2 um),value_si=value_native*1e8/(wavelength_um^2),2181.0,4.5850527281063735,0.7316
mwir_std_trans,D:\HwaSimIR\HwaSim_IR\Bin\Config\Atmosphere\MODTRAN\raw\audit_mwir_standard_20260906\mwir_std_trans\MODOUT2.txt,W/(cm^2 sr cm^-1),W/(cm^2 cm^-1),W/(m^2 sr um),W/(m^2 um),value_si=value_native*1e8/(wavelength_um^2),2182.0,4.582951420714941,0.7061
mwir_std_trans,D:\HwaSimIR\HwaSim_IR\Bin\Config\Atmosphere\MODTRAN\raw\audit_mwir_standard_20260906\mwir_std_trans\MODOUT2.txt,W/(cm^2 sr cm^-1),W/(cm^2 cm^-1),W/(m^2 sr um),W/(m^2 um),value_si=value_native*1e8/(wavelength_um^2),2183.0,4.580852038479157,0.5305
mwir_std_trans,D:\HwaSimIR\HwaSim_IR\Bin\Config\Atmosphere\MODTRAN\raw\audit_mwir_standard_20260906\mwir_std_trans\MODOUT2.txt,W/(cm^2 sr cm^-1),W/(cm^2 cm^-1),W/(m^2 sr um),W/(m^2 um),value_si=value_native*1e8/(wavelength_um^2),2184.0,4.5787545787545785,0.6476
mwir_std_trans,D:\HwaSimIR\HwaSim_IR\Bin\Config\Atmosphere\MODTRAN\raw\audit_mwir_standard_20260906\mwir_std_trans\MODOUT2.txt,W/(cm^2 sr cm^-1),W/(cm^2 cm^-1),W/(m^2 sr um),W/(m^2 um),value_si=value_native*1e8/(wavelength_um^2),2185.0,4.576659038901602,0.5837
mwir_std_trans,D:\HwaSimIR\HwaSim_IR\Bin\Config\Atmosphere\MODTRAN\raw\audit_mwir_standard_20260906\mwir_std_trans\MODOUT2.txt,W/(cm^2 sr cm^-1),W/(cm^2 cm^-1),W/(m^2 sr um),W/(m^2 um),value_si=value_native*1e8/(wavelength_um^2),2186.0,4.574565416285453,0.5628
mwir_std_trans,D:\HwaSimIR\HwaSim_IR\Bin\Config\Atmosphere\MODTRAN\raw\audit_mwir_standard_20260906\mwir_std_trans\MODOUT2.txt,W/(cm^2 sr cm^-1),W/(cm^2 cm^-1),W/(m^2 sr um),W/(m^2 um),value_si=value_native*1e8/(wavelength_um^2),2187.0,4.572473708276178,0.4218
mwir_std_trans,D:\HwaSimIR\HwaSim_IR\Bin\Config\Atmosphere\MODTRAN\raw\audit_mwir_standard_20260906\mwir_std_trans\MODOUT2.txt,W/(cm^2 sr cm^-1),W/(cm^2 cm^-1),W/(m^2 sr um),W/(m^2 um),value_si=value_native*1e8/(wavelength_um^2),2188.0,4.570383912248629,0.5265
mwir_std_trans,D:\HwaSimIR\HwaSim_IR\Bin\Config\Atmosphere\MODTRAN\raw\audit_mwir_standard_20260906\mwir_std_trans\MODOUT2.txt,W/(cm^2 sr cm^-1),W/(cm^2 cm^-1),W/(m^2 sr um),W/(m^2 um),value_si=value_native*1e8/(wavelength_um^2),2189.0,4.568296025582458,0.5209
mwir_std_trans,D:\HwaSimIR\HwaSim_IR\Bin\Config\Atmosphere\MODTRAN\raw\audit_mwir_standard_20260906\mwir_std_trans\MODOUT2.txt,W/(cm^2 sr cm^-1),W/(cm^2 cm^-1),W/(m^2 sr um),W/(m^2 um),value_si=value_native*1e8/(wavelength_um^2),2190.0,4.566210045662101,0.4499
mwir_std_trans,D:\HwaSimIR\HwaSim_IR\Bin\Config\Atmosphere\MODTRAN\raw\audit_mwir_standard_20260906\mwir_std_trans\MODOUT2.txt,W/(cm^2 sr cm^-1),W/(cm^2 cm^-1),W/(m^2 sr um),W/(m^2 um),value_si=value_native*1e8/(wavelength_um^2),2191.0,4.564125969876769,0.5767
mwir_std_trans,D:\HwaSimIR\HwaSim_IR\Bin\Config\Atmosphere\MODTRAN\raw\audit_mwir_standard_20260906\mwir_std_trans\MODOUT2.txt,W/(cm^2 sr cm^-1),W/(cm^2 cm^-1),W/(m^2 sr um),W/(m^2 um),value_si=value_native*1e8/(wavelength_um^2),2192.0,4.562043795620438,0.5761
mwir_std_trans,D:\HwaSimIR\HwaSim_IR\Bin\Config\Atmosphere\MODTRAN\raw\audit_mwir_standard_20260906\mwir_std_trans\MODOUT2.txt,W/(cm^2 sr cm^-1),W/(cm^2 cm^-1),W/(m^2 sr um),W/(m^2 um),value_si=value_native*1e8/(wavelength_um^2),2193.0,4.559963520291838,0.5254
mwir_std_trans,D:\HwaSimIR\HwaSim_IR\Bin\Config\Atmosphere\MODTRAN\raw\audit_mwir_standard_20260906\mwir_std_trans\MODOUT2.txt,W/(cm^2 sr cm^-1),W/(cm^2 cm^-1),W/(m^2 sr um),W/(m^2 um),value_si=value_native*1e8/(wavelength_um^2),2194.0,4.557885141294439,0.4455
mwir_std_trans,D:\HwaSimIR\HwaSim_IR\Bin\Config\Atmosphere\MODTRAN\raw\audit_mwir_standard_20260906\mwir_std_trans\MODOUT2.txt,W/(cm^2 sr cm^-1),W/(cm^2 cm^-1),W/(m^2 sr um),W/(m^2 um),value_si=value_native*1e8/(wavelength_um^2),2195.0,4.555808656036446,0.4238
mwir_std_trans,D:\HwaSimIR\HwaSim_IR\Bin\Config\Atmosphere\MODTRAN\raw\audit_mwir_standard_20260906\mwir_std_trans\MODOUT2.txt,W/(cm^2 sr cm^-1),W/(cm^2 cm^-1),W/(m^2 sr um),W/(m^2 um),value_si=value_native*1e8/(wavelength_um^2),2196.0,4.553734061930784,0.3943
mwir_std_trans,D:\HwaSimIR\HwaSim_IR\Bin\Config\Atmosphere\MODTRAN\raw\audit_mwir_standard_20260906\mwir_std_trans\MODOUT2.txt,W/(cm^2 sr cm^-1),W/(cm^2 cm^-1),W/(m^2 sr um),W/(m^2 um),value_si=value_native*1e8/(wavelength_um^2),2197.0,4.551661356395084,0.3263
mwir_std_trans,D:\HwaSimIR\HwaSim_IR\Bin\Config\Atmosphere\MODTRAN\raw\audit_mwir_standard_20260906\mwir_std_trans\MODOUT2.txt,W/(cm^2 sr cm^-1),W/(cm^2 cm^-1),W/(m^2 sr um),W/(m^2 um),value_si=value_native*1e8/(wavelength_um^2),2198.0,4.549590536851683,0.3665
mwir_std_trans,D:\HwaSimIR\HwaSim_IR\Bin\Config\Atmosphere\MODTRAN\raw\audit_mwir_standard_20260906\mwir_std_trans\MODOUT2.txt,W/(cm^2 sr cm^-1),W/(cm^2 cm^-1),W/(m^2 sr um),W/(m^2 um),value_si=value_native*1e8/(wavelength_um^2),2199.0,4.547521600727603,0.3555
mwir_std_trans,D:\HwaSimIR\HwaSim_IR\Bin\Config\Atmosphere\MODTRAN\raw\audit_mwir_standard_20260906\mwir_std_trans\MODOUT2.txt,W/(cm^2 sr cm^-1),W/(cm^2 cm^-1),W/(m^2 sr um),W/(m^2 um),value_si=value_native*1e8/(wavelength_um^2),2200.0,4.545454545454546,0.308
mwir_std_trans,D:\HwaSimIR\HwaSim_IR\Bin\Config\Atmosphere\MODTRAN\raw\audit_mwir_standard_20260906\mwir_std_trans\MODOUT2.txt,W/(cm^2 sr cm^-1),W/(cm^2 cm^-1),W/(m^2 sr um),W/(m^2 um),value_si=value_native*1e8/(wavelength_um^2),2201.0,4.543389368468878,0.3927
mwir_std_trans,D:\HwaSimIR\HwaSim_IR\Bin\Config\Atmosphere\MODTRAN\raw\audit_mwir_standard_20260906\mwir_std_trans\MODOUT2.txt,W/(cm^2 sr cm^-1),W/(cm^2 cm^-1),W/(m^2 sr um),W/(m^2 um),value_si=value_native*1e8/(wavelength_um^2),2202.0,4.541326067211626,0.3774
mwir_std_trans,D:\HwaSimIR\HwaSim_IR\Bin\Config\Atmosphere\MODTRAN\raw\audit_mwir_standard_20260906\mwir_std_trans\MODOUT2.txt,W/(cm^2 sr cm^-1),W/(cm^2 cm^-1),W/(m^2 sr um),W/(m^2 um),value_si=value_native*1e8/(wavelength_um^2),2203.0,4.5392646391284615,0.2998
mwir_std_trans,D:\HwaSimIR\HwaSim_IR\Bin\Config\Atmosphere\MODTRAN\raw\audit_mwir_standard_20260906\mwir_std_trans\MODOUT2.txt,W/(cm^2 sr cm^-1),W/(cm^2 cm^-1),W/(m^2 sr um),W/(m^2 um),value_si=value_native*1e8/(wavelength_um^2),2204.0,4.537205081669692,0.2812
mwir_std_trans,D:\HwaSimIR\HwaSim_IR\Bin\Config\Atmosphere\MODTRAN\raw\audit_mwir_standard_20260906\mwir_std_trans\MODOUT2.txt,W/(cm^2 sr cm^-1),W/(cm^2 cm^-1),W/(m^2 sr um),W/(m^2 um),value_si=value_native*1e8/(wavelength_um^2),2205.0,4.535147392290249,0.2627
mwir_std_trans,D:\HwaSimIR\HwaSim_IR\Bin\Config\Atmosphere\MODTRAN\raw\audit_mwir_standard_20260906\mwir_std_trans\MODOUT2.txt,W/(cm^2 sr cm^-1),W/(cm^2 cm^-1),W/(m^2 sr um),W/(m^2 um),value_si=value_native*1e8/(wavelength_um^2),2206.0,4.533091568449683,0.2628
mwir_std_trans,D:\HwaSimIR\HwaSim_IR\Bin\Config\Atmosphere\MODTRAN\raw\audit_mwir_standard_20260906\mwir_std_trans\MODOUT2.txt,W/(cm^2 sr cm^-1),W/(cm^2 cm^-1),W/(m^2 sr um),W/(m^2 um),value_si=value_native*1e8/(wavelength_um^2),2207.0,4.531037607612143,0.2722
mwir_std_trans,D:\HwaSimIR\HwaSim_IR\Bin\Config\Atmosphere\MODTRAN\raw\audit_mwir_standard_20260906\mwir_std_trans\MODOUT2.txt,W/(cm^2 sr cm^-1),W/(cm^2 cm^-1),W/(m^2 sr um),W/(m^2 um),value_si=value_native*1e8/(wavelength_um^2),2208.0,4.528985507246377,0.2751
mwir_std_trans,D:\HwaSimIR\HwaSim_IR\Bin\Config\Atmosphere\MODTRAN\raw\audit_mwir_standard_20260906\mwir_std_trans\MODOUT2.txt,W/(cm^2 sr cm^-1),W/(cm^2 cm^-1),W/(m^2 sr um),W/(m^2 um),value_si=value_native*1e8/(wavelength_um^2),2209.0,4.526935264825713,0.2491
mwir_std_trans,D:\HwaSimIR\HwaSim_IR\Bin\Config\Atmosphere\MODTRAN\raw\audit_mwir_standard_20260906\mwir_std_trans\MODOUT2.txt,W/(cm^2 sr cm^-1),W/(cm^2 cm^-1),W/(m^2 sr um),W/(m^2 um),value_si=value_native*1e8/(wavelength_um^2),2210.0,4.524886877828054,0.256
mwir_std_trans,D:\HwaSimIR\HwaSim_IR\Bin\Config\Atmosphere\MODTRAN\raw\audit_mwir_standard_20260906\mwir_std_trans\MODOUT2.txt,W/(cm^2 sr cm^-1),W/(cm^2 cm^-1),W/(m^2 sr um),W/(m^2 um),value_si=value_native*1e8/(wavelength_um^2),2211.0,4.522840343735866,0.2296
mwir_std_trans,D:\HwaSimIR\HwaSim_IR\Bin\Config\Atmosphere\MODTRAN\raw\audit_mwir_standard_20260906\mwir_std_trans\MODOUT2.txt,W/(cm^2 sr cm^-1),W/(cm^2 cm^-1),W/(m^2 sr um),W/(m^2 um),value_si=value_native*1e8/(wavelength_um^2),2212.0,4.520795660036167,0.2364
mwir_std_trans,D:\HwaSimIR\HwaSim_IR\Bin\Config\Atmosphere\MODTRAN\raw\audit_mwir_standard_20260906\mwir_std_trans\MODOUT2.txt,W/(cm^2 sr cm^-1),W/(cm^2 cm^-1),W/(m^2 sr um),W/(m^2 um),value_si=value_native*1e8/(wavelength_um^2),2213.0,4.518752824220515,0.2215
mwir_std_trans,D:\HwaSimIR\HwaSim_IR\Bin\Config\Atmosphere\MODTRAN\raw\audit_mwir_standard_20260906\mwir_std_trans\MODOUT2.txt,W/(cm^2 sr cm^-1),W/(cm^2 cm^-1),W/(m^2 sr um),W/(m^2 um),value_si=value_native*1e8/(wavelength_um^2),2214.0,4.5167118337850045,0.2038
mwir_std_trans,D:\HwaSimIR\HwaSim_IR\Bin\Config\Atmosphere\MODTRAN\raw\audit_mwir_standard_20260906\mwir_std_trans\MODOUT2.txt,W/(cm^2 sr cm^-1),W/(cm^2 cm^-1),W/(m^2 sr um),W/(m^2 um),value_si=value_native*1e8/(wavelength_um^2),2215.0,4.514672686230249,0.2586
mwir_std_trans,D:\HwaSimIR\HwaSim_IR\Bin\Config\Atmosphere\MODTRAN\raw\audit_mwir_standard_20260906\mwir_std_trans\MODOUT2.txt,W/(cm^2 sr cm^-1),W/(cm^2 cm^-1),W/(m^2 sr um),W/(m^2 um),value_si=value_native*1e8/(wavelength_um^2),2216.0,4.512635379061372,0.2773
mwir_std_trans,D:\HwaSimIR\HwaSim_IR\Bin\Config\Atmosphere\MODTRAN\raw\audit_mwir_standard_20260906\mwir_std_trans\MODOUT2.txt,W/(cm^2 sr cm^-1),W/(cm^2 cm^-1),W/(m^2 sr um),W/(m^2 um),value_si=value_native*1e8/(wavelength_um^2),2217.0,4.510599909788001,0.2604
mwir_std_trans,D:\HwaSimIR\HwaSim_IR\Bin\Config\Atmosphere\MODTRAN\raw\audit_mwir_standard_20260906\mwir_std_trans\MODOUT2.txt,W/(cm^2 sr cm^-1),W/(cm^2 cm^-1),W/(m^2 sr um),W/(m^2 um),value_si=value_native*1e8/(wavelength_um^2),2218.0,4.508566275924256,0.1996
mwir_std_trans,D:\HwaSimIR\HwaSim_IR\Bin\Config\Atmosphere\MODTRAN\raw\audit_mwir_standard_20260906\mwir_std_trans\MODOUT2.txt,W/(cm^2 sr cm^-1),W/(cm^2 cm^-1),W/(m^2 sr um),W/(m^2 um),value_si=value_native*1e8/(wavelength_um^2),2219.0,4.506534474988734,0.1793
mwir_std_trans,D:\HwaSimIR\HwaSim_IR\Bin\Config\Atmosphere\MODTRAN\raw\audit_mwir_standard_20260906\mwir_std_trans\MODOUT2.txt,W/(cm^2 sr cm^-1),W/(cm^2 cm^-1),W/(m^2 sr um),W/(m^2 um),value_si=value_native*1e8/(wavelength_um^2),2220.0,4.504504504504505,0.2197
mwir_std_trans,D:\HwaSimIR\HwaSim_IR\Bin\Config\Atmosphere\MODTRAN\raw\audit_mwir_standard_20260906\mwir_std_trans\MODOUT2.txt,W/(cm^2 sr cm^-1),W/(cm^2 cm^-1),W/(m^2 sr um),W/(m^2 um),value_si=value_native*1e8/(wavelength_um^2),2221.0,4.5024763619991,0.3102
mwir_std_trans,D:\HwaSimIR\HwaSim_IR\Bin\Config\Atmosphere\MODTRAN\raw\audit_mwir_standard_20260906\mwir_std_trans\MODOUT2.txt,W/(cm^2 sr cm^-1),W/(cm^2 cm^-1),W/(m^2 sr um),W/(m^2 um),value_si=value_native*1e8/(wavelength_um^2),2222.0,4.5004500450045,0.3926
mwir_std_trans,D:\HwaSimIR\HwaSim_IR\Bin\Config\Atmosphere\MODTRAN\raw\audit_mwir_standard_20260906\mwir_std_trans\MODOUT2.txt,W/(cm^2 sr cm^-1),W/(cm^2 cm^-1),W/(m^2 sr um),W/(m^2 um),value_si=value_native*1e8/(wavelength_um^2),2223.0,4.49842555105713,0.3926
mwir_std_trans,D:\HwaSimIR\HwaSim_IR\Bin\Config\Atmosphere\MODTRAN\raw\audit_mwir_standard_20260906\mwir_std_trans\MODOUT2.txt,W/(cm^2 sr cm^-1),W/(cm^2 cm^-1),W/(m^2 sr um),W/(m^2 um),value_si=value_native*1e8/(wavelength_um^2),2224.0,4.496402877697841,0.5106
mwir_std_trans,D:\HwaSimIR\HwaSim_IR\Bin\Config\Atmosphere\MODTRAN\raw\audit_mwir_standard_20260906\mwir_std_trans\MODOUT2.txt,W/(cm^2 sr cm^-1),W/(cm^2 cm^-1),W/(m^2 sr um),W/(m^2 um),value_si=value_native*1e8/(wavelength_um^2),2225.0,4.49438202247191,0.289
mwir_std_trans,D:\HwaSimIR\HwaSim_IR\Bin\Config\Atmosphere\MODTRAN\raw\audit_mwir_standard_20260906\mwir_std_trans\MODOUT2.txt,W/(cm^2 sr cm^-1),W/(cm^2 cm^-1),W/(m^2 sr um),W/(m^2 um),value_si=value_native*1e8/(wavelength_um^2),2226.0,4.492362982929021,0.2645
mwir_std_trans,D:\HwaSimIR\HwaSim_IR\Bin\Config\Atmosphere\MODTRAN\raw\audit_mwir_standard_20260906\mwir_std_trans\MODOUT2.txt,W/(cm^2 sr cm^-1),W/(cm^2 cm^-1),W/(m^2 sr um),W/(m^2 um),value_si=value_native*1e8/(wavelength_um^2),2227.0,4.49034575662326,0.3035
mwir_std_trans,D:\HwaSimIR\HwaSim_IR\Bin\Config\Atmosphere\MODTRAN\raw\audit_mwir_standard_20260906\mwir_std_trans\MODOUT2.txt,W/(cm^2 sr cm^-1),W/(cm^2 cm^-1),W/(m^2 sr um),W/(m^2 um),value_si=value_native*1e8/(wavelength_um^2),2228.0,4.488330341113106,0.1744
mwir_std_trans,D:\HwaSimIR\HwaSim_IR\Bin\Config\Atmosphere\MODTRAN\raw\audit_mwir_standard_20260906\mwir_std_trans\MODOUT2.txt,W/(cm^2 sr cm^-1),W/(cm^2 cm^-1),W/(m^2 sr um),W/(m^2 um),value_si=value_native*1e8/(wavelength_um^2),2229.0,4.486316733961417,0.1117
mwir_std_trans,D:\HwaSimIR\HwaSim_IR\Bin\Config\Atmosphere\MODTRAN\raw\audit_mwir_standard_20260906\mwir_std_trans\MODOUT2.txt,W/(cm^2 sr cm^-1),W/(cm^2 cm^-1),W/(m^2 sr um),W/(m^2 um),value_si=value_native*1e8/(wavelength_um^2),2230.0,4.484304932735426,0.1565
mwir_std_trans,D:\HwaSimIR\HwaSim_IR\Bin\Config\Atmosphere\MODTRAN\raw\audit_mwir_standard_20260906\mwir_std_trans\MODOUT2.txt,W/(cm^2 sr cm^-1),W/(cm^2 cm^-1),W/(m^2 sr um),W/(m^2 um),value_si=value_native*1e8/(wavelength_um^2),2231.0,4.482294935006723,0.1228
mwir_std_trans,D:\HwaSimIR\HwaSim_IR\Bin\Config\Atmosphere\MODTRAN\raw\audit_mwir_standard_20260906\mwir_std_trans\MODOUT2.txt,W/(cm^2 sr cm^-1),W/(cm^2 cm^-1),W/(m^2 sr um),W/(m^2 um),value_si=value_native*1e8/(wavelength_um^2),2232.0,4.480286738351254,0.1058
mwir_std_trans,D:\HwaSimIR\HwaSim_IR\Bin\Config\Atmosphere\MODTRAN\raw\audit_mwir_standard_20260906\mwir_std_trans\MODOUT2.txt,W/(cm^2 sr cm^-1),W/(cm^2 cm^-1),W/(m^2 sr um),W/(m^2 um),value_si=value_native*1e8/(wavelength_um^2),2233.0,4.478280340349306,0.0808
mwir_std_trans,D:\HwaSimIR\HwaSim_IR\Bin\Config\Atmosphere\MODTRAN\raw\audit_mwir_standard_20260906\mwir_std_trans\MODOUT2.txt,W/(cm^2 sr cm^-1),W/(cm^2 cm^-1),W/(m^2 sr um),W/(m^2 um),value_si=value_native*1e8/(wavelength_um^2),2234.0,4.476275738585497,0.1415
mwir_std_trans,D:\HwaSimIR\HwaSim_IR\Bin\Config\Atmosphere\MODTRAN\raw\audit_mwir_standard_20260906\mwir_std_trans\MODOUT2.txt,W/(cm^2 sr cm^-1),W/(cm^2 cm^-1),W/(m^2 sr um),W/(m^2 um),value_si=value_native*1e8/(wavelength_um^2),2235.0,4.47427293064877,0.0682
mwir_std_trans,D:\HwaSimIR\HwaSim_IR\Bin\Config\Atmosphere\MODTRAN\raw\audit_mwir_standard_20260906\mwir_std_trans\MODOUT2.txt,W/(cm^2 sr cm^-1),W/(cm^2 cm^-1),W/(m^2 sr um),W/(m^2 um),value_si=value_native*1e8/(wavelength_um^2),2236.0,4.47227191413238,0.0999
mwir_std_trans,D:\HwaSimIR\HwaSim_IR\Bin\Config\Atmosphere\MODTRAN\raw\audit_mwir_standard_20260906\mwir_std_trans\MODOUT2.txt,W/(cm^2 sr cm^-1),W/(cm^2 cm^-1),W/(m^2 sr um),W/(m^2 um),value_si=value_native*1e8/(wavelength_um^2),2237.0,4.470272686633884,0.0646
mwir_std_trans,D:\HwaSimIR\HwaSim_IR\Bin\Config\Atmosphere\MODTRAN\raw\audit_mwir_standard_20260906\mwir_std_trans\MODOUT2.txt,W/(cm^2 sr cm^-1),W/(cm^2 cm^-1),W/(m^2 sr um),W/(m^2 um),value_si=value_native*1e8/(wavelength_um^2),2238.0,4.468275245755138,0.0726
mwir_std_trans,D:\HwaSimIR\HwaSim_IR\Bin\Config\Atmosphere\MODTRAN\raw\audit_mwir_standard_20260906\mwir_std_trans\MODOUT2.txt,W/(cm^2 sr cm^-1),W/(cm^2 cm^-1),W/(m^2 sr um),W/(m^2 um),value_si=value_native*1e8/(wavelength_um^2),2239.0,4.466279589102278,0.0545
mwir_std_trans,D:\HwaSimIR\HwaSim_IR\Bin\Config\Atmosphere\MODTRAN\raw\audit_mwir_standard_20260906\mwir_std_trans\MODOUT2.txt,W/(cm^2 sr cm^-1),W/(cm^2 cm^-1),W/(m^2 sr um),W/(m^2 um),value_si=value_native*1e8/(wavelength_um^2),2240.0,4.464285714285714,0.0689
mwir_std_trans,D:\HwaSimIR\HwaSim_IR\Bin\Config\Atmosphere\MODTRAN\raw\audit_mwir_standard_20260906\mwir_std_trans\MODOUT2.txt,W/(cm^2 sr cm^-1),W/(cm^2 cm^-1),W/(m^2 sr um),W/(m^2 um),value_si=value_native*1e8/(wavelength_um^2),2241.0,4.462293618920125,0.0516
mwir_std_trans,D:\HwaSimIR\HwaSim_IR\Bin\Config\Atmosphere\MODTRAN\raw\audit_mwir_standard_20260906\mwir_std_trans\MODOUT2.txt,W/(cm^2 sr cm^-1),W/(cm^2 cm^-1),W/(m^2 sr um),W/(m^2 um),value_si=value_native*1e8/(wavelength_um^2),2242.0,4.460303300624442,0.0512
mwir_std_trans,D:\HwaSimIR\HwaSim_IR\Bin\Config\Atmosphere\MODTRAN\raw\audit_mwir_standard_20260906\mwir_std_trans\MODOUT2.txt,W/(cm^2 sr cm^-1),W/(cm^2 cm^-1),W/(m^2 sr um),W/(m^2 um),value_si=value_native*1e8/(wavelength_um^2),2243.0,4.458314757021846,0.055
mwir_std_trans,D:\HwaSimIR\HwaSim_IR\Bin\Config\Atmosphere\MODTRAN\raw\audit_mwir_standard_20260906\mwir_std_trans\MODOUT2.txt,W/(cm^2 sr cm^-1),W/(cm^2 cm^-1),W/(m^2 sr um),W/(m^2 um),value_si=value_native*1e8/(wavelength_um^2),2244.0,4.45632798573975,0.0437
mwir_std_trans,D:\HwaSimIR\HwaSim_IR\Bin\Config\Atmosphere\MODTRAN\raw\audit_mwir_standard_20260906\mwir_std_trans\MODOUT2.txt,W/(cm^2 sr cm^-1),W/(cm^2 cm^-1),W/(m^2 sr um),W/(m^2 um),value_si=value_native*1e8/(wavelength_um^2),2245.0,4.4543429844097995,0.0588
mwir_std_trans,D:\HwaSimIR\HwaSim_IR\Bin\Config\Atmosphere\MODTRAN\raw\audit_mwir_standard_20260906\mwir_std_trans\MODOUT2.txt,W/(cm^2 sr cm^-1),W/(cm^2 cm^-1),W/(m^2 sr um),W/(m^2 um),value_si=value_native*1e8/(wavelength_um^2),2246.0,4.452359750667854,0.0458
mwir_std_trans,D:\HwaSimIR\HwaSim_IR\Bin\Config\Atmosphere\MODTRAN\raw\audit_mwir_standard_20260906\mwir_std_trans\MODOUT2.txt,W/(cm^2 sr cm^-1),W/(cm^2 cm^-1),W/(m^2 sr um),W/(m^2 um),value_si=value_native*1e8/(wavelength_um^2),2247.0,4.4503782821539835,0.0661
mwir_std_trans,D:\HwaSimIR\HwaSim_IR\Bin\Config\Atmosphere\MODTRAN\raw\audit_mwir_standard_20260906\mwir_std_trans\MODOUT2.txt,W/(cm^2 sr cm^-1),W/(cm^2 cm^-1),W/(m^2 sr um),W/(m^2 um),value_si=value_native*1e8/(wavelength_um^2),2248.0,4.448398576512456,0.0442
mwir_std_trans,D:\HwaSimIR\HwaSim_IR\Bin\Config\Atmosphere\MODTRAN\raw\audit_mwir_standard_20260906\mwir_std_trans\MODOUT2.txt,W/(cm^2 sr cm^-1),W/(cm^2 cm^-1),W/(m^2 sr um),W/(m^2 um),value_si=value_native*1e8/(wavelength_um^2),2249.0,4.44642063139173,0.0447
mwir_std_trans,D:\HwaSimIR\HwaSim_IR\Bin\Config\Atmosphere\MODTRAN\raw\audit_mwir_standard_20260906\mwir_std_trans\MODOUT2.txt,W/(cm^2 sr cm^-1),W/(cm^2 cm^-1),W/(m^2 sr um),W/(m^2 um),value_si=value_native*1e8/(wavelength_um^2),2250.0,4.444444444444445,0.0191
mwir_std_trans,D:\HwaSimIR\HwaSim_IR\Bin\Config\Atmosphere\MODTRAN\raw\audit_mwir_standard_20260906\mwir_std_trans\MODOUT2.txt,W/(cm^2 sr cm^-1),W/(cm^2 cm^-1),W/(m^2 sr um),W/(m^2 um),value_si=value_native*1e8/(wavelength_um^2),2251.0,4.44247001332741,0.0506
mwir_std_trans,D:\HwaSimIR\HwaSim_IR\Bin\Config\Atmosphere\MODTRAN\raw\audit_mwir_standard_20260906\mwir_std_trans\MODOUT2.txt,W/(cm^2 sr cm^-1),W/(cm^2 cm^-1),W/(m^2 sr um),W/(m^2 um),value_si=value_native*1e8/(wavelength_um^2),2252.0,4.440497335701599,0.014
mwir_std_trans,D:\HwaSimIR\HwaSim_IR\Bin\Config\Atmosphere\MODTRAN\raw\audit_mwir_standard_20260906\mwir_std_trans\MODOUT2.txt,W/(cm^2 sr cm^-1),W/(cm^2 cm^-1),W/(m^2 sr um),W/(m^2 um),value_si=value_native*1e8/(wavelength_um^2),2253.0,4.438526409232135,0.0322
mwir_std_trans,D:\HwaSimIR\HwaSim_IR\Bin\Config\Atmosphere\MODTRAN\raw\audit_mwir_standard_20260906\mwir_std_trans\MODOUT2.txt,W/(cm^2 sr cm^-1),W/(cm^2 cm^-1),W/(m^2 sr um),W/(m^2 um),value_si=value_native*1e8/(wavelength_um^2),2254.0,4.436557231588288,0.011
mwir_std_trans,D:\HwaSimIR\HwaSim_IR\Bin\Config\Atmosphere\MODTRAN\raw\audit_mwir_standard_20260906\mwir_std_trans\MODOUT2.txt,W/(cm^2 sr cm^-1),W/(cm^2 cm^-1),W/(m^2 sr um),W/(m^2 um),value_si=value_native*1e8/(wavelength_um^2),2255.0,4.434589800443459,0.0081
mwir_std_trans,D:\HwaSimIR\HwaSim_IR\Bin\Config\Atmosphere\MODTRAN\raw\audit_mwir_standard_20260906\mwir_std_trans\MODOUT2.txt,W/(cm^2 sr cm^-1),W/(cm^2 cm^-1),W/(m^2 sr um),W/(m^2 um),value_si=value_native*1e8/(wavelength_um^2),2256.0,4.432624113475177,0.017
mwir_std_trans,D:\HwaSimIR\HwaSim_IR\Bin\Config\Atmosphere\MODTRAN\raw\audit_mwir_standard_20260906\mwir_std_trans\MODOUT2.txt,W/(cm^2 sr cm^-1),W/(cm^2 cm^-1),W/(m^2 sr um),W/(m^2 um),value_si=value_native*1e8/(wavelength_um^2),2257.0,4.430660168365087,0.0015
mwir_std_trans,D:\HwaSimIR\HwaSim_IR\Bin\Config\Atmosphere\MODTRAN\raw\audit_mwir_standard_20260906\mwir_std_trans\MODOUT2.txt,W/(cm^2 sr cm^-1),W/(cm^2 cm^-1),W/(m^2 sr um),W/(m^2 um),value_si=value_native*1e8/(wavelength_um^2),2258.0,4.428697962798937,0.0138
mwir_std_trans,D:\HwaSimIR\HwaSim_IR\Bin\Config\Atmosphere\MODTRAN\raw\audit_mwir_standard_20260906\mwir_std_trans\MODOUT2.txt,W/(cm^2 sr cm^-1),W/(cm^2 cm^-1),W/(m^2 sr um),W/(m^2 um),value_si=value_native*1e8/(wavelength_um^2),2259.0,4.426737494466578,0.0055
mwir_std_trans,D:\HwaSimIR\HwaSim_IR\Bin\Config\Atmosphere\MODTRAN\raw\audit_mwir_standard_20260906\mwir_std_trans\MODOUT2.txt,W/(cm^2 sr cm^-1),W/(cm^2 cm^-1),W/(m^2 sr um),W/(m^2 um),value_si=value_native*1e8/(wavelength_um^2),2260.0,4.424778761061947,0.0006
mwir_std_trans,D:\HwaSimIR\HwaSim_IR\Bin\Config\Atmosphere\MODTRAN\raw\audit_mwir_standard_20260906\mwir_std_trans\MODOUT2.txt,W/(cm^2 sr cm^-1),W/(cm^2 cm^-1),W/(m^2 sr um),W/(m^2 um),value_si=value_native*1e8/(wavelength_um^2),2261.0,4.42282176028306,0.0025
mwir_std_trans,D:\HwaSimIR\HwaSim_IR\Bin\Config\Atmosphere\MODTRAN\raw\audit_mwir_standard_20260906\mwir_std_trans\MODOUT2.txt,W/(cm^2 sr cm^-1),W/(cm^2 cm^-1),W/(m^2 sr um),W/(m^2 um),value_si=value_native*1e8/(wavelength_um^2),2262.0,4.420866489832007,0.0065
mwir_std_trans,D:\HwaSimIR\HwaSim_IR\Bin\Config\Atmosphere\MODTRAN\raw\audit_mwir_standard_20260906\mwir_std_trans\MODOUT2.txt,W/(cm^2 sr cm^-1),W/(cm^2 cm^-1),W/(m^2 sr um),W/(m^2 um),value_si=value_native*1e8/(wavelength_um^2),2263.0,4.418912947414936,0.0002
mwir_std_trans,D:\HwaSimIR\HwaSim_IR\Bin\Config\Atmosphere\MODTRAN\raw\audit_mwir_standard_20260906\mwir_std_trans\MODOUT2.txt,W/(cm^2 sr cm^-1),W/(cm^2 cm^-1),W/(m^2 sr um),W/(m^2 um),value_si=value_native*1e8/(wavelength_um^2),2264.0,4.41696113074205,0.004
mwir_std_trans,D:\HwaSimIR\HwaSim_IR\Bin\Config\Atmosphere\MODTRAN\raw\audit_mwir_standard_20260906\mwir_std_trans\MODOUT2.txt,W/(cm^2 sr cm^-1),W/(cm^2 cm^-1),W/(m^2 sr um),W/(m^2 um),value_si=value_native*1e8/(wavelength_um^2),2265.0,4.415011037527594,0.0
mwir_std_trans,D:\HwaSimIR\HwaSim_IR\Bin\Config\Atmosphere\MODTRAN\raw\audit_mwir_standard_20260906\mwir_std_trans\MODOUT2.txt,W/(cm^2 sr cm^-1),W/(cm^2 cm^-1),W/(m^2 sr um),W/(m^2 um),value_si=value_native*1e8/(wavelength_um^2),2266.0,4.41306266548985,0.0028
mwir_std_trans,D:\HwaSimIR\HwaSim_IR\Bin\Config\Atmosphere\MODTRAN\raw\audit_mwir_standard_20260906\mwir_std_trans\MODOUT2.txt,W/(cm^2 sr cm^-1),W/(cm^2 cm^-1),W/(m^2 sr um),W/(m^2 um),value_si=value_native*1e8/(wavelength_um^2),2267.0,4.411116012351125,0.0002
mwir_std_trans,D:\HwaSimIR\HwaSim_IR\Bin\Config\Atmosphere\MODTRAN\raw\audit_mwir_standard_20260906\mwir_std_trans\MODOUT2.txt,W/(cm^2 sr cm^-1),W/(cm^2 cm^-1),W/(m^2 sr um),W/(m^2 um),value_si=value_native*1e8/(wavelength_um^2),2268.0,4.409171075837743,0.0006
mwir_std_trans,D:\HwaSimIR\HwaSim_IR\Bin\Config\Atmosphere\MODTRAN\raw\audit_mwir_standard_20260906\mwir_std_trans\MODOUT2.txt,W/(cm^2 sr cm^-1),W/(cm^2 cm^-1),W/(m^2 sr um),W/(m^2 um),value_si=value_native*1e8/(wavelength_um^2),2269.0,4.407227853680035,0.0012
mwir_std_trans,D:\HwaSimIR\HwaSim_IR\Bin\Config\Atmosphere\MODTRAN\raw\audit_mwir_standard_20260906\mwir_std_trans\MODOUT2.txt,W/(cm^2 sr cm^-1),W/(cm^2 cm^-1),W/(m^2 sr um),W/(m^2 um),value_si=value_native*1e8/(wavelength_um^2),2270.0,4.405286343612334,0.0003
mwir_std_trans,D:\HwaSimIR\HwaSim_IR\Bin\Config\Atmosphere\MODTRAN\raw\audit_mwir_standard_20260906\mwir_std_trans\MODOUT2.txt,W/(cm^2 sr cm^-1),W/(cm^2 cm^-1),W/(m^2 sr um),W/(m^2 um),value_si=value_native*1e8/(wavelength_um^2),2271.0,4.4033465433729635,0.0009
mwir_std_trans,D:\HwaSimIR\HwaSim_IR\Bin\Config\Atmosphere\MODTRAN\raw\audit_mwir_standard_20260906\mwir_std_trans\MODOUT2.txt,W/(cm^2 sr cm^-1),W/(cm^2 cm^-1),W/(m^2 sr um),W/(m^2 um),value_si=value_native*1e8/(wavelength_um^2),2272.0,4.401408450704225,0.0
mwir_std_trans,D:\HwaSimIR\HwaSim_IR\Bin\Config\Atmosphere\MODTRAN\raw\audit_mwir_standard_20260906\mwir_std_trans\MODOUT2.txt,W/(cm^2 sr cm^-1),W/(cm^2 cm^-1),W/(m^2 sr um),W/(m^2 um),value_si=value_native*1e8/(wavelength_um^2),2273.0,4.399472063352397,0.0008
mwir_std_trans,D:\HwaSimIR\HwaSim_IR\Bin\Config\Atmosphere\MODTRAN\raw\audit_mwir_standard_20260906\mwir_std_trans\MODOUT2.txt,W/(cm^2 sr cm^-1),W/(cm^2 cm^-1),W/(m^2 sr um),W/(m^2 um),value_si=value_native*1e8/(wavelength_um^2),2274.0,4.397537379067722,0.0001
mwir_std_trans,D:\HwaSimIR\HwaSim_IR\Bin\Config\Atmosphere\MODTRAN\raw\audit_mwir_standard_20260906\mwir_std_trans\MODOUT2.txt,W/(cm^2 sr cm^-1),W/(cm^2 cm^-1),W/(m^2 sr um),W/(m^2 um),value_si=value_native*1e8/(wavelength_um^2),2275.0,4.395604395604396,0.0004
mwir_std_trans,D:\HwaSimIR\HwaSim_IR\Bin\Config\Atmosphere\MODTRAN\raw\audit_mwir_standard_20260906\mwir_std_trans\MODOUT2.txt,W/(cm^2 sr cm^-1),W/(cm^2 cm^-1),W/(m^2 sr um),W/(m^2 um),value_si=value_native*1e8/(wavelength_um^2),2276.0,4.393673110720562,0.0
mwir_std_trans,D:\HwaSimIR\HwaSim_IR\Bin\Config\Atmosphere\MODTRAN\raw\audit_mwir_standard_20260906\mwir_std_trans\MODOUT2.txt,W/(cm^2 sr cm^-1),W/(cm^2 cm^-1),W/(m^2 sr um),W/(m^2 um),value_si=value_native*1e8/(wavelength_um^2),2277.0,4.391743522178305,0.0
mwir_std_trans,D:\HwaSimIR\HwaSim_IR\Bin\Config\Atmosphere\MODTRAN\raw\audit_mwir_standard_20260906\mwir_std_trans\MODOUT2.txt,W/(cm^2 sr cm^-1),W/(cm^2 cm^-1),W/(m^2 sr um),W/(m^2 um),value_si=value_native*1e8/(wavelength_um^2),2278.0,4.389815627743634,0.0003
mwir_std_trans,D:\HwaSimIR\HwaSim_IR\Bin\Config\Atmosphere\MODTRAN\raw\audit_mwir_standard_20260906\mwir_std_trans\MODOUT2.txt,W/(cm^2 sr cm^-1),W/(cm^2 cm^-1),W/(m^2 sr um),W/(m^2 um),value_si=value_native*1e8/(wavelength_um^2),2279.0,4.3878894251864855,0.0001
mwir_std_trans,D:\HwaSimIR\HwaSim_IR\Bin\Config\Atmosphere\MODTRAN\raw\audit_mwir_standard_20260906\mwir_std_trans\MODOUT2.txt,W/(cm^2 sr cm^-1),W/(cm^2 cm^-1),W/(m^2 sr um),W/(m^2 um),value_si=value_native*1e8/(wavelength_um^2),2280.0,4.385964912280702,0.0002
mwir_std_trans,D:\HwaSimIR\HwaSim_IR\Bin\Config\Atmosphere\MODTRAN\raw\audit_mwir_standard_20260906\mwir_std_trans\MODOUT2.txt,W/(cm^2 sr cm^-1),W/(cm^2 cm^-1),W/(m^2 sr um),W/(m^2 um),value_si=value_native*1e8/(wavelength_um^2),2281.0,4.384042086804033,0.001
mwir_std_trans,D:\HwaSimIR\HwaSim_IR\Bin\Config\Atmosphere\MODTRAN\raw\audit_mwir_standard_20260906\mwir_std_trans\MODOUT2.txt,W/(cm^2 sr cm^-1),W/(cm^2 cm^-1),W/(m^2 sr um),W/(m^2 um),value_si=value_native*1e8/(wavelength_um^2),2282.0,4.382120946538125,0.0004
mwir_std_trans,D:\HwaSimIR\HwaSim_IR\Bin\Config\Atmosphere\MODTRAN\raw\audit_mwir_standard_20260906\mwir_std_trans\MODOUT2.txt,W/(cm^2 sr cm^-1),W/(cm^2 cm^-1),W/(m^2 sr um),W/(m^2 um),value_si=value_native*1e8/(wavelength_um^2),2283.0,4.380201489268506,0.0082
mwir_std_trans,D:\HwaSimIR\HwaSim_IR\Bin\Config\Atmosphere\MODTRAN\raw\audit_mwir_standard_20260906\mwir_std_trans\MODOUT2.txt,W/(cm^2 sr cm^-1),W/(cm^2 cm^-1),W/(m^2 sr um),W/(m^2 um),value_si=value_native*1e8/(wavelength_um^2),2284.0,4.378283712784588,0.0032
mwir_std_trans,D:\HwaSimIR\HwaSim_IR\Bin\Config\Atmosphere\MODTRAN\raw\audit_mwir_standard_20260906\mwir_std_trans\MODOUT2.txt,W/(cm^2 sr cm^-1),W/(cm^2 cm^-1),W/(m^2 sr um),W/(m^2 um),value_si=value_native*1e8/(wavelength_um^2),2285.0,4.3763676148796495,0.0007
mwir_std_trans,D:\HwaSimIR\HwaSim_IR\Bin\Config\Atmosphere\MODTRAN\raw\audit_mwir_standard_20260906\mwir_std_trans\MODOUT2.txt,W/(cm^2 sr cm^-1),W/(cm^2 cm^-1),W/(m^2 sr um),W/(m^2 um),value_si=value_native*1e8/(wavelength_um^2),2286.0,4.374453193350831,0.0001
mwir_std_trans,D:\HwaSimIR\HwaSim_IR\Bin\Config\Atmosphere\MODTRAN\raw\audit_mwir_standard_20260906\mwir_std_trans\MODOUT2.txt,W/(cm^2 sr cm^-1),W/(cm^2 cm^-1),W/(m^2 sr um),W/(m^2 um),value_si=value_native*1e8/(wavelength_um^2),2287.0,4.3725404459991255,0.0
mwir_std_trans,D:\HwaSimIR\HwaSim_IR\Bin\Config\Atmosphere\MODTRAN\raw\audit_mwir_standard_20260906\mwir_std_trans\MODOUT2.txt,W/(cm^2 sr cm^-1),W/(cm^2 cm^-1),W/(m^2 sr um),W/(m^2 um),value_si=value_native*1e8/(wavelength_um^2),2288.0,4.370629370629371,0.0
mwir_std_trans,D:\HwaSimIR\HwaSim_IR\Bin\Config\Atmosphere\MODTRAN\raw\audit_mwir_standard_20260906\mwir_std_trans\MODOUT2.txt,W/(cm^2 sr cm^-1),W/(cm^2 cm^-1),W/(m^2 sr um),W/(m^2 um),value_si=value_native*1e8/(wavelength_um^2),2289.0,4.36871996505024,0.0
mwir_std_trans,D:\HwaSimIR\HwaSim_IR\Bin\Config\Atmosphere\MODTRAN\raw\audit_mwir_standard_20260906\mwir_std_trans\MODOUT2.txt,W/(cm^2 sr cm^-1),W/(cm^2 cm^-1),W/(m^2 sr um),W/(m^2 um),value_si=value_native*1e8/(wavelength_um^2),2290.0,4.366812227074236,0.0
mwir_std_trans,D:\HwaSimIR\HwaSim_IR\Bin\Config\Atmosphere\MODTRAN\raw\audit_mwir_standard_20260906\mwir_std_trans\MODOUT2.txt,W/(cm^2 sr cm^-1),W/(cm^2 cm^-1),W/(m^2 sr um),W/(m^2 um),value_si=value_native*1e8/(wavelength_um^2),2291.0,4.364906154517678,0.0
mwir_std_trans,D:\HwaSimIR\HwaSim_IR\Bin\Config\Atmosphere\MODTRAN\raw\audit_mwir_standard_20260906\mwir_std_trans\MODOUT2.txt,W/(cm^2 sr cm^-1),W/(cm^2 cm^-1),W/(m^2 sr um),W/(m^2 um),value_si=value_native*1e8/(wavelength_um^2),2292.0,4.363001745200698,0.0
mwir_std_trans,D:\HwaSimIR\HwaSim_IR\Bin\Config\Atmosphere\MODTRAN\raw\audit_mwir_standard_20260906\mwir_std_trans\MODOUT2.txt,W/(cm^2 sr cm^-1),W/(cm^2 cm^-1),W/(m^2 sr um),W/(m^2 um),value_si=value_native*1e8/(wavelength_um^2),2293.0,4.361098996947231,0.0
mwir_std_trans,D:\HwaSimIR\HwaSim_IR\Bin\Config\Atmosphere\MODTRAN\raw\audit_mwir_standard_20260906\mwir_std_trans\MODOUT2.txt,W/(cm^2 sr cm^-1),W/(cm^2 cm^-1),W/(m^2 sr um),W/(m^2 um),value_si=value_native*1e8/(wavelength_um^2),2294.0,4.3591979075850045,0.0
mwir_std_trans,D:\HwaSimIR\HwaSim_IR\Bin\Config\Atmosphere\MODTRAN\raw\audit_mwir_standard_20260906\mwir_std_trans\MODOUT2.txt,W/(cm^2 sr cm^-1),W/(cm^2 cm^-1),W/(m^2 sr um),W/(m^2 um),value_si=value_native*1e8/(wavelength_um^2),2295.0,4.357298474945534,0.0
mwir_std_trans,D:\HwaSimIR\HwaSim_IR\Bin\Config\Atmosphere\MODTRAN\raw\audit_mwir_standard_20260906\mwir_std_trans\MODOUT2.txt,W/(cm^2 sr cm^-1),W/(cm^2 cm^-1),W/(m^2 sr um),W/(m^2 um),value_si=value_native*1e8/(wavelength_um^2),2296.0,4.355400696864112,0.0
mwir_std_trans,D:\HwaSimIR\HwaSim_IR\Bin\Config\Atmosphere\MODTRAN\raw\audit_mwir_standard_20260906\mwir_std_trans\MODOUT2.txt,W/(cm^2 sr cm^-1),W/(cm^2 cm^-1),W/(m^2 sr um),W/(m^2 um),value_si=value_native*1e8/(wavelength_um^2),2297.0,4.3535045711797995,0.0
mwir_std_trans,D:\HwaSimIR\HwaSim_IR\Bin\Config\Atmosphere\MODTRAN\raw\audit_mwir_standard_20260906\mwir_std_trans\MODOUT2.txt,W/(cm^2 sr cm^-1),W/(cm^2 cm^-1),W/(m^2 sr um),W/(m^2 um),value_si=value_native*1e8/(wavelength_um^2),2298.0,4.351610095735422,0.0
mwir_std_trans,D:\HwaSimIR\HwaSim_IR\Bin\Config\Atmosphere\MODTRAN\raw\audit_mwir_standard_20260906\mwir_std_trans\MODOUT2.txt,W/(cm^2 sr cm^-1),W/(cm^2 cm^-1),W/(m^2 sr um),W/(m^2 um),value_si=value_native*1e8/(wavelength_um^2),2299.0,4.349717268377556,0.0
mwir_std_trans,D:\HwaSimIR\HwaSim_IR\Bin\Config\Atmosphere\MODTRAN\raw\audit_mwir_standard_20260906\mwir_std_trans\MODOUT2.txt,W/(cm^2 sr cm^-1),W/(cm^2 cm^-1),W/(m^2 sr um),W/(m^2 um),value_si=value_native*1e8/(wavelength_um^2),2300.0,4.3478260869565215,0.0
mwir_std_trans,D:\HwaSimIR\HwaSim_IR\Bin\Config\Atmosphere\MODTRAN\raw\audit_mwir_standard_20260906\mwir_std_trans\MODOUT2.txt,W/(cm^2 sr cm^-1),W/(cm^2 cm^-1),W/(m^2 sr um),W/(m^2 um),value_si=value_native*1e8/(wavelength_um^2),2301.0,4.34593654932638,0.0
mwir_std_trans,D:\HwaSimIR\HwaSim_IR\Bin\Config\Atmosphere\MODTRAN\raw\audit_mwir_standard_20260906\mwir_std_trans\MODOUT2.txt,W/(cm^2 sr cm^-1),W/(cm^2 cm^-1),W/(m^2 sr um),W/(m^2 um),value_si=value_native*1e8/(wavelength_um^2),2302.0,4.344048653344918,0.0
mwir_std_trans,D:\HwaSimIR\HwaSim_IR\Bin\Config\Atmosphere\MODTRAN\raw\audit_mwir_standard_20260906\mwir_std_trans\MODOUT2.txt,W/(cm^2 sr cm^-1),W/(cm^2 cm^-1),W/(m^2 sr um),W/(m^2 um),value_si=value_native*1e8/(wavelength_um^2),2303.0,4.342162396873643,0.0
mwir_std_trans,D:\HwaSimIR\HwaSim_IR\Bin\Config\Atmosphere\MODTRAN\raw\audit_mwir_standard_20260906\mwir_std_trans\MODOUT2.txt,W/(cm^2 sr cm^-1),W/(cm^2 cm^-1),W/(m^2 sr um),W/(m^2 um),value_si=value_native*1e8/(wavelength_um^2),2304.0,4.340277777777778,0.0
mwir_std_trans,D:\HwaSimIR\HwaSim_IR\Bin\Config\Atmosphere\MODTRAN\raw\audit_mwir_standard_20260906\mwir_std_trans\MODOUT2.txt,W/(cm^2 sr cm^-1),W/(cm^2 cm^-1),W/(m^2 sr um),W/(m^2 um),value_si=value_native*1e8/(wavelength_um^2),2305.0,4.3383947939262475,0.0
mwir_std_trans,D:\HwaSimIR\HwaSim_IR\Bin\Config\Atmosphere\MODTRAN\raw\audit_mwir_standard_20260906\mwir_std_trans\MODOUT2.txt,W/(cm^2 sr cm^-1),W/(cm^2 cm^-1),W/(m^2 sr um),W/(m^2 um),value_si=value_native*1e8/(wavelength_um^2),2306.0,4.336513443191674,0.0
mwir_std_trans,D:\HwaSimIR\HwaSim_IR\Bin\Config\Atmosphere\MODTRAN\raw\audit_mwir_standard_20260906\mwir_std_trans\MODOUT2.txt,W/(cm^2 sr cm^-1),W/(cm^2 cm^-1),W/(m^2 sr um),W/(m^2 um),value_si=value_native*1e8/(wavelength_um^2),2307.0,4.334633723450368,0.0
mwir_std_trans,D:\HwaSimIR\HwaSim_IR\Bin\Config\Atmosphere\MODTRAN\raw\audit_mwir_standard_20260906\mwir_std_trans\MODOUT2.txt,W/(cm^2 sr cm^-1),W/(cm^2 cm^-1),W/(m^2 sr um),W/(m^2 um),value_si=value_native*1e8/(wavelength_um^2),2308.0,4.332755632582322,0.0
mwir_std_trans,D:\HwaSimIR\HwaSim_IR\Bin\Config\Atmosphere\MODTRAN\raw\audit_mwir_standard_20260906\mwir_std_trans\MODOUT2.txt,W/(cm^2 sr cm^-1),W/(cm^2 cm^-1),W/(m^2 sr um),W/(m^2 um),value_si=value_native*1e8/(wavelength_um^2),2309.0,4.3308791684712,0.0
mwir_std_trans,D:\HwaSimIR\HwaSim_IR\Bin\Config\Atmosphere\MODTRAN\raw\audit_mwir_standard_20260906\mwir_std_trans\MODOUT2.txt,W/(cm^2 sr cm^-1),W/(cm^2 cm^-1),W/(m^2 sr um),W/(m^2 um),value_si=value_native*1e8/(wavelength_um^2),2310.0,4.329004329004329,0.0
mwir_std_trans,D:\HwaSimIR\HwaSim_IR\Bin\Config\Atmosphere\MODTRAN\raw\audit_mwir_standard_20260906\mwir_std_trans\MODOUT2.txt,W/(cm^2 sr cm^-1),W/(cm^2 cm^-1),W/(m^2 sr um),W/(m^2 um),value_si=value_native*1e8/(wavelength_um^2),2311.0,4.327131112072696,0.0
mwir_std_trans,D:\HwaSimIR\HwaSim_IR\Bin\Config\Atmosphere\MODTRAN\raw\audit_mwir_standard_20260906\mwir_std_trans\MODOUT2.txt,W/(cm^2 sr cm^-1),W/(cm^2 cm^-1),W/(m^2 sr um),W/(m^2 um),value_si=value_native*1e8/(wavelength_um^2),2312.0,4.325259515570934,0.0
mwir_std_trans,D:\HwaSimIR\HwaSim_IR\Bin\Config\Atmosphere\MODTRAN\raw\audit_mwir_standard_20260906\mwir_std_trans\MODOUT2.txt,W/(cm^2 sr cm^-1),W/(cm^2 cm^-1),W/(m^2 sr um),W/(m^2 um),value_si=value_native*1e8/(wavelength_um^2),2313.0,4.323389537397319,0.0
mwir_std_trans,D:\HwaSimIR\HwaSim_IR\Bin\Config\Atmosphere\MODTRAN\raw\audit_mwir_standard_20260906\mwir_std_trans\MODOUT2.txt,W/(cm^2 sr cm^-1),W/(cm^2 cm^-1),W/(m^2 sr um),W/(m^2 um),value_si=value_native*1e8/(wavelength_um^2),2314.0,4.32152117545376,0.0
mwir_std_trans,D:\HwaSimIR\HwaSim_IR\Bin\Config\Atmosphere\MODTRAN\raw\audit_mwir_standard_20260906\mwir_std_trans\MODOUT2.txt,W/(cm^2 sr cm^-1),W/(cm^2 cm^-1),W/(m^2 sr um),W/(m^2 um),value_si=value_native*1e8/(wavelength_um^2),2315.0,4.319654427645788,0.0
mwir_std_trans,D:\HwaSimIR\HwaSim_IR\Bin\Config\Atmosphere\MODTRAN\raw\audit_mwir_standard_20260906\mwir_std_trans\MODOUT2.txt,W/(cm^2 sr cm^-1),W/(cm^2 cm^-1),W/(m^2 sr um),W/(m^2 um),value_si=value_native*1e8/(wavelength_um^2),2316.0,4.317789291882556,0.0
mwir_std_trans,D:\HwaSimIR\HwaSim_IR\Bin\Config\Atmosphere\MODTRAN\raw\audit_mwir_standard_20260906\mwir_std_trans\MODOUT2.txt,W/(cm^2 sr cm^-1),W/(cm^2 cm^-1),W/(m^2 sr um),W/(m^2 um),value_si=value_native*1e8/(wavelength_um^2),2317.0,4.315925766076823,0.0
mwir_std_trans,D:\HwaSimIR\HwaSim_IR\Bin\Config\Atmosphere\MODTRAN\raw\audit_mwir_standard_20260906\mwir_std_trans\MODOUT2.txt,W/(cm^2 sr cm^-1),W/(cm^2 cm^-1),W/(m^2 sr um),W/(m^2 um),value_si=value_native*1e8/(wavelength_um^2),2318.0,4.3140638481449525,0.0
mwir_std_trans,D:\HwaSimIR\HwaSim_IR\Bin\Config\Atmosphere\MODTRAN\raw\audit_mwir_standard_20260906\mwir_std_trans\MODOUT2.txt,W/(cm^2 sr cm^-1),W/(cm^2 cm^-1),W/(m^2 sr um),W/(m^2 um),value_si=value_native*1e8/(wavelength_um^2),2319.0,4.3122035360068995,0.0
mwir_std_trans,D:\HwaSimIR\HwaSim_IR\Bin\Config\Atmosphere\MODTRAN\raw\audit_mwir_standard_20260906\mwir_std_trans\MODOUT2.txt,W/(cm^2 sr cm^-1),W/(cm^2 cm^-1),W/(m^2 sr um),W/(m^2 um),value_si=value_native*1e8/(wavelength_um^2),2320.0,4.310344827586207,0.0
mwir_std_trans,D:\HwaSimIR\HwaSim_IR\Bin\Config\Atmosphere\MODTRAN\raw\audit_mwir_standard_20260906\mwir_std_trans\MODOUT2.txt,W/(cm^2 sr cm^-1),W/(cm^2 cm^-1),W/(m^2 sr um),W/(m^2 um),value_si=value_native*1e8/(wavelength_um^2),2321.0,4.308487720809996,0.0
mwir_std_trans,D:\HwaSimIR\HwaSim_IR\Bin\Config\Atmosphere\MODTRAN\raw\audit_mwir_standard_20260906\mwir_std_trans\MODOUT2.txt,W/(cm^2 sr cm^-1),W/(cm^2 cm^-1),W/(m^2 sr um),W/(m^2 um),value_si=value_native*1e8/(wavelength_um^2),2322.0,4.306632213608958,0.0
mwir_std_trans,D:\HwaSimIR\HwaSim_IR\Bin\Config\Atmosphere\MODTRAN\raw\audit_mwir_standard_20260906\mwir_std_trans\MODOUT2.txt,W/(cm^2 sr cm^-1),W/(cm^2 cm^-1),W/(m^2 sr um),W/(m^2 um),value_si=value_native*1e8/(wavelength_um^2),2323.0,4.304778303917348,0.0
mwir_std_trans,D:\HwaSimIR\HwaSim_IR\Bin\Config\Atmosphere\MODTRAN\raw\audit_mwir_standard_20260906\mwir_std_trans\MODOUT2.txt,W/(cm^2 sr cm^-1),W/(cm^2 cm^-1),W/(m^2 sr um),W/(m^2 um),value_si=value_native*1e8/(wavelength_um^2),2324.0,4.3029259896729775,0.0
mwir_std_trans,D:\HwaSimIR\HwaSim_IR\Bin\Config\Atmosphere\MODTRAN\raw\audit_mwir_standard_20260906\mwir_std_trans\MODOUT2.txt,W/(cm^2 sr cm^-1),W/(cm^2 cm^-1),W/(m^2 sr um),W/(m^2 um),value_si=value_native*1e8/(wavelength_um^2),2325.0,4.301075268817204,0.0
mwir_std_trans,D:\HwaSimIR\HwaSim_IR\Bin\Config\Atmosphere\MODTRAN\raw\audit_mwir_standard_20260906\mwir_std_trans\MODOUT2.txt,W/(cm^2 sr cm^-1),W/(cm^2 cm^-1),W/(m^2 sr um),W/(m^2 um),value_si=value_native*1e8/(wavelength_um^2),2326.0,4.299226139294927,0.0
mwir_std_trans,D:\HwaSimIR\HwaSim_IR\Bin\Config\Atmosphere\MODTRAN\raw\audit_mwir_standard_20260906\mwir_std_trans\MODOUT2.txt,W/(cm^2 sr cm^-1),W/(cm^2 cm^-1),W/(m^2 sr um),W/(m^2 um),value_si=value_native*1e8/(wavelength_um^2),2327.0,4.297378599054577,0.0
mwir_std_trans,D:\HwaSimIR\HwaSim_IR\Bin\Config\Atmosphere\MODTRAN\raw\audit_mwir_standard_20260906\mwir_std_trans\MODOUT2.txt,W/(cm^2 sr cm^-1),W/(cm^2 cm^-1),W/(m^2 sr um),W/(m^2 um),value_si=value_native*1e8/(wavelength_um^2),2328.0,4.29553264604811,0.0
mwir_std_trans,D:\HwaSimIR\HwaSim_IR\Bin\Config\Atmosphere\MODTRAN\raw\audit_mwir_standard_20260906\mwir_std_trans\MODOUT2.txt,W/(cm^2 sr cm^-1),W/(cm^2 cm^-1),W/(m^2 sr um),W/(m^2 um),value_si=value_native*1e8/(wavelength_um^2),2329.0,4.293688278231,0.0
mwir_std_trans,D:\HwaSimIR\HwaSim_IR\Bin\Config\Atmosphere\MODTRAN\raw\audit_mwir_standard_20260906\mwir_std_trans\MODOUT2.txt,W/(cm^2 sr cm^-1),W/(cm^2 cm^-1),W/(m^2 sr um),W/(m^2 um),value_si=value_native*1e8/(wavelength_um^2),2330.0,4.291845493562231,0.0
mwir_std_trans,D:\HwaSimIR\HwaSim_IR\Bin\Config\Atmosphere\MODTRAN\raw\audit_mwir_standard_20260906\mwir_std_trans\MODOUT2.txt,W/(cm^2 sr cm^-1),W/(cm^2 cm^-1),W/(m^2 sr um),W/(m^2 um),value_si=value_native*1e8/(wavelength_um^2),2331.0,4.29000429000429,0.0
mwir_std_trans,D:\HwaSimIR\HwaSim_IR\Bin\Config\Atmosphere\MODTRAN\raw\audit_mwir_standard_20260906\mwir_std_trans\MODOUT2.txt,W/(cm^2 sr cm^-1),W/(cm^2 cm^-1),W/(m^2 sr um),W/(m^2 um),value_si=value_native*1e8/(wavelength_um^2),2332.0,4.288164665523156,0.0
mwir_std_trans,D:\HwaSimIR\HwaSim_IR\Bin\Config\Atmosphere\MODTRAN\raw\audit_mwir_standard_20260906\mwir_std_trans\MODOUT2.txt,W/(cm^2 sr cm^-1),W/(cm^2 cm^-1),W/(m^2 sr um),W/(m^2 um),value_si=value_native*1e8/(wavelength_um^2),2333.0,4.286326618088299,0.0
mwir_std_trans,D:\HwaSimIR\HwaSim_IR\Bin\Config\Atmosphere\MODTRAN\raw\audit_mwir_standard_20260906\mwir_std_trans\MODOUT2.txt,W/(cm^2 sr cm^-1),W/(cm^2 cm^-1),W/(m^2 sr um),W/(m^2 um),value_si=value_native*1e8/(wavelength_um^2),2334.0,4.284490145672665,0.0
mwir_std_trans,D:\HwaSimIR\HwaSim_IR\Bin\Config\Atmosphere\MODTRAN\raw\audit_mwir_standard_20260906\mwir_std_trans\MODOUT2.txt,W/(cm^2 sr cm^-1),W/(cm^2 cm^-1),W/(m^2 sr um),W/(m^2 um),value_si=value_native*1e8/(wavelength_um^2),2335.0,4.282655246252677,0.0
mwir_std_trans,D:\HwaSimIR\HwaSim_IR\Bin\Config\Atmosphere\MODTRAN\raw\audit_mwir_standard_20260906\mwir_std_trans\MODOUT2.txt,W/(cm^2 sr cm^-1),W/(cm^2 cm^-1),W/(m^2 sr um),W/(m^2 um),value_si=value_native*1e8/(wavelength_um^2),2336.0,4.280821917808219,0.0
mwir_std_trans,D:\HwaSimIR\HwaSim_IR\Bin\Config\Atmosphere\MODTRAN\raw\audit_mwir_standard_20260906\mwir_std_trans\MODOUT2.txt,W/(cm^2 sr cm^-1),W/(cm^2 cm^-1),W/(m^2 sr um),W/(m^2 um),value_si=value_native*1e8/(wavelength_um^2),2337.0,4.278990158322636,0.0
mwir_std_trans,D:\HwaSimIR\HwaSim_IR\Bin\Config\Atmosphere\MODTRAN\raw\audit_mwir_standard_20260906\mwir_std_trans\MODOUT2.txt,W/(cm^2 sr cm^-1),W/(cm^2 cm^-1),W/(m^2 sr um),W/(m^2 um),value_si=value_native*1e8/(wavelength_um^2),2338.0,4.277159965782721,0.0
mwir_std_trans,D:\HwaSimIR\HwaSim_IR\Bin\Config\Atmosphere\MODTRAN\raw\audit_mwir_standard_20260906\mwir_std_trans\MODOUT2.txt,W/(cm^2 sr cm^-1),W/(cm^2 cm^-1),W/(m^2 sr um),W/(m^2 um),value_si=value_native*1e8/(wavelength_um^2),2339.0,4.275331338178709,0.0
mwir_std_trans,D:\HwaSimIR\HwaSim_IR\Bin\Config\Atmosphere\MODTRAN\raw\audit_mwir_standard_20260906\mwir_std_trans\MODOUT2.txt,W/(cm^2 sr cm^-1),W/(cm^2 cm^-1),W/(m^2 sr um),W/(m^2 um),value_si=value_native*1e8/(wavelength_um^2),2340.0,4.273504273504273,0.0
mwir_std_trans,D:\HwaSimIR\HwaSim_IR\Bin\Config\Atmosphere\MODTRAN\raw\audit_mwir_standard_20260906\mwir_std_trans\MODOUT2.txt,W/(cm^2 sr cm^-1),W/(cm^2 cm^-1),W/(m^2 sr um),W/(m^2 um),value_si=value_native*1e8/(wavelength_um^2),2341.0,4.271678769756514,0.0
mwir_std_trans,D:\HwaSimIR\HwaSim_IR\Bin\Config\Atmosphere\MODTRAN\raw\audit_mwir_standard_20260906\mwir_std_trans\MODOUT2.txt,W/(cm^2 sr cm^-1),W/(cm^2 cm^-1),W/(m^2 sr um),W/(m^2 um),value_si=value_native*1e8/(wavelength_um^2),2342.0,4.269854824935952,0.0
mwir_std_trans,D:\HwaSimIR\HwaSim_IR\Bin\Config\Atmosphere\MODTRAN\raw\audit_mwir_standard_20260906\mwir_std_trans\MODOUT2.txt,W/(cm^2 sr cm^-1),W/(cm^2 cm^-1),W/(m^2 sr um),W/(m^2 um),value_si=value_native*1e8/(wavelength_um^2),2343.0,4.2680324370465215,0.0
mwir_std_trans,D:\HwaSimIR\HwaSim_IR\Bin\Config\Atmosphere\MODTRAN\raw\audit_mwir_standard_20260906\mwir_std_trans\MODOUT2.txt,W/(cm^2 sr cm^-1),W/(cm^2 cm^-1),W/(m^2 sr um),W/(m^2 um),value_si=value_native*1e8/(wavelength_um^2),2344.0,4.266211604095563,0.0
mwir_std_trans,D:\HwaSimIR\HwaSim_IR\Bin\Config\Atmosphere\MODTRAN\raw\audit_mwir_standard_20260906\mwir_std_trans\MODOUT2.txt,W/(cm^2 sr cm^-1),W/(cm^2 cm^-1),W/(m^2 sr um),W/(m^2 um),value_si=value_native*1e8/(wavelength_um^2),2345.0,4.264392324093817,0.0
mwir_std_trans,D:\HwaSimIR\HwaSim_IR\Bin\Config\Atmosphere\MODTRAN\raw\audit_mwir_standard_20260906\mwir_std_trans\MODOUT2.txt,W/(cm^2 sr cm^-1),W/(cm^2 cm^-1),W/(m^2 sr um),W/(m^2 um),value_si=value_native*1e8/(wavelength_um^2),2346.0,4.262574595055414,0.0
mwir_std_trans,D:\HwaSimIR\HwaSim_IR\Bin\Config\Atmosphere\MODTRAN\raw\audit_mwir_standard_20260906\mwir_std_trans\MODOUT2.txt,W/(cm^2 sr cm^-1),W/(cm^2 cm^-1),W/(m^2 sr um),W/(m^2 um),value_si=value_native*1e8/(wavelength_um^2),2347.0,4.26075841499787,0.0
mwir_std_trans,D:\HwaSimIR\HwaSim_IR\Bin\Config\Atmosphere\MODTRAN\raw\audit_mwir_standard_20260906\mwir_std_trans\MODOUT2.txt,W/(cm^2 sr cm^-1),W/(cm^2 cm^-1),W/(m^2 sr um),W/(m^2 um),value_si=value_native*1e8/(wavelength_um^2),2348.0,4.258943781942079,0.0
mwir_std_trans,D:\HwaSimIR\HwaSim_IR\Bin\Config\Atmosphere\MODTRAN\raw\audit_mwir_standard_20260906\mwir_std_trans\MODOUT2.txt,W/(cm^2 sr cm^-1),W/(cm^2 cm^-1),W/(m^2 sr um),W/(m^2 um),value_si=value_native*1e8/(wavelength_um^2),2349.0,4.257130693912303,0.0
mwir_std_trans,D:\HwaSimIR\HwaSim_IR\Bin\Config\Atmosphere\MODTRAN\raw\audit_mwir_standard_20260906\mwir_std_trans\MODOUT2.txt,W/(cm^2 sr cm^-1),W/(cm^2 cm^-1),W/(m^2 sr um),W/(m^2 um),value_si=value_native*1e8/(wavelength_um^2),2350.0,4.25531914893617,0.0
mwir_std_trans,D:\HwaSimIR\HwaSim_IR\Bin\Config\Atmosphere\MODTRAN\raw\audit_mwir_standard_20260906\mwir_std_trans\MODOUT2.txt,W/(cm^2 sr cm^-1),W/(cm^2 cm^-1),W/(m^2 sr um),W/(m^2 um),value_si=value_native*1e8/(wavelength_um^2),2351.0,4.253509145044662,0.0
mwir_std_trans,D:\HwaSimIR\HwaSim_IR\Bin\Config\Atmosphere\MODTRAN\raw\audit_mwir_standard_20260906\mwir_std_trans\MODOUT2.txt,W/(cm^2 sr cm^-1),W/(cm^2 cm^-1),W/(m^2 sr um),W/(m^2 um),value_si=value_native*1e8/(wavelength_um^2),2352.0,4.2517006802721085,0.0
mwir_std_trans,D:\HwaSimIR\HwaSim_IR\Bin\Config\Atmosphere\MODTRAN\raw\audit_mwir_standard_20260906\mwir_std_trans\MODOUT2.txt,W/(cm^2 sr cm^-1),W/(cm^2 cm^-1),W/(m^2 sr um),W/(m^2 um),value_si=value_native*1e8/(wavelength_um^2),2353.0,4.249893752656184,0.0
mwir_std_trans,D:\HwaSimIR\HwaSim_IR\Bin\Config\Atmosphere\MODTRAN\raw\audit_mwir_standard_20260906\mwir_std_trans\MODOUT2.txt,W/(cm^2 sr cm^-1),W/(cm^2 cm^-1),W/(m^2 sr um),W/(m^2 um),value_si=value_native*1e8/(wavelength_um^2),2354.0,4.248088360237893,0.0
mwir_std_trans,D:\HwaSimIR\HwaSim_IR\Bin\Config\Atmosphere\MODTRAN\raw\audit_mwir_standard_20260906\mwir_std_trans\MODOUT2.txt,W/(cm^2 sr cm^-1),W/(cm^2 cm^-1),W/(m^2 sr um),W/(m^2 um),value_si=value_native*1e8/(wavelength_um^2),2355.0,4.246284501061571,0.0
mwir_std_trans,D:\HwaSimIR\HwaSim_IR\Bin\Config\Atmosphere\MODTRAN\raw\audit_mwir_standard_20260906\mwir_std_trans\MODOUT2.txt,W/(cm^2 sr cm^-1),W/(cm^2 cm^-1),W/(m^2 sr um),W/(m^2 um),value_si=value_native*1e8/(wavelength_um^2),2356.0,4.244482173174872,0.0
mwir_std_trans,D:\HwaSimIR\HwaSim_IR\Bin\Config\Atmosphere\MODTRAN\raw\audit_mwir_standard_20260906\mwir_std_trans\MODOUT2.txt,W/(cm^2 sr cm^-1),W/(cm^2 cm^-1),W/(m^2 sr um),W/(m^2 um),value_si=value_native*1e8/(wavelength_um^2),2357.0,4.2426813746287655,0.0
mwir_std_trans,D:\HwaSimIR\HwaSim_IR\Bin\Config\Atmosphere\MODTRAN\raw\audit_mwir_standard_20260906\mwir_std_trans\MODOUT2.txt,W/(cm^2 sr cm^-1),W/(cm^2 cm^-1),W/(m^2 sr um),W/(m^2 um),value_si=value_native*1e8/(wavelength_um^2),2358.0,4.2408821034775235,0.0
mwir_std_trans,D:\HwaSimIR\HwaSim_IR\Bin\Config\Atmosphere\MODTRAN\raw\audit_mwir_standard_20260906\mwir_std_trans\MODOUT2.txt,W/(cm^2 sr cm^-1),W/(cm^2 cm^-1),W/(m^2 sr um),W/(m^2 um),value_si=value_native*1e8/(wavelength_um^2),2359.0,4.23908435777872,0.0
mwir_std_trans,D:\HwaSimIR\HwaSim_IR\Bin\Config\Atmosphere\MODTRAN\raw\audit_mwir_standard_20260906\mwir_std_trans\MODOUT2.txt,W/(cm^2 sr cm^-1),W/(cm^2 cm^-1),W/(m^2 sr um),W/(m^2 um),value_si=value_native*1e8/(wavelength_um^2),2360.0,4.237288135593221,0.0
mwir_std_trans,D:\HwaSimIR\HwaSim_IR\Bin\Config\Atmosphere\MODTRAN\raw\audit_mwir_standard_20260906\mwir_std_trans\MODOUT2.txt,W/(cm^2 sr cm^-1),W/(cm^2 cm^-1),W/(m^2 sr um),W/(m^2 um),value_si=value_native*1e8/(wavelength_um^2),2361.0,4.235493434985176,0.0
mwir_std_trans,D:\HwaSimIR\HwaSim_IR\Bin\Config\Atmosphere\MODTRAN\raw\audit_mwir_standard_20260906\mwir_std_trans\MODOUT2.txt,W/(cm^2 sr cm^-1),W/(cm^2 cm^-1),W/(m^2 sr um),W/(m^2 um),value_si=value_native*1e8/(wavelength_um^2),2362.0,4.233700254022016,0.0
mwir_std_trans,D:\HwaSimIR\HwaSim_IR\Bin\Config\Atmosphere\MODTRAN\raw\audit_mwir_standard_20260906\mwir_std_trans\MODOUT2.txt,W/(cm^2 sr cm^-1),W/(cm^2 cm^-1),W/(m^2 sr um),W/(m^2 um),value_si=value_native*1e8/(wavelength_um^2),2363.0,4.231908590774439,0.0
mwir_std_trans,D:\HwaSimIR\HwaSim_IR\Bin\Config\Atmosphere\MODTRAN\raw\audit_mwir_standard_20260906\mwir_std_trans\MODOUT2.txt,W/(cm^2 sr cm^-1),W/(cm^2 cm^-1),W/(m^2 sr um),W/(m^2 um),value_si=value_native*1e8/(wavelength_um^2),2364.0,4.230118443316413,0.0
mwir_std_trans,D:\HwaSimIR\HwaSim_IR\Bin\Config\Atmosphere\MODTRAN\raw\audit_mwir_standard_20260906\mwir_std_trans\MODOUT2.txt,W/(cm^2 sr cm^-1),W/(cm^2 cm^-1),W/(m^2 sr um),W/(m^2 um),value_si=value_native*1e8/(wavelength_um^2),2365.0,4.2283298097251585,0.0
mwir_std_trans,D:\HwaSimIR\HwaSim_IR\Bin\Config\Atmosphere\MODTRAN\raw\audit_mwir_standard_20260906\mwir_std_trans\MODOUT2.txt,W/(cm^2 sr cm^-1),W/(cm^2 cm^-1),W/(m^2 sr um),W/(m^2 um),value_si=value_native*1e8/(wavelength_um^2),2366.0,4.22654268808115,0.0
mwir_std_trans,D:\HwaSimIR\HwaSim_IR\Bin\Config\Atmosphere\MODTRAN\raw\audit_mwir_standard_20260906\mwir_std_trans\MODOUT2.txt,W/(cm^2 sr cm^-1),W/(cm^2 cm^-1),W/(m^2 sr um),W/(m^2 um),value_si=value_native*1e8/(wavelength_um^2),2367.0,4.224757076468103,0.0
mwir_std_trans,D:\HwaSimIR\HwaSim_IR\Bin\Config\Atmosphere\MODTRAN\raw\audit_mwir_standard_20260906\mwir_std_trans\MODOUT2.txt,W/(cm^2 sr cm^-1),W/(cm^2 cm^-1),W/(m^2 sr um),W/(m^2 um),value_si=value_native*1e8/(wavelength_um^2),2368.0,4.222972972972973,0.0
mwir_std_trans,D:\HwaSimIR\HwaSim_IR\Bin\Config\Atmosphere\MODTRAN\raw\audit_mwir_standard_20260906\mwir_std_trans\MODOUT2.txt,W/(cm^2 sr cm^-1),W/(cm^2 cm^-1),W/(m^2 sr um),W/(m^2 um),value_si=value_native*1e8/(wavelength_um^2),2369.0,4.221190375685944,0.0
mwir_std_trans,D:\HwaSimIR\HwaSim_IR\Bin\Config\Atmosphere\MODTRAN\raw\audit_mwir_standard_20260906\mwir_std_trans\MODOUT2.txt,W/(cm^2 sr cm^-1),W/(cm^2 cm^-1),W/(m^2 sr um),W/(m^2 um),value_si=value_native*1e8/(wavelength_um^2),2370.0,4.219409282700422,0.0
mwir_std_trans,D:\HwaSimIR\HwaSim_IR\Bin\Config\Atmosphere\MODTRAN\raw\audit_mwir_standard_20260906\mwir_std_trans\MODOUT2.txt,W/(cm^2 sr cm^-1),W/(cm^2 cm^-1),W/(m^2 sr um),W/(m^2 um),value_si=value_native*1e8/(wavelength_um^2),2371.0,4.217629692113032,0.0
mwir_std_trans,D:\HwaSimIR\HwaSim_IR\Bin\Config\Atmosphere\MODTRAN\raw\audit_mwir_standard_20260906\mwir_std_trans\MODOUT2.txt,W/(cm^2 sr cm^-1),W/(cm^2 cm^-1),W/(m^2 sr um),W/(m^2 um),value_si=value_native*1e8/(wavelength_um^2),2372.0,4.2158516020236085,0.0
mwir_std_trans,D:\HwaSimIR\HwaSim_IR\Bin\Config\Atmosphere\MODTRAN\raw\audit_mwir_standard_20260906\mwir_std_trans\MODOUT2.txt,W/(cm^2 sr cm^-1),W/(cm^2 cm^-1),W/(m^2 sr um),W/(m^2 um),value_si=value_native*1e8/(wavelength_um^2),2373.0,4.214075010535187,0.0
mwir_std_trans,D:\HwaSimIR\HwaSim_IR\Bin\Config\Atmosphere\MODTRAN\raw\audit_mwir_standard_20260906\mwir_std_trans\MODOUT2.txt,W/(cm^2 sr cm^-1),W/(cm^2 cm^-1),W/(m^2 sr um),W/(m^2 um),value_si=value_native*1e8/(wavelength_um^2),2374.0,4.212299915754001,0.0
mwir_std_trans,D:\HwaSimIR\HwaSim_IR\Bin\Config\Atmosphere\MODTRAN\raw\audit_mwir_standard_20260906\mwir_std_trans\MODOUT2.txt,W/(cm^2 sr cm^-1),W/(cm^2 cm^-1),W/(m^2 sr um),W/(m^2 um),value_si=value_native*1e8/(wavelength_um^2),2375.0,4.2105263157894735,0.0
mwir_std_trans,D:\HwaSimIR\HwaSim_IR\Bin\Config\Atmosphere\MODTRAN\raw\audit_mwir_standard_20260906\mwir_std_trans\MODOUT2.txt,W/(cm^2 sr cm^-1),W/(cm^2 cm^-1),W/(m^2 sr um),W/(m^2 um),value_si=value_native*1e8/(wavelength_um^2),2376.0,4.2087542087542085,0.0
mwir_std_trans,D:\HwaSimIR\HwaSim_IR\Bin\Config\Atmosphere\MODTRAN\raw\audit_mwir_standard_20260906\mwir_std_trans\MODOUT2.txt,W/(cm^2 sr cm^-1),W/(cm^2 cm^-1),W/(m^2 sr um),W/(m^2 um),value_si=value_native*1e8/(wavelength_um^2),2377.0,4.206983592763988,0.0
mwir_std_trans,D:\HwaSimIR\HwaSim_IR\Bin\Config\Atmosphere\MODTRAN\raw\audit_mwir_standard_20260906\mwir_std_trans\MODOUT2.txt,W/(cm^2 sr cm^-1),W/(cm^2 cm^-1),W/(m^2 sr um),W/(m^2 um),value_si=value_native*1e8/(wavelength_um^2),2378.0,4.205214465937763,0.0
mwir_std_trans,D:\HwaSimIR\HwaSim_IR\Bin\Config\Atmosphere\MODTRAN\raw\audit_mwir_standard_20260906\mwir_std_trans\MODOUT2.txt,W/(cm^2 sr cm^-1),W/(cm^2 cm^-1),W/(m^2 sr um),W/(m^2 um),value_si=value_native*1e8/(wavelength_um^2),2379.0,4.203446826397646,0.0
mwir_std_trans,D:\HwaSimIR\HwaSim_IR\Bin\Config\Atmosphere\MODTRAN\raw\audit_mwir_standard_20260906\mwir_std_trans\MODOUT2.txt,W/(cm^2 sr cm^-1),W/(cm^2 cm^-1),W/(m^2 sr um),W/(m^2 um),value_si=value_native*1e8/(wavelength_um^2),2380.0,4.201680672268908,0.0
mwir_std_trans,D:\HwaSimIR\HwaSim_IR\Bin\Config\Atmosphere\MODTRAN\raw\audit_mwir_standard_20260906\mwir_std_trans\MODOUT2.txt,W/(cm^2 sr cm^-1),W/(cm^2 cm^-1),W/(m^2 sr um),W/(m^2 um),value_si=value_native*1e8/(wavelength_um^2),2381.0,4.199916001679966,0.0
mwir_std_trans,D:\HwaSimIR\HwaSim_IR\Bin\Config\Atmosphere\MODTRAN\raw\audit_mwir_standard_20260906\mwir_std_trans\MODOUT2.txt,W/(cm^2 sr cm^-1),W/(cm^2 cm^-1),W/(m^2 sr um),W/(m^2 um),value_si=value_native*1e8/(wavelength_um^2),2382.0,4.198152812762385,0.0
mwir_std_trans,D:\HwaSimIR\HwaSim_IR\Bin\Config\Atmosphere\MODTRAN\raw\audit_mwir_standard_20260906\mwir_std_trans\MODOUT2.txt,W/(cm^2 sr cm^-1),W/(cm^2 cm^-1),W/(m^2 sr um),W/(m^2 um),value_si=value_native*1e8/(wavelength_um^2),2383.0,4.1963911036508605,0.0
mwir_std_trans,D:\HwaSimIR\HwaSim_IR\Bin\Config\Atmosphere\MODTRAN\raw\audit_mwir_standard_20260906\mwir_std_trans\MODOUT2.txt,W/(cm^2 sr cm^-1),W/(cm^2 cm^-1),W/(m^2 sr um),W/(m^2 um),value_si=value_native*1e8/(wavelength_um^2),2384.0,4.194630872483222,0.0002
mwir_std_trans,D:\HwaSimIR\HwaSim_IR\Bin\Config\Atmosphere\MODTRAN\raw\audit_mwir_standard_20260906\mwir_std_trans\MODOUT2.txt,W/(cm^2 sr cm^-1),W/(cm^2 cm^-1),W/(m^2 sr um),W/(m^2 um),value_si=value_native*1e8/(wavelength_um^2),2385.0,4.1928721174004195,0.0022
mwir_std_trans,D:\HwaSimIR\HwaSim_IR\Bin\Config\Atmosphere\MODTRAN\raw\audit_mwir_standard_20260906\mwir_std_trans\MODOUT2.txt,W/(cm^2 sr cm^-1),W/(cm^2 cm^-1),W/(m^2 sr um),W/(m^2 um),value_si=value_native*1e8/(wavelength_um^2),2386.0,4.191114836546522,0.0101
mwir_std_trans,D:\HwaSimIR\HwaSim_IR\Bin\Config\Atmosphere\MODTRAN\raw\audit_mwir_standard_20260906\mwir_std_trans\MODOUT2.txt,W/(cm^2 sr cm^-1),W/(cm^2 cm^-1),W/(m^2 sr um),W/(m^2 um),value_si=value_native*1e8/(wavelength_um^2),2387.0,4.189359028068705,0.0418
mwir_std_trans,D:\HwaSimIR\HwaSim_IR\Bin\Config\Atmosphere\MODTRAN\raw\audit_mwir_standard_20260906\mwir_std_trans\MODOUT2.txt,W/(cm^2 sr cm^-1),W/(cm^2 cm^-1),W/(m^2 sr um),W/(m^2 um),value_si=value_native*1e8/(wavelength_um^2),2388.0,4.187604690117253,0.1234
mwir_std_trans,D:\HwaSimIR\HwaSim_IR\Bin\Config\Atmosphere\MODTRAN\raw\audit_mwir_standard_20260906\mwir_std_trans\MODOUT2.txt,W/(cm^2 sr cm^-1),W/(cm^2 cm^-1),W/(m^2 sr um),W/(m^2 um),value_si=value_native*1e8/(wavelength_um^2),2389.0,4.185851820845542,0.1601
mwir_std_trans,D:\HwaSimIR\HwaSim_IR\Bin\Config\Atmosphere\MODTRAN\raw\audit_mwir_standard_20260906\mwir_std_trans\MODOUT2.txt,W/(cm^2 sr cm^-1),W/(cm^2 cm^-1),W/(m^2 sr um),W/(m^2 um),value_si=value_native*1e8/(wavelength_um^2),2390.0,4.184100418410042,0.3206
mwir_std_trans,D:\HwaSimIR\HwaSim_IR\Bin\Config\Atmosphere\MODTRAN\raw\audit_mwir_standard_20260906\mwir_std_trans\MODOUT2.txt,W/(cm^2 sr cm^-1),W/(cm^2 cm^-1),W/(m^2 sr um),W/(m^2 um),value_si=value_native*1e8/(wavelength_um^2),2391.0,4.182350480970305,0.4034
mwir_std_trans,D:\HwaSimIR\HwaSim_IR\Bin\Config\Atmosphere\MODTRAN\raw\audit_mwir_standard_20260906\mwir_std_trans\MODOUT2.txt,W/(cm^2 sr cm^-1),W/(cm^2 cm^-1),W/(m^2 sr um),W/(m^2 um),value_si=value_native*1e8/(wavelength_um^2),2392.0,4.1806020066889635,0.4996
mwir_std_trans,D:\HwaSimIR\HwaSim_IR\Bin\Config\Atmosphere\MODTRAN\raw\audit_mwir_standard_20260906\mwir_std_trans\MODOUT2.txt,W/(cm^2 sr cm^-1),W/(cm^2 cm^-1),W/(m^2 sr um),W/(m^2 um),value_si=value_native*1e8/(wavelength_um^2),2393.0,4.178854993731718,0.5703
mwir_std_trans,D:\HwaSimIR\HwaSim_IR\Bin\Config\Atmosphere\MODTRAN\raw\audit_mwir_standard_20260906\mwir_std_trans\MODOUT2.txt,W/(cm^2 sr cm^-1),W/(cm^2 cm^-1),W/(m^2 sr um),W/(m^2 um),value_si=value_native*1e8/(wavelength_um^2),2394.0,4.177109440267335,0.6068
mwir_std_trans,D:\HwaSimIR\HwaSim_IR\Bin\Config\Atmosphere\MODTRAN\raw\audit_mwir_standard_20260906\mwir_std_trans\MODOUT2.txt,W/(cm^2 sr cm^-1),W/(cm^2 cm^-1),W/(m^2 sr um),W/(m^2 um),value_si=value_native*1e8/(wavelength_um^2),2395.0,4.175365344467641,0.6296
mwir_std_trans,D:\HwaSimIR\HwaSim_IR\Bin\Config\Atmosphere\MODTRAN\raw\audit_mwir_standard_20260906\mwir_std_trans\MODOUT2.txt,W/(cm^2 sr cm^-1),W/(cm^2 cm^-1),W/(m^2 sr um),W/(m^2 um),value_si=value_native*1e8/(wavelength_um^2),2396.0,4.173622704507513,0.6461
mwir_std_trans,D:\HwaSimIR\HwaSim_IR\Bin\Config\Atmosphere\MODTRAN\raw\audit_mwir_standard_20260906\mwir_std_trans\MODOUT2.txt,W/(cm^2 sr cm^-1),W/(cm^2 cm^-1),W/(m^2 sr um),W/(m^2 um),value_si=value_native*1e8/(wavelength_um^2),2397.0,4.171881518564873,0.6598
mwir_std_trans,D:\HwaSimIR\HwaSim_IR\Bin\Config\Atmosphere\MODTRAN\raw\audit_mwir_standard_20260906\mwir_std_trans\MODOUT2.txt,W/(cm^2 sr cm^-1),W/(cm^2 cm^-1),W/(m^2 sr um),W/(m^2 um),value_si=value_native*1e8/(wavelength_um^2),2398.0,4.170141784820684,0.6738
mwir_std_trans,D:\HwaSimIR\HwaSim_IR\Bin\Config\Atmosphere\MODTRAN\raw\audit_mwir_standard_20260906\mwir_std_trans\MODOUT2.txt,W/(cm^2 sr cm^-1),W/(cm^2 cm^-1),W/(m^2 sr um),W/(m^2 um),value_si=value_native*1e8/(wavelength_um^2),2399.0,4.168403501458942,0.6853
mwir_std_trans,D:\HwaSimIR\HwaSim_IR\Bin\Config\Atmosphere\MODTRAN\raw\audit_mwir_standard_20260906\mwir_std_trans\MODOUT2.txt,W/(cm^2 sr cm^-1),W/(cm^2 cm^-1),W/(m^2 sr um),W/(m^2 um),value_si=value_native*1e8/(wavelength_um^2),2400.0,4.166666666666667,0.6973
mwir_std_trans,D:\HwaSimIR\HwaSim_IR\Bin\Config\Atmosphere\MODTRAN\raw\audit_mwir_standard_20260906\mwir_std_trans\MODOUT2.txt,W/(cm^2 sr cm^-1),W/(cm^2 cm^-1),W/(m^2 sr um),W/(m^2 um),value_si=value_native*1e8/(wavelength_um^2),2401.0,4.164931278633903,0.7039
mwir_std_trans,D:\HwaSimIR\HwaSim_IR\Bin\Config\Atmosphere\MODTRAN\raw\audit_mwir_standard_20260906\mwir_std_trans\MODOUT2.txt,W/(cm^2 sr cm^-1),W/(cm^2 cm^-1),W/(m^2 sr um),W/(m^2 um),value_si=value_native*1e8/(wavelength_um^2),2402.0,4.163197335553705,0.7119
mwir_std_trans,D:\HwaSimIR\HwaSim_IR\Bin\Config\Atmosphere\MODTRAN\raw\audit_mwir_standard_20260906\mwir_std_trans\MODOUT2.txt,W/(cm^2 sr cm^-1),W/(cm^2 cm^-1),W/(m^2 sr um),W/(m^2 um),value_si=value_native*1e8/(wavelength_um^2),2403.0,4.161464835622139,0.7173
mwir_std_trans,D:\HwaSimIR\HwaSim_IR\Bin\Config\Atmosphere\MODTRAN\raw\audit_mwir_standard_20260906\mwir_std_trans\MODOUT2.txt,W/(cm^2 sr cm^-1),W/(cm^2 cm^-1),W/(m^2 sr um),W/(m^2 um),value_si=value_native*1e8/(wavelength_um^2),2404.0,4.159733777038269,0.725
mwir_std_trans,D:\HwaSimIR\HwaSim_IR\Bin\Config\Atmosphere\MODTRAN\raw\audit_mwir_standard_20260906\mwir_std_trans\MODOUT2.txt,W/(cm^2 sr cm^-1),W/(cm^2 cm^-1),W/(m^2 sr um),W/(m^2 um),value_si=value_native*1e8/(wavelength_um^2),2405.0,4.158004158004158,0.7285
mwir_std_trans,D:\HwaSimIR\HwaSim_IR\Bin\Config\Atmosphere\MODTRAN\raw\audit_mwir_standard_20260906\mwir_std_trans\MODOUT2.txt,W/(cm^2 sr cm^-1),W/(cm^2 cm^-1),W/(m^2 sr um),W/(m^2 um),value_si=value_native*1e8/(wavelength_um^2),2406.0,4.156275976724855,0.7383
mwir_std_trans,D:\HwaSimIR\HwaSim_IR\Bin\Config\Atmosphere\MODTRAN\raw\audit_mwir_standard_20260906\mwir_std_trans\MODOUT2.txt,W/(cm^2 sr cm^-1),W/(cm^2 cm^-1),W/(m^2 sr um),W/(m^2 um),value_si=value_native*1e8/(wavelength_um^2),2407.0,4.154549231408392,0.7415
mwir_std_trans,D:\HwaSimIR\HwaSim_IR\Bin\Config\Atmosphere\MODTRAN\raw\audit_mwir_standard_20260906\mwir_std_trans\MODOUT2.txt,W/(cm^2 sr cm^-1),W/(cm^2 cm^-1),W/(m^2 sr um),W/(m^2 um),value_si=value_native*1e8/(wavelength_um^2),2408.0,4.152823920265781,0.7514
mwir_std_trans,D:\HwaSimIR\HwaSim_IR\Bin\Config\Atmosphere\MODTRAN\raw\audit_mwir_standard_20260906\mwir_std_trans\MODOUT2.txt,W/(cm^2 sr cm^-1),W/(cm^2 cm^-1),W/(m^2 sr um),W/(m^2 um),value_si=value_native*1e8/(wavelength_um^2),2409.0,4.151100041511,0.7559
mwir_std_trans,D:\HwaSimIR\HwaSim_IR\Bin\Config\Atmosphere\MODTRAN\raw\audit_mwir_standard_20260906\mwir_std_trans\MODOUT2.txt,W/(cm^2 sr cm^-1),W/(cm^2 cm^-1),W/(m^2 sr um),W/(m^2 um),value_si=value_native*1e8/(wavelength_um^2),2410.0,4.149377593360996,0.7653
mwir_std_trans,D:\HwaSimIR\HwaSim_IR\Bin\Config\Atmosphere\MODTRAN\raw\audit_mwir_standard_20260906\mwir_std_trans\MODOUT2.txt,W/(cm^2 sr cm^-1),W/(cm^2 cm^-1),W/(m^2 sr um),W/(m^2 um),value_si=value_native*1e8/(wavelength_um^2),2411.0,4.14765657403567,0.7665
mwir_std_trans,D:\HwaSimIR\HwaSim_IR\Bin\Config\Atmosphere\MODTRAN\raw\audit_mwir_standard_20260906\mwir_std_trans\MODOUT2.txt,W/(cm^2 sr cm^-1),W/(cm^2 cm^-1),W/(m^2 sr um),W/(m^2 um),value_si=value_native*1e8/(wavelength_um^2),2412.0,4.1459369817578775,0.7703
mwir_std_trans,D:\HwaSimIR\HwaSim_IR\Bin\Config\Atmosphere\MODTRAN\raw\audit_mwir_standard_20260906\mwir_std_trans\MODOUT2.txt,W/(cm^2 sr cm^-1),W/(cm^2 cm^-1),W/(m^2 sr um),W/(m^2 um),value_si=value_native*1e8/(wavelength_um^2),2413.0,4.144218814753419,0.7761
mwir_std_trans,D:\HwaSimIR\HwaSim_IR\Bin\Config\Atmosphere\MODTRAN\raw\audit_mwir_standard_20260906\mwir_std_trans\MODOUT2.txt,W/(cm^2 sr cm^-1),W/(cm^2 cm^-1),W/(m^2 sr um),W/(m^2 um),value_si=value_native*1e8/(wavelength_um^2),2414.0,4.142502071251036,0.7762
mwir_std_trans,D:\HwaSimIR\HwaSim_IR\Bin\Config\Atmosphere\MODTRAN\raw\audit_mwir_standard_20260906\mwir_std_trans\MODOUT2.txt,W/(cm^2 sr cm^-1),W/(cm^2 cm^-1),W/(m^2 sr um),W/(m^2 um),value_si=value_native*1e8/(wavelength_um^2),2415.0,4.140786749482402,0.7825
mwir_std_trans,D:\HwaSimIR\HwaSim_IR\Bin\Config\Atmosphere\MODTRAN\raw\audit_mwir_standard_20260906\mwir_std_trans\MODOUT2.txt,W/(cm^2 sr cm^-1),W/(cm^2 cm^-1),W/(m^2 sr um),W/(m^2 um),value_si=value_native*1e8/(wavelength_um^2),2416.0,4.139072847682119,0.7835
mwir_std_trans,D:\HwaSimIR\HwaSim_IR\Bin\Config\Atmosphere\MODTRAN\raw\audit_mwir_standard_20260906\mwir_std_trans\MODOUT2.txt,W/(cm^2 sr cm^-1),W/(cm^2 cm^-1),W/(m^2 sr um),W/(m^2 um),value_si=value_native*1e8/(wavelength_um^2),2417.0,4.137360364087712,0.7906
mwir_std_trans,D:\HwaSimIR\HwaSim_IR\Bin\Config\Atmosphere\MODTRAN\raw\audit_mwir_standard_20260906\mwir_std_trans\MODOUT2.txt,W/(cm^2 sr cm^-1),W/(cm^2 cm^-1),W/(m^2 sr um),W/(m^2 um),value_si=value_native*1e8/(wavelength_um^2),2418.0,4.1356492969396195,0.7916
mwir_std_trans,D:\HwaSimIR\HwaSim_IR\Bin\Config\Atmosphere\MODTRAN\raw\audit_mwir_standard_20260906\mwir_std_trans\MODOUT2.txt,W/(cm^2 sr cm^-1),W/(cm^2 cm^-1),W/(m^2 sr um),W/(m^2 um),value_si=value_native*1e8/(wavelength_um^2),2419.0,4.133939644481191,0.7986
mwir_std_trans,D:\HwaSimIR\HwaSim_IR\Bin\Config\Atmosphere\MODTRAN\raw\audit_mwir_standard_20260906\mwir_std_trans\MODOUT2.txt,W/(cm^2 sr cm^-1),W/(cm^2 cm^-1),W/(m^2 sr um),W/(m^2 um),value_si=value_native*1e8/(wavelength_um^2),2420.0,4.132231404958677,0.7999
mwir_std_trans,D:\HwaSimIR\HwaSim_IR\Bin\Config\Atmosphere\MODTRAN\raw\audit_mwir_standard_20260906\mwir_std_trans\MODOUT2.txt,W/(cm^2 sr cm^-1),W/(cm^2 cm^-1),W/(m^2 sr um),W/(m^2 um),value_si=value_native*1e8/(wavelength_um^2),2421.0,4.130524576621231,0.8017
mwir_std_trans,D:\HwaSimIR\HwaSim_IR\Bin\Config\Atmosphere\MODTRAN\raw\audit_mwir_standard_20260906\mwir_std_trans\MODOUT2.txt,W/(cm^2 sr cm^-1),W/(cm^2 cm^-1),W/(m^2 sr um),W/(m^2 um),value_si=value_native*1e8/(wavelength_um^2),2422.0,4.1288191577208915,0.8067
mwir_std_trans,D:\HwaSimIR\HwaSim_IR\Bin\Config\Atmosphere\MODTRAN\raw\audit_mwir_standard_20260906\mwir_std_trans\MODOUT2.txt,W/(cm^2 sr cm^-1),W/(cm^2 cm^-1),W/(m^2 sr um),W/(m^2 um),value_si=value_native*1e8/(wavelength_um^2),2423.0,4.127115146512588,0.8042
mwir_std_trans,D:\HwaSimIR\HwaSim_IR\Bin\Config\Atmosphere\MODTRAN\raw\audit_mwir_standard_20260906\mwir_std_trans\MODOUT2.txt,W/(cm^2 sr cm^-1),W/(cm^2 cm^-1),W/(m^2 sr um),W/(m^2 um),value_si=value_native*1e8/(wavelength_um^2),2424.0,4.125412541254126,0.8107
mwir_std_trans,D:\HwaSimIR\HwaSim_IR\Bin\Config\Atmosphere\MODTRAN\raw\audit_mwir_standard_20260906\mwir_std_trans\MODOUT2.txt,W/(cm^2 sr cm^-1),W/(cm^2 cm^-1),W/(m^2 sr um),W/(m^2 um),value_si=value_native*1e8/(wavelength_um^2),2425.0,4.123711340206185,0.8106
mwir_std_trans,D:\HwaSimIR\HwaSim_IR\Bin\Config\Atmosphere\MODTRAN\raw\audit_mwir_standard_20260906\mwir_std_trans\MODOUT2.txt,W/(cm^2 sr cm^-1),W/(cm^2 cm^-1),W/(m^2 sr um),W/(m^2 um),value_si=value_native*1e8/(wavelength_um^2),2426.0,4.122011541632316,0.8135
mwir_std_trans,D:\HwaSimIR\HwaSim_IR\Bin\Config\Atmosphere\MODTRAN\raw\audit_mwir_standard_20260906\mwir_std_trans\MODOUT2.txt,W/(cm^2 sr cm^-1),W/(cm^2 cm^-1),W/(m^2 sr um),W/(m^2 um),value_si=value_native*1e8/(wavelength_um^2),2427.0,4.120313143798929,0.817
mwir_std_trans,D:\HwaSimIR\HwaSim_IR\Bin\Config\Atmosphere\MODTRAN\raw\audit_mwir_standard_20260906\mwir_std_trans\MODOUT2.txt,W/(cm^2 sr cm^-1),W/(cm^2 cm^-1),W/(m^2 sr um),W/(m^2 um),value_si=value_native*1e8/(wavelength_um^2),2428.0,4.118616144975288,0.8183
mwir_std_trans,D:\HwaSimIR\HwaSim_IR\Bin\Config\Atmosphere\MODTRAN\raw\audit_mwir_standard_20260906\mwir_std_trans\MODOUT2.txt,W/(cm^2 sr cm^-1),W/(cm^2 cm^-1),W/(m^2 sr um),W/(m^2 um),value_si=value_native*1e8/(wavelength_um^2),2429.0,4.116920543433512,0.8166
mwir_std_trans,D:\HwaSimIR\HwaSim_IR\Bin\Config\Atmosphere\MODTRAN\raw\audit_mwir_standard_20260906\mwir_std_trans\MODOUT2.txt,W/(cm^2 sr cm^-1),W/(cm^2 cm^-1),W/(m^2 sr um),W/(m^2 um),value_si=value_native*1e8/(wavelength_um^2),2430.0,4.11522633744856,0.8205
mwir_std_trans,D:\HwaSimIR\HwaSim_IR\Bin\Config\Atmosphere\MODTRAN\raw\audit_mwir_standard_20260906\mwir_std_trans\MODOUT2.txt,W/(cm^2 sr cm^-1),W/(cm^2 cm^-1),W/(m^2 sr um),W/(m^2 um),value_si=value_native*1e8/(wavelength_um^2),2431.0,4.113533525298231,0.8222
mwir_std_trans,D:\HwaSimIR\HwaSim_IR\Bin\Config\Atmosphere\MODTRAN\raw\audit_mwir_standard_20260906\mwir_std_trans\MODOUT2.txt,W/(cm^2 sr cm^-1),W/(cm^2 cm^-1),W/(m^2 sr um),W/(m^2 um),value_si=value_native*1e8/(wavelength_um^2),2432.0,4.1118421052631575,0.8191
mwir_std_trans,D:\HwaSimIR\HwaSim_IR\Bin\Config\Atmosphere\MODTRAN\raw\audit_mwir_standard_20260906\mwir_std_trans\MODOUT2.txt,W/(cm^2 sr cm^-1),W/(cm^2 cm^-1),W/(m^2 sr um),W/(m^2 um),value_si=value_native*1e8/(wavelength_um^2),2433.0,4.110152075626798,0.825
mwir_std_trans,D:\HwaSimIR\HwaSim_IR\Bin\Config\Atmosphere\MODTRAN\raw\audit_mwir_standard_20260906\mwir_std_trans\MODOUT2.txt,W/(cm^2 sr cm^-1),W/(cm^2 cm^-1),W/(m^2 sr um),W/(m^2 um),value_si=value_native*1e8/(wavelength_um^2),2434.0,4.108463434675431,0.8286
mwir_std_trans,D:\HwaSimIR\HwaSim_IR\Bin\Config\Atmosphere\MODTRAN\raw\audit_mwir_standard_20260906\mwir_std_trans\MODOUT2.txt,W/(cm^2 sr cm^-1),W/(cm^2 cm^-1),W/(m^2 sr um),W/(m^2 um),value_si=value_native*1e8/(wavelength_um^2),2435.0,4.1067761806981515,0.8279
mwir_std_trans,D:\HwaSimIR\HwaSim_IR\Bin\Config\Atmosphere\MODTRAN\raw\audit_mwir_standard_20260906\mwir_std_trans\MODOUT2.txt,W/(cm^2 sr cm^-1),W/(cm^2 cm^-1),W/(m^2 sr um),W/(m^2 um),value_si=value_native*1e8/(wavelength_um^2),2436.0,4.105090311986864,0.8283
mwir_std_trans,D:\HwaSimIR\HwaSim_IR\Bin\Config\Atmosphere\MODTRAN\raw\audit_mwir_standard_20260906\mwir_std_trans\MODOUT2.txt,W/(cm^2 sr cm^-1),W/(cm^2 cm^-1),W/(m^2 sr um),W/(m^2 um),value_si=value_native*1e8/(wavelength_um^2),2437.0,4.1034058268362745,0.8306
mwir_std_trans,D:\HwaSimIR\HwaSim_IR\Bin\Config\Atmosphere\MODTRAN\raw\audit_mwir_standard_20260906\mwir_std_trans\MODOUT2.txt,W/(cm^2 sr cm^-1),W/(cm^2 cm^-1),W/(m^2 sr um),W/(m^2 um),value_si=value_native*1e8/(wavelength_um^2),2438.0,4.1017227235438884,0.8296
mwir_std_trans,D:\HwaSimIR\HwaSim_IR\Bin\Config\Atmosphere\MODTRAN\raw\audit_mwir_standard_20260906\mwir_std_trans\MODOUT2.txt,W/(cm^2 sr cm^-1),W/(cm^2 cm^-1),W/(m^2 sr um),W/(m^2 um),value_si=value_native*1e8/(wavelength_um^2),2439.0,4.1000410004100045,0.8302
mwir_std_trans,D:\HwaSimIR\HwaSim_IR\Bin\Config\Atmosphere\MODTRAN\raw\audit_mwir_standard_20260906\mwir_std_trans\MODOUT2.txt,W/(cm^2 sr cm^-1),W/(cm^2 cm^-1),W/(m^2 sr um),W/(m^2 um),value_si=value_native*1e8/(wavelength_um^2),2440.0,4.098360655737705,0.8302
mwir_std_trans,D:\HwaSimIR\HwaSim_IR\Bin\Config\Atmosphere\MODTRAN\raw\audit_mwir_standard_20260906\mwir_std_trans\MODOUT2.txt,W/(cm^2 sr cm^-1),W/(cm^2 cm^-1),W/(m^2 sr um),W/(m^2 um),value_si=value_native*1e8/(wavelength_um^2),2441.0,4.096681687832856,0.8219
mwir_std_trans,D:\HwaSimIR\HwaSim_IR\Bin\Config\Atmosphere\MODTRAN\raw\audit_mwir_standard_20260906\mwir_std_trans\MODOUT2.txt,W/(cm^2 sr cm^-1),W/(cm^2 cm^-1),W/(m^2 sr um),W/(m^2 um),value_si=value_native*1e8/(wavelength_um^2),2442.0,4.095004095004095,0.8291
mwir_std_trans,D:\HwaSimIR\HwaSim_IR\Bin\Config\Atmosphere\MODTRAN\raw\audit_mwir_standard_20260906\mwir_std_trans\MODOUT2.txt,W/(cm^2 sr cm^-1),W/(cm^2 cm^-1),W/(m^2 sr um),W/(m^2 um),value_si=value_native*1e8/(wavelength_um^2),2443.0,4.093327875562832,0.8324
mwir_std_trans,D:\HwaSimIR\HwaSim_IR\Bin\Config\Atmosphere\MODTRAN\raw\audit_mwir_standard_20260906\mwir_std_trans\MODOUT2.txt,W/(cm^2 sr cm^-1),W/(cm^2 cm^-1),W/(m^2 sr um),W/(m^2 um),value_si=value_native*1e8/(wavelength_um^2),2444.0,4.091653027823241,0.8337
mwir_std_trans,D:\HwaSimIR\HwaSim_IR\Bin\Config\Atmosphere\MODTRAN\raw\audit_mwir_standard_20260906\mwir_std_trans\MODOUT2.txt,W/(cm^2 sr cm^-1),W/(cm^2 cm^-1),W/(m^2 sr um),W/(m^2 um),value_si=value_native*1e8/(wavelength_um^2),2445.0,4.08997955010225,0.8342
mwir_std_trans,D:\HwaSimIR\HwaSim_IR\Bin\Config\Atmosphere\MODTRAN\raw\audit_mwir_standard_20260906\mwir_std_trans\MODOUT2.txt,W/(cm^2 sr cm^-1),W/(cm^2 cm^-1),W/(m^2 sr um),W/(m^2 um),value_si=value_native*1e8/(wavelength_um^2),2446.0,4.088307440719542,0.8377
mwir_std_trans,D:\HwaSimIR\HwaSim_IR\Bin\Config\Atmosphere\MODTRAN\raw\audit_mwir_standard_20260906\mwir_std_trans\MODOUT2.txt,W/(cm^2 sr cm^-1),W/(cm^2 cm^-1),W/(m^2 sr um),W/(m^2 um),value_si=value_native*1e8/(wavelength_um^2),2447.0,4.086636697997548,0.8379
mwir_std_trans,D:\HwaSimIR\HwaSim_IR\Bin\Config\Atmosphere\MODTRAN\raw\audit_mwir_standard_20260906\mwir_std_trans\MODOUT2.txt,W/(cm^2 sr cm^-1),W/(cm^2 cm^-1),W/(m^2 sr um),W/(m^2 um),value_si=value_native*1e8/(wavelength_um^2),2448.0,4.084967320261438,0.8258
mwir_std_trans,D:\HwaSimIR\HwaSim_IR\Bin\Config\Atmosphere\MODTRAN\raw\audit_mwir_standard_20260906\mwir_std_trans\MODOUT2.txt,W/(cm^2 sr cm^-1),W/(cm^2 cm^-1),W/(m^2 sr um),W/(m^2 um),value_si=value_native*1e8/(wavelength_um^2),2449.0,4.083299305839118,0.8414
mwir_std_trans,D:\HwaSimIR\HwaSim_IR\Bin\Config\Atmosphere\MODTRAN\raw\audit_mwir_standard_20260906\mwir_std_trans\MODOUT2.txt,W/(cm^2 sr cm^-1),W/(cm^2 cm^-1),W/(m^2 sr um),W/(m^2 um),value_si=value_native*1e8/(wavelength_um^2),2450.0,4.081632653061225,0.8436
mwir_std_trans,D:\HwaSimIR\HwaSim_IR\Bin\Config\Atmosphere\MODTRAN\raw\audit_mwir_standard_20260906\mwir_std_trans\MODOUT2.txt,W/(cm^2 sr cm^-1),W/(cm^2 cm^-1),W/(m^2 sr um),W/(m^2 um),value_si=value_native*1e8/(wavelength_um^2),2451.0,4.079967360261118,0.8424
mwir_std_trans,D:\HwaSimIR\HwaSim_IR\Bin\Config\Atmosphere\MODTRAN\raw\audit_mwir_standard_20260906\mwir_std_trans\MODOUT2.txt,W/(cm^2 sr cm^-1),W/(cm^2 cm^-1),W/(m^2 sr um),W/(m^2 um),value_si=value_native*1e8/(wavelength_um^2),2452.0,4.078303425774878,0.8458
mwir_std_trans,D:\HwaSimIR\HwaSim_IR\Bin\Config\Atmosphere\MODTRAN\raw\audit_mwir_standard_20260906\mwir_std_trans\MODOUT2.txt,W/(cm^2 sr cm^-1),W/(cm^2 cm^-1),W/(m^2 sr um),W/(m^2 um),value_si=value_native*1e8/(wavelength_um^2),2453.0,4.076640847941296,0.8508
mwir_std_trans,D:\HwaSimIR\HwaSim_IR\Bin\Config\Atmosphere\MODTRAN\raw\audit_mwir_standard_20260906\mwir_std_trans\MODOUT2.txt,W/(cm^2 sr cm^-1),W/(cm^2 cm^-1),W/(m^2 sr um),W/(m^2 um),value_si=value_native*1e8/(wavelength_um^2),2454.0,4.074979625101874,0.843
mwir_std_trans,D:\HwaSimIR\HwaSim_IR\Bin\Config\Atmosphere\MODTRAN\raw\audit_mwir_standard_20260906\mwir_std_trans\MODOUT2.txt,W/(cm^2 sr cm^-1),W/(cm^2 cm^-1),W/(m^2 sr um),W/(m^2 um),value_si=value_native*1e8/(wavelength_um^2),2455.0,4.0733197556008145,0.8597
mwir_std_trans,D:\HwaSimIR\HwaSim_IR\Bin\Config\Atmosphere\MODTRAN\raw\audit_mwir_standard_20260906\mwir_std_trans\MODOUT2.txt,W/(cm^2 sr cm^-1),W/(cm^2 cm^-1),W/(m^2 sr um),W/(m^2 um),value_si=value_native*1e8/(wavelength_um^2),2456.0,4.071661237785016,0.8633
mwir_std_trans,D:\HwaSimIR\HwaSim_IR\Bin\Config\Atmosphere\MODTRAN\raw\audit_mwir_standard_20260906\mwir_std_trans\MODOUT2.txt,W/(cm^2 sr cm^-1),W/(cm^2 cm^-1),W/(m^2 sr um),W/(m^2 um),value_si=value_native*1e8/(wavelength_um^2),2457.0,4.07000407000407,0.8663
mwir_std_trans,D:\HwaSimIR\HwaSim_IR\Bin\Config\Atmosphere\MODTRAN\raw\audit_mwir_standard_20260906\mwir_std_trans\MODOUT2.txt,W/(cm^2 sr cm^-1),W/(cm^2 cm^-1),W/(m^2 sr um),W/(m^2 um),value_si=value_native*1e8/(wavelength_um^2),2458.0,4.068348250610252,0.8708
mwir_std_trans,D:\HwaSimIR\HwaSim_IR\Bin\Config\Atmosphere\MODTRAN\raw\audit_mwir_standard_20260906\mwir_std_trans\MODOUT2.txt,W/(cm^2 sr cm^-1),W/(cm^2 cm^-1),W/(m^2 sr um),W/(m^2 um),value_si=value_native*1e8/(wavelength_um^2),2459.0,4.06669377795852,0.8692
mwir_std_trans,D:\HwaSimIR\HwaSim_IR\Bin\Config\Atmosphere\MODTRAN\raw\audit_mwir_standard_20260906\mwir_std_trans\MODOUT2.txt,W/(cm^2 sr cm^-1),W/(cm^2 cm^-1),W/(m^2 sr um),W/(m^2 um),value_si=value_native*1e8/(wavelength_um^2),2460.0,4.065040650406504,0.8752
mwir_std_trans,D:\HwaSimIR\HwaSim_IR\Bin\Config\Atmosphere\MODTRAN\raw\audit_mwir_standard_20260906\mwir_std_trans\MODOUT2.txt,W/(cm^2 sr cm^-1),W/(cm^2 cm^-1),W/(m^2 sr um),W/(m^2 um),value_si=value_native*1e8/(wavelength_um^2),2461.0,4.063388866314506,0.8835
mwir_std_trans,D:\HwaSimIR\HwaSim_IR\Bin\Config\Atmosphere\MODTRAN\raw\audit_mwir_standard_20260906\mwir_std_trans\MODOUT2.txt,W/(cm^2 sr cm^-1),W/(cm^2 cm^-1),W/(m^2 sr um),W/(m^2 um),value_si=value_native*1e8/(wavelength_um^2),2462.0,4.061738424045491,0.8859
mwir_std_trans,D:\HwaSimIR\HwaSim_IR\Bin\Config\Atmosphere\MODTRAN\raw\audit_mwir_standard_20260906\mwir_std_trans\MODOUT2.txt,W/(cm^2 sr cm^-1),W/(cm^2 cm^-1),W/(m^2 sr um),W/(m^2 um),value_si=value_native*1e8/(wavelength_um^2),2463.0,4.0600893219650835,0.8855
mwir_std_trans,D:\HwaSimIR\HwaSim_IR\Bin\Config\Atmosphere\MODTRAN\raw\audit_mwir_standard_20260906\mwir_std_trans\MODOUT2.txt,W/(cm^2 sr cm^-1),W/(cm^2 cm^-1),W/(m^2 sr um),W/(m^2 um),value_si=value_native*1e8/(wavelength_um^2),2464.0,4.058441558441558,0.8847
mwir_std_trans,D:\HwaSimIR\HwaSim_IR\Bin\Config\Atmosphere\MODTRAN\raw\audit_mwir_standard_20260906\mwir_std_trans\MODOUT2.txt,W/(cm^2 sr cm^-1),W/(cm^2 cm^-1),W/(m^2 sr um),W/(m^2 um),value_si=value_native*1e8/(wavelength_um^2),2465.0,4.056795131845842,0.8762
mwir_std_trans,D:\HwaSimIR\HwaSim_IR\Bin\Config\Atmosphere\MODTRAN\raw\audit_mwir_standard_20260906\mwir_std_trans\MODOUT2.txt,W/(cm^2 sr cm^-1),W/(cm^2 cm^-1),W/(m^2 sr um),W/(m^2 um),value_si=value_native*1e8/(wavelength_um^2),2466.0,4.0551500405515,0.8801
mwir_std_trans,D:\HwaSimIR\HwaSim_IR\Bin\Config\Atmosphere\MODTRAN\raw\audit_mwir_standard_20260906\mwir_std_trans\MODOUT2.txt,W/(cm^2 sr cm^-1),W/(cm^2 cm^-1),W/(m^2 sr um),W/(m^2 um),value_si=value_native*1e8/(wavelength_um^2),2467.0,4.053506282934738,0.8803
mwir_std_trans,D:\HwaSimIR\HwaSim_IR\Bin\Config\Atmosphere\MODTRAN\raw\audit_mwir_standard_20260906\mwir_std_trans\MODOUT2.txt,W/(cm^2 sr cm^-1),W/(cm^2 cm^-1),W/(m^2 sr um),W/(m^2 um),value_si=value_native*1e8/(wavelength_um^2),2468.0,4.051863857374392,0.8816
mwir_std_trans,D:\HwaSimIR\HwaSim_IR\Bin\Config\Atmosphere\MODTRAN\raw\audit_mwir_standard_20260906\mwir_std_trans\MODOUT2.txt,W/(cm^2 sr cm^-1),W/(cm^2 cm^-1),W/(m^2 sr um),W/(m^2 um),value_si=value_native*1e8/(wavelength_um^2),2469.0,4.050222762251924,0.8687
mwir_std_trans,D:\HwaSimIR\HwaSim_IR\Bin\Config\Atmosphere\MODTRAN\raw\audit_mwir_standard_20260906\mwir_std_trans\MODOUT2.txt,W/(cm^2 sr cm^-1),W/(cm^2 cm^-1),W/(m^2 sr um),W/(m^2 um),value_si=value_native*1e8/(wavelength_um^2),2470.0,4.048582995951417,0.8816
mwir_std_trans,D:\HwaSimIR\HwaSim_IR\Bin\Config\Atmosphere\MODTRAN\raw\audit_mwir_standard_20260906\mwir_std_trans\MODOUT2.txt,W/(cm^2 sr cm^-1),W/(cm^2 cm^-1),W/(m^2 sr um),W/(m^2 um),value_si=value_native*1e8/(wavelength_um^2),2471.0,4.046944556859571,0.8823
mwir_std_trans,D:\HwaSimIR\HwaSim_IR\Bin\Config\Atmosphere\MODTRAN\raw\audit_mwir_standard_20260906\mwir_std_trans\MODOUT2.txt,W/(cm^2 sr cm^-1),W/(cm^2 cm^-1),W/(m^2 sr um),W/(m^2 um),value_si=value_native*1e8/(wavelength_um^2),2472.0,4.0453074433656955,0.8797
mwir_std_trans,D:\HwaSimIR\HwaSim_IR\Bin\Config\Atmosphere\MODTRAN\raw\audit_mwir_standard_20260906\mwir_std_trans\MODOUT2.txt,W/(cm^2 sr cm^-1),W/(cm^2 cm^-1),W/(m^2 sr um),W/(m^2 um),value_si=value_native*1e8/(wavelength_um^2),2473.0,4.043671653861707,0.8827
mwir_std_trans,D:\HwaSimIR\HwaSim_IR\Bin\Config\Atmosphere\MODTRAN\raw\audit_mwir_standard_20260906\mwir_std_trans\MODOUT2.txt,W/(cm^2 sr cm^-1),W/(cm^2 cm^-1),W/(m^2 sr um),W/(m^2 um),value_si=value_native*1e8/(wavelength_um^2),2474.0,4.042037186742118,0.8627
mwir_std_trans,D:\HwaSimIR\HwaSim_IR\Bin\Config\Atmosphere\MODTRAN\raw\audit_mwir_standard_20260906\mwir_std_trans\MODOUT2.txt,W/(cm^2 sr cm^-1),W/(cm^2 cm^-1),W/(m^2 sr um),W/(m^2 um),value_si=value_native*1e8/(wavelength_um^2),2475.0,4.040404040404041,0.8887
mwir_std_trans,D:\HwaSimIR\HwaSim_IR\Bin\Config\Atmosphere\MODTRAN\raw\audit_mwir_standard_20260906\mwir_std_trans\MODOUT2.txt,W/(cm^2 sr cm^-1),W/(cm^2 cm^-1),W/(m^2 sr um),W/(m^2 um),value_si=value_native*1e8/(wavelength_um^2),2476.0,4.038772213247173,0.8905
mwir_std_trans,D:\HwaSimIR\HwaSim_IR\Bin\Config\Atmosphere\MODTRAN\raw\audit_mwir_standard_20260906\mwir_std_trans\MODOUT2.txt,W/(cm^2 sr cm^-1),W/(cm^2 cm^-1),W/(m^2 sr um),W/(m^2 um),value_si=value_native*1e8/(wavelength_um^2),2477.0,4.037141703673799,0.8861
mwir_std_trans,D:\HwaSimIR\HwaSim_IR\Bin\Config\Atmosphere\MODTRAN\raw\audit_mwir_standard_20260906\mwir_std_trans\MODOUT2.txt,W/(cm^2 sr cm^-1),W/(cm^2 cm^-1),W/(m^2 sr um),W/(m^2 um),value_si=value_native*1e8/(wavelength_um^2),2478.0,4.035512510088782,0.8734
mwir_std_trans,D:\HwaSimIR\HwaSim_IR\Bin\Config\Atmosphere\MODTRAN\raw\audit_mwir_standard_20260906\mwir_std_trans\MODOUT2.txt,W/(cm^2 sr cm^-1),W/(cm^2 cm^-1),W/(m^2 sr um),W/(m^2 um),value_si=value_native*1e8/(wavelength_um^2),2479.0,4.033884630899556,0.898
mwir_std_trans,D:\HwaSimIR\HwaSim_IR\Bin\Config\Atmosphere\MODTRAN\raw\audit_mwir_standard_20260906\mwir_std_trans\MODOUT2.txt,W/(cm^2 sr cm^-1),W/(cm^2 cm^-1),W/(m^2 sr um),W/(m^2 um),value_si=value_native*1e8/(wavelength_um^2),2480.0,4.032258064516129,0.8986
mwir_std_trans,D:\HwaSimIR\HwaSim_IR\Bin\Config\Atmosphere\MODTRAN\raw\audit_mwir_standard_20260906\mwir_std_trans\MODOUT2.txt,W/(cm^2 sr cm^-1),W/(cm^2 cm^-1),W/(m^2 sr um),W/(m^2 um),value_si=value_native*1e8/(wavelength_um^2),2481.0,4.030632809351068,0.9037
mwir_std_trans,D:\HwaSimIR\HwaSim_IR\Bin\Config\Atmosphere\MODTRAN\raw\audit_mwir_standard_20260906\mwir_std_trans\MODOUT2.txt,W/(cm^2 sr cm^-1),W/(cm^2 cm^-1),W/(m^2 sr um),W/(m^2 um),value_si=value_native*1e8/(wavelength_um^2),2482.0,4.0290088638195005,0.8947
mwir_std_trans,D:\HwaSimIR\HwaSim_IR\Bin\Config\Atmosphere\MODTRAN\raw\audit_mwir_standard_20260906\mwir_std_trans\MODOUT2.txt,W/(cm^2 sr cm^-1),W/(cm^2 cm^-1),W/(m^2 sr um),W/(m^2 um),value_si=value_native*1e8/(wavelength_um^2),2483.0,4.027386226339106,0.9076
mwir_std_trans,D:\HwaSimIR\HwaSim_IR\Bin\Config\Atmosphere\MODTRAN\raw\audit_mwir_standard_20260906\mwir_std_trans\MODOUT2.txt,W/(cm^2 sr cm^-1),W/(cm^2 cm^-1),W/(m^2 sr um),W/(m^2 um),value_si=value_native*1e8/(wavelength_um^2),2484.0,4.025764895330113,0.9117
mwir_std_trans,D:\HwaSimIR\HwaSim_IR\Bin\Config\Atmosphere\MODTRAN\raw\audit_mwir_standard_20260906\mwir_std_trans\MODOUT2.txt,W/(cm^2 sr cm^-1),W/(cm^2 cm^-1),W/(m^2 sr um),W/(m^2 um),value_si=value_native*1e8/(wavelength_um^2),2485.0,4.0241448692152915,0.9067
mwir_std_trans,D:\HwaSimIR\HwaSim_IR\Bin\Config\Atmosphere\MODTRAN\raw\audit_mwir_standard_20260906\mwir_std_trans\MODOUT2.txt,W/(cm^2 sr cm^-1),W/(cm^2 cm^-1),W/(m^2 sr um),W/(m^2 um),value_si=value_native*1e8/(wavelength_um^2),2486.0,4.022526146419952,0.9179
mwir_std_trans,D:\HwaSimIR\HwaSim_IR\Bin\Config\Atmosphere\MODTRAN\raw\audit_mwir_standard_20260906\mwir_std_trans\MODOUT2.txt,W/(cm^2 sr cm^-1),W/(cm^2 cm^-1),W/(m^2 sr um),W/(m^2 um),value_si=value_native*1e8/(wavelength_um^2),2487.0,4.0209087253719344,0.9202
mwir_std_trans,D:\HwaSimIR\HwaSim_IR\Bin\Config\Atmosphere\MODTRAN\raw\audit_mwir_standard_20260906\mwir_std_trans\MODOUT2.txt,W/(cm^2 sr cm^-1),W/(cm^2 cm^-1),W/(m^2 sr um),W/(m^2 um),value_si=value_native*1e8/(wavelength_um^2),2488.0,4.019292604501608,0.9214
mwir_std_trans,D:\HwaSimIR\HwaSim_IR\Bin\Config\Atmosphere\MODTRAN\raw\audit_mwir_standard_20260906\mwir_std_trans\MODOUT2.txt,W/(cm^2 sr cm^-1),W/(cm^2 cm^-1),W/(m^2 sr um),W/(m^2 um),value_si=value_native*1e8/(wavelength_um^2),2489.0,4.017677782241864,0.9192
mwir_std_trans,D:\HwaSimIR\HwaSim_IR\Bin\Config\Atmosphere\MODTRAN\raw\audit_mwir_standard_20260906\mwir_std_trans\MODOUT2.txt,W/(cm^2 sr cm^-1),W/(cm^2 cm^-1),W/(m^2 sr um),W/(m^2 um),value_si=value_native*1e8/(wavelength_um^2),2490.0,4.016064257028113,0.9257
mwir_std_trans,D:\HwaSimIR\HwaSim_IR\Bin\Config\Atmosphere\MODTRAN\raw\audit_mwir_standard_20260906\mwir_std_trans\MODOUT2.txt,W/(cm^2 sr cm^-1),W/(cm^2 cm^-1),W/(m^2 sr um),W/(m^2 um),value_si=value_native*1e8/(wavelength_um^2),2491.0,4.014452027298274,0.9265
mwir_std_trans,D:\HwaSimIR\HwaSim_IR\Bin\Config\Atmosphere\MODTRAN\raw\audit_mwir_standard_20260906\mwir_std_trans\MODOUT2.txt,W/(cm^2 sr cm^-1),W/(cm^2 cm^-1),W/(m^2 sr um),W/(m^2 um),value_si=value_native*1e8/(wavelength_um^2),2492.0,4.012841091492777,0.9261
mwir_std_trans,D:\HwaSimIR\HwaSim_IR\Bin\Config\Atmosphere\MODTRAN\raw\audit_mwir_standard_20260906\mwir_std_trans\MODOUT2.txt,W/(cm^2 sr cm^-1),W/(cm^2 cm^-1),W/(m^2 sr um),W/(m^2 um),value_si=value_native*1e8/(wavelength_um^2),2493.0,4.011231448054553,0.9299
mwir_std_trans,D:\HwaSimIR\HwaSim_IR\Bin\Config\Atmosphere\MODTRAN\raw\audit_mwir_standard_20260906\mwir_std_trans\MODOUT2.txt,W/(cm^2 sr cm^-1),W/(cm^2 cm^-1),W/(m^2 sr um),W/(m^2 um),value_si=value_native*1e8/(wavelength_um^2),2494.0,4.0096230954290295,0.9174
mwir_std_trans,D:\HwaSimIR\HwaSim_IR\Bin\Config\Atmosphere\MODTRAN\raw\audit_mwir_standard_20260906\mwir_std_trans\MODOUT2.txt,W/(cm^2 sr cm^-1),W/(cm^2 cm^-1),W/(m^2 sr um),W/(m^2 um),value_si=value_native*1e8/(wavelength_um^2),2495.0,4.008016032064128,0.9187
mwir_std_trans,D:\HwaSimIR\HwaSim_IR\Bin\Config\Atmosphere\MODTRAN\raw\audit_mwir_standard_20260906\mwir_std_trans\MODOUT2.txt,W/(cm^2 sr cm^-1),W/(cm^2 cm^-1),W/(m^2 sr um),W/(m^2 um),value_si=value_native*1e8/(wavelength_um^2),2496.0,4.006410256410256,0.9355
mwir_std_trans,D:\HwaSimIR\HwaSim_IR\Bin\Config\Atmosphere\MODTRAN\raw\audit_mwir_standard_20260906\mwir_std_trans\MODOUT2.txt,W/(cm^2 sr cm^-1),W/(cm^2 cm^-1),W/(m^2 sr um),W/(m^2 um),value_si=value_native*1e8/(wavelength_um^2),2497.0,4.004805766920304,0.9374
mwir_std_trans,D:\HwaSimIR\HwaSim_IR\Bin\Config\Atmosphere\MODTRAN\raw\audit_mwir_standard_20260906\mwir_std_trans\MODOUT2.txt,W/(cm^2 sr cm^-1),W/(cm^2 cm^-1),W/(m^2 sr um),W/(m^2 um),value_si=value_native*1e8/(wavelength_um^2),2498.0,4.00320256204964,0.9383
mwir_std_trans,D:\HwaSimIR\HwaSim_IR\Bin\Config\Atmosphere\MODTRAN\raw\audit_mwir_standard_20260906\mwir_std_trans\MODOUT2.txt,W/(cm^2 sr cm^-1),W/(cm^2 cm^-1),W/(m^2 sr um),W/(m^2 um),value_si=value_native*1e8/(wavelength_um^2),2499.0,4.001600640256102,0.941
mwir_std_trans,D:\HwaSimIR\HwaSim_IR\Bin\Config\Atmosphere\MODTRAN\raw\audit_mwir_standard_20260906\mwir_std_trans\MODOUT2.txt,W/(cm^2 sr cm^-1),W/(cm^2 cm^-1),W/(m^2 sr um),W/(m^2 um),value_si=value_native*1e8/(wavelength_um^2),2500.0,4.0,0.9416
mwir_std_trans,D:\HwaSimIR\HwaSim_IR\Bin\Config\Atmosphere\MODTRAN\raw\audit_mwir_standard_20260906\mwir_std_trans\MODOUT2.txt,W/(cm^2 sr cm^-1),W/(cm^2 cm^-1),W/(m^2 sr um),W/(m^2 um),value_si=value_native*1e8/(wavelength_um^2),2501.0,3.9984006397441023,0.9448
mwir_std_trans,D:\HwaSimIR\HwaSim_IR\Bin\Config\Atmosphere\MODTRAN\raw\audit_mwir_standard_20260906\mwir_std_trans\MODOUT2.txt,W/(cm^2 sr cm^-1),W/(cm^2 cm^-1),W/(m^2 sr um),W/(m^2 um),value_si=value_native*1e8/(wavelength_um^2),2502.0,3.9968025579536373,0.9459
mwir_std_trans,D:\HwaSimIR\HwaSim_IR\Bin\Config\Atmosphere\MODTRAN\raw\audit_mwir_standard_20260906\mwir_std_trans\MODOUT2.txt,W/(cm^2 sr cm^-1),W/(cm^2 cm^-1),W/(m^2 sr um),W/(m^2 um),value_si=value_native*1e8/(wavelength_um^2),2503.0,3.9952057530962843,0.945
mwir_std_trans,D:\HwaSimIR\HwaSim_IR\Bin\Config\Atmosphere\MODTRAN\raw\audit_mwir_standard_20260906\mwir_std_trans\MODOUT2.txt,W/(cm^2 sr cm^-1),W/(cm^2 cm^-1),W/(m^2 sr um),W/(m^2 um),value_si=value_native*1e8/(wavelength_um^2),2504.0,3.9936102236421727,0.9473
mwir_std_trans,D:\HwaSimIR\HwaSim_IR\Bin\Config\Atmosphere\MODTRAN\raw\audit_mwir_standard_20260906\mwir_std_trans\MODOUT2.txt,W/(cm^2 sr cm^-1),W/(cm^2 cm^-1),W/(m^2 sr um),W/(m^2 um),value_si=value_native*1e8/(wavelength_um^2),2505.0,3.992015968063872,0.9481
mwir_std_trans,D:\HwaSimIR\HwaSim_IR\Bin\Config\Atmosphere\MODTRAN\raw\audit_mwir_standard_20260906\mwir_std_trans\MODOUT2.txt,W/(cm^2 sr cm^-1),W/(cm^2 cm^-1),W/(m^2 sr um),W/(m^2 um),value_si=value_native*1e8/(wavelength_um^2),2506.0,3.9904229848363926,0.9506
mwir_std_trans,D:\HwaSimIR\HwaSim_IR\Bin\Config\Atmosphere\MODTRAN\raw\audit_mwir_standard_20260906\mwir_std_trans\MODOUT2.txt,W/(cm^2 sr cm^-1),W/(cm^2 cm^-1),W/(m^2 sr um),W/(m^2 um),value_si=value_native*1e8/(wavelength_um^2),2507.0,3.9888312724371757,0.9505
mwir_std_trans,D:\HwaSimIR\HwaSim_IR\Bin\Config\Atmosphere\MODTRAN\raw\audit_mwir_standard_20260906\mwir_std_trans\MODOUT2.txt,W/(cm^2 sr cm^-1),W/(cm^2 cm^-1),W/(m^2 sr um),W/(m^2 um),value_si=value_native*1e8/(wavelength_um^2),2508.0,3.9872408293460926,0.9521
mwir_std_trans,D:\HwaSimIR\HwaSim_IR\Bin\Config\Atmosphere\MODTRAN\raw\audit_mwir_standard_20260906\mwir_std_trans\MODOUT2.txt,W/(cm^2 sr cm^-1),W/(cm^2 cm^-1),W/(m^2 sr um),W/(m^2 um),value_si=value_native*1e8/(wavelength_um^2),2509.0,3.9856516540454363,0.9516
mwir_std_trans,D:\HwaSimIR\HwaSim_IR\Bin\Config\Atmosphere\MODTRAN\raw\audit_mwir_standard_20260906\mwir_std_trans\MODOUT2.txt,W/(cm^2 sr cm^-1),W/(cm^2 cm^-1),W/(m^2 sr um),W/(m^2 um),value_si=value_native*1e8/(wavelength_um^2),2510.0,3.9840637450199203,0.9515
mwir_std_trans,D:\HwaSimIR\HwaSim_IR\Bin\Config\Atmosphere\MODTRAN\raw\audit_mwir_standard_20260906\mwir_std_trans\MODOUT2.txt,W/(cm^2 sr cm^-1),W/(cm^2 cm^-1),W/(m^2 sr um),W/(m^2 um),value_si=value_native*1e8/(wavelength_um^2),2511.0,3.982477100756671,0.9524
mwir_std_trans,D:\HwaSimIR\HwaSim_IR\Bin\Config\Atmosphere\MODTRAN\raw\audit_mwir_standard_20260906\mwir_std_trans\MODOUT2.txt,W/(cm^2 sr cm^-1),W/(cm^2 cm^-1),W/(m^2 sr um),W/(m^2 um),value_si=value_native*1e8/(wavelength_um^2),2512.0,3.9808917197452227,0.9375
mwir_std_trans,D:\HwaSimIR\HwaSim_IR\Bin\Config\Atmosphere\MODTRAN\raw\audit_mwir_standard_20260906\mwir_std_trans\MODOUT2.txt,W/(cm^2 sr cm^-1),W/(cm^2 cm^-1),W/(m^2 sr um),W/(m^2 um),value_si=value_native*1e8/(wavelength_um^2),2513.0,3.979307600477517,0.95
mwir_std_trans,D:\HwaSimIR\HwaSim_IR\Bin\Config\Atmosphere\MODTRAN\raw\audit_mwir_standard_20260906\mwir_std_trans\MODOUT2.txt,W/(cm^2 sr cm^-1),W/(cm^2 cm^-1),W/(m^2 sr um),W/(m^2 um),value_si=value_native*1e8/(wavelength_um^2),2514.0,3.977724741447892,0.9552
mwir_std_trans,D:\HwaSimIR\HwaSim_IR\Bin\Config\Atmosphere\MODTRAN\raw\audit_mwir_standard_20260906\mwir_std_trans\MODOUT2.txt,W/(cm^2 sr cm^-1),W/(cm^2 cm^-1),W/(m^2 sr um),W/(m^2 um),value_si=value_native*1e8/(wavelength_um^2),2515.0,3.9761431411530817,0.9426
mwir_std_trans,D:\HwaSimIR\HwaSim_IR\Bin\Config\Atmosphere\MODTRAN\raw\audit_mwir_standard_20260906\mwir_std_trans\MODOUT2.txt,W/(cm^2 sr cm^-1),W/(cm^2 cm^-1),W/(m^2 sr um),W/(m^2 um),value_si=value_native*1e8/(wavelength_um^2),2516.0,3.97456279809221,0.9519
mwir_std_trans,D:\HwaSimIR\HwaSim_IR\Bin\Config\Atmosphere\MODTRAN\raw\audit_mwir_standard_20260906\mwir_std_trans\MODOUT2.txt,W/(cm^2 sr cm^-1),W/(cm^2 cm^-1),W/(m^2 sr um),W/(m^2 um),value_si=value_native*1e8/(wavelength_um^2),2517.0,3.972983710766786,0.9577
mwir_std_trans,D:\HwaSimIR\HwaSim_IR\Bin\Config\Atmosphere\MODTRAN\raw\audit_mwir_standard_20260906\mwir_std_trans\MODOUT2.txt,W/(cm^2 sr cm^-1),W/(cm^2 cm^-1),W/(m^2 sr um),W/(m^2 um),value_si=value_native*1e8/(wavelength_um^2),2518.0,3.971405877680699,0.9567
mwir_std_trans,D:\HwaSimIR\HwaSim_IR\Bin\Config\Atmosphere\MODTRAN\raw\audit_mwir_standard_20260906\mwir_std_trans\MODOUT2.txt,W/(cm^2 sr cm^-1),W/(cm^2 cm^-1),W/(m^2 sr um),W/(m^2 um),value_si=value_native*1e8/(wavelength_um^2),2519.0,3.9698292973402145,0.9572
mwir_std_trans,D:\HwaSimIR\HwaSim_IR\Bin\Config\Atmosphere\MODTRAN\raw\audit_mwir_standard_20260906\mwir_std_trans\MODOUT2.txt,W/(cm^2 sr cm^-1),W/(cm^2 cm^-1),W/(m^2 sr um),W/(m^2 um),value_si=value_native*1e8/(wavelength_um^2),2520.0,3.9682539682539684,0.9577
mwir_std_trans,D:\HwaSimIR\HwaSim_IR\Bin\Config\Atmosphere\MODTRAN\raw\audit_mwir_standard_20260906\mwir_std_trans\MODOUT2.txt,W/(cm^2 sr cm^-1),W/(cm^2 cm^-1),W/(m^2 sr um),W/(m^2 um),value_si=value_native*1e8/(wavelength_um^2),2521.0,3.9666798889329633,0.9586
mwir_std_trans,D:\HwaSimIR\HwaSim_IR\Bin\Config\Atmosphere\MODTRAN\raw\audit_mwir_standard_20260906\mwir_std_trans\MODOUT2.txt,W/(cm^2 sr cm^-1),W/(cm^2 cm^-1),W/(m^2 sr um),W/(m^2 um),value_si=value_native*1e8/(wavelength_um^2),2522.0,3.965107057890563,0.9575
mwir_std_trans,D:\HwaSimIR\HwaSim_IR\Bin\Config\Atmosphere\MODTRAN\raw\audit_mwir_standard_20260906\mwir_std_trans\MODOUT2.txt,W/(cm^2 sr cm^-1),W/(cm^2 cm^-1),W/(m^2 sr um),W/(m^2 um),value_si=value_native*1e8/(wavelength_um^2),2523.0,3.963535473642489,0.9582
mwir_std_trans,D:\HwaSimIR\HwaSim_IR\Bin\Config\Atmosphere\MODTRAN\raw\audit_mwir_standard_20260906\mwir_std_trans\MODOUT2.txt,W/(cm^2 sr cm^-1),W/(cm^2 cm^-1),W/(m^2 sr um),W/(m^2 um),value_si=value_native*1e8/(wavelength_um^2),2524.0,3.9619651347068148,0.9634
mwir_std_trans,D:\HwaSimIR\HwaSim_IR\Bin\Config\Atmosphere\MODTRAN\raw\audit_mwir_standard_20260906\mwir_std_trans\MODOUT2.txt,W/(cm^2 sr cm^-1),W/(cm^2 cm^-1),W/(m^2 sr um),W/(m^2 um),value_si=value_native*1e8/(wavelength_um^2),2525.0,3.9603960396039604,0.9571
mwir_std_trans,D:\HwaSimIR\HwaSim_IR\Bin\Config\Atmosphere\MODTRAN\raw\audit_mwir_standard_20260906\mwir_std_trans\MODOUT2.txt,W/(cm^2 sr cm^-1),W/(cm^2 cm^-1),W/(m^2 sr um),W/(m^2 um),value_si=value_native*1e8/(wavelength_um^2),2526.0,3.9588281868566906,0.946
mwir_std_trans,D:\HwaSimIR\HwaSim_IR\Bin\Config\Atmosphere\MODTRAN\raw\audit_mwir_standard_20260906\mwir_std_trans\MODOUT2.txt,W/(cm^2 sr cm^-1),W/(cm^2 cm^-1),W/(m^2 sr um),W/(m^2 um),value_si=value_native*1e8/(wavelength_um^2),2527.0,3.957261574990107,0.9556
mwir_std_trans,D:\HwaSimIR\HwaSim_IR\Bin\Config\Atmosphere\MODTRAN\raw\audit_mwir_standard_20260906\mwir_std_trans\MODOUT2.txt,W/(cm^2 sr cm^-1),W/(cm^2 cm^-1),W/(m^2 sr um),W/(m^2 um),value_si=value_native*1e8/(wavelength_um^2),2528.0,3.9556962025316458,0.9542
mwir_std_trans,D:\HwaSimIR\HwaSim_IR\Bin\Config\Atmosphere\MODTRAN\raw\audit_mwir_standard_20260906\mwir_std_trans\MODOUT2.txt,W/(cm^2 sr cm^-1),W/(cm^2 cm^-1),W/(m^2 sr um),W/(m^2 um),value_si=value_native*1e8/(wavelength_um^2),2529.0,3.9541320680110714,0.9459
mwir_std_trans,D:\HwaSimIR\HwaSim_IR\Bin\Config\Atmosphere\MODTRAN\raw\audit_mwir_standard_20260906\mwir_std_trans\MODOUT2.txt,W/(cm^2 sr cm^-1),W/(cm^2 cm^-1),W/(m^2 sr um),W/(m^2 um),value_si=value_native*1e8/(wavelength_um^2),2530.0,3.952569169960474,0.9464
mwir_std_trans,D:\HwaSimIR\HwaSim_IR\Bin\Config\Atmosphere\MODTRAN\raw\audit_mwir_standard_20260906\mwir_std_trans\MODOUT2.txt,W/(cm^2 sr cm^-1),W/(cm^2 cm^-1),W/(m^2 sr um),W/(m^2 um),value_si=value_native*1e8/(wavelength_um^2),2531.0,3.951007506914263,0.9477
mwir_std_trans,D:\HwaSimIR\HwaSim_IR\Bin\Config\Atmosphere\MODTRAN\raw\audit_mwir_standard_20260906\mwir_std_trans\MODOUT2.txt,W/(cm^2 sr cm^-1),W/(cm^2 cm^-1),W/(m^2 sr um),W/(m^2 um),value_si=value_native*1e8/(wavelength_um^2),2532.0,3.949447077409163,0.9478
mwir_std_trans,D:\HwaSimIR\HwaSim_IR\Bin\Config\Atmosphere\MODTRAN\raw\audit_mwir_standard_20260906\mwir_std_trans\MODOUT2.txt,W/(cm^2 sr cm^-1),W/(cm^2 cm^-1),W/(m^2 sr um),W/(m^2 um),value_si=value_native*1e8/(wavelength_um^2),2533.0,3.9478878799842083,0.9422
mwir_std_trans,D:\HwaSimIR\HwaSim_IR\Bin\Config\Atmosphere\MODTRAN\raw\audit_mwir_standard_20260906\mwir_std_trans\MODOUT2.txt,W/(cm^2 sr cm^-1),W/(cm^2 cm^-1),W/(m^2 sr um),W/(m^2 um),value_si=value_native*1e8/(wavelength_um^2),2534.0,3.946329913180742,0.9411
mwir_std_trans,D:\HwaSimIR\HwaSim_IR\Bin\Config\Atmosphere\MODTRAN\raw\audit_mwir_standard_20260906\mwir_std_trans\MODOUT2.txt,W/(cm^2 sr cm^-1),W/(cm^2 cm^-1),W/(m^2 sr um),W/(m^2 um),value_si=value_native*1e8/(wavelength_um^2),2535.0,3.9447731755424065,0.9396
mwir_std_trans,D:\HwaSimIR\HwaSim_IR\Bin\Config\Atmosphere\MODTRAN\raw\audit_mwir_standard_20260906\mwir_std_trans\MODOUT2.txt,W/(cm^2 sr cm^-1),W/(cm^2 cm^-1),W/(m^2 sr um),W/(m^2 um),value_si=value_native*1e8/(wavelength_um^2),2536.0,3.943217665615142,0.9309
mwir_std_trans,D:\HwaSimIR\HwaSim_IR\Bin\Config\Atmosphere\MODTRAN\raw\audit_mwir_standard_20260906\mwir_std_trans\MODOUT2.txt,W/(cm^2 sr cm^-1),W/(cm^2 cm^-1),W/(m^2 sr um),W/(m^2 um),value_si=value_native*1e8/(wavelength_um^2),2537.0,3.9416633819471816,0.9261
mwir_std_trans,D:\HwaSimIR\HwaSim_IR\Bin\Config\Atmosphere\MODTRAN\raw\audit_mwir_standard_20260906\mwir_std_trans\MODOUT2.txt,W/(cm^2 sr cm^-1),W/(cm^2 cm^-1),W/(m^2 sr um),W/(m^2 um),value_si=value_native*1e8/(wavelength_um^2),2538.0,3.9401103230890464,0.9306
mwir_std_trans,D:\HwaSimIR\HwaSim_IR\Bin\Config\Atmosphere\MODTRAN\raw\audit_mwir_standard_20260906\mwir_std_trans\MODOUT2.txt,W/(cm^2 sr cm^-1),W/(cm^2 cm^-1),W/(m^2 sr um),W/(m^2 um),value_si=value_native*1e8/(wavelength_um^2),2539.0,3.9385584875935407,0.9254
mwir_std_trans,D:\HwaSimIR\HwaSim_IR\Bin\Config\Atmosphere\MODTRAN\raw\audit_mwir_standard_20260906\mwir_std_trans\MODOUT2.txt,W/(cm^2 sr cm^-1),W/(cm^2 cm^-1),W/(m^2 sr um),W/(m^2 um),value_si=value_native*1e8/(wavelength_um^2),2540.0,3.937007874015748,0.9244
mwir_std_trans,D:\HwaSimIR\HwaSim_IR\Bin\Config\Atmosphere\MODTRAN\raw\audit_mwir_standard_20260906\mwir_std_trans\MODOUT2.txt,W/(cm^2 sr cm^-1),W/(cm^2 cm^-1),W/(m^2 sr um),W/(m^2 um),value_si=value_native*1e8/(wavelength_um^2),2541.0,3.9354584809130264,0.9207
mwir_std_trans,D:\HwaSimIR\HwaSim_IR\Bin\Config\Atmosphere\MODTRAN\raw\audit_mwir_standard_20260906\mwir_std_trans\MODOUT2.txt,W/(cm^2 sr cm^-1),W/(cm^2 cm^-1),W/(m^2 sr um),W/(m^2 um),value_si=value_native*1e8/(wavelength_um^2),2542.0,3.933910306845004,0.9177
mwir_std_trans,D:\HwaSimIR\HwaSim_IR\Bin\Config\Atmosphere\MODTRAN\raw\audit_mwir_standard_20260906\mwir_std_trans\MODOUT2.txt,W/(cm^2 sr cm^-1),W/(cm^2 cm^-1),W/(m^2 sr um),W/(m^2 um),value_si=value_native*1e8/(wavelength_um^2),2543.0,3.9323633503735747,0.9121
mwir_std_trans,D:\HwaSimIR\HwaSim_IR\Bin\Config\Atmosphere\MODTRAN\raw\audit_mwir_standard_20260906\mwir_std_trans\MODOUT2.txt,W/(cm^2 sr cm^-1),W/(cm^2 cm^-1),W/(m^2 sr um),W/(m^2 um),value_si=value_native*1e8/(wavelength_um^2),2544.0,3.930817610062893,0.9096
mwir_std_trans,D:\HwaSimIR\HwaSim_IR\Bin\Config\Atmosphere\MODTRAN\raw\audit_mwir_standard_20260906\mwir_std_trans\MODOUT2.txt,W/(cm^2 sr cm^-1),W/(cm^2 cm^-1),W/(m^2 sr um),W/(m^2 um),value_si=value_native*1e8/(wavelength_um^2),2545.0,3.9292730844793713,0.8996
mwir_std_trans,D:\HwaSimIR\HwaSim_IR\Bin\Config\Atmosphere\MODTRAN\raw\audit_mwir_standard_20260906\mwir_std_trans\MODOUT2.txt,W/(cm^2 sr cm^-1),W/(cm^2 cm^-1),W/(m^2 sr um),W/(m^2 um),value_si=value_native*1e8/(wavelength_um^2),2546.0,3.927729772191673,0.8992
mwir_std_trans,D:\HwaSimIR\HwaSim_IR\Bin\Config\Atmosphere\MODTRAN\raw\audit_mwir_standard_20260906\mwir_std_trans\MODOUT2.txt,W/(cm^2 sr cm^-1),W/(cm^2 cm^-1),W/(m^2 sr um),W/(m^2 um),value_si=value_native*1e8/(wavelength_um^2),2547.0,3.9261876717707107,0.8965
mwir_std_trans,D:\HwaSimIR\HwaSim_IR\Bin\Config\Atmosphere\MODTRAN\raw\audit_mwir_standard_20260906\mwir_std_trans\MODOUT2.txt,W/(cm^2 sr cm^-1),W/(cm^2 cm^-1),W/(m^2 sr um),W/(m^2 um),value_si=value_native*1e8/(wavelength_um^2),2548.0,3.924646781789639,0.8952
mwir_std_trans,D:\HwaSimIR\HwaSim_IR\Bin\Config\Atmosphere\MODTRAN\raw\audit_mwir_standard_20260906\mwir_std_trans\MODOUT2.txt,W/(cm^2 sr cm^-1),W/(cm^2 cm^-1),W/(m^2 sr um),W/(m^2 um),value_si=value_native*1e8/(wavelength_um^2),2549.0,3.9231071008238523,0.8972
mwir_std_trans,D:\HwaSimIR\HwaSim_IR\Bin\Config\Atmosphere\MODTRAN\raw\audit_mwir_standard_20260906\mwir_std_trans\MODOUT2.txt,W/(cm^2 sr cm^-1),W/(cm^2 cm^-1),W/(m^2 sr um),W/(m^2 um),value_si=value_native*1e8/(wavelength_um^2),2550.0,3.9215686274509802,0.8961
mwir_std_trans,D:\HwaSimIR\HwaSim_IR\Bin\Config\Atmosphere\MODTRAN\raw\audit_mwir_standard_20260906\mwir_std_trans\MODOUT2.txt,W/(cm^2 sr cm^-1),W/(cm^2 cm^-1),W/(m^2 sr um),W/(m^2 um),value_si=value_native*1e8/(wavelength_um^2),2551.0,3.920031360250882,0.8976
mwir_std_trans,D:\HwaSimIR\HwaSim_IR\Bin\Config\Atmosphere\MODTRAN\raw\audit_mwir_standard_20260906\mwir_std_trans\MODOUT2.txt,W/(cm^2 sr cm^-1),W/(cm^2 cm^-1),W/(m^2 sr um),W/(m^2 um),value_si=value_native*1e8/(wavelength_um^2),2552.0,3.9184952978056424,0.8971
mwir_std_trans,D:\HwaSimIR\HwaSim_IR\Bin\Config\Atmosphere\MODTRAN\raw\audit_mwir_standard_20260906\mwir_std_trans\MODOUT2.txt,W/(cm^2 sr cm^-1),W/(cm^2 cm^-1),W/(m^2 sr um),W/(m^2 um),value_si=value_native*1e8/(wavelength_um^2),2553.0,3.916960438699569,0.8936
mwir_std_trans,D:\HwaSimIR\HwaSim_IR\Bin\Config\Atmosphere\MODTRAN\raw\audit_mwir_standard_20260906\mwir_std_trans\MODOUT2.txt,W/(cm^2 sr cm^-1),W/(cm^2 cm^-1),W/(m^2 sr um),W/(m^2 um),value_si=value_native*1e8/(wavelength_um^2),2554.0,3.9154267815191854,0.8972
mwir_std_trans,D:\HwaSimIR\HwaSim_IR\Bin\Config\Atmosphere\MODTRAN\raw\audit_mwir_standard_20260906\mwir_std_trans\MODOUT2.txt,W/(cm^2 sr cm^-1),W/(cm^2 cm^-1),W/(m^2 sr um),W/(m^2 um),value_si=value_native*1e8/(wavelength_um^2),2555.0,3.9138943248532287,0.9014
mwir_std_trans,D:\HwaSimIR\HwaSim_IR\Bin\Config\Atmosphere\MODTRAN\raw\audit_mwir_standard_20260906\mwir_std_trans\MODOUT2.txt,W/(cm^2 sr cm^-1),W/(cm^2 cm^-1),W/(m^2 sr um),W/(m^2 um),value_si=value_native*1e8/(wavelength_um^2),2556.0,3.912363067292645,0.8591
mwir_std_trans,D:\HwaSimIR\HwaSim_IR\Bin\Config\Atmosphere\MODTRAN\raw\audit_mwir_standard_20260906\mwir_std_trans\MODOUT2.txt,W/(cm^2 sr cm^-1),W/(cm^2 cm^-1),W/(m^2 sr um),W/(m^2 um),value_si=value_native*1e8/(wavelength_um^2),2557.0,3.9108330074305826,0.889
mwir_std_trans,D:\HwaSimIR\HwaSim_IR\Bin\Config\Atmosphere\MODTRAN\raw\audit_mwir_standard_20260906\mwir_std_trans\MODOUT2.txt,W/(cm^2 sr cm^-1),W/(cm^2 cm^-1),W/(m^2 sr um),W/(m^2 um),value_si=value_native*1e8/(wavelength_um^2),2558.0,3.9093041438623923,0.9206
mwir_std_trans,D:\HwaSimIR\HwaSim_IR\Bin\Config\Atmosphere\MODTRAN\raw\audit_mwir_standard_20260906\mwir_std_trans\MODOUT2.txt,W/(cm^2 sr cm^-1),W/(cm^2 cm^-1),W/(m^2 sr um),W/(m^2 um),value_si=value_native*1e8/(wavelength_um^2),2559.0,3.9077764751856194,0.9309
mwir_std_trans,D:\HwaSimIR\HwaSim_IR\Bin\Config\Atmosphere\MODTRAN\raw\audit_mwir_standard_20260906\mwir_std_trans\MODOUT2.txt,W/(cm^2 sr cm^-1),W/(cm^2 cm^-1),W/(m^2 sr um),W/(m^2 um),value_si=value_native*1e8/(wavelength_um^2),2560.0,3.90625,0.9307
mwir_std_trans,D:\HwaSimIR\HwaSim_IR\Bin\Config\Atmosphere\MODTRAN\raw\audit_mwir_standard_20260906\mwir_std_trans\MODOUT2.txt,W/(cm^2 sr cm^-1),W/(cm^2 cm^-1),W/(m^2 sr um),W/(m^2 um),value_si=value_native*1e8/(wavelength_um^2),2561.0,3.904724716907458,0.9429
mwir_std_trans,D:\HwaSimIR\HwaSim_IR\Bin\Config\Atmosphere\MODTRAN\raw\audit_mwir_standard_20260906\mwir_std_trans\MODOUT2.txt,W/(cm^2 sr cm^-1),W/(cm^2 cm^-1),W/(m^2 sr um),W/(m^2 um),value_si=value_native*1e8/(wavelength_um^2),2562.0,3.9032006245121,0.9461
mwir_std_trans,D:\HwaSimIR\HwaSim_IR\Bin\Config\Atmosphere\MODTRAN\raw\audit_mwir_standard_20260906\mwir_std_trans\MODOUT2.txt,W/(cm^2 sr cm^-1),W/(cm^2 cm^-1),W/(m^2 sr um),W/(m^2 um),value_si=value_native*1e8/(wavelength_um^2),2563.0,3.9016777214202105,0.9621
mwir_std_trans,D:\HwaSimIR\HwaSim_IR\Bin\Config\Atmosphere\MODTRAN\raw\audit_mwir_standard_20260906\mwir_std_trans\MODOUT2.txt,W/(cm^2 sr cm^-1),W/(cm^2 cm^-1),W/(m^2 sr um),W/(m^2 um),value_si=value_native*1e8/(wavelength_um^2),2564.0,3.9001560062402496,0.9491
mwir_std_trans,D:\HwaSimIR\HwaSim_IR\Bin\Config\Atmosphere\MODTRAN\raw\audit_mwir_standard_20260906\mwir_std_trans\MODOUT2.txt,W/(cm^2 sr cm^-1),W/(cm^2 cm^-1),W/(m^2 sr um),W/(m^2 um),value_si=value_native*1e8/(wavelength_um^2),2565.0,3.898635477582846,0.9456
mwir_std_trans,D:\HwaSimIR\HwaSim_IR\Bin\Config\Atmosphere\MODTRAN\raw\audit_mwir_standard_20260906\mwir_std_trans\MODOUT2.txt,W/(cm^2 sr cm^-1),W/(cm^2 cm^-1),W/(m^2 sr um),W/(m^2 um),value_si=value_native*1e8/(wavelength_um^2),2566.0,3.897116134060795,0.9454
mwir_std_trans,D:\HwaSimIR\HwaSim_IR\Bin\Config\Atmosphere\MODTRAN\raw\audit_mwir_standard_20260906\mwir_std_trans\MODOUT2.txt,W/(cm^2 sr cm^-1),W/(cm^2 cm^-1),W/(m^2 sr um),W/(m^2 um),value_si=value_native*1e8/(wavelength_um^2),2567.0,3.8955979742890534,0.8965
mwir_std_trans,D:\HwaSimIR\HwaSim_IR\Bin\Config\Atmosphere\MODTRAN\raw\audit_mwir_standard_20260906\mwir_std_trans\MODOUT2.txt,W/(cm^2 sr cm^-1),W/(cm^2 cm^-1),W/(m^2 sr um),W/(m^2 um),value_si=value_native*1e8/(wavelength_um^2),2568.0,3.8940809968847354,0.9129
mwir_std_trans,D:\HwaSimIR\HwaSim_IR\Bin\Config\Atmosphere\MODTRAN\raw\audit_mwir_standard_20260906\mwir_std_trans\MODOUT2.txt,W/(cm^2 sr cm^-1),W/(cm^2 cm^-1),W/(m^2 sr um),W/(m^2 um),value_si=value_native*1e8/(wavelength_um^2),2569.0,3.8925652004671076,0.9068
mwir_std_trans,D:\HwaSimIR\HwaSim_IR\Bin\Config\Atmosphere\MODTRAN\raw\audit_mwir_standard_20260906\mwir_std_trans\MODOUT2.txt,W/(cm^2 sr cm^-1),W/(cm^2 cm^-1),W/(m^2 sr um),W/(m^2 um),value_si=value_native*1e8/(wavelength_um^2),2570.0,3.8910505836575875,0.8963
mwir_std_trans,D:\HwaSimIR\HwaSim_IR\Bin\Config\Atmosphere\MODTRAN\raw\audit_mwir_standard_20260906\mwir_std_trans\MODOUT2.txt,W/(cm^2 sr cm^-1),W/(cm^2 cm^-1),W/(m^2 sr um),W/(m^2 um),value_si=value_native*1e8/(wavelength_um^2),2571.0,3.8895371450797356,0.8399
mwir_std_trans,D:\HwaSimIR\HwaSim_IR\Bin\Config\Atmosphere\MODTRAN\raw\audit_mwir_standard_20260906\mwir_std_trans\MODOUT2.txt,W/(cm^2 sr cm^-1),W/(cm^2 cm^-1),W/(m^2 sr um),W/(m^2 um),value_si=value_native*1e8/(wavelength_um^2),2572.0,3.8880248833592534,0.897
mwir_std_trans,D:\HwaSimIR\HwaSim_IR\Bin\Config\Atmosphere\MODTRAN\raw\audit_mwir_standard_20260906\mwir_std_trans\MODOUT2.txt,W/(cm^2 sr cm^-1),W/(cm^2 cm^-1),W/(m^2 sr um),W/(m^2 um),value_si=value_native*1e8/(wavelength_um^2),2573.0,3.8865137971239796,0.8931
mwir_std_trans,D:\HwaSimIR\HwaSim_IR\Bin\Config\Atmosphere\MODTRAN\raw\audit_mwir_standard_20260906\mwir_std_trans\MODOUT2.txt,W/(cm^2 sr cm^-1),W/(cm^2 cm^-1),W/(m^2 sr um),W/(m^2 um),value_si=value_native*1e8/(wavelength_um^2),2574.0,3.885003885003885,0.8246
mwir_std_trans,D:\HwaSimIR\HwaSim_IR\Bin\Config\Atmosphere\MODTRAN\raw\audit_mwir_standard_20260906\mwir_std_trans\MODOUT2.txt,W/(cm^2 sr cm^-1),W/(cm^2 cm^-1),W/(m^2 sr um),W/(m^2 um),value_si=value_native*1e8/(wavelength_um^2),2575.0,3.883495145631068,0.8922
mwir_std_trans,D:\HwaSimIR\HwaSim_IR\Bin\Config\Atmosphere\MODTRAN\raw\audit_mwir_standard_20260906\mwir_std_trans\MODOUT2.txt,W/(cm^2 sr cm^-1),W/(cm^2 cm^-1),W/(m^2 sr um),W/(m^2 um),value_si=value_native*1e8/(wavelength_um^2),2576.0,3.8819875776397517,0.8891
mwir_std_trans,D:\HwaSimIR\HwaSim_IR\Bin\Config\Atmosphere\MODTRAN\raw\audit_mwir_standard_20260906\mwir_std_trans\MODOUT2.txt,W/(cm^2 sr cm^-1),W/(cm^2 cm^-1),W/(m^2 sr um),W/(m^2 um),value_si=value_native*1e8/(wavelength_um^2),2577.0,3.880481179666279,0.8275
mwir_std_trans,D:\HwaSimIR\HwaSim_IR\Bin\Config\Atmosphere\MODTRAN\raw\audit_mwir_standard_20260906\mwir_std_trans\MODOUT2.txt,W/(cm^2 sr cm^-1),W/(cm^2 cm^-1),W/(m^2 sr um),W/(m^2 um),value_si=value_native*1e8/(wavelength_um^2),2578.0,3.878975950349108,0.8973
mwir_std_trans,D:\HwaSimIR\HwaSim_IR\Bin\Config\Atmosphere\MODTRAN\raw\audit_mwir_standard_20260906\mwir_std_trans\MODOUT2.txt,W/(cm^2 sr cm^-1),W/(cm^2 cm^-1),W/(m^2 sr um),W/(m^2 um),value_si=value_native*1e8/(wavelength_um^2),2579.0,3.8774718883288095,0.8269
mwir_std_trans,D:\HwaSimIR\HwaSim_IR\Bin\Config\Atmosphere\MODTRAN\raw\audit_mwir_standard_20260906\mwir_std_trans\MODOUT2.txt,W/(cm^2 sr cm^-1),W/(cm^2 cm^-1),W/(m^2 sr um),W/(m^2 um),value_si=value_native*1e8/(wavelength_um^2),2580.0,3.875968992248062,0.9057
mwir_std_trans,D:\HwaSimIR\HwaSim_IR\Bin\Config\Atmosphere\MODTRAN\raw\audit_mwir_standard_20260906\mwir_std_trans\MODOUT2.txt,W/(cm^2 sr cm^-1),W/(cm^2 cm^-1),W/(m^2 sr um),W/(m^2 um),value_si=value_native*1e8/(wavelength_um^2),2581.0,3.8744672607516466,0.8551
mwir_std_trans,D:\HwaSimIR\HwaSim_IR\Bin\Config\Atmosphere\MODTRAN\raw\audit_mwir_standard_20260906\mwir_std_trans\MODOUT2.txt,W/(cm^2 sr cm^-1),W/(cm^2 cm^-1),W/(m^2 sr um),W/(m^2 um),value_si=value_native*1e8/(wavelength_um^2),2582.0,3.8729666924864445,0.8982
mwir_std_trans,D:\HwaSimIR\HwaSim_IR\Bin\Config\Atmosphere\MODTRAN\raw\audit_mwir_standard_20260906\mwir_std_trans\MODOUT2.txt,W/(cm^2 sr cm^-1),W/(cm^2 cm^-1),W/(m^2 sr um),W/(m^2 um),value_si=value_native*1e8/(wavelength_um^2),2583.0,3.8714672861014323,0.8822
mwir_std_trans,D:\HwaSimIR\HwaSim_IR\Bin\Config\Atmosphere\MODTRAN\raw\audit_mwir_standard_20260906\mwir_std_trans\MODOUT2.txt,W/(cm^2 sr cm^-1),W/(cm^2 cm^-1),W/(m^2 sr um),W/(m^2 um),value_si=value_native*1e8/(wavelength_um^2),2584.0,3.869969040247678,0.9257
mwir_std_trans,D:\HwaSimIR\HwaSim_IR\Bin\Config\Atmosphere\MODTRAN\raw\audit_mwir_standard_20260906\mwir_std_trans\MODOUT2.txt,W/(cm^2 sr cm^-1),W/(cm^2 cm^-1),W/(m^2 sr um),W/(m^2 um),value_si=value_native*1e8/(wavelength_um^2),2585.0,3.8684719535783367,0.8886
mwir_std_trans,D:\HwaSimIR\HwaSim_IR\Bin\Config\Atmosphere\MODTRAN\raw\audit_mwir_standard_20260906\mwir_std_trans\MODOUT2.txt,W/(cm^2 sr cm^-1),W/(cm^2 cm^-1),W/(m^2 sr um),W/(m^2 um),value_si=value_native*1e8/(wavelength_um^2),2586.0,3.8669760247486464,0.9434
mwir_std_trans,D:\HwaSimIR\HwaSim_IR\Bin\Config\Atmosphere\MODTRAN\raw\audit_mwir_standard_20260906\mwir_std_trans\MODOUT2.txt,W/(cm^2 sr cm^-1),W/(cm^2 cm^-1),W/(m^2 sr um),W/(m^2 um),value_si=value_native*1e8/(wavelength_um^2),2587.0,3.865481252415926,0.9192
mwir_std_trans,D:\HwaSimIR\HwaSim_IR\Bin\Config\Atmosphere\MODTRAN\raw\audit_mwir_standard_20260906\mwir_std_trans\MODOUT2.txt,W/(cm^2 sr cm^-1),W/(cm^2 cm^-1),W/(m^2 sr um),W/(m^2 um),value_si=value_native*1e8/(wavelength_um^2),2588.0,3.8639876352395675,0.935
mwir_std_trans,D:\HwaSimIR\HwaSim_IR\Bin\Config\Atmosphere\MODTRAN\raw\audit_mwir_standard_20260906\mwir_std_trans\MODOUT2.txt,W/(cm^2 sr cm^-1),W/(cm^2 cm^-1),W/(m^2 sr um),W/(m^2 um),value_si=value_native*1e8/(wavelength_um^2),2589.0,3.862495171881035,0.9467
mwir_std_trans,D:\HwaSimIR\HwaSim_IR\Bin\Config\Atmosphere\MODTRAN\raw\audit_mwir_standard_20260906\mwir_std_trans\MODOUT2.txt,W/(cm^2 sr cm^-1),W/(cm^2 cm^-1),W/(m^2 sr um),W/(m^2 um),value_si=value_native*1e8/(wavelength_um^2),2590.0,3.861003861003861,0.9409
mwir_std_trans,D:\HwaSimIR\HwaSim_IR\Bin\Config\Atmosphere\MODTRAN\raw\audit_mwir_standard_20260906\mwir_std_trans\MODOUT2.txt,W/(cm^2 sr cm^-1),W/(cm^2 cm^-1),W/(m^2 sr um),W/(m^2 um),value_si=value_native*1e8/(wavelength_um^2),2591.0,3.8595137012736394,0.9297
mwir_std_trans,D:\HwaSimIR\HwaSim_IR\Bin\Config\Atmosphere\MODTRAN\raw\audit_mwir_standard_20260906\mwir_std_trans\MODOUT2.txt,W/(cm^2 sr cm^-1),W/(cm^2 cm^-1),W/(m^2 sr um),W/(m^2 um),value_si=value_native*1e8/(wavelength_um^2),2592.0,3.8580246913580245,0.9623
mwir_std_trans,D:\HwaSimIR\HwaSim_IR\Bin\Config\Atmosphere\MODTRAN\raw\audit_mwir_standard_20260906\mwir_std_trans\MODOUT2.txt,W/(cm^2 sr cm^-1),W/(cm^2 cm^-1),W/(m^2 sr um),W/(m^2 um),value_si=value_native*1e8/(wavelength_um^2),2593.0,3.8565368299267258,0.9469
mwir_std_trans,D:\HwaSimIR\HwaSim_IR\Bin\Config\Atmosphere\MODTRAN\raw\audit_mwir_standard_20260906\mwir_std_trans\MODOUT2.txt,W/(cm^2 sr cm^-1),W/(cm^2 cm^-1),W/(m^2 sr um),W/(m^2 um),value_si=value_native*1e8/(wavelength_um^2),2594.0,3.8550501156515034,0.9599
mwir_std_trans,D:\HwaSimIR\HwaSim_IR\Bin\Config\Atmosphere\MODTRAN\raw\audit_mwir_standard_20260906\mwir_std_trans\MODOUT2.txt,W/(cm^2 sr cm^-1),W/(cm^2 cm^-1),W/(m^2 sr um),W/(m^2 um),value_si=value_native*1e8/(wavelength_um^2),2595.0,3.8535645472061657,0.9726
mwir_std_trans,D:\HwaSimIR\HwaSim_IR\Bin\Config\Atmosphere\MODTRAN\raw\audit_mwir_standard_20260906\mwir_std_trans\MODOUT2.txt,W/(cm^2 sr cm^-1),W/(cm^2 cm^-1),W/(m^2 sr um),W/(m^2 um),value_si=value_native*1e8/(wavelength_um^2),2596.0,3.852080123266564,0.9755
mwir_std_trans,D:\HwaSimIR\HwaSim_IR\Bin\Config\Atmosphere\MODTRAN\raw\audit_mwir_standard_20260906\mwir_std_trans\MODOUT2.txt,W/(cm^2 sr cm^-1),W/(cm^2 cm^-1),W/(m^2 sr um),W/(m^2 um),value_si=value_native*1e8/(wavelength_um^2),2597.0,3.850596842510589,0.9544
mwir_std_trans,D:\HwaSimIR\HwaSim_IR\Bin\Config\Atmosphere\MODTRAN\raw\audit_mwir_standard_20260906\mwir_std_trans\MODOUT2.txt,W/(cm^2 sr cm^-1),W/(cm^2 cm^-1),W/(m^2 sr um),W/(m^2 um),value_si=value_native*1e8/(wavelength_um^2),2598.0,3.849114703618168,0.9751
mwir_std_trans,D:\HwaSimIR\HwaSim_IR\Bin\Config\Atmosphere\MODTRAN\raw\audit_mwir_standard_20260906\mwir_std_trans\MODOUT2.txt,W/(cm^2 sr cm^-1),W/(cm^2 cm^-1),W/(m^2 sr um),W/(m^2 um),value_si=value_native*1e8/(wavelength_um^2),2599.0,3.8476337052712584,0.96
mwir_std_trans,D:\HwaSimIR\HwaSim_IR\Bin\Config\Atmosphere\MODTRAN\raw\audit_mwir_standard_20260906\mwir_std_trans\MODOUT2.txt,W/(cm^2 sr cm^-1),W/(cm^2 cm^-1),W/(m^2 sr um),W/(m^2 um),value_si=value_native*1e8/(wavelength_um^2),2600.0,3.8461538461538463,0.9632
mwir_std_trans,D:\HwaSimIR\HwaSim_IR\Bin\Config\Atmosphere\MODTRAN\raw\audit_mwir_standard_20260906\mwir_std_trans\MODOUT2.txt,W/(cm^2 sr cm^-1),W/(cm^2 cm^-1),W/(m^2 sr um),W/(m^2 um),value_si=value_native*1e8/(wavelength_um^2),2601.0,3.8446751249519417,0.9569
mwir_std_trans,D:\HwaSimIR\HwaSim_IR\Bin\Config\Atmosphere\MODTRAN\raw\audit_mwir_standard_20260906\mwir_std_trans\MODOUT2.txt,W/(cm^2 sr cm^-1),W/(cm^2 cm^-1),W/(m^2 sr um),W/(m^2 um),value_si=value_native*1e8/(wavelength_um^2),2602.0,3.8431975403535743,0.9723
mwir_std_trans,D:\HwaSimIR\HwaSim_IR\Bin\Config\Atmosphere\MODTRAN\raw\audit_mwir_standard_20260906\mwir_std_trans\MODOUT2.txt,W/(cm^2 sr cm^-1),W/(cm^2 cm^-1),W/(m^2 sr um),W/(m^2 um),value_si=value_native*1e8/(wavelength_um^2),2603.0,3.84172109104879,0.9813
mwir_std_trans,D:\HwaSimIR\HwaSim_IR\Bin\Config\Atmosphere\MODTRAN\raw\audit_mwir_standard_20260906\mwir_std_trans\MODOUT2.txt,W/(cm^2 sr cm^-1),W/(cm^2 cm^-1),W/(m^2 sr um),W/(m^2 um),value_si=value_native*1e8/(wavelength_um^2),2604.0,3.8402457757296466,0.9759
mwir_std_trans,D:\HwaSimIR\HwaSim_IR\Bin\Config\Atmosphere\MODTRAN\raw\audit_mwir_standard_20260906\mwir_std_trans\MODOUT2.txt,W/(cm^2 sr cm^-1),W/(cm^2 cm^-1),W/(m^2 sr um),W/(m^2 um),value_si=value_native*1e8/(wavelength_um^2),2605.0,3.838771593090211,0.9682
mwir_std_trans,D:\HwaSimIR\HwaSim_IR\Bin\Config\Atmosphere\MODTRAN\raw\audit_mwir_standard_20260906\mwir_std_trans\MODOUT2.txt,W/(cm^2 sr cm^-1),W/(cm^2 cm^-1),W/(m^2 sr um),W/(m^2 um),value_si=value_native*1e8/(wavelength_um^2),2606.0,3.837298541826554,0.9536
mwir_std_trans,D:\HwaSimIR\HwaSim_IR\Bin\Config\Atmosphere\MODTRAN\raw\audit_mwir_standard_20260906\mwir_std_trans\MODOUT2.txt,W/(cm^2 sr cm^-1),W/(cm^2 cm^-1),W/(m^2 sr um),W/(m^2 um),value_si=value_native*1e8/(wavelength_um^2),2607.0,3.8358266206367473,0.9594
mwir_std_trans,D:\HwaSimIR\HwaSim_IR\Bin\Config\Atmosphere\MODTRAN\raw\audit_mwir_standard_20260906\mwir_std_trans\MODOUT2.txt,W/(cm^2 sr cm^-1),W/(cm^2 cm^-1),W/(m^2 sr um),W/(m^2 um),value_si=value_native*1e8/(wavelength_um^2),2608.0,3.834355828220859,0.9078
mwir_std_trans,D:\HwaSimIR\HwaSim_IR\Bin\Config\Atmosphere\MODTRAN\raw\audit_mwir_standard_20260906\mwir_std_trans\MODOUT2.txt,W/(cm^2 sr cm^-1),W/(cm^2 cm^-1),W/(m^2 sr um),W/(m^2 um),value_si=value_native*1e8/(wavelength_um^2),2609.0,3.8328861632809508,0.9827
mwir_std_trans,D:\HwaSimIR\HwaSim_IR\Bin\Config\Atmosphere\MODTRAN\raw\audit_mwir_standard_20260906\mwir_std_trans\MODOUT2.txt,W/(cm^2 sr cm^-1),W/(cm^2 cm^-1),W/(m^2 sr um),W/(m^2 um),value_si=value_native*1e8/(wavelength_um^2),2610.0,3.8314176245210727,0.9891
mwir_std_trans,D:\HwaSimIR\HwaSim_IR\Bin\Config\Atmosphere\MODTRAN\raw\audit_mwir_standard_20260906\mwir_std_trans\MODOUT2.txt,W/(cm^2 sr cm^-1),W/(cm^2 cm^-1),W/(m^2 sr um),W/(m^2 um),value_si=value_native*1e8/(wavelength_um^2),2611.0,3.8299502106472616,0.9908
mwir_std_trans,D:\HwaSimIR\HwaSim_IR\Bin\Config\Atmosphere\MODTRAN\raw\audit_mwir_standard_20260906\mwir_std_trans\MODOUT2.txt,W/(cm^2 sr cm^-1),W/(cm^2 cm^-1),W/(m^2 sr um),W/(m^2 um),value_si=value_native*1e8/(wavelength_um^2),2612.0,3.8284839203675345,0.9897
mwir_std_trans,D:\HwaSimIR\HwaSim_IR\Bin\Config\Atmosphere\MODTRAN\raw\audit_mwir_standard_20260906\mwir_std_trans\MODOUT2.txt,W/(cm^2 sr cm^-1),W/(cm^2 cm^-1),W/(m^2 sr um),W/(m^2 um),value_si=value_native*1e8/(wavelength_um^2),2613.0,3.827018752391887,0.9653
mwir_std_trans,D:\HwaSimIR\HwaSim_IR\Bin\Config\Atmosphere\MODTRAN\raw\audit_mwir_standard_20260906\mwir_std_trans\MODOUT2.txt,W/(cm^2 sr cm^-1),W/(cm^2 cm^-1),W/(m^2 sr um),W/(m^2 um),value_si=value_native*1e8/(wavelength_um^2),2614.0,3.8255547054322876,0.989
mwir_std_trans,D:\HwaSimIR\HwaSim_IR\Bin\Config\Atmosphere\MODTRAN\raw\audit_mwir_standard_20260906\mwir_std_trans\MODOUT2.txt,W/(cm^2 sr cm^-1),W/(cm^2 cm^-1),W/(m^2 sr um),W/(m^2 um),value_si=value_native*1e8/(wavelength_um^2),2615.0,3.8240917782026767,0.9869
mwir_std_trans,D:\HwaSimIR\HwaSim_IR\Bin\Config\Atmosphere\MODTRAN\raw\audit_mwir_standard_20260906\mwir_std_trans\MODOUT2.txt,W/(cm^2 sr cm^-1),W/(cm^2 cm^-1),W/(m^2 sr um),W/(m^2 um),value_si=value_native*1e8/(wavelength_um^2),2616.0,3.8226299694189603,0.9933
mwir_std_trans,D:\HwaSimIR\HwaSim_IR\Bin\Config\Atmosphere\MODTRAN\raw\audit_mwir_standard_20260906\mwir_std_trans\MODOUT2.txt,W/(cm^2 sr cm^-1),W/(cm^2 cm^-1),W/(m^2 sr um),W/(m^2 um),value_si=value_native*1e8/(wavelength_um^2),2617.0,3.8211692777990063,0.9932
mwir_std_trans,D:\HwaSimIR\HwaSim_IR\Bin\Config\Atmosphere\MODTRAN\raw\audit_mwir_standard_20260906\mwir_std_trans\MODOUT2.txt,W/(cm^2 sr cm^-1),W/(cm^2 cm^-1),W/(m^2 sr um),W/(m^2 um),value_si=value_native*1e8/(wavelength_um^2),2618.0,3.819709702062643,0.9751
mwir_std_trans,D:\HwaSimIR\HwaSim_IR\Bin\Config\Atmosphere\MODTRAN\raw\audit_mwir_standard_20260906\mwir_std_trans\MODOUT2.txt,W/(cm^2 sr cm^-1),W/(cm^2 cm^-1),W/(m^2 sr um),W/(m^2 um),value_si=value_native*1e8/(wavelength_um^2),2619.0,3.8182512409316534,0.9881
mwir_std_trans,D:\HwaSimIR\HwaSim_IR\Bin\Config\Atmosphere\MODTRAN\raw\audit_mwir_standard_20260906\mwir_std_trans\MODOUT2.txt,W/(cm^2 sr cm^-1),W/(cm^2 cm^-1),W/(m^2 sr um),W/(m^2 um),value_si=value_native*1e8/(wavelength_um^2),2620.0,3.816793893129771,0.9488
mwir_std_trans,D:\HwaSimIR\HwaSim_IR\Bin\Config\Atmosphere\MODTRAN\raw\audit_mwir_standard_20260906\mwir_std_trans\MODOUT2.txt,W/(cm^2 sr cm^-1),W/(cm^2 cm^-1),W/(m^2 sr um),W/(m^2 um),value_si=value_native*1e8/(wavelength_um^2),2621.0,3.8153376573826785,0.9881
mwir_std_trans,D:\HwaSimIR\HwaSim_IR\Bin\Config\Atmosphere\MODTRAN\raw\audit_mwir_standard_20260906\mwir_std_trans\MODOUT2.txt,W/(cm^2 sr cm^-1),W/(cm^2 cm^-1),W/(m^2 sr um),W/(m^2 um),value_si=value_native*1e8/(wavelength_um^2),2622.0,3.8138825324180017,0.8885
mwir_std_trans,D:\HwaSimIR\HwaSim_IR\Bin\Config\Atmosphere\MODTRAN\raw\audit_mwir_standard_20260906\mwir_std_trans\MODOUT2.txt,W/(cm^2 sr cm^-1),W/(cm^2 cm^-1),W/(m^2 sr um),W/(m^2 um),value_si=value_native*1e8/(wavelength_um^2),2623.0,3.8124285169653067,0.933
mwir_std_trans,D:\HwaSimIR\HwaSim_IR\Bin\Config\Atmosphere\MODTRAN\raw\audit_mwir_standard_20260906\mwir_std_trans\MODOUT2.txt,W/(cm^2 sr cm^-1),W/(cm^2 cm^-1),W/(m^2 sr um),W/(m^2 um),value_si=value_native*1e8/(wavelength_um^2),2624.0,3.8109756097560976,0.9637
mwir_std_trans,D:\HwaSimIR\HwaSim_IR\Bin\Config\Atmosphere\MODTRAN\raw\audit_mwir_standard_20260906\mwir_std_trans\MODOUT2.txt,W/(cm^2 sr cm^-1),W/(cm^2 cm^-1),W/(m^2 sr um),W/(m^2 um),value_si=value_native*1e8/(wavelength_um^2),2625.0,3.8095238095238093,0.9419
mwir_std_trans,D:\HwaSimIR\HwaSim_IR\Bin\Config\Atmosphere\MODTRAN\raw\audit_mwir_standard_20260906\mwir_std_trans\MODOUT2.txt,W/(cm^2 sr cm^-1),W/(cm^2 cm^-1),W/(m^2 sr um),W/(m^2 um),value_si=value_native*1e8/(wavelength_um^2),2626.0,3.808073115003808,0.9839
mwir_std_trans,D:\HwaSimIR\HwaSim_IR\Bin\Config\Atmosphere\MODTRAN\raw\audit_mwir_standard_20260906\mwir_std_trans\MODOUT2.txt,W/(cm^2 sr cm^-1),W/(cm^2 cm^-1),W/(m^2 sr um),W/(m^2 um),value_si=value_native*1e8/(wavelength_um^2),2627.0,3.806623524933384,0.9903
mwir_std_trans,D:\HwaSimIR\HwaSim_IR\Bin\Config\Atmosphere\MODTRAN\raw\audit_mwir_standard_20260906\mwir_std_trans\MODOUT2.txt,W/(cm^2 sr cm^-1),W/(cm^2 cm^-1),W/(m^2 sr um),W/(m^2 um),value_si=value_native*1e8/(wavelength_um^2),2628.0,3.8051750380517504,0.9515
mwir_std_trans,D:\HwaSimIR\HwaSim_IR\Bin\Config\Atmosphere\MODTRAN\raw\audit_mwir_standard_20260906\mwir_std_trans\MODOUT2.txt,W/(cm^2 sr cm^-1),W/(cm^2 cm^-1),W/(m^2 sr um),W/(m^2 um),value_si=value_native*1e8/(wavelength_um^2),2629.0,3.803727653100038,0.982
mwir_std_trans,D:\HwaSimIR\HwaSim_IR\Bin\Config\Atmosphere\MODTRAN\raw\audit_mwir_standard_20260906\mwir_std_trans\MODOUT2.txt,W/(cm^2 sr cm^-1),W/(cm^2 cm^-1),W/(m^2 sr um),W/(m^2 um),value_si=value_native*1e8/(wavelength_um^2),2630.0,3.802281368821293,0.9853
mwir_std_trans,D:\HwaSimIR\HwaSim_IR\Bin\Config\Atmosphere\MODTRAN\raw\audit_mwir_standard_20260906\mwir_std_trans\MODOUT2.txt,W/(cm^2 sr cm^-1),W/(cm^2 cm^-1),W/(m^2 sr um),W/(m^2 um),value_si=value_native*1e8/(wavelength_um^2),2631.0,3.800836183960471,0.985
mwir_std_trans,D:\HwaSimIR\HwaSim_IR\Bin\Config\Atmosphere\MODTRAN\raw\audit_mwir_standard_20260906\mwir_std_trans\MODOUT2.txt,W/(cm^2 sr cm^-1),W/(cm^2 cm^-1),W/(m^2 sr um),W/(m^2 um),value_si=value_native*1e8/(wavelength_um^2),2632.0,3.7993920972644375,0.9911
mwir_std_trans,D:\HwaSimIR\HwaSim_IR\Bin\Config\Atmosphere\MODTRAN\raw\audit_mwir_standard_20260906\mwir_std_trans\MODOUT2.txt,W/(cm^2 sr cm^-1),W/(cm^2 cm^-1),W/(m^2 sr um),W/(m^2 um),value_si=value_native*1e8/(wavelength_um^2),2633.0,3.79794910748196,0.9724
mwir_std_trans,D:\HwaSimIR\HwaSim_IR\Bin\Config\Atmosphere\MODTRAN\raw\audit_mwir_standard_20260906\mwir_std_trans\MODOUT2.txt,W/(cm^2 sr cm^-1),W/(cm^2 cm^-1),W/(m^2 sr um),W/(m^2 um),value_si=value_native*1e8/(wavelength_um^2),2634.0,3.7965072133637054,0.9884
mwir_std_trans,D:\HwaSimIR\HwaSim_IR\Bin\Config\Atmosphere\MODTRAN\raw\audit_mwir_standard_20260906\mwir_std_trans\MODOUT2.txt,W/(cm^2 sr cm^-1),W/(cm^2 cm^-1),W/(m^2 sr um),W/(m^2 um),value_si=value_native*1e8/(wavelength_um^2),2635.0,3.795066413662239,0.9827
mwir_std_trans,D:\HwaSimIR\HwaSim_IR\Bin\Config\Atmosphere\MODTRAN\raw\audit_mwir_standard_20260906\mwir_std_trans\MODOUT2.txt,W/(cm^2 sr cm^-1),W/(cm^2 cm^-1),W/(m^2 sr um),W/(m^2 um),value_si=value_native*1e8/(wavelength_um^2),2636.0,3.793626707132018,0.9289
mwir_std_trans,D:\HwaSimIR\HwaSim_IR\Bin\Config\Atmosphere\MODTRAN\raw\audit_mwir_standard_20260906\mwir_std_trans\MODOUT2.txt,W/(cm^2 sr cm^-1),W/(cm^2 cm^-1),W/(m^2 sr um),W/(m^2 um),value_si=value_native*1e8/(wavelength_um^2),2637.0,3.7921880925293894,0.9268
mwir_std_trans,D:\HwaSimIR\HwaSim_IR\Bin\Config\Atmosphere\MODTRAN\raw\audit_mwir_standard_20260906\mwir_std_trans\MODOUT2.txt,W/(cm^2 sr cm^-1),W/(cm^2 cm^-1),W/(m^2 sr um),W/(m^2 um),value_si=value_native*1e8/(wavelength_um^2),2638.0,3.790750568612585,0.97
mwir_std_trans,D:\HwaSimIR\HwaSim_IR\Bin\Config\Atmosphere\MODTRAN\raw\audit_mwir_standard_20260906\mwir_std_trans\MODOUT2.txt,W/(cm^2 sr cm^-1),W/(cm^2 cm^-1),W/(m^2 sr um),W/(m^2 um),value_si=value_native*1e8/(wavelength_um^2),2639.0,3.7893141341417205,0.8859
mwir_std_trans,D:\HwaSimIR\HwaSim_IR\Bin\Config\Atmosphere\MODTRAN\raw\audit_mwir_standard_20260906\mwir_std_trans\MODOUT2.txt,W/(cm^2 sr cm^-1),W/(cm^2 cm^-1),W/(m^2 sr um),W/(m^2 um),value_si=value_native*1e8/(wavelength_um^2),2640.0,3.787878787878788,0.9872
mwir_std_trans,D:\HwaSimIR\HwaSim_IR\Bin\Config\Atmosphere\MODTRAN\raw\audit_mwir_standard_20260906\mwir_std_trans\MODOUT2.txt,W/(cm^2 sr cm^-1),W/(cm^2 cm^-1),W/(m^2 sr um),W/(m^2 um),value_si=value_native*1e8/(wavelength_um^2),2641.0,3.7864445285876562,0.9909
mwir_std_trans,D:\HwaSimIR\HwaSim_IR\Bin\Config\Atmosphere\MODTRAN\raw\audit_mwir_standard_20260906\mwir_std_trans\MODOUT2.txt,W/(cm^2 sr cm^-1),W/(cm^2 cm^-1),W/(m^2 sr um),W/(m^2 um),value_si=value_native*1e8/(wavelength_um^2),2642.0,3.785011355034065,0.9384
mwir_std_trans,D:\HwaSimIR\HwaSim_IR\Bin\Config\Atmosphere\MODTRAN\raw\audit_mwir_standard_20260906\mwir_std_trans\MODOUT2.txt,W/(cm^2 sr cm^-1),W/(cm^2 cm^-1),W/(m^2 sr um),W/(m^2 um),value_si=value_native*1e8/(wavelength_um^2),2643.0,3.7835792659856224,0.9634
mwir_std_trans,D:\HwaSimIR\HwaSim_IR\Bin\Config\Atmosphere\MODTRAN\raw\audit_mwir_standard_20260906\mwir_std_trans\MODOUT2.txt,W/(cm^2 sr cm^-1),W/(cm^2 cm^-1),W/(m^2 sr um),W/(m^2 um),value_si=value_native*1e8/(wavelength_um^2),2644.0,3.7821482602118004,0.9446
mwir_std_trans,D:\HwaSimIR\HwaSim_IR\Bin\Config\Atmosphere\MODTRAN\raw\audit_mwir_standard_20260906\mwir_std_trans\MODOUT2.txt,W/(cm^2 sr cm^-1),W/(cm^2 cm^-1),W/(m^2 sr um),W/(m^2 um),value_si=value_native*1e8/(wavelength_um^2),2645.0,3.780718336483932,0.9869
mwir_std_trans,D:\HwaSimIR\HwaSim_IR\Bin\Config\Atmosphere\MODTRAN\raw\audit_mwir_standard_20260906\mwir_std_trans\MODOUT2.txt,W/(cm^2 sr cm^-1),W/(cm^2 cm^-1),W/(m^2 sr um),W/(m^2 um),value_si=value_native*1e8/(wavelength_um^2),2646.0,3.7792894935752077,0.9856
mwir_std_trans,D:\HwaSimIR\HwaSim_IR\Bin\Config\Atmosphere\MODTRAN\raw\audit_mwir_standard_20260906\mwir_std_trans\MODOUT2.txt,W/(cm^2 sr cm^-1),W/(cm^2 cm^-1),W/(m^2 sr um),W/(m^2 um),value_si=value_native*1e8/(wavelength_um^2),2647.0,3.7778617302606725,0.9881
mwir_std_trans,D:\HwaSimIR\HwaSim_IR\Bin\Config\Atmosphere\MODTRAN\raw\audit_mwir_standard_20260906\mwir_std_trans\MODOUT2.txt,W/(cm^2 sr cm^-1),W/(cm^2 cm^-1),W/(m^2 sr um),W/(m^2 um),value_si=value_native*1e8/(wavelength_um^2),2648.0,3.7764350453172204,0.9892
mwir_std_trans,D:\HwaSimIR\HwaSim_IR\Bin\Config\Atmosphere\MODTRAN\raw\audit_mwir_standard_20260906\mwir_std_trans\MODOUT2.txt,W/(cm^2 sr cm^-1),W/(cm^2 cm^-1),W/(m^2 sr um),W/(m^2 um),value_si=value_native*1e8/(wavelength_um^2),2649.0,3.7750094375235936,0.914
mwir_std_trans,D:\HwaSimIR\HwaSim_IR\Bin\Config\Atmosphere\MODTRAN\raw\audit_mwir_standard_20260906\mwir_std_trans\MODOUT2.txt,W/(cm^2 sr cm^-1),W/(cm^2 cm^-1),W/(m^2 sr um),W/(m^2 um),value_si=value_native*1e8/(wavelength_um^2),2650.0,3.7735849056603774,0.9791
mwir_std_trans,D:\HwaSimIR\HwaSim_IR\Bin\Config\Atmosphere\MODTRAN\raw\audit_mwir_standard_20260906\mwir_std_trans\MODOUT2.txt,W/(cm^2 sr cm^-1),W/(cm^2 cm^-1),W/(m^2 sr um),W/(m^2 um),value_si=value_native*1e8/(wavelength_um^2),2651.0,3.7721614485099964,0.9858
mwir_std_trans,D:\HwaSimIR\HwaSim_IR\Bin\Config\Atmosphere\MODTRAN\raw\audit_mwir_standard_20260906\mwir_std_trans\MODOUT2.txt,W/(cm^2 sr cm^-1),W/(cm^2 cm^-1),W/(m^2 sr um),W/(m^2 um),value_si=value_native*1e8/(wavelength_um^2),2652.0,3.770739064856712,0.9065
mwir_std_trans,D:\HwaSimIR\HwaSim_IR\Bin\Config\Atmosphere\MODTRAN\raw\audit_mwir_standard_20260906\mwir_std_trans\MODOUT2.txt,W/(cm^2 sr cm^-1),W/(cm^2 cm^-1),W/(m^2 sr um),W/(m^2 um),value_si=value_native*1e8/(wavelength_um^2),2653.0,3.769317753486619,0.9891
mwir_std_trans,D:\HwaSimIR\HwaSim_IR\Bin\Config\Atmosphere\MODTRAN\raw\audit_mwir_standard_20260906\mwir_std_trans\MODOUT2.txt,W/(cm^2 sr cm^-1),W/(cm^2 cm^-1),W/(m^2 sr um),W/(m^2 um),value_si=value_native*1e8/(wavelength_um^2),2654.0,3.7678975131876413,0.9911
mwir_std_trans,D:\HwaSimIR\HwaSim_IR\Bin\Config\Atmosphere\MODTRAN\raw\audit_mwir_standard_20260906\mwir_std_trans\MODOUT2.txt,W/(cm^2 sr cm^-1),W/(cm^2 cm^-1),W/(m^2 sr um),W/(m^2 um),value_si=value_native*1e8/(wavelength_um^2),2655.0,3.766478342749529,0.921
mwir_std_trans,D:\HwaSimIR\HwaSim_IR\Bin\Config\Atmosphere\MODTRAN\raw\audit_mwir_standard_20260906\mwir_std_trans\MODOUT2.txt,W/(cm^2 sr cm^-1),W/(cm^2 cm^-1),W/(m^2 sr um),W/(m^2 um),value_si=value_native*1e8/(wavelength_um^2),2656.0,3.7650602409638556,0.968
mwir_std_trans,D:\HwaSimIR\HwaSim_IR\Bin\Config\Atmosphere\MODTRAN\raw\audit_mwir_standard_20260906\mwir_std_trans\MODOUT2.txt,W/(cm^2 sr cm^-1),W/(cm^2 cm^-1),W/(m^2 sr um),W/(m^2 um),value_si=value_native*1e8/(wavelength_um^2),2657.0,3.763643206624012,0.9375
mwir_std_trans,D:\HwaSimIR\HwaSim_IR\Bin\Config\Atmosphere\MODTRAN\raw\audit_mwir_standard_20260906\mwir_std_trans\MODOUT2.txt,W/(cm^2 sr cm^-1),W/(cm^2 cm^-1),W/(m^2 sr um),W/(m^2 um),value_si=value_native*1e8/(wavelength_um^2),2658.0,3.762227238525207,0.982
mwir_std_trans,D:\HwaSimIR\HwaSim_IR\Bin\Config\Atmosphere\MODTRAN\raw\audit_mwir_standard_20260906\mwir_std_trans\MODOUT2.txt,W/(cm^2 sr cm^-1),W/(cm^2 cm^-1),W/(m^2 sr um),W/(m^2 um),value_si=value_native*1e8/(wavelength_um^2),2659.0,3.7608123354644603,0.9499
mwir_std_trans,D:\HwaSimIR\HwaSim_IR\Bin\Config\Atmosphere\MODTRAN\raw\audit_mwir_standard_20260906\mwir_std_trans\MODOUT2.txt,W/(cm^2 sr cm^-1),W/(cm^2 cm^-1),W/(m^2 sr um),W/(m^2 um),value_si=value_native*1e8/(wavelength_um^2),2660.0,3.7593984962406015,0.9817
mwir_std_trans,D:\HwaSimIR\HwaSim_IR\Bin\Config\Atmosphere\MODTRAN\raw\audit_mwir_standard_20260906\mwir_std_trans\MODOUT2.txt,W/(cm^2 sr cm^-1),W/(cm^2 cm^-1),W/(m^2 sr um),W/(m^2 um),value_si=value_native*1e8/(wavelength_um^2),2661.0,3.757985719654265,0.945
mwir_std_trans,D:\HwaSimIR\HwaSim_IR\Bin\Config\Atmosphere\MODTRAN\raw\audit_mwir_standard_20260906\mwir_std_trans\MODOUT2.txt,W/(cm^2 sr cm^-1),W/(cm^2 cm^-1),W/(m^2 sr um),W/(m^2 um),value_si=value_native*1e8/(wavelength_um^2),2662.0,3.756574004507889,0.9904
mwir_std_trans,D:\HwaSimIR\HwaSim_IR\Bin\Config\Atmosphere\MODTRAN\raw\audit_mwir_standard_20260906\mwir_std_trans\MODOUT2.txt,W/(cm^2 sr cm^-1),W/(cm^2 cm^-1),W/(m^2 sr um),W/(m^2 um),value_si=value_native*1e8/(wavelength_um^2),2663.0,3.755163349605708,0.8987
mwir_std_trans,D:\HwaSimIR\HwaSim_IR\Bin\Config\Atmosphere\MODTRAN\raw\audit_mwir_standard_20260906\mwir_std_trans\MODOUT2.txt,W/(cm^2 sr cm^-1),W/(cm^2 cm^-1),W/(m^2 sr um),W/(m^2 um),value_si=value_native*1e8/(wavelength_um^2),2664.0,3.7537537537537538,0.9849
mwir_std_trans,D:\HwaSimIR\HwaSim_IR\Bin\Config\Atmosphere\MODTRAN\raw\audit_mwir_standard_20260906\mwir_std_trans\MODOUT2.txt,W/(cm^2 sr cm^-1),W/(cm^2 cm^-1),W/(m^2 sr um),W/(m^2 um),value_si=value_native*1e8/(wavelength_um^2),2665.0,3.75234521575985,0.9731
mwir_std_trans,D:\HwaSimIR\HwaSim_IR\Bin\Config\Atmosphere\MODTRAN\raw\audit_mwir_standard_20260906\mwir_std_trans\MODOUT2.txt,W/(cm^2 sr cm^-1),W/(cm^2 cm^-1),W/(m^2 sr um),W/(m^2 um),value_si=value_native*1e8/(wavelength_um^2),2666.0,3.7509377344336086,0.9055
mwir_std_trans,D:\HwaSimIR\HwaSim_IR\Bin\Config\Atmosphere\MODTRAN\raw\audit_mwir_standard_20260906\mwir_std_trans\MODOUT2.txt,W/(cm^2 sr cm^-1),W/(cm^2 cm^-1),W/(m^2 sr um),W/(m^2 um),value_si=value_native*1e8/(wavelength_um^2),2667.0,3.749531308586427,0.98
mwir_std_trans,D:\HwaSimIR\HwaSim_IR\Bin\Config\Atmosphere\MODTRAN\raw\audit_mwir_standard_20260906\mwir_std_trans\MODOUT2.txt,W/(cm^2 sr cm^-1),W/(cm^2 cm^-1),W/(m^2 sr um),W/(m^2 um),value_si=value_native*1e8/(wavelength_um^2),2668.0,3.7481259370314843,0.9909
mwir_std_trans,D:\HwaSimIR\HwaSim_IR\Bin\Config\Atmosphere\MODTRAN\raw\audit_mwir_standard_20260906\mwir_std_trans\MODOUT2.txt,W/(cm^2 sr cm^-1),W/(cm^2 cm^-1),W/(m^2 sr um),W/(m^2 um),value_si=value_native*1e8/(wavelength_um^2),2669.0,3.7467216185837393,0.9872
mwir_std_trans,D:\HwaSimIR\HwaSim_IR\Bin\Config\Atmosphere\MODTRAN\raw\audit_mwir_standard_20260906\mwir_std_trans\MODOUT2.txt,W/(cm^2 sr cm^-1),W/(cm^2 cm^-1),W/(m^2 sr um),W/(m^2 um),value_si=value_native*1e8/(wavelength_um^2),2670.0,3.745318352059925,0.9872
mwir_std_trans,D:\HwaSimIR\HwaSim_IR\Bin\Config\Atmosphere\MODTRAN\raw\audit_mwir_standard_20260906\mwir_std_trans\MODOUT2.txt,W/(cm^2 sr cm^-1),W/(cm^2 cm^-1),W/(m^2 sr um),W/(m^2 um),value_si=value_native*1e8/(wavelength_um^2),2671.0,3.7439161362785476,0.9883
mwir_std_trans,D:\HwaSimIR\HwaSim_IR\Bin\Config\Atmosphere\MODTRAN\raw\audit_mwir_standard_20260906\mwir_std_trans\MODOUT2.txt,W/(cm^2 sr cm^-1),W/(cm^2 cm^-1),W/(m^2 sr um),W/(m^2 um),value_si=value_native*1e8/(wavelength_um^2),2672.0,3.7425149700598803,0.983
mwir_std_trans,D:\HwaSimIR\HwaSim_IR\Bin\Config\Atmosphere\MODTRAN\raw\audit_mwir_standard_20260906\mwir_std_trans\MODOUT2.txt,W/(cm^2 sr cm^-1),W/(cm^2 cm^-1),W/(m^2 sr um),W/(m^2 um),value_si=value_native*1e8/(wavelength_um^2),2673.0,3.741114852225963,0.9192
mwir_std_trans,D:\HwaSimIR\HwaSim_IR\Bin\Config\Atmosphere\MODTRAN\raw\audit_mwir_standard_20260906\mwir_std_trans\MODOUT2.txt,W/(cm^2 sr cm^-1),W/(cm^2 cm^-1),W/(m^2 sr um),W/(m^2 um),value_si=value_native*1e8/(wavelength_um^2),2674.0,3.7397157816005984,0.9887
mwir_std_trans,D:\HwaSimIR\HwaSim_IR\Bin\Config\Atmosphere\MODTRAN\raw\audit_mwir_standard_20260906\mwir_std_trans\MODOUT2.txt,W/(cm^2 sr cm^-1),W/(cm^2 cm^-1),W/(m^2 sr um),W/(m^2 um),value_si=value_native*1e8/(wavelength_um^2),2675.0,3.7383177570093458,0.9455
mwir_std_trans,D:\HwaSimIR\HwaSim_IR\Bin\Config\Atmosphere\MODTRAN\raw\audit_mwir_standard_20260906\mwir_std_trans\MODOUT2.txt,W/(cm^2 sr cm^-1),W/(cm^2 cm^-1),W/(m^2 sr um),W/(m^2 um),value_si=value_native*1e8/(wavelength_um^2),2676.0,3.7369207772795217,0.9748
mwir_std_trans,D:\HwaSimIR\HwaSim_IR\Bin\Config\Atmosphere\MODTRAN\raw\audit_mwir_standard_20260906\mwir_std_trans\MODOUT2.txt,W/(cm^2 sr cm^-1),W/(cm^2 cm^-1),W/(m^2 sr um),W/(m^2 um),value_si=value_native*1e8/(wavelength_um^2),2677.0,3.7355248412401942,0.945
mwir_std_trans,D:\HwaSimIR\HwaSim_IR\Bin\Config\Atmosphere\MODTRAN\raw\audit_mwir_standard_20260906\mwir_std_trans\MODOUT2.txt,W/(cm^2 sr cm^-1),W/(cm^2 cm^-1),W/(m^2 sr um),W/(m^2 um),value_si=value_native*1e8/(wavelength_um^2),2678.0,3.7341299477221805,0.8845
mwir_std_trans,D:\HwaSimIR\HwaSim_IR\Bin\Config\Atmosphere\MODTRAN\raw\audit_mwir_standard_20260906\mwir_std_trans\MODOUT2.txt,W/(cm^2 sr cm^-1),W/(cm^2 cm^-1),W/(m^2 sr um),W/(m^2 um),value_si=value_native*1e8/(wavelength_um^2),2679.0,3.732736095558044,0.9905
mwir_std_trans,D:\HwaSimIR\HwaSim_IR\Bin\Config\Atmosphere\MODTRAN\raw\audit_mwir_standard_20260906\mwir_std_trans\MODOUT2.txt,W/(cm^2 sr cm^-1),W/(cm^2 cm^-1),W/(m^2 sr um),W/(m^2 um),value_si=value_native*1e8/(wavelength_um^2),2680.0,3.7313432835820897,0.9798
mwir_std_trans,D:\HwaSimIR\HwaSim_IR\Bin\Config\Atmosphere\MODTRAN\raw\audit_mwir_standard_20260906\mwir_std_trans\MODOUT2.txt,W/(cm^2 sr cm^-1),W/(cm^2 cm^-1),W/(m^2 sr um),W/(m^2 um),value_si=value_native*1e8/(wavelength_um^2),2681.0,3.729951510630362,0.8972
mwir_std_trans,D:\HwaSimIR\HwaSim_IR\Bin\Config\Atmosphere\MODTRAN\raw\audit_mwir_standard_20260906\mwir_std_trans\MODOUT2.txt,W/(cm^2 sr cm^-1),W/(cm^2 cm^-1),W/(m^2 sr um),W/(m^2 um),value_si=value_native*1e8/(wavelength_um^2),2682.0,3.7285607755406414,0.9796
mwir_std_trans,D:\HwaSimIR\HwaSim_IR\Bin\Config\Atmosphere\MODTRAN\raw\audit_mwir_standard_20260906\mwir_std_trans\MODOUT2.txt,W/(cm^2 sr cm^-1),W/(cm^2 cm^-1),W/(m^2 sr um),W/(m^2 um),value_si=value_native*1e8/(wavelength_um^2),2683.0,3.727171077152441,0.9796
mwir_std_trans,D:\HwaSimIR\HwaSim_IR\Bin\Config\Atmosphere\MODTRAN\raw\audit_mwir_standard_20260906\mwir_std_trans\MODOUT2.txt,W/(cm^2 sr cm^-1),W/(cm^2 cm^-1),W/(m^2 sr um),W/(m^2 um),value_si=value_native*1e8/(wavelength_um^2),2684.0,3.7257824143070044,0.9851
mwir_std_trans,D:\HwaSimIR\HwaSim_IR\Bin\Config\Atmosphere\MODTRAN\raw\audit_mwir_standard_20260906\mwir_std_trans\MODOUT2.txt,W/(cm^2 sr cm^-1),W/(cm^2 cm^-1),W/(m^2 sr um),W/(m^2 um),value_si=value_native*1e8/(wavelength_um^2),2685.0,3.7243947858473,0.9862
mwir_std_trans,D:\HwaSimIR\HwaSim_IR\Bin\Config\Atmosphere\MODTRAN\raw\audit_mwir_standard_20260906\mwir_std_trans\MODOUT2.txt,W/(cm^2 sr cm^-1),W/(cm^2 cm^-1),W/(m^2 sr um),W/(m^2 um),value_si=value_native*1e8/(wavelength_um^2),2686.0,3.7230081906180192,0.9917
mwir_std_trans,D:\HwaSimIR\HwaSim_IR\Bin\Config\Atmosphere\MODTRAN\raw\audit_mwir_standard_20260906\mwir_std_trans\MODOUT2.txt,W/(cm^2 sr cm^-1),W/(cm^2 cm^-1),W/(m^2 sr um),W/(m^2 um),value_si=value_native*1e8/(wavelength_um^2),2687.0,3.721622627465575,0.9913
mwir_std_trans,D:\HwaSimIR\HwaSim_IR\Bin\Config\Atmosphere\MODTRAN\raw\audit_mwir_standard_20260906\mwir_std_trans\MODOUT2.txt,W/(cm^2 sr cm^-1),W/(cm^2 cm^-1),W/(m^2 sr um),W/(m^2 um),value_si=value_native*1e8/(wavelength_um^2),2688.0,3.7202380952380953,0.9913
mwir_std_trans,D:\HwaSimIR\HwaSim_IR\Bin\Config\Atmosphere\MODTRAN\raw\audit_mwir_standard_20260906\mwir_std_trans\MODOUT2.txt,W/(cm^2 sr cm^-1),W/(cm^2 cm^-1),W/(m^2 sr um),W/(m^2 um),value_si=value_native*1e8/(wavelength_um^2),2689.0,3.718854592785422,0.9902
mwir_std_trans,D:\HwaSimIR\HwaSim_IR\Bin\Config\Atmosphere\MODTRAN\raw\audit_mwir_standard_20260906\mwir_std_trans\MODOUT2.txt,W/(cm^2 sr cm^-1),W/(cm^2 cm^-1),W/(m^2 sr um),W/(m^2 um),value_si=value_native*1e8/(wavelength_um^2),2690.0,3.717472118959108,0.9346
mwir_std_trans,D:\HwaSimIR\HwaSim_IR\Bin\Config\Atmosphere\MODTRAN\raw\audit_mwir_standard_20260906\mwir_std_trans\MODOUT2.txt,W/(cm^2 sr cm^-1),W/(cm^2 cm^-1),W/(m^2 sr um),W/(m^2 um),value_si=value_native*1e8/(wavelength_um^2),2691.0,3.716090672612412,0.9838
mwir_std_trans,D:\HwaSimIR\HwaSim_IR\Bin\Config\Atmosphere\MODTRAN\raw\audit_mwir_standard_20260906\mwir_std_trans\MODOUT2.txt,W/(cm^2 sr cm^-1),W/(cm^2 cm^-1),W/(m^2 sr um),W/(m^2 um),value_si=value_native*1e8/(wavelength_um^2),2692.0,3.7147102526002973,0.9793
mwir_std_trans,D:\HwaSimIR\HwaSim_IR\Bin\Config\Atmosphere\MODTRAN\raw\audit_mwir_standard_20260906\mwir_std_trans\MODOUT2.txt,W/(cm^2 sr cm^-1),W/(cm^2 cm^-1),W/(m^2 sr um),W/(m^2 um),value_si=value_native*1e8/(wavelength_um^2),2693.0,3.713330857779428,0.9019
mwir_std_trans,D:\HwaSimIR\HwaSim_IR\Bin\Config\Atmosphere\MODTRAN\raw\audit_mwir_standard_20260906\mwir_std_trans\MODOUT2.txt,W/(cm^2 sr cm^-1),W/(cm^2 cm^-1),W/(m^2 sr um),W/(m^2 um),value_si=value_native*1e8/(wavelength_um^2),2694.0,3.7119524870081664,0.9823
mwir_std_trans,D:\HwaSimIR\HwaSim_IR\Bin\Config\Atmosphere\MODTRAN\raw\audit_mwir_standard_20260906\mwir_std_trans\MODOUT2.txt,W/(cm^2 sr cm^-1),W/(cm^2 cm^-1),W/(m^2 sr um),W/(m^2 um),value_si=value_native*1e8/(wavelength_um^2),2695.0,3.7105751391465676,0.9229
mwir_std_trans,D:\HwaSimIR\HwaSim_IR\Bin\Config\Atmosphere\MODTRAN\raw\audit_mwir_standard_20260906\mwir_std_trans\MODOUT2.txt,W/(cm^2 sr cm^-1),W/(cm^2 cm^-1),W/(m^2 sr um),W/(m^2 um),value_si=value_native*1e8/(wavelength_um^2),2696.0,3.7091988130563798,0.945
mwir_std_trans,D:\HwaSimIR\HwaSim_IR\Bin\Config\Atmosphere\MODTRAN\raw\audit_mwir_standard_20260906\mwir_std_trans\MODOUT2.txt,W/(cm^2 sr cm^-1),W/(cm^2 cm^-1),W/(m^2 sr um),W/(m^2 um),value_si=value_native*1e8/(wavelength_um^2),2697.0,3.7078235076010384,0.9782
mwir_std_trans,D:\HwaSimIR\HwaSim_IR\Bin\Config\Atmosphere\MODTRAN\raw\audit_mwir_standard_20260906\mwir_std_trans\MODOUT2.txt,W/(cm^2 sr cm^-1),W/(cm^2 cm^-1),W/(m^2 sr um),W/(m^2 um),value_si=value_native*1e8/(wavelength_um^2),2698.0,3.7064492216456633,0.9733
mwir_std_trans,D:\HwaSimIR\HwaSim_IR\Bin\Config\Atmosphere\MODTRAN\raw\audit_mwir_standard_20260906\mwir_std_trans\MODOUT2.txt,W/(cm^2 sr cm^-1),W/(cm^2 cm^-1),W/(m^2 sr um),W/(m^2 um),value_si=value_native*1e8/(wavelength_um^2),2699.0,3.705075954057058,0.9842
mwir_std_trans,D:\HwaSimIR\HwaSim_IR\Bin\Config\Atmosphere\MODTRAN\raw\audit_mwir_standard_20260906\mwir_std_trans\MODOUT2.txt,W/(cm^2 sr cm^-1),W/(cm^2 cm^-1),W/(m^2 sr um),W/(m^2 um),value_si=value_native*1e8/(wavelength_um^2),2700.0,3.7037037037037037,0.996
mwir_std_trans,D:\HwaSimIR\HwaSim_IR\Bin\Config\Atmosphere\MODTRAN\raw\audit_mwir_standard_20260906\mwir_std_trans\MODOUT2.txt,W/(cm^2 sr cm^-1),W/(cm^2 cm^-1),W/(m^2 sr um),W/(m^2 um),value_si=value_native*1e8/(wavelength_um^2),2701.0,3.702332469455757,0.9971
mwir_std_trans,D:\HwaSimIR\HwaSim_IR\Bin\Config\Atmosphere\MODTRAN\raw\audit_mwir_standard_20260906\mwir_std_trans\MODOUT2.txt,W/(cm^2 sr cm^-1),W/(cm^2 cm^-1),W/(m^2 sr um),W/(m^2 um),value_si=value_native*1e8/(wavelength_um^2),2702.0,3.7009622501850483,0.9866
mwir_std_trans,D:\HwaSimIR\HwaSim_IR\Bin\Config\Atmosphere\MODTRAN\raw\audit_mwir_standard_20260906\mwir_std_trans\MODOUT2.txt,W/(cm^2 sr cm^-1),W/(cm^2 cm^-1),W/(m^2 sr um),W/(m^2 um),value_si=value_native*1e8/(wavelength_um^2),2703.0,3.6995930447650758,0.99
mwir_std_trans,D:\HwaSimIR\HwaSim_IR\Bin\Config\Atmosphere\MODTRAN\raw\audit_mwir_standard_20260906\mwir_std_trans\MODOUT2.txt,W/(cm^2 sr cm^-1),W/(cm^2 cm^-1),W/(m^2 sr um),W/(m^2 um),value_si=value_native*1e8/(wavelength_um^2),2704.0,3.698224852071006,0.9923
mwir_std_trans,D:\HwaSimIR\HwaSim_IR\Bin\Config\Atmosphere\MODTRAN\raw\audit_mwir_standard_20260906\mwir_std_trans\MODOUT2.txt,W/(cm^2 sr cm^-1),W/(cm^2 cm^-1),W/(m^2 sr um),W/(m^2 um),value_si=value_native*1e8/(wavelength_um^2),2705.0,3.6968576709796674,0.9833
mwir_std_trans,D:\HwaSimIR\HwaSim_IR\Bin\Config\Atmosphere\MODTRAN\raw\audit_mwir_standard_20260906\mwir_std_trans\MODOUT2.txt,W/(cm^2 sr cm^-1),W/(cm^2 cm^-1),W/(m^2 sr um),W/(m^2 um),value_si=value_native*1e8/(wavelength_um^2),2706.0,3.695491500369549,0.9756
mwir_std_trans,D:\HwaSimIR\HwaSim_IR\Bin\Config\Atmosphere\MODTRAN\raw\audit_mwir_standard_20260906\mwir_std_trans\MODOUT2.txt,W/(cm^2 sr cm^-1),W/(cm^2 cm^-1),W/(m^2 sr um),W/(m^2 um),value_si=value_native*1e8/(wavelength_um^2),2707.0,3.694126339120798,0.9832
mwir_std_trans,D:\HwaSimIR\HwaSim_IR\Bin\Config\Atmosphere\MODTRAN\raw\audit_mwir_standard_20260906\mwir_std_trans\MODOUT2.txt,W/(cm^2 sr cm^-1),W/(cm^2 cm^-1),W/(m^2 sr um),W/(m^2 um),value_si=value_native*1e8/(wavelength_um^2),2708.0,3.692762186115214,0.9442
mwir_std_trans,D:\HwaSimIR\HwaSim_IR\Bin\Config\Atmosphere\MODTRAN\raw\audit_mwir_standard_20260906\mwir_std_trans\MODOUT2.txt,W/(cm^2 sr cm^-1),W/(cm^2 cm^-1),W/(m^2 sr um),W/(m^2 um),value_si=value_native*1e8/(wavelength_um^2),2709.0,3.6913990402362495,0.9703
mwir_std_trans,D:\HwaSimIR\HwaSim_IR\Bin\Config\Atmosphere\MODTRAN\raw\audit_mwir_standard_20260906\mwir_std_trans\MODOUT2.txt,W/(cm^2 sr cm^-1),W/(cm^2 cm^-1),W/(m^2 sr um),W/(m^2 um),value_si=value_native*1e8/(wavelength_um^2),2710.0,3.690036900369004,0.9829
mwir_std_trans,D:\HwaSimIR\HwaSim_IR\Bin\Config\Atmosphere\MODTRAN\raw\audit_mwir_standard_20260906\mwir_std_trans\MODOUT2.txt,W/(cm^2 sr cm^-1),W/(cm^2 cm^-1),W/(m^2 sr um),W/(m^2 um),value_si=value_native*1e8/(wavelength_um^2),2711.0,3.6886757654002214,0.9472
mwir_std_trans,D:\HwaSimIR\HwaSim_IR\Bin\Config\Atmosphere\MODTRAN\raw\audit_mwir_standard_20260906\mwir_std_trans\MODOUT2.txt,W/(cm^2 sr cm^-1),W/(cm^2 cm^-1),W/(m^2 sr um),W/(m^2 um),value_si=value_native*1e8/(wavelength_um^2),2712.0,3.687315634218289,0.9183
mwir_std_trans,D:\HwaSimIR\HwaSim_IR\Bin\Config\Atmosphere\MODTRAN\raw\audit_mwir_standard_20260906\mwir_std_trans\MODOUT2.txt,W/(cm^2 sr cm^-1),W/(cm^2 cm^-1),W/(m^2 sr um),W/(m^2 um),value_si=value_native*1e8/(wavelength_um^2),2713.0,3.6859565057132326,0.9875
mwir_std_trans,D:\HwaSimIR\HwaSim_IR\Bin\Config\Atmosphere\MODTRAN\raw\audit_mwir_standard_20260906\mwir_std_trans\MODOUT2.txt,W/(cm^2 sr cm^-1),W/(cm^2 cm^-1),W/(m^2 sr um),W/(m^2 um),value_si=value_native*1e8/(wavelength_um^2),2714.0,3.6845983787767134,0.9819
mwir_std_trans,D:\HwaSimIR\HwaSim_IR\Bin\Config\Atmosphere\MODTRAN\raw\audit_mwir_standard_20260906\mwir_std_trans\MODOUT2.txt,W/(cm^2 sr cm^-1),W/(cm^2 cm^-1),W/(m^2 sr um),W/(m^2 um),value_si=value_native*1e8/(wavelength_um^2),2715.0,3.6832412523020257,0.9259
mwir_std_trans,D:\HwaSimIR\HwaSim_IR\Bin\Config\Atmosphere\MODTRAN\raw\audit_mwir_standard_20260906\mwir_std_trans\MODOUT2.txt,W/(cm^2 sr cm^-1),W/(cm^2 cm^-1),W/(m^2 sr um),W/(m^2 um),value_si=value_native*1e8/(wavelength_um^2),2716.0,3.681885125184094,0.9398
mwir_std_trans,D:\HwaSimIR\HwaSim_IR\Bin\Config\Atmosphere\MODTRAN\raw\audit_mwir_standard_20260906\mwir_std_trans\MODOUT2.txt,W/(cm^2 sr cm^-1),W/(cm^2 cm^-1),W/(m^2 sr um),W/(m^2 um),value_si=value_native*1e8/(wavelength_um^2),2717.0,3.68052999631947,0.956
mwir_std_trans,D:\HwaSimIR\HwaSim_IR\Bin\Config\Atmosphere\MODTRAN\raw\audit_mwir_standard_20260906\mwir_std_trans\MODOUT2.txt,W/(cm^2 sr cm^-1),W/(cm^2 cm^-1),W/(m^2 sr um),W/(m^2 um),value_si=value_native*1e8/(wavelength_um^2),2718.0,3.679175864606328,0.9521
mwir_std_trans,D:\HwaSimIR\HwaSim_IR\Bin\Config\Atmosphere\MODTRAN\raw\audit_mwir_standard_20260906\mwir_std_trans\MODOUT2.txt,W/(cm^2 sr cm^-1),W/(cm^2 cm^-1),W/(m^2 sr um),W/(m^2 um),value_si=value_native*1e8/(wavelength_um^2),2719.0,3.6778227289444647,0.9243
mwir_std_trans,D:\HwaSimIR\HwaSim_IR\Bin\Config\Atmosphere\MODTRAN\raw\audit_mwir_standard_20260906\mwir_std_trans\MODOUT2.txt,W/(cm^2 sr cm^-1),W/(cm^2 cm^-1),W/(m^2 sr um),W/(m^2 um),value_si=value_native*1e8/(wavelength_um^2),2720.0,3.676470588235294,0.8356
mwir_std_trans,D:\HwaSimIR\HwaSim_IR\Bin\Config\Atmosphere\MODTRAN\raw\audit_mwir_standard_20260906\mwir_std_trans\MODOUT2.txt,W/(cm^2 sr cm^-1),W/(cm^2 cm^-1),W/(m^2 sr um),W/(m^2 um),value_si=value_native*1e8/(wavelength_um^2),2721.0,3.675119441381845,0.8411
mwir_std_trans,D:\HwaSimIR\HwaSim_IR\Bin\Config\Atmosphere\MODTRAN\raw\audit_mwir_standard_20260906\mwir_std_trans\MODOUT2.txt,W/(cm^2 sr cm^-1),W/(cm^2 cm^-1),W/(m^2 sr um),W/(m^2 um),value_si=value_native*1e8/(wavelength_um^2),2722.0,3.673769287288758,0.8397
mwir_std_trans,D:\HwaSimIR\HwaSim_IR\Bin\Config\Atmosphere\MODTRAN\raw\audit_mwir_standard_20260906\mwir_std_trans\MODOUT2.txt,W/(cm^2 sr cm^-1),W/(cm^2 cm^-1),W/(m^2 sr um),W/(m^2 um),value_si=value_native*1e8/(wavelength_um^2),2723.0,3.6724201248622843,0.814
mwir_std_trans,D:\HwaSimIR\HwaSim_IR\Bin\Config\Atmosphere\MODTRAN\raw\audit_mwir_standard_20260906\mwir_std_trans\MODOUT2.txt,W/(cm^2 sr cm^-1),W/(cm^2 cm^-1),W/(m^2 sr um),W/(m^2 um),value_si=value_native*1e8/(wavelength_um^2),2724.0,3.671071953010279,0.9202
mwir_std_trans,D:\HwaSimIR\HwaSim_IR\Bin\Config\Atmosphere\MODTRAN\raw\audit_mwir_standard_20260906\mwir_std_trans\MODOUT2.txt,W/(cm^2 sr cm^-1),W/(cm^2 cm^-1),W/(m^2 sr um),W/(m^2 um),value_si=value_native*1e8/(wavelength_um^2),2725.0,3.669724770642202,0.9837
mwir_std_trans,D:\HwaSimIR\HwaSim_IR\Bin\Config\Atmosphere\MODTRAN\raw\audit_mwir_standard_20260906\mwir_std_trans\MODOUT2.txt,W/(cm^2 sr cm^-1),W/(cm^2 cm^-1),W/(m^2 sr um),W/(m^2 um),value_si=value_native*1e8/(wavelength_um^2),2726.0,3.668378576669112,0.888
mwir_std_trans,D:\HwaSimIR\HwaSim_IR\Bin\Config\Atmosphere\MODTRAN\raw\audit_mwir_standard_20260906\mwir_std_trans\MODOUT2.txt,W/(cm^2 sr cm^-1),W/(cm^2 cm^-1),W/(m^2 sr um),W/(m^2 um),value_si=value_native*1e8/(wavelength_um^2),2727.0,3.6670333700036672,0.8838
mwir_std_trans,D:\HwaSimIR\HwaSim_IR\Bin\Config\Atmosphere\MODTRAN\raw\audit_mwir_standard_20260906\mwir_std_trans\MODOUT2.txt,W/(cm^2 sr cm^-1),W/(cm^2 cm^-1),W/(m^2 sr um),W/(m^2 um),value_si=value_native*1e8/(wavelength_um^2),2728.0,3.665689149560117,0.9886
mwir_std_trans,D:\HwaSimIR\HwaSim_IR\Bin\Config\Atmosphere\MODTRAN\raw\audit_mwir_standard_20260906\mwir_std_trans\MODOUT2.txt,W/(cm^2 sr cm^-1),W/(cm^2 cm^-1),W/(m^2 sr um),W/(m^2 um),value_si=value_native*1e8/(wavelength_um^2),2729.0,3.6643459142543056,0.9907
mwir_std_trans,D:\HwaSimIR\HwaSim_IR\Bin\Config\Atmosphere\MODTRAN\raw\audit_mwir_standard_20260906\mwir_std_trans\MODOUT2.txt,W/(cm^2 sr cm^-1),W/(cm^2 cm^-1),W/(m^2 sr um),W/(m^2 um),value_si=value_native*1e8/(wavelength_um^2),2730.0,3.663003663003663,0.9656
mwir_std_trans,D:\HwaSimIR\HwaSim_IR\Bin\Config\Atmosphere\MODTRAN\raw\audit_mwir_standard_20260906\mwir_std_trans\MODOUT2.txt,W/(cm^2 sr cm^-1),W/(cm^2 cm^-1),W/(m^2 sr um),W/(m^2 um),value_si=value_native*1e8/(wavelength_um^2),2731.0,3.6616623947272062,0.9592
mwir_std_trans,D:\HwaSimIR\HwaSim_IR\Bin\Config\Atmosphere\MODTRAN\raw\audit_mwir_standard_20260906\mwir_std_trans\MODOUT2.txt,W/(cm^2 sr cm^-1),W/(cm^2 cm^-1),W/(m^2 sr um),W/(m^2 um),value_si=value_native*1e8/(wavelength_um^2),2732.0,3.6603221083455346,0.9893
mwir_std_trans,D:\HwaSimIR\HwaSim_IR\Bin\Config\Atmosphere\MODTRAN\raw\audit_mwir_standard_20260906\mwir_std_trans\MODOUT2.txt,W/(cm^2 sr cm^-1),W/(cm^2 cm^-1),W/(m^2 sr um),W/(m^2 um),value_si=value_native*1e8/(wavelength_um^2),2733.0,3.658982802780827,0.9925
mwir_std_trans,D:\HwaSimIR\HwaSim_IR\Bin\Config\Atmosphere\MODTRAN\raw\audit_mwir_standard_20260906\mwir_std_trans\MODOUT2.txt,W/(cm^2 sr cm^-1),W/(cm^2 cm^-1),W/(m^2 sr um),W/(m^2 um),value_si=value_native*1e8/(wavelength_um^2),2734.0,3.6576444769568397,0.9927
mwir_std_trans,D:\HwaSimIR\HwaSim_IR\Bin\Config\Atmosphere\MODTRAN\raw\audit_mwir_standard_20260906\mwir_std_trans\MODOUT2.txt,W/(cm^2 sr cm^-1),W/(cm^2 cm^-1),W/(m^2 sr um),W/(m^2 um),value_si=value_native*1e8/(wavelength_um^2),2735.0,3.656307129798903,0.994
mwir_std_trans,D:\HwaSimIR\HwaSim_IR\Bin\Config\Atmosphere\MODTRAN\raw\audit_mwir_standard_20260906\mwir_std_trans\MODOUT2.txt,W/(cm^2 sr cm^-1),W/(cm^2 cm^-1),W/(m^2 sr um),W/(m^2 um),value_si=value_native*1e8/(wavelength_um^2),2736.0,3.654970760233918,0.9793
mwir_std_trans,D:\HwaSimIR\HwaSim_IR\Bin\Config\Atmosphere\MODTRAN\raw\audit_mwir_standard_20260906\mwir_std_trans\MODOUT2.txt,W/(cm^2 sr cm^-1),W/(cm^2 cm^-1),W/(m^2 sr um),W/(m^2 um),value_si=value_native*1e8/(wavelength_um^2),2737.0,3.6536353671903545,0.9734
mwir_std_trans,D:\HwaSimIR\HwaSim_IR\Bin\Config\Atmosphere\MODTRAN\raw\audit_mwir_standard_20260906\mwir_std_trans\MODOUT2.txt,W/(cm^2 sr cm^-1),W/(cm^2 cm^-1),W/(m^2 sr um),W/(m^2 um),value_si=value_native*1e8/(wavelength_um^2),2738.0,3.652300949598247,0.9717
mwir_std_trans,D:\HwaSimIR\HwaSim_IR\Bin\Config\Atmosphere\MODTRAN\raw\audit_mwir_standard_20260906\mwir_std_trans\MODOUT2.txt,W/(cm^2 sr cm^-1),W/(cm^2 cm^-1),W/(m^2 sr um),W/(m^2 um),value_si=value_native*1e8/(wavelength_um^2),2739.0,3.6509675063891933,0.9282
mwir_std_trans,D:\HwaSimIR\HwaSim_IR\Bin\Config\Atmosphere\MODTRAN\raw\audit_mwir_standard_20260906\mwir_std_trans\MODOUT2.txt,W/(cm^2 sr cm^-1),W/(cm^2 cm^-1),W/(m^2 sr um),W/(m^2 um),value_si=value_native*1e8/(wavelength_um^2),2740.0,3.6496350364963503,0.9917
mwir_std_trans,D:\HwaSimIR\HwaSim_IR\Bin\Config\Atmosphere\MODTRAN\raw\audit_mwir_standard_20260906\mwir_std_trans\MODOUT2.txt,W/(cm^2 sr cm^-1),W/(cm^2 cm^-1),W/(m^2 sr um),W/(m^2 um),value_si=value_native*1e8/(wavelength_um^2),2741.0,3.6483035388544325,0.9504
mwir_std_trans,D:\HwaSimIR\HwaSim_IR\Bin\Config\Atmosphere\MODTRAN\raw\audit_mwir_standard_20260906\mwir_std_trans\MODOUT2.txt,W/(cm^2 sr cm^-1),W/(cm^2 cm^-1),W/(m^2 sr um),W/(m^2 um),value_si=value_native*1e8/(wavelength_um^2),2742.0,3.6469730123997084,0.8916
mwir_std_trans,D:\HwaSimIR\HwaSim_IR\Bin\Config\Atmosphere\MODTRAN\raw\audit_mwir_standard_20260906\mwir_std_trans\MODOUT2.txt,W/(cm^2 sr cm^-1),W/(cm^2 cm^-1),W/(m^2 sr um),W/(m^2 um),value_si=value_native*1e8/(wavelength_um^2),2743.0,3.645643456069996,0.9535
mwir_std_trans,D:\HwaSimIR\HwaSim_IR\Bin\Config\Atmosphere\MODTRAN\raw\audit_mwir_standard_20260906\mwir_std_trans\MODOUT2.txt,W/(cm^2 sr cm^-1),W/(cm^2 cm^-1),W/(m^2 sr um),W/(m^2 um),value_si=value_native*1e8/(wavelength_um^2),2744.0,3.6443148688046647,0.9813
mwir_std_trans,D:\HwaSimIR\HwaSim_IR\Bin\Config\Atmosphere\MODTRAN\raw\audit_mwir_standard_20260906\mwir_std_trans\MODOUT2.txt,W/(cm^2 sr cm^-1),W/(cm^2 cm^-1),W/(m^2 sr um),W/(m^2 um),value_si=value_native*1e8/(wavelength_um^2),2745.0,3.6429872495446265,0.9921
mwir_std_trans,D:\HwaSimIR\HwaSim_IR\Bin\Config\Atmosphere\MODTRAN\raw\audit_mwir_standard_20260906\mwir_std_trans\MODOUT2.txt,W/(cm^2 sr cm^-1),W/(cm^2 cm^-1),W/(m^2 sr um),W/(m^2 um),value_si=value_native*1e8/(wavelength_um^2),2746.0,3.641660597232338,0.99
mwir_std_trans,D:\HwaSimIR\HwaSim_IR\Bin\Config\Atmosphere\MODTRAN\raw\audit_mwir_standard_20260906\mwir_std_trans\MODOUT2.txt,W/(cm^2 sr cm^-1),W/(cm^2 cm^-1),W/(m^2 sr um),W/(m^2 um),value_si=value_native*1e8/(wavelength_um^2),2747.0,3.6403349108117946,0.9786
mwir_std_trans,D:\HwaSimIR\HwaSim_IR\Bin\Config\Atmosphere\MODTRAN\raw\audit_mwir_standard_20260906\mwir_std_trans\MODOUT2.txt,W/(cm^2 sr cm^-1),W/(cm^2 cm^-1),W/(m^2 sr um),W/(m^2 um),value_si=value_native*1e8/(wavelength_um^2),2748.0,3.63901018922853,0.9857
mwir_std_trans,D:\HwaSimIR\HwaSim_IR\Bin\Config\Atmosphere\MODTRAN\raw\audit_mwir_standard_20260906\mwir_std_trans\MODOUT2.txt,W/(cm^2 sr cm^-1),W/(cm^2 cm^-1),W/(m^2 sr um),W/(m^2 um),value_si=value_native*1e8/(wavelength_um^2),2749.0,3.6376864314296107,0.9849
mwir_std_trans,D:\HwaSimIR\HwaSim_IR\Bin\Config\Atmosphere\MODTRAN\raw\audit_mwir_standard_20260906\mwir_std_trans\MODOUT2.txt,W/(cm^2 sr cm^-1),W/(cm^2 cm^-1),W/(m^2 sr um),W/(m^2 um),value_si=value_native*1e8/(wavelength_um^2),2750.0,3.6363636363636362,0.9782
mwir_std_trans,D:\HwaSimIR\HwaSim_IR\Bin\Config\Atmosphere\MODTRAN\raw\audit_mwir_standard_20260906\mwir_std_trans\MODOUT2.txt,W/(cm^2 sr cm^-1),W/(cm^2 cm^-1),W/(m^2 sr um),W/(m^2 um),value_si=value_native*1e8/(wavelength_um^2),2751.0,3.635041802980734,0.9205
mwir_std_trans,D:\HwaSimIR\HwaSim_IR\Bin\Config\Atmosphere\MODTRAN\raw\audit_mwir_standard_20260906\mwir_std_trans\MODOUT2.txt,W/(cm^2 sr cm^-1),W/(cm^2 cm^-1),W/(m^2 sr um),W/(m^2 um),value_si=value_native*1e8/(wavelength_um^2),2752.0,3.633720930232558,0.9803
mwir_std_trans,D:\HwaSimIR\HwaSim_IR\Bin\Config\Atmosphere\MODTRAN\raw\audit_mwir_standard_20260906\mwir_std_trans\MODOUT2.txt,W/(cm^2 sr cm^-1),W/(cm^2 cm^-1),W/(m^2 sr um),W/(m^2 um),value_si=value_native*1e8/(wavelength_um^2),2753.0,3.6324010170722847,0.973
mwir_std_trans,D:\HwaSimIR\HwaSim_IR\Bin\Config\Atmosphere\MODTRAN\raw\audit_mwir_standard_20260906\mwir_std_trans\MODOUT2.txt,W/(cm^2 sr cm^-1),W/(cm^2 cm^-1),W/(m^2 sr um),W/(m^2 um),value_si=value_native*1e8/(wavelength_um^2),2754.0,3.6310820624546114,0.9232
mwir_std_trans,D:\HwaSimIR\HwaSim_IR\Bin\Config\Atmosphere\MODTRAN\raw\audit_mwir_standard_20260906\mwir_std_trans\MODOUT2.txt,W/(cm^2 sr cm^-1),W/(cm^2 cm^-1),W/(m^2 sr um),W/(m^2 um),value_si=value_native*1e8/(wavelength_um^2),2755.0,3.629764065335753,0.9941
mwir_std_trans,D:\HwaSimIR\HwaSim_IR\Bin\Config\Atmosphere\MODTRAN\raw\audit_mwir_standard_20260906\mwir_std_trans\MODOUT2.txt,W/(cm^2 sr cm^-1),W/(cm^2 cm^-1),W/(m^2 sr um),W/(m^2 um),value_si=value_native*1e8/(wavelength_um^2),2756.0,3.6284470246734397,0.9607
mwir_std_trans,D:\HwaSimIR\HwaSim_IR\Bin\Config\Atmosphere\MODTRAN\raw\audit_mwir_standard_20260906\mwir_std_trans\MODOUT2.txt,W/(cm^2 sr cm^-1),W/(cm^2 cm^-1),W/(m^2 sr um),W/(m^2 um),value_si=value_native*1e8/(wavelength_um^2),2757.0,3.6271309394269133,0.8902
mwir_std_trans,D:\HwaSimIR\HwaSim_IR\Bin\Config\Atmosphere\MODTRAN\raw\audit_mwir_standard_20260906\mwir_std_trans\MODOUT2.txt,W/(cm^2 sr cm^-1),W/(cm^2 cm^-1),W/(m^2 sr um),W/(m^2 um),value_si=value_native*1e8/(wavelength_um^2),2758.0,3.625815808556925,0.9286
mwir_std_trans,D:\HwaSimIR\HwaSim_IR\Bin\Config\Atmosphere\MODTRAN\raw\audit_mwir_standard_20260906\mwir_std_trans\MODOUT2.txt,W/(cm^2 sr cm^-1),W/(cm^2 cm^-1),W/(m^2 sr um),W/(m^2 um),value_si=value_native*1e8/(wavelength_um^2),2759.0,3.624501631025734,0.9824
mwir_std_trans,D:\HwaSimIR\HwaSim_IR\Bin\Config\Atmosphere\MODTRAN\raw\audit_mwir_standard_20260906\mwir_std_trans\MODOUT2.txt,W/(cm^2 sr cm^-1),W/(cm^2 cm^-1),W/(m^2 sr um),W/(m^2 um),value_si=value_native*1e8/(wavelength_um^2),2760.0,3.6231884057971016,0.9883
mwir_std_trans,D:\HwaSimIR\HwaSim_IR\Bin\Config\Atmosphere\MODTRAN\raw\audit_mwir_standard_20260906\mwir_std_trans\MODOUT2.txt,W/(cm^2 sr cm^-1),W/(cm^2 cm^-1),W/(m^2 sr um),W/(m^2 um),value_si=value_native*1e8/(wavelength_um^2),2761.0,3.621876131836291,0.9843
mwir_std_trans,D:\HwaSimIR\HwaSim_IR\Bin\Config\Atmosphere\MODTRAN\raw\audit_mwir_standard_20260906\mwir_std_trans\MODOUT2.txt,W/(cm^2 sr cm^-1),W/(cm^2 cm^-1),W/(m^2 sr um),W/(m^2 um),value_si=value_native*1e8/(wavelength_um^2),2762.0,3.620564808110065,0.983
mwir_std_trans,D:\HwaSimIR\HwaSim_IR\Bin\Config\Atmosphere\MODTRAN\raw\audit_mwir_standard_20260906\mwir_std_trans\MODOUT2.txt,W/(cm^2 sr cm^-1),W/(cm^2 cm^-1),W/(m^2 sr um),W/(m^2 um),value_si=value_native*1e8/(wavelength_um^2),2763.0,3.619254433586681,0.988
mwir_std_trans,D:\HwaSimIR\HwaSim_IR\Bin\Config\Atmosphere\MODTRAN\raw\audit_mwir_standard_20260906\mwir_std_trans\MODOUT2.txt,W/(cm^2 sr cm^-1),W/(cm^2 cm^-1),W/(m^2 sr um),W/(m^2 um),value_si=value_native*1e8/(wavelength_um^2),2764.0,3.61794500723589,0.9844
mwir_std_trans,D:\HwaSimIR\HwaSim_IR\Bin\Config\Atmosphere\MODTRAN\raw\audit_mwir_standard_20260906\mwir_std_trans\MODOUT2.txt,W/(cm^2 sr cm^-1),W/(cm^2 cm^-1),W/(m^2 sr um),W/(m^2 um),value_si=value_native*1e8/(wavelength_um^2),2765.0,3.616636528028933,0.9138
mwir_std_trans,D:\HwaSimIR\HwaSim_IR\Bin\Config\Atmosphere\MODTRAN\raw\audit_mwir_standard_20260906\mwir_std_trans\MODOUT2.txt,W/(cm^2 sr cm^-1),W/(cm^2 cm^-1),W/(m^2 sr um),W/(m^2 um),value_si=value_native*1e8/(wavelength_um^2),2766.0,3.6153289949385394,0.9908
mwir_std_trans,D:\HwaSimIR\HwaSim_IR\Bin\Config\Atmosphere\MODTRAN\raw\audit_mwir_standard_20260906\mwir_std_trans\MODOUT2.txt,W/(cm^2 sr cm^-1),W/(cm^2 cm^-1),W/(m^2 sr um),W/(m^2 um),value_si=value_native*1e8/(wavelength_um^2),2767.0,3.614022406938923,0.888
mwir_std_trans,D:\HwaSimIR\HwaSim_IR\Bin\Config\Atmosphere\MODTRAN\raw\audit_mwir_standard_20260906\mwir_std_trans\MODOUT2.txt,W/(cm^2 sr cm^-1),W/(cm^2 cm^-1),W/(m^2 sr um),W/(m^2 um),value_si=value_native*1e8/(wavelength_um^2),2768.0,3.61271676300578,0.9559
mwir_std_trans,D:\HwaSimIR\HwaSim_IR\Bin\Config\Atmosphere\MODTRAN\raw\audit_mwir_standard_20260906\mwir_std_trans\MODOUT2.txt,W/(cm^2 sr cm^-1),W/(cm^2 cm^-1),W/(m^2 sr um),W/(m^2 um),value_si=value_native*1e8/(wavelength_um^2),2769.0,3.6114120621162873,0.9389
mwir_std_trans,D:\HwaSimIR\HwaSim_IR\Bin\Config\Atmosphere\MODTRAN\raw\audit_mwir_standard_20260906\mwir_std_trans\MODOUT2.txt,W/(cm^2 sr cm^-1),W/(cm^2 cm^-1),W/(m^2 sr um),W/(m^2 um),value_si=value_native*1e8/(wavelength_um^2),2770.0,3.6101083032490973,0.942
mwir_std_trans,D:\HwaSimIR\HwaSim_IR\Bin\Config\Atmosphere\MODTRAN\raw\audit_mwir_standard_20260906\mwir_std_trans\MODOUT2.txt,W/(cm^2 sr cm^-1),W/(cm^2 cm^-1),W/(m^2 sr um),W/(m^2 um),value_si=value_native*1e8/(wavelength_um^2),2771.0,3.608805485384338,0.9785
mwir_std_trans,D:\HwaSimIR\HwaSim_IR\Bin\Config\Atmosphere\MODTRAN\raw\audit_mwir_standard_20260906\mwir_std_trans\MODOUT2.txt,W/(cm^2 sr cm^-1),W/(cm^2 cm^-1),W/(m^2 sr um),W/(m^2 um),value_si=value_native*1e8/(wavelength_um^2),2772.0,3.6075036075036073,0.8143
mwir_std_trans,D:\HwaSimIR\HwaSim_IR\Bin\Config\Atmosphere\MODTRAN\raw\audit_mwir_standard_20260906\mwir_std_trans\MODOUT2.txt,W/(cm^2 sr cm^-1),W/(cm^2 cm^-1),W/(m^2 sr um),W/(m^2 um),value_si=value_native*1e8/(wavelength_um^2),2773.0,3.6062026685899746,0.9358
mwir_std_trans,D:\HwaSimIR\HwaSim_IR\Bin\Config\Atmosphere\MODTRAN\raw\audit_mwir_standard_20260906\mwir_std_trans\MODOUT2.txt,W/(cm^2 sr cm^-1),W/(cm^2 cm^-1),W/(m^2 sr um),W/(m^2 um),value_si=value_native*1e8/(wavelength_um^2),2774.0,3.604902667627974,0.956
mwir_std_trans,D:\HwaSimIR\HwaSim_IR\Bin\Config\Atmosphere\MODTRAN\raw\audit_mwir_standard_20260906\mwir_std_trans\MODOUT2.txt,W/(cm^2 sr cm^-1),W/(cm^2 cm^-1),W/(m^2 sr um),W/(m^2 um),value_si=value_native*1e8/(wavelength_um^2),2775.0,3.6036036036036037,0.9873
mwir_std_trans,D:\HwaSimIR\HwaSim_IR\Bin\Config\Atmosphere\MODTRAN\raw\audit_mwir_standard_20260906\mwir_std_trans\MODOUT2.txt,W/(cm^2 sr cm^-1),W/(cm^2 cm^-1),W/(m^2 sr um),W/(m^2 um),value_si=value_native*1e8/(wavelength_um^2),2776.0,3.602305475504323,0.9876
mwir_std_trans,D:\HwaSimIR\HwaSim_IR\Bin\Config\Atmosphere\MODTRAN\raw\audit_mwir_standard_20260906\mwir_std_trans\MODOUT2.txt,W/(cm^2 sr cm^-1),W/(cm^2 cm^-1),W/(m^2 sr um),W/(m^2 um),value_si=value_native*1e8/(wavelength_um^2),2777.0,3.6010082823190492,0.8966
mwir_std_trans,D:\HwaSimIR\HwaSim_IR\Bin\Config\Atmosphere\MODTRAN\raw\audit_mwir_standard_20260906\mwir_std_trans\MODOUT2.txt,W/(cm^2 sr cm^-1),W/(cm^2 cm^-1),W/(m^2 sr um),W/(m^2 um),value_si=value_native*1e8/(wavelength_um^2),2778.0,3.599712023038157,0.9725
mwir_std_trans,D:\HwaSimIR\HwaSim_IR\Bin\Config\Atmosphere\MODTRAN\raw\audit_mwir_standard_20260906\mwir_std_trans\MODOUT2.txt,W/(cm^2 sr cm^-1),W/(cm^2 cm^-1),W/(m^2 sr um),W/(m^2 um),value_si=value_native*1e8/(wavelength_um^2),2779.0,3.5984166966534725,0.9781
mwir_std_trans,D:\HwaSimIR\HwaSim_IR\Bin\Config\Atmosphere\MODTRAN\raw\audit_mwir_standard_20260906\mwir_std_trans\MODOUT2.txt,W/(cm^2 sr cm^-1),W/(cm^2 cm^-1),W/(m^2 sr um),W/(m^2 um),value_si=value_native*1e8/(wavelength_um^2),2780.0,3.597122302158273,0.8925
mwir_std_trans,D:\HwaSimIR\HwaSim_IR\Bin\Config\Atmosphere\MODTRAN\raw\audit_mwir_standard_20260906\mwir_std_trans\MODOUT2.txt,W/(cm^2 sr cm^-1),W/(cm^2 cm^-1),W/(m^2 sr um),W/(m^2 um),value_si=value_native*1e8/(wavelength_um^2),2781.0,3.595828838547285,0.9711
mwir_std_trans,D:\HwaSimIR\HwaSim_IR\Bin\Config\Atmosphere\MODTRAN\raw\audit_mwir_standard_20260906\mwir_std_trans\MODOUT2.txt,W/(cm^2 sr cm^-1),W/(cm^2 cm^-1),W/(m^2 sr um),W/(m^2 um),value_si=value_native*1e8/(wavelength_um^2),2782.0,3.5945363048166787,0.9823
mwir_std_trans,D:\HwaSimIR\HwaSim_IR\Bin\Config\Atmosphere\MODTRAN\raw\audit_mwir_standard_20260906\mwir_std_trans\MODOUT2.txt,W/(cm^2 sr cm^-1),W/(cm^2 cm^-1),W/(m^2 sr um),W/(m^2 um),value_si=value_native*1e8/(wavelength_um^2),2783.0,3.5932446999640675,0.8723
mwir_std_trans,D:\HwaSimIR\HwaSim_IR\Bin\Config\Atmosphere\MODTRAN\raw\audit_mwir_standard_20260906\mwir_std_trans\MODOUT2.txt,W/(cm^2 sr cm^-1),W/(cm^2 cm^-1),W/(m^2 sr um),W/(m^2 um),value_si=value_native*1e8/(wavelength_um^2),2784.0,3.5919540229885056,0.9432
mwir_std_trans,D:\HwaSimIR\HwaSim_IR\Bin\Config\Atmosphere\MODTRAN\raw\audit_mwir_standard_20260906\mwir_std_trans\MODOUT2.txt,W/(cm^2 sr cm^-1),W/(cm^2 cm^-1),W/(m^2 sr um),W/(m^2 um),value_si=value_native*1e8/(wavelength_um^2),2785.0,3.5906642728904847,0.9666
mwir_std_trans,D:\HwaSimIR\HwaSim_IR\Bin\Config\Atmosphere\MODTRAN\raw\audit_mwir_standard_20260906\mwir_std_trans\MODOUT2.txt,W/(cm^2 sr cm^-1),W/(cm^2 cm^-1),W/(m^2 sr um),W/(m^2 um),value_si=value_native*1e8/(wavelength_um^2),2786.0,3.589375448671931,0.9209
mwir_std_trans,D:\HwaSimIR\HwaSim_IR\Bin\Config\Atmosphere\MODTRAN\raw\audit_mwir_standard_20260906\mwir_std_trans\MODOUT2.txt,W/(cm^2 sr cm^-1),W/(cm^2 cm^-1),W/(m^2 sr um),W/(m^2 um),value_si=value_native*1e8/(wavelength_um^2),2787.0,3.588087549336204,0.9016
mwir_std_trans,D:\HwaSimIR\HwaSim_IR\Bin\Config\Atmosphere\MODTRAN\raw\audit_mwir_standard_20260906\mwir_std_trans\MODOUT2.txt,W/(cm^2 sr cm^-1),W/(cm^2 cm^-1),W/(m^2 sr um),W/(m^2 um),value_si=value_native*1e8/(wavelength_um^2),2788.0,3.586800573888092,0.9336
mwir_std_trans,D:\HwaSimIR\HwaSim_IR\Bin\Config\Atmosphere\MODTRAN\raw\audit_mwir_standard_20260906\mwir_std_trans\MODOUT2.txt,W/(cm^2 sr cm^-1),W/(cm^2 cm^-1),W/(m^2 sr um),W/(m^2 um),value_si=value_native*1e8/(wavelength_um^2),2789.0,3.5855145213338115,0.905
mwir_std_trans,D:\HwaSimIR\HwaSim_IR\Bin\Config\Atmosphere\MODTRAN\raw\audit_mwir_standard_20260906\mwir_std_trans\MODOUT2.txt,W/(cm^2 sr cm^-1),W/(cm^2 cm^-1),W/(m^2 sr um),W/(m^2 um),value_si=value_native*1e8/(wavelength_um^2),2790.0,3.5842293906810037,0.8971
mwir_std_trans,D:\HwaSimIR\HwaSim_IR\Bin\Config\Atmosphere\MODTRAN\raw\audit_mwir_standard_20260906\mwir_std_trans\MODOUT2.txt,W/(cm^2 sr cm^-1),W/(cm^2 cm^-1),W/(m^2 sr um),W/(m^2 um),value_si=value_native*1e8/(wavelength_um^2),2791.0,3.5829451809387316,0.9649
mwir_std_trans,D:\HwaSimIR\HwaSim_IR\Bin\Config\Atmosphere\MODTRAN\raw\audit_mwir_standard_20260906\mwir_std_trans\MODOUT2.txt,W/(cm^2 sr cm^-1),W/(cm^2 cm^-1),W/(m^2 sr um),W/(m^2 um),value_si=value_native*1e8/(wavelength_um^2),2792.0,3.5816618911174785,0.8369
mwir_std_trans,D:\HwaSimIR\HwaSim_IR\Bin\Config\Atmosphere\MODTRAN\raw\audit_mwir_standard_20260906\mwir_std_trans\MODOUT2.txt,W/(cm^2 sr cm^-1),W/(cm^2 cm^-1),W/(m^2 sr um),W/(m^2 um),value_si=value_native*1e8/(wavelength_um^2),2793.0,3.5803795202291444,0.9708
mwir_std_trans,D:\HwaSimIR\HwaSim_IR\Bin\Config\Atmosphere\MODTRAN\raw\audit_mwir_standard_20260906\mwir_std_trans\MODOUT2.txt,W/(cm^2 sr cm^-1),W/(cm^2 cm^-1),W/(m^2 sr um),W/(m^2 um),value_si=value_native*1e8/(wavelength_um^2),2794.0,3.5790980672870436,0.9716
mwir_std_trans,D:\HwaSimIR\HwaSim_IR\Bin\Config\Atmosphere\MODTRAN\raw\audit_mwir_standard_20260906\mwir_std_trans\MODOUT2.txt,W/(cm^2 sr cm^-1),W/(cm^2 cm^-1),W/(m^2 sr um),W/(m^2 um),value_si=value_native*1e8/(wavelength_um^2),2795.0,3.5778175313059033,0.9578
mwir_std_trans,D:\HwaSimIR\HwaSim_IR\Bin\Config\Atmosphere\MODTRAN\raw\audit_mwir_standard_20260906\mwir_std_trans\MODOUT2.txt,W/(cm^2 sr cm^-1),W/(cm^2 cm^-1),W/(m^2 sr um),W/(m^2 um),value_si=value_native*1e8/(wavelength_um^2),2796.0,3.57653791130186,0.9139
mwir_std_trans,D:\HwaSimIR\HwaSim_IR\Bin\Config\Atmosphere\MODTRAN\raw\audit_mwir_standard_20260906\mwir_std_trans\MODOUT2.txt,W/(cm^2 sr cm^-1),W/(cm^2 cm^-1),W/(m^2 sr um),W/(m^2 um),value_si=value_native*1e8/(wavelength_um^2),2797.0,3.5752592062924564,0.8931
mwir_std_trans,D:\HwaSimIR\HwaSim_IR\Bin\Config\Atmosphere\MODTRAN\raw\audit_mwir_standard_20260906\mwir_std_trans\MODOUT2.txt,W/(cm^2 sr cm^-1),W/(cm^2 cm^-1),W/(m^2 sr um),W/(m^2 um),value_si=value_native*1e8/(wavelength_um^2),2798.0,3.5739814152966405,0.8632
mwir_std_trans,D:\HwaSimIR\HwaSim_IR\Bin\Config\Atmosphere\MODTRAN\raw\audit_mwir_standard_20260906\mwir_std_trans\MODOUT2.txt,W/(cm^2 sr cm^-1),W/(cm^2 cm^-1),W/(m^2 sr um),W/(m^2 um),value_si=value_native*1e8/(wavelength_um^2),2799.0,3.5727045373347623,0.9349
mwir_std_trans,D:\HwaSimIR\HwaSim_IR\Bin\Config\Atmosphere\MODTRAN\raw\audit_mwir_standard_20260906\mwir_std_trans\MODOUT2.txt,W/(cm^2 sr cm^-1),W/(cm^2 cm^-1),W/(m^2 sr um),W/(m^2 um),value_si=value_native*1e8/(wavelength_um^2),2800.0,3.5714285714285716,0.9362
mwir_std_trans,D:\HwaSimIR\HwaSim_IR\Bin\Config\Atmosphere\MODTRAN\raw\audit_mwir_standard_20260906\mwir_std_trans\MODOUT2.txt,W/(cm^2 sr cm^-1),W/(cm^2 cm^-1),W/(m^2 sr um),W/(m^2 um),value_si=value_native*1e8/(wavelength_um^2),2801.0,3.5701535166012137,0.9027
mwir_std_trans,D:\HwaSimIR\HwaSim_IR\Bin\Config\Atmosphere\MODTRAN\raw\audit_mwir_standard_20260906\mwir_std_trans\MODOUT2.txt,W/(cm^2 sr cm^-1),W/(cm^2 cm^-1),W/(m^2 sr um),W/(m^2 um),value_si=value_native*1e8/(wavelength_um^2),2802.0,3.5688793718772307,0.9116
mwir_std_trans,D:\HwaSimIR\HwaSim_IR\Bin\Config\Atmosphere\MODTRAN\raw\audit_mwir_standard_20260906\mwir_std_trans\MODOUT2.txt,W/(cm^2 sr cm^-1),W/(cm^2 cm^-1),W/(m^2 sr um),W/(m^2 um),value_si=value_native*1e8/(wavelength_um^2),2803.0,3.567606136282554,0.8712
mwir_std_trans,D:\HwaSimIR\HwaSim_IR\Bin\Config\Atmosphere\MODTRAN\raw\audit_mwir_standard_20260906\mwir_std_trans\MODOUT2.txt,W/(cm^2 sr cm^-1),W/(cm^2 cm^-1),W/(m^2 sr um),W/(m^2 um),value_si=value_native*1e8/(wavelength_um^2),2804.0,3.566333808844508,0.9332
mwir_std_trans,D:\HwaSimIR\HwaSim_IR\Bin\Config\Atmosphere\MODTRAN\raw\audit_mwir_standard_20260906\mwir_std_trans\MODOUT2.txt,W/(cm^2 sr cm^-1),W/(cm^2 cm^-1),W/(m^2 sr um),W/(m^2 um),value_si=value_native*1e8/(wavelength_um^2),2805.0,3.5650623885918002,0.9304
mwir_std_trans,D:\HwaSimIR\HwaSim_IR\Bin\Config\Atmosphere\MODTRAN\raw\audit_mwir_standard_20260906\mwir_std_trans\MODOUT2.txt,W/(cm^2 sr cm^-1),W/(cm^2 cm^-1),W/(m^2 sr um),W/(m^2 um),value_si=value_native*1e8/(wavelength_um^2),2806.0,3.563791874554526,0.9751
mwir_std_trans,D:\HwaSimIR\HwaSim_IR\Bin\Config\Atmosphere\MODTRAN\raw\audit_mwir_standard_20260906\mwir_std_trans\MODOUT2.txt,W/(cm^2 sr cm^-1),W/(cm^2 cm^-1),W/(m^2 sr um),W/(m^2 um),value_si=value_native*1e8/(wavelength_um^2),2807.0,3.562522265764161,0.9871
mwir_std_trans,D:\HwaSimIR\HwaSim_IR\Bin\Config\Atmosphere\MODTRAN\raw\audit_mwir_standard_20260906\mwir_std_trans\MODOUT2.txt,W/(cm^2 sr cm^-1),W/(cm^2 cm^-1),W/(m^2 sr um),W/(m^2 um),value_si=value_native*1e8/(wavelength_um^2),2808.0,3.561253561253561,0.9869
mwir_std_trans,D:\HwaSimIR\HwaSim_IR\Bin\Config\Atmosphere\MODTRAN\raw\audit_mwir_standard_20260906\mwir_std_trans\MODOUT2.txt,W/(cm^2 sr cm^-1),W/(cm^2 cm^-1),W/(m^2 sr um),W/(m^2 um),value_si=value_native*1e8/(wavelength_um^2),2809.0,3.5599857600569598,0.8902
mwir_std_trans,D:\HwaSimIR\HwaSim_IR\Bin\Config\Atmosphere\MODTRAN\raw\audit_mwir_standard_20260906\mwir_std_trans\MODOUT2.txt,W/(cm^2 sr cm^-1),W/(cm^2 cm^-1),W/(m^2 sr um),W/(m^2 um),value_si=value_native*1e8/(wavelength_um^2),2810.0,3.5587188612099645,0.9756
mwir_std_trans,D:\HwaSimIR\HwaSim_IR\Bin\Config\Atmosphere\MODTRAN\raw\audit_mwir_standard_20260906\mwir_std_trans\MODOUT2.txt,W/(cm^2 sr cm^-1),W/(cm^2 cm^-1),W/(m^2 sr um),W/(m^2 um),value_si=value_native*1e8/(wavelength_um^2),2811.0,3.5574528637495555,0.9384
mwir_std_trans,D:\HwaSimIR\HwaSim_IR\Bin\Config\Atmosphere\MODTRAN\raw\audit_mwir_standard_20260906\mwir_std_trans\MODOUT2.txt,W/(cm^2 sr cm^-1),W/(cm^2 cm^-1),W/(m^2 sr um),W/(m^2 um),value_si=value_native*1e8/(wavelength_um^2),2812.0,3.5561877667140824,0.9709
mwir_std_trans,D:\HwaSimIR\HwaSim_IR\Bin\Config\Atmosphere\MODTRAN\raw\audit_mwir_standard_20260906\mwir_std_trans\MODOUT2.txt,W/(cm^2 sr cm^-1),W/(cm^2 cm^-1),W/(m^2 sr um),W/(m^2 um),value_si=value_native*1e8/(wavelength_um^2),2813.0,3.5549235691432632,0.8786
mwir_std_trans,D:\HwaSimIR\HwaSim_IR\Bin\Config\Atmosphere\MODTRAN\raw\audit_mwir_standard_20260906\mwir_std_trans\MODOUT2.txt,W/(cm^2 sr cm^-1),W/(cm^2 cm^-1),W/(m^2 sr um),W/(m^2 um),value_si=value_native*1e8/(wavelength_um^2),2814.0,3.5536602700781805,0.9025
mwir_std_trans,D:\HwaSimIR\HwaSim_IR\Bin\Config\Atmosphere\MODTRAN\raw\audit_mwir_standard_20260906\mwir_std_trans\MODOUT2.txt,W/(cm^2 sr cm^-1),W/(cm^2 cm^-1),W/(m^2 sr um),W/(m^2 um),value_si=value_native*1e8/(wavelength_um^2),2815.0,3.552397868561279,0.9197
mwir_std_trans,D:\HwaSimIR\HwaSim_IR\Bin\Config\Atmosphere\MODTRAN\raw\audit_mwir_standard_20260906\mwir_std_trans\MODOUT2.txt,W/(cm^2 sr cm^-1),W/(cm^2 cm^-1),W/(m^2 sr um),W/(m^2 um),value_si=value_native*1e8/(wavelength_um^2),2816.0,3.5511363636363638,0.9707
mwir_std_trans,D:\HwaSimIR\HwaSim_IR\Bin\Config\Atmosphere\MODTRAN\raw\audit_mwir_standard_20260906\mwir_std_trans\MODOUT2.txt,W/(cm^2 sr cm^-1),W/(cm^2 cm^-1),W/(m^2 sr um),W/(m^2 um),value_si=value_native*1e8/(wavelength_um^2),2817.0,3.549875754348598,0.9188
mwir_std_trans,D:\HwaSimIR\HwaSim_IR\Bin\Config\Atmosphere\MODTRAN\raw\audit_mwir_standard_20260906\mwir_std_trans\MODOUT2.txt,W/(cm^2 sr cm^-1),W/(cm^2 cm^-1),W/(m^2 sr um),W/(m^2 um),value_si=value_native*1e8/(wavelength_um^2),2818.0,3.5486160397444997,0.9836
mwir_std_trans,D:\HwaSimIR\HwaSim_IR\Bin\Config\Atmosphere\MODTRAN\raw\audit_mwir_standard_20260906\mwir_std_trans\MODOUT2.txt,W/(cm^2 sr cm^-1),W/(cm^2 cm^-1),W/(m^2 sr um),W/(m^2 um),value_si=value_native*1e8/(wavelength_um^2),2819.0,3.5473572188719404,0.8817
mwir_std_trans,D:\HwaSimIR\HwaSim_IR\Bin\Config\Atmosphere\MODTRAN\raw\audit_mwir_standard_20260906\mwir_std_trans\MODOUT2.txt,W/(cm^2 sr cm^-1),W/(cm^2 cm^-1),W/(m^2 sr um),W/(m^2 um),value_si=value_native*1e8/(wavelength_um^2),2820.0,3.5460992907801416,0.9461
mwir_std_trans,D:\HwaSimIR\HwaSim_IR\Bin\Config\Atmosphere\MODTRAN\raw\audit_mwir_standard_20260906\mwir_std_trans\MODOUT2.txt,W/(cm^2 sr cm^-1),W/(cm^2 cm^-1),W/(m^2 sr um),W/(m^2 um),value_si=value_native*1e8/(wavelength_um^2),2821.0,3.544842254519674,0.9288
mwir_std_trans,D:\HwaSimIR\HwaSim_IR\Bin\Config\Atmosphere\MODTRAN\raw\audit_mwir_standard_20260906\mwir_std_trans\MODOUT2.txt,W/(cm^2 sr cm^-1),W/(cm^2 cm^-1),W/(m^2 sr um),W/(m^2 um),value_si=value_native*1e8/(wavelength_um^2),2822.0,3.5435861091424523,0.8874
mwir_std_trans,D:\HwaSimIR\HwaSim_IR\Bin\Config\Atmosphere\MODTRAN\raw\audit_mwir_standard_20260906\mwir_std_trans\MODOUT2.txt,W/(cm^2 sr cm^-1),W/(cm^2 cm^-1),W/(m^2 sr um),W/(m^2 um),value_si=value_native*1e8/(wavelength_um^2),2823.0,3.5423308537017357,0.8971
mwir_std_trans,D:\HwaSimIR\HwaSim_IR\Bin\Config\Atmosphere\MODTRAN\raw\audit_mwir_standard_20260906\mwir_std_trans\MODOUT2.txt,W/(cm^2 sr cm^-1),W/(cm^2 cm^-1),W/(m^2 sr um),W/(m^2 um),value_si=value_native*1e8/(wavelength_um^2),2824.0,3.5410764872521248,0.8757
mwir_std_trans,D:\HwaSimIR\HwaSim_IR\Bin\Config\Atmosphere\MODTRAN\raw\audit_mwir_standard_20260906\mwir_std_trans\MODOUT2.txt,W/(cm^2 sr cm^-1),W/(cm^2 cm^-1),W/(m^2 sr um),W/(m^2 um),value_si=value_native*1e8/(wavelength_um^2),2825.0,3.5398230088495577,0.8736
mwir_std_trans,D:\HwaSimIR\HwaSim_IR\Bin\Config\Atmosphere\MODTRAN\raw\audit_mwir_standard_20260906\mwir_std_trans\MODOUT2.txt,W/(cm^2 sr cm^-1),W/(cm^2 cm^-1),W/(m^2 sr um),W/(m^2 um),value_si=value_native*1e8/(wavelength_um^2),2826.0,3.538570417551309,0.9196
mwir_std_trans,D:\HwaSimIR\HwaSim_IR\Bin\Config\Atmosphere\MODTRAN\raw\audit_mwir_standard_20260906\mwir_std_trans\MODOUT2.txt,W/(cm^2 sr cm^-1),W/(cm^2 cm^-1),W/(m^2 sr um),W/(m^2 um),value_si=value_native*1e8/(wavelength_um^2),2827.0,3.537318712415989,0.9556
mwir_std_trans,D:\HwaSimIR\HwaSim_IR\Bin\Config\Atmosphere\MODTRAN\raw\audit_mwir_standard_20260906\mwir_std_trans\MODOUT2.txt,W/(cm^2 sr cm^-1),W/(cm^2 cm^-1),W/(m^2 sr um),W/(m^2 um),value_si=value_native*1e8/(wavelength_um^2),2828.0,3.536067892503536,0.8232
mwir_std_trans,D:\HwaSimIR\HwaSim_IR\Bin\Config\Atmosphere\MODTRAN\raw\audit_mwir_standard_20260906\mwir_std_trans\MODOUT2.txt,W/(cm^2 sr cm^-1),W/(cm^2 cm^-1),W/(m^2 sr um),W/(m^2 um),value_si=value_native*1e8/(wavelength_um^2),2829.0,3.5348179568752207,0.938
mwir_std_trans,D:\HwaSimIR\HwaSim_IR\Bin\Config\Atmosphere\MODTRAN\raw\audit_mwir_standard_20260906\mwir_std_trans\MODOUT2.txt,W/(cm^2 sr cm^-1),W/(cm^2 cm^-1),W/(m^2 sr um),W/(m^2 um),value_si=value_native*1e8/(wavelength_um^2),2830.0,3.5335689045936394,0.9071
mwir_std_trans,D:\HwaSimIR\HwaSim_IR\Bin\Config\Atmosphere\MODTRAN\raw\audit_mwir_standard_20260906\mwir_std_trans\MODOUT2.txt,W/(cm^2 sr cm^-1),W/(cm^2 cm^-1),W/(m^2 sr um),W/(m^2 um),value_si=value_native*1e8/(wavelength_um^2),2831.0,3.532320734722713,0.9702
mwir_std_trans,D:\HwaSimIR\HwaSim_IR\Bin\Config\Atmosphere\MODTRAN\raw\audit_mwir_standard_20260906\mwir_std_trans\MODOUT2.txt,W/(cm^2 sr cm^-1),W/(cm^2 cm^-1),W/(m^2 sr um),W/(m^2 um),value_si=value_native*1e8/(wavelength_um^2),2832.0,3.531073446327684,0.9312
mwir_std_trans,D:\HwaSimIR\HwaSim_IR\Bin\Config\Atmosphere\MODTRAN\raw\audit_mwir_standard_20260906\mwir_std_trans\MODOUT2.txt,W/(cm^2 sr cm^-1),W/(cm^2 cm^-1),W/(m^2 sr um),W/(m^2 um),value_si=value_native*1e8/(wavelength_um^2),2833.0,3.5298270384751147,0.9857
mwir_std_trans,D:\HwaSimIR\HwaSim_IR\Bin\Config\Atmosphere\MODTRAN\raw\audit_mwir_standard_20260906\mwir_std_trans\MODOUT2.txt,W/(cm^2 sr cm^-1),W/(cm^2 cm^-1),W/(m^2 sr um),W/(m^2 um),value_si=value_native*1e8/(wavelength_um^2),2834.0,3.5285815102328866,0.9501
mwir_std_trans,D:\HwaSimIR\HwaSim_IR\Bin\Config\Atmosphere\MODTRAN\raw\audit_mwir_standard_20260906\mwir_std_trans\MODOUT2.txt,W/(cm^2 sr cm^-1),W/(cm^2 cm^-1),W/(m^2 sr um),W/(m^2 um),value_si=value_native*1e8/(wavelength_um^2),2835.0,3.527336860670194,0.909
mwir_std_trans,D:\HwaSimIR\HwaSim_IR\Bin\Config\Atmosphere\MODTRAN\raw\audit_mwir_standard_20260906\mwir_std_trans\MODOUT2.txt,W/(cm^2 sr cm^-1),W/(cm^2 cm^-1),W/(m^2 sr um),W/(m^2 um),value_si=value_native*1e8/(wavelength_um^2),2836.0,3.5260930888575457,0.9747
mwir_std_trans,D:\HwaSimIR\HwaSim_IR\Bin\Config\Atmosphere\MODTRAN\raw\audit_mwir_standard_20260906\mwir_std_trans\MODOUT2.txt,W/(cm^2 sr cm^-1),W/(cm^2 cm^-1),W/(m^2 sr um),W/(m^2 um),value_si=value_native*1e8/(wavelength_um^2),2837.0,3.5248501938667607,0.9912
mwir_std_trans,D:\HwaSimIR\HwaSim_IR\Bin\Config\Atmosphere\MODTRAN\raw\audit_mwir_standard_20260906\mwir_std_trans\MODOUT2.txt,W/(cm^2 sr cm^-1),W/(cm^2 cm^-1),W/(m^2 sr um),W/(m^2 um),value_si=value_native*1e8/(wavelength_um^2),2838.0,3.5236081747709656,0.9419
mwir_std_trans,D:\HwaSimIR\HwaSim_IR\Bin\Config\Atmosphere\MODTRAN\raw\audit_mwir_standard_20260906\mwir_std_trans\MODOUT2.txt,W/(cm^2 sr cm^-1),W/(cm^2 cm^-1),W/(m^2 sr um),W/(m^2 um),value_si=value_native*1e8/(wavelength_um^2),2839.0,3.522367030644593,0.9916
mwir_std_trans,D:\HwaSimIR\HwaSim_IR\Bin\Config\Atmosphere\MODTRAN\raw\audit_mwir_standard_20260906\mwir_std_trans\MODOUT2.txt,W/(cm^2 sr cm^-1),W/(cm^2 cm^-1),W/(m^2 sr um),W/(m^2 um),value_si=value_native*1e8/(wavelength_um^2),2840.0,3.5211267605633805,0.9661
mwir_std_trans,D:\HwaSimIR\HwaSim_IR\Bin\Config\Atmosphere\MODTRAN\raw\audit_mwir_standard_20260906\mwir_std_trans\MODOUT2.txt,W/(cm^2 sr cm^-1),W/(cm^2 cm^-1),W/(m^2 sr um),W/(m^2 um),value_si=value_native*1e8/(wavelength_um^2),2841.0,3.5198873636043646,0.9705
mwir_std_trans,D:\HwaSimIR\HwaSim_IR\Bin\Config\Atmosphere\MODTRAN\raw\audit_mwir_standard_20260906\mwir_std_trans\MODOUT2.txt,W/(cm^2 sr cm^-1),W/(cm^2 cm^-1),W/(m^2 sr um),W/(m^2 um),value_si=value_native*1e8/(wavelength_um^2),2842.0,3.518648838845883,0.9751
mwir_std_trans,D:\HwaSimIR\HwaSim_IR\Bin\Config\Atmosphere\MODTRAN\raw\audit_mwir_standard_20260906\mwir_std_trans\MODOUT2.txt,W/(cm^2 sr cm^-1),W/(cm^2 cm^-1),W/(m^2 sr um),W/(m^2 um),value_si=value_native*1e8/(wavelength_um^2),2843.0,3.5174111853675694,0.9717
mwir_std_trans,D:\HwaSimIR\HwaSim_IR\Bin\Config\Atmosphere\MODTRAN\raw\audit_mwir_standard_20260906\mwir_std_trans\MODOUT2.txt,W/(cm^2 sr cm^-1),W/(cm^2 cm^-1),W/(m^2 sr um),W/(m^2 um),value_si=value_native*1e8/(wavelength_um^2),2844.0,3.5161744022503516,0.9712
mwir_std_trans,D:\HwaSimIR\HwaSim_IR\Bin\Config\Atmosphere\MODTRAN\raw\audit_mwir_standard_20260906\mwir_std_trans\MODOUT2.txt,W/(cm^2 sr cm^-1),W/(cm^2 cm^-1),W/(m^2 sr um),W/(m^2 um),value_si=value_native*1e8/(wavelength_um^2),2845.0,3.51493848857645,0.9528
mwir_std_trans,D:\HwaSimIR\HwaSim_IR\Bin\Config\Atmosphere\MODTRAN\raw\audit_mwir_standard_20260906\mwir_std_trans\MODOUT2.txt,W/(cm^2 sr cm^-1),W/(cm^2 cm^-1),W/(m^2 sr um),W/(m^2 um),value_si=value_native*1e8/(wavelength_um^2),2846.0,3.5137034434293746,0.9716
mwir_std_trans,D:\HwaSimIR\HwaSim_IR\Bin\Config\Atmosphere\MODTRAN\raw\audit_mwir_standard_20260906\mwir_std_trans\MODOUT2.txt,W/(cm^2 sr cm^-1),W/(cm^2 cm^-1),W/(m^2 sr um),W/(m^2 um),value_si=value_native*1e8/(wavelength_um^2),2847.0,3.5124692658939236,0.9853
mwir_std_trans,D:\HwaSimIR\HwaSim_IR\Bin\Config\Atmosphere\MODTRAN\raw\audit_mwir_standard_20260906\mwir_std_trans\MODOUT2.txt,W/(cm^2 sr cm^-1),W/(cm^2 cm^-1),W/(m^2 sr um),W/(m^2 um),value_si=value_native*1e8/(wavelength_um^2),2848.0,3.5112359550561796,0.9275
mwir_std_trans,D:\HwaSimIR\HwaSim_IR\Bin\Config\Atmosphere\MODTRAN\raw\audit_mwir_standard_20260906\mwir_std_trans\MODOUT2.txt,W/(cm^2 sr cm^-1),W/(cm^2 cm^-1),W/(m^2 sr um),W/(m^2 um),value_si=value_native*1e8/(wavelength_um^2),2849.0,3.51000351000351,0.9628
mwir_std_trans,D:\HwaSimIR\HwaSim_IR\Bin\Config\Atmosphere\MODTRAN\raw\audit_mwir_standard_20260906\mwir_std_trans\MODOUT2.txt,W/(cm^2 sr cm^-1),W/(cm^2 cm^-1),W/(m^2 sr um),W/(m^2 um),value_si=value_native*1e8/(wavelength_um^2),2850.0,3.508771929824561,0.9884
mwir_std_trans,D:\HwaSimIR\HwaSim_IR\Bin\Config\Atmosphere\MODTRAN\raw\audit_mwir_standard_20260906\mwir_std_trans\MODOUT2.txt,W/(cm^2 sr cm^-1),W/(cm^2 cm^-1),W/(m^2 sr um),W/(m^2 um),value_si=value_native*1e8/(wavelength_um^2),2851.0,3.50754121360926,0.97
mwir_std_trans,D:\HwaSimIR\HwaSim_IR\Bin\Config\Atmosphere\MODTRAN\raw\audit_mwir_standard_20260906\mwir_std_trans\MODOUT2.txt,W/(cm^2 sr cm^-1),W/(cm^2 cm^-1),W/(m^2 sr um),W/(m^2 um),value_si=value_native*1e8/(wavelength_um^2),2852.0,3.506311360448808,0.9804
mwir_std_trans,D:\HwaSimIR\HwaSim_IR\Bin\Config\Atmosphere\MODTRAN\raw\audit_mwir_standard_20260906\mwir_std_trans\MODOUT2.txt,W/(cm^2 sr cm^-1),W/(cm^2 cm^-1),W/(m^2 sr um),W/(m^2 um),value_si=value_native*1e8/(wavelength_um^2),2853.0,3.505082369435682,0.9836
mwir_std_trans,D:\HwaSimIR\HwaSim_IR\Bin\Config\Atmosphere\MODTRAN\raw\audit_mwir_standard_20260906\mwir_std_trans\MODOUT2.txt,W/(cm^2 sr cm^-1),W/(cm^2 cm^-1),W/(m^2 sr um),W/(m^2 um),value_si=value_native*1e8/(wavelength_um^2),2854.0,3.50385423966363,0.904
mwir_std_trans,D:\HwaSimIR\HwaSim_IR\Bin\Config\Atmosphere\MODTRAN\raw\audit_mwir_standard_20260906\mwir_std_trans\MODOUT2.txt,W/(cm^2 sr cm^-1),W/(cm^2 cm^-1),W/(m^2 sr um),W/(m^2 um),value_si=value_native*1e8/(wavelength_um^2),2855.0,3.502626970227671,0.9422
mwir_std_trans,D:\HwaSimIR\HwaSim_IR\Bin\Config\Atmosphere\MODTRAN\raw\audit_mwir_standard_20260906\mwir_std_trans\MODOUT2.txt,W/(cm^2 sr cm^-1),W/(cm^2 cm^-1),W/(m^2 sr um),W/(m^2 um),value_si=value_native*1e8/(wavelength_um^2),2856.0,3.5014005602240896,0.9778
mwir_std_trans,D:\HwaSimIR\HwaSim_IR\Bin\Config\Atmosphere\MODTRAN\raw\audit_mwir_standard_20260906\mwir_std_trans\MODOUT2.txt,W/(cm^2 sr cm^-1),W/(cm^2 cm^-1),W/(m^2 sr um),W/(m^2 um),value_si=value_native*1e8/(wavelength_um^2),2857.0,3.5001750087504373,0.9497
mwir_std_trans,D:\HwaSimIR\HwaSim_IR\Bin\Config\Atmosphere\MODTRAN\raw\audit_mwir_standard_20260906\mwir_std_trans\MODOUT2.txt,W/(cm^2 sr cm^-1),W/(cm^2 cm^-1),W/(m^2 sr um),W/(m^2 um),value_si=value_native*1e8/(wavelength_um^2),2858.0,3.4989503149055285,0.9488
mwir_std_trans,D:\HwaSimIR\HwaSim_IR\Bin\Config\Atmosphere\MODTRAN\raw\audit_mwir_standard_20260906\mwir_std_trans\MODOUT2.txt,W/(cm^2 sr cm^-1),W/(cm^2 cm^-1),W/(m^2 sr um),W/(m^2 um),value_si=value_native*1e8/(wavelength_um^2),2859.0,3.497726477789437,0.9761
mwir_std_trans,D:\HwaSimIR\HwaSim_IR\Bin\Config\Atmosphere\MODTRAN\raw\audit_mwir_standard_20260906\mwir_std_trans\MODOUT2.txt,W/(cm^2 sr cm^-1),W/(cm^2 cm^-1),W/(m^2 sr um),W/(m^2 um),value_si=value_native*1e8/(wavelength_um^2),2860.0,3.4965034965034967,0.9831
mwir_std_trans,D:\HwaSimIR\HwaSim_IR\Bin\Config\Atmosphere\MODTRAN\raw\audit_mwir_standard_20260906\mwir_std_trans\MODOUT2.txt,W/(cm^2 sr cm^-1),W/(cm^2 cm^-1),W/(m^2 sr um),W/(m^2 um),value_si=value_native*1e8/(wavelength_um^2),2861.0,3.495281370150297,0.9822
mwir_std_trans,D:\HwaSimIR\HwaSim_IR\Bin\Config\Atmosphere\MODTRAN\raw\audit_mwir_standard_20260906\mwir_std_trans\MODOUT2.txt,W/(cm^2 sr cm^-1),W/(cm^2 cm^-1),W/(m^2 sr um),W/(m^2 um),value_si=value_native*1e8/(wavelength_um^2),2862.0,3.4940600978336827,0.9387
mwir_std_trans,D:\HwaSimIR\HwaSim_IR\Bin\Config\Atmosphere\MODTRAN\raw\audit_mwir_standard_20260906\mwir_std_trans\MODOUT2.txt,W/(cm^2 sr cm^-1),W/(cm^2 cm^-1),W/(m^2 sr um),W/(m^2 um),value_si=value_native*1e8/(wavelength_um^2),2863.0,3.4928396786587497,0.9336
mwir_std_trans,D:\HwaSimIR\HwaSim_IR\Bin\Config\Atmosphere\MODTRAN\raw\audit_mwir_standard_20260906\mwir_std_trans\MODOUT2.txt,W/(cm^2 sr cm^-1),W/(cm^2 cm^-1),W/(m^2 sr um),W/(m^2 um),value_si=value_native*1e8/(wavelength_um^2),2864.0,3.4916201117318435,0.9386
mwir_std_trans,D:\HwaSimIR\HwaSim_IR\Bin\Config\Atmosphere\MODTRAN\raw\audit_mwir_standard_20260906\mwir_std_trans\MODOUT2.txt,W/(cm^2 sr cm^-1),W/(cm^2 cm^-1),W/(m^2 sr um),W/(m^2 um),value_si=value_native*1e8/(wavelength_um^2),2865.0,3.4904013961605584,0.9108
mwir_std_trans,D:\HwaSimIR\HwaSim_IR\Bin\Config\Atmosphere\MODTRAN\raw\audit_mwir_standard_20260906\mwir_std_trans\MODOUT2.txt,W/(cm^2 sr cm^-1),W/(cm^2 cm^-1),W/(m^2 sr um),W/(m^2 um),value_si=value_native*1e8/(wavelength_um^2),2866.0,3.4891835310537336,0.8967
mwir_std_trans,D:\HwaSimIR\HwaSim_IR\Bin\Config\Atmosphere\MODTRAN\raw\audit_mwir_standard_20260906\mwir_std_trans\MODOUT2.txt,W/(cm^2 sr cm^-1),W/(cm^2 cm^-1),W/(m^2 sr um),W/(m^2 um),value_si=value_native*1e8/(wavelength_um^2),2867.0,3.487966515521451,0.9221
mwir_std_trans,D:\HwaSimIR\HwaSim_IR\Bin\Config\Atmosphere\MODTRAN\raw\audit_mwir_standard_20260906\mwir_std_trans\MODOUT2.txt,W/(cm^2 sr cm^-1),W/(cm^2 cm^-1),W/(m^2 sr um),W/(m^2 um),value_si=value_native*1e8/(wavelength_um^2),2868.0,3.486750348675035,0.9585
mwir_std_trans,D:\HwaSimIR\HwaSim_IR\Bin\Config\Atmosphere\MODTRAN\raw\audit_mwir_standard_20260906\mwir_std_trans\MODOUT2.txt,W/(cm^2 sr cm^-1),W/(cm^2 cm^-1),W/(m^2 sr um),W/(m^2 um),value_si=value_native*1e8/(wavelength_um^2),2869.0,3.4855350296270475,0.9458
mwir_std_trans,D:\HwaSimIR\HwaSim_IR\Bin\Config\Atmosphere\MODTRAN\raw\audit_mwir_standard_20260906\mwir_std_trans\MODOUT2.txt,W/(cm^2 sr cm^-1),W/(cm^2 cm^-1),W/(m^2 sr um),W/(m^2 um),value_si=value_native*1e8/(wavelength_um^2),2870.0,3.484320557491289,0.9868
mwir_std_trans,D:\HwaSimIR\HwaSim_IR\Bin\Config\Atmosphere\MODTRAN\raw\audit_mwir_standard_20260906\mwir_std_trans\MODOUT2.txt,W/(cm^2 sr cm^-1),W/(cm^2 cm^-1),W/(m^2 sr um),W/(m^2 um),value_si=value_native*1e8/(wavelength_um^2),2871.0,3.4831069313827934,0.9468
mwir_std_trans,D:\HwaSimIR\HwaSim_IR\Bin\Config\Atmosphere\MODTRAN\raw\audit_mwir_standard_20260906\mwir_std_trans\MODOUT2.txt,W/(cm^2 sr cm^-1),W/(cm^2 cm^-1),W/(m^2 sr um),W/(m^2 um),value_si=value_native*1e8/(wavelength_um^2),2872.0,3.481894150417827,0.9663
mwir_std_trans,D:\HwaSimIR\HwaSim_IR\Bin\Config\Atmosphere\MODTRAN\raw\audit_mwir_standard_20260906\mwir_std_trans\MODOUT2.txt,W/(cm^2 sr cm^-1),W/(cm^2 cm^-1),W/(m^2 sr um),W/(m^2 um),value_si=value_native*1e8/(wavelength_um^2),2873.0,3.4806822137138878,0.9615
mwir_std_trans,D:\HwaSimIR\HwaSim_IR\Bin\Config\Atmosphere\MODTRAN\raw\audit_mwir_standard_20260906\mwir_std_trans\MODOUT2.txt,W/(cm^2 sr cm^-1),W/(cm^2 cm^-1),W/(m^2 sr um),W/(m^2 um),value_si=value_native*1e8/(wavelength_um^2),2874.0,3.4794711203897006,0.9277
mwir_std_trans,D:\HwaSimIR\HwaSim_IR\Bin\Config\Atmosphere\MODTRAN\raw\audit_mwir_standard_20260906\mwir_std_trans\MODOUT2.txt,W/(cm^2 sr cm^-1),W/(cm^2 cm^-1),W/(m^2 sr um),W/(m^2 um),value_si=value_native*1e8/(wavelength_um^2),2875.0,3.4782608695652173,0.8505
mwir_std_trans,D:\HwaSimIR\HwaSim_IR\Bin\Config\Atmosphere\MODTRAN\raw\audit_mwir_standard_20260906\mwir_std_trans\MODOUT2.txt,W/(cm^2 sr cm^-1),W/(cm^2 cm^-1),W/(m^2 sr um),W/(m^2 um),value_si=value_native*1e8/(wavelength_um^2),2876.0,3.477051460361613,0.8938
mwir_std_trans,D:\HwaSimIR\HwaSim_IR\Bin\Config\Atmosphere\MODTRAN\raw\audit_mwir_standard_20260906\mwir_std_trans\MODOUT2.txt,W/(cm^2 sr cm^-1),W/(cm^2 cm^-1),W/(m^2 sr um),W/(m^2 um),value_si=value_native*1e8/(wavelength_um^2),2877.0,3.4758428919012863,0.9375
mwir_std_trans,D:\HwaSimIR\HwaSim_IR\Bin\Config\Atmosphere\MODTRAN\raw\audit_mwir_standard_20260906\mwir_std_trans\MODOUT2.txt,W/(cm^2 sr cm^-1),W/(cm^2 cm^-1),W/(m^2 sr um),W/(m^2 um),value_si=value_native*1e8/(wavelength_um^2),2878.0,3.4746351633078527,0.9164
mwir_std_trans,D:\HwaSimIR\HwaSim_IR\Bin\Config\Atmosphere\MODTRAN\raw\audit_mwir_standard_20260906\mwir_std_trans\MODOUT2.txt,W/(cm^2 sr cm^-1),W/(cm^2 cm^-1),W/(m^2 sr um),W/(m^2 um),value_si=value_native*1e8/(wavelength_um^2),2879.0,3.473428273706148,0.9504
mwir_std_trans,D:\HwaSimIR\HwaSim_IR\Bin\Config\Atmosphere\MODTRAN\raw\audit_mwir_standard_20260906\mwir_std_trans\MODOUT2.txt,W/(cm^2 sr cm^-1),W/(cm^2 cm^-1),W/(m^2 sr um),W/(m^2 um),value_si=value_native*1e8/(wavelength_um^2),2880.0,3.4722222222222223,0.9221
mwir_std_trans,D:\HwaSimIR\HwaSim_IR\Bin\Config\Atmosphere\MODTRAN\raw\audit_mwir_standard_20260906\mwir_std_trans\MODOUT2.txt,W/(cm^2 sr cm^-1),W/(cm^2 cm^-1),W/(m^2 sr um),W/(m^2 um),value_si=value_native*1e8/(wavelength_um^2),2881.0,3.471017007983339,0.9803
mwir_std_trans,D:\HwaSimIR\HwaSim_IR\Bin\Config\Atmosphere\MODTRAN\raw\audit_mwir_standard_20260906\mwir_std_trans\MODOUT2.txt,W/(cm^2 sr cm^-1),W/(cm^2 cm^-1),W/(m^2 sr um),W/(m^2 um),value_si=value_native*1e8/(wavelength_um^2),2882.0,3.4698126301179735,0.9913
mwir_std_trans,D:\HwaSimIR\HwaSim_IR\Bin\Config\Atmosphere\MODTRAN\raw\audit_mwir_standard_20260906\mwir_std_trans\MODOUT2.txt,W/(cm^2 sr cm^-1),W/(cm^2 cm^-1),W/(m^2 sr um),W/(m^2 um),value_si=value_native*1e8/(wavelength_um^2),2883.0,3.46860908775581,0.9446
mwir_std_trans,D:\HwaSimIR\HwaSim_IR\Bin\Config\Atmosphere\MODTRAN\raw\audit_mwir_standard_20260906\mwir_std_trans\MODOUT2.txt,W/(cm^2 sr cm^-1),W/(cm^2 cm^-1),W/(m^2 sr um),W/(m^2 um),value_si=value_native*1e8/(wavelength_um^2),2884.0,3.467406380027739,0.9187
mwir_std_trans,D:\HwaSimIR\HwaSim_IR\Bin\Config\Atmosphere\MODTRAN\raw\audit_mwir_standard_20260906\mwir_std_trans\MODOUT2.txt,W/(cm^2 sr cm^-1),W/(cm^2 cm^-1),W/(m^2 sr um),W/(m^2 um),value_si=value_native*1e8/(wavelength_um^2),2885.0,3.466204506065858,0.7702
mwir_std_trans,D:\HwaSimIR\HwaSim_IR\Bin\Config\Atmosphere\MODTRAN\raw\audit_mwir_standard_20260906\mwir_std_trans\MODOUT2.txt,W/(cm^2 sr cm^-1),W/(cm^2 cm^-1),W/(m^2 sr um),W/(m^2 um),value_si=value_native*1e8/(wavelength_um^2),2886.0,3.465003465003465,0.8434
mwir_std_trans,D:\HwaSimIR\HwaSim_IR\Bin\Config\Atmosphere\MODTRAN\raw\audit_mwir_standard_20260906\mwir_std_trans\MODOUT2.txt,W/(cm^2 sr cm^-1),W/(cm^2 cm^-1),W/(m^2 sr um),W/(m^2 um),value_si=value_native*1e8/(wavelength_um^2),2887.0,3.4638032559750607,0.9043
mwir_std_trans,D:\HwaSimIR\HwaSim_IR\Bin\Config\Atmosphere\MODTRAN\raw\audit_mwir_standard_20260906\mwir_std_trans\MODOUT2.txt,W/(cm^2 sr cm^-1),W/(cm^2 cm^-1),W/(m^2 sr um),W/(m^2 um),value_si=value_native*1e8/(wavelength_um^2),2888.0,3.4626038781163433,0.9845
mwir_std_trans,D:\HwaSimIR\HwaSim_IR\Bin\Config\Atmosphere\MODTRAN\raw\audit_mwir_standard_20260906\mwir_std_trans\MODOUT2.txt,W/(cm^2 sr cm^-1),W/(cm^2 cm^-1),W/(m^2 sr um),W/(m^2 um),value_si=value_native*1e8/(wavelength_um^2),2889.0,3.461405330564209,0.9512
mwir_std_trans,D:\HwaSimIR\HwaSim_IR\Bin\Config\Atmosphere\MODTRAN\raw\audit_mwir_standard_20260906\mwir_std_trans\MODOUT2.txt,W/(cm^2 sr cm^-1),W/(cm^2 cm^-1),W/(m^2 sr um),W/(m^2 um),value_si=value_native*1e8/(wavelength_um^2),2890.0,3.4602076124567476,0.9599
mwir_std_trans,D:\HwaSimIR\HwaSim_IR\Bin\Config\Atmosphere\MODTRAN\raw\audit_mwir_standard_20260906\mwir_std_trans\MODOUT2.txt,W/(cm^2 sr cm^-1),W/(cm^2 cm^-1),W/(m^2 sr um),W/(m^2 um),value_si=value_native*1e8/(wavelength_um^2),2891.0,3.459010722933241,0.9816
mwir_std_trans,D:\HwaSimIR\HwaSim_IR\Bin\Config\Atmosphere\MODTRAN\raw\audit_mwir_standard_20260906\mwir_std_trans\MODOUT2.txt,W/(cm^2 sr cm^-1),W/(cm^2 cm^-1),W/(m^2 sr um),W/(m^2 um),value_si=value_native*1e8/(wavelength_um^2),2892.0,3.4578146611341634,0.9886
mwir_std_trans,D:\HwaSimIR\HwaSim_IR\Bin\Config\Atmosphere\MODTRAN\raw\audit_mwir_standard_20260906\mwir_std_trans\MODOUT2.txt,W/(cm^2 sr cm^-1),W/(cm^2 cm^-1),W/(m^2 sr um),W/(m^2 um),value_si=value_native*1e8/(wavelength_um^2),2893.0,3.456619426201175,0.9695
mwir_std_trans,D:\HwaSimIR\HwaSim_IR\Bin\Config\Atmosphere\MODTRAN\raw\audit_mwir_standard_20260906\mwir_std_trans\MODOUT2.txt,W/(cm^2 sr cm^-1),W/(cm^2 cm^-1),W/(m^2 sr um),W/(m^2 um),value_si=value_native*1e8/(wavelength_um^2),2894.0,3.455425017277125,0.7965
mwir_std_trans,D:\HwaSimIR\HwaSim_IR\Bin\Config\Atmosphere\MODTRAN\raw\audit_mwir_standard_20260906\mwir_std_trans\MODOUT2.txt,W/(cm^2 sr cm^-1),W/(cm^2 cm^-1),W/(m^2 sr um),W/(m^2 um),value_si=value_native*1e8/(wavelength_um^2),2895.0,3.454231433506045,0.7451
mwir_std_trans,D:\HwaSimIR\HwaSim_IR\Bin\Config\Atmosphere\MODTRAN\raw\audit_mwir_standard_20260906\mwir_std_trans\MODOUT2.txt,W/(cm^2 sr cm^-1),W/(cm^2 cm^-1),W/(m^2 sr um),W/(m^2 um),value_si=value_native*1e8/(wavelength_um^2),2896.0,3.453038674033149,0.7667
mwir_std_trans,D:\HwaSimIR\HwaSim_IR\Bin\Config\Atmosphere\MODTRAN\raw\audit_mwir_standard_20260906\mwir_std_trans\MODOUT2.txt,W/(cm^2 sr cm^-1),W/(cm^2 cm^-1),W/(m^2 sr um),W/(m^2 um),value_si=value_native*1e8/(wavelength_um^2),2897.0,3.4518467380048325,0.8053
mwir_std_trans,D:\HwaSimIR\HwaSim_IR\Bin\Config\Atmosphere\MODTRAN\raw\audit_mwir_standard_20260906\mwir_std_trans\MODOUT2.txt,W/(cm^2 sr cm^-1),W/(cm^2 cm^-1),W/(m^2 sr um),W/(m^2 um),value_si=value_native*1e8/(wavelength_um^2),2898.0,3.450655624568668,0.9769
mwir_std_trans,D:\HwaSimIR\HwaSim_IR\Bin\Config\Atmosphere\MODTRAN\raw\audit_mwir_standard_20260906\mwir_std_trans\MODOUT2.txt,W/(cm^2 sr cm^-1),W/(cm^2 cm^-1),W/(m^2 sr um),W/(m^2 um),value_si=value_native*1e8/(wavelength_um^2),2899.0,3.449465332873405,0.9399
mwir_std_trans,D:\HwaSimIR\HwaSim_IR\Bin\Config\Atmosphere\MODTRAN\raw\audit_mwir_standard_20260906\mwir_std_trans\MODOUT2.txt,W/(cm^2 sr cm^-1),W/(cm^2 cm^-1),W/(m^2 sr um),W/(m^2 um),value_si=value_native*1e8/(wavelength_um^2),2900.0,3.4482758620689653,0.901
mwir_std_trans,D:\HwaSimIR\HwaSim_IR\Bin\Config\Atmosphere\MODTRAN\raw\audit_mwir_standard_20260906\mwir_std_trans\MODOUT2.txt,W/(cm^2 sr cm^-1),W/(cm^2 cm^-1),W/(m^2 sr um),W/(m^2 um),value_si=value_native*1e8/(wavelength_um^2),2901.0,3.447087211306446,0.9813
mwir_std_trans,D:\HwaSimIR\HwaSim_IR\Bin\Config\Atmosphere\MODTRAN\raw\audit_mwir_standard_20260906\mwir_std_trans\MODOUT2.txt,W/(cm^2 sr cm^-1),W/(cm^2 cm^-1),W/(m^2 sr um),W/(m^2 um),value_si=value_native*1e8/(wavelength_um^2),2902.0,3.4458993797381114,0.8632
mwir_std_trans,D:\HwaSimIR\HwaSim_IR\Bin\Config\Atmosphere\MODTRAN\raw\audit_mwir_standard_20260906\mwir_std_trans\MODOUT2.txt,W/(cm^2 sr cm^-1),W/(cm^2 cm^-1),W/(m^2 sr um),W/(m^2 um),value_si=value_native*1e8/(wavelength_um^2),2903.0,3.444712366517396,0.979
mwir_std_trans,D:\HwaSimIR\HwaSim_IR\Bin\Config\Atmosphere\MODTRAN\raw\audit_mwir_standard_20260906\mwir_std_trans\MODOUT2.txt,W/(cm^2 sr cm^-1),W/(cm^2 cm^-1),W/(m^2 sr um),W/(m^2 um),value_si=value_native*1e8/(wavelength_um^2),2904.0,3.443526170798898,0.951
mwir_std_trans,D:\HwaSimIR\HwaSim_IR\Bin\Config\Atmosphere\MODTRAN\raw\audit_mwir_standard_20260906\mwir_std_trans\MODOUT2.txt,W/(cm^2 sr cm^-1),W/(cm^2 cm^-1),W/(m^2 sr um),W/(m^2 um),value_si=value_native*1e8/(wavelength_um^2),2905.0,3.442340791738382,0.9604
mwir_std_trans,D:\HwaSimIR\HwaSim_IR\Bin\Config\Atmosphere\MODTRAN\raw\audit_mwir_standard_20260906\mwir_std_trans\MODOUT2.txt,W/(cm^2 sr cm^-1),W/(cm^2 cm^-1),W/(m^2 sr um),W/(m^2 um),value_si=value_native*1e8/(wavelength_um^2),2906.0,3.4411562284927735,0.6256
mwir_std_trans,D:\HwaSimIR\HwaSim_IR\Bin\Config\Atmosphere\MODTRAN\raw\audit_mwir_standard_20260906\mwir_std_trans\MODOUT2.txt,W/(cm^2 sr cm^-1),W/(cm^2 cm^-1),W/(m^2 sr um),W/(m^2 um),value_si=value_native*1e8/(wavelength_um^2),2907.0,3.4399724802201583,0.5664
mwir_std_trans,D:\HwaSimIR\HwaSim_IR\Bin\Config\Atmosphere\MODTRAN\raw\audit_mwir_standard_20260906\mwir_std_trans\MODOUT2.txt,W/(cm^2 sr cm^-1),W/(cm^2 cm^-1),W/(m^2 sr um),W/(m^2 um),value_si=value_native*1e8/(wavelength_um^2),2908.0,3.43878954607978,0.9437
mwir_std_trans,D:\HwaSimIR\HwaSim_IR\Bin\Config\Atmosphere\MODTRAN\raw\audit_mwir_standard_20260906\mwir_std_trans\MODOUT2.txt,W/(cm^2 sr cm^-1),W/(cm^2 cm^-1),W/(m^2 sr um),W/(m^2 um),value_si=value_native*1e8/(wavelength_um^2),2909.0,3.4376074252320383,0.9587
mwir_std_trans,D:\HwaSimIR\HwaSim_IR\Bin\Config\Atmosphere\MODTRAN\raw\audit_mwir_standard_20260906\mwir_std_trans\MODOUT2.txt,W/(cm^2 sr cm^-1),W/(cm^2 cm^-1),W/(m^2 sr um),W/(m^2 um),value_si=value_native*1e8/(wavelength_um^2),2910.0,3.4364261168384878,0.9602
mwir_std_trans,D:\HwaSimIR\HwaSim_IR\Bin\Config\Atmosphere\MODTRAN\raw\audit_mwir_standard_20260906\mwir_std_trans\MODOUT2.txt,W/(cm^2 sr cm^-1),W/(cm^2 cm^-1),W/(m^2 sr um),W/(m^2 um),value_si=value_native*1e8/(wavelength_um^2),2911.0,3.4352456200618344,0.9302
mwir_std_trans,D:\HwaSimIR\HwaSim_IR\Bin\Config\Atmosphere\MODTRAN\raw\audit_mwir_standard_20260906\mwir_std_trans\MODOUT2.txt,W/(cm^2 sr cm^-1),W/(cm^2 cm^-1),W/(m^2 sr um),W/(m^2 um),value_si=value_native*1e8/(wavelength_um^2),2912.0,3.434065934065934,0.9194
mwir_std_trans,D:\HwaSimIR\HwaSim_IR\Bin\Config\Atmosphere\MODTRAN\raw\audit_mwir_standard_20260906\mwir_std_trans\MODOUT2.txt,W/(cm^2 sr cm^-1),W/(cm^2 cm^-1),W/(m^2 sr um),W/(m^2 um),value_si=value_native*1e8/(wavelength_um^2),2913.0,3.4328870580157913,0.9885
mwir_std_trans,D:\HwaSimIR\HwaSim_IR\Bin\Config\Atmosphere\MODTRAN\raw\audit_mwir_standard_20260906\mwir_std_trans\MODOUT2.txt,W/(cm^2 sr cm^-1),W/(cm^2 cm^-1),W/(m^2 sr um),W/(m^2 um),value_si=value_native*1e8/(wavelength_um^2),2914.0,3.4317089910775564,0.9697
mwir_std_trans,D:\HwaSimIR\HwaSim_IR\Bin\Config\Atmosphere\MODTRAN\raw\audit_mwir_standard_20260906\mwir_std_trans\MODOUT2.txt,W/(cm^2 sr cm^-1),W/(cm^2 cm^-1),W/(m^2 sr um),W/(m^2 um),value_si=value_native*1e8/(wavelength_um^2),2915.0,3.4305317324185247,0.9731
mwir_std_trans,D:\HwaSimIR\HwaSim_IR\Bin\Config\Atmosphere\MODTRAN\raw\audit_mwir_standard_20260906\mwir_std_trans\MODOUT2.txt,W/(cm^2 sr cm^-1),W/(cm^2 cm^-1),W/(m^2 sr um),W/(m^2 um),value_si=value_native*1e8/(wavelength_um^2),2916.0,3.429355281207133,0.6976
mwir_std_trans,D:\HwaSimIR\HwaSim_IR\Bin\Config\Atmosphere\MODTRAN\raw\audit_mwir_standard_20260906\mwir_std_trans\MODOUT2.txt,W/(cm^2 sr cm^-1),W/(cm^2 cm^-1),W/(m^2 sr um),W/(m^2 um),value_si=value_native*1e8/(wavelength_um^2),2917.0,3.4281796366129584,0.4913
mwir_std_trans,D:\HwaSimIR\HwaSim_IR\Bin\Config\Atmosphere\MODTRAN\raw\audit_mwir_standard_20260906\mwir_std_trans\MODOUT2.txt,W/(cm^2 sr cm^-1),W/(cm^2 cm^-1),W/(m^2 sr um),W/(m^2 um),value_si=value_native*1e8/(wavelength_um^2),2918.0,3.427004797806717,0.7254
mwir_std_trans,D:\HwaSimIR\HwaSim_IR\Bin\Config\Atmosphere\MODTRAN\raw\audit_mwir_standard_20260906\mwir_std_trans\MODOUT2.txt,W/(cm^2 sr cm^-1),W/(cm^2 cm^-1),W/(m^2 sr um),W/(m^2 um),value_si=value_native*1e8/(wavelength_um^2),2919.0,3.4258307639602603,0.8298
mwir_std_trans,D:\HwaSimIR\HwaSim_IR\Bin\Config\Atmosphere\MODTRAN\raw\audit_mwir_standard_20260906\mwir_std_trans\MODOUT2.txt,W/(cm^2 sr cm^-1),W/(cm^2 cm^-1),W/(m^2 sr um),W/(m^2 um),value_si=value_native*1e8/(wavelength_um^2),2920.0,3.4246575342465753,0.964
mwir_std_trans,D:\HwaSimIR\HwaSim_IR\Bin\Config\Atmosphere\MODTRAN\raw\audit_mwir_standard_20260906\mwir_std_trans\MODOUT2.txt,W/(cm^2 sr cm^-1),W/(cm^2 cm^-1),W/(m^2 sr um),W/(m^2 um),value_si=value_native*1e8/(wavelength_um^2),2921.0,3.423485107839781,0.946
mwir_std_trans,D:\HwaSimIR\HwaSim_IR\Bin\Config\Atmosphere\MODTRAN\raw\audit_mwir_standard_20260906\mwir_std_trans\MODOUT2.txt,W/(cm^2 sr cm^-1),W/(cm^2 cm^-1),W/(m^2 sr um),W/(m^2 um),value_si=value_native*1e8/(wavelength_um^2),2922.0,3.4223134839151266,0.9731
mwir_std_trans,D:\HwaSimIR\HwaSim_IR\Bin\Config\Atmosphere\MODTRAN\raw\audit_mwir_standard_20260906\mwir_std_trans\MODOUT2.txt,W/(cm^2 sr cm^-1),W/(cm^2 cm^-1),W/(m^2 sr um),W/(m^2 um),value_si=value_native*1e8/(wavelength_um^2),2923.0,3.421142661648991,0.975
mwir_std_trans,D:\HwaSimIR\HwaSim_IR\Bin\Config\Atmosphere\MODTRAN\raw\audit_mwir_standard_20260906\mwir_std_trans\MODOUT2.txt,W/(cm^2 sr cm^-1),W/(cm^2 cm^-1),W/(m^2 sr um),W/(m^2 um),value_si=value_native*1e8/(wavelength_um^2),2924.0,3.4199726402188784,0.9739
mwir_std_trans,D:\HwaSimIR\HwaSim_IR\Bin\Config\Atmosphere\MODTRAN\raw\audit_mwir_standard_20260906\mwir_std_trans\MODOUT2.txt,W/(cm^2 sr cm^-1),W/(cm^2 cm^-1),W/(m^2 sr um),W/(m^2 um),value_si=value_native*1e8/(wavelength_um^2),2925.0,3.4188034188034186,0.9721
mwir_std_trans,D:\HwaSimIR\HwaSim_IR\Bin\Config\Atmosphere\MODTRAN\raw\audit_mwir_standard_20260906\mwir_std_trans\MODOUT2.txt,W/(cm^2 sr cm^-1),W/(cm^2 cm^-1),W/(m^2 sr um),W/(m^2 um),value_si=value_native*1e8/(wavelength_um^2),2926.0,3.417634996582365,0.9267
mwir_std_trans,D:\HwaSimIR\HwaSim_IR\Bin\Config\Atmosphere\MODTRAN\raw\audit_mwir_standard_20260906\mwir_std_trans\MODOUT2.txt,W/(cm^2 sr cm^-1),W/(cm^2 cm^-1),W/(m^2 sr um),W/(m^2 um),value_si=value_native*1e8/(wavelength_um^2),2927.0,3.4164673727365904,0.2044
mwir_std_trans,D:\HwaSimIR\HwaSim_IR\Bin\Config\Atmosphere\MODTRAN\raw\audit_mwir_standard_20260906\mwir_std_trans\MODOUT2.txt,W/(cm^2 sr cm^-1),W/(cm^2 cm^-1),W/(m^2 sr um),W/(m^2 um),value_si=value_native*1e8/(wavelength_um^2),2928.0,3.4153005464480874,0.6236
mwir_std_trans,D:\HwaSimIR\HwaSim_IR\Bin\Config\Atmosphere\MODTRAN\raw\audit_mwir_standard_20260906\mwir_std_trans\MODOUT2.txt,W/(cm^2 sr cm^-1),W/(cm^2 cm^-1),W/(m^2 sr um),W/(m^2 um),value_si=value_native*1e8/(wavelength_um^2),2929.0,3.4141345168999657,0.9632
mwir_std_trans,D:\HwaSimIR\HwaSim_IR\Bin\Config\Atmosphere\MODTRAN\raw\audit_mwir_standard_20260906\mwir_std_trans\MODOUT2.txt,W/(cm^2 sr cm^-1),W/(cm^2 cm^-1),W/(m^2 sr um),W/(m^2 um),value_si=value_native*1e8/(wavelength_um^2),2930.0,3.4129692832764507,0.8493
mwir_std_trans,D:\HwaSimIR\HwaSim_IR\Bin\Config\Atmosphere\MODTRAN\raw\audit_mwir_standard_20260906\mwir_std_trans\MODOUT2.txt,W/(cm^2 sr cm^-1),W/(cm^2 cm^-1),W/(m^2 sr um),W/(m^2 um),value_si=value_native*1e8/(wavelength_um^2),2931.0,3.4118048447628797,0.9453
mwir_std_trans,D:\HwaSimIR\HwaSim_IR\Bin\Config\Atmosphere\MODTRAN\raw\audit_mwir_standard_20260906\mwir_std_trans\MODOUT2.txt,W/(cm^2 sr cm^-1),W/(cm^2 cm^-1),W/(m^2 sr um),W/(m^2 um),value_si=value_native*1e8/(wavelength_um^2),2932.0,3.4106412005457027,0.8807
mwir_std_trans,D:\HwaSimIR\HwaSim_IR\Bin\Config\Atmosphere\MODTRAN\raw\audit_mwir_standard_20260906\mwir_std_trans\MODOUT2.txt,W/(cm^2 sr cm^-1),W/(cm^2 cm^-1),W/(m^2 sr um),W/(m^2 um),value_si=value_native*1e8/(wavelength_um^2),2933.0,3.4094783498124785,0.789
mwir_std_trans,D:\HwaSimIR\HwaSim_IR\Bin\Config\Atmosphere\MODTRAN\raw\audit_mwir_standard_20260906\mwir_std_trans\MODOUT2.txt,W/(cm^2 sr cm^-1),W/(cm^2 cm^-1),W/(m^2 sr um),W/(m^2 um),value_si=value_native*1e8/(wavelength_um^2),2934.0,3.408316291751875,0.7503
mwir_std_trans,D:\HwaSimIR\HwaSim_IR\Bin\Config\Atmosphere\MODTRAN\raw\audit_mwir_standard_20260906\mwir_std_trans\MODOUT2.txt,W/(cm^2 sr cm^-1),W/(cm^2 cm^-1),W/(m^2 sr um),W/(m^2 um),value_si=value_native*1e8/(wavelength_um^2),2935.0,3.4071550255536627,0.6468
mwir_std_trans,D:\HwaSimIR\HwaSim_IR\Bin\Config\Atmosphere\MODTRAN\raw\audit_mwir_standard_20260906\mwir_std_trans\MODOUT2.txt,W/(cm^2 sr cm^-1),W/(cm^2 cm^-1),W/(m^2 sr um),W/(m^2 um),value_si=value_native*1e8/(wavelength_um^2),2936.0,3.4059945504087192,0.8404
mwir_std_trans,D:\HwaSimIR\HwaSim_IR\Bin\Config\Atmosphere\MODTRAN\raw\audit_mwir_standard_20260906\mwir_std_trans\MODOUT2.txt,W/(cm^2 sr cm^-1),W/(cm^2 cm^-1),W/(m^2 sr um),W/(m^2 um),value_si=value_native*1e8/(wavelength_um^2),2937.0,3.404834865509023,0.5238
mwir_std_trans,D:\HwaSimIR\HwaSim_IR\Bin\Config\Atmosphere\MODTRAN\raw\audit_mwir_standard_20260906\mwir_std_trans\MODOUT2.txt,W/(cm^2 sr cm^-1),W/(cm^2 cm^-1),W/(m^2 sr um),W/(m^2 um),value_si=value_native*1e8/(wavelength_um^2),2938.0,3.4036759700476513,0.2897
mwir_std_trans,D:\HwaSimIR\HwaSim_IR\Bin\Config\Atmosphere\MODTRAN\raw\audit_mwir_standard_20260906\mwir_std_trans\MODOUT2.txt,W/(cm^2 sr cm^-1),W/(cm^2 cm^-1),W/(m^2 sr um),W/(m^2 um),value_si=value_native*1e8/(wavelength_um^2),2939.0,3.402517863218782,0.917
mwir_std_trans,D:\HwaSimIR\HwaSim_IR\Bin\Config\Atmosphere\MODTRAN\raw\audit_mwir_standard_20260906\mwir_std_trans\MODOUT2.txt,W/(cm^2 sr cm^-1),W/(cm^2 cm^-1),W/(m^2 sr um),W/(m^2 um),value_si=value_native*1e8/(wavelength_um^2),2940.0,3.401360544217687,0.9587
mwir_std_trans,D:\HwaSimIR\HwaSim_IR\Bin\Config\Atmosphere\MODTRAN\raw\audit_mwir_standard_20260906\mwir_std_trans\MODOUT2.txt,W/(cm^2 sr cm^-1),W/(cm^2 cm^-1),W/(m^2 sr um),W/(m^2 um),value_si=value_native*1e8/(wavelength_um^2),2941.0,3.4002040122407347,0.9734
mwir_std_trans,D:\HwaSimIR\HwaSim_IR\Bin\Config\Atmosphere\MODTRAN\raw\audit_mwir_standard_20260906\mwir_std_trans\MODOUT2.txt,W/(cm^2 sr cm^-1),W/(cm^2 cm^-1),W/(m^2 sr um),W/(m^2 um),value_si=value_native*1e8/(wavelength_um^2),2942.0,3.399048266485384,0.9788
mwir_std_trans,D:\HwaSimIR\HwaSim_IR\Bin\Config\Atmosphere\MODTRAN\raw\audit_mwir_standard_20260906\mwir_std_trans\MODOUT2.txt,W/(cm^2 sr cm^-1),W/(cm^2 cm^-1),W/(m^2 sr um),W/(m^2 um),value_si=value_native*1e8/(wavelength_um^2),2943.0,3.397893306150187,0.9235
mwir_std_trans,D:\HwaSimIR\HwaSim_IR\Bin\Config\Atmosphere\MODTRAN\raw\audit_mwir_standard_20260906\mwir_std_trans\MODOUT2.txt,W/(cm^2 sr cm^-1),W/(cm^2 cm^-1),W/(m^2 sr um),W/(m^2 um),value_si=value_native*1e8/(wavelength_um^2),2944.0,3.3967391304347827,0.9573
mwir_std_trans,D:\HwaSimIR\HwaSim_IR\Bin\Config\Atmosphere\MODTRAN\raw\audit_mwir_standard_20260906\mwir_std_trans\MODOUT2.txt,W/(cm^2 sr cm^-1),W/(cm^2 cm^-1),W/(m^2 sr um),W/(m^2 um),value_si=value_native*1e8/(wavelength_um^2),2945.0,3.395585738539898,0.9635
mwir_std_trans,D:\HwaSimIR\HwaSim_IR\Bin\Config\Atmosphere\MODTRAN\raw\audit_mwir_standard_20260906\mwir_std_trans\MODOUT2.txt,W/(cm^2 sr cm^-1),W/(cm^2 cm^-1),W/(m^2 sr um),W/(m^2 um),value_si=value_native*1e8/(wavelength_um^2),2946.0,3.3944331296673456,0.7857
mwir_std_trans,D:\HwaSimIR\HwaSim_IR\Bin\Config\Atmosphere\MODTRAN\raw\audit_mwir_standard_20260906\mwir_std_trans\MODOUT2.txt,W/(cm^2 sr cm^-1),W/(cm^2 cm^-1),W/(m^2 sr um),W/(m^2 um),value_si=value_native*1e8/(wavelength_um^2),2947.0,3.39328130302002,0.8888
mwir_std_trans,D:\HwaSimIR\HwaSim_IR\Bin\Config\Atmosphere\MODTRAN\raw\audit_mwir_standard_20260906\mwir_std_trans\MODOUT2.txt,W/(cm^2 sr cm^-1),W/(cm^2 cm^-1),W/(m^2 sr um),W/(m^2 um),value_si=value_native*1e8/(wavelength_um^2),2948.0,3.3921302578018997,0.0871
mwir_std_trans,D:\HwaSimIR\HwaSim_IR\Bin\Config\Atmosphere\MODTRAN\raw\audit_mwir_standard_20260906\mwir_std_trans\MODOUT2.txt,W/(cm^2 sr cm^-1),W/(cm^2 cm^-1),W/(m^2 sr um),W/(m^2 um),value_si=value_native*1e8/(wavelength_um^2),2949.0,3.39097999321804,0.8199
mwir_std_trans,D:\HwaSimIR\HwaSim_IR\Bin\Config\Atmosphere\MODTRAN\raw\audit_mwir_standard_20260906\mwir_std_trans\MODOUT2.txt,W/(cm^2 sr cm^-1),W/(cm^2 cm^-1),W/(m^2 sr um),W/(m^2 um),value_si=value_native*1e8/(wavelength_um^2),2950.0,3.389830508474576,0.9606
mwir_std_trans,D:\HwaSimIR\HwaSim_IR\Bin\Config\Atmosphere\MODTRAN\raw\audit_mwir_standard_20260906\mwir_std_trans\MODOUT2.txt,W/(cm^2 sr cm^-1),W/(cm^2 cm^-1),W/(m^2 sr um),W/(m^2 um),value_si=value_native*1e8/(wavelength_um^2),2951.0,3.388681802778719,0.9768
mwir_std_trans,D:\HwaSimIR\HwaSim_IR\Bin\Config\Atmosphere\MODTRAN\raw\audit_mwir_standard_20260906\mwir_std_trans\MODOUT2.txt,W/(cm^2 sr cm^-1),W/(cm^2 cm^-1),W/(m^2 sr um),W/(m^2 um),value_si=value_native*1e8/(wavelength_um^2),2952.0,3.3875338753387534,0.9702
mwir_std_trans,D:\HwaSimIR\HwaSim_IR\Bin\Config\Atmosphere\MODTRAN\raw\audit_mwir_standard_20260906\mwir_std_trans\MODOUT2.txt,W/(cm^2 sr cm^-1),W/(cm^2 cm^-1),W/(m^2 sr um),W/(m^2 um),value_si=value_native*1e8/(wavelength_um^2),2953.0,3.3863867253640367,0.8863
mwir_std_trans,D:\HwaSimIR\HwaSim_IR\Bin\Config\Atmosphere\MODTRAN\raw\audit_mwir_standard_20260906\mwir_std_trans\MODOUT2.txt,W/(cm^2 sr cm^-1),W/(cm^2 cm^-1),W/(m^2 sr um),W/(m^2 um),value_si=value_native*1e8/(wavelength_um^2),2954.0,3.3852403520649967,0.6891
mwir_std_trans,D:\HwaSimIR\HwaSim_IR\Bin\Config\Atmosphere\MODTRAN\raw\audit_mwir_standard_20260906\mwir_std_trans\MODOUT2.txt,W/(cm^2 sr cm^-1),W/(cm^2 cm^-1),W/(m^2 sr um),W/(m^2 um),value_si=value_native*1e8/(wavelength_um^2),2955.0,3.3840947546531304,0.9218
mwir_std_trans,D:\HwaSimIR\HwaSim_IR\Bin\Config\Atmosphere\MODTRAN\raw\audit_mwir_standard_20260906\mwir_std_trans\MODOUT2.txt,W/(cm^2 sr cm^-1),W/(cm^2 cm^-1),W/(m^2 sr um),W/(m^2 um),value_si=value_native*1e8/(wavelength_um^2),2956.0,3.3829499323410013,0.7101
mwir_std_trans,D:\HwaSimIR\HwaSim_IR\Bin\Config\Atmosphere\MODTRAN\raw\audit_mwir_standard_20260906\mwir_std_trans\MODOUT2.txt,W/(cm^2 sr cm^-1),W/(cm^2 cm^-1),W/(m^2 sr um),W/(m^2 um),value_si=value_native*1e8/(wavelength_um^2),2957.0,3.381805884342239,0.8132
mwir_std_trans,D:\HwaSimIR\HwaSim_IR\Bin\Config\Atmosphere\MODTRAN\raw\audit_mwir_standard_20260906\mwir_std_trans\MODOUT2.txt,W/(cm^2 sr cm^-1),W/(cm^2 cm^-1),W/(m^2 sr um),W/(m^2 um),value_si=value_native*1e8/(wavelength_um^2),2958.0,3.3806626098715347,0.2393
mwir_std_trans,D:\HwaSimIR\HwaSim_IR\Bin\Config\Atmosphere\MODTRAN\raw\audit_mwir_standard_20260906\mwir_std_trans\MODOUT2.txt,W/(cm^2 sr cm^-1),W/(cm^2 cm^-1),W/(m^2 sr um),W/(m^2 um),value_si=value_native*1e8/(wavelength_um^2),2959.0,3.3795201081446433,0.5931
mwir_std_trans,D:\HwaSimIR\HwaSim_IR\Bin\Config\Atmosphere\MODTRAN\raw\audit_mwir_standard_20260906\mwir_std_trans\MODOUT2.txt,W/(cm^2 sr cm^-1),W/(cm^2 cm^-1),W/(m^2 sr um),W/(m^2 um),value_si=value_native*1e8/(wavelength_um^2),2960.0,3.3783783783783785,0.9403
mwir_std_trans,D:\HwaSimIR\HwaSim_IR\Bin\Config\Atmosphere\MODTRAN\raw\audit_mwir_standard_20260906\mwir_std_trans\MODOUT2.txt,W/(cm^2 sr cm^-1),W/(cm^2 cm^-1),W/(m^2 sr um),W/(m^2 um),value_si=value_native*1e8/(wavelength_um^2),2961.0,3.377237419790611,0.8185
mwir_std_trans,D:\HwaSimIR\HwaSim_IR\Bin\Config\Atmosphere\MODTRAN\raw\audit_mwir_standard_20260906\mwir_std_trans\MODOUT2.txt,W/(cm^2 sr cm^-1),W/(cm^2 cm^-1),W/(m^2 sr um),W/(m^2 um),value_si=value_native*1e8/(wavelength_um^2),2962.0,3.37609723160027,0.7777
mwir_std_trans,D:\HwaSimIR\HwaSim_IR\Bin\Config\Atmosphere\MODTRAN\raw\audit_mwir_standard_20260906\mwir_std_trans\MODOUT2.txt,W/(cm^2 sr cm^-1),W/(cm^2 cm^-1),W/(m^2 sr um),W/(m^2 um),value_si=value_native*1e8/(wavelength_um^2),2963.0,3.374957813027337,0.9607
mwir_std_trans,D:\HwaSimIR\HwaSim_IR\Bin\Config\Atmosphere\MODTRAN\raw\audit_mwir_standard_20260906\mwir_std_trans\MODOUT2.txt,W/(cm^2 sr cm^-1),W/(cm^2 cm^-1),W/(m^2 sr um),W/(m^2 um),value_si=value_native*1e8/(wavelength_um^2),2964.0,3.3738191632928474,0.9589
mwir_std_trans,D:\HwaSimIR\HwaSim_IR\Bin\Config\Atmosphere\MODTRAN\raw\audit_mwir_standard_20260906\mwir_std_trans\MODOUT2.txt,W/(cm^2 sr cm^-1),W/(cm^2 cm^-1),W/(m^2 sr um),W/(m^2 um),value_si=value_native*1e8/(wavelength_um^2),2965.0,3.372681281618887,0.9046
mwir_std_trans,D:\HwaSimIR\HwaSim_IR\Bin\Config\Atmosphere\MODTRAN\raw\audit_mwir_standard_20260906\mwir_std_trans\MODOUT2.txt,W/(cm^2 sr cm^-1),W/(cm^2 cm^-1),W/(m^2 sr um),W/(m^2 um),value_si=value_native*1e8/(wavelength_um^2),2966.0,3.3715441672285906,0.5476
mwir_std_trans,D:\HwaSimIR\HwaSim_IR\Bin\Config\Atmosphere\MODTRAN\raw\audit_mwir_standard_20260906\mwir_std_trans\MODOUT2.txt,W/(cm^2 sr cm^-1),W/(cm^2 cm^-1),W/(m^2 sr um),W/(m^2 um),value_si=value_native*1e8/(wavelength_um^2),2967.0,3.370407819346141,0.8897
mwir_std_trans,D:\HwaSimIR\HwaSim_IR\Bin\Config\Atmosphere\MODTRAN\raw\audit_mwir_standard_20260906\mwir_std_trans\MODOUT2.txt,W/(cm^2 sr cm^-1),W/(cm^2 cm^-1),W/(m^2 sr um),W/(m^2 um),value_si=value_native*1e8/(wavelength_um^2),2968.0,3.3692722371967654,0.5836
mwir_std_trans,D:\HwaSimIR\HwaSim_IR\Bin\Config\Atmosphere\MODTRAN\raw\audit_mwir_standard_20260906\mwir_std_trans\MODOUT2.txt,W/(cm^2 sr cm^-1),W/(cm^2 cm^-1),W/(m^2 sr um),W/(m^2 um),value_si=value_native*1e8/(wavelength_um^2),2969.0,3.3681374200067364,0.4252
mwir_std_trans,D:\HwaSimIR\HwaSim_IR\Bin\Config\Atmosphere\MODTRAN\raw\audit_mwir_standard_20260906\mwir_std_trans\MODOUT2.txt,W/(cm^2 sr cm^-1),W/(cm^2 cm^-1),W/(m^2 sr um),W/(m^2 um),value_si=value_native*1e8/(wavelength_um^2),2970.0,3.367003367003367,0.8462
mwir_std_trans,D:\HwaSimIR\HwaSim_IR\Bin\Config\Atmosphere\MODTRAN\raw\audit_mwir_standard_20260906\mwir_std_trans\MODOUT2.txt,W/(cm^2 sr cm^-1),W/(cm^2 cm^-1),W/(m^2 sr um),W/(m^2 um),value_si=value_native*1e8/(wavelength_um^2),2971.0,3.365870077415012,0.9043
mwir_std_trans,D:\HwaSimIR\HwaSim_IR\Bin\Config\Atmosphere\MODTRAN\raw\audit_mwir_standard_20260906\mwir_std_trans\MODOUT2.txt,W/(cm^2 sr cm^-1),W/(cm^2 cm^-1),W/(m^2 sr um),W/(m^2 um),value_si=value_native*1e8/(wavelength_um^2),2972.0,3.3647375504710633,0.9407
mwir_std_trans,D:\HwaSimIR\HwaSim_IR\Bin\Config\Atmosphere\MODTRAN\raw\audit_mwir_standard_20260906\mwir_std_trans\MODOUT2.txt,W/(cm^2 sr cm^-1),W/(cm^2 cm^-1),W/(m^2 sr um),W/(m^2 um),value_si=value_native*1e8/(wavelength_um^2),2973.0,3.3636057854019508,0.4836
mwir_std_trans,D:\HwaSimIR\HwaSim_IR\Bin\Config\Atmosphere\MODTRAN\raw\audit_mwir_standard_20260906\mwir_std_trans\MODOUT2.txt,W/(cm^2 sr cm^-1),W/(cm^2 cm^-1),W/(m^2 sr um),W/(m^2 um),value_si=value_native*1e8/(wavelength_um^2),2974.0,3.3624747814391394,0.8354
mwir_std_trans,D:\HwaSimIR\HwaSim_IR\Bin\Config\Atmosphere\MODTRAN\raw\audit_mwir_standard_20260906\mwir_std_trans\MODOUT2.txt,W/(cm^2 sr cm^-1),W/(cm^2 cm^-1),W/(m^2 sr um),W/(m^2 um),value_si=value_native*1e8/(wavelength_um^2),2975.0,3.361344537815126,0.542
mwir_std_trans,D:\HwaSimIR\HwaSim_IR\Bin\Config\Atmosphere\MODTRAN\raw\audit_mwir_standard_20260906\mwir_std_trans\MODOUT2.txt,W/(cm^2 sr cm^-1),W/(cm^2 cm^-1),W/(m^2 sr um),W/(m^2 um),value_si=value_native*1e8/(wavelength_um^2),2976.0,3.360215053763441,0.9267
mwir_std_trans,D:\HwaSimIR\HwaSim_IR\Bin\Config\Atmosphere\MODTRAN\raw\audit_mwir_standard_20260906\mwir_std_trans\MODOUT2.txt,W/(cm^2 sr cm^-1),W/(cm^2 cm^-1),W/(m^2 sr um),W/(m^2 um),value_si=value_native*1e8/(wavelength_um^2),2977.0,3.359086328518643,0.9166
mwir_std_trans,D:\HwaSimIR\HwaSim_IR\Bin\Config\Atmosphere\MODTRAN\raw\audit_mwir_standard_20260906\mwir_std_trans\MODOUT2.txt,W/(cm^2 sr cm^-1),W/(cm^2 cm^-1),W/(m^2 sr um),W/(m^2 um),value_si=value_native*1e8/(wavelength_um^2),2978.0,3.3579583613163195,0.4456
mwir_std_trans,D:\HwaSimIR\HwaSim_IR\Bin\Config\Atmosphere\MODTRAN\raw\audit_mwir_standard_20260906\mwir_std_trans\MODOUT2.txt,W/(cm^2 sr cm^-1),W/(cm^2 cm^-1),W/(m^2 sr um),W/(m^2 um),value_si=value_native*1e8/(wavelength_um^2),2979.0,3.356831151393085,0.1753
mwir_std_trans,D:\HwaSimIR\HwaSim_IR\Bin\Config\Atmosphere\MODTRAN\raw\audit_mwir_standard_20260906\mwir_std_trans\MODOUT2.txt,W/(cm^2 sr cm^-1),W/(cm^2 cm^-1),W/(m^2 sr um),W/(m^2 um),value_si=value_native*1e8/(wavelength_um^2),2980.0,3.3557046979865772,0.6425
mwir_std_trans,D:\HwaSimIR\HwaSim_IR\Bin\Config\Atmosphere\MODTRAN\raw\audit_mwir_standard_20260906\mwir_std_trans\MODOUT2.txt,W/(cm^2 sr cm^-1),W/(cm^2 cm^-1),W/(m^2 sr um),W/(m^2 um),value_si=value_native*1e8/(wavelength_um^2),2981.0,3.354579000335458,0.7065
mwir_std_trans,D:\HwaSimIR\HwaSim_IR\Bin\Config\Atmosphere\MODTRAN\raw\audit_mwir_standard_20260906\mwir_std_trans\MODOUT2.txt,W/(cm^2 sr cm^-1),W/(cm^2 cm^-1),W/(m^2 sr um),W/(m^2 um),value_si=value_native*1e8/(wavelength_um^2),2982.0,3.35345405767941,0.88
mwir_std_trans,D:\HwaSimIR\HwaSim_IR\Bin\Config\Atmosphere\MODTRAN\raw\audit_mwir_standard_20260906\mwir_std_trans\MODOUT2.txt,W/(cm^2 sr cm^-1),W/(cm^2 cm^-1),W/(m^2 sr um),W/(m^2 um),value_si=value_native*1e8/(wavelength_um^2),2983.0,3.352329869259135,0.9277
mwir_std_trans,D:\HwaSimIR\HwaSim_IR\Bin\Config\Atmosphere\MODTRAN\raw\audit_mwir_standard_20260906\mwir_std_trans\MODOUT2.txt,W/(cm^2 sr cm^-1),W/(cm^2 cm^-1),W/(m^2 sr um),W/(m^2 um),value_si=value_native*1e8/(wavelength_um^2),2984.0,3.351206434316354,0.648
mwir_std_trans,D:\HwaSimIR\HwaSim_IR\Bin\Config\Atmosphere\MODTRAN\raw\audit_mwir_standard_20260906\mwir_std_trans\MODOUT2.txt,W/(cm^2 sr cm^-1),W/(cm^2 cm^-1),W/(m^2 sr um),W/(m^2 um),value_si=value_native*1e8/(wavelength_um^2),2985.0,3.3500837520938025,0.9333
mwir_std_trans,D:\HwaSimIR\HwaSim_IR\Bin\Config\Atmosphere\MODTRAN\raw\audit_mwir_standard_20260906\mwir_std_trans\MODOUT2.txt,W/(cm^2 sr cm^-1),W/(cm^2 cm^-1),W/(m^2 sr um),W/(m^2 um),value_si=value_native*1e8/(wavelength_um^2),2986.0,3.348961821835231,0.9579
mwir_std_trans,D:\HwaSimIR\HwaSim_IR\Bin\Config\Atmosphere\MODTRAN\raw\audit_mwir_standard_20260906\mwir_std_trans\MODOUT2.txt,W/(cm^2 sr cm^-1),W/(cm^2 cm^-1),W/(m^2 sr um),W/(m^2 um),value_si=value_native*1e8/(wavelength_um^2),2987.0,3.3478406427854033,0.8213
mwir_std_trans,D:\HwaSimIR\HwaSim_IR\Bin\Config\Atmosphere\MODTRAN\raw\audit_mwir_standard_20260906\mwir_std_trans\MODOUT2.txt,W/(cm^2 sr cm^-1),W/(cm^2 cm^-1),W/(m^2 sr um),W/(m^2 um),value_si=value_native*1e8/(wavelength_um^2),2988.0,3.3467202141900936,0.4732
mwir_std_trans,D:\HwaSimIR\HwaSim_IR\Bin\Config\Atmosphere\MODTRAN\raw\audit_mwir_standard_20260906\mwir_std_trans\MODOUT2.txt,W/(cm^2 sr cm^-1),W/(cm^2 cm^-1),W/(m^2 sr um),W/(m^2 um),value_si=value_native*1e8/(wavelength_um^2),2989.0,3.345600535296086,0.2075
mwir_std_trans,D:\HwaSimIR\HwaSim_IR\Bin\Config\Atmosphere\MODTRAN\raw\audit_mwir_standard_20260906\mwir_std_trans\MODOUT2.txt,W/(cm^2 sr cm^-1),W/(cm^2 cm^-1),W/(m^2 sr um),W/(m^2 um),value_si=value_native*1e8/(wavelength_um^2),2990.0,3.3444816053511706,0.8373
mwir_std_trans,D:\HwaSimIR\HwaSim_IR\Bin\Config\Atmosphere\MODTRAN\raw\audit_mwir_standard_20260906\mwir_std_trans\MODOUT2.txt,W/(cm^2 sr cm^-1),W/(cm^2 cm^-1),W/(m^2 sr um),W/(m^2 um),value_si=value_native*1e8/(wavelength_um^2),2991.0,3.3433634236041456,0.9272
mwir_std_trans,D:\HwaSimIR\HwaSim_IR\Bin\Config\Atmosphere\MODTRAN\raw\audit_mwir_standard_20260906\mwir_std_trans\MODOUT2.txt,W/(cm^2 sr cm^-1),W/(cm^2 cm^-1),W/(m^2 sr um),W/(m^2 um),value_si=value_native*1e8/(wavelength_um^2),2992.0,3.342245989304813,0.5558
mwir_std_trans,D:\HwaSimIR\HwaSim_IR\Bin\Config\Atmosphere\MODTRAN\raw\audit_mwir_standard_20260906\mwir_std_trans\MODOUT2.txt,W/(cm^2 sr cm^-1),W/(cm^2 cm^-1),W/(m^2 sr um),W/(m^2 um),value_si=value_native*1e8/(wavelength_um^2),2993.0,3.341129301703976,0.7636
mwir_std_trans,D:\HwaSimIR\HwaSim_IR\Bin\Config\Atmosphere\MODTRAN\raw\audit_mwir_standard_20260906\mwir_std_trans\MODOUT2.txt,W/(cm^2 sr cm^-1),W/(cm^2 cm^-1),W/(m^2 sr um),W/(m^2 um),value_si=value_native*1e8/(wavelength_um^2),2994.0,3.3400133600534403,0.4229
mwir_std_trans,D:\HwaSimIR\HwaSim_IR\Bin\Config\Atmosphere\MODTRAN\raw\audit_mwir_standard_20260906\mwir_std_trans\MODOUT2.txt,W/(cm^2 sr cm^-1),W/(cm^2 cm^-1),W/(m^2 sr um),W/(m^2 um),value_si=value_native*1e8/(wavelength_um^2),2995.0,3.33889816360601,0.6191
mwir_std_trans,D:\HwaSimIR\HwaSim_IR\Bin\Config\Atmosphere\MODTRAN\raw\audit_mwir_standard_20260906\mwir_std_trans\MODOUT2.txt,W/(cm^2 sr cm^-1),W/(cm^2 cm^-1),W/(m^2 sr um),W/(m^2 um),value_si=value_native*1e8/(wavelength_um^2),2996.0,3.3377837116154874,0.9307
mwir_std_trans,D:\HwaSimIR\HwaSim_IR\Bin\Config\Atmosphere\MODTRAN\raw\audit_mwir_standard_20260906\mwir_std_trans\MODOUT2.txt,W/(cm^2 sr cm^-1),W/(cm^2 cm^-1),W/(m^2 sr um),W/(m^2 um),value_si=value_native*1e8/(wavelength_um^2),2997.0,3.33667000333667,0.9574
mwir_std_trans,D:\HwaSimIR\HwaSim_IR\Bin\Config\Atmosphere\MODTRAN\raw\audit_mwir_standard_20260906\mwir_std_trans\MODOUT2.txt,W/(cm^2 sr cm^-1),W/(cm^2 cm^-1),W/(m^2 sr um),W/(m^2 um),value_si=value_native*1e8/(wavelength_um^2),2998.0,3.33555703802535,0.9171
mwir_std_trans,D:\HwaSimIR\HwaSim_IR\Bin\Config\Atmosphere\MODTRAN\raw\audit_mwir_standard_20260906\mwir_std_trans\MODOUT2.txt,W/(cm^2 sr cm^-1),W/(cm^2 cm^-1),W/(m^2 sr um),W/(m^2 um),value_si=value_native*1e8/(wavelength_um^2),2999.0,3.334444814938313,0.5219
mwir_std_trans,D:\HwaSimIR\HwaSim_IR\Bin\Config\Atmosphere\MODTRAN\raw\audit_mwir_standard_20260906\mwir_std_trans\MODOUT2.txt,W/(cm^2 sr cm^-1),W/(cm^2 cm^-1),W/(m^2 sr um),W/(m^2 um),value_si=value_native*1e8/(wavelength_um^2),3000.0,3.3333333333333335,0.938
mwir_std_trans,D:\HwaSimIR\HwaSim_IR\Bin\Config\Atmosphere\MODTRAN\raw\audit_mwir_standard_20260906\mwir_std_trans\MODOUT2.txt,W/(cm^2 sr cm^-1),W/(cm^2 cm^-1),W/(m^2 sr um),W/(m^2 um),value_si=value_native*1e8/(wavelength_um^2),3001.0,3.332222592469177,0.9302
mwir_std_trans,D:\HwaSimIR\HwaSim_IR\Bin\Config\Atmosphere\MODTRAN\raw\audit_mwir_standard_20260906\mwir_std_trans\MODOUT2.txt,W/(cm^2 sr cm^-1),W/(cm^2 cm^-1),W/(m^2 sr um),W/(m^2 um),value_si=value_native*1e8/(wavelength_um^2),3002.0,3.331112591605596,0.9356
mwir_std_trans,D:\HwaSimIR\HwaSim_IR\Bin\Config\Atmosphere\MODTRAN\raw\audit_mwir_standard_20260906\mwir_std_trans\MODOUT2.txt,W/(cm^2 sr cm^-1),W/(cm^2 cm^-1),W/(m^2 sr um),W/(m^2 um),value_si=value_native*1e8/(wavelength_um^2),3003.0,3.33000333000333,0.7738
mwir_std_trans,D:\HwaSimIR\HwaSim_IR\Bin\Config\Atmosphere\MODTRAN\raw\audit_mwir_standard_20260906\mwir_std_trans\MODOUT2.txt,W/(cm^2 sr cm^-1),W/(cm^2 cm^-1),W/(m^2 sr um),W/(m^2 um),value_si=value_native*1e8/(wavelength_um^2),3004.0,3.3288948069241013,0.3394
mwir_std_trans,D:\HwaSimIR\HwaSim_IR\Bin\Config\Atmosphere\MODTRAN\raw\audit_mwir_standard_20260906\mwir_std_trans\MODOUT2.txt,W/(cm^2 sr cm^-1),W/(cm^2 cm^-1),W/(m^2 sr um),W/(m^2 um),value_si=value_native*1e8/(wavelength_um^2),3005.0,3.327787021630616,0.3702
mwir_std_trans,D:\HwaSimIR\HwaSim_IR\Bin\Config\Atmosphere\MODTRAN\raw\audit_mwir_standard_20260906\mwir_std_trans\MODOUT2.txt,W/(cm^2 sr cm^-1),W/(cm^2 cm^-1),W/(m^2 sr um),W/(m^2 um),value_si=value_native*1e8/(wavelength_um^2),3006.0,3.32667997338656,0.8173
mwir_std_trans,D:\HwaSimIR\HwaSim_IR\Bin\Config\Atmosphere\MODTRAN\raw\audit_mwir_standard_20260906\mwir_std_trans\MODOUT2.txt,W/(cm^2 sr cm^-1),W/(cm^2 cm^-1),W/(m^2 sr um),W/(m^2 um),value_si=value_native*1e8/(wavelength_um^2),3007.0,3.3255736614566014,0.6732
mwir_std_trans,D:\HwaSimIR\HwaSim_IR\Bin\Config\Atmosphere\MODTRAN\raw\audit_mwir_standard_20260906\mwir_std_trans\MODOUT2.txt,W/(cm^2 sr cm^-1),W/(cm^2 cm^-1),W/(m^2 sr um),W/(m^2 um),value_si=value_native*1e8/(wavelength_um^2),3008.0,3.324468085106383,0.6569
mwir_std_trans,D:\HwaSimIR\HwaSim_IR\Bin\Config\Atmosphere\MODTRAN\raw\audit_mwir_standard_20260906\mwir_std_trans\MODOUT2.txt,W/(cm^2 sr cm^-1),W/(cm^2 cm^-1),W/(m^2 sr um),W/(m^2 um),value_si=value_native*1e8/(wavelength_um^2),3009.0,3.3233632436025258,0.5079
mwir_std_trans,D:\HwaSimIR\HwaSim_IR\Bin\Config\Atmosphere\MODTRAN\raw\audit_mwir_standard_20260906\mwir_std_trans\MODOUT2.txt,W/(cm^2 sr cm^-1),W/(cm^2 cm^-1),W/(m^2 sr um),W/(m^2 um),value_si=value_native*1e8/(wavelength_um^2),3010.0,3.3222591362126246,0.1543
mwir_std_trans,D:\HwaSimIR\HwaSim_IR\Bin\Config\Atmosphere\MODTRAN\raw\audit_mwir_standard_20260906\mwir_std_trans\MODOUT2.txt,W/(cm^2 sr cm^-1),W/(cm^2 cm^-1),W/(m^2 sr um),W/(m^2 um),value_si=value_native*1e8/(wavelength_um^2),3011.0,3.3211557622052474,0.2979
mwir_std_trans,D:\HwaSimIR\HwaSim_IR\Bin\Config\Atmosphere\MODTRAN\raw\audit_mwir_standard_20260906\mwir_std_trans\MODOUT2.txt,W/(cm^2 sr cm^-1),W/(cm^2 cm^-1),W/(m^2 sr um),W/(m^2 um),value_si=value_native*1e8/(wavelength_um^2),3012.0,3.3200531208499338,0.2116
mwir_std_trans,D:\HwaSimIR\HwaSim_IR\Bin\Config\Atmosphere\MODTRAN\raw\audit_mwir_standard_20260906\mwir_std_trans\MODOUT2.txt,W/(cm^2 sr cm^-1),W/(cm^2 cm^-1),W/(m^2 sr um),W/(m^2 um),value_si=value_native*1e8/(wavelength_um^2),3013.0,3.318951211417192,0.0843
mwir_std_trans,D:\HwaSimIR\HwaSim_IR\Bin\Config\Atmosphere\MODTRAN\raw\audit_mwir_standard_20260906\mwir_std_trans\MODOUT2.txt,W/(cm^2 sr cm^-1),W/(cm^2 cm^-1),W/(m^2 sr um),W/(m^2 um),value_si=value_native*1e8/(wavelength_um^2),3014.0,3.3178500331785004,0.1017
mwir_std_trans,D:\HwaSimIR\HwaSim_IR\Bin\Config\Atmosphere\MODTRAN\raw\audit_mwir_standard_20260906\mwir_std_trans\MODOUT2.txt,W/(cm^2 sr cm^-1),W/(cm^2 cm^-1),W/(m^2 sr um),W/(m^2 um),value_si=value_native*1e8/(wavelength_um^2),3015.0,3.316749585406302,0.0571
mwir_std_trans,D:\HwaSimIR\HwaSim_IR\Bin\Config\Atmosphere\MODTRAN\raw\audit_mwir_standard_20260906\mwir_std_trans\MODOUT2.txt,W/(cm^2 sr cm^-1),W/(cm^2 cm^-1),W/(m^2 sr um),W/(m^2 um),value_si=value_native*1e8/(wavelength_um^2),3016.0,3.315649867374005,0.0159
mwir_std_trans,D:\HwaSimIR\HwaSim_IR\Bin\Config\Atmosphere\MODTRAN\raw\audit_mwir_standard_20260906\mwir_std_trans\MODOUT2.txt,W/(cm^2 sr cm^-1),W/(cm^2 cm^-1),W/(m^2 sr um),W/(m^2 um),value_si=value_native*1e8/(wavelength_um^2),3017.0,3.3145508783559827,0.003
mwir_std_trans,D:\HwaSimIR\HwaSim_IR\Bin\Config\Atmosphere\MODTRAN\raw\audit_mwir_standard_20260906\mwir_std_trans\MODOUT2.txt,W/(cm^2 sr cm^-1),W/(cm^2 cm^-1),W/(m^2 sr um),W/(m^2 um),value_si=value_native*1e8/(wavelength_um^2),3018.0,3.313452617627568,0.004
mwir_std_trans,D:\HwaSimIR\HwaSim_IR\Bin\Config\Atmosphere\MODTRAN\raw\audit_mwir_standard_20260906\mwir_std_trans\MODOUT2.txt,W/(cm^2 sr cm^-1),W/(cm^2 cm^-1),W/(m^2 sr um),W/(m^2 um),value_si=value_native*1e8/(wavelength_um^2),3019.0,3.3123550844650547,0.316
mwir_std_trans,D:\HwaSimIR\HwaSim_IR\Bin\Config\Atmosphere\MODTRAN\raw\audit_mwir_standard_20260906\mwir_std_trans\MODOUT2.txt,W/(cm^2 sr cm^-1),W/(cm^2 cm^-1),W/(m^2 sr um),W/(m^2 um),value_si=value_native*1e8/(wavelength_um^2),3020.0,3.3112582781456954,0.7971
mwir_std_trans,D:\HwaSimIR\HwaSim_IR\Bin\Config\Atmosphere\MODTRAN\raw\audit_mwir_standard_20260906\mwir_std_trans\MODOUT2.txt,W/(cm^2 sr cm^-1),W/(cm^2 cm^-1),W/(m^2 sr um),W/(m^2 um),value_si=value_native*1e8/(wavelength_um^2),3021.0,3.3101621979476996,0.5578
mwir_std_trans,D:\HwaSimIR\HwaSim_IR\Bin\Config\Atmosphere\MODTRAN\raw\audit_mwir_standard_20260906\mwir_std_trans\MODOUT2.txt,W/(cm^2 sr cm^-1),W/(cm^2 cm^-1),W/(m^2 sr um),W/(m^2 um),value_si=value_native*1e8/(wavelength_um^2),3022.0,3.3090668431502315,0.5598
mwir_std_trans,D:\HwaSimIR\HwaSim_IR\Bin\Config\Atmosphere\MODTRAN\raw\audit_mwir_standard_20260906\mwir_std_trans\MODOUT2.txt,W/(cm^2 sr cm^-1),W/(cm^2 cm^-1),W/(m^2 sr um),W/(m^2 um),value_si=value_native*1e8/(wavelength_um^2),3023.0,3.3079722130334104,0.7323
mwir_std_trans,D:\HwaSimIR\HwaSim_IR\Bin\Config\Atmosphere\MODTRAN\raw\audit_mwir_standard_20260906\mwir_std_trans\MODOUT2.txt,W/(cm^2 sr cm^-1),W/(cm^2 cm^-1),W/(m^2 sr um),W/(m^2 um),value_si=value_native*1e8/(wavelength_um^2),3024.0,3.306878306878307,0.8904
mwir_std_trans,D:\HwaSimIR\HwaSim_IR\Bin\Config\Atmosphere\MODTRAN\raw\audit_mwir_standard_20260906\mwir_std_trans\MODOUT2.txt,W/(cm^2 sr cm^-1),W/(cm^2 cm^-1),W/(m^2 sr um),W/(m^2 um),value_si=value_native*1e8/(wavelength_um^2),3025.0,3.3057851239669422,0.6604
mwir_std_trans,D:\HwaSimIR\HwaSim_IR\Bin\Config\Atmosphere\MODTRAN\raw\audit_mwir_standard_20260906\mwir_std_trans\MODOUT2.txt,W/(cm^2 sr cm^-1),W/(cm^2 cm^-1),W/(m^2 sr um),W/(m^2 um),value_si=value_native*1e8/(wavelength_um^2),3026.0,3.3046926635822866,0.2908
mwir_std_trans,D:\HwaSimIR\HwaSim_IR\Bin\Config\Atmosphere\MODTRAN\raw\audit_mwir_standard_20260906\mwir_std_trans\MODOUT2.txt,W/(cm^2 sr cm^-1),W/(cm^2 cm^-1),W/(m^2 sr um),W/(m^2 um),value_si=value_native*1e8/(wavelength_um^2),3027.0,3.303600925008259,0.8547
mwir_std_trans,D:\HwaSimIR\HwaSim_IR\Bin\Config\Atmosphere\MODTRAN\raw\audit_mwir_standard_20260906\mwir_std_trans\MODOUT2.txt,W/(cm^2 sr cm^-1),W/(cm^2 cm^-1),W/(m^2 sr um),W/(m^2 um),value_si=value_native*1e8/(wavelength_um^2),3028.0,3.3025099075297226,0.8467
mwir_std_trans,D:\HwaSimIR\HwaSim_IR\Bin\Config\Atmosphere\MODTRAN\raw\audit_mwir_standard_20260906\mwir_std_trans\MODOUT2.txt,W/(cm^2 sr cm^-1),W/(cm^2 cm^-1),W/(m^2 sr um),W/(m^2 um),value_si=value_native*1e8/(wavelength_um^2),3029.0,3.301419610432486,0.5348
mwir_std_trans,D:\HwaSimIR\HwaSim_IR\Bin\Config\Atmosphere\MODTRAN\raw\audit_mwir_standard_20260906\mwir_std_trans\MODOUT2.txt,W/(cm^2 sr cm^-1),W/(cm^2 cm^-1),W/(m^2 sr um),W/(m^2 um),value_si=value_native*1e8/(wavelength_um^2),3030.0,3.3003300330033003,0.47
mwir_std_trans,D:\HwaSimIR\HwaSim_IR\Bin\Config\Atmosphere\MODTRAN\raw\audit_mwir_standard_20260906\mwir_std_trans\MODOUT2.txt,W/(cm^2 sr cm^-1),W/(cm^2 cm^-1),W/(m^2 sr um),W/(m^2 um),value_si=value_native*1e8/(wavelength_um^2),3031.0,3.299241174529858,0.1378
mwir_std_trans,D:\HwaSimIR\HwaSim_IR\Bin\Config\Atmosphere\MODTRAN\raw\audit_mwir_standard_20260906\mwir_std_trans\MODOUT2.txt,W/(cm^2 sr cm^-1),W/(cm^2 cm^-1),W/(m^2 sr um),W/(m^2 um),value_si=value_native*1e8/(wavelength_um^2),3032.0,3.2981530343007917,0.0807
mwir_std_trans,D:\HwaSimIR\HwaSim_IR\Bin\Config\Atmosphere\MODTRAN\raw\audit_mwir_standard_20260906\mwir_std_trans\MODOUT2.txt,W/(cm^2 sr cm^-1),W/(cm^2 cm^-1),W/(m^2 sr um),W/(m^2 um),value_si=value_native*1e8/(wavelength_um^2),3033.0,3.297065611605671,0.6984
mwir_std_trans,D:\HwaSimIR\HwaSim_IR\Bin\Config\Atmosphere\MODTRAN\raw\audit_mwir_standard_20260906\mwir_std_trans\MODOUT2.txt,W/(cm^2 sr cm^-1),W/(cm^2 cm^-1),W/(m^2 sr um),W/(m^2 um),value_si=value_native*1e8/(wavelength_um^2),3034.0,3.2959789057350033,0.2185
mwir_std_trans,D:\HwaSimIR\HwaSim_IR\Bin\Config\Atmosphere\MODTRAN\raw\audit_mwir_standard_20260906\mwir_std_trans\MODOUT2.txt,W/(cm^2 sr cm^-1),W/(cm^2 cm^-1),W/(m^2 sr um),W/(m^2 um),value_si=value_native*1e8/(wavelength_um^2),3035.0,3.2948929159802307,0.5268
mwir_std_trans,D:\HwaSimIR\HwaSim_IR\Bin\Config\Atmosphere\MODTRAN\raw\audit_mwir_standard_20260906\mwir_std_trans\MODOUT2.txt,W/(cm^2 sr cm^-1),W/(cm^2 cm^-1),W/(m^2 sr um),W/(m^2 um),value_si=value_native*1e8/(wavelength_um^2),3036.0,3.2938076416337285,0.4526
mwir_std_trans,D:\HwaSimIR\HwaSim_IR\Bin\Config\Atmosphere\MODTRAN\raw\audit_mwir_standard_20260906\mwir_std_trans\MODOUT2.txt,W/(cm^2 sr cm^-1),W/(cm^2 cm^-1),W/(m^2 sr um),W/(m^2 um),value_si=value_native*1e8/(wavelength_um^2),3037.0,3.2927230819888047,0.8574
mwir_std_trans,D:\HwaSimIR\HwaSim_IR\Bin\Config\Atmosphere\MODTRAN\raw\audit_mwir_standard_20260906\mwir_std_trans\MODOUT2.txt,W/(cm^2 sr cm^-1),W/(cm^2 cm^-1),W/(m^2 sr um),W/(m^2 um),value_si=value_native*1e8/(wavelength_um^2),3038.0,3.291639236339697,0.6886
mwir_std_trans,D:\HwaSimIR\HwaSim_IR\Bin\Config\Atmosphere\MODTRAN\raw\audit_mwir_standard_20260906\mwir_std_trans\MODOUT2.txt,W/(cm^2 sr cm^-1),W/(cm^2 cm^-1),W/(m^2 sr um),W/(m^2 um),value_si=value_native*1e8/(wavelength_um^2),3039.0,3.2905561039815727,0.8279
mwir_std_trans,D:\HwaSimIR\HwaSim_IR\Bin\Config\Atmosphere\MODTRAN\raw\audit_mwir_standard_20260906\mwir_std_trans\MODOUT2.txt,W/(cm^2 sr cm^-1),W/(cm^2 cm^-1),W/(m^2 sr um),W/(m^2 um),value_si=value_native*1e8/(wavelength_um^2),3040.0,3.289473684210526,0.9508
mwir_std_trans,D:\HwaSimIR\HwaSim_IR\Bin\Config\Atmosphere\MODTRAN\raw\audit_mwir_standard_20260906\mwir_std_trans\MODOUT2.txt,W/(cm^2 sr cm^-1),W/(cm^2 cm^-1),W/(m^2 sr um),W/(m^2 um),value_si=value_native*1e8/(wavelength_um^2),3041.0,3.288391976323578,0.956
mwir_std_trans,D:\HwaSimIR\HwaSim_IR\Bin\Config\Atmosphere\MODTRAN\raw\audit_mwir_standard_20260906\mwir_std_trans\MODOUT2.txt,W/(cm^2 sr cm^-1),W/(cm^2 cm^-1),W/(m^2 sr um),W/(m^2 um),value_si=value_native*1e8/(wavelength_um^2),3042.0,3.287310979618672,0.9394
mwir_std_trans,D:\HwaSimIR\HwaSim_IR\Bin\Config\Atmosphere\MODTRAN\raw\audit_mwir_standard_20260906\mwir_std_trans\MODOUT2.txt,W/(cm^2 sr cm^-1),W/(cm^2 cm^-1),W/(m^2 sr um),W/(m^2 um),value_si=value_native*1e8/(wavelength_um^2),3043.0,3.286230693394676,0.9492
mwir_std_trans,D:\HwaSimIR\HwaSim_IR\Bin\Config\Atmosphere\MODTRAN\raw\audit_mwir_standard_20260906\mwir_std_trans\MODOUT2.txt,W/(cm^2 sr cm^-1),W/(cm^2 cm^-1),W/(m^2 sr um),W/(m^2 um),value_si=value_native*1e8/(wavelength_um^2),3044.0,3.2851511169513796,0.9182
mwir_std_trans,D:\HwaSimIR\HwaSim_IR\Bin\Config\Atmosphere\MODTRAN\raw\audit_mwir_standard_20260906\mwir_std_trans\MODOUT2.txt,W/(cm^2 sr cm^-1),W/(cm^2 cm^-1),W/(m^2 sr um),W/(m^2 um),value_si=value_native*1e8/(wavelength_um^2),3045.0,3.284072249589491,0.9508
mwir_std_trans,D:\HwaSimIR\HwaSim_IR\Bin\Config\Atmosphere\MODTRAN\raw\audit_mwir_standard_20260906\mwir_std_trans\MODOUT2.txt,W/(cm^2 sr cm^-1),W/(cm^2 cm^-1),W/(m^2 sr um),W/(m^2 um),value_si=value_native*1e8/(wavelength_um^2),3046.0,3.2829940906106367,0.9363
mwir_std_trans,D:\HwaSimIR\HwaSim_IR\Bin\Config\Atmosphere\MODTRAN\raw\audit_mwir_standard_20260906\mwir_std_trans\MODOUT2.txt,W/(cm^2 sr cm^-1),W/(cm^2 cm^-1),W/(m^2 sr um),W/(m^2 um),value_si=value_native*1e8/(wavelength_um^2),3047.0,3.2819166393173616,0.8857
mwir_std_trans,D:\HwaSimIR\HwaSim_IR\Bin\Config\Atmosphere\MODTRAN\raw\audit_mwir_standard_20260906\mwir_std_trans\MODOUT2.txt,W/(cm^2 sr cm^-1),W/(cm^2 cm^-1),W/(m^2 sr um),W/(m^2 um),value_si=value_native*1e8/(wavelength_um^2),3048.0,3.2808398950131235,0.2943
mwir_std_trans,D:\HwaSimIR\HwaSim_IR\Bin\Config\Atmosphere\MODTRAN\raw\audit_mwir_standard_20260906\mwir_std_trans\MODOUT2.txt,W/(cm^2 sr cm^-1),W/(cm^2 cm^-1),W/(m^2 sr um),W/(m^2 um),value_si=value_native*1e8/(wavelength_um^2),3049.0,3.279763857002296,0.0806
mwir_std_trans,D:\HwaSimIR\HwaSim_IR\Bin\Config\Atmosphere\MODTRAN\raw\audit_mwir_standard_20260906\mwir_std_trans\MODOUT2.txt,W/(cm^2 sr cm^-1),W/(cm^2 cm^-1),W/(m^2 sr um),W/(m^2 um),value_si=value_native*1e8/(wavelength_um^2),3050.0,3.278688524590164,0.7814
mwir_std_trans,D:\HwaSimIR\HwaSim_IR\Bin\Config\Atmosphere\MODTRAN\raw\audit_mwir_standard_20260906\mwir_std_trans\MODOUT2.txt,W/(cm^2 sr cm^-1),W/(cm^2 cm^-1),W/(m^2 sr um),W/(m^2 um),value_si=value_native*1e8/(wavelength_um^2),3051.0,3.2776138970829236,0.8506
mwir_std_trans,D:\HwaSimIR\HwaSim_IR\Bin\Config\Atmosphere\MODTRAN\raw\audit_mwir_standard_20260906\mwir_std_trans\MODOUT2.txt,W/(cm^2 sr cm^-1),W/(cm^2 cm^-1),W/(m^2 sr um),W/(m^2 um),value_si=value_native*1e8/(wavelength_um^2),3052.0,3.2765399737876804,0.8721
mwir_std_trans,D:\HwaSimIR\HwaSim_IR\Bin\Config\Atmosphere\MODTRAN\raw\audit_mwir_standard_20260906\mwir_std_trans\MODOUT2.txt,W/(cm^2 sr cm^-1),W/(cm^2 cm^-1),W/(m^2 sr um),W/(m^2 um),value_si=value_native*1e8/(wavelength_um^2),3053.0,3.275466754012447,0.9158
mwir_std_trans,D:\HwaSimIR\HwaSim_IR\Bin\Config\Atmosphere\MODTRAN\raw\audit_mwir_standard_20260906\mwir_std_trans\MODOUT2.txt,W/(cm^2 sr cm^-1),W/(cm^2 cm^-1),W/(m^2 sr um),W/(m^2 um),value_si=value_native*1e8/(wavelength_um^2),3054.0,3.2743942370661427,0.8971
mwir_std_trans,D:\HwaSimIR\HwaSim_IR\Bin\Config\Atmosphere\MODTRAN\raw\audit_mwir_standard_20260906\mwir_std_trans\MODOUT2.txt,W/(cm^2 sr cm^-1),W/(cm^2 cm^-1),W/(m^2 sr um),W/(m^2 um),value_si=value_native*1e8/(wavelength_um^2),3055.0,3.2733224222585924,0.7459
mwir_std_trans,D:\HwaSimIR\HwaSim_IR\Bin\Config\Atmosphere\MODTRAN\raw\audit_mwir_standard_20260906\mwir_std_trans\MODOUT2.txt,W/(cm^2 sr cm^-1),W/(cm^2 cm^-1),W/(m^2 sr um),W/(m^2 um),value_si=value_native*1e8/(wavelength_um^2),3056.0,3.2722513089005236,0.153
mwir_std_trans,D:\HwaSimIR\HwaSim_IR\Bin\Config\Atmosphere\MODTRAN\raw\audit_mwir_standard_20260906\mwir_std_trans\MODOUT2.txt,W/(cm^2 sr cm^-1),W/(cm^2 cm^-1),W/(m^2 sr um),W/(m^2 um),value_si=value_native*1e8/(wavelength_um^2),3057.0,3.271180896303566,0.1739
mwir_std_trans,D:\HwaSimIR\HwaSim_IR\Bin\Config\Atmosphere\MODTRAN\raw\audit_mwir_standard_20260906\mwir_std_trans\MODOUT2.txt,W/(cm^2 sr cm^-1),W/(cm^2 cm^-1),W/(m^2 sr um),W/(m^2 um),value_si=value_native*1e8/(wavelength_um^2),3058.0,3.2701111837802483,0.2787
mwir_std_trans,D:\HwaSimIR\HwaSim_IR\Bin\Config\Atmosphere\MODTRAN\raw\audit_mwir_standard_20260906\mwir_std_trans\MODOUT2.txt,W/(cm^2 sr cm^-1),W/(cm^2 cm^-1),W/(m^2 sr um),W/(m^2 um),value_si=value_native*1e8/(wavelength_um^2),3059.0,3.2690421706440014,0.7623
mwir_std_trans,D:\HwaSimIR\HwaSim_IR\Bin\Config\Atmosphere\MODTRAN\raw\audit_mwir_standard_20260906\mwir_std_trans\MODOUT2.txt,W/(cm^2 sr cm^-1),W/(cm^2 cm^-1),W/(m^2 sr um),W/(m^2 um),value_si=value_native*1e8/(wavelength_um^2),3060.0,3.2679738562091503,0.3028
mwir_std_trans,D:\HwaSimIR\HwaSim_IR\Bin\Config\Atmosphere\MODTRAN\raw\audit_mwir_standard_20260906\mwir_std_trans\MODOUT2.txt,W/(cm^2 sr cm^-1),W/(cm^2 cm^-1),W/(m^2 sr um),W/(m^2 um),value_si=value_native*1e8/(wavelength_um^2),3061.0,3.266906239790918,0.7521
mwir_std_trans,D:\HwaSimIR\HwaSim_IR\Bin\Config\Atmosphere\MODTRAN\raw\audit_mwir_standard_20260906\mwir_std_trans\MODOUT2.txt,W/(cm^2 sr cm^-1),W/(cm^2 cm^-1),W/(m^2 sr um),W/(m^2 um),value_si=value_native*1e8/(wavelength_um^2),3062.0,3.2658393207054215,0.8667
mwir_std_trans,D:\HwaSimIR\HwaSim_IR\Bin\Config\Atmosphere\MODTRAN\raw\audit_mwir_standard_20260906\mwir_std_trans\MODOUT2.txt,W/(cm^2 sr cm^-1),W/(cm^2 cm^-1),W/(m^2 sr um),W/(m^2 um),value_si=value_native*1e8/(wavelength_um^2),3063.0,3.26477309826967,0.7501
mwir_std_trans,D:\HwaSimIR\HwaSim_IR\Bin\Config\Atmosphere\MODTRAN\raw\audit_mwir_standard_20260906\mwir_std_trans\MODOUT2.txt,W/(cm^2 sr cm^-1),W/(cm^2 cm^-1),W/(m^2 sr um),W/(m^2 um),value_si=value_native*1e8/(wavelength_um^2),3064.0,3.2637075718015667,0.2475
mwir_std_trans,D:\HwaSimIR\HwaSim_IR\Bin\Config\Atmosphere\MODTRAN\raw\audit_mwir_standard_20260906\mwir_std_trans\MODOUT2.txt,W/(cm^2 sr cm^-1),W/(cm^2 cm^-1),W/(m^2 sr um),W/(m^2 um),value_si=value_native*1e8/(wavelength_um^2),3065.0,3.2626427406199023,0.374
mwir_std_trans,D:\HwaSimIR\HwaSim_IR\Bin\Config\Atmosphere\MODTRAN\raw\audit_mwir_standard_20260906\mwir_std_trans\MODOUT2.txt,W/(cm^2 sr cm^-1),W/(cm^2 cm^-1),W/(m^2 sr um),W/(m^2 um),value_si=value_native*1e8/(wavelength_um^2),3066.0,3.2615786040443573,0.2997
mwir_std_trans,D:\HwaSimIR\HwaSim_IR\Bin\Config\Atmosphere\MODTRAN\raw\audit_mwir_standard_20260906\mwir_std_trans\MODOUT2.txt,W/(cm^2 sr cm^-1),W/(cm^2 cm^-1),W/(m^2 sr um),W/(m^2 um),value_si=value_native*1e8/(wavelength_um^2),3067.0,3.2605151613955003,0.0243
mwir_std_trans,D:\HwaSimIR\HwaSim_IR\Bin\Config\Atmosphere\MODTRAN\raw\audit_mwir_standard_20260906\mwir_std_trans\MODOUT2.txt,W/(cm^2 sr cm^-1),W/(cm^2 cm^-1),W/(m^2 sr um),W/(m^2 um),value_si=value_native*1e8/(wavelength_um^2),3068.0,3.259452411994785,0.4628
mwir_std_trans,D:\HwaSimIR\HwaSim_IR\Bin\Config\Atmosphere\MODTRAN\raw\audit_mwir_standard_20260906\mwir_std_trans\MODOUT2.txt,W/(cm^2 sr cm^-1),W/(cm^2 cm^-1),W/(m^2 sr um),W/(m^2 um),value_si=value_native*1e8/(wavelength_um^2),3069.0,3.258390355164549,0.8139
mwir_std_trans,D:\HwaSimIR\HwaSim_IR\Bin\Config\Atmosphere\MODTRAN\raw\audit_mwir_standard_20260906\mwir_std_trans\MODOUT2.txt,W/(cm^2 sr cm^-1),W/(cm^2 cm^-1),W/(m^2 sr um),W/(m^2 um),value_si=value_native*1e8/(wavelength_um^2),3070.0,3.257328990228013,0.8764
mwir_std_trans,D:\HwaSimIR\HwaSim_IR\Bin\Config\Atmosphere\MODTRAN\raw\audit_mwir_standard_20260906\mwir_std_trans\MODOUT2.txt,W/(cm^2 sr cm^-1),W/(cm^2 cm^-1),W/(m^2 sr um),W/(m^2 um),value_si=value_native*1e8/(wavelength_um^2),3071.0,3.2562683165092805,0.9109
mwir_std_trans,D:\HwaSimIR\HwaSim_IR\Bin\Config\Atmosphere\MODTRAN\raw\audit_mwir_standard_20260906\mwir_std_trans\MODOUT2.txt,W/(cm^2 sr cm^-1),W/(cm^2 cm^-1),W/(m^2 sr um),W/(m^2 um),value_si=value_native*1e8/(wavelength_um^2),3072.0,3.2552083333333335,0.9327
mwir_std_trans,D:\HwaSimIR\HwaSim_IR\Bin\Config\Atmosphere\MODTRAN\raw\audit_mwir_standard_20260906\mwir_std_trans\MODOUT2.txt,W/(cm^2 sr cm^-1),W/(cm^2 cm^-1),W/(m^2 sr um),W/(m^2 um),value_si=value_native*1e8/(wavelength_um^2),3073.0,3.254149040026033,0.8932
mwir_std_trans,D:\HwaSimIR\HwaSim_IR\Bin\Config\Atmosphere\MODTRAN\raw\audit_mwir_standard_20260906\mwir_std_trans\MODOUT2.txt,W/(cm^2 sr cm^-1),W/(cm^2 cm^-1),W/(m^2 sr um),W/(m^2 um),value_si=value_native*1e8/(wavelength_um^2),3074.0,3.2530904359141184,0.9152
mwir_std_trans,D:\HwaSimIR\HwaSim_IR\Bin\Config\Atmosphere\MODTRAN\raw\audit_mwir_standard_20260906\mwir_std_trans\MODOUT2.txt,W/(cm^2 sr cm^-1),W/(cm^2 cm^-1),W/(m^2 sr um),W/(m^2 um),value_si=value_native*1e8/(wavelength_um^2),3075.0,3.252032520325203,0.897
mwir_std_trans,D:\HwaSimIR\HwaSim_IR\Bin\Config\Atmosphere\MODTRAN\raw\audit_mwir_standard_20260906\mwir_std_trans\MODOUT2.txt,W/(cm^2 sr cm^-1),W/(cm^2 cm^-1),W/(m^2 sr um),W/(m^2 um),value_si=value_native*1e8/(wavelength_um^2),3076.0,3.250975292587776,0.6578
mwir_std_trans,D:\HwaSimIR\HwaSim_IR\Bin\Config\Atmosphere\MODTRAN\raw\audit_mwir_standard_20260906\mwir_std_trans\MODOUT2.txt,W/(cm^2 sr cm^-1),W/(cm^2 cm^-1),W/(m^2 sr um),W/(m^2 um),value_si=value_native*1e8/(wavelength_um^2),3077.0,3.249918752031199,0.303
mwir_std_trans,D:\HwaSimIR\HwaSim_IR\Bin\Config\Atmosphere\MODTRAN\raw\audit_mwir_standard_20260906\mwir_std_trans\MODOUT2.txt,W/(cm^2 sr cm^-1),W/(cm^2 cm^-1),W/(m^2 sr um),W/(m^2 um),value_si=value_native*1e8/(wavelength_um^2),3078.0,3.248862897985705,0.2161
mwir_std_trans,D:\HwaSimIR\HwaSim_IR\Bin\Config\Atmosphere\MODTRAN\raw\audit_mwir_standard_20260906\mwir_std_trans\MODOUT2.txt,W/(cm^2 sr cm^-1),W/(cm^2 cm^-1),W/(m^2 sr um),W/(m^2 um),value_si=value_native*1e8/(wavelength_um^2),3079.0,3.247807729782397,0.4286
mwir_std_trans,D:\HwaSimIR\HwaSim_IR\Bin\Config\Atmosphere\MODTRAN\raw\audit_mwir_standard_20260906\mwir_std_trans\MODOUT2.txt,W/(cm^2 sr cm^-1),W/(cm^2 cm^-1),W/(m^2 sr um),W/(m^2 um),value_si=value_native*1e8/(wavelength_um^2),3080.0,3.2467532467532467,0.23
mwir_std_trans,D:\HwaSimIR\HwaSim_IR\Bin\Config\Atmosphere\MODTRAN\raw\audit_mwir_standard_20260906\mwir_std_trans\MODOUT2.txt,W/(cm^2 sr cm^-1),W/(cm^2 cm^-1),W/(m^2 sr um),W/(m^2 um),value_si=value_native*1e8/(wavelength_um^2),3081.0,3.2456994482310937,0.3213
mwir_std_trans,D:\HwaSimIR\HwaSim_IR\Bin\Config\Atmosphere\MODTRAN\raw\audit_mwir_standard_20260906\mwir_std_trans\MODOUT2.txt,W/(cm^2 sr cm^-1),W/(cm^2 cm^-1),W/(m^2 sr um),W/(m^2 um),value_si=value_native*1e8/(wavelength_um^2),3082.0,3.244646333549643,0.4375
mwir_std_trans,D:\HwaSimIR\HwaSim_IR\Bin\Config\Atmosphere\MODTRAN\raw\audit_mwir_standard_20260906\mwir_std_trans\MODOUT2.txt,W/(cm^2 sr cm^-1),W/(cm^2 cm^-1),W/(m^2 sr um),W/(m^2 um),value_si=value_native*1e8/(wavelength_um^2),3083.0,3.243593902043464,0.4386
mwir_std_trans,D:\HwaSimIR\HwaSim_IR\Bin\Config\Atmosphere\MODTRAN\raw\audit_mwir_standard_20260906\mwir_std_trans\MODOUT2.txt,W/(cm^2 sr cm^-1),W/(cm^2 cm^-1),W/(m^2 sr um),W/(m^2 um),value_si=value_native*1e8/(wavelength_um^2),3084.0,3.2425421530479897,0.8145
mwir_std_trans,D:\HwaSimIR\HwaSim_IR\Bin\Config\Atmosphere\MODTRAN\raw\audit_mwir_standard_20260906\mwir_std_trans\MODOUT2.txt,W/(cm^2 sr cm^-1),W/(cm^2 cm^-1),W/(m^2 sr um),W/(m^2 um),value_si=value_native*1e8/(wavelength_um^2),3085.0,3.2414910858995136,0.7449
mwir_std_trans,D:\HwaSimIR\HwaSim_IR\Bin\Config\Atmosphere\MODTRAN\raw\audit_mwir_standard_20260906\mwir_std_trans\MODOUT2.txt,W/(cm^2 sr cm^-1),W/(cm^2 cm^-1),W/(m^2 sr um),W/(m^2 um),value_si=value_native*1e8/(wavelength_um^2),3086.0,3.240440699935191,0.1313
mwir_std_trans,D:\HwaSimIR\HwaSim_IR\Bin\Config\Atmosphere\MODTRAN\raw\audit_mwir_standard_20260906\mwir_std_trans\MODOUT2.txt,W/(cm^2 sr cm^-1),W/(cm^2 cm^-1),W/(m^2 sr um),W/(m^2 um),value_si=value_native*1e8/(wavelength_um^2),3087.0,3.2393909944930352,0.4556
mwir_std_trans,D:\HwaSimIR\HwaSim_IR\Bin\Config\Atmosphere\MODTRAN\raw\audit_mwir_standard_20260906\mwir_std_trans\MODOUT2.txt,W/(cm^2 sr cm^-1),W/(cm^2 cm^-1),W/(m^2 sr um),W/(m^2 um),value_si=value_native*1e8/(wavelength_um^2),3088.0,3.238341968911917,0.8101
mwir_std_trans,D:\HwaSimIR\HwaSim_IR\Bin\Config\Atmosphere\MODTRAN\raw\audit_mwir_standard_20260906\mwir_std_trans\MODOUT2.txt,W/(cm^2 sr cm^-1),W/(cm^2 cm^-1),W/(m^2 sr um),W/(m^2 um),value_si=value_native*1e8/(wavelength_um^2),3089.0,3.237293622531564,0.9129
mwir_std_trans,D:\HwaSimIR\HwaSim_IR\Bin\Config\Atmosphere\MODTRAN\raw\audit_mwir_standard_20260906\mwir_std_trans\MODOUT2.txt,W/(cm^2 sr cm^-1),W/(cm^2 cm^-1),W/(m^2 sr um),W/(m^2 um),value_si=value_native*1e8/(wavelength_um^2),3090.0,3.236245954692557,0.8373
mwir_std_trans,D:\HwaSimIR\HwaSim_IR\Bin\Config\Atmosphere\MODTRAN\raw\audit_mwir_standard_20260906\mwir_std_trans\MODOUT2.txt,W/(cm^2 sr cm^-1),W/(cm^2 cm^-1),W/(m^2 sr um),W/(m^2 um),value_si=value_native*1e8/(wavelength_um^2),3091.0,3.2351989647363313,0.9072
mwir_std_trans,D:\HwaSimIR\HwaSim_IR\Bin\Config\Atmosphere\MODTRAN\raw\audit_mwir_standard_20260906\mwir_std_trans\MODOUT2.txt,W/(cm^2 sr cm^-1),W/(cm^2 cm^-1),W/(m^2 sr um),W/(m^2 um),value_si=value_native*1e8/(wavelength_um^2),3092.0,3.2341526520051747,0.8929
mwir_std_trans,D:\HwaSimIR\HwaSim_IR\Bin\Config\Atmosphere\MODTRAN\raw\audit_mwir_standard_20260906\mwir_std_trans\MODOUT2.txt,W/(cm^2 sr cm^-1),W/(cm^2 cm^-1),W/(m^2 sr um),W/(m^2 um),value_si=value_native*1e8/(wavelength_um^2),3093.0,3.2331070158422244,0.7265
mwir_std_trans,D:\HwaSimIR\HwaSim_IR\Bin\Config\Atmosphere\MODTRAN\raw\audit_mwir_standard_20260906\mwir_std_trans\MODOUT2.txt,W/(cm^2 sr cm^-1),W/(cm^2 cm^-1),W/(m^2 sr um),W/(m^2 um),value_si=value_native*1e8/(wavelength_um^2),3094.0,3.2320620555914674,0.284
mwir_std_trans,D:\HwaSimIR\HwaSim_IR\Bin\Config\Atmosphere\MODTRAN\raw\audit_mwir_standard_20260906\mwir_std_trans\MODOUT2.txt,W/(cm^2 sr cm^-1),W/(cm^2 cm^-1),W/(m^2 sr um),W/(m^2 um),value_si=value_native*1e8/(wavelength_um^2),3095.0,3.231017770597738,0.0944
mwir_std_trans,D:\HwaSimIR\HwaSim_IR\Bin\Config\Atmosphere\MODTRAN\raw\audit_mwir_standard_20260906\mwir_std_trans\MODOUT2.txt,W/(cm^2 sr cm^-1),W/(cm^2 cm^-1),W/(m^2 sr um),W/(m^2 um),value_si=value_native*1e8/(wavelength_um^2),3096.0,3.2299741602067185,0.041
mwir_std_trans,D:\HwaSimIR\HwaSim_IR\Bin\Config\Atmosphere\MODTRAN\raw\audit_mwir_standard_20260906\mwir_std_trans\MODOUT2.txt,W/(cm^2 sr cm^-1),W/(cm^2 cm^-1),W/(m^2 sr um),W/(m^2 um),value_si=value_native*1e8/(wavelength_um^2),3097.0,3.228931223764934,0.3683
mwir_std_trans,D:\HwaSimIR\HwaSim_IR\Bin\Config\Atmosphere\MODTRAN\raw\audit_mwir_standard_20260906\mwir_std_trans\MODOUT2.txt,W/(cm^2 sr cm^-1),W/(cm^2 cm^-1),W/(m^2 sr um),W/(m^2 um),value_si=value_native*1e8/(wavelength_um^2),3098.0,3.2278889606197545,0.7753
mwir_std_trans,D:\HwaSimIR\HwaSim_IR\Bin\Config\Atmosphere\MODTRAN\raw\audit_mwir_standard_20260906\mwir_std_trans\MODOUT2.txt,W/(cm^2 sr cm^-1),W/(cm^2 cm^-1),W/(m^2 sr um),W/(m^2 um),value_si=value_native*1e8/(wavelength_um^2),3099.0,3.226847370119393,0.5401
mwir_std_trans,D:\HwaSimIR\HwaSim_IR\Bin\Config\Atmosphere\MODTRAN\raw\audit_mwir_standard_20260906\mwir_std_trans\MODOUT2.txt,W/(cm^2 sr cm^-1),W/(cm^2 cm^-1),W/(m^2 sr um),W/(m^2 um),value_si=value_native*1e8/(wavelength_um^2),3100.0,3.225806451612903,0.1828
mwir_std_trans,D:\HwaSimIR\HwaSim_IR\Bin\Config\Atmosphere\MODTRAN\raw\audit_mwir_standard_20260906\mwir_std_trans\MODOUT2.txt,W/(cm^2 sr cm^-1),W/(cm^2 cm^-1),W/(m^2 sr um),W/(m^2 um),value_si=value_native*1e8/(wavelength_um^2),3101.0,3.2247662044501775,0.0806
mwir_std_trans,D:\HwaSimIR\HwaSim_IR\Bin\Config\Atmosphere\MODTRAN\raw\audit_mwir_standard_20260906\mwir_std_trans\MODOUT2.txt,W/(cm^2 sr cm^-1),W/(cm^2 cm^-1),W/(m^2 sr um),W/(m^2 um),value_si=value_native*1e8/(wavelength_um^2),3102.0,3.223726627981947,0.285
mwir_std_trans,D:\HwaSimIR\HwaSim_IR\Bin\Config\Atmosphere\MODTRAN\raw\audit_mwir_standard_20260906\mwir_std_trans\MODOUT2.txt,W/(cm^2 sr cm^-1),W/(cm^2 cm^-1),W/(m^2 sr um),W/(m^2 um),value_si=value_native*1e8/(wavelength_um^2),3103.0,3.222687721559781,0.1184
mwir_std_trans,D:\HwaSimIR\HwaSim_IR\Bin\Config\Atmosphere\MODTRAN\raw\audit_mwir_standard_20260906\mwir_std_trans\MODOUT2.txt,W/(cm^2 sr cm^-1),W/(cm^2 cm^-1),W/(m^2 sr um),W/(m^2 um),value_si=value_native*1e8/(wavelength_um^2),3104.0,3.2216494845360826,0.37
mwir_std_trans,D:\HwaSimIR\HwaSim_IR\Bin\Config\Atmosphere\MODTRAN\raw\audit_mwir_standard_20260906\mwir_std_trans\MODOUT2.txt,W/(cm^2 sr cm^-1),W/(cm^2 cm^-1),W/(m^2 sr um),W/(m^2 um),value_si=value_native*1e8/(wavelength_um^2),3105.0,3.2206119162640903,0.5887
mwir_std_trans,D:\HwaSimIR\HwaSim_IR\Bin\Config\Atmosphere\MODTRAN\raw\audit_mwir_standard_20260906\mwir_std_trans\MODOUT2.txt,W/(cm^2 sr cm^-1),W/(cm^2 cm^-1),W/(m^2 sr um),W/(m^2 um),value_si=value_native*1e8/(wavelength_um^2),3106.0,3.219575016097875,0.7402
mwir_std_trans,D:\HwaSimIR\HwaSim_IR\Bin\Config\Atmosphere\MODTRAN\raw\audit_mwir_standard_20260906\mwir_std_trans\MODOUT2.txt,W/(cm^2 sr cm^-1),W/(cm^2 cm^-1),W/(m^2 sr um),W/(m^2 um),value_si=value_native*1e8/(wavelength_um^2),3107.0,3.21853878339234,0.3995
mwir_std_trans,D:\HwaSimIR\HwaSim_IR\Bin\Config\Atmosphere\MODTRAN\raw\audit_mwir_standard_20260906\mwir_std_trans\MODOUT2.txt,W/(cm^2 sr cm^-1),W/(cm^2 cm^-1),W/(m^2 sr um),W/(m^2 um),value_si=value_native*1e8/(wavelength_um^2),3108.0,3.2175032175032174,0.4015
mwir_std_trans,D:\HwaSimIR\HwaSim_IR\Bin\Config\Atmosphere\MODTRAN\raw\audit_mwir_standard_20260906\mwir_std_trans\MODOUT2.txt,W/(cm^2 sr cm^-1),W/(cm^2 cm^-1),W/(m^2 sr um),W/(m^2 um),value_si=value_native*1e8/(wavelength_um^2),3109.0,3.21646831778707,0.6289
mwir_std_trans,D:\HwaSimIR\HwaSim_IR\Bin\Config\Atmosphere\MODTRAN\raw\audit_mwir_standard_20260906\mwir_std_trans\MODOUT2.txt,W/(cm^2 sr cm^-1),W/(cm^2 cm^-1),W/(m^2 sr um),W/(m^2 um),value_si=value_native*1e8/(wavelength_um^2),3110.0,3.215434083601286,0.2187
mwir_std_trans,D:\HwaSimIR\HwaSim_IR\Bin\Config\Atmosphere\MODTRAN\raw\audit_mwir_standard_20260906\mwir_std_trans\MODOUT2.txt,W/(cm^2 sr cm^-1),W/(cm^2 cm^-1),W/(m^2 sr um),W/(m^2 um),value_si=value_native*1e8/(wavelength_um^2),3111.0,3.2144005143040824,0.6678
mwir_std_trans,D:\HwaSimIR\HwaSim_IR\Bin\Config\Atmosphere\MODTRAN\raw\audit_mwir_standard_20260906\mwir_std_trans\MODOUT2.txt,W/(cm^2 sr cm^-1),W/(cm^2 cm^-1),W/(m^2 sr um),W/(m^2 um),value_si=value_native*1e8/(wavelength_um^2),3112.0,3.2133676092544987,0.2499
mwir_std_trans,D:\HwaSimIR\HwaSim_IR\Bin\Config\Atmosphere\MODTRAN\raw\audit_mwir_standard_20260906\mwir_std_trans\MODOUT2.txt,W/(cm^2 sr cm^-1),W/(cm^2 cm^-1),W/(m^2 sr um),W/(m^2 um),value_si=value_native*1e8/(wavelength_um^2),3113.0,3.2123353678123996,0.3683
mwir_std_trans,D:\HwaSimIR\HwaSim_IR\Bin\Config\Atmosphere\MODTRAN\raw\audit_mwir_standard_20260906\mwir_std_trans\MODOUT2.txt,W/(cm^2 sr cm^-1),W/(cm^2 cm^-1),W/(m^2 sr um),W/(m^2 um),value_si=value_native*1e8/(wavelength_um^2),3114.0,3.2113037893384715,0.2796
mwir_std_trans,D:\HwaSimIR\HwaSim_IR\Bin\Config\Atmosphere\MODTRAN\raw\audit_mwir_standard_20260906\mwir_std_trans\MODOUT2.txt,W/(cm^2 sr cm^-1),W/(cm^2 cm^-1),W/(m^2 sr um),W/(m^2 um),value_si=value_native*1e8/(wavelength_um^2),3115.0,3.2102728731942216,0.325
mwir_std_trans,D:\HwaSimIR\HwaSim_IR\Bin\Config\Atmosphere\MODTRAN\raw\audit_mwir_standard_20260906\mwir_std_trans\MODOUT2.txt,W/(cm^2 sr cm^-1),W/(cm^2 cm^-1),W/(m^2 sr um),W/(m^2 um),value_si=value_native*1e8/(wavelength_um^2),3116.0,3.209242618741977,0.0624
mwir_std_trans,D:\HwaSimIR\HwaSim_IR\Bin\Config\Atmosphere\MODTRAN\raw\audit_mwir_standard_20260906\mwir_std_trans\MODOUT2.txt,W/(cm^2 sr cm^-1),W/(cm^2 cm^-1),W/(m^2 sr um),W/(m^2 um),value_si=value_native*1e8/(wavelength_um^2),3117.0,3.208213025344883,0.531
mwir_std_trans,D:\HwaSimIR\HwaSim_IR\Bin\Config\Atmosphere\MODTRAN\raw\audit_mwir_standard_20260906\mwir_std_trans\MODOUT2.txt,W/(cm^2 sr cm^-1),W/(cm^2 cm^-1),W/(m^2 sr um),W/(m^2 um),value_si=value_native*1e8/(wavelength_um^2),3118.0,3.207184092366902,0.2532
mwir_std_trans,D:\HwaSimIR\HwaSim_IR\Bin\Config\Atmosphere\MODTRAN\raw\audit_mwir_standard_20260906\mwir_std_trans\MODOUT2.txt,W/(cm^2 sr cm^-1),W/(cm^2 cm^-1),W/(m^2 sr um),W/(m^2 um),value_si=value_native*1e8/(wavelength_um^2),3119.0,3.2061558191728117,0.0684
mwir_std_trans,D:\HwaSimIR\HwaSim_IR\Bin\Config\Atmosphere\MODTRAN\raw\audit_mwir_standard_20260906\mwir_std_trans\MODOUT2.txt,W/(cm^2 sr cm^-1),W/(cm^2 cm^-1),W/(m^2 sr um),W/(m^2 um),value_si=value_native*1e8/(wavelength_um^2),3120.0,3.2051282051282053,0.6322
mwir_std_trans,D:\HwaSimIR\HwaSim_IR\Bin\Config\Atmosphere\MODTRAN\raw\audit_mwir_standard_20260906\mwir_std_trans\MODOUT2.txt,W/(cm^2 sr cm^-1),W/(cm^2 cm^-1),W/(m^2 sr um),W/(m^2 um),value_si=value_native*1e8/(wavelength_um^2),3121.0,3.2041012495994874,0.6682
mwir_std_trans,D:\HwaSimIR\HwaSim_IR\Bin\Config\Atmosphere\MODTRAN\raw\audit_mwir_standard_20260906\mwir_std_trans\MODOUT2.txt,W/(cm^2 sr cm^-1),W/(cm^2 cm^-1),W/(m^2 sr um),W/(m^2 um),value_si=value_native*1e8/(wavelength_um^2),3122.0,3.2030749519538757,0.1231
mwir_std_trans,D:\HwaSimIR\HwaSim_IR\Bin\Config\Atmosphere\MODTRAN\raw\audit_mwir_standard_20260906\mwir_std_trans\MODOUT2.txt,W/(cm^2 sr cm^-1),W/(cm^2 cm^-1),W/(m^2 sr um),W/(m^2 um),value_si=value_native*1e8/(wavelength_um^2),3123.0,3.202049311559398,0.0244
mwir_std_trans,D:\HwaSimIR\HwaSim_IR\Bin\Config\Atmosphere\MODTRAN\raw\audit_mwir_standard_20260906\mwir_std_trans\MODOUT2.txt,W/(cm^2 sr cm^-1),W/(cm^2 cm^-1),W/(m^2 sr um),W/(m^2 um),value_si=value_native*1e8/(wavelength_um^2),3124.0,3.201024327784891,0.7295
mwir_std_trans,D:\HwaSimIR\HwaSim_IR\Bin\Config\Atmosphere\MODTRAN\raw\audit_mwir_standard_20260906\mwir_std_trans\MODOUT2.txt,W/(cm^2 sr cm^-1),W/(cm^2 cm^-1),W/(m^2 sr um),W/(m^2 um),value_si=value_native*1e8/(wavelength_um^2),3125.0,3.2,0.4671
mwir_std_trans,D:\HwaSimIR\HwaSim_IR\Bin\Config\Atmosphere\MODTRAN\raw\audit_mwir_standard_20260906\mwir_std_trans\MODOUT2.txt,W/(cm^2 sr cm^-1),W/(cm^2 cm^-1),W/(m^2 sr um),W/(m^2 um),value_si=value_native*1e8/(wavelength_um^2),3126.0,3.198976327575176,0.212
mwir_std_trans,D:\HwaSimIR\HwaSim_IR\Bin\Config\Atmosphere\MODTRAN\raw\audit_mwir_standard_20260906\mwir_std_trans\MODOUT2.txt,W/(cm^2 sr cm^-1),W/(cm^2 cm^-1),W/(m^2 sr um),W/(m^2 um),value_si=value_native*1e8/(wavelength_um^2),3127.0,3.197953309881676,0.1121
mwir_std_trans,D:\HwaSimIR\HwaSim_IR\Bin\Config\Atmosphere\MODTRAN\raw\audit_mwir_standard_20260906\mwir_std_trans\MODOUT2.txt,W/(cm^2 sr cm^-1),W/(cm^2 cm^-1),W/(m^2 sr um),W/(m^2 um),value_si=value_native*1e8/(wavelength_um^2),3128.0,3.1969309462915603,0.692
mwir_std_trans,D:\HwaSimIR\HwaSim_IR\Bin\Config\Atmosphere\MODTRAN\raw\audit_mwir_standard_20260906\mwir_std_trans\MODOUT2.txt,W/(cm^2 sr cm^-1),W/(cm^2 cm^-1),W/(m^2 sr um),W/(m^2 um),value_si=value_native*1e8/(wavelength_um^2),3129.0,3.1959092361776924,0.8007
mwir_std_trans,D:\HwaSimIR\HwaSim_IR\Bin\Config\Atmosphere\MODTRAN\raw\audit_mwir_standard_20260906\mwir_std_trans\MODOUT2.txt,W/(cm^2 sr cm^-1),W/(cm^2 cm^-1),W/(m^2 sr um),W/(m^2 um),value_si=value_native*1e8/(wavelength_um^2),3130.0,3.194888178913738,0.8712
mwir_std_trans,D:\HwaSimIR\HwaSim_IR\Bin\Config\Atmosphere\MODTRAN\raw\audit_mwir_standard_20260906\mwir_std_trans\MODOUT2.txt,W/(cm^2 sr cm^-1),W/(cm^2 cm^-1),W/(m^2 sr um),W/(m^2 um),value_si=value_native*1e8/(wavelength_um^2),3131.0,3.1938677738741617,0.5758
mwir_std_trans,D:\HwaSimIR\HwaSim_IR\Bin\Config\Atmosphere\MODTRAN\raw\audit_mwir_standard_20260906\mwir_std_trans\MODOUT2.txt,W/(cm^2 sr cm^-1),W/(cm^2 cm^-1),W/(m^2 sr um),W/(m^2 um),value_si=value_native*1e8/(wavelength_um^2),3132.0,3.1928480204342273,0.4944
mwir_std_trans,D:\HwaSimIR\HwaSim_IR\Bin\Config\Atmosphere\MODTRAN\raw\audit_mwir_standard_20260906\mwir_std_trans\MODOUT2.txt,W/(cm^2 sr cm^-1),W/(cm^2 cm^-1),W/(m^2 sr um),W/(m^2 um),value_si=value_native*1e8/(wavelength_um^2),3133.0,3.191828917969997,0.0398
mwir_std_trans,D:\HwaSimIR\HwaSim_IR\Bin\Config\Atmosphere\MODTRAN\raw\audit_mwir_standard_20260906\mwir_std_trans\MODOUT2.txt,W/(cm^2 sr cm^-1),W/(cm^2 cm^-1),W/(m^2 sr um),W/(m^2 um),value_si=value_native*1e8/(wavelength_um^2),3134.0,3.190810465858328,0.483
mwir_std_trans,D:\HwaSimIR\HwaSim_IR\Bin\Config\Atmosphere\MODTRAN\raw\audit_mwir_standard_20260906\mwir_std_trans\MODOUT2.txt,W/(cm^2 sr cm^-1),W/(cm^2 cm^-1),W/(m^2 sr um),W/(m^2 um),value_si=value_native*1e8/(wavelength_um^2),3135.0,3.189792663476874,0.8117
mwir_std_trans,D:\HwaSimIR\HwaSim_IR\Bin\Config\Atmosphere\MODTRAN\raw\audit_mwir_standard_20260906\mwir_std_trans\MODOUT2.txt,W/(cm^2 sr cm^-1),W/(cm^2 cm^-1),W/(m^2 sr um),W/(m^2 um),value_si=value_native*1e8/(wavelength_um^2),3136.0,3.188775510204082,0.8814
mwir_std_trans,D:\HwaSimIR\HwaSim_IR\Bin\Config\Atmosphere\MODTRAN\raw\audit_mwir_standard_20260906\mwir_std_trans\MODOUT2.txt,W/(cm^2 sr cm^-1),W/(cm^2 cm^-1),W/(m^2 sr um),W/(m^2 um),value_si=value_native*1e8/(wavelength_um^2),3137.0,3.18775900541919,0.9163
mwir_std_trans,D:\HwaSimIR\HwaSim_IR\Bin\Config\Atmosphere\MODTRAN\raw\audit_mwir_standard_20260906\mwir_std_trans\MODOUT2.txt,W/(cm^2 sr cm^-1),W/(cm^2 cm^-1),W/(m^2 sr um),W/(m^2 um),value_si=value_native*1e8/(wavelength_um^2),3138.0,3.186743148502231,0.9365
mwir_std_trans,D:\HwaSimIR\HwaSim_IR\Bin\Config\Atmosphere\MODTRAN\raw\audit_mwir_standard_20260906\mwir_std_trans\MODOUT2.txt,W/(cm^2 sr cm^-1),W/(cm^2 cm^-1),W/(m^2 sr um),W/(m^2 um),value_si=value_native*1e8/(wavelength_um^2),3139.0,3.1857279388340234,0.9291
mwir_std_trans,D:\HwaSimIR\HwaSim_IR\Bin\Config\Atmosphere\MODTRAN\raw\audit_mwir_standard_20260906\mwir_std_trans\MODOUT2.txt,W/(cm^2 sr cm^-1),W/(cm^2 cm^-1),W/(m^2 sr um),W/(m^2 um),value_si=value_native*1e8/(wavelength_um^2),3140.0,3.1847133757961785,0.5169
mwir_std_trans,D:\HwaSimIR\HwaSim_IR\Bin\Config\Atmosphere\MODTRAN\raw\audit_mwir_standard_20260906\mwir_std_trans\MODOUT2.txt,W/(cm^2 sr cm^-1),W/(cm^2 cm^-1),W/(m^2 sr um),W/(m^2 um),value_si=value_native*1e8/(wavelength_um^2),3141.0,3.183699458771092,0.8453
mwir_std_trans,D:\HwaSimIR\HwaSim_IR\Bin\Config\Atmosphere\MODTRAN\raw\audit_mwir_standard_20260906\mwir_std_trans\MODOUT2.txt,W/(cm^2 sr cm^-1),W/(cm^2 cm^-1),W/(m^2 sr um),W/(m^2 um),value_si=value_native*1e8/(wavelength_um^2),3142.0,3.1826861871419476,0.8563
mwir_std_trans,D:\HwaSimIR\HwaSim_IR\Bin\Config\Atmosphere\MODTRAN\raw\audit_mwir_standard_20260906\mwir_std_trans\MODOUT2.txt,W/(cm^2 sr cm^-1),W/(cm^2 cm^-1),W/(m^2 sr um),W/(m^2 um),value_si=value_native*1e8/(wavelength_um^2),3143.0,3.181673560292714,0.4761
mwir_std_trans,D:\HwaSimIR\HwaSim_IR\Bin\Config\Atmosphere\MODTRAN\raw\audit_mwir_standard_20260906\mwir_std_trans\MODOUT2.txt,W/(cm^2 sr cm^-1),W/(cm^2 cm^-1),W/(m^2 sr um),W/(m^2 um),value_si=value_native*1e8/(wavelength_um^2),3144.0,3.1806615776081424,0.9359
mwir_std_trans,D:\HwaSimIR\HwaSim_IR\Bin\Config\Atmosphere\MODTRAN\raw\audit_mwir_standard_20260906\mwir_std_trans\MODOUT2.txt,W/(cm^2 sr cm^-1),W/(cm^2 cm^-1),W/(m^2 sr um),W/(m^2 um),value_si=value_native*1e8/(wavelength_um^2),3145.0,3.179650238473768,0.9586
mwir_std_trans,D:\HwaSimIR\HwaSim_IR\Bin\Config\Atmosphere\MODTRAN\raw\audit_mwir_standard_20260906\mwir_std_trans\MODOUT2.txt,W/(cm^2 sr cm^-1),W/(cm^2 cm^-1),W/(m^2 sr um),W/(m^2 um),value_si=value_native*1e8/(wavelength_um^2),3146.0,3.178639542275906,0.9419
mwir_std_trans,D:\HwaSimIR\HwaSim_IR\Bin\Config\Atmosphere\MODTRAN\raw\audit_mwir_standard_20260906\mwir_std_trans\MODOUT2.txt,W/(cm^2 sr cm^-1),W/(cm^2 cm^-1),W/(m^2 sr um),W/(m^2 um),value_si=value_native*1e8/(wavelength_um^2),3147.0,3.1776294884016525,0.9485
mwir_std_trans,D:\HwaSimIR\HwaSim_IR\Bin\Config\Atmosphere\MODTRAN\raw\audit_mwir_standard_20260906\mwir_std_trans\MODOUT2.txt,W/(cm^2 sr cm^-1),W/(cm^2 cm^-1),W/(m^2 sr um),W/(m^2 um),value_si=value_native*1e8/(wavelength_um^2),3148.0,3.1766200762388817,0.945
mwir_std_trans,D:\HwaSimIR\HwaSim_IR\Bin\Config\Atmosphere\MODTRAN\raw\audit_mwir_standard_20260906\mwir_std_trans\MODOUT2.txt,W/(cm^2 sr cm^-1),W/(cm^2 cm^-1),W/(m^2 sr um),W/(m^2 um),value_si=value_native*1e8/(wavelength_um^2),3149.0,3.1756113051762465,0.5487
mwir_std_trans,D:\HwaSimIR\HwaSim_IR\Bin\Config\Atmosphere\MODTRAN\raw\audit_mwir_standard_20260906\mwir_std_trans\MODOUT2.txt,W/(cm^2 sr cm^-1),W/(cm^2 cm^-1),W/(m^2 sr um),W/(m^2 um),value_si=value_native*1e8/(wavelength_um^2),3150.0,3.1746031746031744,0.9549
mwir_std_trans,D:\HwaSimIR\HwaSim_IR\Bin\Config\Atmosphere\MODTRAN\raw\audit_mwir_standard_20260906\mwir_std_trans\MODOUT2.txt,W/(cm^2 sr cm^-1),W/(cm^2 cm^-1),W/(m^2 sr um),W/(m^2 um),value_si=value_native*1e8/(wavelength_um^2),3151.0,3.17359568390987,0.6907
mwir_std_trans,D:\HwaSimIR\HwaSim_IR\Bin\Config\Atmosphere\MODTRAN\raw\audit_mwir_standard_20260906\mwir_std_trans\MODOUT2.txt,W/(cm^2 sr cm^-1),W/(cm^2 cm^-1),W/(m^2 sr um),W/(m^2 um),value_si=value_native*1e8/(wavelength_um^2),3152.0,3.1725888324873095,0.7471
mwir_std_trans,D:\HwaSimIR\HwaSim_IR\Bin\Config\Atmosphere\MODTRAN\raw\audit_mwir_standard_20260906\mwir_std_trans\MODOUT2.txt,W/(cm^2 sr cm^-1),W/(cm^2 cm^-1),W/(m^2 sr um),W/(m^2 um),value_si=value_native*1e8/(wavelength_um^2),3153.0,3.171582619727244,0.9271
mwir_std_trans,D:\HwaSimIR\HwaSim_IR\Bin\Config\Atmosphere\MODTRAN\raw\audit_mwir_standard_20260906\mwir_std_trans\MODOUT2.txt,W/(cm^2 sr cm^-1),W/(cm^2 cm^-1),W/(m^2 sr um),W/(m^2 um),value_si=value_native*1e8/(wavelength_um^2),3154.0,3.170577045022194,0.9687
mwir_std_trans,D:\HwaSimIR\HwaSim_IR\Bin\Config\Atmosphere\MODTRAN\raw\audit_mwir_standard_20260906\mwir_std_trans\MODOUT2.txt,W/(cm^2 sr cm^-1),W/(cm^2 cm^-1),W/(m^2 sr um),W/(m^2 um),value_si=value_native*1e8/(wavelength_um^2),3155.0,3.1695721077654517,0.9257
mwir_std_trans,D:\HwaSimIR\HwaSim_IR\Bin\Config\Atmosphere\MODTRAN\raw\audit_mwir_standard_20260906\mwir_std_trans\MODOUT2.txt,W/(cm^2 sr cm^-1),W/(cm^2 cm^-1),W/(m^2 sr um),W/(m^2 um),value_si=value_native*1e8/(wavelength_um^2),3156.0,3.1685678073510775,0.9586
mwir_std_trans,D:\HwaSimIR\HwaSim_IR\Bin\Config\Atmosphere\MODTRAN\raw\audit_mwir_standard_20260906\mwir_std_trans\MODOUT2.txt,W/(cm^2 sr cm^-1),W/(cm^2 cm^-1),W/(m^2 sr um),W/(m^2 um),value_si=value_native*1e8/(wavelength_um^2),3157.0,3.1675641431738994,0.9109
mwir_std_trans,D:\HwaSimIR\HwaSim_IR\Bin\Config\Atmosphere\MODTRAN\raw\audit_mwir_standard_20260906\mwir_std_trans\MODOUT2.txt,W/(cm^2 sr cm^-1),W/(cm^2 cm^-1),W/(m^2 sr um),W/(m^2 um),value_si=value_native*1e8/(wavelength_um^2),3158.0,3.1665611146295123,0.7778
mwir_std_trans,D:\HwaSimIR\HwaSim_IR\Bin\Config\Atmosphere\MODTRAN\raw\audit_mwir_standard_20260906\mwir_std_trans\MODOUT2.txt,W/(cm^2 sr cm^-1),W/(cm^2 cm^-1),W/(m^2 sr um),W/(m^2 um),value_si=value_native*1e8/(wavelength_um^2),3159.0,3.1655587211142766,0.9653
mwir_std_trans,D:\HwaSimIR\HwaSim_IR\Bin\Config\Atmosphere\MODTRAN\raw\audit_mwir_standard_20260906\mwir_std_trans\MODOUT2.txt,W/(cm^2 sr cm^-1),W/(cm^2 cm^-1),W/(m^2 sr um),W/(m^2 um),value_si=value_native*1e8/(wavelength_um^2),3160.0,3.1645569620253164,0.9777
mwir_std_trans,D:\HwaSimIR\HwaSim_IR\Bin\Config\Atmosphere\MODTRAN\raw\audit_mwir_standard_20260906\mwir_std_trans\MODOUT2.txt,W/(cm^2 sr cm^-1),W/(cm^2 cm^-1),W/(m^2 sr um),W/(m^2 um),value_si=value_native*1e8/(wavelength_um^2),3161.0,3.1635558367605188,0.9771
mwir_std_trans,D:\HwaSimIR\HwaSim_IR\Bin\Config\Atmosphere\MODTRAN\raw\audit_mwir_standard_20260906\mwir_std_trans\MODOUT2.txt,W/(cm^2 sr cm^-1),W/(cm^2 cm^-1),W/(m^2 sr um),W/(m^2 um),value_si=value_native*1e8/(wavelength_um^2),3162.0,3.1625553447185326,0.9612
mwir_std_trans,D:\HwaSimIR\HwaSim_IR\Bin\Config\Atmosphere\MODTRAN\raw\audit_mwir_standard_20260906\mwir_std_trans\MODOUT2.txt,W/(cm^2 sr cm^-1),W/(cm^2 cm^-1),W/(m^2 sr um),W/(m^2 um),value_si=value_native*1e8/(wavelength_um^2),3163.0,3.161555485298767,0.9609
mwir_std_trans,D:\HwaSimIR\HwaSim_IR\Bin\Config\Atmosphere\MODTRAN\raw\audit_mwir_standard_20260906\mwir_std_trans\MODOUT2.txt,W/(cm^2 sr cm^-1),W/(cm^2 cm^-1),W/(m^2 sr um),W/(m^2 um),value_si=value_native*1e8/(wavelength_um^2),3164.0,3.1605562579013906,0.714
mwir_std_trans,D:\HwaSimIR\HwaSim_IR\Bin\Config\Atmosphere\MODTRAN\raw\audit_mwir_standard_20260906\mwir_std_trans\MODOUT2.txt,W/(cm^2 sr cm^-1),W/(cm^2 cm^-1),W/(m^2 sr um),W/(m^2 um),value_si=value_native*1e8/(wavelength_um^2),3165.0,3.1595576619273302,0.8871
mwir_std_trans,D:\HwaSimIR\HwaSim_IR\Bin\Config\Atmosphere\MODTRAN\raw\audit_mwir_standard_20260906\mwir_std_trans\MODOUT2.txt,W/(cm^2 sr cm^-1),W/(cm^2 cm^-1),W/(m^2 sr um),W/(m^2 um),value_si=value_native*1e8/(wavelength_um^2),3166.0,3.158559696778269,0.7992
mwir_std_trans,D:\HwaSimIR\HwaSim_IR\Bin\Config\Atmosphere\MODTRAN\raw\audit_mwir_standard_20260906\mwir_std_trans\MODOUT2.txt,W/(cm^2 sr cm^-1),W/(cm^2 cm^-1),W/(m^2 sr um),W/(m^2 um),value_si=value_native*1e8/(wavelength_um^2),3167.0,3.157562361856647,0.7757
mwir_std_trans,D:\HwaSimIR\HwaSim_IR\Bin\Config\Atmosphere\MODTRAN\raw\audit_mwir_standard_20260906\mwir_std_trans\MODOUT2.txt,W/(cm^2 sr cm^-1),W/(cm^2 cm^-1),W/(m^2 sr um),W/(m^2 um),value_si=value_native*1e8/(wavelength_um^2),3168.0,3.1565656565656566,0.5476
mwir_std_trans,D:\HwaSimIR\HwaSim_IR\Bin\Config\Atmosphere\MODTRAN\raw\audit_mwir_standard_20260906\mwir_std_trans\MODOUT2.txt,W/(cm^2 sr cm^-1),W/(cm^2 cm^-1),W/(m^2 sr um),W/(m^2 um),value_si=value_native*1e8/(wavelength_um^2),3169.0,3.155569580309246,0.7652
mwir_std_trans,D:\HwaSimIR\HwaSim_IR\Bin\Config\Atmosphere\MODTRAN\raw\audit_mwir_standard_20260906\mwir_std_trans\MODOUT2.txt,W/(cm^2 sr cm^-1),W/(cm^2 cm^-1),W/(m^2 sr um),W/(m^2 um),value_si=value_native*1e8/(wavelength_um^2),3170.0,3.1545741324921135,0.5762
mwir_std_trans,D:\HwaSimIR\HwaSim_IR\Bin\Config\Atmosphere\MODTRAN\raw\audit_mwir_standard_20260906\mwir_std_trans\MODOUT2.txt,W/(cm^2 sr cm^-1),W/(cm^2 cm^-1),W/(m^2 sr um),W/(m^2 um),value_si=value_native*1e8/(wavelength_um^2),3171.0,3.15357931251971,0.9038
mwir_std_trans,D:\HwaSimIR\HwaSim_IR\Bin\Config\Atmosphere\MODTRAN\raw\audit_mwir_standard_20260906\mwir_std_trans\MODOUT2.txt,W/(cm^2 sr cm^-1),W/(cm^2 cm^-1),W/(m^2 sr um),W/(m^2 um),value_si=value_native*1e8/(wavelength_um^2),3172.0,3.1525851197982346,0.9385
mwir_std_trans,D:\HwaSimIR\HwaSim_IR\Bin\Config\Atmosphere\MODTRAN\raw\audit_mwir_standard_20260906\mwir_std_trans\MODOUT2.txt,W/(cm^2 sr cm^-1),W/(cm^2 cm^-1),W/(m^2 sr um),W/(m^2 um),value_si=value_native*1e8/(wavelength_um^2),3173.0,3.151591553734636,0.8407
mwir_std_trans,D:\HwaSimIR\HwaSim_IR\Bin\Config\Atmosphere\MODTRAN\raw\audit_mwir_standard_20260906\mwir_std_trans\MODOUT2.txt,W/(cm^2 sr cm^-1),W/(cm^2 cm^-1),W/(m^2 sr um),W/(m^2 um),value_si=value_native*1e8/(wavelength_um^2),3174.0,3.15059861373661,0.9325
mwir_std_trans,D:\HwaSimIR\HwaSim_IR\Bin\Config\Atmosphere\MODTRAN\raw\audit_mwir_standard_20260906\mwir_std_trans\MODOUT2.txt,W/(cm^2 sr cm^-1),W/(cm^2 cm^-1),W/(m^2 sr um),W/(m^2 um),value_si=value_native*1e8/(wavelength_um^2),3175.0,3.1496062992125986,0.6367
mwir_std_trans,D:\HwaSimIR\HwaSim_IR\Bin\Config\Atmosphere\MODTRAN\raw\audit_mwir_standard_20260906\mwir_std_trans\MODOUT2.txt,W/(cm^2 sr cm^-1),W/(cm^2 cm^-1),W/(m^2 sr um),W/(m^2 um),value_si=value_native*1e8/(wavelength_um^2),3176.0,3.1486146095717884,0.8511
mwir_std_trans,D:\HwaSimIR\HwaSim_IR\Bin\Config\Atmosphere\MODTRAN\raw\audit_mwir_standard_20260906\mwir_std_trans\MODOUT2.txt,W/(cm^2 sr cm^-1),W/(cm^2 cm^-1),W/(m^2 sr um),W/(m^2 um),value_si=value_native*1e8/(wavelength_um^2),3177.0,3.147623544224111,0.6276
mwir_std_trans,D:\HwaSimIR\HwaSim_IR\Bin\Config\Atmosphere\MODTRAN\raw\audit_mwir_standard_20260906\mwir_std_trans\MODOUT2.txt,W/(cm^2 sr cm^-1),W/(cm^2 cm^-1),W/(m^2 sr um),W/(m^2 um),value_si=value_native*1e8/(wavelength_um^2),3178.0,3.146633102580239,0.0418
mwir_std_trans,D:\HwaSimIR\HwaSim_IR\Bin\Config\Atmosphere\MODTRAN\raw\audit_mwir_standard_20260906\mwir_std_trans\MODOUT2.txt,W/(cm^2 sr cm^-1),W/(cm^2 cm^-1),W/(m^2 sr um),W/(m^2 um),value_si=value_native*1e8/(wavelength_um^2),3179.0,3.1456432840515887,0.4526
mwir_std_trans,D:\HwaSimIR\HwaSim_IR\Bin\Config\Atmosphere\MODTRAN\raw\audit_mwir_standard_20260906\mwir_std_trans\MODOUT2.txt,W/(cm^2 sr cm^-1),W/(cm^2 cm^-1),W/(m^2 sr um),W/(m^2 um),value_si=value_native*1e8/(wavelength_um^2),3180.0,3.1446540880503147,0.7258
mwir_std_trans,D:\HwaSimIR\HwaSim_IR\Bin\Config\Atmosphere\MODTRAN\raw\audit_mwir_standard_20260906\mwir_std_trans\MODOUT2.txt,W/(cm^2 sr cm^-1),W/(cm^2 cm^-1),W/(m^2 sr um),W/(m^2 um),value_si=value_native*1e8/(wavelength_um^2),3181.0,3.1436655139893115,0.8898
mwir_std_trans,D:\HwaSimIR\HwaSim_IR\Bin\Config\Atmosphere\MODTRAN\raw\audit_mwir_standard_20260906\mwir_std_trans\MODOUT2.txt,W/(cm^2 sr cm^-1),W/(cm^2 cm^-1),W/(m^2 sr um),W/(m^2 um),value_si=value_native*1e8/(wavelength_um^2),3182.0,3.1426775612822127,0.822
mwir_std_trans,D:\HwaSimIR\HwaSim_IR\Bin\Config\Atmosphere\MODTRAN\raw\audit_mwir_standard_20260906\mwir_std_trans\MODOUT2.txt,W/(cm^2 sr cm^-1),W/(cm^2 cm^-1),W/(m^2 sr um),W/(m^2 um),value_si=value_native*1e8/(wavelength_um^2),3183.0,3.1416902293433866,0.7441
mwir_std_trans,D:\HwaSimIR\HwaSim_IR\Bin\Config\Atmosphere\MODTRAN\raw\audit_mwir_standard_20260906\mwir_std_trans\MODOUT2.txt,W/(cm^2 sr cm^-1),W/(cm^2 cm^-1),W/(m^2 sr um),W/(m^2 um),value_si=value_native*1e8/(wavelength_um^2),3184.0,3.14070351758794,0.721
mwir_std_trans,D:\HwaSimIR\HwaSim_IR\Bin\Config\Atmosphere\MODTRAN\raw\audit_mwir_standard_20260906\mwir_std_trans\MODOUT2.txt,W/(cm^2 sr cm^-1),W/(cm^2 cm^-1),W/(m^2 sr um),W/(m^2 um),value_si=value_native*1e8/(wavelength_um^2),3185.0,3.1397174254317113,0.0477
mwir_std_trans,D:\HwaSimIR\HwaSim_IR\Bin\Config\Atmosphere\MODTRAN\raw\audit_mwir_standard_20260906\mwir_std_trans\MODOUT2.txt,W/(cm^2 sr cm^-1),W/(cm^2 cm^-1),W/(m^2 sr um),W/(m^2 um),value_si=value_native*1e8/(wavelength_um^2),3186.0,3.138731952291274,0.6018
mwir_std_trans,D:\HwaSimIR\HwaSim_IR\Bin\Config\Atmosphere\MODTRAN\raw\audit_mwir_standard_20260906\mwir_std_trans\MODOUT2.txt,W/(cm^2 sr cm^-1),W/(cm^2 cm^-1),W/(m^2 sr um),W/(m^2 um),value_si=value_native*1e8/(wavelength_um^2),3187.0,3.1377470975839348,0.9038
mwir_std_trans,D:\HwaSimIR\HwaSim_IR\Bin\Config\Atmosphere\MODTRAN\raw\audit_mwir_standard_20260906\mwir_std_trans\MODOUT2.txt,W/(cm^2 sr cm^-1),W/(cm^2 cm^-1),W/(m^2 sr um),W/(m^2 um),value_si=value_native*1e8/(wavelength_um^2),3188.0,3.136762860727729,0.9299
mwir_std_trans,D:\HwaSimIR\HwaSim_IR\Bin\Config\Atmosphere\MODTRAN\raw\audit_mwir_standard_20260906\mwir_std_trans\MODOUT2.txt,W/(cm^2 sr cm^-1),W/(cm^2 cm^-1),W/(m^2 sr um),W/(m^2 um),value_si=value_native*1e8/(wavelength_um^2),3189.0,3.1357792411414236,0.9516
mwir_std_trans,D:\HwaSimIR\HwaSim_IR\Bin\Config\Atmosphere\MODTRAN\raw\audit_mwir_standard_20260906\mwir_std_trans\MODOUT2.txt,W/(cm^2 sr cm^-1),W/(cm^2 cm^-1),W/(m^2 sr um),W/(m^2 um),value_si=value_native*1e8/(wavelength_um^2),3190.0,3.134796238244514,0.9407
mwir_std_trans,D:\HwaSimIR\HwaSim_IR\Bin\Config\Atmosphere\MODTRAN\raw\audit_mwir_standard_20260906\mwir_std_trans\MODOUT2.txt,W/(cm^2 sr cm^-1),W/(cm^2 cm^-1),W/(m^2 sr um),W/(m^2 um),value_si=value_native*1e8/(wavelength_um^2),3191.0,3.1338138514572234,0.9184
mwir_std_trans,D:\HwaSimIR\HwaSim_IR\Bin\Config\Atmosphere\MODTRAN\raw\audit_mwir_standard_20260906\mwir_std_trans\MODOUT2.txt,W/(cm^2 sr cm^-1),W/(cm^2 cm^-1),W/(m^2 sr um),W/(m^2 um),value_si=value_native*1e8/(wavelength_um^2),3192.0,3.1328320802005014,0.8506
mwir_std_trans,D:\HwaSimIR\HwaSim_IR\Bin\Config\Atmosphere\MODTRAN\raw\audit_mwir_standard_20260906\mwir_std_trans\MODOUT2.txt,W/(cm^2 sr cm^-1),W/(cm^2 cm^-1),W/(m^2 sr um),W/(m^2 um),value_si=value_native*1e8/(wavelength_um^2),3193.0,3.1318509238960224,0.9304
mwir_std_trans,D:\HwaSimIR\HwaSim_IR\Bin\Config\Atmosphere\MODTRAN\raw\audit_mwir_standard_20260906\mwir_std_trans\MODOUT2.txt,W/(cm^2 sr cm^-1),W/(cm^2 cm^-1),W/(m^2 sr um),W/(m^2 um),value_si=value_native*1e8/(wavelength_um^2),3194.0,3.1308703819661865,0.9231
mwir_std_trans,D:\HwaSimIR\HwaSim_IR\Bin\Config\Atmosphere\MODTRAN\raw\audit_mwir_standard_20260906\mwir_std_trans\MODOUT2.txt,W/(cm^2 sr cm^-1),W/(cm^2 cm^-1),W/(m^2 sr um),W/(m^2 um),value_si=value_native*1e8/(wavelength_um^2),3195.0,3.1298904538341157,0.823
mwir_std_trans,D:\HwaSimIR\HwaSim_IR\Bin\Config\Atmosphere\MODTRAN\raw\audit_mwir_standard_20260906\mwir_std_trans\MODOUT2.txt,W/(cm^2 sr cm^-1),W/(cm^2 cm^-1),W/(m^2 sr um),W/(m^2 um),value_si=value_native*1e8/(wavelength_um^2),3196.0,3.1289111389236544,0.2085
mwir_std_trans,D:\HwaSimIR\HwaSim_IR\Bin\Config\Atmosphere\MODTRAN\raw\audit_mwir_standard_20260906\mwir_std_trans\MODOUT2.txt,W/(cm^2 sr cm^-1),W/(cm^2 cm^-1),W/(m^2 sr um),W/(m^2 um),value_si=value_native*1e8/(wavelength_um^2),3197.0,3.127932436659368,0.3673
mwir_std_trans,D:\HwaSimIR\HwaSim_IR\Bin\Config\Atmosphere\MODTRAN\raw\audit_mwir_standard_20260906\mwir_std_trans\MODOUT2.txt,W/(cm^2 sr cm^-1),W/(cm^2 cm^-1),W/(m^2 sr um),W/(m^2 um),value_si=value_native*1e8/(wavelength_um^2),3198.0,3.1269543464665417,0.0739
mwir_std_trans,D:\HwaSimIR\HwaSim_IR\Bin\Config\Atmosphere\MODTRAN\raw\audit_mwir_standard_20260906\mwir_std_trans\MODOUT2.txt,W/(cm^2 sr cm^-1),W/(cm^2 cm^-1),W/(m^2 sr um),W/(m^2 um),value_si=value_native*1e8/(wavelength_um^2),3199.0,3.1259768677711786,0.5691
mwir_std_trans,D:\HwaSimIR\HwaSim_IR\Bin\Config\Atmosphere\MODTRAN\raw\audit_mwir_standard_20260906\mwir_std_trans\MODOUT2.txt,W/(cm^2 sr cm^-1),W/(cm^2 cm^-1),W/(m^2 sr um),W/(m^2 um),value_si=value_native*1e8/(wavelength_um^2),3200.0,3.125,0.2616
mwir_std_trans,D:\HwaSimIR\HwaSim_IR\Bin\Config\Atmosphere\MODTRAN\raw\audit_mwir_standard_20260906\mwir_std_trans\MODOUT2.txt,W/(cm^2 sr cm^-1),W/(cm^2 cm^-1),W/(m^2 sr um),W/(m^2 um),value_si=value_native*1e8/(wavelength_um^2),3201.0,3.1240237425804436,0.8267
mwir_std_trans,D:\HwaSimIR\HwaSim_IR\Bin\Config\Atmosphere\MODTRAN\raw\audit_mwir_standard_20260906\mwir_std_trans\MODOUT2.txt,W/(cm^2 sr cm^-1),W/(cm^2 cm^-1),W/(m^2 sr um),W/(m^2 um),value_si=value_native*1e8/(wavelength_um^2),3202.0,3.1230480949406623,0.8985
mwir_std_trans,D:\HwaSimIR\HwaSim_IR\Bin\Config\Atmosphere\MODTRAN\raw\audit_mwir_standard_20260906\mwir_std_trans\MODOUT2.txt,W/(cm^2 sr cm^-1),W/(cm^2 cm^-1),W/(m^2 sr um),W/(m^2 um),value_si=value_native*1e8/(wavelength_um^2),3203.0,3.1220730565095223,0.8943
mwir_std_trans,D:\HwaSimIR\HwaSim_IR\Bin\Config\Atmosphere\MODTRAN\raw\audit_mwir_standard_20260906\mwir_std_trans\MODOUT2.txt,W/(cm^2 sr cm^-1),W/(cm^2 cm^-1),W/(m^2 sr um),W/(m^2 um),value_si=value_native*1e8/(wavelength_um^2),3204.0,3.1210986267166043,0.9242
mwir_std_trans,D:\HwaSimIR\HwaSim_IR\Bin\Config\Atmosphere\MODTRAN\raw\audit_mwir_standard_20260906\mwir_std_trans\MODOUT2.txt,W/(cm^2 sr cm^-1),W/(cm^2 cm^-1),W/(m^2 sr um),W/(m^2 um),value_si=value_native*1e8/(wavelength_um^2),3205.0,3.1201248049921997,0.9199
mwir_std_trans,D:\HwaSimIR\HwaSim_IR\Bin\Config\Atmosphere\MODTRAN\raw\audit_mwir_standard_20260906\mwir_std_trans\MODOUT2.txt,W/(cm^2 sr cm^-1),W/(cm^2 cm^-1),W/(m^2 sr um),W/(m^2 um),value_si=value_native*1e8/(wavelength_um^2),3206.0,3.119151590767311,0.9332
mwir_std_trans,D:\HwaSimIR\HwaSim_IR\Bin\Config\Atmosphere\MODTRAN\raw\audit_mwir_standard_20260906\mwir_std_trans\MODOUT2.txt,W/(cm^2 sr cm^-1),W/(cm^2 cm^-1),W/(m^2 sr um),W/(m^2 um),value_si=value_native*1e8/(wavelength_um^2),3207.0,3.1181789834736513,0.8373
mwir_std_trans,D:\HwaSimIR\HwaSim_IR\Bin\Config\Atmosphere\MODTRAN\raw\audit_mwir_standard_20260906\mwir_std_trans\MODOUT2.txt,W/(cm^2 sr cm^-1),W/(cm^2 cm^-1),W/(m^2 sr um),W/(m^2 um),value_si=value_native*1e8/(wavelength_um^2),3208.0,3.117206982543641,0.8397
mwir_std_trans,D:\HwaSimIR\HwaSim_IR\Bin\Config\Atmosphere\MODTRAN\raw\audit_mwir_standard_20260906\mwir_std_trans\MODOUT2.txt,W/(cm^2 sr cm^-1),W/(cm^2 cm^-1),W/(m^2 sr um),W/(m^2 um),value_si=value_native*1e8/(wavelength_um^2),3209.0,3.1162355874104084,0.4435
mwir_std_trans,D:\HwaSimIR\HwaSim_IR\Bin\Config\Atmosphere\MODTRAN\raw\audit_mwir_standard_20260906\mwir_std_trans\MODOUT2.txt,W/(cm^2 sr cm^-1),W/(cm^2 cm^-1),W/(m^2 sr um),W/(m^2 um),value_si=value_native*1e8/(wavelength_um^2),3210.0,3.115264797507788,0.1226
mwir_std_trans,D:\HwaSimIR\HwaSim_IR\Bin\Config\Atmosphere\MODTRAN\raw\audit_mwir_standard_20260906\mwir_std_trans\MODOUT2.txt,W/(cm^2 sr cm^-1),W/(cm^2 cm^-1),W/(m^2 sr um),W/(m^2 um),value_si=value_native*1e8/(wavelength_um^2),3211.0,3.114294612270321,0.6693
mwir_std_trans,D:\HwaSimIR\HwaSim_IR\Bin\Config\Atmosphere\MODTRAN\raw\audit_mwir_standard_20260906\mwir_std_trans\MODOUT2.txt,W/(cm^2 sr cm^-1),W/(cm^2 cm^-1),W/(m^2 sr um),W/(m^2 um),value_si=value_native*1e8/(wavelength_um^2),3212.0,3.1133250311332503,0.805
mwir_std_trans,D:\HwaSimIR\HwaSim_IR\Bin\Config\Atmosphere\MODTRAN\raw\audit_mwir_standard_20260906\mwir_std_trans\MODOUT2.txt,W/(cm^2 sr cm^-1),W/(cm^2 cm^-1),W/(m^2 sr um),W/(m^2 um),value_si=value_native*1e8/(wavelength_um^2),3213.0,3.1123560535325243,0.6353
mwir_std_trans,D:\HwaSimIR\HwaSim_IR\Bin\Config\Atmosphere\MODTRAN\raw\audit_mwir_standard_20260906\mwir_std_trans\MODOUT2.txt,W/(cm^2 sr cm^-1),W/(cm^2 cm^-1),W/(m^2 sr um),W/(m^2 um),value_si=value_native*1e8/(wavelength_um^2),3214.0,3.1113876789047916,0.0498
mwir_std_trans,D:\HwaSimIR\HwaSim_IR\Bin\Config\Atmosphere\MODTRAN\raw\audit_mwir_standard_20260906\mwir_std_trans\MODOUT2.txt,W/(cm^2 sr cm^-1),W/(cm^2 cm^-1),W/(m^2 sr um),W/(m^2 um),value_si=value_native*1e8/(wavelength_um^2),3215.0,3.1104199066874028,0.4456
mwir_std_trans,D:\HwaSimIR\HwaSim_IR\Bin\Config\Atmosphere\MODTRAN\raw\audit_mwir_standard_20260906\mwir_std_trans\MODOUT2.txt,W/(cm^2 sr cm^-1),W/(cm^2 cm^-1),W/(m^2 sr um),W/(m^2 um),value_si=value_native*1e8/(wavelength_um^2),3216.0,3.109452736318408,0.6326
mwir_std_trans,D:\HwaSimIR\HwaSim_IR\Bin\Config\Atmosphere\MODTRAN\raw\audit_mwir_standard_20260906\mwir_std_trans\MODOUT2.txt,W/(cm^2 sr cm^-1),W/(cm^2 cm^-1),W/(m^2 sr um),W/(m^2 um),value_si=value_native*1e8/(wavelength_um^2),3217.0,3.108486167236556,0.5159
mwir_std_trans,D:\HwaSimIR\HwaSim_IR\Bin\Config\Atmosphere\MODTRAN\raw\audit_mwir_standard_20260906\mwir_std_trans\MODOUT2.txt,W/(cm^2 sr cm^-1),W/(cm^2 cm^-1),W/(m^2 sr um),W/(m^2 um),value_si=value_native*1e8/(wavelength_um^2),3218.0,3.107520198881293,0.7354
mwir_std_trans,D:\HwaSimIR\HwaSim_IR\Bin\Config\Atmosphere\MODTRAN\raw\audit_mwir_standard_20260906\mwir_std_trans\MODOUT2.txt,W/(cm^2 sr cm^-1),W/(cm^2 cm^-1),W/(m^2 sr um),W/(m^2 um),value_si=value_native*1e8/(wavelength_um^2),3219.0,3.1065548306927617,0.2106
mwir_std_trans,D:\HwaSimIR\HwaSim_IR\Bin\Config\Atmosphere\MODTRAN\raw\audit_mwir_standard_20260906\mwir_std_trans\MODOUT2.txt,W/(cm^2 sr cm^-1),W/(cm^2 cm^-1),W/(m^2 sr um),W/(m^2 um),value_si=value_native*1e8/(wavelength_um^2),3220.0,3.1055900621118013,0.1258
mwir_std_trans,D:\HwaSimIR\HwaSim_IR\Bin\Config\Atmosphere\MODTRAN\raw\audit_mwir_standard_20260906\mwir_std_trans\MODOUT2.txt,W/(cm^2 sr cm^-1),W/(cm^2 cm^-1),W/(m^2 sr um),W/(m^2 um),value_si=value_native*1e8/(wavelength_um^2),3221.0,3.104625892579944,0.6004
mwir_std_trans,D:\HwaSimIR\HwaSim_IR\Bin\Config\Atmosphere\MODTRAN\raw\audit_mwir_standard_20260906\mwir_std_trans\MODOUT2.txt,W/(cm^2 sr cm^-1),W/(cm^2 cm^-1),W/(m^2 sr um),W/(m^2 um),value_si=value_native*1e8/(wavelength_um^2),3222.0,3.1036623215394163,0.302
mwir_std_trans,D:\HwaSimIR\HwaSim_IR\Bin\Config\Atmosphere\MODTRAN\raw\audit_mwir_standard_20260906\mwir_std_trans\MODOUT2.txt,W/(cm^2 sr cm^-1),W/(cm^2 cm^-1),W/(m^2 sr um),W/(m^2 um),value_si=value_native*1e8/(wavelength_um^2),3223.0,3.102699348433137,0.7732
mwir_std_trans,D:\HwaSimIR\HwaSim_IR\Bin\Config\Atmosphere\MODTRAN\raw\audit_mwir_standard_20260906\mwir_std_trans\MODOUT2.txt,W/(cm^2 sr cm^-1),W/(cm^2 cm^-1),W/(m^2 sr um),W/(m^2 um),value_si=value_native*1e8/(wavelength_um^2),3224.0,3.101736972704715,0.9061
mwir_std_trans,D:\HwaSimIR\HwaSim_IR\Bin\Config\Atmosphere\MODTRAN\raw\audit_mwir_standard_20260906\mwir_std_trans\MODOUT2.txt,W/(cm^2 sr cm^-1),W/(cm^2 cm^-1),W/(m^2 sr um),W/(m^2 um),value_si=value_native*1e8/(wavelength_um^2),3225.0,3.10077519379845,0.8969
mwir_std_trans,D:\HwaSimIR\HwaSim_IR\Bin\Config\Atmosphere\MODTRAN\raw\audit_mwir_standard_20260906\mwir_std_trans\MODOUT2.txt,W/(cm^2 sr cm^-1),W/(cm^2 cm^-1),W/(m^2 sr um),W/(m^2 um),value_si=value_native*1e8/(wavelength_um^2),3226.0,3.0998140111593306,0.602
mwir_std_trans,D:\HwaSimIR\HwaSim_IR\Bin\Config\Atmosphere\MODTRAN\raw\audit_mwir_standard_20260906\mwir_std_trans\MODOUT2.txt,W/(cm^2 sr cm^-1),W/(cm^2 cm^-1),W/(m^2 sr um),W/(m^2 um),value_si=value_native*1e8/(wavelength_um^2),3227.0,3.0988534242330337,0.4097
mwir_std_trans,D:\HwaSimIR\HwaSim_IR\Bin\Config\Atmosphere\MODTRAN\raw\audit_mwir_standard_20260906\mwir_std_trans\MODOUT2.txt,W/(cm^2 sr cm^-1),W/(cm^2 cm^-1),W/(m^2 sr um),W/(m^2 um),value_si=value_native*1e8/(wavelength_um^2),3228.0,3.097893432465923,0.5707
mwir_std_trans,D:\HwaSimIR\HwaSim_IR\Bin\Config\Atmosphere\MODTRAN\raw\audit_mwir_standard_20260906\mwir_std_trans\MODOUT2.txt,W/(cm^2 sr cm^-1),W/(cm^2 cm^-1),W/(m^2 sr um),W/(m^2 um),value_si=value_native*1e8/(wavelength_um^2),3229.0,3.096934035305048,0.6351
mwir_std_trans,D:\HwaSimIR\HwaSim_IR\Bin\Config\Atmosphere\MODTRAN\raw\audit_mwir_standard_20260906\mwir_std_trans\MODOUT2.txt,W/(cm^2 sr cm^-1),W/(cm^2 cm^-1),W/(m^2 sr um),W/(m^2 um),value_si=value_native*1e8/(wavelength_um^2),3230.0,3.0959752321981426,0.154
mwir_std_trans,D:\HwaSimIR\HwaSim_IR\Bin\Config\Atmosphere\MODTRAN\raw\audit_mwir_standard_20260906\mwir_std_trans\MODOUT2.txt,W/(cm^2 sr cm^-1),W/(cm^2 cm^-1),W/(m^2 sr um),W/(m^2 um),value_si=value_native*1e8/(wavelength_um^2),3231.0,3.095017022593624,0.5791
mwir_std_trans,D:\HwaSimIR\HwaSim_IR\Bin\Config\Atmosphere\MODTRAN\raw\audit_mwir_standard_20260906\mwir_std_trans\MODOUT2.txt,W/(cm^2 sr cm^-1),W/(cm^2 cm^-1),W/(m^2 sr um),W/(m^2 um),value_si=value_native*1e8/(wavelength_um^2),3232.0,3.094059405940594,0.4924
mwir_std_trans,D:\HwaSimIR\HwaSim_IR\Bin\Config\Atmosphere\MODTRAN\raw\audit_mwir_standard_20260906\mwir_std_trans\MODOUT2.txt,W/(cm^2 sr cm^-1),W/(cm^2 cm^-1),W/(m^2 sr um),W/(m^2 um),value_si=value_native*1e8/(wavelength_um^2),3233.0,3.093102381688834,0.2014
mwir_std_trans,D:\HwaSimIR\HwaSim_IR\Bin\Config\Atmosphere\MODTRAN\raw\audit_mwir_standard_20260906\mwir_std_trans\MODOUT2.txt,W/(cm^2 sr cm^-1),W/(cm^2 cm^-1),W/(m^2 sr um),W/(m^2 um),value_si=value_native*1e8/(wavelength_um^2),3234.0,3.0921459492888066,0.7588
mwir_std_trans,D:\HwaSimIR\HwaSim_IR\Bin\Config\Atmosphere\MODTRAN\raw\audit_mwir_standard_20260906\mwir_std_trans\MODOUT2.txt,W/(cm^2 sr cm^-1),W/(cm^2 cm^-1),W/(m^2 sr um),W/(m^2 um),value_si=value_native*1e8/(wavelength_um^2),3235.0,3.091190108191654,0.7837
mwir_std_trans,D:\HwaSimIR\HwaSim_IR\Bin\Config\Atmosphere\MODTRAN\raw\audit_mwir_standard_20260906\mwir_std_trans\MODOUT2.txt,W/(cm^2 sr cm^-1),W/(cm^2 cm^-1),W/(m^2 sr um),W/(m^2 um),value_si=value_native*1e8/(wavelength_um^2),3236.0,3.0902348578491967,0.526
mwir_std_trans,D:\HwaSimIR\HwaSim_IR\Bin\Config\Atmosphere\MODTRAN\raw\audit_mwir_standard_20260906\mwir_std_trans\MODOUT2.txt,W/(cm^2 sr cm^-1),W/(cm^2 cm^-1),W/(m^2 sr um),W/(m^2 um),value_si=value_native*1e8/(wavelength_um^2),3237.0,3.089280197713933,0.3073
mwir_std_trans,D:\HwaSimIR\HwaSim_IR\Bin\Config\Atmosphere\MODTRAN\raw\audit_mwir_standard_20260906\mwir_std_trans\MODOUT2.txt,W/(cm^2 sr cm^-1),W/(cm^2 cm^-1),W/(m^2 sr um),W/(m^2 um),value_si=value_native*1e8/(wavelength_um^2),3238.0,3.0883261272390365,0.7332
mwir_std_trans,D:\HwaSimIR\HwaSim_IR\Bin\Config\Atmosphere\MODTRAN\raw\audit_mwir_standard_20260906\mwir_std_trans\MODOUT2.txt,W/(cm^2 sr cm^-1),W/(cm^2 cm^-1),W/(m^2 sr um),W/(m^2 um),value_si=value_native*1e8/(wavelength_um^2),3239.0,3.0873726458783577,0.8418
mwir_std_trans,D:\HwaSimIR\HwaSim_IR\Bin\Config\Atmosphere\MODTRAN\raw\audit_mwir_standard_20260906\mwir_std_trans\MODOUT2.txt,W/(cm^2 sr cm^-1),W/(cm^2 cm^-1),W/(m^2 sr um),W/(m^2 um),value_si=value_native*1e8/(wavelength_um^2),3240.0,3.0864197530864197,0.2923
mwir_std_trans,D:\HwaSimIR\HwaSim_IR\Bin\Config\Atmosphere\MODTRAN\raw\audit_mwir_standard_20260906\mwir_std_trans\MODOUT2.txt,W/(cm^2 sr cm^-1),W/(cm^2 cm^-1),W/(m^2 sr um),W/(m^2 um),value_si=value_native*1e8/(wavelength_um^2),3241.0,3.08546744831842,0.7336
mwir_std_trans,D:\HwaSimIR\HwaSim_IR\Bin\Config\Atmosphere\MODTRAN\raw\audit_mwir_standard_20260906\mwir_std_trans\MODOUT2.txt,W/(cm^2 sr cm^-1),W/(cm^2 cm^-1),W/(m^2 sr um),W/(m^2 um),value_si=value_native*1e8/(wavelength_um^2),3242.0,3.0845157310302285,0.5574
mwir_std_trans,D:\HwaSimIR\HwaSim_IR\Bin\Config\Atmosphere\MODTRAN\raw\audit_mwir_standard_20260906\mwir_std_trans\MODOUT2.txt,W/(cm^2 sr cm^-1),W/(cm^2 cm^-1),W/(m^2 sr um),W/(m^2 um),value_si=value_native*1e8/(wavelength_um^2),3243.0,3.0835646006783843,0.6488
mwir_std_trans,D:\HwaSimIR\HwaSim_IR\Bin\Config\Atmosphere\MODTRAN\raw\audit_mwir_standard_20260906\mwir_std_trans\MODOUT2.txt,W/(cm^2 sr cm^-1),W/(cm^2 cm^-1),W/(m^2 sr um),W/(m^2 um),value_si=value_native*1e8/(wavelength_um^2),3244.0,3.082614056720099,0.4513
mwir_std_trans,D:\HwaSimIR\HwaSim_IR\Bin\Config\Atmosphere\MODTRAN\raw\audit_mwir_standard_20260906\mwir_std_trans\MODOUT2.txt,W/(cm^2 sr cm^-1),W/(cm^2 cm^-1),W/(m^2 sr um),W/(m^2 um),value_si=value_native*1e8/(wavelength_um^2),3245.0,3.0816640986132513,0.0166
mwir_std_trans,D:\HwaSimIR\HwaSim_IR\Bin\Config\Atmosphere\MODTRAN\raw\audit_mwir_standard_20260906\mwir_std_trans\MODOUT2.txt,W/(cm^2 sr cm^-1),W/(cm^2 cm^-1),W/(m^2 sr um),W/(m^2 um),value_si=value_native*1e8/(wavelength_um^2),3246.0,3.0807147258163896,0.5124
mwir_std_trans,D:\HwaSimIR\HwaSim_IR\Bin\Config\Atmosphere\MODTRAN\raw\audit_mwir_standard_20260906\mwir_std_trans\MODOUT2.txt,W/(cm^2 sr cm^-1),W/(cm^2 cm^-1),W/(m^2 sr um),W/(m^2 um),value_si=value_native*1e8/(wavelength_um^2),3247.0,3.079765937788728,0.6699
mwir_std_trans,D:\HwaSimIR\HwaSim_IR\Bin\Config\Atmosphere\MODTRAN\raw\audit_mwir_standard_20260906\mwir_std_trans\MODOUT2.txt,W/(cm^2 sr cm^-1),W/(cm^2 cm^-1),W/(m^2 sr um),W/(m^2 um),value_si=value_native*1e8/(wavelength_um^2),3248.0,3.0788177339901477,0.8952
mwir_std_trans,D:\HwaSimIR\HwaSim_IR\Bin\Config\Atmosphere\MODTRAN\raw\audit_mwir_standard_20260906\mwir_std_trans\MODOUT2.txt,W/(cm^2 sr cm^-1),W/(cm^2 cm^-1),W/(m^2 sr um),W/(m^2 um),value_si=value_native*1e8/(wavelength_um^2),3249.0,3.077870113881194,0.8504
mwir_std_trans,D:\HwaSimIR\HwaSim_IR\Bin\Config\Atmosphere\MODTRAN\raw\audit_mwir_standard_20260906\mwir_std_trans\MODOUT2.txt,W/(cm^2 sr cm^-1),W/(cm^2 cm^-1),W/(m^2 sr um),W/(m^2 um),value_si=value_native*1e8/(wavelength_um^2),3250.0,3.076923076923077,0.9238
mwir_std_trans,D:\HwaSimIR\HwaSim_IR\Bin\Config\Atmosphere\MODTRAN\raw\audit_mwir_standard_20260906\mwir_std_trans\MODOUT2.txt,W/(cm^2 sr cm^-1),W/(cm^2 cm^-1),W/(m^2 sr um),W/(m^2 um),value_si=value_native*1e8/(wavelength_um^2),3251.0,3.0759766225776684,0.9214
mwir_std_trans,D:\HwaSimIR\HwaSim_IR\Bin\Config\Atmosphere\MODTRAN\raw\audit_mwir_standard_20260906\mwir_std_trans\MODOUT2.txt,W/(cm^2 sr cm^-1),W/(cm^2 cm^-1),W/(m^2 sr um),W/(m^2 um),value_si=value_native*1e8/(wavelength_um^2),3252.0,3.075030750307503,0.8417
mwir_std_trans,D:\HwaSimIR\HwaSim_IR\Bin\Config\Atmosphere\MODTRAN\raw\audit_mwir_standard_20260906\mwir_std_trans\MODOUT2.txt,W/(cm^2 sr cm^-1),W/(cm^2 cm^-1),W/(m^2 sr um),W/(m^2 um),value_si=value_native*1e8/(wavelength_um^2),3253.0,3.0740854595757763,0.7493
mwir_std_trans,D:\HwaSimIR\HwaSim_IR\Bin\Config\Atmosphere\MODTRAN\raw\audit_mwir_standard_20260906\mwir_std_trans\MODOUT2.txt,W/(cm^2 sr cm^-1),W/(cm^2 cm^-1),W/(m^2 sr um),W/(m^2 um),value_si=value_native*1e8/(wavelength_um^2),3254.0,3.073140749846343,0.1158
mwir_std_trans,D:\HwaSimIR\HwaSim_IR\Bin\Config\Atmosphere\MODTRAN\raw\audit_mwir_standard_20260906\mwir_std_trans\MODOUT2.txt,W/(cm^2 sr cm^-1),W/(cm^2 cm^-1),W/(m^2 sr um),W/(m^2 um),value_si=value_native*1e8/(wavelength_um^2),3255.0,3.0721966205837172,0.548
mwir_std_trans,D:\HwaSimIR\HwaSim_IR\Bin\Config\Atmosphere\MODTRAN\raw\audit_mwir_standard_20260906\mwir_std_trans\MODOUT2.txt,W/(cm^2 sr cm^-1),W/(cm^2 cm^-1),W/(m^2 sr um),W/(m^2 um),value_si=value_native*1e8/(wavelength_um^2),3256.0,3.0712530712530715,0.6614
mwir_std_trans,D:\HwaSimIR\HwaSim_IR\Bin\Config\Atmosphere\MODTRAN\raw\audit_mwir_standard_20260906\mwir_std_trans\MODOUT2.txt,W/(cm^2 sr cm^-1),W/(cm^2 cm^-1),W/(m^2 sr um),W/(m^2 um),value_si=value_native*1e8/(wavelength_um^2),3257.0,3.070310101320233,0.2572
mwir_std_trans,D:\HwaSimIR\HwaSim_IR\Bin\Config\Atmosphere\MODTRAN\raw\audit_mwir_standard_20260906\mwir_std_trans\MODOUT2.txt,W/(cm^2 sr cm^-1),W/(cm^2 cm^-1),W/(m^2 sr um),W/(m^2 um),value_si=value_native*1e8/(wavelength_um^2),3258.0,3.0693677102516883,0.5662
mwir_std_trans,D:\HwaSimIR\HwaSim_IR\Bin\Config\Atmosphere\MODTRAN\raw\audit_mwir_standard_20260906\mwir_std_trans\MODOUT2.txt,W/(cm^2 sr cm^-1),W/(cm^2 cm^-1),W/(m^2 sr um),W/(m^2 um),value_si=value_native*1e8/(wavelength_um^2),3259.0,3.068425897514575,0.8538
mwir_std_trans,D:\HwaSimIR\HwaSim_IR\Bin\Config\Atmosphere\MODTRAN\raw\audit_mwir_standard_20260906\mwir_std_trans\MODOUT2.txt,W/(cm^2 sr cm^-1),W/(cm^2 cm^-1),W/(m^2 sr um),W/(m^2 um),value_si=value_native*1e8/(wavelength_um^2),3260.0,3.067484662576687,0.4478
mwir_std_trans,D:\HwaSimIR\HwaSim_IR\Bin\Config\Atmosphere\MODTRAN\raw\audit_mwir_standard_20260906\mwir_std_trans\MODOUT2.txt,W/(cm^2 sr cm^-1),W/(cm^2 cm^-1),W/(m^2 sr um),W/(m^2 um),value_si=value_native*1e8/(wavelength_um^2),3261.0,3.0665440049064703,0.6587
mwir_std_trans,D:\HwaSimIR\HwaSim_IR\Bin\Config\Atmosphere\MODTRAN\raw\audit_mwir_standard_20260906\mwir_std_trans\MODOUT2.txt,W/(cm^2 sr cm^-1),W/(cm^2 cm^-1),W/(m^2 sr um),W/(m^2 um),value_si=value_native*1e8/(wavelength_um^2),3262.0,3.065603923973023,0.8995
mwir_std_trans,D:\HwaSimIR\HwaSim_IR\Bin\Config\Atmosphere\MODTRAN\raw\audit_mwir_standard_20260906\mwir_std_trans\MODOUT2.txt,W/(cm^2 sr cm^-1),W/(cm^2 cm^-1),W/(m^2 sr um),W/(m^2 um),value_si=value_native*1e8/(wavelength_um^2),3263.0,3.0646644192460926,0.537
mwir_std_trans,D:\HwaSimIR\HwaSim_IR\Bin\Config\Atmosphere\MODTRAN\raw\audit_mwir_standard_20260906\mwir_std_trans\MODOUT2.txt,W/(cm^2 sr cm^-1),W/(cm^2 cm^-1),W/(m^2 sr um),W/(m^2 um),value_si=value_native*1e8/(wavelength_um^2),3264.0,3.0637254901960786,0.7438
mwir_std_trans,D:\HwaSimIR\HwaSim_IR\Bin\Config\Atmosphere\MODTRAN\raw\audit_mwir_standard_20260906\mwir_std_trans\MODOUT2.txt,W/(cm^2 sr cm^-1),W/(cm^2 cm^-1),W/(m^2 sr um),W/(m^2 um),value_si=value_native*1e8/(wavelength_um^2),3265.0,3.0627871362940278,0.3405
mwir_std_trans,D:\HwaSimIR\HwaSim_IR\Bin\Config\Atmosphere\MODTRAN\raw\audit_mwir_standard_20260906\mwir_std_trans\MODOUT2.txt,W/(cm^2 sr cm^-1),W/(cm^2 cm^-1),W/(m^2 sr um),W/(m^2 um),value_si=value_native*1e8/(wavelength_um^2),3266.0,3.061849357011635,0.5301
mwir_std_trans,D:\HwaSimIR\HwaSim_IR\Bin\Config\Atmosphere\MODTRAN\raw\audit_mwir_standard_20260906\mwir_std_trans\MODOUT2.txt,W/(cm^2 sr cm^-1),W/(cm^2 cm^-1),W/(m^2 sr um),W/(m^2 um),value_si=value_native*1e8/(wavelength_um^2),3267.0,3.0609121518212428,0.8336
mwir_std_trans,D:\HwaSimIR\HwaSim_IR\Bin\Config\Atmosphere\MODTRAN\raw\audit_mwir_standard_20260906\mwir_std_trans\MODOUT2.txt,W/(cm^2 sr cm^-1),W/(cm^2 cm^-1),W/(m^2 sr um),W/(m^2 um),value_si=value_native*1e8/(wavelength_um^2),3268.0,3.0599755201958385,0.9279
mwir_std_trans,D:\HwaSimIR\HwaSim_IR\Bin\Config\Atmosphere\MODTRAN\raw\audit_mwir_standard_20260906\mwir_std_trans\MODOUT2.txt,W/(cm^2 sr cm^-1),W/(cm^2 cm^-1),W/(m^2 sr um),W/(m^2 um),value_si=value_native*1e8/(wavelength_um^2),3269.0,3.059039461609055,0.9262
mwir_std_trans,D:\HwaSimIR\HwaSim_IR\Bin\Config\Atmosphere\MODTRAN\raw\audit_mwir_standard_20260906\mwir_std_trans\MODOUT2.txt,W/(cm^2 sr cm^-1),W/(cm^2 cm^-1),W/(m^2 sr um),W/(m^2 um),value_si=value_native*1e8/(wavelength_um^2),3270.0,3.058103975535168,0.6773
mwir_std_trans,D:\HwaSimIR\HwaSim_IR\Bin\Config\Atmosphere\MODTRAN\raw\audit_mwir_standard_20260906\mwir_std_trans\MODOUT2.txt,W/(cm^2 sr cm^-1),W/(cm^2 cm^-1),W/(m^2 sr um),W/(m^2 um),value_si=value_native*1e8/(wavelength_um^2),3271.0,3.0571690614490983,0.4342
mwir_std_trans,D:\HwaSimIR\HwaSim_IR\Bin\Config\Atmosphere\MODTRAN\raw\audit_mwir_standard_20260906\mwir_std_trans\MODOUT2.txt,W/(cm^2 sr cm^-1),W/(cm^2 cm^-1),W/(m^2 sr um),W/(m^2 um),value_si=value_native*1e8/(wavelength_um^2),3272.0,3.056234718826406,0.4287
mwir_std_trans,D:\HwaSimIR\HwaSim_IR\Bin\Config\Atmosphere\MODTRAN\raw\audit_mwir_standard_20260906\mwir_std_trans\MODOUT2.txt,W/(cm^2 sr cm^-1),W/(cm^2 cm^-1),W/(m^2 sr um),W/(m^2 um),value_si=value_native*1e8/(wavelength_um^2),3273.0,3.0553009471432935,0.3229
mwir_std_trans,D:\HwaSimIR\HwaSim_IR\Bin\Config\Atmosphere\MODTRAN\raw\audit_mwir_standard_20260906\mwir_std_trans\MODOUT2.txt,W/(cm^2 sr cm^-1),W/(cm^2 cm^-1),W/(m^2 sr um),W/(m^2 um),value_si=value_native*1e8/(wavelength_um^2),3274.0,3.0543677458766036,0.073
mwir_std_trans,D:\HwaSimIR\HwaSim_IR\Bin\Config\Atmosphere\MODTRAN\raw\audit_mwir_standard_20260906\mwir_std_trans\MODOUT2.txt,W/(cm^2 sr cm^-1),W/(cm^2 cm^-1),W/(m^2 sr um),W/(m^2 um),value_si=value_native*1e8/(wavelength_um^2),3275.0,3.053435114503817,0.3949
mwir_std_trans,D:\HwaSimIR\HwaSim_IR\Bin\Config\Atmosphere\MODTRAN\raw\audit_mwir_standard_20260906\mwir_std_trans\MODOUT2.txt,W/(cm^2 sr cm^-1),W/(cm^2 cm^-1),W/(m^2 sr um),W/(m^2 um),value_si=value_native*1e8/(wavelength_um^2),3276.0,3.0525030525030523,0.1937
mwir_std_trans,D:\HwaSimIR\HwaSim_IR\Bin\Config\Atmosphere\MODTRAN\raw\audit_mwir_standard_20260906\mwir_std_trans\MODOUT2.txt,W/(cm^2 sr cm^-1),W/(cm^2 cm^-1),W/(m^2 sr um),W/(m^2 um),value_si=value_native*1e8/(wavelength_um^2),3277.0,3.051571559353067,0.3483
mwir_std_trans,D:\HwaSimIR\HwaSim_IR\Bin\Config\Atmosphere\MODTRAN\raw\audit_mwir_standard_20260906\mwir_std_trans\MODOUT2.txt,W/(cm^2 sr cm^-1),W/(cm^2 cm^-1),W/(m^2 sr um),W/(m^2 um),value_si=value_native*1e8/(wavelength_um^2),3278.0,3.050640634533252,0.7572
mwir_std_trans,D:\HwaSimIR\HwaSim_IR\Bin\Config\Atmosphere\MODTRAN\raw\audit_mwir_standard_20260906\mwir_std_trans\MODOUT2.txt,W/(cm^2 sr cm^-1),W/(cm^2 cm^-1),W/(m^2 sr um),W/(m^2 um),value_si=value_native*1e8/(wavelength_um^2),3279.0,3.0497102775236353,0.4661
mwir_std_trans,D:\HwaSimIR\HwaSim_IR\Bin\Config\Atmosphere\MODTRAN\raw\audit_mwir_standard_20260906\mwir_std_trans\MODOUT2.txt,W/(cm^2 sr cm^-1),W/(cm^2 cm^-1),W/(m^2 sr um),W/(m^2 um),value_si=value_native*1e8/(wavelength_um^2),3280.0,3.048780487804878,0.2441
mwir_std_trans,D:\HwaSimIR\HwaSim_IR\Bin\Config\Atmosphere\MODTRAN\raw\audit_mwir_standard_20260906\mwir_std_trans\MODOUT2.txt,W/(cm^2 sr cm^-1),W/(cm^2 cm^-1),W/(m^2 sr um),W/(m^2 um),value_si=value_native*1e8/(wavelength_um^2),3281.0,3.047851264858275,0.7236
mwir_std_trans,D:\HwaSimIR\HwaSim_IR\Bin\Config\Atmosphere\MODTRAN\raw\audit_mwir_standard_20260906\mwir_std_trans\MODOUT2.txt,W/(cm^2 sr cm^-1),W/(cm^2 cm^-1),W/(m^2 sr um),W/(m^2 um),value_si=value_native*1e8/(wavelength_um^2),3282.0,3.0469226081657528,0.8669
mwir_std_trans,D:\HwaSimIR\HwaSim_IR\Bin\Config\Atmosphere\MODTRAN\raw\audit_mwir_standard_20260906\mwir_std_trans\MODOUT2.txt,W/(cm^2 sr cm^-1),W/(cm^2 cm^-1),W/(m^2 sr um),W/(m^2 um),value_si=value_native*1e8/(wavelength_um^2),3283.0,3.045994517209869,0.4161
mwir_std_trans,D:\HwaSimIR\HwaSim_IR\Bin\Config\Atmosphere\MODTRAN\raw\audit_mwir_standard_20260906\mwir_std_trans\MODOUT2.txt,W/(cm^2 sr cm^-1),W/(cm^2 cm^-1),W/(m^2 sr um),W/(m^2 um),value_si=value_native*1e8/(wavelength_um^2),3284.0,3.045066991473812,0.4387
mwir_std_trans,D:\HwaSimIR\HwaSim_IR\Bin\Config\Atmosphere\MODTRAN\raw\audit_mwir_standard_20260906\mwir_std_trans\MODOUT2.txt,W/(cm^2 sr cm^-1),W/(cm^2 cm^-1),W/(m^2 sr um),W/(m^2 um),value_si=value_native*1e8/(wavelength_um^2),3285.0,3.0441400304414,0.8435
mwir_std_trans,D:\HwaSimIR\HwaSim_IR\Bin\Config\Atmosphere\MODTRAN\raw\audit_mwir_standard_20260906\mwir_std_trans\MODOUT2.txt,W/(cm^2 sr cm^-1),W/(cm^2 cm^-1),W/(m^2 sr um),W/(m^2 um),value_si=value_native*1e8/(wavelength_um^2),3286.0,3.0432136335970785,0.8089
mwir_std_trans,D:\HwaSimIR\HwaSim_IR\Bin\Config\Atmosphere\MODTRAN\raw\audit_mwir_standard_20260906\mwir_std_trans\MODOUT2.txt,W/(cm^2 sr cm^-1),W/(cm^2 cm^-1),W/(m^2 sr um),W/(m^2 um),value_si=value_native*1e8/(wavelength_um^2),3287.0,3.04228780042592,0.89
mwir_std_trans,D:\HwaSimIR\HwaSim_IR\Bin\Config\Atmosphere\MODTRAN\raw\audit_mwir_standard_20260906\mwir_std_trans\MODOUT2.txt,W/(cm^2 sr cm^-1),W/(cm^2 cm^-1),W/(m^2 sr um),W/(m^2 um),value_si=value_native*1e8/(wavelength_um^2),3288.0,3.0413625304136254,0.5215
mwir_std_trans,D:\HwaSimIR\HwaSim_IR\Bin\Config\Atmosphere\MODTRAN\raw\audit_mwir_standard_20260906\mwir_std_trans\MODOUT2.txt,W/(cm^2 sr cm^-1),W/(cm^2 cm^-1),W/(m^2 sr um),W/(m^2 um),value_si=value_native*1e8/(wavelength_um^2),3289.0,3.0404378230465188,0.2111
mwir_std_trans,D:\HwaSimIR\HwaSim_IR\Bin\Config\Atmosphere\MODTRAN\raw\audit_mwir_standard_20260906\mwir_std_trans\MODOUT2.txt,W/(cm^2 sr cm^-1),W/(cm^2 cm^-1),W/(m^2 sr um),W/(m^2 um),value_si=value_native*1e8/(wavelength_um^2),3290.0,3.0395136778115504,0.7575
mwir_std_trans,D:\HwaSimIR\HwaSim_IR\Bin\Config\Atmosphere\MODTRAN\raw\audit_mwir_standard_20260906\mwir_std_trans\MODOUT2.txt,W/(cm^2 sr cm^-1),W/(cm^2 cm^-1),W/(m^2 sr um),W/(m^2 um),value_si=value_native*1e8/(wavelength_um^2),3291.0,3.038590094196293,0.4256
mwir_std_trans,D:\HwaSimIR\HwaSim_IR\Bin\Config\Atmosphere\MODTRAN\raw\audit_mwir_standard_20260906\mwir_std_trans\MODOUT2.txt,W/(cm^2 sr cm^-1),W/(cm^2 cm^-1),W/(m^2 sr um),W/(m^2 um),value_si=value_native*1e8/(wavelength_um^2),3292.0,3.0376670716889427,0.4093
mwir_std_trans,D:\HwaSimIR\HwaSim_IR\Bin\Config\Atmosphere\MODTRAN\raw\audit_mwir_standard_20260906\mwir_std_trans\MODOUT2.txt,W/(cm^2 sr cm^-1),W/(cm^2 cm^-1),W/(m^2 sr um),W/(m^2 um),value_si=value_native*1e8/(wavelength_um^2),3293.0,3.0367446097783177,0.1653
mwir_std_trans,D:\HwaSimIR\HwaSim_IR\Bin\Config\Atmosphere\MODTRAN\raw\audit_mwir_standard_20260906\mwir_std_trans\MODOUT2.txt,W/(cm^2 sr cm^-1),W/(cm^2 cm^-1),W/(m^2 sr um),W/(m^2 um),value_si=value_native*1e8/(wavelength_um^2),3294.0,3.0358227079538556,0.4205
mwir_std_trans,D:\HwaSimIR\HwaSim_IR\Bin\Config\Atmosphere\MODTRAN\raw\audit_mwir_standard_20260906\mwir_std_trans\MODOUT2.txt,W/(cm^2 sr cm^-1),W/(cm^2 cm^-1),W/(m^2 sr um),W/(m^2 um),value_si=value_native*1e8/(wavelength_um^2),3295.0,3.0349013657056148,0.8475
mwir_std_trans,D:\HwaSimIR\HwaSim_IR\Bin\Config\Atmosphere\MODTRAN\raw\audit_mwir_standard_20260906\mwir_std_trans\MODOUT2.txt,W/(cm^2 sr cm^-1),W/(cm^2 cm^-1),W/(m^2 sr um),W/(m^2 um),value_si=value_native*1e8/(wavelength_um^2),3296.0,3.033980582524272,0.7901
mwir_std_trans,D:\HwaSimIR\HwaSim_IR\Bin\Config\Atmosphere\MODTRAN\raw\audit_mwir_standard_20260906\mwir_std_trans\MODOUT2.txt,W/(cm^2 sr cm^-1),W/(cm^2 cm^-1),W/(m^2 sr um),W/(m^2 um),value_si=value_native*1e8/(wavelength_um^2),3297.0,3.0330603579011224,0.2223
mwir_std_trans,D:\HwaSimIR\HwaSim_IR\Bin\Config\Atmosphere\MODTRAN\raw\audit_mwir_standard_20260906\mwir_std_trans\MODOUT2.txt,W/(cm^2 sr cm^-1),W/(cm^2 cm^-1),W/(m^2 sr um),W/(m^2 um),value_si=value_native*1e8/(wavelength_um^2),3298.0,3.0321406913280775,0.3144
mwir_std_trans,D:\HwaSimIR\HwaSim_IR\Bin\Config\Atmosphere\MODTRAN\raw\audit_mwir_standard_20260906\mwir_std_trans\MODOUT2.txt,W/(cm^2 sr cm^-1),W/(cm^2 cm^-1),W/(m^2 sr um),W/(m^2 um),value_si=value_native*1e8/(wavelength_um^2),3299.0,3.031221582297666,0.8686
mwir_std_trans,D:\HwaSimIR\HwaSim_IR\Bin\Config\Atmosphere\MODTRAN\raw\audit_mwir_standard_20260906\mwir_std_trans\MODOUT2.txt,W/(cm^2 sr cm^-1),W/(cm^2 cm^-1),W/(m^2 sr um),W/(m^2 um),value_si=value_native*1e8/(wavelength_um^2),3300.0,3.0303030303030303,0.6581
mwir_std_trans,D:\HwaSimIR\HwaSim_IR\Bin\Config\Atmosphere\MODTRAN\raw\audit_mwir_standard_20260906\mwir_std_trans\MODOUT2.txt,W/(cm^2 sr cm^-1),W/(cm^2 cm^-1),W/(m^2 sr um),W/(m^2 um),value_si=value_native*1e8/(wavelength_um^2),3301.0,3.029385034837928,0.8688
mwir_std_trans,D:\HwaSimIR\HwaSim_IR\Bin\Config\Atmosphere\MODTRAN\raw\audit_mwir_standard_20260906\mwir_std_trans\MODOUT2.txt,W/(cm^2 sr cm^-1),W/(cm^2 cm^-1),W/(m^2 sr um),W/(m^2 um),value_si=value_native*1e8/(wavelength_um^2),3302.0,3.0284675953967293,0.9365
mwir_std_trans,D:\HwaSimIR\HwaSim_IR\Bin\Config\Atmosphere\MODTRAN\raw\audit_mwir_standard_20260906\mwir_std_trans\MODOUT2.txt,W/(cm^2 sr cm^-1),W/(cm^2 cm^-1),W/(m^2 sr um),W/(m^2 um),value_si=value_native*1e8/(wavelength_um^2),3303.0,3.0275507114744173,0.5074
mwir_std_trans,D:\HwaSimIR\HwaSim_IR\Bin\Config\Atmosphere\MODTRAN\raw\audit_mwir_standard_20260906\mwir_std_trans\MODOUT2.txt,W/(cm^2 sr cm^-1),W/(cm^2 cm^-1),W/(m^2 sr um),W/(m^2 um),value_si=value_native*1e8/(wavelength_um^2),3304.0,3.026634382566586,0.8658
mwir_std_trans,D:\HwaSimIR\HwaSim_IR\Bin\Config\Atmosphere\MODTRAN\raw\audit_mwir_standard_20260906\mwir_std_trans\MODOUT2.txt,W/(cm^2 sr cm^-1),W/(cm^2 cm^-1),W/(m^2 sr um),W/(m^2 um),value_si=value_native*1e8/(wavelength_um^2),3305.0,3.02571860816944,0.9348
mwir_std_trans,D:\HwaSimIR\HwaSim_IR\Bin\Config\Atmosphere\MODTRAN\raw\audit_mwir_standard_20260906\mwir_std_trans\MODOUT2.txt,W/(cm^2 sr cm^-1),W/(cm^2 cm^-1),W/(m^2 sr um),W/(m^2 um),value_si=value_native*1e8/(wavelength_um^2),3306.0,3.0248033877797944,0.9179
mwir_std_trans,D:\HwaSimIR\HwaSim_IR\Bin\Config\Atmosphere\MODTRAN\raw\audit_mwir_standard_20260906\mwir_std_trans\MODOUT2.txt,W/(cm^2 sr cm^-1),W/(cm^2 cm^-1),W/(m^2 sr um),W/(m^2 um),value_si=value_native*1e8/(wavelength_um^2),3307.0,3.023888720895071,0.8625
mwir_std_trans,D:\HwaSimIR\HwaSim_IR\Bin\Config\Atmosphere\MODTRAN\raw\audit_mwir_standard_20260906\mwir_std_trans\MODOUT2.txt,W/(cm^2 sr cm^-1),W/(cm^2 cm^-1),W/(m^2 sr um),W/(m^2 um),value_si=value_native*1e8/(wavelength_um^2),3308.0,3.022974607013301,0.2706
mwir_std_trans,D:\HwaSimIR\HwaSim_IR\Bin\Config\Atmosphere\MODTRAN\raw\audit_mwir_standard_20260906\mwir_std_trans\MODOUT2.txt,W/(cm^2 sr cm^-1),W/(cm^2 cm^-1),W/(m^2 sr um),W/(m^2 um),value_si=value_native*1e8/(wavelength_um^2),3309.0,3.0220610456331216,0.1022
mwir_std_trans,D:\HwaSimIR\HwaSim_IR\Bin\Config\Atmosphere\MODTRAN\raw\audit_mwir_standard_20260906\mwir_std_trans\MODOUT2.txt,W/(cm^2 sr cm^-1),W/(cm^2 cm^-1),W/(m^2 sr um),W/(m^2 um),value_si=value_native*1e8/(wavelength_um^2),3310.0,3.0211480362537766,0.7259
mwir_std_trans,D:\HwaSimIR\HwaSim_IR\Bin\Config\Atmosphere\MODTRAN\raw\audit_mwir_standard_20260906\mwir_std_trans\MODOUT2.txt,W/(cm^2 sr cm^-1),W/(cm^2 cm^-1),W/(m^2 sr um),W/(m^2 um),value_si=value_native*1e8/(wavelength_um^2),3311.0,3.020235578375113,0.6136
mwir_std_trans,D:\HwaSimIR\HwaSim_IR\Bin\Config\Atmosphere\MODTRAN\raw\audit_mwir_standard_20260906\mwir_std_trans\MODOUT2.txt,W/(cm^2 sr cm^-1),W/(cm^2 cm^-1),W/(m^2 sr um),W/(m^2 um),value_si=value_native*1e8/(wavelength_um^2),3312.0,3.0193236714975846,0.4498
mwir_std_trans,D:\HwaSimIR\HwaSim_IR\Bin\Config\Atmosphere\MODTRAN\raw\audit_mwir_standard_20260906\mwir_std_trans\MODOUT2.txt,W/(cm^2 sr cm^-1),W/(cm^2 cm^-1),W/(m^2 sr um),W/(m^2 um),value_si=value_native*1e8/(wavelength_um^2),3313.0,3.0184123151222457,0.1665
mwir_std_trans,D:\HwaSimIR\HwaSim_IR\Bin\Config\Atmosphere\MODTRAN\raw\audit_mwir_standard_20260906\mwir_std_trans\MODOUT2.txt,W/(cm^2 sr cm^-1),W/(cm^2 cm^-1),W/(m^2 sr um),W/(m^2 um),value_si=value_native*1e8/(wavelength_um^2),3314.0,3.017501508750754,0.5525
mwir_std_trans,D:\HwaSimIR\HwaSim_IR\Bin\Config\Atmosphere\MODTRAN\raw\audit_mwir_standard_20260906\mwir_std_trans\MODOUT2.txt,W/(cm^2 sr cm^-1),W/(cm^2 cm^-1),W/(m^2 sr um),W/(m^2 um),value_si=value_native*1e8/(wavelength_um^2),3315.0,3.0165912518853695,0.8354
mwir_std_trans,D:\HwaSimIR\HwaSim_IR\Bin\Config\Atmosphere\MODTRAN\raw\audit_mwir_standard_20260906\mwir_std_trans\MODOUT2.txt,W/(cm^2 sr cm^-1),W/(cm^2 cm^-1),W/(m^2 sr um),W/(m^2 um),value_si=value_native*1e8/(wavelength_um^2),3316.0,3.0156815440289506,0.9276
mwir_std_trans,D:\HwaSimIR\HwaSim_IR\Bin\Config\Atmosphere\MODTRAN\raw\audit_mwir_standard_20260906\mwir_std_trans\MODOUT2.txt,W/(cm^2 sr cm^-1),W/(cm^2 cm^-1),W/(m^2 sr um),W/(m^2 um),value_si=value_native*1e8/(wavelength_um^2),3317.0,3.014772384684956,0.6707
mwir_std_trans,D:\HwaSimIR\HwaSim_IR\Bin\Config\Atmosphere\MODTRAN\raw\audit_mwir_standard_20260906\mwir_std_trans\MODOUT2.txt,W/(cm^2 sr cm^-1),W/(cm^2 cm^-1),W/(m^2 sr um),W/(m^2 um),value_si=value_native*1e8/(wavelength_um^2),3318.0,3.013863773357444,0.7591
mwir_std_trans,D:\HwaSimIR\HwaSim_IR\Bin\Config\Atmosphere\MODTRAN\raw\audit_mwir_standard_20260906\mwir_std_trans\MODOUT2.txt,W/(cm^2 sr cm^-1),W/(cm^2 cm^-1),W/(m^2 sr um),W/(m^2 um),value_si=value_native*1e8/(wavelength_um^2),3319.0,3.0129557095510697,0.7595
mwir_std_trans,D:\HwaSimIR\HwaSim_IR\Bin\Config\Atmosphere\MODTRAN\raw\audit_mwir_standard_20260906\mwir_std_trans\MODOUT2.txt,W/(cm^2 sr cm^-1),W/(cm^2 cm^-1),W/(m^2 sr um),W/(m^2 um),value_si=value_native*1e8/(wavelength_um^2),3320.0,3.0120481927710845,0.8958
mwir_std_trans,D:\HwaSimIR\HwaSim_IR\Bin\Config\Atmosphere\MODTRAN\raw\audit_mwir_standard_20260906\mwir_std_trans\MODOUT2.txt,W/(cm^2 sr cm^-1),W/(cm^2 cm^-1),W/(m^2 sr um),W/(m^2 um),value_si=value_native*1e8/(wavelength_um^2),3321.0,3.0111412225233365,0.9439
mwir_std_trans,D:\HwaSimIR\HwaSim_IR\Bin\Config\Atmosphere\MODTRAN\raw\audit_mwir_standard_20260906\mwir_std_trans\MODOUT2.txt,W/(cm^2 sr cm^-1),W/(cm^2 cm^-1),W/(m^2 sr um),W/(m^2 um),value_si=value_native*1e8/(wavelength_um^2),3322.0,3.0102347983142685,0.8852
mwir_std_trans,D:\HwaSimIR\HwaSim_IR\Bin\Config\Atmosphere\MODTRAN\raw\audit_mwir_standard_20260906\mwir_std_trans\MODOUT2.txt,W/(cm^2 sr cm^-1),W/(cm^2 cm^-1),W/(m^2 sr um),W/(m^2 um),value_si=value_native*1e8/(wavelength_um^2),3323.0,3.0093289196509176,0.4109
mwir_std_trans,D:\HwaSimIR\HwaSim_IR\Bin\Config\Atmosphere\MODTRAN\raw\audit_mwir_standard_20260906\mwir_std_trans\MODOUT2.txt,W/(cm^2 sr cm^-1),W/(cm^2 cm^-1),W/(m^2 sr um),W/(m^2 um),value_si=value_native*1e8/(wavelength_um^2),3324.0,3.0084235860409145,0.6257
mwir_std_trans,D:\HwaSimIR\HwaSim_IR\Bin\Config\Atmosphere\MODTRAN\raw\audit_mwir_standard_20260906\mwir_std_trans\MODOUT2.txt,W/(cm^2 sr cm^-1),W/(cm^2 cm^-1),W/(m^2 sr um),W/(m^2 um),value_si=value_native*1e8/(wavelength_um^2),3325.0,3.007518796992481,0.5836
mwir_std_trans,D:\HwaSimIR\HwaSim_IR\Bin\Config\Atmosphere\MODTRAN\raw\audit_mwir_standard_20260906\mwir_std_trans\MODOUT2.txt,W/(cm^2 sr cm^-1),W/(cm^2 cm^-1),W/(m^2 sr um),W/(m^2 um),value_si=value_native*1e8/(wavelength_um^2),3326.0,3.006614552014432,0.4327
mwir_std_trans,D:\HwaSimIR\HwaSim_IR\Bin\Config\Atmosphere\MODTRAN\raw\audit_mwir_standard_20260906\mwir_std_trans\MODOUT2.txt,W/(cm^2 sr cm^-1),W/(cm^2 cm^-1),W/(m^2 sr um),W/(m^2 um),value_si=value_native*1e8/(wavelength_um^2),3327.0,3.005710850616171,0.1238
mwir_std_trans,D:\HwaSimIR\HwaSim_IR\Bin\Config\Atmosphere\MODTRAN\raw\audit_mwir_standard_20260906\mwir_std_trans\MODOUT2.txt,W/(cm^2 sr cm^-1),W/(cm^2 cm^-1),W/(m^2 sr um),W/(m^2 um),value_si=value_native*1e8/(wavelength_um^2),3328.0,3.0048076923076925,0.7027
mwir_std_trans,D:\HwaSimIR\HwaSim_IR\Bin\Config\Atmosphere\MODTRAN\raw\audit_mwir_standard_20260906\mwir_std_trans\MODOUT2.txt,W/(cm^2 sr cm^-1),W/(cm^2 cm^-1),W/(m^2 sr um),W/(m^2 um),value_si=value_native*1e8/(wavelength_um^2),3329.0,3.0039050765995796,0.8369
mwir_std_trans,D:\HwaSimIR\HwaSim_IR\Bin\Config\Atmosphere\MODTRAN\raw\audit_mwir_standard_20260906\mwir_std_trans\MODOUT2.txt,W/(cm^2 sr cm^-1),W/(cm^2 cm^-1),W/(m^2 sr um),W/(m^2 um),value_si=value_native*1e8/(wavelength_um^2),3330.0,3.003003003003003,0.6917
mwir_std_trans,D:\HwaSimIR\HwaSim_IR\Bin\Config\Atmosphere\MODTRAN\raw\audit_mwir_standard_20260906\mwir_std_trans\MODOUT2.txt,W/(cm^2 sr cm^-1),W/(cm^2 cm^-1),W/(m^2 sr um),W/(m^2 um),value_si=value_native*1e8/(wavelength_um^2),3331.0,3.0021014710297207,0.937
mwir_std_trans,D:\HwaSimIR\HwaSim_IR\Bin\Config\Atmosphere\MODTRAN\raw\audit_mwir_standard_20260906\mwir_std_trans\MODOUT2.txt,W/(cm^2 sr cm^-1),W/(cm^2 cm^-1),W/(m^2 sr um),W/(m^2 um),value_si=value_native*1e8/(wavelength_um^2),3332.0,3.0012004801920766,0.936
mwir_std_trans,D:\HwaSimIR\HwaSim_IR\Bin\Config\Atmosphere\MODTRAN\raw\audit_mwir_standard_20260906\mwir_std_trans\MODOUT2.txt,W/(cm^2 sr cm^-1),W/(cm^2 cm^-1),W/(m^2 sr um),W/(m^2 um),value_si=value_native*1e8/(wavelength_um^2),3333.0,3.0003000300030003,0.9053
