case_id,source_file,raw_unit_radiance,raw_unit_irradiance,si_unit_radiance,si_unit_irradiance,conversion_method,wavenumber_cm1,wavelength_um,tau_los,path_thermal_native,path_thermal_W_m2_sr_um,thermal_scatter_native,thermal_scatter_W_m2_sr_um,surface_emission_native,surface_emission_W_m2_sr_um,solar_scatter_native,solar_scatter_W_m2_sr_um,single_scatter_native,single_scatter_W_m2_sr_um,ground_reflected_native,ground_reflected_W_m2_sr_um,direct_reflected_native,direct_reflected_W_m2_sr_um,total_radiance_native_diagnostic_only,path_radiance_excluding_surface_W_m2_sr_um
mwir_std_solar_scatter,D:\HwaSimIR\HwaSim_IR\Bin\Config\Atmosphere\MODTRAN\raw\audit_mwir_standard_20260906\mwir_std_solar_scatter\MODOUT2.txt,W/(cm^2 sr cm^-1),W/(cm^2 cm^-1),W/(m^2 sr um),W/(m^2 um),value_si=value_native*1e8/(wavelength_um^2),2000.0,5.0,0.83430511,2.342e-08,0.09368,0.0,0.0,0.0,0.0,1.1112e-11,4.4448000000000005e-05,1.1112e-11,4.4448000000000005e-05,0.0,0.0,0.0,0.0,2.3431e-08,0.093724448
mwir_std_solar_scatter,D:\HwaSimIR\HwaSim_IR\Bin\Config\Atmosphere\MODTRAN\raw\audit_mwir_standard_20260906\mwir_std_solar_scatter\MODOUT2.txt,W/(cm^2 sr cm^-1),W/(cm^2 cm^-1),W/(m^2 sr um),W/(m^2 um),value_si=value_native*1e8/(wavelength_um^2),2001.0,4.997501249375312,0.93323725,9.6981e-09,0.0388312020981,0.0,0.0,0.0,0.0,1.1984e-11,4.7983947984000006e-05,1.1984e-11,4.7983947984000006e-05,0.0,0.0,0.0,0.0,9.7101e-09,0.038879186046084
mwir_std_solar_scatter,D:\HwaSimIR\HwaSim_IR\Bin\Config\Atmosphere\MODTRAN\raw\audit_mwir_standard_20260906\mwir_std_solar_scatter\MODOUT2.txt,W/(cm^2 sr cm^-1),W/(cm^2 cm^-1),W/(m^2 sr um),W/(m^2 um),value_si=value_native*1e8/(wavelength_um^2),2002.0,4.995004995004995,0.95927799,5.8349e-09,0.023386302539600005,0.0,0.0,0.0,0.0,1.2194e-11,4.887360077600001e-05,1.2194e-11,4.887360077600001e-05,0.0,0.0,0.0,0.0,5.8471e-09,0.023435176140376004
mwir_std_solar_scatter,D:\HwaSimIR\HwaSim_IR\Bin\Config\Atmosphere\MODTRAN\raw\audit_mwir_standard_20260906\mwir_std_solar_scatter\MODOUT2.txt,W/(cm^2 sr cm^-1),W/(cm^2 cm^-1),W/(m^2 sr um),W/(m^2 um),value_si=value_native*1e8/(wavelength_um^2),2003.0,4.992511233150275,0.94431078,7.9866e-09,0.032042311079400004,0.0,0.0,0.0,0.0,1.218e-11,4.886626962e-05,1.218e-11,4.886626962e-05,0.0,0.0,0.0,0.0,7.9988e-09,0.032091177349020006
mwir_std_solar_scatter,D:\HwaSimIR\HwaSim_IR\Bin\Config\Atmosphere\MODTRAN\raw\audit_mwir_standard_20260906\mwir_std_solar_scatter\MODOUT2.txt,W/(cm^2 sr cm^-1),W/(cm^2 cm^-1),W/(m^2 sr um),W/(m^2 um),value_si=value_native*1e8/(wavelength_um^2),2004.0,4.990019960079841,0.96198589,5.3884e-09,0.021639900614399996,0.0,0.0,0.0,0.0,1.2326e-11,4.9501413216e-05,1.2326e-11,4.9501413216e-05,0.0,0.0,0.0,0.0,5.4007e-09,0.021689402027615996
mwir_std_solar_scatter,D:\HwaSimIR\HwaSim_IR\Bin\Config\Atmosphere\MODTRAN\raw\audit_mwir_standard_20260906\mwir_std_solar_scatter\MODOUT2.txt,W/(cm^2 sr cm^-1),W/(cm^2 cm^-1),W/(m^2 sr um),W/(m^2 um),value_si=value_native*1e8/(wavelength_um^2),2005.0,4.987531172069826,0.96329194,5.2599e-09,0.021144929497499996,0.0,0.0,0.0,0.0,1.2366e-11,4.9711629149999994e-05,1.2366e-11,4.9711629149999994e-05,0.0,0.0,0.0,0.0,5.2723e-09,0.021194641126649996
mwir_std_solar_scatter,D:\HwaSimIR\HwaSim_IR\Bin\Config\Atmosphere\MODTRAN\raw\audit_mwir_standard_20260906\mwir_std_solar_scatter\MODOUT2.txt,W/(cm^2 sr cm^-1),W/(cm^2 cm^-1),W/(m^2 sr um),W/(m^2 um),value_si=value_native*1e8/(wavelength_um^2),2006.0,4.985044865403789,0.90106493,1.3534e-08,0.054461303224,0.0,0.0,0.0,0.0,1.1806e-11,4.750776901599999e-05,1.1806e-11,4.750776901599999e-05,0.0,0.0,0.0,0.0,1.3546e-08,0.054508810993016
mwir_std_solar_scatter,D:\HwaSimIR\HwaSim_IR\Bin\Config\Atmosphere\MODTRAN\raw\audit_mwir_standard_20260906\mwir_std_solar_scatter\MODOUT2.txt,W/(cm^2 sr cm^-1),W/(cm^2 cm^-1),W/(m^2 sr um),W/(m^2 um),value_si=value_native*1e8/(wavelength_um^2),2007.0,4.9825610363726955,0.83501005,2.318e-08,0.09337017582,0.0,0.0,0.0,0.0,1.1402e-11,4.5927814698e-05,1.1402e-11,4.5927814698e-05,0.0,0.0,0.0,0.0,2.3192e-08,0.093416103634698
mwir_std_solar_scatter,D:\HwaSimIR\HwaSim_IR\Bin\Config\Atmosphere\MODTRAN\raw\audit_mwir_standard_20260906\mwir_std_solar_scatter\MODOUT2.txt,W/(cm^2 sr cm^-1),W/(cm^2 cm^-1),W/(m^2 sr um),W/(m^2 um),value_si=value_native*1e8/(wavelength_um^2),2008.0,4.9800796812749,0.49811283,5.7427e-08,0.231549339328,0.0,0.0,0.0,0.0,8.0104e-12,3.2298445465599997e-05,8.0104e-12,3.2298445465599997e-05,0.0,0.0,0.0,0.0,5.7435e-08,0.2315816377734656
mwir_std_solar_scatter,D:\HwaSimIR\HwaSim_IR\Bin\Config\Atmosphere\MODTRAN\raw\audit_mwir_standard_20260906\mwir_std_solar_scatter\MODOUT2.txt,W/(cm^2 sr cm^-1),W/(cm^2 cm^-1),W/(m^2 sr um),W/(m^2 um),value_si=value_native*1e8/(wavelength_um^2),2009.0,4.9776007964161275,0.57447505,4.8054e-08,0.193949836374,0.0,0.0,0.0,0.0,8.6226e-12,3.48015120306e-05,8.6226e-12,3.48015120306e-05,0.0,0.0,0.0,0.0,4.8063e-08,0.19398463788603063
mwir_std_solar_scatter,D:\HwaSimIR\HwaSim_IR\Bin\Config\Atmosphere\MODTRAN\raw\audit_mwir_standard_20260906\mwir_std_solar_scatter\MODOUT2.txt,W/(cm^2 sr cm^-1),W/(cm^2 cm^-1),W/(m^2 sr um),W/(m^2 um),value_si=value_native*1e8/(wavelength_um^2),2010.0,4.975124378109452,0.85974926,1.9211e-08,0.0776143611,0.0,0.0,0.0,0.0,1.1625e-11,4.696616250000001e-05,1.1625e-11,4.696616250000001e-05,0.0,0.0,0.0,0.0,1.9223e-08,0.0776613272625
mwir_std_solar_scatter,D:\HwaSimIR\HwaSim_IR\Bin\Config\Atmosphere\MODTRAN\raw\audit_mwir_standard_20260906\mwir_std_solar_scatter\MODOUT2.txt,W/(cm^2 sr cm^-1),W/(cm^2 cm^-1),W/(m^2 sr um),W/(m^2 um),value_si=value_native*1e8/(wavelength_um^2),2011.0,4.972650422675286,0.93813336,8.5764e-09,0.0346839993444,0.0,0.0,0.0,0.0,1.235e-11,4.9944894350000004e-05,1.235e-11,4.9944894350000004e-05,0.0,0.0,0.0,0.0,8.5888e-09,0.03473394423875
mwir_std_solar_scatter,D:\HwaSimIR\HwaSim_IR\Bin\Config\Atmosphere\MODTRAN\raw\audit_mwir_standard_20260906\mwir_std_solar_scatter\MODOUT2.txt,W/(cm^2 sr cm^-1),W/(cm^2 cm^-1),W/(m^2 sr um),W/(m^2 um),value_si=value_native*1e8/(wavelength_um^2),2012.0,4.970178926441352,0.9509241,6.6667e-09,0.0269877616048,0.0,0.0,0.0,0.0,1.2478e-11,5.051274083200001e-05,1.2478e-11,5.051274083200001e-05,0.0,0.0,0.0,0.0,6.6792e-09,0.027038274345632
mwir_std_solar_scatter,D:\HwaSimIR\HwaSim_IR\Bin\Config\Atmosphere\MODTRAN\raw\audit_mwir_standard_20260906\mwir_std_solar_scatter\MODOUT2.txt,W/(cm^2 sr cm^-1),W/(cm^2 cm^-1),W/(m^2 sr um),W/(m^2 um),value_si=value_native*1e8/(wavelength_um^2),2013.0,4.967709885742672,0.94690126,7.3273e-09,0.029691457913700006,0.0,0.0,0.0,0.0,1.2526e-11,5.075746889400001e-05,1.2526e-11,5.075746889400001e-05,0.0,0.0,0.0,0.0,7.3399e-09,0.029742215382594004
mwir_std_solar_scatter,D:\HwaSimIR\HwaSim_IR\Bin\Config\Atmosphere\MODTRAN\raw\audit_mwir_standard_20260906\mwir_std_solar_scatter\MODOUT2.txt,W/(cm^2 sr cm^-1),W/(cm^2 cm^-1),W/(m^2 sr um),W/(m^2 um),value_si=value_native*1e8/(wavelength_um^2),2014.0,4.965243296921549,0.92173988,1.0533e-08,0.04272391246800001,0.0,0.0,0.0,0.0,1.2252e-11,4.969651339200001e-05,1.2252e-11,4.969651339200001e-05,0.0,0.0,0.0,0.0,1.0545e-08,0.04277360898139201
mwir_std_solar_scatter,D:\HwaSimIR\HwaSim_IR\Bin\Config\Atmosphere\MODTRAN\raw\audit_mwir_standard_20260906\mwir_std_solar_scatter\MODOUT2.txt,W/(cm^2 sr cm^-1),W/(cm^2 cm^-1),W/(m^2 sr um),W/(m^2 um),value_si=value_native*1e8/(wavelength_um^2),2015.0,4.962779156327543,0.8695755,1.7719e-08,0.071943126775,0.0,0.0,0.0,0.0,1.1777e-11,4.781726982500001e-05,1.1777e-11,4.781726982500001e-05,0.0,0.0,0.0,0.0,1.7731e-08,0.071990944044825
mwir_std_solar_scatter,D:\HwaSimIR\HwaSim_IR\Bin\Config\Atmosphere\MODTRAN\raw\audit_mwir_standard_20260906\mwir_std_solar_scatter\MODOUT2.txt,W/(cm^2 sr cm^-1),W/(cm^2 cm^-1),W/(m^2 sr um),W/(m^2 um),value_si=value_native*1e8/(wavelength_um^2),2016.0,4.9603174603174605,0.54957688,5.8022e-08,0.23581626163199998,0.0,0.0,0.0,0.0,9.0979e-12,3.6976194662399996e-05,9.0979e-12,3.6976194662399996e-05,0.0,0.0,0.0,0.0,5.8031e-08,0.23585323782666237
mwir_std_solar_scatter,D:\HwaSimIR\HwaSim_IR\Bin\Config\Atmosphere\MODTRAN\raw\audit_mwir_standard_20260906\mwir_std_solar_scatter\MODOUT2.txt,W/(cm^2 sr cm^-1),W/(cm^2 cm^-1),W/(m^2 sr um),W/(m^2 um),value_si=value_native*1e8/(wavelength_um^2),2017.0,4.95785820525533,0.09092562,8.2885e-08,0.33720013376499997,0.0,0.0,0.0,0.0,3.2213e-12,1.3105179355699999e-05,3.2213e-12,1.3105179355699999e-05,0.0,0.0,0.0,0.0,8.2888e-08,0.3372132389443557
mwir_std_solar_scatter,D:\HwaSimIR\HwaSim_IR\Bin\Config\Atmosphere\MODTRAN\raw\audit_mwir_standard_20260906\mwir_std_solar_scatter\MODOUT2.txt,W/(cm^2 sr cm^-1),W/(cm^2 cm^-1),W/(m^2 sr um),W/(m^2 um),value_si=value_native*1e8/(wavelength_um^2),2018.0,4.955401387512389,0.30909547,7.3207e-08,0.298122623068,0.0,0.0,0.0,0.0,6.1588e-12,2.50806290512e-05,6.1588e-12,2.50806290512e-05,0.0,0.0,0.0,0.0,7.3214e-08,0.29814770369705124
mwir_std_solar_scatter,D:\HwaSimIR\HwaSim_IR\Bin\Config\Atmosphere\MODTRAN\raw\audit_mwir_standard_20260906\mwir_std_solar_scatter\MODOUT2.txt,W/(cm^2 sr cm^-1),W/(cm^2 cm^-1),W/(m^2 sr um),W/(m^2 um),value_si=value_native*1e8/(wavelength_um^2),2019.0,4.952947003467063,0.22330795,8.0315e-08,0.32739293371499995,0.0,0.0,0.0,0.0,5.2281e-12,2.13116229441e-05,5.2281e-12,2.13116229441e-05,0.0,0.0,0.0,0.0,8.032e-08,0.32741424533794405
mwir_std_solar_scatter,D:\HwaSimIR\HwaSim_IR\Bin\Config\Atmosphere\MODTRAN\raw\audit_mwir_standard_20260906\mwir_std_solar_scatter\MODOUT2.txt,W/(cm^2 sr cm^-1),W/(cm^2 cm^-1),W/(m^2 sr um),W/(m^2 um),value_si=value_native*1e8/(wavelength_um^2),2020.0,4.9504950495049505,0.827133,2.2954e-08,0.09366150160000002,0.0,0.0,0.0,0.0,1.1569e-11,4.72061476e-05,1.1569e-11,4.72061476e-05,0.0,0.0,0.0,0.0,2.2966e-08,0.09370870774760001
mwir_std_solar_scatter,D:\HwaSimIR\HwaSim_IR\Bin\Config\Atmosphere\MODTRAN\raw\audit_mwir_standard_20260906\mwir_std_solar_scatter\MODOUT2.txt,W/(cm^2 sr cm^-1),W/(cm^2 cm^-1),W/(m^2 sr um),W/(m^2 um),value_si=value_native*1e8/(wavelength_um^2),2021.0,4.948045522018803,0.90311319,1.247e-08,0.05093297927,0.0,0.0,0.0,0.0,1.2214e-11,4.988736237399999e-05,1.2214e-11,4.988736237399999e-05,0.0,0.0,0.0,0.0,1.2483e-08,0.050982866632373995
mwir_std_solar_scatter,D:\HwaSimIR\HwaSim_IR\Bin\Config\Atmosphere\MODTRAN\raw\audit_mwir_standard_20260906\mwir_std_solar_scatter\MODOUT2.txt,W/(cm^2 sr cm^-1),W/(cm^2 cm^-1),W/(m^2 sr um),W/(m^2 um),value_si=value_native*1e8/(wavelength_um^2),2022.0,4.945598417408506,0.92383778,1.0249e-08,0.041902872516,0.0,0.0,0.0,0.0,1.2593e-11,5.1486279012e-05,1.2593e-11,5.1486279012e-05,0.0,0.0,0.0,0.0,1.0261e-08,0.041954358795012
mwir_std_solar_scatter,D:\HwaSimIR\HwaSim_IR\Bin\Config\Atmosphere\MODTRAN\raw\audit_mwir_standard_20260906\mwir_std_solar_scatter\MODOUT2.txt,W/(cm^2 sr cm^-1),W/(cm^2 cm^-1),W/(m^2 sr um),W/(m^2 um),value_si=value_native*1e8/(wavelength_um^2),2023.0,4.9431537320810675,0.48921987,5.6325e-08,0.23051169592500004,0.0,0.0,0.0,0.0,8.2095e-12,3.359761682550001e-05,8.2095e-12,3.359761682550001e-05,0.0,0.0,0.0,0.0,5.6333e-08,0.23054529354182554
mwir_std_solar_scatter,D:\HwaSimIR\HwaSim_IR\Bin\Config\Atmosphere\MODTRAN\raw\audit_mwir_standard_20260906\mwir_std_solar_scatter\MODOUT2.txt,W/(cm^2 sr cm^-1),W/(cm^2 cm^-1),W/(m^2 sr um),W/(m^2 um),value_si=value_native*1e8/(wavelength_um^2),2024.0,4.940711462450593,0.92883277,9.4926e-09,0.038887157337599995,0.0,0.0,0.0,0.0,1.2675e-11,5.19241008e-05,1.2675e-11,5.19241008e-05,0.0,0.0,0.0,0.0,9.5053e-09,0.0389390814384
mwir_std_solar_scatter,D:\HwaSimIR\HwaSim_IR\Bin\Config\Atmosphere\MODTRAN\raw\audit_mwir_standard_20260906\mwir_std_solar_scatter\MODOUT2.txt,W/(cm^2 sr cm^-1),W/(cm^2 cm^-1),W/(m^2 sr um),W/(m^2 um),value_si=value_native*1e8/(wavelength_um^2),2025.0,4.938271604938271,0.94540381,6.8813e-09,0.028217630812500005,0.0,0.0,0.0,0.0,1.2723e-11,5.217225187500001e-05,1.2723e-11,5.217225187500001e-05,0.0,0.0,0.0,0.0,6.8941e-09,0.028269803064375005
mwir_std_solar_scatter,D:\HwaSimIR\HwaSim_IR\Bin\Config\Atmosphere\MODTRAN\raw\audit_mwir_standard_20260906\mwir_std_solar_scatter\MODOUT2.txt,W/(cm^2 sr cm^-1),W/(cm^2 cm^-1),W/(m^2 sr um),W/(m^2 um),value_si=value_native*1e8/(wavelength_um^2),2026.0,4.935834155972359,0.8398124,2.0343e-08,0.083501423868,0.0,0.0,0.0,0.0,1.1822e-11,4.8525479671999996e-05,1.1822e-11,4.8525479671999996e-05,0.0,0.0,0.0,0.0,2.0355e-08,0.083549949347672
mwir_std_solar_scatter,D:\HwaSimIR\HwaSim_IR\Bin\Config\Atmosphere\MODTRAN\raw\audit_mwir_standard_20260906\mwir_std_solar_scatter\MODOUT2.txt,W/(cm^2 sr cm^-1),W/(cm^2 cm^-1),W/(m^2 sr um),W/(m^2 um),value_si=value_native*1e8/(wavelength_um^2),2027.0,4.93339911198816,0.38487878,6.1631e-08,0.253225076999,0.0,0.0,0.0,0.0,6.8216e-12,2.80281057464e-05,6.8216e-12,2.80281057464e-05,0.0,0.0,0.0,0.0,6.1637e-08,0.2532531051047464
mwir_std_solar_scatter,D:\HwaSimIR\HwaSim_IR\Bin\Config\Atmosphere\MODTRAN\raw\audit_mwir_standard_20260906\mwir_std_solar_scatter\MODOUT2.txt,W/(cm^2 sr cm^-1),W/(cm^2 cm^-1),W/(m^2 sr um),W/(m^2 um),value_si=value_native*1e8/(wavelength_um^2),2028.0,4.930966469428008,0.93334913,8.291e-09,0.03409909214399999,0.0,0.0,0.0,0.0,1.2664e-11,5.208429657599999e-05,1.2664e-11,5.208429657599999e-05,0.0,0.0,0.0,0.0,8.3037e-09,0.03415117644057599
mwir_std_solar_scatter,D:\HwaSimIR\HwaSim_IR\Bin\Config\Atmosphere\MODTRAN\raw\audit_mwir_standard_20260906\mwir_std_solar_scatter\MODOUT2.txt,W/(cm^2 sr cm^-1),W/(cm^2 cm^-1),W/(m^2 sr um),W/(m^2 um),value_si=value_native*1e8/(wavelength_um^2),2029.0,4.928536224741252,0.96259344,4.5221e-09,0.018616766686100007,0.0,0.0,0.0,0.0,1.3042e-11,5.3691840322000004e-05,1.3042e-11,5.3691840322000004e-05,0.0,0.0,0.0,0.0,4.5352e-09,0.018670458526422008
mwir_std_solar_scatter,D:\HwaSimIR\HwaSim_IR\Bin\Config\Atmosphere\MODTRAN\raw\audit_mwir_standard_20260906\mwir_std_solar_scatter\MODOUT2.txt,W/(cm^2 sr cm^-1),W/(cm^2 cm^-1),W/(m^2 sr um),W/(m^2 um),value_si=value_native*1e8/(wavelength_um^2),2030.0,4.926108374384237,0.94864911,6.4342e-09,0.026514694779999997,0.0,0.0,0.0,0.0,1.2997e-11,5.35593373e-05,1.2997e-11,5.35593373e-05,0.0,0.0,0.0,0.0,6.4472e-09,0.026568254117299996
mwir_std_solar_scatter,D:\HwaSimIR\HwaSim_IR\Bin\Config\Atmosphere\MODTRAN\raw\audit_mwir_standard_20260906\mwir_std_solar_scatter\MODOUT2.txt,W/(cm^2 sr cm^-1),W/(cm^2 cm^-1),W/(m^2 sr um),W/(m^2 um),value_si=value_native*1e8/(wavelength_um^2),2031.0,4.923682914820286,0.96908766,3.648e-09,0.015047857727999998,0.0,0.0,0.0,0.0,1.3101e-11,5.4041114061000004e-05,1.3101e-11,5.4041114061000004e-05,0.0,0.0,0.0,0.0,3.6611e-09,0.015101898842060998
mwir_std_solar_scatter,D:\HwaSimIR\HwaSim_IR\Bin\Config\Atmosphere\MODTRAN\raw\audit_mwir_standard_20260906\mwir_std_solar_scatter\MODOUT2.txt,W/(cm^2 sr cm^-1),W/(cm^2 cm^-1),W/(m^2 sr um),W/(m^2 um),value_si=value_native*1e8/(wavelength_um^2),2032.0,4.921259842519685,0.96160215,4.5304e-09,0.018706130329599998,0.0,0.0,0.0,0.0,1.3046e-11,5.3867247104e-05,1.3046e-11,5.3867247104e-05,0.0,0.0,0.0,0.0,4.5434e-09,0.018759997576703998
mwir_std_solar_scatter,D:\HwaSimIR\HwaSim_IR\Bin\Config\Atmosphere\MODTRAN\raw\audit_mwir_standard_20260906\mwir_std_solar_scatter\MODOUT2.txt,W/(cm^2 sr cm^-1),W/(cm^2 cm^-1),W/(m^2 sr um),W/(m^2 um),value_si=value_native*1e8/(wavelength_um^2),2033.0,4.918839153959666,0.97459596,3.0904e-09,0.012772898245599998,0.0,0.0,0.0,0.0,1.3333e-11,5.5106475637e-05,1.3333e-11,5.5106475637e-05,0.0,0.0,0.0,0.0,3.1038e-09,0.012828004721236998
mwir_std_solar_scatter,D:\HwaSimIR\HwaSim_IR\Bin\Config\Atmosphere\MODTRAN\raw\audit_mwir_standard_20260906\mwir_std_solar_scatter\MODOUT2.txt,W/(cm^2 sr cm^-1),W/(cm^2 cm^-1),W/(m^2 sr um),W/(m^2 um),value_si=value_native*1e8/(wavelength_um^2),2034.0,4.916420845624385,0.81769127,2.1909e-08,0.09064095080400002,0.0,0.0,0.0,0.0,1.182e-11,4.890118392e-05,1.182e-11,4.890118392e-05,0.0,0.0,0.0,0.0,2.1921e-08,0.09068985198792001
mwir_std_solar_scatter,D:\HwaSimIR\HwaSim_IR\Bin\Config\Atmosphere\MODTRAN\raw\audit_mwir_standard_20260906\mwir_std_solar_scatter\MODOUT2.txt,W/(cm^2 sr cm^-1),W/(cm^2 cm^-1),W/(m^2 sr um),W/(m^2 um),value_si=value_native*1e8/(wavelength_um^2),2035.0,4.914004914004914,0.94048315,6.9234e-09,0.028671357165000008,0.0,0.0,0.0,0.0,1.2915e-11,5.3483920875e-05,1.2915e-11,5.3483920875e-05,0.0,0.0,0.0,0.0,6.9363e-09,0.02872484108587501
mwir_std_solar_scatter,D:\HwaSimIR\HwaSim_IR\Bin\Config\Atmosphere\MODTRAN\raw\audit_mwir_standard_20260906\mwir_std_solar_scatter\MODOUT2.txt,W/(cm^2 sr cm^-1),W/(cm^2 cm^-1),W/(m^2 sr um),W/(m^2 um),value_si=value_native*1e8/(wavelength_um^2),2036.0,4.911591355599215,0.97143596,3.4513e-09,0.014306660084799996,0.0,0.0,0.0,0.0,1.3436e-11,5.569619705599999e-05,1.3436e-11,5.569619705599999e-05,0.0,0.0,0.0,0.0,3.4647e-09,0.014362356281855995
mwir_std_solar_scatter,D:\HwaSimIR\HwaSim_IR\Bin\Config\Atmosphere\MODTRAN\raw\audit_mwir_standard_20260906\mwir_std_solar_scatter\MODOUT2.txt,W/(cm^2 sr cm^-1),W/(cm^2 cm^-1),W/(m^2 sr um),W/(m^2 um),value_si=value_native*1e8/(wavelength_um^2),2037.0,4.909180166912126,0.8446213,1.6877e-08,0.07002890061299999,0.0,0.0,0.0,0.0,1.1252e-11,4.6688699987999995e-05,1.1252e-11,4.6688699987999995e-05,0.0,0.0,0.0,0.0,1.6888e-08,0.07007558931298799
mwir_std_solar_scatter,D:\HwaSimIR\HwaSim_IR\Bin\Config\Atmosphere\MODTRAN\raw\audit_mwir_standard_20260906\mwir_std_solar_scatter\MODOUT2.txt,W/(cm^2 sr cm^-1),W/(cm^2 cm^-1),W/(m^2 sr um),W/(m^2 um),value_si=value_native*1e8/(wavelength_um^2),2038.0,4.906771344455349,0.72165227,2.9337e-08,0.12184958662799998,0.0,0.0,0.0,0.0,1.0438e-11,4.3353648472e-05,1.0438e-11,4.3353648472e-05,0.0,0.0,0.0,0.0,2.9348e-08,0.12189294027647198
mwir_std_solar_scatter,D:\HwaSimIR\HwaSim_IR\Bin\Config\Atmosphere\MODTRAN\raw\audit_mwir_standard_20260906\mwir_std_solar_scatter\MODOUT2.txt,W/(cm^2 sr cm^-1),W/(cm^2 cm^-1),W/(m^2 sr um),W/(m^2 um),value_si=value_native*1e8/(wavelength_um^2),2039.0,4.904364884747425,0.94791758,6.339e-09,0.026354525619000004,0.0,0.0,0.0,0.0,1.332e-11,5.537817972000001e-05,1.332e-11,5.537817972000001e-05,0.0,0.0,0.0,0.0,6.3523e-09,0.026409903798720005
mwir_std_solar_scatter,D:\HwaSimIR\HwaSim_IR\Bin\Config\Atmosphere\MODTRAN\raw\audit_mwir_standard_20260906\mwir_std_solar_scatter\MODOUT2.txt,W/(cm^2 sr cm^-1),W/(cm^2 cm^-1),W/(m^2 sr um),W/(m^2 um),value_si=value_native*1e8/(wavelength_um^2),2040.0,4.901960784313726,0.83171272,1.9258e-08,0.08014409279999998,0.0,0.0,0.0,0.0,1.1845e-11,4.929415199999999e-05,1.1845e-11,4.929415199999999e-05,0.0,0.0,0.0,0.0,1.927e-08,0.08019338695199998
mwir_std_solar_scatter,D:\HwaSimIR\HwaSim_IR\Bin\Config\Atmosphere\MODTRAN\raw\audit_mwir_standard_20260906\mwir_std_solar_scatter\MODOUT2.txt,W/(cm^2 sr cm^-1),W/(cm^2 cm^-1),W/(m^2 sr um),W/(m^2 um),value_si=value_native*1e8/(wavelength_um^2),2041.0,4.899559039686428,0.2989361,6.3158e-08,0.263096080598,0.0,0.0,0.0,0.0,5.9621e-12,2.48362066901e-05,5.9621e-12,2.48362066901e-05,0.0,0.0,0.0,0.0,6.3164e-08,0.2631209168046901
mwir_std_solar_scatter,D:\HwaSimIR\HwaSim_IR\Bin\Config\Atmosphere\MODTRAN\raw\audit_mwir_standard_20260906\mwir_std_solar_scatter\MODOUT2.txt,W/(cm^2 sr cm^-1),W/(cm^2 cm^-1),W/(m^2 sr um),W/(m^2 um),value_si=value_native*1e8/(wavelength_um^2),2042.0,4.897159647404505,0.60122478,4.5838e-08,0.191133642232,0.0,0.0,0.0,0.0,1.02e-11,4.2531592799999995e-05,1.02e-11,4.2531592799999995e-05,0.0,0.0,0.0,0.0,4.5848e-08,0.19117617382479998
mwir_std_solar_scatter,D:\HwaSimIR\HwaSim_IR\Bin\Config\Atmosphere\MODTRAN\raw\audit_mwir_standard_20260906\mwir_std_solar_scatter\MODOUT2.txt,W/(cm^2 sr cm^-1),W/(cm^2 cm^-1),W/(m^2 sr um),W/(m^2 um),value_si=value_native*1e8/(wavelength_um^2),2043.0,4.894762604013706,0.77946877,2.3898e-08,0.09974664340199998,0.0,0.0,0.0,0.0,1.1192e-11,4.671371800799999e-05,1.1192e-11,4.671371800799999e-05,0.0,0.0,0.0,0.0,2.3909e-08,0.09979335712000799
mwir_std_solar_scatter,D:\HwaSimIR\HwaSim_IR\Bin\Config\Atmosphere\MODTRAN\raw\audit_mwir_standard_20260906\mwir_std_solar_scatter\MODOUT2.txt,W/(cm^2 sr cm^-1),W/(cm^2 cm^-1),W/(m^2 sr um),W/(m^2 um),value_si=value_native*1e8/(wavelength_um^2),2044.0,4.892367906066537,0.36715832,5.7709e-08,0.24110450862399999,0.0,0.0,0.0,0.0,6.7509e-12,2.82048281424e-05,6.7509e-12,2.82048281424e-05,0.0,0.0,0.0,0.0,5.7716e-08,0.24113271345214238
mwir_std_solar_scatter,D:\HwaSimIR\HwaSim_IR\Bin\Config\Atmosphere\MODTRAN\raw\audit_mwir_standard_20260906\mwir_std_solar_scatter\MODOUT2.txt,W/(cm^2 sr cm^-1),W/(cm^2 cm^-1),W/(m^2 sr um),W/(m^2 um),value_si=value_native*1e8/(wavelength_um^2),2045.0,4.88997555012225,0.91259795,1.0324e-08,0.04317522609999999,0.0,0.0,0.0,0.0,1.3099e-11,5.478034547499999e-05,1.3099e-11,5.478034547499999e-05,0.0,0.0,0.0,0.0,1.0337e-08,0.04323000644547499
mwir_std_solar_scatter,D:\HwaSimIR\HwaSim_IR\Bin\Config\Atmosphere\MODTRAN\raw\audit_mwir_standard_20260906\mwir_std_solar_scatter\MODOUT2.txt,W/(cm^2 sr cm^-1),W/(cm^2 cm^-1),W/(m^2 sr um),W/(m^2 um),value_si=value_native*1e8/(wavelength_um^2),2046.0,4.887585532746823,0.78171408,2.1382e-08,0.08950753231199998,0.0,0.0,0.0,0.0,1.0993e-11,4.6017973188e-05,1.0993e-11,4.6017973188e-05,0.0,0.0,0.0,0.0,2.1393e-08,0.08955355028518798
mwir_std_solar_scatter,D:\HwaSimIR\HwaSim_IR\Bin\Config\Atmosphere\MODTRAN\raw\audit_mwir_standard_20260906\mwir_std_solar_scatter\MODOUT2.txt,W/(cm^2 sr cm^-1),W/(cm^2 cm^-1),W/(m^2 sr um),W/(m^2 um),value_si=value_native*1e8/(wavelength_um^2),2047.0,4.885197850512946,0.80848557,1.9961e-08,0.08364076184899999,0.0,0.0,0.0,0.0,1.2062e-11,5.0542300957999995e-05,1.2062e-11,5.0542300957999995e-05,0.0,0.0,0.0,0.0,1.9973e-08,0.08369130414995798
mwir_std_solar_scatter,D:\HwaSimIR\HwaSim_IR\Bin\Config\Atmosphere\MODTRAN\raw\audit_mwir_standard_20260906\mwir_std_solar_scatter\MODOUT2.txt,W/(cm^2 sr cm^-1),W/(cm^2 cm^-1),W/(m^2 sr um),W/(m^2 um),value_si=value_native*1e8/(wavelength_um^2),2048.0,4.8828125,0.84955794,1.3419e-08,0.056283365376,0.0,0.0,0.0,0.0,1.1996e-11,5.031487078400001e-05,1.1996e-11,5.031487078400001e-05,0.0,0.0,0.0,0.0,1.3431e-08,0.056333680246784
mwir_std_solar_scatter,D:\HwaSimIR\HwaSim_IR\Bin\Config\Atmosphere\MODTRAN\raw\audit_mwir_standard_20260906\mwir_std_solar_scatter\MODOUT2.txt,W/(cm^2 sr cm^-1),W/(cm^2 cm^-1),W/(m^2 sr um),W/(m^2 um),value_si=value_native*1e8/(wavelength_um^2),2049.0,4.880429477794046,0.76261514,2.115e-08,0.08879618115000003,0.0,0.0,0.0,0.0,1.0547e-11,4.428053534700001e-05,1.0547e-11,4.428053534700001e-05,0.0,0.0,0.0,0.0,2.1161e-08,0.08884046168534702
mwir_std_solar_scatter,D:\HwaSimIR\HwaSim_IR\Bin\Config\Atmosphere\MODTRAN\raw\audit_mwir_standard_20260906\mwir_std_solar_scatter\MODOUT2.txt,W/(cm^2 sr cm^-1),W/(cm^2 cm^-1),W/(m^2 sr um),W/(m^2 um),value_si=value_native*1e8/(wavelength_um^2),2050.0,4.878048780487805,0.92557788,7.6325e-09,0.032075581250000006,0.0,0.0,0.0,0.0,1.2938e-11,5.4371945e-05,1.2938e-11,5.4371945e-05,0.0,0.0,0.0,0.0,7.6455e-09,0.032129953195000005
mwir_std_solar_scatter,D:\HwaSimIR\HwaSim_IR\Bin\Config\Atmosphere\MODTRAN\raw\audit_mwir_standard_20260906\mwir_std_solar_scatter\MODOUT2.txt,W/(cm^2 sr cm^-1),W/(cm^2 cm^-1),W/(m^2 sr um),W/(m^2 um),value_si=value_native*1e8/(wavelength_um^2),2051.0,4.875670404680643,0.7971366,1.7424e-08,0.07329581582400002,0.0,0.0,0.0,0.0,1.124e-11,4.728219524000001e-05,1.124e-11,4.728219524000001e-05,0.0,0.0,0.0,0.0,1.7436e-08,0.07334309801924002
mwir_std_solar_scatter,D:\HwaSimIR\HwaSim_IR\Bin\Config\Atmosphere\MODTRAN\raw\audit_mwir_standard_20260906\mwir_std_solar_scatter\MODOUT2.txt,W/(cm^2 sr cm^-1),W/(cm^2 cm^-1),W/(m^2 sr um),W/(m^2 um),value_si=value_native*1e8/(wavelength_um^2),2052.0,4.8732943469785575,0.72930104,2.2882e-08,0.096349328928,0.0,0.0,0.0,0.0,1.0129e-11,4.2650220816e-05,1.0129e-11,4.2650220816e-05,0.0,0.0,0.0,0.0,2.2892e-08,0.09639197914881599
mwir_std_solar_scatter,D:\HwaSimIR\HwaSim_IR\Bin\Config\Atmosphere\MODTRAN\raw\audit_mwir_standard_20260906\mwir_std_solar_scatter\MODOUT2.txt,W/(cm^2 sr cm^-1),W/(cm^2 cm^-1),W/(m^2 sr um),W/(m^2 um),value_si=value_native*1e8/(wavelength_um^2),2053.0,4.870920603994155,0.91449678,9.0004e-09,0.037934966923599996,0.0,0.0,0.0,0.0,1.3051e-11,5.5007472259e-05,1.3051e-11,5.5007472259e-05,0.0,0.0,0.0,0.0,9.0135e-09,0.037989974395858994
mwir_std_solar_scatter,D:\HwaSimIR\HwaSim_IR\Bin\Config\Atmosphere\MODTRAN\raw\audit_mwir_standard_20260906\mwir_std_solar_scatter\MODOUT2.txt,W/(cm^2 sr cm^-1),W/(cm^2 cm^-1),W/(m^2 sr um),W/(m^2 um),value_si=value_native*1e8/(wavelength_um^2),2054.0,4.868549172346641,0.7336064,2.2315e-08,0.09414511054000001,0.0,0.0,0.0,0.0,1.0356e-11,4.3691094096e-05,1.0356e-11,4.3691094096e-05,0.0,0.0,0.0,0.0,2.2325e-08,0.094188801634096
mwir_std_solar_scatter,D:\HwaSimIR\HwaSim_IR\Bin\Config\Atmosphere\MODTRAN\raw\audit_mwir_standard_20260906\mwir_std_solar_scatter\MODOUT2.txt,W/(cm^2 sr cm^-1),W/(cm^2 cm^-1),W/(m^2 sr um),W/(m^2 um),value_si=value_native*1e8/(wavelength_um^2),2055.0,4.866180048661801,0.69096726,2.5237e-08,0.10657648192499998,0.0,0.0,0.0,0.0,9.7054e-12,4.0986146834999993e-05,9.7054e-12,4.0986146834999993e-05,0.0,0.0,0.0,0.0,2.5247e-08,0.10661746807183498
mwir_std_solar_scatter,D:\HwaSimIR\HwaSim_IR\Bin\Config\Atmosphere\MODTRAN\raw\audit_mwir_standard_20260906\mwir_std_solar_scatter\MODOUT2.txt,W/(cm^2 sr cm^-1),W/(cm^2 cm^-1),W/(m^2 sr um),W/(m^2 um),value_si=value_native*1e8/(wavelength_um^2),2056.0,4.863813229571984,0.92353499,7.6128e-09,0.0321803409408,0.0,0.0,0.0,0.0,1.3247e-11,5.599687059200001e-05,1.3247e-11,5.599687059200001e-05,0.0,0.0,0.0,0.0,7.626e-09,0.032236337811392
mwir_std_solar_scatter,D:\HwaSimIR\HwaSim_IR\Bin\Config\Atmosphere\MODTRAN\raw\audit_mwir_standard_20260906\mwir_std_solar_scatter\MODOUT2.txt,W/(cm^2 sr cm^-1),W/(cm^2 cm^-1),W/(m^2 sr um),W/(m^2 um),value_si=value_native*1e8/(wavelength_um^2),2057.0,4.861448711716092,0.69858605,2.387e-08,0.10099991363,0.0,0.0,0.0,0.0,9.799e-12,4.1462008951000006e-05,9.799e-12,4.1462008951000006e-05,0.0,0.0,0.0,0.0,2.3879e-08,0.10104137563895099
mwir_std_solar_scatter,D:\HwaSimIR\HwaSim_IR\Bin\Config\Atmosphere\MODTRAN\raw\audit_mwir_standard_20260906\mwir_std_solar_scatter\MODOUT2.txt,W/(cm^2 sr cm^-1),W/(cm^2 cm^-1),W/(m^2 sr um),W/(m^2 um),value_si=value_native*1e8/(wavelength_um^2),2058.0,4.859086491739553,0.68542343,2.4791e-08,0.104998908924,0.0,0.0,0.0,0.0,9.6122e-12,4.07111658408e-05,9.6122e-12,4.07111658408e-05,0.0,0.0,0.0,0.0,2.48e-08,0.1050396200898408
mwir_std_solar_scatter,D:\HwaSimIR\HwaSim_IR\Bin\Config\Atmosphere\MODTRAN\raw\audit_mwir_standard_20260906\mwir_std_solar_scatter\MODOUT2.txt,W/(cm^2 sr cm^-1),W/(cm^2 cm^-1),W/(m^2 sr um),W/(m^2 um),value_si=value_native*1e8/(wavelength_um^2),2059.0,4.856726566294317,0.88876241,1.1418e-08,0.048406394058000006,0.0,0.0,0.0,0.0,1.2898e-11,5.4680825938000005e-05,1.2898e-11,5.4680825938000005e-05,0.0,0.0,0.0,0.0,1.1431e-08,0.048461074883938006
mwir_std_solar_scatter,D:\HwaSimIR\HwaSim_IR\Bin\Config\Atmosphere\MODTRAN\raw\audit_mwir_standard_20260906\mwir_std_solar_scatter\MODOUT2.txt,W/(cm^2 sr cm^-1),W/(cm^2 cm^-1),W/(m^2 sr um),W/(m^2 um),value_si=value_native*1e8/(wavelength_um^2),2060.0,4.854368932038835,0.43127942,4.503e-08,0.19108930800000004,0.0,0.0,0.0,0.0,6.8853e-12,2.9218459080000005e-05,6.8853e-12,2.9218459080000005e-05,0.0,0.0,0.0,0.0,4.5037e-08,0.19111852645908003
mwir_std_solar_scatter,D:\HwaSimIR\HwaSim_IR\Bin\Config\Atmosphere\MODTRAN\raw\audit_mwir_standard_20260906\mwir_std_solar_scatter\MODOUT2.txt,W/(cm^2 sr cm^-1),W/(cm^2 cm^-1),W/(m^2 sr um),W/(m^2 um),value_si=value_native*1e8/(wavelength_um^2),2061.0,4.85201358563804,0.58558291,3.5416e-08,0.150437286936,0.0,0.0,0.0,0.0,8.7726e-12,3.72635572446e-05,8.7726e-12,3.72635572446e-05,0.0,0.0,0.0,0.0,3.5425e-08,0.1504745504932446
mwir_std_solar_scatter,D:\HwaSimIR\HwaSim_IR\Bin\Config\Atmosphere\MODTRAN\raw\audit_mwir_standard_20260906\mwir_std_solar_scatter\MODOUT2.txt,W/(cm^2 sr cm^-1),W/(cm^2 cm^-1),W/(m^2 sr um),W/(m^2 um),value_si=value_native*1e8/(wavelength_um^2),2062.0,4.849660523763337,0.88716698,1.1143e-08,0.04737829769199999,0.0,0.0,0.0,0.0,1.2667e-11,5.385810794799999e-05,1.2667e-11,5.385810794799999e-05,0.0,0.0,0.0,0.0,1.1156e-08,0.04743215579994799
mwir_std_solar_scatter,D:\HwaSimIR\HwaSim_IR\Bin\Config\Atmosphere\MODTRAN\raw\audit_mwir_standard_20260906\mwir_std_solar_scatter\MODOUT2.txt,W/(cm^2 sr cm^-1),W/(cm^2 cm^-1),W/(m^2 sr um),W/(m^2 um),value_si=value_native*1e8/(wavelength_um^2),2063.0,4.847309743092584,0.6432755,2.8107e-08,0.119622520683,0.0,0.0,0.0,0.0,9.0716e-12,3.86084483804e-05,9.0716e-12,3.86084483804e-05,0.0,0.0,0.0,0.0,2.8116e-08,0.1196611291313804
mwir_std_solar_scatter,D:\HwaSimIR\HwaSim_IR\Bin\Config\Atmosphere\MODTRAN\raw\audit_mwir_standard_20260906\mwir_std_solar_scatter\MODOUT2.txt,W/(cm^2 sr cm^-1),W/(cm^2 cm^-1),W/(m^2 sr um),W/(m^2 um),value_si=value_native*1e8/(wavelength_um^2),2064.0,4.844961240310077,0.60574043,3.3953e-08,0.144643039488,0.0,0.0,0.0,0.0,9.1379e-12,3.89283312384e-05,9.1379e-12,3.89283312384e-05,0.0,0.0,0.0,0.0,3.3962e-08,0.1446819678192384
mwir_std_solar_scatter,D:\HwaSimIR\HwaSim_IR\Bin\Config\Atmosphere\MODTRAN\raw\audit_mwir_standard_20260906\mwir_std_solar_scatter\MODOUT2.txt,W/(cm^2 sr cm^-1),W/(cm^2 cm^-1),W/(m^2 sr um),W/(m^2 um),value_si=value_native*1e8/(wavelength_um^2),2065.0,4.842615012106537,0.24566913,6.252e-08,0.26659934700000004,0.0,0.0,0.0,0.0,5.8177e-12,2.48079817825e-05,5.8177e-12,2.48079817825e-05,0.0,0.0,0.0,0.0,6.2526e-08,0.26662415498178255
mwir_std_solar_scatter,D:\HwaSimIR\HwaSim_IR\Bin\Config\Atmosphere\MODTRAN\raw\audit_mwir_standard_20260906\mwir_std_solar_scatter\MODOUT2.txt,W/(cm^2 sr cm^-1),W/(cm^2 cm^-1),W/(m^2 sr um),W/(m^2 um),value_si=value_native*1e8/(wavelength_um^2),2066.0,4.84027105517909,0.31871769,5.4715e-08,0.23354309853999997,0.0,0.0,0.0,0.0,5.803e-12,2.4769269868000003e-05,5.803e-12,2.4769269868000003e-05,0.0,0.0,0.0,0.0,5.4721e-08,0.23356786780986796
mwir_std_solar_scatter,D:\HwaSimIR\HwaSim_IR\Bin\Config\Atmosphere\MODTRAN\raw\audit_mwir_standard_20260906\mwir_std_solar_scatter\MODOUT2.txt,W/(cm^2 sr cm^-1),W/(cm^2 cm^-1),W/(m^2 sr um),W/(m^2 um),value_si=value_native*1e8/(wavelength_um^2),2067.0,4.837929366231253,0.86973172,1.2997e-08,0.055529539532999994,0.0,0.0,0.0,0.0,1.2595e-11,5.3811998954999995e-05,1.2595e-11,5.3811998954999995e-05,0.0,0.0,0.0,0.0,1.3009e-08,0.055583351531955
mwir_std_solar_scatter,D:\HwaSimIR\HwaSim_IR\Bin\Config\Atmosphere\MODTRAN\raw\audit_mwir_standard_20260906\mwir_std_solar_scatter\MODOUT2.txt,W/(cm^2 sr cm^-1),W/(cm^2 cm^-1),W/(m^2 sr um),W/(m^2 um),value_si=value_native*1e8/(wavelength_um^2),2068.0,4.835589941972921,0.76531261,1.8225e-08,0.0779414724,0.0,0.0,0.0,0.0,1.0853e-11,4.6414200272e-05,1.0853e-11,4.6414200272e-05,0.0,0.0,0.0,0.0,1.8236e-08,0.077987886600272
mwir_std_solar_scatter,D:\HwaSimIR\HwaSim_IR\Bin\Config\Atmosphere\MODTRAN\raw\audit_mwir_standard_20260906\mwir_std_solar_scatter\MODOUT2.txt,W/(cm^2 sr cm^-1),W/(cm^2 cm^-1),W/(m^2 sr um),W/(m^2 um),value_si=value_native*1e8/(wavelength_um^2),2069.0,4.833252779120348,0.65405053,2.7266e-08,0.11671922942600002,0.0,0.0,0.0,0.0,8.8882e-12,3.80482599202e-05,8.8882e-12,3.80482599202e-05,0.0,0.0,0.0,0.0,2.7275e-08,0.11675727768592022
mwir_std_solar_scatter,D:\HwaSimIR\HwaSim_IR\Bin\Config\Atmosphere\MODTRAN\raw\audit_mwir_standard_20260906\mwir_std_solar_scatter\MODOUT2.txt,W/(cm^2 sr cm^-1),W/(cm^2 cm^-1),W/(m^2 sr um),W/(m^2 um),value_si=value_native*1e8/(wavelength_um^2),2070.0,4.830917874396135,0.90523249,8.7112e-09,0.03732662088,0.0,0.0,0.0,0.0,1.2555e-11,5.37969195e-05,1.2555e-11,5.37969195e-05,0.0,0.0,0.0,0.0,8.7238e-09,0.0373804177995
mwir_std_solar_scatter,D:\HwaSimIR\HwaSim_IR\Bin\Config\Atmosphere\MODTRAN\raw\audit_mwir_standard_20260906\mwir_std_solar_scatter\MODOUT2.txt,W/(cm^2 sr cm^-1),W/(cm^2 cm^-1),W/(m^2 sr um),W/(m^2 um),value_si=value_native*1e8/(wavelength_um^2),2071.0,4.828585224529213,0.76414794,1.8371e-08,0.07879397221099999,0.0,0.0,0.0,0.0,1.0138e-11,4.3482297657999995e-05,1.0138e-11,4.3482297657999995e-05,0.0,0.0,0.0,0.0,1.8381e-08,0.07883745450865799
mwir_std_solar_scatter,D:\HwaSimIR\HwaSim_IR\Bin\Config\Atmosphere\MODTRAN\raw\audit_mwir_standard_20260906\mwir_std_solar_scatter\MODOUT2.txt,W/(cm^2 sr cm^-1),W/(cm^2 cm^-1),W/(m^2 sr um),W/(m^2 um),value_si=value_native*1e8/(wavelength_um^2),2072.0,4.826254826254826,0.76470709,1.9464e-08,0.08356253337600002,0.0,0.0,0.0,0.0,1.0292e-11,4.418544972800001e-05,1.0292e-11,4.418544972800001e-05,0.0,0.0,0.0,0.0,1.9474e-08,0.08360671882572801
mwir_std_solar_scatter,D:\HwaSimIR\HwaSim_IR\Bin\Config\Atmosphere\MODTRAN\raw\audit_mwir_standard_20260906\mwir_std_solar_scatter\MODOUT2.txt,W/(cm^2 sr cm^-1),W/(cm^2 cm^-1),W/(m^2 sr um),W/(m^2 um),value_si=value_native*1e8/(wavelength_um^2),2073.0,4.82392667631452,0.74618602,2.3111e-08,0.099315570519,0.0,0.0,0.0,0.0,1.1014e-11,4.7330781606e-05,1.1014e-11,4.7330781606e-05,0.0,0.0,0.0,0.0,2.3122e-08,0.099362901300606
mwir_std_solar_scatter,D:\HwaSimIR\HwaSim_IR\Bin\Config\Atmosphere\MODTRAN\raw\audit_mwir_standard_20260906\mwir_std_solar_scatter\MODOUT2.txt,W/(cm^2 sr cm^-1),W/(cm^2 cm^-1),W/(m^2 sr um),W/(m^2 um),value_si=value_native*1e8/(wavelength_um^2),2074.0,4.821600771456123,0.50606298,4.1515e-08,0.17857577614,0.0,0.0,0.0,0.0,7.9697e-12,3.428147327720001e-05,7.9697e-12,3.428147327720001e-05,0.0,0.0,0.0,0.0,4.1523e-08,0.1786100576132772
mwir_std_solar_scatter,D:\HwaSimIR\HwaSim_IR\Bin\Config\Atmosphere\MODTRAN\raw\audit_mwir_standard_20260906\mwir_std_solar_scatter\MODOUT2.txt,W/(cm^2 sr cm^-1),W/(cm^2 cm^-1),W/(m^2 sr um),W/(m^2 um),value_si=value_native*1e8/(wavelength_um^2),2075.0,4.819277108433735,0.85117328,1.3972e-08,0.060158192499999985,0.0,0.0,0.0,0.0,1.1968e-11,5.152971999999999e-05,1.1968e-11,5.152971999999999e-05,0.0,0.0,0.0,0.0,1.3984e-08,0.060209722219999984
mwir_std_solar_scatter,D:\HwaSimIR\HwaSim_IR\Bin\Config\Atmosphere\MODTRAN\raw\audit_mwir_standard_20260906\mwir_std_solar_scatter\MODOUT2.txt,W/(cm^2 sr cm^-1),W/(cm^2 cm^-1),W/(m^2 sr um),W/(m^2 um),value_si=value_native*1e8/(wavelength_um^2),2076.0,4.8169556840077075,0.84511441,1.3734e-08,0.059190463584,0.0,0.0,0.0,0.0,1.1682e-11,5.0346803231999985e-05,1.1682e-11,5.0346803231999985e-05,0.0,0.0,0.0,0.0,1.3746e-08,0.059240810387232
mwir_std_solar_scatter,D:\HwaSimIR\HwaSim_IR\Bin\Config\Atmosphere\MODTRAN\raw\audit_mwir_standard_20260906\mwir_std_solar_scatter\MODOUT2.txt,W/(cm^2 sr cm^-1),W/(cm^2 cm^-1),W/(m^2 sr um),W/(m^2 um),value_si=value_native*1e8/(wavelength_um^2),2077.0,4.814636494944632,0.07187399,4.9583e-08,0.21389754160699997,0.0,0.0,0.0,0.0,8.8958e-13,3.8375849598199995e-06,8.8958e-13,3.8375849598199995e-06,0.0,0.0,0.0,0.0,4.9584e-08,0.21390137919195978
mwir_std_solar_scatter,D:\HwaSimIR\HwaSim_IR\Bin\Config\Atmosphere\MODTRAN\raw\audit_mwir_standard_20260906\mwir_std_solar_scatter\MODOUT2.txt,W/(cm^2 sr cm^-1),W/(cm^2 cm^-1),W/(m^2 sr um),W/(m^2 um),value_si=value_native*1e8/(wavelength_um^2),2078.0,4.8123195380173245,0.16300759,5.4336e-08,0.234627412224,0.0,0.0,0.0,0.0,2.0213e-12,8.728143189199999e-06,2.0213e-12,8.728143189199999e-06,0.0,0.0,0.0,0.0,5.4338e-08,0.2346361403671892
mwir_std_solar_scatter,D:\HwaSimIR\HwaSim_IR\Bin\Config\Atmosphere\MODTRAN\raw\audit_mwir_standard_20260906\mwir_std_solar_scatter\MODOUT2.txt,W/(cm^2 sr cm^-1),W/(cm^2 cm^-1),W/(m^2 sr um),W/(m^2 um),value_si=value_native*1e8/(wavelength_um^2),2079.0,4.81000481000481,0.51008761,3.97e-08,0.17159296769999996,0.0,0.0,0.0,0.0,6.3196e-12,2.7314834223599996e-05,6.3196e-12,2.7314834223599996e-05,0.0,0.0,0.0,0.0,3.9707e-08,0.17162028253422357
mwir_std_solar_scatter,D:\HwaSimIR\HwaSim_IR\Bin\Config\Atmosphere\MODTRAN\raw\audit_mwir_standard_20260906\mwir_std_solar_scatter\MODOUT2.txt,W/(cm^2 sr cm^-1),W/(cm^2 cm^-1),W/(m^2 sr um),W/(m^2 um),value_si=value_native*1e8/(wavelength_um^2),2080.0,4.8076923076923075,0.87614268,1.1083e-08,0.047949491200000006,0.0,0.0,0.0,0.0,1.2259e-11,5.3037337600000006e-05,1.2259e-11,5.3037337600000006e-05,0.0,0.0,0.0,0.0,1.1095e-08,0.04800252853760001
mwir_std_solar_scatter,D:\HwaSimIR\HwaSim_IR\Bin\Config\Atmosphere\MODTRAN\raw\audit_mwir_standard_20260906\mwir_std_solar_scatter\MODOUT2.txt,W/(cm^2 sr cm^-1),W/(cm^2 cm^-1),W/(m^2 sr um),W/(m^2 um),value_si=value_native*1e8/(wavelength_um^2),2081.0,4.805382027871215,0.83088398,1.3628e-08,0.059016885308000006,0.0,0.0,0.0,0.0,1.0806e-11,4.679604216600001e-05,1.0806e-11,4.679604216600001e-05,0.0,0.0,0.0,0.0,1.3638e-08,0.05906368135016601
mwir_std_solar_scatter,D:\HwaSimIR\HwaSim_IR\Bin\Config\Atmosphere\MODTRAN\raw\audit_mwir_standard_20260906\mwir_std_solar_scatter\MODOUT2.txt,W/(cm^2 sr cm^-1),W/(cm^2 cm^-1),W/(m^2 sr um),W/(m^2 um),value_si=value_native*1e8/(wavelength_um^2),2082.0,4.803073967339097,0.61055058,3.2443e-08,0.14063145073199998,0.0,0.0,0.0,0.0,8.6521e-12,3.750446552039999e-05,8.6521e-12,3.750446552039999e-05,0.0,0.0,0.0,0.0,3.2451e-08,0.14066895519752037
mwir_std_solar_scatter,D:\HwaSimIR\HwaSim_IR\Bin\Config\Atmosphere\MODTRAN\raw\audit_mwir_standard_20260906\mwir_std_solar_scatter\MODOUT2.txt,W/(cm^2 sr cm^-1),W/(cm^2 cm^-1),W/(m^2 sr um),W/(m^2 um),value_si=value_native*1e8/(wavelength_um^2),2083.0,4.800768122899664,0.94035673,5.1995e-09,0.022560053355499994,0.0,0.0,0.0,0.0,1.2885e-11,5.590658476499999e-05,1.2885e-11,5.590658476499999e-05,0.0,0.0,0.0,0.0,5.2124e-09,0.022615959940264996
mwir_std_solar_scatter,D:\HwaSimIR\HwaSim_IR\Bin\Config\Atmosphere\MODTRAN\raw\audit_mwir_standard_20260906\mwir_std_solar_scatter\MODOUT2.txt,W/(cm^2 sr cm^-1),W/(cm^2 cm^-1),W/(m^2 sr um),W/(m^2 um),value_si=value_native*1e8/(wavelength_um^2),2084.0,4.798464491362764,0.85604584,1.1252e-08,0.048868066112,0.0,0.0,0.0,0.0,1.1198e-11,4.8633541088e-05,1.1198e-11,4.8633541088e-05,0.0,0.0,0.0,0.0,1.1264e-08,0.048916699653088
mwir_std_solar_scatter,D:\HwaSimIR\HwaSim_IR\Bin\Config\Atmosphere\MODTRAN\raw\audit_mwir_standard_20260906\mwir_std_solar_scatter\MODOUT2.txt,W/(cm^2 sr cm^-1),W/(cm^2 cm^-1),W/(m^2 sr um),W/(m^2 um),value_si=value_native*1e8/(wavelength_um^2),2085.0,4.796163069544365,0.86028606,1.1139e-08,0.04842373927499998,0.0,0.0,0.0,0.0,1.1521e-11,5.008437922499999e-05,1.1521e-11,5.008437922499999e-05,0.0,0.0,0.0,0.0,1.1151e-08,0.04847382365422498
mwir_std_solar_scatter,D:\HwaSimIR\HwaSim_IR\Bin\Config\Atmosphere\MODTRAN\raw\audit_mwir_standard_20260906\mwir_std_solar_scatter\MODOUT2.txt,W/(cm^2 sr cm^-1),W/(cm^2 cm^-1),W/(m^2 sr um),W/(m^2 um),value_si=value_native*1e8/(wavelength_um^2),2086.0,4.793863854266539,0.82686603,1.3698e-08,0.059605422407999986,0.0,0.0,0.0,0.0,1.0918e-11,4.750854152799999e-05,1.0918e-11,4.750854152799999e-05,0.0,0.0,0.0,0.0,1.3709e-08,0.059652930949527984
mwir_std_solar_scatter,D:\HwaSimIR\HwaSim_IR\Bin\Config\Atmosphere\MODTRAN\raw\audit_mwir_standard_20260906\mwir_std_solar_scatter\MODOUT2.txt,W/(cm^2 sr cm^-1),W/(cm^2 cm^-1),W/(m^2 sr um),W/(m^2 um),value_si=value_native*1e8/(wavelength_um^2),2087.0,4.791566842357451,0.68660289,2.5955e-08,0.113048793395,0.0,0.0,0.0,0.0,9.7972e-12,4.2672380606800004e-05,9.7972e-12,4.2672380606800004e-05,0.0,0.0,0.0,0.0,2.5965e-08,0.1130914657756068
mwir_std_solar_scatter,D:\HwaSimIR\HwaSim_IR\Bin\Config\Atmosphere\MODTRAN\raw\audit_mwir_standard_20260906\mwir_std_solar_scatter\MODOUT2.txt,W/(cm^2 sr cm^-1),W/(cm^2 cm^-1),W/(m^2 sr um),W/(m^2 um),value_si=value_native*1e8/(wavelength_um^2),2088.0,4.789272030651341,0.90530646,8.9382e-09,0.038968263820799987,0.0,0.0,0.0,0.0,1.211e-11,5.279649983999999e-05,1.211e-11,5.279649983999999e-05,0.0,0.0,0.0,0.0,8.9503e-09,0.03902106032063998
mwir_std_solar_scatter,D:\HwaSimIR\HwaSim_IR\Bin\Config\Atmosphere\MODTRAN\raw\audit_mwir_standard_20260906\mwir_std_solar_scatter\MODOUT2.txt,W/(cm^2 sr cm^-1),W/(cm^2 cm^-1),W/(m^2 sr um),W/(m^2 um),value_si=value_native*1e8/(wavelength_um^2),2089.0,4.786979415988511,0.85403192,1.2636e-08,0.055142505756000014,0.0,0.0,0.0,0.0,1.1442e-11,4.993198408200002e-05,1.1442e-11,4.993198408200002e-05,0.0,0.0,0.0,0.0,1.2647e-08,0.055192437740082013
mwir_std_solar_scatter,D:\HwaSimIR\HwaSim_IR\Bin\Config\Atmosphere\MODTRAN\raw\audit_mwir_standard_20260906\mwir_std_solar_scatter\MODOUT2.txt,W/(cm^2 sr cm^-1),W/(cm^2 cm^-1),W/(m^2 sr um),W/(m^2 um),value_si=value_native*1e8/(wavelength_um^2),2090.0,4.784688995215311,0.32841587,5.2748e-08,0.2304085388,0.0,0.0,0.0,0.0,6.3748e-12,2.7845763879999997e-05,6.3748e-12,2.7845763879999997e-05,0.0,0.0,0.0,0.0,5.2754e-08,0.23043638456388002
mwir_std_solar_scatter,D:\HwaSimIR\HwaSim_IR\Bin\Config\Atmosphere\MODTRAN\raw\audit_mwir_standard_20260906\mwir_std_solar_scatter\MODOUT2.txt,W/(cm^2 sr cm^-1),W/(cm^2 cm^-1),W/(m^2 sr um),W/(m^2 um),value_si=value_native*1e8/(wavelength_um^2),2091.0,4.782400765184122,0.78821784,1.7275e-08,0.075531154275,0.0,0.0,0.0,0.0,1.0485e-11,4.5843366285e-05,1.0485e-11,4.5843366285e-05,0.0,0.0,0.0,0.0,1.7286e-08,0.075576997641285
mwir_std_solar_scatter,D:\HwaSimIR\HwaSim_IR\Bin\Config\Atmosphere\MODTRAN\raw\audit_mwir_standard_20260906\mwir_std_solar_scatter\MODOUT2.txt,W/(cm^2 sr cm^-1),W/(cm^2 cm^-1),W/(m^2 sr um),W/(m^2 um),value_si=value_native*1e8/(wavelength_um^2),2092.0,4.780114722753346,0.91153896,7.4745e-09,0.032711880168,0.0,0.0,0.0,0.0,1.179e-11,5.159851056e-05,1.179e-11,5.159851056e-05,0.0,0.0,0.0,0.0,7.4863e-09,0.03276347867856
mwir_std_solar_scatter,D:\HwaSimIR\HwaSim_IR\Bin\Config\Atmosphere\MODTRAN\raw\audit_mwir_standard_20260906\mwir_std_solar_scatter\MODOUT2.txt,W/(cm^2 sr cm^-1),W/(cm^2 cm^-1),W/(m^2 sr um),W/(m^2 um),value_si=value_native*1e8/(wavelength_um^2),2093.0,4.777830864787386,0.82523227,1.3483e-08,0.05906429046700001,0.0,0.0,0.0,0.0,1.0826e-11,4.7424906074e-05,1.0826e-11,4.7424906074e-05,0.0,0.0,0.0,0.0,1.3493e-08,0.059111715373074004
mwir_std_solar_scatter,D:\HwaSimIR\HwaSim_IR\Bin\Config\Atmosphere\MODTRAN\raw\audit_mwir_standard_20260906\mwir_std_solar_scatter\MODOUT2.txt,W/(cm^2 sr cm^-1),W/(cm^2 cm^-1),W/(m^2 sr um),W/(m^2 um),value_si=value_native*1e8/(wavelength_um^2),2094.0,4.775549188156638,0.76484954,1.8831e-08,0.082570846716,0.0,0.0,0.0,0.0,9.6737e-12,4.2417588013200005e-05,9.6737e-12,4.2417588013200005e-05,0.0,0.0,0.0,0.0,1.8841e-08,0.0826132643040132
mwir_std_solar_scatter,D:\HwaSimIR\HwaSim_IR\Bin\Config\Atmosphere\MODTRAN\raw\audit_mwir_standard_20260906\mwir_std_solar_scatter\MODOUT2.txt,W/(cm^2 sr cm^-1),W/(cm^2 cm^-1),W/(m^2 sr um),W/(m^2 um),value_si=value_native*1e8/(wavelength_um^2),2095.0,4.77326968973747,0.7536521,1.8659e-08,0.081894817475,0.0,0.0,0.0,0.0,9.7519e-12,4.280133289750001e-05,9.7519e-12,4.280133289750001e-05,0.0,0.0,0.0,0.0,1.8669e-08,0.0819376188078975
mwir_std_solar_scatter,D:\HwaSimIR\HwaSim_IR\Bin\Config\Atmosphere\MODTRAN\raw\audit_mwir_standard_20260906\mwir_std_solar_scatter\MODOUT2.txt,W/(cm^2 sr cm^-1),W/(cm^2 cm^-1),W/(m^2 sr um),W/(m^2 um),value_si=value_native*1e8/(wavelength_um^2),2096.0,4.770992366412214,0.94368714,4.5981e-09,0.020200446489599996,0.0,0.0,0.0,0.0,1.2682e-11,5.571476531199999e-05,1.2682e-11,5.571476531199999e-05,0.0,0.0,0.0,0.0,4.6108e-09,0.020256161254911996
mwir_std_solar_scatter,D:\HwaSimIR\HwaSim_IR\Bin\Config\Atmosphere\MODTRAN\raw\audit_mwir_standard_20260906\mwir_std_solar_scatter\MODOUT2.txt,W/(cm^2 sr cm^-1),W/(cm^2 cm^-1),W/(m^2 sr um),W/(m^2 um),value_si=value_native*1e8/(wavelength_um^2),2097.0,4.768717215069146,0.79750156,1.6562e-08,0.072829887858,0.0,0.0,0.0,0.0,1.044e-11,4.590894996000001e-05,1.044e-11,4.590894996000001e-05,0.0,0.0,0.0,0.0,1.6573e-08,0.07287579680796
mwir_std_solar_scatter,D:\HwaSimIR\HwaSim_IR\Bin\Config\Atmosphere\MODTRAN\raw\audit_mwir_standard_20260906\mwir_std_solar_scatter\MODOUT2.txt,W/(cm^2 sr cm^-1),W/(cm^2 cm^-1),W/(m^2 sr um),W/(m^2 um),value_si=value_native*1e8/(wavelength_um^2),2098.0,4.7664442326024785,0.9370721,5.3124e-09,0.0233830810896,0.0,0.0,0.0,0.0,1.2659e-11,5.5719905036e-05,1.2659e-11,5.5719905036e-05,0.0,0.0,0.0,0.0,5.3251e-09,0.023438800994636
mwir_std_solar_scatter,D:\HwaSimIR\HwaSim_IR\Bin\Config\Atmosphere\MODTRAN\raw\audit_mwir_standard_20260906\mwir_std_solar_scatter\MODOUT2.txt,W/(cm^2 sr cm^-1),W/(cm^2 cm^-1),W/(m^2 sr um),W/(m^2 um),value_si=value_native*1e8/(wavelength_um^2),2099.0,4.764173415912339,0.7636292,1.6846e-08,0.07422012364600002,0.0,0.0,0.0,0.0,9.5925e-12,4.2262646092500006e-05,9.5925e-12,4.2262646092500006e-05,0.0,0.0,0.0,0.0,1.6855e-08,0.07426238629209252
mwir_std_solar_scatter,D:\HwaSimIR\HwaSim_IR\Bin\Config\Atmosphere\MODTRAN\raw\audit_mwir_standard_20260906\mwir_std_solar_scatter\MODOUT2.txt,W/(cm^2 sr cm^-1),W/(cm^2 cm^-1),W/(m^2 sr um),W/(m^2 um),value_si=value_native*1e8/(wavelength_um^2),2100.0,4.761904761904762,0.79568881,1.6732e-08,0.07378812,0.0,0.0,0.0,0.0,1.1324e-11,4.993884e-05,1.1324e-11,4.993884e-05,0.0,0.0,0.0,0.0,1.6743e-08,0.07383805884
mwir_std_solar_scatter,D:\HwaSimIR\HwaSim_IR\Bin\Config\Atmosphere\MODTRAN\raw\audit_mwir_standard_20260906\mwir_std_solar_scatter\MODOUT2.txt,W/(cm^2 sr cm^-1),W/(cm^2 cm^-1),W/(m^2 sr um),W/(m^2 um),value_si=value_native*1e8/(wavelength_um^2),2101.0,4.75963826749167,0.92136776,6.4409e-09,0.0284314272209,0.0,0.0,0.0,0.0,1.1815e-11,5.2153784815e-05,1.1815e-11,5.2153784815e-05,0.0,0.0,0.0,0.0,6.4527e-09,0.028483581005715
mwir_std_solar_scatter,D:\HwaSimIR\HwaSim_IR\Bin\Config\Atmosphere\MODTRAN\raw\audit_mwir_standard_20260906\mwir_std_solar_scatter\MODOUT2.txt,W/(cm^2 sr cm^-1),W/(cm^2 cm^-1),W/(m^2 sr um),W/(m^2 um),value_si=value_native*1e8/(wavelength_um^2),2102.0,4.757373929590866,0.95018888,3.8991e-09,0.0172277990364,0.0,0.0,0.0,0.0,1.3079e-11,5.778830591599999e-05,1.3079e-11,5.778830591599999e-05,0.0,0.0,0.0,0.0,3.9122e-09,0.017285587342316
mwir_std_solar_scatter,D:\HwaSimIR\HwaSim_IR\Bin\Config\Atmosphere\MODTRAN\raw\audit_mwir_standard_20260906\mwir_std_solar_scatter\MODOUT2.txt,W/(cm^2 sr cm^-1),W/(cm^2 cm^-1),W/(m^2 sr um),W/(m^2 um),value_si=value_native*1e8/(wavelength_um^2),2103.0,4.75511174512601,0.77012879,1.582e-08,0.06996567438000001,0.0,0.0,0.0,0.0,9.9242e-12,4.3890856237800004e-05,9.9242e-12,4.3890856237800004e-05,0.0,0.0,0.0,0.0,1.583e-08,0.0700095652362378
mwir_std_solar_scatter,D:\HwaSimIR\HwaSim_IR\Bin\Config\Atmosphere\MODTRAN\raw\audit_mwir_standard_20260906\mwir_std_solar_scatter\MODOUT2.txt,W/(cm^2 sr cm^-1),W/(cm^2 cm^-1),W/(m^2 sr um),W/(m^2 um),value_si=value_native*1e8/(wavelength_um^2),2104.0,4.752851711026616,0.92586464,5.763e-09,0.025511740608000003,0.0,0.0,0.0,0.0,1.2468e-11,5.519354188800001e-05,1.2468e-11,5.519354188800001e-05,0.0,0.0,0.0,0.0,5.7755e-09,0.025566934149888004
mwir_std_solar_scatter,D:\HwaSimIR\HwaSim_IR\Bin\Config\Atmosphere\MODTRAN\raw\audit_mwir_standard_20260906\mwir_std_solar_scatter\MODOUT2.txt,W/(cm^2 sr cm^-1),W/(cm^2 cm^-1),W/(m^2 sr um),W/(m^2 um),value_si=value_native*1e8/(wavelength_um^2),2105.0,4.750593824228028,0.9583841,3.2373e-09,0.014344557232500001,0.0,0.0,0.0,0.0,1.2739e-11,5.644682747500001e-05,1.2739e-11,5.644682747500001e-05,0.0,0.0,0.0,0.0,3.2501e-09,0.014401004059975001
mwir_std_solar_scatter,D:\HwaSimIR\HwaSim_IR\Bin\Config\Atmosphere\MODTRAN\raw\audit_mwir_standard_20260906\mwir_std_solar_scatter\MODOUT2.txt,W/(cm^2 sr cm^-1),W/(cm^2 cm^-1),W/(m^2 sr um),W/(m^2 um),value_si=value_native*1e8/(wavelength_um^2),2106.0,4.748338081671415,0.71173072,2.3931e-08,0.10613963271599999,0.0,0.0,0.0,0.0,1.0352e-11,4.5913563072e-05,1.0352e-11,4.5913563072e-05,0.0,0.0,0.0,0.0,2.3941e-08,0.106185546279072
mwir_std_solar_scatter,D:\HwaSimIR\HwaSim_IR\Bin\Config\Atmosphere\MODTRAN\raw\audit_mwir_standard_20260906\mwir_std_solar_scatter\MODOUT2.txt,W/(cm^2 sr cm^-1),W/(cm^2 cm^-1),W/(m^2 sr um),W/(m^2 um),value_si=value_native*1e8/(wavelength_um^2),2107.0,4.746084480303749,0.7477808,1.7284e-08,0.076731436516,0.0,0.0,0.0,0.0,9.0518e-12,4.01850044582e-05,9.0518e-12,4.01850044582e-05,0.0,0.0,0.0,0.0,1.7293e-08,0.0767716215204582
mwir_std_solar_scatter,D:\HwaSimIR\HwaSim_IR\Bin\Config\Atmosphere\MODTRAN\raw\audit_mwir_standard_20260906\mwir_std_solar_scatter\MODOUT2.txt,W/(cm^2 sr cm^-1),W/(cm^2 cm^-1),W/(m^2 sr um),W/(m^2 um),value_si=value_native*1e8/(wavelength_um^2),2108.0,4.743833017077799,0.87566137,1.0156e-08,0.045129851584,0.0,0.0,0.0,0.0,1.1524e-11,5.1208783936e-05,1.1524e-11,5.1208783936e-05,0.0,0.0,0.0,0.0,1.0168e-08,0.045181060367936
mwir_std_solar_scatter,D:\HwaSimIR\HwaSim_IR\Bin\Config\Atmosphere\MODTRAN\raw\audit_mwir_standard_20260906\mwir_std_solar_scatter\MODOUT2.txt,W/(cm^2 sr cm^-1),W/(cm^2 cm^-1),W/(m^2 sr um),W/(m^2 um),value_si=value_native*1e8/(wavelength_um^2),2109.0,4.74158368895211,0.92147088,5.8121e-09,0.0258515291601,0.0,0.0,0.0,0.0,1.0937e-11,4.8646474497e-05,1.0937e-11,4.8646474497e-05,0.0,0.0,0.0,0.0,5.823e-09,0.025900175634597
mwir_std_solar_scatter,D:\HwaSimIR\HwaSim_IR\Bin\Config\Atmosphere\MODTRAN\raw\audit_mwir_standard_20260906\mwir_std_solar_scatter\MODOUT2.txt,W/(cm^2 sr cm^-1),W/(cm^2 cm^-1),W/(m^2 sr um),W/(m^2 um),value_si=value_native*1e8/(wavelength_um^2),2110.0,4.739336492890995,0.93144417,5.1031e-09,0.022719511510000002,0.0,0.0,0.0,0.0,1.1987e-11,5.33673227e-05,1.1987e-11,5.33673227e-05,0.0,0.0,0.0,0.0,5.115e-09,0.022772878832700003
mwir_std_solar_scatter,D:\HwaSimIR\HwaSim_IR\Bin\Config\Atmosphere\MODTRAN\raw\audit_mwir_standard_20260906\mwir_std_solar_scatter\MODOUT2.txt,W/(cm^2 sr cm^-1),W/(cm^2 cm^-1),W/(m^2 sr um),W/(m^2 um),value_si=value_native*1e8/(wavelength_um^2),2111.0,4.737091425864519,0.94721693,4.1136e-09,0.018331522065600004,0.0,0.0,0.0,0.0,1.4844e-11,6.6149628924e-05,1.4844e-11,6.6149628924e-05,0.0,0.0,0.0,0.0,4.1284e-09,0.018397671694524005
mwir_std_solar_scatter,D:\HwaSimIR\HwaSim_IR\Bin\Config\Atmosphere\MODTRAN\raw\audit_mwir_standard_20260906\mwir_std_solar_scatter\MODOUT2.txt,W/(cm^2 sr cm^-1),W/(cm^2 cm^-1),W/(m^2 sr um),W/(m^2 um),value_si=value_native*1e8/(wavelength_um^2),2112.0,4.734848484848484,0.79884148,1.3253e-08,0.059115589632000004,0.0,0.0,0.0,0.0,1.2863e-11,5.737597747200001e-05,1.2863e-11,5.737597747200001e-05,0.0,0.0,0.0,0.0,1.3266e-08,0.059172965609472
mwir_std_solar_scatter,D:\HwaSimIR\HwaSim_IR\Bin\Config\Atmosphere\MODTRAN\raw\audit_mwir_standard_20260906\mwir_std_solar_scatter\MODOUT2.txt,W/(cm^2 sr cm^-1),W/(cm^2 cm^-1),W/(m^2 sr um),W/(m^2 um),value_si=value_native*1e8/(wavelength_um^2),2113.0,4.73260766682442,0.93996245,4.6568e-09,0.020791536279199996,0.0,0.0,0.0,0.0,1.4887e-11,6.6467016103e-05,1.4887e-11,6.6467016103e-05,0.0,0.0,0.0,0.0,4.6717e-09,0.020858003295302997
mwir_std_solar_scatter,D:\HwaSimIR\HwaSim_IR\Bin\Config\Atmosphere\MODTRAN\raw\audit_mwir_standard_20260906\mwir_std_solar_scatter\MODOUT2.txt,W/(cm^2 sr cm^-1),W/(cm^2 cm^-1),W/(m^2 sr um),W/(m^2 um),value_si=value_native*1e8/(wavelength_um^2),2114.0,4.7303689687795645,0.85889322,1.1546e-08,0.05159902781600001,0.0,0.0,0.0,0.0,1.365e-11,6.10017954e-05,1.365e-11,6.10017954e-05,0.0,0.0,0.0,0.0,1.156e-08,0.05166002961140001
mwir_std_solar_scatter,D:\HwaSimIR\HwaSim_IR\Bin\Config\Atmosphere\MODTRAN\raw\audit_mwir_standard_20260906\mwir_std_solar_scatter\MODOUT2.txt,W/(cm^2 sr cm^-1),W/(cm^2 cm^-1),W/(m^2 sr um),W/(m^2 um),value_si=value_native*1e8/(wavelength_um^2),2115.0,4.7281323877068555,0.55204844,3.3985e-08,0.15202255162500003,0.0,0.0,0.0,0.0,9.0168e-12,4.033417518e-05,9.0168e-12,4.033417518e-05,0.0,0.0,0.0,0.0,3.3994e-08,0.15206288580018004
mwir_std_solar_scatter,D:\HwaSimIR\HwaSim_IR\Bin\Config\Atmosphere\MODTRAN\raw\audit_mwir_standard_20260906\mwir_std_solar_scatter\MODOUT2.txt,W/(cm^2 sr cm^-1),W/(cm^2 cm^-1),W/(m^2 sr um),W/(m^2 um),value_si=value_native*1e8/(wavelength_um^2),2116.0,4.725897920604915,0.71292961,1.9438e-08,0.08703278972799999,0.0,0.0,0.0,0.0,9.9166e-12,4.44011401696e-05,9.9166e-12,4.44011401696e-05,0.0,0.0,0.0,0.0,1.9448e-08,0.08707719086816959
mwir_std_solar_scatter,D:\HwaSimIR\HwaSim_IR\Bin\Config\Atmosphere\MODTRAN\raw\audit_mwir_standard_20260906\mwir_std_solar_scatter\MODOUT2.txt,W/(cm^2 sr cm^-1),W/(cm^2 cm^-1),W/(m^2 sr um),W/(m^2 um),value_si=value_native*1e8/(wavelength_um^2),2117.0,4.7236655644780345,0.94175029,4.2147e-09,0.0188889746283,0.0,0.0,0.0,0.0,1.2484e-11,5.594940547600001e-05,1.2484e-11,5.594940547600001e-05,0.0,0.0,0.0,0.0,4.2272e-09,0.018944924033776
mwir_std_solar_scatter,D:\HwaSimIR\HwaSim_IR\Bin\Config\Atmosphere\MODTRAN\raw\audit_mwir_standard_20260906\mwir_std_solar_scatter\MODOUT2.txt,W/(cm^2 sr cm^-1),W/(cm^2 cm^-1),W/(m^2 sr um),W/(m^2 um),value_si=value_native*1e8/(wavelength_um^2),2118.0,4.721435316336166,0.92468667,5.2215e-09,0.023423252166000007,0.0,0.0,0.0,0.0,1.0829e-11,4.857807099600001e-05,1.0829e-11,4.857807099600001e-05,0.0,0.0,0.0,0.0,5.2324e-09,0.02347183023699601
mwir_std_solar_scatter,D:\HwaSimIR\HwaSim_IR\Bin\Config\Atmosphere\MODTRAN\raw\audit_mwir_standard_20260906\mwir_std_solar_scatter\MODOUT2.txt,W/(cm^2 sr cm^-1),W/(cm^2 cm^-1),W/(m^2 sr um),W/(m^2 um),value_si=value_native*1e8/(wavelength_um^2),2119.0,4.719207173194904,0.9148134,6.0781e-09,0.0272916475741,0.0,0.0,0.0,0.0,1.1016e-11,4.9463613576e-05,1.1016e-11,4.9463613576e-05,0.0,0.0,0.0,0.0,6.0892e-09,0.027341111187675998
mwir_std_solar_scatter,D:\HwaSimIR\HwaSim_IR\Bin\Config\Atmosphere\MODTRAN\raw\audit_mwir_standard_20260906\mwir_std_solar_scatter\MODOUT2.txt,W/(cm^2 sr cm^-1),W/(cm^2 cm^-1),W/(m^2 sr um),W/(m^2 um),value_si=value_native*1e8/(wavelength_um^2),2120.0,4.716981132075472,0.73043936,1.6702e-08,0.0750654688,0.0,0.0,0.0,0.0,8.6623e-12,3.893184112e-05,8.6623e-12,3.893184112e-05,0.0,0.0,0.0,0.0,1.671e-08,0.07510440064111999
mwir_std_solar_scatter,D:\HwaSimIR\HwaSim_IR\Bin\Config\Atmosphere\MODTRAN\raw\audit_mwir_standard_20260906\mwir_std_solar_scatter\MODOUT2.txt,W/(cm^2 sr cm^-1),W/(cm^2 cm^-1),W/(m^2 sr um),W/(m^2 um),value_si=value_native*1e8/(wavelength_um^2),2121.0,4.714757190004715,0.83238852,1.2699e-08,0.057128242059,0.0,0.0,0.0,0.0,1.0227e-11,4.6007601507000006e-05,1.0227e-11,4.6007601507000006e-05,0.0,0.0,0.0,0.0,1.2709e-08,0.057174249660507
mwir_std_solar_scatter,D:\HwaSimIR\HwaSim_IR\Bin\Config\Atmosphere\MODTRAN\raw\audit_mwir_standard_20260906\mwir_std_solar_scatter\MODOUT2.txt,W/(cm^2 sr cm^-1),W/(cm^2 cm^-1),W/(m^2 sr um),W/(m^2 um),value_si=value_native*1e8/(wavelength_um^2),2122.0,4.71253534401508,0.91006464,6.7067e-09,0.030199492122799997,0.0,0.0,0.0,0.0,1.0811e-11,4.8680678923999995e-05,1.0811e-11,4.8680678923999995e-05,0.0,0.0,0.0,0.0,6.7175e-09,0.030248172801723996
mwir_std_solar_scatter,D:\HwaSimIR\HwaSim_IR\Bin\Config\Atmosphere\MODTRAN\raw\audit_mwir_standard_20260906\mwir_std_solar_scatter\MODOUT2.txt,W/(cm^2 sr cm^-1),W/(cm^2 cm^-1),W/(m^2 sr um),W/(m^2 um),value_si=value_native*1e8/(wavelength_um^2),2123.0,4.710315591144607,0.88847893,8.0047e-09,0.0360782155063,0.0,0.0,0.0,0.0,1.0732e-11,4.8370508428000004e-05,1.0732e-11,4.8370508428000004e-05,0.0,0.0,0.0,0.0,8.0155e-09,0.036126586014728
mwir_std_solar_scatter,D:\HwaSimIR\HwaSim_IR\Bin\Config\Atmosphere\MODTRAN\raw\audit_mwir_standard_20260906\mwir_std_solar_scatter\MODOUT2.txt,W/(cm^2 sr cm^-1),W/(cm^2 cm^-1),W/(m^2 sr um),W/(m^2 um),value_si=value_native*1e8/(wavelength_um^2),2124.0,4.708097928436912,0.68526953,2.026e-08,0.09140047776,0.0,0.0,0.0,0.0,8.5583e-12,3.86097092208e-05,8.5583e-12,3.86097092208e-05,0.0,0.0,0.0,0.0,2.0268e-08,0.0914390874692208
mwir_std_solar_scatter,D:\HwaSimIR\HwaSim_IR\Bin\Config\Atmosphere\MODTRAN\raw\audit_mwir_standard_20260906\mwir_std_solar_scatter\MODOUT2.txt,W/(cm^2 sr cm^-1),W/(cm^2 cm^-1),W/(m^2 sr um),W/(m^2 um),value_si=value_native*1e8/(wavelength_um^2),2125.0,4.705882352941177,0.76658744,1.7509e-08,0.07906407812499999,0.0,0.0,0.0,0.0,1.006e-11,4.5427187499999993e-05,1.006e-11,4.5427187499999993e-05,0.0,0.0,0.0,0.0,1.7519e-08,0.0791095053125
mwir_std_solar_scatter,D:\HwaSimIR\HwaSim_IR\Bin\Config\Atmosphere\MODTRAN\raw\audit_mwir_standard_20260906\mwir_std_solar_scatter\MODOUT2.txt,W/(cm^2 sr cm^-1),W/(cm^2 cm^-1),W/(m^2 sr um),W/(m^2 um),value_si=value_native*1e8/(wavelength_um^2),2126.0,4.703668861712136,0.94602829,3.7401e-09,0.016904788227599995,0.0,0.0,0.0,0.0,1.3186e-11,5.959908493599999e-05,1.3186e-11,5.959908493599999e-05,0.0,0.0,0.0,0.0,3.7533e-09,0.016964387312535995
mwir_std_solar_scatter,D:\HwaSimIR\HwaSim_IR\Bin\Config\Atmosphere\MODTRAN\raw\audit_mwir_standard_20260906\mwir_std_solar_scatter\MODOUT2.txt,W/(cm^2 sr cm^-1),W/(cm^2 cm^-1),W/(m^2 sr um),W/(m^2 um),value_si=value_native*1e8/(wavelength_um^2),2127.0,4.701457451810061,0.92420965,5.2119e-09,0.0235793079351,0.0,0.0,0.0,0.0,1.2316e-11,5.5719172764000005e-05,1.2316e-11,5.5719172764000005e-05,0.0,0.0,0.0,0.0,5.2242e-09,0.023635027107864002
mwir_std_solar_scatter,D:\HwaSimIR\HwaSim_IR\Bin\Config\Atmosphere\MODTRAN\raw\audit_mwir_standard_20260906\mwir_std_solar_scatter\MODOUT2.txt,W/(cm^2 sr cm^-1),W/(cm^2 cm^-1),W/(m^2 sr um),W/(m^2 um),value_si=value_native*1e8/(wavelength_um^2),2128.0,4.6992481203007515,0.77789509,1.3327e-08,0.060349773568000004,0.0,0.0,0.0,0.0,1.0457e-11,4.735331148800001e-05,1.0457e-11,4.735331148800001e-05,0.0,0.0,0.0,0.0,1.3337e-08,0.060397126879488006
mwir_std_solar_scatter,D:\HwaSimIR\HwaSim_IR\Bin\Config\Atmosphere\MODTRAN\raw\audit_mwir_standard_20260906\mwir_std_solar_scatter\MODOUT2.txt,W/(cm^2 sr cm^-1),W/(cm^2 cm^-1),W/(m^2 sr um),W/(m^2 um),value_si=value_native*1e8/(wavelength_um^2),2129.0,4.697040864255519,0.85647315,1.0035e-08,0.045485052435000006,0.0,0.0,0.0,0.0,1.2115e-11,5.4912945714999996e-05,1.2115e-11,5.4912945714999996e-05,0.0,0.0,0.0,0.0,1.0047e-08,0.045539965380715
mwir_std_solar_scatter,D:\HwaSimIR\HwaSim_IR\Bin\Config\Atmosphere\MODTRAN\raw\audit_mwir_standard_20260906\mwir_std_solar_scatter\MODOUT2.txt,W/(cm^2 sr cm^-1),W/(cm^2 cm^-1),W/(m^2 sr um),W/(m^2 um),value_si=value_native*1e8/(wavelength_um^2),2130.0,4.694835680751174,0.86827469,8.7765e-09,0.039818102849999995,0.0,0.0,0.0,0.0,1.3045e-11,5.9183860499999996e-05,1.3045e-11,5.9183860499999996e-05,0.0,0.0,0.0,0.0,8.7895e-09,0.0398772867105
mwir_std_solar_scatter,D:\HwaSimIR\HwaSim_IR\Bin\Config\Atmosphere\MODTRAN\raw\audit_mwir_standard_20260906\mwir_std_solar_scatter\MODOUT2.txt,W/(cm^2 sr cm^-1),W/(cm^2 cm^-1),W/(m^2 sr um),W/(m^2 um),value_si=value_native*1e8/(wavelength_um^2),2131.0,4.692632566870014,0.94616669,3.7776e-09,0.017154689793600002,0.0,0.0,0.0,0.0,1.4816e-11,6.728184137600002e-05,1.4816e-11,6.728184137600002e-05,0.0,0.0,0.0,0.0,3.7925e-09,0.017221971634976
mwir_std_solar_scatter,D:\HwaSimIR\HwaSim_IR\Bin\Config\Atmosphere\MODTRAN\raw\audit_mwir_standard_20260906\mwir_std_solar_scatter\MODOUT2.txt,W/(cm^2 sr cm^-1),W/(cm^2 cm^-1),W/(m^2 sr um),W/(m^2 um),value_si=value_native*1e8/(wavelength_um^2),2132.0,4.690431519699812,0.81059998,1.1445e-08,0.052022377679999995,0.0,0.0,0.0,0.0,1.3301e-11,6.0458684624000005e-05,1.3301e-11,6.0458684624000005e-05,0.0,0.0,0.0,0.0,1.1459e-08,0.052082836364624
mwir_std_solar_scatter,D:\HwaSimIR\HwaSim_IR\Bin\Config\Atmosphere\MODTRAN\raw\audit_mwir_standard_20260906\mwir_std_solar_scatter\MODOUT2.txt,W/(cm^2 sr cm^-1),W/(cm^2 cm^-1),W/(m^2 sr um),W/(m^2 um),value_si=value_native*1e8/(wavelength_um^2),2133.0,4.688232536333802,0.97739047,1.6312e-09,0.007421452696799998,0.0,0.0,0.0,0.0,1.6795e-11,7.641202675499998e-05,1.6795e-11,7.641202675499998e-05,0.0,0.0,0.0,0.0,1.648e-09,0.007497864723554998
mwir_std_solar_scatter,D:\HwaSimIR\HwaSim_IR\Bin\Config\Atmosphere\MODTRAN\raw\audit_mwir_standard_20260906\mwir_std_solar_scatter\MODOUT2.txt,W/(cm^2 sr cm^-1),W/(cm^2 cm^-1),W/(m^2 sr um),W/(m^2 um),value_si=value_native*1e8/(wavelength_um^2),2134.0,4.686035613870666,0.97480375,1.8161e-09,0.008270439491599998,0.0,0.0,0.0,0.0,1.6925e-11,7.707570529999999e-05,1.6925e-11,7.707570529999999e-05,0.0,0.0,0.0,0.0,1.833e-09,0.008347515196899998
mwir_std_solar_scatter,D:\HwaSimIR\HwaSim_IR\Bin\Config\Atmosphere\MODTRAN\raw\audit_mwir_standard_20260906\mwir_std_solar_scatter\MODOUT2.txt,W/(cm^2 sr cm^-1),W/(cm^2 cm^-1),W/(m^2 sr um),W/(m^2 um),value_si=value_native*1e8/(wavelength_um^2),2135.0,4.68384074941452,0.96252078,2.8043e-09,0.0127826303675,0.0,0.0,0.0,0.0,1.6993e-11,7.745791742500001e-05,1.6993e-11,7.745791742500001e-05,0.0,0.0,0.0,0.0,2.8213e-09,0.012860088284925
mwir_std_solar_scatter,D:\HwaSimIR\HwaSim_IR\Bin\Config\Atmosphere\MODTRAN\raw\audit_mwir_standard_20260906\mwir_std_solar_scatter\MODOUT2.txt,W/(cm^2 sr cm^-1),W/(cm^2 cm^-1),W/(m^2 sr um),W/(m^2 um),value_si=value_native*1e8/(wavelength_um^2),2136.0,4.681647940074907,0.62736124,2.4447e-08,0.11153933971199999,0.0,0.0,0.0,0.0,1.2266e-11,5.5963575935999995e-05,1.2266e-11,5.5963575935999995e-05,0.0,0.0,0.0,0.0,2.4459e-08,0.11159530328793599
mwir_std_solar_scatter,D:\HwaSimIR\HwaSim_IR\Bin\Config\Atmosphere\MODTRAN\raw\audit_mwir_standard_20260906\mwir_std_solar_scatter\MODOUT2.txt,W/(cm^2 sr cm^-1),W/(cm^2 cm^-1),W/(m^2 sr um),W/(m^2 um),value_si=value_native*1e8/(wavelength_um^2),2137.0,4.679457182966776,0.7006008,2.2596e-08,0.10319071232399998,0.0,0.0,0.0,0.0,1.3796e-11,6.3003145124e-05,1.3796e-11,6.3003145124e-05,0.0,0.0,0.0,0.0,2.261e-08,0.10325371546912399
mwir_std_solar_scatter,D:\HwaSimIR\HwaSim_IR\Bin\Config\Atmosphere\MODTRAN\raw\audit_mwir_standard_20260906\mwir_std_solar_scatter\MODOUT2.txt,W/(cm^2 sr cm^-1),W/(cm^2 cm^-1),W/(m^2 sr um),W/(m^2 um),value_si=value_native*1e8/(wavelength_um^2),2138.0,4.677268475210477,0.85478812,1.1295e-08,0.05162994198,0.0,0.0,0.0,0.0,1.5739e-11,7.194366151600002e-05,1.5739e-11,7.194366151600002e-05,0.0,0.0,0.0,0.0,1.1311e-08,0.051701885641516
mwir_std_solar_scatter,D:\HwaSimIR\HwaSim_IR\Bin\Config\Atmosphere\MODTRAN\raw\audit_mwir_standard_20260906\mwir_std_solar_scatter\MODOUT2.txt,W/(cm^2 sr cm^-1),W/(cm^2 cm^-1),W/(m^2 sr um),W/(m^2 um),value_si=value_native*1e8/(wavelength_um^2),2139.0,4.675081813931744,0.73905373,1.7805e-08,0.08146359040500001,0.0,0.0,0.0,0.0,1.3911e-11,6.3647290431e-05,1.3911e-11,6.3647290431e-05,0.0,0.0,0.0,0.0,1.7819e-08,0.081527237695431
mwir_std_solar_scatter,D:\HwaSimIR\HwaSim_IR\Bin\Config\Atmosphere\MODTRAN\raw\audit_mwir_standard_20260906\mwir_std_solar_scatter\MODOUT2.txt,W/(cm^2 sr cm^-1),W/(cm^2 cm^-1),W/(m^2 sr um),W/(m^2 um),value_si=value_native*1e8/(wavelength_um^2),2140.0,4.672897196261682,0.93596107,5.0402e-09,0.02308209992,0.0,0.0,0.0,0.0,1.6939e-11,7.757384439999999e-05,1.6939e-11,7.757384439999999e-05,0.0,0.0,0.0,0.0,5.0572e-09,0.0231596737644
mwir_std_solar_scatter,D:\HwaSimIR\HwaSim_IR\Bin\Config\Atmosphere\MODTRAN\raw\audit_mwir_standard_20260906\mwir_std_solar_scatter\MODOUT2.txt,W/(cm^2 sr cm^-1),W/(cm^2 cm^-1),W/(m^2 sr um),W/(m^2 um),value_si=value_native*1e8/(wavelength_um^2),2141.0,4.670714619336758,0.9735111,1.8839e-09,0.0086355734159,0.0,0.0,0.0,0.0,1.7321e-11,7.939740280100002e-05,1.7321e-11,7.939740280100002e-05,0.0,0.0,0.0,0.0,1.9012e-09,0.008714970818701
mwir_std_solar_scatter,D:\HwaSimIR\HwaSim_IR\Bin\Config\Atmosphere\MODTRAN\raw\audit_mwir_standard_20260906\mwir_std_solar_scatter\MODOUT2.txt,W/(cm^2 sr cm^-1),W/(cm^2 cm^-1),W/(m^2 sr um),W/(m^2 um),value_si=value_native*1e8/(wavelength_um^2),2142.0,4.6685340802987865,0.96585226,2.5703e-09,0.011792957929200001,0.0,0.0,0.0,0.0,1.7334e-11,7.953123477599999e-05,1.7334e-11,7.953123477599999e-05,0.0,0.0,0.0,0.0,2.5877e-09,0.011872489163976001
mwir_std_solar_scatter,D:\HwaSimIR\HwaSim_IR\Bin\Config\Atmosphere\MODTRAN\raw\audit_mwir_standard_20260906\mwir_std_solar_scatter\MODOUT2.txt,W/(cm^2 sr cm^-1),W/(cm^2 cm^-1),W/(m^2 sr um),W/(m^2 um),value_si=value_native*1e8/(wavelength_um^2),2143.0,4.666355576294913,0.9774226,1.5982e-09,0.007339651991800001,0.0,0.0,0.0,0.0,1.7628e-11,8.095569097200002e-05,1.7628e-11,8.095569097200002e-05,0.0,0.0,0.0,0.0,1.6158e-09,0.0074206076827720005
mwir_std_solar_scatter,D:\HwaSimIR\HwaSim_IR\Bin\Config\Atmosphere\MODTRAN\raw\audit_mwir_standard_20260906\mwir_std_solar_scatter\MODOUT2.txt,W/(cm^2 sr cm^-1),W/(cm^2 cm^-1),W/(m^2 sr um),W/(m^2 um),value_si=value_native*1e8/(wavelength_um^2),2144.0,4.664179104477612,0.97001386,2.128e-09,0.009781854207999999,0.0,0.0,0.0,0.0,1.7367e-11,7.983151411199999e-05,1.7367e-11,7.983151411199999e-05,0.0,0.0,0.0,0.0,2.1454e-09,0.009861685722111999
mwir_std_solar_scatter,D:\HwaSimIR\HwaSim_IR\Bin\Config\Atmosphere\MODTRAN\raw\audit_mwir_standard_20260906\mwir_std_solar_scatter\MODOUT2.txt,W/(cm^2 sr cm^-1),W/(cm^2 cm^-1),W/(m^2 sr um),W/(m^2 um),value_si=value_native*1e8/(wavelength_um^2),2145.0,4.662004662004662,0.79993945,1.4204e-08,0.06535295909999998,0.0,0.0,0.0,0.0,1.5306e-11,7.042328864999999e-05,1.5306e-11,7.042328864999999e-05,0.0,0.0,0.0,0.0,1.4219e-08,0.06542338238864999
mwir_std_solar_scatter,D:\HwaSimIR\HwaSim_IR\Bin\Config\Atmosphere\MODTRAN\raw\audit_mwir_standard_20260906\mwir_std_solar_scatter\MODOUT2.txt,W/(cm^2 sr cm^-1),W/(cm^2 cm^-1),W/(m^2 sr um),W/(m^2 um),value_si=value_native*1e8/(wavelength_um^2),2146.0,4.659832246039143,0.94096977,4.5276e-09,0.0208510287216,0.0,0.0,0.0,0.0,1.7177e-11,7.9105512932e-05,1.7177e-11,7.9105512932e-05,0.0,0.0,0.0,0.0,4.5448e-09,0.020930134234531998
mwir_std_solar_scatter,D:\HwaSimIR\HwaSim_IR\Bin\Config\Atmosphere\MODTRAN\raw\audit_mwir_standard_20260906\mwir_std_solar_scatter\MODOUT2.txt,W/(cm^2 sr cm^-1),W/(cm^2 cm^-1),W/(m^2 sr um),W/(m^2 um),value_si=value_native*1e8/(wavelength_um^2),2147.0,4.657661853749418,0.78120661,1.439e-08,0.06633227351,0.0,0.0,0.0,0.0,1.4144e-11,6.5198309696e-05,1.4144e-11,6.5198309696e-05,0.0,0.0,0.0,0.0,1.4404e-08,0.06639747181969599
mwir_std_solar_scatter,D:\HwaSimIR\HwaSim_IR\Bin\Config\Atmosphere\MODTRAN\raw\audit_mwir_standard_20260906\mwir_std_solar_scatter\MODOUT2.txt,W/(cm^2 sr cm^-1),W/(cm^2 cm^-1),W/(m^2 sr um),W/(m^2 um),value_si=value_native*1e8/(wavelength_um^2),2148.0,4.655493482309125,0.93167096,5.1199e-09,0.0236227270896,0.0,0.0,0.0,0.0,1.6747e-11,7.7269050288e-05,1.6747e-11,7.7269050288e-05,0.0,0.0,0.0,0.0,5.1366e-09,0.023699996139888
mwir_std_solar_scatter,D:\HwaSimIR\HwaSim_IR\Bin\Config\Atmosphere\MODTRAN\raw\audit_mwir_standard_20260906\mwir_std_solar_scatter\MODOUT2.txt,W/(cm^2 sr cm^-1),W/(cm^2 cm^-1),W/(m^2 sr um),W/(m^2 um),value_si=value_native*1e8/(wavelength_um^2),2149.0,4.653327128897161,0.96362311,2.5476e-09,0.011765328867600003,0.0,0.0,0.0,0.0,1.7167e-11,7.9280656567e-05,1.7167e-11,7.9280656567e-05,0.0,0.0,0.0,0.0,2.5647e-09,0.011844609524167002
mwir_std_solar_scatter,D:\HwaSimIR\HwaSim_IR\Bin\Config\Atmosphere\MODTRAN\raw\audit_mwir_standard_20260906\mwir_std_solar_scatter\MODOUT2.txt,W/(cm^2 sr cm^-1),W/(cm^2 cm^-1),W/(m^2 sr um),W/(m^2 um),value_si=value_native*1e8/(wavelength_um^2),2150.0,4.651162790697675,0.96185189,2.5499e-09,0.01178691275,0.0,0.0,0.0,0.0,1.7119e-11,7.91325775e-05,1.7119e-11,7.91325775e-05,0.0,0.0,0.0,0.0,2.5671e-09,0.0118660453275
mwir_std_solar_scatter,D:\HwaSimIR\HwaSim_IR\Bin\Config\Atmosphere\MODTRAN\raw\audit_mwir_standard_20260906\mwir_std_solar_scatter\MODOUT2.txt,W/(cm^2 sr cm^-1),W/(cm^2 cm^-1),W/(m^2 sr um),W/(m^2 um),value_si=value_native*1e8/(wavelength_um^2),2151.0,4.6490004649000465,0.78396195,1.2832e-08,0.059371110432,0.0,0.0,0.0,0.0,1.3887e-11,6.425238548700001e-05,1.3887e-11,6.425238548700001e-05,0.0,0.0,0.0,0.0,1.2846e-08,0.059435362817487
mwir_std_solar_scatter,D:\HwaSimIR\HwaSim_IR\Bin\Config\Atmosphere\MODTRAN\raw\audit_mwir_standard_20260906\mwir_std_solar_scatter\MODOUT2.txt,W/(cm^2 sr cm^-1),W/(cm^2 cm^-1),W/(m^2 sr um),W/(m^2 um),value_si=value_native*1e8/(wavelength_um^2),2152.0,4.646840148698884,0.94862729,3.5994e-09,0.016669195737600007,0.0,0.0,0.0,0.0,1.7295e-11,8.009494368000001e-05,1.7295e-11,8.009494368000001e-05,0.0,0.0,0.0,0.0,3.6167e-09,0.016749290681280008
mwir_std_solar_scatter,D:\HwaSimIR\HwaSim_IR\Bin\Config\Atmosphere\MODTRAN\raw\audit_mwir_standard_20260906\mwir_std_solar_scatter\MODOUT2.txt,W/(cm^2 sr cm^-1),W/(cm^2 cm^-1),W/(m^2 sr um),W/(m^2 um),value_si=value_native*1e8/(wavelength_um^2),2153.0,4.644681839294009,0.84136313,1.0512e-08,0.04872741940799999,0.0,0.0,0.0,0.0,1.5918e-11,7.378644046199999e-05,1.5918e-11,7.378644046199999e-05,0.0,0.0,0.0,0.0,1.0528e-08,0.04880120584846199
mwir_std_solar_scatter,D:\HwaSimIR\HwaSim_IR\Bin\Config\Atmosphere\MODTRAN\raw\audit_mwir_standard_20260906\mwir_std_solar_scatter\MODOUT2.txt,W/(cm^2 sr cm^-1),W/(cm^2 cm^-1),W/(m^2 sr um),W/(m^2 um),value_si=value_native*1e8/(wavelength_um^2),2154.0,4.642525533890437,0.93864793,4.0373e-09,0.018731925406799996,0.0,0.0,0.0,0.0,1.7193e-11,7.977063718799999e-05,1.7193e-11,7.977063718799999e-05,0.0,0.0,0.0,0.0,4.0545e-09,0.018811696043987997
mwir_std_solar_scatter,D:\HwaSimIR\HwaSim_IR\Bin\Config\Atmosphere\MODTRAN\raw\audit_mwir_standard_20260906\mwir_std_solar_scatter\MODOUT2.txt,W/(cm^2 sr cm^-1),W/(cm^2 cm^-1),W/(m^2 sr um),W/(m^2 um),value_si=value_native*1e8/(wavelength_um^2),2155.0,4.640371229698376,0.79476339,1.1478e-08,0.05330411895,0.0,0.0,0.0,0.0,1.4626e-11,6.792350965000001e-05,1.4626e-11,6.792350965000001e-05,0.0,0.0,0.0,0.0,1.1493e-08,0.05337204245965
mwir_std_solar_scatter,D:\HwaSimIR\HwaSim_IR\Bin\Config\Atmosphere\MODTRAN\raw\audit_mwir_standard_20260906\mwir_std_solar_scatter\MODOUT2.txt,W/(cm^2 sr cm^-1),W/(cm^2 cm^-1),W/(m^2 sr um),W/(m^2 um),value_si=value_native*1e8/(wavelength_um^2),2156.0,4.638218923933209,0.94960946,3.3301e-09,0.015479423713600001,0.0,0.0,0.0,0.0,1.7492e-11,8.130869331200002e-05,1.7492e-11,8.130869331200002e-05,0.0,0.0,0.0,0.0,3.3476e-09,0.015560732406912001
mwir_std_solar_scatter,D:\HwaSimIR\HwaSim_IR\Bin\Config\Atmosphere\MODTRAN\raw\audit_mwir_standard_20260906\mwir_std_solar_scatter\MODOUT2.txt,W/(cm^2 sr cm^-1),W/(cm^2 cm^-1),W/(m^2 sr um),W/(m^2 um),value_si=value_native*1e8/(wavelength_um^2),2157.0,4.6360686138154845,0.89083797,7.4786e-09,0.0347953008114,0.0,0.0,0.0,0.0,1.6783e-11,7.8085408167e-05,1.6783e-11,7.8085408167e-05,0.0,0.0,0.0,0.0,7.4954e-09,0.034873386219566996
mwir_std_solar_scatter,D:\HwaSimIR\HwaSim_IR\Bin\Config\Atmosphere\MODTRAN\raw\audit_mwir_standard_20260906\mwir_std_solar_scatter\MODOUT2.txt,W/(cm^2 sr cm^-1),W/(cm^2 cm^-1),W/(m^2 sr um),W/(m^2 um),value_si=value_native*1e8/(wavelength_um^2),2158.0,4.633920296570899,0.73861355,1.4067e-08,0.06550951258799999,0.0,0.0,0.0,0.0,1.3567e-11,6.318103058799999e-05,1.3567e-11,6.318103058799999e-05,0.0,0.0,0.0,0.0,1.4081e-08,0.06557269361858799
mwir_std_solar_scatter,D:\HwaSimIR\HwaSim_IR\Bin\Config\Atmosphere\MODTRAN\raw\audit_mwir_standard_20260906\mwir_std_solar_scatter\MODOUT2.txt,W/(cm^2 sr cm^-1),W/(cm^2 cm^-1),W/(m^2 sr um),W/(m^2 um),value_si=value_native*1e8/(wavelength_um^2),2159.0,4.6317739694302915,0.92433852,4.8029e-09,0.022387666514899998,0.0,0.0,0.0,0.0,1.7128e-11,7.9838420968e-05,1.7128e-11,7.9838420968e-05,0.0,0.0,0.0,0.0,4.8201e-09,0.022467504935867997
mwir_std_solar_scatter,D:\HwaSimIR\HwaSim_IR\Bin\Config\Atmosphere\MODTRAN\raw\audit_mwir_standard_20260906\mwir_std_solar_scatter\MODOUT2.txt,W/(cm^2 sr cm^-1),W/(cm^2 cm^-1),W/(m^2 sr um),W/(m^2 um),value_si=value_native*1e8/(wavelength_um^2),2160.0,4.62962962962963,0.93971282,3.8903e-09,0.01815058368,0.0,0.0,0.0,0.0,1.7438e-11,8.135873279999999e-05,1.7438e-11,8.135873279999999e-05,0.0,0.0,0.0,0.0,3.9077e-09,0.0182319424128
mwir_std_solar_scatter,D:\HwaSimIR\HwaSim_IR\Bin\Config\Atmosphere\MODTRAN\raw\audit_mwir_standard_20260906\mwir_std_solar_scatter\MODOUT2.txt,W/(cm^2 sr cm^-1),W/(cm^2 cm^-1),W/(m^2 sr um),W/(m^2 um),value_si=value_native*1e8/(wavelength_um^2),2161.0,4.6274872744099955,0.91556782,5.6307e-09,0.0262949241747,0.0,0.0,0.0,0.0,1.7197e-11,8.0308631437e-05,1.7197e-11,8.0308631437e-05,0.0,0.0,0.0,0.0,5.6478e-09,0.026375232806137
mwir_std_solar_scatter,D:\HwaSimIR\HwaSim_IR\Bin\Config\Atmosphere\MODTRAN\raw\audit_mwir_standard_20260906\mwir_std_solar_scatter\MODOUT2.txt,W/(cm^2 sr cm^-1),W/(cm^2 cm^-1),W/(m^2 sr um),W/(m^2 um),value_si=value_native*1e8/(wavelength_um^2),2162.0,4.6253469010175765,0.58865678,2.289e-08,0.10699344515999998,0.0,0.0,0.0,0.0,1.1562e-11,5.4043609128e-05,1.1562e-11,5.4043609128e-05,0.0,0.0,0.0,0.0,2.2902e-08,0.10704748876912798
mwir_std_solar_scatter,D:\HwaSimIR\HwaSim_IR\Bin\Config\Atmosphere\MODTRAN\raw\audit_mwir_standard_20260906\mwir_std_solar_scatter\MODOUT2.txt,W/(cm^2 sr cm^-1),W/(cm^2 cm^-1),W/(m^2 sr um),W/(m^2 um),value_si=value_native*1e8/(wavelength_um^2),2163.0,4.623208506703652,0.83007413,1.1505e-08,0.053826936344999986,0.0,0.0,0.0,0.0,1.5961e-11,7.4674639809e-05,1.5961e-11,7.4674639809e-05,0.0,0.0,0.0,0.0,1.1521e-08,0.05390161098480899
mwir_std_solar_scatter,D:\HwaSimIR\HwaSim_IR\Bin\Config\Atmosphere\MODTRAN\raw\audit_mwir_standard_20260906\mwir_std_solar_scatter\MODOUT2.txt,W/(cm^2 sr cm^-1),W/(cm^2 cm^-1),W/(m^2 sr um),W/(m^2 um),value_si=value_native*1e8/(wavelength_um^2),2164.0,4.621072088724584,0.92371535,4.7862e-09,0.022413276835200002,0.0,0.0,0.0,0.0,1.717e-11,8.040532432e-05,1.717e-11,8.040532432e-05,0.0,0.0,0.0,0.0,4.8034e-09,0.022493682159520002
mwir_std_solar_scatter,D:\HwaSimIR\HwaSim_IR\Bin\Config\Atmosphere\MODTRAN\raw\audit_mwir_standard_20260906\mwir_std_solar_scatter\MODOUT2.txt,W/(cm^2 sr cm^-1),W/(cm^2 cm^-1),W/(m^2 sr um),W/(m^2 um),value_si=value_native*1e8/(wavelength_um^2),2165.0,4.618937644341801,0.89225394,6.6762e-09,0.031292851545,0.0,0.0,0.0,0.0,1.6565e-11,7.7643882125e-05,1.6565e-11,7.7643882125e-05,0.0,0.0,0.0,0.0,6.6927e-09,0.031370495427125
mwir_std_solar_scatter,D:\HwaSimIR\HwaSim_IR\Bin\Config\Atmosphere\MODTRAN\raw\audit_mwir_standard_20260906\mwir_std_solar_scatter\MODOUT2.txt,W/(cm^2 sr cm^-1),W/(cm^2 cm^-1),W/(m^2 sr um),W/(m^2 um),value_si=value_native*1e8/(wavelength_um^2),2166.0,4.616805170821792,0.7313416,1.389e-08,0.06516571283999999,0.0,0.0,0.0,0.0,1.36e-11,6.38051616e-05,1.36e-11,6.38051616e-05,0.0,0.0,0.0,0.0,1.3903e-08,0.06522951800159998
mwir_std_solar_scatter,D:\HwaSimIR\HwaSim_IR\Bin\Config\Atmosphere\MODTRAN\raw\audit_mwir_standard_20260906\mwir_std_solar_scatter\MODOUT2.txt,W/(cm^2 sr cm^-1),W/(cm^2 cm^-1),W/(m^2 sr um),W/(m^2 um),value_si=value_native*1e8/(wavelength_um^2),2167.0,4.614674665436087,0.9117499,5.5166e-09,0.0259053412574,0.0,0.0,0.0,0.0,1.7149e-11,8.052980046100002e-05,1.7149e-11,8.052980046100002e-05,0.0,0.0,0.0,0.0,5.5338e-09,0.025985871057860998
mwir_std_solar_scatter,D:\HwaSimIR\HwaSim_IR\Bin\Config\Atmosphere\MODTRAN\raw\audit_mwir_standard_20260906\mwir_std_solar_scatter\MODOUT2.txt,W/(cm^2 sr cm^-1),W/(cm^2 cm^-1),W/(m^2 sr um),W/(m^2 um),value_si=value_native*1e8/(wavelength_um^2),2168.0,4.612546125461255,0.90734661,5.6536e-09,0.026573186406400003,0.0,0.0,0.0,0.0,1.686e-11,7.924577664e-05,1.686e-11,7.924577664e-05,0.0,0.0,0.0,0.0,5.6704e-09,0.026652432183040003
mwir_std_solar_scatter,D:\HwaSimIR\HwaSim_IR\Bin\Config\Atmosphere\MODTRAN\raw\audit_mwir_standard_20260906\mwir_std_solar_scatter\MODOUT2.txt,W/(cm^2 sr cm^-1),W/(cm^2 cm^-1),W/(m^2 sr um),W/(m^2 um),value_si=value_native*1e8/(wavelength_um^2),2169.0,4.610419548178884,0.68058169,1.6345e-08,0.07689604954500001,0.0,0.0,0.0,0.0,1.2694e-11,5.9719697334000014e-05,1.2694e-11,5.9719697334000014e-05,0.0,0.0,0.0,0.0,1.6357e-08,0.07695576924233401
mwir_std_solar_scatter,D:\HwaSimIR\HwaSim_IR\Bin\Config\Atmosphere\MODTRAN\raw\audit_mwir_standard_20260906\mwir_std_solar_scatter\MODOUT2.txt,W/(cm^2 sr cm^-1),W/(cm^2 cm^-1),W/(m^2 sr um),W/(m^2 um),value_si=value_native*1e8/(wavelength_um^2),2170.0,4.608294930875576,0.87606144,7.4559e-09,0.035109087510000005,0.0,0.0,0.0,0.0,1.6442e-11,7.742373380000002e-05,1.6442e-11,7.742373380000002e-05,0.0,0.0,0.0,0.0,7.4724e-09,0.035186511243800005
mwir_std_solar_scatter,D:\HwaSimIR\HwaSim_IR\Bin\Config\Atmosphere\MODTRAN\raw\audit_mwir_standard_20260906\mwir_std_solar_scatter\MODOUT2.txt,W/(cm^2 sr cm^-1),W/(cm^2 cm^-1),W/(m^2 sr um),W/(m^2 um),value_si=value_native*1e8/(wavelength_um^2),2171.0,4.606172270842929,0.79218775,1.294e-08,0.06098933854,0.0,0.0,0.0,0.0,1.5246e-11,7.185807228600001e-05,1.5246e-11,7.185807228600001e-05,0.0,0.0,0.0,0.0,1.2956e-08,0.061061196612286
mwir_std_solar_scatter,D:\HwaSimIR\HwaSim_IR\Bin\Config\Atmosphere\MODTRAN\raw\audit_mwir_standard_20260906\mwir_std_solar_scatter\MODOUT2.txt,W/(cm^2 sr cm^-1),W/(cm^2 cm^-1),W/(m^2 sr um),W/(m^2 um),value_si=value_native*1e8/(wavelength_um^2),2172.0,4.6040515653775325,0.83582526,9.9436e-09,0.04690976826239999,0.0,0.0,0.0,0.0,1.5702e-11,7.407550396799998e-05,1.5702e-11,7.407550396799998e-05,0.0,0.0,0.0,0.0,9.9593e-09,0.04698384376636799
mwir_std_solar_scatter,D:\HwaSimIR\HwaSim_IR\Bin\Config\Atmosphere\MODTRAN\raw\audit_mwir_standard_20260906\mwir_std_solar_scatter\MODOUT2.txt,W/(cm^2 sr cm^-1),W/(cm^2 cm^-1),W/(m^2 sr um),W/(m^2 um),value_si=value_native*1e8/(wavelength_um^2),2173.0,4.601932811780948,0.65179503,1.7705e-08,0.083601752945,0.0,0.0,0.0,0.0,1.2209e-11,5.7650031161e-05,1.2209e-11,5.7650031161e-05,0.0,0.0,0.0,0.0,1.7717e-08,0.083659402976161
mwir_std_solar_scatter,D:\HwaSimIR\HwaSim_IR\Bin\Config\Atmosphere\MODTRAN\raw\audit_mwir_standard_20260906\mwir_std_solar_scatter\MODOUT2.txt,W/(cm^2 sr cm^-1),W/(cm^2 cm^-1),W/(m^2 sr um),W/(m^2 um),value_si=value_native*1e8/(wavelength_um^2),2174.0,4.599816007359705,0.88131392,7.0579e-09,0.033357583380400006,0.0,0.0,0.0,0.0,1.652e-11,7.807807952000002e-05,1.652e-11,7.807807952000002e-05,0.0,0.0,0.0,0.0,7.0744e-09,0.03343566145992
mwir_std_solar_scatter,D:\HwaSimIR\HwaSim_IR\Bin\Config\Atmosphere\MODTRAN\raw\audit_mwir_standard_20260906\mwir_std_solar_scatter\MODOUT2.txt,W/(cm^2 sr cm^-1),W/(cm^2 cm^-1),W/(m^2 sr um),W/(m^2 um),value_si=value_native*1e8/(wavelength_um^2),2175.0,4.597701149425287,0.82320154,1.0391e-08,0.049155924375,0.0,0.0,0.0,0.0,1.5335e-11,7.254413437500002e-05,1.5335e-11,7.254413437500002e-05,0.0,0.0,0.0,0.0,1.0406e-08,0.049228468509375
mwir_std_solar_scatter,D:\HwaSimIR\HwaSim_IR\Bin\Config\Atmosphere\MODTRAN\raw\audit_mwir_standard_20260906\mwir_std_solar_scatter\MODOUT2.txt,W/(cm^2 sr cm^-1),W/(cm^2 cm^-1),W/(m^2 sr um),W/(m^2 um),value_si=value_native*1e8/(wavelength_um^2),2176.0,4.595588235294118,0.63507837,1.8492e-08,0.087559176192,0.0,0.0,0.0,0.0,1.1898e-11,5.6336744448e-05,1.1898e-11,5.6336744448e-05,0.0,0.0,0.0,0.0,1.8504e-08,0.087615512936448
mwir_std_solar_scatter,D:\HwaSimIR\HwaSim_IR\Bin\Config\Atmosphere\MODTRAN\raw\audit_mwir_standard_20260906\mwir_std_solar_scatter\MODOUT2.txt,W/(cm^2 sr cm^-1),W/(cm^2 cm^-1),W/(m^2 sr um),W/(m^2 um),value_si=value_native*1e8/(wavelength_um^2),2177.0,4.593477262287552,0.7823903,1.2368e-08,0.05861602107200001,0.0,0.0,0.0,0.0,1.4555e-11,6.8980933595e-05,1.4555e-11,6.8980933595e-05,0.0,0.0,0.0,0.0,1.2383e-08,0.05868500200559501
mwir_std_solar_scatter,D:\HwaSimIR\HwaSim_IR\Bin\Config\Atmosphere\MODTRAN\raw\audit_mwir_standard_20260906\mwir_std_solar_scatter\MODOUT2.txt,W/(cm^2 sr cm^-1),W/(cm^2 cm^-1),W/(m^2 sr um),W/(m^2 um),value_si=value_native*1e8/(wavelength_um^2),2178.0,4.591368227731864,0.7936992,1.1468e-08,0.05440056811200001,0.0,0.0,0.0,0.0,1.4885e-11,7.060973634e-05,1.4885e-11,7.060973634e-05,0.0,0.0,0.0,0.0,1.1483e-08,0.05447117784834001
mwir_std_solar_scatter,D:\HwaSimIR\HwaSim_IR\Bin\Config\Atmosphere\MODTRAN\raw\audit_mwir_standard_20260906\mwir_std_solar_scatter\MODOUT2.txt,W/(cm^2 sr cm^-1),W/(cm^2 cm^-1),W/(m^2 sr um),W/(m^2 um),value_si=value_native*1e8/(wavelength_um^2),2179.0,4.5892611289582375,0.76916462,1.2672e-08,0.060167175552000005,0.0,0.0,0.0,0.0,1.4605e-11,6.934513880500001e-05,1.4605e-11,6.934513880500001e-05,0.0,0.0,0.0,0.0,1.2686e-08,0.060236520690805005
mwir_std_solar_scatter,D:\HwaSimIR\HwaSim_IR\Bin\Config\Atmosphere\MODTRAN\raw\audit_mwir_standard_20260906\mwir_std_solar_scatter\MODOUT2.txt,W/(cm^2 sr cm^-1),W/(cm^2 cm^-1),W/(m^2 sr um),W/(m^2 um),value_si=value_native*1e8/(wavelength_um^2),2180.0,4.587155963302752,0.5992403,1.967e-08,0.09347970800000001,0.0,0.0,0.0,0.0,1.1447e-11,5.44007228e-05,1.1447e-11,5.44007228e-05,0.0,0.0,0.0,0.0,1.9681e-08,0.0935341087228
mwir_std_solar_scatter,D:\HwaSimIR\HwaSim_IR\Bin\Config\Atmosphere\MODTRAN\raw\audit_mwir_standard_20260906\mwir_std_solar_scatter\MODOUT2.txt,W/(cm^2 sr cm^-1),W/(cm^2 cm^-1),W/(m^2 sr um),W/(m^2 um),value_si=value_native*1e8/(wavelength_um^2),2181.0,4.5850527281063735,0.73162854,1.572e-08,0.07477628291999999,0.0,0.0,0.0,0.0,1.4126e-11,6.719400588599999e-05,1.4126e-11,6.719400588599999e-05,0.0,0.0,0.0,0.0,1.5734e-08,0.074843476925886
mwir_std_solar_scatter,D:\HwaSimIR\HwaSim_IR\Bin\Config\Atmosphere\MODTRAN\raw\audit_mwir_standard_20260906\mwir_std_solar_scatter\MODOUT2.txt,W/(cm^2 sr cm^-1),W/(cm^2 cm^-1),W/(m^2 sr um),W/(m^2 um),value_si=value_native*1e8/(wavelength_um^2),2182.0,4.582951420714941,0.70612073,1.5603e-08,0.07428781777199998,0.0,0.0,0.0,0.0,1.3456e-11,6.4065684544e-05,1.3456e-11,6.4065684544e-05,0.0,0.0,0.0,0.0,1.5617e-08,0.07435188345654399
mwir_std_solar_scatter,D:\HwaSimIR\HwaSim_IR\Bin\Config\Atmosphere\MODTRAN\raw\audit_mwir_standard_20260906\mwir_std_solar_scatter\MODOUT2.txt,W/(cm^2 sr cm^-1),W/(cm^2 cm^-1),W/(m^2 sr um),W/(m^2 um),value_si=value_native*1e8/(wavelength_um^2),2183.0,4.580852038479157,0.53045726,2.2855e-08,0.10891525109500001,0.0,0.0,0.0,0.0,1.0007e-11,4.768824842300001e-05,1.0007e-11,4.768824842300001e-05,0.0,0.0,0.0,0.0,2.2865e-08,0.10896293934342301
mwir_std_solar_scatter,D:\HwaSimIR\HwaSim_IR\Bin\Config\Atmosphere\MODTRAN\raw\audit_mwir_standard_20260906\mwir_std_solar_scatter\MODOUT2.txt,W/(cm^2 sr cm^-1),W/(cm^2 cm^-1),W/(m^2 sr um),W/(m^2 um),value_si=value_native*1e8/(wavelength_um^2),2184.0,4.5787545787545785,0.6476025,1.8456e-08,0.088032462336,0.0,0.0,0.0,0.0,1.2086e-11,5.7648479616000006e-05,1.2086e-11,5.7648479616000006e-05,0.0,0.0,0.0,0.0,1.8469e-08,0.08809011081561599
mwir_std_solar_scatter,D:\HwaSimIR\HwaSim_IR\Bin\Config\Atmosphere\MODTRAN\raw\audit_mwir_standard_20260906\mwir_std_solar_scatter\MODOUT2.txt,W/(cm^2 sr cm^-1),W/(cm^2 cm^-1),W/(m^2 sr um),W/(m^2 um),value_si=value_native*1e8/(wavelength_um^2),2185.0,4.576659038901602,0.58366132,2.1535e-08,0.102812935375,0.0,0.0,0.0,0.0,1.1362e-11,5.424474444999999e-05,1.1362e-11,5.424474444999999e-05,0.0,0.0,0.0,0.0,2.1546e-08,0.10286718011945
mwir_std_solar_scatter,D:\HwaSimIR\HwaSim_IR\Bin\Config\Atmosphere\MODTRAN\raw\audit_mwir_standard_20260906\mwir_std_solar_scatter\MODOUT2.txt,W/(cm^2 sr cm^-1),W/(cm^2 cm^-1),W/(m^2 sr um),W/(m^2 um),value_si=value_native*1e8/(wavelength_um^2),2186.0,4.574565416285453,0.56275201,2.1856e-08,0.10444099417599999,0.0,0.0,0.0,0.0,1.061e-11,5.070090355999999e-05,1.061e-11,5.070090355999999e-05,0.0,0.0,0.0,0.0,2.1867e-08,0.10449169507955999
mwir_std_solar_scatter,D:\HwaSimIR\HwaSim_IR\Bin\Config\Atmosphere\MODTRAN\raw\audit_mwir_standard_20260906\mwir_std_solar_scatter\MODOUT2.txt,W/(cm^2 sr cm^-1),W/(cm^2 cm^-1),W/(m^2 sr um),W/(m^2 um),value_si=value_native*1e8/(wavelength_um^2),2187.0,4.572473708276178,0.42183957,2.7524e-08,0.131646438756,0.0,0.0,0.0,0.0,8.4789e-12,4.0554315854099994e-05,8.4789e-12,4.0554315854099994e-05,0.0,0.0,0.0,0.0,2.7533e-08,0.13168699307185408
mwir_std_solar_scatter,D:\HwaSimIR\HwaSim_IR\Bin\Config\Atmosphere\MODTRAN\raw\audit_mwir_standard_20260906\mwir_std_solar_scatter\MODOUT2.txt,W/(cm^2 sr cm^-1),W/(cm^2 cm^-1),W/(m^2 sr um),W/(m^2 um),value_si=value_native*1e8/(wavelength_um^2),2188.0,4.570383912248629,0.52653319,2.2767e-08,0.10899346084799998,0.0,0.0,0.0,0.0,1.0005e-11,4.7897376719999995e-05,1.0005e-11,4.7897376719999995e-05,0.0,0.0,0.0,0.0,2.2777e-08,0.10904135822471997
mwir_std_solar_scatter,D:\HwaSimIR\HwaSim_IR\Bin\Config\Atmosphere\MODTRAN\raw\audit_mwir_standard_20260906\mwir_std_solar_scatter\MODOUT2.txt,W/(cm^2 sr cm^-1),W/(cm^2 cm^-1),W/(m^2 sr um),W/(m^2 um),value_si=value_native*1e8/(wavelength_um^2),2189.0,4.568296025582458,0.52092987,2.2508e-08,0.10785205626799997,0.0,0.0,0.0,0.0,9.9908e-12,4.7873126166799997e-05,9.9908e-12,4.7873126166799997e-05,0.0,0.0,0.0,0.0,2.2518e-08,0.10789992939416677
mwir_std_solar_scatter,D:\HwaSimIR\HwaSim_IR\Bin\Config\Atmosphere\MODTRAN\raw\audit_mwir_standard_20260906\mwir_std_solar_scatter\MODOUT2.txt,W/(cm^2 sr cm^-1),W/(cm^2 cm^-1),W/(m^2 sr um),W/(m^2 um),value_si=value_native*1e8/(wavelength_um^2),2190.0,4.566210045662101,0.44985056,2.4499e-08,0.11749965389999999,0.0,0.0,0.0,0.0,8.7799e-12,4.2109278389999997e-05,8.7799e-12,4.2109278389999997e-05,0.0,0.0,0.0,0.0,2.4508e-08,0.11754176317838999
mwir_std_solar_scatter,D:\HwaSimIR\HwaSim_IR\Bin\Config\Atmosphere\MODTRAN\raw\audit_mwir_standard_20260906\mwir_std_solar_scatter\MODOUT2.txt,W/(cm^2 sr cm^-1),W/(cm^2 cm^-1),W/(m^2 sr um),W/(m^2 um),value_si=value_native*1e8/(wavelength_um^2),2191.0,4.564125969876769,0.57668006,1.9422e-08,0.09323494198199998,0.0,0.0,0.0,0.0,1.1221e-11,5.386619730099999e-05,1.1221e-11,5.386619730099999e-05,0.0,0.0,0.0,0.0,1.9433e-08,0.09328880817930098
mwir_std_solar_scatter,D:\HwaSimIR\HwaSim_IR\Bin\Config\Atmosphere\MODTRAN\raw\audit_mwir_standard_20260906\mwir_std_solar_scatter\MODOUT2.txt,W/(cm^2 sr cm^-1),W/(cm^2 cm^-1),W/(m^2 sr um),W/(m^2 um),value_si=value_native*1e8/(wavelength_um^2),2192.0,4.562043795620438,0.57611775,1.9285e-08,0.09266180224000001,0.0,0.0,0.0,0.0,1.1257e-11,5.4088354048000005e-05,1.1257e-11,5.4088354048000005e-05,0.0,0.0,0.0,0.0,1.9296e-08,0.09271589059404801
mwir_std_solar_scatter,D:\HwaSimIR\HwaSim_IR\Bin\Config\Atmosphere\MODTRAN\raw\audit_mwir_standard_20260906\mwir_std_solar_scatter\MODOUT2.txt,W/(cm^2 sr cm^-1),W/(cm^2 cm^-1),W/(m^2 sr um),W/(m^2 um),value_si=value_native*1e8/(wavelength_um^2),2193.0,4.559963520291838,0.52536976,2.3414e-08,0.112603756086,0.0,0.0,0.0,0.0,9.78e-12,4.7034455220000005e-05,9.78e-12,4.7034455220000005e-05,0.0,0.0,0.0,0.0,2.3423e-08,0.11265079054122
mwir_std_solar_scatter,D:\HwaSimIR\HwaSim_IR\Bin\Config\Atmosphere\MODTRAN\raw\audit_mwir_standard_20260906\mwir_std_solar_scatter\MODOUT2.txt,W/(cm^2 sr cm^-1),W/(cm^2 cm^-1),W/(m^2 sr um),W/(m^2 um),value_si=value_native*1e8/(wavelength_um^2),2194.0,4.557885141294439,0.44552884,2.443e-08,0.11759712748000002,0.0,0.0,0.0,0.0,8.8302e-12,4.25053686072e-05,8.8302e-12,4.25053686072e-05,0.0,0.0,0.0,0.0,2.4439e-08,0.11763963284860722
mwir_std_solar_scatter,D:\HwaSimIR\HwaSim_IR\Bin\Config\Atmosphere\MODTRAN\raw\audit_mwir_standard_20260906\mwir_std_solar_scatter\MODOUT2.txt,W/(cm^2 sr cm^-1),W/(cm^2 cm^-1),W/(m^2 sr um),W/(m^2 um),value_si=value_native*1e8/(wavelength_um^2),2195.0,4.555808656036446,0.42378807,2.4769e-08,0.119337661225,0.0,0.0,0.0,0.0,8.2946e-12,3.9963590165e-05,8.2946e-12,3.9963590165e-05,0.0,0.0,0.0,0.0,2.4777e-08,0.119377624815165
mwir_std_solar_scatter,D:\HwaSimIR\HwaSim_IR\Bin\Config\Atmosphere\MODTRAN\raw\audit_mwir_standard_20260906\mwir_std_solar_scatter\MODOUT2.txt,W/(cm^2 sr cm^-1),W/(cm^2 cm^-1),W/(m^2 sr um),W/(m^2 um),value_si=value_native*1e8/(wavelength_um^2),2196.0,4.553734061930784,0.39432681,2.5607e-08,0.12348760651199996,0.0,0.0,0.0,0.0,7.6967e-12,3.711668922719999e-05,7.6967e-12,3.711668922719999e-05,0.0,0.0,0.0,0.0,2.5614e-08,0.12352472320122716
mwir_std_solar_scatter,D:\HwaSimIR\HwaSim_IR\Bin\Config\Atmosphere\MODTRAN\raw\audit_mwir_standard_20260906\mwir_std_solar_scatter\MODOUT2.txt,W/(cm^2 sr cm^-1),W/(cm^2 cm^-1),W/(m^2 sr um),W/(m^2 um),value_si=value_native*1e8/(wavelength_um^2),2197.0,4.551661356395084,0.32628128,2.7547e-08,0.13296410752299997,0.0,0.0,0.0,0.0,6.4281e-12,3.10272109329e-05,6.4281e-12,3.10272109329e-05,0.0,0.0,0.0,0.0,2.7553e-08,0.13299513473393287
mwir_std_solar_scatter,D:\HwaSimIR\HwaSim_IR\Bin\Config\Atmosphere\MODTRAN\raw\audit_mwir_standard_20260906\mwir_std_solar_scatter\MODOUT2.txt,W/(cm^2 sr cm^-1),W/(cm^2 cm^-1),W/(m^2 sr um),W/(m^2 um),value_si=value_native*1e8/(wavelength_um^2),2198.0,4.549590536851683,0.36653826,2.5996e-08,0.125591979184,0.0,0.0,0.0,0.0,7.114e-12,3.4369185255999996e-05,7.114e-12,3.4369185255999996e-05,0.0,0.0,0.0,0.0,2.6003e-08,0.125626348369256
mwir_std_solar_scatter,D:\HwaSimIR\HwaSim_IR\Bin\Config\Atmosphere\MODTRAN\raw\audit_mwir_standard_20260906\mwir_std_solar_scatter\MODOUT2.txt,W/(cm^2 sr cm^-1),W/(cm^2 cm^-1),W/(m^2 sr um),W/(m^2 um),value_si=value_native*1e8/(wavelength_um^2),2199.0,4.547521600727603,0.35546145,2.6268e-08,0.12702156706800002,0.0,0.0,0.0,0.0,6.937e-12,3.3544564137e-05,6.937e-12,3.3544564137e-05,0.0,0.0,0.0,0.0,2.6275e-08,0.12705511163213704
mwir_std_solar_scatter,D:\HwaSimIR\HwaSim_IR\Bin\Config\Atmosphere\MODTRAN\raw\audit_mwir_standard_20260906\mwir_std_solar_scatter\MODOUT2.txt,W/(cm^2 sr cm^-1),W/(cm^2 cm^-1),W/(m^2 sr um),W/(m^2 um),value_si=value_native*1e8/(wavelength_um^2),2200.0,4.545454545454546,0.30799451,2.8042e-08,0.13572327999999997,0.0,0.0,0.0,0.0,6.2451e-12,3.0226283999999992e-05,6.2451e-12,3.0226283999999992e-05,0.0,0.0,0.0,0.0,2.8048e-08,0.135753506284
mwir_std_solar_scatter,D:\HwaSimIR\HwaSim_IR\Bin\Config\Atmosphere\MODTRAN\raw\audit_mwir_standard_20260906\mwir_std_solar_scatter\MODOUT2.txt,W/(cm^2 sr cm^-1),W/(cm^2 cm^-1),W/(m^2 sr um),W/(m^2 um),value_si=value_native*1e8/(wavelength_um^2),2201.0,4.543389368468878,0.39274672,2.4674e-08,0.11953075027399998,0.0,0.0,0.0,0.0,7.5298e-12,3.647737064979999e-05,7.5298e-12,3.647737064979999e-05,0.0,0.0,0.0,0.0,2.4681e-08,0.11956722764464978
mwir_std_solar_scatter,D:\HwaSimIR\HwaSim_IR\Bin\Config\Atmosphere\MODTRAN\raw\audit_mwir_standard_20260906\mwir_std_solar_scatter\MODOUT2.txt,W/(cm^2 sr cm^-1),W/(cm^2 cm^-1),W/(m^2 sr um),W/(m^2 um),value_si=value_native*1e8/(wavelength_um^2),2202.0,4.541326067211626,0.37743521,2.4904e-08,0.12075461481599997,0.0,0.0,0.0,0.0,7.2436e-12,3.51227966544e-05,7.2436e-12,3.51227966544e-05,0.0,0.0,0.0,0.0,2.4912e-08,0.12078973761265437
mwir_std_solar_scatter,D:\HwaSimIR\HwaSim_IR\Bin\Config\Atmosphere\MODTRAN\raw\audit_mwir_standard_20260906\mwir_std_solar_scatter\MODOUT2.txt,W/(cm^2 sr cm^-1),W/(cm^2 cm^-1),W/(m^2 sr um),W/(m^2 um),value_si=value_native*1e8/(wavelength_um^2),2203.0,4.5392646391284615,0.29978666,2.7207e-08,0.13204125726299998,0.0,0.0,0.0,0.0,5.8525e-12,2.8403405672499993e-05,5.8525e-12,2.8403405672499993e-05,0.0,0.0,0.0,0.0,2.7213e-08,0.13206966066867248
mwir_std_solar_scatter,D:\HwaSimIR\HwaSim_IR\Bin\Config\Atmosphere\MODTRAN\raw\audit_mwir_standard_20260906\mwir_std_solar_scatter\MODOUT2.txt,W/(cm^2 sr cm^-1),W/(cm^2 cm^-1),W/(m^2 sr um),W/(m^2 um),value_si=value_native*1e8/(wavelength_um^2),2204.0,4.537205081669692,0.28122109,2.7465e-08,0.13341442344,0.0,0.0,0.0,0.0,5.3807e-12,2.61373744112e-05,5.3807e-12,2.61373744112e-05,0.0,0.0,0.0,0.0,2.747e-08,0.13344056081441122
mwir_std_solar_scatter,D:\HwaSimIR\HwaSim_IR\Bin\Config\Atmosphere\MODTRAN\raw\audit_mwir_standard_20260906\mwir_std_solar_scatter\MODOUT2.txt,W/(cm^2 sr cm^-1),W/(cm^2 cm^-1),W/(m^2 sr um),W/(m^2 um),value_si=value_native*1e8/(wavelength_um^2),2205.0,4.535147392290249,0.26273477,2.7997e-08,0.136122113925,0.0,0.0,0.0,0.0,5.2473e-12,2.5512503782500002e-05,5.2473e-12,2.5512503782500002e-05,0.0,0.0,0.0,0.0,2.8002e-08,0.1361476264287825
mwir_std_solar_scatter,D:\HwaSimIR\HwaSim_IR\Bin\Config\Atmosphere\MODTRAN\raw\audit_mwir_standard_20260906\mwir_std_solar_scatter\MODOUT2.txt,W/(cm^2 sr cm^-1),W/(cm^2 cm^-1),W/(m^2 sr um),W/(m^2 um),value_si=value_native*1e8/(wavelength_um^2),2206.0,4.533091568449683,0.26282787,2.7596e-08,0.134294167856,0.0,0.0,0.0,0.0,5.156e-12,2.5091344016000007e-05,5.156e-12,2.5091344016000007e-05,0.0,0.0,0.0,0.0,2.7601e-08,0.134319259200016
mwir_std_solar_scatter,D:\HwaSimIR\HwaSim_IR\Bin\Config\Atmosphere\MODTRAN\raw\audit_mwir_standard_20260906\mwir_std_solar_scatter\MODOUT2.txt,W/(cm^2 sr cm^-1),W/(cm^2 cm^-1),W/(m^2 sr um),W/(m^2 um),value_si=value_native*1e8/(wavelength_um^2),2207.0,4.531037607612143,0.2722182,2.7175e-08,0.132365321575,0.0,0.0,0.0,0.0,5.3221e-12,2.5923145462899998e-05,5.3221e-12,2.5923145462899998e-05,0.0,0.0,0.0,0.0,2.7181e-08,0.1323912447204629
mwir_std_solar_scatter,D:\HwaSimIR\HwaSim_IR\Bin\Config\Atmosphere\MODTRAN\raw\audit_mwir_standard_20260906\mwir_std_solar_scatter\MODOUT2.txt,W/(cm^2 sr cm^-1),W/(cm^2 cm^-1),W/(m^2 sr um),W/(m^2 um),value_si=value_native*1e8/(wavelength_um^2),2208.0,4.528985507246377,0.27513054,2.6637e-08,0.129862407168,0.0,0.0,0.0,0.0,5.2038e-12,2.5369898803199995e-05,5.2038e-12,2.5369898803199995e-05,0.0,0.0,0.0,0.0,2.6642e-08,0.12988777706680318
mwir_std_solar_scatter,D:\HwaSimIR\HwaSim_IR\Bin\Config\Atmosphere\MODTRAN\raw\audit_mwir_standard_20260906\mwir_std_solar_scatter\MODOUT2.txt,W/(cm^2 sr cm^-1),W/(cm^2 cm^-1),W/(m^2 sr um),W/(m^2 um),value_si=value_native*1e8/(wavelength_um^2),2209.0,4.526935264825713,0.24906318,2.7629e-08,0.13482070634899995,0.0,0.0,0.0,0.0,4.714e-12,2.3002816233999997e-05,4.714e-12,2.3002816233999997e-05,0.0,0.0,0.0,0.0,2.7634e-08,0.13484370916523394
mwir_std_solar_scatter,D:\HwaSimIR\HwaSim_IR\Bin\Config\Atmosphere\MODTRAN\raw\audit_mwir_standard_20260906\mwir_std_solar_scatter\MODOUT2.txt,W/(cm^2 sr cm^-1),W/(cm^2 cm^-1),W/(m^2 sr um),W/(m^2 um),value_si=value_native*1e8/(wavelength_um^2),2210.0,4.524886877828054,0.25600037,2.5692e-08,0.1254822972,0.0,0.0,0.0,0.0,4.9257e-12,2.4057611370000002e-05,4.9257e-12,2.4057611370000002e-05,0.0,0.0,0.0,0.0,2.5696e-08,0.12550635481137
mwir_std_solar_scatter,D:\HwaSimIR\HwaSim_IR\Bin\Config\Atmosphere\MODTRAN\raw\audit_mwir_standard_20260906\mwir_std_solar_scatter\MODOUT2.txt,W/(cm^2 sr cm^-1),W/(cm^2 cm^-1),W/(m^2 sr um),W/(m^2 um),value_si=value_native*1e8/(wavelength_um^2),2211.0,4.522840343735866,0.22962613,2.723e-08,0.13311442683000002,0.0,0.0,0.0,0.0,4.3894e-12,2.1457674077400002e-05,4.3894e-12,2.1457674077400002e-05,0.0,0.0,0.0,0.0,2.7235e-08,0.13313588450407743
mwir_std_solar_scatter,D:\HwaSimIR\HwaSim_IR\Bin\Config\Atmosphere\MODTRAN\raw\audit_mwir_standard_20260906\mwir_std_solar_scatter\MODOUT2.txt,W/(cm^2 sr cm^-1),W/(cm^2 cm^-1),W/(m^2 sr um),W/(m^2 um),value_si=value_native*1e8/(wavelength_um^2),2212.0,4.520795660036167,0.2364094,2.739e-08,0.13401773615999996,0.0,0.0,0.0,0.0,4.6644e-12,2.2822647993599997e-05,4.6644e-12,2.2822647993599997e-05,0.0,0.0,0.0,0.0,2.7395e-08,0.13404055880799357
mwir_std_solar_scatter,D:\HwaSimIR\HwaSim_IR\Bin\Config\Atmosphere\MODTRAN\raw\audit_mwir_standard_20260906\mwir_std_solar_scatter\MODOUT2.txt,W/(cm^2 sr cm^-1),W/(cm^2 cm^-1),W/(m^2 sr um),W/(m^2 um),value_si=value_native*1e8/(wavelength_um^2),2213.0,4.518752824220515,0.22149923,2.7626e-08,0.135294715994,0.0,0.0,0.0,0.0,4.3725e-12,2.14137459525e-05,4.3725e-12,2.14137459525e-05,0.0,0.0,0.0,0.0,2.763e-08,0.1353161297399525
mwir_std_solar_scatter,D:\HwaSimIR\HwaSim_IR\Bin\Config\Atmosphere\MODTRAN\raw\audit_mwir_standard_20260906\mwir_std_solar_scatter\MODOUT2.txt,W/(cm^2 sr cm^-1),W/(cm^2 cm^-1),W/(m^2 sr um),W/(m^2 um),value_si=value_native*1e8/(wavelength_um^2),2214.0,4.5167118337850045,0.20384905,2.7978e-08,0.137142448488,0.0,0.0,0.0,0.0,3.9413e-12,1.93194485748e-05,3.9413e-12,1.93194485748e-05,0.0,0.0,0.0,0.0,2.7982e-08,0.1371617679365748
mwir_std_solar_scatter,D:\HwaSimIR\HwaSim_IR\Bin\Config\Atmosphere\MODTRAN\raw\audit_mwir_standard_20260906\mwir_std_solar_scatter\MODOUT2.txt,W/(cm^2 sr cm^-1),W/(cm^2 cm^-1),W/(m^2 sr um),W/(m^2 um),value_si=value_native*1e8/(wavelength_um^2),2215.0,4.514672686230249,0.25857905,2.664e-08,0.13070183399999996,0.0,0.0,0.0,0.0,4.9813e-12,2.44393785925e-05,4.9813e-12,2.44393785925e-05,0.0,0.0,0.0,0.0,2.6645e-08,0.13072627337859247
mwir_std_solar_scatter,D:\HwaSimIR\HwaSim_IR\Bin\Config\Atmosphere\MODTRAN\raw\audit_mwir_standard_20260906\mwir_std_solar_scatter\MODOUT2.txt,W/(cm^2 sr cm^-1),W/(cm^2 cm^-1),W/(m^2 sr um),W/(m^2 um),value_si=value_native*1e8/(wavelength_um^2),2216.0,4.512635379061372,0.2772865,2.6201e-08,0.12866409785599997,0.0,0.0,0.0,0.0,5.2555e-12,2.5807952607999995e-05,5.2555e-12,2.5807952607999995e-05,0.0,0.0,0.0,0.0,2.6206e-08,0.12868990580860798
mwir_std_solar_scatter,D:\HwaSimIR\HwaSim_IR\Bin\Config\Atmosphere\MODTRAN\raw\audit_mwir_standard_20260906\mwir_std_solar_scatter\MODOUT2.txt,W/(cm^2 sr cm^-1),W/(cm^2 cm^-1),W/(m^2 sr um),W/(m^2 um),value_si=value_native*1e8/(wavelength_um^2),2217.0,4.510599909788001,0.26036099,2.6538e-08,0.13043663188200003,0.0,0.0,0.0,0.0,5.0075e-12,2.4612308167500003e-05,5.0075e-12,2.4612308167500003e-05,0.0,0.0,0.0,0.0,2.6543e-08,0.13046124419016752
mwir_std_solar_scatter,D:\HwaSimIR\HwaSim_IR\Bin\Config\Atmosphere\MODTRAN\raw\audit_mwir_standard_20260906\mwir_std_solar_scatter\MODOUT2.txt,W/(cm^2 sr cm^-1),W/(cm^2 cm^-1),W/(m^2 sr um),W/(m^2 um),value_si=value_native*1e8/(wavelength_um^2),2218.0,4.508566275924256,0.19960247,2.7568e-08,0.135621437632,0.0,0.0,0.0,0.0,3.8124e-12,1.8755193297600002e-05,3.8124e-12,1.8755193297600002e-05,0.0,0.0,0.0,0.0,2.7572e-08,0.1356401928252976
mwir_std_solar_scatter,D:\HwaSimIR\HwaSim_IR\Bin\Config\Atmosphere\MODTRAN\raw\audit_mwir_standard_20260906\mwir_std_solar_scatter\MODOUT2.txt,W/(cm^2 sr cm^-1),W/(cm^2 cm^-1),W/(m^2 sr um),W/(m^2 um),value_si=value_native*1e8/(wavelength_um^2),2219.0,4.506534474988734,0.17930321,2.6931e-08,0.132607193691,0.0,0.0,0.0,0.0,3.7084e-12,1.8260016972399995e-05,3.7084e-12,1.8260016972399995e-05,0.0,0.0,0.0,0.0,2.6935e-08,0.13262545370797238
mwir_std_solar_scatter,D:\HwaSimIR\HwaSim_IR\Bin\Config\Atmosphere\MODTRAN\raw\audit_mwir_standard_20260906\mwir_std_solar_scatter\MODOUT2.txt,W/(cm^2 sr cm^-1),W/(cm^2 cm^-1),W/(m^2 sr um),W/(m^2 um),value_si=value_native*1e8/(wavelength_um^2),2220.0,4.504504504504505,0.2196836,2.7761e-08,0.13681731239999997,0.0,0.0,0.0,0.0,4.1622e-12,2.051298648e-05,4.1622e-12,2.051298648e-05,0.0,0.0,0.0,0.0,2.7765e-08,0.13683782538647998
mwir_std_solar_scatter,D:\HwaSimIR\HwaSim_IR\Bin\Config\Atmosphere\MODTRAN\raw\audit_mwir_standard_20260906\mwir_std_solar_scatter\MODOUT2.txt,W/(cm^2 sr cm^-1),W/(cm^2 cm^-1),W/(m^2 sr um),W/(m^2 um),value_si=value_native*1e8/(wavelength_um^2),2221.0,4.5024763619991,0.31020796,2.5421e-08,0.12539775106099998,0.0,0.0,0.0,0.0,5.9672e-12,2.94352488152e-05,5.9672e-12,2.94352488152e-05,0.0,0.0,0.0,0.0,2.5427e-08,0.1254271863098152
mwir_std_solar_scatter,D:\HwaSimIR\HwaSim_IR\Bin\Config\Atmosphere\MODTRAN\raw\audit_mwir_standard_20260906\mwir_std_solar_scatter\MODOUT2.txt,W/(cm^2 sr cm^-1),W/(cm^2 cm^-1),W/(m^2 sr um),W/(m^2 um),value_si=value_native*1e8/(wavelength_um^2),2222.0,4.5004500450045,0.39263356,2.3858e-08,0.117793721672,0.0,0.0,0.0,0.0,7.938e-12,3.9192160392e-05,7.938e-12,3.9192160392e-05,0.0,0.0,0.0,0.0,2.3866e-08,0.117832913832392
mwir_std_solar_scatter,D:\HwaSimIR\HwaSim_IR\Bin\Config\Atmosphere\MODTRAN\raw\audit_mwir_standard_20260906\mwir_std_solar_scatter\MODOUT2.txt,W/(cm^2 sr cm^-1),W/(cm^2 cm^-1),W/(m^2 sr um),W/(m^2 um),value_si=value_native*1e8/(wavelength_um^2),2223.0,4.49842555105713,0.39255041,2.4105e-08,0.11912037754500002,0.0,0.0,0.0,0.0,7.7132e-12,3.8116544122800005e-05,7.7132e-12,3.8116544122800005e-05,0.0,0.0,0.0,0.0,2.4112e-08,0.11915849408912281
mwir_std_solar_scatter,D:\HwaSimIR\HwaSim_IR\Bin\Config\Atmosphere\MODTRAN\raw\audit_mwir_standard_20260906\mwir_std_solar_scatter\MODOUT2.txt,W/(cm^2 sr cm^-1),W/(cm^2 cm^-1),W/(m^2 sr um),W/(m^2 um),value_si=value_native*1e8/(wavelength_um^2),2224.0,4.496402877697841,0.51056379,2.1546e-08,0.10657030809600002,0.0,0.0,0.0,0.0,1.0229e-11,5.059443430400001e-05,1.0229e-11,5.059443430400001e-05,0.0,0.0,0.0,0.0,2.1556e-08,0.10662090253030401
mwir_std_solar_scatter,D:\HwaSimIR\HwaSim_IR\Bin\Config\Atmosphere\MODTRAN\raw\audit_mwir_standard_20260906\mwir_std_solar_scatter\MODOUT2.txt,W/(cm^2 sr cm^-1),W/(cm^2 cm^-1),W/(m^2 sr um),W/(m^2 um),value_si=value_native*1e8/(wavelength_um^2),2225.0,4.49438202247191,0.28897601,2.5944e-08,0.128439015,0.0,0.0,0.0,0.0,5.8314e-12,2.8869074624999997e-05,5.8314e-12,2.8869074624999997e-05,0.0,0.0,0.0,0.0,2.595e-08,0.12846788407462498
mwir_std_solar_scatter,D:\HwaSimIR\HwaSim_IR\Bin\Config\Atmosphere\MODTRAN\raw\audit_mwir_standard_20260906\mwir_std_solar_scatter\MODOUT2.txt,W/(cm^2 sr cm^-1),W/(cm^2 cm^-1),W/(m^2 sr um),W/(m^2 um),value_si=value_native*1e8/(wavelength_um^2),2226.0,4.492362982929021,0.26453432,2.6306e-08,0.130348229256,0.0,0.0,0.0,0.0,5.3015e-12,2.6269335414e-05,5.3015e-12,2.6269335414e-05,0.0,0.0,0.0,0.0,2.6312e-08,0.130374498591414
mwir_std_solar_scatter,D:\HwaSimIR\HwaSim_IR\Bin\Config\Atmosphere\MODTRAN\raw\audit_mwir_standard_20260906\mwir_std_solar_scatter\MODOUT2.txt,W/(cm^2 sr cm^-1),W/(cm^2 cm^-1),W/(m^2 sr um),W/(m^2 um),value_si=value_native*1e8/(wavelength_um^2),2227.0,4.49034575662326,0.30346808,2.5408e-08,0.12601171283200002,0.0,0.0,0.0,0.0,6.0892e-12,3.0199563986800007e-05,6.0892e-12,3.0199563986800007e-05,0.0,0.0,0.0,0.0,2.5415e-08,0.12604191239598683
mwir_std_solar_scatter,D:\HwaSimIR\HwaSim_IR\Bin\Config\Atmosphere\MODTRAN\raw\audit_mwir_standard_20260906\mwir_std_solar_scatter\MODOUT2.txt,W/(cm^2 sr cm^-1),W/(cm^2 cm^-1),W/(m^2 sr um),W/(m^2 um),value_si=value_native*1e8/(wavelength_um^2),2228.0,4.488330341113106,0.1743848,2.783e-08,0.13814767472,0.0,0.0,0.0,0.0,3.57e-12,1.7721422879999998e-05,3.57e-12,1.7721422879999998e-05,0.0,0.0,0.0,0.0,2.7834e-08,0.13816539614288
mwir_std_solar_scatter,D:\HwaSimIR\HwaSim_IR\Bin\Config\Atmosphere\MODTRAN\raw\audit_mwir_standard_20260906\mwir_std_solar_scatter\MODOUT2.txt,W/(cm^2 sr cm^-1),W/(cm^2 cm^-1),W/(m^2 sr um),W/(m^2 um),value_si=value_native*1e8/(wavelength_um^2),2229.0,4.486316733961417,0.11169221,2.62e-08,0.13017315420000003,0.0,0.0,0.0,0.0,2.4872e-12,1.2357506455200001e-05,2.4872e-12,1.2357506455200001e-05,0.0,0.0,0.0,0.0,2.6202e-08,0.13018551170645523
mwir_std_solar_scatter,D:\HwaSimIR\HwaSim_IR\Bin\Config\Atmosphere\MODTRAN\raw\audit_mwir_standard_20260906\mwir_std_solar_scatter\MODOUT2.txt,W/(cm^2 sr cm^-1),W/(cm^2 cm^-1),W/(m^2 sr um),W/(m^2 um),value_si=value_native*1e8/(wavelength_um^2),2230.0,4.484304932735426,0.15651418,2.7224e-08,0.13538222960000001,0.0,0.0,0.0,0.0,3.1331e-12,1.5580592990000002e-05,3.1331e-12,1.5580592990000002e-05,0.0,0.0,0.0,0.0,2.7227e-08,0.13539781019299002
mwir_std_solar_scatter,D:\HwaSimIR\HwaSim_IR\Bin\Config\Atmosphere\MODTRAN\raw\audit_mwir_standard_20260906\mwir_std_solar_scatter\MODOUT2.txt,W/(cm^2 sr cm^-1),W/(cm^2 cm^-1),W/(m^2 sr um),W/(m^2 um),value_si=value_native*1e8/(wavelength_um^2),2231.0,4.482294935006723,0.12281071,2.7507e-08,0.13691226902700004,0.0,0.0,0.0,0.0,2.7783e-12,1.3828602066300004e-05,2.7783e-12,1.3828602066300004e-05,0.0,0.0,0.0,0.0,2.751e-08,0.13692609762906635
mwir_std_solar_scatter,D:\HwaSimIR\HwaSim_IR\Bin\Config\Atmosphere\MODTRAN\raw\audit_mwir_standard_20260906\mwir_std_solar_scatter\MODOUT2.txt,W/(cm^2 sr cm^-1),W/(cm^2 cm^-1),W/(m^2 sr um),W/(m^2 um),value_si=value_native*1e8/(wavelength_um^2),2232.0,4.480286738351254,0.10575607,2.703e-08,0.13465870272000002,0.0,0.0,0.0,0.0,2.2547e-12,1.12325185728e-05,2.2547e-12,1.12325185728e-05,0.0,0.0,0.0,0.0,2.7032e-08,0.13466993523857282
mwir_std_solar_scatter,D:\HwaSimIR\HwaSim_IR\Bin\Config\Atmosphere\MODTRAN\raw\audit_mwir_standard_20260906\mwir_std_solar_scatter\MODOUT2.txt,W/(cm^2 sr cm^-1),W/(cm^2 cm^-1),W/(m^2 sr um),W/(m^2 um),value_si=value_native*1e8/(wavelength_um^2),2233.0,4.478280340349306,0.08082881,2.5307e-08,0.126188015723,0.0,0.0,0.0,0.0,1.8622e-12,9.2854673758e-06,1.8622e-12,9.2854673758e-06,0.0,0.0,0.0,0.0,2.5309e-08,0.1261973011903758
mwir_std_solar_scatter,D:\HwaSimIR\HwaSim_IR\Bin\Config\Atmosphere\MODTRAN\raw\audit_mwir_standard_20260906\mwir_std_solar_scatter\MODOUT2.txt,W/(cm^2 sr cm^-1),W/(cm^2 cm^-1),W/(m^2 sr um),W/(m^2 um),value_si=value_native*1e8/(wavelength_um^2),2234.0,4.476275738585497,0.14149231,2.7303e-08,0.136262611068,0.0,0.0,0.0,0.0,3.0089e-12,1.5016685728399998e-05,3.0089e-12,1.5016685728399998e-05,0.0,0.0,0.0,0.0,2.7306e-08,0.1362776277537284
mwir_std_solar_scatter,D:\HwaSimIR\HwaSim_IR\Bin\Config\Atmosphere\MODTRAN\raw\audit_mwir_standard_20260906\mwir_std_solar_scatter\MODOUT2.txt,W/(cm^2 sr cm^-1),W/(cm^2 cm^-1),W/(m^2 sr um),W/(m^2 um),value_si=value_native*1e8/(wavelength_um^2),2235.0,4.47427293064877,0.06821129,2.4908e-08,0.1244210643,0.0,0.0,0.0,0.0,1.6468e-12,8.22613653e-06,1.6468e-12,8.22613653e-06,0.0,0.0,0.0,0.0,2.491e-08,0.12442929043652999
mwir_std_solar_scatter,D:\HwaSimIR\HwaSim_IR\Bin\Config\Atmosphere\MODTRAN\raw\audit_mwir_standard_20260906\mwir_std_solar_scatter\MODOUT2.txt,W/(cm^2 sr cm^-1),W/(cm^2 cm^-1),W/(m^2 sr um),W/(m^2 um),value_si=value_native*1e8/(wavelength_um^2),2236.0,4.47227191413238,0.09990367,2.642e-08,0.13209196831999998,0.0,0.0,0.0,0.0,2.2569e-12,1.1283813902399997e-05,2.2569e-12,1.1283813902399997e-05,0.0,0.0,0.0,0.0,2.6423e-08,0.13210325213390237
mwir_std_solar_scatter,D:\HwaSimIR\HwaSim_IR\Bin\Config\Atmosphere\MODTRAN\raw\audit_mwir_standard_20260906\mwir_std_solar_scatter\MODOUT2.txt,W/(cm^2 sr cm^-1),W/(cm^2 cm^-1),W/(m^2 sr um),W/(m^2 um),value_si=value_native*1e8/(wavelength_um^2),2237.0,4.470272686633884,0.06464101,2.5788e-08,0.129047510172,0.0,0.0,0.0,0.0,1.6597e-12,8.3054192893e-06,1.6597e-12,8.3054192893e-06,0.0,0.0,0.0,0.0,2.579e-08,0.1290558155912893
mwir_std_solar_scatter,D:\HwaSimIR\HwaSim_IR\Bin\Config\Atmosphere\MODTRAN\raw\audit_mwir_standard_20260906\mwir_std_solar_scatter\MODOUT2.txt,W/(cm^2 sr cm^-1),W/(cm^2 cm^-1),W/(m^2 sr um),W/(m^2 um),value_si=value_native*1e8/(wavelength_um^2),2238.0,4.468275245755138,0.07256054,2.4936e-08,0.124895546784,0.0,0.0,0.0,0.0,1.764e-12,8.835248016000001e-06,1.764e-12,8.835248016000001e-06,0.0,0.0,0.0,0.0,2.4938e-08,0.124904382032016
mwir_std_solar_scatter,D:\HwaSimIR\HwaSim_IR\Bin\Config\Atmosphere\MODTRAN\raw\audit_mwir_standard_20260906\mwir_std_solar_scatter\MODOUT2.txt,W/(cm^2 sr cm^-1),W/(cm^2 cm^-1),W/(m^2 sr um),W/(m^2 um),value_si=value_native*1e8/(wavelength_um^2),2239.0,4.466279589102278,0.05451492,2.5178e-08,0.12622036053799995,0.0,0.0,0.0,0.0,1.48e-12,7.419419079999998e-06,1.48e-12,7.419419079999998e-06,0.0,0.0,0.0,0.0,2.518e-08,0.12622777995707996
mwir_std_solar_scatter,D:\HwaSimIR\HwaSim_IR\Bin\Config\Atmosphere\MODTRAN\raw\audit_mwir_standard_20260906\mwir_std_solar_scatter\MODOUT2.txt,W/(cm^2 sr cm^-1),W/(cm^2 cm^-1),W/(m^2 sr um),W/(m^2 um),value_si=value_native*1e8/(wavelength_um^2),2240.0,4.464285714285714,0.06889246,2.5316e-08,0.1270255616,0.0,0.0,0.0,0.0,1.7581e-12,8.821442559999998e-06,1.7581e-12,8.821442559999998e-06,0.0,0.0,0.0,0.0,2.5318e-08,0.12703438304256
mwir_std_solar_scatter,D:\HwaSimIR\HwaSim_IR\Bin\Config\Atmosphere\MODTRAN\raw\audit_mwir_standard_20260906\mwir_std_solar_scatter\MODOUT2.txt,W/(cm^2 sr cm^-1),W/(cm^2 cm^-1),W/(m^2 sr um),W/(m^2 um),value_si=value_native*1e8/(wavelength_um^2),2241.0,4.462293618920125,0.05161539,2.6643e-08,0.133803304083,0.0,0.0,0.0,0.0,1.2843e-12,6.449858628300001e-06,1.2843e-12,6.449858628300001e-06,0.0,0.0,0.0,0.0,2.6644e-08,0.1338097539416283
mwir_std_solar_scatter,D:\HwaSimIR\HwaSim_IR\Bin\Config\Atmosphere\MODTRAN\raw\audit_mwir_standard_20260906\mwir_std_solar_scatter\MODOUT2.txt,W/(cm^2 sr cm^-1),W/(cm^2 cm^-1),W/(m^2 sr um),W/(m^2 um),value_si=value_native*1e8/(wavelength_um^2),2242.0,4.460303300624442,0.05116271,2.3959e-08,0.12043144687600002,0.0,0.0,0.0,0.0,1.3812e-12,6.9426901968000015e-06,1.3812e-12,6.9426901968000015e-06,0.0,0.0,0.0,0.0,2.3961e-08,0.12043838956619682
mwir_std_solar_scatter,D:\HwaSimIR\HwaSim_IR\Bin\Config\Atmosphere\MODTRAN\raw\audit_mwir_standard_20260906\mwir_std_solar_scatter\MODOUT2.txt,W/(cm^2 sr cm^-1),W/(cm^2 cm^-1),W/(m^2 sr um),W/(m^2 um),value_si=value_native*1e8/(wavelength_um^2),2243.0,4.458314757021846,0.05502401,2.6517e-08,0.13340832633299998,0.0,0.0,0.0,0.0,1.5604e-12,7.850448859599999e-06,1.5604e-12,7.850448859599999e-06,0.0,0.0,0.0,0.0,2.6518e-08,0.13341617678185957
mwir_std_solar_scatter,D:\HwaSimIR\HwaSim_IR\Bin\Config\Atmosphere\MODTRAN\raw\audit_mwir_standard_20260906\mwir_std_solar_scatter\MODOUT2.txt,W/(cm^2 sr cm^-1),W/(cm^2 cm^-1),W/(m^2 sr um),W/(m^2 um),value_si=value_native*1e8/(wavelength_um^2),2244.0,4.45632798573975,0.04366296,2.3585e-08,0.11876311656,0.0,0.0,0.0,0.0,1.2333e-12,6.210326548800001e-06,1.2333e-12,6.210326548800001e-06,0.0,0.0,0.0,0.0,2.3586e-08,0.1187693268865488
mwir_std_solar_scatter,D:\HwaSimIR\HwaSim_IR\Bin\Config\Atmosphere\MODTRAN\raw\audit_mwir_standard_20260906\mwir_std_solar_scatter\MODOUT2.txt,W/(cm^2 sr cm^-1),W/(cm^2 cm^-1),W/(m^2 sr um),W/(m^2 um),value_si=value_native*1e8/(wavelength_um^2),2245.0,4.4543429844097995,0.05884103,2.6196e-08,0.1320284949,0.0,0.0,0.0,0.0,1.6943e-12,8.539314357500001e-06,1.6943e-12,8.539314357500001e-06,0.0,0.0,0.0,0.0,2.6197e-08,0.13203703421435747
mwir_std_solar_scatter,D:\HwaSimIR\HwaSim_IR\Bin\Config\Atmosphere\MODTRAN\raw\audit_mwir_standard_20260906\mwir_std_solar_scatter\MODOUT2.txt,W/(cm^2 sr cm^-1),W/(cm^2 cm^-1),W/(m^2 sr um),W/(m^2 um),value_si=value_native*1e8/(wavelength_um^2),2246.0,4.452359750667854,0.04583781,2.3732e-08,0.11971645371200003,0.0,0.0,0.0,0.0,1.2919e-12,6.517010220400001e-06,1.2919e-12,6.517010220400001e-06,0.0,0.0,0.0,0.0,2.3733e-08,0.11972297072222043
mwir_std_solar_scatter,D:\HwaSimIR\HwaSim_IR\Bin\Config\Atmosphere\MODTRAN\raw\audit_mwir_standard_20260906\mwir_std_solar_scatter\MODOUT2.txt,W/(cm^2 sr cm^-1),W/(cm^2 cm^-1),W/(m^2 sr um),W/(m^2 um),value_si=value_native*1e8/(wavelength_um^2),2247.0,4.4503782821539835,0.0661051,2.6045e-08,0.13150143940499998,0.0,0.0,0.0,0.0,1.9767e-12,9.980376090299998e-06,1.9767e-12,9.980376090299998e-06,0.0,0.0,0.0,0.0,2.6047e-08,0.13151141978109027
mwir_std_solar_scatter,D:\HwaSimIR\HwaSim_IR\Bin\Config\Atmosphere\MODTRAN\raw\audit_mwir_standard_20260906\mwir_std_solar_scatter\MODOUT2.txt,W/(cm^2 sr cm^-1),W/(cm^2 cm^-1),W/(m^2 sr um),W/(m^2 um),value_si=value_native*1e8/(wavelength_um^2),2248.0,4.448398576512456,0.04423382,2.3544e-08,0.11897969817599999,0.0,0.0,0.0,0.0,1.1804e-12,5.9651561216000005e-06,1.1804e-12,5.9651561216000005e-06,0.0,0.0,0.0,0.0,2.3545e-08,0.11898566333212159
mwir_std_solar_scatter,D:\HwaSimIR\HwaSim_IR\Bin\Config\Atmosphere\MODTRAN\raw\audit_mwir_standard_20260906\mwir_std_solar_scatter\MODOUT2.txt,W/(cm^2 sr cm^-1),W/(cm^2 cm^-1),W/(m^2 sr um),W/(m^2 um),value_si=value_native*1e8/(wavelength_um^2),2249.0,4.44642063139173,0.04473461,2.4758e-08,0.12522598875799998,0.0,0.0,0.0,0.0,1.368e-12,6.9193453679999985e-06,1.368e-12,6.9193453679999985e-06,0.0,0.0,0.0,0.0,2.4759e-08,0.12523290810336798
mwir_std_solar_scatter,D:\HwaSimIR\HwaSim_IR\Bin\Config\Atmosphere\MODTRAN\raw\audit_mwir_standard_20260906\mwir_std_solar_scatter\MODOUT2.txt,W/(cm^2 sr cm^-1),W/(cm^2 cm^-1),W/(m^2 sr um),W/(m^2 um),value_si=value_native*1e8/(wavelength_um^2),2250.0,4.444444444444445,0.01914772,2.1897e-08,0.1108535625,0.0,0.0,0.0,0.0,5.8048e-13,2.9386799999999994e-06,5.8048e-13,2.9386799999999994e-06,0.0,0.0,0.0,0.0,2.1898e-08,0.11085650118
mwir_std_solar_scatter,D:\HwaSimIR\HwaSim_IR\Bin\Config\Atmosphere\MODTRAN\raw\audit_mwir_standard_20260906\mwir_std_solar_scatter\MODOUT2.txt,W/(cm^2 sr cm^-1),W/(cm^2 cm^-1),W/(m^2 sr um),W/(m^2 um),value_si=value_native*1e8/(wavelength_um^2),2251.0,4.44247001332741,0.05059044,2.5581e-08,0.12961895258099998,0.0,0.0,0.0,0.0,1.5754e-12,7.982553375399998e-06,1.5754e-12,7.982553375399998e-06,0.0,0.0,0.0,0.0,2.5583e-08,0.12962693513437537
mwir_std_solar_scatter,D:\HwaSimIR\HwaSim_IR\Bin\Config\Atmosphere\MODTRAN\raw\audit_mwir_standard_20260906\mwir_std_solar_scatter\MODOUT2.txt,W/(cm^2 sr cm^-1),W/(cm^2 cm^-1),W/(m^2 sr um),W/(m^2 um),value_si=value_native*1e8/(wavelength_um^2),2252.0,4.440497335701599,0.01403664,2.1138e-08,0.10720145155199999,0.0,0.0,0.0,0.0,4.979e-13,2.5251018416e-06,4.979e-13,2.5251018416e-06,0.0,0.0,0.0,0.0,2.1139e-08,0.10720397665384158
mwir_std_solar_scatter,D:\HwaSimIR\HwaSim_IR\Bin\Config\Atmosphere\MODTRAN\raw\audit_mwir_standard_20260906\mwir_std_solar_scatter\MODOUT2.txt,W/(cm^2 sr cm^-1),W/(cm^2 cm^-1),W/(m^2 sr um),W/(m^2 um),value_si=value_native*1e8/(wavelength_um^2),2253.0,4.438526409232135,0.03217949,2.4341e-08,0.123555135069,0.0,0.0,0.0,0.0,1.0827e-12,5.4957949443e-06,1.0827e-12,5.4957949443e-06,0.0,0.0,0.0,0.0,2.4342e-08,0.1235606308639443
mwir_std_solar_scatter,D:\HwaSimIR\HwaSim_IR\Bin\Config\Atmosphere\MODTRAN\raw\audit_mwir_standard_20260906\mwir_std_solar_scatter\MODOUT2.txt,W/(cm^2 sr cm^-1),W/(cm^2 cm^-1),W/(m^2 sr um),W/(m^2 um),value_si=value_native*1e8/(wavelength_um^2),2254.0,4.436557231588288,0.01096979,2.0738e-08,0.105359740808,0.0,0.0,0.0,0.0,3.8122e-13,1.9367943095199997e-06,3.8122e-13,1.9367943095199997e-06,0.0,0.0,0.0,0.0,2.0738e-08,0.10536167760230951
mwir_std_solar_scatter,D:\HwaSimIR\HwaSim_IR\Bin\Config\Atmosphere\MODTRAN\raw\audit_mwir_standard_20260906\mwir_std_solar_scatter\MODOUT2.txt,W/(cm^2 sr cm^-1),W/(cm^2 cm^-1),W/(m^2 sr um),W/(m^2 um),value_si=value_native*1e8/(wavelength_um^2),2255.0,4.434589800443459,0.00809398,2.185e-08,0.11110779625,0.0,0.0,0.0,0.0,1.4738e-13,7.494309845000001e-07,1.4738e-13,7.494309845000001e-07,0.0,0.0,0.0,0.0,2.185e-08,0.11110854568098451
mwir_std_solar_scatter,D:\HwaSimIR\HwaSim_IR\Bin\Config\Atmosphere\MODTRAN\raw\audit_mwir_standard_20260906\mwir_std_solar_scatter\MODOUT2.txt,W/(cm^2 sr cm^-1),W/(cm^2 cm^-1),W/(m^2 sr um),W/(m^2 um),value_si=value_native*1e8/(wavelength_um^2),2256.0,4.432624113475177,0.01701905,2.1792e-08,0.110911168512,0.0,0.0,0.0,0.0,5.7599e-13,2.9315218406399993e-06,5.7599e-13,2.9315218406399993e-06,0.0,0.0,0.0,0.0,2.1792e-08,0.11091410003384064
mwir_std_solar_scatter,D:\HwaSimIR\HwaSim_IR\Bin\Config\Atmosphere\MODTRAN\raw\audit_mwir_standard_20260906\mwir_std_solar_scatter\MODOUT2.txt,W/(cm^2 sr cm^-1),W/(cm^2 cm^-1),W/(m^2 sr um),W/(m^2 um),value_si=value_native*1e8/(wavelength_um^2),2257.0,4.430660168365087,0.00154252,2.0765e-08,0.10577792748499999,0.0,0.0,0.0,0.0,8.1993e-14,4.1767635965699993e-07,8.1993e-14,4.1767635965699993e-07,0.0,0.0,0.0,0.0,2.0766e-08,0.10577834516135964
mwir_std_solar_scatter,D:\HwaSimIR\HwaSim_IR\Bin\Config\Atmosphere\MODTRAN\raw\audit_mwir_standard_20260906\mwir_std_solar_scatter\MODOUT2.txt,W/(cm^2 sr cm^-1),W/(cm^2 cm^-1),W/(m^2 sr um),W/(m^2 um),value_si=value_native*1e8/(wavelength_um^2),2258.0,4.428697962798937,0.01379338,2.1673e-08,0.110501177572,0.0,0.0,0.0,0.0,4.8727e-13,2.48437728028e-06,4.8727e-13,2.48437728028e-06,0.0,0.0,0.0,0.0,2.1674e-08,0.11050366194928027
mwir_std_solar_scatter,D:\HwaSimIR\HwaSim_IR\Bin\Config\Atmosphere\MODTRAN\raw\audit_mwir_standard_20260906\mwir_std_solar_scatter\MODOUT2.txt,W/(cm^2 sr cm^-1),W/(cm^2 cm^-1),W/(m^2 sr um),W/(m^2 um),value_si=value_native*1e8/(wavelength_um^2),2259.0,4.426737494466578,0.00545269,2.0015e-08,0.102138166215,0.0,0.0,0.0,0.0,2.4745e-13,1.2627573934500002e-06,2.4745e-13,1.2627573934500002e-06,0.0,0.0,0.0,0.0,2.0016e-08,0.10213942897239346
mwir_std_solar_scatter,D:\HwaSimIR\HwaSim_IR\Bin\Config\Atmosphere\MODTRAN\raw\audit_mwir_standard_20260906\mwir_std_solar_scatter\MODOUT2.txt,W/(cm^2 sr cm^-1),W/(cm^2 cm^-1),W/(m^2 sr um),W/(m^2 um),value_si=value_native*1e8/(wavelength_um^2),2260.0,4.424778761061947,0.00064237,1.9588e-08,0.1000476688,0.0,0.0,0.0,0.0,4.7499e-14,2.4260589240000003e-07,4.7499e-14,2.4260589240000003e-07,0.0,0.0,0.0,0.0,1.9588e-08,0.1000479114058924
mwir_std_solar_scatter,D:\HwaSimIR\HwaSim_IR\Bin\Config\Atmosphere\MODTRAN\raw\audit_mwir_standard_20260906\mwir_std_solar_scatter\MODOUT2.txt,W/(cm^2 sr cm^-1),W/(cm^2 cm^-1),W/(m^2 sr um),W/(m^2 um),value_si=value_native*1e8/(wavelength_um^2),2261.0,4.42282176028306,0.00252368,1.8763e-08,0.095918726323,0.0,0.0,0.0,0.0,1.386e-13,7.085399706e-07,1.386e-13,7.085399706e-07,0.0,0.0,0.0,0.0,1.8763e-08,0.0959194348629706
mwir_std_solar_scatter,D:\HwaSimIR\HwaSim_IR\Bin\Config\Atmosphere\MODTRAN\raw\audit_mwir_standard_20260906\mwir_std_solar_scatter\MODOUT2.txt,W/(cm^2 sr cm^-1),W/(cm^2 cm^-1),W/(m^2 sr um),W/(m^2 um),value_si=value_native*1e8/(wavelength_um^2),2262.0,4.420866489832007,0.00651721,2.131e-08,0.10903568364,0.0,0.0,0.0,0.0,3.8279e-13,1.95860015676e-06,3.8279e-13,1.95860015676e-06,0.0,0.0,0.0,0.0,2.131e-08,0.10903764224015676
mwir_std_solar_scatter,D:\HwaSimIR\HwaSim_IR\Bin\Config\Atmosphere\MODTRAN\raw\audit_mwir_standard_20260906\mwir_std_solar_scatter\MODOUT2.txt,W/(cm^2 sr cm^-1),W/(cm^2 cm^-1),W/(m^2 sr um),W/(m^2 um),value_si=value_native*1e8/(wavelength_um^2),2263.0,4.418912947414936,0.00016906,1.6902e-08,0.08655799843800002,0.0,0.0,0.0,0.0,3.5958e-14,1.8414699490200003e-07,3.5958e-14,1.8414699490200003e-07,0.0,0.0,0.0,0.0,1.6902e-08,0.08655818258499492
mwir_std_solar_scatter,D:\HwaSimIR\HwaSim_IR\Bin\Config\Atmosphere\MODTRAN\raw\audit_mwir_standard_20260906\mwir_std_solar_scatter\MODOUT2.txt,W/(cm^2 sr cm^-1),W/(cm^2 cm^-1),W/(m^2 sr um),W/(m^2 um),value_si=value_native*1e8/(wavelength_um^2),2264.0,4.41696113074205,0.00395961,2.0874e-08,0.10699377830399996,0.0,0.0,0.0,0.0,2.9272e-13,1.5003937331199997e-06,2.9272e-13,1.5003937331199997e-06,0.0,0.0,0.0,0.0,2.0874e-08,0.10699527869773308
mwir_std_solar_scatter,D:\HwaSimIR\HwaSim_IR\Bin\Config\Atmosphere\MODTRAN\raw\audit_mwir_standard_20260906\mwir_std_solar_scatter\MODOUT2.txt,W/(cm^2 sr cm^-1),W/(cm^2 cm^-1),W/(m^2 sr um),W/(m^2 um),value_si=value_native*1e8/(wavelength_um^2),2265.0,4.415011037527594,2.386e-05,1.6007e-08,0.08211951157499998,0.0,0.0,0.0,0.0,1.1797e-14,6.052126432499999e-08,1.1797e-14,6.052126432499999e-08,0.0,0.0,0.0,0.0,1.6007e-08,0.0821195720962643
mwir_std_solar_scatter,D:\HwaSimIR\HwaSim_IR\Bin\Config\Atmosphere\MODTRAN\raw\audit_mwir_standard_20260906\mwir_std_solar_scatter\MODOUT2.txt,W/(cm^2 sr cm^-1),W/(cm^2 cm^-1),W/(m^2 sr um),W/(m^2 um),value_si=value_native*1e8/(wavelength_um^2),2266.0,4.41306266548985,0.00279517,2.0181e-08,0.10362451083600001,0.0,0.0,0.0,0.0,2.4209e-13,1.24307308004e-06,2.4209e-13,1.24307308004e-06,0.0,0.0,0.0,0.0,2.0182e-08,0.10362575390908005
mwir_std_solar_scatter,D:\HwaSimIR\HwaSim_IR\Bin\Config\Atmosphere\MODTRAN\raw\audit_mwir_standard_20260906\mwir_std_solar_scatter\MODOUT2.txt,W/(cm^2 sr cm^-1),W/(cm^2 cm^-1),W/(m^2 sr um),W/(m^2 um),value_si=value_native*1e8/(wavelength_um^2),2267.0,4.411116012351125,0.00021576,1.6674e-08,0.08569250478599998,0.0,0.0,0.0,0.0,3.6502e-14,1.8759432707799996e-07,3.6502e-14,1.8759432707799996e-07,0.0,0.0,0.0,0.0,1.6674e-08,0.08569269238032705
mwir_std_solar_scatter,D:\HwaSimIR\HwaSim_IR\Bin\Config\Atmosphere\MODTRAN\raw\audit_mwir_standard_20260906\mwir_std_solar_scatter\MODOUT2.txt,W/(cm^2 sr cm^-1),W/(cm^2 cm^-1),W/(m^2 sr um),W/(m^2 um),value_si=value_native*1e8/(wavelength_um^2),2268.0,4.409171075837743,0.00063707,1.8608e-08,0.09571627699199997,0.0,0.0,0.0,0.0,6.3256e-14,3.2537773094399995e-07,6.3256e-14,3.2537773094399995e-07,0.0,0.0,0.0,0.0,1.8608e-08,0.09571660236973091
mwir_std_solar_scatter,D:\HwaSimIR\HwaSim_IR\Bin\Config\Atmosphere\MODTRAN\raw\audit_mwir_standard_20260906\mwir_std_solar_scatter\MODOUT2.txt,W/(cm^2 sr cm^-1),W/(cm^2 cm^-1),W/(m^2 sr um),W/(m^2 um),value_si=value_native*1e8/(wavelength_um^2),2269.0,4.407227853680035,0.00115469,1.7751e-08,0.09138855611100002,0.0,0.0,0.0,0.0,8.6661e-14,4.461621126210001e-07,8.6661e-14,4.461621126210001e-07,0.0,0.0,0.0,0.0,1.7751e-08,0.09138900227311264
mwir_std_solar_scatter,D:\HwaSimIR\HwaSim_IR\Bin\Config\Atmosphere\MODTRAN\raw\audit_mwir_standard_20260906\mwir_std_solar_scatter\MODOUT2.txt,W/(cm^2 sr cm^-1),W/(cm^2 cm^-1),W/(m^2 sr um),W/(m^2 um),value_si=value_native*1e8/(wavelength_um^2),2270.0,4.405286343612334,0.00026265,1.6474e-08,0.08488887460000001,0.0,0.0,0.0,0.0,3.6982e-14,1.9056454780000002e-07,3.6982e-14,1.9056454780000002e-07,0.0,0.0,0.0,0.0,1.6474e-08,0.0848890651645478
mwir_std_solar_scatter,D:\HwaSimIR\HwaSim_IR\Bin\Config\Atmosphere\MODTRAN\raw\audit_mwir_standard_20260906\mwir_std_solar_scatter\MODOUT2.txt,W/(cm^2 sr cm^-1),W/(cm^2 cm^-1),W/(m^2 sr um),W/(m^2 um),value_si=value_native*1e8/(wavelength_um^2),2271.0,4.4033465433729635,0.00093119,1.8607e-08,0.095964504687,0.0,0.0,0.0,0.0,1.2177e-13,6.2802159057e-07,1.2177e-13,6.2802159057e-07,0.0,0.0,0.0,0.0,1.8607e-08,0.09596513270859057
mwir_std_solar_scatter,D:\HwaSimIR\HwaSim_IR\Bin\Config\Atmosphere\MODTRAN\raw\audit_mwir_standard_20260906\mwir_std_solar_scatter\MODOUT2.txt,W/(cm^2 sr cm^-1),W/(cm^2 cm^-1),W/(m^2 sr um),W/(m^2 um),value_si=value_native*1e8/(wavelength_um^2),2272.0,4.401408450704225,2.86e-06,1.5148e-08,0.07819373363200001,0.0,0.0,0.0,0.0,4.0326e-15,2.0816216678400002e-08,4.0326e-15,2.0816216678400002e-08,0.0,0.0,0.0,0.0,1.5148e-08,0.07819375444821669
mwir_std_solar_scatter,D:\HwaSimIR\HwaSim_IR\Bin\Config\Atmosphere\MODTRAN\raw\audit_mwir_standard_20260906\mwir_std_solar_scatter\MODOUT2.txt,W/(cm^2 sr cm^-1),W/(cm^2 cm^-1),W/(m^2 sr um),W/(m^2 um),value_si=value_native*1e8/(wavelength_um^2),2273.0,4.399472063352397,0.00075729,1.831e-08,0.09459914599000002,0.0,0.0,0.0,0.0,1.1213e-13,5.793228967700001e-07,1.1213e-13,5.793228967700001e-07,0.0,0.0,0.0,0.0,1.831e-08,0.09459972531289679
mwir_std_solar_scatter,D:\HwaSimIR\HwaSim_IR\Bin\Config\Atmosphere\MODTRAN\raw\audit_mwir_standard_20260906\mwir_std_solar_scatter\MODOUT2.txt,W/(cm^2 sr cm^-1),W/(cm^2 cm^-1),W/(m^2 sr um),W/(m^2 um),value_si=value_native*1e8/(wavelength_um^2),2274.0,4.397537379067722,8.155e-05,1.5726e-08,0.08132034117600001,0.0,0.0,0.0,0.0,2.0174e-14,1.04321287224e-07,2.0174e-14,1.04321287224e-07,0.0,0.0,0.0,0.0,1.5726e-08,0.08132044549728723
mwir_std_solar_scatter,D:\HwaSimIR\HwaSim_IR\Bin\Config\Atmosphere\MODTRAN\raw\audit_mwir_standard_20260906\mwir_std_solar_scatter\MODOUT2.txt,W/(cm^2 sr cm^-1),W/(cm^2 cm^-1),W/(m^2 sr um),W/(m^2 um),value_si=value_native*1e8/(wavelength_um^2),2275.0,4.395604395604396,0.00040886,1.6581e-08,0.085817038125,0.0,0.0,0.0,0.0,5.7475e-14,2.9746904687499997e-07,5.7475e-14,2.9746904687499997e-07,0.0,0.0,0.0,0.0,1.6581e-08,0.08581733559404688
mwir_std_solar_scatter,D:\HwaSimIR\HwaSim_IR\Bin\Config\Atmosphere\MODTRAN\raw\audit_mwir_standard_20260906\mwir_std_solar_scatter\MODOUT2.txt,W/(cm^2 sr cm^-1),W/(cm^2 cm^-1),W/(m^2 sr um),W/(m^2 um),value_si=value_native*1e8/(wavelength_um^2),2276.0,4.393673110720562,1.448e-05,1.6021e-08,0.082991599696,0.0,0.0,0.0,0.0,5.2331e-15,2.71083790256e-08,5.2331e-15,2.71083790256e-08,0.0,0.0,0.0,0.0,1.6021e-08,0.08299162680437903
mwir_std_solar_scatter,D:\HwaSimIR\HwaSim_IR\Bin\Config\Atmosphere\MODTRAN\raw\audit_mwir_standard_20260906\mwir_std_solar_scatter\MODOUT2.txt,W/(cm^2 sr cm^-1),W/(cm^2 cm^-1),W/(m^2 sr um),W/(m^2 um),value_si=value_native*1e8/(wavelength_um^2),2277.0,4.391743522178305,1.097e-05,1.5116e-08,0.078372363564,0.0,0.0,0.0,0.0,9.2534e-15,4.79763713286e-08,9.2534e-15,4.79763713286e-08,0.0,0.0,0.0,0.0,1.5116e-08,0.07837241154037133
mwir_std_solar_scatter,D:\HwaSimIR\HwaSim_IR\Bin\Config\Atmosphere\MODTRAN\raw\audit_mwir_standard_20260906\mwir_std_solar_scatter\MODOUT2.txt,W/(cm^2 sr cm^-1),W/(cm^2 cm^-1),W/(m^2 sr um),W/(m^2 um),value_si=value_native*1e8/(wavelength_um^2),2278.0,4.389815627743634,0.00033645,1.7015e-08,0.08829566726000002,0.0,0.0,0.0,0.0,8.1026e-14,4.20466925384e-07,8.1026e-14,4.20466925384e-07,0.0,0.0,0.0,0.0,1.7015e-08,0.0882960877269254
mwir_std_solar_scatter,D:\HwaSimIR\HwaSim_IR\Bin\Config\Atmosphere\MODTRAN\raw\audit_mwir_standard_20260906\mwir_std_solar_scatter\MODOUT2.txt,W/(cm^2 sr cm^-1),W/(cm^2 cm^-1),W/(m^2 sr um),W/(m^2 um),value_si=value_native*1e8/(wavelength_um^2),2279.0,4.3878894251864855,0.00012142,1.5384e-08,0.07990204994399999,0.0,0.0,0.0,0.0,2.2051e-14,1.14529387891e-07,2.2051e-14,1.14529387891e-07,0.0,0.0,0.0,0.0,1.5384e-08,0.07990216447338788
mwir_std_solar_scatter,D:\HwaSimIR\HwaSim_IR\Bin\Config\Atmosphere\MODTRAN\raw\audit_mwir_standard_20260906\mwir_std_solar_scatter\MODOUT2.txt,W/(cm^2 sr cm^-1),W/(cm^2 cm^-1),W/(m^2 sr um),W/(m^2 um),value_si=value_native*1e8/(wavelength_um^2),2280.0,4.385964912280702,0.0002198,1.5695e-08,0.08158888799999998,0.0,0.0,0.0,0.0,4.1421e-14,2.1532292639999995e-07,4.1421e-14,2.1532292639999995e-07,0.0,0.0,0.0,0.0,1.5695e-08,0.08158910332292639
mwir_std_solar_scatter,D:\HwaSimIR\HwaSim_IR\Bin\Config\Atmosphere\MODTRAN\raw\audit_mwir_standard_20260906\mwir_std_solar_scatter\MODOUT2.txt,W/(cm^2 sr cm^-1),W/(cm^2 cm^-1),W/(m^2 sr um),W/(m^2 um),value_si=value_native*1e8/(wavelength_um^2),2281.0,4.384042086804033,0.00097736,1.7015e-08,0.088528381415,0.0,0.0,0.0,0.0,1.4561e-13,7.576031512100001e-07,1.4561e-13,7.576031512100001e-07,0.0,0.0,0.0,0.0,1.7015e-08,0.08852913901815121
mwir_std_solar_scatter,D:\HwaSimIR\HwaSim_IR\Bin\Config\Atmosphere\MODTRAN\raw\audit_mwir_standard_20260906\mwir_std_solar_scatter\MODOUT2.txt,W/(cm^2 sr cm^-1),W/(cm^2 cm^-1),W/(m^2 sr um),W/(m^2 um),value_si=value_native*1e8/(wavelength_um^2),2282.0,4.382120946538125,0.00037917,1.5931e-08,0.08296106484399998,0.0,0.0,0.0,0.0,6.2122e-14,3.235018059279999e-07,6.2122e-14,3.235018059279999e-07,0.0,0.0,0.0,0.0,1.5931e-08,0.08296138834580591
mwir_std_solar_scatter,D:\HwaSimIR\HwaSim_IR\Bin\Config\Atmosphere\MODTRAN\raw\audit_mwir_standard_20260906\mwir_std_solar_scatter\MODOUT2.txt,W/(cm^2 sr cm^-1),W/(cm^2 cm^-1),W/(m^2 sr um),W/(m^2 um),value_si=value_native*1e8/(wavelength_um^2),2283.0,4.380201489268506,0.0081659,1.9184e-08,0.099988715376,0.0,0.0,0.0,0.0,5.348e-13,2.7874251972e-06,5.348e-13,2.7874251972e-06,0.0,0.0,0.0,0.0,1.9185e-08,0.0999915028011972
mwir_std_solar_scatter,D:\HwaSimIR\HwaSim_IR\Bin\Config\Atmosphere\MODTRAN\raw\audit_mwir_standard_20260906\mwir_std_solar_scatter\MODOUT2.txt,W/(cm^2 sr cm^-1),W/(cm^2 cm^-1),W/(m^2 sr um),W/(m^2 um),value_si=value_native*1e8/(wavelength_um^2),2284.0,4.378283712784588,0.00324539,1.7557e-08,0.09158882939200001,0.0,0.0,0.0,0.0,2.4585e-13,1.2825148776e-06,2.4585e-13,1.2825148776e-06,0.0,0.0,0.0,0.0,1.7557e-08,0.09159011190687762
mwir_std_solar_scatter,D:\HwaSimIR\HwaSim_IR\Bin\Config\Atmosphere\MODTRAN\raw\audit_mwir_standard_20260906\mwir_std_solar_scatter\MODOUT2.txt,W/(cm^2 sr cm^-1),W/(cm^2 cm^-1),W/(m^2 sr um),W/(m^2 um),value_si=value_native*1e8/(wavelength_um^2),2285.0,4.3763676148796495,0.00068176,1.6404e-08,0.08564897490000001,0.0,0.0,0.0,0.0,1.1943e-13,6.235709017500002e-07,1.1943e-13,6.235709017500002e-07,0.0,0.0,0.0,0.0,1.6404e-08,0.08564959847090176
mwir_std_solar_scatter,D:\HwaSimIR\HwaSim_IR\Bin\Config\Atmosphere\MODTRAN\raw\audit_mwir_standard_20260906\mwir_std_solar_scatter\MODOUT2.txt,W/(cm^2 sr cm^-1),W/(cm^2 cm^-1),W/(m^2 sr um),W/(m^2 um),value_si=value_native*1e8/(wavelength_um^2),2286.0,4.374453193350831,5.88e-05,1.4815e-08,0.07742016773999999,0.0,0.0,0.0,0.0,2.0545e-14,1.0736397881999999e-07,2.0545e-14,1.0736397881999999e-07,0.0,0.0,0.0,0.0,1.4815e-08,0.07742027510397881
mwir_std_solar_scatter,D:\HwaSimIR\HwaSim_IR\Bin\Config\Atmosphere\MODTRAN\raw\audit_mwir_standard_20260906\mwir_std_solar_scatter\MODOUT2.txt,W/(cm^2 sr cm^-1),W/(cm^2 cm^-1),W/(m^2 sr um),W/(m^2 um),value_si=value_native*1e8/(wavelength_um^2),2287.0,4.3725404459991255,5.85e-06,1.4109e-08,0.073795276221,0.0,0.0,0.0,0.0,7.716e-15,4.0357527204e-08,7.716e-15,4.0357527204e-08,0.0,0.0,0.0,0.0,1.4109e-08,0.07379531657852721
mwir_std_solar_scatter,D:\HwaSimIR\HwaSim_IR\Bin\Config\Atmosphere\MODTRAN\raw\audit_mwir_standard_20260906\mwir_std_solar_scatter\MODOUT2.txt,W/(cm^2 sr cm^-1),W/(cm^2 cm^-1),W/(m^2 sr um),W/(m^2 um),value_si=value_native*1e8/(wavelength_um^2),2288.0,4.370629370629371,6e-08,1.4184e-08,0.07425244569599998,0.0,0.0,0.0,0.0,1.5199e-15,7.956591385599998e-09,1.5199e-15,7.956591385599998e-09,0.0,0.0,0.0,0.0,1.4184e-08,0.07425245365259137
mwir_std_solar_scatter,D:\HwaSimIR\HwaSim_IR\Bin\Config\Atmosphere\MODTRAN\raw\audit_mwir_standard_20260906\mwir_std_solar_scatter\MODOUT2.txt,W/(cm^2 sr cm^-1),W/(cm^2 cm^-1),W/(m^2 sr um),W/(m^2 um),value_si=value_native*1e8/(wavelength_um^2),2289.0,4.36871996505024,5e-08,1.336e-08,0.07000000056000001,0.0,0.0,0.0,0.0,9.4193e-16,4.93526201553e-09,9.4193e-16,4.93526201553e-09,0.0,0.0,0.0,0.0,1.336e-08,0.07000000549526203
mwir_std_solar_scatter,D:\HwaSimIR\HwaSim_IR\Bin\Config\Atmosphere\MODTRAN\raw\audit_mwir_standard_20260906\mwir_std_solar_scatter\MODOUT2.txt,W/(cm^2 sr cm^-1),W/(cm^2 cm^-1),W/(m^2 sr um),W/(m^2 um),value_si=value_native*1e8/(wavelength_um^2),2290.0,4.366812227074236,7.7e-07,1.381e-08,0.07242102099999999,0.0,0.0,0.0,0.0,4.153e-15,2.1778747299999997e-08,4.153e-15,2.1778747299999997e-08,0.0,0.0,0.0,0.0,1.381e-08,0.0724210427787473
mwir_std_solar_scatter,D:\HwaSimIR\HwaSim_IR\Bin\Config\Atmosphere\MODTRAN\raw\audit_mwir_standard_20260906\mwir_std_solar_scatter\MODOUT2.txt,W/(cm^2 sr cm^-1),W/(cm^2 cm^-1),W/(m^2 sr um),W/(m^2 um),value_si=value_native*1e8/(wavelength_um^2),2291.0,4.364906154517678,9.3e-07,1.402e-08,0.07358650761999999,0.0,0.0,0.0,0.0,9.3341e-15,4.899171332209999e-08,9.3341e-15,4.899171332209999e-08,0.0,0.0,0.0,0.0,1.402e-08,0.07358655661171332
mwir_std_solar_scatter,D:\HwaSimIR\HwaSim_IR\Bin\Config\Atmosphere\MODTRAN\raw\audit_mwir_standard_20260906\mwir_std_solar_scatter\MODOUT2.txt,W/(cm^2 sr cm^-1),W/(cm^2 cm^-1),W/(m^2 sr um),W/(m^2 um),value_si=value_native*1e8/(wavelength_um^2),2292.0,4.363001745200698,7e-08,1.3234e-08,0.069521695776,0.0,0.0,0.0,0.0,1.5416e-15,8.0984317824e-09,1.5416e-15,8.0984317824e-09,0.0,0.0,0.0,0.0,1.3234e-08,0.06952170387443178
mwir_std_solar_scatter,D:\HwaSimIR\HwaSim_IR\Bin\Config\Atmosphere\MODTRAN\raw\audit_mwir_standard_20260906\mwir_std_solar_scatter\MODOUT2.txt,W/(cm^2 sr cm^-1),W/(cm^2 cm^-1),W/(m^2 sr um),W/(m^2 um),value_si=value_native*1e8/(wavelength_um^2),2293.0,4.361098996947231,0.0,1.3092e-08,0.06883575910800001,0.0,0.0,0.0,0.0,5.7096e-16,3.00202146504e-09,5.7096e-16,3.00202146504e-09,0.0,0.0,0.0,0.0,1.3092e-08,0.06883576211002147
mwir_std_solar_scatter,D:\HwaSimIR\HwaSim_IR\Bin\Config\Atmosphere\MODTRAN\raw\audit_mwir_standard_20260906\mwir_std_solar_scatter\MODOUT2.txt,W/(cm^2 sr cm^-1),W/(cm^2 cm^-1),W/(m^2 sr um),W/(m^2 um),value_si=value_native*1e8/(wavelength_um^2),2294.0,4.3591979075850045,1e-08,1.2963e-08,0.068216957868,0.0,0.0,0.0,0.0,1.21e-15,6.367547559999999e-09,1.21e-15,6.367547559999999e-09,0.0,0.0,0.0,0.0,1.2963e-08,0.06821696423554756
mwir_std_solar_scatter,D:\HwaSimIR\HwaSim_IR\Bin\Config\Atmosphere\MODTRAN\raw\audit_mwir_standard_20260906\mwir_std_solar_scatter\MODOUT2.txt,W/(cm^2 sr cm^-1),W/(cm^2 cm^-1),W/(m^2 sr um),W/(m^2 um),value_si=value_native*1e8/(wavelength_um^2),2295.0,4.357298474945534,0.0,1.2658e-08,0.06667000245,0.0,0.0,0.0,0.0,3.1848e-18,1.6774421220000003e-11,3.1848e-18,1.6774421220000003e-11,0.0,0.0,0.0,0.0,1.2658e-08,0.06667000246677442
mwir_std_solar_scatter,D:\HwaSimIR\HwaSim_IR\Bin\Config\Atmosphere\MODTRAN\raw\audit_mwir_standard_20260906\mwir_std_solar_scatter\MODOUT2.txt,W/(cm^2 sr cm^-1),W/(cm^2 cm^-1),W/(m^2 sr um),W/(m^2 um),value_si=value_native*1e8/(wavelength_um^2),2296.0,4.355400696864112,0.0,1.2446e-08,0.06561053273599998,0.0,0.0,0.0,0.0,5.5629e-17,2.9325472646399993e-10,5.5629e-17,2.9325472646399993e-10,0.0,0.0,0.0,0.0,1.2446e-08,0.06561053302925471
mwir_std_solar_scatter,D:\HwaSimIR\HwaSim_IR\Bin\Config\Atmosphere\MODTRAN\raw\audit_mwir_standard_20260906\mwir_std_solar_scatter\MODOUT2.txt,W/(cm^2 sr cm^-1),W/(cm^2 cm^-1),W/(m^2 sr um),W/(m^2 um),value_si=value_native*1e8/(wavelength_um^2),2297.0,4.3535045711797995,0.0,1.2892e-08,0.06802088642800001,0.0,0.0,0.0,0.0,9.6205e-16,5.07597686845e-09,9.6205e-16,5.07597686845e-09,0.0,0.0,0.0,0.0,1.2892e-08,0.06802089150397689
mwir_std_solar_scatter,D:\HwaSimIR\HwaSim_IR\Bin\Config\Atmosphere\MODTRAN\raw\audit_mwir_standard_20260906\mwir_std_solar_scatter\MODOUT2.txt,W/(cm^2 sr cm^-1),W/(cm^2 cm^-1),W/(m^2 sr um),W/(m^2 um),value_si=value_native*1e8/(wavelength_um^2),2298.0,4.351610095735422,0.0,1.2478e-08,0.06589387231199999,0.0,0.0,0.0,0.0,2.1119e-16,1.1152529967599999e-09,2.1119e-16,1.1152529967599999e-09,0.0,0.0,0.0,0.0,1.2478e-08,0.06589387342725299
mwir_std_solar_scatter,D:\HwaSimIR\HwaSim_IR\Bin\Config\Atmosphere\MODTRAN\raw\audit_mwir_standard_20260906\mwir_std_solar_scatter\MODOUT2.txt,W/(cm^2 sr cm^-1),W/(cm^2 cm^-1),W/(m^2 sr um),W/(m^2 um),value_si=value_native*1e8/(wavelength_um^2),2299.0,4.349717268377556,1e-08,1.2865e-08,0.06799668386499998,0.0,0.0,0.0,0.0,2.2388e-15,1.1832955758799996e-08,2.2388e-15,1.1832955758799996e-08,0.0,0.0,0.0,0.0,1.2865e-08,0.06799669569795573
mwir_std_solar_scatter,D:\HwaSimIR\HwaSim_IR\Bin\Config\Atmosphere\MODTRAN\raw\audit_mwir_standard_20260906\mwir_std_solar_scatter\MODOUT2.txt,W/(cm^2 sr cm^-1),W/(cm^2 cm^-1),W/(m^2 sr um),W/(m^2 um),value_si=value_native*1e8/(wavelength_um^2),2300.0,4.3478260869565215,0.0,1.2209e-08,0.06458561,0.0,0.0,0.0,0.0,9.6571e-17,5.108605900000001e-10,9.6571e-17,5.108605900000001e-10,0.0,0.0,0.0,0.0,1.2209e-08,0.06458561051086059
mwir_std_solar_scatter,D:\HwaSimIR\HwaSim_IR\Bin\Config\Atmosphere\MODTRAN\raw\audit_mwir_standard_20260906\mwir_std_solar_scatter\MODOUT2.txt,W/(cm^2 sr cm^-1),W/(cm^2 cm^-1),W/(m^2 sr um),W/(m^2 um),value_si=value_native*1e8/(wavelength_um^2),2301.0,4.34593654932638,0.0,1.2185e-08,0.06451471318499999,0.0,0.0,0.0,0.0,7.0774e-17,3.74720091174e-10,7.0774e-17,3.74720091174e-10,0.0,0.0,0.0,0.0,1.2185e-08,0.06451471355972008
mwir_std_solar_scatter,D:\HwaSimIR\HwaSim_IR\Bin\Config\Atmosphere\MODTRAN\raw\audit_mwir_standard_20260906\mwir_std_solar_scatter\MODOUT2.txt,W/(cm^2 sr cm^-1),W/(cm^2 cm^-1),W/(m^2 sr um),W/(m^2 um),value_si=value_native*1e8/(wavelength_um^2),2302.0,4.344048653344918,0.0,1.2178e-08,0.06453370631199999,0.0,0.0,0.0,0.0,1.6468e-16,8.726729147199999e-10,1.6468e-16,8.726729147199999e-10,0.0,0.0,0.0,0.0,1.2178e-08,0.06453370718467291
mwir_std_solar_scatter,D:\HwaSimIR\HwaSim_IR\Bin\Config\Atmosphere\MODTRAN\raw\audit_mwir_standard_20260906\mwir_std_solar_scatter\MODOUT2.txt,W/(cm^2 sr cm^-1),W/(cm^2 cm^-1),W/(m^2 sr um),W/(m^2 um),value_si=value_native*1e8/(wavelength_um^2),2303.0,4.342162396873643,0.0,1.2053e-08,0.06392680987699999,0.0,0.0,0.0,0.0,1.1228e-16,5.955116745199999e-10,1.1228e-16,5.955116745199999e-10,0.0,0.0,0.0,0.0,1.2053e-08,0.06392681047251166
mwir_std_solar_scatter,D:\HwaSimIR\HwaSim_IR\Bin\Config\Atmosphere\MODTRAN\raw\audit_mwir_standard_20260906\mwir_std_solar_scatter\MODOUT2.txt,W/(cm^2 sr cm^-1),W/(cm^2 cm^-1),W/(m^2 sr um),W/(m^2 um),value_si=value_native*1e8/(wavelength_um^2),2304.0,4.340277777777778,0.0,1.2256e-08,0.065059946496,0.0,0.0,0.0,0.0,8.8433e-16,4.69439152128e-09,8.8433e-16,4.69439152128e-09,0.0,0.0,0.0,0.0,1.2256e-08,0.06505995119039151
mwir_std_solar_scatter,D:\HwaSimIR\HwaSim_IR\Bin\Config\Atmosphere\MODTRAN\raw\audit_mwir_standard_20260906\mwir_std_solar_scatter\MODOUT2.txt,W/(cm^2 sr cm^-1),W/(cm^2 cm^-1),W/(m^2 sr um),W/(m^2 um),value_si=value_native*1e8/(wavelength_um^2),2305.0,4.3383947939262475,0.0,1.1828e-08,0.0628424597,0.0,0.0,0.0,0.0,7.0016e-17,3.7199675839999995e-10,7.0016e-17,3.7199675839999995e-10,0.0,0.0,0.0,0.0,1.1828e-08,0.06284246007199676
mwir_std_solar_scatter,D:\HwaSimIR\HwaSim_IR\Bin\Config\Atmosphere\MODTRAN\raw\audit_mwir_standard_20260906\mwir_std_solar_scatter\MODOUT2.txt,W/(cm^2 sr cm^-1),W/(cm^2 cm^-1),W/(m^2 sr um),W/(m^2 um),value_si=value_native*1e8/(wavelength_um^2),2306.0,4.336513443191674,0.0,1.1847e-08,0.06299803369200001,0.0,0.0,0.0,0.0,7.8145e-17,4.1554666522000007e-10,7.8145e-17,4.1554666522000007e-10,0.0,0.0,0.0,0.0,1.1847e-08,0.06299803410754667
mwir_std_solar_scatter,D:\HwaSimIR\HwaSim_IR\Bin\Config\Atmosphere\MODTRAN\raw\audit_mwir_standard_20260906\mwir_std_solar_scatter\MODOUT2.txt,W/(cm^2 sr cm^-1),W/(cm^2 cm^-1),W/(m^2 sr um),W/(m^2 um),value_si=value_native*1e8/(wavelength_um^2),2307.0,4.334633723450368,0.0,1.1413e-08,0.06074282783700001,0.0,0.0,0.0,0.0,0.0,0.0,0.0,0.0,0.0,0.0,0.0,0.0,1.1413e-08,0.06074282783700001
mwir_std_solar_scatter,D:\HwaSimIR\HwaSim_IR\Bin\Config\Atmosphere\MODTRAN\raw\audit_mwir_standard_20260906\mwir_std_solar_scatter\MODOUT2.txt,W/(cm^2 sr cm^-1),W/(cm^2 cm^-1),W/(m^2 sr um),W/(m^2 um),value_si=value_native*1e8/(wavelength_um^2),2308.0,4.332755632582322,0.0,1.1548e-08,0.061514625472000005,0.0,0.0,0.0,0.0,5.8308e-18,3.10598786112e-11,5.8308e-18,3.10598786112e-11,0.0,0.0,0.0,0.0,1.1548e-08,0.06151462550305988
mwir_std_solar_scatter,D:\HwaSimIR\HwaSim_IR\Bin\Config\Atmosphere\MODTRAN\raw\audit_mwir_standard_20260906\mwir_std_solar_scatter\MODOUT2.txt,W/(cm^2 sr cm^-1),W/(cm^2 cm^-1),W/(m^2 sr um),W/(m^2 um),value_si=value_native*1e8/(wavelength_um^2),2309.0,4.3308791684712,0.0,1.1199e-08,0.059707255718999985,0.0,0.0,0.0,0.0,0.0,0.0,0.0,0.0,0.0,0.0,0.0,0.0,1.1199e-08,0.059707255718999985
mwir_std_solar_scatter,D:\HwaSimIR\HwaSim_IR\Bin\Config\Atmosphere\MODTRAN\raw\audit_mwir_standard_20260906\mwir_std_solar_scatter\MODOUT2.txt,W/(cm^2 sr cm^-1),W/(cm^2 cm^-1),W/(m^2 sr um),W/(m^2 um),value_si=value_native*1e8/(wavelength_um^2),2310.0,4.329004329004329,0.0,1.1363e-08,0.06063410430000001,0.0,0.0,0.0,0.0,0.0,0.0,0.0,0.0,0.0,0.0,0.0,0.0,1.1363e-08,0.06063410430000001
mwir_std_solar_scatter,D:\HwaSimIR\HwaSim_IR\Bin\Config\Atmosphere\MODTRAN\raw\audit_mwir_standard_20260906\mwir_std_solar_scatter\MODOUT2.txt,W/(cm^2 sr cm^-1),W/(cm^2 cm^-1),W/(m^2 sr um),W/(m^2 um),value_si=value_native*1e8/(wavelength_um^2),2311.0,4.327131112072696,0.0,1.1042e-08,0.05897224128200001,0.0,0.0,0.0,0.0,0.0,0.0,0.0,0.0,0.0,0.0,0.0,0.0,1.1042e-08,0.05897224128200001
mwir_std_solar_scatter,D:\HwaSimIR\HwaSim_IR\Bin\Config\Atmosphere\MODTRAN\raw\audit_mwir_standard_20260906\mwir_std_solar_scatter\MODOUT2.txt,W/(cm^2 sr cm^-1),W/(cm^2 cm^-1),W/(m^2 sr um),W/(m^2 um),value_si=value_native*1e8/(wavelength_um^2),2312.0,4.325259515570934,0.0,1.1191e-08,0.059819744704,0.0,0.0,0.0,0.0,0.0,0.0,0.0,0.0,0.0,0.0,0.0,0.0,1.1191e-08,0.059819744704
mwir_std_solar_scatter,D:\HwaSimIR\HwaSim_IR\Bin\Config\Atmosphere\MODTRAN\raw\audit_mwir_standard_20260906\mwir_std_solar_scatter\MODOUT2.txt,W/(cm^2 sr cm^-1),W/(cm^2 cm^-1),W/(m^2 sr um),W/(m^2 um),value_si=value_native*1e8/(wavelength_um^2),2313.0,4.323389537397319,0.0,1.0893e-08,0.058277212317000004,0.0,0.0,0.0,0.0,0.0,0.0,0.0,0.0,0.0,0.0,0.0,0.0,1.0893e-08,0.058277212317000004
mwir_std_solar_scatter,D:\HwaSimIR\HwaSim_IR\Bin\Config\Atmosphere\MODTRAN\raw\audit_mwir_standard_20260906\mwir_std_solar_scatter\MODOUT2.txt,W/(cm^2 sr cm^-1),W/(cm^2 cm^-1),W/(m^2 sr um),W/(m^2 um),value_si=value_native*1e8/(wavelength_um^2),2314.0,4.32152117545376,0.0,1.0989e-08,0.058841655443999996,0.0,0.0,0.0,0.0,0.0,0.0,0.0,0.0,0.0,0.0,0.0,0.0,1.0989e-08,0.058841655443999996
mwir_std_solar_scatter,D:\HwaSimIR\HwaSim_IR\Bin\Config\Atmosphere\MODTRAN\raw\audit_mwir_standard_20260906\mwir_std_solar_scatter\MODOUT2.txt,W/(cm^2 sr cm^-1),W/(cm^2 cm^-1),W/(m^2 sr um),W/(m^2 um),value_si=value_native*1e8/(wavelength_um^2),2315.0,4.319654427645788,0.0,1.0761e-08,0.05767062022500002,0.0,0.0,0.0,0.0,0.0,0.0,0.0,0.0,0.0,0.0,0.0,0.0,1.0761e-08,0.05767062022500002
mwir_std_solar_scatter,D:\HwaSimIR\HwaSim_IR\Bin\Config\Atmosphere\MODTRAN\raw\audit_mwir_standard_20260906\mwir_std_solar_scatter\MODOUT2.txt,W/(cm^2 sr cm^-1),W/(cm^2 cm^-1),W/(m^2 sr um),W/(m^2 um),value_si=value_native*1e8/(wavelength_um^2),2316.0,4.317789291882556,0.0,1.081e-08,0.057983283360000006,0.0,0.0,0.0,0.0,0.0,0.0,0.0,0.0,0.0,0.0,0.0,0.0,1.081e-08,0.057983283360000006
mwir_std_solar_scatter,D:\HwaSimIR\HwaSim_IR\Bin\Config\Atmosphere\MODTRAN\raw\audit_mwir_standard_20260906\mwir_std_solar_scatter\MODOUT2.txt,W/(cm^2 sr cm^-1),W/(cm^2 cm^-1),W/(m^2 sr um),W/(m^2 um),value_si=value_native*1e8/(wavelength_um^2),2317.0,4.315925766076823,0.0,1.0634e-08,0.057088512025999995,0.0,0.0,0.0,0.0,0.0,0.0,0.0,0.0,0.0,0.0,0.0,0.0,1.0634e-08,0.057088512025999995
mwir_std_solar_scatter,D:\HwaSimIR\HwaSim_IR\Bin\Config\Atmosphere\MODTRAN\raw\audit_mwir_standard_20260906\mwir_std_solar_scatter\MODOUT2.txt,W/(cm^2 sr cm^-1),W/(cm^2 cm^-1),W/(m^2 sr um),W/(m^2 um),value_si=value_native*1e8/(wavelength_um^2),2318.0,4.3140638481449525,0.0,1.0643e-08,0.057186158732,0.0,0.0,0.0,0.0,0.0,0.0,0.0,0.0,0.0,0.0,0.0,0.0,1.0643e-08,0.057186158732
mwir_std_solar_scatter,D:\HwaSimIR\HwaSim_IR\Bin\Config\Atmosphere\MODTRAN\raw\audit_mwir_standard_20260906\mwir_std_solar_scatter\MODOUT2.txt,W/(cm^2 sr cm^-1),W/(cm^2 cm^-1),W/(m^2 sr um),W/(m^2 um),value_si=value_native*1e8/(wavelength_um^2),2319.0,4.3122035360068995,0.0,1.0472e-08,0.056315913191999994,0.0,0.0,0.0,0.0,0.0,0.0,0.0,0.0,0.0,0.0,0.0,0.0,1.0472e-08,0.056315913191999994
mwir_std_solar_scatter,D:\HwaSimIR\HwaSim_IR\Bin\Config\Atmosphere\MODTRAN\raw\audit_mwir_standard_20260906\mwir_std_solar_scatter\MODOUT2.txt,W/(cm^2 sr cm^-1),W/(cm^2 cm^-1),W/(m^2 sr um),W/(m^2 um),value_si=value_native*1e8/(wavelength_um^2),2320.0,4.310344827586207,0.0,1.0483e-08,0.05642369919999999,0.0,0.0,0.0,0.0,0.0,0.0,0.0,0.0,0.0,0.0,0.0,0.0,1.0483e-08,0.05642369919999999
mwir_std_solar_scatter,D:\HwaSimIR\HwaSim_IR\Bin\Config\Atmosphere\MODTRAN\raw\audit_mwir_standard_20260906\mwir_std_solar_scatter\MODOUT2.txt,W/(cm^2 sr cm^-1),W/(cm^2 cm^-1),W/(m^2 sr um),W/(m^2 um),value_si=value_native*1e8/(wavelength_um^2),2321.0,4.308487720809996,0.0,1.0341e-08,0.055707390980999985,0.0,0.0,0.0,0.0,0.0,0.0,0.0,0.0,0.0,0.0,0.0,0.0,1.0341e-08,0.055707390980999985
mwir_std_solar_scatter,D:\HwaSimIR\HwaSim_IR\Bin\Config\Atmosphere\MODTRAN\raw\audit_mwir_standard_20260906\mwir_std_solar_scatter\MODOUT2.txt,W/(cm^2 sr cm^-1),W/(cm^2 cm^-1),W/(m^2 sr um),W/(m^2 um),value_si=value_native*1e8/(wavelength_um^2),2322.0,4.306632213608958,0.0,1.0349e-08,0.05579853771600002,0.0,0.0,0.0,0.0,0.0,0.0,0.0,0.0,0.0,0.0,0.0,0.0,1.0349e-08,0.05579853771600002
mwir_std_solar_scatter,D:\HwaSimIR\HwaSim_IR\Bin\Config\Atmosphere\MODTRAN\raw\audit_mwir_standard_20260906\mwir_std_solar_scatter\MODOUT2.txt,W/(cm^2 sr cm^-1),W/(cm^2 cm^-1),W/(m^2 sr um),W/(m^2 um),value_si=value_native*1e8/(wavelength_um^2),2323.0,4.304778303917348,0.0,1.0212e-08,0.05510731174800001,0.0,0.0,0.0,0.0,0.0,0.0,0.0,0.0,0.0,0.0,0.0,0.0,1.0212e-08,0.05510731174800001
mwir_std_solar_scatter,D:\HwaSimIR\HwaSim_IR\Bin\Config\Atmosphere\MODTRAN\raw\audit_mwir_standard_20260906\mwir_std_solar_scatter\MODOUT2.txt,W/(cm^2 sr cm^-1),W/(cm^2 cm^-1),W/(m^2 sr um),W/(m^2 um),value_si=value_native*1e8/(wavelength_um^2),2324.0,4.3029259896729775,0.0,1.0215e-08,0.055170969840000014,0.0,0.0,0.0,0.0,0.0,0.0,0.0,0.0,0.0,0.0,0.0,0.0,1.0215e-08,0.055170969840000014
mwir_std_solar_scatter,D:\HwaSimIR\HwaSim_IR\Bin\Config\Atmosphere\MODTRAN\raw\audit_mwir_standard_20260906\mwir_std_solar_scatter\MODOUT2.txt,W/(cm^2 sr cm^-1),W/(cm^2 cm^-1),W/(m^2 sr um),W/(m^2 um),value_si=value_native*1e8/(wavelength_um^2),2325.0,4.301075268817204,0.0,1.0099e-08,0.054591406875000005,0.0,0.0,0.0,0.0,0.0,0.0,0.0,0.0,0.0,0.0,0.0,0.0,1.0099e-08,0.054591406875000005
mwir_std_solar_scatter,D:\HwaSimIR\HwaSim_IR\Bin\Config\Atmosphere\MODTRAN\raw\audit_mwir_standard_20260906\mwir_std_solar_scatter\MODOUT2.txt,W/(cm^2 sr cm^-1),W/(cm^2 cm^-1),W/(m^2 sr um),W/(m^2 um),value_si=value_native*1e8/(wavelength_um^2),2326.0,4.299226139294927,0.0,1.0098e-08,0.054632967048000004,0.0,0.0,0.0,0.0,0.0,0.0,0.0,0.0,0.0,0.0,0.0,0.0,1.0098e-08,0.054632967048000004
mwir_std_solar_scatter,D:\HwaSimIR\HwaSim_IR\Bin\Config\Atmosphere\MODTRAN\raw\audit_mwir_standard_20260906\mwir_std_solar_scatter\MODOUT2.txt,W/(cm^2 sr cm^-1),W/(cm^2 cm^-1),W/(m^2 sr um),W/(m^2 um),value_si=value_native*1e8/(wavelength_um^2),2327.0,4.297378599054577,0.0,9.9971e-09,0.0541335867059,0.0,0.0,0.0,0.0,0.0,0.0,0.0,0.0,0.0,0.0,0.0,0.0,9.9971e-09,0.0541335867059
mwir_std_solar_scatter,D:\HwaSimIR\HwaSim_IR\Bin\Config\Atmosphere\MODTRAN\raw\audit_mwir_standard_20260906\mwir_std_solar_scatter\MODOUT2.txt,W/(cm^2 sr cm^-1),W/(cm^2 cm^-1),W/(m^2 sr um),W/(m^2 um),value_si=value_native*1e8/(wavelength_um^2),2328.0,4.29553264604811,0.0,9.9807e-09,0.0540912420288,0.0,0.0,0.0,0.0,0.0,0.0,0.0,0.0,0.0,0.0,0.0,0.0,9.9807e-09,0.0540912420288
mwir_std_solar_scatter,D:\HwaSimIR\HwaSim_IR\Bin\Config\Atmosphere\MODTRAN\raw\audit_mwir_standard_20260906\mwir_std_solar_scatter\MODOUT2.txt,W/(cm^2 sr cm^-1),W/(cm^2 cm^-1),W/(m^2 sr um),W/(m^2 um),value_si=value_native*1e8/(wavelength_um^2),2329.0,4.293688278231,0.0,9.9137e-09,0.053774298001700006,0.0,0.0,0.0,0.0,0.0,0.0,0.0,0.0,0.0,0.0,0.0,0.0,9.9137e-09,0.053774298001700006
mwir_std_solar_scatter,D:\HwaSimIR\HwaSim_IR\Bin\Config\Atmosphere\MODTRAN\raw\audit_mwir_standard_20260906\mwir_std_solar_scatter\MODOUT2.txt,W/(cm^2 sr cm^-1),W/(cm^2 cm^-1),W/(m^2 sr um),W/(m^2 um),value_si=value_native*1e8/(wavelength_um^2),2330.0,4.291845493562231,0.0,9.835e-09,0.05339323150000001,0.0,0.0,0.0,0.0,0.0,0.0,0.0,0.0,0.0,0.0,0.0,0.0,9.835e-09,0.05339323150000001
mwir_std_solar_scatter,D:\HwaSimIR\HwaSim_IR\Bin\Config\Atmosphere\MODTRAN\raw\audit_mwir_standard_20260906\mwir_std_solar_scatter\MODOUT2.txt,W/(cm^2 sr cm^-1),W/(cm^2 cm^-1),W/(m^2 sr um),W/(m^2 um),value_si=value_native*1e8/(wavelength_um^2),2331.0,4.29000429000429,0.0,9.823e-09,0.053373869703,0.0,0.0,0.0,0.0,0.0,0.0,0.0,0.0,0.0,0.0,0.0,0.0,9.823e-09,0.053373869703
mwir_std_solar_scatter,D:\HwaSimIR\HwaSim_IR\Bin\Config\Atmosphere\MODTRAN\raw\audit_mwir_standard_20260906\mwir_std_solar_scatter\MODOUT2.txt,W/(cm^2 sr cm^-1),W/(cm^2 cm^-1),W/(m^2 sr um),W/(m^2 um),value_si=value_native*1e8/(wavelength_um^2),2332.0,4.288164665523156,0.0,9.7677e-09,0.05311894056480001,0.0,0.0,0.0,0.0,0.0,0.0,0.0,0.0,0.0,0.0,0.0,0.0,9.7677e-09,0.05311894056480001
mwir_std_solar_scatter,D:\HwaSimIR\HwaSim_IR\Bin\Config\Atmosphere\MODTRAN\raw\audit_mwir_standard_20260906\mwir_std_solar_scatter\MODOUT2.txt,W/(cm^2 sr cm^-1),W/(cm^2 cm^-1),W/(m^2 sr um),W/(m^2 um),value_si=value_native*1e8/(wavelength_um^2),2333.0,4.286326618088299,0.0,9.7151e-09,0.052878210923899986,0.0,0.0,0.0,0.0,0.0,0.0,0.0,0.0,0.0,0.0,0.0,0.0,9.7151e-09,0.052878210923899986
mwir_std_solar_scatter,D:\HwaSimIR\HwaSim_IR\Bin\Config\Atmosphere\MODTRAN\raw\audit_mwir_standard_20260906\mwir_std_solar_scatter\MODOUT2.txt,W/(cm^2 sr cm^-1),W/(cm^2 cm^-1),W/(m^2 sr um),W/(m^2 um),value_si=value_native*1e8/(wavelength_um^2),2334.0,4.284490145672665,0.0,9.6469e-09,0.0525520279764,0.0,0.0,0.0,0.0,0.0,0.0,0.0,0.0,0.0,0.0,0.0,0.0,9.6469e-09,0.0525520279764
mwir_std_solar_scatter,D:\HwaSimIR\HwaSim_IR\Bin\Config\Atmosphere\MODTRAN\raw\audit_mwir_standard_20260906\mwir_std_solar_scatter\MODOUT2.txt,W/(cm^2 sr cm^-1),W/(cm^2 cm^-1),W/(m^2 sr um),W/(m^2 um),value_si=value_native*1e8/(wavelength_um^2),2335.0,4.282655246252677,0.0,9.6163e-09,0.05243023126749999,0.0,0.0,0.0,0.0,0.0,0.0,0.0,0.0,0.0,0.0,0.0,0.0,9.6163e-09,0.05243023126749999
mwir_std_solar_scatter,D:\HwaSimIR\HwaSim_IR\Bin\Config\Atmosphere\MODTRAN\raw\audit_mwir_standard_20260906\mwir_std_solar_scatter\MODOUT2.txt,W/(cm^2 sr cm^-1),W/(cm^2 cm^-1),W/(m^2 sr um),W/(m^2 um),value_si=value_native*1e8/(wavelength_um^2),2336.0,4.280821917808219,0.0,9.5543e-09,0.05213682145279999,0.0,0.0,0.0,0.0,0.0,0.0,0.0,0.0,0.0,0.0,0.0,0.0,9.5543e-09,0.05213682145279999
mwir_std_solar_scatter,D:\HwaSimIR\HwaSim_IR\Bin\Config\Atmosphere\MODTRAN\raw\audit_mwir_standard_20260906\mwir_std_solar_scatter\MODOUT2.txt,W/(cm^2 sr cm^-1),W/(cm^2 cm^-1),W/(m^2 sr um),W/(m^2 um),value_si=value_native*1e8/(wavelength_um^2),2337.0,4.278990158322636,0.0,9.5082e-09,0.0519296903658,0.0,0.0,0.0,0.0,0.0,0.0,0.0,0.0,0.0,0.0,0.0,0.0,9.5082e-09,0.0519296903658
mwir_std_solar_scatter,D:\HwaSimIR\HwaSim_IR\Bin\Config\Atmosphere\MODTRAN\raw\audit_mwir_standard_20260906\mwir_std_solar_scatter\MODOUT2.txt,W/(cm^2 sr cm^-1),W/(cm^2 cm^-1),W/(m^2 sr um),W/(m^2 um),value_si=value_native*1e8/(wavelength_um^2),2338.0,4.277159965782721,0.0,9.4791e-09,0.05181507350039999,0.0,0.0,0.0,0.0,0.0,0.0,0.0,0.0,0.0,0.0,0.0,0.0,9.4791e-09,0.05181507350039999
mwir_std_solar_scatter,D:\HwaSimIR\HwaSim_IR\Bin\Config\Atmosphere\MODTRAN\raw\audit_mwir_standard_20260906\mwir_std_solar_scatter\MODOUT2.txt,W/(cm^2 sr cm^-1),W/(cm^2 cm^-1),W/(m^2 sr um),W/(m^2 um),value_si=value_native*1e8/(wavelength_um^2),2339.0,4.275331338178709,0.0,9.4327e-09,0.0516055565167,0.0,0.0,0.0,0.0,0.0,0.0,0.0,0.0,0.0,0.0,0.0,0.0,9.4327e-09,0.0516055565167
mwir_std_solar_scatter,D:\HwaSimIR\HwaSim_IR\Bin\Config\Atmosphere\MODTRAN\raw\audit_mwir_standard_20260906\mwir_std_solar_scatter\MODOUT2.txt,W/(cm^2 sr cm^-1),W/(cm^2 cm^-1),W/(m^2 sr um),W/(m^2 um),value_si=value_native*1e8/(wavelength_um^2),2340.0,4.273504273504273,0.0,9.3715e-09,0.05131458540000001,0.0,0.0,0.0,0.0,0.0,0.0,0.0,0.0,0.0,0.0,0.0,0.0,9.3715e-09,0.05131458540000001
mwir_std_solar_scatter,D:\HwaSimIR\HwaSim_IR\Bin\Config\Atmosphere\MODTRAN\raw\audit_mwir_standard_20260906\mwir_std_solar_scatter\MODOUT2.txt,W/(cm^2 sr cm^-1),W/(cm^2 cm^-1),W/(m^2 sr um),W/(m^2 um),value_si=value_native*1e8/(wavelength_um^2),2341.0,4.271678769756514,0.0,9.3263e-09,0.051110744690300004,0.0,0.0,0.0,0.0,0.0,0.0,0.0,0.0,0.0,0.0,0.0,0.0,9.3263e-09,0.051110744690300004
mwir_std_solar_scatter,D:\HwaSimIR\HwaSim_IR\Bin\Config\Atmosphere\MODTRAN\raw\audit_mwir_standard_20260906\mwir_std_solar_scatter\MODOUT2.txt,W/(cm^2 sr cm^-1),W/(cm^2 cm^-1),W/(m^2 sr um),W/(m^2 um),value_si=value_native*1e8/(wavelength_um^2),2342.0,4.269854824935952,0.0,9.2814e-09,0.050908144869600006,0.0,0.0,0.0,0.0,0.0,0.0,0.0,0.0,0.0,0.0,0.0,0.0,9.2814e-09,0.050908144869600006
mwir_std_solar_scatter,D:\HwaSimIR\HwaSim_IR\Bin\Config\Atmosphere\MODTRAN\raw\audit_mwir_standard_20260906\mwir_std_solar_scatter\MODOUT2.txt,W/(cm^2 sr cm^-1),W/(cm^2 cm^-1),W/(m^2 sr um),W/(m^2 um),value_si=value_native*1e8/(wavelength_um^2),2343.0,4.2680324370465215,0.0,9.2454e-09,0.0507540008646,0.0,0.0,0.0,0.0,0.0,0.0,0.0,0.0,0.0,0.0,0.0,0.0,9.2454e-09,0.0507540008646
mwir_std_solar_scatter,D:\HwaSimIR\HwaSim_IR\Bin\Config\Atmosphere\MODTRAN\raw\audit_mwir_standard_20260906\mwir_std_solar_scatter\MODOUT2.txt,W/(cm^2 sr cm^-1),W/(cm^2 cm^-1),W/(m^2 sr um),W/(m^2 um),value_si=value_native*1e8/(wavelength_um^2),2344.0,4.266211604095563,0.0,9.2212e-09,0.0506643711232,0.0,0.0,0.0,0.0,0.0,0.0,0.0,0.0,0.0,0.0,0.0,0.0,9.2212e-09,0.0506643711232
mwir_std_solar_scatter,D:\HwaSimIR\HwaSim_IR\Bin\Config\Atmosphere\MODTRAN\raw\audit_mwir_standard_20260906\mwir_std_solar_scatter\MODOUT2.txt,W/(cm^2 sr cm^-1),W/(cm^2 cm^-1),W/(m^2 sr um),W/(m^2 um),value_si=value_native*1e8/(wavelength_um^2),2345.0,4.264392324093817,0.0,9.1478e-09,0.050303980894999996,0.0,0.0,0.0,0.0,0.0,0.0,0.0,0.0,0.0,0.0,0.0,0.0,9.1478e-09,0.050303980894999996
mwir_std_solar_scatter,D:\HwaSimIR\HwaSim_IR\Bin\Config\Atmosphere\MODTRAN\raw\audit_mwir_standard_20260906\mwir_std_solar_scatter\MODOUT2.txt,W/(cm^2 sr cm^-1),W/(cm^2 cm^-1),W/(m^2 sr um),W/(m^2 um),value_si=value_native*1e8/(wavelength_um^2),2346.0,4.262574595055414,0.0,9.1128e-09,0.05015426316479999,0.0,0.0,0.0,0.0,0.0,0.0,0.0,0.0,0.0,0.0,0.0,0.0,9.1128e-09,0.05015426316479999
mwir_std_solar_scatter,D:\HwaSimIR\HwaSim_IR\Bin\Config\Atmosphere\MODTRAN\raw\audit_mwir_standard_20260906\mwir_std_solar_scatter\MODOUT2.txt,W/(cm^2 sr cm^-1),W/(cm^2 cm^-1),W/(m^2 sr um),W/(m^2 um),value_si=value_native*1e8/(wavelength_um^2),2347.0,4.26075841499787,0.0,9.0598e-09,0.04990508385819999,0.0,0.0,0.0,0.0,0.0,0.0,0.0,0.0,0.0,0.0,0.0,0.0,9.0598e-09,0.04990508385819999
mwir_std_solar_scatter,D:\HwaSimIR\HwaSim_IR\Bin\Config\Atmosphere\MODTRAN\raw\audit_mwir_standard_20260906\mwir_std_solar_scatter\MODOUT2.txt,W/(cm^2 sr cm^-1),W/(cm^2 cm^-1),W/(m^2 sr um),W/(m^2 um),value_si=value_native*1e8/(wavelength_um^2),2348.0,4.258943781942079,0.0,9.1199e-09,0.05027895716959999,0.0,0.0,0.0,0.0,0.0,0.0,0.0,0.0,0.0,0.0,0.0,0.0,9.1199e-09,0.05027895716959999
mwir_std_solar_scatter,D:\HwaSimIR\HwaSim_IR\Bin\Config\Atmosphere\MODTRAN\raw\audit_mwir_standard_20260906\mwir_std_solar_scatter\MODOUT2.txt,W/(cm^2 sr cm^-1),W/(cm^2 cm^-1),W/(m^2 sr um),W/(m^2 um),value_si=value_native*1e8/(wavelength_um^2),2349.0,4.257130693912303,0.0,9.1069e-09,0.050250061926900014,0.0,0.0,0.0,0.0,0.0,0.0,0.0,0.0,0.0,0.0,0.0,0.0,9.1069e-09,0.050250061926900014
mwir_std_solar_scatter,D:\HwaSimIR\HwaSim_IR\Bin\Config\Atmosphere\MODTRAN\raw\audit_mwir_standard_20260906\mwir_std_solar_scatter\MODOUT2.txt,W/(cm^2 sr cm^-1),W/(cm^2 cm^-1),W/(m^2 sr um),W/(m^2 um),value_si=value_native*1e8/(wavelength_um^2),2350.0,4.25531914893617,0.0,8.9929e-09,0.049663290250000006,0.0,0.0,0.0,0.0,0.0,0.0,0.0,0.0,0.0,0.0,0.0,0.0,8.9929e-09,0.049663290250000006
mwir_std_solar_scatter,D:\HwaSimIR\HwaSim_IR\Bin\Config\Atmosphere\MODTRAN\raw\audit_mwir_standard_20260906\mwir_std_solar_scatter\MODOUT2.txt,W/(cm^2 sr cm^-1),W/(cm^2 cm^-1),W/(m^2 sr um),W/(m^2 um),value_si=value_native*1e8/(wavelength_um^2),2351.0,4.253509145044662,0.0,8.9538e-09,0.049489452313799996,0.0,0.0,0.0,0.0,0.0,0.0,0.0,0.0,0.0,0.0,0.0,0.0,8.9538e-09,0.049489452313799996
mwir_std_solar_scatter,D:\HwaSimIR\HwaSim_IR\Bin\Config\Atmosphere\MODTRAN\raw\audit_mwir_standard_20260906\mwir_std_solar_scatter\MODOUT2.txt,W/(cm^2 sr cm^-1),W/(cm^2 cm^-1),W/(m^2 sr um),W/(m^2 um),value_si=value_native*1e8/(wavelength_um^2),2352.0,4.2517006802721085,0.0,8.8434e-09,0.0489208398336,0.0,0.0,0.0,0.0,0.0,0.0,0.0,0.0,0.0,0.0,0.0,0.0,8.8434e-09,0.0489208398336
mwir_std_solar_scatter,D:\HwaSimIR\HwaSim_IR\Bin\Config\Atmosphere\MODTRAN\raw\audit_mwir_standard_20260906\mwir_std_solar_scatter\MODOUT2.txt,W/(cm^2 sr cm^-1),W/(cm^2 cm^-1),W/(m^2 sr um),W/(m^2 um),value_si=value_native*1e8/(wavelength_um^2),2353.0,4.249893752656184,0.0,8.8007e-09,0.04872603482629999,0.0,0.0,0.0,0.0,0.0,0.0,0.0,0.0,0.0,0.0,0.0,0.0,8.8007e-09,0.04872603482629999
mwir_std_solar_scatter,D:\HwaSimIR\HwaSim_IR\Bin\Config\Atmosphere\MODTRAN\raw\audit_mwir_standard_20260906\mwir_std_solar_scatter\MODOUT2.txt,W/(cm^2 sr cm^-1),W/(cm^2 cm^-1),W/(m^2 sr um),W/(m^2 um),value_si=value_native*1e8/(wavelength_um^2),2354.0,4.248088360237893,0.0,8.7779e-09,0.048641117716400006,0.0,0.0,0.0,0.0,0.0,0.0,0.0,0.0,0.0,0.0,0.0,0.0,8.7779e-09,0.048641117716400006
mwir_std_solar_scatter,D:\HwaSimIR\HwaSim_IR\Bin\Config\Atmosphere\MODTRAN\raw\audit_mwir_standard_20260906\mwir_std_solar_scatter\MODOUT2.txt,W/(cm^2 sr cm^-1),W/(cm^2 cm^-1),W/(m^2 sr um),W/(m^2 um),value_si=value_native*1e8/(wavelength_um^2),2355.0,4.246284501061571,0.0,8.716e-09,0.0483391539,0.0,0.0,0.0,0.0,0.0,0.0,0.0,0.0,0.0,0.0,0.0,0.0,8.716e-09,0.0483391539
mwir_std_solar_scatter,D:\HwaSimIR\HwaSim_IR\Bin\Config\Atmosphere\MODTRAN\raw\audit_mwir_standard_20260906\mwir_std_solar_scatter\MODOUT2.txt,W/(cm^2 sr cm^-1),W/(cm^2 cm^-1),W/(m^2 sr um),W/(m^2 um),value_si=value_native*1e8/(wavelength_um^2),2356.0,4.244482173174872,0.0,8.6739e-09,0.048146528990400006,0.0,0.0,0.0,0.0,0.0,0.0,0.0,0.0,0.0,0.0,0.0,0.0,8.6739e-09,0.048146528990400006
mwir_std_solar_scatter,D:\HwaSimIR\HwaSim_IR\Bin\Config\Atmosphere\MODTRAN\raw\audit_mwir_standard_20260906\mwir_std_solar_scatter\MODOUT2.txt,W/(cm^2 sr cm^-1),W/(cm^2 cm^-1),W/(m^2 sr um),W/(m^2 um),value_si=value_native*1e8/(wavelength_um^2),2357.0,4.2426813746287655,0.0,8.632e-09,0.047954635768000006,0.0,0.0,0.0,0.0,0.0,0.0,0.0,0.0,0.0,0.0,0.0,0.0,8.632e-09,0.047954635768000006
mwir_std_solar_scatter,D:\HwaSimIR\HwaSim_IR\Bin\Config\Atmosphere\MODTRAN\raw\audit_mwir_standard_20260906\mwir_std_solar_scatter\MODOUT2.txt,W/(cm^2 sr cm^-1),W/(cm^2 cm^-1),W/(m^2 sr um),W/(m^2 um),value_si=value_native*1e8/(wavelength_um^2),2358.0,4.2408821034775235,0.0,8.5904e-09,0.04776403282559999,0.0,0.0,0.0,0.0,0.0,0.0,0.0,0.0,0.0,0.0,0.0,0.0,8.5904e-09,0.04776403282559999
mwir_std_solar_scatter,D:\HwaSimIR\HwaSim_IR\Bin\Config\Atmosphere\MODTRAN\raw\audit_mwir_standard_20260906\mwir_std_solar_scatter\MODOUT2.txt,W/(cm^2 sr cm^-1),W/(cm^2 cm^-1),W/(m^2 sr um),W/(m^2 um),value_si=value_native*1e8/(wavelength_um^2),2359.0,4.23908435777872,0.0,8.5489e-09,0.047573611180900005,0.0,0.0,0.0,0.0,0.0,0.0,0.0,0.0,0.0,0.0,0.0,0.0,8.5489e-09,0.047573611180900005
mwir_std_solar_scatter,D:\HwaSimIR\HwaSim_IR\Bin\Config\Atmosphere\MODTRAN\raw\audit_mwir_standard_20260906\mwir_std_solar_scatter\MODOUT2.txt,W/(cm^2 sr cm^-1),W/(cm^2 cm^-1),W/(m^2 sr um),W/(m^2 um),value_si=value_native*1e8/(wavelength_um^2),2360.0,4.237288135593221,0.0,8.5076e-09,0.047383928959999995,0.0,0.0,0.0,0.0,0.0,0.0,0.0,0.0,0.0,0.0,0.0,0.0,8.5076e-09,0.047383928959999995
mwir_std_solar_scatter,D:\HwaSimIR\HwaSim_IR\Bin\Config\Atmosphere\MODTRAN\raw\audit_mwir_standard_20260906\mwir_std_solar_scatter\MODOUT2.txt,W/(cm^2 sr cm^-1),W/(cm^2 cm^-1),W/(m^2 sr um),W/(m^2 um),value_si=value_native*1e8/(wavelength_um^2),2361.0,4.235493434985176,0.0,8.4665e-09,0.047194988746499994,0.0,0.0,0.0,0.0,0.0,0.0,0.0,0.0,0.0,0.0,0.0,0.0,8.4665e-09,0.047194988746499994
mwir_std_solar_scatter,D:\HwaSimIR\HwaSim_IR\Bin\Config\Atmosphere\MODTRAN\raw\audit_mwir_standard_20260906\mwir_std_solar_scatter\MODOUT2.txt,W/(cm^2 sr cm^-1),W/(cm^2 cm^-1),W/(m^2 sr um),W/(m^2 um),value_si=value_native*1e8/(wavelength_um^2),2362.0,4.233700254022016,0.0,8.4256e-09,0.04700679312639999,0.0,0.0,0.0,0.0,0.0,0.0,0.0,0.0,0.0,0.0,0.0,0.0,8.4256e-09,0.04700679312639999
mwir_std_solar_scatter,D:\HwaSimIR\HwaSim_IR\Bin\Config\Atmosphere\MODTRAN\raw\audit_mwir_standard_20260906\mwir_std_solar_scatter\MODOUT2.txt,W/(cm^2 sr cm^-1),W/(cm^2 cm^-1),W/(m^2 sr um),W/(m^2 um),value_si=value_native*1e8/(wavelength_um^2),2363.0,4.231908590774439,0.0,8.3849e-09,0.0468193446881,0.0,0.0,0.0,0.0,0.0,0.0,0.0,0.0,0.0,0.0,0.0,0.0,8.3849e-09,0.0468193446881
mwir_std_solar_scatter,D:\HwaSimIR\HwaSim_IR\Bin\Config\Atmosphere\MODTRAN\raw\audit_mwir_standard_20260906\mwir_std_solar_scatter\MODOUT2.txt,W/(cm^2 sr cm^-1),W/(cm^2 cm^-1),W/(m^2 sr um),W/(m^2 um),value_si=value_native*1e8/(wavelength_um^2),2364.0,4.230118443316413,0.0,8.3444e-09,0.0466326460224,0.0,0.0,0.0,0.0,0.0,0.0,0.0,0.0,0.0,0.0,0.0,0.0,8.3444e-09,0.0466326460224
mwir_std_solar_scatter,D:\HwaSimIR\HwaSim_IR\Bin\Config\Atmosphere\MODTRAN\raw\audit_mwir_standard_20260906\mwir_std_solar_scatter\MODOUT2.txt,W/(cm^2 sr cm^-1),W/(cm^2 cm^-1),W/(m^2 sr um),W/(m^2 um),value_si=value_native*1e8/(wavelength_um^2),2365.0,4.2283298097251585,0.0,8.3217e-09,0.046545140482500004,0.0,0.0,0.0,0.0,0.0,0.0,0.0,0.0,0.0,0.0,0.0,0.0,8.3217e-09,0.046545140482500004
mwir_std_solar_scatter,D:\HwaSimIR\HwaSim_IR\Bin\Config\Atmosphere\MODTRAN\raw\audit_mwir_standard_20260906\mwir_std_solar_scatter\MODOUT2.txt,W/(cm^2 sr cm^-1),W/(cm^2 cm^-1),W/(m^2 sr um),W/(m^2 um),value_si=value_native*1e8/(wavelength_um^2),2366.0,4.22654268808115,0.0,8.264e-09,0.046261508384,0.0,0.0,0.0,0.0,0.0,0.0,0.0,0.0,0.0,0.0,0.0,0.0,8.264e-09,0.046261508384
mwir_std_solar_scatter,D:\HwaSimIR\HwaSim_IR\Bin\Config\Atmosphere\MODTRAN\raw\audit_mwir_standard_20260906\mwir_std_solar_scatter\MODOUT2.txt,W/(cm^2 sr cm^-1),W/(cm^2 cm^-1),W/(m^2 sr um),W/(m^2 um),value_si=value_native*1e8/(wavelength_um^2),2367.0,4.224757076468103,0.0,8.2499e-09,0.046221623981099996,0.0,0.0,0.0,0.0,0.0,0.0,0.0,0.0,0.0,0.0,0.0,0.0,8.2499e-09,0.046221623981099996
mwir_std_solar_scatter,D:\HwaSimIR\HwaSim_IR\Bin\Config\Atmosphere\MODTRAN\raw\audit_mwir_standard_20260906\mwir_std_solar_scatter\MODOUT2.txt,W/(cm^2 sr cm^-1),W/(cm^2 cm^-1),W/(m^2 sr um),W/(m^2 um),value_si=value_native*1e8/(wavelength_um^2),2368.0,4.222972972972973,0.0,8.1843e-09,0.045892840243200006,0.0,0.0,0.0,0.0,0.0,0.0,0.0,0.0,0.0,0.0,0.0,0.0,8.1843e-09,0.045892840243200006
mwir_std_solar_scatter,D:\HwaSimIR\HwaSim_IR\Bin\Config\Atmosphere\MODTRAN\raw\audit_mwir_standard_20260906\mwir_std_solar_scatter\MODOUT2.txt,W/(cm^2 sr cm^-1),W/(cm^2 cm^-1),W/(m^2 sr um),W/(m^2 um),value_si=value_native*1e8/(wavelength_um^2),2369.0,4.221190375685944,0.0,8.1588e-09,0.045788499166799994,0.0,0.0,0.0,0.0,0.0,0.0,0.0,0.0,0.0,0.0,0.0,0.0,8.1588e-09,0.045788499166799994
mwir_std_solar_scatter,D:\HwaSimIR\HwaSim_IR\Bin\Config\Atmosphere\MODTRAN\raw\audit_mwir_standard_20260906\mwir_std_solar_scatter\MODOUT2.txt,W/(cm^2 sr cm^-1),W/(cm^2 cm^-1),W/(m^2 sr um),W/(m^2 um),value_si=value_native*1e8/(wavelength_um^2),2370.0,4.219409282700422,0.0,8.1488e-09,0.04577099472,0.0,0.0,0.0,0.0,0.0,0.0,0.0,0.0,0.0,0.0,0.0,0.0,8.1488e-09,0.04577099472
mwir_std_solar_scatter,D:\HwaSimIR\HwaSim_IR\Bin\Config\Atmosphere\MODTRAN\raw\audit_mwir_standard_20260906\mwir_std_solar_scatter\MODOUT2.txt,W/(cm^2 sr cm^-1),W/(cm^2 cm^-1),W/(m^2 sr um),W/(m^2 um),value_si=value_native*1e8/(wavelength_um^2),2371.0,4.217629692113032,0.0,8.1514e-09,0.045824244447400006,0.0,0.0,0.0,0.0,0.0,0.0,0.0,0.0,0.0,0.0,0.0,0.0,8.1514e-09,0.045824244447400006
mwir_std_solar_scatter,D:\HwaSimIR\HwaSim_IR\Bin\Config\Atmosphere\MODTRAN\raw\audit_mwir_standard_20260906\mwir_std_solar_scatter\MODOUT2.txt,W/(cm^2 sr cm^-1),W/(cm^2 cm^-1),W/(m^2 sr um),W/(m^2 um),value_si=value_native*1e8/(wavelength_um^2),2372.0,4.2158516020236085,0.0,8.0958e-09,0.045550079587200004,0.0,0.0,0.0,0.0,0.0,0.0,0.0,0.0,0.0,0.0,0.0,0.0,8.0958e-09,0.045550079587200004
mwir_std_solar_scatter,D:\HwaSimIR\HwaSim_IR\Bin\Config\Atmosphere\MODTRAN\raw\audit_mwir_standard_20260906\mwir_std_solar_scatter\MODOUT2.txt,W/(cm^2 sr cm^-1),W/(cm^2 cm^-1),W/(m^2 sr um),W/(m^2 um),value_si=value_native*1e8/(wavelength_um^2),2373.0,4.214075010535187,0.0,8.1085e-09,0.0456600094965,0.0,0.0,0.0,0.0,0.0,0.0,0.0,0.0,0.0,0.0,0.0,0.0,8.1085e-09,0.0456600094965
mwir_std_solar_scatter,D:\HwaSimIR\HwaSim_IR\Bin\Config\Atmosphere\MODTRAN\raw\audit_mwir_standard_20260906\mwir_std_solar_scatter\MODOUT2.txt,W/(cm^2 sr cm^-1),W/(cm^2 cm^-1),W/(m^2 sr um),W/(m^2 um),value_si=value_native*1e8/(wavelength_um^2),2374.0,4.212299915754001,0.0,8.1024e-09,0.04566412170240001,0.0,0.0,0.0,0.0,0.0,0.0,0.0,0.0,0.0,0.0,0.0,0.0,8.1024e-09,0.04566412170240001
mwir_std_solar_scatter,D:\HwaSimIR\HwaSim_IR\Bin\Config\Atmosphere\MODTRAN\raw\audit_mwir_standard_20260906\mwir_std_solar_scatter\MODOUT2.txt,W/(cm^2 sr cm^-1),W/(cm^2 cm^-1),W/(m^2 sr um),W/(m^2 um),value_si=value_native*1e8/(wavelength_um^2),2375.0,4.2105263157894735,0.0,8.0705e-09,0.0455226640625,0.0,0.0,0.0,0.0,0.0,0.0,0.0,0.0,0.0,0.0,0.0,0.0,8.0705e-09,0.0455226640625
mwir_std_solar_scatter,D:\HwaSimIR\HwaSim_IR\Bin\Config\Atmosphere\MODTRAN\raw\audit_mwir_standard_20260906\mwir_std_solar_scatter\MODOUT2.txt,W/(cm^2 sr cm^-1),W/(cm^2 cm^-1),W/(m^2 sr um),W/(m^2 um),value_si=value_native*1e8/(wavelength_um^2),2376.0,4.2087542087542085,0.0,8.0636e-09,0.04552205391360001,0.0,0.0,0.0,0.0,0.0,0.0,0.0,0.0,0.0,0.0,0.0,0.0,8.0636e-09,0.04552205391360001
mwir_std_solar_scatter,D:\HwaSimIR\HwaSim_IR\Bin\Config\Atmosphere\MODTRAN\raw\audit_mwir_standard_20260906\mwir_std_solar_scatter\MODOUT2.txt,W/(cm^2 sr cm^-1),W/(cm^2 cm^-1),W/(m^2 sr um),W/(m^2 um),value_si=value_native*1e8/(wavelength_um^2),2377.0,4.206983592763988,0.0,8.0855e-09,0.0456841180295,0.0,0.0,0.0,0.0,0.0,0.0,0.0,0.0,0.0,0.0,0.0,0.0,8.0855e-09,0.0456841180295
mwir_std_solar_scatter,D:\HwaSimIR\HwaSim_IR\Bin\Config\Atmosphere\MODTRAN\raw\audit_mwir_standard_20260906\mwir_std_solar_scatter\MODOUT2.txt,W/(cm^2 sr cm^-1),W/(cm^2 cm^-1),W/(m^2 sr um),W/(m^2 um),value_si=value_native*1e8/(wavelength_um^2),2378.0,4.205214465937763,0.0,8.1354e-09,0.04600474329359999,0.0,0.0,0.0,0.0,0.0,0.0,0.0,0.0,0.0,0.0,0.0,0.0,8.1354e-09,0.04600474329359999
mwir_std_solar_scatter,D:\HwaSimIR\HwaSim_IR\Bin\Config\Atmosphere\MODTRAN\raw\audit_mwir_standard_20260906\mwir_std_solar_scatter\MODOUT2.txt,W/(cm^2 sr cm^-1),W/(cm^2 cm^-1),W/(m^2 sr um),W/(m^2 um),value_si=value_native*1e8/(wavelength_um^2),2379.0,4.203446826397646,0.0,8.2221e-09,0.04653413426610001,0.0,0.0,0.0,0.0,0.0,0.0,0.0,0.0,0.0,0.0,0.0,0.0,8.2221e-09,0.04653413426610001
mwir_std_solar_scatter,D:\HwaSimIR\HwaSim_IR\Bin\Config\Atmosphere\MODTRAN\raw\audit_mwir_standard_20260906\mwir_std_solar_scatter\MODOUT2.txt,W/(cm^2 sr cm^-1),W/(cm^2 cm^-1),W/(m^2 sr um),W/(m^2 um),value_si=value_native*1e8/(wavelength_um^2),2380.0,4.201680672268908,0.0,8.3739e-09,0.047433119159999995,0.0,0.0,0.0,0.0,2.3082e-16,1.307456808e-09,2.3082e-16,1.307456808e-09,0.0,0.0,0.0,0.0,8.3739e-09,0.047433120467456805
mwir_std_solar_scatter,D:\HwaSimIR\HwaSim_IR\Bin\Config\Atmosphere\MODTRAN\raw\audit_mwir_standard_20260906\mwir_std_solar_scatter\MODOUT2.txt,W/(cm^2 sr cm^-1),W/(cm^2 cm^-1),W/(m^2 sr um),W/(m^2 um),value_si=value_native*1e8/(wavelength_um^2),2381.0,4.199916001679966,0.0,8.6081e-09,0.04880070480410001,0.0,0.0,0.0,0.0,3.7516e-15,2.12684244076e-08,3.7516e-15,2.12684244076e-08,0.0,0.0,0.0,0.0,8.6081e-09,0.04880072607252442
mwir_std_solar_scatter,D:\HwaSimIR\HwaSim_IR\Bin\Config\Atmosphere\MODTRAN\raw\audit_mwir_standard_20260906\mwir_std_solar_scatter\MODOUT2.txt,W/(cm^2 sr cm^-1),W/(cm^2 cm^-1),W/(m^2 sr um),W/(m^2 um),value_si=value_native*1e8/(wavelength_um^2),2382.0,4.198152812762385,1.1e-07,8.8872e-09,0.050425297372799986,0.0,0.0,0.0,0.0,2.0495e-14,1.1628707237999998e-07,2.0495e-14,1.1628707237999998e-07,0.0,0.0,0.0,0.0,8.8873e-09,0.05042541365987237
mwir_std_solar_scatter,D:\HwaSimIR\HwaSim_IR\Bin\Config\Atmosphere\MODTRAN\raw\audit_mwir_standard_20260906\mwir_std_solar_scatter\MODOUT2.txt,W/(cm^2 sr cm^-1),W/(cm^2 cm^-1),W/(m^2 sr um),W/(m^2 um),value_si=value_native*1e8/(wavelength_um^2),2383.0,4.1963911036508605,1.232e-05,9.2818e-09,0.052708455560200006,0.0,0.0,0.0,0.0,7.4552e-14,4.2335762232799996e-07,7.4552e-14,4.2335762232799996e-07,0.0,0.0,0.0,0.0,9.2819e-09,0.05270887891782233
mwir_std_solar_scatter,D:\HwaSimIR\HwaSim_IR\Bin\Config\Atmosphere\MODTRAN\raw\audit_mwir_standard_20260906\mwir_std_solar_scatter\MODOUT2.txt,W/(cm^2 sr cm^-1),W/(cm^2 cm^-1),W/(m^2 sr um),W/(m^2 um),value_si=value_native*1e8/(wavelength_um^2),2384.0,4.194630872483222,0.00022,1.019e-08,0.05791441664,0.0,0.0,0.0,0.0,2.607e-13,1.4816769791999997e-06,2.607e-13,1.4816769791999997e-06,0.0,0.0,0.0,0.0,1.019e-08,0.0579158983169792
mwir_std_solar_scatter,D:\HwaSimIR\HwaSim_IR\Bin\Config\Atmosphere\MODTRAN\raw\audit_mwir_standard_20260906\mwir_std_solar_scatter\MODOUT2.txt,W/(cm^2 sr cm^-1),W/(cm^2 cm^-1),W/(m^2 sr um),W/(m^2 um),value_si=value_native*1e8/(wavelength_um^2),2385.0,4.1928721174004195,0.00215873,1.1806e-08,0.06715518435000001,0.0,0.0,0.0,0.0,7.8047e-13,4.43948896575e-06,7.8047e-13,4.43948896575e-06,0.0,0.0,0.0,0.0,1.1807e-08,0.06715962383896576
mwir_std_solar_scatter,D:\HwaSimIR\HwaSim_IR\Bin\Config\Atmosphere\MODTRAN\raw\audit_mwir_standard_20260906\mwir_std_solar_scatter\MODOUT2.txt,W/(cm^2 sr cm^-1),W/(cm^2 cm^-1),W/(m^2 sr um),W/(m^2 um),value_si=value_native*1e8/(wavelength_um^2),2386.0,4.191114836546522,0.0100873,1.2736e-08,0.072505997056,0.0,0.0,0.0,0.0,1.4129e-12,8.0436340484e-06,1.4129e-12,8.0436340484e-06,0.0,0.0,0.0,0.0,1.2737e-08,0.0725140406900484
mwir_std_solar_scatter,D:\HwaSimIR\HwaSim_IR\Bin\Config\Atmosphere\MODTRAN\raw\audit_mwir_standard_20260906\mwir_std_solar_scatter\MODOUT2.txt,W/(cm^2 sr cm^-1),W/(cm^2 cm^-1),W/(m^2 sr um),W/(m^2 um),value_si=value_native*1e8/(wavelength_um^2),2387.0,4.189359028068705,0.04184585,1.3782e-08,0.07852665235800001,0.0,0.0,0.0,0.0,2.8189e-12,1.6061441034100002e-05,2.8189e-12,1.6061441034100002e-05,0.0,0.0,0.0,0.0,1.3784e-08,0.0785427137990341
mwir_std_solar_scatter,D:\HwaSimIR\HwaSim_IR\Bin\Config\Atmosphere\MODTRAN\raw\audit_mwir_standard_20260906\mwir_std_solar_scatter\MODOUT2.txt,W/(cm^2 sr cm^-1),W/(cm^2 cm^-1),W/(m^2 sr um),W/(m^2 um),value_si=value_native*1e8/(wavelength_um^2),2388.0,4.187604690117253,0.12344414,1.5671e-08,0.08936456702400002,0.0,0.0,0.0,0.0,6.1123e-12,3.485565969120001e-05,6.1123e-12,3.485565969120001e-05,0.0,0.0,0.0,0.0,1.5677e-08,0.08939942268369122
mwir_std_solar_scatter,D:\HwaSimIR\HwaSim_IR\Bin\Config\Atmosphere\MODTRAN\raw\audit_mwir_standard_20260906\mwir_std_solar_scatter\MODOUT2.txt,W/(cm^2 sr cm^-1),W/(cm^2 cm^-1),W/(m^2 sr um),W/(m^2 um),value_si=value_native*1e8/(wavelength_um^2),2389.0,4.185851820845542,0.16008943,1.4929e-08,0.08520459520899999,0.0,0.0,0.0,0.0,7.0625e-12,4.030795456249999e-05,7.0625e-12,4.030795456249999e-05,0.0,0.0,0.0,0.0,1.4936e-08,0.0852449031635625
mwir_std_solar_scatter,D:\HwaSimIR\HwaSim_IR\Bin\Config\Atmosphere\MODTRAN\raw\audit_mwir_standard_20260906\mwir_std_solar_scatter\MODOUT2.txt,W/(cm^2 sr cm^-1),W/(cm^2 cm^-1),W/(m^2 sr um),W/(m^2 um),value_si=value_native*1e8/(wavelength_um^2),2390.0,4.184100418410042,0.32057759,1.4075e-08,0.08039780750000002,0.0,0.0,0.0,0.0,1.1299e-11,6.454101790000002e-05,1.1299e-11,6.454101790000002e-05,0.0,0.0,0.0,0.0,1.4086e-08,0.08046234851790002
mwir_std_solar_scatter,D:\HwaSimIR\HwaSim_IR\Bin\Config\Atmosphere\MODTRAN\raw\audit_mwir_standard_20260906\mwir_std_solar_scatter\MODOUT2.txt,W/(cm^2 sr cm^-1),W/(cm^2 cm^-1),W/(m^2 sr um),W/(m^2 um),value_si=value_native*1e8/(wavelength_um^2),2391.0,4.182350480970305,0.40338129,1.2605e-08,0.072061285005,0.0,0.0,0.0,0.0,1.3858e-11,7.9224536898e-05,1.3858e-11,7.9224536898e-05,0.0,0.0,0.0,0.0,1.2619e-08,0.072140509541898
mwir_std_solar_scatter,D:\HwaSimIR\HwaSim_IR\Bin\Config\Atmosphere\MODTRAN\raw\audit_mwir_standard_20260906\mwir_std_solar_scatter\MODOUT2.txt,W/(cm^2 sr cm^-1),W/(cm^2 cm^-1),W/(m^2 sr um),W/(m^2 um),value_si=value_native*1e8/(wavelength_um^2),2392.0,4.1806020066889635,0.49956548,1.1035e-08,0.06313856223999999,0.0,0.0,0.0,0.0,1.6146e-11,9.238198694399998e-05,1.6146e-11,9.238198694399998e-05,0.0,0.0,0.0,0.0,1.1052e-08,0.06323094422694399
mwir_std_solar_scatter,D:\HwaSimIR\HwaSim_IR\Bin\Config\Atmosphere\MODTRAN\raw\audit_mwir_standard_20260906\mwir_std_solar_scatter\MODOUT2.txt,W/(cm^2 sr cm^-1),W/(cm^2 cm^-1),W/(m^2 sr um),W/(m^2 um),value_si=value_native*1e8/(wavelength_um^2),2393.0,4.178854993731718,0.57032597,9.5158e-09,0.054491743394199994,0.0,0.0,0.0,0.0,1.7983e-11,0.00010297873236699997,1.7983e-11,0.00010297873236699997,0.0,0.0,0.0,0.0,9.5338e-09,0.05459472212656699
mwir_std_solar_scatter,D:\HwaSimIR\HwaSim_IR\Bin\Config\Atmosphere\MODTRAN\raw\audit_mwir_standard_20260906\mwir_std_solar_scatter\MODOUT2.txt,W/(cm^2 sr cm^-1),W/(cm^2 cm^-1),W/(m^2 sr um),W/(m^2 um),value_si=value_native*1e8/(wavelength_um^2),2394.0,4.177109440267335,0.60680747,8.6705e-09,0.049692681738,0.0,0.0,0.0,0.0,1.8991e-11,0.00010884190287599998,1.8991e-11,0.00010884190287599998,0.0,0.0,0.0,0.0,8.6894e-09,0.049801523640876
mwir_std_solar_scatter,D:\HwaSimIR\HwaSim_IR\Bin\Config\Atmosphere\MODTRAN\raw\audit_mwir_standard_20260906\mwir_std_solar_scatter\MODOUT2.txt,W/(cm^2 sr cm^-1),W/(cm^2 cm^-1),W/(m^2 sr um),W/(m^2 um),value_si=value_native*1e8/(wavelength_um^2),2395.0,4.175365344467641,0.62958217,8.1362e-09,0.046669446605,0.0,0.0,0.0,0.0,1.968e-11,0.00011288497199999999,1.968e-11,0.00011288497199999999,0.0,0.0,0.0,0.0,8.1559e-09,0.046782331577
mwir_std_solar_scatter,D:\HwaSimIR\HwaSim_IR\Bin\Config\Atmosphere\MODTRAN\raw\audit_mwir_standard_20260906\mwir_std_solar_scatter\MODOUT2.txt,W/(cm^2 sr cm^-1),W/(cm^2 cm^-1),W/(m^2 sr um),W/(m^2 um),value_si=value_native*1e8/(wavelength_um^2),2396.0,4.173622704507513,0.64611626,7.754e-09,0.044514287263999995,0.0,0.0,0.0,0.0,2.0248e-11,0.000116240042368,2.0248e-11,0.000116240042368,0.0,0.0,0.0,0.0,7.7743e-09,0.044630527306368
mwir_std_solar_scatter,D:\HwaSimIR\HwaSim_IR\Bin\Config\Atmosphere\MODTRAN\raw\audit_mwir_standard_20260906\mwir_std_solar_scatter\MODOUT2.txt,W/(cm^2 sr cm^-1),W/(cm^2 cm^-1),W/(m^2 sr um),W/(m^2 um),value_si=value_native*1e8/(wavelength_um^2),2397.0,4.171881518564873,0.65979898,7.4376e-09,0.0427335414984,0.0,0.0,0.0,0.0,2.078e-11,0.00011939375502,2.078e-11,0.00011939375502,0.0,0.0,0.0,0.0,7.4584e-09,0.04285293525342
mwir_std_solar_scatter,D:\HwaSimIR\HwaSim_IR\Bin\Config\Atmosphere\MODTRAN\raw\audit_mwir_standard_20260906\mwir_std_solar_scatter\MODOUT2.txt,W/(cm^2 sr cm^-1),W/(cm^2 cm^-1),W/(m^2 sr um),W/(m^2 um),value_si=value_native*1e8/(wavelength_um^2),2398.0,4.170141784820684,0.67384613,7.113e-09,0.040902623651999995,0.0,0.0,0.0,0.0,2.1343e-11,0.000122730872572,2.1343e-11,0.000122730872572,0.0,0.0,0.0,0.0,7.1343e-09,0.041025354524572
mwir_std_solar_scatter,D:\HwaSimIR\HwaSim_IR\Bin\Config\Atmosphere\MODTRAN\raw\audit_mwir_standard_20260906\mwir_std_solar_scatter\MODOUT2.txt,W/(cm^2 sr cm^-1),W/(cm^2 cm^-1),W/(m^2 sr um),W/(m^2 um),value_si=value_native*1e8/(wavelength_um^2),2399.0,4.168403501458942,0.68527114,6.8458e-09,0.03939895500579999,0.0,0.0,0.0,0.0,2.1815e-11,0.000125549709815,2.1815e-11,0.000125549709815,0.0,0.0,0.0,0.0,6.8676e-09,0.03952450471561499
mwir_std_solar_scatter,D:\HwaSimIR\HwaSim_IR\Bin\Config\Atmosphere\MODTRAN\raw\audit_mwir_standard_20260906\mwir_std_solar_scatter\MODOUT2.txt,W/(cm^2 sr cm^-1),W/(cm^2 cm^-1),W/(m^2 sr um),W/(m^2 um),value_si=value_native*1e8/(wavelength_um^2),2400.0,4.166666666666667,0.69726676,6.5688e-09,0.037836287999999996,0.0,0.0,0.0,0.0,2.233e-11,0.00012862079999999997,2.233e-11,0.00012862079999999997,0.0,0.0,0.0,0.0,6.5912e-09,0.037964908799999995
mwir_std_solar_scatter,D:\HwaSimIR\HwaSim_IR\Bin\Config\Atmosphere\MODTRAN\raw\audit_mwir_standard_20260906\mwir_std_solar_scatter\MODOUT2.txt,W/(cm^2 sr cm^-1),W/(cm^2 cm^-1),W/(m^2 sr um),W/(m^2 um),value_si=value_native*1e8/(wavelength_um^2),2401.0,4.164931278633903,0.70389807,6.4041e-09,0.036918362084099994,0.0,0.0,0.0,0.0,2.2624e-11,0.00013042285782399998,2.2624e-11,0.00013042285782399998,0.0,0.0,0.0,0.0,6.4267e-09,0.03704878494192399
mwir_std_solar_scatter,D:\HwaSimIR\HwaSim_IR\Bin\Config\Atmosphere\MODTRAN\raw\audit_mwir_standard_20260906\mwir_std_solar_scatter\MODOUT2.txt,W/(cm^2 sr cm^-1),W/(cm^2 cm^-1),W/(m^2 sr um),W/(m^2 um),value_si=value_native*1e8/(wavelength_um^2),2402.0,4.163197335553705,0.71186846,6.211e-09,0.035835010444,0.0,0.0,0.0,0.0,2.2961e-11,0.000132475877444,2.2961e-11,0.000132475877444,0.0,0.0,0.0,0.0,6.234e-09,0.035967486321443996
mwir_std_solar_scatter,D:\HwaSimIR\HwaSim_IR\Bin\Config\Atmosphere\MODTRAN\raw\audit_mwir_standard_20260906\mwir_std_solar_scatter\MODOUT2.txt,W/(cm^2 sr cm^-1),W/(cm^2 cm^-1),W/(m^2 sr um),W/(m^2 um),value_si=value_native*1e8/(wavelength_um^2),2403.0,4.161464835622139,0.71730578,6.0734e-09,0.035070295620599996,0.0,0.0,0.0,0.0,2.3237e-11,0.00013417994193299997,2.3237e-11,0.00013417994193299997,0.0,0.0,0.0,0.0,6.0967e-09,0.035204475562533
mwir_std_solar_scatter,D:\HwaSimIR\HwaSim_IR\Bin\Config\Atmosphere\MODTRAN\raw\audit_mwir_standard_20260906\mwir_std_solar_scatter\MODOUT2.txt,W/(cm^2 sr cm^-1),W/(cm^2 cm^-1),W/(m^2 sr um),W/(m^2 um),value_si=value_native*1e8/(wavelength_um^2),2404.0,4.159733777038269,0.72495282,5.8901e-09,0.0340401601616,0.0,0.0,0.0,0.0,2.357e-11,0.00013621612111999997,2.357e-11,0.00013621612111999997,0.0,0.0,0.0,0.0,5.9137e-09,0.034176376282719995
mwir_std_solar_scatter,D:\HwaSimIR\HwaSim_IR\Bin\Config\Atmosphere\MODTRAN\raw\audit_mwir_standard_20260906\mwir_std_solar_scatter\MODOUT2.txt,W/(cm^2 sr cm^-1),W/(cm^2 cm^-1),W/(m^2 sr um),W/(m^2 um),value_si=value_native*1e8/(wavelength_um^2),2405.0,4.158004158004158,0.72847092,5.7934e-09,0.033509170435000006,0.0,0.0,0.0,0.0,2.3757e-11,0.000137411081925,2.3757e-11,0.000137411081925,0.0,0.0,0.0,0.0,5.8172e-09,0.033646581516925005
mwir_std_solar_scatter,D:\HwaSimIR\HwaSim_IR\Bin\Config\Atmosphere\MODTRAN\raw\audit_mwir_standard_20260906\mwir_std_solar_scatter\MODOUT2.txt,W/(cm^2 sr cm^-1),W/(cm^2 cm^-1),W/(m^2 sr um),W/(m^2 um),value_si=value_native*1e8/(wavelength_um^2),2406.0,4.156275976724855,0.73828655,5.5699e-09,0.032243237636399996,0.0,0.0,0.0,0.0,2.4171e-11,0.00013992195495599998,2.4171e-11,0.00013992195495599998,0.0,0.0,0.0,0.0,5.5941e-09,0.032383159591355994
mwir_std_solar_scatter,D:\HwaSimIR\HwaSim_IR\Bin\Config\Atmosphere\MODTRAN\raw\audit_mwir_standard_20260906\mwir_std_solar_scatter\MODOUT2.txt,W/(cm^2 sr cm^-1),W/(cm^2 cm^-1),W/(m^2 sr um),W/(m^2 um),value_si=value_native*1e8/(wavelength_um^2),2407.0,4.154549231408392,0.74148333,5.4831e-09,0.0317671568319,0.0,0.0,0.0,0.0,2.431e-11,0.00014084360719,2.431e-11,0.00014084360719,0.0,0.0,0.0,0.0,5.5074e-09,0.03190800043909
mwir_std_solar_scatter,D:\HwaSimIR\HwaSim_IR\Bin\Config\Atmosphere\MODTRAN\raw\audit_mwir_standard_20260906\mwir_std_solar_scatter\MODOUT2.txt,W/(cm^2 sr cm^-1),W/(cm^2 cm^-1),W/(m^2 sr um),W/(m^2 um),value_si=value_native*1e8/(wavelength_um^2),2408.0,4.152823920265781,0.75137693,5.2544e-09,0.030467449241600005,0.0,0.0,0.0,0.0,2.4695e-11,0.00014319306848,2.4695e-11,0.00014319306848,0.0,0.0,0.0,0.0,5.2791e-09,0.030610642310080004
mwir_std_solar_scatter,D:\HwaSimIR\HwaSim_IR\Bin\Config\Atmosphere\MODTRAN\raw\audit_mwir_standard_20260906\mwir_std_solar_scatter\MODOUT2.txt,W/(cm^2 sr cm^-1),W/(cm^2 cm^-1),W/(m^2 sr um),W/(m^2 um),value_si=value_native*1e8/(wavelength_um^2),2409.0,4.151100041511,0.75588673,5.1421e-09,0.029841051230100005,0.0,0.0,0.0,0.0,2.4909e-11,0.000144553926429,2.4909e-11,0.000144553926429,0.0,0.0,0.0,0.0,5.1671e-09,0.029985605156529007
mwir_std_solar_scatter,D:\HwaSimIR\HwaSim_IR\Bin\Config\Atmosphere\MODTRAN\raw\audit_mwir_standard_20260906\mwir_std_solar_scatter\MODOUT2.txt,W/(cm^2 sr cm^-1),W/(cm^2 cm^-1),W/(m^2 sr um),W/(m^2 um),value_si=value_native*1e8/(wavelength_um^2),2410.0,4.149377593360996,0.76530522,4.9289e-09,0.02862754409,0.0,0.0,0.0,0.0,2.5312e-11,0.00014701462719999997,2.5312e-11,0.00014701462719999997,0.0,0.0,0.0,0.0,4.9542e-09,0.0287745587172
mwir_std_solar_scatter,D:\HwaSimIR\HwaSim_IR\Bin\Config\Atmosphere\MODTRAN\raw\audit_mwir_standard_20260906\mwir_std_solar_scatter\MODOUT2.txt,W/(cm^2 sr cm^-1),W/(cm^2 cm^-1),W/(m^2 sr um),W/(m^2 um),value_si=value_native*1e8/(wavelength_um^2),2411.0,4.14765657403567,0.76653999,4.8848e-09,0.028394956500799998,0.0,0.0,0.0,0.0,2.5404e-11,0.00014767144508399997,2.5404e-11,0.00014767144508399997,0.0,0.0,0.0,0.0,4.9102e-09,0.028542627945883997
mwir_std_solar_scatter,D:\HwaSimIR\HwaSim_IR\Bin\Config\Atmosphere\MODTRAN\raw\audit_mwir_standard_20260906\mwir_std_solar_scatter\MODOUT2.txt,W/(cm^2 sr cm^-1),W/(cm^2 cm^-1),W/(m^2 sr um),W/(m^2 um),value_si=value_native*1e8/(wavelength_um^2),2412.0,4.1459369817578775,0.77034289,4.7875e-09,0.0278524494,0.0,0.0,0.0,0.0,2.5653e-11,0.000149242586832,2.5653e-11,0.000149242586832,0.0,0.0,0.0,0.0,4.8131e-09,0.028001691986832
mwir_std_solar_scatter,D:\HwaSimIR\HwaSim_IR\Bin\Config\Atmosphere\MODTRAN\raw\audit_mwir_standard_20260906\mwir_std_solar_scatter\MODOUT2.txt,W/(cm^2 sr cm^-1),W/(cm^2 cm^-1),W/(m^2 sr um),W/(m^2 um),value_si=value_native*1e8/(wavelength_um^2),2413.0,4.144218814753419,0.77613056,4.65e-09,0.027074945850000004,0.0,0.0,0.0,0.0,2.5972e-11,0.000151223762068,2.5972e-11,0.000151223762068,0.0,0.0,0.0,0.0,4.676e-09,0.027226169612068005
mwir_std_solar_scatter,D:\HwaSimIR\HwaSim_IR\Bin\Config\Atmosphere\MODTRAN\raw\audit_mwir_standard_20260906\mwir_std_solar_scatter\MODOUT2.txt,W/(cm^2 sr cm^-1),W/(cm^2 cm^-1),W/(m^2 sr um),W/(m^2 um),value_si=value_native*1e8/(wavelength_um^2),2414.0,4.142502071251036,0.77616626,4.6306e-09,0.026984339917600002,0.0,0.0,0.0,0.0,2.6052e-11,0.00015181532059200002,2.6052e-11,0.00015181532059200002,0.0,0.0,0.0,0.0,4.6567e-09,0.027136155238192003
mwir_std_solar_scatter,D:\HwaSimIR\HwaSim_IR\Bin\Config\Atmosphere\MODTRAN\raw\audit_mwir_standard_20260906\mwir_std_solar_scatter\MODOUT2.txt,W/(cm^2 sr cm^-1),W/(cm^2 cm^-1),W/(m^2 sr um),W/(m^2 um),value_si=value_native*1e8/(wavelength_um^2),2415.0,4.140786749482402,0.78246206,4.4839e-09,0.026151113677499997,0.0,0.0,0.0,0.0,2.6376e-11,0.00015383076660000001,2.6376e-11,0.00015383076660000001,0.0,0.0,0.0,0.0,4.5103e-09,0.026304944444099997
mwir_std_solar_scatter,D:\HwaSimIR\HwaSim_IR\Bin\Config\Atmosphere\MODTRAN\raw\audit_mwir_standard_20260906\mwir_std_solar_scatter\MODOUT2.txt,W/(cm^2 sr cm^-1),W/(cm^2 cm^-1),W/(m^2 sr um),W/(m^2 um),value_si=value_native*1e8/(wavelength_um^2),2416.0,4.139072847682119,0.78353405,4.4456e-09,0.025949216153600005,0.0,0.0,0.0,0.0,2.6522e-11,0.00015481039923200004,2.6522e-11,0.00015481039923200004,0.0,0.0,0.0,0.0,4.4721e-09,0.026104026552832005
mwir_std_solar_scatter,D:\HwaSimIR\HwaSim_IR\Bin\Config\Atmosphere\MODTRAN\raw\audit_mwir_standard_20260906\mwir_std_solar_scatter\MODOUT2.txt,W/(cm^2 sr cm^-1),W/(cm^2 cm^-1),W/(m^2 sr um),W/(m^2 um),value_si=value_native*1e8/(wavelength_um^2),2417.0,4.137360364087712,0.79062593,4.284e-09,0.025026652475999996,0.0,0.0,0.0,0.0,2.6819e-11,0.000156673621091,2.6819e-11,0.000156673621091,0.0,0.0,0.0,0.0,4.3109e-09,0.025183326097090997
mwir_std_solar_scatter,D:\HwaSimIR\HwaSim_IR\Bin\Config\Atmosphere\MODTRAN\raw\audit_mwir_standard_20260906\mwir_std_solar_scatter\MODOUT2.txt,W/(cm^2 sr cm^-1),W/(cm^2 cm^-1),W/(m^2 sr um),W/(m^2 um),value_si=value_native*1e8/(wavelength_um^2),2418.0,4.1356492969396195,0.79156238,4.2492e-09,0.024843899620799997,0.0,0.0,0.0,0.0,2.6919e-11,0.00015738796335600002,2.6919e-11,0.00015738796335600002,0.0,0.0,0.0,0.0,4.2761e-09,0.025001287584156
mwir_std_solar_scatter,D:\HwaSimIR\HwaSim_IR\Bin\Config\Atmosphere\MODTRAN\raw\audit_mwir_standard_20260906\mwir_std_solar_scatter\MODOUT2.txt,W/(cm^2 sr cm^-1),W/(cm^2 cm^-1),W/(m^2 sr um),W/(m^2 um),value_si=value_native*1e8/(wavelength_um^2),2419.0,4.133939644481191,0.79861319,4.0901e-09,0.0239334696461,0.0,0.0,0.0,0.0,2.7237e-11,0.00015937896695699996,2.7237e-11,0.00015937896695699996,0.0,0.0,0.0,0.0,4.1173e-09,0.024092848613056998
mwir_std_solar_scatter,D:\HwaSimIR\HwaSim_IR\Bin\Config\Atmosphere\MODTRAN\raw\audit_mwir_standard_20260906\mwir_std_solar_scatter\MODOUT2.txt,W/(cm^2 sr cm^-1),W/(cm^2 cm^-1),W/(m^2 sr um),W/(m^2 um),value_si=value_native*1e8/(wavelength_um^2),2420.0,4.132231404958677,0.7999202,4.0476e-09,0.023704364640000006,0.0,0.0,0.0,0.0,2.7353e-11,0.00016019010920000003,2.7353e-11,0.00016019010920000003,0.0,0.0,0.0,0.0,4.0749e-09,0.023864554749200007
mwir_std_solar_scatter,D:\HwaSimIR\HwaSim_IR\Bin\Config\Atmosphere\MODTRAN\raw\audit_mwir_standard_20260906\mwir_std_solar_scatter\MODOUT2.txt,W/(cm^2 sr cm^-1),W/(cm^2 cm^-1),W/(m^2 sr um),W/(m^2 um),value_si=value_native*1e8/(wavelength_um^2),2421.0,4.130524576621231,0.80168146,3.9955e-09,0.0234185884155,0.0,0.0,0.0,0.0,2.748e-11,0.00016106690268,2.748e-11,0.00016106690268,0.0,0.0,0.0,0.0,4.023e-09,0.02357965531818
mwir_std_solar_scatter,D:\HwaSimIR\HwaSim_IR\Bin\Config\Atmosphere\MODTRAN\raw\audit_mwir_standard_20260906\mwir_std_solar_scatter\MODOUT2.txt,W/(cm^2 sr cm^-1),W/(cm^2 cm^-1),W/(m^2 sr um),W/(m^2 um),value_si=value_native*1e8/(wavelength_um^2),2422.0,4.1288191577208915,0.80667067,3.8799e-09,0.022759819311600007,0.0,0.0,0.0,0.0,2.7804e-11,0.00016310059953600004,2.7804e-11,0.00016310059953600004,0.0,0.0,0.0,0.0,3.9077e-09,0.022922919911136007
mwir_std_solar_scatter,D:\HwaSimIR\HwaSim_IR\Bin\Config\Atmosphere\MODTRAN\raw\audit_mwir_standard_20260906\mwir_std_solar_scatter\MODOUT2.txt,W/(cm^2 sr cm^-1),W/(cm^2 cm^-1),W/(m^2 sr um),W/(m^2 um),value_si=value_native*1e8/(wavelength_um^2),2423.0,4.127115146512588,0.80415362,3.9143e-09,0.0229805773847,0.0,0.0,0.0,0.0,2.7761e-11,0.00016298285996899997,2.7761e-11,0.00016298285996899997,0.0,0.0,0.0,0.0,3.942e-09,0.023143560244669
mwir_std_solar_scatter,D:\HwaSimIR\HwaSim_IR\Bin\Config\Atmosphere\MODTRAN\raw\audit_mwir_standard_20260906\mwir_std_solar_scatter\MODOUT2.txt,W/(cm^2 sr cm^-1),W/(cm^2 cm^-1),W/(m^2 sr um),W/(m^2 um),value_si=value_native*1e8/(wavelength_um^2),2424.0,4.125412541254126,0.81068546,3.7688e-09,0.022144624588799993,0.0,0.0,0.0,0.0,2.811e-11,0.00016516806336,2.811e-11,0.00016516806336,0.0,0.0,0.0,0.0,3.7969e-09,0.022309792652159995
mwir_std_solar_scatter,D:\HwaSimIR\HwaSim_IR\Bin\Config\Atmosphere\MODTRAN\raw\audit_mwir_standard_20260906\mwir_std_solar_scatter\MODOUT2.txt,W/(cm^2 sr cm^-1),W/(cm^2 cm^-1),W/(m^2 sr um),W/(m^2 um),value_si=value_native*1e8/(wavelength_um^2),2425.0,4.123711340206185,0.81060386,3.7541e-09,0.022076454312500004,0.0,0.0,0.0,0.0,2.8162e-11,0.00016561016125000004,2.8162e-11,0.00016561016125000004,0.0,0.0,0.0,0.0,3.7823e-09,0.022242064473750003
mwir_std_solar_scatter,D:\HwaSimIR\HwaSim_IR\Bin\Config\Atmosphere\MODTRAN\raw\audit_mwir_standard_20260906\mwir_std_solar_scatter\MODOUT2.txt,W/(cm^2 sr cm^-1),W/(cm^2 cm^-1),W/(m^2 sr um),W/(m^2 um),value_si=value_native*1e8/(wavelength_um^2),2426.0,4.122011541632316,0.81345773,3.6828e-09,0.0216750310128,0.0,0.0,0.0,0.0,2.834e-11,0.00016679438984,2.834e-11,0.00016679438984,0.0,0.0,0.0,0.0,3.7111e-09,0.02184182540264
mwir_std_solar_scatter,D:\HwaSimIR\HwaSim_IR\Bin\Config\Atmosphere\MODTRAN\raw\audit_mwir_standard_20260906\mwir_std_solar_scatter\MODOUT2.txt,W/(cm^2 sr cm^-1),W/(cm^2 cm^-1),W/(m^2 sr um),W/(m^2 um),value_si=value_native*1e8/(wavelength_um^2),2427.0,4.120313143798929,0.81703871,3.598e-09,0.021193403742,0.0,0.0,0.0,0.0,2.8527e-11,0.000168033415383,2.8527e-11,0.000168033415383,0.0,0.0,0.0,0.0,3.6265e-09,0.021361437157383
mwir_std_solar_scatter,D:\HwaSimIR\HwaSim_IR\Bin\Config\Atmosphere\MODTRAN\raw\audit_mwir_standard_20260906\mwir_std_solar_scatter\MODOUT2.txt,W/(cm^2 sr cm^-1),W/(cm^2 cm^-1),W/(m^2 sr um),W/(m^2 um),value_si=value_native*1e8/(wavelength_um^2),2428.0,4.118616144975288,0.81834996,3.5574e-09,0.020971527561600003,0.0,0.0,0.0,0.0,2.8641e-11,0.00016884396494400004,2.8641e-11,0.00016884396494400004,0.0,0.0,0.0,0.0,3.586e-09,0.021140371526544004
mwir_std_solar_scatter,D:\HwaSimIR\HwaSim_IR\Bin\Config\Atmosphere\MODTRAN\raw\audit_mwir_standard_20260906\mwir_std_solar_scatter\MODOUT2.txt,W/(cm^2 sr cm^-1),W/(cm^2 cm^-1),W/(m^2 sr um),W/(m^2 um),value_si=value_native*1e8/(wavelength_um^2),2429.0,4.116920543433512,0.81657982,3.5708e-09,0.0210678664028,0.0,0.0,0.0,0.0,2.8582e-11,0.00016863497186199997,2.8582e-11,0.00016863497186199997,0.0,0.0,0.0,0.0,3.5994e-09,0.021236501374662
mwir_std_solar_scatter,D:\HwaSimIR\HwaSim_IR\Bin\Config\Atmosphere\MODTRAN\raw\audit_mwir_standard_20260906\mwir_std_solar_scatter\MODOUT2.txt,W/(cm^2 sr cm^-1),W/(cm^2 cm^-1),W/(m^2 sr um),W/(m^2 um),value_si=value_native*1e8/(wavelength_um^2),2430.0,4.11522633744856,0.82049704,3.4871e-09,0.020590976790000003,0.0,0.0,0.0,0.0,2.878e-11,0.000169943022,2.878e-11,0.000169943022,0.0,0.0,0.0,0.0,3.5159e-09,0.020760919812000005
mwir_std_solar_scatter,D:\HwaSimIR\HwaSim_IR\Bin\Config\Atmosphere\MODTRAN\raw\audit_mwir_standard_20260906\mwir_std_solar_scatter\MODOUT2.txt,W/(cm^2 sr cm^-1),W/(cm^2 cm^-1),W/(m^2 sr um),W/(m^2 um),value_si=value_native*1e8/(wavelength_um^2),2431.0,4.113533525298231,0.82219779,3.4352e-09,0.0203012109872,0.0,0.0,0.0,0.0,2.8844e-11,0.000170461146284,2.8844e-11,0.000170461146284,0.0,0.0,0.0,0.0,3.464e-09,0.020471672133483998
mwir_std_solar_scatter,D:\HwaSimIR\HwaSim_IR\Bin\Config\Atmosphere\MODTRAN\raw\audit_mwir_standard_20260906\mwir_std_solar_scatter\MODOUT2.txt,W/(cm^2 sr cm^-1),W/(cm^2 cm^-1),W/(m^2 sr um),W/(m^2 um),value_si=value_native*1e8/(wavelength_um^2),2432.0,4.1118421052631575,0.81914288,3.4728e-09,0.020540306227200003,0.0,0.0,0.0,0.0,2.8743e-11,0.00017000403763200002,2.8743e-11,0.00017000403763200002,0.0,0.0,0.0,0.0,3.5016e-09,0.020710310264832003
mwir_std_solar_scatter,D:\HwaSimIR\HwaSim_IR\Bin\Config\Atmosphere\MODTRAN\raw\audit_mwir_standard_20260906\mwir_std_solar_scatter\MODOUT2.txt,W/(cm^2 sr cm^-1),W/(cm^2 cm^-1),W/(m^2 sr um),W/(m^2 um),value_si=value_native*1e8/(wavelength_um^2),2433.0,4.110152075626798,0.8250019,3.3538e-09,0.0198527822082,0.0,0.0,0.0,0.0,2.9089e-11,0.000172192015521,2.9089e-11,0.000172192015521,0.0,0.0,0.0,0.0,3.3829e-09,0.020024974223720998
mwir_std_solar_scatter,D:\HwaSimIR\HwaSim_IR\Bin\Config\Atmosphere\MODTRAN\raw\audit_mwir_standard_20260906\mwir_std_solar_scatter\MODOUT2.txt,W/(cm^2 sr cm^-1),W/(cm^2 cm^-1),W/(m^2 sr um),W/(m^2 um),value_si=value_native*1e8/(wavelength_um^2),2434.0,4.108463434675431,0.82862091,3.2712e-09,0.019379753347200004,0.0,0.0,0.0,0.0,2.932e-11,0.00017370211792000004,2.932e-11,0.00017370211792000004,0.0,0.0,0.0,0.0,3.3005e-09,0.019553455465120006
mwir_std_solar_scatter,D:\HwaSimIR\HwaSim_IR\Bin\Config\Atmosphere\MODTRAN\raw\audit_mwir_standard_20260906\mwir_std_solar_scatter\MODOUT2.txt,W/(cm^2 sr cm^-1),W/(cm^2 cm^-1),W/(m^2 sr um),W/(m^2 um),value_si=value_native*1e8/(wavelength_um^2),2435.0,4.1067761806981515,0.82787704,3.2703e-09,0.019390344517500005,0.0,0.0,0.0,0.0,2.9387e-11,0.00017424213507500006,2.9387e-11,0.00017424213507500006,0.0,0.0,0.0,0.0,3.2997e-09,0.019564586652575006
mwir_std_solar_scatter,D:\HwaSimIR\HwaSim_IR\Bin\Config\Atmosphere\MODTRAN\raw\audit_mwir_standard_20260906\mwir_std_solar_scatter\MODOUT2.txt,W/(cm^2 sr cm^-1),W/(cm^2 cm^-1),W/(m^2 sr um),W/(m^2 um),value_si=value_native*1e8/(wavelength_um^2),2436.0,4.105090311986864,0.8283087,3.2471e-09,0.019268603121600003,0.0,0.0,0.0,0.0,2.9524e-11,0.00017519825030400002,2.9524e-11,0.00017519825030400002,0.0,0.0,0.0,0.0,3.2766e-09,0.019443801371904004
mwir_std_solar_scatter,D:\HwaSimIR\HwaSim_IR\Bin\Config\Atmosphere\MODTRAN\raw\audit_mwir_standard_20260906\mwir_std_solar_scatter\MODOUT2.txt,W/(cm^2 sr cm^-1),W/(cm^2 cm^-1),W/(m^2 sr um),W/(m^2 um),value_si=value_native*1e8/(wavelength_um^2),2437.0,4.1034058268362745,0.83057499,3.1929e-09,0.018962534120099996,0.0,0.0,0.0,0.0,2.9688e-11,0.00017631611167199995,2.9688e-11,0.00017631611167199995,0.0,0.0,0.0,0.0,3.2226e-09,0.019138850231771996
mwir_std_solar_scatter,D:\HwaSimIR\HwaSim_IR\Bin\Config\Atmosphere\MODTRAN\raw\audit_mwir_standard_20260906\mwir_std_solar_scatter\MODOUT2.txt,W/(cm^2 sr cm^-1),W/(cm^2 cm^-1),W/(m^2 sr um),W/(m^2 um),value_si=value_native*1e8/(wavelength_um^2),2438.0,4.1017227235438884,0.82963282,3.1926e-09,0.0189763163544,0.0,0.0,0.0,0.0,2.9693e-11,0.00017649055989200002,2.9693e-11,0.00017649055989200002,0.0,0.0,0.0,0.0,3.2223e-09,0.019152806914291998
mwir_std_solar_scatter,D:\HwaSimIR\HwaSim_IR\Bin\Config\Atmosphere\MODTRAN\raw\audit_mwir_standard_20260906\mwir_std_solar_scatter\MODOUT2.txt,W/(cm^2 sr cm^-1),W/(cm^2 cm^-1),W/(m^2 sr um),W/(m^2 um),value_si=value_native*1e8/(wavelength_um^2),2439.0,4.1000410004100045,0.83015811,3.168e-09,0.018845548127999993,0.0,0.0,0.0,0.0,2.9761e-11,0.00017703988568099993,2.9761e-11,0.00017703988568099993,0.0,0.0,0.0,0.0,3.1978e-09,0.019022588013680994
mwir_std_solar_scatter,D:\HwaSimIR\HwaSim_IR\Bin\Config\Atmosphere\MODTRAN\raw\audit_mwir_standard_20260906\mwir_std_solar_scatter\MODOUT2.txt,W/(cm^2 sr cm^-1),W/(cm^2 cm^-1),W/(m^2 sr um),W/(m^2 um),value_si=value_native*1e8/(wavelength_um^2),2440.0,4.098360655737705,0.83018917,3.1527e-09,0.018769914720000003,0.0,0.0,0.0,0.0,2.9789e-11,0.00017735179040000002,2.9789e-11,0.00017735179040000002,0.0,0.0,0.0,0.0,3.1825e-09,0.018947266510400004
mwir_std_solar_scatter,D:\HwaSimIR\HwaSim_IR\Bin\Config\Atmosphere\MODTRAN\raw\audit_mwir_standard_20260906\mwir_std_solar_scatter\MODOUT2.txt,W/(cm^2 sr cm^-1),W/(cm^2 cm^-1),W/(m^2 sr um),W/(m^2 um),value_si=value_native*1e8/(wavelength_um^2),2441.0,4.096681687832856,0.8219198,3.2666e-09,0.0194639740346,0.0,0.0,0.0,0.0,2.9322e-11,0.00017471457988199997,2.9322e-11,0.00017471457988199997,0.0,0.0,0.0,0.0,3.296e-09,0.019638688614481998
mwir_std_solar_scatter,D:\HwaSimIR\HwaSim_IR\Bin\Config\Atmosphere\MODTRAN\raw\audit_mwir_standard_20260906\mwir_std_solar_scatter\MODOUT2.txt,W/(cm^2 sr cm^-1),W/(cm^2 cm^-1),W/(m^2 sr um),W/(m^2 um),value_si=value_native*1e8/(wavelength_um^2),2442.0,4.095004095004095,0.8290782,3.1378e-09,0.018711843559200005,0.0,0.0,0.0,0.0,2.9769e-11,0.00017752338291600006,2.9769e-11,0.00017752338291600006,0.0,0.0,0.0,0.0,3.1676e-09,0.018889366942116004
mwir_std_solar_scatter,D:\HwaSimIR\HwaSim_IR\Bin\Config\Atmosphere\MODTRAN\raw\audit_mwir_standard_20260906\mwir_std_solar_scatter\MODOUT2.txt,W/(cm^2 sr cm^-1),W/(cm^2 cm^-1),W/(m^2 sr um),W/(m^2 um),value_si=value_native*1e8/(wavelength_um^2),2443.0,4.093327875562832,0.83238322,3.0652e-09,0.018293876834800004,0.0,0.0,0.0,0.0,2.9961e-11,0.00017881470828900005,2.9961e-11,0.00017881470828900005,0.0,0.0,0.0,0.0,3.0952e-09,0.018472691543089004
mwir_std_solar_scatter,D:\HwaSimIR\HwaSim_IR\Bin\Config\Atmosphere\MODTRAN\raw\audit_mwir_standard_20260906\mwir_std_solar_scatter\MODOUT2.txt,W/(cm^2 sr cm^-1),W/(cm^2 cm^-1),W/(m^2 sr um),W/(m^2 um),value_si=value_native*1e8/(wavelength_um^2),2444.0,4.091653027823241,0.83367455,3.0273e-09,0.0180824746128,0.0,0.0,0.0,0.0,2.9974e-11,0.000179038778464,2.9974e-11,0.000179038778464,0.0,0.0,0.0,0.0,3.0572e-09,0.018261513391264
mwir_std_solar_scatter,D:\HwaSimIR\HwaSim_IR\Bin\Config\Atmosphere\MODTRAN\raw\audit_mwir_standard_20260906\mwir_std_solar_scatter\MODOUT2.txt,W/(cm^2 sr cm^-1),W/(cm^2 cm^-1),W/(m^2 sr um),W/(m^2 um),value_si=value_native*1e8/(wavelength_um^2),2445.0,4.08997955010225,0.83424366,3.0011e-09,0.017940650827499998,0.0,0.0,0.0,0.0,3.0041e-11,0.00017958584902500003,3.0041e-11,0.00017958584902500003,0.0,0.0,0.0,0.0,3.0311e-09,0.018120236676524997
mwir_std_solar_scatter,D:\HwaSimIR\HwaSim_IR\Bin\Config\Atmosphere\MODTRAN\raw\audit_mwir_standard_20260906\mwir_std_solar_scatter\MODOUT2.txt,W/(cm^2 sr cm^-1),W/(cm^2 cm^-1),W/(m^2 sr um),W/(m^2 um),value_si=value_native*1e8/(wavelength_um^2),2446.0,4.088307440719542,0.83770144,2.9243e-09,0.0174958412588,0.0,0.0,0.0,0.0,3.0257e-11,0.00018102508941200002,3.0257e-11,0.00018102508941200002,0.0,0.0,0.0,0.0,2.9546e-09,0.017676866348212
mwir_std_solar_scatter,D:\HwaSimIR\HwaSim_IR\Bin\Config\Atmosphere\MODTRAN\raw\audit_mwir_standard_20260906\mwir_std_solar_scatter\MODOUT2.txt,W/(cm^2 sr cm^-1),W/(cm^2 cm^-1),W/(m^2 sr um),W/(m^2 um),value_si=value_native*1e8/(wavelength_um^2),2447.0,4.086636697997548,0.83791256,2.9096e-09,0.017422129066399998,0.0,0.0,0.0,0.0,3.0323e-11,0.00018156833230699999,3.0323e-11,0.00018156833230699999,0.0,0.0,0.0,0.0,2.9399e-09,0.017603697398707
mwir_std_solar_scatter,D:\HwaSimIR\HwaSim_IR\Bin\Config\Atmosphere\MODTRAN\raw\audit_mwir_standard_20260906\mwir_std_solar_scatter\MODOUT2.txt,W/(cm^2 sr cm^-1),W/(cm^2 cm^-1),W/(m^2 sr um),W/(m^2 um),value_si=value_native*1e8/(wavelength_um^2),2448.0,4.084967320261438,0.82576835,3.0804e-09,0.018459925401600002,0.0,0.0,0.0,0.0,2.9669e-11,0.00017779753497600001,2.9669e-11,0.00017779753497600001,0.0,0.0,0.0,0.0,3.1101e-09,0.018637722936576003
mwir_std_solar_scatter,D:\HwaSimIR\HwaSim_IR\Bin\Config\Atmosphere\MODTRAN\raw\audit_mwir_standard_20260906\mwir_std_solar_scatter\MODOUT2.txt,W/(cm^2 sr cm^-1),W/(cm^2 cm^-1),W/(m^2 sr um),W/(m^2 um),value_si=value_native*1e8/(wavelength_um^2),2449.0,4.083299305839118,0.84136158,2.8196e-09,0.016910835779599998,0.0,0.0,0.0,0.0,3.0669e-11,0.000183940425069,3.0669e-11,0.000183940425069,0.0,0.0,0.0,0.0,2.8503e-09,0.017094776204669
mwir_std_solar_scatter,D:\HwaSimIR\HwaSim_IR\Bin\Config\Atmosphere\MODTRAN\raw\audit_mwir_standard_20260906\mwir_std_solar_scatter\MODOUT2.txt,W/(cm^2 sr cm^-1),W/(cm^2 cm^-1),W/(m^2 sr um),W/(m^2 um),value_si=value_native*1e8/(wavelength_um^2),2450.0,4.081632653061225,0.84360296,2.7683e-09,0.01661672075,0.0,0.0,0.0,0.0,3.0858e-11,0.000185225145,3.0858e-11,0.000185225145,0.0,0.0,0.0,0.0,2.7991e-09,0.016801945895
mwir_std_solar_scatter,D:\HwaSimIR\HwaSim_IR\Bin\Config\Atmosphere\MODTRAN\raw\audit_mwir_standard_20260906\mwir_std_solar_scatter\MODOUT2.txt,W/(cm^2 sr cm^-1),W/(cm^2 cm^-1),W/(m^2 sr um),W/(m^2 um),value_si=value_native*1e8/(wavelength_um^2),2451.0,4.079967360261118,0.84236836,2.7724e-09,0.0166549185324,0.0,0.0,0.0,0.0,3.081e-11,0.00018508802481,3.081e-11,0.00018508802481,0.0,0.0,0.0,0.0,2.8032e-09,0.01684000655721
mwir_std_solar_scatter,D:\HwaSimIR\HwaSim_IR\Bin\Config\Atmosphere\MODTRAN\raw\audit_mwir_standard_20260906\mwir_std_solar_scatter\MODOUT2.txt,W/(cm^2 sr cm^-1),W/(cm^2 cm^-1),W/(m^2 sr um),W/(m^2 um),value_si=value_native*1e8/(wavelength_um^2),2452.0,4.078303425774878,0.84584051,2.7015e-09,0.016242239256,0.0,0.0,0.0,0.0,3.1043e-11,0.00018663995307199998,3.1043e-11,0.00018663995307199998,0.0,0.0,0.0,0.0,2.7326e-09,0.016428879209072
mwir_std_solar_scatter,D:\HwaSimIR\HwaSim_IR\Bin\Config\Atmosphere\MODTRAN\raw\audit_mwir_standard_20260906\mwir_std_solar_scatter\MODOUT2.txt,W/(cm^2 sr cm^-1),W/(cm^2 cm^-1),W/(m^2 sr um),W/(m^2 um),value_si=value_native*1e8/(wavelength_um^2),2453.0,4.076640847941296,0.85082459,2.6059e-09,0.015680244933100003,0.0,0.0,0.0,0.0,3.1349e-11,0.00018863348494100002,3.1349e-11,0.00018863348494100002,0.0,0.0,0.0,0.0,2.6373e-09,0.015868878418041004
mwir_std_solar_scatter,D:\HwaSimIR\HwaSim_IR\Bin\Config\Atmosphere\MODTRAN\raw\audit_mwir_standard_20260906\mwir_std_solar_scatter\MODOUT2.txt,W/(cm^2 sr cm^-1),W/(cm^2 cm^-1),W/(m^2 sr um),W/(m^2 um),value_si=value_native*1e8/(wavelength_um^2),2454.0,4.074979625101874,0.8429997,2.7082e-09,0.016309094551200002,0.0,0.0,0.0,0.0,3.0909e-11,0.000186137583444,3.0909e-11,0.000186137583444,0.0,0.0,0.0,0.0,2.7391e-09,0.016495232134644003
mwir_std_solar_scatter,D:\HwaSimIR\HwaSim_IR\Bin\Config\Atmosphere\MODTRAN\raw\audit_mwir_standard_20260906\mwir_std_solar_scatter\MODOUT2.txt,W/(cm^2 sr cm^-1),W/(cm^2 cm^-1),W/(m^2 sr um),W/(m^2 um),value_si=value_native*1e8/(wavelength_um^2),2455.0,4.0733197556008145,0.85970455,2.4367e-09,0.014686051817500002,0.0,0.0,0.0,0.0,3.1862e-11,0.00019203307055000001,3.1862e-11,0.00019203307055000001,0.0,0.0,0.0,0.0,2.4685e-09,0.014878084888050001
mwir_std_solar_scatter,D:\HwaSimIR\HwaSim_IR\Bin\Config\Atmosphere\MODTRAN\raw\audit_mwir_standard_20260906\mwir_std_solar_scatter\MODOUT2.txt,W/(cm^2 sr cm^-1),W/(cm^2 cm^-1),W/(m^2 sr um),W/(m^2 um),value_si=value_native*1e8/(wavelength_um^2),2456.0,4.071661237785016,0.86333609,2.3659e-09,0.014270957382400001,0.0,0.0,0.0,0.0,3.2088e-11,0.00019355276236800002,3.2088e-11,0.00019355276236800002,0.0,0.0,0.0,0.0,2.398e-09,0.014464510144768001
mwir_std_solar_scatter,D:\HwaSimIR\HwaSim_IR\Bin\Config\Atmosphere\MODTRAN\raw\audit_mwir_standard_20260906\mwir_std_solar_scatter\MODOUT2.txt,W/(cm^2 sr cm^-1),W/(cm^2 cm^-1),W/(m^2 sr um),W/(m^2 um),value_si=value_native*1e8/(wavelength_um^2),2457.0,4.07000407000407,0.8663258,2.3055e-09,0.0139179553695,0.0,0.0,0.0,0.0,3.2253e-11,0.000194706490797,3.2253e-11,0.000194706490797,0.0,0.0,0.0,0.0,2.3378e-09,0.014112661860296999
mwir_std_solar_scatter,D:\HwaSimIR\HwaSim_IR\Bin\Config\Atmosphere\MODTRAN\raw\audit_mwir_standard_20260906\mwir_std_solar_scatter\MODOUT2.txt,W/(cm^2 sr cm^-1),W/(cm^2 cm^-1),W/(m^2 sr um),W/(m^2 um),value_si=value_native*1e8/(wavelength_um^2),2458.0,4.068348250610252,0.87081993,2.2234e-09,0.013433258077600003,0.0,0.0,0.0,0.0,3.2428e-11,0.00019592232299200005,3.2428e-11,0.00019592232299200005,0.0,0.0,0.0,0.0,2.2558e-09,0.013629180400592003
mwir_std_solar_scatter,D:\HwaSimIR\HwaSim_IR\Bin\Config\Atmosphere\MODTRAN\raw\audit_mwir_standard_20260906\mwir_std_solar_scatter\MODOUT2.txt,W/(cm^2 sr cm^-1),W/(cm^2 cm^-1),W/(m^2 sr um),W/(m^2 um),value_si=value_native*1e8/(wavelength_um^2),2459.0,4.06669377795852,0.86921215,2.2338e-09,0.0135070760178,0.0,0.0,0.0,0.0,3.2329e-11,0.000195483150049,3.2329e-11,0.000195483150049,0.0,0.0,0.0,0.0,2.2661e-09,0.013702559167849002
mwir_std_solar_scatter,D:\HwaSimIR\HwaSim_IR\Bin\Config\Atmosphere\MODTRAN\raw\audit_mwir_standard_20260906\mwir_std_solar_scatter\MODOUT2.txt,W/(cm^2 sr cm^-1),W/(cm^2 cm^-1),W/(m^2 sr um),W/(m^2 um),value_si=value_native*1e8/(wavelength_um^2),2460.0,4.065040650406504,0.87520885,2.1337e-09,0.012912298919999999,0.0,0.0,0.0,0.0,3.2811e-11,0.00019855904759999996,3.2811e-11,0.00019855904759999996,0.0,0.0,0.0,0.0,2.1665e-09,0.013110857967599998
mwir_std_solar_scatter,D:\HwaSimIR\HwaSim_IR\Bin\Config\Atmosphere\MODTRAN\raw\audit_mwir_standard_20260906\mwir_std_solar_scatter\MODOUT2.txt,W/(cm^2 sr cm^-1),W/(cm^2 cm^-1),W/(m^2 sr um),W/(m^2 um),value_si=value_native*1e8/(wavelength_um^2),2461.0,4.063388866314506,0.88354629,1.9915e-09,0.012061561571500002,0.0,0.0,0.0,0.0,3.3365e-11,0.00020207582316500002,3.3365e-11,0.00020207582316500002,0.0,0.0,0.0,0.0,2.0249e-09,0.012263637394665001
mwir_std_solar_scatter,D:\HwaSimIR\HwaSim_IR\Bin\Config\Atmosphere\MODTRAN\raw\audit_mwir_standard_20260906\mwir_std_solar_scatter\MODOUT2.txt,W/(cm^2 sr cm^-1),W/(cm^2 cm^-1),W/(m^2 sr um),W/(m^2 um),value_si=value_native*1e8/(wavelength_um^2),2462.0,4.061738424045491,0.88588518,1.9458e-09,0.011794357735200002,0.0,0.0,0.0,0.0,3.3592e-11,0.00020361602684800003,3.3592e-11,0.00020361602684800003,0.0,0.0,0.0,0.0,1.9794e-09,0.011997973762048001
mwir_std_solar_scatter,D:\HwaSimIR\HwaSim_IR\Bin\Config\Atmosphere\MODTRAN\raw\audit_mwir_standard_20260906\mwir_std_solar_scatter\MODOUT2.txt,W/(cm^2 sr cm^-1),W/(cm^2 cm^-1),W/(m^2 sr um),W/(m^2 um),value_si=value_native*1e8/(wavelength_um^2),2463.0,4.0600893219650835,0.88545078,1.943e-09,0.011786954966999998,0.0,0.0,0.0,0.0,3.3738e-11,0.00020466715732199997,3.3738e-11,0.00020466715732199997,0.0,0.0,0.0,0.0,1.9768e-09,0.011991622124321998
mwir_std_solar_scatter,D:\HwaSimIR\HwaSim_IR\Bin\Config\Atmosphere\MODTRAN\raw\audit_mwir_standard_20260906\mwir_std_solar_scatter\MODOUT2.txt,W/(cm^2 sr cm^-1),W/(cm^2 cm^-1),W/(m^2 sr um),W/(m^2 um),value_si=value_native*1e8/(wavelength_um^2),2464.0,4.058441558441558,0.88467091,1.9443e-09,0.0118044208128,0.0,0.0,0.0,0.0,3.3681e-11,0.00020448732057600004,3.3681e-11,0.00020448732057600004,0.0,0.0,0.0,0.0,1.978e-09,0.012008908133376
mwir_std_solar_scatter,D:\HwaSimIR\HwaSim_IR\Bin\Config\Atmosphere\MODTRAN\raw\audit_mwir_standard_20260906\mwir_std_solar_scatter\MODOUT2.txt,W/(cm^2 sr cm^-1),W/(cm^2 cm^-1),W/(m^2 sr um),W/(m^2 um),value_si=value_native*1e8/(wavelength_um^2),2465.0,4.056795131845842,0.87616116,2.0599e-09,0.012516415877499997,0.0,0.0,0.0,0.0,3.2947e-11,0.00020019338507499998,3.2947e-11,0.00020019338507499998,0.0,0.0,0.0,0.0,2.0929e-09,0.012716609262574997
mwir_std_solar_scatter,D:\HwaSimIR\HwaSim_IR\Bin\Config\Atmosphere\MODTRAN\raw\audit_mwir_standard_20260906\mwir_std_solar_scatter\MODOUT2.txt,W/(cm^2 sr cm^-1),W/(cm^2 cm^-1),W/(m^2 sr um),W/(m^2 um),value_si=value_native*1e8/(wavelength_um^2),2466.0,4.0551500405515,0.88005227,1.9913e-09,0.012109405942800001,0.0,0.0,0.0,0.0,3.2778e-11,0.000199328131368,3.2778e-11,0.000199328131368,0.0,0.0,0.0,0.0,2.024e-09,0.012308734074168002
mwir_std_solar_scatter,D:\HwaSimIR\HwaSim_IR\Bin\Config\Atmosphere\MODTRAN\raw\audit_mwir_standard_20260906\mwir_std_solar_scatter\MODOUT2.txt,W/(cm^2 sr cm^-1),W/(cm^2 cm^-1),W/(m^2 sr um),W/(m^2 um),value_si=value_native*1e8/(wavelength_um^2),2467.0,4.053506282934738,0.88030005,1.9766e-09,0.0120297635174,0.0,0.0,0.0,0.0,3.271e-11,0.00019907597119000003,3.271e-11,0.00019907597119000003,0.0,0.0,0.0,0.0,2.0093e-09,0.01222883948859
mwir_std_solar_scatter,D:\HwaSimIR\HwaSim_IR\Bin\Config\Atmosphere\MODTRAN\raw\audit_mwir_standard_20260906\mwir_std_solar_scatter\MODOUT2.txt,W/(cm^2 sr cm^-1),W/(cm^2 cm^-1),W/(m^2 sr um),W/(m^2 um),value_si=value_native*1e8/(wavelength_um^2),2468.0,4.051863857374392,0.88161308,1.9458e-09,0.011851914499200002,0.0,0.0,0.0,0.0,3.2802e-11,0.00019979776924800003,3.2802e-11,0.00019979776924800003,0.0,0.0,0.0,0.0,1.9786e-09,0.012051712268448003
mwir_std_solar_scatter,D:\HwaSimIR\HwaSim_IR\Bin\Config\Atmosphere\MODTRAN\raw\audit_mwir_standard_20260906\mwir_std_solar_scatter\MODOUT2.txt,W/(cm^2 sr cm^-1),W/(cm^2 cm^-1),W/(m^2 sr um),W/(m^2 um),value_si=value_native*1e8/(wavelength_um^2),2469.0,4.050222762251924,0.86865592,2.1225e-09,0.0129386772225,0.0,0.0,0.0,0.0,3.2117e-11,0.000195783979437,3.2117e-11,0.000195783979437,0.0,0.0,0.0,0.0,2.1546e-09,0.013134461201937
mwir_std_solar_scatter,D:\HwaSimIR\HwaSim_IR\Bin\Config\Atmosphere\MODTRAN\raw\audit_mwir_standard_20260906\mwir_std_solar_scatter\MODOUT2.txt,W/(cm^2 sr cm^-1),W/(cm^2 cm^-1),W/(m^2 sr um),W/(m^2 um),value_si=value_native*1e8/(wavelength_um^2),2470.0,4.048582995951417,0.88157189,1.9231e-09,0.011732640790000002,0.0,0.0,0.0,0.0,3.3144e-11,0.0002022082296,3.3144e-11,0.0002022082296,0.0,0.0,0.0,0.0,1.9562e-09,0.011934849019600001
mwir_std_solar_scatter,D:\HwaSimIR\HwaSim_IR\Bin\Config\Atmosphere\MODTRAN\raw\audit_mwir_standard_20260906\mwir_std_solar_scatter\MODOUT2.txt,W/(cm^2 sr cm^-1),W/(cm^2 cm^-1),W/(m^2 sr um),W/(m^2 um),value_si=value_native*1e8/(wavelength_um^2),2471.0,4.046944556859571,0.88230258,1.9036e-09,0.011623078927600002,0.0,0.0,0.0,0.0,3.3605e-11,0.00020518678680500006,3.3605e-11,0.00020518678680500006,0.0,0.0,0.0,0.0,1.9372e-09,0.011828265714405001
mwir_std_solar_scatter,D:\HwaSimIR\HwaSim_IR\Bin\Config\Atmosphere\MODTRAN\raw\audit_mwir_standard_20260906\mwir_std_solar_scatter\MODOUT2.txt,W/(cm^2 sr cm^-1),W/(cm^2 cm^-1),W/(m^2 sr um),W/(m^2 um),value_si=value_native*1e8/(wavelength_um^2),2472.0,4.0453074433656955,0.87965727,1.9312e-09,0.011801146060800004,0.0,0.0,0.0,0.0,3.3624e-11,0.00020546900121600005,3.3624e-11,0.00020546900121600005,0.0,0.0,0.0,0.0,1.9648e-09,0.012006615062016003
mwir_std_solar_scatter,D:\HwaSimIR\HwaSim_IR\Bin\Config\Atmosphere\MODTRAN\raw\audit_mwir_standard_20260906\mwir_std_solar_scatter\MODOUT2.txt,W/(cm^2 sr cm^-1),W/(cm^2 cm^-1),W/(m^2 sr um),W/(m^2 um),value_si=value_native*1e8/(wavelength_um^2),2473.0,4.043671653861707,0.88267279,1.8763e-09,0.011474942322699997,0.0,0.0,0.0,0.0,3.388e-11,0.0002072008985199999,3.388e-11,0.0002072008985199999,0.0,0.0,0.0,0.0,1.9102e-09,0.011682143221219996
mwir_std_solar_scatter,D:\HwaSimIR\HwaSim_IR\Bin\Config\Atmosphere\MODTRAN\raw\audit_mwir_standard_20260906\mwir_std_solar_scatter\MODOUT2.txt,W/(cm^2 sr cm^-1),W/(cm^2 cm^-1),W/(m^2 sr um),W/(m^2 um),value_si=value_native*1e8/(wavelength_um^2),2474.0,4.042037186742118,0.86274958,2.1508e-09,0.013164349940799996,0.0,0.0,0.0,0.0,3.2792e-11,0.00020070920739199998,3.2792e-11,0.00020070920739199998,0.0,0.0,0.0,0.0,2.1836e-09,0.013365059148191995
mwir_std_solar_scatter,D:\HwaSimIR\HwaSim_IR\Bin\Config\Atmosphere\MODTRAN\raw\audit_mwir_standard_20260906\mwir_std_solar_scatter\MODOUT2.txt,W/(cm^2 sr cm^-1),W/(cm^2 cm^-1),W/(m^2 sr um),W/(m^2 um),value_si=value_native*1e8/(wavelength_um^2),2475.0,4.040404040404041,0.8886804,1.768e-09,0.010830105,0.0,0.0,0.0,0.0,3.4413e-11,0.00021080113312499997,3.4413e-11,0.00021080113312499997,0.0,0.0,0.0,0.0,1.8024e-09,0.011040906133125
mwir_std_solar_scatter,D:\HwaSimIR\HwaSim_IR\Bin\Config\Atmosphere\MODTRAN\raw\audit_mwir_standard_20260906\mwir_std_solar_scatter\MODOUT2.txt,W/(cm^2 sr cm^-1),W/(cm^2 cm^-1),W/(m^2 sr um),W/(m^2 um),value_si=value_native*1e8/(wavelength_um^2),2476.0,4.038772213247173,0.89053428,1.7312e-09,0.010613253171200002,0.0,0.0,0.0,0.0,3.4705e-11,0.00021276164008000002,3.4705e-11,0.00021276164008000002,0.0,0.0,0.0,0.0,1.7659e-09,0.010826014811280002
mwir_std_solar_scatter,D:\HwaSimIR\HwaSim_IR\Bin\Config\Atmosphere\MODTRAN\raw\audit_mwir_standard_20260906\mwir_std_solar_scatter\MODOUT2.txt,W/(cm^2 sr cm^-1),W/(cm^2 cm^-1),W/(m^2 sr um),W/(m^2 um),value_si=value_native*1e8/(wavelength_um^2),2477.0,4.037141703673799,0.88613909,1.7881e-09,0.010970939404899998,0.0,0.0,0.0,0.0,3.4494e-11,0.00021163893732599993,3.4494e-11,0.00021163893732599993,0.0,0.0,0.0,0.0,1.8226e-09,0.011182578342225998
mwir_std_solar_scatter,D:\HwaSimIR\HwaSim_IR\Bin\Config\Atmosphere\MODTRAN\raw\audit_mwir_standard_20260906\mwir_std_solar_scatter\MODOUT2.txt,W/(cm^2 sr cm^-1),W/(cm^2 cm^-1),W/(m^2 sr um),W/(m^2 um),value_si=value_native*1e8/(wavelength_um^2),2478.0,4.035512510088782,0.87339479,1.9611e-09,0.012042103172399999,0.0,0.0,0.0,0.0,3.3775e-11,0.0002073948471,3.3775e-11,0.0002073948471,0.0,0.0,0.0,0.0,1.9949e-09,0.012249498019499998
mwir_std_solar_scatter,D:\HwaSimIR\HwaSim_IR\Bin\Config\Atmosphere\MODTRAN\raw\audit_mwir_standard_20260906\mwir_std_solar_scatter\MODOUT2.txt,W/(cm^2 sr cm^-1),W/(cm^2 cm^-1),W/(m^2 sr um),W/(m^2 um),value_si=value_native*1e8/(wavelength_um^2),2479.0,4.033884630899556,0.89800745,1.5979e-09,0.009819800173900002,0.0,0.0,0.0,0.0,3.5287e-11,0.00021685417656700003,3.5287e-11,0.00021685417656700003,0.0,0.0,0.0,0.0,1.6332e-09,0.010036654350467002
mwir_std_solar_scatter,D:\HwaSimIR\HwaSim_IR\Bin\Config\Atmosphere\MODTRAN\raw\audit_mwir_standard_20260906\mwir_std_solar_scatter\MODOUT2.txt,W/(cm^2 sr cm^-1),W/(cm^2 cm^-1),W/(m^2 sr um),W/(m^2 um),value_si=value_native*1e8/(wavelength_um^2),2480.0,4.032258064516129,0.89862186,1.5805e-09,0.009720707200000001,0.0,0.0,0.0,0.0,3.5361e-11,0.00021748429439999998,3.5361e-11,0.00021748429439999998,0.0,0.0,0.0,0.0,1.6159e-09,0.0099381914944
mwir_std_solar_scatter,D:\HwaSimIR\HwaSim_IR\Bin\Config\Atmosphere\MODTRAN\raw\audit_mwir_standard_20260906\mwir_std_solar_scatter\MODOUT2.txt,W/(cm^2 sr cm^-1),W/(cm^2 cm^-1),W/(m^2 sr um),W/(m^2 um),value_si=value_native*1e8/(wavelength_um^2),2481.0,4.030632809351068,0.90366626,1.4993e-09,0.009228732747300001,0.0,0.0,0.0,0.0,3.5696e-11,0.00021972176625600004,3.5696e-11,0.00021972176625600004,0.0,0.0,0.0,0.0,1.535e-09,0.009448454513556002
mwir_std_solar_scatter,D:\HwaSimIR\HwaSim_IR\Bin\Config\Atmosphere\MODTRAN\raw\audit_mwir_standard_20260906\mwir_std_solar_scatter\MODOUT2.txt,W/(cm^2 sr cm^-1),W/(cm^2 cm^-1),W/(m^2 sr um),W/(m^2 um),value_si=value_native*1e8/(wavelength_um^2),2482.0,4.0290088638195005,0.89467293,1.618e-09,0.009967404231999998,0.0,0.0,0.0,0.0,3.5249e-11,0.000217145260676,3.5249e-11,0.000217145260676,0.0,0.0,0.0,0.0,1.6533e-09,0.010184549492675998
mwir_std_solar_scatter,D:\HwaSimIR\HwaSim_IR\Bin\Config\Atmosphere\MODTRAN\raw\audit_mwir_standard_20260906\mwir_std_solar_scatter\MODOUT2.txt,W/(cm^2 sr cm^-1),W/(cm^2 cm^-1),W/(m^2 sr um),W/(m^2 um),value_si=value_native*1e8/(wavelength_um^2),2483.0,4.027386226339106,0.90763766,1.4284e-09,0.0088064988076,0.0,0.0,0.0,0.0,3.609e-11,0.00022250528001000003,3.609e-11,0.00022250528001000003,0.0,0.0,0.0,0.0,1.4645e-09,0.009029004087610001
mwir_std_solar_scatter,D:\HwaSimIR\HwaSim_IR\Bin\Config\Atmosphere\MODTRAN\raw\audit_mwir_standard_20260906\mwir_std_solar_scatter\MODOUT2.txt,W/(cm^2 sr cm^-1),W/(cm^2 cm^-1),W/(m^2 sr um),W/(m^2 um),value_si=value_native*1e8/(wavelength_um^2),2484.0,4.025764895330113,0.91170955,1.3613e-09,0.0083995694928,0.0,0.0,0.0,0.0,3.6392e-11,0.000224547956352,3.6392e-11,0.000224547956352,0.0,0.0,0.0,0.0,1.3977e-09,0.008624117449152
mwir_std_solar_scatter,D:\HwaSimIR\HwaSim_IR\Bin\Config\Atmosphere\MODTRAN\raw\audit_mwir_standard_20260906\mwir_std_solar_scatter\MODOUT2.txt,W/(cm^2 sr cm^-1),W/(cm^2 cm^-1),W/(m^2 sr um),W/(m^2 um),value_si=value_native*1e8/(wavelength_um^2),2485.0,4.0241448692152915,0.90671116,1.4233e-09,0.008789197742500001,0.0,0.0,0.0,0.0,3.6127e-11,0.00022309235357500005,3.6127e-11,0.00022309235357500005,0.0,0.0,0.0,0.0,1.4595e-09,0.009012290096075001
mwir_std_solar_scatter,D:\HwaSimIR\HwaSim_IR\Bin\Config\Atmosphere\MODTRAN\raw\audit_mwir_standard_20260906\mwir_std_solar_scatter\MODOUT2.txt,W/(cm^2 sr cm^-1),W/(cm^2 cm^-1),W/(m^2 sr um),W/(m^2 um),value_si=value_native*1e8/(wavelength_um^2),2486.0,4.022526146419952,0.91791326,1.2603e-09,0.0077889010188,0.0,0.0,0.0,0.0,3.6829e-11,0.000227610438484,3.6829e-11,0.000227610438484,0.0,0.0,0.0,0.0,1.2972e-09,0.008016511457284
mwir_std_solar_scatter,D:\HwaSimIR\HwaSim_IR\Bin\Config\Atmosphere\MODTRAN\raw\audit_mwir_standard_20260906\mwir_std_solar_scatter\MODOUT2.txt,W/(cm^2 sr cm^-1),W/(cm^2 cm^-1),W/(m^2 sr um),W/(m^2 um),value_si=value_native*1e8/(wavelength_um^2),2487.0,4.0209087253719344,0.92023093,1.2199e-09,0.007545287663099999,0.0,0.0,0.0,0.0,3.6868e-11,0.00022803481069199995,3.6868e-11,0.00022803481069199995,0.0,0.0,0.0,0.0,1.2567e-09,0.007773322473791999
mwir_std_solar_scatter,D:\HwaSimIR\HwaSim_IR\Bin\Config\Atmosphere\MODTRAN\raw\audit_mwir_standard_20260906\mwir_std_solar_scatter\MODOUT2.txt,W/(cm^2 sr cm^-1),W/(cm^2 cm^-1),W/(m^2 sr um),W/(m^2 um),value_si=value_native*1e8/(wavelength_um^2),2488.0,4.019292604501608,0.92135698,1.1965e-09,0.0074065072959999985,0.0,0.0,0.0,0.0,3.6893e-11,0.00022837298259199997,3.6893e-11,0.00022837298259199997,0.0,0.0,0.0,0.0,1.2334e-09,0.007634880278591999
mwir_std_solar_scatter,D:\HwaSimIR\HwaSim_IR\Bin\Config\Atmosphere\MODTRAN\raw\audit_mwir_standard_20260906\mwir_std_solar_scatter\MODOUT2.txt,W/(cm^2 sr cm^-1),W/(cm^2 cm^-1),W/(m^2 sr um),W/(m^2 um),value_si=value_native*1e8/(wavelength_um^2),2489.0,4.017677782241864,0.91924405,1.2206e-09,0.0075617646926,0.0,0.0,0.0,0.0,3.6798e-11,0.00022796806255800004,3.6798e-11,0.00022796806255800004,0.0,0.0,0.0,0.0,1.2574e-09,0.007789732755158
mwir_std_solar_scatter,D:\HwaSimIR\HwaSim_IR\Bin\Config\Atmosphere\MODTRAN\raw\audit_mwir_standard_20260906\mwir_std_solar_scatter\MODOUT2.txt,W/(cm^2 sr cm^-1),W/(cm^2 cm^-1),W/(m^2 sr um),W/(m^2 um),value_si=value_native*1e8/(wavelength_um^2),2490.0,4.016064257028113,0.92569834,1.124e-09,0.0069689124,0.0,0.0,0.0,0.0,3.7245e-11,0.0002309227245,3.7245e-11,0.0002309227245,0.0,0.0,0.0,0.0,1.1612e-09,0.0071998351245
mwir_std_solar_scatter,D:\HwaSimIR\HwaSim_IR\Bin\Config\Atmosphere\MODTRAN\raw\audit_mwir_standard_20260906\mwir_std_solar_scatter\MODOUT2.txt,W/(cm^2 sr cm^-1),W/(cm^2 cm^-1),W/(m^2 sr um),W/(m^2 um),value_si=value_native*1e8/(wavelength_um^2),2491.0,4.014452027298274,0.92650837,1.1063e-09,0.006864681110299999,0.0,0.0,0.0,0.0,3.7366e-11,0.000231859056646,3.7366e-11,0.000231859056646,0.0,0.0,0.0,0.0,1.1437e-09,0.007096540166945999
mwir_std_solar_scatter,D:\HwaSimIR\HwaSim_IR\Bin\Config\Atmosphere\MODTRAN\raw\audit_mwir_standard_20260906\mwir_std_solar_scatter\MODOUT2.txt,W/(cm^2 sr cm^-1),W/(cm^2 cm^-1),W/(m^2 sr um),W/(m^2 um),value_si=value_native*1e8/(wavelength_um^2),2492.0,4.012841091492777,0.92613077,1.1058e-09,0.006867088771200002,0.0,0.0,0.0,0.0,3.7587e-11,0.00023341767556800004,3.7587e-11,0.00023341767556800004,0.0,0.0,0.0,0.0,1.1434e-09,0.007100506446768001
mwir_std_solar_scatter,D:\HwaSimIR\HwaSim_IR\Bin\Config\Atmosphere\MODTRAN\raw\audit_mwir_standard_20260906\mwir_std_solar_scatter\MODOUT2.txt,W/(cm^2 sr cm^-1),W/(cm^2 cm^-1),W/(m^2 sr um),W/(m^2 um),value_si=value_native*1e8/(wavelength_um^2),2493.0,4.011231448054553,0.92989117,1.0475e-09,0.0065102638275,0.0,0.0,0.0,0.0,3.797e-11,0.00023598541053,3.797e-11,0.00023598541053,0.0,0.0,0.0,0.0,1.0855e-09,0.0067462492380299995
mwir_std_solar_scatter,D:\HwaSimIR\HwaSim_IR\Bin\Config\Atmosphere\MODTRAN\raw\audit_mwir_standard_20260906\mwir_std_solar_scatter\MODOUT2.txt,W/(cm^2 sr cm^-1),W/(cm^2 cm^-1),W/(m^2 sr um),W/(m^2 um),value_si=value_native*1e8/(wavelength_um^2),2494.0,4.0096230954290295,0.91743761,1.2139e-09,0.0075505017004,0.0,0.0,0.0,0.0,3.7293e-11,0.00023196380254800002,3.7293e-11,0.00023196380254800002,0.0,0.0,0.0,0.0,1.2512e-09,0.007782465502948001
mwir_std_solar_scatter,D:\HwaSimIR\HwaSim_IR\Bin\Config\Atmosphere\MODTRAN\raw\audit_mwir_standard_20260906\mwir_std_solar_scatter\MODOUT2.txt,W/(cm^2 sr cm^-1),W/(cm^2 cm^-1),W/(m^2 sr um),W/(m^2 um),value_si=value_native*1e8/(wavelength_um^2),2495.0,4.008016032064128,0.91872448,1.1905e-09,0.007410892262500002,0.0,0.0,0.0,0.0,3.7496e-11,0.00023341353740000004,3.7496e-11,0.00023341353740000004,0.0,0.0,0.0,0.0,1.228e-09,0.007644305799900003
mwir_std_solar_scatter,D:\HwaSimIR\HwaSim_IR\Bin\Config\Atmosphere\MODTRAN\raw\audit_mwir_standard_20260906\mwir_std_solar_scatter\MODOUT2.txt,W/(cm^2 sr cm^-1),W/(cm^2 cm^-1),W/(m^2 sr um),W/(m^2 um),value_si=value_native*1e8/(wavelength_um^2),2496.0,4.006410256410256,0.93548179,9.5333e-10,0.00593926115328,0.0,0.0,0.0,0.0,3.8639e-11,0.000240721588224,3.8639e-11,0.000240721588224,0.0,0.0,0.0,0.0,9.9197e-10,0.006179982741504
mwir_std_solar_scatter,D:\HwaSimIR\HwaSim_IR\Bin\Config\Atmosphere\MODTRAN\raw\audit_mwir_standard_20260906\mwir_std_solar_scatter\MODOUT2.txt,W/(cm^2 sr cm^-1),W/(cm^2 cm^-1),W/(m^2 sr um),W/(m^2 um),value_si=value_native*1e8/(wavelength_um^2),2497.0,4.004805766920304,0.93738449,9.2421e-10,0.005762457667889999,0.0,0.0,0.0,0.0,3.8812e-11,0.00024199316930799996,3.8812e-11,0.00024199316930799996,0.0,0.0,0.0,0.0,9.6302e-10,0.006004450837197999
mwir_std_solar_scatter,D:\HwaSimIR\HwaSim_IR\Bin\Config\Atmosphere\MODTRAN\raw\audit_mwir_standard_20260906\mwir_std_solar_scatter\MODOUT2.txt,W/(cm^2 sr cm^-1),W/(cm^2 cm^-1),W/(m^2 sr um),W/(m^2 um),value_si=value_native*1e8/(wavelength_um^2),2498.0,4.00320256204964,0.93833202,9.0754e-10,0.005663053230160001,0.0,0.0,0.0,0.0,3.8834e-11,0.00024232431533600002,3.8834e-11,0.00024232431533600002,0.0,0.0,0.0,0.0,9.4637e-10,0.005905377545496001
mwir_std_solar_scatter,D:\HwaSimIR\HwaSim_IR\Bin\Config\Atmosphere\MODTRAN\raw\audit_mwir_standard_20260906\mwir_std_solar_scatter\MODOUT2.txt,W/(cm^2 sr cm^-1),W/(cm^2 cm^-1),W/(m^2 sr um),W/(m^2 um),value_si=value_native*1e8/(wavelength_um^2),2499.0,4.001600640256102,0.94100654,8.621e-10,0.0053838153621,0.0,0.0,0.0,0.0,3.8942e-11,0.00024319282894200004,3.8942e-11,0.00024319282894200004,0.0,0.0,0.0,0.0,9.0104e-10,0.005627008191042
mwir_std_solar_scatter,D:\HwaSimIR\HwaSim_IR\Bin\Config\Atmosphere\MODTRAN\raw\audit_mwir_standard_20260906\mwir_std_solar_scatter\MODOUT2.txt,W/(cm^2 sr cm^-1),W/(cm^2 cm^-1),W/(m^2 sr um),W/(m^2 um),value_si=value_native*1e8/(wavelength_um^2),2500.0,4.0,0.94159037,8.5077e-10,0.0053173125,0.0,0.0,0.0,0.0,3.8998e-11,0.00024373749999999998,3.8998e-11,0.00024373749999999998,0.0,0.0,0.0,0.0,8.8977e-10,0.00556105
mwir_std_solar_scatter,D:\HwaSimIR\HwaSim_IR\Bin\Config\Atmosphere\MODTRAN\raw\audit_mwir_standard_20260906\mwir_std_solar_scatter\MODOUT2.txt,W/(cm^2 sr cm^-1),W/(cm^2 cm^-1),W/(m^2 sr um),W/(m^2 um),value_si=value_native*1e8/(wavelength_um^2),2501.0,3.9984006397441023,0.94483876,8.0108e-10,0.00501075620108,0.0,0.0,0.0,0.0,3.9141e-11,0.000244826994141,3.9141e-11,0.000244826994141,0.0,0.0,0.0,0.0,8.4022e-10,0.005255583195220999
mwir_std_solar_scatter,D:\HwaSimIR\HwaSim_IR\Bin\Config\Atmosphere\MODTRAN\raw\audit_mwir_standard_20260906\mwir_std_solar_scatter\MODOUT2.txt,W/(cm^2 sr cm^-1),W/(cm^2 cm^-1),W/(m^2 sr um),W/(m^2 um),value_si=value_native*1e8/(wavelength_um^2),2502.0,3.9968025579536373,0.94587374,7.8293e-10,0.004901144931719999,0.0,0.0,0.0,0.0,3.9238e-11,0.000245630036952,3.9238e-11,0.000245630036952,0.0,0.0,0.0,0.0,8.2217e-10,0.005146774968671999
mwir_std_solar_scatter,D:\HwaSimIR\HwaSim_IR\Bin\Config\Atmosphere\MODTRAN\raw\audit_mwir_standard_20260906\mwir_std_solar_scatter\MODOUT2.txt,W/(cm^2 sr cm^-1),W/(cm^2 cm^-1),W/(m^2 sr um),W/(m^2 um),value_si=value_native*1e8/(wavelength_um^2),2503.0,3.9952057530962843,0.94502556,7.9029e-10,0.00495117396261,0.0,0.0,0.0,0.0,3.9305e-11,0.000246246178745,3.9305e-11,0.000246246178745,0.0,0.0,0.0,0.0,8.2959e-10,0.005197420141355
mwir_std_solar_scatter,D:\HwaSimIR\HwaSim_IR\Bin\Config\Atmosphere\MODTRAN\raw\audit_mwir_standard_20260906\mwir_std_solar_scatter\MODOUT2.txt,W/(cm^2 sr cm^-1),W/(cm^2 cm^-1),W/(m^2 sr um),W/(m^2 um),value_si=value_native*1e8/(wavelength_um^2),2504.0,3.9936102236421727,0.94733393,7.5294e-10,0.00472094584704,0.0,0.0,0.0,0.0,3.9496e-11,0.000247640551936,3.9496e-11,0.000247640551936,0.0,0.0,0.0,0.0,7.9244e-10,0.0049685863989759995
mwir_std_solar_scatter,D:\HwaSimIR\HwaSim_IR\Bin\Config\Atmosphere\MODTRAN\raw\audit_mwir_standard_20260906\mwir_std_solar_scatter\MODOUT2.txt,W/(cm^2 sr cm^-1),W/(cm^2 cm^-1),W/(m^2 sr um),W/(m^2 um),value_si=value_native*1e8/(wavelength_um^2),2505.0,3.992015968063872,0.9480893,7.4073e-10,0.0046480992682500005,0.0,0.0,0.0,0.0,3.9627e-11,0.00024866041567500006,3.9627e-11,0.00024866041567500006,0.0,0.0,0.0,0.0,7.8036e-10,0.0048967596839250005
mwir_std_solar_scatter,D:\HwaSimIR\HwaSim_IR\Bin\Config\Atmosphere\MODTRAN\raw\audit_mwir_standard_20260906\mwir_std_solar_scatter\MODOUT2.txt,W/(cm^2 sr cm^-1),W/(cm^2 cm^-1),W/(m^2 sr um),W/(m^2 um),value_si=value_native*1e8/(wavelength_um^2),2506.0,3.9904229848363926,0.95063388,7.0233e-10,0.0044106576838800005,0.0,0.0,0.0,0.0,3.9961e-11,0.000250956518596,3.9961e-11,0.000250956518596,0.0,0.0,0.0,0.0,7.4229e-10,0.004661614202476001
mwir_std_solar_scatter,D:\HwaSimIR\HwaSim_IR\Bin\Config\Atmosphere\MODTRAN\raw\audit_mwir_standard_20260906\mwir_std_solar_scatter\MODOUT2.txt,W/(cm^2 sr cm^-1),W/(cm^2 cm^-1),W/(m^2 sr um),W/(m^2 um),value_si=value_native*1e8/(wavelength_um^2),2507.0,3.9888312724371757,0.95050156,6.9822e-10,0.00438834691278,0.0,0.0,0.0,0.0,3.9935e-11,0.00025099343181500007,3.9935e-11,0.00025099343181500007,0.0,0.0,0.0,0.0,7.3816e-10,0.004639340344595
mwir_std_solar_scatter,D:\HwaSimIR\HwaSim_IR\Bin\Config\Atmosphere\MODTRAN\raw\audit_mwir_standard_20260906\mwir_std_solar_scatter\MODOUT2.txt,W/(cm^2 sr cm^-1),W/(cm^2 cm^-1),W/(m^2 sr um),W/(m^2 um),value_si=value_native*1e8/(wavelength_um^2),2508.0,3.9872408293460926,0.95209634,6.7358e-10,0.00423686130912,0.0,0.0,0.0,0.0,4.0088e-11,0.000252156085632,4.0088e-11,0.000252156085632,0.0,0.0,0.0,0.0,7.1367e-10,0.004489017394752
mwir_std_solar_scatter,D:\HwaSimIR\HwaSim_IR\Bin\Config\Atmosphere\MODTRAN\raw\audit_mwir_standard_20260906\mwir_std_solar_scatter\MODOUT2.txt,W/(cm^2 sr cm^-1),W/(cm^2 cm^-1),W/(m^2 sr um),W/(m^2 um),value_si=value_native*1e8/(wavelength_um^2),2509.0,3.9856516540454363,0.951644,6.7737e-10,0.00426409901697,0.0,0.0,0.0,0.0,4.0231e-11,0.000253257403711,4.0231e-11,0.000253257403711,0.0,0.0,0.0,0.0,7.176e-10,0.004517356420681001
mwir_std_solar_scatter,D:\HwaSimIR\HwaSim_IR\Bin\Config\Atmosphere\MODTRAN\raw\audit_mwir_standard_20260906\mwir_std_solar_scatter\MODOUT2.txt,W/(cm^2 sr cm^-1),W/(cm^2 cm^-1),W/(m^2 sr um),W/(m^2 um),value_si=value_native*1e8/(wavelength_um^2),2510.0,3.9840637450199203,0.95149243,6.7495e-10,0.004252252495,0.0,0.0,0.0,0.0,4.0298e-11,0.0002538814298,4.0298e-11,0.0002538814298,0.0,0.0,0.0,0.0,7.1524e-10,0.0045061339248
mwir_std_solar_scatter,D:\HwaSimIR\HwaSim_IR\Bin\Config\Atmosphere\MODTRAN\raw\audit_mwir_standard_20260906\mwir_std_solar_scatter\MODOUT2.txt,W/(cm^2 sr cm^-1),W/(cm^2 cm^-1),W/(m^2 sr um),W/(m^2 um),value_si=value_native*1e8/(wavelength_um^2),2511.0,3.982477100756671,0.95244092,6.6046e-10,0.0041642802156600005,0.0,0.0,0.0,0.0,4.0462e-11,0.000255117805902,4.0462e-11,0.000255117805902,0.0,0.0,0.0,0.0,7.0092e-10,0.004419398021562
mwir_std_solar_scatter,D:\HwaSimIR\HwaSim_IR\Bin\Config\Atmosphere\MODTRAN\raw\audit_mwir_standard_20260906\mwir_std_solar_scatter\MODOUT2.txt,W/(cm^2 sr cm^-1),W/(cm^2 cm^-1),W/(m^2 sr um),W/(m^2 um),value_si=value_native*1e8/(wavelength_um^2),2512.0,3.9808917197452227,0.93754196,8.4399e-10,0.005325698434560001,0.0,0.0,0.0,0.0,3.9644e-11,0.00025015934873600005,3.9644e-11,0.00025015934873600005,0.0,0.0,0.0,0.0,8.8364e-10,0.005575857783296001
mwir_std_solar_scatter,D:\HwaSimIR\HwaSim_IR\Bin\Config\Atmosphere\MODTRAN\raw\audit_mwir_standard_20260906\mwir_std_solar_scatter\MODOUT2.txt,W/(cm^2 sr cm^-1),W/(cm^2 cm^-1),W/(m^2 sr um),W/(m^2 um),value_si=value_native*1e8/(wavelength_um^2),2513.0,3.979307600477517,0.9500308,6.8245e-10,0.00430978708405,0.0,0.0,0.0,0.0,4.0571e-11,0.000256212721499,4.0571e-11,0.000256212721499,0.0,0.0,0.0,0.0,7.2302e-10,0.004565999805549
mwir_std_solar_scatter,D:\HwaSimIR\HwaSim_IR\Bin\Config\Atmosphere\MODTRAN\raw\audit_mwir_standard_20260906\mwir_std_solar_scatter\MODOUT2.txt,W/(cm^2 sr cm^-1),W/(cm^2 cm^-1),W/(m^2 sr um),W/(m^2 um),value_si=value_native*1e8/(wavelength_um^2),2514.0,3.977724741447892,0.95523554,6.1353e-10,0.0038776298518800006,0.0,0.0,0.0,0.0,4.1019e-11,0.00025924811972400004,4.1019e-11,0.00025924811972400004,0.0,0.0,0.0,0.0,6.5454e-10,0.004136877971604001
mwir_std_solar_scatter,D:\HwaSimIR\HwaSim_IR\Bin\Config\Atmosphere\MODTRAN\raw\audit_mwir_standard_20260906\mwir_std_solar_scatter\MODOUT2.txt,W/(cm^2 sr cm^-1),W/(cm^2 cm^-1),W/(m^2 sr um),W/(m^2 um),value_si=value_native*1e8/(wavelength_um^2),2515.0,3.9761431411530817,0.94256353,7.7386e-10,0.004894838618499999,0.0,0.0,0.0,0.0,4.0214e-11,0.00025436259814999996,4.0214e-11,0.00025436259814999996,0.0,0.0,0.0,0.0,8.1407e-10,0.005149201216649999
mwir_std_solar_scatter,D:\HwaSimIR\HwaSim_IR\Bin\Config\Atmosphere\MODTRAN\raw\audit_mwir_standard_20260906\mwir_std_solar_scatter\MODOUT2.txt,W/(cm^2 sr cm^-1),W/(cm^2 cm^-1),W/(m^2 sr um),W/(m^2 um),value_si=value_native*1e8/(wavelength_um^2),2516.0,3.97456279809221,0.95188612,6.4931e-10,0.00411029852336,0.0,0.0,0.0,0.0,4.088e-11,0.00025878086527999995,4.088e-11,0.00025878086527999995,0.0,0.0,0.0,0.0,6.9019e-10,0.00436907938864
mwir_std_solar_scatter,D:\HwaSimIR\HwaSim_IR\Bin\Config\Atmosphere\MODTRAN\raw\audit_mwir_standard_20260906\mwir_std_solar_scatter\MODOUT2.txt,W/(cm^2 sr cm^-1),W/(cm^2 cm^-1),W/(m^2 sr um),W/(m^2 um),value_si=value_native*1e8/(wavelength_um^2),2517.0,3.972983710766786,0.95766532,5.7238e-10,0.00362619271782,0.0,0.0,0.0,0.0,4.1354e-11,0.000261989541306,4.1354e-11,0.000261989541306,0.0,0.0,0.0,0.0,6.1374e-10,0.0038881822591259997
mwir_std_solar_scatter,D:\HwaSimIR\HwaSim_IR\Bin\Config\Atmosphere\MODTRAN\raw\audit_mwir_standard_20260906\mwir_std_solar_scatter\MODOUT2.txt,W/(cm^2 sr cm^-1),W/(cm^2 cm^-1),W/(m^2 sr um),W/(m^2 um),value_si=value_native*1e8/(wavelength_um^2),2518.0,3.971405877680699,0.95672905,5.8667e-10,0.00371967788108,0.0,0.0,0.0,0.0,4.1446e-11,0.000262781068504,4.1446e-11,0.000262781068504,0.0,0.0,0.0,0.0,6.2811e-10,0.003982458949584
mwir_std_solar_scatter,D:\HwaSimIR\HwaSim_IR\Bin\Config\Atmosphere\MODTRAN\raw\audit_mwir_standard_20260906\mwir_std_solar_scatter\MODOUT2.txt,W/(cm^2 sr cm^-1),W/(cm^2 cm^-1),W/(m^2 sr um),W/(m^2 um),value_si=value_native*1e8/(wavelength_um^2),2519.0,3.9698292973402145,0.95718879,5.754e-10,0.0036511207194,0.0,0.0,0.0,0.0,4.1546e-11,0.00026362436810599995,4.1546e-11,0.00026362436810599995,0.0,0.0,0.0,0.0,6.1695e-10,0.003914745087506
mwir_std_solar_scatter,D:\HwaSimIR\HwaSim_IR\Bin\Config\Atmosphere\MODTRAN\raw\audit_mwir_standard_20260906\mwir_std_solar_scatter\MODOUT2.txt,W/(cm^2 sr cm^-1),W/(cm^2 cm^-1),W/(m^2 sr um),W/(m^2 um),value_si=value_native*1e8/(wavelength_um^2),2520.0,3.9682539682539684,0.95766413,5.6671e-10,0.0035988351839999996,0.0,0.0,0.0,0.0,4.1665e-11,0.000264589416,4.1665e-11,0.000264589416,0.0,0.0,0.0,0.0,6.0838e-10,0.0038634245999999996
mwir_std_solar_scatter,D:\HwaSimIR\HwaSim_IR\Bin\Config\Atmosphere\MODTRAN\raw\audit_mwir_standard_20260906\mwir_std_solar_scatter\MODOUT2.txt,W/(cm^2 sr cm^-1),W/(cm^2 cm^-1),W/(m^2 sr um),W/(m^2 um),value_si=value_native*1e8/(wavelength_um^2),2521.0,3.9666798889329633,0.95862359,5.494e-10,0.0034916792853999998,0.0,0.0,0.0,0.0,4.1779e-11,0.000265523969539,4.1779e-11,0.000265523969539,0.0,0.0,0.0,0.0,5.9118e-10,0.003757203254939
mwir_std_solar_scatter,D:\HwaSimIR\HwaSim_IR\Bin\Config\Atmosphere\MODTRAN\raw\audit_mwir_standard_20260906\mwir_std_solar_scatter\MODOUT2.txt,W/(cm^2 sr cm^-1),W/(cm^2 cm^-1),W/(m^2 sr um),W/(m^2 um),value_si=value_native*1e8/(wavelength_um^2),2522.0,3.965107057890563,0.95745838,5.6304e-10,0.003581206911359999,0.0,0.0,0.0,0.0,4.1795e-11,0.00026583642878,4.1795e-11,0.00026583642878,0.0,0.0,0.0,0.0,6.0484e-10,0.003847043340139999
mwir_std_solar_scatter,D:\HwaSimIR\HwaSim_IR\Bin\Config\Atmosphere\MODTRAN\raw\audit_mwir_standard_20260906\mwir_std_solar_scatter\MODOUT2.txt,W/(cm^2 sr cm^-1),W/(cm^2 cm^-1),W/(m^2 sr um),W/(m^2 um),value_si=value_native*1e8/(wavelength_um^2),2523.0,3.963535473642489,0.95817786,5.5007e-10,0.0035014865370300006,0.0,0.0,0.0,0.0,4.1887e-11,0.00026663291322300003,4.1887e-11,0.00026663291322300003,0.0,0.0,0.0,0.0,5.9195e-10,0.0037681194502530006
mwir_std_solar_scatter,D:\HwaSimIR\HwaSim_IR\Bin\Config\Atmosphere\MODTRAN\raw\audit_mwir_standard_20260906\mwir_std_solar_scatter\MODOUT2.txt,W/(cm^2 sr cm^-1),W/(cm^2 cm^-1),W/(m^2 sr um),W/(m^2 um),value_si=value_native*1e8/(wavelength_um^2),2524.0,3.9619651347068148,0.96340346,4.8489e-10,0.0030890285966399997,0.0,0.0,0.0,0.0,4.2243e-11,0.000269112241968,4.2243e-11,0.000269112241968,0.0,0.0,0.0,0.0,5.2714e-10,0.003358140838608
mwir_std_solar_scatter,D:\HwaSimIR\HwaSim_IR\Bin\Config\Atmosphere\MODTRAN\raw\audit_mwir_standard_20260906\mwir_std_solar_scatter\MODOUT2.txt,W/(cm^2 sr cm^-1),W/(cm^2 cm^-1),W/(m^2 sr um),W/(m^2 um),value_si=value_native*1e8/(wavelength_um^2),2525.0,3.9603960396039604,0.95707905,5.5819e-10,0.00355881011875,0.0,0.0,0.0,0.0,4.185e-11,0.00026681990625,4.185e-11,0.00026681990625,0.0,0.0,0.0,0.0,6.0004e-10,0.0038256300250000003
mwir_std_solar_scatter,D:\HwaSimIR\HwaSim_IR\Bin\Config\Atmosphere\MODTRAN\raw\audit_mwir_standard_20260906\mwir_std_solar_scatter\MODOUT2.txt,W/(cm^2 sr cm^-1),W/(cm^2 cm^-1),W/(m^2 sr um),W/(m^2 um),value_si=value_native*1e8/(wavelength_um^2),2526.0,3.9588281868566906,0.94596261,6.8963e-10,0.004400305589879999,0.0,0.0,0.0,0.0,4.114e-11,0.00026250101063999995,4.114e-11,0.00026250101063999995,0.0,0.0,0.0,0.0,7.3077e-10,0.004662806600519999
mwir_std_solar_scatter,D:\HwaSimIR\HwaSim_IR\Bin\Config\Atmosphere\MODTRAN\raw\audit_mwir_standard_20260906\mwir_std_solar_scatter\MODOUT2.txt,W/(cm^2 sr cm^-1),W/(cm^2 cm^-1),W/(m^2 sr um),W/(m^2 um),value_si=value_native*1e8/(wavelength_um^2),2527.0,3.957261574990107,0.95556247,5.7131e-10,0.003648230834989999,0.0,0.0,0.0,0.0,4.188e-11,0.00026743433052,4.188e-11,0.00026743433052,0.0,0.0,0.0,0.0,6.1319e-10,0.003915665165509999
mwir_std_solar_scatter,D:\HwaSimIR\HwaSim_IR\Bin\Config\Atmosphere\MODTRAN\raw\audit_mwir_standard_20260906\mwir_std_solar_scatter\MODOUT2.txt,W/(cm^2 sr cm^-1),W/(cm^2 cm^-1),W/(m^2 sr um),W/(m^2 um),value_si=value_native*1e8/(wavelength_um^2),2528.0,3.9556962025316458,0.95417845,5.8486e-10,0.0037377139302399998,0.0,0.0,0.0,0.0,4.1785e-11,0.00026703890943999997,4.1785e-11,0.00026703890943999997,0.0,0.0,0.0,0.0,6.2665e-10,0.0040047528396799995
mwir_std_solar_scatter,D:\HwaSimIR\HwaSim_IR\Bin\Config\Atmosphere\MODTRAN\raw\audit_mwir_standard_20260906\mwir_std_solar_scatter\MODOUT2.txt,W/(cm^2 sr cm^-1),W/(cm^2 cm^-1),W/(m^2 sr um),W/(m^2 um),value_si=value_native*1e8/(wavelength_um^2),2529.0,3.9541320680110714,0.9458707,6.8117e-10,0.004356655013970001,0.0,0.0,0.0,0.0,4.1316e-11,0.00026425056675600004,4.1316e-11,0.00026425056675600004,0.0,0.0,0.0,0.0,7.2248e-10,0.004620905580726001
mwir_std_solar_scatter,D:\HwaSimIR\HwaSim_IR\Bin\Config\Atmosphere\MODTRAN\raw\audit_mwir_standard_20260906\mwir_std_solar_scatter\MODOUT2.txt,W/(cm^2 sr cm^-1),W/(cm^2 cm^-1),W/(m^2 sr um),W/(m^2 um),value_si=value_native*1e8/(wavelength_um^2),2530.0,3.952569169960474,0.94635159,6.7406e-10,0.004314590654000001,0.0,0.0,0.0,0.0,4.1483e-11,0.00026552853470000005,4.1483e-11,0.00026552853470000005,0.0,0.0,0.0,0.0,7.1555e-10,0.004580119188700001
mwir_std_solar_scatter,D:\HwaSimIR\HwaSim_IR\Bin\Config\Atmosphere\MODTRAN\raw\audit_mwir_standard_20260906\mwir_std_solar_scatter\MODOUT2.txt,W/(cm^2 sr cm^-1),W/(cm^2 cm^-1),W/(m^2 sr um),W/(m^2 um),value_si=value_native*1e8/(wavelength_um^2),2531.0,3.951007506914263,0.94771373,6.5733e-10,0.004210830344129999,0.0,0.0,0.0,0.0,4.175e-11,0.00026744887175,4.175e-11,0.00026744887175,0.0,0.0,0.0,0.0,6.9908e-10,0.00447827921588
mwir_std_solar_scatter,D:\HwaSimIR\HwaSim_IR\Bin\Config\Atmosphere\MODTRAN\raw\audit_mwir_standard_20260906\mwir_std_solar_scatter\MODOUT2.txt,W/(cm^2 sr cm^-1),W/(cm^2 cm^-1),W/(m^2 sr um),W/(m^2 um),value_si=value_native*1e8/(wavelength_um^2),2532.0,3.949447077409163,0.9478091,6.469e-10,0.0041472914256,0.0,0.0,0.0,0.0,4.1787e-11,0.000267897459888,4.1787e-11,0.000267897459888,0.0,0.0,0.0,0.0,6.8869e-10,0.004415188885487999
mwir_std_solar_scatter,D:\HwaSimIR\HwaSim_IR\Bin\Config\Atmosphere\MODTRAN\raw\audit_mwir_standard_20260906\mwir_std_solar_scatter\MODOUT2.txt,W/(cm^2 sr cm^-1),W/(cm^2 cm^-1),W/(m^2 sr um),W/(m^2 um),value_si=value_native*1e8/(wavelength_um^2),2533.0,3.9478878799842083,0.94217741,7.205e-10,0.0046227921245,0.0,0.0,0.0,0.0,4.1698e-11,0.00026753807912199997,4.1698e-11,0.00026753807912199997,0.0,0.0,0.0,0.0,7.622e-10,0.004890330203622
mwir_std_solar_scatter,D:\HwaSimIR\HwaSim_IR\Bin\Config\Atmosphere\MODTRAN\raw\audit_mwir_standard_20260906\mwir_std_solar_scatter\MODOUT2.txt,W/(cm^2 sr cm^-1),W/(cm^2 cm^-1),W/(m^2 sr um),W/(m^2 um),value_si=value_native*1e8/(wavelength_um^2),2534.0,3.946329913180742,0.94109392,7.2428e-10,0.00465071486768,0.0,0.0,0.0,0.0,4.1708e-11,0.00026781357444799996,4.1708e-11,0.00026781357444799996,0.0,0.0,0.0,0.0,7.6599e-10,0.004918528442128
mwir_std_solar_scatter,D:\HwaSimIR\HwaSim_IR\Bin\Config\Atmosphere\MODTRAN\raw\audit_mwir_standard_20260906\mwir_std_solar_scatter\MODOUT2.txt,W/(cm^2 sr cm^-1),W/(cm^2 cm^-1),W/(m^2 sr um),W/(m^2 um),value_si=value_native*1e8/(wavelength_um^2),2535.0,3.9447731755424065,0.93959177,7.3184e-10,0.004702968504,0.0,0.0,0.0,0.0,4.1739e-11,0.000268224205275,4.1739e-11,0.000268224205275,0.0,0.0,0.0,0.0,7.7358e-10,0.004971192709275
mwir_std_solar_scatter,D:\HwaSimIR\HwaSim_IR\Bin\Config\Atmosphere\MODTRAN\raw\audit_mwir_standard_20260906\mwir_std_solar_scatter\MODOUT2.txt,W/(cm^2 sr cm^-1),W/(cm^2 cm^-1),W/(m^2 sr um),W/(m^2 um),value_si=value_native*1e8/(wavelength_um^2),2536.0,3.943217665615142,0.93086308,8.2504e-10,0.005306076451839999,0.0,0.0,0.0,0.0,4.1263e-11,0.00026537456684800004,4.1263e-11,0.00026537456684800004,0.0,0.0,0.0,0.0,8.663e-10,0.005571451018687999
mwir_std_solar_scatter,D:\HwaSimIR\HwaSim_IR\Bin\Config\Atmosphere\MODTRAN\raw\audit_mwir_standard_20260906\mwir_std_solar_scatter\MODOUT2.txt,W/(cm^2 sr cm^-1),W/(cm^2 cm^-1),W/(m^2 sr um),W/(m^2 um),value_si=value_native*1e8/(wavelength_um^2),2537.0,3.9416633819471816,0.92610818,8.7253e-10,0.00561592504357,0.0,0.0,0.0,0.0,4.1047e-11,0.000264193638343,4.1047e-11,0.000264193638343,0.0,0.0,0.0,0.0,9.1358e-10,0.005880118681913
mwir_std_solar_scatter,D:\HwaSimIR\HwaSim_IR\Bin\Config\Atmosphere\MODTRAN\raw\audit_mwir_standard_20260906\mwir_std_solar_scatter\MODOUT2.txt,W/(cm^2 sr cm^-1),W/(cm^2 cm^-1),W/(m^2 sr um),W/(m^2 um),value_si=value_native*1e8/(wavelength_um^2),2538.0,3.9401103230890464,0.93057126,8.1751e-10,0.005265944884440001,0.0,0.0,0.0,0.0,4.1519e-11,0.00026744231343600003,4.1519e-11,0.00026744231343600003,0.0,0.0,0.0,0.0,8.5903e-10,0.005533387197876001
mwir_std_solar_scatter,D:\HwaSimIR\HwaSim_IR\Bin\Config\Atmosphere\MODTRAN\raw\audit_mwir_standard_20260906\mwir_std_solar_scatter\MODOUT2.txt,W/(cm^2 sr cm^-1),W/(cm^2 cm^-1),W/(m^2 sr um),W/(m^2 um),value_si=value_native*1e8/(wavelength_um^2),2539.0,3.9385584875935407,0.92544019,8.724e-10,0.0056239449204,0.0,0.0,0.0,0.0,4.1273e-11,0.00026606726123300006,4.1273e-11,0.00026606726123300006,0.0,0.0,0.0,0.0,9.1367e-10,0.0058900121816329995
mwir_std_solar_scatter,D:\HwaSimIR\HwaSim_IR\Bin\Config\Atmosphere\MODTRAN\raw\audit_mwir_standard_20260906\mwir_std_solar_scatter\MODOUT2.txt,W/(cm^2 sr cm^-1),W/(cm^2 cm^-1),W/(m^2 sr um),W/(m^2 um),value_si=value_native*1e8/(wavelength_um^2),2540.0,3.937007874015748,0.92440766,8.7362e-10,0.005636246792,0.0,0.0,0.0,0.0,4.1162e-11,0.0002655607592,4.1162e-11,0.0002655607592,0.0,0.0,0.0,0.0,9.1479e-10,0.0059018075512
mwir_std_solar_scatter,D:\HwaSimIR\HwaSim_IR\Bin\Config\Atmosphere\MODTRAN\raw\audit_mwir_standard_20260906\mwir_std_solar_scatter\MODOUT2.txt,W/(cm^2 sr cm^-1),W/(cm^2 cm^-1),W/(m^2 sr um),W/(m^2 um),value_si=value_native*1e8/(wavelength_um^2),2541.0,3.9354584809130264,0.92071718,9.0884e-10,0.00586808996004,0.0,0.0,0.0,0.0,4.0964e-11,0.00026449148048399997,4.0964e-11,0.00026449148048399997,0.0,0.0,0.0,0.0,9.498e-10,0.006132581440524
mwir_std_solar_scatter,D:\HwaSimIR\HwaSim_IR\Bin\Config\Atmosphere\MODTRAN\raw\audit_mwir_standard_20260906\mwir_std_solar_scatter\MODOUT2.txt,W/(cm^2 sr cm^-1),W/(cm^2 cm^-1),W/(m^2 sr um),W/(m^2 um),value_si=value_native*1e8/(wavelength_um^2),2542.0,3.933910306845004,0.91766202,9.3534e-10,0.00604394633976,0.0,0.0,0.0,0.0,4.0854e-11,0.000263988906456,4.0854e-11,0.000263988906456,0.0,0.0,0.0,0.0,9.762e-10,0.0063079352462160005
mwir_std_solar_scatter,D:\HwaSimIR\HwaSim_IR\Bin\Config\Atmosphere\MODTRAN\raw\audit_mwir_standard_20260906\mwir_std_solar_scatter\MODOUT2.txt,W/(cm^2 sr cm^-1),W/(cm^2 cm^-1),W/(m^2 sr um),W/(m^2 um),value_si=value_native*1e8/(wavelength_um^2),2543.0,3.9323633503735747,0.91208225,9.9184e-10,0.00641407951216,0.0,0.0,0.0,0.0,4.0597e-11,0.00026253466885300003,4.0597e-11,0.00026253466885300003,0.0,0.0,0.0,0.0,1.0324e-09,0.006676614181013
mwir_std_solar_scatter,D:\HwaSimIR\HwaSim_IR\Bin\Config\Atmosphere\MODTRAN\raw\audit_mwir_standard_20260906\mwir_std_solar_scatter\MODOUT2.txt,W/(cm^2 sr cm^-1),W/(cm^2 cm^-1),W/(m^2 sr um),W/(m^2 um),value_si=value_native*1e8/(wavelength_um^2),2544.0,3.930817610062893,0.90961504,1.0116e-09,0.006547010457599999,0.0,0.0,0.0,0.0,4.052e-11,0.00026224284672000004,4.052e-11,0.00026224284672000004,0.0,0.0,0.0,0.0,1.0521e-09,0.006809253304319999
mwir_std_solar_scatter,D:\HwaSimIR\HwaSim_IR\Bin\Config\Atmosphere\MODTRAN\raw\audit_mwir_standard_20260906\mwir_std_solar_scatter\MODOUT2.txt,W/(cm^2 sr cm^-1),W/(cm^2 cm^-1),W/(m^2 sr um),W/(m^2 um),value_si=value_native*1e8/(wavelength_um^2),2545.0,3.9292730844793713,0.89957798,1.12e-09,0.007254268,0.0,0.0,0.0,0.0,4.0064e-11,0.00025949552959999997,4.0064e-11,0.00025949552959999997,0.0,0.0,0.0,0.0,1.1601e-09,0.007513763529600001
mwir_std_solar_scatter,D:\HwaSimIR\HwaSim_IR\Bin\Config\Atmosphere\MODTRAN\raw\audit_mwir_standard_20260906\mwir_std_solar_scatter\MODOUT2.txt,W/(cm^2 sr cm^-1),W/(cm^2 cm^-1),W/(m^2 sr um),W/(m^2 um),value_si=value_native*1e8/(wavelength_um^2),2546.0,3.927729772191673,0.89916062,1.1077e-09,0.007180239893200001,0.0,0.0,0.0,0.0,4.0106e-11,0.00025997174429600006,4.0106e-11,0.00025997174429600006,0.0,0.0,0.0,0.0,1.1478e-09,0.007440211637496001
mwir_std_solar_scatter,D:\HwaSimIR\HwaSim_IR\Bin\Config\Atmosphere\MODTRAN\raw\audit_mwir_standard_20260906\mwir_std_solar_scatter\MODOUT2.txt,W/(cm^2 sr cm^-1),W/(cm^2 cm^-1),W/(m^2 sr um),W/(m^2 um),value_si=value_native*1e8/(wavelength_um^2),2547.0,3.9261876717707107,0.89654994,1.1406e-09,0.007399310585399999,0.0,0.0,0.0,0.0,4.0157e-11,0.000260506851813,4.0157e-11,0.000260506851813,0.0,0.0,0.0,0.0,1.1808e-09,0.0076598174372129995
mwir_std_solar_scatter,D:\HwaSimIR\HwaSim_IR\Bin\Config\Atmosphere\MODTRAN\raw\audit_mwir_standard_20260906\mwir_std_solar_scatter\MODOUT2.txt,W/(cm^2 sr cm^-1),W/(cm^2 cm^-1),W/(m^2 sr um),W/(m^2 um),value_si=value_native*1e8/(wavelength_um^2),2548.0,3.924646781789639,0.89518011,1.1416e-09,0.007411614246400001,0.0,0.0,0.0,0.0,4.0098e-11,0.000260328405792,4.0098e-11,0.000260328405792,0.0,0.0,0.0,0.0,1.1817e-09,0.007671942652192
mwir_std_solar_scatter,D:\HwaSimIR\HwaSim_IR\Bin\Config\Atmosphere\MODTRAN\raw\audit_mwir_standard_20260906\mwir_std_solar_scatter\MODOUT2.txt,W/(cm^2 sr cm^-1),W/(cm^2 cm^-1),W/(m^2 sr um),W/(m^2 um),value_si=value_native*1e8/(wavelength_um^2),2549.0,3.9231071008238523,0.89716202,1.1212e-09,0.007284886001200001,0.0,0.0,0.0,0.0,4.0353e-11,0.00026218962255300006,4.0353e-11,0.00026218962255300006,0.0,0.0,0.0,0.0,1.1616e-09,0.007547075623753001
mwir_std_solar_scatter,D:\HwaSimIR\HwaSim_IR\Bin\Config\Atmosphere\MODTRAN\raw\audit_mwir_standard_20260906\mwir_std_solar_scatter\MODOUT2.txt,W/(cm^2 sr cm^-1),W/(cm^2 cm^-1),W/(m^2 sr um),W/(m^2 um),value_si=value_native*1e8/(wavelength_um^2),2550.0,3.9215686274509802,0.89613295,1.1193e-09,0.007278248250000001,0.0,0.0,0.0,0.0,4.0226e-11,0.000261569565,4.0226e-11,0.000261569565,0.0,0.0,0.0,0.0,1.1596e-09,0.0075398178150000005
mwir_std_solar_scatter,D:\HwaSimIR\HwaSim_IR\Bin\Config\Atmosphere\MODTRAN\raw\audit_mwir_standard_20260906\mwir_std_solar_scatter\MODOUT2.txt,W/(cm^2 sr cm^-1),W/(cm^2 cm^-1),W/(m^2 sr um),W/(m^2 um),value_si=value_native*1e8/(wavelength_um^2),2551.0,3.920031360250882,0.897636,1.0954e-09,0.007128426135400001,0.0,0.0,0.0,0.0,4.0342e-11,0.00026252963954200004,4.0342e-11,0.00026252963954200004,0.0,0.0,0.0,0.0,1.1358e-09,0.0073909557749420015
mwir_std_solar_scatter,D:\HwaSimIR\HwaSim_IR\Bin\Config\Atmosphere\MODTRAN\raw\audit_mwir_standard_20260906\mwir_std_solar_scatter\MODOUT2.txt,W/(cm^2 sr cm^-1),W/(cm^2 cm^-1),W/(m^2 sr um),W/(m^2 um),value_si=value_native*1e8/(wavelength_um^2),2552.0,3.9184952978056424,0.89705729,1.0946e-09,0.0071288057984,0.0,0.0,0.0,0.0,4.0285e-11,0.00026236428064,4.0285e-11,0.00026236428064,0.0,0.0,0.0,0.0,1.1349e-09,0.00739117007904
mwir_std_solar_scatter,D:\HwaSimIR\HwaSim_IR\Bin\Config\Atmosphere\MODTRAN\raw\audit_mwir_standard_20260906\mwir_std_solar_scatter\MODOUT2.txt,W/(cm^2 sr cm^-1),W/(cm^2 cm^-1),W/(m^2 sr um),W/(m^2 um),value_si=value_native*1e8/(wavelength_um^2),2553.0,3.916960438699569,0.89362901,1.1386e-09,0.0074211773274000005,0.0,0.0,0.0,0.0,4.0203e-11,0.00026203547522700004,4.0203e-11,0.00026203547522700004,0.0,0.0,0.0,0.0,1.1788e-09,0.0076832128026270005
mwir_std_solar_scatter,D:\HwaSimIR\HwaSim_IR\Bin\Config\Atmosphere\MODTRAN\raw\audit_mwir_standard_20260906\mwir_std_solar_scatter\MODOUT2.txt,W/(cm^2 sr cm^-1),W/(cm^2 cm^-1),W/(m^2 sr um),W/(m^2 um),value_si=value_native*1e8/(wavelength_um^2),2554.0,3.9154267815191854,0.8972131,1.0865e-09,0.0070871482340000005,0.0,0.0,0.0,0.0,4.031e-11,0.00026293874396000005,4.031e-11,0.00026293874396000005,0.0,0.0,0.0,0.0,1.1268e-09,0.007350086977960001
mwir_std_solar_scatter,D:\HwaSimIR\HwaSim_IR\Bin\Config\Atmosphere\MODTRAN\raw\audit_mwir_standard_20260906\mwir_std_solar_scatter\MODOUT2.txt,W/(cm^2 sr cm^-1),W/(cm^2 cm^-1),W/(m^2 sr um),W/(m^2 um),value_si=value_native*1e8/(wavelength_um^2),2555.0,3.9138943248532287,0.90137565,1.041e-09,0.006795674025000001,0.0,0.0,0.0,0.0,4.0535e-11,0.000264613493375,4.0535e-11,0.000264613493375,0.0,0.0,0.0,0.0,1.0815e-09,0.007060287518375001
mwir_std_solar_scatter,D:\HwaSimIR\HwaSim_IR\Bin\Config\Atmosphere\MODTRAN\raw\audit_mwir_standard_20260906\mwir_std_solar_scatter\MODOUT2.txt,W/(cm^2 sr cm^-1),W/(cm^2 cm^-1),W/(m^2 sr um),W/(m^2 um),value_si=value_native*1e8/(wavelength_um^2),2556.0,3.912363067292645,0.85914028,1.4379e-09,0.0093939962544,0.0,0.0,0.0,0.0,3.8418e-11,0.00025099001884799996,3.8418e-11,0.00025099001884799996,0.0,0.0,0.0,0.0,1.4763e-09,0.009644986273247998
mwir_std_solar_scatter,D:\HwaSimIR\HwaSim_IR\Bin\Config\Atmosphere\MODTRAN\raw\audit_mwir_standard_20260906\mwir_std_solar_scatter\MODOUT2.txt,W/(cm^2 sr cm^-1),W/(cm^2 cm^-1),W/(m^2 sr um),W/(m^2 um),value_si=value_native*1e8/(wavelength_um^2),2557.0,3.9108330074305826,0.888969,1.1592e-09,0.007579138240800001,0.0,0.0,0.0,0.0,3.9622e-11,0.000259058501878,3.9622e-11,0.000259058501878,0.0,0.0,0.0,0.0,1.1988e-09,0.007838196742678001
mwir_std_solar_scatter,D:\HwaSimIR\HwaSim_IR\Bin\Config\Atmosphere\MODTRAN\raw\audit_mwir_standard_20260906\mwir_std_solar_scatter\MODOUT2.txt,W/(cm^2 sr cm^-1),W/(cm^2 cm^-1),W/(m^2 sr um),W/(m^2 um),value_si=value_native*1e8/(wavelength_um^2),2558.0,3.9093041438623923,0.9206298,8.3203e-10,0.005444275148920001,0.0,0.0,0.0,0.0,4.2082e-11,0.00027535784384800005,4.2082e-11,0.00027535784384800005,0.0,0.0,0.0,0.0,8.7411e-10,0.005719632992768
mwir_std_solar_scatter,D:\HwaSimIR\HwaSim_IR\Bin\Config\Atmosphere\MODTRAN\raw\audit_mwir_standard_20260906\mwir_std_solar_scatter\MODOUT2.txt,W/(cm^2 sr cm^-1),W/(cm^2 cm^-1),W/(m^2 sr um),W/(m^2 um),value_si=value_native*1e8/(wavelength_um^2),2559.0,3.9077764751856194,0.93087727,7.2333e-10,0.00473671276173,0.0,0.0,0.0,0.0,4.2839e-11,0.000280530377559,4.2839e-11,0.000280530377559,0.0,0.0,0.0,0.0,7.6617e-10,0.005017243139289
mwir_std_solar_scatter,D:\HwaSimIR\HwaSim_IR\Bin\Config\Atmosphere\MODTRAN\raw\audit_mwir_standard_20260906\mwir_std_solar_scatter\MODOUT2.txt,W/(cm^2 sr cm^-1),W/(cm^2 cm^-1),W/(m^2 sr um),W/(m^2 um),value_si=value_native*1e8/(wavelength_um^2),2560.0,3.90625,0.93073702,7.2522e-10,0.004752801792,0.0,0.0,0.0,0.0,4.2802e-11,0.0002805071872,4.2802e-11,0.0002805071872,0.0,0.0,0.0,0.0,7.6802e-10,0.005033308979200001
mwir_std_solar_scatter,D:\HwaSimIR\HwaSim_IR\Bin\Config\Atmosphere\MODTRAN\raw\audit_mwir_standard_20260906\mwir_std_solar_scatter\MODOUT2.txt,W/(cm^2 sr cm^-1),W/(cm^2 cm^-1),W/(m^2 sr um),W/(m^2 um),value_si=value_native*1e8/(wavelength_um^2),2561.0,3.904724716907458,0.94287187,6.0172e-10,0.003946513600119999,0.0,0.0,0.0,0.0,4.37e-11,0.00028661610769999997,4.37e-11,0.00028661610769999997,0.0,0.0,0.0,0.0,6.4542e-10,0.004233129707819999
mwir_std_solar_scatter,D:\HwaSimIR\HwaSim_IR\Bin\Config\Atmosphere\MODTRAN\raw\audit_mwir_standard_20260906\mwir_std_solar_scatter\MODOUT2.txt,W/(cm^2 sr cm^-1),W/(cm^2 cm^-1),W/(m^2 sr um),W/(m^2 um),value_si=value_native*1e8/(wavelength_um^2),2562.0,3.9032006245121,0.94607818,5.8406e-10,0.0038336787266400004,0.0,0.0,0.0,0.0,4.4104e-11,0.000289491775776,4.4104e-11,0.000289491775776,0.0,0.0,0.0,0.0,6.2816e-10,0.004123170502416
mwir_std_solar_scatter,D:\HwaSimIR\HwaSim_IR\Bin\Config\Atmosphere\MODTRAN\raw\audit_mwir_standard_20260906\mwir_std_solar_scatter\MODOUT2.txt,W/(cm^2 sr cm^-1),W/(cm^2 cm^-1),W/(m^2 sr um),W/(m^2 um),value_si=value_native*1e8/(wavelength_um^2),2563.0,3.9016777214202105,0.96206188,4.0647e-10,0.00267008882943,0.0,0.0,0.0,0.0,4.5209e-11,0.000296976519521,4.5209e-11,0.000296976519521,0.0,0.0,0.0,0.0,4.5168e-10,0.002967065348951
mwir_std_solar_scatter,D:\HwaSimIR\HwaSim_IR\Bin\Config\Atmosphere\MODTRAN\raw\audit_mwir_standard_20260906\mwir_std_solar_scatter\MODOUT2.txt,W/(cm^2 sr cm^-1),W/(cm^2 cm^-1),W/(m^2 sr um),W/(m^2 um),value_si=value_native*1e8/(wavelength_um^2),2564.0,3.9001560062402496,0.94911033,5.9181e-10,0.00389061575376,0.0,0.0,0.0,0.0,4.4983e-11,0.000295722560368,4.4983e-11,0.000295722560368,0.0,0.0,0.0,0.0,6.3679e-10,0.004186338314128
mwir_std_solar_scatter,D:\HwaSimIR\HwaSim_IR\Bin\Config\Atmosphere\MODTRAN\raw\audit_mwir_standard_20260906\mwir_std_solar_scatter\MODOUT2.txt,W/(cm^2 sr cm^-1),W/(cm^2 cm^-1),W/(m^2 sr um),W/(m^2 um),value_si=value_native*1e8/(wavelength_um^2),2565.0,3.898635477582846,0.94557428,6.0018e-10,0.003948719260500001,0.0,0.0,0.0,0.0,4.4485e-11,0.00029267682412500003,4.4485e-11,0.00029267682412500003,0.0,0.0,0.0,0.0,6.4466e-10,0.004241396084625001
mwir_std_solar_scatter,D:\HwaSimIR\HwaSim_IR\Bin\Config\Atmosphere\MODTRAN\raw\audit_mwir_standard_20260906\mwir_std_solar_scatter\MODOUT2.txt,W/(cm^2 sr cm^-1),W/(cm^2 cm^-1),W/(m^2 sr um),W/(m^2 um),value_si=value_native*1e8/(wavelength_um^2),2566.0,3.897116134060795,0.94543648,5.6394e-10,0.0037131817226399998,0.0,0.0,0.0,0.0,4.4136e-11,0.000290607136416,4.4136e-11,0.000290607136416,0.0,0.0,0.0,0.0,6.0808e-10,0.004003788859055999
mwir_std_solar_scatter,D:\HwaSimIR\HwaSim_IR\Bin\Config\Atmosphere\MODTRAN\raw\audit_mwir_standard_20260906\mwir_std_solar_scatter\MODOUT2.txt,W/(cm^2 sr cm^-1),W/(cm^2 cm^-1),W/(m^2 sr um),W/(m^2 um),value_si=value_native*1e8/(wavelength_um^2),2567.0,3.8955979742890534,0.89647317,1.0224e-09,0.006737093553599999,0.0,0.0,0.0,0.0,4.0944e-11,0.000269800037616,4.0944e-11,0.000269800037616,0.0,0.0,0.0,0.0,1.0633e-09,0.007006893591215999
mwir_std_solar_scatter,D:\HwaSimIR\HwaSim_IR\Bin\Config\Atmosphere\MODTRAN\raw\audit_mwir_standard_20260906\mwir_std_solar_scatter\MODOUT2.txt,W/(cm^2 sr cm^-1),W/(cm^2 cm^-1),W/(m^2 sr um),W/(m^2 um),value_si=value_native*1e8/(wavelength_um^2),2568.0,3.8940809968847354,0.91291994,8.7234e-10,0.00575275430016,0.0,0.0,0.0,0.0,4.2087e-11,0.00027754794028799997,4.2087e-11,0.00027754794028799997,0.0,0.0,0.0,0.0,9.1443e-10,0.006030302240448
mwir_std_solar_scatter,D:\HwaSimIR\HwaSim_IR\Bin\Config\Atmosphere\MODTRAN\raw\audit_mwir_standard_20260906\mwir_std_solar_scatter\MODOUT2.txt,W/(cm^2 sr cm^-1),W/(cm^2 cm^-1),W/(m^2 sr um),W/(m^2 um),value_si=value_native*1e8/(wavelength_um^2),2569.0,3.8925652004671076,0.90682429,9.2579e-10,0.00610999273619,0.0,0.0,0.0,0.0,4.1942e-11,0.000276807175862,4.1942e-11,0.000276807175862,0.0,0.0,0.0,0.0,9.6773e-10,0.006386799912052
mwir_std_solar_scatter,D:\HwaSimIR\HwaSim_IR\Bin\Config\Atmosphere\MODTRAN\raw\audit_mwir_standard_20260906\mwir_std_solar_scatter\MODOUT2.txt,W/(cm^2 sr cm^-1),W/(cm^2 cm^-1),W/(m^2 sr um),W/(m^2 um),value_si=value_native*1e8/(wavelength_um^2),2570.0,3.8910505836575875,0.89628577,1.0328e-09,0.006821540720000001,0.0,0.0,0.0,0.0,4.1267e-11,0.00027256440829999997,4.1267e-11,0.00027256440829999997,0.0,0.0,0.0,0.0,1.0741e-09,0.007094105128300001
mwir_std_solar_scatter,D:\HwaSimIR\HwaSim_IR\Bin\Config\Atmosphere\MODTRAN\raw\audit_mwir_standard_20260906\mwir_std_solar_scatter\MODOUT2.txt,W/(cm^2 sr cm^-1),W/(cm^2 cm^-1),W/(m^2 sr um),W/(m^2 um),value_si=value_native*1e8/(wavelength_um^2),2571.0,3.8895371450797356,0.83987141,1.5369e-09,0.0101589720129,0.0,0.0,0.0,0.0,3.7941e-11,0.000250791565581,3.7941e-11,0.000250791565581,0.0,0.0,0.0,0.0,1.5748e-09,0.010409763578481
mwir_std_solar_scatter,D:\HwaSimIR\HwaSim_IR\Bin\Config\Atmosphere\MODTRAN\raw\audit_mwir_standard_20260906\mwir_std_solar_scatter\MODOUT2.txt,W/(cm^2 sr cm^-1),W/(cm^2 cm^-1),W/(m^2 sr um),W/(m^2 um),value_si=value_native*1e8/(wavelength_um^2),2572.0,3.8880248833592534,0.89703846,9.985e-10,0.006605261224000001,0.0,0.0,0.0,0.0,4.1593e-11,0.000275145348112,4.1593e-11,0.000275145348112,0.0,0.0,0.0,0.0,1.0401e-09,0.006880406572112001
mwir_std_solar_scatter,D:\HwaSimIR\HwaSim_IR\Bin\Config\Atmosphere\MODTRAN\raw\audit_mwir_standard_20260906\mwir_std_solar_scatter\MODOUT2.txt,W/(cm^2 sr cm^-1),W/(cm^2 cm^-1),W/(m^2 sr um),W/(m^2 um),value_si=value_native*1e8/(wavelength_um^2),2573.0,3.8865137971239796,0.89305335,1.031e-09,0.0068255591990000015,0.0,0.0,0.0,0.0,4.1363e-11,0.000273836668427,4.1363e-11,0.000273836668427,0.0,0.0,0.0,0.0,1.0723e-09,0.007099395867427001
mwir_std_solar_scatter,D:\HwaSimIR\HwaSim_IR\Bin\Config\Atmosphere\MODTRAN\raw\audit_mwir_standard_20260906\mwir_std_solar_scatter\MODOUT2.txt,W/(cm^2 sr cm^-1),W/(cm^2 cm^-1),W/(m^2 sr um),W/(m^2 um),value_si=value_native*1e8/(wavelength_um^2),2574.0,3.885003885003885,0.82463956,1.6467e-09,0.010910171329199999,0.0,0.0,0.0,0.0,3.7195e-11,0.00024643457982,3.7195e-11,0.00024643457982,0.0,0.0,0.0,0.0,1.6839e-09,0.011156605909019998
mwir_std_solar_scatter,D:\HwaSimIR\HwaSim_IR\Bin\Config\Atmosphere\MODTRAN\raw\audit_mwir_standard_20260906\mwir_std_solar_scatter\MODOUT2.txt,W/(cm^2 sr cm^-1),W/(cm^2 cm^-1),W/(m^2 sr um),W/(m^2 um),value_si=value_native*1e8/(wavelength_um^2),2575.0,3.883495145631068,0.89221209,1.0311e-09,0.006836837437500001,0.0,0.0,0.0,0.0,4.1539e-11,0.000275429531875,4.1539e-11,0.000275429531875,0.0,0.0,0.0,0.0,1.0726e-09,0.007112266969375001
mwir_std_solar_scatter,D:\HwaSimIR\HwaSim_IR\Bin\Config\Atmosphere\MODTRAN\raw\audit_mwir_standard_20260906\mwir_std_solar_scatter\MODOUT2.txt,W/(cm^2 sr cm^-1),W/(cm^2 cm^-1),W/(m^2 sr um),W/(m^2 um),value_si=value_native*1e8/(wavelength_um^2),2576.0,3.8819875776397517,0.88906038,1.0638e-09,0.0070591385088,0.0,0.0,0.0,0.0,4.1234e-11,0.000273619587584,4.1234e-11,0.000273619587584,0.0,0.0,0.0,0.0,1.1051e-09,0.007332758096384
mwir_std_solar_scatter,D:\HwaSimIR\HwaSim_IR\Bin\Config\Atmosphere\MODTRAN\raw\audit_mwir_standard_20260906\mwir_std_solar_scatter\MODOUT2.txt,W/(cm^2 sr cm^-1),W/(cm^2 cm^-1),W/(m^2 sr um),W/(m^2 um),value_si=value_native*1e8/(wavelength_um^2),2577.0,3.880481179666279,0.82749152,1.6165e-09,0.010735061728499999,0.0,0.0,0.0,0.0,3.8273e-11,0.00025416827561699996,3.8273e-11,0.00025416827561699996,0.0,0.0,0.0,0.0,1.6548e-09,0.010989230004117
mwir_std_solar_scatter,D:\HwaSimIR\HwaSim_IR\Bin\Config\Atmosphere\MODTRAN\raw\audit_mwir_standard_20260906\mwir_std_solar_scatter\MODOUT2.txt,W/(cm^2 sr cm^-1),W/(cm^2 cm^-1),W/(m^2 sr um),W/(m^2 um),value_si=value_native*1e8/(wavelength_um^2),2578.0,3.878975950349108,0.89730841,9.7647e-10,0.00648970164348,0.0,0.0,0.0,0.0,4.2532e-11,0.00028267124468799997,4.2532e-11,0.00028267124468799997,0.0,0.0,0.0,0.0,1.019e-09,0.006772372888168
mwir_std_solar_scatter,D:\HwaSimIR\HwaSim_IR\Bin\Config\Atmosphere\MODTRAN\raw\audit_mwir_standard_20260906\mwir_std_solar_scatter\MODOUT2.txt,W/(cm^2 sr cm^-1),W/(cm^2 cm^-1),W/(m^2 sr um),W/(m^2 um),value_si=value_native*1e8/(wavelength_um^2),2579.0,3.8774718883288095,0.82688969,1.6496e-09,0.0109718871536,0.0,0.0,0.0,0.0,3.8409e-11,0.000255467515569,3.8409e-11,0.000255467515569,0.0,0.0,0.0,0.0,1.6881e-09,0.011227354669169
mwir_std_solar_scatter,D:\HwaSimIR\HwaSim_IR\Bin\Config\Atmosphere\MODTRAN\raw\audit_mwir_standard_20260906\mwir_std_solar_scatter\MODOUT2.txt,W/(cm^2 sr cm^-1),W/(cm^2 cm^-1),W/(m^2 sr um),W/(m^2 um),value_si=value_native*1e8/(wavelength_um^2),2580.0,3.875968992248062,0.90568513,8.9975e-10,0.005989095900000001,0.0,0.0,0.0,0.0,4.3135e-11,0.0002871238140000001,4.3135e-11,0.0002871238140000001,0.0,0.0,0.0,0.0,9.4288e-10,0.006276219714000001
mwir_std_solar_scatter,D:\HwaSimIR\HwaSim_IR\Bin\Config\Atmosphere\MODTRAN\raw\audit_mwir_standard_20260906\mwir_std_solar_scatter\MODOUT2.txt,W/(cm^2 sr cm^-1),W/(cm^2 cm^-1),W/(m^2 sr um),W/(m^2 um),value_si=value_native*1e8/(wavelength_um^2),2581.0,3.8744672607516466,0.85510796,1.3704e-09,0.0091290031944,0.0,0.0,0.0,0.0,4.0122e-11,0.000267275150442,4.0122e-11,0.000267275150442,0.0,0.0,0.0,0.0,1.4106e-09,0.009396278344842
mwir_std_solar_scatter,D:\HwaSimIR\HwaSim_IR\Bin\Config\Atmosphere\MODTRAN\raw\audit_mwir_standard_20260906\mwir_std_solar_scatter\MODOUT2.txt,W/(cm^2 sr cm^-1),W/(cm^2 cm^-1),W/(m^2 sr um),W/(m^2 um),value_si=value_native*1e8/(wavelength_um^2),2582.0,3.8729666924864445,0.89820403,1.0038e-09,0.0066920575512,0.0,0.0,0.0,0.0,4.3022e-11,0.000286815799928,4.3022e-11,0.000286815799928,0.0,0.0,0.0,0.0,1.0468e-09,0.006978873351128
mwir_std_solar_scatter,D:\HwaSimIR\HwaSim_IR\Bin\Config\Atmosphere\MODTRAN\raw\audit_mwir_standard_20260906\mwir_std_solar_scatter\MODOUT2.txt,W/(cm^2 sr cm^-1),W/(cm^2 cm^-1),W/(m^2 sr um),W/(m^2 um),value_si=value_native*1e8/(wavelength_um^2),2583.0,3.8714672861014323,0.8822304,1.1015e-09,0.0073490857335,0.0,0.0,0.0,0.0,4.1636e-11,0.000277790770404,4.1636e-11,0.000277790770404,0.0,0.0,0.0,0.0,1.1431e-09,0.0076268765039040004
mwir_std_solar_scatter,D:\HwaSimIR\HwaSim_IR\Bin\Config\Atmosphere\MODTRAN\raw\audit_mwir_standard_20260906\mwir_std_solar_scatter\MODOUT2.txt,W/(cm^2 sr cm^-1),W/(cm^2 cm^-1),W/(m^2 sr um),W/(m^2 um),value_si=value_native*1e8/(wavelength_um^2),2584.0,3.869969040247678,0.92568374,7.1176e-10,0.0047524613785600005,0.0,0.0,0.0,0.0,4.4548e-11,0.00029744949068800003,4.4548e-11,0.00029744949068800003,0.0,0.0,0.0,0.0,7.5631e-10,0.005049910869248
mwir_std_solar_scatter,D:\HwaSimIR\HwaSim_IR\Bin\Config\Atmosphere\MODTRAN\raw\audit_mwir_standard_20260906\mwir_std_solar_scatter\MODOUT2.txt,W/(cm^2 sr cm^-1),W/(cm^2 cm^-1),W/(m^2 sr um),W/(m^2 um),value_si=value_native*1e8/(wavelength_um^2),2585.0,3.8684719535783367,0.88856739,1.0666e-09,0.007127261185,0.0,0.0,0.0,0.0,4.2286e-11,0.00028256456635,4.2286e-11,0.00028256456635,0.0,0.0,0.0,0.0,1.1089e-09,0.00740982575135
mwir_std_solar_scatter,D:\HwaSimIR\HwaSim_IR\Bin\Config\Atmosphere\MODTRAN\raw\audit_mwir_standard_20260906\mwir_std_solar_scatter\MODOUT2.txt,W/(cm^2 sr cm^-1),W/(cm^2 cm^-1),W/(m^2 sr um),W/(m^2 um),value_si=value_native*1e8/(wavelength_um^2),2586.0,3.8669760247486464,0.9433704,5.4536e-10,0.0036470382825599997,0.0,0.0,0.0,0.0,4.5968e-11,0.000307406219328,4.5968e-11,0.000307406219328,0.0,0.0,0.0,0.0,5.9133e-10,0.003954444501888
mwir_std_solar_scatter,D:\HwaSimIR\HwaSim_IR\Bin\Config\Atmosphere\MODTRAN\raw\audit_mwir_standard_20260906\mwir_std_solar_scatter\MODOUT2.txt,W/(cm^2 sr cm^-1),W/(cm^2 cm^-1),W/(m^2 sr um),W/(m^2 um),value_si=value_native*1e8/(wavelength_um^2),2587.0,3.865481252415926,0.9192273,7.6268e-10,0.00510428852492,0.0,0.0,0.0,0.0,4.4338e-11,0.00029673512432199997,4.4338e-11,0.00029673512432199997,0.0,0.0,0.0,0.0,8.0702e-10,0.005401023649242
mwir_std_solar_scatter,D:\HwaSimIR\HwaSim_IR\Bin\Config\Atmosphere\MODTRAN\raw\audit_mwir_standard_20260906\mwir_std_solar_scatter\MODOUT2.txt,W/(cm^2 sr cm^-1),W/(cm^2 cm^-1),W/(m^2 sr um),W/(m^2 um),value_si=value_native*1e8/(wavelength_um^2),2588.0,3.8639876352395675,0.93500286,6.1878e-10,0.004144430032319999,0.0,0.0,0.0,0.0,4.5529e-11,0.000304941586576,4.5529e-11,0.000304941586576,0.0,0.0,0.0,0.0,6.643e-10,0.004449371618895999
mwir_std_solar_scatter,D:\HwaSimIR\HwaSim_IR\Bin\Config\Atmosphere\MODTRAN\raw\audit_mwir_standard_20260906\mwir_std_solar_scatter\MODOUT2.txt,W/(cm^2 sr cm^-1),W/(cm^2 cm^-1),W/(m^2 sr um),W/(m^2 um),value_si=value_native*1e8/(wavelength_um^2),2589.0,3.862495171881035,0.94671291,5.3679e-10,0.0035980609635899996,0.0,0.0,0.0,0.0,4.6743e-11,0.000313314636303,4.6743e-11,0.000313314636303,0.0,0.0,0.0,0.0,5.8354e-10,0.003911375599893
mwir_std_solar_scatter,D:\HwaSimIR\HwaSim_IR\Bin\Config\Atmosphere\MODTRAN\raw\audit_mwir_standard_20260906\mwir_std_solar_scatter\MODOUT2.txt,W/(cm^2 sr cm^-1),W/(cm^2 cm^-1),W/(m^2 sr um),W/(m^2 um),value_si=value_native*1e8/(wavelength_um^2),2590.0,3.861003861003861,0.94086874,5.7717e-10,0.003871714077,0.0,0.0,0.0,0.0,4.6332e-11,0.0003107996892000001,4.6332e-11,0.0003107996892000001,0.0,0.0,0.0,0.0,6.235e-10,0.0041825137662
mwir_std_solar_scatter,D:\HwaSimIR\HwaSim_IR\Bin\Config\Atmosphere\MODTRAN\raw\audit_mwir_standard_20260906\mwir_std_solar_scatter\MODOUT2.txt,W/(cm^2 sr cm^-1),W/(cm^2 cm^-1),W/(m^2 sr um),W/(m^2 um),value_si=value_native*1e8/(wavelength_um^2),2591.0,3.8595137012736394,0.92968005,7.3548e-10,0.004937483909880001,0.0,0.0,0.0,0.0,4.6572e-11,0.00031265092273200006,4.6572e-11,0.00031265092273200006,0.0,0.0,0.0,0.0,7.8205e-10,0.005250134832612001
mwir_std_solar_scatter,D:\HwaSimIR\HwaSim_IR\Bin\Config\Atmosphere\MODTRAN\raw\audit_mwir_standard_20260906\mwir_std_solar_scatter\MODOUT2.txt,W/(cm^2 sr cm^-1),W/(cm^2 cm^-1),W/(m^2 sr um),W/(m^2 um),value_si=value_native*1e8/(wavelength_um^2),2592.0,3.8580246913580245,0.96230745,3.6694e-10,0.0024652731801600002,0.0,0.0,0.0,0.0,4.8078e-11,0.00032301031219200005,4.8078e-11,0.00032301031219200005,0.0,0.0,0.0,0.0,4.1502e-10,0.0027882834923520002
mwir_std_solar_scatter,D:\HwaSimIR\HwaSim_IR\Bin\Config\Atmosphere\MODTRAN\raw\audit_mwir_standard_20260906\mwir_std_solar_scatter\MODOUT2.txt,W/(cm^2 sr cm^-1),W/(cm^2 cm^-1),W/(m^2 sr um),W/(m^2 um),value_si=value_native*1e8/(wavelength_um^2),2593.0,3.8565368299267258,0.94690502,5.4642e-10,0.00367393628658,0.0,0.0,0.0,0.0,4.7604e-11,0.000320072586996,4.7604e-11,0.000320072586996,0.0,0.0,0.0,0.0,5.9403e-10,0.003994008873576
mwir_std_solar_scatter,D:\HwaSimIR\HwaSim_IR\Bin\Config\Atmosphere\MODTRAN\raw\audit_mwir_standard_20260906\mwir_std_solar_scatter\MODOUT2.txt,W/(cm^2 sr cm^-1),W/(cm^2 cm^-1),W/(m^2 sr um),W/(m^2 um),value_si=value_native*1e8/(wavelength_um^2),2594.0,3.8550501156515034,0.95992202,4.1834e-10,0.00281494125224,0.0,0.0,0.0,0.0,4.8625e-11,0.0003271896505,4.8625e-11,0.0003271896505,0.0,0.0,0.0,0.0,4.6697e-10,0.0031421309027400003
mwir_std_solar_scatter,D:\HwaSimIR\HwaSim_IR\Bin\Config\Atmosphere\MODTRAN\raw\audit_mwir_standard_20260906\mwir_std_solar_scatter\MODOUT2.txt,W/(cm^2 sr cm^-1),W/(cm^2 cm^-1),W/(m^2 sr um),W/(m^2 um),value_si=value_native*1e8/(wavelength_um^2),2595.0,3.8535645472061657,0.97260642,2.6243e-10,0.00176721018075,0.0,0.0,0.0,0.0,4.9023e-11,0.000330122107575,4.9023e-11,0.000330122107575,0.0,0.0,0.0,0.0,3.1146e-10,0.002097332288325
mwir_std_solar_scatter,D:\HwaSimIR\HwaSim_IR\Bin\Config\Atmosphere\MODTRAN\raw\audit_mwir_standard_20260906\mwir_std_solar_scatter\MODOUT2.txt,W/(cm^2 sr cm^-1),W/(cm^2 cm^-1),W/(m^2 sr um),W/(m^2 um),value_si=value_native*1e8/(wavelength_um^2),2596.0,3.852080123266564,0.97549033,2.3534e-10,0.0015860070934399998,0.0,0.0,0.0,0.0,4.9276e-11,0.00033208160761599996,4.9276e-11,0.00033208160761599996,0.0,0.0,0.0,0.0,2.8462e-10,0.0019180887010559998
mwir_std_solar_scatter,D:\HwaSimIR\HwaSim_IR\Bin\Config\Atmosphere\MODTRAN\raw\audit_mwir_standard_20260906\mwir_std_solar_scatter\MODOUT2.txt,W/(cm^2 sr cm^-1),W/(cm^2 cm^-1),W/(m^2 sr um),W/(m^2 um),value_si=value_native*1e8/(wavelength_um^2),2597.0,3.850596842510589,0.95442659,4.6314e-10,0.00312360558426,0.0,0.0,0.0,0.0,4.8436e-11,0.000326672194324,4.8436e-11,0.000326672194324,0.0,0.0,0.0,0.0,5.1157e-10,0.003450277778584
mwir_std_solar_scatter,D:\HwaSimIR\HwaSim_IR\Bin\Config\Atmosphere\MODTRAN\raw\audit_mwir_standard_20260906\mwir_std_solar_scatter\MODOUT2.txt,W/(cm^2 sr cm^-1),W/(cm^2 cm^-1),W/(m^2 sr um),W/(m^2 um),value_si=value_native*1e8/(wavelength_um^2),2598.0,3.849114703618168,0.97511911,2.3435e-10,0.0015817696974000002,0.0,0.0,0.0,0.0,4.9425e-11,0.0003335991777,4.9425e-11,0.0003335991777,0.0,0.0,0.0,0.0,2.8378e-10,0.0019153688751000003
mwir_std_solar_scatter,D:\HwaSimIR\HwaSim_IR\Bin\Config\Atmosphere\MODTRAN\raw\audit_mwir_standard_20260906\mwir_std_solar_scatter\MODOUT2.txt,W/(cm^2 sr cm^-1),W/(cm^2 cm^-1),W/(m^2 sr um),W/(m^2 um),value_si=value_native*1e8/(wavelength_um^2),2599.0,3.8476337052712584,0.95999444,3.6399e-10,0.00245868001599,0.0,0.0,0.0,0.0,4.8207e-11,0.000325628691807,4.8207e-11,0.000325628691807,0.0,0.0,0.0,0.0,4.122e-10,0.002784308707797
mwir_std_solar_scatter,D:\HwaSimIR\HwaSim_IR\Bin\Config\Atmosphere\MODTRAN\raw\audit_mwir_standard_20260906\mwir_std_solar_scatter\MODOUT2.txt,W/(cm^2 sr cm^-1),W/(cm^2 cm^-1),W/(m^2 sr um),W/(m^2 um),value_si=value_native*1e8/(wavelength_um^2),2600.0,3.8461538461538463,0.96319377,3.3487e-10,0.0022637212000000003,0.0,0.0,0.0,0.0,4.8541e-11,0.00032813716,4.8541e-11,0.00032813716,0.0,0.0,0.0,0.0,3.8341e-10,0.00259185836
mwir_std_solar_scatter,D:\HwaSimIR\HwaSim_IR\Bin\Config\Atmosphere\MODTRAN\raw\audit_mwir_standard_20260906\mwir_std_solar_scatter\MODOUT2.txt,W/(cm^2 sr cm^-1),W/(cm^2 cm^-1),W/(m^2 sr um),W/(m^2 um),value_si=value_native*1e8/(wavelength_um^2),2601.0,3.8446751249519417,0.95685625,4.4758e-10,0.0030279686635799998,0.0,0.0,0.0,0.0,4.9224e-11,0.000333010254024,4.9224e-11,0.000333010254024,0.0,0.0,0.0,0.0,4.968e-10,0.003360978917604
mwir_std_solar_scatter,D:\HwaSimIR\HwaSim_IR\Bin\Config\Atmosphere\MODTRAN\raw\audit_mwir_standard_20260906\mwir_std_solar_scatter\MODOUT2.txt,W/(cm^2 sr cm^-1),W/(cm^2 cm^-1),W/(m^2 sr um),W/(m^2 um),value_si=value_native*1e8/(wavelength_um^2),2602.0,3.8431975403535743,0.97225308,2.4929e-10,0.00168779401316,0.0,0.0,0.0,0.0,4.9351e-11,0.00033412620780399994,4.9351e-11,0.00033412620780399994,0.0,0.0,0.0,0.0,2.9864e-10,0.002021920220964
mwir_std_solar_scatter,D:\HwaSimIR\HwaSim_IR\Bin\Config\Atmosphere\MODTRAN\raw\audit_mwir_standard_20260906\mwir_std_solar_scatter\MODOUT2.txt,W/(cm^2 sr cm^-1),W/(cm^2 cm^-1),W/(m^2 sr um),W/(m^2 um),value_si=value_native*1e8/(wavelength_um^2),2603.0,3.84172109104879,0.98127556,1.7064e-10,0.0011561899197599999,0.0,0.0,0.0,0.0,5.0211e-11,0.00034021010349900003,5.0211e-11,0.00034021010349900003,0.0,0.0,0.0,0.0,2.2085e-10,0.001496400023259
mwir_std_solar_scatter,D:\HwaSimIR\HwaSim_IR\Bin\Config\Atmosphere\MODTRAN\raw\audit_mwir_standard_20260906\mwir_std_solar_scatter\MODOUT2.txt,W/(cm^2 sr cm^-1),W/(cm^2 cm^-1),W/(m^2 sr um),W/(m^2 um),value_si=value_native*1e8/(wavelength_um^2),2604.0,3.8402457757296466,0.97590941,2.1574e-10,0.0014628932438399999,0.0,0.0,0.0,0.0,4.9791e-11,0.000337623609456,4.9791e-11,0.000337623609456,0.0,0.0,0.0,0.0,2.6553e-10,0.0018005168532959999
mwir_std_solar_scatter,D:\HwaSimIR\HwaSim_IR\Bin\Config\Atmosphere\MODTRAN\raw\audit_mwir_standard_20260906\mwir_std_solar_scatter\MODOUT2.txt,W/(cm^2 sr cm^-1),W/(cm^2 cm^-1),W/(m^2 sr um),W/(m^2 um),value_si=value_native*1e8/(wavelength_um^2),2605.0,3.838771593090211,0.96819091,3.2104e-10,0.002178585466,0.0,0.0,0.0,0.0,4.9909e-11,0.000338683721725,4.9909e-11,0.000338683721725,0.0,0.0,0.0,0.0,3.7095e-10,0.002517269187725
mwir_std_solar_scatter,D:\HwaSimIR\HwaSim_IR\Bin\Config\Atmosphere\MODTRAN\raw\audit_mwir_standard_20260906\mwir_std_solar_scatter\MODOUT2.txt,W/(cm^2 sr cm^-1),W/(cm^2 cm^-1),W/(m^2 sr um),W/(m^2 um),value_si=value_native*1e8/(wavelength_um^2),2606.0,3.837298541826554,0.95361406,4.7788e-10,0.0032453958596800007,0.0,0.0,0.0,0.0,4.9471e-11,0.00033596923615600006,4.9471e-11,0.00033596923615600006,0.0,0.0,0.0,0.0,5.2735e-10,0.0035813650958360006
mwir_std_solar_scatter,D:\HwaSimIR\HwaSim_IR\Bin\Config\Atmosphere\MODTRAN\raw\audit_mwir_standard_20260906\mwir_std_solar_scatter\MODOUT2.txt,W/(cm^2 sr cm^-1),W/(cm^2 cm^-1),W/(m^2 sr um),W/(m^2 um),value_si=value_native*1e8/(wavelength_um^2),2607.0,3.8358266206367473,0.95937824,4.2054e-10,0.00285817866246,0.0,0.0,0.0,0.0,4.9748e-11,0.00033810974485199997,4.9748e-11,0.00033810974485199997,0.0,0.0,0.0,0.0,4.7029e-10,0.003196288407312
mwir_std_solar_scatter,D:\HwaSimIR\HwaSim_IR\Bin\Config\Atmosphere\MODTRAN\raw\audit_mwir_standard_20260906\mwir_std_solar_scatter\MODOUT2.txt,W/(cm^2 sr cm^-1),W/(cm^2 cm^-1),W/(m^2 sr um),W/(m^2 um),value_si=value_native*1e8/(wavelength_um^2),2608.0,3.834355828220859,0.9077763,9.6112e-10,0.00653721530368,0.0,0.0,0.0,0.0,4.7784e-11,0.000325010712576,4.7784e-11,0.000325010712576,0.0,0.0,0.0,0.0,1.0089e-09,0.006862226016256
mwir_std_solar_scatter,D:\HwaSimIR\HwaSim_IR\Bin\Config\Atmosphere\MODTRAN\raw\audit_mwir_standard_20260906\mwir_std_solar_scatter\MODOUT2.txt,W/(cm^2 sr cm^-1),W/(cm^2 cm^-1),W/(m^2 sr um),W/(m^2 um),value_si=value_native*1e8/(wavelength_um^2),2609.0,3.8328861632809508,0.98273438,1.6049e-10,0.00109243633169,0.0,0.0,0.0,0.0,5.0794e-11,0.000345748713514,5.0794e-11,0.000345748713514,0.0,0.0,0.0,0.0,2.1129e-10,0.0014381850452039999
mwir_std_solar_scatter,D:\HwaSimIR\HwaSim_IR\Bin\Config\Atmosphere\MODTRAN\raw\audit_mwir_standard_20260906\mwir_std_solar_scatter\MODOUT2.txt,W/(cm^2 sr cm^-1),W/(cm^2 cm^-1),W/(m^2 sr um),W/(m^2 um),value_si=value_native*1e8/(wavelength_um^2),2610.0,3.8314176245210727,0.98906255,1.0013e-10,0.000682095573,0.0,0.0,0.0,0.0,5.1387e-11,0.00035005338270000007,5.1387e-11,0.00035005338270000007,0.0,0.0,0.0,0.0,1.5152e-10,0.0010321489557000001
mwir_std_solar_scatter,D:\HwaSimIR\HwaSim_IR\Bin\Config\Atmosphere\MODTRAN\raw\audit_mwir_standard_20260906\mwir_std_solar_scatter\MODOUT2.txt,W/(cm^2 sr cm^-1),W/(cm^2 cm^-1),W/(m^2 sr um),W/(m^2 um),value_si=value_native*1e8/(wavelength_um^2),2611.0,3.8299502106472616,0.99084842,8.4625e-11,0.000576915789625,0.0,0.0,0.0,0.0,5.1715e-11,0.000352557755515,5.1715e-11,0.000352557755515,0.0,0.0,0.0,0.0,1.3634e-10,0.0009294735451400001
mwir_std_solar_scatter,D:\HwaSimIR\HwaSim_IR\Bin\Config\Atmosphere\MODTRAN\raw\audit_mwir_standard_20260906\mwir_std_solar_scatter\MODOUT2.txt,W/(cm^2 sr cm^-1),W/(cm^2 cm^-1),W/(m^2 sr um),W/(m^2 um),value_si=value_native*1e8/(wavelength_um^2),2612.0,3.8284839203675345,0.98969007,1.0001e-10,0.00068232262544,0.0,0.0,0.0,0.0,5.1873e-11,0.000353905824912,5.1873e-11,0.000353905824912,0.0,0.0,0.0,0.0,1.5188e-10,0.001036228450352
mwir_std_solar_scatter,D:\HwaSimIR\HwaSim_IR\Bin\Config\Atmosphere\MODTRAN\raw\audit_mwir_standard_20260906\mwir_std_solar_scatter\MODOUT2.txt,W/(cm^2 sr cm^-1),W/(cm^2 cm^-1),W/(m^2 sr um),W/(m^2 um),value_si=value_native*1e8/(wavelength_um^2),2613.0,3.827018752391887,0.965289,3.4949e-10,0.00238623698781,0.0,0.0,0.0,0.0,5.1005e-11,0.000348250357845,5.1005e-11,0.000348250357845,0.0,0.0,0.0,0.0,4.005e-10,0.002734487345655
mwir_std_solar_scatter,D:\HwaSimIR\HwaSim_IR\Bin\Config\Atmosphere\MODTRAN\raw\audit_mwir_standard_20260906\mwir_std_solar_scatter\MODOUT2.txt,W/(cm^2 sr cm^-1),W/(cm^2 cm^-1),W/(m^2 sr um),W/(m^2 um),value_si=value_native*1e8/(wavelength_um^2),2614.0,3.8255547054322876,0.98895055,9.7255e-11,0.00066454302598,0.0,0.0,0.0,0.0,5.1795e-11,0.00035391502782,5.1795e-11,0.00035391502782,0.0,0.0,0.0,0.0,1.4905e-10,0.0010184580538
mwir_std_solar_scatter,D:\HwaSimIR\HwaSim_IR\Bin\Config\Atmosphere\MODTRAN\raw\audit_mwir_standard_20260906\mwir_std_solar_scatter\MODOUT2.txt,W/(cm^2 sr cm^-1),W/(cm^2 cm^-1),W/(m^2 sr um),W/(m^2 um),value_si=value_native*1e8/(wavelength_um^2),2615.0,3.8240917782026767,0.98690635,1.1199e-10,0.0007658128177500001,0.0,0.0,0.0,0.0,5.1683e-11,0.0003534199826750001,5.1683e-11,0.0003534199826750001,0.0,0.0,0.0,0.0,1.6367e-10,0.001119232800425
mwir_std_solar_scatter,D:\HwaSimIR\HwaSim_IR\Bin\Config\Atmosphere\MODTRAN\raw\audit_mwir_standard_20260906\mwir_std_solar_scatter\MODOUT2.txt,W/(cm^2 sr cm^-1),W/(cm^2 cm^-1),W/(m^2 sr um),W/(m^2 um),value_si=value_native*1e8/(wavelength_um^2),2616.0,3.8226299694189603,0.99333429,5.9083e-11,0.00040433191084799996,0.0,0.0,0.0,0.0,5.2336e-11,0.00035815911321600004,5.2336e-11,0.00035815911321600004,0.0,0.0,0.0,0.0,1.1142e-10,0.000762491024064
mwir_std_solar_scatter,D:\HwaSimIR\HwaSim_IR\Bin\Config\Atmosphere\MODTRAN\raw\audit_mwir_standard_20260906\mwir_std_solar_scatter\MODOUT2.txt,W/(cm^2 sr cm^-1),W/(cm^2 cm^-1),W/(m^2 sr um),W/(m^2 um),value_si=value_native*1e8/(wavelength_um^2),2617.0,3.8211692777990063,0.99318331,6.0854e-11,0.000416770120406,0.0,0.0,0.0,0.0,5.2295e-11,0.000358152191255,5.2295e-11,0.000358152191255,0.0,0.0,0.0,0.0,1.1315e-10,0.000774922311661
mwir_std_solar_scatter,D:\HwaSimIR\HwaSim_IR\Bin\Config\Atmosphere\MODTRAN\raw\audit_mwir_standard_20260906\mwir_std_solar_scatter\MODOUT2.txt,W/(cm^2 sr cm^-1),W/(cm^2 cm^-1),W/(m^2 sr um),W/(m^2 um),value_si=value_native*1e8/(wavelength_um^2),2618.0,3.819709702062643,0.97506618,2.0545e-10,0.0014081386858,0.0,0.0,0.0,0.0,5.0779e-11,0.00034803540679600005,5.0779e-11,0.00034803540679600005,0.0,0.0,0.0,0.0,2.5623e-10,0.0017561740925960002
mwir_std_solar_scatter,D:\HwaSimIR\HwaSim_IR\Bin\Config\Atmosphere\MODTRAN\raw\audit_mwir_standard_20260906\mwir_std_solar_scatter\MODOUT2.txt,W/(cm^2 sr cm^-1),W/(cm^2 cm^-1),W/(m^2 sr um),W/(m^2 um),value_si=value_native*1e8/(wavelength_um^2),2619.0,3.8182512409316534,0.98808664,1.0735e-10,0.0007363309333499999,0.0,0.0,0.0,0.0,5.2042e-11,0.000356964456762,5.2042e-11,0.000356964456762,0.0,0.0,0.0,0.0,1.5939e-10,0.001093295390112
mwir_std_solar_scatter,D:\HwaSimIR\HwaSim_IR\Bin\Config\Atmosphere\MODTRAN\raw\audit_mwir_standard_20260906\mwir_std_solar_scatter\MODOUT2.txt,W/(cm^2 sr cm^-1),W/(cm^2 cm^-1),W/(m^2 sr um),W/(m^2 um),value_si=value_native*1e8/(wavelength_um^2),2620.0,3.816793893129771,0.94878036,4.963e-10,0.00340680172,0.0,0.0,0.0,0.0,5.0426e-11,0.00034614423439999995,5.0426e-11,0.00034614423439999995,0.0,0.0,0.0,0.0,5.4672e-10,0.0037529459543999997
mwir_std_solar_scatter,D:\HwaSimIR\HwaSim_IR\Bin\Config\Atmosphere\MODTRAN\raw\audit_mwir_standard_20260906\mwir_std_solar_scatter\MODOUT2.txt,W/(cm^2 sr cm^-1),W/(cm^2 cm^-1),W/(m^2 sr um),W/(m^2 um),value_si=value_native*1e8/(wavelength_um^2),2621.0,3.8153376573826785,0.98809284,1.1251e-10,0.0007729033089099998,0.0,0.0,0.0,0.0,5.2306e-11,0.000359323442146,5.2306e-11,0.000359323442146,0.0,0.0,0.0,0.0,1.6482e-10,0.0011322267510559998
mwir_std_solar_scatter,D:\HwaSimIR\HwaSim_IR\Bin\Config\Atmosphere\MODTRAN\raw\audit_mwir_standard_20260906\mwir_std_solar_scatter\MODOUT2.txt,W/(cm^2 sr cm^-1),W/(cm^2 cm^-1),W/(m^2 sr um),W/(m^2 um),value_si=value_native*1e8/(wavelength_um^2),2622.0,3.8138825324180017,0.88853449,1.0885e-09,0.007483311233999999,0.0,0.0,0.0,0.0,4.8275e-11,0.0003318850251,4.8275e-11,0.0003318850251,0.0,0.0,0.0,0.0,1.1367e-09,0.0078151962591
mwir_std_solar_scatter,D:\HwaSimIR\HwaSim_IR\Bin\Config\Atmosphere\MODTRAN\raw\audit_mwir_standard_20260906\mwir_std_solar_scatter\MODOUT2.txt,W/(cm^2 sr cm^-1),W/(cm^2 cm^-1),W/(m^2 sr um),W/(m^2 um),value_si=value_native*1e8/(wavelength_um^2),2623.0,3.8124285169653067,0.93302357,6.3574e-10,0.004373973210460001,0.0,0.0,0.0,0.0,4.9995e-11,0.000343972049355,4.9995e-11,0.000343972049355,0.0,0.0,0.0,0.0,6.8574e-10,0.0047179452598150005
mwir_std_solar_scatter,D:\HwaSimIR\HwaSim_IR\Bin\Config\Atmosphere\MODTRAN\raw\audit_mwir_standard_20260906\mwir_std_solar_scatter\MODOUT2.txt,W/(cm^2 sr cm^-1),W/(cm^2 cm^-1),W/(m^2 sr um),W/(m^2 um),value_si=value_native*1e8/(wavelength_um^2),2624.0,3.8109756097560976,0.96367329,3.4846e-10,0.00239927812096,0.0,0.0,0.0,0.0,5.1521e-11,0.00035474145689600004,5.1521e-11,0.00035474145689600004,0.0,0.0,0.0,0.0,3.9998e-10,0.0027540195778560004
mwir_std_solar_scatter,D:\HwaSimIR\HwaSim_IR\Bin\Config\Atmosphere\MODTRAN\raw\audit_mwir_standard_20260906\mwir_std_solar_scatter\MODOUT2.txt,W/(cm^2 sr cm^-1),W/(cm^2 cm^-1),W/(m^2 sr um),W/(m^2 um),value_si=value_native*1e8/(wavelength_um^2),2625.0,3.8095238095238093,0.9418655,5.6503e-10,0.00389340984375,0.0,0.0,0.0,0.0,5.0785e-11,0.00034994039062500004,5.0785e-11,0.00034994039062500004,0.0,0.0,0.0,0.0,6.1582e-10,0.004243350234375
mwir_std_solar_scatter,D:\HwaSimIR\HwaSim_IR\Bin\Config\Atmosphere\MODTRAN\raw\audit_mwir_standard_20260906\mwir_std_solar_scatter\MODOUT2.txt,W/(cm^2 sr cm^-1),W/(cm^2 cm^-1),W/(m^2 sr um),W/(m^2 um),value_si=value_native*1e8/(wavelength_um^2),2626.0,3.808073115003808,0.98390114,1.3595e-10,0.0009374943422000001,0.0,0.0,0.0,0.0,5.2334e-11,0.000360888774584,5.2334e-11,0.000360888774584,0.0,0.0,0.0,0.0,1.8829e-10,0.0012983831167840002
mwir_std_solar_scatter,D:\HwaSimIR\HwaSim_IR\Bin\Config\Atmosphere\MODTRAN\raw\audit_mwir_standard_20260906\mwir_std_solar_scatter\MODOUT2.txt,W/(cm^2 sr cm^-1),W/(cm^2 cm^-1),W/(m^2 sr um),W/(m^2 um),value_si=value_native*1e8/(wavelength_um^2),2627.0,3.806623524933384,0.99029535,8.1278e-11,0.000560909962862,0.0,0.0,0.0,0.0,5.2915e-11,0.00036517324103500006,5.2915e-11,0.00036517324103500006,0.0,0.0,0.0,0.0,1.3419e-10,0.000926083203897
mwir_std_solar_scatter,D:\HwaSimIR\HwaSim_IR\Bin\Config\Atmosphere\MODTRAN\raw\audit_mwir_standard_20260906\mwir_std_solar_scatter\MODOUT2.txt,W/(cm^2 sr cm^-1),W/(cm^2 cm^-1),W/(m^2 sr um),W/(m^2 um),value_si=value_native*1e8/(wavelength_um^2),2628.0,3.8051750380517504,0.9515186,4.4852e-10,0.00309765135168,0.0,0.0,0.0,0.0,5.1467e-11,0.00035545086532799995,5.1467e-11,0.00035545086532799995,0.0,0.0,0.0,0.0,4.9998e-10,0.003453102217008
mwir_std_solar_scatter,D:\HwaSimIR\HwaSim_IR\Bin\Config\Atmosphere\MODTRAN\raw\audit_mwir_standard_20260906\mwir_std_solar_scatter\MODOUT2.txt,W/(cm^2 sr cm^-1),W/(cm^2 cm^-1),W/(m^2 sr um),W/(m^2 um),value_si=value_native*1e8/(wavelength_um^2),2629.0,3.803727653100038,0.98203993,1.526e-10,0.0010547164166,0.0,0.0,0.0,0.0,5.271e-11,0.00036431259711,5.271e-11,0.00036431259711,0.0,0.0,0.0,0.0,2.0531e-10,0.00141902901371
mwir_std_solar_scatter,D:\HwaSimIR\HwaSim_IR\Bin\Config\Atmosphere\MODTRAN\raw\audit_mwir_standard_20260906\mwir_std_solar_scatter\MODOUT2.txt,W/(cm^2 sr cm^-1),W/(cm^2 cm^-1),W/(m^2 sr um),W/(m^2 um),value_si=value_native*1e8/(wavelength_um^2),2630.0,3.802281368821293,0.98531371,1.234e-10,0.0008535454599999999,0.0,0.0,0.0,0.0,5.2891e-11,0.00036584175789999997,5.2891e-11,0.00036584175789999997,0.0,0.0,0.0,0.0,1.7629e-10,0.0012193872178999999
mwir_std_solar_scatter,D:\HwaSimIR\HwaSim_IR\Bin\Config\Atmosphere\MODTRAN\raw\audit_mwir_standard_20260906\mwir_std_solar_scatter\MODOUT2.txt,W/(cm^2 sr cm^-1),W/(cm^2 cm^-1),W/(m^2 sr um),W/(m^2 um),value_si=value_native*1e8/(wavelength_um^2),2631.0,3.800836183960471,0.98503983,1.194e-10,0.0008265060234,0.0,0.0,0.0,0.0,5.2817e-11,0.00036560777753699995,5.2817e-11,0.00036560777753699995,0.0,0.0,0.0,0.0,1.7222e-10,0.001192113800937
mwir_std_solar_scatter,D:\HwaSimIR\HwaSim_IR\Bin\Config\Atmosphere\MODTRAN\raw\audit_mwir_standard_20260906\mwir_std_solar_scatter\MODOUT2.txt,W/(cm^2 sr cm^-1),W/(cm^2 cm^-1),W/(m^2 sr um),W/(m^2 um),value_si=value_native*1e8/(wavelength_um^2),2632.0,3.7993920972644375,0.99113065,7.3785e-11,0.00051113997984,0.0,0.0,0.0,0.0,5.3456e-11,0.00037031237734400004,5.3456e-11,0.00037031237734400004,0.0,0.0,0.0,0.0,1.2724e-10,0.0008814523571840001
mwir_std_solar_scatter,D:\HwaSimIR\HwaSim_IR\Bin\Config\Atmosphere\MODTRAN\raw\audit_mwir_standard_20260906\mwir_std_solar_scatter\MODOUT2.txt,W/(cm^2 sr cm^-1),W/(cm^2 cm^-1),W/(m^2 sr um),W/(m^2 um),value_si=value_native*1e8/(wavelength_um^2),2633.0,3.79794910748196,0.97238237,2.1347e-10,0.0014799211208299998,0.0,0.0,0.0,0.0,5.1876e-11,0.00035964017456399997,5.1876e-11,0.00035964017456399997,0.0,0.0,0.0,0.0,2.6535e-10,0.0018395612953939998
mwir_std_solar_scatter,D:\HwaSimIR\HwaSim_IR\Bin\Config\Atmosphere\MODTRAN\raw\audit_mwir_standard_20260906\mwir_std_solar_scatter\MODOUT2.txt,W/(cm^2 sr cm^-1),W/(cm^2 cm^-1),W/(m^2 sr um),W/(m^2 um),value_si=value_native*1e8/(wavelength_um^2),2634.0,3.7965072133637054,0.98841822,9.5634e-11,0.0006635044841040001,0.0,0.0,0.0,0.0,5.3378e-11,0.000370334215368,5.3378e-11,0.000370334215368,0.0,0.0,0.0,0.0,1.4901e-10,0.001033838699472
mwir_std_solar_scatter,D:\HwaSimIR\HwaSim_IR\Bin\Config\Atmosphere\MODTRAN\raw\audit_mwir_standard_20260906\mwir_std_solar_scatter\MODOUT2.txt,W/(cm^2 sr cm^-1),W/(cm^2 cm^-1),W/(m^2 sr um),W/(m^2 um),value_si=value_native*1e8/(wavelength_um^2),2635.0,3.795066413662239,0.98270029,1.4895e-10,0.0010341933637499998,0.0,0.0,0.0,0.0,5.3271e-11,0.00036987253897500003,5.3271e-11,0.00036987253897500003,0.0,0.0,0.0,0.0,2.0222e-10,0.001404065902725
mwir_std_solar_scatter,D:\HwaSimIR\HwaSim_IR\Bin\Config\Atmosphere\MODTRAN\raw\audit_mwir_standard_20260906\mwir_std_solar_scatter\MODOUT2.txt,W/(cm^2 sr cm^-1),W/(cm^2 cm^-1),W/(m^2 sr um),W/(m^2 um),value_si=value_native*1e8/(wavelength_um^2),2636.0,3.793626707132018,0.92887175,6.3121e-10,0.004385960160160001,0.0,0.0,0.0,0.0,5.1107e-11,0.0003551167850720001,5.1107e-11,0.0003551167850720001,0.0,0.0,0.0,0.0,6.8231e-10,0.0047410769452320015
mwir_std_solar_scatter,D:\HwaSimIR\HwaSim_IR\Bin\Config\Atmosphere\MODTRAN\raw\audit_mwir_standard_20260906\mwir_std_solar_scatter\MODOUT2.txt,W/(cm^2 sr cm^-1),W/(cm^2 cm^-1),W/(m^2 sr um),W/(m^2 um),value_si=value_native*1e8/(wavelength_um^2),2637.0,3.7921880925293894,0.92684656,6.5335e-10,0.00454324497615,0.0,0.0,0.0,0.0,5.1147e-11,0.000355664423043,5.1147e-11,0.000355664423043,0.0,0.0,0.0,0.0,7.0449e-10,0.004898909399193001
mwir_std_solar_scatter,D:\HwaSimIR\HwaSim_IR\Bin\Config\Atmosphere\MODTRAN\raw\audit_mwir_standard_20260906\mwir_std_solar_scatter\MODOUT2.txt,W/(cm^2 sr cm^-1),W/(cm^2 cm^-1),W/(m^2 sr um),W/(m^2 um),value_si=value_native*1e8/(wavelength_um^2),2638.0,3.790750568612585,0.96995503,2.6868e-10,0.0018697559419200002,0.0,0.0,0.0,0.0,5.2896e-11,0.00036810559142399997,5.2896e-11,0.00036810559142399997,0.0,0.0,0.0,0.0,3.2157e-10,0.0022378615333440003
mwir_std_solar_scatter,D:\HwaSimIR\HwaSim_IR\Bin\Config\Atmosphere\MODTRAN\raw\audit_mwir_standard_20260906\mwir_std_solar_scatter\MODOUT2.txt,W/(cm^2 sr cm^-1),W/(cm^2 cm^-1),W/(m^2 sr um),W/(m^2 um),value_si=value_native*1e8/(wavelength_um^2),2639.0,3.7893141341417205,0.88589668,9.8407e-10,0.00685337936647,0.0,0.0,0.0,0.0,4.9312e-11,0.000343424597152,4.9312e-11,0.000343424597152,0.0,0.0,0.0,0.0,1.0334e-09,0.007196803963622
mwir_std_solar_scatter,D:\HwaSimIR\HwaSim_IR\Bin\Config\Atmosphere\MODTRAN\raw\audit_mwir_standard_20260906\mwir_std_solar_scatter\MODOUT2.txt,W/(cm^2 sr cm^-1),W/(cm^2 cm^-1),W/(m^2 sr um),W/(m^2 um),value_si=value_native*1e8/(wavelength_um^2),2640.0,3.787878787878788,0.98722386,1.0825e-10,0.0007544591999999999,0.0,0.0,0.0,0.0,5.4026e-11,0.00037653960959999994,5.4026e-11,0.00037653960959999994,0.0,0.0,0.0,0.0,1.6227e-10,0.0011309988096
mwir_std_solar_scatter,D:\HwaSimIR\HwaSim_IR\Bin\Config\Atmosphere\MODTRAN\raw\audit_mwir_standard_20260906\mwir_std_solar_scatter\MODOUT2.txt,W/(cm^2 sr cm^-1),W/(cm^2 cm^-1),W/(m^2 sr um),W/(m^2 um),value_si=value_native*1e8/(wavelength_um^2),2641.0,3.7864445285876562,0.99090409,7.5404e-11,0.000525933926924,0.0,0.0,0.0,0.0,5.4418e-11,0.000379559074258,5.4418e-11,0.000379559074258,0.0,0.0,0.0,0.0,1.2982e-10,0.0009054930011820001
mwir_std_solar_scatter,D:\HwaSimIR\HwaSim_IR\Bin\Config\Atmosphere\MODTRAN\raw\audit_mwir_standard_20260906\mwir_std_solar_scatter\MODOUT2.txt,W/(cm^2 sr cm^-1),W/(cm^2 cm^-1),W/(m^2 sr um),W/(m^2 um),value_si=value_native*1e8/(wavelength_um^2),2642.0,3.785011355034065,0.93840867,5.4681e-10,0.0038168234768399998,0.0,0.0,0.0,0.0,5.2087e-11,0.000363575802268,5.2087e-11,0.000363575802268,0.0,0.0,0.0,0.0,5.989e-10,0.004180399279108
mwir_std_solar_scatter,D:\HwaSimIR\HwaSim_IR\Bin\Config\Atmosphere\MODTRAN\raw\audit_mwir_standard_20260906\mwir_std_solar_scatter\MODOUT2.txt,W/(cm^2 sr cm^-1),W/(cm^2 cm^-1),W/(m^2 sr um),W/(m^2 um),value_si=value_native*1e8/(wavelength_um^2),2643.0,3.7835792659856224,0.96336168,3.2039e-10,0.0022380680051100003,0.0,0.0,0.0,0.0,5.3458e-11,0.00037342813264199995,5.3458e-11,0.00037342813264199995,0.0,0.0,0.0,0.0,3.7385e-10,0.0026114961377520004
mwir_std_solar_scatter,D:\HwaSimIR\HwaSim_IR\Bin\Config\Atmosphere\MODTRAN\raw\audit_mwir_standard_20260906\mwir_std_solar_scatter\MODOUT2.txt,W/(cm^2 sr cm^-1),W/(cm^2 cm^-1),W/(m^2 sr um),W/(m^2 um),value_si=value_native*1e8/(wavelength_um^2),2644.0,3.7821482602118004,0.9446488,4.7937e-10,0.003351149116319999,0.0,0.0,0.0,0.0,5.2837e-11,0.000369369518032,5.2837e-11,0.000369369518032,0.0,0.0,0.0,0.0,5.3221e-10,0.0037205186343519992
mwir_std_solar_scatter,D:\HwaSimIR\HwaSim_IR\Bin\Config\Atmosphere\MODTRAN\raw\audit_mwir_standard_20260906\mwir_std_solar_scatter\MODOUT2.txt,W/(cm^2 sr cm^-1),W/(cm^2 cm^-1),W/(m^2 sr um),W/(m^2 um),value_si=value_native*1e8/(wavelength_um^2),2645.0,3.780718336483932,0.98687011,1.1103e-10,0.00077676865575,0.0,0.0,0.0,0.0,5.4613e-11,0.00038207391332499997,5.4613e-11,0.00038207391332499997,0.0,0.0,0.0,0.0,1.6564e-10,0.001158842569075
mwir_std_solar_scatter,D:\HwaSimIR\HwaSim_IR\Bin\Config\Atmosphere\MODTRAN\raw\audit_mwir_standard_20260906\mwir_std_solar_scatter\MODOUT2.txt,W/(cm^2 sr cm^-1),W/(cm^2 cm^-1),W/(m^2 sr um),W/(m^2 um),value_si=value_native*1e8/(wavelength_um^2),2646.0,3.7792894935752077,0.98563963,1.1034e-10,0.0007725252074400001,0.0,0.0,0.0,0.0,5.4247e-11,0.00037980038905200005,5.4247e-11,0.00037980038905200005,0.0,0.0,0.0,0.0,1.6459e-10,0.0011523255964920002
mwir_std_solar_scatter,D:\HwaSimIR\HwaSim_IR\Bin\Config\Atmosphere\MODTRAN\raw\audit_mwir_standard_20260906\mwir_std_solar_scatter\MODOUT2.txt,W/(cm^2 sr cm^-1),W/(cm^2 cm^-1),W/(m^2 sr um),W/(m^2 um),value_si=value_native*1e8/(wavelength_um^2),2647.0,3.7778617302606725,0.98814887,9.2315e-11,0.000646815109835,0.0,0.0,0.0,0.0,5.4514e-11,0.000381958283026,5.4514e-11,0.000381958283026,0.0,0.0,0.0,0.0,1.4683e-10,0.001028773392861
mwir_std_solar_scatter,D:\HwaSimIR\HwaSim_IR\Bin\Config\Atmosphere\MODTRAN\raw\audit_mwir_standard_20260906\mwir_std_solar_scatter\MODOUT2.txt,W/(cm^2 sr cm^-1),W/(cm^2 cm^-1),W/(m^2 sr um),W/(m^2 um),value_si=value_native*1e8/(wavelength_um^2),2648.0,3.7764350453172204,0.98918527,9.0682e-11,0.0006358534785280001,0.0,0.0,0.0,0.0,5.4841e-11,0.000384539827264,5.4841e-11,0.000384539827264,0.0,0.0,0.0,0.0,1.4552e-10,0.001020393305792
mwir_std_solar_scatter,D:\HwaSimIR\HwaSim_IR\Bin\Config\Atmosphere\MODTRAN\raw\audit_mwir_standard_20260906\mwir_std_solar_scatter\MODOUT2.txt,W/(cm^2 sr cm^-1),W/(cm^2 cm^-1),W/(m^2 sr um),W/(m^2 um),value_si=value_native*1e8/(wavelength_um^2),2649.0,3.7750094375235936,0.91403782,7.2431e-10,0.00508262885631,0.0,0.0,0.0,0.0,5.1662e-11,0.000362522638062,5.1662e-11,0.000362522638062,0.0,0.0,0.0,0.0,7.7597e-10,0.005445151494372
mwir_std_solar_scatter,D:\HwaSimIR\HwaSim_IR\Bin\Config\Atmosphere\MODTRAN\raw\audit_mwir_standard_20260906\mwir_std_solar_scatter\MODOUT2.txt,W/(cm^2 sr cm^-1),W/(cm^2 cm^-1),W/(m^2 sr um),W/(m^2 um),value_si=value_native*1e8/(wavelength_um^2),2650.0,3.7735849056603774,0.97912699,1.7214e-10,0.00120885315,0.0,0.0,0.0,0.0,5.4481e-11,0.0003825928225,5.4481e-11,0.0003825928225,0.0,0.0,0.0,0.0,2.2663e-10,0.0015914459725
mwir_std_solar_scatter,D:\HwaSimIR\HwaSim_IR\Bin\Config\Atmosphere\MODTRAN\raw\audit_mwir_standard_20260906\mwir_std_solar_scatter\MODOUT2.txt,W/(cm^2 sr cm^-1),W/(cm^2 cm^-1),W/(m^2 sr um),W/(m^2 um),value_si=value_native*1e8/(wavelength_um^2),2651.0,3.7721614485099964,0.98579133,1.1324e-10,0.0007958281852399999,0.0,0.0,0.0,0.0,5.495e-11,0.00038617766494999993,5.495e-11,0.00038617766494999993,0.0,0.0,0.0,0.0,1.6819e-10,0.0011820058501899999
mwir_std_solar_scatter,D:\HwaSimIR\HwaSim_IR\Bin\Config\Atmosphere\MODTRAN\raw\audit_mwir_standard_20260906\mwir_std_solar_scatter\MODOUT2.txt,W/(cm^2 sr cm^-1),W/(cm^2 cm^-1),W/(m^2 sr um),W/(m^2 um),value_si=value_native*1e8/(wavelength_um^2),2652.0,3.770739064856712,0.90651053,7.7937e-10,0.00548139026448,0.0,0.0,0.0,0.0,5.1619e-11,0.00036304179537600007,5.1619e-11,0.00036304179537600007,0.0,0.0,0.0,0.0,8.3099e-10,0.005844432059856
mwir_std_solar_scatter,D:\HwaSimIR\HwaSim_IR\Bin\Config\Atmosphere\MODTRAN\raw\audit_mwir_standard_20260906\mwir_std_solar_scatter\MODOUT2.txt,W/(cm^2 sr cm^-1),W/(cm^2 cm^-1),W/(m^2 sr um),W/(m^2 um),value_si=value_native*1e8/(wavelength_um^2),2653.0,3.769317753486619,0.98905623,8.9498e-11,0.000629923528682,0.0,0.0,0.0,0.0,5.5692e-11,0.000391983074028,5.5692e-11,0.000391983074028,0.0,0.0,0.0,0.0,1.4519e-10,0.00102190660271
mwir_std_solar_scatter,D:\HwaSimIR\HwaSim_IR\Bin\Config\Atmosphere\MODTRAN\raw\audit_mwir_standard_20260906\mwir_std_solar_scatter\MODOUT2.txt,W/(cm^2 sr cm^-1),W/(cm^2 cm^-1),W/(m^2 sr um),W/(m^2 um),value_si=value_native*1e8/(wavelength_um^2),2654.0,3.7678975131876413,0.99113566,7.2127e-11,0.0005080421039319999,0.0,0.0,0.0,0.0,5.5906e-11,0.000393785986696,5.5906e-11,0.000393785986696,0.0,0.0,0.0,0.0,1.2803e-10,0.0009018280906279999
mwir_std_solar_scatter,D:\HwaSimIR\HwaSim_IR\Bin\Config\Atmosphere\MODTRAN\raw\audit_mwir_standard_20260906\mwir_std_solar_scatter\MODOUT2.txt,W/(cm^2 sr cm^-1),W/(cm^2 cm^-1),W/(m^2 sr um),W/(m^2 um),value_si=value_native*1e8/(wavelength_um^2),2655.0,3.766478342749529,0.92097914,6.3459e-10,0.004473240774750001,0.0,0.0,0.0,0.0,5.2668e-11,0.0003712580487000001,5.2668e-11,0.0003712580487000001,0.0,0.0,0.0,0.0,6.8725e-10,0.004844498823450001
mwir_std_solar_scatter,D:\HwaSimIR\HwaSim_IR\Bin\Config\Atmosphere\MODTRAN\raw\audit_mwir_standard_20260906\mwir_std_solar_scatter\MODOUT2.txt,W/(cm^2 sr cm^-1),W/(cm^2 cm^-1),W/(m^2 sr um),W/(m^2 um),value_si=value_native*1e8/(wavelength_um^2),2656.0,3.7650602409638556,0.96797228,2.4188e-10,0.00170630279168,0.0,0.0,0.0,0.0,5.4177e-11,0.000382182761472,5.4177e-11,0.000382182761472,0.0,0.0,0.0,0.0,2.9605e-10,0.002088485553152
mwir_std_solar_scatter,D:\HwaSimIR\HwaSim_IR\Bin\Config\Atmosphere\MODTRAN\raw\audit_mwir_standard_20260906\mwir_std_solar_scatter\MODOUT2.txt,W/(cm^2 sr cm^-1),W/(cm^2 cm^-1),W/(m^2 sr um),W/(m^2 um),value_si=value_native*1e8/(wavelength_um^2),2657.0,3.763643206624012,0.93745905,5.16e-10,0.0036427788839999997,0.0,0.0,0.0,0.0,5.3661e-11,0.000378827824989,5.3661e-11,0.000378827824989,0.0,0.0,0.0,0.0,5.6967e-10,0.004021606708989
mwir_std_solar_scatter,D:\HwaSimIR\HwaSim_IR\Bin\Config\Atmosphere\MODTRAN\raw\audit_mwir_standard_20260906\mwir_std_solar_scatter\MODOUT2.txt,W/(cm^2 sr cm^-1),W/(cm^2 cm^-1),W/(m^2 sr um),W/(m^2 um),value_si=value_native*1e8/(wavelength_um^2),2658.0,3.762227238525207,0.98200518,1.4223e-10,0.00100484982972,0.0,0.0,0.0,0.0,5.5485e-11,0.00039199952754000005,5.5485e-11,0.00039199952754000005,0.0,0.0,0.0,0.0,1.9771e-10,0.0013968493572600001
mwir_std_solar_scatter,D:\HwaSimIR\HwaSim_IR\Bin\Config\Atmosphere\MODTRAN\raw\audit_mwir_standard_20260906\mwir_std_solar_scatter\MODOUT2.txt,W/(cm^2 sr cm^-1),W/(cm^2 cm^-1),W/(m^2 sr um),W/(m^2 um),value_si=value_native*1e8/(wavelength_um^2),2659.0,3.7608123354644603,0.9498862,4.1339e-10,0.00292278346259,0.0,0.0,0.0,0.0,5.4316e-11,0.000384029382796,5.4316e-11,0.000384029382796,0.0,0.0,0.0,0.0,4.6771e-10,0.003306812845386
mwir_std_solar_scatter,D:\HwaSimIR\HwaSim_IR\Bin\Config\Atmosphere\MODTRAN\raw\audit_mwir_standard_20260906\mwir_std_solar_scatter\MODOUT2.txt,W/(cm^2 sr cm^-1),W/(cm^2 cm^-1),W/(m^2 sr um),W/(m^2 um),value_si=value_native*1e8/(wavelength_um^2),2660.0,3.7593984962406015,0.9816671,1.5241e-10,0.001078392196,0.0,0.0,0.0,0.0,5.5843e-11,0.00039512273079999997,5.5843e-11,0.00039512273079999997,0.0,0.0,0.0,0.0,2.0825e-10,0.0014735149268
mwir_std_solar_scatter,D:\HwaSimIR\HwaSim_IR\Bin\Config\Atmosphere\MODTRAN\raw\audit_mwir_standard_20260906\mwir_std_solar_scatter\MODOUT2.txt,W/(cm^2 sr cm^-1),W/(cm^2 cm^-1),W/(m^2 sr um),W/(m^2 um),value_si=value_native*1e8/(wavelength_um^2),2661.0,3.757985719654265,0.94500369,4.4004e-10,0.00311588847684,0.0,0.0,0.0,0.0,5.4345e-11,0.00038481265174500004,5.4345e-11,0.00038481265174500004,0.0,0.0,0.0,0.0,4.9439e-10,0.003500701128585
mwir_std_solar_scatter,D:\HwaSimIR\HwaSim_IR\Bin\Config\Atmosphere\MODTRAN\raw\audit_mwir_standard_20260906\mwir_std_solar_scatter\MODOUT2.txt,W/(cm^2 sr cm^-1),W/(cm^2 cm^-1),W/(m^2 sr um),W/(m^2 um),value_si=value_native*1e8/(wavelength_um^2),2662.0,3.756574004507889,0.99039906,7.4963e-11,0.000531206108972,0.0,0.0,0.0,0.0,5.608e-11,0.00039739656352000003,5.608e-11,0.00039739656352000003,0.0,0.0,0.0,0.0,1.3104e-10,0.0009286026724920001
mwir_std_solar_scatter,D:\HwaSimIR\HwaSim_IR\Bin\Config\Atmosphere\MODTRAN\raw\audit_mwir_standard_20260906\mwir_std_solar_scatter\MODOUT2.txt,W/(cm^2 sr cm^-1),W/(cm^2 cm^-1),W/(m^2 sr um),W/(m^2 um),value_si=value_native*1e8/(wavelength_um^2),2663.0,3.755163349605708,0.89870995,8.004e-10,0.005676091827599999,0.0,0.0,0.0,0.0,5.1999e-11,0.000368754496431,5.1999e-11,0.000368754496431,0.0,0.0,0.0,0.0,8.524e-10,0.0060448463240309995
mwir_std_solar_scatter,D:\HwaSimIR\HwaSim_IR\Bin\Config\Atmosphere\MODTRAN\raw\audit_mwir_standard_20260906\mwir_std_solar_scatter\MODOUT2.txt,W/(cm^2 sr cm^-1),W/(cm^2 cm^-1),W/(m^2 sr um),W/(m^2 um),value_si=value_native*1e8/(wavelength_um^2),2664.0,3.7537537537537538,0.98491746,1.2378e-10,0.0008784537868800001,0.0,0.0,0.0,0.0,5.6135e-11,0.00039838425696000004,5.6135e-11,0.00039838425696000004,0.0,0.0,0.0,0.0,1.7991e-10,0.0012768380438400002
mwir_std_solar_scatter,D:\HwaSimIR\HwaSim_IR\Bin\Config\Atmosphere\MODTRAN\raw\audit_mwir_standard_20260906\mwir_std_solar_scatter\MODOUT2.txt,W/(cm^2 sr cm^-1),W/(cm^2 cm^-1),W/(m^2 sr um),W/(m^2 um),value_si=value_native*1e8/(wavelength_um^2),2665.0,3.75234521575985,0.97307545,1.9143e-10,0.00135957893175,0.0,0.0,0.0,0.0,5.4951e-11,0.00039027436597499995,5.4951e-11,0.00039027436597499995,0.0,0.0,0.0,0.0,2.4638e-10,0.001749853297725
mwir_std_solar_scatter,D:\HwaSimIR\HwaSim_IR\Bin\Config\Atmosphere\MODTRAN\raw\audit_mwir_standard_20260906\mwir_std_solar_scatter\MODOUT2.txt,W/(cm^2 sr cm^-1),W/(cm^2 cm^-1),W/(m^2 sr um),W/(m^2 um),value_si=value_native*1e8/(wavelength_um^2),2666.0,3.7509377344336086,0.90547723,7.3848e-10,0.005248787954879999,0.0,0.0,0.0,0.0,5.2651e-11,0.00037421993095599997,5.2651e-11,0.00037421993095599997,0.0,0.0,0.0,0.0,7.9113e-10,0.005623007885835999
mwir_std_solar_scatter,D:\HwaSimIR\HwaSim_IR\Bin\Config\Atmosphere\MODTRAN\raw\audit_mwir_standard_20260906\mwir_std_solar_scatter\MODOUT2.txt,W/(cm^2 sr cm^-1),W/(cm^2 cm^-1),W/(m^2 sr um),W/(m^2 um),value_si=value_native*1e8/(wavelength_um^2),2667.0,3.749531308586427,0.97997522,1.5105e-10,0.00107440188345,0.0,0.0,0.0,0.0,5.5877e-11,0.00039744689865299997,5.5877e-11,0.00039744689865299997,0.0,0.0,0.0,0.0,2.0693e-10,0.001471848782103
mwir_std_solar_scatter,D:\HwaSimIR\HwaSim_IR\Bin\Config\Atmosphere\MODTRAN\raw\audit_mwir_standard_20260906\mwir_std_solar_scatter\MODOUT2.txt,W/(cm^2 sr cm^-1),W/(cm^2 cm^-1),W/(m^2 sr um),W/(m^2 um),value_si=value_native*1e8/(wavelength_um^2),2668.0,3.7481259370314843,0.99087626,6.5527e-11,0.000466435864048,0.0,0.0,0.0,0.0,5.6196e-11,0.00040001571590399997,5.6196e-11,0.00040001571590399997,0.0,0.0,0.0,0.0,1.2172e-10,0.0008664515799519999
mwir_std_solar_scatter,D:\HwaSimIR\HwaSim_IR\Bin\Config\Atmosphere\MODTRAN\raw\audit_mwir_standard_20260906\mwir_std_solar_scatter\MODOUT2.txt,W/(cm^2 sr cm^-1),W/(cm^2 cm^-1),W/(m^2 sr um),W/(m^2 um),value_si=value_native*1e8/(wavelength_um^2),2669.0,3.7467216185837393,0.98719877,9.0035e-11,0.000641369814635,0.0,0.0,0.0,0.0,5.5819e-11,0.000397630051459,5.5819e-11,0.000397630051459,0.0,0.0,0.0,0.0,1.4585e-10,0.001038999866094
mwir_std_solar_scatter,D:\HwaSimIR\HwaSim_IR\Bin\Config\Atmosphere\MODTRAN\raw\audit_mwir_standard_20260906\mwir_std_solar_scatter\MODOUT2.txt,W/(cm^2 sr cm^-1),W/(cm^2 cm^-1),W/(m^2 sr um),W/(m^2 um),value_si=value_native*1e8/(wavelength_um^2),2670.0,3.745318352059925,0.98718578,9.1534e-11,0.0006525367326000001,0.0,0.0,0.0,0.0,5.5768e-11,0.00039756449520000003,5.5768e-11,0.00039756449520000003,0.0,0.0,0.0,0.0,1.473e-10,0.0010501012278000001
mwir_std_solar_scatter,D:\HwaSimIR\HwaSim_IR\Bin\Config\Atmosphere\MODTRAN\raw\audit_mwir_standard_20260906\mwir_std_solar_scatter\MODOUT2.txt,W/(cm^2 sr cm^-1),W/(cm^2 cm^-1),W/(m^2 sr um),W/(m^2 um),value_si=value_native*1e8/(wavelength_um^2),2671.0,3.7439161362785476,0.98826081,8.5351e-11,0.0006089146035909999,0.0,0.0,0.0,0.0,5.549e-11,0.00039587903308999995,5.549e-11,0.00039587903308999995,0.0,0.0,0.0,0.0,1.4084e-10,0.001004793636681
mwir_std_solar_scatter,D:\HwaSimIR\HwaSim_IR\Bin\Config\Atmosphere\MODTRAN\raw\audit_mwir_standard_20260906\mwir_std_solar_scatter\MODOUT2.txt,W/(cm^2 sr cm^-1),W/(cm^2 cm^-1),W/(m^2 sr um),W/(m^2 um),value_si=value_native*1e8/(wavelength_um^2),2672.0,3.7425149700598803,0.98301166,1.2946e-10,0.00092429054464,0.0,0.0,0.0,0.0,5.5127e-11,0.00039358384716799995,5.5127e-11,0.00039358384716799995,0.0,0.0,0.0,0.0,1.8458e-10,0.001317874391808
mwir_std_solar_scatter,D:\HwaSimIR\HwaSim_IR\Bin\Config\Atmosphere\MODTRAN\raw\audit_mwir_standard_20260906\mwir_std_solar_scatter\MODOUT2.txt,W/(cm^2 sr cm^-1),W/(cm^2 cm^-1),W/(m^2 sr um),W/(m^2 um),value_si=value_native*1e8/(wavelength_um^2),2673.0,3.741114852225963,0.91918278,6.0545e-10,0.004325897263050001,0.0,0.0,0.0,0.0,5.2698e-11,0.000376523468442,5.2698e-11,0.000376523468442,0.0,0.0,0.0,0.0,6.5815e-10,0.004702420731492
mwir_std_solar_scatter,D:\HwaSimIR\HwaSim_IR\Bin\Config\Atmosphere\MODTRAN\raw\audit_mwir_standard_20260906\mwir_std_solar_scatter\MODOUT2.txt,W/(cm^2 sr cm^-1),W/(cm^2 cm^-1),W/(m^2 sr um),W/(m^2 um),value_si=value_native*1e8/(wavelength_um^2),2674.0,3.7397157816005984,0.98871696,7.7888e-11,0.000556920697088,0.0,0.0,0.0,0.0,5.5805e-11,0.00039902115218,5.5805e-11,0.00039902115218,0.0,0.0,0.0,0.0,1.3369e-10,0.000955941849268
mwir_std_solar_scatter,D:\HwaSimIR\HwaSim_IR\Bin\Config\Atmosphere\MODTRAN\raw\audit_mwir_standard_20260906\mwir_std_solar_scatter\MODOUT2.txt,W/(cm^2 sr cm^-1),W/(cm^2 cm^-1),W/(m^2 sr um),W/(m^2 um),value_si=value_native*1e8/(wavelength_um^2),2675.0,3.7383177570093458,0.94545519,4.1618e-10,0.0029780280125,0.0,0.0,0.0,0.0,5.4148e-11,0.0003874627825,5.4148e-11,0.0003874627825,0.0,0.0,0.0,0.0,4.7033e-10,0.003365490795
mwir_std_solar_scatter,D:\HwaSimIR\HwaSim_IR\Bin\Config\Atmosphere\MODTRAN\raw\audit_mwir_standard_20260906\mwir_std_solar_scatter\MODOUT2.txt,W/(cm^2 sr cm^-1),W/(cm^2 cm^-1),W/(m^2 sr um),W/(m^2 um),value_si=value_native*1e8/(wavelength_um^2),2676.0,3.7369207772795217,0.97476399,1.8072e-10,0.00129413158272,0.0,0.0,0.0,0.0,5.5779e-11,0.000399432080304,5.5779e-11,0.000399432080304,0.0,0.0,0.0,0.0,2.365e-10,0.0016935636630240002
mwir_std_solar_scatter,D:\HwaSimIR\HwaSim_IR\Bin\Config\Atmosphere\MODTRAN\raw\audit_mwir_standard_20260906\mwir_std_solar_scatter\MODOUT2.txt,W/(cm^2 sr cm^-1),W/(cm^2 cm^-1),W/(m^2 sr um),W/(m^2 um),value_si=value_native*1e8/(wavelength_um^2),2677.0,3.7355248412401942,0.9450326,4.1773e-10,0.0029935906131700004,0.0,0.0,0.0,0.0,5.549e-11,0.00039765959621,5.549e-11,0.00039765959621,0.0,0.0,0.0,0.0,4.7322e-10,0.0033912502093800005
mwir_std_solar_scatter,D:\HwaSimIR\HwaSim_IR\Bin\Config\Atmosphere\MODTRAN\raw\audit_mwir_standard_20260906\mwir_std_solar_scatter\MODOUT2.txt,W/(cm^2 sr cm^-1),W/(cm^2 cm^-1),W/(m^2 sr um),W/(m^2 um),value_si=value_native*1e8/(wavelength_um^2),2678.0,3.7341299477221805,0.88453507,8.2957e-10,0.00594941389588,0.0,0.0,0.0,0.0,5.2285e-11,0.00037497149794000004,5.2285e-11,0.00037497149794000004,0.0,0.0,0.0,0.0,8.8185e-10,0.00632438539382
mwir_std_solar_scatter,D:\HwaSimIR\HwaSim_IR\Bin\Config\Atmosphere\MODTRAN\raw\audit_mwir_standard_20260906\mwir_std_solar_scatter\MODOUT2.txt,W/(cm^2 sr cm^-1),W/(cm^2 cm^-1),W/(m^2 sr um),W/(m^2 um),value_si=value_native*1e8/(wavelength_um^2),2679.0,3.732736095558044,0.99048752,7.0903e-11,0.000508873738023,0.0,0.0,0.0,0.0,5.8244e-11,0.00041801957600400003,5.8244e-11,0.00041801957600400003,0.0,0.0,0.0,0.0,1.2915e-10,0.000926893314027
mwir_std_solar_scatter,D:\HwaSimIR\HwaSim_IR\Bin\Config\Atmosphere\MODTRAN\raw\audit_mwir_standard_20260906\mwir_std_solar_scatter\MODOUT2.txt,W/(cm^2 sr cm^-1),W/(cm^2 cm^-1),W/(m^2 sr um),W/(m^2 um),value_si=value_native*1e8/(wavelength_um^2),2680.0,3.7313432835820897,0.97982603,1.4186e-10,0.001018895264,0.0,0.0,0.0,0.0,5.7667e-11,0.00041418746079999993,5.7667e-11,0.00041418746079999993,0.0,0.0,0.0,0.0,1.9953e-10,0.0014330827248
mwir_std_solar_scatter,D:\HwaSimIR\HwaSim_IR\Bin\Config\Atmosphere\MODTRAN\raw\audit_mwir_standard_20260906\mwir_std_solar_scatter\MODOUT2.txt,W/(cm^2 sr cm^-1),W/(cm^2 cm^-1),W/(m^2 sr um),W/(m^2 um),value_si=value_native*1e8/(wavelength_um^2),2681.0,3.729951510630362,0.89719427,7.4495e-10,0.0053545225569500005,0.0,0.0,0.0,0.0,5.394e-11,0.00038770782834000005,5.394e-11,0.00038770782834000005,0.0,0.0,0.0,0.0,7.9889e-10,0.0057422303852900005
mwir_std_solar_scatter,D:\HwaSimIR\HwaSim_IR\Bin\Config\Atmosphere\MODTRAN\raw\audit_mwir_standard_20260906\mwir_std_solar_scatter\MODOUT2.txt,W/(cm^2 sr cm^-1),W/(cm^2 cm^-1),W/(m^2 sr um),W/(m^2 um),value_si=value_native*1e8/(wavelength_um^2),2682.0,3.7285607755406414,0.97962475,1.3443e-10,0.0009669716593199999,0.0,0.0,0.0,0.0,5.7748e-11,0.000415388524752,5.7748e-11,0.000415388524752,0.0,0.0,0.0,0.0,1.9218e-10,0.0013823601840719998
mwir_std_solar_scatter,D:\HwaSimIR\HwaSim_IR\Bin\Config\Atmosphere\MODTRAN\raw\audit_mwir_standard_20260906\mwir_std_solar_scatter\MODOUT2.txt,W/(cm^2 sr cm^-1),W/(cm^2 cm^-1),W/(m^2 sr um),W/(m^2 um),value_si=value_native*1e8/(wavelength_um^2),2683.0,3.727171077152441,0.97964007,1.3171e-10,0.0009481129861900001,0.0,0.0,0.0,0.0,5.776e-11,0.00041578472464,5.776e-11,0.00041578472464,0.0,0.0,0.0,0.0,1.8947e-10,0.00136389771083
mwir_std_solar_scatter,D:\HwaSimIR\HwaSim_IR\Bin\Config\Atmosphere\MODTRAN\raw\audit_mwir_standard_20260906\mwir_std_solar_scatter\MODOUT2.txt,W/(cm^2 sr cm^-1),W/(cm^2 cm^-1),W/(m^2 sr um),W/(m^2 um),value_si=value_native*1e8/(wavelength_um^2),2684.0,3.7257824143070044,0.98513561,9.5648e-11,0.0006890344186880001,0.0,0.0,0.0,0.0,5.8266e-11,0.00041973987369600007,5.8266e-11,0.00041973987369600007,0.0,0.0,0.0,0.0,1.5391e-10,0.0011087742923840001
mwir_std_solar_scatter,D:\HwaSimIR\HwaSim_IR\Bin\Config\Atmosphere\MODTRAN\raw\audit_mwir_standard_20260906\mwir_std_solar_scatter\MODOUT2.txt,W/(cm^2 sr cm^-1),W/(cm^2 cm^-1),W/(m^2 sr um),W/(m^2 um),value_si=value_native*1e8/(wavelength_um^2),2685.0,3.7243947858473,0.98615509,9.028e-11,0.000650848833,0.0,0.0,0.0,0.0,5.844e-11,0.00042130710899999994,5.844e-11,0.00042130710899999994,0.0,0.0,0.0,0.0,1.4872e-10,0.001072155942
mwir_std_solar_scatter,D:\HwaSimIR\HwaSim_IR\Bin\Config\Atmosphere\MODTRAN\raw\audit_mwir_standard_20260906\mwir_std_solar_scatter\MODOUT2.txt,W/(cm^2 sr cm^-1),W/(cm^2 cm^-1),W/(m^2 sr um),W/(m^2 um),value_si=value_native*1e8/(wavelength_um^2),2686.0,3.7230081906180192,0.99167305,6.145e-11,0.00044333692420000007,0.0,0.0,0.0,0.0,5.9163e-11,0.000426837143148,5.9163e-11,0.000426837143148,0.0,0.0,0.0,0.0,1.2061e-10,0.000870174067348
mwir_std_solar_scatter,D:\HwaSimIR\HwaSim_IR\Bin\Config\Atmosphere\MODTRAN\raw\audit_mwir_standard_20260906\mwir_std_solar_scatter\MODOUT2.txt,W/(cm^2 sr cm^-1),W/(cm^2 cm^-1),W/(m^2 sr um),W/(m^2 um),value_si=value_native*1e8/(wavelength_um^2),2687.0,3.721622627465575,0.99133909,6.2569e-11,0.000451746240361,0.0,0.0,0.0,0.0,5.9139e-11,0.000426981746691,5.9139e-11,0.000426981746691,0.0,0.0,0.0,0.0,1.2171e-10,0.000878727987052
mwir_std_solar_scatter,D:\HwaSimIR\HwaSim_IR\Bin\Config\Atmosphere\MODTRAN\raw\audit_mwir_standard_20260906\mwir_std_solar_scatter\MODOUT2.txt,W/(cm^2 sr cm^-1),W/(cm^2 cm^-1),W/(m^2 sr um),W/(m^2 um),value_si=value_native*1e8/(wavelength_um^2),2688.0,3.7202380952380953,0.99125588,6.361e-11,0.00045960413184,0.0,0.0,0.0,0.0,5.9252e-11,0.000428116082688,5.9252e-11,0.000428116082688,0.0,0.0,0.0,0.0,1.2286e-10,0.000887720214528
mwir_std_solar_scatter,D:\HwaSimIR\HwaSim_IR\Bin\Config\Atmosphere\MODTRAN\raw\audit_mwir_standard_20260906\mwir_std_solar_scatter\MODOUT2.txt,W/(cm^2 sr cm^-1),W/(cm^2 cm^-1),W/(m^2 sr um),W/(m^2 um),value_si=value_native*1e8/(wavelength_um^2),2689.0,3.718854592785422,0.99018824,6.8253e-11,0.000493518400413,0.0,0.0,0.0,0.0,5.9147e-11,0.00042767545498700004,5.9147e-11,0.00042767545498700004,0.0,0.0,0.0,0.0,1.274e-10,0.0009211938554
mwir_std_solar_scatter,D:\HwaSimIR\HwaSim_IR\Bin\Config\Atmosphere\MODTRAN\raw\audit_mwir_standard_20260906\mwir_std_solar_scatter\MODOUT2.txt,W/(cm^2 sr cm^-1),W/(cm^2 cm^-1),W/(m^2 sr um),W/(m^2 um),value_si=value_native*1e8/(wavelength_um^2),2690.0,3.717472118959108,0.93464929,4.6576e-10,0.0033702859359999995,0.0,0.0,0.0,0.0,5.6614e-11,0.0004096645654,5.6614e-11,0.0004096645654,0.0,0.0,0.0,0.0,5.2237e-10,0.0037799505013999994
mwir_std_solar_scatter,D:\HwaSimIR\HwaSim_IR\Bin\Config\Atmosphere\MODTRAN\raw\audit_mwir_standard_20260906\mwir_std_solar_scatter\MODOUT2.txt,W/(cm^2 sr cm^-1),W/(cm^2 cm^-1),W/(m^2 sr um),W/(m^2 um),value_si=value_native*1e8/(wavelength_um^2),2691.0,3.716090672612412,0.98376876,9.9419e-11,0.000719940799539,0.0,0.0,0.0,0.0,5.8447e-11,0.000423242840007,5.8447e-11,0.000423242840007,0.0,0.0,0.0,0.0,1.5787e-10,0.001143183639546
mwir_std_solar_scatter,D:\HwaSimIR\HwaSim_IR\Bin\Config\Atmosphere\MODTRAN\raw\audit_mwir_standard_20260906\mwir_std_solar_scatter\MODOUT2.txt,W/(cm^2 sr cm^-1),W/(cm^2 cm^-1),W/(m^2 sr um),W/(m^2 um),value_si=value_native*1e8/(wavelength_um^2),2692.0,3.7147102526002973,0.97933692,1.3425e-10,0.0009728914919999999,0.0,0.0,0.0,0.0,5.8282e-11,0.00042236172764799996,5.8282e-11,0.00042236172764799996,0.0,0.0,0.0,0.0,1.9254e-10,0.0013952532196479998
mwir_std_solar_scatter,D:\HwaSimIR\HwaSim_IR\Bin\Config\Atmosphere\MODTRAN\raw\audit_mwir_standard_20260906\mwir_std_solar_scatter\MODOUT2.txt,W/(cm^2 sr cm^-1),W/(cm^2 cm^-1),W/(m^2 sr um),W/(m^2 um),value_si=value_native*1e8/(wavelength_um^2),2693.0,3.713330857779428,0.90185171,6.8088e-10,0.004937911299120001,0.0,0.0,0.0,0.0,5.4869e-11,0.000397923650381,5.4869e-11,0.000397923650381,0.0,0.0,0.0,0.0,7.3575e-10,0.005335834949501001
mwir_std_solar_scatter,D:\HwaSimIR\HwaSim_IR\Bin\Config\Atmosphere\MODTRAN\raw\audit_mwir_standard_20260906\mwir_std_solar_scatter\MODOUT2.txt,W/(cm^2 sr cm^-1),W/(cm^2 cm^-1),W/(m^2 sr um),W/(m^2 um),value_si=value_native*1e8/(wavelength_um^2),2694.0,3.7119524870081664,0.98225379,1.1336e-10,0.0008227256169599999,0.0,0.0,0.0,0.0,5.8477e-11,0.00042440478037199995,5.8477e-11,0.00042440478037199995,0.0,0.0,0.0,0.0,1.7184e-10,0.0012471303973319997
mwir_std_solar_scatter,D:\HwaSimIR\HwaSim_IR\Bin\Config\Atmosphere\MODTRAN\raw\audit_mwir_standard_20260906\mwir_std_solar_scatter\MODOUT2.txt,W/(cm^2 sr cm^-1),W/(cm^2 cm^-1),W/(m^2 sr um),W/(m^2 um),value_si=value_native*1e8/(wavelength_um^2),2695.0,3.7105751391465676,0.92285317,5.4127e-10,0.00393125754175,0.0,0.0,0.0,0.0,5.6186e-11,0.00040808032265,5.6186e-11,0.00040808032265,0.0,0.0,0.0,0.0,5.9746e-10,0.004339337864400001
mwir_std_solar_scatter,D:\HwaSimIR\HwaSim_IR\Bin\Config\Atmosphere\MODTRAN\raw\audit_mwir_standard_20260906\mwir_std_solar_scatter\MODOUT2.txt,W/(cm^2 sr cm^-1),W/(cm^2 cm^-1),W/(m^2 sr um),W/(m^2 um),value_si=value_native*1e8/(wavelength_um^2),2696.0,3.7091988130563798,0.94502777,3.2933e-10,0.00239370744128,0.0,0.0,0.0,0.0,5.5834e-11,0.000405824738944,5.5834e-11,0.000405824738944,0.0,0.0,0.0,0.0,3.8516e-10,0.002799532180224
mwir_std_solar_scatter,D:\HwaSimIR\HwaSim_IR\Bin\Config\Atmosphere\MODTRAN\raw\audit_mwir_standard_20260906\mwir_std_solar_scatter\MODOUT2.txt,W/(cm^2 sr cm^-1),W/(cm^2 cm^-1),W/(m^2 sr um),W/(m^2 um),value_si=value_native*1e8/(wavelength_um^2),2697.0,3.7078235076010384,0.97818571,1.3228e-10,0.0009621794545199999,0.0,0.0,0.0,0.0,5.8414e-11,0.000424892278926,5.8414e-11,0.000424892278926,0.0,0.0,0.0,0.0,1.9069e-10,0.0013870717334459998
mwir_std_solar_scatter,D:\HwaSimIR\HwaSim_IR\Bin\Config\Atmosphere\MODTRAN\raw\audit_mwir_standard_20260906\mwir_std_solar_scatter\MODOUT2.txt,W/(cm^2 sr cm^-1),W/(cm^2 cm^-1),W/(m^2 sr um),W/(m^2 um),value_si=value_native*1e8/(wavelength_um^2),2698.0,3.7064492216456633,0.9733392,1.5913e-10,0.0011583397325200002,0.0,0.0,0.0,0.0,5.8264e-11,0.00042411554185600004,5.8264e-11,0.00042411554185600004,0.0,0.0,0.0,0.0,2.1739e-10,0.0015824552743760002
mwir_std_solar_scatter,D:\HwaSimIR\HwaSim_IR\Bin\Config\Atmosphere\MODTRAN\raw\audit_mwir_standard_20260906\mwir_std_solar_scatter\MODOUT2.txt,W/(cm^2 sr cm^-1),W/(cm^2 cm^-1),W/(m^2 sr um),W/(m^2 um),value_si=value_native*1e8/(wavelength_um^2),2699.0,3.705075954057058,0.98419583,1.095e-10,0.0007976638094999999,0.0,0.0,0.0,0.0,5.9596e-11,0.00043413308119599997,5.9596e-11,0.00043413308119599997,0.0,0.0,0.0,0.0,1.6909e-10,0.0012317968906959999
mwir_std_solar_scatter,D:\HwaSimIR\HwaSim_IR\Bin\Config\Atmosphere\MODTRAN\raw\audit_mwir_standard_20260906\mwir_std_solar_scatter\MODOUT2.txt,W/(cm^2 sr cm^-1),W/(cm^2 cm^-1),W/(m^2 sr um),W/(m^2 um),value_si=value_native*1e8/(wavelength_um^2),2700.0,3.7037037037037037,0.99600524,2.6647e-11,0.00019425662999999997,0.0,0.0,0.0,0.0,6.0138e-11,0.00043840601999999994,6.0138e-11,0.00043840601999999994,0.0,0.0,0.0,0.0,8.6785e-11,0.0006326626499999999
mwir_std_solar_scatter,D:\HwaSimIR\HwaSim_IR\Bin\Config\Atmosphere\MODTRAN\raw\audit_mwir_standard_20260906\mwir_std_solar_scatter\MODOUT2.txt,W/(cm^2 sr cm^-1),W/(cm^2 cm^-1),W/(m^2 sr um),W/(m^2 um),value_si=value_native*1e8/(wavelength_um^2),2701.0,3.702332469455757,0.99714416,1.886e-11,0.00013759126286000002,0.0,0.0,0.0,0.0,6e-11,0.00043772406,6e-11,0.00043772406,0.0,0.0,0.0,0.0,7.886e-11,0.00057531532286
mwir_std_solar_scatter,D:\HwaSimIR\HwaSim_IR\Bin\Config\Atmosphere\MODTRAN\raw\audit_mwir_standard_20260906\mwir_std_solar_scatter\MODOUT2.txt,W/(cm^2 sr cm^-1),W/(cm^2 cm^-1),W/(m^2 sr um),W/(m^2 um),value_si=value_native*1e8/(wavelength_um^2),2702.0,3.7009622501850483,0.98662585,8.934e-11,0.0006522538293599998,0.0,0.0,0.0,0.0,5.9272e-11,0.0004327332546879999,5.9272e-11,0.0004327332546879999,0.0,0.0,0.0,0.0,1.4861e-10,0.0010849870840479998
mwir_std_solar_scatter,D:\HwaSimIR\HwaSim_IR\Bin\Config\Atmosphere\MODTRAN\raw\audit_mwir_standard_20260906\mwir_std_solar_scatter\MODOUT2.txt,W/(cm^2 sr cm^-1),W/(cm^2 cm^-1),W/(m^2 sr um),W/(m^2 um),value_si=value_native*1e8/(wavelength_um^2),2703.0,3.6995930447650758,0.99002904,6.3498e-11,0.00046392965908199994,0.0,0.0,0.0,0.0,5.9271e-11,0.00043304631363900005,5.9271e-11,0.00043304631363900005,0.0,0.0,0.0,0.0,1.2277e-10,0.000896975972721
mwir_std_solar_scatter,D:\HwaSimIR\HwaSim_IR\Bin\Config\Atmosphere\MODTRAN\raw\audit_mwir_standard_20260906\mwir_std_solar_scatter\MODOUT2.txt,W/(cm^2 sr cm^-1),W/(cm^2 cm^-1),W/(m^2 sr um),W/(m^2 um),value_si=value_native*1e8/(wavelength_um^2),2704.0,3.698224852071006,0.99231797,4.9848e-11,0.000364469434368,0.0,0.0,0.0,0.0,5.9698e-11,0.00043648885196799996,5.9698e-11,0.00043648885196799996,0.0,0.0,0.0,0.0,1.0955e-10,0.0008009582863359999
mwir_std_solar_scatter,D:\HwaSimIR\HwaSim_IR\Bin\Config\Atmosphere\MODTRAN\raw\audit_mwir_standard_20260906\mwir_std_solar_scatter\MODOUT2.txt,W/(cm^2 sr cm^-1),W/(cm^2 cm^-1),W/(m^2 sr um),W/(m^2 um),value_si=value_native*1e8/(wavelength_um^2),2705.0,3.6968576709796674,0.98334116,9.5736e-11,0.0007005027054,0.0,0.0,0.0,0.0,5.9092e-11,0.00043237764130000004,5.9092e-11,0.00043237764130000004,0.0,0.0,0.0,0.0,1.5483e-10,0.0011328803467
mwir_std_solar_scatter,D:\HwaSimIR\HwaSim_IR\Bin\Config\Atmosphere\MODTRAN\raw\audit_mwir_standard_20260906\mwir_std_solar_scatter\MODOUT2.txt,W/(cm^2 sr cm^-1),W/(cm^2 cm^-1),W/(m^2 sr um),W/(m^2 um),value_si=value_native*1e8/(wavelength_um^2),2706.0,3.695491500369549,0.97559655,1.6393e-10,0.0012003669334800001,0.0,0.0,0.0,0.0,5.9772e-11,0.000437676644592,5.9772e-11,0.000437676644592,0.0,0.0,0.0,0.0,2.237e-10,0.001638043578072
mwir_std_solar_scatter,D:\HwaSimIR\HwaSim_IR\Bin\Config\Atmosphere\MODTRAN\raw\audit_mwir_standard_20260906\mwir_std_solar_scatter\MODOUT2.txt,W/(cm^2 sr cm^-1),W/(cm^2 cm^-1),W/(m^2 sr um),W/(m^2 um),value_si=value_native*1e8/(wavelength_um^2),2707.0,3.694126339120798,0.9831574,1.1398e-10,0.00083522822902,0.0,0.0,0.0,0.0,6.0622e-11,0.00044422886207799993,6.0622e-11,0.00044422886207799993,0.0,0.0,0.0,0.0,1.746e-10,0.001279457091098
mwir_std_solar_scatter,D:\HwaSimIR\HwaSim_IR\Bin\Config\Atmosphere\MODTRAN\raw\audit_mwir_standard_20260906\mwir_std_solar_scatter\MODOUT2.txt,W/(cm^2 sr cm^-1),W/(cm^2 cm^-1),W/(m^2 sr um),W/(m^2 um),value_si=value_native*1e8/(wavelength_um^2),2708.0,3.692762186115214,0.94421899,3.7067e-10,0.0027182209668800005,0.0,0.0,0.0,0.0,5.8983e-11,0.000432537910512,5.8983e-11,0.000432537910512,0.0,0.0,0.0,0.0,4.2966e-10,0.0031507588773920002
mwir_std_solar_scatter,D:\HwaSimIR\HwaSim_IR\Bin\Config\Atmosphere\MODTRAN\raw\audit_mwir_standard_20260906\mwir_std_solar_scatter\MODOUT2.txt,W/(cm^2 sr cm^-1),W/(cm^2 cm^-1),W/(m^2 sr um),W/(m^2 um),value_si=value_native*1e8/(wavelength_um^2),2709.0,3.6913990402362495,0.97033602,1.9051e-10,0.00139809211731,0.0,0.0,0.0,0.0,6.003e-11,0.00044054102042999995,6.003e-11,0.00044054102042999995,0.0,0.0,0.0,0.0,2.5055e-10,0.0018386331377399999
mwir_std_solar_scatter,D:\HwaSimIR\HwaSim_IR\Bin\Config\Atmosphere\MODTRAN\raw\audit_mwir_standard_20260906\mwir_std_solar_scatter\MODOUT2.txt,W/(cm^2 sr cm^-1),W/(cm^2 cm^-1),W/(m^2 sr um),W/(m^2 um),value_si=value_native*1e8/(wavelength_um^2),2710.0,3.690036900369004,0.98293597,1.1548e-10,0.0008480966679999998,0.0,0.0,0.0,0.0,6.118e-11,0.00044931203799999995,6.118e-11,0.00044931203799999995,0.0,0.0,0.0,0.0,1.7666e-10,0.0012974087059999997
mwir_std_solar_scatter,D:\HwaSimIR\HwaSim_IR\Bin\Config\Atmosphere\MODTRAN\raw\audit_mwir_standard_20260906\mwir_std_solar_scatter\MODOUT2.txt,W/(cm^2 sr cm^-1),W/(cm^2 cm^-1),W/(m^2 sr um),W/(m^2 um),value_si=value_native*1e8/(wavelength_um^2),2711.0,3.6886757654002214,0.94715291,3.012e-10,0.0022136757252000003,0.0,0.0,0.0,0.0,5.815e-11,0.00042737464615,5.815e-11,0.00042737464615,0.0,0.0,0.0,0.0,3.5935e-10,0.0026410503713500005
mwir_std_solar_scatter,D:\HwaSimIR\HwaSim_IR\Bin\Config\Atmosphere\MODTRAN\raw\audit_mwir_standard_20260906\mwir_std_solar_scatter\MODOUT2.txt,W/(cm^2 sr cm^-1),W/(cm^2 cm^-1),W/(m^2 sr um),W/(m^2 um),value_si=value_native*1e8/(wavelength_um^2),2712.0,3.687315634218289,0.91827399,4.5025e-10,0.0033115635360000005,0.0,0.0,0.0,0.0,5.5335e-11,0.00040698582624000004,5.5335e-11,0.00040698582624000004,0.0,0.0,0.0,0.0,5.0558e-10,0.0037185493622400004
mwir_std_solar_scatter,D:\HwaSimIR\HwaSim_IR\Bin\Config\Atmosphere\MODTRAN\raw\audit_mwir_standard_20260906\mwir_std_solar_scatter\MODOUT2.txt,W/(cm^2 sr cm^-1),W/(cm^2 cm^-1),W/(m^2 sr um),W/(m^2 um),value_si=value_native*1e8/(wavelength_um^2),2713.0,3.6859565057132326,0.98745763,8.3654e-11,0.0006157243083259999,0.0,0.0,0.0,0.0,6.1469e-11,0.000452434522061,6.1469e-11,0.000452434522061,0.0,0.0,0.0,0.0,1.4512e-10,0.0010681588303869999
mwir_std_solar_scatter,D:\HwaSimIR\HwaSim_IR\Bin\Config\Atmosphere\MODTRAN\raw\audit_mwir_standard_20260906\mwir_std_solar_scatter\MODOUT2.txt,W/(cm^2 sr cm^-1),W/(cm^2 cm^-1),W/(m^2 sr um),W/(m^2 um),value_si=value_native*1e8/(wavelength_um^2),2714.0,3.6845983787767134,0.98191994,1.1778e-10,0.0008675434528799999,0.0,0.0,0.0,0.0,6.1009e-11,0.00044937984816399994,6.1009e-11,0.00044937984816399994,0.0,0.0,0.0,0.0,1.7879e-10,0.0013169233010439998
mwir_std_solar_scatter,D:\HwaSimIR\HwaSim_IR\Bin\Config\Atmosphere\MODTRAN\raw\audit_mwir_standard_20260906\mwir_std_solar_scatter\MODOUT2.txt,W/(cm^2 sr cm^-1),W/(cm^2 cm^-1),W/(m^2 sr um),W/(m^2 um),value_si=value_native*1e8/(wavelength_um^2),2715.0,3.6832412523020257,0.92592466,4.7903e-10,0.003531037911750001,0.0,0.0,0.0,0.0,5.8199e-11,0.00042899792377500004,5.8199e-11,0.00042899792377500004,0.0,0.0,0.0,0.0,5.3723e-10,0.0039600358355250005
mwir_std_solar_scatter,D:\HwaSimIR\HwaSim_IR\Bin\Config\Atmosphere\MODTRAN\raw\audit_mwir_standard_20260906\mwir_std_solar_scatter\MODOUT2.txt,W/(cm^2 sr cm^-1),W/(cm^2 cm^-1),W/(m^2 sr um),W/(m^2 um),value_si=value_native*1e8/(wavelength_um^2),2716.0,3.681885125184094,0.93975389,3.963e-10,0.0029233687728,0.0,0.0,0.0,0.0,5.8979e-11,0.000435067794224,5.8979e-11,0.000435067794224,0.0,0.0,0.0,0.0,4.5528e-10,0.003358436567024
mwir_std_solar_scatter,D:\HwaSimIR\HwaSim_IR\Bin\Config\Atmosphere\MODTRAN\raw\audit_mwir_standard_20260906\mwir_std_solar_scatter\MODOUT2.txt,W/(cm^2 sr cm^-1),W/(cm^2 cm^-1),W/(m^2 sr um),W/(m^2 um),value_si=value_native*1e8/(wavelength_um^2),2717.0,3.68052999631947,0.95598847,2.8199e-10,0.00208167527711,0.0,0.0,0.0,0.0,5.9535e-11,0.00043949266861500005,5.9535e-11,0.00043949266861500005,0.0,0.0,0.0,0.0,3.4153e-10,0.0025211679457250004
mwir_std_solar_scatter,D:\HwaSimIR\HwaSim_IR\Bin\Config\Atmosphere\MODTRAN\raw\audit_mwir_standard_20260906\mwir_std_solar_scatter\MODOUT2.txt,W/(cm^2 sr cm^-1),W/(cm^2 cm^-1),W/(m^2 sr um),W/(m^2 um),value_si=value_native*1e8/(wavelength_um^2),2718.0,3.679175864606328,0.9521299,3.1408e-10,0.00232027353792,0.0,0.0,0.0,0.0,5.9903e-11,0.000442534850172,5.9903e-11,0.000442534850172,0.0,0.0,0.0,0.0,3.7398e-10,0.0027628083880920002
mwir_std_solar_scatter,D:\HwaSimIR\HwaSim_IR\Bin\Config\Atmosphere\MODTRAN\raw\audit_mwir_standard_20260906\mwir_std_solar_scatter\MODOUT2.txt,W/(cm^2 sr cm^-1),W/(cm^2 cm^-1),W/(m^2 sr um),W/(m^2 um),value_si=value_native*1e8/(wavelength_um^2),2719.0,3.6778227289444647,0.92427558,4.8461e-10,0.0035827028302100007,0.0,0.0,0.0,0.0,5.8977e-11,0.000436014660897,5.8977e-11,0.000436014660897,0.0,0.0,0.0,0.0,5.4359e-10,0.004018717491107
mwir_std_solar_scatter,D:\HwaSimIR\HwaSim_IR\Bin\Config\Atmosphere\MODTRAN\raw\audit_mwir_standard_20260906\mwir_std_solar_scatter\MODOUT2.txt,W/(cm^2 sr cm^-1),W/(cm^2 cm^-1),W/(m^2 sr um),W/(m^2 um),value_si=value_native*1e8/(wavelength_um^2),2720.0,3.676470588235294,0.83564115,1.0254e-09,0.007586319360000001,0.0,0.0,0.0,0.0,5.4874e-11,0.0004059798016,5.4874e-11,0.0004059798016,0.0,0.0,0.0,0.0,1.0803e-09,0.007992299161600002
mwir_std_solar_scatter,D:\HwaSimIR\HwaSim_IR\Bin\Config\Atmosphere\MODTRAN\raw\audit_mwir_standard_20260906\mwir_std_solar_scatter\MODOUT2.txt,W/(cm^2 sr cm^-1),W/(cm^2 cm^-1),W/(m^2 sr um),W/(m^2 um),value_si=value_native*1e8/(wavelength_um^2),2721.0,3.675119441381845,0.84111589,9.804e-10,0.007258725716400001,0.0,0.0,0.0,0.0,5.5147e-11,0.00040829961962700003,5.5147e-11,0.00040829961962700003,0.0,0.0,0.0,0.0,1.0355e-09,0.0076670253360270006
mwir_std_solar_scatter,D:\HwaSimIR\HwaSim_IR\Bin\Config\Atmosphere\MODTRAN\raw\audit_mwir_standard_20260906\mwir_std_solar_scatter\MODOUT2.txt,W/(cm^2 sr cm^-1),W/(cm^2 cm^-1),W/(m^2 sr um),W/(m^2 um),value_si=value_native*1e8/(wavelength_um^2),2722.0,3.673769287288758,0.83967537,9.8393e-10,0.00729021680612,0.0,0.0,0.0,0.0,5.5444e-11,0.00041080034209600003,5.5444e-11,0.00041080034209600003,0.0,0.0,0.0,0.0,1.0394e-09,0.007701017148216
mwir_std_solar_scatter,D:\HwaSimIR\HwaSim_IR\Bin\Config\Atmosphere\MODTRAN\raw\audit_mwir_standard_20260906\mwir_std_solar_scatter\MODOUT2.txt,W/(cm^2 sr cm^-1),W/(cm^2 cm^-1),W/(m^2 sr um),W/(m^2 um),value_si=value_native*1e8/(wavelength_um^2),2723.0,3.6724201248622843,0.81403095,1.1347e-09,0.008413492996299999,0.0,0.0,0.0,0.0,5.411e-11,0.00040121098619,5.411e-11,0.00040121098619,0.0,0.0,0.0,0.0,1.1888e-09,0.00881470398249
mwir_std_solar_scatter,D:\HwaSimIR\HwaSim_IR\Bin\Config\Atmosphere\MODTRAN\raw\audit_mwir_standard_20260906\mwir_std_solar_scatter\MODOUT2.txt,W/(cm^2 sr cm^-1),W/(cm^2 cm^-1),W/(m^2 sr um),W/(m^2 um),value_si=value_native*1e8/(wavelength_um^2),2724.0,3.671071953010279,0.92021012,4.9107e-10,0.00364382582832,0.0,0.0,0.0,0.0,5.9308e-11,0.00044007579820799997,5.9308e-11,0.00044007579820799997,0.0,0.0,0.0,0.0,5.5038e-10,0.0040839016265280005
mwir_std_solar_scatter,D:\HwaSimIR\HwaSim_IR\Bin\Config\Atmosphere\MODTRAN\raw\audit_mwir_standard_20260906\mwir_std_solar_scatter\MODOUT2.txt,W/(cm^2 sr cm^-1),W/(cm^2 cm^-1),W/(m^2 sr um),W/(m^2 um),value_si=value_native*1e8/(wavelength_um^2),2725.0,3.669724770642202,0.98367792,9.9456e-11,0.00073852296,0.0,0.0,0.0,0.0,6.2529e-11,0.0004643169056249999,6.2529e-11,0.0004643169056249999,0.0,0.0,0.0,0.0,1.6198e-10,0.0012028398656249999
mwir_std_solar_scatter,D:\HwaSimIR\HwaSim_IR\Bin\Config\Atmosphere\MODTRAN\raw\audit_mwir_standard_20260906\mwir_std_solar_scatter\MODOUT2.txt,W/(cm^2 sr cm^-1),W/(cm^2 cm^-1),W/(m^2 sr um),W/(m^2 um),value_si=value_native*1e8/(wavelength_um^2),2726.0,3.668378576669112,0.88800853,6.7084e-10,0.004985063023840001,0.0,0.0,0.0,0.0,5.7389e-11,0.00042646202056400006,5.7389e-11,0.00042646202056400006,0.0,0.0,0.0,0.0,7.2823e-10,0.005411525044404001
mwir_std_solar_scatter,D:\HwaSimIR\HwaSim_IR\Bin\Config\Atmosphere\MODTRAN\raw\audit_mwir_standard_20260906\mwir_std_solar_scatter\MODOUT2.txt,W/(cm^2 sr cm^-1),W/(cm^2 cm^-1),W/(m^2 sr um),W/(m^2 um),value_si=value_native*1e8/(wavelength_um^2),2727.0,3.6670333700036672,0.88378042,5.6006e-10,0.0041649024317399995,0.0,0.0,0.0,0.0,5.4792e-11,0.000407462296968,5.4792e-11,0.000407462296968,0.0,0.0,0.0,0.0,6.1485e-10,0.004572364728707999
mwir_std_solar_scatter,D:\HwaSimIR\HwaSim_IR\Bin\Config\Atmosphere\MODTRAN\raw\audit_mwir_standard_20260906\mwir_std_solar_scatter\MODOUT2.txt,W/(cm^2 sr cm^-1),W/(cm^2 cm^-1),W/(m^2 sr um),W/(m^2 um),value_si=value_native*1e8/(wavelength_um^2),2728.0,3.665689149560117,0.98859328,6.7884e-11,0.000505191641856,0.0,0.0,0.0,0.0,6.3315e-11,0.00047118921696000005,6.3315e-11,0.00047118921696000005,0.0,0.0,0.0,0.0,1.312e-10,0.0009763808588160001
mwir_std_solar_scatter,D:\HwaSimIR\HwaSim_IR\Bin\Config\Atmosphere\MODTRAN\raw\audit_mwir_standard_20260906\mwir_std_solar_scatter\MODOUT2.txt,W/(cm^2 sr cm^-1),W/(cm^2 cm^-1),W/(m^2 sr um),W/(m^2 um),value_si=value_native*1e8/(wavelength_um^2),2729.0,3.6643459142543056,0.99065572,5.349e-11,0.00039836361909000007,0.0,0.0,0.0,0.0,6.3513e-11,0.00047300932023300004,6.3513e-11,0.00047300932023300004,0.0,0.0,0.0,0.0,1.17e-10,0.0008713729393230001
mwir_std_solar_scatter,D:\HwaSimIR\HwaSim_IR\Bin\Config\Atmosphere\MODTRAN\raw\audit_mwir_standard_20260906\mwir_std_solar_scatter\MODOUT2.txt,W/(cm^2 sr cm^-1),W/(cm^2 cm^-1),W/(m^2 sr um),W/(m^2 um),value_si=value_native*1e8/(wavelength_um^2),2730.0,3.663003663003663,0.96557051,2.0227e-10,0.001507498083,0.0,0.0,0.0,0.0,6.2065e-11,0.00046256423849999997,6.2065e-11,0.00046256423849999997,0.0,0.0,0.0,0.0,2.6434e-10,0.0019700623215
mwir_std_solar_scatter,D:\HwaSimIR\HwaSim_IR\Bin\Config\Atmosphere\MODTRAN\raw\audit_mwir_standard_20260906\mwir_std_solar_scatter\MODOUT2.txt,W/(cm^2 sr cm^-1),W/(cm^2 cm^-1),W/(m^2 sr um),W/(m^2 um),value_si=value_native*1e8/(wavelength_um^2),2731.0,3.6616623947272062,0.95919317,2.4452e-10,0.00182371843172,0.0,0.0,0.0,0.0,6.1955e-11,0.000462082755755,6.1955e-11,0.000462082755755,0.0,0.0,0.0,0.0,3.0647e-10,0.002285801187475
mwir_std_solar_scatter,D:\HwaSimIR\HwaSim_IR\Bin\Config\Atmosphere\MODTRAN\raw\audit_mwir_standard_20260906\mwir_std_solar_scatter\MODOUT2.txt,W/(cm^2 sr cm^-1),W/(cm^2 cm^-1),W/(m^2 sr um),W/(m^2 um),value_si=value_native*1e8/(wavelength_um^2),2732.0,3.6603221083455346,0.98934257,6.5943e-11,0.000492186946032,0.0,0.0,0.0,0.0,6.3655e-11,0.00047510971671999995,6.3655e-11,0.00047510971671999995,0.0,0.0,0.0,0.0,1.296e-10,0.0009672966627519998
mwir_std_solar_scatter,D:\HwaSimIR\HwaSim_IR\Bin\Config\Atmosphere\MODTRAN\raw\audit_mwir_standard_20260906\mwir_std_solar_scatter\MODOUT2.txt,W/(cm^2 sr cm^-1),W/(cm^2 cm^-1),W/(m^2 sr um),W/(m^2 um),value_si=value_native*1e8/(wavelength_um^2),2733.0,3.658982802780827,0.99251497,3.9801e-11,0.000297285171489,0.0,0.0,0.0,0.0,6.3658e-11,0.00047547999916199994,6.3658e-11,0.00047547999916199994,0.0,0.0,0.0,0.0,1.0346e-10,0.000772765170651
mwir_std_solar_scatter,D:\HwaSimIR\HwaSim_IR\Bin\Config\Atmosphere\MODTRAN\raw\audit_mwir_standard_20260906\mwir_std_solar_scatter\MODOUT2.txt,W/(cm^2 sr cm^-1),W/(cm^2 cm^-1),W/(m^2 sr um),W/(m^2 um),value_si=value_native*1e8/(wavelength_um^2),2734.0,3.6576444769568397,0.99267805,3.8212e-11,0.00028562537627200007,0.0,0.0,0.0,0.0,6.37e-11,0.00047614195720000006,6.37e-11,0.00047614195720000006,0.0,0.0,0.0,0.0,1.0191e-10,0.0007617673334720001
mwir_std_solar_scatter,D:\HwaSimIR\HwaSim_IR\Bin\Config\Atmosphere\MODTRAN\raw\audit_mwir_standard_20260906\mwir_std_solar_scatter\MODOUT2.txt,W/(cm^2 sr cm^-1),W/(cm^2 cm^-1),W/(m^2 sr um),W/(m^2 um),value_si=value_native*1e8/(wavelength_um^2),2735.0,3.656307129798903,0.99396813,3.3758e-11,0.00025251743555,0.0,0.0,0.0,0.0,6.3836e-11,0.00047750764309999996,6.3836e-11,0.00047750764309999996,0.0,0.0,0.0,0.0,9.7594e-11,0.00073002507865
mwir_std_solar_scatter,D:\HwaSimIR\HwaSim_IR\Bin\Config\Atmosphere\MODTRAN\raw\audit_mwir_standard_20260906\mwir_std_solar_scatter\MODOUT2.txt,W/(cm^2 sr cm^-1),W/(cm^2 cm^-1),W/(m^2 sr um),W/(m^2 um),value_si=value_native*1e8/(wavelength_um^2),2736.0,3.654970760233918,0.97928947,1.1951e-10,0.0008946155289600001,0.0,0.0,0.0,0.0,6.3091e-11,0.000472280046336,6.3091e-11,0.000472280046336,0.0,0.0,0.0,0.0,1.826e-10,0.001366895575296
mwir_std_solar_scatter,D:\HwaSimIR\HwaSim_IR\Bin\Config\Atmosphere\MODTRAN\raw\audit_mwir_standard_20260906\mwir_std_solar_scatter\MODOUT2.txt,W/(cm^2 sr cm^-1),W/(cm^2 cm^-1),W/(m^2 sr um),W/(m^2 um),value_si=value_native*1e8/(wavelength_um^2),2737.0,3.6536353671903545,0.97342372,1.5309e-10,0.0011468230622100001,0.0,0.0,0.0,0.0,6.2812e-11,0.00047053530722800005,6.2812e-11,0.00047053530722800005,0.0,0.0,0.0,0.0,2.159e-10,0.001617358369438
mwir_std_solar_scatter,D:\HwaSimIR\HwaSim_IR\Bin\Config\Atmosphere\MODTRAN\raw\audit_mwir_standard_20260906\mwir_std_solar_scatter\MODOUT2.txt,W/(cm^2 sr cm^-1),W/(cm^2 cm^-1),W/(m^2 sr um),W/(m^2 um),value_si=value_native*1e8/(wavelength_um^2),2738.0,3.652300949598247,0.9717108,1.6211e-10,0.00121528095884,0.0,0.0,0.0,0.0,6.2912e-11,0.0004716288673279999,6.2912e-11,0.0004716288673279999,0.0,0.0,0.0,0.0,2.2502e-10,0.001686909826168
mwir_std_solar_scatter,D:\HwaSimIR\HwaSim_IR\Bin\Config\Atmosphere\MODTRAN\raw\audit_mwir_standard_20260906\mwir_std_solar_scatter\MODOUT2.txt,W/(cm^2 sr cm^-1),W/(cm^2 cm^-1),W/(m^2 sr um),W/(m^2 um),value_si=value_native*1e8/(wavelength_um^2),2739.0,3.6509675063891933,0.92820638,4.0323e-10,0.00302508025083,0.0,0.0,0.0,0.0,6.0567e-11,0.000454380962607,6.0567e-11,0.000454380962607,0.0,0.0,0.0,0.0,4.638e-10,0.003479461213437
mwir_std_solar_scatter,D:\HwaSimIR\HwaSim_IR\Bin\Config\Atmosphere\MODTRAN\raw\audit_mwir_standard_20260906\mwir_std_solar_scatter\MODOUT2.txt,W/(cm^2 sr cm^-1),W/(cm^2 cm^-1),W/(m^2 sr um),W/(m^2 um),value_si=value_native*1e8/(wavelength_um^2),2740.0,3.6496350364963503,0.99168205,4.6547e-11,0.00034945625719999996,0.0,0.0,0.0,0.0,6.4677e-11,0.00048556904520000003,6.4677e-11,0.00048556904520000003,0.0,0.0,0.0,0.0,1.1122e-10,0.0008350253024
mwir_std_solar_scatter,D:\HwaSimIR\HwaSim_IR\Bin\Config\Atmosphere\MODTRAN\raw\audit_mwir_standard_20260906\mwir_std_solar_scatter\MODOUT2.txt,W/(cm^2 sr cm^-1),W/(cm^2 cm^-1),W/(m^2 sr um),W/(m^2 um),value_si=value_native*1e8/(wavelength_um^2),2741.0,3.6483035388544325,0.95038795,2.2161e-10,0.0016649738804100003,0.0,0.0,0.0,0.0,6.143e-11,0.00046152856583000005,6.143e-11,0.00046152856583000005,0.0,0.0,0.0,0.0,2.8304e-10,0.0021265024462400004
mwir_std_solar_scatter,D:\HwaSimIR\HwaSim_IR\Bin\Config\Atmosphere\MODTRAN\raw\audit_mwir_standard_20260906\mwir_std_solar_scatter\MODOUT2.txt,W/(cm^2 sr cm^-1),W/(cm^2 cm^-1),W/(m^2 sr um),W/(m^2 um),value_si=value_native*1e8/(wavelength_um^2),2742.0,3.6469730123997084,0.89159161,4.962e-10,0.0037307114567999996,0.0,0.0,0.0,0.0,5.4998e-11,0.000413505982872,5.4998e-11,0.000413505982872,0.0,0.0,0.0,0.0,5.5119e-10,0.004144217439672
mwir_std_solar_scatter,D:\HwaSimIR\HwaSim_IR\Bin\Config\Atmosphere\MODTRAN\raw\audit_mwir_standard_20260906\mwir_std_solar_scatter\MODOUT2.txt,W/(cm^2 sr cm^-1),W/(cm^2 cm^-1),W/(m^2 sr um),W/(m^2 um),value_si=value_native*1e8/(wavelength_um^2),2743.0,3.645643456069996,0.95354068,2.1252e-10,0.0015990108934800002,0.0,0.0,0.0,0.0,6.1448e-11,0.00046233776295200003,6.1448e-11,0.00046233776295200003,0.0,0.0,0.0,0.0,2.7397e-10,0.002061348656432
mwir_std_solar_scatter,D:\HwaSimIR\HwaSim_IR\Bin\Config\Atmosphere\MODTRAN\raw\audit_mwir_standard_20260906\mwir_std_solar_scatter\MODOUT2.txt,W/(cm^2 sr cm^-1),W/(cm^2 cm^-1),W/(m^2 sr um),W/(m^2 um),value_si=value_native*1e8/(wavelength_um^2),2744.0,3.6443148688046647,0.98127168,1.0217e-10,0.0007692926931199999,0.0,0.0,0.0,0.0,6.4291e-11,0.000484081398976,6.4291e-11,0.000484081398976,0.0,0.0,0.0,0.0,1.6646e-10,0.001253374092096
mwir_std_solar_scatter,D:\HwaSimIR\HwaSim_IR\Bin\Config\Atmosphere\MODTRAN\raw\audit_mwir_standard_20260906\mwir_std_solar_scatter\MODOUT2.txt,W/(cm^2 sr cm^-1),W/(cm^2 cm^-1),W/(m^2 sr um),W/(m^2 um),value_si=value_native*1e8/(wavelength_um^2),2745.0,3.6429872495446265,0.99205303,4.3475e-11,0.000327585211875,0.0,0.0,0.0,0.0,6.5102e-11,0.00049054519755,6.5102e-11,0.00049054519755,0.0,0.0,0.0,0.0,1.0858e-10,0.000818130409425
mwir_std_solar_scatter,D:\HwaSimIR\HwaSim_IR\Bin\Config\Atmosphere\MODTRAN\raw\audit_mwir_standard_20260906\mwir_std_solar_scatter\MODOUT2.txt,W/(cm^2 sr cm^-1),W/(cm^2 cm^-1),W/(m^2 sr um),W/(m^2 um),value_si=value_native*1e8/(wavelength_um^2),2746.0,3.641660597232338,0.98995084,4.9933e-11,0.00037652058542799995,0.0,0.0,0.0,0.0,6.4892e-11,0.0004893191642719999,6.4892e-11,0.0004893191642719999,0.0,0.0,0.0,0.0,1.1483e-10,0.0008658397496999998
mwir_std_solar_scatter,D:\HwaSimIR\HwaSim_IR\Bin\Config\Atmosphere\MODTRAN\raw\audit_mwir_standard_20260906\mwir_std_solar_scatter\MODOUT2.txt,W/(cm^2 sr cm^-1),W/(cm^2 cm^-1),W/(m^2 sr um),W/(m^2 um),value_si=value_native*1e8/(wavelength_um^2),2747.0,3.6403349108117946,0.9786213,1.1242e-10,0.00084832233178,0.0,0.0,0.0,0.0,6.4483e-11,0.0004865892983470001,6.4483e-11,0.0004865892983470001,0.0,0.0,0.0,0.0,1.769e-10,0.001334911630127
mwir_std_solar_scatter,D:\HwaSimIR\HwaSim_IR\Bin\Config\Atmosphere\MODTRAN\raw\audit_mwir_standard_20260906\mwir_std_solar_scatter\MODOUT2.txt,W/(cm^2 sr cm^-1),W/(cm^2 cm^-1),W/(m^2 sr um),W/(m^2 um),value_si=value_native*1e8/(wavelength_um^2),2748.0,3.63901018922853,0.98569059,7.3438e-11,0.000554567350752,0.0,0.0,0.0,0.0,6.498e-11,0.00049069672992,6.498e-11,0.00049069672992,0.0,0.0,0.0,0.0,1.3842e-10,0.001045264080672
mwir_std_solar_scatter,D:\HwaSimIR\HwaSim_IR\Bin\Config\Atmosphere\MODTRAN\raw\audit_mwir_standard_20260906\mwir_std_solar_scatter\MODOUT2.txt,W/(cm^2 sr cm^-1),W/(cm^2 cm^-1),W/(m^2 sr um),W/(m^2 um),value_si=value_native*1e8/(wavelength_um^2),2749.0,3.6376864314296107,0.98488289,7.0497e-11,0.000532745899497,0.0,0.0,0.0,0.0,6.4832e-11,0.0004899354888320001,6.4832e-11,0.0004899354888320001,0.0,0.0,0.0,0.0,1.3533e-10,0.0010226813883290001
mwir_std_solar_scatter,D:\HwaSimIR\HwaSim_IR\Bin\Config\Atmosphere\MODTRAN\raw\audit_mwir_standard_20260906\mwir_std_solar_scatter\MODOUT2.txt,W/(cm^2 sr cm^-1),W/(cm^2 cm^-1),W/(m^2 sr um),W/(m^2 um),value_si=value_native*1e8/(wavelength_um^2),2750.0,3.6363636363636362,0.97816867,1.0918e-10,0.0008256737500000001,0.0,0.0,0.0,0.0,6.4624e-11,0.0004887190000000001,6.4624e-11,0.0004887190000000001,0.0,0.0,0.0,0.0,1.7381e-10,0.0013143927500000002
mwir_std_solar_scatter,D:\HwaSimIR\HwaSim_IR\Bin\Config\Atmosphere\MODTRAN\raw\audit_mwir_standard_20260906\mwir_std_solar_scatter\MODOUT2.txt,W/(cm^2 sr cm^-1),W/(cm^2 cm^-1),W/(m^2 sr um),W/(m^2 um),value_si=value_native*1e8/(wavelength_um^2),2751.0,3.635041802980734,0.92053908,4.1803e-10,0.00316365145803,0.0,0.0,0.0,0.0,6.1705e-11,0.000466983501705,6.1705e-11,0.000466983501705,0.0,0.0,0.0,0.0,4.7973e-10,0.003630634959735
mwir_std_solar_scatter,D:\HwaSimIR\HwaSim_IR\Bin\Config\Atmosphere\MODTRAN\raw\audit_mwir_standard_20260906\mwir_std_solar_scatter\MODOUT2.txt,W/(cm^2 sr cm^-1),W/(cm^2 cm^-1),W/(m^2 sr um),W/(m^2 um),value_si=value_native*1e8/(wavelength_um^2),2752.0,3.633720930232558,0.98034817,1.0901e-10,0.00082558767104,0.0,0.0,0.0,0.0,6.5436e-11,0.0004955798077440001,6.5436e-11,0.0004955798077440001,0.0,0.0,0.0,0.0,1.7444e-10,0.0013211674787840001
mwir_std_solar_scatter,D:\HwaSimIR\HwaSim_IR\Bin\Config\Atmosphere\MODTRAN\raw\audit_mwir_standard_20260906\mwir_std_solar_scatter\MODOUT2.txt,W/(cm^2 sr cm^-1),W/(cm^2 cm^-1),W/(m^2 sr um),W/(m^2 um),value_si=value_native*1e8/(wavelength_um^2),2753.0,3.6324010170722847,0.97302365,1.4586e-10,0.00110547425274,0.0,0.0,0.0,0.0,6.5002e-11,0.0004926507430180001,6.5002e-11,0.0004926507430180001,0.0,0.0,0.0,0.0,2.1086e-10,0.0015981249957580002
mwir_std_solar_scatter,D:\HwaSimIR\HwaSim_IR\Bin\Config\Atmosphere\MODTRAN\raw\audit_mwir_standard_20260906\mwir_std_solar_scatter\MODOUT2.txt,W/(cm^2 sr cm^-1),W/(cm^2 cm^-1),W/(m^2 sr um),W/(m^2 um),value_si=value_native*1e8/(wavelength_um^2),2754.0,3.6310820624546114,0.92315775,3.9088e-10,0.00296463561408,0.0,0.0,0.0,0.0,6.2437e-11,0.0004735544254920001,6.2437e-11,0.0004735544254920001,0.0,0.0,0.0,0.0,4.5332e-10,0.003438190039572
mwir_std_solar_scatter,D:\HwaSimIR\HwaSim_IR\Bin\Config\Atmosphere\MODTRAN\raw\audit_mwir_standard_20260906\mwir_std_solar_scatter\MODOUT2.txt,W/(cm^2 sr cm^-1),W/(cm^2 cm^-1),W/(m^2 sr um),W/(m^2 um),value_si=value_native*1e8/(wavelength_um^2),2755.0,3.629764065335753,0.99405456,3.1443e-11,0.00023865315607499998,0.0,0.0,0.0,0.0,6.6448e-11,0.0005043419812,6.6448e-11,0.0005043419812,0.0,0.0,0.0,0.0,9.7891e-11,0.0007429951372749999
mwir_std_solar_scatter,D:\HwaSimIR\HwaSim_IR\Bin\Config\Atmosphere\MODTRAN\raw\audit_mwir_standard_20260906\mwir_std_solar_scatter\MODOUT2.txt,W/(cm^2 sr cm^-1),W/(cm^2 cm^-1),W/(m^2 sr um),W/(m^2 um),value_si=value_native*1e8/(wavelength_um^2),2756.0,3.6284470246734397,0.9606939,1.7459e-10,0.00132610463024,0.0,0.0,0.0,0.0,6.4005e-11,0.00048615228168,6.4005e-11,0.00048615228168,0.0,0.0,0.0,0.0,2.386e-10,0.00181225691192
mwir_std_solar_scatter,D:\HwaSimIR\HwaSim_IR\Bin\Config\Atmosphere\MODTRAN\raw\audit_mwir_standard_20260906\mwir_std_solar_scatter\MODOUT2.txt,W/(cm^2 sr cm^-1),W/(cm^2 cm^-1),W/(m^2 sr um),W/(m^2 um),value_si=value_native*1e8/(wavelength_um^2),2757.0,3.6271309394269133,0.89019489,5.2966e-10,0.00402597161334,0.0,0.0,0.0,0.0,5.8975e-11,0.00044827186477499996,5.8975e-11,0.00044827186477499996,0.0,0.0,0.0,0.0,5.8863e-10,0.004474243478115
mwir_std_solar_scatter,D:\HwaSimIR\HwaSim_IR\Bin\Config\Atmosphere\MODTRAN\raw\audit_mwir_standard_20260906\mwir_std_solar_scatter\MODOUT2.txt,W/(cm^2 sr cm^-1),W/(cm^2 cm^-1),W/(m^2 sr um),W/(m^2 um),value_si=value_native*1e8/(wavelength_um^2),2758.0,3.625815808556925,0.92855561,3.1527e-10,0.00239812143228,0.0,0.0,0.0,0.0,6.0341e-11,0.0004589876783240001,6.0341e-11,0.0004589876783240001,0.0,0.0,0.0,0.0,3.7561e-10,0.002857109110604
mwir_std_solar_scatter,D:\HwaSimIR\HwaSim_IR\Bin\Config\Atmosphere\MODTRAN\raw\audit_mwir_standard_20260906\mwir_std_solar_scatter\MODOUT2.txt,W/(cm^2 sr cm^-1),W/(cm^2 cm^-1),W/(m^2 sr um),W/(m^2 um),value_si=value_native*1e8/(wavelength_um^2),2759.0,3.624501631025734,0.98237365,8.9225e-11,0.0006791879272250001,0.0,0.0,0.0,0.0,6.6032e-11,0.000502640932592,6.6032e-11,0.000502640932592,0.0,0.0,0.0,0.0,1.5526e-10,0.001181828859817
mwir_std_solar_scatter,D:\HwaSimIR\HwaSim_IR\Bin\Config\Atmosphere\MODTRAN\raw\audit_mwir_standard_20260906\mwir_std_solar_scatter\MODOUT2.txt,W/(cm^2 sr cm^-1),W/(cm^2 cm^-1),W/(m^2 sr um),W/(m^2 um),value_si=value_native*1e8/(wavelength_um^2),2760.0,3.6231884057971016,0.98832321,5.4224e-11,0.0004130567424,0.0,0.0,0.0,0.0,6.6263e-11,0.0005047650288,6.6263e-11,0.0005047650288,0.0,0.0,0.0,0.0,1.2049e-10,0.0009178217712
mwir_std_solar_scatter,D:\HwaSimIR\HwaSim_IR\Bin\Config\Atmosphere\MODTRAN\raw\audit_mwir_standard_20260906\mwir_std_solar_scatter\MODOUT2.txt,W/(cm^2 sr cm^-1),W/(cm^2 cm^-1),W/(m^2 sr um),W/(m^2 um),value_si=value_native*1e8/(wavelength_um^2),2761.0,3.621876131836291,0.98429817,6.9359e-11,0.0005287320494390001,0.0,0.0,0.0,0.0,6.5998e-11,0.0005031107397580001,6.5998e-11,0.0005031107397580001,0.0,0.0,0.0,0.0,1.3536e-10,0.0010318427891970001
mwir_std_solar_scatter,D:\HwaSimIR\HwaSim_IR\Bin\Config\Atmosphere\MODTRAN\raw\audit_mwir_standard_20260906\mwir_std_solar_scatter\MODOUT2.txt,W/(cm^2 sr cm^-1),W/(cm^2 cm^-1),W/(m^2 sr um),W/(m^2 um),value_si=value_native*1e8/(wavelength_um^2),2762.0,3.620564808110065,0.9829545,8.0208e-11,0.000611878277952,0.0,0.0,0.0,0.0,6.6155e-11,0.0005046729438200001,6.6155e-11,0.0005046729438200001,0.0,0.0,0.0,0.0,1.4636e-10,0.001116551221772
mwir_std_solar_scatter,D:\HwaSimIR\HwaSim_IR\Bin\Config\Atmosphere\MODTRAN\raw\audit_mwir_standard_20260906\mwir_std_solar_scatter\MODOUT2.txt,W/(cm^2 sr cm^-1),W/(cm^2 cm^-1),W/(m^2 sr um),W/(m^2 um),value_si=value_native*1e8/(wavelength_um^2),2763.0,3.619254433586681,0.98802722,5.5911e-11,0.00042683402295900006,0.0,0.0,0.0,0.0,6.6713e-11,0.0005092983164970001,6.6713e-11,0.0005092983164970001,0.0,0.0,0.0,0.0,1.2262e-10,0.0009361323394560001
mwir_std_solar_scatter,D:\HwaSimIR\HwaSim_IR\Bin\Config\Atmosphere\MODTRAN\raw\audit_mwir_standard_20260906\mwir_std_solar_scatter\MODOUT2.txt,W/(cm^2 sr cm^-1),W/(cm^2 cm^-1),W/(m^2 sr um),W/(m^2 um),value_si=value_native*1e8/(wavelength_um^2),2764.0,3.61794500723589,0.98443669,7.8762e-11,0.000601717736352,0.0,0.0,0.0,0.0,6.6651e-11,0.000509193378096,6.6651e-11,0.000509193378096,0.0,0.0,0.0,0.0,1.4541e-10,0.0011109111144480001
mwir_std_solar_scatter,D:\HwaSimIR\HwaSim_IR\Bin\Config\Atmosphere\MODTRAN\raw\audit_mwir_standard_20260906\mwir_std_solar_scatter\MODOUT2.txt,W/(cm^2 sr cm^-1),W/(cm^2 cm^-1),W/(m^2 sr um),W/(m^2 um),value_si=value_native*1e8/(wavelength_um^2),2765.0,3.616636528028933,0.91383988,4.2624e-10,0.003258700704,0.0,0.0,0.0,0.0,6.2997e-11,0.000481626239325,6.2997e-11,0.000481626239325,0.0,0.0,0.0,0.0,4.8923e-10,0.003740326943325
mwir_std_solar_scatter,D:\HwaSimIR\HwaSim_IR\Bin\Config\Atmosphere\MODTRAN\raw\audit_mwir_standard_20260906\mwir_std_solar_scatter\MODOUT2.txt,W/(cm^2 sr cm^-1),W/(cm^2 cm^-1),W/(m^2 sr um),W/(m^2 um),value_si=value_native*1e8/(wavelength_um^2),2766.0,3.6153289949385394,0.99078172,4.5687e-11,0.000349540089372,0.0,0.0,0.0,0.0,6.7366e-11,0.0005154008286959999,6.7366e-11,0.0005154008286959999,0.0,0.0,0.0,0.0,1.1305e-10,0.0008649409180679999
mwir_std_solar_scatter,D:\HwaSimIR\HwaSim_IR\Bin\Config\Atmosphere\MODTRAN\raw\audit_mwir_standard_20260906\mwir_std_solar_scatter\MODOUT2.txt,W/(cm^2 sr cm^-1),W/(cm^2 cm^-1),W/(m^2 sr um),W/(m^2 um),value_si=value_native*1e8/(wavelength_um^2),2767.0,3.614022406938923,0.88802177,5.5357e-10,0.0042382919017300005,0.0,0.0,0.0,0.0,6.1594e-11,0.00047158146466600006,6.1594e-11,0.00047158146466600006,0.0,0.0,0.0,0.0,6.1516e-10,0.004709873366396
mwir_std_solar_scatter,D:\HwaSimIR\HwaSim_IR\Bin\Config\Atmosphere\MODTRAN\raw\audit_mwir_standard_20260906\mwir_std_solar_scatter\MODOUT2.txt,W/(cm^2 sr cm^-1),W/(cm^2 cm^-1),W/(m^2 sr um),W/(m^2 um),value_si=value_native*1e8/(wavelength_um^2),2768.0,3.61271676300578,0.95594478,2.003e-10,0.0015346633472,0.0,0.0,0.0,0.0,6.4402e-11,0.000493436789248,6.4402e-11,0.000493436789248,0.0,0.0,0.0,0.0,2.6471e-10,0.002028100136448
mwir_std_solar_scatter,D:\HwaSimIR\HwaSim_IR\Bin\Config\Atmosphere\MODTRAN\raw\audit_mwir_standard_20260906\mwir_std_solar_scatter\MODOUT2.txt,W/(cm^2 sr cm^-1),W/(cm^2 cm^-1),W/(m^2 sr um),W/(m^2 um),value_si=value_native*1e8/(wavelength_um^2),2769.0,3.6114120621162873,0.93886292,2.9768e-10,0.00228242002248,0.0,0.0,0.0,0.0,6.4192e-11,0.0004921832373120001,6.4192e-11,0.0004921832373120001,0.0,0.0,0.0,0.0,3.6187e-10,0.002774603259792
mwir_std_solar_scatter,D:\HwaSimIR\HwaSim_IR\Bin\Config\Atmosphere\MODTRAN\raw\audit_mwir_standard_20260906\mwir_std_solar_scatter\MODOUT2.txt,W/(cm^2 sr cm^-1),W/(cm^2 cm^-1),W/(m^2 sr um),W/(m^2 um),value_si=value_native*1e8/(wavelength_um^2),2770.0,3.6101083032490973,0.94198918,2.8789e-10,0.002208951181,0.0,0.0,0.0,0.0,6.4887e-11,0.0004978714623,6.4887e-11,0.0004978714623,0.0,0.0,0.0,0.0,3.5278e-10,0.0027068226433
mwir_std_solar_scatter,D:\HwaSimIR\HwaSim_IR\Bin\Config\Atmosphere\MODTRAN\raw\audit_mwir_standard_20260906\mwir_std_solar_scatter\MODOUT2.txt,W/(cm^2 sr cm^-1),W/(cm^2 cm^-1),W/(m^2 sr um),W/(m^2 um),value_si=value_native*1e8/(wavelength_um^2),2771.0,3.608805485384338,0.97851831,9.7284e-11,0.000746989454244,0.0,0.0,0.0,0.0,6.6587e-11,0.000511284350867,6.6587e-11,0.000511284350867,0.0,0.0,0.0,0.0,1.6387e-10,0.001258273805111
mwir_std_solar_scatter,D:\HwaSimIR\HwaSim_IR\Bin\Config\Atmosphere\MODTRAN\raw\audit_mwir_standard_20260906\mwir_std_solar_scatter\MODOUT2.txt,W/(cm^2 sr cm^-1),W/(cm^2 cm^-1),W/(m^2 sr um),W/(m^2 um),value_si=value_native*1e8/(wavelength_um^2),2772.0,3.6075036075036073,0.81432515,7.9724e-10,0.006125979404160001,0.0,0.0,0.0,0.0,5.3669e-11,0.00041239173729600004,5.3669e-11,0.00041239173729600004,0.0,0.0,0.0,0.0,8.5091e-10,0.006538371141456001
mwir_std_solar_scatter,D:\HwaSimIR\HwaSim_IR\Bin\Config\Atmosphere\MODTRAN\raw\audit_mwir_standard_20260906\mwir_std_solar_scatter\MODOUT2.txt,W/(cm^2 sr cm^-1),W/(cm^2 cm^-1),W/(m^2 sr um),W/(m^2 um),value_si=value_native*1e8/(wavelength_um^2),2773.0,3.6062026685899746,0.93580055,2.6552e-10,0.0020417237400800004,0.0,0.0,0.0,0.0,6.2528e-11,0.00048081086931200007,6.2528e-11,0.00048081086931200007,0.0,0.0,0.0,0.0,3.2804e-10,0.0025225346093920003
mwir_std_solar_scatter,D:\HwaSimIR\HwaSim_IR\Bin\Config\Atmosphere\MODTRAN\raw\audit_mwir_standard_20260906\mwir_std_solar_scatter\MODOUT2.txt,W/(cm^2 sr cm^-1),W/(cm^2 cm^-1),W/(m^2 sr um),W/(m^2 um),value_si=value_native*1e8/(wavelength_um^2),2774.0,3.604902667627974,0.9560163,1.7802e-10,0.0013698774295200001,0.0,0.0,0.0,0.0,6.4241e-11,0.0004943393773160001,6.4241e-11,0.0004943393773160001,0.0,0.0,0.0,0.0,2.4226e-10,0.001864216806836
mwir_std_solar_scatter,D:\HwaSimIR\HwaSim_IR\Bin\Config\Atmosphere\MODTRAN\raw\audit_mwir_standard_20260906\mwir_std_solar_scatter\MODOUT2.txt,W/(cm^2 sr cm^-1),W/(cm^2 cm^-1),W/(m^2 sr um),W/(m^2 um),value_si=value_native*1e8/(wavelength_um^2),2775.0,3.6036036036036037,0.98733145,5.4656e-11,0.00042088536,0.0,0.0,0.0,0.0,6.7691e-11,0.0005212630068749999,6.7691e-11,0.0005212630068749999,0.0,0.0,0.0,0.0,1.2235e-10,0.0009421483668749999
mwir_std_solar_scatter,D:\HwaSimIR\HwaSim_IR\Bin\Config\Atmosphere\MODTRAN\raw\audit_mwir_standard_20260906\mwir_std_solar_scatter\MODOUT2.txt,W/(cm^2 sr cm^-1),W/(cm^2 cm^-1),W/(m^2 sr um),W/(m^2 um),value_si=value_native*1e8/(wavelength_um^2),2776.0,3.602305475504323,0.98758006,5.4672e-11,0.000421312054272,0.0,0.0,0.0,0.0,6.7782e-11,0.000522340021632,6.7782e-11,0.000522340021632,0.0,0.0,0.0,0.0,1.2245e-10,0.000943652075904
mwir_std_solar_scatter,D:\HwaSimIR\HwaSim_IR\Bin\Config\Atmosphere\MODTRAN\raw\audit_mwir_standard_20260906\mwir_std_solar_scatter\MODOUT2.txt,W/(cm^2 sr cm^-1),W/(cm^2 cm^-1),W/(m^2 sr um),W/(m^2 um),value_si=value_native*1e8/(wavelength_um^2),2777.0,3.6010082823190492,0.896608,4.8708e-10,0.00375622896132,0.0,0.0,0.0,0.0,6.2884e-11,0.00048494436643600004,6.2884e-11,0.00048494436643600004,0.0,0.0,0.0,0.0,5.4996e-10,0.004241173327756
mwir_std_solar_scatter,D:\HwaSimIR\HwaSim_IR\Bin\Config\Atmosphere\MODTRAN\raw\audit_mwir_standard_20260906\mwir_std_solar_scatter\MODOUT2.txt,W/(cm^2 sr cm^-1),W/(cm^2 cm^-1),W/(m^2 sr um),W/(m^2 um),value_si=value_native*1e8/(wavelength_um^2),2778.0,3.599712023038157,0.97252154,1.2575e-10,0.000970448463,0.0,0.0,0.0,0.0,6.6907e-11,0.0005163403205880001,6.6907e-11,0.0005163403205880001,0.0,0.0,0.0,0.0,1.9266e-10,0.0014867887835880002
mwir_std_solar_scatter,D:\HwaSimIR\HwaSim_IR\Bin\Config\Atmosphere\MODTRAN\raw\audit_mwir_standard_20260906\mwir_std_solar_scatter\MODOUT2.txt,W/(cm^2 sr cm^-1),W/(cm^2 cm^-1),W/(m^2 sr um),W/(m^2 um),value_si=value_native*1e8/(wavelength_um^2),2779.0,3.5984166966534725,0.97808945,9.2729e-11,0.0007161313230890001,0.0,0.0,0.0,0.0,6.7098e-11,0.000518187185418,6.7098e-11,0.000518187185418,0.0,0.0,0.0,0.0,1.5983e-10,0.001234318508507
mwir_std_solar_scatter,D:\HwaSimIR\HwaSim_IR\Bin\Config\Atmosphere\MODTRAN\raw\audit_mwir_standard_20260906\mwir_std_solar_scatter\MODOUT2.txt,W/(cm^2 sr cm^-1),W/(cm^2 cm^-1),W/(m^2 sr um),W/(m^2 um),value_si=value_native*1e8/(wavelength_um^2),2780.0,3.597122302158273,0.89254588,5.0427e-10,0.0038972002679999998,0.0,0.0,0.0,0.0,6.3047e-11,0.0004872524348000001,6.3047e-11,0.0004872524348000001,0.0,0.0,0.0,0.0,5.6731e-10,0.0043844527028
mwir_std_solar_scatter,D:\HwaSimIR\HwaSim_IR\Bin\Config\Atmosphere\MODTRAN\raw\audit_mwir_standard_20260906\mwir_std_solar_scatter\MODOUT2.txt,W/(cm^2 sr cm^-1),W/(cm^2 cm^-1),W/(m^2 sr um),W/(m^2 um),value_si=value_native*1e8/(wavelength_um^2),2781.0,3.595828838547285,0.9710896,1.2004e-10,0.0009283846784400001,0.0,0.0,0.0,0.0,6.6737e-11,0.000516141355257,6.6737e-11,0.000516141355257,0.0,0.0,0.0,0.0,1.8678e-10,0.0014445260336970003
mwir_std_solar_scatter,D:\HwaSimIR\HwaSim_IR\Bin\Config\Atmosphere\MODTRAN\raw\audit_mwir_standard_20260906\mwir_std_solar_scatter\MODOUT2.txt,W/(cm^2 sr cm^-1),W/(cm^2 cm^-1),W/(m^2 sr um),W/(m^2 um),value_si=value_native*1e8/(wavelength_um^2),2782.0,3.5945363048166787,0.98227245,7.9408e-11,0.000614580121792,0.0,0.0,0.0,0.0,6.8144e-11,0.000527402123456,6.8144e-11,0.000527402123456,0.0,0.0,0.0,0.0,1.4755e-10,0.001141982245248
mwir_std_solar_scatter,D:\HwaSimIR\HwaSim_IR\Bin\Config\Atmosphere\MODTRAN\raw\audit_mwir_standard_20260906\mwir_std_solar_scatter\MODOUT2.txt,W/(cm^2 sr cm^-1),W/(cm^2 cm^-1),W/(m^2 sr um),W/(m^2 um),value_si=value_native*1e8/(wavelength_um^2),2783.0,3.5932446999640675,0.87226081,5.9744e-10,0.00462722597216,0.0,0.0,0.0,0.0,6.1953e-11,0.000479831498817,6.1953e-11,0.000479831498817,0.0,0.0,0.0,0.0,6.594e-10,0.0051070574709769995
mwir_std_solar_scatter,D:\HwaSimIR\HwaSim_IR\Bin\Config\Atmosphere\MODTRAN\raw\audit_mwir_standard_20260906\mwir_std_solar_scatter\MODOUT2.txt,W/(cm^2 sr cm^-1),W/(cm^2 cm^-1),W/(m^2 sr um),W/(m^2 um),value_si=value_native*1e8/(wavelength_um^2),2784.0,3.5919540229885056,0.94324625,2.3261e-10,0.00180288009216,0.0,0.0,0.0,0.0,6.4269e-11,0.0004981269104640001,6.4269e-11,0.0004981269104640001,0.0,0.0,0.0,0.0,2.9688e-10,0.0023010070026240003
mwir_std_solar_scatter,D:\HwaSimIR\HwaSim_IR\Bin\Config\Atmosphere\MODTRAN\raw\audit_mwir_standard_20260906\mwir_std_solar_scatter\MODOUT2.txt,W/(cm^2 sr cm^-1),W/(cm^2 cm^-1),W/(m^2 sr um),W/(m^2 um),value_si=value_native*1e8/(wavelength_um^2),2785.0,3.5906642728904847,0.96658313,1.4353e-10,0.00111325097425,0.0,0.0,0.0,0.0,6.6383e-11,0.000514881484175,6.6383e-11,0.000514881484175,0.0,0.0,0.0,0.0,2.0991e-10,0.001628132458425
mwir_std_solar_scatter,D:\HwaSimIR\HwaSim_IR\Bin\Config\Atmosphere\MODTRAN\raw\audit_mwir_standard_20260906\mwir_std_solar_scatter\MODOUT2.txt,W/(cm^2 sr cm^-1),W/(cm^2 cm^-1),W/(m^2 sr um),W/(m^2 um),value_si=value_native*1e8/(wavelength_um^2),2786.0,3.589375448671931,0.92085534,3.5748e-10,0.00277468683408,0.0,0.0,0.0,0.0,6.5215e-11,0.00050618552614,6.5215e-11,0.00050618552614,0.0,0.0,0.0,0.0,4.2269e-10,0.0032808723602200003
mwir_std_solar_scatter,D:\HwaSimIR\HwaSim_IR\Bin\Config\Atmosphere\MODTRAN\raw\audit_mwir_standard_20260906\mwir_std_solar_scatter\MODOUT2.txt,W/(cm^2 sr cm^-1),W/(cm^2 cm^-1),W/(m^2 sr um),W/(m^2 um),value_si=value_native*1e8/(wavelength_um^2),2787.0,3.588087549336204,0.90159327,4.4047e-10,0.00342129302343,0.0,0.0,0.0,0.0,6.4246e-11,0.000499022388774,6.4246e-11,0.000499022388774,0.0,0.0,0.0,0.0,5.0472e-10,0.003920315412204
mwir_std_solar_scatter,D:\HwaSimIR\HwaSim_IR\Bin\Config\Atmosphere\MODTRAN\raw\audit_mwir_standard_20260906\mwir_std_solar_scatter\MODOUT2.txt,W/(cm^2 sr cm^-1),W/(cm^2 cm^-1),W/(m^2 sr um),W/(m^2 um),value_si=value_native*1e8/(wavelength_um^2),2788.0,3.586800573888092,0.93357307,2.6039e-10,0.00202399688816,0.0,0.0,0.0,0.0,6.41e-11,0.0004982457104,6.41e-11,0.0004982457104,0.0,0.0,0.0,0.0,3.2449e-10,0.0025222425985600002
mwir_std_solar_scatter,D:\HwaSimIR\HwaSim_IR\Bin\Config\Atmosphere\MODTRAN\raw\audit_mwir_standard_20260906\mwir_std_solar_scatter\MODOUT2.txt,W/(cm^2 sr cm^-1),W/(cm^2 cm^-1),W/(m^2 sr um),W/(m^2 um),value_si=value_native*1e8/(wavelength_um^2),2789.0,3.5855145213338115,0.90499121,3.8196e-10,0.00297108388116,0.0,0.0,0.0,0.0,6.1888e-11,0.000481397107648,6.1888e-11,0.000481397107648,0.0,0.0,0.0,0.0,4.4385e-10,0.003452480988808
mwir_std_solar_scatter,D:\HwaSimIR\HwaSim_IR\Bin\Config\Atmosphere\MODTRAN\raw\audit_mwir_standard_20260906\mwir_std_solar_scatter\MODOUT2.txt,W/(cm^2 sr cm^-1),W/(cm^2 cm^-1),W/(m^2 sr um),W/(m^2 um),value_si=value_native*1e8/(wavelength_um^2),2790.0,3.5842293906810037,0.89708322,4.3799e-10,0.0034093579589999997,0.0,0.0,0.0,0.0,6.3469e-11,0.0004940490429,6.3469e-11,0.0004940490429,0.0,0.0,0.0,0.0,5.0146e-10,0.0039034070018999995
mwir_std_solar_scatter,D:\HwaSimIR\HwaSim_IR\Bin\Config\Atmosphere\MODTRAN\raw\audit_mwir_standard_20260906\mwir_std_solar_scatter\MODOUT2.txt,W/(cm^2 sr cm^-1),W/(cm^2 cm^-1),W/(m^2 sr um),W/(m^2 um),value_si=value_native*1e8/(wavelength_um^2),2791.0,3.5829451809387316,0.9649415,1.4418e-10,0.0011231162065800002,0.0,0.0,0.0,0.0,6.7075e-11,0.000522492853075,6.7075e-11,0.000522492853075,0.0,0.0,0.0,0.0,2.1125e-10,0.0016456090596550003
mwir_std_solar_scatter,D:\HwaSimIR\HwaSim_IR\Bin\Config\Atmosphere\MODTRAN\raw\audit_mwir_standard_20260906\mwir_std_solar_scatter\MODOUT2.txt,W/(cm^2 sr cm^-1),W/(cm^2 cm^-1),W/(m^2 sr um),W/(m^2 um),value_si=value_native*1e8/(wavelength_um^2),2792.0,3.5816618911174785,0.83693445,6.5012e-10,0.00506785703168,0.0,0.0,0.0,0.0,5.7605e-11,0.00044904618272,5.7605e-11,0.00044904618272,0.0,0.0,0.0,0.0,7.0773e-10,0.0055169032144
mwir_std_solar_scatter,D:\HwaSimIR\HwaSim_IR\Bin\Config\Atmosphere\MODTRAN\raw\audit_mwir_standard_20260906\mwir_std_solar_scatter\MODOUT2.txt,W/(cm^2 sr cm^-1),W/(cm^2 cm^-1),W/(m^2 sr um),W/(m^2 um),value_si=value_native*1e8/(wavelength_um^2),2793.0,3.5803795202291444,0.97083306,1.1241e-10,0.0008768934360900001,0.0,0.0,0.0,0.0,6.7568e-11,0.000527087765232,6.7568e-11,0.000527087765232,0.0,0.0,0.0,0.0,1.7998e-10,0.0014039812013220002
mwir_std_solar_scatter,D:\HwaSimIR\HwaSim_IR\Bin\Config\Atmosphere\MODTRAN\raw\audit_mwir_standard_20260906\mwir_std_solar_scatter\MODOUT2.txt,W/(cm^2 sr cm^-1),W/(cm^2 cm^-1),W/(m^2 sr um),W/(m^2 um),value_si=value_native*1e8/(wavelength_um^2),2794.0,3.5790980672870436,0.97158802,1.0767e-10,0.00084051896412,0.0,0.0,0.0,0.0,6.7877e-11,0.0005298774563720001,6.7877e-11,0.0005298774563720001,0.0,0.0,0.0,0.0,1.7555e-10,0.001370396420492
mwir_std_solar_scatter,D:\HwaSimIR\HwaSim_IR\Bin\Config\Atmosphere\MODTRAN\raw\audit_mwir_standard_20260906\mwir_std_solar_scatter\MODOUT2.txt,W/(cm^2 sr cm^-1),W/(cm^2 cm^-1),W/(m^2 sr um),W/(m^2 um),value_si=value_native*1e8/(wavelength_um^2),2795.0,3.5778175313059033,0.95776355,1.6145e-10,0.00126125143625,0.0,0.0,0.0,0.0,6.6269e-11,0.000517695084725,6.6269e-11,0.000517695084725,0.0,0.0,0.0,0.0,2.2772e-10,0.0017789465209750001
mwir_std_solar_scatter,D:\HwaSimIR\HwaSim_IR\Bin\Config\Atmosphere\MODTRAN\raw\audit_mwir_standard_20260906\mwir_std_solar_scatter\MODOUT2.txt,W/(cm^2 sr cm^-1),W/(cm^2 cm^-1),W/(m^2 sr um),W/(m^2 um),value_si=value_native*1e8/(wavelength_um^2),2796.0,3.57653791130186,0.91386759,3.6787e-10,0.00287586639792,0.0,0.0,0.0,0.0,6.4639e-11,0.0005053228806239999,6.4639e-11,0.0005053228806239999,0.0,0.0,0.0,0.0,4.3251e-10,0.0033811892785439997
mwir_std_solar_scatter,D:\HwaSimIR\HwaSim_IR\Bin\Config\Atmosphere\MODTRAN\raw\audit_mwir_standard_20260906\mwir_std_solar_scatter\MODOUT2.txt,W/(cm^2 sr cm^-1),W/(cm^2 cm^-1),W/(m^2 sr um),W/(m^2 um),value_si=value_native*1e8/(wavelength_um^2),2797.0,3.5752592062924564,0.89313102,4.3037e-10,0.0033668744573299996,0.0,0.0,0.0,0.0,6.2029e-11,0.00048526583106099993,6.2029e-11,0.00048526583106099993,0.0,0.0,0.0,0.0,4.924e-10,0.0038521402883909994
mwir_std_solar_scatter,D:\HwaSimIR\HwaSim_IR\Bin\Config\Atmosphere\MODTRAN\raw\audit_mwir_standard_20260906\mwir_std_solar_scatter\MODOUT2.txt,W/(cm^2 sr cm^-1),W/(cm^2 cm^-1),W/(m^2 sr um),W/(m^2 um),value_si=value_native*1e8/(wavelength_um^2),2798.0,3.5739814152966405,0.86321884,5.1778e-10,0.0040535981351200005,0.0,0.0,0.0,0.0,5.7893e-11,0.00045323294997199996,5.7893e-11,0.00045323294997199996,0.0,0.0,0.0,0.0,5.7567e-10,0.0045068310850920005
mwir_std_solar_scatter,D:\HwaSimIR\HwaSim_IR\Bin\Config\Atmosphere\MODTRAN\raw\audit_mwir_standard_20260906\mwir_std_solar_scatter\MODOUT2.txt,W/(cm^2 sr cm^-1),W/(cm^2 cm^-1),W/(m^2 sr um),W/(m^2 um),value_si=value_native*1e8/(wavelength_um^2),2799.0,3.5727045373347623,0.93485773,2.4563e-10,0.0019243639176300003,0.0,0.0,0.0,0.0,6.4558e-11,0.0005057732597580001,6.4558e-11,0.0005057732597580001,0.0,0.0,0.0,0.0,3.1019e-10,0.0024301371773880003
mwir_std_solar_scatter,D:\HwaSimIR\HwaSim_IR\Bin\Config\Atmosphere\MODTRAN\raw\audit_mwir_standard_20260906\mwir_std_solar_scatter\MODOUT2.txt,W/(cm^2 sr cm^-1),W/(cm^2 cm^-1),W/(m^2 sr um),W/(m^2 um),value_si=value_native*1e8/(wavelength_um^2),2800.0,3.5714285714285716,0.93622386,2.4424e-10,0.0019148415999999998,0.0,0.0,0.0,0.0,6.52e-11,0.000511168,6.52e-11,0.000511168,0.0,0.0,0.0,0.0,3.0944e-10,0.0024260096
mwir_std_solar_scatter,D:\HwaSimIR\HwaSim_IR\Bin\Config\Atmosphere\MODTRAN\raw\audit_mwir_standard_20260906\mwir_std_solar_scatter\MODOUT2.txt,W/(cm^2 sr cm^-1),W/(cm^2 cm^-1),W/(m^2 sr um),W/(m^2 um),value_si=value_native*1e8/(wavelength_um^2),2801.0,3.5701535166012137,0.90271729,4.0136e-10,0.0031489104173600003,0.0,0.0,0.0,0.0,6.5669e-11,0.000515212772069,6.5669e-11,0.000515212772069,0.0,0.0,0.0,0.0,4.6703e-10,0.0036641231894290003
mwir_std_solar_scatter,D:\HwaSimIR\HwaSim_IR\Bin\Config\Atmosphere\MODTRAN\raw\audit_mwir_standard_20260906\mwir_std_solar_scatter\MODOUT2.txt,W/(cm^2 sr cm^-1),W/(cm^2 cm^-1),W/(m^2 sr um),W/(m^2 um),value_si=value_native*1e8/(wavelength_um^2),2802.0,3.5688793718772307,0.91157305,3.7925e-10,0.0029775691169999998,0.0,0.0,0.0,0.0,6.6287e-11,0.0005204327595479999,6.6287e-11,0.0005204327595479999,0.0,0.0,0.0,0.0,4.4553e-10,0.0034980018765479997
mwir_std_solar_scatter,D:\HwaSimIR\HwaSim_IR\Bin\Config\Atmosphere\MODTRAN\raw\audit_mwir_standard_20260906\mwir_std_solar_scatter\MODOUT2.txt,W/(cm^2 sr cm^-1),W/(cm^2 cm^-1),W/(m^2 sr um),W/(m^2 um),value_si=value_native*1e8/(wavelength_um^2),2803.0,3.567606136282554,0.87119257,5.006e-10,0.0039331185854,0.0,0.0,0.0,0.0,6.2277e-11,0.0004892984940930001,6.2277e-11,0.0004892984940930001,0.0,0.0,0.0,0.0,5.6288e-10,0.004422417079493
mwir_std_solar_scatter,D:\HwaSimIR\HwaSim_IR\Bin\Config\Atmosphere\MODTRAN\raw\audit_mwir_standard_20260906\mwir_std_solar_scatter\MODOUT2.txt,W/(cm^2 sr cm^-1),W/(cm^2 cm^-1),W/(m^2 sr um),W/(m^2 um),value_si=value_native*1e8/(wavelength_um^2),2804.0,3.566333808844508,0.93316811,2.4216e-10,0.00190396265856,0.0,0.0,0.0,0.0,6.5395e-11,0.00051416269432,6.5395e-11,0.00051416269432,0.0,0.0,0.0,0.0,3.0756e-10,0.00241812535288
mwir_std_solar_scatter,D:\HwaSimIR\HwaSim_IR\Bin\Config\Atmosphere\MODTRAN\raw\audit_mwir_standard_20260906\mwir_std_solar_scatter\MODOUT2.txt,W/(cm^2 sr cm^-1),W/(cm^2 cm^-1),W/(m^2 sr um),W/(m^2 um),value_si=value_native*1e8/(wavelength_um^2),2805.0,3.5650623885918002,0.93042165,2.4245e-10,0.0019076026612499996,0.0,0.0,0.0,0.0,6.4817e-11,0.000509981776425,6.4817e-11,0.000509981776425,0.0,0.0,0.0,0.0,3.0726e-10,0.0024175844376749995
mwir_std_solar_scatter,D:\HwaSimIR\HwaSim_IR\Bin\Config\Atmosphere\MODTRAN\raw\audit_mwir_standard_20260906\mwir_std_solar_scatter\MODOUT2.txt,W/(cm^2 sr cm^-1),W/(cm^2 cm^-1),W/(m^2 sr um),W/(m^2 um),value_si=value_native*1e8/(wavelength_um^2),2806.0,3.563791874554526,0.97511202,9.0075e-11,0.0007092177627,0.0,0.0,0.0,0.0,7.0012e-11,0.000551249003632,7.0012e-11,0.000551249003632,0.0,0.0,0.0,0.0,1.6009e-10,0.001260466766332
mwir_std_solar_scatter,D:\HwaSimIR\HwaSim_IR\Bin\Config\Atmosphere\MODTRAN\raw\audit_mwir_standard_20260906\mwir_std_solar_scatter\MODOUT2.txt,W/(cm^2 sr cm^-1),W/(cm^2 cm^-1),W/(m^2 sr um),W/(m^2 um),value_si=value_native*1e8/(wavelength_um^2),2807.0,3.562522265764161,0.98709553,5.1482e-11,0.000405639497018,0.0,0.0,0.0,0.0,7.1522e-11,0.0005635396469780002,7.1522e-11,0.0005635396469780002,0.0,0.0,0.0,0.0,1.23e-10,0.0009691791439960002
mwir_std_solar_scatter,D:\HwaSimIR\HwaSim_IR\Bin\Config\Atmosphere\MODTRAN\raw\audit_mwir_standard_20260906\mwir_std_solar_scatter\MODOUT2.txt,W/(cm^2 sr cm^-1),W/(cm^2 cm^-1),W/(m^2 sr um),W/(m^2 um),value_si=value_native*1e8/(wavelength_um^2),2808.0,3.561253561253561,0.98692268,4.9234e-11,0.00038820339417600005,0.0,0.0,0.0,0.0,7.1434e-11,0.000563247374976,7.1434e-11,0.000563247374976,0.0,0.0,0.0,0.0,1.2067e-10,0.0009514507691520001
mwir_std_solar_scatter,D:\HwaSimIR\HwaSim_IR\Bin\Config\Atmosphere\MODTRAN\raw\audit_mwir_standard_20260906\mwir_std_solar_scatter\MODOUT2.txt,W/(cm^2 sr cm^-1),W/(cm^2 cm^-1),W/(m^2 sr um),W/(m^2 um),value_si=value_native*1e8/(wavelength_um^2),2809.0,3.5599857600569598,0.89021164,4.1742e-10,0.0032936445790200004,0.0,0.0,0.0,0.0,6.3468e-11,0.000500793048108,6.3468e-11,0.000500793048108,0.0,0.0,0.0,0.0,4.8089e-10,0.0037944376271280005
mwir_std_solar_scatter,D:\HwaSimIR\HwaSim_IR\Bin\Config\Atmosphere\MODTRAN\raw\audit_mwir_standard_20260906\mwir_std_solar_scatter\MODOUT2.txt,W/(cm^2 sr cm^-1),W/(cm^2 cm^-1),W/(m^2 sr um),W/(m^2 um),value_si=value_native*1e8/(wavelength_um^2),2810.0,3.5587188612099645,0.97563875,9.1826e-11,0.0007250672785999999,0.0,0.0,0.0,0.0,7.0351e-11,0.0005554985311,7.0351e-11,0.0005554985311,0.0,0.0,0.0,0.0,1.6218e-10,0.0012805658096999998
mwir_std_solar_scatter,D:\HwaSimIR\HwaSim_IR\Bin\Config\Atmosphere\MODTRAN\raw\audit_mwir_standard_20260906\mwir_std_solar_scatter\MODOUT2.txt,W/(cm^2 sr cm^-1),W/(cm^2 cm^-1),W/(m^2 sr um),W/(m^2 um),value_si=value_native*1e8/(wavelength_um^2),2811.0,3.5574528637495555,0.93836713,2.5215e-10,0.00199241895015,0.0,0.0,0.0,0.0,6.8455e-11,0.000540912311055,6.8455e-11,0.000540912311055,0.0,0.0,0.0,0.0,3.206e-10,0.002533331261205
mwir_std_solar_scatter,D:\HwaSimIR\HwaSim_IR\Bin\Config\Atmosphere\MODTRAN\raw\audit_mwir_standard_20260906\mwir_std_solar_scatter\MODOUT2.txt,W/(cm^2 sr cm^-1),W/(cm^2 cm^-1),W/(m^2 sr um),W/(m^2 um),value_si=value_native*1e8/(wavelength_um^2),2812.0,3.5561877667140824,0.97089773,1.1364e-10,0.00089859057216,0.0,0.0,0.0,0.0,7.0568e-11,0.000558005451392,7.0568e-11,0.000558005451392,0.0,0.0,0.0,0.0,1.8421e-10,0.001456596023552
mwir_std_solar_scatter,D:\HwaSimIR\HwaSim_IR\Bin\Config\Atmosphere\MODTRAN\raw\audit_mwir_standard_20260906\mwir_std_solar_scatter\MODOUT2.txt,W/(cm^2 sr cm^-1),W/(cm^2 cm^-1),W/(m^2 sr um),W/(m^2 um),value_si=value_native*1e8/(wavelength_um^2),2813.0,3.5549235691432632,0.87855506,4.7728e-10,0.003776701844320001,0.0,0.0,0.0,0.0,6.4313e-11,0.0005089067752969999,6.4313e-11,0.0005089067752969999,0.0,0.0,0.0,0.0,5.416e-10,0.004285608619617001
mwir_std_solar_scatter,D:\HwaSimIR\HwaSim_IR\Bin\Config\Atmosphere\MODTRAN\raw\audit_mwir_standard_20260906\mwir_std_solar_scatter\MODOUT2.txt,W/(cm^2 sr cm^-1),W/(cm^2 cm^-1),W/(m^2 sr um),W/(m^2 um),value_si=value_native*1e8/(wavelength_um^2),2814.0,3.5536602700781805,0.90253055,3.6928e-10,0.0029241791308800003,0.0,0.0,0.0,0.0,6.5442e-11,0.0005182087594320001,6.5442e-11,0.0005182087594320001,0.0,0.0,0.0,0.0,4.3472e-10,0.003442387890312
mwir_std_solar_scatter,D:\HwaSimIR\HwaSim_IR\Bin\Config\Atmosphere\MODTRAN\raw\audit_mwir_standard_20260906\mwir_std_solar_scatter\MODOUT2.txt,W/(cm^2 sr cm^-1),W/(cm^2 cm^-1),W/(m^2 sr um),W/(m^2 um),value_si=value_native*1e8/(wavelength_um^2),2815.0,3.552397868561279,0.91973871,3.239e-10,0.0025666564775,0.0,0.0,0.0,0.0,6.8369e-11,0.0005417713390249999,6.8369e-11,0.0005417713390249999,0.0,0.0,0.0,0.0,3.9227e-10,0.003108427816525
mwir_std_solar_scatter,D:\HwaSimIR\HwaSim_IR\Bin\Config\Atmosphere\MODTRAN\raw\audit_mwir_standard_20260906\mwir_std_solar_scatter\MODOUT2.txt,W/(cm^2 sr cm^-1),W/(cm^2 cm^-1),W/(m^2 sr um),W/(m^2 um),value_si=value_native*1e8/(wavelength_um^2),2816.0,3.5511363636363638,0.97067624,1.0791e-10,0.00085571076096,0.0,0.0,0.0,0.0,7.1106e-11,0.000563860340736,7.1106e-11,0.000563860340736,0.0,0.0,0.0,0.0,1.7901e-10,0.0014195711016959998
mwir_std_solar_scatter,D:\HwaSimIR\HwaSim_IR\Bin\Config\Atmosphere\MODTRAN\raw\audit_mwir_standard_20260906\mwir_std_solar_scatter\MODOUT2.txt,W/(cm^2 sr cm^-1),W/(cm^2 cm^-1),W/(m^2 sr um),W/(m^2 um),value_si=value_native*1e8/(wavelength_um^2),2817.0,3.549875754348598,0.91877067,3.0848e-10,0.0024479396467199997,0.0,0.0,0.0,0.0,6.7578e-11,0.0005362644756419999,6.7578e-11,0.0005362644756419999,0.0,0.0,0.0,0.0,3.7606e-10,0.0029842041223619997
mwir_std_solar_scatter,D:\HwaSimIR\HwaSim_IR\Bin\Config\Atmosphere\MODTRAN\raw\audit_mwir_standard_20260906\mwir_std_solar_scatter\MODOUT2.txt,W/(cm^2 sr cm^-1),W/(cm^2 cm^-1),W/(m^2 sr um),W/(m^2 um),value_si=value_native*1e8/(wavelength_um^2),2818.0,3.5486160397444997,0.98363638,5.8594e-11,0.00046530221965599994,0.0,0.0,0.0,0.0,7.2493e-11,0.000575675902132,7.2493e-11,0.000575675902132,0.0,0.0,0.0,0.0,1.3109e-10,0.001040978121788
mwir_std_solar_scatter,D:\HwaSimIR\HwaSim_IR\Bin\Config\Atmosphere\MODTRAN\raw\audit_mwir_standard_20260906\mwir_std_solar_scatter\MODOUT2.txt,W/(cm^2 sr cm^-1),W/(cm^2 cm^-1),W/(m^2 sr um),W/(m^2 um),value_si=value_native*1e8/(wavelength_um^2),2819.0,3.5473572188719404,0.88168532,4.0853e-10,0.00324649027133,0.0,0.0,0.0,0.0,6.478e-11,0.00051479117758,6.478e-11,0.00051479117758,0.0,0.0,0.0,0.0,4.7331e-10,0.00376128144891
mwir_std_solar_scatter,D:\HwaSimIR\HwaSim_IR\Bin\Config\Atmosphere\MODTRAN\raw\audit_mwir_standard_20260906\mwir_std_solar_scatter\MODOUT2.txt,W/(cm^2 sr cm^-1),W/(cm^2 cm^-1),W/(m^2 sr um),W/(m^2 um),value_si=value_native*1e8/(wavelength_um^2),2820.0,3.5460992907801416,0.946073,1.8335e-10,0.0014580725400000002,0.0,0.0,0.0,0.0,6.8469e-11,0.0005444928756000001,6.8469e-11,0.0005444928756000001,0.0,0.0,0.0,0.0,2.5182e-10,0.0020025654156
mwir_std_solar_scatter,D:\HwaSimIR\HwaSim_IR\Bin\Config\Atmosphere\MODTRAN\raw\audit_mwir_standard_20260906\mwir_std_solar_scatter\MODOUT2.txt,W/(cm^2 sr cm^-1),W/(cm^2 cm^-1),W/(m^2 sr um),W/(m^2 um),value_si=value_native*1e8/(wavelength_um^2),2821.0,3.544842254519674,0.92876703,2.4273e-10,0.00193165529193,0.0,0.0,0.0,0.0,6.7758e-11,0.000539220942078,6.7758e-11,0.000539220942078,0.0,0.0,0.0,0.0,3.1049e-10,0.002470876234008
mwir_std_solar_scatter,D:\HwaSimIR\HwaSim_IR\Bin\Config\Atmosphere\MODTRAN\raw\audit_mwir_standard_20260906\mwir_std_solar_scatter\MODOUT2.txt,W/(cm^2 sr cm^-1),W/(cm^2 cm^-1),W/(m^2 sr um),W/(m^2 um),value_si=value_native*1e8/(wavelength_um^2),2822.0,3.5435861091424523,0.88743764,4.0434e-10,0.00322003598856,0.0,0.0,0.0,0.0,6.5015e-11,0.00051775891526,6.5015e-11,0.00051775891526,0.0,0.0,0.0,0.0,4.6935e-10,0.0037377949038199998
mwir_std_solar_scatter,D:\HwaSimIR\HwaSim_IR\Bin\Config\Atmosphere\MODTRAN\raw\audit_mwir_standard_20260906\mwir_std_solar_scatter\MODOUT2.txt,W/(cm^2 sr cm^-1),W/(cm^2 cm^-1),W/(m^2 sr um),W/(m^2 um),value_si=value_native*1e8/(wavelength_um^2),2823.0,3.5423308537017357,0.89708328,3.3349e-10,0.0026576915282100003,0.0,0.0,0.0,0.0,6.4347e-11,0.000512802413163,6.4347e-11,0.000512802413163,0.0,0.0,0.0,0.0,3.9784e-10,0.0031704939413730003
mwir_std_solar_scatter,D:\HwaSimIR\HwaSim_IR\Bin\Config\Atmosphere\MODTRAN\raw\audit_mwir_standard_20260906\mwir_std_solar_scatter\MODOUT2.txt,W/(cm^2 sr cm^-1),W/(cm^2 cm^-1),W/(m^2 sr um),W/(m^2 um),value_si=value_native*1e8/(wavelength_um^2),2824.0,3.5410764872521248,0.87565863,4.4054e-10,0.00351329592704,0.0,0.0,0.0,0.0,6.3601e-11,0.000507216448576,6.3601e-11,0.000507216448576,0.0,0.0,0.0,0.0,5.0414e-10,0.004020512375616
mwir_std_solar_scatter,D:\HwaSimIR\HwaSim_IR\Bin\Config\Atmosphere\MODTRAN\raw\audit_mwir_standard_20260906\mwir_std_solar_scatter\MODOUT2.txt,W/(cm^2 sr cm^-1),W/(cm^2 cm^-1),W/(m^2 sr um),W/(m^2 um),value_si=value_native*1e8/(wavelength_um^2),2825.0,3.5398230088495577,0.87356955,4.3733e-10,0.0034901667312499996,0.0,0.0,0.0,0.0,6.3533e-11,0.0005070330481249999,6.3533e-11,0.0005070330481249999,0.0,0.0,0.0,0.0,5.0087e-10,0.003997199779374999
mwir_std_solar_scatter,D:\HwaSimIR\HwaSim_IR\Bin\Config\Atmosphere\MODTRAN\raw\audit_mwir_standard_20260906\mwir_std_solar_scatter\MODOUT2.txt,W/(cm^2 sr cm^-1),W/(cm^2 cm^-1),W/(m^2 sr um),W/(m^2 um),value_si=value_native*1e8/(wavelength_um^2),2826.0,3.538570417551309,0.9196189,2.452e-10,0.0019582348752000002,0.0,0.0,0.0,0.0,6.6674e-11,0.000532476966024,6.6674e-11,0.000532476966024,0.0,0.0,0.0,0.0,3.1187e-10,0.0024907118412240002
mwir_std_solar_scatter,D:\HwaSimIR\HwaSim_IR\Bin\Config\Atmosphere\MODTRAN\raw\audit_mwir_standard_20260906\mwir_std_solar_scatter\MODOUT2.txt,W/(cm^2 sr cm^-1),W/(cm^2 cm^-1),W/(m^2 sr um),W/(m^2 um),value_si=value_native*1e8/(wavelength_um^2),2827.0,3.537318712415989,0.95556366,1.7422e-10,0.0013923538703799999,0.0,0.0,0.0,0.0,7.1969e-11,0.000575171138201,7.1969e-11,0.000575171138201,0.0,0.0,0.0,0.0,2.4619e-10,0.001967525008581
mwir_std_solar_scatter,D:\HwaSimIR\HwaSim_IR\Bin\Config\Atmosphere\MODTRAN\raw\audit_mwir_standard_20260906\mwir_std_solar_scatter\MODOUT2.txt,W/(cm^2 sr cm^-1),W/(cm^2 cm^-1),W/(m^2 sr um),W/(m^2 um),value_si=value_native*1e8/(wavelength_um^2),2828.0,3.536067892503536,0.82317734,5.6459e-10,0.00451535595056,0.0,0.0,0.0,0.0,5.8365e-11,0.00046677899016,5.8365e-11,0.00046677899016,0.0,0.0,0.0,0.0,6.2295e-10,0.00498213494072
mwir_std_solar_scatter,D:\HwaSimIR\HwaSim_IR\Bin\Config\Atmosphere\MODTRAN\raw\audit_mwir_standard_20260906\mwir_std_solar_scatter\MODOUT2.txt,W/(cm^2 sr cm^-1),W/(cm^2 cm^-1),W/(m^2 sr um),W/(m^2 um),value_si=value_native*1e8/(wavelength_um^2),2829.0,3.5348179568752207,0.93798882,1.8963e-10,0.0015176545908300004,0.0,0.0,0.0,0.0,6.9694e-11,0.0005577778782540002,6.9694e-11,0.0005577778782540002,0.0,0.0,0.0,0.0,2.5932e-10,0.0020754324690840007
mwir_std_solar_scatter,D:\HwaSimIR\HwaSim_IR\Bin\Config\Atmosphere\MODTRAN\raw\audit_mwir_standard_20260906\mwir_std_solar_scatter\MODOUT2.txt,W/(cm^2 sr cm^-1),W/(cm^2 cm^-1),W/(m^2 sr um),W/(m^2 um),value_si=value_native*1e8/(wavelength_um^2),2830.0,3.5335689045936394,0.90705776,3.2564e-10,0.0026080181960000002,0.0,0.0,0.0,0.0,6.7212e-11,0.0005382941868000001,6.7212e-11,0.0005382941868000001,0.0,0.0,0.0,0.0,3.9285e-10,0.0031463123828
mwir_std_solar_scatter,D:\HwaSimIR\HwaSim_IR\Bin\Config\Atmosphere\MODTRAN\raw\audit_mwir_standard_20260906\mwir_std_solar_scatter\MODOUT2.txt,W/(cm^2 sr cm^-1),W/(cm^2 cm^-1),W/(m^2 sr um),W/(m^2 um),value_si=value_native*1e8/(wavelength_um^2),2831.0,3.532320734722713,0.97015321,9.8788e-11,0.000791742452068,0.0,0.0,0.0,0.0,7.2303e-11,0.0005794768039830001,7.2303e-11,0.0005794768039830001,0.0,0.0,0.0,0.0,1.7109e-10,0.0013712192560510002
mwir_std_solar_scatter,D:\HwaSimIR\HwaSim_IR\Bin\Config\Atmosphere\MODTRAN\raw\audit_mwir_standard_20260906\mwir_std_solar_scatter\MODOUT2.txt,W/(cm^2 sr cm^-1),W/(cm^2 cm^-1),W/(m^2 sr um),W/(m^2 um),value_si=value_native*1e8/(wavelength_um^2),2832.0,3.531073446327684,0.9312157,2.3498e-10,0.00188459223552,0.0,0.0,0.0,0.0,6.9405e-11,0.00055664364672,6.9405e-11,0.00055664364672,0.0,0.0,0.0,0.0,3.0439e-10,0.00244123588224
mwir_std_solar_scatter,D:\HwaSimIR\HwaSim_IR\Bin\Config\Atmosphere\MODTRAN\raw\audit_mwir_standard_20260906\mwir_std_solar_scatter\MODOUT2.txt,W/(cm^2 sr cm^-1),W/(cm^2 cm^-1),W/(m^2 sr um),W/(m^2 um),value_si=value_native*1e8/(wavelength_um^2),2833.0,3.5298270384751147,0.98570538,5.35e-11,0.00042938506150000004,0.0,0.0,0.0,0.0,7.4757e-11,0.0005999913839729999,7.4757e-11,0.0005999913839729999,0.0,0.0,0.0,0.0,1.2826e-10,0.0010293764454729999
mwir_std_solar_scatter,D:\HwaSimIR\HwaSim_IR\Bin\Config\Atmosphere\MODTRAN\raw\audit_mwir_standard_20260906\mwir_std_solar_scatter\MODOUT2.txt,W/(cm^2 sr cm^-1),W/(cm^2 cm^-1),W/(m^2 sr um),W/(m^2 um),value_si=value_native*1e8/(wavelength_um^2),2834.0,3.5285815102328866,0.95010287,1.7685e-10,0.0014203806785999997,0.0,0.0,0.0,0.0,7.1662e-11,0.000575557366072,7.1662e-11,0.000575557366072,0.0,0.0,0.0,0.0,2.4852e-10,0.0019959380446719997
mwir_std_solar_scatter,D:\HwaSimIR\HwaSim_IR\Bin\Config\Atmosphere\MODTRAN\raw\audit_mwir_standard_20260906\mwir_std_solar_scatter\MODOUT2.txt,W/(cm^2 sr cm^-1),W/(cm^2 cm^-1),W/(m^2 sr um),W/(m^2 um),value_si=value_native*1e8/(wavelength_um^2),2835.0,3.527336860670194,0.90899843,3.0952e-10,0.002487681882,0.0,0.0,0.0,0.0,6.773e-11,0.00054436124925,6.773e-11,0.00054436124925,0.0,0.0,0.0,0.0,3.7725e-10,0.0030320431312500003
mwir_std_solar_scatter,D:\HwaSimIR\HwaSim_IR\Bin\Config\Atmosphere\MODTRAN\raw\audit_mwir_standard_20260906\mwir_std_solar_scatter\MODOUT2.txt,W/(cm^2 sr cm^-1),W/(cm^2 cm^-1),W/(m^2 sr um),W/(m^2 um),value_si=value_native*1e8/(wavelength_um^2),2836.0,3.5260930888575457,0.97467399,8.3713e-11,0.0006732949528480001,0.0,0.0,0.0,0.0,7.3434e-11,0.000590622024864,7.3434e-11,0.000590622024864,0.0,0.0,0.0,0.0,1.5715e-10,0.0012639169777120002
mwir_std_solar_scatter,D:\HwaSimIR\HwaSim_IR\Bin\Config\Atmosphere\MODTRAN\raw\audit_mwir_standard_20260906\mwir_std_solar_scatter\MODOUT2.txt,W/(cm^2 sr cm^-1),W/(cm^2 cm^-1),W/(m^2 sr um),W/(m^2 um),value_si=value_native*1e8/(wavelength_um^2),2837.0,3.5248501938667607,0.99116063,3.0133e-11,0.00024252752967699996,0.0,0.0,0.0,0.0,7.5327e-11,0.000606274557063,7.5327e-11,0.000606274557063,0.0,0.0,0.0,0.0,1.0546e-10,0.0008488020867399999
mwir_std_solar_scatter,D:\HwaSimIR\HwaSim_IR\Bin\Config\Atmosphere\MODTRAN\raw\audit_mwir_standard_20260906\mwir_std_solar_scatter\MODOUT2.txt,W/(cm^2 sr cm^-1),W/(cm^2 cm^-1),W/(m^2 sr um),W/(m^2 um),value_si=value_native*1e8/(wavelength_um^2),2838.0,3.5236081747709656,0.9419021,2.2012e-10,0.0017729001892799999,0.0,0.0,0.0,0.0,7.2676e-11,0.000585350236944,7.2676e-11,0.000585350236944,0.0,0.0,0.0,0.0,2.928e-10,0.0023582504262239998
mwir_std_solar_scatter,D:\HwaSimIR\HwaSim_IR\Bin\Config\Atmosphere\MODTRAN\raw\audit_mwir_standard_20260906\mwir_std_solar_scatter\MODOUT2.txt,W/(cm^2 sr cm^-1),W/(cm^2 cm^-1),W/(m^2 sr um),W/(m^2 um),value_si=value_native*1e8/(wavelength_um^2),2839.0,3.522367030644593,0.99163479,3.0603e-11,0.000246657762363,0.0,0.0,0.0,0.0,7.5714e-11,0.000610248858594,7.5714e-11,0.000610248858594,0.0,0.0,0.0,0.0,1.0632e-10,0.000856906620957
mwir_std_solar_scatter,D:\HwaSimIR\HwaSim_IR\Bin\Config\Atmosphere\MODTRAN\raw\audit_mwir_standard_20260906\mwir_std_solar_scatter\MODOUT2.txt,W/(cm^2 sr cm^-1),W/(cm^2 cm^-1),W/(m^2 sr um),W/(m^2 um),value_si=value_native*1e8/(wavelength_um^2),2840.0,3.5211267605633805,0.96608067,1.1206e-10,0.000903831136,0.0,0.0,0.0,0.0,7.3225e-11,0.0005906035599999999,7.3225e-11,0.0005906035599999999,0.0,0.0,0.0,0.0,1.8529e-10,0.001494434696
mwir_std_solar_scatter,D:\HwaSimIR\HwaSim_IR\Bin\Config\Atmosphere\MODTRAN\raw\audit_mwir_standard_20260906\mwir_std_solar_scatter\MODOUT2.txt,W/(cm^2 sr cm^-1),W/(cm^2 cm^-1),W/(m^2 sr um),W/(m^2 um),value_si=value_native*1e8/(wavelength_um^2),2841.0,3.5198873636043646,0.97054762,1.026e-10,0.0008281134306,0.0,0.0,0.0,0.0,7.4306e-11,0.000599744605986,7.4306e-11,0.000599744605986,0.0,0.0,0.0,0.0,1.7691e-10,0.001427858036586
mwir_std_solar_scatter,D:\HwaSimIR\HwaSim_IR\Bin\Config\Atmosphere\MODTRAN\raw\audit_mwir_standard_20260906\mwir_std_solar_scatter\MODOUT2.txt,W/(cm^2 sr cm^-1),W/(cm^2 cm^-1),W/(m^2 sr um),W/(m^2 um),value_si=value_native*1e8/(wavelength_um^2),2842.0,3.518648838845883,0.97513205,8.9797e-11,0.000725287136308,0.0,0.0,0.0,0.0,7.5085e-11,0.00060645884194,7.5085e-11,0.00060645884194,0.0,0.0,0.0,0.0,1.6488e-10,0.001331745978248
mwir_std_solar_scatter,D:\HwaSimIR\HwaSim_IR\Bin\Config\Atmosphere\MODTRAN\raw\audit_mwir_standard_20260906\mwir_std_solar_scatter\MODOUT2.txt,W/(cm^2 sr cm^-1),W/(cm^2 cm^-1),W/(m^2 sr um),W/(m^2 um),value_si=value_native*1e8/(wavelength_um^2),2843.0,3.5174111853675694,0.9716751,1.0151e-10,0.0008204696999899999,0.0,0.0,0.0,0.0,7.4892e-11,0.000605325748908,7.4892e-11,0.000605325748908,0.0,0.0,0.0,0.0,1.764e-10,0.001425795448898
mwir_std_solar_scatter,D:\HwaSimIR\HwaSim_IR\Bin\Config\Atmosphere\MODTRAN\raw\audit_mwir_standard_20260906\mwir_std_solar_scatter\MODOUT2.txt,W/(cm^2 sr cm^-1),W/(cm^2 cm^-1),W/(m^2 sr um),W/(m^2 um),value_si=value_native*1e8/(wavelength_um^2),2844.0,3.5161744022503516,0.97124738,1.0733e-10,0.0008681211028800001,0.0,0.0,0.0,0.0,7.5261e-11,0.000608736255696,7.5261e-11,0.000608736255696,0.0,0.0,0.0,0.0,1.8259e-10,0.001476857358576
mwir_std_solar_scatter,D:\HwaSimIR\HwaSim_IR\Bin\Config\Atmosphere\MODTRAN\raw\audit_mwir_standard_20260906\mwir_std_solar_scatter\MODOUT2.txt,W/(cm^2 sr cm^-1),W/(cm^2 cm^-1),W/(m^2 sr um),W/(m^2 um),value_si=value_native*1e8/(wavelength_um^2),2845.0,3.51493848857645,0.95278955,1.6821e-10,0.0013614959452500001,0.0,0.0,0.0,0.0,7.3685e-11,0.0005964082321250001,7.3685e-11,0.0005964082321250001,0.0,0.0,0.0,0.0,2.4189e-10,0.001957904177375
mwir_std_solar_scatter,D:\HwaSimIR\HwaSim_IR\Bin\Config\Atmosphere\MODTRAN\raw\audit_mwir_standard_20260906\mwir_std_solar_scatter\MODOUT2.txt,W/(cm^2 sr cm^-1),W/(cm^2 cm^-1),W/(m^2 sr um),W/(m^2 um),value_si=value_native*1e8/(wavelength_um^2),2846.0,3.5137034434293746,0.97157401,1.0336e-10,0.00083718664576,0.0,0.0,0.0,0.0,7.5336e-11,0.000610200204576,7.5336e-11,0.000610200204576,0.0,0.0,0.0,0.0,1.7869e-10,0.0014473868503360001
mwir_std_solar_scatter,D:\HwaSimIR\HwaSim_IR\Bin\Config\Atmosphere\MODTRAN\raw\audit_mwir_standard_20260906\mwir_std_solar_scatter\MODOUT2.txt,W/(cm^2 sr cm^-1),W/(cm^2 cm^-1),W/(m^2 sr um),W/(m^2 um),value_si=value_native*1e8/(wavelength_um^2),2847.0,3.5124692658939236,0.98533684,4.9679e-11,0.000402668613711,0.0,0.0,0.0,0.0,7.6209e-11,0.0006177051144810001,7.6209e-11,0.0006177051144810001,0.0,0.0,0.0,0.0,1.2589e-10,0.001020373728192
mwir_std_solar_scatter,D:\HwaSimIR\HwaSim_IR\Bin\Config\Atmosphere\MODTRAN\raw\audit_mwir_standard_20260906\mwir_std_solar_scatter\MODOUT2.txt,W/(cm^2 sr cm^-1),W/(cm^2 cm^-1),W/(m^2 sr um),W/(m^2 um),value_si=value_native*1e8/(wavelength_um^2),2848.0,3.5112359550561796,0.92750406,2.0309e-10,0.0016472841113600002,0.0,0.0,0.0,0.0,7.0155e-11,0.00056903450112,7.0155e-11,0.00056903450112,0.0,0.0,0.0,0.0,2.7325e-10,0.00221631861248
mwir_std_solar_scatter,D:\HwaSimIR\HwaSim_IR\Bin\Config\Atmosphere\MODTRAN\raw\audit_mwir_standard_20260906\mwir_std_solar_scatter\MODOUT2.txt,W/(cm^2 sr cm^-1),W/(cm^2 cm^-1),W/(m^2 sr um),W/(m^2 um),value_si=value_native*1e8/(wavelength_um^2),2849.0,3.51000351000351,0.96276593,1.207e-10,0.0009796978807000002,0.0,0.0,0.0,0.0,7.4128e-11,0.0006016822245280001,7.4128e-11,0.0006016822245280001,0.0,0.0,0.0,0.0,1.9483e-10,0.0015813801052280002
mwir_std_solar_scatter,D:\HwaSimIR\HwaSim_IR\Bin\Config\Atmosphere\MODTRAN\raw\audit_mwir_standard_20260906\mwir_std_solar_scatter\MODOUT2.txt,W/(cm^2 sr cm^-1),W/(cm^2 cm^-1),W/(m^2 sr um),W/(m^2 um),value_si=value_native*1e8/(wavelength_um^2),2850.0,3.508771929824561,0.98839754,4.1453e-11,0.00033670199250000006,0.0,0.0,0.0,0.0,7.701e-11,0.0006255137250000001,7.701e-11,0.0006255137250000001,0.0,0.0,0.0,0.0,1.1846e-10,0.0009622157175000002
mwir_std_solar_scatter,D:\HwaSimIR\HwaSim_IR\Bin\Config\Atmosphere\MODTRAN\raw\audit_mwir_standard_20260906\mwir_std_solar_scatter\MODOUT2.txt,W/(cm^2 sr cm^-1),W/(cm^2 cm^-1),W/(m^2 sr um),W/(m^2 um),value_si=value_native*1e8/(wavelength_um^2),2851.0,3.50754121360926,0.97001982,1.0191e-10,0.0008283449639100001,0.0,0.0,0.0,0.0,7.5543e-11,0.0006140286881430001,7.5543e-11,0.0006140286881430001,0.0,0.0,0.0,0.0,1.7746e-10,0.0014423736520530002
mwir_std_solar_scatter,D:\HwaSimIR\HwaSim_IR\Bin\Config\Atmosphere\MODTRAN\raw\audit_mwir_standard_20260906\mwir_std_solar_scatter\MODOUT2.txt,W/(cm^2 sr cm^-1),W/(cm^2 cm^-1),W/(m^2 sr um),W/(m^2 um),value_si=value_native*1e8/(wavelength_um^2),2852.0,3.506311360448808,0.98038042,6.3707e-11,0.0005181866221280001,0.0,0.0,0.0,0.0,7.645e-11,0.0006218369608000001,7.645e-11,0.0006218369608000001,0.0,0.0,0.0,0.0,1.4016e-10,0.0011400235829280001
mwir_std_solar_scatter,D:\HwaSimIR\HwaSim_IR\Bin\Config\Atmosphere\MODTRAN\raw\audit_mwir_standard_20260906\mwir_std_solar_scatter\MODOUT2.txt,W/(cm^2 sr cm^-1),W/(cm^2 cm^-1),W/(m^2 sr um),W/(m^2 um),value_si=value_native*1e8/(wavelength_um^2),2853.0,3.505082369435682,0.9835701,5.2408e-11,0.00042658062847199994,0.0,0.0,0.0,0.0,7.6825e-11,0.000625325461425,7.6825e-11,0.000625325461425,0.0,0.0,0.0,0.0,1.2923e-10,0.001051906089897
mwir_std_solar_scatter,D:\HwaSimIR\HwaSim_IR\Bin\Config\Atmosphere\MODTRAN\raw\audit_mwir_standard_20260906\mwir_std_solar_scatter\MODOUT2.txt,W/(cm^2 sr cm^-1),W/(cm^2 cm^-1),W/(m^2 sr um),W/(m^2 um),value_si=value_native*1e8/(wavelength_um^2),2854.0,3.50385423966363,0.90397424,2.7446e-10,0.0022355634293600006,0.0,0.0,0.0,0.0,6.7929e-11,0.000553303170564,6.7929e-11,0.000553303170564,0.0,0.0,0.0,0.0,3.4239e-10,0.0027888665999240003
mwir_std_solar_scatter,D:\HwaSimIR\HwaSim_IR\Bin\Config\Atmosphere\MODTRAN\raw\audit_mwir_standard_20260906\mwir_std_solar_scatter\MODOUT2.txt,W/(cm^2 sr cm^-1),W/(cm^2 cm^-1),W/(m^2 sr um),W/(m^2 um),value_si=value_native*1e8/(wavelength_um^2),2855.0,3.502626970227671,0.94223261,1.8683e-10,0.0015228560007499998,0.0,0.0,0.0,0.0,7.3661e-11,0.000600412652525,7.3661e-11,0.000600412652525,0.0,0.0,0.0,0.0,2.6049e-10,0.002123268653275
mwir_std_solar_scatter,D:\HwaSimIR\HwaSim_IR\Bin\Config\Atmosphere\MODTRAN\raw\audit_mwir_standard_20260906\mwir_std_solar_scatter\MODOUT2.txt,W/(cm^2 sr cm^-1),W/(cm^2 cm^-1),W/(m^2 sr um),W/(m^2 um),value_si=value_native*1e8/(wavelength_um^2),2856.0,3.5014005602240896,0.97779697,7.6549e-11,0.000624389984064,0.0,0.0,0.0,0.0,7.6921e-11,0.000627424289856,7.6921e-11,0.000627424289856,0.0,0.0,0.0,0.0,1.5347e-10,0.00125181427392
mwir_std_solar_scatter,D:\HwaSimIR\HwaSim_IR\Bin\Config\Atmosphere\MODTRAN\raw\audit_mwir_standard_20260906\mwir_std_solar_scatter\MODOUT2.txt,W/(cm^2 sr cm^-1),W/(cm^2 cm^-1),W/(m^2 sr um),W/(m^2 um),value_si=value_native*1e8/(wavelength_um^2),2857.0,3.5001750087504373,0.94969523,1.4092e-10,0.0011502523130800001,0.0,0.0,0.0,0.0,7.2822e-11,0.0005944058610780001,7.2822e-11,0.0005944058610780001,0.0,0.0,0.0,0.0,2.1374e-10,0.0017446581741580001
mwir_std_solar_scatter,D:\HwaSimIR\HwaSim_IR\Bin\Config\Atmosphere\MODTRAN\raw\audit_mwir_standard_20260906\mwir_std_solar_scatter\MODOUT2.txt,W/(cm^2 sr cm^-1),W/(cm^2 cm^-1),W/(m^2 sr um),W/(m^2 um),value_si=value_native*1e8/(wavelength_um^2),2858.0,3.4989503149055285,0.94883364,1.4014e-10,0.0011446865029599996,0.0,0.0,0.0,0.0,7.2496e-11,0.0005921592173439999,7.2496e-11,0.0005921592173439999,0.0,0.0,0.0,0.0,2.1264e-10,0.0017368457203039995
mwir_std_solar_scatter,D:\HwaSimIR\HwaSim_IR\Bin\Config\Atmosphere\MODTRAN\raw\audit_mwir_standard_20260906\mwir_std_solar_scatter\MODOUT2.txt,W/(cm^2 sr cm^-1),W/(cm^2 cm^-1),W/(m^2 sr um),W/(m^2 um),value_si=value_native*1e8/(wavelength_um^2),2859.0,3.497726477789437,0.97607923,8.0218e-11,0.0006556923860580001,0.0,0.0,0.0,0.0,7.7096e-11,0.000630173529576,7.7096e-11,0.000630173529576,0.0,0.0,0.0,0.0,1.5731e-10,0.001285865915634
mwir_std_solar_scatter,D:\HwaSimIR\HwaSim_IR\Bin\Config\Atmosphere\MODTRAN\raw\audit_mwir_standard_20260906\mwir_std_solar_scatter\MODOUT2.txt,W/(cm^2 sr cm^-1),W/(cm^2 cm^-1),W/(m^2 sr um),W/(m^2 um),value_si=value_native*1e8/(wavelength_um^2),2860.0,3.4965034965034967,0.98314828,4.7666e-11,0.0003898888136,0.0,0.0,0.0,0.0,7.6909e-11,0.0006290848564,7.6909e-11,0.0006290848564,0.0,0.0,0.0,0.0,1.2457e-10,0.00101897367
mwir_std_solar_scatter,D:\HwaSimIR\HwaSim_IR\Bin\Config\Atmosphere\MODTRAN\raw\audit_mwir_standard_20260906\mwir_std_solar_scatter\MODOUT2.txt,W/(cm^2 sr cm^-1),W/(cm^2 cm^-1),W/(m^2 sr um),W/(m^2 um),value_si=value_native*1e8/(wavelength_um^2),2861.0,3.495281370150297,0.98222756,5.6255e-11,0.000460465232855,0.0,0.0,0.0,0.0,7.7393e-11,0.000633486548153,7.7393e-11,0.000633486548153,0.0,0.0,0.0,0.0,1.3365e-10,0.0010939517810080002
mwir_std_solar_scatter,D:\HwaSimIR\HwaSim_IR\Bin\Config\Atmosphere\MODTRAN\raw\audit_mwir_standard_20260906\mwir_std_solar_scatter\MODOUT2.txt,W/(cm^2 sr cm^-1),W/(cm^2 cm^-1),W/(m^2 sr um),W/(m^2 um),value_si=value_native*1e8/(wavelength_um^2),2862.0,3.4940600978336827,0.9386844,1.7208e-10,0.0014095148515199999,0.0,0.0,0.0,0.0,7.2183e-11,0.000591254129052,7.2183e-11,0.000591254129052,0.0,0.0,0.0,0.0,2.4427e-10,0.002000768980572
mwir_std_solar_scatter,D:\HwaSimIR\HwaSim_IR\Bin\Config\Atmosphere\MODTRAN\raw\audit_mwir_standard_20260906\mwir_std_solar_scatter\MODOUT2.txt,W/(cm^2 sr cm^-1),W/(cm^2 cm^-1),W/(m^2 sr um),W/(m^2 um),value_si=value_native*1e8/(wavelength_um^2),2863.0,3.4928396786587497,0.93363315,1.9145e-10,0.0015692714250499999,0.0,0.0,0.0,0.0,7.2735e-11,0.000596191993215,7.2735e-11,0.000596191993215,0.0,0.0,0.0,0.0,2.6418e-10,0.0021654634182649997
mwir_std_solar_scatter,D:\HwaSimIR\HwaSim_IR\Bin\Config\Atmosphere\MODTRAN\raw\audit_mwir_standard_20260906\mwir_std_solar_scatter\MODOUT2.txt,W/(cm^2 sr cm^-1),W/(cm^2 cm^-1),W/(m^2 sr um),W/(m^2 um),value_si=value_native*1e8/(wavelength_um^2),2864.0,3.4916201117318435,0.93861932,1.9743e-10,0.0016194187852800002,0.0,0.0,0.0,0.0,7.46e-11,0.0006119062016000001,7.46e-11,0.0006119062016000001,0.0,0.0,0.0,0.0,2.7203e-10,0.0022313249868800003
mwir_std_solar_scatter,D:\HwaSimIR\HwaSim_IR\Bin\Config\Atmosphere\MODTRAN\raw\audit_mwir_standard_20260906\mwir_std_solar_scatter\MODOUT2.txt,W/(cm^2 sr cm^-1),W/(cm^2 cm^-1),W/(m^2 sr um),W/(m^2 um),value_si=value_native*1e8/(wavelength_um^2),2865.0,3.4904013961605584,0.91076559,2.4974e-10,0.0020499221115000002,0.0,0.0,0.0,0.0,7.0091e-11,0.000575322698475,7.0091e-11,0.000575322698475,0.0,0.0,0.0,0.0,3.1983e-10,0.0026252448099750004
mwir_std_solar_scatter,D:\HwaSimIR\HwaSim_IR\Bin\Config\Atmosphere\MODTRAN\raw\audit_mwir_standard_20260906\mwir_std_solar_scatter\MODOUT2.txt,W/(cm^2 sr cm^-1),W/(cm^2 cm^-1),W/(m^2 sr um),W/(m^2 um),value_si=value_native*1e8/(wavelength_um^2),2866.0,3.4891835310537336,0.89674771,2.7897e-10,0.00229144730532,0.0,0.0,0.0,0.0,6.8402e-11,0.000561851018312,6.8402e-11,0.000561851018312,0.0,0.0,0.0,0.0,3.4737e-10,0.002853298323632
mwir_std_solar_scatter,D:\HwaSimIR\HwaSim_IR\Bin\Config\Atmosphere\MODTRAN\raw\audit_mwir_standard_20260906\mwir_std_solar_scatter\MODOUT2.txt,W/(cm^2 sr cm^-1),W/(cm^2 cm^-1),W/(m^2 sr um),W/(m^2 um),value_si=value_native*1e8/(wavelength_um^2),2867.0,3.487966515521451,0.92208719,2.1787e-10,0.00179082364243,0.0,0.0,0.0,0.0,7.1523e-11,0.000587896816347,7.1523e-11,0.000587896816347,0.0,0.0,0.0,0.0,2.8939e-10,0.002378720458777
mwir_std_solar_scatter,D:\HwaSimIR\HwaSim_IR\Bin\Config\Atmosphere\MODTRAN\raw\audit_mwir_standard_20260906\mwir_std_solar_scatter\MODOUT2.txt,W/(cm^2 sr cm^-1),W/(cm^2 cm^-1),W/(m^2 sr um),W/(m^2 um),value_si=value_native*1e8/(wavelength_um^2),2868.0,3.486750348675035,0.95851564,1.1943e-10,0.00098236238832,0.0,0.0,0.0,0.0,7.5493e-11,0.000620961934032,7.5493e-11,0.000620961934032,0.0,0.0,0.0,0.0,1.9492e-10,0.0016033243223519998
mwir_std_solar_scatter,D:\HwaSimIR\HwaSim_IR\Bin\Config\Atmosphere\MODTRAN\raw\audit_mwir_standard_20260906\mwir_std_solar_scatter\MODOUT2.txt,W/(cm^2 sr cm^-1),W/(cm^2 cm^-1),W/(m^2 sr um),W/(m^2 um),value_si=value_native*1e8/(wavelength_um^2),2869.0,3.4855350296270475,0.9458456,1.4047e-10,0.0011562311856700002,0.0,0.0,0.0,0.0,7.3652e-11,0.0006062414699720001,7.3652e-11,0.0006062414699720001,0.0,0.0,0.0,0.0,2.1413e-10,0.0017624726556420003
mwir_std_solar_scatter,D:\HwaSimIR\HwaSim_IR\Bin\Config\Atmosphere\MODTRAN\raw\audit_mwir_standard_20260906\mwir_std_solar_scatter\MODOUT2.txt,W/(cm^2 sr cm^-1),W/(cm^2 cm^-1),W/(m^2 sr um),W/(m^2 um),value_si=value_native*1e8/(wavelength_um^2),2870.0,3.484320557491289,0.98680627,3.6558e-11,0.0003011245902000001,0.0,0.0,0.0,0.0,7.8695e-11,0.0006482028455,7.8695e-11,0.0006482028455,0.0,0.0,0.0,0.0,1.1525e-10,0.0009493274357000002
mwir_std_solar_scatter,D:\HwaSimIR\HwaSim_IR\Bin\Config\Atmosphere\MODTRAN\raw\audit_mwir_standard_20260906\mwir_std_solar_scatter\MODOUT2.txt,W/(cm^2 sr cm^-1),W/(cm^2 cm^-1),W/(m^2 sr um),W/(m^2 um),value_si=value_native*1e8/(wavelength_um^2),2871.0,3.4831069313827934,0.94683784,1.6191e-10,0.00133456600431,0.0,0.0,0.0,0.0,7.5698e-11,0.000623951438418,7.5698e-11,0.000623951438418,0.0,0.0,0.0,0.0,2.376e-10,0.001958517442728
mwir_std_solar_scatter,D:\HwaSimIR\HwaSim_IR\Bin\Config\Atmosphere\MODTRAN\raw\audit_mwir_standard_20260906\mwir_std_solar_scatter\MODOUT2.txt,W/(cm^2 sr cm^-1),W/(cm^2 cm^-1),W/(m^2 sr um),W/(m^2 um),value_si=value_native*1e8/(wavelength_um^2),2872.0,3.481894150417827,0.96626192,9.3276e-11,0.0007693762659840001,0.0,0.0,0.0,0.0,7.6824e-11,0.000633673852416,7.6824e-11,0.000633673852416,0.0,0.0,0.0,0.0,1.701e-10,0.0014030501184000002
mwir_std_solar_scatter,D:\HwaSimIR\HwaSim_IR\Bin\Config\Atmosphere\MODTRAN\raw\audit_mwir_standard_20260906\mwir_std_solar_scatter\MODOUT2.txt,W/(cm^2 sr cm^-1),W/(cm^2 cm^-1),W/(m^2 sr um),W/(m^2 um),value_si=value_native*1e8/(wavelength_um^2),2873.0,3.4806822137138878,0.96152967,1.0756e-10,0.0008878141152400001,0.0,0.0,0.0,0.0,7.6508e-11,0.0006315069015320001,7.6508e-11,0.0006315069015320001,0.0,0.0,0.0,0.0,1.8407e-10,0.0015193210167720001
mwir_std_solar_scatter,D:\HwaSimIR\HwaSim_IR\Bin\Config\Atmosphere\MODTRAN\raw\audit_mwir_standard_20260906\mwir_std_solar_scatter\MODOUT2.txt,W/(cm^2 sr cm^-1),W/(cm^2 cm^-1),W/(m^2 sr um),W/(m^2 um),value_si=value_native*1e8/(wavelength_um^2),2874.0,3.4794711203897006,0.92767471,1.9784e-10,0.0016341338678400002,0.0,0.0,0.0,0.0,7.3443e-11,0.000606630073068,7.3443e-11,0.000606630073068,0.0,0.0,0.0,0.0,2.7128e-10,0.002240763940908
mwir_std_solar_scatter,D:\HwaSimIR\HwaSim_IR\Bin\Config\Atmosphere\MODTRAN\raw\audit_mwir_standard_20260906\mwir_std_solar_scatter\MODOUT2.txt,W/(cm^2 sr cm^-1),W/(cm^2 cm^-1),W/(m^2 sr um),W/(m^2 um),value_si=value_native*1e8/(wavelength_um^2),2875.0,3.4782608695652173,0.85049295,3.979e-10,0.0032888921874999998,0.0,0.0,0.0,0.0,6.6046e-11,0.0005459114687499999,6.6046e-11,0.0005459114687499999,0.0,0.0,0.0,0.0,4.6395e-10,0.0038348036562499996
mwir_std_solar_scatter,D:\HwaSimIR\HwaSim_IR\Bin\Config\Atmosphere\MODTRAN\raw\audit_mwir_standard_20260906\mwir_std_solar_scatter\MODOUT2.txt,W/(cm^2 sr cm^-1),W/(cm^2 cm^-1),W/(m^2 sr um),W/(m^2 um),value_si=value_native*1e8/(wavelength_um^2),2876.0,3.477051460361613,0.89380246,2.799e-10,0.0023151581424,0.0,0.0,0.0,0.0,6.9996e-11,0.0005789632344960001,6.9996e-11,0.0005789632344960001,0.0,0.0,0.0,0.0,3.4989e-10,0.002894121376896
mwir_std_solar_scatter,D:\HwaSimIR\HwaSim_IR\Bin\Config\Atmosphere\MODTRAN\raw\audit_mwir_standard_20260906\mwir_std_solar_scatter\MODOUT2.txt,W/(cm^2 sr cm^-1),W/(cm^2 cm^-1),W/(m^2 sr um),W/(m^2 um),value_si=value_native*1e8/(wavelength_um^2),2877.0,3.4758428919012863,0.93751037,1.6329e-10,0.00135157239441,0.0,0.0,0.0,0.0,7.3822e-11,0.000611034217038,7.3822e-11,0.000611034217038,0.0,0.0,0.0,0.0,2.3711e-10,0.001962606611448
mwir_std_solar_scatter,D:\HwaSimIR\HwaSim_IR\Bin\Config\Atmosphere\MODTRAN\raw\audit_mwir_standard_20260906\mwir_std_solar_scatter\MODOUT2.txt,W/(cm^2 sr cm^-1),W/(cm^2 cm^-1),W/(m^2 sr um),W/(m^2 um),value_si=value_native*1e8/(wavelength_um^2),2878.0,3.4746351633078527,0.91644526,2.0826e-10,0.00172499342184,0.0,0.0,0.0,0.0,7.1701e-11,0.000593891065684,7.1701e-11,0.000593891065684,0.0,0.0,0.0,0.0,2.7996e-10,0.002318884487524
mwir_std_solar_scatter,D:\HwaSimIR\HwaSim_IR\Bin\Config\Atmosphere\MODTRAN\raw\audit_mwir_standard_20260906\mwir_std_solar_scatter\MODOUT2.txt,W/(cm^2 sr cm^-1),W/(cm^2 cm^-1),W/(m^2 sr um),W/(m^2 um),value_si=value_native*1e8/(wavelength_um^2),2879.0,3.473428273706148,0.95044661,1.4445e-10,0.00119729419245,0.0,0.0,0.0,0.0,7.6673e-11,0.000635514971393,7.6673e-11,0.000635514971393,0.0,0.0,0.0,0.0,2.2113e-10,0.0018328091638429998
mwir_std_solar_scatter,D:\HwaSimIR\HwaSim_IR\Bin\Config\Atmosphere\MODTRAN\raw\audit_mwir_standard_20260906\mwir_std_solar_scatter\MODOUT2.txt,W/(cm^2 sr cm^-1),W/(cm^2 cm^-1),W/(m^2 sr um),W/(m^2 um),value_si=value_native*1e8/(wavelength_um^2),2880.0,3.4722222222222223,0.92205477,2.3693e-10,0.001965192192,0.0,0.0,0.0,0.0,7.5587e-11,0.0006269488127999999,7.5587e-11,0.0006269488127999999,0.0,0.0,0.0,0.0,3.1252e-10,0.0025921410048
mwir_std_solar_scatter,D:\HwaSimIR\HwaSim_IR\Bin\Config\Atmosphere\MODTRAN\raw\audit_mwir_standard_20260906\mwir_std_solar_scatter\MODOUT2.txt,W/(cm^2 sr cm^-1),W/(cm^2 cm^-1),W/(m^2 sr um),W/(m^2 um),value_si=value_native*1e8/(wavelength_um^2),2881.0,3.471017007983339,0.98030049,5.5821e-11,0.00046332328718100003,0.0,0.0,0.0,0.0,7.9406e-11,0.0006590825843660001,7.9406e-11,0.0006590825843660001,0.0,0.0,0.0,0.0,1.3523e-10,0.001122405871547
mwir_std_solar_scatter,D:\HwaSimIR\HwaSim_IR\Bin\Config\Atmosphere\MODTRAN\raw\audit_mwir_standard_20260906\mwir_std_solar_scatter\MODOUT2.txt,W/(cm^2 sr cm^-1),W/(cm^2 cm^-1),W/(m^2 sr um),W/(m^2 um),value_si=value_native*1e8/(wavelength_um^2),2882.0,3.4698126301179735,0.99129331,2.4196e-11,0.00020097013710400002,0.0,0.0,0.0,0.0,8.0612e-11,0.000669557145488,8.0612e-11,0.000669557145488,0.0,0.0,0.0,0.0,1.0481e-10,0.000870527282592
mwir_std_solar_scatter,D:\HwaSimIR\HwaSim_IR\Bin\Config\Atmosphere\MODTRAN\raw\audit_mwir_standard_20260906\mwir_std_solar_scatter\MODOUT2.txt,W/(cm^2 sr cm^-1),W/(cm^2 cm^-1),W/(m^2 sr um),W/(m^2 um),value_si=value_native*1e8/(wavelength_um^2),2883.0,3.46860908775581,0.94459963,1.3613e-10,0.0011314702235699998,0.0,0.0,0.0,0.0,7.5392e-11,0.000626634857088,7.5392e-11,0.000626634857088,0.0,0.0,0.0,0.0,2.1152e-10,0.0017581050806579999
mwir_std_solar_scatter,D:\HwaSimIR\HwaSim_IR\Bin\Config\Atmosphere\MODTRAN\raw\audit_mwir_standard_20260906\mwir_std_solar_scatter\MODOUT2.txt,W/(cm^2 sr cm^-1),W/(cm^2 cm^-1),W/(m^2 sr um),W/(m^2 um),value_si=value_native*1e8/(wavelength_um^2),2884.0,3.467406380027739,0.91869783,2.0818e-10,0.0017315279900800003,0.0,0.0,0.0,0.0,7.4083e-11,0.0006161820928480001,7.4083e-11,0.0006161820928480001,0.0,0.0,0.0,0.0,2.8227e-10,0.0023477100829280002
mwir_std_solar_scatter,D:\HwaSimIR\HwaSim_IR\Bin\Config\Atmosphere\MODTRAN\raw\audit_mwir_standard_20260906\mwir_std_solar_scatter\MODOUT2.txt,W/(cm^2 sr cm^-1),W/(cm^2 cm^-1),W/(m^2 sr um),W/(m^2 um),value_si=value_native*1e8/(wavelength_um^2),2885.0,3.466204506065858,0.77021158,5.5719e-10,0.00463761773775,0.0,0.0,0.0,0.0,5.8779e-11,0.000489230842275,5.8779e-11,0.000489230842275,0.0,0.0,0.0,0.0,6.1597e-10,0.005126848580025
mwir_std_solar_scatter,D:\HwaSimIR\HwaSim_IR\Bin\Config\Atmosphere\MODTRAN\raw\audit_mwir_standard_20260906\mwir_std_solar_scatter\MODOUT2.txt,W/(cm^2 sr cm^-1),W/(cm^2 cm^-1),W/(m^2 sr um),W/(m^2 um),value_si=value_native*1e8/(wavelength_um^2),2886.0,3.465003465003465,0.84337723,3.866e-10,0.0032199898536,0.0,0.0,0.0,0.0,6.6589e-11,0.0005546195146440001,6.6589e-11,0.0005546195146440001,0.0,0.0,0.0,0.0,4.5318e-10,0.0037746093682440003
mwir_std_solar_scatter,D:\HwaSimIR\HwaSim_IR\Bin\Config\Atmosphere\MODTRAN\raw\audit_mwir_standard_20260906\mwir_std_solar_scatter\MODOUT2.txt,W/(cm^2 sr cm^-1),W/(cm^2 cm^-1),W/(m^2 sr um),W/(m^2 um),value_si=value_native*1e8/(wavelength_um^2),2887.0,3.4638032559750607,0.90429658,2.3524e-10,0.00196067105956,0.0,0.0,0.0,0.0,7.2651e-11,0.000605529302619,7.2651e-11,0.000605529302619,0.0,0.0,0.0,0.0,3.0789e-10,0.0025662003621789997
mwir_std_solar_scatter,D:\HwaSimIR\HwaSim_IR\Bin\Config\Atmosphere\MODTRAN\raw\audit_mwir_standard_20260906\mwir_std_solar_scatter\MODOUT2.txt,W/(cm^2 sr cm^-1),W/(cm^2 cm^-1),W/(m^2 sr um),W/(m^2 um),value_si=value_native*1e8/(wavelength_um^2),2888.0,3.4626038781163433,0.98453164,4.1484e-11,0.00034599912729600007,0.0,0.0,0.0,0.0,8.082e-11,0.0006740827660800002,8.082e-11,0.0006740827660800002,0.0,0.0,0.0,0.0,1.223e-10,0.0010200818933760003
mwir_std_solar_scatter,D:\HwaSimIR\HwaSim_IR\Bin\Config\Atmosphere\MODTRAN\raw\audit_mwir_standard_20260906\mwir_std_solar_scatter\MODOUT2.txt,W/(cm^2 sr cm^-1),W/(cm^2 cm^-1),W/(m^2 sr um),W/(m^2 um),value_si=value_native*1e8/(wavelength_um^2),2889.0,3.461405330564209,0.95115554,1.1915e-10,0.0009944641471500001,0.0,0.0,0.0,0.0,7.7029e-11,0.000642908760309,7.7029e-11,0.000642908760309,0.0,0.0,0.0,0.0,1.9618e-10,0.001637372907459
mwir_std_solar_scatter,D:\HwaSimIR\HwaSim_IR\Bin\Config\Atmosphere\MODTRAN\raw\audit_mwir_standard_20260906\mwir_std_solar_scatter\MODOUT2.txt,W/(cm^2 sr cm^-1),W/(cm^2 cm^-1),W/(m^2 sr um),W/(m^2 um),value_si=value_native*1e8/(wavelength_um^2),2890.0,3.4602076124567476,0.95987743,1.2261e-10,0.001024050981,0.0,0.0,0.0,0.0,7.9853e-11,0.0006669402413,7.9853e-11,0.0006669402413,0.0,0.0,0.0,0.0,2.0246e-10,0.0016909912223000002
mwir_std_solar_scatter,D:\HwaSimIR\HwaSim_IR\Bin\Config\Atmosphere\MODTRAN\raw\audit_mwir_standard_20260906\mwir_std_solar_scatter\MODOUT2.txt,W/(cm^2 sr cm^-1),W/(cm^2 cm^-1),W/(m^2 sr um),W/(m^2 um),value_si=value_native*1e8/(wavelength_um^2),2891.0,3.459010722933241,0.98155779,5.5015e-11,0.000459808823215,0.0,0.0,0.0,0.0,8.1362e-11,0.0006800139139220001,8.1362e-11,0.0006800139139220001,0.0,0.0,0.0,0.0,1.3638e-10,0.001139822737137
mwir_std_solar_scatter,D:\HwaSimIR\HwaSim_IR\Bin\Config\Atmosphere\MODTRAN\raw\audit_mwir_standard_20260906\mwir_std_solar_scatter\MODOUT2.txt,W/(cm^2 sr cm^-1),W/(cm^2 cm^-1),W/(m^2 sr um),W/(m^2 um),value_si=value_native*1e8/(wavelength_um^2),2892.0,3.4578146611341634,0.98863488,3.2573e-11,0.00027242962747199995,0.0,0.0,0.0,0.0,8.1815e-11,0.0006842731701599999,8.1815e-11,0.0006842731701599999,0.0,0.0,0.0,0.0,1.1439e-10,0.0009567027976319999
mwir_std_solar_scatter,D:\HwaSimIR\HwaSim_IR\Bin\Config\Atmosphere\MODTRAN\raw\audit_mwir_standard_20260906\mwir_std_solar_scatter\MODOUT2.txt,W/(cm^2 sr cm^-1),W/(cm^2 cm^-1),W/(m^2 sr um),W/(m^2 um),value_si=value_native*1e8/(wavelength_um^2),2893.0,3.456619426201175,0.96951342,9.3832e-11,0.0007853221385680001,0.0,0.0,0.0,0.0,8.086e-11,0.0006767536461400001,8.086e-11,0.0006767536461400001,0.0,0.0,0.0,0.0,1.7469e-10,0.0014620757847080001
mwir_std_solar_scatter,D:\HwaSimIR\HwaSim_IR\Bin\Config\Atmosphere\MODTRAN\raw\audit_mwir_standard_20260906\mwir_std_solar_scatter\MODOUT2.txt,W/(cm^2 sr cm^-1),W/(cm^2 cm^-1),W/(m^2 sr um),W/(m^2 um),value_si=value_native*1e8/(wavelength_um^2),2894.0,3.455425017277125,0.7964924,5.6294e-10,0.00471475535384,0.0,0.0,0.0,0.0,6.8731e-11,0.000575638345516,6.8731e-11,0.000575638345516,0.0,0.0,0.0,0.0,6.3167e-10,0.005290393699356
mwir_std_solar_scatter,D:\HwaSimIR\HwaSim_IR\Bin\Config\Atmosphere\MODTRAN\raw\audit_mwir_standard_20260906\mwir_std_solar_scatter\MODOUT2.txt,W/(cm^2 sr cm^-1),W/(cm^2 cm^-1),W/(m^2 sr um),W/(m^2 um),value_si=value_native*1e8/(wavelength_um^2),2895.0,3.454231433506045,0.74509513,5.5226e-10,0.0046285048665000005,0.0,0.0,0.0,0.0,6.1288e-11,0.0005136562602,6.1288e-11,0.0005136562602,0.0,0.0,0.0,0.0,6.1355e-10,0.0051421611267000004
mwir_std_solar_scatter,D:\HwaSimIR\HwaSim_IR\Bin\Config\Atmosphere\MODTRAN\raw\audit_mwir_standard_20260906\mwir_std_solar_scatter\MODOUT2.txt,W/(cm^2 sr cm^-1),W/(cm^2 cm^-1),W/(m^2 sr um),W/(m^2 um),value_si=value_native*1e8/(wavelength_um^2),2896.0,3.453038674033149,0.7667191,5.3395e-10,0.0044781404032,0.0,0.0,0.0,0.0,6.1516e-11,0.000515923373056,6.1516e-11,0.000515923373056,0.0,0.0,0.0,0.0,5.9547e-10,0.0049940637762559996
mwir_std_solar_scatter,D:\HwaSimIR\HwaSim_IR\Bin\Config\Atmosphere\MODTRAN\raw\audit_mwir_standard_20260906\mwir_std_solar_scatter\MODOUT2.txt,W/(cm^2 sr cm^-1),W/(cm^2 cm^-1),W/(m^2 sr um),W/(m^2 um),value_si=value_native*1e8/(wavelength_um^2),2897.0,3.4518467380048325,0.80528098,4.2589e-10,0.0035743282470100004,0.0,0.0,0.0,0.0,6.5894e-11,0.000553022577446,6.5894e-11,0.000553022577446,0.0,0.0,0.0,0.0,4.9179e-10,0.004127350824456
mwir_std_solar_scatter,D:\HwaSimIR\HwaSim_IR\Bin\Config\Atmosphere\MODTRAN\raw\audit_mwir_standard_20260906\mwir_std_solar_scatter\MODOUT2.txt,W/(cm^2 sr cm^-1),W/(cm^2 cm^-1),W/(m^2 sr um),W/(m^2 um),value_si=value_native*1e8/(wavelength_um^2),2898.0,3.450655624568668,0.9768917,5.8666e-11,0.000492700769064,0.0,0.0,0.0,0.0,8.1218e-11,0.0006821015760720001,8.1218e-11,0.0006821015760720001,0.0,0.0,0.0,0.0,1.3988e-10,0.001174802345136
mwir_std_solar_scatter,D:\HwaSimIR\HwaSim_IR\Bin\Config\Atmosphere\MODTRAN\raw\audit_mwir_standard_20260906\mwir_std_solar_scatter\MODOUT2.txt,W/(cm^2 sr cm^-1),W/(cm^2 cm^-1),W/(m^2 sr um),W/(m^2 um),value_si=value_native*1e8/(wavelength_um^2),2899.0,3.449465332873405,0.93986869,1.3974e-10,0.00117440304774,0.0,0.0,0.0,0.0,7.6499e-11,0.0006429129722989999,7.6499e-11,0.0006429129722989999,0.0,0.0,0.0,0.0,2.1624e-10,0.0018173160200389998
mwir_std_solar_scatter,D:\HwaSimIR\HwaSim_IR\Bin\Config\Atmosphere\MODTRAN\raw\audit_mwir_standard_20260906\mwir_std_solar_scatter\MODOUT2.txt,W/(cm^2 sr cm^-1),W/(cm^2 cm^-1),W/(m^2 sr um),W/(m^2 um),value_si=value_native*1e8/(wavelength_um^2),2900.0,3.4482758620689653,0.90102416,2.1631e-10,0.0018191671000000005,0.0,0.0,0.0,0.0,7.2416e-11,0.0006090185600000001,7.2416e-11,0.0006090185600000001,0.0,0.0,0.0,0.0,2.8873e-10,0.0024281856600000006
mwir_std_solar_scatter,D:\HwaSimIR\HwaSim_IR\Bin\Config\Atmosphere\MODTRAN\raw\audit_mwir_standard_20260906\mwir_std_solar_scatter\MODOUT2.txt,W/(cm^2 sr cm^-1),W/(cm^2 cm^-1),W/(m^2 sr um),W/(m^2 um),value_si=value_native*1e8/(wavelength_um^2),2901.0,3.447087211306446,0.98125255,5.0278e-11,0.000423129642678,0.0,0.0,0.0,0.0,8.2266e-11,0.000692334285066,8.2266e-11,0.000692334285066,0.0,0.0,0.0,0.0,1.3254e-10,0.001115463927744
mwir_std_solar_scatter,D:\HwaSimIR\HwaSim_IR\Bin\Config\Atmosphere\MODTRAN\raw\audit_mwir_standard_20260906\mwir_std_solar_scatter\MODOUT2.txt,W/(cm^2 sr cm^-1),W/(cm^2 cm^-1),W/(m^2 sr um),W/(m^2 um),value_si=value_native*1e8/(wavelength_um^2),2902.0,3.4458993797381114,0.86323065,3.275e-10,0.0027580753100000005,0.0,0.0,0.0,0.0,7.0352e-11,0.0005924766846080002,7.0352e-11,0.0005924766846080002,0.0,0.0,0.0,0.0,3.9785e-10,0.003350551994608001
mwir_std_solar_scatter,D:\HwaSimIR\HwaSim_IR\Bin\Config\Atmosphere\MODTRAN\raw\audit_mwir_standard_20260906\mwir_std_solar_scatter\MODOUT2.txt,W/(cm^2 sr cm^-1),W/(cm^2 cm^-1),W/(m^2 sr um),W/(m^2 um),value_si=value_native*1e8/(wavelength_um^2),2903.0,3.444712366517396,0.97903728,5.8127e-11,0.0004898600029429999,0.0,0.0,0.0,0.0,8.2537e-11,0.0006955730566329998,8.2537e-11,0.0006955730566329998,0.0,0.0,0.0,0.0,1.4066e-10,0.0011854330595759996
mwir_std_solar_scatter,D:\HwaSimIR\HwaSim_IR\Bin\Config\Atmosphere\MODTRAN\raw\audit_mwir_standard_20260906\mwir_std_solar_scatter\MODOUT2.txt,W/(cm^2 sr cm^-1),W/(cm^2 cm^-1),W/(m^2 sr um),W/(m^2 um),value_si=value_native*1e8/(wavelength_um^2),2904.0,3.443526170798898,0.95097882,1.3471e-10,0.0011360385273599999,0.0,0.0,0.0,0.0,8.0336e-11,0.000677490840576,8.0336e-11,0.000677490840576,0.0,0.0,0.0,0.0,2.1505e-10,0.0018135293679359997
mwir_std_solar_scatter,D:\HwaSimIR\HwaSim_IR\Bin\Config\Atmosphere\MODTRAN\raw\audit_mwir_standard_20260906\mwir_std_solar_scatter\MODOUT2.txt,W/(cm^2 sr cm^-1),W/(cm^2 cm^-1),W/(m^2 sr um),W/(m^2 um),value_si=value_native*1e8/(wavelength_um^2),2905.0,3.442340791738382,0.96042407,9.5823e-11,0.0008086526925749999,0.0,0.0,0.0,0.0,8.0272e-11,0.0006774174147999999,8.0272e-11,0.0006774174147999999,0.0,0.0,0.0,0.0,1.761e-10,0.0014860701073749999
mwir_std_solar_scatter,D:\HwaSimIR\HwaSim_IR\Bin\Config\Atmosphere\MODTRAN\raw\audit_mwir_standard_20260906\mwir_std_solar_scatter\MODOUT2.txt,W/(cm^2 sr cm^-1),W/(cm^2 cm^-1),W/(m^2 sr um),W/(m^2 um),value_si=value_native*1e8/(wavelength_um^2),2906.0,3.4411562284927735,0.62564808,7.7e-10,0.00650252372,0.0,0.0,0.0,0.0,5.0069e-11,0.000422824493684,5.0069e-11,0.000422824493684,0.0,0.0,0.0,0.0,8.2007e-10,0.006925348213684001
mwir_std_solar_scatter,D:\HwaSimIR\HwaSim_IR\Bin\Config\Atmosphere\MODTRAN\raw\audit_mwir_standard_20260906\mwir_std_solar_scatter\MODOUT2.txt,W/(cm^2 sr cm^-1),W/(cm^2 cm^-1),W/(m^2 sr um),W/(m^2 um),value_si=value_native*1e8/(wavelength_um^2),2907.0,3.4399724802201583,0.56643009,8.5478e-10,0.007223445752219999,0.0,0.0,0.0,0.0,4.7471e-11,0.00040116075867899996,4.7471e-11,0.00040116075867899996,0.0,0.0,0.0,0.0,9.0225e-10,0.007624606510898999
mwir_std_solar_scatter,D:\HwaSimIR\HwaSim_IR\Bin\Config\Atmosphere\MODTRAN\raw\audit_mwir_standard_20260906\mwir_std_solar_scatter\MODOUT2.txt,W/(cm^2 sr cm^-1),W/(cm^2 cm^-1),W/(m^2 sr um),W/(m^2 um),value_si=value_native*1e8/(wavelength_um^2),2908.0,3.43878954607978,0.94372344,1.3331e-10,0.00112733121584,0.0,0.0,0.0,0.0,7.8822e-11,0.0006665554054079999,7.8822e-11,0.0006665554054079999,0.0,0.0,0.0,0.0,2.1214e-10,0.0017938866212479998
mwir_std_solar_scatter,D:\HwaSimIR\HwaSim_IR\Bin\Config\Atmosphere\MODTRAN\raw\audit_mwir_standard_20260906\mwir_std_solar_scatter\MODOUT2.txt,W/(cm^2 sr cm^-1),W/(cm^2 cm^-1),W/(m^2 sr um),W/(m^2 um),value_si=value_native*1e8/(wavelength_um^2),2909.0,3.4376074252320383,0.95866632,9.4551e-11,0.000800117130831,0.0,0.0,0.0,0.0,8.0216e-11,0.0006788103326960002,8.0216e-11,0.0006788103326960002,0.0,0.0,0.0,0.0,1.7477e-10,0.0014789274635270003
mwir_std_solar_scatter,D:\HwaSimIR\HwaSim_IR\Bin\Config\Atmosphere\MODTRAN\raw\audit_mwir_standard_20260906\mwir_std_solar_scatter\MODOUT2.txt,W/(cm^2 sr cm^-1),W/(cm^2 cm^-1),W/(m^2 sr um),W/(m^2 um),value_si=value_native*1e8/(wavelength_um^2),2910.0,3.4364261168384878,0.96023196,9.5409e-11,0.0008079329529,0.0,0.0,0.0,0.0,8.07e-11,0.0006833756700000001,8.07e-11,0.0006833756700000001,0.0,0.0,0.0,0.0,1.7611e-10,0.0014913086229
mwir_std_solar_scatter,D:\HwaSimIR\HwaSim_IR\Bin\Config\Atmosphere\MODTRAN\raw\audit_mwir_standard_20260906\mwir_std_solar_scatter\MODOUT2.txt,W/(cm^2 sr cm^-1),W/(cm^2 cm^-1),W/(m^2 sr um),W/(m^2 um),value_si=value_native*1e8/(wavelength_um^2),2911.0,3.4352456200618344,0.93022698,1.5886e-10,0.0013461670900600001,0.0,0.0,0.0,0.0,7.7392e-11,0.0006558136940319999,7.7392e-11,0.0006558136940319999,0.0,0.0,0.0,0.0,2.3625e-10,0.002001980784092
mwir_std_solar_scatter,D:\HwaSimIR\HwaSim_IR\Bin\Config\Atmosphere\MODTRAN\raw\audit_mwir_standard_20260906\mwir_std_solar_scatter\MODOUT2.txt,W/(cm^2 sr cm^-1),W/(cm^2 cm^-1),W/(m^2 sr um),W/(m^2 um),value_si=value_native*1e8/(wavelength_um^2),2912.0,3.434065934065934,0.91943747,2.2387e-10,0.00189836028928,0.0,0.0,0.0,0.0,8.0423e-11,0.000681966451712,8.0423e-11,0.000681966451712,0.0,0.0,0.0,0.0,3.043e-10,0.0025803267409920004
mwir_std_solar_scatter,D:\HwaSimIR\HwaSim_IR\Bin\Config\Atmosphere\MODTRAN\raw\audit_mwir_standard_20260906\mwir_std_solar_scatter\MODOUT2.txt,W/(cm^2 sr cm^-1),W/(cm^2 cm^-1),W/(m^2 sr um),W/(m^2 um),value_si=value_native*1e8/(wavelength_um^2),2913.0,3.4328870580157913,0.98851383,2.9155e-11,0.000247396764195,0.0,0.0,0.0,0.0,8.428e-11,0.00071516375532,8.428e-11,0.00071516375532,0.0,0.0,0.0,0.0,1.1344e-10,0.000962560519515
mwir_std_solar_scatter,D:\HwaSimIR\HwaSim_IR\Bin\Config\Atmosphere\MODTRAN\raw\audit_mwir_standard_20260906\mwir_std_solar_scatter\MODOUT2.txt,W/(cm^2 sr cm^-1),W/(cm^2 cm^-1),W/(m^2 sr um),W/(m^2 um),value_si=value_native*1e8/(wavelength_um^2),2914.0,3.4317089910775564,0.96972817,7.0129e-11,0.0005954931100840001,0.0,0.0,0.0,0.0,8.2011e-11,0.0006963878773560002,8.2011e-11,0.0006963878773560002,0.0,0.0,0.0,0.0,1.5214e-10,0.0012918809874400002
mwir_std_solar_scatter,D:\HwaSimIR\HwaSim_IR\Bin\Config\Atmosphere\MODTRAN\raw\audit_mwir_standard_20260906\mwir_std_solar_scatter\MODOUT2.txt,W/(cm^2 sr cm^-1),W/(cm^2 cm^-1),W/(m^2 sr um),W/(m^2 um),value_si=value_native*1e8/(wavelength_um^2),2915.0,3.4305317324185247,0.9731189,6.1792e-11,0.0005250605272000001,0.0,0.0,0.0,0.0,8.246e-11,0.0007006811735,8.246e-11,0.0007006811735,0.0,0.0,0.0,0.0,1.4425e-10,0.0012257417007
mwir_std_solar_scatter,D:\HwaSimIR\HwaSim_IR\Bin\Config\Atmosphere\MODTRAN\raw\audit_mwir_standard_20260906\mwir_std_solar_scatter\MODOUT2.txt,W/(cm^2 sr cm^-1),W/(cm^2 cm^-1),W/(m^2 sr um),W/(m^2 um),value_si=value_native*1e8/(wavelength_um^2),2916.0,3.429355281207133,0.69758976,5.3615e-10,0.0045589134744000006,0.0,0.0,0.0,0.0,5.8132e-11,0.0004942996513920001,5.8132e-11,0.0004942996513920001,0.0,0.0,0.0,0.0,5.9428e-10,0.005053213125792001
mwir_std_solar_scatter,D:\HwaSimIR\HwaSim_IR\Bin\Config\Atmosphere\MODTRAN\raw\audit_mwir_standard_20260906\mwir_std_solar_scatter\MODOUT2.txt,W/(cm^2 sr cm^-1),W/(cm^2 cm^-1),W/(m^2 sr um),W/(m^2 um),value_si=value_native*1e8/(wavelength_um^2),2917.0,3.4281796366129584,0.49130094,9.1087e-10,0.00775049172343,0.0,0.0,0.0,0.0,3.9831e-11,0.000338917557759,3.9831e-11,0.000338917557759,0.0,0.0,0.0,0.0,9.507e-10,0.008089409281189
mwir_std_solar_scatter,D:\HwaSimIR\HwaSim_IR\Bin\Config\Atmosphere\MODTRAN\raw\audit_mwir_standard_20260906\mwir_std_solar_scatter\MODOUT2.txt,W/(cm^2 sr cm^-1),W/(cm^2 cm^-1),W/(m^2 sr um),W/(m^2 um),value_si=value_native*1e8/(wavelength_um^2),2918.0,3.427004797806717,0.72540867,4.7145e-10,0.004014266629799999,0.0,0.0,0.0,0.0,6.1177e-11,0.000520905270148,6.1177e-11,0.000520905270148,0.0,0.0,0.0,0.0,5.3263e-10,0.004535171899947999
mwir_std_solar_scatter,D:\HwaSimIR\HwaSim_IR\Bin\Config\Atmosphere\MODTRAN\raw\audit_mwir_standard_20260906\mwir_std_solar_scatter\MODOUT2.txt,W/(cm^2 sr cm^-1),W/(cm^2 cm^-1),W/(m^2 sr um),W/(m^2 um),value_si=value_native*1e8/(wavelength_um^2),2919.0,3.4258307639602603,0.82976359,3.5331e-10,0.00301039940691,0.0,0.0,0.0,0.0,6.6518e-11,0.000566770676598,6.6518e-11,0.000566770676598,0.0,0.0,0.0,0.0,4.1983e-10,0.003577170083508
mwir_std_solar_scatter,D:\HwaSimIR\HwaSim_IR\Bin\Config\Atmosphere\MODTRAN\raw\audit_mwir_standard_20260906\mwir_std_solar_scatter\MODOUT2.txt,W/(cm^2 sr cm^-1),W/(cm^2 cm^-1),W/(m^2 sr um),W/(m^2 um),value_si=value_native*1e8/(wavelength_um^2),2920.0,3.4246575342465753,0.96402192,7.8588e-11,0.0006700727232000002,0.0,0.0,0.0,0.0,8.1659e-11,0.0006962572976000001,8.1659e-11,0.0006962572976000001,0.0,0.0,0.0,0.0,1.6025e-10,0.0013663300208000004
mwir_std_solar_scatter,D:\HwaSimIR\HwaSim_IR\Bin\Config\Atmosphere\MODTRAN\raw\audit_mwir_standard_20260906\mwir_std_solar_scatter\MODOUT2.txt,W/(cm^2 sr cm^-1),W/(cm^2 cm^-1),W/(m^2 sr um),W/(m^2 um),value_si=value_native*1e8/(wavelength_um^2),2921.0,3.423485107839781,0.94599128,1.1929e-10,0.00101781102889,0.0,0.0,0.0,0.0,8.0259e-11,0.0006847891304189998,8.0259e-11,0.0006847891304189998,0.0,0.0,0.0,0.0,1.9955e-10,0.0017026001593089999
mwir_std_solar_scatter,D:\HwaSimIR\HwaSim_IR\Bin\Config\Atmosphere\MODTRAN\raw\audit_mwir_standard_20260906\mwir_std_solar_scatter\MODOUT2.txt,W/(cm^2 sr cm^-1),W/(cm^2 cm^-1),W/(m^2 sr um),W/(m^2 um),value_si=value_native*1e8/(wavelength_um^2),2922.0,3.4223134839151266,0.97308511,6.4404e-11,0.000549886761936,0.0,0.0,0.0,0.0,8.3978e-11,0.0007170112181520001,8.3978e-11,0.0007170112181520001,0.0,0.0,0.0,0.0,1.4838e-10,0.0012668979800880002
mwir_std_solar_scatter,D:\HwaSimIR\HwaSim_IR\Bin\Config\Atmosphere\MODTRAN\raw\audit_mwir_standard_20260906\mwir_std_solar_scatter\MODOUT2.txt,W/(cm^2 sr cm^-1),W/(cm^2 cm^-1),W/(m^2 sr um),W/(m^2 um),value_si=value_native*1e8/(wavelength_um^2),2923.0,3.421142661648991,0.97499919,5.6748e-11,0.00048485088289199996,0.0,0.0,0.0,0.0,8.4017e-11,0.000717835282793,8.4017e-11,0.000717835282793,0.0,0.0,0.0,0.0,1.4077e-10,0.001202686165685
mwir_std_solar_scatter,D:\HwaSimIR\HwaSim_IR\Bin\Config\Atmosphere\MODTRAN\raw\audit_mwir_standard_20260906\mwir_std_solar_scatter\MODOUT2.txt,W/(cm^2 sr cm^-1),W/(cm^2 cm^-1),W/(m^2 sr um),W/(m^2 um),value_si=value_native*1e8/(wavelength_um^2),2924.0,3.4199726402188784,0.97392631,5.8277e-11,0.0004982552959520001,0.0,0.0,0.0,0.0,8.386e-11,0.00071698421536,8.386e-11,0.00071698421536,0.0,0.0,0.0,0.0,1.4214e-10,0.001215239511312
mwir_std_solar_scatter,D:\HwaSimIR\HwaSim_IR\Bin\Config\Atmosphere\MODTRAN\raw\audit_mwir_standard_20260906\mwir_std_solar_scatter\MODOUT2.txt,W/(cm^2 sr cm^-1),W/(cm^2 cm^-1),W/(m^2 sr um),W/(m^2 um),value_si=value_native*1e8/(wavelength_um^2),2925.0,3.4188034188034186,0.97212571,6.6649e-11,0.000570223850625,0.0,0.0,0.0,0.0,8.3972e-11,0.0007184329425000001,8.3972e-11,0.0007184329425000001,0.0,0.0,0.0,0.0,1.5062e-10,0.0012886567931250001
mwir_std_solar_scatter,D:\HwaSimIR\HwaSim_IR\Bin\Config\Atmosphere\MODTRAN\raw\audit_mwir_standard_20260906\mwir_std_solar_scatter\MODOUT2.txt,W/(cm^2 sr cm^-1),W/(cm^2 cm^-1),W/(m^2 sr um),W/(m^2 um),value_si=value_native*1e8/(wavelength_um^2),2926.0,3.417634996582365,0.92671281,1.6494e-10,0.00141212985144,0.0,0.0,0.0,0.0,7.9644e-11,0.0006818701945439999,7.9644e-11,0.0006818701945439999,0.0,0.0,0.0,0.0,2.4458e-10,0.002094000045984
mwir_std_solar_scatter,D:\HwaSimIR\HwaSim_IR\Bin\Config\Atmosphere\MODTRAN\raw\audit_mwir_standard_20260906\mwir_std_solar_scatter\MODOUT2.txt,W/(cm^2 sr cm^-1),W/(cm^2 cm^-1),W/(m^2 sr um),W/(m^2 um),value_si=value_native*1e8/(wavelength_um^2),2927.0,3.4164673727365904,0.20439062,1.0823e-09,0.0092724201767,0.0,0.0,0.0,0.0,1.6785e-11,0.00014380261726500002,1.6785e-11,0.00014380261726500002,0.0,0.0,0.0,0.0,1.0991e-09,0.009416222793965
mwir_std_solar_scatter,D:\HwaSimIR\HwaSim_IR\Bin\Config\Atmosphere\MODTRAN\raw\audit_mwir_standard_20260906\mwir_std_solar_scatter\MODOUT2.txt,W/(cm^2 sr cm^-1),W/(cm^2 cm^-1),W/(m^2 sr um),W/(m^2 um),value_si=value_native*1e8/(wavelength_um^2),2928.0,3.4153005464480874,0.62358767,6.3396e-10,0.005435055728639999,0.0,0.0,0.0,0.0,5.2508e-11,0.00045016074547199995,5.2508e-11,0.00045016074547199995,0.0,0.0,0.0,0.0,6.8646e-10,0.005885216474111999
mwir_std_solar_scatter,D:\HwaSimIR\HwaSim_IR\Bin\Config\Atmosphere\MODTRAN\raw\audit_mwir_standard_20260906\mwir_std_solar_scatter\MODOUT2.txt,W/(cm^2 sr cm^-1),W/(cm^2 cm^-1),W/(m^2 sr um),W/(m^2 um),value_si=value_native*1e8/(wavelength_um^2),2929.0,3.4141345168999657,0.96322834,8.3336e-11,0.0007149429607760001,0.0,0.0,0.0,0.0,8.307e-11,0.0007126609358700001,8.307e-11,0.0007126609358700001,0.0,0.0,0.0,0.0,1.6641e-10,0.0014276038966460002
mwir_std_solar_scatter,D:\HwaSimIR\HwaSim_IR\Bin\Config\Atmosphere\MODTRAN\raw\audit_mwir_standard_20260906\mwir_std_solar_scatter\MODOUT2.txt,W/(cm^2 sr cm^-1),W/(cm^2 cm^-1),W/(m^2 sr um),W/(m^2 um),value_si=value_native*1e8/(wavelength_um^2),2930.0,3.4129692832764507,0.8492626,3.7345e-10,0.0032060309049999993,0.0,0.0,0.0,0.0,7.7326e-11,0.0006638359774,7.7326e-11,0.0006638359774,0.0,0.0,0.0,0.0,4.5078e-10,0.0038698668823999994
mwir_std_solar_scatter,D:\HwaSimIR\HwaSim_IR\Bin\Config\Atmosphere\MODTRAN\raw\audit_mwir_standard_20260906\mwir_std_solar_scatter\MODOUT2.txt,W/(cm^2 sr cm^-1),W/(cm^2 cm^-1),W/(m^2 sr um),W/(m^2 um),value_si=value_native*1e8/(wavelength_um^2),2931.0,3.4118048447628797,0.94528335,1.3927e-10,0.0011964352844699999,0.0,0.0,0.0,0.0,8.3784e-11,0.0007197683196239999,8.3784e-11,0.0007197683196239999,0.0,0.0,0.0,0.0,2.2305e-10,0.0019162036040939997
mwir_std_solar_scatter,D:\HwaSimIR\HwaSim_IR\Bin\Config\Atmosphere\MODTRAN\raw\audit_mwir_standard_20260906\mwir_std_solar_scatter\MODOUT2.txt,W/(cm^2 sr cm^-1),W/(cm^2 cm^-1),W/(m^2 sr um),W/(m^2 um),value_si=value_native*1e8/(wavelength_um^2),2932.0,3.4106412005457027,0.88066435,2.3603e-10,0.0020290611627199998,0.0,0.0,0.0,0.0,7.2657e-11,0.0006246049099679999,7.2657e-11,0.0006246049099679999,0.0,0.0,0.0,0.0,3.0868e-10,0.0026536660726879996
mwir_std_solar_scatter,D:\HwaSimIR\HwaSim_IR\Bin\Config\Atmosphere\MODTRAN\raw\audit_mwir_standard_20260906\mwir_std_solar_scatter\MODOUT2.txt,W/(cm^2 sr cm^-1),W/(cm^2 cm^-1),W/(m^2 sr um),W/(m^2 um),value_si=value_native*1e8/(wavelength_um^2),2933.0,3.4094783498124785,0.78904289,4.9112e-10,0.004224854397679999,0.0,0.0,0.0,0.0,7.3517e-11,0.000632429183813,7.3517e-11,0.000632429183813,0.0,0.0,0.0,0.0,5.6463e-10,0.004857283581492999
mwir_std_solar_scatter,D:\HwaSimIR\HwaSim_IR\Bin\Config\Atmosphere\MODTRAN\raw\audit_mwir_standard_20260906\mwir_std_solar_scatter\MODOUT2.txt,W/(cm^2 sr cm^-1),W/(cm^2 cm^-1),W/(m^2 sr um),W/(m^2 um),value_si=value_native*1e8/(wavelength_um^2),2934.0,3.408316291751875,0.75025994,5.6614e-10,0.004873534665839999,0.0,0.0,0.0,0.0,7.0947e-11,0.0006107370331319999,7.0947e-11,0.0006107370331319999,0.0,0.0,0.0,0.0,6.3709e-10,0.005484271698971999
mwir_std_solar_scatter,D:\HwaSimIR\HwaSim_IR\Bin\Config\Atmosphere\MODTRAN\raw\audit_mwir_standard_20260906\mwir_std_solar_scatter\MODOUT2.txt,W/(cm^2 sr cm^-1),W/(cm^2 cm^-1),W/(m^2 sr um),W/(m^2 um),value_si=value_native*1e8/(wavelength_um^2),2935.0,3.4071550255536627,0.64679605,7.4783e-10,0.00644197588175,0.0,0.0,0.0,0.0,6.3764e-11,0.0005492774429,6.3764e-11,0.0005492774429,0.0,0.0,0.0,0.0,8.116e-10,0.006991253324650001
mwir_std_solar_scatter,D:\HwaSimIR\HwaSim_IR\Bin\Config\Atmosphere\MODTRAN\raw\audit_mwir_standard_20260906\mwir_std_solar_scatter\MODOUT2.txt,W/(cm^2 sr cm^-1),W/(cm^2 cm^-1),W/(m^2 sr um),W/(m^2 um),value_si=value_native*1e8/(wavelength_um^2),2936.0,3.4059945504087192,0.84038776,3.3263e-10,0.00286730253248,0.0,0.0,0.0,0.0,7.168e-11,0.00061788848128,7.168e-11,0.00061788848128,0.0,0.0,0.0,0.0,4.0431e-10,0.0034851910137600004
mwir_std_solar_scatter,D:\HwaSimIR\HwaSim_IR\Bin\Config\Atmosphere\MODTRAN\raw\audit_mwir_standard_20260906\mwir_std_solar_scatter\MODOUT2.txt,W/(cm^2 sr cm^-1),W/(cm^2 cm^-1),W/(m^2 sr um),W/(m^2 um),value_si=value_native*1e8/(wavelength_um^2),2937.0,3.404834865509023,0.5237667,8.1795e-10,0.00705561134355,0.0,0.0,0.0,0.0,4.8885e-11,0.000421680494565,4.8885e-11,0.000421680494565,0.0,0.0,0.0,0.0,8.6684e-10,0.007477291838115
mwir_std_solar_scatter,D:\HwaSimIR\HwaSim_IR\Bin\Config\Atmosphere\MODTRAN\raw\audit_mwir_standard_20260906\mwir_std_solar_scatter\MODOUT2.txt,W/(cm^2 sr cm^-1),W/(cm^2 cm^-1),W/(m^2 sr um),W/(m^2 um),value_si=value_native*1e8/(wavelength_um^2),2938.0,3.4036759700476513,0.28974536,9.4979e-10,0.008198439112760001,0.0,0.0,0.0,0.0,2.4343e-11,0.00021012497849200003,2.4343e-11,0.00021012497849200003,0.0,0.0,0.0,0.0,9.7414e-10,0.008408564091252001
mwir_std_solar_scatter,D:\HwaSimIR\HwaSim_IR\Bin\Config\Atmosphere\MODTRAN\raw\audit_mwir_standard_20260906\mwir_std_solar_scatter\MODOUT2.txt,W/(cm^2 sr cm^-1),W/(cm^2 cm^-1),W/(m^2 sr um),W/(m^2 um),value_si=value_native*1e8/(wavelength_um^2),2939.0,3.402517863218782,0.91704172,1.7523e-10,0.00151358785083,0.0,0.0,0.0,0.0,7.9943e-11,0.000690525329903,7.9943e-11,0.000690525329903,0.0,0.0,0.0,0.0,2.5517e-10,0.002204113180733
mwir_std_solar_scatter,D:\HwaSimIR\HwaSim_IR\Bin\Config\Atmosphere\MODTRAN\raw\audit_mwir_standard_20260906\mwir_std_solar_scatter\MODOUT2.txt,W/(cm^2 sr cm^-1),W/(cm^2 cm^-1),W/(m^2 sr um),W/(m^2 um),value_si=value_native*1e8/(wavelength_um^2),2940.0,3.401360544217687,0.9586693,9.6968e-11,0.0008381526048000001,0.0,0.0,0.0,0.0,8.4263e-11,0.0007283356668,8.4263e-11,0.0007283356668,0.0,0.0,0.0,0.0,1.8123e-10,0.0015664882716
mwir_std_solar_scatter,D:\HwaSimIR\HwaSim_IR\Bin\Config\Atmosphere\MODTRAN\raw\audit_mwir_standard_20260906\mwir_std_solar_scatter\MODOUT2.txt,W/(cm^2 sr cm^-1),W/(cm^2 cm^-1),W/(m^2 sr um),W/(m^2 um),value_si=value_native*1e8/(wavelength_um^2),2941.0,3.4002040122407347,0.9733575,5.6307e-11,0.000487026326667,0.0,0.0,0.0,0.0,8.4618e-11,0.000731901783258,8.4618e-11,0.000731901783258,0.0,0.0,0.0,0.0,1.4092e-10,0.0012189281099249999
mwir_std_solar_scatter,D:\HwaSimIR\HwaSim_IR\Bin\Config\Atmosphere\MODTRAN\raw\audit_mwir_standard_20260906\mwir_std_solar_scatter\MODOUT2.txt,W/(cm^2 sr cm^-1),W/(cm^2 cm^-1),W/(m^2 sr um),W/(m^2 um),value_si=value_native*1e8/(wavelength_um^2),2942.0,3.399048266485384,0.97879255,4.8386e-11,0.00041879844250400003,0.0,0.0,0.0,0.0,8.537e-11,0.00073890842468,8.537e-11,0.00073890842468,0.0,0.0,0.0,0.0,1.3376e-10,0.001157706867184
mwir_std_solar_scatter,D:\HwaSimIR\HwaSim_IR\Bin\Config\Atmosphere\MODTRAN\raw\audit_mwir_standard_20260906\mwir_std_solar_scatter\MODOUT2.txt,W/(cm^2 sr cm^-1),W/(cm^2 cm^-1),W/(m^2 sr um),W/(m^2 um),value_si=value_native*1e8/(wavelength_um^2),2943.0,3.397893306150187,0.92349535,1.4826e-10,0.0012841167767399999,0.0,0.0,0.0,0.0,7.9233e-11,0.0006862567420169999,7.9233e-11,0.0006862567420169999,0.0,0.0,0.0,0.0,2.2749e-10,0.0019703735187569997
mwir_std_solar_scatter,D:\HwaSimIR\HwaSim_IR\Bin\Config\Atmosphere\MODTRAN\raw\audit_mwir_standard_20260906\mwir_std_solar_scatter\MODOUT2.txt,W/(cm^2 sr cm^-1),W/(cm^2 cm^-1),W/(m^2 sr um),W/(m^2 um),value_si=value_native*1e8/(wavelength_um^2),2944.0,3.3967391304347827,0.9573344,8.5493e-11,0.0007409794580479999,0.0,0.0,0.0,0.0,8.3196e-11,0.0007210710466559999,8.3196e-11,0.0007210710466559999,0.0,0.0,0.0,0.0,1.6869e-10,0.0014620505047039998
mwir_std_solar_scatter,D:\HwaSimIR\HwaSim_IR\Bin\Config\Atmosphere\MODTRAN\raw\audit_mwir_standard_20260906\mwir_std_solar_scatter\MODOUT2.txt,W/(cm^2 sr cm^-1),W/(cm^2 cm^-1),W/(m^2 sr um),W/(m^2 um),value_si=value_native*1e8/(wavelength_um^2),2945.0,3.395585738539898,0.9635042,8.4639e-11,0.000734076162975,0.0,0.0,0.0,0.0,8.573e-11,0.0007435384332499999,8.573e-11,0.0007435384332499999,0.0,0.0,0.0,0.0,1.7037e-10,0.0014776145962249999
mwir_std_solar_scatter,D:\HwaSimIR\HwaSim_IR\Bin\Config\Atmosphere\MODTRAN\raw\audit_mwir_standard_20260906\mwir_std_solar_scatter\MODOUT2.txt,W/(cm^2 sr cm^-1),W/(cm^2 cm^-1),W/(m^2 sr um),W/(m^2 um),value_si=value_native*1e8/(wavelength_um^2),2946.0,3.3944331296673456,0.78574133,4.5257e-10,0.0039278170141199996,0.0,0.0,0.0,0.0,7.09e-11,0.0006153351444,7.09e-11,0.0006153351444,0.0,0.0,0.0,0.0,5.2347e-10,0.004543152158519999
mwir_std_solar_scatter,D:\HwaSimIR\HwaSim_IR\Bin\Config\Atmosphere\MODTRAN\raw\audit_mwir_standard_20260906\mwir_std_solar_scatter\MODOUT2.txt,W/(cm^2 sr cm^-1),W/(cm^2 cm^-1),W/(m^2 sr um),W/(m^2 um),value_si=value_native*1e8/(wavelength_um^2),2947.0,3.39328130302002,0.88875616,2.1909e-10,0.00190275480381,0.0,0.0,0.0,0.0,7.8753e-11,0.0006839547631770001,7.8753e-11,0.0006839547631770001,0.0,0.0,0.0,0.0,2.9784e-10,0.0025867095669870003
mwir_std_solar_scatter,D:\HwaSimIR\HwaSim_IR\Bin\Config\Atmosphere\MODTRAN\raw\audit_mwir_standard_20260906\mwir_std_solar_scatter\MODOUT2.txt,W/(cm^2 sr cm^-1),W/(cm^2 cm^-1),W/(m^2 sr um),W/(m^2 um),value_si=value_native*1e8/(wavelength_um^2),2948.0,3.3921302578018997,0.08710496,9.1315e-10,0.0079359163576,0.0,0.0,0.0,0.0,7.2843e-12,6.330569514720001e-05,7.2843e-12,6.330569514720001e-05,0.0,0.0,0.0,0.0,9.2043e-10,0.0079992220527472
mwir_std_solar_scatter,D:\HwaSimIR\HwaSim_IR\Bin\Config\Atmosphere\MODTRAN\raw\audit_mwir_standard_20260906\mwir_std_solar_scatter\MODOUT2.txt,W/(cm^2 sr cm^-1),W/(cm^2 cm^-1),W/(m^2 sr um),W/(m^2 um),value_si=value_native*1e8/(wavelength_um^2),2949.0,3.39097999321804,0.81987643,3.4418e-10,0.0029931961321799996,0.0,0.0,0.0,0.0,7.0799e-11,0.0006157106541989999,7.0799e-11,0.0006157106541989999,0.0,0.0,0.0,0.0,4.1498e-10,0.0036089067863789995
mwir_std_solar_scatter,D:\HwaSimIR\HwaSim_IR\Bin\Config\Atmosphere\MODTRAN\raw\audit_mwir_standard_20260906\mwir_std_solar_scatter\MODOUT2.txt,W/(cm^2 sr cm^-1),W/(cm^2 cm^-1),W/(m^2 sr um),W/(m^2 um),value_si=value_native*1e8/(wavelength_um^2),2950.0,3.389830508474576,0.96055955,7.9717e-11,0.0006937371925,0.0,0.0,0.0,0.0,8.6128e-11,0.0007495289200000001,8.6128e-11,0.0007495289200000001,0.0,0.0,0.0,0.0,1.6584e-10,0.0014432661125
mwir_std_solar_scatter,D:\HwaSimIR\HwaSim_IR\Bin\Config\Atmosphere\MODTRAN\raw\audit_mwir_standard_20260906\mwir_std_solar_scatter\MODOUT2.txt,W/(cm^2 sr cm^-1),W/(cm^2 cm^-1),W/(m^2 sr um),W/(m^2 um),value_si=value_native*1e8/(wavelength_um^2),2951.0,3.388681802778719,0.97680122,4.781e-11,0.00041634865181,0.0,0.0,0.0,0.0,8.8133e-11,0.000767497505333,8.8133e-11,0.000767497505333,0.0,0.0,0.0,0.0,1.3594e-10,0.001183846157143
mwir_std_solar_scatter,D:\HwaSimIR\HwaSim_IR\Bin\Config\Atmosphere\MODTRAN\raw\audit_mwir_standard_20260906\mwir_std_solar_scatter\MODOUT2.txt,W/(cm^2 sr cm^-1),W/(cm^2 cm^-1),W/(m^2 sr um),W/(m^2 um),value_si=value_native*1e8/(wavelength_um^2),2952.0,3.3875338753387534,0.97024482,5.8928e-11,0.0005135165061120001,0.0,0.0,0.0,0.0,8.7275e-11,0.0007605408816,8.7275e-11,0.0007605408816,0.0,0.0,0.0,0.0,1.462e-10,0.001274057387712
mwir_std_solar_scatter,D:\HwaSimIR\HwaSim_IR\Bin\Config\Atmosphere\MODTRAN\raw\audit_mwir_standard_20260906\mwir_std_solar_scatter\MODOUT2.txt,W/(cm^2 sr cm^-1),W/(cm^2 cm^-1),W/(m^2 sr um),W/(m^2 um),value_si=value_native*1e8/(wavelength_um^2),2953.0,3.3863867253640367,0.88633096,2.1995e-10,0.00191800996955,0.0,0.0,0.0,0.0,7.8912e-11,0.0006881291326080001,7.8912e-11,0.0006881291326080001,0.0,0.0,0.0,0.0,2.9886e-10,0.0026061391021580003
mwir_std_solar_scatter,D:\HwaSimIR\HwaSim_IR\Bin\Config\Atmosphere\MODTRAN\raw\audit_mwir_standard_20260906\mwir_std_solar_scatter\MODOUT2.txt,W/(cm^2 sr cm^-1),W/(cm^2 cm^-1),W/(m^2 sr um),W/(m^2 um),value_si=value_native*1e8/(wavelength_um^2),2954.0,3.3852403520649967,0.68906093,5.8719e-10,0.00512388805404,0.0,0.0,0.0,0.0,6.5233e-11,0.000569230725028,6.5233e-11,0.000569230725028,0.0,0.0,0.0,0.0,6.5243e-10,0.005693118779068
mwir_std_solar_scatter,D:\HwaSimIR\HwaSim_IR\Bin\Config\Atmosphere\MODTRAN\raw\audit_mwir_standard_20260906\mwir_std_solar_scatter\MODOUT2.txt,W/(cm^2 sr cm^-1),W/(cm^2 cm^-1),W/(m^2 sr um),W/(m^2 um),value_si=value_native*1e8/(wavelength_um^2),2955.0,3.3840947546531304,0.92177188,1.7426e-10,0.0015216426764999998,0.0,0.0,0.0,0.0,8.447e-11,0.0007375941517499999,8.447e-11,0.0007375941517499999,0.0,0.0,0.0,0.0,2.5873e-10,0.00225923682825
mwir_std_solar_scatter,D:\HwaSimIR\HwaSim_IR\Bin\Config\Atmosphere\MODTRAN\raw\audit_mwir_standard_20260906\mwir_std_solar_scatter\MODOUT2.txt,W/(cm^2 sr cm^-1),W/(cm^2 cm^-1),W/(m^2 sr um),W/(m^2 um),value_si=value_native*1e8/(wavelength_um^2),2956.0,3.3829499323410013,0.71006334,6.0135e-10,0.0052545578136,0.0,0.0,0.0,0.0,7.1225e-11,0.0006223594916,7.1225e-11,0.0006223594916,0.0,0.0,0.0,0.0,6.7257e-10,0.0058769173051999996
mwir_std_solar_scatter,D:\HwaSimIR\HwaSim_IR\Bin\Config\Atmosphere\MODTRAN\raw\audit_mwir_standard_20260906\mwir_std_solar_scatter\MODOUT2.txt,W/(cm^2 sr cm^-1),W/(cm^2 cm^-1),W/(m^2 sr um),W/(m^2 um),value_si=value_native*1e8/(wavelength_um^2),2957.0,3.381805884342239,0.81319118,3.9966e-10,0.0034945666913399997,0.0,0.0,0.0,0.0,7.6668e-11,0.0006703734151319999,7.6668e-11,0.0006703734151319999,0.0,0.0,0.0,0.0,4.7632e-10,0.004164940106471999
mwir_std_solar_scatter,D:\HwaSimIR\HwaSim_IR\Bin\Config\Atmosphere\MODTRAN\raw\audit_mwir_standard_20260906\mwir_std_solar_scatter\MODOUT2.txt,W/(cm^2 sr cm^-1),W/(cm^2 cm^-1),W/(m^2 sr um),W/(m^2 um),value_si=value_native*1e8/(wavelength_um^2),2958.0,3.3806626098715347,0.23929122,8.8975e-10,0.007785102519000001,0.0,0.0,0.0,0.0,2.067e-11,0.00018085762188000006,2.067e-11,0.00018085762188000006,0.0,0.0,0.0,0.0,9.1042e-10,0.007965960140880001
mwir_std_solar_scatter,D:\HwaSimIR\HwaSim_IR\Bin\Config\Atmosphere\MODTRAN\raw\audit_mwir_standard_20260906\mwir_std_solar_scatter\MODOUT2.txt,W/(cm^2 sr cm^-1),W/(cm^2 cm^-1),W/(m^2 sr um),W/(m^2 um),value_si=value_native*1e8/(wavelength_um^2),2959.0,3.3795201081446433,0.59305662,5.4478e-10,0.00476991989518,0.0,0.0,0.0,0.0,5.1921e-11,0.000454603713201,5.1921e-11,0.000454603713201,0.0,0.0,0.0,0.0,5.967e-10,0.005224523608380999
mwir_std_solar_scatter,D:\HwaSimIR\HwaSim_IR\Bin\Config\Atmosphere\MODTRAN\raw\audit_mwir_standard_20260906\mwir_std_solar_scatter\MODOUT2.txt,W/(cm^2 sr cm^-1),W/(cm^2 cm^-1),W/(m^2 sr um),W/(m^2 um),value_si=value_native*1e8/(wavelength_um^2),2960.0,3.3783783783783785,0.9403106,1.1757e-10,0.0010301013119999997,0.0,0.0,0.0,0.0,8.5867e-11,0.0007523323071999999,8.5867e-11,0.0007523323071999999,0.0,0.0,0.0,0.0,2.0344e-10,0.0017824336191999996
mwir_std_solar_scatter,D:\HwaSimIR\HwaSim_IR\Bin\Config\Atmosphere\MODTRAN\raw\audit_mwir_standard_20260906\mwir_std_solar_scatter\MODOUT2.txt,W/(cm^2 sr cm^-1),W/(cm^2 cm^-1),W/(m^2 sr um),W/(m^2 um),value_si=value_native*1e8/(wavelength_um^2),2961.0,3.377237419790611,0.81848031,3.5612e-10,0.0031222895785199996,0.0,0.0,0.0,0.0,7.8003e-11,0.0006838929405630001,7.8003e-11,0.0006838929405630001,0.0,0.0,0.0,0.0,4.3412e-10,0.0038061825190829996
mwir_std_solar_scatter,D:\HwaSimIR\HwaSim_IR\Bin\Config\Atmosphere\MODTRAN\raw\audit_mwir_standard_20260906\mwir_std_solar_scatter\MODOUT2.txt,W/(cm^2 sr cm^-1),W/(cm^2 cm^-1),W/(m^2 sr um),W/(m^2 um),value_si=value_native*1e8/(wavelength_um^2),2962.0,3.37609723160027,0.77770126,4.3692e-10,0.0038332931524799993,0.0,0.0,0.0,0.0,7.6617e-11,0.0006721949589480001,7.6617e-11,0.0006721949589480001,0.0,0.0,0.0,0.0,5.1353e-10,0.004505488111427999
mwir_std_solar_scatter,D:\HwaSimIR\HwaSim_IR\Bin\Config\Atmosphere\MODTRAN\raw\audit_mwir_standard_20260906\mwir_std_solar_scatter\MODOUT2.txt,W/(cm^2 sr cm^-1),W/(cm^2 cm^-1),W/(m^2 sr um),W/(m^2 um),value_si=value_native*1e8/(wavelength_um^2),2963.0,3.374957813027337,0.9607203,8.074e-11,0.00070884625306,0.0,0.0,0.0,0.0,8.8566e-11,0.0007775535948540001,8.8566e-11,0.0007775535948540001,0.0,0.0,0.0,0.0,1.6931e-10,0.001486399847914
mwir_std_solar_scatter,D:\HwaSimIR\HwaSim_IR\Bin\Config\Atmosphere\MODTRAN\raw\audit_mwir_standard_20260906\mwir_std_solar_scatter\MODOUT2.txt,W/(cm^2 sr cm^-1),W/(cm^2 cm^-1),W/(m^2 sr um),W/(m^2 um),value_si=value_native*1e8/(wavelength_um^2),2964.0,3.3738191632928474,0.95894295,8.6976e-11,0.000764109904896,0.0,0.0,0.0,0.0,8.8821e-11,0.000780318776016,8.8821e-11,0.000780318776016,0.0,0.0,0.0,0.0,1.758e-10,0.001544428680912
mwir_std_solar_scatter,D:\HwaSimIR\HwaSim_IR\Bin\Config\Atmosphere\MODTRAN\raw\audit_mwir_standard_20260906\mwir_std_solar_scatter\MODOUT2.txt,W/(cm^2 sr cm^-1),W/(cm^2 cm^-1),W/(m^2 sr um),W/(m^2 um),value_si=value_native*1e8/(wavelength_um^2),2965.0,3.372681281618887,0.90460956,1.8093e-10,0.00159059633925,0.0,0.0,0.0,0.0,8.1879e-11,0.000719816711775,8.1879e-11,0.000719816711775,0.0,0.0,0.0,0.0,2.6281e-10,0.002310413051025
mwir_std_solar_scatter,D:\HwaSimIR\HwaSim_IR\Bin\Config\Atmosphere\MODTRAN\raw\audit_mwir_standard_20260906\mwir_std_solar_scatter\MODOUT2.txt,W/(cm^2 sr cm^-1),W/(cm^2 cm^-1),W/(m^2 sr um),W/(m^2 um),value_si=value_native*1e8/(wavelength_um^2),2966.0,3.3715441672285906,0.54757196,7.7841e-10,0.006847794201959999,0.0,0.0,0.0,0.0,5.6627e-11,0.0004981565528120001,5.6627e-11,0.0004981565528120001,0.0,0.0,0.0,0.0,8.3504e-10,0.007345950754771999
mwir_std_solar_scatter,D:\HwaSimIR\HwaSim_IR\Bin\Config\Atmosphere\MODTRAN\raw\audit_mwir_standard_20260906\mwir_std_solar_scatter\MODOUT2.txt,W/(cm^2 sr cm^-1),W/(cm^2 cm^-1),W/(m^2 sr um),W/(m^2 um),value_si=value_native*1e8/(wavelength_um^2),2967.0,3.370407819346141,0.88968557,2.3399e-10,0.00205983479511,0.0,0.0,0.0,0.0,8.3973e-11,0.0007392217925969999,8.3973e-11,0.0007392217925969999,0.0,0.0,0.0,0.0,3.1796e-10,0.0027990565877069997
mwir_std_solar_scatter,D:\HwaSimIR\HwaSim_IR\Bin\Config\Atmosphere\MODTRAN\raw\audit_mwir_standard_20260906\mwir_std_solar_scatter\MODOUT2.txt,W/(cm^2 sr cm^-1),W/(cm^2 cm^-1),W/(m^2 sr um),W/(m^2 um),value_si=value_native*1e8/(wavelength_um^2),2968.0,3.3692722371967654,0.58356655,6.4359e-10,0.00566939975616,0.0,0.0,0.0,0.0,5.5802e-11,0.000491561157248,5.5802e-11,0.000491561157248,0.0,0.0,0.0,0.0,6.9939e-10,0.006160960913408
mwir_std_solar_scatter,D:\HwaSimIR\HwaSim_IR\Bin\Config\Atmosphere\MODTRAN\raw\audit_mwir_standard_20260906\mwir_std_solar_scatter\MODOUT2.txt,W/(cm^2 sr cm^-1),W/(cm^2 cm^-1),W/(m^2 sr um),W/(m^2 um),value_si=value_native*1e8/(wavelength_um^2),2969.0,3.3681374200067364,0.42517826,7.024e-10,0.006191628606399999,0.0,0.0,0.0,0.0,3.6916e-11,0.00032541310027599994,3.6916e-11,0.00032541310027599994,0.0,0.0,0.0,0.0,7.3932e-10,0.006517041706675999
mwir_std_solar_scatter,D:\HwaSimIR\HwaSim_IR\Bin\Config\Atmosphere\MODTRAN\raw\audit_mwir_standard_20260906\mwir_std_solar_scatter\MODOUT2.txt,W/(cm^2 sr cm^-1),W/(cm^2 cm^-1),W/(m^2 sr um),W/(m^2 um),value_si=value_native*1e8/(wavelength_um^2),2970.0,3.367003367003367,0.84617406,3.0149e-10,0.0026594131409999997,0.0,0.0,0.0,0.0,8.0963e-11,0.0007141665266999998,8.0963e-11,0.0007141665266999998,0.0,0.0,0.0,0.0,3.8245e-10,0.0033735796676999993
mwir_std_solar_scatter,D:\HwaSimIR\HwaSim_IR\Bin\Config\Atmosphere\MODTRAN\raw\audit_mwir_standard_20260906\mwir_std_solar_scatter\MODOUT2.txt,W/(cm^2 sr cm^-1),W/(cm^2 cm^-1),W/(m^2 sr um),W/(m^2 um),value_si=value_native*1e8/(wavelength_um^2),2971.0,3.365870077415012,0.90431166,1.669e-10,0.0014731997628999998,0.0,0.0,0.0,0.0,8.2138e-11,0.0007250190660579999,8.2138e-11,0.0007250190660579999,0.0,0.0,0.0,0.0,2.4904e-10,0.0021982188289579995
mwir_std_solar_scatter,D:\HwaSimIR\HwaSim_IR\Bin\Config\Atmosphere\MODTRAN\raw\audit_mwir_standard_20260906\mwir_std_solar_scatter\MODOUT2.txt,W/(cm^2 sr cm^-1),W/(cm^2 cm^-1),W/(m^2 sr um),W/(m^2 um),value_si=value_native*1e8/(wavelength_um^2),2972.0,3.3647375504710633,0.94069755,1.2368e-10,0.0010924387251200001,0.0,0.0,0.0,0.0,8.8716e-11,0.000783609265344,8.8716e-11,0.000783609265344,0.0,0.0,0.0,0.0,2.124e-10,0.0018760479904640001
mwir_std_solar_scatter,D:\HwaSimIR\HwaSim_IR\Bin\Config\Atmosphere\MODTRAN\raw\audit_mwir_standard_20260906\mwir_std_solar_scatter\MODOUT2.txt,W/(cm^2 sr cm^-1),W/(cm^2 cm^-1),W/(m^2 sr um),W/(m^2 um),value_si=value_native*1e8/(wavelength_um^2),2973.0,3.3636057854019508,0.48357418,8.1107e-10,0.007168827930030001,0.0,0.0,0.0,0.0,5.5215e-11,0.0004880304217350001,5.5215e-11,0.0004880304217350001,0.0,0.0,0.0,0.0,8.6628e-10,0.007656858351765001
mwir_std_solar_scatter,D:\HwaSimIR\HwaSim_IR\Bin\Config\Atmosphere\MODTRAN\raw\audit_mwir_standard_20260906\mwir_std_solar_scatter\MODOUT2.txt,W/(cm^2 sr cm^-1),W/(cm^2 cm^-1),W/(m^2 sr um),W/(m^2 um),value_si=value_native*1e8/(wavelength_um^2),2974.0,3.3624747814391394,0.83540046,3.5244e-10,0.0031172176094400005,0.0,0.0,0.0,0.0,8.3035e-11,0.00073441767166,8.3035e-11,0.00073441767166,0.0,0.0,0.0,0.0,4.3548e-10,0.0038516352811000004
mwir_std_solar_scatter,D:\HwaSimIR\HwaSim_IR\Bin\Config\Atmosphere\MODTRAN\raw\audit_mwir_standard_20260906\mwir_std_solar_scatter\MODOUT2.txt,W/(cm^2 sr cm^-1),W/(cm^2 cm^-1),W/(m^2 sr um),W/(m^2 um),value_si=value_native*1e8/(wavelength_um^2),2975.0,3.361344537815126,0.54198891,7.8263e-10,0.00692676464375,0.0,0.0,0.0,0.0,6.1427e-11,0.0005436673418750001,6.1427e-11,0.0005436673418750001,0.0,0.0,0.0,0.0,8.4406e-10,0.007470431985625
mwir_std_solar_scatter,D:\HwaSimIR\HwaSim_IR\Bin\Config\Atmosphere\MODTRAN\raw\audit_mwir_standard_20260906\mwir_std_solar_scatter\MODOUT2.txt,W/(cm^2 sr cm^-1),W/(cm^2 cm^-1),W/(m^2 sr um),W/(m^2 um),value_si=value_native*1e8/(wavelength_um^2),2976.0,3.360215053763441,0.92673081,1.4249e-10,0.00126197351424,0.0,0.0,0.0,0.0,8.7507e-11,0.000775012396032,8.7507e-11,0.000775012396032,0.0,0.0,0.0,0.0,2.3e-10,0.002036985910272
mwir_std_solar_scatter,D:\HwaSimIR\HwaSim_IR\Bin\Config\Atmosphere\MODTRAN\raw\audit_mwir_standard_20260906\mwir_std_solar_scatter\MODOUT2.txt,W/(cm^2 sr cm^-1),W/(cm^2 cm^-1),W/(m^2 sr um),W/(m^2 um),value_si=value_native*1e8/(wavelength_um^2),2977.0,3.359086328518643,0.9165976,1.6866e-10,0.0014947541411399997,0.0,0.0,0.0,0.0,8.779e-11,0.0007780414209099999,8.779e-11,0.0007780414209099999,0.0,0.0,0.0,0.0,2.5645e-10,0.0022727955620499996
mwir_std_solar_scatter,D:\HwaSimIR\HwaSim_IR\Bin\Config\Atmosphere\MODTRAN\raw\audit_mwir_standard_20260906\mwir_std_solar_scatter\MODOUT2.txt,W/(cm^2 sr cm^-1),W/(cm^2 cm^-1),W/(m^2 sr um),W/(m^2 um),value_si=value_native*1e8/(wavelength_um^2),2978.0,3.3579583613163195,0.44560826,8.7171e-10,0.007730746187640001,0.0,0.0,0.0,0.0,5.0362e-11,0.0004466345912080001,5.0362e-11,0.0004466345912080001,0.0,0.0,0.0,0.0,9.2207e-10,0.008177380778848001
mwir_std_solar_scatter,D:\HwaSimIR\HwaSim_IR\Bin\Config\Atmosphere\MODTRAN\raw\audit_mwir_standard_20260906\mwir_std_solar_scatter\MODOUT2.txt,W/(cm^2 sr cm^-1),W/(cm^2 cm^-1),W/(m^2 sr um),W/(m^2 um),value_si=value_native*1e8/(wavelength_um^2),2979.0,3.356831151393085,0.17525312,7.8505e-10,0.006966879907050001,0.0,0.0,0.0,0.0,1.5129e-11,0.000134261417889,1.5129e-11,0.000134261417889,0.0,0.0,0.0,0.0,8.0018e-10,0.007101141324939001
mwir_std_solar_scatter,D:\HwaSimIR\HwaSim_IR\Bin\Config\Atmosphere\MODTRAN\raw\audit_mwir_standard_20260906\mwir_std_solar_scatter\MODOUT2.txt,W/(cm^2 sr cm^-1),W/(cm^2 cm^-1),W/(m^2 sr um),W/(m^2 um),value_si=value_native*1e8/(wavelength_um^2),2980.0,3.3557046979865772,0.64251179,5.9193e-10,0.005256575172,0.0,0.0,0.0,0.0,6.6629e-11,0.0005916921715999999,6.6629e-11,0.0005916921715999999,0.0,0.0,0.0,0.0,6.5855e-10,0.0058482673436
mwir_std_solar_scatter,D:\HwaSimIR\HwaSim_IR\Bin\Config\Atmosphere\MODTRAN\raw\audit_mwir_standard_20260906\mwir_std_solar_scatter\MODOUT2.txt,W/(cm^2 sr cm^-1),W/(cm^2 cm^-1),W/(m^2 sr um),W/(m^2 um),value_si=value_native*1e8/(wavelength_um^2),2981.0,3.354579000335458,0.7065047,5.5325e-10,0.00491637922325,0.0,0.0,0.0,0.0,7.2446e-11,0.0006437813090059999,7.2446e-11,0.0006437813090059999,0.0,0.0,0.0,0.0,6.257e-10,0.005560160532256
mwir_std_solar_scatter,D:\HwaSimIR\HwaSim_IR\Bin\Config\Atmosphere\MODTRAN\raw\audit_mwir_standard_20260906\mwir_std_solar_scatter\MODOUT2.txt,W/(cm^2 sr cm^-1),W/(cm^2 cm^-1),W/(m^2 sr um),W/(m^2 um),value_si=value_native*1e8/(wavelength_um^2),2982.0,3.35345405767941,0.88000047,2.2852e-10,0.00203207388048,0.0,0.0,0.0,0.0,8.6117e-11,0.0007657802659079999,8.6117e-11,0.0007657802659079999,0.0,0.0,0.0,0.0,3.1463e-10,0.0027978541463879996
mwir_std_solar_scatter,D:\HwaSimIR\HwaSim_IR\Bin\Config\Atmosphere\MODTRAN\raw\audit_mwir_standard_20260906\mwir_std_solar_scatter\MODOUT2.txt,W/(cm^2 sr cm^-1),W/(cm^2 cm^-1),W/(m^2 sr um),W/(m^2 um),value_si=value_native*1e8/(wavelength_um^2),2983.0,3.352329869259135,0.92773813,1.3758e-10,0.0012242266006200003,0.0,0.0,0.0,0.0,8.8635e-11,0.000788699845515,8.8635e-11,0.000788699845515,0.0,0.0,0.0,0.0,2.2621e-10,0.0020129264461350004
mwir_std_solar_scatter,D:\HwaSimIR\HwaSim_IR\Bin\Config\Atmosphere\MODTRAN\raw\audit_mwir_standard_20260906\mwir_std_solar_scatter\MODOUT2.txt,W/(cm^2 sr cm^-1),W/(cm^2 cm^-1),W/(m^2 sr um),W/(m^2 um),value_si=value_native*1e8/(wavelength_um^2),2984.0,3.351206434316354,0.64802623,5.8633e-10,0.00522083242048,0.0,0.0,0.0,0.0,6.9375e-11,0.0006177327600000001,6.9375e-11,0.0006177327600000001,0.0,0.0,0.0,0.0,6.557e-10,0.005838565180479999
mwir_std_solar_scatter,D:\HwaSimIR\HwaSim_IR\Bin\Config\Atmosphere\MODTRAN\raw\audit_mwir_standard_20260906\mwir_std_solar_scatter\MODOUT2.txt,W/(cm^2 sr cm^-1),W/(cm^2 cm^-1),W/(m^2 sr um),W/(m^2 um),value_si=value_native*1e8/(wavelength_um^2),2985.0,3.3500837520938025,0.93332756,1.3428e-10,0.001196465013,0.0,0.0,0.0,0.0,9.084e-11,0.000809404839,9.084e-11,0.000809404839,0.0,0.0,0.0,0.0,2.2512e-10,0.002005869852
mwir_std_solar_scatter,D:\HwaSimIR\HwaSim_IR\Bin\Config\Atmosphere\MODTRAN\raw\audit_mwir_standard_20260906\mwir_std_solar_scatter\MODOUT2.txt,W/(cm^2 sr cm^-1),W/(cm^2 cm^-1),W/(m^2 sr um),W/(m^2 um),value_si=value_native*1e8/(wavelength_um^2),2986.0,3.348961821835231,0.95791054,8.2981e-11,0.000739874860276,0.0,0.0,0.0,0.0,9.2475e-11,0.0008245252250999998,9.2475e-11,0.0008245252250999998,0.0,0.0,0.0,0.0,1.7546e-10,0.0015644000853759998
mwir_std_solar_scatter,D:\HwaSimIR\HwaSim_IR\Bin\Config\Atmosphere\MODTRAN\raw\audit_mwir_standard_20260906\mwir_std_solar_scatter\MODOUT2.txt,W/(cm^2 sr cm^-1),W/(cm^2 cm^-1),W/(m^2 sr um),W/(m^2 um),value_si=value_native*1e8/(wavelength_um^2),2987.0,3.3478406427854033,0.82127362,3.5122e-10,0.0031336441961800003,0.0,0.0,0.0,0.0,8.3006e-11,0.000740593560014,8.3006e-11,0.000740593560014,0.0,0.0,0.0,0.0,4.3423e-10,0.003874237756194
mwir_std_solar_scatter,D:\HwaSimIR\HwaSim_IR\Bin\Config\Atmosphere\MODTRAN\raw\audit_mwir_standard_20260906\mwir_std_solar_scatter\MODOUT2.txt,W/(cm^2 sr cm^-1),W/(cm^2 cm^-1),W/(m^2 sr um),W/(m^2 um),value_si=value_native*1e8/(wavelength_um^2),2988.0,3.3467202141900936,0.47321603,7.8656e-10,0.007022520944640001,0.0,0.0,0.0,0.0,5.3626e-11,0.000478780650144,5.3626e-11,0.000478780650144,0.0,0.0,0.0,0.0,8.4018e-10,0.007501301594784001
mwir_std_solar_scatter,D:\HwaSimIR\HwaSim_IR\Bin\Config\Atmosphere\MODTRAN\raw\audit_mwir_standard_20260906\mwir_std_solar_scatter\MODOUT2.txt,W/(cm^2 sr cm^-1),W/(cm^2 cm^-1),W/(m^2 sr um),W/(m^2 um),value_si=value_native*1e8/(wavelength_um^2),2989.0,3.345600535296086,0.20746426,7.8648e-10,0.007026507484079999,0.0,0.0,0.0,0.0,2.003e-11,0.00017895044363,2.003e-11,0.00017895044363,0.0,0.0,0.0,0.0,8.0651e-10,0.007205457927709998
mwir_std_solar_scatter,D:\HwaSimIR\HwaSim_IR\Bin\Config\Atmosphere\MODTRAN\raw\audit_mwir_standard_20260906\mwir_std_solar_scatter\MODOUT2.txt,W/(cm^2 sr cm^-1),W/(cm^2 cm^-1),W/(m^2 sr um),W/(m^2 um),value_si=value_native*1e8/(wavelength_um^2),2990.0,3.3444816053511706,0.83726293,2.8153e-10,0.002516906353,0.0,0.0,0.0,0.0,8.1513e-11,0.0007287343713000001,8.1513e-11,0.0007287343713000001,0.0,0.0,0.0,0.0,3.6304e-10,0.0032456407243000003
mwir_std_solar_scatter,D:\HwaSimIR\HwaSim_IR\Bin\Config\Atmosphere\MODTRAN\raw\audit_mwir_standard_20260906\mwir_std_solar_scatter\MODOUT2.txt,W/(cm^2 sr cm^-1),W/(cm^2 cm^-1),W/(m^2 sr um),W/(m^2 um),value_si=value_native*1e8/(wavelength_um^2),2991.0,3.3433634236041456,0.92721558,1.3996e-10,0.00125209349676,0.0,0.0,0.0,0.0,9.0955e-11,0.000813690797355,9.0955e-11,0.000813690797355,0.0,0.0,0.0,0.0,2.3091e-10,0.002065784294115
mwir_std_solar_scatter,D:\HwaSimIR\HwaSim_IR\Bin\Config\Atmosphere\MODTRAN\raw\audit_mwir_standard_20260906\mwir_std_solar_scatter\MODOUT2.txt,W/(cm^2 sr cm^-1),W/(cm^2 cm^-1),W/(m^2 sr um),W/(m^2 um),value_si=value_native*1e8/(wavelength_um^2),2992.0,3.342245989304813,0.55575013,7.0476e-10,0.006309056624639999,0.0,0.0,0.0,0.0,6.3616e-11,0.000569494503424,6.3616e-11,0.000569494503424,0.0,0.0,0.0,0.0,7.6837e-10,0.006878551128063999
mwir_std_solar_scatter,D:\HwaSimIR\HwaSim_IR\Bin\Config\Atmosphere\MODTRAN\raw\audit_mwir_standard_20260906\mwir_std_solar_scatter\MODOUT2.txt,W/(cm^2 sr cm^-1),W/(cm^2 cm^-1),W/(m^2 sr um),W/(m^2 um),value_si=value_native*1e8/(wavelength_um^2),2993.0,3.341129301703976,0.7635594,4.2013e-10,0.003763545126369999,0.0,0.0,0.0,0.0,8.0031e-11,0.000716921619519,8.0031e-11,0.000716921619519,0.0,0.0,0.0,0.0,5.0016e-10,0.004480466745888999
mwir_std_solar_scatter,D:\HwaSimIR\HwaSim_IR\Bin\Config\Atmosphere\MODTRAN\raw\audit_mwir_standard_20260906\mwir_std_solar_scatter\MODOUT2.txt,W/(cm^2 sr cm^-1),W/(cm^2 cm^-1),W/(m^2 sr um),W/(m^2 um),value_si=value_native*1e8/(wavelength_um^2),2994.0,3.3400133600534403,0.42290261,8.3166e-10,0.00745503017976,0.0,0.0,0.0,0.0,5.2993e-11,0.000475031159748,5.2993e-11,0.000475031159748,0.0,0.0,0.0,0.0,8.8466e-10,0.007930061339508
mwir_std_solar_scatter,D:\HwaSimIR\HwaSim_IR\Bin\Config\Atmosphere\MODTRAN\raw\audit_mwir_standard_20260906\mwir_std_solar_scatter\MODOUT2.txt,W/(cm^2 sr cm^-1),W/(cm^2 cm^-1),W/(m^2 sr um),W/(m^2 um),value_si=value_native*1e8/(wavelength_um^2),2995.0,3.33889816360601,0.61907572,6.2614e-10,0.005616491453500001,0.0,0.0,0.0,0.0,6.9729e-11,0.0006254708732250002,6.9729e-11,0.0006254708732250002,0.0,0.0,0.0,0.0,6.9587e-10,0.006241962326725001
mwir_std_solar_scatter,D:\HwaSimIR\HwaSim_IR\Bin\Config\Atmosphere\MODTRAN\raw\audit_mwir_standard_20260906\mwir_std_solar_scatter\MODOUT2.txt,W/(cm^2 sr cm^-1),W/(cm^2 cm^-1),W/(m^2 sr um),W/(m^2 um),value_si=value_native*1e8/(wavelength_um^2),2996.0,3.3377837116154874,0.93066287,1.3477e-10,0.0012096976763199998,0.0,0.0,0.0,0.0,9.2273e-11,0.0008282439243679998,9.2273e-11,0.0008282439243679998,0.0,0.0,0.0,0.0,2.2704e-10,0.0020379416006879995
mwir_std_solar_scatter,D:\HwaSimIR\HwaSim_IR\Bin\Config\Atmosphere\MODTRAN\raw\audit_mwir_standard_20260906\mwir_std_solar_scatter\MODOUT2.txt,W/(cm^2 sr cm^-1),W/(cm^2 cm^-1),W/(m^2 sr um),W/(m^2 um),value_si=value_native*1e8/(wavelength_um^2),2997.0,3.33667000333667,0.95738685,7.5495e-11,0.000678096769455,0.0,0.0,0.0,0.0,9.3458e-11,0.000839440597122,9.3458e-11,0.000839440597122,0.0,0.0,0.0,0.0,1.6895e-10,0.0015175373665769999
mwir_std_solar_scatter,D:\HwaSimIR\HwaSim_IR\Bin\Config\Atmosphere\MODTRAN\raw\audit_mwir_standard_20260906\mwir_std_solar_scatter\MODOUT2.txt,W/(cm^2 sr cm^-1),W/(cm^2 cm^-1),W/(m^2 sr um),W/(m^2 um),value_si=value_native*1e8/(wavelength_um^2),2998.0,3.33555703802535,0.91713512,1.3513e-10,0.0012145489805200002,0.0,0.0,0.0,0.0,8.8485e-11,0.0007953035339400002,8.8485e-11,0.0007953035339400002,0.0,0.0,0.0,0.0,2.2361e-10,0.0020098525144600005
mwir_std_solar_scatter,D:\HwaSimIR\HwaSim_IR\Bin\Config\Atmosphere\MODTRAN\raw\audit_mwir_standard_20260906\mwir_std_solar_scatter\MODOUT2.txt,W/(cm^2 sr cm^-1),W/(cm^2 cm^-1),W/(m^2 sr um),W/(m^2 um),value_si=value_native*1e8/(wavelength_um^2),2999.0,3.334444814938313,0.52187377,5.364e-10,0.0048243821364,0.0,0.0,0.0,0.0,4.8894e-11,0.00043975268489400003,4.8894e-11,0.00043975268489400003,0.0,0.0,0.0,0.0,5.8529e-10,0.005264134821294
mwir_std_solar_scatter,D:\HwaSimIR\HwaSim_IR\Bin\Config\Atmosphere\MODTRAN\raw\audit_mwir_standard_20260906\mwir_std_solar_scatter\MODOUT2.txt,W/(cm^2 sr cm^-1),W/(cm^2 cm^-1),W/(m^2 sr um),W/(m^2 um),value_si=value_native*1e8/(wavelength_um^2),3000.0,3.3333333333333335,0.93795621,1.0408e-10,0.0009367199999999999,0.0,0.0,0.0,0.0,9.1579e-11,0.0008242109999999999,9.1579e-11,0.0008242109999999999,0.0,0.0,0.0,0.0,1.9566e-10,0.0017609309999999999
mwir_std_solar_scatter,D:\HwaSimIR\HwaSim_IR\Bin\Config\Atmosphere\MODTRAN\raw\audit_mwir_standard_20260906\mwir_std_solar_scatter\MODOUT2.txt,W/(cm^2 sr cm^-1),W/(cm^2 cm^-1),W/(m^2 sr um),W/(m^2 um),value_si=value_native*1e8/(wavelength_um^2),3001.0,3.332222592469177,0.93024683,1.2296e-10,0.00110737788296,0.0,0.0,0.0,0.0,9.1716e-11,0.000825994387716,9.1716e-11,0.000825994387716,0.0,0.0,0.0,0.0,2.1467e-10,0.0019333722706759999
mwir_std_solar_scatter,D:\HwaSimIR\HwaSim_IR\Bin\Config\Atmosphere\MODTRAN\raw\audit_mwir_standard_20260906\mwir_std_solar_scatter\MODOUT2.txt,W/(cm^2 sr cm^-1),W/(cm^2 cm^-1),W/(m^2 sr um),W/(m^2 um),value_si=value_native*1e8/(wavelength_um^2),3002.0,3.331112591605596,0.93563771,1.1444e-10,0.0010313337377600002,0.0,0.0,0.0,0.0,9.2504e-11,0.0008336464180160001,9.2504e-11,0.0008336464180160001,0.0,0.0,0.0,0.0,2.0694e-10,0.0018649801557760002
mwir_std_solar_scatter,D:\HwaSimIR\HwaSim_IR\Bin\Config\Atmosphere\MODTRAN\raw\audit_mwir_standard_20260906\mwir_std_solar_scatter\MODOUT2.txt,W/(cm^2 sr cm^-1),W/(cm^2 cm^-1),W/(m^2 sr um),W/(m^2 um),value_si=value_native*1e8/(wavelength_um^2),3003.0,3.33000333000333,0.77382571,3.6585e-10,0.00329923859265,0.0,0.0,0.0,0.0,8.0172e-11,0.0007229918175480001,8.0172e-11,0.0007229918175480001,0.0,0.0,0.0,0.0,4.4602e-10,0.0040222304101980005
mwir_std_solar_scatter,D:\HwaSimIR\HwaSim_IR\Bin\Config\Atmosphere\MODTRAN\raw\audit_mwir_standard_20260906\mwir_std_solar_scatter\MODOUT2.txt,W/(cm^2 sr cm^-1),W/(cm^2 cm^-1),W/(m^2 sr um),W/(m^2 um),value_si=value_native*1e8/(wavelength_um^2),3004.0,3.3288948069241013,0.33938265,9.2488e-10,0.008346131918079999,0.0,0.0,0.0,0.0,4.6538e-11,0.0004199596566079999,4.6538e-11,0.0004199596566079999,0.0,0.0,0.0,0.0,9.7142e-10,0.008766091574687999
mwir_std_solar_scatter,D:\HwaSimIR\HwaSim_IR\Bin\Config\Atmosphere\MODTRAN\raw\audit_mwir_standard_20260906\mwir_std_solar_scatter\MODOUT2.txt,W/(cm^2 sr cm^-1),W/(cm^2 cm^-1),W/(m^2 sr um),W/(m^2 um),value_si=value_native*1e8/(wavelength_um^2),3005.0,3.327787021630616,0.37023735,8.5975e-10,0.007763563993749998,0.0,0.0,0.0,0.0,4.7538e-11,0.0004292693284499999,4.7538e-11,0.0004292693284499999,0.0,0.0,0.0,0.0,9.0728e-10,0.008192833322199998
mwir_std_solar_scatter,D:\HwaSimIR\HwaSim_IR\Bin\Config\Atmosphere\MODTRAN\raw\audit_mwir_standard_20260906\mwir_std_solar_scatter\MODOUT2.txt,W/(cm^2 sr cm^-1),W/(cm^2 cm^-1),W/(m^2 sr um),W/(m^2 um),value_si=value_native*1e8/(wavelength_um^2),3006.0,3.32667997338656,0.81730658,2.9284e-10,0.00264611278224,0.0,0.0,0.0,0.0,7.9609e-11,0.000719349789924,7.9609e-11,0.000719349789924,0.0,0.0,0.0,0.0,3.7245e-10,0.0033654625721640003
mwir_std_solar_scatter,D:\HwaSimIR\HwaSim_IR\Bin\Config\Atmosphere\MODTRAN\raw\audit_mwir_standard_20260906\mwir_std_solar_scatter\MODOUT2.txt,W/(cm^2 sr cm^-1),W/(cm^2 cm^-1),W/(m^2 sr um),W/(m^2 um),value_si=value_native*1e8/(wavelength_um^2),3007.0,3.3255736614566014,0.67320877,4.5633e-10,0.00412615822017,0.0,0.0,0.0,0.0,6.0144e-11,0.000543824995056,6.0144e-11,0.000543824995056,0.0,0.0,0.0,0.0,5.1648e-10,0.004669983215226
mwir_std_solar_scatter,D:\HwaSimIR\HwaSim_IR\Bin\Config\Atmosphere\MODTRAN\raw\audit_mwir_standard_20260906\mwir_std_solar_scatter\MODOUT2.txt,W/(cm^2 sr cm^-1),W/(cm^2 cm^-1),W/(m^2 sr um),W/(m^2 um),value_si=value_native*1e8/(wavelength_um^2),3008.0,3.324468085106383,0.65689492,4.7766e-10,0.00432189825024,0.0,0.0,0.0,0.0,5.7197e-11,0.0005175221166080001,5.7197e-11,0.0005175221166080001,0.0,0.0,0.0,0.0,5.3485e-10,0.004839420366848
mwir_std_solar_scatter,D:\HwaSimIR\HwaSim_IR\Bin\Config\Atmosphere\MODTRAN\raw\audit_mwir_standard_20260906\mwir_std_solar_scatter\MODOUT2.txt,W/(cm^2 sr cm^-1),W/(cm^2 cm^-1),W/(m^2 sr um),W/(m^2 um),value_si=value_native*1e8/(wavelength_um^2),3009.0,3.3233632436025258,0.50785464,6.2919e-10,0.005696737224390001,0.0,0.0,0.0,0.0,4.742e-11,0.00042934452102000005,4.742e-11,0.00042934452102000005,0.0,0.0,0.0,0.0,6.7661e-10,0.006126081745410001
mwir_std_solar_scatter,D:\HwaSimIR\HwaSim_IR\Bin\Config\Atmosphere\MODTRAN\raw\audit_mwir_standard_20260906\mwir_std_solar_scatter\MODOUT2.txt,W/(cm^2 sr cm^-1),W/(cm^2 cm^-1),W/(m^2 sr um),W/(m^2 um),value_si=value_native*1e8/(wavelength_um^2),3010.0,3.3222591362126246,0.15428695,9.1996e-10,0.008334929595999999,0.0,0.0,0.0,0.0,2.5446e-11,0.00023054330460000003,2.5446e-11,0.00023054330460000003,0.0,0.0,0.0,0.0,9.454e-10,0.008565472900599998
mwir_std_solar_scatter,D:\HwaSimIR\HwaSim_IR\Bin\Config\Atmosphere\MODTRAN\raw\audit_mwir_standard_20260906\mwir_std_solar_scatter\MODOUT2.txt,W/(cm^2 sr cm^-1),W/(cm^2 cm^-1),W/(m^2 sr um),W/(m^2 um),value_si=value_native*1e8/(wavelength_um^2),3011.0,3.3211557622052474,0.29789275,9.3184e-10,0.008448174192639999,0.0,0.0,0.0,0.0,3.6844e-11,0.000334032162124,3.6844e-11,0.000334032162124,0.0,0.0,0.0,0.0,9.6868e-10,0.008782206354763998
mwir_std_solar_scatter,D:\HwaSimIR\HwaSim_IR\Bin\Config\Atmosphere\MODTRAN\raw\audit_mwir_standard_20260906\mwir_std_solar_scatter\MODOUT2.txt,W/(cm^2 sr cm^-1),W/(cm^2 cm^-1),W/(m^2 sr um),W/(m^2 um),value_si=value_native*1e8/(wavelength_um^2),3012.0,3.3200531208499338,0.2115901,9.8739e-10,0.00895774426416,0.0,0.0,0.0,0.0,2.7577e-11,0.000250182515088,2.7577e-11,0.000250182515088,0.0,0.0,0.0,0.0,1.015e-09,0.009207926779248
mwir_std_solar_scatter,D:\HwaSimIR\HwaSim_IR\Bin\Config\Atmosphere\MODTRAN\raw\audit_mwir_standard_20260906\mwir_std_solar_scatter\MODOUT2.txt,W/(cm^2 sr cm^-1),W/(cm^2 cm^-1),W/(m^2 sr um),W/(m^2 um),value_si=value_native*1e8/(wavelength_um^2),3013.0,3.318951211417192,0.08425333,8.1954e-10,0.007439922622260001,0.0,0.0,0.0,0.0,1.3314e-11,0.00012086674206600002,1.3314e-11,0.00012086674206600002,0.0,0.0,0.0,0.0,8.3285e-10,0.007560789364326001
mwir_std_solar_scatter,D:\HwaSimIR\HwaSim_IR\Bin\Config\Atmosphere\MODTRAN\raw\audit_mwir_standard_20260906\mwir_std_solar_scatter\MODOUT2.txt,W/(cm^2 sr cm^-1),W/(cm^2 cm^-1),W/(m^2 sr um),W/(m^2 um),value_si=value_native*1e8/(wavelength_um^2),3014.0,3.3178500331785004,0.10166142,8.0474e-10,0.007310415889039999,0.0,0.0,0.0,0.0,1.2277e-11,0.000111526674292,1.2277e-11,0.000111526674292,0.0,0.0,0.0,0.0,8.1701e-10,0.007421942563331999
mwir_std_solar_scatter,D:\HwaSimIR\HwaSim_IR\Bin\Config\Atmosphere\MODTRAN\raw\audit_mwir_standard_20260906\mwir_std_solar_scatter\MODOUT2.txt,W/(cm^2 sr cm^-1),W/(cm^2 cm^-1),W/(m^2 sr um),W/(m^2 um),value_si=value_native*1e8/(wavelength_um^2),3015.0,3.316749585406302,0.05709565,7.0655e-10,0.006422698473749999,0.0,0.0,0.0,0.0,7.2874e-12,6.6244105665e-05,7.2874e-12,6.6244105665e-05,0.0,0.0,0.0,0.0,7.1383e-10,0.006488942579415
mwir_std_solar_scatter,D:\HwaSimIR\HwaSim_IR\Bin\Config\Atmosphere\MODTRAN\raw\audit_mwir_standard_20260906\mwir_std_solar_scatter\MODOUT2.txt,W/(cm^2 sr cm^-1),W/(cm^2 cm^-1),W/(m^2 sr um),W/(m^2 um),value_si=value_native*1e8/(wavelength_um^2),3016.0,3.315649867374005,0.01594784,5.7224e-10,0.005205241533440001,0.0,0.0,0.0,0.0,2.7663e-12,2.5162972972800002e-05,2.7663e-12,2.5162972972800002e-05,0.0,0.0,0.0,0.0,5.75e-10,0.005230404506412801
mwir_std_solar_scatter,D:\HwaSimIR\HwaSim_IR\Bin\Config\Atmosphere\MODTRAN\raw\audit_mwir_standard_20260906\mwir_std_solar_scatter\MODOUT2.txt,W/(cm^2 sr cm^-1),W/(cm^2 cm^-1),W/(m^2 sr um),W/(m^2 um),value_si=value_native*1e8/(wavelength_um^2),3017.0,3.3145508783559827,0.00304112,4.7113e-10,0.004288361416570001,0.0,0.0,0.0,0.0,5.249e-13,4.777791496100001e-06,5.249e-13,4.777791496100001e-06,0.0,0.0,0.0,0.0,4.7165e-10,0.0042931392080661004
mwir_std_solar_scatter,D:\HwaSimIR\HwaSim_IR\Bin\Config\Atmosphere\MODTRAN\raw\audit_mwir_standard_20260906\mwir_std_solar_scatter\MODOUT2.txt,W/(cm^2 sr cm^-1),W/(cm^2 cm^-1),W/(m^2 sr um),W/(m^2 um),value_si=value_native*1e8/(wavelength_um^2),3018.0,3.313452617627568,0.00402837,4.6667e-10,0.00425058156108,0.0,0.0,0.0,0.0,4.5719e-13,4.16423464956e-06,4.5719e-13,4.16423464956e-06,0.0,0.0,0.0,0.0,4.6713e-10,0.00425474579572956
mwir_std_solar_scatter,D:\HwaSimIR\HwaSim_IR\Bin\Config\Atmosphere\MODTRAN\raw\audit_mwir_standard_20260906\mwir_std_solar_scatter\MODOUT2.txt,W/(cm^2 sr cm^-1),W/(cm^2 cm^-1),W/(m^2 sr um),W/(m^2 um),value_si=value_native*1e8/(wavelength_um^2),3019.0,3.3123550844650547,0.31599119,6.4464e-10,0.005875481675039999,0.0,0.0,0.0,0.0,2.8698e-11,0.000261563931978,2.8698e-11,0.000261563931978,0.0,0.0,0.0,0.0,6.7334e-10,0.006137045607017999
mwir_std_solar_scatter,D:\HwaSimIR\HwaSim_IR\Bin\Config\Atmosphere\MODTRAN\raw\audit_mwir_standard_20260906\mwir_std_solar_scatter\MODOUT2.txt,W/(cm^2 sr cm^-1),W/(cm^2 cm^-1),W/(m^2 sr um),W/(m^2 um),value_si=value_native*1e8/(wavelength_um^2),3020.0,3.3112582781456954,0.79710859,2.9573e-10,0.002697175892,0.0,0.0,0.0,0.0,7.8196e-11,0.0007131787983999999,7.8196e-11,0.0007131787983999999,0.0,0.0,0.0,0.0,3.7392e-10,0.0034103546903999997
mwir_std_solar_scatter,D:\HwaSimIR\HwaSim_IR\Bin\Config\Atmosphere\MODTRAN\raw\audit_mwir_standard_20260906\mwir_std_solar_scatter\MODOUT2.txt,W/(cm^2 sr cm^-1),W/(cm^2 cm^-1),W/(m^2 sr um),W/(m^2 um),value_si=value_native*1e8/(wavelength_um^2),3021.0,3.3101621979476996,0.55778319,5.567e-10,0.005080689704699999,0.0,0.0,0.0,0.0,4.3588e-11,0.0003978033103079999,4.3588e-11,0.0003978033103079999,0.0,0.0,0.0,0.0,6.0029e-10,0.005478493015007999
mwir_std_solar_scatter,D:\HwaSimIR\HwaSim_IR\Bin\Config\Atmosphere\MODTRAN\raw\audit_mwir_standard_20260906\mwir_std_solar_scatter\MODOUT2.txt,W/(cm^2 sr cm^-1),W/(cm^2 cm^-1),W/(m^2 sr um),W/(m^2 um),value_si=value_native*1e8/(wavelength_um^2),3022.0,3.3090668431502315,0.55975455,5.6224e-10,0.005134647804160001,0.0,0.0,0.0,0.0,6.3141e-11,0.000576634172244,6.3141e-11,0.000576634172244,0.0,0.0,0.0,0.0,6.2538e-10,0.0057112819764040005
mwir_std_solar_scatter,D:\HwaSimIR\HwaSim_IR\Bin\Config\Atmosphere\MODTRAN\raw\audit_mwir_standard_20260906\mwir_std_solar_scatter\MODOUT2.txt,W/(cm^2 sr cm^-1),W/(cm^2 cm^-1),W/(m^2 sr um),W/(m^2 um),value_si=value_native*1e8/(wavelength_um^2),3023.0,3.3079722130334104,0.73230696,4.329e-10,0.0039560692041,0.0,0.0,0.0,0.0,7.9865e-11,0.0007298486185850001,7.9865e-11,0.0007298486185850001,0.0,0.0,0.0,0.0,5.1276e-10,0.004685917822685
mwir_std_solar_scatter,D:\HwaSimIR\HwaSim_IR\Bin\Config\Atmosphere\MODTRAN\raw\audit_mwir_standard_20260906\mwir_std_solar_scatter\MODOUT2.txt,W/(cm^2 sr cm^-1),W/(cm^2 cm^-1),W/(m^2 sr um),W/(m^2 um),value_si=value_native*1e8/(wavelength_um^2),3024.0,3.306878306878307,0.89041311,1.8211e-10,0.00166531873536,0.0,0.0,0.0,0.0,9.135e-11,0.0008353570176,9.135e-11,0.0008353570176,0.0,0.0,0.0,0.0,2.7346e-10,0.00250067575296
mwir_std_solar_scatter,D:\HwaSimIR\HwaSim_IR\Bin\Config\Atmosphere\MODTRAN\raw\audit_mwir_standard_20260906\mwir_std_solar_scatter\MODOUT2.txt,W/(cm^2 sr cm^-1),W/(cm^2 cm^-1),W/(m^2 sr um),W/(m^2 um),value_si=value_native*1e8/(wavelength_um^2),3025.0,3.3057851239669422,0.66042221,5.2566e-10,0.004810117537499999,0.0,0.0,0.0,0.0,7.2441e-11,0.000662880425625,7.2441e-11,0.000662880425625,0.0,0.0,0.0,0.0,5.981e-10,0.005472997963124999
mwir_std_solar_scatter,D:\HwaSimIR\HwaSim_IR\Bin\Config\Atmosphere\MODTRAN\raw\audit_mwir_standard_20260906\mwir_std_solar_scatter\MODOUT2.txt,W/(cm^2 sr cm^-1),W/(cm^2 cm^-1),W/(m^2 sr um),W/(m^2 um),value_si=value_native*1e8/(wavelength_um^2),3026.0,3.3046926635822866,0.29080668,7.7469e-10,0.007093585330440002,0.0,0.0,0.0,0.0,4.0969e-11,0.000375139859044,4.0969e-11,0.000375139859044,0.0,0.0,0.0,0.0,8.1566e-10,0.007468725189484002
mwir_std_solar_scatter,D:\HwaSimIR\HwaSim_IR\Bin\Config\Atmosphere\MODTRAN\raw\audit_mwir_standard_20260906\mwir_std_solar_scatter\MODOUT2.txt,W/(cm^2 sr cm^-1),W/(cm^2 cm^-1),W/(m^2 sr um),W/(m^2 um),value_si=value_native*1e8/(wavelength_um^2),3027.0,3.303600925008259,0.85473794,2.3948e-10,0.0021942903409199995,0.0,0.0,0.0,0.0,8.879e-11,0.0008135587079099999,8.879e-11,0.0008135587079099999,0.0,0.0,0.0,0.0,3.2827e-10,0.0030078490488299994
mwir_std_solar_scatter,D:\HwaSimIR\HwaSim_IR\Bin\Config\Atmosphere\MODTRAN\raw\audit_mwir_standard_20260906\mwir_std_solar_scatter\MODOUT2.txt,W/(cm^2 sr cm^-1),W/(cm^2 cm^-1),W/(m^2 sr um),W/(m^2 um),value_si=value_native*1e8/(wavelength_um^2),3028.0,3.3025099075297226,0.84672517,2.3182e-10,0.0021255075068799998,0.0,0.0,0.0,0.0,8.5516e-11,0.0007840777325439998,8.5516e-11,0.0007840777325439998,0.0,0.0,0.0,0.0,3.1733e-10,0.002909585239424
mwir_std_solar_scatter,D:\HwaSimIR\HwaSim_IR\Bin\Config\Atmosphere\MODTRAN\raw\audit_mwir_standard_20260906\mwir_std_solar_scatter\MODOUT2.txt,W/(cm^2 sr cm^-1),W/(cm^2 cm^-1),W/(m^2 sr um),W/(m^2 um),value_si=value_native*1e8/(wavelength_um^2),3029.0,3.301419610432486,0.53475124,4.7785e-10,0.00438419777185,0.0,0.0,0.0,0.0,5.2359e-11,0.000480385499919,5.2359e-11,0.000480385499919,0.0,0.0,0.0,0.0,5.3021e-10,0.004864583271769
mwir_std_solar_scatter,D:\HwaSimIR\HwaSim_IR\Bin\Config\Atmosphere\MODTRAN\raw\audit_mwir_standard_20260906\mwir_std_solar_scatter\MODOUT2.txt,W/(cm^2 sr cm^-1),W/(cm^2 cm^-1),W/(m^2 sr um),W/(m^2 um),value_si=value_native*1e8/(wavelength_um^2),3030.0,3.3003300330033003,0.4699716,7.6328e-10,0.007007597351999999,0.0,0.0,0.0,0.0,6.0633e-11,0.0005566655097,6.0633e-11,0.0005566655097,0.0,0.0,0.0,0.0,8.2391e-10,0.007564262861699999
mwir_std_solar_scatter,D:\HwaSimIR\HwaSim_IR\Bin\Config\Atmosphere\MODTRAN\raw\audit_mwir_standard_20260906\mwir_std_solar_scatter\MODOUT2.txt,W/(cm^2 sr cm^-1),W/(cm^2 cm^-1),W/(m^2 sr um),W/(m^2 um),value_si=value_native*1e8/(wavelength_um^2),3031.0,3.299241174529858,0.13782102,8.5508e-10,0.007855586611880001,0.0,0.0,0.0,0.0,2.7228e-11,0.00025014257410800004,2.7228e-11,0.00025014257410800004,0.0,0.0,0.0,0.0,8.8231e-10,0.008105729185988002
mwir_std_solar_scatter,D:\HwaSimIR\HwaSim_IR\Bin\Config\Atmosphere\MODTRAN\raw\audit_mwir_standard_20260906\mwir_std_solar_scatter\MODOUT2.txt,W/(cm^2 sr cm^-1),W/(cm^2 cm^-1),W/(m^2 sr um),W/(m^2 um),value_si=value_native*1e8/(wavelength_um^2),3032.0,3.2981530343007917,0.0806596,8.3022e-10,0.007632232385279999,0.0,0.0,0.0,0.0,2.0456e-11,0.000188052498944,2.0456e-11,0.000188052498944,0.0,0.0,0.0,0.0,8.5068e-10,0.007820284884223998
mwir_std_solar_scatter,D:\HwaSimIR\HwaSim_IR\Bin\Config\Atmosphere\MODTRAN\raw\audit_mwir_standard_20260906\mwir_std_solar_scatter\MODOUT2.txt,W/(cm^2 sr cm^-1),W/(cm^2 cm^-1),W/(m^2 sr um),W/(m^2 um),value_si=value_native*1e8/(wavelength_um^2),3033.0,3.297065611605671,0.69836324,4.8766e-10,0.00448602774174,0.0,0.0,0.0,0.0,7.7177e-11,0.000709958091753,7.7177e-11,0.000709958091753,0.0,0.0,0.0,0.0,5.6484e-10,0.0051959858334930005
mwir_std_solar_scatter,D:\HwaSimIR\HwaSim_IR\Bin\Config\Atmosphere\MODTRAN\raw\audit_mwir_standard_20260906\mwir_std_solar_scatter\MODOUT2.txt,W/(cm^2 sr cm^-1),W/(cm^2 cm^-1),W/(m^2 sr um),W/(m^2 um),value_si=value_native*1e8/(wavelength_um^2),3034.0,3.2959789057350033,0.21851993,8.1133e-10,0.00746841921748,0.0,0.0,0.0,0.0,3.4309e-11,0.000315819697204,3.4309e-11,0.000315819697204,0.0,0.0,0.0,0.0,8.4564e-10,0.007784238914683999
mwir_std_solar_scatter,D:\HwaSimIR\HwaSim_IR\Bin\Config\Atmosphere\MODTRAN\raw\audit_mwir_standard_20260906\mwir_std_solar_scatter\MODOUT2.txt,W/(cm^2 sr cm^-1),W/(cm^2 cm^-1),W/(m^2 sr um),W/(m^2 um),value_si=value_native*1e8/(wavelength_um^2),3035.0,3.2948929159802307,0.52677,7.0536e-10,0.006497229665999999,0.0,0.0,0.0,0.0,6.4701e-11,0.000595975468725,6.4701e-11,0.000595975468725,0.0,0.0,0.0,0.0,7.7006e-10,0.007093205134724999
mwir_std_solar_scatter,D:\HwaSimIR\HwaSim_IR\Bin\Config\Atmosphere\MODTRAN\raw\audit_mwir_standard_20260906\mwir_std_solar_scatter\MODOUT2.txt,W/(cm^2 sr cm^-1),W/(cm^2 cm^-1),W/(m^2 sr um),W/(m^2 um),value_si=value_native*1e8/(wavelength_um^2),3036.0,3.2938076416337285,0.45256165,6.5472e-10,0.006034748037120001,0.0,0.0,0.0,0.0,5.6771e-11,0.0005232751112160001,5.6771e-11,0.0005232751112160001,0.0,0.0,0.0,0.0,7.1149e-10,0.006558023148336001
mwir_std_solar_scatter,D:\HwaSimIR\HwaSim_IR\Bin\Config\Atmosphere\MODTRAN\raw\audit_mwir_standard_20260906\mwir_std_solar_scatter\MODOUT2.txt,W/(cm^2 sr cm^-1),W/(cm^2 cm^-1),W/(m^2 sr um),W/(m^2 um),value_si=value_native*1e8/(wavelength_um^2),3037.0,3.2927230819888047,0.85738671,2.233e-10,0.0020595782977000003,0.0,0.0,0.0,0.0,8.9529e-11,0.000825759003201,8.9529e-11,0.000825759003201,0.0,0.0,0.0,0.0,3.1283e-10,0.0028853373009010003
mwir_std_solar_scatter,D:\HwaSimIR\HwaSim_IR\Bin\Config\Atmosphere\MODTRAN\raw\audit_mwir_standard_20260906\mwir_std_solar_scatter\MODOUT2.txt,W/(cm^2 sr cm^-1),W/(cm^2 cm^-1),W/(m^2 sr um),W/(m^2 um),value_si=value_native*1e8/(wavelength_um^2),3038.0,3.291639236339697,0.68856001,3.0335e-10,0.0027997518374,0.0,0.0,0.0,0.0,6.8697e-11,0.000634035114468,6.8697e-11,0.000634035114468,0.0,0.0,0.0,0.0,3.7204e-10,0.003433786951868
mwir_std_solar_scatter,D:\HwaSimIR\HwaSim_IR\Bin\Config\Atmosphere\MODTRAN\raw\audit_mwir_standard_20260906\mwir_std_solar_scatter\MODOUT2.txt,W/(cm^2 sr cm^-1),W/(cm^2 cm^-1),W/(m^2 sr um),W/(m^2 um),value_si=value_native*1e8/(wavelength_um^2),3039.0,3.2905561039815727,0.82789439,2.2099e-10,0.0020409577857900003,0.0,0.0,0.0,0.0,8.0667e-11,0.0007450017725070002,8.0667e-11,0.0007450017725070002,0.0,0.0,0.0,0.0,3.0165e-10,0.0027859595582970004
mwir_std_solar_scatter,D:\HwaSimIR\HwaSim_IR\Bin\Config\Atmosphere\MODTRAN\raw\audit_mwir_standard_20260906\mwir_std_solar_scatter\MODOUT2.txt,W/(cm^2 sr cm^-1),W/(cm^2 cm^-1),W/(m^2 sr um),W/(m^2 um),value_si=value_native*1e8/(wavelength_um^2),3040.0,3.289473684210526,0.95084471,7.4029e-11,0.0006841464064000001,0.0,0.0,0.0,0.0,9.7278e-11,0.0008990043648000001,9.7278e-11,0.0008990043648000001,0.0,0.0,0.0,0.0,1.7131e-10,0.0015831507712000003
mwir_std_solar_scatter,D:\HwaSimIR\HwaSim_IR\Bin\Config\Atmosphere\MODTRAN\raw\audit_mwir_standard_20260906\mwir_std_solar_scatter\MODOUT2.txt,W/(cm^2 sr cm^-1),W/(cm^2 cm^-1),W/(m^2 sr um),W/(m^2 um),value_si=value_native*1e8/(wavelength_um^2),3041.0,3.288391976323578,0.95598626,6.7867e-11,0.0006276123664269999,0.0,0.0,0.0,0.0,9.8689e-11,0.000912644390209,9.8689e-11,0.000912644390209,0.0,0.0,0.0,0.0,1.6656e-10,0.0015402567566359998
mwir_std_solar_scatter,D:\HwaSimIR\HwaSim_IR\Bin\Config\Atmosphere\MODTRAN\raw\audit_mwir_standard_20260906\mwir_std_solar_scatter\MODOUT2.txt,W/(cm^2 sr cm^-1),W/(cm^2 cm^-1),W/(m^2 sr um),W/(m^2 um),value_si=value_native*1e8/(wavelength_um^2),3042.0,3.287310979618672,0.93939567,9.1563e-11,0.000847302393132,0.0,0.0,0.0,0.0,9.7118e-11,0.0008987070521520001,9.7118e-11,0.0008987070521520001,0.0,0.0,0.0,0.0,1.8868e-10,0.001746009445284
mwir_std_solar_scatter,D:\HwaSimIR\HwaSim_IR\Bin\Config\Atmosphere\MODTRAN\raw\audit_mwir_standard_20260906\mwir_std_solar_scatter\MODOUT2.txt,W/(cm^2 sr cm^-1),W/(cm^2 cm^-1),W/(m^2 sr um),W/(m^2 um),value_si=value_native*1e8/(wavelength_um^2),3043.0,3.286230693394676,0.94917297,7.5721e-11,0.000701165026129,0.0,0.0,0.0,0.0,9.7979e-11,0.0009072707451710002,9.7979e-11,0.0009072707451710002,0.0,0.0,0.0,0.0,1.737e-10,0.0016084357713
mwir_std_solar_scatter,D:\HwaSimIR\HwaSim_IR\Bin\Config\Atmosphere\MODTRAN\raw\audit_mwir_standard_20260906\mwir_std_solar_scatter\MODOUT2.txt,W/(cm^2 sr cm^-1),W/(cm^2 cm^-1),W/(m^2 sr um),W/(m^2 um),value_si=value_native*1e8/(wavelength_um^2),3044.0,3.2851511169513796,0.91824663,1.2089e-10,0.0011201590030400002,0.0,0.0,0.0,0.0,9.6019e-11,0.0008897059087840001,9.6019e-11,0.0008897059087840001,0.0,0.0,0.0,0.0,2.1691e-10,0.002009864911824
mwir_std_solar_scatter,D:\HwaSimIR\HwaSim_IR\Bin\Config\Atmosphere\MODTRAN\raw\audit_mwir_standard_20260906\mwir_std_solar_scatter\MODOUT2.txt,W/(cm^2 sr cm^-1),W/(cm^2 cm^-1),W/(m^2 sr um),W/(m^2 um),value_si=value_native*1e8/(wavelength_um^2),3045.0,3.284072249589491,0.95081663,7.3975e-11,0.000685898049375,0.0,0.0,0.0,0.0,9.8841e-11,0.000916456223025,9.8841e-11,0.000916456223025,0.0,0.0,0.0,0.0,1.7282e-10,0.0016023542724
mwir_std_solar_scatter,D:\HwaSimIR\HwaSim_IR\Bin\Config\Atmosphere\MODTRAN\raw\audit_mwir_standard_20260906\mwir_std_solar_scatter\MODOUT2.txt,W/(cm^2 sr cm^-1),W/(cm^2 cm^-1),W/(m^2 sr um),W/(m^2 um),value_si=value_native*1e8/(wavelength_um^2),3046.0,3.2829940906106367,0.93629116,9.4564e-11,0.0008773757614240001,0.0,0.0,0.0,0.0,9.8521e-11,0.000914089266436,9.8521e-11,0.000914089266436,0.0,0.0,0.0,0.0,1.9308e-10,0.0017914650278600002
mwir_std_solar_scatter,D:\HwaSimIR\HwaSim_IR\Bin\Config\Atmosphere\MODTRAN\raw\audit_mwir_standard_20260906\mwir_std_solar_scatter\MODOUT2.txt,W/(cm^2 sr cm^-1),W/(cm^2 cm^-1),W/(m^2 sr um),W/(m^2 um),value_si=value_native*1e8/(wavelength_um^2),3047.0,3.2819166393173616,0.885737,1.6392e-10,0.0015218675392799999,0.0,0.0,0.0,0.0,9.345e-11,0.0008676093310499998,9.345e-11,0.0008676093310499998,0.0,0.0,0.0,0.0,2.5737e-10,0.0023894768703299997
mwir_std_solar_scatter,D:\HwaSimIR\HwaSim_IR\Bin\Config\Atmosphere\MODTRAN\raw\audit_mwir_standard_20260906\mwir_std_solar_scatter\MODOUT2.txt,W/(cm^2 sr cm^-1),W/(cm^2 cm^-1),W/(m^2 sr um),W/(m^2 um),value_si=value_native*1e8/(wavelength_um^2),3048.0,3.2808398950131235,0.29432616,6.3515e-10,0.005900736585599999,0.0,0.0,0.0,0.0,3.2261e-11,0.000299714497344,3.2261e-11,0.000299714497344,0.0,0.0,0.0,0.0,6.6741e-10,0.006200451082943999
mwir_std_solar_scatter,D:\HwaSimIR\HwaSim_IR\Bin\Config\Atmosphere\MODTRAN\raw\audit_mwir_standard_20260906\mwir_std_solar_scatter\MODOUT2.txt,W/(cm^2 sr cm^-1),W/(cm^2 cm^-1),W/(m^2 sr um),W/(m^2 um),value_si=value_native*1e8/(wavelength_um^2),3049.0,3.279763857002296,0.08060662,7.3855e-10,0.00686585695855,0.0,0.0,0.0,0.0,1.9886e-11,0.000184868230286,1.9886e-11,0.000184868230286,0.0,0.0,0.0,0.0,7.5844e-10,0.007050725188836
mwir_std_solar_scatter,D:\HwaSimIR\HwaSim_IR\Bin\Config\Atmosphere\MODTRAN\raw\audit_mwir_standard_20260906\mwir_std_solar_scatter\MODOUT2.txt,W/(cm^2 sr cm^-1),W/(cm^2 cm^-1),W/(m^2 sr um),W/(m^2 um),value_si=value_native*1e8/(wavelength_um^2),3050.0,3.278688524590164,0.78137159,3.2251e-10,0.003000149275,0.0,0.0,0.0,0.0,8.471e-11,0.0007880147749999999,8.471e-11,0.0007880147749999999,0.0,0.0,0.0,0.0,4.0722e-10,0.00378816405
mwir_std_solar_scatter,D:\HwaSimIR\HwaSim_IR\Bin\Config\Atmosphere\MODTRAN\raw\audit_mwir_standard_20260906\mwir_std_solar_scatter\MODOUT2.txt,W/(cm^2 sr cm^-1),W/(cm^2 cm^-1),W/(m^2 sr um),W/(m^2 um),value_si=value_native*1e8/(wavelength_um^2),3051.0,3.2776138970829236,0.85056216,2.1693e-10,0.00201931481493,0.0,0.0,0.0,0.0,8.8383e-11,0.000822722082183,8.8383e-11,0.000822722082183,0.0,0.0,0.0,0.0,3.0531e-10,0.0028420368971130002
mwir_std_solar_scatter,D:\HwaSimIR\HwaSim_IR\Bin\Config\Atmosphere\MODTRAN\raw\audit_mwir_standard_20260906\mwir_std_solar_scatter\MODOUT2.txt,W/(cm^2 sr cm^-1),W/(cm^2 cm^-1),W/(m^2 sr um),W/(m^2 um),value_si=value_native*1e8/(wavelength_um^2),3052.0,3.2765399737876804,0.87211287,1.843e-10,0.0017166999471999998,0.0,0.0,0.0,0.0,9.0719e-11,0.000845020632176,9.0719e-11,0.000845020632176,0.0,0.0,0.0,0.0,2.7502e-10,0.002561720579376
mwir_std_solar_scatter,D:\HwaSimIR\HwaSim_IR\Bin\Config\Atmosphere\MODTRAN\raw\audit_mwir_standard_20260906\mwir_std_solar_scatter\MODOUT2.txt,W/(cm^2 sr cm^-1),W/(cm^2 cm^-1),W/(m^2 sr um),W/(m^2 um),value_si=value_native*1e8/(wavelength_um^2),3053.0,3.275466754012447,0.9157759,1.1996e-10,0.00111812424764,0.0,0.0,0.0,0.0,9.2667e-11,0.0008637314076030001,9.2667e-11,0.0008637314076030001,0.0,0.0,0.0,0.0,2.1262e-10,0.001981855655243
mwir_std_solar_scatter,D:\HwaSimIR\HwaSim_IR\Bin\Config\Atmosphere\MODTRAN\raw\audit_mwir_standard_20260906\mwir_std_solar_scatter\MODOUT2.txt,W/(cm^2 sr cm^-1),W/(cm^2 cm^-1),W/(m^2 sr um),W/(m^2 um),value_si=value_native*1e8/(wavelength_um^2),3054.0,3.2743942370661427,0.89713717,1.4717e-10,0.0013726422277199998,0.0,0.0,0.0,0.0,9.0779e-11,0.000846688107564,9.0779e-11,0.000846688107564,0.0,0.0,0.0,0.0,2.3795e-10,0.0022193303352839996
mwir_std_solar_scatter,D:\HwaSimIR\HwaSim_IR\Bin\Config\Atmosphere\MODTRAN\raw\audit_mwir_standard_20260906\mwir_std_solar_scatter\MODOUT2.txt,W/(cm^2 sr cm^-1),W/(cm^2 cm^-1),W/(m^2 sr um),W/(m^2 um),value_si=value_native*1e8/(wavelength_um^2),3055.0,3.2733224222585924,0.74588501,3.6128e-10,0.003371835272,0.0,0.0,0.0,0.0,7.901e-11,0.00073740230525,7.901e-11,0.00073740230525,0.0,0.0,0.0,0.0,4.4029e-10,0.0041092375772499995
mwir_std_solar_scatter,D:\HwaSimIR\HwaSim_IR\Bin\Config\Atmosphere\MODTRAN\raw\audit_mwir_standard_20260906\mwir_std_solar_scatter\MODOUT2.txt,W/(cm^2 sr cm^-1),W/(cm^2 cm^-1),W/(m^2 sr um),W/(m^2 um),value_si=value_native*1e8/(wavelength_um^2),3056.0,3.2722513089005236,0.15300339,7.1877e-10,0.006712690782719999,0.0,0.0,0.0,0.0,2.7034e-11,0.000252474202624,2.7034e-11,0.000252474202624,0.0,0.0,0.0,0.0,7.4581e-10,0.006965164985343999
mwir_std_solar_scatter,D:\HwaSimIR\HwaSim_IR\Bin\Config\Atmosphere\MODTRAN\raw\audit_mwir_standard_20260906\mwir_std_solar_scatter\MODOUT2.txt,W/(cm^2 sr cm^-1),W/(cm^2 cm^-1),W/(m^2 sr um),W/(m^2 um),value_si=value_native*1e8/(wavelength_um^2),3057.0,3.271180896303566,0.1738793,8.7857e-10,0.00821045541393,0.0,0.0,0.0,0.0,3.081e-11,0.00028792712169,3.081e-11,0.00028792712169,0.0,0.0,0.0,0.0,9.0938e-10,0.00849838253562
mwir_std_solar_scatter,D:\HwaSimIR\HwaSim_IR\Bin\Config\Atmosphere\MODTRAN\raw\audit_mwir_standard_20260906\mwir_std_solar_scatter\MODOUT2.txt,W/(cm^2 sr cm^-1),W/(cm^2 cm^-1),W/(m^2 sr um),W/(m^2 um),value_si=value_native*1e8/(wavelength_um^2),3058.0,3.2701111837802483,0.27870667,5.3494e-10,0.00500241865816,0.0,0.0,0.0,0.0,2.7663e-11,0.00025868678233200007,2.7663e-11,0.00025868678233200007,0.0,0.0,0.0,0.0,5.6261e-10,0.005261105440492
mwir_std_solar_scatter,D:\HwaSimIR\HwaSim_IR\Bin\Config\Atmosphere\MODTRAN\raw\audit_mwir_standard_20260906\mwir_std_solar_scatter\MODOUT2.txt,W/(cm^2 sr cm^-1),W/(cm^2 cm^-1),W/(m^2 sr um),W/(m^2 um),value_si=value_native*1e8/(wavelength_um^2),3059.0,3.2690421706440014,0.7623207,3.2036e-10,0.00299776261316,0.0,0.0,0.0,0.0,8.4363e-11,0.000789425169603,8.4363e-11,0.000789425169603,0.0,0.0,0.0,0.0,4.0472e-10,0.003787187782763
mwir_std_solar_scatter,D:\HwaSimIR\HwaSim_IR\Bin\Config\Atmosphere\MODTRAN\raw\audit_mwir_standard_20260906\mwir_std_solar_scatter\MODOUT2.txt,W/(cm^2 sr cm^-1),W/(cm^2 cm^-1),W/(m^2 sr um),W/(m^2 um),value_si=value_native*1e8/(wavelength_um^2),3060.0,3.2679738562091503,0.30283251,6.7707e-10,0.006339812652,0.0,0.0,0.0,0.0,4.5506e-11,0.0004260999816,4.5506e-11,0.0004260999816,0.0,0.0,0.0,0.0,7.2258e-10,0.0067659126336
mwir_std_solar_scatter,D:\HwaSimIR\HwaSim_IR\Bin\Config\Atmosphere\MODTRAN\raw\audit_mwir_standard_20260906\mwir_std_solar_scatter\MODOUT2.txt,W/(cm^2 sr cm^-1),W/(cm^2 cm^-1),W/(m^2 sr um),W/(m^2 um),value_si=value_native*1e8/(wavelength_um^2),3061.0,3.266906239790918,0.75208724,3.4301e-10,0.00321390800021,0.0,0.0,0.0,0.0,8.7654e-11,0.0008212935245340001,8.7654e-11,0.0008212935245340001,0.0,0.0,0.0,0.0,4.3066e-10,0.004035201524744
mwir_std_solar_scatter,D:\HwaSimIR\HwaSim_IR\Bin\Config\Atmosphere\MODTRAN\raw\audit_mwir_standard_20260906\mwir_std_solar_scatter\MODOUT2.txt,W/(cm^2 sr cm^-1),W/(cm^2 cm^-1),W/(m^2 sr um),W/(m^2 um),value_si=value_native*1e8/(wavelength_um^2),3062.0,3.2658393207054215,0.86667502,1.894e-10,0.0017757848536,0.0,0.0,0.0,0.0,9.7204e-11,0.0009113695401759999,9.7204e-11,0.0009113695401759999,0.0,0.0,0.0,0.0,2.8661e-10,0.002687154393776
mwir_std_solar_scatter,D:\HwaSimIR\HwaSim_IR\Bin\Config\Atmosphere\MODTRAN\raw\audit_mwir_standard_20260906\mwir_std_solar_scatter\MODOUT2.txt,W/(cm^2 sr cm^-1),W/(cm^2 cm^-1),W/(m^2 sr um),W/(m^2 um),value_si=value_native*1e8/(wavelength_um^2),3063.0,3.26477309826967,0.75009751,3.4561e-10,0.0032425023060900005,0.0,0.0,0.0,0.0,8.7471e-11,0.0008206502103990002,8.7471e-11,0.0008206502103990002,0.0,0.0,0.0,0.0,4.3308e-10,0.0040631525164890004
mwir_std_solar_scatter,D:\HwaSimIR\HwaSim_IR\Bin\Config\Atmosphere\MODTRAN\raw\audit_mwir_standard_20260906\mwir_std_solar_scatter\MODOUT2.txt,W/(cm^2 sr cm^-1),W/(cm^2 cm^-1),W/(m^2 sr um),W/(m^2 um),value_si=value_native*1e8/(wavelength_um^2),3064.0,3.2637075718015667,0.24752957,6.777e-10,0.006362312659200001,0.0,0.0,0.0,0.0,4.0575e-11,0.00038092199520000004,4.0575e-11,0.00038092199520000004,0.0,0.0,0.0,0.0,7.1828e-10,0.006743234654400001
mwir_std_solar_scatter,D:\HwaSimIR\HwaSim_IR\Bin\Config\Atmosphere\MODTRAN\raw\audit_mwir_standard_20260906\mwir_std_solar_scatter\MODOUT2.txt,W/(cm^2 sr cm^-1),W/(cm^2 cm^-1),W/(m^2 sr um),W/(m^2 um),value_si=value_native*1e8/(wavelength_um^2),3065.0,3.2626427406199023,0.3739678,7.22e-10,0.006782630449999999,0.0,0.0,0.0,0.0,5.6459e-11,0.000530388549275,5.6459e-11,0.000530388549275,0.0,0.0,0.0,0.0,7.7845e-10,0.007313018999274999
mwir_std_solar_scatter,D:\HwaSimIR\HwaSim_IR\Bin\Config\Atmosphere\MODTRAN\raw\audit_mwir_standard_20260906\mwir_std_solar_scatter\MODOUT2.txt,W/(cm^2 sr cm^-1),W/(cm^2 cm^-1),W/(m^2 sr um),W/(m^2 um),value_si=value_native*1e8/(wavelength_um^2),3066.0,3.2615786040443573,0.29967201,7.6649e-10,0.0072052788704399994,0.0,0.0,0.0,0.0,4.8519e-11,0.000456095872764,4.8519e-11,0.000456095872764,0.0,0.0,0.0,0.0,8.1501e-10,0.0076613747432039995
mwir_std_solar_scatter,D:\HwaSimIR\HwaSim_IR\Bin\Config\Atmosphere\MODTRAN\raw\audit_mwir_standard_20260906\mwir_std_solar_scatter\MODOUT2.txt,W/(cm^2 sr cm^-1),W/(cm^2 cm^-1),W/(m^2 sr um),W/(m^2 um),value_si=value_native*1e8/(wavelength_um^2),3067.0,3.2605151613955003,0.02432224,5.2971e-10,0.00498271128819,0.0,0.0,0.0,0.0,7.4536e-12,7.01122064104e-05,7.4536e-12,7.01122064104e-05,0.0,0.0,0.0,0.0,5.3716e-10,0.0050528234946004
mwir_std_solar_scatter,D:\HwaSimIR\HwaSim_IR\Bin\Config\Atmosphere\MODTRAN\raw\audit_mwir_standard_20260906\mwir_std_solar_scatter\MODOUT2.txt,W/(cm^2 sr cm^-1),W/(cm^2 cm^-1),W/(m^2 sr um),W/(m^2 um),value_si=value_native*1e8/(wavelength_um^2),3068.0,3.259452411994785,0.46283221,5.9464e-10,0.00559712273536,0.0,0.0,0.0,0.0,5.5856e-11,0.000525751526144,5.5856e-11,0.000525751526144,0.0,0.0,0.0,0.0,6.505e-10,0.006122874261503999
mwir_std_solar_scatter,D:\HwaSimIR\HwaSim_IR\Bin\Config\Atmosphere\MODTRAN\raw\audit_mwir_standard_20260906\mwir_std_solar_scatter\MODOUT2.txt,W/(cm^2 sr cm^-1),W/(cm^2 cm^-1),W/(m^2 sr um),W/(m^2 um),value_si=value_native*1e8/(wavelength_um^2),3069.0,3.258390355164549,0.81386781,2.3696e-10,0.0022318696065599998,0.0,0.0,0.0,0.0,9.0214e-11,0.000849704104854,9.0214e-11,0.000849704104854,0.0,0.0,0.0,0.0,3.2717e-10,0.0030815737114139995
mwir_std_solar_scatter,D:\HwaSimIR\HwaSim_IR\Bin\Config\Atmosphere\MODTRAN\raw\audit_mwir_standard_20260906\mwir_std_solar_scatter\MODOUT2.txt,W/(cm^2 sr cm^-1),W/(cm^2 cm^-1),W/(m^2 sr um),W/(m^2 um),value_si=value_native*1e8/(wavelength_um^2),3070.0,3.257328990228013,0.87637961,1.5306e-10,0.0014425751940000003,0.0,0.0,0.0,0.0,9.5474e-11,0.0008998329026000001,9.5474e-11,0.0008998329026000001,0.0,0.0,0.0,0.0,2.4854e-10,0.0023424080966000004
mwir_std_solar_scatter,D:\HwaSimIR\HwaSim_IR\Bin\Config\Atmosphere\MODTRAN\raw\audit_mwir_standard_20260906\mwir_std_solar_scatter\MODOUT2.txt,W/(cm^2 sr cm^-1),W/(cm^2 cm^-1),W/(m^2 sr um),W/(m^2 um),value_si=value_native*1e8/(wavelength_um^2),3071.0,3.2562683165092805,0.91085643,1.1344e-10,0.00106985729104,0.0,0.0,0.0,0.0,1.0023e-10,0.0009452732394300001,1.0023e-10,0.0009452732394300001,0.0,0.0,0.0,0.0,2.1367e-10,0.00201513053047
mwir_std_solar_scatter,D:\HwaSimIR\HwaSim_IR\Bin\Config\Atmosphere\MODTRAN\raw\audit_mwir_standard_20260906\mwir_std_solar_scatter\MODOUT2.txt,W/(cm^2 sr cm^-1),W/(cm^2 cm^-1),W/(m^2 sr um),W/(m^2 um),value_si=value_native*1e8/(wavelength_um^2),3072.0,3.2552083333333335,0.93270141,8.7796e-11,0.0008285470064639999,0.0,0.0,0.0,0.0,1.0321e-10,0.00097401176064,1.0321e-10,0.00097401176064,0.0,0.0,0.0,0.0,1.9101e-10,0.0018025587671039998
mwir_std_solar_scatter,D:\HwaSimIR\HwaSim_IR\Bin\Config\Atmosphere\MODTRAN\raw\audit_mwir_standard_20260906\mwir_std_solar_scatter\MODOUT2.txt,W/(cm^2 sr cm^-1),W/(cm^2 cm^-1),W/(m^2 sr um),W/(m^2 um),value_si=value_native*1e8/(wavelength_um^2),3073.0,3.254149040026033,0.89323258,1.2838e-10,0.0012123345770200002,0.0,0.0,0.0,0.0,9.7193e-11,0.0009178254754970001,9.7193e-11,0.0009178254754970001,0.0,0.0,0.0,0.0,2.2557e-10,0.002130160052517
mwir_std_solar_scatter,D:\HwaSimIR\HwaSim_IR\Bin\Config\Atmosphere\MODTRAN\raw\audit_mwir_standard_20260906\mwir_std_solar_scatter\MODOUT2.txt,W/(cm^2 sr cm^-1),W/(cm^2 cm^-1),W/(m^2 sr um),W/(m^2 um),value_si=value_native*1e8/(wavelength_um^2),3074.0,3.2530904359141184,0.91522002,1.0517e-10,0.00099380139092,0.0,0.0,0.0,0.0,1.0072e-10,0.0009517512227199999,1.0072e-10,0.0009517512227199999,0.0,0.0,0.0,0.0,2.0589e-10,0.00194555261364
mwir_std_solar_scatter,D:\HwaSimIR\HwaSim_IR\Bin\Config\Atmosphere\MODTRAN\raw\audit_mwir_standard_20260906\mwir_std_solar_scatter\MODOUT2.txt,W/(cm^2 sr cm^-1),W/(cm^2 cm^-1),W/(m^2 sr um),W/(m^2 um),value_si=value_native*1e8/(wavelength_um^2),3075.0,3.252032520325203,0.89699912,1.2877e-10,0.0012176008312500001,0.0,0.0,0.0,0.0,9.9775e-11,0.0009434349843750001,9.9775e-11,0.0009434349843750001,0.0,0.0,0.0,0.0,2.2854e-10,0.0021610358156250002
mwir_std_solar_scatter,D:\HwaSimIR\HwaSim_IR\Bin\Config\Atmosphere\MODTRAN\raw\audit_mwir_standard_20260906\mwir_std_solar_scatter\MODOUT2.txt,W/(cm^2 sr cm^-1),W/(cm^2 cm^-1),W/(m^2 sr um),W/(m^2 um),value_si=value_native*1e8/(wavelength_um^2),3076.0,3.250975292587776,0.65783781,3.5172e-10,0.003327895854720001,0.0,0.0,0.0,0.0,7.1227e-11,0.0006739339191520001,7.1227e-11,0.0006739339191520001,0.0,0.0,0.0,0.0,4.2295e-10,0.004001829773872001
mwir_std_solar_scatter,D:\HwaSimIR\HwaSim_IR\Bin\Config\Atmosphere\MODTRAN\raw\audit_mwir_standard_20260906\mwir_std_solar_scatter\MODOUT2.txt,W/(cm^2 sr cm^-1),W/(cm^2 cm^-1),W/(m^2 sr um),W/(m^2 um),value_si=value_native*1e8/(wavelength_um^2),3077.0,3.249918752031199,0.3030301,5.0998e-10,0.004828454431420001,0.0,0.0,0.0,0.0,3.4424e-11,0.000325923987896,3.4424e-11,0.000325923987896,0.0,0.0,0.0,0.0,5.4441e-10,0.005154378419316001
mwir_std_solar_scatter,D:\HwaSimIR\HwaSim_IR\Bin\Config\Atmosphere\MODTRAN\raw\audit_mwir_standard_20260906\mwir_std_solar_scatter\MODOUT2.txt,W/(cm^2 sr cm^-1),W/(cm^2 cm^-1),W/(m^2 sr um),W/(m^2 um),value_si=value_native*1e8/(wavelength_um^2),3078.0,3.248862897985705,0.21607414,6.7195e-10,0.006366110743800001,0.0,0.0,0.0,0.0,3.8347e-11,0.00036330269914800005,3.8347e-11,0.00036330269914800005,0.0,0.0,0.0,0.0,7.103e-10,0.006729413442948001
mwir_std_solar_scatter,D:\HwaSimIR\HwaSim_IR\Bin\Config\Atmosphere\MODTRAN\raw\audit_mwir_standard_20260906\mwir_std_solar_scatter\MODOUT2.txt,W/(cm^2 sr cm^-1),W/(cm^2 cm^-1),W/(m^2 sr um),W/(m^2 um),value_si=value_native*1e8/(wavelength_um^2),3079.0,3.247807729782397,0.42858049,6.4426e-10,0.00610774006666,0.0,0.0,0.0,0.0,6.1994e-11,0.0005877180605540001,6.1994e-11,0.0005877180605540001,0.0,0.0,0.0,0.0,7.0625e-10,0.006695458127214
mwir_std_solar_scatter,D:\HwaSimIR\HwaSim_IR\Bin\Config\Atmosphere\MODTRAN\raw\audit_mwir_standard_20260906\mwir_std_solar_scatter\MODOUT2.txt,W/(cm^2 sr cm^-1),W/(cm^2 cm^-1),W/(m^2 sr um),W/(m^2 um),value_si=value_native*1e8/(wavelength_um^2),3080.0,3.2467532467532467,0.22998786,6.3465e-10,0.00602054376,0.0,0.0,0.0,0.0,3.8541e-11,0.0003656153424,3.8541e-11,0.0003656153424,0.0,0.0,0.0,0.0,6.732e-10,0.0063861591024000006
mwir_std_solar_scatter,D:\HwaSimIR\HwaSim_IR\Bin\Config\Atmosphere\MODTRAN\raw\audit_mwir_standard_20260906\mwir_std_solar_scatter\MODOUT2.txt,W/(cm^2 sr cm^-1),W/(cm^2 cm^-1),W/(m^2 sr um),W/(m^2 um),value_si=value_native*1e8/(wavelength_um^2),3081.0,3.2456994482310937,0.32127938,6.011e-10,0.005705978417100001,0.0,0.0,0.0,0.0,4.949e-11,0.00046978684389000007,4.949e-11,0.00046978684389000007,0.0,0.0,0.0,0.0,6.5059e-10,0.006175765260990001
mwir_std_solar_scatter,D:\HwaSimIR\HwaSim_IR\Bin\Config\Atmosphere\MODTRAN\raw\audit_mwir_standard_20260906\mwir_std_solar_scatter\MODOUT2.txt,W/(cm^2 sr cm^-1),W/(cm^2 cm^-1),W/(m^2 sr um),W/(m^2 um),value_si=value_native*1e8/(wavelength_um^2),3082.0,3.244646333549643,0.4374831,6.6467e-10,0.0063135168810800005,0.0,0.0,0.0,0.0,6.4983e-11,0.0006172555816920002,6.4983e-11,0.0006172555816920002,0.0,0.0,0.0,0.0,7.2966e-10,0.006930772462772
mwir_std_solar_scatter,D:\HwaSimIR\HwaSim_IR\Bin\Config\Atmosphere\MODTRAN\raw\audit_mwir_standard_20260906\mwir_std_solar_scatter\MODOUT2.txt,W/(cm^2 sr cm^-1),W/(cm^2 cm^-1),W/(m^2 sr um),W/(m^2 um),value_si=value_native*1e8/(wavelength_um^2),3083.0,3.243593902043464,0.43857542,5.2765e-10,0.005015254680850001,0.0,0.0,0.0,0.0,6.0896e-11,0.0005788097205439999,6.0896e-11,0.0005788097205439999,0.0,0.0,0.0,0.0,5.8854e-10,0.005594064401394001
mwir_std_solar_scatter,D:\HwaSimIR\HwaSim_IR\Bin\Config\Atmosphere\MODTRAN\raw\audit_mwir_standard_20260906\mwir_std_solar_scatter\MODOUT2.txt,W/(cm^2 sr cm^-1),W/(cm^2 cm^-1),W/(m^2 sr um),W/(m^2 um),value_si=value_native*1e8/(wavelength_um^2),3084.0,3.2425421530479897,0.81450093,2.2139e-10,0.00210565268784,0.0,0.0,0.0,0.0,9.2482e-11,0.0008796014809920001,9.2482e-11,0.0008796014809920001,0.0,0.0,0.0,0.0,3.1387e-10,0.002985254168832
mwir_std_solar_scatter,D:\HwaSimIR\HwaSim_IR\Bin\Config\Atmosphere\MODTRAN\raw\audit_mwir_standard_20260906\mwir_std_solar_scatter\MODOUT2.txt,W/(cm^2 sr cm^-1),W/(cm^2 cm^-1),W/(m^2 sr um),W/(m^2 um),value_si=value_native*1e8/(wavelength_um^2),3085.0,3.2414910858995136,0.74487257,2.7239e-10,0.0025923969177500004,0.0,0.0,0.0,0.0,8.2024e-11,0.0007806408634000001,8.2024e-11,0.0007806408634000001,0.0,0.0,0.0,0.0,3.5441e-10,0.0033730377811500003
mwir_std_solar_scatter,D:\HwaSimIR\HwaSim_IR\Bin\Config\Atmosphere\MODTRAN\raw\audit_mwir_standard_20260906\mwir_std_solar_scatter\MODOUT2.txt,W/(cm^2 sr cm^-1),W/(cm^2 cm^-1),W/(m^2 sr um),W/(m^2 um),value_si=value_native*1e8/(wavelength_um^2),3086.0,3.240440699935191,0.1313213,4.7926e-10,0.00456418276696,0.0,0.0,0.0,0.0,1.4085e-11,0.00013413703266,1.4085e-11,0.00013413703266,0.0,0.0,0.0,0.0,4.9334e-10,0.00469831979962
mwir_std_solar_scatter,D:\HwaSimIR\HwaSim_IR\Bin\Config\Atmosphere\MODTRAN\raw\audit_mwir_standard_20260906\mwir_std_solar_scatter\MODOUT2.txt,W/(cm^2 sr cm^-1),W/(cm^2 cm^-1),W/(m^2 sr um),W/(m^2 um),value_si=value_native*1e8/(wavelength_um^2),3087.0,3.2393909944930352,0.45558175,5.2284e-10,0.004982439855960001,0.0,0.0,0.0,0.0,6.0712e-11,0.000578559193128,6.0712e-11,0.000578559193128,0.0,0.0,0.0,0.0,5.8356e-10,0.005560999049088001
mwir_std_solar_scatter,D:\HwaSimIR\HwaSim_IR\Bin\Config\Atmosphere\MODTRAN\raw\audit_mwir_standard_20260906\mwir_std_solar_scatter\MODOUT2.txt,W/(cm^2 sr cm^-1),W/(cm^2 cm^-1),W/(m^2 sr um),W/(m^2 um),value_si=value_native*1e8/(wavelength_um^2),3088.0,3.238341968911917,0.81006092,2.3078e-10,0.00220065900032,0.0,0.0,0.0,0.0,9.5122e-11,0.000907059040768,9.5122e-11,0.000907059040768,0.0,0.0,0.0,0.0,3.259e-10,0.003107718041088
mwir_std_solar_scatter,D:\HwaSimIR\HwaSim_IR\Bin\Config\Atmosphere\MODTRAN\raw\audit_mwir_standard_20260906\mwir_std_solar_scatter\MODOUT2.txt,W/(cm^2 sr cm^-1),W/(cm^2 cm^-1),W/(m^2 sr um),W/(m^2 um),value_si=value_native*1e8/(wavelength_um^2),3089.0,3.237293622531564,0.91290915,1.0475e-10,0.0009995162247499999,0.0,0.0,0.0,0.0,1.0375e-10,0.0009899743037499998,1.0375e-10,0.0009899743037499998,0.0,0.0,0.0,0.0,2.085e-10,0.0019894905285
mwir_std_solar_scatter,D:\HwaSimIR\HwaSim_IR\Bin\Config\Atmosphere\MODTRAN\raw\audit_mwir_standard_20260906\mwir_std_solar_scatter\MODOUT2.txt,W/(cm^2 sr cm^-1),W/(cm^2 cm^-1),W/(m^2 sr um),W/(m^2 um),value_si=value_native*1e8/(wavelength_um^2),3090.0,3.236245954692557,0.83729345,1.7002e-10,0.0016233679619999998,0.0,0.0,0.0,0.0,9.1611e-11,0.0008747109890999998,9.1611e-11,0.0008747109890999998,0.0,0.0,0.0,0.0,2.6163e-10,0.0024980789510999995
mwir_std_solar_scatter,D:\HwaSimIR\HwaSim_IR\Bin\Config\Atmosphere\MODTRAN\raw\audit_mwir_standard_20260906\mwir_std_solar_scatter\MODOUT2.txt,W/(cm^2 sr cm^-1),W/(cm^2 cm^-1),W/(m^2 sr um),W/(m^2 um),value_si=value_native*1e8/(wavelength_um^2),3091.0,3.2351989647363313,0.90717775,1.1318e-10,0.00108135352358,0.0,0.0,0.0,0.0,1.04e-10,0.000993645224,1.04e-10,0.000993645224,0.0,0.0,0.0,0.0,2.1718e-10,0.0020749987475800003
mwir_std_solar_scatter,D:\HwaSimIR\HwaSim_IR\Bin\Config\Atmosphere\MODTRAN\raw\audit_mwir_standard_20260906\mwir_std_solar_scatter\MODOUT2.txt,W/(cm^2 sr cm^-1),W/(cm^2 cm^-1),W/(m^2 sr um),W/(m^2 um),value_si=value_native*1e8/(wavelength_um^2),3092.0,3.2341526520051747,0.89293569,1.3138e-10,0.00125605376032,0.0,0.0,0.0,0.0,1.0293e-10,0.0009840585595199999,1.0293e-10,0.0009840585595199999,0.0,0.0,0.0,0.0,2.3431e-10,0.00224011231984
mwir_std_solar_scatter,D:\HwaSimIR\HwaSim_IR\Bin\Config\Atmosphere\MODTRAN\raw\audit_mwir_standard_20260906\mwir_std_solar_scatter\MODOUT2.txt,W/(cm^2 sr cm^-1),W/(cm^2 cm^-1),W/(m^2 sr um),W/(m^2 um),value_si=value_native*1e8/(wavelength_um^2),3093.0,3.2331070158422244,0.72646254,3.2321e-10,0.00309203662329,0.0,0.0,0.0,0.0,8.927e-11,0.0008540147562300001,8.927e-11,0.0008540147562300001,0.0,0.0,0.0,0.0,4.1248e-10,0.00394605137952
mwir_std_solar_scatter,D:\HwaSimIR\HwaSim_IR\Bin\Config\Atmosphere\MODTRAN\raw\audit_mwir_standard_20260906\mwir_std_solar_scatter\MODOUT2.txt,W/(cm^2 sr cm^-1),W/(cm^2 cm^-1),W/(m^2 sr um),W/(m^2 um),value_si=value_native*1e8/(wavelength_um^2),3094.0,3.2320620555914674,0.28398103,6.1341e-10,0.0058720733307599995,0.0,0.0,0.0,0.0,4.5821e-11,0.0004386369183559999,4.5821e-11,0.0004386369183559999,0.0,0.0,0.0,0.0,6.5923e-10,0.006310710249115999
mwir_std_solar_scatter,D:\HwaSimIR\HwaSim_IR\Bin\Config\Atmosphere\MODTRAN\raw\audit_mwir_standard_20260906\mwir_std_solar_scatter\MODOUT2.txt,W/(cm^2 sr cm^-1),W/(cm^2 cm^-1),W/(m^2 sr um),W/(m^2 um),value_si=value_native*1e8/(wavelength_um^2),3095.0,3.231017770597738,0.09440251,5.3109e-10,0.00508732438725,0.0,0.0,0.0,0.0,1.5633e-11,0.000149748897825,1.5633e-11,0.000149748897825,0.0,0.0,0.0,0.0,5.4672e-10,0.005237073285075
mwir_std_solar_scatter,D:\HwaSimIR\HwaSim_IR\Bin\Config\Atmosphere\MODTRAN\raw\audit_mwir_standard_20260906\mwir_std_solar_scatter\MODOUT2.txt,W/(cm^2 sr cm^-1),W/(cm^2 cm^-1),W/(m^2 sr um),W/(m^2 um),value_si=value_native*1e8/(wavelength_um^2),3096.0,3.2299741602067185,0.04095364,5.7192e-10,0.00548197673472,0.0,0.0,0.0,0.0,1.5854e-11,0.000151964014464,1.5854e-11,0.000151964014464,0.0,0.0,0.0,0.0,5.8777e-10,0.005633940749184
mwir_std_solar_scatter,D:\HwaSimIR\HwaSim_IR\Bin\Config\Atmosphere\MODTRAN\raw\audit_mwir_standard_20260906\mwir_std_solar_scatter\MODOUT2.txt,W/(cm^2 sr cm^-1),W/(cm^2 cm^-1),W/(m^2 sr um),W/(m^2 um),value_si=value_native*1e8/(wavelength_um^2),3097.0,3.228931223764934,0.36825988,6.266e-10,0.006009976879399998,0.0,0.0,0.0,0.0,5.8813e-11,0.0005640995375169999,5.8813e-11,0.0005640995375169999,0.0,0.0,0.0,0.0,6.8541e-10,0.006574076416916998
mwir_std_solar_scatter,D:\HwaSimIR\HwaSim_IR\Bin\Config\Atmosphere\MODTRAN\raw\audit_mwir_standard_20260906\mwir_std_solar_scatter\MODOUT2.txt,W/(cm^2 sr cm^-1),W/(cm^2 cm^-1),W/(m^2 sr um),W/(m^2 um),value_si=value_native*1e8/(wavelength_um^2),3098.0,3.2278889606197545,0.77534711,2.6925e-10,0.002584154877,0.0,0.0,0.0,0.0,9.4616e-11,0.000908086900064,9.4616e-11,0.000908086900064,0.0,0.0,0.0,0.0,3.6387e-10,0.003492241777064
mwir_std_solar_scatter,D:\HwaSimIR\HwaSim_IR\Bin\Config\Atmosphere\MODTRAN\raw\audit_mwir_standard_20260906\mwir_std_solar_scatter\MODOUT2.txt,W/(cm^2 sr cm^-1),W/(cm^2 cm^-1),W/(m^2 sr um),W/(m^2 um),value_si=value_native*1e8/(wavelength_um^2),3099.0,3.226847370119393,0.54014587,5.0481e-10,0.004848094782810001,0.0,0.0,0.0,0.0,7.4167e-11,0.0007122851087670001,7.4167e-11,0.0007122851087670001,0.0,0.0,0.0,0.0,5.7898e-10,0.0055603798915770004
mwir_std_solar_scatter,D:\HwaSimIR\HwaSim_IR\Bin\Config\Atmosphere\MODTRAN\raw\audit_mwir_standard_20260906\mwir_std_solar_scatter\MODOUT2.txt,W/(cm^2 sr cm^-1),W/(cm^2 cm^-1),W/(m^2 sr um),W/(m^2 um),value_si=value_native*1e8/(wavelength_um^2),3100.0,3.225806451612903,0.18282445,6.1673e-10,0.005926775300000001,0.0,0.0,0.0,0.0,3.5918e-11,0.00034517198000000006,3.5918e-11,0.00034517198000000006,0.0,0.0,0.0,0.0,6.5265e-10,0.006271947280000001
mwir_std_solar_scatter,D:\HwaSimIR\HwaSim_IR\Bin\Config\Atmosphere\MODTRAN\raw\audit_mwir_standard_20260906\mwir_std_solar_scatter\MODOUT2.txt,W/(cm^2 sr cm^-1),W/(cm^2 cm^-1),W/(m^2 sr um),W/(m^2 um),value_si=value_native*1e8/(wavelength_um^2),3101.0,3.2247662044501775,0.08064054,5.991e-10,0.005761066019100001,0.0,0.0,0.0,0.0,2.3627e-11,0.00022720198102700001,2.3627e-11,0.00022720198102700001,0.0,0.0,0.0,0.0,6.2272e-10,0.0059882680001270006
mwir_std_solar_scatter,D:\HwaSimIR\HwaSim_IR\Bin\Config\Atmosphere\MODTRAN\raw\audit_mwir_standard_20260906\mwir_std_solar_scatter\MODOUT2.txt,W/(cm^2 sr cm^-1),W/(cm^2 cm^-1),W/(m^2 sr um),W/(m^2 um),value_si=value_native*1e8/(wavelength_um^2),3102.0,3.223726627981947,0.28496587,6.767e-10,0.006511480786800001,0.0,0.0,0.0,0.0,5.1742e-11,0.000497882427768,5.1742e-11,0.000497882427768,0.0,0.0,0.0,0.0,7.2844e-10,0.007009363214568001
mwir_std_solar_scatter,D:\HwaSimIR\HwaSim_IR\Bin\Config\Atmosphere\MODTRAN\raw\audit_mwir_standard_20260906\mwir_std_solar_scatter\MODOUT2.txt,W/(cm^2 sr cm^-1),W/(cm^2 cm^-1),W/(m^2 sr um),W/(m^2 um),value_si=value_native*1e8/(wavelength_um^2),3103.0,3.222687721559781,0.11836603,6.0853e-10,0.00585929743477,0.0,0.0,0.0,0.0,2.851e-11,0.00027451164259,2.851e-11,0.00027451164259,0.0,0.0,0.0,0.0,6.3704e-10,0.00613380907736
mwir_std_solar_scatter,D:\HwaSimIR\HwaSim_IR\Bin\Config\Atmosphere\MODTRAN\raw\audit_mwir_standard_20260906\mwir_std_solar_scatter\MODOUT2.txt,W/(cm^2 sr cm^-1),W/(cm^2 cm^-1),W/(m^2 sr um),W/(m^2 um),value_si=value_native*1e8/(wavelength_um^2),3104.0,3.2216494845360826,0.37003624,4.7268e-10,0.0045541848268799996,0.0,0.0,0.0,0.0,4.606e-11,0.00044377962496,4.606e-11,0.00044377962496,0.0,0.0,0.0,0.0,5.1874e-10,0.004997964451839999
mwir_std_solar_scatter,D:\HwaSimIR\HwaSim_IR\Bin\Config\Atmosphere\MODTRAN\raw\audit_mwir_standard_20260906\mwir_std_solar_scatter\MODOUT2.txt,W/(cm^2 sr cm^-1),W/(cm^2 cm^-1),W/(m^2 sr um),W/(m^2 um),value_si=value_native*1e8/(wavelength_um^2),3105.0,3.2206119162640903,0.5886969,3.4029e-10,0.00328074439725,0.0,0.0,0.0,0.0,6.8205e-11,0.000657566110125,6.8205e-11,0.000657566110125,0.0,0.0,0.0,0.0,4.085e-10,0.003938310507375
mwir_std_solar_scatter,D:\HwaSimIR\HwaSim_IR\Bin\Config\Atmosphere\MODTRAN\raw\audit_mwir_standard_20260906\mwir_std_solar_scatter\MODOUT2.txt,W/(cm^2 sr cm^-1),W/(cm^2 cm^-1),W/(m^2 sr um),W/(m^2 um),value_si=value_native*1e8/(wavelength_um^2),3106.0,3.219575016097875,0.7402392,2.8857e-10,0.0027839028925200006,0.0,0.0,0.0,0.0,9.2197e-11,0.0008894462174920002,9.2197e-11,0.0008894462174920002,0.0,0.0,0.0,0.0,3.8077e-10,0.0036733491100120006
mwir_std_solar_scatter,D:\HwaSimIR\HwaSim_IR\Bin\Config\Atmosphere\MODTRAN\raw\audit_mwir_standard_20260906\mwir_std_solar_scatter\MODOUT2.txt,W/(cm^2 sr cm^-1),W/(cm^2 cm^-1),W/(m^2 sr um),W/(m^2 um),value_si=value_native*1e8/(wavelength_um^2),3107.0,3.21853878339234,0.39951268,4.7991e-10,0.004632786709589999,0.0,0.0,0.0,0.0,5.8871e-11,0.0005683081960789998,5.8871e-11,0.0005683081960789998,0.0,0.0,0.0,0.0,5.3878e-10,0.005201094905668998
mwir_std_solar_scatter,D:\HwaSimIR\HwaSim_IR\Bin\Config\Atmosphere\MODTRAN\raw\audit_mwir_standard_20260906\mwir_std_solar_scatter\MODOUT2.txt,W/(cm^2 sr cm^-1),W/(cm^2 cm^-1),W/(m^2 sr um),W/(m^2 um),value_si=value_native*1e8/(wavelength_um^2),3108.0,3.2175032175032174,0.40149438,5.7367e-10,0.00554145944688,0.0,0.0,0.0,0.0,6.2804e-11,0.000606665537856,6.2804e-11,0.000606665537856,0.0,0.0,0.0,0.0,6.3647e-10,0.006148124984736001
mwir_std_solar_scatter,D:\HwaSimIR\HwaSim_IR\Bin\Config\Atmosphere\MODTRAN\raw\audit_mwir_standard_20260906\mwir_std_solar_scatter\MODOUT2.txt,W/(cm^2 sr cm^-1),W/(cm^2 cm^-1),W/(m^2 sr um),W/(m^2 um),value_si=value_native*1e8/(wavelength_um^2),3109.0,3.21646831778707,0.62894082,3.6805e-10,0.0035575275020499992,0.0,0.0,0.0,0.0,7.9184e-11,0.000765383121104,7.9184e-11,0.000765383121104,0.0,0.0,0.0,0.0,4.4723e-10,0.004322910623153999
mwir_std_solar_scatter,D:\HwaSimIR\HwaSim_IR\Bin\Config\Atmosphere\MODTRAN\raw\audit_mwir_standard_20260906\mwir_std_solar_scatter\MODOUT2.txt,W/(cm^2 sr cm^-1),W/(cm^2 cm^-1),W/(m^2 sr um),W/(m^2 um),value_si=value_native*1e8/(wavelength_um^2),3110.0,3.215434083601286,0.21867478,6.3411e-10,0.006133175331,0.0,0.0,0.0,0.0,4.303e-11,0.00041619046300000003,4.303e-11,0.00041619046300000003,0.0,0.0,0.0,0.0,6.7714e-10,0.006549365794
mwir_std_solar_scatter,D:\HwaSimIR\HwaSim_IR\Bin\Config\Atmosphere\MODTRAN\raw\audit_mwir_standard_20260906\mwir_std_solar_scatter\MODOUT2.txt,W/(cm^2 sr cm^-1),W/(cm^2 cm^-1),W/(m^2 sr um),W/(m^2 um),value_si=value_native*1e8/(wavelength_um^2),3111.0,3.2144005143040824,0.66775984,3.4175e-10,0.0033075662017499996,0.0,0.0,0.0,0.0,8.6547e-11,0.000837629647587,8.6547e-11,0.000837629647587,0.0,0.0,0.0,0.0,4.283e-10,0.004145195849336999
mwir_std_solar_scatter,D:\HwaSimIR\HwaSim_IR\Bin\Config\Atmosphere\MODTRAN\raw\audit_mwir_standard_20260906\mwir_std_solar_scatter\MODOUT2.txt,W/(cm^2 sr cm^-1),W/(cm^2 cm^-1),W/(m^2 sr um),W/(m^2 um),value_si=value_native*1e8/(wavelength_um^2),3112.0,3.2133676092544987,0.24986003,5.6777e-10,0.005498593546880001,0.0,0.0,0.0,0.0,4.4521e-11,0.000431165583424,4.4521e-11,0.000431165583424,0.0,0.0,0.0,0.0,6.1229e-10,0.005929759130304001
mwir_std_solar_scatter,D:\HwaSimIR\HwaSim_IR\Bin\Config\Atmosphere\MODTRAN\raw\audit_mwir_standard_20260906\mwir_std_solar_scatter\MODOUT2.txt,W/(cm^2 sr cm^-1),W/(cm^2 cm^-1),W/(m^2 sr um),W/(m^2 um),value_si=value_native*1e8/(wavelength_um^2),3113.0,3.2123353678123996,0.36829266,4.6755e-10,0.0045309190459499995,0.0,0.0,0.0,0.0,4.8673e-11,0.000471678799537,4.8673e-11,0.000471678799537,0.0,0.0,0.0,0.0,5.1623e-10,0.005002597845486999
mwir_std_solar_scatter,D:\HwaSimIR\HwaSim_IR\Bin\Config\Atmosphere\MODTRAN\raw\audit_mwir_standard_20260906\mwir_std_solar_scatter\MODOUT2.txt,W/(cm^2 sr cm^-1),W/(cm^2 cm^-1),W/(m^2 sr um),W/(m^2 um),value_si=value_native*1e8/(wavelength_um^2),3114.0,3.2113037893384715,0.27956763,5.0817e-10,0.00492772245732,0.0,0.0,0.0,0.0,4.138e-11,0.00040126169447999996,4.138e-11,0.00040126169447999996,0.0,0.0,0.0,0.0,5.4955e-10,0.0053289841518
mwir_std_solar_scatter,D:\HwaSimIR\HwaSim_IR\Bin\Config\Atmosphere\MODTRAN\raw\audit_mwir_standard_20260906\mwir_std_solar_scatter\MODOUT2.txt,W/(cm^2 sr cm^-1),W/(cm^2 cm^-1),W/(m^2 sr um),W/(m^2 um),value_si=value_native*1e8/(wavelength_um^2),3115.0,3.2102728731942216,0.324954,6.5458e-10,0.0063515370205,0.0,0.0,0.0,0.0,5.6717e-11,0.0005503378123249999,5.6717e-11,0.0005503378123249999,0.0,0.0,0.0,0.0,7.113e-10,0.0069018748328250005
mwir_std_solar_scatter,D:\HwaSimIR\HwaSim_IR\Bin\Config\Atmosphere\MODTRAN\raw\audit_mwir_standard_20260906\mwir_std_solar_scatter\MODOUT2.txt,W/(cm^2 sr cm^-1),W/(cm^2 cm^-1),W/(m^2 sr um),W/(m^2 um),value_si=value_native*1e8/(wavelength_um^2),3116.0,3.209242618741977,0.06243742,5.5414e-10,0.0053803979478399995,0.0,0.0,0.0,0.0,2.1773e-11,0.000211403985488,2.1773e-11,0.000211403985488,0.0,0.0,0.0,0.0,5.7591e-10,0.0055918019333279995
mwir_std_solar_scatter,D:\HwaSimIR\HwaSim_IR\Bin\Config\Atmosphere\MODTRAN\raw\audit_mwir_standard_20260906\mwir_std_solar_scatter\MODOUT2.txt,W/(cm^2 sr cm^-1),W/(cm^2 cm^-1),W/(m^2 sr um),W/(m^2 um),value_si=value_native*1e8/(wavelength_um^2),3117.0,3.208213025344883,0.53096485,4.7939e-10,0.0046576041497100006,0.0,0.0,0.0,0.0,7.7014e-11,0.000748244072646,7.7014e-11,0.000748244072646,0.0,0.0,0.0,0.0,5.5641e-10,0.005405848222356
mwir_std_solar_scatter,D:\HwaSimIR\HwaSim_IR\Bin\Config\Atmosphere\MODTRAN\raw\audit_mwir_standard_20260906\mwir_std_solar_scatter\MODOUT2.txt,W/(cm^2 sr cm^-1),W/(cm^2 cm^-1),W/(m^2 sr um),W/(m^2 um),value_si=value_native*1e8/(wavelength_um^2),3118.0,3.207184092366902,0.2531583,5.8831e-10,0.00571950510844,0.0,0.0,0.0,0.0,4.7669e-11,0.000463434395156,4.7669e-11,0.000463434395156,0.0,0.0,0.0,0.0,6.3598e-10,0.006182939503596
mwir_std_solar_scatter,D:\HwaSimIR\HwaSim_IR\Bin\Config\Atmosphere\MODTRAN\raw\audit_mwir_standard_20260906\mwir_std_solar_scatter\MODOUT2.txt,W/(cm^2 sr cm^-1),W/(cm^2 cm^-1),W/(m^2 sr um),W/(m^2 um),value_si=value_native*1e8/(wavelength_um^2),3119.0,3.2061558191728117,0.06839085,5.4511e-10,0.00530291784271,0.0,0.0,0.0,0.0,2.1967e-11,0.000213698512687,2.1967e-11,0.000213698512687,0.0,0.0,0.0,0.0,5.6708e-10,0.005516616355396999
mwir_std_solar_scatter,D:\HwaSimIR\HwaSim_IR\Bin\Config\Atmosphere\MODTRAN\raw\audit_mwir_standard_20260906\mwir_std_solar_scatter\MODOUT2.txt,W/(cm^2 sr cm^-1),W/(cm^2 cm^-1),W/(m^2 sr um),W/(m^2 um),value_si=value_native*1e8/(wavelength_um^2),3120.0,3.2051282051282053,0.6322071,3.8955e-10,0.0037920355199999997,0.0,0.0,0.0,0.0,8.5881e-11,0.0008360000063999998,8.5881e-11,0.0008360000063999998,0.0,0.0,0.0,0.0,4.7543e-10,0.004628035526399999
mwir_std_solar_scatter,D:\HwaSimIR\HwaSim_IR\Bin\Config\Atmosphere\MODTRAN\raw\audit_mwir_standard_20260906\mwir_std_solar_scatter\MODOUT2.txt,W/(cm^2 sr cm^-1),W/(cm^2 cm^-1),W/(m^2 sr um),W/(m^2 um),value_si=value_native*1e8/(wavelength_um^2),3121.0,3.2041012495994874,0.66821808,3.4936e-10,0.00340299033976,0.0,0.0,0.0,0.0,8.8453e-11,0.000861588918373,8.8453e-11,0.000861588918373,0.0,0.0,0.0,0.0,4.3782e-10,0.004264579258133
mwir_std_solar_scatter,D:\HwaSimIR\HwaSim_IR\Bin\Config\Atmosphere\MODTRAN\raw\audit_mwir_standard_20260906\mwir_std_solar_scatter\MODOUT2.txt,W/(cm^2 sr cm^-1),W/(cm^2 cm^-1),W/(m^2 sr um),W/(m^2 um),value_si=value_native*1e8/(wavelength_um^2),3122.0,3.2030749519538757,0.12305965,5.3673e-10,0.005231445049320001,0.0,0.0,0.0,0.0,2.7045e-11,0.00026360447778,2.7045e-11,0.00026360447778,0.0,0.0,0.0,0.0,5.6377e-10,0.005495049527100001
mwir_std_solar_scatter,D:\HwaSimIR\HwaSim_IR\Bin\Config\Atmosphere\MODTRAN\raw\audit_mwir_standard_20260906\mwir_std_solar_scatter\MODOUT2.txt,W/(cm^2 sr cm^-1),W/(cm^2 cm^-1),W/(m^2 sr um),W/(m^2 um),value_si=value_native*1e8/(wavelength_um^2),3123.0,3.202049311559398,0.02443125,5.13e-10,0.005003355177000001,0.0,0.0,0.0,0.0,1.499e-11,0.00014619940371000001,1.499e-11,0.00014619940371000001,0.0,0.0,0.0,0.0,5.2799e-10,0.005149554580710001
mwir_std_solar_scatter,D:\HwaSimIR\HwaSim_IR\Bin\Config\Atmosphere\MODTRAN\raw\audit_mwir_standard_20260906\mwir_std_solar_scatter\MODOUT2.txt,W/(cm^2 sr cm^-1),W/(cm^2 cm^-1),W/(m^2 sr um),W/(m^2 um),value_si=value_native*1e8/(wavelength_um^2),3124.0,3.201024327784891,0.72948289,2.8694e-10,0.00280035534944,0.0,0.0,0.0,0.0,9.3478e-11,0.0009122869497279999,9.3478e-11,0.0009122869497279999,0.0,0.0,0.0,0.0,3.8041e-10,0.0037126422991679998
mwir_std_solar_scatter,D:\HwaSimIR\HwaSim_IR\Bin\Config\Atmosphere\MODTRAN\raw\audit_mwir_standard_20260906\mwir_std_solar_scatter\MODOUT2.txt,W/(cm^2 sr cm^-1),W/(cm^2 cm^-1),W/(m^2 sr um),W/(m^2 um),value_si=value_native*1e8/(wavelength_um^2),3125.0,3.2,0.46708429,4.7363e-10,0.004625292968749999,0.0,0.0,0.0,0.0,6.9874e-11,0.0006823632812499998,6.9874e-11,0.0006823632812499998,0.0,0.0,0.0,0.0,5.435e-10,0.005307656249999999
mwir_std_solar_scatter,D:\HwaSimIR\HwaSim_IR\Bin\Config\Atmosphere\MODTRAN\raw\audit_mwir_standard_20260906\mwir_std_solar_scatter\MODOUT2.txt,W/(cm^2 sr cm^-1),W/(cm^2 cm^-1),W/(m^2 sr um),W/(m^2 um),value_si=value_native*1e8/(wavelength_um^2),3126.0,3.198976327575176,0.21198334,5.745e-10,0.005613942762000001,0.0,0.0,0.0,0.0,4.2142e-11,0.0004118063983920001,4.2142e-11,0.0004118063983920001,0.0,0.0,0.0,0.0,6.1664e-10,0.006025749160392
mwir_std_solar_scatter,D:\HwaSimIR\HwaSim_IR\Bin\Config\Atmosphere\MODTRAN\raw\audit_mwir_standard_20260906\mwir_std_solar_scatter\MODOUT2.txt,W/(cm^2 sr cm^-1),W/(cm^2 cm^-1),W/(m^2 sr um),W/(m^2 um),value_si=value_native*1e8/(wavelength_um^2),3127.0,3.197953309881676,0.1121241,5.7186e-10,0.005591720849939999,0.0,0.0,0.0,0.0,3.0217e-11,0.00029546572399299996,3.0217e-11,0.00029546572399299996,0.0,0.0,0.0,0.0,6.0208e-10,0.005887186573932999
mwir_std_solar_scatter,D:\HwaSimIR\HwaSim_IR\Bin\Config\Atmosphere\MODTRAN\raw\audit_mwir_standard_20260906\mwir_std_solar_scatter\MODOUT2.txt,W/(cm^2 sr cm^-1),W/(cm^2 cm^-1),W/(m^2 sr um),W/(m^2 um),value_si=value_native*1e8/(wavelength_um^2),3128.0,3.1969309462915603,0.69197643,3.1007e-10,0.0030338439468799994,0.0,0.0,0.0,0.0,8.9148e-11,0.000872258264832,8.9148e-11,0.000872258264832,0.0,0.0,0.0,0.0,3.9922e-10,0.0039061022117119993
mwir_std_solar_scatter,D:\HwaSimIR\HwaSim_IR\Bin\Config\Atmosphere\MODTRAN\raw\audit_mwir_standard_20260906\mwir_std_solar_scatter\MODOUT2.txt,W/(cm^2 sr cm^-1),W/(cm^2 cm^-1),W/(m^2 sr um),W/(m^2 um),value_si=value_native*1e8/(wavelength_um^2),3129.0,3.1959092361776924,0.80065572,1.9483e-10,0.0019075105860300002,0.0,0.0,0.0,0.0,9.997e-11,0.00097877038077,9.997e-11,0.00097877038077,0.0,0.0,0.0,0.0,2.9481e-10,0.0028862809668
mwir_std_solar_scatter,D:\HwaSimIR\HwaSim_IR\Bin\Config\Atmosphere\MODTRAN\raw\audit_mwir_standard_20260906\mwir_std_solar_scatter\MODOUT2.txt,W/(cm^2 sr cm^-1),W/(cm^2 cm^-1),W/(m^2 sr um),W/(m^2 um),value_si=value_native*1e8/(wavelength_um^2),3130.0,3.194888178913738,0.87123966,1.3381e-10,0.001310923189,0.0,0.0,0.0,0.0,1.0666e-10,0.0010449373539999998,1.0666e-10,0.0010449373539999998,0.0,0.0,0.0,0.0,2.4047e-10,0.0023558605429999996
mwir_std_solar_scatter,D:\HwaSimIR\HwaSim_IR\Bin\Config\Atmosphere\MODTRAN\raw\audit_mwir_standard_20260906\mwir_std_solar_scatter\MODOUT2.txt,W/(cm^2 sr cm^-1),W/(cm^2 cm^-1),W/(m^2 sr um),W/(m^2 um),value_si=value_native*1e8/(wavelength_um^2),3131.0,3.1938677738741617,0.57583725,3.0647e-10,0.00300437475167,0.0,0.0,0.0,0.0,7.1415e-11,0.0007000927428150001,7.1415e-11,0.0007000927428150001,0.0,0.0,0.0,0.0,3.7789e-10,0.003704467494485
mwir_std_solar_scatter,D:\HwaSimIR\HwaSim_IR\Bin\Config\Atmosphere\MODTRAN\raw\audit_mwir_standard_20260906\mwir_std_solar_scatter\MODOUT2.txt,W/(cm^2 sr cm^-1),W/(cm^2 cm^-1),W/(m^2 sr um),W/(m^2 um),value_si=value_native*1e8/(wavelength_um^2),3132.0,3.1928480204342273,0.4944098,4.3388e-10,0.00425611288512,0.0,0.0,0.0,0.0,6.9129e-11,0.000678115671696,6.9129e-11,0.000678115671696,0.0,0.0,0.0,0.0,5.03e-10,0.004934228556816
mwir_std_solar_scatter,D:\HwaSimIR\HwaSim_IR\Bin\Config\Atmosphere\MODTRAN\raw\audit_mwir_standard_20260906\mwir_std_solar_scatter\MODOUT2.txt,W/(cm^2 sr cm^-1),W/(cm^2 cm^-1),W/(m^2 sr um),W/(m^2 um),value_si=value_native*1e8/(wavelength_um^2),3133.0,3.191828917969997,0.03980938,4.7876e-10,0.00469935926564,0.0,0.0,0.0,0.0,1.7637e-11,0.00017311930689299998,1.7637e-11,0.00017311930689299998,0.0,0.0,0.0,0.0,4.9639e-10,0.004872478572533
mwir_std_solar_scatter,D:\HwaSimIR\HwaSim_IR\Bin\Config\Atmosphere\MODTRAN\raw\audit_mwir_standard_20260906\mwir_std_solar_scatter\MODOUT2.txt,W/(cm^2 sr cm^-1),W/(cm^2 cm^-1),W/(m^2 sr um),W/(m^2 um),value_si=value_native*1e8/(wavelength_um^2),3134.0,3.190810465858328,0.48295215,4.7782e-10,0.004693127015920001,0.0,0.0,0.0,0.0,7.3582e-11,0.000722719166392,7.3582e-11,0.000722719166392,0.0,0.0,0.0,0.0,5.514e-10,0.005415846182312001
mwir_std_solar_scatter,D:\HwaSimIR\HwaSim_IR\Bin\Config\Atmosphere\MODTRAN\raw\audit_mwir_standard_20260906\mwir_std_solar_scatter\MODOUT2.txt,W/(cm^2 sr cm^-1),W/(cm^2 cm^-1),W/(m^2 sr um),W/(m^2 um),value_si=value_native*1e8/(wavelength_um^2),3135.0,3.189792663476874,0.81172287,1.8949e-10,0.00186235035525,0.0,0.0,0.0,0.0,1.0172e-10,0.000999727047,1.0172e-10,0.000999727047,0.0,0.0,0.0,0.0,2.9121e-10,0.00286207740225
mwir_std_solar_scatter,D:\HwaSimIR\HwaSim_IR\Bin\Config\Atmosphere\MODTRAN\raw\audit_mwir_standard_20260906\mwir_std_solar_scatter\MODOUT2.txt,W/(cm^2 sr cm^-1),W/(cm^2 cm^-1),W/(m^2 sr um),W/(m^2 um),value_si=value_native*1e8/(wavelength_um^2),3136.0,3.188775510204082,0.88139385,1.2034e-10,0.0011834832486399998,0.0,0.0,0.0,0.0,1.0813e-10,0.0010634040524799997,1.0813e-10,0.0010634040524799997,0.0,0.0,0.0,0.0,2.2847e-10,0.0022468873011199995
mwir_std_solar_scatter,D:\HwaSimIR\HwaSim_IR\Bin\Config\Atmosphere\MODTRAN\raw\audit_mwir_standard_20260906\mwir_std_solar_scatter\MODOUT2.txt,W/(cm^2 sr cm^-1),W/(cm^2 cm^-1),W/(m^2 sr um),W/(m^2 um),value_si=value_native*1e8/(wavelength_um^2),3137.0,3.18775900541919,0.91633838,8.0486e-11,0.000792044133734,0.0,0.0,0.0,0.0,1.1004e-10,0.0010828782207600001,1.1004e-10,0.0010828782207600001,0.0,0.0,0.0,0.0,1.9053e-10,0.0018749223544940001
mwir_std_solar_scatter,D:\HwaSimIR\HwaSim_IR\Bin\Config\Atmosphere\MODTRAN\raw\audit_mwir_standard_20260906\mwir_std_solar_scatter\MODOUT2.txt,W/(cm^2 sr cm^-1),W/(cm^2 cm^-1),W/(m^2 sr um),W/(m^2 um),value_si=value_native*1e8/(wavelength_um^2),3138.0,3.186743148502231,0.93652064,6.1146e-11,0.0006021073524239999,0.0,0.0,0.0,0.0,1.1223e-10,0.0011051337481199999,1.1223e-10,0.0011051337481199999,0.0,0.0,0.0,0.0,1.7338e-10,0.0017072411005439997
mwir_std_solar_scatter,D:\HwaSimIR\HwaSim_IR\Bin\Config\Atmosphere\MODTRAN\raw\audit_mwir_standard_20260906\mwir_std_solar_scatter\MODOUT2.txt,W/(cm^2 sr cm^-1),W/(cm^2 cm^-1),W/(m^2 sr um),W/(m^2 um),value_si=value_native*1e8/(wavelength_um^2),3139.0,3.1857279388340234,0.92913222,6.9695e-11,0.000686727207095,0.0,0.0,0.0,0.0,1.1215e-10,0.00110504995015,1.1215e-10,0.00110504995015,0.0,0.0,0.0,0.0,1.8184e-10,0.001791777157245
mwir_std_solar_scatter,D:\HwaSimIR\HwaSim_IR\Bin\Config\Atmosphere\MODTRAN\raw\audit_mwir_standard_20260906\mwir_std_solar_scatter\MODOUT2.txt,W/(cm^2 sr cm^-1),W/(cm^2 cm^-1),W/(m^2 sr um),W/(m^2 um),value_si=value_native*1e8/(wavelength_um^2),3140.0,3.1847133757961785,0.5168733,3.1738e-10,0.003129239848,0.0,0.0,0.0,0.0,6.3637e-11,0.0006274353651999999,6.3637e-11,0.0006274353651999999,0.0,0.0,0.0,0.0,3.8101e-10,0.0037566752132
mwir_std_solar_scatter,D:\HwaSimIR\HwaSim_IR\Bin\Config\Atmosphere\MODTRAN\raw\audit_mwir_standard_20260906\mwir_std_solar_scatter\MODOUT2.txt,W/(cm^2 sr cm^-1),W/(cm^2 cm^-1),W/(m^2 sr um),W/(m^2 um),value_si=value_native*1e8/(wavelength_um^2),3141.0,3.183699458771092,0.84530526,1.1724e-10,0.00115667588844,0.0,0.0,0.0,0.0,1.0234e-10,0.0010096742615399998,1.0234e-10,0.0010096742615399998,0.0,0.0,0.0,0.0,2.1958e-10,0.00216635014998
mwir_std_solar_scatter,D:\HwaSimIR\HwaSim_IR\Bin\Config\Atmosphere\MODTRAN\raw\audit_mwir_standard_20260906\mwir_std_solar_scatter\MODOUT2.txt,W/(cm^2 sr cm^-1),W/(cm^2 cm^-1),W/(m^2 sr um),W/(m^2 um),value_si=value_native*1e8/(wavelength_um^2),3142.0,3.1826861871419476,0.85627759,1.4165e-10,0.0013983920306000002,0.0,0.0,0.0,0.0,1.0656e-10,0.0010519777958400002,1.0656e-10,0.0010519777958400002,0.0,0.0,0.0,0.0,2.4821e-10,0.0024503698264400006
mwir_std_solar_scatter,D:\HwaSimIR\HwaSim_IR\Bin\Config\Atmosphere\MODTRAN\raw\audit_mwir_standard_20260906\mwir_std_solar_scatter\MODOUT2.txt,W/(cm^2 sr cm^-1),W/(cm^2 cm^-1),W/(m^2 sr um),W/(m^2 um),value_si=value_native*1e8/(wavelength_um^2),3143.0,3.181673560292714,0.47611079,3.7147e-10,0.00366954745003,0.0,0.0,0.0,0.0,6.9091e-11,0.0006825119198589999,6.9091e-11,0.0006825119198589999,0.0,0.0,0.0,0.0,4.4056e-10,0.004352059369889
mwir_std_solar_scatter,D:\HwaSimIR\HwaSim_IR\Bin\Config\Atmosphere\MODTRAN\raw\audit_mwir_standard_20260906\mwir_std_solar_scatter\MODOUT2.txt,W/(cm^2 sr cm^-1),W/(cm^2 cm^-1),W/(m^2 sr um),W/(m^2 um),value_si=value_native*1e8/(wavelength_um^2),3144.0,3.1806615776081424,0.93589813,6.272e-11,0.0006199706419200001,0.0,0.0,0.0,0.0,1.1321e-10,0.0011190509625600001,1.1321e-10,0.0011190509625600001,0.0,0.0,0.0,0.0,1.7593e-10,0.0017390216044800002
mwir_std_solar_scatter,D:\HwaSimIR\HwaSim_IR\Bin\Config\Atmosphere\MODTRAN\raw\audit_mwir_standard_20260906\mwir_std_solar_scatter\MODOUT2.txt,W/(cm^2 sr cm^-1),W/(cm^2 cm^-1),W/(m^2 sr um),W/(m^2 um),value_si=value_native*1e8/(wavelength_um^2),3145.0,3.179650238473768,0.95859593,4.0356e-11,0.0003991622049,0.0,0.0,0.0,0.0,1.1551e-10,0.00114251229775,1.1551e-10,0.00114251229775,0.0,0.0,0.0,0.0,1.5586e-10,0.00154167450265
mwir_std_solar_scatter,D:\HwaSimIR\HwaSim_IR\Bin\Config\Atmosphere\MODTRAN\raw\audit_mwir_standard_20260906\mwir_std_solar_scatter\MODOUT2.txt,W/(cm^2 sr cm^-1),W/(cm^2 cm^-1),W/(m^2 sr um),W/(m^2 um),value_si=value_native*1e8/(wavelength_um^2),3146.0,3.178639542275906,0.94193274,5.2063e-11,0.0005152839629079999,0.0,0.0,0.0,0.0,1.1288e-10,0.00111720903008,1.1288e-10,0.00111720903008,0.0,0.0,0.0,0.0,1.6495e-10,0.001632492992988
mwir_std_solar_scatter,D:\HwaSimIR\HwaSim_IR\Bin\Config\Atmosphere\MODTRAN\raw\audit_mwir_standard_20260906\mwir_std_solar_scatter\MODOUT2.txt,W/(cm^2 sr cm^-1),W/(cm^2 cm^-1),W/(m^2 sr um),W/(m^2 um),value_si=value_native*1e8/(wavelength_um^2),3147.0,3.1776294884016525,0.94854867,4.8659e-11,0.000481899710331,0.0,0.0,0.0,0.0,1.1473e-10,0.00113624106057,1.1473e-10,0.00113624106057,0.0,0.0,0.0,0.0,1.6339e-10,0.001618140770901
mwir_std_solar_scatter,D:\HwaSimIR\HwaSim_IR\Bin\Config\Atmosphere\MODTRAN\raw\audit_mwir_standard_20260906\mwir_std_solar_scatter\MODOUT2.txt,W/(cm^2 sr cm^-1),W/(cm^2 cm^-1),W/(m^2 sr um),W/(m^2 um),value_si=value_native*1e8/(wavelength_um^2),3148.0,3.1766200762388817,0.94500637,5.2211e-11,0.0005174059977440001,0.0,0.0,0.0,0.0,1.1491e-10,0.0011387470686400002,1.1491e-10,0.0011387470686400002,0.0,0.0,0.0,0.0,1.6713e-10,0.0016561530663840003
mwir_std_solar_scatter,D:\HwaSimIR\HwaSim_IR\Bin\Config\Atmosphere\MODTRAN\raw\audit_mwir_standard_20260906\mwir_std_solar_scatter\MODOUT2.txt,W/(cm^2 sr cm^-1),W/(cm^2 cm^-1),W/(m^2 sr um),W/(m^2 um),value_si=value_native*1e8/(wavelength_um^2),3149.0,3.1756113051762465,0.5487479,3.0456e-10,0.00302007817656,0.0,0.0,0.0,0.0,6.4953e-11,0.0006440870035530001,6.4953e-11,0.0006440870035530001,0.0,0.0,0.0,0.0,3.6951e-10,0.003664165180113
mwir_std_solar_scatter,D:\HwaSimIR\HwaSim_IR\Bin\Config\Atmosphere\MODTRAN\raw\audit_mwir_standard_20260906\mwir_std_solar_scatter\MODOUT2.txt,W/(cm^2 sr cm^-1),W/(cm^2 cm^-1),W/(m^2 sr um),W/(m^2 um),value_si=value_native*1e8/(wavelength_um^2),3150.0,3.1746031746031744,0.95494711,4.2339e-11,0.0004201087275,0.0,0.0,0.0,0.0,1.1622e-10,0.0011531929500000003,1.1622e-10,0.0011531929500000003,0.0,0.0,0.0,0.0,1.5856e-10,0.0015733016775000002
mwir_std_solar_scatter,D:\HwaSimIR\HwaSim_IR\Bin\Config\Atmosphere\MODTRAN\raw\audit_mwir_standard_20260906\mwir_std_solar_scatter\MODOUT2.txt,W/(cm^2 sr cm^-1),W/(cm^2 cm^-1),W/(m^2 sr um),W/(m^2 um),value_si=value_native*1e8/(wavelength_um^2),3151.0,3.17359568390987,0.69073182,2.3475e-10,0.0023307860347500002,0.0,0.0,0.0,0.0,9.1238e-11,0.0009058839456380001,9.1238e-11,0.0009058839456380001,0.0,0.0,0.0,0.0,3.2599e-10,0.003236669980388
mwir_std_solar_scatter,D:\HwaSimIR\HwaSim_IR\Bin\Config\Atmosphere\MODTRAN\raw\audit_mwir_standard_20260906\mwir_std_solar_scatter\MODOUT2.txt,W/(cm^2 sr cm^-1),W/(cm^2 cm^-1),W/(m^2 sr um),W/(m^2 um),value_si=value_native*1e8/(wavelength_um^2),3152.0,3.1725888324873095,0.74706817,2.3413e-10,0.0023261058995200003,0.0,0.0,0.0,0.0,9.8679e-11,0.0009803861276160002,9.8679e-11,0.0009803861276160002,0.0,0.0,0.0,0.0,3.3281e-10,0.0033064920271360003
mwir_std_solar_scatter,D:\HwaSimIR\HwaSim_IR\Bin\Config\Atmosphere\MODTRAN\raw\audit_mwir_standard_20260906\mwir_std_solar_scatter\MODOUT2.txt,W/(cm^2 sr cm^-1),W/(cm^2 cm^-1),W/(m^2 sr um),W/(m^2 um),value_si=value_native*1e8/(wavelength_um^2),3153.0,3.171582619727244,0.9271239,6.9116e-11,0.0006871104244439998,0.0,0.0,0.0,0.0,1.1312e-10,0.0011245721860799998,1.1312e-10,0.0011245721860799998,0.0,0.0,0.0,0.0,1.8224e-10,0.0018116826105239996
mwir_std_solar_scatter,D:\HwaSimIR\HwaSim_IR\Bin\Config\Atmosphere\MODTRAN\raw\audit_mwir_standard_20260906\mwir_std_solar_scatter\MODOUT2.txt,W/(cm^2 sr cm^-1),W/(cm^2 cm^-1),W/(m^2 sr um),W/(m^2 um),value_si=value_native*1e8/(wavelength_um^2),3154.0,3.170577045022194,0.96868938,2.9295e-11,0.00029141834021999995,0.0,0.0,0.0,0.0,1.1719e-10,0.0011657728380399998,1.1719e-10,0.0011657728380399998,0.0,0.0,0.0,0.0,1.4648e-10,0.0014571911782599997
mwir_std_solar_scatter,D:\HwaSimIR\HwaSim_IR\Bin\Config\Atmosphere\MODTRAN\raw\audit_mwir_standard_20260906\mwir_std_solar_scatter\MODOUT2.txt,W/(cm^2 sr cm^-1),W/(cm^2 cm^-1),W/(m^2 sr um),W/(m^2 um),value_si=value_native*1e8/(wavelength_um^2),3155.0,3.1695721077654517,0.92573529,6.6676e-11,0.0006636945709,0.0,0.0,0.0,0.0,1.1285e-10,0.00112331172125,1.1285e-10,0.00112331172125,0.0,0.0,0.0,0.0,1.7952e-10,0.0017870062921499998
mwir_std_solar_scatter,D:\HwaSimIR\HwaSim_IR\Bin\Config\Atmosphere\MODTRAN\raw\audit_mwir_standard_20260906\mwir_std_solar_scatter\MODOUT2.txt,W/(cm^2 sr cm^-1),W/(cm^2 cm^-1),W/(m^2 sr um),W/(m^2 um),value_si=value_native*1e8/(wavelength_um^2),3156.0,3.1685678073510775,0.95859873,3.6982e-11,0.00036835314595199997,0.0,0.0,0.0,0.0,1.1583e-10,0.00115370571888,1.1583e-10,0.00115370571888,0.0,0.0,0.0,0.0,1.5281e-10,0.0015220588648319998
mwir_std_solar_scatter,D:\HwaSimIR\HwaSim_IR\Bin\Config\Atmosphere\MODTRAN\raw\audit_mwir_standard_20260906\mwir_std_solar_scatter\MODOUT2.txt,W/(cm^2 sr cm^-1),W/(cm^2 cm^-1),W/(m^2 sr um),W/(m^2 um),value_si=value_native*1e8/(wavelength_um^2),3157.0,3.1675641431738994,0.91089386,6.6844e-11,0.0006662106857559998,0.0,0.0,0.0,0.0,1.1068e-10,0.0011031087113199999,1.1068e-10,0.0011031087113199999,0.0,0.0,0.0,0.0,1.7753e-10,0.0017693193970759998
mwir_std_solar_scatter,D:\HwaSimIR\HwaSim_IR\Bin\Config\Atmosphere\MODTRAN\raw\audit_mwir_standard_20260906\mwir_std_solar_scatter\MODOUT2.txt,W/(cm^2 sr cm^-1),W/(cm^2 cm^-1),W/(m^2 sr um),W/(m^2 um),value_si=value_native*1e8/(wavelength_um^2),3158.0,3.1665611146295123,0.77777487,1.5899e-10,0.00158560154636,0.0,0.0,0.0,0.0,9.3869e-11,0.0009361521577160001,9.3869e-11,0.0009361521577160001,0.0,0.0,0.0,0.0,2.5286e-10,0.002521753704076
mwir_std_solar_scatter,D:\HwaSimIR\HwaSim_IR\Bin\Config\Atmosphere\MODTRAN\raw\audit_mwir_standard_20260906\mwir_std_solar_scatter\MODOUT2.txt,W/(cm^2 sr cm^-1),W/(cm^2 cm^-1),W/(m^2 sr um),W/(m^2 um),value_si=value_native*1e8/(wavelength_um^2),3159.0,3.1655587211142766,0.96530342,3.0872e-11,0.000308080363032,0.0,0.0,0.0,0.0,1.1727e-10,0.00117027028287,1.1727e-10,0.00117027028287,0.0,0.0,0.0,0.0,1.4815e-10,0.0014783506459019999
mwir_std_solar_scatter,D:\HwaSimIR\HwaSim_IR\Bin\Config\Atmosphere\MODTRAN\raw\audit_mwir_standard_20260906\mwir_std_solar_scatter\MODOUT2.txt,W/(cm^2 sr cm^-1),W/(cm^2 cm^-1),W/(m^2 sr um),W/(m^2 um),value_si=value_native*1e8/(wavelength_um^2),3160.0,3.1645569620253164,0.9777059,2.0355e-11,0.000203256888,0.0,0.0,0.0,0.0,1.1912e-10,0.001189484672,1.1912e-10,0.001189484672,0.0,0.0,0.0,0.0,1.3948e-10,0.0013927415599999998
mwir_std_solar_scatter,D:\HwaSimIR\HwaSim_IR\Bin\Config\Atmosphere\MODTRAN\raw\audit_mwir_standard_20260906\mwir_std_solar_scatter\MODOUT2.txt,W/(cm^2 sr cm^-1),W/(cm^2 cm^-1),W/(m^2 sr um),W/(m^2 um),value_si=value_native*1e8/(wavelength_um^2),3161.0,3.1635558367605188,0.97711176,2.1082e-11,0.00021064967852200002,0.0,0.0,0.0,0.0,1.1934e-10,0.00119243585214,1.1934e-10,0.00119243585214,0.0,0.0,0.0,0.0,1.4043e-10,0.0014030855306620001
mwir_std_solar_scatter,D:\HwaSimIR\HwaSim_IR\Bin\Config\Atmosphere\MODTRAN\raw\audit_mwir_standard_20260906\mwir_std_solar_scatter\MODOUT2.txt,W/(cm^2 sr cm^-1),W/(cm^2 cm^-1),W/(m^2 sr um),W/(m^2 um),value_si=value_native*1e8/(wavelength_um^2),3162.0,3.1625553447185326,0.96124309,3.5943e-11,0.000359366884092,0.0,0.0,0.0,0.0,1.1804e-10,0.00118019272176,1.1804e-10,0.00118019272176,0.0,0.0,0.0,0.0,1.5398e-10,0.0015395596058519999
mwir_std_solar_scatter,D:\HwaSimIR\HwaSim_IR\Bin\Config\Atmosphere\MODTRAN\raw\audit_mwir_standard_20260906\mwir_std_solar_scatter\MODOUT2.txt,W/(cm^2 sr cm^-1),W/(cm^2 cm^-1),W/(m^2 sr um),W/(m^2 um),value_si=value_native*1e8/(wavelength_um^2),3163.0,3.161555485298767,0.96089733,3.5741e-11,0.00035757330062899997,0.0,0.0,0.0,0.0,1.1811e-10,0.0011816396445899998,1.1811e-10,0.0011816396445899998,0.0,0.0,0.0,0.0,1.5385e-10,0.0015392129452189997
mwir_std_solar_scatter,D:\HwaSimIR\HwaSim_IR\Bin\Config\Atmosphere\MODTRAN\raw\audit_mwir_standard_20260906\mwir_std_solar_scatter\MODOUT2.txt,W/(cm^2 sr cm^-1),W/(cm^2 cm^-1),W/(m^2 sr um),W/(m^2 um),value_si=value_native*1e8/(wavelength_um^2),3164.0,3.1605562579013906,0.71399856,2.3463e-10,0.00234885652848,0.0,0.0,0.0,0.0,9.4897e-11,0.0009500039977120001,9.4897e-11,0.0009500039977120001,0.0,0.0,0.0,0.0,3.2952e-10,0.0032988605261920004
mwir_std_solar_scatter,D:\HwaSimIR\HwaSim_IR\Bin\Config\Atmosphere\MODTRAN\raw\audit_mwir_standard_20260906\mwir_std_solar_scatter\MODOUT2.txt,W/(cm^2 sr cm^-1),W/(cm^2 cm^-1),W/(m^2 sr um),W/(m^2 um),value_si=value_native*1e8/(wavelength_um^2),3165.0,3.1595576619273302,0.88706034,9.7868e-11,0.0009803657763,0.0,0.0,0.0,0.0,1.1115e-10,0.00111341455875,1.1115e-10,0.00111341455875,0.0,0.0,0.0,0.0,2.0902e-10,0.00209378033505
mwir_std_solar_scatter,D:\HwaSimIR\HwaSim_IR\Bin\Config\Atmosphere\MODTRAN\raw\audit_mwir_standard_20260906\mwir_std_solar_scatter\MODOUT2.txt,W/(cm^2 sr cm^-1),W/(cm^2 cm^-1),W/(m^2 sr um),W/(m^2 um),value_si=value_native*1e8/(wavelength_um^2),3166.0,3.158559696778269,0.79916537,1.5272e-10,0.00153079747232,0.0,0.0,0.0,0.0,9.9405e-11,0.00099639158418,9.9405e-11,0.00099639158418,0.0,0.0,0.0,0.0,2.5212e-10,0.0025271890565
mwir_std_solar_scatter,D:\HwaSimIR\HwaSim_IR\Bin\Config\Atmosphere\MODTRAN\raw\audit_mwir_standard_20260906\mwir_std_solar_scatter\MODOUT2.txt,W/(cm^2 sr cm^-1),W/(cm^2 cm^-1),W/(m^2 sr um),W/(m^2 um),value_si=value_native*1e8/(wavelength_um^2),3167.0,3.157562361856647,0.77574313,1.8889e-10,0.0018945457332099997,0.0,0.0,0.0,0.0,1.0122e-10,0.00101522536458,1.0122e-10,0.00101522536458,0.0,0.0,0.0,0.0,2.9011e-10,0.0029097710977899994
mwir_std_solar_scatter,D:\HwaSimIR\HwaSim_IR\Bin\Config\Atmosphere\MODTRAN\raw\audit_mwir_standard_20260906\mwir_std_solar_scatter\MODOUT2.txt,W/(cm^2 sr cm^-1),W/(cm^2 cm^-1),W/(m^2 sr um),W/(m^2 um),value_si=value_native*1e8/(wavelength_um^2),3168.0,3.1565656565656566,0.54764336,3.0954e-10,0.0031066127769599997,0.0,0.0,0.0,0.0,7.862e-11,0.0007890479308799999,7.862e-11,0.0007890479308799999,0.0,0.0,0.0,0.0,3.8816e-10,0.0038956607078399997
mwir_std_solar_scatter,D:\HwaSimIR\HwaSim_IR\Bin\Config\Atmosphere\MODTRAN\raw\audit_mwir_standard_20260906\mwir_std_solar_scatter\MODOUT2.txt,W/(cm^2 sr cm^-1),W/(cm^2 cm^-1),W/(m^2 sr um),W/(m^2 um),value_si=value_native*1e8/(wavelength_um^2),3169.0,3.155569580309246,0.76523626,1.8984e-10,0.0019064797802399995,0.0,0.0,0.0,0.0,1.0106e-10,0.00101490121466,1.0106e-10,0.00101490121466,0.0,0.0,0.0,0.0,2.909e-10,0.0029213809948999995
mwir_std_solar_scatter,D:\HwaSimIR\HwaSim_IR\Bin\Config\Atmosphere\MODTRAN\raw\audit_mwir_standard_20260906\mwir_std_solar_scatter\MODOUT2.txt,W/(cm^2 sr cm^-1),W/(cm^2 cm^-1),W/(m^2 sr um),W/(m^2 um),value_si=value_native*1e8/(wavelength_um^2),3170.0,3.1545741324921135,0.57619411,2.9797e-10,0.0029942707330000004,0.0,0.0,0.0,0.0,8.2845e-11,0.0008325011205000001,8.2845e-11,0.0008325011205000001,0.0,0.0,0.0,0.0,3.8082e-10,0.0038267718535000004
mwir_std_solar_scatter,D:\HwaSimIR\HwaSim_IR\Bin\Config\Atmosphere\MODTRAN\raw\audit_mwir_standard_20260906\mwir_std_solar_scatter\MODOUT2.txt,W/(cm^2 sr cm^-1),W/(cm^2 cm^-1),W/(m^2 sr um),W/(m^2 um),value_si=value_native*1e8/(wavelength_um^2),3171.0,3.15357931251971,0.90376061,8.4049e-11,0.000845132950809,0.0,0.0,0.0,0.0,1.1288e-10,0.00113503560408,1.1288e-10,0.00113503560408,0.0,0.0,0.0,0.0,1.9693e-10,0.001980168554889
mwir_std_solar_scatter,D:\HwaSimIR\HwaSim_IR\Bin\Config\Atmosphere\MODTRAN\raw\audit_mwir_standard_20260906\mwir_std_solar_scatter\MODOUT2.txt,W/(cm^2 sr cm^-1),W/(cm^2 cm^-1),W/(m^2 sr um),W/(m^2 um),value_si=value_native*1e8/(wavelength_um^2),3172.0,3.1525851197982346,0.93847811,5.2466e-11,0.000527891066144,0.0,0.0,0.0,0.0,1.1563e-10,0.0011634209579200001,1.1563e-10,0.0011634209579200001,0.0,0.0,0.0,0.0,1.681e-10,0.001691312024064
mwir_std_solar_scatter,D:\HwaSimIR\HwaSim_IR\Bin\Config\Atmosphere\MODTRAN\raw\audit_mwir_standard_20260906\mwir_std_solar_scatter\MODOUT2.txt,W/(cm^2 sr cm^-1),W/(cm^2 cm^-1),W/(m^2 sr um),W/(m^2 um),value_si=value_native*1e8/(wavelength_um^2),3173.0,3.151591553734636,0.84067643,1.3292e-10,0.0013382291226799996,0.0,0.0,0.0,0.0,1.0741e-10,0.0010813962538899996,1.0741e-10,0.0010813962538899996,0.0,0.0,0.0,0.0,2.4033e-10,0.002419625376569999
mwir_std_solar_scatter,D:\HwaSimIR\HwaSim_IR\Bin\Config\Atmosphere\MODTRAN\raw\audit_mwir_standard_20260906\mwir_std_solar_scatter\MODOUT2.txt,W/(cm^2 sr cm^-1),W/(cm^2 cm^-1),W/(m^2 sr um),W/(m^2 um),value_si=value_native*1e8/(wavelength_um^2),3174.0,3.15059861373661,0.93245983,5.8417e-11,0.000588508981092,0.0,0.0,0.0,0.0,1.1557e-10,0.00116428407732,1.1557e-10,0.00116428407732,0.0,0.0,0.0,0.0,1.7398e-10,0.001752793058412
mwir_std_solar_scatter,D:\HwaSimIR\HwaSim_IR\Bin\Config\Atmosphere\MODTRAN\raw\audit_mwir_standard_20260906\mwir_std_solar_scatter\MODOUT2.txt,W/(cm^2 sr cm^-1),W/(cm^2 cm^-1),W/(m^2 sr um),W/(m^2 um),value_si=value_native*1e8/(wavelength_um^2),3175.0,3.1496062992125986,0.63667995,2.655e-10,0.0026764059375,0.0,0.0,0.0,0.0,8.6044e-11,0.0008673772974999999,8.6044e-11,0.0008673772974999999,0.0,0.0,0.0,0.0,3.5155e-10,0.003543783235
mwir_std_solar_scatter,D:\HwaSimIR\HwaSim_IR\Bin\Config\Atmosphere\MODTRAN\raw\audit_mwir_standard_20260906\mwir_std_solar_scatter\MODOUT2.txt,W/(cm^2 sr cm^-1),W/(cm^2 cm^-1),W/(m^2 sr um),W/(m^2 um),value_si=value_native*1e8/(wavelength_um^2),3176.0,3.1486146095717884,0.85107005,1.2751e-10,0.00128619030976,0.0,0.0,0.0,0.0,1.0964e-10,0.00110593604864,1.0964e-10,0.00110593604864,0.0,0.0,0.0,0.0,2.3716e-10,0.0023921263584000003
mwir_std_solar_scatter,D:\HwaSimIR\HwaSim_IR\Bin\Config\Atmosphere\MODTRAN\raw\audit_mwir_standard_20260906\mwir_std_solar_scatter\MODOUT2.txt,W/(cm^2 sr cm^-1),W/(cm^2 cm^-1),W/(m^2 sr um),W/(m^2 um),value_si=value_native*1e8/(wavelength_um^2),3177.0,3.147623544224111,0.62761277,2.9939e-10,0.0030218417693099998,0.0,0.0,0.0,0.0,8.965e-11,0.0009048669448499998,8.965e-11,0.0009048669448499998,0.0,0.0,0.0,0.0,3.8904e-10,0.0039267087141599995
mwir_std_solar_scatter,D:\HwaSimIR\HwaSim_IR\Bin\Config\Atmosphere\MODTRAN\raw\audit_mwir_standard_20260906\mwir_std_solar_scatter\MODOUT2.txt,W/(cm^2 sr cm^-1),W/(cm^2 cm^-1),W/(m^2 sr um),W/(m^2 um),value_si=value_native*1e8/(wavelength_um^2),3178.0,3.146633102580239,0.04182894,3.869e-10,0.0039075677396,0.0,0.0,0.0,0.0,1.8625e-11,0.00018810661450000004,1.8625e-11,0.00018810661450000004,0.0,0.0,0.0,0.0,4.0552e-10,0.0040956743541
mwir_std_solar_scatter,D:\HwaSimIR\HwaSim_IR\Bin\Config\Atmosphere\MODTRAN\raw\audit_mwir_standard_20260906\mwir_std_solar_scatter\MODOUT2.txt,W/(cm^2 sr cm^-1),W/(cm^2 cm^-1),W/(m^2 sr um),W/(m^2 um),value_si=value_native*1e8/(wavelength_um^2),3179.0,3.1456432840515887,0.45258072,4.0448e-10,0.00408769146368,0.0,0.0,0.0,0.0,7.3265e-11,0.0007404190938650001,7.3265e-11,0.0007404190938650001,0.0,0.0,0.0,0.0,4.7774e-10,0.004828110557545
mwir_std_solar_scatter,D:\HwaSimIR\HwaSim_IR\Bin\Config\Atmosphere\MODTRAN\raw\audit_mwir_standard_20260906\mwir_std_solar_scatter\MODOUT2.txt,W/(cm^2 sr cm^-1),W/(cm^2 cm^-1),W/(m^2 sr um),W/(m^2 um),value_si=value_native*1e8/(wavelength_um^2),3180.0,3.1446540880503147,0.72577488,2.0816e-10,0.0021049971839999996,0.0,0.0,0.0,0.0,9.8325e-11,0.0009943017299999999,9.8325e-11,0.0009943017299999999,0.0,0.0,0.0,0.0,3.0649e-10,0.0030992989139999993
mwir_std_solar_scatter,D:\HwaSimIR\HwaSim_IR\Bin\Config\Atmosphere\MODTRAN\raw\audit_mwir_standard_20260906\mwir_std_solar_scatter\MODOUT2.txt,W/(cm^2 sr cm^-1),W/(cm^2 cm^-1),W/(m^2 sr um),W/(m^2 um),value_si=value_native*1e8/(wavelength_um^2),3181.0,3.1436655139893115,0.88979667,9.3668e-11,0.000947804105348,0.0,0.0,0.0,0.0,1.1394e-10,0.0011529316283399999,1.1394e-10,0.0011529316283399999,0.0,0.0,0.0,0.0,2.0761e-10,0.002100735733688
mwir_std_solar_scatter,D:\HwaSimIR\HwaSim_IR\Bin\Config\Atmosphere\MODTRAN\raw\audit_mwir_standard_20260906\mwir_std_solar_scatter\MODOUT2.txt,W/(cm^2 sr cm^-1),W/(cm^2 cm^-1),W/(m^2 sr um),W/(m^2 um),value_si=value_native*1e8/(wavelength_um^2),3182.0,3.1426775612822127,0.8220067,1.4742e-10,0.0014926457800799996,0.0,0.0,0.0,0.0,1.0762e-10,0.0010896658448799998,1.0762e-10,0.0010896658448799998,0.0,0.0,0.0,0.0,2.5504e-10,0.0025823116249599994
mwir_std_solar_scatter,D:\HwaSimIR\HwaSim_IR\Bin\Config\Atmosphere\MODTRAN\raw\audit_mwir_standard_20260906\mwir_std_solar_scatter\MODOUT2.txt,W/(cm^2 sr cm^-1),W/(cm^2 cm^-1),W/(m^2 sr um),W/(m^2 um),value_si=value_native*1e8/(wavelength_um^2),3183.0,3.1416902293433866,0.74406254,1.8772e-10,0.0019018831150800003,0.0,0.0,0.0,0.0,9.9007e-11,0.001003088331423,9.9007e-11,0.001003088331423,0.0,0.0,0.0,0.0,2.8672e-10,0.0029049714465030005
mwir_std_solar_scatter,D:\HwaSimIR\HwaSim_IR\Bin\Config\Atmosphere\MODTRAN\raw\audit_mwir_standard_20260906\mwir_std_solar_scatter\MODOUT2.txt,W/(cm^2 sr cm^-1),W/(cm^2 cm^-1),W/(m^2 sr um),W/(m^2 um),value_si=value_native*1e8/(wavelength_um^2),3184.0,3.14070351758794,0.72095501,2.2046e-10,0.0022349917337599998,0.0,0.0,0.0,0.0,9.8362e-11,0.000997179791872,9.8362e-11,0.000997179791872,0.0,0.0,0.0,0.0,3.1882e-10,0.0032321715256319996
mwir_std_solar_scatter,D:\HwaSimIR\HwaSim_IR\Bin\Config\Atmosphere\MODTRAN\raw\audit_mwir_standard_20260906\mwir_std_solar_scatter\MODOUT2.txt,W/(cm^2 sr cm^-1),W/(cm^2 cm^-1),W/(m^2 sr um),W/(m^2 um),value_si=value_native*1e8/(wavelength_um^2),3185.0,3.1397174254317113,0.04768385,3.6637e-10,0.0037165397132499995,0.0,0.0,0.0,0.0,1.8829e-11,0.00019100561252499996,1.8829e-11,0.00019100561252499996,0.0,0.0,0.0,0.0,3.852e-10,0.003907545325774999
mwir_std_solar_scatter,D:\HwaSimIR\HwaSim_IR\Bin\Config\Atmosphere\MODTRAN\raw\audit_mwir_standard_20260906\mwir_std_solar_scatter\MODOUT2.txt,W/(cm^2 sr cm^-1),W/(cm^2 cm^-1),W/(m^2 sr um),W/(m^2 um),value_si=value_native*1e8/(wavelength_um^2),3186.0,3.138731952291274,0.60175657,2.9331e-10,0.0029772713127600003,0.0,0.0,0.0,0.0,8.7595e-11,0.00088914145662,8.7595e-11,0.00088914145662,0.0,0.0,0.0,0.0,3.809e-10,0.0038664127693800003
mwir_std_solar_scatter,D:\HwaSimIR\HwaSim_IR\Bin\Config\Atmosphere\MODTRAN\raw\audit_mwir_standard_20260906\mwir_std_solar_scatter\MODOUT2.txt,W/(cm^2 sr cm^-1),W/(cm^2 cm^-1),W/(m^2 sr um),W/(m^2 um),value_si=value_native*1e8/(wavelength_um^2),3187.0,3.1377470975839348,0.9038083,7.8601e-11,0.000798347920369,0.0,0.0,0.0,0.0,1.1531e-10,0.00117120009539,1.1531e-10,0.00117120009539,0.0,0.0,0.0,0.0,1.9391e-10,0.001969548015759
mwir_std_solar_scatter,D:\HwaSimIR\HwaSim_IR\Bin\Config\Atmosphere\MODTRAN\raw\audit_mwir_standard_20260906\mwir_std_solar_scatter\MODOUT2.txt,W/(cm^2 sr cm^-1),W/(cm^2 cm^-1),W/(m^2 sr um),W/(m^2 um),value_si=value_native*1e8/(wavelength_um^2),3188.0,3.136762860727729,0.92985797,5.7197e-11,0.000581312786768,0.0,0.0,0.0,0.0,1.1783e-10,0.0011975468235199999,1.1783e-10,0.0011975468235199999,0.0,0.0,0.0,0.0,1.7503e-10,0.0017788596102879999
mwir_std_solar_scatter,D:\HwaSimIR\HwaSim_IR\Bin\Config\Atmosphere\MODTRAN\raw\audit_mwir_standard_20260906\mwir_std_solar_scatter\MODOUT2.txt,W/(cm^2 sr cm^-1),W/(cm^2 cm^-1),W/(m^2 sr um),W/(m^2 um),value_si=value_native*1e8/(wavelength_um^2),3189.0,3.1357792411414236,0.95156151,3.9237e-11,0.0003990293428769999,0.0,0.0,0.0,0.0,1.197e-10,0.0012173156037000002,1.197e-10,0.0012173156037000002,0.0,0.0,0.0,0.0,1.5894e-10,0.0016163449465770002
mwir_std_solar_scatter,D:\HwaSimIR\HwaSim_IR\Bin\Config\Atmosphere\MODTRAN\raw\audit_mwir_standard_20260906\mwir_std_solar_scatter\MODOUT2.txt,W/(cm^2 sr cm^-1),W/(cm^2 cm^-1),W/(m^2 sr um),W/(m^2 um),value_si=value_native*1e8/(wavelength_um^2),3190.0,3.134796238244514,0.94071585,4.8125e-11,0.0004897248125,0.0,0.0,0.0,0.0,1.1885e-10,0.0012094294850000002,1.1885e-10,0.0012094294850000002,0.0,0.0,0.0,0.0,1.6698e-10,0.0016991542975000001
mwir_std_solar_scatter,D:\HwaSimIR\HwaSim_IR\Bin\Config\Atmosphere\MODTRAN\raw\audit_mwir_standard_20260906\mwir_std_solar_scatter\MODOUT2.txt,W/(cm^2 sr cm^-1),W/(cm^2 cm^-1),W/(m^2 sr um),W/(m^2 um),value_si=value_native*1e8/(wavelength_um^2),3191.0,3.1338138514572234,0.91841555,6.5067e-11,0.000662543491227,0.0,0.0,0.0,0.0,1.1679e-10,0.00118921195599,1.1679e-10,0.00118921195599,0.0,0.0,0.0,0.0,1.8186e-10,0.001851755447217
mwir_std_solar_scatter,D:\HwaSimIR\HwaSim_IR\Bin\Config\Atmosphere\MODTRAN\raw\audit_mwir_standard_20260906\mwir_std_solar_scatter\MODOUT2.txt,W/(cm^2 sr cm^-1),W/(cm^2 cm^-1),W/(m^2 sr um),W/(m^2 um),value_si=value_native*1e8/(wavelength_um^2),3192.0,3.1328320802005014,0.85055554,1.1897e-10,0.0012121691500799998,0.0,0.0,0.0,0.0,1.1114e-10,0.0011323903449599998,1.1114e-10,0.0011323903449599998,0.0,0.0,0.0,0.0,2.3011e-10,0.00234455949504
mwir_std_solar_scatter,D:\HwaSimIR\HwaSim_IR\Bin\Config\Atmosphere\MODTRAN\raw\audit_mwir_standard_20260906\mwir_std_solar_scatter\MODOUT2.txt,W/(cm^2 sr cm^-1),W/(cm^2 cm^-1),W/(m^2 sr um),W/(m^2 um),value_si=value_native*1e8/(wavelength_um^2),3193.0,3.1318509238960224,0.93038476,5.5107e-11,0.000561829586643,0.0,0.0,0.0,0.0,1.1756e-10,0.0011985534724400003,1.1756e-10,0.0011985534724400003,0.0,0.0,0.0,0.0,1.7266e-10,0.0017603830590830003
mwir_std_solar_scatter,D:\HwaSimIR\HwaSim_IR\Bin\Config\Atmosphere\MODTRAN\raw\audit_mwir_standard_20260906\mwir_std_solar_scatter\MODOUT2.txt,W/(cm^2 sr cm^-1),W/(cm^2 cm^-1),W/(m^2 sr um),W/(m^2 um),value_si=value_native*1e8/(wavelength_um^2),3194.0,3.1308703819661865,0.92307132,6.086e-11,0.0006208715669599999,0.0,0.0,0.0,0.0,1.1704e-10,0.00119399947744,1.1704e-10,0.00119399947744,0.0,0.0,0.0,0.0,1.779e-10,0.0018148710443999998
mwir_std_solar_scatter,D:\HwaSimIR\HwaSim_IR\Bin\Config\Atmosphere\MODTRAN\raw\audit_mwir_standard_20260906\mwir_std_solar_scatter\MODOUT2.txt,W/(cm^2 sr cm^-1),W/(cm^2 cm^-1),W/(m^2 sr um),W/(m^2 um),value_si=value_native*1e8/(wavelength_um^2),3195.0,3.1298904538341157,0.82296592,1.3675e-10,0.0013959474187500002,0.0,0.0,0.0,0.0,1.0783e-10,0.0011007313357500003,1.0783e-10,0.0011007313357500003,0.0,0.0,0.0,0.0,2.4458e-10,0.0024966787545000002
mwir_std_solar_scatter,D:\HwaSimIR\HwaSim_IR\Bin\Config\Atmosphere\MODTRAN\raw\audit_mwir_standard_20260906\mwir_std_solar_scatter\MODOUT2.txt,W/(cm^2 sr cm^-1),W/(cm^2 cm^-1),W/(m^2 sr um),W/(m^2 um),value_si=value_native*1e8/(wavelength_um^2),3196.0,3.1289111389236544,0.20847024,3.8133e-10,0.0038950632532800005,0.0,0.0,0.0,0.0,4.1926e-11,0.0004282496052160001,4.1926e-11,0.0004282496052160001,0.0,0.0,0.0,0.0,4.2325e-10,0.004323312858496001
mwir_std_solar_scatter,D:\HwaSimIR\HwaSim_IR\Bin\Config\Atmosphere\MODTRAN\raw\audit_mwir_standard_20260906\mwir_std_solar_scatter\MODOUT2.txt,W/(cm^2 sr cm^-1),W/(cm^2 cm^-1),W/(m^2 sr um),W/(m^2 um),value_si=value_native*1e8/(wavelength_um^2),3197.0,3.127932436659368,0.3672643,4.1672e-10,0.00425921552648,0.0,0.0,0.0,0.0,6.5276e-11,0.000667173528284,6.5276e-11,0.000667173528284,0.0,0.0,0.0,0.0,4.82e-10,0.0049263890547639995
mwir_std_solar_scatter,D:\HwaSimIR\HwaSim_IR\Bin\Config\Atmosphere\MODTRAN\raw\audit_mwir_standard_20260906\mwir_std_solar_scatter\MODOUT2.txt,W/(cm^2 sr cm^-1),W/(cm^2 cm^-1),W/(m^2 sr um),W/(m^2 um),value_si=value_native*1e8/(wavelength_um^2),3198.0,3.1269543464665417,0.07386404,3.7312e-10,0.0038159743564799994,0.0,0.0,0.0,0.0,2.4499e-11,0.00025055627079599997,2.4499e-11,0.00025055627079599997,0.0,0.0,0.0,0.0,3.9762e-10,0.004066530627275999
mwir_std_solar_scatter,D:\HwaSimIR\HwaSim_IR\Bin\Config\Atmosphere\MODTRAN\raw\audit_mwir_standard_20260906\mwir_std_solar_scatter\MODOUT2.txt,W/(cm^2 sr cm^-1),W/(cm^2 cm^-1),W/(m^2 sr um),W/(m^2 um),value_si=value_native*1e8/(wavelength_um^2),3199.0,3.1259768677711786,0.56914687,3.1172e-10,0.00319001810372,0.0,0.0,0.0,0.0,8.5265e-11,0.0008725679892650001,8.5265e-11,0.0008725679892650001,0.0,0.0,0.0,0.0,3.9698e-10,0.004062586092985
mwir_std_solar_scatter,D:\HwaSimIR\HwaSim_IR\Bin\Config\Atmosphere\MODTRAN\raw\audit_mwir_standard_20260906\mwir_std_solar_scatter\MODOUT2.txt,W/(cm^2 sr cm^-1),W/(cm^2 cm^-1),W/(m^2 sr um),W/(m^2 um),value_si=value_native*1e8/(wavelength_um^2),3200.0,3.125,0.26155603,3.862e-10,0.0039546880000000005,0.0,0.0,0.0,0.0,5.0154e-11,0.0005135769599999999,5.0154e-11,0.0005135769599999999,0.0,0.0,0.0,0.0,4.3636e-10,0.00446826496
mwir_std_solar_scatter,D:\HwaSimIR\HwaSim_IR\Bin\Config\Atmosphere\MODTRAN\raw\audit_mwir_standard_20260906\mwir_std_solar_scatter\MODOUT2.txt,W/(cm^2 sr cm^-1),W/(cm^2 cm^-1),W/(m^2 sr um),W/(m^2 um),value_si=value_native*1e8/(wavelength_um^2),3201.0,3.1240237425804436,0.8267296,1.2861e-10,0.0013177896326100002,0.0,0.0,0.0,0.0,1.0879e-10,0.00111470596479,1.0879e-10,0.00111470596479,0.0,0.0,0.0,0.0,2.374e-10,0.0024324955974
mwir_std_solar_scatter,D:\HwaSimIR\HwaSim_IR\Bin\Config\Atmosphere\MODTRAN\raw\audit_mwir_standard_20260906\mwir_std_solar_scatter\MODOUT2.txt,W/(cm^2 sr cm^-1),W/(cm^2 cm^-1),W/(m^2 sr um),W/(m^2 um),value_si=value_native*1e8/(wavelength_um^2),3202.0,3.1230480949406623,0.89849204,7.8814e-11,0.0008080644944559998,0.0,0.0,0.0,0.0,1.1607e-10,0.00119004296028,1.1607e-10,0.00119004296028,0.0,0.0,0.0,0.0,1.9489e-10,0.0019981074547359996
mwir_std_solar_scatter,D:\HwaSimIR\HwaSim_IR\Bin\Config\Atmosphere\MODTRAN\raw\audit_mwir_standard_20260906\mwir_std_solar_scatter\MODOUT2.txt,W/(cm^2 sr cm^-1),W/(cm^2 cm^-1),W/(m^2 sr um),W/(m^2 um),value_si=value_native*1e8/(wavelength_um^2),3203.0,3.1220730565095223,0.89426273,7.9039e-11,0.0008108776201510001,0.0,0.0,0.0,0.0,1.1567e-10,0.00118668270503,1.1567e-10,0.00118668270503,0.0,0.0,0.0,0.0,1.9471e-10,0.001997560325181
mwir_std_solar_scatter,D:\HwaSimIR\HwaSim_IR\Bin\Config\Atmosphere\MODTRAN\raw\audit_mwir_standard_20260906\mwir_std_solar_scatter\MODOUT2.txt,W/(cm^2 sr cm^-1),W/(cm^2 cm^-1),W/(m^2 sr um),W/(m^2 um),value_si=value_native*1e8/(wavelength_um^2),3204.0,3.1210986267166043,0.92418325,5.7681e-11,0.0005921309964959999,0.0,0.0,0.0,0.0,1.1829e-10,0.00121431971664,1.1829e-10,0.00121431971664,0.0,0.0,0.0,0.0,1.7597e-10,0.0018064507131359997
mwir_std_solar_scatter,D:\HwaSimIR\HwaSim_IR\Bin\Config\Atmosphere\MODTRAN\raw\audit_mwir_standard_20260906\mwir_std_solar_scatter\MODOUT2.txt,W/(cm^2 sr cm^-1),W/(cm^2 cm^-1),W/(m^2 sr um),W/(m^2 um),value_si=value_native*1e8/(wavelength_um^2),3205.0,3.1201248049921997,0.91992611,5.8688e-11,0.0006028446032000001,0.0,0.0,0.0,0.0,1.1758e-10,0.0012077846995,1.1758e-10,0.0012077846995,0.0,0.0,0.0,0.0,1.7627e-10,0.0018106293027
mwir_std_solar_scatter,D:\HwaSimIR\HwaSim_IR\Bin\Config\Atmosphere\MODTRAN\raw\audit_mwir_standard_20260906\mwir_std_solar_scatter\MODOUT2.txt,W/(cm^2 sr cm^-1),W/(cm^2 cm^-1),W/(m^2 sr um),W/(m^2 um),value_si=value_native*1e8/(wavelength_um^2),3206.0,3.119151590767311,0.93323779,4.9878e-11,0.0005126678308080002,0.0,0.0,0.0,0.0,1.189e-10,0.0012221060404000001,1.189e-10,0.0012221060404000001,0.0,0.0,0.0,0.0,1.6878e-10,0.0017347738712080003
mwir_std_solar_scatter,D:\HwaSimIR\HwaSim_IR\Bin\Config\Atmosphere\MODTRAN\raw\audit_mwir_standard_20260906\mwir_std_solar_scatter\MODOUT2.txt,W/(cm^2 sr cm^-1),W/(cm^2 cm^-1),W/(m^2 sr um),W/(m^2 um),value_si=value_native*1e8/(wavelength_um^2),3207.0,3.1181789834736513,0.83725977,1.1646e-10,0.00119777351454,0.0,0.0,0.0,0.0,1.0981e-10,0.00112937926869,1.0981e-10,0.00112937926869,0.0,0.0,0.0,0.0,2.2627e-10,0.00232715278323
mwir_std_solar_scatter,D:\HwaSimIR\HwaSim_IR\Bin\Config\Atmosphere\MODTRAN\raw\audit_mwir_standard_20260906\mwir_std_solar_scatter\MODOUT2.txt,W/(cm^2 sr cm^-1),W/(cm^2 cm^-1),W/(m^2 sr um),W/(m^2 um),value_si=value_native*1e8/(wavelength_um^2),3208.0,3.117206982543641,0.83967018,1.1729e-10,0.00120706235456,0.0,0.0,0.0,0.0,1.0948e-10,0.00112668758272,1.0948e-10,0.00112668758272,0.0,0.0,0.0,0.0,2.2677e-10,0.0023337499372799997
mwir_std_solar_scatter,D:\HwaSimIR\HwaSim_IR\Bin\Config\Atmosphere\MODTRAN\raw\audit_mwir_standard_20260906\mwir_std_solar_scatter\MODOUT2.txt,W/(cm^2 sr cm^-1),W/(cm^2 cm^-1),W/(m^2 sr um),W/(m^2 um),value_si=value_native*1e8/(wavelength_um^2),3209.0,3.1162355874104084,0.44354081,3.4103e-10,0.00351181815143,0.0,0.0,0.0,0.0,7.1839e-11,0.000739775105359,7.1839e-11,0.000739775105359,0.0,0.0,0.0,0.0,4.1287e-10,0.0042515932567889995
mwir_std_solar_scatter,D:\HwaSimIR\HwaSim_IR\Bin\Config\Atmosphere\MODTRAN\raw\audit_mwir_standard_20260906\mwir_std_solar_scatter\MODOUT2.txt,W/(cm^2 sr cm^-1),W/(cm^2 cm^-1),W/(m^2 sr um),W/(m^2 um),value_si=value_native*1e8/(wavelength_um^2),3210.0,3.115264797507788,0.12264764,3.4827e-10,0.003588608907,0.0,0.0,0.0,0.0,3.0212e-11,0.00031130746920000007,3.0212e-11,0.00031130746920000007,0.0,0.0,0.0,0.0,3.7848e-10,0.0038999163761999998
mwir_std_solar_scatter,D:\HwaSimIR\HwaSim_IR\Bin\Config\Atmosphere\MODTRAN\raw\audit_mwir_standard_20260906\mwir_std_solar_scatter\MODOUT2.txt,W/(cm^2 sr cm^-1),W/(cm^2 cm^-1),W/(m^2 sr um),W/(m^2 um),value_si=value_native*1e8/(wavelength_um^2),3211.0,3.114294612270321,0.66925186,2.2425e-10,0.00231213433425,0.0,0.0,0.0,0.0,9.3542e-11,0.000964466755382,9.3542e-11,0.000964466755382,0.0,0.0,0.0,0.0,3.178e-10,0.0032766010896320003
mwir_std_solar_scatter,D:\HwaSimIR\HwaSim_IR\Bin\Config\Atmosphere\MODTRAN\raw\audit_mwir_standard_20260906\mwir_std_solar_scatter\MODOUT2.txt,W/(cm^2 sr cm^-1),W/(cm^2 cm^-1),W/(m^2 sr um),W/(m^2 um),value_si=value_native*1e8/(wavelength_um^2),3212.0,3.1133250311332503,0.8049798,1.3985e-10,0.0014428246184,0.0,0.0,0.0,0.0,1.0683e-10,0.0011021591275200001,1.0683e-10,0.0011021591275200001,0.0,0.0,0.0,0.0,2.4668e-10,0.00254498374592
mwir_std_solar_scatter,D:\HwaSimIR\HwaSim_IR\Bin\Config\Atmosphere\MODTRAN\raw\audit_mwir_standard_20260906\mwir_std_solar_scatter\MODOUT2.txt,W/(cm^2 sr cm^-1),W/(cm^2 cm^-1),W/(m^2 sr um),W/(m^2 um),value_si=value_native*1e8/(wavelength_um^2),3213.0,3.1123560535325243,0.63526756,2.4966e-10,0.0025773323045399994,0.0,0.0,0.0,0.0,9.1693e-11,0.0009465806737169999,9.1693e-11,0.0009465806737169999,0.0,0.0,0.0,0.0,3.4135e-10,0.0035239129782569994
mwir_std_solar_scatter,D:\HwaSimIR\HwaSim_IR\Bin\Config\Atmosphere\MODTRAN\raw\audit_mwir_standard_20260906\mwir_std_solar_scatter\MODOUT2.txt,W/(cm^2 sr cm^-1),W/(cm^2 cm^-1),W/(m^2 sr um),W/(m^2 um),value_si=value_native*1e8/(wavelength_um^2),3214.0,3.1113876789047916,0.04981599,3.3235e-10,0.0034331077006000002,0.0,0.0,0.0,0.0,2.0573e-11,0.00021251489310799998,2.0573e-11,0.00021251489310799998,0.0,0.0,0.0,0.0,3.5292e-10,0.003645622593708
mwir_std_solar_scatter,D:\HwaSimIR\HwaSim_IR\Bin\Config\Atmosphere\MODTRAN\raw\audit_mwir_standard_20260906\mwir_std_solar_scatter\MODOUT2.txt,W/(cm^2 sr cm^-1),W/(cm^2 cm^-1),W/(m^2 sr um),W/(m^2 um),value_si=value_native*1e8/(wavelength_um^2),3215.0,3.1104199066874028,0.44563878,3.4316e-10,0.003546978971,0.0,0.0,0.0,0.0,7.4241e-11,0.0007673716802250001,7.4241e-11,0.0007673716802250001,0.0,0.0,0.0,0.0,4.174e-10,0.004314350651225
mwir_std_solar_scatter,D:\HwaSimIR\HwaSim_IR\Bin\Config\Atmosphere\MODTRAN\raw\audit_mwir_standard_20260906\mwir_std_solar_scatter\MODOUT2.txt,W/(cm^2 sr cm^-1),W/(cm^2 cm^-1),W/(m^2 sr um),W/(m^2 um),value_si=value_native*1e8/(wavelength_um^2),3216.0,3.109452736318408,0.63264567,2.4694e-10,0.0025540154726399994,0.0,0.0,0.0,0.0,9.2612e-11,0.0009578540574719998,9.2612e-11,0.0009578540574719998,0.0,0.0,0.0,0.0,3.3956e-10,0.0035118695301119994
mwir_std_solar_scatter,D:\HwaSimIR\HwaSim_IR\Bin\Config\Atmosphere\MODTRAN\raw\audit_mwir_standard_20260906\mwir_std_solar_scatter\MODOUT2.txt,W/(cm^2 sr cm^-1),W/(cm^2 cm^-1),W/(m^2 sr um),W/(m^2 um),value_si=value_native*1e8/(wavelength_um^2),3217.0,3.108486167236556,0.51590019,2.5104e-10,0.00259803530256,0.0,0.0,0.0,0.0,7.7697e-11,0.000804093168033,7.7697e-11,0.000804093168033,0.0,0.0,0.0,0.0,3.2873e-10,0.003402128470593
mwir_std_solar_scatter,D:\HwaSimIR\HwaSim_IR\Bin\Config\Atmosphere\MODTRAN\raw\audit_mwir_standard_20260906\mwir_std_solar_scatter\MODOUT2.txt,W/(cm^2 sr cm^-1),W/(cm^2 cm^-1),W/(m^2 sr um),W/(m^2 um),value_si=value_native*1e8/(wavelength_um^2),3218.0,3.107520198881293,0.7354005,1.8372e-10,0.00190251686928,0.0,0.0,0.0,0.0,1.022e-10,0.0010583345527999998,1.022e-10,0.0010583345527999998,0.0,0.0,0.0,0.0,2.8592e-10,0.00296085142208
mwir_std_solar_scatter,D:\HwaSimIR\HwaSim_IR\Bin\Config\Atmosphere\MODTRAN\raw\audit_mwir_standard_20260906\mwir_std_solar_scatter\MODOUT2.txt,W/(cm^2 sr cm^-1),W/(cm^2 cm^-1),W/(m^2 sr um),W/(m^2 um),value_si=value_native*1e8/(wavelength_um^2),3219.0,3.1065548306927617,0.21063416,3.3533e-10,0.00347467638213,0.0,0.0,0.0,0.0,4.3194e-11,0.0004475745434339999,4.3194e-11,0.0004475745434339999,0.0,0.0,0.0,0.0,3.7852e-10,0.003922250925564
mwir_std_solar_scatter,D:\HwaSimIR\HwaSim_IR\Bin\Config\Atmosphere\MODTRAN\raw\audit_mwir_standard_20260906\mwir_std_solar_scatter\MODOUT2.txt,W/(cm^2 sr cm^-1),W/(cm^2 cm^-1),W/(m^2 sr um),W/(m^2 um),value_si=value_native*1e8/(wavelength_um^2),3220.0,3.1055900621118013,0.12579998,3.6797e-10,0.0038152601480000003,0.0,0.0,0.0,0.0,3.4336e-11,0.00035600938239999997,3.4336e-11,0.00035600938239999997,0.0,0.0,0.0,0.0,4.0231e-10,0.0041712695304
mwir_std_solar_scatter,D:\HwaSimIR\HwaSim_IR\Bin\Config\Atmosphere\MODTRAN\raw\audit_mwir_standard_20260906\mwir_std_solar_scatter\MODOUT2.txt,W/(cm^2 sr cm^-1),W/(cm^2 cm^-1),W/(m^2 sr um),W/(m^2 um),value_si=value_native*1e8/(wavelength_um^2),3221.0,3.104625892579944,0.60044628,2.6093e-10,0.00270710726213,0.0,0.0,0.0,0.0,9.0139e-11,0.000935177792899,9.0139e-11,0.000935177792899,0.0,0.0,0.0,0.0,3.5107e-10,0.003642285055029
mwir_std_solar_scatter,D:\HwaSimIR\HwaSim_IR\Bin\Config\Atmosphere\MODTRAN\raw\audit_mwir_standard_20260906\mwir_std_solar_scatter\MODOUT2.txt,W/(cm^2 sr cm^-1),W/(cm^2 cm^-1),W/(m^2 sr um),W/(m^2 um),value_si=value_native*1e8/(wavelength_um^2),3222.0,3.1036623215394163,0.30204436,3.2147e-10,0.0033372713674799997,0.0,0.0,0.0,0.0,5.4456e-11,0.0005653232015040001,5.4456e-11,0.0005653232015040001,0.0,0.0,0.0,0.0,3.7592e-10,0.003902594568984
mwir_std_solar_scatter,D:\HwaSimIR\HwaSim_IR\Bin\Config\Atmosphere\MODTRAN\raw\audit_mwir_standard_20260906\mwir_std_solar_scatter\MODOUT2.txt,W/(cm^2 sr cm^-1),W/(cm^2 cm^-1),W/(m^2 sr um),W/(m^2 um),value_si=value_native*1e8/(wavelength_um^2),3223.0,3.102699348433137,0.77324903,1.5266e-10,0.0015857907091399999,0.0,0.0,0.0,0.0,1.059e-10,0.0011000605011,1.059e-10,0.0011000605011,0.0,0.0,0.0,0.0,2.5855e-10,0.00268585121024
mwir_std_solar_scatter,D:\HwaSimIR\HwaSim_IR\Bin\Config\Atmosphere\MODTRAN\raw\audit_mwir_standard_20260906\mwir_std_solar_scatter\MODOUT2.txt,W/(cm^2 sr cm^-1),W/(cm^2 cm^-1),W/(m^2 sr um),W/(m^2 um),value_si=value_native*1e8/(wavelength_um^2),3224.0,3.101736972704715,0.9060967,6.5223e-11,0.0006779393412479999,0.0,0.0,0.0,0.0,1.183e-10,0.0012296310207999999,1.183e-10,0.0012296310207999999,0.0,0.0,0.0,0.0,1.8352e-10,0.0019075703620479998
mwir_std_solar_scatter,D:\HwaSimIR\HwaSim_IR\Bin\Config\Atmosphere\MODTRAN\raw\audit_mwir_standard_20260906\mwir_std_solar_scatter\MODOUT2.txt,W/(cm^2 sr cm^-1),W/(cm^2 cm^-1),W/(m^2 sr um),W/(m^2 um),value_si=value_native*1e8/(wavelength_um^2),3225.0,3.10077519379845,0.89688891,7.1925e-11,0.0007480649531249999,0.0,0.0,0.0,0.0,1.176e-10,0.0012231135,1.176e-10,0.0012231135,0.0,0.0,0.0,0.0,1.8952e-10,0.001971178453125
mwir_std_solar_scatter,D:\HwaSimIR\HwaSim_IR\Bin\Config\Atmosphere\MODTRAN\raw\audit_mwir_standard_20260906\mwir_std_solar_scatter\MODOUT2.txt,W/(cm^2 sr cm^-1),W/(cm^2 cm^-1),W/(m^2 sr um),W/(m^2 um),value_si=value_native*1e8/(wavelength_um^2),3226.0,3.0998140111593306,0.60198283,2.4814e-10,0.0025824118386399996,0.0,0.0,0.0,0.0,9.0929e-11,0.0009463050136039999,9.0929e-11,0.0009463050136039999,0.0,0.0,0.0,0.0,3.3907e-10,0.0035287168522439996
mwir_std_solar_scatter,D:\HwaSimIR\HwaSim_IR\Bin\Config\Atmosphere\MODTRAN\raw\audit_mwir_standard_20260906\mwir_std_solar_scatter\MODOUT2.txt,W/(cm^2 sr cm^-1),W/(cm^2 cm^-1),W/(m^2 sr um),W/(m^2 um),value_si=value_native*1e8/(wavelength_um^2),3227.0,3.0988534242330337,0.40969855,2.7893e-10,0.0029046456439699997,0.0,0.0,0.0,0.0,6.6656e-11,0.000694124189024,6.6656e-11,0.000694124189024,0.0,0.0,0.0,0.0,3.4559e-10,0.0035987698329939997
mwir_std_solar_scatter,D:\HwaSimIR\HwaSim_IR\Bin\Config\Atmosphere\MODTRAN\raw\audit_mwir_standard_20260906\mwir_std_solar_scatter\MODOUT2.txt,W/(cm^2 sr cm^-1),W/(cm^2 cm^-1),W/(m^2 sr um),W/(m^2 um),value_si=value_native*1e8/(wavelength_um^2),3228.0,3.097893432465923,0.57065302,2.6092e-10,0.0027187822252800003,0.0,0.0,0.0,0.0,8.7219e-11,0.000908820584496,8.7219e-11,0.000908820584496,0.0,0.0,0.0,0.0,3.4814e-10,0.0036276028097760003
mwir_std_solar_scatter,D:\HwaSimIR\HwaSim_IR\Bin\Config\Atmosphere\MODTRAN\raw\audit_mwir_standard_20260906\mwir_std_solar_scatter\MODOUT2.txt,W/(cm^2 sr cm^-1),W/(cm^2 cm^-1),W/(m^2 sr um),W/(m^2 um),value_si=value_native*1e8/(wavelength_um^2),3229.0,3.096934035305048,0.63508481,2.323e-10,0.0024220622443,0.0,0.0,0.0,0.0,9.388e-11,0.00097883428108,9.388e-11,0.00097883428108,0.0,0.0,0.0,0.0,3.2618e-10,0.00340089652538
mwir_std_solar_scatter,D:\HwaSimIR\HwaSim_IR\Bin\Config\Atmosphere\MODTRAN\raw\audit_mwir_standard_20260906\mwir_std_solar_scatter\MODOUT2.txt,W/(cm^2 sr cm^-1),W/(cm^2 cm^-1),W/(m^2 sr um),W/(m^2 um),value_si=value_native*1e8/(wavelength_um^2),3230.0,3.0959752321981426,0.15398254,3.3471e-10,0.0034919959589999995,0.0,0.0,0.0,0.0,3.6914e-11,0.00038512007059999994,3.6914e-11,0.00038512007059999994,0.0,0.0,0.0,0.0,3.7163e-10,0.0038771160295999994
mwir_std_solar_scatter,D:\HwaSimIR\HwaSim_IR\Bin\Config\Atmosphere\MODTRAN\raw\audit_mwir_standard_20260906\mwir_std_solar_scatter\MODOUT2.txt,W/(cm^2 sr cm^-1),W/(cm^2 cm^-1),W/(m^2 sr um),W/(m^2 um),value_si=value_native*1e8/(wavelength_um^2),3231.0,3.095017022593624,0.57913429,2.7107e-10,0.00282979758627,0.0,0.0,0.0,0.0,8.9767e-11,0.0009371101188870002,8.9767e-11,0.0009371101188870002,0.0,0.0,0.0,0.0,3.6084e-10,0.0037669077051570004
mwir_std_solar_scatter,D:\HwaSimIR\HwaSim_IR\Bin\Config\Atmosphere\MODTRAN\raw\audit_mwir_standard_20260906\mwir_std_solar_scatter\MODOUT2.txt,W/(cm^2 sr cm^-1),W/(cm^2 cm^-1),W/(m^2 sr um),W/(m^2 um),value_si=value_native*1e8/(wavelength_um^2),3232.0,3.094059405940594,0.49238726,2.6492e-10,0.0027673076940799997,0.0,0.0,0.0,0.0,7.7262e-11,0.000807065253888,7.7262e-11,0.000807065253888,0.0,0.0,0.0,0.0,3.4218e-10,0.003574372947968
mwir_std_solar_scatter,D:\HwaSimIR\HwaSim_IR\Bin\Config\Atmosphere\MODTRAN\raw\audit_mwir_standard_20260906\mwir_std_solar_scatter\MODOUT2.txt,W/(cm^2 sr cm^-1),W/(cm^2 cm^-1),W/(m^2 sr um),W/(m^2 um),value_si=value_native*1e8/(wavelength_um^2),3233.0,3.093102381688834,0.20140667,3.2986e-10,0.0034477920495400004,0.0,0.0,0.0,0.0,4.3357e-11,0.00045317989417299997,4.3357e-11,0.00045317989417299997,0.0,0.0,0.0,0.0,3.7322e-10,0.0039009719437130006
mwir_std_solar_scatter,D:\HwaSimIR\HwaSim_IR\Bin\Config\Atmosphere\MODTRAN\raw\audit_mwir_standard_20260906\mwir_std_solar_scatter\MODOUT2.txt,W/(cm^2 sr cm^-1),W/(cm^2 cm^-1),W/(m^2 sr um),W/(m^2 um),value_si=value_native*1e8/(wavelength_um^2),3234.0,3.0921459492888066,0.75883138,1.5653e-10,0.00163710907668,0.0,0.0,0.0,0.0,1.0522e-10,0.0011004703063199998,1.0522e-10,0.0011004703063199998,0.0,0.0,0.0,0.0,2.6175e-10,0.0027375793829999997
mwir_std_solar_scatter,D:\HwaSimIR\HwaSim_IR\Bin\Config\Atmosphere\MODTRAN\raw\audit_mwir_standard_20260906\mwir_std_solar_scatter\MODOUT2.txt,W/(cm^2 sr cm^-1),W/(cm^2 cm^-1),W/(m^2 sr um),W/(m^2 um),value_si=value_native*1e8/(wavelength_um^2),3235.0,3.091190108191654,0.78373069,1.3562e-10,0.0014192938144999999,0.0,0.0,0.0,0.0,1.0684e-10,0.001118104639,1.0684e-10,0.001118104639,0.0,0.0,0.0,0.0,2.4246e-10,0.0025373984535
mwir_std_solar_scatter,D:\HwaSimIR\HwaSim_IR\Bin\Config\Atmosphere\MODTRAN\raw\audit_mwir_standard_20260906\mwir_std_solar_scatter\MODOUT2.txt,W/(cm^2 sr cm^-1),W/(cm^2 cm^-1),W/(m^2 sr um),W/(m^2 um),value_si=value_native*1e8/(wavelength_um^2),3236.0,3.0902348578491967,0.52596372,2.6789e-10,0.00280526264144,0.0,0.0,0.0,0.0,8.2589e-11,0.0008648469009439998,8.2589e-11,0.0008648469009439998,0.0,0.0,0.0,0.0,3.5048e-10,0.0036701095423839997
mwir_std_solar_scatter,D:\HwaSimIR\HwaSim_IR\Bin\Config\Atmosphere\MODTRAN\raw\audit_mwir_standard_20260906\mwir_std_solar_scatter\MODOUT2.txt,W/(cm^2 sr cm^-1),W/(cm^2 cm^-1),W/(m^2 sr um),W/(m^2 um),value_si=value_native*1e8/(wavelength_um^2),3237.0,3.089280197713933,0.30731654,2.7548e-10,0.00288652599612,0.0,0.0,0.0,0.0,5.3538e-11,0.0005609802119219999,5.3538e-11,0.0005609802119219999,0.0,0.0,0.0,0.0,3.2902e-10,0.0034475062080419998
mwir_std_solar_scatter,D:\HwaSimIR\HwaSim_IR\Bin\Config\Atmosphere\MODTRAN\raw\audit_mwir_standard_20260906\mwir_std_solar_scatter\MODOUT2.txt,W/(cm^2 sr cm^-1),W/(cm^2 cm^-1),W/(m^2 sr um),W/(m^2 um),value_si=value_native*1e8/(wavelength_um^2),3238.0,3.0883261272390365,0.73316795,1.6071e-10,0.00168498713724,0.0,0.0,0.0,0.0,1.0224e-10,0.0010719500025599999,1.0224e-10,0.0010719500025599999,0.0,0.0,0.0,0.0,2.6294e-10,0.0027569371398
mwir_std_solar_scatter,D:\HwaSimIR\HwaSim_IR\Bin\Config\Atmosphere\MODTRAN\raw\audit_mwir_standard_20260906\mwir_std_solar_scatter\MODOUT2.txt,W/(cm^2 sr cm^-1),W/(cm^2 cm^-1),W/(m^2 sr um),W/(m^2 um),value_si=value_native*1e8/(wavelength_um^2),3239.0,3.0873726458783577,0.8417601,1.0194e-10,0.0010694648747399998,0.0,0.0,0.0,0.0,1.1257e-10,0.0011809854909700002,1.1257e-10,0.0011809854909700002,0.0,0.0,0.0,0.0,2.1451e-10,0.00225045036571
mwir_std_solar_scatter,D:\HwaSimIR\HwaSim_IR\Bin\Config\Atmosphere\MODTRAN\raw\audit_mwir_standard_20260906\mwir_std_solar_scatter\MODOUT2.txt,W/(cm^2 sr cm^-1),W/(cm^2 cm^-1),W/(m^2 sr um),W/(m^2 um),value_si=value_native*1e8/(wavelength_um^2),3240.0,3.0864197530864197,0.29227561,2.989e-10,0.0031377326400000003,0.0,0.0,0.0,0.0,5.4171e-11,0.0005686654896000001,5.4171e-11,0.0005686654896000001,0.0,0.0,0.0,0.0,3.5307e-10,0.0037063981296000005
mwir_std_solar_scatter,D:\HwaSimIR\HwaSim_IR\Bin\Config\Atmosphere\MODTRAN\raw\audit_mwir_standard_20260906\mwir_std_solar_scatter\MODOUT2.txt,W/(cm^2 sr cm^-1),W/(cm^2 cm^-1),W/(m^2 sr um),W/(m^2 um),value_si=value_native*1e8/(wavelength_um^2),3241.0,3.08546744831842,0.7336095,1.6606e-10,0.0017443076908600001,0.0,0.0,0.0,0.0,1.0267e-10,0.0010784539962700001,1.0267e-10,0.0010784539962700001,0.0,0.0,0.0,0.0,2.6873e-10,0.0028227616871300005
mwir_std_solar_scatter,D:\HwaSimIR\HwaSim_IR\Bin\Config\Atmosphere\MODTRAN\raw\audit_mwir_standard_20260906\mwir_std_solar_scatter\MODOUT2.txt,W/(cm^2 sr cm^-1),W/(cm^2 cm^-1),W/(m^2 sr um),W/(m^2 um),value_si=value_native*1e8/(wavelength_um^2),3242.0,3.0845157310302285,0.55737108,2.2853e-10,0.0024019791909199997,0.0,0.0,0.0,0.0,8.4413e-11,0.0008872282389319997,8.4413e-11,0.0008872282389319997,0.0,0.0,0.0,0.0,3.1294e-10,0.003289207429851999
mwir_std_solar_scatter,D:\HwaSimIR\HwaSim_IR\Bin\Config\Atmosphere\MODTRAN\raw\audit_mwir_standard_20260906\mwir_std_solar_scatter\MODOUT2.txt,W/(cm^2 sr cm^-1),W/(cm^2 cm^-1),W/(m^2 sr um),W/(m^2 um),value_si=value_native*1e8/(wavelength_um^2),3243.0,3.0835646006783843,0.64880019,2.0793e-10,0.0021868099985699993,0.0,0.0,0.0,0.0,9.5228e-11,0.0010015175421719997,9.5228e-11,0.0010015175421719997,0.0,0.0,0.0,0.0,3.0316e-10,0.0031883275407419993
mwir_std_solar_scatter,D:\HwaSimIR\HwaSim_IR\Bin\Config\Atmosphere\MODTRAN\raw\audit_mwir_standard_20260906\mwir_std_solar_scatter\MODOUT2.txt,W/(cm^2 sr cm^-1),W/(cm^2 cm^-1),W/(m^2 sr um),W/(m^2 um),value_si=value_native*1e8/(wavelength_um^2),3244.0,3.082614056720099,0.45131838,2.9134e-10,0.0030659269782399995,0.0,0.0,0.0,0.0,7.5001e-11,0.0007892757235359999,7.5001e-11,0.0007892757235359999,0.0,0.0,0.0,0.0,3.6634e-10,0.0038552027017759996
mwir_std_solar_scatter,D:\HwaSimIR\HwaSim_IR\Bin\Config\Atmosphere\MODTRAN\raw\audit_mwir_standard_20260906\mwir_std_solar_scatter\MODOUT2.txt,W/(cm^2 sr cm^-1),W/(cm^2 cm^-1),W/(m^2 sr um),W/(m^2 um),value_si=value_native*1e8/(wavelength_um^2),3245.0,3.0816640986132513,0.01660132,2.4673e-10,0.0025980730682499996,0.0,0.0,0.0,0.0,1.3142e-11,0.00013838558854999998,1.3142e-11,0.00013838558854999998,0.0,0.0,0.0,0.0,2.5987e-10,0.0027364586567999996
mwir_std_solar_scatter,D:\HwaSimIR\HwaSim_IR\Bin\Config\Atmosphere\MODTRAN\raw\audit_mwir_standard_20260906\mwir_std_solar_scatter\MODOUT2.txt,W/(cm^2 sr cm^-1),W/(cm^2 cm^-1),W/(m^2 sr um),W/(m^2 um),value_si=value_native*1e8/(wavelength_um^2),3246.0,3.0807147258163896,0.51235747,2.7302e-10,0.0028766795983199995,0.0,0.0,0.0,0.0,8.1962e-11,0.0008635939243919998,8.1962e-11,0.0008635939243919998,0.0,0.0,0.0,0.0,3.5498e-10,0.0037402735227119992
mwir_std_solar_scatter,D:\HwaSimIR\HwaSim_IR\Bin\Config\Atmosphere\MODTRAN\raw\audit_mwir_standard_20260906\mwir_std_solar_scatter\MODOUT2.txt,W/(cm^2 sr cm^-1),W/(cm^2 cm^-1),W/(m^2 sr um),W/(m^2 um),value_si=value_native*1e8/(wavelength_um^2),3247.0,3.079765937788728,0.66994166,1.926e-10,0.0020305835334000003,0.0,0.0,0.0,0.0,9.7531e-11,0.0010282702107789997,9.7531e-11,0.0010282702107789997,0.0,0.0,0.0,0.0,2.9013e-10,0.003058853744179
mwir_std_solar_scatter,D:\HwaSimIR\HwaSim_IR\Bin\Config\Atmosphere\MODTRAN\raw\audit_mwir_standard_20260906\mwir_std_solar_scatter\MODOUT2.txt,W/(cm^2 sr cm^-1),W/(cm^2 cm^-1),W/(m^2 sr um),W/(m^2 um),value_si=value_native*1e8/(wavelength_um^2),3248.0,3.0788177339901477,0.8951599,6.5654e-11,0.0006926171356160001,0.0,0.0,0.0,0.0,1.1783e-10,0.0012430480563200002,1.1783e-10,0.0012430480563200002,0.0,0.0,0.0,0.0,1.8348e-10,0.0019356651919360001
mwir_std_solar_scatter,D:\HwaSimIR\HwaSim_IR\Bin\Config\Atmosphere\MODTRAN\raw\audit_mwir_standard_20260906\mwir_std_solar_scatter\MODOUT2.txt,W/(cm^2 sr cm^-1),W/(cm^2 cm^-1),W/(m^2 sr um),W/(m^2 um),value_si=value_native*1e8/(wavelength_um^2),3249.0,3.077870113881194,0.85042197,8.8925e-11,0.0009386923889250003,0.0,0.0,0.0,0.0,1.1398e-10,0.00120317299398,1.1398e-10,0.00120317299398,0.0,0.0,0.0,0.0,2.0291e-10,0.0021418653829050004
mwir_std_solar_scatter,D:\HwaSimIR\HwaSim_IR\Bin\Config\Atmosphere\MODTRAN\raw\audit_mwir_standard_20260906\mwir_std_solar_scatter\MODOUT2.txt,W/(cm^2 sr cm^-1),W/(cm^2 cm^-1),W/(m^2 sr um),W/(m^2 um),value_si=value_native*1e8/(wavelength_um^2),3250.0,3.076923076923077,0.92377841,4.7198e-11,0.0004985288749999999,0.0,0.0,0.0,0.0,1.2048e-10,0.00127257,1.2048e-10,0.00127257,0.0,0.0,0.0,0.0,1.6768e-10,0.001771098875
mwir_std_solar_scatter,D:\HwaSimIR\HwaSim_IR\Bin\Config\Atmosphere\MODTRAN\raw\audit_mwir_standard_20260906\mwir_std_solar_scatter\MODOUT2.txt,W/(cm^2 sr cm^-1),W/(cm^2 cm^-1),W/(m^2 sr um),W/(m^2 um),value_si=value_native*1e8/(wavelength_um^2),3251.0,3.0759766225776684,0.92138845,4.8579e-11,0.0005134314995790001,0.0,0.0,0.0,0.0,1.2031e-10,0.00127155651031,1.2031e-10,0.00127155651031,0.0,0.0,0.0,0.0,1.6889e-10,0.0017849880098890001
mwir_std_solar_scatter,D:\HwaSimIR\HwaSim_IR\Bin\Config\Atmosphere\MODTRAN\raw\audit_mwir_standard_20260906\mwir_std_solar_scatter\MODOUT2.txt,W/(cm^2 sr cm^-1),W/(cm^2 cm^-1),W/(m^2 sr um),W/(m^2 um),value_si=value_native*1e8/(wavelength_um^2),3252.0,3.075030750307503,0.8417148,9.417e-11,0.00099589521168,0.0,0.0,0.0,0.0,1.1333e-10,0.00119852186832,1.1333e-10,0.00119852186832,0.0,0.0,0.0,0.0,2.075e-10,0.0021944170800000003
mwir_std_solar_scatter,D:\HwaSimIR\HwaSim_IR\Bin\Config\Atmosphere\MODTRAN\raw\audit_mwir_standard_20260906\mwir_std_solar_scatter\MODOUT2.txt,W/(cm^2 sr cm^-1),W/(cm^2 cm^-1),W/(m^2 sr um),W/(m^2 um),value_si=value_native*1e8/(wavelength_um^2),3253.0,3.0740854595757763,0.7493453,1.4817e-10,0.0015679362735299997,0.0,0.0,0.0,0.0,1.0461e-10,0.00110698396149,1.0461e-10,0.00110698396149,0.0,0.0,0.0,0.0,2.5277e-10,0.00267492023502
mwir_std_solar_scatter,D:\HwaSimIR\HwaSim_IR\Bin\Config\Atmosphere\MODTRAN\raw\audit_mwir_standard_20260906\mwir_std_solar_scatter\MODOUT2.txt,W/(cm^2 sr cm^-1),W/(cm^2 cm^-1),W/(m^2 sr um),W/(m^2 um),value_si=value_native*1e8/(wavelength_um^2),3254.0,3.073140749846343,0.11584133,2.9407e-10,0.00311376490012,0.0,0.0,0.0,0.0,3.182e-11,0.00033692657912000003,3.182e-11,0.00033692657912000003,0.0,0.0,0.0,0.0,3.2588e-10,0.00345069147924
mwir_std_solar_scatter,D:\HwaSimIR\HwaSim_IR\Bin\Config\Atmosphere\MODTRAN\raw\audit_mwir_standard_20260906\mwir_std_solar_scatter\MODOUT2.txt,W/(cm^2 sr cm^-1),W/(cm^2 cm^-1),W/(m^2 sr um),W/(m^2 um),value_si=value_native*1e8/(wavelength_um^2),3255.0,3.0721966205837172,0.54802293,2.4453e-10,0.00259080146325,0.0,0.0,0.0,0.0,8.5909e-11,0.0009102080027250002,8.5909e-11,0.0009102080027250002,0.0,0.0,0.0,0.0,3.3044e-10,0.003501009465975
mwir_std_solar_scatter,D:\HwaSimIR\HwaSim_IR\Bin\Config\Atmosphere\MODTRAN\raw\audit_mwir_standard_20260906\mwir_std_solar_scatter\MODOUT2.txt,W/(cm^2 sr cm^-1),W/(cm^2 cm^-1),W/(m^2 sr um),W/(m^2 um),value_si=value_native*1e8/(wavelength_um^2),3256.0,3.0712530712530715,0.66142553,1.8522e-10,0.00196361649792,0.0,0.0,0.0,0.0,9.715e-11,0.0010299392223999998,9.715e-11,0.0010299392223999998,0.0,0.0,0.0,0.0,2.8237e-10,0.00299355572032
mwir_std_solar_scatter,D:\HwaSimIR\HwaSim_IR\Bin\Config\Atmosphere\MODTRAN\raw\audit_mwir_standard_20260906\mwir_std_solar_scatter\MODOUT2.txt,W/(cm^2 sr cm^-1),W/(cm^2 cm^-1),W/(m^2 sr um),W/(m^2 um),value_si=value_native*1e8/(wavelength_um^2),3257.0,3.070310101320233,0.25715554,2.7426e-10,0.00290936351874,0.0,0.0,0.0,0.0,4.9264e-11,0.000522594925936,4.9264e-11,0.000522594925936,0.0,0.0,0.0,0.0,3.2353e-10,0.003431958444676
mwir_std_solar_scatter,D:\HwaSimIR\HwaSim_IR\Bin\Config\Atmosphere\MODTRAN\raw\audit_mwir_standard_20260906\mwir_std_solar_scatter\MODOUT2.txt,W/(cm^2 sr cm^-1),W/(cm^2 cm^-1),W/(m^2 sr um),W/(m^2 um),value_si=value_native*1e8/(wavelength_um^2),3258.0,3.0693677102516883,0.56623721,2.363e-10,0.0025082214732,0.0,0.0,0.0,0.0,8.8543e-11,0.000939845340252,8.8543e-11,0.000939845340252,0.0,0.0,0.0,0.0,3.2484e-10,0.0034480668134520003
mwir_std_solar_scatter,D:\HwaSimIR\HwaSim_IR\Bin\Config\Atmosphere\MODTRAN\raw\audit_mwir_standard_20260906\mwir_std_solar_scatter\MODOUT2.txt,W/(cm^2 sr cm^-1),W/(cm^2 cm^-1),W/(m^2 sr um),W/(m^2 um),value_si=value_native*1e8/(wavelength_um^2),3259.0,3.068425897514575,0.85382551,8.6131e-11,0.000914804327611,0.0,0.0,0.0,0.0,1.1383e-10,0.00120899765023,1.1383e-10,0.00120899765023,0.0,0.0,0.0,0.0,1.9996e-10,0.002123801977841
mwir_std_solar_scatter,D:\HwaSimIR\HwaSim_IR\Bin\Config\Atmosphere\MODTRAN\raw\audit_mwir_standard_20260906\mwir_std_solar_scatter\MODOUT2.txt,W/(cm^2 sr cm^-1),W/(cm^2 cm^-1),W/(m^2 sr um),W/(m^2 um),value_si=value_native*1e8/(wavelength_um^2),3260.0,3.067484662576687,0.44781271,2.1694e-10,0.0023055515440000003,0.0,0.0,0.0,0.0,7.0153e-11,0.0007455580228,7.0153e-11,0.0007455580228,0.0,0.0,0.0,0.0,2.871e-10,0.0030511095668000004
mwir_std_solar_scatter,D:\HwaSimIR\HwaSim_IR\Bin\Config\Atmosphere\MODTRAN\raw\audit_mwir_standard_20260906\mwir_std_solar_scatter\MODOUT2.txt,W/(cm^2 sr cm^-1),W/(cm^2 cm^-1),W/(m^2 sr um),W/(m^2 um),value_si=value_native*1e8/(wavelength_um^2),3261.0,3.0665440049064703,0.65869772,1.8347e-10,0.00195104217987,0.0,0.0,0.0,0.0,9.5576e-11,0.001016366748696,9.5576e-11,0.001016366748696,0.0,0.0,0.0,0.0,2.7905e-10,0.002967408928566
mwir_std_solar_scatter,D:\HwaSimIR\HwaSim_IR\Bin\Config\Atmosphere\MODTRAN\raw\audit_mwir_standard_20260906\mwir_std_solar_scatter\MODOUT2.txt,W/(cm^2 sr cm^-1),W/(cm^2 cm^-1),W/(m^2 sr um),W/(m^2 um),value_si=value_native*1e8/(wavelength_um^2),3262.0,3.065603923973023,0.89946246,5.9125e-11,0.0006291280764999999,0.0,0.0,0.0,0.0,1.1791e-10,0.0012546383340399998,1.1791e-10,0.0012546383340399998,0.0,0.0,0.0,0.0,1.7703e-10,0.0018837664105399998
mwir_std_solar_scatter,D:\HwaSimIR\HwaSim_IR\Bin\Config\Atmosphere\MODTRAN\raw\audit_mwir_standard_20260906\mwir_std_solar_scatter\MODOUT2.txt,W/(cm^2 sr cm^-1),W/(cm^2 cm^-1),W/(m^2 sr um),W/(m^2 um),value_si=value_native*1e8/(wavelength_um^2),3263.0,3.0646644192460926,0.53697598,2.1418e-10,0.0022804106564199996,0.0,0.0,0.0,0.0,8.2952e-11,0.0008832039628879999,8.2952e-11,0.0008832039628879999,0.0,0.0,0.0,0.0,2.9713e-10,0.0031636146193079993
mwir_std_solar_scatter,D:\HwaSimIR\HwaSim_IR\Bin\Config\Atmosphere\MODTRAN\raw\audit_mwir_standard_20260906\mwir_std_solar_scatter\MODOUT2.txt,W/(cm^2 sr cm^-1),W/(cm^2 cm^-1),W/(m^2 sr um),W/(m^2 um),value_si=value_native*1e8/(wavelength_um^2),3264.0,3.0637254901960786,0.7438271,1.4262e-10,0.0015194301235199996,0.0,0.0,0.0,0.0,1.0415e-10,0.0011095824383999997,1.0415e-10,0.0011095824383999997,0.0,0.0,0.0,0.0,2.4677e-10,0.0026290125619199993
mwir_std_solar_scatter,D:\HwaSimIR\HwaSim_IR\Bin\Config\Atmosphere\MODTRAN\raw\audit_mwir_standard_20260906\mwir_std_solar_scatter\MODOUT2.txt,W/(cm^2 sr cm^-1),W/(cm^2 cm^-1),W/(m^2 sr um),W/(m^2 um),value_si=value_native*1e8/(wavelength_um^2),3265.0,3.0627871362940278,0.34050399,2.544e-10,0.0027119612399999996,0.0,0.0,0.0,0.0,5.9787e-11,0.0006373428720749998,5.9787e-11,0.0006373428720749998,0.0,0.0,0.0,0.0,3.1418e-10,0.0033493041120749995
mwir_std_solar_scatter,D:\HwaSimIR\HwaSim_IR\Bin\Config\Atmosphere\MODTRAN\raw\audit_mwir_standard_20260906\mwir_std_solar_scatter\MODOUT2.txt,W/(cm^2 sr cm^-1),W/(cm^2 cm^-1),W/(m^2 sr um),W/(m^2 um),value_si=value_native*1e8/(wavelength_um^2),3266.0,3.061849357011635,0.53005463,2.2227e-10,0.00237089985612,0.0,0.0,0.0,0.0,8.2911e-11,0.000884391406716,8.2911e-11,0.000884391406716,0.0,0.0,0.0,0.0,3.0518e-10,0.003255291262836
mwir_std_solar_scatter,D:\HwaSimIR\HwaSim_IR\Bin\Config\Atmosphere\MODTRAN\raw\audit_mwir_standard_20260906\mwir_std_solar_scatter\MODOUT2.txt,W/(cm^2 sr cm^-1),W/(cm^2 cm^-1),W/(m^2 sr um),W/(m^2 um),value_si=value_native*1e8/(wavelength_um^2),3267.0,3.0609121518212428,0.83363712,9.3262e-11,0.0009954122787179998,0.0,0.0,0.0,0.0,1.1225e-10,0.00119807669025,1.1225e-10,0.00119807669025,0.0,0.0,0.0,0.0,2.0552e-10,0.002193488968968
mwir_std_solar_scatter,D:\HwaSimIR\HwaSim_IR\Bin\Config\Atmosphere\MODTRAN\raw\audit_mwir_standard_20260906\mwir_std_solar_scatter\MODOUT2.txt,W/(cm^2 sr cm^-1),W/(cm^2 cm^-1),W/(m^2 sr um),W/(m^2 um),value_si=value_native*1e8/(wavelength_um^2),3268.0,3.0599755201958385,0.92793483,4.1031e-11,0.00043820385854399996,0.0,0.0,0.0,0.0,1.2089e-10,0.00129108392336,1.2089e-10,0.00129108392336,0.0,0.0,0.0,0.0,1.6192e-10,0.0017292877819039998
mwir_std_solar_scatter,D:\HwaSimIR\HwaSim_IR\Bin\Config\Atmosphere\MODTRAN\raw\audit_mwir_standard_20260906\mwir_std_solar_scatter\MODOUT2.txt,W/(cm^2 sr cm^-1),W/(cm^2 cm^-1),W/(m^2 sr um),W/(m^2 um),value_si=value_native*1e8/(wavelength_um^2),3269.0,3.059039461609055,0.92618978,4.2027e-11,0.000449115693747,0.0,0.0,0.0,0.0,1.2074e-10,0.00129027122714,1.2074e-10,0.00129027122714,0.0,0.0,0.0,0.0,1.6277e-10,0.0017393869208869998
mwir_std_solar_scatter,D:\HwaSimIR\HwaSim_IR\Bin\Config\Atmosphere\MODTRAN\raw\audit_mwir_standard_20260906\mwir_std_solar_scatter\MODOUT2.txt,W/(cm^2 sr cm^-1),W/(cm^2 cm^-1),W/(m^2 sr um),W/(m^2 um),value_si=value_native*1e8/(wavelength_um^2),3270.0,3.058103975535168,0.67731786,1.4835e-10,0.0015862917149999998,0.0,0.0,0.0,0.0,9.6887e-11,0.0010360030022999998,9.6887e-11,0.0010360030022999998,0.0,0.0,0.0,0.0,2.4524e-10,0.0026222947172999996
mwir_std_solar_scatter,D:\HwaSimIR\HwaSim_IR\Bin\Config\Atmosphere\MODTRAN\raw\audit_mwir_standard_20260906\mwir_std_solar_scatter\MODOUT2.txt,W/(cm^2 sr cm^-1),W/(cm^2 cm^-1),W/(m^2 sr um),W/(m^2 um),value_si=value_native*1e8/(wavelength_um^2),3271.0,3.0571690614490983,0.43419975,2.7541e-10,0.00294673304581,0.0,0.0,0.0,0.0,7.3801e-11,0.000789629445241,7.3801e-11,0.000789629445241,0.0,0.0,0.0,0.0,3.4921e-10,0.003736362491051
mwir_std_solar_scatter,D:\HwaSimIR\HwaSim_IR\Bin\Config\Atmosphere\MODTRAN\raw\audit_mwir_standard_20260906\mwir_std_solar_scatter\MODOUT2.txt,W/(cm^2 sr cm^-1),W/(cm^2 cm^-1),W/(m^2 sr um),W/(m^2 um),value_si=value_native*1e8/(wavelength_um^2),3272.0,3.056234718826406,0.4286842,2.4508e-10,0.0026238225587199996,0.0,0.0,0.0,0.0,7.1277e-11,0.0007630904215679999,7.1277e-11,0.0007630904215679999,0.0,0.0,0.0,0.0,3.1636e-10,0.0033869129802879994
mwir_std_solar_scatter,D:\HwaSimIR\HwaSim_IR\Bin\Config\Atmosphere\MODTRAN\raw\audit_mwir_standard_20260906\mwir_std_solar_scatter\MODOUT2.txt,W/(cm^2 sr cm^-1),W/(cm^2 cm^-1),W/(m^2 sr um),W/(m^2 um),value_si=value_native*1e8/(wavelength_um^2),3273.0,3.0553009471432935,0.32294974,2.873e-10,0.0030777095817,0.0,0.0,0.0,0.0,6.131e-11,0.00065678515299,6.131e-11,0.00065678515299,0.0,0.0,0.0,0.0,3.4861e-10,0.00373449473469
mwir_std_solar_scatter,D:\HwaSimIR\HwaSim_IR\Bin\Config\Atmosphere\MODTRAN\raw\audit_mwir_standard_20260906\mwir_std_solar_scatter\MODOUT2.txt,W/(cm^2 sr cm^-1),W/(cm^2 cm^-1),W/(m^2 sr um),W/(m^2 um),value_si=value_native*1e8/(wavelength_um^2),3274.0,3.0543677458766036,0.0730273,2.6108e-10,0.0027985363620799996,0.0,0.0,0.0,0.0,2.519e-11,0.00027001352444,2.519e-11,0.00027001352444,0.0,0.0,0.0,0.0,2.8627e-10,0.0030685498865199996
mwir_std_solar_scatter,D:\HwaSimIR\HwaSim_IR\Bin\Config\Atmosphere\MODTRAN\raw\audit_mwir_standard_20260906\mwir_std_solar_scatter\MODOUT2.txt,W/(cm^2 sr cm^-1),W/(cm^2 cm^-1),W/(m^2 sr um),W/(m^2 um),value_si=value_native*1e8/(wavelength_um^2),3275.0,3.053435114503817,0.39494163,2.9886e-10,0.0032054602874999993,0.0,0.0,0.0,0.0,7.2355e-11,0.000776052596875,7.2355e-11,0.000776052596875,0.0,0.0,0.0,0.0,3.7122e-10,0.003981512884374999
mwir_std_solar_scatter,D:\HwaSimIR\HwaSim_IR\Bin\Config\Atmosphere\MODTRAN\raw\audit_mwir_standard_20260906\mwir_std_solar_scatter\MODOUT2.txt,W/(cm^2 sr cm^-1),W/(cm^2 cm^-1),W/(m^2 sr um),W/(m^2 um),value_si=value_native*1e8/(wavelength_um^2),3276.0,3.0525030525030523,0.19371419,2.8984e-10,0.0031106138918400006,0.0,0.0,0.0,0.0,4.5152e-11,0.00048457921075200006,4.5152e-11,0.00048457921075200006,0.0,0.0,0.0,0.0,3.3499e-10,0.003595193102592001
mwir_std_solar_scatter,D:\HwaSimIR\HwaSim_IR\Bin\Config\Atmosphere\MODTRAN\raw\audit_mwir_standard_20260906\mwir_std_solar_scatter\MODOUT2.txt,W/(cm^2 sr cm^-1),W/(cm^2 cm^-1),W/(m^2 sr um),W/(m^2 um),value_si=value_native*1e8/(wavelength_um^2),3277.0,3.051571559353067,0.34833491,2.5257e-10,0.002712280783529999,0.0,0.0,0.0,0.0,6.2438e-11,0.0006705047613019999,6.2438e-11,0.0006705047613019999,0.0,0.0,0.0,0.0,3.1501e-10,0.003382785544831999
mwir_std_solar_scatter,D:\HwaSimIR\HwaSim_IR\Bin\Config\Atmosphere\MODTRAN\raw\audit_mwir_standard_20260906\mwir_std_solar_scatter\MODOUT2.txt,W/(cm^2 sr cm^-1),W/(cm^2 cm^-1),W/(m^2 sr um),W/(m^2 um),value_si=value_native*1e8/(wavelength_um^2),3278.0,3.050640634533252,0.75722927,1.2744e-10,0.0013693789929599997,0.0,0.0,0.0,0.0,1.0585e-10,0.0011373883113999998,1.0585e-10,0.0011373883113999998,0.0,0.0,0.0,0.0,2.3329e-10,0.0025067673043599995
mwir_std_solar_scatter,D:\HwaSimIR\HwaSim_IR\Bin\Config\Atmosphere\MODTRAN\raw\audit_mwir_standard_20260906\mwir_std_solar_scatter\MODOUT2.txt,W/(cm^2 sr cm^-1),W/(cm^2 cm^-1),W/(m^2 sr um),W/(m^2 um),value_si=value_native*1e8/(wavelength_um^2),3279.0,3.0497102775236353,0.46608776,2.4864e-10,0.0026733377462399995,0.0,0.0,0.0,0.0,7.8815e-11,0.0008474063484149999,7.8815e-11,0.0008474063484149999,0.0,0.0,0.0,0.0,3.2745e-10,0.0035207440946549992
mwir_std_solar_scatter,D:\HwaSimIR\HwaSim_IR\Bin\Config\Atmosphere\MODTRAN\raw\audit_mwir_standard_20260906\mwir_std_solar_scatter\MODOUT2.txt,W/(cm^2 sr cm^-1),W/(cm^2 cm^-1),W/(m^2 sr um),W/(m^2 um),value_si=value_native*1e8/(wavelength_um^2),3280.0,3.048780487804878,0.24409346,2.5112e-10,0.002701649408,0.0,0.0,0.0,0.0,4.7673e-11,0.0005128852032,4.7673e-11,0.0005128852032,0.0,0.0,0.0,0.0,2.9879e-10,0.0032145346112
mwir_std_solar_scatter,D:\HwaSimIR\HwaSim_IR\Bin\Config\Atmosphere\MODTRAN\raw\audit_mwir_standard_20260906\mwir_std_solar_scatter\MODOUT2.txt,W/(cm^2 sr cm^-1),W/(cm^2 cm^-1),W/(m^2 sr um),W/(m^2 um),value_si=value_native*1e8/(wavelength_um^2),3281.0,3.047851264858275,0.72360867,1.3508e-10,0.00145413093188,0.0,0.0,0.0,0.0,1.0186e-10,0.00109651892746,1.0186e-10,0.00109651892746,0.0,0.0,0.0,0.0,2.3694e-10,0.0025506498593399997
mwir_std_solar_scatter,D:\HwaSimIR\HwaSim_IR\Bin\Config\Atmosphere\MODTRAN\raw\audit_mwir_standard_20260906\mwir_std_solar_scatter\MODOUT2.txt,W/(cm^2 sr cm^-1),W/(cm^2 cm^-1),W/(m^2 sr um),W/(m^2 um),value_si=value_native*1e8/(wavelength_um^2),3282.0,3.0469226081657528,0.86685884,7.0455e-11,0.0007589077234199999,0.0,0.0,0.0,0.0,1.1522e-10,0.0012410949952799998,1.1522e-10,0.0012410949952799998,0.0,0.0,0.0,0.0,1.8568e-10,0.0020000027186999995
mwir_std_solar_scatter,D:\HwaSimIR\HwaSim_IR\Bin\Config\Atmosphere\MODTRAN\raw\audit_mwir_standard_20260906\mwir_std_solar_scatter\MODOUT2.txt,W/(cm^2 sr cm^-1),W/(cm^2 cm^-1),W/(m^2 sr um),W/(m^2 um),value_si=value_native*1e8/(wavelength_um^2),3283.0,3.045994517209869,0.41613418,2.2371e-10,0.00241116629019,0.0,0.0,0.0,0.0,6.9643e-11,0.0007506184522270001,6.9643e-11,0.0007506184522270001,0.0,0.0,0.0,0.0,2.9335e-10,0.003161784742417
mwir_std_solar_scatter,D:\HwaSimIR\HwaSim_IR\Bin\Config\Atmosphere\MODTRAN\raw\audit_mwir_standard_20260906\mwir_std_solar_scatter\MODOUT2.txt,W/(cm^2 sr cm^-1),W/(cm^2 cm^-1),W/(m^2 sr um),W/(m^2 um),value_si=value_native*1e8/(wavelength_um^2),3284.0,3.045066991473812,0.43874431,2.4496e-10,0.0026418093337600007,0.0,0.0,0.0,0.0,7.6177e-11,0.0008215427401120002,7.6177e-11,0.0008215427401120002,0.0,0.0,0.0,0.0,3.2114e-10,0.003463352073872001
mwir_std_solar_scatter,D:\HwaSimIR\HwaSim_IR\Bin\Config\Atmosphere\MODTRAN\raw\audit_mwir_standard_20260906\mwir_std_solar_scatter\MODOUT2.txt,W/(cm^2 sr cm^-1),W/(cm^2 cm^-1),W/(m^2 sr um),W/(m^2 um),value_si=value_native*1e8/(wavelength_um^2),3285.0,3.0441400304414,0.84349537,8.1902e-11,0.0008838229099500002,0.0,0.0,0.0,0.0,1.1318e-10,0.0012213508455000003,1.1318e-10,0.0012213508455000003,0.0,0.0,0.0,0.0,1.9508e-10,0.0021051737554500004
mwir_std_solar_scatter,D:\HwaSimIR\HwaSim_IR\Bin\Config\Atmosphere\MODTRAN\raw\audit_mwir_standard_20260906\mwir_std_solar_scatter\MODOUT2.txt,W/(cm^2 sr cm^-1),W/(cm^2 cm^-1),W/(m^2 sr um),W/(m^2 um),value_si=value_native*1e8/(wavelength_um^2),3286.0,3.0432136335970785,0.80892724,9.6117e-11,0.0010378517581320001,0.0,0.0,0.0,0.0,1.0958e-10,0.0011832224856799997,1.0958e-10,0.0011832224856799997,0.0,0.0,0.0,0.0,2.0569e-10,0.002221074243812
mwir_std_solar_scatter,D:\HwaSimIR\HwaSim_IR\Bin\Config\Atmosphere\MODTRAN\raw\audit_mwir_standard_20260906\mwir_std_solar_scatter\MODOUT2.txt,W/(cm^2 sr cm^-1),W/(cm^2 cm^-1),W/(m^2 sr um),W/(m^2 um),value_si=value_native*1e8/(wavelength_um^2),3287.0,3.04228780042592,0.88999581,5.7341e-11,0.000619533322829,0.0,0.0,0.0,0.0,1.1596e-10,0.0012528746292400001,1.1596e-10,0.0012528746292400001,0.0,0.0,0.0,0.0,1.733e-10,0.001872407952069
mwir_std_solar_scatter,D:\HwaSimIR\HwaSim_IR\Bin\Config\Atmosphere\MODTRAN\raw\audit_mwir_standard_20260906\mwir_std_solar_scatter\MODOUT2.txt,W/(cm^2 sr cm^-1),W/(cm^2 cm^-1),W/(m^2 sr um),W/(m^2 um),value_si=value_native*1e8/(wavelength_um^2),3288.0,3.0413625304136254,0.52152991,1.7274e-10,0.0018674824665599998,0.0,0.0,0.0,0.0,7.6888e-11,0.000831231862272,7.6888e-11,0.000831231862272,0.0,0.0,0.0,0.0,2.4963e-10,0.002698714328832
mwir_std_solar_scatter,D:\HwaSimIR\HwaSim_IR\Bin\Config\Atmosphere\MODTRAN\raw\audit_mwir_standard_20260906\mwir_std_solar_scatter\MODOUT2.txt,W/(cm^2 sr cm^-1),W/(cm^2 cm^-1),W/(m^2 sr um),W/(m^2 um),value_si=value_native*1e8/(wavelength_um^2),3289.0,3.0404378230465188,0.21114616,2.7834e-10,0.0030109487951399993,0.0,0.0,0.0,0.0,4.5719e-11,0.0004945662425989999,4.5719e-11,0.0004945662425989999,0.0,0.0,0.0,0.0,3.2406e-10,0.0035055150377389993
mwir_std_solar_scatter,D:\HwaSimIR\HwaSim_IR\Bin\Config\Atmosphere\MODTRAN\raw\audit_mwir_standard_20260906\mwir_std_solar_scatter\MODOUT2.txt,W/(cm^2 sr cm^-1),W/(cm^2 cm^-1),W/(m^2 sr um),W/(m^2 um),value_si=value_native*1e8/(wavelength_um^2),3290.0,3.0395136778115504,0.75745612,1.1989e-10,0.001297701349,0.0,0.0,0.0,0.0,1.0213e-10,0.0011054653329999999,1.0213e-10,0.0011054653329999999,0.0,0.0,0.0,0.0,2.2202e-10,0.002403166682
mwir_std_solar_scatter,D:\HwaSimIR\HwaSim_IR\Bin\Config\Atmosphere\MODTRAN\raw\audit_mwir_standard_20260906\mwir_std_solar_scatter\MODOUT2.txt,W/(cm^2 sr cm^-1),W/(cm^2 cm^-1),W/(m^2 sr um),W/(m^2 um),value_si=value_native*1e8/(wavelength_um^2),3291.0,3.038590094196293,0.42557496,1.9889e-10,0.0021541141440899994,0.0,0.0,0.0,0.0,6.7219e-11,0.0007280275461389999,6.7219e-11,0.0007280275461389999,0.0,0.0,0.0,0.0,2.6611e-10,0.0028821416902289993
mwir_std_solar_scatter,D:\HwaSimIR\HwaSim_IR\Bin\Config\Atmosphere\MODTRAN\raw\audit_mwir_standard_20260906\mwir_std_solar_scatter\MODOUT2.txt,W/(cm^2 sr cm^-1),W/(cm^2 cm^-1),W/(m^2 sr um),W/(m^2 um),value_si=value_native*1e8/(wavelength_um^2),3292.0,3.0376670716889427,0.40926993,2.6614e-10,0.002884229440960001,0.0,0.0,0.0,0.0,7.1498e-11,0.0007748427014720001,7.1498e-11,0.0007748427014720001,0.0,0.0,0.0,0.0,3.3764e-10,0.0036590721424320013
mwir_std_solar_scatter,D:\HwaSimIR\HwaSim_IR\Bin\Config\Atmosphere\MODTRAN\raw\audit_mwir_standard_20260906\mwir_std_solar_scatter\MODOUT2.txt,W/(cm^2 sr cm^-1),W/(cm^2 cm^-1),W/(m^2 sr um),W/(m^2 um),value_si=value_native*1e8/(wavelength_um^2),3293.0,3.0367446097783177,0.16534317,2.4963e-10,0.0027069500258700002,0.0,0.0,0.0,0.0,3.8559e-11,0.000418127973591,3.8559e-11,0.000418127973591,0.0,0.0,0.0,0.0,2.8819e-10,0.003125077999461
mwir_std_solar_scatter,D:\HwaSimIR\HwaSim_IR\Bin\Config\Atmosphere\MODTRAN\raw\audit_mwir_standard_20260906\mwir_std_solar_scatter\MODOUT2.txt,W/(cm^2 sr cm^-1),W/(cm^2 cm^-1),W/(m^2 sr um),W/(m^2 um),value_si=value_native*1e8/(wavelength_um^2),3294.0,3.0358227079538556,0.42045847,2.1793e-10,0.00236463551748,0.0,0.0,0.0,0.0,6.9111e-11,0.000749884482396,6.9111e-11,0.000749884482396,0.0,0.0,0.0,0.0,2.8704e-10,0.003114519999876
mwir_std_solar_scatter,D:\HwaSimIR\HwaSim_IR\Bin\Config\Atmosphere\MODTRAN\raw\audit_mwir_standard_20260906\mwir_std_solar_scatter\MODOUT2.txt,W/(cm^2 sr cm^-1),W/(cm^2 cm^-1),W/(m^2 sr um),W/(m^2 um),value_si=value_native*1e8/(wavelength_um^2),3295.0,3.0349013657056148,0.84747946,7.57e-11,0.0008218767924999998,0.0,0.0,0.0,0.0,1.1203e-10,0.0012163125107499998,1.1203e-10,0.0012163125107499998,0.0,0.0,0.0,0.0,1.8773e-10,0.0020381893032499995
mwir_std_solar_scatter,D:\HwaSimIR\HwaSim_IR\Bin\Config\Atmosphere\MODTRAN\raw\audit_mwir_standard_20260906\mwir_std_solar_scatter\MODOUT2.txt,W/(cm^2 sr cm^-1),W/(cm^2 cm^-1),W/(m^2 sr um),W/(m^2 um),value_si=value_native*1e8/(wavelength_um^2),3296.0,3.033980582524272,0.79014885,1.0243e-10,0.00111276018688,0.0,0.0,0.0,0.0,1.0684e-10,0.0011606687334399998,1.0684e-10,0.0011606687334399998,0.0,0.0,0.0,0.0,2.0927e-10,0.00227342892032
mwir_std_solar_scatter,D:\HwaSimIR\HwaSim_IR\Bin\Config\Atmosphere\MODTRAN\raw\audit_mwir_standard_20260906\mwir_std_solar_scatter\MODOUT2.txt,W/(cm^2 sr cm^-1),W/(cm^2 cm^-1),W/(m^2 sr um),W/(m^2 um),value_si=value_native*1e8/(wavelength_um^2),3297.0,3.0330603579011224,0.22226997,3.0676e-10,0.0033345453128399995,0.0,0.0,0.0,0.0,5.0872e-11,0.000552989272248,5.0872e-11,0.000552989272248,0.0,0.0,0.0,0.0,3.5763e-10,0.0038875345850879995
mwir_std_solar_scatter,D:\HwaSimIR\HwaSim_IR\Bin\Config\Atmosphere\MODTRAN\raw\audit_mwir_standard_20260906\mwir_std_solar_scatter\MODOUT2.txt,W/(cm^2 sr cm^-1),W/(cm^2 cm^-1),W/(m^2 sr um),W/(m^2 um),value_si=value_native*1e8/(wavelength_um^2),3298.0,3.0321406913280775,0.31440717,2.2655e-10,0.0024641399462000005,0.0,0.0,0.0,0.0,5.7635e-11,0.0006268845985400002,5.7635e-11,0.0006268845985400002,0.0,0.0,0.0,0.0,2.8419e-10,0.003091024544740001
mwir_std_solar_scatter,D:\HwaSimIR\HwaSim_IR\Bin\Config\Atmosphere\MODTRAN\raw\audit_mwir_standard_20260906\mwir_std_solar_scatter\MODOUT2.txt,W/(cm^2 sr cm^-1),W/(cm^2 cm^-1),W/(m^2 sr um),W/(m^2 um),value_si=value_native*1e8/(wavelength_um^2),3299.0,3.031221582297666,0.86860454,6.4398e-11,0.0007008692575979999,0.0,0.0,0.0,0.0,1.1446e-10,0.0012457140784599998,1.1446e-10,0.0012457140784599998,0.0,0.0,0.0,0.0,1.7886e-10,0.0019465833360579996
mwir_std_solar_scatter,D:\HwaSimIR\HwaSim_IR\Bin\Config\Atmosphere\MODTRAN\raw\audit_mwir_standard_20260906\mwir_std_solar_scatter\MODOUT2.txt,W/(cm^2 sr cm^-1),W/(cm^2 cm^-1),W/(m^2 sr um),W/(m^2 um),value_si=value_native*1e8/(wavelength_um^2),3300.0,3.0303030303030303,0.65814424,1.4725e-10,0.0016035525000000002,0.0,0.0,0.0,0.0,9.5591e-11,0.00104098599,9.5591e-11,0.00104098599,0.0,0.0,0.0,0.0,2.4284e-10,0.0026445384900000003
mwir_std_solar_scatter,D:\HwaSimIR\HwaSim_IR\Bin\Config\Atmosphere\MODTRAN\raw\audit_mwir_standard_20260906\mwir_std_solar_scatter\MODOUT2.txt,W/(cm^2 sr cm^-1),W/(cm^2 cm^-1),W/(m^2 sr um),W/(m^2 um),value_si=value_native*1e8/(wavelength_um^2),3301.0,3.029385034837928,0.86883789,5.868e-11,0.0006394125466799999,0.0,0.0,0.0,0.0,1.1456e-10,0.00124831461056,1.1456e-10,0.00124831461056,0.0,0.0,0.0,0.0,1.7324e-10,0.00188772715724
mwir_std_solar_scatter,D:\HwaSimIR\HwaSim_IR\Bin\Config\Atmosphere\MODTRAN\raw\audit_mwir_standard_20260906\mwir_std_solar_scatter\MODOUT2.txt,W/(cm^2 sr cm^-1),W/(cm^2 cm^-1),W/(m^2 sr um),W/(m^2 um),value_si=value_native*1e8/(wavelength_um^2),3302.0,3.0284675953967293,0.93645978,3.1051e-11,0.00033855538740400003,0.0,0.0,0.0,0.0,1.2053e-10,0.00131416317812,1.2053e-10,0.00131416317812,0.0,0.0,0.0,0.0,1.5158e-10,0.001652718565524
mwir_std_solar_scatter,D:\HwaSimIR\HwaSim_IR\Bin\Config\Atmosphere\MODTRAN\raw\audit_mwir_standard_20260906\mwir_std_solar_scatter\MODOUT2.txt,W/(cm^2 sr cm^-1),W/(cm^2 cm^-1),W/(m^2 sr um),W/(m^2 um),value_si=value_native*1e8/(wavelength_um^2),3303.0,3.0275507114744173,0.50739944,1.8253e-10,0.0019913674367699995,0.0,0.0,0.0,0.0,7.8894e-11,0.0008607184712459998,7.8894e-11,0.0008607184712459998,0.0,0.0,0.0,0.0,2.6143e-10,0.002852085908015999
mwir_std_solar_scatter,D:\HwaSimIR\HwaSim_IR\Bin\Config\Atmosphere\MODTRAN\raw\audit_mwir_standard_20260906\mwir_std_solar_scatter\MODOUT2.txt,W/(cm^2 sr cm^-1),W/(cm^2 cm^-1),W/(m^2 sr um),W/(m^2 um),value_si=value_native*1e8/(wavelength_um^2),3304.0,3.026634382566586,0.86578822,6.3911e-11,0.0006976790629759998,0.0,0.0,0.0,0.0,1.1423e-10,0.00124698219968,1.1423e-10,0.00124698219968,0.0,0.0,0.0,0.0,1.7815e-10,0.0019446612626559997
mwir_std_solar_scatter,D:\HwaSimIR\HwaSim_IR\Bin\Config\Atmosphere\MODTRAN\raw\audit_mwir_standard_20260906\mwir_std_solar_scatter\MODOUT2.txt,W/(cm^2 sr cm^-1),W/(cm^2 cm^-1),W/(m^2 sr um),W/(m^2 um),value_si=value_native*1e8/(wavelength_um^2),3305.0,3.02571860816944,0.93479306,3.1177e-11,0.0003405471504250001,0.0,0.0,0.0,0.0,1.2002e-10,0.0013109814605000002,1.2002e-10,0.0013109814605000002,0.0,0.0,0.0,0.0,1.512e-10,0.0016515286109250005
mwir_std_solar_scatter,D:\HwaSimIR\HwaSim_IR\Bin\Config\Atmosphere\MODTRAN\raw\audit_mwir_standard_20260906\mwir_std_solar_scatter\MODOUT2.txt,W/(cm^2 sr cm^-1),W/(cm^2 cm^-1),W/(m^2 sr um),W/(m^2 um),value_si=value_native*1e8/(wavelength_um^2),3306.0,3.0248033877797944,0.91789401,3.8798e-11,0.000424048017528,0.0,0.0,0.0,0.0,1.184e-10,0.0012940689024,1.184e-10,0.0012940689024,0.0,0.0,0.0,0.0,1.572e-10,0.001718116919928
mwir_std_solar_scatter,D:\HwaSimIR\HwaSim_IR\Bin\Config\Atmosphere\MODTRAN\raw\audit_mwir_standard_20260906\mwir_std_solar_scatter\MODOUT2.txt,W/(cm^2 sr cm^-1),W/(cm^2 cm^-1),W/(m^2 sr um),W/(m^2 um),value_si=value_native*1e8/(wavelength_um^2),3307.0,3.023888720895071,0.86245674,6.5212e-11,0.000713174669788,0.0,0.0,0.0,0.0,1.1388e-10,0.0012454200361200001,1.1388e-10,0.0012454200361200001,0.0,0.0,0.0,0.0,1.7909e-10,0.001958594705908
mwir_std_solar_scatter,D:\HwaSimIR\HwaSim_IR\Bin\Config\Atmosphere\MODTRAN\raw\audit_mwir_standard_20260906\mwir_std_solar_scatter\MODOUT2.txt,W/(cm^2 sr cm^-1),W/(cm^2 cm^-1),W/(m^2 sr um),W/(m^2 um),value_si=value_native*1e8/(wavelength_um^2),3308.0,3.022974607013301,0.27058783,2.4912e-10,0.0027260862796800005,0.0,0.0,0.0,0.0,5.5546e-11,0.0006078323237440001,5.5546e-11,0.0006078323237440001,0.0,0.0,0.0,0.0,3.0466e-10,0.003333918603424001
mwir_std_solar_scatter,D:\HwaSimIR\HwaSim_IR\Bin\Config\Atmosphere\MODTRAN\raw\audit_mwir_standard_20260906\mwir_std_solar_scatter\MODOUT2.txt,W/(cm^2 sr cm^-1),W/(cm^2 cm^-1),W/(m^2 sr um),W/(m^2 um),value_si=value_native*1e8/(wavelength_um^2),3309.0,3.0220610456331216,0.10215582,2.1554e-10,0.00236005113474,0.0,0.0,0.0,0.0,2.8631e-11,0.000313494590511,2.8631e-11,0.000313494590511,0.0,0.0,0.0,0.0,2.4417e-10,0.002673545725251
mwir_std_solar_scatter,D:\HwaSimIR\HwaSim_IR\Bin\Config\Atmosphere\MODTRAN\raw\audit_mwir_standard_20260906\mwir_std_solar_scatter\MODOUT2.txt,W/(cm^2 sr cm^-1),W/(cm^2 cm^-1),W/(m^2 sr um),W/(m^2 um),value_si=value_native*1e8/(wavelength_um^2),3310.0,3.0211480362537766,0.72592127,1.2727e-10,0.0013943828469999997,0.0,0.0,0.0,0.0,1.0206e-10,0.0011181795659999999,1.0206e-10,0.0011181795659999999,0.0,0.0,0.0,0.0,2.2932e-10,0.0025125624129999995
mwir_std_solar_scatter,D:\HwaSimIR\HwaSim_IR\Bin\Config\Atmosphere\MODTRAN\raw\audit_mwir_standard_20260906\mwir_std_solar_scatter\MODOUT2.txt,W/(cm^2 sr cm^-1),W/(cm^2 cm^-1),W/(m^2 sr um),W/(m^2 um),value_si=value_native*1e8/(wavelength_um^2),3311.0,3.020235578375113,0.61360377,1.4802e-10,0.0016227019624199999,0.0,0.0,0.0,0.0,8.9976e-11,0.000986381784696,8.9976e-11,0.000986381784696,0.0,0.0,0.0,0.0,2.3799e-10,0.002609083747116
mwir_std_solar_scatter,D:\HwaSimIR\HwaSim_IR\Bin\Config\Atmosphere\MODTRAN\raw\audit_mwir_standard_20260906\mwir_std_solar_scatter\MODOUT2.txt,W/(cm^2 sr cm^-1),W/(cm^2 cm^-1),W/(m^2 sr um),W/(m^2 um),value_si=value_native*1e8/(wavelength_um^2),3312.0,3.0193236714975846,0.44978195,1.9477e-10,0.0021364991308799996,0.0,0.0,0.0,0.0,7.2858e-11,0.000799204465152,7.2858e-11,0.000799204465152,0.0,0.0,0.0,0.0,2.6763e-10,0.0029357035960319994
mwir_std_solar_scatter,D:\HwaSimIR\HwaSim_IR\Bin\Config\Atmosphere\MODTRAN\raw\audit_mwir_standard_20260906\mwir_std_solar_scatter\MODOUT2.txt,W/(cm^2 sr cm^-1),W/(cm^2 cm^-1),W/(m^2 sr um),W/(m^2 um),value_si=value_native*1e8/(wavelength_um^2),3313.0,3.0184123151222457,0.16653953,2.1968e-10,0.0024112008699200002,0.0,0.0,0.0,0.0,3.7136e-11,0.000407603584784,3.7136e-11,0.000407603584784,0.0,0.0,0.0,0.0,2.5682e-10,0.0028188044547040004
mwir_std_solar_scatter,D:\HwaSimIR\HwaSim_IR\Bin\Config\Atmosphere\MODTRAN\raw\audit_mwir_standard_20260906\mwir_std_solar_scatter\MODOUT2.txt,W/(cm^2 sr cm^-1),W/(cm^2 cm^-1),W/(m^2 sr um),W/(m^2 um),value_si=value_native*1e8/(wavelength_um^2),3314.0,3.017501508750754,0.55249608,1.7858e-10,0.0019612719936800004,0.0,0.0,0.0,0.0,8.4114e-11,0.0009237900799440001,8.4114e-11,0.0009237900799440001,0.0,0.0,0.0,0.0,2.627e-10,0.0028850620736240004
mwir_std_solar_scatter,D:\HwaSimIR\HwaSim_IR\Bin\Config\Atmosphere\MODTRAN\raw\audit_mwir_standard_20260906\mwir_std_solar_scatter\MODOUT2.txt,W/(cm^2 sr cm^-1),W/(cm^2 cm^-1),W/(m^2 sr um),W/(m^2 um),value_si=value_native*1e8/(wavelength_um^2),3315.0,3.0165912518853695,0.83538663,7.4705e-11,0.0008209500536250001,0.0,0.0,0.0,0.0,1.1107e-10,0.00122057322075,1.1107e-10,0.00122057322075,0.0,0.0,0.0,0.0,1.8578e-10,0.002041523274375
mwir_std_solar_scatter,D:\HwaSimIR\HwaSim_IR\Bin\Config\Atmosphere\MODTRAN\raw\audit_mwir_standard_20260906\mwir_std_solar_scatter\MODOUT2.txt,W/(cm^2 sr cm^-1),W/(cm^2 cm^-1),W/(m^2 sr um),W/(m^2 um),value_si=value_native*1e8/(wavelength_um^2),3316.0,3.0156815440289506,0.92755717,3.2465e-11,0.00035698046504,0.0,0.0,0.0,0.0,1.1838e-10,0.00130168943328,1.1838e-10,0.00130168943328,0.0,0.0,0.0,0.0,1.5085e-10,0.00165866989832
mwir_std_solar_scatter,D:\HwaSimIR\HwaSim_IR\Bin\Config\Atmosphere\MODTRAN\raw\audit_mwir_standard_20260906\mwir_std_solar_scatter\MODOUT2.txt,W/(cm^2 sr cm^-1),W/(cm^2 cm^-1),W/(m^2 sr um),W/(m^2 um),value_si=value_native*1e8/(wavelength_um^2),3317.0,3.014772384684956,0.67069727,1.2522e-10,0.0013777316725800003,0.0,0.0,0.0,0.0,9.544e-11,0.0010500775501600002,9.544e-11,0.0010500775501600002,0.0,0.0,0.0,0.0,2.2066e-10,0.0024278092227400004
mwir_std_solar_scatter,D:\HwaSimIR\HwaSim_IR\Bin\Config\Atmosphere\MODTRAN\raw\audit_mwir_standard_20260906\mwir_std_solar_scatter\MODOUT2.txt,W/(cm^2 sr cm^-1),W/(cm^2 cm^-1),W/(m^2 sr um),W/(m^2 um),value_si=value_native*1e8/(wavelength_um^2),3318.0,3.013863773357444,0.75911838,1.0598e-10,0.00116674696152,0.0,0.0,0.0,0.0,1.0381e-10,0.0011428571624400002,1.0381e-10,0.0011428571624400002,0.0,0.0,0.0,0.0,2.0979e-10,0.00230960412396
mwir_std_solar_scatter,D:\HwaSimIR\HwaSim_IR\Bin\Config\Atmosphere\MODTRAN\raw\audit_mwir_standard_20260906\mwir_std_solar_scatter\MODOUT2.txt,W/(cm^2 sr cm^-1),W/(cm^2 cm^-1),W/(m^2 sr um),W/(m^2 um),value_si=value_native*1e8/(wavelength_um^2),3319.0,3.0129557095510697,0.75949603,8.8896e-11,0.000979257089856,0.0,0.0,0.0,0.0,1.0248e-10,0.0011288951872799999,1.0248e-10,0.0011288951872799999,0.0,0.0,0.0,0.0,1.9137e-10,0.0021081522771359998
mwir_std_solar_scatter,D:\HwaSimIR\HwaSim_IR\Bin\Config\Atmosphere\MODTRAN\raw\audit_mwir_standard_20260906\mwir_std_solar_scatter\MODOUT2.txt,W/(cm^2 sr cm^-1),W/(cm^2 cm^-1),W/(m^2 sr um),W/(m^2 um),value_si=value_native*1e8/(wavelength_um^2),3320.0,3.0120481927710845,0.89578104,4.3655e-11,0.0004811828719999999,0.0,0.0,0.0,0.0,1.1628e-10,0.0012816846719999999,1.1628e-10,0.0012816846719999999,0.0,0.0,0.0,0.0,1.5993e-10,0.0017628675439999998
mwir_std_solar_scatter,D:\HwaSimIR\HwaSim_IR\Bin\Config\Atmosphere\MODTRAN\raw\audit_mwir_standard_20260906\mwir_std_solar_scatter\MODOUT2.txt,W/(cm^2 sr cm^-1),W/(cm^2 cm^-1),W/(m^2 sr um),W/(m^2 um),value_si=value_native*1e8/(wavelength_um^2),3321.0,3.0111412225233365,0.94391823,2.4457e-11,0.00026973725573699997,0.0,0.0,0.0,0.0,1.1976e-10,0.00132083795016,1.1976e-10,0.00132083795016,0.0,0.0,0.0,0.0,1.4421e-10,0.0015905752058969999
mwir_std_solar_scatter,D:\HwaSimIR\HwaSim_IR\Bin\Config\Atmosphere\MODTRAN\raw\audit_mwir_standard_20260906\mwir_std_solar_scatter\MODOUT2.txt,W/(cm^2 sr cm^-1),W/(cm^2 cm^-1),W/(m^2 sr um),W/(m^2 um),value_si=value_native*1e8/(wavelength_um^2),3322.0,3.0102347983142685,0.88523841,4.9688e-11,0.0005483410665919999,0.0,0.0,0.0,0.0,1.1434e-10,0.0012618201085599998,1.1434e-10,0.0012618201085599998,0.0,0.0,0.0,0.0,1.6403e-10,0.0018101611751519997
mwir_std_solar_scatter,D:\HwaSimIR\HwaSim_IR\Bin\Config\Atmosphere\MODTRAN\raw\audit_mwir_standard_20260906\mwir_std_solar_scatter\MODOUT2.txt,W/(cm^2 sr cm^-1),W/(cm^2 cm^-1),W/(m^2 sr um),W/(m^2 um),value_si=value_native*1e8/(wavelength_um^2),3323.0,3.0093289196509176,0.41088608,1.8267e-10,0.0020171022384300004,0.0,0.0,0.0,0.0,6.6818e-11,0.0007378263391220002,6.6818e-11,0.0007378263391220002,0.0,0.0,0.0,0.0,2.4949e-10,0.0027549285775520004
mwir_std_solar_scatter,D:\HwaSimIR\HwaSim_IR\Bin\Config\Atmosphere\MODTRAN\raw\audit_mwir_standard_20260906\mwir_std_solar_scatter\MODOUT2.txt,W/(cm^2 sr cm^-1),W/(cm^2 cm^-1),W/(m^2 sr um),W/(m^2 um),value_si=value_native*1e8/(wavelength_um^2),3324.0,3.0084235860409145,0.62570685,1.5524e-10,0.0017152430342400001,0.0,0.0,0.0,0.0,9.0774e-11,0.001002959747424,9.0774e-11,0.001002959747424,0.0,0.0,0.0,0.0,2.4601e-10,0.0027182027816640003
mwir_std_solar_scatter,D:\HwaSimIR\HwaSim_IR\Bin\Config\Atmosphere\MODTRAN\raw\audit_mwir_standard_20260906\mwir_std_solar_scatter\MODOUT2.txt,W/(cm^2 sr cm^-1),W/(cm^2 cm^-1),W/(m^2 sr um),W/(m^2 um),value_si=value_native*1e8/(wavelength_um^2),3325.0,3.007518796992481,0.58359641,1.4035e-10,0.0015516569687500001,0.0,0.0,0.0,0.0,8.5618e-11,0.0009465605012500002,8.5618e-11,0.0009465605012500002,0.0,0.0,0.0,0.0,2.2597e-10,0.0024982174700000003
mwir_std_solar_scatter,D:\HwaSimIR\HwaSim_IR\Bin\Config\Atmosphere\MODTRAN\raw\audit_mwir_standard_20260906\mwir_std_solar_scatter\MODOUT2.txt,W/(cm^2 sr cm^-1),W/(cm^2 cm^-1),W/(m^2 sr um),W/(m^2 um),value_si=value_native*1e8/(wavelength_um^2),3326.0,3.006614552014432,0.43271801,1.8263e-10,0.0020203034658799997,0.0,0.0,0.0,0.0,7.1165e-11,0.0007872468715399998,7.1165e-11,0.0007872468715399998,0.0,0.0,0.0,0.0,2.5379e-10,0.0028075503374199997
mwir_std_solar_scatter,D:\HwaSimIR\HwaSim_IR\Bin\Config\Atmosphere\MODTRAN\raw\audit_mwir_standard_20260906\mwir_std_solar_scatter\MODOUT2.txt,W/(cm^2 sr cm^-1),W/(cm^2 cm^-1),W/(m^2 sr um),W/(m^2 um),value_si=value_native*1e8/(wavelength_um^2),3327.0,3.005710850616171,0.12382141,2.8517e-10,0.0031565264829299996,0.0,0.0,0.0,0.0,4.1177e-11,0.000455785289433,4.1177e-11,0.000455785289433,0.0,0.0,0.0,0.0,3.2635e-10,0.0036123117723629995
mwir_std_solar_scatter,D:\HwaSimIR\HwaSim_IR\Bin\Config\Atmosphere\MODTRAN\raw\audit_mwir_standard_20260906\mwir_std_solar_scatter\MODOUT2.txt,W/(cm^2 sr cm^-1),W/(cm^2 cm^-1),W/(m^2 sr um),W/(m^2 um),value_si=value_native*1e8/(wavelength_um^2),3328.0,3.0048076923076925,0.70273918,1.0785e-10,0.0011945017344,0.0,0.0,0.0,0.0,9.7726e-11,0.001082372521984,9.7726e-11,0.001082372521984,0.0,0.0,0.0,0.0,2.0558e-10,0.002276874256384
mwir_std_solar_scatter,D:\HwaSimIR\HwaSim_IR\Bin\Config\Atmosphere\MODTRAN\raw\audit_mwir_standard_20260906\mwir_std_solar_scatter\MODOUT2.txt,W/(cm^2 sr cm^-1),W/(cm^2 cm^-1),W/(m^2 sr um),W/(m^2 um),value_si=value_native*1e8/(wavelength_um^2),3329.0,3.0039050765995796,0.83693159,7.0757e-11,0.000784146126437,0.0,0.0,0.0,0.0,1.1096e-10,0.00122968546136,1.1096e-10,0.00122968546136,0.0,0.0,0.0,0.0,1.8172e-10,0.002013831587797
mwir_std_solar_scatter,D:\HwaSimIR\HwaSim_IR\Bin\Config\Atmosphere\MODTRAN\raw\audit_mwir_standard_20260906\mwir_std_solar_scatter\MODOUT2.txt,W/(cm^2 sr cm^-1),W/(cm^2 cm^-1),W/(m^2 sr um),W/(m^2 um),value_si=value_native*1e8/(wavelength_um^2),3330.0,3.003003003003003,0.69173074,1.0792e-10,0.001196714088,0.0,0.0,0.0,0.0,9.6787e-11,0.0010732613643000002,9.6787e-11,0.0010732613643000002,0.0,0.0,0.0,0.0,2.0471e-10,0.0022699754523
mwir_std_solar_scatter,D:\HwaSimIR\HwaSim_IR\Bin\Config\Atmosphere\MODTRAN\raw\audit_mwir_standard_20260906\mwir_std_solar_scatter\MODOUT2.txt,W/(cm^2 sr cm^-1),W/(cm^2 cm^-1),W/(m^2 sr um),W/(m^2 um),value_si=value_native*1e8/(wavelength_um^2),3331.0,3.0021014710297207,0.93698323,2.7028e-11,0.00029989082270800006,0.0,0.0,0.0,0.0,1.1882e-10,0.0013183745580200002,1.1882e-10,0.0013183745580200002,0.0,0.0,0.0,0.0,1.4584e-10,0.0016182653807280001
mwir_std_solar_scatter,D:\HwaSimIR\HwaSim_IR\Bin\Config\Atmosphere\MODTRAN\raw\audit_mwir_standard_20260906\mwir_std_solar_scatter\MODOUT2.txt,W/(cm^2 sr cm^-1),W/(cm^2 cm^-1),W/(m^2 sr um),W/(m^2 um),value_si=value_native*1e8/(wavelength_um^2),3332.0,3.0012004801920766,0.9359774,2.7051e-11,0.000300326261424,0.0,0.0,0.0,0.0,1.1846e-10,0.00131516945504,1.1846e-10,0.00131516945504,0.0,0.0,0.0,0.0,1.4551e-10,0.0016154957164639999
mwir_std_solar_scatter,D:\HwaSimIR\HwaSim_IR\Bin\Config\Atmosphere\MODTRAN\raw\audit_mwir_standard_20260906\mwir_std_solar_scatter\MODOUT2.txt,W/(cm^2 sr cm^-1),W/(cm^2 cm^-1),W/(m^2 sr um),W/(m^2 um),value_si=value_native*1e8/(wavelength_um^2),3333.0,3.0003000300030003,0.90528303,4.0926e-11,0.00045464239121400005,0.0,0.0,0.0,0.0,1.1609e-10,0.0012896309240100002,1.1609e-10,0.0012896309240100002,0.0,0.0,0.0,0.0,1.5701e-10,0.0017442733152240003
