case_id,source_file,raw_unit_radiance,raw_unit_irradiance,si_unit_radiance,si_unit_irradiance,conversion_method,wavenumber_cm1,wavelength_um,tau_down,direct_solar_native,direct_solar_W_m2_um,toa_solar_native_diagnostic,toa_solar_W_m2_um_diagnostic
mwir_std_solar_direct,D:\HwaSimIR\HwaSim_IR\Bin\Config\Atmosphere\MODTRAN\raw\audit_mwir_standard_20260906\mwir_std_solar_direct\MODOUT2.txt,W/(cm^2 sr cm^-1),W/(cm^2 cm^-1),W/(m^2 sr um),W/(m^2 um),value_si=value_native*1e8/(wavelength_um^2),1995.0,5.012531328320802,0.9009,7.72e-07,3.0725793000000006,8.57e-07,3.410881425000001
mwir_std_solar_direct,D:\HwaSimIR\HwaSim_IR\Bin\Config\Atmosphere\MODTRAN\raw\audit_mwir_standard_20260906\mwir_std_solar_direct\MODOUT2.txt,W/(cm^2 sr cm^-1),W/(cm^2 cm^-1),W/(m^2 sr um),W/(m^2 um),value_si=value_native*1e8/(wavelength_um^2),1996.0,5.01002004008016,0.9315,8.03e-07,3.1991648479999997,8.62e-07,3.4342217919999998
mwir_std_solar_direct,D:\HwaSimIR\HwaSim_IR\Bin\Config\Atmosphere\MODTRAN\raw\audit_mwir_standard_20260906\mwir_std_solar_direct\MODOUT2.txt,W/(cm^2 sr cm^-1),W/(cm^2 cm^-1),W/(m^2 sr um),W/(m^2 um),value_si=value_native*1e8/(wavelength_um^2),1997.0,5.007511266900351,0.9364,8.07e-07,3.218323263,8.61e-07,3.433675749
mwir_std_solar_direct,D:\HwaSimIR\HwaSim_IR\Bin\Config\Atmosphere\MODTRAN\raw\audit_mwir_standard_20260906\mwir_std_solar_direct\MODOUT2.txt,W/(cm^2 sr cm^-1),W/(cm^2 cm^-1),W/(m^2 sr um),W/(m^2 um),value_si=value_native*1e8/(wavelength_um^2),1998.0,5.005005005005005,0.8659,7.45e-07,2.97404298,8.6e-07,3.43312344
mwir_std_solar_direct,D:\HwaSimIR\HwaSim_IR\Bin\Config\Atmosphere\MODTRAN\raw\audit_mwir_standard_20260906\mwir_std_solar_direct\MODOUT2.txt,W/(cm^2 sr cm^-1),W/(cm^2 cm^-1),W/(m^2 sr um),W/(m^2 um),value_si=value_native*1e8/(wavelength_um^2),1999.0,5.002501250625313,0.3428,2.96e-07,1.182816296,8.64e-07,3.452544864
mwir_std_solar_direct,D:\HwaSimIR\HwaSim_IR\Bin\Config\Atmosphere\MODTRAN\raw\audit_mwir_standard_20260906\mwir_std_solar_direct\MODOUT2.txt,W/(cm^2 sr cm^-1),W/(cm^2 cm^-1),W/(m^2 sr um),W/(m^2 um),value_si=value_native*1e8/(wavelength_um^2),2000.0,5.0,0.874,7.58e-07,3.032,8.67e-07,3.468
mwir_std_solar_direct,D:\HwaSimIR\HwaSim_IR\Bin\Config\Atmosphere\MODTRAN\raw\audit_mwir_standard_20260906\mwir_std_solar_direct\MODOUT2.txt,W/(cm^2 sr cm^-1),W/(cm^2 cm^-1),W/(m^2 sr um),W/(m^2 um),value_si=value_native*1e8/(wavelength_um^2),2001.0,4.997501249375312,0.9491,8.2e-07,3.2832808200000003,8.64e-07,3.4594568640000003
mwir_std_solar_direct,D:\HwaSimIR\HwaSim_IR\Bin\Config\Atmosphere\MODTRAN\raw\audit_mwir_standard_20260906\mwir_std_solar_direct\MODOUT2.txt,W/(cm^2 sr cm^-1),W/(cm^2 cm^-1),W/(m^2 sr um),W/(m^2 um),value_si=value_native*1e8/(wavelength_um^2),2002.0,4.995004995004995,0.9679,8.35e-07,3.3466833400000007,8.62e-07,3.454899448000001
mwir_std_solar_direct,D:\HwaSimIR\HwaSim_IR\Bin\Config\Atmosphere\MODTRAN\raw\audit_mwir_standard_20260906\mwir_std_solar_direct\MODOUT2.txt,W/(cm^2 sr cm^-1),W/(cm^2 cm^-1),W/(m^2 sr um),W/(m^2 um),value_si=value_native*1e8/(wavelength_um^2),2003.0,4.992511233150275,0.9568,8.31e-07,3.333979479,8.69e-07,3.4864358209999997
mwir_std_solar_direct,D:\HwaSimIR\HwaSim_IR\Bin\Config\Atmosphere\MODTRAN\raw\audit_mwir_standard_20260906\mwir_std_solar_direct\MODOUT2.txt,W/(cm^2 sr cm^-1),W/(cm^2 cm^-1),W/(m^2 sr um),W/(m^2 um),value_si=value_native*1e8/(wavelength_um^2),2004.0,4.990019960079841,0.9683,8.41e-07,3.3774694559999996,8.68e-07,3.4859018879999994
mwir_std_solar_direct,D:\HwaSimIR\HwaSim_IR\Bin\Config\Atmosphere\MODTRAN\raw\audit_mwir_standard_20260906\mwir_std_solar_direct\MODOUT2.txt,W/(cm^2 sr cm^-1),W/(cm^2 cm^-1),W/(m^2 sr um),W/(m^2 um),value_si=value_native*1e8/(wavelength_um^2),2005.0,4.987531172069826,0.9707,8.41e-07,3.3808410249999996,8.67e-07,3.4853616749999996
mwir_std_solar_direct,D:\HwaSimIR\HwaSim_IR\Bin\Config\Atmosphere\MODTRAN\raw\audit_mwir_standard_20260906\mwir_std_solar_direct\MODOUT2.txt,W/(cm^2 sr cm^-1),W/(cm^2 cm^-1),W/(m^2 sr um),W/(m^2 um),value_si=value_native*1e8/(wavelength_um^2),2006.0,4.985044865403789,0.921,7.99e-07,3.215204764,8.68e-07,3.4928632479999995
mwir_std_solar_direct,D:\HwaSimIR\HwaSim_IR\Bin\Config\Atmosphere\MODTRAN\raw\audit_mwir_standard_20260906\mwir_std_solar_direct\MODOUT2.txt,W/(cm^2 sr cm^-1),W/(cm^2 cm^-1),W/(m^2 sr um),W/(m^2 um),value_si=value_native*1e8/(wavelength_um^2),2007.0,4.9825610363726955,0.8722,7.61e-07,3.0653452889999997,8.73e-07,3.5164867770000003
mwir_std_solar_direct,D:\HwaSimIR\HwaSim_IR\Bin\Config\Atmosphere\MODTRAN\raw\audit_mwir_standard_20260906\mwir_std_solar_direct\MODOUT2.txt,W/(cm^2 sr cm^-1),W/(cm^2 cm^-1),W/(m^2 sr um),W/(m^2 um),value_si=value_native*1e8/(wavelength_um^2),2008.0,4.9800796812749,0.5562,4.86e-07,1.959583104,8.74e-07,3.5240239360000003
mwir_std_solar_direct,D:\HwaSimIR\HwaSim_IR\Bin\Config\Atmosphere\MODTRAN\raw\audit_mwir_standard_20260906\mwir_std_solar_direct\MODOUT2.txt,W/(cm^2 sr cm^-1),W/(cm^2 cm^-1),W/(m^2 sr um),W/(m^2 um),value_si=value_native*1e8/(wavelength_um^2),2009.0,4.9776007964161275,0.6251,5.45e-07,2.199664145,8.72e-07,3.519462632
mwir_std_solar_direct,D:\HwaSimIR\HwaSim_IR\Bin\Config\Atmosphere\MODTRAN\raw\audit_mwir_standard_20260906\mwir_std_solar_direct\MODOUT2.txt,W/(cm^2 sr cm^-1),W/(cm^2 cm^-1),W/(m^2 sr um),W/(m^2 um),value_si=value_native*1e8/(wavelength_um^2),2010.0,4.975124378109452,0.8905,7.79e-07,3.1472379,8.75e-07,3.5350875000000004
mwir_std_solar_direct,D:\HwaSimIR\HwaSim_IR\Bin\Config\Atmosphere\MODTRAN\raw\audit_mwir_standard_20260906\mwir_std_solar_direct\MODOUT2.txt,W/(cm^2 sr cm^-1),W/(cm^2 cm^-1),W/(m^2 sr um),W/(m^2 um),value_si=value_native*1e8/(wavelength_um^2),2011.0,4.972650422675286,0.9515,8.31e-07,3.360664551,8.73e-07,3.5305176330000005
mwir_std_solar_direct,D:\HwaSimIR\HwaSim_IR\Bin\Config\Atmosphere\MODTRAN\raw\audit_mwir_standard_20260906\mwir_std_solar_direct\MODOUT2.txt,W/(cm^2 sr cm^-1),W/(cm^2 cm^-1),W/(m^2 sr um),W/(m^2 um),value_si=value_native*1e8/(wavelength_um^2),2012.0,4.970178926441352,0.957,8.4e-07,3.40044096,8.77e-07,3.5502222880000005
mwir_std_solar_direct,D:\HwaSimIR\HwaSim_IR\Bin\Config\Atmosphere\MODTRAN\raw\audit_mwir_standard_20260906\mwir_std_solar_direct\MODOUT2.txt,W/(cm^2 sr cm^-1),W/(cm^2 cm^-1),W/(m^2 sr um),W/(m^2 um),value_si=value_native*1e8/(wavelength_um^2),2013.0,4.967709885742672,0.9574,8.4e-07,3.4038219600000006,8.77e-07,3.553752213000001
mwir_std_solar_direct,D:\HwaSimIR\HwaSim_IR\Bin\Config\Atmosphere\MODTRAN\raw\audit_mwir_standard_20260906\mwir_std_solar_direct\MODOUT2.txt,W/(cm^2 sr cm^-1),W/(cm^2 cm^-1),W/(m^2 sr um),W/(m^2 um),value_si=value_native*1e8/(wavelength_um^2),2014.0,4.965243296921549,0.9353,8.2e-07,3.3260807200000007,8.77e-07,3.5572838920000005
mwir_std_solar_direct,D:\HwaSimIR\HwaSim_IR\Bin\Config\Atmosphere\MODTRAN\raw\audit_mwir_standard_20260906\mwir_std_solar_direct\MODOUT2.txt,W/(cm^2 sr cm^-1),W/(cm^2 cm^-1),W/(m^2 sr um),W/(m^2 um),value_si=value_native*1e8/(wavelength_um^2),2015.0,4.962779156327543,0.8962,7.84e-07,3.1832164000000005,8.75e-07,3.5526968750000005
mwir_std_solar_direct,D:\HwaSimIR\HwaSim_IR\Bin\Config\Atmosphere\MODTRAN\raw\audit_mwir_standard_20260906\mwir_std_solar_direct\MODOUT2.txt,W/(cm^2 sr cm^-1),W/(cm^2 cm^-1),W/(m^2 sr um),W/(m^2 um),value_si=value_native*1e8/(wavelength_um^2),2016.0,4.9603174603174605,0.6326,5.55e-07,2.2556620799999996,8.78e-07,3.5684167679999996
mwir_std_solar_direct,D:\HwaSimIR\HwaSim_IR\Bin\Config\Atmosphere\MODTRAN\raw\audit_mwir_standard_20260906\mwir_std_solar_direct\MODOUT2.txt,W/(cm^2 sr cm^-1),W/(cm^2 cm^-1),W/(m^2 sr um),W/(m^2 um),value_si=value_native*1e8/(wavelength_um^2),2017.0,4.95785820525533,0.141,1.24e-07,0.5044678359999999,8.78e-07,3.5719577419999995
mwir_std_solar_direct,D:\HwaSimIR\HwaSim_IR\Bin\Config\Atmosphere\MODTRAN\raw\audit_mwir_standard_20260906\mwir_std_solar_direct\MODOUT2.txt,W/(cm^2 sr cm^-1),W/(cm^2 cm^-1),W/(m^2 sr um),W/(m^2 um),value_si=value_native*1e8/(wavelength_um^2),2018.0,4.955401387512389,0.3791,3.33e-07,1.3560838919999998,8.79e-07,3.5795727959999994
mwir_std_solar_direct,D:\HwaSimIR\HwaSim_IR\Bin\Config\Atmosphere\MODTRAN\raw\audit_mwir_standard_20260906\mwir_std_solar_direct\MODOUT2.txt,W/(cm^2 sr cm^-1),W/(cm^2 cm^-1),W/(m^2 sr um),W/(m^2 um),value_si=value_native*1e8/(wavelength_um^2),2019.0,4.952947003467063,0.2926,2.57e-07,1.0476247769999998,8.78e-07,3.5790449579999994
mwir_std_solar_direct,D:\HwaSimIR\HwaSim_IR\Bin\Config\Atmosphere\MODTRAN\raw\audit_mwir_standard_20260906\mwir_std_solar_direct\MODOUT2.txt,W/(cm^2 sr cm^-1),W/(cm^2 cm^-1),W/(m^2 sr um),W/(m^2 um),value_si=value_native*1e8/(wavelength_um^2),2020.0,4.9504950495049505,0.862,7.59e-07,3.0970236,8.81e-07,3.5948324
mwir_std_solar_direct,D:\HwaSimIR\HwaSim_IR\Bin\Config\Atmosphere\MODTRAN\raw\audit_mwir_standard_20260906\mwir_std_solar_direct\MODOUT2.txt,W/(cm^2 sr cm^-1),W/(cm^2 cm^-1),W/(m^2 sr um),W/(m^2 um),value_si=value_native*1e8/(wavelength_um^2),2021.0,4.948045522018803,0.9159,8.07e-07,3.2961438869999995,8.81e-07,3.598392520999999
mwir_std_solar_direct,D:\HwaSimIR\HwaSim_IR\Bin\Config\Atmosphere\MODTRAN\raw\audit_mwir_standard_20260906\mwir_std_solar_direct\MODOUT2.txt,W/(cm^2 sr cm^-1),W/(cm^2 cm^-1),W/(m^2 sr um),W/(m^2 um),value_si=value_native*1e8/(wavelength_um^2),2022.0,4.945598417408506,0.9402,8.28e-07,3.385264752,8.81e-07,3.6019544039999998
mwir_std_solar_direct,D:\HwaSimIR\HwaSim_IR\Bin\Config\Atmosphere\MODTRAN\raw\audit_mwir_standard_20260906\mwir_std_solar_direct\MODOUT2.txt,W/(cm^2 sr cm^-1),W/(cm^2 cm^-1),W/(m^2 sr um),W/(m^2 um),value_si=value_native*1e8/(wavelength_um^2),2023.0,4.9431537320810675,0.5465,4.81e-07,1.9685064490000004,8.79e-07,3.597332991
mwir_std_solar_direct,D:\HwaSimIR\HwaSim_IR\Bin\Config\Atmosphere\MODTRAN\raw\audit_mwir_standard_20260906\mwir_std_solar_direct\MODOUT2.txt,W/(cm^2 sr cm^-1),W/(cm^2 cm^-1),W/(m^2 sr um),W/(m^2 um),value_si=value_native*1e8/(wavelength_um^2),2024.0,4.940711462450593,0.9427,8.31e-07,3.4042546559999995,8.82e-07,3.6131800320000003
mwir_std_solar_direct,D:\HwaSimIR\HwaSim_IR\Bin\Config\Atmosphere\MODTRAN\raw\audit_mwir_standard_20260906\mwir_std_solar_direct\MODOUT2.txt,W/(cm^2 sr cm^-1),W/(cm^2 cm^-1),W/(m^2 sr um),W/(m^2 um),value_si=value_native*1e8/(wavelength_um^2),2025.0,4.938271604938271,0.9471,8.38e-07,3.4363237500000006,8.85e-07,3.6290531250000004
mwir_std_solar_direct,D:\HwaSimIR\HwaSim_IR\Bin\Config\Atmosphere\MODTRAN\raw\audit_mwir_standard_20260906\mwir_std_solar_direct\MODOUT2.txt,W/(cm^2 sr cm^-1),W/(cm^2 cm^-1),W/(m^2 sr um),W/(m^2 um),value_si=value_native*1e8/(wavelength_um^2),2026.0,4.935834155972359,0.8687,7.71e-07,3.164705196,8.87e-07,3.640847612
mwir_std_solar_direct,D:\HwaSimIR\HwaSim_IR\Bin\Config\Atmosphere\MODTRAN\raw\audit_mwir_standard_20260906\mwir_std_solar_direct\MODOUT2.txt,W/(cm^2 sr cm^-1),W/(cm^2 cm^-1),W/(m^2 sr um),W/(m^2 um),value_si=value_native*1e8/(wavelength_um^2),2027.0,4.93339911198816,0.4463,3.95e-07,1.622947955,8.85e-07,3.636225165
mwir_std_solar_direct,D:\HwaSimIR\HwaSim_IR\Bin\Config\Atmosphere\MODTRAN\raw\audit_mwir_standard_20260906\mwir_std_solar_direct\MODOUT2.txt,W/(cm^2 sr cm^-1),W/(cm^2 cm^-1),W/(m^2 sr um),W/(m^2 um),value_si=value_native*1e8/(wavelength_um^2),2028.0,4.930966469428008,0.939,8.3e-07,3.4136107199999994,8.84e-07,3.635701056
mwir_std_solar_direct,D:\HwaSimIR\HwaSim_IR\Bin\Config\Atmosphere\MODTRAN\raw\audit_mwir_standard_20260906\mwir_std_solar_direct\MODOUT2.txt,W/(cm^2 sr cm^-1),W/(cm^2 cm^-1),W/(m^2 sr um),W/(m^2 um),value_si=value_native*1e8/(wavelength_um^2),2029.0,4.928536224741252,0.9607,8.54e-07,3.5157822140000006,8.89e-07,3.6598716490000003
mwir_std_solar_direct,D:\HwaSimIR\HwaSim_IR\Bin\Config\Atmosphere\MODTRAN\raw\audit_mwir_standard_20260906\mwir_std_solar_direct\MODOUT2.txt,W/(cm^2 sr cm^-1),W/(cm^2 cm^-1),W/(m^2 sr um),W/(m^2 um),value_si=value_native*1e8/(wavelength_um^2),2030.0,4.926108374384237,0.9545,8.47e-07,3.4904023,8.88e-07,3.6593591999999995
mwir_std_solar_direct,D:\HwaSimIR\HwaSim_IR\Bin\Config\Atmosphere\MODTRAN\raw\audit_mwir_standard_20260906\mwir_std_solar_direct\MODOUT2.txt,W/(cm^2 sr cm^-1),W/(cm^2 cm^-1),W/(m^2 sr um),W/(m^2 um),value_si=value_native*1e8/(wavelength_um^2),2031.0,4.923682914820286,0.964,8.55e-07,3.526841655,8.87e-07,3.6588404070000005
mwir_std_solar_direct,D:\HwaSimIR\HwaSim_IR\Bin\Config\Atmosphere\MODTRAN\raw\audit_mwir_standard_20260906\mwir_std_solar_direct\MODOUT2.txt,W/(cm^2 sr cm^-1),W/(cm^2 cm^-1),W/(m^2 sr um),W/(m^2 um),value_si=value_native*1e8/(wavelength_um^2),2032.0,4.921259842519685,0.9584,8.5e-07,3.5096703999999996,8.87e-07,3.6624442879999997
mwir_std_solar_direct,D:\HwaSimIR\HwaSim_IR\Bin\Config\Atmosphere\MODTRAN\raw\audit_mwir_standard_20260906\mwir_std_solar_direct\MODOUT2.txt,W/(cm^2 sr cm^-1),W/(cm^2 cm^-1),W/(m^2 sr um),W/(m^2 um),value_si=value_native*1e8/(wavelength_um^2),2033.0,4.918839153959666,0.9713,8.65e-07,3.5751219849999996,8.91e-07,3.682582299
mwir_std_solar_direct,D:\HwaSimIR\HwaSim_IR\Bin\Config\Atmosphere\MODTRAN\raw\audit_mwir_standard_20260906\mwir_std_solar_direct\MODOUT2.txt,W/(cm^2 sr cm^-1),W/(cm^2 cm^-1),W/(m^2 sr um),W/(m^2 um),value_si=value_native*1e8/(wavelength_um^2),2034.0,4.916420845624385,0.8448,7.52e-07,3.1111413120000004,8.9e-07,3.6820688400000003
mwir_std_solar_direct,D:\HwaSimIR\HwaSim_IR\Bin\Config\Atmosphere\MODTRAN\raw\audit_mwir_standard_20260906\mwir_std_solar_direct\MODOUT2.txt,W/(cm^2 sr cm^-1),W/(cm^2 cm^-1),W/(m^2 sr um),W/(m^2 um),value_si=value_native*1e8/(wavelength_um^2),2035.0,4.914004914004914,0.9413,8.38e-07,3.4703465500000004,8.9e-07,3.6856902500000004
mwir_std_solar_direct,D:\HwaSimIR\HwaSim_IR\Bin\Config\Atmosphere\MODTRAN\raw\audit_mwir_standard_20260906\mwir_std_solar_direct\MODOUT2.txt,W/(cm^2 sr cm^-1),W/(cm^2 cm^-1),W/(m^2 sr um),W/(m^2 um),value_si=value_native*1e8/(wavelength_um^2),2036.0,4.911591355599215,0.9707,8.67e-07,3.5939716319999992,8.93e-07,3.701749327999999
mwir_std_solar_direct,D:\HwaSimIR\HwaSim_IR\Bin\Config\Atmosphere\MODTRAN\raw\audit_mwir_standard_20260906\mwir_std_solar_direct\MODOUT2.txt,W/(cm^2 sr cm^-1),W/(cm^2 cm^-1),W/(m^2 sr um),W/(m^2 um),value_si=value_native*1e8/(wavelength_um^2),2037.0,4.909180166912126,0.8269,7.4e-07,3.0705330599999994,8.95e-07,3.7136852549999992
mwir_std_solar_direct,D:\HwaSimIR\HwaSim_IR\Bin\Config\Atmosphere\MODTRAN\raw\audit_mwir_standard_20260906\mwir_std_solar_direct\MODOUT2.txt,W/(cm^2 sr cm^-1),W/(cm^2 cm^-1),W/(m^2 sr um),W/(m^2 um),value_si=value_native*1e8/(wavelength_um^2),2038.0,4.906771344455349,0.7357,6.6e-07,2.74127304,8.97e-07,3.7256392679999997
mwir_std_solar_direct,D:\HwaSimIR\HwaSim_IR\Bin\Config\Atmosphere\MODTRAN\raw\audit_mwir_standard_20260906\mwir_std_solar_direct\MODOUT2.txt,W/(cm^2 sr cm^-1),W/(cm^2 cm^-1),W/(m^2 sr um),W/(m^2 um),value_si=value_native*1e8/(wavelength_um^2),2039.0,4.904364884747425,0.9512,8.54e-07,3.550522934000001,8.98e-07,3.7334538580000003
mwir_std_solar_direct,D:\HwaSimIR\HwaSim_IR\Bin\Config\Atmosphere\MODTRAN\raw\audit_mwir_standard_20260906\mwir_std_solar_direct\MODOUT2.txt,W/(cm^2 sr cm^-1),W/(cm^2 cm^-1),W/(m^2 sr um),W/(m^2 um),value_si=value_native*1e8/(wavelength_um^2),2040.0,4.901960784313726,0.8447,7.59e-07,3.158654399999999,8.99e-07,3.7412783999999997
mwir_std_solar_direct,D:\HwaSimIR\HwaSim_IR\Bin\Config\Atmosphere\MODTRAN\raw\audit_mwir_standard_20260906\mwir_std_solar_direct\MODOUT2.txt,W/(cm^2 sr cm^-1),W/(cm^2 cm^-1),W/(m^2 sr um),W/(m^2 um),value_si=value_native*1e8/(wavelength_um^2),2041.0,4.899559039686428,0.3498,3.14e-07,1.3080238339999999,8.97e-07,3.736615857
mwir_std_solar_direct,D:\HwaSimIR\HwaSim_IR\Bin\Config\Atmosphere\MODTRAN\raw\audit_mwir_standard_20260906\mwir_std_solar_direct\MODOUT2.txt,W/(cm^2 sr cm^-1),W/(cm^2 cm^-1),W/(m^2 sr um),W/(m^2 um),value_si=value_native*1e8/(wavelength_um^2),2042.0,4.897159647404505,0.6564,5.92e-07,2.468500288,9.02e-07,3.761127128
mwir_std_solar_direct,D:\HwaSimIR\HwaSim_IR\Bin\Config\Atmosphere\MODTRAN\raw\audit_mwir_standard_20260906\mwir_std_solar_direct\MODOUT2.txt,W/(cm^2 sr cm^-1),W/(cm^2 cm^-1),W/(m^2 sr um),W/(m^2 um),value_si=value_native*1e8/(wavelength_um^2),2043.0,4.894762604013706,0.7968,7.17e-07,2.9926497329999995,9e-07,3.756464099999999
mwir_std_solar_direct,D:\HwaSimIR\HwaSim_IR\Bin\Config\Atmosphere\MODTRAN\raw\audit_mwir_standard_20260906\mwir_std_solar_direct\MODOUT2.txt,W/(cm^2 sr cm^-1),W/(cm^2 cm^-1),W/(m^2 sr um),W/(m^2 um),value_si=value_native*1e8/(wavelength_um^2),2044.0,4.892367906066537,0.4222,3.79e-07,1.5834377439999998,8.99e-07,3.755964464
mwir_std_solar_direct,D:\HwaSimIR\HwaSim_IR\Bin\Config\Atmosphere\MODTRAN\raw\audit_mwir_standard_20260906\mwir_std_solar_direct\MODOUT2.txt,W/(cm^2 sr cm^-1),W/(cm^2 cm^-1),W/(m^2 sr um),W/(m^2 um),value_si=value_native*1e8/(wavelength_um^2),2045.0,4.88997555012225,0.9247,8.32e-07,3.4794447999999996,8.99e-07,3.759640475
mwir_std_solar_direct,D:\HwaSimIR\HwaSim_IR\Bin\Config\Atmosphere\MODTRAN\raw\audit_mwir_standard_20260906\mwir_std_solar_direct\MODOUT2.txt,W/(cm^2 sr cm^-1),W/(cm^2 cm^-1),W/(m^2 sr um),W/(m^2 um),value_si=value_native*1e8/(wavelength_um^2),2046.0,4.887585532746823,0.7837,7.07e-07,2.9595840119999997,9.02e-07,3.7758766319999997
mwir_std_solar_direct,D:\HwaSimIR\HwaSim_IR\Bin\Config\Atmosphere\MODTRAN\raw\audit_mwir_standard_20260906\mwir_std_solar_direct\MODOUT2.txt,W/(cm^2 sr cm^-1),W/(cm^2 cm^-1),W/(m^2 sr um),W/(m^2 um),value_si=value_native*1e8/(wavelength_um^2),2047.0,4.885197850512946,0.8267,7.46e-07,3.125895914,9.03e-07,3.7837587269999995
mwir_std_solar_direct,D:\HwaSimIR\HwaSim_IR\Bin\Config\Atmosphere\MODTRAN\raw\audit_mwir_standard_20260906\mwir_std_solar_direct\MODOUT2.txt,W/(cm^2 sr cm^-1),W/(cm^2 cm^-1),W/(m^2 sr um),W/(m^2 um),value_si=value_native*1e8/(wavelength_um^2),2048.0,4.8828125,0.8468,7.66e-07,3.212836864,9.04e-07,3.791650816
mwir_std_solar_direct,D:\HwaSimIR\HwaSim_IR\Bin\Config\Atmosphere\MODTRAN\raw\audit_mwir_standard_20260906\mwir_std_solar_direct\MODOUT2.txt,W/(cm^2 sr cm^-1),W/(cm^2 cm^-1),W/(m^2 sr um),W/(m^2 um),value_si=value_native*1e8/(wavelength_um^2),2049.0,4.880429477794046,0.7542,6.81e-07,2.859111081000001,9.03e-07,3.7911561030000005
mwir_std_solar_direct,D:\HwaSimIR\HwaSim_IR\Bin\Config\Atmosphere\MODTRAN\raw\audit_mwir_standard_20260906\mwir_std_solar_direct\MODOUT2.txt,W/(cm^2 sr cm^-1),W/(cm^2 cm^-1),W/(m^2 sr um),W/(m^2 um),value_si=value_native*1e8/(wavelength_um^2),2050.0,4.878048780487805,0.9153,8.26e-07,3.471265,9.03e-07,3.7948575
mwir_std_solar_direct,D:\HwaSimIR\HwaSim_IR\Bin\Config\Atmosphere\MODTRAN\raw\audit_mwir_standard_20260906\mwir_std_solar_direct\MODOUT2.txt,W/(cm^2 sr cm^-1),W/(cm^2 cm^-1),W/(m^2 sr um),W/(m^2 um),value_si=value_native*1e8/(wavelength_um^2),2051.0,4.875670404680643,0.797,7.19e-07,3.024546119000001,9.02e-07,3.7943541020000007
mwir_std_solar_direct,D:\HwaSimIR\HwaSim_IR\Bin\Config\Atmosphere\MODTRAN\raw\audit_mwir_standard_20260906\mwir_std_solar_direct\MODOUT2.txt,W/(cm^2 sr cm^-1),W/(cm^2 cm^-1),W/(m^2 sr um),W/(m^2 um),value_si=value_native*1e8/(wavelength_um^2),2052.0,4.8732943469785575,0.7222,6.52e-07,2.7453790080000005,9.03e-07,3.802265712
mwir_std_solar_direct,D:\HwaSimIR\HwaSim_IR\Bin\Config\Atmosphere\MODTRAN\raw\audit_mwir_standard_20260906\mwir_std_solar_direct\MODOUT2.txt,W/(cm^2 sr cm^-1),W/(cm^2 cm^-1),W/(m^2 sr um),W/(m^2 um),value_si=value_native*1e8/(wavelength_um^2),2053.0,4.870920603994155,0.9146,8.25e-07,3.4772174249999996,9.02e-07,3.8017577179999997
mwir_std_solar_direct,D:\HwaSimIR\HwaSim_IR\Bin\Config\Atmosphere\MODTRAN\raw\audit_mwir_standard_20260906\mwir_std_solar_direct\MODOUT2.txt,W/(cm^2 sr cm^-1),W/(cm^2 cm^-1),W/(m^2 sr um),W/(m^2 um),value_si=value_native*1e8/(wavelength_um^2),2054.0,4.868549172346641,0.7318,6.61e-07,2.788703476,9.03e-07,3.809681148
mwir_std_solar_direct,D:\HwaSimIR\HwaSim_IR\Bin\Config\Atmosphere\MODTRAN\raw\audit_mwir_standard_20260906\mwir_std_solar_direct\MODOUT2.txt,W/(cm^2 sr cm^-1),W/(cm^2 cm^-1),W/(m^2 sr um),W/(m^2 um),value_si=value_native*1e8/(wavelength_um^2),2055.0,4.866180048661801,0.6886,6.25e-07,2.639390625,9.08e-07,3.8345066999999995
mwir_std_solar_direct,D:\HwaSimIR\HwaSim_IR\Bin\Config\Atmosphere\MODTRAN\raw\audit_mwir_standard_20260906\mwir_std_solar_direct\MODOUT2.txt,W/(cm^2 sr cm^-1),W/(cm^2 cm^-1),W/(m^2 sr um),W/(m^2 um),value_si=value_native*1e8/(wavelength_um^2),2056.0,4.863813229571984,0.9187,8.38e-07,3.5423399680000003,9.12e-07,3.8551480320000007
mwir_std_solar_direct,D:\HwaSimIR\HwaSim_IR\Bin\Config\Atmosphere\MODTRAN\raw\audit_mwir_standard_20260906\mwir_std_solar_direct\MODOUT2.txt,W/(cm^2 sr cm^-1),W/(cm^2 cm^-1),W/(m^2 sr um),W/(m^2 um),value_si=value_native*1e8/(wavelength_um^2),2057.0,4.861448711716092,0.6912,6.28e-07,2.657224372,9.08e-07,3.8419740919999996
mwir_std_solar_direct,D:\HwaSimIR\HwaSim_IR\Bin\Config\Atmosphere\MODTRAN\raw\audit_mwir_standard_20260906\mwir_std_solar_direct\MODOUT2.txt,W/(cm^2 sr cm^-1),W/(cm^2 cm^-1),W/(m^2 sr um),W/(m^2 um),value_si=value_native*1e8/(wavelength_um^2),2058.0,4.859086491739553,0.6798,6.17e-07,2.613219588,9.08e-07,3.845710512
mwir_std_solar_direct,D:\HwaSimIR\HwaSim_IR\Bin\Config\Atmosphere\MODTRAN\raw\audit_mwir_standard_20260906\mwir_std_solar_direct\MODOUT2.txt,W/(cm^2 sr cm^-1),W/(cm^2 cm^-1),W/(m^2 sr um),W/(m^2 um),value_si=value_native*1e8/(wavelength_um^2),2059.0,4.856726566294317,0.887,8.11e-07,3.4382190910000006,9.15e-07,3.8791251150000003
mwir_std_solar_direct,D:\HwaSimIR\HwaSim_IR\Bin\Config\Atmosphere\MODTRAN\raw\audit_mwir_standard_20260906\mwir_std_solar_direct\MODOUT2.txt,W/(cm^2 sr cm^-1),W/(cm^2 cm^-1),W/(m^2 sr um),W/(m^2 um),value_si=value_native*1e8/(wavelength_um^2),2060.0,4.854368932038835,0.4538,4.14e-07,1.7568504000000003,9.13e-07,3.8744068000000005
mwir_std_solar_direct,D:\HwaSimIR\HwaSim_IR\Bin\Config\Atmosphere\MODTRAN\raw\audit_mwir_standard_20260906\mwir_std_solar_direct\MODOUT2.txt,W/(cm^2 sr cm^-1),W/(cm^2 cm^-1),W/(m^2 sr um),W/(m^2 um),value_si=value_native*1e8/(wavelength_um^2),2061.0,4.85201358563804,0.6005,5.47e-07,2.323503387,9.11e-07,3.8696738310000005
mwir_std_solar_direct,D:\HwaSimIR\HwaSim_IR\Bin\Config\Atmosphere\MODTRAN\raw\audit_mwir_standard_20260906\mwir_std_solar_direct\MODOUT2.txt,W/(cm^2 sr cm^-1),W/(cm^2 cm^-1),W/(m^2 sr um),W/(m^2 um),value_si=value_native*1e8/(wavelength_um^2),2062.0,4.849660523763337,0.8721,7.97e-07,3.3887196679999994,9.13e-07,3.8819335719999994
mwir_std_solar_direct,D:\HwaSimIR\HwaSim_IR\Bin\Config\Atmosphere\MODTRAN\raw\audit_mwir_standard_20260906\mwir_std_solar_direct\MODOUT2.txt,W/(cm^2 sr cm^-1),W/(cm^2 cm^-1),W/(m^2 sr um),W/(m^2 um),value_si=value_native*1e8/(wavelength_um^2),2063.0,4.847309743092584,0.6325,5.8e-07,2.4684620199999996,9.16e-07,3.8984676039999995
mwir_std_solar_direct,D:\HwaSimIR\HwaSim_IR\Bin\Config\Atmosphere\MODTRAN\raw\audit_mwir_standard_20260906\mwir_std_solar_direct\MODOUT2.txt,W/(cm^2 sr cm^-1),W/(cm^2 cm^-1),W/(m^2 sr um),W/(m^2 um),value_si=value_native*1e8/(wavelength_um^2),2064.0,4.844961240310077,0.619,5.67e-07,2.4154744320000003,9.16e-07,3.902247936
mwir_std_solar_direct,D:\HwaSimIR\HwaSim_IR\Bin\Config\Atmosphere\MODTRAN\raw\audit_mwir_standard_20260906\mwir_std_solar_direct\MODOUT2.txt,W/(cm^2 sr cm^-1),W/(cm^2 cm^-1),W/(m^2 sr um),W/(m^2 um),value_si=value_native*1e8/(wavelength_um^2),2065.0,4.842615012106537,0.3009,2.76e-07,1.1769261,9.18e-07,3.9145585499999997
mwir_std_solar_direct,D:\HwaSimIR\HwaSim_IR\Bin\Config\Atmosphere\MODTRAN\raw\audit_mwir_standard_20260906\mwir_std_solar_direct\MODOUT2.txt,W/(cm^2 sr cm^-1),W/(cm^2 cm^-1),W/(m^2 sr um),W/(m^2 um),value_si=value_native*1e8/(wavelength_um^2),2066.0,4.84027105517909,0.3461,3.19e-07,1.3616055639999998,9.21e-07,3.9311558759999996
mwir_std_solar_direct,D:\HwaSimIR\HwaSim_IR\Bin\Config\Atmosphere\MODTRAN\raw\audit_mwir_standard_20260906\mwir_std_solar_direct\MODOUT2.txt,W/(cm^2 sr cm^-1),W/(cm^2 cm^-1),W/(m^2 sr um),W/(m^2 um),value_si=value_native*1e8/(wavelength_um^2),2067.0,4.837929366231253,0.8505,7.82e-07,3.341086398,9.2e-07,3.9306898799999996
mwir_std_solar_direct,D:\HwaSimIR\HwaSim_IR\Bin\Config\Atmosphere\MODTRAN\raw\audit_mwir_standard_20260906\mwir_std_solar_direct\MODOUT2.txt,W/(cm^2 sr cm^-1),W/(cm^2 cm^-1),W/(m^2 sr um),W/(m^2 um),value_si=value_native*1e8/(wavelength_um^2),2068.0,4.835589941972921,0.7354,6.78e-07,2.899551072,9.22e-07,3.943047328
mwir_std_solar_direct,D:\HwaSimIR\HwaSim_IR\Bin\Config\Atmosphere\MODTRAN\raw\audit_mwir_standard_20260906\mwir_std_solar_direct\MODOUT2.txt,W/(cm^2 sr cm^-1),W/(cm^2 cm^-1),W/(m^2 sr um),W/(m^2 um),value_si=value_native*1e8/(wavelength_um^2),2069.0,4.833252779120348,0.6151,5.67e-07,2.4271914870000004,9.21e-07,3.9425808810000005
mwir_std_solar_direct,D:\HwaSimIR\HwaSim_IR\Bin\Config\Atmosphere\MODTRAN\raw\audit_mwir_standard_20260906\mwir_std_solar_direct\MODOUT2.txt,W/(cm^2 sr cm^-1),W/(cm^2 cm^-1),W/(m^2 sr um),W/(m^2 um),value_si=value_native*1e8/(wavelength_um^2),2070.0,4.830917874396135,0.8472,7.82e-07,3.3507918,9.23e-07,3.9549627
mwir_std_solar_direct,D:\HwaSimIR\HwaSim_IR\Bin\Config\Atmosphere\MODTRAN\raw\audit_mwir_standard_20260906\mwir_std_solar_direct\MODOUT2.txt,W/(cm^2 sr cm^-1),W/(cm^2 cm^-1),W/(m^2 sr um),W/(m^2 um),value_si=value_native*1e8/(wavelength_um^2),2071.0,4.828585224529213,0.6927,6.36e-07,2.7278300759999996,9.18e-07,3.937339637999999
mwir_std_solar_direct,D:\HwaSimIR\HwaSim_IR\Bin\Config\Atmosphere\MODTRAN\raw\audit_mwir_standard_20260906\mwir_std_solar_direct\MODOUT2.txt,W/(cm^2 sr cm^-1),W/(cm^2 cm^-1),W/(m^2 sr um),W/(m^2 um),value_si=value_native*1e8/(wavelength_um^2),2072.0,4.826254826254826,0.6999,6.45e-07,2.7691036800000006,9.22e-07,3.9583156480000006
mwir_std_solar_direct,D:\HwaSimIR\HwaSim_IR\Bin\Config\Atmosphere\MODTRAN\raw\audit_mwir_standard_20260906\mwir_std_solar_direct\MODOUT2.txt,W/(cm^2 sr cm^-1),W/(cm^2 cm^-1),W/(m^2 sr um),W/(m^2 um),value_si=value_native*1e8/(wavelength_um^2),2073.0,4.82392667631452,0.7317,6.75e-07,2.9006970749999996,9.23e-07,3.9664346669999997
mwir_std_solar_direct,D:\HwaSimIR\HwaSim_IR\Bin\Config\Atmosphere\MODTRAN\raw\audit_mwir_standard_20260906\mwir_std_solar_direct\MODOUT2.txt,W/(cm^2 sr cm^-1),W/(cm^2 cm^-1),W/(m^2 sr um),W/(m^2 um),value_si=value_native*1e8/(wavelength_um^2),2074.0,4.821600771456123,0.4988,4.62e-07,1.9872819120000003,9.25e-07,3.9788653000000007
mwir_std_solar_direct,D:\HwaSimIR\HwaSim_IR\Bin\Config\Atmosphere\MODTRAN\raw\audit_mwir_standard_20260906\mwir_std_solar_direct\MODOUT2.txt,W/(cm^2 sr cm^-1),W/(cm^2 cm^-1),W/(m^2 sr um),W/(m^2 um),value_si=value_native*1e8/(wavelength_um^2),2075.0,4.819277108433735,0.7985,7.37e-07,3.1732456249999994,9.24e-07,3.9783974999999985
mwir_std_solar_direct,D:\HwaSimIR\HwaSim_IR\Bin\Config\Atmosphere\MODTRAN\raw\audit_mwir_standard_20260906\mwir_std_solar_direct\MODOUT2.txt,W/(cm^2 sr cm^-1),W/(cm^2 cm^-1),W/(m^2 sr um),W/(m^2 um),value_si=value_native*1e8/(wavelength_um^2),2076.0,4.8169556840077075,0.7884,7.31e-07,3.150446255999999,9.27e-07,3.9951623519999995
mwir_std_solar_direct,D:\HwaSimIR\HwaSim_IR\Bin\Config\Atmosphere\MODTRAN\raw\audit_mwir_standard_20260906\mwir_std_solar_direct\MODOUT2.txt,W/(cm^2 sr cm^-1),W/(cm^2 cm^-1),W/(m^2 sr um),W/(m^2 um),value_si=value_native*1e8/(wavelength_um^2),2077.0,4.814636494944632,0.0636,5.88e-08,0.25365902519999994,9.24e-07,3.986070395999999
mwir_std_solar_direct,D:\HwaSimIR\HwaSim_IR\Bin\Config\Atmosphere\MODTRAN\raw\audit_mwir_standard_20260906\mwir_std_solar_direct\MODOUT2.txt,W/(cm^2 sr cm^-1),W/(cm^2 cm^-1),W/(m^2 sr um),W/(m^2 um),value_si=value_native*1e8/(wavelength_um^2),2078.0,4.8123195380173245,0.1393,1.29e-07,0.557032836,9.25e-07,3.9942276999999997
mwir_std_solar_direct,D:\HwaSimIR\HwaSim_IR\Bin\Config\Atmosphere\MODTRAN\raw\audit_mwir_standard_20260906\mwir_std_solar_direct\MODOUT2.txt,W/(cm^2 sr cm^-1),W/(cm^2 cm^-1),W/(m^2 sr um),W/(m^2 um),value_si=value_native*1e8/(wavelength_um^2),2079.0,4.81000481000481,0.4355,4.02e-07,1.737540882,9.24e-07,3.993750683999999
mwir_std_solar_direct,D:\HwaSimIR\HwaSim_IR\Bin\Config\Atmosphere\MODTRAN\raw\audit_mwir_standard_20260906\mwir_std_solar_direct\MODOUT2.txt,W/(cm^2 sr cm^-1),W/(cm^2 cm^-1),W/(m^2 sr um),W/(m^2 um),value_si=value_native*1e8/(wavelength_um^2),2080.0,4.8076923076923075,0.8165,7.53e-07,3.2577792000000003,9.23e-07,3.9932672000000005
mwir_std_solar_direct,D:\HwaSimIR\HwaSim_IR\Bin\Config\Atmosphere\MODTRAN\raw\audit_mwir_standard_20260906\mwir_std_solar_direct\MODOUT2.txt,W/(cm^2 sr cm^-1),W/(cm^2 cm^-1),W/(m^2 sr um),W/(m^2 um),value_si=value_native*1e8/(wavelength_um^2),2081.0,4.805382027871215,0.7259,6.69e-07,2.897145309,9.22e-07,3.9927772420000007
mwir_std_solar_direct,D:\HwaSimIR\HwaSim_IR\Bin\Config\Atmosphere\MODTRAN\raw\audit_mwir_standard_20260906\mwir_std_solar_direct\MODOUT2.txt,W/(cm^2 sr cm^-1),W/(cm^2 cm^-1),W/(m^2 sr um),W/(m^2 um),value_si=value_native*1e8/(wavelength_um^2),2082.0,4.803073967339097,0.5656,5.25e-07,2.2757300999999996,9.28e-07,4.0226238720000005
mwir_std_solar_direct,D:\HwaSimIR\HwaSim_IR\Bin\Config\Atmosphere\MODTRAN\raw\audit_mwir_standard_20260906\mwir_std_solar_direct\MODOUT2.txt,W/(cm^2 sr cm^-1),W/(cm^2 cm^-1),W/(m^2 sr um),W/(m^2 um),value_si=value_native*1e8/(wavelength_um^2),2083.0,4.800768122899664,0.8446,7.83e-07,3.3973500869999995,9.28e-07,4.026488992
mwir_std_solar_direct,D:\HwaSimIR\HwaSim_IR\Bin\Config\Atmosphere\MODTRAN\raw\audit_mwir_standard_20260906\mwir_std_solar_direct\MODOUT2.txt,W/(cm^2 sr cm^-1),W/(cm^2 cm^-1),W/(m^2 sr um),W/(m^2 um),value_si=value_native*1e8/(wavelength_um^2),2084.0,4.798464491362764,0.747,6.9e-07,2.99670864,9.24e-07,4.012983744
mwir_std_solar_direct,D:\HwaSimIR\HwaSim_IR\Bin\Config\Atmosphere\MODTRAN\raw\audit_mwir_standard_20260906\mwir_std_solar_direct\MODOUT2.txt,W/(cm^2 sr cm^-1),W/(cm^2 cm^-1),W/(m^2 sr um),W/(m^2 um),value_si=value_native*1e8/(wavelength_um^2),2085.0,4.796163069544365,0.7605,7.06e-07,3.0691408499999993,9.28e-07,4.0342248
mwir_std_solar_direct,D:\HwaSimIR\HwaSim_IR\Bin\Config\Atmosphere\MODTRAN\raw\audit_mwir_standard_20260906\mwir_std_solar_direct\MODOUT2.txt,W/(cm^2 sr cm^-1),W/(cm^2 cm^-1),W/(m^2 sr um),W/(m^2 um),value_si=value_native*1e8/(wavelength_um^2),2086.0,4.793863854266539,0.721,6.73e-07,2.9284895079999997,9.34e-07,4.0642038639999996
mwir_std_solar_direct,D:\HwaSimIR\HwaSim_IR\Bin\Config\Atmosphere\MODTRAN\raw\audit_mwir_standard_20260906\mwir_std_solar_direct\MODOUT2.txt,W/(cm^2 sr cm^-1),W/(cm^2 cm^-1),W/(m^2 sr um),W/(m^2 um),value_si=value_native*1e8/(wavelength_um^2),2087.0,4.791566842357451,0.6187,5.74e-07,2.5000966060000005,9.27e-07,4.037612463
mwir_std_solar_direct,D:\HwaSimIR\HwaSim_IR\Bin\Config\Atmosphere\MODTRAN\raw\audit_mwir_standard_20260906\mwir_std_solar_direct\MODOUT2.txt,W/(cm^2 sr cm^-1),W/(cm^2 cm^-1),W/(m^2 sr um),W/(m^2 um),value_si=value_native*1e8/(wavelength_um^2),2088.0,4.789272030651341,0.7855,7.3e-07,3.182613119999999,9.3e-07,4.054561919999999
mwir_std_solar_direct,D:\HwaSimIR\HwaSim_IR\Bin\Config\Atmosphere\MODTRAN\raw\audit_mwir_standard_20260906\mwir_std_solar_direct\MODOUT2.txt,W/(cm^2 sr cm^-1),W/(cm^2 cm^-1),W/(m^2 sr um),W/(m^2 um),value_si=value_native*1e8/(wavelength_um^2),2089.0,4.786979415988511,0.7406,6.93e-07,3.0241972530000005,9.36e-07,4.084630056000002
mwir_std_solar_direct,D:\HwaSimIR\HwaSim_IR\Bin\Config\Atmosphere\MODTRAN\raw\audit_mwir_standard_20260906\mwir_std_solar_direct\MODOUT2.txt,W/(cm^2 sr cm^-1),W/(cm^2 cm^-1),W/(m^2 sr um),W/(m^2 um),value_si=value_native*1e8/(wavelength_um^2),2090.0,4.784688995215311,0.337,3.14e-07,1.3715834,9.33e-07,4.0754373
mwir_std_solar_direct,D:\HwaSimIR\HwaSim_IR\Bin\Config\Atmosphere\MODTRAN\raw\audit_mwir_standard_20260906\mwir_std_solar_direct\MODOUT2.txt,W/(cm^2 sr cm^-1),W/(cm^2 cm^-1),W/(m^2 sr um),W/(m^2 um),value_si=value_native*1e8/(wavelength_um^2),2091.0,4.782400765184122,0.6839,6.35e-07,2.776398435,9.28e-07,4.057476768000001
mwir_std_solar_direct,D:\HwaSimIR\HwaSim_IR\Bin\Config\Atmosphere\MODTRAN\raw\audit_mwir_standard_20260906\mwir_std_solar_direct\MODOUT2.txt,W/(cm^2 sr cm^-1),W/(cm^2 cm^-1),W/(m^2 sr um),W/(m^2 um),value_si=value_native*1e8/(wavelength_um^2),2092.0,4.780114722753346,0.7667,7.15e-07,3.1291717599999997,9.33e-07,4.083240911999999
mwir_std_solar_direct,D:\HwaSimIR\HwaSim_IR\Bin\Config\Atmosphere\MODTRAN\raw\audit_mwir_standard_20260906\mwir_std_solar_direct\MODOUT2.txt,W/(cm^2 sr cm^-1),W/(cm^2 cm^-1),W/(m^2 sr um),W/(m^2 um),value_si=value_native*1e8/(wavelength_um^2),2093.0,4.777830864787386,0.7042,6.56e-07,2.8737057440000005,9.32e-07,4.082764868
mwir_std_solar_direct,D:\HwaSimIR\HwaSim_IR\Bin\Config\Atmosphere\MODTRAN\raw\audit_mwir_standard_20260906\mwir_std_solar_direct\MODOUT2.txt,W/(cm^2 sr cm^-1),W/(cm^2 cm^-1),W/(m^2 sr um),W/(m^2 um),value_si=value_native*1e8/(wavelength_um^2),2094.0,4.775549188156638,0.6433,5.99e-07,2.6265167640000002,9.31e-07,4.082282316000001
mwir_std_solar_direct,D:\HwaSimIR\HwaSim_IR\Bin\Config\Atmosphere\MODTRAN\raw\audit_mwir_standard_20260906\mwir_std_solar_direct\MODOUT2.txt,W/(cm^2 sr cm^-1),W/(cm^2 cm^-1),W/(m^2 sr um),W/(m^2 um),value_si=value_native*1e8/(wavelength_um^2),2095.0,4.77326968973747,0.6385,5.97e-07,2.620247925,9.36e-07,4.108127400000001
mwir_std_solar_direct,D:\HwaSimIR\HwaSim_IR\Bin\Config\Atmosphere\MODTRAN\raw\audit_mwir_standard_20260906\mwir_std_solar_direct\MODOUT2.txt,W/(cm^2 sr cm^-1),W/(cm^2 cm^-1),W/(m^2 sr um),W/(m^2 um),value_si=value_native*1e8/(wavelength_um^2),2096.0,4.770992366412214,0.8097,7.59e-07,3.3344509439999994,9.38e-07,4.120836607999999
mwir_std_solar_direct,D:\HwaSimIR\HwaSim_IR\Bin\Config\Atmosphere\MODTRAN\raw\audit_mwir_standard_20260906\mwir_std_solar_direct\MODOUT2.txt,W/(cm^2 sr cm^-1),W/(cm^2 cm^-1),W/(m^2 sr um),W/(m^2 um),value_si=value_native*1e8/(wavelength_um^2),2097.0,4.768717215069146,0.6585,6.17e-07,2.713201353,9.38e-07,4.124769642
mwir_std_solar_direct,D:\HwaSimIR\HwaSim_IR\Bin\Config\Atmosphere\MODTRAN\raw\audit_mwir_standard_20260906\mwir_std_solar_direct\MODOUT2.txt,W/(cm^2 sr cm^-1),W/(cm^2 cm^-1),W/(m^2 sr um),W/(m^2 um),value_si=value_native*1e8/(wavelength_um^2),2098.0,4.7664442326024785,0.7997,7.53e-07,3.314407812,9.42e-07,4.146310968
mwir_std_solar_direct,D:\HwaSimIR\HwaSim_IR\Bin\Config\Atmosphere\MODTRAN\raw\audit_mwir_standard_20260906\mwir_std_solar_direct\MODOUT2.txt,W/(cm^2 sr cm^-1),W/(cm^2 cm^-1),W/(m^2 sr um),W/(m^2 um),value_si=value_native*1e8/(wavelength_um^2),2099.0,4.764173415912339,0.6236,5.88e-07,2.590610988000001,9.42e-07,4.150264542000001
mwir_std_solar_direct,D:\HwaSimIR\HwaSim_IR\Bin\Config\Atmosphere\MODTRAN\raw\audit_mwir_standard_20260906\mwir_std_solar_direct\MODOUT2.txt,W/(cm^2 sr cm^-1),W/(cm^2 cm^-1),W/(m^2 sr um),W/(m^2 um),value_si=value_native*1e8/(wavelength_um^2),2100.0,4.761904761904762,0.6955,6.56e-07,2.8929600000000004,9.43e-07,4.15863
mwir_std_solar_direct,D:\HwaSimIR\HwaSim_IR\Bin\Config\Atmosphere\MODTRAN\raw\audit_mwir_standard_20260906\mwir_std_solar_direct\MODOUT2.txt,W/(cm^2 sr cm^-1),W/(cm^2 cm^-1),W/(m^2 sr um),W/(m^2 um),value_si=value_native*1e8/(wavelength_um^2),2101.0,4.75963826749167,0.7501,7.08e-07,3.125254308,9.44e-07,4.167005744
mwir_std_solar_direct,D:\HwaSimIR\HwaSim_IR\Bin\Config\Atmosphere\MODTRAN\raw\audit_mwir_standard_20260906\mwir_std_solar_direct\MODOUT2.txt,W/(cm^2 sr cm^-1),W/(cm^2 cm^-1),W/(m^2 sr um),W/(m^2 um),value_si=value_native*1e8/(wavelength_um^2),2102.0,4.757373929590866,0.8152,7.72e-07,3.411007888,9.46e-07,4.179810184
mwir_std_solar_direct,D:\HwaSimIR\HwaSim_IR\Bin\Config\Atmosphere\MODTRAN\raw\audit_mwir_standard_20260906\mwir_std_solar_direct\MODOUT2.txt,W/(cm^2 sr cm^-1),W/(cm^2 cm^-1),W/(m^2 sr um),W/(m^2 um),value_si=value_native*1e8/(wavelength_um^2),2103.0,4.75511174512601,0.6388,6.02e-07,2.662410618000001,9.43e-07,4.170520287
mwir_std_solar_direct,D:\HwaSimIR\HwaSim_IR\Bin\Config\Atmosphere\MODTRAN\raw\audit_mwir_standard_20260906\mwir_std_solar_direct\MODOUT2.txt,W/(cm^2 sr cm^-1),W/(cm^2 cm^-1),W/(m^2 sr um),W/(m^2 um),value_si=value_native*1e8/(wavelength_um^2),2104.0,4.752851711026616,0.7817,7.39e-07,3.2714170240000007,9.46e-07,4.187767936000001
mwir_std_solar_direct,D:\HwaSimIR\HwaSim_IR\Bin\Config\Atmosphere\MODTRAN\raw\audit_mwir_standard_20260906\mwir_std_solar_direct\MODOUT2.txt,W/(cm^2 sr cm^-1),W/(cm^2 cm^-1),W/(m^2 sr um),W/(m^2 um),value_si=value_native*1e8/(wavelength_um^2),2105.0,4.750593824228028,0.7943,7.5e-07,3.32326875,9.44e-07,4.1828876
mwir_std_solar_direct,D:\HwaSimIR\HwaSim_IR\Bin\Config\Atmosphere\MODTRAN\raw\audit_mwir_standard_20260906\mwir_std_solar_direct\MODOUT2.txt,W/(cm^2 sr cm^-1),W/(cm^2 cm^-1),W/(m^2 sr um),W/(m^2 um),value_si=value_native*1e8/(wavelength_um^2),2106.0,4.748338081671415,0.6343,6.02e-07,2.670012072,9.49e-07,4.209038964
mwir_std_solar_direct,D:\HwaSimIR\HwaSim_IR\Bin\Config\Atmosphere\MODTRAN\raw\audit_mwir_standard_20260906\mwir_std_solar_direct\MODOUT2.txt,W/(cm^2 sr cm^-1),W/(cm^2 cm^-1),W/(m^2 sr um),W/(m^2 um),value_si=value_native*1e8/(wavelength_um^2),2107.0,4.746084480303749,0.5776,5.47e-07,2.428378603,9.47e-07,4.2041582029999995
mwir_std_solar_direct,D:\HwaSimIR\HwaSim_IR\Bin\Config\Atmosphere\MODTRAN\raw\audit_mwir_standard_20260906\mwir_std_solar_direct\MODOUT2.txt,W/(cm^2 sr cm^-1),W/(cm^2 cm^-1),W/(m^2 sr um),W/(m^2 um),value_si=value_native*1e8/(wavelength_um^2),2108.0,4.743833017077799,0.7104,6.74e-07,2.995029536,9.49e-07,4.217037136
mwir_std_solar_direct,D:\HwaSimIR\HwaSim_IR\Bin\Config\Atmosphere\MODTRAN\raw\audit_mwir_standard_20260906\mwir_std_solar_direct\MODOUT2.txt,W/(cm^2 sr cm^-1),W/(cm^2 cm^-1),W/(m^2 sr um),W/(m^2 um),value_si=value_native*1e8/(wavelength_um^2),2109.0,4.74158368895211,0.6827,6.49e-07,2.886674769,9.51e-07,4.229934831
mwir_std_solar_direct,D:\HwaSimIR\HwaSim_IR\Bin\Config\Atmosphere\MODTRAN\raw\audit_mwir_standard_20260906\mwir_std_solar_direct\MODOUT2.txt,W/(cm^2 sr cm^-1),W/(cm^2 cm^-1),W/(m^2 sr um),W/(m^2 um),value_si=value_native*1e8/(wavelength_um^2),2110.0,4.739336492890995,0.7403,7.03e-07,3.1298263,9.5e-07,4.229495
mwir_std_solar_direct,D:\HwaSimIR\HwaSim_IR\Bin\Config\Atmosphere\MODTRAN\raw\audit_mwir_standard_20260906\mwir_std_solar_direct\MODOUT2.txt,W/(cm^2 sr cm^-1),W/(cm^2 cm^-1),W/(m^2 sr um),W/(m^2 um),value_si=value_native*1e8/(wavelength_um^2),2111.0,4.737091425864519,0.9045,8.55e-07,3.810154455,9.46e-07,4.215679666000001
mwir_std_solar_direct,D:\HwaSimIR\HwaSim_IR\Bin\Config\Atmosphere\MODTRAN\raw\audit_mwir_standard_20260906\mwir_std_solar_direct\MODOUT2.txt,W/(cm^2 sr cm^-1),W/(cm^2 cm^-1),W/(m^2 sr um),W/(m^2 um),value_si=value_native*1e8/(wavelength_um^2),2112.0,4.734848484848484,0.7839,7.46e-07,3.3275658240000006,9.51e-07,4.241977344
mwir_std_solar_direct,D:\HwaSimIR\HwaSim_IR\Bin\Config\Atmosphere\MODTRAN\raw\audit_mwir_standard_20260906\mwir_std_solar_direct\MODOUT2.txt,W/(cm^2 sr cm^-1),W/(cm^2 cm^-1),W/(m^2 sr um),W/(m^2 um),value_si=value_native*1e8/(wavelength_um^2),2113.0,4.73260766682442,0.8953,8.54e-07,3.812912726,9.54e-07,4.259389626
mwir_std_solar_direct,D:\HwaSimIR\HwaSim_IR\Bin\Config\Atmosphere\MODTRAN\raw\audit_mwir_standard_20260906\mwir_std_solar_direct\MODOUT2.txt,W/(cm^2 sr cm^-1),W/(cm^2 cm^-1),W/(m^2 sr um),W/(m^2 um),value_si=value_native*1e8/(wavelength_um^2),2114.0,4.7303689687795645,0.8084,7.67e-07,3.4277199320000005,9.49e-07,4.241077204000001
mwir_std_solar_direct,D:\HwaSimIR\HwaSim_IR\Bin\Config\Atmosphere\MODTRAN\raw\audit_mwir_standard_20260906\mwir_std_solar_direct\MODOUT2.txt,W/(cm^2 sr cm^-1),W/(cm^2 cm^-1),W/(m^2 sr um),W/(m^2 um),value_si=value_native*1e8/(wavelength_um^2),2115.0,4.7281323877068555,0.5035,4.81e-07,2.1516212250000004,9.55e-07,4.2719298750000005
mwir_std_solar_direct,D:\HwaSimIR\HwaSim_IR\Bin\Config\Atmosphere\MODTRAN\raw\audit_mwir_standard_20260906\mwir_std_solar_direct\MODOUT2.txt,W/(cm^2 sr cm^-1),W/(cm^2 cm^-1),W/(m^2 sr um),W/(m^2 um),value_si=value_native*1e8/(wavelength_um^2),2116.0,4.725897920604915,0.6075,5.83e-07,2.610356848,9.6e-07,4.298357759999999
mwir_std_solar_direct,D:\HwaSimIR\HwaSim_IR\Bin\Config\Atmosphere\MODTRAN\raw\audit_mwir_standard_20260906\mwir_std_solar_direct\MODOUT2.txt,W/(cm^2 sr cm^-1),W/(cm^2 cm^-1),W/(m^2 sr um),W/(m^2 um),value_si=value_native*1e8/(wavelength_um^2),2117.0,4.7236655644780345,0.7637,7.28e-07,3.2626695920000004,9.53e-07,4.271049617
mwir_std_solar_direct,D:\HwaSimIR\HwaSim_IR\Bin\Config\Atmosphere\MODTRAN\raw\audit_mwir_standard_20260906\mwir_std_solar_direct\MODOUT2.txt,W/(cm^2 sr cm^-1),W/(cm^2 cm^-1),W/(m^2 sr um),W/(m^2 um),value_si=value_native*1e8/(wavelength_um^2),2118.0,4.721435316336166,0.6755,6.42e-07,2.8799632080000004,9.51e-07,4.266113724000001
mwir_std_solar_direct,D:\HwaSimIR\HwaSim_IR\Bin\Config\Atmosphere\MODTRAN\raw\audit_mwir_standard_20260906\mwir_std_solar_direct\MODOUT2.txt,W/(cm^2 sr cm^-1),W/(cm^2 cm^-1),W/(m^2 sr um),W/(m^2 um),value_si=value_native*1e8/(wavelength_um^2),2119.0,4.719207173194904,0.685,6.53e-07,2.9320751329999997,9.53e-07,4.279123433
mwir_std_solar_direct,D:\HwaSimIR\HwaSim_IR\Bin\Config\Atmosphere\MODTRAN\raw\audit_mwir_standard_20260906\mwir_std_solar_direct\MODOUT2.txt,W/(cm^2 sr cm^-1),W/(cm^2 cm^-1),W/(m^2 sr um),W/(m^2 um),value_si=value_native*1e8/(wavelength_um^2),2120.0,4.716981132075472,0.5493,5.22e-07,2.3460768,9.5e-07,4.269679999999999
mwir_std_solar_direct,D:\HwaSimIR\HwaSim_IR\Bin\Config\Atmosphere\MODTRAN\raw\audit_mwir_standard_20260906\mwir_std_solar_direct\MODOUT2.txt,W/(cm^2 sr cm^-1),W/(cm^2 cm^-1),W/(m^2 sr um),W/(m^2 um),value_si=value_native*1e8/(wavelength_um^2),2121.0,4.714757190004715,0.6345,6.03e-07,2.712680523,9.5e-07,4.27370895
mwir_std_solar_direct,D:\HwaSimIR\HwaSim_IR\Bin\Config\Atmosphere\MODTRAN\raw\audit_mwir_standard_20260906\mwir_std_solar_direct\MODOUT2.txt,W/(cm^2 sr cm^-1),W/(cm^2 cm^-1),W/(m^2 sr um),W/(m^2 um),value_si=value_native*1e8/(wavelength_um^2),2122.0,4.71253534401508,0.6674,6.36e-07,2.8638342239999997,9.53e-07,4.291248452
mwir_std_solar_direct,D:\HwaSimIR\HwaSim_IR\Bin\Config\Atmosphere\MODTRAN\raw\audit_mwir_standard_20260906\mwir_std_solar_direct\MODOUT2.txt,W/(cm^2 sr cm^-1),W/(cm^2 cm^-1),W/(m^2 sr um),W/(m^2 um),value_si=value_native*1e8/(wavelength_um^2),2123.0,4.710315591144607,0.664,6.35e-07,2.8620269149999995,9.56e-07,4.308815324
mwir_std_solar_direct,D:\HwaSimIR\HwaSim_IR\Bin\Config\Atmosphere\MODTRAN\raw\audit_mwir_standard_20260906\mwir_std_solar_direct\MODOUT2.txt,W/(cm^2 sr cm^-1),W/(cm^2 cm^-1),W/(m^2 sr um),W/(m^2 um),value_si=value_native*1e8/(wavelength_um^2),2124.0,4.708097928436912,0.5306,5.09e-07,2.2962903839999997,9.59e-07,4.326409583999999
mwir_std_solar_direct,D:\HwaSimIR\HwaSim_IR\Bin\Config\Atmosphere\MODTRAN\raw\audit_mwir_standard_20260906\mwir_std_solar_direct\MODOUT2.txt,W/(cm^2 sr cm^-1),W/(cm^2 cm^-1),W/(m^2 sr um),W/(m^2 um),value_si=value_native*1e8/(wavelength_um^2),2125.0,4.705882352941177,0.6016,5.79e-07,2.614546875,9.63e-07,4.348546874999999
mwir_std_solar_direct,D:\HwaSimIR\HwaSim_IR\Bin\Config\Atmosphere\MODTRAN\raw\audit_mwir_standard_20260906\mwir_std_solar_direct\MODOUT2.txt,W/(cm^2 sr cm^-1),W/(cm^2 cm^-1),W/(m^2 sr um),W/(m^2 um),value_si=value_native*1e8/(wavelength_um^2),2126.0,4.703668861712136,0.7906,7.58e-07,3.426066007999999,9.58e-07,4.330041207999999
mwir_std_solar_direct,D:\HwaSimIR\HwaSim_IR\Bin\Config\Atmosphere\MODTRAN\raw\audit_mwir_standard_20260906\mwir_std_solar_direct\MODOUT2.txt,W/(cm^2 sr cm^-1),W/(cm^2 cm^-1),W/(m^2 sr um),W/(m^2 um),value_si=value_native*1e8/(wavelength_um^2),2127.0,4.701457451810061,0.7435,7.16e-07,3.2392763639999997,9.63e-07,4.356736227
mwir_std_solar_direct,D:\HwaSimIR\HwaSim_IR\Bin\Config\Atmosphere\MODTRAN\raw\audit_mwir_standard_20260906\mwir_std_solar_direct\MODOUT2.txt,W/(cm^2 sr cm^-1),W/(cm^2 cm^-1),W/(m^2 sr um),W/(m^2 um),value_si=value_native*1e8/(wavelength_um^2),2128.0,4.6992481203007515,0.6334,6.1e-07,2.7623142400000003,9.62e-07,4.356305408000001
mwir_std_solar_direct,D:\HwaSimIR\HwaSim_IR\Bin\Config\Atmosphere\MODTRAN\raw\audit_mwir_standard_20260906\mwir_std_solar_direct\MODOUT2.txt,W/(cm^2 sr cm^-1),W/(cm^2 cm^-1),W/(m^2 sr um),W/(m^2 um),value_si=value_native*1e8/(wavelength_um^2),2129.0,4.697040864255519,0.7211,6.95e-07,3.150185495,9.65e-07,4.373998565000001
mwir_std_solar_direct,D:\HwaSimIR\HwaSim_IR\Bin\Config\Atmosphere\MODTRAN\raw\audit_mwir_standard_20260906\mwir_std_solar_direct\MODOUT2.txt,W/(cm^2 sr cm^-1),W/(cm^2 cm^-1),W/(m^2 sr um),W/(m^2 um),value_si=value_native*1e8/(wavelength_um^2),2130.0,4.694835680751174,0.7662,7.37e-07,3.3436953,9.62e-07,4.3644978
mwir_std_solar_direct,D:\HwaSimIR\HwaSim_IR\Bin\Config\Atmosphere\MODTRAN\raw\audit_mwir_standard_20260906\mwir_std_solar_direct\MODOUT2.txt,W/(cm^2 sr cm^-1),W/(cm^2 cm^-1),W/(m^2 sr um),W/(m^2 um),value_si=value_native*1e8/(wavelength_um^2),2131.0,4.692632566870014,0.8571,8.29e-07,3.7646224690000007,9.67e-07,4.3913026870000005
mwir_std_solar_direct,D:\HwaSimIR\HwaSim_IR\Bin\Config\Atmosphere\MODTRAN\raw\audit_mwir_standard_20260906\mwir_std_solar_direct\MODOUT2.txt,W/(cm^2 sr cm^-1),W/(cm^2 cm^-1),W/(m^2 sr um),W/(m^2 um),value_si=value_native*1e8/(wavelength_um^2),2132.0,4.690431519699812,0.7715,7.46e-07,3.3908863040000004,9.67e-07,4.395425008
mwir_std_solar_direct,D:\HwaSimIR\HwaSim_IR\Bin\Config\Atmosphere\MODTRAN\raw\audit_mwir_standard_20260906\mwir_std_solar_direct\MODOUT2.txt,W/(cm^2 sr cm^-1),W/(cm^2 cm^-1),W/(m^2 sr um),W/(m^2 um),value_si=value_native*1e8/(wavelength_um^2),2133.0,4.688232536333802,0.9541,9.23e-07,4.199362946999999,9.67e-07,4.399549263
mwir_std_solar_direct,D:\HwaSimIR\HwaSim_IR\Bin\Config\Atmosphere\MODTRAN\raw\audit_mwir_standard_20260906\mwir_std_solar_direct\MODOUT2.txt,W/(cm^2 sr cm^-1),W/(cm^2 cm^-1),W/(m^2 sr um),W/(m^2 um),value_si=value_native*1e8/(wavelength_um^2),2134.0,4.686035613870666,0.9622,9.29e-07,4.2306251239999995,9.65e-07,4.39456754
mwir_std_solar_direct,D:\HwaSimIR\HwaSim_IR\Bin\Config\Atmosphere\MODTRAN\raw\audit_mwir_standard_20260906\mwir_std_solar_direct\MODOUT2.txt,W/(cm^2 sr cm^-1),W/(cm^2 cm^-1),W/(m^2 sr um),W/(m^2 um),value_si=value_native*1e8/(wavelength_um^2),2135.0,4.68384074941452,0.9632,9.31e-07,4.243707475,9.67e-07,4.407803575
mwir_std_solar_direct,D:\HwaSimIR\HwaSim_IR\Bin\Config\Atmosphere\MODTRAN\raw\audit_mwir_standard_20260906\mwir_std_solar_direct\MODOUT2.txt,W/(cm^2 sr cm^-1),W/(cm^2 cm^-1),W/(m^2 sr um),W/(m^2 um),value_si=value_native*1e8/(wavelength_um^2),2136.0,4.681647940074907,0.664,6.42e-07,2.9291224319999993,9.67e-07,4.411933631999999
mwir_std_solar_direct,D:\HwaSimIR\HwaSim_IR\Bin\Config\Atmosphere\MODTRAN\raw\audit_mwir_standard_20260906\mwir_std_solar_direct\MODOUT2.txt,W/(cm^2 sr cm^-1),W/(cm^2 cm^-1),W/(m^2 sr um),W/(m^2 um),value_si=value_native*1e8/(wavelength_um^2),2137.0,4.679457182966776,0.7551,7.3e-07,3.33374137,9.66e-07,4.4114988539999995
mwir_std_solar_direct,D:\HwaSimIR\HwaSim_IR\Bin\Config\Atmosphere\MODTRAN\raw\audit_mwir_standard_20260906\mwir_std_solar_direct\MODOUT2.txt,W/(cm^2 sr cm^-1),W/(cm^2 cm^-1),W/(m^2 sr um),W/(m^2 um),value_si=value_native*1e8/(wavelength_um^2),2138.0,4.677268475210477,0.8823,8.51e-07,3.8899584440000003,9.64e-07,4.406486416000001
mwir_std_solar_direct,D:\HwaSimIR\HwaSim_IR\Bin\Config\Atmosphere\MODTRAN\raw\audit_mwir_standard_20260906\mwir_std_solar_direct\MODOUT2.txt,W/(cm^2 sr cm^-1),W/(cm^2 cm^-1),W/(m^2 sr um),W/(m^2 um),value_si=value_native*1e8/(wavelength_um^2),2139.0,4.675081813931744,0.7645,7.4e-07,3.38573754,9.69e-07,4.433486049
mwir_std_solar_direct,D:\HwaSimIR\HwaSim_IR\Bin\Config\Atmosphere\MODTRAN\raw\audit_mwir_standard_20260906\mwir_std_solar_direct\MODOUT2.txt,W/(cm^2 sr cm^-1),W/(cm^2 cm^-1),W/(m^2 sr um),W/(m^2 um),value_si=value_native*1e8/(wavelength_um^2),2140.0,4.672897196261682,0.9465,9.17e-07,4.1994932,9.69e-07,4.4376324
mwir_std_solar_direct,D:\HwaSimIR\HwaSim_IR\Bin\Config\Atmosphere\MODTRAN\raw\audit_mwir_standard_20260906\mwir_std_solar_direct\MODOUT2.txt,W/(cm^2 sr cm^-1),W/(cm^2 cm^-1),W/(m^2 sr um),W/(m^2 um),value_si=value_native*1e8/(wavelength_um^2),2141.0,4.670714619336758,0.9728,9.39e-07,4.304264259000001,9.65e-07,4.423445165000001
mwir_std_solar_direct,D:\HwaSimIR\HwaSim_IR\Bin\Config\Atmosphere\MODTRAN\raw\audit_mwir_standard_20260906\mwir_std_solar_direct\MODOUT2.txt,W/(cm^2 sr cm^-1),W/(cm^2 cm^-1),W/(m^2 sr um),W/(m^2 um),value_si=value_native*1e8/(wavelength_um^2),2142.0,4.6685340802987865,0.9679,9.37e-07,4.299109668,9.68e-07,4.441342752
mwir_std_solar_direct,D:\HwaSimIR\HwaSim_IR\Bin\Config\Atmosphere\MODTRAN\raw\audit_mwir_standard_20260906\mwir_std_solar_direct\MODOUT2.txt,W/(cm^2 sr cm^-1),W/(cm^2 cm^-1),W/(m^2 sr um),W/(m^2 um),value_si=value_native*1e8/(wavelength_um^2),2143.0,4.666355576294913,0.9768,9.52e-07,4.372011448,9.74e-07,4.473045326
mwir_std_solar_direct,D:\HwaSimIR\HwaSim_IR\Bin\Config\Atmosphere\MODTRAN\raw\audit_mwir_standard_20260906\mwir_std_solar_direct\MODOUT2.txt,W/(cm^2 sr cm^-1),W/(cm^2 cm^-1),W/(m^2 sr um),W/(m^2 um),value_si=value_native*1e8/(wavelength_um^2),2144.0,4.664179104477612,0.9696,9.37e-07,4.3071416319999996,9.67e-07,4.4450437119999995
mwir_std_solar_direct,D:\HwaSimIR\HwaSim_IR\Bin\Config\Atmosphere\MODTRAN\raw\audit_mwir_standard_20260906\mwir_std_solar_direct\MODOUT2.txt,W/(cm^2 sr cm^-1),W/(cm^2 cm^-1),W/(m^2 sr um),W/(m^2 um),value_si=value_native*1e8/(wavelength_um^2),2145.0,4.662004662004662,0.8283,8.01e-07,3.685421025,9.67e-07,4.449191174999999
mwir_std_solar_direct,D:\HwaSimIR\HwaSim_IR\Bin\Config\Atmosphere\MODTRAN\raw\audit_mwir_standard_20260906\mwir_std_solar_direct\MODOUT2.txt,W/(cm^2 sr cm^-1),W/(cm^2 cm^-1),W/(m^2 sr um),W/(m^2 um),value_si=value_native*1e8/(wavelength_um^2),2146.0,4.659832246039143,0.9499,9.21e-07,4.241496035999999,9.7e-07,4.46715652
mwir_std_solar_direct,D:\HwaSimIR\HwaSim_IR\Bin\Config\Atmosphere\MODTRAN\raw\audit_mwir_standard_20260906\mwir_std_solar_direct\MODOUT2.txt,W/(cm^2 sr cm^-1),W/(cm^2 cm^-1),W/(m^2 sr um),W/(m^2 um),value_si=value_native*1e8/(wavelength_um^2),2147.0,4.657661853749418,0.7968,7.64e-07,3.521741276,9.58e-07,4.416005422
mwir_std_solar_direct,D:\HwaSimIR\HwaSim_IR\Bin\Config\Atmosphere\MODTRAN\raw\audit_mwir_standard_20260906\mwir_std_solar_direct\MODOUT2.txt,W/(cm^2 sr cm^-1),W/(cm^2 cm^-1),W/(m^2 sr um),W/(m^2 um),value_si=value_native*1e8/(wavelength_um^2),2148.0,4.655493482309125,0.9408,8.97e-07,4.138671887999999,9.53e-07,4.397050511999999
mwir_std_solar_direct,D:\HwaSimIR\HwaSim_IR\Bin\Config\Atmosphere\MODTRAN\raw\audit_mwir_standard_20260906\mwir_std_solar_direct\MODOUT2.txt,W/(cm^2 sr cm^-1),W/(cm^2 cm^-1),W/(m^2 sr um),W/(m^2 um),value_si=value_native*1e8/(wavelength_um^2),2149.0,4.653327128897161,0.9639,9.19e-07,4.2441267190000005,9.54e-07,4.4057637540000005
mwir_std_solar_direct,D:\HwaSimIR\HwaSim_IR\Bin\Config\Atmosphere\MODTRAN\raw\audit_mwir_standard_20260906\mwir_std_solar_direct\MODOUT2.txt,W/(cm^2 sr cm^-1),W/(cm^2 cm^-1),W/(m^2 sr um),W/(m^2 um),value_si=value_native*1e8/(wavelength_um^2),2150.0,4.651162790697675,0.9608,9.18e-07,4.243455,9.55e-07,4.4144875
mwir_std_solar_direct,D:\HwaSimIR\HwaSim_IR\Bin\Config\Atmosphere\MODTRAN\raw\audit_mwir_standard_20260906\mwir_std_solar_direct\MODOUT2.txt,W/(cm^2 sr cm^-1),W/(cm^2 cm^-1),W/(m^2 sr um),W/(m^2 um),value_si=value_native*1e8/(wavelength_um^2),2151.0,4.6490004649000465,0.7919,7.59e-07,3.5117419589999996,9.58e-07,4.432475358
mwir_std_solar_direct,D:\HwaSimIR\HwaSim_IR\Bin\Config\Atmosphere\MODTRAN\raw\audit_mwir_standard_20260906\mwir_std_solar_direct\MODOUT2.txt,W/(cm^2 sr cm^-1),W/(cm^2 cm^-1),W/(m^2 sr um),W/(m^2 um),value_si=value_native*1e8/(wavelength_um^2),2152.0,4.646840148698884,0.9511,9.23e-07,4.274508992,9.71e-07,4.496801984000001
mwir_std_solar_direct,D:\HwaSimIR\HwaSim_IR\Bin\Config\Atmosphere\MODTRAN\raw\audit_mwir_standard_20260906\mwir_std_solar_direct\MODOUT2.txt,W/(cm^2 sr cm^-1),W/(cm^2 cm^-1),W/(m^2 sr um),W/(m^2 um),value_si=value_native*1e8/(wavelength_um^2),2153.0,4.644681839294009,0.8587,8.35e-07,3.8705665149999993,9.73e-07,4.510252957
mwir_std_solar_direct,D:\HwaSimIR\HwaSim_IR\Bin\Config\Atmosphere\MODTRAN\raw\audit_mwir_standard_20260906\mwir_std_solar_direct\MODOUT2.txt,W/(cm^2 sr cm^-1),W/(cm^2 cm^-1),W/(m^2 sr um),W/(m^2 um),value_si=value_native*1e8/(wavelength_um^2),2154.0,4.642525533890437,0.9398,9.2e-07,4.26853872,9.79e-07,4.542281963999999
mwir_std_solar_direct,D:\HwaSimIR\HwaSim_IR\Bin\Config\Atmosphere\MODTRAN\raw\audit_mwir_standard_20260906\mwir_std_solar_direct\MODOUT2.txt,W/(cm^2 sr cm^-1),W/(cm^2 cm^-1),W/(m^2 sr um),W/(m^2 um),value_si=value_native*1e8/(wavelength_um^2),2155.0,4.640371229698376,0.8042,7.89e-07,3.664135725,9.81e-07,4.555788525
mwir_std_solar_direct,D:\HwaSimIR\HwaSim_IR\Bin\Config\Atmosphere\MODTRAN\raw\audit_mwir_standard_20260906\mwir_std_solar_direct\MODOUT2.txt,W/(cm^2 sr cm^-1),W/(cm^2 cm^-1),W/(m^2 sr um),W/(m^2 um),value_si=value_native*1e8/(wavelength_um^2),2156.0,4.638218923933209,0.9489,9.3e-07,4.3229524800000005,9.8e-07,4.555369280000001
mwir_std_solar_direct,D:\HwaSimIR\HwaSim_IR\Bin\Config\Atmosphere\MODTRAN\raw\audit_mwir_standard_20260906\mwir_std_solar_direct\MODOUT2.txt,W/(cm^2 sr cm^-1),W/(cm^2 cm^-1),W/(m^2 sr um),W/(m^2 um),value_si=value_native*1e8/(wavelength_um^2),2157.0,4.6360686138154845,0.9023,8.87e-07,4.126899663,9.83e-07,4.573553967
mwir_std_solar_direct,D:\HwaSimIR\HwaSim_IR\Bin\Config\Atmosphere\MODTRAN\raw\audit_mwir_standard_20260906\mwir_std_solar_direct\MODOUT2.txt,W/(cm^2 sr cm^-1),W/(cm^2 cm^-1),W/(m^2 sr um),W/(m^2 um),value_si=value_native*1e8/(wavelength_um^2),2158.0,4.633920296570899,0.7468,7.36e-07,3.427525504,9.85e-07,4.58710954
mwir_std_solar_direct,D:\HwaSimIR\HwaSim_IR\Bin\Config\Atmosphere\MODTRAN\raw\audit_mwir_standard_20260906\mwir_std_solar_direct\MODOUT2.txt,W/(cm^2 sr cm^-1),W/(cm^2 cm^-1),W/(m^2 sr um),W/(m^2 um),value_si=value_native*1e8/(wavelength_um^2),2159.0,4.6317739694302915,0.9252,9.13e-07,4.255749553,9.87e-07,4.6006843470000005
mwir_std_solar_direct,D:\HwaSimIR\HwaSim_IR\Bin\Config\Atmosphere\MODTRAN\raw\audit_mwir_standard_20260906\mwir_std_solar_direct\MODOUT2.txt,W/(cm^2 sr cm^-1),W/(cm^2 cm^-1),W/(m^2 sr um),W/(m^2 um),value_si=value_native*1e8/(wavelength_um^2),2160.0,4.62962962962963,0.9382,9.23e-07,4.306348799999999,9.84e-07,4.5909504
mwir_std_solar_direct,D:\HwaSimIR\HwaSim_IR\Bin\Config\Atmosphere\MODTRAN\raw\audit_mwir_standard_20260906\mwir_std_solar_direct\MODOUT2.txt,W/(cm^2 sr cm^-1),W/(cm^2 cm^-1),W/(m^2 sr um),W/(m^2 um),value_si=value_native*1e8/(wavelength_um^2),2161.0,4.6274872744099955,0.9198,9.09e-07,4.244958189,9.88e-07,4.613881947999999
mwir_std_solar_direct,D:\HwaSimIR\HwaSim_IR\Bin\Config\Atmosphere\MODTRAN\raw\audit_mwir_standard_20260906\mwir_std_solar_direct\MODOUT2.txt,W/(cm^2 sr cm^-1),W/(cm^2 cm^-1),W/(m^2 sr um),W/(m^2 um),value_si=value_native*1e8/(wavelength_um^2),2162.0,4.6253469010175765,0.6157,6.05e-07,2.8279176199999996,9.82e-07,4.590107607999999
mwir_std_solar_direct,D:\HwaSimIR\HwaSim_IR\Bin\Config\Atmosphere\MODTRAN\raw\audit_mwir_standard_20260906\mwir_std_solar_direct\MODOUT2.txt,W/(cm^2 sr cm^-1),W/(cm^2 cm^-1),W/(m^2 sr um),W/(m^2 um),value_si=value_native*1e8/(wavelength_um^2),2163.0,4.623208506703652,0.8463,8.35e-07,3.9066051149999996,9.86e-07,4.613069034
mwir_std_solar_direct,D:\HwaSimIR\HwaSim_IR\Bin\Config\Atmosphere\MODTRAN\raw\audit_mwir_standard_20260906\mwir_std_solar_direct\MODOUT2.txt,W/(cm^2 sr cm^-1),W/(cm^2 cm^-1),W/(m^2 sr um),W/(m^2 um),value_si=value_native*1e8/(wavelength_um^2),2164.0,4.621072088724584,0.9221,9.07e-07,4.247386671999999,9.83e-07,4.603286768
mwir_std_solar_direct,D:\HwaSimIR\HwaSim_IR\Bin\Config\Atmosphere\MODTRAN\raw\audit_mwir_standard_20260906\mwir_std_solar_direct\MODOUT2.txt,W/(cm^2 sr cm^-1),W/(cm^2 cm^-1),W/(m^2 sr um),W/(m^2 um),value_si=value_native*1e8/(wavelength_um^2),2165.0,4.618937644341801,0.8935,8.79e-07,4.120070775,9.84e-07,4.6122294
mwir_std_solar_direct,D:\HwaSimIR\HwaSim_IR\Bin\Config\Atmosphere\MODTRAN\raw\audit_mwir_standard_20260906\mwir_std_solar_direct\MODOUT2.txt,W/(cm^2 sr cm^-1),W/(cm^2 cm^-1),W/(m^2 sr um),W/(m^2 um),value_si=value_native*1e8/(wavelength_um^2),2166.0,4.616805170821792,0.7397,7.29e-07,3.420144324,9.85e-07,4.62118266
mwir_std_solar_direct,D:\HwaSimIR\HwaSim_IR\Bin\Config\Atmosphere\MODTRAN\raw\audit_mwir_standard_20260906\mwir_std_solar_direct\MODOUT2.txt,W/(cm^2 sr cm^-1),W/(cm^2 cm^-1),W/(m^2 sr um),W/(m^2 um),value_si=value_native*1e8/(wavelength_um^2),2167.0,4.614674665436087,0.9118,9.02e-07,4.235691878000001,9.89e-07,4.6442342210000005
mwir_std_solar_direct,D:\HwaSimIR\HwaSim_IR\Bin\Config\Atmosphere\MODTRAN\raw\audit_mwir_standard_20260906\mwir_std_solar_direct\MODOUT2.txt,W/(cm^2 sr cm^-1),W/(cm^2 cm^-1),W/(m^2 sr um),W/(m^2 um),value_si=value_native*1e8/(wavelength_um^2),2168.0,4.612546125461255,0.9054,8.88e-07,4.173798912,9.81e-07,4.610919743999999
mwir_std_solar_direct,D:\HwaSimIR\HwaSim_IR\Bin\Config\Atmosphere\MODTRAN\raw\audit_mwir_standard_20260906\mwir_std_solar_direct\MODOUT2.txt,W/(cm^2 sr cm^-1),W/(cm^2 cm^-1),W/(m^2 sr um),W/(m^2 um),value_si=value_native*1e8/(wavelength_um^2),2169.0,4.610419548178884,0.6905,6.84e-07,3.217919724000001,9.9e-07,4.657515390000001
mwir_std_solar_direct,D:\HwaSimIR\HwaSim_IR\Bin\Config\Atmosphere\MODTRAN\raw\audit_mwir_standard_20260906\mwir_std_solar_direct\MODOUT2.txt,W/(cm^2 sr cm^-1),W/(cm^2 cm^-1),W/(m^2 sr um),W/(m^2 um),value_si=value_native*1e8/(wavelength_um^2),2170.0,4.608294930875576,0.876,8.69e-07,4.0920341,9.92e-07,4.671228800000001
mwir_std_solar_direct,D:\HwaSimIR\HwaSim_IR\Bin\Config\Atmosphere\MODTRAN\raw\audit_mwir_standard_20260906\mwir_std_solar_direct\MODOUT2.txt,W/(cm^2 sr cm^-1),W/(cm^2 cm^-1),W/(m^2 sr um),W/(m^2 um),value_si=value_native*1e8/(wavelength_um^2),2171.0,4.606172270842929,0.8103,8e-07,3.7705928,9.87e-07,4.651968867
mwir_std_solar_direct,D:\HwaSimIR\HwaSim_IR\Bin\Config\Atmosphere\MODTRAN\raw\audit_mwir_standard_20260906\mwir_std_solar_direct\MODOUT2.txt,W/(cm^2 sr cm^-1),W/(cm^2 cm^-1),W/(m^2 sr um),W/(m^2 um),value_si=value_native*1e8/(wavelength_um^2),2172.0,4.6040515653775325,0.841,8.3e-07,3.9155947199999996,9.87e-07,4.656255408
mwir_std_solar_direct,D:\HwaSimIR\HwaSim_IR\Bin\Config\Atmosphere\MODTRAN\raw\audit_mwir_standard_20260906\mwir_std_solar_direct\MODOUT2.txt,W/(cm^2 sr cm^-1),W/(cm^2 cm^-1),W/(m^2 sr um),W/(m^2 um),value_si=value_native*1e8/(wavelength_um^2),2173.0,4.601932811780948,0.6606,6.56e-07,3.0975854240000005,9.93e-07,4.688875497000001
mwir_std_solar_direct,D:\HwaSimIR\HwaSim_IR\Bin\Config\Atmosphere\MODTRAN\raw\audit_mwir_standard_20260906\mwir_std_solar_direct\MODOUT2.txt,W/(cm^2 sr cm^-1),W/(cm^2 cm^-1),W/(m^2 sr um),W/(m^2 um),value_si=value_native*1e8/(wavelength_um^2),2174.0,4.599816007359705,0.8809,8.67e-07,4.097681292000001,9.84e-07,4.650655584000001
mwir_std_solar_direct,D:\HwaSimIR\HwaSim_IR\Bin\Config\Atmosphere\MODTRAN\raw\audit_mwir_standard_20260906\mwir_std_solar_direct\MODOUT2.txt,W/(cm^2 sr cm^-1),W/(cm^2 cm^-1),W/(m^2 sr um),W/(m^2 um),value_si=value_native*1e8/(wavelength_um^2),2175.0,4.597701149425287,0.8241,8.1e-07,3.8318062500000005,9.83e-07,4.650204375
mwir_std_solar_direct,D:\HwaSimIR\HwaSim_IR\Bin\Config\Atmosphere\MODTRAN\raw\audit_mwir_standard_20260906\mwir_std_solar_direct\MODOUT2.txt,W/(cm^2 sr cm^-1),W/(cm^2 cm^-1),W/(m^2 sr um),W/(m^2 um),value_si=value_native*1e8/(wavelength_um^2),2176.0,4.595588235294118,0.6449,6.39e-07,3.0256496640000003,9.91e-07,4.692361216
mwir_std_solar_direct,D:\HwaSimIR\HwaSim_IR\Bin\Config\Atmosphere\MODTRAN\raw\audit_mwir_standard_20260906\mwir_std_solar_direct\MODOUT2.txt,W/(cm^2 sr cm^-1),W/(cm^2 cm^-1),W/(m^2 sr um),W/(m^2 um),value_si=value_native*1e8/(wavelength_um^2),2177.0,4.593477262287552,0.7842,7.73e-07,3.6635013170000006,9.85e-07,4.668239065000001
mwir_std_solar_direct,D:\HwaSimIR\HwaSim_IR\Bin\Config\Atmosphere\MODTRAN\raw\audit_mwir_standard_20260906\mwir_std_solar_direct\MODOUT2.txt,W/(cm^2 sr cm^-1),W/(cm^2 cm^-1),W/(m^2 sr um),W/(m^2 um),value_si=value_native*1e8/(wavelength_um^2),2178.0,4.591368227731864,0.7954,7.8e-07,3.7000735200000006,9.8e-07,4.648810320000001
mwir_std_solar_direct,D:\HwaSimIR\HwaSim_IR\Bin\Config\Atmosphere\MODTRAN\raw\audit_mwir_standard_20260906\mwir_std_solar_direct\MODOUT2.txt,W/(cm^2 sr cm^-1),W/(cm^2 cm^-1),W/(m^2 sr um),W/(m^2 um),value_si=value_native*1e8/(wavelength_um^2),2179.0,4.5892611289582375,0.7759,7.62e-07,3.618007242000001,9.82e-07,4.662576262000001
mwir_std_solar_direct,D:\HwaSimIR\HwaSim_IR\Bin\Config\Atmosphere\MODTRAN\raw\audit_mwir_standard_20260906\mwir_std_solar_direct\MODOUT2.txt,W/(cm^2 sr cm^-1),W/(cm^2 cm^-1),W/(m^2 sr um),W/(m^2 um),value_si=value_native*1e8/(wavelength_um^2),2180.0,4.587155963302752,0.6139,6.04e-07,2.8704496,9.84e-07,4.676361600000001
mwir_std_solar_direct,D:\HwaSimIR\HwaSim_IR\Bin\Config\Atmosphere\MODTRAN\raw\audit_mwir_standard_20260906\mwir_std_solar_direct\MODOUT2.txt,W/(cm^2 sr cm^-1),W/(cm^2 cm^-1),W/(m^2 sr um),W/(m^2 um),value_si=value_native*1e8/(wavelength_um^2),2181.0,4.5850527281063735,0.7469,7.34e-07,3.491462573999999,9.82e-07,4.671139301999999
mwir_std_solar_direct,D:\HwaSimIR\HwaSim_IR\Bin\Config\Atmosphere\MODTRAN\raw\audit_mwir_standard_20260906\mwir_std_solar_direct\MODOUT2.txt,W/(cm^2 sr cm^-1),W/(cm^2 cm^-1),W/(m^2 sr um),W/(m^2 um),value_si=value_native*1e8/(wavelength_um^2),2182.0,4.582951420714941,0.7124,7.06e-07,3.361353543999999,9.91e-07,4.718273883999999
mwir_std_solar_direct,D:\HwaSimIR\HwaSim_IR\Bin\Config\Atmosphere\MODTRAN\raw\audit_mwir_standard_20260906\mwir_std_solar_direct\MODOUT2.txt,W/(cm^2 sr cm^-1),W/(cm^2 cm^-1),W/(m^2 sr um),W/(m^2 um),value_si=value_native*1e8/(wavelength_um^2),2183.0,4.580852038479157,0.5378,5.37e-07,2.5590675930000004,9.98e-07,4.755958022000001
mwir_std_solar_direct,D:\HwaSimIR\HwaSim_IR\Bin\Config\Atmosphere\MODTRAN\raw\audit_mwir_standard_20260906\mwir_std_solar_direct\MODOUT2.txt,W/(cm^2 sr cm^-1),W/(cm^2 cm^-1),W/(m^2 sr um),W/(m^2 um),value_si=value_native*1e8/(wavelength_um^2),2184.0,4.5787545787545785,0.6433,6.47e-07,3.0860968320000004,1.01e-06,4.8175545600000005
mwir_std_solar_direct,D:\HwaSimIR\HwaSim_IR\Bin\Config\Atmosphere\MODTRAN\raw\audit_mwir_standard_20260906\mwir_std_solar_direct\MODOUT2.txt,W/(cm^2 sr cm^-1),W/(cm^2 cm^-1),W/(m^2 sr um),W/(m^2 um),value_si=value_native*1e8/(wavelength_um^2),2185.0,4.576659038901602,0.5943,5.99e-07,2.8597607749999994,1.01e-06,4.821967249999999
mwir_std_solar_direct,D:\HwaSimIR\HwaSim_IR\Bin\Config\Atmosphere\MODTRAN\raw\audit_mwir_standard_20260906\mwir_std_solar_direct\MODOUT2.txt,W/(cm^2 sr cm^-1),W/(cm^2 cm^-1),W/(m^2 sr um),W/(m^2 um),value_si=value_native*1e8/(wavelength_um^2),2186.0,4.574565416285453,0.563,5.66e-07,2.7046853359999994,1.01e-06,4.82638196
mwir_std_solar_direct,D:\HwaSimIR\HwaSim_IR\Bin\Config\Atmosphere\MODTRAN\raw\audit_mwir_standard_20260906\mwir_std_solar_direct\MODOUT2.txt,W/(cm^2 sr cm^-1),W/(cm^2 cm^-1),W/(m^2 sr um),W/(m^2 um),value_si=value_native*1e8/(wavelength_um^2),2187.0,4.572473708276178,0.4391,4.41e-07,2.109289329,1e-06,4.782969
mwir_std_solar_direct,D:\HwaSimIR\HwaSim_IR\Bin\Config\Atmosphere\MODTRAN\raw\audit_mwir_standard_20260906\mwir_std_solar_direct\MODOUT2.txt,W/(cm^2 sr cm^-1),W/(cm^2 cm^-1),W/(m^2 sr um),W/(m^2 um),value_si=value_native*1e8/(wavelength_um^2),2188.0,4.570383912248629,0.5301,5.32e-07,2.5468670079999995,1e-06,4.787343999999999
mwir_std_solar_direct,D:\HwaSimIR\HwaSim_IR\Bin\Config\Atmosphere\MODTRAN\raw\audit_mwir_standard_20260906\mwir_std_solar_direct\MODOUT2.txt,W/(cm^2 sr cm^-1),W/(cm^2 cm^-1),W/(m^2 sr um),W/(m^2 um),value_si=value_native*1e8/(wavelength_um^2),2189.0,4.568296025582458,0.5267,5.29e-07,2.534820409,1e-06,4.791720999999999
mwir_std_solar_direct,D:\HwaSimIR\HwaSim_IR\Bin\Config\Atmosphere\MODTRAN\raw\audit_mwir_standard_20260906\mwir_std_solar_direct\MODOUT2.txt,W/(cm^2 sr cm^-1),W/(cm^2 cm^-1),W/(m^2 sr um),W/(m^2 um),value_si=value_native*1e8/(wavelength_um^2),2190.0,4.566210045662101,0.4642,4.65e-07,2.2301865,1e-06,4.7961
mwir_std_solar_direct,D:\HwaSimIR\HwaSim_IR\Bin\Config\Atmosphere\MODTRAN\raw\audit_mwir_standard_20260906\mwir_std_solar_direct\MODOUT2.txt,W/(cm^2 sr cm^-1),W/(cm^2 cm^-1),W/(m^2 sr um),W/(m^2 um),value_si=value_native*1e8/(wavelength_um^2),2191.0,4.564125969876769,0.5854,5.89e-07,2.8274833089999993,1.01e-06,4.848485809999999
mwir_std_solar_direct,D:\HwaSimIR\HwaSim_IR\Bin\Config\Atmosphere\MODTRAN\raw\audit_mwir_standard_20260906\mwir_std_solar_direct\MODOUT2.txt,W/(cm^2 sr cm^-1),W/(cm^2 cm^-1),W/(m^2 sr um),W/(m^2 um),value_si=value_native*1e8/(wavelength_um^2),2192.0,4.562043795620438,0.5857,5.91e-07,2.839674624,1.01e-06,4.85291264
mwir_std_solar_direct,D:\HwaSimIR\HwaSim_IR\Bin\Config\Atmosphere\MODTRAN\raw\audit_mwir_standard_20260906\mwir_std_solar_direct\MODOUT2.txt,W/(cm^2 sr cm^-1),W/(cm^2 cm^-1),W/(m^2 sr um),W/(m^2 um),value_si=value_native*1e8/(wavelength_um^2),2193.0,4.559963520291838,0.5256,5.34e-07,2.568138966,1.02e-06,4.90543398
mwir_std_solar_direct,D:\HwaSimIR\HwaSim_IR\Bin\Config\Atmosphere\MODTRAN\raw\audit_mwir_standard_20260906\mwir_std_solar_direct\MODOUT2.txt,W/(cm^2 sr cm^-1),W/(cm^2 cm^-1),W/(m^2 sr um),W/(m^2 um),value_si=value_native*1e8/(wavelength_um^2),2194.0,4.557885141294439,0.4594,4.66e-07,2.2431543760000006,1.02e-06,4.909908720000001
mwir_std_solar_direct,D:\HwaSimIR\HwaSim_IR\Bin\Config\Atmosphere\MODTRAN\raw\audit_mwir_standard_20260906\mwir_std_solar_direct\MODOUT2.txt,W/(cm^2 sr cm^-1),W/(cm^2 cm^-1),W/(m^2 sr um),W/(m^2 um),value_si=value_native*1e8/(wavelength_um^2),2195.0,4.555808656036446,0.4358,4.41e-07,2.1247490250000003,1.01e-06,4.86620525
mwir_std_solar_direct,D:\HwaSimIR\HwaSim_IR\Bin\Config\Atmosphere\MODTRAN\raw\audit_mwir_standard_20260906\mwir_std_solar_direct\MODOUT2.txt,W/(cm^2 sr cm^-1),W/(cm^2 cm^-1),W/(m^2 sr um),W/(m^2 um),value_si=value_native*1e8/(wavelength_um^2),2196.0,4.553734061930784,0.4048,4.1e-07,1.9771905599999995,1.01e-06,4.870640159999999
mwir_std_solar_direct,D:\HwaSimIR\HwaSim_IR\Bin\Config\Atmosphere\MODTRAN\raw\audit_mwir_standard_20260906\mwir_std_solar_direct\MODOUT2.txt,W/(cm^2 sr cm^-1),W/(cm^2 cm^-1),W/(m^2 sr um),W/(m^2 um),value_si=value_native*1e8/(wavelength_um^2),2197.0,4.551661356395084,0.338,3.42e-07,1.6507686780000002,1.01e-06,4.87507709
mwir_std_solar_direct,D:\HwaSimIR\HwaSim_IR\Bin\Config\Atmosphere\MODTRAN\raw\audit_mwir_standard_20260906\mwir_std_solar_direct\MODOUT2.txt,W/(cm^2 sr cm^-1),W/(cm^2 cm^-1),W/(m^2 sr um),W/(m^2 um),value_si=value_native*1e8/(wavelength_um^2),2198.0,4.549590536851683,0.3771,3.79e-07,1.8310263159999998,1e-06,4.831204
mwir_std_solar_direct,D:\HwaSimIR\HwaSim_IR\Bin\Config\Atmosphere\MODTRAN\raw\audit_mwir_standard_20260906\mwir_std_solar_direct\MODOUT2.txt,W/(cm^2 sr cm^-1),W/(cm^2 cm^-1),W/(m^2 sr um),W/(m^2 um),value_si=value_native*1e8/(wavelength_um^2),2199.0,4.547521600727603,0.3666,3.69e-07,1.784336769,1.01e-06,4.8839570100000005
mwir_std_solar_direct,D:\HwaSimIR\HwaSim_IR\Bin\Config\Atmosphere\MODTRAN\raw\audit_mwir_standard_20260906\mwir_std_solar_direct\MODOUT2.txt,W/(cm^2 sr cm^-1),W/(cm^2 cm^-1),W/(m^2 sr um),W/(m^2 um),value_si=value_native*1e8/(wavelength_um^2),2200.0,4.545454545454546,0.3244,3.29e-07,1.5923599999999996,1.01e-06,4.888399999999999
mwir_std_solar_direct,D:\HwaSimIR\HwaSim_IR\Bin\Config\Atmosphere\MODTRAN\raw\audit_mwir_standard_20260906\mwir_std_solar_direct\MODOUT2.txt,W/(cm^2 sr cm^-1),W/(cm^2 cm^-1),W/(m^2 sr um),W/(m^2 um),value_si=value_native*1e8/(wavelength_um^2),2201.0,4.543389368468878,0.4001,4.04e-07,1.9571380039999997,1.01e-06,4.892845009999999
mwir_std_solar_direct,D:\HwaSimIR\HwaSim_IR\Bin\Config\Atmosphere\MODTRAN\raw\audit_mwir_standard_20260906\mwir_std_solar_direct\MODOUT2.txt,W/(cm^2 sr cm^-1),W/(cm^2 cm^-1),W/(m^2 sr um),W/(m^2 um),value_si=value_native*1e8/(wavelength_um^2),2202.0,4.541326067211626,0.3851,3.89e-07,1.8861847559999996,1.01e-06,4.897292039999999
mwir_std_solar_direct,D:\HwaSimIR\HwaSim_IR\Bin\Config\Atmosphere\MODTRAN\raw\audit_mwir_standard_20260906\mwir_std_solar_direct\MODOUT2.txt,W/(cm^2 sr cm^-1),W/(cm^2 cm^-1),W/(m^2 sr um),W/(m^2 um),value_si=value_native*1e8/(wavelength_um^2),2203.0,4.5392646391284615,0.3093,3.15e-07,1.5287608349999997,1.02e-06,4.950273179999999
mwir_std_solar_direct,D:\HwaSimIR\HwaSim_IR\Bin\Config\Atmosphere\MODTRAN\raw\audit_mwir_standard_20260906\mwir_std_solar_direct\MODOUT2.txt,W/(cm^2 sr cm^-1),W/(cm^2 cm^-1),W/(m^2 sr um),W/(m^2 um),value_si=value_native*1e8/(wavelength_um^2),2204.0,4.537205081669692,0.2873,2.9e-07,1.4087086399999997,1.01e-06,4.90619216
mwir_std_solar_direct,D:\HwaSimIR\HwaSim_IR\Bin\Config\Atmosphere\MODTRAN\raw\audit_mwir_standard_20260906\mwir_std_solar_direct\MODOUT2.txt,W/(cm^2 sr cm^-1),W/(cm^2 cm^-1),W/(m^2 sr um),W/(m^2 um),value_si=value_native*1e8/(wavelength_um^2),2205.0,4.535147392290249,0.2737,2.76e-07,1.3419188999999998,1.01e-06,4.91064525
mwir_std_solar_direct,D:\HwaSimIR\HwaSim_IR\Bin\Config\Atmosphere\MODTRAN\raw\audit_mwir_standard_20260906\mwir_std_solar_direct\MODOUT2.txt,W/(cm^2 sr cm^-1),W/(cm^2 cm^-1),W/(m^2 sr um),W/(m^2 um),value_si=value_native*1e8/(wavelength_um^2),2206.0,4.533091568449683,0.2718,2.76e-07,1.343136336,1.02e-06,4.96376472
mwir_std_solar_direct,D:\HwaSimIR\HwaSim_IR\Bin\Config\Atmosphere\MODTRAN\raw\audit_mwir_standard_20260906\mwir_std_solar_direct\MODOUT2.txt,W/(cm^2 sr cm^-1),W/(cm^2 cm^-1),W/(m^2 sr um),W/(m^2 um),value_si=value_native*1e8/(wavelength_um^2),2207.0,4.531037607612143,0.282,2.84e-07,1.3833211159999999,1.01e-06,4.91955749
mwir_std_solar_direct,D:\HwaSimIR\HwaSim_IR\Bin\Config\Atmosphere\MODTRAN\raw\audit_mwir_standard_20260906\mwir_std_solar_direct\MODOUT2.txt,W/(cm^2 sr cm^-1),W/(cm^2 cm^-1),W/(m^2 sr um),W/(m^2 um),value_si=value_native*1e8/(wavelength_um^2),2208.0,4.528985507246377,0.2807,2.81e-07,1.3699491839999998,1e-06,4.875264
mwir_std_solar_direct,D:\HwaSimIR\HwaSim_IR\Bin\Config\Atmosphere\MODTRAN\raw\audit_mwir_standard_20260906\mwir_std_solar_direct\MODOUT2.txt,W/(cm^2 sr cm^-1),W/(cm^2 cm^-1),W/(m^2 sr um),W/(m^2 um),value_si=value_native*1e8/(wavelength_um^2),2209.0,4.526935264825713,0.2534,2.55e-07,1.2443186549999998,1.01e-06,4.9284778099999995
mwir_std_solar_direct,D:\HwaSimIR\HwaSim_IR\Bin\Config\Atmosphere\MODTRAN\raw\audit_mwir_standard_20260906\mwir_std_solar_direct\MODOUT2.txt,W/(cm^2 sr cm^-1),W/(cm^2 cm^-1),W/(m^2 sr um),W/(m^2 um),value_si=value_native*1e8/(wavelength_um^2),2210.0,4.524886877828054,0.2611,2.64e-07,1.2894024,1.01e-06,4.9329410000000005
mwir_std_solar_direct,D:\HwaSimIR\HwaSim_IR\Bin\Config\Atmosphere\MODTRAN\raw\audit_mwir_standard_20260906\mwir_std_solar_direct\MODOUT2.txt,W/(cm^2 sr cm^-1),W/(cm^2 cm^-1),W/(m^2 sr um),W/(m^2 um),value_si=value_native*1e8/(wavelength_um^2),2211.0,4.522840343735866,0.2345,2.37e-07,1.1585794770000002,1.01e-06,4.937406210000001
mwir_std_solar_direct,D:\HwaSimIR\HwaSim_IR\Bin\Config\Atmosphere\MODTRAN\raw\audit_mwir_standard_20260906\mwir_std_solar_direct\MODOUT2.txt,W/(cm^2 sr cm^-1),W/(cm^2 cm^-1),W/(m^2 sr um),W/(m^2 um),value_si=value_native*1e8/(wavelength_um^2),2212.0,4.520795660036167,0.2428,2.48e-07,1.2134501119999999,1.02e-06,4.990802879999999
mwir_std_solar_direct,D:\HwaSimIR\HwaSim_IR\Bin\Config\Atmosphere\MODTRAN\raw\audit_mwir_standard_20260906\mwir_std_solar_direct\MODOUT2.txt,W/(cm^2 sr cm^-1),W/(cm^2 cm^-1),W/(m^2 sr um),W/(m^2 um),value_si=value_native*1e8/(wavelength_um^2),2213.0,4.518752824220515,0.2278,2.35e-07,1.1508817150000001,1.03e-06,5.044290070000001
mwir_std_solar_direct,D:\HwaSimIR\HwaSim_IR\Bin\Config\Atmosphere\MODTRAN\raw\audit_mwir_standard_20260906\mwir_std_solar_direct\MODOUT2.txt,W/(cm^2 sr cm^-1),W/(cm^2 cm^-1),W/(m^2 sr um),W/(m^2 um),value_si=value_native*1e8/(wavelength_um^2),2214.0,4.5167118337850045,0.2064,2.13e-07,1.044082548,1.03e-06,5.048849880000001
mwir_std_solar_direct,D:\HwaSimIR\HwaSim_IR\Bin\Config\Atmosphere\MODTRAN\raw\audit_mwir_standard_20260906\mwir_std_solar_direct\MODOUT2.txt,W/(cm^2 sr cm^-1),W/(cm^2 cm^-1),W/(m^2 sr um),W/(m^2 um),value_si=value_native*1e8/(wavelength_um^2),2215.0,4.514672686230249,0.262,2.7e-07,1.3246807499999997,1.03e-06,5.05341175
mwir_std_solar_direct,D:\HwaSimIR\HwaSim_IR\Bin\Config\Atmosphere\MODTRAN\raw\audit_mwir_standard_20260906\mwir_std_solar_direct\MODOUT2.txt,W/(cm^2 sr cm^-1),W/(cm^2 cm^-1),W/(m^2 sr um),W/(m^2 um),value_si=value_native*1e8/(wavelength_um^2),2216.0,4.512635379061372,0.2777,2.87e-07,1.409358272,1.03e-06,5.05797568
mwir_std_solar_direct,D:\HwaSimIR\HwaSim_IR\Bin\Config\Atmosphere\MODTRAN\raw\audit_mwir_standard_20260906\mwir_std_solar_direct\MODOUT2.txt,W/(cm^2 sr cm^-1),W/(cm^2 cm^-1),W/(m^2 sr um),W/(m^2 um),value_si=value_native*1e8/(wavelength_um^2),2217.0,4.510599909788001,0.2626,2.7e-07,1.3270740300000001,1.03e-06,5.062541670000002
mwir_std_solar_direct,D:\HwaSimIR\HwaSim_IR\Bin\Config\Atmosphere\MODTRAN\raw\audit_mwir_standard_20260906\mwir_std_solar_direct\MODOUT2.txt,W/(cm^2 sr cm^-1),W/(cm^2 cm^-1),W/(m^2 sr um),W/(m^2 um),value_si=value_native*1e8/(wavelength_um^2),2218.0,4.508566275924256,0.1988,2.04e-07,1.003582896,1.03e-06,5.06710972
mwir_std_solar_direct,D:\HwaSimIR\HwaSim_IR\Bin\Config\Atmosphere\MODTRAN\raw\audit_mwir_standard_20260906\mwir_std_solar_direct\MODOUT2.txt,W/(cm^2 sr cm^-1),W/(cm^2 cm^-1),W/(m^2 sr um),W/(m^2 um),value_si=value_native*1e8/(wavelength_um^2),2219.0,4.506534474988734,0.1852,1.92e-07,0.9454005119999999,1.04e-06,5.120919439999999
mwir_std_solar_direct,D:\HwaSimIR\HwaSim_IR\Bin\Config\Atmosphere\MODTRAN\raw\audit_mwir_standard_20260906\mwir_std_solar_direct\MODOUT2.txt,W/(cm^2 sr cm^-1),W/(cm^2 cm^-1),W/(m^2 sr um),W/(m^2 um),value_si=value_native*1e8/(wavelength_um^2),2220.0,4.504504504504505,0.2136,2.21e-07,1.0891764,1.03e-06,5.076252
mwir_std_solar_direct,D:\HwaSimIR\HwaSim_IR\Bin\Config\Atmosphere\MODTRAN\raw\audit_mwir_standard_20260906\mwir_std_solar_direct\MODOUT2.txt,W/(cm^2 sr cm^-1),W/(cm^2 cm^-1),W/(m^2 sr um),W/(m^2 um),value_si=value_native*1e8/(wavelength_um^2),2221.0,4.5024763619991,0.3054,3.17e-07,1.5637105969999998,1.04e-06,5.13015464
mwir_std_solar_direct,D:\HwaSimIR\HwaSim_IR\Bin\Config\Atmosphere\MODTRAN\raw\audit_mwir_standard_20260906\mwir_std_solar_direct\MODOUT2.txt,W/(cm^2 sr cm^-1),W/(cm^2 cm^-1),W/(m^2 sr um),W/(m^2 um),value_si=value_native*1e8/(wavelength_um^2),2222.0,4.5004500450045,0.3946,4.11e-07,2.029223724,1.04e-06,5.13477536
mwir_std_solar_direct,D:\HwaSimIR\HwaSim_IR\Bin\Config\Atmosphere\MODTRAN\raw\audit_mwir_standard_20260906\mwir_std_solar_direct\MODOUT2.txt,W/(cm^2 sr cm^-1),W/(cm^2 cm^-1),W/(m^2 sr um),W/(m^2 um),value_si=value_native*1e8/(wavelength_um^2),2223.0,4.49842555105713,0.3827,3.98e-07,1.966808142,1.04e-06,5.139398160000001
mwir_std_solar_direct,D:\HwaSimIR\HwaSim_IR\Bin\Config\Atmosphere\MODTRAN\raw\audit_mwir_standard_20260906\mwir_std_solar_direct\MODOUT2.txt,W/(cm^2 sr cm^-1),W/(cm^2 cm^-1),W/(m^2 sr um),W/(m^2 um),value_si=value_native*1e8/(wavelength_um^2),2224.0,4.496402877697841,0.4917,5.09e-07,2.5176035840000006,1.04e-06,5.144023040000001
mwir_std_solar_direct,D:\HwaSimIR\HwaSim_IR\Bin\Config\Atmosphere\MODTRAN\raw\audit_mwir_standard_20260906\mwir_std_solar_direct\MODOUT2.txt,W/(cm^2 sr cm^-1),W/(cm^2 cm^-1),W/(m^2 sr um),W/(m^2 um),value_si=value_native*1e8/(wavelength_um^2),2225.0,4.49438202247191,0.2871,2.98e-07,1.47528625,1.04e-06,5.148649999999999
mwir_std_solar_direct,D:\HwaSimIR\HwaSim_IR\Bin\Config\Atmosphere\MODTRAN\raw\audit_mwir_standard_20260906\mwir_std_solar_direct\MODOUT2.txt,W/(cm^2 sr cm^-1),W/(cm^2 cm^-1),W/(m^2 sr um),W/(m^2 um),value_si=value_native*1e8/(wavelength_um^2),2226.0,4.492362982929021,0.2642,2.74e-07,1.3576908239999999,1.04e-06,5.153279039999999
mwir_std_solar_direct,D:\HwaSimIR\HwaSim_IR\Bin\Config\Atmosphere\MODTRAN\raw\audit_mwir_standard_20260906\mwir_std_solar_direct\MODOUT2.txt,W/(cm^2 sr cm^-1),W/(cm^2 cm^-1),W/(m^2 sr um),W/(m^2 um),value_si=value_native*1e8/(wavelength_um^2),2227.0,4.49034575662326,0.3065,3.19e-07,1.5820897510000003,1.04e-06,5.157910160000001
mwir_std_solar_direct,D:\HwaSimIR\HwaSim_IR\Bin\Config\Atmosphere\MODTRAN\raw\audit_mwir_standard_20260906\mwir_std_solar_direct\MODOUT2.txt,W/(cm^2 sr cm^-1),W/(cm^2 cm^-1),W/(m^2 sr um),W/(m^2 um),value_si=value_native*1e8/(wavelength_um^2),2228.0,4.488330341113106,0.1759,1.83e-07,0.908409072,1.04e-06,5.16254336
mwir_std_solar_direct,D:\HwaSimIR\HwaSim_IR\Bin\Config\Atmosphere\MODTRAN\raw\audit_mwir_standard_20260906\mwir_std_solar_direct\MODOUT2.txt,W/(cm^2 sr cm^-1),W/(cm^2 cm^-1),W/(m^2 sr um),W/(m^2 um),value_si=value_native*1e8/(wavelength_um^2),2229.0,4.486316733961417,0.1168,1.22e-07,0.6061498020000001,1.04e-06,5.16717864
mwir_std_solar_direct,D:\HwaSimIR\HwaSim_IR\Bin\Config\Atmosphere\MODTRAN\raw\audit_mwir_standard_20260906\mwir_std_solar_direct\MODOUT2.txt,W/(cm^2 sr cm^-1),W/(cm^2 cm^-1),W/(m^2 sr um),W/(m^2 um),value_si=value_native*1e8/(wavelength_um^2),2230.0,4.484304932735426,0.1572,1.63e-07,0.8105827000000002,1.04e-06,5.171816000000001
mwir_std_solar_direct,D:\HwaSimIR\HwaSim_IR\Bin\Config\Atmosphere\MODTRAN\raw\audit_mwir_standard_20260906\mwir_std_solar_direct\MODOUT2.txt,W/(cm^2 sr cm^-1),W/(cm^2 cm^-1),W/(m^2 sr um),W/(m^2 um),value_si=value_native*1e8/(wavelength_um^2),2231.0,4.482294935006723,0.1305,1.36e-07,0.676921096,1.04e-06,5.176455440000001
mwir_std_solar_direct,D:\HwaSimIR\HwaSim_IR\Bin\Config\Atmosphere\MODTRAN\raw\audit_mwir_standard_20260906\mwir_std_solar_direct\MODOUT2.txt,W/(cm^2 sr cm^-1),W/(cm^2 cm^-1),W/(m^2 sr um),W/(m^2 um),value_si=value_native*1e8/(wavelength_um^2),2232.0,4.480286738351254,0.1084,1.12e-07,0.557964288,1.04e-06,5.1810969600000005
mwir_std_solar_direct,D:\HwaSimIR\HwaSim_IR\Bin\Config\Atmosphere\MODTRAN\raw\audit_mwir_standard_20260906\mwir_std_solar_direct\MODOUT2.txt,W/(cm^2 sr cm^-1),W/(cm^2 cm^-1),W/(m^2 sr um),W/(m^2 um),value_si=value_native*1e8/(wavelength_um^2),2233.0,4.478280340349306,0.0861,8.93e-08,0.4452756077,1.04e-06,5.18574056
mwir_std_solar_direct,D:\HwaSimIR\HwaSim_IR\Bin\Config\Atmosphere\MODTRAN\raw\audit_mwir_standard_20260906\mwir_std_solar_direct\MODOUT2.txt,W/(cm^2 sr cm^-1),W/(cm^2 cm^-1),W/(m^2 sr um),W/(m^2 um),value_si=value_native*1e8/(wavelength_um^2),2234.0,4.476275738585497,0.1472,1.53e-07,0.7635856679999999,1.04e-06,5.19038624
mwir_std_solar_direct,D:\HwaSimIR\HwaSim_IR\Bin\Config\Atmosphere\MODTRAN\raw\audit_mwir_standard_20260906\mwir_std_solar_direct\MODOUT2.txt,W/(cm^2 sr cm^-1),W/(cm^2 cm^-1),W/(m^2 sr um),W/(m^2 um),value_si=value_native*1e8/(wavelength_um^2),2235.0,4.47427293064877,0.074,7.66e-08,0.382634235,1.03e-06,5.14508175
mwir_std_solar_direct,D:\HwaSimIR\HwaSim_IR\Bin\Config\Atmosphere\MODTRAN\raw\audit_mwir_standard_20260906\mwir_std_solar_direct\MODOUT2.txt,W/(cm^2 sr cm^-1),W/(cm^2 cm^-1),W/(m^2 sr um),W/(m^2 um),value_si=value_native*1e8/(wavelength_um^2),2236.0,4.47227191413238,0.1063,1.1e-07,0.5499665599999999,1.04e-06,5.199683839999999
mwir_std_solar_direct,D:\HwaSimIR\HwaSim_IR\Bin\Config\Atmosphere\MODTRAN\raw\audit_mwir_standard_20260906\mwir_std_solar_direct\MODOUT2.txt,W/(cm^2 sr cm^-1),W/(cm^2 cm^-1),W/(m^2 sr um),W/(m^2 um),value_si=value_native*1e8/(wavelength_um^2),2237.0,4.470272686633884,0.0717,7.37e-08,0.3688072553,1.03e-06,5.1542940700000015
mwir_std_solar_direct,D:\HwaSimIR\HwaSim_IR\Bin\Config\Atmosphere\MODTRAN\raw\audit_mwir_standard_20260906\mwir_std_solar_direct\MODOUT2.txt,W/(cm^2 sr cm^-1),W/(cm^2 cm^-1),W/(m^2 sr um),W/(m^2 um),value_si=value_native*1e8/(wavelength_um^2),2238.0,4.468275245755138,0.0795,8.2e-08,0.4107088080000001,1.03e-06,5.158903320000001
mwir_std_solar_direct,D:\HwaSimIR\HwaSim_IR\Bin\Config\Atmosphere\MODTRAN\raw\audit_mwir_standard_20260906\mwir_std_solar_direct\MODOUT2.txt,W/(cm^2 sr cm^-1),W/(cm^2 cm^-1),W/(m^2 sr um),W/(m^2 um),value_si=value_native*1e8/(wavelength_um^2),2239.0,4.466279589102278,0.0611,6.33e-08,0.3173305592999999,1.04e-06,5.213645839999999
mwir_std_solar_direct,D:\HwaSimIR\HwaSim_IR\Bin\Config\Atmosphere\MODTRAN\raw\audit_mwir_standard_20260906\mwir_std_solar_direct\MODOUT2.txt,W/(cm^2 sr cm^-1),W/(cm^2 cm^-1),W/(m^2 sr um),W/(m^2 um),value_si=value_native*1e8/(wavelength_um^2),2240.0,4.464285714285714,0.0761,7.94e-08,0.39839743999999994,1.04e-06,5.218304
mwir_std_solar_direct,D:\HwaSimIR\HwaSim_IR\Bin\Config\Atmosphere\MODTRAN\raw\audit_mwir_standard_20260906\mwir_std_solar_direct\MODOUT2.txt,W/(cm^2 sr cm^-1),W/(cm^2 cm^-1),W/(m^2 sr um),W/(m^2 um),value_si=value_native*1e8/(wavelength_um^2),2241.0,4.462293618920125,0.0521,5.46e-08,0.27420562260000003,1.05e-06,5.2731850499999995
mwir_std_solar_direct,D:\HwaSimIR\HwaSim_IR\Bin\Config\Atmosphere\MODTRAN\raw\audit_mwir_standard_20260906\mwir_std_solar_direct\MODOUT2.txt,W/(cm^2 sr cm^-1),W/(cm^2 cm^-1),W/(m^2 sr um),W/(m^2 um),value_si=value_native*1e8/(wavelength_um^2),2242.0,4.460303300624442,0.0562,5.96e-08,0.2995832144,1.06e-06,5.32815784
mwir_std_solar_direct,D:\HwaSimIR\HwaSim_IR\Bin\Config\Atmosphere\MODTRAN\raw\audit_mwir_standard_20260906\mwir_std_solar_direct\MODOUT2.txt,W/(cm^2 sr cm^-1),W/(cm^2 cm^-1),W/(m^2 sr um),W/(m^2 um),value_si=value_native*1e8/(wavelength_um^2),2243.0,4.458314757021846,0.0609,6.48e-08,0.32601197519999997,1.06e-06,5.33291194
mwir_std_solar_direct,D:\HwaSimIR\HwaSim_IR\Bin\Config\Atmosphere\MODTRAN\raw\audit_mwir_standard_20260906\mwir_std_solar_direct\MODOUT2.txt,W/(cm^2 sr cm^-1),W/(cm^2 cm^-1),W/(m^2 sr um),W/(m^2 um),value_si=value_native*1e8/(wavelength_um^2),2244.0,4.45632798573975,0.0483,5.13e-08,0.25832299680000004,1.06e-06,5.337668160000001
mwir_std_solar_direct,D:\HwaSimIR\HwaSim_IR\Bin\Config\Atmosphere\MODTRAN\raw\audit_mwir_standard_20260906\mwir_std_solar_direct\MODOUT2.txt,W/(cm^2 sr cm^-1),W/(cm^2 cm^-1),W/(m^2 sr um),W/(m^2 um),value_si=value_native*1e8/(wavelength_um^2),2245.0,4.4543429844097995,0.0664,7.07e-08,0.35632976750000006,1.06e-06,5.3424265
mwir_std_solar_direct,D:\HwaSimIR\HwaSim_IR\Bin\Config\Atmosphere\MODTRAN\raw\audit_mwir_standard_20260906\mwir_std_solar_direct\MODOUT2.txt,W/(cm^2 sr cm^-1),W/(cm^2 cm^-1),W/(m^2 sr um),W/(m^2 um),value_si=value_native*1e8/(wavelength_um^2),2246.0,4.452359750667854,0.0504,5.36e-08,0.2703860576,1.06e-06,5.347186960000001
mwir_std_solar_direct,D:\HwaSimIR\HwaSim_IR\Bin\Config\Atmosphere\MODTRAN\raw\audit_mwir_standard_20260906\mwir_std_solar_direct\MODOUT2.txt,W/(cm^2 sr cm^-1),W/(cm^2 cm^-1),W/(m^2 sr um),W/(m^2 um),value_si=value_native*1e8/(wavelength_um^2),2247.0,4.4503782821539835,0.0768,8.19e-08,0.4135138370999999,1.07e-06,5.402439629999998
mwir_std_solar_direct,D:\HwaSimIR\HwaSim_IR\Bin\Config\Atmosphere\MODTRAN\raw\audit_mwir_standard_20260906\mwir_std_solar_direct\MODOUT2.txt,W/(cm^2 sr cm^-1),W/(cm^2 cm^-1),W/(m^2 sr um),W/(m^2 um),value_si=value_native*1e8/(wavelength_um^2),2248.0,4.448398576512456,0.0464,4.92e-08,0.24863239679999996,1.06e-06,5.35671424
mwir_std_solar_direct,D:\HwaSimIR\HwaSim_IR\Bin\Config\Atmosphere\MODTRAN\raw\audit_mwir_standard_20260906\mwir_std_solar_direct\MODOUT2.txt,W/(cm^2 sr cm^-1),W/(cm^2 cm^-1),W/(m^2 sr um),W/(m^2 um),value_si=value_native*1e8/(wavelength_um^2),2249.0,4.44642063139173,0.0512,5.46e-08,0.27616685459999996,1.07e-06,5.412061069999999
mwir_std_solar_direct,D:\HwaSimIR\HwaSim_IR\Bin\Config\Atmosphere\MODTRAN\raw\audit_mwir_standard_20260906\mwir_std_solar_direct\MODOUT2.txt,W/(cm^2 sr cm^-1),W/(cm^2 cm^-1),W/(m^2 sr um),W/(m^2 um),value_si=value_native*1e8/(wavelength_um^2),2250.0,4.444444444444445,0.0194,2.06e-08,0.10428749999999999,1.06e-06,5.366249999999999
mwir_std_solar_direct,D:\HwaSimIR\HwaSim_IR\Bin\Config\Atmosphere\MODTRAN\raw\audit_mwir_standard_20260906\mwir_std_solar_direct\MODOUT2.txt,W/(cm^2 sr cm^-1),W/(cm^2 cm^-1),W/(m^2 sr um),W/(m^2 um),value_si=value_native*1e8/(wavelength_um^2),2251.0,4.44247001332741,0.0585,6.24e-08,0.31618086239999993,1.07e-06,5.421691069999999
mwir_std_solar_direct,D:\HwaSimIR\HwaSim_IR\Bin\Config\Atmosphere\MODTRAN\raw\audit_mwir_standard_20260906\mwir_std_solar_direct\MODOUT2.txt,W/(cm^2 sr cm^-1),W/(cm^2 cm^-1),W/(m^2 sr um),W/(m^2 um),value_si=value_native*1e8/(wavelength_um^2),2252.0,4.440497335701599,0.0152,1.62e-08,0.0821583648,1.07e-06,5.4265092799999985
mwir_std_solar_direct,D:\HwaSimIR\HwaSim_IR\Bin\Config\Atmosphere\MODTRAN\raw\audit_mwir_standard_20260906\mwir_std_solar_direct\MODOUT2.txt,W/(cm^2 sr cm^-1),W/(cm^2 cm^-1),W/(m^2 sr um),W/(m^2 um),value_si=value_native*1e8/(wavelength_um^2),2253.0,4.438526409232135,0.0371,3.97e-08,0.20151755729999998,1.07e-06,5.43132963
mwir_std_solar_direct,D:\HwaSimIR\HwaSim_IR\Bin\Config\Atmosphere\MODTRAN\raw\audit_mwir_standard_20260906\mwir_std_solar_direct\MODOUT2.txt,W/(cm^2 sr cm^-1),W/(cm^2 cm^-1),W/(m^2 sr um),W/(m^2 um),value_si=value_native*1e8/(wavelength_um^2),2254.0,4.436557231588288,0.011,1.17e-08,0.059442037200000006,1.06e-06,5.38534696
mwir_std_solar_direct,D:\HwaSimIR\HwaSim_IR\Bin\Config\Atmosphere\MODTRAN\raw\audit_mwir_standard_20260906\mwir_std_solar_direct\MODOUT2.txt,W/(cm^2 sr cm^-1),W/(cm^2 cm^-1),W/(m^2 sr um),W/(m^2 um),value_si=value_native*1e8/(wavelength_um^2),2255.0,4.434589800443459,0.0019,2.02e-09,0.010271750500000001,1.07e-06,5.44097675
mwir_std_solar_direct,D:\HwaSimIR\HwaSim_IR\Bin\Config\Atmosphere\MODTRAN\raw\audit_mwir_standard_20260906\mwir_std_solar_direct\MODOUT2.txt,W/(cm^2 sr cm^-1),W/(cm^2 cm^-1),W/(m^2 sr um),W/(m^2 um),value_si=value_native*1e8/(wavelength_um^2),2256.0,4.432624113475177,0.0175,1.87e-08,0.09517432319999998,1.07e-06,5.445803519999998
mwir_std_solar_direct,D:\HwaSimIR\HwaSim_IR\Bin\Config\Atmosphere\MODTRAN\raw\audit_mwir_standard_20260906\mwir_std_solar_direct\MODOUT2.txt,W/(cm^2 sr cm^-1),W/(cm^2 cm^-1),W/(m^2 sr um),W/(m^2 um),value_si=value_native*1e8/(wavelength_um^2),2257.0,4.430660168365087,0.0008,8.46e-10,0.0043095654539999995,1.07e-06,5.450632429999999
mwir_std_solar_direct,D:\HwaSimIR\HwaSim_IR\Bin\Config\Atmosphere\MODTRAN\raw\audit_mwir_standard_20260906\mwir_std_solar_direct\MODOUT2.txt,W/(cm^2 sr cm^-1),W/(cm^2 cm^-1),W/(m^2 sr um),W/(m^2 um),value_si=value_native*1e8/(wavelength_um^2),2258.0,4.428697962798937,0.0136,1.45e-08,0.07392917800000001,1.07e-06,5.455463479999999
mwir_std_solar_direct,D:\HwaSimIR\HwaSim_IR\Bin\Config\Atmosphere\MODTRAN\raw\audit_mwir_standard_20260906\mwir_std_solar_direct\MODOUT2.txt,W/(cm^2 sr cm^-1),W/(cm^2 cm^-1),W/(m^2 sr um),W/(m^2 um),value_si=value_native*1e8/(wavelength_um^2),2259.0,4.426737494466578,0.0052,5.61e-09,0.028628284410000003,1.07e-06,5.460296669999999
mwir_std_solar_direct,D:\HwaSimIR\HwaSim_IR\Bin\Config\Atmosphere\MODTRAN\raw\audit_mwir_standard_20260906\mwir_std_solar_direct\MODOUT2.txt,W/(cm^2 sr cm^-1),W/(cm^2 cm^-1),W/(m^2 sr um),W/(m^2 um),value_si=value_native*1e8/(wavelength_um^2),2260.0,4.424778761061947,0.0003,3.16e-10,0.0016140015999999999,1.07e-06,5.465132
mwir_std_solar_direct,D:\HwaSimIR\HwaSim_IR\Bin\Config\Atmosphere\MODTRAN\raw\audit_mwir_standard_20260906\mwir_std_solar_direct\MODOUT2.txt,W/(cm^2 sr cm^-1),W/(cm^2 cm^-1),W/(m^2 sr um),W/(m^2 um),value_si=value_native*1e8/(wavelength_um^2),2261.0,4.42282176028306,0.0024,2.54e-09,0.01298478734,1.07e-06,5.46996947
mwir_std_solar_direct,D:\HwaSimIR\HwaSim_IR\Bin\Config\Atmosphere\MODTRAN\raw\audit_mwir_standard_20260906\mwir_std_solar_direct\MODOUT2.txt,W/(cm^2 sr cm^-1),W/(cm^2 cm^-1),W/(m^2 sr um),W/(m^2 um),value_si=value_native*1e8/(wavelength_um^2),2262.0,4.420866489832007,0.0078,8.24e-09,0.042161146559999994,1.06e-06,5.42364264
mwir_std_solar_direct,D:\HwaSimIR\HwaSim_IR\Bin\Config\Atmosphere\MODTRAN\raw\audit_mwir_standard_20260906\mwir_std_solar_direct\MODOUT2.txt,W/(cm^2 sr cm^-1),W/(cm^2 cm^-1),W/(m^2 sr um),W/(m^2 um),value_si=value_native*1e8/(wavelength_um^2),2263.0,4.418912947414936,0.0002,1.86e-10,0.0009525374340000004,1.06e-06,5.428439140000001
mwir_std_solar_direct,D:\HwaSimIR\HwaSim_IR\Bin\Config\Atmosphere\MODTRAN\raw\audit_mwir_standard_20260906\mwir_std_solar_direct\MODOUT2.txt,W/(cm^2 sr cm^-1),W/(cm^2 cm^-1),W/(m^2 sr um),W/(m^2 um),value_si=value_native*1e8/(wavelength_um^2),2264.0,4.41696113074205,0.0046,4.91e-09,0.025167167359999996,1.07e-06,5.484494719999998
mwir_std_solar_direct,D:\HwaSimIR\HwaSim_IR\Bin\Config\Atmosphere\MODTRAN\raw\audit_mwir_standard_20260906\mwir_std_solar_direct\MODOUT2.txt,W/(cm^2 sr cm^-1),W/(cm^2 cm^-1),W/(m^2 sr um),W/(m^2 um),value_si=value_native*1e8/(wavelength_um^2),2265.0,4.415011037527594,0.0,2.26e-11,0.00011594308499999998,1.06e-06,5.438038499999998
mwir_std_solar_direct,D:\HwaSimIR\HwaSim_IR\Bin\Config\Atmosphere\MODTRAN\raw\audit_mwir_standard_20260906\mwir_std_solar_direct\MODOUT2.txt,W/(cm^2 sr cm^-1),W/(cm^2 cm^-1),W/(m^2 sr um),W/(m^2 um),value_si=value_native*1e8/(wavelength_um^2),2266.0,4.41306266548985,0.0033,3.47e-09,0.01781760332,1.06e-06,5.44284136
mwir_std_solar_direct,D:\HwaSimIR\HwaSim_IR\Bin\Config\Atmosphere\MODTRAN\raw\audit_mwir_standard_20260906\mwir_std_solar_direct\MODOUT2.txt,W/(cm^2 sr cm^-1),W/(cm^2 cm^-1),W/(m^2 sr um),W/(m^2 um),value_si=value_native*1e8/(wavelength_um^2),2267.0,4.411116012351125,0.0002,2.2e-10,0.0011306435799999996,1.05e-06,5.396253449999998
mwir_std_solar_direct,D:\HwaSimIR\HwaSim_IR\Bin\Config\Atmosphere\MODTRAN\raw\audit_mwir_standard_20260906\mwir_std_solar_direct\MODOUT2.txt,W/(cm^2 sr cm^-1),W/(cm^2 cm^-1),W/(m^2 sr um),W/(m^2 um),value_si=value_native*1e8/(wavelength_um^2),2268.0,4.409171075837743,0.0004,4.41e-10,0.0022684263839999994,1.06e-06,5.452453439999998
mwir_std_solar_direct,D:\HwaSimIR\HwaSim_IR\Bin\Config\Atmosphere\MODTRAN\raw\audit_mwir_standard_20260906\mwir_std_solar_direct\MODOUT2.txt,W/(cm^2 sr cm^-1),W/(cm^2 cm^-1),W/(m^2 sr um),W/(m^2 um),value_si=value_native*1e8/(wavelength_um^2),2269.0,4.407227853680035,0.001,1.11e-09,0.005714680710000002,1.06e-06,5.457262660000001
mwir_std_solar_direct,D:\HwaSimIR\HwaSim_IR\Bin\Config\Atmosphere\MODTRAN\raw\audit_mwir_standard_20260906\mwir_std_solar_direct\MODOUT2.txt,W/(cm^2 sr cm^-1),W/(cm^2 cm^-1),W/(m^2 sr um),W/(m^2 um),value_si=value_native*1e8/(wavelength_um^2),2270.0,4.405286343612334,0.0002,2.57e-10,0.0013242953000000004,1.07e-06,5.513603000000001
mwir_std_solar_direct,D:\HwaSimIR\HwaSim_IR\Bin\Config\Atmosphere\MODTRAN\raw\audit_mwir_standard_20260906\mwir_std_solar_direct\MODOUT2.txt,W/(cm^2 sr cm^-1),W/(cm^2 cm^-1),W/(m^2 sr um),W/(m^2 um),value_si=value_native*1e8/(wavelength_um^2),2271.0,4.4033465433729635,0.001,1.05e-09,0.00541531305,1.08e-06,5.57003628
mwir_std_solar_direct,D:\HwaSimIR\HwaSim_IR\Bin\Config\Atmosphere\MODTRAN\raw\audit_mwir_standard_20260906\mwir_std_solar_direct\MODOUT2.txt,W/(cm^2 sr cm^-1),W/(cm^2 cm^-1),W/(m^2 sr um),W/(m^2 um),value_si=value_native*1e8/(wavelength_um^2),2272.0,4.401408450704225,0.0,2.29e-12,1.182094336e-05,1.09e-06,5.62656256
mwir_std_solar_direct,D:\HwaSimIR\HwaSim_IR\Bin\Config\Atmosphere\MODTRAN\raw\audit_mwir_standard_20260906\mwir_std_solar_direct\MODOUT2.txt,W/(cm^2 sr cm^-1),W/(cm^2 cm^-1),W/(m^2 sr um),W/(m^2 um),value_si=value_native*1e8/(wavelength_um^2),2273.0,4.399472063352397,0.0008,8.55e-10,0.004417382295000001,1.1e-06,5.683181900000001
mwir_std_solar_direct,D:\HwaSimIR\HwaSim_IR\Bin\Config\Atmosphere\MODTRAN\raw\audit_mwir_standard_20260906\mwir_std_solar_direct\MODOUT2.txt,W/(cm^2 sr cm^-1),W/(cm^2 cm^-1),W/(m^2 sr um),W/(m^2 um),value_si=value_native*1e8/(wavelength_um^2),2274.0,4.397537379067722,0.0001,7.5e-11,0.0003878307,1.1e-06,5.6881836
mwir_std_solar_direct,D:\HwaSimIR\HwaSim_IR\Bin\Config\Atmosphere\MODTRAN\raw\audit_mwir_standard_20260906\mwir_std_solar_direct\MODOUT2.txt,W/(cm^2 sr cm^-1),W/(cm^2 cm^-1),W/(m^2 sr um),W/(m^2 um),value_si=value_native*1e8/(wavelength_um^2),2275.0,4.395604395604396,0.0004,4.23e-10,0.0021892893749999994,1.1e-06,5.693187499999999
mwir_std_solar_direct,D:\HwaSimIR\HwaSim_IR\Bin\Config\Atmosphere\MODTRAN\raw\audit_mwir_standard_20260906\mwir_std_solar_direct\MODOUT2.txt,W/(cm^2 sr cm^-1),W/(cm^2 cm^-1),W/(m^2 sr um),W/(m^2 um),value_si=value_native*1e8/(wavelength_um^2),2276.0,4.393673110720562,0.0,4.16e-12,2.1549532160000002e-05,1.1e-06,5.698193600000001
mwir_std_solar_direct,D:\HwaSimIR\HwaSim_IR\Bin\Config\Atmosphere\MODTRAN\raw\audit_mwir_standard_20260906\mwir_std_solar_direct\MODOUT2.txt,W/(cm^2 sr cm^-1),W/(cm^2 cm^-1),W/(m^2 sr um),W/(m^2 um),value_si=value_native*1e8/(wavelength_um^2),2277.0,4.391743522178305,0.0,1.03e-11,5.340270869999999e-05,1.1e-06,5.7032019
mwir_std_solar_direct,D:\HwaSimIR\HwaSim_IR\Bin\Config\Atmosphere\MODTRAN\raw\audit_mwir_standard_20260906\mwir_std_solar_direct\MODOUT2.txt,W/(cm^2 sr cm^-1),W/(cm^2 cm^-1),W/(m^2 sr um),W/(m^2 um),value_si=value_native*1e8/(wavelength_um^2),2278.0,4.389815627743634,0.0004,4.13e-10,0.0021431742920000004,1.1e-06,5.708212400000001
mwir_std_solar_direct,D:\HwaSimIR\HwaSim_IR\Bin\Config\Atmosphere\MODTRAN\raw\audit_mwir_standard_20260906\mwir_std_solar_direct\MODOUT2.txt,W/(cm^2 sr cm^-1),W/(cm^2 cm^-1),W/(m^2 sr um),W/(m^2 um),value_si=value_native*1e8/(wavelength_um^2),2279.0,4.3878894251864855,0.0001,1.03e-10,0.0005349656229999999,1.11e-06,5.765163509999999
mwir_std_solar_direct,D:\HwaSimIR\HwaSim_IR\Bin\Config\Atmosphere\MODTRAN\raw\audit_mwir_standard_20260906\mwir_std_solar_direct\MODOUT2.txt,W/(cm^2 sr cm^-1),W/(cm^2 cm^-1),W/(m^2 sr um),W/(m^2 um),value_si=value_native*1e8/(wavelength_um^2),2280.0,4.385964912280702,0.0002,2.27e-10,0.0011800367999999996,1.11e-06,5.770223999999999
mwir_std_solar_direct,D:\HwaSimIR\HwaSim_IR\Bin\Config\Atmosphere\MODTRAN\raw\audit_mwir_standard_20260906\mwir_std_solar_direct\MODOUT2.txt,W/(cm^2 sr cm^-1),W/(cm^2 cm^-1),W/(m^2 sr um),W/(m^2 um),value_si=value_native*1e8/(wavelength_um^2),2281.0,4.384042086804033,0.0012,1.32e-09,0.00686790852,1.11e-06,5.7752867100000005
mwir_std_solar_direct,D:\HwaSimIR\HwaSim_IR\Bin\Config\Atmosphere\MODTRAN\raw\audit_mwir_standard_20260906\mwir_std_solar_direct\MODOUT2.txt,W/(cm^2 sr cm^-1),W/(cm^2 cm^-1),W/(m^2 sr um),W/(m^2 um),value_si=value_native*1e8/(wavelength_um^2),2282.0,4.382120946538125,0.0004,4.24e-10,0.0022079901759999997,1.1e-06,5.728276399999999
mwir_std_solar_direct,D:\HwaSimIR\HwaSim_IR\Bin\Config\Atmosphere\MODTRAN\raw\audit_mwir_standard_20260906\mwir_std_solar_direct\MODOUT2.txt,W/(cm^2 sr cm^-1),W/(cm^2 cm^-1),W/(m^2 sr um),W/(m^2 um),value_si=value_native*1e8/(wavelength_um^2),2283.0,4.380201489268506,0.0099,1.1e-08,0.05733297899999999,1.11e-06,5.7854187900000005
mwir_std_solar_direct,D:\HwaSimIR\HwaSim_IR\Bin\Config\Atmosphere\MODTRAN\raw\audit_mwir_standard_20260906\mwir_std_solar_direct\MODOUT2.txt,W/(cm^2 sr cm^-1),W/(cm^2 cm^-1),W/(m^2 sr um),W/(m^2 um),value_si=value_native*1e8/(wavelength_um^2),2284.0,4.378283712784588,0.0036,4.02e-09,0.02097095712,1.1e-06,5.738321600000001
mwir_std_solar_direct,D:\HwaSimIR\HwaSim_IR\Bin\Config\Atmosphere\MODTRAN\raw\audit_mwir_standard_20260906\mwir_std_solar_direct\MODOUT2.txt,W/(cm^2 sr cm^-1),W/(cm^2 cm^-1),W/(m^2 sr um),W/(m^2 um),value_si=value_native*1e8/(wavelength_um^2),2285.0,4.3763676148796495,0.0009,9.56e-10,0.004991491100000001,1.1e-06,5.743347500000001
mwir_std_solar_direct,D:\HwaSimIR\HwaSim_IR\Bin\Config\Atmosphere\MODTRAN\raw\audit_mwir_standard_20260906\mwir_std_solar_direct\MODOUT2.txt,W/(cm^2 sr cm^-1),W/(cm^2 cm^-1),W/(m^2 sr um),W/(m^2 um),value_si=value_native*1e8/(wavelength_um^2),2286.0,4.374453193350831,0.0001,5.95e-11,0.000310934862,1.1e-06,5.748375599999999
mwir_std_solar_direct,D:\HwaSimIR\HwaSim_IR\Bin\Config\Atmosphere\MODTRAN\raw\audit_mwir_standard_20260906\mwir_std_solar_direct\MODOUT2.txt,W/(cm^2 sr cm^-1),W/(cm^2 cm^-1),W/(m^2 sr um),W/(m^2 um),value_si=value_native*1e8/(wavelength_um^2),2287.0,4.3725404459991255,0.0,6.85e-12,3.582802765e-05,1.11e-06,5.80570959
mwir_std_solar_direct,D:\HwaSimIR\HwaSim_IR\Bin\Config\Atmosphere\MODTRAN\raw\audit_mwir_standard_20260906\mwir_std_solar_direct\MODOUT2.txt,W/(cm^2 sr cm^-1),W/(cm^2 cm^-1),W/(m^2 sr um),W/(m^2 um),value_si=value_native*1e8/(wavelength_um^2),2288.0,4.370629370629371,0.0,3.63e-14,1.9002846719999998e-07,1.1e-06,5.758438399999999
mwir_std_solar_direct,D:\HwaSimIR\HwaSim_IR\Bin\Config\Atmosphere\MODTRAN\raw\audit_mwir_standard_20260906\mwir_std_solar_direct\MODOUT2.txt,W/(cm^2 sr cm^-1),W/(cm^2 cm^-1),W/(m^2 sr um),W/(m^2 um),value_si=value_native*1e8/(wavelength_um^2),2289.0,4.36871996505024,0.0,5.57e-14,2.918413197e-07,1.11e-06,5.815868310000001
mwir_std_solar_direct,D:\HwaSimIR\HwaSim_IR\Bin\Config\Atmosphere\MODTRAN\raw\audit_mwir_standard_20260906\mwir_std_solar_direct\MODOUT2.txt,W/(cm^2 sr cm^-1),W/(cm^2 cm^-1),W/(m^2 sr um),W/(m^2 um),value_si=value_native*1e8/(wavelength_um^2),2290.0,4.366812227074236,0.0,1.02e-12,5.348982e-06,1.1e-06,5.768509999999999
mwir_std_solar_direct,D:\HwaSimIR\HwaSim_IR\Bin\Config\Atmosphere\MODTRAN\raw\audit_mwir_standard_20260906\mwir_std_solar_direct\MODOUT2.txt,W/(cm^2 sr cm^-1),W/(cm^2 cm^-1),W/(m^2 sr um),W/(m^2 um),value_si=value_native*1e8/(wavelength_um^2),2291.0,4.364906154517678,0.0,1.68e-12,8.817784079999999e-06,1.1e-06,5.773549099999999
mwir_std_solar_direct,D:\HwaSimIR\HwaSim_IR\Bin\Config\Atmosphere\MODTRAN\raw\audit_mwir_standard_20260906\mwir_std_solar_direct\MODOUT2.txt,W/(cm^2 sr cm^-1),W/(cm^2 cm^-1),W/(m^2 sr um),W/(m^2 um),value_si=value_native*1e8/(wavelength_um^2),2292.0,4.363001745200698,0.0,1.26e-13,6.61911264e-07,1.11e-06,5.8311230400000005
mwir_std_solar_direct,D:\HwaSimIR\HwaSim_IR\Bin\Config\Atmosphere\MODTRAN\raw\audit_mwir_standard_20260906\mwir_std_solar_direct\MODOUT2.txt,W/(cm^2 sr cm^-1),W/(cm^2 cm^-1),W/(m^2 sr um),W/(m^2 um),value_si=value_native*1e8/(wavelength_um^2),2293.0,4.361098996947231,0.0,4.96e-15,2.607893104e-08,1.11e-06,5.83621239
mwir_std_solar_direct,D:\HwaSimIR\HwaSim_IR\Bin\Config\Atmosphere\MODTRAN\raw\audit_mwir_standard_20260906\mwir_std_solar_direct\MODOUT2.txt,W/(cm^2 sr cm^-1),W/(cm^2 cm^-1),W/(m^2 sr um),W/(m^2 um),value_si=value_native*1e8/(wavelength_um^2),2294.0,4.3591979075850045,0.0,2.28e-14,1.199835408e-07,1.1e-06,5.7886796
mwir_std_solar_direct,D:\HwaSimIR\HwaSim_IR\Bin\Config\Atmosphere\MODTRAN\raw\audit_mwir_standard_20260906\mwir_std_solar_direct\MODOUT2.txt,W/(cm^2 sr cm^-1),W/(cm^2 cm^-1),W/(m^2 sr um),W/(m^2 um),value_si=value_native*1e8/(wavelength_um^2),2295.0,4.357298474945534,0.0,5.78e-21,3.0443404500000003e-14,1.1e-06,5.7937275
mwir_std_solar_direct,D:\HwaSimIR\HwaSim_IR\Bin\Config\Atmosphere\MODTRAN\raw\audit_mwir_standard_20260906\mwir_std_solar_direct\MODOUT2.txt,W/(cm^2 sr cm^-1),W/(cm^2 cm^-1),W/(m^2 sr um),W/(m^2 um),value_si=value_native*1e8/(wavelength_um^2),2296.0,4.355400696864112,0.0,1.25e-17,6.58952e-11,1.1e-06,5.798777599999999
mwir_std_solar_direct,D:\HwaSimIR\HwaSim_IR\Bin\Config\Atmosphere\MODTRAN\raw\audit_mwir_standard_20260906\mwir_std_solar_direct\MODOUT2.txt,W/(cm^2 sr cm^-1),W/(cm^2 cm^-1),W/(m^2 sr um),W/(m^2 um),value_si=value_native*1e8/(wavelength_um^2),2297.0,4.3535045711797995,0.0,5.65e-15,2.9810580850000004e-08,1.1e-06,5.803829900000001
mwir_std_solar_direct,D:\HwaSimIR\HwaSim_IR\Bin\Config\Atmosphere\MODTRAN\raw\audit_mwir_standard_20260906\mwir_std_solar_direct\MODOUT2.txt,W/(cm^2 sr cm^-1),W/(cm^2 cm^-1),W/(m^2 sr um),W/(m^2 um),value_si=value_native*1e8/(wavelength_um^2),2298.0,4.351610095735422,0.0,1.48e-16,7.815589919999999e-10,1.1e-06,5.808884399999999
mwir_std_solar_direct,D:\HwaSimIR\HwaSim_IR\Bin\Config\Atmosphere\MODTRAN\raw\audit_mwir_standard_20260906\mwir_std_solar_direct\MODOUT2.txt,W/(cm^2 sr cm^-1),W/(cm^2 cm^-1),W/(m^2 sr um),W/(m^2 um),value_si=value_native*1e8/(wavelength_um^2),2299.0,4.349717268377556,0.0,2.61e-14,1.3794896609999996e-07,1.11e-06,5.866795109999998
mwir_std_solar_direct,D:\HwaSimIR\HwaSim_IR\Bin\Config\Atmosphere\MODTRAN\raw\audit_mwir_standard_20260906\mwir_std_solar_direct\MODOUT2.txt,W/(cm^2 sr cm^-1),W/(cm^2 cm^-1),W/(m^2 sr um),W/(m^2 um),value_si=value_native*1e8/(wavelength_um^2),2300.0,4.3478260869565215,0.0,3.11e-17,1.64519e-10,1.12e-06,5.924800000000001
mwir_std_solar_direct,D:\HwaSimIR\HwaSim_IR\Bin\Config\Atmosphere\MODTRAN\raw\audit_mwir_standard_20260906\mwir_std_solar_direct\MODOUT2.txt,W/(cm^2 sr cm^-1),W/(cm^2 cm^-1),W/(m^2 sr um),W/(m^2 um),value_si=value_native*1e8/(wavelength_um^2),2301.0,4.34593654932638,0.0,7e-18,3.7062207e-11,1.13e-06,5.98289913
mwir_std_solar_direct,D:\HwaSimIR\HwaSim_IR\Bin\Config\Atmosphere\MODTRAN\raw\audit_mwir_standard_20260906\mwir_std_solar_direct\MODOUT2.txt,W/(cm^2 sr cm^-1),W/(cm^2 cm^-1),W/(m^2 sr um),W/(m^2 um),value_si=value_native*1e8/(wavelength_um^2),2302.0,4.344048653344918,0.0,4.99e-17,2.644302796e-10,1.14e-06,6.04109256
mwir_std_solar_direct,D:\HwaSimIR\HwaSim_IR\Bin\Config\Atmosphere\MODTRAN\raw\audit_mwir_standard_20260906\mwir_std_solar_direct\MODOUT2.txt,W/(cm^2 sr cm^-1),W/(cm^2 cm^-1),W/(m^2 sr um),W/(m^2 um),value_si=value_native*1e8/(wavelength_um^2),2303.0,4.342162396873643,0.0,1.55e-17,8.220903949999997e-11,1.15e-06,6.099380349999999
mwir_std_solar_direct,D:\HwaSimIR\HwaSim_IR\Bin\Config\Atmosphere\MODTRAN\raw\audit_mwir_standard_20260906\mwir_std_solar_direct\MODOUT2.txt,W/(cm^2 sr cm^-1),W/(cm^2 cm^-1),W/(m^2 sr um),W/(m^2 um),value_si=value_native*1e8/(wavelength_um^2),2304.0,4.340277777777778,0.0,4.66e-16,2.4737218560000003e-09,1.14e-06,6.051594240000001
mwir_std_solar_direct,D:\HwaSimIR\HwaSim_IR\Bin\Config\Atmosphere\MODTRAN\raw\audit_mwir_standard_20260906\mwir_std_solar_direct\MODOUT2.txt,W/(cm^2 sr cm^-1),W/(cm^2 cm^-1),W/(m^2 sr um),W/(m^2 um),value_si=value_native*1e8/(wavelength_um^2),2305.0,4.3383947939262475,0.0,1.26e-20,6.6944115e-14,1.15e-06,6.10997875
mwir_std_solar_direct,D:\HwaSimIR\HwaSim_IR\Bin\Config\Atmosphere\MODTRAN\raw\audit_mwir_standard_20260906\mwir_std_solar_direct\MODOUT2.txt,W/(cm^2 sr cm^-1),W/(cm^2 cm^-1),W/(m^2 sr um),W/(m^2 um),value_si=value_native*1e8/(wavelength_um^2),2306.0,4.336513443191674,0.0,3.52e-19,1.871807872e-12,1.15e-06,6.115281400000001
mwir_std_solar_direct,D:\HwaSimIR\HwaSim_IR\Bin\Config\Atmosphere\MODTRAN\raw\audit_mwir_standard_20260906\mwir_std_solar_direct\MODOUT2.txt,W/(cm^2 sr cm^-1),W/(cm^2 cm^-1),W/(m^2 sr um),W/(m^2 um),value_si=value_native*1e8/(wavelength_um^2),2307.0,4.334633723450368,0.0,4.19e-28,2.2300223310000005e-21,1.14e-06,6.067363860000001
mwir_std_solar_direct,D:\HwaSimIR\HwaSim_IR\Bin\Config\Atmosphere\MODTRAN\raw\audit_mwir_standard_20260906\mwir_std_solar_direct\MODOUT2.txt,W/(cm^2 sr cm^-1),W/(cm^2 cm^-1),W/(m^2 sr um),W/(m^2 um),value_si=value_native*1e8/(wavelength_um^2),2308.0,4.332755632582322,0.0,1.47e-22,7.83049008e-16,1.14e-06,6.072624960000001
mwir_std_solar_direct,D:\HwaSimIR\HwaSim_IR\Bin\Config\Atmosphere\MODTRAN\raw\audit_mwir_standard_20260906\mwir_std_solar_direct\MODOUT2.txt,W/(cm^2 sr cm^-1),W/(cm^2 cm^-1),W/(m^2 sr um),W/(m^2 um),value_si=value_native*1e8/(wavelength_um^2),2309.0,4.3308791684712,0.0,1.51e-33,8.05053631e-27,1.15e-06,6.131203149999998
mwir_std_solar_direct,D:\HwaSimIR\HwaSim_IR\Bin\Config\Atmosphere\MODTRAN\raw\audit_mwir_standard_20260906\mwir_std_solar_direct\MODOUT2.txt,W/(cm^2 sr cm^-1),W/(cm^2 cm^-1),W/(m^2 sr um),W/(m^2 um),value_si=value_native*1e8/(wavelength_um^2),2310.0,4.329004329004329,0.0,2.94e-26,1.5688134000000003e-19,1.15e-06,6.136515
mwir_std_solar_direct,D:\HwaSimIR\HwaSim_IR\Bin\Config\Atmosphere\MODTRAN\raw\audit_mwir_standard_20260906\mwir_std_solar_direct\MODOUT2.txt,W/(cm^2 sr cm^-1),W/(cm^2 cm^-1),W/(m^2 sr um),W/(m^2 um),value_si=value_native*1e8/(wavelength_um^2),2311.0,4.327131112072696,0.0,0.0,0.0,1.15e-06,6.14182915
mwir_std_solar_direct,D:\HwaSimIR\HwaSim_IR\Bin\Config\Atmosphere\MODTRAN\raw\audit_mwir_standard_20260906\mwir_std_solar_direct\MODOUT2.txt,W/(cm^2 sr cm^-1),W/(cm^2 cm^-1),W/(m^2 sr um),W/(m^2 um),value_si=value_native*1e8/(wavelength_um^2),2312.0,4.325259515570934,0.0,2.39e-29,1.277537216e-22,1.15e-06,6.1471456
mwir_std_solar_direct,D:\HwaSimIR\HwaSim_IR\Bin\Config\Atmosphere\MODTRAN\raw\audit_mwir_standard_20260906\mwir_std_solar_direct\MODOUT2.txt,W/(cm^2 sr cm^-1),W/(cm^2 cm^-1),W/(m^2 sr um),W/(m^2 um),value_si=value_native*1e8/(wavelength_um^2),2313.0,4.323389537397319,0.0,0.0,0.0,1.15e-06,6.152464350000001
mwir_std_solar_direct,D:\HwaSimIR\HwaSim_IR\Bin\Config\Atmosphere\MODTRAN\raw\audit_mwir_standard_20260906\mwir_std_solar_direct\MODOUT2.txt,W/(cm^2 sr cm^-1),W/(cm^2 cm^-1),W/(m^2 sr um),W/(m^2 um),value_si=value_native*1e8/(wavelength_um^2),2314.0,4.32152117545376,0.0,1.94e-36,1.038791624e-29,1.15e-06,6.1577854
mwir_std_solar_direct,D:\HwaSimIR\HwaSim_IR\Bin\Config\Atmosphere\MODTRAN\raw\audit_mwir_standard_20260906\mwir_std_solar_direct\MODOUT2.txt,W/(cm^2 sr cm^-1),W/(cm^2 cm^-1),W/(m^2 sr um),W/(m^2 um),value_si=value_native*1e8/(wavelength_um^2),2315.0,4.319654427645788,0.0,0.0,0.0,1.15e-06,6.163108750000002
mwir_std_solar_direct,D:\HwaSimIR\HwaSim_IR\Bin\Config\Atmosphere\MODTRAN\raw\audit_mwir_standard_20260906\mwir_std_solar_direct\MODOUT2.txt,W/(cm^2 sr cm^-1),W/(cm^2 cm^-1),W/(m^2 sr um),W/(m^2 um),value_si=value_native*1e8/(wavelength_um^2),2316.0,4.317789291882556,0.0,0.0,0.0,1.15e-06,6.168434400000001
mwir_std_solar_direct,D:\HwaSimIR\HwaSim_IR\Bin\Config\Atmosphere\MODTRAN\raw\audit_mwir_standard_20260906\mwir_std_solar_direct\MODOUT2.txt,W/(cm^2 sr cm^-1),W/(cm^2 cm^-1),W/(m^2 sr um),W/(m^2 um),value_si=value_native*1e8/(wavelength_um^2),2317.0,4.315925766076823,0.0,0.0,0.0,1.15e-06,6.17376235
mwir_std_solar_direct,D:\HwaSimIR\HwaSim_IR\Bin\Config\Atmosphere\MODTRAN\raw\audit_mwir_standard_20260906\mwir_std_solar_direct\MODOUT2.txt,W/(cm^2 sr cm^-1),W/(cm^2 cm^-1),W/(m^2 sr um),W/(m^2 um),value_si=value_native*1e8/(wavelength_um^2),2318.0,4.3140638481449525,0.0,0.0,0.0,1.15e-06,6.179092600000001
mwir_std_solar_direct,D:\HwaSimIR\HwaSim_IR\Bin\Config\Atmosphere\MODTRAN\raw\audit_mwir_standard_20260906\mwir_std_solar_direct\MODOUT2.txt,W/(cm^2 sr cm^-1),W/(cm^2 cm^-1),W/(m^2 sr um),W/(m^2 um),value_si=value_native*1e8/(wavelength_um^2),2319.0,4.3122035360068995,0.0,0.0,0.0,1.16e-06,6.238202759999999
mwir_std_solar_direct,D:\HwaSimIR\HwaSim_IR\Bin\Config\Atmosphere\MODTRAN\raw\audit_mwir_standard_20260906\mwir_std_solar_direct\MODOUT2.txt,W/(cm^2 sr cm^-1),W/(cm^2 cm^-1),W/(m^2 sr um),W/(m^2 um),value_si=value_native*1e8/(wavelength_um^2),2320.0,4.310344827586207,0.0,0.0,0.0,1.15e-06,6.189759999999999
mwir_std_solar_direct,D:\HwaSimIR\HwaSim_IR\Bin\Config\Atmosphere\MODTRAN\raw\audit_mwir_standard_20260906\mwir_std_solar_direct\MODOUT2.txt,W/(cm^2 sr cm^-1),W/(cm^2 cm^-1),W/(m^2 sr um),W/(m^2 um),value_si=value_native*1e8/(wavelength_um^2),2321.0,4.308487720809996,0.0,0.0,0.0,1.15e-06,6.195097149999999
mwir_std_solar_direct,D:\HwaSimIR\HwaSim_IR\Bin\Config\Atmosphere\MODTRAN\raw\audit_mwir_standard_20260906\mwir_std_solar_direct\MODOUT2.txt,W/(cm^2 sr cm^-1),W/(cm^2 cm^-1),W/(m^2 sr um),W/(m^2 um),value_si=value_native*1e8/(wavelength_um^2),2322.0,4.306632213608958,0.0,0.0,0.0,1.15e-06,6.200436600000001
mwir_std_solar_direct,D:\HwaSimIR\HwaSim_IR\Bin\Config\Atmosphere\MODTRAN\raw\audit_mwir_standard_20260906\mwir_std_solar_direct\MODOUT2.txt,W/(cm^2 sr cm^-1),W/(cm^2 cm^-1),W/(m^2 sr um),W/(m^2 um),value_si=value_native*1e8/(wavelength_um^2),2323.0,4.304778303917348,0.0,0.0,0.0,1.15e-06,6.20577835
mwir_std_solar_direct,D:\HwaSimIR\HwaSim_IR\Bin\Config\Atmosphere\MODTRAN\raw\audit_mwir_standard_20260906\mwir_std_solar_direct\MODOUT2.txt,W/(cm^2 sr cm^-1),W/(cm^2 cm^-1),W/(m^2 sr um),W/(m^2 um),value_si=value_native*1e8/(wavelength_um^2),2324.0,4.3029259896729775,0.0,0.0,0.0,1.15e-06,6.211122400000001
mwir_std_solar_direct,D:\HwaSimIR\HwaSim_IR\Bin\Config\Atmosphere\MODTRAN\raw\audit_mwir_standard_20260906\mwir_std_solar_direct\MODOUT2.txt,W/(cm^2 sr cm^-1),W/(cm^2 cm^-1),W/(m^2 sr um),W/(m^2 um),value_si=value_native*1e8/(wavelength_um^2),2325.0,4.301075268817204,0.0,0.0,0.0,1.14e-06,6.162412500000001
mwir_std_solar_direct,D:\HwaSimIR\HwaSim_IR\Bin\Config\Atmosphere\MODTRAN\raw\audit_mwir_standard_20260906\mwir_std_solar_direct\MODOUT2.txt,W/(cm^2 sr cm^-1),W/(cm^2 cm^-1),W/(m^2 sr um),W/(m^2 um),value_si=value_native*1e8/(wavelength_um^2),2326.0,4.299226139294927,0.0,0.0,0.0,1.13e-06,6.1136118800000006
mwir_std_solar_direct,D:\HwaSimIR\HwaSim_IR\Bin\Config\Atmosphere\MODTRAN\raw\audit_mwir_standard_20260906\mwir_std_solar_direct\MODOUT2.txt,W/(cm^2 sr cm^-1),W/(cm^2 cm^-1),W/(m^2 sr um),W/(m^2 um),value_si=value_native*1e8/(wavelength_um^2),2327.0,4.297378599054577,0.0,0.0,0.0,1.14e-06,6.173019060000001
mwir_std_solar_direct,D:\HwaSimIR\HwaSim_IR\Bin\Config\Atmosphere\MODTRAN\raw\audit_mwir_standard_20260906\mwir_std_solar_direct\MODOUT2.txt,W/(cm^2 sr cm^-1),W/(cm^2 cm^-1),W/(m^2 sr um),W/(m^2 um),value_si=value_native*1e8/(wavelength_um^2),2328.0,4.29553264604811,0.0,0.0,0.0,1.15e-06,6.2325216
mwir_std_solar_direct,D:\HwaSimIR\HwaSim_IR\Bin\Config\Atmosphere\MODTRAN\raw\audit_mwir_standard_20260906\mwir_std_solar_direct\MODOUT2.txt,W/(cm^2 sr cm^-1),W/(cm^2 cm^-1),W/(m^2 sr um),W/(m^2 um),value_si=value_native*1e8/(wavelength_um^2),2329.0,4.293688278231,0.0,0.0,0.0,1.16e-06,6.29211956
mwir_std_solar_direct,D:\HwaSimIR\HwaSim_IR\Bin\Config\Atmosphere\MODTRAN\raw\audit_mwir_standard_20260906\mwir_std_solar_direct\MODOUT2.txt,W/(cm^2 sr cm^-1),W/(cm^2 cm^-1),W/(m^2 sr um),W/(m^2 um),value_si=value_native*1e8/(wavelength_um^2),2330.0,4.291845493562231,0.0,0.0,0.0,1.17e-06,6.351813000000002
mwir_std_solar_direct,D:\HwaSimIR\HwaSim_IR\Bin\Config\Atmosphere\MODTRAN\raw\audit_mwir_standard_20260906\mwir_std_solar_direct\MODOUT2.txt,W/(cm^2 sr cm^-1),W/(cm^2 cm^-1),W/(m^2 sr um),W/(m^2 um),value_si=value_native*1e8/(wavelength_um^2),2331.0,4.29000429000429,0.0,0.0,0.0,1.19e-06,6.465937590000001
mwir_std_solar_direct,D:\HwaSimIR\HwaSim_IR\Bin\Config\Atmosphere\MODTRAN\raw\audit_mwir_standard_20260906\mwir_std_solar_direct\MODOUT2.txt,W/(cm^2 sr cm^-1),W/(cm^2 cm^-1),W/(m^2 sr um),W/(m^2 um),value_si=value_native*1e8/(wavelength_um^2),2332.0,4.288164665523156,0.0,0.0,0.0,1.19e-06,6.471486560000001
mwir_std_solar_direct,D:\HwaSimIR\HwaSim_IR\Bin\Config\Atmosphere\MODTRAN\raw\audit_mwir_standard_20260906\mwir_std_solar_direct\MODOUT2.txt,W/(cm^2 sr cm^-1),W/(cm^2 cm^-1),W/(m^2 sr um),W/(m^2 um),value_si=value_native*1e8/(wavelength_um^2),2333.0,4.286326618088299,0.0,0.0,0.0,1.19e-06,6.477037909999998
mwir_std_solar_direct,D:\HwaSimIR\HwaSim_IR\Bin\Config\Atmosphere\MODTRAN\raw\audit_mwir_standard_20260906\mwir_std_solar_direct\MODOUT2.txt,W/(cm^2 sr cm^-1),W/(cm^2 cm^-1),W/(m^2 sr um),W/(m^2 um),value_si=value_native*1e8/(wavelength_um^2),2334.0,4.284490145672665,0.0,0.0,0.0,1.19e-06,6.48259164
mwir_std_solar_direct,D:\HwaSimIR\HwaSim_IR\Bin\Config\Atmosphere\MODTRAN\raw\audit_mwir_standard_20260906\mwir_std_solar_direct\MODOUT2.txt,W/(cm^2 sr cm^-1),W/(cm^2 cm^-1),W/(m^2 sr um),W/(m^2 um),value_si=value_native*1e8/(wavelength_um^2),2335.0,4.282655246252677,0.0,0.0,0.0,1.19e-06,6.488147749999999
mwir_std_solar_direct,D:\HwaSimIR\HwaSim_IR\Bin\Config\Atmosphere\MODTRAN\raw\audit_mwir_standard_20260906\mwir_std_solar_direct\MODOUT2.txt,W/(cm^2 sr cm^-1),W/(cm^2 cm^-1),W/(m^2 sr um),W/(m^2 um),value_si=value_native*1e8/(wavelength_um^2),2336.0,4.280821917808219,0.0,0.0,0.0,1.19e-06,6.493706239999999
mwir_std_solar_direct,D:\HwaSimIR\HwaSim_IR\Bin\Config\Atmosphere\MODTRAN\raw\audit_mwir_standard_20260906\mwir_std_solar_direct\MODOUT2.txt,W/(cm^2 sr cm^-1),W/(cm^2 cm^-1),W/(m^2 sr um),W/(m^2 um),value_si=value_native*1e8/(wavelength_um^2),2337.0,4.278990158322636,0.0,0.0,0.0,1.2e-06,6.553882799999999
mwir_std_solar_direct,D:\HwaSimIR\HwaSim_IR\Bin\Config\Atmosphere\MODTRAN\raw\audit_mwir_standard_20260906\mwir_std_solar_direct\MODOUT2.txt,W/(cm^2 sr cm^-1),W/(cm^2 cm^-1),W/(m^2 sr um),W/(m^2 um),value_si=value_native*1e8/(wavelength_um^2),2338.0,4.277159965782721,0.0,0.0,0.0,1.2e-06,6.559492799999998
mwir_std_solar_direct,D:\HwaSimIR\HwaSim_IR\Bin\Config\Atmosphere\MODTRAN\raw\audit_mwir_standard_20260906\mwir_std_solar_direct\MODOUT2.txt,W/(cm^2 sr cm^-1),W/(cm^2 cm^-1),W/(m^2 sr um),W/(m^2 um),value_si=value_native*1e8/(wavelength_um^2),2339.0,4.275331338178709,0.0,0.0,0.0,1.2e-06,6.5651052000000005
mwir_std_solar_direct,D:\HwaSimIR\HwaSim_IR\Bin\Config\Atmosphere\MODTRAN\raw\audit_mwir_standard_20260906\mwir_std_solar_direct\MODOUT2.txt,W/(cm^2 sr cm^-1),W/(cm^2 cm^-1),W/(m^2 sr um),W/(m^2 um),value_si=value_native*1e8/(wavelength_um^2),2340.0,4.273504273504273,0.0,0.0,0.0,1.2e-06,6.570720000000001
mwir_std_solar_direct,D:\HwaSimIR\HwaSim_IR\Bin\Config\Atmosphere\MODTRAN\raw\audit_mwir_standard_20260906\mwir_std_solar_direct\MODOUT2.txt,W/(cm^2 sr cm^-1),W/(cm^2 cm^-1),W/(m^2 sr um),W/(m^2 um),value_si=value_native*1e8/(wavelength_um^2),2341.0,4.271678769756514,0.0,0.0,0.0,1.2e-06,6.576337200000001
mwir_std_solar_direct,D:\HwaSimIR\HwaSim_IR\Bin\Config\Atmosphere\MODTRAN\raw\audit_mwir_standard_20260906\mwir_std_solar_direct\MODOUT2.txt,W/(cm^2 sr cm^-1),W/(cm^2 cm^-1),W/(m^2 sr um),W/(m^2 um),value_si=value_native*1e8/(wavelength_um^2),2342.0,4.269854824935952,0.0,0.0,0.0,1.2e-06,6.5819568
mwir_std_solar_direct,D:\HwaSimIR\HwaSim_IR\Bin\Config\Atmosphere\MODTRAN\raw\audit_mwir_standard_20260906\mwir_std_solar_direct\MODOUT2.txt,W/(cm^2 sr cm^-1),W/(cm^2 cm^-1),W/(m^2 sr um),W/(m^2 um),value_si=value_native*1e8/(wavelength_um^2),2343.0,4.2680324370465215,0.0,0.0,0.0,1.2e-06,6.587578800000001
mwir_std_solar_direct,D:\HwaSimIR\HwaSim_IR\Bin\Config\Atmosphere\MODTRAN\raw\audit_mwir_standard_20260906\mwir_std_solar_direct\MODOUT2.txt,W/(cm^2 sr cm^-1),W/(cm^2 cm^-1),W/(m^2 sr um),W/(m^2 um),value_si=value_native*1e8/(wavelength_um^2),2344.0,4.266211604095563,0.0,0.0,0.0,1.2e-06,6.5932032000000005
mwir_std_solar_direct,D:\HwaSimIR\HwaSim_IR\Bin\Config\Atmosphere\MODTRAN\raw\audit_mwir_standard_20260906\mwir_std_solar_direct\MODOUT2.txt,W/(cm^2 sr cm^-1),W/(cm^2 cm^-1),W/(m^2 sr um),W/(m^2 um),value_si=value_native*1e8/(wavelength_um^2),2345.0,4.264392324093817,0.0,0.0,0.0,1.2e-06,6.5988299999999995
mwir_std_solar_direct,D:\HwaSimIR\HwaSim_IR\Bin\Config\Atmosphere\MODTRAN\raw\audit_mwir_standard_20260906\mwir_std_solar_direct\MODOUT2.txt,W/(cm^2 sr cm^-1),W/(cm^2 cm^-1),W/(m^2 sr um),W/(m^2 um),value_si=value_native*1e8/(wavelength_um^2),2346.0,4.262574595055414,0.0,0.0,0.0,1.2e-06,6.604459199999999
mwir_std_solar_direct,D:\HwaSimIR\HwaSim_IR\Bin\Config\Atmosphere\MODTRAN\raw\audit_mwir_standard_20260906\mwir_std_solar_direct\MODOUT2.txt,W/(cm^2 sr cm^-1),W/(cm^2 cm^-1),W/(m^2 sr um),W/(m^2 um),value_si=value_native*1e8/(wavelength_um^2),2347.0,4.26075841499787,0.0,0.0,0.0,1.2e-06,6.610090799999999
mwir_std_solar_direct,D:\HwaSimIR\HwaSim_IR\Bin\Config\Atmosphere\MODTRAN\raw\audit_mwir_standard_20260906\mwir_std_solar_direct\MODOUT2.txt,W/(cm^2 sr cm^-1),W/(cm^2 cm^-1),W/(m^2 sr um),W/(m^2 um),value_si=value_native*1e8/(wavelength_um^2),2348.0,4.258943781942079,0.0,0.0,0.0,1.21e-06,6.670855839999999
mwir_std_solar_direct,D:\HwaSimIR\HwaSim_IR\Bin\Config\Atmosphere\MODTRAN\raw\audit_mwir_standard_20260906\mwir_std_solar_direct\MODOUT2.txt,W/(cm^2 sr cm^-1),W/(cm^2 cm^-1),W/(m^2 sr um),W/(m^2 um),value_si=value_native*1e8/(wavelength_um^2),2349.0,4.257130693912303,0.0,0.0,0.0,1.21e-06,6.676539210000001
mwir_std_solar_direct,D:\HwaSimIR\HwaSim_IR\Bin\Config\Atmosphere\MODTRAN\raw\audit_mwir_standard_20260906\mwir_std_solar_direct\MODOUT2.txt,W/(cm^2 sr cm^-1),W/(cm^2 cm^-1),W/(m^2 sr um),W/(m^2 um),value_si=value_native*1e8/(wavelength_um^2),2350.0,4.25531914893617,0.0,0.0,0.0,1.21e-06,6.682225000000001
mwir_std_solar_direct,D:\HwaSimIR\HwaSim_IR\Bin\Config\Atmosphere\MODTRAN\raw\audit_mwir_standard_20260906\mwir_std_solar_direct\MODOUT2.txt,W/(cm^2 sr cm^-1),W/(cm^2 cm^-1),W/(m^2 sr um),W/(m^2 um),value_si=value_native*1e8/(wavelength_um^2),2351.0,4.253509145044662,0.0,0.0,0.0,1.21e-06,6.68791321
mwir_std_solar_direct,D:\HwaSimIR\HwaSim_IR\Bin\Config\Atmosphere\MODTRAN\raw\audit_mwir_standard_20260906\mwir_std_solar_direct\MODOUT2.txt,W/(cm^2 sr cm^-1),W/(cm^2 cm^-1),W/(m^2 sr um),W/(m^2 um),value_si=value_native*1e8/(wavelength_um^2),2352.0,4.2517006802721085,0.0,0.0,0.0,1.21e-06,6.693603840000001
mwir_std_solar_direct,D:\HwaSimIR\HwaSim_IR\Bin\Config\Atmosphere\MODTRAN\raw\audit_mwir_standard_20260906\mwir_std_solar_direct\MODOUT2.txt,W/(cm^2 sr cm^-1),W/(cm^2 cm^-1),W/(m^2 sr um),W/(m^2 um),value_si=value_native*1e8/(wavelength_um^2),2353.0,4.249893752656184,0.0,0.0,0.0,1.21e-06,6.699296889999999
mwir_std_solar_direct,D:\HwaSimIR\HwaSim_IR\Bin\Config\Atmosphere\MODTRAN\raw\audit_mwir_standard_20260906\mwir_std_solar_direct\MODOUT2.txt,W/(cm^2 sr cm^-1),W/(cm^2 cm^-1),W/(m^2 sr um),W/(m^2 um),value_si=value_native*1e8/(wavelength_um^2),2354.0,4.248088360237893,0.0,0.0,0.0,1.21e-06,6.70499236
mwir_std_solar_direct,D:\HwaSimIR\HwaSim_IR\Bin\Config\Atmosphere\MODTRAN\raw\audit_mwir_standard_20260906\mwir_std_solar_direct\MODOUT2.txt,W/(cm^2 sr cm^-1),W/(cm^2 cm^-1),W/(m^2 sr um),W/(m^2 um),value_si=value_native*1e8/(wavelength_um^2),2355.0,4.246284501061571,0.0,0.0,0.0,1.21e-06,6.71069025
mwir_std_solar_direct,D:\HwaSimIR\HwaSim_IR\Bin\Config\Atmosphere\MODTRAN\raw\audit_mwir_standard_20260906\mwir_std_solar_direct\MODOUT2.txt,W/(cm^2 sr cm^-1),W/(cm^2 cm^-1),W/(m^2 sr um),W/(m^2 um),value_si=value_native*1e8/(wavelength_um^2),2356.0,4.244482173174872,0.0,0.0,0.0,1.21e-06,6.716390560000001
mwir_std_solar_direct,D:\HwaSimIR\HwaSim_IR\Bin\Config\Atmosphere\MODTRAN\raw\audit_mwir_standard_20260906\mwir_std_solar_direct\MODOUT2.txt,W/(cm^2 sr cm^-1),W/(cm^2 cm^-1),W/(m^2 sr um),W/(m^2 um),value_si=value_native*1e8/(wavelength_um^2),2357.0,4.2426813746287655,0.0,0.0,0.0,1.21e-06,6.72209329
mwir_std_solar_direct,D:\HwaSimIR\HwaSim_IR\Bin\Config\Atmosphere\MODTRAN\raw\audit_mwir_standard_20260906\mwir_std_solar_direct\MODOUT2.txt,W/(cm^2 sr cm^-1),W/(cm^2 cm^-1),W/(m^2 sr um),W/(m^2 um),value_si=value_native*1e8/(wavelength_um^2),2358.0,4.2408821034775235,0.0,0.0,0.0,1.21e-06,6.727798439999999
mwir_std_solar_direct,D:\HwaSimIR\HwaSim_IR\Bin\Config\Atmosphere\MODTRAN\raw\audit_mwir_standard_20260906\mwir_std_solar_direct\MODOUT2.txt,W/(cm^2 sr cm^-1),W/(cm^2 cm^-1),W/(m^2 sr um),W/(m^2 um),value_si=value_native*1e8/(wavelength_um^2),2359.0,4.23908435777872,0.0,0.0,0.0,1.22e-06,6.78915482
mwir_std_solar_direct,D:\HwaSimIR\HwaSim_IR\Bin\Config\Atmosphere\MODTRAN\raw\audit_mwir_standard_20260906\mwir_std_solar_direct\MODOUT2.txt,W/(cm^2 sr cm^-1),W/(cm^2 cm^-1),W/(m^2 sr um),W/(m^2 um),value_si=value_native*1e8/(wavelength_um^2),2360.0,4.237288135593221,0.0,0.0,0.0,1.22e-06,6.794911999999998
mwir_std_solar_direct,D:\HwaSimIR\HwaSim_IR\Bin\Config\Atmosphere\MODTRAN\raw\audit_mwir_standard_20260906\mwir_std_solar_direct\MODOUT2.txt,W/(cm^2 sr cm^-1),W/(cm^2 cm^-1),W/(m^2 sr um),W/(m^2 um),value_si=value_native*1e8/(wavelength_um^2),2361.0,4.235493434985176,0.0,0.0,0.0,1.22e-06,6.800671619999999
mwir_std_solar_direct,D:\HwaSimIR\HwaSim_IR\Bin\Config\Atmosphere\MODTRAN\raw\audit_mwir_standard_20260906\mwir_std_solar_direct\MODOUT2.txt,W/(cm^2 sr cm^-1),W/(cm^2 cm^-1),W/(m^2 sr um),W/(m^2 um),value_si=value_native*1e8/(wavelength_um^2),2362.0,4.233700254022016,0.0,0.0,0.0,1.22e-06,6.806433679999998
mwir_std_solar_direct,D:\HwaSimIR\HwaSim_IR\Bin\Config\Atmosphere\MODTRAN\raw\audit_mwir_standard_20260906\mwir_std_solar_direct\MODOUT2.txt,W/(cm^2 sr cm^-1),W/(cm^2 cm^-1),W/(m^2 sr um),W/(m^2 um),value_si=value_native*1e8/(wavelength_um^2),2363.0,4.231908590774439,0.0,0.0,0.0,1.22e-06,6.812198180000001
mwir_std_solar_direct,D:\HwaSimIR\HwaSim_IR\Bin\Config\Atmosphere\MODTRAN\raw\audit_mwir_standard_20260906\mwir_std_solar_direct\MODOUT2.txt,W/(cm^2 sr cm^-1),W/(cm^2 cm^-1),W/(m^2 sr um),W/(m^2 um),value_si=value_native*1e8/(wavelength_um^2),2364.0,4.230118443316413,0.0,0.0,0.0,1.22e-06,6.817965119999999
mwir_std_solar_direct,D:\HwaSimIR\HwaSim_IR\Bin\Config\Atmosphere\MODTRAN\raw\audit_mwir_standard_20260906\mwir_std_solar_direct\MODOUT2.txt,W/(cm^2 sr cm^-1),W/(cm^2 cm^-1),W/(m^2 sr um),W/(m^2 um),value_si=value_native*1e8/(wavelength_um^2),2365.0,4.2283298097251585,0.0,0.0,0.0,1.22e-06,6.8237345
mwir_std_solar_direct,D:\HwaSimIR\HwaSim_IR\Bin\Config\Atmosphere\MODTRAN\raw\audit_mwir_standard_20260906\mwir_std_solar_direct\MODOUT2.txt,W/(cm^2 sr cm^-1),W/(cm^2 cm^-1),W/(m^2 sr um),W/(m^2 um),value_si=value_native*1e8/(wavelength_um^2),2366.0,4.22654268808115,0.0,0.0,0.0,1.22e-06,6.829506319999999
mwir_std_solar_direct,D:\HwaSimIR\HwaSim_IR\Bin\Config\Atmosphere\MODTRAN\raw\audit_mwir_standard_20260906\mwir_std_solar_direct\MODOUT2.txt,W/(cm^2 sr cm^-1),W/(cm^2 cm^-1),W/(m^2 sr um),W/(m^2 um),value_si=value_native*1e8/(wavelength_um^2),2367.0,4.224757076468103,0.0,0.0,0.0,1.23e-06,6.891307469999999
mwir_std_solar_direct,D:\HwaSimIR\HwaSim_IR\Bin\Config\Atmosphere\MODTRAN\raw\audit_mwir_standard_20260906\mwir_std_solar_direct\MODOUT2.txt,W/(cm^2 sr cm^-1),W/(cm^2 cm^-1),W/(m^2 sr um),W/(m^2 um),value_si=value_native*1e8/(wavelength_um^2),2368.0,4.222972972972973,0.0,0.0,0.0,1.23e-06,6.897131520000002
mwir_std_solar_direct,D:\HwaSimIR\HwaSim_IR\Bin\Config\Atmosphere\MODTRAN\raw\audit_mwir_standard_20260906\mwir_std_solar_direct\MODOUT2.txt,W/(cm^2 sr cm^-1),W/(cm^2 cm^-1),W/(m^2 sr um),W/(m^2 um),value_si=value_native*1e8/(wavelength_um^2),2369.0,4.221190375685944,0.0,0.0,0.0,1.23e-06,6.902958030000001
mwir_std_solar_direct,D:\HwaSimIR\HwaSim_IR\Bin\Config\Atmosphere\MODTRAN\raw\audit_mwir_standard_20260906\mwir_std_solar_direct\MODOUT2.txt,W/(cm^2 sr cm^-1),W/(cm^2 cm^-1),W/(m^2 sr um),W/(m^2 um),value_si=value_native*1e8/(wavelength_um^2),2370.0,4.219409282700422,0.0,0.0,0.0,1.23e-06,6.908787000000001
mwir_std_solar_direct,D:\HwaSimIR\HwaSim_IR\Bin\Config\Atmosphere\MODTRAN\raw\audit_mwir_standard_20260906\mwir_std_solar_direct\MODOUT2.txt,W/(cm^2 sr cm^-1),W/(cm^2 cm^-1),W/(m^2 sr um),W/(m^2 um),value_si=value_native*1e8/(wavelength_um^2),2371.0,4.217629692113032,0.0,0.0,0.0,1.23e-06,6.914618430000002
mwir_std_solar_direct,D:\HwaSimIR\HwaSim_IR\Bin\Config\Atmosphere\MODTRAN\raw\audit_mwir_standard_20260906\mwir_std_solar_direct\MODOUT2.txt,W/(cm^2 sr cm^-1),W/(cm^2 cm^-1),W/(m^2 sr um),W/(m^2 um),value_si=value_native*1e8/(wavelength_um^2),2372.0,4.2158516020236085,0.0,0.0,0.0,1.23e-06,6.920452320000002
mwir_std_solar_direct,D:\HwaSimIR\HwaSim_IR\Bin\Config\Atmosphere\MODTRAN\raw\audit_mwir_standard_20260906\mwir_std_solar_direct\MODOUT2.txt,W/(cm^2 sr cm^-1),W/(cm^2 cm^-1),W/(m^2 sr um),W/(m^2 um),value_si=value_native*1e8/(wavelength_um^2),2373.0,4.214075010535187,0.0,0.0,0.0,1.23e-06,6.926288670000002
mwir_std_solar_direct,D:\HwaSimIR\HwaSim_IR\Bin\Config\Atmosphere\MODTRAN\raw\audit_mwir_standard_20260906\mwir_std_solar_direct\MODOUT2.txt,W/(cm^2 sr cm^-1),W/(cm^2 cm^-1),W/(m^2 sr um),W/(m^2 um),value_si=value_native*1e8/(wavelength_um^2),2374.0,4.212299915754001,0.0,0.0,0.0,1.23e-06,6.932127480000002
mwir_std_solar_direct,D:\HwaSimIR\HwaSim_IR\Bin\Config\Atmosphere\MODTRAN\raw\audit_mwir_standard_20260906\mwir_std_solar_direct\MODOUT2.txt,W/(cm^2 sr cm^-1),W/(cm^2 cm^-1),W/(m^2 sr um),W/(m^2 um),value_si=value_native*1e8/(wavelength_um^2),2375.0,4.2105263157894735,0.0,0.0,0.0,1.23e-06,6.937968750000001
mwir_std_solar_direct,D:\HwaSimIR\HwaSim_IR\Bin\Config\Atmosphere\MODTRAN\raw\audit_mwir_standard_20260906\mwir_std_solar_direct\MODOUT2.txt,W/(cm^2 sr cm^-1),W/(cm^2 cm^-1),W/(m^2 sr um),W/(m^2 um),value_si=value_native*1e8/(wavelength_um^2),2376.0,4.2087542087542085,0.0,0.0,0.0,1.22e-06,6.887358720000002
mwir_std_solar_direct,D:\HwaSimIR\HwaSim_IR\Bin\Config\Atmosphere\MODTRAN\raw\audit_mwir_standard_20260906\mwir_std_solar_direct\MODOUT2.txt,W/(cm^2 sr cm^-1),W/(cm^2 cm^-1),W/(m^2 sr um),W/(m^2 um),value_si=value_native*1e8/(wavelength_um^2),2377.0,4.206983592763988,0.0,0.0,0.0,1.22e-06,6.89315738
mwir_std_solar_direct,D:\HwaSimIR\HwaSim_IR\Bin\Config\Atmosphere\MODTRAN\raw\audit_mwir_standard_20260906\mwir_std_solar_direct\MODOUT2.txt,W/(cm^2 sr cm^-1),W/(cm^2 cm^-1),W/(m^2 sr um),W/(m^2 um),value_si=value_native*1e8/(wavelength_um^2),2378.0,4.205214465937763,0.0,8.85e-34,5.004572339999999e-27,1.22e-06,6.89895848
mwir_std_solar_direct,D:\HwaSimIR\HwaSim_IR\Bin\Config\Atmosphere\MODTRAN\raw\audit_mwir_standard_20260906\mwir_std_solar_direct\MODOUT2.txt,W/(cm^2 sr cm^-1),W/(cm^2 cm^-1),W/(m^2 sr um),W/(m^2 um),value_si=value_native*1e8/(wavelength_um^2),2379.0,4.203446826397646,0.0,1.88e-26,1.0640125080000001e-19,1.22e-06,6.904762020000001
mwir_std_solar_direct,D:\HwaSimIR\HwaSim_IR\Bin\Config\Atmosphere\MODTRAN\raw\audit_mwir_standard_20260906\mwir_std_solar_direct\MODOUT2.txt,W/(cm^2 sr cm^-1),W/(cm^2 cm^-1),W/(m^2 sr um),W/(m^2 um),value_si=value_native*1e8/(wavelength_um^2),2380.0,4.201680672268908,0.0,1.02e-19,5.777688e-13,1.22e-06,6.910567999999999
mwir_std_solar_direct,D:\HwaSimIR\HwaSim_IR\Bin\Config\Atmosphere\MODTRAN\raw\audit_mwir_standard_20260906\mwir_std_solar_direct\MODOUT2.txt,W/(cm^2 sr cm^-1),W/(cm^2 cm^-1),W/(m^2 sr um),W/(m^2 um),value_si=value_native*1e8/(wavelength_um^2),2381.0,4.199916001679966,0.0,2.37e-15,1.343591157e-08,1.23e-06,6.973068030000001
mwir_std_solar_direct,D:\HwaSimIR\HwaSim_IR\Bin\Config\Atmosphere\MODTRAN\raw\audit_mwir_standard_20260906\mwir_std_solar_direct\MODOUT2.txt,W/(cm^2 sr cm^-1),W/(cm^2 cm^-1),W/(m^2 sr um),W/(m^2 um),value_si=value_native*1e8/(wavelength_um^2),2382.0,4.198152812762385,0.0,8.88e-13,5.038444511999998e-06,1.23e-06,6.978926519999999
mwir_std_solar_direct,D:\HwaSimIR\HwaSim_IR\Bin\Config\Atmosphere\MODTRAN\raw\audit_mwir_standard_20260906\mwir_std_solar_direct\MODOUT2.txt,W/(cm^2 sr cm^-1),W/(cm^2 cm^-1),W/(m^2 sr um),W/(m^2 um),value_si=value_native*1e8/(wavelength_um^2),2383.0,4.1963911036508605,0.0,5.36e-11,0.00030437773039999997,1.24e-06,7.041574359999999
mwir_std_solar_direct,D:\HwaSimIR\HwaSim_IR\Bin\Config\Atmosphere\MODTRAN\raw\audit_mwir_standard_20260906\mwir_std_solar_direct\MODOUT2.txt,W/(cm^2 sr cm^-1),W/(cm^2 cm^-1),W/(m^2 sr um),W/(m^2 um),value_si=value_native*1e8/(wavelength_um^2),2384.0,4.194630872483222,0.0006,7.55e-10,0.004291009279999999,1.24e-06,7.047485439999999
mwir_std_solar_direct,D:\HwaSimIR\HwaSim_IR\Bin\Config\Atmosphere\MODTRAN\raw\audit_mwir_standard_20260906\mwir_std_solar_direct\MODOUT2.txt,W/(cm^2 sr cm^-1),W/(cm^2 cm^-1),W/(m^2 sr um),W/(m^2 um),value_si=value_native*1e8/(wavelength_um^2),2385.0,4.1928721174004195,0.0047,5.85e-09,0.03327611625,1.24e-06,7.053399
mwir_std_solar_direct,D:\HwaSimIR\HwaSim_IR\Bin\Config\Atmosphere\MODTRAN\raw\audit_mwir_standard_20260906\mwir_std_solar_direct\MODOUT2.txt,W/(cm^2 sr cm^-1),W/(cm^2 cm^-1),W/(m^2 sr um),W/(m^2 um),value_si=value_native*1e8/(wavelength_um^2),2386.0,4.191114836546522,0.0172,2.13e-08,0.12126081479999998,1.24e-06,7.0593150399999995
mwir_std_solar_direct,D:\HwaSimIR\HwaSim_IR\Bin\Config\Atmosphere\MODTRAN\raw\audit_mwir_standard_20260906\mwir_std_solar_direct\MODOUT2.txt,W/(cm^2 sr cm^-1),W/(cm^2 cm^-1),W/(m^2 sr um),W/(m^2 um),value_si=value_native*1e8/(wavelength_um^2),2387.0,4.189359028068705,0.0573,7.11e-08,0.40511137589999996,1.24e-06,7.06523356
mwir_std_solar_direct,D:\HwaSimIR\HwaSim_IR\Bin\Config\Atmosphere\MODTRAN\raw\audit_mwir_standard_20260906\mwir_std_solar_direct\MODOUT2.txt,W/(cm^2 sr cm^-1),W/(cm^2 cm^-1),W/(m^2 sr um),W/(m^2 um),value_si=value_native*1e8/(wavelength_um^2),2388.0,4.187604690117253,0.1552,1.93e-07,1.100590992,1.24e-06,7.071154560000001
mwir_std_solar_direct,D:\HwaSimIR\HwaSim_IR\Bin\Config\Atmosphere\MODTRAN\raw\audit_mwir_standard_20260906\mwir_std_solar_direct\MODOUT2.txt,W/(cm^2 sr cm^-1),W/(cm^2 cm^-1),W/(m^2 sr um),W/(m^2 um),value_si=value_native*1e8/(wavelength_um^2),2389.0,4.185851820845542,0.1893,2.35e-07,1.3412204349999999,1.24e-06,7.077078039999999
mwir_std_solar_direct,D:\HwaSimIR\HwaSim_IR\Bin\Config\Atmosphere\MODTRAN\raw\audit_mwir_standard_20260906\mwir_std_solar_direct\MODOUT2.txt,W/(cm^2 sr cm^-1),W/(cm^2 cm^-1),W/(m^2 sr um),W/(m^2 um),value_si=value_native*1e8/(wavelength_um^2),2390.0,4.184100418410042,0.3242,4.03e-07,2.3019763,1.24e-06,7.083004000000002
mwir_std_solar_direct,D:\HwaSimIR\HwaSim_IR\Bin\Config\Atmosphere\MODTRAN\raw\audit_mwir_standard_20260906\mwir_std_solar_direct\MODOUT2.txt,W/(cm^2 sr cm^-1),W/(cm^2 cm^-1),W/(m^2 sr um),W/(m^2 um),value_si=value_native*1e8/(wavelength_um^2),2391.0,4.182350480970305,0.4295,5.35e-07,3.058531335,1.24e-06,7.088932440000001
mwir_std_solar_direct,D:\HwaSimIR\HwaSim_IR\Bin\Config\Atmosphere\MODTRAN\raw\audit_mwir_standard_20260906\mwir_std_solar_direct\MODOUT2.txt,W/(cm^2 sr cm^-1),W/(cm^2 cm^-1),W/(m^2 sr um),W/(m^2 um),value_si=value_native*1e8/(wavelength_um^2),2392.0,4.1806020066889635,0.5089,6.33e-07,3.6218133119999996,1.24e-06,7.094863359999998
mwir_std_solar_direct,D:\HwaSimIR\HwaSim_IR\Bin\Config\Atmosphere\MODTRAN\raw\audit_mwir_standard_20260906\mwir_std_solar_direct\MODOUT2.txt,W/(cm^2 sr cm^-1),W/(cm^2 cm^-1),W/(m^2 sr um),W/(m^2 um),value_si=value_native*1e8/(wavelength_um^2),2393.0,4.178854993731718,0.5818,7.25e-07,4.151675524999999,1.25e-06,7.158061249999999
mwir_std_solar_direct,D:\HwaSimIR\HwaSim_IR\Bin\Config\Atmosphere\MODTRAN\raw\audit_mwir_standard_20260906\mwir_std_solar_direct\MODOUT2.txt,W/(cm^2 sr cm^-1),W/(cm^2 cm^-1),W/(m^2 sr um),W/(m^2 um),value_si=value_native*1e8/(wavelength_um^2),2394.0,4.177109440267335,0.6146,7.66e-07,4.390126775999999,1.25e-06,7.164045
mwir_std_solar_direct,D:\HwaSimIR\HwaSim_IR\Bin\Config\Atmosphere\MODTRAN\raw\audit_mwir_standard_20260906\mwir_std_solar_direct\MODOUT2.txt,W/(cm^2 sr cm^-1),W/(cm^2 cm^-1),W/(m^2 sr um),W/(m^2 um),value_si=value_native*1e8/(wavelength_um^2),2395.0,4.175365344467641,0.6354,7.92e-07,4.5429318,1.25e-06,7.17003125
mwir_std_solar_direct,D:\HwaSimIR\HwaSim_IR\Bin\Config\Atmosphere\MODTRAN\raw\audit_mwir_standard_20260906\mwir_std_solar_direct\MODOUT2.txt,W/(cm^2 sr cm^-1),W/(cm^2 cm^-1),W/(m^2 sr um),W/(m^2 um),value_si=value_native*1e8/(wavelength_um^2),2396.0,4.173622704507513,0.651,8.11e-07,4.655801776,1.25e-06,7.17602
mwir_std_solar_direct,D:\HwaSimIR\HwaSim_IR\Bin\Config\Atmosphere\MODTRAN\raw\audit_mwir_standard_20260906\mwir_std_solar_direct\MODOUT2.txt,W/(cm^2 sr cm^-1),W/(cm^2 cm^-1),W/(m^2 sr um),W/(m^2 um),value_si=value_native*1e8/(wavelength_um^2),2397.0,4.171881518564873,0.6641,8.29e-07,4.763109861,1.25e-06,7.182011250000001
mwir_std_solar_direct,D:\HwaSimIR\HwaSim_IR\Bin\Config\Atmosphere\MODTRAN\raw\audit_mwir_standard_20260906\mwir_std_solar_direct\MODOUT2.txt,W/(cm^2 sr cm^-1),W/(cm^2 cm^-1),W/(m^2 sr um),W/(m^2 um),value_si=value_native*1e8/(wavelength_um^2),2398.0,4.170141784820684,0.6776,8.47e-07,4.870592188,1.25e-06,7.188005
mwir_std_solar_direct,D:\HwaSimIR\HwaSim_IR\Bin\Config\Atmosphere\MODTRAN\raw\audit_mwir_standard_20260906\mwir_std_solar_direct\MODOUT2.txt,W/(cm^2 sr cm^-1),W/(cm^2 cm^-1),W/(m^2 sr um),W/(m^2 um),value_si=value_native*1e8/(wavelength_um^2),2399.0,4.168403501458942,0.6887,8.63e-07,4.966738462999999,1.25e-06,7.1940012499999995
mwir_std_solar_direct,D:\HwaSimIR\HwaSim_IR\Bin\Config\Atmosphere\MODTRAN\raw\audit_mwir_standard_20260906\mwir_std_solar_direct\MODOUT2.txt,W/(cm^2 sr cm^-1),W/(cm^2 cm^-1),W/(m^2 sr um),W/(m^2 um),value_si=value_native*1e8/(wavelength_um^2),2400.0,4.166666666666667,0.7004,8.79e-07,5.063039999999998,1.26e-06,7.257599999999998
mwir_std_solar_direct,D:\HwaSimIR\HwaSim_IR\Bin\Config\Atmosphere\MODTRAN\raw\audit_mwir_standard_20260906\mwir_std_solar_direct\MODOUT2.txt,W/(cm^2 sr cm^-1),W/(cm^2 cm^-1),W/(m^2 sr um),W/(m^2 um),value_si=value_native*1e8/(wavelength_um^2),2401.0,4.164931278633903,0.7069,8.88e-07,5.119143287999999,1.26e-06,7.263649259999998
mwir_std_solar_direct,D:\HwaSimIR\HwaSim_IR\Bin\Config\Atmosphere\MODTRAN\raw\audit_mwir_standard_20260906\mwir_std_solar_direct\MODOUT2.txt,W/(cm^2 sr cm^-1),W/(cm^2 cm^-1),W/(m^2 sr um),W/(m^2 um),value_si=value_native*1e8/(wavelength_um^2),2402.0,4.163197335553705,0.7146,8.99e-07,5.186873996,1.26e-06,7.26970104
mwir_std_solar_direct,D:\HwaSimIR\HwaSim_IR\Bin\Config\Atmosphere\MODTRAN\raw\audit_mwir_standard_20260906\mwir_std_solar_direct\MODOUT2.txt,W/(cm^2 sr cm^-1),W/(cm^2 cm^-1),W/(m^2 sr um),W/(m^2 um),value_si=value_native*1e8/(wavelength_um^2),2403.0,4.161464835622139,0.7199,9.07e-07,5.237388962999999,1.26e-06,7.275755339999999
mwir_std_solar_direct,D:\HwaSimIR\HwaSim_IR\Bin\Config\Atmosphere\MODTRAN\raw\audit_mwir_standard_20260906\mwir_std_solar_direct\MODOUT2.txt,W/(cm^2 sr cm^-1),W/(cm^2 cm^-1),W/(m^2 sr um),W/(m^2 um),value_si=value_native*1e8/(wavelength_um^2),2404.0,4.159733777038269,0.7275,9.17e-07,5.299541072,1.26e-06,7.28181216
mwir_std_solar_direct,D:\HwaSimIR\HwaSim_IR\Bin\Config\Atmosphere\MODTRAN\raw\audit_mwir_standard_20260906\mwir_std_solar_direct\MODOUT2.txt,W/(cm^2 sr cm^-1),W/(cm^2 cm^-1),W/(m^2 sr um),W/(m^2 um),value_si=value_native*1e8/(wavelength_um^2),2405.0,4.158004158004158,0.7308,9.22e-07,5.33287105,1.26e-06,7.2878715
mwir_std_solar_direct,D:\HwaSimIR\HwaSim_IR\Bin\Config\Atmosphere\MODTRAN\raw\audit_mwir_standard_20260906\mwir_std_solar_direct\MODOUT2.txt,W/(cm^2 sr cm^-1),W/(cm^2 cm^-1),W/(m^2 sr um),W/(m^2 um),value_si=value_native*1e8/(wavelength_um^2),2406.0,4.156275976724855,0.7407,9.34e-07,5.406772823999999,1.26e-06,7.29393336
mwir_std_solar_direct,D:\HwaSimIR\HwaSim_IR\Bin\Config\Atmosphere\MODTRAN\raw\audit_mwir_standard_20260906\mwir_std_solar_direct\MODOUT2.txt,W/(cm^2 sr cm^-1),W/(cm^2 cm^-1),W/(m^2 sr um),W/(m^2 um),value_si=value_native*1e8/(wavelength_um^2),2407.0,4.154549231408392,0.7436,9.37e-07,5.4286491130000005,1.26e-06,7.29999774
mwir_std_solar_direct,D:\HwaSimIR\HwaSim_IR\Bin\Config\Atmosphere\MODTRAN\raw\audit_mwir_standard_20260906\mwir_std_solar_direct\MODOUT2.txt,W/(cm^2 sr cm^-1),W/(cm^2 cm^-1),W/(m^2 sr um),W/(m^2 um),value_si=value_native*1e8/(wavelength_um^2),2408.0,4.152823920265781,0.7534,9.49e-07,5.502742336000001,1.26e-06,7.306064640000001
mwir_std_solar_direct,D:\HwaSimIR\HwaSim_IR\Bin\Config\Atmosphere\MODTRAN\raw\audit_mwir_standard_20260906\mwir_std_solar_direct\MODOUT2.txt,W/(cm^2 sr cm^-1),W/(cm^2 cm^-1),W/(m^2 sr um),W/(m^2 um),value_si=value_native*1e8/(wavelength_um^2),2409.0,4.151100041511,0.7577,9.54e-07,5.536330074000001,1.26e-06,7.312134060000001
mwir_std_solar_direct,D:\HwaSimIR\HwaSim_IR\Bin\Config\Atmosphere\MODTRAN\raw\audit_mwir_standard_20260906\mwir_std_solar_direct\MODOUT2.txt,W/(cm^2 sr cm^-1),W/(cm^2 cm^-1),W/(m^2 sr um),W/(m^2 um),value_si=value_native*1e8/(wavelength_um^2),2410.0,4.149377593360996,0.7672,9.66e-07,5.6106245999999995,1.26e-06,7.318205999999999
mwir_std_solar_direct,D:\HwaSimIR\HwaSim_IR\Bin\Config\Atmosphere\MODTRAN\raw\audit_mwir_standard_20260906\mwir_std_solar_direct\MODOUT2.txt,W/(cm^2 sr cm^-1),W/(cm^2 cm^-1),W/(m^2 sr um),W/(m^2 um),value_si=value_native*1e8/(wavelength_um^2),2411.0,4.14765657403567,0.7684,9.68e-07,5.626907527999999,1.26e-06,7.324280459999999
mwir_std_solar_direct,D:\HwaSimIR\HwaSim_IR\Bin\Config\Atmosphere\MODTRAN\raw\audit_mwir_standard_20260906\mwir_std_solar_direct\MODOUT2.txt,W/(cm^2 sr cm^-1),W/(cm^2 cm^-1),W/(m^2 sr um),W/(m^2 um),value_si=value_native*1e8/(wavelength_um^2),2412.0,4.1459369817578775,0.7723,9.75e-07,5.6723004,1.26e-06,7.330357439999999
mwir_std_solar_direct,D:\HwaSimIR\HwaSim_IR\Bin\Config\Atmosphere\MODTRAN\raw\audit_mwir_standard_20260906\mwir_std_solar_direct\MODOUT2.txt,W/(cm^2 sr cm^-1),W/(cm^2 cm^-1),W/(m^2 sr um),W/(m^2 um),value_si=value_native*1e8/(wavelength_um^2),2413.0,4.144218814753419,0.7781,9.84e-07,5.7294078960000006,1.27e-06,7.39466263
mwir_std_solar_direct,D:\HwaSimIR\HwaSim_IR\Bin\Config\Atmosphere\MODTRAN\raw\audit_mwir_standard_20260906\mwir_std_solar_direct\MODOUT2.txt,W/(cm^2 sr cm^-1),W/(cm^2 cm^-1),W/(m^2 sr um),W/(m^2 um),value_si=value_native*1e8/(wavelength_um^2),2414.0,4.142502071251036,0.7779,9.86e-07,5.745812456,1.27e-06,7.40079292
mwir_std_solar_direct,D:\HwaSimIR\HwaSim_IR\Bin\Config\Atmosphere\MODTRAN\raw\audit_mwir_standard_20260906\mwir_std_solar_direct\MODOUT2.txt,W/(cm^2 sr cm^-1),W/(cm^2 cm^-1),W/(m^2 sr um),W/(m^2 um),value_si=value_native*1e8/(wavelength_um^2),2415.0,4.140786749482402,0.7843,9.95e-07,5.803063874999999,1.27e-06,7.406925749999998
mwir_std_solar_direct,D:\HwaSimIR\HwaSim_IR\Bin\Config\Atmosphere\MODTRAN\raw\audit_mwir_standard_20260906\mwir_std_solar_direct\MODOUT2.txt,W/(cm^2 sr cm^-1),W/(cm^2 cm^-1),W/(m^2 sr um),W/(m^2 um),value_si=value_native*1e8/(wavelength_um^2),2416.0,4.139072847682119,0.7852,9.99e-07,5.8312189440000015,1.27e-06,7.413061120000001
mwir_std_solar_direct,D:\HwaSimIR\HwaSim_IR\Bin\Config\Atmosphere\MODTRAN\raw\audit_mwir_standard_20260906\mwir_std_solar_direct\MODOUT2.txt,W/(cm^2 sr cm^-1),W/(cm^2 cm^-1),W/(m^2 sr um),W/(m^2 um),value_si=value_native*1e8/(wavelength_um^2),2417.0,4.137360364087712,0.7924,1.01e-06,5.90030789,1.27e-06,7.419199029999999
mwir_std_solar_direct,D:\HwaSimIR\HwaSim_IR\Bin\Config\Atmosphere\MODTRAN\raw\audit_mwir_standard_20260906\mwir_std_solar_direct\MODOUT2.txt,W/(cm^2 sr cm^-1),W/(cm^2 cm^-1),W/(m^2 sr um),W/(m^2 um),value_si=value_native*1e8/(wavelength_um^2),2418.0,4.1356492969396195,0.7931,1.01e-06,5.90519124,1.27e-06,7.425339479999999
mwir_std_solar_direct,D:\HwaSimIR\HwaSim_IR\Bin\Config\Atmosphere\MODTRAN\raw\audit_mwir_standard_20260906\mwir_std_solar_direct\MODOUT2.txt,W/(cm^2 sr cm^-1),W/(cm^2 cm^-1),W/(m^2 sr um),W/(m^2 um),value_si=value_native*1e8/(wavelength_um^2),2419.0,4.133939644481191,0.8002,1.02e-06,5.968592219999999,1.27e-06,7.431482469999998
mwir_std_solar_direct,D:\HwaSimIR\HwaSim_IR\Bin\Config\Atmosphere\MODTRAN\raw\audit_mwir_standard_20260906\mwir_std_solar_direct\MODOUT2.txt,W/(cm^2 sr cm^-1),W/(cm^2 cm^-1),W/(m^2 sr um),W/(m^2 um),value_si=value_native*1e8/(wavelength_um^2),2420.0,4.132231404958677,0.8014,1.02e-06,5.973528000000001,1.27e-06,7.437628
mwir_std_solar_direct,D:\HwaSimIR\HwaSim_IR\Bin\Config\Atmosphere\MODTRAN\raw\audit_mwir_standard_20260906\mwir_std_solar_direct\MODOUT2.txt,W/(cm^2 sr cm^-1),W/(cm^2 cm^-1),W/(m^2 sr um),W/(m^2 um),value_si=value_native*1e8/(wavelength_um^2),2421.0,4.130524576621231,0.803,1.02e-06,5.97846582,1.27e-06,7.443776069999999
mwir_std_solar_direct,D:\HwaSimIR\HwaSim_IR\Bin\Config\Atmosphere\MODTRAN\raw\audit_mwir_standard_20260906\mwir_std_solar_direct\MODOUT2.txt,W/(cm^2 sr cm^-1),W/(cm^2 cm^-1),W/(m^2 sr um),W/(m^2 um),value_si=value_native*1e8/(wavelength_um^2),2422.0,4.1288191577208915,0.8081,1.03e-06,6.042066520000002,1.28e-06,7.508587520000002
mwir_std_solar_direct,D:\HwaSimIR\HwaSim_IR\Bin\Config\Atmosphere\MODTRAN\raw\audit_mwir_standard_20260906\mwir_std_solar_direct\MODOUT2.txt,W/(cm^2 sr cm^-1),W/(cm^2 cm^-1),W/(m^2 sr um),W/(m^2 um),value_si=value_native*1e8/(wavelength_um^2),2423.0,4.127115146512588,0.8054,1.03e-06,6.0470568700000005,1.28e-06,7.51478912
mwir_std_solar_direct,D:\HwaSimIR\HwaSim_IR\Bin\Config\Atmosphere\MODTRAN\raw\audit_mwir_standard_20260906\mwir_std_solar_direct\MODOUT2.txt,W/(cm^2 sr cm^-1),W/(cm^2 cm^-1),W/(m^2 sr um),W/(m^2 um),value_si=value_native*1e8/(wavelength_um^2),2424.0,4.125412541254126,0.8121,1.04e-06,6.110807039999999,1.28e-06,7.520993279999999
mwir_std_solar_direct,D:\HwaSimIR\HwaSim_IR\Bin\Config\Atmosphere\MODTRAN\raw\audit_mwir_standard_20260906\mwir_std_solar_direct\MODOUT2.txt,W/(cm^2 sr cm^-1),W/(cm^2 cm^-1),W/(m^2 sr um),W/(m^2 um),value_si=value_native*1e8/(wavelength_um^2),2425.0,4.123711340206185,0.8118,1.04e-06,6.115850000000002,1.28e-06,7.527200000000002
mwir_std_solar_direct,D:\HwaSimIR\HwaSim_IR\Bin\Config\Atmosphere\MODTRAN\raw\audit_mwir_standard_20260906\mwir_std_solar_direct\MODOUT2.txt,W/(cm^2 sr cm^-1),W/(cm^2 cm^-1),W/(m^2 sr um),W/(m^2 um),value_si=value_native*1e8/(wavelength_um^2),2426.0,4.122011541632316,0.8147,1.04e-06,6.120895040000001,1.28e-06,7.533409280000001
mwir_std_solar_direct,D:\HwaSimIR\HwaSim_IR\Bin\Config\Atmosphere\MODTRAN\raw\audit_mwir_standard_20260906\mwir_std_solar_direct\MODOUT2.txt,W/(cm^2 sr cm^-1),W/(cm^2 cm^-1),W/(m^2 sr um),W/(m^2 um),value_si=value_native*1e8/(wavelength_um^2),2427.0,4.120313143798929,0.8184,1.05e-06,6.184845449999999,1.28e-06,7.53962112
mwir_std_solar_direct,D:\HwaSimIR\HwaSim_IR\Bin\Config\Atmosphere\MODTRAN\raw\audit_mwir_standard_20260906\mwir_std_solar_direct\MODOUT2.txt,W/(cm^2 sr cm^-1),W/(cm^2 cm^-1),W/(m^2 sr um),W/(m^2 um),value_si=value_native*1e8/(wavelength_um^2),2428.0,4.118616144975288,0.8196,1.05e-06,6.1899432,1.28e-06,7.545835520000002
mwir_std_solar_direct,D:\HwaSimIR\HwaSim_IR\Bin\Config\Atmosphere\MODTRAN\raw\audit_mwir_standard_20260906\mwir_std_solar_direct\MODOUT2.txt,W/(cm^2 sr cm^-1),W/(cm^2 cm^-1),W/(m^2 sr um),W/(m^2 um),value_si=value_native*1e8/(wavelength_um^2),2429.0,4.116920543433512,0.8169,1.05e-06,6.195043049999999,1.28e-06,7.5520524799999995
mwir_std_solar_direct,D:\HwaSimIR\HwaSim_IR\Bin\Config\Atmosphere\MODTRAN\raw\audit_mwir_standard_20260906\mwir_std_solar_direct\MODOUT2.txt,W/(cm^2 sr cm^-1),W/(cm^2 cm^-1),W/(m^2 sr um),W/(m^2 um),value_si=value_native*1e8/(wavelength_um^2),2430.0,4.11522633744856,0.8215,1.05e-06,6.200144999999999,1.28e-06,7.5582720000000005
mwir_std_solar_direct,D:\HwaSimIR\HwaSim_IR\Bin\Config\Atmosphere\MODTRAN\raw\audit_mwir_standard_20260906\mwir_std_solar_direct\MODOUT2.txt,W/(cm^2 sr cm^-1),W/(cm^2 cm^-1),W/(m^2 sr um),W/(m^2 um),value_si=value_native*1e8/(wavelength_um^2),2431.0,4.113533525298231,0.8228,1.05e-06,6.205249049999999,1.28e-06,7.56449408
mwir_std_solar_direct,D:\HwaSimIR\HwaSim_IR\Bin\Config\Atmosphere\MODTRAN\raw\audit_mwir_standard_20260906\mwir_std_solar_direct\MODOUT2.txt,W/(cm^2 sr cm^-1),W/(cm^2 cm^-1),W/(m^2 sr um),W/(m^2 um),value_si=value_native*1e8/(wavelength_um^2),2432.0,4.1118421052631575,0.819,1.05e-06,6.2103552,1.28e-06,7.570718720000001
mwir_std_solar_direct,D:\HwaSimIR\HwaSim_IR\Bin\Config\Atmosphere\MODTRAN\raw\audit_mwir_standard_20260906\mwir_std_solar_direct\MODOUT2.txt,W/(cm^2 sr cm^-1),W/(cm^2 cm^-1),W/(m^2 sr um),W/(m^2 um),value_si=value_native*1e8/(wavelength_um^2),2433.0,4.110152075626798,0.8256,1.06e-06,6.274658339999999,1.28e-06,7.576945919999999
mwir_std_solar_direct,D:\HwaSimIR\HwaSim_IR\Bin\Config\Atmosphere\MODTRAN\raw\audit_mwir_standard_20260906\mwir_std_solar_direct\MODOUT2.txt,W/(cm^2 sr cm^-1),W/(cm^2 cm^-1),W/(m^2 sr um),W/(m^2 um),value_si=value_native*1e8/(wavelength_um^2),2434.0,4.108463434675431,0.8292,1.07e-06,6.3390609200000005,1.29e-06,7.6424192400000015
mwir_std_solar_direct,D:\HwaSimIR\HwaSim_IR\Bin\Config\Atmosphere\MODTRAN\raw\audit_mwir_standard_20260906\mwir_std_solar_direct\MODOUT2.txt,W/(cm^2 sr cm^-1),W/(cm^2 cm^-1),W/(m^2 sr um),W/(m^2 um),value_si=value_native*1e8/(wavelength_um^2),2435.0,4.1067761806981515,0.8281,1.07e-06,6.344270750000001,1.29e-06,7.648700250000001
mwir_std_solar_direct,D:\HwaSimIR\HwaSim_IR\Bin\Config\Atmosphere\MODTRAN\raw\audit_mwir_standard_20260906\mwir_std_solar_direct\MODOUT2.txt,W/(cm^2 sr cm^-1),W/(cm^2 cm^-1),W/(m^2 sr um),W/(m^2 um),value_si=value_native*1e8/(wavelength_um^2),2436.0,4.105090311986864,0.8283,1.07e-06,6.34948272,1.29e-06,7.654983840000002
mwir_std_solar_direct,D:\HwaSimIR\HwaSim_IR\Bin\Config\Atmosphere\MODTRAN\raw\audit_mwir_standard_20260906\mwir_std_solar_direct\MODOUT2.txt,W/(cm^2 sr cm^-1),W/(cm^2 cm^-1),W/(m^2 sr um),W/(m^2 um),value_si=value_native*1e8/(wavelength_um^2),2437.0,4.1034058268362745,0.8307,1.07e-06,6.354696829999997,1.29e-06,7.661270009999998
mwir_std_solar_direct,D:\HwaSimIR\HwaSim_IR\Bin\Config\Atmosphere\MODTRAN\raw\audit_mwir_standard_20260906\mwir_std_solar_direct\MODOUT2.txt,W/(cm^2 sr cm^-1),W/(cm^2 cm^-1),W/(m^2 sr um),W/(m^2 um),value_si=value_native*1e8/(wavelength_um^2),2438.0,4.1017227235438884,0.8293,1.07e-06,6.359913079999999,1.29e-06,7.66755876
mwir_std_solar_direct,D:\HwaSimIR\HwaSim_IR\Bin\Config\Atmosphere\MODTRAN\raw\audit_mwir_standard_20260906\mwir_std_solar_direct\MODOUT2.txt,W/(cm^2 sr cm^-1),W/(cm^2 cm^-1),W/(m^2 sr um),W/(m^2 um),value_si=value_native*1e8/(wavelength_um^2),2439.0,4.1000410004100045,0.8294,1.07e-06,6.365131469999997,1.3e-06,7.733337299999998
mwir_std_solar_direct,D:\HwaSimIR\HwaSim_IR\Bin\Config\Atmosphere\MODTRAN\raw\audit_mwir_standard_20260906\mwir_std_solar_direct\MODOUT2.txt,W/(cm^2 sr cm^-1),W/(cm^2 cm^-1),W/(m^2 sr um),W/(m^2 um),value_si=value_native*1e8/(wavelength_um^2),2440.0,4.098360655737705,0.8292,1.07e-06,6.3703520000000005,1.3e-06,7.739680000000001
mwir_std_solar_direct,D:\HwaSimIR\HwaSim_IR\Bin\Config\Atmosphere\MODTRAN\raw\audit_mwir_standard_20260906\mwir_std_solar_direct\MODOUT2.txt,W/(cm^2 sr cm^-1),W/(cm^2 cm^-1),W/(m^2 sr um),W/(m^2 um),value_si=value_native*1e8/(wavelength_um^2),2441.0,4.096681687832856,0.8183,1.06e-06,6.315989859999999,1.29e-06,7.686440489999999
mwir_std_solar_direct,D:\HwaSimIR\HwaSim_IR\Bin\Config\Atmosphere\MODTRAN\raw\audit_mwir_standard_20260906\mwir_std_solar_direct\MODOUT2.txt,W/(cm^2 sr cm^-1),W/(cm^2 cm^-1),W/(m^2 sr um),W/(m^2 um),value_si=value_native*1e8/(wavelength_um^2),2442.0,4.095004095004095,0.8269,1.07e-06,6.38079948,1.3e-06,7.752373200000002
mwir_std_solar_direct,D:\HwaSimIR\HwaSim_IR\Bin\Config\Atmosphere\MODTRAN\raw\audit_mwir_standard_20260906\mwir_std_solar_direct\MODOUT2.txt,W/(cm^2 sr cm^-1),W/(cm^2 cm^-1),W/(m^2 sr um),W/(m^2 um),value_si=value_native*1e8/(wavelength_um^2),2443.0,4.093327875562832,0.8303,1.08e-06,6.445708920000001,1.3e-06,7.758723700000001
mwir_std_solar_direct,D:\HwaSimIR\HwaSim_IR\Bin\Config\Atmosphere\MODTRAN\raw\audit_mwir_standard_20260906\mwir_std_solar_direct\MODOUT2.txt,W/(cm^2 sr cm^-1),W/(cm^2 cm^-1),W/(m^2 sr um),W/(m^2 um),value_si=value_native*1e8/(wavelength_um^2),2444.0,4.091653027823241,0.8313,1.07e-06,6.39125552,1.29e-06,7.70534544
mwir_std_solar_direct,D:\HwaSimIR\HwaSim_IR\Bin\Config\Atmosphere\MODTRAN\raw\audit_mwir_standard_20260906\mwir_std_solar_direct\MODOUT2.txt,W/(cm^2 sr cm^-1),W/(cm^2 cm^-1),W/(m^2 sr um),W/(m^2 um),value_si=value_native*1e8/(wavelength_um^2),2445.0,4.08997955010225,0.8316,1.08e-06,6.4562669999999995,1.29e-06,7.711652249999999
mwir_std_solar_direct,D:\HwaSimIR\HwaSim_IR\Bin\Config\Atmosphere\MODTRAN\raw\audit_mwir_standard_20260906\mwir_std_solar_direct\MODOUT2.txt,W/(cm^2 sr cm^-1),W/(cm^2 cm^-1),W/(m^2 sr um),W/(m^2 um),value_si=value_native*1e8/(wavelength_um^2),2446.0,4.088307440719542,0.8348,1.08e-06,6.461549280000001,1.3e-06,7.777790800000001
mwir_std_solar_direct,D:\HwaSimIR\HwaSim_IR\Bin\Config\Atmosphere\MODTRAN\raw\audit_mwir_standard_20260906\mwir_std_solar_direct\MODOUT2.txt,W/(cm^2 sr cm^-1),W/(cm^2 cm^-1),W/(m^2 sr um),W/(m^2 um),value_si=value_native*1e8/(wavelength_um^2),2447.0,4.086636697997548,0.8346,1.08e-06,6.4668337199999995,1.3e-06,7.7841517
mwir_std_solar_direct,D:\HwaSimIR\HwaSim_IR\Bin\Config\Atmosphere\MODTRAN\raw\audit_mwir_standard_20260906\mwir_std_solar_direct\MODOUT2.txt,W/(cm^2 sr cm^-1),W/(cm^2 cm^-1),W/(m^2 sr um),W/(m^2 um),value_si=value_native*1e8/(wavelength_um^2),2448.0,4.084967320261438,0.8186,1.06e-06,6.352266240000001,1.3e-06,7.7905152000000015
mwir_std_solar_direct,D:\HwaSimIR\HwaSim_IR\Bin\Config\Atmosphere\MODTRAN\raw\audit_mwir_standard_20260906\mwir_std_solar_direct\MODOUT2.txt,W/(cm^2 sr cm^-1),W/(cm^2 cm^-1),W/(m^2 sr um),W/(m^2 um),value_si=value_native*1e8/(wavelength_um^2),2449.0,4.083299305839118,0.8375,1.09e-06,6.53738509,1.3e-06,7.7968813
mwir_std_solar_direct,D:\HwaSimIR\HwaSim_IR\Bin\Config\Atmosphere\MODTRAN\raw\audit_mwir_standard_20260906\mwir_std_solar_direct\MODOUT2.txt,W/(cm^2 sr cm^-1),W/(cm^2 cm^-1),W/(m^2 sr um),W/(m^2 um),value_si=value_native*1e8/(wavelength_um^2),2450.0,4.081632653061225,0.8398,1.09e-06,6.542725,1.3e-06,7.803249999999999
mwir_std_solar_direct,D:\HwaSimIR\HwaSim_IR\Bin\Config\Atmosphere\MODTRAN\raw\audit_mwir_standard_20260906\mwir_std_solar_direct\MODOUT2.txt,W/(cm^2 sr cm^-1),W/(cm^2 cm^-1),W/(m^2 sr um),W/(m^2 um),value_si=value_native*1e8/(wavelength_um^2),2451.0,4.079967360261118,0.8374,1.09e-06,6.54806709,1.3e-06,7.8096213
mwir_std_solar_direct,D:\HwaSimIR\HwaSim_IR\Bin\Config\Atmosphere\MODTRAN\raw\audit_mwir_standard_20260906\mwir_std_solar_direct\MODOUT2.txt,W/(cm^2 sr cm^-1),W/(cm^2 cm^-1),W/(m^2 sr um),W/(m^2 um),value_si=value_native*1e8/(wavelength_um^2),2452.0,4.078303425774878,0.8412,1.1e-06,6.6135344,1.31e-06,7.87611824
mwir_std_solar_direct,D:\HwaSimIR\HwaSim_IR\Bin\Config\Atmosphere\MODTRAN\raw\audit_mwir_standard_20260906\mwir_std_solar_direct\MODOUT2.txt,W/(cm^2 sr cm^-1),W/(cm^2 cm^-1),W/(m^2 sr um),W/(m^2 um),value_si=value_native*1e8/(wavelength_um^2),2453.0,4.076640847941296,0.8462,1.11e-06,6.679101990000001,1.31e-06,7.8825437900000015
mwir_std_solar_direct,D:\HwaSimIR\HwaSim_IR\Bin\Config\Atmosphere\MODTRAN\raw\audit_mwir_standard_20260906\mwir_std_solar_direct\MODOUT2.txt,W/(cm^2 sr cm^-1),W/(cm^2 cm^-1),W/(m^2 sr um),W/(m^2 um),value_si=value_native*1e8/(wavelength_um^2),2454.0,4.074979625101874,0.8352,1.09e-06,6.564106440000001,1.31e-06,7.888971960000001
mwir_std_solar_direct,D:\HwaSimIR\HwaSim_IR\Bin\Config\Atmosphere\MODTRAN\raw\audit_mwir_standard_20260906\mwir_std_solar_direct\MODOUT2.txt,W/(cm^2 sr cm^-1),W/(cm^2 cm^-1),W/(m^2 sr um),W/(m^2 um),value_si=value_native*1e8/(wavelength_um^2),2455.0,4.0733197556008145,0.8562,1.12e-06,6.750268000000002,1.31e-06,7.895402750000001
mwir_std_solar_direct,D:\HwaSimIR\HwaSim_IR\Bin\Config\Atmosphere\MODTRAN\raw\audit_mwir_standard_20260906\mwir_std_solar_direct\MODOUT2.txt,W/(cm^2 sr cm^-1),W/(cm^2 cm^-1),W/(m^2 sr um),W/(m^2 um),value_si=value_native*1e8/(wavelength_um^2),2456.0,4.071661237785016,0.8602,1.12e-06,6.755768320000001,1.31e-06,7.90183616
mwir_std_solar_direct,D:\HwaSimIR\HwaSim_IR\Bin\Config\Atmosphere\MODTRAN\raw\audit_mwir_standard_20260906\mwir_std_solar_direct\MODOUT2.txt,W/(cm^2 sr cm^-1),W/(cm^2 cm^-1),W/(m^2 sr um),W/(m^2 um),value_si=value_native*1e8/(wavelength_um^2),2457.0,4.07000407000407,0.8634,1.13e-06,6.82163937,1.31e-06,7.90827219
mwir_std_solar_direct,D:\HwaSimIR\HwaSim_IR\Bin\Config\Atmosphere\MODTRAN\raw\audit_mwir_standard_20260906\mwir_std_solar_direct\MODOUT2.txt,W/(cm^2 sr cm^-1),W/(cm^2 cm^-1),W/(m^2 sr um),W/(m^2 um),value_si=value_native*1e8/(wavelength_um^2),2458.0,4.068348250610252,0.8685,1.13e-06,6.827193320000001,1.3e-06,7.854293200000002
mwir_std_solar_direct,D:\HwaSimIR\HwaSim_IR\Bin\Config\Atmosphere\MODTRAN\raw\audit_mwir_standard_20260906\mwir_std_solar_direct\MODOUT2.txt,W/(cm^2 sr cm^-1),W/(cm^2 cm^-1),W/(m^2 sr um),W/(m^2 um),value_si=value_native*1e8/(wavelength_um^2),2459.0,4.06669377795852,0.8653,1.13e-06,6.83274953,1.3e-06,7.8606853
mwir_std_solar_direct,D:\HwaSimIR\HwaSim_IR\Bin\Config\Atmosphere\MODTRAN\raw\audit_mwir_standard_20260906\mwir_std_solar_direct\MODOUT2.txt,W/(cm^2 sr cm^-1),W/(cm^2 cm^-1),W/(m^2 sr um),W/(m^2 um),value_si=value_native*1e8/(wavelength_um^2),2460.0,4.065040650406504,0.8734,1.14e-06,6.898823999999999,1.3e-06,7.867079999999998
mwir_std_solar_direct,D:\HwaSimIR\HwaSim_IR\Bin\Config\Atmosphere\MODTRAN\raw\audit_mwir_standard_20260906\mwir_std_solar_direct\MODOUT2.txt,W/(cm^2 sr cm^-1),W/(cm^2 cm^-1),W/(m^2 sr um),W/(m^2 um),value_si=value_native*1e8/(wavelength_um^2),2461.0,4.063388866314506,0.8835,1.15e-06,6.9649991500000015,1.31e-06,7.934042510000001
mwir_std_solar_direct,D:\HwaSimIR\HwaSim_IR\Bin\Config\Atmosphere\MODTRAN\raw\audit_mwir_standard_20260906\mwir_std_solar_direct\MODOUT2.txt,W/(cm^2 sr cm^-1),W/(cm^2 cm^-1),W/(m^2 sr um),W/(m^2 um),value_si=value_native*1e8/(wavelength_um^2),2462.0,4.061738424045491,0.8864,1.16e-06,7.03127504,1.31e-06,7.94049164
mwir_std_solar_direct,D:\HwaSimIR\HwaSim_IR\Bin\Config\Atmosphere\MODTRAN\raw\audit_mwir_standard_20260906\mwir_std_solar_direct\MODOUT2.txt,W/(cm^2 sr cm^-1),W/(cm^2 cm^-1),W/(m^2 sr um),W/(m^2 um),value_si=value_native*1e8/(wavelength_um^2),2463.0,4.0600893219650835,0.8853,1.16e-06,7.036988039999998,1.31e-06,7.946943389999999
mwir_std_solar_direct,D:\HwaSimIR\HwaSim_IR\Bin\Config\Atmosphere\MODTRAN\raw\audit_mwir_standard_20260906\mwir_std_solar_direct\MODOUT2.txt,W/(cm^2 sr cm^-1),W/(cm^2 cm^-1),W/(m^2 sr um),W/(m^2 um),value_si=value_native*1e8/(wavelength_um^2),2464.0,4.058441558441558,0.8837,1.16e-06,7.04270336,1.31e-06,7.953397760000001
mwir_std_solar_direct,D:\HwaSimIR\HwaSim_IR\Bin\Config\Atmosphere\MODTRAN\raw\audit_mwir_standard_20260906\mwir_std_solar_direct\MODOUT2.txt,W/(cm^2 sr cm^-1),W/(cm^2 cm^-1),W/(m^2 sr um),W/(m^2 um),value_si=value_native*1e8/(wavelength_um^2),2465.0,4.056795131845842,0.8718,1.14e-06,6.926896500000001,1.3e-06,7.899092499999999
mwir_std_solar_direct,D:\HwaSimIR\HwaSim_IR\Bin\Config\Atmosphere\MODTRAN\raw\audit_mwir_standard_20260906\mwir_std_solar_direct\MODOUT2.txt,W/(cm^2 sr cm^-1),W/(cm^2 cm^-1),W/(m^2 sr um),W/(m^2 um),value_si=value_native*1e8/(wavelength_um^2),2466.0,4.0551500405515,0.8769,1.13e-06,6.871706280000001,1.29e-06,7.84469124
mwir_std_solar_direct,D:\HwaSimIR\HwaSim_IR\Bin\Config\Atmosphere\MODTRAN\raw\audit_mwir_standard_20260906\mwir_std_solar_direct\MODOUT2.txt,W/(cm^2 sr cm^-1),W/(cm^2 cm^-1),W/(m^2 sr um),W/(m^2 um),value_si=value_native*1e8/(wavelength_um^2),2467.0,4.053506282934738,0.8767,1.13e-06,6.87728057,1.28e-06,7.79019392
mwir_std_solar_direct,D:\HwaSimIR\HwaSim_IR\Bin\Config\Atmosphere\MODTRAN\raw\audit_mwir_standard_20260906\mwir_std_solar_direct\MODOUT2.txt,W/(cm^2 sr cm^-1),W/(cm^2 cm^-1),W/(m^2 sr um),W/(m^2 um),value_si=value_native*1e8/(wavelength_um^2),2468.0,4.051863857374392,0.8778,1.13e-06,6.8828571200000015,1.28e-06,7.7965107200000014
mwir_std_solar_direct,D:\HwaSimIR\HwaSim_IR\Bin\Config\Atmosphere\MODTRAN\raw\audit_mwir_standard_20260906\mwir_std_solar_direct\MODOUT2.txt,W/(cm^2 sr cm^-1),W/(cm^2 cm^-1),W/(m^2 sr um),W/(m^2 um),value_si=value_native*1e8/(wavelength_um^2),2469.0,4.050222762251924,0.86,1.11e-06,6.76651671,1.29e-06,7.86378969
mwir_std_solar_direct,D:\HwaSimIR\HwaSim_IR\Bin\Config\Atmosphere\MODTRAN\raw\audit_mwir_standard_20260906\mwir_std_solar_direct\MODOUT2.txt,W/(cm^2 sr cm^-1),W/(cm^2 cm^-1),W/(m^2 sr um),W/(m^2 um),value_si=value_native*1e8/(wavelength_um^2),2470.0,4.048582995951417,0.8765,1.14e-06,6.955026000000001,1.3e-06,7.931170000000001
mwir_std_solar_direct,D:\HwaSimIR\HwaSim_IR\Bin\Config\Atmosphere\MODTRAN\raw\audit_mwir_standard_20260906\mwir_std_solar_direct\MODOUT2.txt,W/(cm^2 sr cm^-1),W/(cm^2 cm^-1),W/(m^2 sr um),W/(m^2 um),value_si=value_native*1e8/(wavelength_um^2),2471.0,4.046944556859571,0.8773,1.15e-06,7.0217171500000015,1.31e-06,7.998651710000002
mwir_std_solar_direct,D:\HwaSimIR\HwaSim_IR\Bin\Config\Atmosphere\MODTRAN\raw\audit_mwir_standard_20260906\mwir_std_solar_direct\MODOUT2.txt,W/(cm^2 sr cm^-1),W/(cm^2 cm^-1),W/(m^2 sr um),W/(m^2 um),value_si=value_native*1e8/(wavelength_um^2),2472.0,4.0453074433656955,0.8736,1.15e-06,7.027401600000002,1.32e-06,8.066234880000001
mwir_std_solar_direct,D:\HwaSimIR\HwaSim_IR\Bin\Config\Atmosphere\MODTRAN\raw\audit_mwir_standard_20260906\mwir_std_solar_direct\MODOUT2.txt,W/(cm^2 sr cm^-1),W/(cm^2 cm^-1),W/(m^2 sr um),W/(m^2 um),value_si=value_native*1e8/(wavelength_um^2),2473.0,4.043671653861707,0.8767,1.16e-06,7.094245639999998,1.32e-06,8.072762279999997
mwir_std_solar_direct,D:\HwaSimIR\HwaSim_IR\Bin\Config\Atmosphere\MODTRAN\raw\audit_mwir_standard_20260906\mwir_std_solar_direct\MODOUT2.txt,W/(cm^2 sr cm^-1),W/(cm^2 cm^-1),W/(m^2 sr um),W/(m^2 um),value_si=value_native*1e8/(wavelength_um^2),2474.0,4.042037186742118,0.8511,1.12e-06,6.855157119999999,1.32e-06,8.079292319999999
mwir_std_solar_direct,D:\HwaSimIR\HwaSim_IR\Bin\Config\Atmosphere\MODTRAN\raw\audit_mwir_standard_20260906\mwir_std_solar_direct\MODOUT2.txt,W/(cm^2 sr cm^-1),W/(cm^2 cm^-1),W/(m^2 sr um),W/(m^2 um),value_si=value_native*1e8/(wavelength_um^2),2475.0,4.040404040404041,0.8838,1.17e-06,7.166981249999999,1.32e-06,8.085824999999998
mwir_std_solar_direct,D:\HwaSimIR\HwaSim_IR\Bin\Config\Atmosphere\MODTRAN\raw\audit_mwir_standard_20260906\mwir_std_solar_direct\MODOUT2.txt,W/(cm^2 sr cm^-1),W/(cm^2 cm^-1),W/(m^2 sr um),W/(m^2 um),value_si=value_native*1e8/(wavelength_um^2),2476.0,4.038772213247173,0.8858,1.18e-06,7.234079680000001,1.33e-06,8.15366608
mwir_std_solar_direct,D:\HwaSimIR\HwaSim_IR\Bin\Config\Atmosphere\MODTRAN\raw\audit_mwir_standard_20260906\mwir_std_solar_direct\MODOUT2.txt,W/(cm^2 sr cm^-1),W/(cm^2 cm^-1),W/(m^2 sr um),W/(m^2 um),value_si=value_native*1e8/(wavelength_um^2),2477.0,4.037141703673799,0.88,1.17e-06,7.178568929999998,1.33e-06,8.160253569999998
mwir_std_solar_direct,D:\HwaSimIR\HwaSim_IR\Bin\Config\Atmosphere\MODTRAN\raw\audit_mwir_standard_20260906\mwir_std_solar_direct\MODOUT2.txt,W/(cm^2 sr cm^-1),W/(cm^2 cm^-1),W/(m^2 sr um),W/(m^2 um),value_si=value_native*1e8/(wavelength_um^2),2478.0,4.035512510088782,0.8638,1.15e-06,7.061556599999999,1.33e-06,8.16684372
mwir_std_solar_direct,D:\HwaSimIR\HwaSim_IR\Bin\Config\Atmosphere\MODTRAN\raw\audit_mwir_standard_20260906\mwir_std_solar_direct\MODOUT2.txt,W/(cm^2 sr cm^-1),W/(cm^2 cm^-1),W/(m^2 sr um),W/(m^2 um),value_si=value_native*1e8/(wavelength_um^2),2479.0,4.033884630899556,0.8941,1.19e-06,7.313074790000001,1.33e-06,8.17343653
mwir_std_solar_direct,D:\HwaSimIR\HwaSim_IR\Bin\Config\Atmosphere\MODTRAN\raw\audit_mwir_standard_20260906\mwir_std_solar_direct\MODOUT2.txt,W/(cm^2 sr cm^-1),W/(cm^2 cm^-1),W/(m^2 sr um),W/(m^2 um),value_si=value_native*1e8/(wavelength_um^2),2480.0,4.032258064516129,0.8947,1.19e-06,7.318976000000001,1.33e-06,8.180032
mwir_std_solar_direct,D:\HwaSimIR\HwaSim_IR\Bin\Config\Atmosphere\MODTRAN\raw\audit_mwir_standard_20260906\mwir_std_solar_direct\MODOUT2.txt,W/(cm^2 sr cm^-1),W/(cm^2 cm^-1),W/(m^2 sr um),W/(m^2 um),value_si=value_native*1e8/(wavelength_um^2),2481.0,4.030632809351068,0.9002,1.2e-06,7.386433200000001,1.33e-06,8.186630130000001
mwir_std_solar_direct,D:\HwaSimIR\HwaSim_IR\Bin\Config\Atmosphere\MODTRAN\raw\audit_mwir_standard_20260906\mwir_std_solar_direct\MODOUT2.txt,W/(cm^2 sr cm^-1),W/(cm^2 cm^-1),W/(m^2 sr um),W/(m^2 um),value_si=value_native*1e8/(wavelength_um^2),2482.0,4.0290088638195005,0.8889,1.19e-06,7.330785559999999,1.33e-06,8.19323092
mwir_std_solar_direct,D:\HwaSimIR\HwaSim_IR\Bin\Config\Atmosphere\MODTRAN\raw\audit_mwir_standard_20260906\mwir_std_solar_direct\MODOUT2.txt,W/(cm^2 sr cm^-1),W/(cm^2 cm^-1),W/(m^2 sr um),W/(m^2 um),value_si=value_native*1e8/(wavelength_um^2),2483.0,4.027386226339106,0.9046,1.21e-06,7.459999690000001,1.33e-06,8.199834370000001
mwir_std_solar_direct,D:\HwaSimIR\HwaSim_IR\Bin\Config\Atmosphere\MODTRAN\raw\audit_mwir_standard_20260906\mwir_std_solar_direct\MODOUT2.txt,W/(cm^2 sr cm^-1),W/(cm^2 cm^-1),W/(m^2 sr um),W/(m^2 um),value_si=value_native*1e8/(wavelength_um^2),2484.0,4.025764895330113,0.9094,1.21e-06,7.4660097599999995,1.34e-06,8.26814304
mwir_std_solar_direct,D:\HwaSimIR\HwaSim_IR\Bin\Config\Atmosphere\MODTRAN\raw\audit_mwir_standard_20260906\mwir_std_solar_direct\MODOUT2.txt,W/(cm^2 sr cm^-1),W/(cm^2 cm^-1),W/(m^2 sr um),W/(m^2 um),value_si=value_native*1e8/(wavelength_um^2),2485.0,4.0241448692152915,0.9025,1.21e-06,7.472022250000001,1.34e-06,8.2748015
mwir_std_solar_direct,D:\HwaSimIR\HwaSim_IR\Bin\Config\Atmosphere\MODTRAN\raw\audit_mwir_standard_20260906\mwir_std_solar_direct\MODOUT2.txt,W/(cm^2 sr cm^-1),W/(cm^2 cm^-1),W/(m^2 sr um),W/(m^2 um),value_si=value_native*1e8/(wavelength_um^2),2486.0,4.022526146419952,0.9163,1.22e-06,7.539839119999999,1.34e-06,8.281462639999999
mwir_std_solar_direct,D:\HwaSimIR\HwaSim_IR\Bin\Config\Atmosphere\MODTRAN\raw\audit_mwir_standard_20260906\mwir_std_solar_direct\MODOUT2.txt,W/(cm^2 sr cm^-1),W/(cm^2 cm^-1),W/(m^2 sr um),W/(m^2 um),value_si=value_native*1e8/(wavelength_um^2),2487.0,4.0209087253719344,0.9188,1.22e-06,7.5459061799999985,1.33e-06,8.226274769999998
mwir_std_solar_direct,D:\HwaSimIR\HwaSim_IR\Bin\Config\Atmosphere\MODTRAN\raw\audit_mwir_standard_20260906\mwir_std_solar_direct\MODOUT2.txt,W/(cm^2 sr cm^-1),W/(cm^2 cm^-1),W/(m^2 sr um),W/(m^2 um),value_si=value_native*1e8/(wavelength_um^2),2488.0,4.019292604501608,0.9195,1.22e-06,7.551975679999999,1.33e-06,8.232891519999999
mwir_std_solar_direct,D:\HwaSimIR\HwaSim_IR\Bin\Config\Atmosphere\MODTRAN\raw\audit_mwir_standard_20260906\mwir_std_solar_direct\MODOUT2.txt,W/(cm^2 sr cm^-1),W/(cm^2 cm^-1),W/(m^2 sr um),W/(m^2 um),value_si=value_native*1e8/(wavelength_um^2),2489.0,4.017677782241864,0.9173,1.22e-06,7.558047620000001,1.33e-06,8.239510930000002
mwir_std_solar_direct,D:\HwaSimIR\HwaSim_IR\Bin\Config\Atmosphere\MODTRAN\raw\audit_mwir_standard_20260906\mwir_std_solar_direct\MODOUT2.txt,W/(cm^2 sr cm^-1),W/(cm^2 cm^-1),W/(m^2 sr um),W/(m^2 um),value_si=value_native*1e8/(wavelength_um^2),2490.0,4.016064257028113,0.9247,1.23e-06,7.626123000000001,1.33e-06,8.246132999999999
mwir_std_solar_direct,D:\HwaSimIR\HwaSim_IR\Bin\Config\Atmosphere\MODTRAN\raw\audit_mwir_standard_20260906\mwir_std_solar_direct\MODOUT2.txt,W/(cm^2 sr cm^-1),W/(cm^2 cm^-1),W/(m^2 sr um),W/(m^2 um),value_si=value_native*1e8/(wavelength_um^2),2491.0,4.014452027298274,0.9251,1.23e-06,7.63224963,1.33e-06,8.252757729999999
mwir_std_solar_direct,D:\HwaSimIR\HwaSim_IR\Bin\Config\Atmosphere\MODTRAN\raw\audit_mwir_standard_20260906\mwir_std_solar_direct\MODOUT2.txt,W/(cm^2 sr cm^-1),W/(cm^2 cm^-1),W/(m^2 sr um),W/(m^2 um),value_si=value_native*1e8/(wavelength_um^2),2492.0,4.012841091492777,0.9249,1.24e-06,7.700479360000001,1.34e-06,8.321485760000002
mwir_std_solar_direct,D:\HwaSimIR\HwaSim_IR\Bin\Config\Atmosphere\MODTRAN\raw\audit_mwir_standard_20260906\mwir_std_solar_direct\MODOUT2.txt,W/(cm^2 sr cm^-1),W/(cm^2 cm^-1),W/(m^2 sr um),W/(m^2 um),value_si=value_native*1e8/(wavelength_um^2),2493.0,4.011231448054553,0.9287,1.25e-06,7.768811250000001,1.34e-06,8.32816566
mwir_std_solar_direct,D:\HwaSimIR\HwaSim_IR\Bin\Config\Atmosphere\MODTRAN\raw\audit_mwir_standard_20260906\mwir_std_solar_direct\MODOUT2.txt,W/(cm^2 sr cm^-1),W/(cm^2 cm^-1),W/(m^2 sr um),W/(m^2 um),value_si=value_native*1e8/(wavelength_um^2),2494.0,4.0096230954290295,0.9127,1.23e-06,7.650644280000001,1.35e-06,8.3970486
mwir_std_solar_direct,D:\HwaSimIR\HwaSim_IR\Bin\Config\Atmosphere\MODTRAN\raw\audit_mwir_standard_20260906\mwir_std_solar_direct\MODOUT2.txt,W/(cm^2 sr cm^-1),W/(cm^2 cm^-1),W/(m^2 sr um),W/(m^2 um),value_si=value_native*1e8/(wavelength_um^2),2495.0,4.008016032064128,0.9143,1.23e-06,7.656780750000003,1.35e-06,8.403783750000002
mwir_std_solar_direct,D:\HwaSimIR\HwaSim_IR\Bin\Config\Atmosphere\MODTRAN\raw\audit_mwir_standard_20260906\mwir_std_solar_direct\MODOUT2.txt,W/(cm^2 sr cm^-1),W/(cm^2 cm^-1),W/(m^2 sr um),W/(m^2 um),value_si=value_native*1e8/(wavelength_um^2),2496.0,4.006410256410256,0.9347,1.26e-06,7.84982016,1.35e-06,8.4105216
mwir_std_solar_direct,D:\HwaSimIR\HwaSim_IR\Bin\Config\Atmosphere\MODTRAN\raw\audit_mwir_standard_20260906\mwir_std_solar_direct\MODOUT2.txt,W/(cm^2 sr cm^-1),W/(cm^2 cm^-1),W/(m^2 sr um),W/(m^2 um),value_si=value_native*1e8/(wavelength_um^2),2497.0,4.004805766920304,0.9371,1.27e-06,7.918461429999999,1.35e-06,8.417262149999999
mwir_std_solar_direct,D:\HwaSimIR\HwaSim_IR\Bin\Config\Atmosphere\MODTRAN\raw\audit_mwir_standard_20260906\mwir_std_solar_direct\MODOUT2.txt,W/(cm^2 sr cm^-1),W/(cm^2 cm^-1),W/(m^2 sr um),W/(m^2 um),value_si=value_native*1e8/(wavelength_um^2),2498.0,4.00320256204964,0.9382,1.26e-06,7.862405040000001,1.35e-06,8.4240054
mwir_std_solar_direct,D:\HwaSimIR\HwaSim_IR\Bin\Config\Atmosphere\MODTRAN\raw\audit_mwir_standard_20260906\mwir_std_solar_direct\MODOUT2.txt,W/(cm^2 sr cm^-1),W/(cm^2 cm^-1),W/(m^2 sr um),W/(m^2 um),value_si=value_native*1e8/(wavelength_um^2),2499.0,4.001600640256102,0.9405,1.27e-06,7.931151270000001,1.35e-06,8.430751350000001
mwir_std_solar_direct,D:\HwaSimIR\HwaSim_IR\Bin\Config\Atmosphere\MODTRAN\raw\audit_mwir_standard_20260906\mwir_std_solar_direct\MODOUT2.txt,W/(cm^2 sr cm^-1),W/(cm^2 cm^-1),W/(m^2 sr um),W/(m^2 um),value_si=value_native*1e8/(wavelength_um^2),2500.0,4.0,0.9413,1.27e-06,7.937499999999999,1.34e-06,8.375
mwir_std_solar_direct,D:\HwaSimIR\HwaSim_IR\Bin\Config\Atmosphere\MODTRAN\raw\audit_mwir_standard_20260906\mwir_std_solar_direct\MODOUT2.txt,W/(cm^2 sr cm^-1),W/(cm^2 cm^-1),W/(m^2 sr um),W/(m^2 um),value_si=value_native*1e8/(wavelength_um^2),2501.0,3.9984006397441023,0.9448,1.27e-06,7.943851269999999,1.34e-06,8.38170134
mwir_std_solar_direct,D:\HwaSimIR\HwaSim_IR\Bin\Config\Atmosphere\MODTRAN\raw\audit_mwir_standard_20260906\mwir_std_solar_direct\MODOUT2.txt,W/(cm^2 sr cm^-1),W/(cm^2 cm^-1),W/(m^2 sr um),W/(m^2 um),value_si=value_native*1e8/(wavelength_um^2),2502.0,3.9968025579536373,0.9456,1.27e-06,7.950205079999999,1.34e-06,8.38840536
mwir_std_solar_direct,D:\HwaSimIR\HwaSim_IR\Bin\Config\Atmosphere\MODTRAN\raw\audit_mwir_standard_20260906\mwir_std_solar_direct\MODOUT2.txt,W/(cm^2 sr cm^-1),W/(cm^2 cm^-1),W/(m^2 sr um),W/(m^2 um),value_si=value_native*1e8/(wavelength_um^2),2503.0,3.9952057530962843,0.9443,1.27e-06,7.956561429999999,1.34e-06,8.39511206
mwir_std_solar_direct,D:\HwaSimIR\HwaSim_IR\Bin\Config\Atmosphere\MODTRAN\raw\audit_mwir_standard_20260906\mwir_std_solar_direct\MODOUT2.txt,W/(cm^2 sr cm^-1),W/(cm^2 cm^-1),W/(m^2 sr um),W/(m^2 um),value_si=value_native*1e8/(wavelength_um^2),2504.0,3.9936102236421727,0.9465,1.27e-06,7.9629203199999985,1.35e-06,8.4645216
mwir_std_solar_direct,D:\HwaSimIR\HwaSim_IR\Bin\Config\Atmosphere\MODTRAN\raw\audit_mwir_standard_20260906\mwir_std_solar_direct\MODOUT2.txt,W/(cm^2 sr cm^-1),W/(cm^2 cm^-1),W/(m^2 sr um),W/(m^2 um),value_si=value_native*1e8/(wavelength_um^2),2505.0,3.992015968063872,0.9475,1.28e-06,8.032032000000001,1.35e-06,8.471283750000001
mwir_std_solar_direct,D:\HwaSimIR\HwaSim_IR\Bin\Config\Atmosphere\MODTRAN\raw\audit_mwir_standard_20260906\mwir_std_solar_direct\MODOUT2.txt,W/(cm^2 sr cm^-1),W/(cm^2 cm^-1),W/(m^2 sr um),W/(m^2 um),value_si=value_native*1e8/(wavelength_um^2),2506.0,3.9904229848363926,0.9502,1.28e-06,8.03844608,1.35e-06,8.478048600000001
mwir_std_solar_direct,D:\HwaSimIR\HwaSim_IR\Bin\Config\Atmosphere\MODTRAN\raw\audit_mwir_standard_20260906\mwir_std_solar_direct\MODOUT2.txt,W/(cm^2 sr cm^-1),W/(cm^2 cm^-1),W/(m^2 sr um),W/(m^2 um),value_si=value_native*1e8/(wavelength_um^2),2507.0,3.9888312724371757,0.9494,1.28e-06,8.044862720000001,1.35e-06,8.48481615
mwir_std_solar_direct,D:\HwaSimIR\HwaSim_IR\Bin\Config\Atmosphere\MODTRAN\raw\audit_mwir_standard_20260906\mwir_std_solar_direct\MODOUT2.txt,W/(cm^2 sr cm^-1),W/(cm^2 cm^-1),W/(m^2 sr um),W/(m^2 um),value_si=value_native*1e8/(wavelength_um^2),2508.0,3.9872408293460926,0.9514,1.28e-06,8.05128192,1.35e-06,8.4915864
mwir_std_solar_direct,D:\HwaSimIR\HwaSim_IR\Bin\Config\Atmosphere\MODTRAN\raw\audit_mwir_standard_20260906\mwir_std_solar_direct\MODOUT2.txt,W/(cm^2 sr cm^-1),W/(cm^2 cm^-1),W/(m^2 sr um),W/(m^2 um),value_si=value_native*1e8/(wavelength_um^2),2509.0,3.9856516540454363,0.9509,1.29e-06,8.12065449,1.35e-06,8.49835935
mwir_std_solar_direct,D:\HwaSimIR\HwaSim_IR\Bin\Config\Atmosphere\MODTRAN\raw\audit_mwir_standard_20260906\mwir_std_solar_direct\MODOUT2.txt,W/(cm^2 sr cm^-1),W/(cm^2 cm^-1),W/(m^2 sr um),W/(m^2 um),value_si=value_native*1e8/(wavelength_um^2),2510.0,3.9840637450199203,0.9501,1.29e-06,8.127129,1.36e-06,8.568136
mwir_std_solar_direct,D:\HwaSimIR\HwaSim_IR\Bin\Config\Atmosphere\MODTRAN\raw\audit_mwir_standard_20260906\mwir_std_solar_direct\MODOUT2.txt,W/(cm^2 sr cm^-1),W/(cm^2 cm^-1),W/(m^2 sr um),W/(m^2 um),value_si=value_native*1e8/(wavelength_um^2),2511.0,3.982477100756671,0.9517,1.29e-06,8.133606089999999,1.36e-06,8.57496456
mwir_std_solar_direct,D:\HwaSimIR\HwaSim_IR\Bin\Config\Atmosphere\MODTRAN\raw\audit_mwir_standard_20260906\mwir_std_solar_direct\MODOUT2.txt,W/(cm^2 sr cm^-1),W/(cm^2 cm^-1),W/(m^2 sr um),W/(m^2 um),value_si=value_native*1e8/(wavelength_um^2),2512.0,3.9808917197452227,0.9318,1.27e-06,8.01388288,1.36e-06,8.581795840000002
mwir_std_solar_direct,D:\HwaSimIR\HwaSim_IR\Bin\Config\Atmosphere\MODTRAN\raw\audit_mwir_standard_20260906\mwir_std_solar_direct\MODOUT2.txt,W/(cm^2 sr cm^-1),W/(cm^2 cm^-1),W/(m^2 sr um),W/(m^2 um),value_si=value_native*1e8/(wavelength_um^2),2513.0,3.979307600477517,0.9475,1.29e-06,8.14656801,1.36e-06,8.58862984
mwir_std_solar_direct,D:\HwaSimIR\HwaSim_IR\Bin\Config\Atmosphere\MODTRAN\raw\audit_mwir_standard_20260906\mwir_std_solar_direct\MODOUT2.txt,W/(cm^2 sr cm^-1),W/(cm^2 cm^-1),W/(m^2 sr um),W/(m^2 um),value_si=value_native*1e8/(wavelength_um^2),2514.0,3.977724741447892,0.9545,1.3e-06,8.2162548,1.37e-06,8.65866852
mwir_std_solar_direct,D:\HwaSimIR\HwaSim_IR\Bin\Config\Atmosphere\MODTRAN\raw\audit_mwir_standard_20260906\mwir_std_solar_direct\MODOUT2.txt,W/(cm^2 sr cm^-1),W/(cm^2 cm^-1),W/(m^2 sr um),W/(m^2 um),value_si=value_native*1e8/(wavelength_um^2),2515.0,3.9761431411530817,0.9382,1.28e-06,8.096288,1.37e-06,8.665558249999998
mwir_std_solar_direct,D:\HwaSimIR\HwaSim_IR\Bin\Config\Atmosphere\MODTRAN\raw\audit_mwir_standard_20260906\mwir_std_solar_direct\MODOUT2.txt,W/(cm^2 sr cm^-1),W/(cm^2 cm^-1),W/(m^2 sr um),W/(m^2 um),value_si=value_native*1e8/(wavelength_um^2),2516.0,3.97456279809221,0.9494,1.3e-06,8.2293328,1.37e-06,8.67245072
mwir_std_solar_direct,D:\HwaSimIR\HwaSim_IR\Bin\Config\Atmosphere\MODTRAN\raw\audit_mwir_standard_20260906\mwir_std_solar_direct\MODOUT2.txt,W/(cm^2 sr cm^-1),W/(cm^2 cm^-1),W/(m^2 sr um),W/(m^2 um),value_si=value_native*1e8/(wavelength_um^2),2517.0,3.972983710766786,0.9569,1.31e-06,8.299228589999998,1.37e-06,8.679345929999998
mwir_std_solar_direct,D:\HwaSimIR\HwaSim_IR\Bin\Config\Atmosphere\MODTRAN\raw\audit_mwir_standard_20260906\mwir_std_solar_direct\MODOUT2.txt,W/(cm^2 sr cm^-1),W/(cm^2 cm^-1),W/(m^2 sr um),W/(m^2 um),value_si=value_native*1e8/(wavelength_um^2),2518.0,3.971405877680699,0.9563,1.31e-06,8.30582444,1.37e-06,8.68624388
mwir_std_solar_direct,D:\HwaSimIR\HwaSim_IR\Bin\Config\Atmosphere\MODTRAN\raw\audit_mwir_standard_20260906\mwir_std_solar_direct\MODOUT2.txt,W/(cm^2 sr cm^-1),W/(cm^2 cm^-1),W/(m^2 sr um),W/(m^2 um),value_si=value_native*1e8/(wavelength_um^2),2519.0,3.9698292973402145,0.9563,1.31e-06,8.31242291,1.37e-06,8.69314457
mwir_std_solar_direct,D:\HwaSimIR\HwaSim_IR\Bin\Config\Atmosphere\MODTRAN\raw\audit_mwir_standard_20260906\mwir_std_solar_direct\MODOUT2.txt,W/(cm^2 sr cm^-1),W/(cm^2 cm^-1),W/(m^2 sr um),W/(m^2 um),value_si=value_native*1e8/(wavelength_um^2),2520.0,3.9682539682539684,0.957,1.31e-06,8.319023999999999,1.37e-06,8.700047999999999
mwir_std_solar_direct,D:\HwaSimIR\HwaSim_IR\Bin\Config\Atmosphere\MODTRAN\raw\audit_mwir_standard_20260906\mwir_std_solar_direct\MODOUT2.txt,W/(cm^2 sr cm^-1),W/(cm^2 cm^-1),W/(m^2 sr um),W/(m^2 um),value_si=value_native*1e8/(wavelength_um^2),2521.0,3.9666798889329633,0.9578,1.32e-06,8.38918212,1.37e-06,8.70695417
mwir_std_solar_direct,D:\HwaSimIR\HwaSim_IR\Bin\Config\Atmosphere\MODTRAN\raw\audit_mwir_standard_20260906\mwir_std_solar_direct\MODOUT2.txt,W/(cm^2 sr cm^-1),W/(cm^2 cm^-1),W/(m^2 sr um),W/(m^2 um),value_si=value_native*1e8/(wavelength_um^2),2522.0,3.965107057890563,0.9565,1.31e-06,8.33223404,1.37e-06,8.71386308
mwir_std_solar_direct,D:\HwaSimIR\HwaSim_IR\Bin\Config\Atmosphere\MODTRAN\raw\audit_mwir_standard_20260906\mwir_std_solar_direct\MODOUT2.txt,W/(cm^2 sr cm^-1),W/(cm^2 cm^-1),W/(m^2 sr um),W/(m^2 um),value_si=value_native*1e8/(wavelength_um^2),2523.0,3.963535473642489,0.9573,1.32e-06,8.40249828,1.37e-06,8.72077473
mwir_std_solar_direct,D:\HwaSimIR\HwaSim_IR\Bin\Config\Atmosphere\MODTRAN\raw\audit_mwir_standard_20260906\mwir_std_solar_direct\MODOUT2.txt,W/(cm^2 sr cm^-1),W/(cm^2 cm^-1),W/(m^2 sr um),W/(m^2 um),value_si=value_native*1e8/(wavelength_um^2),2524.0,3.9619651347068148,0.9632,1.32e-06,8.40916032,1.37e-06,8.727689119999999
mwir_std_solar_direct,D:\HwaSimIR\HwaSim_IR\Bin\Config\Atmosphere\MODTRAN\raw\audit_mwir_standard_20260906\mwir_std_solar_direct\MODOUT2.txt,W/(cm^2 sr cm^-1),W/(cm^2 cm^-1),W/(m^2 sr um),W/(m^2 um),value_si=value_native*1e8/(wavelength_um^2),2525.0,3.9603960396039604,0.9558,1.31e-06,8.35206875,1.37e-06,8.73460625
mwir_std_solar_direct,D:\HwaSimIR\HwaSim_IR\Bin\Config\Atmosphere\MODTRAN\raw\audit_mwir_standard_20260906\mwir_std_solar_direct\MODOUT2.txt,W/(cm^2 sr cm^-1),W/(cm^2 cm^-1),W/(m^2 sr um),W/(m^2 um),value_si=value_native*1e8/(wavelength_um^2),2526.0,3.9588281868566906,0.9418,1.29e-06,8.231072039999999,1.37e-06,8.74152612
mwir_std_solar_direct,D:\HwaSimIR\HwaSim_IR\Bin\Config\Atmosphere\MODTRAN\raw\audit_mwir_standard_20260906\mwir_std_solar_direct\MODOUT2.txt,W/(cm^2 sr cm^-1),W/(cm^2 cm^-1),W/(m^2 sr um),W/(m^2 um),value_si=value_native*1e8/(wavelength_um^2),2527.0,3.957261574990107,0.954,1.31e-06,8.365304989999998,1.37e-06,8.74844873
mwir_std_solar_direct,D:\HwaSimIR\HwaSim_IR\Bin\Config\Atmosphere\MODTRAN\raw\audit_mwir_standard_20260906\mwir_std_solar_direct\MODOUT2.txt,W/(cm^2 sr cm^-1),W/(cm^2 cm^-1),W/(m^2 sr um),W/(m^2 um),value_si=value_native*1e8/(wavelength_um^2),2528.0,3.9556962025316458,0.9524,1.31e-06,8.37192704,1.37e-06,8.75537408
mwir_std_solar_direct,D:\HwaSimIR\HwaSim_IR\Bin\Config\Atmosphere\MODTRAN\raw\audit_mwir_standard_20260906\mwir_std_solar_direct\MODOUT2.txt,W/(cm^2 sr cm^-1),W/(cm^2 cm^-1),W/(m^2 sr um),W/(m^2 um),value_si=value_native*1e8/(wavelength_um^2),2529.0,3.9541320680110714,0.9417,1.29e-06,8.25063489,1.37e-06,8.762302170000002
mwir_std_solar_direct,D:\HwaSimIR\HwaSim_IR\Bin\Config\Atmosphere\MODTRAN\raw\audit_mwir_standard_20260906\mwir_std_solar_direct\MODOUT2.txt,W/(cm^2 sr cm^-1),W/(cm^2 cm^-1),W/(m^2 sr um),W/(m^2 um),value_si=value_native*1e8/(wavelength_um^2),2530.0,3.952569169960474,0.9427,1.3e-06,8.32117,1.38e-06,8.833242
mwir_std_solar_direct,D:\HwaSimIR\HwaSim_IR\Bin\Config\Atmosphere\MODTRAN\raw\audit_mwir_standard_20260906\mwir_std_solar_direct\MODOUT2.txt,W/(cm^2 sr cm^-1),W/(cm^2 cm^-1),W/(m^2 sr um),W/(m^2 um),value_si=value_native*1e8/(wavelength_um^2),2531.0,3.951007506914263,0.9454,1.3e-06,8.327749299999999,1.38e-06,8.84022618
mwir_std_solar_direct,D:\HwaSimIR\HwaSim_IR\Bin\Config\Atmosphere\MODTRAN\raw\audit_mwir_standard_20260906\mwir_std_solar_direct\MODOUT2.txt,W/(cm^2 sr cm^-1),W/(cm^2 cm^-1),W/(m^2 sr um),W/(m^2 um),value_si=value_native*1e8/(wavelength_um^2),2532.0,3.949447077409163,0.9447,1.3e-06,8.3343312,1.38e-06,8.84721312
mwir_std_solar_direct,D:\HwaSimIR\HwaSim_IR\Bin\Config\Atmosphere\MODTRAN\raw\audit_mwir_standard_20260906\mwir_std_solar_direct\MODOUT2.txt,W/(cm^2 sr cm^-1),W/(cm^2 cm^-1),W/(m^2 sr um),W/(m^2 um),value_si=value_native*1e8/(wavelength_um^2),2533.0,3.9478878799842083,0.9394,1.3e-06,8.3409157,1.38e-06,8.854202820000001
mwir_std_solar_direct,D:\HwaSimIR\HwaSim_IR\Bin\Config\Atmosphere\MODTRAN\raw\audit_mwir_standard_20260906\mwir_std_solar_direct\MODOUT2.txt,W/(cm^2 sr cm^-1),W/(cm^2 cm^-1),W/(m^2 sr um),W/(m^2 um),value_si=value_native*1e8/(wavelength_um^2),2534.0,3.946329913180742,0.9377,1.3e-06,8.3475028,1.38e-06,8.861195279999999
mwir_std_solar_direct,D:\HwaSimIR\HwaSim_IR\Bin\Config\Atmosphere\MODTRAN\raw\audit_mwir_standard_20260906\mwir_std_solar_direct\MODOUT2.txt,W/(cm^2 sr cm^-1),W/(cm^2 cm^-1),W/(m^2 sr um),W/(m^2 um),value_si=value_native*1e8/(wavelength_um^2),2535.0,3.9447731755424065,0.9352,1.3e-06,8.3540925,1.39e-06,8.93245275
mwir_std_solar_direct,D:\HwaSimIR\HwaSim_IR\Bin\Config\Atmosphere\MODTRAN\raw\audit_mwir_standard_20260906\mwir_std_solar_direct\MODOUT2.txt,W/(cm^2 sr cm^-1),W/(cm^2 cm^-1),W/(m^2 sr um),W/(m^2 um),value_si=value_native*1e8/(wavelength_um^2),2536.0,3.943217665615142,0.9238,1.29e-06,8.29637184,1.39e-06,8.93950144
mwir_std_solar_direct,D:\HwaSimIR\HwaSim_IR\Bin\Config\Atmosphere\MODTRAN\raw\audit_mwir_standard_20260906\mwir_std_solar_direct\MODOUT2.txt,W/(cm^2 sr cm^-1),W/(cm^2 cm^-1),W/(m^2 sr um),W/(m^2 um),value_si=value_native*1e8/(wavelength_um^2),2537.0,3.9416633819471816,0.9183,1.28e-06,8.23855232,1.39e-06,8.946552910000001
mwir_std_solar_direct,D:\HwaSimIR\HwaSim_IR\Bin\Config\Atmosphere\MODTRAN\raw\audit_mwir_standard_20260906\mwir_std_solar_direct\MODOUT2.txt,W/(cm^2 sr cm^-1),W/(cm^2 cm^-1),W/(m^2 sr um),W/(m^2 um),value_si=value_native*1e8/(wavelength_um^2),2538.0,3.9401103230890464,0.9247,1.29e-06,8.30946276,1.39e-06,8.95360716
mwir_std_solar_direct,D:\HwaSimIR\HwaSim_IR\Bin\Config\Atmosphere\MODTRAN\raw\audit_mwir_standard_20260906\mwir_std_solar_direct\MODOUT2.txt,W/(cm^2 sr cm^-1),W/(cm^2 cm^-1),W/(m^2 sr um),W/(m^2 um),value_si=value_native*1e8/(wavelength_um^2),2539.0,3.9385584875935407,0.9185,1.28e-06,8.251546880000001,1.39e-06,8.960664190000001
mwir_std_solar_direct,D:\HwaSimIR\HwaSim_IR\Bin\Config\Atmosphere\MODTRAN\raw\audit_mwir_standard_20260906\mwir_std_solar_direct\MODOUT2.txt,W/(cm^2 sr cm^-1),W/(cm^2 cm^-1),W/(m^2 sr um),W/(m^2 um),value_si=value_native*1e8/(wavelength_um^2),2540.0,3.937007874015748,0.9167,1.28e-06,8.258047999999999,1.39e-06,8.967723999999999
mwir_std_solar_direct,D:\HwaSimIR\HwaSim_IR\Bin\Config\Atmosphere\MODTRAN\raw\audit_mwir_standard_20260906\mwir_std_solar_direct\MODOUT2.txt,W/(cm^2 sr cm^-1),W/(cm^2 cm^-1),W/(m^2 sr um),W/(m^2 um),value_si=value_native*1e8/(wavelength_um^2),2541.0,3.9354584809130264,0.912,1.27e-06,8.199984869999998,1.39e-06,8.974786589999999
mwir_std_solar_direct,D:\HwaSimIR\HwaSim_IR\Bin\Config\Atmosphere\MODTRAN\raw\audit_mwir_standard_20260906\mwir_std_solar_direct\MODOUT2.txt,W/(cm^2 sr cm^-1),W/(cm^2 cm^-1),W/(m^2 sr um),W/(m^2 um),value_si=value_native*1e8/(wavelength_um^2),2542.0,3.933910306845004,0.9084,1.27e-06,8.206440279999999,1.39e-06,8.98185196
mwir_std_solar_direct,D:\HwaSimIR\HwaSim_IR\Bin\Config\Atmosphere\MODTRAN\raw\audit_mwir_standard_20260906\mwir_std_solar_direct\MODOUT2.txt,W/(cm^2 sr cm^-1),W/(cm^2 cm^-1),W/(m^2 sr um),W/(m^2 um),value_si=value_native*1e8/(wavelength_um^2),2543.0,3.9323633503735747,0.9017,1.26e-06,8.14822974,1.4e-06,9.0535886
mwir_std_solar_direct,D:\HwaSimIR\HwaSim_IR\Bin\Config\Atmosphere\MODTRAN\raw\audit_mwir_standard_20260906\mwir_std_solar_direct\MODOUT2.txt,W/(cm^2 sr cm^-1),W/(cm^2 cm^-1),W/(m^2 sr um),W/(m^2 um),value_si=value_native*1e8/(wavelength_um^2),2544.0,3.930817610062893,0.8986,1.26e-06,8.154639360000001,1.4e-06,9.060710400000001
mwir_std_solar_direct,D:\HwaSimIR\HwaSim_IR\Bin\Config\Atmosphere\MODTRAN\raw\audit_mwir_standard_20260906\mwir_std_solar_direct\MODOUT2.txt,W/(cm^2 sr cm^-1),W/(cm^2 cm^-1),W/(m^2 sr um),W/(m^2 um),value_si=value_native*1e8/(wavelength_um^2),2545.0,3.9292730844793713,0.8873,1.24e-06,8.031511,1.4e-06,9.067835
mwir_std_solar_direct,D:\HwaSimIR\HwaSim_IR\Bin\Config\Atmosphere\MODTRAN\raw\audit_mwir_standard_20260906\mwir_std_solar_direct\MODOUT2.txt,W/(cm^2 sr cm^-1),W/(cm^2 cm^-1),W/(m^2 sr um),W/(m^2 um),value_si=value_native*1e8/(wavelength_um^2),2546.0,3.927729772191673,0.8861,1.24e-06,8.03782384,1.4e-06,9.0749624
mwir_std_solar_direct,D:\HwaSimIR\HwaSim_IR\Bin\Config\Atmosphere\MODTRAN\raw\audit_mwir_standard_20260906\mwir_std_solar_direct\MODOUT2.txt,W/(cm^2 sr cm^-1),W/(cm^2 cm^-1),W/(m^2 sr um),W/(m^2 um),value_si=value_native*1e8/(wavelength_um^2),2547.0,3.9261876717707107,0.8851,1.24e-06,8.04413916,1.4e-06,9.0820926
mwir_std_solar_direct,D:\HwaSimIR\HwaSim_IR\Bin\Config\Atmosphere\MODTRAN\raw\audit_mwir_standard_20260906\mwir_std_solar_direct\MODOUT2.txt,W/(cm^2 sr cm^-1),W/(cm^2 cm^-1),W/(m^2 sr um),W/(m^2 um),value_si=value_native*1e8/(wavelength_um^2),2548.0,3.924646781789639,0.8825,1.24e-06,8.05045696,1.4e-06,9.0892256
mwir_std_solar_direct,D:\HwaSimIR\HwaSim_IR\Bin\Config\Atmosphere\MODTRAN\raw\audit_mwir_standard_20260906\mwir_std_solar_direct\MODOUT2.txt,W/(cm^2 sr cm^-1),W/(cm^2 cm^-1),W/(m^2 sr um),W/(m^2 um),value_si=value_native*1e8/(wavelength_um^2),2549.0,3.9231071008238523,0.8859,1.24e-06,8.05677724,1.4e-06,9.096361400000001
mwir_std_solar_direct,D:\HwaSimIR\HwaSim_IR\Bin\Config\Atmosphere\MODTRAN\raw\audit_mwir_standard_20260906\mwir_std_solar_direct\MODOUT2.txt,W/(cm^2 sr cm^-1),W/(cm^2 cm^-1),W/(m^2 sr um),W/(m^2 um),value_si=value_native*1e8/(wavelength_um^2),2550.0,3.9215686274509802,0.8831,1.24e-06,8.0631,1.4e-06,9.1035
mwir_std_solar_direct,D:\HwaSimIR\HwaSim_IR\Bin\Config\Atmosphere\MODTRAN\raw\audit_mwir_standard_20260906\mwir_std_solar_direct\MODOUT2.txt,W/(cm^2 sr cm^-1),W/(cm^2 cm^-1),W/(m^2 sr um),W/(m^2 um),value_si=value_native*1e8/(wavelength_um^2),2551.0,3.920031360250882,0.884,1.24e-06,8.069425240000001,1.4e-06,9.1106414
mwir_std_solar_direct,D:\HwaSimIR\HwaSim_IR\Bin\Config\Atmosphere\MODTRAN\raw\audit_mwir_standard_20260906\mwir_std_solar_direct\MODOUT2.txt,W/(cm^2 sr cm^-1),W/(cm^2 cm^-1),W/(m^2 sr um),W/(m^2 um),value_si=value_native*1e8/(wavelength_um^2),2552.0,3.9184952978056424,0.882,1.24e-06,8.07575296,1.41e-06,9.182912640000001
mwir_std_solar_direct,D:\HwaSimIR\HwaSim_IR\Bin\Config\Atmosphere\MODTRAN\raw\audit_mwir_standard_20260906\mwir_std_solar_direct\MODOUT2.txt,W/(cm^2 sr cm^-1),W/(cm^2 cm^-1),W/(m^2 sr um),W/(m^2 um),value_si=value_native*1e8/(wavelength_um^2),2553.0,3.916960438699569,0.8789,1.24e-06,8.08208316,1.41e-06,9.190110690000001
mwir_std_solar_direct,D:\HwaSimIR\HwaSim_IR\Bin\Config\Atmosphere\MODTRAN\raw\audit_mwir_standard_20260906\mwir_std_solar_direct\MODOUT2.txt,W/(cm^2 sr cm^-1),W/(cm^2 cm^-1),W/(m^2 sr um),W/(m^2 um),value_si=value_native*1e8/(wavelength_um^2),2554.0,3.9154267815191854,0.8801,1.24e-06,8.088415840000001,1.41e-06,9.197311560000001
mwir_std_solar_direct,D:\HwaSimIR\HwaSim_IR\Bin\Config\Atmosphere\MODTRAN\raw\audit_mwir_standard_20260906\mwir_std_solar_direct\MODOUT2.txt,W/(cm^2 sr cm^-1),W/(cm^2 cm^-1),W/(m^2 sr um),W/(m^2 um),value_si=value_native*1e8/(wavelength_um^2),2555.0,3.9138943248532287,0.8831,1.25e-06,8.160031250000001,1.41e-06,9.204515250000002
mwir_std_solar_direct,D:\HwaSimIR\HwaSim_IR\Bin\Config\Atmosphere\MODTRAN\raw\audit_mwir_standard_20260906\mwir_std_solar_direct\MODOUT2.txt,W/(cm^2 sr cm^-1),W/(cm^2 cm^-1),W/(m^2 sr um),W/(m^2 um),value_si=value_native*1e8/(wavelength_um^2),2556.0,3.912363067292645,0.8385,1.18e-06,7.709100479999999,1.41e-06,9.21172176
mwir_std_solar_direct,D:\HwaSimIR\HwaSim_IR\Bin\Config\Atmosphere\MODTRAN\raw\audit_mwir_standard_20260906\mwir_std_solar_direct\MODOUT2.txt,W/(cm^2 sr cm^-1),W/(cm^2 cm^-1),W/(m^2 sr um),W/(m^2 um),value_si=value_native*1e8/(wavelength_um^2),2557.0,3.9108330074305826,0.8648,1.22e-06,7.97666378,1.41e-06,9.21893109
mwir_std_solar_direct,D:\HwaSimIR\HwaSim_IR\Bin\Config\Atmosphere\MODTRAN\raw\audit_mwir_standard_20260906\mwir_std_solar_direct\MODOUT2.txt,W/(cm^2 sr cm^-1),W/(cm^2 cm^-1),W/(m^2 sr um),W/(m^2 um),value_si=value_native*1e8/(wavelength_um^2),2558.0,3.9093041438623923,0.9071,1.28e-06,8.37550592,1.41e-06,9.22614324
mwir_std_solar_direct,D:\HwaSimIR\HwaSim_IR\Bin\Config\Atmosphere\MODTRAN\raw\audit_mwir_standard_20260906\mwir_std_solar_direct\MODOUT2.txt,W/(cm^2 sr cm^-1),W/(cm^2 cm^-1),W/(m^2 sr um),W/(m^2 um),value_si=value_native*1e8/(wavelength_um^2),2559.0,3.9077764751856194,0.919,1.3e-06,8.513025299999999,1.41e-06,9.233358209999999
mwir_std_solar_direct,D:\HwaSimIR\HwaSim_IR\Bin\Config\Atmosphere\MODTRAN\raw\audit_mwir_standard_20260906\mwir_std_solar_direct\MODOUT2.txt,W/(cm^2 sr cm^-1),W/(cm^2 cm^-1),W/(m^2 sr um),W/(m^2 um),value_si=value_native*1e8/(wavelength_um^2),2560.0,3.90625,0.9175,1.3e-06,8.51968,1.41e-06,9.240576
mwir_std_solar_direct,D:\HwaSimIR\HwaSim_IR\Bin\Config\Atmosphere\MODTRAN\raw\audit_mwir_standard_20260906\mwir_std_solar_direct\MODOUT2.txt,W/(cm^2 sr cm^-1),W/(cm^2 cm^-1),W/(m^2 sr um),W/(m^2 um),value_si=value_native*1e8/(wavelength_um^2),2561.0,3.904724716907458,0.9323,1.32e-06,8.657511719999999,1.42e-06,9.31338382
mwir_std_solar_direct,D:\HwaSimIR\HwaSim_IR\Bin\Config\Atmosphere\MODTRAN\raw\audit_mwir_standard_20260906\mwir_std_solar_direct\MODOUT2.txt,W/(cm^2 sr cm^-1),W/(cm^2 cm^-1),W/(m^2 sr um),W/(m^2 um),value_si=value_native*1e8/(wavelength_um^2),2562.0,3.9032006245121,0.9379,1.33e-06,8.72991252,1.42e-06,9.32065848
mwir_std_solar_direct,D:\HwaSimIR\HwaSim_IR\Bin\Config\Atmosphere\MODTRAN\raw\audit_mwir_standard_20260906\mwir_std_solar_direct\MODOUT2.txt,W/(cm^2 sr cm^-1),W/(cm^2 cm^-1),W/(m^2 sr um),W/(m^2 um),value_si=value_native*1e8/(wavelength_um^2),2563.0,3.9016777214202105,0.9565,1.35e-06,8.86810815,1.42e-06,9.32793598
mwir_std_solar_direct,D:\HwaSimIR\HwaSim_IR\Bin\Config\Atmosphere\MODTRAN\raw\audit_mwir_standard_20260906\mwir_std_solar_direct\MODOUT2.txt,W/(cm^2 sr cm^-1),W/(cm^2 cm^-1),W/(m^2 sr um),W/(m^2 um),value_si=value_native*1e8/(wavelength_um^2),2564.0,3.9001560062402496,0.95,1.34e-06,8.80928864,1.41e-06,9.26947536
mwir_std_solar_direct,D:\HwaSimIR\HwaSim_IR\Bin\Config\Atmosphere\MODTRAN\raw\audit_mwir_standard_20260906\mwir_std_solar_direct\MODOUT2.txt,W/(cm^2 sr cm^-1),W/(cm^2 cm^-1),W/(m^2 sr um),W/(m^2 um),value_si=value_native*1e8/(wavelength_um^2),2565.0,3.898635477582846,0.9414,1.33e-06,8.75036925,1.41e-06,9.276707250000001
mwir_std_solar_direct,D:\HwaSimIR\HwaSim_IR\Bin\Config\Atmosphere\MODTRAN\raw\audit_mwir_standard_20260906\mwir_std_solar_direct\MODOUT2.txt,W/(cm^2 sr cm^-1),W/(cm^2 cm^-1),W/(m^2 sr um),W/(m^2 um),value_si=value_native*1e8/(wavelength_um^2),2566.0,3.897116134060795,0.9354,1.32e-06,8.69134992,1.42e-06,9.34978552
mwir_std_solar_direct,D:\HwaSimIR\HwaSim_IR\Bin\Config\Atmosphere\MODTRAN\raw\audit_mwir_standard_20260906\mwir_std_solar_direct\MODOUT2.txt,W/(cm^2 sr cm^-1),W/(cm^2 cm^-1),W/(m^2 sr um),W/(m^2 um),value_si=value_native*1e8/(wavelength_um^2),2567.0,3.8955979742890534,0.8755,1.24e-06,8.17096636,1.42e-06,9.35707438
mwir_std_solar_direct,D:\HwaSimIR\HwaSim_IR\Bin\Config\Atmosphere\MODTRAN\raw\audit_mwir_standard_20260906\mwir_std_solar_direct\MODOUT2.txt,W/(cm^2 sr cm^-1),W/(cm^2 cm^-1),W/(m^2 sr um),W/(m^2 um),value_si=value_native*1e8/(wavelength_um^2),2568.0,3.8940809968847354,0.8951,1.27e-06,8.375172479999998,1.42e-06,9.364366079999998
mwir_std_solar_direct,D:\HwaSimIR\HwaSim_IR\Bin\Config\Atmosphere\MODTRAN\raw\audit_mwir_standard_20260906\mwir_std_solar_direct\MODOUT2.txt,W/(cm^2 sr cm^-1),W/(cm^2 cm^-1),W/(m^2 sr um),W/(m^2 um),value_si=value_native*1e8/(wavelength_um^2),2569.0,3.8925652004671076,0.889,1.27e-06,8.38169647,1.42e-06,9.37166062
mwir_std_solar_direct,D:\HwaSimIR\HwaSim_IR\Bin\Config\Atmosphere\MODTRAN\raw\audit_mwir_standard_20260906\mwir_std_solar_direct\MODOUT2.txt,W/(cm^2 sr cm^-1),W/(cm^2 cm^-1),W/(m^2 sr um),W/(m^2 um),value_si=value_native*1e8/(wavelength_um^2),2570.0,3.8910505836575875,0.876,1.25e-06,8.256125,1.42e-06,9.378958
mwir_std_solar_direct,D:\HwaSimIR\HwaSim_IR\Bin\Config\Atmosphere\MODTRAN\raw\audit_mwir_standard_20260906\mwir_std_solar_direct\MODOUT2.txt,W/(cm^2 sr cm^-1),W/(cm^2 cm^-1),W/(m^2 sr um),W/(m^2 um),value_si=value_native*1e8/(wavelength_um^2),2571.0,3.8895371450797356,0.8125,1.16e-06,7.667647559999999,1.42e-06,9.38625822
mwir_std_solar_direct,D:\HwaSimIR\HwaSim_IR\Bin\Config\Atmosphere\MODTRAN\raw\audit_mwir_standard_20260906\mwir_std_solar_direct\MODOUT2.txt,W/(cm^2 sr cm^-1),W/(cm^2 cm^-1),W/(m^2 sr um),W/(m^2 um),value_si=value_native*1e8/(wavelength_um^2),2572.0,3.8880248833592534,0.8809,1.25e-06,8.26898,1.42e-06,9.39356128
mwir_std_solar_direct,D:\HwaSimIR\HwaSim_IR\Bin\Config\Atmosphere\MODTRAN\raw\audit_mwir_standard_20260906\mwir_std_solar_direct\MODOUT2.txt,W/(cm^2 sr cm^-1),W/(cm^2 cm^-1),W/(m^2 sr um),W/(m^2 um),value_si=value_native*1e8/(wavelength_um^2),2573.0,3.8865137971239796,0.8761,1.24e-06,8.20920796,1.42e-06,9.40086718
mwir_std_solar_direct,D:\HwaSimIR\HwaSim_IR\Bin\Config\Atmosphere\MODTRAN\raw\audit_mwir_standard_20260906\mwir_std_solar_direct\MODOUT2.txt,W/(cm^2 sr cm^-1),W/(cm^2 cm^-1),W/(m^2 sr um),W/(m^2 um),value_si=value_native*1e8/(wavelength_um^2),2574.0,3.885003885003885,0.7973,1.13e-06,7.48678788,1.42e-06,9.40817592
mwir_std_solar_direct,D:\HwaSimIR\HwaSim_IR\Bin\Config\Atmosphere\MODTRAN\raw\audit_mwir_standard_20260906\mwir_std_solar_direct\MODOUT2.txt,W/(cm^2 sr cm^-1),W/(cm^2 cm^-1),W/(m^2 sr um),W/(m^2 um),value_si=value_native*1e8/(wavelength_um^2),2575.0,3.883495145631068,0.8763,1.25e-06,8.28828125,1.42e-06,9.4154875
mwir_std_solar_direct,D:\HwaSimIR\HwaSim_IR\Bin\Config\Atmosphere\MODTRAN\raw\audit_mwir_standard_20260906\mwir_std_solar_direct\MODOUT2.txt,W/(cm^2 sr cm^-1),W/(cm^2 cm^-1),W/(m^2 sr um),W/(m^2 um),value_si=value_native*1e8/(wavelength_um^2),2576.0,3.8819875776397517,0.8699,1.24e-06,8.22836224,1.42e-06,9.42280192
mwir_std_solar_direct,D:\HwaSimIR\HwaSim_IR\Bin\Config\Atmosphere\MODTRAN\raw\audit_mwir_standard_20260906\mwir_std_solar_direct\MODOUT2.txt,W/(cm^2 sr cm^-1),W/(cm^2 cm^-1),W/(m^2 sr um),W/(m^2 um),value_si=value_native*1e8/(wavelength_um^2),2577.0,3.880481179666279,0.8077,1.16e-06,7.703477639999998,1.43e-06,9.49652847
mwir_std_solar_direct,D:\HwaSimIR\HwaSim_IR\Bin\Config\Atmosphere\MODTRAN\raw\audit_mwir_standard_20260906\mwir_std_solar_direct\MODOUT2.txt,W/(cm^2 sr cm^-1),W/(cm^2 cm^-1),W/(m^2 sr um),W/(m^2 um),value_si=value_native*1e8/(wavelength_um^2),2578.0,3.878975950349108,0.8843,1.27e-06,8.44052668,1.43e-06,9.503900119999999
mwir_std_solar_direct,D:\HwaSimIR\HwaSim_IR\Bin\Config\Atmosphere\MODTRAN\raw\audit_mwir_standard_20260906\mwir_std_solar_direct\MODOUT2.txt,W/(cm^2 sr cm^-1),W/(cm^2 cm^-1),W/(m^2 sr um),W/(m^2 um),value_si=value_native*1e8/(wavelength_um^2),2579.0,3.8774718883288095,0.8077,1.16e-06,7.715439559999999,1.44e-06,9.57778704
mwir_std_solar_direct,D:\HwaSimIR\HwaSim_IR\Bin\Config\Atmosphere\MODTRAN\raw\audit_mwir_standard_20260906\mwir_std_solar_direct\MODOUT2.txt,W/(cm^2 sr cm^-1),W/(cm^2 cm^-1),W/(m^2 sr um),W/(m^2 um),value_si=value_native*1e8/(wavelength_um^2),2580.0,3.875968992248062,0.8936,1.28e-06,8.520192000000002,1.44e-06,9.585216
mwir_std_solar_direct,D:\HwaSimIR\HwaSim_IR\Bin\Config\Atmosphere\MODTRAN\raw\audit_mwir_standard_20260906\mwir_std_solar_direct\MODOUT2.txt,W/(cm^2 sr cm^-1),W/(cm^2 cm^-1),W/(m^2 sr um),W/(m^2 um),value_si=value_native*1e8/(wavelength_um^2),2581.0,3.8744672607516466,0.8385,1.2e-06,7.9938732,1.43e-06,9.52603223
mwir_std_solar_direct,D:\HwaSimIR\HwaSim_IR\Bin\Config\Atmosphere\MODTRAN\raw\audit_mwir_standard_20260906\mwir_std_solar_direct\MODOUT2.txt,W/(cm^2 sr cm^-1),W/(cm^2 cm^-1),W/(m^2 sr um),W/(m^2 um),value_si=value_native*1e8/(wavelength_um^2),2582.0,3.8729666924864445,0.8896,1.28e-06,8.53340672,1.43e-06,9.53341532
mwir_std_solar_direct,D:\HwaSimIR\HwaSim_IR\Bin\Config\Atmosphere\MODTRAN\raw\audit_mwir_standard_20260906\mwir_std_solar_direct\MODOUT2.txt,W/(cm^2 sr cm^-1),W/(cm^2 cm^-1),W/(m^2 sr um),W/(m^2 um),value_si=value_native*1e8/(wavelength_um^2),2583.0,3.8714672861014323,0.866,1.24e-06,8.273142360000001,1.43e-06,9.540801270000001
mwir_std_solar_direct,D:\HwaSimIR\HwaSim_IR\Bin\Config\Atmosphere\MODTRAN\raw\audit_mwir_standard_20260906\mwir_std_solar_direct\MODOUT2.txt,W/(cm^2 sr cm^-1),W/(cm^2 cm^-1),W/(m^2 sr um),W/(m^2 um),value_si=value_native*1e8/(wavelength_um^2),2584.0,3.869969040247678,0.9167,1.31e-06,8.746943360000001,1.43e-06,9.548190080000001
mwir_std_solar_direct,D:\HwaSimIR\HwaSim_IR\Bin\Config\Atmosphere\MODTRAN\raw\audit_mwir_standard_20260906\mwir_std_solar_direct\MODOUT2.txt,W/(cm^2 sr cm^-1),W/(cm^2 cm^-1),W/(m^2 sr um),W/(m^2 um),value_si=value_native*1e8/(wavelength_um^2),2585.0,3.8684719535783367,0.8755,1.26e-06,8.4196035,1.43e-06,9.55558175
mwir_std_solar_direct,D:\HwaSimIR\HwaSim_IR\Bin\Config\Atmosphere\MODTRAN\raw\audit_mwir_standard_20260906\mwir_std_solar_direct\MODOUT2.txt,W/(cm^2 sr cm^-1),W/(cm^2 cm^-1),W/(m^2 sr um),W/(m^2 um),value_si=value_native*1e8/(wavelength_um^2),2586.0,3.8669760247486464,0.9379,1.35e-06,9.0279846,1.43e-06,9.56297628
mwir_std_solar_direct,D:\HwaSimIR\HwaSim_IR\Bin\Config\Atmosphere\MODTRAN\raw\audit_mwir_standard_20260906\mwir_std_solar_direct\MODOUT2.txt,W/(cm^2 sr cm^-1),W/(cm^2 cm^-1),W/(m^2 sr um),W/(m^2 um),value_si=value_native*1e8/(wavelength_um^2),2587.0,3.865481252415926,0.9099,1.31e-06,8.76726539,1.43e-06,9.57037367
mwir_std_solar_direct,D:\HwaSimIR\HwaSim_IR\Bin\Config\Atmosphere\MODTRAN\raw\audit_mwir_standard_20260906\mwir_std_solar_direct\MODOUT2.txt,W/(cm^2 sr cm^-1),W/(cm^2 cm^-1),W/(m^2 sr um),W/(m^2 um),value_si=value_native*1e8/(wavelength_um^2),2588.0,3.8639876352395675,0.9278,1.33e-06,8.907999519999999,1.44e-06,9.644751359999999
mwir_std_solar_direct,D:\HwaSimIR\HwaSim_IR\Bin\Config\Atmosphere\MODTRAN\raw\audit_mwir_standard_20260906\mwir_std_solar_direct\MODOUT2.txt,W/(cm^2 sr cm^-1),W/(cm^2 cm^-1),W/(m^2 sr um),W/(m^2 um),value_si=value_native*1e8/(wavelength_um^2),2589.0,3.862495171881035,0.9452,1.36e-06,9.11597256,1.44e-06,9.65220624
mwir_std_solar_direct,D:\HwaSimIR\HwaSim_IR\Bin\Config\Atmosphere\MODTRAN\raw\audit_mwir_standard_20260906\mwir_std_solar_direct\MODOUT2.txt,W/(cm^2 sr cm^-1),W/(cm^2 cm^-1),W/(m^2 sr um),W/(m^2 um),value_si=value_native*1e8/(wavelength_um^2),2590.0,3.861003861003861,0.9379,1.35e-06,9.055935,1.44e-06,9.659664000000001
mwir_std_solar_direct,D:\HwaSimIR\HwaSim_IR\Bin\Config\Atmosphere\MODTRAN\raw\audit_mwir_standard_20260906\mwir_std_solar_direct\MODOUT2.txt,W/(cm^2 sr cm^-1),W/(cm^2 cm^-1),W/(m^2 sr um),W/(m^2 um),value_si=value_native*1e8/(wavelength_um^2),2591.0,3.8595137012736394,0.935,1.35e-06,9.062929350000001,1.44e-06,9.66712464
mwir_std_solar_direct,D:\HwaSimIR\HwaSim_IR\Bin\Config\Atmosphere\MODTRAN\raw\audit_mwir_standard_20260906\mwir_std_solar_direct\MODOUT2.txt,W/(cm^2 sr cm^-1),W/(cm^2 cm^-1),W/(m^2 sr um),W/(m^2 um),value_si=value_native*1e8/(wavelength_um^2),2592.0,3.8580246913580245,0.9609,1.39e-06,9.338664960000001,1.45e-06,9.741772800000001
mwir_std_solar_direct,D:\HwaSimIR\HwaSim_IR\Bin\Config\Atmosphere\MODTRAN\raw\audit_mwir_standard_20260906\mwir_std_solar_direct\MODOUT2.txt,W/(cm^2 sr cm^-1),W/(cm^2 cm^-1),W/(m^2 sr um),W/(m^2 um),value_si=value_native*1e8/(wavelength_um^2),2593.0,3.8565368299267258,0.9495,1.37e-06,9.21139913,1.45e-06,9.74929105
mwir_std_solar_direct,D:\HwaSimIR\HwaSim_IR\Bin\Config\Atmosphere\MODTRAN\raw\audit_mwir_standard_20260906\mwir_std_solar_direct\MODOUT2.txt,W/(cm^2 sr cm^-1),W/(cm^2 cm^-1),W/(m^2 sr um),W/(m^2 um),value_si=value_native*1e8/(wavelength_um^2),2594.0,3.8550501156515034,0.9634,1.4e-06,9.420370400000001,1.45e-06,9.7568122
mwir_std_solar_direct,D:\HwaSimIR\HwaSim_IR\Bin\Config\Atmosphere\MODTRAN\raw\audit_mwir_standard_20260906\mwir_std_solar_direct\MODOUT2.txt,W/(cm^2 sr cm^-1),W/(cm^2 cm^-1),W/(m^2 sr um),W/(m^2 um),value_si=value_native*1e8/(wavelength_um^2),2595.0,3.8535645472061657,0.971,1.41e-06,9.49497525,1.45e-06,9.76433625
mwir_std_solar_direct,D:\HwaSimIR\HwaSim_IR\Bin\Config\Atmosphere\MODTRAN\raw\audit_mwir_standard_20260906\mwir_std_solar_direct\MODOUT2.txt,W/(cm^2 sr cm^-1),W/(cm^2 cm^-1),W/(m^2 sr um),W/(m^2 um),value_si=value_native*1e8/(wavelength_um^2),2596.0,3.852080123266564,0.9735,1.41e-06,9.50229456,1.45e-06,9.7718632
mwir_std_solar_direct,D:\HwaSimIR\HwaSim_IR\Bin\Config\Atmosphere\MODTRAN\raw\audit_mwir_standard_20260906\mwir_std_solar_direct\MODOUT2.txt,W/(cm^2 sr cm^-1),W/(cm^2 cm^-1),W/(m^2 sr um),W/(m^2 um),value_si=value_native*1e8/(wavelength_um^2),2597.0,3.850596842510589,0.9565,1.39e-06,9.37472851,1.45e-06,9.77939305
mwir_std_solar_direct,D:\HwaSimIR\HwaSim_IR\Bin\Config\Atmosphere\MODTRAN\raw\audit_mwir_standard_20260906\mwir_std_solar_direct\MODOUT2.txt,W/(cm^2 sr cm^-1),W/(cm^2 cm^-1),W/(m^2 sr um),W/(m^2 um),value_si=value_native*1e8/(wavelength_um^2),2598.0,3.849114703618168,0.9726,1.42e-06,9.58443768,1.45e-06,9.7869258
mwir_std_solar_direct,D:\HwaSimIR\HwaSim_IR\Bin\Config\Atmosphere\MODTRAN\raw\audit_mwir_standard_20260906\mwir_std_solar_direct\MODOUT2.txt,W/(cm^2 sr cm^-1),W/(cm^2 cm^-1),W/(m^2 sr um),W/(m^2 um),value_si=value_native*1e8/(wavelength_um^2),2599.0,3.8476337052712584,0.9518,1.39e-06,9.38917339,1.46e-06,9.86200946
mwir_std_solar_direct,D:\HwaSimIR\HwaSim_IR\Bin\Config\Atmosphere\MODTRAN\raw\audit_mwir_standard_20260906\mwir_std_solar_direct\MODOUT2.txt,W/(cm^2 sr cm^-1),W/(cm^2 cm^-1),W/(m^2 sr um),W/(m^2 um),value_si=value_native*1e8/(wavelength_um^2),2600.0,3.8461538461538463,0.9555,1.39e-06,9.3964,1.46e-06,9.8696
mwir_std_solar_direct,D:\HwaSimIR\HwaSim_IR\Bin\Config\Atmosphere\MODTRAN\raw\audit_mwir_standard_20260906\mwir_std_solar_direct\MODOUT2.txt,W/(cm^2 sr cm^-1),W/(cm^2 cm^-1),W/(m^2 sr um),W/(m^2 um),value_si=value_native*1e8/(wavelength_um^2),2601.0,3.8446751249519417,0.9619,1.4e-06,9.471281399999999,1.46e-06,9.877193459999999
mwir_std_solar_direct,D:\HwaSimIR\HwaSim_IR\Bin\Config\Atmosphere\MODTRAN\raw\audit_mwir_standard_20260906\mwir_std_solar_direct\MODOUT2.txt,W/(cm^2 sr cm^-1),W/(cm^2 cm^-1),W/(m^2 sr um),W/(m^2 um),value_si=value_native*1e8/(wavelength_um^2),2602.0,3.8431975403535743,0.9655,1.41e-06,9.546269639999998,1.46e-06,9.88478984
mwir_std_solar_direct,D:\HwaSimIR\HwaSim_IR\Bin\Config\Atmosphere\MODTRAN\raw\audit_mwir_standard_20260906\mwir_std_solar_direct\MODOUT2.txt,W/(cm^2 sr cm^-1),W/(cm^2 cm^-1),W/(m^2 sr um),W/(m^2 um),value_si=value_native*1e8/(wavelength_um^2),2603.0,3.84172109104879,0.9778,1.43e-06,9.68912087,1.46e-06,9.892389139999999
mwir_std_solar_direct,D:\HwaSimIR\HwaSim_IR\Bin\Config\Atmosphere\MODTRAN\raw\audit_mwir_standard_20260906\mwir_std_solar_direct\MODOUT2.txt,W/(cm^2 sr cm^-1),W/(cm^2 cm^-1),W/(m^2 sr um),W/(m^2 um),value_si=value_native*1e8/(wavelength_um^2),2604.0,3.8402457757296466,0.9701,1.42e-06,9.62875872,1.46e-06,9.89999136
mwir_std_solar_direct,D:\HwaSimIR\HwaSim_IR\Bin\Config\Atmosphere\MODTRAN\raw\audit_mwir_standard_20260906\mwir_std_solar_direct\MODOUT2.txt,W/(cm^2 sr cm^-1),W/(cm^2 cm^-1),W/(m^2 sr um),W/(m^2 um),value_si=value_native*1e8/(wavelength_um^2),2605.0,3.838771593090211,0.9702,1.41e-06,9.56829525,1.46e-06,9.9075965
mwir_std_solar_direct,D:\HwaSimIR\HwaSim_IR\Bin\Config\Atmosphere\MODTRAN\raw\audit_mwir_standard_20260906\mwir_std_solar_direct\MODOUT2.txt,W/(cm^2 sr cm^-1),W/(cm^2 cm^-1),W/(m^2 sr um),W/(m^2 um),value_si=value_native*1e8/(wavelength_um^2),2606.0,3.837298541826554,0.9607,1.4e-06,9.507730400000002,1.46e-06,9.915204560000001
mwir_std_solar_direct,D:\HwaSimIR\HwaSim_IR\Bin\Config\Atmosphere\MODTRAN\raw\audit_mwir_standard_20260906\mwir_std_solar_direct\MODOUT2.txt,W/(cm^2 sr cm^-1),W/(cm^2 cm^-1),W/(m^2 sr um),W/(m^2 um),value_si=value_native*1e8/(wavelength_um^2),2607.0,3.8358266206367473,0.9647,1.41e-06,9.582993089999999,1.46e-06,9.922815539999998
mwir_std_solar_direct,D:\HwaSimIR\HwaSim_IR\Bin\Config\Atmosphere\MODTRAN\raw\audit_mwir_standard_20260906\mwir_std_solar_direct\MODOUT2.txt,W/(cm^2 sr cm^-1),W/(cm^2 cm^-1),W/(m^2 sr um),W/(m^2 um),value_si=value_native*1e8/(wavelength_um^2),2608.0,3.834355828220859,0.926,1.35e-06,9.1822464,1.46e-06,9.93042944
mwir_std_solar_direct,D:\HwaSimIR\HwaSim_IR\Bin\Config\Atmosphere\MODTRAN\raw\audit_mwir_standard_20260906\mwir_std_solar_direct\MODOUT2.txt,W/(cm^2 sr cm^-1),W/(cm^2 cm^-1),W/(m^2 sr um),W/(m^2 um),value_si=value_native*1e8/(wavelength_um^2),2609.0,3.8328861632809508,0.9805,1.43e-06,9.733839829999999,1.46e-06,9.938046259999998
mwir_std_solar_direct,D:\HwaSimIR\HwaSim_IR\Bin\Config\Atmosphere\MODTRAN\raw\audit_mwir_standard_20260906\mwir_std_solar_direct\MODOUT2.txt,W/(cm^2 sr cm^-1),W/(cm^2 cm^-1),W/(m^2 sr um),W/(m^2 um),value_si=value_native*1e8/(wavelength_um^2),2610.0,3.8314176245210727,0.9876,1.45e-06,9.877545000000001,1.46e-06,9.945666000000001
mwir_std_solar_direct,D:\HwaSimIR\HwaSim_IR\Bin\Config\Atmosphere\MODTRAN\raw\audit_mwir_standard_20260906\mwir_std_solar_direct\MODOUT2.txt,W/(cm^2 sr cm^-1),W/(cm^2 cm^-1),W/(m^2 sr um),W/(m^2 um),value_si=value_native*1e8/(wavelength_um^2),2611.0,3.8299502106472616,0.9897,1.45e-06,9.88511545,1.47e-06,10.02146187
mwir_std_solar_direct,D:\HwaSimIR\HwaSim_IR\Bin\Config\Atmosphere\MODTRAN\raw\audit_mwir_standard_20260906\mwir_std_solar_direct\MODOUT2.txt,W/(cm^2 sr cm^-1),W/(cm^2 cm^-1),W/(m^2 sr um),W/(m^2 um),value_si=value_native*1e8/(wavelength_um^2),2612.0,3.8284839203675345,0.9899,1.45e-06,9.8926888,1.47e-06,10.02913968
mwir_std_solar_direct,D:\HwaSimIR\HwaSim_IR\Bin\Config\Atmosphere\MODTRAN\raw\audit_mwir_standard_20260906\mwir_std_solar_direct\MODOUT2.txt,W/(cm^2 sr cm^-1),W/(cm^2 cm^-1),W/(m^2 sr um),W/(m^2 um),value_si=value_native*1e8/(wavelength_um^2),2613.0,3.827018752391887,0.9715,1.43e-06,9.763709669999999,1.47e-06,10.036820429999999
mwir_std_solar_direct,D:\HwaSimIR\HwaSim_IR\Bin\Config\Atmosphere\MODTRAN\raw\audit_mwir_standard_20260906\mwir_std_solar_direct\MODOUT2.txt,W/(cm^2 sr cm^-1),W/(cm^2 cm^-1),W/(m^2 sr um),W/(m^2 um),value_si=value_native*1e8/(wavelength_um^2),2614.0,3.8255547054322876,0.9867,1.45e-06,9.907844200000001,1.47e-06,10.044504120000001
mwir_std_solar_direct,D:\HwaSimIR\HwaSim_IR\Bin\Config\Atmosphere\MODTRAN\raw\audit_mwir_standard_20260906\mwir_std_solar_direct\MODOUT2.txt,W/(cm^2 sr cm^-1),W/(cm^2 cm^-1),W/(m^2 sr um),W/(m^2 um),value_si=value_native*1e8/(wavelength_um^2),2615.0,3.8240917782026767,0.9836,1.45e-06,9.915426250000001,1.47e-06,10.052190750000001
mwir_std_solar_direct,D:\HwaSimIR\HwaSim_IR\Bin\Config\Atmosphere\MODTRAN\raw\audit_mwir_standard_20260906\mwir_std_solar_direct\MODOUT2.txt,W/(cm^2 sr cm^-1),W/(cm^2 cm^-1),W/(m^2 sr um),W/(m^2 um),value_si=value_native*1e8/(wavelength_um^2),2616.0,3.8226299694189603,0.9922,1.46e-06,9.99144576,1.47e-06,10.05988032
mwir_std_solar_direct,D:\HwaSimIR\HwaSim_IR\Bin\Config\Atmosphere\MODTRAN\raw\audit_mwir_standard_20260906\mwir_std_solar_direct\MODOUT2.txt,W/(cm^2 sr cm^-1),W/(cm^2 cm^-1),W/(m^2 sr um),W/(m^2 um),value_si=value_native*1e8/(wavelength_um^2),2617.0,3.8211692777990063,0.9923,1.46e-06,9.99908594,1.47e-06,10.067572830000001
mwir_std_solar_direct,D:\HwaSimIR\HwaSim_IR\Bin\Config\Atmosphere\MODTRAN\raw\audit_mwir_standard_20260906\mwir_std_solar_direct\MODOUT2.txt,W/(cm^2 sr cm^-1),W/(cm^2 cm^-1),W/(m^2 sr um),W/(m^2 um),value_si=value_native*1e8/(wavelength_um^2),2618.0,3.819709702062643,0.968,1.42e-06,9.73257208,1.47e-06,10.075268280000001
mwir_std_solar_direct,D:\HwaSimIR\HwaSim_IR\Bin\Config\Atmosphere\MODTRAN\raw\audit_mwir_standard_20260906\mwir_std_solar_direct\MODOUT2.txt,W/(cm^2 sr cm^-1),W/(cm^2 cm^-1),W/(m^2 sr um),W/(m^2 um),value_si=value_native*1e8/(wavelength_um^2),2619.0,3.8182512409316534,0.9867,1.45e-06,9.945783449999999,1.47e-06,10.08296667
mwir_std_solar_direct,D:\HwaSimIR\HwaSim_IR\Bin\Config\Atmosphere\MODTRAN\raw\audit_mwir_standard_20260906\mwir_std_solar_direct\MODOUT2.txt,W/(cm^2 sr cm^-1),W/(cm^2 cm^-1),W/(m^2 sr um),W/(m^2 um),value_si=value_native*1e8/(wavelength_um^2),2620.0,3.816793893129771,0.9564,1.4e-06,9.610159999999999,1.47e-06,10.090667999999999
mwir_std_solar_direct,D:\HwaSimIR\HwaSim_IR\Bin\Config\Atmosphere\MODTRAN\raw\audit_mwir_standard_20260906\mwir_std_solar_direct\MODOUT2.txt,W/(cm^2 sr cm^-1),W/(cm^2 cm^-1),W/(m^2 sr um),W/(m^2 um),value_si=value_native*1e8/(wavelength_um^2),2621.0,3.8153376573826785,0.9881,1.45e-06,9.960979449999998,1.47e-06,10.098372269999999
mwir_std_solar_direct,D:\HwaSimIR\HwaSim_IR\Bin\Config\Atmosphere\MODTRAN\raw\audit_mwir_standard_20260906\mwir_std_solar_direct\MODOUT2.txt,W/(cm^2 sr cm^-1),W/(cm^2 cm^-1),W/(m^2 sr um),W/(m^2 um),value_si=value_native*1e8/(wavelength_um^2),2622.0,3.8138825324180017,0.912,1.34e-06,9.21234456,1.47e-06,10.10607948
mwir_std_solar_direct,D:\HwaSimIR\HwaSim_IR\Bin\Config\Atmosphere\MODTRAN\raw\audit_mwir_standard_20260906\mwir_std_solar_direct\MODOUT2.txt,W/(cm^2 sr cm^-1),W/(cm^2 cm^-1),W/(m^2 sr um),W/(m^2 um),value_si=value_native*1e8/(wavelength_um^2),2623.0,3.8124285169653067,0.9418,1.39e-06,9.563379310000002,1.48e-06,10.18259092
mwir_std_solar_direct,D:\HwaSimIR\HwaSim_IR\Bin\Config\Atmosphere\MODTRAN\raw\audit_mwir_standard_20260906\mwir_std_solar_direct\MODOUT2.txt,W/(cm^2 sr cm^-1),W/(cm^2 cm^-1),W/(m^2 sr um),W/(m^2 um),value_si=value_native*1e8/(wavelength_um^2),2624.0,3.8109756097560976,0.9683,1.43e-06,9.84608768,1.47e-06,10.12150272
mwir_std_solar_direct,D:\HwaSimIR\HwaSim_IR\Bin\Config\Atmosphere\MODTRAN\raw\audit_mwir_standard_20260906\mwir_std_solar_direct\MODOUT2.txt,W/(cm^2 sr cm^-1),W/(cm^2 cm^-1),W/(m^2 sr um),W/(m^2 um),value_si=value_native*1e8/(wavelength_um^2),2625.0,3.8095238095238093,0.9533,1.41e-06,9.715781250000001,1.47e-06,10.129218750000001
mwir_std_solar_direct,D:\HwaSimIR\HwaSim_IR\Bin\Config\Atmosphere\MODTRAN\raw\audit_mwir_standard_20260906\mwir_std_solar_direct\MODOUT2.txt,W/(cm^2 sr cm^-1),W/(cm^2 cm^-1),W/(m^2 sr um),W/(m^2 um),value_si=value_native*1e8/(wavelength_um^2),2626.0,3.808073115003808,0.9808,1.45e-06,9.9990202,1.48e-06,10.20589648
mwir_std_solar_direct,D:\HwaSimIR\HwaSim_IR\Bin\Config\Atmosphere\MODTRAN\raw\audit_mwir_standard_20260906\mwir_std_solar_direct\MODOUT2.txt,W/(cm^2 sr cm^-1),W/(cm^2 cm^-1),W/(m^2 sr um),W/(m^2 um),value_si=value_native*1e8/(wavelength_um^2),2627.0,3.806623524933384,0.9879,1.46e-06,10.07564834,1.48e-06,10.21367092
mwir_std_solar_direct,D:\HwaSimIR\HwaSim_IR\Bin\Config\Atmosphere\MODTRAN\raw\audit_mwir_standard_20260906\mwir_std_solar_direct\MODOUT2.txt,W/(cm^2 sr cm^-1),W/(cm^2 cm^-1),W/(m^2 sr um),W/(m^2 um),value_si=value_native*1e8/(wavelength_um^2),2628.0,3.8051750380517504,0.9587,1.42e-06,9.80706528,1.48e-06,10.22144832
mwir_std_solar_direct,D:\HwaSimIR\HwaSim_IR\Bin\Config\Atmosphere\MODTRAN\raw\audit_mwir_standard_20260906\mwir_std_solar_direct\MODOUT2.txt,W/(cm^2 sr cm^-1),W/(cm^2 cm^-1),W/(m^2 sr um),W/(m^2 um),value_si=value_native*1e8/(wavelength_um^2),2629.0,3.803727653100038,0.9794,1.45e-06,10.02187945,1.48e-06,10.22922868
mwir_std_solar_direct,D:\HwaSimIR\HwaSim_IR\Bin\Config\Atmosphere\MODTRAN\raw\audit_mwir_standard_20260906\mwir_std_solar_direct\MODOUT2.txt,W/(cm^2 sr cm^-1),W/(cm^2 cm^-1),W/(m^2 sr um),W/(m^2 um),value_si=value_native*1e8/(wavelength_um^2),2630.0,3.802281368821293,0.9831,1.46e-06,10.098673999999999,1.48e-06,10.237012
mwir_std_solar_direct,D:\HwaSimIR\HwaSim_IR\Bin\Config\Atmosphere\MODTRAN\raw\audit_mwir_standard_20260906\mwir_std_solar_direct\MODOUT2.txt,W/(cm^2 sr cm^-1),W/(cm^2 cm^-1),W/(m^2 sr um),W/(m^2 um),value_si=value_native*1e8/(wavelength_um^2),2631.0,3.800836183960471,0.9814,1.45e-06,10.03713345,1.48e-06,10.244798280000001
mwir_std_solar_direct,D:\HwaSimIR\HwaSim_IR\Bin\Config\Atmosphere\MODTRAN\raw\audit_mwir_standard_20260906\mwir_std_solar_direct\MODOUT2.txt,W/(cm^2 sr cm^-1),W/(cm^2 cm^-1),W/(m^2 sr um),W/(m^2 um),value_si=value_native*1e8/(wavelength_um^2),2632.0,3.7993920972644375,0.9895,1.47e-06,10.183313280000002,1.48e-06,10.25258752
mwir_std_solar_direct,D:\HwaSimIR\HwaSim_IR\Bin\Config\Atmosphere\MODTRAN\raw\audit_mwir_standard_20260906\mwir_std_solar_direct\MODOUT2.txt,W/(cm^2 sr cm^-1),W/(cm^2 cm^-1),W/(m^2 sr um),W/(m^2 um),value_si=value_native*1e8/(wavelength_um^2),2633.0,3.79794910748196,0.9646,1.43e-06,9.91374527,1.48e-06,10.26037972
mwir_std_solar_direct,D:\HwaSimIR\HwaSim_IR\Bin\Config\Atmosphere\MODTRAN\raw\audit_mwir_standard_20260906\mwir_std_solar_direct\MODOUT2.txt,W/(cm^2 sr cm^-1),W/(cm^2 cm^-1),W/(m^2 sr um),W/(m^2 um),value_si=value_native*1e8/(wavelength_um^2),2634.0,3.7965072133637054,0.987,1.46e-06,10.12941576,1.48e-06,10.26817488
mwir_std_solar_direct,D:\HwaSimIR\HwaSim_IR\Bin\Config\Atmosphere\MODTRAN\raw\audit_mwir_standard_20260906\mwir_std_solar_direct\MODOUT2.txt,W/(cm^2 sr cm^-1),W/(cm^2 cm^-1),W/(m^2 sr um),W/(m^2 um),value_si=value_native*1e8/(wavelength_um^2),2635.0,3.795066413662239,0.9817,1.46e-06,10.1371085,1.48e-06,10.275973
mwir_std_solar_direct,D:\HwaSimIR\HwaSim_IR\Bin\Config\Atmosphere\MODTRAN\raw\audit_mwir_standard_20260906\mwir_std_solar_direct\MODOUT2.txt,W/(cm^2 sr cm^-1),W/(cm^2 cm^-1),W/(m^2 sr um),W/(m^2 um),value_si=value_native*1e8/(wavelength_um^2),2636.0,3.793626707132018,0.9406,1.4e-06,9.727894400000002,1.48e-06,10.28377408
mwir_std_solar_direct,D:\HwaSimIR\HwaSim_IR\Bin\Config\Atmosphere\MODTRAN\raw\audit_mwir_standard_20260906\mwir_std_solar_direct\MODOUT2.txt,W/(cm^2 sr cm^-1),W/(cm^2 cm^-1),W/(m^2 sr um),W/(m^2 um),value_si=value_native*1e8/(wavelength_um^2),2637.0,3.7921880925293894,0.9401,1.4e-06,9.7352766,1.48e-06,10.29157812
mwir_std_solar_direct,D:\HwaSimIR\HwaSim_IR\Bin\Config\Atmosphere\MODTRAN\raw\audit_mwir_standard_20260906\mwir_std_solar_direct\MODOUT2.txt,W/(cm^2 sr cm^-1),W/(cm^2 cm^-1),W/(m^2 sr um),W/(m^2 um),value_si=value_native*1e8/(wavelength_um^2),2638.0,3.790750568612585,0.9724,1.44e-06,10.021023360000001,1.48e-06,10.29938512
mwir_std_solar_direct,D:\HwaSimIR\HwaSim_IR\Bin\Config\Atmosphere\MODTRAN\raw\audit_mwir_standard_20260906\mwir_std_solar_direct\MODOUT2.txt,W/(cm^2 sr cm^-1),W/(cm^2 cm^-1),W/(m^2 sr um),W/(m^2 um),value_si=value_native*1e8/(wavelength_um^2),2639.0,3.7893141341417205,0.9036,1.34e-06,9.33219014,1.48e-06,10.30719508
mwir_std_solar_direct,D:\HwaSimIR\HwaSim_IR\Bin\Config\Atmosphere\MODTRAN\raw\audit_mwir_standard_20260906\mwir_std_solar_direct\MODOUT2.txt,W/(cm^2 sr cm^-1),W/(cm^2 cm^-1),W/(m^2 sr um),W/(m^2 um),value_si=value_native*1e8/(wavelength_um^2),2640.0,3.787878787878788,0.9872,1.47e-06,10.245311999999998,1.49e-06,10.384704
mwir_std_solar_direct,D:\HwaSimIR\HwaSim_IR\Bin\Config\Atmosphere\MODTRAN\raw\audit_mwir_standard_20260906\mwir_std_solar_direct\MODOUT2.txt,W/(cm^2 sr cm^-1),W/(cm^2 cm^-1),W/(m^2 sr um),W/(m^2 um),value_si=value_native*1e8/(wavelength_um^2),2641.0,3.7864445285876562,0.9903,1.48e-06,10.32282388,1.49e-06,10.39257269
mwir_std_solar_direct,D:\HwaSimIR\HwaSim_IR\Bin\Config\Atmosphere\MODTRAN\raw\audit_mwir_standard_20260906\mwir_std_solar_direct\MODOUT2.txt,W/(cm^2 sr cm^-1),W/(cm^2 cm^-1),W/(m^2 sr um),W/(m^2 um),value_si=value_native*1e8/(wavelength_um^2),2642.0,3.785011355034065,0.9492,1.42e-06,9.91183288,1.49e-06,10.40044436
mwir_std_solar_direct,D:\HwaSimIR\HwaSim_IR\Bin\Config\Atmosphere\MODTRAN\raw\audit_mwir_standard_20260906\mwir_std_solar_direct\MODOUT2.txt,W/(cm^2 sr cm^-1),W/(cm^2 cm^-1),W/(m^2 sr um),W/(m^2 um),value_si=value_native*1e8/(wavelength_um^2),2643.0,3.7835792659856224,0.9692,1.45e-06,10.12890105,1.49e-06,10.40831901
mwir_std_solar_direct,D:\HwaSimIR\HwaSim_IR\Bin\Config\Atmosphere\MODTRAN\raw\audit_mwir_standard_20260906\mwir_std_solar_direct\MODOUT2.txt,W/(cm^2 sr cm^-1),W/(cm^2 cm^-1),W/(m^2 sr um),W/(m^2 um),value_si=value_native*1e8/(wavelength_um^2),2644.0,3.7821482602118004,0.955,1.43e-06,9.99675248,1.5e-06,10.486104
mwir_std_solar_direct,D:\HwaSimIR\HwaSim_IR\Bin\Config\Atmosphere\MODTRAN\raw\audit_mwir_standard_20260906\mwir_std_solar_direct\MODOUT2.txt,W/(cm^2 sr cm^-1),W/(cm^2 cm^-1),W/(m^2 sr um),W/(m^2 um),value_si=value_native*1e8/(wavelength_um^2),2645.0,3.780718336483932,0.987,1.48e-06,10.354117,1.5e-06,10.4940375
mwir_std_solar_direct,D:\HwaSimIR\HwaSim_IR\Bin\Config\Atmosphere\MODTRAN\raw\audit_mwir_standard_20260906\mwir_std_solar_direct\MODOUT2.txt,W/(cm^2 sr cm^-1),W/(cm^2 cm^-1),W/(m^2 sr um),W/(m^2 um),value_si=value_native*1e8/(wavelength_um^2),2646.0,3.7792894935752077,0.9827,1.47e-06,10.291934520000002,1.49e-06,10.431960840000002
mwir_std_solar_direct,D:\HwaSimIR\HwaSim_IR\Bin\Config\Atmosphere\MODTRAN\raw\audit_mwir_standard_20260906\mwir_std_solar_direct\MODOUT2.txt,W/(cm^2 sr cm^-1),W/(cm^2 cm^-1),W/(m^2 sr um),W/(m^2 um),value_si=value_native*1e8/(wavelength_um^2),2647.0,3.7778617302606725,0.9863,1.47e-06,10.299715229999999,1.49e-06,10.439847409999999
mwir_std_solar_direct,D:\HwaSimIR\HwaSim_IR\Bin\Config\Atmosphere\MODTRAN\raw\audit_mwir_standard_20260906\mwir_std_solar_direct\MODOUT2.txt,W/(cm^2 sr cm^-1),W/(cm^2 cm^-1),W/(m^2 sr um),W/(m^2 um),value_si=value_native*1e8/(wavelength_um^2),2648.0,3.7764350453172204,0.9899,1.48e-06,10.37761792,1.49e-06,10.447736960000002
mwir_std_solar_direct,D:\HwaSimIR\HwaSim_IR\Bin\Config\Atmosphere\MODTRAN\raw\audit_mwir_standard_20260906\mwir_std_solar_direct\MODOUT2.txt,W/(cm^2 sr cm^-1),W/(cm^2 cm^-1),W/(m^2 sr um),W/(m^2 um),value_si=value_native*1e8/(wavelength_um^2),2649.0,3.7750094375235936,0.9307,1.39e-06,9.75390939,1.49e-06,10.45562949
mwir_std_solar_direct,D:\HwaSimIR\HwaSim_IR\Bin\Config\Atmosphere\MODTRAN\raw\audit_mwir_standard_20260906\mwir_std_solar_direct\MODOUT2.txt,W/(cm^2 sr cm^-1),W/(cm^2 cm^-1),W/(m^2 sr um),W/(m^2 um),value_si=value_native*1e8/(wavelength_um^2),2650.0,3.7735849056603774,0.9802,1.47e-06,10.323075,1.5e-06,10.53375
mwir_std_solar_direct,D:\HwaSimIR\HwaSim_IR\Bin\Config\Atmosphere\MODTRAN\raw\audit_mwir_standard_20260906\mwir_std_solar_direct\MODOUT2.txt,W/(cm^2 sr cm^-1),W/(cm^2 cm^-1),W/(m^2 sr um),W/(m^2 um),value_si=value_native*1e8/(wavelength_um^2),2651.0,3.7721614485099964,0.9846,1.48e-06,10.401145479999998,1.5e-06,10.541701499999999
mwir_std_solar_direct,D:\HwaSimIR\HwaSim_IR\Bin\Config\Atmosphere\MODTRAN\raw\audit_mwir_standard_20260906\mwir_std_solar_direct\MODOUT2.txt,W/(cm^2 sr cm^-1),W/(cm^2 cm^-1),W/(m^2 sr um),W/(m^2 um),value_si=value_native*1e8/(wavelength_um^2),2652.0,3.770739064856712,0.9232,1.39e-06,9.77601456,1.5e-06,10.549656
mwir_std_solar_direct,D:\HwaSimIR\HwaSim_IR\Bin\Config\Atmosphere\MODTRAN\raw\audit_mwir_standard_20260906\mwir_std_solar_direct\MODOUT2.txt,W/(cm^2 sr cm^-1),W/(cm^2 cm^-1),W/(m^2 sr um),W/(m^2 um),value_si=value_native*1e8/(wavelength_um^2),2653.0,3.769317753486619,0.9895,1.49e-06,10.48722941,1.51e-06,10.62799759
mwir_std_solar_direct,D:\HwaSimIR\HwaSim_IR\Bin\Config\Atmosphere\MODTRAN\raw\audit_mwir_standard_20260906\mwir_std_solar_direct\MODOUT2.txt,W/(cm^2 sr cm^-1),W/(cm^2 cm^-1),W/(m^2 sr um),W/(m^2 um),value_si=value_native*1e8/(wavelength_um^2),2654.0,3.7678975131876413,0.9913,1.5e-06,10.565574,1.51e-06,10.636011159999999
mwir_std_solar_direct,D:\HwaSimIR\HwaSim_IR\Bin\Config\Atmosphere\MODTRAN\raw\audit_mwir_standard_20260906\mwir_std_solar_direct\MODOUT2.txt,W/(cm^2 sr cm^-1),W/(cm^2 cm^-1),W/(m^2 sr um),W/(m^2 um),value_si=value_native*1e8/(wavelength_um^2),2655.0,3.766478342749529,0.9339,1.41e-06,9.939125250000002,1.51e-06,10.644027750000001
mwir_std_solar_direct,D:\HwaSimIR\HwaSim_IR\Bin\Config\Atmosphere\MODTRAN\raw\audit_mwir_standard_20260906\mwir_std_solar_direct\MODOUT2.txt,W/(cm^2 sr cm^-1),W/(cm^2 cm^-1),W/(m^2 sr um),W/(m^2 um),value_si=value_native*1e8/(wavelength_um^2),2656.0,3.7650602409638556,0.9643,1.45e-06,10.2287872,1.51e-06,10.65204736
mwir_std_solar_direct,D:\HwaSimIR\HwaSim_IR\Bin\Config\Atmosphere\MODTRAN\raw\audit_mwir_standard_20260906\mwir_std_solar_direct\MODOUT2.txt,W/(cm^2 sr cm^-1),W/(cm^2 cm^-1),W/(m^2 sr um),W/(m^2 um),value_si=value_native*1e8/(wavelength_um^2),2657.0,3.763643206624012,0.9502,1.43e-06,10.095298069999998,1.51e-06,10.660069989999998
mwir_std_solar_direct,D:\HwaSimIR\HwaSim_IR\Bin\Config\Atmosphere\MODTRAN\raw\audit_mwir_standard_20260906\mwir_std_solar_direct\MODOUT2.txt,W/(cm^2 sr cm^-1),W/(cm^2 cm^-1),W/(m^2 sr um),W/(m^2 um),value_si=value_native*1e8/(wavelength_um^2),2658.0,3.762227238525207,0.9817,1.48e-06,10.45614672,1.51e-06,10.66809564
mwir_std_solar_direct,D:\HwaSimIR\HwaSim_IR\Bin\Config\Atmosphere\MODTRAN\raw\audit_mwir_standard_20260906\mwir_std_solar_direct\MODOUT2.txt,W/(cm^2 sr cm^-1),W/(cm^2 cm^-1),W/(m^2 sr um),W/(m^2 um),value_si=value_native*1e8/(wavelength_um^2),2659.0,3.7608123354644603,0.9601,1.45e-06,10.251907450000001,1.51e-06,10.67612431
mwir_std_solar_direct,D:\HwaSimIR\HwaSim_IR\Bin\Config\Atmosphere\MODTRAN\raw\audit_mwir_standard_20260906\mwir_std_solar_direct\MODOUT2.txt,W/(cm^2 sr cm^-1),W/(cm^2 cm^-1),W/(m^2 sr um),W/(m^2 um),value_si=value_native*1e8/(wavelength_um^2),2660.0,3.7593984962406015,0.9841,1.48e-06,10.471888,1.51e-06,10.684156
mwir_std_solar_direct,D:\HwaSimIR\HwaSim_IR\Bin\Config\Atmosphere\MODTRAN\raw\audit_mwir_standard_20260906\mwir_std_solar_direct\MODOUT2.txt,W/(cm^2 sr cm^-1),W/(cm^2 cm^-1),W/(m^2 sr um),W/(m^2 um),value_si=value_native*1e8/(wavelength_um^2),2661.0,3.757985719654265,0.9558,1.44e-06,10.19652624,1.51e-06,10.69219071
mwir_std_solar_direct,D:\HwaSimIR\HwaSim_IR\Bin\Config\Atmosphere\MODTRAN\raw\audit_mwir_standard_20260906\mwir_std_solar_direct\MODOUT2.txt,W/(cm^2 sr cm^-1),W/(cm^2 cm^-1),W/(m^2 sr um),W/(m^2 um),value_si=value_native*1e8/(wavelength_um^2),2662.0,3.756574004507889,0.9904,1.49e-06,10.55850356,1.5e-06,10.629366000000001
mwir_std_solar_direct,D:\HwaSimIR\HwaSim_IR\Bin\Config\Atmosphere\MODTRAN\raw\audit_mwir_standard_20260906\mwir_std_solar_direct\MODOUT2.txt,W/(cm^2 sr cm^-1),W/(cm^2 cm^-1),W/(m^2 sr um),W/(m^2 um),value_si=value_native*1e8/(wavelength_um^2),2663.0,3.755163349605708,0.9185,1.38e-06,9.786365219999999,1.5e-06,10.637353499999998
mwir_std_solar_direct,D:\HwaSimIR\HwaSim_IR\Bin\Config\Atmosphere\MODTRAN\raw\audit_mwir_standard_20260906\mwir_std_solar_direct\MODOUT2.txt,W/(cm^2 sr cm^-1),W/(cm^2 cm^-1),W/(m^2 sr um),W/(m^2 um),value_si=value_native*1e8/(wavelength_um^2),2664.0,3.7537537537537538,0.987,1.48e-06,10.50340608,1.5e-06,10.645344
mwir_std_solar_direct,D:\HwaSimIR\HwaSim_IR\Bin\Config\Atmosphere\MODTRAN\raw\audit_mwir_standard_20260906\mwir_std_solar_direct\MODOUT2.txt,W/(cm^2 sr cm^-1),W/(cm^2 cm^-1),W/(m^2 sr um),W/(m^2 um),value_si=value_native*1e8/(wavelength_um^2),2665.0,3.75234521575985,0.9694,1.46e-06,10.3692485,1.51e-06,10.72435975
mwir_std_solar_direct,D:\HwaSimIR\HwaSim_IR\Bin\Config\Atmosphere\MODTRAN\raw\audit_mwir_standard_20260906\mwir_std_solar_direct\MODOUT2.txt,W/(cm^2 sr cm^-1),W/(cm^2 cm^-1),W/(m^2 sr um),W/(m^2 um),value_si=value_native*1e8/(wavelength_um^2),2666.0,3.7509377344336086,0.924,1.39e-06,9.879502839999999,1.51e-06,10.732409559999999
mwir_std_solar_direct,D:\HwaSimIR\HwaSim_IR\Bin\Config\Atmosphere\MODTRAN\raw\audit_mwir_standard_20260906\mwir_std_solar_direct\MODOUT2.txt,W/(cm^2 sr cm^-1),W/(cm^2 cm^-1),W/(m^2 sr um),W/(m^2 um),value_si=value_native*1e8/(wavelength_um^2),2667.0,3.749531308586427,0.9796,1.48e-06,10.52707572,1.51e-06,10.74046239
mwir_std_solar_direct,D:\HwaSimIR\HwaSim_IR\Bin\Config\Atmosphere\MODTRAN\raw\audit_mwir_standard_20260906\mwir_std_solar_direct\MODOUT2.txt,W/(cm^2 sr cm^-1),W/(cm^2 cm^-1),W/(m^2 sr um),W/(m^2 um),value_si=value_native*1e8/(wavelength_um^2),2668.0,3.7481259370314843,0.9899,1.48e-06,10.53497152,1.5e-06,10.677335999999999
mwir_std_solar_direct,D:\HwaSimIR\HwaSim_IR\Bin\Config\Atmosphere\MODTRAN\raw\audit_mwir_standard_20260906\mwir_std_solar_direct\MODOUT2.txt,W/(cm^2 sr cm^-1),W/(cm^2 cm^-1),W/(m^2 sr um),W/(m^2 um),value_si=value_native*1e8/(wavelength_um^2),2669.0,3.7467216185837393,0.9858,1.47e-06,10.471634669999998,1.49e-06,10.61410589
mwir_std_solar_direct,D:\HwaSimIR\HwaSim_IR\Bin\Config\Atmosphere\MODTRAN\raw\audit_mwir_standard_20260906\mwir_std_solar_direct\MODOUT2.txt,W/(cm^2 sr cm^-1),W/(cm^2 cm^-1),W/(m^2 sr um),W/(m^2 um),value_si=value_native*1e8/(wavelength_um^2),2670.0,3.745318352059925,0.9861,1.47e-06,10.479483,1.49e-06,10.622061
mwir_std_solar_direct,D:\HwaSimIR\HwaSim_IR\Bin\Config\Atmosphere\MODTRAN\raw\audit_mwir_standard_20260906\mwir_std_solar_direct\MODOUT2.txt,W/(cm^2 sr cm^-1),W/(cm^2 cm^-1),W/(m^2 sr um),W/(m^2 um),value_si=value_native*1e8/(wavelength_um^2),2671.0,3.7439161362785476,0.9874,1.46e-06,10.415991859999998,1.48e-06,10.558676679999998
mwir_std_solar_direct,D:\HwaSimIR\HwaSim_IR\Bin\Config\Atmosphere\MODTRAN\raw\audit_mwir_standard_20260906\mwir_std_solar_direct\MODOUT2.txt,W/(cm^2 sr cm^-1),W/(cm^2 cm^-1),W/(m^2 sr um),W/(m^2 um),value_si=value_native*1e8/(wavelength_um^2),2672.0,3.7425149700598803,0.9837,1.45e-06,10.3523968,1.47e-06,10.49518848
mwir_std_solar_direct,D:\HwaSimIR\HwaSim_IR\Bin\Config\Atmosphere\MODTRAN\raw\audit_mwir_standard_20260906\mwir_std_solar_direct\MODOUT2.txt,W/(cm^2 sr cm^-1),W/(cm^2 cm^-1),W/(m^2 sr um),W/(m^2 um),value_si=value_native*1e8/(wavelength_um^2),2673.0,3.741114852225963,0.9343,1.38e-06,9.860002020000001,1.48e-06,10.574494920000001
mwir_std_solar_direct,D:\HwaSimIR\HwaSim_IR\Bin\Config\Atmosphere\MODTRAN\raw\audit_mwir_standard_20260906\mwir_std_solar_direct\MODOUT2.txt,W/(cm^2 sr cm^-1),W/(cm^2 cm^-1),W/(m^2 sr um),W/(m^2 um),value_si=value_native*1e8/(wavelength_um^2),2674.0,3.7397157816005984,0.9864,1.46e-06,10.439402959999999,1.48e-06,10.58240848
mwir_std_solar_direct,D:\HwaSimIR\HwaSim_IR\Bin\Config\Atmosphere\MODTRAN\raw\audit_mwir_standard_20260906\mwir_std_solar_direct\MODOUT2.txt,W/(cm^2 sr cm^-1),W/(cm^2 cm^-1),W/(m^2 sr um),W/(m^2 um),value_si=value_native*1e8/(wavelength_um^2),2675.0,3.7383177570093458,0.9556,1.42e-06,10.1609875,1.49e-06,10.661881249999999
mwir_std_solar_direct,D:\HwaSimIR\HwaSim_IR\Bin\Config\Atmosphere\MODTRAN\raw\audit_mwir_standard_20260906\mwir_std_solar_direct\MODOUT2.txt,W/(cm^2 sr cm^-1),W/(cm^2 cm^-1),W/(m^2 sr um),W/(m^2 um),value_si=value_native*1e8/(wavelength_um^2),2676.0,3.7369207772795217,0.9738,1.46e-06,10.45502496,1.5e-06,10.741464
mwir_std_solar_direct,D:\HwaSimIR\HwaSim_IR\Bin\Config\Atmosphere\MODTRAN\raw\audit_mwir_standard_20260906\mwir_std_solar_direct\MODOUT2.txt,W/(cm^2 sr cm^-1),W/(cm^2 cm^-1),W/(m^2 sr um),W/(m^2 um),value_si=value_native*1e8/(wavelength_um^2),2677.0,3.7355248412401942,0.9563,1.45e-06,10.39117705,1.52e-06,10.89282008
mwir_std_solar_direct,D:\HwaSimIR\HwaSim_IR\Bin\Config\Atmosphere\MODTRAN\raw\audit_mwir_standard_20260906\mwir_std_solar_direct\MODOUT2.txt,W/(cm^2 sr cm^-1),W/(cm^2 cm^-1),W/(m^2 sr um),W/(m^2 um),value_si=value_native*1e8/(wavelength_um^2),2678.0,3.7341299477221805,0.8997,1.37e-06,9.825207080000002,1.52e-06,10.900959680000001
mwir_std_solar_direct,D:\HwaSimIR\HwaSim_IR\Bin\Config\Atmosphere\MODTRAN\raw\audit_mwir_standard_20260906\mwir_std_solar_direct\MODOUT2.txt,W/(cm^2 sr cm^-1),W/(cm^2 cm^-1),W/(m^2 sr um),W/(m^2 um),value_si=value_native*1e8/(wavelength_um^2),2679.0,3.732736095558044,0.9911,1.52e-06,10.909102319999999,1.53e-06,10.98087273
mwir_std_solar_direct,D:\HwaSimIR\HwaSim_IR\Bin\Config\Atmosphere\MODTRAN\raw\audit_mwir_standard_20260906\mwir_std_solar_direct\MODOUT2.txt,W/(cm^2 sr cm^-1),W/(cm^2 cm^-1),W/(m^2 sr um),W/(m^2 um),value_si=value_native*1e8/(wavelength_um^2),2680.0,3.7313432835820897,0.9795,1.5e-06,10.7736,1.54e-06,11.060896
mwir_std_solar_direct,D:\HwaSimIR\HwaSim_IR\Bin\Config\Atmosphere\MODTRAN\raw\audit_mwir_standard_20260906\mwir_std_solar_direct\MODOUT2.txt,W/(cm^2 sr cm^-1),W/(cm^2 cm^-1),W/(m^2 sr um),W/(m^2 um),value_si=value_native*1e8/(wavelength_um^2),2681.0,3.729951510630362,0.9156,1.41e-06,10.13474301,1.54e-06,11.06915194
mwir_std_solar_direct,D:\HwaSimIR\HwaSim_IR\Bin\Config\Atmosphere\MODTRAN\raw\audit_mwir_standard_20260906\mwir_std_solar_direct\MODOUT2.txt,W/(cm^2 sr cm^-1),W/(cm^2 cm^-1),W/(m^2 sr um),W/(m^2 um),value_si=value_native*1e8/(wavelength_um^2),2682.0,3.7285607755406414,0.9774,1.5e-06,10.789686,1.54e-06,11.07741096
mwir_std_solar_direct,D:\HwaSimIR\HwaSim_IR\Bin\Config\Atmosphere\MODTRAN\raw\audit_mwir_standard_20260906\mwir_std_solar_direct\MODOUT2.txt,W/(cm^2 sr cm^-1),W/(cm^2 cm^-1),W/(m^2 sr um),W/(m^2 um),value_si=value_native*1e8/(wavelength_um^2),2683.0,3.727171077152441,0.9767,1.5e-06,10.797733500000001,1.54e-06,11.085673060000001
mwir_std_solar_direct,D:\HwaSimIR\HwaSim_IR\Bin\Config\Atmosphere\MODTRAN\raw\audit_mwir_standard_20260906\mwir_std_solar_direct\MODOUT2.txt,W/(cm^2 sr cm^-1),W/(cm^2 cm^-1),W/(m^2 sr um),W/(m^2 um),value_si=value_native*1e8/(wavelength_um^2),2684.0,3.7257824143070044,0.9828,1.51e-06,10.87782256,1.54e-06,11.093938240000002
mwir_std_solar_direct,D:\HwaSimIR\HwaSim_IR\Bin\Config\Atmosphere\MODTRAN\raw\audit_mwir_standard_20260906\mwir_std_solar_direct\MODOUT2.txt,W/(cm^2 sr cm^-1),W/(cm^2 cm^-1),W/(m^2 sr um),W/(m^2 um),value_si=value_native*1e8/(wavelength_um^2),2685.0,3.7243947858473,0.9838,1.52e-06,10.958022,1.54e-06,11.1022065
mwir_std_solar_direct,D:\HwaSimIR\HwaSim_IR\Bin\Config\Atmosphere\MODTRAN\raw\audit_mwir_standard_20260906\mwir_std_solar_direct\MODOUT2.txt,W/(cm^2 sr cm^-1),W/(cm^2 cm^-1),W/(m^2 sr um),W/(m^2 um),value_si=value_native*1e8/(wavelength_um^2),2686.0,3.7230081906180192,0.9925,1.53e-06,11.038331880000001,1.54e-06,11.110477840000001
mwir_std_solar_direct,D:\HwaSimIR\HwaSim_IR\Bin\Config\Atmosphere\MODTRAN\raw\audit_mwir_standard_20260906\mwir_std_solar_direct\MODOUT2.txt,W/(cm^2 sr cm^-1),W/(cm^2 cm^-1),W/(m^2 sr um),W/(m^2 um),value_si=value_native*1e8/(wavelength_um^2),2687.0,3.721622627465575,0.9918,1.53e-06,11.04655257,1.54e-06,11.118752259999999
mwir_std_solar_direct,D:\HwaSimIR\HwaSim_IR\Bin\Config\Atmosphere\MODTRAN\raw\audit_mwir_standard_20260906\mwir_std_solar_direct\MODOUT2.txt,W/(cm^2 sr cm^-1),W/(cm^2 cm^-1),W/(m^2 sr um),W/(m^2 um),value_si=value_native*1e8/(wavelength_um^2),2688.0,3.7202380952380953,0.992,1.53e-06,11.05477632,1.54e-06,11.12702976
mwir_std_solar_direct,D:\HwaSimIR\HwaSim_IR\Bin\Config\Atmosphere\MODTRAN\raw\audit_mwir_standard_20260906\mwir_std_solar_direct\MODOUT2.txt,W/(cm^2 sr cm^-1),W/(cm^2 cm^-1),W/(m^2 sr um),W/(m^2 um),value_si=value_native*1e8/(wavelength_um^2),2689.0,3.718854592785422,0.9899,1.53e-06,11.06300313,1.54e-06,11.13531034
mwir_std_solar_direct,D:\HwaSimIR\HwaSim_IR\Bin\Config\Atmosphere\MODTRAN\raw\audit_mwir_standard_20260906\mwir_std_solar_direct\MODOUT2.txt,W/(cm^2 sr cm^-1),W/(cm^2 cm^-1),W/(m^2 sr um),W/(m^2 um),value_si=value_native*1e8/(wavelength_um^2),2690.0,3.717472118959108,0.9488,1.46e-06,10.564706,1.54e-06,11.143594
mwir_std_solar_direct,D:\HwaSimIR\HwaSim_IR\Bin\Config\Atmosphere\MODTRAN\raw\audit_mwir_standard_20260906\mwir_std_solar_direct\MODOUT2.txt,W/(cm^2 sr cm^-1),W/(cm^2 cm^-1),W/(m^2 sr um),W/(m^2 um),value_si=value_native*1e8/(wavelength_um^2),2691.0,3.716090672612412,0.9795,1.51e-06,10.934636309999998,1.54e-06,11.15188074
mwir_std_solar_direct,D:\HwaSimIR\HwaSim_IR\Bin\Config\Atmosphere\MODTRAN\raw\audit_mwir_standard_20260906\mwir_std_solar_direct\MODOUT2.txt,W/(cm^2 sr cm^-1),W/(cm^2 cm^-1),W/(m^2 sr um),W/(m^2 um),value_si=value_native*1e8/(wavelength_um^2),2692.0,3.7147102526002973,0.9769,1.5e-06,10.870296,1.54e-06,11.16017056
mwir_std_solar_direct,D:\HwaSimIR\HwaSim_IR\Bin\Config\Atmosphere\MODTRAN\raw\audit_mwir_standard_20260906\mwir_std_solar_direct\MODOUT2.txt,W/(cm^2 sr cm^-1),W/(cm^2 cm^-1),W/(m^2 sr um),W/(m^2 um),value_si=value_native*1e8/(wavelength_um^2),2693.0,3.713330857779428,0.9204,1.41e-06,10.22567109,1.54e-06,11.168463460000002
mwir_std_solar_direct,D:\HwaSimIR\HwaSim_IR\Bin\Config\Atmosphere\MODTRAN\raw\audit_mwir_standard_20260906\mwir_std_solar_direct\MODOUT2.txt,W/(cm^2 sr cm^-1),W/(cm^2 cm^-1),W/(m^2 sr um),W/(m^2 um),value_si=value_native*1e8/(wavelength_um^2),2694.0,3.7119524870081664,0.9798,1.5e-06,10.886453999999999,1.54e-06,11.17675944
mwir_std_solar_direct,D:\HwaSimIR\HwaSim_IR\Bin\Config\Atmosphere\MODTRAN\raw\audit_mwir_standard_20260906\mwir_std_solar_direct\MODOUT2.txt,W/(cm^2 sr cm^-1),W/(cm^2 cm^-1),W/(m^2 sr um),W/(m^2 um),value_si=value_native*1e8/(wavelength_um^2),2695.0,3.7105751391465676,0.9404,1.44e-06,10.458756000000001,1.54e-06,11.1850585
mwir_std_solar_direct,D:\HwaSimIR\HwaSim_IR\Bin\Config\Atmosphere\MODTRAN\raw\audit_mwir_standard_20260906\mwir_std_solar_direct\MODOUT2.txt,W/(cm^2 sr cm^-1),W/(cm^2 cm^-1),W/(m^2 sr um),W/(m^2 um),value_si=value_native*1e8/(wavelength_um^2),2696.0,3.7091988130563798,0.9395,1.44e-06,10.466519040000001,1.54e-06,11.19336064
mwir_std_solar_direct,D:\HwaSimIR\HwaSim_IR\Bin\Config\Atmosphere\MODTRAN\raw\audit_mwir_standard_20260906\mwir_std_solar_direct\MODOUT2.txt,W/(cm^2 sr cm^-1),W/(cm^2 cm^-1),W/(m^2 sr um),W/(m^2 um),value_si=value_native*1e8/(wavelength_um^2),2697.0,3.7078235076010384,0.9748,1.5e-06,10.9107135,1.54e-06,11.201665859999999
mwir_std_solar_direct,D:\HwaSimIR\HwaSim_IR\Bin\Config\Atmosphere\MODTRAN\raw\audit_mwir_standard_20260906\mwir_std_solar_direct\MODOUT2.txt,W/(cm^2 sr cm^-1),W/(cm^2 cm^-1),W/(m^2 sr um),W/(m^2 um),value_si=value_native*1e8/(wavelength_um^2),2698.0,3.7064492216456633,0.97,1.5e-06,10.918806000000002,1.54e-06,11.209974160000002
mwir_std_solar_direct,D:\HwaSimIR\HwaSim_IR\Bin\Config\Atmosphere\MODTRAN\raw\audit_mwir_standard_20260906\mwir_std_solar_direct\MODOUT2.txt,W/(cm^2 sr cm^-1),W/(cm^2 cm^-1),W/(m^2 sr um),W/(m^2 um),value_si=value_native*1e8/(wavelength_um^2),2699.0,3.705075954057058,0.9863,1.52e-06,11.07259352,1.54e-06,11.21828554
mwir_std_solar_direct,D:\HwaSimIR\HwaSim_IR\Bin\Config\Atmosphere\MODTRAN\raw\audit_mwir_standard_20260906\mwir_std_solar_direct\MODOUT2.txt,W/(cm^2 sr cm^-1),W/(cm^2 cm^-1),W/(m^2 sr um),W/(m^2 um),value_si=value_native*1e8/(wavelength_um^2),2700.0,3.7037037037037037,0.9953,1.53e-06,11.153699999999999,1.54e-06,11.2266
mwir_std_solar_direct,D:\HwaSimIR\HwaSim_IR\Bin\Config\Atmosphere\MODTRAN\raw\audit_mwir_standard_20260906\mwir_std_solar_direct\MODOUT2.txt,W/(cm^2 sr cm^-1),W/(cm^2 cm^-1),W/(m^2 sr um),W/(m^2 um),value_si=value_native*1e8/(wavelength_um^2),2701.0,3.702332469455757,0.9964,1.53e-06,11.16196353,1.53e-06,11.16196353
mwir_std_solar_direct,D:\HwaSimIR\HwaSim_IR\Bin\Config\Atmosphere\MODTRAN\raw\audit_mwir_standard_20260906\mwir_std_solar_direct\MODOUT2.txt,W/(cm^2 sr cm^-1),W/(cm^2 cm^-1),W/(m^2 sr um),W/(m^2 um),value_si=value_native*1e8/(wavelength_um^2),2702.0,3.7009622501850483,0.9875,1.51e-06,11.024214039999999,1.53e-06,11.170230119999998
mwir_std_solar_direct,D:\HwaSimIR\HwaSim_IR\Bin\Config\Atmosphere\MODTRAN\raw\audit_mwir_standard_20260906\mwir_std_solar_direct\MODOUT2.txt,W/(cm^2 sr cm^-1),W/(cm^2 cm^-1),W/(m^2 sr um),W/(m^2 um),value_si=value_native*1e8/(wavelength_um^2),2703.0,3.6995930447650758,0.9892,1.51e-06,11.032375590000001,1.52e-06,11.10543768
mwir_std_solar_direct,D:\HwaSimIR\HwaSim_IR\Bin\Config\Atmosphere\MODTRAN\raw\audit_mwir_standard_20260906\mwir_std_solar_direct\MODOUT2.txt,W/(cm^2 sr cm^-1),W/(cm^2 cm^-1),W/(m^2 sr um),W/(m^2 um),value_si=value_native*1e8/(wavelength_um^2),2704.0,3.698224852071006,0.9922,1.52e-06,11.11365632,1.53e-06,11.18677248
mwir_std_solar_direct,D:\HwaSimIR\HwaSim_IR\Bin\Config\Atmosphere\MODTRAN\raw\audit_mwir_standard_20260906\mwir_std_solar_direct\MODOUT2.txt,W/(cm^2 sr cm^-1),W/(cm^2 cm^-1),W/(m^2 sr um),W/(m^2 um),value_si=value_native*1e8/(wavelength_um^2),2705.0,3.6968576709796674,0.9792,1.5e-06,10.9755375,1.54e-06,11.2682185
mwir_std_solar_direct,D:\HwaSimIR\HwaSim_IR\Bin\Config\Atmosphere\MODTRAN\raw\audit_mwir_standard_20260906\mwir_std_solar_direct\MODOUT2.txt,W/(cm^2 sr cm^-1),W/(cm^2 cm^-1),W/(m^2 sr um),W/(m^2 um),value_si=value_native*1e8/(wavelength_um^2),2706.0,3.695491500369549,0.9799,1.52e-06,11.130102720000002,1.55e-06,11.349775800000002
mwir_std_solar_direct,D:\HwaSimIR\HwaSim_IR\Bin\Config\Atmosphere\MODTRAN\raw\audit_mwir_standard_20260906\mwir_std_solar_direct\MODOUT2.txt,W/(cm^2 sr cm^-1),W/(cm^2 cm^-1),W/(m^2 sr um),W/(m^2 um),value_si=value_native*1e8/(wavelength_um^2),2707.0,3.694126339120798,0.9859,1.54e-06,11.28488746,1.56e-06,11.43144444
mwir_std_solar_direct,D:\HwaSimIR\HwaSim_IR\Bin\Config\Atmosphere\MODTRAN\raw\audit_mwir_standard_20260906\mwir_std_solar_direct\MODOUT2.txt,W/(cm^2 sr cm^-1),W/(cm^2 cm^-1),W/(m^2 sr um),W/(m^2 um),value_si=value_native*1e8/(wavelength_um^2),2708.0,3.692762186115214,0.9567,1.5e-06,10.999896000000001,1.56e-06,11.439891840000001
mwir_std_solar_direct,D:\HwaSimIR\HwaSim_IR\Bin\Config\Atmosphere\MODTRAN\raw\audit_mwir_standard_20260906\mwir_std_solar_direct\MODOUT2.txt,W/(cm^2 sr cm^-1),W/(cm^2 cm^-1),W/(m^2 sr um),W/(m^2 um),value_si=value_native*1e8/(wavelength_um^2),2709.0,3.6913990402362495,0.9719,1.52e-06,11.15479512,1.57e-06,11.52172917
mwir_std_solar_direct,D:\HwaSimIR\HwaSim_IR\Bin\Config\Atmosphere\MODTRAN\raw\audit_mwir_standard_20260906\mwir_std_solar_direct\MODOUT2.txt,W/(cm^2 sr cm^-1),W/(cm^2 cm^-1),W/(m^2 sr um),W/(m^2 um),value_si=value_native*1e8/(wavelength_um^2),2710.0,3.690036900369004,0.9858,1.54e-06,11.309914,1.57e-06,11.530237
mwir_std_solar_direct,D:\HwaSimIR\HwaSim_IR\Bin\Config\Atmosphere\MODTRAN\raw\audit_mwir_standard_20260906\mwir_std_solar_direct\MODOUT2.txt,W/(cm^2 sr cm^-1),W/(cm^2 cm^-1),W/(m^2 sr um),W/(m^2 um),value_si=value_native*1e8/(wavelength_um^2),2711.0,3.6886757654002214,0.9431,1.48e-06,10.877291080000001,1.57e-06,11.538747970000001
mwir_std_solar_direct,D:\HwaSimIR\HwaSim_IR\Bin\Config\Atmosphere\MODTRAN\raw\audit_mwir_standard_20260906\mwir_std_solar_direct\MODOUT2.txt,W/(cm^2 sr cm^-1),W/(cm^2 cm^-1),W/(m^2 sr um),W/(m^2 um),value_si=value_native*1e8/(wavelength_um^2),2712.0,3.687315634218289,0.9058,1.42e-06,10.44402048,1.57e-06,11.547262080000001
mwir_std_solar_direct,D:\HwaSimIR\HwaSim_IR\Bin\Config\Atmosphere\MODTRAN\raw\audit_mwir_standard_20260906\mwir_std_solar_direct\MODOUT2.txt,W/(cm^2 sr cm^-1),W/(cm^2 cm^-1),W/(m^2 sr um),W/(m^2 um),value_si=value_native*1e8/(wavelength_um^2),2713.0,3.6859565057132326,0.989,1.55e-06,11.408571949999999,1.56e-06,11.48217564
mwir_std_solar_direct,D:\HwaSimIR\HwaSim_IR\Bin\Config\Atmosphere\MODTRAN\raw\audit_mwir_standard_20260906\mwir_std_solar_direct\MODOUT2.txt,W/(cm^2 sr cm^-1),W/(cm^2 cm^-1),W/(m^2 sr um),W/(m^2 um),value_si=value_native*1e8/(wavelength_um^2),2714.0,3.6845983787767134,0.9838,1.54e-06,11.343325839999999,1.56e-06,11.490641759999999
mwir_std_solar_direct,D:\HwaSimIR\HwaSim_IR\Bin\Config\Atmosphere\MODTRAN\raw\audit_mwir_standard_20260906\mwir_std_solar_direct\MODOUT2.txt,W/(cm^2 sr cm^-1),W/(cm^2 cm^-1),W/(m^2 sr um),W/(m^2 um),value_si=value_native*1e8/(wavelength_um^2),2715.0,3.6832412523020257,0.9402,1.47e-06,10.83570075,1.56e-06,11.499111000000001
mwir_std_solar_direct,D:\HwaSimIR\HwaSim_IR\Bin\Config\Atmosphere\MODTRAN\raw\audit_mwir_standard_20260906\mwir_std_solar_direct\MODOUT2.txt,W/(cm^2 sr cm^-1),W/(cm^2 cm^-1),W/(m^2 sr um),W/(m^2 um),value_si=value_native*1e8/(wavelength_um^2),2716.0,3.681885125184094,0.9537,1.48e-06,10.91745088,1.55e-06,11.4338168
mwir_std_solar_direct,D:\HwaSimIR\HwaSim_IR\Bin\Config\Atmosphere\MODTRAN\raw\audit_mwir_standard_20260906\mwir_std_solar_direct\MODOUT2.txt,W/(cm^2 sr cm^-1),W/(cm^2 cm^-1),W/(m^2 sr um),W/(m^2 um),value_si=value_native*1e8/(wavelength_um^2),2717.0,3.68052999631947,0.9624,1.5e-06,11.0731335,1.55e-06,11.44223795
mwir_std_solar_direct,D:\HwaSimIR\HwaSim_IR\Bin\Config\Atmosphere\MODTRAN\raw\audit_mwir_standard_20260906\mwir_std_solar_direct\MODOUT2.txt,W/(cm^2 sr cm^-1),W/(cm^2 cm^-1),W/(m^2 sr um),W/(m^2 um),value_si=value_native*1e8/(wavelength_um^2),2718.0,3.679175864606328,0.9622,1.5e-06,11.081286,1.56e-06,11.52453744
mwir_std_solar_direct,D:\HwaSimIR\HwaSim_IR\Bin\Config\Atmosphere\MODTRAN\raw\audit_mwir_standard_20260906\mwir_std_solar_direct\MODOUT2.txt,W/(cm^2 sr cm^-1),W/(cm^2 cm^-1),W/(m^2 sr um),W/(m^2 um),value_si=value_native*1e8/(wavelength_um^2),2719.0,3.6778227289444647,0.9411,1.47e-06,10.86765267,1.57e-06,11.60694877
mwir_std_solar_direct,D:\HwaSimIR\HwaSim_IR\Bin\Config\Atmosphere\MODTRAN\raw\audit_mwir_standard_20260906\mwir_std_solar_direct\MODOUT2.txt,W/(cm^2 sr cm^-1),W/(cm^2 cm^-1),W/(m^2 sr um),W/(m^2 um),value_si=value_native*1e8/(wavelength_um^2),2720.0,3.676470588235294,0.8715,1.37e-06,10.135808,1.57e-06,11.615488000000001
mwir_std_solar_direct,D:\HwaSimIR\HwaSim_IR\Bin\Config\Atmosphere\MODTRAN\raw\audit_mwir_standard_20260906\mwir_std_solar_direct\MODOUT2.txt,W/(cm^2 sr cm^-1),W/(cm^2 cm^-1),W/(m^2 sr um),W/(m^2 um),value_si=value_native*1e8/(wavelength_um^2),2721.0,3.675119441381845,0.8745,1.38e-06,10.21730058,1.58e-06,11.69806878
mwir_std_solar_direct,D:\HwaSimIR\HwaSim_IR\Bin\Config\Atmosphere\MODTRAN\raw\audit_mwir_standard_20260906\mwir_std_solar_direct\MODOUT2.txt,W/(cm^2 sr cm^-1),W/(cm^2 cm^-1),W/(m^2 sr um),W/(m^2 um),value_si=value_native*1e8/(wavelength_um^2),2722.0,3.673769287288758,0.874,1.38e-06,10.22481192,1.58e-06,11.706668720000001
mwir_std_solar_direct,D:\HwaSimIR\HwaSim_IR\Bin\Config\Atmosphere\MODTRAN\raw\audit_mwir_standard_20260906\mwir_std_solar_direct\MODOUT2.txt,W/(cm^2 sr cm^-1),W/(cm^2 cm^-1),W/(m^2 sr um),W/(m^2 um),value_si=value_native*1e8/(wavelength_um^2),2723.0,3.6724201248622843,0.8556,1.35e-06,10.00988415,1.58e-06,11.715271819999998
mwir_std_solar_direct,D:\HwaSimIR\HwaSim_IR\Bin\Config\Atmosphere\MODTRAN\raw\audit_mwir_standard_20260906\mwir_std_solar_direct\MODOUT2.txt,W/(cm^2 sr cm^-1),W/(cm^2 cm^-1),W/(m^2 sr um),W/(m^2 um),value_si=value_native*1e8/(wavelength_um^2),2724.0,3.671071953010279,0.9365,1.48e-06,10.98186048,1.58e-06,11.72387808
mwir_std_solar_direct,D:\HwaSimIR\HwaSim_IR\Bin\Config\Atmosphere\MODTRAN\raw\audit_mwir_standard_20260906\mwir_std_solar_direct\MODOUT2.txt,W/(cm^2 sr cm^-1),W/(cm^2 cm^-1),W/(m^2 sr um),W/(m^2 um),value_si=value_native*1e8/(wavelength_um^2),2725.0,3.669724770642202,0.9849,1.56e-06,11.583974999999999,1.58e-06,11.732487499999998
mwir_std_solar_direct,D:\HwaSimIR\HwaSim_IR\Bin\Config\Atmosphere\MODTRAN\raw\audit_mwir_standard_20260906\mwir_std_solar_direct\MODOUT2.txt,W/(cm^2 sr cm^-1),W/(cm^2 cm^-1),W/(m^2 sr um),W/(m^2 um),value_si=value_native*1e8/(wavelength_um^2),2726.0,3.668378576669112,0.9087,1.44e-06,10.700749440000001,1.58e-06,11.74110008
mwir_std_solar_direct,D:\HwaSimIR\HwaSim_IR\Bin\Config\Atmosphere\MODTRAN\raw\audit_mwir_standard_20260906\mwir_std_solar_direct\MODOUT2.txt,W/(cm^2 sr cm^-1),W/(cm^2 cm^-1),W/(m^2 sr um),W/(m^2 um),value_si=value_native*1e8/(wavelength_um^2),2727.0,3.6670333700036672,0.872,1.38e-06,10.262410019999999,1.59e-06,11.824081109999998
mwir_std_solar_direct,D:\HwaSimIR\HwaSim_IR\Bin\Config\Atmosphere\MODTRAN\raw\audit_mwir_standard_20260906\mwir_std_solar_direct\MODOUT2.txt,W/(cm^2 sr cm^-1),W/(cm^2 cm^-1),W/(m^2 sr um),W/(m^2 um),value_si=value_native*1e8/(wavelength_um^2),2728.0,3.665689149560117,0.9891,1.57e-06,11.683914880000001,1.59e-06,11.832754560000001
mwir_std_solar_direct,D:\HwaSimIR\HwaSim_IR\Bin\Config\Atmosphere\MODTRAN\raw\audit_mwir_standard_20260906\mwir_std_solar_direct\MODOUT2.txt,W/(cm^2 sr cm^-1),W/(cm^2 cm^-1),W/(m^2 sr um),W/(m^2 um),value_si=value_native*1e8/(wavelength_um^2),2729.0,3.6643459142543056,0.9896,1.57e-06,11.69248237,1.59e-06,11.841431190000002
mwir_std_solar_direct,D:\HwaSimIR\HwaSim_IR\Bin\Config\Atmosphere\MODTRAN\raw\audit_mwir_standard_20260906\mwir_std_solar_direct\MODOUT2.txt,W/(cm^2 sr cm^-1),W/(cm^2 cm^-1),W/(m^2 sr um),W/(m^2 um),value_si=value_native*1e8/(wavelength_um^2),2730.0,3.663003663003663,0.969,1.54e-06,11.477466,1.59e-06,11.850111
mwir_std_solar_direct,D:\HwaSimIR\HwaSim_IR\Bin\Config\Atmosphere\MODTRAN\raw\audit_mwir_standard_20260906\mwir_std_solar_direct\MODOUT2.txt,W/(cm^2 sr cm^-1),W/(cm^2 cm^-1),W/(m^2 sr um),W/(m^2 um),value_si=value_native*1e8/(wavelength_um^2),2731.0,3.6616623947272062,0.9672,1.54e-06,11.48587594,1.59e-06,11.858793989999999
mwir_std_solar_direct,D:\HwaSimIR\HwaSim_IR\Bin\Config\Atmosphere\MODTRAN\raw\audit_mwir_standard_20260906\mwir_std_solar_direct\MODOUT2.txt,W/(cm^2 sr cm^-1),W/(cm^2 cm^-1),W/(m^2 sr um),W/(m^2 um),value_si=value_native*1e8/(wavelength_um^2),2732.0,3.6603221083455346,0.9903,1.57e-06,11.718203679999998,1.59e-06,11.86748016
mwir_std_solar_direct,D:\HwaSimIR\HwaSim_IR\Bin\Config\Atmosphere\MODTRAN\raw\audit_mwir_standard_20260906\mwir_std_solar_direct\MODOUT2.txt,W/(cm^2 sr cm^-1),W/(cm^2 cm^-1),W/(m^2 sr um),W/(m^2 um),value_si=value_native*1e8/(wavelength_um^2),2733.0,3.658982802780827,0.99,1.57e-06,11.72678373,1.59e-06,11.876169509999999
mwir_std_solar_direct,D:\HwaSimIR\HwaSim_IR\Bin\Config\Atmosphere\MODTRAN\raw\audit_mwir_standard_20260906\mwir_std_solar_direct\MODOUT2.txt,W/(cm^2 sr cm^-1),W/(cm^2 cm^-1),W/(m^2 sr um),W/(m^2 um),value_si=value_native*1e8/(wavelength_um^2),2734.0,3.6576444769568397,0.9904,1.57e-06,11.73536692,1.59e-06,11.884862040000002
mwir_std_solar_direct,D:\HwaSimIR\HwaSim_IR\Bin\Config\Atmosphere\MODTRAN\raw\audit_mwir_standard_20260906\mwir_std_solar_direct\MODOUT2.txt,W/(cm^2 sr cm^-1),W/(cm^2 cm^-1),W/(m^2 sr um),W/(m^2 um),value_si=value_native*1e8/(wavelength_um^2),2735.0,3.656307129798903,0.9925,1.57e-06,11.74395325,1.58e-06,11.8187555
mwir_std_solar_direct,D:\HwaSimIR\HwaSim_IR\Bin\Config\Atmosphere\MODTRAN\raw\audit_mwir_standard_20260906\mwir_std_solar_direct\MODOUT2.txt,W/(cm^2 sr cm^-1),W/(cm^2 cm^-1),W/(m^2 sr um),W/(m^2 um),value_si=value_native*1e8/(wavelength_um^2),2736.0,3.654970760233918,0.9803,1.56e-06,11.67768576,1.59e-06,11.90225664
mwir_std_solar_direct,D:\HwaSimIR\HwaSim_IR\Bin\Config\Atmosphere\MODTRAN\raw\audit_mwir_standard_20260906\mwir_std_solar_direct\MODOUT2.txt,W/(cm^2 sr cm^-1),W/(cm^2 cm^-1),W/(m^2 sr um),W/(m^2 um),value_si=value_native*1e8/(wavelength_um^2),2737.0,3.6536353671903545,0.9742,1.55e-06,11.61131195,1.59e-06,11.91095871
mwir_std_solar_direct,D:\HwaSimIR\HwaSim_IR\Bin\Config\Atmosphere\MODTRAN\raw\audit_mwir_standard_20260906\mwir_std_solar_direct\MODOUT2.txt,W/(cm^2 sr cm^-1),W/(cm^2 cm^-1),W/(m^2 sr um),W/(m^2 um),value_si=value_native*1e8/(wavelength_um^2),2738.0,3.652300949598247,0.9744,1.55e-06,11.6197982,1.59e-06,11.91966396
mwir_std_solar_direct,D:\HwaSimIR\HwaSim_IR\Bin\Config\Atmosphere\MODTRAN\raw\audit_mwir_standard_20260906\mwir_std_solar_direct\MODOUT2.txt,W/(cm^2 sr cm^-1),W/(cm^2 cm^-1),W/(m^2 sr um),W/(m^2 um),value_si=value_native*1e8/(wavelength_um^2),2739.0,3.6509675063891933,0.9391,1.5e-06,11.253181499999998,1.59e-06,11.928372389999998
mwir_std_solar_direct,D:\HwaSimIR\HwaSim_IR\Bin\Config\Atmosphere\MODTRAN\raw\audit_mwir_standard_20260906\mwir_std_solar_direct\MODOUT2.txt,W/(cm^2 sr cm^-1),W/(cm^2 cm^-1),W/(m^2 sr um),W/(m^2 um),value_si=value_native*1e8/(wavelength_um^2),2740.0,3.6496350364963503,0.9913,1.59e-06,11.937084,1.6e-06,12.01216
mwir_std_solar_direct,D:\HwaSimIR\HwaSim_IR\Bin\Config\Atmosphere\MODTRAN\raw\audit_mwir_standard_20260906\mwir_std_solar_direct\MODOUT2.txt,W/(cm^2 sr cm^-1),W/(cm^2 cm^-1),W/(m^2 sr um),W/(m^2 um),value_si=value_native*1e8/(wavelength_um^2),2741.0,3.6483035388544325,0.9452,1.51e-06,11.34475231,1.6e-06,12.0209296
mwir_std_solar_direct,D:\HwaSimIR\HwaSim_IR\Bin\Config\Atmosphere\MODTRAN\raw\audit_mwir_standard_20260906\mwir_std_solar_direct\MODOUT2.txt,W/(cm^2 sr cm^-1),W/(cm^2 cm^-1),W/(m^2 sr um),W/(m^2 um),value_si=value_native*1e8/(wavelength_um^2),2742.0,3.6469730123997084,0.8655,1.38e-06,10.37561832,1.6e-06,12.0297024
mwir_std_solar_direct,D:\HwaSimIR\HwaSim_IR\Bin\Config\Atmosphere\MODTRAN\raw\audit_mwir_standard_20260906\mwir_std_solar_direct\MODOUT2.txt,W/(cm^2 sr cm^-1),W/(cm^2 cm^-1),W/(m^2 sr um),W/(m^2 um),value_si=value_native*1e8/(wavelength_um^2),2743.0,3.645643456069996,0.9458,1.51e-06,11.361313990000001,1.6e-06,12.038478400000002
mwir_std_solar_direct,D:\HwaSimIR\HwaSim_IR\Bin\Config\Atmosphere\MODTRAN\raw\audit_mwir_standard_20260906\mwir_std_solar_direct\MODOUT2.txt,W/(cm^2 sr cm^-1),W/(cm^2 cm^-1),W/(m^2 sr um),W/(m^2 um),value_si=value_native*1e8/(wavelength_um^2),2744.0,3.6443148688046647,0.9818,1.57e-06,11.82137152,1.6e-06,12.0472576
mwir_std_solar_direct,D:\HwaSimIR\HwaSim_IR\Bin\Config\Atmosphere\MODTRAN\raw\audit_mwir_standard_20260906\mwir_std_solar_direct\MODOUT2.txt,W/(cm^2 sr cm^-1),W/(cm^2 cm^-1),W/(m^2 sr um),W/(m^2 um),value_si=value_native*1e8/(wavelength_um^2),2745.0,3.6429872495446265,0.9912,1.59e-06,11.98068975,1.6e-06,12.05604
mwir_std_solar_direct,D:\HwaSimIR\HwaSim_IR\Bin\Config\Atmosphere\MODTRAN\raw\audit_mwir_standard_20260906\mwir_std_solar_direct\MODOUT2.txt,W/(cm^2 sr cm^-1),W/(cm^2 cm^-1),W/(m^2 sr um),W/(m^2 um),value_si=value_native*1e8/(wavelength_um^2),2746.0,3.641660597232338,0.9871,1.58e-06,11.914015279999997,1.61e-06,12.140230759999998
mwir_std_solar_direct,D:\HwaSimIR\HwaSim_IR\Bin\Config\Atmosphere\MODTRAN\raw\audit_mwir_standard_20260906\mwir_std_solar_direct\MODOUT2.txt,W/(cm^2 sr cm^-1),W/(cm^2 cm^-1),W/(m^2 sr um),W/(m^2 um),value_si=value_native*1e8/(wavelength_um^2),2747.0,3.6403349108117946,0.978,1.57e-06,11.84723413,1.61e-06,12.14907449
mwir_std_solar_direct,D:\HwaSimIR\HwaSim_IR\Bin\Config\Atmosphere\MODTRAN\raw\audit_mwir_standard_20260906\mwir_std_solar_direct\MODOUT2.txt,W/(cm^2 sr cm^-1),W/(cm^2 cm^-1),W/(m^2 sr um),W/(m^2 um),value_si=value_native*1e8/(wavelength_um^2),2748.0,3.63901018922853,0.9833,1.58e-06,11.931376319999998,1.61e-06,12.157921439999999
mwir_std_solar_direct,D:\HwaSimIR\HwaSim_IR\Bin\Config\Atmosphere\MODTRAN\raw\audit_mwir_standard_20260906\mwir_std_solar_direct\MODOUT2.txt,W/(cm^2 sr cm^-1),W/(cm^2 cm^-1),W/(m^2 sr um),W/(m^2 um),value_si=value_native*1e8/(wavelength_um^2),2749.0,3.6376864314296107,0.98,1.58e-06,11.94006158,1.61e-06,12.166771610000001
mwir_std_solar_direct,D:\HwaSimIR\HwaSim_IR\Bin\Config\Atmosphere\MODTRAN\raw\audit_mwir_standard_20260906\mwir_std_solar_direct\MODOUT2.txt,W/(cm^2 sr cm^-1),W/(cm^2 cm^-1),W/(m^2 sr um),W/(m^2 um),value_si=value_native*1e8/(wavelength_um^2),2750.0,3.6363636363636362,0.9755,1.58e-06,11.94875,1.61e-06,12.175625000000002
mwir_std_solar_direct,D:\HwaSimIR\HwaSim_IR\Bin\Config\Atmosphere\MODTRAN\raw\audit_mwir_standard_20260906\mwir_std_solar_direct\MODOUT2.txt,W/(cm^2 sr cm^-1),W/(cm^2 cm^-1),W/(m^2 sr um),W/(m^2 um),value_si=value_native*1e8/(wavelength_um^2),2751.0,3.635041802980734,0.931,1.5e-06,11.3520015,1.62e-06,12.26016162
mwir_std_solar_direct,D:\HwaSimIR\HwaSim_IR\Bin\Config\Atmosphere\MODTRAN\raw\audit_mwir_standard_20260906\mwir_std_solar_direct\MODOUT2.txt,W/(cm^2 sr cm^-1),W/(cm^2 cm^-1),W/(m^2 sr um),W/(m^2 um),value_si=value_native*1e8/(wavelength_um^2),2752.0,3.633720930232558,0.9817,1.59e-06,12.041871360000002,1.62e-06,12.26907648
mwir_std_solar_direct,D:\HwaSimIR\HwaSim_IR\Bin\Config\Atmosphere\MODTRAN\raw\audit_mwir_standard_20260906\mwir_std_solar_direct\MODOUT2.txt,W/(cm^2 sr cm^-1),W/(cm^2 cm^-1),W/(m^2 sr um),W/(m^2 um),value_si=value_native*1e8/(wavelength_um^2),2753.0,3.6324010170722847,0.9754,1.58e-06,11.97483422,1.62e-06,12.27799458
mwir_std_solar_direct,D:\HwaSimIR\HwaSim_IR\Bin\Config\Atmosphere\MODTRAN\raw\audit_mwir_standard_20260906\mwir_std_solar_direct\MODOUT2.txt,W/(cm^2 sr cm^-1),W/(cm^2 cm^-1),W/(m^2 sr um),W/(m^2 um),value_si=value_native*1e8/(wavelength_um^2),2754.0,3.6310820624546114,0.9338,1.51e-06,11.452619160000001,1.62e-06,12.28691592
mwir_std_solar_direct,D:\HwaSimIR\HwaSim_IR\Bin\Config\Atmosphere\MODTRAN\raw\audit_mwir_standard_20260906\mwir_std_solar_direct\MODOUT2.txt,W/(cm^2 sr cm^-1),W/(cm^2 cm^-1),W/(m^2 sr um),W/(m^2 um),value_si=value_native*1e8/(wavelength_um^2),2755.0,3.629764065335753,0.9914,1.61e-06,12.21994025,1.62e-06,12.2958405
mwir_std_solar_direct,D:\HwaSimIR\HwaSim_IR\Bin\Config\Atmosphere\MODTRAN\raw\audit_mwir_standard_20260906\mwir_std_solar_direct\MODOUT2.txt,W/(cm^2 sr cm^-1),W/(cm^2 cm^-1),W/(m^2 sr um),W/(m^2 um),value_si=value_native*1e8/(wavelength_um^2),2756.0,3.6284470246734397,0.9574,1.55e-06,11.7730808,1.62e-06,12.30476832
mwir_std_solar_direct,D:\HwaSimIR\HwaSim_IR\Bin\Config\Atmosphere\MODTRAN\raw\audit_mwir_standard_20260906\mwir_std_solar_direct\MODOUT2.txt,W/(cm^2 sr cm^-1),W/(cm^2 cm^-1),W/(m^2 sr um),W/(m^2 um),value_si=value_native*1e8/(wavelength_um^2),2757.0,3.6271309394269133,0.8893,1.44e-06,10.945510559999999,1.62e-06,12.31369938
mwir_std_solar_direct,D:\HwaSimIR\HwaSim_IR\Bin\Config\Atmosphere\MODTRAN\raw\audit_mwir_standard_20260906\mwir_std_solar_direct\MODOUT2.txt,W/(cm^2 sr cm^-1),W/(cm^2 cm^-1),W/(m^2 sr um),W/(m^2 um),value_si=value_native*1e8/(wavelength_um^2),2758.0,3.625815808556925,0.9112,1.48e-06,11.257714720000001,1.62e-06,12.322633680000001
mwir_std_solar_direct,D:\HwaSimIR\HwaSim_IR\Bin\Config\Atmosphere\MODTRAN\raw\audit_mwir_standard_20260906\mwir_std_solar_direct\MODOUT2.txt,W/(cm^2 sr cm^-1),W/(cm^2 cm^-1),W/(m^2 sr um),W/(m^2 um),value_si=value_native*1e8/(wavelength_um^2),2759.0,3.624501631025734,0.9799,1.59e-06,12.103208790000002,1.63e-06,12.407692030000002
mwir_std_solar_direct,D:\HwaSimIR\HwaSim_IR\Bin\Config\Atmosphere\MODTRAN\raw\audit_mwir_standard_20260906\mwir_std_solar_direct\MODOUT2.txt,W/(cm^2 sr cm^-1),W/(cm^2 cm^-1),W/(m^2 sr um),W/(m^2 um),value_si=value_native*1e8/(wavelength_um^2),2760.0,3.6231884057971016,0.9819,1.6e-06,12.18816,1.63e-06,12.416688
mwir_std_solar_direct,D:\HwaSimIR\HwaSim_IR\Bin\Config\Atmosphere\MODTRAN\raw\audit_mwir_standard_20260906\mwir_std_solar_direct\MODOUT2.txt,W/(cm^2 sr cm^-1),W/(cm^2 cm^-1),W/(m^2 sr um),W/(m^2 um),value_si=value_native*1e8/(wavelength_um^2),2761.0,3.621876131836291,0.9777,1.59e-06,12.120762390000001,1.63e-06,12.425687230000001
mwir_std_solar_direct,D:\HwaSimIR\HwaSim_IR\Bin\Config\Atmosphere\MODTRAN\raw\audit_mwir_standard_20260906\mwir_std_solar_direct\MODOUT2.txt,W/(cm^2 sr cm^-1),W/(cm^2 cm^-1),W/(m^2 sr um),W/(m^2 um),value_si=value_native*1e8/(wavelength_um^2),2762.0,3.620564808110065,0.9774,1.59e-06,12.129543960000001,1.63e-06,12.434689720000002
mwir_std_solar_direct,D:\HwaSimIR\HwaSim_IR\Bin\Config\Atmosphere\MODTRAN\raw\audit_mwir_standard_20260906\mwir_std_solar_direct\MODOUT2.txt,W/(cm^2 sr cm^-1),W/(cm^2 cm^-1),W/(m^2 sr um),W/(m^2 um),value_si=value_native*1e8/(wavelength_um^2),2763.0,3.619254433586681,0.9832,1.6e-06,12.214670400000001,1.63e-06,12.443695470000002
mwir_std_solar_direct,D:\HwaSimIR\HwaSim_IR\Bin\Config\Atmosphere\MODTRAN\raw\audit_mwir_standard_20260906\mwir_std_solar_direct\MODOUT2.txt,W/(cm^2 sr cm^-1),W/(cm^2 cm^-1),W/(m^2 sr um),W/(m^2 um),value_si=value_native*1e8/(wavelength_um^2),2764.0,3.61794500723589,0.9802,1.6e-06,12.2235136,1.63e-06,12.452704480000001
mwir_std_solar_direct,D:\HwaSimIR\HwaSim_IR\Bin\Config\Atmosphere\MODTRAN\raw\audit_mwir_standard_20260906\mwir_std_solar_direct\MODOUT2.txt,W/(cm^2 sr cm^-1),W/(cm^2 cm^-1),W/(m^2 sr um),W/(m^2 um),value_si=value_native*1e8/(wavelength_um^2),2765.0,3.616636528028933,0.9247,1.51e-06,11.54428975,1.63e-06,12.46171675
mwir_std_solar_direct,D:\HwaSimIR\HwaSim_IR\Bin\Config\Atmosphere\MODTRAN\raw\audit_mwir_standard_20260906\mwir_std_solar_direct\MODOUT2.txt,W/(cm^2 sr cm^-1),W/(cm^2 cm^-1),W/(m^2 sr um),W/(m^2 um),value_si=value_native*1e8/(wavelength_um^2),2766.0,3.6153289949385394,0.9869,1.61e-06,12.317717159999999,1.63e-06,12.470732279999998
mwir_std_solar_direct,D:\HwaSimIR\HwaSim_IR\Bin\Config\Atmosphere\MODTRAN\raw\audit_mwir_standard_20260906\mwir_std_solar_direct\MODOUT2.txt,W/(cm^2 sr cm^-1),W/(cm^2 cm^-1),W/(m^2 sr um),W/(m^2 um),value_si=value_native*1e8/(wavelength_um^2),2767.0,3.614022406938923,0.9042,1.48e-06,11.331307720000002,1.63e-06,12.479751070000002
mwir_std_solar_direct,D:\HwaSimIR\HwaSim_IR\Bin\Config\Atmosphere\MODTRAN\raw\audit_mwir_standard_20260906\mwir_std_solar_direct\MODOUT2.txt,W/(cm^2 sr cm^-1),W/(cm^2 cm^-1),W/(m^2 sr um),W/(m^2 um),value_si=value_native*1e8/(wavelength_um^2),2768.0,3.61271676300578,0.9481,1.55e-06,11.8758272,1.64e-06,12.565391360000001
mwir_std_solar_direct,D:\HwaSimIR\HwaSim_IR\Bin\Config\Atmosphere\MODTRAN\raw\audit_mwir_standard_20260906\mwir_std_solar_direct\MODOUT2.txt,W/(cm^2 sr cm^-1),W/(cm^2 cm^-1),W/(m^2 sr um),W/(m^2 um),value_si=value_native*1e8/(wavelength_um^2),2769.0,3.6114120621162873,0.9406,1.54e-06,11.80773594,1.64e-06,12.57447204
mwir_std_solar_direct,D:\HwaSimIR\HwaSim_IR\Bin\Config\Atmosphere\MODTRAN\raw\audit_mwir_standard_20260906\mwir_std_solar_direct\MODOUT2.txt,W/(cm^2 sr cm^-1),W/(cm^2 cm^-1),W/(m^2 sr um),W/(m^2 um),value_si=value_native*1e8/(wavelength_um^2),2770.0,3.6101083032490973,0.9483,1.55e-06,11.892995,1.64e-06,12.583556000000002
mwir_std_solar_direct,D:\HwaSimIR\HwaSim_IR\Bin\Config\Atmosphere\MODTRAN\raw\audit_mwir_standard_20260906\mwir_std_solar_direct\MODOUT2.txt,W/(cm^2 sr cm^-1),W/(cm^2 cm^-1),W/(m^2 sr um),W/(m^2 um),value_si=value_native*1e8/(wavelength_um^2),2771.0,3.608805485384338,0.9714,1.59e-06,12.20872119,1.64e-06,12.59264324
mwir_std_solar_direct,D:\HwaSimIR\HwaSim_IR\Bin\Config\Atmosphere\MODTRAN\raw\audit_mwir_standard_20260906\mwir_std_solar_direct\MODOUT2.txt,W/(cm^2 sr cm^-1),W/(cm^2 cm^-1),W/(m^2 sr um),W/(m^2 um),value_si=value_native*1e8/(wavelength_um^2),2772.0,3.6075036075036073,0.8013,1.31e-06,10.06601904,1.64e-06,12.601733760000002
mwir_std_solar_direct,D:\HwaSimIR\HwaSim_IR\Bin\Config\Atmosphere\MODTRAN\raw\audit_mwir_standard_20260906\mwir_std_solar_direct\MODOUT2.txt,W/(cm^2 sr cm^-1),W/(cm^2 cm^-1),W/(m^2 sr um),W/(m^2 um),value_si=value_native*1e8/(wavelength_um^2),2773.0,3.6062026685899746,0.9186,1.51e-06,11.611188790000002,1.64e-06,12.610827560000002
mwir_std_solar_direct,D:\HwaSimIR\HwaSim_IR\Bin\Config\Atmosphere\MODTRAN\raw\audit_mwir_standard_20260906\mwir_std_solar_direct\MODOUT2.txt,W/(cm^2 sr cm^-1),W/(cm^2 cm^-1),W/(m^2 sr um),W/(m^2 um),value_si=value_native*1e8/(wavelength_um^2),2774.0,3.604902667627974,0.9394,1.54e-06,11.850417040000002,1.64e-06,12.619924640000002
mwir_std_solar_direct,D:\HwaSimIR\HwaSim_IR\Bin\Config\Atmosphere\MODTRAN\raw\audit_mwir_standard_20260906\mwir_std_solar_direct\MODOUT2.txt,W/(cm^2 sr cm^-1),W/(cm^2 cm^-1),W/(m^2 sr um),W/(m^2 um),value_si=value_native*1e8/(wavelength_um^2),2775.0,3.6036036036036037,0.9806,1.61e-06,12.39800625,1.64e-06,12.629024999999999
mwir_std_solar_direct,D:\HwaSimIR\HwaSim_IR\Bin\Config\Atmosphere\MODTRAN\raw\audit_mwir_standard_20260906\mwir_std_solar_direct\MODOUT2.txt,W/(cm^2 sr cm^-1),W/(cm^2 cm^-1),W/(m^2 sr um),W/(m^2 um),value_si=value_native*1e8/(wavelength_um^2),2776.0,3.602305475504323,0.9805,1.61e-06,12.40694336,1.64e-06,12.63812864
mwir_std_solar_direct,D:\HwaSimIR\HwaSim_IR\Bin\Config\Atmosphere\MODTRAN\raw\audit_mwir_standard_20260906\mwir_std_solar_direct\MODOUT2.txt,W/(cm^2 sr cm^-1),W/(cm^2 cm^-1),W/(m^2 sr um),W/(m^2 um),value_si=value_native*1e8/(wavelength_um^2),2777.0,3.6010082823190492,0.9109,1.5e-06,11.567593500000001,1.64e-06,12.64723556
mwir_std_solar_direct,D:\HwaSimIR\HwaSim_IR\Bin\Config\Atmosphere\MODTRAN\raw\audit_mwir_standard_20260906\mwir_std_solar_direct\MODOUT2.txt,W/(cm^2 sr cm^-1),W/(cm^2 cm^-1),W/(m^2 sr um),W/(m^2 um),value_si=value_native*1e8/(wavelength_um^2),2778.0,3.599712023038157,0.9679,1.59e-06,12.270481559999999,1.64e-06,12.656345759999999
mwir_std_solar_direct,D:\HwaSimIR\HwaSim_IR\Bin\Config\Atmosphere\MODTRAN\raw\audit_mwir_standard_20260906\mwir_std_solar_direct\MODOUT2.txt,W/(cm^2 sr cm^-1),W/(cm^2 cm^-1),W/(m^2 sr um),W/(m^2 um),value_si=value_native*1e8/(wavelength_um^2),2779.0,3.5984166966534725,0.971,1.59e-06,12.27931719,1.64e-06,12.66545924
mwir_std_solar_direct,D:\HwaSimIR\HwaSim_IR\Bin\Config\Atmosphere\MODTRAN\raw\audit_mwir_standard_20260906\mwir_std_solar_direct\MODOUT2.txt,W/(cm^2 sr cm^-1),W/(cm^2 cm^-1),W/(m^2 sr um),W/(m^2 um),value_si=value_native*1e8/(wavelength_um^2),2780.0,3.597122302158273,0.9101,1.49e-06,11.515316000000002,1.64e-06,12.674576000000002
mwir_std_solar_direct,D:\HwaSimIR\HwaSim_IR\Bin\Config\Atmosphere\MODTRAN\raw\audit_mwir_standard_20260906\mwir_std_solar_direct\MODOUT2.txt,W/(cm^2 sr cm^-1),W/(cm^2 cm^-1),W/(m^2 sr um),W/(m^2 um),value_si=value_native*1e8/(wavelength_um^2),2781.0,3.595828838547285,0.9637,1.58e-06,12.21965838,1.64e-06,12.683696040000001
mwir_std_solar_direct,D:\HwaSimIR\HwaSim_IR\Bin\Config\Atmosphere\MODTRAN\raw\audit_mwir_standard_20260906\mwir_std_solar_direct\MODOUT2.txt,W/(cm^2 sr cm^-1),W/(cm^2 cm^-1),W/(m^2 sr um),W/(m^2 um),value_si=value_native*1e8/(wavelength_um^2),2782.0,3.5945363048166787,0.9783,1.61e-06,12.46063364,1.64e-06,12.69281936
mwir_std_solar_direct,D:\HwaSimIR\HwaSim_IR\Bin\Config\Atmosphere\MODTRAN\raw\audit_mwir_standard_20260906\mwir_std_solar_direct\MODOUT2.txt,W/(cm^2 sr cm^-1),W/(cm^2 cm^-1),W/(m^2 sr um),W/(m^2 um),value_si=value_native*1e8/(wavelength_um^2),2783.0,3.5932446999640675,0.8924,1.47e-06,11.38528083,1.65e-06,12.77939685
mwir_std_solar_direct,D:\HwaSimIR\HwaSim_IR\Bin\Config\Atmosphere\MODTRAN\raw\audit_mwir_standard_20260906\mwir_std_solar_direct\MODOUT2.txt,W/(cm^2 sr cm^-1),W/(cm^2 cm^-1),W/(m^2 sr um),W/(m^2 um),value_si=value_native*1e8/(wavelength_um^2),2784.0,3.5919540229885056,0.9271,1.53e-06,11.85850368,1.65e-06,12.788582400000001
mwir_std_solar_direct,D:\HwaSimIR\HwaSim_IR\Bin\Config\Atmosphere\MODTRAN\raw\audit_mwir_standard_20260906\mwir_std_solar_direct\MODOUT2.txt,W/(cm^2 sr cm^-1),W/(cm^2 cm^-1),W/(m^2 sr um),W/(m^2 um),value_si=value_native*1e8/(wavelength_um^2),2785.0,3.5906642728904847,0.9494,1.57e-06,12.17727325,1.65e-06,12.79777125
mwir_std_solar_direct,D:\HwaSimIR\HwaSim_IR\Bin\Config\Atmosphere\MODTRAN\raw\audit_mwir_standard_20260906\mwir_std_solar_direct\MODOUT2.txt,W/(cm^2 sr cm^-1),W/(cm^2 cm^-1),W/(m^2 sr um),W/(m^2 um),value_si=value_native*1e8/(wavelength_um^2),2786.0,3.589375448671931,0.9316,1.54e-06,11.953165839999999,1.65e-06,12.806963399999999
mwir_std_solar_direct,D:\HwaSimIR\HwaSim_IR\Bin\Config\Atmosphere\MODTRAN\raw\audit_mwir_standard_20260906\mwir_std_solar_direct\MODOUT2.txt,W/(cm^2 sr cm^-1),W/(cm^2 cm^-1),W/(m^2 sr um),W/(m^2 um),value_si=value_native*1e8/(wavelength_um^2),2787.0,3.588087549336204,0.9162,1.51e-06,11.72872719,1.65e-06,12.81615885
mwir_std_solar_direct,D:\HwaSimIR\HwaSim_IR\Bin\Config\Atmosphere\MODTRAN\raw\audit_mwir_standard_20260906\mwir_std_solar_direct\MODOUT2.txt,W/(cm^2 sr cm^-1),W/(cm^2 cm^-1),W/(m^2 sr um),W/(m^2 um),value_si=value_native*1e8/(wavelength_um^2),2788.0,3.586800573888092,0.9208,1.52e-06,11.814874879999998,1.65e-06,12.825357599999998
mwir_std_solar_direct,D:\HwaSimIR\HwaSim_IR\Bin\Config\Atmosphere\MODTRAN\raw\audit_mwir_standard_20260906\mwir_std_solar_direct\MODOUT2.txt,W/(cm^2 sr cm^-1),W/(cm^2 cm^-1),W/(m^2 sr um),W/(m^2 um),value_si=value_native*1e8/(wavelength_um^2),2789.0,3.5855145213338115,0.8922,1.48e-06,11.512211079999998,1.65e-06,12.83455965
mwir_std_solar_direct,D:\HwaSimIR\HwaSim_IR\Bin\Config\Atmosphere\MODTRAN\raw\audit_mwir_standard_20260906\mwir_std_solar_direct\MODOUT2.txt,W/(cm^2 sr cm^-1),W/(cm^2 cm^-1),W/(m^2 sr um),W/(m^2 um),value_si=value_native*1e8/(wavelength_um^2),2790.0,3.5842293906810037,0.904,1.49e-06,11.598308999999999,1.65e-06,12.843765
mwir_std_solar_direct,D:\HwaSimIR\HwaSim_IR\Bin\Config\Atmosphere\MODTRAN\raw\audit_mwir_standard_20260906\mwir_std_solar_direct\MODOUT2.txt,W/(cm^2 sr cm^-1),W/(cm^2 cm^-1),W/(m^2 sr um),W/(m^2 um),value_si=value_native*1e8/(wavelength_um^2),2791.0,3.5829451809387316,0.9551,1.58e-06,12.30769598,1.65e-06,12.85297365
mwir_std_solar_direct,D:\HwaSimIR\HwaSim_IR\Bin\Config\Atmosphere\MODTRAN\raw\audit_mwir_standard_20260906\mwir_std_solar_direct\MODOUT2.txt,W/(cm^2 sr cm^-1),W/(cm^2 cm^-1),W/(m^2 sr um),W/(m^2 um),value_si=value_native*1e8/(wavelength_um^2),2792.0,3.5816618911174785,0.8297,1.37e-06,10.67951168,1.65e-06,12.8621856
mwir_std_solar_direct,D:\HwaSimIR\HwaSim_IR\Bin\Config\Atmosphere\MODTRAN\raw\audit_mwir_standard_20260906\mwir_std_solar_direct\MODOUT2.txt,W/(cm^2 sr cm^-1),W/(cm^2 cm^-1),W/(m^2 sr um),W/(m^2 um),value_si=value_native*1e8/(wavelength_um^2),2793.0,3.5803795202291444,0.9577,1.59e-06,12.40334991,1.66e-06,12.949409339999999
mwir_std_solar_direct,D:\HwaSimIR\HwaSim_IR\Bin\Config\Atmosphere\MODTRAN\raw\audit_mwir_standard_20260906\mwir_std_solar_direct\MODOUT2.txt,W/(cm^2 sr cm^-1),W/(cm^2 cm^-1),W/(m^2 sr um),W/(m^2 um),value_si=value_native*1e8/(wavelength_um^2),2794.0,3.5790980672870436,0.96,1.59e-06,12.41223324,1.66e-06,12.958683760000001
mwir_std_solar_direct,D:\HwaSimIR\HwaSim_IR\Bin\Config\Atmosphere\MODTRAN\raw\audit_mwir_standard_20260906\mwir_std_solar_direct\MODOUT2.txt,W/(cm^2 sr cm^-1),W/(cm^2 cm^-1),W/(m^2 sr um),W/(m^2 um),value_si=value_native*1e8/(wavelength_um^2),2795.0,3.5778175313059033,0.9396,1.56e-06,12.186759,1.66e-06,12.967961500000001
mwir_std_solar_direct,D:\HwaSimIR\HwaSim_IR\Bin\Config\Atmosphere\MODTRAN\raw\audit_mwir_standard_20260906\mwir_std_solar_direct\MODOUT2.txt,W/(cm^2 sr cm^-1),W/(cm^2 cm^-1),W/(m^2 sr um),W/(m^2 um),value_si=value_native*1e8/(wavelength_um^2),2796.0,3.57653791130186,0.912,1.52e-06,11.88277632,1.66e-06,12.97724256
mwir_std_solar_direct,D:\HwaSimIR\HwaSim_IR\Bin\Config\Atmosphere\MODTRAN\raw\audit_mwir_standard_20260906\mwir_std_solar_direct\MODOUT2.txt,W/(cm^2 sr cm^-1),W/(cm^2 cm^-1),W/(m^2 sr um),W/(m^2 um),value_si=value_native*1e8/(wavelength_um^2),2797.0,3.5752592062924564,0.8815,1.47e-06,11.500117229999999,1.67e-06,13.064759029999998
mwir_std_solar_direct,D:\HwaSimIR\HwaSim_IR\Bin\Config\Atmosphere\MODTRAN\raw\audit_mwir_standard_20260906\mwir_std_solar_direct\MODOUT2.txt,W/(cm^2 sr cm^-1),W/(cm^2 cm^-1),W/(m^2 sr um),W/(m^2 um),value_si=value_native*1e8/(wavelength_um^2),2798.0,3.5739814152966405,0.8334,1.39e-06,10.882037559999999,1.66e-06,12.995814639999999
mwir_std_solar_direct,D:\HwaSimIR\HwaSim_IR\Bin\Config\Atmosphere\MODTRAN\raw\audit_mwir_standard_20260906\mwir_std_solar_direct\MODOUT2.txt,W/(cm^2 sr cm^-1),W/(cm^2 cm^-1),W/(m^2 sr um),W/(m^2 um),value_si=value_native*1e8/(wavelength_um^2),2799.0,3.5727045373347623,0.9155,1.52e-06,11.90828952,1.66e-06,13.005105660000002
mwir_std_solar_direct,D:\HwaSimIR\HwaSim_IR\Bin\Config\Atmosphere\MODTRAN\raw\audit_mwir_standard_20260906\mwir_std_solar_direct\MODOUT2.txt,W/(cm^2 sr cm^-1),W/(cm^2 cm^-1),W/(m^2 sr um),W/(m^2 um),value_si=value_native*1e8/(wavelength_um^2),2800.0,3.5714285714285716,0.9207,1.53e-06,11.995199999999999,1.66e-06,13.0144
mwir_std_solar_direct,D:\HwaSimIR\HwaSim_IR\Bin\Config\Atmosphere\MODTRAN\raw\audit_mwir_standard_20260906\mwir_std_solar_direct\MODOUT2.txt,W/(cm^2 sr cm^-1),W/(cm^2 cm^-1),W/(m^2 sr um),W/(m^2 um),value_si=value_native*1e8/(wavelength_um^2),2801.0,3.5701535166012137,0.9109,1.52e-06,11.925313520000001,1.66e-06,13.023697660000002
mwir_std_solar_direct,D:\HwaSimIR\HwaSim_IR\Bin\Config\Atmosphere\MODTRAN\raw\audit_mwir_standard_20260906\mwir_std_solar_direct\MODOUT2.txt,W/(cm^2 sr cm^-1),W/(cm^2 cm^-1),W/(m^2 sr um),W/(m^2 um),value_si=value_native*1e8/(wavelength_um^2),2802.0,3.5688793718772307,0.9222,1.54e-06,12.09085416,1.67e-06,13.11151068
mwir_std_solar_direct,D:\HwaSimIR\HwaSim_IR\Bin\Config\Atmosphere\MODTRAN\raw\audit_mwir_standard_20260906\mwir_std_solar_direct\MODOUT2.txt,W/(cm^2 sr cm^-1),W/(cm^2 cm^-1),W/(m^2 sr um),W/(m^2 um),value_si=value_native*1e8/(wavelength_um^2),2803.0,3.567606136282554,0.8737,1.46e-06,11.470941140000003,1.67e-06,13.120871030000002
mwir_std_solar_direct,D:\HwaSimIR\HwaSim_IR\Bin\Config\Atmosphere\MODTRAN\raw\audit_mwir_standard_20260906\mwir_std_solar_direct\MODOUT2.txt,W/(cm^2 sr cm^-1),W/(cm^2 cm^-1),W/(m^2 sr um),W/(m^2 um),value_si=value_native*1e8/(wavelength_um^2),2804.0,3.566333808844508,0.9176,1.54e-06,12.10812064,1.67e-06,13.130234719999999
mwir_std_solar_direct,D:\HwaSimIR\HwaSim_IR\Bin\Config\Atmosphere\MODTRAN\raw\audit_mwir_standard_20260906\mwir_std_solar_direct\MODOUT2.txt,W/(cm^2 sr cm^-1),W/(cm^2 cm^-1),W/(m^2 sr um),W/(m^2 um),value_si=value_native*1e8/(wavelength_um^2),2805.0,3.5650623885918002,0.9096,1.52e-06,11.959398,1.67e-06,13.13960175
mwir_std_solar_direct,D:\HwaSimIR\HwaSim_IR\Bin\Config\Atmosphere\MODTRAN\raw\audit_mwir_standard_20260906\mwir_std_solar_direct\MODOUT2.txt,W/(cm^2 sr cm^-1),W/(cm^2 cm^-1),W/(m^2 sr um),W/(m^2 um),value_si=value_native*1e8/(wavelength_um^2),2806.0,3.563791874554526,0.9691,1.62e-06,12.75529032,1.67e-06,13.14897212
mwir_std_solar_direct,D:\HwaSimIR\HwaSim_IR\Bin\Config\Atmosphere\MODTRAN\raw\audit_mwir_standard_20260906\mwir_std_solar_direct\MODOUT2.txt,W/(cm^2 sr cm^-1),W/(cm^2 cm^-1),W/(m^2 sr um),W/(m^2 um),value_si=value_native*1e8/(wavelength_um^2),2807.0,3.562522265764161,0.9868,1.65e-06,13.000760850000002,1.67e-06,13.158345830000002
mwir_std_solar_direct,D:\HwaSimIR\HwaSim_IR\Bin\Config\Atmosphere\MODTRAN\raw\audit_mwir_standard_20260906\mwir_std_solar_direct\MODOUT2.txt,W/(cm^2 sr cm^-1),W/(cm^2 cm^-1),W/(m^2 sr um),W/(m^2 um),value_si=value_native*1e8/(wavelength_um^2),2808.0,3.561253561253561,0.9849,1.65e-06,13.0100256,1.67e-06,13.167722880000001
mwir_std_solar_direct,D:\HwaSimIR\HwaSim_IR\Bin\Config\Atmosphere\MODTRAN\raw\audit_mwir_standard_20260906\mwir_std_solar_direct\MODOUT2.txt,W/(cm^2 sr cm^-1),W/(cm^2 cm^-1),W/(m^2 sr um),W/(m^2 um),value_si=value_native*1e8/(wavelength_um^2),2809.0,3.5599857600569598,0.8867,1.48e-06,11.67791188,1.67e-06,13.17710327
mwir_std_solar_direct,D:\HwaSimIR\HwaSim_IR\Bin\Config\Atmosphere\MODTRAN\raw\audit_mwir_standard_20260906\mwir_std_solar_direct\MODOUT2.txt,W/(cm^2 sr cm^-1),W/(cm^2 cm^-1),W/(m^2 sr um),W/(m^2 um),value_si=value_native*1e8/(wavelength_um^2),2810.0,3.5587188612099645,0.9721,1.62e-06,12.791681999999998,1.67e-06,13.186486999999998
mwir_std_solar_direct,D:\HwaSimIR\HwaSim_IR\Bin\Config\Atmosphere\MODTRAN\raw\audit_mwir_standard_20260906\mwir_std_solar_direct\MODOUT2.txt,W/(cm^2 sr cm^-1),W/(cm^2 cm^-1),W/(m^2 sr um),W/(m^2 um),value_si=value_native*1e8/(wavelength_um^2),2811.0,3.5574528637495555,0.9455,1.58e-06,12.484719179999999,1.67e-06,13.195874069999999
mwir_std_solar_direct,D:\HwaSimIR\HwaSim_IR\Bin\Config\Atmosphere\MODTRAN\raw\audit_mwir_standard_20260906\mwir_std_solar_direct\MODOUT2.txt,W/(cm^2 sr cm^-1),W/(cm^2 cm^-1),W/(m^2 sr um),W/(m^2 um),value_si=value_native*1e8/(wavelength_um^2),2812.0,3.5561877667140824,0.9701,1.62e-06,12.809897280000001,1.67e-06,13.205264480000002
mwir_std_solar_direct,D:\HwaSimIR\HwaSim_IR\Bin\Config\Atmosphere\MODTRAN\raw\audit_mwir_standard_20260906\mwir_std_solar_direct\MODOUT2.txt,W/(cm^2 sr cm^-1),W/(cm^2 cm^-1),W/(m^2 sr um),W/(m^2 um),value_si=value_native*1e8/(wavelength_um^2),2813.0,3.5549235691432632,0.8891,1.49e-06,11.79032381,1.68e-06,13.293787920000002
mwir_std_solar_direct,D:\HwaSimIR\HwaSim_IR\Bin\Config\Atmosphere\MODTRAN\raw\audit_mwir_standard_20260906\mwir_std_solar_direct\MODOUT2.txt,W/(cm^2 sr cm^-1),W/(cm^2 cm^-1),W/(m^2 sr um),W/(m^2 um),value_si=value_native*1e8/(wavelength_um^2),2814.0,3.5536602700781805,0.9036,1.52e-06,12.03626592,1.68e-06,13.30324128
mwir_std_solar_direct,D:\HwaSimIR\HwaSim_IR\Bin\Config\Atmosphere\MODTRAN\raw\audit_mwir_standard_20260906\mwir_std_solar_direct\MODOUT2.txt,W/(cm^2 sr cm^-1),W/(cm^2 cm^-1),W/(m^2 sr um),W/(m^2 um),value_si=value_native*1e8/(wavelength_um^2),2815.0,3.552397868561279,0.9331,1.57e-06,12.441033249999998,1.68e-06,13.312698
mwir_std_solar_direct,D:\HwaSimIR\HwaSim_IR\Bin\Config\Atmosphere\MODTRAN\raw\audit_mwir_standard_20260906\mwir_std_solar_direct\MODOUT2.txt,W/(cm^2 sr cm^-1),W/(cm^2 cm^-1),W/(m^2 sr um),W/(m^2 um),value_si=value_native*1e8/(wavelength_um^2),2816.0,3.5511363636363638,0.9674,1.63e-06,12.925665279999999,1.69e-06,13.40145664
mwir_std_solar_direct,D:\HwaSimIR\HwaSim_IR\Bin\Config\Atmosphere\MODTRAN\raw\audit_mwir_standard_20260906\mwir_std_solar_direct\MODOUT2.txt,W/(cm^2 sr cm^-1),W/(cm^2 cm^-1),W/(m^2 sr um),W/(m^2 um),value_si=value_native*1e8/(wavelength_um^2),2817.0,3.549875754348598,0.9228,1.56e-06,12.379362839999999,1.69e-06,13.410976409999998
mwir_std_solar_direct,D:\HwaSimIR\HwaSim_IR\Bin\Config\Atmosphere\MODTRAN\raw\audit_mwir_standard_20260906\mwir_std_solar_direct\MODOUT2.txt,W/(cm^2 sr cm^-1),W/(cm^2 cm^-1),W/(m^2 sr um),W/(m^2 um),value_si=value_native*1e8/(wavelength_um^2),2818.0,3.5486160397444997,0.9813,1.66e-06,13.18226584,1.69e-06,13.42049956
mwir_std_solar_direct,D:\HwaSimIR\HwaSim_IR\Bin\Config\Atmosphere\MODTRAN\raw\audit_mwir_standard_20260906\mwir_std_solar_direct\MODOUT2.txt,W/(cm^2 sr cm^-1),W/(cm^2 cm^-1),W/(m^2 sr um),W/(m^2 um),value_si=value_native*1e8/(wavelength_um^2),2819.0,3.5473572188719404,0.8814,1.49e-06,11.84067389,1.69e-06,13.43002609
mwir_std_solar_direct,D:\HwaSimIR\HwaSim_IR\Bin\Config\Atmosphere\MODTRAN\raw\audit_mwir_standard_20260906\mwir_std_solar_direct\MODOUT2.txt,W/(cm^2 sr cm^-1),W/(cm^2 cm^-1),W/(m^2 sr um),W/(m^2 um),value_si=value_native*1e8/(wavelength_um^2),2820.0,3.5460992907801416,0.9334,1.58e-06,12.564792000000002,1.69e-06,13.439556000000001
mwir_std_solar_direct,D:\HwaSimIR\HwaSim_IR\Bin\Config\Atmosphere\MODTRAN\raw\audit_mwir_standard_20260906\mwir_std_solar_direct\MODOUT2.txt,W/(cm^2 sr cm^-1),W/(cm^2 cm^-1),W/(m^2 sr um),W/(m^2 um),value_si=value_native*1e8/(wavelength_um^2),2821.0,3.544842254519674,0.9223,1.56e-06,12.41454396,1.69e-06,13.44908929
mwir_std_solar_direct,D:\HwaSimIR\HwaSim_IR\Bin\Config\Atmosphere\MODTRAN\raw\audit_mwir_standard_20260906\mwir_std_solar_direct\MODOUT2.txt,W/(cm^2 sr cm^-1),W/(cm^2 cm^-1),W/(m^2 sr um),W/(m^2 um),value_si=value_native*1e8/(wavelength_um^2),2822.0,3.5435861091424523,0.8871,1.5e-06,11.945526,1.69e-06,13.458625959999999
mwir_std_solar_direct,D:\HwaSimIR\HwaSim_IR\Bin\Config\Atmosphere\MODTRAN\raw\audit_mwir_standard_20260906\mwir_std_solar_direct\MODOUT2.txt,W/(cm^2 sr cm^-1),W/(cm^2 cm^-1),W/(m^2 sr um),W/(m^2 um),value_si=value_native*1e8/(wavelength_um^2),2823.0,3.5423308537017357,0.881,1.49e-06,11.87430021,1.69e-06,13.46816601
mwir_std_solar_direct,D:\HwaSimIR\HwaSim_IR\Bin\Config\Atmosphere\MODTRAN\raw\audit_mwir_standard_20260906\mwir_std_solar_direct\MODOUT2.txt,W/(cm^2 sr cm^-1),W/(cm^2 cm^-1),W/(m^2 sr um),W/(m^2 um),value_si=value_native*1e8/(wavelength_um^2),2824.0,3.5410764872521248,0.8705,1.47e-06,11.72321472,1.69e-06,13.47770944
mwir_std_solar_direct,D:\HwaSimIR\HwaSim_IR\Bin\Config\Atmosphere\MODTRAN\raw\audit_mwir_standard_20260906\mwir_std_solar_direct\MODOUT2.txt,W/(cm^2 sr cm^-1),W/(cm^2 cm^-1),W/(m^2 sr um),W/(m^2 um),value_si=value_native*1e8/(wavelength_um^2),2825.0,3.5398230088495577,0.8678,1.47e-06,11.73151875,1.69e-06,13.487256249999998
mwir_std_solar_direct,D:\HwaSimIR\HwaSim_IR\Bin\Config\Atmosphere\MODTRAN\raw\audit_mwir_standard_20260906\mwir_std_solar_direct\MODOUT2.txt,W/(cm^2 sr cm^-1),W/(cm^2 cm^-1),W/(m^2 sr um),W/(m^2 um),value_si=value_native*1e8/(wavelength_um^2),2826.0,3.538570417551309,0.9055,1.53e-06,12.219002280000002,1.69e-06,13.49680644
mwir_std_solar_direct,D:\HwaSimIR\HwaSim_IR\Bin\Config\Atmosphere\MODTRAN\raw\audit_mwir_standard_20260906\mwir_std_solar_direct\MODOUT2.txt,W/(cm^2 sr cm^-1),W/(cm^2 cm^-1),W/(m^2 sr um),W/(m^2 um),value_si=value_native*1e8/(wavelength_um^2),2827.0,3.537318712415989,0.9641,1.63e-06,13.02684427,1.69e-06,13.50636001
mwir_std_solar_direct,D:\HwaSimIR\HwaSim_IR\Bin\Config\Atmosphere\MODTRAN\raw\audit_mwir_standard_20260906\mwir_std_solar_direct\MODOUT2.txt,W/(cm^2 sr cm^-1),W/(cm^2 cm^-1),W/(m^2 sr um),W/(m^2 um),value_si=value_native*1e8/(wavelength_um^2),2828.0,3.536067892503536,0.8043,1.36e-06,10.87671424,1.69e-06,13.51591696
mwir_std_solar_direct,D:\HwaSimIR\HwaSim_IR\Bin\Config\Atmosphere\MODTRAN\raw\audit_mwir_standard_20260906\mwir_std_solar_direct\MODOUT2.txt,W/(cm^2 sr cm^-1),W/(cm^2 cm^-1),W/(m^2 sr um),W/(m^2 um),value_si=value_native*1e8/(wavelength_um^2),2829.0,3.5348179568752207,0.9347,1.58e-06,12.645120780000003,1.7e-06,13.605509700000002
mwir_std_solar_direct,D:\HwaSimIR\HwaSim_IR\Bin\Config\Atmosphere\MODTRAN\raw\audit_mwir_standard_20260906\mwir_std_solar_direct\MODOUT2.txt,W/(cm^2 sr cm^-1),W/(cm^2 cm^-1),W/(m^2 sr um),W/(m^2 um),value_si=value_native*1e8/(wavelength_um^2),2830.0,3.5335689045936394,0.904,1.53e-06,12.253617,1.7e-06,13.61513
mwir_std_solar_direct,D:\HwaSimIR\HwaSim_IR\Bin\Config\Atmosphere\MODTRAN\raw\audit_mwir_standard_20260906\mwir_std_solar_direct\MODOUT2.txt,W/(cm^2 sr cm^-1),W/(cm^2 cm^-1),W/(m^2 sr um),W/(m^2 um),value_si=value_native*1e8/(wavelength_um^2),2831.0,3.532320734722713,0.9651,1.64e-06,13.14388004,1.7e-06,13.624753700000001
mwir_std_solar_direct,D:\HwaSimIR\HwaSim_IR\Bin\Config\Atmosphere\MODTRAN\raw\audit_mwir_standard_20260906\mwir_std_solar_direct\MODOUT2.txt,W/(cm^2 sr cm^-1),W/(cm^2 cm^-1),W/(m^2 sr um),W/(m^2 um),value_si=value_native*1e8/(wavelength_um^2),2832.0,3.531073446327684,0.9271,1.58e-06,12.67195392,1.7e-06,13.634380799999999
mwir_std_solar_direct,D:\HwaSimIR\HwaSim_IR\Bin\Config\Atmosphere\MODTRAN\raw\audit_mwir_standard_20260906\mwir_std_solar_direct\MODOUT2.txt,W/(cm^2 sr cm^-1),W/(cm^2 cm^-1),W/(m^2 sr um),W/(m^2 um),value_si=value_native*1e8/(wavelength_um^2),2833.0,3.5298270384751147,0.9872,1.68e-06,13.48349352,1.7e-06,13.644011299999999
mwir_std_solar_direct,D:\HwaSimIR\HwaSim_IR\Bin\Config\Atmosphere\MODTRAN\raw\audit_mwir_standard_20260906\mwir_std_solar_direct\MODOUT2.txt,W/(cm^2 sr cm^-1),W/(cm^2 cm^-1),W/(m^2 sr um),W/(m^2 um),value_si=value_native*1e8/(wavelength_um^2),2834.0,3.5285815102328866,0.9504,1.62e-06,13.011120719999997,1.7e-06,13.653645199999998
mwir_std_solar_direct,D:\HwaSimIR\HwaSim_IR\Bin\Config\Atmosphere\MODTRAN\raw\audit_mwir_standard_20260906\mwir_std_solar_direct\MODOUT2.txt,W/(cm^2 sr cm^-1),W/(cm^2 cm^-1),W/(m^2 sr um),W/(m^2 um),value_si=value_native*1e8/(wavelength_um^2),2835.0,3.527336860670194,0.9046,1.54e-06,12.377326500000002,1.71e-06,13.743654750000003
mwir_std_solar_direct,D:\HwaSimIR\HwaSim_IR\Bin\Config\Atmosphere\MODTRAN\raw\audit_mwir_standard_20260906\mwir_std_solar_direct\MODOUT2.txt,W/(cm^2 sr cm^-1),W/(cm^2 cm^-1),W/(m^2 sr um),W/(m^2 um),value_si=value_native*1e8/(wavelength_um^2),2836.0,3.5260930888575457,0.9704,1.66e-06,13.351207360000002,1.71e-06,13.753352160000002
mwir_std_solar_direct,D:\HwaSimIR\HwaSim_IR\Bin\Config\Atmosphere\MODTRAN\raw\audit_mwir_standard_20260906\mwir_std_solar_direct\MODOUT2.txt,W/(cm^2 sr cm^-1),W/(cm^2 cm^-1),W/(m^2 sr um),W/(m^2 um),value_si=value_native*1e8/(wavelength_um^2),2837.0,3.5248501938667607,0.9898,1.69e-06,13.60208161,1.71e-06,13.76305299
mwir_std_solar_direct,D:\HwaSimIR\HwaSim_IR\Bin\Config\Atmosphere\MODTRAN\raw\audit_mwir_standard_20260906\mwir_std_solar_direct\MODOUT2.txt,W/(cm^2 sr cm^-1),W/(cm^2 cm^-1),W/(m^2 sr um),W/(m^2 um),value_si=value_native*1e8/(wavelength_um^2),2838.0,3.5236081747709656,0.9543,1.63e-06,13.128417719999998,1.71e-06,13.772757239999999
mwir_std_solar_direct,D:\HwaSimIR\HwaSim_IR\Bin\Config\Atmosphere\MODTRAN\raw\audit_mwir_standard_20260906\mwir_std_solar_direct\MODOUT2.txt,W/(cm^2 sr cm^-1),W/(cm^2 cm^-1),W/(m^2 sr um),W/(m^2 um),value_si=value_native*1e8/(wavelength_um^2),2839.0,3.522367030644593,0.9917,1.69e-06,13.62126649,1.71e-06,13.78246491
mwir_std_solar_direct,D:\HwaSimIR\HwaSim_IR\Bin\Config\Atmosphere\MODTRAN\raw\audit_mwir_standard_20260906\mwir_std_solar_direct\MODOUT2.txt,W/(cm^2 sr cm^-1),W/(cm^2 cm^-1),W/(m^2 sr um),W/(m^2 um),value_si=value_native*1e8/(wavelength_um^2),2840.0,3.5211267605633805,0.9632,1.65e-06,13.30824,1.71e-06,13.792176
mwir_std_solar_direct,D:\HwaSimIR\HwaSim_IR\Bin\Config\Atmosphere\MODTRAN\raw\audit_mwir_standard_20260906\mwir_std_solar_direct\MODOUT2.txt,W/(cm^2 sr cm^-1),W/(cm^2 cm^-1),W/(m^2 sr um),W/(m^2 um),value_si=value_native*1e8/(wavelength_um^2),2841.0,3.5198873636043646,0.972,1.66e-06,13.39832646,1.71e-06,13.80189051
mwir_std_solar_direct,D:\HwaSimIR\HwaSim_IR\Bin\Config\Atmosphere\MODTRAN\raw\audit_mwir_standard_20260906\mwir_std_solar_direct\MODOUT2.txt,W/(cm^2 sr cm^-1),W/(cm^2 cm^-1),W/(m^2 sr um),W/(m^2 um),value_si=value_native*1e8/(wavelength_um^2),2842.0,3.518648838845883,0.9788,1.68e-06,13.56929952,1.71e-06,13.811608439999999
mwir_std_solar_direct,D:\HwaSimIR\HwaSim_IR\Bin\Config\Atmosphere\MODTRAN\raw\audit_mwir_standard_20260906\mwir_std_solar_direct\MODOUT2.txt,W/(cm^2 sr cm^-1),W/(cm^2 cm^-1),W/(m^2 sr um),W/(m^2 um),value_si=value_native*1e8/(wavelength_um^2),2843.0,3.5174111853675694,0.9751,1.67e-06,13.498023830000001,1.71e-06,13.82132979
mwir_std_solar_direct,D:\HwaSimIR\HwaSim_IR\Bin\Config\Atmosphere\MODTRAN\raw\audit_mwir_standard_20260906\mwir_std_solar_direct\MODOUT2.txt,W/(cm^2 sr cm^-1),W/(cm^2 cm^-1),W/(m^2 sr um),W/(m^2 um),value_si=value_native*1e8/(wavelength_um^2),2844.0,3.5161744022503516,0.9765,1.68e-06,13.58840448,1.72e-06,13.91193792
mwir_std_solar_direct,D:\HwaSimIR\HwaSim_IR\Bin\Config\Atmosphere\MODTRAN\raw\audit_mwir_standard_20260906\mwir_std_solar_direct\MODOUT2.txt,W/(cm^2 sr cm^-1),W/(cm^2 cm^-1),W/(m^2 sr um),W/(m^2 um),value_si=value_native*1e8/(wavelength_um^2),2845.0,3.51493848857645,0.958,1.64e-06,13.274201000000001,1.72e-06,13.921723000000002
mwir_std_solar_direct,D:\HwaSimIR\HwaSim_IR\Bin\Config\Atmosphere\MODTRAN\raw\audit_mwir_standard_20260906\mwir_std_solar_direct\MODOUT2.txt,W/(cm^2 sr cm^-1),W/(cm^2 cm^-1),W/(m^2 sr um),W/(m^2 um),value_si=value_native*1e8/(wavelength_um^2),2846.0,3.5137034434293746,0.976,1.68e-06,13.60752288,1.72e-06,13.931511519999999
mwir_std_solar_direct,D:\HwaSimIR\HwaSim_IR\Bin\Config\Atmosphere\MODTRAN\raw\audit_mwir_standard_20260906\mwir_std_solar_direct\MODOUT2.txt,W/(cm^2 sr cm^-1),W/(cm^2 cm^-1),W/(m^2 sr um),W/(m^2 um),value_si=value_native*1e8/(wavelength_um^2),2847.0,3.5124692658939236,0.9858,1.69e-06,13.69814121,1.72e-06,13.94130348
mwir_std_solar_direct,D:\HwaSimIR\HwaSim_IR\Bin\Config\Atmosphere\MODTRAN\raw\audit_mwir_standard_20260906\mwir_std_solar_direct\MODOUT2.txt,W/(cm^2 sr cm^-1),W/(cm^2 cm^-1),W/(m^2 sr um),W/(m^2 um),value_si=value_native*1e8/(wavelength_um^2),2848.0,3.5112359550561796,0.9157,1.58e-06,12.81554432,1.72e-06,13.951098880000002
mwir_std_solar_direct,D:\HwaSimIR\HwaSim_IR\Bin\Config\Atmosphere\MODTRAN\raw\audit_mwir_standard_20260906\mwir_std_solar_direct\MODOUT2.txt,W/(cm^2 sr cm^-1),W/(cm^2 cm^-1),W/(m^2 sr um),W/(m^2 um),value_si=value_native*1e8/(wavelength_um^2),2849.0,3.51000351000351,0.9599,1.65e-06,13.392721650000002,1.72e-06,13.960897720000002
mwir_std_solar_direct,D:\HwaSimIR\HwaSim_IR\Bin\Config\Atmosphere\MODTRAN\raw\audit_mwir_standard_20260906\mwir_std_solar_direct\MODOUT2.txt,W/(cm^2 sr cm^-1),W/(cm^2 cm^-1),W/(m^2 sr um),W/(m^2 um),value_si=value_native*1e8/(wavelength_um^2),2850.0,3.508771929824561,0.9897,1.71e-06,13.889475000000003,1.72e-06,13.970700000000003
mwir_std_solar_direct,D:\HwaSimIR\HwaSim_IR\Bin\Config\Atmosphere\MODTRAN\raw\audit_mwir_standard_20260906\mwir_std_solar_direct\MODOUT2.txt,W/(cm^2 sr cm^-1),W/(cm^2 cm^-1),W/(m^2 sr um),W/(m^2 um),value_si=value_native*1e8/(wavelength_um^2),2851.0,3.50754121360926,0.9718,1.68e-06,13.65537768,1.73e-06,14.06178773
mwir_std_solar_direct,D:\HwaSimIR\HwaSim_IR\Bin\Config\Atmosphere\MODTRAN\raw\audit_mwir_standard_20260906\mwir_std_solar_direct\MODOUT2.txt,W/(cm^2 sr cm^-1),W/(cm^2 cm^-1),W/(m^2 sr um),W/(m^2 um),value_si=value_native*1e8/(wavelength_um^2),2852.0,3.506311360448808,0.9804,1.69e-06,13.74629776,1.73e-06,14.07165392
mwir_std_solar_direct,D:\HwaSimIR\HwaSim_IR\Bin\Config\Atmosphere\MODTRAN\raw\audit_mwir_standard_20260906\mwir_std_solar_direct\MODOUT2.txt,W/(cm^2 sr cm^-1),W/(cm^2 cm^-1),W/(m^2 sr um),W/(m^2 um),value_si=value_native*1e8/(wavelength_um^2),2853.0,3.505082369435682,0.9837,1.7e-06,13.8373353,1.73e-06,14.08152357
mwir_std_solar_direct,D:\HwaSimIR\HwaSim_IR\Bin\Config\Atmosphere\MODTRAN\raw\audit_mwir_standard_20260906\mwir_std_solar_direct\MODOUT2.txt,W/(cm^2 sr cm^-1),W/(cm^2 cm^-1),W/(m^2 sr um),W/(m^2 um),value_si=value_native*1e8/(wavelength_um^2),2854.0,3.50385423966363,0.886,1.53e-06,12.462333480000002,1.73e-06,14.091396680000003
mwir_std_solar_direct,D:\HwaSimIR\HwaSim_IR\Bin\Config\Atmosphere\MODTRAN\raw\audit_mwir_standard_20260906\mwir_std_solar_direct\MODOUT2.txt,W/(cm^2 sr cm^-1),W/(cm^2 cm^-1),W/(m^2 sr um),W/(m^2 um),value_si=value_native*1e8/(wavelength_um^2),2855.0,3.502626970227671,0.9458,1.63e-06,13.28617075,1.73e-06,14.10127325
mwir_std_solar_direct,D:\HwaSimIR\HwaSim_IR\Bin\Config\Atmosphere\MODTRAN\raw\audit_mwir_standard_20260906\mwir_std_solar_direct\MODOUT2.txt,W/(cm^2 sr cm^-1),W/(cm^2 cm^-1),W/(m^2 sr um),W/(m^2 um),value_si=value_native*1e8/(wavelength_um^2),2856.0,3.5014005602240896,0.981,1.7e-06,13.8664512,1.73e-06,14.11115328
mwir_std_solar_direct,D:\HwaSimIR\HwaSim_IR\Bin\Config\Atmosphere\MODTRAN\raw\audit_mwir_standard_20260906\mwir_std_solar_direct\MODOUT2.txt,W/(cm^2 sr cm^-1),W/(cm^2 cm^-1),W/(m^2 sr um),W/(m^2 um),value_si=value_native*1e8/(wavelength_um^2),2857.0,3.5001750087504373,0.9368,1.62e-06,13.223167380000003,1.73e-06,14.121036770000003
mwir_std_solar_direct,D:\HwaSimIR\HwaSim_IR\Bin\Config\Atmosphere\MODTRAN\raw\audit_mwir_standard_20260906\mwir_std_solar_direct\MODOUT2.txt,W/(cm^2 sr cm^-1),W/(cm^2 cm^-1),W/(m^2 sr um),W/(m^2 um),value_si=value_native*1e8/(wavelength_um^2),2858.0,3.4989503149055285,0.9335,1.62e-06,13.232425679999997,1.73e-06,14.130923719999997
mwir_std_solar_direct,D:\HwaSimIR\HwaSim_IR\Bin\Config\Atmosphere\MODTRAN\raw\audit_mwir_standard_20260906\mwir_std_solar_direct\MODOUT2.txt,W/(cm^2 sr cm^-1),W/(cm^2 cm^-1),W/(m^2 sr um),W/(m^2 um),value_si=value_native*1e8/(wavelength_um^2),2859.0,3.497726477789437,0.9786,1.7e-06,13.8955977,1.73e-06,14.140814129999999
mwir_std_solar_direct,D:\HwaSimIR\HwaSim_IR\Bin\Config\Atmosphere\MODTRAN\raw\audit_mwir_standard_20260906\mwir_std_solar_direct\MODOUT2.txt,W/(cm^2 sr cm^-1),W/(cm^2 cm^-1),W/(m^2 sr um),W/(m^2 um),value_si=value_native*1e8/(wavelength_um^2),2860.0,3.4965034965034967,0.9779,1.69e-06,13.823523999999999,1.73e-06,14.150708
mwir_std_solar_direct,D:\HwaSimIR\HwaSim_IR\Bin\Config\Atmosphere\MODTRAN\raw\audit_mwir_standard_20260906\mwir_std_solar_direct\MODOUT2.txt,W/(cm^2 sr cm^-1),W/(cm^2 cm^-1),W/(m^2 sr um),W/(m^2 um),value_si=value_native*1e8/(wavelength_um^2),2861.0,3.495281370150297,0.9822,1.7e-06,13.915045700000002,1.73e-06,14.160605330000001
mwir_std_solar_direct,D:\HwaSimIR\HwaSim_IR\Bin\Config\Atmosphere\MODTRAN\raw\audit_mwir_standard_20260906\mwir_std_solar_direct\MODOUT2.txt,W/(cm^2 sr cm^-1),W/(cm^2 cm^-1),W/(m^2 sr um),W/(m^2 um),value_si=value_native*1e8/(wavelength_um^2),2862.0,3.4940600978336827,0.926,1.6e-06,13.105670400000001,1.73e-06,14.17050612
mwir_std_solar_direct,D:\HwaSimIR\HwaSim_IR\Bin\Config\Atmosphere\MODTRAN\raw\audit_mwir_standard_20260906\mwir_std_solar_direct\MODOUT2.txt,W/(cm^2 sr cm^-1),W/(cm^2 cm^-1),W/(m^2 sr um),W/(m^2 um),value_si=value_native*1e8/(wavelength_um^2),2863.0,3.4928396786587497,0.9298,1.61e-06,13.19679809,1.73e-06,14.180410369999999
mwir_std_solar_direct,D:\HwaSimIR\HwaSim_IR\Bin\Config\Atmosphere\MODTRAN\raw\audit_mwir_standard_20260906\mwir_std_solar_direct\MODOUT2.txt,W/(cm^2 sr cm^-1),W/(cm^2 cm^-1),W/(m^2 sr um),W/(m^2 um),value_si=value_native*1e8/(wavelength_um^2),2864.0,3.4916201117318435,0.9454,1.64e-06,13.45209344,1.73e-06,14.19031808
mwir_std_solar_direct,D:\HwaSimIR\HwaSim_IR\Bin\Config\Atmosphere\MODTRAN\raw\audit_mwir_standard_20260906\mwir_std_solar_direct\MODOUT2.txt,W/(cm^2 sr cm^-1),W/(cm^2 cm^-1),W/(m^2 sr um),W/(m^2 um),value_si=value_native*1e8/(wavelength_um^2),2865.0,3.4904013961605584,0.8989,1.56e-06,12.804831,1.74e-06,14.2823115
mwir_std_solar_direct,D:\HwaSimIR\HwaSim_IR\Bin\Config\Atmosphere\MODTRAN\raw\audit_mwir_standard_20260906\mwir_std_solar_direct\MODOUT2.txt,W/(cm^2 sr cm^-1),W/(cm^2 cm^-1),W/(m^2 sr um),W/(m^2 um),value_si=value_native*1e8/(wavelength_um^2),2866.0,3.4891835310537336,0.8786,1.53e-06,12.567352679999999,1.74e-06,14.29228344
mwir_std_solar_direct,D:\HwaSimIR\HwaSim_IR\Bin\Config\Atmosphere\MODTRAN\raw\audit_mwir_standard_20260906\mwir_std_solar_direct\MODOUT2.txt,W/(cm^2 sr cm^-1),W/(cm^2 cm^-1),W/(m^2 sr um),W/(m^2 um),value_si=value_native*1e8/(wavelength_um^2),2867.0,3.487966515521451,0.9107,1.59e-06,13.06930551,1.74e-06,14.302258859999998
mwir_std_solar_direct,D:\HwaSimIR\HwaSim_IR\Bin\Config\Atmosphere\MODTRAN\raw\audit_mwir_standard_20260906\mwir_std_solar_direct\MODOUT2.txt,W/(cm^2 sr cm^-1),W/(cm^2 cm^-1),W/(m^2 sr um),W/(m^2 um),value_si=value_native*1e8/(wavelength_um^2),2868.0,3.486750348675035,0.9527,1.66e-06,13.65420384,1.74e-06,14.31223776
mwir_std_solar_direct,D:\HwaSimIR\HwaSim_IR\Bin\Config\Atmosphere\MODTRAN\raw\audit_mwir_standard_20260906\mwir_std_solar_direct\MODOUT2.txt,W/(cm^2 sr cm^-1),W/(cm^2 cm^-1),W/(m^2 sr um),W/(m^2 um),value_si=value_native*1e8/(wavelength_um^2),2869.0,3.4855350296270475,0.9317,1.62e-06,13.334480820000001,1.74e-06,14.322220140000002
mwir_std_solar_direct,D:\HwaSimIR\HwaSim_IR\Bin\Config\Atmosphere\MODTRAN\raw\audit_mwir_standard_20260906\mwir_std_solar_direct\MODOUT2.txt,W/(cm^2 sr cm^-1),W/(cm^2 cm^-1),W/(m^2 sr um),W/(m^2 um),value_si=value_native*1e8/(wavelength_um^2),2870.0,3.484320557491289,0.984,1.72e-06,14.167468000000001,1.74e-06,14.332206000000003
mwir_std_solar_direct,D:\HwaSimIR\HwaSim_IR\Bin\Config\Atmosphere\MODTRAN\raw\audit_mwir_standard_20260906\mwir_std_solar_direct\MODOUT2.txt,W/(cm^2 sr cm^-1),W/(cm^2 cm^-1),W/(m^2 sr um),W/(m^2 um),value_si=value_native*1e8/(wavelength_um^2),2871.0,3.4831069313827934,0.9493,1.66e-06,13.68278406,1.75e-06,14.42462175
mwir_std_solar_direct,D:\HwaSimIR\HwaSim_IR\Bin\Config\Atmosphere\MODTRAN\raw\audit_mwir_standard_20260906\mwir_std_solar_direct\MODOUT2.txt,W/(cm^2 sr cm^-1),W/(cm^2 cm^-1),W/(m^2 sr um),W/(m^2 um),value_si=value_native*1e8/(wavelength_um^2),2872.0,3.481894150417827,0.9615,1.68e-06,13.857285120000002,1.75e-06,14.434672000000003
mwir_std_solar_direct,D:\HwaSimIR\HwaSim_IR\Bin\Config\Atmosphere\MODTRAN\raw\audit_mwir_standard_20260906\mwir_std_solar_direct\MODOUT2.txt,W/(cm^2 sr cm^-1),W/(cm^2 cm^-1),W/(m^2 sr um),W/(m^2 um),value_si=value_native*1e8/(wavelength_um^2),2873.0,3.4806822137138878,0.9569,1.67e-06,13.784395430000002,1.75e-06,14.444725750000002
mwir_std_solar_direct,D:\HwaSimIR\HwaSim_IR\Bin\Config\Atmosphere\MODTRAN\raw\audit_mwir_standard_20260906\mwir_std_solar_direct\MODOUT2.txt,W/(cm^2 sr cm^-1),W/(cm^2 cm^-1),W/(m^2 sr um),W/(m^2 um),value_si=value_native*1e8/(wavelength_um^2),2874.0,3.4794711203897006,0.9239,1.62e-06,13.380999120000002,1.75e-06,14.454783000000003
mwir_std_solar_direct,D:\HwaSimIR\HwaSim_IR\Bin\Config\Atmosphere\MODTRAN\raw\audit_mwir_standard_20260906\mwir_std_solar_direct\MODOUT2.txt,W/(cm^2 sr cm^-1),W/(cm^2 cm^-1),W/(m^2 sr um),W/(m^2 um),value_si=value_native*1e8/(wavelength_um^2),2875.0,3.4782608695652173,0.8431,1.47e-06,12.15046875,1.75e-06,14.46484375
mwir_std_solar_direct,D:\HwaSimIR\HwaSim_IR\Bin\Config\Atmosphere\MODTRAN\raw\audit_mwir_standard_20260906\mwir_std_solar_direct\MODOUT2.txt,W/(cm^2 sr cm^-1),W/(cm^2 cm^-1),W/(m^2 sr um),W/(m^2 um),value_si=value_native*1e8/(wavelength_um^2),2876.0,3.477051460361613,0.8837,1.55e-06,12.820632800000002,1.75e-06,14.474908000000003
mwir_std_solar_direct,D:\HwaSimIR\HwaSim_IR\Bin\Config\Atmosphere\MODTRAN\raw\audit_mwir_standard_20260906\mwir_std_solar_direct\MODOUT2.txt,W/(cm^2 sr cm^-1),W/(cm^2 cm^-1),W/(m^2 sr um),W/(m^2 um),value_si=value_native*1e8/(wavelength_um^2),2877.0,3.4758428919012863,0.9257,1.62e-06,13.40894898,1.75e-06,14.484975749999998
mwir_std_solar_direct,D:\HwaSimIR\HwaSim_IR\Bin\Config\Atmosphere\MODTRAN\raw\audit_mwir_standard_20260906\mwir_std_solar_direct\MODOUT2.txt,W/(cm^2 sr cm^-1),W/(cm^2 cm^-1),W/(m^2 sr um),W/(m^2 um),value_si=value_native*1e8/(wavelength_um^2),2878.0,3.4746351633078527,0.9006,1.57e-06,13.00412788,1.75e-06,14.495047
mwir_std_solar_direct,D:\HwaSimIR\HwaSim_IR\Bin\Config\Atmosphere\MODTRAN\raw\audit_mwir_standard_20260906\mwir_std_solar_direct\MODOUT2.txt,W/(cm^2 sr cm^-1),W/(cm^2 cm^-1),W/(m^2 sr um),W/(m^2 um),value_si=value_native*1e8/(wavelength_um^2),2879.0,3.473428273706148,0.9525,1.67e-06,13.84203047,1.75e-06,14.505121749999999
mwir_std_solar_direct,D:\HwaSimIR\HwaSim_IR\Bin\Config\Atmosphere\MODTRAN\raw\audit_mwir_standard_20260906\mwir_std_solar_direct\MODOUT2.txt,W/(cm^2 sr cm^-1),W/(cm^2 cm^-1),W/(m^2 sr um),W/(m^2 um),value_si=value_native*1e8/(wavelength_um^2),2880.0,3.4722222222222223,0.9337,1.64e-06,13.602815999999999,1.75e-06,14.5152
mwir_std_solar_direct,D:\HwaSimIR\HwaSim_IR\Bin\Config\Atmosphere\MODTRAN\raw\audit_mwir_standard_20260906\mwir_std_solar_direct\MODOUT2.txt,W/(cm^2 sr cm^-1),W/(cm^2 cm^-1),W/(m^2 sr um),W/(m^2 um),value_si=value_native*1e8/(wavelength_um^2),2881.0,3.471017007983339,0.9789,1.72e-06,14.27627692,1.75e-06,14.525281750000001
mwir_std_solar_direct,D:\HwaSimIR\HwaSim_IR\Bin\Config\Atmosphere\MODTRAN\raw\audit_mwir_standard_20260906\mwir_std_solar_direct\MODOUT2.txt,W/(cm^2 sr cm^-1),W/(cm^2 cm^-1),W/(m^2 sr um),W/(m^2 um),value_si=value_native*1e8/(wavelength_um^2),2882.0,3.4698126301179735,0.99,1.74e-06,14.45230776,1.76e-06,14.61842624
mwir_std_solar_direct,D:\HwaSimIR\HwaSim_IR\Bin\Config\Atmosphere\MODTRAN\raw\audit_mwir_standard_20260906\mwir_std_solar_direct\MODOUT2.txt,W/(cm^2 sr cm^-1),W/(cm^2 cm^-1),W/(m^2 sr um),W/(m^2 um),value_si=value_native*1e8/(wavelength_um^2),2883.0,3.46860908775581,0.9335,1.64e-06,13.63116996,1.76e-06,14.628572639999998
mwir_std_solar_direct,D:\HwaSimIR\HwaSim_IR\Bin\Config\Atmosphere\MODTRAN\raw\audit_mwir_standard_20260906\mwir_std_solar_direct\MODOUT2.txt,W/(cm^2 sr cm^-1),W/(cm^2 cm^-1),W/(m^2 sr um),W/(m^2 um),value_si=value_native*1e8/(wavelength_um^2),2884.0,3.467406380027739,0.917,1.61e-06,13.391104160000001,1.76e-06,14.638722560000001
mwir_std_solar_direct,D:\HwaSimIR\HwaSim_IR\Bin\Config\Atmosphere\MODTRAN\raw\audit_mwir_standard_20260906\mwir_std_solar_direct\MODOUT2.txt,W/(cm^2 sr cm^-1),W/(cm^2 cm^-1),W/(m^2 sr um),W/(m^2 um),value_si=value_native*1e8/(wavelength_um^2),2885.0,3.466204506065858,0.75,1.32e-06,10.986657,1.76e-06,14.648876
mwir_std_solar_direct,D:\HwaSimIR\HwaSim_IR\Bin\Config\Atmosphere\MODTRAN\raw\audit_mwir_standard_20260906\mwir_std_solar_direct\MODOUT2.txt,W/(cm^2 sr cm^-1),W/(cm^2 cm^-1),W/(m^2 sr um),W/(m^2 um),value_si=value_native*1e8/(wavelength_um^2),2886.0,3.465003465003465,0.8342,1.47e-06,12.243624120000002,1.76e-06,14.659032960000001
mwir_std_solar_direct,D:\HwaSimIR\HwaSim_IR\Bin\Config\Atmosphere\MODTRAN\raw\audit_mwir_standard_20260906\mwir_std_solar_direct\MODOUT2.txt,W/(cm^2 sr cm^-1),W/(cm^2 cm^-1),W/(m^2 sr um),W/(m^2 um),value_si=value_native*1e8/(wavelength_um^2),2887.0,3.4638032559750607,0.8974,1.58e-06,13.16893502,1.76e-06,14.66919344
mwir_std_solar_direct,D:\HwaSimIR\HwaSim_IR\Bin\Config\Atmosphere\MODTRAN\raw\audit_mwir_standard_20260906\mwir_std_solar_direct\MODOUT2.txt,W/(cm^2 sr cm^-1),W/(cm^2 cm^-1),W/(m^2 sr um),W/(m^2 um),value_si=value_native*1e8/(wavelength_um^2),2888.0,3.4626038781163433,0.9831,1.74e-06,14.512546560000002,1.77e-06,14.762762880000002
mwir_std_solar_direct,D:\HwaSimIR\HwaSim_IR\Bin\Config\Atmosphere\MODTRAN\raw\audit_mwir_standard_20260906\mwir_std_solar_direct\MODOUT2.txt,W/(cm^2 sr cm^-1),W/(cm^2 cm^-1),W/(m^2 sr um),W/(m^2 um),value_si=value_native*1e8/(wavelength_um^2),2889.0,3.461405330564209,0.942,1.66e-06,13.854892860000001,1.77e-06,14.772988170000001
mwir_std_solar_direct,D:\HwaSimIR\HwaSim_IR\Bin\Config\Atmosphere\MODTRAN\raw\audit_mwir_standard_20260906\mwir_std_solar_direct\MODOUT2.txt,W/(cm^2 sr cm^-1),W/(cm^2 cm^-1),W/(m^2 sr um),W/(m^2 um),value_si=value_native*1e8/(wavelength_um^2),2890.0,3.4602076124567476,0.9664,1.71e-06,14.282091,1.77e-06,14.783216999999999
mwir_std_solar_direct,D:\HwaSimIR\HwaSim_IR\Bin\Config\Atmosphere\MODTRAN\raw\audit_mwir_standard_20260906\mwir_std_solar_direct\MODOUT2.txt,W/(cm^2 sr cm^-1),W/(cm^2 cm^-1),W/(m^2 sr um),W/(m^2 um),value_si=value_native*1e8/(wavelength_um^2),2891.0,3.459010722933241,0.984,1.74e-06,14.542712940000001,1.77e-06,14.793449370000001
mwir_std_solar_direct,D:\HwaSimIR\HwaSim_IR\Bin\Config\Atmosphere\MODTRAN\raw\audit_mwir_standard_20260906\mwir_std_solar_direct\MODOUT2.txt,W/(cm^2 sr cm^-1),W/(cm^2 cm^-1),W/(m^2 sr um),W/(m^2 um),value_si=value_native*1e8/(wavelength_um^2),2892.0,3.4578146611341634,0.9886,1.75e-06,14.636411999999998,1.77e-06,14.803685279999998
mwir_std_solar_direct,D:\HwaSimIR\HwaSim_IR\Bin\Config\Atmosphere\MODTRAN\raw\audit_mwir_standard_20260906\mwir_std_solar_direct\MODOUT2.txt,W/(cm^2 sr cm^-1),W/(cm^2 cm^-1),W/(m^2 sr um),W/(m^2 um),value_si=value_native*1e8/(wavelength_um^2),2893.0,3.456619426201175,0.9747,1.72e-06,14.39545228,1.77e-06,14.81392473
mwir_std_solar_direct,D:\HwaSimIR\HwaSim_IR\Bin\Config\Atmosphere\MODTRAN\raw\audit_mwir_standard_20260906\mwir_std_solar_direct\MODOUT2.txt,W/(cm^2 sr cm^-1),W/(cm^2 cm^-1),W/(m^2 sr um),W/(m^2 um),value_si=value_native*1e8/(wavelength_um^2),2894.0,3.455425017277125,0.8231,1.46e-06,12.22784456,1.77e-06,14.82416772
mwir_std_solar_direct,D:\HwaSimIR\HwaSim_IR\Bin\Config\Atmosphere\MODTRAN\raw\audit_mwir_standard_20260906\mwir_std_solar_direct\MODOUT2.txt,W/(cm^2 sr cm^-1),W/(cm^2 cm^-1),W/(m^2 sr um),W/(m^2 um),value_si=value_native*1e8/(wavelength_um^2),2895.0,3.454231433506045,0.7513,1.33e-06,11.146763250000001,1.77e-06,14.83441425
mwir_std_solar_direct,D:\HwaSimIR\HwaSim_IR\Bin\Config\Atmosphere\MODTRAN\raw\audit_mwir_standard_20260906\mwir_std_solar_direct\MODOUT2.txt,W/(cm^2 sr cm^-1),W/(cm^2 cm^-1),W/(m^2 sr um),W/(m^2 um),value_si=value_native*1e8/(wavelength_um^2),2896.0,3.453038674033149,0.7624,1.35e-06,11.3222016,1.77e-06,14.84466432
mwir_std_solar_direct,D:\HwaSimIR\HwaSim_IR\Bin\Config\Atmosphere\MODTRAN\raw\audit_mwir_standard_20260906\mwir_std_solar_direct\MODOUT2.txt,W/(cm^2 sr cm^-1),W/(cm^2 cm^-1),W/(m^2 sr um),W/(m^2 um),value_si=value_native*1e8/(wavelength_um^2),2897.0,3.4518467380048325,0.8055,1.43e-06,12.001430870000002,1.77e-06,14.854917930000001
mwir_std_solar_direct,D:\HwaSimIR\HwaSim_IR\Bin\Config\Atmosphere\MODTRAN\raw\audit_mwir_standard_20260906\mwir_std_solar_direct\MODOUT2.txt,W/(cm^2 sr cm^-1),W/(cm^2 cm^-1),W/(m^2 sr um),W/(m^2 um),value_si=value_native*1e8/(wavelength_um^2),2898.0,3.450655624568668,0.9756,1.73e-06,14.529238920000001,1.78e-06,14.949159120000001
mwir_std_solar_direct,D:\HwaSimIR\HwaSim_IR\Bin\Config\Atmosphere\MODTRAN\raw\audit_mwir_standard_20260906\mwir_std_solar_direct\MODOUT2.txt,W/(cm^2 sr cm^-1),W/(cm^2 cm^-1),W/(m^2 sr um),W/(m^2 um),value_si=value_native*1e8/(wavelength_um^2),2899.0,3.449465332873405,0.9265,1.65e-06,13.866931649999998,1.78e-06,14.959477779999999
mwir_std_solar_direct,D:\HwaSimIR\HwaSim_IR\Bin\Config\Atmosphere\MODTRAN\raw\audit_mwir_standard_20260906\mwir_std_solar_direct\MODOUT2.txt,W/(cm^2 sr cm^-1),W/(cm^2 cm^-1),W/(m^2 sr um),W/(m^2 um),value_si=value_native*1e8/(wavelength_um^2),2900.0,3.4482758620689653,0.8813,1.57e-06,13.203700000000001,1.78e-06,14.969800000000003
mwir_std_solar_direct,D:\HwaSimIR\HwaSim_IR\Bin\Config\Atmosphere\MODTRAN\raw\audit_mwir_standard_20260906\mwir_std_solar_direct\MODOUT2.txt,W/(cm^2 sr cm^-1),W/(cm^2 cm^-1),W/(m^2 sr um),W/(m^2 um),value_si=value_native*1e8/(wavelength_um^2),2901.0,3.447087211306446,0.9822,1.75e-06,14.727651750000001,1.78e-06,14.980125780000002
mwir_std_solar_direct,D:\HwaSimIR\HwaSim_IR\Bin\Config\Atmosphere\MODTRAN\raw\audit_mwir_standard_20260906\mwir_std_solar_direct\MODOUT2.txt,W/(cm^2 sr cm^-1),W/(cm^2 cm^-1),W/(m^2 sr um),W/(m^2 um),value_si=value_native*1e8/(wavelength_um^2),2902.0,3.4458993797381114,0.8524,1.52e-06,12.800838080000002,1.78e-06,14.990455120000004
mwir_std_solar_direct,D:\HwaSimIR\HwaSim_IR\Bin\Config\Atmosphere\MODTRAN\raw\audit_mwir_standard_20260906\mwir_std_solar_direct\MODOUT2.txt,W/(cm^2 sr cm^-1),W/(cm^2 cm^-1),W/(m^2 sr um),W/(m^2 um),value_si=value_native*1e8/(wavelength_um^2),2903.0,3.444712366517396,0.9817,1.75e-06,14.747965749999997,1.78e-06,15.000788019999998
mwir_std_solar_direct,D:\HwaSimIR\HwaSim_IR\Bin\Config\Atmosphere\MODTRAN\raw\audit_mwir_standard_20260906\mwir_std_solar_direct\MODOUT2.txt,W/(cm^2 sr cm^-1),W/(cm^2 cm^-1),W/(m^2 sr um),W/(m^2 um),value_si=value_native*1e8/(wavelength_um^2),2904.0,3.443526170798898,0.9547,1.7e-06,14.3364672,1.78e-06,15.01112448
mwir_std_solar_direct,D:\HwaSimIR\HwaSim_IR\Bin\Config\Atmosphere\MODTRAN\raw\audit_mwir_standard_20260906\mwir_std_solar_direct\MODOUT2.txt,W/(cm^2 sr cm^-1),W/(cm^2 cm^-1),W/(m^2 sr um),W/(m^2 um),value_si=value_native*1e8/(wavelength_um^2),2905.0,3.442340791738382,0.9573,1.71e-06,14.430732749999999,1.78e-06,15.021464499999999
mwir_std_solar_direct,D:\HwaSimIR\HwaSim_IR\Bin\Config\Atmosphere\MODTRAN\raw\audit_mwir_standard_20260906\mwir_std_solar_direct\MODOUT2.txt,W/(cm^2 sr cm^-1),W/(cm^2 cm^-1),W/(m^2 sr um),W/(m^2 um),value_si=value_native*1e8/(wavelength_um^2),2906.0,3.4411562284927735,0.6204,1.11e-06,9.37376796,1.78e-06,15.031808080000001
mwir_std_solar_direct,D:\HwaSimIR\HwaSim_IR\Bin\Config\Atmosphere\MODTRAN\raw\audit_mwir_standard_20260906\mwir_std_solar_direct\MODOUT2.txt,W/(cm^2 sr cm^-1),W/(cm^2 cm^-1),W/(m^2 sr um),W/(m^2 um),value_si=value_native*1e8/(wavelength_um^2),2907.0,3.4399724802201583,0.5786,1.03e-06,8.70416847,1.79e-06,15.126661709999999
mwir_std_solar_direct,D:\HwaSimIR\HwaSim_IR\Bin\Config\Atmosphere\MODTRAN\raw\audit_mwir_standard_20260906\mwir_std_solar_direct\MODOUT2.txt,W/(cm^2 sr cm^-1),W/(cm^2 cm^-1),W/(m^2 sr um),W/(m^2 um),value_si=value_native*1e8/(wavelength_um^2),2908.0,3.43878954607978,0.9387,1.68e-06,14.20685952,1.79e-06,15.13707056
mwir_std_solar_direct,D:\HwaSimIR\HwaSim_IR\Bin\Config\Atmosphere\MODTRAN\raw\audit_mwir_standard_20260906\mwir_std_solar_direct\MODOUT2.txt,W/(cm^2 sr cm^-1),W/(cm^2 cm^-1),W/(m^2 sr um),W/(m^2 um),value_si=value_native*1e8/(wavelength_um^2),2909.0,3.4376074252320383,0.9521,1.7e-06,14.385877700000002,1.79e-06,15.147482990000002
mwir_std_solar_direct,D:\HwaSimIR\HwaSim_IR\Bin\Config\Atmosphere\MODTRAN\raw\audit_mwir_standard_20260906\mwir_std_solar_direct\MODOUT2.txt,W/(cm^2 sr cm^-1),W/(cm^2 cm^-1),W/(m^2 sr um),W/(m^2 um),value_si=value_native*1e8/(wavelength_um^2),2910.0,3.4364261168384878,0.9553,1.71e-06,14.480451,1.79e-06,15.157899
mwir_std_solar_direct,D:\HwaSimIR\HwaSim_IR\Bin\Config\Atmosphere\MODTRAN\raw\audit_mwir_standard_20260906\mwir_std_solar_direct\MODOUT2.txt,W/(cm^2 sr cm^-1),W/(cm^2 cm^-1),W/(m^2 sr um),W/(m^2 um),value_si=value_native*1e8/(wavelength_um^2),2911.0,3.4352456200618344,0.9205,1.65e-06,13.98196965,1.79e-06,15.16831859
mwir_std_solar_direct,D:\HwaSimIR\HwaSim_IR\Bin\Config\Atmosphere\MODTRAN\raw\audit_mwir_standard_20260906\mwir_std_solar_direct\MODOUT2.txt,W/(cm^2 sr cm^-1),W/(cm^2 cm^-1),W/(m^2 sr um),W/(m^2 um),value_si=value_native*1e8/(wavelength_um^2),2912.0,3.434065934065934,0.9349,1.67e-06,14.161172480000001,1.79e-06,15.178741760000001
mwir_std_solar_direct,D:\HwaSimIR\HwaSim_IR\Bin\Config\Atmosphere\MODTRAN\raw\audit_mwir_standard_20260906\mwir_std_solar_direct\MODOUT2.txt,W/(cm^2 sr cm^-1),W/(cm^2 cm^-1),W/(m^2 sr um),W/(m^2 um),value_si=value_native*1e8/(wavelength_um^2),2913.0,3.4328870580157913,0.9877,1.77e-06,15.01945713,1.79e-06,15.18916851
mwir_std_solar_direct,D:\HwaSimIR\HwaSim_IR\Bin\Config\Atmosphere\MODTRAN\raw\audit_mwir_standard_20260906\mwir_std_solar_direct\MODOUT2.txt,W/(cm^2 sr cm^-1),W/(cm^2 cm^-1),W/(m^2 sr um),W/(m^2 um),value_si=value_native*1e8/(wavelength_um^2),2914.0,3.4317089910775564,0.9649,1.73e-06,14.690115080000002,1.79e-06,15.199598840000002
mwir_std_solar_direct,D:\HwaSimIR\HwaSim_IR\Bin\Config\Atmosphere\MODTRAN\raw\audit_mwir_standard_20260906\mwir_std_solar_direct\MODOUT2.txt,W/(cm^2 sr cm^-1),W/(cm^2 cm^-1),W/(m^2 sr um),W/(m^2 um),value_si=value_native*1e8/(wavelength_um^2),2915.0,3.4305317324185247,0.9697,1.74e-06,14.7851715,1.79e-06,15.210032750000002
mwir_std_solar_direct,D:\HwaSimIR\HwaSim_IR\Bin\Config\Atmosphere\MODTRAN\raw\audit_mwir_standard_20260906\mwir_std_solar_direct\MODOUT2.txt,W/(cm^2 sr cm^-1),W/(cm^2 cm^-1),W/(m^2 sr um),W/(m^2 um),value_si=value_native*1e8/(wavelength_um^2),2916.0,3.429355281207133,0.7026,1.25e-06,10.628820000000003,1.79e-06,15.220470240000003
mwir_std_solar_direct,D:\HwaSimIR\HwaSim_IR\Bin\Config\Atmosphere\MODTRAN\raw\audit_mwir_standard_20260906\mwir_std_solar_direct\MODOUT2.txt,W/(cm^2 sr cm^-1),W/(cm^2 cm^-1),W/(m^2 sr um),W/(m^2 um),value_si=value_native*1e8/(wavelength_um^2),2917.0,3.4281796366129584,0.493,8.81e-07,7.496331208999999,1.79e-06,15.23091131
mwir_std_solar_direct,D:\HwaSimIR\HwaSim_IR\Bin\Config\Atmosphere\MODTRAN\raw\audit_mwir_standard_20260906\mwir_std_solar_direct\MODOUT2.txt,W/(cm^2 sr cm^-1),W/(cm^2 cm^-1),W/(m^2 sr um),W/(m^2 um),value_si=value_native*1e8/(wavelength_um^2),2918.0,3.427004797806717,0.7322,1.31e-06,11.15428844,1.79e-06,15.24135596
mwir_std_solar_direct,D:\HwaSimIR\HwaSim_IR\Bin\Config\Atmosphere\MODTRAN\raw\audit_mwir_standard_20260906\mwir_std_solar_direct\MODOUT2.txt,W/(cm^2 sr cm^-1),W/(cm^2 cm^-1),W/(m^2 sr um),W/(m^2 um),value_si=value_native*1e8/(wavelength_um^2),2919.0,3.4258307639602603,0.8024,1.44e-06,12.269607839999999,1.79e-06,15.25180419
mwir_std_solar_direct,D:\HwaSimIR\HwaSim_IR\Bin\Config\Atmosphere\MODTRAN\raw\audit_mwir_standard_20260906\mwir_std_solar_direct\MODOUT2.txt,W/(cm^2 sr cm^-1),W/(cm^2 cm^-1),W/(m^2 sr um),W/(m^2 um),value_si=value_native*1e8/(wavelength_um^2),2920.0,3.4246575342465753,0.9572,1.72e-06,14.665408000000001,1.79e-06,15.262256000000002
mwir_std_solar_direct,D:\HwaSimIR\HwaSim_IR\Bin\Config\Atmosphere\MODTRAN\raw\audit_mwir_standard_20260906\mwir_std_solar_direct\MODOUT2.txt,W/(cm^2 sr cm^-1),W/(cm^2 cm^-1),W/(m^2 sr um),W/(m^2 um),value_si=value_native*1e8/(wavelength_um^2),2921.0,3.423485107839781,0.9391,1.69e-06,14.41948729,1.8e-06,15.3580338
mwir_std_solar_direct,D:\HwaSimIR\HwaSim_IR\Bin\Config\Atmosphere\MODTRAN\raw\audit_mwir_standard_20260906\mwir_std_solar_direct\MODOUT2.txt,W/(cm^2 sr cm^-1),W/(cm^2 cm^-1),W/(m^2 sr um),W/(m^2 um),value_si=value_native*1e8/(wavelength_um^2),2922.0,3.4223134839151266,0.9727,1.75e-06,14.941647000000001,1.8e-06,15.3685512
mwir_std_solar_direct,D:\HwaSimIR\HwaSim_IR\Bin\Config\Atmosphere\MODTRAN\raw\audit_mwir_standard_20260906\mwir_std_solar_direct\MODOUT2.txt,W/(cm^2 sr cm^-1),W/(cm^2 cm^-1),W/(m^2 sr um),W/(m^2 um),value_si=value_native*1e8/(wavelength_um^2),2923.0,3.421142661648991,0.9726,1.76e-06,15.037315039999998,1.8e-06,15.379072199999998
mwir_std_solar_direct,D:\HwaSimIR\HwaSim_IR\Bin\Config\Atmosphere\MODTRAN\raw\audit_mwir_standard_20260906\mwir_std_solar_direct\MODOUT2.txt,W/(cm^2 sr cm^-1),W/(cm^2 cm^-1),W/(m^2 sr um),W/(m^2 um),value_si=value_native*1e8/(wavelength_um^2),2924.0,3.4199726402188784,0.9705,1.75e-06,14.962107999999999,1.8e-06,15.3895968
mwir_std_solar_direct,D:\HwaSimIR\HwaSim_IR\Bin\Config\Atmosphere\MODTRAN\raw\audit_mwir_standard_20260906\mwir_std_solar_direct\MODOUT2.txt,W/(cm^2 sr cm^-1),W/(cm^2 cm^-1),W/(m^2 sr um),W/(m^2 um),value_si=value_native*1e8/(wavelength_um^2),2925.0,3.4188034188034186,0.9729,1.75e-06,14.97234375,1.8e-06,15.400125000000001
mwir_std_solar_direct,D:\HwaSimIR\HwaSim_IR\Bin\Config\Atmosphere\MODTRAN\raw\audit_mwir_standard_20260906\mwir_std_solar_direct\MODOUT2.txt,W/(cm^2 sr cm^-1),W/(cm^2 cm^-1),W/(m^2 sr um),W/(m^2 um),value_si=value_native*1e8/(wavelength_um^2),2926.0,3.417634996582365,0.9325,1.67e-06,14.297664919999997,1.79e-06,15.325042039999998
mwir_std_solar_direct,D:\HwaSimIR\HwaSim_IR\Bin\Config\Atmosphere\MODTRAN\raw\audit_mwir_standard_20260906\mwir_std_solar_direct\MODOUT2.txt,W/(cm^2 sr cm^-1),W/(cm^2 cm^-1),W/(m^2 sr um),W/(m^2 um),value_si=value_native*1e8/(wavelength_um^2),2927.0,3.4164673727365904,0.2075,3.72e-07,3.187046388,1.79e-06,15.335518910000001
mwir_std_solar_direct,D:\HwaSimIR\HwaSim_IR\Bin\Config\Atmosphere\MODTRAN\raw\audit_mwir_standard_20260906\mwir_std_solar_direct\MODOUT2.txt,W/(cm^2 sr cm^-1),W/(cm^2 cm^-1),W/(m^2 sr um),W/(m^2 um),value_si=value_native*1e8/(wavelength_um^2),2928.0,3.4153005464480874,0.6315,1.13e-06,9.68769792,1.79e-06,15.345999359999999
mwir_std_solar_direct,D:\HwaSimIR\HwaSim_IR\Bin\Config\Atmosphere\MODTRAN\raw\audit_mwir_standard_20260906\mwir_std_solar_direct\MODOUT2.txt,W/(cm^2 sr cm^-1),W/(cm^2 cm^-1),W/(m^2 sr um),W/(m^2 um),value_si=value_native*1e8/(wavelength_um^2),2929.0,3.4141345168999657,0.9635,1.73e-06,14.841740930000002,1.79e-06,15.356483390000003
mwir_std_solar_direct,D:\HwaSimIR\HwaSim_IR\Bin\Config\Atmosphere\MODTRAN\raw\audit_mwir_standard_20260906\mwir_std_solar_direct\MODOUT2.txt,W/(cm^2 sr cm^-1),W/(cm^2 cm^-1),W/(m^2 sr um),W/(m^2 um),value_si=value_native*1e8/(wavelength_um^2),2930.0,3.4129692832764507,0.8775,1.58e-06,13.564141999999999,1.8e-06,15.45282
mwir_std_solar_direct,D:\HwaSimIR\HwaSim_IR\Bin\Config\Atmosphere\MODTRAN\raw\audit_mwir_standard_20260906\mwir_std_solar_direct\MODOUT2.txt,W/(cm^2 sr cm^-1),W/(cm^2 cm^-1),W/(m^2 sr um),W/(m^2 um),value_si=value_native*1e8/(wavelength_um^2),2931.0,3.4118048447628797,0.9563,1.73e-06,14.862016529999998,1.81e-06,15.549277409999998
mwir_std_solar_direct,D:\HwaSimIR\HwaSim_IR\Bin\Config\Atmosphere\MODTRAN\raw\audit_mwir_standard_20260906\mwir_std_solar_direct\MODOUT2.txt,W/(cm^2 sr cm^-1),W/(cm^2 cm^-1),W/(m^2 sr um),W/(m^2 um),value_si=value_native*1e8/(wavelength_um^2),2932.0,3.4106412005457027,0.8554,1.55e-06,13.324767199999998,1.81e-06,15.559889439999997
mwir_std_solar_direct,D:\HwaSimIR\HwaSim_IR\Bin\Config\Atmosphere\MODTRAN\raw\audit_mwir_standard_20260906\mwir_std_solar_direct\MODOUT2.txt,W/(cm^2 sr cm^-1),W/(cm^2 cm^-1),W/(m^2 sr um),W/(m^2 um),value_si=value_native*1e8/(wavelength_um^2),2933.0,3.4094783498124785,0.819,1.48e-06,12.73168372,1.81e-06,15.570505090000001
mwir_std_solar_direct,D:\HwaSimIR\HwaSim_IR\Bin\Config\Atmosphere\MODTRAN\raw\audit_mwir_standard_20260906\mwir_std_solar_direct\MODOUT2.txt,W/(cm^2 sr cm^-1),W/(cm^2 cm^-1),W/(m^2 sr um),W/(m^2 um),value_si=value_native*1e8/(wavelength_um^2),2934.0,3.408316291751875,0.7876,1.43e-06,12.309949079999999,1.81e-06,15.581124359999999
mwir_std_solar_direct,D:\HwaSimIR\HwaSim_IR\Bin\Config\Atmosphere\MODTRAN\raw\audit_mwir_standard_20260906\mwir_std_solar_direct\MODOUT2.txt,W/(cm^2 sr cm^-1),W/(cm^2 cm^-1),W/(m^2 sr um),W/(m^2 um),value_si=value_native*1e8/(wavelength_um^2),2935.0,3.4071550255536627,0.6971,1.26e-06,10.8539235,1.81e-06,15.591747250000001
mwir_std_solar_direct,D:\HwaSimIR\HwaSim_IR\Bin\Config\Atmosphere\MODTRAN\raw\audit_mwir_standard_20260906\mwir_std_solar_direct\MODOUT2.txt,W/(cm^2 sr cm^-1),W/(cm^2 cm^-1),W/(m^2 sr um),W/(m^2 um),value_si=value_native*1e8/(wavelength_um^2),2936.0,3.4059945504087192,0.8323,1.51e-06,13.016344960000001,1.82e-06,15.68857472
mwir_std_solar_direct,D:\HwaSimIR\HwaSim_IR\Bin\Config\Atmosphere\MODTRAN\raw\audit_mwir_standard_20260906\mwir_std_solar_direct\MODOUT2.txt,W/(cm^2 sr cm^-1),W/(cm^2 cm^-1),W/(m^2 sr um),W/(m^2 um),value_si=value_native*1e8/(wavelength_um^2),2937.0,3.404834865509023,0.5573,1.01e-06,8.71222869,1.82e-06,15.69926358
mwir_std_solar_direct,D:\HwaSimIR\HwaSim_IR\Bin\Config\Atmosphere\MODTRAN\raw\audit_mwir_standard_20260906\mwir_std_solar_direct\MODOUT2.txt,W/(cm^2 sr cm^-1),W/(cm^2 cm^-1),W/(m^2 sr um),W/(m^2 um),value_si=value_native*1e8/(wavelength_um^2),2938.0,3.4036759700476513,0.2972,5.37e-07,4.635300228000001,1.81e-06,15.623637640000002
mwir_std_solar_direct,D:\HwaSimIR\HwaSim_IR\Bin\Config\Atmosphere\MODTRAN\raw\audit_mwir_standard_20260906\mwir_std_solar_direct\MODOUT2.txt,W/(cm^2 sr cm^-1),W/(cm^2 cm^-1),W/(m^2 sr um),W/(m^2 um),value_si=value_native*1e8/(wavelength_um^2),2939.0,3.402517863218782,0.9232,1.67e-06,14.42499407,1.8e-06,15.547897800000001
mwir_std_solar_direct,D:\HwaSimIR\HwaSim_IR\Bin\Config\Atmosphere\MODTRAN\raw\audit_mwir_standard_20260906\mwir_std_solar_direct\MODOUT2.txt,W/(cm^2 sr cm^-1),W/(cm^2 cm^-1),W/(m^2 sr um),W/(m^2 um),value_si=value_native*1e8/(wavelength_um^2),2940.0,3.401360544217687,0.9635,1.73e-06,14.953428,1.8e-06,15.558480000000001
mwir_std_solar_direct,D:\HwaSimIR\HwaSim_IR\Bin\Config\Atmosphere\MODTRAN\raw\audit_mwir_standard_20260906\mwir_std_solar_direct\MODOUT2.txt,W/(cm^2 sr cm^-1),W/(cm^2 cm^-1),W/(m^2 sr um),W/(m^2 um),value_si=value_native*1e8/(wavelength_um^2),2941.0,3.4002040122407347,0.9711,1.74e-06,15.05009694,1.79e-06,15.48257099
mwir_std_solar_direct,D:\HwaSimIR\HwaSim_IR\Bin\Config\Atmosphere\MODTRAN\raw\audit_mwir_standard_20260906\mwir_std_solar_direct\MODOUT2.txt,W/(cm^2 sr cm^-1),W/(cm^2 cm^-1),W/(m^2 sr um),W/(m^2 um),value_si=value_native*1e8/(wavelength_um^2),2942.0,3.399048266485384,0.9797,1.75e-06,15.146887,1.79e-06,15.49310156
mwir_std_solar_direct,D:\HwaSimIR\HwaSim_IR\Bin\Config\Atmosphere\MODTRAN\raw\audit_mwir_standard_20260906\mwir_std_solar_direct\MODOUT2.txt,W/(cm^2 sr cm^-1),W/(cm^2 cm^-1),W/(m^2 sr um),W/(m^2 um),value_si=value_native*1e8/(wavelength_um^2),2943.0,3.397893306150187,0.9143,1.64e-06,14.20444836,1.8e-06,15.590248200000001
mwir_std_solar_direct,D:\HwaSimIR\HwaSim_IR\Bin\Config\Atmosphere\MODTRAN\raw\audit_mwir_standard_20260906\mwir_std_solar_direct\MODOUT2.txt,W/(cm^2 sr cm^-1),W/(cm^2 cm^-1),W/(m^2 sr um),W/(m^2 um),value_si=value_native*1e8/(wavelength_um^2),2944.0,3.3967391304347827,0.9525,1.72e-06,14.90747392,1.8e-06,15.600844799999999
mwir_std_solar_direct,D:\HwaSimIR\HwaSim_IR\Bin\Config\Atmosphere\MODTRAN\raw\audit_mwir_standard_20260906\mwir_std_solar_direct\MODOUT2.txt,W/(cm^2 sr cm^-1),W/(cm^2 cm^-1),W/(m^2 sr um),W/(m^2 um),value_si=value_native*1e8/(wavelength_um^2),2945.0,3.395585738539898,0.9685,1.75e-06,15.17779375,1.81e-06,15.69817525
mwir_std_solar_direct,D:\HwaSimIR\HwaSim_IR\Bin\Config\Atmosphere\MODTRAN\raw\audit_mwir_standard_20260906\mwir_std_solar_direct\MODOUT2.txt,W/(cm^2 sr cm^-1),W/(cm^2 cm^-1),W/(m^2 sr um),W/(m^2 um),value_si=value_native*1e8/(wavelength_um^2),2946.0,3.3944331296673456,0.8022,1.46e-06,12.67121736,1.82e-06,15.79562712
mwir_std_solar_direct,D:\HwaSimIR\HwaSim_IR\Bin\Config\Atmosphere\MODTRAN\raw\audit_mwir_standard_20260906\mwir_std_solar_direct\MODOUT2.txt,W/(cm^2 sr cm^-1),W/(cm^2 cm^-1),W/(m^2 sr um),W/(m^2 um),value_si=value_native*1e8/(wavelength_um^2),2947.0,3.39328130302002,0.8952,1.64e-06,14.243086760000002,1.83e-06,15.893200470000002
mwir_std_solar_direct,D:\HwaSimIR\HwaSim_IR\Bin\Config\Atmosphere\MODTRAN\raw\audit_mwir_standard_20260906\mwir_std_solar_direct\MODOUT2.txt,W/(cm^2 sr cm^-1),W/(cm^2 cm^-1),W/(m^2 sr um),W/(m^2 um),value_si=value_native*1e8/(wavelength_um^2),2948.0,3.3921302578018997,0.0868,1.59e-07,1.381821936,1.83e-06,15.90398832
mwir_std_solar_direct,D:\HwaSimIR\HwaSim_IR\Bin\Config\Atmosphere\MODTRAN\raw\audit_mwir_standard_20260906\mwir_std_solar_direct\MODOUT2.txt,W/(cm^2 sr cm^-1),W/(cm^2 cm^-1),W/(m^2 sr um),W/(m^2 um),value_si=value_native*1e8/(wavelength_um^2),2949.0,3.39097999321804,0.8164,1.5e-06,13.0449015,1.83e-06,15.91477983
mwir_std_solar_direct,D:\HwaSimIR\HwaSim_IR\Bin\Config\Atmosphere\MODTRAN\raw\audit_mwir_standard_20260906\mwir_std_solar_direct\MODOUT2.txt,W/(cm^2 sr cm^-1),W/(cm^2 cm^-1),W/(m^2 sr um),W/(m^2 um),value_si=value_native*1e8/(wavelength_um^2),2950.0,3.389830508474576,0.9597,1.76e-06,15.316400000000002,1.84e-06,16.012600000000003
mwir_std_solar_direct,D:\HwaSimIR\HwaSim_IR\Bin\Config\Atmosphere\MODTRAN\raw\audit_mwir_standard_20260906\mwir_std_solar_direct\MODOUT2.txt,W/(cm^2 sr cm^-1),W/(cm^2 cm^-1),W/(m^2 sr um),W/(m^2 um),value_si=value_native*1e8/(wavelength_um^2),2951.0,3.388681802778719,0.9765,1.79e-06,15.588037790000001,1.84e-06,16.02345784
mwir_std_solar_direct,D:\HwaSimIR\HwaSim_IR\Bin\Config\Atmosphere\MODTRAN\raw\audit_mwir_standard_20260906\mwir_std_solar_direct\MODOUT2.txt,W/(cm^2 sr cm^-1),W/(cm^2 cm^-1),W/(m^2 sr um),W/(m^2 um),value_si=value_native*1e8/(wavelength_um^2),2952.0,3.3875338753387534,0.9672,1.78e-06,15.511461119999998,1.84e-06,16.034319359999998
mwir_std_solar_direct,D:\HwaSimIR\HwaSim_IR\Bin\Config\Atmosphere\MODTRAN\raw\audit_mwir_standard_20260906\mwir_std_solar_direct\MODOUT2.txt,W/(cm^2 sr cm^-1),W/(cm^2 cm^-1),W/(m^2 sr um),W/(m^2 um),value_si=value_native*1e8/(wavelength_um^2),2953.0,3.3863867253640367,0.8807,1.62e-06,14.12673858,1.84e-06,16.04518456
mwir_std_solar_direct,D:\HwaSimIR\HwaSim_IR\Bin\Config\Atmosphere\MODTRAN\raw\audit_mwir_standard_20260906\mwir_std_solar_direct\MODOUT2.txt,W/(cm^2 sr cm^-1),W/(cm^2 cm^-1),W/(m^2 sr um),W/(m^2 um),value_si=value_native*1e8/(wavelength_um^2),2954.0,3.3852403520649967,0.7054,1.29e-06,11.25668964,1.84e-06,16.05605344
mwir_std_solar_direct,D:\HwaSimIR\HwaSim_IR\Bin\Config\Atmosphere\MODTRAN\raw\audit_mwir_standard_20260906\mwir_std_solar_direct\MODOUT2.txt,W/(cm^2 sr cm^-1),W/(cm^2 cm^-1),W/(m^2 sr um),W/(m^2 um),value_si=value_native*1e8/(wavelength_um^2),2955.0,3.3840947546531304,0.932,1.71e-06,14.931762749999999,1.83e-06,15.979605749999997
mwir_std_solar_direct,D:\HwaSimIR\HwaSim_IR\Bin\Config\Atmosphere\MODTRAN\raw\audit_mwir_standard_20260906\mwir_std_solar_direct\MODOUT2.txt,W/(cm^2 sr cm^-1),W/(cm^2 cm^-1),W/(m^2 sr um),W/(m^2 um),value_si=value_native*1e8/(wavelength_um^2),2956.0,3.3829499323410013,0.756,1.39e-06,12.145731040000001,1.83e-06,15.99042288
mwir_std_solar_direct,D:\HwaSimIR\HwaSim_IR\Bin\Config\Atmosphere\MODTRAN\raw\audit_mwir_standard_20260906\mwir_std_solar_direct\MODOUT2.txt,W/(cm^2 sr cm^-1),W/(cm^2 cm^-1),W/(m^2 sr um),W/(m^2 um),value_si=value_native*1e8/(wavelength_um^2),2957.0,3.381805884342239,0.843,1.55e-06,13.552965949999999,1.84e-06,16.088682159999998
mwir_std_solar_direct,D:\HwaSimIR\HwaSim_IR\Bin\Config\Atmosphere\MODTRAN\raw\audit_mwir_standard_20260906\mwir_std_solar_direct\MODOUT2.txt,W/(cm^2 sr cm^-1),W/(cm^2 cm^-1),W/(m^2 sr um),W/(m^2 um),value_si=value_native*1e8/(wavelength_um^2),2958.0,3.3806626098715347,0.246,4.52e-07,3.9548933280000007,1.84e-06,16.09956576
mwir_std_solar_direct,D:\HwaSimIR\HwaSim_IR\Bin\Config\Atmosphere\MODTRAN\raw\audit_mwir_standard_20260906\mwir_std_solar_direct\MODOUT2.txt,W/(cm^2 sr cm^-1),W/(cm^2 cm^-1),W/(m^2 sr um),W/(m^2 um),value_si=value_native*1e8/(wavelength_um^2),2959.0,3.3795201081446433,0.5978,1.1e-06,9.6312491,1.84e-06,16.11045304
mwir_std_solar_direct,D:\HwaSimIR\HwaSim_IR\Bin\Config\Atmosphere\MODTRAN\raw\audit_mwir_standard_20260906\mwir_std_solar_direct\MODOUT2.txt,W/(cm^2 sr cm^-1),W/(cm^2 cm^-1),W/(m^2 sr um),W/(m^2 um),value_si=value_native*1e8/(wavelength_um^2),2960.0,3.3783783783783785,0.9443,1.74e-06,15.245183999999998,1.84e-06,16.121343999999997
mwir_std_solar_direct,D:\HwaSimIR\HwaSim_IR\Bin\Config\Atmosphere\MODTRAN\raw\audit_mwir_standard_20260906\mwir_std_solar_direct\MODOUT2.txt,W/(cm^2 sr cm^-1),W/(cm^2 cm^-1),W/(m^2 sr um),W/(m^2 um),value_si=value_native*1e8/(wavelength_um^2),2961.0,3.377237419790611,0.8386,1.55e-06,13.58965755,1.85e-06,16.21991385
mwir_std_solar_direct,D:\HwaSimIR\HwaSim_IR\Bin\Config\Atmosphere\MODTRAN\raw\audit_mwir_standard_20260906\mwir_std_solar_direct\MODOUT2.txt,W/(cm^2 sr cm^-1),W/(cm^2 cm^-1),W/(m^2 sr um),W/(m^2 um),value_si=value_native*1e8/(wavelength_um^2),2962.0,3.37609723160027,0.8124,1.5e-06,13.160166,1.84e-06,16.14313696
mwir_std_solar_direct,D:\HwaSimIR\HwaSim_IR\Bin\Config\Atmosphere\MODTRAN\raw\audit_mwir_standard_20260906\mwir_std_solar_direct\MODOUT2.txt,W/(cm^2 sr cm^-1),W/(cm^2 cm^-1),W/(m^2 sr um),W/(m^2 um),value_si=value_native*1e8/(wavelength_um^2),2963.0,3.374957813027337,0.9627,1.78e-06,15.62727682,1.85e-06,16.24183265
mwir_std_solar_direct,D:\HwaSimIR\HwaSim_IR\Bin\Config\Atmosphere\MODTRAN\raw\audit_mwir_standard_20260906\mwir_std_solar_direct\MODOUT2.txt,W/(cm^2 sr cm^-1),W/(cm^2 cm^-1),W/(m^2 sr um),W/(m^2 um),value_si=value_native*1e8/(wavelength_um^2),2964.0,3.3738191632928474,0.9628,1.78e-06,15.63782688,1.85e-06,16.2527976
mwir_std_solar_direct,D:\HwaSimIR\HwaSim_IR\Bin\Config\Atmosphere\MODTRAN\raw\audit_mwir_standard_20260906\mwir_std_solar_direct\MODOUT2.txt,W/(cm^2 sr cm^-1),W/(cm^2 cm^-1),W/(m^2 sr um),W/(m^2 um),value_si=value_native*1e8/(wavelength_um^2),2965.0,3.372681281618887,0.8999,1.66e-06,14.5934335,1.84e-06,16.175854
mwir_std_solar_direct,D:\HwaSimIR\HwaSim_IR\Bin\Config\Atmosphere\MODTRAN\raw\audit_mwir_standard_20260906\mwir_std_solar_direct\MODOUT2.txt,W/(cm^2 sr cm^-1),W/(cm^2 cm^-1),W/(m^2 sr um),W/(m^2 um),value_si=value_native*1e8/(wavelength_um^2),2966.0,3.3715441672285906,0.5839,1.07e-06,9.41295692,1.84e-06,16.18676704
mwir_std_solar_direct,D:\HwaSimIR\HwaSim_IR\Bin\Config\Atmosphere\MODTRAN\raw\audit_mwir_standard_20260906\mwir_std_solar_direct\MODOUT2.txt,W/(cm^2 sr cm^-1),W/(cm^2 cm^-1),W/(m^2 sr um),W/(m^2 um),value_si=value_native*1e8/(wavelength_um^2),2967.0,3.370407819346141,0.9097,1.68e-06,14.789189519999999,1.84e-06,16.19768376
mwir_std_solar_direct,D:\HwaSimIR\HwaSim_IR\Bin\Config\Atmosphere\MODTRAN\raw\audit_mwir_standard_20260906\mwir_std_solar_direct\MODOUT2.txt,W/(cm^2 sr cm^-1),W/(cm^2 cm^-1),W/(m^2 sr um),W/(m^2 um),value_si=value_native*1e8/(wavelength_um^2),2968.0,3.3692722371967654,0.613,1.13e-06,9.954197120000002,1.84e-06,16.20860416
mwir_std_solar_direct,D:\HwaSimIR\HwaSim_IR\Bin\Config\Atmosphere\MODTRAN\raw\audit_mwir_standard_20260906\mwir_std_solar_direct\MODOUT2.txt,W/(cm^2 sr cm^-1),W/(cm^2 cm^-1),W/(m^2 sr um),W/(m^2 um),value_si=value_native*1e8/(wavelength_um^2),2969.0,3.3681374200067364,0.4291,7.9e-07,6.963819189999999,1.84e-06,16.21952824
mwir_std_solar_direct,D:\HwaSimIR\HwaSim_IR\Bin\Config\Atmosphere\MODTRAN\raw\audit_mwir_standard_20260906\mwir_std_solar_direct\MODOUT2.txt,W/(cm^2 sr cm^-1),W/(cm^2 cm^-1),W/(m^2 sr um),W/(m^2 um),value_si=value_native*1e8/(wavelength_um^2),2970.0,3.367003367003367,0.8671,1.6e-06,14.113439999999999,1.85e-06,16.318665
mwir_std_solar_direct,D:\HwaSimIR\HwaSim_IR\Bin\Config\Atmosphere\MODTRAN\raw\audit_mwir_standard_20260906\mwir_std_solar_direct\MODOUT2.txt,W/(cm^2 sr cm^-1),W/(cm^2 cm^-1),W/(m^2 sr um),W/(m^2 um),value_si=value_native*1e8/(wavelength_um^2),2971.0,3.365870077415012,0.8951,1.66e-06,14.652556059999998,1.85e-06,16.329655849999998
mwir_std_solar_direct,D:\HwaSimIR\HwaSim_IR\Bin\Config\Atmosphere\MODTRAN\raw\audit_mwir_standard_20260906\mwir_std_solar_direct\MODOUT2.txt,W/(cm^2 sr cm^-1),W/(cm^2 cm^-1),W/(m^2 sr um),W/(m^2 um),value_si=value_native*1e8/(wavelength_um^2),2972.0,3.3647375504710633,0.9498,1.76e-06,15.545699840000001,1.85e-06,16.3406504
mwir_std_solar_direct,D:\HwaSimIR\HwaSim_IR\Bin\Config\Atmosphere\MODTRAN\raw\audit_mwir_standard_20260906\mwir_std_solar_direct\MODOUT2.txt,W/(cm^2 sr cm^-1),W/(cm^2 cm^-1),W/(m^2 sr um),W/(m^2 um),value_si=value_native*1e8/(wavelength_um^2),2973.0,3.3636057854019508,0.5387,9.99e-07,8.829890271000002,1.85e-06,16.35164865
mwir_std_solar_direct,D:\HwaSimIR\HwaSim_IR\Bin\Config\Atmosphere\MODTRAN\raw\audit_mwir_standard_20260906\mwir_std_solar_direct\MODOUT2.txt,W/(cm^2 sr cm^-1),W/(cm^2 cm^-1),W/(m^2 sr um),W/(m^2 um),value_si=value_native*1e8/(wavelength_um^2),2974.0,3.3624747814391394,0.8735,1.62e-06,14.32837512,1.86e-06,16.45109736
mwir_std_solar_direct,D:\HwaSimIR\HwaSim_IR\Bin\Config\Atmosphere\MODTRAN\raw\audit_mwir_standard_20260906\mwir_std_solar_direct\MODOUT2.txt,W/(cm^2 sr cm^-1),W/(cm^2 cm^-1),W/(m^2 sr um),W/(m^2 um),value_si=value_native*1e8/(wavelength_um^2),2975.0,3.361344537815126,0.5987,1.12e-06,9.912700000000001,1.86e-06,16.4621625
mwir_std_solar_direct,D:\HwaSimIR\HwaSim_IR\Bin\Config\Atmosphere\MODTRAN\raw\audit_mwir_standard_20260906\mwir_std_solar_direct\MODOUT2.txt,W/(cm^2 sr cm^-1),W/(cm^2 cm^-1),W/(m^2 sr um),W/(m^2 um),value_si=value_native*1e8/(wavelength_um^2),2976.0,3.360215053763441,0.9309,1.73e-06,15.32187648,1.86e-06,16.47323136
mwir_std_solar_direct,D:\HwaSimIR\HwaSim_IR\Bin\Config\Atmosphere\MODTRAN\raw\audit_mwir_standard_20260906\mwir_std_solar_direct\MODOUT2.txt,W/(cm^2 sr cm^-1),W/(cm^2 cm^-1),W/(m^2 sr um),W/(m^2 um),value_si=value_native*1e8/(wavelength_um^2),2977.0,3.359086328518643,0.9301,1.73e-06,15.332175169999998,1.86e-06,16.484303939999997
mwir_std_solar_direct,D:\HwaSimIR\HwaSim_IR\Bin\Config\Atmosphere\MODTRAN\raw\audit_mwir_standard_20260906\mwir_std_solar_direct\MODOUT2.txt,W/(cm^2 sr cm^-1),W/(cm^2 cm^-1),W/(m^2 sr um),W/(m^2 um),value_si=value_native*1e8/(wavelength_um^2),2978.0,3.3579583613163195,0.4973,9.28e-07,8.229953152000002,1.87e-06,16.584065080000002
mwir_std_solar_direct,D:\HwaSimIR\HwaSim_IR\Bin\Config\Atmosphere\MODTRAN\raw\audit_mwir_standard_20260906\mwir_std_solar_direct\MODOUT2.txt,W/(cm^2 sr cm^-1),W/(cm^2 cm^-1),W/(m^2 sr um),W/(m^2 um),value_si=value_native*1e8/(wavelength_um^2),2979.0,3.356831151393085,0.1755,3.27e-07,2.9019422070000003,1.87e-06,16.59520467
mwir_std_solar_direct,D:\HwaSimIR\HwaSim_IR\Bin\Config\Atmosphere\MODTRAN\raw\audit_mwir_standard_20260906\mwir_std_solar_direct\MODOUT2.txt,W/(cm^2 sr cm^-1),W/(cm^2 cm^-1),W/(m^2 sr um),W/(m^2 um),value_si=value_native*1e8/(wavelength_um^2),2980.0,3.3557046979865772,0.6816,1.27e-06,11.278107999999998,1.86e-06,16.517543999999997
mwir_std_solar_direct,D:\HwaSimIR\HwaSim_IR\Bin\Config\Atmosphere\MODTRAN\raw\audit_mwir_standard_20260906\mwir_std_solar_direct\MODOUT2.txt,W/(cm^2 sr cm^-1),W/(cm^2 cm^-1),W/(m^2 sr um),W/(m^2 um),value_si=value_native*1e8/(wavelength_um^2),2981.0,3.354579000335458,0.7462,1.39e-06,12.35204179,1.87e-06,16.617495069999997
mwir_std_solar_direct,D:\HwaSimIR\HwaSim_IR\Bin\Config\Atmosphere\MODTRAN\raw\audit_mwir_standard_20260906\mwir_std_solar_direct\MODOUT2.txt,W/(cm^2 sr cm^-1),W/(cm^2 cm^-1),W/(m^2 sr um),W/(m^2 um),value_si=value_native*1e8/(wavelength_um^2),2982.0,3.35345405767941,0.8973,1.67e-06,14.850181079999999,1.87e-06,16.62864588
mwir_std_solar_direct,D:\HwaSimIR\HwaSim_IR\Bin\Config\Atmosphere\MODTRAN\raw\audit_mwir_standard_20260906\mwir_std_solar_direct\MODOUT2.txt,W/(cm^2 sr cm^-1),W/(cm^2 cm^-1),W/(m^2 sr um),W/(m^2 um),value_si=value_native*1e8/(wavelength_um^2),2983.0,3.352329869259135,0.9337,1.74e-06,15.483022860000002,1.86e-06,16.55081754
mwir_std_solar_direct,D:\HwaSimIR\HwaSim_IR\Bin\Config\Atmosphere\MODTRAN\raw\audit_mwir_standard_20260906\mwir_std_solar_direct\MODOUT2.txt,W/(cm^2 sr cm^-1),W/(cm^2 cm^-1),W/(m^2 sr um),W/(m^2 um),value_si=value_native*1e8/(wavelength_um^2),2984.0,3.351206434316354,0.6979,1.3e-06,11.5755328,1.87e-06,16.65095872
mwir_std_solar_direct,D:\HwaSimIR\HwaSim_IR\Bin\Config\Atmosphere\MODTRAN\raw\audit_mwir_standard_20260906\mwir_std_solar_direct\MODOUT2.txt,W/(cm^2 sr cm^-1),W/(cm^2 cm^-1),W/(m^2 sr um),W/(m^2 um),value_si=value_native*1e8/(wavelength_um^2),2985.0,3.3500837520938025,0.9469,1.77e-06,15.77109825,1.87e-06,16.66212075
mwir_std_solar_direct,D:\HwaSimIR\HwaSim_IR\Bin\Config\Atmosphere\MODTRAN\raw\audit_mwir_standard_20260906\mwir_std_solar_direct\MODOUT2.txt,W/(cm^2 sr cm^-1),W/(cm^2 cm^-1),W/(m^2 sr um),W/(m^2 um),value_si=value_native*1e8/(wavelength_um^2),2986.0,3.348961821835231,0.9633,1.8e-06,16.049152799999998,1.87e-06,16.673286519999998
mwir_std_solar_direct,D:\HwaSimIR\HwaSim_IR\Bin\Config\Atmosphere\MODTRAN\raw\audit_mwir_standard_20260906\mwir_std_solar_direct\MODOUT2.txt,W/(cm^2 sr cm^-1),W/(cm^2 cm^-1),W/(m^2 sr um),W/(m^2 um),value_si=value_native*1e8/(wavelength_um^2),2987.0,3.3478406427854033,0.8556,1.6e-06,14.275470400000001,1.87e-06,16.68445603
mwir_std_solar_direct,D:\HwaSimIR\HwaSim_IR\Bin\Config\Atmosphere\MODTRAN\raw\audit_mwir_standard_20260906\mwir_std_solar_direct\MODOUT2.txt,W/(cm^2 sr cm^-1),W/(cm^2 cm^-1),W/(m^2 sr um),W/(m^2 um),value_si=value_native*1e8/(wavelength_um^2),2988.0,3.3467202141900936,0.5221,9.8e-07,8.74958112,1.88e-06,16.78491072
mwir_std_solar_direct,D:\HwaSimIR\HwaSim_IR\Bin\Config\Atmosphere\MODTRAN\raw\audit_mwir_standard_20260906\mwir_std_solar_direct\MODOUT2.txt,W/(cm^2 sr cm^-1),W/(cm^2 cm^-1),W/(m^2 sr um),W/(m^2 um),value_si=value_native*1e8/(wavelength_um^2),2989.0,3.345600535296086,0.2149,4.04e-07,3.6093848839999993,1.88e-06,16.79614748
mwir_std_solar_direct,D:\HwaSimIR\HwaSim_IR\Bin\Config\Atmosphere\MODTRAN\raw\audit_mwir_standard_20260906\mwir_std_solar_direct\MODOUT2.txt,W/(cm^2 sr cm^-1),W/(cm^2 cm^-1),W/(m^2 sr um),W/(m^2 um),value_si=value_native*1e8/(wavelength_um^2),2990.0,3.3444816053511706,0.8494,1.6e-06,14.304160000000001,1.88e-06,16.807388
mwir_std_solar_direct,D:\HwaSimIR\HwaSim_IR\Bin\Config\Atmosphere\MODTRAN\raw\audit_mwir_standard_20260906\mwir_std_solar_direct\MODOUT2.txt,W/(cm^2 sr cm^-1),W/(cm^2 cm^-1),W/(m^2 sr um),W/(m^2 um),value_si=value_native*1e8/(wavelength_um^2),2991.0,3.3433634236041456,0.9402,1.76e-06,15.745102560000001,1.88e-06,16.818632280000003
mwir_std_solar_direct,D:\HwaSimIR\HwaSim_IR\Bin\Config\Atmosphere\MODTRAN\raw\audit_mwir_standard_20260906\mwir_std_solar_direct\MODOUT2.txt,W/(cm^2 sr cm^-1),W/(cm^2 cm^-1),W/(m^2 sr um),W/(m^2 um),value_si=value_native*1e8/(wavelength_um^2),2992.0,3.342245989304813,0.6142,1.15e-06,10.294873599999999,1.88e-06,16.829880319999997
mwir_std_solar_direct,D:\HwaSimIR\HwaSim_IR\Bin\Config\Atmosphere\MODTRAN\raw\audit_mwir_standard_20260906\mwir_std_solar_direct\MODOUT2.txt,W/(cm^2 sr cm^-1),W/(cm^2 cm^-1),W/(m^2 sr um),W/(m^2 um),value_si=value_native*1e8/(wavelength_um^2),2993.0,3.341129301703976,0.8016,1.5e-06,13.437073499999999,1.88e-06,16.84113212
mwir_std_solar_direct,D:\HwaSimIR\HwaSim_IR\Bin\Config\Atmosphere\MODTRAN\raw\audit_mwir_standard_20260906\mwir_std_solar_direct\MODOUT2.txt,W/(cm^2 sr cm^-1),W/(cm^2 cm^-1),W/(m^2 sr um),W/(m^2 um),value_si=value_native*1e8/(wavelength_um^2),2994.0,3.3400133600534403,0.4808,9.03e-07,8.094524508,1.88e-06,16.85238768
mwir_std_solar_direct,D:\HwaSimIR\HwaSim_IR\Bin\Config\Atmosphere\MODTRAN\raw\audit_mwir_standard_20260906\mwir_std_solar_direct\MODOUT2.txt,W/(cm^2 sr cm^-1),W/(cm^2 cm^-1),W/(m^2 sr um),W/(m^2 um),value_si=value_native*1e8/(wavelength_um^2),2995.0,3.33889816360601,0.6743,1.27e-06,11.39193175,1.88e-06,16.863647
mwir_std_solar_direct,D:\HwaSimIR\HwaSim_IR\Bin\Config\Atmosphere\MODTRAN\raw\audit_mwir_standard_20260906\mwir_std_solar_direct\MODOUT2.txt,W/(cm^2 sr cm^-1),W/(cm^2 cm^-1),W/(m^2 sr um),W/(m^2 um),value_si=value_native*1e8/(wavelength_um^2),2996.0,3.3377837116154874,0.9431,1.78e-06,15.977308479999998,1.88e-06,16.87491008
mwir_std_solar_direct,D:\HwaSimIR\HwaSim_IR\Bin\Config\Atmosphere\MODTRAN\raw\audit_mwir_standard_20260906\mwir_std_solar_direct\MODOUT2.txt,W/(cm^2 sr cm^-1),W/(cm^2 cm^-1),W/(m^2 sr um),W/(m^2 um),value_si=value_native*1e8/(wavelength_um^2),2997.0,3.33667000333667,0.9572,1.81e-06,16.25743629,1.89e-06,16.97599701
mwir_std_solar_direct,D:\HwaSimIR\HwaSim_IR\Bin\Config\Atmosphere\MODTRAN\raw\audit_mwir_standard_20260906\mwir_std_solar_direct\MODOUT2.txt,W/(cm^2 sr cm^-1),W/(cm^2 cm^-1),W/(m^2 sr um),W/(m^2 um),value_si=value_native*1e8/(wavelength_um^2),2998.0,3.33555703802535,0.914,1.72e-06,15.459366880000003,1.89e-06,16.987327560000004
mwir_std_solar_direct,D:\HwaSimIR\HwaSim_IR\Bin\Config\Atmosphere\MODTRAN\raw\audit_mwir_standard_20260906\mwir_std_solar_direct\MODOUT2.txt,W/(cm^2 sr cm^-1),W/(cm^2 cm^-1),W/(m^2 sr um),W/(m^2 um),value_si=value_native*1e8/(wavelength_um^2),2999.0,3.334444814938313,0.525,9.91e-07,8.913054991,1.89e-06,16.99866189
mwir_std_solar_direct,D:\HwaSimIR\HwaSim_IR\Bin\Config\Atmosphere\MODTRAN\raw\audit_mwir_standard_20260906\mwir_std_solar_direct\MODOUT2.txt,W/(cm^2 sr cm^-1),W/(cm^2 cm^-1),W/(m^2 sr um),W/(m^2 um),value_si=value_native*1e8/(wavelength_um^2),3000.0,3.3333333333333335,0.939,1.77e-06,15.929999999999998,1.89e-06,17.009999999999998
mwir_std_solar_direct,D:\HwaSimIR\HwaSim_IR\Bin\Config\Atmosphere\MODTRAN\raw\audit_mwir_standard_20260906\mwir_std_solar_direct\MODOUT2.txt,W/(cm^2 sr cm^-1),W/(cm^2 cm^-1),W/(m^2 sr um),W/(m^2 um),value_si=value_native*1e8/(wavelength_um^2),3001.0,3.332222592469177,0.9343,1.77e-06,15.940621769999998,1.89e-06,17.02134189
mwir_std_solar_direct,D:\HwaSimIR\HwaSim_IR\Bin\Config\Atmosphere\MODTRAN\raw\audit_mwir_standard_20260906\mwir_std_solar_direct\MODOUT2.txt,W/(cm^2 sr cm^-1),W/(cm^2 cm^-1),W/(m^2 sr um),W/(m^2 um),value_si=value_native*1e8/(wavelength_um^2),3002.0,3.331112591605596,0.9398,1.78e-06,16.041367120000004,1.89e-06,17.032687560000003
mwir_std_solar_direct,D:\HwaSimIR\HwaSim_IR\Bin\Config\Atmosphere\MODTRAN\raw\audit_mwir_standard_20260906\mwir_std_solar_direct\MODOUT2.txt,W/(cm^2 sr cm^-1),W/(cm^2 cm^-1),W/(m^2 sr um),W/(m^2 um),value_si=value_native*1e8/(wavelength_um^2),3003.0,3.33000333000333,0.8022,1.52e-06,13.70737368,1.89e-06,17.04403701
mwir_std_solar_direct,D:\HwaSimIR\HwaSim_IR\Bin\Config\Atmosphere\MODTRAN\raw\audit_mwir_standard_20260906\mwir_std_solar_direct\MODOUT2.txt,W/(cm^2 sr cm^-1),W/(cm^2 cm^-1),W/(m^2 sr um),W/(m^2 um),value_si=value_native*1e8/(wavelength_um^2),3004.0,3.3288948069241013,0.4071,7.71e-07,6.9575163359999985,1.89e-06,17.055390239999998
mwir_std_solar_direct,D:\HwaSimIR\HwaSim_IR\Bin\Config\Atmosphere\MODTRAN\raw\audit_mwir_standard_20260906\mwir_std_solar_direct\MODOUT2.txt,W/(cm^2 sr cm^-1),W/(cm^2 cm^-1),W/(m^2 sr um),W/(m^2 um),value_si=value_native*1e8/(wavelength_um^2),3005.0,3.327787021630616,0.4219,7.99e-07,7.214989974999999,1.89e-06,17.06674725
mwir_std_solar_direct,D:\HwaSimIR\HwaSim_IR\Bin\Config\Atmosphere\MODTRAN\raw\audit_mwir_standard_20260906\mwir_std_solar_direct\MODOUT2.txt,W/(cm^2 sr cm^-1),W/(cm^2 cm^-1),W/(m^2 sr um),W/(m^2 um),value_si=value_native*1e8/(wavelength_um^2),3006.0,3.32667997338656,0.8179,1.55e-06,14.0058558,1.89e-06,17.07810804
mwir_std_solar_direct,D:\HwaSimIR\HwaSim_IR\Bin\Config\Atmosphere\MODTRAN\raw\audit_mwir_standard_20260906\mwir_std_solar_direct\MODOUT2.txt,W/(cm^2 sr cm^-1),W/(cm^2 cm^-1),W/(m^2 sr um),W/(m^2 um),value_si=value_native*1e8/(wavelength_um^2),3007.0,3.3255736614566014,0.6439,1.22e-06,11.03129978,1.89e-06,17.08947261
mwir_std_solar_direct,D:\HwaSimIR\HwaSim_IR\Bin\Config\Atmosphere\MODTRAN\raw\audit_mwir_standard_20260906\mwir_std_solar_direct\MODOUT2.txt,W/(cm^2 sr cm^-1),W/(cm^2 cm^-1),W/(m^2 sr um),W/(m^2 um),value_si=value_native*1e8/(wavelength_um^2),3008.0,3.324468085106383,0.6165,1.17e-06,10.586234880000001,1.9e-06,17.191321600000002
mwir_std_solar_direct,D:\HwaSimIR\HwaSim_IR\Bin\Config\Atmosphere\MODTRAN\raw\audit_mwir_standard_20260906\mwir_std_solar_direct\MODOUT2.txt,W/(cm^2 sr cm^-1),W/(cm^2 cm^-1),W/(m^2 sr um),W/(m^2 um),value_si=value_native*1e8/(wavelength_um^2),3009.0,3.3233632436025258,0.4993,9.45e-07,8.556106545,1.89e-06,17.11221309
mwir_std_solar_direct,D:\HwaSimIR\HwaSim_IR\Bin\Config\Atmosphere\MODTRAN\raw\audit_mwir_standard_20260906\mwir_std_solar_direct\MODOUT2.txt,W/(cm^2 sr cm^-1),W/(cm^2 cm^-1),W/(m^2 sr um),W/(m^2 um),value_si=value_native*1e8/(wavelength_um^2),3010.0,3.3222591362126246,0.1973,3.69e-07,3.3431769,1.87e-06,16.942387
mwir_std_solar_direct,D:\HwaSimIR\HwaSim_IR\Bin\Config\Atmosphere\MODTRAN\raw\audit_mwir_standard_20260906\mwir_std_solar_direct\MODOUT2.txt,W/(cm^2 sr cm^-1),W/(cm^2 cm^-1),W/(m^2 sr um),W/(m^2 um),value_si=value_native*1e8/(wavelength_um^2),3011.0,3.3211557622052474,0.3474,6.49e-07,5.883912528999999,1.87e-06,16.95364627
mwir_std_solar_direct,D:\HwaSimIR\HwaSim_IR\Bin\Config\Atmosphere\MODTRAN\raw\audit_mwir_standard_20260906\mwir_std_solar_direct\MODOUT2.txt,W/(cm^2 sr cm^-1),W/(cm^2 cm^-1),W/(m^2 sr um),W/(m^2 um),value_si=value_native*1e8/(wavelength_um^2),3012.0,3.3200531208499338,0.2426,4.53e-07,4.109681232,1.87e-06,16.96490928
mwir_std_solar_direct,D:\HwaSimIR\HwaSim_IR\Bin\Config\Atmosphere\MODTRAN\raw\audit_mwir_standard_20260906\mwir_std_solar_direct\MODOUT2.txt,W/(cm^2 sr cm^-1),W/(cm^2 cm^-1),W/(m^2 sr um),W/(m^2 um),value_si=value_native*1e8/(wavelength_um^2),3013.0,3.318951211417192,0.1049,1.96e-07,1.7793211240000004,1.86e-06,16.885394340000005
mwir_std_solar_direct,D:\HwaSimIR\HwaSim_IR\Bin\Config\Atmosphere\MODTRAN\raw\audit_mwir_standard_20260906\mwir_std_solar_direct\MODOUT2.txt,W/(cm^2 sr cm^-1),W/(cm^2 cm^-1),W/(m^2 sr um),W/(m^2 um),value_si=value_native*1e8/(wavelength_um^2),3014.0,3.3178500331785004,0.1131,2.11e-07,1.9167653560000002,1.87e-06,16.98744652
mwir_std_solar_direct,D:\HwaSimIR\HwaSim_IR\Bin\Config\Atmosphere\MODTRAN\raw\audit_mwir_standard_20260906\mwir_std_solar_direct\MODOUT2.txt,W/(cm^2 sr cm^-1),W/(cm^2 cm^-1),W/(m^2 sr um),W/(m^2 um),value_si=value_native*1e8/(wavelength_um^2),3015.0,3.316749585406302,0.0651,1.23e-07,1.118097675,1.9e-06,17.271427499999998
mwir_std_solar_direct,D:\HwaSimIR\HwaSim_IR\Bin\Config\Atmosphere\MODTRAN\raw\audit_mwir_standard_20260906\mwir_std_solar_direct\MODOUT2.txt,W/(cm^2 sr cm^-1),W/(cm^2 cm^-1),W/(m^2 sr um),W/(m^2 um),value_si=value_native*1e8/(wavelength_um^2),3016.0,3.315649867374005,0.019,3.61e-08,0.3283748416,1.9e-06,17.282886400000002
mwir_std_solar_direct,D:\HwaSimIR\HwaSim_IR\Bin\Config\Atmosphere\MODTRAN\raw\audit_mwir_standard_20260906\mwir_std_solar_direct\MODOUT2.txt,W/(cm^2 sr cm^-1),W/(cm^2 cm^-1),W/(m^2 sr um),W/(m^2 um),value_si=value_native*1e8/(wavelength_um^2),3017.0,3.3145508783559827,0.0032,6.03e-09,0.05488680267,1.91e-06,17.38537199
mwir_std_solar_direct,D:\HwaSimIR\HwaSim_IR\Bin\Config\Atmosphere\MODTRAN\raw\audit_mwir_standard_20260906\mwir_std_solar_direct\MODOUT2.txt,W/(cm^2 sr cm^-1),W/(cm^2 cm^-1),W/(m^2 sr um),W/(m^2 um),value_si=value_native*1e8/(wavelength_um^2),3018.0,3.313452617627568,0.0034,6.56e-09,0.05975060543999999,1.91e-06,17.39689884
mwir_std_solar_direct,D:\HwaSimIR\HwaSim_IR\Bin\Config\Atmosphere\MODTRAN\raw\audit_mwir_standard_20260906\mwir_std_solar_direct\MODOUT2.txt,W/(cm^2 sr cm^-1),W/(cm^2 cm^-1),W/(m^2 sr um),W/(m^2 um),value_si=value_native*1e8/(wavelength_um^2),3019.0,3.3123550844650547,0.3147,6e-07,5.4686166,1.91e-06,17.408429509999998
mwir_std_solar_direct,D:\HwaSimIR\HwaSim_IR\Bin\Config\Atmosphere\MODTRAN\raw\audit_mwir_standard_20260906\mwir_std_solar_direct\MODOUT2.txt,W/(cm^2 sr cm^-1),W/(cm^2 cm^-1),W/(m^2 sr um),W/(m^2 um),value_si=value_native*1e8/(wavelength_um^2),3020.0,3.3112582781456954,0.8002,1.53e-06,13.954211999999998,1.91e-06,17.419964
mwir_std_solar_direct,D:\HwaSimIR\HwaSim_IR\Bin\Config\Atmosphere\MODTRAN\raw\audit_mwir_standard_20260906\mwir_std_solar_direct\MODOUT2.txt,W/(cm^2 sr cm^-1),W/(cm^2 cm^-1),W/(m^2 sr um),W/(m^2 um),value_si=value_native*1e8/(wavelength_um^2),3021.0,3.3101621979476996,0.4854,9.27e-07,8.460210807,1.91e-06,17.431502309999996
mwir_std_solar_direct,D:\HwaSimIR\HwaSim_IR\Bin\Config\Atmosphere\MODTRAN\raw\audit_mwir_standard_20260906\mwir_std_solar_direct\MODOUT2.txt,W/(cm^2 sr cm^-1),W/(cm^2 cm^-1),W/(m^2 sr um),W/(m^2 um),value_si=value_native*1e8/(wavelength_um^2),3022.0,3.3090668431502315,0.5938,1.14e-06,10.411031760000002,1.91e-06,17.44304444
mwir_std_solar_direct,D:\HwaSimIR\HwaSim_IR\Bin\Config\Atmosphere\MODTRAN\raw\audit_mwir_standard_20260906\mwir_std_solar_direct\MODOUT2.txt,W/(cm^2 sr cm^-1),W/(cm^2 cm^-1),W/(m^2 sr um),W/(m^2 um),value_si=value_native*1e8/(wavelength_um^2),3023.0,3.3079722130334104,0.7665,1.47e-06,13.433637630000002,1.92e-06,17.545975679999998
mwir_std_solar_direct,D:\HwaSimIR\HwaSim_IR\Bin\Config\Atmosphere\MODTRAN\raw\audit_mwir_standard_20260906\mwir_std_solar_direct\MODOUT2.txt,W/(cm^2 sr cm^-1),W/(cm^2 cm^-1),W/(m^2 sr um),W/(m^2 um),value_si=value_native*1e8/(wavelength_um^2),3024.0,3.306878306878307,0.8944,1.71e-06,15.637224959999998,1.92e-06,17.557585919999994
mwir_std_solar_direct,D:\HwaSimIR\HwaSim_IR\Bin\Config\Atmosphere\MODTRAN\raw\audit_mwir_standard_20260906\mwir_std_solar_direct\MODOUT2.txt,W/(cm^2 sr cm^-1),W/(cm^2 cm^-1),W/(m^2 sr um),W/(m^2 um),value_si=value_native*1e8/(wavelength_um^2),3025.0,3.3057851239669422,0.6978,1.34e-06,12.261837499999999,1.92e-06,17.569199999999995
mwir_std_solar_direct,D:\HwaSimIR\HwaSim_IR\Bin\Config\Atmosphere\MODTRAN\raw\audit_mwir_standard_20260906\mwir_std_solar_direct\MODOUT2.txt,W/(cm^2 sr cm^-1),W/(cm^2 cm^-1),W/(m^2 sr um),W/(m^2 um),value_si=value_native*1e8/(wavelength_um^2),3026.0,3.3046926635822866,0.3428,6.56e-07,6.006779456000001,1.92e-06,17.580817919999998
mwir_std_solar_direct,D:\HwaSimIR\HwaSim_IR\Bin\Config\Atmosphere\MODTRAN\raw\audit_mwir_standard_20260906\mwir_std_solar_direct\MODOUT2.txt,W/(cm^2 sr cm^-1),W/(cm^2 cm^-1),W/(m^2 sr um),W/(m^2 um),value_si=value_native*1e8/(wavelength_um^2),3027.0,3.303600925008259,0.8672,1.66e-06,15.210130139999997,1.91e-06,17.500812389999997
mwir_std_solar_direct,D:\HwaSimIR\HwaSim_IR\Bin\Config\Atmosphere\MODTRAN\raw\audit_mwir_standard_20260906\mwir_std_solar_direct\MODOUT2.txt,W/(cm^2 sr cm^-1),W/(cm^2 cm^-1),W/(m^2 sr um),W/(m^2 um),value_si=value_native*1e8/(wavelength_um^2),3028.0,3.3025099075297226,0.8478,1.62e-06,14.853430079999999,1.91e-06,17.512377439999998
mwir_std_solar_direct,D:\HwaSimIR\HwaSim_IR\Bin\Config\Atmosphere\MODTRAN\raw\audit_mwir_standard_20260906\mwir_std_solar_direct\MODOUT2.txt,W/(cm^2 sr cm^-1),W/(cm^2 cm^-1),W/(m^2 sr um),W/(m^2 um),value_si=value_native*1e8/(wavelength_um^2),3029.0,3.301419610432486,0.5329,1.02e-06,9.358337820000001,1.91e-06,17.52394631
mwir_std_solar_direct,D:\HwaSimIR\HwaSim_IR\Bin\Config\Atmosphere\MODTRAN\raw\audit_mwir_standard_20260906\mwir_std_solar_direct\MODOUT2.txt,W/(cm^2 sr cm^-1),W/(cm^2 cm^-1),W/(m^2 sr um),W/(m^2 um),value_si=value_native*1e8/(wavelength_um^2),3030.0,3.3003300330033003,0.5422,1.03e-06,9.456327000000002,1.9e-06,17.44371
mwir_std_solar_direct,D:\HwaSimIR\HwaSim_IR\Bin\Config\Atmosphere\MODTRAN\raw\audit_mwir_standard_20260906\mwir_std_solar_direct\MODOUT2.txt,W/(cm^2 sr cm^-1),W/(cm^2 cm^-1),W/(m^2 sr um),W/(m^2 um),value_si=value_native*1e8/(wavelength_um^2),3031.0,3.299241174529858,0.1876,3.53e-07,3.242997233,1.88e-06,17.271486680000002
mwir_std_solar_direct,D:\HwaSimIR\HwaSim_IR\Bin\Config\Atmosphere\MODTRAN\raw\audit_mwir_standard_20260906\mwir_std_solar_direct\MODOUT2.txt,W/(cm^2 sr cm^-1),W/(cm^2 cm^-1),W/(m^2 sr um),W/(m^2 um),value_si=value_native*1e8/(wavelength_um^2),3032.0,3.2981530343007917,0.1192,2.23e-07,2.050044352,1.87e-06,17.190954879999996
mwir_std_solar_direct,D:\HwaSimIR\HwaSim_IR\Bin\Config\Atmosphere\MODTRAN\raw\audit_mwir_standard_20260906\mwir_std_solar_direct\MODOUT2.txt,W/(cm^2 sr cm^-1),W/(cm^2 cm^-1),W/(m^2 sr um),W/(m^2 um),value_si=value_native*1e8/(wavelength_um^2),3033.0,3.297065611605671,0.7519,1.41e-06,12.97071549,1.87e-06,17.20229643
mwir_std_solar_direct,D:\HwaSimIR\HwaSim_IR\Bin\Config\Atmosphere\MODTRAN\raw\audit_mwir_standard_20260906\mwir_std_solar_direct\MODOUT2.txt,W/(cm^2 sr cm^-1),W/(cm^2 cm^-1),W/(m^2 sr um),W/(m^2 um),value_si=value_native*1e8/(wavelength_um^2),3034.0,3.2959789057350033,0.2728,5.11e-07,4.703834715999999,1.87e-06,17.21364172
mwir_std_solar_direct,D:\HwaSimIR\HwaSim_IR\Bin\Config\Atmosphere\MODTRAN\raw\audit_mwir_standard_20260906\mwir_std_solar_direct\MODOUT2.txt,W/(cm^2 sr cm^-1),W/(cm^2 cm^-1),W/(m^2 sr um),W/(m^2 um),value_si=value_native*1e8/(wavelength_um^2),3035.0,3.2948929159802307,0.5968,1.13e-06,10.408684249999999,1.89e-06,17.40921525
mwir_std_solar_direct,D:\HwaSimIR\HwaSim_IR\Bin\Config\Atmosphere\MODTRAN\raw\audit_mwir_standard_20260906\mwir_std_solar_direct\MODOUT2.txt,W/(cm^2 sr cm^-1),W/(cm^2 cm^-1),W/(m^2 sr um),W/(m^2 um),value_si=value_native*1e8/(wavelength_um^2),3036.0,3.2938076416337285,0.5022,9.54e-07,8.793300384000002,1.9e-06,17.512862400000003
mwir_std_solar_direct,D:\HwaSimIR\HwaSim_IR\Bin\Config\Atmosphere\MODTRAN\raw\audit_mwir_standard_20260906\mwir_std_solar_direct\MODOUT2.txt,W/(cm^2 sr cm^-1),W/(cm^2 cm^-1),W/(m^2 sr um),W/(m^2 um),value_si=value_native*1e8/(wavelength_um^2),3037.0,3.2927230819888047,0.8666,1.66e-06,15.310792540000001,1.91e-06,17.616634790000003
mwir_std_solar_direct,D:\HwaSimIR\HwaSim_IR\Bin\Config\Atmosphere\MODTRAN\raw\audit_mwir_standard_20260906\mwir_std_solar_direct\MODOUT2.txt,W/(cm^2 sr cm^-1),W/(cm^2 cm^-1),W/(m^2 sr um),W/(m^2 um),value_si=value_native*1e8/(wavelength_um^2),3038.0,3.291639236339697,0.6798,1.3e-06,11.9982772,1.92e-06,17.72053248
mwir_std_solar_direct,D:\HwaSimIR\HwaSim_IR\Bin\Config\Atmosphere\MODTRAN\raw\audit_mwir_standard_20260906\mwir_std_solar_direct\MODOUT2.txt,W/(cm^2 sr cm^-1),W/(cm^2 cm^-1),W/(m^2 sr um),W/(m^2 um),value_si=value_native*1e8/(wavelength_um^2),3039.0,3.2905561039815727,0.801,1.54e-06,14.222702340000001,1.92e-06,17.73220032
mwir_std_solar_direct,D:\HwaSimIR\HwaSim_IR\Bin\Config\Atmosphere\MODTRAN\raw\audit_mwir_standard_20260906\mwir_std_solar_direct\MODOUT2.txt,W/(cm^2 sr cm^-1),W/(cm^2 cm^-1),W/(m^2 sr um),W/(m^2 um),value_si=value_native*1e8/(wavelength_um^2),3040.0,3.289473684210526,0.9336,1.8e-06,16.634880000000003,1.93e-06,17.836288000000003
mwir_std_solar_direct,D:\HwaSimIR\HwaSim_IR\Bin\Config\Atmosphere\MODTRAN\raw\audit_mwir_standard_20260906\mwir_std_solar_direct\MODOUT2.txt,W/(cm^2 sr cm^-1),W/(cm^2 cm^-1),W/(m^2 sr um),W/(m^2 um),value_si=value_native*1e8/(wavelength_um^2),3041.0,3.288391976323578,0.9415,1.82e-06,16.83077942,1.93e-06,17.84802433
mwir_std_solar_direct,D:\HwaSimIR\HwaSim_IR\Bin\Config\Atmosphere\MODTRAN\raw\audit_mwir_standard_20260906\mwir_std_solar_direct\MODOUT2.txt,W/(cm^2 sr cm^-1),W/(cm^2 cm^-1),W/(m^2 sr um),W/(m^2 um),value_si=value_native*1e8/(wavelength_um^2),3042.0,3.287310979618672,0.9267,1.79e-06,16.56423756,1.93e-06,17.85976452
mwir_std_solar_direct,D:\HwaSimIR\HwaSim_IR\Bin\Config\Atmosphere\MODTRAN\raw\audit_mwir_standard_20260906\mwir_std_solar_direct\MODOUT2.txt,W/(cm^2 sr cm^-1),W/(cm^2 cm^-1),W/(m^2 sr um),W/(m^2 um),value_si=value_native*1e8/(wavelength_um^2),3043.0,3.286230693394676,0.9337,1.81e-06,16.760326690000003,1.93e-06,17.871508570000007
mwir_std_solar_direct,D:\HwaSimIR\HwaSim_IR\Bin\Config\Atmosphere\MODTRAN\raw\audit_mwir_standard_20260906\mwir_std_solar_direct\MODOUT2.txt,W/(cm^2 sr cm^-1),W/(cm^2 cm^-1),W/(m^2 sr um),W/(m^2 um),value_si=value_native*1e8/(wavelength_um^2),3044.0,3.2851511169513796,0.9147,1.77e-06,16.400706720000002,1.94e-06,17.975915840000003
mwir_std_solar_direct,D:\HwaSimIR\HwaSim_IR\Bin\Config\Atmosphere\MODTRAN\raw\audit_mwir_standard_20260906\mwir_std_solar_direct\MODOUT2.txt,W/(cm^2 sr cm^-1),W/(cm^2 cm^-1),W/(m^2 sr um),W/(m^2 um),value_si=value_native*1e8/(wavelength_um^2),3045.0,3.284072249589491,0.9392,1.82e-06,16.8750855,1.93e-06,17.895008250000004
mwir_std_solar_direct,D:\HwaSimIR\HwaSim_IR\Bin\Config\Atmosphere\MODTRAN\raw\audit_mwir_standard_20260906\mwir_std_solar_direct\MODOUT2.txt,W/(cm^2 sr cm^-1),W/(cm^2 cm^-1),W/(m^2 sr um),W/(m^2 um),value_si=value_native*1e8/(wavelength_um^2),3046.0,3.2829940906106367,0.937,1.81e-06,16.793389960000003,1.93e-06,17.906763880000003
mwir_std_solar_direct,D:\HwaSimIR\HwaSim_IR\Bin\Config\Atmosphere\MODTRAN\raw\audit_mwir_standard_20260906\mwir_std_solar_direct\MODOUT2.txt,W/(cm^2 sr cm^-1),W/(cm^2 cm^-1),W/(m^2 sr um),W/(m^2 um),value_si=value_native*1e8/(wavelength_um^2),3047.0,3.2819166393173616,0.8925,1.73e-06,16.061681569999998,1.94e-06,18.011365459999997
mwir_std_solar_direct,D:\HwaSimIR\HwaSim_IR\Bin\Config\Atmosphere\MODTRAN\raw\audit_mwir_standard_20260906\mwir_std_solar_direct\MODOUT2.txt,W/(cm^2 sr cm^-1),W/(cm^2 cm^-1),W/(m^2 sr um),W/(m^2 um),value_si=value_native*1e8/(wavelength_um^2),3048.0,3.2808398950131235,0.3092,5.99e-07,5.5648920959999995,1.94e-06,18.023189759999998
mwir_std_solar_direct,D:\HwaSimIR\HwaSim_IR\Bin\Config\Atmosphere\MODTRAN\raw\audit_mwir_standard_20260906\mwir_std_solar_direct\MODOUT2.txt,W/(cm^2 sr cm^-1),W/(cm^2 cm^-1),W/(m^2 sr um),W/(m^2 um),value_si=value_native*1e8/(wavelength_um^2),3049.0,3.279763857002296,0.114,2.21e-07,2.054504621,1.94e-06,18.03501794
mwir_std_solar_direct,D:\HwaSimIR\HwaSim_IR\Bin\Config\Atmosphere\MODTRAN\raw\audit_mwir_standard_20260906\mwir_std_solar_direct\MODOUT2.txt,W/(cm^2 sr cm^-1),W/(cm^2 cm^-1),W/(m^2 sr um),W/(m^2 um),value_si=value_native*1e8/(wavelength_um^2),3050.0,3.278688524590164,0.7945,1.54e-06,14.325849999999999,1.94e-06,18.04685
mwir_std_solar_direct,D:\HwaSimIR\HwaSim_IR\Bin\Config\Atmosphere\MODTRAN\raw\audit_mwir_standard_20260906\mwir_std_solar_direct\MODOUT2.txt,W/(cm^2 sr cm^-1),W/(cm^2 cm^-1),W/(m^2 sr um),W/(m^2 um),value_si=value_native*1e8/(wavelength_um^2),3051.0,3.2776138970829236,0.8281,1.61e-06,14.98684761,1.95e-06,18.15177195
mwir_std_solar_direct,D:\HwaSimIR\HwaSim_IR\Bin\Config\Atmosphere\MODTRAN\raw\audit_mwir_standard_20260906\mwir_std_solar_direct\MODOUT2.txt,W/(cm^2 sr cm^-1),W/(cm^2 cm^-1),W/(m^2 sr um),W/(m^2 um),value_si=value_native*1e8/(wavelength_um^2),3052.0,3.2765399737876804,0.8521,1.66e-06,15.46240864,1.95e-06,18.163672799999997
mwir_std_solar_direct,D:\HwaSimIR\HwaSim_IR\Bin\Config\Atmosphere\MODTRAN\raw\audit_mwir_standard_20260906\mwir_std_solar_direct\MODOUT2.txt,W/(cm^2 sr cm^-1),W/(cm^2 cm^-1),W/(m^2 sr um),W/(m^2 um),value_si=value_native*1e8/(wavelength_um^2),3053.0,3.275466754012447,0.8724,1.7e-06,15.8453753,1.95e-06,18.17557755
mwir_std_solar_direct,D:\HwaSimIR\HwaSim_IR\Bin\Config\Atmosphere\MODTRAN\raw\audit_mwir_standard_20260906\mwir_std_solar_direct\MODOUT2.txt,W/(cm^2 sr cm^-1),W/(cm^2 cm^-1),W/(m^2 sr um),W/(m^2 um),value_si=value_native*1e8/(wavelength_um^2),3054.0,3.2743942370661427,0.8535,1.66e-06,15.482680559999999,1.95e-06,18.1874862
mwir_std_solar_direct,D:\HwaSimIR\HwaSim_IR\Bin\Config\Atmosphere\MODTRAN\raw\audit_mwir_standard_20260906\mwir_std_solar_direct\MODOUT2.txt,W/(cm^2 sr cm^-1),W/(cm^2 cm^-1),W/(m^2 sr um),W/(m^2 um),value_si=value_native*1e8/(wavelength_um^2),3055.0,3.2733224222585924,0.7344,1.43e-06,13.34622575,1.95e-06,18.19939875
mwir_std_solar_direct,D:\HwaSimIR\HwaSim_IR\Bin\Config\Atmosphere\MODTRAN\raw\audit_mwir_standard_20260906\mwir_std_solar_direct\MODOUT2.txt,W/(cm^2 sr cm^-1),W/(cm^2 cm^-1),W/(m^2 sr um),W/(m^2 um),value_si=value_native*1e8/(wavelength_um^2),3056.0,3.2722513089005236,0.1846,3.61e-07,3.371428096,1.95e-06,18.211315199999998
mwir_std_solar_direct,D:\HwaSimIR\HwaSim_IR\Bin\Config\Atmosphere\MODTRAN\raw\audit_mwir_standard_20260906\mwir_std_solar_direct\MODOUT2.txt,W/(cm^2 sr cm^-1),W/(cm^2 cm^-1),W/(m^2 sr um),W/(m^2 um),value_si=value_native*1e8/(wavelength_um^2),3057.0,3.271180896303566,0.2307,4.51e-07,4.214707299,1.96e-06,18.31668804
mwir_std_solar_direct,D:\HwaSimIR\HwaSim_IR\Bin\Config\Atmosphere\MODTRAN\raw\audit_mwir_standard_20260906\mwir_std_solar_direct\MODOUT2.txt,W/(cm^2 sr cm^-1),W/(cm^2 cm^-1),W/(m^2 sr um),W/(m^2 um),value_si=value_native*1e8/(wavelength_um^2),3058.0,3.2701111837802483,0.2776,5.43e-07,5.077790652000001,1.96e-06,18.328673440000003
mwir_std_solar_direct,D:\HwaSimIR\HwaSim_IR\Bin\Config\Atmosphere\MODTRAN\raw\audit_mwir_standard_20260906\mwir_std_solar_direct\MODOUT2.txt,W/(cm^2 sr cm^-1),W/(cm^2 cm^-1),W/(m^2 sr um),W/(m^2 um),value_si=value_native*1e8/(wavelength_um^2),3059.0,3.2690421706440014,0.7908,1.55e-06,14.504095549999999,1.96e-06,18.340662759999997
mwir_std_solar_direct,D:\HwaSimIR\HwaSim_IR\Bin\Config\Atmosphere\MODTRAN\raw\audit_mwir_standard_20260906\mwir_std_solar_direct\MODOUT2.txt,W/(cm^2 sr cm^-1),W/(cm^2 cm^-1),W/(m^2 sr um),W/(m^2 um),value_si=value_native*1e8/(wavelength_um^2),3060.0,3.2679738562091503,0.366,7.16e-07,6.704337599999999,1.96e-06,18.352656
mwir_std_solar_direct,D:\HwaSimIR\HwaSim_IR\Bin\Config\Atmosphere\MODTRAN\raw\audit_mwir_standard_20260906\mwir_std_solar_direct\MODOUT2.txt,W/(cm^2 sr cm^-1),W/(cm^2 cm^-1),W/(m^2 sr um),W/(m^2 um),value_si=value_native*1e8/(wavelength_um^2),3061.0,3.266906239790918,0.8026,1.57e-06,14.71046197,1.96e-06,18.364653160000003
mwir_std_solar_direct,D:\HwaSimIR\HwaSim_IR\Bin\Config\Atmosphere\MODTRAN\raw\audit_mwir_standard_20260906\mwir_std_solar_direct\MODOUT2.txt,W/(cm^2 sr cm^-1),W/(cm^2 cm^-1),W/(m^2 sr um),W/(m^2 um),value_si=value_native*1e8/(wavelength_um^2),3062.0,3.2658393207054215,0.8962,1.76e-06,16.50148544,1.96e-06,18.376654239999997
mwir_std_solar_direct,D:\HwaSimIR\HwaSim_IR\Bin\Config\Atmosphere\MODTRAN\raw\audit_mwir_standard_20260906\mwir_std_solar_direct\MODOUT2.txt,W/(cm^2 sr cm^-1),W/(cm^2 cm^-1),W/(m^2 sr um),W/(m^2 um),value_si=value_native*1e8/(wavelength_um^2),3063.0,3.26477309826967,0.8023,1.57e-06,14.729691330000001,1.96e-06,18.388659240000003
mwir_std_solar_direct,D:\HwaSimIR\HwaSim_IR\Bin\Config\Atmosphere\MODTRAN\raw\audit_mwir_standard_20260906\mwir_std_solar_direct\MODOUT2.txt,W/(cm^2 sr cm^-1),W/(cm^2 cm^-1),W/(m^2 sr um),W/(m^2 um),value_si=value_native*1e8/(wavelength_um^2),3064.0,3.2637075718015667,0.3141,6.16e-07,5.783067136,1.96e-06,18.40066816
mwir_std_solar_direct,D:\HwaSimIR\HwaSim_IR\Bin\Config\Atmosphere\MODTRAN\raw\audit_mwir_standard_20260906\mwir_std_solar_direct\MODOUT2.txt,W/(cm^2 sr cm^-1),W/(cm^2 cm^-1),W/(m^2 sr um),W/(m^2 um),value_si=value_native*1e8/(wavelength_um^2),3065.0,3.2626427406199023,0.4583,8.99e-07,8.445408275,1.96e-06,18.412680999999996
mwir_std_solar_direct,D:\HwaSimIR\HwaSim_IR\Bin\Config\Atmosphere\MODTRAN\raw\audit_mwir_standard_20260906\mwir_std_solar_direct\MODOUT2.txt,W/(cm^2 sr cm^-1),W/(cm^2 cm^-1),W/(m^2 sr um),W/(m^2 um),value_si=value_native*1e8/(wavelength_um^2),3066.0,3.2615786040443573,0.3799,7.46e-07,7.012665576000001,1.96e-06,18.42469776
mwir_std_solar_direct,D:\HwaSimIR\HwaSim_IR\Bin\Config\Atmosphere\MODTRAN\raw\audit_mwir_standard_20260906\mwir_std_solar_direct\MODOUT2.txt,W/(cm^2 sr cm^-1),W/(cm^2 cm^-1),W/(m^2 sr um),W/(m^2 um),value_si=value_native*1e8/(wavelength_um^2),3067.0,3.2605151613955003,0.0378,7.42e-08,0.6979614838,1.96e-06,18.43671844
mwir_std_solar_direct,D:\HwaSimIR\HwaSim_IR\Bin\Config\Atmosphere\MODTRAN\raw\audit_mwir_standard_20260906\mwir_std_solar_direct\MODOUT2.txt,W/(cm^2 sr cm^-1),W/(cm^2 cm^-1),W/(m^2 sr um),W/(m^2 um),value_si=value_native*1e8/(wavelength_um^2),3068.0,3.259452411994785,0.5169,1.02e-06,9.60087648,1.97e-06,18.54286928
mwir_std_solar_direct,D:\HwaSimIR\HwaSim_IR\Bin\Config\Atmosphere\MODTRAN\raw\audit_mwir_standard_20260906\mwir_std_solar_direct\MODOUT2.txt,W/(cm^2 sr cm^-1),W/(cm^2 cm^-1),W/(m^2 sr um),W/(m^2 um),value_si=value_native*1e8/(wavelength_um^2),3069.0,3.258390355164549,0.8367,1.65e-06,15.540955649999999,1.97e-06,18.55495917
mwir_std_solar_direct,D:\HwaSimIR\HwaSim_IR\Bin\Config\Atmosphere\MODTRAN\raw\audit_mwir_standard_20260906\mwir_std_solar_direct\MODOUT2.txt,W/(cm^2 sr cm^-1),W/(cm^2 cm^-1),W/(m^2 sr um),W/(m^2 um),value_si=value_native*1e8/(wavelength_um^2),3070.0,3.257328990228013,0.8823,1.74e-06,16.399326,1.97e-06,18.567053
mwir_std_solar_direct,D:\HwaSimIR\HwaSim_IR\Bin\Config\Atmosphere\MODTRAN\raw\audit_mwir_standard_20260906\mwir_std_solar_direct\MODOUT2.txt,W/(cm^2 sr cm^-1),W/(cm^2 cm^-1),W/(m^2 sr um),W/(m^2 um),value_si=value_native*1e8/(wavelength_um^2),3071.0,3.2562683165092805,0.9199,1.81e-06,17.07018421,1.97e-06,18.579150770000002
mwir_std_solar_direct,D:\HwaSimIR\HwaSim_IR\Bin\Config\Atmosphere\MODTRAN\raw\audit_mwir_standard_20260906\mwir_std_solar_direct\MODOUT2.txt,W/(cm^2 sr cm^-1),W/(cm^2 cm^-1),W/(m^2 sr um),W/(m^2 um),value_si=value_native*1e8/(wavelength_um^2),3072.0,3.2552083333333335,0.9424,1.86e-06,17.55316224,1.97e-06,18.59125248
mwir_std_solar_direct,D:\HwaSimIR\HwaSim_IR\Bin\Config\Atmosphere\MODTRAN\raw\audit_mwir_standard_20260906\mwir_std_solar_direct\MODOUT2.txt,W/(cm^2 sr cm^-1),W/(cm^2 cm^-1),W/(m^2 sr um),W/(m^2 um),value_si=value_native*1e8/(wavelength_um^2),3073.0,3.254149040026033,0.8944,1.76e-06,16.62025904,1.97e-06,18.603358130000004
mwir_std_solar_direct,D:\HwaSimIR\HwaSim_IR\Bin\Config\Atmosphere\MODTRAN\raw\audit_mwir_standard_20260906\mwir_std_solar_direct\MODOUT2.txt,W/(cm^2 sr cm^-1),W/(cm^2 cm^-1),W/(m^2 sr um),W/(m^2 um),value_si=value_native*1e8/(wavelength_um^2),3074.0,3.2530904359141184,0.9212,1.82e-06,17.19804632,1.97e-06,18.61546772
mwir_std_solar_direct,D:\HwaSimIR\HwaSim_IR\Bin\Config\Atmosphere\MODTRAN\raw\audit_mwir_standard_20260906\mwir_std_solar_direct\MODOUT2.txt,W/(cm^2 sr cm^-1),W/(cm^2 cm^-1),W/(m^2 sr um),W/(m^2 um),value_si=value_native*1e8/(wavelength_um^2),3075.0,3.252032520325203,0.911,1.8e-06,17.020125,1.98e-06,18.722137500000002
mwir_std_solar_direct,D:\HwaSimIR\HwaSim_IR\Bin\Config\Atmosphere\MODTRAN\raw\audit_mwir_standard_20260906\mwir_std_solar_direct\MODOUT2.txt,W/(cm^2 sr cm^-1),W/(cm^2 cm^-1),W/(m^2 sr um),W/(m^2 um),value_si=value_native*1e8/(wavelength_um^2),3076.0,3.250975292587776,0.6741,1.33e-06,12.584162080000002,1.98e-06,18.734316480000004
mwir_std_solar_direct,D:\HwaSimIR\HwaSim_IR\Bin\Config\Atmosphere\MODTRAN\raw\audit_mwir_standard_20260906\mwir_std_solar_direct\MODOUT2.txt,W/(cm^2 sr cm^-1),W/(cm^2 cm^-1),W/(m^2 sr um),W/(m^2 um),value_si=value_native*1e8/(wavelength_um^2),3077.0,3.249918752031199,0.3215,6.37e-07,6.031070773000001,1.98e-06,18.746499420000003
mwir_std_solar_direct,D:\HwaSimIR\HwaSim_IR\Bin\Config\Atmosphere\MODTRAN\raw\audit_mwir_standard_20260906\mwir_std_solar_direct\MODOUT2.txt,W/(cm^2 sr cm^-1),W/(cm^2 cm^-1),W/(m^2 sr um),W/(m^2 um),value_si=value_native*1e8/(wavelength_um^2),3078.0,3.248862897985705,0.2781,5.51e-07,5.220220284000001,1.98e-06,18.758686320000002
mwir_std_solar_direct,D:\HwaSimIR\HwaSim_IR\Bin\Config\Atmosphere\MODTRAN\raw\audit_mwir_standard_20260906\mwir_std_solar_direct\MODOUT2.txt,W/(cm^2 sr cm^-1),W/(cm^2 cm^-1),W/(m^2 sr um),W/(m^2 um),value_si=value_native*1e8/(wavelength_um^2),3079.0,3.247807729782397,0.5095,1.01e-06,9.57504341,1.98e-06,18.77087718
mwir_std_solar_direct,D:\HwaSimIR\HwaSim_IR\Bin\Config\Atmosphere\MODTRAN\raw\audit_mwir_standard_20260906\mwir_std_solar_direct\MODOUT2.txt,W/(cm^2 sr cm^-1),W/(cm^2 cm^-1),W/(m^2 sr um),W/(m^2 um),value_si=value_native*1e8/(wavelength_um^2),3080.0,3.2467532467532467,0.2884,5.72e-07,5.4262208,1.98e-06,18.783072
mwir_std_solar_direct,D:\HwaSimIR\HwaSim_IR\Bin\Config\Atmosphere\MODTRAN\raw\audit_mwir_standard_20260906\mwir_std_solar_direct\MODOUT2.txt,W/(cm^2 sr cm^-1),W/(cm^2 cm^-1),W/(m^2 sr um),W/(m^2 um),value_si=value_native*1e8/(wavelength_um^2),3081.0,3.2456994482310937,0.3864,7.65e-07,7.261809165000001,1.98e-06,18.795270780000003
mwir_std_solar_direct,D:\HwaSimIR\HwaSim_IR\Bin\Config\Atmosphere\MODTRAN\raw\audit_mwir_standard_20260906\mwir_std_solar_direct\MODOUT2.txt,W/(cm^2 sr cm^-1),W/(cm^2 cm^-1),W/(m^2 sr um),W/(m^2 um),value_si=value_native*1e8/(wavelength_um^2),3082.0,3.244646333549643,0.5341,1.06e-06,10.068647440000001,1.98e-06,18.807473520000002
mwir_std_solar_direct,D:\HwaSimIR\HwaSim_IR\Bin\Config\Atmosphere\MODTRAN\raw\audit_mwir_standard_20260906\mwir_std_solar_direct\MODOUT2.txt,W/(cm^2 sr cm^-1),W/(cm^2 cm^-1),W/(m^2 sr um),W/(m^2 um),value_si=value_native*1e8/(wavelength_um^2),3083.0,3.243593902043464,0.5027,9.93e-07,9.438354777,1.98e-06,18.81968022
mwir_std_solar_direct,D:\HwaSimIR\HwaSim_IR\Bin\Config\Atmosphere\MODTRAN\raw\audit_mwir_standard_20260906\mwir_std_solar_direct\MODOUT2.txt,W/(cm^2 sr cm^-1),W/(cm^2 cm^-1),W/(m^2 sr um),W/(m^2 um),value_si=value_native*1e8/(wavelength_um^2),3084.0,3.2425421530479897,0.8409,1.66e-06,15.788352960000001,1.98e-06,18.83189088
mwir_std_solar_direct,D:\HwaSimIR\HwaSim_IR\Bin\Config\Atmosphere\MODTRAN\raw\audit_mwir_standard_20260906\mwir_std_solar_direct\MODOUT2.txt,W/(cm^2 sr cm^-1),W/(cm^2 cm^-1),W/(m^2 sr um),W/(m^2 um),value_si=value_native*1e8/(wavelength_um^2),3085.0,3.2414910858995136,0.7655,1.51e-06,14.371009750000002,1.98e-06,18.8441055
mwir_std_solar_direct,D:\HwaSimIR\HwaSim_IR\Bin\Config\Atmosphere\MODTRAN\raw\audit_mwir_standard_20260906\mwir_std_solar_direct\MODOUT2.txt,W/(cm^2 sr cm^-1),W/(cm^2 cm^-1),W/(m^2 sr um),W/(m^2 um),value_si=value_native*1e8/(wavelength_um^2),3086.0,3.240440699935191,0.1365,2.71e-07,2.5808403159999997,1.98e-06,18.85632408
mwir_std_solar_direct,D:\HwaSimIR\HwaSim_IR\Bin\Config\Atmosphere\MODTRAN\raw\audit_mwir_standard_20260906\mwir_std_solar_direct\MODOUT2.txt,W/(cm^2 sr cm^-1),W/(cm^2 cm^-1),W/(m^2 sr um),W/(m^2 um),value_si=value_native*1e8/(wavelength_um^2),3087.0,3.2393909944930352,0.5099,1.01e-06,9.62486469,1.99e-06,18.96384231
mwir_std_solar_direct,D:\HwaSimIR\HwaSim_IR\Bin\Config\Atmosphere\MODTRAN\raw\audit_mwir_standard_20260906\mwir_std_solar_direct\MODOUT2.txt,W/(cm^2 sr cm^-1),W/(cm^2 cm^-1),W/(m^2 sr um),W/(m^2 um),value_si=value_native*1e8/(wavelength_um^2),3088.0,3.238341968911917,0.8476,1.69e-06,16.11540736,1.99e-06,18.97613056
mwir_std_solar_direct,D:\HwaSimIR\HwaSim_IR\Bin\Config\Atmosphere\MODTRAN\raw\audit_mwir_standard_20260906\mwir_std_solar_direct\MODOUT2.txt,W/(cm^2 sr cm^-1),W/(cm^2 cm^-1),W/(m^2 sr um),W/(m^2 um),value_si=value_native*1e8/(wavelength_um^2),3089.0,3.237293622531564,0.9265,1.85e-06,17.652553849999997,1.99e-06,18.988422789999994
mwir_std_solar_direct,D:\HwaSimIR\HwaSim_IR\Bin\Config\Atmosphere\MODTRAN\raw\audit_mwir_standard_20260906\mwir_std_solar_direct\MODOUT2.txt,W/(cm^2 sr cm^-1),W/(cm^2 cm^-1),W/(m^2 sr um),W/(m^2 um),value_si=value_native*1e8/(wavelength_um^2),3090.0,3.236245954692557,0.8329,1.66e-06,15.849845999999998,1.99e-06,19.000718999999997
mwir_std_solar_direct,D:\HwaSimIR\HwaSim_IR\Bin\Config\Atmosphere\MODTRAN\raw\audit_mwir_standard_20260906\mwir_std_solar_direct\MODOUT2.txt,W/(cm^2 sr cm^-1),W/(cm^2 cm^-1),W/(m^2 sr um),W/(m^2 um),value_si=value_native*1e8/(wavelength_um^2),3091.0,3.2351989647363313,0.9263,1.84e-06,17.57987704,1.99e-06,19.01301919
mwir_std_solar_direct,D:\HwaSimIR\HwaSim_IR\Bin\Config\Atmosphere\MODTRAN\raw\audit_mwir_standard_20260906\mwir_std_solar_direct\MODOUT2.txt,W/(cm^2 sr cm^-1),W/(cm^2 cm^-1),W/(m^2 sr um),W/(m^2 um),value_si=value_native*1e8/(wavelength_um^2),3092.0,3.2341526520051747,0.9148,1.82e-06,17.40004448,1.99e-06,19.025323359999998
mwir_std_solar_direct,D:\HwaSimIR\HwaSim_IR\Bin\Config\Atmosphere\MODTRAN\raw\audit_mwir_standard_20260906\mwir_std_solar_direct\MODOUT2.txt,W/(cm^2 sr cm^-1),W/(cm^2 cm^-1),W/(m^2 sr um),W/(m^2 um),value_si=value_native*1e8/(wavelength_um^2),3093.0,3.2331070158422244,0.7815,1.56e-06,14.92397244,1.99e-06,19.03763151
mwir_std_solar_direct,D:\HwaSimIR\HwaSim_IR\Bin\Config\Atmosphere\MODTRAN\raw\audit_mwir_standard_20260906\mwir_std_solar_direct\MODOUT2.txt,W/(cm^2 sr cm^-1),W/(cm^2 cm^-1),W/(m^2 sr um),W/(m^2 um),value_si=value_native*1e8/(wavelength_um^2),3094.0,3.2320620555914674,0.3473,6.93e-07,6.633975348,1.99e-06,19.04994364
mwir_std_solar_direct,D:\HwaSimIR\HwaSim_IR\Bin\Config\Atmosphere\MODTRAN\raw\audit_mwir_standard_20260906\mwir_std_solar_direct\MODOUT2.txt,W/(cm^2 sr cm^-1),W/(cm^2 cm^-1),W/(m^2 sr um),W/(m^2 um),value_si=value_native*1e8/(wavelength_um^2),3095.0,3.231017770597738,0.1181,2.36e-07,2.2606499,2e-06,19.158050000000003
mwir_std_solar_direct,D:\HwaSimIR\HwaSim_IR\Bin\Config\Atmosphere\MODTRAN\raw\audit_mwir_standard_20260906\mwir_std_solar_direct\MODOUT2.txt,W/(cm^2 sr cm^-1),W/(cm^2 cm^-1),W/(m^2 sr um),W/(m^2 um),value_si=value_native*1e8/(wavelength_um^2),3096.0,3.2299741602067185,0.0721,1.44e-07,1.3802711039999997,2e-06,19.170431999999998
mwir_std_solar_direct,D:\HwaSimIR\HwaSim_IR\Bin\Config\Atmosphere\MODTRAN\raw\audit_mwir_standard_20260906\mwir_std_solar_direct\MODOUT2.txt,W/(cm^2 sr cm^-1),W/(cm^2 cm^-1),W/(m^2 sr um),W/(m^2 um),value_si=value_native*1e8/(wavelength_um^2),3097.0,3.228931223764934,0.4536,9.09e-07,8.718590781,2e-06,19.182817999999997
mwir_std_solar_direct,D:\HwaSimIR\HwaSim_IR\Bin\Config\Atmosphere\MODTRAN\raw\audit_mwir_standard_20260906\mwir_std_solar_direct\MODOUT2.txt,W/(cm^2 sr cm^-1),W/(cm^2 cm^-1),W/(m^2 sr um),W/(m^2 um),value_si=value_native*1e8/(wavelength_um^2),3098.0,3.2278889606197545,0.8277,1.66e-06,15.932022640000001,2e-06,19.195208
mwir_std_solar_direct,D:\HwaSimIR\HwaSim_IR\Bin\Config\Atmosphere\MODTRAN\raw\audit_mwir_standard_20260906\mwir_std_solar_direct\MODOUT2.txt,W/(cm^2 sr cm^-1),W/(cm^2 cm^-1),W/(m^2 sr um),W/(m^2 um),value_si=value_native*1e8/(wavelength_um^2),3099.0,3.226847370119393,0.6178,1.24e-06,11.90871324,2.01e-06,19.30364001
mwir_std_solar_direct,D:\HwaSimIR\HwaSim_IR\Bin\Config\Atmosphere\MODTRAN\raw\audit_mwir_standard_20260906\mwir_std_solar_direct\MODOUT2.txt,W/(cm^2 sr cm^-1),W/(cm^2 cm^-1),W/(m^2 sr um),W/(m^2 um),value_si=value_native*1e8/(wavelength_um^2),3100.0,3.225806451612903,0.2421,4.85e-07,4.660850000000001,2e-06,19.220000000000002
mwir_std_solar_direct,D:\HwaSimIR\HwaSim_IR\Bin\Config\Atmosphere\MODTRAN\raw\audit_mwir_standard_20260906\mwir_std_solar_direct\MODOUT2.txt,W/(cm^2 sr cm^-1),W/(cm^2 cm^-1),W/(m^2 sr um),W/(m^2 um),value_si=value_native*1e8/(wavelength_um^2),3101.0,3.2247662044501775,0.1288,2.58e-07,2.480979858,2.01e-06,19.328564009999997
mwir_std_solar_direct,D:\HwaSimIR\HwaSim_IR\Bin\Config\Atmosphere\MODTRAN\raw\audit_mwir_standard_20260906\mwir_std_solar_direct\MODOUT2.txt,W/(cm^2 sr cm^-1),W/(cm^2 cm^-1),W/(m^2 sr um),W/(m^2 um),value_si=value_native*1e8/(wavelength_um^2),3102.0,3.223726627981947,0.3773,7.57e-07,7.284159828000001,2.01e-06,19.341032039999998
mwir_std_solar_direct,D:\HwaSimIR\HwaSim_IR\Bin\Config\Atmosphere\MODTRAN\raw\audit_mwir_standard_20260906\mwir_std_solar_direct\MODOUT2.txt,W/(cm^2 sr cm^-1),W/(cm^2 cm^-1),W/(m^2 sr um),W/(m^2 um),value_si=value_native*1e8/(wavelength_um^2),3103.0,3.222687721559781,0.1717,3.45e-07,3.321870105,2.01e-06,19.353504089999998
mwir_std_solar_direct,D:\HwaSimIR\HwaSim_IR\Bin\Config\Atmosphere\MODTRAN\raw\audit_mwir_standard_20260906\mwir_std_solar_direct\MODOUT2.txt,W/(cm^2 sr cm^-1),W/(cm^2 cm^-1),W/(m^2 sr um),W/(m^2 um),value_si=value_native*1e8/(wavelength_um^2),3104.0,3.2216494845360826,0.4099,8.23e-07,7.929453568,2.01e-06,19.365980159999996
mwir_std_solar_direct,D:\HwaSimIR\HwaSim_IR\Bin\Config\Atmosphere\MODTRAN\raw\audit_mwir_standard_20260906\mwir_std_solar_direct\MODOUT2.txt,W/(cm^2 sr cm^-1),W/(cm^2 cm^-1),W/(m^2 sr um),W/(m^2 um),value_si=value_native*1e8/(wavelength_um^2),3105.0,3.2206119162640903,0.6158,1.24e-06,11.954870999999999,2.01e-06,19.378460249999996
mwir_std_solar_direct,D:\HwaSimIR\HwaSim_IR\Bin\Config\Atmosphere\MODTRAN\raw\audit_mwir_standard_20260906\mwir_std_solar_direct\MODOUT2.txt,W/(cm^2 sr cm^-1),W/(cm^2 cm^-1),W/(m^2 sr um),W/(m^2 um),value_si=value_native*1e8/(wavelength_um^2),3106.0,3.219575016097875,0.793,1.6e-06,15.435577600000002,2.01e-06,19.390944360000002
mwir_std_solar_direct,D:\HwaSimIR\HwaSim_IR\Bin\Config\Atmosphere\MODTRAN\raw\audit_mwir_standard_20260906\mwir_std_solar_direct\MODOUT2.txt,W/(cm^2 sr cm^-1),W/(cm^2 cm^-1),W/(m^2 sr um),W/(m^2 um),value_si=value_native*1e8/(wavelength_um^2),3107.0,3.21853878339234,0.4604,9.28e-07,8.958400672,2.02e-06,19.499966979999996
mwir_std_solar_direct,D:\HwaSimIR\HwaSim_IR\Bin\Config\Atmosphere\MODTRAN\raw\audit_mwir_standard_20260906\mwir_std_solar_direct\MODOUT2.txt,W/(cm^2 sr cm^-1),W/(cm^2 cm^-1),W/(m^2 sr um),W/(m^2 um),value_si=value_native*1e8/(wavelength_um^2),3108.0,3.2175032175032174,0.4733,9.54e-07,9.215319456000001,2.02e-06,19.51252128
mwir_std_solar_direct,D:\HwaSimIR\HwaSim_IR\Bin\Config\Atmosphere\MODTRAN\raw\audit_mwir_standard_20260906\mwir_std_solar_direct\MODOUT2.txt,W/(cm^2 sr cm^-1),W/(cm^2 cm^-1),W/(m^2 sr um),W/(m^2 um),value_si=value_native*1e8/(wavelength_um^2),3109.0,3.21646831778707,0.6749,1.36e-06,13.145598159999999,2.01e-06,19.428420809999995
mwir_std_solar_direct,D:\HwaSimIR\HwaSim_IR\Bin\Config\Atmosphere\MODTRAN\raw\audit_mwir_standard_20260906\mwir_std_solar_direct\MODOUT2.txt,W/(cm^2 sr cm^-1),W/(cm^2 cm^-1),W/(m^2 sr um),W/(m^2 um),value_si=value_native*1e8/(wavelength_um^2),3110.0,3.215434083601286,0.2873,5.78e-07,5.590473800000001,2.01e-06,19.440921
mwir_std_solar_direct,D:\HwaSimIR\HwaSim_IR\Bin\Config\Atmosphere\MODTRAN\raw\audit_mwir_standard_20260906\mwir_std_solar_direct\MODOUT2.txt,W/(cm^2 sr cm^-1),W/(cm^2 cm^-1),W/(m^2 sr um),W/(m^2 um),value_si=value_native*1e8/(wavelength_um^2),3111.0,3.2144005143040824,0.7309,1.47e-06,14.22713187,2.01e-06,19.453425209999995
mwir_std_solar_direct,D:\HwaSimIR\HwaSim_IR\Bin\Config\Atmosphere\MODTRAN\raw\audit_mwir_standard_20260906\mwir_std_solar_direct\MODOUT2.txt,W/(cm^2 sr cm^-1),W/(cm^2 cm^-1),W/(m^2 sr um),W/(m^2 um),value_si=value_native*1e8/(wavelength_um^2),3112.0,3.2133676092544987,0.3128,6.3e-07,6.10126272,2.01e-06,19.465933439999997
mwir_std_solar_direct,D:\HwaSimIR\HwaSim_IR\Bin\Config\Atmosphere\MODTRAN\raw\audit_mwir_standard_20260906\mwir_std_solar_direct\MODOUT2.txt,W/(cm^2 sr cm^-1),W/(cm^2 cm^-1),W/(m^2 sr um),W/(m^2 um),value_si=value_native*1e8/(wavelength_um^2),3113.0,3.2123353678123996,0.4169,8.41e-07,8.149936729,2.02e-06,19.57535338
mwir_std_solar_direct,D:\HwaSimIR\HwaSim_IR\Bin\Config\Atmosphere\MODTRAN\raw\audit_mwir_standard_20260906\mwir_std_solar_direct\MODOUT2.txt,W/(cm^2 sr cm^-1),W/(cm^2 cm^-1),W/(m^2 sr um),W/(m^2 um),value_si=value_native*1e8/(wavelength_um^2),3114.0,3.2113037893384715,0.331,6.7e-07,6.496987320000001,2.02e-06,19.58793192
mwir_std_solar_direct,D:\HwaSimIR\HwaSim_IR\Bin\Config\Atmosphere\MODTRAN\raw\audit_mwir_standard_20260906\mwir_std_solar_direct\MODOUT2.txt,W/(cm^2 sr cm^-1),W/(cm^2 cm^-1),W/(m^2 sr um),W/(m^2 um),value_si=value_native*1e8/(wavelength_um^2),3115.0,3.2102728731942216,0.4274,8.66e-07,8.40299285,2.03e-06,19.697546749999997
mwir_std_solar_direct,D:\HwaSimIR\HwaSim_IR\Bin\Config\Atmosphere\MODTRAN\raw\audit_mwir_standard_20260906\mwir_std_solar_direct\MODOUT2.txt,W/(cm^2 sr cm^-1),W/(cm^2 cm^-1),W/(m^2 sr um),W/(m^2 um),value_si=value_native*1e8/(wavelength_um^2),3116.0,3.209242618741977,0.1058,2.14e-07,2.077823584,2.03e-06,19.710195679999998
mwir_std_solar_direct,D:\HwaSimIR\HwaSim_IR\Bin\Config\Atmosphere\MODTRAN\raw\audit_mwir_standard_20260906\mwir_std_solar_direct\MODOUT2.txt,W/(cm^2 sr cm^-1),W/(cm^2 cm^-1),W/(m^2 sr um),W/(m^2 um),value_si=value_native*1e8/(wavelength_um^2),3117.0,3.208213025344883,0.6208,1.26e-06,12.241768140000001,2.03e-06,19.72284867
mwir_std_solar_direct,D:\HwaSimIR\HwaSim_IR\Bin\Config\Atmosphere\MODTRAN\raw\audit_mwir_standard_20260906\mwir_std_solar_direct\MODOUT2.txt,W/(cm^2 sr cm^-1),W/(cm^2 cm^-1),W/(m^2 sr um),W/(m^2 um),value_si=value_native*1e8/(wavelength_um^2),3118.0,3.207184092366902,0.3295,6.69e-07,6.503967155999999,2.03e-06,19.73550572
mwir_std_solar_direct,D:\HwaSimIR\HwaSim_IR\Bin\Config\Atmosphere\MODTRAN\raw\audit_mwir_standard_20260906\mwir_std_solar_direct\MODOUT2.txt,W/(cm^2 sr cm^-1),W/(cm^2 cm^-1),W/(m^2 sr um),W/(m^2 um),value_si=value_native*1e8/(wavelength_um^2),3119.0,3.2061558191728117,0.1069,2.17e-07,2.111010937,2.03e-06,19.74816683
mwir_std_solar_direct,D:\HwaSimIR\HwaSim_IR\Bin\Config\Atmosphere\MODTRAN\raw\audit_mwir_standard_20260906\mwir_std_solar_direct\MODOUT2.txt,W/(cm^2 sr cm^-1),W/(cm^2 cm^-1),W/(m^2 sr um),W/(m^2 um),value_si=value_native*1e8/(wavelength_um^2),3120.0,3.2051282051282053,0.7126,1.45e-06,14.114879999999998,2.03e-06,19.760831999999997
mwir_std_solar_direct,D:\HwaSimIR\HwaSim_IR\Bin\Config\Atmosphere\MODTRAN\raw\audit_mwir_standard_20260906\mwir_std_solar_direct\MODOUT2.txt,W/(cm^2 sr cm^-1),W/(cm^2 cm^-1),W/(m^2 sr um),W/(m^2 um),value_si=value_native*1e8/(wavelength_um^2),3121.0,3.2041012495994874,0.7412,1.5e-06,14.6109615,2.03e-06,19.77350123
mwir_std_solar_direct,D:\HwaSimIR\HwaSim_IR\Bin\Config\Atmosphere\MODTRAN\raw\audit_mwir_standard_20260906\mwir_std_solar_direct\MODOUT2.txt,W/(cm^2 sr cm^-1),W/(cm^2 cm^-1),W/(m^2 sr um),W/(m^2 um),value_si=value_native*1e8/(wavelength_um^2),3122.0,3.2030749519538757,0.1715,3.47e-07,3.3821687480000007,2.02e-06,19.68870568
mwir_std_solar_direct,D:\HwaSimIR\HwaSim_IR\Bin\Config\Atmosphere\MODTRAN\raw\audit_mwir_standard_20260906\mwir_std_solar_direct\MODOUT2.txt,W/(cm^2 sr cm^-1),W/(cm^2 cm^-1),W/(m^2 sr um),W/(m^2 um),value_si=value_native*1e8/(wavelength_um^2),3123.0,3.202049311559398,0.046,9.32e-08,0.9089916228000001,2.02e-06,19.70132058
mwir_std_solar_direct,D:\HwaSimIR\HwaSim_IR\Bin\Config\Atmosphere\MODTRAN\raw\audit_mwir_standard_20260906\mwir_std_solar_direct\MODOUT2.txt,W/(cm^2 sr cm^-1),W/(cm^2 cm^-1),W/(m^2 sr um),W/(m^2 um),value_si=value_native*1e8/(wavelength_um^2),3124.0,3.201024327784891,0.7911,1.6e-06,15.6150016,2.03e-06,19.81153328
mwir_std_solar_direct,D:\HwaSimIR\HwaSim_IR\Bin\Config\Atmosphere\MODTRAN\raw\audit_mwir_standard_20260906\mwir_std_solar_direct\MODOUT2.txt,W/(cm^2 sr cm^-1),W/(cm^2 cm^-1),W/(m^2 sr um),W/(m^2 um),value_si=value_native*1e8/(wavelength_um^2),3125.0,3.2,0.5424,1.1e-06,10.742187499999998,2.03e-06,19.824218749999996
mwir_std_solar_direct,D:\HwaSimIR\HwaSim_IR\Bin\Config\Atmosphere\MODTRAN\raw\audit_mwir_standard_20260906\mwir_std_solar_direct\MODOUT2.txt,W/(cm^2 sr cm^-1),W/(cm^2 cm^-1),W/(m^2 sr um),W/(m^2 um),value_si=value_native*1e8/(wavelength_um^2),3126.0,3.198976327575176,0.284,5.76e-07,5.628600576,2.03e-06,19.836908280000003
mwir_std_solar_direct,D:\HwaSimIR\HwaSim_IR\Bin\Config\Atmosphere\MODTRAN\raw\audit_mwir_standard_20260906\mwir_std_solar_direct\MODOUT2.txt,W/(cm^2 sr cm^-1),W/(cm^2 cm^-1),W/(m^2 sr um),W/(m^2 um),value_si=value_native*1e8/(wavelength_um^2),3127.0,3.197953309881676,0.1715,3.49e-07,3.412567020999999,2.04e-06,19.947383159999998
mwir_std_solar_direct,D:\HwaSimIR\HwaSim_IR\Bin\Config\Atmosphere\MODTRAN\raw\audit_mwir_standard_20260906\mwir_std_solar_direct\MODOUT2.txt,W/(cm^2 sr cm^-1),W/(cm^2 cm^-1),W/(m^2 sr um),W/(m^2 um),value_si=value_native*1e8/(wavelength_um^2),3128.0,3.1969309462915603,0.7507,1.53e-06,14.970107519999997,2.04e-06,19.960143359999996
mwir_std_solar_direct,D:\HwaSimIR\HwaSim_IR\Bin\Config\Atmosphere\MODTRAN\raw\audit_mwir_standard_20260906\mwir_std_solar_direct\MODOUT2.txt,W/(cm^2 sr cm^-1),W/(cm^2 cm^-1),W/(m^2 sr um),W/(m^2 um),value_si=value_native*1e8/(wavelength_um^2),3129.0,3.1959092361776924,0.8366,1.71e-06,16.741996110000002,2.04e-06,19.972907640000003
mwir_std_solar_direct,D:\HwaSimIR\HwaSim_IR\Bin\Config\Atmosphere\MODTRAN\raw\audit_mwir_standard_20260906\mwir_std_solar_direct\MODOUT2.txt,W/(cm^2 sr cm^-1),W/(cm^2 cm^-1),W/(m^2 sr um),W/(m^2 um),value_si=value_native*1e8/(wavelength_um^2),3130.0,3.194888178913738,0.9008,1.84e-06,18.026296,2.04e-06,19.985675999999998
mwir_std_solar_direct,D:\HwaSimIR\HwaSim_IR\Bin\Config\Atmosphere\MODTRAN\raw\audit_mwir_standard_20260906\mwir_std_solar_direct\MODOUT2.txt,W/(cm^2 sr cm^-1),W/(cm^2 cm^-1),W/(m^2 sr um),W/(m^2 um),value_si=value_native*1e8/(wavelength_um^2),3131.0,3.1938677738741617,0.6116,1.25e-06,12.253951250000002,2.04e-06,19.99844844
mwir_std_solar_direct,D:\HwaSimIR\HwaSim_IR\Bin\Config\Atmosphere\MODTRAN\raw\audit_mwir_standard_20260906\mwir_std_solar_direct\MODOUT2.txt,W/(cm^2 sr cm^-1),W/(cm^2 cm^-1),W/(m^2 sr um),W/(m^2 um),value_si=value_native*1e8/(wavelength_um^2),3132.0,3.1928480204342273,0.5685,1.16e-06,11.378931839999998,2.05e-06,20.109319199999998
mwir_std_solar_direct,D:\HwaSimIR\HwaSim_IR\Bin\Config\Atmosphere\MODTRAN\raw\audit_mwir_standard_20260906\mwir_std_solar_direct\MODOUT2.txt,W/(cm^2 sr cm^-1),W/(cm^2 cm^-1),W/(m^2 sr um),W/(m^2 um),value_si=value_native*1e8/(wavelength_um^2),3133.0,3.191828917969997,0.0737,1.51e-07,1.482169039,2.05e-06,20.122162449999998
mwir_std_solar_direct,D:\HwaSimIR\HwaSim_IR\Bin\Config\Atmosphere\MODTRAN\raw\audit_mwir_standard_20260906\mwir_std_solar_direct\MODOUT2.txt,W/(cm^2 sr cm^-1),W/(cm^2 cm^-1),W/(m^2 sr um),W/(m^2 um),value_si=value_native*1e8/(wavelength_um^2),3134.0,3.190810465858328,0.5752,1.18e-06,11.58990808,2.05e-06,20.1350098
mwir_std_solar_direct,D:\HwaSimIR\HwaSim_IR\Bin\Config\Atmosphere\MODTRAN\raw\audit_mwir_standard_20260906\mwir_std_solar_direct\MODOUT2.txt,W/(cm^2 sr cm^-1),W/(cm^2 cm^-1),W/(m^2 sr um),W/(m^2 um),value_si=value_native*1e8/(wavelength_um^2),3135.0,3.189792663476874,0.8522,1.75e-06,17.199393750000002,2.05e-06,20.14786125
mwir_std_solar_direct,D:\HwaSimIR\HwaSim_IR\Bin\Config\Atmosphere\MODTRAN\raw\audit_mwir_standard_20260906\mwir_std_solar_direct\MODOUT2.txt,W/(cm^2 sr cm^-1),W/(cm^2 cm^-1),W/(m^2 sr um),W/(m^2 um),value_si=value_native*1e8/(wavelength_um^2),3136.0,3.188775510204082,0.9086,1.86e-06,18.292162559999998,2.05e-06,20.160716799999992
mwir_std_solar_direct,D:\HwaSimIR\HwaSim_IR\Bin\Config\Atmosphere\MODTRAN\raw\audit_mwir_standard_20260906\mwir_std_solar_direct\MODOUT2.txt,W/(cm^2 sr cm^-1),W/(cm^2 cm^-1),W/(m^2 sr um),W/(m^2 um),value_si=value_native*1e8/(wavelength_um^2),3137.0,3.18775900541919,0.9287,1.9e-06,18.6974611,2.05e-06,20.17357645
mwir_std_solar_direct,D:\HwaSimIR\HwaSim_IR\Bin\Config\Atmosphere\MODTRAN\raw\audit_mwir_standard_20260906\mwir_std_solar_direct\MODOUT2.txt,W/(cm^2 sr cm^-1),W/(cm^2 cm^-1),W/(m^2 sr um),W/(m^2 um),value_si=value_native*1e8/(wavelength_um^2),3138.0,3.186743148502231,0.9456,1.94e-06,19.103265359999998,2.05e-06,20.186440199999996
mwir_std_solar_direct,D:\HwaSimIR\HwaSim_IR\Bin\Config\Atmosphere\MODTRAN\raw\audit_mwir_standard_20260906\mwir_std_solar_direct\MODOUT2.txt,W/(cm^2 sr cm^-1),W/(cm^2 cm^-1),W/(m^2 sr um),W/(m^2 um),value_si=value_native*1e8/(wavelength_um^2),3139.0,3.1857279388340234,0.9421,1.93e-06,19.016909530000003,2.05e-06,20.19930805
mwir_std_solar_direct,D:\HwaSimIR\HwaSim_IR\Bin\Config\Atmosphere\MODTRAN\raw\audit_mwir_standard_20260906\mwir_std_solar_direct\MODOUT2.txt,W/(cm^2 sr cm^-1),W/(cm^2 cm^-1),W/(m^2 sr um),W/(m^2 um),value_si=value_native*1e8/(wavelength_um^2),3140.0,3.1847133757961785,0.5433,1.12e-06,11.042752,2.05e-06,20.212179999999993
mwir_std_solar_direct,D:\HwaSimIR\HwaSim_IR\Bin\Config\Atmosphere\MODTRAN\raw\audit_mwir_standard_20260906\mwir_std_solar_direct\MODOUT2.txt,W/(cm^2 sr cm^-1),W/(cm^2 cm^-1),W/(m^2 sr um),W/(m^2 um),value_si=value_native*1e8/(wavelength_um^2),3141.0,3.183699458771092,0.8629,1.77e-06,17.46260937,2.05e-06,20.225056049999996
mwir_std_solar_direct,D:\HwaSimIR\HwaSim_IR\Bin\Config\Atmosphere\MODTRAN\raw\audit_mwir_standard_20260906\mwir_std_solar_direct\MODOUT2.txt,W/(cm^2 sr cm^-1),W/(cm^2 cm^-1),W/(m^2 sr um),W/(m^2 um),value_si=value_native*1e8/(wavelength_um^2),3142.0,3.1826861871419476,0.8904,1.83e-06,18.066060120000003,2.05e-06,20.2379362
mwir_std_solar_direct,D:\HwaSimIR\HwaSim_IR\Bin\Config\Atmosphere\MODTRAN\raw\audit_mwir_standard_20260906\mwir_std_solar_direct\MODOUT2.txt,W/(cm^2 sr cm^-1),W/(cm^2 cm^-1),W/(m^2 sr um),W/(m^2 um),value_si=value_native*1e8/(wavelength_um^2),3143.0,3.181673560292714,0.5354,1.1e-06,10.866293899999999,2.05e-06,20.250820449999996
mwir_std_solar_direct,D:\HwaSimIR\HwaSim_IR\Bin\Config\Atmosphere\MODTRAN\raw\audit_mwir_standard_20260906\mwir_std_solar_direct\MODOUT2.txt,W/(cm^2 sr cm^-1),W/(cm^2 cm^-1),W/(m^2 sr um),W/(m^2 um),value_si=value_native*1e8/(wavelength_um^2),3144.0,3.1806615776081424,0.9493,1.95e-06,19.2752352,2.05e-06,20.2637088
mwir_std_solar_direct,D:\HwaSimIR\HwaSim_IR\Bin\Config\Atmosphere\MODTRAN\raw\audit_mwir_standard_20260906\mwir_std_solar_direct\MODOUT2.txt,W/(cm^2 sr cm^-1),W/(cm^2 cm^-1),W/(m^2 sr um),W/(m^2 um),value_si=value_native*1e8/(wavelength_um^2),3145.0,3.179650238473768,0.9669,1.98e-06,19.5842295,2.05e-06,20.276601249999995
mwir_std_solar_direct,D:\HwaSimIR\HwaSim_IR\Bin\Config\Atmosphere\MODTRAN\raw\audit_mwir_standard_20260906\mwir_std_solar_direct\MODOUT2.txt,W/(cm^2 sr cm^-1),W/(cm^2 cm^-1),W/(m^2 sr um),W/(m^2 um),value_si=value_native*1e8/(wavelength_um^2),3146.0,3.178639542275906,0.9473,1.95e-06,19.2997662,2.06e-06,20.388470960000003
mwir_std_solar_direct,D:\HwaSimIR\HwaSim_IR\Bin\Config\Atmosphere\MODTRAN\raw\audit_mwir_standard_20260906\mwir_std_solar_direct\MODOUT2.txt,W/(cm^2 sr cm^-1),W/(cm^2 cm^-1),W/(m^2 sr um),W/(m^2 um),value_si=value_native*1e8/(wavelength_um^2),3147.0,3.1776294884016525,0.9568,1.97e-06,19.510109730000003,2.06e-06,20.40143454
mwir_std_solar_direct,D:\HwaSimIR\HwaSim_IR\Bin\Config\Atmosphere\MODTRAN\raw\audit_mwir_standard_20260906\mwir_std_solar_direct\MODOUT2.txt,W/(cm^2 sr cm^-1),W/(cm^2 cm^-1),W/(m^2 sr um),W/(m^2 um),value_si=value_native*1e8/(wavelength_um^2),3148.0,3.1766200762388817,0.9557,1.97e-06,19.522510880000006,2.06e-06,20.414402240000005
mwir_std_solar_direct,D:\HwaSimIR\HwaSim_IR\Bin\Config\Atmosphere\MODTRAN\raw\audit_mwir_standard_20260906\mwir_std_solar_direct\MODOUT2.txt,W/(cm^2 sr cm^-1),W/(cm^2 cm^-1),W/(m^2 sr um),W/(m^2 um),value_si=value_native*1e8/(wavelength_um^2),3149.0,3.1756113051762465,0.5585,1.15e-06,11.40363115,2.07e-06,20.526536070000002
mwir_std_solar_direct,D:\HwaSimIR\HwaSim_IR\Bin\Config\Atmosphere\MODTRAN\raw\audit_mwir_standard_20260906\mwir_std_solar_direct\MODOUT2.txt,W/(cm^2 sr cm^-1),W/(cm^2 cm^-1),W/(m^2 sr um),W/(m^2 um),value_si=value_native*1e8/(wavelength_um^2),3150.0,3.1746031746031744,0.9641,1.99e-06,19.745775000000002,2.07e-06,20.539575000000003
mwir_std_solar_direct,D:\HwaSimIR\HwaSim_IR\Bin\Config\Atmosphere\MODTRAN\raw\audit_mwir_standard_20260906\mwir_std_solar_direct\MODOUT2.txt,W/(cm^2 sr cm^-1),W/(cm^2 cm^-1),W/(m^2 sr um),W/(m^2 um),value_si=value_native*1e8/(wavelength_um^2),3151.0,3.17359568390987,0.7307,1.51e-06,14.992489510000002,2.07e-06,20.55261807
mwir_std_solar_direct,D:\HwaSimIR\HwaSim_IR\Bin\Config\Atmosphere\MODTRAN\raw\audit_mwir_standard_20260906\mwir_std_solar_direct\MODOUT2.txt,W/(cm^2 sr cm^-1),W/(cm^2 cm^-1),W/(m^2 sr um),W/(m^2 um),value_si=value_native*1e8/(wavelength_um^2),3152.0,3.1725888324873095,0.801,1.65e-06,16.3929216,2.06e-06,20.466314240000006
mwir_std_solar_direct,D:\HwaSimIR\HwaSim_IR\Bin\Config\Atmosphere\MODTRAN\raw\audit_mwir_standard_20260906\mwir_std_solar_direct\MODOUT2.txt,W/(cm^2 sr cm^-1),W/(cm^2 cm^-1),W/(m^2 sr um),W/(m^2 um),value_si=value_native*1e8/(wavelength_um^2),3153.0,3.171582619727244,0.9402,1.94e-06,19.286333459999998,2.06e-06,20.47930254
mwir_std_solar_direct,D:\HwaSimIR\HwaSim_IR\Bin\Config\Atmosphere\MODTRAN\raw\audit_mwir_standard_20260906\mwir_std_solar_direct\MODOUT2.txt,W/(cm^2 sr cm^-1),W/(cm^2 cm^-1),W/(m^2 sr um),W/(m^2 um),value_si=value_native*1e8/(wavelength_um^2),3154.0,3.170577045022194,0.9743,2.01e-06,19.994909159999995,2.06e-06,20.49229496
mwir_std_solar_direct,D:\HwaSimIR\HwaSim_IR\Bin\Config\Atmosphere\MODTRAN\raw\audit_mwir_standard_20260906\mwir_std_solar_direct\MODOUT2.txt,W/(cm^2 sr cm^-1),W/(cm^2 cm^-1),W/(m^2 sr um),W/(m^2 um),value_si=value_native*1e8/(wavelength_um^2),3155.0,3.1695721077654517,0.9403,1.93e-06,19.21126825,2.06e-06,20.505291500000002
mwir_std_solar_direct,D:\HwaSimIR\HwaSim_IR\Bin\Config\Atmosphere\MODTRAN\raw\audit_mwir_standard_20260906\mwir_std_solar_direct\MODOUT2.txt,W/(cm^2 sr cm^-1),W/(cm^2 cm^-1),W/(m^2 sr um),W/(m^2 um),value_si=value_native*1e8/(wavelength_um^2),3156.0,3.1685678073510775,0.964,1.99e-06,19.821068639999996,2.06e-06,20.51829216
mwir_std_solar_direct,D:\HwaSimIR\HwaSim_IR\Bin\Config\Atmosphere\MODTRAN\raw\audit_mwir_standard_20260906\mwir_std_solar_direct\MODOUT2.txt,W/(cm^2 sr cm^-1),W/(cm^2 cm^-1),W/(m^2 sr um),W/(m^2 um),value_si=value_native*1e8/(wavelength_um^2),3157.0,3.1675641431738994,0.919,1.9e-06,18.936633099999998,2.07e-06,20.630963429999998
mwir_std_solar_direct,D:\HwaSimIR\HwaSim_IR\Bin\Config\Atmosphere\MODTRAN\raw\audit_mwir_standard_20260906\mwir_std_solar_direct\MODOUT2.txt,W/(cm^2 sr cm^-1),W/(cm^2 cm^-1),W/(m^2 sr um),W/(m^2 um),value_si=value_native*1e8/(wavelength_um^2),3158.0,3.1665611146295123,0.7885,1.63e-06,16.255931320000002,2.07e-06,20.644035480000003
mwir_std_solar_direct,D:\HwaSimIR\HwaSim_IR\Bin\Config\Atmosphere\MODTRAN\raw\audit_mwir_standard_20260906\mwir_std_solar_direct\MODOUT2.txt,W/(cm^2 sr cm^-1),W/(cm^2 cm^-1),W/(m^2 sr um),W/(m^2 um),value_si=value_native*1e8/(wavelength_um^2),3159.0,3.1655587211142766,0.9693,2.01e-06,20.058354809999997,2.07e-06,20.65711167
mwir_std_solar_direct,D:\HwaSimIR\HwaSim_IR\Bin\Config\Atmosphere\MODTRAN\raw\audit_mwir_standard_20260906\mwir_std_solar_direct\MODOUT2.txt,W/(cm^2 sr cm^-1),W/(cm^2 cm^-1),W/(m^2 sr um),W/(m^2 um),value_si=value_native*1e8/(wavelength_um^2),3160.0,3.1645569620253164,0.9811,2.03e-06,20.270768,2.07e-06,20.670192
mwir_std_solar_direct,D:\HwaSimIR\HwaSim_IR\Bin\Config\Atmosphere\MODTRAN\raw\audit_mwir_standard_20260906\mwir_std_solar_direct\MODOUT2.txt,W/(cm^2 sr cm^-1),W/(cm^2 cm^-1),W/(m^2 sr um),W/(m^2 um),value_si=value_native*1e8/(wavelength_um^2),3161.0,3.1635558367605188,0.9812,2.04e-06,20.38351884,2.08e-06,20.78319568
mwir_std_solar_direct,D:\HwaSimIR\HwaSim_IR\Bin\Config\Atmosphere\MODTRAN\raw\audit_mwir_standard_20260906\mwir_std_solar_direct\MODOUT2.txt,W/(cm^2 sr cm^-1),W/(cm^2 cm^-1),W/(m^2 sr um),W/(m^2 um),value_si=value_native*1e8/(wavelength_um^2),3162.0,3.1625553447185326,0.9694,2.01e-06,20.096470439999997,2.08e-06,20.79634752
mwir_std_solar_direct,D:\HwaSimIR\HwaSim_IR\Bin\Config\Atmosphere\MODTRAN\raw\audit_mwir_standard_20260906\mwir_std_solar_direct\MODOUT2.txt,W/(cm^2 sr cm^-1),W/(cm^2 cm^-1),W/(m^2 sr um),W/(m^2 um),value_si=value_native*1e8/(wavelength_um^2),3163.0,3.161555485298767,0.9686,2.01e-06,20.10918369,2.08e-06,20.80950352
mwir_std_solar_direct,D:\HwaSimIR\HwaSim_IR\Bin\Config\Atmosphere\MODTRAN\raw\audit_mwir_standard_20260906\mwir_std_solar_direct\MODOUT2.txt,W/(cm^2 sr cm^-1),W/(cm^2 cm^-1),W/(m^2 sr um),W/(m^2 um),value_si=value_native*1e8/(wavelength_um^2),3164.0,3.1605562579013906,0.7713,1.61e-06,16.11754256,2.08e-06,20.82266368
mwir_std_solar_direct,D:\HwaSimIR\HwaSim_IR\Bin\Config\Atmosphere\MODTRAN\raw\audit_mwir_standard_20260906\mwir_std_solar_direct\MODOUT2.txt,W/(cm^2 sr cm^-1),W/(cm^2 cm^-1),W/(m^2 sr um),W/(m^2 um),value_si=value_native*1e8/(wavelength_um^2),3165.0,3.1595576619273302,0.9113,1.9e-06,19.0327275,2.08e-06,20.835828
mwir_std_solar_direct,D:\HwaSimIR\HwaSim_IR\Bin\Config\Atmosphere\MODTRAN\raw\audit_mwir_standard_20260906\mwir_std_solar_direct\MODOUT2.txt,W/(cm^2 sr cm^-1),W/(cm^2 cm^-1),W/(m^2 sr um),W/(m^2 um),value_si=value_native*1e8/(wavelength_um^2),3166.0,3.158559696778269,0.8189,1.71e-06,17.14028076,2.08e-06,20.84899648
mwir_std_solar_direct,D:\HwaSimIR\HwaSim_IR\Bin\Config\Atmosphere\MODTRAN\raw\audit_mwir_standard_20260906\mwir_std_solar_direct\MODOUT2.txt,W/(cm^2 sr cm^-1),W/(cm^2 cm^-1),W/(m^2 sr um),W/(m^2 um),value_si=value_native*1e8/(wavelength_um^2),3167.0,3.157562361856647,0.8236,1.72e-06,17.25140908,2.09e-06,20.962468009999995
mwir_std_solar_direct,D:\HwaSimIR\HwaSim_IR\Bin\Config\Atmosphere\MODTRAN\raw\audit_mwir_standard_20260906\mwir_std_solar_direct\MODOUT2.txt,W/(cm^2 sr cm^-1),W/(cm^2 cm^-1),W/(m^2 sr um),W/(m^2 um),value_si=value_native*1e8/(wavelength_um^2),3168.0,3.1565656565656566,0.6055,1.26e-06,12.64564224,2.09e-06,20.97570816
mwir_std_solar_direct,D:\HwaSimIR\HwaSim_IR\Bin\Config\Atmosphere\MODTRAN\raw\audit_mwir_standard_20260906\mwir_std_solar_direct\MODOUT2.txt,W/(cm^2 sr cm^-1),W/(cm^2 cm^-1),W/(m^2 sr um),W/(m^2 um),value_si=value_native*1e8/(wavelength_um^2),3169.0,3.155569580309246,0.8122,1.7e-06,17.072353699999997,2.09e-06,20.98895249
mwir_std_solar_direct,D:\HwaSimIR\HwaSim_IR\Bin\Config\Atmosphere\MODTRAN\raw\audit_mwir_standard_20260906\mwir_std_solar_direct\MODOUT2.txt,W/(cm^2 sr cm^-1),W/(cm^2 cm^-1),W/(m^2 sr um),W/(m^2 um),value_si=value_native*1e8/(wavelength_um^2),3170.0,3.1545741324921135,0.6345,1.32e-06,13.264548000000001,2.08e-06,20.901712000000003
mwir_std_solar_direct,D:\HwaSimIR\HwaSim_IR\Bin\Config\Atmosphere\MODTRAN\raw\audit_mwir_standard_20260906\mwir_std_solar_direct\MODOUT2.txt,W/(cm^2 sr cm^-1),W/(cm^2 cm^-1),W/(m^2 sr um),W/(m^2 um),value_si=value_native*1e8/(wavelength_um^2),3171.0,3.15357931251971,0.9256,1.92e-06,19.306062719999996,2.07e-06,20.81434887
mwir_std_solar_direct,D:\HwaSimIR\HwaSim_IR\Bin\Config\Atmosphere\MODTRAN\raw\audit_mwir_standard_20260906\mwir_std_solar_direct\MODOUT2.txt,W/(cm^2 sr cm^-1),W/(cm^2 cm^-1),W/(m^2 sr um),W/(m^2 um),value_si=value_native*1e8/(wavelength_um^2),3172.0,3.1525851197982346,0.9513,1.97e-06,19.821320480000004,2.07e-06,20.82747888
mwir_std_solar_direct,D:\HwaSimIR\HwaSim_IR\Bin\Config\Atmosphere\MODTRAN\raw\audit_mwir_standard_20260906\mwir_std_solar_direct\MODOUT2.txt,W/(cm^2 sr cm^-1),W/(cm^2 cm^-1),W/(m^2 sr um),W/(m^2 um),value_si=value_native*1e8/(wavelength_um^2),3173.0,3.151591553734636,0.8755,1.81e-06,18.222951489999996,2.07e-06,20.840613029999997
mwir_std_solar_direct,D:\HwaSimIR\HwaSim_IR\Bin\Config\Atmosphere\MODTRAN\raw\audit_mwir_standard_20260906\mwir_std_solar_direct\MODOUT2.txt,W/(cm^2 sr cm^-1),W/(cm^2 cm^-1),W/(m^2 sr um),W/(m^2 um),value_si=value_native*1e8/(wavelength_um^2),3174.0,3.15059861373661,0.9477,1.96e-06,19.74558096,2.07e-06,20.85375132
mwir_std_solar_direct,D:\HwaSimIR\HwaSim_IR\Bin\Config\Atmosphere\MODTRAN\raw\audit_mwir_standard_20260906\mwir_std_solar_direct\MODOUT2.txt,W/(cm^2 sr cm^-1),W/(cm^2 cm^-1),W/(m^2 sr um),W/(m^2 um),value_si=value_native*1e8/(wavelength_um^2),3175.0,3.1496062992125986,0.6924,1.44e-06,14.5161,2.08e-06,20.9677
mwir_std_solar_direct,D:\HwaSimIR\HwaSim_IR\Bin\Config\Atmosphere\MODTRAN\raw\audit_mwir_standard_20260906\mwir_std_solar_direct\MODOUT2.txt,W/(cm^2 sr cm^-1),W/(cm^2 cm^-1),W/(m^2 sr um),W/(m^2 um),value_si=value_native*1e8/(wavelength_um^2),3176.0,3.1486146095717884,0.8874,1.86e-06,18.76177536,2.09e-06,21.08177984
mwir_std_solar_direct,D:\HwaSimIR\HwaSim_IR\Bin\Config\Atmosphere\MODTRAN\raw\audit_mwir_standard_20260906\mwir_std_solar_direct\MODOUT2.txt,W/(cm^2 sr cm^-1),W/(cm^2 cm^-1),W/(m^2 sr um),W/(m^2 um),value_si=value_native*1e8/(wavelength_um^2),3177.0,3.147623544224111,0.7074,1.48e-06,14.93812692,2.1e-06,21.195990899999995
mwir_std_solar_direct,D:\HwaSimIR\HwaSim_IR\Bin\Config\Atmosphere\MODTRAN\raw\audit_mwir_standard_20260906\mwir_std_solar_direct\MODOUT2.txt,W/(cm^2 sr cm^-1),W/(cm^2 cm^-1),W/(m^2 sr um),W/(m^2 um),value_si=value_native*1e8/(wavelength_um^2),3178.0,3.146633102580239,0.0767,1.61e-07,1.6260491240000003,2.1e-06,21.2093364
mwir_std_solar_direct,D:\HwaSimIR\HwaSim_IR\Bin\Config\Atmosphere\MODTRAN\raw\audit_mwir_standard_20260906\mwir_std_solar_direct\MODOUT2.txt,W/(cm^2 sr cm^-1),W/(cm^2 cm^-1),W/(m^2 sr um),W/(m^2 um),value_si=value_native*1e8/(wavelength_um^2),3179.0,3.1456432840515887,0.5462,1.15e-06,11.62194715,2.1e-06,21.222686099999997
mwir_std_solar_direct,D:\HwaSimIR\HwaSim_IR\Bin\Config\Atmosphere\MODTRAN\raw\audit_mwir_standard_20260906\mwir_std_solar_direct\MODOUT2.txt,W/(cm^2 sr cm^-1),W/(cm^2 cm^-1),W/(m^2 sr um),W/(m^2 um),value_si=value_native*1e8/(wavelength_um^2),3180.0,3.1446540880503147,0.7789,1.64e-06,16.584335999999997,2.1e-06,21.236039999999992
mwir_std_solar_direct,D:\HwaSimIR\HwaSim_IR\Bin\Config\Atmosphere\MODTRAN\raw\audit_mwir_standard_20260906\mwir_std_solar_direct\MODOUT2.txt,W/(cm^2 sr cm^-1),W/(cm^2 cm^-1),W/(m^2 sr um),W/(m^2 um),value_si=value_native*1e8/(wavelength_um^2),3181.0,3.1436655139893115,0.9169,1.93e-06,19.529208730000004,2.1e-06,21.249398099999997
mwir_std_solar_direct,D:\HwaSimIR\HwaSim_IR\Bin\Config\Atmosphere\MODTRAN\raw\audit_mwir_standard_20260906\mwir_std_solar_direct\MODOUT2.txt,W/(cm^2 sr cm^-1),W/(cm^2 cm^-1),W/(m^2 sr um),W/(m^2 um),value_si=value_native*1e8/(wavelength_um^2),3182.0,3.1426775612822127,0.8646,1.82e-06,18.427725679999998,2.1e-06,21.262760399999994
mwir_std_solar_direct,D:\HwaSimIR\HwaSim_IR\Bin\Config\Atmosphere\MODTRAN\raw\audit_mwir_standard_20260906\mwir_std_solar_direct\MODOUT2.txt,W/(cm^2 sr cm^-1),W/(cm^2 cm^-1),W/(m^2 sr um),W/(m^2 um),value_si=value_native*1e8/(wavelength_um^2),3183.0,3.1416902293433866,0.7874,1.66e-06,16.81827174,2.1e-06,21.276126899999998
mwir_std_solar_direct,D:\HwaSimIR\HwaSim_IR\Bin\Config\Atmosphere\MODTRAN\raw\audit_mwir_standard_20260906\mwir_std_solar_direct\MODOUT2.txt,W/(cm^2 sr cm^-1),W/(cm^2 cm^-1),W/(m^2 sr um),W/(m^2 um),value_si=value_native*1e8/(wavelength_um^2),3184.0,3.14070351758794,0.7822,1.65e-06,16.7274624,2.1e-06,21.289497599999997
mwir_std_solar_direct,D:\HwaSimIR\HwaSim_IR\Bin\Config\Atmosphere\MODTRAN\raw\audit_mwir_standard_20260906\mwir_std_solar_direct\MODOUT2.txt,W/(cm^2 sr cm^-1),W/(cm^2 cm^-1),W/(m^2 sr um),W/(m^2 um),value_si=value_native*1e8/(wavelength_um^2),3185.0,3.1397174254317113,0.0787,1.66e-07,1.6839413499999998,2.11e-06,21.404314749999998
mwir_std_solar_direct,D:\HwaSimIR\HwaSim_IR\Bin\Config\Atmosphere\MODTRAN\raw\audit_mwir_standard_20260906\mwir_std_solar_direct\MODOUT2.txt,W/(cm^2 sr cm^-1),W/(cm^2 cm^-1),W/(m^2 sr um),W/(m^2 um),value_si=value_native*1e8/(wavelength_um^2),3186.0,3.138731952291274,0.6762,1.42e-06,14.413846320000001,2.11e-06,21.417757560000002
mwir_std_solar_direct,D:\HwaSimIR\HwaSim_IR\Bin\Config\Atmosphere\MODTRAN\raw\audit_mwir_standard_20260906\mwir_std_solar_direct\MODOUT2.txt,W/(cm^2 sr cm^-1),W/(cm^2 cm^-1),W/(m^2 sr um),W/(m^2 um),value_si=value_native*1e8/(wavelength_um^2),3187.0,3.1377470975839348,0.9285,1.96e-06,19.90765924,2.11e-06,21.43120459
mwir_std_solar_direct,D:\HwaSimIR\HwaSim_IR\Bin\Config\Atmosphere\MODTRAN\raw\audit_mwir_standard_20260906\mwir_std_solar_direct\MODOUT2.txt,W/(cm^2 sr cm^-1),W/(cm^2 cm^-1),W/(m^2 sr um),W/(m^2 um),value_si=value_native*1e8/(wavelength_um^2),3188.0,3.136762860727729,0.9478,2e-06,20.326687999999997,2.11e-06,21.44465584
mwir_std_solar_direct,D:\HwaSimIR\HwaSim_IR\Bin\Config\Atmosphere\MODTRAN\raw\audit_mwir_standard_20260906\mwir_std_solar_direct\MODOUT2.txt,W/(cm^2 sr cm^-1),W/(cm^2 cm^-1),W/(m^2 sr um),W/(m^2 um),value_si=value_native*1e8/(wavelength_um^2),3189.0,3.1357792411414236,0.9628,2.03e-06,20.644533629999998,2.11e-06,21.45811131
mwir_std_solar_direct,D:\HwaSimIR\HwaSim_IR\Bin\Config\Atmosphere\MODTRAN\raw\audit_mwir_standard_20260906\mwir_std_solar_direct\MODOUT2.txt,W/(cm^2 sr cm^-1),W/(cm^2 cm^-1),W/(m^2 sr um),W/(m^2 um),value_si=value_native*1e8/(wavelength_um^2),3190.0,3.134796238244514,0.9543,2.02e-06,20.555722000000003,2.11e-06,21.471571
mwir_std_solar_direct,D:\HwaSimIR\HwaSim_IR\Bin\Config\Atmosphere\MODTRAN\raw\audit_mwir_standard_20260906\mwir_std_solar_direct\MODOUT2.txt,W/(cm^2 sr cm^-1),W/(cm^2 cm^-1),W/(m^2 sr um),W/(m^2 um),value_si=value_native*1e8/(wavelength_um^2),3191.0,3.1338138514572234,0.9362,1.98e-06,20.161312380000002,2.11e-06,21.48503491
mwir_std_solar_direct,D:\HwaSimIR\HwaSim_IR\Bin\Config\Atmosphere\MODTRAN\raw\audit_mwir_standard_20260906\mwir_std_solar_direct\MODOUT2.txt,W/(cm^2 sr cm^-1),W/(cm^2 cm^-1),W/(m^2 sr um),W/(m^2 um),value_si=value_native*1e8/(wavelength_um^2),3192.0,3.1328320802005014,0.8826,1.87e-06,19.053175679999995,2.11e-06,21.498503039999996
mwir_std_solar_direct,D:\HwaSimIR\HwaSim_IR\Bin\Config\Atmosphere\MODTRAN\raw\audit_mwir_standard_20260906\mwir_std_solar_direct\MODOUT2.txt,W/(cm^2 sr cm^-1),W/(cm^2 cm^-1),W/(m^2 sr um),W/(m^2 um),value_si=value_native*1e8/(wavelength_um^2),3193.0,3.1318509238960224,0.9438,2e-06,20.390498,2.11e-06,21.511975390000003
mwir_std_solar_direct,D:\HwaSimIR\HwaSim_IR\Bin\Config\Atmosphere\MODTRAN\raw\audit_mwir_standard_20260906\mwir_std_solar_direct\MODOUT2.txt,W/(cm^2 sr cm^-1),W/(cm^2 cm^-1),W/(m^2 sr um),W/(m^2 um),value_si=value_native*1e8/(wavelength_um^2),3194.0,3.1308703819661865,0.9399,1.99e-06,20.30125564,2.11e-06,21.525451959999998
mwir_std_solar_direct,D:\HwaSimIR\HwaSim_IR\Bin\Config\Atmosphere\MODTRAN\raw\audit_mwir_standard_20260906\mwir_std_solar_direct\MODOUT2.txt,W/(cm^2 sr cm^-1),W/(cm^2 cm^-1),W/(m^2 sr um),W/(m^2 um),value_si=value_native*1e8/(wavelength_um^2),3195.0,3.1298904538341157,0.8635,1.83e-06,18.680685750000002,2.11e-06,21.538932750000004
mwir_std_solar_direct,D:\HwaSimIR\HwaSim_IR\Bin\Config\Atmosphere\MODTRAN\raw\audit_mwir_standard_20260906\mwir_std_solar_direct\MODOUT2.txt,W/(cm^2 sr cm^-1),W/(cm^2 cm^-1),W/(m^2 sr um),W/(m^2 um),value_si=value_native*1e8/(wavelength_um^2),3196.0,3.1289111389236544,0.2725,5.76e-07,5.8835036160000005,2.11e-06,21.55241776
mwir_std_solar_direct,D:\HwaSimIR\HwaSim_IR\Bin\Config\Atmosphere\MODTRAN\raw\audit_mwir_standard_20260906\mwir_std_solar_direct\MODOUT2.txt,W/(cm^2 sr cm^-1),W/(cm^2 cm^-1),W/(m^2 sr um),W/(m^2 um),value_si=value_native*1e8/(wavelength_um^2),3197.0,3.127932436659368,0.4663,9.87e-07,10.087938483,2.12e-06,21.66811508
mwir_std_solar_direct,D:\HwaSimIR\HwaSim_IR\Bin\Config\Atmosphere\MODTRAN\raw\audit_mwir_standard_20260906\mwir_std_solar_direct\MODOUT2.txt,W/(cm^2 sr cm^-1),W/(cm^2 cm^-1),W/(m^2 sr um),W/(m^2 um),value_si=value_native*1e8/(wavelength_um^2),3198.0,3.1269543464665417,0.1193,2.53e-07,2.587482612,2.12e-06,21.68167248
mwir_std_solar_direct,D:\HwaSimIR\HwaSim_IR\Bin\Config\Atmosphere\MODTRAN\raw\audit_mwir_standard_20260906\mwir_std_solar_direct\MODOUT2.txt,W/(cm^2 sr cm^-1),W/(cm^2 cm^-1),W/(m^2 sr um),W/(m^2 um),value_si=value_native*1e8/(wavelength_um^2),3199.0,3.1259768677711786,0.6582,1.4e-06,14.327041399999999,2.12e-06,21.69523412
mwir_std_solar_direct,D:\HwaSimIR\HwaSim_IR\Bin\Config\Atmosphere\MODTRAN\raw\audit_mwir_standard_20260906\mwir_std_solar_direct\MODOUT2.txt,W/(cm^2 sr cm^-1),W/(cm^2 cm^-1),W/(m^2 sr um),W/(m^2 um),value_si=value_native*1e8/(wavelength_um^2),3200.0,3.125,0.3299,7e-07,7.168,2.12e-06,21.7088
mwir_std_solar_direct,D:\HwaSimIR\HwaSim_IR\Bin\Config\Atmosphere\MODTRAN\raw\audit_mwir_standard_20260906\mwir_std_solar_direct\MODOUT2.txt,W/(cm^2 sr cm^-1),W/(cm^2 cm^-1),W/(m^2 sr um),W/(m^2 um),value_si=value_native*1e8/(wavelength_um^2),3201.0,3.1240237425804436,0.8653,1.84e-06,18.85337784,2.13e-06,21.824834130000003
mwir_std_solar_direct,D:\HwaSimIR\HwaSim_IR\Bin\Config\Atmosphere\MODTRAN\raw\audit_mwir_standard_20260906\mwir_std_solar_direct\MODOUT2.txt,W/(cm^2 sr cm^-1),W/(cm^2 cm^-1),W/(m^2 sr um),W/(m^2 um),value_si=value_native*1e8/(wavelength_um^2),3202.0,3.1230480949406623,0.9227,1.96e-06,20.095495839999998,2.12e-06,21.735944479999997
mwir_std_solar_direct,D:\HwaSimIR\HwaSim_IR\Bin\Config\Atmosphere\MODTRAN\raw\audit_mwir_standard_20260906\mwir_std_solar_direct\MODOUT2.txt,W/(cm^2 sr cm^-1),W/(cm^2 cm^-1),W/(m^2 sr um),W/(m^2 um),value_si=value_native*1e8/(wavelength_um^2),3203.0,3.1220730565095223,0.9167,1.95e-06,20.005457550000003,2.13e-06,21.85211517
mwir_std_solar_direct,D:\HwaSimIR\HwaSim_IR\Bin\Config\Atmosphere\MODTRAN\raw\audit_mwir_standard_20260906\mwir_std_solar_direct\MODOUT2.txt,W/(cm^2 sr cm^-1),W/(cm^2 cm^-1),W/(m^2 sr um),W/(m^2 um),value_si=value_native*1e8/(wavelength_um^2),3204.0,3.1210986267166043,0.9436,2.01e-06,20.633888159999994,2.13e-06,21.865762079999996
mwir_std_solar_direct,D:\HwaSimIR\HwaSim_IR\Bin\Config\Atmosphere\MODTRAN\raw\audit_mwir_standard_20260906\mwir_std_solar_direct\MODOUT2.txt,W/(cm^2 sr cm^-1),W/(cm^2 cm^-1),W/(m^2 sr um),W/(m^2 um),value_si=value_native*1e8/(wavelength_um^2),3205.0,3.1201248049921997,0.9388,2e-06,20.544050000000002,2.13e-06,21.879413250000002
mwir_std_solar_direct,D:\HwaSimIR\HwaSim_IR\Bin\Config\Atmosphere\MODTRAN\raw\audit_mwir_standard_20260906\mwir_std_solar_direct\MODOUT2.txt,W/(cm^2 sr cm^-1),W/(cm^2 cm^-1),W/(m^2 sr um),W/(m^2 um),value_si=value_native*1e8/(wavelength_um^2),3206.0,3.119151590767311,0.9494,2.02e-06,20.76244072,2.13e-06,21.893068680000003
mwir_std_solar_direct,D:\HwaSimIR\HwaSim_IR\Bin\Config\Atmosphere\MODTRAN\raw\audit_mwir_standard_20260906\mwir_std_solar_direct\MODOUT2.txt,W/(cm^2 sr cm^-1),W/(cm^2 cm^-1),W/(m^2 sr um),W/(m^2 um),value_si=value_native*1e8/(wavelength_um^2),3207.0,3.1181789834736513,0.8755,1.85e-06,19.02697065,2.12e-06,21.80387988
mwir_std_solar_direct,D:\HwaSimIR\HwaSim_IR\Bin\Config\Atmosphere\MODTRAN\raw\audit_mwir_standard_20260906\mwir_std_solar_direct\MODOUT2.txt,W/(cm^2 sr cm^-1),W/(cm^2 cm^-1),W/(m^2 sr um),W/(m^2 um),value_si=value_native*1e8/(wavelength_um^2),3208.0,3.117206982543641,0.8793,1.86e-06,19.14175104,2.11e-06,21.71456704
mwir_std_solar_direct,D:\HwaSimIR\HwaSim_IR\Bin\Config\Atmosphere\MODTRAN\raw\audit_mwir_standard_20260906\mwir_std_solar_direct\MODOUT2.txt,W/(cm^2 sr cm^-1),W/(cm^2 cm^-1),W/(m^2 sr um),W/(m^2 um),value_si=value_native*1e8/(wavelength_um^2),3209.0,3.1162355874104084,0.5272,1.11e-06,11.430425909999999,2.1e-06,21.625130099999996
mwir_std_solar_direct,D:\HwaSimIR\HwaSim_IR\Bin\Config\Atmosphere\MODTRAN\raw\audit_mwir_standard_20260906\mwir_std_solar_direct\MODOUT2.txt,W/(cm^2 sr cm^-1),W/(cm^2 cm^-1),W/(m^2 sr um),W/(m^2 um),value_si=value_native*1e8/(wavelength_um^2),3210.0,3.115264797507788,0.1761,3.69e-07,3.8022129000000002,2.1e-06,21.63861
mwir_std_solar_direct,D:\HwaSimIR\HwaSim_IR\Bin\Config\Atmosphere\MODTRAN\raw\audit_mwir_standard_20260906\mwir_std_solar_direct\MODOUT2.txt,W/(cm^2 sr cm^-1),W/(cm^2 cm^-1),W/(m^2 sr um),W/(m^2 um),value_si=value_native*1e8/(wavelength_um^2),3211.0,3.114294612270321,0.7396,1.55e-06,15.981307549999999,2.1e-06,21.652094099999996
mwir_std_solar_direct,D:\HwaSimIR\HwaSim_IR\Bin\Config\Atmosphere\MODTRAN\raw\audit_mwir_standard_20260906\mwir_std_solar_direct\MODOUT2.txt,W/(cm^2 sr cm^-1),W/(cm^2 cm^-1),W/(m^2 sr um),W/(m^2 um),value_si=value_native*1e8/(wavelength_um^2),3212.0,3.1133250311332503,0.8534,1.8e-06,18.5704992,2.11e-06,21.76875184
mwir_std_solar_direct,D:\HwaSimIR\HwaSim_IR\Bin\Config\Atmosphere\MODTRAN\raw\audit_mwir_standard_20260906\mwir_std_solar_direct\MODOUT2.txt,W/(cm^2 sr cm^-1),W/(cm^2 cm^-1),W/(m^2 sr um),W/(m^2 um),value_si=value_native*1e8/(wavelength_um^2),3213.0,3.1123560535325243,0.7163,1.52e-06,15.691520879999999,2.12e-06,21.885542279999996
mwir_std_solar_direct,D:\HwaSimIR\HwaSim_IR\Bin\Config\Atmosphere\MODTRAN\raw\audit_mwir_standard_20260906\mwir_std_solar_direct\MODOUT2.txt,W/(cm^2 sr cm^-1),W/(cm^2 cm^-1),W/(m^2 sr um),W/(m^2 um),value_si=value_native*1e8/(wavelength_um^2),3214.0,3.1113876789047916,0.0882,1.89e-07,1.9523314440000001,2.14e-06,22.105763439999997
mwir_std_solar_direct,D:\HwaSimIR\HwaSim_IR\Bin\Config\Atmosphere\MODTRAN\raw\audit_mwir_standard_20260906\mwir_std_solar_direct\MODOUT2.txt,W/(cm^2 sr cm^-1),W/(cm^2 cm^-1),W/(m^2 sr um),W/(m^2 um),value_si=value_native*1e8/(wavelength_um^2),3215.0,3.1104199066874028,0.5385,1.15e-06,11.88665875,2.14e-06,22.119521499999998
mwir_std_solar_direct,D:\HwaSimIR\HwaSim_IR\Bin\Config\Atmosphere\MODTRAN\raw\audit_mwir_standard_20260906\mwir_std_solar_direct\MODOUT2.txt,W/(cm^2 sr cm^-1),W/(cm^2 cm^-1),W/(m^2 sr um),W/(m^2 um),value_si=value_native*1e8/(wavelength_um^2),3216.0,3.109452736318408,0.7118,1.53e-06,15.824263679999998,2.14e-06,22.133283839999994
mwir_std_solar_direct,D:\HwaSimIR\HwaSim_IR\Bin\Config\Atmosphere\MODTRAN\raw\audit_mwir_standard_20260906\mwir_std_solar_direct\MODOUT2.txt,W/(cm^2 sr cm^-1),W/(cm^2 cm^-1),W/(m^2 sr um),W/(m^2 um),value_si=value_native*1e8/(wavelength_um^2),3217.0,3.108486167236556,0.5792,1.24e-06,12.83287036,2.14e-06,22.147050459999996
mwir_std_solar_direct,D:\HwaSimIR\HwaSim_IR\Bin\Config\Atmosphere\MODTRAN\raw\audit_mwir_standard_20260906\mwir_std_solar_direct\MODOUT2.txt,W/(cm^2 sr cm^-1),W/(cm^2 cm^-1),W/(m^2 sr um),W/(m^2 um),value_si=value_native*1e8/(wavelength_um^2),3218.0,3.107520198881293,0.8,1.72e-06,17.811501279999998,2.14e-06,22.160821359999993
mwir_std_solar_direct,D:\HwaSimIR\HwaSim_IR\Bin\Config\Atmosphere\MODTRAN\raw\audit_mwir_standard_20260906\mwir_std_solar_direct\MODOUT2.txt,W/(cm^2 sr cm^-1),W/(cm^2 cm^-1),W/(m^2 sr um),W/(m^2 um),value_si=value_native*1e8/(wavelength_um^2),3219.0,3.1065548306927617,0.2754,5.91e-07,6.123918951,2.15e-06,22.278216150000002
mwir_std_solar_direct,D:\HwaSimIR\HwaSim_IR\Bin\Config\Atmosphere\MODTRAN\raw\audit_mwir_standard_20260906\mwir_std_solar_direct\MODOUT2.txt,W/(cm^2 sr cm^-1),W/(cm^2 cm^-1),W/(m^2 sr um),W/(m^2 um),value_si=value_native*1e8/(wavelength_um^2),3220.0,3.1055900621118013,0.1816,3.9e-07,4.043676,2.15e-06,22.292060000000003
mwir_std_solar_direct,D:\HwaSimIR\HwaSim_IR\Bin\Config\Atmosphere\MODTRAN\raw\audit_mwir_standard_20260906\mwir_std_solar_direct\MODOUT2.txt,W/(cm^2 sr cm^-1),W/(cm^2 cm^-1),W/(m^2 sr um),W/(m^2 um),value_si=value_native*1e8/(wavelength_um^2),3221.0,3.104625892579944,0.6841,1.47e-06,15.25101627,2.15e-06,22.30590815
mwir_std_solar_direct,D:\HwaSimIR\HwaSim_IR\Bin\Config\Atmosphere\MODTRAN\raw\audit_mwir_standard_20260906\mwir_std_solar_direct\MODOUT2.txt,W/(cm^2 sr cm^-1),W/(cm^2 cm^-1),W/(m^2 sr um),W/(m^2 um),value_si=value_native*1e8/(wavelength_um^2),3222.0,3.1036623215394163,0.3707,7.98e-07,8.284264632000001,2.15e-06,22.319760600000006
mwir_std_solar_direct,D:\HwaSimIR\HwaSim_IR\Bin\Config\Atmosphere\MODTRAN\raw\audit_mwir_standard_20260906\mwir_std_solar_direct\MODOUT2.txt,W/(cm^2 sr cm^-1),W/(cm^2 cm^-1),W/(m^2 sr um),W/(m^2 um),value_si=value_native*1e8/(wavelength_um^2),3223.0,3.102699348433137,0.8281,1.78e-06,18.490157619999998,2.15e-06,22.33361735
mwir_std_solar_direct,D:\HwaSimIR\HwaSim_IR\Bin\Config\Atmosphere\MODTRAN\raw\audit_mwir_standard_20260906\mwir_std_solar_direct\MODOUT2.txt,W/(cm^2 sr cm^-1),W/(cm^2 cm^-1),W/(m^2 sr um),W/(m^2 um),value_si=value_native*1e8/(wavelength_um^2),3224.0,3.101736972704715,0.9306,2e-06,20.788352,2.15e-06,22.3474784
mwir_std_solar_direct,D:\HwaSimIR\HwaSim_IR\Bin\Config\Atmosphere\MODTRAN\raw\audit_mwir_standard_20260906\mwir_std_solar_direct\MODOUT2.txt,W/(cm^2 sr cm^-1),W/(cm^2 cm^-1),W/(m^2 sr um),W/(m^2 um),value_si=value_native*1e8/(wavelength_um^2),3225.0,3.10077519379845,0.9238,1.99e-06,20.69724375,2.15e-06,22.36134375
mwir_std_solar_direct,D:\HwaSimIR\HwaSim_IR\Bin\Config\Atmosphere\MODTRAN\raw\audit_mwir_standard_20260906\mwir_std_solar_direct\MODOUT2.txt,W/(cm^2 sr cm^-1),W/(cm^2 cm^-1),W/(m^2 sr um),W/(m^2 um),value_si=value_native*1e8/(wavelength_um^2),3226.0,3.0998140111593306,0.677,1.45e-06,15.0902602,2.15e-06,22.375213400000003
mwir_std_solar_direct,D:\HwaSimIR\HwaSim_IR\Bin\Config\Atmosphere\MODTRAN\raw\audit_mwir_standard_20260906\mwir_std_solar_direct\MODOUT2.txt,W/(cm^2 sr cm^-1),W/(cm^2 cm^-1),W/(m^2 sr um),W/(m^2 um),value_si=value_native*1e8/(wavelength_um^2),3227.0,3.0988534242330337,0.4783,1.03e-06,10.725934870000001,2.15e-06,22.389087350000004
mwir_std_solar_direct,D:\HwaSimIR\HwaSim_IR\Bin\Config\Atmosphere\MODTRAN\raw\audit_mwir_standard_20260906\mwir_std_solar_direct\MODOUT2.txt,W/(cm^2 sr cm^-1),W/(cm^2 cm^-1),W/(m^2 sr um),W/(m^2 um),value_si=value_native*1e8/(wavelength_um^2),3228.0,3.097893432465923,0.6487,1.39e-06,14.48377776,2.15e-06,22.4029656
mwir_std_solar_direct,D:\HwaSimIR\HwaSim_IR\Bin\Config\Atmosphere\MODTRAN\raw\audit_mwir_standard_20260906\mwir_std_solar_direct\MODOUT2.txt,W/(cm^2 sr cm^-1),W/(cm^2 cm^-1),W/(m^2 sr um),W/(m^2 um),value_si=value_native*1e8/(wavelength_um^2),3229.0,3.096934035305048,0.7121,1.53e-06,15.952454730000001,2.15e-06,22.416848150000003
mwir_std_solar_direct,D:\HwaSimIR\HwaSim_IR\Bin\Config\Atmosphere\MODTRAN\raw\audit_mwir_standard_20260906\mwir_std_solar_direct\MODOUT2.txt,W/(cm^2 sr cm^-1),W/(cm^2 cm^-1),W/(m^2 sr um),W/(m^2 um),value_si=value_native*1e8/(wavelength_um^2),3230.0,3.0959752321981426,0.2141,4.61e-07,4.809566899999999,2.15e-06,22.430735
mwir_std_solar_direct,D:\HwaSimIR\HwaSim_IR\Bin\Config\Atmosphere\MODTRAN\raw\audit_mwir_standard_20260906\mwir_std_solar_direct\MODOUT2.txt,W/(cm^2 sr cm^-1),W/(cm^2 cm^-1),W/(m^2 sr um),W/(m^2 um),value_si=value_native*1e8/(wavelength_um^2),3231.0,3.095017022593624,0.6728,1.45e-06,15.13707345,2.16e-06,22.549019760000004
mwir_std_solar_direct,D:\HwaSimIR\HwaSim_IR\Bin\Config\Atmosphere\MODTRAN\raw\audit_mwir_standard_20260906\mwir_std_solar_direct\MODOUT2.txt,W/(cm^2 sr cm^-1),W/(cm^2 cm^-1),W/(m^2 sr um),W/(m^2 um),value_si=value_native*1e8/(wavelength_um^2),3232.0,3.094059405940594,0.5664,1.23e-06,12.848363520000001,2.16e-06,22.562979839999997
mwir_std_solar_direct,D:\HwaSimIR\HwaSim_IR\Bin\Config\Atmosphere\MODTRAN\raw\audit_mwir_standard_20260906\mwir_std_solar_direct\MODOUT2.txt,W/(cm^2 sr cm^-1),W/(cm^2 cm^-1),W/(m^2 sr um),W/(m^2 um),value_si=value_native*1e8/(wavelength_um^2),3233.0,3.093102381688834,0.2678,5.79e-07,6.051875331,2.16e-06,22.57694424
mwir_std_solar_direct,D:\HwaSimIR\HwaSim_IR\Bin\Config\Atmosphere\MODTRAN\raw\audit_mwir_standard_20260906\mwir_std_solar_direct\MODOUT2.txt,W/(cm^2 sr cm^-1),W/(cm^2 cm^-1),W/(m^2 sr um),W/(m^2 um),value_si=value_native*1e8/(wavelength_um^2),3234.0,3.0921459492888066,0.8182,1.77e-06,18.511998119999998,2.16e-06,22.590912959999997
mwir_std_solar_direct,D:\HwaSimIR\HwaSim_IR\Bin\Config\Atmosphere\MODTRAN\raw\audit_mwir_standard_20260906\mwir_std_solar_direct\MODOUT2.txt,W/(cm^2 sr cm^-1),W/(cm^2 cm^-1),W/(m^2 sr um),W/(m^2 um),value_si=value_native*1e8/(wavelength_um^2),3235.0,3.091190108191654,0.8323,1.8e-06,18.837404999999997,2.16e-06,22.604885999999997
mwir_std_solar_direct,D:\HwaSimIR\HwaSim_IR\Bin\Config\Atmosphere\MODTRAN\raw\audit_mwir_standard_20260906\mwir_std_solar_direct\MODOUT2.txt,W/(cm^2 sr cm^-1),W/(cm^2 cm^-1),W/(m^2 sr um),W/(m^2 um),value_si=value_native*1e8/(wavelength_um^2),3236.0,3.0902348578491967,0.6066,1.31e-06,13.717921759999998,2.16e-06,22.618863359999995
mwir_std_solar_direct,D:\HwaSimIR\HwaSim_IR\Bin\Config\Atmosphere\MODTRAN\raw\audit_mwir_standard_20260906\mwir_std_solar_direct\MODOUT2.txt,W/(cm^2 sr cm^-1),W/(cm^2 cm^-1),W/(m^2 sr um),W/(m^2 um),value_si=value_native*1e8/(wavelength_um^2),3237.0,3.089280197713933,0.3688,7.98e-07,8.361578861999998,2.16e-06,22.632845039999996
mwir_std_solar_direct,D:\HwaSimIR\HwaSim_IR\Bin\Config\Atmosphere\MODTRAN\raw\audit_mwir_standard_20260906\mwir_std_solar_direct\MODOUT2.txt,W/(cm^2 sr cm^-1),W/(cm^2 cm^-1),W/(m^2 sr um),W/(m^2 um),value_si=value_native*1e8/(wavelength_um^2),3238.0,3.0883261272390365,0.7907,1.71e-06,17.928741239999997,2.16e-06,22.64683104
mwir_std_solar_direct,D:\HwaSimIR\HwaSim_IR\Bin\Config\Atmosphere\MODTRAN\raw\audit_mwir_standard_20260906\mwir_std_solar_direct\MODOUT2.txt,W/(cm^2 sr cm^-1),W/(cm^2 cm^-1),W/(m^2 sr um),W/(m^2 um),value_si=value_native*1e8/(wavelength_um^2),3239.0,3.0873726458783577,0.8825,1.91e-06,20.038041109999998,2.16e-06,22.66082136
mwir_std_solar_direct,D:\HwaSimIR\HwaSim_IR\Bin\Config\Atmosphere\MODTRAN\raw\audit_mwir_standard_20260906\mwir_std_solar_direct\MODOUT2.txt,W/(cm^2 sr cm^-1),W/(cm^2 cm^-1),W/(m^2 sr um),W/(m^2 um),value_si=value_native*1e8/(wavelength_um^2),3240.0,3.0864197530864197,0.3596,7.79e-07,8.177630399999998,2.17e-06,22.779792
mwir_std_solar_direct,D:\HwaSimIR\HwaSim_IR\Bin\Config\Atmosphere\MODTRAN\raw\audit_mwir_standard_20260906\mwir_std_solar_direct\MODOUT2.txt,W/(cm^2 sr cm^-1),W/(cm^2 cm^-1),W/(m^2 sr um),W/(m^2 um),value_si=value_native*1e8/(wavelength_um^2),3241.0,3.08546744831842,0.7977,1.73e-06,18.172060130000002,2.16e-06,22.688814960000002
mwir_std_solar_direct,D:\HwaSimIR\HwaSim_IR\Bin\Config\Atmosphere\MODTRAN\raw\audit_mwir_standard_20260906\mwir_std_solar_direct\MODOUT2.txt,W/(cm^2 sr cm^-1),W/(cm^2 cm^-1),W/(m^2 sr um),W/(m^2 um),value_si=value_native*1e8/(wavelength_um^2),3242.0,3.0845157310302285,0.6239,1.35e-06,14.189261399999998,2.16e-06,22.702818239999996
mwir_std_solar_direct,D:\HwaSimIR\HwaSim_IR\Bin\Config\Atmosphere\MODTRAN\raw\audit_mwir_standard_20260906\mwir_std_solar_direct\MODOUT2.txt,W/(cm^2 sr cm^-1),W/(cm^2 cm^-1),W/(m^2 sr um),W/(m^2 um),value_si=value_native*1e8/(wavelength_um^2),3243.0,3.0835646006783843,0.7222,1.57e-06,16.511766929999997,2.17e-06,22.821996329999997
mwir_std_solar_direct,D:\HwaSimIR\HwaSim_IR\Bin\Config\Atmosphere\MODTRAN\raw\audit_mwir_standard_20260906\mwir_std_solar_direct\MODOUT2.txt,W/(cm^2 sr cm^-1),W/(cm^2 cm^-1),W/(m^2 sr um),W/(m^2 um),value_si=value_native*1e8/(wavelength_um^2),3244.0,3.082614056720099,0.5416,1.17e-06,12.312537119999998,2.17e-06,22.83607312
mwir_std_solar_direct,D:\HwaSimIR\HwaSim_IR\Bin\Config\Atmosphere\MODTRAN\raw\audit_mwir_standard_20260906\mwir_std_solar_direct\MODOUT2.txt,W/(cm^2 sr cm^-1),W/(cm^2 cm^-1),W/(m^2 sr um),W/(m^2 um),value_si=value_native*1e8/(wavelength_um^2),3245.0,3.0816640986132513,0.0346,7.51e-08,0.7908048775000001,2.17e-06,22.85015425
mwir_std_solar_direct,D:\HwaSimIR\HwaSim_IR\Bin\Config\Atmosphere\MODTRAN\raw\audit_mwir_standard_20260906\mwir_std_solar_direct\MODOUT2.txt,W/(cm^2 sr cm^-1),W/(cm^2 cm^-1),W/(m^2 sr um),W/(m^2 um),value_si=value_native*1e8/(wavelength_um^2),3246.0,3.0807147258163896,0.6035,1.31e-06,13.802835959999998,2.17e-06,22.864239719999997
mwir_std_solar_direct,D:\HwaSimIR\HwaSim_IR\Bin\Config\Atmosphere\MODTRAN\raw\audit_mwir_standard_20260906\mwir_std_solar_direct\MODOUT2.txt,W/(cm^2 sr cm^-1),W/(cm^2 cm^-1),W/(m^2 sr um),W/(m^2 um),value_si=value_native*1e8/(wavelength_um^2),3247.0,3.079765937788728,0.7283,1.59e-06,16.76338431,2.18e-06,22.983759619999997
mwir_std_solar_direct,D:\HwaSimIR\HwaSim_IR\Bin\Config\Atmosphere\MODTRAN\raw\audit_mwir_standard_20260906\mwir_std_solar_direct\MODOUT2.txt,W/(cm^2 sr cm^-1),W/(cm^2 cm^-1),W/(m^2 sr um),W/(m^2 um),value_si=value_native*1e8/(wavelength_um^2),3248.0,3.0788177339901477,0.9224,2.01e-06,21.20450304,2.18e-06,22.99791872
mwir_std_solar_direct,D:\HwaSimIR\HwaSim_IR\Bin\Config\Atmosphere\MODTRAN\raw\audit_mwir_standard_20260906\mwir_std_solar_direct\MODOUT2.txt,W/(cm^2 sr cm^-1),W/(cm^2 cm^-1),W/(m^2 sr um),W/(m^2 um),value_si=value_native*1e8/(wavelength_um^2),3249.0,3.077870113881194,0.8844,1.93e-06,20.373081930000005,2.18e-06,23.012082180000004
mwir_std_solar_direct,D:\HwaSimIR\HwaSim_IR\Bin\Config\Atmosphere\MODTRAN\raw\audit_mwir_standard_20260906\mwir_std_solar_direct\MODOUT2.txt,W/(cm^2 sr cm^-1),W/(cm^2 cm^-1),W/(m^2 sr um),W/(m^2 um),value_si=value_native*1e8/(wavelength_um^2),3250.0,3.076923076923077,0.9436,2.06e-06,21.758750000000003,2.18e-06,23.026249999999997
mwir_std_solar_direct,D:\HwaSimIR\HwaSim_IR\Bin\Config\Atmosphere\MODTRAN\raw\audit_mwir_standard_20260906\mwir_std_solar_direct\MODOUT2.txt,W/(cm^2 sr cm^-1),W/(cm^2 cm^-1),W/(m^2 sr um),W/(m^2 um),value_si=value_native*1e8/(wavelength_um^2),3251.0,3.0759766225776684,0.942,2.06e-06,21.772142060000004,2.19e-06,23.146112190000004
mwir_std_solar_direct,D:\HwaSimIR\HwaSim_IR\Bin\Config\Atmosphere\MODTRAN\raw\audit_mwir_standard_20260906\mwir_std_solar_direct\MODOUT2.txt,W/(cm^2 sr cm^-1),W/(cm^2 cm^-1),W/(m^2 sr um),W/(m^2 um),value_si=value_native*1e8/(wavelength_um^2),3252.0,3.075030750307503,0.8787,1.92e-06,20.304967679999997,2.19e-06,23.160353760000003
mwir_std_solar_direct,D:\HwaSimIR\HwaSim_IR\Bin\Config\Atmosphere\MODTRAN\raw\audit_mwir_standard_20260906\mwir_std_solar_direct\MODOUT2.txt,W/(cm^2 sr cm^-1),W/(cm^2 cm^-1),W/(m^2 sr um),W/(m^2 um),value_si=value_native*1e8/(wavelength_um^2),3253.0,3.0740854595757763,0.81,1.77e-06,18.73015593,2.19e-06,23.174599710000003
mwir_std_solar_direct,D:\HwaSimIR\HwaSim_IR\Bin\Config\Atmosphere\MODTRAN\raw\audit_mwir_standard_20260906\mwir_std_solar_direct\MODOUT2.txt,W/(cm^2 sr cm^-1),W/(cm^2 cm^-1),W/(m^2 sr um),W/(m^2 um),value_si=value_native*1e8/(wavelength_um^2),3254.0,3.073140749846343,0.1705,3.73e-07,3.9495164680000006,2.19e-06,23.188850040000005
mwir_std_solar_direct,D:\HwaSimIR\HwaSim_IR\Bin\Config\Atmosphere\MODTRAN\raw\audit_mwir_standard_20260906\mwir_std_solar_direct\MODOUT2.txt,W/(cm^2 sr cm^-1),W/(cm^2 cm^-1),W/(m^2 sr um),W/(m^2 um),value_si=value_native*1e8/(wavelength_um^2),3255.0,3.0721966205837172,0.6338,1.39e-06,14.727084750000001,2.19e-06,23.203104750000005
mwir_std_solar_direct,D:\HwaSimIR\HwaSim_IR\Bin\Config\Atmosphere\MODTRAN\raw\audit_mwir_standard_20260906\mwir_std_solar_direct\MODOUT2.txt,W/(cm^2 sr cm^-1),W/(cm^2 cm^-1),W/(m^2 sr um),W/(m^2 um),value_si=value_native*1e8/(wavelength_um^2),3256.0,3.0712530712530715,0.7268,1.59e-06,16.85644224,2.19e-06,23.21736384
mwir_std_solar_direct,D:\HwaSimIR\HwaSim_IR\Bin\Config\Atmosphere\MODTRAN\raw\audit_mwir_standard_20260906\mwir_std_solar_direct\MODOUT2.txt,W/(cm^2 sr cm^-1),W/(cm^2 cm^-1),W/(m^2 sr um),W/(m^2 um),value_si=value_native*1e8/(wavelength_um^2),3257.0,3.070310101320233,0.3212,7.02e-07,7.4468503980000005,2.19e-06,23.231627310000004
mwir_std_solar_direct,D:\HwaSimIR\HwaSim_IR\Bin\Config\Atmosphere\MODTRAN\raw\audit_mwir_standard_20260906\mwir_std_solar_direct\MODOUT2.txt,W/(cm^2 sr cm^-1),W/(cm^2 cm^-1),W/(m^2 sr um),W/(m^2 um),value_si=value_native*1e8/(wavelength_um^2),3258.0,3.0693677102516883,0.6493,1.42e-06,15.072680879999998,2.19e-06,23.24589516
mwir_std_solar_direct,D:\HwaSimIR\HwaSim_IR\Bin\Config\Atmosphere\MODTRAN\raw\audit_mwir_standard_20260906\mwir_std_solar_direct\MODOUT2.txt,W/(cm^2 sr cm^-1),W/(cm^2 cm^-1),W/(m^2 sr um),W/(m^2 um),value_si=value_native*1e8/(wavelength_um^2),3259.0,3.068425897514575,0.8917,1.95e-06,20.711107950000002,2.19e-06,23.260167390000003
mwir_std_solar_direct,D:\HwaSimIR\HwaSim_IR\Bin\Config\Atmosphere\MODTRAN\raw\audit_mwir_standard_20260906\mwir_std_solar_direct\MODOUT2.txt,W/(cm^2 sr cm^-1),W/(cm^2 cm^-1),W/(m^2 sr um),W/(m^2 um),value_si=value_native*1e8/(wavelength_um^2),3260.0,3.067484662576687,0.508,1.11e-06,11.796636000000001,2.19e-06,23.274444000000003
mwir_std_solar_direct,D:\HwaSimIR\HwaSim_IR\Bin\Config\Atmosphere\MODTRAN\raw\audit_mwir_standard_20260906\mwir_std_solar_direct\MODOUT2.txt,W/(cm^2 sr cm^-1),W/(cm^2 cm^-1),W/(m^2 sr um),W/(m^2 um),value_si=value_native*1e8/(wavelength_um^2),3261.0,3.0665440049064703,0.7274,1.59e-06,16.90825239,2.18e-06,23.182383780000002
mwir_std_solar_direct,D:\HwaSimIR\HwaSim_IR\Bin\Config\Atmosphere\MODTRAN\raw\audit_mwir_standard_20260906\mwir_std_solar_direct\MODOUT2.txt,W/(cm^2 sr cm^-1),W/(cm^2 cm^-1),W/(m^2 sr um),W/(m^2 um),value_si=value_native*1e8/(wavelength_um^2),3262.0,3.065603923973023,0.9258,2.02e-06,21.494100879999998,2.19e-06,23.30301036
mwir_std_solar_direct,D:\HwaSimIR\HwaSim_IR\Bin\Config\Atmosphere\MODTRAN\raw\audit_mwir_standard_20260906\mwir_std_solar_direct\MODOUT2.txt,W/(cm^2 sr cm^-1),W/(cm^2 cm^-1),W/(m^2 sr um),W/(m^2 um),value_si=value_native*1e8/(wavelength_um^2),3263.0,3.0646644192460926,0.6024,1.32e-06,14.054263079999998,2.19e-06,23.31730011
mwir_std_solar_direct,D:\HwaSimIR\HwaSim_IR\Bin\Config\Atmosphere\MODTRAN\raw\audit_mwir_standard_20260906\mwir_std_solar_direct\MODOUT2.txt,W/(cm^2 sr cm^-1),W/(cm^2 cm^-1),W/(m^2 sr um),W/(m^2 um),value_si=value_native*1e8/(wavelength_um^2),3264.0,3.0637254901960786,0.8034,1.76e-06,18.750504959999997,2.19e-06,23.331594239999998
mwir_std_solar_direct,D:\HwaSimIR\HwaSim_IR\Bin\Config\Atmosphere\MODTRAN\raw\audit_mwir_standard_20260906\mwir_std_solar_direct\MODOUT2.txt,W/(cm^2 sr cm^-1),W/(cm^2 cm^-1),W/(m^2 sr um),W/(m^2 um),value_si=value_native*1e8/(wavelength_um^2),3265.0,3.0627871362940278,0.4077,8.95e-07,9.540901374999999,2.2e-06,23.452494999999995
mwir_std_solar_direct,D:\HwaSimIR\HwaSim_IR\Bin\Config\Atmosphere\MODTRAN\raw\audit_mwir_standard_20260906\mwir_std_solar_direct\MODOUT2.txt,W/(cm^2 sr cm^-1),W/(cm^2 cm^-1),W/(m^2 sr um),W/(m^2 um),value_si=value_native*1e8/(wavelength_um^2),3266.0,3.061849357011635,0.6042,1.33e-06,14.186785480000001,2.2e-06,23.466863200000002
mwir_std_solar_direct,D:\HwaSimIR\HwaSim_IR\Bin\Config\Atmosphere\MODTRAN\raw\audit_mwir_standard_20260906\mwir_std_solar_direct\MODOUT2.txt,W/(cm^2 sr cm^-1),W/(cm^2 cm^-1),W/(m^2 sr um),W/(m^2 um),value_si=value_native*1e8/(wavelength_um^2),3267.0,3.0609121518212428,0.8758,1.93e-06,20.59944777,2.2e-06,23.481235799999997
mwir_std_solar_direct,D:\HwaSimIR\HwaSim_IR\Bin\Config\Atmosphere\MODTRAN\raw\audit_mwir_standard_20260906\mwir_std_solar_direct\MODOUT2.txt,W/(cm^2 sr cm^-1),W/(cm^2 cm^-1),W/(m^2 sr um),W/(m^2 um),value_si=value_native*1e8/(wavelength_um^2),3268.0,3.0599755201958385,0.9467,2.09e-06,22.32083216,2.2e-06,23.495612799999996
mwir_std_solar_direct,D:\HwaSimIR\HwaSim_IR\Bin\Config\Atmosphere\MODTRAN\raw\audit_mwir_standard_20260906\mwir_std_solar_direct\MODOUT2.txt,W/(cm^2 sr cm^-1),W/(cm^2 cm^-1),W/(m^2 sr um),W/(m^2 um),value_si=value_native*1e8/(wavelength_um^2),3269.0,3.059039461609055,0.9455,2.08e-06,22.22763088,2.2e-06,23.509994199999998
mwir_std_solar_direct,D:\HwaSimIR\HwaSim_IR\Bin\Config\Atmosphere\MODTRAN\raw\audit_mwir_standard_20260906\mwir_std_solar_direct\MODOUT2.txt,W/(cm^2 sr cm^-1),W/(cm^2 cm^-1),W/(m^2 sr um),W/(m^2 um),value_si=value_native*1e8/(wavelength_um^2),3270.0,3.058103975535168,0.7277,1.6e-06,17.108639999999998,2.2e-06,23.524379999999997
mwir_std_solar_direct,D:\HwaSimIR\HwaSim_IR\Bin\Config\Atmosphere\MODTRAN\raw\audit_mwir_standard_20260906\mwir_std_solar_direct\MODOUT2.txt,W/(cm^2 sr cm^-1),W/(cm^2 cm^-1),W/(m^2 sr um),W/(m^2 um),value_si=value_native*1e8/(wavelength_um^2),3271.0,3.0571690614490983,0.5345,1.18e-06,12.625340379999997,2.2e-06,23.5387702
mwir_std_solar_direct,D:\HwaSimIR\HwaSim_IR\Bin\Config\Atmosphere\MODTRAN\raw\audit_mwir_standard_20260906\mwir_std_solar_direct\MODOUT2.txt,W/(cm^2 sr cm^-1),W/(cm^2 cm^-1),W/(m^2 sr um),W/(m^2 um),value_si=value_native*1e8/(wavelength_um^2),3272.0,3.056234718826406,0.5077,1.12e-06,11.99070208,2.2e-06,23.553164799999998
mwir_std_solar_direct,D:\HwaSimIR\HwaSim_IR\Bin\Config\Atmosphere\MODTRAN\raw\audit_mwir_standard_20260906\mwir_std_solar_direct\MODOUT2.txt,W/(cm^2 sr cm^-1),W/(cm^2 cm^-1),W/(m^2 sr um),W/(m^2 um),value_si=value_native*1e8/(wavelength_um^2),3273.0,3.0553009471432935,0.4096,9.04e-07,9.684126216000001,2.21e-06,23.67468909
mwir_std_solar_direct,D:\HwaSimIR\HwaSim_IR\Bin\Config\Atmosphere\MODTRAN\raw\audit_mwir_standard_20260906\mwir_std_solar_direct\MODOUT2.txt,W/(cm^2 sr cm^-1),W/(cm^2 cm^-1),W/(m^2 sr um),W/(m^2 um),value_si=value_native*1e8/(wavelength_um^2),3274.0,3.0543677458766036,0.1193,2.63e-07,2.8191169879999998,2.21e-06,23.68915796
mwir_std_solar_direct,D:\HwaSimIR\HwaSim_IR\Bin\Config\Atmosphere\MODTRAN\raw\audit_mwir_standard_20260906\mwir_std_solar_direct\MODOUT2.txt,W/(cm^2 sr cm^-1),W/(cm^2 cm^-1),W/(m^2 sr um),W/(m^2 um),value_si=value_native*1e8/(wavelength_um^2),3275.0,3.053435114503817,0.5065,1.12e-06,12.0127,2.21e-06,23.703631249999997
mwir_std_solar_direct,D:\HwaSimIR\HwaSim_IR\Bin\Config\Atmosphere\MODTRAN\raw\audit_mwir_standard_20260906\mwir_std_solar_direct\MODOUT2.txt,W/(cm^2 sr cm^-1),W/(cm^2 cm^-1),W/(m^2 sr um),W/(m^2 um),value_si=value_native*1e8/(wavelength_um^2),3276.0,3.0525030525030523,0.2626,5.81e-07,6.235394256000001,2.21e-06,23.718108960000006
mwir_std_solar_direct,D:\HwaSimIR\HwaSim_IR\Bin\Config\Atmosphere\MODTRAN\raw\audit_mwir_standard_20260906\mwir_std_solar_direct\MODOUT2.txt,W/(cm^2 sr cm^-1),W/(cm^2 cm^-1),W/(m^2 sr um),W/(m^2 um),value_si=value_native*1e8/(wavelength_um^2),3277.0,3.051571559353067,0.4281,9.49e-07,10.191053820999999,2.22e-06,23.839978379999994
mwir_std_solar_direct,D:\HwaSimIR\HwaSim_IR\Bin\Config\Atmosphere\MODTRAN\raw\audit_mwir_standard_20260906\mwir_std_solar_direct\MODOUT2.txt,W/(cm^2 sr cm^-1),W/(cm^2 cm^-1),W/(m^2 sr um),W/(m^2 um),value_si=value_native*1e8/(wavelength_um^2),3278.0,3.050640634533252,0.8147,1.81e-06,19.448964039999996,2.22e-06,23.854530479999994
mwir_std_solar_direct,D:\HwaSimIR\HwaSim_IR\Bin\Config\Atmosphere\MODTRAN\raw\audit_mwir_standard_20260906\mwir_std_solar_direct\MODOUT2.txt,W/(cm^2 sr cm^-1),W/(cm^2 cm^-1),W/(m^2 sr um),W/(m^2 um),value_si=value_native*1e8/(wavelength_um^2),3279.0,3.0497102775236353,0.5527,1.23e-06,13.22476443,2.22e-06,23.86908702
mwir_std_solar_direct,D:\HwaSimIR\HwaSim_IR\Bin\Config\Atmosphere\MODTRAN\raw\audit_mwir_standard_20260906\mwir_std_solar_direct\MODOUT2.txt,W/(cm^2 sr cm^-1),W/(cm^2 cm^-1),W/(m^2 sr um),W/(m^2 um),value_si=value_native*1e8/(wavelength_um^2),3280.0,3.048780487804878,0.3101,6.88e-07,7.4017792,2.22e-06,23.883648
mwir_std_solar_direct,D:\HwaSimIR\HwaSim_IR\Bin\Config\Atmosphere\MODTRAN\raw\audit_mwir_standard_20260906\mwir_std_solar_direct\MODOUT2.txt,W/(cm^2 sr cm^-1),W/(cm^2 cm^-1),W/(m^2 sr um),W/(m^2 um),value_si=value_native*1e8/(wavelength_um^2),3281.0,3.047851264858275,0.7815,1.73e-06,18.62338253,2.22e-06,23.89821342
mwir_std_solar_direct,D:\HwaSimIR\HwaSim_IR\Bin\Config\Atmosphere\MODTRAN\raw\audit_mwir_standard_20260906\mwir_std_solar_direct\MODOUT2.txt,W/(cm^2 sr cm^-1),W/(cm^2 cm^-1),W/(m^2 sr um),W/(m^2 um),value_si=value_native*1e8/(wavelength_um^2),3282.0,3.0469226081657528,0.9009,2e-06,21.543047999999995,2.22e-06,23.912783279999996
mwir_std_solar_direct,D:\HwaSimIR\HwaSim_IR\Bin\Config\Atmosphere\MODTRAN\raw\audit_mwir_standard_20260906\mwir_std_solar_direct\MODOUT2.txt,W/(cm^2 sr cm^-1),W/(cm^2 cm^-1),W/(m^2 sr um),W/(m^2 um),value_si=value_native*1e8/(wavelength_um^2),3283.0,3.045994517209869,0.4841,1.07e-06,11.532555229999998,2.22e-06,23.92735758
mwir_std_solar_direct,D:\HwaSimIR\HwaSim_IR\Bin\Config\Atmosphere\MODTRAN\raw\audit_mwir_standard_20260906\mwir_std_solar_direct\MODOUT2.txt,W/(cm^2 sr cm^-1),W/(cm^2 cm^-1),W/(m^2 sr um),W/(m^2 um),value_si=value_native*1e8/(wavelength_um^2),3284.0,3.045066991473812,0.5153,1.14e-06,12.294507840000005,2.21e-06,23.834089760000005
mwir_std_solar_direct,D:\HwaSimIR\HwaSim_IR\Bin\Config\Atmosphere\MODTRAN\raw\audit_mwir_standard_20260906\mwir_std_solar_direct\MODOUT2.txt,W/(cm^2 sr cm^-1),W/(cm^2 cm^-1),W/(m^2 sr um),W/(m^2 um),value_si=value_native*1e8/(wavelength_um^2),3285.0,3.0441400304414,0.882,1.95e-06,21.042888750000003,2.21e-06,23.848607250000004
mwir_std_solar_direct,D:\HwaSimIR\HwaSim_IR\Bin\Config\Atmosphere\MODTRAN\raw\audit_mwir_standard_20260906\mwir_std_solar_direct\MODOUT2.txt,W/(cm^2 sr cm^-1),W/(cm^2 cm^-1),W/(m^2 sr um),W/(m^2 um),value_si=value_native*1e8/(wavelength_um^2),3286.0,3.0432136335970785,0.8522,1.88e-06,20.29985648,2.21e-06,23.86312916
mwir_std_solar_direct,D:\HwaSimIR\HwaSim_IR\Bin\Config\Atmosphere\MODTRAN\raw\audit_mwir_standard_20260906\mwir_std_solar_direct\MODOUT2.txt,W/(cm^2 sr cm^-1),W/(cm^2 cm^-1),W/(m^2 sr um),W/(m^2 um),value_si=value_native*1e8/(wavelength_um^2),3287.0,3.04228780042592,0.9186,2.02e-06,21.82482538,2.2e-06,23.7696118
mwir_std_solar_direct,D:\HwaSimIR\HwaSim_IR\Bin\Config\Atmosphere\MODTRAN\raw\audit_mwir_standard_20260906\mwir_std_solar_direct\MODOUT2.txt,W/(cm^2 sr cm^-1),W/(cm^2 cm^-1),W/(m^2 sr um),W/(m^2 um),value_si=value_native*1e8/(wavelength_um^2),3288.0,3.0413625304136254,0.5813,1.27e-06,13.729898879999999,2.18e-06,23.567857919999998
mwir_std_solar_direct,D:\HwaSimIR\HwaSim_IR\Bin\Config\Atmosphere\MODTRAN\raw\audit_mwir_standard_20260906\mwir_std_solar_direct\MODOUT2.txt,W/(cm^2 sr cm^-1),W/(cm^2 cm^-1),W/(m^2 sr um),W/(m^2 um),value_si=value_native*1e8/(wavelength_um^2),3289.0,3.0404378230465188,0.2827,6.14e-07,6.641957893999999,2.17e-06,23.474020569999997
mwir_std_solar_direct,D:\HwaSimIR\HwaSim_IR\Bin\Config\Atmosphere\MODTRAN\raw\audit_mwir_standard_20260906\mwir_std_solar_direct\MODOUT2.txt,W/(cm^2 sr cm^-1),W/(cm^2 cm^-1),W/(m^2 sr um),W/(m^2 um),value_si=value_native*1e8/(wavelength_um^2),3290.0,3.0395136778115504,0.8108,1.76e-06,19.050416,2.17e-06,23.488297
mwir_std_solar_direct,D:\HwaSimIR\HwaSim_IR\Bin\Config\Atmosphere\MODTRAN\raw\audit_mwir_standard_20260906\mwir_std_solar_direct\MODOUT2.txt,W/(cm^2 sr cm^-1),W/(cm^2 cm^-1),W/(m^2 sr um),W/(m^2 um),value_si=value_native*1e8/(wavelength_um^2),3291.0,3.038590094196293,0.4868,1.06e-06,11.480521859999998,2.17e-06,23.502577769999995
mwir_std_solar_direct,D:\HwaSimIR\HwaSim_IR\Bin\Config\Atmosphere\MODTRAN\raw\audit_mwir_standard_20260906\mwir_std_solar_direct\MODOUT2.txt,W/(cm^2 sr cm^-1),W/(cm^2 cm^-1),W/(m^2 sr um),W/(m^2 um),value_si=value_native*1e8/(wavelength_um^2),3292.0,3.0376670716889427,0.5144,1.12e-06,12.137735680000004,2.18e-06,23.625235520000004
mwir_std_solar_direct,D:\HwaSimIR\HwaSim_IR\Bin\Config\Atmosphere\MODTRAN\raw\audit_mwir_standard_20260906\mwir_std_solar_direct\MODOUT2.txt,W/(cm^2 sr cm^-1),W/(cm^2 cm^-1),W/(m^2 sr um),W/(m^2 um),value_si=value_native*1e8/(wavelength_um^2),3293.0,3.0367446097783177,0.224,4.93e-07,5.346017557,2.2e-06,23.8564678
mwir_std_solar_direct,D:\HwaSimIR\HwaSim_IR\Bin\Config\Atmosphere\MODTRAN\raw\audit_mwir_standard_20260906\mwir_std_solar_direct\MODOUT2.txt,W/(cm^2 sr cm^-1),W/(cm^2 cm^-1),W/(m^2 sr um),W/(m^2 um),value_si=value_native*1e8/(wavelength_um^2),3294.0,3.0358227079538556,0.4957,1.1e-06,11.9354796,2.21e-06,23.97946356
mwir_std_solar_direct,D:\HwaSimIR\HwaSim_IR\Bin\Config\Atmosphere\MODTRAN\raw\audit_mwir_standard_20260906\mwir_std_solar_direct\MODOUT2.txt,W/(cm^2 sr cm^-1),W/(cm^2 cm^-1),W/(m^2 sr um),W/(m^2 um),value_si=value_native*1e8/(wavelength_um^2),3295.0,3.0349013657056148,0.8861,1.96e-06,21.279768999999998,2.22e-06,24.102595499999996
mwir_std_solar_direct,D:\HwaSimIR\HwaSim_IR\Bin\Config\Atmosphere\MODTRAN\raw\audit_mwir_standard_20260906\mwir_std_solar_direct\MODOUT2.txt,W/(cm^2 sr cm^-1),W/(cm^2 cm^-1),W/(m^2 sr um),W/(m^2 um),value_si=value_native*1e8/(wavelength_um^2),3296.0,3.033980582524272,0.8423,1.87e-06,20.31496192,2.22e-06,24.117227519999997
mwir_std_solar_direct,D:\HwaSimIR\HwaSim_IR\Bin\Config\Atmosphere\MODTRAN\raw\audit_mwir_standard_20260906\mwir_std_solar_direct\MODOUT2.txt,W/(cm^2 sr cm^-1),W/(cm^2 cm^-1),W/(m^2 sr um),W/(m^2 um),value_si=value_native*1e8/(wavelength_um^2),3297.0,3.0330603579011224,0.3304,7.35e-07,7.989603614999999,2.23e-06,24.240566069999996
mwir_std_solar_direct,D:\HwaSimIR\HwaSim_IR\Bin\Config\Atmosphere\MODTRAN\raw\audit_mwir_standard_20260906\mwir_std_solar_direct\MODOUT2.txt,W/(cm^2 sr cm^-1),W/(cm^2 cm^-1),W/(m^2 sr um),W/(m^2 um),value_si=value_native*1e8/(wavelength_um^2),3298.0,3.0321406913280775,0.3803,8.48e-07,9.223529792,2.23e-06,24.25527292
mwir_std_solar_direct,D:\HwaSimIR\HwaSim_IR\Bin\Config\Atmosphere\MODTRAN\raw\audit_mwir_standard_20260906\mwir_std_solar_direct\MODOUT2.txt,W/(cm^2 sr cm^-1),W/(cm^2 cm^-1),W/(m^2 sr um),W/(m^2 um),value_si=value_native*1e8/(wavelength_um^2),3299.0,3.031221582297666,0.9019,2.01e-06,21.875636009999994,2.23e-06,24.269984229999995
mwir_std_solar_direct,D:\HwaSimIR\HwaSim_IR\Bin\Config\Atmosphere\MODTRAN\raw\audit_mwir_standard_20260906\mwir_std_solar_direct\MODOUT2.txt,W/(cm^2 sr cm^-1),W/(cm^2 cm^-1),W/(m^2 sr um),W/(m^2 um),value_si=value_native*1e8/(wavelength_um^2),3300.0,3.0303030303030303,0.7177,1.61e-06,17.5329,2.24e-06,24.393600000000006
mwir_std_solar_direct,D:\HwaSimIR\HwaSim_IR\Bin\Config\Atmosphere\MODTRAN\raw\audit_mwir_standard_20260906\mwir_std_solar_direct\MODOUT2.txt,W/(cm^2 sr cm^-1),W/(cm^2 cm^-1),W/(m^2 sr um),W/(m^2 um),value_si=value_native*1e8/(wavelength_um^2),3301.0,3.029385034837928,0.8955,2.01e-06,21.902168009999993,2.24e-06,24.40838624
mwir_std_solar_direct,D:\HwaSimIR\HwaSim_IR\Bin\Config\Atmosphere\MODTRAN\raw\audit_mwir_standard_20260906\mwir_std_solar_direct\MODOUT2.txt,W/(cm^2 sr cm^-1),W/(cm^2 cm^-1),W/(m^2 sr um),W/(m^2 um),value_si=value_native*1e8/(wavelength_um^2),3302.0,3.0284675953967293,0.9525,2.14e-06,23.33285656,2.24e-06,24.423176960000003
mwir_std_solar_direct,D:\HwaSimIR\HwaSim_IR\Bin\Config\Atmosphere\MODTRAN\raw\audit_mwir_standard_20260906\mwir_std_solar_direct\MODOUT2.txt,W/(cm^2 sr cm^-1),W/(cm^2 cm^-1),W/(m^2 sr um),W/(m^2 um),value_si=value_native*1e8/(wavelength_um^2),3303.0,3.0275507114744173,0.5719,1.28e-06,13.964555519999998,2.24e-06,24.437972159999998
mwir_std_solar_direct,D:\HwaSimIR\HwaSim_IR\Bin\Config\Atmosphere\MODTRAN\raw\audit_mwir_standard_20260906\mwir_std_solar_direct\MODOUT2.txt,W/(cm^2 sr cm^-1),W/(cm^2 cm^-1),W/(m^2 sr um),W/(m^2 um),value_si=value_native*1e8/(wavelength_um^2),3304.0,3.026634382566586,0.8991,2.02e-06,22.051160319999997,2.24e-06,24.45277184
mwir_std_solar_direct,D:\HwaSimIR\HwaSim_IR\Bin\Config\Atmosphere\MODTRAN\raw\audit_mwir_standard_20260906\mwir_std_solar_direct\MODOUT2.txt,W/(cm^2 sr cm^-1),W/(cm^2 cm^-1),W/(m^2 sr um),W/(m^2 um),value_si=value_native*1e8/(wavelength_um^2),3305.0,3.02571860816944,0.9507,2.13e-06,23.266043250000006,2.25e-06,24.576806250000004
mwir_std_solar_direct,D:\HwaSimIR\HwaSim_IR\Bin\Config\Atmosphere\MODTRAN\raw\audit_mwir_standard_20260906\mwir_std_solar_direct\MODOUT2.txt,W/(cm^2 sr cm^-1),W/(cm^2 cm^-1),W/(m^2 sr um),W/(m^2 um),value_si=value_native*1e8/(wavelength_um^2),3306.0,3.0248033877797944,0.9378,2.11e-06,23.06153196,2.25e-06,24.591680999999998
mwir_std_solar_direct,D:\HwaSimIR\HwaSim_IR\Bin\Config\Atmosphere\MODTRAN\raw\audit_mwir_standard_20260906\mwir_std_solar_direct\MODOUT2.txt,W/(cm^2 sr cm^-1),W/(cm^2 cm^-1),W/(m^2 sr um),W/(m^2 um),value_si=value_native*1e8/(wavelength_um^2),3307.0,3.023888720895071,0.8977,2.02e-06,22.09122298,2.25e-06,24.60656025
mwir_std_solar_direct,D:\HwaSimIR\HwaSim_IR\Bin\Config\Atmosphere\MODTRAN\raw\audit_mwir_standard_20260906\mwir_std_solar_direct\MODOUT2.txt,W/(cm^2 sr cm^-1),W/(cm^2 cm^-1),W/(m^2 sr um),W/(m^2 um),value_si=value_native*1e8/(wavelength_um^2),3308.0,3.022974607013301,0.3451,7.77e-07,8.502605328000001,2.25e-06,24.621444000000004
mwir_std_solar_direct,D:\HwaSimIR\HwaSim_IR\Bin\Config\Atmosphere\MODTRAN\raw\audit_mwir_standard_20260906\mwir_std_solar_direct\MODOUT2.txt,W/(cm^2 sr cm^-1),W/(cm^2 cm^-1),W/(m^2 sr um),W/(m^2 um),value_si=value_native*1e8/(wavelength_um^2),3309.0,3.0220610456331216,0.1459,3.28e-07,3.5914297680000007,2.25e-06,24.636332250000002
mwir_std_solar_direct,D:\HwaSimIR\HwaSim_IR\Bin\Config\Atmosphere\MODTRAN\raw\audit_mwir_standard_20260906\mwir_std_solar_direct\MODOUT2.txt,W/(cm^2 sr cm^-1),W/(cm^2 cm^-1),W/(m^2 sr um),W/(m^2 um),value_si=value_native*1e8/(wavelength_um^2),3310.0,3.0211480362537766,0.7932,1.79e-06,19.611418999999998,2.25e-06,24.651224999999997
mwir_std_solar_direct,D:\HwaSimIR\HwaSim_IR\Bin\Config\Atmosphere\MODTRAN\raw\audit_mwir_standard_20260906\mwir_std_solar_direct\MODOUT2.txt,W/(cm^2 sr cm^-1),W/(cm^2 cm^-1),W/(m^2 sr um),W/(m^2 um),value_si=value_native*1e8/(wavelength_um^2),3311.0,3.020235578375113,0.6728,1.52e-06,16.66333592,2.25e-06,24.66612225
mwir_std_solar_direct,D:\HwaSimIR\HwaSim_IR\Bin\Config\Atmosphere\MODTRAN\raw\audit_mwir_standard_20260906\mwir_std_solar_direct\MODOUT2.txt,W/(cm^2 sr cm^-1),W/(cm^2 cm^-1),W/(m^2 sr um),W/(m^2 um),value_si=value_native*1e8/(wavelength_um^2),3312.0,3.0193236714975846,0.5242,1.18e-06,12.943825919999997,2.25e-06,24.681023999999997
mwir_std_solar_direct,D:\HwaSimIR\HwaSim_IR\Bin\Config\Atmosphere\MODTRAN\raw\audit_mwir_standard_20260906\mwir_std_solar_direct\MODOUT2.txt,W/(cm^2 sr cm^-1),W/(cm^2 cm^-1),W/(m^2 sr um),W/(m^2 um),value_si=value_native*1e8/(wavelength_um^2),3313.0,3.0184123151222457,0.2266,5.11e-07,5.608720158999999,2.26e-06,24.80568994
mwir_std_solar_direct,D:\HwaSimIR\HwaSim_IR\Bin\Config\Atmosphere\MODTRAN\raw\audit_mwir_standard_20260906\mwir_std_solar_direct\MODOUT2.txt,W/(cm^2 sr cm^-1),W/(cm^2 cm^-1),W/(m^2 sr um),W/(m^2 um),value_si=value_native*1e8/(wavelength_um^2),3314.0,3.017501508750754,0.6289,1.42e-06,15.595286320000001,2.26e-06,24.820666960000004
mwir_std_solar_direct,D:\HwaSimIR\HwaSim_IR\Bin\Config\Atmosphere\MODTRAN\raw\audit_mwir_standard_20260906\mwir_std_solar_direct\MODOUT2.txt,W/(cm^2 sr cm^-1),W/(cm^2 cm^-1),W/(m^2 sr um),W/(m^2 um),value_si=value_native*1e8/(wavelength_um^2),3315.0,3.0165912518853695,0.8767,1.98e-06,21.7586655,2.26e-06,24.8356485
mwir_std_solar_direct,D:\HwaSimIR\HwaSim_IR\Bin\Config\Atmosphere\MODTRAN\raw\audit_mwir_standard_20260906\mwir_std_solar_direct\MODOUT2.txt,W/(cm^2 sr cm^-1),W/(cm^2 cm^-1),W/(m^2 sr um),W/(m^2 um),value_si=value_native*1e8/(wavelength_um^2),3316.0,3.0156815440289506,0.9427,2.13e-06,23.421173279999998,2.26e-06,24.85063456
mwir_std_solar_direct,D:\HwaSimIR\HwaSim_IR\Bin\Config\Atmosphere\MODTRAN\raw\audit_mwir_standard_20260906\mwir_std_solar_direct\MODOUT2.txt,W/(cm^2 sr cm^-1),W/(cm^2 cm^-1),W/(m^2 sr um),W/(m^2 um),value_si=value_native*1e8/(wavelength_um^2),3317.0,3.014772384684956,0.7185,1.63e-06,17.93405707,2.26e-06,24.865625140000006
mwir_std_solar_direct,D:\HwaSimIR\HwaSim_IR\Bin\Config\Atmosphere\MODTRAN\raw\audit_mwir_standard_20260906\mwir_std_solar_direct\MODOUT2.txt,W/(cm^2 sr cm^-1),W/(cm^2 cm^-1),W/(m^2 sr um),W/(m^2 um),value_si=value_native*1e8/(wavelength_um^2),3318.0,3.013863773357444,0.8186,1.85e-06,20.366879400000002,2.27e-06,24.990711480000005
mwir_std_solar_direct,D:\HwaSimIR\HwaSim_IR\Bin\Config\Atmosphere\MODTRAN\raw\audit_mwir_standard_20260906\mwir_std_solar_direct\MODOUT2.txt,W/(cm^2 sr cm^-1),W/(cm^2 cm^-1),W/(m^2 sr um),W/(m^2 um),value_si=value_native*1e8/(wavelength_um^2),3319.0,3.0129557095510697,0.7956,1.8e-06,19.828369799999997,2.27e-06,25.005777469999998
mwir_std_solar_direct,D:\HwaSimIR\HwaSim_IR\Bin\Config\Atmosphere\MODTRAN\raw\audit_mwir_standard_20260906\mwir_std_solar_direct\MODOUT2.txt,W/(cm^2 sr cm^-1),W/(cm^2 cm^-1),W/(m^2 sr um),W/(m^2 um),value_si=value_native*1e8/(wavelength_um^2),3320.0,3.0120481927710845,0.9174,2.08e-06,22.926591999999996,2.27e-06,25.020847999999997
mwir_std_solar_direct,D:\HwaSimIR\HwaSim_IR\Bin\Config\Atmosphere\MODTRAN\raw\audit_mwir_standard_20260906\mwir_std_solar_direct\MODOUT2.txt,W/(cm^2 sr cm^-1),W/(cm^2 cm^-1),W/(m^2 sr um),W/(m^2 um),value_si=value_native*1e8/(wavelength_um^2),3321.0,3.0111412225233365,0.9547,2.17e-06,23.93301897,2.27e-06,25.035923069999996
mwir_std_solar_direct,D:\HwaSimIR\HwaSim_IR\Bin\Config\Atmosphere\MODTRAN\raw\audit_mwir_standard_20260906\mwir_std_solar_direct\MODOUT2.txt,W/(cm^2 sr cm^-1),W/(cm^2 cm^-1),W/(m^2 sr um),W/(m^2 um),value_si=value_native*1e8/(wavelength_um^2),3322.0,3.0102347983142685,0.9109,2.07e-06,22.843865879999996,2.27e-06,25.051002679999996
mwir_std_solar_direct,D:\HwaSimIR\HwaSim_IR\Bin\Config\Atmosphere\MODTRAN\raw\audit_mwir_standard_20260906\mwir_std_solar_direct\MODOUT2.txt,W/(cm^2 sr cm^-1),W/(cm^2 cm^-1),W/(m^2 sr um),W/(m^2 um),value_si=value_native*1e8/(wavelength_um^2),3323.0,3.0093289196509176,0.4781,1.09e-06,12.036138610000002,2.27e-06,25.066086830000003
mwir_std_solar_direct,D:\HwaSimIR\HwaSim_IR\Bin\Config\Atmosphere\MODTRAN\raw\audit_mwir_standard_20260906\mwir_std_solar_direct\MODOUT2.txt,W/(cm^2 sr cm^-1),W/(cm^2 cm^-1),W/(m^2 sr um),W/(m^2 um),value_si=value_native*1e8/(wavelength_um^2),3324.0,3.0084235860409145,0.7096,1.61e-06,17.788851360000002,2.27e-06,25.081175520000002
mwir_std_solar_direct,D:\HwaSimIR\HwaSim_IR\Bin\Config\Atmosphere\MODTRAN\raw\audit_mwir_standard_20260906\mwir_std_solar_direct\MODOUT2.txt,W/(cm^2 sr cm^-1),W/(cm^2 cm^-1),W/(m^2 sr um),W/(m^2 um),value_si=value_native*1e8/(wavelength_um^2),3325.0,3.007518796992481,0.6399,1.45e-06,16.030656250000003,2.27e-06,25.096268750000004
mwir_std_solar_direct,D:\HwaSimIR\HwaSim_IR\Bin\Config\Atmosphere\MODTRAN\raw\audit_mwir_standard_20260906\mwir_std_solar_direct\MODOUT2.txt,W/(cm^2 sr cm^-1),W/(cm^2 cm^-1),W/(m^2 sr um),W/(m^2 um),value_si=value_native*1e8/(wavelength_um^2),3326.0,3.006614552014432,0.5008,1.14e-06,12.61099464,2.27e-06,25.111366519999997
mwir_std_solar_direct,D:\HwaSimIR\HwaSim_IR\Bin\Config\Atmosphere\MODTRAN\raw\audit_mwir_standard_20260906\mwir_std_solar_direct\MODOUT2.txt,W/(cm^2 sr cm^-1),W/(cm^2 cm^-1),W/(m^2 sr um),W/(m^2 um),value_si=value_native*1e8/(wavelength_um^2),3327.0,3.005710850616171,0.2183,4.97e-07,5.501257712999999,2.28e-06,25.23715812
mwir_std_solar_direct,D:\HwaSimIR\HwaSim_IR\Bin\Config\Atmosphere\MODTRAN\raw\audit_mwir_standard_20260906\mwir_std_solar_direct\MODOUT2.txt,W/(cm^2 sr cm^-1),W/(cm^2 cm^-1),W/(m^2 sr um),W/(m^2 um),value_si=value_native*1e8/(wavelength_um^2),3328.0,3.0048076923076925,0.7528,1.72e-06,19.05000448,2.28e-06,25.252331520000002
mwir_std_solar_direct,D:\HwaSimIR\HwaSim_IR\Bin\Config\Atmosphere\MODTRAN\raw\audit_mwir_standard_20260906\mwir_std_solar_direct\MODOUT2.txt,W/(cm^2 sr cm^-1),W/(cm^2 cm^-1),W/(m^2 sr um),W/(m^2 um),value_si=value_native*1e8/(wavelength_um^2),3329.0,3.0039050765995796,0.8784,2e-06,22.164482,2.28e-06,25.26750948
mwir_std_solar_direct,D:\HwaSimIR\HwaSim_IR\Bin\Config\Atmosphere\MODTRAN\raw\audit_mwir_standard_20260906\mwir_std_solar_direct\MODOUT2.txt,W/(cm^2 sr cm^-1),W/(cm^2 cm^-1),W/(m^2 sr um),W/(m^2 um),value_si=value_native*1e8/(wavelength_um^2),3330.0,3.003003003003003,0.7364,1.68e-06,18.629352,2.28e-06,25.282692000000004
mwir_std_solar_direct,D:\HwaSimIR\HwaSim_IR\Bin\Config\Atmosphere\MODTRAN\raw\audit_mwir_standard_20260906\mwir_std_solar_direct\MODOUT2.txt,W/(cm^2 sr cm^-1),W/(cm^2 cm^-1),W/(m^2 sr um),W/(m^2 um),value_si=value_native*1e8/(wavelength_um^2),3331.0,3.0021014710297207,0.9526,2.17e-06,24.077367370000005,2.27e-06,25.186923470000004
mwir_std_solar_direct,D:\HwaSimIR\HwaSim_IR\Bin\Config\Atmosphere\MODTRAN\raw\audit_mwir_standard_20260906\mwir_std_solar_direct\MODOUT2.txt,W/(cm^2 sr cm^-1),W/(cm^2 cm^-1),W/(m^2 sr um),W/(m^2 um),value_si=value_native*1e8/(wavelength_um^2),3332.0,3.0012004801920766,0.9517,2.16e-06,23.980803840000004,2.27e-06,25.202048480000002
mwir_std_solar_direct,D:\HwaSimIR\HwaSim_IR\Bin\Config\Atmosphere\MODTRAN\raw\audit_mwir_standard_20260906\mwir_std_solar_direct\MODOUT2.txt,W/(cm^2 sr cm^-1),W/(cm^2 cm^-1),W/(m^2 sr um),W/(m^2 um),value_si=value_native*1e8/(wavelength_um^2),3333.0,3.0003000300030003,0.9295,2.11e-06,23.439755790000003,2.27e-06,25.217178030000003
mwir_std_solar_direct,D:\HwaSimIR\HwaSim_IR\Bin\Config\Atmosphere\MODTRAN\raw\audit_mwir_standard_20260906\mwir_std_solar_direct\MODOUT2.txt,W/(cm^2 sr cm^-1),W/(cm^2 cm^-1),W/(m^2 sr um),W/(m^2 um),value_si=value_native*1e8/(wavelength_um^2),3334.0,2.9994001199760048,0.8405,1.91e-06,21.23071196,2.27e-06,25.23231212
mwir_std_solar_direct,D:\HwaSimIR\HwaSim_IR\Bin\Config\Atmosphere\MODTRAN\raw\audit_mwir_standard_20260906\mwir_std_solar_direct\MODOUT2.txt,W/(cm^2 sr cm^-1),W/(cm^2 cm^-1),W/(m^2 sr um),W/(m^2 um),value_si=value_native*1e8/(wavelength_um^2),3335.0,2.998500749625187,0.5708,1.29e-06,14.34767025,2.27e-06,25.247450750000002
