case_id,source_file,raw_unit_radiance,raw_unit_irradiance,si_unit_radiance,si_unit_irradiance,conversion_method,wavelength_nm,wavelength_um,altitude_km,upward_diffuse_native_W_cm2_nm,downward_diffuse_native_W_cm2_nm,direct_solar_native_W_cm2_nm,upward_diffuse_W_m2_um,downward_diffuse_W_m2_um,direct_solar_W_m2_um
mwir_std_flux,D:\HwaSimIR\HwaSim_IR\Bin\Config\Atmosphere\MODTRAN\raw\audit_mwir_standard_20260906\mwir_std_flux\spectral_flux.flx,,W/(cm^2 nm),W/(m^2 sr um),W/(m^2 um),value_si=value_native*1e7 (cm^-2/nm -> m^-2/um),5000.0,5.0,5.0,4.62813e-07,5.45293e-08,1.62506e-07,4.62813,0.545293,1.6250600000000002
mwir_std_flux,D:\HwaSimIR\HwaSim_IR\Bin\Config\Atmosphere\MODTRAN\raw\audit_mwir_standard_20260906\mwir_std_flux\spectral_flux.flx,,W/(cm^2 nm),W/(m^2 sr um),W/(m^2 um),value_si=value_native*1e7 (cm^-2/nm -> m^-2/um),4997.5,4.9975,5.0,5.08197e-07,4.29286e-08,1.95272e-07,5.08197,0.429286,1.95272
mwir_std_flux,D:\HwaSimIR\HwaSim_IR\Bin\Config\Atmosphere\MODTRAN\raw\audit_mwir_standard_20260906\mwir_std_flux\spectral_flux.flx,,W/(cm^2 nm),W/(m^2 sr um),W/(m^2 um),value_si=value_native*1e7 (cm^-2/nm -> m^-2/um),4995.0,4.995,5.0,5.26726e-07,3.92588e-08,2.04295e-07,5.267259999999999,0.392588,2.04295
mwir_std_flux,D:\HwaSimIR\HwaSim_IR\Bin\Config\Atmosphere\MODTRAN\raw\audit_mwir_standard_20260906\mwir_std_flux\spectral_flux.flx,,W/(cm^2 nm),W/(m^2 sr um),W/(m^2 um),value_si=value_native*1e7 (cm^-2/nm -> m^-2/um),4992.51,4.99251,5.0,5.2975e-07,3.87045e-08,2.06103e-07,5.2975,0.38704500000000003,2.06103
mwir_std_flux,D:\HwaSimIR\HwaSim_IR\Bin\Config\Atmosphere\MODTRAN\raw\audit_mwir_standard_20260906\mwir_std_flux\spectral_flux.flx,,W/(cm^2 nm),W/(m^2 sr um),W/(m^2 um),value_si=value_native*1e7 (cm^-2/nm -> m^-2/um),4990.02,4.99002,5.0,5.31342e-07,3.8251e-08,2.06933e-07,5.31342,0.38251,2.06933
mwir_std_flux,D:\HwaSimIR\HwaSim_IR\Bin\Config\Atmosphere\MODTRAN\raw\audit_mwir_standard_20260906\mwir_std_flux\spectral_flux.flx,,W/(cm^2 nm),W/(m^2 sr um),W/(m^2 um),value_si=value_native*1e7 (cm^-2/nm -> m^-2/um),4987.53,4.98753,5.0,5.28019e-07,3.83997e-08,2.04876e-07,5.280189999999999,0.383997,2.0487599999999997
mwir_std_flux,D:\HwaSimIR\HwaSim_IR\Bin\Config\Atmosphere\MODTRAN\raw\audit_mwir_standard_20260906\mwir_std_flux\spectral_flux.flx,,W/(cm^2 nm),W/(m^2 sr um),W/(m^2 um),value_si=value_native*1e7 (cm^-2/nm -> m^-2/um),4985.04,4.98504,5.0,5.11601e-07,4.03414e-08,1.96335e-07,5.11601,0.403414,1.96335
mwir_std_flux,D:\HwaSimIR\HwaSim_IR\Bin\Config\Atmosphere\MODTRAN\raw\audit_mwir_standard_20260906\mwir_std_flux\spectral_flux.flx,,W/(cm^2 nm),W/(m^2 sr um),W/(m^2 um),value_si=value_native*1e7 (cm^-2/nm -> m^-2/um),4982.56,4.98256,5.0,4.82193e-07,4.42388e-08,1.73553e-07,4.82193,0.442388,1.73553
mwir_std_flux,D:\HwaSimIR\HwaSim_IR\Bin\Config\Atmosphere\MODTRAN\raw\audit_mwir_standard_20260906\mwir_std_flux\spectral_flux.flx,,W/(cm^2 nm),W/(m^2 sr um),W/(m^2 um),value_si=value_native*1e7 (cm^-2/nm -> m^-2/um),4980.08,4.98008,5.0,4.58229e-07,4.77325e-08,1.46765e-07,4.58229,0.477325,1.4676500000000001
mwir_std_flux,D:\HwaSimIR\HwaSim_IR\Bin\Config\Atmosphere\MODTRAN\raw\audit_mwir_standard_20260906\mwir_std_flux\spectral_flux.flx,,W/(cm^2 nm),W/(m^2 sr um),W/(m^2 um),value_si=value_native*1e7 (cm^-2/nm -> m^-2/um),4977.6,4.977600000000001,5.0,4.6317e-07,4.71192e-08,1.5063e-07,4.6316999999999995,0.471192,1.5063
mwir_std_flux,D:\HwaSimIR\HwaSim_IR\Bin\Config\Atmosphere\MODTRAN\raw\audit_mwir_standard_20260906\mwir_std_flux\spectral_flux.flx,,W/(cm^2 nm),W/(m^2 sr um),W/(m^2 um),value_si=value_native*1e7 (cm^-2/nm -> m^-2/um),4975.12,4.9751199999999995,5.0,4.86712e-07,4.36411e-08,1.80798e-07,4.867120000000001,0.436411,1.80798
mwir_std_flux,D:\HwaSimIR\HwaSim_IR\Bin\Config\Atmosphere\MODTRAN\raw\audit_mwir_standard_20260906\mwir_std_flux\spectral_flux.flx,,W/(cm^2 nm),W/(m^2 sr um),W/(m^2 um),value_si=value_native*1e7 (cm^-2/nm -> m^-2/um),4972.65,4.97265,5.0,5.05123e-07,4.0956e-08,2.02114e-07,5.05123,0.40956,2.02114
mwir_std_flux,D:\HwaSimIR\HwaSim_IR\Bin\Config\Atmosphere\MODTRAN\raw\audit_mwir_standard_20260906\mwir_std_flux\spectral_flux.flx,,W/(cm^2 nm),W/(m^2 sr um),W/(m^2 um),value_si=value_native*1e7 (cm^-2/nm -> m^-2/um),4970.18,4.97018,5.0,5.11584e-07,3.99673e-08,2.08186e-07,5.1158399999999995,0.399673,2.0818600000000003
mwir_std_flux,D:\HwaSimIR\HwaSim_IR\Bin\Config\Atmosphere\MODTRAN\raw\audit_mwir_standard_20260906\mwir_std_flux\spectral_flux.flx,,W/(cm^2 nm),W/(m^2 sr um),W/(m^2 um),value_si=value_native*1e7 (cm^-2/nm -> m^-2/um),4967.71,4.96771,5.0,5.0537e-07,4.05585e-08,2.0788e-07,5.0537,0.405585,2.0788
mwir_std_flux,D:\HwaSimIR\HwaSim_IR\Bin\Config\Atmosphere\MODTRAN\raw\audit_mwir_standard_20260906\mwir_std_flux\spectral_flux.flx,,W/(cm^2 nm),W/(m^2 sr um),W/(m^2 um),value_si=value_native*1e7 (cm^-2/nm -> m^-2/um),4965.24,4.96524,5.0,4.82711e-07,4.36425e-08,2.021e-07,4.82711,0.436425,2.021
mwir_std_flux,D:\HwaSimIR\HwaSim_IR\Bin\Config\Atmosphere\MODTRAN\raw\audit_mwir_standard_20260906\mwir_std_flux\spectral_flux.flx,,W/(cm^2 nm),W/(m^2 sr um),W/(m^2 um),value_si=value_native*1e7 (cm^-2/nm -> m^-2/um),4962.78,4.9627799999999995,5.0,4.39459e-07,5.24895e-08,1.79744e-07,4.39459,0.524895,1.79744
mwir_std_flux,D:\HwaSimIR\HwaSim_IR\Bin\Config\Atmosphere\MODTRAN\raw\audit_mwir_standard_20260906\mwir_std_flux\spectral_flux.flx,,W/(cm^2 nm),W/(m^2 sr um),W/(m^2 um),value_si=value_native*1e7 (cm^-2/nm -> m^-2/um),4960.32,4.960319999999999,5.0,3.79771e-07,7.43669e-08,1.27408e-07,3.79771,0.743669,1.2740799999999999
mwir_std_flux,D:\HwaSimIR\HwaSim_IR\Bin\Config\Atmosphere\MODTRAN\raw\audit_mwir_standard_20260906\mwir_std_flux\spectral_flux.flx,,W/(cm^2 nm),W/(m^2 sr um),W/(m^2 um),value_si=value_native*1e7 (cm^-2/nm -> m^-2/um),4957.86,4.957859999999999,5.0,3.36227e-07,9.41313e-08,7.83499e-08,3.36227,0.941313,0.7834990000000001
mwir_std_flux,D:\HwaSimIR\HwaSim_IR\Bin\Config\Atmosphere\MODTRAN\raw\audit_mwir_standard_20260906\mwir_std_flux\spectral_flux.flx,,W/(cm^2 nm),W/(m^2 sr um),W/(m^2 um),value_si=value_native*1e7 (cm^-2/nm -> m^-2/um),4955.4,4.9554,5.0,3.35693e-07,8.97182e-08,7.18285e-08,3.3569299999999997,0.8971819999999999,0.718285
mwir_std_flux,D:\HwaSimIR\HwaSim_IR\Bin\Config\Atmosphere\MODTRAN\raw\audit_mwir_standard_20260906\mwir_std_flux\spectral_flux.flx,,W/(cm^2 nm),W/(m^2 sr um),W/(m^2 um),value_si=value_native*1e7 (cm^-2/nm -> m^-2/um),4952.95,4.9529499999999995,5.0,3.68368e-07,7.26338e-08,1.0506e-07,3.6836800000000003,0.726338,1.0506
mwir_std_flux,D:\HwaSimIR\HwaSim_IR\Bin\Config\Atmosphere\MODTRAN\raw\audit_mwir_standard_20260906\mwir_std_flux\spectral_flux.flx,,W/(cm^2 nm),W/(m^2 sr um),W/(m^2 um),value_si=value_native*1e7 (cm^-2/nm -> m^-2/um),4950.5,4.9505,5.0,4.19826e-07,5.61772e-08,1.60098e-07,4.19826,0.5617719999999999,1.60098
mwir_std_flux,D:\HwaSimIR\HwaSim_IR\Bin\Config\Atmosphere\MODTRAN\raw\audit_mwir_standard_20260906\mwir_std_flux\spectral_flux.flx,,W/(cm^2 nm),W/(m^2 sr um),W/(m^2 um),value_si=value_native*1e7 (cm^-2/nm -> m^-2/um),4948.05,4.94805,5.0,4.58285e-07,4.58295e-08,1.94909e-07,4.58285,0.458295,1.94909
mwir_std_flux,D:\HwaSimIR\HwaSim_IR\Bin\Config\Atmosphere\MODTRAN\raw\audit_mwir_standard_20260906\mwir_std_flux\spectral_flux.flx,,W/(cm^2 nm),W/(m^2 sr um),W/(m^2 um),value_si=value_native*1e7 (cm^-2/nm -> m^-2/um),4945.6,4.945600000000001,5.0,4.54137e-07,4.55574e-08,1.85508e-07,4.54137,0.455574,1.85508
mwir_std_flux,D:\HwaSimIR\HwaSim_IR\Bin\Config\Atmosphere\MODTRAN\raw\audit_mwir_standard_20260906\mwir_std_flux\spectral_flux.flx,,W/(cm^2 nm),W/(m^2 sr um),W/(m^2 um),value_si=value_native*1e7 (cm^-2/nm -> m^-2/um),4943.15,4.943149999999999,5.0,4.43054e-07,4.71312e-08,1.71473e-07,4.43054,0.47131199999999995,1.7147299999999999
mwir_std_flux,D:\HwaSimIR\HwaSim_IR\Bin\Config\Atmosphere\MODTRAN\raw\audit_mwir_standard_20260906\mwir_std_flux\spectral_flux.flx,,W/(cm^2 nm),W/(m^2 sr um),W/(m^2 um),value_si=value_native*1e7 (cm^-2/nm -> m^-2/um),4940.71,4.94071,5.0,4.6439e-07,4.40524e-08,1.88169e-07,4.6438999999999995,0.44052399999999997,1.8816899999999999
mwir_std_flux,D:\HwaSimIR\HwaSim_IR\Bin\Config\Atmosphere\MODTRAN\raw\audit_mwir_standard_20260906\mwir_std_flux\spectral_flux.flx,,W/(cm^2 nm),W/(m^2 sr um),W/(m^2 um),value_si=value_native*1e7 (cm^-2/nm -> m^-2/um),4938.27,4.93827,5.0,4.80131e-07,4.20701e-08,2.00949e-07,4.80131,0.420701,2.00949
mwir_std_flux,D:\HwaSimIR\HwaSim_IR\Bin\Config\Atmosphere\MODTRAN\raw\audit_mwir_standard_20260906\mwir_std_flux\spectral_flux.flx,,W/(cm^2 nm),W/(m^2 sr um),W/(m^2 um),value_si=value_native*1e7 (cm^-2/nm -> m^-2/um),4935.83,4.93583,5.0,4.59651e-07,4.57766e-08,1.76483e-07,4.59651,0.457766,1.7648300000000001
mwir_std_flux,D:\HwaSimIR\HwaSim_IR\Bin\Config\Atmosphere\MODTRAN\raw\audit_mwir_standard_20260906\mwir_std_flux\spectral_flux.flx,,W/(cm^2 nm),W/(m^2 sr um),W/(m^2 um),value_si=value_native*1e7 (cm^-2/nm -> m^-2/um),4933.4,4.9334,5.0,4.48675e-07,4.79356e-08,1.58471e-07,4.48675,0.479356,1.5847099999999998
mwir_std_flux,D:\HwaSimIR\HwaSim_IR\Bin\Config\Atmosphere\MODTRAN\raw\audit_mwir_standard_20260906\mwir_std_flux\spectral_flux.flx,,W/(cm^2 nm),W/(m^2 sr um),W/(m^2 um),value_si=value_native*1e7 (cm^-2/nm -> m^-2/um),4930.97,4.93097,5.0,4.76187e-07,4.3549e-08,1.83993e-07,4.76187,0.43549000000000004,1.83993
mwir_std_flux,D:\HwaSimIR\HwaSim_IR\Bin\Config\Atmosphere\MODTRAN\raw\audit_mwir_standard_20260906\mwir_std_flux\spectral_flux.flx,,W/(cm^2 nm),W/(m^2 sr um),W/(m^2 um),value_si=value_native*1e7 (cm^-2/nm -> m^-2/um),4928.54,4.92854,5.0,5.02713e-07,3.88897e-08,2.11069e-07,5.02713,0.38889700000000005,2.11069
mwir_std_flux,D:\HwaSimIR\HwaSim_IR\Bin\Config\Atmosphere\MODTRAN\raw\audit_mwir_standard_20260906\mwir_std_flux\spectral_flux.flx,,W/(cm^2 nm),W/(m^2 sr um),W/(m^2 um),value_si=value_native*1e7 (cm^-2/nm -> m^-2/um),4926.11,4.9261099999999995,5.0,5.08559e-07,3.75234e-08,2.15929e-07,5.08559,0.375234,2.15929
mwir_std_flux,D:\HwaSimIR\HwaSim_IR\Bin\Config\Atmosphere\MODTRAN\raw\audit_mwir_standard_20260906\mwir_std_flux\spectral_flux.flx,,W/(cm^2 nm),W/(m^2 sr um),W/(m^2 um),value_si=value_native*1e7 (cm^-2/nm -> m^-2/um),4923.68,4.92368,5.0,5.09908e-07,3.70627e-08,2.16644e-07,5.09908,0.37062700000000004,2.1664399999999997
mwir_std_flux,D:\HwaSimIR\HwaSim_IR\Bin\Config\Atmosphere\MODTRAN\raw\audit_mwir_standard_20260906\mwir_std_flux\spectral_flux.flx,,W/(cm^2 nm),W/(m^2 sr um),W/(m^2 um),value_si=value_native*1e7 (cm^-2/nm -> m^-2/um),4921.26,4.92126,5.0,5.09513e-07,3.68829e-08,2.16883e-07,5.09513,0.368829,2.16883
mwir_std_flux,D:\HwaSimIR\HwaSim_IR\Bin\Config\Atmosphere\MODTRAN\raw\audit_mwir_standard_20260906\mwir_std_flux\spectral_flux.flx,,W/(cm^2 nm),W/(m^2 sr um),W/(m^2 um),value_si=value_native*1e7 (cm^-2/nm -> m^-2/um),4918.84,4.91884,5.0,5.01267e-07,3.77398e-08,2.12229e-07,5.01267,0.377398,2.12229
mwir_std_flux,D:\HwaSimIR\HwaSim_IR\Bin\Config\Atmosphere\MODTRAN\raw\audit_mwir_standard_20260906\mwir_std_flux\spectral_flux.flx,,W/(cm^2 nm),W/(m^2 sr um),W/(m^2 um),value_si=value_native*1e7 (cm^-2/nm -> m^-2/um),4916.42,4.9164200000000005,5.0,4.91337e-07,3.92467e-08,2.06749e-07,4.9133700000000005,0.39246699999999995,2.06749
mwir_std_flux,D:\HwaSimIR\HwaSim_IR\Bin\Config\Atmosphere\MODTRAN\raw\audit_mwir_standard_20260906\mwir_std_flux\spectral_flux.flx,,W/(cm^2 nm),W/(m^2 sr um),W/(m^2 um),value_si=value_native*1e7 (cm^-2/nm -> m^-2/um),4914.0,4.914,5.0,4.93298e-07,3.93154e-08,2.10235e-07,4.93298,0.393154,2.10235
mwir_std_flux,D:\HwaSimIR\HwaSim_IR\Bin\Config\Atmosphere\MODTRAN\raw\audit_mwir_standard_20260906\mwir_std_flux\spectral_flux.flx,,W/(cm^2 nm),W/(m^2 sr um),W/(m^2 um),value_si=value_native*1e7 (cm^-2/nm -> m^-2/um),4911.59,4.91159,5.0,4.93862e-07,4.03134e-08,2.09707e-07,4.938619999999999,0.403134,2.09707
mwir_std_flux,D:\HwaSimIR\HwaSim_IR\Bin\Config\Atmosphere\MODTRAN\raw\audit_mwir_standard_20260906\mwir_std_flux\spectral_flux.flx,,W/(cm^2 nm),W/(m^2 sr um),W/(m^2 um),value_si=value_native*1e7 (cm^-2/nm -> m^-2/um),4909.18,4.90918,5.0,4.80939e-07,4.38364e-08,1.95355e-07,4.8093900000000005,0.438364,1.95355
mwir_std_flux,D:\HwaSimIR\HwaSim_IR\Bin\Config\Atmosphere\MODTRAN\raw\audit_mwir_standard_20260906\mwir_std_flux\spectral_flux.flx,,W/(cm^2 nm),W/(m^2 sr um),W/(m^2 um),value_si=value_native*1e7 (cm^-2/nm -> m^-2/um),4906.77,4.906770000000001,5.0,4.70866e-07,4.47454e-08,1.90398e-07,4.70866,0.447454,1.90398
mwir_std_flux,D:\HwaSimIR\HwaSim_IR\Bin\Config\Atmosphere\MODTRAN\raw\audit_mwir_standard_20260906\mwir_std_flux\spectral_flux.flx,,W/(cm^2 nm),W/(m^2 sr um),W/(m^2 um),value_si=value_native*1e7 (cm^-2/nm -> m^-2/um),4904.36,4.90436,5.0,4.6004e-07,4.44759e-08,1.96227e-07,4.6004,0.444759,1.96227
mwir_std_flux,D:\HwaSimIR\HwaSim_IR\Bin\Config\Atmosphere\MODTRAN\raw\audit_mwir_standard_20260906\mwir_std_flux\spectral_flux.flx,,W/(cm^2 nm),W/(m^2 sr um),W/(m^2 um),value_si=value_native*1e7 (cm^-2/nm -> m^-2/um),4901.96,4.90196,5.0,4.24891e-07,4.97186e-08,1.71545e-07,4.24891,0.497186,1.71545
mwir_std_flux,D:\HwaSimIR\HwaSim_IR\Bin\Config\Atmosphere\MODTRAN\raw\audit_mwir_standard_20260906\mwir_std_flux\spectral_flux.flx,,W/(cm^2 nm),W/(m^2 sr um),W/(m^2 um),value_si=value_native*1e7 (cm^-2/nm -> m^-2/um),4899.56,4.89956,5.0,3.88595e-07,5.54078e-08,1.3687e-07,3.88595,0.554078,1.3687
mwir_std_flux,D:\HwaSimIR\HwaSim_IR\Bin\Config\Atmosphere\MODTRAN\raw\audit_mwir_standard_20260906\mwir_std_flux\spectral_flux.flx,,W/(cm^2 nm),W/(m^2 sr um),W/(m^2 um),value_si=value_native*1e7 (cm^-2/nm -> m^-2/um),4897.16,4.8971599999999995,5.0,3.85411e-07,5.56826e-08,1.44816e-07,3.85411,0.556826,1.44816
mwir_std_flux,D:\HwaSimIR\HwaSim_IR\Bin\Config\Atmosphere\MODTRAN\raw\audit_mwir_standard_20260906\mwir_std_flux\spectral_flux.flx,,W/(cm^2 nm),W/(m^2 sr um),W/(m^2 um),value_si=value_native*1e7 (cm^-2/nm -> m^-2/um),4894.76,4.89476,5.0,3.90496e-07,5.64192e-08,1.54651e-07,3.90496,0.564192,1.54651
mwir_std_flux,D:\HwaSimIR\HwaSim_IR\Bin\Config\Atmosphere\MODTRAN\raw\audit_mwir_standard_20260906\mwir_std_flux\spectral_flux.flx,,W/(cm^2 nm),W/(m^2 sr um),W/(m^2 um),value_si=value_native*1e7 (cm^-2/nm -> m^-2/um),4892.37,4.89237,5.0,3.99671e-07,5.56753e-08,1.54079e-07,3.99671,0.5567529999999999,1.54079
mwir_std_flux,D:\HwaSimIR\HwaSim_IR\Bin\Config\Atmosphere\MODTRAN\raw\audit_mwir_standard_20260906\mwir_std_flux\spectral_flux.flx,,W/(cm^2 nm),W/(m^2 sr um),W/(m^2 um),value_si=value_native*1e7 (cm^-2/nm -> m^-2/um),4889.98,4.8899799999999995,5.0,4.30099e-07,5.01784e-08,1.76635e-07,4.30099,0.501784,1.7663499999999999
mwir_std_flux,D:\HwaSimIR\HwaSim_IR\Bin\Config\Atmosphere\MODTRAN\raw\audit_mwir_standard_20260906\mwir_std_flux\spectral_flux.flx,,W/(cm^2 nm),W/(m^2 sr um),W/(m^2 um),value_si=value_native*1e7 (cm^-2/nm -> m^-2/um),4887.59,4.88759,5.0,4.55404e-07,4.60928e-08,1.9233e-07,4.5540400000000005,0.46092799999999995,1.9233
mwir_std_flux,D:\HwaSimIR\HwaSim_IR\Bin\Config\Atmosphere\MODTRAN\raw\audit_mwir_standard_20260906\mwir_std_flux\spectral_flux.flx,,W/(cm^2 nm),W/(m^2 sr um),W/(m^2 um),value_si=value_native*1e7 (cm^-2/nm -> m^-2/um),4885.2,4.8852,5.0,4.6723e-07,4.37945e-08,1.93162e-07,4.6723,0.43794500000000003,1.93162
mwir_std_flux,D:\HwaSimIR\HwaSim_IR\Bin\Config\Atmosphere\MODTRAN\raw\audit_mwir_standard_20260906\mwir_std_flux\spectral_flux.flx,,W/(cm^2 nm),W/(m^2 sr um),W/(m^2 um),value_si=value_native*1e7 (cm^-2/nm -> m^-2/um),4882.81,4.88281,5.0,4.71866e-07,4.40514e-08,1.9286e-07,4.71866,0.44051399999999996,1.9285999999999999
mwir_std_flux,D:\HwaSimIR\HwaSim_IR\Bin\Config\Atmosphere\MODTRAN\raw\audit_mwir_standard_20260906\mwir_std_flux\spectral_flux.flx,,W/(cm^2 nm),W/(m^2 sr um),W/(m^2 um),value_si=value_native*1e7 (cm^-2/nm -> m^-2/um),4880.43,4.8804300000000005,5.0,4.71925e-07,4.54031e-08,1.93693e-07,4.71925,0.45403099999999996,1.93693
mwir_std_flux,D:\HwaSimIR\HwaSim_IR\Bin\Config\Atmosphere\MODTRAN\raw\audit_mwir_standard_20260906\mwir_std_flux\spectral_flux.flx,,W/(cm^2 nm),W/(m^2 sr um),W/(m^2 um),value_si=value_native*1e7 (cm^-2/nm -> m^-2/um),4878.05,4.87805,5.0,4.73293e-07,4.45671e-08,1.97336e-07,4.73293,0.445671,1.9733599999999998
mwir_std_flux,D:\HwaSimIR\HwaSim_IR\Bin\Config\Atmosphere\MODTRAN\raw\audit_mwir_standard_20260906\mwir_std_flux\spectral_flux.flx,,W/(cm^2 nm),W/(m^2 sr um),W/(m^2 um),value_si=value_native*1e7 (cm^-2/nm -> m^-2/um),4875.67,4.87567,5.0,4.69728e-07,4.54511e-08,1.91345e-07,4.69728,0.454511,1.9134499999999999
mwir_std_flux,D:\HwaSimIR\HwaSim_IR\Bin\Config\Atmosphere\MODTRAN\raw\audit_mwir_standard_20260906\mwir_std_flux\spectral_flux.flx,,W/(cm^2 nm),W/(m^2 sr um),W/(m^2 um),value_si=value_native*1e7 (cm^-2/nm -> m^-2/um),4873.29,4.87329,5.0,4.67216e-07,4.62336e-08,1.88174e-07,4.67216,0.462336,1.88174
mwir_std_flux,D:\HwaSimIR\HwaSim_IR\Bin\Config\Atmosphere\MODTRAN\raw\audit_mwir_standard_20260906\mwir_std_flux\spectral_flux.flx,,W/(cm^2 nm),W/(m^2 sr um),W/(m^2 um),value_si=value_native*1e7 (cm^-2/nm -> m^-2/um),4870.92,4.87092,5.0,4.64926e-07,4.5797e-08,1.91694e-07,4.64926,0.45797000000000004,1.9169399999999999
mwir_std_flux,D:\HwaSimIR\HwaSim_IR\Bin\Config\Atmosphere\MODTRAN\raw\audit_mwir_standard_20260906\mwir_std_flux\spectral_flux.flx,,W/(cm^2 nm),W/(m^2 sr um),W/(m^2 um),value_si=value_native*1e7 (cm^-2/nm -> m^-2/um),4868.55,4.86855,5.0,4.55484e-07,4.81245e-08,1.83588e-07,4.55484,0.48124500000000003,1.83588
mwir_std_flux,D:\HwaSimIR\HwaSim_IR\Bin\Config\Atmosphere\MODTRAN\raw\audit_mwir_standard_20260906\mwir_std_flux\spectral_flux.flx,,W/(cm^2 nm),W/(m^2 sr um),W/(m^2 um),value_si=value_native*1e7 (cm^-2/nm -> m^-2/um),4866.18,4.86618,5.0,4.55488e-07,4.85344e-08,1.82527e-07,4.55488,0.485344,1.82527
mwir_std_flux,D:\HwaSimIR\HwaSim_IR\Bin\Config\Atmosphere\MODTRAN\raw\audit_mwir_standard_20260906\mwir_std_flux\spectral_flux.flx,,W/(cm^2 nm),W/(m^2 sr um),W/(m^2 um),value_si=value_native*1e7 (cm^-2/nm -> m^-2/um),4863.81,4.86381,5.0,4.61295e-07,4.67597e-08,1.89174e-07,4.61295,0.467597,1.89174
mwir_std_flux,D:\HwaSimIR\HwaSim_IR\Bin\Config\Atmosphere\MODTRAN\raw\audit_mwir_standard_20260906\mwir_std_flux\spectral_flux.flx,,W/(cm^2 nm),W/(m^2 sr um),W/(m^2 um),value_si=value_native*1e7 (cm^-2/nm -> m^-2/um),4861.45,4.86145,5.0,4.55662e-07,4.84433e-08,1.79996e-07,4.55662,0.484433,1.79996
mwir_std_flux,D:\HwaSimIR\HwaSim_IR\Bin\Config\Atmosphere\MODTRAN\raw\audit_mwir_standard_20260906\mwir_std_flux\spectral_flux.flx,,W/(cm^2 nm),W/(m^2 sr um),W/(m^2 um),value_si=value_native*1e7 (cm^-2/nm -> m^-2/um),4859.09,4.85909,5.0,4.47823e-07,4.96216e-08,1.76324e-07,4.47823,0.496216,1.7632400000000001
mwir_std_flux,D:\HwaSimIR\HwaSim_IR\Bin\Config\Atmosphere\MODTRAN\raw\audit_mwir_standard_20260906\mwir_std_flux\spectral_flux.flx,,W/(cm^2 nm),W/(m^2 sr um),W/(m^2 um),value_si=value_native*1e7 (cm^-2/nm -> m^-2/um),4856.73,4.85673,5.0,4.3289e-07,5.08902e-08,1.71064e-07,4.3289,0.508902,1.71064
mwir_std_flux,D:\HwaSimIR\HwaSim_IR\Bin\Config\Atmosphere\MODTRAN\raw\audit_mwir_standard_20260906\mwir_std_flux\spectral_flux.flx,,W/(cm^2 nm),W/(m^2 sr um),W/(m^2 um),value_si=value_native*1e7 (cm^-2/nm -> m^-2/um),4854.37,4.85437,5.0,4.10459e-07,5.47328e-08,1.49175e-07,4.10459,0.547328,1.4917500000000001
mwir_std_flux,D:\HwaSimIR\HwaSim_IR\Bin\Config\Atmosphere\MODTRAN\raw\audit_mwir_standard_20260906\mwir_std_flux\spectral_flux.flx,,W/(cm^2 nm),W/(m^2 sr um),W/(m^2 um),value_si=value_native*1e7 (cm^-2/nm -> m^-2/um),4852.01,4.85201,5.0,4.12297e-07,5.38621e-08,1.54677e-07,4.12297,0.538621,1.54677
mwir_std_flux,D:\HwaSimIR\HwaSim_IR\Bin\Config\Atmosphere\MODTRAN\raw\audit_mwir_standard_20260906\mwir_std_flux\spectral_flux.flx,,W/(cm^2 nm),W/(m^2 sr um),W/(m^2 um),value_si=value_native*1e7 (cm^-2/nm -> m^-2/um),4849.66,4.84966,5.0,4.25392e-07,5.12413e-08,1.74479e-07,4.25392,0.512413,1.74479
mwir_std_flux,D:\HwaSimIR\HwaSim_IR\Bin\Config\Atmosphere\MODTRAN\raw\audit_mwir_standard_20260906\mwir_std_flux\spectral_flux.flx,,W/(cm^2 nm),W/(m^2 sr um),W/(m^2 um),value_si=value_native*1e7 (cm^-2/nm -> m^-2/um),4847.31,4.84731,5.0,4.11345e-07,5.42467e-08,1.64309e-07,4.11345,0.542467,1.64309
mwir_std_flux,D:\HwaSimIR\HwaSim_IR\Bin\Config\Atmosphere\MODTRAN\raw\audit_mwir_standard_20260906\mwir_std_flux\spectral_flux.flx,,W/(cm^2 nm),W/(m^2 sr um),W/(m^2 um),value_si=value_native*1e7 (cm^-2/nm -> m^-2/um),4844.96,4.84496,5.0,3.71845e-07,6.09557e-08,1.32338e-07,3.7184500000000003,0.609557,1.32338
mwir_std_flux,D:\HwaSimIR\HwaSim_IR\Bin\Config\Atmosphere\MODTRAN\raw\audit_mwir_standard_20260906\mwir_std_flux\spectral_flux.flx,,W/(cm^2 nm),W/(m^2 sr um),W/(m^2 um),value_si=value_native*1e7 (cm^-2/nm -> m^-2/um),4842.62,4.84262,5.0,3.3829e-07,6.73253e-08,1.03097e-07,3.3829,0.6732530000000001,1.03097
mwir_std_flux,D:\HwaSimIR\HwaSim_IR\Bin\Config\Atmosphere\MODTRAN\raw\audit_mwir_standard_20260906\mwir_std_flux\spectral_flux.flx,,W/(cm^2 nm),W/(m^2 sr um),W/(m^2 um),value_si=value_native*1e7 (cm^-2/nm -> m^-2/um),4840.27,4.84027,5.0,3.53195e-07,6.45213e-08,1.18416e-07,3.5319499999999997,0.645213,1.18416
mwir_std_flux,D:\HwaSimIR\HwaSim_IR\Bin\Config\Atmosphere\MODTRAN\raw\audit_mwir_standard_20260906\mwir_std_flux\spectral_flux.flx,,W/(cm^2 nm),W/(m^2 sr um),W/(m^2 um),value_si=value_native*1e7 (cm^-2/nm -> m^-2/um),4837.93,4.83793,5.0,4.0203e-07,5.42122e-08,1.64118e-07,4.0203,0.542122,1.6411799999999999
mwir_std_flux,D:\HwaSimIR\HwaSim_IR\Bin\Config\Atmosphere\MODTRAN\raw\audit_mwir_standard_20260906\mwir_std_flux\spectral_flux.flx,,W/(cm^2 nm),W/(m^2 sr um),W/(m^2 um),value_si=value_native*1e7 (cm^-2/nm -> m^-2/um),4835.59,4.83559,5.0,4.291e-07,5.08253e-08,1.77476e-07,4.291,0.5082530000000001,1.77476
mwir_std_flux,D:\HwaSimIR\HwaSim_IR\Bin\Config\Atmosphere\MODTRAN\raw\audit_mwir_standard_20260906\mwir_std_flux\spectral_flux.flx,,W/(cm^2 nm),W/(m^2 sr um),W/(m^2 um),value_si=value_native*1e7 (cm^-2/nm -> m^-2/um),4833.25,4.83325,5.0,4.36134e-07,5.16407e-08,1.74804e-07,4.36134,0.5164070000000001,1.74804
mwir_std_flux,D:\HwaSimIR\HwaSim_IR\Bin\Config\Atmosphere\MODTRAN\raw\audit_mwir_standard_20260906\mwir_std_flux\spectral_flux.flx,,W/(cm^2 nm),W/(m^2 sr um),W/(m^2 um),value_si=value_native*1e7 (cm^-2/nm -> m^-2/um),4830.92,4.83092,5.0,4.43234e-07,4.93491e-08,1.81733e-07,4.43234,0.493491,1.8173300000000001
mwir_std_flux,D:\HwaSimIR\HwaSim_IR\Bin\Config\Atmosphere\MODTRAN\raw\audit_mwir_standard_20260906\mwir_std_flux\spectral_flux.flx,,W/(cm^2 nm),W/(m^2 sr um),W/(m^2 um),value_si=value_native*1e7 (cm^-2/nm -> m^-2/um),4828.59,4.82859,5.0,4.41771e-07,4.93067e-08,1.79244e-07,4.41771,0.49306700000000003,1.7924399999999998
mwir_std_flux,D:\HwaSimIR\HwaSim_IR\Bin\Config\Atmosphere\MODTRAN\raw\audit_mwir_standard_20260906\mwir_std_flux\spectral_flux.flx,,W/(cm^2 nm),W/(m^2 sr um),W/(m^2 um),value_si=value_native*1e7 (cm^-2/nm -> m^-2/um),4826.25,4.82625,5.0,4.32754e-07,5.07149e-08,1.73068e-07,4.32754,0.5071490000000001,1.73068
mwir_std_flux,D:\HwaSimIR\HwaSim_IR\Bin\Config\Atmosphere\MODTRAN\raw\audit_mwir_standard_20260906\mwir_std_flux\spectral_flux.flx,,W/(cm^2 nm),W/(m^2 sr um),W/(m^2 um),value_si=value_native*1e7 (cm^-2/nm -> m^-2/um),4823.93,4.823930000000001,5.0,4.18712e-07,5.09618e-08,1.64077e-07,4.18712,0.509618,1.6407699999999998
mwir_std_flux,D:\HwaSimIR\HwaSim_IR\Bin\Config\Atmosphere\MODTRAN\raw\audit_mwir_standard_20260906\mwir_std_flux\spectral_flux.flx,,W/(cm^2 nm),W/(m^2 sr um),W/(m^2 um),value_si=value_native*1e7 (cm^-2/nm -> m^-2/um),4821.6,4.8216,5.0,4.1095e-07,5.04439e-08,1.59651e-07,4.1095,0.504439,1.59651
mwir_std_flux,D:\HwaSimIR\HwaSim_IR\Bin\Config\Atmosphere\MODTRAN\raw\audit_mwir_standard_20260906\mwir_std_flux\spectral_flux.flx,,W/(cm^2 nm),W/(m^2 sr um),W/(m^2 um),value_si=value_native*1e7 (cm^-2/nm -> m^-2/um),4819.28,4.81928,5.0,4.19504e-07,4.99983e-08,1.71779e-07,4.1950400000000005,0.499983,1.71779
mwir_std_flux,D:\HwaSimIR\HwaSim_IR\Bin\Config\Atmosphere\MODTRAN\raw\audit_mwir_standard_20260906\mwir_std_flux\spectral_flux.flx,,W/(cm^2 nm),W/(m^2 sr um),W/(m^2 um),value_si=value_native*1e7 (cm^-2/nm -> m^-2/um),4816.96,4.81696,5.0,3.99537e-07,6.34478e-08,1.43629e-07,3.9953700000000003,0.634478,1.4362899999999998
mwir_std_flux,D:\HwaSimIR\HwaSim_IR\Bin\Config\Atmosphere\MODTRAN\raw\audit_mwir_standard_20260906\mwir_std_flux\spectral_flux.flx,,W/(cm^2 nm),W/(m^2 sr um),W/(m^2 um),value_si=value_native*1e7 (cm^-2/nm -> m^-2/um),4814.64,4.814640000000001,5.0,3.484e-07,8.77101e-08,7.52603e-08,3.4840000000000004,0.877101,0.752603
mwir_std_flux,D:\HwaSimIR\HwaSim_IR\Bin\Config\Atmosphere\MODTRAN\raw\audit_mwir_standard_20260906\mwir_std_flux\spectral_flux.flx,,W/(cm^2 nm),W/(m^2 sr um),W/(m^2 um),value_si=value_native*1e7 (cm^-2/nm -> m^-2/um),4812.32,4.81232,5.0,3.41306e-07,9.11175e-08,6.13151e-08,3.41306,0.911175,0.613151
mwir_std_flux,D:\HwaSimIR\HwaSim_IR\Bin\Config\Atmosphere\MODTRAN\raw\audit_mwir_standard_20260906\mwir_std_flux\spectral_flux.flx,,W/(cm^2 nm),W/(m^2 sr um),W/(m^2 um),value_si=value_native*1e7 (cm^-2/nm -> m^-2/um),4810.0,4.81,5.0,3.85893e-07,7.04186e-08,1.14988e-07,3.85893,0.704186,1.14988
mwir_std_flux,D:\HwaSimIR\HwaSim_IR\Bin\Config\Atmosphere\MODTRAN\raw\audit_mwir_standard_20260906\mwir_std_flux\spectral_flux.flx,,W/(cm^2 nm),W/(m^2 sr um),W/(m^2 um),value_si=value_native*1e7 (cm^-2/nm -> m^-2/um),4807.69,4.80769,5.0,4.23457e-07,5.24467e-08,1.66266e-07,4.23457,0.524467,1.6626599999999998
mwir_std_flux,D:\HwaSimIR\HwaSim_IR\Bin\Config\Atmosphere\MODTRAN\raw\audit_mwir_standard_20260906\mwir_std_flux\spectral_flux.flx,,W/(cm^2 nm),W/(m^2 sr um),W/(m^2 um),value_si=value_native*1e7 (cm^-2/nm -> m^-2/um),4805.38,4.80538,5.0,4.28812e-07,4.85126e-08,1.7359e-07,4.28812,0.48512599999999995,1.7359
mwir_std_flux,D:\HwaSimIR\HwaSim_IR\Bin\Config\Atmosphere\MODTRAN\raw\audit_mwir_standard_20260906\mwir_std_flux\spectral_flux.flx,,W/(cm^2 nm),W/(m^2 sr um),W/(m^2 um),value_si=value_native*1e7 (cm^-2/nm -> m^-2/um),4803.07,4.80307,5.0,4.26331e-07,4.8268e-08,1.70172e-07,4.26331,0.48268,1.70172
mwir_std_flux,D:\HwaSimIR\HwaSim_IR\Bin\Config\Atmosphere\MODTRAN\raw\audit_mwir_standard_20260906\mwir_std_flux\spectral_flux.flx,,W/(cm^2 nm),W/(m^2 sr um),W/(m^2 um),value_si=value_native*1e7 (cm^-2/nm -> m^-2/um),4800.77,4.800770000000001,5.0,4.34727e-07,4.48708e-08,1.83276e-07,4.34727,0.448708,1.8327600000000002
mwir_std_flux,D:\HwaSimIR\HwaSim_IR\Bin\Config\Atmosphere\MODTRAN\raw\audit_mwir_standard_20260906\mwir_std_flux\spectral_flux.flx,,W/(cm^2 nm),W/(m^2 sr um),W/(m^2 um),value_si=value_native*1e7 (cm^-2/nm -> m^-2/um),4798.46,4.79846,5.0,4.39238e-07,4.34177e-08,1.88888e-07,4.39238,0.43417700000000004,1.88888
mwir_std_flux,D:\HwaSimIR\HwaSim_IR\Bin\Config\Atmosphere\MODTRAN\raw\audit_mwir_standard_20260906\mwir_std_flux\spectral_flux.flx,,W/(cm^2 nm),W/(m^2 sr um),W/(m^2 um),value_si=value_native*1e7 (cm^-2/nm -> m^-2/um),4796.16,4.7961599999999995,5.0,4.35304e-07,4.44272e-08,1.83495e-07,4.35304,0.444272,1.8349499999999999
mwir_std_flux,D:\HwaSimIR\HwaSim_IR\Bin\Config\Atmosphere\MODTRAN\raw\audit_mwir_standard_20260906\mwir_std_flux\spectral_flux.flx,,W/(cm^2 nm),W/(m^2 sr um),W/(m^2 um),value_si=value_native*1e7 (cm^-2/nm -> m^-2/um),4793.86,4.79386,5.0,4.28278e-07,4.49762e-08,1.7455e-07,4.28278,0.44976200000000005,1.7455
mwir_std_flux,D:\HwaSimIR\HwaSim_IR\Bin\Config\Atmosphere\MODTRAN\raw\audit_mwir_standard_20260906\mwir_std_flux\spectral_flux.flx,,W/(cm^2 nm),W/(m^2 sr um),W/(m^2 um),value_si=value_native*1e7 (cm^-2/nm -> m^-2/um),4791.57,4.79157,5.0,4.21859e-07,4.41932e-08,1.71159e-07,4.21859,0.441932,1.71159
mwir_std_flux,D:\HwaSimIR\HwaSim_IR\Bin\Config\Atmosphere\MODTRAN\raw\audit_mwir_standard_20260906\mwir_std_flux\spectral_flux.flx,,W/(cm^2 nm),W/(m^2 sr um),W/(m^2 um),value_si=value_native*1e7 (cm^-2/nm -> m^-2/um),4789.27,4.78927,5.0,4.15445e-07,4.35262e-08,1.76809e-07,4.15445,0.435262,1.7680900000000002
mwir_std_flux,D:\HwaSimIR\HwaSim_IR\Bin\Config\Atmosphere\MODTRAN\raw\audit_mwir_standard_20260906\mwir_std_flux\spectral_flux.flx,,W/(cm^2 nm),W/(m^2 sr um),W/(m^2 um),value_si=value_native*1e7 (cm^-2/nm -> m^-2/um),4786.98,4.78698,5.0,3.90225e-07,4.68491e-08,1.60031e-07,3.90225,0.468491,1.6003100000000001
mwir_std_flux,D:\HwaSimIR\HwaSim_IR\Bin\Config\Atmosphere\MODTRAN\raw\audit_mwir_standard_20260906\mwir_std_flux\spectral_flux.flx,,W/(cm^2 nm),W/(m^2 sr um),W/(m^2 um),value_si=value_native*1e7 (cm^-2/nm -> m^-2/um),4784.69,4.784689999999999,5.0,3.66908e-07,5.02167e-08,1.36925e-07,3.66908,0.502167,1.3692499999999999
mwir_std_flux,D:\HwaSimIR\HwaSim_IR\Bin\Config\Atmosphere\MODTRAN\raw\audit_mwir_standard_20260906\mwir_std_flux\spectral_flux.flx,,W/(cm^2 nm),W/(m^2 sr um),W/(m^2 um),value_si=value_native*1e7 (cm^-2/nm -> m^-2/um),4782.4,4.7824,5.0,3.85357e-07,4.75157e-08,1.52611e-07,3.85357,0.475157,1.5261099999999999
mwir_std_flux,D:\HwaSimIR\HwaSim_IR\Bin\Config\Atmosphere\MODTRAN\raw\audit_mwir_standard_20260906\mwir_std_flux\spectral_flux.flx,,W/(cm^2 nm),W/(m^2 sr um),W/(m^2 um),value_si=value_native*1e7 (cm^-2/nm -> m^-2/um),4780.11,4.78011,5.0,4.13615e-07,4.37506e-08,1.754e-07,4.13615,0.43750599999999995,1.754
mwir_std_flux,D:\HwaSimIR\HwaSim_IR\Bin\Config\Atmosphere\MODTRAN\raw\audit_mwir_standard_20260906\mwir_std_flux\spectral_flux.flx,,W/(cm^2 nm),W/(m^2 sr um),W/(m^2 um),value_si=value_native*1e7 (cm^-2/nm -> m^-2/um),4777.83,4.77783,5.0,4.16933e-07,4.48551e-08,1.73772e-07,4.1693299999999995,0.448551,1.73772
mwir_std_flux,D:\HwaSimIR\HwaSim_IR\Bin\Config\Atmosphere\MODTRAN\raw\audit_mwir_standard_20260906\mwir_std_flux\spectral_flux.flx,,W/(cm^2 nm),W/(m^2 sr um),W/(m^2 um),value_si=value_native*1e7 (cm^-2/nm -> m^-2/um),4775.55,4.77555,5.0,4.11249e-07,4.76341e-08,1.65846e-07,4.11249,0.476341,1.6584599999999998
mwir_std_flux,D:\HwaSimIR\HwaSim_IR\Bin\Config\Atmosphere\MODTRAN\raw\audit_mwir_standard_20260906\mwir_std_flux\spectral_flux.flx,,W/(cm^2 nm),W/(m^2 sr um),W/(m^2 um),value_si=value_native*1e7 (cm^-2/nm -> m^-2/um),4773.27,4.77327,5.0,4.1535e-07,4.60634e-08,1.70228e-07,4.1535,0.46063400000000004,1.70228
mwir_std_flux,D:\HwaSimIR\HwaSim_IR\Bin\Config\Atmosphere\MODTRAN\raw\audit_mwir_standard_20260906\mwir_std_flux\spectral_flux.flx,,W/(cm^2 nm),W/(m^2 sr um),W/(m^2 um),value_si=value_native*1e7 (cm^-2/nm -> m^-2/um),4770.99,4.770989999999999,5.0,4.27166e-07,4.14485e-08,1.79123e-07,4.27166,0.41448500000000005,1.79123
mwir_std_flux,D:\HwaSimIR\HwaSim_IR\Bin\Config\Atmosphere\MODTRAN\raw\audit_mwir_standard_20260906\mwir_std_flux\spectral_flux.flx,,W/(cm^2 nm),W/(m^2 sr um),W/(m^2 um),value_si=value_native*1e7 (cm^-2/nm -> m^-2/um),4768.72,4.76872,5.0,4.32686e-07,3.93334e-08,1.80718e-07,4.32686,0.393334,1.80718
mwir_std_flux,D:\HwaSimIR\HwaSim_IR\Bin\Config\Atmosphere\MODTRAN\raw\audit_mwir_standard_20260906\mwir_std_flux\spectral_flux.flx,,W/(cm^2 nm),W/(m^2 sr um),W/(m^2 um),value_si=value_native*1e7 (cm^-2/nm -> m^-2/um),4766.44,4.766439999999999,5.0,4.27655e-07,4.08684e-08,1.78243e-07,4.276549999999999,0.408684,1.78243
mwir_std_flux,D:\HwaSimIR\HwaSim_IR\Bin\Config\Atmosphere\MODTRAN\raw\audit_mwir_standard_20260906\mwir_std_flux\spectral_flux.flx,,W/(cm^2 nm),W/(m^2 sr um),W/(m^2 um),value_si=value_native*1e7 (cm^-2/nm -> m^-2/um),4764.17,4.76417,5.0,4.21687e-07,4.25336e-08,1.72194e-07,4.21687,0.425336,1.72194
mwir_std_flux,D:\HwaSimIR\HwaSim_IR\Bin\Config\Atmosphere\MODTRAN\raw\audit_mwir_standard_20260906\mwir_std_flux\spectral_flux.flx,,W/(cm^2 nm),W/(m^2 sr um),W/(m^2 um),value_si=value_native*1e7 (cm^-2/nm -> m^-2/um),4761.9,4.7619,5.0,4.23698e-07,4.12543e-08,1.74612e-07,4.23698,0.41254300000000005,1.7461200000000001
mwir_std_flux,D:\HwaSimIR\HwaSim_IR\Bin\Config\Atmosphere\MODTRAN\raw\audit_mwir_standard_20260906\mwir_std_flux\spectral_flux.flx,,W/(cm^2 nm),W/(m^2 sr um),W/(m^2 um),value_si=value_native*1e7 (cm^-2/nm -> m^-2/um),4759.64,4.75964,5.0,4.27249e-07,3.94806e-08,1.86991e-07,4.2724899999999995,0.394806,1.8699100000000002
mwir_std_flux,D:\HwaSimIR\HwaSim_IR\Bin\Config\Atmosphere\MODTRAN\raw\audit_mwir_standard_20260906\mwir_std_flux\spectral_flux.flx,,W/(cm^2 nm),W/(m^2 sr um),W/(m^2 um),value_si=value_native*1e7 (cm^-2/nm -> m^-2/um),4757.37,4.75737,5.0,4.23667e-07,4.03176e-08,1.88565e-07,4.23667,0.40317600000000003,1.88565
mwir_std_flux,D:\HwaSimIR\HwaSim_IR\Bin\Config\Atmosphere\MODTRAN\raw\audit_mwir_standard_20260906\mwir_std_flux\spectral_flux.flx,,W/(cm^2 nm),W/(m^2 sr um),W/(m^2 um),value_si=value_native*1e7 (cm^-2/nm -> m^-2/um),4755.11,4.755109999999999,5.0,4.18844e-07,4.17206e-08,1.82843e-07,4.18844,0.41720599999999997,1.82843
mwir_std_flux,D:\HwaSimIR\HwaSim_IR\Bin\Config\Atmosphere\MODTRAN\raw\audit_mwir_standard_20260906\mwir_std_flux\spectral_flux.flx,,W/(cm^2 nm),W/(m^2 sr um),W/(m^2 um),value_si=value_native*1e7 (cm^-2/nm -> m^-2/um),4752.85,4.7528500000000005,5.0,4.2005e-07,4.07164e-08,1.88053e-07,4.2005,0.407164,1.88053
mwir_std_flux,D:\HwaSimIR\HwaSim_IR\Bin\Config\Atmosphere\MODTRAN\raw\audit_mwir_standard_20260906\mwir_std_flux\spectral_flux.flx,,W/(cm^2 nm),W/(m^2 sr um),W/(m^2 um),value_si=value_native*1e7 (cm^-2/nm -> m^-2/um),4750.59,4.75059,5.0,4.15122e-07,4.04708e-08,1.87274e-07,4.1512199999999995,0.404708,1.87274
mwir_std_flux,D:\HwaSimIR\HwaSim_IR\Bin\Config\Atmosphere\MODTRAN\raw\audit_mwir_standard_20260906\mwir_std_flux\spectral_flux.flx,,W/(cm^2 nm),W/(m^2 sr um),W/(m^2 um),value_si=value_native*1e7 (cm^-2/nm -> m^-2/um),4748.34,4.74834,5.0,4.02435e-07,4.31795e-08,1.69219e-07,4.02435,0.431795,1.69219
mwir_std_flux,D:\HwaSimIR\HwaSim_IR\Bin\Config\Atmosphere\MODTRAN\raw\audit_mwir_standard_20260906\mwir_std_flux\spectral_flux.flx,,W/(cm^2 nm),W/(m^2 sr um),W/(m^2 um),value_si=value_native*1e7 (cm^-2/nm -> m^-2/um),4746.08,4.74608,5.0,4.03829e-07,4.40387e-08,1.6113e-07,4.03829,0.440387,1.6113
mwir_std_flux,D:\HwaSimIR\HwaSim_IR\Bin\Config\Atmosphere\MODTRAN\raw\audit_mwir_standard_20260906\mwir_std_flux\spectral_flux.flx,,W/(cm^2 nm),W/(m^2 sr um),W/(m^2 um),value_si=value_native*1e7 (cm^-2/nm -> m^-2/um),4743.83,4.74383,5.0,4.14998e-07,4.16036e-08,1.70087e-07,4.14998,0.41603599999999996,1.70087
mwir_std_flux,D:\HwaSimIR\HwaSim_IR\Bin\Config\Atmosphere\MODTRAN\raw\audit_mwir_standard_20260906\mwir_std_flux\spectral_flux.flx,,W/(cm^2 nm),W/(m^2 sr um),W/(m^2 um),value_si=value_native*1e7 (cm^-2/nm -> m^-2/um),4741.58,4.74158,5.0,4.1815e-07,3.95466e-08,1.80571e-07,4.181500000000001,0.39546600000000004,1.8057100000000001
mwir_std_flux,D:\HwaSimIR\HwaSim_IR\Bin\Config\Atmosphere\MODTRAN\raw\audit_mwir_standard_20260906\mwir_std_flux\spectral_flux.flx,,W/(cm^2 nm),W/(m^2 sr um),W/(m^2 um),value_si=value_native*1e7 (cm^-2/nm -> m^-2/um),4739.34,4.73934,5.0,4.18597e-07,3.90444e-08,1.96824e-07,4.18597,0.39044399999999996,1.96824
mwir_std_flux,D:\HwaSimIR\HwaSim_IR\Bin\Config\Atmosphere\MODTRAN\raw\audit_mwir_standard_20260906\mwir_std_flux\spectral_flux.flx,,W/(cm^2 nm),W/(m^2 sr um),W/(m^2 um),value_si=value_native*1e7 (cm^-2/nm -> m^-2/um),4737.09,4.73709,5.0,4.1922e-07,3.98907e-08,2.13624e-07,4.192200000000001,0.398907,2.13624
mwir_std_flux,D:\HwaSimIR\HwaSim_IR\Bin\Config\Atmosphere\MODTRAN\raw\audit_mwir_standard_20260906\mwir_std_flux\spectral_flux.flx,,W/(cm^2 nm),W/(m^2 sr um),W/(m^2 um),value_si=value_native*1e7 (cm^-2/nm -> m^-2/um),4734.85,4.734850000000001,5.0,4.17451e-07,4.09337e-08,2.19362e-07,4.17451,0.409337,2.19362
mwir_std_flux,D:\HwaSimIR\HwaSim_IR\Bin\Config\Atmosphere\MODTRAN\raw\audit_mwir_standard_20260906\mwir_std_flux\spectral_flux.flx,,W/(cm^2 nm),W/(m^2 sr um),W/(m^2 um),value_si=value_native*1e7 (cm^-2/nm -> m^-2/um),4732.61,4.732609999999999,5.0,4.11655e-07,4.07148e-08,2.18194e-07,4.11655,0.407148,2.18194
mwir_std_flux,D:\HwaSimIR\HwaSim_IR\Bin\Config\Atmosphere\MODTRAN\raw\audit_mwir_standard_20260906\mwir_std_flux\spectral_flux.flx,,W/(cm^2 nm),W/(m^2 sr um),W/(m^2 um),value_si=value_native*1e7 (cm^-2/nm -> m^-2/um),4730.37,4.73037,5.0,3.88774e-07,4.19872e-08,1.95285e-07,3.88774,0.419872,1.95285
mwir_std_flux,D:\HwaSimIR\HwaSim_IR\Bin\Config\Atmosphere\MODTRAN\raw\audit_mwir_standard_20260906\mwir_std_flux\spectral_flux.flx,,W/(cm^2 nm),W/(m^2 sr um),W/(m^2 um),value_si=value_native*1e7 (cm^-2/nm -> m^-2/um),4728.13,4.72813,5.0,3.64338e-07,4.5065e-08,1.63057e-07,3.64338,0.45065,1.63057
mwir_std_flux,D:\HwaSimIR\HwaSim_IR\Bin\Config\Atmosphere\MODTRAN\raw\audit_mwir_standard_20260906\mwir_std_flux\spectral_flux.flx,,W/(cm^2 nm),W/(m^2 sr um),W/(m^2 um),value_si=value_native*1e7 (cm^-2/nm -> m^-2/um),4725.9,4.725899999999999,5.0,3.73034e-07,4.46119e-08,1.62214e-07,3.73034,0.446119,1.62214
mwir_std_flux,D:\HwaSimIR\HwaSim_IR\Bin\Config\Atmosphere\MODTRAN\raw\audit_mwir_standard_20260906\mwir_std_flux\spectral_flux.flx,,W/(cm^2 nm),W/(m^2 sr um),W/(m^2 um),value_si=value_native*1e7 (cm^-2/nm -> m^-2/um),4723.67,4.72367,5.0,3.97426e-07,4.05514e-08,1.76354e-07,3.9742599999999997,0.405514,1.7635399999999999
mwir_std_flux,D:\HwaSimIR\HwaSim_IR\Bin\Config\Atmosphere\MODTRAN\raw\audit_mwir_standard_20260906\mwir_std_flux\spectral_flux.flx,,W/(cm^2 nm),W/(m^2 sr um),W/(m^2 um),value_si=value_native*1e7 (cm^-2/nm -> m^-2/um),4721.44,4.721439999999999,5.0,4.05506e-07,3.83923e-08,1.75019e-07,4.05506,0.383923,1.75019
mwir_std_flux,D:\HwaSimIR\HwaSim_IR\Bin\Config\Atmosphere\MODTRAN\raw\audit_mwir_standard_20260906\mwir_std_flux\spectral_flux.flx,,W/(cm^2 nm),W/(m^2 sr um),W/(m^2 um),value_si=value_native*1e7 (cm^-2/nm -> m^-2/um),4719.21,4.71921,5.0,4.01049e-07,3.99017e-08,1.62984e-07,4.01049,0.399017,1.62984
mwir_std_flux,D:\HwaSimIR\HwaSim_IR\Bin\Config\Atmosphere\MODTRAN\raw\audit_mwir_standard_20260906\mwir_std_flux\spectral_flux.flx,,W/(cm^2 nm),W/(m^2 sr um),W/(m^2 um),value_si=value_native*1e7 (cm^-2/nm -> m^-2/um),4716.98,4.7169799999999995,5.0,3.97163e-07,4.16378e-08,1.53388e-07,3.97163,0.416378,1.53388
mwir_std_flux,D:\HwaSimIR\HwaSim_IR\Bin\Config\Atmosphere\MODTRAN\raw\audit_mwir_standard_20260906\mwir_std_flux\spectral_flux.flx,,W/(cm^2 nm),W/(m^2 sr um),W/(m^2 um),value_si=value_native*1e7 (cm^-2/nm -> m^-2/um),4714.76,4.71476,5.0,3.99005e-07,4.05727e-08,1.56302e-07,3.99005,0.405727,1.5630199999999999
mwir_std_flux,D:\HwaSimIR\HwaSim_IR\Bin\Config\Atmosphere\MODTRAN\raw\audit_mwir_standard_20260906\mwir_std_flux\spectral_flux.flx,,W/(cm^2 nm),W/(m^2 sr um),W/(m^2 um),value_si=value_native*1e7 (cm^-2/nm -> m^-2/um),4712.54,4.71254,5.0,3.99275e-07,3.95111e-08,1.63202e-07,3.99275,0.395111,1.63202
mwir_std_flux,D:\HwaSimIR\HwaSim_IR\Bin\Config\Atmosphere\MODTRAN\raw\audit_mwir_standard_20260906\mwir_std_flux\spectral_flux.flx,,W/(cm^2 nm),W/(m^2 sr um),W/(m^2 um),value_si=value_native*1e7 (cm^-2/nm -> m^-2/um),4710.32,4.710319999999999,5.0,3.91234e-07,4.15376e-08,1.58448e-07,3.91234,0.415376,1.5844799999999999
mwir_std_flux,D:\HwaSimIR\HwaSim_IR\Bin\Config\Atmosphere\MODTRAN\raw\audit_mwir_standard_20260906\mwir_std_flux\spectral_flux.flx,,W/(cm^2 nm),W/(m^2 sr um),W/(m^2 um),value_si=value_native*1e7 (cm^-2/nm -> m^-2/um),4708.1,4.7081,5.0,3.84404e-07,4.31309e-08,1.50671e-07,3.8440399999999997,0.431309,1.5067100000000002
mwir_std_flux,D:\HwaSimIR\HwaSim_IR\Bin\Config\Atmosphere\MODTRAN\raw\audit_mwir_standard_20260906\mwir_std_flux\spectral_flux.flx,,W/(cm^2 nm),W/(m^2 sr um),W/(m^2 um),value_si=value_native*1e7 (cm^-2/nm -> m^-2/um),4705.88,4.7058800000000005,5.0,3.89613e-07,4.10673e-08,1.62919e-07,3.89613,0.410673,1.6291900000000001
mwir_std_flux,D:\HwaSimIR\HwaSim_IR\Bin\Config\Atmosphere\MODTRAN\raw\audit_mwir_standard_20260906\mwir_std_flux\spectral_flux.flx,,W/(cm^2 nm),W/(m^2 sr um),W/(m^2 um),value_si=value_native*1e7 (cm^-2/nm -> m^-2/um),4703.67,4.70367,5.0,3.98537e-07,3.88244e-08,1.84785e-07,3.98537,0.388244,1.84785
mwir_std_flux,D:\HwaSimIR\HwaSim_IR\Bin\Config\Atmosphere\MODTRAN\raw\audit_mwir_standard_20260906\mwir_std_flux\spectral_flux.flx,,W/(cm^2 nm),W/(m^2 sr um),W/(m^2 um),value_si=value_native*1e7 (cm^-2/nm -> m^-2/um),4701.46,4.70146,5.0,3.98049e-07,3.98391e-08,1.8671e-07,3.98049,0.39839100000000005,1.8671
mwir_std_flux,D:\HwaSimIR\HwaSim_IR\Bin\Config\Atmosphere\MODTRAN\raw\audit_mwir_standard_20260906\mwir_std_flux\spectral_flux.flx,,W/(cm^2 nm),W/(m^2 sr um),W/(m^2 um),value_si=value_native*1e7 (cm^-2/nm -> m^-2/um),4699.25,4.69925,5.0,3.92644e-07,4.23718e-08,1.81058e-07,3.92644,0.423718,1.81058
mwir_std_flux,D:\HwaSimIR\HwaSim_IR\Bin\Config\Atmosphere\MODTRAN\raw\audit_mwir_standard_20260906\mwir_std_flux\spectral_flux.flx,,W/(cm^2 nm),W/(m^2 sr um),W/(m^2 um),value_si=value_native*1e7 (cm^-2/nm -> m^-2/um),4697.04,4.69704,5.0,3.91856e-07,4.32463e-08,1.90399e-07,3.9185600000000003,0.432463,1.90399
mwir_std_flux,D:\HwaSimIR\HwaSim_IR\Bin\Config\Atmosphere\MODTRAN\raw\audit_mwir_standard_20260906\mwir_std_flux\spectral_flux.flx,,W/(cm^2 nm),W/(m^2 sr um),W/(m^2 um),value_si=value_native*1e7 (cm^-2/nm -> m^-2/um),4694.84,4.69484,5.0,3.96133e-07,4.20784e-08,2.07365e-07,3.9613300000000002,0.42078400000000005,2.07365
mwir_std_flux,D:\HwaSimIR\HwaSim_IR\Bin\Config\Atmosphere\MODTRAN\raw\audit_mwir_standard_20260906\mwir_std_flux\spectral_flux.flx,,W/(cm^2 nm),W/(m^2 sr um),W/(m^2 um),value_si=value_native*1e7 (cm^-2/nm -> m^-2/um),4692.63,4.69263,5.0,3.99067e-07,4.13295e-08,2.18053e-07,3.99067,0.413295,2.18053
mwir_std_flux,D:\HwaSimIR\HwaSim_IR\Bin\Config\Atmosphere\MODTRAN\raw\audit_mwir_standard_20260906\mwir_std_flux\spectral_flux.flx,,W/(cm^2 nm),W/(m^2 sr um),W/(m^2 um),value_si=value_native*1e7 (cm^-2/nm -> m^-2/um),4690.43,4.69043,5.0,4.01277e-07,4.09196e-08,2.27647e-07,4.01277,0.40919599999999995,2.27647
mwir_std_flux,D:\HwaSimIR\HwaSim_IR\Bin\Config\Atmosphere\MODTRAN\raw\audit_mwir_standard_20260906\mwir_std_flux\spectral_flux.flx,,W/(cm^2 nm),W/(m^2 sr um),W/(m^2 um),value_si=value_native*1e7 (cm^-2/nm -> m^-2/um),4688.23,4.68823,5.0,4.07783e-07,3.90747e-08,2.45533e-07,4.07783,0.390747,2.45533
mwir_std_flux,D:\HwaSimIR\HwaSim_IR\Bin\Config\Atmosphere\MODTRAN\raw\audit_mwir_standard_20260906\mwir_std_flux\spectral_flux.flx,,W/(cm^2 nm),W/(m^2 sr um),W/(m^2 um),value_si=value_native*1e7 (cm^-2/nm -> m^-2/um),4686.04,4.68604,5.0,4.09656e-07,3.79479e-08,2.5609e-07,4.09656,0.37947899999999996,2.5609
mwir_std_flux,D:\HwaSimIR\HwaSim_IR\Bin\Config\Atmosphere\MODTRAN\raw\audit_mwir_standard_20260906\mwir_std_flux\spectral_flux.flx,,W/(cm^2 nm),W/(m^2 sr um),W/(m^2 um),value_si=value_native*1e7 (cm^-2/nm -> m^-2/um),4683.84,4.68384,5.0,3.92271e-07,3.98068e-08,2.39385e-07,3.92271,0.39806800000000003,2.39385
mwir_std_flux,D:\HwaSimIR\HwaSim_IR\Bin\Config\Atmosphere\MODTRAN\raw\audit_mwir_standard_20260906\mwir_std_flux\spectral_flux.flx,,W/(cm^2 nm),W/(m^2 sr um),W/(m^2 um),value_si=value_native*1e7 (cm^-2/nm -> m^-2/um),4681.65,4.681649999999999,5.0,3.62478e-07,4.26914e-08,2.11839e-07,3.62478,0.42691399999999996,2.1183899999999998
mwir_std_flux,D:\HwaSimIR\HwaSim_IR\Bin\Config\Atmosphere\MODTRAN\raw\audit_mwir_standard_20260906\mwir_std_flux\spectral_flux.flx,,W/(cm^2 nm),W/(m^2 sr um),W/(m^2 um),value_si=value_native*1e7 (cm^-2/nm -> m^-2/um),4679.46,4.67946,5.0,3.51066e-07,4.31519e-08,2.09979e-07,3.5106599999999997,0.43151900000000004,2.09979
mwir_std_flux,D:\HwaSimIR\HwaSim_IR\Bin\Config\Atmosphere\MODTRAN\raw\audit_mwir_standard_20260906\mwir_std_flux\spectral_flux.flx,,W/(cm^2 nm),W/(m^2 sr um),W/(m^2 um),value_si=value_native*1e7 (cm^-2/nm -> m^-2/um),4677.27,4.67727,5.0,3.62548e-07,4.201e-08,2.22442e-07,3.62548,0.4201,2.22442
mwir_std_flux,D:\HwaSimIR\HwaSim_IR\Bin\Config\Atmosphere\MODTRAN\raw\audit_mwir_standard_20260906\mwir_std_flux\spectral_flux.flx,,W/(cm^2 nm),W/(m^2 sr um),W/(m^2 um),value_si=value_native*1e7 (cm^-2/nm -> m^-2/um),4675.08,4.67508,5.0,3.76124e-07,4.11262e-08,2.31102e-07,3.76124,0.41126199999999996,2.31102
mwir_std_flux,D:\HwaSimIR\HwaSim_IR\Bin\Config\Atmosphere\MODTRAN\raw\audit_mwir_standard_20260906\mwir_std_flux\spectral_flux.flx,,W/(cm^2 nm),W/(m^2 sr um),W/(m^2 um),value_si=value_native*1e7 (cm^-2/nm -> m^-2/um),4672.9,4.672899999999999,5.0,3.89319e-07,3.94872e-08,2.4775e-07,3.89319,0.394872,2.4774999999999996
mwir_std_flux,D:\HwaSimIR\HwaSim_IR\Bin\Config\Atmosphere\MODTRAN\raw\audit_mwir_standard_20260906\mwir_std_flux\spectral_flux.flx,,W/(cm^2 nm),W/(m^2 sr um),W/(m^2 um),value_si=value_native*1e7 (cm^-2/nm -> m^-2/um),4670.71,4.67071,5.0,4.00511e-07,3.79597e-08,2.61885e-07,4.00511,0.379597,2.61885
mwir_std_flux,D:\HwaSimIR\HwaSim_IR\Bin\Config\Atmosphere\MODTRAN\raw\audit_mwir_standard_20260906\mwir_std_flux\spectral_flux.flx,,W/(cm^2 nm),W/(m^2 sr um),W/(m^2 um),value_si=value_native*1e7 (cm^-2/nm -> m^-2/um),4668.53,4.66853,5.0,4.04506e-07,3.75404e-08,2.65793e-07,4.04506,0.375404,2.65793
mwir_std_flux,D:\HwaSimIR\HwaSim_IR\Bin\Config\Atmosphere\MODTRAN\raw\audit_mwir_standard_20260906\mwir_std_flux\spectral_flux.flx,,W/(cm^2 nm),W/(m^2 sr um),W/(m^2 um),value_si=value_native*1e7 (cm^-2/nm -> m^-2/um),4666.36,4.66636,5.0,4.04441e-07,3.7512e-08,2.65692e-07,4.04441,0.37512,2.65692
mwir_std_flux,D:\HwaSimIR\HwaSim_IR\Bin\Config\Atmosphere\MODTRAN\raw\audit_mwir_standard_20260906\mwir_std_flux\spectral_flux.flx,,W/(cm^2 nm),W/(m^2 sr um),W/(m^2 um),value_si=value_native*1e7 (cm^-2/nm -> m^-2/um),4664.18,4.66418,5.0,3.96752e-07,3.80026e-08,2.56773e-07,3.96752,0.380026,2.56773
mwir_std_flux,D:\HwaSimIR\HwaSim_IR\Bin\Config\Atmosphere\MODTRAN\raw\audit_mwir_standard_20260906\mwir_std_flux\spectral_flux.flx,,W/(cm^2 nm),W/(m^2 sr um),W/(m^2 um),value_si=value_native*1e7 (cm^-2/nm -> m^-2/um),4662.0,4.662,5.0,3.83739e-07,3.93912e-08,2.46559e-07,3.83739,0.39391200000000004,2.4655899999999997
mwir_std_flux,D:\HwaSimIR\HwaSim_IR\Bin\Config\Atmosphere\MODTRAN\raw\audit_mwir_standard_20260906\mwir_std_flux\spectral_flux.flx,,W/(cm^2 nm),W/(m^2 sr um),W/(m^2 um),value_si=value_native*1e7 (cm^-2/nm -> m^-2/um),4659.83,4.65983,5.0,3.77447e-07,4.11566e-08,2.41869e-07,3.77447,0.411566,2.4186900000000002
mwir_std_flux,D:\HwaSimIR\HwaSim_IR\Bin\Config\Atmosphere\MODTRAN\raw\audit_mwir_standard_20260906\mwir_std_flux\spectral_flux.flx,,W/(cm^2 nm),W/(m^2 sr um),W/(m^2 um),value_si=value_native*1e7 (cm^-2/nm -> m^-2/um),4657.66,4.65766,5.0,3.75632e-07,4.17234e-08,2.39376e-07,3.7563199999999997,0.417234,2.3937600000000003
mwir_std_flux,D:\HwaSimIR\HwaSim_IR\Bin\Config\Atmosphere\MODTRAN\raw\audit_mwir_standard_20260906\mwir_std_flux\spectral_flux.flx,,W/(cm^2 nm),W/(m^2 sr um),W/(m^2 um),value_si=value_native*1e7 (cm^-2/nm -> m^-2/um),4655.49,4.6554899999999995,5.0,3.78298e-07,4.02451e-08,2.47577e-07,3.78298,0.402451,2.4757700000000002
mwir_std_flux,D:\HwaSimIR\HwaSim_IR\Bin\Config\Atmosphere\MODTRAN\raw\audit_mwir_standard_20260906\mwir_std_flux\spectral_flux.flx,,W/(cm^2 nm),W/(m^2 sr um),W/(m^2 um),value_si=value_native*1e7 (cm^-2/nm -> m^-2/um),4653.33,4.6533299999999995,5.0,3.87604e-07,3.86855e-08,2.57048e-07,3.87604,0.386855,2.57048
mwir_std_flux,D:\HwaSimIR\HwaSim_IR\Bin\Config\Atmosphere\MODTRAN\raw\audit_mwir_standard_20260906\mwir_std_flux\spectral_flux.flx,,W/(cm^2 nm),W/(m^2 sr um),W/(m^2 um),value_si=value_native*1e7 (cm^-2/nm -> m^-2/um),4651.16,4.65116,5.0,3.8717e-07,3.9841e-08,2.49852e-07,3.8717,0.39841,2.4985199999999996
mwir_std_flux,D:\HwaSimIR\HwaSim_IR\Bin\Config\Atmosphere\MODTRAN\raw\audit_mwir_standard_20260906\mwir_std_flux\spectral_flux.flx,,W/(cm^2 nm),W/(m^2 sr um),W/(m^2 um),value_si=value_native*1e7 (cm^-2/nm -> m^-2/um),4649.0,4.649,5.0,3.79452e-07,4.1628e-08,2.41206e-07,3.79452,0.41628,2.4120600000000003
mwir_std_flux,D:\HwaSimIR\HwaSim_IR\Bin\Config\Atmosphere\MODTRAN\raw\audit_mwir_standard_20260906\mwir_std_flux\spectral_flux.flx,,W/(cm^2 nm),W/(m^2 sr um),W/(m^2 um),value_si=value_native*1e7 (cm^-2/nm -> m^-2/um),4646.84,4.64684,5.0,3.81864e-07,4.06655e-08,2.4521e-07,3.8186400000000003,0.406655,2.4521
mwir_std_flux,D:\HwaSimIR\HwaSim_IR\Bin\Config\Atmosphere\MODTRAN\raw\audit_mwir_standard_20260906\mwir_std_flux\spectral_flux.flx,,W/(cm^2 nm),W/(m^2 sr um),W/(m^2 um),value_si=value_native*1e7 (cm^-2/nm -> m^-2/um),4644.68,4.64468,5.0,3.86666e-07,3.95585e-08,2.49753e-07,3.86666,0.395585,2.49753
mwir_std_flux,D:\HwaSimIR\HwaSim_IR\Bin\Config\Atmosphere\MODTRAN\raw\audit_mwir_standard_20260906\mwir_std_flux\spectral_flux.flx,,W/(cm^2 nm),W/(m^2 sr um),W/(m^2 um),value_si=value_native*1e7 (cm^-2/nm -> m^-2/um),4642.53,4.64253,5.0,3.82688e-07,4.06532e-08,2.47562e-07,3.82688,0.406532,2.4756199999999997
mwir_std_flux,D:\HwaSimIR\HwaSim_IR\Bin\Config\Atmosphere\MODTRAN\raw\audit_mwir_standard_20260906\mwir_std_flux\spectral_flux.flx,,W/(cm^2 nm),W/(m^2 sr um),W/(m^2 um),value_si=value_native*1e7 (cm^-2/nm -> m^-2/um),4640.37,4.64037,5.0,3.78312e-07,4.15386e-08,2.46298e-07,3.7831200000000003,0.415386,2.4629800000000004
mwir_std_flux,D:\HwaSimIR\HwaSim_IR\Bin\Config\Atmosphere\MODTRAN\raw\audit_mwir_standard_20260906\mwir_std_flux\spectral_flux.flx,,W/(cm^2 nm),W/(m^2 sr um),W/(m^2 um),value_si=value_native*1e7 (cm^-2/nm -> m^-2/um),4638.22,4.6382200000000005,5.0,3.81383e-07,4.08131e-08,2.51234e-07,3.8138300000000003,0.408131,2.51234
mwir_std_flux,D:\HwaSimIR\HwaSim_IR\Bin\Config\Atmosphere\MODTRAN\raw\audit_mwir_standard_20260906\mwir_std_flux\spectral_flux.flx,,W/(cm^2 nm),W/(m^2 sr um),W/(m^2 um),value_si=value_native*1e7 (cm^-2/nm -> m^-2/um),4636.07,4.63607,5.0,3.78958e-07,4.15084e-08,2.45729e-07,3.78958,0.415084,2.45729
mwir_std_flux,D:\HwaSimIR\HwaSim_IR\Bin\Config\Atmosphere\MODTRAN\raw\audit_mwir_standard_20260906\mwir_std_flux\spectral_flux.flx,,W/(cm^2 nm),W/(m^2 sr um),W/(m^2 um),value_si=value_native*1e7 (cm^-2/nm -> m^-2/um),4633.92,4.63392,5.0,3.7302e-07,4.3032e-08,2.37831e-07,3.7302,0.43032,2.37831
mwir_std_flux,D:\HwaSimIR\HwaSim_IR\Bin\Config\Atmosphere\MODTRAN\raw\audit_mwir_standard_20260906\mwir_std_flux\spectral_flux.flx,,W/(cm^2 nm),W/(m^2 sr um),W/(m^2 um),value_si=value_native*1e7 (cm^-2/nm -> m^-2/um),4631.77,4.63177,5.0,3.77113e-07,4.19433e-08,2.49787e-07,3.77113,0.41943299999999994,2.49787
mwir_std_flux,D:\HwaSimIR\HwaSim_IR\Bin\Config\Atmosphere\MODTRAN\raw\audit_mwir_standard_20260906\mwir_std_flux\spectral_flux.flx,,W/(cm^2 nm),W/(m^2 sr um),W/(m^2 um),value_si=value_native*1e7 (cm^-2/nm -> m^-2/um),4629.63,4.62963,5.0,3.77421e-07,4.08239e-08,2.59172e-07,3.7742099999999996,0.40823899999999996,2.59172
mwir_std_flux,D:\HwaSimIR\HwaSim_IR\Bin\Config\Atmosphere\MODTRAN\raw\audit_mwir_standard_20260906\mwir_std_flux\spectral_flux.flx,,W/(cm^2 nm),W/(m^2 sr um),W/(m^2 um),value_si=value_native*1e7 (cm^-2/nm -> m^-2/um),4627.49,4.62749,5.0,3.62197e-07,4.27491e-08,2.40353e-07,3.62197,0.427491,2.40353
mwir_std_flux,D:\HwaSimIR\HwaSim_IR\Bin\Config\Atmosphere\MODTRAN\raw\audit_mwir_standard_20260906\mwir_std_flux\spectral_flux.flx,,W/(cm^2 nm),W/(m^2 sr um),W/(m^2 um),value_si=value_native*1e7 (cm^-2/nm -> m^-2/um),4625.35,4.62535,5.0,3.49322e-07,4.46715e-08,2.18796e-07,3.49322,0.446715,2.18796
mwir_std_flux,D:\HwaSimIR\HwaSim_IR\Bin\Config\Atmosphere\MODTRAN\raw\audit_mwir_standard_20260906\mwir_std_flux\spectral_flux.flx,,W/(cm^2 nm),W/(m^2 sr um),W/(m^2 um),value_si=value_native*1e7 (cm^-2/nm -> m^-2/um),4623.21,4.62321,5.0,3.56635e-07,4.32881e-08,2.3103e-07,3.5663500000000004,0.432881,2.3103
mwir_std_flux,D:\HwaSimIR\HwaSim_IR\Bin\Config\Atmosphere\MODTRAN\raw\audit_mwir_standard_20260906\mwir_std_flux\spectral_flux.flx,,W/(cm^2 nm),W/(m^2 sr um),W/(m^2 um),value_si=value_native*1e7 (cm^-2/nm -> m^-2/um),4621.07,4.62107,5.0,3.68908e-07,4.17186e-08,2.50621e-07,3.6890799999999997,0.417186,2.50621
mwir_std_flux,D:\HwaSimIR\HwaSim_IR\Bin\Config\Atmosphere\MODTRAN\raw\audit_mwir_standard_20260906\mwir_std_flux\spectral_flux.flx,,W/(cm^2 nm),W/(m^2 sr um),W/(m^2 um),value_si=value_native*1e7 (cm^-2/nm -> m^-2/um),4618.94,4.618939999999999,5.0,3.67898e-07,4.26912e-08,2.45069e-07,3.67898,0.426912,2.45069
mwir_std_flux,D:\HwaSimIR\HwaSim_IR\Bin\Config\Atmosphere\MODTRAN\raw\audit_mwir_standard_20260906\mwir_std_flux\spectral_flux.flx,,W/(cm^2 nm),W/(m^2 sr um),W/(m^2 um),value_si=value_native*1e7 (cm^-2/nm -> m^-2/um),4616.81,4.61681,5.0,3.64457e-07,4.34809e-08,2.37252e-07,3.64457,0.434809,2.37252
mwir_std_flux,D:\HwaSimIR\HwaSim_IR\Bin\Config\Atmosphere\MODTRAN\raw\audit_mwir_standard_20260906\mwir_std_flux\spectral_flux.flx,,W/(cm^2 nm),W/(m^2 sr um),W/(m^2 um),value_si=value_native*1e7 (cm^-2/nm -> m^-2/um),4614.67,4.61467,5.0,3.6771e-07,4.25926e-08,2.45524e-07,3.6771,0.425926,2.45524
mwir_std_flux,D:\HwaSimIR\HwaSim_IR\Bin\Config\Atmosphere\MODTRAN\raw\audit_mwir_standard_20260906\mwir_std_flux\spectral_flux.flx,,W/(cm^2 nm),W/(m^2 sr um),W/(m^2 um),value_si=value_native*1e7 (cm^-2/nm -> m^-2/um),4612.55,4.612550000000001,5.0,3.64202e-07,4.32565e-08,2.4202e-07,3.64202,0.43256500000000003,2.4202
mwir_std_flux,D:\HwaSimIR\HwaSim_IR\Bin\Config\Atmosphere\MODTRAN\raw\audit_mwir_standard_20260906\mwir_std_flux\spectral_flux.flx,,W/(cm^2 nm),W/(m^2 sr um),W/(m^2 um),value_si=value_native*1e7 (cm^-2/nm -> m^-2/um),4610.42,4.61042,5.0,3.55829e-07,4.50683e-08,2.29586e-07,3.55829,0.450683,2.2958600000000002
mwir_std_flux,D:\HwaSimIR\HwaSim_IR\Bin\Config\Atmosphere\MODTRAN\raw\audit_mwir_standard_20260906\mwir_std_flux\spectral_flux.flx,,W/(cm^2 nm),W/(m^2 sr um),W/(m^2 um),value_si=value_native*1e7 (cm^-2/nm -> m^-2/um),4608.29,4.60829,5.0,3.53948e-07,4.48529e-08,2.33827e-07,3.53948,0.448529,2.33827
mwir_std_flux,D:\HwaSimIR\HwaSim_IR\Bin\Config\Atmosphere\MODTRAN\raw\audit_mwir_standard_20260906\mwir_std_flux\spectral_flux.flx,,W/(cm^2 nm),W/(m^2 sr um),W/(m^2 um),value_si=value_native*1e7 (cm^-2/nm -> m^-2/um),4606.17,4.60617,5.0,3.50511e-07,4.45776e-08,2.37727e-07,3.50511,0.445776,2.3772699999999998
mwir_std_flux,D:\HwaSimIR\HwaSim_IR\Bin\Config\Atmosphere\MODTRAN\raw\audit_mwir_standard_20260906\mwir_std_flux\spectral_flux.flx,,W/(cm^2 nm),W/(m^2 sr um),W/(m^2 um),value_si=value_native*1e7 (cm^-2/nm -> m^-2/um),4604.05,4.60405,5.0,3.43422e-07,4.6047e-08,2.27706e-07,3.43422,0.46047000000000005,2.27706
mwir_std_flux,D:\HwaSimIR\HwaSim_IR\Bin\Config\Atmosphere\MODTRAN\raw\audit_mwir_standard_20260906\mwir_std_flux\spectral_flux.flx,,W/(cm^2 nm),W/(m^2 sr um),W/(m^2 um),value_si=value_native*1e7 (cm^-2/nm -> m^-2/um),4601.93,4.60193,5.0,3.43009e-07,4.67306e-08,2.22073e-07,3.4300900000000003,0.467306,2.22073
mwir_std_flux,D:\HwaSimIR\HwaSim_IR\Bin\Config\Atmosphere\MODTRAN\raw\audit_mwir_standard_20260906\mwir_std_flux\spectral_flux.flx,,W/(cm^2 nm),W/(m^2 sr um),W/(m^2 um),value_si=value_native*1e7 (cm^-2/nm -> m^-2/um),4599.82,4.599819999999999,5.0,3.47978e-07,4.56613e-08,2.31225e-07,3.4797800000000003,0.456613,2.31225
mwir_std_flux,D:\HwaSimIR\HwaSim_IR\Bin\Config\Atmosphere\MODTRAN\raw\audit_mwir_standard_20260906\mwir_std_flux\spectral_flux.flx,,W/(cm^2 nm),W/(m^2 sr um),W/(m^2 um),value_si=value_native*1e7 (cm^-2/nm -> m^-2/um),4597.7,4.5977,5.0,3.43685e-07,4.63707e-08,2.26869e-07,3.43685,0.46370700000000004,2.26869
mwir_std_flux,D:\HwaSimIR\HwaSim_IR\Bin\Config\Atmosphere\MODTRAN\raw\audit_mwir_standard_20260906\mwir_std_flux\spectral_flux.flx,,W/(cm^2 nm),W/(m^2 sr um),W/(m^2 um),value_si=value_native*1e7 (cm^-2/nm -> m^-2/um),4595.59,4.5955900000000005,5.0,3.35623e-07,4.81655e-08,2.12812e-07,3.35623,0.481655,2.12812
mwir_std_flux,D:\HwaSimIR\HwaSim_IR\Bin\Config\Atmosphere\MODTRAN\raw\audit_mwir_standard_20260906\mwir_std_flux\spectral_flux.flx,,W/(cm^2 nm),W/(m^2 sr um),W/(m^2 um),value_si=value_native*1e7 (cm^-2/nm -> m^-2/um),4593.48,4.59348,5.0,3.3702e-07,4.7606e-08,2.17672e-07,3.3701999999999996,0.47606000000000004,2.17672
mwir_std_flux,D:\HwaSimIR\HwaSim_IR\Bin\Config\Atmosphere\MODTRAN\raw\audit_mwir_standard_20260906\mwir_std_flux\spectral_flux.flx,,W/(cm^2 nm),W/(m^2 sr um),W/(m^2 um),value_si=value_native*1e7 (cm^-2/nm -> m^-2/um),4591.37,4.5913699999999995,5.0,3.38787e-07,4.65561e-08,2.24683e-07,3.38787,0.465561,2.24683
mwir_std_flux,D:\HwaSimIR\HwaSim_IR\Bin\Config\Atmosphere\MODTRAN\raw\audit_mwir_standard_20260906\mwir_std_flux\spectral_flux.flx,,W/(cm^2 nm),W/(m^2 sr um),W/(m^2 um),value_si=value_native*1e7 (cm^-2/nm -> m^-2/um),4589.26,4.58926,5.0,3.32081e-07,4.75085e-08,2.14189e-07,3.3208100000000003,0.475085,2.14189
mwir_std_flux,D:\HwaSimIR\HwaSim_IR\Bin\Config\Atmosphere\MODTRAN\raw\audit_mwir_standard_20260906\mwir_std_flux\spectral_flux.flx,,W/(cm^2 nm),W/(m^2 sr um),W/(m^2 um),value_si=value_native*1e7 (cm^-2/nm -> m^-2/um),4587.16,4.58716,5.0,3.25099e-07,4.8699e-08,2.02046e-07,3.25099,0.48699,2.02046
mwir_std_flux,D:\HwaSimIR\HwaSim_IR\Bin\Config\Atmosphere\MODTRAN\raw\audit_mwir_standard_20260906\mwir_std_flux\spectral_flux.flx,,W/(cm^2 nm),W/(m^2 sr um),W/(m^2 um),value_si=value_native*1e7 (cm^-2/nm -> m^-2/um),4585.05,4.58505,5.0,3.23729e-07,4.87096e-08,2.03469e-07,3.2372900000000002,0.48709600000000003,2.03469
mwir_std_flux,D:\HwaSimIR\HwaSim_IR\Bin\Config\Atmosphere\MODTRAN\raw\audit_mwir_standard_20260906\mwir_std_flux\spectral_flux.flx,,W/(cm^2 nm),W/(m^2 sr um),W/(m^2 um),value_si=value_native*1e7 (cm^-2/nm -> m^-2/um),4582.95,4.582949999999999,5.0,3.18309e-07,5.02607e-08,1.96714e-07,3.1830900000000004,0.502607,1.9671399999999999
mwir_std_flux,D:\HwaSimIR\HwaSim_IR\Bin\Config\Atmosphere\MODTRAN\raw\audit_mwir_standard_20260906\mwir_std_flux\spectral_flux.flx,,W/(cm^2 nm),W/(m^2 sr um),W/(m^2 um),value_si=value_native*1e7 (cm^-2/nm -> m^-2/um),4580.85,4.580850000000001,5.0,3.09927e-07,5.28395e-08,1.81812e-07,3.0992699999999997,0.5283950000000001,1.81812
mwir_std_flux,D:\HwaSimIR\HwaSim_IR\Bin\Config\Atmosphere\MODTRAN\raw\audit_mwir_standard_20260906\mwir_std_flux\spectral_flux.flx,,W/(cm^2 nm),W/(m^2 sr um),W/(m^2 um),value_si=value_native*1e7 (cm^-2/nm -> m^-2/um),4578.75,4.57875,5.0,3.05529e-07,5.37121e-08,1.79736e-07,3.05529,0.537121,1.7973599999999998
mwir_std_flux,D:\HwaSimIR\HwaSim_IR\Bin\Config\Atmosphere\MODTRAN\raw\audit_mwir_standard_20260906\mwir_std_flux\spectral_flux.flx,,W/(cm^2 nm),W/(m^2 sr um),W/(m^2 um),value_si=value_native*1e7 (cm^-2/nm -> m^-2/um),4576.66,4.5766599999999995,5.0,3.0035e-07,5.43371e-08,1.7703e-07,3.0035000000000003,0.5433709999999999,1.7703
mwir_std_flux,D:\HwaSimIR\HwaSim_IR\Bin\Config\Atmosphere\MODTRAN\raw\audit_mwir_standard_20260906\mwir_std_flux\spectral_flux.flx,,W/(cm^2 nm),W/(m^2 sr um),W/(m^2 um),value_si=value_native*1e7 (cm^-2/nm -> m^-2/um),4574.57,4.57457,5.0,2.92552e-07,5.59321e-08,1.62266e-07,2.92552,0.559321,1.62266
mwir_std_flux,D:\HwaSimIR\HwaSim_IR\Bin\Config\Atmosphere\MODTRAN\raw\audit_mwir_standard_20260906\mwir_std_flux\spectral_flux.flx,,W/(cm^2 nm),W/(m^2 sr um),W/(m^2 um),value_si=value_native*1e7 (cm^-2/nm -> m^-2/um),4572.47,4.57247,5.0,2.87249e-07,5.69566e-08,1.50077e-07,2.87249,0.569566,1.50077
mwir_std_flux,D:\HwaSimIR\HwaSim_IR\Bin\Config\Atmosphere\MODTRAN\raw\audit_mwir_standard_20260906\mwir_std_flux\spectral_flux.flx,,W/(cm^2 nm),W/(m^2 sr um),W/(m^2 um),value_si=value_native*1e7 (cm^-2/nm -> m^-2/um),4570.38,4.57038,5.0,2.88845e-07,5.63449e-08,1.51425e-07,2.88845,0.563449,1.5142499999999999
mwir_std_flux,D:\HwaSimIR\HwaSim_IR\Bin\Config\Atmosphere\MODTRAN\raw\audit_mwir_standard_20260906\mwir_std_flux\spectral_flux.flx,,W/(cm^2 nm),W/(m^2 sr um),W/(m^2 um),value_si=value_native*1e7 (cm^-2/nm -> m^-2/um),4568.3,4.5683,5.0,2.91485e-07,5.54325e-08,1.52999e-07,2.91485,0.554325,1.52999
mwir_std_flux,D:\HwaSimIR\HwaSim_IR\Bin\Config\Atmosphere\MODTRAN\raw\audit_mwir_standard_20260906\mwir_std_flux\spectral_flux.flx,,W/(cm^2 nm),W/(m^2 sr um),W/(m^2 um),value_si=value_native*1e7 (cm^-2/nm -> m^-2/um),4566.21,4.56621,5.0,2.94415e-07,5.42989e-08,1.54615e-07,2.9441499999999996,0.542989,1.5461500000000001
mwir_std_flux,D:\HwaSimIR\HwaSim_IR\Bin\Config\Atmosphere\MODTRAN\raw\audit_mwir_standard_20260906\mwir_std_flux\spectral_flux.flx,,W/(cm^2 nm),W/(m^2 sr um),W/(m^2 um),value_si=value_native*1e7 (cm^-2/nm -> m^-2/um),4564.13,4.5641300000000005,5.0,3.00792e-07,5.25121e-08,1.65594e-07,3.00792,0.525121,1.65594
mwir_std_flux,D:\HwaSimIR\HwaSim_IR\Bin\Config\Atmosphere\MODTRAN\raw\audit_mwir_standard_20260906\mwir_std_flux\spectral_flux.flx,,W/(cm^2 nm),W/(m^2 sr um),W/(m^2 um),value_si=value_native*1e7 (cm^-2/nm -> m^-2/um),4562.04,4.56204,5.0,2.9994e-07,5.29039e-08,1.69597e-07,2.9994,0.529039,1.69597
mwir_std_flux,D:\HwaSimIR\HwaSim_IR\Bin\Config\Atmosphere\MODTRAN\raw\audit_mwir_standard_20260906\mwir_std_flux\spectral_flux.flx,,W/(cm^2 nm),W/(m^2 sr um),W/(m^2 um),value_si=value_native*1e7 (cm^-2/nm -> m^-2/um),4559.96,4.55996,5.0,2.90222e-07,5.53043e-08,1.58269e-07,2.9022200000000002,0.553043,1.58269
mwir_std_flux,D:\HwaSimIR\HwaSim_IR\Bin\Config\Atmosphere\MODTRAN\raw\audit_mwir_standard_20260906\mwir_std_flux\spectral_flux.flx,,W/(cm^2 nm),W/(m^2 sr um),W/(m^2 um),value_si=value_native*1e7 (cm^-2/nm -> m^-2/um),4557.89,4.55789,5.0,2.82695e-07,5.65133e-08,1.43155e-07,2.8269499999999996,0.565133,1.4315499999999999
mwir_std_flux,D:\HwaSimIR\HwaSim_IR\Bin\Config\Atmosphere\MODTRAN\raw\audit_mwir_standard_20260906\mwir_std_flux\spectral_flux.flx,,W/(cm^2 nm),W/(m^2 sr um),W/(m^2 um),value_si=value_native*1e7 (cm^-2/nm -> m^-2/um),4555.81,4.55581,5.0,2.78523e-07,5.70825e-08,1.31443e-07,2.7852300000000003,0.570825,1.31443
mwir_std_flux,D:\HwaSimIR\HwaSim_IR\Bin\Config\Atmosphere\MODTRAN\raw\audit_mwir_standard_20260906\mwir_std_flux\spectral_flux.flx,,W/(cm^2 nm),W/(m^2 sr um),W/(m^2 um),value_si=value_native*1e7 (cm^-2/nm -> m^-2/um),4553.73,4.55373,5.0,2.73115e-07,5.837e-08,1.20279e-07,2.7311500000000004,0.5837,1.2027899999999998
mwir_std_flux,D:\HwaSimIR\HwaSim_IR\Bin\Config\Atmosphere\MODTRAN\raw\audit_mwir_standard_20260906\mwir_std_flux\spectral_flux.flx,,W/(cm^2 nm),W/(m^2 sr um),W/(m^2 um),value_si=value_native*1e7 (cm^-2/nm -> m^-2/um),4551.66,4.55166,5.0,2.68514e-07,5.92846e-08,1.11562e-07,2.68514,0.592846,1.11562
mwir_std_flux,D:\HwaSimIR\HwaSim_IR\Bin\Config\Atmosphere\MODTRAN\raw\audit_mwir_standard_20260906\mwir_std_flux\spectral_flux.flx,,W/(cm^2 nm),W/(m^2 sr um),W/(m^2 um),value_si=value_native*1e7 (cm^-2/nm -> m^-2/um),4549.59,4.54959,5.0,2.67222e-07,5.90902e-08,1.09845e-07,2.67222,0.590902,1.09845
mwir_std_flux,D:\HwaSimIR\HwaSim_IR\Bin\Config\Atmosphere\MODTRAN\raw\audit_mwir_standard_20260906\mwir_std_flux\spectral_flux.flx,,W/(cm^2 nm),W/(m^2 sr um),W/(m^2 um),value_si=value_native*1e7 (cm^-2/nm -> m^-2/um),4547.52,4.5475200000000005,5.0,2.6566e-07,5.90164e-08,1.08269e-07,2.6566,0.590164,1.08269
mwir_std_flux,D:\HwaSimIR\HwaSim_IR\Bin\Config\Atmosphere\MODTRAN\raw\audit_mwir_standard_20260906\mwir_std_flux\spectral_flux.flx,,W/(cm^2 nm),W/(m^2 sr um),W/(m^2 um),value_si=value_native*1e7 (cm^-2/nm -> m^-2/um),4545.45,4.54545,5.0,2.65858e-07,5.88475e-08,1.07815e-07,2.65858,0.588475,1.07815
mwir_std_flux,D:\HwaSimIR\HwaSim_IR\Bin\Config\Atmosphere\MODTRAN\raw\audit_mwir_standard_20260906\mwir_std_flux\spectral_flux.flx,,W/(cm^2 nm),W/(m^2 sr um),W/(m^2 um),value_si=value_native*1e7 (cm^-2/nm -> m^-2/um),4543.39,4.5433900000000005,5.0,2.70119e-07,5.79017e-08,1.12345e-07,2.70119,0.579017,1.12345
mwir_std_flux,D:\HwaSimIR\HwaSim_IR\Bin\Config\Atmosphere\MODTRAN\raw\audit_mwir_standard_20260906\mwir_std_flux\spectral_flux.flx,,W/(cm^2 nm),W/(m^2 sr um),W/(m^2 um),value_si=value_native*1e7 (cm^-2/nm -> m^-2/um),4541.33,4.54133,5.0,2.69581e-07,5.81534e-08,1.09728e-07,2.69581,0.581534,1.09728
mwir_std_flux,D:\HwaSimIR\HwaSim_IR\Bin\Config\Atmosphere\MODTRAN\raw\audit_mwir_standard_20260906\mwir_std_flux\spectral_flux.flx,,W/(cm^2 nm),W/(m^2 sr um),W/(m^2 um),value_si=value_native*1e7 (cm^-2/nm -> m^-2/um),4539.26,4.5392600000000005,5.0,2.62404e-07,5.98185e-08,9.78102e-08,2.6240400000000004,0.598185,0.978102
mwir_std_flux,D:\HwaSimIR\HwaSim_IR\Bin\Config\Atmosphere\MODTRAN\raw\audit_mwir_standard_20260906\mwir_std_flux\spectral_flux.flx,,W/(cm^2 nm),W/(m^2 sr um),W/(m^2 um),value_si=value_native*1e7 (cm^-2/nm -> m^-2/um),4537.21,4.53721,5.0,2.55882e-07,6.08957e-08,8.80227e-08,2.55882,0.608957,0.8802270000000001
mwir_std_flux,D:\HwaSimIR\HwaSim_IR\Bin\Config\Atmosphere\MODTRAN\raw\audit_mwir_standard_20260906\mwir_std_flux\spectral_flux.flx,,W/(cm^2 nm),W/(m^2 sr um),W/(m^2 um),value_si=value_native*1e7 (cm^-2/nm -> m^-2/um),4535.15,4.53515,5.0,2.51708e-07,6.12532e-08,8.36887e-08,2.51708,0.612532,0.836887
mwir_std_flux,D:\HwaSimIR\HwaSim_IR\Bin\Config\Atmosphere\MODTRAN\raw\audit_mwir_standard_20260906\mwir_std_flux\spectral_flux.flx,,W/(cm^2 nm),W/(m^2 sr um),W/(m^2 um),value_si=value_native*1e7 (cm^-2/nm -> m^-2/um),4533.09,4.5330900000000005,5.0,2.4945e-07,6.12842e-08,8.27612e-08,2.4945,0.6128420000000001,0.827612
mwir_std_flux,D:\HwaSimIR\HwaSim_IR\Bin\Config\Atmosphere\MODTRAN\raw\audit_mwir_standard_20260906\mwir_std_flux\spectral_flux.flx,,W/(cm^2 nm),W/(m^2 sr um),W/(m^2 um),value_si=value_native*1e7 (cm^-2/nm -> m^-2/um),4531.04,4.53104,5.0,2.4983e-07,6.08273e-08,8.29141e-08,2.4983,0.608273,0.829141
mwir_std_flux,D:\HwaSimIR\HwaSim_IR\Bin\Config\Atmosphere\MODTRAN\raw\audit_mwir_standard_20260906\mwir_std_flux\spectral_flux.flx,,W/(cm^2 nm),W/(m^2 sr um),W/(m^2 um),value_si=value_native*1e7 (cm^-2/nm -> m^-2/um),4528.99,4.528989999999999,5.0,2.5002e-07,6.06336e-08,8.0999e-08,2.5002,0.606336,0.80999
mwir_std_flux,D:\HwaSimIR\HwaSim_IR\Bin\Config\Atmosphere\MODTRAN\raw\audit_mwir_standard_20260906\mwir_std_flux\spectral_flux.flx,,W/(cm^2 nm),W/(m^2 sr um),W/(m^2 um),value_si=value_native*1e7 (cm^-2/nm -> m^-2/um),4526.94,4.52694,5.0,2.49276e-07,6.06884e-08,7.78188e-08,2.49276,0.606884,0.7781880000000001
mwir_std_flux,D:\HwaSimIR\HwaSim_IR\Bin\Config\Atmosphere\MODTRAN\raw\audit_mwir_standard_20260906\mwir_std_flux\spectral_flux.flx,,W/(cm^2 nm),W/(m^2 sr um),W/(m^2 um),value_si=value_native*1e7 (cm^-2/nm -> m^-2/um),4524.89,4.52489,5.0,2.48199e-07,6.0762e-08,7.51792e-08,2.4819899999999997,0.6076199999999999,0.751792
mwir_std_flux,D:\HwaSimIR\HwaSim_IR\Bin\Config\Atmosphere\MODTRAN\raw\audit_mwir_standard_20260906\mwir_std_flux\spectral_flux.flx,,W/(cm^2 nm),W/(m^2 sr um),W/(m^2 um),value_si=value_native*1e7 (cm^-2/nm -> m^-2/um),4522.84,4.52284,5.0,2.44482e-07,6.1427e-08,7.28613e-08,2.44482,0.61427,0.728613
mwir_std_flux,D:\HwaSimIR\HwaSim_IR\Bin\Config\Atmosphere\MODTRAN\raw\audit_mwir_standard_20260906\mwir_std_flux\spectral_flux.flx,,W/(cm^2 nm),W/(m^2 sr um),W/(m^2 um),value_si=value_native*1e7 (cm^-2/nm -> m^-2/um),4520.8,4.5208,5.0,2.40196e-07,6.23549e-08,7.1353e-08,2.40196,0.623549,0.71353
mwir_std_flux,D:\HwaSimIR\HwaSim_IR\Bin\Config\Atmosphere\MODTRAN\raw\audit_mwir_standard_20260906\mwir_std_flux\spectral_flux.flx,,W/(cm^2 nm),W/(m^2 sr um),W/(m^2 um),value_si=value_native*1e7 (cm^-2/nm -> m^-2/um),4518.75,4.51875,5.0,2.36876e-07,6.33522e-08,6.92331e-08,2.36876,0.6335219999999999,0.692331
mwir_std_flux,D:\HwaSimIR\HwaSim_IR\Bin\Config\Atmosphere\MODTRAN\raw\audit_mwir_standard_20260906\mwir_std_flux\spectral_flux.flx,,W/(cm^2 nm),W/(m^2 sr um),W/(m^2 um),value_si=value_native*1e7 (cm^-2/nm -> m^-2/um),4516.71,4.51671,5.0,2.36398e-07,6.36187e-08,6.99752e-08,2.3639799999999997,0.6361870000000001,0.699752
mwir_std_flux,D:\HwaSimIR\HwaSim_IR\Bin\Config\Atmosphere\MODTRAN\raw\audit_mwir_standard_20260906\mwir_std_flux\spectral_flux.flx,,W/(cm^2 nm),W/(m^2 sr um),W/(m^2 um),value_si=value_native*1e7 (cm^-2/nm -> m^-2/um),4514.67,4.51467,5.0,2.40408e-07,6.25834e-08,7.6757e-08,2.40408,0.6258339999999999,0.7675700000000001
mwir_std_flux,D:\HwaSimIR\HwaSim_IR\Bin\Config\Atmosphere\MODTRAN\raw\audit_mwir_standard_20260906\mwir_std_flux\spectral_flux.flx,,W/(cm^2 nm),W/(m^2 sr um),W/(m^2 um),value_si=value_native*1e7 (cm^-2/nm -> m^-2/um),4512.64,4.51264,5.0,2.42662e-07,6.1825e-08,8.12179e-08,2.4266199999999998,0.61825,0.812179
mwir_std_flux,D:\HwaSimIR\HwaSim_IR\Bin\Config\Atmosphere\MODTRAN\raw\audit_mwir_standard_20260906\mwir_std_flux\spectral_flux.flx,,W/(cm^2 nm),W/(m^2 sr um),W/(m^2 um),value_si=value_native*1e7 (cm^-2/nm -> m^-2/um),4510.6,4.5106,5.0,2.38289e-07,6.25197e-08,7.61764e-08,2.38289,0.625197,0.761764
mwir_std_flux,D:\HwaSimIR\HwaSim_IR\Bin\Config\Atmosphere\MODTRAN\raw\audit_mwir_standard_20260906\mwir_std_flux\spectral_flux.flx,,W/(cm^2 nm),W/(m^2 sr um),W/(m^2 um),value_si=value_native*1e7 (cm^-2/nm -> m^-2/um),4508.57,4.50857,5.0,2.30767e-07,6.38206e-08,6.63372e-08,2.30767,0.638206,0.6633720000000001
mwir_std_flux,D:\HwaSimIR\HwaSim_IR\Bin\Config\Atmosphere\MODTRAN\raw\audit_mwir_standard_20260906\mwir_std_flux\spectral_flux.flx,,W/(cm^2 nm),W/(m^2 sr um),W/(m^2 um),value_si=value_native*1e7 (cm^-2/nm -> m^-2/um),4506.53,4.50653,5.0,2.26963e-07,6.46811e-08,6.31406e-08,2.26963,0.646811,0.631406
mwir_std_flux,D:\HwaSimIR\HwaSim_IR\Bin\Config\Atmosphere\MODTRAN\raw\audit_mwir_standard_20260906\mwir_std_flux\spectral_flux.flx,,W/(cm^2 nm),W/(m^2 sr um),W/(m^2 um),value_si=value_native*1e7 (cm^-2/nm -> m^-2/um),4504.5,4.5045,5.0,2.30662e-07,6.40182e-08,7.39028e-08,2.30662,0.6401819999999999,0.739028
mwir_std_flux,D:\HwaSimIR\HwaSim_IR\Bin\Config\Atmosphere\MODTRAN\raw\audit_mwir_standard_20260906\mwir_std_flux\spectral_flux.flx,,W/(cm^2 nm),W/(m^2 sr um),W/(m^2 um),value_si=value_native*1e7 (cm^-2/nm -> m^-2/um),4502.48,4.502479999999999,5.0,2.3952e-07,6.12549e-08,9.66142e-08,2.3952,0.612549,0.9661420000000001
mwir_std_flux,D:\HwaSimIR\HwaSim_IR\Bin\Config\Atmosphere\MODTRAN\raw\audit_mwir_standard_20260906\mwir_std_flux\spectral_flux.flx,,W/(cm^2 nm),W/(m^2 sr um),W/(m^2 um),value_si=value_native*1e7 (cm^-2/nm -> m^-2/um),4500.45,4.50045,5.0,2.46692e-07,5.8798e-08,1.18385e-07,2.46692,0.5879800000000001,1.18385
mwir_std_flux,D:\HwaSimIR\HwaSim_IR\Bin\Config\Atmosphere\MODTRAN\raw\audit_mwir_standard_20260906\mwir_std_flux\spectral_flux.flx,,W/(cm^2 nm),W/(m^2 sr um),W/(m^2 um),value_si=value_native*1e7 (cm^-2/nm -> m^-2/um),4498.43,4.49843,5.0,2.5028e-07,5.74753e-08,1.33779e-07,2.5027999999999997,0.574753,1.33779
mwir_std_flux,D:\HwaSimIR\HwaSim_IR\Bin\Config\Atmosphere\MODTRAN\raw\audit_mwir_standard_20260906\mwir_std_flux\spectral_flux.flx,,W/(cm^2 nm),W/(m^2 sr um),W/(m^2 um),value_si=value_native*1e7 (cm^-2/nm -> m^-2/um),4496.4,4.4963999999999995,5.0,2.47835e-07,5.76124e-08,1.3395e-07,2.47835,0.576124,1.3395000000000001
mwir_std_flux,D:\HwaSimIR\HwaSim_IR\Bin\Config\Atmosphere\MODTRAN\raw\audit_mwir_standard_20260906\mwir_std_flux\spectral_flux.flx,,W/(cm^2 nm),W/(m^2 sr um),W/(m^2 um),value_si=value_native*1e7 (cm^-2/nm -> m^-2/um),4494.38,4.4943800000000005,5.0,2.38115e-07,5.97703e-08,1.11097e-07,2.3811500000000003,0.597703,1.11097
mwir_std_flux,D:\HwaSimIR\HwaSim_IR\Bin\Config\Atmosphere\MODTRAN\raw\audit_mwir_standard_20260906\mwir_std_flux\spectral_flux.flx,,W/(cm^2 nm),W/(m^2 sr um),W/(m^2 um),value_si=value_native*1e7 (cm^-2/nm -> m^-2/um),4492.36,4.49236,5.0,2.31132e-07,6.1101e-08,9.26875e-08,2.3113200000000003,0.6110099999999999,0.926875
mwir_std_flux,D:\HwaSimIR\HwaSim_IR\Bin\Config\Atmosphere\MODTRAN\raw\audit_mwir_standard_20260906\mwir_std_flux\spectral_flux.flx,,W/(cm^2 nm),W/(m^2 sr um),W/(m^2 um),value_si=value_native*1e7 (cm^-2/nm -> m^-2/um),4490.35,4.49035,5.0,2.2584e-07,6.24231e-08,8.31834e-08,2.2584,0.624231,0.8318340000000001
mwir_std_flux,D:\HwaSimIR\HwaSim_IR\Bin\Config\Atmosphere\MODTRAN\raw\audit_mwir_standard_20260906\mwir_std_flux\spectral_flux.flx,,W/(cm^2 nm),W/(m^2 sr um),W/(m^2 um),value_si=value_native*1e7 (cm^-2/nm -> m^-2/um),4488.33,4.4883299999999995,5.0,2.16296e-07,6.50066e-08,6.39482e-08,2.16296,0.650066,0.639482
mwir_std_flux,D:\HwaSimIR\HwaSim_IR\Bin\Config\Atmosphere\MODTRAN\raw\audit_mwir_standard_20260906\mwir_std_flux\spectral_flux.flx,,W/(cm^2 nm),W/(m^2 sr um),W/(m^2 um),value_si=value_native*1e7 (cm^-2/nm -> m^-2/um),4486.32,4.48632,5.0,2.10183e-07,6.62531e-08,4.86297e-08,2.10183,0.662531,0.48629700000000003
mwir_std_flux,D:\HwaSimIR\HwaSim_IR\Bin\Config\Atmosphere\MODTRAN\raw\audit_mwir_standard_20260906\mwir_std_flux\spectral_flux.flx,,W/(cm^2 nm),W/(m^2 sr um),W/(m^2 um),value_si=value_native*1e7 (cm^-2/nm -> m^-2/um),4484.3,4.4843,5.0,2.08463e-07,6.64758e-08,4.57411e-08,2.08463,0.664758,0.45741099999999996
mwir_std_flux,D:\HwaSimIR\HwaSim_IR\Bin\Config\Atmosphere\MODTRAN\raw\audit_mwir_standard_20260906\mwir_std_flux\spectral_flux.flx,,W/(cm^2 nm),W/(m^2 sr um),W/(m^2 um),value_si=value_native*1e7 (cm^-2/nm -> m^-2/um),4482.29,4.48229,5.0,2.0483e-07,6.73442e-08,4.27519e-08,2.0483,0.673442,0.427519
mwir_std_flux,D:\HwaSimIR\HwaSim_IR\Bin\Config\Atmosphere\MODTRAN\raw\audit_mwir_standard_20260906\mwir_std_flux\spectral_flux.flx,,W/(cm^2 nm),W/(m^2 sr um),W/(m^2 um),value_si=value_native*1e7 (cm^-2/nm -> m^-2/um),4480.29,4.48029,5.0,2.01363e-07,6.80118e-08,3.66758e-08,2.01363,0.680118,0.366758
mwir_std_flux,D:\HwaSimIR\HwaSim_IR\Bin\Config\Atmosphere\MODTRAN\raw\audit_mwir_standard_20260906\mwir_std_flux\spectral_flux.flx,,W/(cm^2 nm),W/(m^2 sr um),W/(m^2 um),value_si=value_native*1e7 (cm^-2/nm -> m^-2/um),4478.28,4.47828,5.0,2.01718e-07,6.75526e-08,3.55744e-08,2.01718,0.675526,0.355744
mwir_std_flux,D:\HwaSimIR\HwaSim_IR\Bin\Config\Atmosphere\MODTRAN\raw\audit_mwir_standard_20260906\mwir_std_flux\spectral_flux.flx,,W/(cm^2 nm),W/(m^2 sr um),W/(m^2 um),value_si=value_native*1e7 (cm^-2/nm -> m^-2/um),4476.28,4.47628,5.0,2.0216e-07,6.71426e-08,3.66911e-08,2.0216,0.671426,0.366911
mwir_std_flux,D:\HwaSimIR\HwaSim_IR\Bin\Config\Atmosphere\MODTRAN\raw\audit_mwir_standard_20260906\mwir_std_flux\spectral_flux.flx,,W/(cm^2 nm),W/(m^2 sr um),W/(m^2 um),value_si=value_native*1e7 (cm^-2/nm -> m^-2/um),4474.27,4.474270000000001,5.0,1.99292e-07,6.75142e-08,3.34415e-08,1.99292,0.675142,0.334415
mwir_std_flux,D:\HwaSimIR\HwaSim_IR\Bin\Config\Atmosphere\MODTRAN\raw\audit_mwir_standard_20260906\mwir_std_flux\spectral_flux.flx,,W/(cm^2 nm),W/(m^2 sr um),W/(m^2 um),value_si=value_native*1e7 (cm^-2/nm -> m^-2/um),4472.27,4.472270000000001,5.0,1.95407e-07,6.82144e-08,3.02325e-08,1.95407,0.682144,0.302325
mwir_std_flux,D:\HwaSimIR\HwaSim_IR\Bin\Config\Atmosphere\MODTRAN\raw\audit_mwir_standard_20260906\mwir_std_flux\spectral_flux.flx,,W/(cm^2 nm),W/(m^2 sr um),W/(m^2 um),value_si=value_native*1e7 (cm^-2/nm -> m^-2/um),4470.27,4.47027,5.0,1.92936e-07,6.85713e-08,2.80057e-08,1.92936,0.685713,0.280057
mwir_std_flux,D:\HwaSimIR\HwaSim_IR\Bin\Config\Atmosphere\MODTRAN\raw\audit_mwir_standard_20260906\mwir_std_flux\spectral_flux.flx,,W/(cm^2 nm),W/(m^2 sr um),W/(m^2 um),value_si=value_native*1e7 (cm^-2/nm -> m^-2/um),4468.28,4.46828,5.0,1.91395e-07,6.8579e-08,2.56114e-08,1.91395,0.6857899999999999,0.256114
mwir_std_flux,D:\HwaSimIR\HwaSim_IR\Bin\Config\Atmosphere\MODTRAN\raw\audit_mwir_standard_20260906\mwir_std_flux\spectral_flux.flx,,W/(cm^2 nm),W/(m^2 sr um),W/(m^2 um),value_si=value_native*1e7 (cm^-2/nm -> m^-2/um),4466.28,4.466279999999999,5.0,1.89611e-07,6.89507e-08,2.46395e-08,1.89611,0.689507,0.246395
mwir_std_flux,D:\HwaSimIR\HwaSim_IR\Bin\Config\Atmosphere\MODTRAN\raw\audit_mwir_standard_20260906\mwir_std_flux\spectral_flux.flx,,W/(cm^2 nm),W/(m^2 sr um),W/(m^2 um),value_si=value_native*1e7 (cm^-2/nm -> m^-2/um),4464.29,4.46429,5.0,1.86632e-07,7.00718e-08,2.37595e-08,1.86632,0.700718,0.23759499999999997
mwir_std_flux,D:\HwaSimIR\HwaSim_IR\Bin\Config\Atmosphere\MODTRAN\raw\audit_mwir_standard_20260906\mwir_std_flux\spectral_flux.flx,,W/(cm^2 nm),W/(m^2 sr um),W/(m^2 um),value_si=value_native*1e7 (cm^-2/nm -> m^-2/um),4462.29,4.46229,5.0,1.84136e-07,7.09054e-08,2.19682e-08,1.84136,0.709054,0.219682
mwir_std_flux,D:\HwaSimIR\HwaSim_IR\Bin\Config\Atmosphere\MODTRAN\raw\audit_mwir_standard_20260906\mwir_std_flux\spectral_flux.flx,,W/(cm^2 nm),W/(m^2 sr um),W/(m^2 um),value_si=value_native*1e7 (cm^-2/nm -> m^-2/um),4460.3,4.4603,5.0,1.83228e-07,7.06947e-08,2.13837e-08,1.8322800000000001,0.706947,0.21383699999999997
mwir_std_flux,D:\HwaSimIR\HwaSim_IR\Bin\Config\Atmosphere\MODTRAN\raw\audit_mwir_standard_20260906\mwir_std_flux\spectral_flux.flx,,W/(cm^2 nm),W/(m^2 sr um),W/(m^2 um),value_si=value_native*1e7 (cm^-2/nm -> m^-2/um),4458.31,4.45831,5.0,1.82043e-07,7.0501e-08,2.16464e-08,1.8204300000000002,0.70501,0.216464
mwir_std_flux,D:\HwaSimIR\HwaSim_IR\Bin\Config\Atmosphere\MODTRAN\raw\audit_mwir_standard_20260906\mwir_std_flux\spectral_flux.flx,,W/(cm^2 nm),W/(m^2 sr um),W/(m^2 um),value_si=value_native*1e7 (cm^-2/nm -> m^-2/um),4456.33,4.45633,5.0,1.81351e-07,7.03239e-08,2.18519e-08,1.81351,0.703239,0.21851900000000002
mwir_std_flux,D:\HwaSimIR\HwaSim_IR\Bin\Config\Atmosphere\MODTRAN\raw\audit_mwir_standard_20260906\mwir_std_flux\spectral_flux.flx,,W/(cm^2 nm),W/(m^2 sr um),W/(m^2 um),value_si=value_native*1e7 (cm^-2/nm -> m^-2/um),4454.34,4.45434,5.0,1.80826e-07,7.01148e-08,2.27073e-08,1.80826,0.7011480000000001,0.227073
mwir_std_flux,D:\HwaSimIR\HwaSim_IR\Bin\Config\Atmosphere\MODTRAN\raw\audit_mwir_standard_20260906\mwir_std_flux\spectral_flux.flx,,W/(cm^2 nm),W/(m^2 sr um),W/(m^2 um),value_si=value_native*1e7 (cm^-2/nm -> m^-2/um),4452.36,4.45236,5.0,1.80142e-07,6.99199e-08,2.39747e-08,1.80142,0.699199,0.23974700000000002
mwir_std_flux,D:\HwaSimIR\HwaSim_IR\Bin\Config\Atmosphere\MODTRAN\raw\audit_mwir_standard_20260906\mwir_std_flux\spectral_flux.flx,,W/(cm^2 nm),W/(m^2 sr um),W/(m^2 um),value_si=value_native*1e7 (cm^-2/nm -> m^-2/um),4450.38,4.45038,5.0,1.79736e-07,6.97608e-08,2.4442e-08,1.7973599999999998,0.697608,0.24442000000000003
mwir_std_flux,D:\HwaSimIR\HwaSim_IR\Bin\Config\Atmosphere\MODTRAN\raw\audit_mwir_standard_20260906\mwir_std_flux\spectral_flux.flx,,W/(cm^2 nm),W/(m^2 sr um),W/(m^2 um),value_si=value_native*1e7 (cm^-2/nm -> m^-2/um),4448.4,4.4483999999999995,5.0,1.78235e-07,7.01933e-08,2.18572e-08,1.78235,0.701933,0.218572
mwir_std_flux,D:\HwaSimIR\HwaSim_IR\Bin\Config\Atmosphere\MODTRAN\raw\audit_mwir_standard_20260906\mwir_std_flux\spectral_flux.flx,,W/(cm^2 nm),W/(m^2 sr um),W/(m^2 um),value_si=value_native*1e7 (cm^-2/nm -> m^-2/um),4446.42,4.44642,5.0,1.7476e-07,7.1481e-08,1.75413e-08,1.7476,0.7148100000000001,0.175413
mwir_std_flux,D:\HwaSimIR\HwaSim_IR\Bin\Config\Atmosphere\MODTRAN\raw\audit_mwir_standard_20260906\mwir_std_flux\spectral_flux.flx,,W/(cm^2 nm),W/(m^2 sr um),W/(m^2 um),value_si=value_native*1e7 (cm^-2/nm -> m^-2/um),4444.44,4.444439999999999,5.0,1.71321e-07,7.28057e-08,1.5758e-08,1.7132100000000001,0.728057,0.15758000000000003
mwir_std_flux,D:\HwaSimIR\HwaSim_IR\Bin\Config\Atmosphere\MODTRAN\raw\audit_mwir_standard_20260906\mwir_std_flux\spectral_flux.flx,,W/(cm^2 nm),W/(m^2 sr um),W/(m^2 um),value_si=value_native*1e7 (cm^-2/nm -> m^-2/um),4442.47,4.44247,5.0,1.6912e-07,7.34973e-08,1.56632e-08,1.6912,0.734973,0.156632
mwir_std_flux,D:\HwaSimIR\HwaSim_IR\Bin\Config\Atmosphere\MODTRAN\raw\audit_mwir_standard_20260906\mwir_std_flux\spectral_flux.flx,,W/(cm^2 nm),W/(m^2 sr um),W/(m^2 um),value_si=value_native*1e7 (cm^-2/nm -> m^-2/um),4440.5,4.4405,5.0,1.66579e-07,7.42964e-08,1.35729e-08,1.6657899999999999,0.742964,0.135729
mwir_std_flux,D:\HwaSimIR\HwaSim_IR\Bin\Config\Atmosphere\MODTRAN\raw\audit_mwir_standard_20260906\mwir_std_flux\spectral_flux.flx,,W/(cm^2 nm),W/(m^2 sr um),W/(m^2 um),value_si=value_native*1e7 (cm^-2/nm -> m^-2/um),4438.53,4.43853,5.0,1.63757e-07,7.54659e-08,1.08702e-08,1.63757,0.7546590000000001,0.108702
mwir_std_flux,D:\HwaSimIR\HwaSim_IR\Bin\Config\Atmosphere\MODTRAN\raw\audit_mwir_standard_20260906\mwir_std_flux\spectral_flux.flx,,W/(cm^2 nm),W/(m^2 sr um),W/(m^2 um),value_si=value_native*1e7 (cm^-2/nm -> m^-2/um),4436.56,4.43656,5.0,1.60296e-07,7.68817e-08,7.26359e-09,1.60296,0.768817,0.0726359
mwir_std_flux,D:\HwaSimIR\HwaSim_IR\Bin\Config\Atmosphere\MODTRAN\raw\audit_mwir_standard_20260906\mwir_std_flux\spectral_flux.flx,,W/(cm^2 nm),W/(m^2 sr um),W/(m^2 um),value_si=value_native*1e7 (cm^-2/nm -> m^-2/um),4434.59,4.43459,5.0,1.57339e-07,7.80462e-08,4.75402e-09,1.57339,0.780462,0.0475402
mwir_std_flux,D:\HwaSimIR\HwaSim_IR\Bin\Config\Atmosphere\MODTRAN\raw\audit_mwir_standard_20260906\mwir_std_flux\spectral_flux.flx,,W/(cm^2 nm),W/(m^2 sr um),W/(m^2 um),value_si=value_native*1e7 (cm^-2/nm -> m^-2/um),4432.62,4.43262,5.0,1.53545e-07,8.10709e-08,4.545e-09,1.53545,0.810709,0.045450000000000004
mwir_std_flux,D:\HwaSimIR\HwaSim_IR\Bin\Config\Atmosphere\MODTRAN\raw\audit_mwir_standard_20260906\mwir_std_flux\spectral_flux.flx,,W/(cm^2 nm),W/(m^2 sr um),W/(m^2 um),value_si=value_native*1e7 (cm^-2/nm -> m^-2/um),4430.66,4.43066,5.0,1.49843e-07,8.40507e-08,3.96031e-09,1.49843,0.840507,0.0396031
mwir_std_flux,D:\HwaSimIR\HwaSim_IR\Bin\Config\Atmosphere\MODTRAN\raw\audit_mwir_standard_20260906\mwir_std_flux\spectral_flux.flx,,W/(cm^2 nm),W/(m^2 sr um),W/(m^2 um),value_si=value_native*1e7 (cm^-2/nm -> m^-2/um),4428.7,4.4287,5.0,1.50088e-07,8.3065e-08,3.79879e-09,1.5008799999999998,0.83065,0.0379879
mwir_std_flux,D:\HwaSimIR\HwaSim_IR\Bin\Config\Atmosphere\MODTRAN\raw\audit_mwir_standard_20260906\mwir_std_flux\spectral_flux.flx,,W/(cm^2 nm),W/(m^2 sr um),W/(m^2 um),value_si=value_native*1e7 (cm^-2/nm -> m^-2/um),4426.74,4.42674,5.0,1.47344e-07,8.45678e-08,2.81866e-09,1.47344,0.8456779999999999,0.0281866
mwir_std_flux,D:\HwaSimIR\HwaSim_IR\Bin\Config\Atmosphere\MODTRAN\raw\audit_mwir_standard_20260906\mwir_std_flux\spectral_flux.flx,,W/(cm^2 nm),W/(m^2 sr um),W/(m^2 um),value_si=value_native*1e7 (cm^-2/nm -> m^-2/um),4424.78,4.42478,5.0,1.42351e-07,8.80458e-08,1.33341e-09,1.42351,0.880458,0.0133341
mwir_std_flux,D:\HwaSimIR\HwaSim_IR\Bin\Config\Atmosphere\MODTRAN\raw\audit_mwir_standard_20260906\mwir_std_flux\spectral_flux.flx,,W/(cm^2 nm),W/(m^2 sr um),W/(m^2 um),value_si=value_native*1e7 (cm^-2/nm -> m^-2/um),4422.82,4.42282,5.0,1.42454e-07,8.69685e-08,1.54007e-09,1.4245400000000001,0.869685,0.0154007
mwir_std_flux,D:\HwaSimIR\HwaSim_IR\Bin\Config\Atmosphere\MODTRAN\raw\audit_mwir_standard_20260906\mwir_std_flux\spectral_flux.flx,,W/(cm^2 nm),W/(m^2 sr um),W/(m^2 um),value_si=value_native*1e7 (cm^-2/nm -> m^-2/um),4420.87,4.42087,5.0,1.41932e-07,8.65255e-08,1.96506e-09,1.4193200000000001,0.865255,0.019650599999999997
mwir_std_flux,D:\HwaSimIR\HwaSim_IR\Bin\Config\Atmosphere\MODTRAN\raw\audit_mwir_standard_20260906\mwir_std_flux\spectral_flux.flx,,W/(cm^2 nm),W/(m^2 sr um),W/(m^2 um),value_si=value_native*1e7 (cm^-2/nm -> m^-2/um),4418.91,4.4189099999999994,5.0,1.38908e-07,8.84631e-08,1.52824e-09,1.3890799999999999,0.884631,0.015282400000000002
mwir_std_flux,D:\HwaSimIR\HwaSim_IR\Bin\Config\Atmosphere\MODTRAN\raw\audit_mwir_standard_20260906\mwir_std_flux\spectral_flux.flx,,W/(cm^2 nm),W/(m^2 sr um),W/(m^2 um),value_si=value_native*1e7 (cm^-2/nm -> m^-2/um),4416.96,4.41696,5.0,1.36717e-07,8.9782e-08,1.14818e-09,1.36717,0.8978200000000001,0.0114818
mwir_std_flux,D:\HwaSimIR\HwaSim_IR\Bin\Config\Atmosphere\MODTRAN\raw\audit_mwir_standard_20260906\mwir_std_flux\spectral_flux.flx,,W/(cm^2 nm),W/(m^2 sr um),W/(m^2 um),value_si=value_native*1e7 (cm^-2/nm -> m^-2/um),4415.01,4.4150100000000005,5.0,1.35096e-07,9.06547e-08,9.49171e-10,1.3509600000000002,0.906547,0.00949171
mwir_std_flux,D:\HwaSimIR\HwaSim_IR\Bin\Config\Atmosphere\MODTRAN\raw\audit_mwir_standard_20260906\mwir_std_flux\spectral_flux.flx,,W/(cm^2 nm),W/(m^2 sr um),W/(m^2 um),value_si=value_native*1e7 (cm^-2/nm -> m^-2/um),4413.06,4.413060000000001,5.0,1.3488e-07,9.0154e-08,7.86646e-10,1.3488,0.90154,0.00786646
mwir_std_flux,D:\HwaSimIR\HwaSim_IR\Bin\Config\Atmosphere\MODTRAN\raw\audit_mwir_standard_20260906\mwir_std_flux\spectral_flux.flx,,W/(cm^2 nm),W/(m^2 sr um),W/(m^2 um),value_si=value_native*1e7 (cm^-2/nm -> m^-2/um),4411.12,4.4111199999999995,5.0,1.34404e-07,8.99377e-08,5.10824e-10,1.34404,0.8993770000000001,0.00510824
mwir_std_flux,D:\HwaSimIR\HwaSim_IR\Bin\Config\Atmosphere\MODTRAN\raw\audit_mwir_standard_20260906\mwir_std_flux\spectral_flux.flx,,W/(cm^2 nm),W/(m^2 sr um),W/(m^2 um),value_si=value_native*1e7 (cm^-2/nm -> m^-2/um),4409.17,4.4091700000000005,5.0,1.34932e-07,8.85555e-08,3.06357e-10,1.34932,0.885555,0.00306357
mwir_std_flux,D:\HwaSimIR\HwaSim_IR\Bin\Config\Atmosphere\MODTRAN\raw\audit_mwir_standard_20260906\mwir_std_flux\spectral_flux.flx,,W/(cm^2 nm),W/(m^2 sr um),W/(m^2 um),value_si=value_native*1e7 (cm^-2/nm -> m^-2/um),4407.23,4.407229999999999,5.0,1.36345e-07,8.61356e-08,3.25562e-10,1.36345,0.861356,0.00325562
mwir_std_flux,D:\HwaSimIR\HwaSim_IR\Bin\Config\Atmosphere\MODTRAN\raw\audit_mwir_standard_20260906\mwir_std_flux\spectral_flux.flx,,W/(cm^2 nm),W/(m^2 sr um),W/(m^2 um),value_si=value_native*1e7 (cm^-2/nm -> m^-2/um),4405.29,4.40529,5.0,1.345e-07,8.72975e-08,3.02704e-10,1.345,0.8729750000000001,0.00302704
mwir_std_flux,D:\HwaSimIR\HwaSim_IR\Bin\Config\Atmosphere\MODTRAN\raw\audit_mwir_standard_20260906\mwir_std_flux\spectral_flux.flx,,W/(cm^2 nm),W/(m^2 sr um),W/(m^2 um),value_si=value_native*1e7 (cm^-2/nm -> m^-2/um),4403.35,4.4033500000000005,5.0,1.30566e-07,9.07596e-08,2.62973e-10,1.30566,0.9075960000000001,0.00262973
mwir_std_flux,D:\HwaSimIR\HwaSim_IR\Bin\Config\Atmosphere\MODTRAN\raw\audit_mwir_standard_20260906\mwir_std_flux\spectral_flux.flx,,W/(cm^2 nm),W/(m^2 sr um),W/(m^2 um),value_si=value_native*1e7 (cm^-2/nm -> m^-2/um),4401.41,4.40141,5.0,1.28123e-07,9.25413e-08,2.20926e-10,1.2812299999999999,0.9254129999999999,0.0022092599999999998
mwir_std_flux,D:\HwaSimIR\HwaSim_IR\Bin\Config\Atmosphere\MODTRAN\raw\audit_mwir_standard_20260906\mwir_std_flux\spectral_flux.flx,,W/(cm^2 nm),W/(m^2 sr um),W/(m^2 um),value_si=value_native*1e7 (cm^-2/nm -> m^-2/um),4399.47,4.39947,5.0,1.28576e-07,9.13389e-08,2.04549e-10,1.28576,0.913389,0.00204549
mwir_std_flux,D:\HwaSimIR\HwaSim_IR\Bin\Config\Atmosphere\MODTRAN\raw\audit_mwir_standard_20260906\mwir_std_flux\spectral_flux.flx,,W/(cm^2 nm),W/(m^2 sr um),W/(m^2 um),value_si=value_native*1e7 (cm^-2/nm -> m^-2/um),4397.54,4.39754,5.0,1.29413e-07,8.96846e-08,1.71875e-10,1.29413,0.896846,0.0017187499999999998
mwir_std_flux,D:\HwaSimIR\HwaSim_IR\Bin\Config\Atmosphere\MODTRAN\raw\audit_mwir_standard_20260906\mwir_std_flux\spectral_flux.flx,,W/(cm^2 nm),W/(m^2 sr um),W/(m^2 um),value_si=value_native*1e7 (cm^-2/nm -> m^-2/um),4395.6,4.3956,5.0,1.28733e-07,8.98849e-08,1.20721e-10,1.2873299999999999,0.8988489999999999,0.00120721
mwir_std_flux,D:\HwaSimIR\HwaSim_IR\Bin\Config\Atmosphere\MODTRAN\raw\audit_mwir_standard_20260906\mwir_std_flux\spectral_flux.flx,,W/(cm^2 nm),W/(m^2 sr um),W/(m^2 um),value_si=value_native*1e7 (cm^-2/nm -> m^-2/um),4393.67,4.39367,5.0,1.2653e-07,9.17729e-08,6.7436e-11,1.2653,0.917729,0.00067436
mwir_std_flux,D:\HwaSimIR\HwaSim_IR\Bin\Config\Atmosphere\MODTRAN\raw\audit_mwir_standard_20260906\mwir_std_flux\spectral_flux.flx,,W/(cm^2 nm),W/(m^2 sr um),W/(m^2 um),value_si=value_native*1e7 (cm^-2/nm -> m^-2/um),4391.74,4.3917399999999995,5.0,1.25277e-07,9.20077e-08,7.22877e-11,1.25277,0.9200769999999999,0.0007228769999999999
mwir_std_flux,D:\HwaSimIR\HwaSim_IR\Bin\Config\Atmosphere\MODTRAN\raw\audit_mwir_standard_20260906\mwir_std_flux\spectral_flux.flx,,W/(cm^2 nm),W/(m^2 sr um),W/(m^2 um),value_si=value_native*1e7 (cm^-2/nm -> m^-2/um),4389.82,4.389819999999999,5.0,1.26474e-07,8.96857e-08,1.26905e-10,1.26474,0.896857,0.0012690499999999999
mwir_std_flux,D:\HwaSimIR\HwaSim_IR\Bin\Config\Atmosphere\MODTRAN\raw\audit_mwir_standard_20260906\mwir_std_flux\spectral_flux.flx,,W/(cm^2 nm),W/(m^2 sr um),W/(m^2 um),value_si=value_native*1e7 (cm^-2/nm -> m^-2/um),4387.89,4.3878900000000005,5.0,1.27722e-07,8.7724e-08,1.52996e-10,1.27722,0.87724,0.0015299600000000001
mwir_std_flux,D:\HwaSimIR\HwaSim_IR\Bin\Config\Atmosphere\MODTRAN\raw\audit_mwir_standard_20260906\mwir_std_flux\spectral_flux.flx,,W/(cm^2 nm),W/(m^2 sr um),W/(m^2 um),value_si=value_native*1e7 (cm^-2/nm -> m^-2/um),4385.96,4.38596,5.0,1.28934e-07,8.56292e-08,3.1314e-10,1.2893400000000002,0.856292,0.0031314000000000003
mwir_std_flux,D:\HwaSimIR\HwaSim_IR\Bin\Config\Atmosphere\MODTRAN\raw\audit_mwir_standard_20260906\mwir_std_flux\spectral_flux.flx,,W/(cm^2 nm),W/(m^2 sr um),W/(m^2 um),value_si=value_native*1e7 (cm^-2/nm -> m^-2/um),4384.04,4.38404,5.0,1.30515e-07,8.32025e-08,6.78213e-10,1.30515,0.8320249999999999,0.00678213
mwir_std_flux,D:\HwaSimIR\HwaSim_IR\Bin\Config\Atmosphere\MODTRAN\raw\audit_mwir_standard_20260906\mwir_std_flux\spectral_flux.flx,,W/(cm^2 nm),W/(m^2 sr um),W/(m^2 um),value_si=value_native*1e7 (cm^-2/nm -> m^-2/um),4382.12,4.38212,5.0,1.33357e-07,8.01088e-08,1.97249e-09,1.33357,0.8010879999999999,0.0197249
mwir_std_flux,D:\HwaSimIR\HwaSim_IR\Bin\Config\Atmosphere\MODTRAN\raw\audit_mwir_standard_20260906\mwir_std_flux\spectral_flux.flx,,W/(cm^2 nm),W/(m^2 sr um),W/(m^2 um),value_si=value_native*1e7 (cm^-2/nm -> m^-2/um),4380.2,4.380199999999999,5.0,1.36721e-07,7.6396e-08,3.44266e-09,1.36721,0.7639600000000001,0.0344266
mwir_std_flux,D:\HwaSimIR\HwaSim_IR\Bin\Config\Atmosphere\MODTRAN\raw\audit_mwir_standard_20260906\mwir_std_flux\spectral_flux.flx,,W/(cm^2 nm),W/(m^2 sr um),W/(m^2 um),value_si=value_native*1e7 (cm^-2/nm -> m^-2/um),4378.28,4.37828,5.0,1.3548e-07,7.65064e-08,2.7725e-09,1.3548,0.7650640000000001,0.027725
mwir_std_flux,D:\HwaSimIR\HwaSim_IR\Bin\Config\Atmosphere\MODTRAN\raw\audit_mwir_standard_20260906\mwir_std_flux\spectral_flux.flx,,W/(cm^2 nm),W/(m^2 sr um),W/(m^2 um),value_si=value_native*1e7 (cm^-2/nm -> m^-2/um),4376.37,4.37637,5.0,1.29832e-07,8.10594e-08,1.07472e-09,1.29832,0.810594,0.0107472
mwir_std_flux,D:\HwaSimIR\HwaSim_IR\Bin\Config\Atmosphere\MODTRAN\raw\audit_mwir_standard_20260906\mwir_std_flux\spectral_flux.flx,,W/(cm^2 nm),W/(m^2 sr um),W/(m^2 um),value_si=value_native*1e7 (cm^-2/nm -> m^-2/um),4374.45,4.3744499999999995,5.0,1.24056e-07,8.62717e-08,2.49958e-10,1.24056,0.8627170000000001,0.0024995800000000004
mwir_std_flux,D:\HwaSimIR\HwaSim_IR\Bin\Config\Atmosphere\MODTRAN\raw\audit_mwir_standard_20260906\mwir_std_flux\spectral_flux.flx,,W/(cm^2 nm),W/(m^2 sr um),W/(m^2 um),value_si=value_native*1e7 (cm^-2/nm -> m^-2/um),4372.54,4.37254,5.0,1.20156e-07,8.97085e-08,3.36898e-11,1.2015600000000002,0.897085,0.000336898
mwir_std_flux,D:\HwaSimIR\HwaSim_IR\Bin\Config\Atmosphere\MODTRAN\raw\audit_mwir_standard_20260906\mwir_std_flux\spectral_flux.flx,,W/(cm^2 nm),W/(m^2 sr um),W/(m^2 um),value_si=value_native*1e7 (cm^-2/nm -> m^-2/um),4370.63,4.37063,5.0,1.17707e-07,9.1602e-08,3.34806e-12,1.17707,0.9160200000000001,3.34806e-05
mwir_std_flux,D:\HwaSimIR\HwaSim_IR\Bin\Config\Atmosphere\MODTRAN\raw\audit_mwir_standard_20260906\mwir_std_flux\spectral_flux.flx,,W/(cm^2 nm),W/(m^2 sr um),W/(m^2 um),value_si=value_native*1e7 (cm^-2/nm -> m^-2/um),4368.72,4.368720000000001,5.0,1.1571e-07,9.28768e-08,6.19209e-13,1.1571,0.9287679999999999,6.19209e-06
mwir_std_flux,D:\HwaSimIR\HwaSim_IR\Bin\Config\Atmosphere\MODTRAN\raw\audit_mwir_standard_20260906\mwir_std_flux\spectral_flux.flx,,W/(cm^2 nm),W/(m^2 sr um),W/(m^2 um),value_si=value_native*1e7 (cm^-2/nm -> m^-2/um),4366.81,4.36681,5.0,1.1465e-07,9.31071e-08,1.00358e-12,1.1465,0.9310710000000001,1.00358e-05
mwir_std_flux,D:\HwaSimIR\HwaSim_IR\Bin\Config\Atmosphere\MODTRAN\raw\audit_mwir_standard_20260906\mwir_std_flux\spectral_flux.flx,,W/(cm^2 nm),W/(m^2 sr um),W/(m^2 um),value_si=value_native*1e7 (cm^-2/nm -> m^-2/um),4364.91,4.36491,5.0,1.14008e-07,9.29946e-08,1.19651e-12,1.14008,0.9299459999999999,1.19651e-05
mwir_std_flux,D:\HwaSimIR\HwaSim_IR\Bin\Config\Atmosphere\MODTRAN\raw\audit_mwir_standard_20260906\mwir_std_flux\spectral_flux.flx,,W/(cm^2 nm),W/(m^2 sr um),W/(m^2 um),value_si=value_native*1e7 (cm^-2/nm -> m^-2/um),4363.0,4.363,5.0,1.12757e-07,9.36087e-08,6.29249e-13,1.12757,0.936087,6.29249e-06
mwir_std_flux,D:\HwaSimIR\HwaSim_IR\Bin\Config\Atmosphere\MODTRAN\raw\audit_mwir_standard_20260906\mwir_std_flux\spectral_flux.flx,,W/(cm^2 nm),W/(m^2 sr um),W/(m^2 um),value_si=value_native*1e7 (cm^-2/nm -> m^-2/um),4361.1,4.3611,5.0,1.11408e-07,9.43364e-08,1.40266e-13,1.11408,0.943364,1.40266e-06
mwir_std_flux,D:\HwaSimIR\HwaSim_IR\Bin\Config\Atmosphere\MODTRAN\raw\audit_mwir_standard_20260906\mwir_std_flux\spectral_flux.flx,,W/(cm^2 nm),W/(m^2 sr um),W/(m^2 um),value_si=value_native*1e7 (cm^-2/nm -> m^-2/um),4359.2,4.3591999999999995,5.0,1.10658e-07,9.4439e-08,4.35522e-14,1.10658,0.9443900000000001,4.3552200000000003e-07
mwir_std_flux,D:\HwaSimIR\HwaSim_IR\Bin\Config\Atmosphere\MODTRAN\raw\audit_mwir_standard_20260906\mwir_std_flux\spectral_flux.flx,,W/(cm^2 nm),W/(m^2 sr um),W/(m^2 um),value_si=value_native*1e7 (cm^-2/nm -> m^-2/um),4357.3,4.3573,5.0,1.09813e-07,9.46698e-08,2.05211e-14,1.09813,0.946698,2.0521100000000002e-07
mwir_std_flux,D:\HwaSimIR\HwaSim_IR\Bin\Config\Atmosphere\MODTRAN\raw\audit_mwir_standard_20260906\mwir_std_flux\spectral_flux.flx,,W/(cm^2 nm),W/(m^2 sr um),W/(m^2 um),value_si=value_native*1e7 (cm^-2/nm -> m^-2/um),4355.4,4.3553999999999995,5.0,1.08742e-07,9.50839e-08,6.65986e-15,1.08742,0.950839,6.65986e-08
mwir_std_flux,D:\HwaSimIR\HwaSim_IR\Bin\Config\Atmosphere\MODTRAN\raw\audit_mwir_standard_20260906\mwir_std_flux\spectral_flux.flx,,W/(cm^2 nm),W/(m^2 sr um),W/(m^2 um),value_si=value_native*1e7 (cm^-2/nm -> m^-2/um),4353.5,4.3535,5.0,1.08159e-07,9.49277e-08,1.00833e-14,1.08159,0.949277,1.00833e-07
mwir_std_flux,D:\HwaSimIR\HwaSim_IR\Bin\Config\Atmosphere\MODTRAN\raw\audit_mwir_standard_20260906\mwir_std_flux\spectral_flux.flx,,W/(cm^2 nm),W/(m^2 sr um),W/(m^2 um),value_si=value_native*1e7 (cm^-2/nm -> m^-2/um),4351.61,4.35161,5.0,1.07943e-07,9.42746e-08,2.61395e-14,1.0794300000000001,0.942746,2.61395e-07
mwir_std_flux,D:\HwaSimIR\HwaSim_IR\Bin\Config\Atmosphere\MODTRAN\raw\audit_mwir_standard_20260906\mwir_std_flux\spectral_flux.flx,,W/(cm^2 nm),W/(m^2 sr um),W/(m^2 um),value_si=value_native*1e7 (cm^-2/nm -> m^-2/um),4349.72,4.3497200000000005,5.0,1.07703e-07,9.36061e-08,3.89534e-14,1.07703,0.936061,3.89534e-07
mwir_std_flux,D:\HwaSimIR\HwaSim_IR\Bin\Config\Atmosphere\MODTRAN\raw\audit_mwir_standard_20260906\mwir_std_flux\spectral_flux.flx,,W/(cm^2 nm),W/(m^2 sr um),W/(m^2 um),value_si=value_native*1e7 (cm^-2/nm -> m^-2/um),4347.83,4.34783,5.0,1.06917e-07,9.38047e-08,2.1978e-14,1.06917,0.938047,2.1977999999999997e-07
mwir_std_flux,D:\HwaSimIR\HwaSim_IR\Bin\Config\Atmosphere\MODTRAN\raw\audit_mwir_standard_20260906\mwir_std_flux\spectral_flux.flx,,W/(cm^2 nm),W/(m^2 sr um),W/(m^2 um),value_si=value_native*1e7 (cm^-2/nm -> m^-2/um),4345.94,4.34594,5.0,1.0591e-07,9.44385e-08,2.74964e-15,1.0591,0.944385,2.74964e-08
mwir_std_flux,D:\HwaSimIR\HwaSim_IR\Bin\Config\Atmosphere\MODTRAN\raw\audit_mwir_standard_20260906\mwir_std_flux\spectral_flux.flx,,W/(cm^2 nm),W/(m^2 sr um),W/(m^2 um),value_si=value_native*1e7 (cm^-2/nm -> m^-2/um),4344.05,4.34405,5.0,1.05286e-07,9.45002e-08,1.50978e-16,1.05286,0.945002,1.5097800000000001e-09
mwir_std_flux,D:\HwaSimIR\HwaSim_IR\Bin\Config\Atmosphere\MODTRAN\raw\audit_mwir_standard_20260906\mwir_std_flux\spectral_flux.flx,,W/(cm^2 nm),W/(m^2 sr um),W/(m^2 um),value_si=value_native*1e7 (cm^-2/nm -> m^-2/um),4342.16,4.34216,5.0,1.04804e-07,9.42822e-08,1.20887e-15,1.04804,0.9428219999999999,1.20887e-08
mwir_std_flux,D:\HwaSimIR\HwaSim_IR\Bin\Config\Atmosphere\MODTRAN\raw\audit_mwir_standard_20260906\mwir_std_flux\spectral_flux.flx,,W/(cm^2 nm),W/(m^2 sr um),W/(m^2 um),value_si=value_native*1e7 (cm^-2/nm -> m^-2/um),4340.28,4.34028,5.0,1.04104e-07,9.43642e-08,2.11737e-15,1.04104,0.943642,2.11737e-08
mwir_std_flux,D:\HwaSimIR\HwaSim_IR\Bin\Config\Atmosphere\MODTRAN\raw\audit_mwir_standard_20260906\mwir_std_flux\spectral_flux.flx,,W/(cm^2 nm),W/(m^2 sr um),W/(m^2 um),value_si=value_native*1e7 (cm^-2/nm -> m^-2/um),4338.39,4.33839,5.0,1.03146e-07,9.47713e-08,1.21098e-15,1.03146,0.947713,1.21098e-08
mwir_std_flux,D:\HwaSimIR\HwaSim_IR\Bin\Config\Atmosphere\MODTRAN\raw\audit_mwir_standard_20260906\mwir_std_flux\spectral_flux.flx,,W/(cm^2 nm),W/(m^2 sr um),W/(m^2 um),value_si=value_native*1e7 (cm^-2/nm -> m^-2/um),4336.51,4.3365100000000005,5.0,1.01996e-07,9.5428e-08,1.51503e-16,1.01996,0.95428,1.5150299999999999e-09
mwir_std_flux,D:\HwaSimIR\HwaSim_IR\Bin\Config\Atmosphere\MODTRAN\raw\audit_mwir_standard_20260906\mwir_std_flux\spectral_flux.flx,,W/(cm^2 nm),W/(m^2 sr um),W/(m^2 um),value_si=value_native*1e7 (cm^-2/nm -> m^-2/um),4334.63,4.33463,5.0,1.0095e-07,9.60733e-08,0.0,1.0095,0.9607330000000001,0.0
mwir_std_flux,D:\HwaSimIR\HwaSim_IR\Bin\Config\Atmosphere\MODTRAN\raw\audit_mwir_standard_20260906\mwir_std_flux\spectral_flux.flx,,W/(cm^2 nm),W/(m^2 sr um),W/(m^2 um),value_si=value_native*1e7 (cm^-2/nm -> m^-2/um),4332.76,4.33276,5.0,1.00273e-07,9.62603e-08,0.0,1.00273,0.9626030000000001,0.0
mwir_std_flux,D:\HwaSimIR\HwaSim_IR\Bin\Config\Atmosphere\MODTRAN\raw\audit_mwir_standard_20260906\mwir_std_flux\spectral_flux.flx,,W/(cm^2 nm),W/(m^2 sr um),W/(m^2 um),value_si=value_native*1e7 (cm^-2/nm -> m^-2/um),4330.88,4.3308800000000005,5.0,9.95675e-08,9.63111e-08,0.0,0.995675,0.963111,0.0
mwir_std_flux,D:\HwaSimIR\HwaSim_IR\Bin\Config\Atmosphere\MODTRAN\raw\audit_mwir_standard_20260906\mwir_std_flux\spectral_flux.flx,,W/(cm^2 nm),W/(m^2 sr um),W/(m^2 um),value_si=value_native*1e7 (cm^-2/nm -> m^-2/um),4329.0,4.329,5.0,9.88231e-08,9.63745e-08,0.0,0.9882310000000001,0.963745,0.0
mwir_std_flux,D:\HwaSimIR\HwaSim_IR\Bin\Config\Atmosphere\MODTRAN\raw\audit_mwir_standard_20260906\mwir_std_flux\spectral_flux.flx,,W/(cm^2 nm),W/(m^2 sr um),W/(m^2 um),value_si=value_native*1e7 (cm^-2/nm -> m^-2/um),4327.13,4.32713,5.0,9.82448e-08,9.62936e-08,0.0,0.9824480000000001,0.9629359999999999,0.0
mwir_std_flux,D:\HwaSimIR\HwaSim_IR\Bin\Config\Atmosphere\MODTRAN\raw\audit_mwir_standard_20260906\mwir_std_flux\spectral_flux.flx,,W/(cm^2 nm),W/(m^2 sr um),W/(m^2 um),value_si=value_native*1e7 (cm^-2/nm -> m^-2/um),4325.26,4.32526,5.0,9.77716e-08,9.6122e-08,0.0,0.977716,0.9612200000000001,0.0
mwir_std_flux,D:\HwaSimIR\HwaSim_IR\Bin\Config\Atmosphere\MODTRAN\raw\audit_mwir_standard_20260906\mwir_std_flux\spectral_flux.flx,,W/(cm^2 nm),W/(m^2 sr um),W/(m^2 um),value_si=value_native*1e7 (cm^-2/nm -> m^-2/um),4323.39,4.323390000000001,5.0,9.73181e-08,9.59349e-08,0.0,0.9731810000000001,0.959349,0.0
mwir_std_flux,D:\HwaSimIR\HwaSim_IR\Bin\Config\Atmosphere\MODTRAN\raw\audit_mwir_standard_20260906\mwir_std_flux\spectral_flux.flx,,W/(cm^2 nm),W/(m^2 sr um),W/(m^2 um),value_si=value_native*1e7 (cm^-2/nm -> m^-2/um),4321.52,4.3215200000000005,5.0,9.68852e-08,9.57313e-08,0.0,0.9688519999999999,0.957313,0.0
mwir_std_flux,D:\HwaSimIR\HwaSim_IR\Bin\Config\Atmosphere\MODTRAN\raw\audit_mwir_standard_20260906\mwir_std_flux\spectral_flux.flx,,W/(cm^2 nm),W/(m^2 sr um),W/(m^2 um),value_si=value_native*1e7 (cm^-2/nm -> m^-2/um),4319.65,4.319649999999999,5.0,9.65116e-08,9.54773e-08,0.0,0.965116,0.9547730000000001,0.0
mwir_std_flux,D:\HwaSimIR\HwaSim_IR\Bin\Config\Atmosphere\MODTRAN\raw\audit_mwir_standard_20260906\mwir_std_flux\spectral_flux.flx,,W/(cm^2 nm),W/(m^2 sr um),W/(m^2 um),value_si=value_native*1e7 (cm^-2/nm -> m^-2/um),4317.79,4.31779,5.0,9.61468e-08,9.52173e-08,0.0,0.961468,0.952173,0.0
mwir_std_flux,D:\HwaSimIR\HwaSim_IR\Bin\Config\Atmosphere\MODTRAN\raw\audit_mwir_standard_20260906\mwir_std_flux\spectral_flux.flx,,W/(cm^2 nm),W/(m^2 sr um),W/(m^2 um),value_si=value_native*1e7 (cm^-2/nm -> m^-2/um),4315.93,4.315930000000001,5.0,9.57946e-08,9.49481e-08,0.0,0.957946,0.949481,0.0
mwir_std_flux,D:\HwaSimIR\HwaSim_IR\Bin\Config\Atmosphere\MODTRAN\raw\audit_mwir_standard_20260906\mwir_std_flux\spectral_flux.flx,,W/(cm^2 nm),W/(m^2 sr um),W/(m^2 um),value_si=value_native*1e7 (cm^-2/nm -> m^-2/um),4314.06,4.3140600000000004,5.0,9.54578e-08,9.46669e-08,0.0,0.9545779999999999,0.9466690000000001,0.0
mwir_std_flux,D:\HwaSimIR\HwaSim_IR\Bin\Config\Atmosphere\MODTRAN\raw\audit_mwir_standard_20260906\mwir_std_flux\spectral_flux.flx,,W/(cm^2 nm),W/(m^2 sr um),W/(m^2 um),value_si=value_native*1e7 (cm^-2/nm -> m^-2/um),4312.2,4.3122,5.0,9.51254e-08,9.43835e-08,0.0,0.9512539999999999,0.9438350000000001,0.0
mwir_std_flux,D:\HwaSimIR\HwaSim_IR\Bin\Config\Atmosphere\MODTRAN\raw\audit_mwir_standard_20260906\mwir_std_flux\spectral_flux.flx,,W/(cm^2 nm),W/(m^2 sr um),W/(m^2 um),value_si=value_native*1e7 (cm^-2/nm -> m^-2/um),4310.34,4.31034,5.0,9.47973e-08,9.40982e-08,0.0,0.9479730000000001,0.940982,0.0
mwir_std_flux,D:\HwaSimIR\HwaSim_IR\Bin\Config\Atmosphere\MODTRAN\raw\audit_mwir_standard_20260906\mwir_std_flux\spectral_flux.flx,,W/(cm^2 nm),W/(m^2 sr um),W/(m^2 um),value_si=value_native*1e7 (cm^-2/nm -> m^-2/um),4308.49,4.30849,5.0,9.44887e-08,9.37973e-08,0.0,0.944887,0.9379730000000001,0.0
mwir_std_flux,D:\HwaSimIR\HwaSim_IR\Bin\Config\Atmosphere\MODTRAN\raw\audit_mwir_standard_20260906\mwir_std_flux\spectral_flux.flx,,W/(cm^2 nm),W/(m^2 sr um),W/(m^2 um),value_si=value_native*1e7 (cm^-2/nm -> m^-2/um),4306.63,4.30663,5.0,9.41841e-08,9.34946e-08,0.0,0.9418409999999999,0.9349459999999999,0.0
mwir_std_flux,D:\HwaSimIR\HwaSim_IR\Bin\Config\Atmosphere\MODTRAN\raw\audit_mwir_standard_20260906\mwir_std_flux\spectral_flux.flx,,W/(cm^2 nm),W/(m^2 sr um),W/(m^2 um),value_si=value_native*1e7 (cm^-2/nm -> m^-2/um),4304.78,4.30478,5.0,9.38803e-08,9.31928e-08,0.0,0.9388029999999999,0.931928,0.0
mwir_std_flux,D:\HwaSimIR\HwaSim_IR\Bin\Config\Atmosphere\MODTRAN\raw\audit_mwir_standard_20260906\mwir_std_flux\spectral_flux.flx,,W/(cm^2 nm),W/(m^2 sr um),W/(m^2 um),value_si=value_native*1e7 (cm^-2/nm -> m^-2/um),4302.93,4.30293,5.0,9.35775e-08,9.28919e-08,0.0,0.935775,0.928919,0.0
mwir_std_flux,D:\HwaSimIR\HwaSim_IR\Bin\Config\Atmosphere\MODTRAN\raw\audit_mwir_standard_20260906\mwir_std_flux\spectral_flux.flx,,W/(cm^2 nm),W/(m^2 sr um),W/(m^2 um),value_si=value_native*1e7 (cm^-2/nm -> m^-2/um),4301.08,4.30108,5.0,9.32755e-08,9.25919e-08,0.0,0.9327549999999999,0.9259189999999999,0.0
mwir_std_flux,D:\HwaSimIR\HwaSim_IR\Bin\Config\Atmosphere\MODTRAN\raw\audit_mwir_standard_20260906\mwir_std_flux\spectral_flux.flx,,W/(cm^2 nm),W/(m^2 sr um),W/(m^2 um),value_si=value_native*1e7 (cm^-2/nm -> m^-2/um),4299.23,4.29923,5.0,9.29745e-08,9.22928e-08,0.0,0.9297449999999999,0.922928,0.0
mwir_std_flux,D:\HwaSimIR\HwaSim_IR\Bin\Config\Atmosphere\MODTRAN\raw\audit_mwir_standard_20260906\mwir_std_flux\spectral_flux.flx,,W/(cm^2 nm),W/(m^2 sr um),W/(m^2 um),value_si=value_native*1e7 (cm^-2/nm -> m^-2/um),4297.38,4.29738,5.0,9.26743e-08,9.19945e-08,0.0,0.926743,0.919945,0.0
mwir_std_flux,D:\HwaSimIR\HwaSim_IR\Bin\Config\Atmosphere\MODTRAN\raw\audit_mwir_standard_20260906\mwir_std_flux\spectral_flux.flx,,W/(cm^2 nm),W/(m^2 sr um),W/(m^2 um),value_si=value_native*1e7 (cm^-2/nm -> m^-2/um),4295.53,4.295529999999999,5.0,9.23751e-08,9.16972e-08,0.0,0.923751,0.916972,0.0
mwir_std_flux,D:\HwaSimIR\HwaSim_IR\Bin\Config\Atmosphere\MODTRAN\raw\audit_mwir_standard_20260906\mwir_std_flux\spectral_flux.flx,,W/(cm^2 nm),W/(m^2 sr um),W/(m^2 um),value_si=value_native*1e7 (cm^-2/nm -> m^-2/um),4293.69,4.29369,5.0,9.20766e-08,9.14007e-08,0.0,0.920766,0.914007,0.0
mwir_std_flux,D:\HwaSimIR\HwaSim_IR\Bin\Config\Atmosphere\MODTRAN\raw\audit_mwir_standard_20260906\mwir_std_flux\spectral_flux.flx,,W/(cm^2 nm),W/(m^2 sr um),W/(m^2 um),value_si=value_native*1e7 (cm^-2/nm -> m^-2/um),4291.85,4.29185,5.0,9.17791e-08,9.11051e-08,0.0,0.9177909999999999,0.9110509999999999,0.0
mwir_std_flux,D:\HwaSimIR\HwaSim_IR\Bin\Config\Atmosphere\MODTRAN\raw\audit_mwir_standard_20260906\mwir_std_flux\spectral_flux.flx,,W/(cm^2 nm),W/(m^2 sr um),W/(m^2 um),value_si=value_native*1e7 (cm^-2/nm -> m^-2/um),4290.0,4.29,5.0,9.14825e-08,9.08103e-08,0.0,0.914825,0.9081029999999999,0.0
mwir_std_flux,D:\HwaSimIR\HwaSim_IR\Bin\Config\Atmosphere\MODTRAN\raw\audit_mwir_standard_20260906\mwir_std_flux\spectral_flux.flx,,W/(cm^2 nm),W/(m^2 sr um),W/(m^2 um),value_si=value_native*1e7 (cm^-2/nm -> m^-2/um),4288.16,4.2881599999999995,5.0,9.11867e-08,9.05164e-08,0.0,0.9118670000000001,0.905164,0.0
mwir_std_flux,D:\HwaSimIR\HwaSim_IR\Bin\Config\Atmosphere\MODTRAN\raw\audit_mwir_standard_20260906\mwir_std_flux\spectral_flux.flx,,W/(cm^2 nm),W/(m^2 sr um),W/(m^2 um),value_si=value_native*1e7 (cm^-2/nm -> m^-2/um),4286.33,4.2863299999999995,5.0,9.08918e-08,9.02234e-08,0.0,0.9089180000000001,0.902234,0.0
mwir_std_flux,D:\HwaSimIR\HwaSim_IR\Bin\Config\Atmosphere\MODTRAN\raw\audit_mwir_standard_20260906\mwir_std_flux\spectral_flux.flx,,W/(cm^2 nm),W/(m^2 sr um),W/(m^2 um),value_si=value_native*1e7 (cm^-2/nm -> m^-2/um),4284.49,4.28449,5.0,9.05978e-08,8.99313e-08,0.0,0.9059780000000001,0.899313,0.0
mwir_std_flux,D:\HwaSimIR\HwaSim_IR\Bin\Config\Atmosphere\MODTRAN\raw\audit_mwir_standard_20260906\mwir_std_flux\spectral_flux.flx,,W/(cm^2 nm),W/(m^2 sr um),W/(m^2 um),value_si=value_native*1e7 (cm^-2/nm -> m^-2/um),4282.66,4.28266,5.0,9.03047e-08,8.964e-08,0.0,0.9030469999999999,0.8964,0.0
mwir_std_flux,D:\HwaSimIR\HwaSim_IR\Bin\Config\Atmosphere\MODTRAN\raw\audit_mwir_standard_20260906\mwir_std_flux\spectral_flux.flx,,W/(cm^2 nm),W/(m^2 sr um),W/(m^2 um),value_si=value_native*1e7 (cm^-2/nm -> m^-2/um),4280.82,4.280819999999999,5.0,9.00124e-08,8.93496e-08,0.0,0.9001239999999999,0.893496,0.0
mwir_std_flux,D:\HwaSimIR\HwaSim_IR\Bin\Config\Atmosphere\MODTRAN\raw\audit_mwir_standard_20260906\mwir_std_flux\spectral_flux.flx,,W/(cm^2 nm),W/(m^2 sr um),W/(m^2 um),value_si=value_native*1e7 (cm^-2/nm -> m^-2/um),4278.99,4.278989999999999,5.0,8.9721e-08,8.906e-08,0.0,0.89721,0.8906000000000001,0.0
mwir_std_flux,D:\HwaSimIR\HwaSim_IR\Bin\Config\Atmosphere\MODTRAN\raw\audit_mwir_standard_20260906\mwir_std_flux\spectral_flux.flx,,W/(cm^2 nm),W/(m^2 sr um),W/(m^2 um),value_si=value_native*1e7 (cm^-2/nm -> m^-2/um),4277.16,4.27716,5.0,8.94304e-08,8.87713e-08,0.0,0.894304,0.887713,0.0
mwir_std_flux,D:\HwaSimIR\HwaSim_IR\Bin\Config\Atmosphere\MODTRAN\raw\audit_mwir_standard_20260906\mwir_std_flux\spectral_flux.flx,,W/(cm^2 nm),W/(m^2 sr um),W/(m^2 um),value_si=value_native*1e7 (cm^-2/nm -> m^-2/um),4275.33,4.27533,5.0,8.91408e-08,8.84834e-08,0.0,0.8914080000000001,0.8848339999999999,0.0
mwir_std_flux,D:\HwaSimIR\HwaSim_IR\Bin\Config\Atmosphere\MODTRAN\raw\audit_mwir_standard_20260906\mwir_std_flux\spectral_flux.flx,,W/(cm^2 nm),W/(m^2 sr um),W/(m^2 um),value_si=value_native*1e7 (cm^-2/nm -> m^-2/um),4273.5,4.2735,5.0,8.88519e-08,8.81964e-08,0.0,0.8885190000000001,0.881964,0.0
mwir_std_flux,D:\HwaSimIR\HwaSim_IR\Bin\Config\Atmosphere\MODTRAN\raw\audit_mwir_standard_20260906\mwir_std_flux\spectral_flux.flx,,W/(cm^2 nm),W/(m^2 sr um),W/(m^2 um),value_si=value_native*1e7 (cm^-2/nm -> m^-2/um),4271.68,4.27168,5.0,8.85639e-08,8.79103e-08,0.0,0.8856390000000001,0.879103,0.0
mwir_std_flux,D:\HwaSimIR\HwaSim_IR\Bin\Config\Atmosphere\MODTRAN\raw\audit_mwir_standard_20260906\mwir_std_flux\spectral_flux.flx,,W/(cm^2 nm),W/(m^2 sr um),W/(m^2 um),value_si=value_native*1e7 (cm^-2/nm -> m^-2/um),4269.85,4.26985,5.0,8.82768e-08,8.76249e-08,0.0,0.8827680000000001,0.8762490000000001,0.0
mwir_std_flux,D:\HwaSimIR\HwaSim_IR\Bin\Config\Atmosphere\MODTRAN\raw\audit_mwir_standard_20260906\mwir_std_flux\spectral_flux.flx,,W/(cm^2 nm),W/(m^2 sr um),W/(m^2 um),value_si=value_native*1e7 (cm^-2/nm -> m^-2/um),4268.03,4.2680299999999995,5.0,8.79906e-08,8.73405e-08,0.0,0.879906,0.873405,0.0
mwir_std_flux,D:\HwaSimIR\HwaSim_IR\Bin\Config\Atmosphere\MODTRAN\raw\audit_mwir_standard_20260906\mwir_std_flux\spectral_flux.flx,,W/(cm^2 nm),W/(m^2 sr um),W/(m^2 um),value_si=value_native*1e7 (cm^-2/nm -> m^-2/um),4266.21,4.26621,5.0,8.77051e-08,8.70569e-08,0.0,0.8770509999999999,0.870569,0.0
mwir_std_flux,D:\HwaSimIR\HwaSim_IR\Bin\Config\Atmosphere\MODTRAN\raw\audit_mwir_standard_20260906\mwir_std_flux\spectral_flux.flx,,W/(cm^2 nm),W/(m^2 sr um),W/(m^2 um),value_si=value_native*1e7 (cm^-2/nm -> m^-2/um),4264.39,4.264390000000001,5.0,8.74205e-08,8.67741e-08,0.0,0.874205,0.867741,0.0
mwir_std_flux,D:\HwaSimIR\HwaSim_IR\Bin\Config\Atmosphere\MODTRAN\raw\audit_mwir_standard_20260906\mwir_std_flux\spectral_flux.flx,,W/(cm^2 nm),W/(m^2 sr um),W/(m^2 um),value_si=value_native*1e7 (cm^-2/nm -> m^-2/um),4262.57,4.262569999999999,5.0,8.7139e-08,8.64903e-08,0.0,0.87139,0.8649030000000001,0.0
mwir_std_flux,D:\HwaSimIR\HwaSim_IR\Bin\Config\Atmosphere\MODTRAN\raw\audit_mwir_standard_20260906\mwir_std_flux\spectral_flux.flx,,W/(cm^2 nm),W/(m^2 sr um),W/(m^2 um),value_si=value_native*1e7 (cm^-2/nm -> m^-2/um),4260.76,4.26076,5.0,8.6874e-08,8.61935e-08,0.0,0.86874,0.861935,0.0
mwir_std_flux,D:\HwaSimIR\HwaSim_IR\Bin\Config\Atmosphere\MODTRAN\raw\audit_mwir_standard_20260906\mwir_std_flux\spectral_flux.flx,,W/(cm^2 nm),W/(m^2 sr um),W/(m^2 um),value_si=value_native*1e7 (cm^-2/nm -> m^-2/um),4258.94,4.25894,5.0,8.66256e-08,8.58838e-08,0.0,0.866256,0.8588380000000001,0.0
mwir_std_flux,D:\HwaSimIR\HwaSim_IR\Bin\Config\Atmosphere\MODTRAN\raw\audit_mwir_standard_20260906\mwir_std_flux\spectral_flux.flx,,W/(cm^2 nm),W/(m^2 sr um),W/(m^2 um),value_si=value_native*1e7 (cm^-2/nm -> m^-2/um),4257.13,4.25713,5.0,8.63494e-08,8.56e-08,0.0,0.863494,0.856,0.0
mwir_std_flux,D:\HwaSimIR\HwaSim_IR\Bin\Config\Atmosphere\MODTRAN\raw\audit_mwir_standard_20260906\mwir_std_flux\spectral_flux.flx,,W/(cm^2 nm),W/(m^2 sr um),W/(m^2 um),value_si=value_native*1e7 (cm^-2/nm -> m^-2/um),4255.32,4.255319999999999,5.0,8.60362e-08,8.53502e-08,0.0,0.860362,0.8535020000000001,0.0
mwir_std_flux,D:\HwaSimIR\HwaSim_IR\Bin\Config\Atmosphere\MODTRAN\raw\audit_mwir_standard_20260906\mwir_std_flux\spectral_flux.flx,,W/(cm^2 nm),W/(m^2 sr um),W/(m^2 um),value_si=value_native*1e7 (cm^-2/nm -> m^-2/um),4253.51,4.25351,5.0,8.57337e-08,8.50925e-08,0.0,0.857337,0.850925,0.0
mwir_std_flux,D:\HwaSimIR\HwaSim_IR\Bin\Config\Atmosphere\MODTRAN\raw\audit_mwir_standard_20260906\mwir_std_flux\spectral_flux.flx,,W/(cm^2 nm),W/(m^2 sr um),W/(m^2 um),value_si=value_native*1e7 (cm^-2/nm -> m^-2/um),4251.7,4.2517,5.0,8.5452e-08,8.48181e-08,0.0,0.8545200000000001,0.8481810000000001,0.0
mwir_std_flux,D:\HwaSimIR\HwaSim_IR\Bin\Config\Atmosphere\MODTRAN\raw\audit_mwir_standard_20260906\mwir_std_flux\spectral_flux.flx,,W/(cm^2 nm),W/(m^2 sr um),W/(m^2 um),value_si=value_native*1e7 (cm^-2/nm -> m^-2/um),4249.89,4.249890000000001,5.0,8.51741e-08,8.4542e-08,0.0,0.851741,0.8454200000000001,0.0
mwir_std_flux,D:\HwaSimIR\HwaSim_IR\Bin\Config\Atmosphere\MODTRAN\raw\audit_mwir_standard_20260906\mwir_std_flux\spectral_flux.flx,,W/(cm^2 nm),W/(m^2 sr um),W/(m^2 um),value_si=value_native*1e7 (cm^-2/nm -> m^-2/um),4248.09,4.24809,5.0,8.4897e-08,8.42667e-08,0.0,0.84897,0.842667,0.0
mwir_std_flux,D:\HwaSimIR\HwaSim_IR\Bin\Config\Atmosphere\MODTRAN\raw\audit_mwir_standard_20260906\mwir_std_flux\spectral_flux.flx,,W/(cm^2 nm),W/(m^2 sr um),W/(m^2 um),value_si=value_native*1e7 (cm^-2/nm -> m^-2/um),4246.28,4.24628,5.0,8.46208e-08,8.39923e-08,0.0,0.8462080000000001,0.8399230000000001,0.0
mwir_std_flux,D:\HwaSimIR\HwaSim_IR\Bin\Config\Atmosphere\MODTRAN\raw\audit_mwir_standard_20260906\mwir_std_flux\spectral_flux.flx,,W/(cm^2 nm),W/(m^2 sr um),W/(m^2 um),value_si=value_native*1e7 (cm^-2/nm -> m^-2/um),4244.48,4.244479999999999,5.0,8.43454e-08,8.37186e-08,0.0,0.843454,0.837186,0.0
mwir_std_flux,D:\HwaSimIR\HwaSim_IR\Bin\Config\Atmosphere\MODTRAN\raw\audit_mwir_standard_20260906\mwir_std_flux\spectral_flux.flx,,W/(cm^2 nm),W/(m^2 sr um),W/(m^2 um),value_si=value_native*1e7 (cm^-2/nm -> m^-2/um),4242.68,4.24268,5.0,8.40708e-08,8.34458e-08,0.0,0.840708,0.8344579999999999,0.0
mwir_std_flux,D:\HwaSimIR\HwaSim_IR\Bin\Config\Atmosphere\MODTRAN\raw\audit_mwir_standard_20260906\mwir_std_flux\spectral_flux.flx,,W/(cm^2 nm),W/(m^2 sr um),W/(m^2 um),value_si=value_native*1e7 (cm^-2/nm -> m^-2/um),4240.88,4.24088,5.0,8.3797e-08,8.31738e-08,0.0,0.8379700000000001,0.831738,0.0
mwir_std_flux,D:\HwaSimIR\HwaSim_IR\Bin\Config\Atmosphere\MODTRAN\raw\audit_mwir_standard_20260906\mwir_std_flux\spectral_flux.flx,,W/(cm^2 nm),W/(m^2 sr um),W/(m^2 um),value_si=value_native*1e7 (cm^-2/nm -> m^-2/um),4239.08,4.2390799999999995,5.0,8.3524e-08,8.29026e-08,0.0,0.83524,0.829026,0.0
mwir_std_flux,D:\HwaSimIR\HwaSim_IR\Bin\Config\Atmosphere\MODTRAN\raw\audit_mwir_standard_20260906\mwir_std_flux\spectral_flux.flx,,W/(cm^2 nm),W/(m^2 sr um),W/(m^2 um),value_si=value_native*1e7 (cm^-2/nm -> m^-2/um),4237.29,4.23729,5.0,8.32518e-08,8.26322e-08,0.0,0.832518,0.8263220000000001,0.0
mwir_std_flux,D:\HwaSimIR\HwaSim_IR\Bin\Config\Atmosphere\MODTRAN\raw\audit_mwir_standard_20260906\mwir_std_flux\spectral_flux.flx,,W/(cm^2 nm),W/(m^2 sr um),W/(m^2 um),value_si=value_native*1e7 (cm^-2/nm -> m^-2/um),4235.49,4.2354899999999995,5.0,8.29805e-08,8.23626e-08,0.0,0.829805,0.823626,0.0
mwir_std_flux,D:\HwaSimIR\HwaSim_IR\Bin\Config\Atmosphere\MODTRAN\raw\audit_mwir_standard_20260906\mwir_std_flux\spectral_flux.flx,,W/(cm^2 nm),W/(m^2 sr um),W/(m^2 um),value_si=value_native*1e7 (cm^-2/nm -> m^-2/um),4233.7,4.2337,5.0,8.271e-08,8.20938e-08,0.0,0.8271000000000001,0.820938,0.0
mwir_std_flux,D:\HwaSimIR\HwaSim_IR\Bin\Config\Atmosphere\MODTRAN\raw\audit_mwir_standard_20260906\mwir_std_flux\spectral_flux.flx,,W/(cm^2 nm),W/(m^2 sr um),W/(m^2 um),value_si=value_native*1e7 (cm^-2/nm -> m^-2/um),4231.91,4.23191,5.0,8.24403e-08,8.18259e-08,0.0,0.8244030000000001,0.8182590000000001,0.0
mwir_std_flux,D:\HwaSimIR\HwaSim_IR\Bin\Config\Atmosphere\MODTRAN\raw\audit_mwir_standard_20260906\mwir_std_flux\spectral_flux.flx,,W/(cm^2 nm),W/(m^2 sr um),W/(m^2 um),value_si=value_native*1e7 (cm^-2/nm -> m^-2/um),4230.12,4.23012,5.0,8.21713e-08,8.15587e-08,0.0,0.821713,0.8155870000000001,0.0
mwir_std_flux,D:\HwaSimIR\HwaSim_IR\Bin\Config\Atmosphere\MODTRAN\raw\audit_mwir_standard_20260906\mwir_std_flux\spectral_flux.flx,,W/(cm^2 nm),W/(m^2 sr um),W/(m^2 um),value_si=value_native*1e7 (cm^-2/nm -> m^-2/um),4228.33,4.22833,5.0,8.19032e-08,8.12923e-08,0.0,0.819032,0.812923,0.0
mwir_std_flux,D:\HwaSimIR\HwaSim_IR\Bin\Config\Atmosphere\MODTRAN\raw\audit_mwir_standard_20260906\mwir_std_flux\spectral_flux.flx,,W/(cm^2 nm),W/(m^2 sr um),W/(m^2 um),value_si=value_native*1e7 (cm^-2/nm -> m^-2/um),4226.54,4.22654,5.0,8.1636e-08,8.10268e-08,0.0,0.8163600000000001,0.810268,0.0
mwir_std_flux,D:\HwaSimIR\HwaSim_IR\Bin\Config\Atmosphere\MODTRAN\raw\audit_mwir_standard_20260906\mwir_std_flux\spectral_flux.flx,,W/(cm^2 nm),W/(m^2 sr um),W/(m^2 um),value_si=value_native*1e7 (cm^-2/nm -> m^-2/um),4224.76,4.22476,5.0,8.13694e-08,8.0762e-08,0.0,0.813694,0.80762,0.0
mwir_std_flux,D:\HwaSimIR\HwaSim_IR\Bin\Config\Atmosphere\MODTRAN\raw\audit_mwir_standard_20260906\mwir_std_flux\spectral_flux.flx,,W/(cm^2 nm),W/(m^2 sr um),W/(m^2 um),value_si=value_native*1e7 (cm^-2/nm -> m^-2/um),4222.97,4.22297,5.0,8.11037e-08,8.0498e-08,0.0,0.8110370000000001,0.8049799999999999,0.0
mwir_std_flux,D:\HwaSimIR\HwaSim_IR\Bin\Config\Atmosphere\MODTRAN\raw\audit_mwir_standard_20260906\mwir_std_flux\spectral_flux.flx,,W/(cm^2 nm),W/(m^2 sr um),W/(m^2 um),value_si=value_native*1e7 (cm^-2/nm -> m^-2/um),4221.19,4.22119,5.0,8.08388e-08,8.02348e-08,0.0,0.808388,0.8023480000000001,0.0
mwir_std_flux,D:\HwaSimIR\HwaSim_IR\Bin\Config\Atmosphere\MODTRAN\raw\audit_mwir_standard_20260906\mwir_std_flux\spectral_flux.flx,,W/(cm^2 nm),W/(m^2 sr um),W/(m^2 um),value_si=value_native*1e7 (cm^-2/nm -> m^-2/um),4219.41,4.21941,5.0,8.05747e-08,7.99724e-08,0.0,0.805747,0.7997240000000001,0.0
mwir_std_flux,D:\HwaSimIR\HwaSim_IR\Bin\Config\Atmosphere\MODTRAN\raw\audit_mwir_standard_20260906\mwir_std_flux\spectral_flux.flx,,W/(cm^2 nm),W/(m^2 sr um),W/(m^2 um),value_si=value_native*1e7 (cm^-2/nm -> m^-2/um),4217.63,4.21763,5.0,8.03114e-08,7.97107e-08,0.0,0.8031140000000001,0.797107,0.0
mwir_std_flux,D:\HwaSimIR\HwaSim_IR\Bin\Config\Atmosphere\MODTRAN\raw\audit_mwir_standard_20260906\mwir_std_flux\spectral_flux.flx,,W/(cm^2 nm),W/(m^2 sr um),W/(m^2 um),value_si=value_native*1e7 (cm^-2/nm -> m^-2/um),4215.85,4.2158500000000005,5.0,8.00488e-08,7.94499e-08,0.0,0.800488,0.794499,0.0
mwir_std_flux,D:\HwaSimIR\HwaSim_IR\Bin\Config\Atmosphere\MODTRAN\raw\audit_mwir_standard_20260906\mwir_std_flux\spectral_flux.flx,,W/(cm^2 nm),W/(m^2 sr um),W/(m^2 um),value_si=value_native*1e7 (cm^-2/nm -> m^-2/um),4214.08,4.21408,5.0,7.97871e-08,7.91899e-08,0.0,0.797871,0.791899,0.0
mwir_std_flux,D:\HwaSimIR\HwaSim_IR\Bin\Config\Atmosphere\MODTRAN\raw\audit_mwir_standard_20260906\mwir_std_flux\spectral_flux.flx,,W/(cm^2 nm),W/(m^2 sr um),W/(m^2 um),value_si=value_native*1e7 (cm^-2/nm -> m^-2/um),4212.3,4.2123,5.0,7.95291e-08,7.8928e-08,0.0,0.795291,0.7892800000000001,0.0
mwir_std_flux,D:\HwaSimIR\HwaSim_IR\Bin\Config\Atmosphere\MODTRAN\raw\audit_mwir_standard_20260906\mwir_std_flux\spectral_flux.flx,,W/(cm^2 nm),W/(m^2 sr um),W/(m^2 um),value_si=value_native*1e7 (cm^-2/nm -> m^-2/um),4210.53,4.210529999999999,5.0,7.92956e-08,7.86463e-08,0.0,0.792956,0.786463,0.0
mwir_std_flux,D:\HwaSimIR\HwaSim_IR\Bin\Config\Atmosphere\MODTRAN\raw\audit_mwir_standard_20260906\mwir_std_flux\spectral_flux.flx,,W/(cm^2 nm),W/(m^2 sr um),W/(m^2 um),value_si=value_native*1e7 (cm^-2/nm -> m^-2/um),4208.75,4.20875,5.0,7.91092e-08,7.8325e-08,0.0,0.7910919999999999,0.78325,0.0
mwir_std_flux,D:\HwaSimIR\HwaSim_IR\Bin\Config\Atmosphere\MODTRAN\raw\audit_mwir_standard_20260906\mwir_std_flux\spectral_flux.flx,,W/(cm^2 nm),W/(m^2 sr um),W/(m^2 um),value_si=value_native*1e7 (cm^-2/nm -> m^-2/um),4206.98,4.20698,5.0,7.90034e-08,7.79349e-08,0.0,0.790034,0.779349,0.0
mwir_std_flux,D:\HwaSimIR\HwaSim_IR\Bin\Config\Atmosphere\MODTRAN\raw\audit_mwir_standard_20260906\mwir_std_flux\spectral_flux.flx,,W/(cm^2 nm),W/(m^2 sr um),W/(m^2 um),value_si=value_native*1e7 (cm^-2/nm -> m^-2/um),4205.21,4.20521,5.0,7.90595e-08,7.74052e-08,0.0,0.7905949999999999,0.774052,0.0
mwir_std_flux,D:\HwaSimIR\HwaSim_IR\Bin\Config\Atmosphere\MODTRAN\raw\audit_mwir_standard_20260906\mwir_std_flux\spectral_flux.flx,,W/(cm^2 nm),W/(m^2 sr um),W/(m^2 um),value_si=value_native*1e7 (cm^-2/nm -> m^-2/um),4203.45,4.20345,5.0,7.94036e-08,7.6558e-08,7.36765e-16,0.7940360000000001,0.76558,7.3676499999999995e-09
mwir_std_flux,D:\HwaSimIR\HwaSim_IR\Bin\Config\Atmosphere\MODTRAN\raw\audit_mwir_standard_20260906\mwir_std_flux\spectral_flux.flx,,W/(cm^2 nm),W/(m^2 sr um),W/(m^2 um),value_si=value_native*1e7 (cm^-2/nm -> m^-2/um),4201.68,4.2016800000000005,5.0,7.99606e-08,7.50656e-08,1.14357e-13,0.799606,0.750656,1.14357e-06
mwir_std_flux,D:\HwaSimIR\HwaSim_IR\Bin\Config\Atmosphere\MODTRAN\raw\audit_mwir_standard_20260906\mwir_std_flux\spectral_flux.flx,,W/(cm^2 nm),W/(m^2 sr um),W/(m^2 um),value_si=value_native*1e7 (cm^-2/nm -> m^-2/um),4199.92,4.19992,5.0,8.11943e-08,7.26277e-08,4.09769e-12,0.811943,0.7262770000000001,4.0976900000000004e-05
mwir_std_flux,D:\HwaSimIR\HwaSim_IR\Bin\Config\Atmosphere\MODTRAN\raw\audit_mwir_standard_20260906\mwir_std_flux\spectral_flux.flx,,W/(cm^2 nm),W/(m^2 sr um),W/(m^2 um),value_si=value_native*1e7 (cm^-2/nm -> m^-2/um),4198.15,4.19815,5.0,8.38981e-08,6.90078e-08,5.94276e-11,0.838981,0.690078,0.000594276
mwir_std_flux,D:\HwaSimIR\HwaSim_IR\Bin\Config\Atmosphere\MODTRAN\raw\audit_mwir_standard_20260906\mwir_std_flux\spectral_flux.flx,,W/(cm^2 nm),W/(m^2 sr um),W/(m^2 um),value_si=value_native*1e7 (cm^-2/nm -> m^-2/um),4196.39,4.19639,5.0,8.69276e-08,6.52834e-08,4.90253e-10,0.869276,0.652834,0.0049025299999999996
mwir_std_flux,D:\HwaSimIR\HwaSim_IR\Bin\Config\Atmosphere\MODTRAN\raw\audit_mwir_standard_20260906\mwir_std_flux\spectral_flux.flx,,W/(cm^2 nm),W/(m^2 sr um),W/(m^2 um),value_si=value_native*1e7 (cm^-2/nm -> m^-2/um),4194.63,4.19463,5.0,8.94033e-08,6.25401e-08,2.47836e-09,0.894033,0.625401,0.024783600000000003
mwir_std_flux,D:\HwaSimIR\HwaSim_IR\Bin\Config\Atmosphere\MODTRAN\raw\audit_mwir_standard_20260906\mwir_std_flux\spectral_flux.flx,,W/(cm^2 nm),W/(m^2 sr um),W/(m^2 um),value_si=value_native*1e7 (cm^-2/nm -> m^-2/um),4192.87,4.19287,5.0,9.32817e-08,5.94401e-08,8.19736e-09,0.932817,0.594401,0.0819736
mwir_std_flux,D:\HwaSimIR\HwaSim_IR\Bin\Config\Atmosphere\MODTRAN\raw\audit_mwir_standard_20260906\mwir_std_flux\spectral_flux.flx,,W/(cm^2 nm),W/(m^2 sr um),W/(m^2 um),value_si=value_native*1e7 (cm^-2/nm -> m^-2/um),4191.11,4.19111,5.0,1.00344e-07,5.55204e-08,2.18242e-08,1.00344,0.555204,0.21824200000000002
mwir_std_flux,D:\HwaSimIR\HwaSim_IR\Bin\Config\Atmosphere\MODTRAN\raw\audit_mwir_standard_20260906\mwir_std_flux\spectral_flux.flx,,W/(cm^2 nm),W/(m^2 sr um),W/(m^2 um),value_si=value_native*1e7 (cm^-2/nm -> m^-2/um),4189.36,4.18936,5.0,1.09539e-07,5.23211e-08,4.96986e-08,1.09539,0.523211,0.496986
mwir_std_flux,D:\HwaSimIR\HwaSim_IR\Bin\Config\Atmosphere\MODTRAN\raw\audit_mwir_standard_20260906\mwir_std_flux\spectral_flux.flx,,W/(cm^2 nm),W/(m^2 sr um),W/(m^2 um),value_si=value_native*1e7 (cm^-2/nm -> m^-2/um),4187.6,4.187600000000001,5.0,1.19088e-07,5.04532e-08,8.62333e-08,1.19088,0.504532,0.862333
mwir_std_flux,D:\HwaSimIR\HwaSim_IR\Bin\Config\Atmosphere\MODTRAN\raw\audit_mwir_standard_20260906\mwir_std_flux\spectral_flux.flx,,W/(cm^2 nm),W/(m^2 sr um),W/(m^2 um),value_si=value_native*1e7 (cm^-2/nm -> m^-2/um),4185.85,4.18585,5.0,1.28966e-07,4.91769e-08,1.25304e-07,1.2896599999999998,0.491769,1.25304
mwir_std_flux,D:\HwaSimIR\HwaSim_IR\Bin\Config\Atmosphere\MODTRAN\raw\audit_mwir_standard_20260906\mwir_std_flux\spectral_flux.flx,,W/(cm^2 nm),W/(m^2 sr um),W/(m^2 um),value_si=value_native*1e7 (cm^-2/nm -> m^-2/um),4184.1,4.1841,5.0,1.39258e-07,4.82622e-08,1.69717e-07,1.39258,0.48262200000000005,1.69717
mwir_std_flux,D:\HwaSimIR\HwaSim_IR\Bin\Config\Atmosphere\MODTRAN\raw\audit_mwir_standard_20260906\mwir_std_flux\spectral_flux.flx,,W/(cm^2 nm),W/(m^2 sr um),W/(m^2 um),value_si=value_native*1e7 (cm^-2/nm -> m^-2/um),4182.35,4.1823500000000005,5.0,1.48951e-07,4.77633e-08,2.09868e-07,1.48951,0.477633,2.0986800000000003
mwir_std_flux,D:\HwaSimIR\HwaSim_IR\Bin\Config\Atmosphere\MODTRAN\raw\audit_mwir_standard_20260906\mwir_std_flux\spectral_flux.flx,,W/(cm^2 nm),W/(m^2 sr um),W/(m^2 um),value_si=value_native*1e7 (cm^-2/nm -> m^-2/um),4180.6,4.1806,5.0,1.57844e-07,4.74627e-08,2.39604e-07,1.5784399999999998,0.474627,2.39604
mwir_std_flux,D:\HwaSimIR\HwaSim_IR\Bin\Config\Atmosphere\MODTRAN\raw\audit_mwir_standard_20260906\mwir_std_flux\spectral_flux.flx,,W/(cm^2 nm),W/(m^2 sr um),W/(m^2 um),value_si=value_native*1e7 (cm^-2/nm -> m^-2/um),4178.85,4.178850000000001,5.0,1.6641e-07,4.76449e-08,2.61398e-07,1.6641,0.476449,2.6139799999999997
mwir_std_flux,D:\HwaSimIR\HwaSim_IR\Bin\Config\Atmosphere\MODTRAN\raw\audit_mwir_standard_20260906\mwir_std_flux\spectral_flux.flx,,W/(cm^2 nm),W/(m^2 sr um),W/(m^2 um),value_si=value_native*1e7 (cm^-2/nm -> m^-2/um),4177.11,4.17711,5.0,1.73675e-07,4.80058e-08,2.75232e-07,1.73675,0.48005800000000004,2.75232
mwir_std_flux,D:\HwaSimIR\HwaSim_IR\Bin\Config\Atmosphere\MODTRAN\raw\audit_mwir_standard_20260906\mwir_std_flux\spectral_flux.flx,,W/(cm^2 nm),W/(m^2 sr um),W/(m^2 um),value_si=value_native*1e7 (cm^-2/nm -> m^-2/um),4175.37,4.17537,5.0,1.78835e-07,4.81263e-08,2.84052e-07,1.78835,0.481263,2.84052
mwir_std_flux,D:\HwaSimIR\HwaSim_IR\Bin\Config\Atmosphere\MODTRAN\raw\audit_mwir_standard_20260906\mwir_std_flux\spectral_flux.flx,,W/(cm^2 nm),W/(m^2 sr um),W/(m^2 um),value_si=value_native*1e7 (cm^-2/nm -> m^-2/um),4173.62,4.17362,5.0,1.82394e-07,4.81987e-08,2.90916e-07,1.8239400000000001,0.481987,2.90916
mwir_std_flux,D:\HwaSimIR\HwaSim_IR\Bin\Config\Atmosphere\MODTRAN\raw\audit_mwir_standard_20260906\mwir_std_flux\spectral_flux.flx,,W/(cm^2 nm),W/(m^2 sr um),W/(m^2 um),value_si=value_native*1e7 (cm^-2/nm -> m^-2/um),4171.88,4.17188,5.0,1.85158e-07,4.83123e-08,2.97218e-07,1.85158,0.48312299999999997,2.9721800000000003
mwir_std_flux,D:\HwaSimIR\HwaSim_IR\Bin\Config\Atmosphere\MODTRAN\raw\audit_mwir_standard_20260906\mwir_std_flux\spectral_flux.flx,,W/(cm^2 nm),W/(m^2 sr um),W/(m^2 um),value_si=value_native*1e7 (cm^-2/nm -> m^-2/um),4170.14,4.17014,5.0,1.87695e-07,4.8454e-08,3.03287e-07,1.87695,0.48453999999999997,3.03287
mwir_std_flux,D:\HwaSimIR\HwaSim_IR\Bin\Config\Atmosphere\MODTRAN\raw\audit_mwir_standard_20260906\mwir_std_flux\spectral_flux.flx,,W/(cm^2 nm),W/(m^2 sr um),W/(m^2 um),value_si=value_native*1e7 (cm^-2/nm -> m^-2/um),4168.4,4.168399999999999,5.0,1.90051e-07,4.85999e-08,3.08989e-07,1.9005100000000001,0.485999,3.08989
mwir_std_flux,D:\HwaSimIR\HwaSim_IR\Bin\Config\Atmosphere\MODTRAN\raw\audit_mwir_standard_20260906\mwir_std_flux\spectral_flux.flx,,W/(cm^2 nm),W/(m^2 sr um),W/(m^2 um),value_si=value_native*1e7 (cm^-2/nm -> m^-2/um),4166.67,4.16667,5.0,1.9208e-07,4.87338e-08,3.14011e-07,1.9208,0.487338,3.1401100000000004
mwir_std_flux,D:\HwaSimIR\HwaSim_IR\Bin\Config\Atmosphere\MODTRAN\raw\audit_mwir_standard_20260906\mwir_std_flux\spectral_flux.flx,,W/(cm^2 nm),W/(m^2 sr um),W/(m^2 um),value_si=value_native*1e7 (cm^-2/nm -> m^-2/um),4164.93,4.16493,5.0,1.93717e-07,4.88391e-08,3.18087e-07,1.9371699999999998,0.48839099999999996,3.1808699999999996
mwir_std_flux,D:\HwaSimIR\HwaSim_IR\Bin\Config\Atmosphere\MODTRAN\raw\audit_mwir_standard_20260906\mwir_std_flux\spectral_flux.flx,,W/(cm^2 nm),W/(m^2 sr um),W/(m^2 um),value_si=value_native*1e7 (cm^-2/nm -> m^-2/um),4163.2,4.1632,5.0,1.95097e-07,4.89318e-08,3.21593e-07,1.9509699999999999,0.489318,3.2159299999999997
mwir_std_flux,D:\HwaSimIR\HwaSim_IR\Bin\Config\Atmosphere\MODTRAN\raw\audit_mwir_standard_20260906\mwir_std_flux\spectral_flux.flx,,W/(cm^2 nm),W/(m^2 sr um),W/(m^2 um),value_si=value_native*1e7 (cm^-2/nm -> m^-2/um),4161.46,4.16146,5.0,1.96356e-07,4.90295e-08,3.24946e-07,1.96356,0.49029500000000004,3.24946
mwir_std_flux,D:\HwaSimIR\HwaSim_IR\Bin\Config\Atmosphere\MODTRAN\raw\audit_mwir_standard_20260906\mwir_std_flux\spectral_flux.flx,,W/(cm^2 nm),W/(m^2 sr um),W/(m^2 um),value_si=value_native*1e7 (cm^-2/nm -> m^-2/um),4159.73,4.15973,5.0,1.97493e-07,4.91176e-08,3.2807e-07,1.97493,0.491176,3.2807
mwir_std_flux,D:\HwaSimIR\HwaSim_IR\Bin\Config\Atmosphere\MODTRAN\raw\audit_mwir_standard_20260906\mwir_std_flux\spectral_flux.flx,,W/(cm^2 nm),W/(m^2 sr um),W/(m^2 um),value_si=value_native*1e7 (cm^-2/nm -> m^-2/um),4158.0,4.158,5.0,1.9857e-07,4.91961e-08,3.31118e-07,1.9857,0.491961,3.3111800000000002
mwir_std_flux,D:\HwaSimIR\HwaSim_IR\Bin\Config\Atmosphere\MODTRAN\raw\audit_mwir_standard_20260906\mwir_std_flux\spectral_flux.flx,,W/(cm^2 nm),W/(m^2 sr um),W/(m^2 um),value_si=value_native*1e7 (cm^-2/nm -> m^-2/um),4156.28,4.15628,5.0,1.9962e-07,4.92646e-08,3.34158e-07,1.9962000000000002,0.49264600000000003,3.34158
mwir_std_flux,D:\HwaSimIR\HwaSim_IR\Bin\Config\Atmosphere\MODTRAN\raw\audit_mwir_standard_20260906\mwir_std_flux\spectral_flux.flx,,W/(cm^2 nm),W/(m^2 sr um),W/(m^2 um),value_si=value_native*1e7 (cm^-2/nm -> m^-2/um),4154.55,4.15455,5.0,2.00891e-07,4.93135e-08,3.37023e-07,2.0089099999999998,0.493135,3.3702300000000003
mwir_std_flux,D:\HwaSimIR\HwaSim_IR\Bin\Config\Atmosphere\MODTRAN\raw\audit_mwir_standard_20260906\mwir_std_flux\spectral_flux.flx,,W/(cm^2 nm),W/(m^2 sr um),W/(m^2 um),value_si=value_native*1e7 (cm^-2/nm -> m^-2/um),4152.82,4.152819999999999,5.0,2.02636e-07,4.93626e-08,3.39993e-07,2.02636,0.493626,3.39993
mwir_std_flux,D:\HwaSimIR\HwaSim_IR\Bin\Config\Atmosphere\MODTRAN\raw\audit_mwir_standard_20260906\mwir_std_flux\spectral_flux.flx,,W/(cm^2 nm),W/(m^2 sr um),W/(m^2 um),value_si=value_native*1e7 (cm^-2/nm -> m^-2/um),4151.1,4.1511000000000005,5.0,2.04429e-07,4.94329e-08,3.43153e-07,2.04429,0.49432899999999996,3.43153
mwir_std_flux,D:\HwaSimIR\HwaSim_IR\Bin\Config\Atmosphere\MODTRAN\raw\audit_mwir_standard_20260906\mwir_std_flux\spectral_flux.flx,,W/(cm^2 nm),W/(m^2 sr um),W/(m^2 um),value_si=value_native*1e7 (cm^-2/nm -> m^-2/um),4149.38,4.14938,5.0,2.05789e-07,4.95116e-08,3.46045e-07,2.05789,0.495116,3.4604500000000002
mwir_std_flux,D:\HwaSimIR\HwaSim_IR\Bin\Config\Atmosphere\MODTRAN\raw\audit_mwir_standard_20260906\mwir_std_flux\spectral_flux.flx,,W/(cm^2 nm),W/(m^2 sr um),W/(m^2 um),value_si=value_native*1e7 (cm^-2/nm -> m^-2/um),4147.66,4.14766,5.0,2.06614e-07,4.95954e-08,3.48405e-07,2.06614,0.49595399999999995,3.48405
mwir_std_flux,D:\HwaSimIR\HwaSim_IR\Bin\Config\Atmosphere\MODTRAN\raw\audit_mwir_standard_20260906\mwir_std_flux\spectral_flux.flx,,W/(cm^2 nm),W/(m^2 sr um),W/(m^2 um),value_si=value_native*1e7 (cm^-2/nm -> m^-2/um),4145.94,4.1459399999999995,5.0,2.07428e-07,4.97164e-08,3.50895e-07,2.07428,0.497164,3.50895
mwir_std_flux,D:\HwaSimIR\HwaSim_IR\Bin\Config\Atmosphere\MODTRAN\raw\audit_mwir_standard_20260906\mwir_std_flux\spectral_flux.flx,,W/(cm^2 nm),W/(m^2 sr um),W/(m^2 um),value_si=value_native*1e7 (cm^-2/nm -> m^-2/um),4144.22,4.144220000000001,5.0,2.08297e-07,4.9848e-08,3.53491e-07,2.08297,0.49848,3.53491
mwir_std_flux,D:\HwaSimIR\HwaSim_IR\Bin\Config\Atmosphere\MODTRAN\raw\audit_mwir_standard_20260906\mwir_std_flux\spectral_flux.flx,,W/(cm^2 nm),W/(m^2 sr um),W/(m^2 um),value_si=value_native*1e7 (cm^-2/nm -> m^-2/um),4142.5,4.1425,5.0,2.0898e-07,4.99594e-08,3.55775e-07,2.0898,0.499594,3.55775
mwir_std_flux,D:\HwaSimIR\HwaSim_IR\Bin\Config\Atmosphere\MODTRAN\raw\audit_mwir_standard_20260906\mwir_std_flux\spectral_flux.flx,,W/(cm^2 nm),W/(m^2 sr um),W/(m^2 um),value_si=value_native*1e7 (cm^-2/nm -> m^-2/um),4140.79,4.14079,5.0,2.09738e-07,5.00743e-08,3.5815e-07,2.09738,0.5007429999999999,3.5815
mwir_std_flux,D:\HwaSimIR\HwaSim_IR\Bin\Config\Atmosphere\MODTRAN\raw\audit_mwir_standard_20260906\mwir_std_flux\spectral_flux.flx,,W/(cm^2 nm),W/(m^2 sr um),W/(m^2 um),value_si=value_native*1e7 (cm^-2/nm -> m^-2/um),4139.07,4.139069999999999,5.0,2.10636e-07,5.01836e-08,3.60577e-07,2.10636,0.501836,3.6057699999999997
mwir_std_flux,D:\HwaSimIR\HwaSim_IR\Bin\Config\Atmosphere\MODTRAN\raw\audit_mwir_standard_20260906\mwir_std_flux\spectral_flux.flx,,W/(cm^2 nm),W/(m^2 sr um),W/(m^2 um),value_si=value_native*1e7 (cm^-2/nm -> m^-2/um),4137.36,4.137359999999999,5.0,2.11598e-07,5.02686e-08,3.628e-07,2.11598,0.5026860000000001,3.628
mwir_std_flux,D:\HwaSimIR\HwaSim_IR\Bin\Config\Atmosphere\MODTRAN\raw\audit_mwir_standard_20260906\mwir_std_flux\spectral_flux.flx,,W/(cm^2 nm),W/(m^2 sr um),W/(m^2 um),value_si=value_native*1e7 (cm^-2/nm -> m^-2/um),4135.65,4.13565,5.0,2.12596e-07,5.0345e-08,3.64933e-07,2.12596,0.50345,3.64933
mwir_std_flux,D:\HwaSimIR\HwaSim_IR\Bin\Config\Atmosphere\MODTRAN\raw\audit_mwir_standard_20260906\mwir_std_flux\spectral_flux.flx,,W/(cm^2 nm),W/(m^2 sr um),W/(m^2 um),value_si=value_native*1e7 (cm^-2/nm -> m^-2/um),4133.94,4.13394,5.0,2.13646e-07,5.04299e-08,3.67079e-07,2.13646,0.5042989999999999,3.67079
mwir_std_flux,D:\HwaSimIR\HwaSim_IR\Bin\Config\Atmosphere\MODTRAN\raw\audit_mwir_standard_20260906\mwir_std_flux\spectral_flux.flx,,W/(cm^2 nm),W/(m^2 sr um),W/(m^2 um),value_si=value_native*1e7 (cm^-2/nm -> m^-2/um),4132.23,4.13223,5.0,2.14357e-07,5.05074e-08,3.68921e-07,2.14357,0.505074,3.68921
mwir_std_flux,D:\HwaSimIR\HwaSim_IR\Bin\Config\Atmosphere\MODTRAN\raw\audit_mwir_standard_20260906\mwir_std_flux\spectral_flux.flx,,W/(cm^2 nm),W/(m^2 sr um),W/(m^2 um),value_si=value_native*1e7 (cm^-2/nm -> m^-2/um),4130.52,4.130520000000001,5.0,2.14857e-07,5.06023e-08,3.70795e-07,2.14857,0.506023,3.70795
mwir_std_flux,D:\HwaSimIR\HwaSim_IR\Bin\Config\Atmosphere\MODTRAN\raw\audit_mwir_standard_20260906\mwir_std_flux\spectral_flux.flx,,W/(cm^2 nm),W/(m^2 sr um),W/(m^2 um),value_si=value_native*1e7 (cm^-2/nm -> m^-2/um),4128.82,4.128819999999999,5.0,2.15107e-07,5.07165e-08,3.72715e-07,2.15107,0.507165,3.72715
mwir_std_flux,D:\HwaSimIR\HwaSim_IR\Bin\Config\Atmosphere\MODTRAN\raw\audit_mwir_standard_20260906\mwir_std_flux\spectral_flux.flx,,W/(cm^2 nm),W/(m^2 sr um),W/(m^2 um),value_si=value_native*1e7 (cm^-2/nm -> m^-2/um),4127.12,4.12712,5.0,2.15298e-07,5.08151e-08,3.74382e-07,2.15298,0.508151,3.74382
mwir_std_flux,D:\HwaSimIR\HwaSim_IR\Bin\Config\Atmosphere\MODTRAN\raw\audit_mwir_standard_20260906\mwir_std_flux\spectral_flux.flx,,W/(cm^2 nm),W/(m^2 sr um),W/(m^2 um),value_si=value_native*1e7 (cm^-2/nm -> m^-2/um),4125.41,4.12541,5.0,2.16183e-07,5.09136e-08,3.76215e-07,2.16183,0.509136,3.7621499999999997
mwir_std_flux,D:\HwaSimIR\HwaSim_IR\Bin\Config\Atmosphere\MODTRAN\raw\audit_mwir_standard_20260906\mwir_std_flux\spectral_flux.flx,,W/(cm^2 nm),W/(m^2 sr um),W/(m^2 um),value_si=value_native*1e7 (cm^-2/nm -> m^-2/um),4123.71,4.12371,5.0,2.17055e-07,5.10033e-08,3.77915e-07,2.17055,0.510033,3.77915
mwir_std_flux,D:\HwaSimIR\HwaSim_IR\Bin\Config\Atmosphere\MODTRAN\raw\audit_mwir_standard_20260906\mwir_std_flux\spectral_flux.flx,,W/(cm^2 nm),W/(m^2 sr um),W/(m^2 um),value_si=value_native*1e7 (cm^-2/nm -> m^-2/um),4122.01,4.12201,5.0,2.17703e-07,5.10854e-08,3.79496e-07,2.17703,0.510854,3.79496
mwir_std_flux,D:\HwaSimIR\HwaSim_IR\Bin\Config\Atmosphere\MODTRAN\raw\audit_mwir_standard_20260906\mwir_std_flux\spectral_flux.flx,,W/(cm^2 nm),W/(m^2 sr um),W/(m^2 um),value_si=value_native*1e7 (cm^-2/nm -> m^-2/um),4120.31,4.120310000000001,5.0,2.18391e-07,5.11627e-08,3.81069e-07,2.18391,0.511627,3.8106899999999997
mwir_std_flux,D:\HwaSimIR\HwaSim_IR\Bin\Config\Atmosphere\MODTRAN\raw\audit_mwir_standard_20260906\mwir_std_flux\spectral_flux.flx,,W/(cm^2 nm),W/(m^2 sr um),W/(m^2 um),value_si=value_native*1e7 (cm^-2/nm -> m^-2/um),4118.62,4.11862,5.0,2.18563e-07,5.12045e-08,3.8198e-07,2.18563,0.512045,3.8198
mwir_std_flux,D:\HwaSimIR\HwaSim_IR\Bin\Config\Atmosphere\MODTRAN\raw\audit_mwir_standard_20260906\mwir_std_flux\spectral_flux.flx,,W/(cm^2 nm),W/(m^2 sr um),W/(m^2 um),value_si=value_native*1e7 (cm^-2/nm -> m^-2/um),4116.92,4.11692,5.0,2.18204e-07,5.12221e-08,3.82494e-07,2.18204,0.512221,3.82494
mwir_std_flux,D:\HwaSimIR\HwaSim_IR\Bin\Config\Atmosphere\MODTRAN\raw\audit_mwir_standard_20260906\mwir_std_flux\spectral_flux.flx,,W/(cm^2 nm),W/(m^2 sr um),W/(m^2 um),value_si=value_native*1e7 (cm^-2/nm -> m^-2/um),4115.23,4.1152299999999995,5.0,2.18183e-07,5.12393e-08,3.83281e-07,2.1818299999999997,0.512393,3.83281
mwir_std_flux,D:\HwaSimIR\HwaSim_IR\Bin\Config\Atmosphere\MODTRAN\raw\audit_mwir_standard_20260906\mwir_std_flux\spectral_flux.flx,,W/(cm^2 nm),W/(m^2 sr um),W/(m^2 um),value_si=value_native*1e7 (cm^-2/nm -> m^-2/um),4113.53,4.11353,5.0,2.18609e-07,5.12387e-08,3.83817e-07,2.18609,0.5123869999999999,3.83817
mwir_std_flux,D:\HwaSimIR\HwaSim_IR\Bin\Config\Atmosphere\MODTRAN\raw\audit_mwir_standard_20260906\mwir_std_flux\spectral_flux.flx,,W/(cm^2 nm),W/(m^2 sr um),W/(m^2 um),value_si=value_native*1e7 (cm^-2/nm -> m^-2/um),4111.84,4.11184,5.0,2.19015e-07,5.12648e-08,3.84539e-07,2.19015,0.512648,3.84539
mwir_std_flux,D:\HwaSimIR\HwaSim_IR\Bin\Config\Atmosphere\MODTRAN\raw\audit_mwir_standard_20260906\mwir_std_flux\spectral_flux.flx,,W/(cm^2 nm),W/(m^2 sr um),W/(m^2 um),value_si=value_native*1e7 (cm^-2/nm -> m^-2/um),4110.15,4.11015,5.0,2.19823e-07,5.13813e-08,3.86555e-07,2.19823,0.513813,3.8655500000000003
mwir_std_flux,D:\HwaSimIR\HwaSim_IR\Bin\Config\Atmosphere\MODTRAN\raw\audit_mwir_standard_20260906\mwir_std_flux\spectral_flux.flx,,W/(cm^2 nm),W/(m^2 sr um),W/(m^2 um),value_si=value_native*1e7 (cm^-2/nm -> m^-2/um),4108.46,4.10846,5.0,2.20666e-07,5.15229e-08,3.88794e-07,2.20666,0.5152289999999999,3.88794
mwir_std_flux,D:\HwaSimIR\HwaSim_IR\Bin\Config\Atmosphere\MODTRAN\raw\audit_mwir_standard_20260906\mwir_std_flux\spectral_flux.flx,,W/(cm^2 nm),W/(m^2 sr um),W/(m^2 um),value_si=value_native*1e7 (cm^-2/nm -> m^-2/um),4106.78,4.10678,5.0,2.20845e-07,5.16342e-08,3.90344e-07,2.20845,0.516342,3.90344
mwir_std_flux,D:\HwaSimIR\HwaSim_IR\Bin\Config\Atmosphere\MODTRAN\raw\audit_mwir_standard_20260906\mwir_std_flux\spectral_flux.flx,,W/(cm^2 nm),W/(m^2 sr um),W/(m^2 um),value_si=value_native*1e7 (cm^-2/nm -> m^-2/um),4105.09,4.105090000000001,5.0,2.20605e-07,5.1742e-08,3.91731e-07,2.2060500000000003,0.51742,3.91731
mwir_std_flux,D:\HwaSimIR\HwaSim_IR\Bin\Config\Atmosphere\MODTRAN\raw\audit_mwir_standard_20260906\mwir_std_flux\spectral_flux.flx,,W/(cm^2 nm),W/(m^2 sr um),W/(m^2 um),value_si=value_native*1e7 (cm^-2/nm -> m^-2/um),4103.41,4.10341,5.0,2.20413e-07,5.18332e-08,3.92895e-07,2.20413,0.518332,3.92895
mwir_std_flux,D:\HwaSimIR\HwaSim_IR\Bin\Config\Atmosphere\MODTRAN\raw\audit_mwir_standard_20260906\mwir_std_flux\spectral_flux.flx,,W/(cm^2 nm),W/(m^2 sr um),W/(m^2 um),value_si=value_native*1e7 (cm^-2/nm -> m^-2/um),4101.72,4.10172,5.0,2.20613e-07,5.18776e-08,3.93565e-07,2.20613,0.518776,3.9356500000000003
mwir_std_flux,D:\HwaSimIR\HwaSim_IR\Bin\Config\Atmosphere\MODTRAN\raw\audit_mwir_standard_20260906\mwir_std_flux\spectral_flux.flx,,W/(cm^2 nm),W/(m^2 sr um),W/(m^2 um),value_si=value_native*1e7 (cm^-2/nm -> m^-2/um),4100.04,4.10004,5.0,2.20707e-07,5.18803e-08,3.9383e-07,2.20707,0.518803,3.9383
mwir_std_flux,D:\HwaSimIR\HwaSim_IR\Bin\Config\Atmosphere\MODTRAN\raw\audit_mwir_standard_20260906\mwir_std_flux\spectral_flux.flx,,W/(cm^2 nm),W/(m^2 sr um),W/(m^2 um),value_si=value_native*1e7 (cm^-2/nm -> m^-2/um),4098.36,4.09836,5.0,2.20035e-07,5.18063e-08,3.92889e-07,2.20035,0.5180629999999999,3.92889
mwir_std_flux,D:\HwaSimIR\HwaSim_IR\Bin\Config\Atmosphere\MODTRAN\raw\audit_mwir_standard_20260906\mwir_std_flux\spectral_flux.flx,,W/(cm^2 nm),W/(m^2 sr um),W/(m^2 um),value_si=value_native*1e7 (cm^-2/nm -> m^-2/um),4096.68,4.09668,5.0,2.19422e-07,5.17288e-08,3.91874e-07,2.19422,0.517288,3.9187399999999997
mwir_std_flux,D:\HwaSimIR\HwaSim_IR\Bin\Config\Atmosphere\MODTRAN\raw\audit_mwir_standard_20260906\mwir_std_flux\spectral_flux.flx,,W/(cm^2 nm),W/(m^2 sr um),W/(m^2 um),value_si=value_native*1e7 (cm^-2/nm -> m^-2/um),4095.0,4.095,5.0,2.19952e-07,5.17872e-08,3.93173e-07,2.19952,0.517872,3.93173
mwir_std_flux,D:\HwaSimIR\HwaSim_IR\Bin\Config\Atmosphere\MODTRAN\raw\audit_mwir_standard_20260906\mwir_std_flux\spectral_flux.flx,,W/(cm^2 nm),W/(m^2 sr um),W/(m^2 um),value_si=value_native*1e7 (cm^-2/nm -> m^-2/um),4093.33,4.09333,5.0,2.20905e-07,5.18708e-08,3.95096e-07,2.20905,0.518708,3.95096
mwir_std_flux,D:\HwaSimIR\HwaSim_IR\Bin\Config\Atmosphere\MODTRAN\raw\audit_mwir_standard_20260906\mwir_std_flux\spectral_flux.flx,,W/(cm^2 nm),W/(m^2 sr um),W/(m^2 um),value_si=value_native*1e7 (cm^-2/nm -> m^-2/um),4091.65,4.0916500000000005,5.0,2.21428e-07,5.1889e-08,3.95928e-07,2.21428,0.5188900000000001,3.95928
mwir_std_flux,D:\HwaSimIR\HwaSim_IR\Bin\Config\Atmosphere\MODTRAN\raw\audit_mwir_standard_20260906\mwir_std_flux\spectral_flux.flx,,W/(cm^2 nm),W/(m^2 sr um),W/(m^2 um),value_si=value_native*1e7 (cm^-2/nm -> m^-2/um),4089.98,4.08998,5.0,2.21934e-07,5.19359e-08,3.96838e-07,2.21934,0.519359,3.96838
mwir_std_flux,D:\HwaSimIR\HwaSim_IR\Bin\Config\Atmosphere\MODTRAN\raw\audit_mwir_standard_20260906\mwir_std_flux\spectral_flux.flx,,W/(cm^2 nm),W/(m^2 sr um),W/(m^2 um),value_si=value_native*1e7 (cm^-2/nm -> m^-2/um),4088.31,4.08831,5.0,2.22369e-07,5.19989e-08,3.97938e-07,2.22369,0.519989,3.9793800000000004
mwir_std_flux,D:\HwaSimIR\HwaSim_IR\Bin\Config\Atmosphere\MODTRAN\raw\audit_mwir_standard_20260906\mwir_std_flux\spectral_flux.flx,,W/(cm^2 nm),W/(m^2 sr um),W/(m^2 um),value_si=value_native*1e7 (cm^-2/nm -> m^-2/um),4086.64,4.08664,5.0,2.21792e-07,5.19444e-08,3.97344e-07,2.21792,0.519444,3.97344
mwir_std_flux,D:\HwaSimIR\HwaSim_IR\Bin\Config\Atmosphere\MODTRAN\raw\audit_mwir_standard_20260906\mwir_std_flux\spectral_flux.flx,,W/(cm^2 nm),W/(m^2 sr um),W/(m^2 um),value_si=value_native*1e7 (cm^-2/nm -> m^-2/um),4084.97,4.08497,5.0,2.2155e-07,5.19388e-08,3.97213e-07,2.2155,0.5193880000000001,3.9721300000000004
mwir_std_flux,D:\HwaSimIR\HwaSim_IR\Bin\Config\Atmosphere\MODTRAN\raw\audit_mwir_standard_20260906\mwir_std_flux\spectral_flux.flx,,W/(cm^2 nm),W/(m^2 sr um),W/(m^2 um),value_si=value_native*1e7 (cm^-2/nm -> m^-2/um),4083.3,4.0833,5.0,2.23194e-07,5.2195e-08,4.00751e-07,2.2319400000000003,0.52195,4.00751
mwir_std_flux,D:\HwaSimIR\HwaSim_IR\Bin\Config\Atmosphere\MODTRAN\raw\audit_mwir_standard_20260906\mwir_std_flux\spectral_flux.flx,,W/(cm^2 nm),W/(m^2 sr um),W/(m^2 um),value_si=value_native*1e7 (cm^-2/nm -> m^-2/um),4081.63,4.0816300000000005,5.0,2.24703e-07,5.24343e-08,4.0412e-07,2.24703,0.524343,4.0412
mwir_std_flux,D:\HwaSimIR\HwaSim_IR\Bin\Config\Atmosphere\MODTRAN\raw\audit_mwir_standard_20260906\mwir_std_flux\spectral_flux.flx,,W/(cm^2 nm),W/(m^2 sr um),W/(m^2 um),value_si=value_native*1e7 (cm^-2/nm -> m^-2/um),4079.97,4.079969999999999,5.0,2.25231e-07,5.2522e-08,4.05438e-07,2.25231,0.52522,4.05438
mwir_std_flux,D:\HwaSimIR\HwaSim_IR\Bin\Config\Atmosphere\MODTRAN\raw\audit_mwir_standard_20260906\mwir_std_flux\spectral_flux.flx,,W/(cm^2 nm),W/(m^2 sr um),W/(m^2 um),value_si=value_native*1e7 (cm^-2/nm -> m^-2/um),4078.3,4.0783000000000005,5.0,2.26094e-07,5.26273e-08,4.07105e-07,2.26094,0.526273,4.0710500000000005
mwir_std_flux,D:\HwaSimIR\HwaSim_IR\Bin\Config\Atmosphere\MODTRAN\raw\audit_mwir_standard_20260906\mwir_std_flux\spectral_flux.flx,,W/(cm^2 nm),W/(m^2 sr um),W/(m^2 um),value_si=value_native*1e7 (cm^-2/nm -> m^-2/um),4076.64,4.07664,5.0,2.26953e-07,5.26928e-08,4.08235e-07,2.26953,0.5269280000000001,4.08235
mwir_std_flux,D:\HwaSimIR\HwaSim_IR\Bin\Config\Atmosphere\MODTRAN\raw\audit_mwir_standard_20260906\mwir_std_flux\spectral_flux.flx,,W/(cm^2 nm),W/(m^2 sr um),W/(m^2 um),value_si=value_native*1e7 (cm^-2/nm -> m^-2/um),4074.98,4.07498,5.0,2.28099e-07,5.27646e-08,4.09594e-07,2.28099,0.5276460000000001,4.09594
mwir_std_flux,D:\HwaSimIR\HwaSim_IR\Bin\Config\Atmosphere\MODTRAN\raw\audit_mwir_standard_20260906\mwir_std_flux\spectral_flux.flx,,W/(cm^2 nm),W/(m^2 sr um),W/(m^2 um),value_si=value_native*1e7 (cm^-2/nm -> m^-2/um),4073.32,4.07332,5.0,2.3057e-07,5.30051e-08,4.1353e-07,2.3057,0.530051,4.1353
mwir_std_flux,D:\HwaSimIR\HwaSim_IR\Bin\Config\Atmosphere\MODTRAN\raw\audit_mwir_standard_20260906\mwir_std_flux\spectral_flux.flx,,W/(cm^2 nm),W/(m^2 sr um),W/(m^2 um),value_si=value_native*1e7 (cm^-2/nm -> m^-2/um),4071.66,4.07166,5.0,2.32874e-07,5.32394e-08,4.17363e-07,2.32874,0.532394,4.17363
mwir_std_flux,D:\HwaSimIR\HwaSim_IR\Bin\Config\Atmosphere\MODTRAN\raw\audit_mwir_standard_20260906\mwir_std_flux\spectral_flux.flx,,W/(cm^2 nm),W/(m^2 sr um),W/(m^2 um),value_si=value_native*1e7 (cm^-2/nm -> m^-2/um),4070.0,4.07,5.0,2.34191e-07,5.33361e-08,4.19295e-07,2.34191,0.533361,4.192950000000001
mwir_std_flux,D:\HwaSimIR\HwaSim_IR\Bin\Config\Atmosphere\MODTRAN\raw\audit_mwir_standard_20260906\mwir_std_flux\spectral_flux.flx,,W/(cm^2 nm),W/(m^2 sr um),W/(m^2 um),value_si=value_native*1e7 (cm^-2/nm -> m^-2/um),4068.35,4.06835,5.0,2.35106e-07,5.33642e-08,4.20308e-07,2.35106,0.533642,4.20308
mwir_std_flux,D:\HwaSimIR\HwaSim_IR\Bin\Config\Atmosphere\MODTRAN\raw\audit_mwir_standard_20260906\mwir_std_flux\spectral_flux.flx,,W/(cm^2 nm),W/(m^2 sr um),W/(m^2 um),value_si=value_native*1e7 (cm^-2/nm -> m^-2/um),4066.69,4.06669,5.0,2.36042e-07,5.34475e-08,4.21706e-07,2.36042,0.534475,4.21706
mwir_std_flux,D:\HwaSimIR\HwaSim_IR\Bin\Config\Atmosphere\MODTRAN\raw\audit_mwir_standard_20260906\mwir_std_flux\spectral_flux.flx,,W/(cm^2 nm),W/(m^2 sr um),W/(m^2 um),value_si=value_native*1e7 (cm^-2/nm -> m^-2/um),4065.04,4.06504,5.0,2.37973e-07,5.37146e-08,4.25252e-07,2.37973,0.537146,4.25252
mwir_std_flux,D:\HwaSimIR\HwaSim_IR\Bin\Config\Atmosphere\MODTRAN\raw\audit_mwir_standard_20260906\mwir_std_flux\spectral_flux.flx,,W/(cm^2 nm),W/(m^2 sr um),W/(m^2 um),value_si=value_native*1e7 (cm^-2/nm -> m^-2/um),4063.39,4.06339,5.0,2.40416e-07,5.40534e-08,4.2972e-07,2.4041599999999996,0.5405340000000001,4.2972
mwir_std_flux,D:\HwaSimIR\HwaSim_IR\Bin\Config\Atmosphere\MODTRAN\raw\audit_mwir_standard_20260906\mwir_std_flux\spectral_flux.flx,,W/(cm^2 nm),W/(m^2 sr um),W/(m^2 um),value_si=value_native*1e7 (cm^-2/nm -> m^-2/um),4061.74,4.0617399999999995,5.0,2.41721e-07,5.43046e-08,4.32819e-07,2.41721,0.543046,4.32819
mwir_std_flux,D:\HwaSimIR\HwaSim_IR\Bin\Config\Atmosphere\MODTRAN\raw\audit_mwir_standard_20260906\mwir_std_flux\spectral_flux.flx,,W/(cm^2 nm),W/(m^2 sr um),W/(m^2 um),value_si=value_native*1e7 (cm^-2/nm -> m^-2/um),4060.09,4.06009,5.0,2.41609e-07,5.44115e-08,4.33936e-07,2.4160899999999996,0.544115,4.33936
mwir_std_flux,D:\HwaSimIR\HwaSim_IR\Bin\Config\Atmosphere\MODTRAN\raw\audit_mwir_standard_20260906\mwir_std_flux\spectral_flux.flx,,W/(cm^2 nm),W/(m^2 sr um),W/(m^2 um),value_si=value_native*1e7 (cm^-2/nm -> m^-2/um),4058.44,4.05844,5.0,2.40399e-07,5.42365e-08,4.31959e-07,2.40399,0.542365,4.31959
mwir_std_flux,D:\HwaSimIR\HwaSim_IR\Bin\Config\Atmosphere\MODTRAN\raw\audit_mwir_standard_20260906\mwir_std_flux\spectral_flux.flx,,W/(cm^2 nm),W/(m^2 sr um),W/(m^2 um),value_si=value_native*1e7 (cm^-2/nm -> m^-2/um),4056.8,4.0568,5.0,2.38675e-07,5.37867e-08,4.27423e-07,2.3867499999999997,0.537867,4.27423
mwir_std_flux,D:\HwaSimIR\HwaSim_IR\Bin\Config\Atmosphere\MODTRAN\raw\audit_mwir_standard_20260906\mwir_std_flux\spectral_flux.flx,,W/(cm^2 nm),W/(m^2 sr um),W/(m^2 um),value_si=value_native*1e7 (cm^-2/nm -> m^-2/um),4055.15,4.05515,5.0,2.3769e-07,5.33703e-08,4.23804e-07,2.3769,0.5337029999999999,4.23804
mwir_std_flux,D:\HwaSimIR\HwaSim_IR\Bin\Config\Atmosphere\MODTRAN\raw\audit_mwir_standard_20260906\mwir_std_flux\spectral_flux.flx,,W/(cm^2 nm),W/(m^2 sr um),W/(m^2 um),value_si=value_native*1e7 (cm^-2/nm -> m^-2/um),4053.51,4.05351,5.0,2.3749e-07,5.31686e-08,4.22347e-07,2.3749,0.531686,4.22347
mwir_std_flux,D:\HwaSimIR\HwaSim_IR\Bin\Config\Atmosphere\MODTRAN\raw\audit_mwir_standard_20260906\mwir_std_flux\spectral_flux.flx,,W/(cm^2 nm),W/(m^2 sr um),W/(m^2 um),value_si=value_native*1e7 (cm^-2/nm -> m^-2/um),4051.86,4.0518600000000005,5.0,2.36557e-07,5.30421e-08,4.20927e-07,2.36557,0.530421,4.20927
mwir_std_flux,D:\HwaSimIR\HwaSim_IR\Bin\Config\Atmosphere\MODTRAN\raw\audit_mwir_standard_20260906\mwir_std_flux\spectral_flux.flx,,W/(cm^2 nm),W/(m^2 sr um),W/(m^2 um),value_si=value_native*1e7 (cm^-2/nm -> m^-2/um),4050.22,4.0502199999999995,5.0,2.35985e-07,5.30851e-08,4.20978e-07,2.3598500000000002,0.530851,4.20978
mwir_std_flux,D:\HwaSimIR\HwaSim_IR\Bin\Config\Atmosphere\MODTRAN\raw\audit_mwir_standard_20260906\mwir_std_flux\spectral_flux.flx,,W/(cm^2 nm),W/(m^2 sr um),W/(m^2 um),value_si=value_native*1e7 (cm^-2/nm -> m^-2/um),4048.58,4.04858,5.0,2.37741e-07,5.35323e-08,4.25585e-07,2.3774100000000002,0.535323,4.25585
mwir_std_flux,D:\HwaSimIR\HwaSim_IR\Bin\Config\Atmosphere\MODTRAN\raw\audit_mwir_standard_20260906\mwir_std_flux\spectral_flux.flx,,W/(cm^2 nm),W/(m^2 sr um),W/(m^2 um),value_si=value_native*1e7 (cm^-2/nm -> m^-2/um),4046.94,4.04694,5.0,2.39623e-07,5.40508e-08,4.30825e-07,2.39623,0.540508,4.30825
mwir_std_flux,D:\HwaSimIR\HwaSim_IR\Bin\Config\Atmosphere\MODTRAN\raw\audit_mwir_standard_20260906\mwir_std_flux\spectral_flux.flx,,W/(cm^2 nm),W/(m^2 sr um),W/(m^2 um),value_si=value_native*1e7 (cm^-2/nm -> m^-2/um),4045.31,4.04531,5.0,2.40266e-07,5.43074e-08,4.33096e-07,2.40266,0.543074,4.33096
mwir_std_flux,D:\HwaSimIR\HwaSim_IR\Bin\Config\Atmosphere\MODTRAN\raw\audit_mwir_standard_20260906\mwir_std_flux\spectral_flux.flx,,W/(cm^2 nm),W/(m^2 sr um),W/(m^2 um),value_si=value_native*1e7 (cm^-2/nm -> m^-2/um),4043.67,4.04367,5.0,2.394e-07,5.4287e-08,4.32226e-07,2.3939999999999997,0.54287,4.32226
mwir_std_flux,D:\HwaSimIR\HwaSim_IR\Bin\Config\Atmosphere\MODTRAN\raw\audit_mwir_standard_20260906\mwir_std_flux\spectral_flux.flx,,W/(cm^2 nm),W/(m^2 sr um),W/(m^2 um),value_si=value_native*1e7 (cm^-2/nm -> m^-2/um),4042.04,4.04204,5.0,2.39131e-07,5.43162e-08,4.3223e-07,2.3913100000000003,0.543162,4.3223
mwir_std_flux,D:\HwaSimIR\HwaSim_IR\Bin\Config\Atmosphere\MODTRAN\raw\audit_mwir_standard_20260906\mwir_std_flux\spectral_flux.flx,,W/(cm^2 nm),W/(m^2 sr um),W/(m^2 um),value_si=value_native*1e7 (cm^-2/nm -> m^-2/um),4040.4,4.0404,5.0,2.42401e-07,5.4752e-08,4.37692e-07,2.4240099999999996,0.54752,4.37692
mwir_std_flux,D:\HwaSimIR\HwaSim_IR\Bin\Config\Atmosphere\MODTRAN\raw\audit_mwir_standard_20260906\mwir_std_flux\spectral_flux.flx,,W/(cm^2 nm),W/(m^2 sr um),W/(m^2 um),value_si=value_native*1e7 (cm^-2/nm -> m^-2/um),4038.77,4.03877,5.0,2.44795e-07,5.51324e-08,4.42287e-07,2.44795,0.551324,4.42287
mwir_std_flux,D:\HwaSimIR\HwaSim_IR\Bin\Config\Atmosphere\MODTRAN\raw\audit_mwir_standard_20260906\mwir_std_flux\spectral_flux.flx,,W/(cm^2 nm),W/(m^2 sr um),W/(m^2 um),value_si=value_native*1e7 (cm^-2/nm -> m^-2/um),4037.14,4.03714,5.0,2.43221e-07,5.50823e-08,4.41223e-07,2.43221,0.550823,4.41223
mwir_std_flux,D:\HwaSimIR\HwaSim_IR\Bin\Config\Atmosphere\MODTRAN\raw\audit_mwir_standard_20260906\mwir_std_flux\spectral_flux.flx,,W/(cm^2 nm),W/(m^2 sr um),W/(m^2 um),value_si=value_native*1e7 (cm^-2/nm -> m^-2/um),4035.51,4.03551,5.0,2.42944e-07,5.51019e-08,4.41354e-07,2.4294399999999996,0.551019,4.41354
mwir_std_flux,D:\HwaSimIR\HwaSim_IR\Bin\Config\Atmosphere\MODTRAN\raw\audit_mwir_standard_20260906\mwir_std_flux\spectral_flux.flx,,W/(cm^2 nm),W/(m^2 sr um),W/(m^2 um),value_si=value_native*1e7 (cm^-2/nm -> m^-2/um),4033.88,4.03388,5.0,2.46812e-07,5.54925e-08,4.46583e-07,2.46812,0.554925,4.4658299999999995
mwir_std_flux,D:\HwaSimIR\HwaSim_IR\Bin\Config\Atmosphere\MODTRAN\raw\audit_mwir_standard_20260906\mwir_std_flux\spectral_flux.flx,,W/(cm^2 nm),W/(m^2 sr um),W/(m^2 um),value_si=value_native*1e7 (cm^-2/nm -> m^-2/um),4032.26,4.03226,5.0,2.50395e-07,5.58496e-08,4.51343e-07,2.5039499999999997,0.558496,4.51343
mwir_std_flux,D:\HwaSimIR\HwaSim_IR\Bin\Config\Atmosphere\MODTRAN\raw\audit_mwir_standard_20260906\mwir_std_flux\spectral_flux.flx,,W/(cm^2 nm),W/(m^2 sr um),W/(m^2 um),value_si=value_native*1e7 (cm^-2/nm -> m^-2/um),4030.63,4.03063,5.0,2.51183e-07,5.59547e-08,4.52618e-07,2.51183,0.559547,4.52618
mwir_std_flux,D:\HwaSimIR\HwaSim_IR\Bin\Config\Atmosphere\MODTRAN\raw\audit_mwir_standard_20260906\mwir_std_flux\spectral_flux.flx,,W/(cm^2 nm),W/(m^2 sr um),W/(m^2 um),value_si=value_native*1e7 (cm^-2/nm -> m^-2/um),4029.01,4.02901,5.0,2.513e-07,5.60488e-08,4.53722e-07,2.513,0.560488,4.5372200000000005
mwir_std_flux,D:\HwaSimIR\HwaSim_IR\Bin\Config\Atmosphere\MODTRAN\raw\audit_mwir_standard_20260906\mwir_std_flux\spectral_flux.flx,,W/(cm^2 nm),W/(m^2 sr um),W/(m^2 um),value_si=value_native*1e7 (cm^-2/nm -> m^-2/um),4027.39,4.02739,5.0,2.53292e-07,5.63194e-08,4.57161e-07,2.5329200000000003,0.563194,4.571610000000001
mwir_std_flux,D:\HwaSimIR\HwaSim_IR\Bin\Config\Atmosphere\MODTRAN\raw\audit_mwir_standard_20260906\mwir_std_flux\spectral_flux.flx,,W/(cm^2 nm),W/(m^2 sr um),W/(m^2 um),value_si=value_native*1e7 (cm^-2/nm -> m^-2/um),4025.76,4.02576,5.0,2.55665e-07,5.65539e-08,4.60078e-07,2.55665,0.565539,4.60078
mwir_std_flux,D:\HwaSimIR\HwaSim_IR\Bin\Config\Atmosphere\MODTRAN\raw\audit_mwir_standard_20260906\mwir_std_flux\spectral_flux.flx,,W/(cm^2 nm),W/(m^2 sr um),W/(m^2 um),value_si=value_native*1e7 (cm^-2/nm -> m^-2/um),4024.14,4.02414,5.0,2.56701e-07,5.66783e-08,4.61674e-07,2.56701,0.566783,4.61674
mwir_std_flux,D:\HwaSimIR\HwaSim_IR\Bin\Config\Atmosphere\MODTRAN\raw\audit_mwir_standard_20260906\mwir_std_flux\spectral_flux.flx,,W/(cm^2 nm),W/(m^2 sr um),W/(m^2 um),value_si=value_native*1e7 (cm^-2/nm -> m^-2/um),4022.53,4.022530000000001,5.0,2.58187e-07,5.68466e-08,4.64159e-07,2.58187,0.568466,4.64159
mwir_std_flux,D:\HwaSimIR\HwaSim_IR\Bin\Config\Atmosphere\MODTRAN\raw\audit_mwir_standard_20260906\mwir_std_flux\spectral_flux.flx,,W/(cm^2 nm),W/(m^2 sr um),W/(m^2 um),value_si=value_native*1e7 (cm^-2/nm -> m^-2/um),4020.91,4.02091,5.0,2.60125e-07,5.6934e-08,4.65814e-07,2.6012500000000003,0.56934,4.65814
mwir_std_flux,D:\HwaSimIR\HwaSim_IR\Bin\Config\Atmosphere\MODTRAN\raw\audit_mwir_standard_20260906\mwir_std_flux\spectral_flux.flx,,W/(cm^2 nm),W/(m^2 sr um),W/(m^2 um),value_si=value_native*1e7 (cm^-2/nm -> m^-2/um),4019.29,4.01929,5.0,2.61207e-07,5.69133e-08,4.65921e-07,2.61207,0.569133,4.65921
mwir_std_flux,D:\HwaSimIR\HwaSim_IR\Bin\Config\Atmosphere\MODTRAN\raw\audit_mwir_standard_20260906\mwir_std_flux\spectral_flux.flx,,W/(cm^2 nm),W/(m^2 sr um),W/(m^2 um),value_si=value_native*1e7 (cm^-2/nm -> m^-2/um),4017.68,4.0176799999999995,5.0,2.61921e-07,5.69628e-08,4.66597e-07,2.61921,0.569628,4.66597
mwir_std_flux,D:\HwaSimIR\HwaSim_IR\Bin\Config\Atmosphere\MODTRAN\raw\audit_mwir_standard_20260906\mwir_std_flux\spectral_flux.flx,,W/(cm^2 nm),W/(m^2 sr um),W/(m^2 um),value_si=value_native*1e7 (cm^-2/nm -> m^-2/um),4016.06,4.0160599999999995,5.0,2.63349e-07,5.71411e-08,4.6869e-07,2.63349,0.571411,4.6869
mwir_std_flux,D:\HwaSimIR\HwaSim_IR\Bin\Config\Atmosphere\MODTRAN\raw\audit_mwir_standard_20260906\mwir_std_flux\spectral_flux.flx,,W/(cm^2 nm),W/(m^2 sr um),W/(m^2 um),value_si=value_native*1e7 (cm^-2/nm -> m^-2/um),4014.45,4.01445,5.0,2.64871e-07,5.73713e-08,4.71138e-07,2.64871,0.573713,4.71138
mwir_std_flux,D:\HwaSimIR\HwaSim_IR\Bin\Config\Atmosphere\MODTRAN\raw\audit_mwir_standard_20260906\mwir_std_flux\spectral_flux.flx,,W/(cm^2 nm),W/(m^2 sr um),W/(m^2 um),value_si=value_native*1e7 (cm^-2/nm -> m^-2/um),4012.84,4.01284,5.0,2.66007e-07,5.76217e-08,4.73561e-07,2.66007,0.576217,4.73561
mwir_std_flux,D:\HwaSimIR\HwaSim_IR\Bin\Config\Atmosphere\MODTRAN\raw\audit_mwir_standard_20260906\mwir_std_flux\spectral_flux.flx,,W/(cm^2 nm),W/(m^2 sr um),W/(m^2 um),value_si=value_native*1e7 (cm^-2/nm -> m^-2/um),4011.23,4.01123,5.0,2.65637e-07,5.77437e-08,4.74396e-07,2.65637,0.577437,4.74396
mwir_std_flux,D:\HwaSimIR\HwaSim_IR\Bin\Config\Atmosphere\MODTRAN\raw\audit_mwir_standard_20260906\mwir_std_flux\spectral_flux.flx,,W/(cm^2 nm),W/(m^2 sr um),W/(m^2 um),value_si=value_native*1e7 (cm^-2/nm -> m^-2/um),4009.62,4.00962,5.0,2.63767e-07,5.77088e-08,4.73393e-07,2.63767,0.577088,4.73393
mwir_std_flux,D:\HwaSimIR\HwaSim_IR\Bin\Config\Atmosphere\MODTRAN\raw\audit_mwir_standard_20260906\mwir_std_flux\spectral_flux.flx,,W/(cm^2 nm),W/(m^2 sr um),W/(m^2 um),value_si=value_native*1e7 (cm^-2/nm -> m^-2/um),4008.02,4.00802,5.0,2.65043e-07,5.79322e-08,4.75733e-07,2.65043,0.579322,4.7573300000000005
mwir_std_flux,D:\HwaSimIR\HwaSim_IR\Bin\Config\Atmosphere\MODTRAN\raw\audit_mwir_standard_20260906\mwir_std_flux\spectral_flux.flx,,W/(cm^2 nm),W/(m^2 sr um),W/(m^2 um),value_si=value_native*1e7 (cm^-2/nm -> m^-2/um),4006.41,4.00641,5.0,2.69267e-07,5.8421e-08,4.81597e-07,2.69267,0.58421,4.81597
mwir_std_flux,D:\HwaSimIR\HwaSim_IR\Bin\Config\Atmosphere\MODTRAN\raw\audit_mwir_standard_20260906\mwir_std_flux\spectral_flux.flx,,W/(cm^2 nm),W/(m^2 sr um),W/(m^2 um),value_si=value_native*1e7 (cm^-2/nm -> m^-2/um),4004.81,4.00481,5.0,2.71411e-07,5.87166e-08,4.853e-07,2.71411,0.587166,4.853000000000001
mwir_std_flux,D:\HwaSimIR\HwaSim_IR\Bin\Config\Atmosphere\MODTRAN\raw\audit_mwir_standard_20260906\mwir_std_flux\spectral_flux.flx,,W/(cm^2 nm),W/(m^2 sr um),W/(m^2 um),value_si=value_native*1e7 (cm^-2/nm -> m^-2/um),4003.2,4.0032,5.0,2.72402e-07,5.87789e-08,4.86264e-07,2.72402,0.587789,4.86264
mwir_std_flux,D:\HwaSimIR\HwaSim_IR\Bin\Config\Atmosphere\MODTRAN\raw\audit_mwir_standard_20260906\mwir_std_flux\spectral_flux.flx,,W/(cm^2 nm),W/(m^2 sr um),W/(m^2 um),value_si=value_native*1e7 (cm^-2/nm -> m^-2/um),4001.6,4.0016,5.0,2.74128e-07,5.88071e-08,4.8682e-07,2.7412799999999997,0.588071,4.8682
mwir_std_flux,D:\HwaSimIR\HwaSim_IR\Bin\Config\Atmosphere\MODTRAN\raw\audit_mwir_standard_20260906\mwir_std_flux\spectral_flux.flx,,W/(cm^2 nm),W/(m^2 sr um),W/(m^2 um),value_si=value_native*1e7 (cm^-2/nm -> m^-2/um),4000.0,4.0,5.0,2.75551e-07,5.88488e-08,4.87516e-07,2.7555099999999997,0.588488,4.87516
mwir_std_flux,D:\HwaSimIR\HwaSim_IR\Bin\Config\Atmosphere\MODTRAN\raw\audit_mwir_standard_20260906\mwir_std_flux\spectral_flux.flx,,W/(cm^2 nm),W/(m^2 sr um),W/(m^2 um),value_si=value_native*1e7 (cm^-2/nm -> m^-2/um),3998.4,3.9984,5.0,2.76631e-07,5.89054e-08,4.88366e-07,2.76631,0.589054,4.88366
mwir_std_flux,D:\HwaSimIR\HwaSim_IR\Bin\Config\Atmosphere\MODTRAN\raw\audit_mwir_standard_20260906\mwir_std_flux\spectral_flux.flx,,W/(cm^2 nm),W/(m^2 sr um),W/(m^2 um),value_si=value_native*1e7 (cm^-2/nm -> m^-2/um),3996.8,3.9968000000000004,5.0,2.77125e-07,5.8984e-08,4.89284e-07,2.77125,0.58984,4.89284
mwir_std_flux,D:\HwaSimIR\HwaSim_IR\Bin\Config\Atmosphere\MODTRAN\raw\audit_mwir_standard_20260906\mwir_std_flux\spectral_flux.flx,,W/(cm^2 nm),W/(m^2 sr um),W/(m^2 um),value_si=value_native*1e7 (cm^-2/nm -> m^-2/um),3995.21,3.99521,5.0,2.77567e-07,5.91002e-08,4.90394e-07,2.77567,0.591002,4.90394
mwir_std_flux,D:\HwaSimIR\HwaSim_IR\Bin\Config\Atmosphere\MODTRAN\raw\audit_mwir_standard_20260906\mwir_std_flux\spectral_flux.flx,,W/(cm^2 nm),W/(m^2 sr um),W/(m^2 um),value_si=value_native*1e7 (cm^-2/nm -> m^-2/um),3993.61,3.9936100000000003,5.0,2.78429e-07,5.92528e-08,4.91887e-07,2.78429,0.5925279999999999,4.918869999999999
mwir_std_flux,D:\HwaSimIR\HwaSim_IR\Bin\Config\Atmosphere\MODTRAN\raw\audit_mwir_standard_20260906\mwir_std_flux\spectral_flux.flx,,W/(cm^2 nm),W/(m^2 sr um),W/(m^2 um),value_si=value_native*1e7 (cm^-2/nm -> m^-2/um),3992.02,3.99202,5.0,2.79454e-07,5.9445e-08,4.9383e-07,2.79454,0.59445,4.9383
mwir_std_flux,D:\HwaSimIR\HwaSim_IR\Bin\Config\Atmosphere\MODTRAN\raw\audit_mwir_standard_20260906\mwir_std_flux\spectral_flux.flx,,W/(cm^2 nm),W/(m^2 sr um),W/(m^2 um),value_si=value_native*1e7 (cm^-2/nm -> m^-2/um),3990.42,3.99042,5.0,2.81273e-07,5.96342e-08,4.95739e-07,2.81273,0.596342,4.95739
mwir_std_flux,D:\HwaSimIR\HwaSim_IR\Bin\Config\Atmosphere\MODTRAN\raw\audit_mwir_standard_20260906\mwir_std_flux\spectral_flux.flx,,W/(cm^2 nm),W/(m^2 sr um),W/(m^2 um),value_si=value_native*1e7 (cm^-2/nm -> m^-2/um),3988.83,3.98883,5.0,2.83077e-07,5.97515e-08,4.96929e-07,2.83077,0.597515,4.96929
mwir_std_flux,D:\HwaSimIR\HwaSim_IR\Bin\Config\Atmosphere\MODTRAN\raw\audit_mwir_standard_20260906\mwir_std_flux\spectral_flux.flx,,W/(cm^2 nm),W/(m^2 sr um),W/(m^2 um),value_si=value_native*1e7 (cm^-2/nm -> m^-2/um),3987.24,3.98724,5.0,2.83702e-07,5.98627e-08,4.97985e-07,2.83702,0.5986269999999999,4.979850000000001
mwir_std_flux,D:\HwaSimIR\HwaSim_IR\Bin\Config\Atmosphere\MODTRAN\raw\audit_mwir_standard_20260906\mwir_std_flux\spectral_flux.flx,,W/(cm^2 nm),W/(m^2 sr um),W/(m^2 um),value_si=value_native*1e7 (cm^-2/nm -> m^-2/um),3985.65,3.98565,5.0,2.83787e-07,6.00048e-08,4.9926e-07,2.83787,0.600048,4.9925999999999995
mwir_std_flux,D:\HwaSimIR\HwaSim_IR\Bin\Config\Atmosphere\MODTRAN\raw\audit_mwir_standard_20260906\mwir_std_flux\spectral_flux.flx,,W/(cm^2 nm),W/(m^2 sr um),W/(m^2 um),value_si=value_native*1e7 (cm^-2/nm -> m^-2/um),3984.06,3.98406,5.0,2.83546e-07,6.01126e-08,5.00175e-07,2.8354600000000003,0.6011259999999999,5.00175
mwir_std_flux,D:\HwaSimIR\HwaSim_IR\Bin\Config\Atmosphere\MODTRAN\raw\audit_mwir_standard_20260906\mwir_std_flux\spectral_flux.flx,,W/(cm^2 nm),W/(m^2 sr um),W/(m^2 um),value_si=value_native*1e7 (cm^-2/nm -> m^-2/um),3982.48,3.98248,5.0,2.81735e-07,6.00795e-08,4.99385e-07,2.81735,0.6007950000000001,4.99385
mwir_std_flux,D:\HwaSimIR\HwaSim_IR\Bin\Config\Atmosphere\MODTRAN\raw\audit_mwir_standard_20260906\mwir_std_flux\spectral_flux.flx,,W/(cm^2 nm),W/(m^2 sr um),W/(m^2 um),value_si=value_native*1e7 (cm^-2/nm -> m^-2/um),3980.89,3.98089,5.0,2.80683e-07,6.00744e-08,4.98801e-07,2.80683,0.600744,4.98801
mwir_std_flux,D:\HwaSimIR\HwaSim_IR\Bin\Config\Atmosphere\MODTRAN\raw\audit_mwir_standard_20260906\mwir_std_flux\spectral_flux.flx,,W/(cm^2 nm),W/(m^2 sr um),W/(m^2 um),value_si=value_native*1e7 (cm^-2/nm -> m^-2/um),3979.31,3.97931,5.0,2.82749e-07,6.03732e-08,5.0185e-07,2.82749,0.603732,5.0185
mwir_std_flux,D:\HwaSimIR\HwaSim_IR\Bin\Config\Atmosphere\MODTRAN\raw\audit_mwir_standard_20260906\mwir_std_flux\spectral_flux.flx,,W/(cm^2 nm),W/(m^2 sr um),W/(m^2 um),value_si=value_native*1e7 (cm^-2/nm -> m^-2/um),3977.72,3.9777199999999997,5.0,2.82541e-07,6.05846e-08,5.0404e-07,2.82541,0.605846,5.0404
mwir_std_flux,D:\HwaSimIR\HwaSim_IR\Bin\Config\Atmosphere\MODTRAN\raw\audit_mwir_standard_20260906\mwir_std_flux\spectral_flux.flx,,W/(cm^2 nm),W/(m^2 sr um),W/(m^2 um),value_si=value_native*1e7 (cm^-2/nm -> m^-2/um),3976.14,3.97614,5.0,2.80513e-07,6.05673e-08,5.03648e-07,2.80513,0.605673,5.03648
mwir_std_flux,D:\HwaSimIR\HwaSim_IR\Bin\Config\Atmosphere\MODTRAN\raw\audit_mwir_standard_20260906\mwir_std_flux\spectral_flux.flx,,W/(cm^2 nm),W/(m^2 sr um),W/(m^2 um),value_si=value_native*1e7 (cm^-2/nm -> m^-2/um),3974.56,3.97456,5.0,2.83264e-07,6.07811e-08,5.05886e-07,2.83264,0.607811,5.05886
mwir_std_flux,D:\HwaSimIR\HwaSim_IR\Bin\Config\Atmosphere\MODTRAN\raw\audit_mwir_standard_20260906\mwir_std_flux\spectral_flux.flx,,W/(cm^2 nm),W/(m^2 sr um),W/(m^2 um),value_si=value_native*1e7 (cm^-2/nm -> m^-2/um),3972.98,3.97298,5.0,2.86148e-07,6.1131e-08,5.09631e-07,2.8614800000000002,0.61131,5.09631
mwir_std_flux,D:\HwaSimIR\HwaSim_IR\Bin\Config\Atmosphere\MODTRAN\raw\audit_mwir_standard_20260906\mwir_std_flux\spectral_flux.flx,,W/(cm^2 nm),W/(m^2 sr um),W/(m^2 um),value_si=value_native*1e7 (cm^-2/nm -> m^-2/um),3971.41,3.9714099999999997,5.0,2.85579e-07,6.13375e-08,5.11706e-07,2.8557900000000003,0.613375,5.1170599999999995
mwir_std_flux,D:\HwaSimIR\HwaSim_IR\Bin\Config\Atmosphere\MODTRAN\raw\audit_mwir_standard_20260906\mwir_std_flux\spectral_flux.flx,,W/(cm^2 nm),W/(m^2 sr um),W/(m^2 um),value_si=value_native*1e7 (cm^-2/nm -> m^-2/um),3969.83,3.96983,5.0,2.8609e-07,6.14697e-08,5.12876e-07,2.8609,0.614697,5.12876
mwir_std_flux,D:\HwaSimIR\HwaSim_IR\Bin\Config\Atmosphere\MODTRAN\raw\audit_mwir_standard_20260906\mwir_std_flux\spectral_flux.flx,,W/(cm^2 nm),W/(m^2 sr um),W/(m^2 um),value_si=value_native*1e7 (cm^-2/nm -> m^-2/um),3968.25,3.96825,5.0,2.88253e-07,6.15971e-08,5.1397e-07,2.8825299999999996,0.6159709999999999,5.1396999999999995
mwir_std_flux,D:\HwaSimIR\HwaSim_IR\Bin\Config\Atmosphere\MODTRAN\raw\audit_mwir_standard_20260906\mwir_std_flux\spectral_flux.flx,,W/(cm^2 nm),W/(m^2 sr um),W/(m^2 um),value_si=value_native*1e7 (cm^-2/nm -> m^-2/um),3966.68,3.9666799999999998,5.0,2.89691e-07,6.16995e-08,5.14845e-07,2.89691,0.6169950000000001,5.14845
mwir_std_flux,D:\HwaSimIR\HwaSim_IR\Bin\Config\Atmosphere\MODTRAN\raw\audit_mwir_standard_20260906\mwir_std_flux\spectral_flux.flx,,W/(cm^2 nm),W/(m^2 sr um),W/(m^2 um),value_si=value_native*1e7 (cm^-2/nm -> m^-2/um),3965.11,3.96511,5.0,2.89836e-07,6.17773e-08,5.15515e-07,2.89836,0.617773,5.15515
mwir_std_flux,D:\HwaSimIR\HwaSim_IR\Bin\Config\Atmosphere\MODTRAN\raw\audit_mwir_standard_20260906\mwir_std_flux\spectral_flux.flx,,W/(cm^2 nm),W/(m^2 sr um),W/(m^2 um),value_si=value_native*1e7 (cm^-2/nm -> m^-2/um),3963.54,3.96354,5.0,2.89827e-07,6.18849e-08,5.1661e-07,2.89827,0.618849,5.1661
mwir_std_flux,D:\HwaSimIR\HwaSim_IR\Bin\Config\Atmosphere\MODTRAN\raw\audit_mwir_standard_20260906\mwir_std_flux\spectral_flux.flx,,W/(cm^2 nm),W/(m^2 sr um),W/(m^2 um),value_si=value_native*1e7 (cm^-2/nm -> m^-2/um),3961.97,3.96197,5.0,2.89602e-07,6.19263e-08,5.17024e-07,2.89602,0.619263,5.17024
mwir_std_flux,D:\HwaSimIR\HwaSim_IR\Bin\Config\Atmosphere\MODTRAN\raw\audit_mwir_standard_20260906\mwir_std_flux\spectral_flux.flx,,W/(cm^2 nm),W/(m^2 sr um),W/(m^2 um),value_si=value_native*1e7 (cm^-2/nm -> m^-2/um),3960.4,3.9604,5.0,2.87905e-07,6.17173e-08,5.1457e-07,2.87905,0.617173,5.145700000000001
mwir_std_flux,D:\HwaSimIR\HwaSim_IR\Bin\Config\Atmosphere\MODTRAN\raw\audit_mwir_standard_20260906\mwir_std_flux\spectral_flux.flx,,W/(cm^2 nm),W/(m^2 sr um),W/(m^2 um),value_si=value_native*1e7 (cm^-2/nm -> m^-2/um),3958.83,3.95883,5.0,2.86379e-07,6.15353e-08,5.12336e-07,2.8637900000000003,0.615353,5.12336
mwir_std_flux,D:\HwaSimIR\HwaSim_IR\Bin\Config\Atmosphere\MODTRAN\raw\audit_mwir_standard_20260906\mwir_std_flux\spectral_flux.flx,,W/(cm^2 nm),W/(m^2 sr um),W/(m^2 um),value_si=value_native*1e7 (cm^-2/nm -> m^-2/um),3957.26,3.95726,5.0,2.8699e-07,6.1631e-08,5.13193e-07,2.8699,0.61631,5.1319300000000005
mwir_std_flux,D:\HwaSimIR\HwaSim_IR\Bin\Config\Atmosphere\MODTRAN\raw\audit_mwir_standard_20260906\mwir_std_flux\spectral_flux.flx,,W/(cm^2 nm),W/(m^2 sr um),W/(m^2 um),value_si=value_native*1e7 (cm^-2/nm -> m^-2/um),3955.7,3.9556999999999998,5.0,2.86181e-07,6.16439e-08,5.13175e-07,2.86181,0.616439,5.131749999999999
mwir_std_flux,D:\HwaSimIR\HwaSim_IR\Bin\Config\Atmosphere\MODTRAN\raw\audit_mwir_standard_20260906\mwir_std_flux\spectral_flux.flx,,W/(cm^2 nm),W/(m^2 sr um),W/(m^2 um),value_si=value_native*1e7 (cm^-2/nm -> m^-2/um),3954.13,3.95413,5.0,2.82251e-07,6.15137e-08,5.11554e-07,2.82251,0.615137,5.11554
mwir_std_flux,D:\HwaSimIR\HwaSim_IR\Bin\Config\Atmosphere\MODTRAN\raw\audit_mwir_standard_20260906\mwir_std_flux\spectral_flux.flx,,W/(cm^2 nm),W/(m^2 sr um),W/(m^2 um),value_si=value_native*1e7 (cm^-2/nm -> m^-2/um),3952.57,3.95257,5.0,2.78843e-07,6.15588e-08,5.11734e-07,2.78843,0.615588,5.1173399999999996
mwir_std_flux,D:\HwaSimIR\HwaSim_IR\Bin\Config\Atmosphere\MODTRAN\raw\audit_mwir_standard_20260906\mwir_std_flux\spectral_flux.flx,,W/(cm^2 nm),W/(m^2 sr um),W/(m^2 um),value_si=value_native*1e7 (cm^-2/nm -> m^-2/um),3951.01,3.95101,5.0,2.78288e-07,6.17332e-08,5.13205e-07,2.78288,0.617332,5.1320500000000004
mwir_std_flux,D:\HwaSimIR\HwaSim_IR\Bin\Config\Atmosphere\MODTRAN\raw\audit_mwir_standard_20260906\mwir_std_flux\spectral_flux.flx,,W/(cm^2 nm),W/(m^2 sr um),W/(m^2 um),value_si=value_native*1e7 (cm^-2/nm -> m^-2/um),3949.45,3.9494499999999997,5.0,2.76202e-07,6.18326e-08,5.13822e-07,2.76202,0.618326,5.1382200000000005
mwir_std_flux,D:\HwaSimIR\HwaSim_IR\Bin\Config\Atmosphere\MODTRAN\raw\audit_mwir_standard_20260906\mwir_std_flux\spectral_flux.flx,,W/(cm^2 nm),W/(m^2 sr um),W/(m^2 um),value_si=value_native*1e7 (cm^-2/nm -> m^-2/um),3947.89,3.9478899999999997,5.0,2.70628e-07,6.18549e-08,5.13597e-07,2.70628,0.618549,5.1359699999999995
mwir_std_flux,D:\HwaSimIR\HwaSim_IR\Bin\Config\Atmosphere\MODTRAN\raw\audit_mwir_standard_20260906\mwir_std_flux\spectral_flux.flx,,W/(cm^2 nm),W/(m^2 sr um),W/(m^2 um),value_si=value_native*1e7 (cm^-2/nm -> m^-2/um),3946.33,3.94633,5.0,2.69535e-07,6.18874e-08,5.13376e-07,2.69535,0.618874,5.13376
mwir_std_flux,D:\HwaSimIR\HwaSim_IR\Bin\Config\Atmosphere\MODTRAN\raw\audit_mwir_standard_20260906\mwir_std_flux\spectral_flux.flx,,W/(cm^2 nm),W/(m^2 sr um),W/(m^2 um),value_si=value_native*1e7 (cm^-2/nm -> m^-2/um),3944.77,3.94477,5.0,2.72388e-07,6.18551e-08,5.12304e-07,2.7238800000000003,0.618551,5.12304
mwir_std_flux,D:\HwaSimIR\HwaSim_IR\Bin\Config\Atmosphere\MODTRAN\raw\audit_mwir_standard_20260906\mwir_std_flux\spectral_flux.flx,,W/(cm^2 nm),W/(m^2 sr um),W/(m^2 um),value_si=value_native*1e7 (cm^-2/nm -> m^-2/um),3943.22,3.9432199999999997,5.0,2.72582e-07,6.17011e-08,5.09883e-07,2.72582,0.617011,5.09883
mwir_std_flux,D:\HwaSimIR\HwaSim_IR\Bin\Config\Atmosphere\MODTRAN\raw\audit_mwir_standard_20260906\mwir_std_flux\spectral_flux.flx,,W/(cm^2 nm),W/(m^2 sr um),W/(m^2 um),value_si=value_native*1e7 (cm^-2/nm -> m^-2/um),3941.66,3.9416599999999997,5.0,2.71482e-07,6.1656e-08,5.08744e-07,2.71482,0.6165600000000001,5.087440000000001
mwir_std_flux,D:\HwaSimIR\HwaSim_IR\Bin\Config\Atmosphere\MODTRAN\raw\audit_mwir_standard_20260906\mwir_std_flux\spectral_flux.flx,,W/(cm^2 nm),W/(m^2 sr um),W/(m^2 um),value_si=value_native*1e7 (cm^-2/nm -> m^-2/um),3940.11,3.9401100000000002,5.0,2.69931e-07,6.17504e-08,5.09323e-07,2.69931,0.617504,5.09323
mwir_std_flux,D:\HwaSimIR\HwaSim_IR\Bin\Config\Atmosphere\MODTRAN\raw\audit_mwir_standard_20260906\mwir_std_flux\spectral_flux.flx,,W/(cm^2 nm),W/(m^2 sr um),W/(m^2 um),value_si=value_native*1e7 (cm^-2/nm -> m^-2/um),3938.56,3.93856,5.0,2.68071e-07,6.17266e-08,5.08845e-07,2.6807100000000004,0.617266,5.08845
mwir_std_flux,D:\HwaSimIR\HwaSim_IR\Bin\Config\Atmosphere\MODTRAN\raw\audit_mwir_standard_20260906\mwir_std_flux\spectral_flux.flx,,W/(cm^2 nm),W/(m^2 sr um),W/(m^2 um),value_si=value_native*1e7 (cm^-2/nm -> m^-2/um),3937.01,3.9370100000000003,5.0,2.67548e-07,6.15797e-08,5.0716e-07,2.67548,0.6157969999999999,5.0716
mwir_std_flux,D:\HwaSimIR\HwaSim_IR\Bin\Config\Atmosphere\MODTRAN\raw\audit_mwir_standard_20260906\mwir_std_flux\spectral_flux.flx,,W/(cm^2 nm),W/(m^2 sr um),W/(m^2 um),value_si=value_native*1e7 (cm^-2/nm -> m^-2/um),3935.46,3.93546,5.0,2.66858e-07,6.143e-08,5.0538e-07,2.66858,0.6143000000000001,5.053800000000001
mwir_std_flux,D:\HwaSimIR\HwaSim_IR\Bin\Config\Atmosphere\MODTRAN\raw\audit_mwir_standard_20260906\mwir_std_flux\spectral_flux.flx,,W/(cm^2 nm),W/(m^2 sr um),W/(m^2 um),value_si=value_native*1e7 (cm^-2/nm -> m^-2/um),3933.91,3.93391,5.0,2.65037e-07,6.12917e-08,5.03527e-07,2.65037,0.612917,5.035270000000001
mwir_std_flux,D:\HwaSimIR\HwaSim_IR\Bin\Config\Atmosphere\MODTRAN\raw\audit_mwir_standard_20260906\mwir_std_flux\spectral_flux.flx,,W/(cm^2 nm),W/(m^2 sr um),W/(m^2 um),value_si=value_native*1e7 (cm^-2/nm -> m^-2/um),3932.36,3.93236,5.0,2.61941e-07,6.11515e-08,5.01569e-07,2.6194100000000002,0.611515,5.01569
mwir_std_flux,D:\HwaSimIR\HwaSim_IR\Bin\Config\Atmosphere\MODTRAN\raw\audit_mwir_standard_20260906\mwir_std_flux\spectral_flux.flx,,W/(cm^2 nm),W/(m^2 sr um),W/(m^2 um),value_si=value_native*1e7 (cm^-2/nm -> m^-2/um),3930.82,3.93082,5.0,2.56352e-07,6.09815e-08,4.99212e-07,2.56352,0.609815,4.992120000000001
mwir_std_flux,D:\HwaSimIR\HwaSim_IR\Bin\Config\Atmosphere\MODTRAN\raw\audit_mwir_standard_20260906\mwir_std_flux\spectral_flux.flx,,W/(cm^2 nm),W/(m^2 sr um),W/(m^2 um),value_si=value_native*1e7 (cm^-2/nm -> m^-2/um),3929.27,3.92927,5.0,2.51301e-07,6.0827e-08,4.96819e-07,2.51301,0.6082700000000001,4.968190000000001
mwir_std_flux,D:\HwaSimIR\HwaSim_IR\Bin\Config\Atmosphere\MODTRAN\raw\audit_mwir_standard_20260906\mwir_std_flux\spectral_flux.flx,,W/(cm^2 nm),W/(m^2 sr um),W/(m^2 um),value_si=value_native*1e7 (cm^-2/nm -> m^-2/um),3927.73,3.92773,5.0,2.48014e-07,6.07969e-08,4.95709e-07,2.48014,0.6079690000000001,4.95709
mwir_std_flux,D:\HwaSimIR\HwaSim_IR\Bin\Config\Atmosphere\MODTRAN\raw\audit_mwir_standard_20260906\mwir_std_flux\spectral_flux.flx,,W/(cm^2 nm),W/(m^2 sr um),W/(m^2 um),value_si=value_native*1e7 (cm^-2/nm -> m^-2/um),3926.19,3.92619,5.0,2.43474e-07,6.08452e-08,4.95557e-07,2.43474,0.608452,4.955570000000001
mwir_std_flux,D:\HwaSimIR\HwaSim_IR\Bin\Config\Atmosphere\MODTRAN\raw\audit_mwir_standard_20260906\mwir_std_flux\spectral_flux.flx,,W/(cm^2 nm),W/(m^2 sr um),W/(m^2 um),value_si=value_native*1e7 (cm^-2/nm -> m^-2/um),3924.65,3.92465,5.0,2.39988e-07,6.09129e-08,4.95787e-07,2.39988,0.609129,4.957870000000001
mwir_std_flux,D:\HwaSimIR\HwaSim_IR\Bin\Config\Atmosphere\MODTRAN\raw\audit_mwir_standard_20260906\mwir_std_flux\spectral_flux.flx,,W/(cm^2 nm),W/(m^2 sr um),W/(m^2 um),value_si=value_native*1e7 (cm^-2/nm -> m^-2/um),3923.11,3.9231100000000003,5.0,2.39794e-07,6.09742e-08,4.9636e-07,2.39794,0.609742,4.9636
mwir_std_flux,D:\HwaSimIR\HwaSim_IR\Bin\Config\Atmosphere\MODTRAN\raw\audit_mwir_standard_20260906\mwir_std_flux\spectral_flux.flx,,W/(cm^2 nm),W/(m^2 sr um),W/(m^2 um),value_si=value_native*1e7 (cm^-2/nm -> m^-2/um),3921.57,3.92157,5.0,2.42948e-07,6.09729e-08,4.96727e-07,2.42948,0.609729,4.96727
mwir_std_flux,D:\HwaSimIR\HwaSim_IR\Bin\Config\Atmosphere\MODTRAN\raw\audit_mwir_standard_20260906\mwir_std_flux\spectral_flux.flx,,W/(cm^2 nm),W/(m^2 sr um),W/(m^2 um),value_si=value_native*1e7 (cm^-2/nm -> m^-2/um),3920.03,3.92003,5.0,2.47546e-07,6.09472e-08,4.96975e-07,2.47546,0.6094719999999999,4.96975
mwir_std_flux,D:\HwaSimIR\HwaSim_IR\Bin\Config\Atmosphere\MODTRAN\raw\audit_mwir_standard_20260906\mwir_std_flux\spectral_flux.flx,,W/(cm^2 nm),W/(m^2 sr um),W/(m^2 um),value_si=value_native*1e7 (cm^-2/nm -> m^-2/um),3918.5,3.9185,5.0,2.4763e-07,6.09038e-08,4.9694e-07,2.4763,0.6090380000000001,4.9694
mwir_std_flux,D:\HwaSimIR\HwaSim_IR\Bin\Config\Atmosphere\MODTRAN\raw\audit_mwir_standard_20260906\mwir_std_flux\spectral_flux.flx,,W/(cm^2 nm),W/(m^2 sr um),W/(m^2 um),value_si=value_native*1e7 (cm^-2/nm -> m^-2/um),3916.96,3.91696,5.0,2.46353e-07,6.08781e-08,4.97012e-07,2.46353,0.608781,4.97012
mwir_std_flux,D:\HwaSimIR\HwaSim_IR\Bin\Config\Atmosphere\MODTRAN\raw\audit_mwir_standard_20260906\mwir_std_flux\spectral_flux.flx,,W/(cm^2 nm),W/(m^2 sr um),W/(m^2 um),value_si=value_native*1e7 (cm^-2/nm -> m^-2/um),3915.43,3.9154299999999997,5.0,2.50067e-07,6.09031e-08,4.97478e-07,2.50067,0.6090310000000001,4.97478
mwir_std_flux,D:\HwaSimIR\HwaSim_IR\Bin\Config\Atmosphere\MODTRAN\raw\audit_mwir_standard_20260906\mwir_std_flux\spectral_flux.flx,,W/(cm^2 nm),W/(m^2 sr um),W/(m^2 um),value_si=value_native*1e7 (cm^-2/nm -> m^-2/um),3913.89,3.91389,5.0,2.47933e-07,6.05858e-08,4.93439e-07,2.47933,0.605858,4.9343900000000005
mwir_std_flux,D:\HwaSimIR\HwaSim_IR\Bin\Config\Atmosphere\MODTRAN\raw\audit_mwir_standard_20260906\mwir_std_flux\spectral_flux.flx,,W/(cm^2 nm),W/(m^2 sr um),W/(m^2 um),value_si=value_native*1e7 (cm^-2/nm -> m^-2/um),3912.36,3.91236,5.0,2.41413e-07,6.01443e-08,4.88022e-07,2.41413,0.6014430000000001,4.8802200000000004
mwir_std_flux,D:\HwaSimIR\HwaSim_IR\Bin\Config\Atmosphere\MODTRAN\raw\audit_mwir_standard_20260906\mwir_std_flux\spectral_flux.flx,,W/(cm^2 nm),W/(m^2 sr um),W/(m^2 um),value_si=value_native*1e7 (cm^-2/nm -> m^-2/um),3910.83,3.91083,5.0,2.49147e-07,6.07554e-08,4.95107e-07,2.49147,0.607554,4.9510700000000005
mwir_std_flux,D:\HwaSimIR\HwaSim_IR\Bin\Config\Atmosphere\MODTRAN\raw\audit_mwir_standard_20260906\mwir_std_flux\spectral_flux.flx,,W/(cm^2 nm),W/(m^2 sr um),W/(m^2 um),value_si=value_native*1e7 (cm^-2/nm -> m^-2/um),3909.3,3.9093,5.0,2.65208e-07,6.21917e-08,5.10919e-07,2.6520799999999998,0.621917,5.109190000000001
mwir_std_flux,D:\HwaSimIR\HwaSim_IR\Bin\Config\Atmosphere\MODTRAN\raw\audit_mwir_standard_20260906\mwir_std_flux\spectral_flux.flx,,W/(cm^2 nm),W/(m^2 sr um),W/(m^2 um),value_si=value_native*1e7 (cm^-2/nm -> m^-2/um),3907.78,3.9077800000000003,5.0,2.74836e-07,6.31615e-08,5.21212e-07,2.74836,0.631615,5.21212
mwir_std_flux,D:\HwaSimIR\HwaSim_IR\Bin\Config\Atmosphere\MODTRAN\raw\audit_mwir_standard_20260906\mwir_std_flux\spectral_flux.flx,,W/(cm^2 nm),W/(m^2 sr um),W/(m^2 um),value_si=value_native*1e7 (cm^-2/nm -> m^-2/um),3906.25,3.90625,5.0,2.78838e-07,6.36325e-08,5.26323e-07,2.78838,0.636325,5.26323
mwir_std_flux,D:\HwaSimIR\HwaSim_IR\Bin\Config\Atmosphere\MODTRAN\raw\audit_mwir_standard_20260906\mwir_std_flux\spectral_flux.flx,,W/(cm^2 nm),W/(m^2 sr um),W/(m^2 um),value_si=value_native*1e7 (cm^-2/nm -> m^-2/um),3904.72,3.9047199999999997,5.0,2.7832e-07,6.41491e-08,5.31889e-07,2.7832000000000003,0.641491,5.31889
mwir_std_flux,D:\HwaSimIR\HwaSim_IR\Bin\Config\Atmosphere\MODTRAN\raw\audit_mwir_standard_20260906\mwir_std_flux\spectral_flux.flx,,W/(cm^2 nm),W/(m^2 sr um),W/(m^2 um),value_si=value_native*1e7 (cm^-2/nm -> m^-2/um),3903.2,3.9032,5.0,2.7595e-07,6.478e-08,5.38484e-07,2.7594999999999996,0.6478,5.38484
mwir_std_flux,D:\HwaSimIR\HwaSim_IR\Bin\Config\Atmosphere\MODTRAN\raw\audit_mwir_standard_20260906\mwir_std_flux\spectral_flux.flx,,W/(cm^2 nm),W/(m^2 sr um),W/(m^2 um),value_si=value_native*1e7 (cm^-2/nm -> m^-2/um),3901.68,3.90168,5.0,2.65707e-07,6.52762e-08,5.43482e-07,2.65707,0.6527620000000001,5.43482
mwir_std_flux,D:\HwaSimIR\HwaSim_IR\Bin\Config\Atmosphere\MODTRAN\raw\audit_mwir_standard_20260906\mwir_std_flux\spectral_flux.flx,,W/(cm^2 nm),W/(m^2 sr um),W/(m^2 um),value_si=value_native*1e7 (cm^-2/nm -> m^-2/um),3900.16,3.90016,5.0,2.46419e-07,6.52929e-08,5.43547e-07,2.46419,0.652929,5.43547
mwir_std_flux,D:\HwaSimIR\HwaSim_IR\Bin\Config\Atmosphere\MODTRAN\raw\audit_mwir_standard_20260906\mwir_std_flux\spectral_flux.flx,,W/(cm^2 nm),W/(m^2 sr um),W/(m^2 um),value_si=value_native*1e7 (cm^-2/nm -> m^-2/um),3898.64,3.89864,5.0,2.47568e-07,6.4897e-08,5.39283e-07,2.4756799999999997,0.64897,5.39283
mwir_std_flux,D:\HwaSimIR\HwaSim_IR\Bin\Config\Atmosphere\MODTRAN\raw\audit_mwir_standard_20260906\mwir_std_flux\spectral_flux.flx,,W/(cm^2 nm),W/(m^2 sr um),W/(m^2 um),value_si=value_native*1e7 (cm^-2/nm -> m^-2/um),3897.12,3.8971199999999997,5.0,2.6207e-07,6.39605e-08,5.28904e-07,2.6207000000000003,0.639605,5.28904
mwir_std_flux,D:\HwaSimIR\HwaSim_IR\Bin\Config\Atmosphere\MODTRAN\raw\audit_mwir_standard_20260906\mwir_std_flux\spectral_flux.flx,,W/(cm^2 nm),W/(m^2 sr um),W/(m^2 um),value_si=value_native*1e7 (cm^-2/nm -> m^-2/um),3895.6,3.8956,5.0,2.63102e-07,6.28482e-08,5.16593e-07,2.6310200000000004,0.6284820000000001,5.1659299999999995
mwir_std_flux,D:\HwaSimIR\HwaSim_IR\Bin\Config\Atmosphere\MODTRAN\raw\audit_mwir_standard_20260906\mwir_std_flux\spectral_flux.flx,,W/(cm^2 nm),W/(m^2 sr um),W/(m^2 um),value_si=value_native*1e7 (cm^-2/nm -> m^-2/um),3894.08,3.8940799999999998,5.0,2.60164e-07,6.25339e-08,5.13063e-07,2.60164,0.6253390000000001,5.13063
mwir_std_flux,D:\HwaSimIR\HwaSim_IR\Bin\Config\Atmosphere\MODTRAN\raw\audit_mwir_standard_20260906\mwir_std_flux\spectral_flux.flx,,W/(cm^2 nm),W/(m^2 sr um),W/(m^2 um),value_si=value_native*1e7 (cm^-2/nm -> m^-2/um),3892.57,3.89257,5.0,2.53905e-07,6.24138e-08,5.11585e-07,2.53905,0.624138,5.11585
mwir_std_flux,D:\HwaSimIR\HwaSim_IR\Bin\Config\Atmosphere\MODTRAN\raw\audit_mwir_standard_20260906\mwir_std_flux\spectral_flux.flx,,W/(cm^2 nm),W/(m^2 sr um),W/(m^2 um),value_si=value_native*1e7 (cm^-2/nm -> m^-2/um),3891.05,3.8910500000000003,5.0,2.36791e-07,6.14528e-08,5.00564e-07,2.3679099999999997,0.6145280000000001,5.00564
mwir_std_flux,D:\HwaSimIR\HwaSim_IR\Bin\Config\Atmosphere\MODTRAN\raw\audit_mwir_standard_20260906\mwir_std_flux\spectral_flux.flx,,W/(cm^2 nm),W/(m^2 sr um),W/(m^2 um),value_si=value_native*1e7 (cm^-2/nm -> m^-2/um),3889.54,3.8895399999999998,5.0,2.27536e-07,6.0775e-08,4.9219e-07,2.27536,0.60775,4.9219
mwir_std_flux,D:\HwaSimIR\HwaSim_IR\Bin\Config\Atmosphere\MODTRAN\raw\audit_mwir_standard_20260906\mwir_std_flux\spectral_flux.flx,,W/(cm^2 nm),W/(m^2 sr um),W/(m^2 um),value_si=value_native*1e7 (cm^-2/nm -> m^-2/um),3888.02,3.88802,5.0,2.36534e-07,6.13445e-08,4.97538e-07,2.3653399999999998,0.613445,4.97538
mwir_std_flux,D:\HwaSimIR\HwaSim_IR\Bin\Config\Atmosphere\MODTRAN\raw\audit_mwir_standard_20260906\mwir_std_flux\spectral_flux.flx,,W/(cm^2 nm),W/(m^2 sr um),W/(m^2 um),value_si=value_native*1e7 (cm^-2/nm -> m^-2/um),3886.51,3.8865100000000004,5.0,2.35907e-07,6.12152e-08,4.95132e-07,2.35907,0.6121519999999999,4.95132
mwir_std_flux,D:\HwaSimIR\HwaSim_IR\Bin\Config\Atmosphere\MODTRAN\raw\audit_mwir_standard_20260906\mwir_std_flux\spectral_flux.flx,,W/(cm^2 nm),W/(m^2 sr um),W/(m^2 um),value_si=value_native*1e7 (cm^-2/nm -> m^-2/um),3885.0,3.885,5.0,2.27805e-07,6.05992e-08,4.87604e-07,2.27805,0.605992,4.87604
mwir_std_flux,D:\HwaSimIR\HwaSim_IR\Bin\Config\Atmosphere\MODTRAN\raw\audit_mwir_standard_20260906\mwir_std_flux\spectral_flux.flx,,W/(cm^2 nm),W/(m^2 sr um),W/(m^2 um),value_si=value_native*1e7 (cm^-2/nm -> m^-2/um),3883.5,3.8835,5.0,2.33839e-07,6.12604e-08,4.95067e-07,2.33839,0.612604,4.95067
mwir_std_flux,D:\HwaSimIR\HwaSim_IR\Bin\Config\Atmosphere\MODTRAN\raw\audit_mwir_standard_20260906\mwir_std_flux\spectral_flux.flx,,W/(cm^2 nm),W/(m^2 sr um),W/(m^2 um),value_si=value_native*1e7 (cm^-2/nm -> m^-2/um),3881.99,3.8819899999999996,5.0,2.30635e-07,6.15373e-08,4.97358e-07,2.30635,0.615373,4.97358
mwir_std_flux,D:\HwaSimIR\HwaSim_IR\Bin\Config\Atmosphere\MODTRAN\raw\audit_mwir_standard_20260906\mwir_std_flux\spectral_flux.flx,,W/(cm^2 nm),W/(m^2 sr um),W/(m^2 um),value_si=value_native*1e7 (cm^-2/nm -> m^-2/um),3880.48,3.88048,5.0,2.19408e-07,6.13848e-08,4.93668e-07,2.19408,0.6138480000000001,4.93668
mwir_std_flux,D:\HwaSimIR\HwaSim_IR\Bin\Config\Atmosphere\MODTRAN\raw\audit_mwir_standard_20260906\mwir_std_flux\spectral_flux.flx,,W/(cm^2 nm),W/(m^2 sr um),W/(m^2 um),value_si=value_native*1e7 (cm^-2/nm -> m^-2/um),3878.98,3.87898,5.0,2.15115e-07,6.17008e-08,4.95972e-07,2.15115,0.6170079999999999,4.95972
mwir_std_flux,D:\HwaSimIR\HwaSim_IR\Bin\Config\Atmosphere\MODTRAN\raw\audit_mwir_standard_20260906\mwir_std_flux\spectral_flux.flx,,W/(cm^2 nm),W/(m^2 sr um),W/(m^2 um),value_si=value_native*1e7 (cm^-2/nm -> m^-2/um),3877.47,3.8774699999999998,5.0,2.14512e-07,6.1973e-08,4.98919e-07,2.14512,0.61973,4.98919
mwir_std_flux,D:\HwaSimIR\HwaSim_IR\Bin\Config\Atmosphere\MODTRAN\raw\audit_mwir_standard_20260906\mwir_std_flux\spectral_flux.flx,,W/(cm^2 nm),W/(m^2 sr um),W/(m^2 um),value_si=value_native*1e7 (cm^-2/nm -> m^-2/um),3875.97,3.8759699999999997,5.0,2.19732e-07,6.24175e-08,5.04527e-07,2.19732,0.6241749999999999,5.04527
mwir_std_flux,D:\HwaSimIR\HwaSim_IR\Bin\Config\Atmosphere\MODTRAN\raw\audit_mwir_standard_20260906\mwir_std_flux\spectral_flux.flx,,W/(cm^2 nm),W/(m^2 sr um),W/(m^2 um),value_si=value_native*1e7 (cm^-2/nm -> m^-2/um),3874.47,3.8744699999999996,5.0,2.16727e-07,6.278e-08,5.08965e-07,2.1672700000000003,0.6278,5.08965
mwir_std_flux,D:\HwaSimIR\HwaSim_IR\Bin\Config\Atmosphere\MODTRAN\raw\audit_mwir_standard_20260906\mwir_std_flux\spectral_flux.flx,,W/(cm^2 nm),W/(m^2 sr um),W/(m^2 um),value_si=value_native*1e7 (cm^-2/nm -> m^-2/um),3872.97,3.8729699999999996,5.0,2.1747e-07,6.31674e-08,5.13317e-07,2.1747,0.631674,5.13317
mwir_std_flux,D:\HwaSimIR\HwaSim_IR\Bin\Config\Atmosphere\MODTRAN\raw\audit_mwir_standard_20260906\mwir_std_flux\spectral_flux.flx,,W/(cm^2 nm),W/(m^2 sr um),W/(m^2 um),value_si=value_native*1e7 (cm^-2/nm -> m^-2/um),3871.47,3.87147,5.0,2.36038e-07,6.38151e-08,5.2074e-07,2.36038,0.638151,5.2074
mwir_std_flux,D:\HwaSimIR\HwaSim_IR\Bin\Config\Atmosphere\MODTRAN\raw\audit_mwir_standard_20260906\mwir_std_flux\spectral_flux.flx,,W/(cm^2 nm),W/(m^2 sr um),W/(m^2 um),value_si=value_native*1e7 (cm^-2/nm -> m^-2/um),3869.97,3.86997,5.0,2.4659e-07,6.43572e-08,5.26815e-07,2.4659,0.6435719999999999,5.2681499999999994
mwir_std_flux,D:\HwaSimIR\HwaSim_IR\Bin\Config\Atmosphere\MODTRAN\raw\audit_mwir_standard_20260906\mwir_std_flux\spectral_flux.flx,,W/(cm^2 nm),W/(m^2 sr um),W/(m^2 um),value_si=value_native*1e7 (cm^-2/nm -> m^-2/um),3868.47,3.86847,5.0,2.48111e-07,6.49092e-08,5.32537e-07,2.4811099999999997,0.649092,5.32537
mwir_std_flux,D:\HwaSimIR\HwaSim_IR\Bin\Config\Atmosphere\MODTRAN\raw\audit_mwir_standard_20260906\mwir_std_flux\spectral_flux.flx,,W/(cm^2 nm),W/(m^2 sr um),W/(m^2 um),value_si=value_native*1e7 (cm^-2/nm -> m^-2/um),3866.98,3.86698,5.0,2.59204e-07,6.5663e-08,5.40306e-07,2.59204,0.6566299999999999,5.40306
mwir_std_flux,D:\HwaSimIR\HwaSim_IR\Bin\Config\Atmosphere\MODTRAN\raw\audit_mwir_standard_20260906\mwir_std_flux\spectral_flux.flx,,W/(cm^2 nm),W/(m^2 sr um),W/(m^2 um),value_si=value_native*1e7 (cm^-2/nm -> m^-2/um),3865.48,3.86548,5.0,2.67642e-07,6.61305e-08,5.45235e-07,2.67642,0.661305,5.45235
mwir_std_flux,D:\HwaSimIR\HwaSim_IR\Bin\Config\Atmosphere\MODTRAN\raw\audit_mwir_standard_20260906\mwir_std_flux\spectral_flux.flx,,W/(cm^2 nm),W/(m^2 sr um),W/(m^2 um),value_si=value_native*1e7 (cm^-2/nm -> m^-2/um),3863.99,3.86399,5.0,2.61199e-07,6.66096e-08,5.50317e-07,2.61199,0.666096,5.50317
mwir_std_flux,D:\HwaSimIR\HwaSim_IR\Bin\Config\Atmosphere\MODTRAN\raw\audit_mwir_standard_20260906\mwir_std_flux\spectral_flux.flx,,W/(cm^2 nm),W/(m^2 sr um),W/(m^2 um),value_si=value_native*1e7 (cm^-2/nm -> m^-2/um),3862.5,3.8625,5.0,2.48463e-07,6.72396e-08,5.56784e-07,2.48463,0.672396,5.56784
mwir_std_flux,D:\HwaSimIR\HwaSim_IR\Bin\Config\Atmosphere\MODTRAN\raw\audit_mwir_standard_20260906\mwir_std_flux\spectral_flux.flx,,W/(cm^2 nm),W/(m^2 sr um),W/(m^2 um),value_si=value_native*1e7 (cm^-2/nm -> m^-2/um),3861.0,3.861,5.0,2.33335e-07,6.75362e-08,5.59083e-07,2.33335,0.675362,5.59083
mwir_std_flux,D:\HwaSimIR\HwaSim_IR\Bin\Config\Atmosphere\MODTRAN\raw\audit_mwir_standard_20260906\mwir_std_flux\spectral_flux.flx,,W/(cm^2 nm),W/(m^2 sr um),W/(m^2 um),value_si=value_native*1e7 (cm^-2/nm -> m^-2/um),3859.51,3.85951,5.0,2.30377e-07,6.80076e-08,5.62937e-07,2.30377,0.680076,5.62937
mwir_std_flux,D:\HwaSimIR\HwaSim_IR\Bin\Config\Atmosphere\MODTRAN\raw\audit_mwir_standard_20260906\mwir_std_flux\spectral_flux.flx,,W/(cm^2 nm),W/(m^2 sr um),W/(m^2 um),value_si=value_native*1e7 (cm^-2/nm -> m^-2/um),3858.02,3.85802,5.0,2.42406e-07,6.86883e-08,5.69232e-07,2.42406,0.686883,5.6923200000000005
mwir_std_flux,D:\HwaSimIR\HwaSim_IR\Bin\Config\Atmosphere\MODTRAN\raw\audit_mwir_standard_20260906\mwir_std_flux\spectral_flux.flx,,W/(cm^2 nm),W/(m^2 sr um),W/(m^2 um),value_si=value_native*1e7 (cm^-2/nm -> m^-2/um),3856.54,3.85654,5.0,2.44856e-07,6.92074e-08,5.73514e-07,2.4485599999999996,0.692074,5.7351399999999995
mwir_std_flux,D:\HwaSimIR\HwaSim_IR\Bin\Config\Atmosphere\MODTRAN\raw\audit_mwir_standard_20260906\mwir_std_flux\spectral_flux.flx,,W/(cm^2 nm),W/(m^2 sr um),W/(m^2 um),value_si=value_native*1e7 (cm^-2/nm -> m^-2/um),3855.05,3.8550500000000003,5.0,2.57284e-07,6.97591e-08,5.78326e-07,2.57284,0.697591,5.78326
mwir_std_flux,D:\HwaSimIR\HwaSim_IR\Bin\Config\Atmosphere\MODTRAN\raw\audit_mwir_standard_20260906\mwir_std_flux\spectral_flux.flx,,W/(cm^2 nm),W/(m^2 sr um),W/(m^2 um),value_si=value_native*1e7 (cm^-2/nm -> m^-2/um),3853.56,3.85356,5.0,2.85308e-07,7.0223e-08,5.83313e-07,2.85308,0.70223,5.833130000000001
mwir_std_flux,D:\HwaSimIR\HwaSim_IR\Bin\Config\Atmosphere\MODTRAN\raw\audit_mwir_standard_20260906\mwir_std_flux\spectral_flux.flx,,W/(cm^2 nm),W/(m^2 sr um),W/(m^2 um),value_si=value_native*1e7 (cm^-2/nm -> m^-2/um),3852.08,3.85208,5.0,2.85474e-07,7.02669e-08,5.84016e-07,2.8547399999999996,0.702669,5.840159999999999
mwir_std_flux,D:\HwaSimIR\HwaSim_IR\Bin\Config\Atmosphere\MODTRAN\raw\audit_mwir_standard_20260906\mwir_std_flux\spectral_flux.flx,,W/(cm^2 nm),W/(m^2 sr um),W/(m^2 um),value_si=value_native*1e7 (cm^-2/nm -> m^-2/um),3850.6,3.8506,5.0,2.7491e-07,7.01951e-08,5.83014e-07,2.7491000000000003,0.7019510000000001,5.83014
mwir_std_flux,D:\HwaSimIR\HwaSim_IR\Bin\Config\Atmosphere\MODTRAN\raw\audit_mwir_standard_20260906\mwir_std_flux\spectral_flux.flx,,W/(cm^2 nm),W/(m^2 sr um),W/(m^2 um),value_si=value_native*1e7 (cm^-2/nm -> m^-2/um),3849.11,3.84911,5.0,2.87746e-07,7.01621e-08,5.82695e-07,2.87746,0.7016209999999999,5.82695
mwir_std_flux,D:\HwaSimIR\HwaSim_IR\Bin\Config\Atmosphere\MODTRAN\raw\audit_mwir_standard_20260906\mwir_std_flux\spectral_flux.flx,,W/(cm^2 nm),W/(m^2 sr um),W/(m^2 um),value_si=value_native*1e7 (cm^-2/nm -> m^-2/um),3847.63,3.84763,5.0,2.96197e-07,6.9955e-08,5.80933e-07,2.96197,0.6995499999999999,5.80933
mwir_std_flux,D:\HwaSimIR\HwaSim_IR\Bin\Config\Atmosphere\MODTRAN\raw\audit_mwir_standard_20260906\mwir_std_flux\spectral_flux.flx,,W/(cm^2 nm),W/(m^2 sr um),W/(m^2 um),value_si=value_native*1e7 (cm^-2/nm -> m^-2/um),3846.15,3.84615,5.0,2.7777e-07,6.99917e-08,5.80945e-07,2.7777,0.699917,5.80945
mwir_std_flux,D:\HwaSimIR\HwaSim_IR\Bin\Config\Atmosphere\MODTRAN\raw\audit_mwir_standard_20260906\mwir_std_flux\spectral_flux.flx,,W/(cm^2 nm),W/(m^2 sr um),W/(m^2 um),value_si=value_native*1e7 (cm^-2/nm -> m^-2/um),3844.68,3.84468,5.0,2.66206e-07,7.04183e-08,5.84452e-07,2.66206,0.704183,5.84452
mwir_std_flux,D:\HwaSimIR\HwaSim_IR\Bin\Config\Atmosphere\MODTRAN\raw\audit_mwir_standard_20260906\mwir_std_flux\spectral_flux.flx,,W/(cm^2 nm),W/(m^2 sr um),W/(m^2 um),value_si=value_native*1e7 (cm^-2/nm -> m^-2/um),3843.2,3.8432,5.0,2.89231e-07,7.09053e-08,5.89056e-07,2.8923099999999997,0.709053,5.89056
mwir_std_flux,D:\HwaSimIR\HwaSim_IR\Bin\Config\Atmosphere\MODTRAN\raw\audit_mwir_standard_20260906\mwir_std_flux\spectral_flux.flx,,W/(cm^2 nm),W/(m^2 sr um),W/(m^2 um),value_si=value_native*1e7 (cm^-2/nm -> m^-2/um),3841.72,3.8417199999999996,5.0,3.09895e-07,7.12592e-08,5.92546e-07,3.0989500000000003,0.712592,5.92546
mwir_std_flux,D:\HwaSimIR\HwaSim_IR\Bin\Config\Atmosphere\MODTRAN\raw\audit_mwir_standard_20260906\mwir_std_flux\spectral_flux.flx,,W/(cm^2 nm),W/(m^2 sr um),W/(m^2 um),value_si=value_native*1e7 (cm^-2/nm -> m^-2/um),3840.25,3.84025,5.0,2.93e-07,7.12673e-08,5.92608e-07,2.9299999999999997,0.712673,5.92608
mwir_std_flux,D:\HwaSimIR\HwaSim_IR\Bin\Config\Atmosphere\MODTRAN\raw\audit_mwir_standard_20260906\mwir_std_flux\spectral_flux.flx,,W/(cm^2 nm),W/(m^2 sr um),W/(m^2 um),value_si=value_native*1e7 (cm^-2/nm -> m^-2/um),3838.77,3.83877,5.0,2.51569e-07,7.11098e-08,5.90307e-07,2.5156899999999998,0.711098,5.90307
mwir_std_flux,D:\HwaSimIR\HwaSim_IR\Bin\Config\Atmosphere\MODTRAN\raw\audit_mwir_standard_20260906\mwir_std_flux\spectral_flux.flx,,W/(cm^2 nm),W/(m^2 sr um),W/(m^2 um),value_si=value_native*1e7 (cm^-2/nm -> m^-2/um),3837.3,3.8373000000000004,5.0,2.14096e-07,7.09499e-08,5.87547e-07,2.1409599999999998,0.709499,5.87547
mwir_std_flux,D:\HwaSimIR\HwaSim_IR\Bin\Config\Atmosphere\MODTRAN\raw\audit_mwir_standard_20260906\mwir_std_flux\spectral_flux.flx,,W/(cm^2 nm),W/(m^2 sr um),W/(m^2 um),value_si=value_native*1e7 (cm^-2/nm -> m^-2/um),3835.83,3.83583,5.0,1.87519e-07,7.06318e-08,5.82741e-07,1.87519,0.706318,5.82741
mwir_std_flux,D:\HwaSimIR\HwaSim_IR\Bin\Config\Atmosphere\MODTRAN\raw\audit_mwir_standard_20260906\mwir_std_flux\spectral_flux.flx,,W/(cm^2 nm),W/(m^2 sr um),W/(m^2 um),value_si=value_native*1e7 (cm^-2/nm -> m^-2/um),3834.36,3.83436,5.0,1.9668e-07,7.07066e-08,5.82224e-07,1.9668,0.7070660000000001,5.822240000000001
mwir_std_flux,D:\HwaSimIR\HwaSim_IR\Bin\Config\Atmosphere\MODTRAN\raw\audit_mwir_standard_20260906\mwir_std_flux\spectral_flux.flx,,W/(cm^2 nm),W/(m^2 sr um),W/(m^2 um),value_si=value_native*1e7 (cm^-2/nm -> m^-2/um),3832.89,3.83289,5.0,2.58045e-07,7.16909e-08,5.93492e-07,2.58045,0.716909,5.93492
mwir_std_flux,D:\HwaSimIR\HwaSim_IR\Bin\Config\Atmosphere\MODTRAN\raw\audit_mwir_standard_20260906\mwir_std_flux\spectral_flux.flx,,W/(cm^2 nm),W/(m^2 sr um),W/(m^2 um),value_si=value_native*1e7 (cm^-2/nm -> m^-2/um),3831.42,3.83142,5.0,3.09056e-07,7.27167e-08,6.05026e-07,3.09056,0.727167,6.05026
mwir_std_flux,D:\HwaSimIR\HwaSim_IR\Bin\Config\Atmosphere\MODTRAN\raw\audit_mwir_standard_20260906\mwir_std_flux\spectral_flux.flx,,W/(cm^2 nm),W/(m^2 sr um),W/(m^2 um),value_si=value_native*1e7 (cm^-2/nm -> m^-2/um),3829.95,3.8299499999999997,5.0,3.15736e-07,7.31645e-08,6.09092e-07,3.1573599999999997,0.7316450000000001,6.090920000000001
mwir_std_flux,D:\HwaSimIR\HwaSim_IR\Bin\Config\Atmosphere\MODTRAN\raw\audit_mwir_standard_20260906\mwir_std_flux\spectral_flux.flx,,W/(cm^2 nm),W/(m^2 sr um),W/(m^2 um),value_si=value_native*1e7 (cm^-2/nm -> m^-2/um),3828.48,3.82848,5.0,2.95069e-07,7.3213e-08,6.08359e-07,2.95069,0.73213,6.08359
mwir_std_flux,D:\HwaSimIR\HwaSim_IR\Bin\Config\Atmosphere\MODTRAN\raw\audit_mwir_standard_20260906\mwir_std_flux\spectral_flux.flx,,W/(cm^2 nm),W/(m^2 sr um),W/(m^2 um),value_si=value_native*1e7 (cm^-2/nm -> m^-2/um),3827.02,3.82702,5.0,2.83214e-07,7.31593e-08,6.06617e-07,2.8321400000000003,0.731593,6.06617
mwir_std_flux,D:\HwaSimIR\HwaSim_IR\Bin\Config\Atmosphere\MODTRAN\raw\audit_mwir_standard_20260906\mwir_std_flux\spectral_flux.flx,,W/(cm^2 nm),W/(m^2 sr um),W/(m^2 um),value_si=value_native*1e7 (cm^-2/nm -> m^-2/um),3825.55,3.8255500000000002,5.0,3.05194e-07,7.32707e-08,6.08297e-07,3.05194,0.732707,6.0829699999999995
mwir_std_flux,D:\HwaSimIR\HwaSim_IR\Bin\Config\Atmosphere\MODTRAN\raw\audit_mwir_standard_20260906\mwir_std_flux\spectral_flux.flx,,W/(cm^2 nm),W/(m^2 sr um),W/(m^2 um),value_si=value_native*1e7 (cm^-2/nm -> m^-2/um),3824.09,3.82409,5.0,3.27783e-07,7.35279e-08,6.11536e-07,3.2778300000000002,0.735279,6.11536
mwir_std_flux,D:\HwaSimIR\HwaSim_IR\Bin\Config\Atmosphere\MODTRAN\raw\audit_mwir_standard_20260906\mwir_std_flux\spectral_flux.flx,,W/(cm^2 nm),W/(m^2 sr um),W/(m^2 um),value_si=value_native*1e7 (cm^-2/nm -> m^-2/um),3822.63,3.82263,5.0,3.33018e-07,7.37658e-08,6.13677e-07,3.33018,0.737658,6.13677
mwir_std_flux,D:\HwaSimIR\HwaSim_IR\Bin\Config\Atmosphere\MODTRAN\raw\audit_mwir_standard_20260906\mwir_std_flux\spectral_flux.flx,,W/(cm^2 nm),W/(m^2 sr um),W/(m^2 um),value_si=value_native*1e7 (cm^-2/nm -> m^-2/um),3821.17,3.82117,5.0,3.28316e-07,7.35217e-08,6.11542e-07,3.28316,0.735217,6.115419999999999
mwir_std_flux,D:\HwaSimIR\HwaSim_IR\Bin\Config\Atmosphere\MODTRAN\raw\audit_mwir_standard_20260906\mwir_std_flux\spectral_flux.flx,,W/(cm^2 nm),W/(m^2 sr um),W/(m^2 um),value_si=value_native*1e7 (cm^-2/nm -> m^-2/um),3819.71,3.81971,5.0,3.13915e-07,7.30528e-08,6.07486e-07,3.1391500000000003,0.7305280000000001,6.07486
mwir_std_flux,D:\HwaSimIR\HwaSim_IR\Bin\Config\Atmosphere\MODTRAN\raw\audit_mwir_standard_20260906\mwir_std_flux\spectral_flux.flx,,W/(cm^2 nm),W/(m^2 sr um),W/(m^2 um),value_si=value_native*1e7 (cm^-2/nm -> m^-2/um),3818.25,3.81825,5.0,2.81664e-07,7.28745e-08,6.05074e-07,2.81664,0.728745,6.050739999999999
mwir_std_flux,D:\HwaSimIR\HwaSim_IR\Bin\Config\Atmosphere\MODTRAN\raw\audit_mwir_standard_20260906\mwir_std_flux\spectral_flux.flx,,W/(cm^2 nm),W/(m^2 sr um),W/(m^2 um),value_si=value_native*1e7 (cm^-2/nm -> m^-2/um),3816.79,3.81679,5.0,2.48892e-07,7.28194e-08,6.03279e-07,2.4889200000000002,0.7281939999999999,6.032789999999999
mwir_std_flux,D:\HwaSimIR\HwaSim_IR\Bin\Config\Atmosphere\MODTRAN\raw\audit_mwir_standard_20260906\mwir_std_flux\spectral_flux.flx,,W/(cm^2 nm),W/(m^2 sr um),W/(m^2 um),value_si=value_native*1e7 (cm^-2/nm -> m^-2/um),3815.34,3.81534,5.0,2.20271e-07,7.24953e-08,5.97237e-07,2.20271,0.7249530000000001,5.972370000000001
mwir_std_flux,D:\HwaSimIR\HwaSim_IR\Bin\Config\Atmosphere\MODTRAN\raw\audit_mwir_standard_20260906\mwir_std_flux\spectral_flux.flx,,W/(cm^2 nm),W/(m^2 sr um),W/(m^2 um),value_si=value_native*1e7 (cm^-2/nm -> m^-2/um),3813.88,3.81388,5.0,1.79669e-07,7.18912e-08,5.87351e-07,1.79669,0.718912,5.8735100000000005
mwir_std_flux,D:\HwaSimIR\HwaSim_IR\Bin\Config\Atmosphere\MODTRAN\raw\audit_mwir_standard_20260906\mwir_std_flux\spectral_flux.flx,,W/(cm^2 nm),W/(m^2 sr um),W/(m^2 um),value_si=value_native*1e7 (cm^-2/nm -> m^-2/um),3812.43,3.81243,5.0,1.7183e-07,7.19533e-08,5.89295e-07,1.7183,0.719533,5.89295
mwir_std_flux,D:\HwaSimIR\HwaSim_IR\Bin\Config\Atmosphere\MODTRAN\raw\audit_mwir_standard_20260906\mwir_std_flux\spectral_flux.flx,,W/(cm^2 nm),W/(m^2 sr um),W/(m^2 um),value_si=value_native*1e7 (cm^-2/nm -> m^-2/um),3810.98,3.81098,5.0,1.90369e-07,7.24775e-08,5.98573e-07,1.90369,0.724775,5.985729999999999
mwir_std_flux,D:\HwaSimIR\HwaSim_IR\Bin\Config\Atmosphere\MODTRAN\raw\audit_mwir_standard_20260906\mwir_std_flux\spectral_flux.flx,,W/(cm^2 nm),W/(m^2 sr um),W/(m^2 um),value_si=value_native*1e7 (cm^-2/nm -> m^-2/um),3809.52,3.80952,5.0,2.17162e-07,7.29169e-08,6.04237e-07,2.17162,0.729169,6.04237
mwir_std_flux,D:\HwaSimIR\HwaSim_IR\Bin\Config\Atmosphere\MODTRAN\raw\audit_mwir_standard_20260906\mwir_std_flux\spectral_flux.flx,,W/(cm^2 nm),W/(m^2 sr um),W/(m^2 um),value_si=value_native*1e7 (cm^-2/nm -> m^-2/um),3808.07,3.8080700000000003,5.0,2.69956e-07,7.36547e-08,6.11511e-07,2.69956,0.7365470000000001,6.11511
mwir_std_flux,D:\HwaSimIR\HwaSim_IR\Bin\Config\Atmosphere\MODTRAN\raw\audit_mwir_standard_20260906\mwir_std_flux\spectral_flux.flx,,W/(cm^2 nm),W/(m^2 sr um),W/(m^2 um),value_si=value_native*1e7 (cm^-2/nm -> m^-2/um),3806.62,3.8066199999999997,5.0,2.88823e-07,7.41544e-08,6.14582e-07,2.88823,0.741544,6.1458200000000005
mwir_std_flux,D:\HwaSimIR\HwaSim_IR\Bin\Config\Atmosphere\MODTRAN\raw\audit_mwir_standard_20260906\mwir_std_flux\spectral_flux.flx,,W/(cm^2 nm),W/(m^2 sr um),W/(m^2 um),value_si=value_native*1e7 (cm^-2/nm -> m^-2/um),3805.18,3.80518,5.0,2.71124e-07,7.41491e-08,6.12918e-07,2.71124,0.741491,6.12918
mwir_std_flux,D:\HwaSimIR\HwaSim_IR\Bin\Config\Atmosphere\MODTRAN\raw\audit_mwir_standard_20260906\mwir_std_flux\spectral_flux.flx,,W/(cm^2 nm),W/(m^2 sr um),W/(m^2 um),value_si=value_native*1e7 (cm^-2/nm -> m^-2/um),3803.73,3.80373,5.0,2.82726e-07,7.42585e-08,6.15823e-07,2.82726,0.742585,6.15823
mwir_std_flux,D:\HwaSimIR\HwaSim_IR\Bin\Config\Atmosphere\MODTRAN\raw\audit_mwir_standard_20260906\mwir_std_flux\spectral_flux.flx,,W/(cm^2 nm),W/(m^2 sr um),W/(m^2 um),value_si=value_native*1e7 (cm^-2/nm -> m^-2/um),3802.28,3.80228,5.0,3.09531e-07,7.45005e-08,6.19828e-07,3.09531,0.745005,6.1982800000000005
mwir_std_flux,D:\HwaSimIR\HwaSim_IR\Bin\Config\Atmosphere\MODTRAN\raw\audit_mwir_standard_20260906\mwir_std_flux\spectral_flux.flx,,W/(cm^2 nm),W/(m^2 sr um),W/(m^2 um),value_si=value_native*1e7 (cm^-2/nm -> m^-2/um),3800.84,3.80084,5.0,3.22372e-07,7.46849e-08,6.21438e-07,3.22372,0.7468490000000001,6.21438
mwir_std_flux,D:\HwaSimIR\HwaSim_IR\Bin\Config\Atmosphere\MODTRAN\raw\audit_mwir_standard_20260906\mwir_std_flux\spectral_flux.flx,,W/(cm^2 nm),W/(m^2 sr um),W/(m^2 um),value_si=value_native*1e7 (cm^-2/nm -> m^-2/um),3799.39,3.79939,5.0,3.23354e-07,7.45946e-08,6.20568e-07,3.23354,0.7459460000000001,6.20568
mwir_std_flux,D:\HwaSimIR\HwaSim_IR\Bin\Config\Atmosphere\MODTRAN\raw\audit_mwir_standard_20260906\mwir_std_flux\spectral_flux.flx,,W/(cm^2 nm),W/(m^2 sr um),W/(m^2 um),value_si=value_native*1e7 (cm^-2/nm -> m^-2/um),3797.95,3.7979499999999997,5.0,3.18191e-07,7.43924e-08,6.18861e-07,3.18191,0.743924,6.18861
mwir_std_flux,D:\HwaSimIR\HwaSim_IR\Bin\Config\Atmosphere\MODTRAN\raw\audit_mwir_standard_20260906\mwir_std_flux\spectral_flux.flx,,W/(cm^2 nm),W/(m^2 sr um),W/(m^2 um),value_si=value_native*1e7 (cm^-2/nm -> m^-2/um),3796.51,3.79651,5.0,3.05626e-07,7.4579e-08,6.20309e-07,3.05626,0.74579,6.20309
mwir_std_flux,D:\HwaSimIR\HwaSim_IR\Bin\Config\Atmosphere\MODTRAN\raw\audit_mwir_standard_20260906\mwir_std_flux\spectral_flux.flx,,W/(cm^2 nm),W/(m^2 sr um),W/(m^2 um),value_si=value_native*1e7 (cm^-2/nm -> m^-2/um),3795.07,3.79507,5.0,2.66e-07,7.45962e-08,6.16335e-07,2.66,0.745962,6.16335
mwir_std_flux,D:\HwaSimIR\HwaSim_IR\Bin\Config\Atmosphere\MODTRAN\raw\audit_mwir_standard_20260906\mwir_std_flux\spectral_flux.flx,,W/(cm^2 nm),W/(m^2 sr um),W/(m^2 um),value_si=value_native*1e7 (cm^-2/nm -> m^-2/um),3793.63,3.7936300000000003,5.0,2.13119e-07,7.42157e-08,6.05807e-07,2.1311899999999997,0.7421570000000001,6.05807
mwir_std_flux,D:\HwaSimIR\HwaSim_IR\Bin\Config\Atmosphere\MODTRAN\raw\audit_mwir_standard_20260906\mwir_std_flux\spectral_flux.flx,,W/(cm^2 nm),W/(m^2 sr um),W/(m^2 um),value_si=value_native*1e7 (cm^-2/nm -> m^-2/um),3792.19,3.79219,5.0,1.90973e-07,7.39914e-08,6.03256e-07,1.90973,0.739914,6.032559999999999
mwir_std_flux,D:\HwaSimIR\HwaSim_IR\Bin\Config\Atmosphere\MODTRAN\raw\audit_mwir_standard_20260906\mwir_std_flux\spectral_flux.flx,,W/(cm^2 nm),W/(m^2 sr um),W/(m^2 um),value_si=value_native*1e7 (cm^-2/nm -> m^-2/um),3790.75,3.79075,5.0,1.9075e-07,7.39123e-08,6.02556e-07,1.9075000000000002,0.739123,6.0255600000000005
mwir_std_flux,D:\HwaSimIR\HwaSim_IR\Bin\Config\Atmosphere\MODTRAN\raw\audit_mwir_standard_20260906\mwir_std_flux\spectral_flux.flx,,W/(cm^2 nm),W/(m^2 sr um),W/(m^2 um),value_si=value_native*1e7 (cm^-2/nm -> m^-2/um),3789.31,3.78931,5.0,2.10375e-07,7.42292e-08,6.02797e-07,2.1037500000000002,0.742292,6.02797
mwir_std_flux,D:\HwaSimIR\HwaSim_IR\Bin\Config\Atmosphere\MODTRAN\raw\audit_mwir_standard_20260906\mwir_std_flux\spectral_flux.flx,,W/(cm^2 nm),W/(m^2 sr um),W/(m^2 um),value_si=value_native*1e7 (cm^-2/nm -> m^-2/um),3787.88,3.78788,5.0,2.61596e-07,7.50972e-08,6.16986e-07,2.6159600000000003,0.750972,6.16986
mwir_std_flux,D:\HwaSimIR\HwaSim_IR\Bin\Config\Atmosphere\MODTRAN\raw\audit_mwir_standard_20260906\mwir_std_flux\spectral_flux.flx,,W/(cm^2 nm),W/(m^2 sr um),W/(m^2 um),value_si=value_native*1e7 (cm^-2/nm -> m^-2/um),3786.44,3.7864400000000002,5.0,2.68305e-07,7.5275e-08,6.25262e-07,2.68305,0.75275,6.252619999999999
mwir_std_flux,D:\HwaSimIR\HwaSim_IR\Bin\Config\Atmosphere\MODTRAN\raw\audit_mwir_standard_20260906\mwir_std_flux\spectral_flux.flx,,W/(cm^2 nm),W/(m^2 sr um),W/(m^2 um),value_si=value_native*1e7 (cm^-2/nm -> m^-2/um),3785.01,3.78501,5.0,2.25176e-07,7.48084e-08,6.20136e-07,2.25176,0.748084,6.20136
mwir_std_flux,D:\HwaSimIR\HwaSim_IR\Bin\Config\Atmosphere\MODTRAN\raw\audit_mwir_standard_20260906\mwir_std_flux\spectral_flux.flx,,W/(cm^2 nm),W/(m^2 sr um),W/(m^2 um),value_si=value_native*1e7 (cm^-2/nm -> m^-2/um),3783.58,3.7835799999999997,5.0,2.12996e-07,7.50339e-08,6.18751e-07,2.12996,0.750339,6.1875100000000005
mwir_std_flux,D:\HwaSimIR\HwaSim_IR\Bin\Config\Atmosphere\MODTRAN\raw\audit_mwir_standard_20260906\mwir_std_flux\spectral_flux.flx,,W/(cm^2 nm),W/(m^2 sr um),W/(m^2 um),value_si=value_native*1e7 (cm^-2/nm -> m^-2/um),3782.15,3.78215,5.0,2.36296e-07,7.56192e-08,6.23102e-07,2.3629599999999997,0.756192,6.23102
mwir_std_flux,D:\HwaSimIR\HwaSim_IR\Bin\Config\Atmosphere\MODTRAN\raw\audit_mwir_standard_20260906\mwir_std_flux\spectral_flux.flx,,W/(cm^2 nm),W/(m^2 sr um),W/(m^2 um),value_si=value_native*1e7 (cm^-2/nm -> m^-2/um),3780.72,3.7807199999999996,5.0,2.7593e-07,7.59449e-08,6.29834e-07,2.7593,0.759449,6.29834
mwir_std_flux,D:\HwaSimIR\HwaSim_IR\Bin\Config\Atmosphere\MODTRAN\raw\audit_mwir_standard_20260906\mwir_std_flux\spectral_flux.flx,,W/(cm^2 nm),W/(m^2 sr um),W/(m^2 um),value_si=value_native*1e7 (cm^-2/nm -> m^-2/um),3779.29,3.77929,5.0,3.08089e-07,7.60806e-08,6.33929e-07,3.0808899999999997,0.760806,6.33929
mwir_std_flux,D:\HwaSimIR\HwaSim_IR\Bin\Config\Atmosphere\MODTRAN\raw\audit_mwir_standard_20260906\mwir_std_flux\spectral_flux.flx,,W/(cm^2 nm),W/(m^2 sr um),W/(m^2 um),value_si=value_native*1e7 (cm^-2/nm -> m^-2/um),3777.86,3.77786,5.0,3.10156e-07,7.61634e-08,6.34291e-07,3.10156,0.761634,6.34291
mwir_std_flux,D:\HwaSimIR\HwaSim_IR\Bin\Config\Atmosphere\MODTRAN\raw\audit_mwir_standard_20260906\mwir_std_flux\spectral_flux.flx,,W/(cm^2 nm),W/(m^2 sr um),W/(m^2 um),value_si=value_native*1e7 (cm^-2/nm -> m^-2/um),3776.44,3.77644,5.0,2.72921e-07,7.59878e-08,6.27805e-07,2.72921,0.7598779999999999,6.2780499999999995
mwir_std_flux,D:\HwaSimIR\HwaSim_IR\Bin\Config\Atmosphere\MODTRAN\raw\audit_mwir_standard_20260906\mwir_std_flux\spectral_flux.flx,,W/(cm^2 nm),W/(m^2 sr um),W/(m^2 um),value_si=value_native*1e7 (cm^-2/nm -> m^-2/um),3775.01,3.7750100000000004,5.0,2.34076e-07,7.56741e-08,6.20879e-07,2.34076,0.756741,6.2087900000000005
mwir_std_flux,D:\HwaSimIR\HwaSim_IR\Bin\Config\Atmosphere\MODTRAN\raw\audit_mwir_standard_20260906\mwir_std_flux\spectral_flux.flx,,W/(cm^2 nm),W/(m^2 sr um),W/(m^2 um),value_si=value_native*1e7 (cm^-2/nm -> m^-2/um),3773.58,3.77358,5.0,2.45605e-07,7.58296e-08,6.26347e-07,2.4560500000000003,0.7582960000000001,6.26347
mwir_std_flux,D:\HwaSimIR\HwaSim_IR\Bin\Config\Atmosphere\MODTRAN\raw\audit_mwir_standard_20260906\mwir_std_flux\spectral_flux.flx,,W/(cm^2 nm),W/(m^2 sr um),W/(m^2 um),value_si=value_native*1e7 (cm^-2/nm -> m^-2/um),3772.16,3.77216,5.0,2.47354e-07,7.59232e-08,6.27659e-07,2.47354,0.7592319999999999,6.27659
mwir_std_flux,D:\HwaSimIR\HwaSim_IR\Bin\Config\Atmosphere\MODTRAN\raw\audit_mwir_standard_20260906\mwir_std_flux\spectral_flux.flx,,W/(cm^2 nm),W/(m^2 sr um),W/(m^2 um),value_si=value_native*1e7 (cm^-2/nm -> m^-2/um),3770.74,3.77074,5.0,2.33197e-07,7.60049e-08,6.2478e-07,2.33197,0.7600490000000001,6.2478
mwir_std_flux,D:\HwaSimIR\HwaSim_IR\Bin\Config\Atmosphere\MODTRAN\raw\audit_mwir_standard_20260906\mwir_std_flux\spectral_flux.flx,,W/(cm^2 nm),W/(m^2 sr um),W/(m^2 um),value_si=value_native*1e7 (cm^-2/nm -> m^-2/um),3769.32,3.76932,5.0,2.65001e-07,7.67856e-08,6.34658e-07,2.65001,0.767856,6.34658
mwir_std_flux,D:\HwaSimIR\HwaSim_IR\Bin\Config\Atmosphere\MODTRAN\raw\audit_mwir_standard_20260906\mwir_std_flux\spectral_flux.flx,,W/(cm^2 nm),W/(m^2 sr um),W/(m^2 um),value_si=value_native*1e7 (cm^-2/nm -> m^-2/um),3767.9,3.7679,5.0,2.74067e-07,7.71171e-08,6.36988e-07,2.7406699999999997,0.7711709999999999,6.36988
mwir_std_flux,D:\HwaSimIR\HwaSim_IR\Bin\Config\Atmosphere\MODTRAN\raw\audit_mwir_standard_20260906\mwir_std_flux\spectral_flux.flx,,W/(cm^2 nm),W/(m^2 sr um),W/(m^2 um),value_si=value_native*1e7 (cm^-2/nm -> m^-2/um),3766.48,3.76648,5.0,2.40251e-07,7.64599e-08,6.27348e-07,2.4025100000000004,0.764599,6.273479999999999
mwir_std_flux,D:\HwaSimIR\HwaSim_IR\Bin\Config\Atmosphere\MODTRAN\raw\audit_mwir_standard_20260906\mwir_std_flux\spectral_flux.flx,,W/(cm^2 nm),W/(m^2 sr um),W/(m^2 um),value_si=value_native*1e7 (cm^-2/nm -> m^-2/um),3765.06,3.76506,5.0,2.23512e-07,7.59983e-08,6.25511e-07,2.2351199999999998,0.7599830000000001,6.255109999999999
mwir_std_flux,D:\HwaSimIR\HwaSim_IR\Bin\Config\Atmosphere\MODTRAN\raw\audit_mwir_standard_20260906\mwir_std_flux\spectral_flux.flx,,W/(cm^2 nm),W/(m^2 sr um),W/(m^2 um),value_si=value_native*1e7 (cm^-2/nm -> m^-2/um),3763.64,3.7636399999999997,5.0,2.25213e-07,7.62444e-08,6.30501e-07,2.2521299999999997,0.762444,6.305009999999999
mwir_std_flux,D:\HwaSimIR\HwaSim_IR\Bin\Config\Atmosphere\MODTRAN\raw\audit_mwir_standard_20260906\mwir_std_flux\spectral_flux.flx,,W/(cm^2 nm),W/(m^2 sr um),W/(m^2 um),value_si=value_native*1e7 (cm^-2/nm -> m^-2/um),3762.23,3.76223,5.0,2.31543e-07,7.6642e-08,6.351e-07,2.31543,0.7664200000000001,6.351
mwir_std_flux,D:\HwaSimIR\HwaSim_IR\Bin\Config\Atmosphere\MODTRAN\raw\audit_mwir_standard_20260906\mwir_std_flux\spectral_flux.flx,,W/(cm^2 nm),W/(m^2 sr um),W/(m^2 um),value_si=value_native*1e7 (cm^-2/nm -> m^-2/um),3760.81,3.7608099999999998,5.0,2.30257e-07,7.68417e-08,6.37527e-07,2.30257,0.768417,6.37527
mwir_std_flux,D:\HwaSimIR\HwaSim_IR\Bin\Config\Atmosphere\MODTRAN\raw\audit_mwir_standard_20260906\mwir_std_flux\spectral_flux.flx,,W/(cm^2 nm),W/(m^2 sr um),W/(m^2 um),value_si=value_native*1e7 (cm^-2/nm -> m^-2/um),3759.4,3.7594000000000003,5.0,2.29355e-07,7.70545e-08,6.38215e-07,2.29355,0.7705449999999999,6.382149999999999
mwir_std_flux,D:\HwaSimIR\HwaSim_IR\Bin\Config\Atmosphere\MODTRAN\raw\audit_mwir_standard_20260906\mwir_std_flux\spectral_flux.flx,,W/(cm^2 nm),W/(m^2 sr um),W/(m^2 um),value_si=value_native*1e7 (cm^-2/nm -> m^-2/um),3757.99,3.75799,5.0,2.41615e-07,7.72519e-08,6.37768e-07,2.41615,0.7725190000000001,6.37768
mwir_std_flux,D:\HwaSimIR\HwaSim_IR\Bin\Config\Atmosphere\MODTRAN\raw\audit_mwir_standard_20260906\mwir_std_flux\spectral_flux.flx,,W/(cm^2 nm),W/(m^2 sr um),W/(m^2 um),value_si=value_native*1e7 (cm^-2/nm -> m^-2/um),3756.57,3.75657,5.0,2.39585e-07,7.70267e-08,6.32549e-07,2.3958500000000003,0.770267,6.325489999999999
mwir_std_flux,D:\HwaSimIR\HwaSim_IR\Bin\Config\Atmosphere\MODTRAN\raw\audit_mwir_standard_20260906\mwir_std_flux\spectral_flux.flx,,W/(cm^2 nm),W/(m^2 sr um),W/(m^2 um),value_si=value_native*1e7 (cm^-2/nm -> m^-2/um),3755.16,3.75516,5.0,2.22615e-07,7.66937e-08,6.28033e-07,2.22615,0.766937,6.28033
mwir_std_flux,D:\HwaSimIR\HwaSim_IR\Bin\Config\Atmosphere\MODTRAN\raw\audit_mwir_standard_20260906\mwir_std_flux\spectral_flux.flx,,W/(cm^2 nm),W/(m^2 sr um),W/(m^2 um),value_si=value_native*1e7 (cm^-2/nm -> m^-2/um),3753.75,3.75375,5.0,2.38652e-07,7.67583e-08,6.33782e-07,2.38652,0.7675829999999999,6.33782
mwir_std_flux,D:\HwaSimIR\HwaSim_IR\Bin\Config\Atmosphere\MODTRAN\raw\audit_mwir_standard_20260906\mwir_std_flux\spectral_flux.flx,,W/(cm^2 nm),W/(m^2 sr um),W/(m^2 um),value_si=value_native*1e7 (cm^-2/nm -> m^-2/um),3752.35,3.75235,5.0,2.42772e-07,7.66462e-08,6.33256e-07,2.42772,0.766462,6.33256
mwir_std_flux,D:\HwaSimIR\HwaSim_IR\Bin\Config\Atmosphere\MODTRAN\raw\audit_mwir_standard_20260906\mwir_std_flux\spectral_flux.flx,,W/(cm^2 nm),W/(m^2 sr um),W/(m^2 um),value_si=value_native*1e7 (cm^-2/nm -> m^-2/um),3750.94,3.75094,5.0,2.24333e-07,7.65924e-08,6.28861e-07,2.24333,0.7659239999999999,6.28861
mwir_std_flux,D:\HwaSimIR\HwaSim_IR\Bin\Config\Atmosphere\MODTRAN\raw\audit_mwir_standard_20260906\mwir_std_flux\spectral_flux.flx,,W/(cm^2 nm),W/(m^2 sr um),W/(m^2 um),value_si=value_native*1e7 (cm^-2/nm -> m^-2/um),3749.53,3.74953,5.0,2.58353e-07,7.71259e-08,6.38172e-07,2.58353,0.771259,6.38172
mwir_std_flux,D:\HwaSimIR\HwaSim_IR\Bin\Config\Atmosphere\MODTRAN\raw\audit_mwir_standard_20260906\mwir_std_flux\spectral_flux.flx,,W/(cm^2 nm),W/(m^2 sr um),W/(m^2 um),value_si=value_native*1e7 (cm^-2/nm -> m^-2/um),3748.13,3.74813,5.0,3.0836e-07,7.75284e-08,6.46756e-07,3.0836,0.775284,6.467560000000001
mwir_std_flux,D:\HwaSimIR\HwaSim_IR\Bin\Config\Atmosphere\MODTRAN\raw\audit_mwir_standard_20260906\mwir_std_flux\spectral_flux.flx,,W/(cm^2 nm),W/(m^2 sr um),W/(m^2 um),value_si=value_native*1e7 (cm^-2/nm -> m^-2/um),3746.72,3.74672,5.0,3.2173e-07,7.74223e-08,6.46526e-07,3.2173000000000003,0.7742230000000001,6.46526
mwir_std_flux,D:\HwaSimIR\HwaSim_IR\Bin\Config\Atmosphere\MODTRAN\raw\audit_mwir_standard_20260906\mwir_std_flux\spectral_flux.flx,,W/(cm^2 nm),W/(m^2 sr um),W/(m^2 um),value_si=value_native*1e7 (cm^-2/nm -> m^-2/um),3745.32,3.74532,5.0,3.14528e-07,7.70906e-08,6.4414e-07,3.14528,0.770906,6.441400000000001
mwir_std_flux,D:\HwaSimIR\HwaSim_IR\Bin\Config\Atmosphere\MODTRAN\raw\audit_mwir_standard_20260906\mwir_std_flux\spectral_flux.flx,,W/(cm^2 nm),W/(m^2 sr um),W/(m^2 um),value_si=value_native*1e7 (cm^-2/nm -> m^-2/um),3743.92,3.74392,5.0,2.95183e-07,7.66351e-08,6.40146e-07,2.95183,0.766351,6.40146
mwir_std_flux,D:\HwaSimIR\HwaSim_IR\Bin\Config\Atmosphere\MODTRAN\raw\audit_mwir_standard_20260906\mwir_std_flux\spectral_flux.flx,,W/(cm^2 nm),W/(m^2 sr um),W/(m^2 um),value_si=value_native*1e7 (cm^-2/nm -> m^-2/um),3742.51,3.7425100000000002,5.0,2.55698e-07,7.6144e-08,6.31273e-07,2.55698,0.76144,6.31273
mwir_std_flux,D:\HwaSimIR\HwaSim_IR\Bin\Config\Atmosphere\MODTRAN\raw\audit_mwir_standard_20260906\mwir_std_flux\spectral_flux.flx,,W/(cm^2 nm),W/(m^2 sr um),W/(m^2 um),value_si=value_native*1e7 (cm^-2/nm -> m^-2/um),3741.11,3.74111,5.0,2.35311e-07,7.60839e-08,6.26096e-07,2.35311,0.760839,6.26096
mwir_std_flux,D:\HwaSimIR\HwaSim_IR\Bin\Config\Atmosphere\MODTRAN\raw\audit_mwir_standard_20260906\mwir_std_flux\spectral_flux.flx,,W/(cm^2 nm),W/(m^2 sr um),W/(m^2 um),value_si=value_native*1e7 (cm^-2/nm -> m^-2/um),3739.72,3.7397199999999997,5.0,2.42158e-07,7.62673e-08,6.30667e-07,2.42158,0.7626729999999999,6.3066699999999996
mwir_std_flux,D:\HwaSimIR\HwaSim_IR\Bin\Config\Atmosphere\MODTRAN\raw\audit_mwir_standard_20260906\mwir_std_flux\spectral_flux.flx,,W/(cm^2 nm),W/(m^2 sr um),W/(m^2 um),value_si=value_native*1e7 (cm^-2/nm -> m^-2/um),3738.32,3.7383200000000003,5.0,2.33427e-07,7.6325e-08,6.35334e-07,2.33427,0.76325,6.353339999999999
mwir_std_flux,D:\HwaSimIR\HwaSim_IR\Bin\Config\Atmosphere\MODTRAN\raw\audit_mwir_standard_20260906\mwir_std_flux\spectral_flux.flx,,W/(cm^2 nm),W/(m^2 sr um),W/(m^2 um),value_si=value_native*1e7 (cm^-2/nm -> m^-2/um),3736.92,3.73692,5.0,2.17504e-07,7.67098e-08,6.37859e-07,2.17504,0.7670980000000001,6.37859
mwir_std_flux,D:\HwaSimIR\HwaSim_IR\Bin\Config\Atmosphere\MODTRAN\raw\audit_mwir_standard_20260906\mwir_std_flux\spectral_flux.flx,,W/(cm^2 nm),W/(m^2 sr um),W/(m^2 um),value_si=value_native*1e7 (cm^-2/nm -> m^-2/um),3735.52,3.73552,5.0,1.93788e-07,7.70089e-08,6.33411e-07,1.9378799999999998,0.770089,6.33411
mwir_std_flux,D:\HwaSimIR\HwaSim_IR\Bin\Config\Atmosphere\MODTRAN\raw\audit_mwir_standard_20260906\mwir_std_flux\spectral_flux.flx,,W/(cm^2 nm),W/(m^2 sr um),W/(m^2 um),value_si=value_native*1e7 (cm^-2/nm -> m^-2/um),3734.13,3.73413,5.0,2.00353e-07,7.7491e-08,6.33901e-07,2.00353,0.77491,6.33901
mwir_std_flux,D:\HwaSimIR\HwaSim_IR\Bin\Config\Atmosphere\MODTRAN\raw\audit_mwir_standard_20260906\mwir_std_flux\spectral_flux.flx,,W/(cm^2 nm),W/(m^2 sr um),W/(m^2 um),value_si=value_native*1e7 (cm^-2/nm -> m^-2/um),3732.74,3.7327399999999997,5.0,2.50551e-07,7.86678e-08,6.50888e-07,2.50551,0.786678,6.5088799999999996
mwir_std_flux,D:\HwaSimIR\HwaSim_IR\Bin\Config\Atmosphere\MODTRAN\raw\audit_mwir_standard_20260906\mwir_std_flux\spectral_flux.flx,,W/(cm^2 nm),W/(m^2 sr um),W/(m^2 um),value_si=value_native*1e7 (cm^-2/nm -> m^-2/um),3731.34,3.7313400000000003,5.0,2.49859e-07,7.89408e-08,6.54511e-07,2.49859,0.789408,6.54511
mwir_std_flux,D:\HwaSimIR\HwaSim_IR\Bin\Config\Atmosphere\MODTRAN\raw\audit_mwir_standard_20260906\mwir_std_flux\spectral_flux.flx,,W/(cm^2 nm),W/(m^2 sr um),W/(m^2 um),value_si=value_native*1e7 (cm^-2/nm -> m^-2/um),3729.95,3.7299499999999997,5.0,2.29367e-07,7.86085e-08,6.47644e-07,2.29367,0.786085,6.47644
mwir_std_flux,D:\HwaSimIR\HwaSim_IR\Bin\Config\Atmosphere\MODTRAN\raw\audit_mwir_standard_20260906\mwir_std_flux\spectral_flux.flx,,W/(cm^2 nm),W/(m^2 sr um),W/(m^2 um),value_si=value_native*1e7 (cm^-2/nm -> m^-2/um),3728.56,3.72856,5.0,2.70669e-07,7.90922e-08,6.56176e-07,2.70669,0.790922,6.5617600000000005
mwir_std_flux,D:\HwaSimIR\HwaSim_IR\Bin\Config\Atmosphere\MODTRAN\raw\audit_mwir_standard_20260906\mwir_std_flux\spectral_flux.flx,,W/(cm^2 nm),W/(m^2 sr um),W/(m^2 um),value_si=value_native*1e7 (cm^-2/nm -> m^-2/um),3727.17,3.72717,5.0,3.16787e-07,7.97512e-08,6.67114e-07,3.1678699999999997,0.797512,6.67114
mwir_std_flux,D:\HwaSimIR\HwaSim_IR\Bin\Config\Atmosphere\MODTRAN\raw\audit_mwir_standard_20260906\mwir_std_flux\spectral_flux.flx,,W/(cm^2 nm),W/(m^2 sr um),W/(m^2 um),value_si=value_native*1e7 (cm^-2/nm -> m^-2/um),3725.78,3.7257800000000003,5.0,3.28266e-07,8.01371e-08,6.71233e-07,3.28266,0.801371,6.71233
mwir_std_flux,D:\HwaSimIR\HwaSim_IR\Bin\Config\Atmosphere\MODTRAN\raw\audit_mwir_standard_20260906\mwir_std_flux\spectral_flux.flx,,W/(cm^2 nm),W/(m^2 sr um),W/(m^2 um),value_si=value_native*1e7 (cm^-2/nm -> m^-2/um),3724.39,3.72439,5.0,3.25519e-07,8.04933e-08,6.74724e-07,3.25519,0.8049329999999999,6.74724
mwir_std_flux,D:\HwaSimIR\HwaSim_IR\Bin\Config\Atmosphere\MODTRAN\raw\audit_mwir_standard_20260906\mwir_std_flux\spectral_flux.flx,,W/(cm^2 nm),W/(m^2 sr um),W/(m^2 um),value_si=value_native*1e7 (cm^-2/nm -> m^-2/um),3723.01,3.7230100000000004,5.0,3.19262e-07,8.08173e-08,6.78037e-07,3.1926200000000002,0.808173,6.78037
mwir_std_flux,D:\HwaSimIR\HwaSim_IR\Bin\Config\Atmosphere\MODTRAN\raw\audit_mwir_standard_20260906\mwir_std_flux\spectral_flux.flx,,W/(cm^2 nm),W/(m^2 sr um),W/(m^2 um),value_si=value_native*1e7 (cm^-2/nm -> m^-2/um),3721.62,3.7216199999999997,5.0,3.16389e-07,8.09878e-08,6.79783e-07,3.1638900000000003,0.809878,6.79783
mwir_std_flux,D:\HwaSimIR\HwaSim_IR\Bin\Config\Atmosphere\MODTRAN\raw\audit_mwir_standard_20260906\mwir_std_flux\spectral_flux.flx,,W/(cm^2 nm),W/(m^2 sr um),W/(m^2 um),value_si=value_native*1e7 (cm^-2/nm -> m^-2/um),3720.24,3.72024,5.0,3.10524e-07,8.09463e-08,6.79247e-07,3.1052400000000002,0.809463,6.79247
mwir_std_flux,D:\HwaSimIR\HwaSim_IR\Bin\Config\Atmosphere\MODTRAN\raw\audit_mwir_standard_20260906\mwir_std_flux\spectral_flux.flx,,W/(cm^2 nm),W/(m^2 sr um),W/(m^2 um),value_si=value_native*1e7 (cm^-2/nm -> m^-2/um),3718.85,3.7188499999999998,5.0,2.78715e-07,8.04771e-08,6.72741e-07,2.78715,0.804771,6.72741
mwir_std_flux,D:\HwaSimIR\HwaSim_IR\Bin\Config\Atmosphere\MODTRAN\raw\audit_mwir_standard_20260906\mwir_std_flux\spectral_flux.flx,,W/(cm^2 nm),W/(m^2 sr um),W/(m^2 um),value_si=value_native*1e7 (cm^-2/nm -> m^-2/um),3717.47,3.7174699999999996,5.0,2.53915e-07,7.99076e-08,6.65567e-07,2.5391500000000002,0.7990759999999999,6.65567
mwir_std_flux,D:\HwaSimIR\HwaSim_IR\Bin\Config\Atmosphere\MODTRAN\raw\audit_mwir_standard_20260906\mwir_std_flux\spectral_flux.flx,,W/(cm^2 nm),W/(m^2 sr um),W/(m^2 um),value_si=value_native*1e7 (cm^-2/nm -> m^-2/um),3716.09,3.7160900000000003,5.0,2.70959e-07,7.97748e-08,6.66191e-07,2.70959,0.797748,6.661910000000001
mwir_std_flux,D:\HwaSimIR\HwaSim_IR\Bin\Config\Atmosphere\MODTRAN\raw\audit_mwir_standard_20260906\mwir_std_flux\spectral_flux.flx,,W/(cm^2 nm),W/(m^2 sr um),W/(m^2 um),value_si=value_native*1e7 (cm^-2/nm -> m^-2/um),3714.71,3.71471,5.0,2.54368e-07,7.93791e-08,6.61368e-07,2.54368,0.793791,6.61368
mwir_std_flux,D:\HwaSimIR\HwaSim_IR\Bin\Config\Atmosphere\MODTRAN\raw\audit_mwir_standard_20260906\mwir_std_flux\spectral_flux.flx,,W/(cm^2 nm),W/(m^2 sr um),W/(m^2 um),value_si=value_native*1e7 (cm^-2/nm -> m^-2/um),3713.33,3.71333,5.0,2.19077e-07,7.8921e-08,6.53871e-07,2.19077,0.78921,6.53871
mwir_std_flux,D:\HwaSimIR\HwaSim_IR\Bin\Config\Atmosphere\MODTRAN\raw\audit_mwir_standard_20260906\mwir_std_flux\spectral_flux.flx,,W/(cm^2 nm),W/(m^2 sr um),W/(m^2 um),value_si=value_native*1e7 (cm^-2/nm -> m^-2/um),3711.95,3.71195,5.0,2.17349e-07,7.88957e-08,6.55275e-07,2.17349,0.788957,6.5527500000000005
mwir_std_flux,D:\HwaSimIR\HwaSim_IR\Bin\Config\Atmosphere\MODTRAN\raw\audit_mwir_standard_20260906\mwir_std_flux\spectral_flux.flx,,W/(cm^2 nm),W/(m^2 sr um),W/(m^2 um),value_si=value_native*1e7 (cm^-2/nm -> m^-2/um),3710.58,3.7105799999999998,5.0,2.15957e-07,7.84202e-08,6.53568e-07,2.15957,0.784202,6.53568
mwir_std_flux,D:\HwaSimIR\HwaSim_IR\Bin\Config\Atmosphere\MODTRAN\raw\audit_mwir_standard_20260906\mwir_std_flux\spectral_flux.flx,,W/(cm^2 nm),W/(m^2 sr um),W/(m^2 um),value_si=value_native*1e7 (cm^-2/nm -> m^-2/um),3709.2,3.7091999999999996,5.0,2.45445e-07,7.82933e-08,6.54715e-07,2.45445,0.782933,6.54715
mwir_std_flux,D:\HwaSimIR\HwaSim_IR\Bin\Config\Atmosphere\MODTRAN\raw\audit_mwir_standard_20260906\mwir_std_flux\spectral_flux.flx,,W/(cm^2 nm),W/(m^2 sr um),W/(m^2 um),value_si=value_native*1e7 (cm^-2/nm -> m^-2/um),3707.82,3.7078200000000003,5.0,2.92453e-07,7.92497e-08,6.65168e-07,2.92453,0.792497,6.65168
mwir_std_flux,D:\HwaSimIR\HwaSim_IR\Bin\Config\Atmosphere\MODTRAN\raw\audit_mwir_standard_20260906\mwir_std_flux\spectral_flux.flx,,W/(cm^2 nm),W/(m^2 sr um),W/(m^2 um),value_si=value_native*1e7 (cm^-2/nm -> m^-2/um),3706.45,3.70645,5.0,3.03703e-07,8.02089e-08,6.74159e-07,3.0370299999999997,0.8020889999999999,6.7415899999999995
mwir_std_flux,D:\HwaSimIR\HwaSim_IR\Bin\Config\Atmosphere\MODTRAN\raw\audit_mwir_standard_20260906\mwir_std_flux\spectral_flux.flx,,W/(cm^2 nm),W/(m^2 sr um),W/(m^2 um),value_si=value_native*1e7 (cm^-2/nm -> m^-2/um),3705.08,3.7050799999999997,5.0,3.07746e-07,8.0998e-08,6.81246e-07,3.07746,0.8099799999999999,6.812460000000001
mwir_std_flux,D:\HwaSimIR\HwaSim_IR\Bin\Config\Atmosphere\MODTRAN\raw\audit_mwir_standard_20260906\mwir_std_flux\spectral_flux.flx,,W/(cm^2 nm),W/(m^2 sr um),W/(m^2 um),value_si=value_native*1e7 (cm^-2/nm -> m^-2/um),3703.7,3.7037,5.0,3.27104e-07,8.15769e-08,6.85967e-07,3.27104,0.815769,6.85967
mwir_std_flux,D:\HwaSimIR\HwaSim_IR\Bin\Config\Atmosphere\MODTRAN\raw\audit_mwir_standard_20260906\mwir_std_flux\spectral_flux.flx,,W/(cm^2 nm),W/(m^2 sr um),W/(m^2 um),value_si=value_native*1e7 (cm^-2/nm -> m^-2/um),3702.33,3.70233,5.0,3.31886e-07,8.14614e-08,6.85003e-07,3.31886,0.814614,6.850029999999999
mwir_std_flux,D:\HwaSimIR\HwaSim_IR\Bin\Config\Atmosphere\MODTRAN\raw\audit_mwir_standard_20260906\mwir_std_flux\spectral_flux.flx,,W/(cm^2 nm),W/(m^2 sr um),W/(m^2 um),value_si=value_native*1e7 (cm^-2/nm -> m^-2/um),3700.96,3.7009600000000002,5.0,3.18666e-07,8.09809e-08,6.81461e-07,3.18666,0.809809,6.81461
mwir_std_flux,D:\HwaSimIR\HwaSim_IR\Bin\Config\Atmosphere\MODTRAN\raw\audit_mwir_standard_20260906\mwir_std_flux\spectral_flux.flx,,W/(cm^2 nm),W/(m^2 sr um),W/(m^2 um),value_si=value_native*1e7 (cm^-2/nm -> m^-2/um),3699.59,3.69959,5.0,3.17216e-07,8.0827e-08,6.80347e-07,3.1721600000000003,0.80827,6.80347
mwir_std_flux,D:\HwaSimIR\HwaSim_IR\Bin\Config\Atmosphere\MODTRAN\raw\audit_mwir_standard_20260906\mwir_std_flux\spectral_flux.flx,,W/(cm^2 nm),W/(m^2 sr um),W/(m^2 um),value_si=value_native*1e7 (cm^-2/nm -> m^-2/um),3698.22,3.6982199999999996,5.0,3.21415e-07,8.0904e-08,6.80889e-07,3.21415,0.80904,6.80889
mwir_std_flux,D:\HwaSimIR\HwaSim_IR\Bin\Config\Atmosphere\MODTRAN\raw\audit_mwir_standard_20260906\mwir_std_flux\spectral_flux.flx,,W/(cm^2 nm),W/(m^2 sr um),W/(m^2 um),value_si=value_native*1e7 (cm^-2/nm -> m^-2/um),3696.86,3.69686,5.0,3.05433e-07,8.09547e-08,6.81572e-07,3.0543299999999998,0.809547,6.815720000000001
mwir_std_flux,D:\HwaSimIR\HwaSim_IR\Bin\Config\Atmosphere\MODTRAN\raw\audit_mwir_standard_20260906\mwir_std_flux\spectral_flux.flx,,W/(cm^2 nm),W/(m^2 sr um),W/(m^2 um),value_si=value_native*1e7 (cm^-2/nm -> m^-2/um),3695.49,3.69549,5.0,2.75538e-07,8.12735e-08,6.84846e-07,2.7553799999999997,0.812735,6.84846
mwir_std_flux,D:\HwaSimIR\HwaSim_IR\Bin\Config\Atmosphere\MODTRAN\raw\audit_mwir_standard_20260906\mwir_std_flux\spectral_flux.flx,,W/(cm^2 nm),W/(m^2 sr um),W/(m^2 um),value_si=value_native*1e7 (cm^-2/nm -> m^-2/um),3694.13,3.69413,5.0,2.44049e-07,8.15087e-08,6.86184e-07,2.44049,0.815087,6.86184
mwir_std_flux,D:\HwaSimIR\HwaSim_IR\Bin\Config\Atmosphere\MODTRAN\raw\audit_mwir_standard_20260906\mwir_std_flux\spectral_flux.flx,,W/(cm^2 nm),W/(m^2 sr um),W/(m^2 um),value_si=value_native*1e7 (cm^-2/nm -> m^-2/um),3692.76,3.6927600000000003,5.0,2.20567e-07,8.1386e-08,6.84351e-07,2.20567,0.81386,6.84351
mwir_std_flux,D:\HwaSimIR\HwaSim_IR\Bin\Config\Atmosphere\MODTRAN\raw\audit_mwir_standard_20260906\mwir_std_flux\spectral_flux.flx,,W/(cm^2 nm),W/(m^2 sr um),W/(m^2 um),value_si=value_native*1e7 (cm^-2/nm -> m^-2/um),3691.4,3.6914000000000002,5.0,2.29323e-07,8.15639e-08,6.87408e-07,2.29323,0.815639,6.87408
mwir_std_flux,D:\HwaSimIR\HwaSim_IR\Bin\Config\Atmosphere\MODTRAN\raw\audit_mwir_standard_20260906\mwir_std_flux\spectral_flux.flx,,W/(cm^2 nm),W/(m^2 sr um),W/(m^2 um),value_si=value_native*1e7 (cm^-2/nm -> m^-2/um),3690.04,3.6900399999999998,5.0,2.46615e-07,8.13511e-08,6.86636e-07,2.46615,0.813511,6.866359999999999
mwir_std_flux,D:\HwaSimIR\HwaSim_IR\Bin\Config\Atmosphere\MODTRAN\raw\audit_mwir_standard_20260906\mwir_std_flux\spectral_flux.flx,,W/(cm^2 nm),W/(m^2 sr um),W/(m^2 um),value_si=value_native*1e7 (cm^-2/nm -> m^-2/um),3688.68,3.6886799999999997,5.0,2.44244e-07,7.98074e-08,6.72252e-07,2.4424400000000004,0.7980740000000001,6.722519999999999
mwir_std_flux,D:\HwaSimIR\HwaSim_IR\Bin\Config\Atmosphere\MODTRAN\raw\audit_mwir_standard_20260906\mwir_std_flux\spectral_flux.flx,,W/(cm^2 nm),W/(m^2 sr um),W/(m^2 um),value_si=value_native*1e7 (cm^-2/nm -> m^-2/um),3687.32,3.68732,5.0,2.47637e-07,7.937e-08,6.68122e-07,2.4763699999999997,0.7937000000000001,6.68122
mwir_std_flux,D:\HwaSimIR\HwaSim_IR\Bin\Config\Atmosphere\MODTRAN\raw\audit_mwir_standard_20260906\mwir_std_flux\spectral_flux.flx,,W/(cm^2 nm),W/(m^2 sr um),W/(m^2 um),value_si=value_native*1e7 (cm^-2/nm -> m^-2/um),3685.96,3.68596,5.0,2.5798e-07,8.10673e-08,6.83891e-07,2.5797999999999996,0.810673,6.83891
mwir_std_flux,D:\HwaSimIR\HwaSim_IR\Bin\Config\Atmosphere\MODTRAN\raw\audit_mwir_standard_20260906\mwir_std_flux\spectral_flux.flx,,W/(cm^2 nm),W/(m^2 sr um),W/(m^2 um),value_si=value_native*1e7 (cm^-2/nm -> m^-2/um),3684.6,3.6846,5.0,2.29612e-07,8.16351e-08,6.88127e-07,2.29612,0.8163509999999999,6.881270000000001
mwir_std_flux,D:\HwaSimIR\HwaSim_IR\Bin\Config\Atmosphere\MODTRAN\raw\audit_mwir_standard_20260906\mwir_std_flux\spectral_flux.flx,,W/(cm^2 nm),W/(m^2 sr um),W/(m^2 um),value_si=value_native*1e7 (cm^-2/nm -> m^-2/um),3683.24,3.6832399999999996,5.0,1.73475e-07,8.06543e-08,6.77506e-07,1.73475,0.806543,6.775060000000001
mwir_std_flux,D:\HwaSimIR\HwaSim_IR\Bin\Config\Atmosphere\MODTRAN\raw\audit_mwir_standard_20260906\mwir_std_flux\spectral_flux.flx,,W/(cm^2 nm),W/(m^2 sr um),W/(m^2 um),value_si=value_native*1e7 (cm^-2/nm -> m^-2/um),3681.89,3.6818899999999997,5.0,1.53659e-07,8.03045e-08,6.74783e-07,1.5365900000000001,0.803045,6.74783
mwir_std_flux,D:\HwaSimIR\HwaSim_IR\Bin\Config\Atmosphere\MODTRAN\raw\audit_mwir_standard_20260906\mwir_std_flux\spectral_flux.flx,,W/(cm^2 nm),W/(m^2 sr um),W/(m^2 um),value_si=value_native*1e7 (cm^-2/nm -> m^-2/um),3680.53,3.68053,5.0,1.62846e-07,8.071e-08,6.78977e-07,1.62846,0.8071,6.78977
mwir_std_flux,D:\HwaSimIR\HwaSim_IR\Bin\Config\Atmosphere\MODTRAN\raw\audit_mwir_standard_20260906\mwir_std_flux\spectral_flux.flx,,W/(cm^2 nm),W/(m^2 sr um),W/(m^2 um),value_si=value_native*1e7 (cm^-2/nm -> m^-2/um),3679.18,3.6791799999999997,5.0,1.57462e-07,8.12016e-08,6.77725e-07,1.5746200000000001,0.8120160000000001,6.77725
mwir_std_flux,D:\HwaSimIR\HwaSim_IR\Bin\Config\Atmosphere\MODTRAN\raw\audit_mwir_standard_20260906\mwir_std_flux\spectral_flux.flx,,W/(cm^2 nm),W/(m^2 sr um),W/(m^2 um),value_si=value_native*1e7 (cm^-2/nm -> m^-2/um),3677.82,3.67782,5.0,1.308e-07,8.11747e-08,6.61702e-07,1.308,0.811747,6.61702
mwir_std_flux,D:\HwaSimIR\HwaSim_IR\Bin\Config\Atmosphere\MODTRAN\raw\audit_mwir_standard_20260906\mwir_std_flux\spectral_flux.flx,,W/(cm^2 nm),W/(m^2 sr um),W/(m^2 um),value_si=value_native*1e7 (cm^-2/nm -> m^-2/um),3676.47,3.6764699999999997,5.0,1.00036e-07,8.05344e-08,6.39285e-07,1.00036,0.805344,6.39285
mwir_std_flux,D:\HwaSimIR\HwaSim_IR\Bin\Config\Atmosphere\MODTRAN\raw\audit_mwir_standard_20260906\mwir_std_flux\spectral_flux.flx,,W/(cm^2 nm),W/(m^2 sr um),W/(m^2 um),value_si=value_native*1e7 (cm^-2/nm -> m^-2/um),3675.12,3.6751199999999997,5.0,8.56614e-08,8.01799e-08,6.29323e-07,0.856614,0.801799,6.293229999999999
mwir_std_flux,D:\HwaSimIR\HwaSim_IR\Bin\Config\Atmosphere\MODTRAN\raw\audit_mwir_standard_20260906\mwir_std_flux\spectral_flux.flx,,W/(cm^2 nm),W/(m^2 sr um),W/(m^2 um),value_si=value_native*1e7 (cm^-2/nm -> m^-2/um),3673.77,3.67377,5.0,8.45808e-08,8.0148e-08,6.28555e-07,0.845808,0.80148,6.285550000000001
mwir_std_flux,D:\HwaSimIR\HwaSim_IR\Bin\Config\Atmosphere\MODTRAN\raw\audit_mwir_standard_20260906\mwir_std_flux\spectral_flux.flx,,W/(cm^2 nm),W/(m^2 sr um),W/(m^2 um),value_si=value_native*1e7 (cm^-2/nm -> m^-2/um),3672.42,3.6724200000000002,5.0,1.00283e-07,8.0401e-08,6.39392e-07,1.0028299999999999,0.8040100000000001,6.39392
mwir_std_flux,D:\HwaSimIR\HwaSim_IR\Bin\Config\Atmosphere\MODTRAN\raw\audit_mwir_standard_20260906\mwir_std_flux\spectral_flux.flx,,W/(cm^2 nm),W/(m^2 sr um),W/(m^2 um),value_si=value_native*1e7 (cm^-2/nm -> m^-2/um),3671.07,3.6710700000000003,5.0,1.54479e-07,8.15987e-08,6.69148e-07,1.5447899999999999,0.815987,6.69148
mwir_std_flux,D:\HwaSimIR\HwaSim_IR\Bin\Config\Atmosphere\MODTRAN\raw\audit_mwir_standard_20260906\mwir_std_flux\spectral_flux.flx,,W/(cm^2 nm),W/(m^2 sr um),W/(m^2 um),value_si=value_native*1e7 (cm^-2/nm -> m^-2/um),3669.72,3.66972,5.0,1.92846e-07,8.19477e-08,6.84753e-07,1.92846,0.819477,6.84753
mwir_std_flux,D:\HwaSimIR\HwaSim_IR\Bin\Config\Atmosphere\MODTRAN\raw\audit_mwir_standard_20260906\mwir_std_flux\spectral_flux.flx,,W/(cm^2 nm),W/(m^2 sr um),W/(m^2 um),value_si=value_native*1e7 (cm^-2/nm -> m^-2/um),3668.38,3.66838,5.0,1.86665e-07,8.00722e-08,6.6857e-07,1.8666500000000001,0.800722,6.6857
mwir_std_flux,D:\HwaSimIR\HwaSim_IR\Bin\Config\Atmosphere\MODTRAN\raw\audit_mwir_standard_20260906\mwir_std_flux\spectral_flux.flx,,W/(cm^2 nm),W/(m^2 sr um),W/(m^2 um),value_si=value_native*1e7 (cm^-2/nm -> m^-2/um),3667.03,3.66703,5.0,2.20341e-07,7.9817e-08,6.67213e-07,2.20341,0.79817,6.67213
mwir_std_flux,D:\HwaSimIR\HwaSim_IR\Bin\Config\Atmosphere\MODTRAN\raw\audit_mwir_standard_20260906\mwir_std_flux\spectral_flux.flx,,W/(cm^2 nm),W/(m^2 sr um),W/(m^2 um),value_si=value_native*1e7 (cm^-2/nm -> m^-2/um),3665.69,3.66569,5.0,2.84508e-07,8.27537e-08,6.9726e-07,2.84508,0.827537,6.972600000000001
mwir_std_flux,D:\HwaSimIR\HwaSim_IR\Bin\Config\Atmosphere\MODTRAN\raw\audit_mwir_standard_20260906\mwir_std_flux\spectral_flux.flx,,W/(cm^2 nm),W/(m^2 sr um),W/(m^2 um),value_si=value_native*1e7 (cm^-2/nm -> m^-2/um),3664.35,3.6643499999999998,5.0,2.9311e-07,8.45214e-08,7.1523e-07,2.9311000000000003,0.845214,7.1523
mwir_std_flux,D:\HwaSimIR\HwaSim_IR\Bin\Config\Atmosphere\MODTRAN\raw\audit_mwir_standard_20260906\mwir_std_flux\spectral_flux.flx,,W/(cm^2 nm),W/(m^2 sr um),W/(m^2 um),value_si=value_native*1e7 (cm^-2/nm -> m^-2/um),3663.0,3.663,5.0,2.54323e-07,8.41126e-08,7.11963e-07,2.54323,0.8411259999999999,7.11963
mwir_std_flux,D:\HwaSimIR\HwaSim_IR\Bin\Config\Atmosphere\MODTRAN\raw\audit_mwir_standard_20260906\mwir_std_flux\spectral_flux.flx,,W/(cm^2 nm),W/(m^2 sr um),W/(m^2 um),value_si=value_native*1e7 (cm^-2/nm -> m^-2/um),3661.66,3.66166,5.0,2.45051e-07,8.41378e-08,7.11763e-07,2.45051,0.841378,7.11763
mwir_std_flux,D:\HwaSimIR\HwaSim_IR\Bin\Config\Atmosphere\MODTRAN\raw\audit_mwir_standard_20260906\mwir_std_flux\spectral_flux.flx,,W/(cm^2 nm),W/(m^2 sr um),W/(m^2 um),value_si=value_native*1e7 (cm^-2/nm -> m^-2/um),3660.32,3.66032,5.0,2.88168e-07,8.49427e-08,7.18593e-07,2.8816800000000002,0.849427,7.18593
mwir_std_flux,D:\HwaSimIR\HwaSim_IR\Bin\Config\Atmosphere\MODTRAN\raw\audit_mwir_standard_20260906\mwir_std_flux\spectral_flux.flx,,W/(cm^2 nm),W/(m^2 sr um),W/(m^2 um),value_si=value_native*1e7 (cm^-2/nm -> m^-2/um),3658.98,3.65898,5.0,3.32578e-07,8.55019e-08,7.23324e-07,3.32578,0.855019,7.23324
mwir_std_flux,D:\HwaSimIR\HwaSim_IR\Bin\Config\Atmosphere\MODTRAN\raw\audit_mwir_standard_20260906\mwir_std_flux\spectral_flux.flx,,W/(cm^2 nm),W/(m^2 sr um),W/(m^2 um),value_si=value_native*1e7 (cm^-2/nm -> m^-2/um),3657.64,3.65764,5.0,3.45975e-07,8.56047e-08,7.24166e-07,3.45975,0.856047,7.24166
mwir_std_flux,D:\HwaSimIR\HwaSim_IR\Bin\Config\Atmosphere\MODTRAN\raw\audit_mwir_standard_20260906\mwir_std_flux\spectral_flux.flx,,W/(cm^2 nm),W/(m^2 sr um),W/(m^2 um),value_si=value_native*1e7 (cm^-2/nm -> m^-2/um),3656.31,3.65631,5.0,3.2575e-07,8.53164e-08,7.22617e-07,3.2575000000000003,0.853164,7.22617
mwir_std_flux,D:\HwaSimIR\HwaSim_IR\Bin\Config\Atmosphere\MODTRAN\raw\audit_mwir_standard_20260906\mwir_std_flux\spectral_flux.flx,,W/(cm^2 nm),W/(m^2 sr um),W/(m^2 um),value_si=value_native*1e7 (cm^-2/nm -> m^-2/um),3654.97,3.6549699999999996,5.0,2.86528e-07,8.47182e-08,7.18769e-07,2.8652800000000003,0.847182,7.18769
mwir_std_flux,D:\HwaSimIR\HwaSim_IR\Bin\Config\Atmosphere\MODTRAN\raw\audit_mwir_standard_20260906\mwir_std_flux\spectral_flux.flx,,W/(cm^2 nm),W/(m^2 sr um),W/(m^2 um),value_si=value_native*1e7 (cm^-2/nm -> m^-2/um),3653.64,3.6536399999999998,5.0,2.55889e-07,8.42688e-08,7.15086e-07,2.5588900000000003,0.842688,7.15086
mwir_std_flux,D:\HwaSimIR\HwaSim_IR\Bin\Config\Atmosphere\MODTRAN\raw\audit_mwir_standard_20260906\mwir_std_flux\spectral_flux.flx,,W/(cm^2 nm),W/(m^2 sr um),W/(m^2 um),value_si=value_native*1e7 (cm^-2/nm -> m^-2/um),3652.3,3.6523000000000003,5.0,2.30689e-07,8.38768e-08,7.09884e-07,2.30689,0.8387680000000001,7.098839999999999
mwir_std_flux,D:\HwaSimIR\HwaSim_IR\Bin\Config\Atmosphere\MODTRAN\raw\audit_mwir_standard_20260906\mwir_std_flux\spectral_flux.flx,,W/(cm^2 nm),W/(m^2 sr um),W/(m^2 um),value_si=value_native*1e7 (cm^-2/nm -> m^-2/um),3650.97,3.6509699999999996,5.0,2.33624e-07,8.40115e-08,7.09122e-07,2.33624,0.840115,7.09122
mwir_std_flux,D:\HwaSimIR\HwaSim_IR\Bin\Config\Atmosphere\MODTRAN\raw\audit_mwir_standard_20260906\mwir_std_flux\spectral_flux.flx,,W/(cm^2 nm),W/(m^2 sr um),W/(m^2 um),value_si=value_native*1e7 (cm^-2/nm -> m^-2/um),3649.64,3.6496399999999998,5.0,2.7871e-07,8.43265e-08,7.1164e-07,2.7870999999999997,0.8432649999999999,7.1164000000000005
mwir_std_flux,D:\HwaSimIR\HwaSim_IR\Bin\Config\Atmosphere\MODTRAN\raw\audit_mwir_standard_20260906\mwir_std_flux\spectral_flux.flx,,W/(cm^2 nm),W/(m^2 sr um),W/(m^2 um),value_si=value_native*1e7 (cm^-2/nm -> m^-2/um),3648.3,3.6483000000000003,5.0,2.94762e-07,8.22992e-08,6.94087e-07,2.9476199999999997,0.822992,6.94087
mwir_std_flux,D:\HwaSimIR\HwaSim_IR\Bin\Config\Atmosphere\MODTRAN\raw\audit_mwir_standard_20260906\mwir_std_flux\spectral_flux.flx,,W/(cm^2 nm),W/(m^2 sr um),W/(m^2 um),value_si=value_native*1e7 (cm^-2/nm -> m^-2/um),3646.97,3.6469699999999996,5.0,2.81892e-07,8.02981e-08,6.77045e-07,2.81892,0.8029810000000001,6.77045
mwir_std_flux,D:\HwaSimIR\HwaSim_IR\Bin\Config\Atmosphere\MODTRAN\raw\audit_mwir_standard_20260906\mwir_std_flux\spectral_flux.flx,,W/(cm^2 nm),W/(m^2 sr um),W/(m^2 um),value_si=value_native*1e7 (cm^-2/nm -> m^-2/um),3645.64,3.6456399999999998,5.0,2.89038e-07,8.21854e-08,6.94829e-07,2.89038,0.821854,6.948289999999999
mwir_std_flux,D:\HwaSimIR\HwaSim_IR\Bin\Config\Atmosphere\MODTRAN\raw\audit_mwir_standard_20260906\mwir_std_flux\spectral_flux.flx,,W/(cm^2 nm),W/(m^2 sr um),W/(m^2 um),value_si=value_native*1e7 (cm^-2/nm -> m^-2/um),3644.31,3.64431,5.0,3.06492e-07,8.51781e-08,7.22325e-07,3.06492,0.851781,7.22325
mwir_std_flux,D:\HwaSimIR\HwaSim_IR\Bin\Config\Atmosphere\MODTRAN\raw\audit_mwir_standard_20260906\mwir_std_flux\spectral_flux.flx,,W/(cm^2 nm),W/(m^2 sr um),W/(m^2 um),value_si=value_native*1e7 (cm^-2/nm -> m^-2/um),3642.99,3.6429899999999997,5.0,3.25781e-07,8.65038e-08,7.34178e-07,3.25781,0.865038,7.34178
mwir_std_flux,D:\HwaSimIR\HwaSim_IR\Bin\Config\Atmosphere\MODTRAN\raw\audit_mwir_standard_20260906\mwir_std_flux\spectral_flux.flx,,W/(cm^2 nm),W/(m^2 sr um),W/(m^2 um),value_si=value_native*1e7 (cm^-2/nm -> m^-2/um),3641.66,3.64166,5.0,3.30546e-07,8.66802e-08,7.35468e-07,3.30546,0.8668020000000001,7.354679999999999
mwir_std_flux,D:\HwaSimIR\HwaSim_IR\Bin\Config\Atmosphere\MODTRAN\raw\audit_mwir_standard_20260906\mwir_std_flux\spectral_flux.flx,,W/(cm^2 nm),W/(m^2 sr um),W/(m^2 um),value_si=value_native*1e7 (cm^-2/nm -> m^-2/um),3640.33,3.64033,5.0,3.1967e-07,8.6555e-08,7.34726e-07,3.1967,0.8655499999999999,7.34726
mwir_std_flux,D:\HwaSimIR\HwaSim_IR\Bin\Config\Atmosphere\MODTRAN\raw\audit_mwir_standard_20260906\mwir_std_flux\spectral_flux.flx,,W/(cm^2 nm),W/(m^2 sr um),W/(m^2 um),value_si=value_native*1e7 (cm^-2/nm -> m^-2/um),3639.01,3.6390100000000003,5.0,3.22954e-07,8.66134e-08,7.3549e-07,3.22954,0.8661340000000001,7.354900000000001
mwir_std_flux,D:\HwaSimIR\HwaSim_IR\Bin\Config\Atmosphere\MODTRAN\raw\audit_mwir_standard_20260906\mwir_std_flux\spectral_flux.flx,,W/(cm^2 nm),W/(m^2 sr um),W/(m^2 um),value_si=value_native*1e7 (cm^-2/nm -> m^-2/um),3637.69,3.63769,5.0,3.24198e-07,8.65624e-08,7.3463e-07,3.24198,0.865624,7.3463
mwir_std_flux,D:\HwaSimIR\HwaSim_IR\Bin\Config\Atmosphere\MODTRAN\raw\audit_mwir_standard_20260906\mwir_std_flux\spectral_flux.flx,,W/(cm^2 nm),W/(m^2 sr um),W/(m^2 um),value_si=value_native*1e7 (cm^-2/nm -> m^-2/um),3636.36,3.6363600000000003,5.0,2.81622e-07,8.60406e-08,7.26765e-07,2.81622,0.860406,7.26765
mwir_std_flux,D:\HwaSimIR\HwaSim_IR\Bin\Config\Atmosphere\MODTRAN\raw\audit_mwir_standard_20260906\mwir_std_flux\spectral_flux.flx,,W/(cm^2 nm),W/(m^2 sr um),W/(m^2 um),value_si=value_native*1e7 (cm^-2/nm -> m^-2/um),3635.04,3.63504,5.0,2.33833e-07,8.5732e-08,7.21681e-07,2.33833,0.8573200000000001,7.21681
mwir_std_flux,D:\HwaSimIR\HwaSim_IR\Bin\Config\Atmosphere\MODTRAN\raw\audit_mwir_standard_20260906\mwir_std_flux\spectral_flux.flx,,W/(cm^2 nm),W/(m^2 sr um),W/(m^2 um),value_si=value_native*1e7 (cm^-2/nm -> m^-2/um),3633.72,3.63372,5.0,2.31255e-07,8.6107e-08,7.28626e-07,2.31255,0.86107,7.2862599999999995
mwir_std_flux,D:\HwaSimIR\HwaSim_IR\Bin\Config\Atmosphere\MODTRAN\raw\audit_mwir_standard_20260906\mwir_std_flux\spectral_flux.flx,,W/(cm^2 nm),W/(m^2 sr um),W/(m^2 um),value_si=value_native*1e7 (cm^-2/nm -> m^-2/um),3632.4,3.6324,5.0,2.33327e-07,8.64062e-08,7.29356e-07,2.33327,0.864062,7.29356
mwir_std_flux,D:\HwaSimIR\HwaSim_IR\Bin\Config\Atmosphere\MODTRAN\raw\audit_mwir_standard_20260906\mwir_std_flux\spectral_flux.flx,,W/(cm^2 nm),W/(m^2 sr um),W/(m^2 um),value_si=value_native*1e7 (cm^-2/nm -> m^-2/um),3631.08,3.63108,5.0,2.45901e-07,8.67632e-08,7.26651e-07,2.45901,0.8676320000000001,7.26651
mwir_std_flux,D:\HwaSimIR\HwaSim_IR\Bin\Config\Atmosphere\MODTRAN\raw\audit_mwir_standard_20260906\mwir_std_flux\spectral_flux.flx,,W/(cm^2 nm),W/(m^2 sr um),W/(m^2 um),value_si=value_native*1e7 (cm^-2/nm -> m^-2/um),3629.76,3.62976,5.0,2.78524e-07,8.68509e-08,7.30736e-07,2.78524,0.868509,7.30736
mwir_std_flux,D:\HwaSimIR\HwaSim_IR\Bin\Config\Atmosphere\MODTRAN\raw\audit_mwir_standard_20260906\mwir_std_flux\spectral_flux.flx,,W/(cm^2 nm),W/(m^2 sr um),W/(m^2 um),value_si=value_native*1e7 (cm^-2/nm -> m^-2/um),3628.45,3.62845,5.0,2.58197e-07,8.51968e-08,7.17999e-07,2.58197,0.851968,7.17999
mwir_std_flux,D:\HwaSimIR\HwaSim_IR\Bin\Config\Atmosphere\MODTRAN\raw\audit_mwir_standard_20260906\mwir_std_flux\spectral_flux.flx,,W/(cm^2 nm),W/(m^2 sr um),W/(m^2 um),value_si=value_native*1e7 (cm^-2/nm -> m^-2/um),3627.13,3.62713,5.0,2.20981e-07,8.30187e-08,6.97241e-07,2.20981,0.8301869999999999,6.97241
mwir_std_flux,D:\HwaSimIR\HwaSim_IR\Bin\Config\Atmosphere\MODTRAN\raw\audit_mwir_standard_20260906\mwir_std_flux\spectral_flux.flx,,W/(cm^2 nm),W/(m^2 sr um),W/(m^2 um),value_si=value_native*1e7 (cm^-2/nm -> m^-2/um),3625.82,3.62582,5.0,2.45594e-07,8.34132e-08,7.05228e-07,2.45594,0.8341320000000001,7.05228
mwir_std_flux,D:\HwaSimIR\HwaSim_IR\Bin\Config\Atmosphere\MODTRAN\raw\audit_mwir_standard_20260906\mwir_std_flux\spectral_flux.flx,,W/(cm^2 nm),W/(m^2 sr um),W/(m^2 um),value_si=value_native*1e7 (cm^-2/nm -> m^-2/um),3624.5,3.6245,5.0,2.98558e-07,8.60323e-08,7.32153e-07,2.98558,0.8603230000000001,7.32153
mwir_std_flux,D:\HwaSimIR\HwaSim_IR\Bin\Config\Atmosphere\MODTRAN\raw\audit_mwir_standard_20260906\mwir_std_flux\spectral_flux.flx,,W/(cm^2 nm),W/(m^2 sr um),W/(m^2 um),value_si=value_native*1e7 (cm^-2/nm -> m^-2/um),3623.19,3.62319,5.0,3.34396e-07,8.77167e-08,7.46695e-07,3.34396,0.877167,7.46695
mwir_std_flux,D:\HwaSimIR\HwaSim_IR\Bin\Config\Atmosphere\MODTRAN\raw\audit_mwir_standard_20260906\mwir_std_flux\spectral_flux.flx,,W/(cm^2 nm),W/(m^2 sr um),W/(m^2 um),value_si=value_native*1e7 (cm^-2/nm -> m^-2/um),3621.88,3.62188,5.0,3.43218e-07,8.79444e-08,7.48521e-07,3.4321800000000002,0.879444,7.4852099999999995
mwir_std_flux,D:\HwaSimIR\HwaSim_IR\Bin\Config\Atmosphere\MODTRAN\raw\audit_mwir_standard_20260906\mwir_std_flux\spectral_flux.flx,,W/(cm^2 nm),W/(m^2 sr um),W/(m^2 um),value_si=value_native*1e7 (cm^-2/nm -> m^-2/um),3620.56,3.62056,5.0,3.36639e-07,8.80519e-08,7.49902e-07,3.36639,0.8805189999999999,7.49902
mwir_std_flux,D:\HwaSimIR\HwaSim_IR\Bin\Config\Atmosphere\MODTRAN\raw\audit_mwir_standard_20260906\mwir_std_flux\spectral_flux.flx,,W/(cm^2 nm),W/(m^2 sr um),W/(m^2 um),value_si=value_native*1e7 (cm^-2/nm -> m^-2/um),3619.25,3.61925,5.0,3.20234e-07,8.81941e-08,7.50882e-07,3.20234,0.881941,7.50882
mwir_std_flux,D:\HwaSimIR\HwaSim_IR\Bin\Config\Atmosphere\MODTRAN\raw\audit_mwir_standard_20260906\mwir_std_flux\spectral_flux.flx,,W/(cm^2 nm),W/(m^2 sr um),W/(m^2 um),value_si=value_native*1e7 (cm^-2/nm -> m^-2/um),3617.95,3.61795,5.0,2.7362e-07,8.79147e-08,7.42834e-07,2.7361999999999997,0.879147,7.4283399999999995
mwir_std_flux,D:\HwaSimIR\HwaSim_IR\Bin\Config\Atmosphere\MODTRAN\raw\audit_mwir_standard_20260906\mwir_std_flux\spectral_flux.flx,,W/(cm^2 nm),W/(m^2 sr um),W/(m^2 um),value_si=value_native*1e7 (cm^-2/nm -> m^-2/um),3616.64,3.61664,5.0,2.40026e-07,8.76985e-08,7.34713e-07,2.4002600000000003,0.876985,7.34713
mwir_std_flux,D:\HwaSimIR\HwaSim_IR\Bin\Config\Atmosphere\MODTRAN\raw\audit_mwir_standard_20260906\mwir_std_flux\spectral_flux.flx,,W/(cm^2 nm),W/(m^2 sr um),W/(m^2 um),value_si=value_native*1e7 (cm^-2/nm -> m^-2/um),3615.33,3.6153299999999997,5.0,2.30991e-07,8.74399e-08,7.31025e-07,2.30991,0.874399,7.31025
mwir_std_flux,D:\HwaSimIR\HwaSim_IR\Bin\Config\Atmosphere\MODTRAN\raw\audit_mwir_standard_20260906\mwir_std_flux\spectral_flux.flx,,W/(cm^2 nm),W/(m^2 sr um),W/(m^2 um),value_si=value_native*1e7 (cm^-2/nm -> m^-2/um),3614.02,3.61402,5.0,2.05694e-07,8.64174e-08,7.23003e-07,2.05694,0.8641739999999999,7.23003
mwir_std_flux,D:\HwaSimIR\HwaSim_IR\Bin\Config\Atmosphere\MODTRAN\raw\audit_mwir_standard_20260906\mwir_std_flux\spectral_flux.flx,,W/(cm^2 nm),W/(m^2 sr um),W/(m^2 um),value_si=value_native*1e7 (cm^-2/nm -> m^-2/um),3612.72,3.61272,5.0,1.97487e-07,8.58005e-08,7.22998e-07,1.97487,0.858005,7.22998
mwir_std_flux,D:\HwaSimIR\HwaSim_IR\Bin\Config\Atmosphere\MODTRAN\raw\audit_mwir_standard_20260906\mwir_std_flux\spectral_flux.flx,,W/(cm^2 nm),W/(m^2 sr um),W/(m^2 um),value_si=value_native*1e7 (cm^-2/nm -> m^-2/um),3611.41,3.61141,5.0,2.00376e-07,8.61799e-08,7.29833e-07,2.0037599999999998,0.861799,7.298330000000001
mwir_std_flux,D:\HwaSimIR\HwaSim_IR\Bin\Config\Atmosphere\MODTRAN\raw\audit_mwir_standard_20260906\mwir_std_flux\spectral_flux.flx,,W/(cm^2 nm),W/(m^2 sr um),W/(m^2 um),value_si=value_native*1e7 (cm^-2/nm -> m^-2/um),3610.11,3.61011,5.0,2.1297e-07,8.65425e-08,7.33271e-07,2.1297,0.865425,7.33271
mwir_std_flux,D:\HwaSimIR\HwaSim_IR\Bin\Config\Atmosphere\MODTRAN\raw\audit_mwir_standard_20260906\mwir_std_flux\spectral_flux.flx,,W/(cm^2 nm),W/(m^2 sr um),W/(m^2 um),value_si=value_native*1e7 (cm^-2/nm -> m^-2/um),3608.81,3.60881,5.0,2.19244e-07,8.44783e-08,7.13166e-07,2.19244,0.844783,7.13166
mwir_std_flux,D:\HwaSimIR\HwaSim_IR\Bin\Config\Atmosphere\MODTRAN\raw\audit_mwir_standard_20260906\mwir_std_flux\spectral_flux.flx,,W/(cm^2 nm),W/(m^2 sr um),W/(m^2 um),value_si=value_native*1e7 (cm^-2/nm -> m^-2/um),3607.5,3.6075,5.0,2.02534e-07,8.14676e-08,6.84252e-07,2.02534,0.8146760000000001,6.84252
mwir_std_flux,D:\HwaSimIR\HwaSim_IR\Bin\Config\Atmosphere\MODTRAN\raw\audit_mwir_standard_20260906\mwir_std_flux\spectral_flux.flx,,W/(cm^2 nm),W/(m^2 sr um),W/(m^2 um),value_si=value_native*1e7 (cm^-2/nm -> m^-2/um),3606.2,3.6062,5.0,2.37303e-07,8.24413e-08,6.97727e-07,2.37303,0.8244130000000001,6.97727
mwir_std_flux,D:\HwaSimIR\HwaSim_IR\Bin\Config\Atmosphere\MODTRAN\raw\audit_mwir_standard_20260906\mwir_std_flux\spectral_flux.flx,,W/(cm^2 nm),W/(m^2 sr um),W/(m^2 um),value_si=value_native*1e7 (cm^-2/nm -> m^-2/um),3604.9,3.6049,5.0,3.03532e-07,8.58457e-08,7.32448e-07,3.03532,0.8584569999999999,7.32448
mwir_std_flux,D:\HwaSimIR\HwaSim_IR\Bin\Config\Atmosphere\MODTRAN\raw\audit_mwir_standard_20260906\mwir_std_flux\spectral_flux.flx,,W/(cm^2 nm),W/(m^2 sr um),W/(m^2 um),value_si=value_native*1e7 (cm^-2/nm -> m^-2/um),3603.6,3.6035999999999997,5.0,3.3087e-07,8.81907e-08,7.52386e-07,3.3087,0.881907,7.52386
mwir_std_flux,D:\HwaSimIR\HwaSim_IR\Bin\Config\Atmosphere\MODTRAN\raw\audit_mwir_standard_20260906\mwir_std_flux\spectral_flux.flx,,W/(cm^2 nm),W/(m^2 sr um),W/(m^2 um),value_si=value_native*1e7 (cm^-2/nm -> m^-2/um),3602.31,3.60231,5.0,2.89227e-07,8.85003e-08,7.49402e-07,2.8922700000000003,0.885003,7.49402
mwir_std_flux,D:\HwaSimIR\HwaSim_IR\Bin\Config\Atmosphere\MODTRAN\raw\audit_mwir_standard_20260906\mwir_std_flux\spectral_flux.flx,,W/(cm^2 nm),W/(m^2 sr um),W/(m^2 um),value_si=value_native*1e7 (cm^-2/nm -> m^-2/um),3601.01,3.60101,5.0,2.3025e-07,8.77183e-08,7.38447e-07,2.3024999999999998,0.8771829999999999,7.38447
mwir_std_flux,D:\HwaSimIR\HwaSim_IR\Bin\Config\Atmosphere\MODTRAN\raw\audit_mwir_standard_20260906\mwir_std_flux\spectral_flux.flx,,W/(cm^2 nm),W/(m^2 sr um),W/(m^2 um),value_si=value_native*1e7 (cm^-2/nm -> m^-2/um),3599.71,3.59971,5.0,2.41309e-07,8.77498e-08,7.43787e-07,2.41309,0.877498,7.43787
mwir_std_flux,D:\HwaSimIR\HwaSim_IR\Bin\Config\Atmosphere\MODTRAN\raw\audit_mwir_standard_20260906\mwir_std_flux\spectral_flux.flx,,W/(cm^2 nm),W/(m^2 sr um),W/(m^2 um),value_si=value_native*1e7 (cm^-2/nm -> m^-2/um),3598.42,3.59842,5.0,2.47516e-07,8.78401e-08,7.4418e-07,2.47516,0.878401,7.4418
mwir_std_flux,D:\HwaSimIR\HwaSim_IR\Bin\Config\Atmosphere\MODTRAN\raw\audit_mwir_standard_20260906\mwir_std_flux\spectral_flux.flx,,W/(cm^2 nm),W/(m^2 sr um),W/(m^2 um),value_si=value_native*1e7 (cm^-2/nm -> m^-2/um),3597.12,3.59712,5.0,2.27145e-07,8.75896e-08,7.37234e-07,2.2714499999999997,0.875896,7.37234
mwir_std_flux,D:\HwaSimIR\HwaSim_IR\Bin\Config\Atmosphere\MODTRAN\raw\audit_mwir_standard_20260906\mwir_std_flux\spectral_flux.flx,,W/(cm^2 nm),W/(m^2 sr um),W/(m^2 um),value_si=value_native*1e7 (cm^-2/nm -> m^-2/um),3595.83,3.59583,5.0,2.54221e-07,8.79612e-08,7.45788e-07,2.54221,0.879612,7.45788
mwir_std_flux,D:\HwaSimIR\HwaSim_IR\Bin\Config\Atmosphere\MODTRAN\raw\audit_mwir_standard_20260906\mwir_std_flux\spectral_flux.flx,,W/(cm^2 nm),W/(m^2 sr um),W/(m^2 um),value_si=value_native*1e7 (cm^-2/nm -> m^-2/um),3594.54,3.59454,5.0,2.42374e-07,8.74812e-08,7.452e-07,2.4237400000000004,0.874812,7.452
mwir_std_flux,D:\HwaSimIR\HwaSim_IR\Bin\Config\Atmosphere\MODTRAN\raw\audit_mwir_standard_20260906\mwir_std_flux\spectral_flux.flx,,W/(cm^2 nm),W/(m^2 sr um),W/(m^2 um),value_si=value_native*1e7 (cm^-2/nm -> m^-2/um),3593.24,3.5932399999999998,5.0,1.92452e-07,8.57801e-08,7.28948e-07,1.92452,0.8578009999999999,7.289479999999999
mwir_std_flux,D:\HwaSimIR\HwaSim_IR\Bin\Config\Atmosphere\MODTRAN\raw\audit_mwir_standard_20260906\mwir_std_flux\spectral_flux.flx,,W/(cm^2 nm),W/(m^2 sr um),W/(m^2 um),value_si=value_native*1e7 (cm^-2/nm -> m^-2/um),3591.95,3.5919499999999998,5.0,2.08817e-07,8.55771e-08,7.29987e-07,2.0881700000000003,0.8557710000000001,7.299869999999999
mwir_std_flux,D:\HwaSimIR\HwaSim_IR\Bin\Config\Atmosphere\MODTRAN\raw\audit_mwir_standard_20260906\mwir_std_flux\spectral_flux.flx,,W/(cm^2 nm),W/(m^2 sr um),W/(m^2 um),value_si=value_native*1e7 (cm^-2/nm -> m^-2/um),3590.66,3.5906599999999997,5.0,2.21801e-07,8.67466e-08,7.39715e-07,2.21801,0.867466,7.39715
mwir_std_flux,D:\HwaSimIR\HwaSim_IR\Bin\Config\Atmosphere\MODTRAN\raw\audit_mwir_standard_20260906\mwir_std_flux\spectral_flux.flx,,W/(cm^2 nm),W/(m^2 sr um),W/(m^2 um),value_si=value_native*1e7 (cm^-2/nm -> m^-2/um),3589.38,3.5893800000000002,5.0,1.84203e-07,8.73333e-08,7.36747e-07,1.84203,0.8733329999999999,7.36747
mwir_std_flux,D:\HwaSimIR\HwaSim_IR\Bin\Config\Atmosphere\MODTRAN\raw\audit_mwir_standard_20260906\mwir_std_flux\spectral_flux.flx,,W/(cm^2 nm),W/(m^2 sr um),W/(m^2 um),value_si=value_native*1e7 (cm^-2/nm -> m^-2/um),3588.09,3.5880900000000002,5.0,1.71677e-07,8.67097e-08,7.29228e-07,1.7167700000000001,0.867097,7.29228
mwir_std_flux,D:\HwaSimIR\HwaSim_IR\Bin\Config\Atmosphere\MODTRAN\raw\audit_mwir_standard_20260906\mwir_std_flux\spectral_flux.flx,,W/(cm^2 nm),W/(m^2 sr um),W/(m^2 um),value_si=value_native*1e7 (cm^-2/nm -> m^-2/um),3586.8,3.5868,5.0,1.85133e-07,8.4996e-08,7.2246e-07,1.85133,0.84996,7.224600000000001
mwir_std_flux,D:\HwaSimIR\HwaSim_IR\Bin\Config\Atmosphere\MODTRAN\raw\audit_mwir_standard_20260906\mwir_std_flux\spectral_flux.flx,,W/(cm^2 nm),W/(m^2 sr um),W/(m^2 um),value_si=value_native*1e7 (cm^-2/nm -> m^-2/um),3585.51,3.58551,5.0,1.79303e-07,8.43441e-08,7.17248e-07,1.79303,0.843441,7.17248
mwir_std_flux,D:\HwaSimIR\HwaSim_IR\Bin\Config\Atmosphere\MODTRAN\raw\audit_mwir_standard_20260906\mwir_std_flux\spectral_flux.flx,,W/(cm^2 nm),W/(m^2 sr um),W/(m^2 um),value_si=value_native*1e7 (cm^-2/nm -> m^-2/um),3584.23,3.58423,5.0,1.85983e-07,8.57178e-08,7.23153e-07,1.85983,0.857178,7.23153
mwir_std_flux,D:\HwaSimIR\HwaSim_IR\Bin\Config\Atmosphere\MODTRAN\raw\audit_mwir_standard_20260906\mwir_std_flux\spectral_flux.flx,,W/(cm^2 nm),W/(m^2 sr um),W/(m^2 um),value_si=value_native*1e7 (cm^-2/nm -> m^-2/um),3582.95,3.58295,5.0,1.98742e-07,8.56424e-08,7.21144e-07,1.98742,0.8564240000000001,7.2114400000000005
mwir_std_flux,D:\HwaSimIR\HwaSim_IR\Bin\Config\Atmosphere\MODTRAN\raw\audit_mwir_standard_20260906\mwir_std_flux\spectral_flux.flx,,W/(cm^2 nm),W/(m^2 sr um),W/(m^2 um),value_si=value_native*1e7 (cm^-2/nm -> m^-2/um),3581.66,3.58166,5.0,2.12806e-07,8.48236e-08,7.14439e-07,2.12806,0.848236,7.1443900000000005
mwir_std_flux,D:\HwaSimIR\HwaSim_IR\Bin\Config\Atmosphere\MODTRAN\raw\audit_mwir_standard_20260906\mwir_std_flux\spectral_flux.flx,,W/(cm^2 nm),W/(m^2 sr um),W/(m^2 um),value_si=value_native*1e7 (cm^-2/nm -> m^-2/um),3580.38,3.58038,5.0,2.72152e-07,8.67427e-08,7.36686e-07,2.72152,0.867427,7.36686
mwir_std_flux,D:\HwaSimIR\HwaSim_IR\Bin\Config\Atmosphere\MODTRAN\raw\audit_mwir_standard_20260906\mwir_std_flux\spectral_flux.flx,,W/(cm^2 nm),W/(m^2 sr um),W/(m^2 um),value_si=value_native*1e7 (cm^-2/nm -> m^-2/um),3579.1,3.5791,5.0,3.10979e-07,8.83402e-08,7.56492e-07,3.1097900000000003,0.883402,7.56492
mwir_std_flux,D:\HwaSimIR\HwaSim_IR\Bin\Config\Atmosphere\MODTRAN\raw\audit_mwir_standard_20260906\mwir_std_flux\spectral_flux.flx,,W/(cm^2 nm),W/(m^2 sr um),W/(m^2 um),value_si=value_native*1e7 (cm^-2/nm -> m^-2/um),3577.82,3.57782,5.0,2.66768e-07,8.75148e-08,7.48305e-07,2.66768,0.875148,7.48305
mwir_std_flux,D:\HwaSimIR\HwaSim_IR\Bin\Config\Atmosphere\MODTRAN\raw\audit_mwir_standard_20260906\mwir_std_flux\spectral_flux.flx,,W/(cm^2 nm),W/(m^2 sr um),W/(m^2 um),value_si=value_native*1e7 (cm^-2/nm -> m^-2/um),3576.54,3.57654,5.0,1.90657e-07,8.5714e-08,7.29056e-07,1.90657,0.85714,7.29056
mwir_std_flux,D:\HwaSimIR\HwaSim_IR\Bin\Config\Atmosphere\MODTRAN\raw\audit_mwir_standard_20260906\mwir_std_flux\spectral_flux.flx,,W/(cm^2 nm),W/(m^2 sr um),W/(m^2 um),value_si=value_native*1e7 (cm^-2/nm -> m^-2/um),3575.26,3.57526,5.0,1.52288e-07,8.29681e-08,7.06253e-07,1.52288,0.829681,7.06253
mwir_std_flux,D:\HwaSimIR\HwaSim_IR\Bin\Config\Atmosphere\MODTRAN\raw\audit_mwir_standard_20260906\mwir_std_flux\spectral_flux.flx,,W/(cm^2 nm),W/(m^2 sr um),W/(m^2 um),value_si=value_native*1e7 (cm^-2/nm -> m^-2/um),3573.98,3.57398,5.0,1.70872e-07,8.159e-08,6.99737e-07,1.70872,0.8159000000000001,6.99737
mwir_std_flux,D:\HwaSimIR\HwaSim_IR\Bin\Config\Atmosphere\MODTRAN\raw\audit_mwir_standard_20260906\mwir_std_flux\spectral_flux.flx,,W/(cm^2 nm),W/(m^2 sr um),W/(m^2 um),value_si=value_native*1e7 (cm^-2/nm -> m^-2/um),3572.7,3.5726999999999998,5.0,2.09785e-07,8.36379e-08,7.18624e-07,2.0978499999999998,0.8363790000000001,7.18624
mwir_std_flux,D:\HwaSimIR\HwaSim_IR\Bin\Config\Atmosphere\MODTRAN\raw\audit_mwir_standard_20260906\mwir_std_flux\spectral_flux.flx,,W/(cm^2 nm),W/(m^2 sr um),W/(m^2 um),value_si=value_native*1e7 (cm^-2/nm -> m^-2/um),3571.43,3.57143,5.0,2.07585e-07,8.65885e-08,7.34287e-07,2.07585,0.8658849999999999,7.34287
mwir_std_flux,D:\HwaSimIR\HwaSim_IR\Bin\Config\Atmosphere\MODTRAN\raw\audit_mwir_standard_20260906\mwir_std_flux\spectral_flux.flx,,W/(cm^2 nm),W/(m^2 sr um),W/(m^2 um),value_si=value_native*1e7 (cm^-2/nm -> m^-2/um),3570.15,3.57015,5.0,1.65025e-07,8.83808e-08,7.36114e-07,1.65025,0.883808,7.36114
mwir_std_flux,D:\HwaSimIR\HwaSim_IR\Bin\Config\Atmosphere\MODTRAN\raw\audit_mwir_standard_20260906\mwir_std_flux\spectral_flux.flx,,W/(cm^2 nm),W/(m^2 sr um),W/(m^2 um),value_si=value_native*1e7 (cm^-2/nm -> m^-2/um),3568.88,3.56888,5.0,1.38434e-07,8.80001e-08,7.30883e-07,1.3843400000000001,0.880001,7.30883
mwir_std_flux,D:\HwaSimIR\HwaSim_IR\Bin\Config\Atmosphere\MODTRAN\raw\audit_mwir_standard_20260906\mwir_std_flux\spectral_flux.flx,,W/(cm^2 nm),W/(m^2 sr um),W/(m^2 um),value_si=value_native*1e7 (cm^-2/nm -> m^-2/um),3567.61,3.56761,5.0,1.64169e-07,8.63658e-08,7.26145e-07,1.6416899999999999,0.8636579999999999,7.26145
mwir_std_flux,D:\HwaSimIR\HwaSim_IR\Bin\Config\Atmosphere\MODTRAN\raw\audit_mwir_standard_20260906\mwir_std_flux\spectral_flux.flx,,W/(cm^2 nm),W/(m^2 sr um),W/(m^2 um),value_si=value_native*1e7 (cm^-2/nm -> m^-2/um),3566.33,3.56633,5.0,2.3082e-07,8.60087e-08,7.34157e-07,2.3082,0.8600869999999999,7.34157
mwir_std_flux,D:\HwaSimIR\HwaSim_IR\Bin\Config\Atmosphere\MODTRAN\raw\audit_mwir_standard_20260906\mwir_std_flux\spectral_flux.flx,,W/(cm^2 nm),W/(m^2 sr um),W/(m^2 um),value_si=value_native*1e7 (cm^-2/nm -> m^-2/um),3565.06,3.56506,5.0,2.89866e-07,8.75573e-08,7.53101e-07,2.89866,0.8755729999999999,7.531009999999999
mwir_std_flux,D:\HwaSimIR\HwaSim_IR\Bin\Config\Atmosphere\MODTRAN\raw\audit_mwir_standard_20260906\mwir_std_flux\spectral_flux.flx,,W/(cm^2 nm),W/(m^2 sr um),W/(m^2 um),value_si=value_native*1e7 (cm^-2/nm -> m^-2/um),3563.79,3.56379,5.0,3.24309e-07,9.037e-08,7.77706e-07,3.24309,0.9037,7.7770600000000005
mwir_std_flux,D:\HwaSimIR\HwaSim_IR\Bin\Config\Atmosphere\MODTRAN\raw\audit_mwir_standard_20260906\mwir_std_flux\spectral_flux.flx,,W/(cm^2 nm),W/(m^2 sr um),W/(m^2 um),value_si=value_native*1e7 (cm^-2/nm -> m^-2/um),3562.52,3.56252,5.0,3.34803e-07,9.21873e-08,7.92918e-07,3.3480299999999996,0.921873,7.929180000000001
mwir_std_flux,D:\HwaSimIR\HwaSim_IR\Bin\Config\Atmosphere\MODTRAN\raw\audit_mwir_standard_20260906\mwir_std_flux\spectral_flux.flx,,W/(cm^2 nm),W/(m^2 sr um),W/(m^2 um),value_si=value_native*1e7 (cm^-2/nm -> m^-2/um),3561.25,3.56125,5.0,2.93283e-07,9.08703e-08,7.79918e-07,2.93283,0.9087029999999999,7.79918
mwir_std_flux,D:\HwaSimIR\HwaSim_IR\Bin\Config\Atmosphere\MODTRAN\raw\audit_mwir_standard_20260906\mwir_std_flux\spectral_flux.flx,,W/(cm^2 nm),W/(m^2 sr um),W/(m^2 um),value_si=value_native*1e7 (cm^-2/nm -> m^-2/um),3559.99,3.55999,5.0,2.38178e-07,8.89209e-08,7.62061e-07,2.38178,0.889209,7.620609999999999
mwir_std_flux,D:\HwaSimIR\HwaSim_IR\Bin\Config\Atmosphere\MODTRAN\raw\audit_mwir_standard_20260906\mwir_std_flux\spectral_flux.flx,,W/(cm^2 nm),W/(m^2 sr um),W/(m^2 um),value_si=value_native*1e7 (cm^-2/nm -> m^-2/um),3558.72,3.5587199999999997,5.0,2.25289e-07,8.94629e-08,7.67614e-07,2.25289,0.894629,7.67614
mwir_std_flux,D:\HwaSimIR\HwaSim_IR\Bin\Config\Atmosphere\MODTRAN\raw\audit_mwir_standard_20260906\mwir_std_flux\spectral_flux.flx,,W/(cm^2 nm),W/(m^2 sr um),W/(m^2 um),value_si=value_native*1e7 (cm^-2/nm -> m^-2/um),3557.45,3.55745,5.0,2.20116e-07,9.04474e-08,7.76692e-07,2.2011600000000002,0.904474,7.76692
mwir_std_flux,D:\HwaSimIR\HwaSim_IR\Bin\Config\Atmosphere\MODTRAN\raw\audit_mwir_standard_20260906\mwir_std_flux\spectral_flux.flx,,W/(cm^2 nm),W/(m^2 sr um),W/(m^2 um),value_si=value_native*1e7 (cm^-2/nm -> m^-2/um),3556.19,3.55619,5.0,1.94969e-07,8.97142e-08,7.67796e-07,1.9496900000000001,0.897142,7.67796
mwir_std_flux,D:\HwaSimIR\HwaSim_IR\Bin\Config\Atmosphere\MODTRAN\raw\audit_mwir_standard_20260906\mwir_std_flux\spectral_flux.flx,,W/(cm^2 nm),W/(m^2 sr um),W/(m^2 um),value_si=value_native*1e7 (cm^-2/nm -> m^-2/um),3554.92,3.55492,5.0,1.55244e-07,8.806e-08,7.48648e-07,1.55244,0.8805999999999999,7.486479999999999
mwir_std_flux,D:\HwaSimIR\HwaSim_IR\Bin\Config\Atmosphere\MODTRAN\raw\audit_mwir_standard_20260906\mwir_std_flux\spectral_flux.flx,,W/(cm^2 nm),W/(m^2 sr um),W/(m^2 um),value_si=value_native*1e7 (cm^-2/nm -> m^-2/um),3553.66,3.55366,5.0,1.39941e-07,8.79315e-08,7.46705e-07,1.39941,0.879315,7.46705
mwir_std_flux,D:\HwaSimIR\HwaSim_IR\Bin\Config\Atmosphere\MODTRAN\raw\audit_mwir_standard_20260906\mwir_std_flux\spectral_flux.flx,,W/(cm^2 nm),W/(m^2 sr um),W/(m^2 um),value_si=value_native*1e7 (cm^-2/nm -> m^-2/um),3552.4,3.5524,5.0,1.77284e-07,8.97791e-08,7.66525e-07,1.77284,0.897791,7.66525
mwir_std_flux,D:\HwaSimIR\HwaSim_IR\Bin\Config\Atmosphere\MODTRAN\raw\audit_mwir_standard_20260906\mwir_std_flux\spectral_flux.flx,,W/(cm^2 nm),W/(m^2 sr um),W/(m^2 um),value_si=value_native*1e7 (cm^-2/nm -> m^-2/um),3551.14,3.5511399999999997,5.0,2.185e-07,9.08931e-08,7.79782e-07,2.185,0.9089309999999999,7.79782
mwir_std_flux,D:\HwaSimIR\HwaSim_IR\Bin\Config\Atmosphere\MODTRAN\raw\audit_mwir_standard_20260906\mwir_std_flux\spectral_flux.flx,,W/(cm^2 nm),W/(m^2 sr um),W/(m^2 um),value_si=value_native*1e7 (cm^-2/nm -> m^-2/um),3549.88,3.54988,5.0,2.41133e-07,9.11277e-08,7.82355e-07,2.41133,0.911277,7.823550000000001
mwir_std_flux,D:\HwaSimIR\HwaSim_IR\Bin\Config\Atmosphere\MODTRAN\raw\audit_mwir_standard_20260906\mwir_std_flux\spectral_flux.flx,,W/(cm^2 nm),W/(m^2 sr um),W/(m^2 um),value_si=value_native*1e7 (cm^-2/nm -> m^-2/um),3548.62,3.54862,5.0,2.50401e-07,9.08792e-08,7.76923e-07,2.50401,0.908792,7.76923
mwir_std_flux,D:\HwaSimIR\HwaSim_IR\Bin\Config\Atmosphere\MODTRAN\raw\audit_mwir_standard_20260906\mwir_std_flux\spectral_flux.flx,,W/(cm^2 nm),W/(m^2 sr um),W/(m^2 um),value_si=value_native*1e7 (cm^-2/nm -> m^-2/um),3547.36,3.5473600000000003,5.0,2.33798e-07,8.94999e-08,7.63273e-07,2.33798,0.894999,7.63273
mwir_std_flux,D:\HwaSimIR\HwaSim_IR\Bin\Config\Atmosphere\MODTRAN\raw\audit_mwir_standard_20260906\mwir_std_flux\spectral_flux.flx,,W/(cm^2 nm),W/(m^2 sr um),W/(m^2 um),value_si=value_native*1e7 (cm^-2/nm -> m^-2/um),3546.1,3.5461,5.0,2.26966e-07,8.86505e-08,7.60773e-07,2.26966,0.886505,7.60773
mwir_std_flux,D:\HwaSimIR\HwaSim_IR\Bin\Config\Atmosphere\MODTRAN\raw\audit_mwir_standard_20260906\mwir_std_flux\spectral_flux.flx,,W/(cm^2 nm),W/(m^2 sr um),W/(m^2 um),value_si=value_native*1e7 (cm^-2/nm -> m^-2/um),3544.84,3.54484,5.0,2.13683e-07,8.80204e-08,7.58306e-07,2.13683,0.880204,7.58306
mwir_std_flux,D:\HwaSimIR\HwaSim_IR\Bin\Config\Atmosphere\MODTRAN\raw\audit_mwir_standard_20260906\mwir_std_flux\spectral_flux.flx,,W/(cm^2 nm),W/(m^2 sr um),W/(m^2 um),value_si=value_native*1e7 (cm^-2/nm -> m^-2/um),3543.59,3.54359,5.0,1.83471e-07,8.64856e-08,7.43577e-07,1.8347099999999998,0.8648560000000001,7.43577
mwir_std_flux,D:\HwaSimIR\HwaSim_IR\Bin\Config\Atmosphere\MODTRAN\raw\audit_mwir_standard_20260906\mwir_std_flux\spectral_flux.flx,,W/(cm^2 nm),W/(m^2 sr um),W/(m^2 um),value_si=value_native*1e7 (cm^-2/nm -> m^-2/um),3542.33,3.5423299999999998,5.0,1.67095e-07,8.51519e-08,7.31763e-07,1.67095,0.851519,7.317629999999999
mwir_std_flux,D:\HwaSimIR\HwaSim_IR\Bin\Config\Atmosphere\MODTRAN\raw\audit_mwir_standard_20260906\mwir_std_flux\spectral_flux.flx,,W/(cm^2 nm),W/(m^2 sr um),W/(m^2 um),value_si=value_native*1e7 (cm^-2/nm -> m^-2/um),3541.08,3.54108,5.0,1.49463e-07,8.47122e-08,7.26289e-07,1.49463,0.8471219999999999,7.2628900000000005
mwir_std_flux,D:\HwaSimIR\HwaSim_IR\Bin\Config\Atmosphere\MODTRAN\raw\audit_mwir_standard_20260906\mwir_std_flux\spectral_flux.flx,,W/(cm^2 nm),W/(m^2 sr um),W/(m^2 um),value_si=value_native*1e7 (cm^-2/nm -> m^-2/um),3539.82,3.53982,5.0,1.69907e-07,8.5643e-08,7.32517e-07,1.6990699999999999,0.8564299999999999,7.32517
mwir_std_flux,D:\HwaSimIR\HwaSim_IR\Bin\Config\Atmosphere\MODTRAN\raw\audit_mwir_standard_20260906\mwir_std_flux\spectral_flux.flx,,W/(cm^2 nm),W/(m^2 sr um),W/(m^2 um),value_si=value_native*1e7 (cm^-2/nm -> m^-2/um),3538.57,3.53857,5.0,2.13637e-07,8.79913e-08,7.539e-07,2.13637,0.879913,7.539
mwir_std_flux,D:\HwaSimIR\HwaSim_IR\Bin\Config\Atmosphere\MODTRAN\raw\audit_mwir_standard_20260906\mwir_std_flux\spectral_flux.flx,,W/(cm^2 nm),W/(m^2 sr um),W/(m^2 um),value_si=value_native*1e7 (cm^-2/nm -> m^-2/um),3537.32,3.5373200000000002,5.0,2.01531e-07,8.8017e-08,7.53867e-07,2.01531,0.88017,7.538670000000001
mwir_std_flux,D:\HwaSimIR\HwaSim_IR\Bin\Config\Atmosphere\MODTRAN\raw\audit_mwir_standard_20260906\mwir_std_flux\spectral_flux.flx,,W/(cm^2 nm),W/(m^2 sr um),W/(m^2 um),value_si=value_native*1e7 (cm^-2/nm -> m^-2/um),3536.07,3.53607,5.0,1.86713e-07,8.61171e-08,7.36361e-07,1.8671300000000002,0.8611709999999999,7.36361
mwir_std_flux,D:\HwaSimIR\HwaSim_IR\Bin\Config\Atmosphere\MODTRAN\raw\audit_mwir_standard_20260906\mwir_std_flux\spectral_flux.flx,,W/(cm^2 nm),W/(m^2 sr um),W/(m^2 um),value_si=value_native*1e7 (cm^-2/nm -> m^-2/um),3534.82,3.5348200000000003,5.0,2.05502e-07,8.74834e-08,7.49216e-07,2.0550200000000003,0.874834,7.49216
mwir_std_flux,D:\HwaSimIR\HwaSim_IR\Bin\Config\Atmosphere\MODTRAN\raw\audit_mwir_standard_20260906\mwir_std_flux\spectral_flux.flx,,W/(cm^2 nm),W/(m^2 sr um),W/(m^2 um),value_si=value_native*1e7 (cm^-2/nm -> m^-2/um),3533.57,3.53357,5.0,2.25425e-07,9.02013e-08,7.74722e-07,2.25425,0.9020130000000001,7.74722
mwir_std_flux,D:\HwaSimIR\HwaSim_IR\Bin\Config\Atmosphere\MODTRAN\raw\audit_mwir_standard_20260906\mwir_std_flux\spectral_flux.flx,,W/(cm^2 nm),W/(m^2 sr um),W/(m^2 um),value_si=value_native*1e7 (cm^-2/nm -> m^-2/um),3532.32,3.5323200000000003,5.0,2.46861e-07,9.15703e-08,7.89299e-07,2.46861,0.9157029999999999,7.89299
mwir_std_flux,D:\HwaSimIR\HwaSim_IR\Bin\Config\Atmosphere\MODTRAN\raw\audit_mwir_standard_20260906\mwir_std_flux\spectral_flux.flx,,W/(cm^2 nm),W/(m^2 sr um),W/(m^2 um),value_si=value_native*1e7 (cm^-2/nm -> m^-2/um),3531.07,3.53107,5.0,2.58267e-07,9.26549e-08,8.00622e-07,2.5826700000000002,0.926549,8.006219999999999
mwir_std_flux,D:\HwaSimIR\HwaSim_IR\Bin\Config\Atmosphere\MODTRAN\raw\audit_mwir_standard_20260906\mwir_std_flux\spectral_flux.flx,,W/(cm^2 nm),W/(m^2 sr um),W/(m^2 um),value_si=value_native*1e7 (cm^-2/nm -> m^-2/um),3529.83,3.52983,5.0,2.56687e-07,9.35365e-08,8.08904e-07,2.5668699999999998,0.935365,8.08904
mwir_std_flux,D:\HwaSimIR\HwaSim_IR\Bin\Config\Atmosphere\MODTRAN\raw\audit_mwir_standard_20260906\mwir_std_flux\spectral_flux.flx,,W/(cm^2 nm),W/(m^2 sr um),W/(m^2 um),value_si=value_native*1e7 (cm^-2/nm -> m^-2/um),3528.58,3.52858,5.0,2.26338e-07,9.2547e-08,8.00222e-07,2.26338,0.92547,8.00222
mwir_std_flux,D:\HwaSimIR\HwaSim_IR\Bin\Config\Atmosphere\MODTRAN\raw\audit_mwir_standard_20260906\mwir_std_flux\spectral_flux.flx,,W/(cm^2 nm),W/(m^2 sr um),W/(m^2 um),value_si=value_native*1e7 (cm^-2/nm -> m^-2/um),3527.34,3.52734,5.0,2.20182e-07,9.16963e-08,7.92401e-07,2.20182,0.9169630000000001,7.924009999999999
mwir_std_flux,D:\HwaSimIR\HwaSim_IR\Bin\Config\Atmosphere\MODTRAN\raw\audit_mwir_standard_20260906\mwir_std_flux\spectral_flux.flx,,W/(cm^2 nm),W/(m^2 sr um),W/(m^2 um),value_si=value_native*1e7 (cm^-2/nm -> m^-2/um),3526.09,3.52609,5.0,2.79221e-07,9.37385e-08,8.09985e-07,2.7922100000000003,0.937385,8.09985
mwir_std_flux,D:\HwaSimIR\HwaSim_IR\Bin\Config\Atmosphere\MODTRAN\raw\audit_mwir_standard_20260906\mwir_std_flux\spectral_flux.flx,,W/(cm^2 nm),W/(m^2 sr um),W/(m^2 um),value_si=value_native*1e7 (cm^-2/nm -> m^-2/um),3524.85,3.52485,5.0,2.91675e-07,9.55008e-08,8.24211e-07,2.91675,0.9550080000000001,8.24211
mwir_std_flux,D:\HwaSimIR\HwaSim_IR\Bin\Config\Atmosphere\MODTRAN\raw\audit_mwir_standard_20260906\mwir_std_flux\spectral_flux.flx,,W/(cm^2 nm),W/(m^2 sr um),W/(m^2 um),value_si=value_native*1e7 (cm^-2/nm -> m^-2/um),3523.61,3.52361,5.0,2.61705e-07,9.56801e-08,8.24997e-07,2.61705,0.956801,8.24997
mwir_std_flux,D:\HwaSimIR\HwaSim_IR\Bin\Config\Atmosphere\MODTRAN\raw\audit_mwir_standard_20260906\mwir_std_flux\spectral_flux.flx,,W/(cm^2 nm),W/(m^2 sr um),W/(m^2 um),value_si=value_native*1e7 (cm^-2/nm -> m^-2/um),3522.37,3.52237,5.0,2.81486e-07,9.57564e-08,8.27046e-07,2.81486,0.957564,8.27046
mwir_std_flux,D:\HwaSimIR\HwaSim_IR\Bin\Config\Atmosphere\MODTRAN\raw\audit_mwir_standard_20260906\mwir_std_flux\spectral_flux.flx,,W/(cm^2 nm),W/(m^2 sr um),W/(m^2 um),value_si=value_native*1e7 (cm^-2/nm -> m^-2/um),3521.13,3.5211300000000003,5.0,2.97397e-07,9.5547e-08,8.26908e-07,2.9739700000000004,0.95547,8.26908
mwir_std_flux,D:\HwaSimIR\HwaSim_IR\Bin\Config\Atmosphere\MODTRAN\raw\audit_mwir_standard_20260906\mwir_std_flux\spectral_flux.flx,,W/(cm^2 nm),W/(m^2 sr um),W/(m^2 um),value_si=value_native*1e7 (cm^-2/nm -> m^-2/um),3519.89,3.5198899999999997,5.0,2.82645e-07,9.56159e-08,8.2816e-07,2.82645,0.956159,8.281600000000001
mwir_std_flux,D:\HwaSimIR\HwaSim_IR\Bin\Config\Atmosphere\MODTRAN\raw\audit_mwir_standard_20260906\mwir_std_flux\spectral_flux.flx,,W/(cm^2 nm),W/(m^2 sr um),W/(m^2 um),value_si=value_native*1e7 (cm^-2/nm -> m^-2/um),3518.65,3.51865,5.0,2.7016e-07,9.60811e-08,8.32604e-07,2.7016,0.9608110000000001,8.326039999999999
mwir_std_flux,D:\HwaSimIR\HwaSim_IR\Bin\Config\Atmosphere\MODTRAN\raw\audit_mwir_standard_20260906\mwir_std_flux\spectral_flux.flx,,W/(cm^2 nm),W/(m^2 sr um),W/(m^2 um),value_si=value_native*1e7 (cm^-2/nm -> m^-2/um),3517.41,3.51741,5.0,2.50863e-07,9.62271e-08,8.34052e-07,2.5086299999999997,0.962271,8.34052
mwir_std_flux,D:\HwaSimIR\HwaSim_IR\Bin\Config\Atmosphere\MODTRAN\raw\audit_mwir_standard_20260906\mwir_std_flux\spectral_flux.flx,,W/(cm^2 nm),W/(m^2 sr um),W/(m^2 um),value_si=value_native*1e7 (cm^-2/nm -> m^-2/um),3516.17,3.5161700000000002,5.0,2.23761e-07,9.60326e-08,8.3157e-07,2.23761,0.960326,8.3157
mwir_std_flux,D:\HwaSimIR\HwaSim_IR\Bin\Config\Atmosphere\MODTRAN\raw\audit_mwir_standard_20260906\mwir_std_flux\spectral_flux.flx,,W/(cm^2 nm),W/(m^2 sr um),W/(m^2 um),value_si=value_native*1e7 (cm^-2/nm -> m^-2/um),3514.94,3.51494,5.0,2.14513e-07,9.59302e-08,8.29749e-07,2.14513,0.959302,8.29749
mwir_std_flux,D:\HwaSimIR\HwaSim_IR\Bin\Config\Atmosphere\MODTRAN\raw\audit_mwir_standard_20260906\mwir_std_flux\spectral_flux.flx,,W/(cm^2 nm),W/(m^2 sr um),W/(m^2 um),value_si=value_native*1e7 (cm^-2/nm -> m^-2/um),3513.7,3.5136999999999996,5.0,2.48617e-07,9.63891e-08,8.33662e-07,2.48617,0.9638909999999999,8.33662
mwir_std_flux,D:\HwaSimIR\HwaSim_IR\Bin\Config\Atmosphere\MODTRAN\raw\audit_mwir_standard_20260906\mwir_std_flux\spectral_flux.flx,,W/(cm^2 nm),W/(m^2 sr um),W/(m^2 um),value_si=value_native*1e7 (cm^-2/nm -> m^-2/um),3512.47,3.51247,5.0,2.86666e-07,9.57552e-08,8.27849e-07,2.86666,0.957552,8.27849
mwir_std_flux,D:\HwaSimIR\HwaSim_IR\Bin\Config\Atmosphere\MODTRAN\raw\audit_mwir_standard_20260906\mwir_std_flux\spectral_flux.flx,,W/(cm^2 nm),W/(m^2 sr um),W/(m^2 um),value_si=value_native*1e7 (cm^-2/nm -> m^-2/um),3511.24,3.51124,5.0,2.82855e-07,9.43346e-08,8.15467e-07,2.82855,0.9433459999999999,8.15467
mwir_std_flux,D:\HwaSimIR\HwaSim_IR\Bin\Config\Atmosphere\MODTRAN\raw\audit_mwir_standard_20260906\mwir_std_flux\spectral_flux.flx,,W/(cm^2 nm),W/(m^2 sr um),W/(m^2 um),value_si=value_native*1e7 (cm^-2/nm -> m^-2/um),3510.0,3.51,5.0,2.78676e-07,9.52949e-08,8.24579e-07,2.78676,0.952949,8.24579
mwir_std_flux,D:\HwaSimIR\HwaSim_IR\Bin\Config\Atmosphere\MODTRAN\raw\audit_mwir_standard_20260906\mwir_std_flux\spectral_flux.flx,,W/(cm^2 nm),W/(m^2 sr um),W/(m^2 um),value_si=value_native*1e7 (cm^-2/nm -> m^-2/um),3508.77,3.50877,5.0,2.89563e-07,9.7164e-08,8.41362e-07,2.8956299999999997,0.97164,8.41362
mwir_std_flux,D:\HwaSimIR\HwaSim_IR\Bin\Config\Atmosphere\MODTRAN\raw\audit_mwir_standard_20260906\mwir_std_flux\spectral_flux.flx,,W/(cm^2 nm),W/(m^2 sr um),W/(m^2 um),value_si=value_native*1e7 (cm^-2/nm -> m^-2/um),3507.54,3.50754,5.0,2.95529e-07,9.76288e-08,8.45842e-07,2.95529,0.9762879999999999,8.45842
mwir_std_flux,D:\HwaSimIR\HwaSim_IR\Bin\Config\Atmosphere\MODTRAN\raw\audit_mwir_standard_20260906\mwir_std_flux\spectral_flux.flx,,W/(cm^2 nm),W/(m^2 sr um),W/(m^2 um),value_si=value_native*1e7 (cm^-2/nm -> m^-2/um),3506.31,3.50631,5.0,3.1719e-07,9.76518e-08,8.45772e-07,3.1719,0.976518,8.45772
mwir_std_flux,D:\HwaSimIR\HwaSim_IR\Bin\Config\Atmosphere\MODTRAN\raw\audit_mwir_standard_20260906\mwir_std_flux\spectral_flux.flx,,W/(cm^2 nm),W/(m^2 sr um),W/(m^2 um),value_si=value_native*1e7 (cm^-2/nm -> m^-2/um),3505.08,3.50508,5.0,3.15857e-07,9.58862e-08,8.30075e-07,3.15857,0.958862,8.30075
mwir_std_flux,D:\HwaSimIR\HwaSim_IR\Bin\Config\Atmosphere\MODTRAN\raw\audit_mwir_standard_20260906\mwir_std_flux\spectral_flux.flx,,W/(cm^2 nm),W/(m^2 sr um),W/(m^2 um),value_si=value_native*1e7 (cm^-2/nm -> m^-2/um),3503.85,3.50385,5.0,2.63804e-07,9.3336e-08,8.08674e-07,2.63804,0.93336,8.08674
mwir_std_flux,D:\HwaSimIR\HwaSim_IR\Bin\Config\Atmosphere\MODTRAN\raw\audit_mwir_standard_20260906\mwir_std_flux\spectral_flux.flx,,W/(cm^2 nm),W/(m^2 sr um),W/(m^2 um),value_si=value_native*1e7 (cm^-2/nm -> m^-2/um),3502.63,3.50263,5.0,2.35655e-07,9.42433e-08,8.17372e-07,2.35655,0.942433,8.17372
mwir_std_flux,D:\HwaSimIR\HwaSim_IR\Bin\Config\Atmosphere\MODTRAN\raw\audit_mwir_standard_20260906\mwir_std_flux\spectral_flux.flx,,W/(cm^2 nm),W/(m^2 sr um),W/(m^2 um),value_si=value_native*1e7 (cm^-2/nm -> m^-2/um),3501.4,3.5014000000000003,5.0,2.60302e-07,9.5923e-08,8.32012e-07,2.6030200000000003,0.95923,8.320120000000001
mwir_std_flux,D:\HwaSimIR\HwaSim_IR\Bin\Config\Atmosphere\MODTRAN\raw\audit_mwir_standard_20260906\mwir_std_flux\spectral_flux.flx,,W/(cm^2 nm),W/(m^2 sr um),W/(m^2 um),value_si=value_native*1e7 (cm^-2/nm -> m^-2/um),3500.18,3.50018,5.0,2.91956e-07,9.52532e-08,8.25788e-07,2.91956,0.9525319999999999,8.25788
mwir_std_flux,D:\HwaSimIR\HwaSim_IR\Bin\Config\Atmosphere\MODTRAN\raw\audit_mwir_standard_20260906\mwir_std_flux\spectral_flux.flx,,W/(cm^2 nm),W/(m^2 sr um),W/(m^2 um),value_si=value_native*1e7 (cm^-2/nm -> m^-2/um),3498.95,3.49895,5.0,3.02007e-07,9.54092e-08,8.26832e-07,3.02007,0.954092,8.26832
mwir_std_flux,D:\HwaSimIR\HwaSim_IR\Bin\Config\Atmosphere\MODTRAN\raw\audit_mwir_standard_20260906\mwir_std_flux\spectral_flux.flx,,W/(cm^2 nm),W/(m^2 sr um),W/(m^2 um),value_si=value_native*1e7 (cm^-2/nm -> m^-2/um),3497.73,3.4977300000000002,5.0,3.11191e-07,9.73516e-08,8.43263e-07,3.11191,0.973516,8.43263
mwir_std_flux,D:\HwaSimIR\HwaSim_IR\Bin\Config\Atmosphere\MODTRAN\raw\audit_mwir_standard_20260906\mwir_std_flux\spectral_flux.flx,,W/(cm^2 nm),W/(m^2 sr um),W/(m^2 um),value_si=value_native*1e7 (cm^-2/nm -> m^-2/um),3496.5,3.4965,5.0,3.30302e-07,9.8498e-08,8.52826e-07,3.30302,0.98498,8.52826
mwir_std_flux,D:\HwaSimIR\HwaSim_IR\Bin\Config\Atmosphere\MODTRAN\raw\audit_mwir_standard_20260906\mwir_std_flux\spectral_flux.flx,,W/(cm^2 nm),W/(m^2 sr um),W/(m^2 um),value_si=value_native*1e7 (cm^-2/nm -> m^-2/um),3495.28,3.49528,5.0,3.19111e-07,9.73992e-08,8.4384e-07,3.1911099999999997,0.973992,8.4384
mwir_std_flux,D:\HwaSimIR\HwaSim_IR\Bin\Config\Atmosphere\MODTRAN\raw\audit_mwir_standard_20260906\mwir_std_flux\spectral_flux.flx,,W/(cm^2 nm),W/(m^2 sr um),W/(m^2 um),value_si=value_native*1e7 (cm^-2/nm -> m^-2/um),3494.06,3.49406,5.0,2.82628e-07,9.52186e-08,8.25601e-07,2.8262799999999997,0.9521860000000001,8.25601
mwir_std_flux,D:\HwaSimIR\HwaSim_IR\Bin\Config\Atmosphere\MODTRAN\raw\audit_mwir_standard_20260906\mwir_std_flux\spectral_flux.flx,,W/(cm^2 nm),W/(m^2 sr um),W/(m^2 um),value_si=value_native*1e7 (cm^-2/nm -> m^-2/um),3492.84,3.49284,5.0,2.45024e-07,9.44688e-08,8.18601e-07,2.45024,0.944688,8.18601
mwir_std_flux,D:\HwaSimIR\HwaSim_IR\Bin\Config\Atmosphere\MODTRAN\raw\audit_mwir_standard_20260906\mwir_std_flux\spectral_flux.flx,,W/(cm^2 nm),W/(m^2 sr um),W/(m^2 um),value_si=value_native*1e7 (cm^-2/nm -> m^-2/um),3491.62,3.4916199999999997,5.0,2.13366e-07,9.40395e-08,8.14604e-07,2.13366,0.940395,8.14604
mwir_std_flux,D:\HwaSimIR\HwaSim_IR\Bin\Config\Atmosphere\MODTRAN\raw\audit_mwir_standard_20260906\mwir_std_flux\spectral_flux.flx,,W/(cm^2 nm),W/(m^2 sr um),W/(m^2 um),value_si=value_native*1e7 (cm^-2/nm -> m^-2/um),3490.4,3.4904,5.0,2.10185e-07,9.20172e-08,7.97994e-07,2.1018499999999998,0.920172,7.97994
mwir_std_flux,D:\HwaSimIR\HwaSim_IR\Bin\Config\Atmosphere\MODTRAN\raw\audit_mwir_standard_20260906\mwir_std_flux\spectral_flux.flx,,W/(cm^2 nm),W/(m^2 sr um),W/(m^2 um),value_si=value_native*1e7 (cm^-2/nm -> m^-2/um),3489.18,3.4891799999999997,5.0,2.20234e-07,9.09912e-08,7.89664e-07,2.20234,0.9099119999999999,7.89664
mwir_std_flux,D:\HwaSimIR\HwaSim_IR\Bin\Config\Atmosphere\MODTRAN\raw\audit_mwir_standard_20260906\mwir_std_flux\spectral_flux.flx,,W/(cm^2 nm),W/(m^2 sr um),W/(m^2 um),value_si=value_native*1e7 (cm^-2/nm -> m^-2/um),3487.97,3.48797,5.0,2.33786e-07,9.28838e-08,8.05806e-07,2.33786,0.928838,8.058060000000001
mwir_std_flux,D:\HwaSimIR\HwaSim_IR\Bin\Config\Atmosphere\MODTRAN\raw\audit_mwir_standard_20260906\mwir_std_flux\spectral_flux.flx,,W/(cm^2 nm),W/(m^2 sr um),W/(m^2 um),value_si=value_native*1e7 (cm^-2/nm -> m^-2/um),3486.75,3.48675,5.0,2.68977e-07,9.53339e-08,8.26346e-07,2.6897699999999998,0.953339,8.26346
mwir_std_flux,D:\HwaSimIR\HwaSim_IR\Bin\Config\Atmosphere\MODTRAN\raw\audit_mwir_standard_20260906\mwir_std_flux\spectral_flux.flx,,W/(cm^2 nm),W/(m^2 sr um),W/(m^2 um),value_si=value_native*1e7 (cm^-2/nm -> m^-2/um),3485.54,3.48554,5.0,3.13996e-07,9.70433e-08,8.40181e-07,3.13996,0.970433,8.401810000000001
mwir_std_flux,D:\HwaSimIR\HwaSim_IR\Bin\Config\Atmosphere\MODTRAN\raw\audit_mwir_standard_20260906\mwir_std_flux\spectral_flux.flx,,W/(cm^2 nm),W/(m^2 sr um),W/(m^2 um),value_si=value_native*1e7 (cm^-2/nm -> m^-2/um),3484.32,3.4843200000000003,5.0,3.13935e-07,9.82775e-08,8.50757e-07,3.13935,0.9827750000000001,8.507570000000001
mwir_std_flux,D:\HwaSimIR\HwaSim_IR\Bin\Config\Atmosphere\MODTRAN\raw\audit_mwir_standard_20260906\mwir_std_flux\spectral_flux.flx,,W/(cm^2 nm),W/(m^2 sr um),W/(m^2 um),value_si=value_native*1e7 (cm^-2/nm -> m^-2/um),3483.11,3.48311,5.0,2.79541e-07,9.83194e-08,8.52072e-07,2.79541,0.983194,8.52072
mwir_std_flux,D:\HwaSimIR\HwaSim_IR\Bin\Config\Atmosphere\MODTRAN\raw\audit_mwir_standard_20260906\mwir_std_flux\spectral_flux.flx,,W/(cm^2 nm),W/(m^2 sr um),W/(m^2 um),value_si=value_native*1e7 (cm^-2/nm -> m^-2/um),3481.89,3.48189,5.0,2.82508e-07,9.8021e-08,8.50057e-07,2.8250800000000003,0.98021,8.50057
mwir_std_flux,D:\HwaSimIR\HwaSim_IR\Bin\Config\Atmosphere\MODTRAN\raw\audit_mwir_standard_20260906\mwir_std_flux\spectral_flux.flx,,W/(cm^2 nm),W/(m^2 sr um),W/(m^2 um),value_si=value_native*1e7 (cm^-2/nm -> m^-2/um),3480.68,3.48068,5.0,2.91967e-07,9.70799e-08,8.42022e-07,2.91967,0.970799,8.42022
mwir_std_flux,D:\HwaSimIR\HwaSim_IR\Bin\Config\Atmosphere\MODTRAN\raw\audit_mwir_standard_20260906\mwir_std_flux\spectral_flux.flx,,W/(cm^2 nm),W/(m^2 sr um),W/(m^2 um),value_si=value_native*1e7 (cm^-2/nm -> m^-2/um),3479.47,3.4794699999999996,5.0,2.61024e-07,9.37905e-08,8.13243e-07,2.61024,0.937905,8.13243
mwir_std_flux,D:\HwaSimIR\HwaSim_IR\Bin\Config\Atmosphere\MODTRAN\raw\audit_mwir_standard_20260906\mwir_std_flux\spectral_flux.flx,,W/(cm^2 nm),W/(m^2 sr um),W/(m^2 um),value_si=value_native*1e7 (cm^-2/nm -> m^-2/um),3478.26,3.47826,5.0,2.25066e-07,9.06904e-08,7.85742e-07,2.2506600000000003,0.9069039999999999,7.85742
mwir_std_flux,D:\HwaSimIR\HwaSim_IR\Bin\Config\Atmosphere\MODTRAN\raw\audit_mwir_standard_20260906\mwir_std_flux\spectral_flux.flx,,W/(cm^2 nm),W/(m^2 sr um),W/(m^2 um),value_si=value_native*1e7 (cm^-2/nm -> m^-2/um),3477.05,3.47705,5.0,2.28932e-07,9.13173e-08,7.91573e-07,2.28932,0.913173,7.91573
mwir_std_flux,D:\HwaSimIR\HwaSim_IR\Bin\Config\Atmosphere\MODTRAN\raw\audit_mwir_standard_20260906\mwir_std_flux\spectral_flux.flx,,W/(cm^2 nm),W/(m^2 sr um),W/(m^2 um),value_si=value_native*1e7 (cm^-2/nm -> m^-2/um),3475.84,3.4758400000000003,5.0,2.53962e-07,9.33438e-08,8.10248e-07,2.5396199999999998,0.933438,8.10248
mwir_std_flux,D:\HwaSimIR\HwaSim_IR\Bin\Config\Atmosphere\MODTRAN\raw\audit_mwir_standard_20260906\mwir_std_flux\spectral_flux.flx,,W/(cm^2 nm),W/(m^2 sr um),W/(m^2 um),value_si=value_native*1e7 (cm^-2/nm -> m^-2/um),3474.64,3.47464,5.0,2.47956e-07,9.47632e-08,8.22058e-07,2.47956,0.9476319999999999,8.22058
mwir_std_flux,D:\HwaSimIR\HwaSim_IR\Bin\Config\Atmosphere\MODTRAN\raw\audit_mwir_standard_20260906\mwir_std_flux\spectral_flux.flx,,W/(cm^2 nm),W/(m^2 sr um),W/(m^2 um),value_si=value_native*1e7 (cm^-2/nm -> m^-2/um),3473.43,3.47343,5.0,2.1166e-07,9.69549e-08,8.35721e-07,2.1166,0.969549,8.35721
mwir_std_flux,D:\HwaSimIR\HwaSim_IR\Bin\Config\Atmosphere\MODTRAN\raw\audit_mwir_standard_20260906\mwir_std_flux\spectral_flux.flx,,W/(cm^2 nm),W/(m^2 sr um),W/(m^2 um),value_si=value_native*1e7 (cm^-2/nm -> m^-2/um),3472.22,3.4722199999999996,5.0,2.16288e-07,9.92548e-08,8.50991e-07,2.16288,0.992548,8.50991
mwir_std_flux,D:\HwaSimIR\HwaSim_IR\Bin\Config\Atmosphere\MODTRAN\raw\audit_mwir_standard_20260906\mwir_std_flux\spectral_flux.flx,,W/(cm^2 nm),W/(m^2 sr um),W/(m^2 um),value_si=value_native*1e7 (cm^-2/nm -> m^-2/um),3471.02,3.4710199999999998,5.0,2.90266e-07,1.00914e-07,8.68445e-07,2.90266,1.00914,8.68445
mwir_std_flux,D:\HwaSimIR\HwaSim_IR\Bin\Config\Atmosphere\MODTRAN\raw\audit_mwir_standard_20260906\mwir_std_flux\spectral_flux.flx,,W/(cm^2 nm),W/(m^2 sr um),W/(m^2 um),value_si=value_native*1e7 (cm^-2/nm -> m^-2/um),3469.81,3.46981,5.0,3.37582e-07,1.00752e-07,8.70807e-07,3.37582,1.00752,8.70807
mwir_std_flux,D:\HwaSimIR\HwaSim_IR\Bin\Config\Atmosphere\MODTRAN\raw\audit_mwir_standard_20260906\mwir_std_flux\spectral_flux.flx,,W/(cm^2 nm),W/(m^2 sr um),W/(m^2 um),value_si=value_native*1e7 (cm^-2/nm -> m^-2/um),3468.61,3.46861,5.0,3.05733e-07,9.79783e-08,8.45598e-07,3.05733,0.979783,8.45598
mwir_std_flux,D:\HwaSimIR\HwaSim_IR\Bin\Config\Atmosphere\MODTRAN\raw\audit_mwir_standard_20260906\mwir_std_flux\spectral_flux.flx,,W/(cm^2 nm),W/(m^2 sr um),W/(m^2 um),value_si=value_native*1e7 (cm^-2/nm -> m^-2/um),3467.41,3.4674099999999997,5.0,2.3862e-07,9.24628e-08,7.93693e-07,2.3862,0.924628,7.93693
mwir_std_flux,D:\HwaSimIR\HwaSim_IR\Bin\Config\Atmosphere\MODTRAN\raw\audit_mwir_standard_20260906\mwir_std_flux\spectral_flux.flx,,W/(cm^2 nm),W/(m^2 sr um),W/(m^2 um),value_si=value_native*1e7 (cm^-2/nm -> m^-2/um),3466.2,3.4661999999999997,5.0,1.89547e-07,8.7253e-08,7.45533e-07,1.89547,0.8725299999999999,7.455329999999999
mwir_std_flux,D:\HwaSimIR\HwaSim_IR\Bin\Config\Atmosphere\MODTRAN\raw\audit_mwir_standard_20260906\mwir_std_flux\spectral_flux.flx,,W/(cm^2 nm),W/(m^2 sr um),W/(m^2 um),value_si=value_native*1e7 (cm^-2/nm -> m^-2/um),3465.0,3.465,5.0,2.02478e-07,8.87249e-08,7.58596e-07,2.02478,0.8872490000000001,7.58596
mwir_std_flux,D:\HwaSimIR\HwaSim_IR\Bin\Config\Atmosphere\MODTRAN\raw\audit_mwir_standard_20260906\mwir_std_flux\spectral_flux.flx,,W/(cm^2 nm),W/(m^2 sr um),W/(m^2 um),value_si=value_native*1e7 (cm^-2/nm -> m^-2/um),3463.8,3.4638,5.0,2.66617e-07,9.51077e-08,8.16669e-07,2.66617,0.9510770000000001,8.166690000000001
mwir_std_flux,D:\HwaSimIR\HwaSim_IR\Bin\Config\Atmosphere\MODTRAN\raw\audit_mwir_standard_20260906\mwir_std_flux\spectral_flux.flx,,W/(cm^2 nm),W/(m^2 sr um),W/(m^2 um),value_si=value_native*1e7 (cm^-2/nm -> m^-2/um),3462.6,3.4626,5.0,3.15194e-07,9.95751e-08,8.59344e-07,3.15194,0.9957509999999999,8.593440000000001
mwir_std_flux,D:\HwaSimIR\HwaSim_IR\Bin\Config\Atmosphere\MODTRAN\raw\audit_mwir_standard_20260906\mwir_std_flux\spectral_flux.flx,,W/(cm^2 nm),W/(m^2 sr um),W/(m^2 um),value_si=value_native*1e7 (cm^-2/nm -> m^-2/um),3461.41,3.46141,5.0,2.9341e-07,1.00796e-07,8.71268e-07,2.9341,1.00796,8.71268
mwir_std_flux,D:\HwaSimIR\HwaSim_IR\Bin\Config\Atmosphere\MODTRAN\raw\audit_mwir_standard_20260906\mwir_std_flux\spectral_flux.flx,,W/(cm^2 nm),W/(m^2 sr um),W/(m^2 um),value_si=value_native*1e7 (cm^-2/nm -> m^-2/um),3460.21,3.46021,5.0,2.55556e-07,1.01783e-07,8.79172e-07,2.55556,1.01783,8.79172
mwir_std_flux,D:\HwaSimIR\HwaSim_IR\Bin\Config\Atmosphere\MODTRAN\raw\audit_mwir_standard_20260906\mwir_std_flux\spectral_flux.flx,,W/(cm^2 nm),W/(m^2 sr um),W/(m^2 um),value_si=value_native*1e7 (cm^-2/nm -> m^-2/um),3459.01,3.45901,5.0,2.71471e-07,1.0311e-07,8.91968e-07,2.71471,1.0311,8.91968
mwir_std_flux,D:\HwaSimIR\HwaSim_IR\Bin\Config\Atmosphere\MODTRAN\raw\audit_mwir_standard_20260906\mwir_std_flux\spectral_flux.flx,,W/(cm^2 nm),W/(m^2 sr um),W/(m^2 um),value_si=value_native*1e7 (cm^-2/nm -> m^-2/um),3457.81,3.45781,5.0,2.68062e-07,1.03222e-07,8.919e-07,2.68062,1.03222,8.919
mwir_std_flux,D:\HwaSimIR\HwaSim_IR\Bin\Config\Atmosphere\MODTRAN\raw\audit_mwir_standard_20260906\mwir_std_flux\spectral_flux.flx,,W/(cm^2 nm),W/(m^2 sr um),W/(m^2 um),value_si=value_native*1e7 (cm^-2/nm -> m^-2/um),3456.62,3.45662,5.0,1.86068e-07,1.01115e-07,8.52629e-07,1.86068,1.01115,8.52629
mwir_std_flux,D:\HwaSimIR\HwaSim_IR\Bin\Config\Atmosphere\MODTRAN\raw\audit_mwir_standard_20260906\mwir_std_flux\spectral_flux.flx,,W/(cm^2 nm),W/(m^2 sr um),W/(m^2 um),value_si=value_native*1e7 (cm^-2/nm -> m^-2/um),3455.43,3.45543,5.0,1.12716e-07,9.6074e-08,7.7558e-07,1.12716,0.96074,7.7558
mwir_std_flux,D:\HwaSimIR\HwaSim_IR\Bin\Config\Atmosphere\MODTRAN\raw\audit_mwir_standard_20260906\mwir_std_flux\spectral_flux.flx,,W/(cm^2 nm),W/(m^2 sr um),W/(m^2 um),value_si=value_native*1e7 (cm^-2/nm -> m^-2/um),3454.23,3.45423,5.0,1.10512e-07,9.01173e-08,7.18789e-07,1.10512,0.901173,7.18789
mwir_std_flux,D:\HwaSimIR\HwaSim_IR\Bin\Config\Atmosphere\MODTRAN\raw\audit_mwir_standard_20260906\mwir_std_flux\spectral_flux.flx,,W/(cm^2 nm),W/(m^2 sr um),W/(m^2 um),value_si=value_native*1e7 (cm^-2/nm -> m^-2/um),3453.04,3.45304,5.0,1.44515e-07,8.82042e-08,7.18471e-07,1.44515,0.882042,7.18471
mwir_std_flux,D:\HwaSimIR\HwaSim_IR\Bin\Config\Atmosphere\MODTRAN\raw\audit_mwir_standard_20260906\mwir_std_flux\spectral_flux.flx,,W/(cm^2 nm),W/(m^2 sr um),W/(m^2 um),value_si=value_native*1e7 (cm^-2/nm -> m^-2/um),3451.85,3.45185,5.0,2.10546e-07,9.28956e-08,7.73284e-07,2.1054600000000003,0.928956,7.7328399999999995
mwir_std_flux,D:\HwaSimIR\HwaSim_IR\Bin\Config\Atmosphere\MODTRAN\raw\audit_mwir_standard_20260906\mwir_std_flux\spectral_flux.flx,,W/(cm^2 nm),W/(m^2 sr um),W/(m^2 um),value_si=value_native*1e7 (cm^-2/nm -> m^-2/um),3450.66,3.45066,5.0,2.8449e-07,9.83835e-08,8.38675e-07,2.8448999999999995,0.983835,8.38675
mwir_std_flux,D:\HwaSimIR\HwaSim_IR\Bin\Config\Atmosphere\MODTRAN\raw\audit_mwir_standard_20260906\mwir_std_flux\spectral_flux.flx,,W/(cm^2 nm),W/(m^2 sr um),W/(m^2 um),value_si=value_native*1e7 (cm^-2/nm -> m^-2/um),3449.47,3.44947,5.0,3.01136e-07,9.855e-08,8.519e-07,3.0113600000000003,0.9855,8.519
mwir_std_flux,D:\HwaSimIR\HwaSim_IR\Bin\Config\Atmosphere\MODTRAN\raw\audit_mwir_standard_20260906\mwir_std_flux\spectral_flux.flx,,W/(cm^2 nm),W/(m^2 sr um),W/(m^2 um),value_si=value_native*1e7 (cm^-2/nm -> m^-2/um),3448.28,3.44828,5.0,2.86891e-07,9.79235e-08,8.47482e-07,2.86891,0.979235,8.47482
mwir_std_flux,D:\HwaSimIR\HwaSim_IR\Bin\Config\Atmosphere\MODTRAN\raw\audit_mwir_standard_20260906\mwir_std_flux\spectral_flux.flx,,W/(cm^2 nm),W/(m^2 sr um),W/(m^2 um),value_si=value_native*1e7 (cm^-2/nm -> m^-2/um),3447.09,3.44709,5.0,2.52893e-07,9.85298e-08,8.51304e-07,2.5289300000000003,0.985298,8.51304
mwir_std_flux,D:\HwaSimIR\HwaSim_IR\Bin\Config\Atmosphere\MODTRAN\raw\audit_mwir_standard_20260906\mwir_std_flux\spectral_flux.flx,,W/(cm^2 nm),W/(m^2 sr um),W/(m^2 um),value_si=value_native*1e7 (cm^-2/nm -> m^-2/um),3445.9,3.4459,5.0,2.14361e-07,9.8668e-08,8.51284e-07,2.14361,0.9866799999999999,8.51284
mwir_std_flux,D:\HwaSimIR\HwaSim_IR\Bin\Config\Atmosphere\MODTRAN\raw\audit_mwir_standard_20260906\mwir_std_flux\spectral_flux.flx,,W/(cm^2 nm),W/(m^2 sr um),W/(m^2 um),value_si=value_native*1e7 (cm^-2/nm -> m^-2/um),3444.71,3.44471,5.0,2.23083e-07,1.01076e-07,8.71576e-07,2.23083,1.0107599999999999,8.71576
mwir_std_flux,D:\HwaSimIR\HwaSim_IR\Bin\Config\Atmosphere\MODTRAN\raw\audit_mwir_standard_20260906\mwir_std_flux\spectral_flux.flx,,W/(cm^2 nm),W/(m^2 sr um),W/(m^2 um),value_si=value_native*1e7 (cm^-2/nm -> m^-2/um),3443.53,3.44353,5.0,2.3989e-07,1.02185e-07,8.79146e-07,2.3989000000000003,1.02185,8.791459999999999
mwir_std_flux,D:\HwaSimIR\HwaSim_IR\Bin\Config\Atmosphere\MODTRAN\raw\audit_mwir_standard_20260906\mwir_std_flux\spectral_flux.flx,,W/(cm^2 nm),W/(m^2 sr um),W/(m^2 um),value_si=value_native*1e7 (cm^-2/nm -> m^-2/um),3442.34,3.44234,5.0,2.08413e-07,9.49885e-08,8.00736e-07,2.08413,0.9498850000000001,8.00736
mwir_std_flux,D:\HwaSimIR\HwaSim_IR\Bin\Config\Atmosphere\MODTRAN\raw\audit_mwir_standard_20260906\mwir_std_flux\spectral_flux.flx,,W/(cm^2 nm),W/(m^2 sr um),W/(m^2 um),value_si=value_native*1e7 (cm^-2/nm -> m^-2/um),3441.16,3.44116,5.0,1.32172e-07,8.40141e-08,6.67452e-07,1.32172,0.840141,6.67452
mwir_std_flux,D:\HwaSimIR\HwaSim_IR\Bin\Config\Atmosphere\MODTRAN\raw\audit_mwir_standard_20260906\mwir_std_flux\spectral_flux.flx,,W/(cm^2 nm),W/(m^2 sr um),W/(m^2 um),value_si=value_native*1e7 (cm^-2/nm -> m^-2/um),3439.97,3.4399699999999998,5.0,1.22467e-07,8.4135e-08,6.57675e-07,1.2246700000000001,0.84135,6.5767500000000005
mwir_std_flux,D:\HwaSimIR\HwaSim_IR\Bin\Config\Atmosphere\MODTRAN\raw\audit_mwir_standard_20260906\mwir_std_flux\spectral_flux.flx,,W/(cm^2 nm),W/(m^2 sr um),W/(m^2 um),value_si=value_native*1e7 (cm^-2/nm -> m^-2/um),3438.79,3.43879,5.0,2.12141e-07,9.45864e-08,7.87091e-07,2.12141,0.945864,7.87091
mwir_std_flux,D:\HwaSimIR\HwaSim_IR\Bin\Config\Atmosphere\MODTRAN\raw\audit_mwir_standard_20260906\mwir_std_flux\spectral_flux.flx,,W/(cm^2 nm),W/(m^2 sr um),W/(m^2 um),value_si=value_native*1e7 (cm^-2/nm -> m^-2/um),3437.61,3.4376100000000003,5.0,2.73724e-07,1.01252e-07,8.74463e-07,2.73724,1.01252,8.744629999999999
mwir_std_flux,D:\HwaSimIR\HwaSim_IR\Bin\Config\Atmosphere\MODTRAN\raw\audit_mwir_standard_20260906\mwir_std_flux\spectral_flux.flx,,W/(cm^2 nm),W/(m^2 sr um),W/(m^2 um),value_si=value_native*1e7 (cm^-2/nm -> m^-2/um),3436.43,3.4364299999999997,5.0,2.59623e-07,1.01858e-07,8.82543e-07,2.5962300000000003,1.01858,8.82543
mwir_std_flux,D:\HwaSimIR\HwaSim_IR\Bin\Config\Atmosphere\MODTRAN\raw\audit_mwir_standard_20260906\mwir_std_flux\spectral_flux.flx,,W/(cm^2 nm),W/(m^2 sr um),W/(m^2 um),value_si=value_native*1e7 (cm^-2/nm -> m^-2/um),3435.25,3.43525,5.0,2.10655e-07,1.01922e-07,8.75812e-07,2.10655,1.01922,8.75812
mwir_std_flux,D:\HwaSimIR\HwaSim_IR\Bin\Config\Atmosphere\MODTRAN\raw\audit_mwir_standard_20260906\mwir_std_flux\spectral_flux.flx,,W/(cm^2 nm),W/(m^2 sr um),W/(m^2 um),value_si=value_native*1e7 (cm^-2/nm -> m^-2/um),3434.07,3.43407,5.0,2.08552e-07,1.03991e-07,8.86637e-07,2.08552,1.03991,8.86637
mwir_std_flux,D:\HwaSimIR\HwaSim_IR\Bin\Config\Atmosphere\MODTRAN\raw\audit_mwir_standard_20260906\mwir_std_flux\spectral_flux.flx,,W/(cm^2 nm),W/(m^2 sr um),W/(m^2 um),value_si=value_native*1e7 (cm^-2/nm -> m^-2/um),3432.89,3.43289,5.0,2.80112e-07,1.05595e-07,9.05925e-07,2.80112,1.05595,9.05925
mwir_std_flux,D:\HwaSimIR\HwaSim_IR\Bin\Config\Atmosphere\MODTRAN\raw\audit_mwir_standard_20260906\mwir_std_flux\spectral_flux.flx,,W/(cm^2 nm),W/(m^2 sr um),W/(m^2 um),value_si=value_native*1e7 (cm^-2/nm -> m^-2/um),3431.71,3.43171,5.0,3.27169e-07,1.04858e-07,9.02836e-07,3.27169,1.04858,9.02836
mwir_std_flux,D:\HwaSimIR\HwaSim_IR\Bin\Config\Atmosphere\MODTRAN\raw\audit_mwir_standard_20260906\mwir_std_flux\spectral_flux.flx,,W/(cm^2 nm),W/(m^2 sr um),W/(m^2 um),value_si=value_native*1e7 (cm^-2/nm -> m^-2/um),3430.53,3.43053,5.0,2.78343e-07,1.00116e-07,8.32256e-07,2.78343,1.00116,8.32256
mwir_std_flux,D:\HwaSimIR\HwaSim_IR\Bin\Config\Atmosphere\MODTRAN\raw\audit_mwir_standard_20260906\mwir_std_flux\spectral_flux.flx,,W/(cm^2 nm),W/(m^2 sr um),W/(m^2 um),value_si=value_native*1e7 (cm^-2/nm -> m^-2/um),3429.36,3.42936,5.0,1.63689e-07,8.8931e-08,6.81509e-07,1.63689,0.88931,6.81509
mwir_std_flux,D:\HwaSimIR\HwaSim_IR\Bin\Config\Atmosphere\MODTRAN\raw\audit_mwir_standard_20260906\mwir_std_flux\spectral_flux.flx,,W/(cm^2 nm),W/(m^2 sr um),W/(m^2 um),value_si=value_native*1e7 (cm^-2/nm -> m^-2/um),3428.18,3.42818,5.0,9.56049e-08,8.18484e-08,5.9228e-07,0.9560489999999999,0.818484,5.9228000000000005
mwir_std_flux,D:\HwaSimIR\HwaSim_IR\Bin\Config\Atmosphere\MODTRAN\raw\audit_mwir_standard_20260906\mwir_std_flux\spectral_flux.flx,,W/(cm^2 nm),W/(m^2 sr um),W/(m^2 um),value_si=value_native*1e7 (cm^-2/nm -> m^-2/um),3427.0,3.427,5.0,1.14115e-07,8.61235e-08,6.54799e-07,1.14115,0.861235,6.54799
mwir_std_flux,D:\HwaSimIR\HwaSim_IR\Bin\Config\Atmosphere\MODTRAN\raw\audit_mwir_standard_20260906\mwir_std_flux\spectral_flux.flx,,W/(cm^2 nm),W/(m^2 sr um),W/(m^2 um),value_si=value_native*1e7 (cm^-2/nm -> m^-2/um),3425.83,3.42583,5.0,1.83506e-07,9.32251e-08,7.69921e-07,1.83506,0.9322509999999999,7.69921
mwir_std_flux,D:\HwaSimIR\HwaSim_IR\Bin\Config\Atmosphere\MODTRAN\raw\audit_mwir_standard_20260906\mwir_std_flux\spectral_flux.flx,,W/(cm^2 nm),W/(m^2 sr um),W/(m^2 um),value_si=value_native*1e7 (cm^-2/nm -> m^-2/um),3424.66,3.42466,5.0,2.63158e-07,9.94196e-08,8.56061e-07,2.6315799999999996,0.9941960000000001,8.56061
mwir_std_flux,D:\HwaSimIR\HwaSim_IR\Bin\Config\Atmosphere\MODTRAN\raw\audit_mwir_standard_20260906\mwir_std_flux\spectral_flux.flx,,W/(cm^2 nm),W/(m^2 sr um),W/(m^2 um),value_si=value_native*1e7 (cm^-2/nm -> m^-2/um),3423.49,3.4234899999999997,5.0,2.91435e-07,1.03614e-07,8.98056e-07,2.9143499999999998,1.03614,8.98056
mwir_std_flux,D:\HwaSimIR\HwaSim_IR\Bin\Config\Atmosphere\MODTRAN\raw\audit_mwir_standard_20260906\mwir_std_flux\spectral_flux.flx,,W/(cm^2 nm),W/(m^2 sr um),W/(m^2 um),value_si=value_native*1e7 (cm^-2/nm -> m^-2/um),3422.31,3.42231,5.0,2.99557e-07,1.05509e-07,9.14549e-07,2.99557,1.0550899999999999,9.145489999999999
mwir_std_flux,D:\HwaSimIR\HwaSim_IR\Bin\Config\Atmosphere\MODTRAN\raw\audit_mwir_standard_20260906\mwir_std_flux\spectral_flux.flx,,W/(cm^2 nm),W/(m^2 sr um),W/(m^2 um),value_si=value_native*1e7 (cm^-2/nm -> m^-2/um),3421.14,3.42114,5.0,3.224e-07,1.06568e-07,9.22805e-07,3.2239999999999998,1.06568,9.22805
mwir_std_flux,D:\HwaSimIR\HwaSim_IR\Bin\Config\Atmosphere\MODTRAN\raw\audit_mwir_standard_20260906\mwir_std_flux\spectral_flux.flx,,W/(cm^2 nm),W/(m^2 sr um),W/(m^2 um),value_si=value_native*1e7 (cm^-2/nm -> m^-2/um),3419.97,3.4199699999999997,5.0,3.19182e-07,1.06519e-07,9.223e-07,3.19182,1.06519,9.223
mwir_std_flux,D:\HwaSimIR\HwaSim_IR\Bin\Config\Atmosphere\MODTRAN\raw\audit_mwir_standard_20260906\mwir_std_flux\spectral_flux.flx,,W/(cm^2 nm),W/(m^2 sr um),W/(m^2 um),value_si=value_native*1e7 (cm^-2/nm -> m^-2/um),3418.8,3.4188,5.0,2.76907e-07,1.03625e-07,8.90702e-07,2.7690699999999997,1.0362500000000001,8.90702
mwir_std_flux,D:\HwaSimIR\HwaSim_IR\Bin\Config\Atmosphere\MODTRAN\raw\audit_mwir_standard_20260906\mwir_std_flux\spectral_flux.flx,,W/(cm^2 nm),W/(m^2 sr um),W/(m^2 um),value_si=value_native*1e7 (cm^-2/nm -> m^-2/um),3417.63,3.41763,5.0,1.93354e-07,8.95171e-08,7.14518e-07,1.93354,0.8951709999999999,7.14518
mwir_std_flux,D:\HwaSimIR\HwaSim_IR\Bin\Config\Atmosphere\MODTRAN\raw\audit_mwir_standard_20260906\mwir_std_flux\spectral_flux.flx,,W/(cm^2 nm),W/(m^2 sr um),W/(m^2 um),value_si=value_native*1e7 (cm^-2/nm -> m^-2/um),3416.47,3.41647,5.0,1.07553e-07,7.47532e-08,5.14814e-07,1.0755299999999999,0.7475320000000001,5.14814
mwir_std_flux,D:\HwaSimIR\HwaSim_IR\Bin\Config\Atmosphere\MODTRAN\raw\audit_mwir_standard_20260906\mwir_std_flux\spectral_flux.flx,,W/(cm^2 nm),W/(m^2 sr um),W/(m^2 um),value_si=value_native*1e7 (cm^-2/nm -> m^-2/um),3415.3,3.4153000000000002,5.0,1.16284e-07,8.20478e-08,5.94383e-07,1.1628399999999999,0.8204779999999999,5.94383
mwir_std_flux,D:\HwaSimIR\HwaSim_IR\Bin\Config\Atmosphere\MODTRAN\raw\audit_mwir_standard_20260906\mwir_std_flux\spectral_flux.flx,,W/(cm^2 nm),W/(m^2 sr um),W/(m^2 um),value_si=value_native*1e7 (cm^-2/nm -> m^-2/um),3414.13,3.41413,5.0,1.56325e-07,9.83465e-08,7.94865e-07,1.56325,0.983465,7.94865
mwir_std_flux,D:\HwaSimIR\HwaSim_IR\Bin\Config\Atmosphere\MODTRAN\raw\audit_mwir_standard_20260906\mwir_std_flux\spectral_flux.flx,,W/(cm^2 nm),W/(m^2 sr um),W/(m^2 um),value_si=value_native*1e7 (cm^-2/nm -> m^-2/um),3412.97,3.4129699999999996,5.0,1.36612e-07,1.04684e-07,8.69193e-07,1.36612,1.04684,8.69193
mwir_std_flux,D:\HwaSimIR\HwaSim_IR\Bin\Config\Atmosphere\MODTRAN\raw\audit_mwir_standard_20260906\mwir_std_flux\spectral_flux.flx,,W/(cm^2 nm),W/(m^2 sr um),W/(m^2 um),value_si=value_native*1e7 (cm^-2/nm -> m^-2/um),3411.8,3.4118000000000004,5.0,1.32145e-07,1.03242e-07,8.68456e-07,1.32145,1.0324200000000001,8.68456
mwir_std_flux,D:\HwaSimIR\HwaSim_IR\Bin\Config\Atmosphere\MODTRAN\raw\audit_mwir_standard_20260906\mwir_std_flux\spectral_flux.flx,,W/(cm^2 nm),W/(m^2 sr um),W/(m^2 um),value_si=value_native*1e7 (cm^-2/nm -> m^-2/um),3410.64,3.41064,5.0,1.28204e-07,1.00333e-07,8.3435e-07,1.28204,1.00333,8.3435
mwir_std_flux,D:\HwaSimIR\HwaSim_IR\Bin\Config\Atmosphere\MODTRAN\raw\audit_mwir_standard_20260906\mwir_std_flux\spectral_flux.flx,,W/(cm^2 nm),W/(m^2 sr um),W/(m^2 um),value_si=value_native*1e7 (cm^-2/nm -> m^-2/um),3409.48,3.40948,5.0,7.83419e-08,1.01036e-07,7.88879e-07,0.783419,1.0103600000000001,7.88879
mwir_std_flux,D:\HwaSimIR\HwaSim_IR\Bin\Config\Atmosphere\MODTRAN\raw\audit_mwir_standard_20260906\mwir_std_flux\spectral_flux.flx,,W/(cm^2 nm),W/(m^2 sr um),W/(m^2 um),value_si=value_native*1e7 (cm^-2/nm -> m^-2/um),3408.32,3.4083200000000002,5.0,4.34758e-08,1.02222e-07,7.47011e-07,0.43475800000000003,1.02222,7.47011
mwir_std_flux,D:\HwaSimIR\HwaSim_IR\Bin\Config\Atmosphere\MODTRAN\raw\audit_mwir_standard_20260906\mwir_std_flux\spectral_flux.flx,,W/(cm^2 nm),W/(m^2 sr um),W/(m^2 um),value_si=value_native*1e7 (cm^-2/nm -> m^-2/um),3407.16,3.4071599999999997,5.0,4.37146e-08,9.96104e-08,7.24811e-07,0.43714600000000003,0.996104,7.2481100000000005
mwir_std_flux,D:\HwaSimIR\HwaSim_IR\Bin\Config\Atmosphere\MODTRAN\raw\audit_mwir_standard_20260906\mwir_std_flux\spectral_flux.flx,,W/(cm^2 nm),W/(m^2 sr um),W/(m^2 um),value_si=value_native*1e7 (cm^-2/nm -> m^-2/um),3405.99,3.4059899999999996,5.0,4.80387e-08,9.36784e-08,6.85869e-07,0.480387,0.936784,6.858689999999999
mwir_std_flux,D:\HwaSimIR\HwaSim_IR\Bin\Config\Atmosphere\MODTRAN\raw\audit_mwir_standard_20260906\mwir_std_flux\spectral_flux.flx,,W/(cm^2 nm),W/(m^2 sr um),W/(m^2 um),value_si=value_native*1e7 (cm^-2/nm -> m^-2/um),3404.83,3.40483,5.0,4.57028e-08,8.42388e-08,5.56002e-07,0.457028,0.842388,5.56002
mwir_std_flux,D:\HwaSimIR\HwaSim_IR\Bin\Config\Atmosphere\MODTRAN\raw\audit_mwir_standard_20260906\mwir_std_flux\spectral_flux.flx,,W/(cm^2 nm),W/(m^2 sr um),W/(m^2 um),value_si=value_native*1e7 (cm^-2/nm -> m^-2/um),3403.68,3.40368,5.0,8.18014e-08,8.13246e-08,5.34681e-07,0.818014,0.813246,5.3468100000000005
mwir_std_flux,D:\HwaSimIR\HwaSim_IR\Bin\Config\Atmosphere\MODTRAN\raw\audit_mwir_standard_20260906\mwir_std_flux\spectral_flux.flx,,W/(cm^2 nm),W/(m^2 sr um),W/(m^2 um),value_si=value_native*1e7 (cm^-2/nm -> m^-2/um),3402.52,3.40252,5.0,1.56934e-07,9.31589e-08,7.35849e-07,1.56934,0.931589,7.35849
mwir_std_flux,D:\HwaSimIR\HwaSim_IR\Bin\Config\Atmosphere\MODTRAN\raw\audit_mwir_standard_20260906\mwir_std_flux\spectral_flux.flx,,W/(cm^2 nm),W/(m^2 sr um),W/(m^2 um),value_si=value_native*1e7 (cm^-2/nm -> m^-2/um),3401.36,3.40136,5.0,2.17945e-07,1.04442e-07,8.96201e-07,2.17945,1.0444200000000001,8.96201
mwir_std_flux,D:\HwaSimIR\HwaSim_IR\Bin\Config\Atmosphere\MODTRAN\raw\audit_mwir_standard_20260906\mwir_std_flux\spectral_flux.flx,,W/(cm^2 nm),W/(m^2 sr um),W/(m^2 um),value_si=value_native*1e7 (cm^-2/nm -> m^-2/um),3400.2,3.4002,5.0,2.58822e-07,1.06951e-07,9.26151e-07,2.5882199999999997,1.06951,9.261510000000001
mwir_std_flux,D:\HwaSimIR\HwaSim_IR\Bin\Config\Atmosphere\MODTRAN\raw\audit_mwir_standard_20260906\mwir_std_flux\spectral_flux.flx,,W/(cm^2 nm),W/(m^2 sr um),W/(m^2 um),value_si=value_native*1e7 (cm^-2/nm -> m^-2/um),3399.05,3.3990500000000003,5.0,2.65469e-07,1.05972e-07,9.18066e-07,2.65469,1.05972,9.18066
mwir_std_flux,D:\HwaSimIR\HwaSim_IR\Bin\Config\Atmosphere\MODTRAN\raw\audit_mwir_standard_20260906\mwir_std_flux\spectral_flux.flx,,W/(cm^2 nm),W/(m^2 sr um),W/(m^2 um),value_si=value_native*1e7 (cm^-2/nm -> m^-2/um),3397.89,3.39789,5.0,2.57478e-07,1.04472e-07,9.05315e-07,2.57478,1.0447199999999999,9.05315
mwir_std_flux,D:\HwaSimIR\HwaSim_IR\Bin\Config\Atmosphere\MODTRAN\raw\audit_mwir_standard_20260906\mwir_std_flux\spectral_flux.flx,,W/(cm^2 nm),W/(m^2 sr um),W/(m^2 um),value_si=value_native*1e7 (cm^-2/nm -> m^-2/um),3396.74,3.39674,5.0,2.46471e-07,1.05112e-07,9.08903e-07,2.4647099999999997,1.05112,9.08903
mwir_std_flux,D:\HwaSimIR\HwaSim_IR\Bin\Config\Atmosphere\MODTRAN\raw\audit_mwir_standard_20260906\mwir_std_flux\spectral_flux.flx,,W/(cm^2 nm),W/(m^2 sr um),W/(m^2 um),value_si=value_native*1e7 (cm^-2/nm -> m^-2/um),3395.59,3.3955900000000003,5.0,1.84439e-07,1.0462e-07,8.89748e-07,1.84439,1.0462,8.89748
mwir_std_flux,D:\HwaSimIR\HwaSim_IR\Bin\Config\Atmosphere\MODTRAN\raw\audit_mwir_standard_20260906\mwir_std_flux\spectral_flux.flx,,W/(cm^2 nm),W/(m^2 sr um),W/(m^2 um),value_si=value_native*1e7 (cm^-2/nm -> m^-2/um),3394.43,3.39443,5.0,1.25078e-07,9.98374e-08,8.26266e-07,1.25078,0.9983740000000001,8.26266
mwir_std_flux,D:\HwaSimIR\HwaSim_IR\Bin\Config\Atmosphere\MODTRAN\raw\audit_mwir_standard_20260906\mwir_std_flux\spectral_flux.flx,,W/(cm^2 nm),W/(m^2 sr um),W/(m^2 um),value_si=value_native*1e7 (cm^-2/nm -> m^-2/um),3393.28,3.3932800000000003,5.0,1.05967e-07,8.47531e-08,6.53415e-07,1.05967,0.8475309999999999,6.5341499999999995
mwir_std_flux,D:\HwaSimIR\HwaSim_IR\Bin\Config\Atmosphere\MODTRAN\raw\audit_mwir_standard_20260906\mwir_std_flux\spectral_flux.flx,,W/(cm^2 nm),W/(m^2 sr um),W/(m^2 um),value_si=value_native*1e7 (cm^-2/nm -> m^-2/um),3392.13,3.3921300000000003,5.0,9.46678e-08,7.17547e-08,5.09236e-07,0.946678,0.717547,5.092359999999999
mwir_std_flux,D:\HwaSimIR\HwaSim_IR\Bin\Config\Atmosphere\MODTRAN\raw\audit_mwir_standard_20260906\mwir_std_flux\spectral_flux.flx,,W/(cm^2 nm),W/(m^2 sr um),W/(m^2 um),value_si=value_native*1e7 (cm^-2/nm -> m^-2/um),3390.98,3.39098,5.0,1.47679e-07,8.42703e-08,6.64561e-07,1.47679,0.842703,6.6456100000000005
mwir_std_flux,D:\HwaSimIR\HwaSim_IR\Bin\Config\Atmosphere\MODTRAN\raw\audit_mwir_standard_20260906\mwir_std_flux\spectral_flux.flx,,W/(cm^2 nm),W/(m^2 sr um),W/(m^2 um),value_si=value_native*1e7 (cm^-2/nm -> m^-2/um),3389.83,3.38983,5.0,2.50706e-07,1.03574e-07,8.86645e-07,2.50706,1.0357399999999999,8.86645
mwir_std_flux,D:\HwaSimIR\HwaSim_IR\Bin\Config\Atmosphere\MODTRAN\raw\audit_mwir_standard_20260906\mwir_std_flux\spectral_flux.flx,,W/(cm^2 nm),W/(m^2 sr um),W/(m^2 um),value_si=value_native*1e7 (cm^-2/nm -> m^-2/um),3388.68,3.38868,5.0,3.00367e-07,1.09645e-07,9.48297e-07,3.00367,1.09645,9.48297
mwir_std_flux,D:\HwaSimIR\HwaSim_IR\Bin\Config\Atmosphere\MODTRAN\raw\audit_mwir_standard_20260906\mwir_std_flux\spectral_flux.flx,,W/(cm^2 nm),W/(m^2 sr um),W/(m^2 um),value_si=value_native*1e7 (cm^-2/nm -> m^-2/um),3387.53,3.3875300000000004,5.0,2.61203e-07,1.08038e-07,9.27243e-07,2.6120300000000003,1.0803800000000001,9.27243
mwir_std_flux,D:\HwaSimIR\HwaSim_IR\Bin\Config\Atmosphere\MODTRAN\raw\audit_mwir_standard_20260906\mwir_std_flux\spectral_flux.flx,,W/(cm^2 nm),W/(m^2 sr um),W/(m^2 um),value_si=value_native*1e7 (cm^-2/nm -> m^-2/um),3386.39,3.38639,5.0,1.60565e-07,1.03189e-07,8.53021e-07,1.60565,1.03189,8.53021
mwir_std_flux,D:\HwaSimIR\HwaSim_IR\Bin\Config\Atmosphere\MODTRAN\raw\audit_mwir_standard_20260906\mwir_std_flux\spectral_flux.flx,,W/(cm^2 nm),W/(m^2 sr um),W/(m^2 um),value_si=value_native*1e7 (cm^-2/nm -> m^-2/um),3385.24,3.3852399999999996,5.0,7.95631e-08,1.01159e-07,8.07081e-07,0.795631,1.01159,8.07081
mwir_std_flux,D:\HwaSimIR\HwaSim_IR\Bin\Config\Atmosphere\MODTRAN\raw\audit_mwir_standard_20260906\mwir_std_flux\spectral_flux.flx,,W/(cm^2 nm),W/(m^2 sr um),W/(m^2 um),value_si=value_native*1e7 (cm^-2/nm -> m^-2/um),3384.09,3.38409,5.0,5.41704e-08,1.03716e-07,8.18626e-07,0.5417040000000001,1.03716,8.186259999999999
mwir_std_flux,D:\HwaSimIR\HwaSim_IR\Bin\Config\Atmosphere\MODTRAN\raw\audit_mwir_standard_20260906\mwir_std_flux\spectral_flux.flx,,W/(cm^2 nm),W/(m^2 sr um),W/(m^2 um),value_si=value_native*1e7 (cm^-2/nm -> m^-2/um),3382.95,3.3829499999999997,5.0,4.55624e-08,1.03719e-07,7.96281e-07,0.45562400000000003,1.03719,7.96281
mwir_std_flux,D:\HwaSimIR\HwaSim_IR\Bin\Config\Atmosphere\MODTRAN\raw\audit_mwir_standard_20260906\mwir_std_flux\spectral_flux.flx,,W/(cm^2 nm),W/(m^2 sr um),W/(m^2 um),value_si=value_native*1e7 (cm^-2/nm -> m^-2/um),3381.81,3.3818099999999998,5.0,3.79939e-08,9.26378e-08,6.59417e-07,0.37993899999999997,0.926378,6.59417
mwir_std_flux,D:\HwaSimIR\HwaSim_IR\Bin\Config\Atmosphere\MODTRAN\raw\audit_mwir_standard_20260906\mwir_std_flux\spectral_flux.flx,,W/(cm^2 nm),W/(m^2 sr um),W/(m^2 um),value_si=value_native*1e7 (cm^-2/nm -> m^-2/um),3380.66,3.3806599999999998,5.0,4.50551e-08,8.06782e-08,5.12889e-07,0.45055100000000003,0.806782,5.12889
mwir_std_flux,D:\HwaSimIR\HwaSim_IR\Bin\Config\Atmosphere\MODTRAN\raw\audit_mwir_standard_20260906\mwir_std_flux\spectral_flux.flx,,W/(cm^2 nm),W/(m^2 sr um),W/(m^2 um),value_si=value_native*1e7 (cm^-2/nm -> m^-2/um),3379.52,3.37952,5.0,8.84191e-08,8.7107e-08,6.04088e-07,0.884191,0.87107,6.04088
mwir_std_flux,D:\HwaSimIR\HwaSim_IR\Bin\Config\Atmosphere\MODTRAN\raw\audit_mwir_standard_20260906\mwir_std_flux\spectral_flux.flx,,W/(cm^2 nm),W/(m^2 sr um),W/(m^2 um),value_si=value_native*1e7 (cm^-2/nm -> m^-2/um),3378.38,3.37838,5.0,1.20962e-07,1.01149e-07,8.00278e-07,1.20962,1.01149,8.00278
mwir_std_flux,D:\HwaSimIR\HwaSim_IR\Bin\Config\Atmosphere\MODTRAN\raw\audit_mwir_standard_20260906\mwir_std_flux\spectral_flux.flx,,W/(cm^2 nm),W/(m^2 sr um),W/(m^2 um),value_si=value_native*1e7 (cm^-2/nm -> m^-2/um),3377.24,3.3772399999999996,5.0,9.24946e-08,1.06847e-07,8.52523e-07,0.924946,1.06847,8.52523
mwir_std_flux,D:\HwaSimIR\HwaSim_IR\Bin\Config\Atmosphere\MODTRAN\raw\audit_mwir_standard_20260906\mwir_std_flux\spectral_flux.flx,,W/(cm^2 nm),W/(m^2 sr um),W/(m^2 um),value_si=value_native*1e7 (cm^-2/nm -> m^-2/um),3376.1,3.3761,5.0,9.01374e-08,1.0859e-07,8.64148e-07,0.901374,1.0858999999999999,8.64148
mwir_std_flux,D:\HwaSimIR\HwaSim_IR\Bin\Config\Atmosphere\MODTRAN\raw\audit_mwir_standard_20260906\mwir_std_flux\spectral_flux.flx,,W/(cm^2 nm),W/(m^2 sr um),W/(m^2 um),value_si=value_native*1e7 (cm^-2/nm -> m^-2/um),3374.96,3.37496,5.0,1.38354e-07,1.0991e-07,9.18617e-07,1.38354,1.0991,9.18617
mwir_std_flux,D:\HwaSimIR\HwaSim_IR\Bin\Config\Atmosphere\MODTRAN\raw\audit_mwir_standard_20260906\mwir_std_flux\spectral_flux.flx,,W/(cm^2 nm),W/(m^2 sr um),W/(m^2 um),value_si=value_native*1e7 (cm^-2/nm -> m^-2/um),3373.82,3.3738200000000003,5.0,1.44788e-07,1.08486e-07,9.29991e-07,1.44788,1.08486,9.299909999999999
mwir_std_flux,D:\HwaSimIR\HwaSim_IR\Bin\Config\Atmosphere\MODTRAN\raw\audit_mwir_standard_20260906\mwir_std_flux\spectral_flux.flx,,W/(cm^2 nm),W/(m^2 sr um),W/(m^2 um),value_si=value_native*1e7 (cm^-2/nm -> m^-2/um),3372.68,3.37268,5.0,9.79907e-08,1.03469e-07,8.38195e-07,0.9799070000000001,1.0346899999999999,8.38195
mwir_std_flux,D:\HwaSimIR\HwaSim_IR\Bin\Config\Atmosphere\MODTRAN\raw\audit_mwir_standard_20260906\mwir_std_flux\spectral_flux.flx,,W/(cm^2 nm),W/(m^2 sr um),W/(m^2 um),value_si=value_native*1e7 (cm^-2/nm -> m^-2/um),3371.54,3.37154,5.0,5.49006e-08,1.0028e-07,7.56478e-07,0.549006,1.0028,7.56478
mwir_std_flux,D:\HwaSimIR\HwaSim_IR\Bin\Config\Atmosphere\MODTRAN\raw\audit_mwir_standard_20260906\mwir_std_flux\spectral_flux.flx,,W/(cm^2 nm),W/(m^2 sr um),W/(m^2 um),value_si=value_native*1e7 (cm^-2/nm -> m^-2/um),3370.41,3.3704099999999997,5.0,4.01309e-08,9.90993e-08,7.37456e-07,0.40130899999999997,0.990993,7.37456
mwir_std_flux,D:\HwaSimIR\HwaSim_IR\Bin\Config\Atmosphere\MODTRAN\raw\audit_mwir_standard_20260906\mwir_std_flux\spectral_flux.flx,,W/(cm^2 nm),W/(m^2 sr um),W/(m^2 um),value_si=value_native*1e7 (cm^-2/nm -> m^-2/um),3369.27,3.3692699999999998,5.0,3.70372e-08,9.25179e-08,6.44923e-07,0.370372,0.925179,6.44923
mwir_std_flux,D:\HwaSimIR\HwaSim_IR\Bin\Config\Atmosphere\MODTRAN\raw\audit_mwir_standard_20260906\mwir_std_flux\spectral_flux.flx,,W/(cm^2 nm),W/(m^2 sr um),W/(m^2 um),value_si=value_native*1e7 (cm^-2/nm -> m^-2/um),3368.14,3.36814,5.0,4.56342e-08,8.97712e-08,6.11175e-07,0.456342,0.8977120000000001,6.11175
mwir_std_flux,D:\HwaSimIR\HwaSim_IR\Bin\Config\Atmosphere\MODTRAN\raw\audit_mwir_standard_20260906\mwir_std_flux\spectral_flux.flx,,W/(cm^2 nm),W/(m^2 sr um),W/(m^2 um),value_si=value_native*1e7 (cm^-2/nm -> m^-2/um),3367.0,3.367,5.0,8.14947e-08,9.8181e-08,7.60585e-07,0.814947,0.98181,7.60585
mwir_std_flux,D:\HwaSimIR\HwaSim_IR\Bin\Config\Atmosphere\MODTRAN\raw\audit_mwir_standard_20260906\mwir_std_flux\spectral_flux.flx,,W/(cm^2 nm),W/(m^2 sr um),W/(m^2 um),value_si=value_native*1e7 (cm^-2/nm -> m^-2/um),3365.87,3.3658699999999997,5.0,1.11042e-07,1.05316e-07,8.81353e-07,1.11042,1.05316,8.81353
mwir_std_flux,D:\HwaSimIR\HwaSim_IR\Bin\Config\Atmosphere\MODTRAN\raw\audit_mwir_standard_20260906\mwir_std_flux\spectral_flux.flx,,W/(cm^2 nm),W/(m^2 sr um),W/(m^2 um),value_si=value_native*1e7 (cm^-2/nm -> m^-2/um),3364.74,3.36474,5.0,8.91466e-08,1.06344e-07,8.3523e-07,0.891466,1.06344,8.3523
mwir_std_flux,D:\HwaSimIR\HwaSim_IR\Bin\Config\Atmosphere\MODTRAN\raw\audit_mwir_standard_20260906\mwir_std_flux\spectral_flux.flx,,W/(cm^2 nm),W/(m^2 sr um),W/(m^2 um),value_si=value_native*1e7 (cm^-2/nm -> m^-2/um),3363.61,3.36361,5.0,4.66857e-08,1.05413e-07,7.46487e-07,0.466857,1.05413,7.46487
mwir_std_flux,D:\HwaSimIR\HwaSim_IR\Bin\Config\Atmosphere\MODTRAN\raw\audit_mwir_standard_20260906\mwir_std_flux\spectral_flux.flx,,W/(cm^2 nm),W/(m^2 sr um),W/(m^2 um),value_si=value_native*1e7 (cm^-2/nm -> m^-2/um),3362.47,3.3624699999999996,5.0,3.01086e-08,1.05168e-07,7.36399e-07,0.301086,1.05168,7.36399
mwir_std_flux,D:\HwaSimIR\HwaSim_IR\Bin\Config\Atmosphere\MODTRAN\raw\audit_mwir_standard_20260906\mwir_std_flux\spectral_flux.flx,,W/(cm^2 nm),W/(m^2 sr um),W/(m^2 um),value_si=value_native*1e7 (cm^-2/nm -> m^-2/um),3361.34,3.36134,5.0,4.16262e-08,1.06138e-07,7.72824e-07,0.416262,1.06138,7.7282399999999996
mwir_std_flux,D:\HwaSimIR\HwaSim_IR\Bin\Config\Atmosphere\MODTRAN\raw\audit_mwir_standard_20260906\mwir_std_flux\spectral_flux.flx,,W/(cm^2 nm),W/(m^2 sr um),W/(m^2 um),value_si=value_native*1e7 (cm^-2/nm -> m^-2/um),3360.22,3.36022,5.0,6.04128e-08,1.0723e-07,8.47636e-07,0.604128,1.0723,8.47636
mwir_std_flux,D:\HwaSimIR\HwaSim_IR\Bin\Config\Atmosphere\MODTRAN\raw\audit_mwir_standard_20260906\mwir_std_flux\spectral_flux.flx,,W/(cm^2 nm),W/(m^2 sr um),W/(m^2 um),value_si=value_native*1e7 (cm^-2/nm -> m^-2/um),3359.09,3.35909,5.0,5.5667e-08,1.02861e-07,8.01716e-07,0.55667,1.02861,8.01716
mwir_std_flux,D:\HwaSimIR\HwaSim_IR\Bin\Config\Atmosphere\MODTRAN\raw\audit_mwir_standard_20260906\mwir_std_flux\spectral_flux.flx,,W/(cm^2 nm),W/(m^2 sr um),W/(m^2 um),value_si=value_native*1e7 (cm^-2/nm -> m^-2/um),3357.96,3.35796,5.0,3.42133e-08,8.73884e-08,5.51776e-07,0.342133,0.873884,5.51776
mwir_std_flux,D:\HwaSimIR\HwaSim_IR\Bin\Config\Atmosphere\MODTRAN\raw\audit_mwir_standard_20260906\mwir_std_flux\spectral_flux.flx,,W/(cm^2 nm),W/(m^2 sr um),W/(m^2 um),value_si=value_native*1e7 (cm^-2/nm -> m^-2/um),3356.83,3.35683,5.0,2.46208e-08,7.85585e-08,4.28476e-07,0.24620799999999998,0.785585,4.2847599999999995
mwir_std_flux,D:\HwaSimIR\HwaSim_IR\Bin\Config\Atmosphere\MODTRAN\raw\audit_mwir_standard_20260906\mwir_std_flux\spectral_flux.flx,,W/(cm^2 nm),W/(m^2 sr um),W/(m^2 um),value_si=value_native*1e7 (cm^-2/nm -> m^-2/um),3355.7,3.3556999999999997,5.0,2.71045e-08,9.01259e-08,5.82537e-07,0.271045,0.901259,5.82537
mwir_std_flux,D:\HwaSimIR\HwaSim_IR\Bin\Config\Atmosphere\MODTRAN\raw\audit_mwir_standard_20260906\mwir_std_flux\spectral_flux.flx,,W/(cm^2 nm),W/(m^2 sr um),W/(m^2 um),value_si=value_native*1e7 (cm^-2/nm -> m^-2/um),3354.58,3.35458,5.0,3.78325e-08,1.03363e-07,7.73153e-07,0.37832499999999997,1.03363,7.73153
mwir_std_flux,D:\HwaSimIR\HwaSim_IR\Bin\Config\Atmosphere\MODTRAN\raw\audit_mwir_standard_20260906\mwir_std_flux\spectral_flux.flx,,W/(cm^2 nm),W/(m^2 sr um),W/(m^2 um),value_si=value_native*1e7 (cm^-2/nm -> m^-2/um),3353.45,3.3534499999999996,5.0,5.65776e-08,1.08326e-07,8.75834e-07,0.565776,1.08326,8.75834
mwir_std_flux,D:\HwaSimIR\HwaSim_IR\Bin\Config\Atmosphere\MODTRAN\raw\audit_mwir_standard_20260906\mwir_std_flux\spectral_flux.flx,,W/(cm^2 nm),W/(m^2 sr um),W/(m^2 um),value_si=value_native*1e7 (cm^-2/nm -> m^-2/um),3352.33,3.35233,5.0,6.23414e-08,1.09661e-07,8.8026e-07,0.623414,1.09661,8.8026
mwir_std_flux,D:\HwaSimIR\HwaSim_IR\Bin\Config\Atmosphere\MODTRAN\raw\audit_mwir_standard_20260906\mwir_std_flux\spectral_flux.flx,,W/(cm^2 nm),W/(m^2 sr um),W/(m^2 um),value_si=value_native*1e7 (cm^-2/nm -> m^-2/um),3351.21,3.35121,5.0,5.93365e-08,1.1015e-07,8.54015e-07,0.593365,1.1015000000000001,8.54015
mwir_std_flux,D:\HwaSimIR\HwaSim_IR\Bin\Config\Atmosphere\MODTRAN\raw\audit_mwir_standard_20260906\mwir_std_flux\spectral_flux.flx,,W/(cm^2 nm),W/(m^2 sr um),W/(m^2 um),value_si=value_native*1e7 (cm^-2/nm -> m^-2/um),3350.08,3.3500799999999997,5.0,7.82448e-08,1.11742e-07,9.09151e-07,0.782448,1.1174199999999999,9.09151
mwir_std_flux,D:\HwaSimIR\HwaSim_IR\Bin\Config\Atmosphere\MODTRAN\raw\audit_mwir_standard_20260906\mwir_std_flux\spectral_flux.flx,,W/(cm^2 nm),W/(m^2 sr um),W/(m^2 um),value_si=value_native*1e7 (cm^-2/nm -> m^-2/um),3348.96,3.34896,5.0,8.66516e-08,1.11602e-07,9.36099e-07,0.8665160000000001,1.11602,9.36099
mwir_std_flux,D:\HwaSimIR\HwaSim_IR\Bin\Config\Atmosphere\MODTRAN\raw\audit_mwir_standard_20260906\mwir_std_flux\spectral_flux.flx,,W/(cm^2 nm),W/(m^2 sr um),W/(m^2 um),value_si=value_native*1e7 (cm^-2/nm -> m^-2/um),3347.84,3.34784,5.0,5.57976e-08,1.05306e-07,8.04936e-07,0.557976,1.05306,8.04936
mwir_std_flux,D:\HwaSimIR\HwaSim_IR\Bin\Config\Atmosphere\MODTRAN\raw\audit_mwir_standard_20260906\mwir_std_flux\spectral_flux.flx,,W/(cm^2 nm),W/(m^2 sr um),W/(m^2 um),value_si=value_native*1e7 (cm^-2/nm -> m^-2/um),3346.72,3.34672,5.0,2.88972e-08,9.10316e-08,5.67924e-07,0.288972,0.9103159999999999,5.67924
mwir_std_flux,D:\HwaSimIR\HwaSim_IR\Bin\Config\Atmosphere\MODTRAN\raw\audit_mwir_standard_20260906\mwir_std_flux\spectral_flux.flx,,W/(cm^2 nm),W/(m^2 sr um),W/(m^2 um),value_si=value_native*1e7 (cm^-2/nm -> m^-2/um),3345.6,3.3456,5.0,3.15504e-08,8.41886e-08,5.05868e-07,0.315504,0.841886,5.05868
mwir_std_flux,D:\HwaSimIR\HwaSim_IR\Bin\Config\Atmosphere\MODTRAN\raw\audit_mwir_standard_20260906\mwir_std_flux\spectral_flux.flx,,W/(cm^2 nm),W/(m^2 sr um),W/(m^2 um),value_si=value_native*1e7 (cm^-2/nm -> m^-2/um),3344.48,3.34448,5.0,4.86671e-08,9.61657e-08,7.17498e-07,0.486671,0.961657,7.17498
mwir_std_flux,D:\HwaSimIR\HwaSim_IR\Bin\Config\Atmosphere\MODTRAN\raw\audit_mwir_standard_20260906\mwir_std_flux\spectral_flux.flx,,W/(cm^2 nm),W/(m^2 sr um),W/(m^2 um),value_si=value_native*1e7 (cm^-2/nm -> m^-2/um),3343.36,3.34336,5.0,5.224e-08,1.07386e-07,8.36733e-07,0.5224000000000001,1.07386,8.36733
mwir_std_flux,D:\HwaSimIR\HwaSim_IR\Bin\Config\Atmosphere\MODTRAN\raw\audit_mwir_standard_20260906\mwir_std_flux\spectral_flux.flx,,W/(cm^2 nm),W/(m^2 sr um),W/(m^2 um),value_si=value_native*1e7 (cm^-2/nm -> m^-2/um),3342.25,3.34225,5.0,3.67566e-08,1.08156e-07,7.72776e-07,0.367566,1.08156,7.72776
mwir_std_flux,D:\HwaSimIR\HwaSim_IR\Bin\Config\Atmosphere\MODTRAN\raw\audit_mwir_standard_20260906\mwir_std_flux\spectral_flux.flx,,W/(cm^2 nm),W/(m^2 sr um),W/(m^2 um),value_si=value_native*1e7 (cm^-2/nm -> m^-2/um),3341.13,3.34113,5.0,2.55808e-08,1.06971e-07,7.01283e-07,0.255808,1.06971,7.01283
mwir_std_flux,D:\HwaSimIR\HwaSim_IR\Bin\Config\Atmosphere\MODTRAN\raw\audit_mwir_standard_20260906\mwir_std_flux\spectral_flux.flx,,W/(cm^2 nm),W/(m^2 sr um),W/(m^2 um),value_si=value_native*1e7 (cm^-2/nm -> m^-2/um),3340.01,3.3400100000000004,5.0,2.48994e-08,1.06903e-07,6.54053e-07,0.248994,1.06903,6.5405299999999995
mwir_std_flux,D:\HwaSimIR\HwaSim_IR\Bin\Config\Atmosphere\MODTRAN\raw\audit_mwir_standard_20260906\mwir_std_flux\spectral_flux.flx,,W/(cm^2 nm),W/(m^2 sr um),W/(m^2 um),value_si=value_native*1e7 (cm^-2/nm -> m^-2/um),3338.9,3.3389,5.0,3.82901e-08,1.09562e-07,7.35671e-07,0.382901,1.09562,7.3567100000000005
mwir_std_flux,D:\HwaSimIR\HwaSim_IR\Bin\Config\Atmosphere\MODTRAN\raw\audit_mwir_standard_20260906\mwir_std_flux\spectral_flux.flx,,W/(cm^2 nm),W/(m^2 sr um),W/(m^2 um),value_si=value_native*1e7 (cm^-2/nm -> m^-2/um),3337.78,3.3377800000000004,5.0,8.08182e-08,1.12917e-07,9.00897e-07,0.808182,1.12917,9.00897
mwir_std_flux,D:\HwaSimIR\HwaSim_IR\Bin\Config\Atmosphere\MODTRAN\raw\audit_mwir_standard_20260906\mwir_std_flux\spectral_flux.flx,,W/(cm^2 nm),W/(m^2 sr um),W/(m^2 um),value_si=value_native*1e7 (cm^-2/nm -> m^-2/um),3336.67,3.3366700000000002,5.0,1.25557e-07,1.12469e-07,9.60552e-07,1.2555699999999999,1.12469,9.605519999999999
mwir_std_flux,D:\HwaSimIR\HwaSim_IR\Bin\Config\Atmosphere\MODTRAN\raw\audit_mwir_standard_20260906\mwir_std_flux\spectral_flux.flx,,W/(cm^2 nm),W/(m^2 sr um),W/(m^2 um),value_si=value_native*1e7 (cm^-2/nm -> m^-2/um),3335.56,3.33556,5.0,1.18005e-07,1.05476e-07,8.64569e-07,1.18005,1.05476,8.64569
mwir_std_flux,D:\HwaSimIR\HwaSim_IR\Bin\Config\Atmosphere\MODTRAN\raw\audit_mwir_standard_20260906\mwir_std_flux\spectral_flux.flx,,W/(cm^2 nm),W/(m^2 sr um),W/(m^2 um),value_si=value_native*1e7 (cm^-2/nm -> m^-2/um),3334.44,3.33444,5.0,9.76313e-08,1.00618e-07,7.83353e-07,0.976313,1.0061799999999999,7.83353
mwir_std_flux,D:\HwaSimIR\HwaSim_IR\Bin\Config\Atmosphere\MODTRAN\raw\audit_mwir_standard_20260906\mwir_std_flux\spectral_flux.flx,,W/(cm^2 nm),W/(m^2 sr um),W/(m^2 um),value_si=value_native*1e7 (cm^-2/nm -> m^-2/um),3333.33,3.33333,5.0,1.13446e-07,1.06358e-07,8.71218e-07,1.13446,1.06358,8.71218
mwir_std_flux,D:\HwaSimIR\HwaSim_IR\Bin\Config\Atmosphere\MODTRAN\raw\audit_mwir_standard_20260906\mwir_std_flux\spectral_flux.flx,,W/(cm^2 nm),W/(m^2 sr um),W/(m^2 um),value_si=value_native*1e7 (cm^-2/nm -> m^-2/um),3332.22,3.33222,5.0,1.16073e-07,1.12277e-07,9.65058e-07,1.16073,1.12277,9.65058
mwir_std_flux,D:\HwaSimIR\HwaSim_IR\Bin\Config\Atmosphere\MODTRAN\raw\audit_mwir_standard_20260906\mwir_std_flux\spectral_flux.flx,,W/(cm^2 nm),W/(m^2 sr um),W/(m^2 um),value_si=value_native*1e7 (cm^-2/nm -> m^-2/um),3331.11,3.3311100000000002,5.0,8.42958e-08,1.11264e-07,9.3297e-07,0.8429580000000001,1.11264,9.3297
mwir_std_flux,D:\HwaSimIR\HwaSim_IR\Bin\Config\Atmosphere\MODTRAN\raw\audit_mwir_standard_20260906\mwir_std_flux\spectral_flux.flx,,W/(cm^2 nm),W/(m^2 sr um),W/(m^2 um),value_si=value_native*1e7 (cm^-2/nm -> m^-2/um),3330.0,3.33,5.0,4.5768e-08,1.0486e-07,7.69189e-07,0.45768000000000003,1.0486,7.69189
mwir_std_flux,D:\HwaSimIR\HwaSim_IR\Bin\Config\Atmosphere\MODTRAN\raw\audit_mwir_standard_20260906\mwir_std_flux\spectral_flux.flx,,W/(cm^2 nm),W/(m^2 sr um),W/(m^2 um),value_si=value_native*1e7 (cm^-2/nm -> m^-2/um),3328.89,3.32889,5.0,2.40896e-08,9.75093e-08,5.69612e-07,0.240896,0.9750930000000001,5.6961200000000005
mwir_std_flux,D:\HwaSimIR\HwaSim_IR\Bin\Config\Atmosphere\MODTRAN\raw\audit_mwir_standard_20260906\mwir_std_flux\spectral_flux.flx,,W/(cm^2 nm),W/(m^2 sr um),W/(m^2 um),value_si=value_native*1e7 (cm^-2/nm -> m^-2/um),3327.79,3.32779,5.0,2.45281e-08,9.55561e-08,5.67799e-07,0.24528099999999997,0.955561,5.677989999999999
mwir_std_flux,D:\HwaSimIR\HwaSim_IR\Bin\Config\Atmosphere\MODTRAN\raw\audit_mwir_standard_20260906\mwir_std_flux\spectral_flux.flx,,W/(cm^2 nm),W/(m^2 sr um),W/(m^2 um),value_si=value_native*1e7 (cm^-2/nm -> m^-2/um),3326.68,3.3266799999999996,5.0,3.25587e-08,9.29475e-08,6.95382e-07,0.32558699999999996,0.929475,6.9538199999999994
mwir_std_flux,D:\HwaSimIR\HwaSim_IR\Bin\Config\Atmosphere\MODTRAN\raw\audit_mwir_standard_20260906\mwir_std_flux\spectral_flux.flx,,W/(cm^2 nm),W/(m^2 sr um),W/(m^2 um),value_si=value_native*1e7 (cm^-2/nm -> m^-2/um),3325.57,3.3255700000000004,5.0,3.62738e-08,8.40654e-08,7.09554e-07,0.362738,0.840654,7.09554
mwir_std_flux,D:\HwaSimIR\HwaSim_IR\Bin\Config\Atmosphere\MODTRAN\raw\audit_mwir_standard_20260906\mwir_std_flux\spectral_flux.flx,,W/(cm^2 nm),W/(m^2 sr um),W/(m^2 um),value_si=value_native*1e7 (cm^-2/nm -> m^-2/um),3324.47,3.32447,5.0,3.18479e-08,7.50967e-08,6.23988e-07,0.318479,0.7509669999999999,6.239879999999999
mwir_std_flux,D:\HwaSimIR\HwaSim_IR\Bin\Config\Atmosphere\MODTRAN\raw\audit_mwir_standard_20260906\mwir_std_flux\spectral_flux.flx,,W/(cm^2 nm),W/(m^2 sr um),W/(m^2 um),value_si=value_native*1e7 (cm^-2/nm -> m^-2/um),3323.36,3.32336,5.0,2.33316e-08,6.9716e-08,4.81987e-07,0.23331600000000002,0.69716,4.81987
mwir_std_flux,D:\HwaSimIR\HwaSim_IR\Bin\Config\Atmosphere\MODTRAN\raw\audit_mwir_standard_20260906\mwir_std_flux\spectral_flux.flx,,W/(cm^2 nm),W/(m^2 sr um),W/(m^2 um),value_si=value_native*1e7 (cm^-2/nm -> m^-2/um),3322.26,3.3222600000000004,5.0,1.73063e-08,6.6499e-08,3.46684e-07,0.173063,0.6649900000000001,3.46684
mwir_std_flux,D:\HwaSimIR\HwaSim_IR\Bin\Config\Atmosphere\MODTRAN\raw\audit_mwir_standard_20260906\mwir_std_flux\spectral_flux.flx,,W/(cm^2 nm),W/(m^2 sr um),W/(m^2 um),value_si=value_native*1e7 (cm^-2/nm -> m^-2/um),3321.16,3.32116,5.0,1.55394e-08,6.13001e-08,3.00921e-07,0.155394,0.613001,3.00921
mwir_std_flux,D:\HwaSimIR\HwaSim_IR\Bin\Config\Atmosphere\MODTRAN\raw\audit_mwir_standard_20260906\mwir_std_flux\spectral_flux.flx,,W/(cm^2 nm),W/(m^2 sr um),W/(m^2 um),value_si=value_native*1e7 (cm^-2/nm -> m^-2/um),3320.05,3.32005,5.0,1.49107e-08,5.27009e-08,2.45997e-07,0.14910700000000002,0.527009,2.4599699999999998
mwir_std_flux,D:\HwaSimIR\HwaSim_IR\Bin\Config\Atmosphere\MODTRAN\raw\audit_mwir_standard_20260906\mwir_std_flux\spectral_flux.flx,,W/(cm^2 nm),W/(m^2 sr um),W/(m^2 um),value_si=value_native*1e7 (cm^-2/nm -> m^-2/um),3318.95,3.3189499999999996,5.0,1.4278e-08,4.43437e-08,1.59808e-07,0.14278000000000002,0.443437,1.59808
mwir_std_flux,D:\HwaSimIR\HwaSim_IR\Bin\Config\Atmosphere\MODTRAN\raw\audit_mwir_standard_20260906\mwir_std_flux\spectral_flux.flx,,W/(cm^2 nm),W/(m^2 sr um),W/(m^2 um),value_si=value_native*1e7 (cm^-2/nm -> m^-2/um),3317.85,3.31785,5.0,1.40687e-08,3.7982e-08,1.0902e-07,0.140687,0.37982000000000005,1.0902
mwir_std_flux,D:\HwaSimIR\HwaSim_IR\Bin\Config\Atmosphere\MODTRAN\raw\audit_mwir_standard_20260906\mwir_std_flux\spectral_flux.flx,,W/(cm^2 nm),W/(m^2 sr um),W/(m^2 um),value_si=value_native*1e7 (cm^-2/nm -> m^-2/um),3316.75,3.31675,5.0,1.38273e-08,3.27392e-08,7.04137e-08,0.138273,0.32739199999999996,0.7041369999999999
mwir_std_flux,D:\HwaSimIR\HwaSim_IR\Bin\Config\Atmosphere\MODTRAN\raw\audit_mwir_standard_20260906\mwir_std_flux\spectral_flux.flx,,W/(cm^2 nm),W/(m^2 sr um),W/(m^2 um),value_si=value_native*1e7 (cm^-2/nm -> m^-2/um),3315.65,3.31565,5.0,1.31407e-08,2.52545e-08,3.12194e-08,0.131407,0.252545,0.31219399999999997
mwir_std_flux,D:\HwaSimIR\HwaSim_IR\Bin\Config\Atmosphere\MODTRAN\raw\audit_mwir_standard_20260906\mwir_std_flux\spectral_flux.flx,,W/(cm^2 nm),W/(m^2 sr um),W/(m^2 um),value_si=value_native*1e7 (cm^-2/nm -> m^-2/um),3314.55,3.31455,5.0,1.27321e-08,1.82684e-08,1.95603e-08,0.127321,0.182684,0.195603
mwir_std_flux,D:\HwaSimIR\HwaSim_IR\Bin\Config\Atmosphere\MODTRAN\raw\audit_mwir_standard_20260906\mwir_std_flux\spectral_flux.flx,,W/(cm^2 nm),W/(m^2 sr um),W/(m^2 um),value_si=value_native*1e7 (cm^-2/nm -> m^-2/um),3313.45,3.31345,5.0,1.56061e-08,2.82258e-08,1.10798e-07,0.156061,0.282258,1.10798
mwir_std_flux,D:\HwaSimIR\HwaSim_IR\Bin\Config\Atmosphere\MODTRAN\raw\audit_mwir_standard_20260906\mwir_std_flux\spectral_flux.flx,,W/(cm^2 nm),W/(m^2 sr um),W/(m^2 um),value_si=value_native*1e7 (cm^-2/nm -> m^-2/um),3312.36,3.31236,5.0,2.59265e-08,5.80828e-08,3.72794e-07,0.259265,0.580828,3.72794
mwir_std_flux,D:\HwaSimIR\HwaSim_IR\Bin\Config\Atmosphere\MODTRAN\raw\audit_mwir_standard_20260906\mwir_std_flux\spectral_flux.flx,,W/(cm^2 nm),W/(m^2 sr um),W/(m^2 um),value_si=value_native*1e7 (cm^-2/nm -> m^-2/um),3311.26,3.3112600000000003,5.0,3.49596e-08,7.80038e-08,6.04533e-07,0.349596,0.780038,6.04533
mwir_std_flux,D:\HwaSimIR\HwaSim_IR\Bin\Config\Atmosphere\MODTRAN\raw\audit_mwir_standard_20260906\mwir_std_flux\spectral_flux.flx,,W/(cm^2 nm),W/(m^2 sr um),W/(m^2 um),value_si=value_native*1e7 (cm^-2/nm -> m^-2/um),3310.16,3.3101599999999998,5.0,3.1378e-08,8.22856e-08,6.36034e-07,0.31378,0.822856,6.36034
mwir_std_flux,D:\HwaSimIR\HwaSim_IR\Bin\Config\Atmosphere\MODTRAN\raw\audit_mwir_standard_20260906\mwir_std_flux\spectral_flux.flx,,W/(cm^2 nm),W/(m^2 sr um),W/(m^2 um),value_si=value_native*1e7 (cm^-2/nm -> m^-2/um),3309.07,3.30907,5.0,2.48761e-08,9.38681e-08,6.7248e-07,0.24876099999999998,0.938681,6.7248
mwir_std_flux,D:\HwaSimIR\HwaSim_IR\Bin\Config\Atmosphere\MODTRAN\raw\audit_mwir_standard_20260906\mwir_std_flux\spectral_flux.flx,,W/(cm^2 nm),W/(m^2 sr um),W/(m^2 um),value_si=value_native*1e7 (cm^-2/nm -> m^-2/um),3307.97,3.3079699999999996,5.0,2.57639e-08,1.06011e-07,8.02413e-07,0.257639,1.0601099999999999,8.02413
mwir_std_flux,D:\HwaSimIR\HwaSim_IR\Bin\Config\Atmosphere\MODTRAN\raw\audit_mwir_standard_20260906\mwir_std_flux\spectral_flux.flx,,W/(cm^2 nm),W/(m^2 sr um),W/(m^2 um),value_si=value_native*1e7 (cm^-2/nm -> m^-2/um),3306.88,3.30688,5.0,2.74577e-08,1.0699e-07,8.48656e-07,0.274577,1.0698999999999999,8.486559999999999
mwir_std_flux,D:\HwaSimIR\HwaSim_IR\Bin\Config\Atmosphere\MODTRAN\raw\audit_mwir_standard_20260906\mwir_std_flux\spectral_flux.flx,,W/(cm^2 nm),W/(m^2 sr um),W/(m^2 um),value_si=value_native*1e7 (cm^-2/nm -> m^-2/um),3305.79,3.30579,5.0,2.32769e-08,1.01289e-07,7.17664e-07,0.23276899999999998,1.01289,7.17664
mwir_std_flux,D:\HwaSimIR\HwaSim_IR\Bin\Config\Atmosphere\MODTRAN\raw\audit_mwir_standard_20260906\mwir_std_flux\spectral_flux.flx,,W/(cm^2 nm),W/(m^2 sr um),W/(m^2 um),value_si=value_native*1e7 (cm^-2/nm -> m^-2/um),3304.69,3.30469,5.0,2.04159e-08,9.8604e-08,6.41781e-07,0.204159,0.98604,6.41781
mwir_std_flux,D:\HwaSimIR\HwaSim_IR\Bin\Config\Atmosphere\MODTRAN\raw\audit_mwir_standard_20260906\mwir_std_flux\spectral_flux.flx,,W/(cm^2 nm),W/(m^2 sr um),W/(m^2 um),value_si=value_native*1e7 (cm^-2/nm -> m^-2/um),3303.6,3.3036,5.0,2.43667e-08,1.02316e-07,7.70414e-07,0.243667,1.02316,7.704140000000001
mwir_std_flux,D:\HwaSimIR\HwaSim_IR\Bin\Config\Atmosphere\MODTRAN\raw\audit_mwir_standard_20260906\mwir_std_flux\spectral_flux.flx,,W/(cm^2 nm),W/(m^2 sr um),W/(m^2 um),value_si=value_native*1e7 (cm^-2/nm -> m^-2/um),3302.51,3.3025100000000003,5.0,2.66999e-08,1.01141e-07,8.03803e-07,0.266999,1.0114100000000001,8.038030000000001
mwir_std_flux,D:\HwaSimIR\HwaSim_IR\Bin\Config\Atmosphere\MODTRAN\raw\audit_mwir_standard_20260906\mwir_std_flux\spectral_flux.flx,,W/(cm^2 nm),W/(m^2 sr um),W/(m^2 um),value_si=value_native*1e7 (cm^-2/nm -> m^-2/um),3301.42,3.3014200000000002,5.0,2.24853e-08,9.51167e-08,6.56085e-07,0.224853,0.951167,6.560849999999999
mwir_std_flux,D:\HwaSimIR\HwaSim_IR\Bin\Config\Atmosphere\MODTRAN\raw\audit_mwir_standard_20260906\mwir_std_flux\spectral_flux.flx,,W/(cm^2 nm),W/(m^2 sr um),W/(m^2 um),value_si=value_native*1e7 (cm^-2/nm -> m^-2/um),3300.33,3.3003299999999998,5.0,1.71732e-08,8.94215e-08,4.77689e-07,0.171732,0.8942150000000001,4.77689
mwir_std_flux,D:\HwaSimIR\HwaSim_IR\Bin\Config\Atmosphere\MODTRAN\raw\audit_mwir_standard_20260906\mwir_std_flux\spectral_flux.flx,,W/(cm^2 nm),W/(m^2 sr um),W/(m^2 um),value_si=value_native*1e7 (cm^-2/nm -> m^-2/um),3299.24,3.2992399999999997,5.0,1.41498e-08,8.01249e-08,3.06347e-07,0.141498,0.8012490000000001,3.06347
mwir_std_flux,D:\HwaSimIR\HwaSim_IR\Bin\Config\Atmosphere\MODTRAN\raw\audit_mwir_standard_20260906\mwir_std_flux\spectral_flux.flx,,W/(cm^2 nm),W/(m^2 sr um),W/(m^2 um),value_si=value_native*1e7 (cm^-2/nm -> m^-2/um),3298.15,3.29815,5.0,1.35099e-08,7.68772e-08,3.31175e-07,0.135099,0.768772,3.31175
mwir_std_flux,D:\HwaSimIR\HwaSim_IR\Bin\Config\Atmosphere\MODTRAN\raw\audit_mwir_standard_20260906\mwir_std_flux\spectral_flux.flx,,W/(cm^2 nm),W/(m^2 sr um),W/(m^2 um),value_si=value_native*1e7 (cm^-2/nm -> m^-2/um),3297.07,3.29707,5.0,1.43339e-08,8.31633e-08,4.78428e-07,0.143339,0.8316330000000001,4.78428
mwir_std_flux,D:\HwaSimIR\HwaSim_IR\Bin\Config\Atmosphere\MODTRAN\raw\audit_mwir_standard_20260906\mwir_std_flux\spectral_flux.flx,,W/(cm^2 nm),W/(m^2 sr um),W/(m^2 um),value_si=value_native*1e7 (cm^-2/nm -> m^-2/um),3295.98,3.29598,5.0,1.46924e-08,8.6904e-08,5.05951e-07,0.146924,0.8690399999999999,5.05951
mwir_std_flux,D:\HwaSimIR\HwaSim_IR\Bin\Config\Atmosphere\MODTRAN\raw\audit_mwir_standard_20260906\mwir_std_flux\spectral_flux.flx,,W/(cm^2 nm),W/(m^2 sr um),W/(m^2 um),value_si=value_native*1e7 (cm^-2/nm -> m^-2/um),3294.89,3.2948899999999997,5.0,1.5542e-08,9.09054e-08,5.40991e-07,0.15542,0.909054,5.409909999999999
mwir_std_flux,D:\HwaSimIR\HwaSim_IR\Bin\Config\Atmosphere\MODTRAN\raw\audit_mwir_standard_20260906\mwir_std_flux\spectral_flux.flx,,W/(cm^2 nm),W/(m^2 sr um),W/(m^2 um),value_si=value_native*1e7 (cm^-2/nm -> m^-2/um),3293.81,3.29381,5.0,1.93457e-08,9.9313e-08,6.63658e-07,0.193457,0.99313,6.63658
mwir_std_flux,D:\HwaSimIR\HwaSim_IR\Bin\Config\Atmosphere\MODTRAN\raw\audit_mwir_standard_20260906\mwir_std_flux\spectral_flux.flx,,W/(cm^2 nm),W/(m^2 sr um),W/(m^2 um),value_si=value_native*1e7 (cm^-2/nm -> m^-2/um),3292.72,3.2927199999999996,5.0,2.78087e-08,1.04317e-07,7.78106e-07,0.27808700000000003,1.04317,7.78106
mwir_std_flux,D:\HwaSimIR\HwaSim_IR\Bin\Config\Atmosphere\MODTRAN\raw\audit_mwir_standard_20260906\mwir_std_flux\spectral_flux.flx,,W/(cm^2 nm),W/(m^2 sr um),W/(m^2 um),value_si=value_native*1e7 (cm^-2/nm -> m^-2/um),3291.64,3.2916399999999997,5.0,4.4314e-08,1.03623e-07,8.23869e-07,0.44314000000000003,1.03623,8.23869
mwir_std_flux,D:\HwaSimIR\HwaSim_IR\Bin\Config\Atmosphere\MODTRAN\raw\audit_mwir_standard_20260906\mwir_std_flux\spectral_flux.flx,,W/(cm^2 nm),W/(m^2 sr um),W/(m^2 um),value_si=value_native*1e7 (cm^-2/nm -> m^-2/um),3290.56,3.29056,5.0,7.39745e-08,1.06191e-07,8.83018e-07,0.739745,1.06191,8.83018
mwir_std_flux,D:\HwaSimIR\HwaSim_IR\Bin\Config\Atmosphere\MODTRAN\raw\audit_mwir_standard_20260906\mwir_std_flux\spectral_flux.flx,,W/(cm^2 nm),W/(m^2 sr um),W/(m^2 um),value_si=value_native*1e7 (cm^-2/nm -> m^-2/um),3289.47,3.2894699999999997,5.0,1.04248e-07,1.13797e-07,9.80028e-07,1.0424799999999999,1.13797,9.80028
mwir_std_flux,D:\HwaSimIR\HwaSim_IR\Bin\Config\Atmosphere\MODTRAN\raw\audit_mwir_standard_20260906\mwir_std_flux\spectral_flux.flx,,W/(cm^2 nm),W/(m^2 sr um),W/(m^2 um),value_si=value_native*1e7 (cm^-2/nm -> m^-2/um),3288.39,3.2883899999999997,5.0,1.12509e-07,1.18311e-07,1.02451e-06,1.1250900000000001,1.18311,10.245099999999999
mwir_std_flux,D:\HwaSimIR\HwaSim_IR\Bin\Config\Atmosphere\MODTRAN\raw\audit_mwir_standard_20260906\mwir_std_flux\spectral_flux.flx,,W/(cm^2 nm),W/(m^2 sr um),W/(m^2 um),value_si=value_native*1e7 (cm^-2/nm -> m^-2/um),3287.31,3.2873099999999997,5.0,1.07055e-07,1.18723e-07,1.02749e-06,1.0705500000000001,1.18723,10.2749
mwir_std_flux,D:\HwaSimIR\HwaSim_IR\Bin\Config\Atmosphere\MODTRAN\raw\audit_mwir_standard_20260906\mwir_std_flux\spectral_flux.flx,,W/(cm^2 nm),W/(m^2 sr um),W/(m^2 um),value_si=value_native*1e7 (cm^-2/nm -> m^-2/um),3286.23,3.28623,5.0,1.00682e-07,1.18311e-07,1.02409e-06,1.00682,1.18311,10.2409
mwir_std_flux,D:\HwaSimIR\HwaSim_IR\Bin\Config\Atmosphere\MODTRAN\raw\audit_mwir_standard_20260906\mwir_std_flux\spectral_flux.flx,,W/(cm^2 nm),W/(m^2 sr um),W/(m^2 um),value_si=value_native*1e7 (cm^-2/nm -> m^-2/um),3285.15,3.2851500000000002,5.0,9.50857e-08,1.18263e-07,1.02405e-06,0.9508570000000001,1.18263,10.240499999999999
mwir_std_flux,D:\HwaSimIR\HwaSim_IR\Bin\Config\Atmosphere\MODTRAN\raw\audit_mwir_standard_20260906\mwir_std_flux\spectral_flux.flx,,W/(cm^2 nm),W/(m^2 sr um),W/(m^2 um),value_si=value_native*1e7 (cm^-2/nm -> m^-2/um),3284.07,3.2840700000000003,5.0,9.28354e-08,1.18716e-07,1.029e-06,0.928354,1.18716,10.290000000000001
mwir_std_flux,D:\HwaSimIR\HwaSim_IR\Bin\Config\Atmosphere\MODTRAN\raw\audit_mwir_standard_20260906\mwir_std_flux\spectral_flux.flx,,W/(cm^2 nm),W/(m^2 sr um),W/(m^2 um),value_si=value_native*1e7 (cm^-2/nm -> m^-2/um),3282.99,3.28299,5.0,7.71898e-08,1.16516e-07,1.00137e-06,0.771898,1.16516,10.0137
mwir_std_flux,D:\HwaSimIR\HwaSim_IR\Bin\Config\Atmosphere\MODTRAN\raw\audit_mwir_standard_20260906\mwir_std_flux\spectral_flux.flx,,W/(cm^2 nm),W/(m^2 sr um),W/(m^2 um),value_si=value_native*1e7 (cm^-2/nm -> m^-2/um),3281.92,3.28192,5.0,4.67892e-08,1.03949e-07,8.10855e-07,0.46789200000000003,1.03949,8.10855
mwir_std_flux,D:\HwaSimIR\HwaSim_IR\Bin\Config\Atmosphere\MODTRAN\raw\audit_mwir_standard_20260906\mwir_std_flux\spectral_flux.flx,,W/(cm^2 nm),W/(m^2 sr um),W/(m^2 um),value_si=value_native*1e7 (cm^-2/nm -> m^-2/um),3280.84,3.28084,5.0,2.3664e-08,8.54605e-08,4.84835e-07,0.23664,0.854605,4.84835
mwir_std_flux,D:\HwaSimIR\HwaSim_IR\Bin\Config\Atmosphere\MODTRAN\raw\audit_mwir_standard_20260906\mwir_std_flux\spectral_flux.flx,,W/(cm^2 nm),W/(m^2 sr um),W/(m^2 um),value_si=value_native*1e7 (cm^-2/nm -> m^-2/um),3279.76,3.27976,5.0,1.63241e-08,8.32314e-08,4.19136e-07,0.163241,0.832314,4.1913599999999995
mwir_std_flux,D:\HwaSimIR\HwaSim_IR\Bin\Config\Atmosphere\MODTRAN\raw\audit_mwir_standard_20260906\mwir_std_flux\spectral_flux.flx,,W/(cm^2 nm),W/(m^2 sr um),W/(m^2 um),value_si=value_native*1e7 (cm^-2/nm -> m^-2/um),3278.69,3.27869,5.0,2.01633e-08,9.81136e-08,6.88382e-07,0.201633,0.981136,6.88382
mwir_std_flux,D:\HwaSimIR\HwaSim_IR\Bin\Config\Atmosphere\MODTRAN\raw\audit_mwir_standard_20260906\mwir_std_flux\spectral_flux.flx,,W/(cm^2 nm),W/(m^2 sr um),W/(m^2 um),value_si=value_native*1e7 (cm^-2/nm -> m^-2/um),3277.61,3.27761,5.0,2.80165e-08,1.09271e-07,8.96313e-07,0.280165,1.09271,8.96313
mwir_std_flux,D:\HwaSimIR\HwaSim_IR\Bin\Config\Atmosphere\MODTRAN\raw\audit_mwir_standard_20260906\mwir_std_flux\spectral_flux.flx,,W/(cm^2 nm),W/(m^2 sr um),W/(m^2 um),value_si=value_native*1e7 (cm^-2/nm -> m^-2/um),3276.54,3.27654,5.0,3.74504e-08,1.11986e-07,9.47409e-07,0.374504,1.1198599999999999,9.47409
mwir_std_flux,D:\HwaSimIR\HwaSim_IR\Bin\Config\Atmosphere\MODTRAN\raw\audit_mwir_standard_20260906\mwir_std_flux\spectral_flux.flx,,W/(cm^2 nm),W/(m^2 sr um),W/(m^2 um),value_si=value_native*1e7 (cm^-2/nm -> m^-2/um),3275.47,3.27547,5.0,4.28456e-08,1.11456e-07,9.56517e-07,0.42845599999999995,1.11456,9.565169999999998
mwir_std_flux,D:\HwaSimIR\HwaSim_IR\Bin\Config\Atmosphere\MODTRAN\raw\audit_mwir_standard_20260906\mwir_std_flux\spectral_flux.flx,,W/(cm^2 nm),W/(m^2 sr um),W/(m^2 um),value_si=value_native*1e7 (cm^-2/nm -> m^-2/um),3274.39,3.27439,5.0,3.56909e-08,1.07936e-07,9.01558e-07,0.356909,1.0793599999999999,9.01558
mwir_std_flux,D:\HwaSimIR\HwaSim_IR\Bin\Config\Atmosphere\MODTRAN\raw\audit_mwir_standard_20260906\mwir_std_flux\spectral_flux.flx,,W/(cm^2 nm),W/(m^2 sr um),W/(m^2 um),value_si=value_native*1e7 (cm^-2/nm -> m^-2/um),3273.32,3.27332,5.0,2.26659e-08,9.84653e-08,6.86826e-07,0.226659,0.984653,6.86826
mwir_std_flux,D:\HwaSimIR\HwaSim_IR\Bin\Config\Atmosphere\MODTRAN\raw\audit_mwir_standard_20260906\mwir_std_flux\spectral_flux.flx,,W/(cm^2 nm),W/(m^2 sr um),W/(m^2 um),value_si=value_native*1e7 (cm^-2/nm -> m^-2/um),3272.25,3.27225,5.0,1.47958e-08,8.01145e-08,3.98062e-07,0.147958,0.801145,3.98062
mwir_std_flux,D:\HwaSimIR\HwaSim_IR\Bin\Config\Atmosphere\MODTRAN\raw\audit_mwir_standard_20260906\mwir_std_flux\spectral_flux.flx,,W/(cm^2 nm),W/(m^2 sr um),W/(m^2 um),value_si=value_native*1e7 (cm^-2/nm -> m^-2/um),3271.18,3.2711799999999998,5.0,1.30782e-08,6.526e-08,2.92322e-07,0.130782,0.6526000000000001,2.92322
mwir_std_flux,D:\HwaSimIR\HwaSim_IR\Bin\Config\Atmosphere\MODTRAN\raw\audit_mwir_standard_20260906\mwir_std_flux\spectral_flux.flx,,W/(cm^2 nm),W/(m^2 sr um),W/(m^2 um),value_si=value_native*1e7 (cm^-2/nm -> m^-2/um),3270.11,3.2701100000000003,5.0,1.50468e-08,7.30845e-08,4.38166e-07,0.15046800000000002,0.730845,4.38166
mwir_std_flux,D:\HwaSimIR\HwaSim_IR\Bin\Config\Atmosphere\MODTRAN\raw\audit_mwir_standard_20260906\mwir_std_flux\spectral_flux.flx,,W/(cm^2 nm),W/(m^2 sr um),W/(m^2 um),value_si=value_native*1e7 (cm^-2/nm -> m^-2/um),3269.04,3.26904,5.0,1.65299e-08,9.1279e-08,6.04202e-07,0.165299,0.9127900000000001,6.04202
mwir_std_flux,D:\HwaSimIR\HwaSim_IR\Bin\Config\Atmosphere\MODTRAN\raw\audit_mwir_standard_20260906\mwir_std_flux\spectral_flux.flx,,W/(cm^2 nm),W/(m^2 sr um),W/(m^2 um),value_si=value_native*1e7 (cm^-2/nm -> m^-2/um),3267.97,3.2679699999999996,5.0,1.65852e-08,1.01191e-07,6.70654e-07,0.165852,1.0119099999999999,6.7065399999999995
mwir_std_flux,D:\HwaSimIR\HwaSim_IR\Bin\Config\Atmosphere\MODTRAN\raw\audit_mwir_standard_20260906\mwir_std_flux\spectral_flux.flx,,W/(cm^2 nm),W/(m^2 sr um),W/(m^2 um),value_si=value_native*1e7 (cm^-2/nm -> m^-2/um),3266.91,3.2669099999999998,5.0,1.84225e-08,1.08429e-07,8.10264e-07,0.18422499999999997,1.08429,8.10264
mwir_std_flux,D:\HwaSimIR\HwaSim_IR\Bin\Config\Atmosphere\MODTRAN\raw\audit_mwir_standard_20260906\mwir_std_flux\spectral_flux.flx,,W/(cm^2 nm),W/(m^2 sr um),W/(m^2 um),value_si=value_native*1e7 (cm^-2/nm -> m^-2/um),3265.84,3.2658400000000003,5.0,1.98285e-08,1.11989e-07,9.22629e-07,0.19828500000000002,1.11989,9.22629
mwir_std_flux,D:\HwaSimIR\HwaSim_IR\Bin\Config\Atmosphere\MODTRAN\raw\audit_mwir_standard_20260906\mwir_std_flux\spectral_flux.flx,,W/(cm^2 nm),W/(m^2 sr um),W/(m^2 um),value_si=value_native*1e7 (cm^-2/nm -> m^-2/um),3264.77,3.26477,5.0,1.72266e-08,1.04299e-07,7.85175e-07,0.172266,1.04299,7.85175
mwir_std_flux,D:\HwaSimIR\HwaSim_IR\Bin\Config\Atmosphere\MODTRAN\raw\audit_mwir_standard_20260906\mwir_std_flux\spectral_flux.flx,,W/(cm^2 nm),W/(m^2 sr um),W/(m^2 um),value_si=value_native*1e7 (cm^-2/nm -> m^-2/um),3263.71,3.26371,5.0,1.37163e-08,9.24464e-08,5.5765e-07,0.137163,0.9244640000000001,5.576499999999999
mwir_std_flux,D:\HwaSimIR\HwaSim_IR\Bin\Config\Atmosphere\MODTRAN\raw\audit_mwir_standard_20260906\mwir_std_flux\spectral_flux.flx,,W/(cm^2 nm),W/(m^2 sr um),W/(m^2 um),value_si=value_native*1e7 (cm^-2/nm -> m^-2/um),3262.64,3.2626399999999998,5.0,1.23662e-08,8.52919e-08,4.53319e-07,0.12366200000000001,0.852919,4.53319
mwir_std_flux,D:\HwaSimIR\HwaSim_IR\Bin\Config\Atmosphere\MODTRAN\raw\audit_mwir_standard_20260906\mwir_std_flux\spectral_flux.flx,,W/(cm^2 nm),W/(m^2 sr um),W/(m^2 um),value_si=value_native*1e7 (cm^-2/nm -> m^-2/um),3261.58,3.26158,5.0,1.18095e-08,7.36619e-08,3.58117e-07,0.118095,0.7366189999999999,3.58117
mwir_std_flux,D:\HwaSimIR\HwaSim_IR\Bin\Config\Atmosphere\MODTRAN\raw\audit_mwir_standard_20260906\mwir_std_flux\spectral_flux.flx,,W/(cm^2 nm),W/(m^2 sr um),W/(m^2 um),value_si=value_native*1e7 (cm^-2/nm -> m^-2/um),3260.52,3.26052,5.0,1.21313e-08,6.5243e-08,3.17098e-07,0.12131299999999999,0.65243,3.17098
mwir_std_flux,D:\HwaSimIR\HwaSim_IR\Bin\Config\Atmosphere\MODTRAN\raw\audit_mwir_standard_20260906\mwir_std_flux\spectral_flux.flx,,W/(cm^2 nm),W/(m^2 sr um),W/(m^2 um),value_si=value_native*1e7 (cm^-2/nm -> m^-2/um),3259.45,3.2594499999999997,5.0,1.63689e-08,8.10605e-08,5.47772e-07,0.163689,0.810605,5.477720000000001
mwir_std_flux,D:\HwaSimIR\HwaSim_IR\Bin\Config\Atmosphere\MODTRAN\raw\audit_mwir_standard_20260906\mwir_std_flux\spectral_flux.flx,,W/(cm^2 nm),W/(m^2 sr um),W/(m^2 um),value_si=value_native*1e7 (cm^-2/nm -> m^-2/um),3258.39,3.25839,5.0,2.77228e-08,1.03854e-07,8.49256e-07,0.277228,1.03854,8.492560000000001
mwir_std_flux,D:\HwaSimIR\HwaSim_IR\Bin\Config\Atmosphere\MODTRAN\raw\audit_mwir_standard_20260906\mwir_std_flux\spectral_flux.flx,,W/(cm^2 nm),W/(m^2 sr um),W/(m^2 um),value_si=value_native*1e7 (cm^-2/nm -> m^-2/um),3257.33,3.25733,5.0,4.63276e-08,1.15215e-07,9.95725e-07,0.463276,1.15215,9.957249999999998
mwir_std_flux,D:\HwaSimIR\HwaSim_IR\Bin\Config\Atmosphere\MODTRAN\raw\audit_mwir_standard_20260906\mwir_std_flux\spectral_flux.flx,,W/(cm^2 nm),W/(m^2 sr um),W/(m^2 um),value_si=value_native*1e7 (cm^-2/nm -> m^-2/um),3256.27,3.2562699999999998,5.0,6.57254e-08,1.20367e-07,1.04544e-06,0.657254,1.20367,10.4544
mwir_std_flux,D:\HwaSimIR\HwaSim_IR\Bin\Config\Atmosphere\MODTRAN\raw\audit_mwir_standard_20260906\mwir_std_flux\spectral_flux.flx,,W/(cm^2 nm),W/(m^2 sr um),W/(m^2 um),value_si=value_native*1e7 (cm^-2/nm -> m^-2/um),3255.21,3.25521,5.0,7.56666e-08,1.2178e-07,1.05763e-06,0.7566660000000001,1.2178,10.5763
mwir_std_flux,D:\HwaSimIR\HwaSim_IR\Bin\Config\Atmosphere\MODTRAN\raw\audit_mwir_standard_20260906\mwir_std_flux\spectral_flux.flx,,W/(cm^2 nm),W/(m^2 sr um),W/(m^2 um),value_si=value_native*1e7 (cm^-2/nm -> m^-2/um),3254.15,3.25415,5.0,7.52126e-08,1.20833e-07,1.05014e-06,0.7521260000000001,1.2083300000000001,10.5014
mwir_std_flux,D:\HwaSimIR\HwaSim_IR\Bin\Config\Atmosphere\MODTRAN\raw\audit_mwir_standard_20260906\mwir_std_flux\spectral_flux.flx,,W/(cm^2 nm),W/(m^2 sr um),W/(m^2 um),value_si=value_native*1e7 (cm^-2/nm -> m^-2/um),3253.09,3.2530900000000003,5.0,6.89824e-08,1.20052e-07,1.0402e-06,0.689824,1.20052,10.402
mwir_std_flux,D:\HwaSimIR\HwaSim_IR\Bin\Config\Atmosphere\MODTRAN\raw\audit_mwir_standard_20260906\mwir_std_flux\spectral_flux.flx,,W/(cm^2 nm),W/(m^2 sr um),W/(m^2 um),value_si=value_native*1e7 (cm^-2/nm -> m^-2/um),3252.03,3.2520300000000004,5.0,5.26403e-08,1.14309e-07,9.59771e-07,0.5264030000000001,1.14309,9.59771
mwir_std_flux,D:\HwaSimIR\HwaSim_IR\Bin\Config\Atmosphere\MODTRAN\raw\audit_mwir_standard_20260906\mwir_std_flux\spectral_flux.flx,,W/(cm^2 nm),W/(m^2 sr um),W/(m^2 um),value_si=value_native*1e7 (cm^-2/nm -> m^-2/um),3250.98,3.25098,5.0,3.09515e-08,9.9752e-08,7.34024e-07,0.309515,0.9975200000000001,7.34024
mwir_std_flux,D:\HwaSimIR\HwaSim_IR\Bin\Config\Atmosphere\MODTRAN\raw\audit_mwir_standard_20260906\mwir_std_flux\spectral_flux.flx,,W/(cm^2 nm),W/(m^2 sr um),W/(m^2 um),value_si=value_native*1e7 (cm^-2/nm -> m^-2/um),3249.92,3.24992,5.0,1.74493e-08,8.68495e-08,4.84147e-07,0.17449299999999998,0.868495,4.84147
mwir_std_flux,D:\HwaSimIR\HwaSim_IR\Bin\Config\Atmosphere\MODTRAN\raw\audit_mwir_standard_20260906\mwir_std_flux\spectral_flux.flx,,W/(cm^2 nm),W/(m^2 sr um),W/(m^2 um),value_si=value_native*1e7 (cm^-2/nm -> m^-2/um),3248.86,3.24886,5.0,1.29284e-08,8.50651e-08,4.1347e-07,0.129284,0.850651,4.1347000000000005
mwir_std_flux,D:\HwaSimIR\HwaSim_IR\Bin\Config\Atmosphere\MODTRAN\raw\audit_mwir_standard_20260906\mwir_std_flux\spectral_flux.flx,,W/(cm^2 nm),W/(m^2 sr um),W/(m^2 um),value_si=value_native*1e7 (cm^-2/nm -> m^-2/um),3247.81,3.24781,5.0,1.22353e-08,9.03881e-08,4.46655e-07,0.122353,0.9038809999999999,4.466550000000001
mwir_std_flux,D:\HwaSimIR\HwaSim_IR\Bin\Config\Atmosphere\MODTRAN\raw\audit_mwir_standard_20260906\mwir_std_flux\spectral_flux.flx,,W/(cm^2 nm),W/(m^2 sr um),W/(m^2 um),value_si=value_native*1e7 (cm^-2/nm -> m^-2/um),3246.75,3.24675,5.0,1.25322e-08,9.57477e-08,4.34248e-07,0.125322,0.957477,4.34248
mwir_std_flux,D:\HwaSimIR\HwaSim_IR\Bin\Config\Atmosphere\MODTRAN\raw\audit_mwir_standard_20260906\mwir_std_flux\spectral_flux.flx,,W/(cm^2 nm),W/(m^2 sr um),W/(m^2 um),value_si=value_native*1e7 (cm^-2/nm -> m^-2/um),3245.7,3.2457,5.0,1.25687e-08,9.70966e-08,4.69714e-07,0.125687,0.970966,4.69714
mwir_std_flux,D:\HwaSimIR\HwaSim_IR\Bin\Config\Atmosphere\MODTRAN\raw\audit_mwir_standard_20260906\mwir_std_flux\spectral_flux.flx,,W/(cm^2 nm),W/(m^2 sr um),W/(m^2 um),value_si=value_native*1e7 (cm^-2/nm -> m^-2/um),3244.65,3.24465,5.0,1.3017e-08,9.8482e-08,5.67854e-07,0.13017,0.9848199999999999,5.67854
mwir_std_flux,D:\HwaSimIR\HwaSim_IR\Bin\Config\Atmosphere\MODTRAN\raw\audit_mwir_standard_20260906\mwir_std_flux\spectral_flux.flx,,W/(cm^2 nm),W/(m^2 sr um),W/(m^2 um),value_si=value_native*1e7 (cm^-2/nm -> m^-2/um),3243.59,3.24359,5.0,1.59367e-08,1.05221e-07,6.93418e-07,0.15936699999999998,1.05221,6.93418
mwir_std_flux,D:\HwaSimIR\HwaSim_IR\Bin\Config\Atmosphere\MODTRAN\raw\audit_mwir_standard_20260906\mwir_std_flux\spectral_flux.flx,,W/(cm^2 nm),W/(m^2 sr um),W/(m^2 um),value_si=value_native*1e7 (cm^-2/nm -> m^-2/um),3242.54,3.24254,5.0,2.09237e-08,1.08091e-07,8.16171e-07,0.209237,1.08091,8.16171
mwir_std_flux,D:\HwaSimIR\HwaSim_IR\Bin\Config\Atmosphere\MODTRAN\raw\audit_mwir_standard_20260906\mwir_std_flux\spectral_flux.flx,,W/(cm^2 nm),W/(m^2 sr um),W/(m^2 um),value_si=value_native*1e7 (cm^-2/nm -> m^-2/um),3241.49,3.2414899999999998,5.0,2.19635e-08,9.44779e-08,7.05548e-07,0.219635,0.944779,7.05548
mwir_std_flux,D:\HwaSimIR\HwaSim_IR\Bin\Config\Atmosphere\MODTRAN\raw\audit_mwir_standard_20260906\mwir_std_flux\spectral_flux.flx,,W/(cm^2 nm),W/(m^2 sr um),W/(m^2 um),value_si=value_native*1e7 (cm^-2/nm -> m^-2/um),3240.44,3.24044,5.0,1.79653e-08,8.24809e-08,4.98621e-07,0.17965299999999998,0.824809,4.986210000000001
mwir_std_flux,D:\HwaSimIR\HwaSim_IR\Bin\Config\Atmosphere\MODTRAN\raw\audit_mwir_standard_20260906\mwir_std_flux\spectral_flux.flx,,W/(cm^2 nm),W/(m^2 sr um),W/(m^2 um),value_si=value_native*1e7 (cm^-2/nm -> m^-2/um),3239.39,3.2393899999999998,5.0,1.78418e-08,9.56546e-08,6.08418e-07,0.17841800000000002,0.956546,6.084180000000001
mwir_std_flux,D:\HwaSimIR\HwaSim_IR\Bin\Config\Atmosphere\MODTRAN\raw\audit_mwir_standard_20260906\mwir_std_flux\spectral_flux.flx,,W/(cm^2 nm),W/(m^2 sr um),W/(m^2 um),value_si=value_native*1e7 (cm^-2/nm -> m^-2/um),3238.34,3.23834,5.0,2.91115e-08,1.15105e-07,8.90183e-07,0.291115,1.15105,8.90183
mwir_std_flux,D:\HwaSimIR\HwaSim_IR\Bin\Config\Atmosphere\MODTRAN\raw\audit_mwir_standard_20260906\mwir_std_flux\spectral_flux.flx,,W/(cm^2 nm),W/(m^2 sr um),W/(m^2 um),value_si=value_native*1e7 (cm^-2/nm -> m^-2/um),3237.29,3.23729,5.0,4.42905e-08,1.20689e-07,1.02038e-06,0.44290500000000005,1.20689,10.203800000000001
mwir_std_flux,D:\HwaSimIR\HwaSim_IR\Bin\Config\Atmosphere\MODTRAN\raw\audit_mwir_standard_20260906\mwir_std_flux\spectral_flux.flx,,W/(cm^2 nm),W/(m^2 sr um),W/(m^2 um),value_si=value_native*1e7 (cm^-2/nm -> m^-2/um),3236.25,3.23625,5.0,4.92775e-08,1.20127e-07,1.03503e-06,0.49277499999999996,1.20127,10.3503
mwir_std_flux,D:\HwaSimIR\HwaSim_IR\Bin\Config\Atmosphere\MODTRAN\raw\audit_mwir_standard_20260906\mwir_std_flux\spectral_flux.flx,,W/(cm^2 nm),W/(m^2 sr um),W/(m^2 um),value_si=value_native*1e7 (cm^-2/nm -> m^-2/um),3235.2,3.2352,5.0,4.40161e-08,1.20714e-07,1.05085e-06,0.440161,1.20714,10.508500000000002
mwir_std_flux,D:\HwaSimIR\HwaSim_IR\Bin\Config\Atmosphere\MODTRAN\raw\audit_mwir_standard_20260906\mwir_std_flux\spectral_flux.flx,,W/(cm^2 nm),W/(m^2 sr um),W/(m^2 um),value_si=value_native*1e7 (cm^-2/nm -> m^-2/um),3234.15,3.23415,5.0,3.2948e-08,1.1936e-07,1.01482e-06,0.32948,1.1936,10.1482
mwir_std_flux,D:\HwaSimIR\HwaSim_IR\Bin\Config\Atmosphere\MODTRAN\raw\audit_mwir_standard_20260906\mwir_std_flux\spectral_flux.flx,,W/(cm^2 nm),W/(m^2 sr um),W/(m^2 um),value_si=value_native*1e7 (cm^-2/nm -> m^-2/um),3233.11,3.23311,5.0,2.09218e-08,1.11757e-07,8.10707e-07,0.209218,1.11757,8.10707
mwir_std_flux,D:\HwaSimIR\HwaSim_IR\Bin\Config\Atmosphere\MODTRAN\raw\audit_mwir_standard_20260906\mwir_std_flux\spectral_flux.flx,,W/(cm^2 nm),W/(m^2 sr um),W/(m^2 um),value_si=value_native*1e7 (cm^-2/nm -> m^-2/um),3232.06,3.23206,5.0,1.39552e-08,9.26873e-08,4.7854e-07,0.139552,0.9268730000000001,4.7854
mwir_std_flux,D:\HwaSimIR\HwaSim_IR\Bin\Config\Atmosphere\MODTRAN\raw\audit_mwir_standard_20260906\mwir_std_flux\spectral_flux.flx,,W/(cm^2 nm),W/(m^2 sr um),W/(m^2 um),value_si=value_native*1e7 (cm^-2/nm -> m^-2/um),3231.02,3.23102,5.0,1.10186e-08,6.93293e-08,2.28591e-07,0.110186,0.693293,2.2859100000000003
mwir_std_flux,D:\HwaSimIR\HwaSim_IR\Bin\Config\Atmosphere\MODTRAN\raw\audit_mwir_standard_20260906\mwir_std_flux\spectral_flux.flx,,W/(cm^2 nm),W/(m^2 sr um),W/(m^2 um),value_si=value_native*1e7 (cm^-2/nm -> m^-2/um),3229.97,3.22997,5.0,1.02964e-08,6.74988e-08,2.49036e-07,0.102964,0.674988,2.49036
mwir_std_flux,D:\HwaSimIR\HwaSim_IR\Bin\Config\Atmosphere\MODTRAN\raw\audit_mwir_standard_20260906\mwir_std_flux\spectral_flux.flx,,W/(cm^2 nm),W/(m^2 sr um),W/(m^2 um),value_si=value_native*1e7 (cm^-2/nm -> m^-2/um),3228.93,3.2289299999999996,5.0,1.16821e-08,8.91129e-08,5.2884e-07,0.11682100000000001,0.8911290000000001,5.288399999999999
mwir_std_flux,D:\HwaSimIR\HwaSim_IR\Bin\Config\Atmosphere\MODTRAN\raw\audit_mwir_standard_20260906\mwir_std_flux\spectral_flux.flx,,W/(cm^2 nm),W/(m^2 sr um),W/(m^2 um),value_si=value_native*1e7 (cm^-2/nm -> m^-2/um),3227.89,3.22789,5.0,1.30462e-08,1.04649e-07,7.58665e-07,0.130462,1.04649,7.586650000000001
mwir_std_flux,D:\HwaSimIR\HwaSim_IR\Bin\Config\Atmosphere\MODTRAN\raw\audit_mwir_standard_20260906\mwir_std_flux\spectral_flux.flx,,W/(cm^2 nm),W/(m^2 sr um),W/(m^2 um),value_si=value_native*1e7 (cm^-2/nm -> m^-2/um),3226.85,3.2268499999999998,5.0,1.24496e-08,1.00372e-07,6.59348e-07,0.12449600000000001,1.00372,6.5934800000000005
mwir_std_flux,D:\HwaSimIR\HwaSim_IR\Bin\Config\Atmosphere\MODTRAN\raw\audit_mwir_standard_20260906\mwir_std_flux\spectral_flux.flx,,W/(cm^2 nm),W/(m^2 sr um),W/(m^2 um),value_si=value_native*1e7 (cm^-2/nm -> m^-2/um),3225.81,3.22581,5.0,1.07668e-08,8.57865e-08,3.91293e-07,0.107668,0.857865,3.91293
mwir_std_flux,D:\HwaSimIR\HwaSim_IR\Bin\Config\Atmosphere\MODTRAN\raw\audit_mwir_standard_20260906\mwir_std_flux\spectral_flux.flx,,W/(cm^2 nm),W/(m^2 sr um),W/(m^2 um),value_si=value_native*1e7 (cm^-2/nm -> m^-2/um),3224.77,3.22477,5.0,9.72483e-09,7.6077e-08,2.79489e-07,0.0972483,0.7607700000000001,2.79489
mwir_std_flux,D:\HwaSimIR\HwaSim_IR\Bin\Config\Atmosphere\MODTRAN\raw\audit_mwir_standard_20260906\mwir_std_flux\spectral_flux.flx,,W/(cm^2 nm),W/(m^2 sr um),W/(m^2 um),value_si=value_native*1e7 (cm^-2/nm -> m^-2/um),3223.73,3.22373,5.0,9.75813e-09,7.67044e-08,3.09427e-07,0.09758130000000001,0.7670440000000001,3.0942700000000003
mwir_std_flux,D:\HwaSimIR\HwaSim_IR\Bin\Config\Atmosphere\MODTRAN\raw\audit_mwir_standard_20260906\mwir_std_flux\spectral_flux.flx,,W/(cm^2 nm),W/(m^2 sr um),W/(m^2 um),value_si=value_native*1e7 (cm^-2/nm -> m^-2/um),3222.69,3.22269,5.0,1.0733e-08,8.07597e-08,3.50991e-07,0.10733,0.807597,3.50991
mwir_std_flux,D:\HwaSimIR\HwaSim_IR\Bin\Config\Atmosphere\MODTRAN\raw\audit_mwir_standard_20260906\mwir_std_flux\spectral_flux.flx,,W/(cm^2 nm),W/(m^2 sr um),W/(m^2 um),value_si=value_native*1e7 (cm^-2/nm -> m^-2/um),3221.65,3.22165,5.0,1.27932e-08,8.85284e-08,4.91993e-07,0.127932,0.8852840000000001,4.91993
mwir_std_flux,D:\HwaSimIR\HwaSim_IR\Bin\Config\Atmosphere\MODTRAN\raw\audit_mwir_standard_20260906\mwir_std_flux\spectral_flux.flx,,W/(cm^2 nm),W/(m^2 sr um),W/(m^2 um),value_si=value_native*1e7 (cm^-2/nm -> m^-2/um),3220.61,3.22061,5.0,1.47239e-08,1.01609e-07,7.05173e-07,0.147239,1.01609,7.05173
mwir_std_flux,D:\HwaSimIR\HwaSim_IR\Bin\Config\Atmosphere\MODTRAN\raw\audit_mwir_standard_20260906\mwir_std_flux\spectral_flux.flx,,W/(cm^2 nm),W/(m^2 sr um),W/(m^2 um),value_si=value_native*1e7 (cm^-2/nm -> m^-2/um),3219.58,3.21958,5.0,1.49169e-08,1.12269e-07,7.7144e-07,0.149169,1.12269,7.7143999999999995
mwir_std_flux,D:\HwaSimIR\HwaSim_IR\Bin\Config\Atmosphere\MODTRAN\raw\audit_mwir_standard_20260906\mwir_std_flux\spectral_flux.flx,,W/(cm^2 nm),W/(m^2 sr um),W/(m^2 um),value_si=value_native*1e7 (cm^-2/nm -> m^-2/um),3218.54,3.21854,5.0,1.39302e-08,1.14453e-07,6.73268e-07,0.139302,1.14453,6.73268
mwir_std_flux,D:\HwaSimIR\HwaSim_IR\Bin\Config\Atmosphere\MODTRAN\raw\audit_mwir_standard_20260906\mwir_std_flux\spectral_flux.flx,,W/(cm^2 nm),W/(m^2 sr um),W/(m^2 um),value_si=value_native*1e7 (cm^-2/nm -> m^-2/um),3217.5,3.2175,5.0,1.33476e-08,1.11994e-07,6.36006e-07,0.13347599999999998,1.11994,6.36006
mwir_std_flux,D:\HwaSimIR\HwaSim_IR\Bin\Config\Atmosphere\MODTRAN\raw\audit_mwir_standard_20260906\mwir_std_flux\spectral_flux.flx,,W/(cm^2 nm),W/(m^2 sr um),W/(m^2 um),value_si=value_native*1e7 (cm^-2/nm -> m^-2/um),3216.47,3.2164699999999997,5.0,1.30957e-08,1.09725e-07,6.30972e-07,0.13095700000000002,1.09725,6.30972
mwir_std_flux,D:\HwaSimIR\HwaSim_IR\Bin\Config\Atmosphere\MODTRAN\raw\audit_mwir_standard_20260906\mwir_std_flux\spectral_flux.flx,,W/(cm^2 nm),W/(m^2 sr um),W/(m^2 um),value_si=value_native*1e7 (cm^-2/nm -> m^-2/um),3215.43,3.21543,5.0,1.27844e-08,1.09855e-07,6.02644e-07,0.127844,1.09855,6.02644
mwir_std_flux,D:\HwaSimIR\HwaSim_IR\Bin\Config\Atmosphere\MODTRAN\raw\audit_mwir_standard_20260906\mwir_std_flux\spectral_flux.flx,,W/(cm^2 nm),W/(m^2 sr um),W/(m^2 um),value_si=value_native*1e7 (cm^-2/nm -> m^-2/um),3214.4,3.2144,5.0,1.25304e-08,1.09343e-07,6.0535e-07,0.125304,1.0934300000000001,6.0535
mwir_std_flux,D:\HwaSimIR\HwaSim_IR\Bin\Config\Atmosphere\MODTRAN\raw\audit_mwir_standard_20260906\mwir_std_flux\spectral_flux.flx,,W/(cm^2 nm),W/(m^2 sr um),W/(m^2 um),value_si=value_native*1e7 (cm^-2/nm -> m^-2/um),3213.37,3.21337,5.0,1.2004e-08,1.01979e-07,5.33725e-07,0.12004,1.01979,5.33725
mwir_std_flux,D:\HwaSimIR\HwaSim_IR\Bin\Config\Atmosphere\MODTRAN\raw\audit_mwir_standard_20260906\mwir_std_flux\spectral_flux.flx,,W/(cm^2 nm),W/(m^2 sr um),W/(m^2 um),value_si=value_native*1e7 (cm^-2/nm -> m^-2/um),3212.34,3.21234,5.0,1.14742e-08,9.24218e-08,4.59006e-07,0.114742,0.924218,4.590059999999999
mwir_std_flux,D:\HwaSimIR\HwaSim_IR\Bin\Config\Atmosphere\MODTRAN\raw\audit_mwir_standard_20260906\mwir_std_flux\spectral_flux.flx,,W/(cm^2 nm),W/(m^2 sr um),W/(m^2 um),value_si=value_native*1e7 (cm^-2/nm -> m^-2/um),3211.3,3.2113,5.0,1.077e-08,8.53446e-08,4.46724e-07,0.1077,0.853446,4.46724
mwir_std_flux,D:\HwaSimIR\HwaSim_IR\Bin\Config\Atmosphere\MODTRAN\raw\audit_mwir_standard_20260906\mwir_std_flux\spectral_flux.flx,,W/(cm^2 nm),W/(m^2 sr um),W/(m^2 um),value_si=value_native*1e7 (cm^-2/nm -> m^-2/um),3210.27,3.21027,5.0,9.65516e-09,7.77176e-08,3.97434e-07,0.0965516,0.777176,3.9743399999999998
mwir_std_flux,D:\HwaSimIR\HwaSim_IR\Bin\Config\Atmosphere\MODTRAN\raw\audit_mwir_standard_20260906\mwir_std_flux\spectral_flux.flx,,W/(cm^2 nm),W/(m^2 sr um),W/(m^2 um),value_si=value_native*1e7 (cm^-2/nm -> m^-2/um),3209.24,3.20924,5.0,9.30819e-09,7.79815e-08,3.9872e-07,0.09308190000000001,0.779815,3.9872
mwir_std_flux,D:\HwaSimIR\HwaSim_IR\Bin\Config\Atmosphere\MODTRAN\raw\audit_mwir_standard_20260906\mwir_std_flux\spectral_flux.flx,,W/(cm^2 nm),W/(m^2 sr um),W/(m^2 um),value_si=value_native*1e7 (cm^-2/nm -> m^-2/um),3208.21,3.2082100000000002,5.0,9.80336e-09,8.79012e-08,4.82894e-07,0.09803360000000001,0.879012,4.82894
mwir_std_flux,D:\HwaSimIR\HwaSim_IR\Bin\Config\Atmosphere\MODTRAN\raw\audit_mwir_standard_20260906\mwir_std_flux\spectral_flux.flx,,W/(cm^2 nm),W/(m^2 sr um),W/(m^2 um),value_si=value_native*1e7 (cm^-2/nm -> m^-2/um),3207.18,3.2071799999999997,5.0,9.73045e-09,8.77899e-08,4.27994e-07,0.0973045,0.877899,4.27994
mwir_std_flux,D:\HwaSimIR\HwaSim_IR\Bin\Config\Atmosphere\MODTRAN\raw\audit_mwir_standard_20260906\mwir_std_flux\spectral_flux.flx,,W/(cm^2 nm),W/(m^2 sr um),W/(m^2 um),value_si=value_native*1e7 (cm^-2/nm -> m^-2/um),3206.16,3.2061599999999997,5.0,9.84682e-09,8.6461e-08,4.25959e-07,0.09846819999999999,0.86461,4.25959
mwir_std_flux,D:\HwaSimIR\HwaSim_IR\Bin\Config\Atmosphere\MODTRAN\raw\audit_mwir_standard_20260906\mwir_std_flux\spectral_flux.flx,,W/(cm^2 nm),W/(m^2 sr um),W/(m^2 um),value_si=value_native*1e7 (cm^-2/nm -> m^-2/um),3205.13,3.20513,5.0,1.09707e-08,9.87918e-08,6.57523e-07,0.109707,0.9879180000000001,6.5752299999999995
mwir_std_flux,D:\HwaSimIR\HwaSim_IR\Bin\Config\Atmosphere\MODTRAN\raw\audit_mwir_standard_20260906\mwir_std_flux\spectral_flux.flx,,W/(cm^2 nm),W/(m^2 sr um),W/(m^2 um),value_si=value_native*1e7 (cm^-2/nm -> m^-2/um),3204.1,3.2041,5.0,1.106e-08,9.95298e-08,6.71312e-07,0.11059999999999999,0.9952979999999999,6.713120000000001
mwir_std_flux,D:\HwaSimIR\HwaSim_IR\Bin\Config\Atmosphere\MODTRAN\raw\audit_mwir_standard_20260906\mwir_std_flux\spectral_flux.flx,,W/(cm^2 nm),W/(m^2 sr um),W/(m^2 um),value_si=value_native*1e7 (cm^-2/nm -> m^-2/um),3203.07,3.2030700000000003,5.0,9.7902e-09,8.27793e-08,3.89781e-07,0.09790199999999999,0.8277930000000001,3.89781
mwir_std_flux,D:\HwaSimIR\HwaSim_IR\Bin\Config\Atmosphere\MODTRAN\raw\audit_mwir_standard_20260906\mwir_std_flux\spectral_flux.flx,,W/(cm^2 nm),W/(m^2 sr um),W/(m^2 um),value_si=value_native*1e7 (cm^-2/nm -> m^-2/um),3202.05,3.2020500000000003,5.0,9.75426e-09,8.15293e-08,3.67596e-07,0.0975426,0.815293,3.67596
mwir_std_flux,D:\HwaSimIR\HwaSim_IR\Bin\Config\Atmosphere\MODTRAN\raw\audit_mwir_standard_20260906\mwir_std_flux\spectral_flux.flx,,W/(cm^2 nm),W/(m^2 sr um),W/(m^2 um),value_si=value_native*1e7 (cm^-2/nm -> m^-2/um),3201.02,3.20102,5.0,1.10245e-08,9.91574e-08,6.1946e-07,0.11024500000000001,0.991574,6.1946
mwir_std_flux,D:\HwaSimIR\HwaSim_IR\Bin\Config\Atmosphere\MODTRAN\raw\audit_mwir_standard_20260906\mwir_std_flux\spectral_flux.flx,,W/(cm^2 nm),W/(m^2 sr um),W/(m^2 um),value_si=value_native*1e7 (cm^-2/nm -> m^-2/um),3200.0,3.2,5.0,1.11025e-08,1.04665e-07,6.26583e-07,0.111025,1.04665,6.26583
mwir_std_flux,D:\HwaSimIR\HwaSim_IR\Bin\Config\Atmosphere\MODTRAN\raw\audit_mwir_standard_20260906\mwir_std_flux\spectral_flux.flx,,W/(cm^2 nm),W/(m^2 sr um),W/(m^2 um),value_si=value_native*1e7 (cm^-2/nm -> m^-2/um),3198.98,3.19898,5.0,1.00669e-08,9.52406e-08,4.2925e-07,0.100669,0.9524060000000001,4.2925
mwir_std_flux,D:\HwaSimIR\HwaSim_IR\Bin\Config\Atmosphere\MODTRAN\raw\audit_mwir_standard_20260906\mwir_std_flux\spectral_flux.flx,,W/(cm^2 nm),W/(m^2 sr um),W/(m^2 um),value_si=value_native*1e7 (cm^-2/nm -> m^-2/um),3197.95,3.1979499999999996,5.0,1.02443e-08,9.43857e-08,4.62712e-07,0.102443,0.9438570000000001,4.62712
mwir_std_flux,D:\HwaSimIR\HwaSim_IR\Bin\Config\Atmosphere\MODTRAN\raw\audit_mwir_standard_20260906\mwir_std_flux\spectral_flux.flx,,W/(cm^2 nm),W/(m^2 sr um),W/(m^2 um),value_si=value_native*1e7 (cm^-2/nm -> m^-2/um),3196.93,3.19693,5.0,1.31562e-08,1.08799e-07,7.60705e-07,0.13156199999999998,1.08799,7.60705
mwir_std_flux,D:\HwaSimIR\HwaSim_IR\Bin\Config\Atmosphere\MODTRAN\raw\audit_mwir_standard_20260906\mwir_std_flux\spectral_flux.flx,,W/(cm^2 nm),W/(m^2 sr um),W/(m^2 um),value_si=value_native*1e7 (cm^-2/nm -> m^-2/um),3195.91,3.19591,5.0,1.76366e-08,1.23655e-07,9.91393e-07,0.176366,1.23655,9.913929999999999
mwir_std_flux,D:\HwaSimIR\HwaSim_IR\Bin\Config\Atmosphere\MODTRAN\raw\audit_mwir_standard_20260906\mwir_std_flux\spectral_flux.flx,,W/(cm^2 nm),W/(m^2 sr um),W/(m^2 um),value_si=value_native*1e7 (cm^-2/nm -> m^-2/um),3194.89,3.19489,5.0,1.90288e-08,1.24662e-07,9.86631e-07,0.190288,1.24662,9.86631
mwir_std_flux,D:\HwaSimIR\HwaSim_IR\Bin\Config\Atmosphere\MODTRAN\raw\audit_mwir_standard_20260906\mwir_std_flux\spectral_flux.flx,,W/(cm^2 nm),W/(m^2 sr um),W/(m^2 um),value_si=value_native*1e7 (cm^-2/nm -> m^-2/um),3193.87,3.19387,5.0,1.56967e-08,1.13568e-07,8.23731e-07,0.156967,1.13568,8.237309999999999
mwir_std_flux,D:\HwaSimIR\HwaSim_IR\Bin\Config\Atmosphere\MODTRAN\raw\audit_mwir_standard_20260906\mwir_std_flux\spectral_flux.flx,,W/(cm^2 nm),W/(m^2 sr um),W/(m^2 um),value_si=value_native*1e7 (cm^-2/nm -> m^-2/um),3192.85,3.19285,5.0,1.16642e-08,9.64223e-08,5.79536e-07,0.11664200000000001,0.964223,5.79536
mwir_std_flux,D:\HwaSimIR\HwaSim_IR\Bin\Config\Atmosphere\MODTRAN\raw\audit_mwir_standard_20260906\mwir_std_flux\spectral_flux.flx,,W/(cm^2 nm),W/(m^2 sr um),W/(m^2 um),value_si=value_native*1e7 (cm^-2/nm -> m^-2/um),3191.83,3.19183,5.0,1.01075e-08,8.85822e-08,4.51326e-07,0.101075,0.885822,4.51326
mwir_std_flux,D:\HwaSimIR\HwaSim_IR\Bin\Config\Atmosphere\MODTRAN\raw\audit_mwir_standard_20260906\mwir_std_flux\spectral_flux.flx,,W/(cm^2 nm),W/(m^2 sr um),W/(m^2 um),value_si=value_native*1e7 (cm^-2/nm -> m^-2/um),3190.81,3.19081,5.0,1.20437e-08,1.04278e-07,6.56759e-07,0.120437,1.04278,6.56759
mwir_std_flux,D:\HwaSimIR\HwaSim_IR\Bin\Config\Atmosphere\MODTRAN\raw\audit_mwir_standard_20260906\mwir_std_flux\spectral_flux.flx,,W/(cm^2 nm),W/(m^2 sr um),W/(m^2 um),value_si=value_native*1e7 (cm^-2/nm -> m^-2/um),3189.79,3.18979,5.0,1.87003e-08,1.24288e-07,9.63382e-07,0.18700299999999997,1.24288,9.633820000000002
mwir_std_flux,D:\HwaSimIR\HwaSim_IR\Bin\Config\Atmosphere\MODTRAN\raw\audit_mwir_standard_20260906\mwir_std_flux\spectral_flux.flx,,W/(cm^2 nm),W/(m^2 sr um),W/(m^2 um),value_si=value_native*1e7 (cm^-2/nm -> m^-2/um),3188.78,3.1887800000000004,5.0,3.54109e-08,1.331e-07,1.10754e-06,0.354109,1.331,11.0754
mwir_std_flux,D:\HwaSimIR\HwaSim_IR\Bin\Config\Atmosphere\MODTRAN\raw\audit_mwir_standard_20260906\mwir_std_flux\spectral_flux.flx,,W/(cm^2 nm),W/(m^2 sr um),W/(m^2 um),value_si=value_native*1e7 (cm^-2/nm -> m^-2/um),3187.76,3.1877600000000004,5.0,6.26683e-08,1.36716e-07,1.15292e-06,0.6266830000000001,1.36716,11.5292
mwir_std_flux,D:\HwaSimIR\HwaSim_IR\Bin\Config\Atmosphere\MODTRAN\raw\audit_mwir_standard_20260906\mwir_std_flux\spectral_flux.flx,,W/(cm^2 nm),W/(m^2 sr um),W/(m^2 um),value_si=value_native*1e7 (cm^-2/nm -> m^-2/um),3186.74,3.18674,5.0,7.7588e-08,1.37272e-07,1.15603e-06,0.77588,1.3727200000000002,11.5603
mwir_std_flux,D:\HwaSimIR\HwaSim_IR\Bin\Config\Atmosphere\MODTRAN\raw\audit_mwir_standard_20260906\mwir_std_flux\spectral_flux.flx,,W/(cm^2 nm),W/(m^2 sr um),W/(m^2 um),value_si=value_native*1e7 (cm^-2/nm -> m^-2/um),3185.73,3.18573,5.0,6.16993e-08,1.30376e-07,1.05341e-06,0.616993,1.30376,10.5341
mwir_std_flux,D:\HwaSimIR\HwaSim_IR\Bin\Config\Atmosphere\MODTRAN\raw\audit_mwir_standard_20260906\mwir_std_flux\spectral_flux.flx,,W/(cm^2 nm),W/(m^2 sr um),W/(m^2 um),value_si=value_native*1e7 (cm^-2/nm -> m^-2/um),3184.71,3.18471,5.0,4.43988e-08,1.23536e-07,9.40683e-07,0.443988,1.23536,9.40683
mwir_std_flux,D:\HwaSimIR\HwaSim_IR\Bin\Config\Atmosphere\MODTRAN\raw\audit_mwir_standard_20260906\mwir_std_flux\spectral_flux.flx,,W/(cm^2 nm),W/(m^2 sr um),W/(m^2 um),value_si=value_native*1e7 (cm^-2/nm -> m^-2/um),3183.7,3.1837,5.0,4.28892e-08,1.28426e-07,9.83275e-07,0.428892,1.28426,9.832749999999999
mwir_std_flux,D:\HwaSimIR\HwaSim_IR\Bin\Config\Atmosphere\MODTRAN\raw\audit_mwir_standard_20260906\mwir_std_flux\spectral_flux.flx,,W/(cm^2 nm),W/(m^2 sr um),W/(m^2 um),value_si=value_native*1e7 (cm^-2/nm -> m^-2/um),3182.69,3.18269,5.0,3.47789e-08,1.33557e-07,9.83121e-07,0.34778899999999996,1.3355700000000001,9.831209999999999
mwir_std_flux,D:\HwaSimIR\HwaSim_IR\Bin\Config\Atmosphere\MODTRAN\raw\audit_mwir_standard_20260906\mwir_std_flux\spectral_flux.flx,,W/(cm^2 nm),W/(m^2 sr um),W/(m^2 um),value_si=value_native*1e7 (cm^-2/nm -> m^-2/um),3181.67,3.18167,5.0,3.74937e-08,1.3413e-07,9.38572e-07,0.374937,1.3413,9.38572
mwir_std_flux,D:\HwaSimIR\HwaSim_IR\Bin\Config\Atmosphere\MODTRAN\raw\audit_mwir_standard_20260906\mwir_std_flux\spectral_flux.flx,,W/(cm^2 nm),W/(m^2 sr um),W/(m^2 um),value_si=value_native*1e7 (cm^-2/nm -> m^-2/um),3180.66,3.18066,5.0,7.47899e-08,1.38196e-07,1.0609e-06,0.7478990000000001,1.38196,10.609
mwir_std_flux,D:\HwaSimIR\HwaSim_IR\Bin\Config\Atmosphere\MODTRAN\raw\audit_mwir_standard_20260906\mwir_std_flux\spectral_flux.flx,,W/(cm^2 nm),W/(m^2 sr um),W/(m^2 um),value_si=value_native*1e7 (cm^-2/nm -> m^-2/um),3179.65,3.17965,5.0,1.15879e-07,1.41785e-07,1.18268e-06,1.15879,1.41785,11.8268
mwir_std_flux,D:\HwaSimIR\HwaSim_IR\Bin\Config\Atmosphere\MODTRAN\raw\audit_mwir_standard_20260906\mwir_std_flux\spectral_flux.flx,,W/(cm^2 nm),W/(m^2 sr um),W/(m^2 um),value_si=value_native*1e7 (cm^-2/nm -> m^-2/um),3178.64,3.1786399999999997,5.0,1.28968e-07,1.4221e-07,1.19973e-06,1.28968,1.4221,11.9973
mwir_std_flux,D:\HwaSimIR\HwaSim_IR\Bin\Config\Atmosphere\MODTRAN\raw\audit_mwir_standard_20260906\mwir_std_flux\spectral_flux.flx,,W/(cm^2 nm),W/(m^2 sr um),W/(m^2 um),value_si=value_native*1e7 (cm^-2/nm -> m^-2/um),3177.63,3.17763,5.0,1.17827e-07,1.41257e-07,1.18755e-06,1.17827,1.41257,11.875499999999999
mwir_std_flux,D:\HwaSimIR\HwaSim_IR\Bin\Config\Atmosphere\MODTRAN\raw\audit_mwir_standard_20260906\mwir_std_flux\spectral_flux.flx,,W/(cm^2 nm),W/(m^2 sr um),W/(m^2 um),value_si=value_native*1e7 (cm^-2/nm -> m^-2/um),3176.62,3.1766199999999998,5.0,9.08365e-08,1.31748e-07,1.08626e-06,0.908365,1.31748,10.8626
mwir_std_flux,D:\HwaSimIR\HwaSim_IR\Bin\Config\Atmosphere\MODTRAN\raw\audit_mwir_standard_20260906\mwir_std_flux\spectral_flux.flx,,W/(cm^2 nm),W/(m^2 sr um),W/(m^2 um),value_si=value_native*1e7 (cm^-2/nm -> m^-2/um),3175.61,3.1756100000000003,5.0,7.66895e-08,1.23375e-07,9.90455e-07,0.7668950000000001,1.2337500000000001,9.904549999999999
mwir_std_flux,D:\HwaSimIR\HwaSim_IR\Bin\Config\Atmosphere\MODTRAN\raw\audit_mwir_standard_20260906\mwir_std_flux\spectral_flux.flx,,W/(cm^2 nm),W/(m^2 sr um),W/(m^2 um),value_si=value_native*1e7 (cm^-2/nm -> m^-2/um),3174.6,3.1746,5.0,7.69253e-08,1.31467e-07,1.01617e-06,0.769253,1.31467,10.1617
mwir_std_flux,D:\HwaSimIR\HwaSim_IR\Bin\Config\Atmosphere\MODTRAN\raw\audit_mwir_standard_20260906\mwir_std_flux\spectral_flux.flx,,W/(cm^2 nm),W/(m^2 sr um),W/(m^2 um),value_si=value_native*1e7 (cm^-2/nm -> m^-2/um),3173.6,3.1736,5.0,5.12391e-08,1.39065e-07,1.02484e-06,0.512391,1.3906500000000002,10.2484
mwir_std_flux,D:\HwaSimIR\HwaSim_IR\Bin\Config\Atmosphere\MODTRAN\raw\audit_mwir_standard_20260906\mwir_std_flux\spectral_flux.flx,,W/(cm^2 nm),W/(m^2 sr um),W/(m^2 um),value_si=value_native*1e7 (cm^-2/nm -> m^-2/um),3172.59,3.17259,5.0,3.38744e-08,1.38685e-07,1.05131e-06,0.338744,1.38685,10.513100000000001
mwir_std_flux,D:\HwaSimIR\HwaSim_IR\Bin\Config\Atmosphere\MODTRAN\raw\audit_mwir_standard_20260906\mwir_std_flux\spectral_flux.flx,,W/(cm^2 nm),W/(m^2 sr um),W/(m^2 um),value_si=value_native*1e7 (cm^-2/nm -> m^-2/um),3171.58,3.17158,5.0,7.24583e-08,1.40652e-07,1.14918e-06,0.724583,1.40652,11.4918
mwir_std_flux,D:\HwaSimIR\HwaSim_IR\Bin\Config\Atmosphere\MODTRAN\raw\audit_mwir_standard_20260906\mwir_std_flux\spectral_flux.flx,,W/(cm^2 nm),W/(m^2 sr um),W/(m^2 um),value_si=value_native*1e7 (cm^-2/nm -> m^-2/um),3170.58,3.1705799999999997,5.0,1.22397e-07,1.43709e-07,1.20326e-06,1.22397,1.43709,12.032599999999999
mwir_std_flux,D:\HwaSimIR\HwaSim_IR\Bin\Config\Atmosphere\MODTRAN\raw\audit_mwir_standard_20260906\mwir_std_flux\spectral_flux.flx,,W/(cm^2 nm),W/(m^2 sr um),W/(m^2 um),value_si=value_native*1e7 (cm^-2/nm -> m^-2/um),3169.57,3.16957,5.0,1.38853e-07,1.44434e-07,1.20676e-06,1.38853,1.4443400000000002,12.0676
mwir_std_flux,D:\HwaSimIR\HwaSim_IR\Bin\Config\Atmosphere\MODTRAN\raw\audit_mwir_standard_20260906\mwir_std_flux\spectral_flux.flx,,W/(cm^2 nm),W/(m^2 sr um),W/(m^2 um),value_si=value_native*1e7 (cm^-2/nm -> m^-2/um),3168.57,3.1685700000000003,5.0,1.46455e-07,1.43307e-07,1.19462e-06,1.46455,1.43307,11.946200000000001
mwir_std_flux,D:\HwaSimIR\HwaSim_IR\Bin\Config\Atmosphere\MODTRAN\raw\audit_mwir_standard_20260906\mwir_std_flux\spectral_flux.flx,,W/(cm^2 nm),W/(m^2 sr um),W/(m^2 um),value_si=value_native*1e7 (cm^-2/nm -> m^-2/um),3167.56,3.16756,5.0,1.40609e-07,1.38954e-07,1.14812e-06,1.40609,1.3895399999999998,11.4812
mwir_std_flux,D:\HwaSimIR\HwaSim_IR\Bin\Config\Atmosphere\MODTRAN\raw\audit_mwir_standard_20260906\mwir_std_flux\spectral_flux.flx,,W/(cm^2 nm),W/(m^2 sr um),W/(m^2 um),value_si=value_native*1e7 (cm^-2/nm -> m^-2/um),3166.56,3.16656,5.0,1.33714e-07,1.36481e-07,1.12394e-06,1.33714,1.3648099999999999,11.2394
mwir_std_flux,D:\HwaSimIR\HwaSim_IR\Bin\Config\Atmosphere\MODTRAN\raw\audit_mwir_standard_20260906\mwir_std_flux\spectral_flux.flx,,W/(cm^2 nm),W/(m^2 sr um),W/(m^2 um),value_si=value_native*1e7 (cm^-2/nm -> m^-2/um),3165.56,3.16556,5.0,1.744e-07,1.42333e-07,1.18398e-06,1.744,1.42333,11.8398
mwir_std_flux,D:\HwaSimIR\HwaSim_IR\Bin\Config\Atmosphere\MODTRAN\raw\audit_mwir_standard_20260906\mwir_std_flux\spectral_flux.flx,,W/(cm^2 nm),W/(m^2 sr um),W/(m^2 um),value_si=value_native*1e7 (cm^-2/nm -> m^-2/um),3164.56,3.16456,5.0,2.19771e-07,1.48401e-07,1.24202e-06,2.19771,1.48401,12.420200000000001
mwir_std_flux,D:\HwaSimIR\HwaSim_IR\Bin\Config\Atmosphere\MODTRAN\raw\audit_mwir_standard_20260906\mwir_std_flux\spectral_flux.flx,,W/(cm^2 nm),W/(m^2 sr um),W/(m^2 um),value_si=value_native*1e7 (cm^-2/nm -> m^-2/um),3163.56,3.16356,5.0,2.08861e-07,1.49407e-07,1.25087e-06,2.08861,1.49407,12.5087
mwir_std_flux,D:\HwaSimIR\HwaSim_IR\Bin\Config\Atmosphere\MODTRAN\raw\audit_mwir_standard_20260906\mwir_std_flux\spectral_flux.flx,,W/(cm^2 nm),W/(m^2 sr um),W/(m^2 um),value_si=value_native*1e7 (cm^-2/nm -> m^-2/um),3162.56,3.16256,5.0,1.60629e-07,1.48331e-07,1.23853e-06,1.60629,1.4833100000000001,12.3853
mwir_std_flux,D:\HwaSimIR\HwaSim_IR\Bin\Config\Atmosphere\MODTRAN\raw\audit_mwir_standard_20260906\mwir_std_flux\spectral_flux.flx,,W/(cm^2 nm),W/(m^2 sr um),W/(m^2 um),value_si=value_native*1e7 (cm^-2/nm -> m^-2/um),3161.56,3.16156,5.0,1.05361e-07,1.44746e-07,1.17871e-06,1.05361,1.44746,11.7871
mwir_std_flux,D:\HwaSimIR\HwaSim_IR\Bin\Config\Atmosphere\MODTRAN\raw\audit_mwir_standard_20260906\mwir_std_flux\spectral_flux.flx,,W/(cm^2 nm),W/(m^2 sr um),W/(m^2 um),value_si=value_native*1e7 (cm^-2/nm -> m^-2/um),3160.56,3.16056,5.0,5.38739e-08,1.3961e-07,1.11072e-06,0.538739,1.3961,11.107199999999999
mwir_std_flux,D:\HwaSimIR\HwaSim_IR\Bin\Config\Atmosphere\MODTRAN\raw\audit_mwir_standard_20260906\mwir_std_flux\spectral_flux.flx,,W/(cm^2 nm),W/(m^2 sr um),W/(m^2 um),value_si=value_native*1e7 (cm^-2/nm -> m^-2/um),3159.56,3.15956,5.0,3.16048e-08,1.35876e-07,1.10058e-06,0.316048,1.35876,11.005799999999999
mwir_std_flux,D:\HwaSimIR\HwaSim_IR\Bin\Config\Atmosphere\MODTRAN\raw\audit_mwir_standard_20260906\mwir_std_flux\spectral_flux.flx,,W/(cm^2 nm),W/(m^2 sr um),W/(m^2 um),value_si=value_native*1e7 (cm^-2/nm -> m^-2/um),3158.56,3.15856,5.0,2.83024e-08,1.33653e-07,1.08217e-06,0.283024,1.3365300000000002,10.8217
mwir_std_flux,D:\HwaSimIR\HwaSim_IR\Bin\Config\Atmosphere\MODTRAN\raw\audit_mwir_standard_20260906\mwir_std_flux\spectral_flux.flx,,W/(cm^2 nm),W/(m^2 sr um),W/(m^2 um),value_si=value_native*1e7 (cm^-2/nm -> m^-2/um),3157.56,3.15756,5.0,2.02502e-08,1.33419e-07,9.98095e-07,0.20250200000000002,1.3341900000000002,9.980950000000002
mwir_std_flux,D:\HwaSimIR\HwaSim_IR\Bin\Config\Atmosphere\MODTRAN\raw\audit_mwir_standard_20260906\mwir_std_flux\spectral_flux.flx,,W/(cm^2 nm),W/(m^2 sr um),W/(m^2 um),value_si=value_native*1e7 (cm^-2/nm -> m^-2/um),3156.57,3.1565700000000003,5.0,1.52199e-08,1.35354e-07,9.30386e-07,0.152199,1.3535400000000002,9.30386
mwir_std_flux,D:\HwaSimIR\HwaSim_IR\Bin\Config\Atmosphere\MODTRAN\raw\audit_mwir_standard_20260906\mwir_std_flux\spectral_flux.flx,,W/(cm^2 nm),W/(m^2 sr um),W/(m^2 um),value_si=value_native*1e7 (cm^-2/nm -> m^-2/um),3155.57,3.15557,5.0,1.56146e-08,1.37577e-07,9.31185e-07,0.156146,1.37577,9.31185
mwir_std_flux,D:\HwaSimIR\HwaSim_IR\Bin\Config\Atmosphere\MODTRAN\raw\audit_mwir_standard_20260906\mwir_std_flux\spectral_flux.flx,,W/(cm^2 nm),W/(m^2 sr um),W/(m^2 um),value_si=value_native*1e7 (cm^-2/nm -> m^-2/um),3154.57,3.15457,5.0,2.28939e-08,1.39489e-07,9.82225e-07,0.228939,1.3948900000000002,9.822249999999999
mwir_std_flux,D:\HwaSimIR\HwaSim_IR\Bin\Config\Atmosphere\MODTRAN\raw\audit_mwir_standard_20260906\mwir_std_flux\spectral_flux.flx,,W/(cm^2 nm),W/(m^2 sr um),W/(m^2 um),value_si=value_native*1e7 (cm^-2/nm -> m^-2/um),3153.58,3.15358,5.0,4.52142e-08,1.42144e-07,1.09946e-06,0.452142,1.42144,10.9946
mwir_std_flux,D:\HwaSimIR\HwaSim_IR\Bin\Config\Atmosphere\MODTRAN\raw\audit_mwir_standard_20260906\mwir_std_flux\spectral_flux.flx,,W/(cm^2 nm),W/(m^2 sr um),W/(m^2 um),value_si=value_native*1e7 (cm^-2/nm -> m^-2/um),3152.59,3.15259,5.0,6.07749e-08,1.44093e-07,1.1775e-06,0.607749,1.4409299999999998,11.775
mwir_std_flux,D:\HwaSimIR\HwaSim_IR\Bin\Config\Atmosphere\MODTRAN\raw\audit_mwir_standard_20260906\mwir_std_flux\spectral_flux.flx,,W/(cm^2 nm),W/(m^2 sr um),W/(m^2 um),value_si=value_native*1e7 (cm^-2/nm -> m^-2/um),3151.59,3.15159,5.0,5.34618e-08,1.436e-07,1.16882e-06,0.534618,1.436,11.6882
mwir_std_flux,D:\HwaSimIR\HwaSim_IR\Bin\Config\Atmosphere\MODTRAN\raw\audit_mwir_standard_20260906\mwir_std_flux\spectral_flux.flx,,W/(cm^2 nm),W/(m^2 sr um),W/(m^2 um),value_si=value_native*1e7 (cm^-2/nm -> m^-2/um),3150.6,3.1506,5.0,4.08812e-08,1.39439e-07,1.11522e-06,0.408812,1.39439,11.1522
mwir_std_flux,D:\HwaSimIR\HwaSim_IR\Bin\Config\Atmosphere\MODTRAN\raw\audit_mwir_standard_20260906\mwir_std_flux\spectral_flux.flx,,W/(cm^2 nm),W/(m^2 sr um),W/(m^2 um),value_si=value_native*1e7 (cm^-2/nm -> m^-2/um),3149.61,3.14961,5.0,2.60264e-08,1.33942e-07,1.05233e-06,0.260264,1.33942,10.5233
mwir_std_flux,D:\HwaSimIR\HwaSim_IR\Bin\Config\Atmosphere\MODTRAN\raw\audit_mwir_standard_20260906\mwir_std_flux\spectral_flux.flx,,W/(cm^2 nm),W/(m^2 sr um),W/(m^2 um),value_si=value_native*1e7 (cm^-2/nm -> m^-2/um),3148.61,3.14861,5.0,1.44633e-08,1.27744e-07,1.00301e-06,0.144633,1.2774400000000001,10.030100000000001
mwir_std_flux,D:\HwaSimIR\HwaSim_IR\Bin\Config\Atmosphere\MODTRAN\raw\audit_mwir_standard_20260906\mwir_std_flux\spectral_flux.flx,,W/(cm^2 nm),W/(m^2 sr um),W/(m^2 um),value_si=value_native*1e7 (cm^-2/nm -> m^-2/um),3147.62,3.14762,5.0,1.05665e-08,1.0196e-07,7.68096e-07,0.10566500000000001,1.0195999999999998,7.68096
mwir_std_flux,D:\HwaSimIR\HwaSim_IR\Bin\Config\Atmosphere\MODTRAN\raw\audit_mwir_standard_20260906\mwir_std_flux\spectral_flux.flx,,W/(cm^2 nm),W/(m^2 sr um),W/(m^2 um),value_si=value_native*1e7 (cm^-2/nm -> m^-2/um),3146.63,3.14663,5.0,8.48179e-09,7.75758e-08,5.20274e-07,0.0848179,0.775758,5.20274
mwir_std_flux,D:\HwaSimIR\HwaSim_IR\Bin\Config\Atmosphere\MODTRAN\raw\audit_mwir_standard_20260906\mwir_std_flux\spectral_flux.flx,,W/(cm^2 nm),W/(m^2 sr um),W/(m^2 um),value_si=value_native*1e7 (cm^-2/nm -> m^-2/um),3145.64,3.1456399999999998,5.0,9.85212e-09,9.63547e-08,6.58152e-07,0.0985212,0.963547,6.581519999999999
mwir_std_flux,D:\HwaSimIR\HwaSim_IR\Bin\Config\Atmosphere\MODTRAN\raw\audit_mwir_standard_20260906\mwir_std_flux\spectral_flux.flx,,W/(cm^2 nm),W/(m^2 sr um),W/(m^2 um),value_si=value_native*1e7 (cm^-2/nm -> m^-2/um),3144.65,3.14465,5.0,1.51281e-08,1.25168e-07,9.64921e-07,0.151281,1.25168,9.64921
mwir_std_flux,D:\HwaSimIR\HwaSim_IR\Bin\Config\Atmosphere\MODTRAN\raw\audit_mwir_standard_20260906\mwir_std_flux\spectral_flux.flx,,W/(cm^2 nm),W/(m^2 sr um),W/(m^2 um),value_si=value_native*1e7 (cm^-2/nm -> m^-2/um),3143.67,3.14367,5.0,1.92697e-08,1.28299e-07,1.12265e-06,0.192697,1.28299,11.2265
mwir_std_flux,D:\HwaSimIR\HwaSim_IR\Bin\Config\Atmosphere\MODTRAN\raw\audit_mwir_standard_20260906\mwir_std_flux\spectral_flux.flx,,W/(cm^2 nm),W/(m^2 sr um),W/(m^2 um),value_si=value_native*1e7 (cm^-2/nm -> m^-2/um),3142.68,3.14268,5.0,1.77187e-08,1.23992e-07,1.12379e-06,0.17718699999999998,1.23992,11.237900000000002
mwir_std_flux,D:\HwaSimIR\HwaSim_IR\Bin\Config\Atmosphere\MODTRAN\raw\audit_mwir_standard_20260906\mwir_std_flux\spectral_flux.flx,,W/(cm^2 nm),W/(m^2 sr um),W/(m^2 um),value_si=value_native*1e7 (cm^-2/nm -> m^-2/um),3141.69,3.14169,5.0,1.43741e-08,1.26763e-07,1.03733e-06,0.143741,1.26763,10.3733
mwir_std_flux,D:\HwaSimIR\HwaSim_IR\Bin\Config\Atmosphere\MODTRAN\raw\audit_mwir_standard_20260906\mwir_std_flux\spectral_flux.flx,,W/(cm^2 nm),W/(m^2 sr um),W/(m^2 um),value_si=value_native*1e7 (cm^-2/nm -> m^-2/um),3140.7,3.1407,5.0,1.15528e-08,1.19417e-07,7.99212e-07,0.115528,1.19417,7.99212
mwir_std_flux,D:\HwaSimIR\HwaSim_IR\Bin\Config\Atmosphere\MODTRAN\raw\audit_mwir_standard_20260906\mwir_std_flux\spectral_flux.flx,,W/(cm^2 nm),W/(m^2 sr um),W/(m^2 um),value_si=value_native*1e7 (cm^-2/nm -> m^-2/um),3139.72,3.1397199999999996,5.0,1.02828e-08,1.09201e-07,5.95717e-07,0.10282799999999999,1.09201,5.9571700000000005
mwir_std_flux,D:\HwaSimIR\HwaSim_IR\Bin\Config\Atmosphere\MODTRAN\raw\audit_mwir_standard_20260906\mwir_std_flux\spectral_flux.flx,,W/(cm^2 nm),W/(m^2 sr um),W/(m^2 um),value_si=value_native*1e7 (cm^-2/nm -> m^-2/um),3138.73,3.13873,5.0,1.65677e-08,1.22209e-07,7.92878e-07,0.165677,1.2220900000000001,7.92878
mwir_std_flux,D:\HwaSimIR\HwaSim_IR\Bin\Config\Atmosphere\MODTRAN\raw\audit_mwir_standard_20260906\mwir_std_flux\spectral_flux.flx,,W/(cm^2 nm),W/(m^2 sr um),W/(m^2 um),value_si=value_native*1e7 (cm^-2/nm -> m^-2/um),3137.75,3.13775,5.0,3.37854e-08,1.40338e-07,1.11545e-06,0.33785400000000004,1.4033799999999998,11.1545
mwir_std_flux,D:\HwaSimIR\HwaSim_IR\Bin\Config\Atmosphere\MODTRAN\raw\audit_mwir_standard_20260906\mwir_std_flux\spectral_flux.flx,,W/(cm^2 nm),W/(m^2 sr um),W/(m^2 um),value_si=value_native*1e7 (cm^-2/nm -> m^-2/um),3136.76,3.13676,5.0,6.09677e-08,1.47154e-07,1.24146e-06,0.609677,1.4715399999999998,12.4146
mwir_std_flux,D:\HwaSimIR\HwaSim_IR\Bin\Config\Atmosphere\MODTRAN\raw\audit_mwir_standard_20260906\mwir_std_flux\spectral_flux.flx,,W/(cm^2 nm),W/(m^2 sr um),W/(m^2 um),value_si=value_native*1e7 (cm^-2/nm -> m^-2/um),3135.78,3.13578,5.0,8.09092e-08,1.49478e-07,1.26547e-06,0.8090919999999999,1.49478,12.6547
mwir_std_flux,D:\HwaSimIR\HwaSim_IR\Bin\Config\Atmosphere\MODTRAN\raw\audit_mwir_standard_20260906\mwir_std_flux\spectral_flux.flx,,W/(cm^2 nm),W/(m^2 sr um),W/(m^2 um),value_si=value_native*1e7 (cm^-2/nm -> m^-2/um),3134.8,3.1348000000000003,5.0,7.38134e-08,1.49733e-07,1.26069e-06,0.738134,1.49733,12.6069
mwir_std_flux,D:\HwaSimIR\HwaSim_IR\Bin\Config\Atmosphere\MODTRAN\raw\audit_mwir_standard_20260906\mwir_std_flux\spectral_flux.flx,,W/(cm^2 nm),W/(m^2 sr um),W/(m^2 um),value_si=value_native*1e7 (cm^-2/nm -> m^-2/um),3133.81,3.13381,5.0,5.14424e-08,1.48785e-07,1.23585e-06,0.514424,1.48785,12.3585
mwir_std_flux,D:\HwaSimIR\HwaSim_IR\Bin\Config\Atmosphere\MODTRAN\raw\audit_mwir_standard_20260906\mwir_std_flux\spectral_flux.flx,,W/(cm^2 nm),W/(m^2 sr um),W/(m^2 um),value_si=value_native*1e7 (cm^-2/nm -> m^-2/um),3132.83,3.13283,5.0,4.04197e-08,1.48027e-07,1.21999e-06,0.404197,1.48027,12.1999
mwir_std_flux,D:\HwaSimIR\HwaSim_IR\Bin\Config\Atmosphere\MODTRAN\raw\audit_mwir_standard_20260906\mwir_std_flux\spectral_flux.flx,,W/(cm^2 nm),W/(m^2 sr um),W/(m^2 um),value_si=value_native*1e7 (cm^-2/nm -> m^-2/um),3131.85,3.13185,5.0,4.44158e-08,1.47582e-07,1.23172e-06,0.444158,1.4758200000000001,12.3172
mwir_std_flux,D:\HwaSimIR\HwaSim_IR\Bin\Config\Atmosphere\MODTRAN\raw\audit_mwir_standard_20260906\mwir_std_flux\spectral_flux.flx,,W/(cm^2 nm),W/(m^2 sr um),W/(m^2 um),value_si=value_native*1e7 (cm^-2/nm -> m^-2/um),3130.87,3.13087,5.0,3.97399e-08,1.4401e-07,1.19679e-06,0.397399,1.4401,11.9679
mwir_std_flux,D:\HwaSimIR\HwaSim_IR\Bin\Config\Atmosphere\MODTRAN\raw\audit_mwir_standard_20260906\mwir_std_flux\spectral_flux.flx,,W/(cm^2 nm),W/(m^2 sr um),W/(m^2 um),value_si=value_native*1e7 (cm^-2/nm -> m^-2/um),3129.89,3.12989,5.0,2.2131e-08,1.29952e-07,9.64904e-07,0.22131,1.29952,9.64904
mwir_std_flux,D:\HwaSimIR\HwaSim_IR\Bin\Config\Atmosphere\MODTRAN\raw\audit_mwir_standard_20260906\mwir_std_flux\spectral_flux.flx,,W/(cm^2 nm),W/(m^2 sr um),W/(m^2 um),value_si=value_native*1e7 (cm^-2/nm -> m^-2/um),3128.91,3.12891,5.0,1.04275e-08,1.09058e-07,6.45248e-07,0.104275,1.0905799999999999,6.45248
mwir_std_flux,D:\HwaSimIR\HwaSim_IR\Bin\Config\Atmosphere\MODTRAN\raw\audit_mwir_standard_20260906\mwir_std_flux\spectral_flux.flx,,W/(cm^2 nm),W/(m^2 sr um),W/(m^2 um),value_si=value_native*1e7 (cm^-2/nm -> m^-2/um),3127.93,3.1279299999999997,5.0,7.43328e-09,9.35823e-08,4.65515e-07,0.0743328,0.935823,4.65515
mwir_std_flux,D:\HwaSimIR\HwaSim_IR\Bin\Config\Atmosphere\MODTRAN\raw\audit_mwir_standard_20260906\mwir_std_flux\spectral_flux.flx,,W/(cm^2 nm),W/(m^2 sr um),W/(m^2 um),value_si=value_native*1e7 (cm^-2/nm -> m^-2/um),3126.95,3.12695,5.0,7.23468e-09,9.20412e-08,4.69741e-07,0.0723468,0.9204119999999999,4.69741
mwir_std_flux,D:\HwaSimIR\HwaSim_IR\Bin\Config\Atmosphere\MODTRAN\raw\audit_mwir_standard_20260906\mwir_std_flux\spectral_flux.flx,,W/(cm^2 nm),W/(m^2 sr um),W/(m^2 um),value_si=value_native*1e7 (cm^-2/nm -> m^-2/um),3125.98,3.12598,5.0,8.1907e-09,1.05831e-07,5.91014e-07,0.08190700000000001,1.05831,5.91014
mwir_std_flux,D:\HwaSimIR\HwaSim_IR\Bin\Config\Atmosphere\MODTRAN\raw\audit_mwir_standard_20260906\mwir_std_flux\spectral_flux.flx,,W/(cm^2 nm),W/(m^2 sr um),W/(m^2 um),value_si=value_native*1e7 (cm^-2/nm -> m^-2/um),3125.0,3.125,5.0,1.09487e-08,1.23632e-07,7.4841e-07,0.109487,1.23632,7.4841
mwir_std_flux,D:\HwaSimIR\HwaSim_IR\Bin\Config\Atmosphere\MODTRAN\raw\audit_mwir_standard_20260906\mwir_std_flux\spectral_flux.flx,,W/(cm^2 nm),W/(m^2 sr um),W/(m^2 um),value_si=value_native*1e7 (cm^-2/nm -> m^-2/um),3124.02,3.12402,5.0,1.75907e-08,1.38074e-07,9.96434e-07,0.17590699999999998,1.3807399999999999,9.96434
mwir_std_flux,D:\HwaSimIR\HwaSim_IR\Bin\Config\Atmosphere\MODTRAN\raw\audit_mwir_standard_20260906\mwir_std_flux\spectral_flux.flx,,W/(cm^2 nm),W/(m^2 sr um),W/(m^2 um),value_si=value_native*1e7 (cm^-2/nm -> m^-2/um),3123.05,3.12305,5.0,2.79381e-08,1.4706e-07,1.1973e-06,0.279381,1.4706,11.972999999999999
mwir_std_flux,D:\HwaSimIR\HwaSim_IR\Bin\Config\Atmosphere\MODTRAN\raw\audit_mwir_standard_20260906\mwir_std_flux\spectral_flux.flx,,W/(cm^2 nm),W/(m^2 sr um),W/(m^2 um),value_si=value_native*1e7 (cm^-2/nm -> m^-2/um),3122.07,3.1220700000000003,5.0,3.8233e-08,1.49732e-07,1.24568e-06,0.38233,1.49732,12.456800000000001
mwir_std_flux,D:\HwaSimIR\HwaSim_IR\Bin\Config\Atmosphere\MODTRAN\raw\audit_mwir_standard_20260906\mwir_std_flux\spectral_flux.flx,,W/(cm^2 nm),W/(m^2 sr um),W/(m^2 um),value_si=value_native*1e7 (cm^-2/nm -> m^-2/um),3121.1,3.1210999999999998,5.0,4.79763e-08,1.50189e-07,1.26099e-06,0.479763,1.50189,12.6099
mwir_std_flux,D:\HwaSimIR\HwaSim_IR\Bin\Config\Atmosphere\MODTRAN\raw\audit_mwir_standard_20260906\mwir_std_flux\spectral_flux.flx,,W/(cm^2 nm),W/(m^2 sr um),W/(m^2 um),value_si=value_native*1e7 (cm^-2/nm -> m^-2/um),3120.12,3.12012,5.0,5.58046e-08,1.50414e-07,1.2675e-06,0.558046,1.50414,12.674999999999999
mwir_std_flux,D:\HwaSimIR\HwaSim_IR\Bin\Config\Atmosphere\MODTRAN\raw\audit_mwir_standard_20260906\mwir_std_flux\spectral_flux.flx,,W/(cm^2 nm),W/(m^2 sr um),W/(m^2 um),value_si=value_native*1e7 (cm^-2/nm -> m^-2/um),3119.15,3.1191500000000003,5.0,4.95372e-08,1.49123e-07,1.24773e-06,0.495372,1.49123,12.4773
mwir_std_flux,D:\HwaSimIR\HwaSim_IR\Bin\Config\Atmosphere\MODTRAN\raw\audit_mwir_standard_20260906\mwir_std_flux\spectral_flux.flx,,W/(cm^2 nm),W/(m^2 sr um),W/(m^2 um),value_si=value_native*1e7 (cm^-2/nm -> m^-2/um),3118.18,3.1181799999999997,5.0,2.97991e-08,1.44618e-07,1.19133e-06,0.297991,1.44618,11.9133
mwir_std_flux,D:\HwaSimIR\HwaSim_IR\Bin\Config\Atmosphere\MODTRAN\raw\audit_mwir_standard_20260906\mwir_std_flux\spectral_flux.flx,,W/(cm^2 nm),W/(m^2 sr um),W/(m^2 um),value_si=value_native*1e7 (cm^-2/nm -> m^-2/um),3117.21,3.11721,5.0,1.52145e-08,1.35709e-07,1.03275e-06,0.152145,1.35709,10.3275
mwir_std_flux,D:\HwaSimIR\HwaSim_IR\Bin\Config\Atmosphere\MODTRAN\raw\audit_mwir_standard_20260906\mwir_std_flux\spectral_flux.flx,,W/(cm^2 nm),W/(m^2 sr um),W/(m^2 um),value_si=value_native*1e7 (cm^-2/nm -> m^-2/um),3116.24,3.11624,5.0,9.92848e-09,1.22473e-07,7.27743e-07,0.0992848,1.2247299999999999,7.27743
mwir_std_flux,D:\HwaSimIR\HwaSim_IR\Bin\Config\Atmosphere\MODTRAN\raw\audit_mwir_standard_20260906\mwir_std_flux\spectral_flux.flx,,W/(cm^2 nm),W/(m^2 sr um),W/(m^2 um),value_si=value_native*1e7 (cm^-2/nm -> m^-2/um),3115.26,3.11526,5.0,8.4468e-09,1.16051e-07,5.97132e-07,0.084468,1.16051,5.97132
mwir_std_flux,D:\HwaSimIR\HwaSim_IR\Bin\Config\Atmosphere\MODTRAN\raw\audit_mwir_standard_20260906\mwir_std_flux\spectral_flux.flx,,W/(cm^2 nm),W/(m^2 sr um),W/(m^2 um),value_si=value_native*1e7 (cm^-2/nm -> m^-2/um),3114.29,3.11429,5.0,9.23421e-09,1.23526e-07,8.29748e-07,0.0923421,1.2352599999999998,8.29748
mwir_std_flux,D:\HwaSimIR\HwaSim_IR\Bin\Config\Atmosphere\MODTRAN\raw\audit_mwir_standard_20260906\mwir_std_flux\spectral_flux.flx,,W/(cm^2 nm),W/(m^2 sr um),W/(m^2 um),value_si=value_native*1e7 (cm^-2/nm -> m^-2/um),3113.33,3.11333,5.0,9.87056e-09,1.28725e-07,1.00249e-06,0.0987056,1.28725,10.0249
mwir_std_flux,D:\HwaSimIR\HwaSim_IR\Bin\Config\Atmosphere\MODTRAN\raw\audit_mwir_standard_20260906\mwir_std_flux\spectral_flux.flx,,W/(cm^2 nm),W/(m^2 sr um),W/(m^2 um),value_si=value_native*1e7 (cm^-2/nm -> m^-2/um),3112.36,3.1123600000000002,5.0,8.76372e-09,1.15464e-07,7.94418e-07,0.0876372,1.1546399999999999,7.94418
mwir_std_flux,D:\HwaSimIR\HwaSim_IR\Bin\Config\Atmosphere\MODTRAN\raw\audit_mwir_standard_20260906\mwir_std_flux\spectral_flux.flx,,W/(cm^2 nm),W/(m^2 sr um),W/(m^2 um),value_si=value_native*1e7 (cm^-2/nm -> m^-2/um),3111.39,3.1113899999999997,5.0,7.51499e-09,1.01659e-07,5.44629e-07,0.0751499,1.0165899999999999,5.44629
mwir_std_flux,D:\HwaSimIR\HwaSim_IR\Bin\Config\Atmosphere\MODTRAN\raw\audit_mwir_standard_20260906\mwir_std_flux\spectral_flux.flx,,W/(cm^2 nm),W/(m^2 sr um),W/(m^2 um),value_si=value_native*1e7 (cm^-2/nm -> m^-2/um),3110.42,3.11042,5.0,7.7964e-09,1.09907e-07,6.50216e-07,0.07796399999999999,1.09907,6.50216
mwir_std_flux,D:\HwaSimIR\HwaSim_IR\Bin\Config\Atmosphere\MODTRAN\raw\audit_mwir_standard_20260906\mwir_std_flux\spectral_flux.flx,,W/(cm^2 nm),W/(m^2 sr um),W/(m^2 um),value_si=value_native*1e7 (cm^-2/nm -> m^-2/um),3109.45,3.10945,5.0,8.60836e-09,1.23876e-07,8.45725e-07,0.08608360000000001,1.2387599999999999,8.45725
mwir_std_flux,D:\HwaSimIR\HwaSim_IR\Bin\Config\Atmosphere\MODTRAN\raw\audit_mwir_standard_20260906\mwir_std_flux\spectral_flux.flx,,W/(cm^2 nm),W/(m^2 sr um),W/(m^2 um),value_si=value_native*1e7 (cm^-2/nm -> m^-2/um),3108.49,3.1084899999999998,5.0,8.96501e-09,1.28037e-07,8.98484e-07,0.0896501,1.28037,8.98484
mwir_std_flux,D:\HwaSimIR\HwaSim_IR\Bin\Config\Atmosphere\MODTRAN\raw\audit_mwir_standard_20260906\mwir_std_flux\spectral_flux.flx,,W/(cm^2 nm),W/(m^2 sr um),W/(m^2 um),value_si=value_native*1e7 (cm^-2/nm -> m^-2/um),3107.52,3.10752,5.0,8.84359e-09,1.21551e-07,8.10029e-07,0.0884359,1.21551,8.100290000000001
mwir_std_flux,D:\HwaSimIR\HwaSim_IR\Bin\Config\Atmosphere\MODTRAN\raw\audit_mwir_standard_20260906\mwir_std_flux\spectral_flux.flx,,W/(cm^2 nm),W/(m^2 sr um),W/(m^2 um),value_si=value_native*1e7 (cm^-2/nm -> m^-2/um),3106.55,3.1065500000000004,5.0,8.18639e-09,1.09142e-07,5.55542e-07,0.0818639,1.09142,5.55542
mwir_std_flux,D:\HwaSimIR\HwaSim_IR\Bin\Config\Atmosphere\MODTRAN\raw\audit_mwir_standard_20260906\mwir_std_flux\spectral_flux.flx,,W/(cm^2 nm),W/(m^2 sr um),W/(m^2 um),value_si=value_native*1e7 (cm^-2/nm -> m^-2/um),3105.59,3.1055900000000003,5.0,7.6705e-09,1.07817e-07,4.88494e-07,0.07670500000000001,1.07817,4.88494
mwir_std_flux,D:\HwaSimIR\HwaSim_IR\Bin\Config\Atmosphere\MODTRAN\raw\audit_mwir_standard_20260906\mwir_std_flux\spectral_flux.flx,,W/(cm^2 nm),W/(m^2 sr um),W/(m^2 um),value_si=value_native*1e7 (cm^-2/nm -> m^-2/um),3104.63,3.1046300000000002,5.0,7.86364e-09,1.1647e-07,6.48479e-07,0.0786364,1.1647,6.484789999999999
mwir_std_flux,D:\HwaSimIR\HwaSim_IR\Bin\Config\Atmosphere\MODTRAN\raw\audit_mwir_standard_20260906\mwir_std_flux\spectral_flux.flx,,W/(cm^2 nm),W/(m^2 sr um),W/(m^2 um),value_si=value_native*1e7 (cm^-2/nm -> m^-2/um),3103.66,3.1036599999999996,5.0,9.24545e-09,1.25647e-07,7.91619e-07,0.09245450000000001,1.25647,7.916189999999999
mwir_std_flux,D:\HwaSimIR\HwaSim_IR\Bin\Config\Atmosphere\MODTRAN\raw\audit_mwir_standard_20260906\mwir_std_flux\spectral_flux.flx,,W/(cm^2 nm),W/(m^2 sr um),W/(m^2 um),value_si=value_native*1e7 (cm^-2/nm -> m^-2/um),3102.7,3.1027,5.0,1.44232e-08,1.37757e-07,1.01822e-06,0.144232,1.3775700000000002,10.1822
mwir_std_flux,D:\HwaSimIR\HwaSim_IR\Bin\Config\Atmosphere\MODTRAN\raw\audit_mwir_standard_20260906\mwir_std_flux\spectral_flux.flx,,W/(cm^2 nm),W/(m^2 sr um),W/(m^2 um),value_si=value_native*1e7 (cm^-2/nm -> m^-2/um),3101.74,3.10174,5.0,2.03322e-08,1.47352e-07,1.21318e-06,0.203322,1.4735200000000002,12.1318
mwir_std_flux,D:\HwaSimIR\HwaSim_IR\Bin\Config\Atmosphere\MODTRAN\raw\audit_mwir_standard_20260906\mwir_std_flux\spectral_flux.flx,,W/(cm^2 nm),W/(m^2 sr um),W/(m^2 um),value_si=value_native*1e7 (cm^-2/nm -> m^-2/um),3100.78,3.1007800000000003,5.0,1.87122e-08,1.47402e-07,1.1713e-06,0.187122,1.47402,11.713
mwir_std_flux,D:\HwaSimIR\HwaSim_IR\Bin\Config\Atmosphere\MODTRAN\raw\audit_mwir_standard_20260906\mwir_std_flux\spectral_flux.flx,,W/(cm^2 nm),W/(m^2 sr um),W/(m^2 um),value_si=value_native*1e7 (cm^-2/nm -> m^-2/um),3099.81,3.0998099999999997,5.0,1.19192e-08,1.39996e-07,9.62473e-07,0.119192,1.39996,9.62473
mwir_std_flux,D:\HwaSimIR\HwaSim_IR\Bin\Config\Atmosphere\MODTRAN\raw\audit_mwir_standard_20260906\mwir_std_flux\spectral_flux.flx,,W/(cm^2 nm),W/(m^2 sr um),W/(m^2 um),value_si=value_native*1e7 (cm^-2/nm -> m^-2/um),3098.85,3.09885,5.0,8.08585e-09,1.32709e-07,8.17122e-07,0.0808585,1.32709,8.17122
mwir_std_flux,D:\HwaSimIR\HwaSim_IR\Bin\Config\Atmosphere\MODTRAN\raw\audit_mwir_standard_20260906\mwir_std_flux\spectral_flux.flx,,W/(cm^2 nm),W/(m^2 sr um),W/(m^2 um),value_si=value_native*1e7 (cm^-2/nm -> m^-2/um),3097.89,3.09789,5.0,7.96621e-09,1.30179e-07,8.41964e-07,0.07966210000000001,1.30179,8.41964
mwir_std_flux,D:\HwaSimIR\HwaSim_IR\Bin\Config\Atmosphere\MODTRAN\raw\audit_mwir_standard_20260906\mwir_std_flux\spectral_flux.flx,,W/(cm^2 nm),W/(m^2 sr um),W/(m^2 um),value_si=value_native*1e7 (cm^-2/nm -> m^-2/um),3096.93,3.09693,5.0,7.98852e-09,1.21426e-07,7.82136e-07,0.0798852,1.21426,7.82136
mwir_std_flux,D:\HwaSimIR\HwaSim_IR\Bin\Config\Atmosphere\MODTRAN\raw\audit_mwir_standard_20260906\mwir_std_flux\spectral_flux.flx,,W/(cm^2 nm),W/(m^2 sr um),W/(m^2 um),value_si=value_native*1e7 (cm^-2/nm -> m^-2/um),3095.98,3.09598,5.0,7.60456e-09,1.047e-07,6.76194e-07,0.07604559999999999,1.0470000000000002,6.76194
mwir_std_flux,D:\HwaSimIR\HwaSim_IR\Bin\Config\Atmosphere\MODTRAN\raw\audit_mwir_standard_20260906\mwir_std_flux\spectral_flux.flx,,W/(cm^2 nm),W/(m^2 sr um),W/(m^2 um),value_si=value_native*1e7 (cm^-2/nm -> m^-2/um),3095.02,3.09502,5.0,7.95804e-09,1.02524e-07,7.45057e-07,0.07958040000000001,1.02524,7.450570000000001
mwir_std_flux,D:\HwaSimIR\HwaSim_IR\Bin\Config\Atmosphere\MODTRAN\raw\audit_mwir_standard_20260906\mwir_std_flux\spectral_flux.flx,,W/(cm^2 nm),W/(m^2 sr um),W/(m^2 um),value_si=value_native*1e7 (cm^-2/nm -> m^-2/um),3094.06,3.09406,5.0,7.99653e-09,1.12621e-07,7.29799e-07,0.07996529999999999,1.12621,7.2979899999999995
mwir_std_flux,D:\HwaSimIR\HwaSim_IR\Bin\Config\Atmosphere\MODTRAN\raw\audit_mwir_standard_20260906\mwir_std_flux\spectral_flux.flx,,W/(cm^2 nm),W/(m^2 sr um),W/(m^2 um),value_si=value_native*1e7 (cm^-2/nm -> m^-2/um),3093.1,3.0930999999999997,5.0,7.91174e-09,1.19695e-07,7.13386e-07,0.0791174,1.19695,7.133859999999999
mwir_std_flux,D:\HwaSimIR\HwaSim_IR\Bin\Config\Atmosphere\MODTRAN\raw\audit_mwir_standard_20260906\mwir_std_flux\spectral_flux.flx,,W/(cm^2 nm),W/(m^2 sr um),W/(m^2 um),value_si=value_native*1e7 (cm^-2/nm -> m^-2/um),3092.15,3.09215,5.0,9.0038e-09,1.30187e-07,9.36048e-07,0.09003799999999999,1.30187,9.360479999999999
mwir_std_flux,D:\HwaSimIR\HwaSim_IR\Bin\Config\Atmosphere\MODTRAN\raw\audit_mwir_standard_20260906\mwir_std_flux\spectral_flux.flx,,W/(cm^2 nm),W/(m^2 sr um),W/(m^2 um),value_si=value_native*1e7 (cm^-2/nm -> m^-2/um),3091.19,3.09119,5.0,9.44474e-09,1.34633e-07,1.0361e-06,0.09444739999999999,1.34633,10.360999999999999
mwir_std_flux,D:\HwaSimIR\HwaSim_IR\Bin\Config\Atmosphere\MODTRAN\raw\audit_mwir_standard_20260906\mwir_std_flux\spectral_flux.flx,,W/(cm^2 nm),W/(m^2 sr um),W/(m^2 um),value_si=value_native*1e7 (cm^-2/nm -> m^-2/um),3090.23,3.09023,5.0,8.37772e-09,1.28574e-07,8.62042e-07,0.08377720000000001,1.2857399999999999,8.62042
mwir_std_flux,D:\HwaSimIR\HwaSim_IR\Bin\Config\Atmosphere\MODTRAN\raw\audit_mwir_standard_20260906\mwir_std_flux\spectral_flux.flx,,W/(cm^2 nm),W/(m^2 sr um),W/(m^2 um),value_si=value_native*1e7 (cm^-2/nm -> m^-2/um),3089.28,3.08928,5.0,8.30378e-09,1.29909e-07,7.8922e-07,0.08303780000000001,1.29909,7.8922
mwir_std_flux,D:\HwaSimIR\HwaSim_IR\Bin\Config\Atmosphere\MODTRAN\raw\audit_mwir_standard_20260906\mwir_std_flux\spectral_flux.flx,,W/(cm^2 nm),W/(m^2 sr um),W/(m^2 um),value_si=value_native*1e7 (cm^-2/nm -> m^-2/um),3088.33,3.08833,5.0,9.61566e-09,1.37988e-07,9.64463e-07,0.09615660000000001,1.37988,9.644630000000001
mwir_std_flux,D:\HwaSimIR\HwaSim_IR\Bin\Config\Atmosphere\MODTRAN\raw\audit_mwir_standard_20260906\mwir_std_flux\spectral_flux.flx,,W/(cm^2 nm),W/(m^2 sr um),W/(m^2 um),value_si=value_native*1e7 (cm^-2/nm -> m^-2/um),3087.37,3.08737,5.0,9.85698e-09,1.3755e-07,9.9499e-07,0.0985698,1.3755000000000002,9.9499
mwir_std_flux,D:\HwaSimIR\HwaSim_IR\Bin\Config\Atmosphere\MODTRAN\raw\audit_mwir_standard_20260906\mwir_std_flux\spectral_flux.flx,,W/(cm^2 nm),W/(m^2 sr um),W/(m^2 um),value_si=value_native*1e7 (cm^-2/nm -> m^-2/um),3086.42,3.08642,5.0,8.777e-09,1.31823e-07,8.71288e-07,0.08777,1.31823,8.71288
mwir_std_flux,D:\HwaSimIR\HwaSim_IR\Bin\Config\Atmosphere\MODTRAN\raw\audit_mwir_standard_20260906\mwir_std_flux\spectral_flux.flx,,W/(cm^2 nm),W/(m^2 sr um),W/(m^2 um),value_si=value_native*1e7 (cm^-2/nm -> m^-2/um),3085.47,3.08547,5.0,8.46356e-09,1.34089e-07,9.04924e-07,0.08463559999999999,1.3408900000000001,9.049240000000001
mwir_std_flux,D:\HwaSimIR\HwaSim_IR\Bin\Config\Atmosphere\MODTRAN\raw\audit_mwir_standard_20260906\mwir_std_flux\spectral_flux.flx,,W/(cm^2 nm),W/(m^2 sr um),W/(m^2 um),value_si=value_native*1e7 (cm^-2/nm -> m^-2/um),3084.52,3.08452,5.0,8.72153e-09,1.38341e-07,9.57434e-07,0.0872153,1.38341,9.57434
mwir_std_flux,D:\HwaSimIR\HwaSim_IR\Bin\Config\Atmosphere\MODTRAN\raw\audit_mwir_standard_20260906\mwir_std_flux\spectral_flux.flx,,W/(cm^2 nm),W/(m^2 sr um),W/(m^2 um),value_si=value_native*1e7 (cm^-2/nm -> m^-2/um),3083.56,3.08356,5.0,8.28587e-09,1.33245e-07,8.91847e-07,0.08285870000000001,1.33245,8.91847
mwir_std_flux,D:\HwaSimIR\HwaSim_IR\Bin\Config\Atmosphere\MODTRAN\raw\audit_mwir_standard_20260906\mwir_std_flux\spectral_flux.flx,,W/(cm^2 nm),W/(m^2 sr um),W/(m^2 um),value_si=value_native*1e7 (cm^-2/nm -> m^-2/um),3082.61,3.0826100000000003,5.0,7.11747e-09,1.12366e-07,6.54124e-07,0.07117470000000001,1.12366,6.54124
mwir_std_flux,D:\HwaSimIR\HwaSim_IR\Bin\Config\Atmosphere\MODTRAN\raw\audit_mwir_standard_20260906\mwir_std_flux\spectral_flux.flx,,W/(cm^2 nm),W/(m^2 sr um),W/(m^2 um),value_si=value_native*1e7 (cm^-2/nm -> m^-2/um),3081.66,3.08166,5.0,6.39185e-09,9.72601e-08,4.89165e-07,0.06391849999999999,0.972601,4.89165
mwir_std_flux,D:\HwaSimIR\HwaSim_IR\Bin\Config\Atmosphere\MODTRAN\raw\audit_mwir_standard_20260906\mwir_std_flux\spectral_flux.flx,,W/(cm^2 nm),W/(m^2 sr um),W/(m^2 um),value_si=value_native*1e7 (cm^-2/nm -> m^-2/um),3080.71,3.08071,5.0,7.58671e-09,1.14142e-07,7.12449e-07,0.0758671,1.14142,7.124490000000001
mwir_std_flux,D:\HwaSimIR\HwaSim_IR\Bin\Config\Atmosphere\MODTRAN\raw\audit_mwir_standard_20260906\mwir_std_flux\spectral_flux.flx,,W/(cm^2 nm),W/(m^2 sr um),W/(m^2 um),value_si=value_native*1e7 (cm^-2/nm -> m^-2/um),3079.77,3.07977,5.0,1.1488e-08,1.3895e-07,1.04173e-06,0.11488,1.3895000000000002,10.417300000000001
mwir_std_flux,D:\HwaSimIR\HwaSim_IR\Bin\Config\Atmosphere\MODTRAN\raw\audit_mwir_standard_20260906\mwir_std_flux\spectral_flux.flx,,W/(cm^2 nm),W/(m^2 sr um),W/(m^2 um),value_si=value_native*1e7 (cm^-2/nm -> m^-2/um),3078.82,3.0788200000000003,5.0,1.7046e-08,1.50963e-07,1.21989e-06,0.17046,1.50963,12.198899999999998
mwir_std_flux,D:\HwaSimIR\HwaSim_IR\Bin\Config\Atmosphere\MODTRAN\raw\audit_mwir_standard_20260906\mwir_std_flux\spectral_flux.flx,,W/(cm^2 nm),W/(m^2 sr um),W/(m^2 um),value_si=value_native*1e7 (cm^-2/nm -> m^-2/um),3077.87,3.07787,5.0,2.43533e-08,1.55848e-07,1.28975e-06,0.243533,1.55848,12.8975
mwir_std_flux,D:\HwaSimIR\HwaSim_IR\Bin\Config\Atmosphere\MODTRAN\raw\audit_mwir_standard_20260906\mwir_std_flux\spectral_flux.flx,,W/(cm^2 nm),W/(m^2 sr um),W/(m^2 um),value_si=value_native*1e7 (cm^-2/nm -> m^-2/um),3076.92,3.07692,5.0,3.17387e-08,1.57286e-07,1.31929e-06,0.31738700000000003,1.57286,13.1929
mwir_std_flux,D:\HwaSimIR\HwaSim_IR\Bin\Config\Atmosphere\MODTRAN\raw\audit_mwir_standard_20260906\mwir_std_flux\spectral_flux.flx,,W/(cm^2 nm),W/(m^2 sr um),W/(m^2 um),value_si=value_native*1e7 (cm^-2/nm -> m^-2/um),3075.98,3.07598,5.0,2.98031e-08,1.56533e-07,1.31348e-06,0.298031,1.5653299999999999,13.1348
mwir_std_flux,D:\HwaSimIR\HwaSim_IR\Bin\Config\Atmosphere\MODTRAN\raw\audit_mwir_standard_20260906\mwir_std_flux\spectral_flux.flx,,W/(cm^2 nm),W/(m^2 sr um),W/(m^2 um),value_si=value_native*1e7 (cm^-2/nm -> m^-2/um),3075.03,3.0750300000000004,5.0,1.90184e-08,1.509e-07,1.2242e-06,0.190184,1.5090000000000001,12.242
mwir_std_flux,D:\HwaSimIR\HwaSim_IR\Bin\Config\Atmosphere\MODTRAN\raw\audit_mwir_standard_20260906\mwir_std_flux\spectral_flux.flx,,W/(cm^2 nm),W/(m^2 sr um),W/(m^2 um),value_si=value_native*1e7 (cm^-2/nm -> m^-2/um),3074.09,3.07409,5.0,1.04186e-08,1.33367e-07,9.51186e-07,0.104186,1.3336700000000001,9.51186
mwir_std_flux,D:\HwaSimIR\HwaSim_IR\Bin\Config\Atmosphere\MODTRAN\raw\audit_mwir_standard_20260906\mwir_std_flux\spectral_flux.flx,,W/(cm^2 nm),W/(m^2 sr um),W/(m^2 um),value_si=value_native*1e7 (cm^-2/nm -> m^-2/um),3073.14,3.07314,5.0,7.27909e-09,1.18207e-07,6.94105e-07,0.0727909,1.18207,6.94105
mwir_std_flux,D:\HwaSimIR\HwaSim_IR\Bin\Config\Atmosphere\MODTRAN\raw\audit_mwir_standard_20260906\mwir_std_flux\spectral_flux.flx,,W/(cm^2 nm),W/(m^2 sr um),W/(m^2 um),value_si=value_native*1e7 (cm^-2/nm -> m^-2/um),3072.2,3.0721999999999996,5.0,7.23237e-09,1.24807e-07,7.69939e-07,0.0723237,1.2480699999999998,7.69939
mwir_std_flux,D:\HwaSimIR\HwaSim_IR\Bin\Config\Atmosphere\MODTRAN\raw\audit_mwir_standard_20260906\mwir_std_flux\spectral_flux.flx,,W/(cm^2 nm),W/(m^2 sr um),W/(m^2 um),value_si=value_native*1e7 (cm^-2/nm -> m^-2/um),3071.25,3.07125,5.0,7.52e-09,1.31918e-07,8.36967e-07,0.0752,1.31918,8.369670000000001
mwir_std_flux,D:\HwaSimIR\HwaSim_IR\Bin\Config\Atmosphere\MODTRAN\raw\audit_mwir_standard_20260906\mwir_std_flux\spectral_flux.flx,,W/(cm^2 nm),W/(m^2 sr um),W/(m^2 um),value_si=value_native*1e7 (cm^-2/nm -> m^-2/um),3070.31,3.07031,5.0,7.48908e-09,1.30977e-07,7.64927e-07,0.07489080000000001,1.3097699999999999,7.64927
mwir_std_flux,D:\HwaSimIR\HwaSim_IR\Bin\Config\Atmosphere\MODTRAN\raw\audit_mwir_standard_20260906\mwir_std_flux\spectral_flux.flx,,W/(cm^2 nm),W/(m^2 sr um),W/(m^2 um),value_si=value_native*1e7 (cm^-2/nm -> m^-2/um),3069.37,3.0693699999999997,5.0,8.49227e-09,1.37709e-07,8.99006e-07,0.08492269999999999,1.3770900000000001,8.99006
mwir_std_flux,D:\HwaSimIR\HwaSim_IR\Bin\Config\Atmosphere\MODTRAN\raw\audit_mwir_standard_20260906\mwir_std_flux\spectral_flux.flx,,W/(cm^2 nm),W/(m^2 sr um),W/(m^2 um),value_si=value_native*1e7 (cm^-2/nm -> m^-2/um),3068.43,3.0684299999999998,5.0,9.43892e-09,1.43926e-07,1.0223e-06,0.0943892,1.43926,10.222999999999999
mwir_std_flux,D:\HwaSimIR\HwaSim_IR\Bin\Config\Atmosphere\MODTRAN\raw\audit_mwir_standard_20260906\mwir_std_flux\spectral_flux.flx,,W/(cm^2 nm),W/(m^2 sr um),W/(m^2 um),value_si=value_native*1e7 (cm^-2/nm -> m^-2/um),3067.48,3.06748,5.0,9.41715e-09,1.43842e-07,9.69451e-07,0.0941715,1.43842,9.69451
mwir_std_flux,D:\HwaSimIR\HwaSim_IR\Bin\Config\Atmosphere\MODTRAN\raw\audit_mwir_standard_20260906\mwir_std_flux\spectral_flux.flx,,W/(cm^2 nm),W/(m^2 sr um),W/(m^2 um),value_si=value_native*1e7 (cm^-2/nm -> m^-2/um),3066.54,3.06654,5.0,1.14084e-08,1.46657e-07,1.03733e-06,0.114084,1.46657,10.3733
mwir_std_flux,D:\HwaSimIR\HwaSim_IR\Bin\Config\Atmosphere\MODTRAN\raw\audit_mwir_standard_20260906\mwir_std_flux\spectral_flux.flx,,W/(cm^2 nm),W/(m^2 sr um),W/(m^2 um),value_si=value_native*1e7 (cm^-2/nm -> m^-2/um),3065.6,3.0656,5.0,1.34784e-08,1.5049e-07,1.11893e-06,0.13478400000000001,1.5049,11.1893
mwir_std_flux,D:\HwaSimIR\HwaSim_IR\Bin\Config\Atmosphere\MODTRAN\raw\audit_mwir_standard_20260906\mwir_std_flux\spectral_flux.flx,,W/(cm^2 nm),W/(m^2 sr um),W/(m^2 um),value_si=value_native*1e7 (cm^-2/nm -> m^-2/um),3064.66,3.06466,5.0,1.13904e-08,1.49102e-07,1.05409e-06,0.113904,1.49102,10.540899999999999
mwir_std_flux,D:\HwaSimIR\HwaSim_IR\Bin\Config\Atmosphere\MODTRAN\raw\audit_mwir_standard_20260906\mwir_std_flux\spectral_flux.flx,,W/(cm^2 nm),W/(m^2 sr um),W/(m^2 um),value_si=value_native*1e7 (cm^-2/nm -> m^-2/um),3063.73,3.06373,5.0,8.60745e-09,1.43398e-07,9.41028e-07,0.0860745,1.43398,9.41028
mwir_std_flux,D:\HwaSimIR\HwaSim_IR\Bin\Config\Atmosphere\MODTRAN\raw\audit_mwir_standard_20260906\mwir_std_flux\spectral_flux.flx,,W/(cm^2 nm),W/(m^2 sr um),W/(m^2 um),value_si=value_native*1e7 (cm^-2/nm -> m^-2/um),3062.79,3.06279,5.0,7.91645e-09,1.39322e-07,8.34005e-07,0.07916450000000001,1.3932200000000001,8.34005
mwir_std_flux,D:\HwaSimIR\HwaSim_IR\Bin\Config\Atmosphere\MODTRAN\raw\audit_mwir_standard_20260906\mwir_std_flux\spectral_flux.flx,,W/(cm^2 nm),W/(m^2 sr um),W/(m^2 um),value_si=value_native*1e7 (cm^-2/nm -> m^-2/um),3061.85,3.0618499999999997,5.0,1.00127e-08,1.43323e-07,9.28725e-07,0.10012700000000001,1.43323,9.28725
mwir_std_flux,D:\HwaSimIR\HwaSim_IR\Bin\Config\Atmosphere\MODTRAN\raw\audit_mwir_standard_20260906\mwir_std_flux\spectral_flux.flx,,W/(cm^2 nm),W/(m^2 sr um),W/(m^2 um),value_si=value_native*1e7 (cm^-2/nm -> m^-2/um),3060.91,3.06091,5.0,2.00302e-08,1.51928e-07,1.18135e-06,0.20030199999999998,1.5192800000000002,11.8135
mwir_std_flux,D:\HwaSimIR\HwaSim_IR\Bin\Config\Atmosphere\MODTRAN\raw\audit_mwir_standard_20260906\mwir_std_flux\spectral_flux.flx,,W/(cm^2 nm),W/(m^2 sr um),W/(m^2 um),value_si=value_native*1e7 (cm^-2/nm -> m^-2/um),3059.98,3.05998,5.0,3.32e-08,1.58187e-07,1.32402e-06,0.332,1.58187,13.240200000000002
mwir_std_flux,D:\HwaSimIR\HwaSim_IR\Bin\Config\Atmosphere\MODTRAN\raw\audit_mwir_standard_20260906\mwir_std_flux\spectral_flux.flx,,W/(cm^2 nm),W/(m^2 sr um),W/(m^2 um),value_si=value_native*1e7 (cm^-2/nm -> m^-2/um),3059.04,3.05904,5.0,3.17081e-08,1.58146e-07,1.27465e-06,0.317081,1.5814599999999999,12.7465
mwir_std_flux,D:\HwaSimIR\HwaSim_IR\Bin\Config\Atmosphere\MODTRAN\raw\audit_mwir_standard_20260906\mwir_std_flux\spectral_flux.flx,,W/(cm^2 nm),W/(m^2 sr um),W/(m^2 um),value_si=value_native*1e7 (cm^-2/nm -> m^-2/um),3058.1,3.0581,5.0,1.75935e-08,1.48908e-07,1.06908e-06,0.175935,1.48908,10.6908
mwir_std_flux,D:\HwaSimIR\HwaSim_IR\Bin\Config\Atmosphere\MODTRAN\raw\audit_mwir_standard_20260906\mwir_std_flux\spectral_flux.flx,,W/(cm^2 nm),W/(m^2 sr um),W/(m^2 um),value_si=value_native*1e7 (cm^-2/nm -> m^-2/um),3057.17,3.05717,5.0,8.57201e-09,1.36249e-07,8.53144e-07,0.08572010000000001,1.36249,8.53144
mwir_std_flux,D:\HwaSimIR\HwaSim_IR\Bin\Config\Atmosphere\MODTRAN\raw\audit_mwir_standard_20260906\mwir_std_flux\spectral_flux.flx,,W/(cm^2 nm),W/(m^2 sr um),W/(m^2 um),value_si=value_native*1e7 (cm^-2/nm -> m^-2/um),3056.23,3.0562300000000002,5.0,6.639e-09,1.26947e-07,7.06255e-07,0.06639,1.26947,7.062550000000001
mwir_std_flux,D:\HwaSimIR\HwaSim_IR\Bin\Config\Atmosphere\MODTRAN\raw\audit_mwir_standard_20260906\mwir_std_flux\spectral_flux.flx,,W/(cm^2 nm),W/(m^2 sr um),W/(m^2 um),value_si=value_native*1e7 (cm^-2/nm -> m^-2/um),3055.3,3.0553000000000003,5.0,5.98973e-09,1.14532e-07,5.38462e-07,0.0598973,1.14532,5.38462
mwir_std_flux,D:\HwaSimIR\HwaSim_IR\Bin\Config\Atmosphere\MODTRAN\raw\audit_mwir_standard_20260906\mwir_std_flux\spectral_flux.flx,,W/(cm^2 nm),W/(m^2 sr um),W/(m^2 um),value_si=value_native*1e7 (cm^-2/nm -> m^-2/um),3054.37,3.05437,5.0,5.60266e-09,9.98273e-08,4.59269e-07,0.056026599999999996,0.998273,4.59269
mwir_std_flux,D:\HwaSimIR\HwaSim_IR\Bin\Config\Atmosphere\MODTRAN\raw\audit_mwir_standard_20260906\mwir_std_flux\spectral_flux.flx,,W/(cm^2 nm),W/(m^2 sr um),W/(m^2 um),value_si=value_native*1e7 (cm^-2/nm -> m^-2/um),3053.44,3.05344,5.0,5.66906e-09,9.74478e-08,5.26669e-07,0.0566906,0.9744780000000001,5.26669
mwir_std_flux,D:\HwaSimIR\HwaSim_IR\Bin\Config\Atmosphere\MODTRAN\raw\audit_mwir_standard_20260906\mwir_std_flux\spectral_flux.flx,,W/(cm^2 nm),W/(m^2 sr um),W/(m^2 um),value_si=value_native*1e7 (cm^-2/nm -> m^-2/um),3052.5,3.0525,5.0,5.79277e-09,1.08678e-07,5.68306e-07,0.0579277,1.08678,5.68306
mwir_std_flux,D:\HwaSimIR\HwaSim_IR\Bin\Config\Atmosphere\MODTRAN\raw\audit_mwir_standard_20260906\mwir_std_flux\spectral_flux.flx,,W/(cm^2 nm),W/(m^2 sr um),W/(m^2 um),value_si=value_native*1e7 (cm^-2/nm -> m^-2/um),3051.57,3.0515700000000003,5.0,6.25873e-09,1.24346e-07,7.22362e-07,0.0625873,1.24346,7.2236199999999995
mwir_std_flux,D:\HwaSimIR\HwaSim_IR\Bin\Config\Atmosphere\MODTRAN\raw\audit_mwir_standard_20260906\mwir_std_flux\spectral_flux.flx,,W/(cm^2 nm),W/(m^2 sr um),W/(m^2 um),value_si=value_native*1e7 (cm^-2/nm -> m^-2/um),3050.64,3.05064,5.0,6.90693e-09,1.35764e-07,9.1405e-07,0.0690693,1.35764,9.1405
mwir_std_flux,D:\HwaSimIR\HwaSim_IR\Bin\Config\Atmosphere\MODTRAN\raw\audit_mwir_standard_20260906\mwir_std_flux\spectral_flux.flx,,W/(cm^2 nm),W/(m^2 sr um),W/(m^2 um),value_si=value_native*1e7 (cm^-2/nm -> m^-2/um),3049.71,3.04971,5.0,6.86088e-09,1.34435e-07,8.28998e-07,0.0686088,1.34435,8.28998
mwir_std_flux,D:\HwaSimIR\HwaSim_IR\Bin\Config\Atmosphere\MODTRAN\raw\audit_mwir_standard_20260906\mwir_std_flux\spectral_flux.flx,,W/(cm^2 nm),W/(m^2 sr um),W/(m^2 um),value_si=value_native*1e7 (cm^-2/nm -> m^-2/um),3048.78,3.0487800000000003,5.0,7.13642e-09,1.32607e-07,7.71585e-07,0.0713642,1.3260699999999999,7.71585
mwir_std_flux,D:\HwaSimIR\HwaSim_IR\Bin\Config\Atmosphere\MODTRAN\raw\audit_mwir_standard_20260906\mwir_std_flux\spectral_flux.flx,,W/(cm^2 nm),W/(m^2 sr um),W/(m^2 um),value_si=value_native*1e7 (cm^-2/nm -> m^-2/um),3047.85,3.04785,5.0,8.97643e-09,1.4333e-07,9.98031e-07,0.0897643,1.4333,9.980310000000001
mwir_std_flux,D:\HwaSimIR\HwaSim_IR\Bin\Config\Atmosphere\MODTRAN\raw\audit_mwir_standard_20260906\mwir_std_flux\spectral_flux.flx,,W/(cm^2 nm),W/(m^2 sr um),W/(m^2 um),value_si=value_native*1e7 (cm^-2/nm -> m^-2/um),3046.92,3.04692,5.0,9.99188e-09,1.50547e-07,1.08748e-06,0.09991879999999999,1.50547,10.8748
mwir_std_flux,D:\HwaSimIR\HwaSim_IR\Bin\Config\Atmosphere\MODTRAN\raw\audit_mwir_standard_20260906\mwir_std_flux\spectral_flux.flx,,W/(cm^2 nm),W/(m^2 sr um),W/(m^2 um),value_si=value_native*1e7 (cm^-2/nm -> m^-2/um),3045.99,3.0459899999999998,5.0,8.78086e-09,1.48952e-07,9.16931e-07,0.0878086,1.48952,9.16931
mwir_std_flux,D:\HwaSimIR\HwaSim_IR\Bin\Config\Atmosphere\MODTRAN\raw\audit_mwir_standard_20260906\mwir_std_flux\spectral_flux.flx,,W/(cm^2 nm),W/(m^2 sr um),W/(m^2 um),value_si=value_native*1e7 (cm^-2/nm -> m^-2/um),3045.07,3.04507,5.0,8.65278e-09,1.51436e-07,9.24711e-07,0.0865278,1.5143600000000002,9.24711
mwir_std_flux,D:\HwaSimIR\HwaSim_IR\Bin\Config\Atmosphere\MODTRAN\raw\audit_mwir_standard_20260906\mwir_std_flux\spectral_flux.flx,,W/(cm^2 nm),W/(m^2 sr um),W/(m^2 um),value_si=value_native*1e7 (cm^-2/nm -> m^-2/um),3044.14,3.04414,5.0,1.0657e-08,1.57141e-07,1.14249e-06,0.10657000000000001,1.57141,11.424900000000001
mwir_std_flux,D:\HwaSimIR\HwaSim_IR\Bin\Config\Atmosphere\MODTRAN\raw\audit_mwir_standard_20260906\mwir_std_flux\spectral_flux.flx,,W/(cm^2 nm),W/(m^2 sr um),W/(m^2 um),value_si=value_native*1e7 (cm^-2/nm -> m^-2/um),3043.21,3.04321,5.0,1.29267e-08,1.59005e-07,1.26382e-06,0.129267,1.59005,12.6382
mwir_std_flux,D:\HwaSimIR\HwaSim_IR\Bin\Config\Atmosphere\MODTRAN\raw\audit_mwir_standard_20260906\mwir_std_flux\spectral_flux.flx,,W/(cm^2 nm),W/(m^2 sr um),W/(m^2 um),value_si=value_native*1e7 (cm^-2/nm -> m^-2/um),3042.29,3.04229,5.0,1.29546e-08,1.54973e-07,1.16968e-06,0.129546,1.54973,11.696800000000001
mwir_std_flux,D:\HwaSimIR\HwaSim_IR\Bin\Config\Atmosphere\MODTRAN\raw\audit_mwir_standard_20260906\mwir_std_flux\spectral_flux.flx,,W/(cm^2 nm),W/(m^2 sr um),W/(m^2 um),value_si=value_native*1e7 (cm^-2/nm -> m^-2/um),3041.36,3.04136,5.0,9.77096e-09,1.44816e-07,8.86823e-07,0.09770960000000001,1.44816,8.86823
mwir_std_flux,D:\HwaSimIR\HwaSim_IR\Bin\Config\Atmosphere\MODTRAN\raw\audit_mwir_standard_20260906\mwir_std_flux\spectral_flux.flx,,W/(cm^2 nm),W/(m^2 sr um),W/(m^2 um),value_si=value_native*1e7 (cm^-2/nm -> m^-2/um),3040.44,3.0404400000000003,5.0,7.38089e-09,1.37314e-07,7.51946e-07,0.0738089,1.37314,7.51946
mwir_std_flux,D:\HwaSimIR\HwaSim_IR\Bin\Config\Atmosphere\MODTRAN\raw\audit_mwir_standard_20260906\mwir_std_flux\spectral_flux.flx,,W/(cm^2 nm),W/(m^2 sr um),W/(m^2 um),value_si=value_native*1e7 (cm^-2/nm -> m^-2/um),3039.51,3.0395100000000004,5.0,7.21801e-09,1.37921e-07,8.47471e-07,0.0721801,1.37921,8.47471
mwir_std_flux,D:\HwaSimIR\HwaSim_IR\Bin\Config\Atmosphere\MODTRAN\raw\audit_mwir_standard_20260906\mwir_std_flux\spectral_flux.flx,,W/(cm^2 nm),W/(m^2 sr um),W/(m^2 um),value_si=value_native*1e7 (cm^-2/nm -> m^-2/um),3038.59,3.03859,5.0,6.75517e-09,1.32946e-07,8.163e-07,0.0675517,1.32946,8.163
mwir_std_flux,D:\HwaSimIR\HwaSim_IR\Bin\Config\Atmosphere\MODTRAN\raw\audit_mwir_standard_20260906\mwir_std_flux\spectral_flux.flx,,W/(cm^2 nm),W/(m^2 sr um),W/(m^2 um),value_si=value_native*1e7 (cm^-2/nm -> m^-2/um),3037.67,3.03767,5.0,5.89711e-09,1.2195e-07,6.48186e-07,0.0589711,1.2195,6.48186
mwir_std_flux,D:\HwaSimIR\HwaSim_IR\Bin\Config\Atmosphere\MODTRAN\raw\audit_mwir_standard_20260906\mwir_std_flux\spectral_flux.flx,,W/(cm^2 nm),W/(m^2 sr um),W/(m^2 um),value_si=value_native*1e7 (cm^-2/nm -> m^-2/um),3036.74,3.03674,5.0,5.97258e-09,1.22914e-07,5.79853e-07,0.0597258,1.2291400000000001,5.79853
mwir_std_flux,D:\HwaSimIR\HwaSim_IR\Bin\Config\Atmosphere\MODTRAN\raw\audit_mwir_standard_20260906\mwir_std_flux\spectral_flux.flx,,W/(cm^2 nm),W/(m^2 sr um),W/(m^2 um),value_si=value_native*1e7 (cm^-2/nm -> m^-2/um),3035.82,3.03582,5.0,7.7172e-09,1.36832e-07,7.96775e-07,0.077172,1.36832,7.96775
mwir_std_flux,D:\HwaSimIR\HwaSim_IR\Bin\Config\Atmosphere\MODTRAN\raw\audit_mwir_standard_20260906\mwir_std_flux\spectral_flux.flx,,W/(cm^2 nm),W/(m^2 sr um),W/(m^2 um),value_si=value_native*1e7 (cm^-2/nm -> m^-2/um),3034.9,3.0349,5.0,9.50161e-09,1.43797e-07,1.10135e-06,0.09501609999999999,1.43797,11.0135
mwir_std_flux,D:\HwaSimIR\HwaSim_IR\Bin\Config\Atmosphere\MODTRAN\raw\audit_mwir_standard_20260906\mwir_std_flux\spectral_flux.flx,,W/(cm^2 nm),W/(m^2 sr um),W/(m^2 um),value_si=value_native*1e7 (cm^-2/nm -> m^-2/um),3033.98,3.03398,5.0,8.48359e-09,1.25315e-07,1.04549e-06,0.0848359,1.25315,10.454899999999999
mwir_std_flux,D:\HwaSimIR\HwaSim_IR\Bin\Config\Atmosphere\MODTRAN\raw\audit_mwir_standard_20260906\mwir_std_flux\spectral_flux.flx,,W/(cm^2 nm),W/(m^2 sr um),W/(m^2 um),value_si=value_native*1e7 (cm^-2/nm -> m^-2/um),3033.06,3.03306,5.0,6.50494e-09,1.08297e-07,7.57734e-07,0.06504940000000001,1.08297,7.5773399999999995
mwir_std_flux,D:\HwaSimIR\HwaSim_IR\Bin\Config\Atmosphere\MODTRAN\raw\audit_mwir_standard_20260906\mwir_std_flux\spectral_flux.flx,,W/(cm^2 nm),W/(m^2 sr um),W/(m^2 um),value_si=value_native*1e7 (cm^-2/nm -> m^-2/um),3032.14,3.03214,5.0,7.52532e-09,1.26559e-07,7.85873e-07,0.0752532,1.26559,7.8587299999999995
mwir_std_flux,D:\HwaSimIR\HwaSim_IR\Bin\Config\Atmosphere\MODTRAN\raw\audit_mwir_standard_20260906\mwir_std_flux\spectral_flux.flx,,W/(cm^2 nm),W/(m^2 sr um),W/(m^2 um),value_si=value_native*1e7 (cm^-2/nm -> m^-2/um),3031.22,3.03122,5.0,1.01362e-08,1.52324e-07,1.06535e-06,0.101362,1.5232400000000001,10.653500000000001
mwir_std_flux,D:\HwaSimIR\HwaSim_IR\Bin\Config\Atmosphere\MODTRAN\raw\audit_mwir_standard_20260906\mwir_std_flux\spectral_flux.flx,,W/(cm^2 nm),W/(m^2 sr um),W/(m^2 um),value_si=value_native*1e7 (cm^-2/nm -> m^-2/um),3030.3,3.0303,5.0,1.48551e-08,1.61828e-07,1.21519e-06,0.148551,1.6182800000000002,12.1519
mwir_std_flux,D:\HwaSimIR\HwaSim_IR\Bin\Config\Atmosphere\MODTRAN\raw\audit_mwir_standard_20260906\mwir_std_flux\spectral_flux.flx,,W/(cm^2 nm),W/(m^2 sr um),W/(m^2 um),value_si=value_native*1e7 (cm^-2/nm -> m^-2/um),3029.39,3.02939,5.0,2.63906e-08,1.65378e-07,1.29276e-06,0.263906,1.6537799999999998,12.927600000000002
mwir_std_flux,D:\HwaSimIR\HwaSim_IR\Bin\Config\Atmosphere\MODTRAN\raw\audit_mwir_standard_20260906\mwir_std_flux\spectral_flux.flx,,W/(cm^2 nm),W/(m^2 sr um),W/(m^2 um),value_si=value_native*1e7 (cm^-2/nm -> m^-2/um),3028.47,3.02847,5.0,3.14559e-08,1.65029e-07,1.26145e-06,0.31455900000000003,1.6502899999999998,12.6145
mwir_std_flux,D:\HwaSimIR\HwaSim_IR\Bin\Config\Atmosphere\MODTRAN\raw\audit_mwir_standard_20260906\mwir_std_flux\spectral_flux.flx,,W/(cm^2 nm),W/(m^2 sr um),W/(m^2 um),value_si=value_native*1e7 (cm^-2/nm -> m^-2/um),3027.55,3.02755,5.0,2.34717e-08,1.62769e-07,1.16719e-06,0.234717,1.6276899999999999,11.671899999999999
mwir_std_flux,D:\HwaSimIR\HwaSim_IR\Bin\Config\Atmosphere\MODTRAN\raw\audit_mwir_standard_20260906\mwir_std_flux\spectral_flux.flx,,W/(cm^2 nm),W/(m^2 sr um),W/(m^2 um),value_si=value_native*1e7 (cm^-2/nm -> m^-2/um),3026.63,3.02663,5.0,2.68359e-08,1.64604e-07,1.26229e-06,0.268359,1.6460400000000002,12.6229
mwir_std_flux,D:\HwaSimIR\HwaSim_IR\Bin\Config\Atmosphere\MODTRAN\raw\audit_mwir_standard_20260906\mwir_std_flux\spectral_flux.flx,,W/(cm^2 nm),W/(m^2 sr um),W/(m^2 um),value_si=value_native*1e7 (cm^-2/nm -> m^-2/um),3025.72,3.0257199999999997,5.0,3.88967e-08,1.67087e-07,1.39681e-06,0.38896699999999995,1.6708699999999999,13.9681
mwir_std_flux,D:\HwaSimIR\HwaSim_IR\Bin\Config\Atmosphere\MODTRAN\raw\audit_mwir_standard_20260906\mwir_std_flux\spectral_flux.flx,,W/(cm^2 nm),W/(m^2 sr um),W/(m^2 um),value_si=value_native*1e7 (cm^-2/nm -> m^-2/um),3024.8,3.0248000000000004,5.0,3.3867e-08,1.65192e-07,1.38426e-06,0.33867,1.6519199999999998,13.8426
mwir_std_flux,D:\HwaSimIR\HwaSim_IR\Bin\Config\Atmosphere\MODTRAN\raw\audit_mwir_standard_20260906\mwir_std_flux\spectral_flux.flx,,W/(cm^2 nm),W/(m^2 sr um),W/(m^2 um),value_si=value_native*1e7 (cm^-2/nm -> m^-2/um),3023.89,3.0238899999999997,5.0,1.79257e-08,1.55647e-07,1.13878e-06,0.17925700000000003,1.5564699999999998,11.3878
mwir_std_flux,D:\HwaSimIR\HwaSim_IR\Bin\Config\Atmosphere\MODTRAN\raw\audit_mwir_standard_20260906\mwir_std_flux\spectral_flux.flx,,W/(cm^2 nm),W/(m^2 sr um),W/(m^2 um),value_si=value_native*1e7 (cm^-2/nm -> m^-2/um),3022.97,3.02297,5.0,8.18926e-09,1.37361e-07,7.12211e-07,0.0818926,1.37361,7.12211
mwir_std_flux,D:\HwaSimIR\HwaSim_IR\Bin\Config\Atmosphere\MODTRAN\raw\audit_mwir_standard_20260906\mwir_std_flux\spectral_flux.flx,,W/(cm^2 nm),W/(m^2 sr um),W/(m^2 um),value_si=value_native*1e7 (cm^-2/nm -> m^-2/um),3022.06,3.0220599999999997,5.0,5.76553e-09,1.27798e-07,6.08265e-07,0.0576553,1.27798,6.082649999999999
mwir_std_flux,D:\HwaSimIR\HwaSim_IR\Bin\Config\Atmosphere\MODTRAN\raw\audit_mwir_standard_20260906\mwir_std_flux\spectral_flux.flx,,W/(cm^2 nm),W/(m^2 sr um),W/(m^2 um),value_si=value_native*1e7 (cm^-2/nm -> m^-2/um),3021.15,3.02115,5.0,6.14225e-09,1.37864e-07,8.85973e-07,0.0614225,1.3786399999999999,8.859729999999999
mwir_std_flux,D:\HwaSimIR\HwaSim_IR\Bin\Config\Atmosphere\MODTRAN\raw\audit_mwir_standard_20260906\mwir_std_flux\spectral_flux.flx,,W/(cm^2 nm),W/(m^2 sr um),W/(m^2 um),value_si=value_native*1e7 (cm^-2/nm -> m^-2/um),3020.24,3.02024,5.0,6.53396e-09,1.46029e-07,9.73371e-07,0.0653396,1.4602899999999999,9.733709999999999
mwir_std_flux,D:\HwaSimIR\HwaSim_IR\Bin\Config\Atmosphere\MODTRAN\raw\audit_mwir_standard_20260906\mwir_std_flux\spectral_flux.flx,,W/(cm^2 nm),W/(m^2 sr um),W/(m^2 um),value_si=value_native*1e7 (cm^-2/nm -> m^-2/um),3019.32,3.01932,5.0,6.07885e-09,1.38062e-07,7.63356e-07,0.0607885,1.3806200000000002,7.63356
mwir_std_flux,D:\HwaSimIR\HwaSim_IR\Bin\Config\Atmosphere\MODTRAN\raw\audit_mwir_standard_20260906\mwir_std_flux\spectral_flux.flx,,W/(cm^2 nm),W/(m^2 sr um),W/(m^2 um),value_si=value_native*1e7 (cm^-2/nm -> m^-2/um),3018.41,3.01841,5.0,5.87767e-09,1.32081e-07,6.66743e-07,0.058776699999999994,1.32081,6.66743
mwir_std_flux,D:\HwaSimIR\HwaSim_IR\Bin\Config\Atmosphere\MODTRAN\raw\audit_mwir_standard_20260906\mwir_std_flux\spectral_flux.flx,,W/(cm^2 nm),W/(m^2 sr um),W/(m^2 um),value_si=value_native*1e7 (cm^-2/nm -> m^-2/um),3017.5,3.0175,5.0,8.25882e-09,1.43511e-07,9.15223e-07,0.0825882,1.4351099999999999,9.152230000000001
mwir_std_flux,D:\HwaSimIR\HwaSim_IR\Bin\Config\Atmosphere\MODTRAN\raw\audit_mwir_standard_20260906\mwir_std_flux\spectral_flux.flx,,W/(cm^2 nm),W/(m^2 sr um),W/(m^2 um),value_si=value_native*1e7 (cm^-2/nm -> m^-2/um),3016.59,3.0165900000000003,5.0,1.76005e-08,1.59315e-07,1.23852e-06,0.176005,1.5931499999999998,12.3852
mwir_std_flux,D:\HwaSimIR\HwaSim_IR\Bin\Config\Atmosphere\MODTRAN\raw\audit_mwir_standard_20260906\mwir_std_flux\spectral_flux.flx,,W/(cm^2 nm),W/(m^2 sr um),W/(m^2 um),value_si=value_native*1e7 (cm^-2/nm -> m^-2/um),3015.68,3.0156799999999997,5.0,2.46129e-08,1.65723e-07,1.31908e-06,0.24612900000000001,1.65723,13.190800000000001
mwir_std_flux,D:\HwaSimIR\HwaSim_IR\Bin\Config\Atmosphere\MODTRAN\raw\audit_mwir_standard_20260906\mwir_std_flux\spectral_flux.flx,,W/(cm^2 nm),W/(m^2 sr um),W/(m^2 um),value_si=value_native*1e7 (cm^-2/nm -> m^-2/um),3014.77,3.01477,5.0,1.76532e-08,1.62626e-07,1.24595e-06,0.176532,1.6262599999999998,12.459499999999998
mwir_std_flux,D:\HwaSimIR\HwaSim_IR\Bin\Config\Atmosphere\MODTRAN\raw\audit_mwir_standard_20260906\mwir_std_flux\spectral_flux.flx,,W/(cm^2 nm),W/(m^2 sr um),W/(m^2 um),value_si=value_native*1e7 (cm^-2/nm -> m^-2/um),3013.86,3.01386,5.0,1.22676e-08,1.59488e-07,1.22823e-06,0.122676,1.59488,12.2823
mwir_std_flux,D:\HwaSimIR\HwaSim_IR\Bin\Config\Atmosphere\MODTRAN\raw\audit_mwir_standard_20260906\mwir_std_flux\spectral_flux.flx,,W/(cm^2 nm),W/(m^2 sr um),W/(m^2 um),value_si=value_native*1e7 (cm^-2/nm -> m^-2/um),3012.96,3.01296,5.0,2.3753e-08,1.65064e-07,1.28993e-06,0.23753000000000002,1.65064,12.899299999999998
mwir_std_flux,D:\HwaSimIR\HwaSim_IR\Bin\Config\Atmosphere\MODTRAN\raw\audit_mwir_standard_20260906\mwir_std_flux\spectral_flux.flx,,W/(cm^2 nm),W/(m^2 sr um),W/(m^2 um),value_si=value_native*1e7 (cm^-2/nm -> m^-2/um),3012.05,3.0120500000000003,5.0,4.59667e-08,1.71526e-07,1.38198e-06,0.459667,1.71526,13.819799999999999
mwir_std_flux,D:\HwaSimIR\HwaSim_IR\Bin\Config\Atmosphere\MODTRAN\raw\audit_mwir_standard_20260906\mwir_std_flux\spectral_flux.flx,,W/(cm^2 nm),W/(m^2 sr um),W/(m^2 um),value_si=value_native*1e7 (cm^-2/nm -> m^-2/um),3011.14,3.0111399999999997,5.0,5.2795e-08,1.71291e-07,1.41617e-06,0.5279499999999999,1.71291,14.1617
mwir_std_flux,D:\HwaSimIR\HwaSim_IR\Bin\Config\Atmosphere\MODTRAN\raw\audit_mwir_standard_20260906\mwir_std_flux\spectral_flux.flx,,W/(cm^2 nm),W/(m^2 sr um),W/(m^2 um),value_si=value_native*1e7 (cm^-2/nm -> m^-2/um),3010.23,3.01023,5.0,3.25726e-08,1.63377e-07,1.25071e-06,0.325726,1.63377,12.5071
mwir_std_flux,D:\HwaSimIR\HwaSim_IR\Bin\Config\Atmosphere\MODTRAN\raw\audit_mwir_standard_20260906\mwir_std_flux\spectral_flux.flx,,W/(cm^2 nm),W/(m^2 sr um),W/(m^2 um),value_si=value_native*1e7 (cm^-2/nm -> m^-2/um),3009.33,3.00933,5.0,1.23071e-08,1.49473e-07,1.02921e-06,0.123071,1.4947300000000001,10.292100000000001
mwir_std_flux,D:\HwaSimIR\HwaSim_IR\Bin\Config\Atmosphere\MODTRAN\raw\audit_mwir_standard_20260906\mwir_std_flux\spectral_flux.flx,,W/(cm^2 nm),W/(m^2 sr um),W/(m^2 um),value_si=value_native*1e7 (cm^-2/nm -> m^-2/um),3008.42,3.00842,5.0,6.6574e-09,1.43914e-07,9.84662e-07,0.066574,1.43914,9.846620000000001
mwir_std_flux,D:\HwaSimIR\HwaSim_IR\Bin\Config\Atmosphere\MODTRAN\raw\audit_mwir_standard_20260906\mwir_std_flux\spectral_flux.flx,,W/(cm^2 nm),W/(m^2 sr um),W/(m^2 um),value_si=value_native*1e7 (cm^-2/nm -> m^-2/um),3007.52,3.00752,5.0,6.43966e-09,1.47566e-07,9.41373e-07,0.0643966,1.4756600000000002,9.41373
mwir_std_flux,D:\HwaSimIR\HwaSim_IR\Bin\Config\Atmosphere\MODTRAN\raw\audit_mwir_standard_20260906\mwir_std_flux\spectral_flux.flx,,W/(cm^2 nm),W/(m^2 sr um),W/(m^2 um),value_si=value_native*1e7 (cm^-2/nm -> m^-2/um),3006.61,3.0066100000000002,5.0,5.86022e-09,1.3026e-07,7.48954e-07,0.0586022,1.3026,7.489540000000001
mwir_std_flux,D:\HwaSimIR\HwaSim_IR\Bin\Config\Atmosphere\MODTRAN\raw\audit_mwir_standard_20260906\mwir_std_flux\spectral_flux.flx,,W/(cm^2 nm),W/(m^2 sr um),W/(m^2 um),value_si=value_native*1e7 (cm^-2/nm -> m^-2/um),3005.71,3.00571,5.0,5.59184e-09,1.14023e-07,7.13732e-07,0.0559184,1.14023,7.13732
mwir_std_flux,D:\HwaSimIR\HwaSim_IR\Bin\Config\Atmosphere\MODTRAN\raw\audit_mwir_standard_20260906\mwir_std_flux\spectral_flux.flx,,W/(cm^2 nm),W/(m^2 sr um),W/(m^2 um),value_si=value_native*1e7 (cm^-2/nm -> m^-2/um),3004.81,3.00481,5.0,6.95636e-09,1.37254e-07,1.0046e-06,0.0695636,1.3725399999999999,10.046000000000001
mwir_std_flux,D:\HwaSimIR\HwaSim_IR\Bin\Config\Atmosphere\MODTRAN\raw\audit_mwir_standard_20260906\mwir_std_flux\spectral_flux.flx,,W/(cm^2 nm),W/(m^2 sr um),W/(m^2 um),value_si=value_native*1e7 (cm^-2/nm -> m^-2/um),3003.91,3.00391,5.0,9.86343e-09,1.62626e-07,1.24208e-06,0.09863430000000001,1.6262599999999998,12.4208
mwir_std_flux,D:\HwaSimIR\HwaSim_IR\Bin\Config\Atmosphere\MODTRAN\raw\audit_mwir_standard_20260906\mwir_std_flux\spectral_flux.flx,,W/(cm^2 nm),W/(m^2 sr um),W/(m^2 um),value_si=value_native*1e7 (cm^-2/nm -> m^-2/um),3003.0,3.003,5.0,2.13464e-08,1.69959e-07,1.30452e-06,0.213464,1.69959,13.045200000000001
mwir_std_flux,D:\HwaSimIR\HwaSim_IR\Bin\Config\Atmosphere\MODTRAN\raw\audit_mwir_standard_20260906\mwir_std_flux\spectral_flux.flx,,W/(cm^2 nm),W/(m^2 sr um),W/(m^2 um),value_si=value_native*1e7 (cm^-2/nm -> m^-2/um),3002.1,3.0021,5.0,4.00135e-08,1.73149e-07,1.39944e-06,0.400135,1.7314900000000002,13.994399999999999
mwir_std_flux,D:\HwaSimIR\HwaSim_IR\Bin\Config\Atmosphere\MODTRAN\raw\audit_mwir_standard_20260906\mwir_std_flux\spectral_flux.flx,,W/(cm^2 nm),W/(m^2 sr um),W/(m^2 um),value_si=value_native*1e7 (cm^-2/nm -> m^-2/um),3001.2,3.0012,5.0,4.3697e-08,1.71322e-07,1.46327e-06,0.43696999999999997,1.71322,14.6327
mwir_std_flux,D:\HwaSimIR\HwaSim_IR\Bin\Config\Atmosphere\MODTRAN\raw\audit_mwir_standard_20260906\mwir_std_flux\spectral_flux.flx,,W/(cm^2 nm),W/(m^2 sr um),W/(m^2 um),value_si=value_native*1e7 (cm^-2/nm -> m^-2/um),3000.3,3.0003,5.0,2.79956e-08,1.67607e-07,1.41282e-06,0.279956,1.67607,14.1282
