case_id,source_file,raw_unit_radiance,raw_unit_irradiance,si_unit_radiance,si_unit_irradiance,conversion_method,wavenumber_cm1,wavelength_um,tau_los,path_thermal_native,path_thermal_W_m2_sr_um,thermal_scatter_native,thermal_scatter_W_m2_sr_um,surface_emission_native,surface_emission_W_m2_sr_um,solar_scatter_native,single_scatter_native,ground_reflected_native,ground_reflected_W_m2_sr_um,direct_reflected_native,total_radiance_native_diagnostic_only,path_radiance_excluding_surface_W_m2_sr_um
mwir_std_thermal,D:\HwaSimIR\HwaSim_IR\Bin\Config\Atmosphere\MODTRAN\raw\audit_mwir_standard_20260906\mwir_std_thermal\MODOUT2.txt,W/(cm^2 sr cm^-1),W/(cm^2 cm^-1),W/(m^2 sr um),W/(m^2 um),value_si=value_native*1e8/(wavelength_um^2),2000.0,5.0,0.83430511,2.342e-08,0.09368,0.0,0.0,0.0,0.0,,,0.0,0.0,,2.342e-08,0.09368
mwir_std_thermal,D:\HwaSimIR\HwaSim_IR\Bin\Config\Atmosphere\MODTRAN\raw\audit_mwir_standard_20260906\mwir_std_thermal\MODOUT2.txt,W/(cm^2 sr cm^-1),W/(cm^2 cm^-1),W/(m^2 sr um),W/(m^2 um),value_si=value_native*1e8/(wavelength_um^2),2001.0,4.997501249375312,0.93323725,9.6981e-09,0.0388312020981,0.0,0.0,0.0,0.0,,,0.0,0.0,,9.6981e-09,0.0388312020981
mwir_std_thermal,D:\HwaSimIR\HwaSim_IR\Bin\Config\Atmosphere\MODTRAN\raw\audit_mwir_standard_20260906\mwir_std_thermal\MODOUT2.txt,W/(cm^2 sr cm^-1),W/(cm^2 cm^-1),W/(m^2 sr um),W/(m^2 um),value_si=value_native*1e8/(wavelength_um^2),2002.0,4.995004995004995,0.95927799,5.8349e-09,0.023386302539600005,0.0,0.0,0.0,0.0,,,0.0,0.0,,5.8349e-09,0.023386302539600005
mwir_std_thermal,D:\HwaSimIR\HwaSim_IR\Bin\Config\Atmosphere\MODTRAN\raw\audit_mwir_standard_20260906\mwir_std_thermal\MODOUT2.txt,W/(cm^2 sr cm^-1),W/(cm^2 cm^-1),W/(m^2 sr um),W/(m^2 um),value_si=value_native*1e8/(wavelength_um^2),2003.0,4.992511233150275,0.94431078,7.9866e-09,0.032042311079400004,0.0,0.0,0.0,0.0,,,0.0,0.0,,7.9866e-09,0.032042311079400004
mwir_std_thermal,D:\HwaSimIR\HwaSim_IR\Bin\Config\Atmosphere\MODTRAN\raw\audit_mwir_standard_20260906\mwir_std_thermal\MODOUT2.txt,W/(cm^2 sr cm^-1),W/(cm^2 cm^-1),W/(m^2 sr um),W/(m^2 um),value_si=value_native*1e8/(wavelength_um^2),2004.0,4.990019960079841,0.96198589,5.3884e-09,0.021639900614399996,0.0,0.0,0.0,0.0,,,0.0,0.0,,5.3884e-09,0.021639900614399996
mwir_std_thermal,D:\HwaSimIR\HwaSim_IR\Bin\Config\Atmosphere\MODTRAN\raw\audit_mwir_standard_20260906\mwir_std_thermal\MODOUT2.txt,W/(cm^2 sr cm^-1),W/(cm^2 cm^-1),W/(m^2 sr um),W/(m^2 um),value_si=value_native*1e8/(wavelength_um^2),2005.0,4.987531172069826,0.96329194,5.2599e-09,0.021144929497499996,0.0,0.0,0.0,0.0,,,0.0,0.0,,5.2599e-09,0.021144929497499996
mwir_std_thermal,D:\HwaSimIR\HwaSim_IR\Bin\Config\Atmosphere\MODTRAN\raw\audit_mwir_standard_20260906\mwir_std_thermal\MODOUT2.txt,W/(cm^2 sr cm^-1),W/(cm^2 cm^-1),W/(m^2 sr um),W/(m^2 um),value_si=value_native*1e8/(wavelength_um^2),2006.0,4.985044865403789,0.90106493,1.3534e-08,0.054461303224,0.0,0.0,0.0,0.0,,,0.0,0.0,,1.3534e-08,0.054461303224
mwir_std_thermal,D:\HwaSimIR\HwaSim_IR\Bin\Config\Atmosphere\MODTRAN\raw\audit_mwir_standard_20260906\mwir_std_thermal\MODOUT2.txt,W/(cm^2 sr cm^-1),W/(cm^2 cm^-1),W/(m^2 sr um),W/(m^2 um),value_si=value_native*1e8/(wavelength_um^2),2007.0,4.9825610363726955,0.83501005,2.318e-08,0.09337017582,0.0,0.0,0.0,0.0,,,0.0,0.0,,2.318e-08,0.09337017582
mwir_std_thermal,D:\HwaSimIR\HwaSim_IR\Bin\Config\Atmosphere\MODTRAN\raw\audit_mwir_standard_20260906\mwir_std_thermal\MODOUT2.txt,W/(cm^2 sr cm^-1),W/(cm^2 cm^-1),W/(m^2 sr um),W/(m^2 um),value_si=value_native*1e8/(wavelength_um^2),2008.0,4.9800796812749,0.49811283,5.7427e-08,0.231549339328,0.0,0.0,0.0,0.0,,,0.0,0.0,,5.7427e-08,0.231549339328
mwir_std_thermal,D:\HwaSimIR\HwaSim_IR\Bin\Config\Atmosphere\MODTRAN\raw\audit_mwir_standard_20260906\mwir_std_thermal\MODOUT2.txt,W/(cm^2 sr cm^-1),W/(cm^2 cm^-1),W/(m^2 sr um),W/(m^2 um),value_si=value_native*1e8/(wavelength_um^2),2009.0,4.9776007964161275,0.57447505,4.8054e-08,0.193949836374,0.0,0.0,0.0,0.0,,,0.0,0.0,,4.8054e-08,0.193949836374
mwir_std_thermal,D:\HwaSimIR\HwaSim_IR\Bin\Config\Atmosphere\MODTRAN\raw\audit_mwir_standard_20260906\mwir_std_thermal\MODOUT2.txt,W/(cm^2 sr cm^-1),W/(cm^2 cm^-1),W/(m^2 sr um),W/(m^2 um),value_si=value_native*1e8/(wavelength_um^2),2010.0,4.975124378109452,0.85974926,1.9211e-08,0.0776143611,0.0,0.0,0.0,0.0,,,0.0,0.0,,1.9211e-08,0.0776143611
mwir_std_thermal,D:\HwaSimIR\HwaSim_IR\Bin\Config\Atmosphere\MODTRAN\raw\audit_mwir_standard_20260906\mwir_std_thermal\MODOUT2.txt,W/(cm^2 sr cm^-1),W/(cm^2 cm^-1),W/(m^2 sr um),W/(m^2 um),value_si=value_native*1e8/(wavelength_um^2),2011.0,4.972650422675286,0.93813336,8.5764e-09,0.0346839993444,0.0,0.0,0.0,0.0,,,0.0,0.0,,8.5764e-09,0.0346839993444
mwir_std_thermal,D:\HwaSimIR\HwaSim_IR\Bin\Config\Atmosphere\MODTRAN\raw\audit_mwir_standard_20260906\mwir_std_thermal\MODOUT2.txt,W/(cm^2 sr cm^-1),W/(cm^2 cm^-1),W/(m^2 sr um),W/(m^2 um),value_si=value_native*1e8/(wavelength_um^2),2012.0,4.970178926441352,0.9509241,6.6667e-09,0.0269877616048,0.0,0.0,0.0,0.0,,,0.0,0.0,,6.6667e-09,0.0269877616048
mwir_std_thermal,D:\HwaSimIR\HwaSim_IR\Bin\Config\Atmosphere\MODTRAN\raw\audit_mwir_standard_20260906\mwir_std_thermal\MODOUT2.txt,W/(cm^2 sr cm^-1),W/(cm^2 cm^-1),W/(m^2 sr um),W/(m^2 um),value_si=value_native*1e8/(wavelength_um^2),2013.0,4.967709885742672,0.94690126,7.3273e-09,0.029691457913700006,0.0,0.0,0.0,0.0,,,0.0,0.0,,7.3273e-09,0.029691457913700006
mwir_std_thermal,D:\HwaSimIR\HwaSim_IR\Bin\Config\Atmosphere\MODTRAN\raw\audit_mwir_standard_20260906\mwir_std_thermal\MODOUT2.txt,W/(cm^2 sr cm^-1),W/(cm^2 cm^-1),W/(m^2 sr um),W/(m^2 um),value_si=value_native*1e8/(wavelength_um^2),2014.0,4.965243296921549,0.92173988,1.0533e-08,0.04272391246800001,0.0,0.0,0.0,0.0,,,0.0,0.0,,1.0533e-08,0.04272391246800001
mwir_std_thermal,D:\HwaSimIR\HwaSim_IR\Bin\Config\Atmosphere\MODTRAN\raw\audit_mwir_standard_20260906\mwir_std_thermal\MODOUT2.txt,W/(cm^2 sr cm^-1),W/(cm^2 cm^-1),W/(m^2 sr um),W/(m^2 um),value_si=value_native*1e8/(wavelength_um^2),2015.0,4.962779156327543,0.8695755,1.7719e-08,0.071943126775,0.0,0.0,0.0,0.0,,,0.0,0.0,,1.7719e-08,0.071943126775
mwir_std_thermal,D:\HwaSimIR\HwaSim_IR\Bin\Config\Atmosphere\MODTRAN\raw\audit_mwir_standard_20260906\mwir_std_thermal\MODOUT2.txt,W/(cm^2 sr cm^-1),W/(cm^2 cm^-1),W/(m^2 sr um),W/(m^2 um),value_si=value_native*1e8/(wavelength_um^2),2016.0,4.9603174603174605,0.54957688,5.8022e-08,0.23581626163199998,0.0,0.0,0.0,0.0,,,0.0,0.0,,5.8022e-08,0.23581626163199998
mwir_std_thermal,D:\HwaSimIR\HwaSim_IR\Bin\Config\Atmosphere\MODTRAN\raw\audit_mwir_standard_20260906\mwir_std_thermal\MODOUT2.txt,W/(cm^2 sr cm^-1),W/(cm^2 cm^-1),W/(m^2 sr um),W/(m^2 um),value_si=value_native*1e8/(wavelength_um^2),2017.0,4.95785820525533,0.09092562,8.2885e-08,0.33720013376499997,0.0,0.0,0.0,0.0,,,0.0,0.0,,8.2885e-08,0.33720013376499997
mwir_std_thermal,D:\HwaSimIR\HwaSim_IR\Bin\Config\Atmosphere\MODTRAN\raw\audit_mwir_standard_20260906\mwir_std_thermal\MODOUT2.txt,W/(cm^2 sr cm^-1),W/(cm^2 cm^-1),W/(m^2 sr um),W/(m^2 um),value_si=value_native*1e8/(wavelength_um^2),2018.0,4.955401387512389,0.30909547,7.3207e-08,0.298122623068,0.0,0.0,0.0,0.0,,,0.0,0.0,,7.3207e-08,0.298122623068
mwir_std_thermal,D:\HwaSimIR\HwaSim_IR\Bin\Config\Atmosphere\MODTRAN\raw\audit_mwir_standard_20260906\mwir_std_thermal\MODOUT2.txt,W/(cm^2 sr cm^-1),W/(cm^2 cm^-1),W/(m^2 sr um),W/(m^2 um),value_si=value_native*1e8/(wavelength_um^2),2019.0,4.952947003467063,0.22330795,8.0315e-08,0.32739293371499995,0.0,0.0,0.0,0.0,,,0.0,0.0,,8.0315e-08,0.32739293371499995
mwir_std_thermal,D:\HwaSimIR\HwaSim_IR\Bin\Config\Atmosphere\MODTRAN\raw\audit_mwir_standard_20260906\mwir_std_thermal\MODOUT2.txt,W/(cm^2 sr cm^-1),W/(cm^2 cm^-1),W/(m^2 sr um),W/(m^2 um),value_si=value_native*1e8/(wavelength_um^2),2020.0,4.9504950495049505,0.827133,2.2954e-08,0.09366150160000002,0.0,0.0,0.0,0.0,,,0.0,0.0,,2.2954e-08,0.09366150160000002
mwir_std_thermal,D:\HwaSimIR\HwaSim_IR\Bin\Config\Atmosphere\MODTRAN\raw\audit_mwir_standard_20260906\mwir_std_thermal\MODOUT2.txt,W/(cm^2 sr cm^-1),W/(cm^2 cm^-1),W/(m^2 sr um),W/(m^2 um),value_si=value_native*1e8/(wavelength_um^2),2021.0,4.948045522018803,0.90311319,1.247e-08,0.05093297927,0.0,0.0,0.0,0.0,,,0.0,0.0,,1.247e-08,0.05093297927
mwir_std_thermal,D:\HwaSimIR\HwaSim_IR\Bin\Config\Atmosphere\MODTRAN\raw\audit_mwir_standard_20260906\mwir_std_thermal\MODOUT2.txt,W/(cm^2 sr cm^-1),W/(cm^2 cm^-1),W/(m^2 sr um),W/(m^2 um),value_si=value_native*1e8/(wavelength_um^2),2022.0,4.945598417408506,0.92383778,1.0249e-08,0.041902872516,0.0,0.0,0.0,0.0,,,0.0,0.0,,1.0249e-08,0.041902872516
mwir_std_thermal,D:\HwaSimIR\HwaSim_IR\Bin\Config\Atmosphere\MODTRAN\raw\audit_mwir_standard_20260906\mwir_std_thermal\MODOUT2.txt,W/(cm^2 sr cm^-1),W/(cm^2 cm^-1),W/(m^2 sr um),W/(m^2 um),value_si=value_native*1e8/(wavelength_um^2),2023.0,4.9431537320810675,0.48921987,5.6325e-08,0.23051169592500004,0.0,0.0,0.0,0.0,,,0.0,0.0,,5.6325e-08,0.23051169592500004
mwir_std_thermal,D:\HwaSimIR\HwaSim_IR\Bin\Config\Atmosphere\MODTRAN\raw\audit_mwir_standard_20260906\mwir_std_thermal\MODOUT2.txt,W/(cm^2 sr cm^-1),W/(cm^2 cm^-1),W/(m^2 sr um),W/(m^2 um),value_si=value_native*1e8/(wavelength_um^2),2024.0,4.940711462450593,0.92883277,9.4926e-09,0.038887157337599995,0.0,0.0,0.0,0.0,,,0.0,0.0,,9.4926e-09,0.038887157337599995
mwir_std_thermal,D:\HwaSimIR\HwaSim_IR\Bin\Config\Atmosphere\MODTRAN\raw\audit_mwir_standard_20260906\mwir_std_thermal\MODOUT2.txt,W/(cm^2 sr cm^-1),W/(cm^2 cm^-1),W/(m^2 sr um),W/(m^2 um),value_si=value_native*1e8/(wavelength_um^2),2025.0,4.938271604938271,0.94540381,6.8813e-09,0.028217630812500005,0.0,0.0,0.0,0.0,,,0.0,0.0,,6.8813e-09,0.028217630812500005
mwir_std_thermal,D:\HwaSimIR\HwaSim_IR\Bin\Config\Atmosphere\MODTRAN\raw\audit_mwir_standard_20260906\mwir_std_thermal\MODOUT2.txt,W/(cm^2 sr cm^-1),W/(cm^2 cm^-1),W/(m^2 sr um),W/(m^2 um),value_si=value_native*1e8/(wavelength_um^2),2026.0,4.935834155972359,0.8398124,2.0343e-08,0.083501423868,0.0,0.0,0.0,0.0,,,0.0,0.0,,2.0343e-08,0.083501423868
mwir_std_thermal,D:\HwaSimIR\HwaSim_IR\Bin\Config\Atmosphere\MODTRAN\raw\audit_mwir_standard_20260906\mwir_std_thermal\MODOUT2.txt,W/(cm^2 sr cm^-1),W/(cm^2 cm^-1),W/(m^2 sr um),W/(m^2 um),value_si=value_native*1e8/(wavelength_um^2),2027.0,4.93339911198816,0.38487878,6.1631e-08,0.253225076999,0.0,0.0,0.0,0.0,,,0.0,0.0,,6.1631e-08,0.253225076999
mwir_std_thermal,D:\HwaSimIR\HwaSim_IR\Bin\Config\Atmosphere\MODTRAN\raw\audit_mwir_standard_20260906\mwir_std_thermal\MODOUT2.txt,W/(cm^2 sr cm^-1),W/(cm^2 cm^-1),W/(m^2 sr um),W/(m^2 um),value_si=value_native*1e8/(wavelength_um^2),2028.0,4.930966469428008,0.93334913,8.291e-09,0.03409909214399999,0.0,0.0,0.0,0.0,,,0.0,0.0,,8.291e-09,0.03409909214399999
mwir_std_thermal,D:\HwaSimIR\HwaSim_IR\Bin\Config\Atmosphere\MODTRAN\raw\audit_mwir_standard_20260906\mwir_std_thermal\MODOUT2.txt,W/(cm^2 sr cm^-1),W/(cm^2 cm^-1),W/(m^2 sr um),W/(m^2 um),value_si=value_native*1e8/(wavelength_um^2),2029.0,4.928536224741252,0.96259344,4.5221e-09,0.018616766686100007,0.0,0.0,0.0,0.0,,,0.0,0.0,,4.5221e-09,0.018616766686100007
mwir_std_thermal,D:\HwaSimIR\HwaSim_IR\Bin\Config\Atmosphere\MODTRAN\raw\audit_mwir_standard_20260906\mwir_std_thermal\MODOUT2.txt,W/(cm^2 sr cm^-1),W/(cm^2 cm^-1),W/(m^2 sr um),W/(m^2 um),value_si=value_native*1e8/(wavelength_um^2),2030.0,4.926108374384237,0.94864911,6.4342e-09,0.026514694779999997,0.0,0.0,0.0,0.0,,,0.0,0.0,,6.4342e-09,0.026514694779999997
mwir_std_thermal,D:\HwaSimIR\HwaSim_IR\Bin\Config\Atmosphere\MODTRAN\raw\audit_mwir_standard_20260906\mwir_std_thermal\MODOUT2.txt,W/(cm^2 sr cm^-1),W/(cm^2 cm^-1),W/(m^2 sr um),W/(m^2 um),value_si=value_native*1e8/(wavelength_um^2),2031.0,4.923682914820286,0.96908766,3.648e-09,0.015047857727999998,0.0,0.0,0.0,0.0,,,0.0,0.0,,3.648e-09,0.015047857727999998
mwir_std_thermal,D:\HwaSimIR\HwaSim_IR\Bin\Config\Atmosphere\MODTRAN\raw\audit_mwir_standard_20260906\mwir_std_thermal\MODOUT2.txt,W/(cm^2 sr cm^-1),W/(cm^2 cm^-1),W/(m^2 sr um),W/(m^2 um),value_si=value_native*1e8/(wavelength_um^2),2032.0,4.921259842519685,0.96160215,4.5304e-09,0.018706130329599998,0.0,0.0,0.0,0.0,,,0.0,0.0,,4.5304e-09,0.018706130329599998
mwir_std_thermal,D:\HwaSimIR\HwaSim_IR\Bin\Config\Atmosphere\MODTRAN\raw\audit_mwir_standard_20260906\mwir_std_thermal\MODOUT2.txt,W/(cm^2 sr cm^-1),W/(cm^2 cm^-1),W/(m^2 sr um),W/(m^2 um),value_si=value_native*1e8/(wavelength_um^2),2033.0,4.918839153959666,0.97459596,3.0904e-09,0.012772898245599998,0.0,0.0,0.0,0.0,,,0.0,0.0,,3.0904e-09,0.012772898245599998
mwir_std_thermal,D:\HwaSimIR\HwaSim_IR\Bin\Config\Atmosphere\MODTRAN\raw\audit_mwir_standard_20260906\mwir_std_thermal\MODOUT2.txt,W/(cm^2 sr cm^-1),W/(cm^2 cm^-1),W/(m^2 sr um),W/(m^2 um),value_si=value_native*1e8/(wavelength_um^2),2034.0,4.916420845624385,0.81769127,2.1909e-08,0.09064095080400002,0.0,0.0,0.0,0.0,,,0.0,0.0,,2.1909e-08,0.09064095080400002
mwir_std_thermal,D:\HwaSimIR\HwaSim_IR\Bin\Config\Atmosphere\MODTRAN\raw\audit_mwir_standard_20260906\mwir_std_thermal\MODOUT2.txt,W/(cm^2 sr cm^-1),W/(cm^2 cm^-1),W/(m^2 sr um),W/(m^2 um),value_si=value_native*1e8/(wavelength_um^2),2035.0,4.914004914004914,0.94048315,6.9234e-09,0.028671357165000008,0.0,0.0,0.0,0.0,,,0.0,0.0,,6.9234e-09,0.028671357165000008
mwir_std_thermal,D:\HwaSimIR\HwaSim_IR\Bin\Config\Atmosphere\MODTRAN\raw\audit_mwir_standard_20260906\mwir_std_thermal\MODOUT2.txt,W/(cm^2 sr cm^-1),W/(cm^2 cm^-1),W/(m^2 sr um),W/(m^2 um),value_si=value_native*1e8/(wavelength_um^2),2036.0,4.911591355599215,0.97143596,3.4513e-09,0.014306660084799996,0.0,0.0,0.0,0.0,,,0.0,0.0,,3.4513e-09,0.014306660084799996
mwir_std_thermal,D:\HwaSimIR\HwaSim_IR\Bin\Config\Atmosphere\MODTRAN\raw\audit_mwir_standard_20260906\mwir_std_thermal\MODOUT2.txt,W/(cm^2 sr cm^-1),W/(cm^2 cm^-1),W/(m^2 sr um),W/(m^2 um),value_si=value_native*1e8/(wavelength_um^2),2037.0,4.909180166912126,0.8446213,1.6877e-08,0.07002890061299999,0.0,0.0,0.0,0.0,,,0.0,0.0,,1.6877e-08,0.07002890061299999
mwir_std_thermal,D:\HwaSimIR\HwaSim_IR\Bin\Config\Atmosphere\MODTRAN\raw\audit_mwir_standard_20260906\mwir_std_thermal\MODOUT2.txt,W/(cm^2 sr cm^-1),W/(cm^2 cm^-1),W/(m^2 sr um),W/(m^2 um),value_si=value_native*1e8/(wavelength_um^2),2038.0,4.906771344455349,0.72165227,2.9337e-08,0.12184958662799998,0.0,0.0,0.0,0.0,,,0.0,0.0,,2.9337e-08,0.12184958662799998
mwir_std_thermal,D:\HwaSimIR\HwaSim_IR\Bin\Config\Atmosphere\MODTRAN\raw\audit_mwir_standard_20260906\mwir_std_thermal\MODOUT2.txt,W/(cm^2 sr cm^-1),W/(cm^2 cm^-1),W/(m^2 sr um),W/(m^2 um),value_si=value_native*1e8/(wavelength_um^2),2039.0,4.904364884747425,0.94791758,6.339e-09,0.026354525619000004,0.0,0.0,0.0,0.0,,,0.0,0.0,,6.339e-09,0.026354525619000004
mwir_std_thermal,D:\HwaSimIR\HwaSim_IR\Bin\Config\Atmosphere\MODTRAN\raw\audit_mwir_standard_20260906\mwir_std_thermal\MODOUT2.txt,W/(cm^2 sr cm^-1),W/(cm^2 cm^-1),W/(m^2 sr um),W/(m^2 um),value_si=value_native*1e8/(wavelength_um^2),2040.0,4.901960784313726,0.83171272,1.9258e-08,0.08014409279999998,0.0,0.0,0.0,0.0,,,0.0,0.0,,1.9258e-08,0.08014409279999998
mwir_std_thermal,D:\HwaSimIR\HwaSim_IR\Bin\Config\Atmosphere\MODTRAN\raw\audit_mwir_standard_20260906\mwir_std_thermal\MODOUT2.txt,W/(cm^2 sr cm^-1),W/(cm^2 cm^-1),W/(m^2 sr um),W/(m^2 um),value_si=value_native*1e8/(wavelength_um^2),2041.0,4.899559039686428,0.2989361,6.3158e-08,0.263096080598,0.0,0.0,0.0,0.0,,,0.0,0.0,,6.3158e-08,0.263096080598
mwir_std_thermal,D:\HwaSimIR\HwaSim_IR\Bin\Config\Atmosphere\MODTRAN\raw\audit_mwir_standard_20260906\mwir_std_thermal\MODOUT2.txt,W/(cm^2 sr cm^-1),W/(cm^2 cm^-1),W/(m^2 sr um),W/(m^2 um),value_si=value_native*1e8/(wavelength_um^2),2042.0,4.897159647404505,0.60122478,4.5838e-08,0.191133642232,0.0,0.0,0.0,0.0,,,0.0,0.0,,4.5838e-08,0.191133642232
mwir_std_thermal,D:\HwaSimIR\HwaSim_IR\Bin\Config\Atmosphere\MODTRAN\raw\audit_mwir_standard_20260906\mwir_std_thermal\MODOUT2.txt,W/(cm^2 sr cm^-1),W/(cm^2 cm^-1),W/(m^2 sr um),W/(m^2 um),value_si=value_native*1e8/(wavelength_um^2),2043.0,4.894762604013706,0.77946877,2.3898e-08,0.09974664340199998,0.0,0.0,0.0,0.0,,,0.0,0.0,,2.3898e-08,0.09974664340199998
mwir_std_thermal,D:\HwaSimIR\HwaSim_IR\Bin\Config\Atmosphere\MODTRAN\raw\audit_mwir_standard_20260906\mwir_std_thermal\MODOUT2.txt,W/(cm^2 sr cm^-1),W/(cm^2 cm^-1),W/(m^2 sr um),W/(m^2 um),value_si=value_native*1e8/(wavelength_um^2),2044.0,4.892367906066537,0.36715832,5.7709e-08,0.24110450862399999,0.0,0.0,0.0,0.0,,,0.0,0.0,,5.7709e-08,0.24110450862399999
mwir_std_thermal,D:\HwaSimIR\HwaSim_IR\Bin\Config\Atmosphere\MODTRAN\raw\audit_mwir_standard_20260906\mwir_std_thermal\MODOUT2.txt,W/(cm^2 sr cm^-1),W/(cm^2 cm^-1),W/(m^2 sr um),W/(m^2 um),value_si=value_native*1e8/(wavelength_um^2),2045.0,4.88997555012225,0.91259795,1.0324e-08,0.04317522609999999,0.0,0.0,0.0,0.0,,,0.0,0.0,,1.0324e-08,0.04317522609999999
mwir_std_thermal,D:\HwaSimIR\HwaSim_IR\Bin\Config\Atmosphere\MODTRAN\raw\audit_mwir_standard_20260906\mwir_std_thermal\MODOUT2.txt,W/(cm^2 sr cm^-1),W/(cm^2 cm^-1),W/(m^2 sr um),W/(m^2 um),value_si=value_native*1e8/(wavelength_um^2),2046.0,4.887585532746823,0.78171408,2.1382e-08,0.08950753231199998,0.0,0.0,0.0,0.0,,,0.0,0.0,,2.1382e-08,0.08950753231199998
mwir_std_thermal,D:\HwaSimIR\HwaSim_IR\Bin\Config\Atmosphere\MODTRAN\raw\audit_mwir_standard_20260906\mwir_std_thermal\MODOUT2.txt,W/(cm^2 sr cm^-1),W/(cm^2 cm^-1),W/(m^2 sr um),W/(m^2 um),value_si=value_native*1e8/(wavelength_um^2),2047.0,4.885197850512946,0.80848557,1.9961e-08,0.08364076184899999,0.0,0.0,0.0,0.0,,,0.0,0.0,,1.9961e-08,0.08364076184899999
mwir_std_thermal,D:\HwaSimIR\HwaSim_IR\Bin\Config\Atmosphere\MODTRAN\raw\audit_mwir_standard_20260906\mwir_std_thermal\MODOUT2.txt,W/(cm^2 sr cm^-1),W/(cm^2 cm^-1),W/(m^2 sr um),W/(m^2 um),value_si=value_native*1e8/(wavelength_um^2),2048.0,4.8828125,0.84955794,1.3419e-08,0.056283365376,0.0,0.0,0.0,0.0,,,0.0,0.0,,1.3419e-08,0.056283365376
mwir_std_thermal,D:\HwaSimIR\HwaSim_IR\Bin\Config\Atmosphere\MODTRAN\raw\audit_mwir_standard_20260906\mwir_std_thermal\MODOUT2.txt,W/(cm^2 sr cm^-1),W/(cm^2 cm^-1),W/(m^2 sr um),W/(m^2 um),value_si=value_native*1e8/(wavelength_um^2),2049.0,4.880429477794046,0.76261514,2.115e-08,0.08879618115000003,0.0,0.0,0.0,0.0,,,0.0,0.0,,2.115e-08,0.08879618115000003
mwir_std_thermal,D:\HwaSimIR\HwaSim_IR\Bin\Config\Atmosphere\MODTRAN\raw\audit_mwir_standard_20260906\mwir_std_thermal\MODOUT2.txt,W/(cm^2 sr cm^-1),W/(cm^2 cm^-1),W/(m^2 sr um),W/(m^2 um),value_si=value_native*1e8/(wavelength_um^2),2050.0,4.878048780487805,0.92557788,7.6325e-09,0.032075581250000006,0.0,0.0,0.0,0.0,,,0.0,0.0,,7.6325e-09,0.032075581250000006
mwir_std_thermal,D:\HwaSimIR\HwaSim_IR\Bin\Config\Atmosphere\MODTRAN\raw\audit_mwir_standard_20260906\mwir_std_thermal\MODOUT2.txt,W/(cm^2 sr cm^-1),W/(cm^2 cm^-1),W/(m^2 sr um),W/(m^2 um),value_si=value_native*1e8/(wavelength_um^2),2051.0,4.875670404680643,0.7971366,1.7424e-08,0.07329581582400002,0.0,0.0,0.0,0.0,,,0.0,0.0,,1.7424e-08,0.07329581582400002
mwir_std_thermal,D:\HwaSimIR\HwaSim_IR\Bin\Config\Atmosphere\MODTRAN\raw\audit_mwir_standard_20260906\mwir_std_thermal\MODOUT2.txt,W/(cm^2 sr cm^-1),W/(cm^2 cm^-1),W/(m^2 sr um),W/(m^2 um),value_si=value_native*1e8/(wavelength_um^2),2052.0,4.8732943469785575,0.72930104,2.2882e-08,0.096349328928,0.0,0.0,0.0,0.0,,,0.0,0.0,,2.2882e-08,0.096349328928
mwir_std_thermal,D:\HwaSimIR\HwaSim_IR\Bin\Config\Atmosphere\MODTRAN\raw\audit_mwir_standard_20260906\mwir_std_thermal\MODOUT2.txt,W/(cm^2 sr cm^-1),W/(cm^2 cm^-1),W/(m^2 sr um),W/(m^2 um),value_si=value_native*1e8/(wavelength_um^2),2053.0,4.870920603994155,0.91449678,9.0004e-09,0.037934966923599996,0.0,0.0,0.0,0.0,,,0.0,0.0,,9.0004e-09,0.037934966923599996
mwir_std_thermal,D:\HwaSimIR\HwaSim_IR\Bin\Config\Atmosphere\MODTRAN\raw\audit_mwir_standard_20260906\mwir_std_thermal\MODOUT2.txt,W/(cm^2 sr cm^-1),W/(cm^2 cm^-1),W/(m^2 sr um),W/(m^2 um),value_si=value_native*1e8/(wavelength_um^2),2054.0,4.868549172346641,0.7336064,2.2315e-08,0.09414511054000001,0.0,0.0,0.0,0.0,,,0.0,0.0,,2.2315e-08,0.09414511054000001
mwir_std_thermal,D:\HwaSimIR\HwaSim_IR\Bin\Config\Atmosphere\MODTRAN\raw\audit_mwir_standard_20260906\mwir_std_thermal\MODOUT2.txt,W/(cm^2 sr cm^-1),W/(cm^2 cm^-1),W/(m^2 sr um),W/(m^2 um),value_si=value_native*1e8/(wavelength_um^2),2055.0,4.866180048661801,0.69096726,2.5237e-08,0.10657648192499998,0.0,0.0,0.0,0.0,,,0.0,0.0,,2.5237e-08,0.10657648192499998
mwir_std_thermal,D:\HwaSimIR\HwaSim_IR\Bin\Config\Atmosphere\MODTRAN\raw\audit_mwir_standard_20260906\mwir_std_thermal\MODOUT2.txt,W/(cm^2 sr cm^-1),W/(cm^2 cm^-1),W/(m^2 sr um),W/(m^2 um),value_si=value_native*1e8/(wavelength_um^2),2056.0,4.863813229571984,0.92353499,7.6128e-09,0.0321803409408,0.0,0.0,0.0,0.0,,,0.0,0.0,,7.6128e-09,0.0321803409408
mwir_std_thermal,D:\HwaSimIR\HwaSim_IR\Bin\Config\Atmosphere\MODTRAN\raw\audit_mwir_standard_20260906\mwir_std_thermal\MODOUT2.txt,W/(cm^2 sr cm^-1),W/(cm^2 cm^-1),W/(m^2 sr um),W/(m^2 um),value_si=value_native*1e8/(wavelength_um^2),2057.0,4.861448711716092,0.69858605,2.387e-08,0.10099991363,0.0,0.0,0.0,0.0,,,0.0,0.0,,2.387e-08,0.10099991363
mwir_std_thermal,D:\HwaSimIR\HwaSim_IR\Bin\Config\Atmosphere\MODTRAN\raw\audit_mwir_standard_20260906\mwir_std_thermal\MODOUT2.txt,W/(cm^2 sr cm^-1),W/(cm^2 cm^-1),W/(m^2 sr um),W/(m^2 um),value_si=value_native*1e8/(wavelength_um^2),2058.0,4.859086491739553,0.68542343,2.4791e-08,0.104998908924,0.0,0.0,0.0,0.0,,,0.0,0.0,,2.4791e-08,0.104998908924
mwir_std_thermal,D:\HwaSimIR\HwaSim_IR\Bin\Config\Atmosphere\MODTRAN\raw\audit_mwir_standard_20260906\mwir_std_thermal\MODOUT2.txt,W/(cm^2 sr cm^-1),W/(cm^2 cm^-1),W/(m^2 sr um),W/(m^2 um),value_si=value_native*1e8/(wavelength_um^2),2059.0,4.856726566294317,0.88876241,1.1418e-08,0.048406394058000006,0.0,0.0,0.0,0.0,,,0.0,0.0,,1.1418e-08,0.048406394058000006
mwir_std_thermal,D:\HwaSimIR\HwaSim_IR\Bin\Config\Atmosphere\MODTRAN\raw\audit_mwir_standard_20260906\mwir_std_thermal\MODOUT2.txt,W/(cm^2 sr cm^-1),W/(cm^2 cm^-1),W/(m^2 sr um),W/(m^2 um),value_si=value_native*1e8/(wavelength_um^2),2060.0,4.854368932038835,0.43127942,4.503e-08,0.19108930800000004,0.0,0.0,0.0,0.0,,,0.0,0.0,,4.503e-08,0.19108930800000004
mwir_std_thermal,D:\HwaSimIR\HwaSim_IR\Bin\Config\Atmosphere\MODTRAN\raw\audit_mwir_standard_20260906\mwir_std_thermal\MODOUT2.txt,W/(cm^2 sr cm^-1),W/(cm^2 cm^-1),W/(m^2 sr um),W/(m^2 um),value_si=value_native*1e8/(wavelength_um^2),2061.0,4.85201358563804,0.58558291,3.5416e-08,0.150437286936,0.0,0.0,0.0,0.0,,,0.0,0.0,,3.5416e-08,0.150437286936
mwir_std_thermal,D:\HwaSimIR\HwaSim_IR\Bin\Config\Atmosphere\MODTRAN\raw\audit_mwir_standard_20260906\mwir_std_thermal\MODOUT2.txt,W/(cm^2 sr cm^-1),W/(cm^2 cm^-1),W/(m^2 sr um),W/(m^2 um),value_si=value_native*1e8/(wavelength_um^2),2062.0,4.849660523763337,0.88716698,1.1143e-08,0.04737829769199999,0.0,0.0,0.0,0.0,,,0.0,0.0,,1.1143e-08,0.04737829769199999
mwir_std_thermal,D:\HwaSimIR\HwaSim_IR\Bin\Config\Atmosphere\MODTRAN\raw\audit_mwir_standard_20260906\mwir_std_thermal\MODOUT2.txt,W/(cm^2 sr cm^-1),W/(cm^2 cm^-1),W/(m^2 sr um),W/(m^2 um),value_si=value_native*1e8/(wavelength_um^2),2063.0,4.847309743092584,0.6432755,2.8107e-08,0.119622520683,0.0,0.0,0.0,0.0,,,0.0,0.0,,2.8107e-08,0.119622520683
mwir_std_thermal,D:\HwaSimIR\HwaSim_IR\Bin\Config\Atmosphere\MODTRAN\raw\audit_mwir_standard_20260906\mwir_std_thermal\MODOUT2.txt,W/(cm^2 sr cm^-1),W/(cm^2 cm^-1),W/(m^2 sr um),W/(m^2 um),value_si=value_native*1e8/(wavelength_um^2),2064.0,4.844961240310077,0.60574043,3.3953e-08,0.144643039488,0.0,0.0,0.0,0.0,,,0.0,0.0,,3.3953e-08,0.144643039488
mwir_std_thermal,D:\HwaSimIR\HwaSim_IR\Bin\Config\Atmosphere\MODTRAN\raw\audit_mwir_standard_20260906\mwir_std_thermal\MODOUT2.txt,W/(cm^2 sr cm^-1),W/(cm^2 cm^-1),W/(m^2 sr um),W/(m^2 um),value_si=value_native*1e8/(wavelength_um^2),2065.0,4.842615012106537,0.24566913,6.252e-08,0.26659934700000004,0.0,0.0,0.0,0.0,,,0.0,0.0,,6.252e-08,0.26659934700000004
mwir_std_thermal,D:\HwaSimIR\HwaSim_IR\Bin\Config\Atmosphere\MODTRAN\raw\audit_mwir_standard_20260906\mwir_std_thermal\MODOUT2.txt,W/(cm^2 sr cm^-1),W/(cm^2 cm^-1),W/(m^2 sr um),W/(m^2 um),value_si=value_native*1e8/(wavelength_um^2),2066.0,4.84027105517909,0.31871769,5.4715e-08,0.23354309853999997,0.0,0.0,0.0,0.0,,,0.0,0.0,,5.4715e-08,0.23354309853999997
mwir_std_thermal,D:\HwaSimIR\HwaSim_IR\Bin\Config\Atmosphere\MODTRAN\raw\audit_mwir_standard_20260906\mwir_std_thermal\MODOUT2.txt,W/(cm^2 sr cm^-1),W/(cm^2 cm^-1),W/(m^2 sr um),W/(m^2 um),value_si=value_native*1e8/(wavelength_um^2),2067.0,4.837929366231253,0.86973172,1.2997e-08,0.055529539532999994,0.0,0.0,0.0,0.0,,,0.0,0.0,,1.2997e-08,0.055529539532999994
mwir_std_thermal,D:\HwaSimIR\HwaSim_IR\Bin\Config\Atmosphere\MODTRAN\raw\audit_mwir_standard_20260906\mwir_std_thermal\MODOUT2.txt,W/(cm^2 sr cm^-1),W/(cm^2 cm^-1),W/(m^2 sr um),W/(m^2 um),value_si=value_native*1e8/(wavelength_um^2),2068.0,4.835589941972921,0.76531261,1.8225e-08,0.0779414724,0.0,0.0,0.0,0.0,,,0.0,0.0,,1.8225e-08,0.0779414724
mwir_std_thermal,D:\HwaSimIR\HwaSim_IR\Bin\Config\Atmosphere\MODTRAN\raw\audit_mwir_standard_20260906\mwir_std_thermal\MODOUT2.txt,W/(cm^2 sr cm^-1),W/(cm^2 cm^-1),W/(m^2 sr um),W/(m^2 um),value_si=value_native*1e8/(wavelength_um^2),2069.0,4.833252779120348,0.65405053,2.7266e-08,0.11671922942600002,0.0,0.0,0.0,0.0,,,0.0,0.0,,2.7266e-08,0.11671922942600002
mwir_std_thermal,D:\HwaSimIR\HwaSim_IR\Bin\Config\Atmosphere\MODTRAN\raw\audit_mwir_standard_20260906\mwir_std_thermal\MODOUT2.txt,W/(cm^2 sr cm^-1),W/(cm^2 cm^-1),W/(m^2 sr um),W/(m^2 um),value_si=value_native*1e8/(wavelength_um^2),2070.0,4.830917874396135,0.90523249,8.7112e-09,0.03732662088,0.0,0.0,0.0,0.0,,,0.0,0.0,,8.7112e-09,0.03732662088
mwir_std_thermal,D:\HwaSimIR\HwaSim_IR\Bin\Config\Atmosphere\MODTRAN\raw\audit_mwir_standard_20260906\mwir_std_thermal\MODOUT2.txt,W/(cm^2 sr cm^-1),W/(cm^2 cm^-1),W/(m^2 sr um),W/(m^2 um),value_si=value_native*1e8/(wavelength_um^2),2071.0,4.828585224529213,0.76414794,1.8371e-08,0.07879397221099999,0.0,0.0,0.0,0.0,,,0.0,0.0,,1.8371e-08,0.07879397221099999
mwir_std_thermal,D:\HwaSimIR\HwaSim_IR\Bin\Config\Atmosphere\MODTRAN\raw\audit_mwir_standard_20260906\mwir_std_thermal\MODOUT2.txt,W/(cm^2 sr cm^-1),W/(cm^2 cm^-1),W/(m^2 sr um),W/(m^2 um),value_si=value_native*1e8/(wavelength_um^2),2072.0,4.826254826254826,0.76470709,1.9464e-08,0.08356253337600002,0.0,0.0,0.0,0.0,,,0.0,0.0,,1.9464e-08,0.08356253337600002
mwir_std_thermal,D:\HwaSimIR\HwaSim_IR\Bin\Config\Atmosphere\MODTRAN\raw\audit_mwir_standard_20260906\mwir_std_thermal\MODOUT2.txt,W/(cm^2 sr cm^-1),W/(cm^2 cm^-1),W/(m^2 sr um),W/(m^2 um),value_si=value_native*1e8/(wavelength_um^2),2073.0,4.82392667631452,0.74618602,2.3111e-08,0.099315570519,0.0,0.0,0.0,0.0,,,0.0,0.0,,2.3111e-08,0.099315570519
mwir_std_thermal,D:\HwaSimIR\HwaSim_IR\Bin\Config\Atmosphere\MODTRAN\raw\audit_mwir_standard_20260906\mwir_std_thermal\MODOUT2.txt,W/(cm^2 sr cm^-1),W/(cm^2 cm^-1),W/(m^2 sr um),W/(m^2 um),value_si=value_native*1e8/(wavelength_um^2),2074.0,4.821600771456123,0.50606298,4.1515e-08,0.17857577614,0.0,0.0,0.0,0.0,,,0.0,0.0,,4.1515e-08,0.17857577614
mwir_std_thermal,D:\HwaSimIR\HwaSim_IR\Bin\Config\Atmosphere\MODTRAN\raw\audit_mwir_standard_20260906\mwir_std_thermal\MODOUT2.txt,W/(cm^2 sr cm^-1),W/(cm^2 cm^-1),W/(m^2 sr um),W/(m^2 um),value_si=value_native*1e8/(wavelength_um^2),2075.0,4.819277108433735,0.85117328,1.3972e-08,0.060158192499999985,0.0,0.0,0.0,0.0,,,0.0,0.0,,1.3972e-08,0.060158192499999985
mwir_std_thermal,D:\HwaSimIR\HwaSim_IR\Bin\Config\Atmosphere\MODTRAN\raw\audit_mwir_standard_20260906\mwir_std_thermal\MODOUT2.txt,W/(cm^2 sr cm^-1),W/(cm^2 cm^-1),W/(m^2 sr um),W/(m^2 um),value_si=value_native*1e8/(wavelength_um^2),2076.0,4.8169556840077075,0.84511441,1.3734e-08,0.059190463584,0.0,0.0,0.0,0.0,,,0.0,0.0,,1.3734e-08,0.059190463584
mwir_std_thermal,D:\HwaSimIR\HwaSim_IR\Bin\Config\Atmosphere\MODTRAN\raw\audit_mwir_standard_20260906\mwir_std_thermal\MODOUT2.txt,W/(cm^2 sr cm^-1),W/(cm^2 cm^-1),W/(m^2 sr um),W/(m^2 um),value_si=value_native*1e8/(wavelength_um^2),2077.0,4.814636494944632,0.07187399,4.9583e-08,0.21389754160699997,0.0,0.0,0.0,0.0,,,0.0,0.0,,4.9583e-08,0.21389754160699997
mwir_std_thermal,D:\HwaSimIR\HwaSim_IR\Bin\Config\Atmosphere\MODTRAN\raw\audit_mwir_standard_20260906\mwir_std_thermal\MODOUT2.txt,W/(cm^2 sr cm^-1),W/(cm^2 cm^-1),W/(m^2 sr um),W/(m^2 um),value_si=value_native*1e8/(wavelength_um^2),2078.0,4.8123195380173245,0.16300759,5.4336e-08,0.234627412224,0.0,0.0,0.0,0.0,,,0.0,0.0,,5.4336e-08,0.234627412224
mwir_std_thermal,D:\HwaSimIR\HwaSim_IR\Bin\Config\Atmosphere\MODTRAN\raw\audit_mwir_standard_20260906\mwir_std_thermal\MODOUT2.txt,W/(cm^2 sr cm^-1),W/(cm^2 cm^-1),W/(m^2 sr um),W/(m^2 um),value_si=value_native*1e8/(wavelength_um^2),2079.0,4.81000481000481,0.51008761,3.97e-08,0.17159296769999996,0.0,0.0,0.0,0.0,,,0.0,0.0,,3.97e-08,0.17159296769999996
mwir_std_thermal,D:\HwaSimIR\HwaSim_IR\Bin\Config\Atmosphere\MODTRAN\raw\audit_mwir_standard_20260906\mwir_std_thermal\MODOUT2.txt,W/(cm^2 sr cm^-1),W/(cm^2 cm^-1),W/(m^2 sr um),W/(m^2 um),value_si=value_native*1e8/(wavelength_um^2),2080.0,4.8076923076923075,0.87614268,1.1083e-08,0.047949491200000006,0.0,0.0,0.0,0.0,,,0.0,0.0,,1.1083e-08,0.047949491200000006
mwir_std_thermal,D:\HwaSimIR\HwaSim_IR\Bin\Config\Atmosphere\MODTRAN\raw\audit_mwir_standard_20260906\mwir_std_thermal\MODOUT2.txt,W/(cm^2 sr cm^-1),W/(cm^2 cm^-1),W/(m^2 sr um),W/(m^2 um),value_si=value_native*1e8/(wavelength_um^2),2081.0,4.805382027871215,0.83088398,1.3628e-08,0.059016885308000006,0.0,0.0,0.0,0.0,,,0.0,0.0,,1.3628e-08,0.059016885308000006
mwir_std_thermal,D:\HwaSimIR\HwaSim_IR\Bin\Config\Atmosphere\MODTRAN\raw\audit_mwir_standard_20260906\mwir_std_thermal\MODOUT2.txt,W/(cm^2 sr cm^-1),W/(cm^2 cm^-1),W/(m^2 sr um),W/(m^2 um),value_si=value_native*1e8/(wavelength_um^2),2082.0,4.803073967339097,0.61055058,3.2443e-08,0.14063145073199998,0.0,0.0,0.0,0.0,,,0.0,0.0,,3.2443e-08,0.14063145073199998
mwir_std_thermal,D:\HwaSimIR\HwaSim_IR\Bin\Config\Atmosphere\MODTRAN\raw\audit_mwir_standard_20260906\mwir_std_thermal\MODOUT2.txt,W/(cm^2 sr cm^-1),W/(cm^2 cm^-1),W/(m^2 sr um),W/(m^2 um),value_si=value_native*1e8/(wavelength_um^2),2083.0,4.800768122899664,0.94035673,5.1995e-09,0.022560053355499994,0.0,0.0,0.0,0.0,,,0.0,0.0,,5.1995e-09,0.022560053355499994
mwir_std_thermal,D:\HwaSimIR\HwaSim_IR\Bin\Config\Atmosphere\MODTRAN\raw\audit_mwir_standard_20260906\mwir_std_thermal\MODOUT2.txt,W/(cm^2 sr cm^-1),W/(cm^2 cm^-1),W/(m^2 sr um),W/(m^2 um),value_si=value_native*1e8/(wavelength_um^2),2084.0,4.798464491362764,0.85604584,1.1252e-08,0.048868066112,0.0,0.0,0.0,0.0,,,0.0,0.0,,1.1252e-08,0.048868066112
mwir_std_thermal,D:\HwaSimIR\HwaSim_IR\Bin\Config\Atmosphere\MODTRAN\raw\audit_mwir_standard_20260906\mwir_std_thermal\MODOUT2.txt,W/(cm^2 sr cm^-1),W/(cm^2 cm^-1),W/(m^2 sr um),W/(m^2 um),value_si=value_native*1e8/(wavelength_um^2),2085.0,4.796163069544365,0.86028606,1.1139e-08,0.04842373927499998,0.0,0.0,0.0,0.0,,,0.0,0.0,,1.1139e-08,0.04842373927499998
mwir_std_thermal,D:\HwaSimIR\HwaSim_IR\Bin\Config\Atmosphere\MODTRAN\raw\audit_mwir_standard_20260906\mwir_std_thermal\MODOUT2.txt,W/(cm^2 sr cm^-1),W/(cm^2 cm^-1),W/(m^2 sr um),W/(m^2 um),value_si=value_native*1e8/(wavelength_um^2),2086.0,4.793863854266539,0.82686603,1.3698e-08,0.059605422407999986,0.0,0.0,0.0,0.0,,,0.0,0.0,,1.3698e-08,0.059605422407999986
mwir_std_thermal,D:\HwaSimIR\HwaSim_IR\Bin\Config\Atmosphere\MODTRAN\raw\audit_mwir_standard_20260906\mwir_std_thermal\MODOUT2.txt,W/(cm^2 sr cm^-1),W/(cm^2 cm^-1),W/(m^2 sr um),W/(m^2 um),value_si=value_native*1e8/(wavelength_um^2),2087.0,4.791566842357451,0.68660289,2.5955e-08,0.113048793395,0.0,0.0,0.0,0.0,,,0.0,0.0,,2.5955e-08,0.113048793395
mwir_std_thermal,D:\HwaSimIR\HwaSim_IR\Bin\Config\Atmosphere\MODTRAN\raw\audit_mwir_standard_20260906\mwir_std_thermal\MODOUT2.txt,W/(cm^2 sr cm^-1),W/(cm^2 cm^-1),W/(m^2 sr um),W/(m^2 um),value_si=value_native*1e8/(wavelength_um^2),2088.0,4.789272030651341,0.90530646,8.9382e-09,0.038968263820799987,0.0,0.0,0.0,0.0,,,0.0,0.0,,8.9382e-09,0.038968263820799987
mwir_std_thermal,D:\HwaSimIR\HwaSim_IR\Bin\Config\Atmosphere\MODTRAN\raw\audit_mwir_standard_20260906\mwir_std_thermal\MODOUT2.txt,W/(cm^2 sr cm^-1),W/(cm^2 cm^-1),W/(m^2 sr um),W/(m^2 um),value_si=value_native*1e8/(wavelength_um^2),2089.0,4.786979415988511,0.85403192,1.2636e-08,0.055142505756000014,0.0,0.0,0.0,0.0,,,0.0,0.0,,1.2636e-08,0.055142505756000014
mwir_std_thermal,D:\HwaSimIR\HwaSim_IR\Bin\Config\Atmosphere\MODTRAN\raw\audit_mwir_standard_20260906\mwir_std_thermal\MODOUT2.txt,W/(cm^2 sr cm^-1),W/(cm^2 cm^-1),W/(m^2 sr um),W/(m^2 um),value_si=value_native*1e8/(wavelength_um^2),2090.0,4.784688995215311,0.32841587,5.2748e-08,0.2304085388,0.0,0.0,0.0,0.0,,,0.0,0.0,,5.2748e-08,0.2304085388
mwir_std_thermal,D:\HwaSimIR\HwaSim_IR\Bin\Config\Atmosphere\MODTRAN\raw\audit_mwir_standard_20260906\mwir_std_thermal\MODOUT2.txt,W/(cm^2 sr cm^-1),W/(cm^2 cm^-1),W/(m^2 sr um),W/(m^2 um),value_si=value_native*1e8/(wavelength_um^2),2091.0,4.782400765184122,0.78821784,1.7275e-08,0.075531154275,0.0,0.0,0.0,0.0,,,0.0,0.0,,1.7275e-08,0.075531154275
mwir_std_thermal,D:\HwaSimIR\HwaSim_IR\Bin\Config\Atmosphere\MODTRAN\raw\audit_mwir_standard_20260906\mwir_std_thermal\MODOUT2.txt,W/(cm^2 sr cm^-1),W/(cm^2 cm^-1),W/(m^2 sr um),W/(m^2 um),value_si=value_native*1e8/(wavelength_um^2),2092.0,4.780114722753346,0.91153896,7.4745e-09,0.032711880168,0.0,0.0,0.0,0.0,,,0.0,0.0,,7.4745e-09,0.032711880168
mwir_std_thermal,D:\HwaSimIR\HwaSim_IR\Bin\Config\Atmosphere\MODTRAN\raw\audit_mwir_standard_20260906\mwir_std_thermal\MODOUT2.txt,W/(cm^2 sr cm^-1),W/(cm^2 cm^-1),W/(m^2 sr um),W/(m^2 um),value_si=value_native*1e8/(wavelength_um^2),2093.0,4.777830864787386,0.82523227,1.3483e-08,0.05906429046700001,0.0,0.0,0.0,0.0,,,0.0,0.0,,1.3483e-08,0.05906429046700001
mwir_std_thermal,D:\HwaSimIR\HwaSim_IR\Bin\Config\Atmosphere\MODTRAN\raw\audit_mwir_standard_20260906\mwir_std_thermal\MODOUT2.txt,W/(cm^2 sr cm^-1),W/(cm^2 cm^-1),W/(m^2 sr um),W/(m^2 um),value_si=value_native*1e8/(wavelength_um^2),2094.0,4.775549188156638,0.76484954,1.8831e-08,0.082570846716,0.0,0.0,0.0,0.0,,,0.0,0.0,,1.8831e-08,0.082570846716
mwir_std_thermal,D:\HwaSimIR\HwaSim_IR\Bin\Config\Atmosphere\MODTRAN\raw\audit_mwir_standard_20260906\mwir_std_thermal\MODOUT2.txt,W/(cm^2 sr cm^-1),W/(cm^2 cm^-1),W/(m^2 sr um),W/(m^2 um),value_si=value_native*1e8/(wavelength_um^2),2095.0,4.77326968973747,0.7536521,1.8659e-08,0.081894817475,0.0,0.0,0.0,0.0,,,0.0,0.0,,1.8659e-08,0.081894817475
mwir_std_thermal,D:\HwaSimIR\HwaSim_IR\Bin\Config\Atmosphere\MODTRAN\raw\audit_mwir_standard_20260906\mwir_std_thermal\MODOUT2.txt,W/(cm^2 sr cm^-1),W/(cm^2 cm^-1),W/(m^2 sr um),W/(m^2 um),value_si=value_native*1e8/(wavelength_um^2),2096.0,4.770992366412214,0.94368714,4.5981e-09,0.020200446489599996,0.0,0.0,0.0,0.0,,,0.0,0.0,,4.5981e-09,0.020200446489599996
mwir_std_thermal,D:\HwaSimIR\HwaSim_IR\Bin\Config\Atmosphere\MODTRAN\raw\audit_mwir_standard_20260906\mwir_std_thermal\MODOUT2.txt,W/(cm^2 sr cm^-1),W/(cm^2 cm^-1),W/(m^2 sr um),W/(m^2 um),value_si=value_native*1e8/(wavelength_um^2),2097.0,4.768717215069146,0.79750156,1.6562e-08,0.072829887858,0.0,0.0,0.0,0.0,,,0.0,0.0,,1.6562e-08,0.072829887858
mwir_std_thermal,D:\HwaSimIR\HwaSim_IR\Bin\Config\Atmosphere\MODTRAN\raw\audit_mwir_standard_20260906\mwir_std_thermal\MODOUT2.txt,W/(cm^2 sr cm^-1),W/(cm^2 cm^-1),W/(m^2 sr um),W/(m^2 um),value_si=value_native*1e8/(wavelength_um^2),2098.0,4.7664442326024785,0.9370721,5.3124e-09,0.0233830810896,0.0,0.0,0.0,0.0,,,0.0,0.0,,5.3124e-09,0.0233830810896
mwir_std_thermal,D:\HwaSimIR\HwaSim_IR\Bin\Config\Atmosphere\MODTRAN\raw\audit_mwir_standard_20260906\mwir_std_thermal\MODOUT2.txt,W/(cm^2 sr cm^-1),W/(cm^2 cm^-1),W/(m^2 sr um),W/(m^2 um),value_si=value_native*1e8/(wavelength_um^2),2099.0,4.764173415912339,0.7636292,1.6846e-08,0.07422012364600002,0.0,0.0,0.0,0.0,,,0.0,0.0,,1.6846e-08,0.07422012364600002
mwir_std_thermal,D:\HwaSimIR\HwaSim_IR\Bin\Config\Atmosphere\MODTRAN\raw\audit_mwir_standard_20260906\mwir_std_thermal\MODOUT2.txt,W/(cm^2 sr cm^-1),W/(cm^2 cm^-1),W/(m^2 sr um),W/(m^2 um),value_si=value_native*1e8/(wavelength_um^2),2100.0,4.761904761904762,0.79568881,1.6732e-08,0.07378812,0.0,0.0,0.0,0.0,,,0.0,0.0,,1.6732e-08,0.07378812
mwir_std_thermal,D:\HwaSimIR\HwaSim_IR\Bin\Config\Atmosphere\MODTRAN\raw\audit_mwir_standard_20260906\mwir_std_thermal\MODOUT2.txt,W/(cm^2 sr cm^-1),W/(cm^2 cm^-1),W/(m^2 sr um),W/(m^2 um),value_si=value_native*1e8/(wavelength_um^2),2101.0,4.75963826749167,0.92136776,6.4409e-09,0.0284314272209,0.0,0.0,0.0,0.0,,,0.0,0.0,,6.4409e-09,0.0284314272209
mwir_std_thermal,D:\HwaSimIR\HwaSim_IR\Bin\Config\Atmosphere\MODTRAN\raw\audit_mwir_standard_20260906\mwir_std_thermal\MODOUT2.txt,W/(cm^2 sr cm^-1),W/(cm^2 cm^-1),W/(m^2 sr um),W/(m^2 um),value_si=value_native*1e8/(wavelength_um^2),2102.0,4.757373929590866,0.95018888,3.8991e-09,0.0172277990364,0.0,0.0,0.0,0.0,,,0.0,0.0,,3.8991e-09,0.0172277990364
mwir_std_thermal,D:\HwaSimIR\HwaSim_IR\Bin\Config\Atmosphere\MODTRAN\raw\audit_mwir_standard_20260906\mwir_std_thermal\MODOUT2.txt,W/(cm^2 sr cm^-1),W/(cm^2 cm^-1),W/(m^2 sr um),W/(m^2 um),value_si=value_native*1e8/(wavelength_um^2),2103.0,4.75511174512601,0.77012879,1.582e-08,0.06996567438000001,0.0,0.0,0.0,0.0,,,0.0,0.0,,1.582e-08,0.06996567438000001
mwir_std_thermal,D:\HwaSimIR\HwaSim_IR\Bin\Config\Atmosphere\MODTRAN\raw\audit_mwir_standard_20260906\mwir_std_thermal\MODOUT2.txt,W/(cm^2 sr cm^-1),W/(cm^2 cm^-1),W/(m^2 sr um),W/(m^2 um),value_si=value_native*1e8/(wavelength_um^2),2104.0,4.752851711026616,0.92586464,5.763e-09,0.025511740608000003,0.0,0.0,0.0,0.0,,,0.0,0.0,,5.763e-09,0.025511740608000003
mwir_std_thermal,D:\HwaSimIR\HwaSim_IR\Bin\Config\Atmosphere\MODTRAN\raw\audit_mwir_standard_20260906\mwir_std_thermal\MODOUT2.txt,W/(cm^2 sr cm^-1),W/(cm^2 cm^-1),W/(m^2 sr um),W/(m^2 um),value_si=value_native*1e8/(wavelength_um^2),2105.0,4.750593824228028,0.9583841,3.2373e-09,0.014344557232500001,0.0,0.0,0.0,0.0,,,0.0,0.0,,3.2373e-09,0.014344557232500001
mwir_std_thermal,D:\HwaSimIR\HwaSim_IR\Bin\Config\Atmosphere\MODTRAN\raw\audit_mwir_standard_20260906\mwir_std_thermal\MODOUT2.txt,W/(cm^2 sr cm^-1),W/(cm^2 cm^-1),W/(m^2 sr um),W/(m^2 um),value_si=value_native*1e8/(wavelength_um^2),2106.0,4.748338081671415,0.71173072,2.3931e-08,0.10613963271599999,0.0,0.0,0.0,0.0,,,0.0,0.0,,2.3931e-08,0.10613963271599999
mwir_std_thermal,D:\HwaSimIR\HwaSim_IR\Bin\Config\Atmosphere\MODTRAN\raw\audit_mwir_standard_20260906\mwir_std_thermal\MODOUT2.txt,W/(cm^2 sr cm^-1),W/(cm^2 cm^-1),W/(m^2 sr um),W/(m^2 um),value_si=value_native*1e8/(wavelength_um^2),2107.0,4.746084480303749,0.7477808,1.7284e-08,0.076731436516,0.0,0.0,0.0,0.0,,,0.0,0.0,,1.7284e-08,0.076731436516
mwir_std_thermal,D:\HwaSimIR\HwaSim_IR\Bin\Config\Atmosphere\MODTRAN\raw\audit_mwir_standard_20260906\mwir_std_thermal\MODOUT2.txt,W/(cm^2 sr cm^-1),W/(cm^2 cm^-1),W/(m^2 sr um),W/(m^2 um),value_si=value_native*1e8/(wavelength_um^2),2108.0,4.743833017077799,0.87566137,1.0156e-08,0.045129851584,0.0,0.0,0.0,0.0,,,0.0,0.0,,1.0156e-08,0.045129851584
mwir_std_thermal,D:\HwaSimIR\HwaSim_IR\Bin\Config\Atmosphere\MODTRAN\raw\audit_mwir_standard_20260906\mwir_std_thermal\MODOUT2.txt,W/(cm^2 sr cm^-1),W/(cm^2 cm^-1),W/(m^2 sr um),W/(m^2 um),value_si=value_native*1e8/(wavelength_um^2),2109.0,4.74158368895211,0.92147088,5.8121e-09,0.0258515291601,0.0,0.0,0.0,0.0,,,0.0,0.0,,5.8121e-09,0.0258515291601
mwir_std_thermal,D:\HwaSimIR\HwaSim_IR\Bin\Config\Atmosphere\MODTRAN\raw\audit_mwir_standard_20260906\mwir_std_thermal\MODOUT2.txt,W/(cm^2 sr cm^-1),W/(cm^2 cm^-1),W/(m^2 sr um),W/(m^2 um),value_si=value_native*1e8/(wavelength_um^2),2110.0,4.739336492890995,0.93144417,5.1031e-09,0.022719511510000002,0.0,0.0,0.0,0.0,,,0.0,0.0,,5.1031e-09,0.022719511510000002
mwir_std_thermal,D:\HwaSimIR\HwaSim_IR\Bin\Config\Atmosphere\MODTRAN\raw\audit_mwir_standard_20260906\mwir_std_thermal\MODOUT2.txt,W/(cm^2 sr cm^-1),W/(cm^2 cm^-1),W/(m^2 sr um),W/(m^2 um),value_si=value_native*1e8/(wavelength_um^2),2111.0,4.737091425864519,0.94721693,4.1136e-09,0.018331522065600004,0.0,0.0,0.0,0.0,,,0.0,0.0,,4.1136e-09,0.018331522065600004
mwir_std_thermal,D:\HwaSimIR\HwaSim_IR\Bin\Config\Atmosphere\MODTRAN\raw\audit_mwir_standard_20260906\mwir_std_thermal\MODOUT2.txt,W/(cm^2 sr cm^-1),W/(cm^2 cm^-1),W/(m^2 sr um),W/(m^2 um),value_si=value_native*1e8/(wavelength_um^2),2112.0,4.734848484848484,0.79884148,1.3253e-08,0.059115589632000004,0.0,0.0,0.0,0.0,,,0.0,0.0,,1.3253e-08,0.059115589632000004
mwir_std_thermal,D:\HwaSimIR\HwaSim_IR\Bin\Config\Atmosphere\MODTRAN\raw\audit_mwir_standard_20260906\mwir_std_thermal\MODOUT2.txt,W/(cm^2 sr cm^-1),W/(cm^2 cm^-1),W/(m^2 sr um),W/(m^2 um),value_si=value_native*1e8/(wavelength_um^2),2113.0,4.73260766682442,0.93996245,4.6568e-09,0.020791536279199996,0.0,0.0,0.0,0.0,,,0.0,0.0,,4.6568e-09,0.020791536279199996
mwir_std_thermal,D:\HwaSimIR\HwaSim_IR\Bin\Config\Atmosphere\MODTRAN\raw\audit_mwir_standard_20260906\mwir_std_thermal\MODOUT2.txt,W/(cm^2 sr cm^-1),W/(cm^2 cm^-1),W/(m^2 sr um),W/(m^2 um),value_si=value_native*1e8/(wavelength_um^2),2114.0,4.7303689687795645,0.85889322,1.1546e-08,0.05159902781600001,0.0,0.0,0.0,0.0,,,0.0,0.0,,1.1546e-08,0.05159902781600001
mwir_std_thermal,D:\HwaSimIR\HwaSim_IR\Bin\Config\Atmosphere\MODTRAN\raw\audit_mwir_standard_20260906\mwir_std_thermal\MODOUT2.txt,W/(cm^2 sr cm^-1),W/(cm^2 cm^-1),W/(m^2 sr um),W/(m^2 um),value_si=value_native*1e8/(wavelength_um^2),2115.0,4.7281323877068555,0.55204844,3.3985e-08,0.15202255162500003,0.0,0.0,0.0,0.0,,,0.0,0.0,,3.3985e-08,0.15202255162500003
mwir_std_thermal,D:\HwaSimIR\HwaSim_IR\Bin\Config\Atmosphere\MODTRAN\raw\audit_mwir_standard_20260906\mwir_std_thermal\MODOUT2.txt,W/(cm^2 sr cm^-1),W/(cm^2 cm^-1),W/(m^2 sr um),W/(m^2 um),value_si=value_native*1e8/(wavelength_um^2),2116.0,4.725897920604915,0.71292961,1.9438e-08,0.08703278972799999,0.0,0.0,0.0,0.0,,,0.0,0.0,,1.9438e-08,0.08703278972799999
mwir_std_thermal,D:\HwaSimIR\HwaSim_IR\Bin\Config\Atmosphere\MODTRAN\raw\audit_mwir_standard_20260906\mwir_std_thermal\MODOUT2.txt,W/(cm^2 sr cm^-1),W/(cm^2 cm^-1),W/(m^2 sr um),W/(m^2 um),value_si=value_native*1e8/(wavelength_um^2),2117.0,4.7236655644780345,0.94175029,4.2147e-09,0.0188889746283,0.0,0.0,0.0,0.0,,,0.0,0.0,,4.2147e-09,0.0188889746283
mwir_std_thermal,D:\HwaSimIR\HwaSim_IR\Bin\Config\Atmosphere\MODTRAN\raw\audit_mwir_standard_20260906\mwir_std_thermal\MODOUT2.txt,W/(cm^2 sr cm^-1),W/(cm^2 cm^-1),W/(m^2 sr um),W/(m^2 um),value_si=value_native*1e8/(wavelength_um^2),2118.0,4.721435316336166,0.92468667,5.2215e-09,0.023423252166000007,0.0,0.0,0.0,0.0,,,0.0,0.0,,5.2215e-09,0.023423252166000007
mwir_std_thermal,D:\HwaSimIR\HwaSim_IR\Bin\Config\Atmosphere\MODTRAN\raw\audit_mwir_standard_20260906\mwir_std_thermal\MODOUT2.txt,W/(cm^2 sr cm^-1),W/(cm^2 cm^-1),W/(m^2 sr um),W/(m^2 um),value_si=value_native*1e8/(wavelength_um^2),2119.0,4.719207173194904,0.9148134,6.0781e-09,0.0272916475741,0.0,0.0,0.0,0.0,,,0.0,0.0,,6.0781e-09,0.0272916475741
mwir_std_thermal,D:\HwaSimIR\HwaSim_IR\Bin\Config\Atmosphere\MODTRAN\raw\audit_mwir_standard_20260906\mwir_std_thermal\MODOUT2.txt,W/(cm^2 sr cm^-1),W/(cm^2 cm^-1),W/(m^2 sr um),W/(m^2 um),value_si=value_native*1e8/(wavelength_um^2),2120.0,4.716981132075472,0.73043936,1.6702e-08,0.0750654688,0.0,0.0,0.0,0.0,,,0.0,0.0,,1.6702e-08,0.0750654688
mwir_std_thermal,D:\HwaSimIR\HwaSim_IR\Bin\Config\Atmosphere\MODTRAN\raw\audit_mwir_standard_20260906\mwir_std_thermal\MODOUT2.txt,W/(cm^2 sr cm^-1),W/(cm^2 cm^-1),W/(m^2 sr um),W/(m^2 um),value_si=value_native*1e8/(wavelength_um^2),2121.0,4.714757190004715,0.83238852,1.2699e-08,0.057128242059,0.0,0.0,0.0,0.0,,,0.0,0.0,,1.2699e-08,0.057128242059
mwir_std_thermal,D:\HwaSimIR\HwaSim_IR\Bin\Config\Atmosphere\MODTRAN\raw\audit_mwir_standard_20260906\mwir_std_thermal\MODOUT2.txt,W/(cm^2 sr cm^-1),W/(cm^2 cm^-1),W/(m^2 sr um),W/(m^2 um),value_si=value_native*1e8/(wavelength_um^2),2122.0,4.71253534401508,0.91006464,6.7067e-09,0.030199492122799997,0.0,0.0,0.0,0.0,,,0.0,0.0,,6.7067e-09,0.030199492122799997
mwir_std_thermal,D:\HwaSimIR\HwaSim_IR\Bin\Config\Atmosphere\MODTRAN\raw\audit_mwir_standard_20260906\mwir_std_thermal\MODOUT2.txt,W/(cm^2 sr cm^-1),W/(cm^2 cm^-1),W/(m^2 sr um),W/(m^2 um),value_si=value_native*1e8/(wavelength_um^2),2123.0,4.710315591144607,0.88847893,8.0047e-09,0.0360782155063,0.0,0.0,0.0,0.0,,,0.0,0.0,,8.0047e-09,0.0360782155063
mwir_std_thermal,D:\HwaSimIR\HwaSim_IR\Bin\Config\Atmosphere\MODTRAN\raw\audit_mwir_standard_20260906\mwir_std_thermal\MODOUT2.txt,W/(cm^2 sr cm^-1),W/(cm^2 cm^-1),W/(m^2 sr um),W/(m^2 um),value_si=value_native*1e8/(wavelength_um^2),2124.0,4.708097928436912,0.68526953,2.026e-08,0.09140047776,0.0,0.0,0.0,0.0,,,0.0,0.0,,2.026e-08,0.09140047776
mwir_std_thermal,D:\HwaSimIR\HwaSim_IR\Bin\Config\Atmosphere\MODTRAN\raw\audit_mwir_standard_20260906\mwir_std_thermal\MODOUT2.txt,W/(cm^2 sr cm^-1),W/(cm^2 cm^-1),W/(m^2 sr um),W/(m^2 um),value_si=value_native*1e8/(wavelength_um^2),2125.0,4.705882352941177,0.76658744,1.7509e-08,0.07906407812499999,0.0,0.0,0.0,0.0,,,0.0,0.0,,1.7509e-08,0.07906407812499999
mwir_std_thermal,D:\HwaSimIR\HwaSim_IR\Bin\Config\Atmosphere\MODTRAN\raw\audit_mwir_standard_20260906\mwir_std_thermal\MODOUT2.txt,W/(cm^2 sr cm^-1),W/(cm^2 cm^-1),W/(m^2 sr um),W/(m^2 um),value_si=value_native*1e8/(wavelength_um^2),2126.0,4.703668861712136,0.94602829,3.7401e-09,0.016904788227599995,0.0,0.0,0.0,0.0,,,0.0,0.0,,3.7401e-09,0.016904788227599995
mwir_std_thermal,D:\HwaSimIR\HwaSim_IR\Bin\Config\Atmosphere\MODTRAN\raw\audit_mwir_standard_20260906\mwir_std_thermal\MODOUT2.txt,W/(cm^2 sr cm^-1),W/(cm^2 cm^-1),W/(m^2 sr um),W/(m^2 um),value_si=value_native*1e8/(wavelength_um^2),2127.0,4.701457451810061,0.92420965,5.2119e-09,0.0235793079351,0.0,0.0,0.0,0.0,,,0.0,0.0,,5.2119e-09,0.0235793079351
mwir_std_thermal,D:\HwaSimIR\HwaSim_IR\Bin\Config\Atmosphere\MODTRAN\raw\audit_mwir_standard_20260906\mwir_std_thermal\MODOUT2.txt,W/(cm^2 sr cm^-1),W/(cm^2 cm^-1),W/(m^2 sr um),W/(m^2 um),value_si=value_native*1e8/(wavelength_um^2),2128.0,4.6992481203007515,0.77789509,1.3327e-08,0.060349773568000004,0.0,0.0,0.0,0.0,,,0.0,0.0,,1.3327e-08,0.060349773568000004
mwir_std_thermal,D:\HwaSimIR\HwaSim_IR\Bin\Config\Atmosphere\MODTRAN\raw\audit_mwir_standard_20260906\mwir_std_thermal\MODOUT2.txt,W/(cm^2 sr cm^-1),W/(cm^2 cm^-1),W/(m^2 sr um),W/(m^2 um),value_si=value_native*1e8/(wavelength_um^2),2129.0,4.697040864255519,0.85647315,1.0035e-08,0.045485052435000006,0.0,0.0,0.0,0.0,,,0.0,0.0,,1.0035e-08,0.045485052435000006
mwir_std_thermal,D:\HwaSimIR\HwaSim_IR\Bin\Config\Atmosphere\MODTRAN\raw\audit_mwir_standard_20260906\mwir_std_thermal\MODOUT2.txt,W/(cm^2 sr cm^-1),W/(cm^2 cm^-1),W/(m^2 sr um),W/(m^2 um),value_si=value_native*1e8/(wavelength_um^2),2130.0,4.694835680751174,0.86827469,8.7765e-09,0.039818102849999995,0.0,0.0,0.0,0.0,,,0.0,0.0,,8.7765e-09,0.039818102849999995
mwir_std_thermal,D:\HwaSimIR\HwaSim_IR\Bin\Config\Atmosphere\MODTRAN\raw\audit_mwir_standard_20260906\mwir_std_thermal\MODOUT2.txt,W/(cm^2 sr cm^-1),W/(cm^2 cm^-1),W/(m^2 sr um),W/(m^2 um),value_si=value_native*1e8/(wavelength_um^2),2131.0,4.692632566870014,0.94616669,3.7776e-09,0.017154689793600002,0.0,0.0,0.0,0.0,,,0.0,0.0,,3.7776e-09,0.017154689793600002
mwir_std_thermal,D:\HwaSimIR\HwaSim_IR\Bin\Config\Atmosphere\MODTRAN\raw\audit_mwir_standard_20260906\mwir_std_thermal\MODOUT2.txt,W/(cm^2 sr cm^-1),W/(cm^2 cm^-1),W/(m^2 sr um),W/(m^2 um),value_si=value_native*1e8/(wavelength_um^2),2132.0,4.690431519699812,0.81059998,1.1445e-08,0.052022377679999995,0.0,0.0,0.0,0.0,,,0.0,0.0,,1.1445e-08,0.052022377679999995
mwir_std_thermal,D:\HwaSimIR\HwaSim_IR\Bin\Config\Atmosphere\MODTRAN\raw\audit_mwir_standard_20260906\mwir_std_thermal\MODOUT2.txt,W/(cm^2 sr cm^-1),W/(cm^2 cm^-1),W/(m^2 sr um),W/(m^2 um),value_si=value_native*1e8/(wavelength_um^2),2133.0,4.688232536333802,0.97739047,1.6312e-09,0.007421452696799998,0.0,0.0,0.0,0.0,,,0.0,0.0,,1.6312e-09,0.007421452696799998
mwir_std_thermal,D:\HwaSimIR\HwaSim_IR\Bin\Config\Atmosphere\MODTRAN\raw\audit_mwir_standard_20260906\mwir_std_thermal\MODOUT2.txt,W/(cm^2 sr cm^-1),W/(cm^2 cm^-1),W/(m^2 sr um),W/(m^2 um),value_si=value_native*1e8/(wavelength_um^2),2134.0,4.686035613870666,0.97480375,1.8161e-09,0.008270439491599998,0.0,0.0,0.0,0.0,,,0.0,0.0,,1.8161e-09,0.008270439491599998
mwir_std_thermal,D:\HwaSimIR\HwaSim_IR\Bin\Config\Atmosphere\MODTRAN\raw\audit_mwir_standard_20260906\mwir_std_thermal\MODOUT2.txt,W/(cm^2 sr cm^-1),W/(cm^2 cm^-1),W/(m^2 sr um),W/(m^2 um),value_si=value_native*1e8/(wavelength_um^2),2135.0,4.68384074941452,0.96252078,2.8043e-09,0.0127826303675,0.0,0.0,0.0,0.0,,,0.0,0.0,,2.8043e-09,0.0127826303675
mwir_std_thermal,D:\HwaSimIR\HwaSim_IR\Bin\Config\Atmosphere\MODTRAN\raw\audit_mwir_standard_20260906\mwir_std_thermal\MODOUT2.txt,W/(cm^2 sr cm^-1),W/(cm^2 cm^-1),W/(m^2 sr um),W/(m^2 um),value_si=value_native*1e8/(wavelength_um^2),2136.0,4.681647940074907,0.62736124,2.4447e-08,0.11153933971199999,0.0,0.0,0.0,0.0,,,0.0,0.0,,2.4447e-08,0.11153933971199999
mwir_std_thermal,D:\HwaSimIR\HwaSim_IR\Bin\Config\Atmosphere\MODTRAN\raw\audit_mwir_standard_20260906\mwir_std_thermal\MODOUT2.txt,W/(cm^2 sr cm^-1),W/(cm^2 cm^-1),W/(m^2 sr um),W/(m^2 um),value_si=value_native*1e8/(wavelength_um^2),2137.0,4.679457182966776,0.7006008,2.2596e-08,0.10319071232399998,0.0,0.0,0.0,0.0,,,0.0,0.0,,2.2596e-08,0.10319071232399998
mwir_std_thermal,D:\HwaSimIR\HwaSim_IR\Bin\Config\Atmosphere\MODTRAN\raw\audit_mwir_standard_20260906\mwir_std_thermal\MODOUT2.txt,W/(cm^2 sr cm^-1),W/(cm^2 cm^-1),W/(m^2 sr um),W/(m^2 um),value_si=value_native*1e8/(wavelength_um^2),2138.0,4.677268475210477,0.85478812,1.1295e-08,0.05162994198,0.0,0.0,0.0,0.0,,,0.0,0.0,,1.1295e-08,0.05162994198
mwir_std_thermal,D:\HwaSimIR\HwaSim_IR\Bin\Config\Atmosphere\MODTRAN\raw\audit_mwir_standard_20260906\mwir_std_thermal\MODOUT2.txt,W/(cm^2 sr cm^-1),W/(cm^2 cm^-1),W/(m^2 sr um),W/(m^2 um),value_si=value_native*1e8/(wavelength_um^2),2139.0,4.675081813931744,0.73905373,1.7805e-08,0.08146359040500001,0.0,0.0,0.0,0.0,,,0.0,0.0,,1.7805e-08,0.08146359040500001
mwir_std_thermal,D:\HwaSimIR\HwaSim_IR\Bin\Config\Atmosphere\MODTRAN\raw\audit_mwir_standard_20260906\mwir_std_thermal\MODOUT2.txt,W/(cm^2 sr cm^-1),W/(cm^2 cm^-1),W/(m^2 sr um),W/(m^2 um),value_si=value_native*1e8/(wavelength_um^2),2140.0,4.672897196261682,0.93596107,5.0402e-09,0.02308209992,0.0,0.0,0.0,0.0,,,0.0,0.0,,5.0402e-09,0.02308209992
mwir_std_thermal,D:\HwaSimIR\HwaSim_IR\Bin\Config\Atmosphere\MODTRAN\raw\audit_mwir_standard_20260906\mwir_std_thermal\MODOUT2.txt,W/(cm^2 sr cm^-1),W/(cm^2 cm^-1),W/(m^2 sr um),W/(m^2 um),value_si=value_native*1e8/(wavelength_um^2),2141.0,4.670714619336758,0.9735111,1.8839e-09,0.0086355734159,0.0,0.0,0.0,0.0,,,0.0,0.0,,1.8839e-09,0.0086355734159
mwir_std_thermal,D:\HwaSimIR\HwaSim_IR\Bin\Config\Atmosphere\MODTRAN\raw\audit_mwir_standard_20260906\mwir_std_thermal\MODOUT2.txt,W/(cm^2 sr cm^-1),W/(cm^2 cm^-1),W/(m^2 sr um),W/(m^2 um),value_si=value_native*1e8/(wavelength_um^2),2142.0,4.6685340802987865,0.96585226,2.5703e-09,0.011792957929200001,0.0,0.0,0.0,0.0,,,0.0,0.0,,2.5703e-09,0.011792957929200001
mwir_std_thermal,D:\HwaSimIR\HwaSim_IR\Bin\Config\Atmosphere\MODTRAN\raw\audit_mwir_standard_20260906\mwir_std_thermal\MODOUT2.txt,W/(cm^2 sr cm^-1),W/(cm^2 cm^-1),W/(m^2 sr um),W/(m^2 um),value_si=value_native*1e8/(wavelength_um^2),2143.0,4.666355576294913,0.9774226,1.5982e-09,0.007339651991800001,0.0,0.0,0.0,0.0,,,0.0,0.0,,1.5982e-09,0.007339651991800001
mwir_std_thermal,D:\HwaSimIR\HwaSim_IR\Bin\Config\Atmosphere\MODTRAN\raw\audit_mwir_standard_20260906\mwir_std_thermal\MODOUT2.txt,W/(cm^2 sr cm^-1),W/(cm^2 cm^-1),W/(m^2 sr um),W/(m^2 um),value_si=value_native*1e8/(wavelength_um^2),2144.0,4.664179104477612,0.97001386,2.128e-09,0.009781854207999999,0.0,0.0,0.0,0.0,,,0.0,0.0,,2.128e-09,0.009781854207999999
mwir_std_thermal,D:\HwaSimIR\HwaSim_IR\Bin\Config\Atmosphere\MODTRAN\raw\audit_mwir_standard_20260906\mwir_std_thermal\MODOUT2.txt,W/(cm^2 sr cm^-1),W/(cm^2 cm^-1),W/(m^2 sr um),W/(m^2 um),value_si=value_native*1e8/(wavelength_um^2),2145.0,4.662004662004662,0.79993945,1.4204e-08,0.06535295909999998,0.0,0.0,0.0,0.0,,,0.0,0.0,,1.4204e-08,0.06535295909999998
mwir_std_thermal,D:\HwaSimIR\HwaSim_IR\Bin\Config\Atmosphere\MODTRAN\raw\audit_mwir_standard_20260906\mwir_std_thermal\MODOUT2.txt,W/(cm^2 sr cm^-1),W/(cm^2 cm^-1),W/(m^2 sr um),W/(m^2 um),value_si=value_native*1e8/(wavelength_um^2),2146.0,4.659832246039143,0.94096977,4.5276e-09,0.0208510287216,0.0,0.0,0.0,0.0,,,0.0,0.0,,4.5276e-09,0.0208510287216
mwir_std_thermal,D:\HwaSimIR\HwaSim_IR\Bin\Config\Atmosphere\MODTRAN\raw\audit_mwir_standard_20260906\mwir_std_thermal\MODOUT2.txt,W/(cm^2 sr cm^-1),W/(cm^2 cm^-1),W/(m^2 sr um),W/(m^2 um),value_si=value_native*1e8/(wavelength_um^2),2147.0,4.657661853749418,0.78120661,1.439e-08,0.06633227351,0.0,0.0,0.0,0.0,,,0.0,0.0,,1.439e-08,0.06633227351
mwir_std_thermal,D:\HwaSimIR\HwaSim_IR\Bin\Config\Atmosphere\MODTRAN\raw\audit_mwir_standard_20260906\mwir_std_thermal\MODOUT2.txt,W/(cm^2 sr cm^-1),W/(cm^2 cm^-1),W/(m^2 sr um),W/(m^2 um),value_si=value_native*1e8/(wavelength_um^2),2148.0,4.655493482309125,0.93167096,5.1199e-09,0.0236227270896,0.0,0.0,0.0,0.0,,,0.0,0.0,,5.1199e-09,0.0236227270896
mwir_std_thermal,D:\HwaSimIR\HwaSim_IR\Bin\Config\Atmosphere\MODTRAN\raw\audit_mwir_standard_20260906\mwir_std_thermal\MODOUT2.txt,W/(cm^2 sr cm^-1),W/(cm^2 cm^-1),W/(m^2 sr um),W/(m^2 um),value_si=value_native*1e8/(wavelength_um^2),2149.0,4.653327128897161,0.96362311,2.5476e-09,0.011765328867600003,0.0,0.0,0.0,0.0,,,0.0,0.0,,2.5476e-09,0.011765328867600003
mwir_std_thermal,D:\HwaSimIR\HwaSim_IR\Bin\Config\Atmosphere\MODTRAN\raw\audit_mwir_standard_20260906\mwir_std_thermal\MODOUT2.txt,W/(cm^2 sr cm^-1),W/(cm^2 cm^-1),W/(m^2 sr um),W/(m^2 um),value_si=value_native*1e8/(wavelength_um^2),2150.0,4.651162790697675,0.96185189,2.5499e-09,0.01178691275,0.0,0.0,0.0,0.0,,,0.0,0.0,,2.5499e-09,0.01178691275
mwir_std_thermal,D:\HwaSimIR\HwaSim_IR\Bin\Config\Atmosphere\MODTRAN\raw\audit_mwir_standard_20260906\mwir_std_thermal\MODOUT2.txt,W/(cm^2 sr cm^-1),W/(cm^2 cm^-1),W/(m^2 sr um),W/(m^2 um),value_si=value_native*1e8/(wavelength_um^2),2151.0,4.6490004649000465,0.78396195,1.2832e-08,0.059371110432,0.0,0.0,0.0,0.0,,,0.0,0.0,,1.2832e-08,0.059371110432
mwir_std_thermal,D:\HwaSimIR\HwaSim_IR\Bin\Config\Atmosphere\MODTRAN\raw\audit_mwir_standard_20260906\mwir_std_thermal\MODOUT2.txt,W/(cm^2 sr cm^-1),W/(cm^2 cm^-1),W/(m^2 sr um),W/(m^2 um),value_si=value_native*1e8/(wavelength_um^2),2152.0,4.646840148698884,0.94862729,3.5994e-09,0.016669195737600007,0.0,0.0,0.0,0.0,,,0.0,0.0,,3.5994e-09,0.016669195737600007
mwir_std_thermal,D:\HwaSimIR\HwaSim_IR\Bin\Config\Atmosphere\MODTRAN\raw\audit_mwir_standard_20260906\mwir_std_thermal\MODOUT2.txt,W/(cm^2 sr cm^-1),W/(cm^2 cm^-1),W/(m^2 sr um),W/(m^2 um),value_si=value_native*1e8/(wavelength_um^2),2153.0,4.644681839294009,0.84136313,1.0512e-08,0.04872741940799999,0.0,0.0,0.0,0.0,,,0.0,0.0,,1.0512e-08,0.04872741940799999
mwir_std_thermal,D:\HwaSimIR\HwaSim_IR\Bin\Config\Atmosphere\MODTRAN\raw\audit_mwir_standard_20260906\mwir_std_thermal\MODOUT2.txt,W/(cm^2 sr cm^-1),W/(cm^2 cm^-1),W/(m^2 sr um),W/(m^2 um),value_si=value_native*1e8/(wavelength_um^2),2154.0,4.642525533890437,0.93864793,4.0373e-09,0.018731925406799996,0.0,0.0,0.0,0.0,,,0.0,0.0,,4.0373e-09,0.018731925406799996
mwir_std_thermal,D:\HwaSimIR\HwaSim_IR\Bin\Config\Atmosphere\MODTRAN\raw\audit_mwir_standard_20260906\mwir_std_thermal\MODOUT2.txt,W/(cm^2 sr cm^-1),W/(cm^2 cm^-1),W/(m^2 sr um),W/(m^2 um),value_si=value_native*1e8/(wavelength_um^2),2155.0,4.640371229698376,0.79476339,1.1478e-08,0.05330411895,0.0,0.0,0.0,0.0,,,0.0,0.0,,1.1478e-08,0.05330411895
mwir_std_thermal,D:\HwaSimIR\HwaSim_IR\Bin\Config\Atmosphere\MODTRAN\raw\audit_mwir_standard_20260906\mwir_std_thermal\MODOUT2.txt,W/(cm^2 sr cm^-1),W/(cm^2 cm^-1),W/(m^2 sr um),W/(m^2 um),value_si=value_native*1e8/(wavelength_um^2),2156.0,4.638218923933209,0.94960946,3.3301e-09,0.015479423713600001,0.0,0.0,0.0,0.0,,,0.0,0.0,,3.3301e-09,0.015479423713600001
mwir_std_thermal,D:\HwaSimIR\HwaSim_IR\Bin\Config\Atmosphere\MODTRAN\raw\audit_mwir_standard_20260906\mwir_std_thermal\MODOUT2.txt,W/(cm^2 sr cm^-1),W/(cm^2 cm^-1),W/(m^2 sr um),W/(m^2 um),value_si=value_native*1e8/(wavelength_um^2),2157.0,4.6360686138154845,0.89083797,7.4786e-09,0.0347953008114,0.0,0.0,0.0,0.0,,,0.0,0.0,,7.4786e-09,0.0347953008114
mwir_std_thermal,D:\HwaSimIR\HwaSim_IR\Bin\Config\Atmosphere\MODTRAN\raw\audit_mwir_standard_20260906\mwir_std_thermal\MODOUT2.txt,W/(cm^2 sr cm^-1),W/(cm^2 cm^-1),W/(m^2 sr um),W/(m^2 um),value_si=value_native*1e8/(wavelength_um^2),2158.0,4.633920296570899,0.73861355,1.4067e-08,0.06550951258799999,0.0,0.0,0.0,0.0,,,0.0,0.0,,1.4067e-08,0.06550951258799999
mwir_std_thermal,D:\HwaSimIR\HwaSim_IR\Bin\Config\Atmosphere\MODTRAN\raw\audit_mwir_standard_20260906\mwir_std_thermal\MODOUT2.txt,W/(cm^2 sr cm^-1),W/(cm^2 cm^-1),W/(m^2 sr um),W/(m^2 um),value_si=value_native*1e8/(wavelength_um^2),2159.0,4.6317739694302915,0.92433852,4.8029e-09,0.022387666514899998,0.0,0.0,0.0,0.0,,,0.0,0.0,,4.8029e-09,0.022387666514899998
mwir_std_thermal,D:\HwaSimIR\HwaSim_IR\Bin\Config\Atmosphere\MODTRAN\raw\audit_mwir_standard_20260906\mwir_std_thermal\MODOUT2.txt,W/(cm^2 sr cm^-1),W/(cm^2 cm^-1),W/(m^2 sr um),W/(m^2 um),value_si=value_native*1e8/(wavelength_um^2),2160.0,4.62962962962963,0.93971282,3.8903e-09,0.01815058368,0.0,0.0,0.0,0.0,,,0.0,0.0,,3.8903e-09,0.01815058368
mwir_std_thermal,D:\HwaSimIR\HwaSim_IR\Bin\Config\Atmosphere\MODTRAN\raw\audit_mwir_standard_20260906\mwir_std_thermal\MODOUT2.txt,W/(cm^2 sr cm^-1),W/(cm^2 cm^-1),W/(m^2 sr um),W/(m^2 um),value_si=value_native*1e8/(wavelength_um^2),2161.0,4.6274872744099955,0.91556782,5.6307e-09,0.0262949241747,0.0,0.0,0.0,0.0,,,0.0,0.0,,5.6307e-09,0.0262949241747
mwir_std_thermal,D:\HwaSimIR\HwaSim_IR\Bin\Config\Atmosphere\MODTRAN\raw\audit_mwir_standard_20260906\mwir_std_thermal\MODOUT2.txt,W/(cm^2 sr cm^-1),W/(cm^2 cm^-1),W/(m^2 sr um),W/(m^2 um),value_si=value_native*1e8/(wavelength_um^2),2162.0,4.6253469010175765,0.58865678,2.289e-08,0.10699344515999998,0.0,0.0,0.0,0.0,,,0.0,0.0,,2.289e-08,0.10699344515999998
mwir_std_thermal,D:\HwaSimIR\HwaSim_IR\Bin\Config\Atmosphere\MODTRAN\raw\audit_mwir_standard_20260906\mwir_std_thermal\MODOUT2.txt,W/(cm^2 sr cm^-1),W/(cm^2 cm^-1),W/(m^2 sr um),W/(m^2 um),value_si=value_native*1e8/(wavelength_um^2),2163.0,4.623208506703652,0.83007413,1.1505e-08,0.053826936344999986,0.0,0.0,0.0,0.0,,,0.0,0.0,,1.1505e-08,0.053826936344999986
mwir_std_thermal,D:\HwaSimIR\HwaSim_IR\Bin\Config\Atmosphere\MODTRAN\raw\audit_mwir_standard_20260906\mwir_std_thermal\MODOUT2.txt,W/(cm^2 sr cm^-1),W/(cm^2 cm^-1),W/(m^2 sr um),W/(m^2 um),value_si=value_native*1e8/(wavelength_um^2),2164.0,4.621072088724584,0.92371535,4.7862e-09,0.022413276835200002,0.0,0.0,0.0,0.0,,,0.0,0.0,,4.7862e-09,0.022413276835200002
mwir_std_thermal,D:\HwaSimIR\HwaSim_IR\Bin\Config\Atmosphere\MODTRAN\raw\audit_mwir_standard_20260906\mwir_std_thermal\MODOUT2.txt,W/(cm^2 sr cm^-1),W/(cm^2 cm^-1),W/(m^2 sr um),W/(m^2 um),value_si=value_native*1e8/(wavelength_um^2),2165.0,4.618937644341801,0.89225394,6.6762e-09,0.031292851545,0.0,0.0,0.0,0.0,,,0.0,0.0,,6.6762e-09,0.031292851545
mwir_std_thermal,D:\HwaSimIR\HwaSim_IR\Bin\Config\Atmosphere\MODTRAN\raw\audit_mwir_standard_20260906\mwir_std_thermal\MODOUT2.txt,W/(cm^2 sr cm^-1),W/(cm^2 cm^-1),W/(m^2 sr um),W/(m^2 um),value_si=value_native*1e8/(wavelength_um^2),2166.0,4.616805170821792,0.7313416,1.389e-08,0.06516571283999999,0.0,0.0,0.0,0.0,,,0.0,0.0,,1.389e-08,0.06516571283999999
mwir_std_thermal,D:\HwaSimIR\HwaSim_IR\Bin\Config\Atmosphere\MODTRAN\raw\audit_mwir_standard_20260906\mwir_std_thermal\MODOUT2.txt,W/(cm^2 sr cm^-1),W/(cm^2 cm^-1),W/(m^2 sr um),W/(m^2 um),value_si=value_native*1e8/(wavelength_um^2),2167.0,4.614674665436087,0.9117499,5.5166e-09,0.0259053412574,0.0,0.0,0.0,0.0,,,0.0,0.0,,5.5166e-09,0.0259053412574
mwir_std_thermal,D:\HwaSimIR\HwaSim_IR\Bin\Config\Atmosphere\MODTRAN\raw\audit_mwir_standard_20260906\mwir_std_thermal\MODOUT2.txt,W/(cm^2 sr cm^-1),W/(cm^2 cm^-1),W/(m^2 sr um),W/(m^2 um),value_si=value_native*1e8/(wavelength_um^2),2168.0,4.612546125461255,0.90734661,5.6536e-09,0.026573186406400003,0.0,0.0,0.0,0.0,,,0.0,0.0,,5.6536e-09,0.026573186406400003
mwir_std_thermal,D:\HwaSimIR\HwaSim_IR\Bin\Config\Atmosphere\MODTRAN\raw\audit_mwir_standard_20260906\mwir_std_thermal\MODOUT2.txt,W/(cm^2 sr cm^-1),W/(cm^2 cm^-1),W/(m^2 sr um),W/(m^2 um),value_si=value_native*1e8/(wavelength_um^2),2169.0,4.610419548178884,0.68058169,1.6345e-08,0.07689604954500001,0.0,0.0,0.0,0.0,,,0.0,0.0,,1.6345e-08,0.07689604954500001
mwir_std_thermal,D:\HwaSimIR\HwaSim_IR\Bin\Config\Atmosphere\MODTRAN\raw\audit_mwir_standard_20260906\mwir_std_thermal\MODOUT2.txt,W/(cm^2 sr cm^-1),W/(cm^2 cm^-1),W/(m^2 sr um),W/(m^2 um),value_si=value_native*1e8/(wavelength_um^2),2170.0,4.608294930875576,0.87606144,7.4559e-09,0.035109087510000005,0.0,0.0,0.0,0.0,,,0.0,0.0,,7.4559e-09,0.035109087510000005
mwir_std_thermal,D:\HwaSimIR\HwaSim_IR\Bin\Config\Atmosphere\MODTRAN\raw\audit_mwir_standard_20260906\mwir_std_thermal\MODOUT2.txt,W/(cm^2 sr cm^-1),W/(cm^2 cm^-1),W/(m^2 sr um),W/(m^2 um),value_si=value_native*1e8/(wavelength_um^2),2171.0,4.606172270842929,0.79218775,1.294e-08,0.06098933854,0.0,0.0,0.0,0.0,,,0.0,0.0,,1.294e-08,0.06098933854
mwir_std_thermal,D:\HwaSimIR\HwaSim_IR\Bin\Config\Atmosphere\MODTRAN\raw\audit_mwir_standard_20260906\mwir_std_thermal\MODOUT2.txt,W/(cm^2 sr cm^-1),W/(cm^2 cm^-1),W/(m^2 sr um),W/(m^2 um),value_si=value_native*1e8/(wavelength_um^2),2172.0,4.6040515653775325,0.83582526,9.9436e-09,0.04690976826239999,0.0,0.0,0.0,0.0,,,0.0,0.0,,9.9436e-09,0.04690976826239999
mwir_std_thermal,D:\HwaSimIR\HwaSim_IR\Bin\Config\Atmosphere\MODTRAN\raw\audit_mwir_standard_20260906\mwir_std_thermal\MODOUT2.txt,W/(cm^2 sr cm^-1),W/(cm^2 cm^-1),W/(m^2 sr um),W/(m^2 um),value_si=value_native*1e8/(wavelength_um^2),2173.0,4.601932811780948,0.65179503,1.7705e-08,0.083601752945,0.0,0.0,0.0,0.0,,,0.0,0.0,,1.7705e-08,0.083601752945
mwir_std_thermal,D:\HwaSimIR\HwaSim_IR\Bin\Config\Atmosphere\MODTRAN\raw\audit_mwir_standard_20260906\mwir_std_thermal\MODOUT2.txt,W/(cm^2 sr cm^-1),W/(cm^2 cm^-1),W/(m^2 sr um),W/(m^2 um),value_si=value_native*1e8/(wavelength_um^2),2174.0,4.599816007359705,0.88131392,7.0579e-09,0.033357583380400006,0.0,0.0,0.0,0.0,,,0.0,0.0,,7.0579e-09,0.033357583380400006
mwir_std_thermal,D:\HwaSimIR\HwaSim_IR\Bin\Config\Atmosphere\MODTRAN\raw\audit_mwir_standard_20260906\mwir_std_thermal\MODOUT2.txt,W/(cm^2 sr cm^-1),W/(cm^2 cm^-1),W/(m^2 sr um),W/(m^2 um),value_si=value_native*1e8/(wavelength_um^2),2175.0,4.597701149425287,0.82320154,1.0391e-08,0.049155924375,0.0,0.0,0.0,0.0,,,0.0,0.0,,1.0391e-08,0.049155924375
mwir_std_thermal,D:\HwaSimIR\HwaSim_IR\Bin\Config\Atmosphere\MODTRAN\raw\audit_mwir_standard_20260906\mwir_std_thermal\MODOUT2.txt,W/(cm^2 sr cm^-1),W/(cm^2 cm^-1),W/(m^2 sr um),W/(m^2 um),value_si=value_native*1e8/(wavelength_um^2),2176.0,4.595588235294118,0.63507837,1.8492e-08,0.087559176192,0.0,0.0,0.0,0.0,,,0.0,0.0,,1.8492e-08,0.087559176192
mwir_std_thermal,D:\HwaSimIR\HwaSim_IR\Bin\Config\Atmosphere\MODTRAN\raw\audit_mwir_standard_20260906\mwir_std_thermal\MODOUT2.txt,W/(cm^2 sr cm^-1),W/(cm^2 cm^-1),W/(m^2 sr um),W/(m^2 um),value_si=value_native*1e8/(wavelength_um^2),2177.0,4.593477262287552,0.7823903,1.2368e-08,0.05861602107200001,0.0,0.0,0.0,0.0,,,0.0,0.0,,1.2368e-08,0.05861602107200001
mwir_std_thermal,D:\HwaSimIR\HwaSim_IR\Bin\Config\Atmosphere\MODTRAN\raw\audit_mwir_standard_20260906\mwir_std_thermal\MODOUT2.txt,W/(cm^2 sr cm^-1),W/(cm^2 cm^-1),W/(m^2 sr um),W/(m^2 um),value_si=value_native*1e8/(wavelength_um^2),2178.0,4.591368227731864,0.7936992,1.1468e-08,0.05440056811200001,0.0,0.0,0.0,0.0,,,0.0,0.0,,1.1468e-08,0.05440056811200001
mwir_std_thermal,D:\HwaSimIR\HwaSim_IR\Bin\Config\Atmosphere\MODTRAN\raw\audit_mwir_standard_20260906\mwir_std_thermal\MODOUT2.txt,W/(cm^2 sr cm^-1),W/(cm^2 cm^-1),W/(m^2 sr um),W/(m^2 um),value_si=value_native*1e8/(wavelength_um^2),2179.0,4.5892611289582375,0.76916462,1.2672e-08,0.060167175552000005,0.0,0.0,0.0,0.0,,,0.0,0.0,,1.2672e-08,0.060167175552000005
mwir_std_thermal,D:\HwaSimIR\HwaSim_IR\Bin\Config\Atmosphere\MODTRAN\raw\audit_mwir_standard_20260906\mwir_std_thermal\MODOUT2.txt,W/(cm^2 sr cm^-1),W/(cm^2 cm^-1),W/(m^2 sr um),W/(m^2 um),value_si=value_native*1e8/(wavelength_um^2),2180.0,4.587155963302752,0.5992403,1.967e-08,0.09347970800000001,0.0,0.0,0.0,0.0,,,0.0,0.0,,1.967e-08,0.09347970800000001
mwir_std_thermal,D:\HwaSimIR\HwaSim_IR\Bin\Config\Atmosphere\MODTRAN\raw\audit_mwir_standard_20260906\mwir_std_thermal\MODOUT2.txt,W/(cm^2 sr cm^-1),W/(cm^2 cm^-1),W/(m^2 sr um),W/(m^2 um),value_si=value_native*1e8/(wavelength_um^2),2181.0,4.5850527281063735,0.73162854,1.572e-08,0.07477628291999999,0.0,0.0,0.0,0.0,,,0.0,0.0,,1.572e-08,0.07477628291999999
mwir_std_thermal,D:\HwaSimIR\HwaSim_IR\Bin\Config\Atmosphere\MODTRAN\raw\audit_mwir_standard_20260906\mwir_std_thermal\MODOUT2.txt,W/(cm^2 sr cm^-1),W/(cm^2 cm^-1),W/(m^2 sr um),W/(m^2 um),value_si=value_native*1e8/(wavelength_um^2),2182.0,4.582951420714941,0.70612073,1.5603e-08,0.07428781777199998,0.0,0.0,0.0,0.0,,,0.0,0.0,,1.5603e-08,0.07428781777199998
mwir_std_thermal,D:\HwaSimIR\HwaSim_IR\Bin\Config\Atmosphere\MODTRAN\raw\audit_mwir_standard_20260906\mwir_std_thermal\MODOUT2.txt,W/(cm^2 sr cm^-1),W/(cm^2 cm^-1),W/(m^2 sr um),W/(m^2 um),value_si=value_native*1e8/(wavelength_um^2),2183.0,4.580852038479157,0.53045726,2.2855e-08,0.10891525109500001,0.0,0.0,0.0,0.0,,,0.0,0.0,,2.2855e-08,0.10891525109500001
mwir_std_thermal,D:\HwaSimIR\HwaSim_IR\Bin\Config\Atmosphere\MODTRAN\raw\audit_mwir_standard_20260906\mwir_std_thermal\MODOUT2.txt,W/(cm^2 sr cm^-1),W/(cm^2 cm^-1),W/(m^2 sr um),W/(m^2 um),value_si=value_native*1e8/(wavelength_um^2),2184.0,4.5787545787545785,0.6476025,1.8456e-08,0.088032462336,0.0,0.0,0.0,0.0,,,0.0,0.0,,1.8456e-08,0.088032462336
mwir_std_thermal,D:\HwaSimIR\HwaSim_IR\Bin\Config\Atmosphere\MODTRAN\raw\audit_mwir_standard_20260906\mwir_std_thermal\MODOUT2.txt,W/(cm^2 sr cm^-1),W/(cm^2 cm^-1),W/(m^2 sr um),W/(m^2 um),value_si=value_native*1e8/(wavelength_um^2),2185.0,4.576659038901602,0.58366132,2.1535e-08,0.102812935375,0.0,0.0,0.0,0.0,,,0.0,0.0,,2.1535e-08,0.102812935375
mwir_std_thermal,D:\HwaSimIR\HwaSim_IR\Bin\Config\Atmosphere\MODTRAN\raw\audit_mwir_standard_20260906\mwir_std_thermal\MODOUT2.txt,W/(cm^2 sr cm^-1),W/(cm^2 cm^-1),W/(m^2 sr um),W/(m^2 um),value_si=value_native*1e8/(wavelength_um^2),2186.0,4.574565416285453,0.56275201,2.1856e-08,0.10444099417599999,0.0,0.0,0.0,0.0,,,0.0,0.0,,2.1856e-08,0.10444099417599999
mwir_std_thermal,D:\HwaSimIR\HwaSim_IR\Bin\Config\Atmosphere\MODTRAN\raw\audit_mwir_standard_20260906\mwir_std_thermal\MODOUT2.txt,W/(cm^2 sr cm^-1),W/(cm^2 cm^-1),W/(m^2 sr um),W/(m^2 um),value_si=value_native*1e8/(wavelength_um^2),2187.0,4.572473708276178,0.42183957,2.7524e-08,0.131646438756,0.0,0.0,0.0,0.0,,,0.0,0.0,,2.7524e-08,0.131646438756
mwir_std_thermal,D:\HwaSimIR\HwaSim_IR\Bin\Config\Atmosphere\MODTRAN\raw\audit_mwir_standard_20260906\mwir_std_thermal\MODOUT2.txt,W/(cm^2 sr cm^-1),W/(cm^2 cm^-1),W/(m^2 sr um),W/(m^2 um),value_si=value_native*1e8/(wavelength_um^2),2188.0,4.570383912248629,0.52653319,2.2767e-08,0.10899346084799998,0.0,0.0,0.0,0.0,,,0.0,0.0,,2.2767e-08,0.10899346084799998
mwir_std_thermal,D:\HwaSimIR\HwaSim_IR\Bin\Config\Atmosphere\MODTRAN\raw\audit_mwir_standard_20260906\mwir_std_thermal\MODOUT2.txt,W/(cm^2 sr cm^-1),W/(cm^2 cm^-1),W/(m^2 sr um),W/(m^2 um),value_si=value_native*1e8/(wavelength_um^2),2189.0,4.568296025582458,0.52092987,2.2508e-08,0.10785205626799997,0.0,0.0,0.0,0.0,,,0.0,0.0,,2.2508e-08,0.10785205626799997
mwir_std_thermal,D:\HwaSimIR\HwaSim_IR\Bin\Config\Atmosphere\MODTRAN\raw\audit_mwir_standard_20260906\mwir_std_thermal\MODOUT2.txt,W/(cm^2 sr cm^-1),W/(cm^2 cm^-1),W/(m^2 sr um),W/(m^2 um),value_si=value_native*1e8/(wavelength_um^2),2190.0,4.566210045662101,0.44985056,2.4499e-08,0.11749965389999999,0.0,0.0,0.0,0.0,,,0.0,0.0,,2.4499e-08,0.11749965389999999
mwir_std_thermal,D:\HwaSimIR\HwaSim_IR\Bin\Config\Atmosphere\MODTRAN\raw\audit_mwir_standard_20260906\mwir_std_thermal\MODOUT2.txt,W/(cm^2 sr cm^-1),W/(cm^2 cm^-1),W/(m^2 sr um),W/(m^2 um),value_si=value_native*1e8/(wavelength_um^2),2191.0,4.564125969876769,0.57668006,1.9422e-08,0.09323494198199998,0.0,0.0,0.0,0.0,,,0.0,0.0,,1.9422e-08,0.09323494198199998
mwir_std_thermal,D:\HwaSimIR\HwaSim_IR\Bin\Config\Atmosphere\MODTRAN\raw\audit_mwir_standard_20260906\mwir_std_thermal\MODOUT2.txt,W/(cm^2 sr cm^-1),W/(cm^2 cm^-1),W/(m^2 sr um),W/(m^2 um),value_si=value_native*1e8/(wavelength_um^2),2192.0,4.562043795620438,0.57611775,1.9285e-08,0.09266180224000001,0.0,0.0,0.0,0.0,,,0.0,0.0,,1.9285e-08,0.09266180224000001
mwir_std_thermal,D:\HwaSimIR\HwaSim_IR\Bin\Config\Atmosphere\MODTRAN\raw\audit_mwir_standard_20260906\mwir_std_thermal\MODOUT2.txt,W/(cm^2 sr cm^-1),W/(cm^2 cm^-1),W/(m^2 sr um),W/(m^2 um),value_si=value_native*1e8/(wavelength_um^2),2193.0,4.559963520291838,0.52536976,2.3414e-08,0.112603756086,0.0,0.0,0.0,0.0,,,0.0,0.0,,2.3414e-08,0.112603756086
mwir_std_thermal,D:\HwaSimIR\HwaSim_IR\Bin\Config\Atmosphere\MODTRAN\raw\audit_mwir_standard_20260906\mwir_std_thermal\MODOUT2.txt,W/(cm^2 sr cm^-1),W/(cm^2 cm^-1),W/(m^2 sr um),W/(m^2 um),value_si=value_native*1e8/(wavelength_um^2),2194.0,4.557885141294439,0.44552884,2.443e-08,0.11759712748000002,0.0,0.0,0.0,0.0,,,0.0,0.0,,2.443e-08,0.11759712748000002
mwir_std_thermal,D:\HwaSimIR\HwaSim_IR\Bin\Config\Atmosphere\MODTRAN\raw\audit_mwir_standard_20260906\mwir_std_thermal\MODOUT2.txt,W/(cm^2 sr cm^-1),W/(cm^2 cm^-1),W/(m^2 sr um),W/(m^2 um),value_si=value_native*1e8/(wavelength_um^2),2195.0,4.555808656036446,0.42378807,2.4769e-08,0.119337661225,0.0,0.0,0.0,0.0,,,0.0,0.0,,2.4769e-08,0.119337661225
mwir_std_thermal,D:\HwaSimIR\HwaSim_IR\Bin\Config\Atmosphere\MODTRAN\raw\audit_mwir_standard_20260906\mwir_std_thermal\MODOUT2.txt,W/(cm^2 sr cm^-1),W/(cm^2 cm^-1),W/(m^2 sr um),W/(m^2 um),value_si=value_native*1e8/(wavelength_um^2),2196.0,4.553734061930784,0.39432681,2.5607e-08,0.12348760651199996,0.0,0.0,0.0,0.0,,,0.0,0.0,,2.5607e-08,0.12348760651199996
mwir_std_thermal,D:\HwaSimIR\HwaSim_IR\Bin\Config\Atmosphere\MODTRAN\raw\audit_mwir_standard_20260906\mwir_std_thermal\MODOUT2.txt,W/(cm^2 sr cm^-1),W/(cm^2 cm^-1),W/(m^2 sr um),W/(m^2 um),value_si=value_native*1e8/(wavelength_um^2),2197.0,4.551661356395084,0.32628128,2.7547e-08,0.13296410752299997,0.0,0.0,0.0,0.0,,,0.0,0.0,,2.7547e-08,0.13296410752299997
mwir_std_thermal,D:\HwaSimIR\HwaSim_IR\Bin\Config\Atmosphere\MODTRAN\raw\audit_mwir_standard_20260906\mwir_std_thermal\MODOUT2.txt,W/(cm^2 sr cm^-1),W/(cm^2 cm^-1),W/(m^2 sr um),W/(m^2 um),value_si=value_native*1e8/(wavelength_um^2),2198.0,4.549590536851683,0.36653826,2.5996e-08,0.125591979184,0.0,0.0,0.0,0.0,,,0.0,0.0,,2.5996e-08,0.125591979184
mwir_std_thermal,D:\HwaSimIR\HwaSim_IR\Bin\Config\Atmosphere\MODTRAN\raw\audit_mwir_standard_20260906\mwir_std_thermal\MODOUT2.txt,W/(cm^2 sr cm^-1),W/(cm^2 cm^-1),W/(m^2 sr um),W/(m^2 um),value_si=value_native*1e8/(wavelength_um^2),2199.0,4.547521600727603,0.35546145,2.6268e-08,0.12702156706800002,0.0,0.0,0.0,0.0,,,0.0,0.0,,2.6268e-08,0.12702156706800002
mwir_std_thermal,D:\HwaSimIR\HwaSim_IR\Bin\Config\Atmosphere\MODTRAN\raw\audit_mwir_standard_20260906\mwir_std_thermal\MODOUT2.txt,W/(cm^2 sr cm^-1),W/(cm^2 cm^-1),W/(m^2 sr um),W/(m^2 um),value_si=value_native*1e8/(wavelength_um^2),2200.0,4.545454545454546,0.30799451,2.8042e-08,0.13572327999999997,0.0,0.0,0.0,0.0,,,0.0,0.0,,2.8042e-08,0.13572327999999997
mwir_std_thermal,D:\HwaSimIR\HwaSim_IR\Bin\Config\Atmosphere\MODTRAN\raw\audit_mwir_standard_20260906\mwir_std_thermal\MODOUT2.txt,W/(cm^2 sr cm^-1),W/(cm^2 cm^-1),W/(m^2 sr um),W/(m^2 um),value_si=value_native*1e8/(wavelength_um^2),2201.0,4.543389368468878,0.39274672,2.4674e-08,0.11953075027399998,0.0,0.0,0.0,0.0,,,0.0,0.0,,2.4674e-08,0.11953075027399998
mwir_std_thermal,D:\HwaSimIR\HwaSim_IR\Bin\Config\Atmosphere\MODTRAN\raw\audit_mwir_standard_20260906\mwir_std_thermal\MODOUT2.txt,W/(cm^2 sr cm^-1),W/(cm^2 cm^-1),W/(m^2 sr um),W/(m^2 um),value_si=value_native*1e8/(wavelength_um^2),2202.0,4.541326067211626,0.37743521,2.4904e-08,0.12075461481599997,0.0,0.0,0.0,0.0,,,0.0,0.0,,2.4904e-08,0.12075461481599997
mwir_std_thermal,D:\HwaSimIR\HwaSim_IR\Bin\Config\Atmosphere\MODTRAN\raw\audit_mwir_standard_20260906\mwir_std_thermal\MODOUT2.txt,W/(cm^2 sr cm^-1),W/(cm^2 cm^-1),W/(m^2 sr um),W/(m^2 um),value_si=value_native*1e8/(wavelength_um^2),2203.0,4.5392646391284615,0.29978666,2.7207e-08,0.13204125726299998,0.0,0.0,0.0,0.0,,,0.0,0.0,,2.7207e-08,0.13204125726299998
mwir_std_thermal,D:\HwaSimIR\HwaSim_IR\Bin\Config\Atmosphere\MODTRAN\raw\audit_mwir_standard_20260906\mwir_std_thermal\MODOUT2.txt,W/(cm^2 sr cm^-1),W/(cm^2 cm^-1),W/(m^2 sr um),W/(m^2 um),value_si=value_native*1e8/(wavelength_um^2),2204.0,4.537205081669692,0.28122109,2.7465e-08,0.13341442344,0.0,0.0,0.0,0.0,,,0.0,0.0,,2.7465e-08,0.13341442344
mwir_std_thermal,D:\HwaSimIR\HwaSim_IR\Bin\Config\Atmosphere\MODTRAN\raw\audit_mwir_standard_20260906\mwir_std_thermal\MODOUT2.txt,W/(cm^2 sr cm^-1),W/(cm^2 cm^-1),W/(m^2 sr um),W/(m^2 um),value_si=value_native*1e8/(wavelength_um^2),2205.0,4.535147392290249,0.26273477,2.7997e-08,0.136122113925,0.0,0.0,0.0,0.0,,,0.0,0.0,,2.7997e-08,0.136122113925
mwir_std_thermal,D:\HwaSimIR\HwaSim_IR\Bin\Config\Atmosphere\MODTRAN\raw\audit_mwir_standard_20260906\mwir_std_thermal\MODOUT2.txt,W/(cm^2 sr cm^-1),W/(cm^2 cm^-1),W/(m^2 sr um),W/(m^2 um),value_si=value_native*1e8/(wavelength_um^2),2206.0,4.533091568449683,0.26282787,2.7596e-08,0.134294167856,0.0,0.0,0.0,0.0,,,0.0,0.0,,2.7596e-08,0.134294167856
mwir_std_thermal,D:\HwaSimIR\HwaSim_IR\Bin\Config\Atmosphere\MODTRAN\raw\audit_mwir_standard_20260906\mwir_std_thermal\MODOUT2.txt,W/(cm^2 sr cm^-1),W/(cm^2 cm^-1),W/(m^2 sr um),W/(m^2 um),value_si=value_native*1e8/(wavelength_um^2),2207.0,4.531037607612143,0.2722182,2.7175e-08,0.132365321575,0.0,0.0,0.0,0.0,,,0.0,0.0,,2.7175e-08,0.132365321575
mwir_std_thermal,D:\HwaSimIR\HwaSim_IR\Bin\Config\Atmosphere\MODTRAN\raw\audit_mwir_standard_20260906\mwir_std_thermal\MODOUT2.txt,W/(cm^2 sr cm^-1),W/(cm^2 cm^-1),W/(m^2 sr um),W/(m^2 um),value_si=value_native*1e8/(wavelength_um^2),2208.0,4.528985507246377,0.27513054,2.6637e-08,0.129862407168,0.0,0.0,0.0,0.0,,,0.0,0.0,,2.6637e-08,0.129862407168
mwir_std_thermal,D:\HwaSimIR\HwaSim_IR\Bin\Config\Atmosphere\MODTRAN\raw\audit_mwir_standard_20260906\mwir_std_thermal\MODOUT2.txt,W/(cm^2 sr cm^-1),W/(cm^2 cm^-1),W/(m^2 sr um),W/(m^2 um),value_si=value_native*1e8/(wavelength_um^2),2209.0,4.526935264825713,0.24906318,2.7629e-08,0.13482070634899995,0.0,0.0,0.0,0.0,,,0.0,0.0,,2.7629e-08,0.13482070634899995
mwir_std_thermal,D:\HwaSimIR\HwaSim_IR\Bin\Config\Atmosphere\MODTRAN\raw\audit_mwir_standard_20260906\mwir_std_thermal\MODOUT2.txt,W/(cm^2 sr cm^-1),W/(cm^2 cm^-1),W/(m^2 sr um),W/(m^2 um),value_si=value_native*1e8/(wavelength_um^2),2210.0,4.524886877828054,0.25600037,2.5692e-08,0.1254822972,0.0,0.0,0.0,0.0,,,0.0,0.0,,2.5692e-08,0.1254822972
mwir_std_thermal,D:\HwaSimIR\HwaSim_IR\Bin\Config\Atmosphere\MODTRAN\raw\audit_mwir_standard_20260906\mwir_std_thermal\MODOUT2.txt,W/(cm^2 sr cm^-1),W/(cm^2 cm^-1),W/(m^2 sr um),W/(m^2 um),value_si=value_native*1e8/(wavelength_um^2),2211.0,4.522840343735866,0.22962613,2.723e-08,0.13311442683000002,0.0,0.0,0.0,0.0,,,0.0,0.0,,2.723e-08,0.13311442683000002
mwir_std_thermal,D:\HwaSimIR\HwaSim_IR\Bin\Config\Atmosphere\MODTRAN\raw\audit_mwir_standard_20260906\mwir_std_thermal\MODOUT2.txt,W/(cm^2 sr cm^-1),W/(cm^2 cm^-1),W/(m^2 sr um),W/(m^2 um),value_si=value_native*1e8/(wavelength_um^2),2212.0,4.520795660036167,0.2364094,2.739e-08,0.13401773615999996,0.0,0.0,0.0,0.0,,,0.0,0.0,,2.739e-08,0.13401773615999996
mwir_std_thermal,D:\HwaSimIR\HwaSim_IR\Bin\Config\Atmosphere\MODTRAN\raw\audit_mwir_standard_20260906\mwir_std_thermal\MODOUT2.txt,W/(cm^2 sr cm^-1),W/(cm^2 cm^-1),W/(m^2 sr um),W/(m^2 um),value_si=value_native*1e8/(wavelength_um^2),2213.0,4.518752824220515,0.22149923,2.7626e-08,0.135294715994,0.0,0.0,0.0,0.0,,,0.0,0.0,,2.7626e-08,0.135294715994
mwir_std_thermal,D:\HwaSimIR\HwaSim_IR\Bin\Config\Atmosphere\MODTRAN\raw\audit_mwir_standard_20260906\mwir_std_thermal\MODOUT2.txt,W/(cm^2 sr cm^-1),W/(cm^2 cm^-1),W/(m^2 sr um),W/(m^2 um),value_si=value_native*1e8/(wavelength_um^2),2214.0,4.5167118337850045,0.20384905,2.7978e-08,0.137142448488,0.0,0.0,0.0,0.0,,,0.0,0.0,,2.7978e-08,0.137142448488
mwir_std_thermal,D:\HwaSimIR\HwaSim_IR\Bin\Config\Atmosphere\MODTRAN\raw\audit_mwir_standard_20260906\mwir_std_thermal\MODOUT2.txt,W/(cm^2 sr cm^-1),W/(cm^2 cm^-1),W/(m^2 sr um),W/(m^2 um),value_si=value_native*1e8/(wavelength_um^2),2215.0,4.514672686230249,0.25857905,2.664e-08,0.13070183399999996,0.0,0.0,0.0,0.0,,,0.0,0.0,,2.664e-08,0.13070183399999996
mwir_std_thermal,D:\HwaSimIR\HwaSim_IR\Bin\Config\Atmosphere\MODTRAN\raw\audit_mwir_standard_20260906\mwir_std_thermal\MODOUT2.txt,W/(cm^2 sr cm^-1),W/(cm^2 cm^-1),W/(m^2 sr um),W/(m^2 um),value_si=value_native*1e8/(wavelength_um^2),2216.0,4.512635379061372,0.2772865,2.6201e-08,0.12866409785599997,0.0,0.0,0.0,0.0,,,0.0,0.0,,2.6201e-08,0.12866409785599997
mwir_std_thermal,D:\HwaSimIR\HwaSim_IR\Bin\Config\Atmosphere\MODTRAN\raw\audit_mwir_standard_20260906\mwir_std_thermal\MODOUT2.txt,W/(cm^2 sr cm^-1),W/(cm^2 cm^-1),W/(m^2 sr um),W/(m^2 um),value_si=value_native*1e8/(wavelength_um^2),2217.0,4.510599909788001,0.26036099,2.6538e-08,0.13043663188200003,0.0,0.0,0.0,0.0,,,0.0,0.0,,2.6538e-08,0.13043663188200003
mwir_std_thermal,D:\HwaSimIR\HwaSim_IR\Bin\Config\Atmosphere\MODTRAN\raw\audit_mwir_standard_20260906\mwir_std_thermal\MODOUT2.txt,W/(cm^2 sr cm^-1),W/(cm^2 cm^-1),W/(m^2 sr um),W/(m^2 um),value_si=value_native*1e8/(wavelength_um^2),2218.0,4.508566275924256,0.19960247,2.7568e-08,0.135621437632,0.0,0.0,0.0,0.0,,,0.0,0.0,,2.7568e-08,0.135621437632
mwir_std_thermal,D:\HwaSimIR\HwaSim_IR\Bin\Config\Atmosphere\MODTRAN\raw\audit_mwir_standard_20260906\mwir_std_thermal\MODOUT2.txt,W/(cm^2 sr cm^-1),W/(cm^2 cm^-1),W/(m^2 sr um),W/(m^2 um),value_si=value_native*1e8/(wavelength_um^2),2219.0,4.506534474988734,0.17930321,2.6931e-08,0.132607193691,0.0,0.0,0.0,0.0,,,0.0,0.0,,2.6931e-08,0.132607193691
mwir_std_thermal,D:\HwaSimIR\HwaSim_IR\Bin\Config\Atmosphere\MODTRAN\raw\audit_mwir_standard_20260906\mwir_std_thermal\MODOUT2.txt,W/(cm^2 sr cm^-1),W/(cm^2 cm^-1),W/(m^2 sr um),W/(m^2 um),value_si=value_native*1e8/(wavelength_um^2),2220.0,4.504504504504505,0.2196836,2.7761e-08,0.13681731239999997,0.0,0.0,0.0,0.0,,,0.0,0.0,,2.7761e-08,0.13681731239999997
mwir_std_thermal,D:\HwaSimIR\HwaSim_IR\Bin\Config\Atmosphere\MODTRAN\raw\audit_mwir_standard_20260906\mwir_std_thermal\MODOUT2.txt,W/(cm^2 sr cm^-1),W/(cm^2 cm^-1),W/(m^2 sr um),W/(m^2 um),value_si=value_native*1e8/(wavelength_um^2),2221.0,4.5024763619991,0.31020796,2.5421e-08,0.12539775106099998,0.0,0.0,0.0,0.0,,,0.0,0.0,,2.5421e-08,0.12539775106099998
mwir_std_thermal,D:\HwaSimIR\HwaSim_IR\Bin\Config\Atmosphere\MODTRAN\raw\audit_mwir_standard_20260906\mwir_std_thermal\MODOUT2.txt,W/(cm^2 sr cm^-1),W/(cm^2 cm^-1),W/(m^2 sr um),W/(m^2 um),value_si=value_native*1e8/(wavelength_um^2),2222.0,4.5004500450045,0.39263356,2.3858e-08,0.117793721672,0.0,0.0,0.0,0.0,,,0.0,0.0,,2.3858e-08,0.117793721672
mwir_std_thermal,D:\HwaSimIR\HwaSim_IR\Bin\Config\Atmosphere\MODTRAN\raw\audit_mwir_standard_20260906\mwir_std_thermal\MODOUT2.txt,W/(cm^2 sr cm^-1),W/(cm^2 cm^-1),W/(m^2 sr um),W/(m^2 um),value_si=value_native*1e8/(wavelength_um^2),2223.0,4.49842555105713,0.39255041,2.4105e-08,0.11912037754500002,0.0,0.0,0.0,0.0,,,0.0,0.0,,2.4105e-08,0.11912037754500002
mwir_std_thermal,D:\HwaSimIR\HwaSim_IR\Bin\Config\Atmosphere\MODTRAN\raw\audit_mwir_standard_20260906\mwir_std_thermal\MODOUT2.txt,W/(cm^2 sr cm^-1),W/(cm^2 cm^-1),W/(m^2 sr um),W/(m^2 um),value_si=value_native*1e8/(wavelength_um^2),2224.0,4.496402877697841,0.51056379,2.1546e-08,0.10657030809600002,0.0,0.0,0.0,0.0,,,0.0,0.0,,2.1546e-08,0.10657030809600002
mwir_std_thermal,D:\HwaSimIR\HwaSim_IR\Bin\Config\Atmosphere\MODTRAN\raw\audit_mwir_standard_20260906\mwir_std_thermal\MODOUT2.txt,W/(cm^2 sr cm^-1),W/(cm^2 cm^-1),W/(m^2 sr um),W/(m^2 um),value_si=value_native*1e8/(wavelength_um^2),2225.0,4.49438202247191,0.28897601,2.5944e-08,0.128439015,0.0,0.0,0.0,0.0,,,0.0,0.0,,2.5944e-08,0.128439015
mwir_std_thermal,D:\HwaSimIR\HwaSim_IR\Bin\Config\Atmosphere\MODTRAN\raw\audit_mwir_standard_20260906\mwir_std_thermal\MODOUT2.txt,W/(cm^2 sr cm^-1),W/(cm^2 cm^-1),W/(m^2 sr um),W/(m^2 um),value_si=value_native*1e8/(wavelength_um^2),2226.0,4.492362982929021,0.26453432,2.6306e-08,0.130348229256,0.0,0.0,0.0,0.0,,,0.0,0.0,,2.6306e-08,0.130348229256
mwir_std_thermal,D:\HwaSimIR\HwaSim_IR\Bin\Config\Atmosphere\MODTRAN\raw\audit_mwir_standard_20260906\mwir_std_thermal\MODOUT2.txt,W/(cm^2 sr cm^-1),W/(cm^2 cm^-1),W/(m^2 sr um),W/(m^2 um),value_si=value_native*1e8/(wavelength_um^2),2227.0,4.49034575662326,0.30346808,2.5408e-08,0.12601171283200002,0.0,0.0,0.0,0.0,,,0.0,0.0,,2.5408e-08,0.12601171283200002
mwir_std_thermal,D:\HwaSimIR\HwaSim_IR\Bin\Config\Atmosphere\MODTRAN\raw\audit_mwir_standard_20260906\mwir_std_thermal\MODOUT2.txt,W/(cm^2 sr cm^-1),W/(cm^2 cm^-1),W/(m^2 sr um),W/(m^2 um),value_si=value_native*1e8/(wavelength_um^2),2228.0,4.488330341113106,0.1743848,2.783e-08,0.13814767472,0.0,0.0,0.0,0.0,,,0.0,0.0,,2.783e-08,0.13814767472
mwir_std_thermal,D:\HwaSimIR\HwaSim_IR\Bin\Config\Atmosphere\MODTRAN\raw\audit_mwir_standard_20260906\mwir_std_thermal\MODOUT2.txt,W/(cm^2 sr cm^-1),W/(cm^2 cm^-1),W/(m^2 sr um),W/(m^2 um),value_si=value_native*1e8/(wavelength_um^2),2229.0,4.486316733961417,0.11169221,2.62e-08,0.13017315420000003,0.0,0.0,0.0,0.0,,,0.0,0.0,,2.62e-08,0.13017315420000003
mwir_std_thermal,D:\HwaSimIR\HwaSim_IR\Bin\Config\Atmosphere\MODTRAN\raw\audit_mwir_standard_20260906\mwir_std_thermal\MODOUT2.txt,W/(cm^2 sr cm^-1),W/(cm^2 cm^-1),W/(m^2 sr um),W/(m^2 um),value_si=value_native*1e8/(wavelength_um^2),2230.0,4.484304932735426,0.15651418,2.7224e-08,0.13538222960000001,0.0,0.0,0.0,0.0,,,0.0,0.0,,2.7224e-08,0.13538222960000001
mwir_std_thermal,D:\HwaSimIR\HwaSim_IR\Bin\Config\Atmosphere\MODTRAN\raw\audit_mwir_standard_20260906\mwir_std_thermal\MODOUT2.txt,W/(cm^2 sr cm^-1),W/(cm^2 cm^-1),W/(m^2 sr um),W/(m^2 um),value_si=value_native*1e8/(wavelength_um^2),2231.0,4.482294935006723,0.12281071,2.7507e-08,0.13691226902700004,0.0,0.0,0.0,0.0,,,0.0,0.0,,2.7507e-08,0.13691226902700004
mwir_std_thermal,D:\HwaSimIR\HwaSim_IR\Bin\Config\Atmosphere\MODTRAN\raw\audit_mwir_standard_20260906\mwir_std_thermal\MODOUT2.txt,W/(cm^2 sr cm^-1),W/(cm^2 cm^-1),W/(m^2 sr um),W/(m^2 um),value_si=value_native*1e8/(wavelength_um^2),2232.0,4.480286738351254,0.10575607,2.703e-08,0.13465870272000002,0.0,0.0,0.0,0.0,,,0.0,0.0,,2.703e-08,0.13465870272000002
mwir_std_thermal,D:\HwaSimIR\HwaSim_IR\Bin\Config\Atmosphere\MODTRAN\raw\audit_mwir_standard_20260906\mwir_std_thermal\MODOUT2.txt,W/(cm^2 sr cm^-1),W/(cm^2 cm^-1),W/(m^2 sr um),W/(m^2 um),value_si=value_native*1e8/(wavelength_um^2),2233.0,4.478280340349306,0.08082881,2.5307e-08,0.126188015723,0.0,0.0,0.0,0.0,,,0.0,0.0,,2.5307e-08,0.126188015723
mwir_std_thermal,D:\HwaSimIR\HwaSim_IR\Bin\Config\Atmosphere\MODTRAN\raw\audit_mwir_standard_20260906\mwir_std_thermal\MODOUT2.txt,W/(cm^2 sr cm^-1),W/(cm^2 cm^-1),W/(m^2 sr um),W/(m^2 um),value_si=value_native*1e8/(wavelength_um^2),2234.0,4.476275738585497,0.14149231,2.7303e-08,0.136262611068,0.0,0.0,0.0,0.0,,,0.0,0.0,,2.7303e-08,0.136262611068
mwir_std_thermal,D:\HwaSimIR\HwaSim_IR\Bin\Config\Atmosphere\MODTRAN\raw\audit_mwir_standard_20260906\mwir_std_thermal\MODOUT2.txt,W/(cm^2 sr cm^-1),W/(cm^2 cm^-1),W/(m^2 sr um),W/(m^2 um),value_si=value_native*1e8/(wavelength_um^2),2235.0,4.47427293064877,0.06821129,2.4908e-08,0.1244210643,0.0,0.0,0.0,0.0,,,0.0,0.0,,2.4908e-08,0.1244210643
mwir_std_thermal,D:\HwaSimIR\HwaSim_IR\Bin\Config\Atmosphere\MODTRAN\raw\audit_mwir_standard_20260906\mwir_std_thermal\MODOUT2.txt,W/(cm^2 sr cm^-1),W/(cm^2 cm^-1),W/(m^2 sr um),W/(m^2 um),value_si=value_native*1e8/(wavelength_um^2),2236.0,4.47227191413238,0.09990367,2.642e-08,0.13209196831999998,0.0,0.0,0.0,0.0,,,0.0,0.0,,2.642e-08,0.13209196831999998
mwir_std_thermal,D:\HwaSimIR\HwaSim_IR\Bin\Config\Atmosphere\MODTRAN\raw\audit_mwir_standard_20260906\mwir_std_thermal\MODOUT2.txt,W/(cm^2 sr cm^-1),W/(cm^2 cm^-1),W/(m^2 sr um),W/(m^2 um),value_si=value_native*1e8/(wavelength_um^2),2237.0,4.470272686633884,0.06464101,2.5788e-08,0.129047510172,0.0,0.0,0.0,0.0,,,0.0,0.0,,2.5788e-08,0.129047510172
mwir_std_thermal,D:\HwaSimIR\HwaSim_IR\Bin\Config\Atmosphere\MODTRAN\raw\audit_mwir_standard_20260906\mwir_std_thermal\MODOUT2.txt,W/(cm^2 sr cm^-1),W/(cm^2 cm^-1),W/(m^2 sr um),W/(m^2 um),value_si=value_native*1e8/(wavelength_um^2),2238.0,4.468275245755138,0.07256054,2.4936e-08,0.124895546784,0.0,0.0,0.0,0.0,,,0.0,0.0,,2.4936e-08,0.124895546784
mwir_std_thermal,D:\HwaSimIR\HwaSim_IR\Bin\Config\Atmosphere\MODTRAN\raw\audit_mwir_standard_20260906\mwir_std_thermal\MODOUT2.txt,W/(cm^2 sr cm^-1),W/(cm^2 cm^-1),W/(m^2 sr um),W/(m^2 um),value_si=value_native*1e8/(wavelength_um^2),2239.0,4.466279589102278,0.05451492,2.5178e-08,0.12622036053799995,0.0,0.0,0.0,0.0,,,0.0,0.0,,2.5178e-08,0.12622036053799995
mwir_std_thermal,D:\HwaSimIR\HwaSim_IR\Bin\Config\Atmosphere\MODTRAN\raw\audit_mwir_standard_20260906\mwir_std_thermal\MODOUT2.txt,W/(cm^2 sr cm^-1),W/(cm^2 cm^-1),W/(m^2 sr um),W/(m^2 um),value_si=value_native*1e8/(wavelength_um^2),2240.0,4.464285714285714,0.06889246,2.5316e-08,0.1270255616,0.0,0.0,0.0,0.0,,,0.0,0.0,,2.5316e-08,0.1270255616
mwir_std_thermal,D:\HwaSimIR\HwaSim_IR\Bin\Config\Atmosphere\MODTRAN\raw\audit_mwir_standard_20260906\mwir_std_thermal\MODOUT2.txt,W/(cm^2 sr cm^-1),W/(cm^2 cm^-1),W/(m^2 sr um),W/(m^2 um),value_si=value_native*1e8/(wavelength_um^2),2241.0,4.462293618920125,0.05161539,2.6643e-08,0.133803304083,0.0,0.0,0.0,0.0,,,0.0,0.0,,2.6643e-08,0.133803304083
mwir_std_thermal,D:\HwaSimIR\HwaSim_IR\Bin\Config\Atmosphere\MODTRAN\raw\audit_mwir_standard_20260906\mwir_std_thermal\MODOUT2.txt,W/(cm^2 sr cm^-1),W/(cm^2 cm^-1),W/(m^2 sr um),W/(m^2 um),value_si=value_native*1e8/(wavelength_um^2),2242.0,4.460303300624442,0.05116271,2.3959e-08,0.12043144687600002,0.0,0.0,0.0,0.0,,,0.0,0.0,,2.3959e-08,0.12043144687600002
mwir_std_thermal,D:\HwaSimIR\HwaSim_IR\Bin\Config\Atmosphere\MODTRAN\raw\audit_mwir_standard_20260906\mwir_std_thermal\MODOUT2.txt,W/(cm^2 sr cm^-1),W/(cm^2 cm^-1),W/(m^2 sr um),W/(m^2 um),value_si=value_native*1e8/(wavelength_um^2),2243.0,4.458314757021846,0.05502401,2.6517e-08,0.13340832633299998,0.0,0.0,0.0,0.0,,,0.0,0.0,,2.6517e-08,0.13340832633299998
mwir_std_thermal,D:\HwaSimIR\HwaSim_IR\Bin\Config\Atmosphere\MODTRAN\raw\audit_mwir_standard_20260906\mwir_std_thermal\MODOUT2.txt,W/(cm^2 sr cm^-1),W/(cm^2 cm^-1),W/(m^2 sr um),W/(m^2 um),value_si=value_native*1e8/(wavelength_um^2),2244.0,4.45632798573975,0.04366296,2.3585e-08,0.11876311656,0.0,0.0,0.0,0.0,,,0.0,0.0,,2.3585e-08,0.11876311656
mwir_std_thermal,D:\HwaSimIR\HwaSim_IR\Bin\Config\Atmosphere\MODTRAN\raw\audit_mwir_standard_20260906\mwir_std_thermal\MODOUT2.txt,W/(cm^2 sr cm^-1),W/(cm^2 cm^-1),W/(m^2 sr um),W/(m^2 um),value_si=value_native*1e8/(wavelength_um^2),2245.0,4.4543429844097995,0.05884103,2.6196e-08,0.1320284949,0.0,0.0,0.0,0.0,,,0.0,0.0,,2.6196e-08,0.1320284949
mwir_std_thermal,D:\HwaSimIR\HwaSim_IR\Bin\Config\Atmosphere\MODTRAN\raw\audit_mwir_standard_20260906\mwir_std_thermal\MODOUT2.txt,W/(cm^2 sr cm^-1),W/(cm^2 cm^-1),W/(m^2 sr um),W/(m^2 um),value_si=value_native*1e8/(wavelength_um^2),2246.0,4.452359750667854,0.04583781,2.3732e-08,0.11971645371200003,0.0,0.0,0.0,0.0,,,0.0,0.0,,2.3732e-08,0.11971645371200003
mwir_std_thermal,D:\HwaSimIR\HwaSim_IR\Bin\Config\Atmosphere\MODTRAN\raw\audit_mwir_standard_20260906\mwir_std_thermal\MODOUT2.txt,W/(cm^2 sr cm^-1),W/(cm^2 cm^-1),W/(m^2 sr um),W/(m^2 um),value_si=value_native*1e8/(wavelength_um^2),2247.0,4.4503782821539835,0.0661051,2.6045e-08,0.13150143940499998,0.0,0.0,0.0,0.0,,,0.0,0.0,,2.6045e-08,0.13150143940499998
mwir_std_thermal,D:\HwaSimIR\HwaSim_IR\Bin\Config\Atmosphere\MODTRAN\raw\audit_mwir_standard_20260906\mwir_std_thermal\MODOUT2.txt,W/(cm^2 sr cm^-1),W/(cm^2 cm^-1),W/(m^2 sr um),W/(m^2 um),value_si=value_native*1e8/(wavelength_um^2),2248.0,4.448398576512456,0.04423382,2.3544e-08,0.11897969817599999,0.0,0.0,0.0,0.0,,,0.0,0.0,,2.3544e-08,0.11897969817599999
mwir_std_thermal,D:\HwaSimIR\HwaSim_IR\Bin\Config\Atmosphere\MODTRAN\raw\audit_mwir_standard_20260906\mwir_std_thermal\MODOUT2.txt,W/(cm^2 sr cm^-1),W/(cm^2 cm^-1),W/(m^2 sr um),W/(m^2 um),value_si=value_native*1e8/(wavelength_um^2),2249.0,4.44642063139173,0.04473461,2.4758e-08,0.12522598875799998,0.0,0.0,0.0,0.0,,,0.0,0.0,,2.4758e-08,0.12522598875799998
mwir_std_thermal,D:\HwaSimIR\HwaSim_IR\Bin\Config\Atmosphere\MODTRAN\raw\audit_mwir_standard_20260906\mwir_std_thermal\MODOUT2.txt,W/(cm^2 sr cm^-1),W/(cm^2 cm^-1),W/(m^2 sr um),W/(m^2 um),value_si=value_native*1e8/(wavelength_um^2),2250.0,4.444444444444445,0.01914772,2.1897e-08,0.1108535625,0.0,0.0,0.0,0.0,,,0.0,0.0,,2.1897e-08,0.1108535625
mwir_std_thermal,D:\HwaSimIR\HwaSim_IR\Bin\Config\Atmosphere\MODTRAN\raw\audit_mwir_standard_20260906\mwir_std_thermal\MODOUT2.txt,W/(cm^2 sr cm^-1),W/(cm^2 cm^-1),W/(m^2 sr um),W/(m^2 um),value_si=value_native*1e8/(wavelength_um^2),2251.0,4.44247001332741,0.05059044,2.5581e-08,0.12961895258099998,0.0,0.0,0.0,0.0,,,0.0,0.0,,2.5581e-08,0.12961895258099998
mwir_std_thermal,D:\HwaSimIR\HwaSim_IR\Bin\Config\Atmosphere\MODTRAN\raw\audit_mwir_standard_20260906\mwir_std_thermal\MODOUT2.txt,W/(cm^2 sr cm^-1),W/(cm^2 cm^-1),W/(m^2 sr um),W/(m^2 um),value_si=value_native*1e8/(wavelength_um^2),2252.0,4.440497335701599,0.01403664,2.1138e-08,0.10720145155199999,0.0,0.0,0.0,0.0,,,0.0,0.0,,2.1138e-08,0.10720145155199999
mwir_std_thermal,D:\HwaSimIR\HwaSim_IR\Bin\Config\Atmosphere\MODTRAN\raw\audit_mwir_standard_20260906\mwir_std_thermal\MODOUT2.txt,W/(cm^2 sr cm^-1),W/(cm^2 cm^-1),W/(m^2 sr um),W/(m^2 um),value_si=value_native*1e8/(wavelength_um^2),2253.0,4.438526409232135,0.03217949,2.4341e-08,0.123555135069,0.0,0.0,0.0,0.0,,,0.0,0.0,,2.4341e-08,0.123555135069
mwir_std_thermal,D:\HwaSimIR\HwaSim_IR\Bin\Config\Atmosphere\MODTRAN\raw\audit_mwir_standard_20260906\mwir_std_thermal\MODOUT2.txt,W/(cm^2 sr cm^-1),W/(cm^2 cm^-1),W/(m^2 sr um),W/(m^2 um),value_si=value_native*1e8/(wavelength_um^2),2254.0,4.436557231588288,0.01096979,2.0738e-08,0.105359740808,0.0,0.0,0.0,0.0,,,0.0,0.0,,2.0738e-08,0.105359740808
mwir_std_thermal,D:\HwaSimIR\HwaSim_IR\Bin\Config\Atmosphere\MODTRAN\raw\audit_mwir_standard_20260906\mwir_std_thermal\MODOUT2.txt,W/(cm^2 sr cm^-1),W/(cm^2 cm^-1),W/(m^2 sr um),W/(m^2 um),value_si=value_native*1e8/(wavelength_um^2),2255.0,4.434589800443459,0.00809398,2.185e-08,0.11110779625,0.0,0.0,0.0,0.0,,,0.0,0.0,,2.185e-08,0.11110779625
mwir_std_thermal,D:\HwaSimIR\HwaSim_IR\Bin\Config\Atmosphere\MODTRAN\raw\audit_mwir_standard_20260906\mwir_std_thermal\MODOUT2.txt,W/(cm^2 sr cm^-1),W/(cm^2 cm^-1),W/(m^2 sr um),W/(m^2 um),value_si=value_native*1e8/(wavelength_um^2),2256.0,4.432624113475177,0.01701905,2.1792e-08,0.110911168512,0.0,0.0,0.0,0.0,,,0.0,0.0,,2.1792e-08,0.110911168512
mwir_std_thermal,D:\HwaSimIR\HwaSim_IR\Bin\Config\Atmosphere\MODTRAN\raw\audit_mwir_standard_20260906\mwir_std_thermal\MODOUT2.txt,W/(cm^2 sr cm^-1),W/(cm^2 cm^-1),W/(m^2 sr um),W/(m^2 um),value_si=value_native*1e8/(wavelength_um^2),2257.0,4.430660168365087,0.00154252,2.0765e-08,0.10577792748499999,0.0,0.0,0.0,0.0,,,0.0,0.0,,2.0765e-08,0.10577792748499999
mwir_std_thermal,D:\HwaSimIR\HwaSim_IR\Bin\Config\Atmosphere\MODTRAN\raw\audit_mwir_standard_20260906\mwir_std_thermal\MODOUT2.txt,W/(cm^2 sr cm^-1),W/(cm^2 cm^-1),W/(m^2 sr um),W/(m^2 um),value_si=value_native*1e8/(wavelength_um^2),2258.0,4.428697962798937,0.01379338,2.1673e-08,0.110501177572,0.0,0.0,0.0,0.0,,,0.0,0.0,,2.1673e-08,0.110501177572
mwir_std_thermal,D:\HwaSimIR\HwaSim_IR\Bin\Config\Atmosphere\MODTRAN\raw\audit_mwir_standard_20260906\mwir_std_thermal\MODOUT2.txt,W/(cm^2 sr cm^-1),W/(cm^2 cm^-1),W/(m^2 sr um),W/(m^2 um),value_si=value_native*1e8/(wavelength_um^2),2259.0,4.426737494466578,0.00545269,2.0015e-08,0.102138166215,0.0,0.0,0.0,0.0,,,0.0,0.0,,2.0015e-08,0.102138166215
mwir_std_thermal,D:\HwaSimIR\HwaSim_IR\Bin\Config\Atmosphere\MODTRAN\raw\audit_mwir_standard_20260906\mwir_std_thermal\MODOUT2.txt,W/(cm^2 sr cm^-1),W/(cm^2 cm^-1),W/(m^2 sr um),W/(m^2 um),value_si=value_native*1e8/(wavelength_um^2),2260.0,4.424778761061947,0.00064237,1.9588e-08,0.1000476688,0.0,0.0,0.0,0.0,,,0.0,0.0,,1.9588e-08,0.1000476688
mwir_std_thermal,D:\HwaSimIR\HwaSim_IR\Bin\Config\Atmosphere\MODTRAN\raw\audit_mwir_standard_20260906\mwir_std_thermal\MODOUT2.txt,W/(cm^2 sr cm^-1),W/(cm^2 cm^-1),W/(m^2 sr um),W/(m^2 um),value_si=value_native*1e8/(wavelength_um^2),2261.0,4.42282176028306,0.00252368,1.8763e-08,0.095918726323,0.0,0.0,0.0,0.0,,,0.0,0.0,,1.8763e-08,0.095918726323
mwir_std_thermal,D:\HwaSimIR\HwaSim_IR\Bin\Config\Atmosphere\MODTRAN\raw\audit_mwir_standard_20260906\mwir_std_thermal\MODOUT2.txt,W/(cm^2 sr cm^-1),W/(cm^2 cm^-1),W/(m^2 sr um),W/(m^2 um),value_si=value_native*1e8/(wavelength_um^2),2262.0,4.420866489832007,0.00651721,2.131e-08,0.10903568364,0.0,0.0,0.0,0.0,,,0.0,0.0,,2.131e-08,0.10903568364
mwir_std_thermal,D:\HwaSimIR\HwaSim_IR\Bin\Config\Atmosphere\MODTRAN\raw\audit_mwir_standard_20260906\mwir_std_thermal\MODOUT2.txt,W/(cm^2 sr cm^-1),W/(cm^2 cm^-1),W/(m^2 sr um),W/(m^2 um),value_si=value_native*1e8/(wavelength_um^2),2263.0,4.418912947414936,0.00016906,1.6902e-08,0.08655799843800002,0.0,0.0,0.0,0.0,,,0.0,0.0,,1.6902e-08,0.08655799843800002
mwir_std_thermal,D:\HwaSimIR\HwaSim_IR\Bin\Config\Atmosphere\MODTRAN\raw\audit_mwir_standard_20260906\mwir_std_thermal\MODOUT2.txt,W/(cm^2 sr cm^-1),W/(cm^2 cm^-1),W/(m^2 sr um),W/(m^2 um),value_si=value_native*1e8/(wavelength_um^2),2264.0,4.41696113074205,0.00395961,2.0874e-08,0.10699377830399996,0.0,0.0,0.0,0.0,,,0.0,0.0,,2.0874e-08,0.10699377830399996
mwir_std_thermal,D:\HwaSimIR\HwaSim_IR\Bin\Config\Atmosphere\MODTRAN\raw\audit_mwir_standard_20260906\mwir_std_thermal\MODOUT2.txt,W/(cm^2 sr cm^-1),W/(cm^2 cm^-1),W/(m^2 sr um),W/(m^2 um),value_si=value_native*1e8/(wavelength_um^2),2265.0,4.415011037527594,2.386e-05,1.6007e-08,0.08211951157499998,0.0,0.0,0.0,0.0,,,0.0,0.0,,1.6007e-08,0.08211951157499998
mwir_std_thermal,D:\HwaSimIR\HwaSim_IR\Bin\Config\Atmosphere\MODTRAN\raw\audit_mwir_standard_20260906\mwir_std_thermal\MODOUT2.txt,W/(cm^2 sr cm^-1),W/(cm^2 cm^-1),W/(m^2 sr um),W/(m^2 um),value_si=value_native*1e8/(wavelength_um^2),2266.0,4.41306266548985,0.00279517,2.0181e-08,0.10362451083600001,0.0,0.0,0.0,0.0,,,0.0,0.0,,2.0181e-08,0.10362451083600001
mwir_std_thermal,D:\HwaSimIR\HwaSim_IR\Bin\Config\Atmosphere\MODTRAN\raw\audit_mwir_standard_20260906\mwir_std_thermal\MODOUT2.txt,W/(cm^2 sr cm^-1),W/(cm^2 cm^-1),W/(m^2 sr um),W/(m^2 um),value_si=value_native*1e8/(wavelength_um^2),2267.0,4.411116012351125,0.00021576,1.6674e-08,0.08569250478599998,0.0,0.0,0.0,0.0,,,0.0,0.0,,1.6674e-08,0.08569250478599998
mwir_std_thermal,D:\HwaSimIR\HwaSim_IR\Bin\Config\Atmosphere\MODTRAN\raw\audit_mwir_standard_20260906\mwir_std_thermal\MODOUT2.txt,W/(cm^2 sr cm^-1),W/(cm^2 cm^-1),W/(m^2 sr um),W/(m^2 um),value_si=value_native*1e8/(wavelength_um^2),2268.0,4.409171075837743,0.00063707,1.8608e-08,0.09571627699199997,0.0,0.0,0.0,0.0,,,0.0,0.0,,1.8608e-08,0.09571627699199997
mwir_std_thermal,D:\HwaSimIR\HwaSim_IR\Bin\Config\Atmosphere\MODTRAN\raw\audit_mwir_standard_20260906\mwir_std_thermal\MODOUT2.txt,W/(cm^2 sr cm^-1),W/(cm^2 cm^-1),W/(m^2 sr um),W/(m^2 um),value_si=value_native*1e8/(wavelength_um^2),2269.0,4.407227853680035,0.00115469,1.7751e-08,0.09138855611100002,0.0,0.0,0.0,0.0,,,0.0,0.0,,1.7751e-08,0.09138855611100002
mwir_std_thermal,D:\HwaSimIR\HwaSim_IR\Bin\Config\Atmosphere\MODTRAN\raw\audit_mwir_standard_20260906\mwir_std_thermal\MODOUT2.txt,W/(cm^2 sr cm^-1),W/(cm^2 cm^-1),W/(m^2 sr um),W/(m^2 um),value_si=value_native*1e8/(wavelength_um^2),2270.0,4.405286343612334,0.00026265,1.6474e-08,0.08488887460000001,0.0,0.0,0.0,0.0,,,0.0,0.0,,1.6474e-08,0.08488887460000001
mwir_std_thermal,D:\HwaSimIR\HwaSim_IR\Bin\Config\Atmosphere\MODTRAN\raw\audit_mwir_standard_20260906\mwir_std_thermal\MODOUT2.txt,W/(cm^2 sr cm^-1),W/(cm^2 cm^-1),W/(m^2 sr um),W/(m^2 um),value_si=value_native*1e8/(wavelength_um^2),2271.0,4.4033465433729635,0.00093119,1.8607e-08,0.095964504687,0.0,0.0,0.0,0.0,,,0.0,0.0,,1.8607e-08,0.095964504687
mwir_std_thermal,D:\HwaSimIR\HwaSim_IR\Bin\Config\Atmosphere\MODTRAN\raw\audit_mwir_standard_20260906\mwir_std_thermal\MODOUT2.txt,W/(cm^2 sr cm^-1),W/(cm^2 cm^-1),W/(m^2 sr um),W/(m^2 um),value_si=value_native*1e8/(wavelength_um^2),2272.0,4.401408450704225,2.86e-06,1.5148e-08,0.07819373363200001,0.0,0.0,0.0,0.0,,,0.0,0.0,,1.5148e-08,0.07819373363200001
mwir_std_thermal,D:\HwaSimIR\HwaSim_IR\Bin\Config\Atmosphere\MODTRAN\raw\audit_mwir_standard_20260906\mwir_std_thermal\MODOUT2.txt,W/(cm^2 sr cm^-1),W/(cm^2 cm^-1),W/(m^2 sr um),W/(m^2 um),value_si=value_native*1e8/(wavelength_um^2),2273.0,4.399472063352397,0.00075729,1.831e-08,0.09459914599000002,0.0,0.0,0.0,0.0,,,0.0,0.0,,1.831e-08,0.09459914599000002
mwir_std_thermal,D:\HwaSimIR\HwaSim_IR\Bin\Config\Atmosphere\MODTRAN\raw\audit_mwir_standard_20260906\mwir_std_thermal\MODOUT2.txt,W/(cm^2 sr cm^-1),W/(cm^2 cm^-1),W/(m^2 sr um),W/(m^2 um),value_si=value_native*1e8/(wavelength_um^2),2274.0,4.397537379067722,8.155e-05,1.5726e-08,0.08132034117600001,0.0,0.0,0.0,0.0,,,0.0,0.0,,1.5726e-08,0.08132034117600001
mwir_std_thermal,D:\HwaSimIR\HwaSim_IR\Bin\Config\Atmosphere\MODTRAN\raw\audit_mwir_standard_20260906\mwir_std_thermal\MODOUT2.txt,W/(cm^2 sr cm^-1),W/(cm^2 cm^-1),W/(m^2 sr um),W/(m^2 um),value_si=value_native*1e8/(wavelength_um^2),2275.0,4.395604395604396,0.00040886,1.6581e-08,0.085817038125,0.0,0.0,0.0,0.0,,,0.0,0.0,,1.6581e-08,0.085817038125
mwir_std_thermal,D:\HwaSimIR\HwaSim_IR\Bin\Config\Atmosphere\MODTRAN\raw\audit_mwir_standard_20260906\mwir_std_thermal\MODOUT2.txt,W/(cm^2 sr cm^-1),W/(cm^2 cm^-1),W/(m^2 sr um),W/(m^2 um),value_si=value_native*1e8/(wavelength_um^2),2276.0,4.393673110720562,1.448e-05,1.6021e-08,0.082991599696,0.0,0.0,0.0,0.0,,,0.0,0.0,,1.6021e-08,0.082991599696
mwir_std_thermal,D:\HwaSimIR\HwaSim_IR\Bin\Config\Atmosphere\MODTRAN\raw\audit_mwir_standard_20260906\mwir_std_thermal\MODOUT2.txt,W/(cm^2 sr cm^-1),W/(cm^2 cm^-1),W/(m^2 sr um),W/(m^2 um),value_si=value_native*1e8/(wavelength_um^2),2277.0,4.391743522178305,1.097e-05,1.5116e-08,0.078372363564,0.0,0.0,0.0,0.0,,,0.0,0.0,,1.5116e-08,0.078372363564
mwir_std_thermal,D:\HwaSimIR\HwaSim_IR\Bin\Config\Atmosphere\MODTRAN\raw\audit_mwir_standard_20260906\mwir_std_thermal\MODOUT2.txt,W/(cm^2 sr cm^-1),W/(cm^2 cm^-1),W/(m^2 sr um),W/(m^2 um),value_si=value_native*1e8/(wavelength_um^2),2278.0,4.389815627743634,0.00033645,1.7015e-08,0.08829566726000002,0.0,0.0,0.0,0.0,,,0.0,0.0,,1.7015e-08,0.08829566726000002
mwir_std_thermal,D:\HwaSimIR\HwaSim_IR\Bin\Config\Atmosphere\MODTRAN\raw\audit_mwir_standard_20260906\mwir_std_thermal\MODOUT2.txt,W/(cm^2 sr cm^-1),W/(cm^2 cm^-1),W/(m^2 sr um),W/(m^2 um),value_si=value_native*1e8/(wavelength_um^2),2279.0,4.3878894251864855,0.00012142,1.5384e-08,0.07990204994399999,0.0,0.0,0.0,0.0,,,0.0,0.0,,1.5384e-08,0.07990204994399999
mwir_std_thermal,D:\HwaSimIR\HwaSim_IR\Bin\Config\Atmosphere\MODTRAN\raw\audit_mwir_standard_20260906\mwir_std_thermal\MODOUT2.txt,W/(cm^2 sr cm^-1),W/(cm^2 cm^-1),W/(m^2 sr um),W/(m^2 um),value_si=value_native*1e8/(wavelength_um^2),2280.0,4.385964912280702,0.0002198,1.5695e-08,0.08158888799999998,0.0,0.0,0.0,0.0,,,0.0,0.0,,1.5695e-08,0.08158888799999998
mwir_std_thermal,D:\HwaSimIR\HwaSim_IR\Bin\Config\Atmosphere\MODTRAN\raw\audit_mwir_standard_20260906\mwir_std_thermal\MODOUT2.txt,W/(cm^2 sr cm^-1),W/(cm^2 cm^-1),W/(m^2 sr um),W/(m^2 um),value_si=value_native*1e8/(wavelength_um^2),2281.0,4.384042086804033,0.00097736,1.7015e-08,0.088528381415,0.0,0.0,0.0,0.0,,,0.0,0.0,,1.7015e-08,0.088528381415
mwir_std_thermal,D:\HwaSimIR\HwaSim_IR\Bin\Config\Atmosphere\MODTRAN\raw\audit_mwir_standard_20260906\mwir_std_thermal\MODOUT2.txt,W/(cm^2 sr cm^-1),W/(cm^2 cm^-1),W/(m^2 sr um),W/(m^2 um),value_si=value_native*1e8/(wavelength_um^2),2282.0,4.382120946538125,0.00037917,1.5931e-08,0.08296106484399998,0.0,0.0,0.0,0.0,,,0.0,0.0,,1.5931e-08,0.08296106484399998
mwir_std_thermal,D:\HwaSimIR\HwaSim_IR\Bin\Config\Atmosphere\MODTRAN\raw\audit_mwir_standard_20260906\mwir_std_thermal\MODOUT2.txt,W/(cm^2 sr cm^-1),W/(cm^2 cm^-1),W/(m^2 sr um),W/(m^2 um),value_si=value_native*1e8/(wavelength_um^2),2283.0,4.380201489268506,0.0081659,1.9184e-08,0.099988715376,0.0,0.0,0.0,0.0,,,0.0,0.0,,1.9184e-08,0.099988715376
mwir_std_thermal,D:\HwaSimIR\HwaSim_IR\Bin\Config\Atmosphere\MODTRAN\raw\audit_mwir_standard_20260906\mwir_std_thermal\MODOUT2.txt,W/(cm^2 sr cm^-1),W/(cm^2 cm^-1),W/(m^2 sr um),W/(m^2 um),value_si=value_native*1e8/(wavelength_um^2),2284.0,4.378283712784588,0.00324539,1.7557e-08,0.09158882939200001,0.0,0.0,0.0,0.0,,,0.0,0.0,,1.7557e-08,0.09158882939200001
mwir_std_thermal,D:\HwaSimIR\HwaSim_IR\Bin\Config\Atmosphere\MODTRAN\raw\audit_mwir_standard_20260906\mwir_std_thermal\MODOUT2.txt,W/(cm^2 sr cm^-1),W/(cm^2 cm^-1),W/(m^2 sr um),W/(m^2 um),value_si=value_native*1e8/(wavelength_um^2),2285.0,4.3763676148796495,0.00068176,1.6404e-08,0.08564897490000001,0.0,0.0,0.0,0.0,,,0.0,0.0,,1.6404e-08,0.08564897490000001
mwir_std_thermal,D:\HwaSimIR\HwaSim_IR\Bin\Config\Atmosphere\MODTRAN\raw\audit_mwir_standard_20260906\mwir_std_thermal\MODOUT2.txt,W/(cm^2 sr cm^-1),W/(cm^2 cm^-1),W/(m^2 sr um),W/(m^2 um),value_si=value_native*1e8/(wavelength_um^2),2286.0,4.374453193350831,5.88e-05,1.4815e-08,0.07742016773999999,0.0,0.0,0.0,0.0,,,0.0,0.0,,1.4815e-08,0.07742016773999999
mwir_std_thermal,D:\HwaSimIR\HwaSim_IR\Bin\Config\Atmosphere\MODTRAN\raw\audit_mwir_standard_20260906\mwir_std_thermal\MODOUT2.txt,W/(cm^2 sr cm^-1),W/(cm^2 cm^-1),W/(m^2 sr um),W/(m^2 um),value_si=value_native*1e8/(wavelength_um^2),2287.0,4.3725404459991255,5.85e-06,1.4109e-08,0.073795276221,0.0,0.0,0.0,0.0,,,0.0,0.0,,1.4109e-08,0.073795276221
mwir_std_thermal,D:\HwaSimIR\HwaSim_IR\Bin\Config\Atmosphere\MODTRAN\raw\audit_mwir_standard_20260906\mwir_std_thermal\MODOUT2.txt,W/(cm^2 sr cm^-1),W/(cm^2 cm^-1),W/(m^2 sr um),W/(m^2 um),value_si=value_native*1e8/(wavelength_um^2),2288.0,4.370629370629371,6e-08,1.4184e-08,0.07425244569599998,0.0,0.0,0.0,0.0,,,0.0,0.0,,1.4184e-08,0.07425244569599998
mwir_std_thermal,D:\HwaSimIR\HwaSim_IR\Bin\Config\Atmosphere\MODTRAN\raw\audit_mwir_standard_20260906\mwir_std_thermal\MODOUT2.txt,W/(cm^2 sr cm^-1),W/(cm^2 cm^-1),W/(m^2 sr um),W/(m^2 um),value_si=value_native*1e8/(wavelength_um^2),2289.0,4.36871996505024,5e-08,1.336e-08,0.07000000056000001,0.0,0.0,0.0,0.0,,,0.0,0.0,,1.336e-08,0.07000000056000001
mwir_std_thermal,D:\HwaSimIR\HwaSim_IR\Bin\Config\Atmosphere\MODTRAN\raw\audit_mwir_standard_20260906\mwir_std_thermal\MODOUT2.txt,W/(cm^2 sr cm^-1),W/(cm^2 cm^-1),W/(m^2 sr um),W/(m^2 um),value_si=value_native*1e8/(wavelength_um^2),2290.0,4.366812227074236,7.7e-07,1.381e-08,0.07242102099999999,0.0,0.0,0.0,0.0,,,0.0,0.0,,1.381e-08,0.07242102099999999
mwir_std_thermal,D:\HwaSimIR\HwaSim_IR\Bin\Config\Atmosphere\MODTRAN\raw\audit_mwir_standard_20260906\mwir_std_thermal\MODOUT2.txt,W/(cm^2 sr cm^-1),W/(cm^2 cm^-1),W/(m^2 sr um),W/(m^2 um),value_si=value_native*1e8/(wavelength_um^2),2291.0,4.364906154517678,9.3e-07,1.402e-08,0.07358650761999999,0.0,0.0,0.0,0.0,,,0.0,0.0,,1.402e-08,0.07358650761999999
mwir_std_thermal,D:\HwaSimIR\HwaSim_IR\Bin\Config\Atmosphere\MODTRAN\raw\audit_mwir_standard_20260906\mwir_std_thermal\MODOUT2.txt,W/(cm^2 sr cm^-1),W/(cm^2 cm^-1),W/(m^2 sr um),W/(m^2 um),value_si=value_native*1e8/(wavelength_um^2),2292.0,4.363001745200698,7e-08,1.3234e-08,0.069521695776,0.0,0.0,0.0,0.0,,,0.0,0.0,,1.3234e-08,0.069521695776
mwir_std_thermal,D:\HwaSimIR\HwaSim_IR\Bin\Config\Atmosphere\MODTRAN\raw\audit_mwir_standard_20260906\mwir_std_thermal\MODOUT2.txt,W/(cm^2 sr cm^-1),W/(cm^2 cm^-1),W/(m^2 sr um),W/(m^2 um),value_si=value_native*1e8/(wavelength_um^2),2293.0,4.361098996947231,0.0,1.3092e-08,0.06883575910800001,0.0,0.0,0.0,0.0,,,0.0,0.0,,1.3092e-08,0.06883575910800001
mwir_std_thermal,D:\HwaSimIR\HwaSim_IR\Bin\Config\Atmosphere\MODTRAN\raw\audit_mwir_standard_20260906\mwir_std_thermal\MODOUT2.txt,W/(cm^2 sr cm^-1),W/(cm^2 cm^-1),W/(m^2 sr um),W/(m^2 um),value_si=value_native*1e8/(wavelength_um^2),2294.0,4.3591979075850045,1e-08,1.2963e-08,0.068216957868,0.0,0.0,0.0,0.0,,,0.0,0.0,,1.2963e-08,0.068216957868
mwir_std_thermal,D:\HwaSimIR\HwaSim_IR\Bin\Config\Atmosphere\MODTRAN\raw\audit_mwir_standard_20260906\mwir_std_thermal\MODOUT2.txt,W/(cm^2 sr cm^-1),W/(cm^2 cm^-1),W/(m^2 sr um),W/(m^2 um),value_si=value_native*1e8/(wavelength_um^2),2295.0,4.357298474945534,0.0,1.2658e-08,0.06667000245,0.0,0.0,0.0,0.0,,,0.0,0.0,,1.2658e-08,0.06667000245
mwir_std_thermal,D:\HwaSimIR\HwaSim_IR\Bin\Config\Atmosphere\MODTRAN\raw\audit_mwir_standard_20260906\mwir_std_thermal\MODOUT2.txt,W/(cm^2 sr cm^-1),W/(cm^2 cm^-1),W/(m^2 sr um),W/(m^2 um),value_si=value_native*1e8/(wavelength_um^2),2296.0,4.355400696864112,0.0,1.2446e-08,0.06561053273599998,0.0,0.0,0.0,0.0,,,0.0,0.0,,1.2446e-08,0.06561053273599998
mwir_std_thermal,D:\HwaSimIR\HwaSim_IR\Bin\Config\Atmosphere\MODTRAN\raw\audit_mwir_standard_20260906\mwir_std_thermal\MODOUT2.txt,W/(cm^2 sr cm^-1),W/(cm^2 cm^-1),W/(m^2 sr um),W/(m^2 um),value_si=value_native*1e8/(wavelength_um^2),2297.0,4.3535045711797995,0.0,1.2892e-08,0.06802088642800001,0.0,0.0,0.0,0.0,,,0.0,0.0,,1.2892e-08,0.06802088642800001
mwir_std_thermal,D:\HwaSimIR\HwaSim_IR\Bin\Config\Atmosphere\MODTRAN\raw\audit_mwir_standard_20260906\mwir_std_thermal\MODOUT2.txt,W/(cm^2 sr cm^-1),W/(cm^2 cm^-1),W/(m^2 sr um),W/(m^2 um),value_si=value_native*1e8/(wavelength_um^2),2298.0,4.351610095735422,0.0,1.2478e-08,0.06589387231199999,0.0,0.0,0.0,0.0,,,0.0,0.0,,1.2478e-08,0.06589387231199999
mwir_std_thermal,D:\HwaSimIR\HwaSim_IR\Bin\Config\Atmosphere\MODTRAN\raw\audit_mwir_standard_20260906\mwir_std_thermal\MODOUT2.txt,W/(cm^2 sr cm^-1),W/(cm^2 cm^-1),W/(m^2 sr um),W/(m^2 um),value_si=value_native*1e8/(wavelength_um^2),2299.0,4.349717268377556,1e-08,1.2865e-08,0.06799668386499998,0.0,0.0,0.0,0.0,,,0.0,0.0,,1.2865e-08,0.06799668386499998
mwir_std_thermal,D:\HwaSimIR\HwaSim_IR\Bin\Config\Atmosphere\MODTRAN\raw\audit_mwir_standard_20260906\mwir_std_thermal\MODOUT2.txt,W/(cm^2 sr cm^-1),W/(cm^2 cm^-1),W/(m^2 sr um),W/(m^2 um),value_si=value_native*1e8/(wavelength_um^2),2300.0,4.3478260869565215,0.0,1.2209e-08,0.06458561,0.0,0.0,0.0,0.0,,,0.0,0.0,,1.2209e-08,0.06458561
mwir_std_thermal,D:\HwaSimIR\HwaSim_IR\Bin\Config\Atmosphere\MODTRAN\raw\audit_mwir_standard_20260906\mwir_std_thermal\MODOUT2.txt,W/(cm^2 sr cm^-1),W/(cm^2 cm^-1),W/(m^2 sr um),W/(m^2 um),value_si=value_native*1e8/(wavelength_um^2),2301.0,4.34593654932638,0.0,1.2185e-08,0.06451471318499999,0.0,0.0,0.0,0.0,,,0.0,0.0,,1.2185e-08,0.06451471318499999
mwir_std_thermal,D:\HwaSimIR\HwaSim_IR\Bin\Config\Atmosphere\MODTRAN\raw\audit_mwir_standard_20260906\mwir_std_thermal\MODOUT2.txt,W/(cm^2 sr cm^-1),W/(cm^2 cm^-1),W/(m^2 sr um),W/(m^2 um),value_si=value_native*1e8/(wavelength_um^2),2302.0,4.344048653344918,0.0,1.2178e-08,0.06453370631199999,0.0,0.0,0.0,0.0,,,0.0,0.0,,1.2178e-08,0.06453370631199999
mwir_std_thermal,D:\HwaSimIR\HwaSim_IR\Bin\Config\Atmosphere\MODTRAN\raw\audit_mwir_standard_20260906\mwir_std_thermal\MODOUT2.txt,W/(cm^2 sr cm^-1),W/(cm^2 cm^-1),W/(m^2 sr um),W/(m^2 um),value_si=value_native*1e8/(wavelength_um^2),2303.0,4.342162396873643,0.0,1.2053e-08,0.06392680987699999,0.0,0.0,0.0,0.0,,,0.0,0.0,,1.2053e-08,0.06392680987699999
mwir_std_thermal,D:\HwaSimIR\HwaSim_IR\Bin\Config\Atmosphere\MODTRAN\raw\audit_mwir_standard_20260906\mwir_std_thermal\MODOUT2.txt,W/(cm^2 sr cm^-1),W/(cm^2 cm^-1),W/(m^2 sr um),W/(m^2 um),value_si=value_native*1e8/(wavelength_um^2),2304.0,4.340277777777778,0.0,1.2256e-08,0.065059946496,0.0,0.0,0.0,0.0,,,0.0,0.0,,1.2256e-08,0.065059946496
mwir_std_thermal,D:\HwaSimIR\HwaSim_IR\Bin\Config\Atmosphere\MODTRAN\raw\audit_mwir_standard_20260906\mwir_std_thermal\MODOUT2.txt,W/(cm^2 sr cm^-1),W/(cm^2 cm^-1),W/(m^2 sr um),W/(m^2 um),value_si=value_native*1e8/(wavelength_um^2),2305.0,4.3383947939262475,0.0,1.1828e-08,0.0628424597,0.0,0.0,0.0,0.0,,,0.0,0.0,,1.1828e-08,0.0628424597
mwir_std_thermal,D:\HwaSimIR\HwaSim_IR\Bin\Config\Atmosphere\MODTRAN\raw\audit_mwir_standard_20260906\mwir_std_thermal\MODOUT2.txt,W/(cm^2 sr cm^-1),W/(cm^2 cm^-1),W/(m^2 sr um),W/(m^2 um),value_si=value_native*1e8/(wavelength_um^2),2306.0,4.336513443191674,0.0,1.1847e-08,0.06299803369200001,0.0,0.0,0.0,0.0,,,0.0,0.0,,1.1847e-08,0.06299803369200001
mwir_std_thermal,D:\HwaSimIR\HwaSim_IR\Bin\Config\Atmosphere\MODTRAN\raw\audit_mwir_standard_20260906\mwir_std_thermal\MODOUT2.txt,W/(cm^2 sr cm^-1),W/(cm^2 cm^-1),W/(m^2 sr um),W/(m^2 um),value_si=value_native*1e8/(wavelength_um^2),2307.0,4.334633723450368,0.0,1.1413e-08,0.06074282783700001,0.0,0.0,0.0,0.0,,,0.0,0.0,,1.1413e-08,0.06074282783700001
mwir_std_thermal,D:\HwaSimIR\HwaSim_IR\Bin\Config\Atmosphere\MODTRAN\raw\audit_mwir_standard_20260906\mwir_std_thermal\MODOUT2.txt,W/(cm^2 sr cm^-1),W/(cm^2 cm^-1),W/(m^2 sr um),W/(m^2 um),value_si=value_native*1e8/(wavelength_um^2),2308.0,4.332755632582322,0.0,1.1548e-08,0.061514625472000005,0.0,0.0,0.0,0.0,,,0.0,0.0,,1.1548e-08,0.061514625472000005
mwir_std_thermal,D:\HwaSimIR\HwaSim_IR\Bin\Config\Atmosphere\MODTRAN\raw\audit_mwir_standard_20260906\mwir_std_thermal\MODOUT2.txt,W/(cm^2 sr cm^-1),W/(cm^2 cm^-1),W/(m^2 sr um),W/(m^2 um),value_si=value_native*1e8/(wavelength_um^2),2309.0,4.3308791684712,0.0,1.1199e-08,0.059707255718999985,0.0,0.0,0.0,0.0,,,0.0,0.0,,1.1199e-08,0.059707255718999985
mwir_std_thermal,D:\HwaSimIR\HwaSim_IR\Bin\Config\Atmosphere\MODTRAN\raw\audit_mwir_standard_20260906\mwir_std_thermal\MODOUT2.txt,W/(cm^2 sr cm^-1),W/(cm^2 cm^-1),W/(m^2 sr um),W/(m^2 um),value_si=value_native*1e8/(wavelength_um^2),2310.0,4.329004329004329,0.0,1.1363e-08,0.06063410430000001,0.0,0.0,0.0,0.0,,,0.0,0.0,,1.1363e-08,0.06063410430000001
mwir_std_thermal,D:\HwaSimIR\HwaSim_IR\Bin\Config\Atmosphere\MODTRAN\raw\audit_mwir_standard_20260906\mwir_std_thermal\MODOUT2.txt,W/(cm^2 sr cm^-1),W/(cm^2 cm^-1),W/(m^2 sr um),W/(m^2 um),value_si=value_native*1e8/(wavelength_um^2),2311.0,4.327131112072696,0.0,1.1042e-08,0.05897224128200001,0.0,0.0,0.0,0.0,,,0.0,0.0,,1.1042e-08,0.05897224128200001
mwir_std_thermal,D:\HwaSimIR\HwaSim_IR\Bin\Config\Atmosphere\MODTRAN\raw\audit_mwir_standard_20260906\mwir_std_thermal\MODOUT2.txt,W/(cm^2 sr cm^-1),W/(cm^2 cm^-1),W/(m^2 sr um),W/(m^2 um),value_si=value_native*1e8/(wavelength_um^2),2312.0,4.325259515570934,0.0,1.1191e-08,0.059819744704,0.0,0.0,0.0,0.0,,,0.0,0.0,,1.1191e-08,0.059819744704
mwir_std_thermal,D:\HwaSimIR\HwaSim_IR\Bin\Config\Atmosphere\MODTRAN\raw\audit_mwir_standard_20260906\mwir_std_thermal\MODOUT2.txt,W/(cm^2 sr cm^-1),W/(cm^2 cm^-1),W/(m^2 sr um),W/(m^2 um),value_si=value_native*1e8/(wavelength_um^2),2313.0,4.323389537397319,0.0,1.0893e-08,0.058277212317000004,0.0,0.0,0.0,0.0,,,0.0,0.0,,1.0893e-08,0.058277212317000004
mwir_std_thermal,D:\HwaSimIR\HwaSim_IR\Bin\Config\Atmosphere\MODTRAN\raw\audit_mwir_standard_20260906\mwir_std_thermal\MODOUT2.txt,W/(cm^2 sr cm^-1),W/(cm^2 cm^-1),W/(m^2 sr um),W/(m^2 um),value_si=value_native*1e8/(wavelength_um^2),2314.0,4.32152117545376,0.0,1.0989e-08,0.058841655443999996,0.0,0.0,0.0,0.0,,,0.0,0.0,,1.0989e-08,0.058841655443999996
mwir_std_thermal,D:\HwaSimIR\HwaSim_IR\Bin\Config\Atmosphere\MODTRAN\raw\audit_mwir_standard_20260906\mwir_std_thermal\MODOUT2.txt,W/(cm^2 sr cm^-1),W/(cm^2 cm^-1),W/(m^2 sr um),W/(m^2 um),value_si=value_native*1e8/(wavelength_um^2),2315.0,4.319654427645788,0.0,1.0761e-08,0.05767062022500002,0.0,0.0,0.0,0.0,,,0.0,0.0,,1.0761e-08,0.05767062022500002
mwir_std_thermal,D:\HwaSimIR\HwaSim_IR\Bin\Config\Atmosphere\MODTRAN\raw\audit_mwir_standard_20260906\mwir_std_thermal\MODOUT2.txt,W/(cm^2 sr cm^-1),W/(cm^2 cm^-1),W/(m^2 sr um),W/(m^2 um),value_si=value_native*1e8/(wavelength_um^2),2316.0,4.317789291882556,0.0,1.081e-08,0.057983283360000006,0.0,0.0,0.0,0.0,,,0.0,0.0,,1.081e-08,0.057983283360000006
mwir_std_thermal,D:\HwaSimIR\HwaSim_IR\Bin\Config\Atmosphere\MODTRAN\raw\audit_mwir_standard_20260906\mwir_std_thermal\MODOUT2.txt,W/(cm^2 sr cm^-1),W/(cm^2 cm^-1),W/(m^2 sr um),W/(m^2 um),value_si=value_native*1e8/(wavelength_um^2),2317.0,4.315925766076823,0.0,1.0634e-08,0.057088512025999995,0.0,0.0,0.0,0.0,,,0.0,0.0,,1.0634e-08,0.057088512025999995
mwir_std_thermal,D:\HwaSimIR\HwaSim_IR\Bin\Config\Atmosphere\MODTRAN\raw\audit_mwir_standard_20260906\mwir_std_thermal\MODOUT2.txt,W/(cm^2 sr cm^-1),W/(cm^2 cm^-1),W/(m^2 sr um),W/(m^2 um),value_si=value_native*1e8/(wavelength_um^2),2318.0,4.3140638481449525,0.0,1.0643e-08,0.057186158732,0.0,0.0,0.0,0.0,,,0.0,0.0,,1.0643e-08,0.057186158732
mwir_std_thermal,D:\HwaSimIR\HwaSim_IR\Bin\Config\Atmosphere\MODTRAN\raw\audit_mwir_standard_20260906\mwir_std_thermal\MODOUT2.txt,W/(cm^2 sr cm^-1),W/(cm^2 cm^-1),W/(m^2 sr um),W/(m^2 um),value_si=value_native*1e8/(wavelength_um^2),2319.0,4.3122035360068995,0.0,1.0472e-08,0.056315913191999994,0.0,0.0,0.0,0.0,,,0.0,0.0,,1.0472e-08,0.056315913191999994
mwir_std_thermal,D:\HwaSimIR\HwaSim_IR\Bin\Config\Atmosphere\MODTRAN\raw\audit_mwir_standard_20260906\mwir_std_thermal\MODOUT2.txt,W/(cm^2 sr cm^-1),W/(cm^2 cm^-1),W/(m^2 sr um),W/(m^2 um),value_si=value_native*1e8/(wavelength_um^2),2320.0,4.310344827586207,0.0,1.0483e-08,0.05642369919999999,0.0,0.0,0.0,0.0,,,0.0,0.0,,1.0483e-08,0.05642369919999999
mwir_std_thermal,D:\HwaSimIR\HwaSim_IR\Bin\Config\Atmosphere\MODTRAN\raw\audit_mwir_standard_20260906\mwir_std_thermal\MODOUT2.txt,W/(cm^2 sr cm^-1),W/(cm^2 cm^-1),W/(m^2 sr um),W/(m^2 um),value_si=value_native*1e8/(wavelength_um^2),2321.0,4.308487720809996,0.0,1.0341e-08,0.055707390980999985,0.0,0.0,0.0,0.0,,,0.0,0.0,,1.0341e-08,0.055707390980999985
mwir_std_thermal,D:\HwaSimIR\HwaSim_IR\Bin\Config\Atmosphere\MODTRAN\raw\audit_mwir_standard_20260906\mwir_std_thermal\MODOUT2.txt,W/(cm^2 sr cm^-1),W/(cm^2 cm^-1),W/(m^2 sr um),W/(m^2 um),value_si=value_native*1e8/(wavelength_um^2),2322.0,4.306632213608958,0.0,1.0349e-08,0.05579853771600002,0.0,0.0,0.0,0.0,,,0.0,0.0,,1.0349e-08,0.05579853771600002
mwir_std_thermal,D:\HwaSimIR\HwaSim_IR\Bin\Config\Atmosphere\MODTRAN\raw\audit_mwir_standard_20260906\mwir_std_thermal\MODOUT2.txt,W/(cm^2 sr cm^-1),W/(cm^2 cm^-1),W/(m^2 sr um),W/(m^2 um),value_si=value_native*1e8/(wavelength_um^2),2323.0,4.304778303917348,0.0,1.0212e-08,0.05510731174800001,0.0,0.0,0.0,0.0,,,0.0,0.0,,1.0212e-08,0.05510731174800001
mwir_std_thermal,D:\HwaSimIR\HwaSim_IR\Bin\Config\Atmosphere\MODTRAN\raw\audit_mwir_standard_20260906\mwir_std_thermal\MODOUT2.txt,W/(cm^2 sr cm^-1),W/(cm^2 cm^-1),W/(m^2 sr um),W/(m^2 um),value_si=value_native*1e8/(wavelength_um^2),2324.0,4.3029259896729775,0.0,1.0215e-08,0.055170969840000014,0.0,0.0,0.0,0.0,,,0.0,0.0,,1.0215e-08,0.055170969840000014
mwir_std_thermal,D:\HwaSimIR\HwaSim_IR\Bin\Config\Atmosphere\MODTRAN\raw\audit_mwir_standard_20260906\mwir_std_thermal\MODOUT2.txt,W/(cm^2 sr cm^-1),W/(cm^2 cm^-1),W/(m^2 sr um),W/(m^2 um),value_si=value_native*1e8/(wavelength_um^2),2325.0,4.301075268817204,0.0,1.0099e-08,0.054591406875000005,0.0,0.0,0.0,0.0,,,0.0,0.0,,1.0099e-08,0.054591406875000005
mwir_std_thermal,D:\HwaSimIR\HwaSim_IR\Bin\Config\Atmosphere\MODTRAN\raw\audit_mwir_standard_20260906\mwir_std_thermal\MODOUT2.txt,W/(cm^2 sr cm^-1),W/(cm^2 cm^-1),W/(m^2 sr um),W/(m^2 um),value_si=value_native*1e8/(wavelength_um^2),2326.0,4.299226139294927,0.0,1.0098e-08,0.054632967048000004,0.0,0.0,0.0,0.0,,,0.0,0.0,,1.0098e-08,0.054632967048000004
mwir_std_thermal,D:\HwaSimIR\HwaSim_IR\Bin\Config\Atmosphere\MODTRAN\raw\audit_mwir_standard_20260906\mwir_std_thermal\MODOUT2.txt,W/(cm^2 sr cm^-1),W/(cm^2 cm^-1),W/(m^2 sr um),W/(m^2 um),value_si=value_native*1e8/(wavelength_um^2),2327.0,4.297378599054577,0.0,9.9971e-09,0.0541335867059,0.0,0.0,0.0,0.0,,,0.0,0.0,,9.9971e-09,0.0541335867059
mwir_std_thermal,D:\HwaSimIR\HwaSim_IR\Bin\Config\Atmosphere\MODTRAN\raw\audit_mwir_standard_20260906\mwir_std_thermal\MODOUT2.txt,W/(cm^2 sr cm^-1),W/(cm^2 cm^-1),W/(m^2 sr um),W/(m^2 um),value_si=value_native*1e8/(wavelength_um^2),2328.0,4.29553264604811,0.0,9.9807e-09,0.0540912420288,0.0,0.0,0.0,0.0,,,0.0,0.0,,9.9807e-09,0.0540912420288
mwir_std_thermal,D:\HwaSimIR\HwaSim_IR\Bin\Config\Atmosphere\MODTRAN\raw\audit_mwir_standard_20260906\mwir_std_thermal\MODOUT2.txt,W/(cm^2 sr cm^-1),W/(cm^2 cm^-1),W/(m^2 sr um),W/(m^2 um),value_si=value_native*1e8/(wavelength_um^2),2329.0,4.293688278231,0.0,9.9137e-09,0.053774298001700006,0.0,0.0,0.0,0.0,,,0.0,0.0,,9.9137e-09,0.053774298001700006
mwir_std_thermal,D:\HwaSimIR\HwaSim_IR\Bin\Config\Atmosphere\MODTRAN\raw\audit_mwir_standard_20260906\mwir_std_thermal\MODOUT2.txt,W/(cm^2 sr cm^-1),W/(cm^2 cm^-1),W/(m^2 sr um),W/(m^2 um),value_si=value_native*1e8/(wavelength_um^2),2330.0,4.291845493562231,0.0,9.835e-09,0.05339323150000001,0.0,0.0,0.0,0.0,,,0.0,0.0,,9.835e-09,0.05339323150000001
mwir_std_thermal,D:\HwaSimIR\HwaSim_IR\Bin\Config\Atmosphere\MODTRAN\raw\audit_mwir_standard_20260906\mwir_std_thermal\MODOUT2.txt,W/(cm^2 sr cm^-1),W/(cm^2 cm^-1),W/(m^2 sr um),W/(m^2 um),value_si=value_native*1e8/(wavelength_um^2),2331.0,4.29000429000429,0.0,9.823e-09,0.053373869703,0.0,0.0,0.0,0.0,,,0.0,0.0,,9.823e-09,0.053373869703
mwir_std_thermal,D:\HwaSimIR\HwaSim_IR\Bin\Config\Atmosphere\MODTRAN\raw\audit_mwir_standard_20260906\mwir_std_thermal\MODOUT2.txt,W/(cm^2 sr cm^-1),W/(cm^2 cm^-1),W/(m^2 sr um),W/(m^2 um),value_si=value_native*1e8/(wavelength_um^2),2332.0,4.288164665523156,0.0,9.7677e-09,0.05311894056480001,0.0,0.0,0.0,0.0,,,0.0,0.0,,9.7677e-09,0.05311894056480001
mwir_std_thermal,D:\HwaSimIR\HwaSim_IR\Bin\Config\Atmosphere\MODTRAN\raw\audit_mwir_standard_20260906\mwir_std_thermal\MODOUT2.txt,W/(cm^2 sr cm^-1),W/(cm^2 cm^-1),W/(m^2 sr um),W/(m^2 um),value_si=value_native*1e8/(wavelength_um^2),2333.0,4.286326618088299,0.0,9.7151e-09,0.052878210923899986,0.0,0.0,0.0,0.0,,,0.0,0.0,,9.7151e-09,0.052878210923899986
mwir_std_thermal,D:\HwaSimIR\HwaSim_IR\Bin\Config\Atmosphere\MODTRAN\raw\audit_mwir_standard_20260906\mwir_std_thermal\MODOUT2.txt,W/(cm^2 sr cm^-1),W/(cm^2 cm^-1),W/(m^2 sr um),W/(m^2 um),value_si=value_native*1e8/(wavelength_um^2),2334.0,4.284490145672665,0.0,9.6469e-09,0.0525520279764,0.0,0.0,0.0,0.0,,,0.0,0.0,,9.6469e-09,0.0525520279764
mwir_std_thermal,D:\HwaSimIR\HwaSim_IR\Bin\Config\Atmosphere\MODTRAN\raw\audit_mwir_standard_20260906\mwir_std_thermal\MODOUT2.txt,W/(cm^2 sr cm^-1),W/(cm^2 cm^-1),W/(m^2 sr um),W/(m^2 um),value_si=value_native*1e8/(wavelength_um^2),2335.0,4.282655246252677,0.0,9.6163e-09,0.05243023126749999,0.0,0.0,0.0,0.0,,,0.0,0.0,,9.6163e-09,0.05243023126749999
mwir_std_thermal,D:\HwaSimIR\HwaSim_IR\Bin\Config\Atmosphere\MODTRAN\raw\audit_mwir_standard_20260906\mwir_std_thermal\MODOUT2.txt,W/(cm^2 sr cm^-1),W/(cm^2 cm^-1),W/(m^2 sr um),W/(m^2 um),value_si=value_native*1e8/(wavelength_um^2),2336.0,4.280821917808219,0.0,9.5543e-09,0.05213682145279999,0.0,0.0,0.0,0.0,,,0.0,0.0,,9.5543e-09,0.05213682145279999
mwir_std_thermal,D:\HwaSimIR\HwaSim_IR\Bin\Config\Atmosphere\MODTRAN\raw\audit_mwir_standard_20260906\mwir_std_thermal\MODOUT2.txt,W/(cm^2 sr cm^-1),W/(cm^2 cm^-1),W/(m^2 sr um),W/(m^2 um),value_si=value_native*1e8/(wavelength_um^2),2337.0,4.278990158322636,0.0,9.5082e-09,0.0519296903658,0.0,0.0,0.0,0.0,,,0.0,0.0,,9.5082e-09,0.0519296903658
mwir_std_thermal,D:\HwaSimIR\HwaSim_IR\Bin\Config\Atmosphere\MODTRAN\raw\audit_mwir_standard_20260906\mwir_std_thermal\MODOUT2.txt,W/(cm^2 sr cm^-1),W/(cm^2 cm^-1),W/(m^2 sr um),W/(m^2 um),value_si=value_native*1e8/(wavelength_um^2),2338.0,4.277159965782721,0.0,9.4791e-09,0.05181507350039999,0.0,0.0,0.0,0.0,,,0.0,0.0,,9.4791e-09,0.05181507350039999
mwir_std_thermal,D:\HwaSimIR\HwaSim_IR\Bin\Config\Atmosphere\MODTRAN\raw\audit_mwir_standard_20260906\mwir_std_thermal\MODOUT2.txt,W/(cm^2 sr cm^-1),W/(cm^2 cm^-1),W/(m^2 sr um),W/(m^2 um),value_si=value_native*1e8/(wavelength_um^2),2339.0,4.275331338178709,0.0,9.4327e-09,0.0516055565167,0.0,0.0,0.0,0.0,,,0.0,0.0,,9.4327e-09,0.0516055565167
mwir_std_thermal,D:\HwaSimIR\HwaSim_IR\Bin\Config\Atmosphere\MODTRAN\raw\audit_mwir_standard_20260906\mwir_std_thermal\MODOUT2.txt,W/(cm^2 sr cm^-1),W/(cm^2 cm^-1),W/(m^2 sr um),W/(m^2 um),value_si=value_native*1e8/(wavelength_um^2),2340.0,4.273504273504273,0.0,9.3715e-09,0.05131458540000001,0.0,0.0,0.0,0.0,,,0.0,0.0,,9.3715e-09,0.05131458540000001
mwir_std_thermal,D:\HwaSimIR\HwaSim_IR\Bin\Config\Atmosphere\MODTRAN\raw\audit_mwir_standard_20260906\mwir_std_thermal\MODOUT2.txt,W/(cm^2 sr cm^-1),W/(cm^2 cm^-1),W/(m^2 sr um),W/(m^2 um),value_si=value_native*1e8/(wavelength_um^2),2341.0,4.271678769756514,0.0,9.3263e-09,0.051110744690300004,0.0,0.0,0.0,0.0,,,0.0,0.0,,9.3263e-09,0.051110744690300004
mwir_std_thermal,D:\HwaSimIR\HwaSim_IR\Bin\Config\Atmosphere\MODTRAN\raw\audit_mwir_standard_20260906\mwir_std_thermal\MODOUT2.txt,W/(cm^2 sr cm^-1),W/(cm^2 cm^-1),W/(m^2 sr um),W/(m^2 um),value_si=value_native*1e8/(wavelength_um^2),2342.0,4.269854824935952,0.0,9.2814e-09,0.050908144869600006,0.0,0.0,0.0,0.0,,,0.0,0.0,,9.2814e-09,0.050908144869600006
mwir_std_thermal,D:\HwaSimIR\HwaSim_IR\Bin\Config\Atmosphere\MODTRAN\raw\audit_mwir_standard_20260906\mwir_std_thermal\MODOUT2.txt,W/(cm^2 sr cm^-1),W/(cm^2 cm^-1),W/(m^2 sr um),W/(m^2 um),value_si=value_native*1e8/(wavelength_um^2),2343.0,4.2680324370465215,0.0,9.2454e-09,0.0507540008646,0.0,0.0,0.0,0.0,,,0.0,0.0,,9.2454e-09,0.0507540008646
mwir_std_thermal,D:\HwaSimIR\HwaSim_IR\Bin\Config\Atmosphere\MODTRAN\raw\audit_mwir_standard_20260906\mwir_std_thermal\MODOUT2.txt,W/(cm^2 sr cm^-1),W/(cm^2 cm^-1),W/(m^2 sr um),W/(m^2 um),value_si=value_native*1e8/(wavelength_um^2),2344.0,4.266211604095563,0.0,9.2212e-09,0.0506643711232,0.0,0.0,0.0,0.0,,,0.0,0.0,,9.2212e-09,0.0506643711232
mwir_std_thermal,D:\HwaSimIR\HwaSim_IR\Bin\Config\Atmosphere\MODTRAN\raw\audit_mwir_standard_20260906\mwir_std_thermal\MODOUT2.txt,W/(cm^2 sr cm^-1),W/(cm^2 cm^-1),W/(m^2 sr um),W/(m^2 um),value_si=value_native*1e8/(wavelength_um^2),2345.0,4.264392324093817,0.0,9.1478e-09,0.050303980894999996,0.0,0.0,0.0,0.0,,,0.0,0.0,,9.1478e-09,0.050303980894999996
mwir_std_thermal,D:\HwaSimIR\HwaSim_IR\Bin\Config\Atmosphere\MODTRAN\raw\audit_mwir_standard_20260906\mwir_std_thermal\MODOUT2.txt,W/(cm^2 sr cm^-1),W/(cm^2 cm^-1),W/(m^2 sr um),W/(m^2 um),value_si=value_native*1e8/(wavelength_um^2),2346.0,4.262574595055414,0.0,9.1128e-09,0.05015426316479999,0.0,0.0,0.0,0.0,,,0.0,0.0,,9.1128e-09,0.05015426316479999
mwir_std_thermal,D:\HwaSimIR\HwaSim_IR\Bin\Config\Atmosphere\MODTRAN\raw\audit_mwir_standard_20260906\mwir_std_thermal\MODOUT2.txt,W/(cm^2 sr cm^-1),W/(cm^2 cm^-1),W/(m^2 sr um),W/(m^2 um),value_si=value_native*1e8/(wavelength_um^2),2347.0,4.26075841499787,0.0,9.0598e-09,0.04990508385819999,0.0,0.0,0.0,0.0,,,0.0,0.0,,9.0598e-09,0.04990508385819999
mwir_std_thermal,D:\HwaSimIR\HwaSim_IR\Bin\Config\Atmosphere\MODTRAN\raw\audit_mwir_standard_20260906\mwir_std_thermal\MODOUT2.txt,W/(cm^2 sr cm^-1),W/(cm^2 cm^-1),W/(m^2 sr um),W/(m^2 um),value_si=value_native*1e8/(wavelength_um^2),2348.0,4.258943781942079,0.0,9.1199e-09,0.05027895716959999,0.0,0.0,0.0,0.0,,,0.0,0.0,,9.1199e-09,0.05027895716959999
mwir_std_thermal,D:\HwaSimIR\HwaSim_IR\Bin\Config\Atmosphere\MODTRAN\raw\audit_mwir_standard_20260906\mwir_std_thermal\MODOUT2.txt,W/(cm^2 sr cm^-1),W/(cm^2 cm^-1),W/(m^2 sr um),W/(m^2 um),value_si=value_native*1e8/(wavelength_um^2),2349.0,4.257130693912303,0.0,9.1069e-09,0.050250061926900014,0.0,0.0,0.0,0.0,,,0.0,0.0,,9.1069e-09,0.050250061926900014
mwir_std_thermal,D:\HwaSimIR\HwaSim_IR\Bin\Config\Atmosphere\MODTRAN\raw\audit_mwir_standard_20260906\mwir_std_thermal\MODOUT2.txt,W/(cm^2 sr cm^-1),W/(cm^2 cm^-1),W/(m^2 sr um),W/(m^2 um),value_si=value_native*1e8/(wavelength_um^2),2350.0,4.25531914893617,0.0,8.9929e-09,0.049663290250000006,0.0,0.0,0.0,0.0,,,0.0,0.0,,8.9929e-09,0.049663290250000006
mwir_std_thermal,D:\HwaSimIR\HwaSim_IR\Bin\Config\Atmosphere\MODTRAN\raw\audit_mwir_standard_20260906\mwir_std_thermal\MODOUT2.txt,W/(cm^2 sr cm^-1),W/(cm^2 cm^-1),W/(m^2 sr um),W/(m^2 um),value_si=value_native*1e8/(wavelength_um^2),2351.0,4.253509145044662,0.0,8.9538e-09,0.049489452313799996,0.0,0.0,0.0,0.0,,,0.0,0.0,,8.9538e-09,0.049489452313799996
mwir_std_thermal,D:\HwaSimIR\HwaSim_IR\Bin\Config\Atmosphere\MODTRAN\raw\audit_mwir_standard_20260906\mwir_std_thermal\MODOUT2.txt,W/(cm^2 sr cm^-1),W/(cm^2 cm^-1),W/(m^2 sr um),W/(m^2 um),value_si=value_native*1e8/(wavelength_um^2),2352.0,4.2517006802721085,0.0,8.8434e-09,0.0489208398336,0.0,0.0,0.0,0.0,,,0.0,0.0,,8.8434e-09,0.0489208398336
mwir_std_thermal,D:\HwaSimIR\HwaSim_IR\Bin\Config\Atmosphere\MODTRAN\raw\audit_mwir_standard_20260906\mwir_std_thermal\MODOUT2.txt,W/(cm^2 sr cm^-1),W/(cm^2 cm^-1),W/(m^2 sr um),W/(m^2 um),value_si=value_native*1e8/(wavelength_um^2),2353.0,4.249893752656184,0.0,8.8007e-09,0.04872603482629999,0.0,0.0,0.0,0.0,,,0.0,0.0,,8.8007e-09,0.04872603482629999
mwir_std_thermal,D:\HwaSimIR\HwaSim_IR\Bin\Config\Atmosphere\MODTRAN\raw\audit_mwir_standard_20260906\mwir_std_thermal\MODOUT2.txt,W/(cm^2 sr cm^-1),W/(cm^2 cm^-1),W/(m^2 sr um),W/(m^2 um),value_si=value_native*1e8/(wavelength_um^2),2354.0,4.248088360237893,0.0,8.7779e-09,0.048641117716400006,0.0,0.0,0.0,0.0,,,0.0,0.0,,8.7779e-09,0.048641117716400006
mwir_std_thermal,D:\HwaSimIR\HwaSim_IR\Bin\Config\Atmosphere\MODTRAN\raw\audit_mwir_standard_20260906\mwir_std_thermal\MODOUT2.txt,W/(cm^2 sr cm^-1),W/(cm^2 cm^-1),W/(m^2 sr um),W/(m^2 um),value_si=value_native*1e8/(wavelength_um^2),2355.0,4.246284501061571,0.0,8.716e-09,0.0483391539,0.0,0.0,0.0,0.0,,,0.0,0.0,,8.716e-09,0.0483391539
mwir_std_thermal,D:\HwaSimIR\HwaSim_IR\Bin\Config\Atmosphere\MODTRAN\raw\audit_mwir_standard_20260906\mwir_std_thermal\MODOUT2.txt,W/(cm^2 sr cm^-1),W/(cm^2 cm^-1),W/(m^2 sr um),W/(m^2 um),value_si=value_native*1e8/(wavelength_um^2),2356.0,4.244482173174872,0.0,8.6739e-09,0.048146528990400006,0.0,0.0,0.0,0.0,,,0.0,0.0,,8.6739e-09,0.048146528990400006
mwir_std_thermal,D:\HwaSimIR\HwaSim_IR\Bin\Config\Atmosphere\MODTRAN\raw\audit_mwir_standard_20260906\mwir_std_thermal\MODOUT2.txt,W/(cm^2 sr cm^-1),W/(cm^2 cm^-1),W/(m^2 sr um),W/(m^2 um),value_si=value_native*1e8/(wavelength_um^2),2357.0,4.2426813746287655,0.0,8.632e-09,0.047954635768000006,0.0,0.0,0.0,0.0,,,0.0,0.0,,8.632e-09,0.047954635768000006
mwir_std_thermal,D:\HwaSimIR\HwaSim_IR\Bin\Config\Atmosphere\MODTRAN\raw\audit_mwir_standard_20260906\mwir_std_thermal\MODOUT2.txt,W/(cm^2 sr cm^-1),W/(cm^2 cm^-1),W/(m^2 sr um),W/(m^2 um),value_si=value_native*1e8/(wavelength_um^2),2358.0,4.2408821034775235,0.0,8.5904e-09,0.04776403282559999,0.0,0.0,0.0,0.0,,,0.0,0.0,,8.5904e-09,0.04776403282559999
mwir_std_thermal,D:\HwaSimIR\HwaSim_IR\Bin\Config\Atmosphere\MODTRAN\raw\audit_mwir_standard_20260906\mwir_std_thermal\MODOUT2.txt,W/(cm^2 sr cm^-1),W/(cm^2 cm^-1),W/(m^2 sr um),W/(m^2 um),value_si=value_native*1e8/(wavelength_um^2),2359.0,4.23908435777872,0.0,8.5489e-09,0.047573611180900005,0.0,0.0,0.0,0.0,,,0.0,0.0,,8.5489e-09,0.047573611180900005
mwir_std_thermal,D:\HwaSimIR\HwaSim_IR\Bin\Config\Atmosphere\MODTRAN\raw\audit_mwir_standard_20260906\mwir_std_thermal\MODOUT2.txt,W/(cm^2 sr cm^-1),W/(cm^2 cm^-1),W/(m^2 sr um),W/(m^2 um),value_si=value_native*1e8/(wavelength_um^2),2360.0,4.237288135593221,0.0,8.5076e-09,0.047383928959999995,0.0,0.0,0.0,0.0,,,0.0,0.0,,8.5076e-09,0.047383928959999995
mwir_std_thermal,D:\HwaSimIR\HwaSim_IR\Bin\Config\Atmosphere\MODTRAN\raw\audit_mwir_standard_20260906\mwir_std_thermal\MODOUT2.txt,W/(cm^2 sr cm^-1),W/(cm^2 cm^-1),W/(m^2 sr um),W/(m^2 um),value_si=value_native*1e8/(wavelength_um^2),2361.0,4.235493434985176,0.0,8.4665e-09,0.047194988746499994,0.0,0.0,0.0,0.0,,,0.0,0.0,,8.4665e-09,0.047194988746499994
mwir_std_thermal,D:\HwaSimIR\HwaSim_IR\Bin\Config\Atmosphere\MODTRAN\raw\audit_mwir_standard_20260906\mwir_std_thermal\MODOUT2.txt,W/(cm^2 sr cm^-1),W/(cm^2 cm^-1),W/(m^2 sr um),W/(m^2 um),value_si=value_native*1e8/(wavelength_um^2),2362.0,4.233700254022016,0.0,8.4256e-09,0.04700679312639999,0.0,0.0,0.0,0.0,,,0.0,0.0,,8.4256e-09,0.04700679312639999
mwir_std_thermal,D:\HwaSimIR\HwaSim_IR\Bin\Config\Atmosphere\MODTRAN\raw\audit_mwir_standard_20260906\mwir_std_thermal\MODOUT2.txt,W/(cm^2 sr cm^-1),W/(cm^2 cm^-1),W/(m^2 sr um),W/(m^2 um),value_si=value_native*1e8/(wavelength_um^2),2363.0,4.231908590774439,0.0,8.3849e-09,0.0468193446881,0.0,0.0,0.0,0.0,,,0.0,0.0,,8.3849e-09,0.0468193446881
mwir_std_thermal,D:\HwaSimIR\HwaSim_IR\Bin\Config\Atmosphere\MODTRAN\raw\audit_mwir_standard_20260906\mwir_std_thermal\MODOUT2.txt,W/(cm^2 sr cm^-1),W/(cm^2 cm^-1),W/(m^2 sr um),W/(m^2 um),value_si=value_native*1e8/(wavelength_um^2),2364.0,4.230118443316413,0.0,8.3444e-09,0.0466326460224,0.0,0.0,0.0,0.0,,,0.0,0.0,,8.3444e-09,0.0466326460224
mwir_std_thermal,D:\HwaSimIR\HwaSim_IR\Bin\Config\Atmosphere\MODTRAN\raw\audit_mwir_standard_20260906\mwir_std_thermal\MODOUT2.txt,W/(cm^2 sr cm^-1),W/(cm^2 cm^-1),W/(m^2 sr um),W/(m^2 um),value_si=value_native*1e8/(wavelength_um^2),2365.0,4.2283298097251585,0.0,8.3217e-09,0.046545140482500004,0.0,0.0,0.0,0.0,,,0.0,0.0,,8.3217e-09,0.046545140482500004
mwir_std_thermal,D:\HwaSimIR\HwaSim_IR\Bin\Config\Atmosphere\MODTRAN\raw\audit_mwir_standard_20260906\mwir_std_thermal\MODOUT2.txt,W/(cm^2 sr cm^-1),W/(cm^2 cm^-1),W/(m^2 sr um),W/(m^2 um),value_si=value_native*1e8/(wavelength_um^2),2366.0,4.22654268808115,0.0,8.264e-09,0.046261508384,0.0,0.0,0.0,0.0,,,0.0,0.0,,8.264e-09,0.046261508384
mwir_std_thermal,D:\HwaSimIR\HwaSim_IR\Bin\Config\Atmosphere\MODTRAN\raw\audit_mwir_standard_20260906\mwir_std_thermal\MODOUT2.txt,W/(cm^2 sr cm^-1),W/(cm^2 cm^-1),W/(m^2 sr um),W/(m^2 um),value_si=value_native*1e8/(wavelength_um^2),2367.0,4.224757076468103,0.0,8.2499e-09,0.046221623981099996,0.0,0.0,0.0,0.0,,,0.0,0.0,,8.2499e-09,0.046221623981099996
mwir_std_thermal,D:\HwaSimIR\HwaSim_IR\Bin\Config\Atmosphere\MODTRAN\raw\audit_mwir_standard_20260906\mwir_std_thermal\MODOUT2.txt,W/(cm^2 sr cm^-1),W/(cm^2 cm^-1),W/(m^2 sr um),W/(m^2 um),value_si=value_native*1e8/(wavelength_um^2),2368.0,4.222972972972973,0.0,8.1843e-09,0.045892840243200006,0.0,0.0,0.0,0.0,,,0.0,0.0,,8.1843e-09,0.045892840243200006
mwir_std_thermal,D:\HwaSimIR\HwaSim_IR\Bin\Config\Atmosphere\MODTRAN\raw\audit_mwir_standard_20260906\mwir_std_thermal\MODOUT2.txt,W/(cm^2 sr cm^-1),W/(cm^2 cm^-1),W/(m^2 sr um),W/(m^2 um),value_si=value_native*1e8/(wavelength_um^2),2369.0,4.221190375685944,0.0,8.1588e-09,0.045788499166799994,0.0,0.0,0.0,0.0,,,0.0,0.0,,8.1588e-09,0.045788499166799994
mwir_std_thermal,D:\HwaSimIR\HwaSim_IR\Bin\Config\Atmosphere\MODTRAN\raw\audit_mwir_standard_20260906\mwir_std_thermal\MODOUT2.txt,W/(cm^2 sr cm^-1),W/(cm^2 cm^-1),W/(m^2 sr um),W/(m^2 um),value_si=value_native*1e8/(wavelength_um^2),2370.0,4.219409282700422,0.0,8.1488e-09,0.04577099472,0.0,0.0,0.0,0.0,,,0.0,0.0,,8.1488e-09,0.04577099472
mwir_std_thermal,D:\HwaSimIR\HwaSim_IR\Bin\Config\Atmosphere\MODTRAN\raw\audit_mwir_standard_20260906\mwir_std_thermal\MODOUT2.txt,W/(cm^2 sr cm^-1),W/(cm^2 cm^-1),W/(m^2 sr um),W/(m^2 um),value_si=value_native*1e8/(wavelength_um^2),2371.0,4.217629692113032,0.0,8.1514e-09,0.045824244447400006,0.0,0.0,0.0,0.0,,,0.0,0.0,,8.1514e-09,0.045824244447400006
mwir_std_thermal,D:\HwaSimIR\HwaSim_IR\Bin\Config\Atmosphere\MODTRAN\raw\audit_mwir_standard_20260906\mwir_std_thermal\MODOUT2.txt,W/(cm^2 sr cm^-1),W/(cm^2 cm^-1),W/(m^2 sr um),W/(m^2 um),value_si=value_native*1e8/(wavelength_um^2),2372.0,4.2158516020236085,0.0,8.0958e-09,0.045550079587200004,0.0,0.0,0.0,0.0,,,0.0,0.0,,8.0958e-09,0.045550079587200004
mwir_std_thermal,D:\HwaSimIR\HwaSim_IR\Bin\Config\Atmosphere\MODTRAN\raw\audit_mwir_standard_20260906\mwir_std_thermal\MODOUT2.txt,W/(cm^2 sr cm^-1),W/(cm^2 cm^-1),W/(m^2 sr um),W/(m^2 um),value_si=value_native*1e8/(wavelength_um^2),2373.0,4.214075010535187,0.0,8.1085e-09,0.0456600094965,0.0,0.0,0.0,0.0,,,0.0,0.0,,8.1085e-09,0.0456600094965
mwir_std_thermal,D:\HwaSimIR\HwaSim_IR\Bin\Config\Atmosphere\MODTRAN\raw\audit_mwir_standard_20260906\mwir_std_thermal\MODOUT2.txt,W/(cm^2 sr cm^-1),W/(cm^2 cm^-1),W/(m^2 sr um),W/(m^2 um),value_si=value_native*1e8/(wavelength_um^2),2374.0,4.212299915754001,0.0,8.1024e-09,0.04566412170240001,0.0,0.0,0.0,0.0,,,0.0,0.0,,8.1024e-09,0.04566412170240001
mwir_std_thermal,D:\HwaSimIR\HwaSim_IR\Bin\Config\Atmosphere\MODTRAN\raw\audit_mwir_standard_20260906\mwir_std_thermal\MODOUT2.txt,W/(cm^2 sr cm^-1),W/(cm^2 cm^-1),W/(m^2 sr um),W/(m^2 um),value_si=value_native*1e8/(wavelength_um^2),2375.0,4.2105263157894735,0.0,8.0705e-09,0.0455226640625,0.0,0.0,0.0,0.0,,,0.0,0.0,,8.0705e-09,0.0455226640625
mwir_std_thermal,D:\HwaSimIR\HwaSim_IR\Bin\Config\Atmosphere\MODTRAN\raw\audit_mwir_standard_20260906\mwir_std_thermal\MODOUT2.txt,W/(cm^2 sr cm^-1),W/(cm^2 cm^-1),W/(m^2 sr um),W/(m^2 um),value_si=value_native*1e8/(wavelength_um^2),2376.0,4.2087542087542085,0.0,8.0636e-09,0.04552205391360001,0.0,0.0,0.0,0.0,,,0.0,0.0,,8.0636e-09,0.04552205391360001
mwir_std_thermal,D:\HwaSimIR\HwaSim_IR\Bin\Config\Atmosphere\MODTRAN\raw\audit_mwir_standard_20260906\mwir_std_thermal\MODOUT2.txt,W/(cm^2 sr cm^-1),W/(cm^2 cm^-1),W/(m^2 sr um),W/(m^2 um),value_si=value_native*1e8/(wavelength_um^2),2377.0,4.206983592763988,0.0,8.0855e-09,0.0456841180295,0.0,0.0,0.0,0.0,,,0.0,0.0,,8.0855e-09,0.0456841180295
mwir_std_thermal,D:\HwaSimIR\HwaSim_IR\Bin\Config\Atmosphere\MODTRAN\raw\audit_mwir_standard_20260906\mwir_std_thermal\MODOUT2.txt,W/(cm^2 sr cm^-1),W/(cm^2 cm^-1),W/(m^2 sr um),W/(m^2 um),value_si=value_native*1e8/(wavelength_um^2),2378.0,4.205214465937763,0.0,8.1354e-09,0.04600474329359999,0.0,0.0,0.0,0.0,,,0.0,0.0,,8.1354e-09,0.04600474329359999
mwir_std_thermal,D:\HwaSimIR\HwaSim_IR\Bin\Config\Atmosphere\MODTRAN\raw\audit_mwir_standard_20260906\mwir_std_thermal\MODOUT2.txt,W/(cm^2 sr cm^-1),W/(cm^2 cm^-1),W/(m^2 sr um),W/(m^2 um),value_si=value_native*1e8/(wavelength_um^2),2379.0,4.203446826397646,0.0,8.2221e-09,0.04653413426610001,0.0,0.0,0.0,0.0,,,0.0,0.0,,8.2221e-09,0.04653413426610001
mwir_std_thermal,D:\HwaSimIR\HwaSim_IR\Bin\Config\Atmosphere\MODTRAN\raw\audit_mwir_standard_20260906\mwir_std_thermal\MODOUT2.txt,W/(cm^2 sr cm^-1),W/(cm^2 cm^-1),W/(m^2 sr um),W/(m^2 um),value_si=value_native*1e8/(wavelength_um^2),2380.0,4.201680672268908,0.0,8.3739e-09,0.047433119159999995,0.0,0.0,0.0,0.0,,,0.0,0.0,,8.3739e-09,0.047433119159999995
mwir_std_thermal,D:\HwaSimIR\HwaSim_IR\Bin\Config\Atmosphere\MODTRAN\raw\audit_mwir_standard_20260906\mwir_std_thermal\MODOUT2.txt,W/(cm^2 sr cm^-1),W/(cm^2 cm^-1),W/(m^2 sr um),W/(m^2 um),value_si=value_native*1e8/(wavelength_um^2),2381.0,4.199916001679966,0.0,8.6081e-09,0.04880070480410001,0.0,0.0,0.0,0.0,,,0.0,0.0,,8.6081e-09,0.04880070480410001
mwir_std_thermal,D:\HwaSimIR\HwaSim_IR\Bin\Config\Atmosphere\MODTRAN\raw\audit_mwir_standard_20260906\mwir_std_thermal\MODOUT2.txt,W/(cm^2 sr cm^-1),W/(cm^2 cm^-1),W/(m^2 sr um),W/(m^2 um),value_si=value_native*1e8/(wavelength_um^2),2382.0,4.198152812762385,1.1e-07,8.8872e-09,0.050425297372799986,0.0,0.0,0.0,0.0,,,0.0,0.0,,8.8872e-09,0.050425297372799986
mwir_std_thermal,D:\HwaSimIR\HwaSim_IR\Bin\Config\Atmosphere\MODTRAN\raw\audit_mwir_standard_20260906\mwir_std_thermal\MODOUT2.txt,W/(cm^2 sr cm^-1),W/(cm^2 cm^-1),W/(m^2 sr um),W/(m^2 um),value_si=value_native*1e8/(wavelength_um^2),2383.0,4.1963911036508605,1.232e-05,9.2818e-09,0.052708455560200006,0.0,0.0,0.0,0.0,,,0.0,0.0,,9.2818e-09,0.052708455560200006
mwir_std_thermal,D:\HwaSimIR\HwaSim_IR\Bin\Config\Atmosphere\MODTRAN\raw\audit_mwir_standard_20260906\mwir_std_thermal\MODOUT2.txt,W/(cm^2 sr cm^-1),W/(cm^2 cm^-1),W/(m^2 sr um),W/(m^2 um),value_si=value_native*1e8/(wavelength_um^2),2384.0,4.194630872483222,0.00022,1.019e-08,0.05791441664,0.0,0.0,0.0,0.0,,,0.0,0.0,,1.019e-08,0.05791441664
mwir_std_thermal,D:\HwaSimIR\HwaSim_IR\Bin\Config\Atmosphere\MODTRAN\raw\audit_mwir_standard_20260906\mwir_std_thermal\MODOUT2.txt,W/(cm^2 sr cm^-1),W/(cm^2 cm^-1),W/(m^2 sr um),W/(m^2 um),value_si=value_native*1e8/(wavelength_um^2),2385.0,4.1928721174004195,0.00215873,1.1806e-08,0.06715518435000001,0.0,0.0,0.0,0.0,,,0.0,0.0,,1.1806e-08,0.06715518435000001
mwir_std_thermal,D:\HwaSimIR\HwaSim_IR\Bin\Config\Atmosphere\MODTRAN\raw\audit_mwir_standard_20260906\mwir_std_thermal\MODOUT2.txt,W/(cm^2 sr cm^-1),W/(cm^2 cm^-1),W/(m^2 sr um),W/(m^2 um),value_si=value_native*1e8/(wavelength_um^2),2386.0,4.191114836546522,0.0100873,1.2736e-08,0.072505997056,0.0,0.0,0.0,0.0,,,0.0,0.0,,1.2736e-08,0.072505997056
mwir_std_thermal,D:\HwaSimIR\HwaSim_IR\Bin\Config\Atmosphere\MODTRAN\raw\audit_mwir_standard_20260906\mwir_std_thermal\MODOUT2.txt,W/(cm^2 sr cm^-1),W/(cm^2 cm^-1),W/(m^2 sr um),W/(m^2 um),value_si=value_native*1e8/(wavelength_um^2),2387.0,4.189359028068705,0.04184585,1.3782e-08,0.07852665235800001,0.0,0.0,0.0,0.0,,,0.0,0.0,,1.3782e-08,0.07852665235800001
mwir_std_thermal,D:\HwaSimIR\HwaSim_IR\Bin\Config\Atmosphere\MODTRAN\raw\audit_mwir_standard_20260906\mwir_std_thermal\MODOUT2.txt,W/(cm^2 sr cm^-1),W/(cm^2 cm^-1),W/(m^2 sr um),W/(m^2 um),value_si=value_native*1e8/(wavelength_um^2),2388.0,4.187604690117253,0.12344414,1.5671e-08,0.08936456702400002,0.0,0.0,0.0,0.0,,,0.0,0.0,,1.5671e-08,0.08936456702400002
mwir_std_thermal,D:\HwaSimIR\HwaSim_IR\Bin\Config\Atmosphere\MODTRAN\raw\audit_mwir_standard_20260906\mwir_std_thermal\MODOUT2.txt,W/(cm^2 sr cm^-1),W/(cm^2 cm^-1),W/(m^2 sr um),W/(m^2 um),value_si=value_native*1e8/(wavelength_um^2),2389.0,4.185851820845542,0.16008943,1.4929e-08,0.08520459520899999,0.0,0.0,0.0,0.0,,,0.0,0.0,,1.4929e-08,0.08520459520899999
mwir_std_thermal,D:\HwaSimIR\HwaSim_IR\Bin\Config\Atmosphere\MODTRAN\raw\audit_mwir_standard_20260906\mwir_std_thermal\MODOUT2.txt,W/(cm^2 sr cm^-1),W/(cm^2 cm^-1),W/(m^2 sr um),W/(m^2 um),value_si=value_native*1e8/(wavelength_um^2),2390.0,4.184100418410042,0.32057759,1.4075e-08,0.08039780750000002,0.0,0.0,0.0,0.0,,,0.0,0.0,,1.4075e-08,0.08039780750000002
mwir_std_thermal,D:\HwaSimIR\HwaSim_IR\Bin\Config\Atmosphere\MODTRAN\raw\audit_mwir_standard_20260906\mwir_std_thermal\MODOUT2.txt,W/(cm^2 sr cm^-1),W/(cm^2 cm^-1),W/(m^2 sr um),W/(m^2 um),value_si=value_native*1e8/(wavelength_um^2),2391.0,4.182350480970305,0.40338129,1.2605e-08,0.072061285005,0.0,0.0,0.0,0.0,,,0.0,0.0,,1.2605e-08,0.072061285005
mwir_std_thermal,D:\HwaSimIR\HwaSim_IR\Bin\Config\Atmosphere\MODTRAN\raw\audit_mwir_standard_20260906\mwir_std_thermal\MODOUT2.txt,W/(cm^2 sr cm^-1),W/(cm^2 cm^-1),W/(m^2 sr um),W/(m^2 um),value_si=value_native*1e8/(wavelength_um^2),2392.0,4.1806020066889635,0.49956548,1.1035e-08,0.06313856223999999,0.0,0.0,0.0,0.0,,,0.0,0.0,,1.1035e-08,0.06313856223999999
mwir_std_thermal,D:\HwaSimIR\HwaSim_IR\Bin\Config\Atmosphere\MODTRAN\raw\audit_mwir_standard_20260906\mwir_std_thermal\MODOUT2.txt,W/(cm^2 sr cm^-1),W/(cm^2 cm^-1),W/(m^2 sr um),W/(m^2 um),value_si=value_native*1e8/(wavelength_um^2),2393.0,4.178854993731718,0.57032597,9.5158e-09,0.054491743394199994,0.0,0.0,0.0,0.0,,,0.0,0.0,,9.5158e-09,0.054491743394199994
mwir_std_thermal,D:\HwaSimIR\HwaSim_IR\Bin\Config\Atmosphere\MODTRAN\raw\audit_mwir_standard_20260906\mwir_std_thermal\MODOUT2.txt,W/(cm^2 sr cm^-1),W/(cm^2 cm^-1),W/(m^2 sr um),W/(m^2 um),value_si=value_native*1e8/(wavelength_um^2),2394.0,4.177109440267335,0.60680747,8.6705e-09,0.049692681738,0.0,0.0,0.0,0.0,,,0.0,0.0,,8.6705e-09,0.049692681738
mwir_std_thermal,D:\HwaSimIR\HwaSim_IR\Bin\Config\Atmosphere\MODTRAN\raw\audit_mwir_standard_20260906\mwir_std_thermal\MODOUT2.txt,W/(cm^2 sr cm^-1),W/(cm^2 cm^-1),W/(m^2 sr um),W/(m^2 um),value_si=value_native*1e8/(wavelength_um^2),2395.0,4.175365344467641,0.62958217,8.1362e-09,0.046669446605,0.0,0.0,0.0,0.0,,,0.0,0.0,,8.1362e-09,0.046669446605
mwir_std_thermal,D:\HwaSimIR\HwaSim_IR\Bin\Config\Atmosphere\MODTRAN\raw\audit_mwir_standard_20260906\mwir_std_thermal\MODOUT2.txt,W/(cm^2 sr cm^-1),W/(cm^2 cm^-1),W/(m^2 sr um),W/(m^2 um),value_si=value_native*1e8/(wavelength_um^2),2396.0,4.173622704507513,0.64611626,7.754e-09,0.044514287263999995,0.0,0.0,0.0,0.0,,,0.0,0.0,,7.754e-09,0.044514287263999995
mwir_std_thermal,D:\HwaSimIR\HwaSim_IR\Bin\Config\Atmosphere\MODTRAN\raw\audit_mwir_standard_20260906\mwir_std_thermal\MODOUT2.txt,W/(cm^2 sr cm^-1),W/(cm^2 cm^-1),W/(m^2 sr um),W/(m^2 um),value_si=value_native*1e8/(wavelength_um^2),2397.0,4.171881518564873,0.65979898,7.4376e-09,0.0427335414984,0.0,0.0,0.0,0.0,,,0.0,0.0,,7.4376e-09,0.0427335414984
mwir_std_thermal,D:\HwaSimIR\HwaSim_IR\Bin\Config\Atmosphere\MODTRAN\raw\audit_mwir_standard_20260906\mwir_std_thermal\MODOUT2.txt,W/(cm^2 sr cm^-1),W/(cm^2 cm^-1),W/(m^2 sr um),W/(m^2 um),value_si=value_native*1e8/(wavelength_um^2),2398.0,4.170141784820684,0.67384613,7.113e-09,0.040902623651999995,0.0,0.0,0.0,0.0,,,0.0,0.0,,7.113e-09,0.040902623651999995
mwir_std_thermal,D:\HwaSimIR\HwaSim_IR\Bin\Config\Atmosphere\MODTRAN\raw\audit_mwir_standard_20260906\mwir_std_thermal\MODOUT2.txt,W/(cm^2 sr cm^-1),W/(cm^2 cm^-1),W/(m^2 sr um),W/(m^2 um),value_si=value_native*1e8/(wavelength_um^2),2399.0,4.168403501458942,0.68527114,6.8458e-09,0.03939895500579999,0.0,0.0,0.0,0.0,,,0.0,0.0,,6.8458e-09,0.03939895500579999
mwir_std_thermal,D:\HwaSimIR\HwaSim_IR\Bin\Config\Atmosphere\MODTRAN\raw\audit_mwir_standard_20260906\mwir_std_thermal\MODOUT2.txt,W/(cm^2 sr cm^-1),W/(cm^2 cm^-1),W/(m^2 sr um),W/(m^2 um),value_si=value_native*1e8/(wavelength_um^2),2400.0,4.166666666666667,0.69726676,6.5688e-09,0.037836287999999996,0.0,0.0,0.0,0.0,,,0.0,0.0,,6.5688e-09,0.037836287999999996
mwir_std_thermal,D:\HwaSimIR\HwaSim_IR\Bin\Config\Atmosphere\MODTRAN\raw\audit_mwir_standard_20260906\mwir_std_thermal\MODOUT2.txt,W/(cm^2 sr cm^-1),W/(cm^2 cm^-1),W/(m^2 sr um),W/(m^2 um),value_si=value_native*1e8/(wavelength_um^2),2401.0,4.164931278633903,0.70389807,6.4041e-09,0.036918362084099994,0.0,0.0,0.0,0.0,,,0.0,0.0,,6.4041e-09,0.036918362084099994
mwir_std_thermal,D:\HwaSimIR\HwaSim_IR\Bin\Config\Atmosphere\MODTRAN\raw\audit_mwir_standard_20260906\mwir_std_thermal\MODOUT2.txt,W/(cm^2 sr cm^-1),W/(cm^2 cm^-1),W/(m^2 sr um),W/(m^2 um),value_si=value_native*1e8/(wavelength_um^2),2402.0,4.163197335553705,0.71186846,6.211e-09,0.035835010444,0.0,0.0,0.0,0.0,,,0.0,0.0,,6.211e-09,0.035835010444
mwir_std_thermal,D:\HwaSimIR\HwaSim_IR\Bin\Config\Atmosphere\MODTRAN\raw\audit_mwir_standard_20260906\mwir_std_thermal\MODOUT2.txt,W/(cm^2 sr cm^-1),W/(cm^2 cm^-1),W/(m^2 sr um),W/(m^2 um),value_si=value_native*1e8/(wavelength_um^2),2403.0,4.161464835622139,0.71730578,6.0734e-09,0.035070295620599996,0.0,0.0,0.0,0.0,,,0.0,0.0,,6.0734e-09,0.035070295620599996
mwir_std_thermal,D:\HwaSimIR\HwaSim_IR\Bin\Config\Atmosphere\MODTRAN\raw\audit_mwir_standard_20260906\mwir_std_thermal\MODOUT2.txt,W/(cm^2 sr cm^-1),W/(cm^2 cm^-1),W/(m^2 sr um),W/(m^2 um),value_si=value_native*1e8/(wavelength_um^2),2404.0,4.159733777038269,0.72495282,5.8901e-09,0.0340401601616,0.0,0.0,0.0,0.0,,,0.0,0.0,,5.8901e-09,0.0340401601616
mwir_std_thermal,D:\HwaSimIR\HwaSim_IR\Bin\Config\Atmosphere\MODTRAN\raw\audit_mwir_standard_20260906\mwir_std_thermal\MODOUT2.txt,W/(cm^2 sr cm^-1),W/(cm^2 cm^-1),W/(m^2 sr um),W/(m^2 um),value_si=value_native*1e8/(wavelength_um^2),2405.0,4.158004158004158,0.72847092,5.7934e-09,0.033509170435000006,0.0,0.0,0.0,0.0,,,0.0,0.0,,5.7934e-09,0.033509170435000006
mwir_std_thermal,D:\HwaSimIR\HwaSim_IR\Bin\Config\Atmosphere\MODTRAN\raw\audit_mwir_standard_20260906\mwir_std_thermal\MODOUT2.txt,W/(cm^2 sr cm^-1),W/(cm^2 cm^-1),W/(m^2 sr um),W/(m^2 um),value_si=value_native*1e8/(wavelength_um^2),2406.0,4.156275976724855,0.73828655,5.5699e-09,0.032243237636399996,0.0,0.0,0.0,0.0,,,0.0,0.0,,5.5699e-09,0.032243237636399996
mwir_std_thermal,D:\HwaSimIR\HwaSim_IR\Bin\Config\Atmosphere\MODTRAN\raw\audit_mwir_standard_20260906\mwir_std_thermal\MODOUT2.txt,W/(cm^2 sr cm^-1),W/(cm^2 cm^-1),W/(m^2 sr um),W/(m^2 um),value_si=value_native*1e8/(wavelength_um^2),2407.0,4.154549231408392,0.74148333,5.4831e-09,0.0317671568319,0.0,0.0,0.0,0.0,,,0.0,0.0,,5.4831e-09,0.0317671568319
mwir_std_thermal,D:\HwaSimIR\HwaSim_IR\Bin\Config\Atmosphere\MODTRAN\raw\audit_mwir_standard_20260906\mwir_std_thermal\MODOUT2.txt,W/(cm^2 sr cm^-1),W/(cm^2 cm^-1),W/(m^2 sr um),W/(m^2 um),value_si=value_native*1e8/(wavelength_um^2),2408.0,4.152823920265781,0.75137693,5.2544e-09,0.030467449241600005,0.0,0.0,0.0,0.0,,,0.0,0.0,,5.2544e-09,0.030467449241600005
mwir_std_thermal,D:\HwaSimIR\HwaSim_IR\Bin\Config\Atmosphere\MODTRAN\raw\audit_mwir_standard_20260906\mwir_std_thermal\MODOUT2.txt,W/(cm^2 sr cm^-1),W/(cm^2 cm^-1),W/(m^2 sr um),W/(m^2 um),value_si=value_native*1e8/(wavelength_um^2),2409.0,4.151100041511,0.75588673,5.1421e-09,0.029841051230100005,0.0,0.0,0.0,0.0,,,0.0,0.0,,5.1421e-09,0.029841051230100005
mwir_std_thermal,D:\HwaSimIR\HwaSim_IR\Bin\Config\Atmosphere\MODTRAN\raw\audit_mwir_standard_20260906\mwir_std_thermal\MODOUT2.txt,W/(cm^2 sr cm^-1),W/(cm^2 cm^-1),W/(m^2 sr um),W/(m^2 um),value_si=value_native*1e8/(wavelength_um^2),2410.0,4.149377593360996,0.76530522,4.9289e-09,0.02862754409,0.0,0.0,0.0,0.0,,,0.0,0.0,,4.9289e-09,0.02862754409
mwir_std_thermal,D:\HwaSimIR\HwaSim_IR\Bin\Config\Atmosphere\MODTRAN\raw\audit_mwir_standard_20260906\mwir_std_thermal\MODOUT2.txt,W/(cm^2 sr cm^-1),W/(cm^2 cm^-1),W/(m^2 sr um),W/(m^2 um),value_si=value_native*1e8/(wavelength_um^2),2411.0,4.14765657403567,0.76653999,4.8848e-09,0.028394956500799998,0.0,0.0,0.0,0.0,,,0.0,0.0,,4.8848e-09,0.028394956500799998
mwir_std_thermal,D:\HwaSimIR\HwaSim_IR\Bin\Config\Atmosphere\MODTRAN\raw\audit_mwir_standard_20260906\mwir_std_thermal\MODOUT2.txt,W/(cm^2 sr cm^-1),W/(cm^2 cm^-1),W/(m^2 sr um),W/(m^2 um),value_si=value_native*1e8/(wavelength_um^2),2412.0,4.1459369817578775,0.77034289,4.7875e-09,0.0278524494,0.0,0.0,0.0,0.0,,,0.0,0.0,,4.7875e-09,0.0278524494
mwir_std_thermal,D:\HwaSimIR\HwaSim_IR\Bin\Config\Atmosphere\MODTRAN\raw\audit_mwir_standard_20260906\mwir_std_thermal\MODOUT2.txt,W/(cm^2 sr cm^-1),W/(cm^2 cm^-1),W/(m^2 sr um),W/(m^2 um),value_si=value_native*1e8/(wavelength_um^2),2413.0,4.144218814753419,0.77613056,4.65e-09,0.027074945850000004,0.0,0.0,0.0,0.0,,,0.0,0.0,,4.65e-09,0.027074945850000004
mwir_std_thermal,D:\HwaSimIR\HwaSim_IR\Bin\Config\Atmosphere\MODTRAN\raw\audit_mwir_standard_20260906\mwir_std_thermal\MODOUT2.txt,W/(cm^2 sr cm^-1),W/(cm^2 cm^-1),W/(m^2 sr um),W/(m^2 um),value_si=value_native*1e8/(wavelength_um^2),2414.0,4.142502071251036,0.77616626,4.6306e-09,0.026984339917600002,0.0,0.0,0.0,0.0,,,0.0,0.0,,4.6306e-09,0.026984339917600002
mwir_std_thermal,D:\HwaSimIR\HwaSim_IR\Bin\Config\Atmosphere\MODTRAN\raw\audit_mwir_standard_20260906\mwir_std_thermal\MODOUT2.txt,W/(cm^2 sr cm^-1),W/(cm^2 cm^-1),W/(m^2 sr um),W/(m^2 um),value_si=value_native*1e8/(wavelength_um^2),2415.0,4.140786749482402,0.78246206,4.4839e-09,0.026151113677499997,0.0,0.0,0.0,0.0,,,0.0,0.0,,4.4839e-09,0.026151113677499997
mwir_std_thermal,D:\HwaSimIR\HwaSim_IR\Bin\Config\Atmosphere\MODTRAN\raw\audit_mwir_standard_20260906\mwir_std_thermal\MODOUT2.txt,W/(cm^2 sr cm^-1),W/(cm^2 cm^-1),W/(m^2 sr um),W/(m^2 um),value_si=value_native*1e8/(wavelength_um^2),2416.0,4.139072847682119,0.78353405,4.4456e-09,0.025949216153600005,0.0,0.0,0.0,0.0,,,0.0,0.0,,4.4456e-09,0.025949216153600005
mwir_std_thermal,D:\HwaSimIR\HwaSim_IR\Bin\Config\Atmosphere\MODTRAN\raw\audit_mwir_standard_20260906\mwir_std_thermal\MODOUT2.txt,W/(cm^2 sr cm^-1),W/(cm^2 cm^-1),W/(m^2 sr um),W/(m^2 um),value_si=value_native*1e8/(wavelength_um^2),2417.0,4.137360364087712,0.79062593,4.284e-09,0.025026652475999996,0.0,0.0,0.0,0.0,,,0.0,0.0,,4.284e-09,0.025026652475999996
mwir_std_thermal,D:\HwaSimIR\HwaSim_IR\Bin\Config\Atmosphere\MODTRAN\raw\audit_mwir_standard_20260906\mwir_std_thermal\MODOUT2.txt,W/(cm^2 sr cm^-1),W/(cm^2 cm^-1),W/(m^2 sr um),W/(m^2 um),value_si=value_native*1e8/(wavelength_um^2),2418.0,4.1356492969396195,0.79156238,4.2492e-09,0.024843899620799997,0.0,0.0,0.0,0.0,,,0.0,0.0,,4.2492e-09,0.024843899620799997
mwir_std_thermal,D:\HwaSimIR\HwaSim_IR\Bin\Config\Atmosphere\MODTRAN\raw\audit_mwir_standard_20260906\mwir_std_thermal\MODOUT2.txt,W/(cm^2 sr cm^-1),W/(cm^2 cm^-1),W/(m^2 sr um),W/(m^2 um),value_si=value_native*1e8/(wavelength_um^2),2419.0,4.133939644481191,0.79861319,4.0901e-09,0.0239334696461,0.0,0.0,0.0,0.0,,,0.0,0.0,,4.0901e-09,0.0239334696461
mwir_std_thermal,D:\HwaSimIR\HwaSim_IR\Bin\Config\Atmosphere\MODTRAN\raw\audit_mwir_standard_20260906\mwir_std_thermal\MODOUT2.txt,W/(cm^2 sr cm^-1),W/(cm^2 cm^-1),W/(m^2 sr um),W/(m^2 um),value_si=value_native*1e8/(wavelength_um^2),2420.0,4.132231404958677,0.7999202,4.0476e-09,0.023704364640000006,0.0,0.0,0.0,0.0,,,0.0,0.0,,4.0476e-09,0.023704364640000006
mwir_std_thermal,D:\HwaSimIR\HwaSim_IR\Bin\Config\Atmosphere\MODTRAN\raw\audit_mwir_standard_20260906\mwir_std_thermal\MODOUT2.txt,W/(cm^2 sr cm^-1),W/(cm^2 cm^-1),W/(m^2 sr um),W/(m^2 um),value_si=value_native*1e8/(wavelength_um^2),2421.0,4.130524576621231,0.80168146,3.9955e-09,0.0234185884155,0.0,0.0,0.0,0.0,,,0.0,0.0,,3.9955e-09,0.0234185884155
mwir_std_thermal,D:\HwaSimIR\HwaSim_IR\Bin\Config\Atmosphere\MODTRAN\raw\audit_mwir_standard_20260906\mwir_std_thermal\MODOUT2.txt,W/(cm^2 sr cm^-1),W/(cm^2 cm^-1),W/(m^2 sr um),W/(m^2 um),value_si=value_native*1e8/(wavelength_um^2),2422.0,4.1288191577208915,0.80667067,3.8799e-09,0.022759819311600007,0.0,0.0,0.0,0.0,,,0.0,0.0,,3.8799e-09,0.022759819311600007
mwir_std_thermal,D:\HwaSimIR\HwaSim_IR\Bin\Config\Atmosphere\MODTRAN\raw\audit_mwir_standard_20260906\mwir_std_thermal\MODOUT2.txt,W/(cm^2 sr cm^-1),W/(cm^2 cm^-1),W/(m^2 sr um),W/(m^2 um),value_si=value_native*1e8/(wavelength_um^2),2423.0,4.127115146512588,0.80415362,3.9143e-09,0.0229805773847,0.0,0.0,0.0,0.0,,,0.0,0.0,,3.9143e-09,0.0229805773847
mwir_std_thermal,D:\HwaSimIR\HwaSim_IR\Bin\Config\Atmosphere\MODTRAN\raw\audit_mwir_standard_20260906\mwir_std_thermal\MODOUT2.txt,W/(cm^2 sr cm^-1),W/(cm^2 cm^-1),W/(m^2 sr um),W/(m^2 um),value_si=value_native*1e8/(wavelength_um^2),2424.0,4.125412541254126,0.81068546,3.7688e-09,0.022144624588799993,0.0,0.0,0.0,0.0,,,0.0,0.0,,3.7688e-09,0.022144624588799993
mwir_std_thermal,D:\HwaSimIR\HwaSim_IR\Bin\Config\Atmosphere\MODTRAN\raw\audit_mwir_standard_20260906\mwir_std_thermal\MODOUT2.txt,W/(cm^2 sr cm^-1),W/(cm^2 cm^-1),W/(m^2 sr um),W/(m^2 um),value_si=value_native*1e8/(wavelength_um^2),2425.0,4.123711340206185,0.81060386,3.7541e-09,0.022076454312500004,0.0,0.0,0.0,0.0,,,0.0,0.0,,3.7541e-09,0.022076454312500004
mwir_std_thermal,D:\HwaSimIR\HwaSim_IR\Bin\Config\Atmosphere\MODTRAN\raw\audit_mwir_standard_20260906\mwir_std_thermal\MODOUT2.txt,W/(cm^2 sr cm^-1),W/(cm^2 cm^-1),W/(m^2 sr um),W/(m^2 um),value_si=value_native*1e8/(wavelength_um^2),2426.0,4.122011541632316,0.81345773,3.6828e-09,0.0216750310128,0.0,0.0,0.0,0.0,,,0.0,0.0,,3.6828e-09,0.0216750310128
mwir_std_thermal,D:\HwaSimIR\HwaSim_IR\Bin\Config\Atmosphere\MODTRAN\raw\audit_mwir_standard_20260906\mwir_std_thermal\MODOUT2.txt,W/(cm^2 sr cm^-1),W/(cm^2 cm^-1),W/(m^2 sr um),W/(m^2 um),value_si=value_native*1e8/(wavelength_um^2),2427.0,4.120313143798929,0.81703871,3.598e-09,0.021193403742,0.0,0.0,0.0,0.0,,,0.0,0.0,,3.598e-09,0.021193403742
mwir_std_thermal,D:\HwaSimIR\HwaSim_IR\Bin\Config\Atmosphere\MODTRAN\raw\audit_mwir_standard_20260906\mwir_std_thermal\MODOUT2.txt,W/(cm^2 sr cm^-1),W/(cm^2 cm^-1),W/(m^2 sr um),W/(m^2 um),value_si=value_native*1e8/(wavelength_um^2),2428.0,4.118616144975288,0.81834996,3.5574e-09,0.020971527561600003,0.0,0.0,0.0,0.0,,,0.0,0.0,,3.5574e-09,0.020971527561600003
mwir_std_thermal,D:\HwaSimIR\HwaSim_IR\Bin\Config\Atmosphere\MODTRAN\raw\audit_mwir_standard_20260906\mwir_std_thermal\MODOUT2.txt,W/(cm^2 sr cm^-1),W/(cm^2 cm^-1),W/(m^2 sr um),W/(m^2 um),value_si=value_native*1e8/(wavelength_um^2),2429.0,4.116920543433512,0.81657982,3.5708e-09,0.0210678664028,0.0,0.0,0.0,0.0,,,0.0,0.0,,3.5708e-09,0.0210678664028
mwir_std_thermal,D:\HwaSimIR\HwaSim_IR\Bin\Config\Atmosphere\MODTRAN\raw\audit_mwir_standard_20260906\mwir_std_thermal\MODOUT2.txt,W/(cm^2 sr cm^-1),W/(cm^2 cm^-1),W/(m^2 sr um),W/(m^2 um),value_si=value_native*1e8/(wavelength_um^2),2430.0,4.11522633744856,0.82049704,3.4871e-09,0.020590976790000003,0.0,0.0,0.0,0.0,,,0.0,0.0,,3.4871e-09,0.020590976790000003
mwir_std_thermal,D:\HwaSimIR\HwaSim_IR\Bin\Config\Atmosphere\MODTRAN\raw\audit_mwir_standard_20260906\mwir_std_thermal\MODOUT2.txt,W/(cm^2 sr cm^-1),W/(cm^2 cm^-1),W/(m^2 sr um),W/(m^2 um),value_si=value_native*1e8/(wavelength_um^2),2431.0,4.113533525298231,0.82219779,3.4352e-09,0.0203012109872,0.0,0.0,0.0,0.0,,,0.0,0.0,,3.4352e-09,0.0203012109872
mwir_std_thermal,D:\HwaSimIR\HwaSim_IR\Bin\Config\Atmosphere\MODTRAN\raw\audit_mwir_standard_20260906\mwir_std_thermal\MODOUT2.txt,W/(cm^2 sr cm^-1),W/(cm^2 cm^-1),W/(m^2 sr um),W/(m^2 um),value_si=value_native*1e8/(wavelength_um^2),2432.0,4.1118421052631575,0.81914288,3.4728e-09,0.020540306227200003,0.0,0.0,0.0,0.0,,,0.0,0.0,,3.4728e-09,0.020540306227200003
mwir_std_thermal,D:\HwaSimIR\HwaSim_IR\Bin\Config\Atmosphere\MODTRAN\raw\audit_mwir_standard_20260906\mwir_std_thermal\MODOUT2.txt,W/(cm^2 sr cm^-1),W/(cm^2 cm^-1),W/(m^2 sr um),W/(m^2 um),value_si=value_native*1e8/(wavelength_um^2),2433.0,4.110152075626798,0.8250019,3.3538e-09,0.0198527822082,0.0,0.0,0.0,0.0,,,0.0,0.0,,3.3538e-09,0.0198527822082
mwir_std_thermal,D:\HwaSimIR\HwaSim_IR\Bin\Config\Atmosphere\MODTRAN\raw\audit_mwir_standard_20260906\mwir_std_thermal\MODOUT2.txt,W/(cm^2 sr cm^-1),W/(cm^2 cm^-1),W/(m^2 sr um),W/(m^2 um),value_si=value_native*1e8/(wavelength_um^2),2434.0,4.108463434675431,0.82862091,3.2712e-09,0.019379753347200004,0.0,0.0,0.0,0.0,,,0.0,0.0,,3.2712e-09,0.019379753347200004
mwir_std_thermal,D:\HwaSimIR\HwaSim_IR\Bin\Config\Atmosphere\MODTRAN\raw\audit_mwir_standard_20260906\mwir_std_thermal\MODOUT2.txt,W/(cm^2 sr cm^-1),W/(cm^2 cm^-1),W/(m^2 sr um),W/(m^2 um),value_si=value_native*1e8/(wavelength_um^2),2435.0,4.1067761806981515,0.82787704,3.2703e-09,0.019390344517500005,0.0,0.0,0.0,0.0,,,0.0,0.0,,3.2703e-09,0.019390344517500005
mwir_std_thermal,D:\HwaSimIR\HwaSim_IR\Bin\Config\Atmosphere\MODTRAN\raw\audit_mwir_standard_20260906\mwir_std_thermal\MODOUT2.txt,W/(cm^2 sr cm^-1),W/(cm^2 cm^-1),W/(m^2 sr um),W/(m^2 um),value_si=value_native*1e8/(wavelength_um^2),2436.0,4.105090311986864,0.8283087,3.2471e-09,0.019268603121600003,0.0,0.0,0.0,0.0,,,0.0,0.0,,3.2471e-09,0.019268603121600003
mwir_std_thermal,D:\HwaSimIR\HwaSim_IR\Bin\Config\Atmosphere\MODTRAN\raw\audit_mwir_standard_20260906\mwir_std_thermal\MODOUT2.txt,W/(cm^2 sr cm^-1),W/(cm^2 cm^-1),W/(m^2 sr um),W/(m^2 um),value_si=value_native*1e8/(wavelength_um^2),2437.0,4.1034058268362745,0.83057499,3.1929e-09,0.018962534120099996,0.0,0.0,0.0,0.0,,,0.0,0.0,,3.1929e-09,0.018962534120099996
mwir_std_thermal,D:\HwaSimIR\HwaSim_IR\Bin\Config\Atmosphere\MODTRAN\raw\audit_mwir_standard_20260906\mwir_std_thermal\MODOUT2.txt,W/(cm^2 sr cm^-1),W/(cm^2 cm^-1),W/(m^2 sr um),W/(m^2 um),value_si=value_native*1e8/(wavelength_um^2),2438.0,4.1017227235438884,0.82963282,3.1926e-09,0.0189763163544,0.0,0.0,0.0,0.0,,,0.0,0.0,,3.1926e-09,0.0189763163544
mwir_std_thermal,D:\HwaSimIR\HwaSim_IR\Bin\Config\Atmosphere\MODTRAN\raw\audit_mwir_standard_20260906\mwir_std_thermal\MODOUT2.txt,W/(cm^2 sr cm^-1),W/(cm^2 cm^-1),W/(m^2 sr um),W/(m^2 um),value_si=value_native*1e8/(wavelength_um^2),2439.0,4.1000410004100045,0.83015811,3.168e-09,0.018845548127999993,0.0,0.0,0.0,0.0,,,0.0,0.0,,3.168e-09,0.018845548127999993
mwir_std_thermal,D:\HwaSimIR\HwaSim_IR\Bin\Config\Atmosphere\MODTRAN\raw\audit_mwir_standard_20260906\mwir_std_thermal\MODOUT2.txt,W/(cm^2 sr cm^-1),W/(cm^2 cm^-1),W/(m^2 sr um),W/(m^2 um),value_si=value_native*1e8/(wavelength_um^2),2440.0,4.098360655737705,0.83018917,3.1527e-09,0.018769914720000003,0.0,0.0,0.0,0.0,,,0.0,0.0,,3.1527e-09,0.018769914720000003
mwir_std_thermal,D:\HwaSimIR\HwaSim_IR\Bin\Config\Atmosphere\MODTRAN\raw\audit_mwir_standard_20260906\mwir_std_thermal\MODOUT2.txt,W/(cm^2 sr cm^-1),W/(cm^2 cm^-1),W/(m^2 sr um),W/(m^2 um),value_si=value_native*1e8/(wavelength_um^2),2441.0,4.096681687832856,0.8219198,3.2666e-09,0.0194639740346,0.0,0.0,0.0,0.0,,,0.0,0.0,,3.2666e-09,0.0194639740346
mwir_std_thermal,D:\HwaSimIR\HwaSim_IR\Bin\Config\Atmosphere\MODTRAN\raw\audit_mwir_standard_20260906\mwir_std_thermal\MODOUT2.txt,W/(cm^2 sr cm^-1),W/(cm^2 cm^-1),W/(m^2 sr um),W/(m^2 um),value_si=value_native*1e8/(wavelength_um^2),2442.0,4.095004095004095,0.8290782,3.1378e-09,0.018711843559200005,0.0,0.0,0.0,0.0,,,0.0,0.0,,3.1378e-09,0.018711843559200005
mwir_std_thermal,D:\HwaSimIR\HwaSim_IR\Bin\Config\Atmosphere\MODTRAN\raw\audit_mwir_standard_20260906\mwir_std_thermal\MODOUT2.txt,W/(cm^2 sr cm^-1),W/(cm^2 cm^-1),W/(m^2 sr um),W/(m^2 um),value_si=value_native*1e8/(wavelength_um^2),2443.0,4.093327875562832,0.83238322,3.0652e-09,0.018293876834800004,0.0,0.0,0.0,0.0,,,0.0,0.0,,3.0652e-09,0.018293876834800004
mwir_std_thermal,D:\HwaSimIR\HwaSim_IR\Bin\Config\Atmosphere\MODTRAN\raw\audit_mwir_standard_20260906\mwir_std_thermal\MODOUT2.txt,W/(cm^2 sr cm^-1),W/(cm^2 cm^-1),W/(m^2 sr um),W/(m^2 um),value_si=value_native*1e8/(wavelength_um^2),2444.0,4.091653027823241,0.83367455,3.0273e-09,0.0180824746128,0.0,0.0,0.0,0.0,,,0.0,0.0,,3.0273e-09,0.0180824746128
mwir_std_thermal,D:\HwaSimIR\HwaSim_IR\Bin\Config\Atmosphere\MODTRAN\raw\audit_mwir_standard_20260906\mwir_std_thermal\MODOUT2.txt,W/(cm^2 sr cm^-1),W/(cm^2 cm^-1),W/(m^2 sr um),W/(m^2 um),value_si=value_native*1e8/(wavelength_um^2),2445.0,4.08997955010225,0.83424366,3.0011e-09,0.017940650827499998,0.0,0.0,0.0,0.0,,,0.0,0.0,,3.0011e-09,0.017940650827499998
mwir_std_thermal,D:\HwaSimIR\HwaSim_IR\Bin\Config\Atmosphere\MODTRAN\raw\audit_mwir_standard_20260906\mwir_std_thermal\MODOUT2.txt,W/(cm^2 sr cm^-1),W/(cm^2 cm^-1),W/(m^2 sr um),W/(m^2 um),value_si=value_native*1e8/(wavelength_um^2),2446.0,4.088307440719542,0.83770144,2.9243e-09,0.0174958412588,0.0,0.0,0.0,0.0,,,0.0,0.0,,2.9243e-09,0.0174958412588
mwir_std_thermal,D:\HwaSimIR\HwaSim_IR\Bin\Config\Atmosphere\MODTRAN\raw\audit_mwir_standard_20260906\mwir_std_thermal\MODOUT2.txt,W/(cm^2 sr cm^-1),W/(cm^2 cm^-1),W/(m^2 sr um),W/(m^2 um),value_si=value_native*1e8/(wavelength_um^2),2447.0,4.086636697997548,0.83791256,2.9096e-09,0.017422129066399998,0.0,0.0,0.0,0.0,,,0.0,0.0,,2.9096e-09,0.017422129066399998
mwir_std_thermal,D:\HwaSimIR\HwaSim_IR\Bin\Config\Atmosphere\MODTRAN\raw\audit_mwir_standard_20260906\mwir_std_thermal\MODOUT2.txt,W/(cm^2 sr cm^-1),W/(cm^2 cm^-1),W/(m^2 sr um),W/(m^2 um),value_si=value_native*1e8/(wavelength_um^2),2448.0,4.084967320261438,0.82576835,3.0804e-09,0.018459925401600002,0.0,0.0,0.0,0.0,,,0.0,0.0,,3.0804e-09,0.018459925401600002
mwir_std_thermal,D:\HwaSimIR\HwaSim_IR\Bin\Config\Atmosphere\MODTRAN\raw\audit_mwir_standard_20260906\mwir_std_thermal\MODOUT2.txt,W/(cm^2 sr cm^-1),W/(cm^2 cm^-1),W/(m^2 sr um),W/(m^2 um),value_si=value_native*1e8/(wavelength_um^2),2449.0,4.083299305839118,0.84136158,2.8196e-09,0.016910835779599998,0.0,0.0,0.0,0.0,,,0.0,0.0,,2.8196e-09,0.016910835779599998
mwir_std_thermal,D:\HwaSimIR\HwaSim_IR\Bin\Config\Atmosphere\MODTRAN\raw\audit_mwir_standard_20260906\mwir_std_thermal\MODOUT2.txt,W/(cm^2 sr cm^-1),W/(cm^2 cm^-1),W/(m^2 sr um),W/(m^2 um),value_si=value_native*1e8/(wavelength_um^2),2450.0,4.081632653061225,0.84360296,2.7683e-09,0.01661672075,0.0,0.0,0.0,0.0,,,0.0,0.0,,2.7683e-09,0.01661672075
mwir_std_thermal,D:\HwaSimIR\HwaSim_IR\Bin\Config\Atmosphere\MODTRAN\raw\audit_mwir_standard_20260906\mwir_std_thermal\MODOUT2.txt,W/(cm^2 sr cm^-1),W/(cm^2 cm^-1),W/(m^2 sr um),W/(m^2 um),value_si=value_native*1e8/(wavelength_um^2),2451.0,4.079967360261118,0.84236836,2.7724e-09,0.0166549185324,0.0,0.0,0.0,0.0,,,0.0,0.0,,2.7724e-09,0.0166549185324
mwir_std_thermal,D:\HwaSimIR\HwaSim_IR\Bin\Config\Atmosphere\MODTRAN\raw\audit_mwir_standard_20260906\mwir_std_thermal\MODOUT2.txt,W/(cm^2 sr cm^-1),W/(cm^2 cm^-1),W/(m^2 sr um),W/(m^2 um),value_si=value_native*1e8/(wavelength_um^2),2452.0,4.078303425774878,0.84584051,2.7015e-09,0.016242239256,0.0,0.0,0.0,0.0,,,0.0,0.0,,2.7015e-09,0.016242239256
mwir_std_thermal,D:\HwaSimIR\HwaSim_IR\Bin\Config\Atmosphere\MODTRAN\raw\audit_mwir_standard_20260906\mwir_std_thermal\MODOUT2.txt,W/(cm^2 sr cm^-1),W/(cm^2 cm^-1),W/(m^2 sr um),W/(m^2 um),value_si=value_native*1e8/(wavelength_um^2),2453.0,4.076640847941296,0.85082459,2.6059e-09,0.015680244933100003,0.0,0.0,0.0,0.0,,,0.0,0.0,,2.6059e-09,0.015680244933100003
mwir_std_thermal,D:\HwaSimIR\HwaSim_IR\Bin\Config\Atmosphere\MODTRAN\raw\audit_mwir_standard_20260906\mwir_std_thermal\MODOUT2.txt,W/(cm^2 sr cm^-1),W/(cm^2 cm^-1),W/(m^2 sr um),W/(m^2 um),value_si=value_native*1e8/(wavelength_um^2),2454.0,4.074979625101874,0.8429997,2.7082e-09,0.016309094551200002,0.0,0.0,0.0,0.0,,,0.0,0.0,,2.7082e-09,0.016309094551200002
mwir_std_thermal,D:\HwaSimIR\HwaSim_IR\Bin\Config\Atmosphere\MODTRAN\raw\audit_mwir_standard_20260906\mwir_std_thermal\MODOUT2.txt,W/(cm^2 sr cm^-1),W/(cm^2 cm^-1),W/(m^2 sr um),W/(m^2 um),value_si=value_native*1e8/(wavelength_um^2),2455.0,4.0733197556008145,0.85970455,2.4367e-09,0.014686051817500002,0.0,0.0,0.0,0.0,,,0.0,0.0,,2.4367e-09,0.014686051817500002
mwir_std_thermal,D:\HwaSimIR\HwaSim_IR\Bin\Config\Atmosphere\MODTRAN\raw\audit_mwir_standard_20260906\mwir_std_thermal\MODOUT2.txt,W/(cm^2 sr cm^-1),W/(cm^2 cm^-1),W/(m^2 sr um),W/(m^2 um),value_si=value_native*1e8/(wavelength_um^2),2456.0,4.071661237785016,0.86333609,2.3659e-09,0.014270957382400001,0.0,0.0,0.0,0.0,,,0.0,0.0,,2.3659e-09,0.014270957382400001
mwir_std_thermal,D:\HwaSimIR\HwaSim_IR\Bin\Config\Atmosphere\MODTRAN\raw\audit_mwir_standard_20260906\mwir_std_thermal\MODOUT2.txt,W/(cm^2 sr cm^-1),W/(cm^2 cm^-1),W/(m^2 sr um),W/(m^2 um),value_si=value_native*1e8/(wavelength_um^2),2457.0,4.07000407000407,0.8663258,2.3055e-09,0.0139179553695,0.0,0.0,0.0,0.0,,,0.0,0.0,,2.3055e-09,0.0139179553695
mwir_std_thermal,D:\HwaSimIR\HwaSim_IR\Bin\Config\Atmosphere\MODTRAN\raw\audit_mwir_standard_20260906\mwir_std_thermal\MODOUT2.txt,W/(cm^2 sr cm^-1),W/(cm^2 cm^-1),W/(m^2 sr um),W/(m^2 um),value_si=value_native*1e8/(wavelength_um^2),2458.0,4.068348250610252,0.87081993,2.2234e-09,0.013433258077600003,0.0,0.0,0.0,0.0,,,0.0,0.0,,2.2234e-09,0.013433258077600003
mwir_std_thermal,D:\HwaSimIR\HwaSim_IR\Bin\Config\Atmosphere\MODTRAN\raw\audit_mwir_standard_20260906\mwir_std_thermal\MODOUT2.txt,W/(cm^2 sr cm^-1),W/(cm^2 cm^-1),W/(m^2 sr um),W/(m^2 um),value_si=value_native*1e8/(wavelength_um^2),2459.0,4.06669377795852,0.86921215,2.2338e-09,0.0135070760178,0.0,0.0,0.0,0.0,,,0.0,0.0,,2.2338e-09,0.0135070760178
mwir_std_thermal,D:\HwaSimIR\HwaSim_IR\Bin\Config\Atmosphere\MODTRAN\raw\audit_mwir_standard_20260906\mwir_std_thermal\MODOUT2.txt,W/(cm^2 sr cm^-1),W/(cm^2 cm^-1),W/(m^2 sr um),W/(m^2 um),value_si=value_native*1e8/(wavelength_um^2),2460.0,4.065040650406504,0.87520885,2.1337e-09,0.012912298919999999,0.0,0.0,0.0,0.0,,,0.0,0.0,,2.1337e-09,0.012912298919999999
mwir_std_thermal,D:\HwaSimIR\HwaSim_IR\Bin\Config\Atmosphere\MODTRAN\raw\audit_mwir_standard_20260906\mwir_std_thermal\MODOUT2.txt,W/(cm^2 sr cm^-1),W/(cm^2 cm^-1),W/(m^2 sr um),W/(m^2 um),value_si=value_native*1e8/(wavelength_um^2),2461.0,4.063388866314506,0.88354629,1.9915e-09,0.012061561571500002,0.0,0.0,0.0,0.0,,,0.0,0.0,,1.9915e-09,0.012061561571500002
mwir_std_thermal,D:\HwaSimIR\HwaSim_IR\Bin\Config\Atmosphere\MODTRAN\raw\audit_mwir_standard_20260906\mwir_std_thermal\MODOUT2.txt,W/(cm^2 sr cm^-1),W/(cm^2 cm^-1),W/(m^2 sr um),W/(m^2 um),value_si=value_native*1e8/(wavelength_um^2),2462.0,4.061738424045491,0.88588518,1.9458e-09,0.011794357735200002,0.0,0.0,0.0,0.0,,,0.0,0.0,,1.9458e-09,0.011794357735200002
mwir_std_thermal,D:\HwaSimIR\HwaSim_IR\Bin\Config\Atmosphere\MODTRAN\raw\audit_mwir_standard_20260906\mwir_std_thermal\MODOUT2.txt,W/(cm^2 sr cm^-1),W/(cm^2 cm^-1),W/(m^2 sr um),W/(m^2 um),value_si=value_native*1e8/(wavelength_um^2),2463.0,4.0600893219650835,0.88545078,1.943e-09,0.011786954966999998,0.0,0.0,0.0,0.0,,,0.0,0.0,,1.943e-09,0.011786954966999998
mwir_std_thermal,D:\HwaSimIR\HwaSim_IR\Bin\Config\Atmosphere\MODTRAN\raw\audit_mwir_standard_20260906\mwir_std_thermal\MODOUT2.txt,W/(cm^2 sr cm^-1),W/(cm^2 cm^-1),W/(m^2 sr um),W/(m^2 um),value_si=value_native*1e8/(wavelength_um^2),2464.0,4.058441558441558,0.88467091,1.9443e-09,0.0118044208128,0.0,0.0,0.0,0.0,,,0.0,0.0,,1.9443e-09,0.0118044208128
mwir_std_thermal,D:\HwaSimIR\HwaSim_IR\Bin\Config\Atmosphere\MODTRAN\raw\audit_mwir_standard_20260906\mwir_std_thermal\MODOUT2.txt,W/(cm^2 sr cm^-1),W/(cm^2 cm^-1),W/(m^2 sr um),W/(m^2 um),value_si=value_native*1e8/(wavelength_um^2),2465.0,4.056795131845842,0.87616116,2.0599e-09,0.012516415877499997,0.0,0.0,0.0,0.0,,,0.0,0.0,,2.0599e-09,0.012516415877499997
mwir_std_thermal,D:\HwaSimIR\HwaSim_IR\Bin\Config\Atmosphere\MODTRAN\raw\audit_mwir_standard_20260906\mwir_std_thermal\MODOUT2.txt,W/(cm^2 sr cm^-1),W/(cm^2 cm^-1),W/(m^2 sr um),W/(m^2 um),value_si=value_native*1e8/(wavelength_um^2),2466.0,4.0551500405515,0.88005227,1.9913e-09,0.012109405942800001,0.0,0.0,0.0,0.0,,,0.0,0.0,,1.9913e-09,0.012109405942800001
mwir_std_thermal,D:\HwaSimIR\HwaSim_IR\Bin\Config\Atmosphere\MODTRAN\raw\audit_mwir_standard_20260906\mwir_std_thermal\MODOUT2.txt,W/(cm^2 sr cm^-1),W/(cm^2 cm^-1),W/(m^2 sr um),W/(m^2 um),value_si=value_native*1e8/(wavelength_um^2),2467.0,4.053506282934738,0.88030005,1.9766e-09,0.0120297635174,0.0,0.0,0.0,0.0,,,0.0,0.0,,1.9766e-09,0.0120297635174
mwir_std_thermal,D:\HwaSimIR\HwaSim_IR\Bin\Config\Atmosphere\MODTRAN\raw\audit_mwir_standard_20260906\mwir_std_thermal\MODOUT2.txt,W/(cm^2 sr cm^-1),W/(cm^2 cm^-1),W/(m^2 sr um),W/(m^2 um),value_si=value_native*1e8/(wavelength_um^2),2468.0,4.051863857374392,0.88161308,1.9458e-09,0.011851914499200002,0.0,0.0,0.0,0.0,,,0.0,0.0,,1.9458e-09,0.011851914499200002
mwir_std_thermal,D:\HwaSimIR\HwaSim_IR\Bin\Config\Atmosphere\MODTRAN\raw\audit_mwir_standard_20260906\mwir_std_thermal\MODOUT2.txt,W/(cm^2 sr cm^-1),W/(cm^2 cm^-1),W/(m^2 sr um),W/(m^2 um),value_si=value_native*1e8/(wavelength_um^2),2469.0,4.050222762251924,0.86865592,2.1225e-09,0.0129386772225,0.0,0.0,0.0,0.0,,,0.0,0.0,,2.1225e-09,0.0129386772225
mwir_std_thermal,D:\HwaSimIR\HwaSim_IR\Bin\Config\Atmosphere\MODTRAN\raw\audit_mwir_standard_20260906\mwir_std_thermal\MODOUT2.txt,W/(cm^2 sr cm^-1),W/(cm^2 cm^-1),W/(m^2 sr um),W/(m^2 um),value_si=value_native*1e8/(wavelength_um^2),2470.0,4.048582995951417,0.88157189,1.9231e-09,0.011732640790000002,0.0,0.0,0.0,0.0,,,0.0,0.0,,1.9231e-09,0.011732640790000002
mwir_std_thermal,D:\HwaSimIR\HwaSim_IR\Bin\Config\Atmosphere\MODTRAN\raw\audit_mwir_standard_20260906\mwir_std_thermal\MODOUT2.txt,W/(cm^2 sr cm^-1),W/(cm^2 cm^-1),W/(m^2 sr um),W/(m^2 um),value_si=value_native*1e8/(wavelength_um^2),2471.0,4.046944556859571,0.88230258,1.9036e-09,0.011623078927600002,0.0,0.0,0.0,0.0,,,0.0,0.0,,1.9036e-09,0.011623078927600002
mwir_std_thermal,D:\HwaSimIR\HwaSim_IR\Bin\Config\Atmosphere\MODTRAN\raw\audit_mwir_standard_20260906\mwir_std_thermal\MODOUT2.txt,W/(cm^2 sr cm^-1),W/(cm^2 cm^-1),W/(m^2 sr um),W/(m^2 um),value_si=value_native*1e8/(wavelength_um^2),2472.0,4.0453074433656955,0.87965727,1.9312e-09,0.011801146060800004,0.0,0.0,0.0,0.0,,,0.0,0.0,,1.9312e-09,0.011801146060800004
mwir_std_thermal,D:\HwaSimIR\HwaSim_IR\Bin\Config\Atmosphere\MODTRAN\raw\audit_mwir_standard_20260906\mwir_std_thermal\MODOUT2.txt,W/(cm^2 sr cm^-1),W/(cm^2 cm^-1),W/(m^2 sr um),W/(m^2 um),value_si=value_native*1e8/(wavelength_um^2),2473.0,4.043671653861707,0.88267279,1.8763e-09,0.011474942322699997,0.0,0.0,0.0,0.0,,,0.0,0.0,,1.8763e-09,0.011474942322699997
mwir_std_thermal,D:\HwaSimIR\HwaSim_IR\Bin\Config\Atmosphere\MODTRAN\raw\audit_mwir_standard_20260906\mwir_std_thermal\MODOUT2.txt,W/(cm^2 sr cm^-1),W/(cm^2 cm^-1),W/(m^2 sr um),W/(m^2 um),value_si=value_native*1e8/(wavelength_um^2),2474.0,4.042037186742118,0.86274958,2.1508e-09,0.013164349940799996,0.0,0.0,0.0,0.0,,,0.0,0.0,,2.1508e-09,0.013164349940799996
mwir_std_thermal,D:\HwaSimIR\HwaSim_IR\Bin\Config\Atmosphere\MODTRAN\raw\audit_mwir_standard_20260906\mwir_std_thermal\MODOUT2.txt,W/(cm^2 sr cm^-1),W/(cm^2 cm^-1),W/(m^2 sr um),W/(m^2 um),value_si=value_native*1e8/(wavelength_um^2),2475.0,4.040404040404041,0.8886804,1.768e-09,0.010830105,0.0,0.0,0.0,0.0,,,0.0,0.0,,1.768e-09,0.010830105
mwir_std_thermal,D:\HwaSimIR\HwaSim_IR\Bin\Config\Atmosphere\MODTRAN\raw\audit_mwir_standard_20260906\mwir_std_thermal\MODOUT2.txt,W/(cm^2 sr cm^-1),W/(cm^2 cm^-1),W/(m^2 sr um),W/(m^2 um),value_si=value_native*1e8/(wavelength_um^2),2476.0,4.038772213247173,0.89053428,1.7312e-09,0.010613253171200002,0.0,0.0,0.0,0.0,,,0.0,0.0,,1.7312e-09,0.010613253171200002
mwir_std_thermal,D:\HwaSimIR\HwaSim_IR\Bin\Config\Atmosphere\MODTRAN\raw\audit_mwir_standard_20260906\mwir_std_thermal\MODOUT2.txt,W/(cm^2 sr cm^-1),W/(cm^2 cm^-1),W/(m^2 sr um),W/(m^2 um),value_si=value_native*1e8/(wavelength_um^2),2477.0,4.037141703673799,0.88613909,1.7881e-09,0.010970939404899998,0.0,0.0,0.0,0.0,,,0.0,0.0,,1.7881e-09,0.010970939404899998
mwir_std_thermal,D:\HwaSimIR\HwaSim_IR\Bin\Config\Atmosphere\MODTRAN\raw\audit_mwir_standard_20260906\mwir_std_thermal\MODOUT2.txt,W/(cm^2 sr cm^-1),W/(cm^2 cm^-1),W/(m^2 sr um),W/(m^2 um),value_si=value_native*1e8/(wavelength_um^2),2478.0,4.035512510088782,0.87339479,1.9611e-09,0.012042103172399999,0.0,0.0,0.0,0.0,,,0.0,0.0,,1.9611e-09,0.012042103172399999
mwir_std_thermal,D:\HwaSimIR\HwaSim_IR\Bin\Config\Atmosphere\MODTRAN\raw\audit_mwir_standard_20260906\mwir_std_thermal\MODOUT2.txt,W/(cm^2 sr cm^-1),W/(cm^2 cm^-1),W/(m^2 sr um),W/(m^2 um),value_si=value_native*1e8/(wavelength_um^2),2479.0,4.033884630899556,0.89800745,1.5979e-09,0.009819800173900002,0.0,0.0,0.0,0.0,,,0.0,0.0,,1.5979e-09,0.009819800173900002
mwir_std_thermal,D:\HwaSimIR\HwaSim_IR\Bin\Config\Atmosphere\MODTRAN\raw\audit_mwir_standard_20260906\mwir_std_thermal\MODOUT2.txt,W/(cm^2 sr cm^-1),W/(cm^2 cm^-1),W/(m^2 sr um),W/(m^2 um),value_si=value_native*1e8/(wavelength_um^2),2480.0,4.032258064516129,0.89862186,1.5805e-09,0.009720707200000001,0.0,0.0,0.0,0.0,,,0.0,0.0,,1.5805e-09,0.009720707200000001
mwir_std_thermal,D:\HwaSimIR\HwaSim_IR\Bin\Config\Atmosphere\MODTRAN\raw\audit_mwir_standard_20260906\mwir_std_thermal\MODOUT2.txt,W/(cm^2 sr cm^-1),W/(cm^2 cm^-1),W/(m^2 sr um),W/(m^2 um),value_si=value_native*1e8/(wavelength_um^2),2481.0,4.030632809351068,0.90366626,1.4993e-09,0.009228732747300001,0.0,0.0,0.0,0.0,,,0.0,0.0,,1.4993e-09,0.009228732747300001
mwir_std_thermal,D:\HwaSimIR\HwaSim_IR\Bin\Config\Atmosphere\MODTRAN\raw\audit_mwir_standard_20260906\mwir_std_thermal\MODOUT2.txt,W/(cm^2 sr cm^-1),W/(cm^2 cm^-1),W/(m^2 sr um),W/(m^2 um),value_si=value_native*1e8/(wavelength_um^2),2482.0,4.0290088638195005,0.89467293,1.618e-09,0.009967404231999998,0.0,0.0,0.0,0.0,,,0.0,0.0,,1.618e-09,0.009967404231999998
mwir_std_thermal,D:\HwaSimIR\HwaSim_IR\Bin\Config\Atmosphere\MODTRAN\raw\audit_mwir_standard_20260906\mwir_std_thermal\MODOUT2.txt,W/(cm^2 sr cm^-1),W/(cm^2 cm^-1),W/(m^2 sr um),W/(m^2 um),value_si=value_native*1e8/(wavelength_um^2),2483.0,4.027386226339106,0.90763766,1.4284e-09,0.0088064988076,0.0,0.0,0.0,0.0,,,0.0,0.0,,1.4284e-09,0.0088064988076
mwir_std_thermal,D:\HwaSimIR\HwaSim_IR\Bin\Config\Atmosphere\MODTRAN\raw\audit_mwir_standard_20260906\mwir_std_thermal\MODOUT2.txt,W/(cm^2 sr cm^-1),W/(cm^2 cm^-1),W/(m^2 sr um),W/(m^2 um),value_si=value_native*1e8/(wavelength_um^2),2484.0,4.025764895330113,0.91170955,1.3613e-09,0.0083995694928,0.0,0.0,0.0,0.0,,,0.0,0.0,,1.3613e-09,0.0083995694928
mwir_std_thermal,D:\HwaSimIR\HwaSim_IR\Bin\Config\Atmosphere\MODTRAN\raw\audit_mwir_standard_20260906\mwir_std_thermal\MODOUT2.txt,W/(cm^2 sr cm^-1),W/(cm^2 cm^-1),W/(m^2 sr um),W/(m^2 um),value_si=value_native*1e8/(wavelength_um^2),2485.0,4.0241448692152915,0.90671116,1.4233e-09,0.008789197742500001,0.0,0.0,0.0,0.0,,,0.0,0.0,,1.4233e-09,0.008789197742500001
mwir_std_thermal,D:\HwaSimIR\HwaSim_IR\Bin\Config\Atmosphere\MODTRAN\raw\audit_mwir_standard_20260906\mwir_std_thermal\MODOUT2.txt,W/(cm^2 sr cm^-1),W/(cm^2 cm^-1),W/(m^2 sr um),W/(m^2 um),value_si=value_native*1e8/(wavelength_um^2),2486.0,4.022526146419952,0.91791326,1.2603e-09,0.0077889010188,0.0,0.0,0.0,0.0,,,0.0,0.0,,1.2603e-09,0.0077889010188
mwir_std_thermal,D:\HwaSimIR\HwaSim_IR\Bin\Config\Atmosphere\MODTRAN\raw\audit_mwir_standard_20260906\mwir_std_thermal\MODOUT2.txt,W/(cm^2 sr cm^-1),W/(cm^2 cm^-1),W/(m^2 sr um),W/(m^2 um),value_si=value_native*1e8/(wavelength_um^2),2487.0,4.0209087253719344,0.92023093,1.2199e-09,0.007545287663099999,0.0,0.0,0.0,0.0,,,0.0,0.0,,1.2199e-09,0.007545287663099999
mwir_std_thermal,D:\HwaSimIR\HwaSim_IR\Bin\Config\Atmosphere\MODTRAN\raw\audit_mwir_standard_20260906\mwir_std_thermal\MODOUT2.txt,W/(cm^2 sr cm^-1),W/(cm^2 cm^-1),W/(m^2 sr um),W/(m^2 um),value_si=value_native*1e8/(wavelength_um^2),2488.0,4.019292604501608,0.92135698,1.1965e-09,0.0074065072959999985,0.0,0.0,0.0,0.0,,,0.0,0.0,,1.1965e-09,0.0074065072959999985
mwir_std_thermal,D:\HwaSimIR\HwaSim_IR\Bin\Config\Atmosphere\MODTRAN\raw\audit_mwir_standard_20260906\mwir_std_thermal\MODOUT2.txt,W/(cm^2 sr cm^-1),W/(cm^2 cm^-1),W/(m^2 sr um),W/(m^2 um),value_si=value_native*1e8/(wavelength_um^2),2489.0,4.017677782241864,0.91924405,1.2206e-09,0.0075617646926,0.0,0.0,0.0,0.0,,,0.0,0.0,,1.2206e-09,0.0075617646926
mwir_std_thermal,D:\HwaSimIR\HwaSim_IR\Bin\Config\Atmosphere\MODTRAN\raw\audit_mwir_standard_20260906\mwir_std_thermal\MODOUT2.txt,W/(cm^2 sr cm^-1),W/(cm^2 cm^-1),W/(m^2 sr um),W/(m^2 um),value_si=value_native*1e8/(wavelength_um^2),2490.0,4.016064257028113,0.92569834,1.124e-09,0.0069689124,0.0,0.0,0.0,0.0,,,0.0,0.0,,1.124e-09,0.0069689124
mwir_std_thermal,D:\HwaSimIR\HwaSim_IR\Bin\Config\Atmosphere\MODTRAN\raw\audit_mwir_standard_20260906\mwir_std_thermal\MODOUT2.txt,W/(cm^2 sr cm^-1),W/(cm^2 cm^-1),W/(m^2 sr um),W/(m^2 um),value_si=value_native*1e8/(wavelength_um^2),2491.0,4.014452027298274,0.92650837,1.1063e-09,0.006864681110299999,0.0,0.0,0.0,0.0,,,0.0,0.0,,1.1063e-09,0.006864681110299999
mwir_std_thermal,D:\HwaSimIR\HwaSim_IR\Bin\Config\Atmosphere\MODTRAN\raw\audit_mwir_standard_20260906\mwir_std_thermal\MODOUT2.txt,W/(cm^2 sr cm^-1),W/(cm^2 cm^-1),W/(m^2 sr um),W/(m^2 um),value_si=value_native*1e8/(wavelength_um^2),2492.0,4.012841091492777,0.92613077,1.1058e-09,0.006867088771200002,0.0,0.0,0.0,0.0,,,0.0,0.0,,1.1058e-09,0.006867088771200002
mwir_std_thermal,D:\HwaSimIR\HwaSim_IR\Bin\Config\Atmosphere\MODTRAN\raw\audit_mwir_standard_20260906\mwir_std_thermal\MODOUT2.txt,W/(cm^2 sr cm^-1),W/(cm^2 cm^-1),W/(m^2 sr um),W/(m^2 um),value_si=value_native*1e8/(wavelength_um^2),2493.0,4.011231448054553,0.92989117,1.0475e-09,0.0065102638275,0.0,0.0,0.0,0.0,,,0.0,0.0,,1.0475e-09,0.0065102638275
mwir_std_thermal,D:\HwaSimIR\HwaSim_IR\Bin\Config\Atmosphere\MODTRAN\raw\audit_mwir_standard_20260906\mwir_std_thermal\MODOUT2.txt,W/(cm^2 sr cm^-1),W/(cm^2 cm^-1),W/(m^2 sr um),W/(m^2 um),value_si=value_native*1e8/(wavelength_um^2),2494.0,4.0096230954290295,0.91743761,1.2139e-09,0.0075505017004,0.0,0.0,0.0,0.0,,,0.0,0.0,,1.2139e-09,0.0075505017004
mwir_std_thermal,D:\HwaSimIR\HwaSim_IR\Bin\Config\Atmosphere\MODTRAN\raw\audit_mwir_standard_20260906\mwir_std_thermal\MODOUT2.txt,W/(cm^2 sr cm^-1),W/(cm^2 cm^-1),W/(m^2 sr um),W/(m^2 um),value_si=value_native*1e8/(wavelength_um^2),2495.0,4.008016032064128,0.91872448,1.1905e-09,0.007410892262500002,0.0,0.0,0.0,0.0,,,0.0,0.0,,1.1905e-09,0.007410892262500002
mwir_std_thermal,D:\HwaSimIR\HwaSim_IR\Bin\Config\Atmosphere\MODTRAN\raw\audit_mwir_standard_20260906\mwir_std_thermal\MODOUT2.txt,W/(cm^2 sr cm^-1),W/(cm^2 cm^-1),W/(m^2 sr um),W/(m^2 um),value_si=value_native*1e8/(wavelength_um^2),2496.0,4.006410256410256,0.93548179,9.5333e-10,0.00593926115328,0.0,0.0,0.0,0.0,,,0.0,0.0,,9.5333e-10,0.00593926115328
mwir_std_thermal,D:\HwaSimIR\HwaSim_IR\Bin\Config\Atmosphere\MODTRAN\raw\audit_mwir_standard_20260906\mwir_std_thermal\MODOUT2.txt,W/(cm^2 sr cm^-1),W/(cm^2 cm^-1),W/(m^2 sr um),W/(m^2 um),value_si=value_native*1e8/(wavelength_um^2),2497.0,4.004805766920304,0.93738449,9.2421e-10,0.005762457667889999,0.0,0.0,0.0,0.0,,,0.0,0.0,,9.2421e-10,0.005762457667889999
mwir_std_thermal,D:\HwaSimIR\HwaSim_IR\Bin\Config\Atmosphere\MODTRAN\raw\audit_mwir_standard_20260906\mwir_std_thermal\MODOUT2.txt,W/(cm^2 sr cm^-1),W/(cm^2 cm^-1),W/(m^2 sr um),W/(m^2 um),value_si=value_native*1e8/(wavelength_um^2),2498.0,4.00320256204964,0.93833202,9.0754e-10,0.005663053230160001,0.0,0.0,0.0,0.0,,,0.0,0.0,,9.0754e-10,0.005663053230160001
mwir_std_thermal,D:\HwaSimIR\HwaSim_IR\Bin\Config\Atmosphere\MODTRAN\raw\audit_mwir_standard_20260906\mwir_std_thermal\MODOUT2.txt,W/(cm^2 sr cm^-1),W/(cm^2 cm^-1),W/(m^2 sr um),W/(m^2 um),value_si=value_native*1e8/(wavelength_um^2),2499.0,4.001600640256102,0.94100654,8.621e-10,0.0053838153621,0.0,0.0,0.0,0.0,,,0.0,0.0,,8.621e-10,0.0053838153621
mwir_std_thermal,D:\HwaSimIR\HwaSim_IR\Bin\Config\Atmosphere\MODTRAN\raw\audit_mwir_standard_20260906\mwir_std_thermal\MODOUT2.txt,W/(cm^2 sr cm^-1),W/(cm^2 cm^-1),W/(m^2 sr um),W/(m^2 um),value_si=value_native*1e8/(wavelength_um^2),2500.0,4.0,0.94159037,8.5077e-10,0.0053173125,0.0,0.0,0.0,0.0,,,0.0,0.0,,8.5077e-10,0.0053173125
mwir_std_thermal,D:\HwaSimIR\HwaSim_IR\Bin\Config\Atmosphere\MODTRAN\raw\audit_mwir_standard_20260906\mwir_std_thermal\MODOUT2.txt,W/(cm^2 sr cm^-1),W/(cm^2 cm^-1),W/(m^2 sr um),W/(m^2 um),value_si=value_native*1e8/(wavelength_um^2),2501.0,3.9984006397441023,0.94483876,8.0108e-10,0.00501075620108,0.0,0.0,0.0,0.0,,,0.0,0.0,,8.0108e-10,0.00501075620108
mwir_std_thermal,D:\HwaSimIR\HwaSim_IR\Bin\Config\Atmosphere\MODTRAN\raw\audit_mwir_standard_20260906\mwir_std_thermal\MODOUT2.txt,W/(cm^2 sr cm^-1),W/(cm^2 cm^-1),W/(m^2 sr um),W/(m^2 um),value_si=value_native*1e8/(wavelength_um^2),2502.0,3.9968025579536373,0.94587374,7.8293e-10,0.004901144931719999,0.0,0.0,0.0,0.0,,,0.0,0.0,,7.8293e-10,0.004901144931719999
mwir_std_thermal,D:\HwaSimIR\HwaSim_IR\Bin\Config\Atmosphere\MODTRAN\raw\audit_mwir_standard_20260906\mwir_std_thermal\MODOUT2.txt,W/(cm^2 sr cm^-1),W/(cm^2 cm^-1),W/(m^2 sr um),W/(m^2 um),value_si=value_native*1e8/(wavelength_um^2),2503.0,3.9952057530962843,0.94502556,7.9029e-10,0.00495117396261,0.0,0.0,0.0,0.0,,,0.0,0.0,,7.9029e-10,0.00495117396261
mwir_std_thermal,D:\HwaSimIR\HwaSim_IR\Bin\Config\Atmosphere\MODTRAN\raw\audit_mwir_standard_20260906\mwir_std_thermal\MODOUT2.txt,W/(cm^2 sr cm^-1),W/(cm^2 cm^-1),W/(m^2 sr um),W/(m^2 um),value_si=value_native*1e8/(wavelength_um^2),2504.0,3.9936102236421727,0.94733393,7.5294e-10,0.00472094584704,0.0,0.0,0.0,0.0,,,0.0,0.0,,7.5294e-10,0.00472094584704
mwir_std_thermal,D:\HwaSimIR\HwaSim_IR\Bin\Config\Atmosphere\MODTRAN\raw\audit_mwir_standard_20260906\mwir_std_thermal\MODOUT2.txt,W/(cm^2 sr cm^-1),W/(cm^2 cm^-1),W/(m^2 sr um),W/(m^2 um),value_si=value_native*1e8/(wavelength_um^2),2505.0,3.992015968063872,0.9480893,7.4073e-10,0.0046480992682500005,0.0,0.0,0.0,0.0,,,0.0,0.0,,7.4073e-10,0.0046480992682500005
mwir_std_thermal,D:\HwaSimIR\HwaSim_IR\Bin\Config\Atmosphere\MODTRAN\raw\audit_mwir_standard_20260906\mwir_std_thermal\MODOUT2.txt,W/(cm^2 sr cm^-1),W/(cm^2 cm^-1),W/(m^2 sr um),W/(m^2 um),value_si=value_native*1e8/(wavelength_um^2),2506.0,3.9904229848363926,0.95063388,7.0233e-10,0.0044106576838800005,0.0,0.0,0.0,0.0,,,0.0,0.0,,7.0233e-10,0.0044106576838800005
mwir_std_thermal,D:\HwaSimIR\HwaSim_IR\Bin\Config\Atmosphere\MODTRAN\raw\audit_mwir_standard_20260906\mwir_std_thermal\MODOUT2.txt,W/(cm^2 sr cm^-1),W/(cm^2 cm^-1),W/(m^2 sr um),W/(m^2 um),value_si=value_native*1e8/(wavelength_um^2),2507.0,3.9888312724371757,0.95050156,6.9822e-10,0.00438834691278,0.0,0.0,0.0,0.0,,,0.0,0.0,,6.9822e-10,0.00438834691278
mwir_std_thermal,D:\HwaSimIR\HwaSim_IR\Bin\Config\Atmosphere\MODTRAN\raw\audit_mwir_standard_20260906\mwir_std_thermal\MODOUT2.txt,W/(cm^2 sr cm^-1),W/(cm^2 cm^-1),W/(m^2 sr um),W/(m^2 um),value_si=value_native*1e8/(wavelength_um^2),2508.0,3.9872408293460926,0.95209634,6.7358e-10,0.00423686130912,0.0,0.0,0.0,0.0,,,0.0,0.0,,6.7358e-10,0.00423686130912
mwir_std_thermal,D:\HwaSimIR\HwaSim_IR\Bin\Config\Atmosphere\MODTRAN\raw\audit_mwir_standard_20260906\mwir_std_thermal\MODOUT2.txt,W/(cm^2 sr cm^-1),W/(cm^2 cm^-1),W/(m^2 sr um),W/(m^2 um),value_si=value_native*1e8/(wavelength_um^2),2509.0,3.9856516540454363,0.951644,6.7737e-10,0.00426409901697,0.0,0.0,0.0,0.0,,,0.0,0.0,,6.7737e-10,0.00426409901697
mwir_std_thermal,D:\HwaSimIR\HwaSim_IR\Bin\Config\Atmosphere\MODTRAN\raw\audit_mwir_standard_20260906\mwir_std_thermal\MODOUT2.txt,W/(cm^2 sr cm^-1),W/(cm^2 cm^-1),W/(m^2 sr um),W/(m^2 um),value_si=value_native*1e8/(wavelength_um^2),2510.0,3.9840637450199203,0.95149243,6.7495e-10,0.004252252495,0.0,0.0,0.0,0.0,,,0.0,0.0,,6.7495e-10,0.004252252495
mwir_std_thermal,D:\HwaSimIR\HwaSim_IR\Bin\Config\Atmosphere\MODTRAN\raw\audit_mwir_standard_20260906\mwir_std_thermal\MODOUT2.txt,W/(cm^2 sr cm^-1),W/(cm^2 cm^-1),W/(m^2 sr um),W/(m^2 um),value_si=value_native*1e8/(wavelength_um^2),2511.0,3.982477100756671,0.95244092,6.6046e-10,0.0041642802156600005,0.0,0.0,0.0,0.0,,,0.0,0.0,,6.6046e-10,0.0041642802156600005
mwir_std_thermal,D:\HwaSimIR\HwaSim_IR\Bin\Config\Atmosphere\MODTRAN\raw\audit_mwir_standard_20260906\mwir_std_thermal\MODOUT2.txt,W/(cm^2 sr cm^-1),W/(cm^2 cm^-1),W/(m^2 sr um),W/(m^2 um),value_si=value_native*1e8/(wavelength_um^2),2512.0,3.9808917197452227,0.93754196,8.4399e-10,0.005325698434560001,0.0,0.0,0.0,0.0,,,0.0,0.0,,8.4399e-10,0.005325698434560001
mwir_std_thermal,D:\HwaSimIR\HwaSim_IR\Bin\Config\Atmosphere\MODTRAN\raw\audit_mwir_standard_20260906\mwir_std_thermal\MODOUT2.txt,W/(cm^2 sr cm^-1),W/(cm^2 cm^-1),W/(m^2 sr um),W/(m^2 um),value_si=value_native*1e8/(wavelength_um^2),2513.0,3.979307600477517,0.9500308,6.8245e-10,0.00430978708405,0.0,0.0,0.0,0.0,,,0.0,0.0,,6.8245e-10,0.00430978708405
mwir_std_thermal,D:\HwaSimIR\HwaSim_IR\Bin\Config\Atmosphere\MODTRAN\raw\audit_mwir_standard_20260906\mwir_std_thermal\MODOUT2.txt,W/(cm^2 sr cm^-1),W/(cm^2 cm^-1),W/(m^2 sr um),W/(m^2 um),value_si=value_native*1e8/(wavelength_um^2),2514.0,3.977724741447892,0.95523554,6.1353e-10,0.0038776298518800006,0.0,0.0,0.0,0.0,,,0.0,0.0,,6.1353e-10,0.0038776298518800006
mwir_std_thermal,D:\HwaSimIR\HwaSim_IR\Bin\Config\Atmosphere\MODTRAN\raw\audit_mwir_standard_20260906\mwir_std_thermal\MODOUT2.txt,W/(cm^2 sr cm^-1),W/(cm^2 cm^-1),W/(m^2 sr um),W/(m^2 um),value_si=value_native*1e8/(wavelength_um^2),2515.0,3.9761431411530817,0.94256353,7.7386e-10,0.004894838618499999,0.0,0.0,0.0,0.0,,,0.0,0.0,,7.7386e-10,0.004894838618499999
mwir_std_thermal,D:\HwaSimIR\HwaSim_IR\Bin\Config\Atmosphere\MODTRAN\raw\audit_mwir_standard_20260906\mwir_std_thermal\MODOUT2.txt,W/(cm^2 sr cm^-1),W/(cm^2 cm^-1),W/(m^2 sr um),W/(m^2 um),value_si=value_native*1e8/(wavelength_um^2),2516.0,3.97456279809221,0.95188612,6.4931e-10,0.00411029852336,0.0,0.0,0.0,0.0,,,0.0,0.0,,6.4931e-10,0.00411029852336
mwir_std_thermal,D:\HwaSimIR\HwaSim_IR\Bin\Config\Atmosphere\MODTRAN\raw\audit_mwir_standard_20260906\mwir_std_thermal\MODOUT2.txt,W/(cm^2 sr cm^-1),W/(cm^2 cm^-1),W/(m^2 sr um),W/(m^2 um),value_si=value_native*1e8/(wavelength_um^2),2517.0,3.972983710766786,0.95766532,5.7238e-10,0.00362619271782,0.0,0.0,0.0,0.0,,,0.0,0.0,,5.7238e-10,0.00362619271782
mwir_std_thermal,D:\HwaSimIR\HwaSim_IR\Bin\Config\Atmosphere\MODTRAN\raw\audit_mwir_standard_20260906\mwir_std_thermal\MODOUT2.txt,W/(cm^2 sr cm^-1),W/(cm^2 cm^-1),W/(m^2 sr um),W/(m^2 um),value_si=value_native*1e8/(wavelength_um^2),2518.0,3.971405877680699,0.95672905,5.8667e-10,0.00371967788108,0.0,0.0,0.0,0.0,,,0.0,0.0,,5.8667e-10,0.00371967788108
mwir_std_thermal,D:\HwaSimIR\HwaSim_IR\Bin\Config\Atmosphere\MODTRAN\raw\audit_mwir_standard_20260906\mwir_std_thermal\MODOUT2.txt,W/(cm^2 sr cm^-1),W/(cm^2 cm^-1),W/(m^2 sr um),W/(m^2 um),value_si=value_native*1e8/(wavelength_um^2),2519.0,3.9698292973402145,0.95718879,5.754e-10,0.0036511207194,0.0,0.0,0.0,0.0,,,0.0,0.0,,5.754e-10,0.0036511207194
mwir_std_thermal,D:\HwaSimIR\HwaSim_IR\Bin\Config\Atmosphere\MODTRAN\raw\audit_mwir_standard_20260906\mwir_std_thermal\MODOUT2.txt,W/(cm^2 sr cm^-1),W/(cm^2 cm^-1),W/(m^2 sr um),W/(m^2 um),value_si=value_native*1e8/(wavelength_um^2),2520.0,3.9682539682539684,0.95766413,5.6671e-10,0.0035988351839999996,0.0,0.0,0.0,0.0,,,0.0,0.0,,5.6671e-10,0.0035988351839999996
mwir_std_thermal,D:\HwaSimIR\HwaSim_IR\Bin\Config\Atmosphere\MODTRAN\raw\audit_mwir_standard_20260906\mwir_std_thermal\MODOUT2.txt,W/(cm^2 sr cm^-1),W/(cm^2 cm^-1),W/(m^2 sr um),W/(m^2 um),value_si=value_native*1e8/(wavelength_um^2),2521.0,3.9666798889329633,0.95862359,5.494e-10,0.0034916792853999998,0.0,0.0,0.0,0.0,,,0.0,0.0,,5.494e-10,0.0034916792853999998
mwir_std_thermal,D:\HwaSimIR\HwaSim_IR\Bin\Config\Atmosphere\MODTRAN\raw\audit_mwir_standard_20260906\mwir_std_thermal\MODOUT2.txt,W/(cm^2 sr cm^-1),W/(cm^2 cm^-1),W/(m^2 sr um),W/(m^2 um),value_si=value_native*1e8/(wavelength_um^2),2522.0,3.965107057890563,0.95745838,5.6304e-10,0.003581206911359999,0.0,0.0,0.0,0.0,,,0.0,0.0,,5.6304e-10,0.003581206911359999
mwir_std_thermal,D:\HwaSimIR\HwaSim_IR\Bin\Config\Atmosphere\MODTRAN\raw\audit_mwir_standard_20260906\mwir_std_thermal\MODOUT2.txt,W/(cm^2 sr cm^-1),W/(cm^2 cm^-1),W/(m^2 sr um),W/(m^2 um),value_si=value_native*1e8/(wavelength_um^2),2523.0,3.963535473642489,0.95817786,5.5007e-10,0.0035014865370300006,0.0,0.0,0.0,0.0,,,0.0,0.0,,5.5007e-10,0.0035014865370300006
mwir_std_thermal,D:\HwaSimIR\HwaSim_IR\Bin\Config\Atmosphere\MODTRAN\raw\audit_mwir_standard_20260906\mwir_std_thermal\MODOUT2.txt,W/(cm^2 sr cm^-1),W/(cm^2 cm^-1),W/(m^2 sr um),W/(m^2 um),value_si=value_native*1e8/(wavelength_um^2),2524.0,3.9619651347068148,0.96340346,4.8489e-10,0.0030890285966399997,0.0,0.0,0.0,0.0,,,0.0,0.0,,4.8489e-10,0.0030890285966399997
mwir_std_thermal,D:\HwaSimIR\HwaSim_IR\Bin\Config\Atmosphere\MODTRAN\raw\audit_mwir_standard_20260906\mwir_std_thermal\MODOUT2.txt,W/(cm^2 sr cm^-1),W/(cm^2 cm^-1),W/(m^2 sr um),W/(m^2 um),value_si=value_native*1e8/(wavelength_um^2),2525.0,3.9603960396039604,0.95707905,5.5819e-10,0.00355881011875,0.0,0.0,0.0,0.0,,,0.0,0.0,,5.5819e-10,0.00355881011875
mwir_std_thermal,D:\HwaSimIR\HwaSim_IR\Bin\Config\Atmosphere\MODTRAN\raw\audit_mwir_standard_20260906\mwir_std_thermal\MODOUT2.txt,W/(cm^2 sr cm^-1),W/(cm^2 cm^-1),W/(m^2 sr um),W/(m^2 um),value_si=value_native*1e8/(wavelength_um^2),2526.0,3.9588281868566906,0.94596261,6.8963e-10,0.004400305589879999,0.0,0.0,0.0,0.0,,,0.0,0.0,,6.8963e-10,0.004400305589879999
mwir_std_thermal,D:\HwaSimIR\HwaSim_IR\Bin\Config\Atmosphere\MODTRAN\raw\audit_mwir_standard_20260906\mwir_std_thermal\MODOUT2.txt,W/(cm^2 sr cm^-1),W/(cm^2 cm^-1),W/(m^2 sr um),W/(m^2 um),value_si=value_native*1e8/(wavelength_um^2),2527.0,3.957261574990107,0.95556247,5.7131e-10,0.003648230834989999,0.0,0.0,0.0,0.0,,,0.0,0.0,,5.7131e-10,0.003648230834989999
mwir_std_thermal,D:\HwaSimIR\HwaSim_IR\Bin\Config\Atmosphere\MODTRAN\raw\audit_mwir_standard_20260906\mwir_std_thermal\MODOUT2.txt,W/(cm^2 sr cm^-1),W/(cm^2 cm^-1),W/(m^2 sr um),W/(m^2 um),value_si=value_native*1e8/(wavelength_um^2),2528.0,3.9556962025316458,0.95417845,5.8486e-10,0.0037377139302399998,0.0,0.0,0.0,0.0,,,0.0,0.0,,5.8486e-10,0.0037377139302399998
mwir_std_thermal,D:\HwaSimIR\HwaSim_IR\Bin\Config\Atmosphere\MODTRAN\raw\audit_mwir_standard_20260906\mwir_std_thermal\MODOUT2.txt,W/(cm^2 sr cm^-1),W/(cm^2 cm^-1),W/(m^2 sr um),W/(m^2 um),value_si=value_native*1e8/(wavelength_um^2),2529.0,3.9541320680110714,0.9458707,6.8117e-10,0.004356655013970001,0.0,0.0,0.0,0.0,,,0.0,0.0,,6.8117e-10,0.004356655013970001
mwir_std_thermal,D:\HwaSimIR\HwaSim_IR\Bin\Config\Atmosphere\MODTRAN\raw\audit_mwir_standard_20260906\mwir_std_thermal\MODOUT2.txt,W/(cm^2 sr cm^-1),W/(cm^2 cm^-1),W/(m^2 sr um),W/(m^2 um),value_si=value_native*1e8/(wavelength_um^2),2530.0,3.952569169960474,0.94635159,6.7406e-10,0.004314590654000001,0.0,0.0,0.0,0.0,,,0.0,0.0,,6.7406e-10,0.004314590654000001
mwir_std_thermal,D:\HwaSimIR\HwaSim_IR\Bin\Config\Atmosphere\MODTRAN\raw\audit_mwir_standard_20260906\mwir_std_thermal\MODOUT2.txt,W/(cm^2 sr cm^-1),W/(cm^2 cm^-1),W/(m^2 sr um),W/(m^2 um),value_si=value_native*1e8/(wavelength_um^2),2531.0,3.951007506914263,0.94771373,6.5733e-10,0.004210830344129999,0.0,0.0,0.0,0.0,,,0.0,0.0,,6.5733e-10,0.004210830344129999
mwir_std_thermal,D:\HwaSimIR\HwaSim_IR\Bin\Config\Atmosphere\MODTRAN\raw\audit_mwir_standard_20260906\mwir_std_thermal\MODOUT2.txt,W/(cm^2 sr cm^-1),W/(cm^2 cm^-1),W/(m^2 sr um),W/(m^2 um),value_si=value_native*1e8/(wavelength_um^2),2532.0,3.949447077409163,0.9478091,6.469e-10,0.0041472914256,0.0,0.0,0.0,0.0,,,0.0,0.0,,6.469e-10,0.0041472914256
mwir_std_thermal,D:\HwaSimIR\HwaSim_IR\Bin\Config\Atmosphere\MODTRAN\raw\audit_mwir_standard_20260906\mwir_std_thermal\MODOUT2.txt,W/(cm^2 sr cm^-1),W/(cm^2 cm^-1),W/(m^2 sr um),W/(m^2 um),value_si=value_native*1e8/(wavelength_um^2),2533.0,3.9478878799842083,0.94217741,7.205e-10,0.0046227921245,0.0,0.0,0.0,0.0,,,0.0,0.0,,7.205e-10,0.0046227921245
mwir_std_thermal,D:\HwaSimIR\HwaSim_IR\Bin\Config\Atmosphere\MODTRAN\raw\audit_mwir_standard_20260906\mwir_std_thermal\MODOUT2.txt,W/(cm^2 sr cm^-1),W/(cm^2 cm^-1),W/(m^2 sr um),W/(m^2 um),value_si=value_native*1e8/(wavelength_um^2),2534.0,3.946329913180742,0.94109392,7.2428e-10,0.00465071486768,0.0,0.0,0.0,0.0,,,0.0,0.0,,7.2428e-10,0.00465071486768
mwir_std_thermal,D:\HwaSimIR\HwaSim_IR\Bin\Config\Atmosphere\MODTRAN\raw\audit_mwir_standard_20260906\mwir_std_thermal\MODOUT2.txt,W/(cm^2 sr cm^-1),W/(cm^2 cm^-1),W/(m^2 sr um),W/(m^2 um),value_si=value_native*1e8/(wavelength_um^2),2535.0,3.9447731755424065,0.93959177,7.3184e-10,0.004702968504,0.0,0.0,0.0,0.0,,,0.0,0.0,,7.3184e-10,0.004702968504
mwir_std_thermal,D:\HwaSimIR\HwaSim_IR\Bin\Config\Atmosphere\MODTRAN\raw\audit_mwir_standard_20260906\mwir_std_thermal\MODOUT2.txt,W/(cm^2 sr cm^-1),W/(cm^2 cm^-1),W/(m^2 sr um),W/(m^2 um),value_si=value_native*1e8/(wavelength_um^2),2536.0,3.943217665615142,0.93086308,8.2504e-10,0.005306076451839999,0.0,0.0,0.0,0.0,,,0.0,0.0,,8.2504e-10,0.005306076451839999
mwir_std_thermal,D:\HwaSimIR\HwaSim_IR\Bin\Config\Atmosphere\MODTRAN\raw\audit_mwir_standard_20260906\mwir_std_thermal\MODOUT2.txt,W/(cm^2 sr cm^-1),W/(cm^2 cm^-1),W/(m^2 sr um),W/(m^2 um),value_si=value_native*1e8/(wavelength_um^2),2537.0,3.9416633819471816,0.92610818,8.7253e-10,0.00561592504357,0.0,0.0,0.0,0.0,,,0.0,0.0,,8.7253e-10,0.00561592504357
mwir_std_thermal,D:\HwaSimIR\HwaSim_IR\Bin\Config\Atmosphere\MODTRAN\raw\audit_mwir_standard_20260906\mwir_std_thermal\MODOUT2.txt,W/(cm^2 sr cm^-1),W/(cm^2 cm^-1),W/(m^2 sr um),W/(m^2 um),value_si=value_native*1e8/(wavelength_um^2),2538.0,3.9401103230890464,0.93057126,8.1751e-10,0.005265944884440001,0.0,0.0,0.0,0.0,,,0.0,0.0,,8.1751e-10,0.005265944884440001
mwir_std_thermal,D:\HwaSimIR\HwaSim_IR\Bin\Config\Atmosphere\MODTRAN\raw\audit_mwir_standard_20260906\mwir_std_thermal\MODOUT2.txt,W/(cm^2 sr cm^-1),W/(cm^2 cm^-1),W/(m^2 sr um),W/(m^2 um),value_si=value_native*1e8/(wavelength_um^2),2539.0,3.9385584875935407,0.92544019,8.724e-10,0.0056239449204,0.0,0.0,0.0,0.0,,,0.0,0.0,,8.724e-10,0.0056239449204
mwir_std_thermal,D:\HwaSimIR\HwaSim_IR\Bin\Config\Atmosphere\MODTRAN\raw\audit_mwir_standard_20260906\mwir_std_thermal\MODOUT2.txt,W/(cm^2 sr cm^-1),W/(cm^2 cm^-1),W/(m^2 sr um),W/(m^2 um),value_si=value_native*1e8/(wavelength_um^2),2540.0,3.937007874015748,0.92440766,8.7362e-10,0.005636246792,0.0,0.0,0.0,0.0,,,0.0,0.0,,8.7362e-10,0.005636246792
mwir_std_thermal,D:\HwaSimIR\HwaSim_IR\Bin\Config\Atmosphere\MODTRAN\raw\audit_mwir_standard_20260906\mwir_std_thermal\MODOUT2.txt,W/(cm^2 sr cm^-1),W/(cm^2 cm^-1),W/(m^2 sr um),W/(m^2 um),value_si=value_native*1e8/(wavelength_um^2),2541.0,3.9354584809130264,0.92071718,9.0884e-10,0.00586808996004,0.0,0.0,0.0,0.0,,,0.0,0.0,,9.0884e-10,0.00586808996004
mwir_std_thermal,D:\HwaSimIR\HwaSim_IR\Bin\Config\Atmosphere\MODTRAN\raw\audit_mwir_standard_20260906\mwir_std_thermal\MODOUT2.txt,W/(cm^2 sr cm^-1),W/(cm^2 cm^-1),W/(m^2 sr um),W/(m^2 um),value_si=value_native*1e8/(wavelength_um^2),2542.0,3.933910306845004,0.91766202,9.3534e-10,0.00604394633976,0.0,0.0,0.0,0.0,,,0.0,0.0,,9.3534e-10,0.00604394633976
mwir_std_thermal,D:\HwaSimIR\HwaSim_IR\Bin\Config\Atmosphere\MODTRAN\raw\audit_mwir_standard_20260906\mwir_std_thermal\MODOUT2.txt,W/(cm^2 sr cm^-1),W/(cm^2 cm^-1),W/(m^2 sr um),W/(m^2 um),value_si=value_native*1e8/(wavelength_um^2),2543.0,3.9323633503735747,0.91208225,9.9184e-10,0.00641407951216,0.0,0.0,0.0,0.0,,,0.0,0.0,,9.9184e-10,0.00641407951216
mwir_std_thermal,D:\HwaSimIR\HwaSim_IR\Bin\Config\Atmosphere\MODTRAN\raw\audit_mwir_standard_20260906\mwir_std_thermal\MODOUT2.txt,W/(cm^2 sr cm^-1),W/(cm^2 cm^-1),W/(m^2 sr um),W/(m^2 um),value_si=value_native*1e8/(wavelength_um^2),2544.0,3.930817610062893,0.90961504,1.0116e-09,0.006547010457599999,0.0,0.0,0.0,0.0,,,0.0,0.0,,1.0116e-09,0.006547010457599999
mwir_std_thermal,D:\HwaSimIR\HwaSim_IR\Bin\Config\Atmosphere\MODTRAN\raw\audit_mwir_standard_20260906\mwir_std_thermal\MODOUT2.txt,W/(cm^2 sr cm^-1),W/(cm^2 cm^-1),W/(m^2 sr um),W/(m^2 um),value_si=value_native*1e8/(wavelength_um^2),2545.0,3.9292730844793713,0.89957798,1.12e-09,0.007254268,0.0,0.0,0.0,0.0,,,0.0,0.0,,1.12e-09,0.007254268
mwir_std_thermal,D:\HwaSimIR\HwaSim_IR\Bin\Config\Atmosphere\MODTRAN\raw\audit_mwir_standard_20260906\mwir_std_thermal\MODOUT2.txt,W/(cm^2 sr cm^-1),W/(cm^2 cm^-1),W/(m^2 sr um),W/(m^2 um),value_si=value_native*1e8/(wavelength_um^2),2546.0,3.927729772191673,0.89916062,1.1077e-09,0.007180239893200001,0.0,0.0,0.0,0.0,,,0.0,0.0,,1.1077e-09,0.007180239893200001
mwir_std_thermal,D:\HwaSimIR\HwaSim_IR\Bin\Config\Atmosphere\MODTRAN\raw\audit_mwir_standard_20260906\mwir_std_thermal\MODOUT2.txt,W/(cm^2 sr cm^-1),W/(cm^2 cm^-1),W/(m^2 sr um),W/(m^2 um),value_si=value_native*1e8/(wavelength_um^2),2547.0,3.9261876717707107,0.89654994,1.1406e-09,0.007399310585399999,0.0,0.0,0.0,0.0,,,0.0,0.0,,1.1406e-09,0.007399310585399999
mwir_std_thermal,D:\HwaSimIR\HwaSim_IR\Bin\Config\Atmosphere\MODTRAN\raw\audit_mwir_standard_20260906\mwir_std_thermal\MODOUT2.txt,W/(cm^2 sr cm^-1),W/(cm^2 cm^-1),W/(m^2 sr um),W/(m^2 um),value_si=value_native*1e8/(wavelength_um^2),2548.0,3.924646781789639,0.89518011,1.1416e-09,0.007411614246400001,0.0,0.0,0.0,0.0,,,0.0,0.0,,1.1416e-09,0.007411614246400001
mwir_std_thermal,D:\HwaSimIR\HwaSim_IR\Bin\Config\Atmosphere\MODTRAN\raw\audit_mwir_standard_20260906\mwir_std_thermal\MODOUT2.txt,W/(cm^2 sr cm^-1),W/(cm^2 cm^-1),W/(m^2 sr um),W/(m^2 um),value_si=value_native*1e8/(wavelength_um^2),2549.0,3.9231071008238523,0.89716202,1.1212e-09,0.007284886001200001,0.0,0.0,0.0,0.0,,,0.0,0.0,,1.1212e-09,0.007284886001200001
mwir_std_thermal,D:\HwaSimIR\HwaSim_IR\Bin\Config\Atmosphere\MODTRAN\raw\audit_mwir_standard_20260906\mwir_std_thermal\MODOUT2.txt,W/(cm^2 sr cm^-1),W/(cm^2 cm^-1),W/(m^2 sr um),W/(m^2 um),value_si=value_native*1e8/(wavelength_um^2),2550.0,3.9215686274509802,0.89613295,1.1193e-09,0.007278248250000001,0.0,0.0,0.0,0.0,,,0.0,0.0,,1.1193e-09,0.007278248250000001
mwir_std_thermal,D:\HwaSimIR\HwaSim_IR\Bin\Config\Atmosphere\MODTRAN\raw\audit_mwir_standard_20260906\mwir_std_thermal\MODOUT2.txt,W/(cm^2 sr cm^-1),W/(cm^2 cm^-1),W/(m^2 sr um),W/(m^2 um),value_si=value_native*1e8/(wavelength_um^2),2551.0,3.920031360250882,0.897636,1.0954e-09,0.007128426135400001,0.0,0.0,0.0,0.0,,,0.0,0.0,,1.0954e-09,0.007128426135400001
mwir_std_thermal,D:\HwaSimIR\HwaSim_IR\Bin\Config\Atmosphere\MODTRAN\raw\audit_mwir_standard_20260906\mwir_std_thermal\MODOUT2.txt,W/(cm^2 sr cm^-1),W/(cm^2 cm^-1),W/(m^2 sr um),W/(m^2 um),value_si=value_native*1e8/(wavelength_um^2),2552.0,3.9184952978056424,0.89705729,1.0946e-09,0.0071288057984,0.0,0.0,0.0,0.0,,,0.0,0.0,,1.0946e-09,0.0071288057984
mwir_std_thermal,D:\HwaSimIR\HwaSim_IR\Bin\Config\Atmosphere\MODTRAN\raw\audit_mwir_standard_20260906\mwir_std_thermal\MODOUT2.txt,W/(cm^2 sr cm^-1),W/(cm^2 cm^-1),W/(m^2 sr um),W/(m^2 um),value_si=value_native*1e8/(wavelength_um^2),2553.0,3.916960438699569,0.89362901,1.1386e-09,0.0074211773274000005,0.0,0.0,0.0,0.0,,,0.0,0.0,,1.1386e-09,0.0074211773274000005
mwir_std_thermal,D:\HwaSimIR\HwaSim_IR\Bin\Config\Atmosphere\MODTRAN\raw\audit_mwir_standard_20260906\mwir_std_thermal\MODOUT2.txt,W/(cm^2 sr cm^-1),W/(cm^2 cm^-1),W/(m^2 sr um),W/(m^2 um),value_si=value_native*1e8/(wavelength_um^2),2554.0,3.9154267815191854,0.8972131,1.0865e-09,0.0070871482340000005,0.0,0.0,0.0,0.0,,,0.0,0.0,,1.0865e-09,0.0070871482340000005
mwir_std_thermal,D:\HwaSimIR\HwaSim_IR\Bin\Config\Atmosphere\MODTRAN\raw\audit_mwir_standard_20260906\mwir_std_thermal\MODOUT2.txt,W/(cm^2 sr cm^-1),W/(cm^2 cm^-1),W/(m^2 sr um),W/(m^2 um),value_si=value_native*1e8/(wavelength_um^2),2555.0,3.9138943248532287,0.90137565,1.041e-09,0.006795674025000001,0.0,0.0,0.0,0.0,,,0.0,0.0,,1.041e-09,0.006795674025000001
mwir_std_thermal,D:\HwaSimIR\HwaSim_IR\Bin\Config\Atmosphere\MODTRAN\raw\audit_mwir_standard_20260906\mwir_std_thermal\MODOUT2.txt,W/(cm^2 sr cm^-1),W/(cm^2 cm^-1),W/(m^2 sr um),W/(m^2 um),value_si=value_native*1e8/(wavelength_um^2),2556.0,3.912363067292645,0.85914028,1.4379e-09,0.0093939962544,0.0,0.0,0.0,0.0,,,0.0,0.0,,1.4379e-09,0.0093939962544
mwir_std_thermal,D:\HwaSimIR\HwaSim_IR\Bin\Config\Atmosphere\MODTRAN\raw\audit_mwir_standard_20260906\mwir_std_thermal\MODOUT2.txt,W/(cm^2 sr cm^-1),W/(cm^2 cm^-1),W/(m^2 sr um),W/(m^2 um),value_si=value_native*1e8/(wavelength_um^2),2557.0,3.9108330074305826,0.888969,1.1592e-09,0.007579138240800001,0.0,0.0,0.0,0.0,,,0.0,0.0,,1.1592e-09,0.007579138240800001
mwir_std_thermal,D:\HwaSimIR\HwaSim_IR\Bin\Config\Atmosphere\MODTRAN\raw\audit_mwir_standard_20260906\mwir_std_thermal\MODOUT2.txt,W/(cm^2 sr cm^-1),W/(cm^2 cm^-1),W/(m^2 sr um),W/(m^2 um),value_si=value_native*1e8/(wavelength_um^2),2558.0,3.9093041438623923,0.9206298,8.3203e-10,0.005444275148920001,0.0,0.0,0.0,0.0,,,0.0,0.0,,8.3203e-10,0.005444275148920001
mwir_std_thermal,D:\HwaSimIR\HwaSim_IR\Bin\Config\Atmosphere\MODTRAN\raw\audit_mwir_standard_20260906\mwir_std_thermal\MODOUT2.txt,W/(cm^2 sr cm^-1),W/(cm^2 cm^-1),W/(m^2 sr um),W/(m^2 um),value_si=value_native*1e8/(wavelength_um^2),2559.0,3.9077764751856194,0.93087727,7.2333e-10,0.00473671276173,0.0,0.0,0.0,0.0,,,0.0,0.0,,7.2333e-10,0.00473671276173
mwir_std_thermal,D:\HwaSimIR\HwaSim_IR\Bin\Config\Atmosphere\MODTRAN\raw\audit_mwir_standard_20260906\mwir_std_thermal\MODOUT2.txt,W/(cm^2 sr cm^-1),W/(cm^2 cm^-1),W/(m^2 sr um),W/(m^2 um),value_si=value_native*1e8/(wavelength_um^2),2560.0,3.90625,0.93073702,7.2522e-10,0.004752801792,0.0,0.0,0.0,0.0,,,0.0,0.0,,7.2522e-10,0.004752801792
mwir_std_thermal,D:\HwaSimIR\HwaSim_IR\Bin\Config\Atmosphere\MODTRAN\raw\audit_mwir_standard_20260906\mwir_std_thermal\MODOUT2.txt,W/(cm^2 sr cm^-1),W/(cm^2 cm^-1),W/(m^2 sr um),W/(m^2 um),value_si=value_native*1e8/(wavelength_um^2),2561.0,3.904724716907458,0.94287187,6.0172e-10,0.003946513600119999,0.0,0.0,0.0,0.0,,,0.0,0.0,,6.0172e-10,0.003946513600119999
mwir_std_thermal,D:\HwaSimIR\HwaSim_IR\Bin\Config\Atmosphere\MODTRAN\raw\audit_mwir_standard_20260906\mwir_std_thermal\MODOUT2.txt,W/(cm^2 sr cm^-1),W/(cm^2 cm^-1),W/(m^2 sr um),W/(m^2 um),value_si=value_native*1e8/(wavelength_um^2),2562.0,3.9032006245121,0.94607818,5.8406e-10,0.0038336787266400004,0.0,0.0,0.0,0.0,,,0.0,0.0,,5.8406e-10,0.0038336787266400004
mwir_std_thermal,D:\HwaSimIR\HwaSim_IR\Bin\Config\Atmosphere\MODTRAN\raw\audit_mwir_standard_20260906\mwir_std_thermal\MODOUT2.txt,W/(cm^2 sr cm^-1),W/(cm^2 cm^-1),W/(m^2 sr um),W/(m^2 um),value_si=value_native*1e8/(wavelength_um^2),2563.0,3.9016777214202105,0.96206188,4.0647e-10,0.00267008882943,0.0,0.0,0.0,0.0,,,0.0,0.0,,4.0647e-10,0.00267008882943
mwir_std_thermal,D:\HwaSimIR\HwaSim_IR\Bin\Config\Atmosphere\MODTRAN\raw\audit_mwir_standard_20260906\mwir_std_thermal\MODOUT2.txt,W/(cm^2 sr cm^-1),W/(cm^2 cm^-1),W/(m^2 sr um),W/(m^2 um),value_si=value_native*1e8/(wavelength_um^2),2564.0,3.9001560062402496,0.94911033,5.9181e-10,0.00389061575376,0.0,0.0,0.0,0.0,,,0.0,0.0,,5.9181e-10,0.00389061575376
mwir_std_thermal,D:\HwaSimIR\HwaSim_IR\Bin\Config\Atmosphere\MODTRAN\raw\audit_mwir_standard_20260906\mwir_std_thermal\MODOUT2.txt,W/(cm^2 sr cm^-1),W/(cm^2 cm^-1),W/(m^2 sr um),W/(m^2 um),value_si=value_native*1e8/(wavelength_um^2),2565.0,3.898635477582846,0.94557428,6.0018e-10,0.003948719260500001,0.0,0.0,0.0,0.0,,,0.0,0.0,,6.0018e-10,0.003948719260500001
mwir_std_thermal,D:\HwaSimIR\HwaSim_IR\Bin\Config\Atmosphere\MODTRAN\raw\audit_mwir_standard_20260906\mwir_std_thermal\MODOUT2.txt,W/(cm^2 sr cm^-1),W/(cm^2 cm^-1),W/(m^2 sr um),W/(m^2 um),value_si=value_native*1e8/(wavelength_um^2),2566.0,3.897116134060795,0.94543648,5.6394e-10,0.0037131817226399998,0.0,0.0,0.0,0.0,,,0.0,0.0,,5.6394e-10,0.0037131817226399998
mwir_std_thermal,D:\HwaSimIR\HwaSim_IR\Bin\Config\Atmosphere\MODTRAN\raw\audit_mwir_standard_20260906\mwir_std_thermal\MODOUT2.txt,W/(cm^2 sr cm^-1),W/(cm^2 cm^-1),W/(m^2 sr um),W/(m^2 um),value_si=value_native*1e8/(wavelength_um^2),2567.0,3.8955979742890534,0.89647317,1.0224e-09,0.006737093553599999,0.0,0.0,0.0,0.0,,,0.0,0.0,,1.0224e-09,0.006737093553599999
mwir_std_thermal,D:\HwaSimIR\HwaSim_IR\Bin\Config\Atmosphere\MODTRAN\raw\audit_mwir_standard_20260906\mwir_std_thermal\MODOUT2.txt,W/(cm^2 sr cm^-1),W/(cm^2 cm^-1),W/(m^2 sr um),W/(m^2 um),value_si=value_native*1e8/(wavelength_um^2),2568.0,3.8940809968847354,0.91291994,8.7234e-10,0.00575275430016,0.0,0.0,0.0,0.0,,,0.0,0.0,,8.7234e-10,0.00575275430016
mwir_std_thermal,D:\HwaSimIR\HwaSim_IR\Bin\Config\Atmosphere\MODTRAN\raw\audit_mwir_standard_20260906\mwir_std_thermal\MODOUT2.txt,W/(cm^2 sr cm^-1),W/(cm^2 cm^-1),W/(m^2 sr um),W/(m^2 um),value_si=value_native*1e8/(wavelength_um^2),2569.0,3.8925652004671076,0.90682429,9.2579e-10,0.00610999273619,0.0,0.0,0.0,0.0,,,0.0,0.0,,9.2579e-10,0.00610999273619
mwir_std_thermal,D:\HwaSimIR\HwaSim_IR\Bin\Config\Atmosphere\MODTRAN\raw\audit_mwir_standard_20260906\mwir_std_thermal\MODOUT2.txt,W/(cm^2 sr cm^-1),W/(cm^2 cm^-1),W/(m^2 sr um),W/(m^2 um),value_si=value_native*1e8/(wavelength_um^2),2570.0,3.8910505836575875,0.89628577,1.0328e-09,0.006821540720000001,0.0,0.0,0.0,0.0,,,0.0,0.0,,1.0328e-09,0.006821540720000001
mwir_std_thermal,D:\HwaSimIR\HwaSim_IR\Bin\Config\Atmosphere\MODTRAN\raw\audit_mwir_standard_20260906\mwir_std_thermal\MODOUT2.txt,W/(cm^2 sr cm^-1),W/(cm^2 cm^-1),W/(m^2 sr um),W/(m^2 um),value_si=value_native*1e8/(wavelength_um^2),2571.0,3.8895371450797356,0.83987141,1.5369e-09,0.0101589720129,0.0,0.0,0.0,0.0,,,0.0,0.0,,1.5369e-09,0.0101589720129
mwir_std_thermal,D:\HwaSimIR\HwaSim_IR\Bin\Config\Atmosphere\MODTRAN\raw\audit_mwir_standard_20260906\mwir_std_thermal\MODOUT2.txt,W/(cm^2 sr cm^-1),W/(cm^2 cm^-1),W/(m^2 sr um),W/(m^2 um),value_si=value_native*1e8/(wavelength_um^2),2572.0,3.8880248833592534,0.89703846,9.985e-10,0.006605261224000001,0.0,0.0,0.0,0.0,,,0.0,0.0,,9.985e-10,0.006605261224000001
mwir_std_thermal,D:\HwaSimIR\HwaSim_IR\Bin\Config\Atmosphere\MODTRAN\raw\audit_mwir_standard_20260906\mwir_std_thermal\MODOUT2.txt,W/(cm^2 sr cm^-1),W/(cm^2 cm^-1),W/(m^2 sr um),W/(m^2 um),value_si=value_native*1e8/(wavelength_um^2),2573.0,3.8865137971239796,0.89305335,1.031e-09,0.0068255591990000015,0.0,0.0,0.0,0.0,,,0.0,0.0,,1.031e-09,0.0068255591990000015
mwir_std_thermal,D:\HwaSimIR\HwaSim_IR\Bin\Config\Atmosphere\MODTRAN\raw\audit_mwir_standard_20260906\mwir_std_thermal\MODOUT2.txt,W/(cm^2 sr cm^-1),W/(cm^2 cm^-1),W/(m^2 sr um),W/(m^2 um),value_si=value_native*1e8/(wavelength_um^2),2574.0,3.885003885003885,0.82463956,1.6467e-09,0.010910171329199999,0.0,0.0,0.0,0.0,,,0.0,0.0,,1.6467e-09,0.010910171329199999
mwir_std_thermal,D:\HwaSimIR\HwaSim_IR\Bin\Config\Atmosphere\MODTRAN\raw\audit_mwir_standard_20260906\mwir_std_thermal\MODOUT2.txt,W/(cm^2 sr cm^-1),W/(cm^2 cm^-1),W/(m^2 sr um),W/(m^2 um),value_si=value_native*1e8/(wavelength_um^2),2575.0,3.883495145631068,0.89221209,1.0311e-09,0.006836837437500001,0.0,0.0,0.0,0.0,,,0.0,0.0,,1.0311e-09,0.006836837437500001
mwir_std_thermal,D:\HwaSimIR\HwaSim_IR\Bin\Config\Atmosphere\MODTRAN\raw\audit_mwir_standard_20260906\mwir_std_thermal\MODOUT2.txt,W/(cm^2 sr cm^-1),W/(cm^2 cm^-1),W/(m^2 sr um),W/(m^2 um),value_si=value_native*1e8/(wavelength_um^2),2576.0,3.8819875776397517,0.88906038,1.0638e-09,0.0070591385088,0.0,0.0,0.0,0.0,,,0.0,0.0,,1.0638e-09,0.0070591385088
mwir_std_thermal,D:\HwaSimIR\HwaSim_IR\Bin\Config\Atmosphere\MODTRAN\raw\audit_mwir_standard_20260906\mwir_std_thermal\MODOUT2.txt,W/(cm^2 sr cm^-1),W/(cm^2 cm^-1),W/(m^2 sr um),W/(m^2 um),value_si=value_native*1e8/(wavelength_um^2),2577.0,3.880481179666279,0.82749152,1.6165e-09,0.010735061728499999,0.0,0.0,0.0,0.0,,,0.0,0.0,,1.6165e-09,0.010735061728499999
mwir_std_thermal,D:\HwaSimIR\HwaSim_IR\Bin\Config\Atmosphere\MODTRAN\raw\audit_mwir_standard_20260906\mwir_std_thermal\MODOUT2.txt,W/(cm^2 sr cm^-1),W/(cm^2 cm^-1),W/(m^2 sr um),W/(m^2 um),value_si=value_native*1e8/(wavelength_um^2),2578.0,3.878975950349108,0.89730841,9.7647e-10,0.00648970164348,0.0,0.0,0.0,0.0,,,0.0,0.0,,9.7647e-10,0.00648970164348
mwir_std_thermal,D:\HwaSimIR\HwaSim_IR\Bin\Config\Atmosphere\MODTRAN\raw\audit_mwir_standard_20260906\mwir_std_thermal\MODOUT2.txt,W/(cm^2 sr cm^-1),W/(cm^2 cm^-1),W/(m^2 sr um),W/(m^2 um),value_si=value_native*1e8/(wavelength_um^2),2579.0,3.8774718883288095,0.82688969,1.6496e-09,0.0109718871536,0.0,0.0,0.0,0.0,,,0.0,0.0,,1.6496e-09,0.0109718871536
mwir_std_thermal,D:\HwaSimIR\HwaSim_IR\Bin\Config\Atmosphere\MODTRAN\raw\audit_mwir_standard_20260906\mwir_std_thermal\MODOUT2.txt,W/(cm^2 sr cm^-1),W/(cm^2 cm^-1),W/(m^2 sr um),W/(m^2 um),value_si=value_native*1e8/(wavelength_um^2),2580.0,3.875968992248062,0.90568513,8.9975e-10,0.005989095900000001,0.0,0.0,0.0,0.0,,,0.0,0.0,,8.9975e-10,0.005989095900000001
mwir_std_thermal,D:\HwaSimIR\HwaSim_IR\Bin\Config\Atmosphere\MODTRAN\raw\audit_mwir_standard_20260906\mwir_std_thermal\MODOUT2.txt,W/(cm^2 sr cm^-1),W/(cm^2 cm^-1),W/(m^2 sr um),W/(m^2 um),value_si=value_native*1e8/(wavelength_um^2),2581.0,3.8744672607516466,0.85510796,1.3704e-09,0.0091290031944,0.0,0.0,0.0,0.0,,,0.0,0.0,,1.3704e-09,0.0091290031944
mwir_std_thermal,D:\HwaSimIR\HwaSim_IR\Bin\Config\Atmosphere\MODTRAN\raw\audit_mwir_standard_20260906\mwir_std_thermal\MODOUT2.txt,W/(cm^2 sr cm^-1),W/(cm^2 cm^-1),W/(m^2 sr um),W/(m^2 um),value_si=value_native*1e8/(wavelength_um^2),2582.0,3.8729666924864445,0.89820403,1.0038e-09,0.0066920575512,0.0,0.0,0.0,0.0,,,0.0,0.0,,1.0038e-09,0.0066920575512
mwir_std_thermal,D:\HwaSimIR\HwaSim_IR\Bin\Config\Atmosphere\MODTRAN\raw\audit_mwir_standard_20260906\mwir_std_thermal\MODOUT2.txt,W/(cm^2 sr cm^-1),W/(cm^2 cm^-1),W/(m^2 sr um),W/(m^2 um),value_si=value_native*1e8/(wavelength_um^2),2583.0,3.8714672861014323,0.8822304,1.1015e-09,0.0073490857335,0.0,0.0,0.0,0.0,,,0.0,0.0,,1.1015e-09,0.0073490857335
mwir_std_thermal,D:\HwaSimIR\HwaSim_IR\Bin\Config\Atmosphere\MODTRAN\raw\audit_mwir_standard_20260906\mwir_std_thermal\MODOUT2.txt,W/(cm^2 sr cm^-1),W/(cm^2 cm^-1),W/(m^2 sr um),W/(m^2 um),value_si=value_native*1e8/(wavelength_um^2),2584.0,3.869969040247678,0.92568374,7.1176e-10,0.0047524613785600005,0.0,0.0,0.0,0.0,,,0.0,0.0,,7.1176e-10,0.0047524613785600005
mwir_std_thermal,D:\HwaSimIR\HwaSim_IR\Bin\Config\Atmosphere\MODTRAN\raw\audit_mwir_standard_20260906\mwir_std_thermal\MODOUT2.txt,W/(cm^2 sr cm^-1),W/(cm^2 cm^-1),W/(m^2 sr um),W/(m^2 um),value_si=value_native*1e8/(wavelength_um^2),2585.0,3.8684719535783367,0.88856739,1.0666e-09,0.007127261185,0.0,0.0,0.0,0.0,,,0.0,0.0,,1.0666e-09,0.007127261185
mwir_std_thermal,D:\HwaSimIR\HwaSim_IR\Bin\Config\Atmosphere\MODTRAN\raw\audit_mwir_standard_20260906\mwir_std_thermal\MODOUT2.txt,W/(cm^2 sr cm^-1),W/(cm^2 cm^-1),W/(m^2 sr um),W/(m^2 um),value_si=value_native*1e8/(wavelength_um^2),2586.0,3.8669760247486464,0.9433704,5.4536e-10,0.0036470382825599997,0.0,0.0,0.0,0.0,,,0.0,0.0,,5.4536e-10,0.0036470382825599997
mwir_std_thermal,D:\HwaSimIR\HwaSim_IR\Bin\Config\Atmosphere\MODTRAN\raw\audit_mwir_standard_20260906\mwir_std_thermal\MODOUT2.txt,W/(cm^2 sr cm^-1),W/(cm^2 cm^-1),W/(m^2 sr um),W/(m^2 um),value_si=value_native*1e8/(wavelength_um^2),2587.0,3.865481252415926,0.9192273,7.6268e-10,0.00510428852492,0.0,0.0,0.0,0.0,,,0.0,0.0,,7.6268e-10,0.00510428852492
mwir_std_thermal,D:\HwaSimIR\HwaSim_IR\Bin\Config\Atmosphere\MODTRAN\raw\audit_mwir_standard_20260906\mwir_std_thermal\MODOUT2.txt,W/(cm^2 sr cm^-1),W/(cm^2 cm^-1),W/(m^2 sr um),W/(m^2 um),value_si=value_native*1e8/(wavelength_um^2),2588.0,3.8639876352395675,0.93500286,6.1878e-10,0.004144430032319999,0.0,0.0,0.0,0.0,,,0.0,0.0,,6.1878e-10,0.004144430032319999
mwir_std_thermal,D:\HwaSimIR\HwaSim_IR\Bin\Config\Atmosphere\MODTRAN\raw\audit_mwir_standard_20260906\mwir_std_thermal\MODOUT2.txt,W/(cm^2 sr cm^-1),W/(cm^2 cm^-1),W/(m^2 sr um),W/(m^2 um),value_si=value_native*1e8/(wavelength_um^2),2589.0,3.862495171881035,0.94671291,5.3679e-10,0.0035980609635899996,0.0,0.0,0.0,0.0,,,0.0,0.0,,5.3679e-10,0.0035980609635899996
mwir_std_thermal,D:\HwaSimIR\HwaSim_IR\Bin\Config\Atmosphere\MODTRAN\raw\audit_mwir_standard_20260906\mwir_std_thermal\MODOUT2.txt,W/(cm^2 sr cm^-1),W/(cm^2 cm^-1),W/(m^2 sr um),W/(m^2 um),value_si=value_native*1e8/(wavelength_um^2),2590.0,3.861003861003861,0.94086874,5.7717e-10,0.003871714077,0.0,0.0,0.0,0.0,,,0.0,0.0,,5.7717e-10,0.003871714077
mwir_std_thermal,D:\HwaSimIR\HwaSim_IR\Bin\Config\Atmosphere\MODTRAN\raw\audit_mwir_standard_20260906\mwir_std_thermal\MODOUT2.txt,W/(cm^2 sr cm^-1),W/(cm^2 cm^-1),W/(m^2 sr um),W/(m^2 um),value_si=value_native*1e8/(wavelength_um^2),2591.0,3.8595137012736394,0.92968005,7.3548e-10,0.004937483909880001,0.0,0.0,0.0,0.0,,,0.0,0.0,,7.3548e-10,0.004937483909880001
mwir_std_thermal,D:\HwaSimIR\HwaSim_IR\Bin\Config\Atmosphere\MODTRAN\raw\audit_mwir_standard_20260906\mwir_std_thermal\MODOUT2.txt,W/(cm^2 sr cm^-1),W/(cm^2 cm^-1),W/(m^2 sr um),W/(m^2 um),value_si=value_native*1e8/(wavelength_um^2),2592.0,3.8580246913580245,0.96230745,3.6694e-10,0.0024652731801600002,0.0,0.0,0.0,0.0,,,0.0,0.0,,3.6694e-10,0.0024652731801600002
mwir_std_thermal,D:\HwaSimIR\HwaSim_IR\Bin\Config\Atmosphere\MODTRAN\raw\audit_mwir_standard_20260906\mwir_std_thermal\MODOUT2.txt,W/(cm^2 sr cm^-1),W/(cm^2 cm^-1),W/(m^2 sr um),W/(m^2 um),value_si=value_native*1e8/(wavelength_um^2),2593.0,3.8565368299267258,0.94690502,5.4642e-10,0.00367393628658,0.0,0.0,0.0,0.0,,,0.0,0.0,,5.4642e-10,0.00367393628658
mwir_std_thermal,D:\HwaSimIR\HwaSim_IR\Bin\Config\Atmosphere\MODTRAN\raw\audit_mwir_standard_20260906\mwir_std_thermal\MODOUT2.txt,W/(cm^2 sr cm^-1),W/(cm^2 cm^-1),W/(m^2 sr um),W/(m^2 um),value_si=value_native*1e8/(wavelength_um^2),2594.0,3.8550501156515034,0.95992202,4.1834e-10,0.00281494125224,0.0,0.0,0.0,0.0,,,0.0,0.0,,4.1834e-10,0.00281494125224
mwir_std_thermal,D:\HwaSimIR\HwaSim_IR\Bin\Config\Atmosphere\MODTRAN\raw\audit_mwir_standard_20260906\mwir_std_thermal\MODOUT2.txt,W/(cm^2 sr cm^-1),W/(cm^2 cm^-1),W/(m^2 sr um),W/(m^2 um),value_si=value_native*1e8/(wavelength_um^2),2595.0,3.8535645472061657,0.97260642,2.6243e-10,0.00176721018075,0.0,0.0,0.0,0.0,,,0.0,0.0,,2.6243e-10,0.00176721018075
mwir_std_thermal,D:\HwaSimIR\HwaSim_IR\Bin\Config\Atmosphere\MODTRAN\raw\audit_mwir_standard_20260906\mwir_std_thermal\MODOUT2.txt,W/(cm^2 sr cm^-1),W/(cm^2 cm^-1),W/(m^2 sr um),W/(m^2 um),value_si=value_native*1e8/(wavelength_um^2),2596.0,3.852080123266564,0.97549033,2.3534e-10,0.0015860070934399998,0.0,0.0,0.0,0.0,,,0.0,0.0,,2.3534e-10,0.0015860070934399998
mwir_std_thermal,D:\HwaSimIR\HwaSim_IR\Bin\Config\Atmosphere\MODTRAN\raw\audit_mwir_standard_20260906\mwir_std_thermal\MODOUT2.txt,W/(cm^2 sr cm^-1),W/(cm^2 cm^-1),W/(m^2 sr um),W/(m^2 um),value_si=value_native*1e8/(wavelength_um^2),2597.0,3.850596842510589,0.95442659,4.6314e-10,0.00312360558426,0.0,0.0,0.0,0.0,,,0.0,0.0,,4.6314e-10,0.00312360558426
mwir_std_thermal,D:\HwaSimIR\HwaSim_IR\Bin\Config\Atmosphere\MODTRAN\raw\audit_mwir_standard_20260906\mwir_std_thermal\MODOUT2.txt,W/(cm^2 sr cm^-1),W/(cm^2 cm^-1),W/(m^2 sr um),W/(m^2 um),value_si=value_native*1e8/(wavelength_um^2),2598.0,3.849114703618168,0.97511911,2.3435e-10,0.0015817696974000002,0.0,0.0,0.0,0.0,,,0.0,0.0,,2.3435e-10,0.0015817696974000002
mwir_std_thermal,D:\HwaSimIR\HwaSim_IR\Bin\Config\Atmosphere\MODTRAN\raw\audit_mwir_standard_20260906\mwir_std_thermal\MODOUT2.txt,W/(cm^2 sr cm^-1),W/(cm^2 cm^-1),W/(m^2 sr um),W/(m^2 um),value_si=value_native*1e8/(wavelength_um^2),2599.0,3.8476337052712584,0.95999444,3.6399e-10,0.00245868001599,0.0,0.0,0.0,0.0,,,0.0,0.0,,3.6399e-10,0.00245868001599
mwir_std_thermal,D:\HwaSimIR\HwaSim_IR\Bin\Config\Atmosphere\MODTRAN\raw\audit_mwir_standard_20260906\mwir_std_thermal\MODOUT2.txt,W/(cm^2 sr cm^-1),W/(cm^2 cm^-1),W/(m^2 sr um),W/(m^2 um),value_si=value_native*1e8/(wavelength_um^2),2600.0,3.8461538461538463,0.96319377,3.3487e-10,0.0022637212000000003,0.0,0.0,0.0,0.0,,,0.0,0.0,,3.3487e-10,0.0022637212000000003
mwir_std_thermal,D:\HwaSimIR\HwaSim_IR\Bin\Config\Atmosphere\MODTRAN\raw\audit_mwir_standard_20260906\mwir_std_thermal\MODOUT2.txt,W/(cm^2 sr cm^-1),W/(cm^2 cm^-1),W/(m^2 sr um),W/(m^2 um),value_si=value_native*1e8/(wavelength_um^2),2601.0,3.8446751249519417,0.95685625,4.4758e-10,0.0030279686635799998,0.0,0.0,0.0,0.0,,,0.0,0.0,,4.4758e-10,0.0030279686635799998
mwir_std_thermal,D:\HwaSimIR\HwaSim_IR\Bin\Config\Atmosphere\MODTRAN\raw\audit_mwir_standard_20260906\mwir_std_thermal\MODOUT2.txt,W/(cm^2 sr cm^-1),W/(cm^2 cm^-1),W/(m^2 sr um),W/(m^2 um),value_si=value_native*1e8/(wavelength_um^2),2602.0,3.8431975403535743,0.97225308,2.4929e-10,0.00168779401316,0.0,0.0,0.0,0.0,,,0.0,0.0,,2.4929e-10,0.00168779401316
mwir_std_thermal,D:\HwaSimIR\HwaSim_IR\Bin\Config\Atmosphere\MODTRAN\raw\audit_mwir_standard_20260906\mwir_std_thermal\MODOUT2.txt,W/(cm^2 sr cm^-1),W/(cm^2 cm^-1),W/(m^2 sr um),W/(m^2 um),value_si=value_native*1e8/(wavelength_um^2),2603.0,3.84172109104879,0.98127556,1.7064e-10,0.0011561899197599999,0.0,0.0,0.0,0.0,,,0.0,0.0,,1.7064e-10,0.0011561899197599999
mwir_std_thermal,D:\HwaSimIR\HwaSim_IR\Bin\Config\Atmosphere\MODTRAN\raw\audit_mwir_standard_20260906\mwir_std_thermal\MODOUT2.txt,W/(cm^2 sr cm^-1),W/(cm^2 cm^-1),W/(m^2 sr um),W/(m^2 um),value_si=value_native*1e8/(wavelength_um^2),2604.0,3.8402457757296466,0.97590941,2.1574e-10,0.0014628932438399999,0.0,0.0,0.0,0.0,,,0.0,0.0,,2.1574e-10,0.0014628932438399999
mwir_std_thermal,D:\HwaSimIR\HwaSim_IR\Bin\Config\Atmosphere\MODTRAN\raw\audit_mwir_standard_20260906\mwir_std_thermal\MODOUT2.txt,W/(cm^2 sr cm^-1),W/(cm^2 cm^-1),W/(m^2 sr um),W/(m^2 um),value_si=value_native*1e8/(wavelength_um^2),2605.0,3.838771593090211,0.96819091,3.2104e-10,0.002178585466,0.0,0.0,0.0,0.0,,,0.0,0.0,,3.2104e-10,0.002178585466
mwir_std_thermal,D:\HwaSimIR\HwaSim_IR\Bin\Config\Atmosphere\MODTRAN\raw\audit_mwir_standard_20260906\mwir_std_thermal\MODOUT2.txt,W/(cm^2 sr cm^-1),W/(cm^2 cm^-1),W/(m^2 sr um),W/(m^2 um),value_si=value_native*1e8/(wavelength_um^2),2606.0,3.837298541826554,0.95361406,4.7788e-10,0.0032453958596800007,0.0,0.0,0.0,0.0,,,0.0,0.0,,4.7788e-10,0.0032453958596800007
mwir_std_thermal,D:\HwaSimIR\HwaSim_IR\Bin\Config\Atmosphere\MODTRAN\raw\audit_mwir_standard_20260906\mwir_std_thermal\MODOUT2.txt,W/(cm^2 sr cm^-1),W/(cm^2 cm^-1),W/(m^2 sr um),W/(m^2 um),value_si=value_native*1e8/(wavelength_um^2),2607.0,3.8358266206367473,0.95937824,4.2054e-10,0.00285817866246,0.0,0.0,0.0,0.0,,,0.0,0.0,,4.2054e-10,0.00285817866246
mwir_std_thermal,D:\HwaSimIR\HwaSim_IR\Bin\Config\Atmosphere\MODTRAN\raw\audit_mwir_standard_20260906\mwir_std_thermal\MODOUT2.txt,W/(cm^2 sr cm^-1),W/(cm^2 cm^-1),W/(m^2 sr um),W/(m^2 um),value_si=value_native*1e8/(wavelength_um^2),2608.0,3.834355828220859,0.9077763,9.6112e-10,0.00653721530368,0.0,0.0,0.0,0.0,,,0.0,0.0,,9.6112e-10,0.00653721530368
mwir_std_thermal,D:\HwaSimIR\HwaSim_IR\Bin\Config\Atmosphere\MODTRAN\raw\audit_mwir_standard_20260906\mwir_std_thermal\MODOUT2.txt,W/(cm^2 sr cm^-1),W/(cm^2 cm^-1),W/(m^2 sr um),W/(m^2 um),value_si=value_native*1e8/(wavelength_um^2),2609.0,3.8328861632809508,0.98273438,1.6049e-10,0.00109243633169,0.0,0.0,0.0,0.0,,,0.0,0.0,,1.6049e-10,0.00109243633169
mwir_std_thermal,D:\HwaSimIR\HwaSim_IR\Bin\Config\Atmosphere\MODTRAN\raw\audit_mwir_standard_20260906\mwir_std_thermal\MODOUT2.txt,W/(cm^2 sr cm^-1),W/(cm^2 cm^-1),W/(m^2 sr um),W/(m^2 um),value_si=value_native*1e8/(wavelength_um^2),2610.0,3.8314176245210727,0.98906255,1.0013e-10,0.000682095573,0.0,0.0,0.0,0.0,,,0.0,0.0,,1.0013e-10,0.000682095573
mwir_std_thermal,D:\HwaSimIR\HwaSim_IR\Bin\Config\Atmosphere\MODTRAN\raw\audit_mwir_standard_20260906\mwir_std_thermal\MODOUT2.txt,W/(cm^2 sr cm^-1),W/(cm^2 cm^-1),W/(m^2 sr um),W/(m^2 um),value_si=value_native*1e8/(wavelength_um^2),2611.0,3.8299502106472616,0.99084842,8.4625e-11,0.000576915789625,0.0,0.0,0.0,0.0,,,0.0,0.0,,8.4625e-11,0.000576915789625
mwir_std_thermal,D:\HwaSimIR\HwaSim_IR\Bin\Config\Atmosphere\MODTRAN\raw\audit_mwir_standard_20260906\mwir_std_thermal\MODOUT2.txt,W/(cm^2 sr cm^-1),W/(cm^2 cm^-1),W/(m^2 sr um),W/(m^2 um),value_si=value_native*1e8/(wavelength_um^2),2612.0,3.8284839203675345,0.98969007,1.0001e-10,0.00068232262544,0.0,0.0,0.0,0.0,,,0.0,0.0,,1.0001e-10,0.00068232262544
mwir_std_thermal,D:\HwaSimIR\HwaSim_IR\Bin\Config\Atmosphere\MODTRAN\raw\audit_mwir_standard_20260906\mwir_std_thermal\MODOUT2.txt,W/(cm^2 sr cm^-1),W/(cm^2 cm^-1),W/(m^2 sr um),W/(m^2 um),value_si=value_native*1e8/(wavelength_um^2),2613.0,3.827018752391887,0.965289,3.4949e-10,0.00238623698781,0.0,0.0,0.0,0.0,,,0.0,0.0,,3.4949e-10,0.00238623698781
mwir_std_thermal,D:\HwaSimIR\HwaSim_IR\Bin\Config\Atmosphere\MODTRAN\raw\audit_mwir_standard_20260906\mwir_std_thermal\MODOUT2.txt,W/(cm^2 sr cm^-1),W/(cm^2 cm^-1),W/(m^2 sr um),W/(m^2 um),value_si=value_native*1e8/(wavelength_um^2),2614.0,3.8255547054322876,0.98895055,9.7255e-11,0.00066454302598,0.0,0.0,0.0,0.0,,,0.0,0.0,,9.7255e-11,0.00066454302598
mwir_std_thermal,D:\HwaSimIR\HwaSim_IR\Bin\Config\Atmosphere\MODTRAN\raw\audit_mwir_standard_20260906\mwir_std_thermal\MODOUT2.txt,W/(cm^2 sr cm^-1),W/(cm^2 cm^-1),W/(m^2 sr um),W/(m^2 um),value_si=value_native*1e8/(wavelength_um^2),2615.0,3.8240917782026767,0.98690635,1.1199e-10,0.0007658128177500001,0.0,0.0,0.0,0.0,,,0.0,0.0,,1.1199e-10,0.0007658128177500001
mwir_std_thermal,D:\HwaSimIR\HwaSim_IR\Bin\Config\Atmosphere\MODTRAN\raw\audit_mwir_standard_20260906\mwir_std_thermal\MODOUT2.txt,W/(cm^2 sr cm^-1),W/(cm^2 cm^-1),W/(m^2 sr um),W/(m^2 um),value_si=value_native*1e8/(wavelength_um^2),2616.0,3.8226299694189603,0.99333429,5.9083e-11,0.00040433191084799996,0.0,0.0,0.0,0.0,,,0.0,0.0,,5.9083e-11,0.00040433191084799996
mwir_std_thermal,D:\HwaSimIR\HwaSim_IR\Bin\Config\Atmosphere\MODTRAN\raw\audit_mwir_standard_20260906\mwir_std_thermal\MODOUT2.txt,W/(cm^2 sr cm^-1),W/(cm^2 cm^-1),W/(m^2 sr um),W/(m^2 um),value_si=value_native*1e8/(wavelength_um^2),2617.0,3.8211692777990063,0.99318331,6.0854e-11,0.000416770120406,0.0,0.0,0.0,0.0,,,0.0,0.0,,6.0854e-11,0.000416770120406
mwir_std_thermal,D:\HwaSimIR\HwaSim_IR\Bin\Config\Atmosphere\MODTRAN\raw\audit_mwir_standard_20260906\mwir_std_thermal\MODOUT2.txt,W/(cm^2 sr cm^-1),W/(cm^2 cm^-1),W/(m^2 sr um),W/(m^2 um),value_si=value_native*1e8/(wavelength_um^2),2618.0,3.819709702062643,0.97506618,2.0545e-10,0.0014081386858,0.0,0.0,0.0,0.0,,,0.0,0.0,,2.0545e-10,0.0014081386858
mwir_std_thermal,D:\HwaSimIR\HwaSim_IR\Bin\Config\Atmosphere\MODTRAN\raw\audit_mwir_standard_20260906\mwir_std_thermal\MODOUT2.txt,W/(cm^2 sr cm^-1),W/(cm^2 cm^-1),W/(m^2 sr um),W/(m^2 um),value_si=value_native*1e8/(wavelength_um^2),2619.0,3.8182512409316534,0.98808664,1.0735e-10,0.0007363309333499999,0.0,0.0,0.0,0.0,,,0.0,0.0,,1.0735e-10,0.0007363309333499999
mwir_std_thermal,D:\HwaSimIR\HwaSim_IR\Bin\Config\Atmosphere\MODTRAN\raw\audit_mwir_standard_20260906\mwir_std_thermal\MODOUT2.txt,W/(cm^2 sr cm^-1),W/(cm^2 cm^-1),W/(m^2 sr um),W/(m^2 um),value_si=value_native*1e8/(wavelength_um^2),2620.0,3.816793893129771,0.94878036,4.963e-10,0.00340680172,0.0,0.0,0.0,0.0,,,0.0,0.0,,4.963e-10,0.00340680172
mwir_std_thermal,D:\HwaSimIR\HwaSim_IR\Bin\Config\Atmosphere\MODTRAN\raw\audit_mwir_standard_20260906\mwir_std_thermal\MODOUT2.txt,W/(cm^2 sr cm^-1),W/(cm^2 cm^-1),W/(m^2 sr um),W/(m^2 um),value_si=value_native*1e8/(wavelength_um^2),2621.0,3.8153376573826785,0.98809284,1.1251e-10,0.0007729033089099998,0.0,0.0,0.0,0.0,,,0.0,0.0,,1.1251e-10,0.0007729033089099998
mwir_std_thermal,D:\HwaSimIR\HwaSim_IR\Bin\Config\Atmosphere\MODTRAN\raw\audit_mwir_standard_20260906\mwir_std_thermal\MODOUT2.txt,W/(cm^2 sr cm^-1),W/(cm^2 cm^-1),W/(m^2 sr um),W/(m^2 um),value_si=value_native*1e8/(wavelength_um^2),2622.0,3.8138825324180017,0.88853449,1.0885e-09,0.007483311233999999,0.0,0.0,0.0,0.0,,,0.0,0.0,,1.0885e-09,0.007483311233999999
mwir_std_thermal,D:\HwaSimIR\HwaSim_IR\Bin\Config\Atmosphere\MODTRAN\raw\audit_mwir_standard_20260906\mwir_std_thermal\MODOUT2.txt,W/(cm^2 sr cm^-1),W/(cm^2 cm^-1),W/(m^2 sr um),W/(m^2 um),value_si=value_native*1e8/(wavelength_um^2),2623.0,3.8124285169653067,0.93302357,6.3574e-10,0.004373973210460001,0.0,0.0,0.0,0.0,,,0.0,0.0,,6.3574e-10,0.004373973210460001
mwir_std_thermal,D:\HwaSimIR\HwaSim_IR\Bin\Config\Atmosphere\MODTRAN\raw\audit_mwir_standard_20260906\mwir_std_thermal\MODOUT2.txt,W/(cm^2 sr cm^-1),W/(cm^2 cm^-1),W/(m^2 sr um),W/(m^2 um),value_si=value_native*1e8/(wavelength_um^2),2624.0,3.8109756097560976,0.96367329,3.4846e-10,0.00239927812096,0.0,0.0,0.0,0.0,,,0.0,0.0,,3.4846e-10,0.00239927812096
mwir_std_thermal,D:\HwaSimIR\HwaSim_IR\Bin\Config\Atmosphere\MODTRAN\raw\audit_mwir_standard_20260906\mwir_std_thermal\MODOUT2.txt,W/(cm^2 sr cm^-1),W/(cm^2 cm^-1),W/(m^2 sr um),W/(m^2 um),value_si=value_native*1e8/(wavelength_um^2),2625.0,3.8095238095238093,0.9418655,5.6503e-10,0.00389340984375,0.0,0.0,0.0,0.0,,,0.0,0.0,,5.6503e-10,0.00389340984375
mwir_std_thermal,D:\HwaSimIR\HwaSim_IR\Bin\Config\Atmosphere\MODTRAN\raw\audit_mwir_standard_20260906\mwir_std_thermal\MODOUT2.txt,W/(cm^2 sr cm^-1),W/(cm^2 cm^-1),W/(m^2 sr um),W/(m^2 um),value_si=value_native*1e8/(wavelength_um^2),2626.0,3.808073115003808,0.98390114,1.3595e-10,0.0009374943422000001,0.0,0.0,0.0,0.0,,,0.0,0.0,,1.3595e-10,0.0009374943422000001
mwir_std_thermal,D:\HwaSimIR\HwaSim_IR\Bin\Config\Atmosphere\MODTRAN\raw\audit_mwir_standard_20260906\mwir_std_thermal\MODOUT2.txt,W/(cm^2 sr cm^-1),W/(cm^2 cm^-1),W/(m^2 sr um),W/(m^2 um),value_si=value_native*1e8/(wavelength_um^2),2627.0,3.806623524933384,0.99029535,8.1278e-11,0.000560909962862,0.0,0.0,0.0,0.0,,,0.0,0.0,,8.1278e-11,0.000560909962862
mwir_std_thermal,D:\HwaSimIR\HwaSim_IR\Bin\Config\Atmosphere\MODTRAN\raw\audit_mwir_standard_20260906\mwir_std_thermal\MODOUT2.txt,W/(cm^2 sr cm^-1),W/(cm^2 cm^-1),W/(m^2 sr um),W/(m^2 um),value_si=value_native*1e8/(wavelength_um^2),2628.0,3.8051750380517504,0.9515186,4.4852e-10,0.00309765135168,0.0,0.0,0.0,0.0,,,0.0,0.0,,4.4852e-10,0.00309765135168
mwir_std_thermal,D:\HwaSimIR\HwaSim_IR\Bin\Config\Atmosphere\MODTRAN\raw\audit_mwir_standard_20260906\mwir_std_thermal\MODOUT2.txt,W/(cm^2 sr cm^-1),W/(cm^2 cm^-1),W/(m^2 sr um),W/(m^2 um),value_si=value_native*1e8/(wavelength_um^2),2629.0,3.803727653100038,0.98203993,1.526e-10,0.0010547164166,0.0,0.0,0.0,0.0,,,0.0,0.0,,1.526e-10,0.0010547164166
mwir_std_thermal,D:\HwaSimIR\HwaSim_IR\Bin\Config\Atmosphere\MODTRAN\raw\audit_mwir_standard_20260906\mwir_std_thermal\MODOUT2.txt,W/(cm^2 sr cm^-1),W/(cm^2 cm^-1),W/(m^2 sr um),W/(m^2 um),value_si=value_native*1e8/(wavelength_um^2),2630.0,3.802281368821293,0.98531371,1.234e-10,0.0008535454599999999,0.0,0.0,0.0,0.0,,,0.0,0.0,,1.234e-10,0.0008535454599999999
mwir_std_thermal,D:\HwaSimIR\HwaSim_IR\Bin\Config\Atmosphere\MODTRAN\raw\audit_mwir_standard_20260906\mwir_std_thermal\MODOUT2.txt,W/(cm^2 sr cm^-1),W/(cm^2 cm^-1),W/(m^2 sr um),W/(m^2 um),value_si=value_native*1e8/(wavelength_um^2),2631.0,3.800836183960471,0.98503983,1.194e-10,0.0008265060234,0.0,0.0,0.0,0.0,,,0.0,0.0,,1.194e-10,0.0008265060234
mwir_std_thermal,D:\HwaSimIR\HwaSim_IR\Bin\Config\Atmosphere\MODTRAN\raw\audit_mwir_standard_20260906\mwir_std_thermal\MODOUT2.txt,W/(cm^2 sr cm^-1),W/(cm^2 cm^-1),W/(m^2 sr um),W/(m^2 um),value_si=value_native*1e8/(wavelength_um^2),2632.0,3.7993920972644375,0.99113065,7.3785e-11,0.00051113997984,0.0,0.0,0.0,0.0,,,0.0,0.0,,7.3785e-11,0.00051113997984
mwir_std_thermal,D:\HwaSimIR\HwaSim_IR\Bin\Config\Atmosphere\MODTRAN\raw\audit_mwir_standard_20260906\mwir_std_thermal\MODOUT2.txt,W/(cm^2 sr cm^-1),W/(cm^2 cm^-1),W/(m^2 sr um),W/(m^2 um),value_si=value_native*1e8/(wavelength_um^2),2633.0,3.79794910748196,0.97238237,2.1347e-10,0.0014799211208299998,0.0,0.0,0.0,0.0,,,0.0,0.0,,2.1347e-10,0.0014799211208299998
mwir_std_thermal,D:\HwaSimIR\HwaSim_IR\Bin\Config\Atmosphere\MODTRAN\raw\audit_mwir_standard_20260906\mwir_std_thermal\MODOUT2.txt,W/(cm^2 sr cm^-1),W/(cm^2 cm^-1),W/(m^2 sr um),W/(m^2 um),value_si=value_native*1e8/(wavelength_um^2),2634.0,3.7965072133637054,0.98841822,9.5634e-11,0.0006635044841040001,0.0,0.0,0.0,0.0,,,0.0,0.0,,9.5634e-11,0.0006635044841040001
mwir_std_thermal,D:\HwaSimIR\HwaSim_IR\Bin\Config\Atmosphere\MODTRAN\raw\audit_mwir_standard_20260906\mwir_std_thermal\MODOUT2.txt,W/(cm^2 sr cm^-1),W/(cm^2 cm^-1),W/(m^2 sr um),W/(m^2 um),value_si=value_native*1e8/(wavelength_um^2),2635.0,3.795066413662239,0.98270029,1.4895e-10,0.0010341933637499998,0.0,0.0,0.0,0.0,,,0.0,0.0,,1.4895e-10,0.0010341933637499998
mwir_std_thermal,D:\HwaSimIR\HwaSim_IR\Bin\Config\Atmosphere\MODTRAN\raw\audit_mwir_standard_20260906\mwir_std_thermal\MODOUT2.txt,W/(cm^2 sr cm^-1),W/(cm^2 cm^-1),W/(m^2 sr um),W/(m^2 um),value_si=value_native*1e8/(wavelength_um^2),2636.0,3.793626707132018,0.92887175,6.3121e-10,0.004385960160160001,0.0,0.0,0.0,0.0,,,0.0,0.0,,6.3121e-10,0.004385960160160001
mwir_std_thermal,D:\HwaSimIR\HwaSim_IR\Bin\Config\Atmosphere\MODTRAN\raw\audit_mwir_standard_20260906\mwir_std_thermal\MODOUT2.txt,W/(cm^2 sr cm^-1),W/(cm^2 cm^-1),W/(m^2 sr um),W/(m^2 um),value_si=value_native*1e8/(wavelength_um^2),2637.0,3.7921880925293894,0.92684656,6.5335e-10,0.00454324497615,0.0,0.0,0.0,0.0,,,0.0,0.0,,6.5335e-10,0.00454324497615
mwir_std_thermal,D:\HwaSimIR\HwaSim_IR\Bin\Config\Atmosphere\MODTRAN\raw\audit_mwir_standard_20260906\mwir_std_thermal\MODOUT2.txt,W/(cm^2 sr cm^-1),W/(cm^2 cm^-1),W/(m^2 sr um),W/(m^2 um),value_si=value_native*1e8/(wavelength_um^2),2638.0,3.790750568612585,0.96995503,2.6868e-10,0.0018697559419200002,0.0,0.0,0.0,0.0,,,0.0,0.0,,2.6868e-10,0.0018697559419200002
mwir_std_thermal,D:\HwaSimIR\HwaSim_IR\Bin\Config\Atmosphere\MODTRAN\raw\audit_mwir_standard_20260906\mwir_std_thermal\MODOUT2.txt,W/(cm^2 sr cm^-1),W/(cm^2 cm^-1),W/(m^2 sr um),W/(m^2 um),value_si=value_native*1e8/(wavelength_um^2),2639.0,3.7893141341417205,0.88589668,9.8407e-10,0.00685337936647,0.0,0.0,0.0,0.0,,,0.0,0.0,,9.8407e-10,0.00685337936647
mwir_std_thermal,D:\HwaSimIR\HwaSim_IR\Bin\Config\Atmosphere\MODTRAN\raw\audit_mwir_standard_20260906\mwir_std_thermal\MODOUT2.txt,W/(cm^2 sr cm^-1),W/(cm^2 cm^-1),W/(m^2 sr um),W/(m^2 um),value_si=value_native*1e8/(wavelength_um^2),2640.0,3.787878787878788,0.98722386,1.0825e-10,0.0007544591999999999,0.0,0.0,0.0,0.0,,,0.0,0.0,,1.0825e-10,0.0007544591999999999
mwir_std_thermal,D:\HwaSimIR\HwaSim_IR\Bin\Config\Atmosphere\MODTRAN\raw\audit_mwir_standard_20260906\mwir_std_thermal\MODOUT2.txt,W/(cm^2 sr cm^-1),W/(cm^2 cm^-1),W/(m^2 sr um),W/(m^2 um),value_si=value_native*1e8/(wavelength_um^2),2641.0,3.7864445285876562,0.99090409,7.5404e-11,0.000525933926924,0.0,0.0,0.0,0.0,,,0.0,0.0,,7.5404e-11,0.000525933926924
mwir_std_thermal,D:\HwaSimIR\HwaSim_IR\Bin\Config\Atmosphere\MODTRAN\raw\audit_mwir_standard_20260906\mwir_std_thermal\MODOUT2.txt,W/(cm^2 sr cm^-1),W/(cm^2 cm^-1),W/(m^2 sr um),W/(m^2 um),value_si=value_native*1e8/(wavelength_um^2),2642.0,3.785011355034065,0.93840867,5.4681e-10,0.0038168234768399998,0.0,0.0,0.0,0.0,,,0.0,0.0,,5.4681e-10,0.0038168234768399998
mwir_std_thermal,D:\HwaSimIR\HwaSim_IR\Bin\Config\Atmosphere\MODTRAN\raw\audit_mwir_standard_20260906\mwir_std_thermal\MODOUT2.txt,W/(cm^2 sr cm^-1),W/(cm^2 cm^-1),W/(m^2 sr um),W/(m^2 um),value_si=value_native*1e8/(wavelength_um^2),2643.0,3.7835792659856224,0.96336168,3.2039e-10,0.0022380680051100003,0.0,0.0,0.0,0.0,,,0.0,0.0,,3.2039e-10,0.0022380680051100003
mwir_std_thermal,D:\HwaSimIR\HwaSim_IR\Bin\Config\Atmosphere\MODTRAN\raw\audit_mwir_standard_20260906\mwir_std_thermal\MODOUT2.txt,W/(cm^2 sr cm^-1),W/(cm^2 cm^-1),W/(m^2 sr um),W/(m^2 um),value_si=value_native*1e8/(wavelength_um^2),2644.0,3.7821482602118004,0.9446488,4.7937e-10,0.003351149116319999,0.0,0.0,0.0,0.0,,,0.0,0.0,,4.7937e-10,0.003351149116319999
mwir_std_thermal,D:\HwaSimIR\HwaSim_IR\Bin\Config\Atmosphere\MODTRAN\raw\audit_mwir_standard_20260906\mwir_std_thermal\MODOUT2.txt,W/(cm^2 sr cm^-1),W/(cm^2 cm^-1),W/(m^2 sr um),W/(m^2 um),value_si=value_native*1e8/(wavelength_um^2),2645.0,3.780718336483932,0.98687011,1.1103e-10,0.00077676865575,0.0,0.0,0.0,0.0,,,0.0,0.0,,1.1103e-10,0.00077676865575
mwir_std_thermal,D:\HwaSimIR\HwaSim_IR\Bin\Config\Atmosphere\MODTRAN\raw\audit_mwir_standard_20260906\mwir_std_thermal\MODOUT2.txt,W/(cm^2 sr cm^-1),W/(cm^2 cm^-1),W/(m^2 sr um),W/(m^2 um),value_si=value_native*1e8/(wavelength_um^2),2646.0,3.7792894935752077,0.98563963,1.1034e-10,0.0007725252074400001,0.0,0.0,0.0,0.0,,,0.0,0.0,,1.1034e-10,0.0007725252074400001
mwir_std_thermal,D:\HwaSimIR\HwaSim_IR\Bin\Config\Atmosphere\MODTRAN\raw\audit_mwir_standard_20260906\mwir_std_thermal\MODOUT2.txt,W/(cm^2 sr cm^-1),W/(cm^2 cm^-1),W/(m^2 sr um),W/(m^2 um),value_si=value_native*1e8/(wavelength_um^2),2647.0,3.7778617302606725,0.98814887,9.2315e-11,0.000646815109835,0.0,0.0,0.0,0.0,,,0.0,0.0,,9.2315e-11,0.000646815109835
mwir_std_thermal,D:\HwaSimIR\HwaSim_IR\Bin\Config\Atmosphere\MODTRAN\raw\audit_mwir_standard_20260906\mwir_std_thermal\MODOUT2.txt,W/(cm^2 sr cm^-1),W/(cm^2 cm^-1),W/(m^2 sr um),W/(m^2 um),value_si=value_native*1e8/(wavelength_um^2),2648.0,3.7764350453172204,0.98918527,9.0682e-11,0.0006358534785280001,0.0,0.0,0.0,0.0,,,0.0,0.0,,9.0682e-11,0.0006358534785280001
mwir_std_thermal,D:\HwaSimIR\HwaSim_IR\Bin\Config\Atmosphere\MODTRAN\raw\audit_mwir_standard_20260906\mwir_std_thermal\MODOUT2.txt,W/(cm^2 sr cm^-1),W/(cm^2 cm^-1),W/(m^2 sr um),W/(m^2 um),value_si=value_native*1e8/(wavelength_um^2),2649.0,3.7750094375235936,0.91403782,7.2431e-10,0.00508262885631,0.0,0.0,0.0,0.0,,,0.0,0.0,,7.2431e-10,0.00508262885631
mwir_std_thermal,D:\HwaSimIR\HwaSim_IR\Bin\Config\Atmosphere\MODTRAN\raw\audit_mwir_standard_20260906\mwir_std_thermal\MODOUT2.txt,W/(cm^2 sr cm^-1),W/(cm^2 cm^-1),W/(m^2 sr um),W/(m^2 um),value_si=value_native*1e8/(wavelength_um^2),2650.0,3.7735849056603774,0.97912699,1.7214e-10,0.00120885315,0.0,0.0,0.0,0.0,,,0.0,0.0,,1.7214e-10,0.00120885315
mwir_std_thermal,D:\HwaSimIR\HwaSim_IR\Bin\Config\Atmosphere\MODTRAN\raw\audit_mwir_standard_20260906\mwir_std_thermal\MODOUT2.txt,W/(cm^2 sr cm^-1),W/(cm^2 cm^-1),W/(m^2 sr um),W/(m^2 um),value_si=value_native*1e8/(wavelength_um^2),2651.0,3.7721614485099964,0.98579133,1.1324e-10,0.0007958281852399999,0.0,0.0,0.0,0.0,,,0.0,0.0,,1.1324e-10,0.0007958281852399999
mwir_std_thermal,D:\HwaSimIR\HwaSim_IR\Bin\Config\Atmosphere\MODTRAN\raw\audit_mwir_standard_20260906\mwir_std_thermal\MODOUT2.txt,W/(cm^2 sr cm^-1),W/(cm^2 cm^-1),W/(m^2 sr um),W/(m^2 um),value_si=value_native*1e8/(wavelength_um^2),2652.0,3.770739064856712,0.90651053,7.7937e-10,0.00548139026448,0.0,0.0,0.0,0.0,,,0.0,0.0,,7.7937e-10,0.00548139026448
mwir_std_thermal,D:\HwaSimIR\HwaSim_IR\Bin\Config\Atmosphere\MODTRAN\raw\audit_mwir_standard_20260906\mwir_std_thermal\MODOUT2.txt,W/(cm^2 sr cm^-1),W/(cm^2 cm^-1),W/(m^2 sr um),W/(m^2 um),value_si=value_native*1e8/(wavelength_um^2),2653.0,3.769317753486619,0.98905623,8.9498e-11,0.000629923528682,0.0,0.0,0.0,0.0,,,0.0,0.0,,8.9498e-11,0.000629923528682
mwir_std_thermal,D:\HwaSimIR\HwaSim_IR\Bin\Config\Atmosphere\MODTRAN\raw\audit_mwir_standard_20260906\mwir_std_thermal\MODOUT2.txt,W/(cm^2 sr cm^-1),W/(cm^2 cm^-1),W/(m^2 sr um),W/(m^2 um),value_si=value_native*1e8/(wavelength_um^2),2654.0,3.7678975131876413,0.99113566,7.2127e-11,0.0005080421039319999,0.0,0.0,0.0,0.0,,,0.0,0.0,,7.2127e-11,0.0005080421039319999
mwir_std_thermal,D:\HwaSimIR\HwaSim_IR\Bin\Config\Atmosphere\MODTRAN\raw\audit_mwir_standard_20260906\mwir_std_thermal\MODOUT2.txt,W/(cm^2 sr cm^-1),W/(cm^2 cm^-1),W/(m^2 sr um),W/(m^2 um),value_si=value_native*1e8/(wavelength_um^2),2655.0,3.766478342749529,0.92097914,6.3459e-10,0.004473240774750001,0.0,0.0,0.0,0.0,,,0.0,0.0,,6.3459e-10,0.004473240774750001
mwir_std_thermal,D:\HwaSimIR\HwaSim_IR\Bin\Config\Atmosphere\MODTRAN\raw\audit_mwir_standard_20260906\mwir_std_thermal\MODOUT2.txt,W/(cm^2 sr cm^-1),W/(cm^2 cm^-1),W/(m^2 sr um),W/(m^2 um),value_si=value_native*1e8/(wavelength_um^2),2656.0,3.7650602409638556,0.96797228,2.4188e-10,0.00170630279168,0.0,0.0,0.0,0.0,,,0.0,0.0,,2.4188e-10,0.00170630279168
mwir_std_thermal,D:\HwaSimIR\HwaSim_IR\Bin\Config\Atmosphere\MODTRAN\raw\audit_mwir_standard_20260906\mwir_std_thermal\MODOUT2.txt,W/(cm^2 sr cm^-1),W/(cm^2 cm^-1),W/(m^2 sr um),W/(m^2 um),value_si=value_native*1e8/(wavelength_um^2),2657.0,3.763643206624012,0.93745905,5.16e-10,0.0036427788839999997,0.0,0.0,0.0,0.0,,,0.0,0.0,,5.16e-10,0.0036427788839999997
mwir_std_thermal,D:\HwaSimIR\HwaSim_IR\Bin\Config\Atmosphere\MODTRAN\raw\audit_mwir_standard_20260906\mwir_std_thermal\MODOUT2.txt,W/(cm^2 sr cm^-1),W/(cm^2 cm^-1),W/(m^2 sr um),W/(m^2 um),value_si=value_native*1e8/(wavelength_um^2),2658.0,3.762227238525207,0.98200518,1.4223e-10,0.00100484982972,0.0,0.0,0.0,0.0,,,0.0,0.0,,1.4223e-10,0.00100484982972
mwir_std_thermal,D:\HwaSimIR\HwaSim_IR\Bin\Config\Atmosphere\MODTRAN\raw\audit_mwir_standard_20260906\mwir_std_thermal\MODOUT2.txt,W/(cm^2 sr cm^-1),W/(cm^2 cm^-1),W/(m^2 sr um),W/(m^2 um),value_si=value_native*1e8/(wavelength_um^2),2659.0,3.7608123354644603,0.9498862,4.1339e-10,0.00292278346259,0.0,0.0,0.0,0.0,,,0.0,0.0,,4.1339e-10,0.00292278346259
mwir_std_thermal,D:\HwaSimIR\HwaSim_IR\Bin\Config\Atmosphere\MODTRAN\raw\audit_mwir_standard_20260906\mwir_std_thermal\MODOUT2.txt,W/(cm^2 sr cm^-1),W/(cm^2 cm^-1),W/(m^2 sr um),W/(m^2 um),value_si=value_native*1e8/(wavelength_um^2),2660.0,3.7593984962406015,0.9816671,1.5241e-10,0.001078392196,0.0,0.0,0.0,0.0,,,0.0,0.0,,1.5241e-10,0.001078392196
mwir_std_thermal,D:\HwaSimIR\HwaSim_IR\Bin\Config\Atmosphere\MODTRAN\raw\audit_mwir_standard_20260906\mwir_std_thermal\MODOUT2.txt,W/(cm^2 sr cm^-1),W/(cm^2 cm^-1),W/(m^2 sr um),W/(m^2 um),value_si=value_native*1e8/(wavelength_um^2),2661.0,3.757985719654265,0.94500369,4.4004e-10,0.00311588847684,0.0,0.0,0.0,0.0,,,0.0,0.0,,4.4004e-10,0.00311588847684
mwir_std_thermal,D:\HwaSimIR\HwaSim_IR\Bin\Config\Atmosphere\MODTRAN\raw\audit_mwir_standard_20260906\mwir_std_thermal\MODOUT2.txt,W/(cm^2 sr cm^-1),W/(cm^2 cm^-1),W/(m^2 sr um),W/(m^2 um),value_si=value_native*1e8/(wavelength_um^2),2662.0,3.756574004507889,0.99039906,7.4963e-11,0.000531206108972,0.0,0.0,0.0,0.0,,,0.0,0.0,,7.4963e-11,0.000531206108972
mwir_std_thermal,D:\HwaSimIR\HwaSim_IR\Bin\Config\Atmosphere\MODTRAN\raw\audit_mwir_standard_20260906\mwir_std_thermal\MODOUT2.txt,W/(cm^2 sr cm^-1),W/(cm^2 cm^-1),W/(m^2 sr um),W/(m^2 um),value_si=value_native*1e8/(wavelength_um^2),2663.0,3.755163349605708,0.89870995,8.004e-10,0.005676091827599999,0.0,0.0,0.0,0.0,,,0.0,0.0,,8.004e-10,0.005676091827599999
mwir_std_thermal,D:\HwaSimIR\HwaSim_IR\Bin\Config\Atmosphere\MODTRAN\raw\audit_mwir_standard_20260906\mwir_std_thermal\MODOUT2.txt,W/(cm^2 sr cm^-1),W/(cm^2 cm^-1),W/(m^2 sr um),W/(m^2 um),value_si=value_native*1e8/(wavelength_um^2),2664.0,3.7537537537537538,0.98491746,1.2378e-10,0.0008784537868800001,0.0,0.0,0.0,0.0,,,0.0,0.0,,1.2378e-10,0.0008784537868800001
mwir_std_thermal,D:\HwaSimIR\HwaSim_IR\Bin\Config\Atmosphere\MODTRAN\raw\audit_mwir_standard_20260906\mwir_std_thermal\MODOUT2.txt,W/(cm^2 sr cm^-1),W/(cm^2 cm^-1),W/(m^2 sr um),W/(m^2 um),value_si=value_native*1e8/(wavelength_um^2),2665.0,3.75234521575985,0.97307545,1.9143e-10,0.00135957893175,0.0,0.0,0.0,0.0,,,0.0,0.0,,1.9143e-10,0.00135957893175
mwir_std_thermal,D:\HwaSimIR\HwaSim_IR\Bin\Config\Atmosphere\MODTRAN\raw\audit_mwir_standard_20260906\mwir_std_thermal\MODOUT2.txt,W/(cm^2 sr cm^-1),W/(cm^2 cm^-1),W/(m^2 sr um),W/(m^2 um),value_si=value_native*1e8/(wavelength_um^2),2666.0,3.7509377344336086,0.90547723,7.3848e-10,0.005248787954879999,0.0,0.0,0.0,0.0,,,0.0,0.0,,7.3848e-10,0.005248787954879999
mwir_std_thermal,D:\HwaSimIR\HwaSim_IR\Bin\Config\Atmosphere\MODTRAN\raw\audit_mwir_standard_20260906\mwir_std_thermal\MODOUT2.txt,W/(cm^2 sr cm^-1),W/(cm^2 cm^-1),W/(m^2 sr um),W/(m^2 um),value_si=value_native*1e8/(wavelength_um^2),2667.0,3.749531308586427,0.97997522,1.5105e-10,0.00107440188345,0.0,0.0,0.0,0.0,,,0.0,0.0,,1.5105e-10,0.00107440188345
mwir_std_thermal,D:\HwaSimIR\HwaSim_IR\Bin\Config\Atmosphere\MODTRAN\raw\audit_mwir_standard_20260906\mwir_std_thermal\MODOUT2.txt,W/(cm^2 sr cm^-1),W/(cm^2 cm^-1),W/(m^2 sr um),W/(m^2 um),value_si=value_native*1e8/(wavelength_um^2),2668.0,3.7481259370314843,0.99087626,6.5527e-11,0.000466435864048,0.0,0.0,0.0,0.0,,,0.0,0.0,,6.5527e-11,0.000466435864048
mwir_std_thermal,D:\HwaSimIR\HwaSim_IR\Bin\Config\Atmosphere\MODTRAN\raw\audit_mwir_standard_20260906\mwir_std_thermal\MODOUT2.txt,W/(cm^2 sr cm^-1),W/(cm^2 cm^-1),W/(m^2 sr um),W/(m^2 um),value_si=value_native*1e8/(wavelength_um^2),2669.0,3.7467216185837393,0.98719877,9.0035e-11,0.000641369814635,0.0,0.0,0.0,0.0,,,0.0,0.0,,9.0035e-11,0.000641369814635
mwir_std_thermal,D:\HwaSimIR\HwaSim_IR\Bin\Config\Atmosphere\MODTRAN\raw\audit_mwir_standard_20260906\mwir_std_thermal\MODOUT2.txt,W/(cm^2 sr cm^-1),W/(cm^2 cm^-1),W/(m^2 sr um),W/(m^2 um),value_si=value_native*1e8/(wavelength_um^2),2670.0,3.745318352059925,0.98718578,9.1534e-11,0.0006525367326000001,0.0,0.0,0.0,0.0,,,0.0,0.0,,9.1534e-11,0.0006525367326000001
mwir_std_thermal,D:\HwaSimIR\HwaSim_IR\Bin\Config\Atmosphere\MODTRAN\raw\audit_mwir_standard_20260906\mwir_std_thermal\MODOUT2.txt,W/(cm^2 sr cm^-1),W/(cm^2 cm^-1),W/(m^2 sr um),W/(m^2 um),value_si=value_native*1e8/(wavelength_um^2),2671.0,3.7439161362785476,0.98826081,8.5351e-11,0.0006089146035909999,0.0,0.0,0.0,0.0,,,0.0,0.0,,8.5351e-11,0.0006089146035909999
mwir_std_thermal,D:\HwaSimIR\HwaSim_IR\Bin\Config\Atmosphere\MODTRAN\raw\audit_mwir_standard_20260906\mwir_std_thermal\MODOUT2.txt,W/(cm^2 sr cm^-1),W/(cm^2 cm^-1),W/(m^2 sr um),W/(m^2 um),value_si=value_native*1e8/(wavelength_um^2),2672.0,3.7425149700598803,0.98301166,1.2946e-10,0.00092429054464,0.0,0.0,0.0,0.0,,,0.0,0.0,,1.2946e-10,0.00092429054464
mwir_std_thermal,D:\HwaSimIR\HwaSim_IR\Bin\Config\Atmosphere\MODTRAN\raw\audit_mwir_standard_20260906\mwir_std_thermal\MODOUT2.txt,W/(cm^2 sr cm^-1),W/(cm^2 cm^-1),W/(m^2 sr um),W/(m^2 um),value_si=value_native*1e8/(wavelength_um^2),2673.0,3.741114852225963,0.91918278,6.0545e-10,0.004325897263050001,0.0,0.0,0.0,0.0,,,0.0,0.0,,6.0545e-10,0.004325897263050001
mwir_std_thermal,D:\HwaSimIR\HwaSim_IR\Bin\Config\Atmosphere\MODTRAN\raw\audit_mwir_standard_20260906\mwir_std_thermal\MODOUT2.txt,W/(cm^2 sr cm^-1),W/(cm^2 cm^-1),W/(m^2 sr um),W/(m^2 um),value_si=value_native*1e8/(wavelength_um^2),2674.0,3.7397157816005984,0.98871696,7.7888e-11,0.000556920697088,0.0,0.0,0.0,0.0,,,0.0,0.0,,7.7888e-11,0.000556920697088
mwir_std_thermal,D:\HwaSimIR\HwaSim_IR\Bin\Config\Atmosphere\MODTRAN\raw\audit_mwir_standard_20260906\mwir_std_thermal\MODOUT2.txt,W/(cm^2 sr cm^-1),W/(cm^2 cm^-1),W/(m^2 sr um),W/(m^2 um),value_si=value_native*1e8/(wavelength_um^2),2675.0,3.7383177570093458,0.94545519,4.1618e-10,0.0029780280125,0.0,0.0,0.0,0.0,,,0.0,0.0,,4.1618e-10,0.0029780280125
mwir_std_thermal,D:\HwaSimIR\HwaSim_IR\Bin\Config\Atmosphere\MODTRAN\raw\audit_mwir_standard_20260906\mwir_std_thermal\MODOUT2.txt,W/(cm^2 sr cm^-1),W/(cm^2 cm^-1),W/(m^2 sr um),W/(m^2 um),value_si=value_native*1e8/(wavelength_um^2),2676.0,3.7369207772795217,0.97476399,1.8072e-10,0.00129413158272,0.0,0.0,0.0,0.0,,,0.0,0.0,,1.8072e-10,0.00129413158272
mwir_std_thermal,D:\HwaSimIR\HwaSim_IR\Bin\Config\Atmosphere\MODTRAN\raw\audit_mwir_standard_20260906\mwir_std_thermal\MODOUT2.txt,W/(cm^2 sr cm^-1),W/(cm^2 cm^-1),W/(m^2 sr um),W/(m^2 um),value_si=value_native*1e8/(wavelength_um^2),2677.0,3.7355248412401942,0.9450326,4.1773e-10,0.0029935906131700004,0.0,0.0,0.0,0.0,,,0.0,0.0,,4.1773e-10,0.0029935906131700004
mwir_std_thermal,D:\HwaSimIR\HwaSim_IR\Bin\Config\Atmosphere\MODTRAN\raw\audit_mwir_standard_20260906\mwir_std_thermal\MODOUT2.txt,W/(cm^2 sr cm^-1),W/(cm^2 cm^-1),W/(m^2 sr um),W/(m^2 um),value_si=value_native*1e8/(wavelength_um^2),2678.0,3.7341299477221805,0.88453507,8.2957e-10,0.00594941389588,0.0,0.0,0.0,0.0,,,0.0,0.0,,8.2957e-10,0.00594941389588
mwir_std_thermal,D:\HwaSimIR\HwaSim_IR\Bin\Config\Atmosphere\MODTRAN\raw\audit_mwir_standard_20260906\mwir_std_thermal\MODOUT2.txt,W/(cm^2 sr cm^-1),W/(cm^2 cm^-1),W/(m^2 sr um),W/(m^2 um),value_si=value_native*1e8/(wavelength_um^2),2679.0,3.732736095558044,0.99048752,7.0903e-11,0.000508873738023,0.0,0.0,0.0,0.0,,,0.0,0.0,,7.0903e-11,0.000508873738023
mwir_std_thermal,D:\HwaSimIR\HwaSim_IR\Bin\Config\Atmosphere\MODTRAN\raw\audit_mwir_standard_20260906\mwir_std_thermal\MODOUT2.txt,W/(cm^2 sr cm^-1),W/(cm^2 cm^-1),W/(m^2 sr um),W/(m^2 um),value_si=value_native*1e8/(wavelength_um^2),2680.0,3.7313432835820897,0.97982603,1.4186e-10,0.001018895264,0.0,0.0,0.0,0.0,,,0.0,0.0,,1.4186e-10,0.001018895264
mwir_std_thermal,D:\HwaSimIR\HwaSim_IR\Bin\Config\Atmosphere\MODTRAN\raw\audit_mwir_standard_20260906\mwir_std_thermal\MODOUT2.txt,W/(cm^2 sr cm^-1),W/(cm^2 cm^-1),W/(m^2 sr um),W/(m^2 um),value_si=value_native*1e8/(wavelength_um^2),2681.0,3.729951510630362,0.89719427,7.4495e-10,0.0053545225569500005,0.0,0.0,0.0,0.0,,,0.0,0.0,,7.4495e-10,0.0053545225569500005
mwir_std_thermal,D:\HwaSimIR\HwaSim_IR\Bin\Config\Atmosphere\MODTRAN\raw\audit_mwir_standard_20260906\mwir_std_thermal\MODOUT2.txt,W/(cm^2 sr cm^-1),W/(cm^2 cm^-1),W/(m^2 sr um),W/(m^2 um),value_si=value_native*1e8/(wavelength_um^2),2682.0,3.7285607755406414,0.97962475,1.3443e-10,0.0009669716593199999,0.0,0.0,0.0,0.0,,,0.0,0.0,,1.3443e-10,0.0009669716593199999
mwir_std_thermal,D:\HwaSimIR\HwaSim_IR\Bin\Config\Atmosphere\MODTRAN\raw\audit_mwir_standard_20260906\mwir_std_thermal\MODOUT2.txt,W/(cm^2 sr cm^-1),W/(cm^2 cm^-1),W/(m^2 sr um),W/(m^2 um),value_si=value_native*1e8/(wavelength_um^2),2683.0,3.727171077152441,0.97964007,1.3171e-10,0.0009481129861900001,0.0,0.0,0.0,0.0,,,0.0,0.0,,1.3171e-10,0.0009481129861900001
mwir_std_thermal,D:\HwaSimIR\HwaSim_IR\Bin\Config\Atmosphere\MODTRAN\raw\audit_mwir_standard_20260906\mwir_std_thermal\MODOUT2.txt,W/(cm^2 sr cm^-1),W/(cm^2 cm^-1),W/(m^2 sr um),W/(m^2 um),value_si=value_native*1e8/(wavelength_um^2),2684.0,3.7257824143070044,0.98513561,9.5648e-11,0.0006890344186880001,0.0,0.0,0.0,0.0,,,0.0,0.0,,9.5648e-11,0.0006890344186880001
mwir_std_thermal,D:\HwaSimIR\HwaSim_IR\Bin\Config\Atmosphere\MODTRAN\raw\audit_mwir_standard_20260906\mwir_std_thermal\MODOUT2.txt,W/(cm^2 sr cm^-1),W/(cm^2 cm^-1),W/(m^2 sr um),W/(m^2 um),value_si=value_native*1e8/(wavelength_um^2),2685.0,3.7243947858473,0.98615509,9.028e-11,0.000650848833,0.0,0.0,0.0,0.0,,,0.0,0.0,,9.028e-11,0.000650848833
mwir_std_thermal,D:\HwaSimIR\HwaSim_IR\Bin\Config\Atmosphere\MODTRAN\raw\audit_mwir_standard_20260906\mwir_std_thermal\MODOUT2.txt,W/(cm^2 sr cm^-1),W/(cm^2 cm^-1),W/(m^2 sr um),W/(m^2 um),value_si=value_native*1e8/(wavelength_um^2),2686.0,3.7230081906180192,0.99167305,6.145e-11,0.00044333692420000007,0.0,0.0,0.0,0.0,,,0.0,0.0,,6.145e-11,0.00044333692420000007
mwir_std_thermal,D:\HwaSimIR\HwaSim_IR\Bin\Config\Atmosphere\MODTRAN\raw\audit_mwir_standard_20260906\mwir_std_thermal\MODOUT2.txt,W/(cm^2 sr cm^-1),W/(cm^2 cm^-1),W/(m^2 sr um),W/(m^2 um),value_si=value_native*1e8/(wavelength_um^2),2687.0,3.721622627465575,0.99133909,6.2569e-11,0.000451746240361,0.0,0.0,0.0,0.0,,,0.0,0.0,,6.2569e-11,0.000451746240361
mwir_std_thermal,D:\HwaSimIR\HwaSim_IR\Bin\Config\Atmosphere\MODTRAN\raw\audit_mwir_standard_20260906\mwir_std_thermal\MODOUT2.txt,W/(cm^2 sr cm^-1),W/(cm^2 cm^-1),W/(m^2 sr um),W/(m^2 um),value_si=value_native*1e8/(wavelength_um^2),2688.0,3.7202380952380953,0.99125588,6.361e-11,0.00045960413184,0.0,0.0,0.0,0.0,,,0.0,0.0,,6.361e-11,0.00045960413184
mwir_std_thermal,D:\HwaSimIR\HwaSim_IR\Bin\Config\Atmosphere\MODTRAN\raw\audit_mwir_standard_20260906\mwir_std_thermal\MODOUT2.txt,W/(cm^2 sr cm^-1),W/(cm^2 cm^-1),W/(m^2 sr um),W/(m^2 um),value_si=value_native*1e8/(wavelength_um^2),2689.0,3.718854592785422,0.99018824,6.8253e-11,0.000493518400413,0.0,0.0,0.0,0.0,,,0.0,0.0,,6.8253e-11,0.000493518400413
mwir_std_thermal,D:\HwaSimIR\HwaSim_IR\Bin\Config\Atmosphere\MODTRAN\raw\audit_mwir_standard_20260906\mwir_std_thermal\MODOUT2.txt,W/(cm^2 sr cm^-1),W/(cm^2 cm^-1),W/(m^2 sr um),W/(m^2 um),value_si=value_native*1e8/(wavelength_um^2),2690.0,3.717472118959108,0.93464929,4.6576e-10,0.0033702859359999995,0.0,0.0,0.0,0.0,,,0.0,0.0,,4.6576e-10,0.0033702859359999995
mwir_std_thermal,D:\HwaSimIR\HwaSim_IR\Bin\Config\Atmosphere\MODTRAN\raw\audit_mwir_standard_20260906\mwir_std_thermal\MODOUT2.txt,W/(cm^2 sr cm^-1),W/(cm^2 cm^-1),W/(m^2 sr um),W/(m^2 um),value_si=value_native*1e8/(wavelength_um^2),2691.0,3.716090672612412,0.98376876,9.9419e-11,0.000719940799539,0.0,0.0,0.0,0.0,,,0.0,0.0,,9.9419e-11,0.000719940799539
mwir_std_thermal,D:\HwaSimIR\HwaSim_IR\Bin\Config\Atmosphere\MODTRAN\raw\audit_mwir_standard_20260906\mwir_std_thermal\MODOUT2.txt,W/(cm^2 sr cm^-1),W/(cm^2 cm^-1),W/(m^2 sr um),W/(m^2 um),value_si=value_native*1e8/(wavelength_um^2),2692.0,3.7147102526002973,0.97933692,1.3425e-10,0.0009728914919999999,0.0,0.0,0.0,0.0,,,0.0,0.0,,1.3425e-10,0.0009728914919999999
mwir_std_thermal,D:\HwaSimIR\HwaSim_IR\Bin\Config\Atmosphere\MODTRAN\raw\audit_mwir_standard_20260906\mwir_std_thermal\MODOUT2.txt,W/(cm^2 sr cm^-1),W/(cm^2 cm^-1),W/(m^2 sr um),W/(m^2 um),value_si=value_native*1e8/(wavelength_um^2),2693.0,3.713330857779428,0.90185171,6.8088e-10,0.004937911299120001,0.0,0.0,0.0,0.0,,,0.0,0.0,,6.8088e-10,0.004937911299120001
mwir_std_thermal,D:\HwaSimIR\HwaSim_IR\Bin\Config\Atmosphere\MODTRAN\raw\audit_mwir_standard_20260906\mwir_std_thermal\MODOUT2.txt,W/(cm^2 sr cm^-1),W/(cm^2 cm^-1),W/(m^2 sr um),W/(m^2 um),value_si=value_native*1e8/(wavelength_um^2),2694.0,3.7119524870081664,0.98225379,1.1336e-10,0.0008227256169599999,0.0,0.0,0.0,0.0,,,0.0,0.0,,1.1336e-10,0.0008227256169599999
mwir_std_thermal,D:\HwaSimIR\HwaSim_IR\Bin\Config\Atmosphere\MODTRAN\raw\audit_mwir_standard_20260906\mwir_std_thermal\MODOUT2.txt,W/(cm^2 sr cm^-1),W/(cm^2 cm^-1),W/(m^2 sr um),W/(m^2 um),value_si=value_native*1e8/(wavelength_um^2),2695.0,3.7105751391465676,0.92285317,5.4127e-10,0.00393125754175,0.0,0.0,0.0,0.0,,,0.0,0.0,,5.4127e-10,0.00393125754175
mwir_std_thermal,D:\HwaSimIR\HwaSim_IR\Bin\Config\Atmosphere\MODTRAN\raw\audit_mwir_standard_20260906\mwir_std_thermal\MODOUT2.txt,W/(cm^2 sr cm^-1),W/(cm^2 cm^-1),W/(m^2 sr um),W/(m^2 um),value_si=value_native*1e8/(wavelength_um^2),2696.0,3.7091988130563798,0.94502777,3.2933e-10,0.00239370744128,0.0,0.0,0.0,0.0,,,0.0,0.0,,3.2933e-10,0.00239370744128
mwir_std_thermal,D:\HwaSimIR\HwaSim_IR\Bin\Config\Atmosphere\MODTRAN\raw\audit_mwir_standard_20260906\mwir_std_thermal\MODOUT2.txt,W/(cm^2 sr cm^-1),W/(cm^2 cm^-1),W/(m^2 sr um),W/(m^2 um),value_si=value_native*1e8/(wavelength_um^2),2697.0,3.7078235076010384,0.97818571,1.3228e-10,0.0009621794545199999,0.0,0.0,0.0,0.0,,,0.0,0.0,,1.3228e-10,0.0009621794545199999
mwir_std_thermal,D:\HwaSimIR\HwaSim_IR\Bin\Config\Atmosphere\MODTRAN\raw\audit_mwir_standard_20260906\mwir_std_thermal\MODOUT2.txt,W/(cm^2 sr cm^-1),W/(cm^2 cm^-1),W/(m^2 sr um),W/(m^2 um),value_si=value_native*1e8/(wavelength_um^2),2698.0,3.7064492216456633,0.9733392,1.5913e-10,0.0011583397325200002,0.0,0.0,0.0,0.0,,,0.0,0.0,,1.5913e-10,0.0011583397325200002
mwir_std_thermal,D:\HwaSimIR\HwaSim_IR\Bin\Config\Atmosphere\MODTRAN\raw\audit_mwir_standard_20260906\mwir_std_thermal\MODOUT2.txt,W/(cm^2 sr cm^-1),W/(cm^2 cm^-1),W/(m^2 sr um),W/(m^2 um),value_si=value_native*1e8/(wavelength_um^2),2699.0,3.705075954057058,0.98419583,1.095e-10,0.0007976638094999999,0.0,0.0,0.0,0.0,,,0.0,0.0,,1.095e-10,0.0007976638094999999
mwir_std_thermal,D:\HwaSimIR\HwaSim_IR\Bin\Config\Atmosphere\MODTRAN\raw\audit_mwir_standard_20260906\mwir_std_thermal\MODOUT2.txt,W/(cm^2 sr cm^-1),W/(cm^2 cm^-1),W/(m^2 sr um),W/(m^2 um),value_si=value_native*1e8/(wavelength_um^2),2700.0,3.7037037037037037,0.99600524,2.6647e-11,0.00019425662999999997,0.0,0.0,0.0,0.0,,,0.0,0.0,,2.6647e-11,0.00019425662999999997
mwir_std_thermal,D:\HwaSimIR\HwaSim_IR\Bin\Config\Atmosphere\MODTRAN\raw\audit_mwir_standard_20260906\mwir_std_thermal\MODOUT2.txt,W/(cm^2 sr cm^-1),W/(cm^2 cm^-1),W/(m^2 sr um),W/(m^2 um),value_si=value_native*1e8/(wavelength_um^2),2701.0,3.702332469455757,0.99714416,1.886e-11,0.00013759126286000002,0.0,0.0,0.0,0.0,,,0.0,0.0,,1.886e-11,0.00013759126286000002
mwir_std_thermal,D:\HwaSimIR\HwaSim_IR\Bin\Config\Atmosphere\MODTRAN\raw\audit_mwir_standard_20260906\mwir_std_thermal\MODOUT2.txt,W/(cm^2 sr cm^-1),W/(cm^2 cm^-1),W/(m^2 sr um),W/(m^2 um),value_si=value_native*1e8/(wavelength_um^2),2702.0,3.7009622501850483,0.98662585,8.934e-11,0.0006522538293599998,0.0,0.0,0.0,0.0,,,0.0,0.0,,8.934e-11,0.0006522538293599998
mwir_std_thermal,D:\HwaSimIR\HwaSim_IR\Bin\Config\Atmosphere\MODTRAN\raw\audit_mwir_standard_20260906\mwir_std_thermal\MODOUT2.txt,W/(cm^2 sr cm^-1),W/(cm^2 cm^-1),W/(m^2 sr um),W/(m^2 um),value_si=value_native*1e8/(wavelength_um^2),2703.0,3.6995930447650758,0.99002904,6.3498e-11,0.00046392965908199994,0.0,0.0,0.0,0.0,,,0.0,0.0,,6.3498e-11,0.00046392965908199994
mwir_std_thermal,D:\HwaSimIR\HwaSim_IR\Bin\Config\Atmosphere\MODTRAN\raw\audit_mwir_standard_20260906\mwir_std_thermal\MODOUT2.txt,W/(cm^2 sr cm^-1),W/(cm^2 cm^-1),W/(m^2 sr um),W/(m^2 um),value_si=value_native*1e8/(wavelength_um^2),2704.0,3.698224852071006,0.99231797,4.9848e-11,0.000364469434368,0.0,0.0,0.0,0.0,,,0.0,0.0,,4.9848e-11,0.000364469434368
mwir_std_thermal,D:\HwaSimIR\HwaSim_IR\Bin\Config\Atmosphere\MODTRAN\raw\audit_mwir_standard_20260906\mwir_std_thermal\MODOUT2.txt,W/(cm^2 sr cm^-1),W/(cm^2 cm^-1),W/(m^2 sr um),W/(m^2 um),value_si=value_native*1e8/(wavelength_um^2),2705.0,3.6968576709796674,0.98334116,9.5736e-11,0.0007005027054,0.0,0.0,0.0,0.0,,,0.0,0.0,,9.5736e-11,0.0007005027054
mwir_std_thermal,D:\HwaSimIR\HwaSim_IR\Bin\Config\Atmosphere\MODTRAN\raw\audit_mwir_standard_20260906\mwir_std_thermal\MODOUT2.txt,W/(cm^2 sr cm^-1),W/(cm^2 cm^-1),W/(m^2 sr um),W/(m^2 um),value_si=value_native*1e8/(wavelength_um^2),2706.0,3.695491500369549,0.97559655,1.6393e-10,0.0012003669334800001,0.0,0.0,0.0,0.0,,,0.0,0.0,,1.6393e-10,0.0012003669334800001
mwir_std_thermal,D:\HwaSimIR\HwaSim_IR\Bin\Config\Atmosphere\MODTRAN\raw\audit_mwir_standard_20260906\mwir_std_thermal\MODOUT2.txt,W/(cm^2 sr cm^-1),W/(cm^2 cm^-1),W/(m^2 sr um),W/(m^2 um),value_si=value_native*1e8/(wavelength_um^2),2707.0,3.694126339120798,0.9831574,1.1398e-10,0.00083522822902,0.0,0.0,0.0,0.0,,,0.0,0.0,,1.1398e-10,0.00083522822902
mwir_std_thermal,D:\HwaSimIR\HwaSim_IR\Bin\Config\Atmosphere\MODTRAN\raw\audit_mwir_standard_20260906\mwir_std_thermal\MODOUT2.txt,W/(cm^2 sr cm^-1),W/(cm^2 cm^-1),W/(m^2 sr um),W/(m^2 um),value_si=value_native*1e8/(wavelength_um^2),2708.0,3.692762186115214,0.94421899,3.7067e-10,0.0027182209668800005,0.0,0.0,0.0,0.0,,,0.0,0.0,,3.7067e-10,0.0027182209668800005
mwir_std_thermal,D:\HwaSimIR\HwaSim_IR\Bin\Config\Atmosphere\MODTRAN\raw\audit_mwir_standard_20260906\mwir_std_thermal\MODOUT2.txt,W/(cm^2 sr cm^-1),W/(cm^2 cm^-1),W/(m^2 sr um),W/(m^2 um),value_si=value_native*1e8/(wavelength_um^2),2709.0,3.6913990402362495,0.97033602,1.9051e-10,0.00139809211731,0.0,0.0,0.0,0.0,,,0.0,0.0,,1.9051e-10,0.00139809211731
mwir_std_thermal,D:\HwaSimIR\HwaSim_IR\Bin\Config\Atmosphere\MODTRAN\raw\audit_mwir_standard_20260906\mwir_std_thermal\MODOUT2.txt,W/(cm^2 sr cm^-1),W/(cm^2 cm^-1),W/(m^2 sr um),W/(m^2 um),value_si=value_native*1e8/(wavelength_um^2),2710.0,3.690036900369004,0.98293597,1.1548e-10,0.0008480966679999998,0.0,0.0,0.0,0.0,,,0.0,0.0,,1.1548e-10,0.0008480966679999998
mwir_std_thermal,D:\HwaSimIR\HwaSim_IR\Bin\Config\Atmosphere\MODTRAN\raw\audit_mwir_standard_20260906\mwir_std_thermal\MODOUT2.txt,W/(cm^2 sr cm^-1),W/(cm^2 cm^-1),W/(m^2 sr um),W/(m^2 um),value_si=value_native*1e8/(wavelength_um^2),2711.0,3.6886757654002214,0.94715291,3.012e-10,0.0022136757252000003,0.0,0.0,0.0,0.0,,,0.0,0.0,,3.012e-10,0.0022136757252000003
mwir_std_thermal,D:\HwaSimIR\HwaSim_IR\Bin\Config\Atmosphere\MODTRAN\raw\audit_mwir_standard_20260906\mwir_std_thermal\MODOUT2.txt,W/(cm^2 sr cm^-1),W/(cm^2 cm^-1),W/(m^2 sr um),W/(m^2 um),value_si=value_native*1e8/(wavelength_um^2),2712.0,3.687315634218289,0.91827399,4.5025e-10,0.0033115635360000005,0.0,0.0,0.0,0.0,,,0.0,0.0,,4.5025e-10,0.0033115635360000005
mwir_std_thermal,D:\HwaSimIR\HwaSim_IR\Bin\Config\Atmosphere\MODTRAN\raw\audit_mwir_standard_20260906\mwir_std_thermal\MODOUT2.txt,W/(cm^2 sr cm^-1),W/(cm^2 cm^-1),W/(m^2 sr um),W/(m^2 um),value_si=value_native*1e8/(wavelength_um^2),2713.0,3.6859565057132326,0.98745763,8.3654e-11,0.0006157243083259999,0.0,0.0,0.0,0.0,,,0.0,0.0,,8.3654e-11,0.0006157243083259999
mwir_std_thermal,D:\HwaSimIR\HwaSim_IR\Bin\Config\Atmosphere\MODTRAN\raw\audit_mwir_standard_20260906\mwir_std_thermal\MODOUT2.txt,W/(cm^2 sr cm^-1),W/(cm^2 cm^-1),W/(m^2 sr um),W/(m^2 um),value_si=value_native*1e8/(wavelength_um^2),2714.0,3.6845983787767134,0.98191994,1.1778e-10,0.0008675434528799999,0.0,0.0,0.0,0.0,,,0.0,0.0,,1.1778e-10,0.0008675434528799999
mwir_std_thermal,D:\HwaSimIR\HwaSim_IR\Bin\Config\Atmosphere\MODTRAN\raw\audit_mwir_standard_20260906\mwir_std_thermal\MODOUT2.txt,W/(cm^2 sr cm^-1),W/(cm^2 cm^-1),W/(m^2 sr um),W/(m^2 um),value_si=value_native*1e8/(wavelength_um^2),2715.0,3.6832412523020257,0.92592466,4.7903e-10,0.003531037911750001,0.0,0.0,0.0,0.0,,,0.0,0.0,,4.7903e-10,0.003531037911750001
mwir_std_thermal,D:\HwaSimIR\HwaSim_IR\Bin\Config\Atmosphere\MODTRAN\raw\audit_mwir_standard_20260906\mwir_std_thermal\MODOUT2.txt,W/(cm^2 sr cm^-1),W/(cm^2 cm^-1),W/(m^2 sr um),W/(m^2 um),value_si=value_native*1e8/(wavelength_um^2),2716.0,3.681885125184094,0.93975389,3.963e-10,0.0029233687728,0.0,0.0,0.0,0.0,,,0.0,0.0,,3.963e-10,0.0029233687728
mwir_std_thermal,D:\HwaSimIR\HwaSim_IR\Bin\Config\Atmosphere\MODTRAN\raw\audit_mwir_standard_20260906\mwir_std_thermal\MODOUT2.txt,W/(cm^2 sr cm^-1),W/(cm^2 cm^-1),W/(m^2 sr um),W/(m^2 um),value_si=value_native*1e8/(wavelength_um^2),2717.0,3.68052999631947,0.95598847,2.8199e-10,0.00208167527711,0.0,0.0,0.0,0.0,,,0.0,0.0,,2.8199e-10,0.00208167527711
mwir_std_thermal,D:\HwaSimIR\HwaSim_IR\Bin\Config\Atmosphere\MODTRAN\raw\audit_mwir_standard_20260906\mwir_std_thermal\MODOUT2.txt,W/(cm^2 sr cm^-1),W/(cm^2 cm^-1),W/(m^2 sr um),W/(m^2 um),value_si=value_native*1e8/(wavelength_um^2),2718.0,3.679175864606328,0.9521299,3.1408e-10,0.00232027353792,0.0,0.0,0.0,0.0,,,0.0,0.0,,3.1408e-10,0.00232027353792
mwir_std_thermal,D:\HwaSimIR\HwaSim_IR\Bin\Config\Atmosphere\MODTRAN\raw\audit_mwir_standard_20260906\mwir_std_thermal\MODOUT2.txt,W/(cm^2 sr cm^-1),W/(cm^2 cm^-1),W/(m^2 sr um),W/(m^2 um),value_si=value_native*1e8/(wavelength_um^2),2719.0,3.6778227289444647,0.92427558,4.8461e-10,0.0035827028302100007,0.0,0.0,0.0,0.0,,,0.0,0.0,,4.8461e-10,0.0035827028302100007
mwir_std_thermal,D:\HwaSimIR\HwaSim_IR\Bin\Config\Atmosphere\MODTRAN\raw\audit_mwir_standard_20260906\mwir_std_thermal\MODOUT2.txt,W/(cm^2 sr cm^-1),W/(cm^2 cm^-1),W/(m^2 sr um),W/(m^2 um),value_si=value_native*1e8/(wavelength_um^2),2720.0,3.676470588235294,0.83564115,1.0254e-09,0.007586319360000001,0.0,0.0,0.0,0.0,,,0.0,0.0,,1.0254e-09,0.007586319360000001
mwir_std_thermal,D:\HwaSimIR\HwaSim_IR\Bin\Config\Atmosphere\MODTRAN\raw\audit_mwir_standard_20260906\mwir_std_thermal\MODOUT2.txt,W/(cm^2 sr cm^-1),W/(cm^2 cm^-1),W/(m^2 sr um),W/(m^2 um),value_si=value_native*1e8/(wavelength_um^2),2721.0,3.675119441381845,0.84111589,9.804e-10,0.007258725716400001,0.0,0.0,0.0,0.0,,,0.0,0.0,,9.804e-10,0.007258725716400001
mwir_std_thermal,D:\HwaSimIR\HwaSim_IR\Bin\Config\Atmosphere\MODTRAN\raw\audit_mwir_standard_20260906\mwir_std_thermal\MODOUT2.txt,W/(cm^2 sr cm^-1),W/(cm^2 cm^-1),W/(m^2 sr um),W/(m^2 um),value_si=value_native*1e8/(wavelength_um^2),2722.0,3.673769287288758,0.83967537,9.8393e-10,0.00729021680612,0.0,0.0,0.0,0.0,,,0.0,0.0,,9.8393e-10,0.00729021680612
mwir_std_thermal,D:\HwaSimIR\HwaSim_IR\Bin\Config\Atmosphere\MODTRAN\raw\audit_mwir_standard_20260906\mwir_std_thermal\MODOUT2.txt,W/(cm^2 sr cm^-1),W/(cm^2 cm^-1),W/(m^2 sr um),W/(m^2 um),value_si=value_native*1e8/(wavelength_um^2),2723.0,3.6724201248622843,0.81403095,1.1347e-09,0.008413492996299999,0.0,0.0,0.0,0.0,,,0.0,0.0,,1.1347e-09,0.008413492996299999
mwir_std_thermal,D:\HwaSimIR\HwaSim_IR\Bin\Config\Atmosphere\MODTRAN\raw\audit_mwir_standard_20260906\mwir_std_thermal\MODOUT2.txt,W/(cm^2 sr cm^-1),W/(cm^2 cm^-1),W/(m^2 sr um),W/(m^2 um),value_si=value_native*1e8/(wavelength_um^2),2724.0,3.671071953010279,0.92021012,4.9107e-10,0.00364382582832,0.0,0.0,0.0,0.0,,,0.0,0.0,,4.9107e-10,0.00364382582832
mwir_std_thermal,D:\HwaSimIR\HwaSim_IR\Bin\Config\Atmosphere\MODTRAN\raw\audit_mwir_standard_20260906\mwir_std_thermal\MODOUT2.txt,W/(cm^2 sr cm^-1),W/(cm^2 cm^-1),W/(m^2 sr um),W/(m^2 um),value_si=value_native*1e8/(wavelength_um^2),2725.0,3.669724770642202,0.98367792,9.9456e-11,0.00073852296,0.0,0.0,0.0,0.0,,,0.0,0.0,,9.9456e-11,0.00073852296
mwir_std_thermal,D:\HwaSimIR\HwaSim_IR\Bin\Config\Atmosphere\MODTRAN\raw\audit_mwir_standard_20260906\mwir_std_thermal\MODOUT2.txt,W/(cm^2 sr cm^-1),W/(cm^2 cm^-1),W/(m^2 sr um),W/(m^2 um),value_si=value_native*1e8/(wavelength_um^2),2726.0,3.668378576669112,0.88800853,6.7084e-10,0.004985063023840001,0.0,0.0,0.0,0.0,,,0.0,0.0,,6.7084e-10,0.004985063023840001
mwir_std_thermal,D:\HwaSimIR\HwaSim_IR\Bin\Config\Atmosphere\MODTRAN\raw\audit_mwir_standard_20260906\mwir_std_thermal\MODOUT2.txt,W/(cm^2 sr cm^-1),W/(cm^2 cm^-1),W/(m^2 sr um),W/(m^2 um),value_si=value_native*1e8/(wavelength_um^2),2727.0,3.6670333700036672,0.88378042,5.6006e-10,0.0041649024317399995,0.0,0.0,0.0,0.0,,,0.0,0.0,,5.6006e-10,0.0041649024317399995
mwir_std_thermal,D:\HwaSimIR\HwaSim_IR\Bin\Config\Atmosphere\MODTRAN\raw\audit_mwir_standard_20260906\mwir_std_thermal\MODOUT2.txt,W/(cm^2 sr cm^-1),W/(cm^2 cm^-1),W/(m^2 sr um),W/(m^2 um),value_si=value_native*1e8/(wavelength_um^2),2728.0,3.665689149560117,0.98859328,6.7884e-11,0.000505191641856,0.0,0.0,0.0,0.0,,,0.0,0.0,,6.7884e-11,0.000505191641856
mwir_std_thermal,D:\HwaSimIR\HwaSim_IR\Bin\Config\Atmosphere\MODTRAN\raw\audit_mwir_standard_20260906\mwir_std_thermal\MODOUT2.txt,W/(cm^2 sr cm^-1),W/(cm^2 cm^-1),W/(m^2 sr um),W/(m^2 um),value_si=value_native*1e8/(wavelength_um^2),2729.0,3.6643459142543056,0.99065572,5.349e-11,0.00039836361909000007,0.0,0.0,0.0,0.0,,,0.0,0.0,,5.349e-11,0.00039836361909000007
mwir_std_thermal,D:\HwaSimIR\HwaSim_IR\Bin\Config\Atmosphere\MODTRAN\raw\audit_mwir_standard_20260906\mwir_std_thermal\MODOUT2.txt,W/(cm^2 sr cm^-1),W/(cm^2 cm^-1),W/(m^2 sr um),W/(m^2 um),value_si=value_native*1e8/(wavelength_um^2),2730.0,3.663003663003663,0.96557051,2.0227e-10,0.001507498083,0.0,0.0,0.0,0.0,,,0.0,0.0,,2.0227e-10,0.001507498083
mwir_std_thermal,D:\HwaSimIR\HwaSim_IR\Bin\Config\Atmosphere\MODTRAN\raw\audit_mwir_standard_20260906\mwir_std_thermal\MODOUT2.txt,W/(cm^2 sr cm^-1),W/(cm^2 cm^-1),W/(m^2 sr um),W/(m^2 um),value_si=value_native*1e8/(wavelength_um^2),2731.0,3.6616623947272062,0.95919317,2.4452e-10,0.00182371843172,0.0,0.0,0.0,0.0,,,0.0,0.0,,2.4452e-10,0.00182371843172
mwir_std_thermal,D:\HwaSimIR\HwaSim_IR\Bin\Config\Atmosphere\MODTRAN\raw\audit_mwir_standard_20260906\mwir_std_thermal\MODOUT2.txt,W/(cm^2 sr cm^-1),W/(cm^2 cm^-1),W/(m^2 sr um),W/(m^2 um),value_si=value_native*1e8/(wavelength_um^2),2732.0,3.6603221083455346,0.98934257,6.5943e-11,0.000492186946032,0.0,0.0,0.0,0.0,,,0.0,0.0,,6.5943e-11,0.000492186946032
mwir_std_thermal,D:\HwaSimIR\HwaSim_IR\Bin\Config\Atmosphere\MODTRAN\raw\audit_mwir_standard_20260906\mwir_std_thermal\MODOUT2.txt,W/(cm^2 sr cm^-1),W/(cm^2 cm^-1),W/(m^2 sr um),W/(m^2 um),value_si=value_native*1e8/(wavelength_um^2),2733.0,3.658982802780827,0.99251497,3.9801e-11,0.000297285171489,0.0,0.0,0.0,0.0,,,0.0,0.0,,3.9801e-11,0.000297285171489
mwir_std_thermal,D:\HwaSimIR\HwaSim_IR\Bin\Config\Atmosphere\MODTRAN\raw\audit_mwir_standard_20260906\mwir_std_thermal\MODOUT2.txt,W/(cm^2 sr cm^-1),W/(cm^2 cm^-1),W/(m^2 sr um),W/(m^2 um),value_si=value_native*1e8/(wavelength_um^2),2734.0,3.6576444769568397,0.99267805,3.8212e-11,0.00028562537627200007,0.0,0.0,0.0,0.0,,,0.0,0.0,,3.8212e-11,0.00028562537627200007
mwir_std_thermal,D:\HwaSimIR\HwaSim_IR\Bin\Config\Atmosphere\MODTRAN\raw\audit_mwir_standard_20260906\mwir_std_thermal\MODOUT2.txt,W/(cm^2 sr cm^-1),W/(cm^2 cm^-1),W/(m^2 sr um),W/(m^2 um),value_si=value_native*1e8/(wavelength_um^2),2735.0,3.656307129798903,0.99396813,3.3758e-11,0.00025251743555,0.0,0.0,0.0,0.0,,,0.0,0.0,,3.3758e-11,0.00025251743555
mwir_std_thermal,D:\HwaSimIR\HwaSim_IR\Bin\Config\Atmosphere\MODTRAN\raw\audit_mwir_standard_20260906\mwir_std_thermal\MODOUT2.txt,W/(cm^2 sr cm^-1),W/(cm^2 cm^-1),W/(m^2 sr um),W/(m^2 um),value_si=value_native*1e8/(wavelength_um^2),2736.0,3.654970760233918,0.97928947,1.1951e-10,0.0008946155289600001,0.0,0.0,0.0,0.0,,,0.0,0.0,,1.1951e-10,0.0008946155289600001
mwir_std_thermal,D:\HwaSimIR\HwaSim_IR\Bin\Config\Atmosphere\MODTRAN\raw\audit_mwir_standard_20260906\mwir_std_thermal\MODOUT2.txt,W/(cm^2 sr cm^-1),W/(cm^2 cm^-1),W/(m^2 sr um),W/(m^2 um),value_si=value_native*1e8/(wavelength_um^2),2737.0,3.6536353671903545,0.97342372,1.5309e-10,0.0011468230622100001,0.0,0.0,0.0,0.0,,,0.0,0.0,,1.5309e-10,0.0011468230622100001
mwir_std_thermal,D:\HwaSimIR\HwaSim_IR\Bin\Config\Atmosphere\MODTRAN\raw\audit_mwir_standard_20260906\mwir_std_thermal\MODOUT2.txt,W/(cm^2 sr cm^-1),W/(cm^2 cm^-1),W/(m^2 sr um),W/(m^2 um),value_si=value_native*1e8/(wavelength_um^2),2738.0,3.652300949598247,0.9717108,1.6211e-10,0.00121528095884,0.0,0.0,0.0,0.0,,,0.0,0.0,,1.6211e-10,0.00121528095884
mwir_std_thermal,D:\HwaSimIR\HwaSim_IR\Bin\Config\Atmosphere\MODTRAN\raw\audit_mwir_standard_20260906\mwir_std_thermal\MODOUT2.txt,W/(cm^2 sr cm^-1),W/(cm^2 cm^-1),W/(m^2 sr um),W/(m^2 um),value_si=value_native*1e8/(wavelength_um^2),2739.0,3.6509675063891933,0.92820638,4.0323e-10,0.00302508025083,0.0,0.0,0.0,0.0,,,0.0,0.0,,4.0323e-10,0.00302508025083
mwir_std_thermal,D:\HwaSimIR\HwaSim_IR\Bin\Config\Atmosphere\MODTRAN\raw\audit_mwir_standard_20260906\mwir_std_thermal\MODOUT2.txt,W/(cm^2 sr cm^-1),W/(cm^2 cm^-1),W/(m^2 sr um),W/(m^2 um),value_si=value_native*1e8/(wavelength_um^2),2740.0,3.6496350364963503,0.99168205,4.6547e-11,0.00034945625719999996,0.0,0.0,0.0,0.0,,,0.0,0.0,,4.6547e-11,0.00034945625719999996
mwir_std_thermal,D:\HwaSimIR\HwaSim_IR\Bin\Config\Atmosphere\MODTRAN\raw\audit_mwir_standard_20260906\mwir_std_thermal\MODOUT2.txt,W/(cm^2 sr cm^-1),W/(cm^2 cm^-1),W/(m^2 sr um),W/(m^2 um),value_si=value_native*1e8/(wavelength_um^2),2741.0,3.6483035388544325,0.95038795,2.2161e-10,0.0016649738804100003,0.0,0.0,0.0,0.0,,,0.0,0.0,,2.2161e-10,0.0016649738804100003
mwir_std_thermal,D:\HwaSimIR\HwaSim_IR\Bin\Config\Atmosphere\MODTRAN\raw\audit_mwir_standard_20260906\mwir_std_thermal\MODOUT2.txt,W/(cm^2 sr cm^-1),W/(cm^2 cm^-1),W/(m^2 sr um),W/(m^2 um),value_si=value_native*1e8/(wavelength_um^2),2742.0,3.6469730123997084,0.89159161,4.962e-10,0.0037307114567999996,0.0,0.0,0.0,0.0,,,0.0,0.0,,4.962e-10,0.0037307114567999996
mwir_std_thermal,D:\HwaSimIR\HwaSim_IR\Bin\Config\Atmosphere\MODTRAN\raw\audit_mwir_standard_20260906\mwir_std_thermal\MODOUT2.txt,W/(cm^2 sr cm^-1),W/(cm^2 cm^-1),W/(m^2 sr um),W/(m^2 um),value_si=value_native*1e8/(wavelength_um^2),2743.0,3.645643456069996,0.95354068,2.1252e-10,0.0015990108934800002,0.0,0.0,0.0,0.0,,,0.0,0.0,,2.1252e-10,0.0015990108934800002
mwir_std_thermal,D:\HwaSimIR\HwaSim_IR\Bin\Config\Atmosphere\MODTRAN\raw\audit_mwir_standard_20260906\mwir_std_thermal\MODOUT2.txt,W/(cm^2 sr cm^-1),W/(cm^2 cm^-1),W/(m^2 sr um),W/(m^2 um),value_si=value_native*1e8/(wavelength_um^2),2744.0,3.6443148688046647,0.98127168,1.0217e-10,0.0007692926931199999,0.0,0.0,0.0,0.0,,,0.0,0.0,,1.0217e-10,0.0007692926931199999
mwir_std_thermal,D:\HwaSimIR\HwaSim_IR\Bin\Config\Atmosphere\MODTRAN\raw\audit_mwir_standard_20260906\mwir_std_thermal\MODOUT2.txt,W/(cm^2 sr cm^-1),W/(cm^2 cm^-1),W/(m^2 sr um),W/(m^2 um),value_si=value_native*1e8/(wavelength_um^2),2745.0,3.6429872495446265,0.99205303,4.3475e-11,0.000327585211875,0.0,0.0,0.0,0.0,,,0.0,0.0,,4.3475e-11,0.000327585211875
mwir_std_thermal,D:\HwaSimIR\HwaSim_IR\Bin\Config\Atmosphere\MODTRAN\raw\audit_mwir_standard_20260906\mwir_std_thermal\MODOUT2.txt,W/(cm^2 sr cm^-1),W/(cm^2 cm^-1),W/(m^2 sr um),W/(m^2 um),value_si=value_native*1e8/(wavelength_um^2),2746.0,3.641660597232338,0.98995084,4.9933e-11,0.00037652058542799995,0.0,0.0,0.0,0.0,,,0.0,0.0,,4.9933e-11,0.00037652058542799995
mwir_std_thermal,D:\HwaSimIR\HwaSim_IR\Bin\Config\Atmosphere\MODTRAN\raw\audit_mwir_standard_20260906\mwir_std_thermal\MODOUT2.txt,W/(cm^2 sr cm^-1),W/(cm^2 cm^-1),W/(m^2 sr um),W/(m^2 um),value_si=value_native*1e8/(wavelength_um^2),2747.0,3.6403349108117946,0.9786213,1.1242e-10,0.00084832233178,0.0,0.0,0.0,0.0,,,0.0,0.0,,1.1242e-10,0.00084832233178
mwir_std_thermal,D:\HwaSimIR\HwaSim_IR\Bin\Config\Atmosphere\MODTRAN\raw\audit_mwir_standard_20260906\mwir_std_thermal\MODOUT2.txt,W/(cm^2 sr cm^-1),W/(cm^2 cm^-1),W/(m^2 sr um),W/(m^2 um),value_si=value_native*1e8/(wavelength_um^2),2748.0,3.63901018922853,0.98569059,7.3438e-11,0.000554567350752,0.0,0.0,0.0,0.0,,,0.0,0.0,,7.3438e-11,0.000554567350752
mwir_std_thermal,D:\HwaSimIR\HwaSim_IR\Bin\Config\Atmosphere\MODTRAN\raw\audit_mwir_standard_20260906\mwir_std_thermal\MODOUT2.txt,W/(cm^2 sr cm^-1),W/(cm^2 cm^-1),W/(m^2 sr um),W/(m^2 um),value_si=value_native*1e8/(wavelength_um^2),2749.0,3.6376864314296107,0.98488289,7.0497e-11,0.000532745899497,0.0,0.0,0.0,0.0,,,0.0,0.0,,7.0497e-11,0.000532745899497
mwir_std_thermal,D:\HwaSimIR\HwaSim_IR\Bin\Config\Atmosphere\MODTRAN\raw\audit_mwir_standard_20260906\mwir_std_thermal\MODOUT2.txt,W/(cm^2 sr cm^-1),W/(cm^2 cm^-1),W/(m^2 sr um),W/(m^2 um),value_si=value_native*1e8/(wavelength_um^2),2750.0,3.6363636363636362,0.97816867,1.0918e-10,0.0008256737500000001,0.0,0.0,0.0,0.0,,,0.0,0.0,,1.0918e-10,0.0008256737500000001
mwir_std_thermal,D:\HwaSimIR\HwaSim_IR\Bin\Config\Atmosphere\MODTRAN\raw\audit_mwir_standard_20260906\mwir_std_thermal\MODOUT2.txt,W/(cm^2 sr cm^-1),W/(cm^2 cm^-1),W/(m^2 sr um),W/(m^2 um),value_si=value_native*1e8/(wavelength_um^2),2751.0,3.635041802980734,0.92053908,4.1803e-10,0.00316365145803,0.0,0.0,0.0,0.0,,,0.0,0.0,,4.1803e-10,0.00316365145803
mwir_std_thermal,D:\HwaSimIR\HwaSim_IR\Bin\Config\Atmosphere\MODTRAN\raw\audit_mwir_standard_20260906\mwir_std_thermal\MODOUT2.txt,W/(cm^2 sr cm^-1),W/(cm^2 cm^-1),W/(m^2 sr um),W/(m^2 um),value_si=value_native*1e8/(wavelength_um^2),2752.0,3.633720930232558,0.98034817,1.0901e-10,0.00082558767104,0.0,0.0,0.0,0.0,,,0.0,0.0,,1.0901e-10,0.00082558767104
mwir_std_thermal,D:\HwaSimIR\HwaSim_IR\Bin\Config\Atmosphere\MODTRAN\raw\audit_mwir_standard_20260906\mwir_std_thermal\MODOUT2.txt,W/(cm^2 sr cm^-1),W/(cm^2 cm^-1),W/(m^2 sr um),W/(m^2 um),value_si=value_native*1e8/(wavelength_um^2),2753.0,3.6324010170722847,0.97302365,1.4586e-10,0.00110547425274,0.0,0.0,0.0,0.0,,,0.0,0.0,,1.4586e-10,0.00110547425274
mwir_std_thermal,D:\HwaSimIR\HwaSim_IR\Bin\Config\Atmosphere\MODTRAN\raw\audit_mwir_standard_20260906\mwir_std_thermal\MODOUT2.txt,W/(cm^2 sr cm^-1),W/(cm^2 cm^-1),W/(m^2 sr um),W/(m^2 um),value_si=value_native*1e8/(wavelength_um^2),2754.0,3.6310820624546114,0.92315775,3.9088e-10,0.00296463561408,0.0,0.0,0.0,0.0,,,0.0,0.0,,3.9088e-10,0.00296463561408
mwir_std_thermal,D:\HwaSimIR\HwaSim_IR\Bin\Config\Atmosphere\MODTRAN\raw\audit_mwir_standard_20260906\mwir_std_thermal\MODOUT2.txt,W/(cm^2 sr cm^-1),W/(cm^2 cm^-1),W/(m^2 sr um),W/(m^2 um),value_si=value_native*1e8/(wavelength_um^2),2755.0,3.629764065335753,0.99405456,3.1443e-11,0.00023865315607499998,0.0,0.0,0.0,0.0,,,0.0,0.0,,3.1443e-11,0.00023865315607499998
mwir_std_thermal,D:\HwaSimIR\HwaSim_IR\Bin\Config\Atmosphere\MODTRAN\raw\audit_mwir_standard_20260906\mwir_std_thermal\MODOUT2.txt,W/(cm^2 sr cm^-1),W/(cm^2 cm^-1),W/(m^2 sr um),W/(m^2 um),value_si=value_native*1e8/(wavelength_um^2),2756.0,3.6284470246734397,0.9606939,1.7459e-10,0.00132610463024,0.0,0.0,0.0,0.0,,,0.0,0.0,,1.7459e-10,0.00132610463024
mwir_std_thermal,D:\HwaSimIR\HwaSim_IR\Bin\Config\Atmosphere\MODTRAN\raw\audit_mwir_standard_20260906\mwir_std_thermal\MODOUT2.txt,W/(cm^2 sr cm^-1),W/(cm^2 cm^-1),W/(m^2 sr um),W/(m^2 um),value_si=value_native*1e8/(wavelength_um^2),2757.0,3.6271309394269133,0.89019489,5.2966e-10,0.00402597161334,0.0,0.0,0.0,0.0,,,0.0,0.0,,5.2966e-10,0.00402597161334
mwir_std_thermal,D:\HwaSimIR\HwaSim_IR\Bin\Config\Atmosphere\MODTRAN\raw\audit_mwir_standard_20260906\mwir_std_thermal\MODOUT2.txt,W/(cm^2 sr cm^-1),W/(cm^2 cm^-1),W/(m^2 sr um),W/(m^2 um),value_si=value_native*1e8/(wavelength_um^2),2758.0,3.625815808556925,0.92855561,3.1527e-10,0.00239812143228,0.0,0.0,0.0,0.0,,,0.0,0.0,,3.1527e-10,0.00239812143228
mwir_std_thermal,D:\HwaSimIR\HwaSim_IR\Bin\Config\Atmosphere\MODTRAN\raw\audit_mwir_standard_20260906\mwir_std_thermal\MODOUT2.txt,W/(cm^2 sr cm^-1),W/(cm^2 cm^-1),W/(m^2 sr um),W/(m^2 um),value_si=value_native*1e8/(wavelength_um^2),2759.0,3.624501631025734,0.98237365,8.9225e-11,0.0006791879272250001,0.0,0.0,0.0,0.0,,,0.0,0.0,,8.9225e-11,0.0006791879272250001
mwir_std_thermal,D:\HwaSimIR\HwaSim_IR\Bin\Config\Atmosphere\MODTRAN\raw\audit_mwir_standard_20260906\mwir_std_thermal\MODOUT2.txt,W/(cm^2 sr cm^-1),W/(cm^2 cm^-1),W/(m^2 sr um),W/(m^2 um),value_si=value_native*1e8/(wavelength_um^2),2760.0,3.6231884057971016,0.98832321,5.4224e-11,0.0004130567424,0.0,0.0,0.0,0.0,,,0.0,0.0,,5.4224e-11,0.0004130567424
mwir_std_thermal,D:\HwaSimIR\HwaSim_IR\Bin\Config\Atmosphere\MODTRAN\raw\audit_mwir_standard_20260906\mwir_std_thermal\MODOUT2.txt,W/(cm^2 sr cm^-1),W/(cm^2 cm^-1),W/(m^2 sr um),W/(m^2 um),value_si=value_native*1e8/(wavelength_um^2),2761.0,3.621876131836291,0.98429817,6.9359e-11,0.0005287320494390001,0.0,0.0,0.0,0.0,,,0.0,0.0,,6.9359e-11,0.0005287320494390001
mwir_std_thermal,D:\HwaSimIR\HwaSim_IR\Bin\Config\Atmosphere\MODTRAN\raw\audit_mwir_standard_20260906\mwir_std_thermal\MODOUT2.txt,W/(cm^2 sr cm^-1),W/(cm^2 cm^-1),W/(m^2 sr um),W/(m^2 um),value_si=value_native*1e8/(wavelength_um^2),2762.0,3.620564808110065,0.9829545,8.0208e-11,0.000611878277952,0.0,0.0,0.0,0.0,,,0.0,0.0,,8.0208e-11,0.000611878277952
mwir_std_thermal,D:\HwaSimIR\HwaSim_IR\Bin\Config\Atmosphere\MODTRAN\raw\audit_mwir_standard_20260906\mwir_std_thermal\MODOUT2.txt,W/(cm^2 sr cm^-1),W/(cm^2 cm^-1),W/(m^2 sr um),W/(m^2 um),value_si=value_native*1e8/(wavelength_um^2),2763.0,3.619254433586681,0.98802722,5.5911e-11,0.00042683402295900006,0.0,0.0,0.0,0.0,,,0.0,0.0,,5.5911e-11,0.00042683402295900006
mwir_std_thermal,D:\HwaSimIR\HwaSim_IR\Bin\Config\Atmosphere\MODTRAN\raw\audit_mwir_standard_20260906\mwir_std_thermal\MODOUT2.txt,W/(cm^2 sr cm^-1),W/(cm^2 cm^-1),W/(m^2 sr um),W/(m^2 um),value_si=value_native*1e8/(wavelength_um^2),2764.0,3.61794500723589,0.98443669,7.8762e-11,0.000601717736352,0.0,0.0,0.0,0.0,,,0.0,0.0,,7.8762e-11,0.000601717736352
mwir_std_thermal,D:\HwaSimIR\HwaSim_IR\Bin\Config\Atmosphere\MODTRAN\raw\audit_mwir_standard_20260906\mwir_std_thermal\MODOUT2.txt,W/(cm^2 sr cm^-1),W/(cm^2 cm^-1),W/(m^2 sr um),W/(m^2 um),value_si=value_native*1e8/(wavelength_um^2),2765.0,3.616636528028933,0.91383988,4.2624e-10,0.003258700704,0.0,0.0,0.0,0.0,,,0.0,0.0,,4.2624e-10,0.003258700704
mwir_std_thermal,D:\HwaSimIR\HwaSim_IR\Bin\Config\Atmosphere\MODTRAN\raw\audit_mwir_standard_20260906\mwir_std_thermal\MODOUT2.txt,W/(cm^2 sr cm^-1),W/(cm^2 cm^-1),W/(m^2 sr um),W/(m^2 um),value_si=value_native*1e8/(wavelength_um^2),2766.0,3.6153289949385394,0.99078172,4.5687e-11,0.000349540089372,0.0,0.0,0.0,0.0,,,0.0,0.0,,4.5687e-11,0.000349540089372
mwir_std_thermal,D:\HwaSimIR\HwaSim_IR\Bin\Config\Atmosphere\MODTRAN\raw\audit_mwir_standard_20260906\mwir_std_thermal\MODOUT2.txt,W/(cm^2 sr cm^-1),W/(cm^2 cm^-1),W/(m^2 sr um),W/(m^2 um),value_si=value_native*1e8/(wavelength_um^2),2767.0,3.614022406938923,0.88802177,5.5357e-10,0.0042382919017300005,0.0,0.0,0.0,0.0,,,0.0,0.0,,5.5357e-10,0.0042382919017300005
mwir_std_thermal,D:\HwaSimIR\HwaSim_IR\Bin\Config\Atmosphere\MODTRAN\raw\audit_mwir_standard_20260906\mwir_std_thermal\MODOUT2.txt,W/(cm^2 sr cm^-1),W/(cm^2 cm^-1),W/(m^2 sr um),W/(m^2 um),value_si=value_native*1e8/(wavelength_um^2),2768.0,3.61271676300578,0.95594478,2.003e-10,0.0015346633472,0.0,0.0,0.0,0.0,,,0.0,0.0,,2.003e-10,0.0015346633472
mwir_std_thermal,D:\HwaSimIR\HwaSim_IR\Bin\Config\Atmosphere\MODTRAN\raw\audit_mwir_standard_20260906\mwir_std_thermal\MODOUT2.txt,W/(cm^2 sr cm^-1),W/(cm^2 cm^-1),W/(m^2 sr um),W/(m^2 um),value_si=value_native*1e8/(wavelength_um^2),2769.0,3.6114120621162873,0.93886292,2.9768e-10,0.00228242002248,0.0,0.0,0.0,0.0,,,0.0,0.0,,2.9768e-10,0.00228242002248
mwir_std_thermal,D:\HwaSimIR\HwaSim_IR\Bin\Config\Atmosphere\MODTRAN\raw\audit_mwir_standard_20260906\mwir_std_thermal\MODOUT2.txt,W/(cm^2 sr cm^-1),W/(cm^2 cm^-1),W/(m^2 sr um),W/(m^2 um),value_si=value_native*1e8/(wavelength_um^2),2770.0,3.6101083032490973,0.94198918,2.8789e-10,0.002208951181,0.0,0.0,0.0,0.0,,,0.0,0.0,,2.8789e-10,0.002208951181
mwir_std_thermal,D:\HwaSimIR\HwaSim_IR\Bin\Config\Atmosphere\MODTRAN\raw\audit_mwir_standard_20260906\mwir_std_thermal\MODOUT2.txt,W/(cm^2 sr cm^-1),W/(cm^2 cm^-1),W/(m^2 sr um),W/(m^2 um),value_si=value_native*1e8/(wavelength_um^2),2771.0,3.608805485384338,0.97851831,9.7284e-11,0.000746989454244,0.0,0.0,0.0,0.0,,,0.0,0.0,,9.7284e-11,0.000746989454244
mwir_std_thermal,D:\HwaSimIR\HwaSim_IR\Bin\Config\Atmosphere\MODTRAN\raw\audit_mwir_standard_20260906\mwir_std_thermal\MODOUT2.txt,W/(cm^2 sr cm^-1),W/(cm^2 cm^-1),W/(m^2 sr um),W/(m^2 um),value_si=value_native*1e8/(wavelength_um^2),2772.0,3.6075036075036073,0.81432515,7.9724e-10,0.006125979404160001,0.0,0.0,0.0,0.0,,,0.0,0.0,,7.9724e-10,0.006125979404160001
mwir_std_thermal,D:\HwaSimIR\HwaSim_IR\Bin\Config\Atmosphere\MODTRAN\raw\audit_mwir_standard_20260906\mwir_std_thermal\MODOUT2.txt,W/(cm^2 sr cm^-1),W/(cm^2 cm^-1),W/(m^2 sr um),W/(m^2 um),value_si=value_native*1e8/(wavelength_um^2),2773.0,3.6062026685899746,0.93580055,2.6552e-10,0.0020417237400800004,0.0,0.0,0.0,0.0,,,0.0,0.0,,2.6552e-10,0.0020417237400800004
mwir_std_thermal,D:\HwaSimIR\HwaSim_IR\Bin\Config\Atmosphere\MODTRAN\raw\audit_mwir_standard_20260906\mwir_std_thermal\MODOUT2.txt,W/(cm^2 sr cm^-1),W/(cm^2 cm^-1),W/(m^2 sr um),W/(m^2 um),value_si=value_native*1e8/(wavelength_um^2),2774.0,3.604902667627974,0.9560163,1.7802e-10,0.0013698774295200001,0.0,0.0,0.0,0.0,,,0.0,0.0,,1.7802e-10,0.0013698774295200001
mwir_std_thermal,D:\HwaSimIR\HwaSim_IR\Bin\Config\Atmosphere\MODTRAN\raw\audit_mwir_standard_20260906\mwir_std_thermal\MODOUT2.txt,W/(cm^2 sr cm^-1),W/(cm^2 cm^-1),W/(m^2 sr um),W/(m^2 um),value_si=value_native*1e8/(wavelength_um^2),2775.0,3.6036036036036037,0.98733145,5.4656e-11,0.00042088536,0.0,0.0,0.0,0.0,,,0.0,0.0,,5.4656e-11,0.00042088536
mwir_std_thermal,D:\HwaSimIR\HwaSim_IR\Bin\Config\Atmosphere\MODTRAN\raw\audit_mwir_standard_20260906\mwir_std_thermal\MODOUT2.txt,W/(cm^2 sr cm^-1),W/(cm^2 cm^-1),W/(m^2 sr um),W/(m^2 um),value_si=value_native*1e8/(wavelength_um^2),2776.0,3.602305475504323,0.98758006,5.4672e-11,0.000421312054272,0.0,0.0,0.0,0.0,,,0.0,0.0,,5.4672e-11,0.000421312054272
mwir_std_thermal,D:\HwaSimIR\HwaSim_IR\Bin\Config\Atmosphere\MODTRAN\raw\audit_mwir_standard_20260906\mwir_std_thermal\MODOUT2.txt,W/(cm^2 sr cm^-1),W/(cm^2 cm^-1),W/(m^2 sr um),W/(m^2 um),value_si=value_native*1e8/(wavelength_um^2),2777.0,3.6010082823190492,0.896608,4.8708e-10,0.00375622896132,0.0,0.0,0.0,0.0,,,0.0,0.0,,4.8708e-10,0.00375622896132
mwir_std_thermal,D:\HwaSimIR\HwaSim_IR\Bin\Config\Atmosphere\MODTRAN\raw\audit_mwir_standard_20260906\mwir_std_thermal\MODOUT2.txt,W/(cm^2 sr cm^-1),W/(cm^2 cm^-1),W/(m^2 sr um),W/(m^2 um),value_si=value_native*1e8/(wavelength_um^2),2778.0,3.599712023038157,0.97252154,1.2575e-10,0.000970448463,0.0,0.0,0.0,0.0,,,0.0,0.0,,1.2575e-10,0.000970448463
mwir_std_thermal,D:\HwaSimIR\HwaSim_IR\Bin\Config\Atmosphere\MODTRAN\raw\audit_mwir_standard_20260906\mwir_std_thermal\MODOUT2.txt,W/(cm^2 sr cm^-1),W/(cm^2 cm^-1),W/(m^2 sr um),W/(m^2 um),value_si=value_native*1e8/(wavelength_um^2),2779.0,3.5984166966534725,0.97808945,9.2729e-11,0.0007161313230890001,0.0,0.0,0.0,0.0,,,0.0,0.0,,9.2729e-11,0.0007161313230890001
mwir_std_thermal,D:\HwaSimIR\HwaSim_IR\Bin\Config\Atmosphere\MODTRAN\raw\audit_mwir_standard_20260906\mwir_std_thermal\MODOUT2.txt,W/(cm^2 sr cm^-1),W/(cm^2 cm^-1),W/(m^2 sr um),W/(m^2 um),value_si=value_native*1e8/(wavelength_um^2),2780.0,3.597122302158273,0.89254588,5.0427e-10,0.0038972002679999998,0.0,0.0,0.0,0.0,,,0.0,0.0,,5.0427e-10,0.0038972002679999998
mwir_std_thermal,D:\HwaSimIR\HwaSim_IR\Bin\Config\Atmosphere\MODTRAN\raw\audit_mwir_standard_20260906\mwir_std_thermal\MODOUT2.txt,W/(cm^2 sr cm^-1),W/(cm^2 cm^-1),W/(m^2 sr um),W/(m^2 um),value_si=value_native*1e8/(wavelength_um^2),2781.0,3.595828838547285,0.9710896,1.2004e-10,0.0009283846784400001,0.0,0.0,0.0,0.0,,,0.0,0.0,,1.2004e-10,0.0009283846784400001
mwir_std_thermal,D:\HwaSimIR\HwaSim_IR\Bin\Config\Atmosphere\MODTRAN\raw\audit_mwir_standard_20260906\mwir_std_thermal\MODOUT2.txt,W/(cm^2 sr cm^-1),W/(cm^2 cm^-1),W/(m^2 sr um),W/(m^2 um),value_si=value_native*1e8/(wavelength_um^2),2782.0,3.5945363048166787,0.98227245,7.9408e-11,0.000614580121792,0.0,0.0,0.0,0.0,,,0.0,0.0,,7.9408e-11,0.000614580121792
mwir_std_thermal,D:\HwaSimIR\HwaSim_IR\Bin\Config\Atmosphere\MODTRAN\raw\audit_mwir_standard_20260906\mwir_std_thermal\MODOUT2.txt,W/(cm^2 sr cm^-1),W/(cm^2 cm^-1),W/(m^2 sr um),W/(m^2 um),value_si=value_native*1e8/(wavelength_um^2),2783.0,3.5932446999640675,0.87226081,5.9744e-10,0.00462722597216,0.0,0.0,0.0,0.0,,,0.0,0.0,,5.9744e-10,0.00462722597216
mwir_std_thermal,D:\HwaSimIR\HwaSim_IR\Bin\Config\Atmosphere\MODTRAN\raw\audit_mwir_standard_20260906\mwir_std_thermal\MODOUT2.txt,W/(cm^2 sr cm^-1),W/(cm^2 cm^-1),W/(m^2 sr um),W/(m^2 um),value_si=value_native*1e8/(wavelength_um^2),2784.0,3.5919540229885056,0.94324625,2.3261e-10,0.00180288009216,0.0,0.0,0.0,0.0,,,0.0,0.0,,2.3261e-10,0.00180288009216
mwir_std_thermal,D:\HwaSimIR\HwaSim_IR\Bin\Config\Atmosphere\MODTRAN\raw\audit_mwir_standard_20260906\mwir_std_thermal\MODOUT2.txt,W/(cm^2 sr cm^-1),W/(cm^2 cm^-1),W/(m^2 sr um),W/(m^2 um),value_si=value_native*1e8/(wavelength_um^2),2785.0,3.5906642728904847,0.96658313,1.4353e-10,0.00111325097425,0.0,0.0,0.0,0.0,,,0.0,0.0,,1.4353e-10,0.00111325097425
mwir_std_thermal,D:\HwaSimIR\HwaSim_IR\Bin\Config\Atmosphere\MODTRAN\raw\audit_mwir_standard_20260906\mwir_std_thermal\MODOUT2.txt,W/(cm^2 sr cm^-1),W/(cm^2 cm^-1),W/(m^2 sr um),W/(m^2 um),value_si=value_native*1e8/(wavelength_um^2),2786.0,3.589375448671931,0.92085534,3.5748e-10,0.00277468683408,0.0,0.0,0.0,0.0,,,0.0,0.0,,3.5748e-10,0.00277468683408
mwir_std_thermal,D:\HwaSimIR\HwaSim_IR\Bin\Config\Atmosphere\MODTRAN\raw\audit_mwir_standard_20260906\mwir_std_thermal\MODOUT2.txt,W/(cm^2 sr cm^-1),W/(cm^2 cm^-1),W/(m^2 sr um),W/(m^2 um),value_si=value_native*1e8/(wavelength_um^2),2787.0,3.588087549336204,0.90159327,4.4047e-10,0.00342129302343,0.0,0.0,0.0,0.0,,,0.0,0.0,,4.4047e-10,0.00342129302343
mwir_std_thermal,D:\HwaSimIR\HwaSim_IR\Bin\Config\Atmosphere\MODTRAN\raw\audit_mwir_standard_20260906\mwir_std_thermal\MODOUT2.txt,W/(cm^2 sr cm^-1),W/(cm^2 cm^-1),W/(m^2 sr um),W/(m^2 um),value_si=value_native*1e8/(wavelength_um^2),2788.0,3.586800573888092,0.93357307,2.6039e-10,0.00202399688816,0.0,0.0,0.0,0.0,,,0.0,0.0,,2.6039e-10,0.00202399688816
mwir_std_thermal,D:\HwaSimIR\HwaSim_IR\Bin\Config\Atmosphere\MODTRAN\raw\audit_mwir_standard_20260906\mwir_std_thermal\MODOUT2.txt,W/(cm^2 sr cm^-1),W/(cm^2 cm^-1),W/(m^2 sr um),W/(m^2 um),value_si=value_native*1e8/(wavelength_um^2),2789.0,3.5855145213338115,0.90499121,3.8196e-10,0.00297108388116,0.0,0.0,0.0,0.0,,,0.0,0.0,,3.8196e-10,0.00297108388116
mwir_std_thermal,D:\HwaSimIR\HwaSim_IR\Bin\Config\Atmosphere\MODTRAN\raw\audit_mwir_standard_20260906\mwir_std_thermal\MODOUT2.txt,W/(cm^2 sr cm^-1),W/(cm^2 cm^-1),W/(m^2 sr um),W/(m^2 um),value_si=value_native*1e8/(wavelength_um^2),2790.0,3.5842293906810037,0.89708322,4.3799e-10,0.0034093579589999997,0.0,0.0,0.0,0.0,,,0.0,0.0,,4.3799e-10,0.0034093579589999997
mwir_std_thermal,D:\HwaSimIR\HwaSim_IR\Bin\Config\Atmosphere\MODTRAN\raw\audit_mwir_standard_20260906\mwir_std_thermal\MODOUT2.txt,W/(cm^2 sr cm^-1),W/(cm^2 cm^-1),W/(m^2 sr um),W/(m^2 um),value_si=value_native*1e8/(wavelength_um^2),2791.0,3.5829451809387316,0.9649415,1.4418e-10,0.0011231162065800002,0.0,0.0,0.0,0.0,,,0.0,0.0,,1.4418e-10,0.0011231162065800002
mwir_std_thermal,D:\HwaSimIR\HwaSim_IR\Bin\Config\Atmosphere\MODTRAN\raw\audit_mwir_standard_20260906\mwir_std_thermal\MODOUT2.txt,W/(cm^2 sr cm^-1),W/(cm^2 cm^-1),W/(m^2 sr um),W/(m^2 um),value_si=value_native*1e8/(wavelength_um^2),2792.0,3.5816618911174785,0.83693445,6.5012e-10,0.00506785703168,0.0,0.0,0.0,0.0,,,0.0,0.0,,6.5012e-10,0.00506785703168
mwir_std_thermal,D:\HwaSimIR\HwaSim_IR\Bin\Config\Atmosphere\MODTRAN\raw\audit_mwir_standard_20260906\mwir_std_thermal\MODOUT2.txt,W/(cm^2 sr cm^-1),W/(cm^2 cm^-1),W/(m^2 sr um),W/(m^2 um),value_si=value_native*1e8/(wavelength_um^2),2793.0,3.5803795202291444,0.97083306,1.1241e-10,0.0008768934360900001,0.0,0.0,0.0,0.0,,,0.0,0.0,,1.1241e-10,0.0008768934360900001
mwir_std_thermal,D:\HwaSimIR\HwaSim_IR\Bin\Config\Atmosphere\MODTRAN\raw\audit_mwir_standard_20260906\mwir_std_thermal\MODOUT2.txt,W/(cm^2 sr cm^-1),W/(cm^2 cm^-1),W/(m^2 sr um),W/(m^2 um),value_si=value_native*1e8/(wavelength_um^2),2794.0,3.5790980672870436,0.97158802,1.0767e-10,0.00084051896412,0.0,0.0,0.0,0.0,,,0.0,0.0,,1.0767e-10,0.00084051896412
mwir_std_thermal,D:\HwaSimIR\HwaSim_IR\Bin\Config\Atmosphere\MODTRAN\raw\audit_mwir_standard_20260906\mwir_std_thermal\MODOUT2.txt,W/(cm^2 sr cm^-1),W/(cm^2 cm^-1),W/(m^2 sr um),W/(m^2 um),value_si=value_native*1e8/(wavelength_um^2),2795.0,3.5778175313059033,0.95776355,1.6145e-10,0.00126125143625,0.0,0.0,0.0,0.0,,,0.0,0.0,,1.6145e-10,0.00126125143625
mwir_std_thermal,D:\HwaSimIR\HwaSim_IR\Bin\Config\Atmosphere\MODTRAN\raw\audit_mwir_standard_20260906\mwir_std_thermal\MODOUT2.txt,W/(cm^2 sr cm^-1),W/(cm^2 cm^-1),W/(m^2 sr um),W/(m^2 um),value_si=value_native*1e8/(wavelength_um^2),2796.0,3.57653791130186,0.91386759,3.6787e-10,0.00287586639792,0.0,0.0,0.0,0.0,,,0.0,0.0,,3.6787e-10,0.00287586639792
mwir_std_thermal,D:\HwaSimIR\HwaSim_IR\Bin\Config\Atmosphere\MODTRAN\raw\audit_mwir_standard_20260906\mwir_std_thermal\MODOUT2.txt,W/(cm^2 sr cm^-1),W/(cm^2 cm^-1),W/(m^2 sr um),W/(m^2 um),value_si=value_native*1e8/(wavelength_um^2),2797.0,3.5752592062924564,0.89313102,4.3037e-10,0.0033668744573299996,0.0,0.0,0.0,0.0,,,0.0,0.0,,4.3037e-10,0.0033668744573299996
mwir_std_thermal,D:\HwaSimIR\HwaSim_IR\Bin\Config\Atmosphere\MODTRAN\raw\audit_mwir_standard_20260906\mwir_std_thermal\MODOUT2.txt,W/(cm^2 sr cm^-1),W/(cm^2 cm^-1),W/(m^2 sr um),W/(m^2 um),value_si=value_native*1e8/(wavelength_um^2),2798.0,3.5739814152966405,0.86321884,5.1778e-10,0.0040535981351200005,0.0,0.0,0.0,0.0,,,0.0,0.0,,5.1778e-10,0.0040535981351200005
mwir_std_thermal,D:\HwaSimIR\HwaSim_IR\Bin\Config\Atmosphere\MODTRAN\raw\audit_mwir_standard_20260906\mwir_std_thermal\MODOUT2.txt,W/(cm^2 sr cm^-1),W/(cm^2 cm^-1),W/(m^2 sr um),W/(m^2 um),value_si=value_native*1e8/(wavelength_um^2),2799.0,3.5727045373347623,0.93485773,2.4563e-10,0.0019243639176300003,0.0,0.0,0.0,0.0,,,0.0,0.0,,2.4563e-10,0.0019243639176300003
mwir_std_thermal,D:\HwaSimIR\HwaSim_IR\Bin\Config\Atmosphere\MODTRAN\raw\audit_mwir_standard_20260906\mwir_std_thermal\MODOUT2.txt,W/(cm^2 sr cm^-1),W/(cm^2 cm^-1),W/(m^2 sr um),W/(m^2 um),value_si=value_native*1e8/(wavelength_um^2),2800.0,3.5714285714285716,0.93622386,2.4424e-10,0.0019148415999999998,0.0,0.0,0.0,0.0,,,0.0,0.0,,2.4424e-10,0.0019148415999999998
mwir_std_thermal,D:\HwaSimIR\HwaSim_IR\Bin\Config\Atmosphere\MODTRAN\raw\audit_mwir_standard_20260906\mwir_std_thermal\MODOUT2.txt,W/(cm^2 sr cm^-1),W/(cm^2 cm^-1),W/(m^2 sr um),W/(m^2 um),value_si=value_native*1e8/(wavelength_um^2),2801.0,3.5701535166012137,0.90271729,4.0136e-10,0.0031489104173600003,0.0,0.0,0.0,0.0,,,0.0,0.0,,4.0136e-10,0.0031489104173600003
mwir_std_thermal,D:\HwaSimIR\HwaSim_IR\Bin\Config\Atmosphere\MODTRAN\raw\audit_mwir_standard_20260906\mwir_std_thermal\MODOUT2.txt,W/(cm^2 sr cm^-1),W/(cm^2 cm^-1),W/(m^2 sr um),W/(m^2 um),value_si=value_native*1e8/(wavelength_um^2),2802.0,3.5688793718772307,0.91157305,3.7925e-10,0.0029775691169999998,0.0,0.0,0.0,0.0,,,0.0,0.0,,3.7925e-10,0.0029775691169999998
mwir_std_thermal,D:\HwaSimIR\HwaSim_IR\Bin\Config\Atmosphere\MODTRAN\raw\audit_mwir_standard_20260906\mwir_std_thermal\MODOUT2.txt,W/(cm^2 sr cm^-1),W/(cm^2 cm^-1),W/(m^2 sr um),W/(m^2 um),value_si=value_native*1e8/(wavelength_um^2),2803.0,3.567606136282554,0.87119257,5.006e-10,0.0039331185854,0.0,0.0,0.0,0.0,,,0.0,0.0,,5.006e-10,0.0039331185854
mwir_std_thermal,D:\HwaSimIR\HwaSim_IR\Bin\Config\Atmosphere\MODTRAN\raw\audit_mwir_standard_20260906\mwir_std_thermal\MODOUT2.txt,W/(cm^2 sr cm^-1),W/(cm^2 cm^-1),W/(m^2 sr um),W/(m^2 um),value_si=value_native*1e8/(wavelength_um^2),2804.0,3.566333808844508,0.93316811,2.4216e-10,0.00190396265856,0.0,0.0,0.0,0.0,,,0.0,0.0,,2.4216e-10,0.00190396265856
mwir_std_thermal,D:\HwaSimIR\HwaSim_IR\Bin\Config\Atmosphere\MODTRAN\raw\audit_mwir_standard_20260906\mwir_std_thermal\MODOUT2.txt,W/(cm^2 sr cm^-1),W/(cm^2 cm^-1),W/(m^2 sr um),W/(m^2 um),value_si=value_native*1e8/(wavelength_um^2),2805.0,3.5650623885918002,0.93042165,2.4245e-10,0.0019076026612499996,0.0,0.0,0.0,0.0,,,0.0,0.0,,2.4245e-10,0.0019076026612499996
mwir_std_thermal,D:\HwaSimIR\HwaSim_IR\Bin\Config\Atmosphere\MODTRAN\raw\audit_mwir_standard_20260906\mwir_std_thermal\MODOUT2.txt,W/(cm^2 sr cm^-1),W/(cm^2 cm^-1),W/(m^2 sr um),W/(m^2 um),value_si=value_native*1e8/(wavelength_um^2),2806.0,3.563791874554526,0.97511202,9.0075e-11,0.0007092177627,0.0,0.0,0.0,0.0,,,0.0,0.0,,9.0075e-11,0.0007092177627
mwir_std_thermal,D:\HwaSimIR\HwaSim_IR\Bin\Config\Atmosphere\MODTRAN\raw\audit_mwir_standard_20260906\mwir_std_thermal\MODOUT2.txt,W/(cm^2 sr cm^-1),W/(cm^2 cm^-1),W/(m^2 sr um),W/(m^2 um),value_si=value_native*1e8/(wavelength_um^2),2807.0,3.562522265764161,0.98709553,5.1482e-11,0.000405639497018,0.0,0.0,0.0,0.0,,,0.0,0.0,,5.1482e-11,0.000405639497018
mwir_std_thermal,D:\HwaSimIR\HwaSim_IR\Bin\Config\Atmosphere\MODTRAN\raw\audit_mwir_standard_20260906\mwir_std_thermal\MODOUT2.txt,W/(cm^2 sr cm^-1),W/(cm^2 cm^-1),W/(m^2 sr um),W/(m^2 um),value_si=value_native*1e8/(wavelength_um^2),2808.0,3.561253561253561,0.98692268,4.9234e-11,0.00038820339417600005,0.0,0.0,0.0,0.0,,,0.0,0.0,,4.9234e-11,0.00038820339417600005
mwir_std_thermal,D:\HwaSimIR\HwaSim_IR\Bin\Config\Atmosphere\MODTRAN\raw\audit_mwir_standard_20260906\mwir_std_thermal\MODOUT2.txt,W/(cm^2 sr cm^-1),W/(cm^2 cm^-1),W/(m^2 sr um),W/(m^2 um),value_si=value_native*1e8/(wavelength_um^2),2809.0,3.5599857600569598,0.89021164,4.1742e-10,0.0032936445790200004,0.0,0.0,0.0,0.0,,,0.0,0.0,,4.1742e-10,0.0032936445790200004
mwir_std_thermal,D:\HwaSimIR\HwaSim_IR\Bin\Config\Atmosphere\MODTRAN\raw\audit_mwir_standard_20260906\mwir_std_thermal\MODOUT2.txt,W/(cm^2 sr cm^-1),W/(cm^2 cm^-1),W/(m^2 sr um),W/(m^2 um),value_si=value_native*1e8/(wavelength_um^2),2810.0,3.5587188612099645,0.97563875,9.1826e-11,0.0007250672785999999,0.0,0.0,0.0,0.0,,,0.0,0.0,,9.1826e-11,0.0007250672785999999
mwir_std_thermal,D:\HwaSimIR\HwaSim_IR\Bin\Config\Atmosphere\MODTRAN\raw\audit_mwir_standard_20260906\mwir_std_thermal\MODOUT2.txt,W/(cm^2 sr cm^-1),W/(cm^2 cm^-1),W/(m^2 sr um),W/(m^2 um),value_si=value_native*1e8/(wavelength_um^2),2811.0,3.5574528637495555,0.93836713,2.5215e-10,0.00199241895015,0.0,0.0,0.0,0.0,,,0.0,0.0,,2.5215e-10,0.00199241895015
mwir_std_thermal,D:\HwaSimIR\HwaSim_IR\Bin\Config\Atmosphere\MODTRAN\raw\audit_mwir_standard_20260906\mwir_std_thermal\MODOUT2.txt,W/(cm^2 sr cm^-1),W/(cm^2 cm^-1),W/(m^2 sr um),W/(m^2 um),value_si=value_native*1e8/(wavelength_um^2),2812.0,3.5561877667140824,0.97089773,1.1364e-10,0.00089859057216,0.0,0.0,0.0,0.0,,,0.0,0.0,,1.1364e-10,0.00089859057216
mwir_std_thermal,D:\HwaSimIR\HwaSim_IR\Bin\Config\Atmosphere\MODTRAN\raw\audit_mwir_standard_20260906\mwir_std_thermal\MODOUT2.txt,W/(cm^2 sr cm^-1),W/(cm^2 cm^-1),W/(m^2 sr um),W/(m^2 um),value_si=value_native*1e8/(wavelength_um^2),2813.0,3.5549235691432632,0.87855506,4.7728e-10,0.003776701844320001,0.0,0.0,0.0,0.0,,,0.0,0.0,,4.7728e-10,0.003776701844320001
mwir_std_thermal,D:\HwaSimIR\HwaSim_IR\Bin\Config\Atmosphere\MODTRAN\raw\audit_mwir_standard_20260906\mwir_std_thermal\MODOUT2.txt,W/(cm^2 sr cm^-1),W/(cm^2 cm^-1),W/(m^2 sr um),W/(m^2 um),value_si=value_native*1e8/(wavelength_um^2),2814.0,3.5536602700781805,0.90253055,3.6928e-10,0.0029241791308800003,0.0,0.0,0.0,0.0,,,0.0,0.0,,3.6928e-10,0.0029241791308800003
mwir_std_thermal,D:\HwaSimIR\HwaSim_IR\Bin\Config\Atmosphere\MODTRAN\raw\audit_mwir_standard_20260906\mwir_std_thermal\MODOUT2.txt,W/(cm^2 sr cm^-1),W/(cm^2 cm^-1),W/(m^2 sr um),W/(m^2 um),value_si=value_native*1e8/(wavelength_um^2),2815.0,3.552397868561279,0.91973871,3.239e-10,0.0025666564775,0.0,0.0,0.0,0.0,,,0.0,0.0,,3.239e-10,0.0025666564775
mwir_std_thermal,D:\HwaSimIR\HwaSim_IR\Bin\Config\Atmosphere\MODTRAN\raw\audit_mwir_standard_20260906\mwir_std_thermal\MODOUT2.txt,W/(cm^2 sr cm^-1),W/(cm^2 cm^-1),W/(m^2 sr um),W/(m^2 um),value_si=value_native*1e8/(wavelength_um^2),2816.0,3.5511363636363638,0.97067624,1.0791e-10,0.00085571076096,0.0,0.0,0.0,0.0,,,0.0,0.0,,1.0791e-10,0.00085571076096
mwir_std_thermal,D:\HwaSimIR\HwaSim_IR\Bin\Config\Atmosphere\MODTRAN\raw\audit_mwir_standard_20260906\mwir_std_thermal\MODOUT2.txt,W/(cm^2 sr cm^-1),W/(cm^2 cm^-1),W/(m^2 sr um),W/(m^2 um),value_si=value_native*1e8/(wavelength_um^2),2817.0,3.549875754348598,0.91877067,3.0848e-10,0.0024479396467199997,0.0,0.0,0.0,0.0,,,0.0,0.0,,3.0848e-10,0.0024479396467199997
mwir_std_thermal,D:\HwaSimIR\HwaSim_IR\Bin\Config\Atmosphere\MODTRAN\raw\audit_mwir_standard_20260906\mwir_std_thermal\MODOUT2.txt,W/(cm^2 sr cm^-1),W/(cm^2 cm^-1),W/(m^2 sr um),W/(m^2 um),value_si=value_native*1e8/(wavelength_um^2),2818.0,3.5486160397444997,0.98363638,5.8594e-11,0.00046530221965599994,0.0,0.0,0.0,0.0,,,0.0,0.0,,5.8594e-11,0.00046530221965599994
mwir_std_thermal,D:\HwaSimIR\HwaSim_IR\Bin\Config\Atmosphere\MODTRAN\raw\audit_mwir_standard_20260906\mwir_std_thermal\MODOUT2.txt,W/(cm^2 sr cm^-1),W/(cm^2 cm^-1),W/(m^2 sr um),W/(m^2 um),value_si=value_native*1e8/(wavelength_um^2),2819.0,3.5473572188719404,0.88168532,4.0853e-10,0.00324649027133,0.0,0.0,0.0,0.0,,,0.0,0.0,,4.0853e-10,0.00324649027133
mwir_std_thermal,D:\HwaSimIR\HwaSim_IR\Bin\Config\Atmosphere\MODTRAN\raw\audit_mwir_standard_20260906\mwir_std_thermal\MODOUT2.txt,W/(cm^2 sr cm^-1),W/(cm^2 cm^-1),W/(m^2 sr um),W/(m^2 um),value_si=value_native*1e8/(wavelength_um^2),2820.0,3.5460992907801416,0.946073,1.8335e-10,0.0014580725400000002,0.0,0.0,0.0,0.0,,,0.0,0.0,,1.8335e-10,0.0014580725400000002
mwir_std_thermal,D:\HwaSimIR\HwaSim_IR\Bin\Config\Atmosphere\MODTRAN\raw\audit_mwir_standard_20260906\mwir_std_thermal\MODOUT2.txt,W/(cm^2 sr cm^-1),W/(cm^2 cm^-1),W/(m^2 sr um),W/(m^2 um),value_si=value_native*1e8/(wavelength_um^2),2821.0,3.544842254519674,0.92876703,2.4273e-10,0.00193165529193,0.0,0.0,0.0,0.0,,,0.0,0.0,,2.4273e-10,0.00193165529193
mwir_std_thermal,D:\HwaSimIR\HwaSim_IR\Bin\Config\Atmosphere\MODTRAN\raw\audit_mwir_standard_20260906\mwir_std_thermal\MODOUT2.txt,W/(cm^2 sr cm^-1),W/(cm^2 cm^-1),W/(m^2 sr um),W/(m^2 um),value_si=value_native*1e8/(wavelength_um^2),2822.0,3.5435861091424523,0.88743764,4.0434e-10,0.00322003598856,0.0,0.0,0.0,0.0,,,0.0,0.0,,4.0434e-10,0.00322003598856
mwir_std_thermal,D:\HwaSimIR\HwaSim_IR\Bin\Config\Atmosphere\MODTRAN\raw\audit_mwir_standard_20260906\mwir_std_thermal\MODOUT2.txt,W/(cm^2 sr cm^-1),W/(cm^2 cm^-1),W/(m^2 sr um),W/(m^2 um),value_si=value_native*1e8/(wavelength_um^2),2823.0,3.5423308537017357,0.89708328,3.3349e-10,0.0026576915282100003,0.0,0.0,0.0,0.0,,,0.0,0.0,,3.3349e-10,0.0026576915282100003
mwir_std_thermal,D:\HwaSimIR\HwaSim_IR\Bin\Config\Atmosphere\MODTRAN\raw\audit_mwir_standard_20260906\mwir_std_thermal\MODOUT2.txt,W/(cm^2 sr cm^-1),W/(cm^2 cm^-1),W/(m^2 sr um),W/(m^2 um),value_si=value_native*1e8/(wavelength_um^2),2824.0,3.5410764872521248,0.87565863,4.4054e-10,0.00351329592704,0.0,0.0,0.0,0.0,,,0.0,0.0,,4.4054e-10,0.00351329592704
mwir_std_thermal,D:\HwaSimIR\HwaSim_IR\Bin\Config\Atmosphere\MODTRAN\raw\audit_mwir_standard_20260906\mwir_std_thermal\MODOUT2.txt,W/(cm^2 sr cm^-1),W/(cm^2 cm^-1),W/(m^2 sr um),W/(m^2 um),value_si=value_native*1e8/(wavelength_um^2),2825.0,3.5398230088495577,0.87356955,4.3733e-10,0.0034901667312499996,0.0,0.0,0.0,0.0,,,0.0,0.0,,4.3733e-10,0.0034901667312499996
mwir_std_thermal,D:\HwaSimIR\HwaSim_IR\Bin\Config\Atmosphere\MODTRAN\raw\audit_mwir_standard_20260906\mwir_std_thermal\MODOUT2.txt,W/(cm^2 sr cm^-1),W/(cm^2 cm^-1),W/(m^2 sr um),W/(m^2 um),value_si=value_native*1e8/(wavelength_um^2),2826.0,3.538570417551309,0.9196189,2.452e-10,0.0019582348752000002,0.0,0.0,0.0,0.0,,,0.0,0.0,,2.452e-10,0.0019582348752000002
mwir_std_thermal,D:\HwaSimIR\HwaSim_IR\Bin\Config\Atmosphere\MODTRAN\raw\audit_mwir_standard_20260906\mwir_std_thermal\MODOUT2.txt,W/(cm^2 sr cm^-1),W/(cm^2 cm^-1),W/(m^2 sr um),W/(m^2 um),value_si=value_native*1e8/(wavelength_um^2),2827.0,3.537318712415989,0.95556366,1.7422e-10,0.0013923538703799999,0.0,0.0,0.0,0.0,,,0.0,0.0,,1.7422e-10,0.0013923538703799999
mwir_std_thermal,D:\HwaSimIR\HwaSim_IR\Bin\Config\Atmosphere\MODTRAN\raw\audit_mwir_standard_20260906\mwir_std_thermal\MODOUT2.txt,W/(cm^2 sr cm^-1),W/(cm^2 cm^-1),W/(m^2 sr um),W/(m^2 um),value_si=value_native*1e8/(wavelength_um^2),2828.0,3.536067892503536,0.82317734,5.6459e-10,0.00451535595056,0.0,0.0,0.0,0.0,,,0.0,0.0,,5.6459e-10,0.00451535595056
mwir_std_thermal,D:\HwaSimIR\HwaSim_IR\Bin\Config\Atmosphere\MODTRAN\raw\audit_mwir_standard_20260906\mwir_std_thermal\MODOUT2.txt,W/(cm^2 sr cm^-1),W/(cm^2 cm^-1),W/(m^2 sr um),W/(m^2 um),value_si=value_native*1e8/(wavelength_um^2),2829.0,3.5348179568752207,0.93798882,1.8963e-10,0.0015176545908300004,0.0,0.0,0.0,0.0,,,0.0,0.0,,1.8963e-10,0.0015176545908300004
mwir_std_thermal,D:\HwaSimIR\HwaSim_IR\Bin\Config\Atmosphere\MODTRAN\raw\audit_mwir_standard_20260906\mwir_std_thermal\MODOUT2.txt,W/(cm^2 sr cm^-1),W/(cm^2 cm^-1),W/(m^2 sr um),W/(m^2 um),value_si=value_native*1e8/(wavelength_um^2),2830.0,3.5335689045936394,0.90705776,3.2564e-10,0.0026080181960000002,0.0,0.0,0.0,0.0,,,0.0,0.0,,3.2564e-10,0.0026080181960000002
mwir_std_thermal,D:\HwaSimIR\HwaSim_IR\Bin\Config\Atmosphere\MODTRAN\raw\audit_mwir_standard_20260906\mwir_std_thermal\MODOUT2.txt,W/(cm^2 sr cm^-1),W/(cm^2 cm^-1),W/(m^2 sr um),W/(m^2 um),value_si=value_native*1e8/(wavelength_um^2),2831.0,3.532320734722713,0.97015321,9.8788e-11,0.000791742452068,0.0,0.0,0.0,0.0,,,0.0,0.0,,9.8788e-11,0.000791742452068
mwir_std_thermal,D:\HwaSimIR\HwaSim_IR\Bin\Config\Atmosphere\MODTRAN\raw\audit_mwir_standard_20260906\mwir_std_thermal\MODOUT2.txt,W/(cm^2 sr cm^-1),W/(cm^2 cm^-1),W/(m^2 sr um),W/(m^2 um),value_si=value_native*1e8/(wavelength_um^2),2832.0,3.531073446327684,0.9312157,2.3498e-10,0.00188459223552,0.0,0.0,0.0,0.0,,,0.0,0.0,,2.3498e-10,0.00188459223552
mwir_std_thermal,D:\HwaSimIR\HwaSim_IR\Bin\Config\Atmosphere\MODTRAN\raw\audit_mwir_standard_20260906\mwir_std_thermal\MODOUT2.txt,W/(cm^2 sr cm^-1),W/(cm^2 cm^-1),W/(m^2 sr um),W/(m^2 um),value_si=value_native*1e8/(wavelength_um^2),2833.0,3.5298270384751147,0.98570538,5.35e-11,0.00042938506150000004,0.0,0.0,0.0,0.0,,,0.0,0.0,,5.35e-11,0.00042938506150000004
mwir_std_thermal,D:\HwaSimIR\HwaSim_IR\Bin\Config\Atmosphere\MODTRAN\raw\audit_mwir_standard_20260906\mwir_std_thermal\MODOUT2.txt,W/(cm^2 sr cm^-1),W/(cm^2 cm^-1),W/(m^2 sr um),W/(m^2 um),value_si=value_native*1e8/(wavelength_um^2),2834.0,3.5285815102328866,0.95010287,1.7685e-10,0.0014203806785999997,0.0,0.0,0.0,0.0,,,0.0,0.0,,1.7685e-10,0.0014203806785999997
mwir_std_thermal,D:\HwaSimIR\HwaSim_IR\Bin\Config\Atmosphere\MODTRAN\raw\audit_mwir_standard_20260906\mwir_std_thermal\MODOUT2.txt,W/(cm^2 sr cm^-1),W/(cm^2 cm^-1),W/(m^2 sr um),W/(m^2 um),value_si=value_native*1e8/(wavelength_um^2),2835.0,3.527336860670194,0.90899843,3.0952e-10,0.002487681882,0.0,0.0,0.0,0.0,,,0.0,0.0,,3.0952e-10,0.002487681882
mwir_std_thermal,D:\HwaSimIR\HwaSim_IR\Bin\Config\Atmosphere\MODTRAN\raw\audit_mwir_standard_20260906\mwir_std_thermal\MODOUT2.txt,W/(cm^2 sr cm^-1),W/(cm^2 cm^-1),W/(m^2 sr um),W/(m^2 um),value_si=value_native*1e8/(wavelength_um^2),2836.0,3.5260930888575457,0.97467399,8.3713e-11,0.0006732949528480001,0.0,0.0,0.0,0.0,,,0.0,0.0,,8.3713e-11,0.0006732949528480001
mwir_std_thermal,D:\HwaSimIR\HwaSim_IR\Bin\Config\Atmosphere\MODTRAN\raw\audit_mwir_standard_20260906\mwir_std_thermal\MODOUT2.txt,W/(cm^2 sr cm^-1),W/(cm^2 cm^-1),W/(m^2 sr um),W/(m^2 um),value_si=value_native*1e8/(wavelength_um^2),2837.0,3.5248501938667607,0.99116063,3.0133e-11,0.00024252752967699996,0.0,0.0,0.0,0.0,,,0.0,0.0,,3.0133e-11,0.00024252752967699996
mwir_std_thermal,D:\HwaSimIR\HwaSim_IR\Bin\Config\Atmosphere\MODTRAN\raw\audit_mwir_standard_20260906\mwir_std_thermal\MODOUT2.txt,W/(cm^2 sr cm^-1),W/(cm^2 cm^-1),W/(m^2 sr um),W/(m^2 um),value_si=value_native*1e8/(wavelength_um^2),2838.0,3.5236081747709656,0.9419021,2.2012e-10,0.0017729001892799999,0.0,0.0,0.0,0.0,,,0.0,0.0,,2.2012e-10,0.0017729001892799999
mwir_std_thermal,D:\HwaSimIR\HwaSim_IR\Bin\Config\Atmosphere\MODTRAN\raw\audit_mwir_standard_20260906\mwir_std_thermal\MODOUT2.txt,W/(cm^2 sr cm^-1),W/(cm^2 cm^-1),W/(m^2 sr um),W/(m^2 um),value_si=value_native*1e8/(wavelength_um^2),2839.0,3.522367030644593,0.99163479,3.0603e-11,0.000246657762363,0.0,0.0,0.0,0.0,,,0.0,0.0,,3.0603e-11,0.000246657762363
mwir_std_thermal,D:\HwaSimIR\HwaSim_IR\Bin\Config\Atmosphere\MODTRAN\raw\audit_mwir_standard_20260906\mwir_std_thermal\MODOUT2.txt,W/(cm^2 sr cm^-1),W/(cm^2 cm^-1),W/(m^2 sr um),W/(m^2 um),value_si=value_native*1e8/(wavelength_um^2),2840.0,3.5211267605633805,0.96608067,1.1206e-10,0.000903831136,0.0,0.0,0.0,0.0,,,0.0,0.0,,1.1206e-10,0.000903831136
mwir_std_thermal,D:\HwaSimIR\HwaSim_IR\Bin\Config\Atmosphere\MODTRAN\raw\audit_mwir_standard_20260906\mwir_std_thermal\MODOUT2.txt,W/(cm^2 sr cm^-1),W/(cm^2 cm^-1),W/(m^2 sr um),W/(m^2 um),value_si=value_native*1e8/(wavelength_um^2),2841.0,3.5198873636043646,0.97054762,1.026e-10,0.0008281134306,0.0,0.0,0.0,0.0,,,0.0,0.0,,1.026e-10,0.0008281134306
mwir_std_thermal,D:\HwaSimIR\HwaSim_IR\Bin\Config\Atmosphere\MODTRAN\raw\audit_mwir_standard_20260906\mwir_std_thermal\MODOUT2.txt,W/(cm^2 sr cm^-1),W/(cm^2 cm^-1),W/(m^2 sr um),W/(m^2 um),value_si=value_native*1e8/(wavelength_um^2),2842.0,3.518648838845883,0.97513205,8.9797e-11,0.000725287136308,0.0,0.0,0.0,0.0,,,0.0,0.0,,8.9797e-11,0.000725287136308
mwir_std_thermal,D:\HwaSimIR\HwaSim_IR\Bin\Config\Atmosphere\MODTRAN\raw\audit_mwir_standard_20260906\mwir_std_thermal\MODOUT2.txt,W/(cm^2 sr cm^-1),W/(cm^2 cm^-1),W/(m^2 sr um),W/(m^2 um),value_si=value_native*1e8/(wavelength_um^2),2843.0,3.5174111853675694,0.9716751,1.0151e-10,0.0008204696999899999,0.0,0.0,0.0,0.0,,,0.0,0.0,,1.0151e-10,0.0008204696999899999
mwir_std_thermal,D:\HwaSimIR\HwaSim_IR\Bin\Config\Atmosphere\MODTRAN\raw\audit_mwir_standard_20260906\mwir_std_thermal\MODOUT2.txt,W/(cm^2 sr cm^-1),W/(cm^2 cm^-1),W/(m^2 sr um),W/(m^2 um),value_si=value_native*1e8/(wavelength_um^2),2844.0,3.5161744022503516,0.97124738,1.0733e-10,0.0008681211028800001,0.0,0.0,0.0,0.0,,,0.0,0.0,,1.0733e-10,0.0008681211028800001
mwir_std_thermal,D:\HwaSimIR\HwaSim_IR\Bin\Config\Atmosphere\MODTRAN\raw\audit_mwir_standard_20260906\mwir_std_thermal\MODOUT2.txt,W/(cm^2 sr cm^-1),W/(cm^2 cm^-1),W/(m^2 sr um),W/(m^2 um),value_si=value_native*1e8/(wavelength_um^2),2845.0,3.51493848857645,0.95278955,1.6821e-10,0.0013614959452500001,0.0,0.0,0.0,0.0,,,0.0,0.0,,1.6821e-10,0.0013614959452500001
mwir_std_thermal,D:\HwaSimIR\HwaSim_IR\Bin\Config\Atmosphere\MODTRAN\raw\audit_mwir_standard_20260906\mwir_std_thermal\MODOUT2.txt,W/(cm^2 sr cm^-1),W/(cm^2 cm^-1),W/(m^2 sr um),W/(m^2 um),value_si=value_native*1e8/(wavelength_um^2),2846.0,3.5137034434293746,0.97157401,1.0336e-10,0.00083718664576,0.0,0.0,0.0,0.0,,,0.0,0.0,,1.0336e-10,0.00083718664576
mwir_std_thermal,D:\HwaSimIR\HwaSim_IR\Bin\Config\Atmosphere\MODTRAN\raw\audit_mwir_standard_20260906\mwir_std_thermal\MODOUT2.txt,W/(cm^2 sr cm^-1),W/(cm^2 cm^-1),W/(m^2 sr um),W/(m^2 um),value_si=value_native*1e8/(wavelength_um^2),2847.0,3.5124692658939236,0.98533684,4.9679e-11,0.000402668613711,0.0,0.0,0.0,0.0,,,0.0,0.0,,4.9679e-11,0.000402668613711
mwir_std_thermal,D:\HwaSimIR\HwaSim_IR\Bin\Config\Atmosphere\MODTRAN\raw\audit_mwir_standard_20260906\mwir_std_thermal\MODOUT2.txt,W/(cm^2 sr cm^-1),W/(cm^2 cm^-1),W/(m^2 sr um),W/(m^2 um),value_si=value_native*1e8/(wavelength_um^2),2848.0,3.5112359550561796,0.92750406,2.0309e-10,0.0016472841113600002,0.0,0.0,0.0,0.0,,,0.0,0.0,,2.0309e-10,0.0016472841113600002
mwir_std_thermal,D:\HwaSimIR\HwaSim_IR\Bin\Config\Atmosphere\MODTRAN\raw\audit_mwir_standard_20260906\mwir_std_thermal\MODOUT2.txt,W/(cm^2 sr cm^-1),W/(cm^2 cm^-1),W/(m^2 sr um),W/(m^2 um),value_si=value_native*1e8/(wavelength_um^2),2849.0,3.51000351000351,0.96276593,1.207e-10,0.0009796978807000002,0.0,0.0,0.0,0.0,,,0.0,0.0,,1.207e-10,0.0009796978807000002
mwir_std_thermal,D:\HwaSimIR\HwaSim_IR\Bin\Config\Atmosphere\MODTRAN\raw\audit_mwir_standard_20260906\mwir_std_thermal\MODOUT2.txt,W/(cm^2 sr cm^-1),W/(cm^2 cm^-1),W/(m^2 sr um),W/(m^2 um),value_si=value_native*1e8/(wavelength_um^2),2850.0,3.508771929824561,0.98839754,4.1453e-11,0.00033670199250000006,0.0,0.0,0.0,0.0,,,0.0,0.0,,4.1453e-11,0.00033670199250000006
mwir_std_thermal,D:\HwaSimIR\HwaSim_IR\Bin\Config\Atmosphere\MODTRAN\raw\audit_mwir_standard_20260906\mwir_std_thermal\MODOUT2.txt,W/(cm^2 sr cm^-1),W/(cm^2 cm^-1),W/(m^2 sr um),W/(m^2 um),value_si=value_native*1e8/(wavelength_um^2),2851.0,3.50754121360926,0.97001982,1.0191e-10,0.0008283449639100001,0.0,0.0,0.0,0.0,,,0.0,0.0,,1.0191e-10,0.0008283449639100001
mwir_std_thermal,D:\HwaSimIR\HwaSim_IR\Bin\Config\Atmosphere\MODTRAN\raw\audit_mwir_standard_20260906\mwir_std_thermal\MODOUT2.txt,W/(cm^2 sr cm^-1),W/(cm^2 cm^-1),W/(m^2 sr um),W/(m^2 um),value_si=value_native*1e8/(wavelength_um^2),2852.0,3.506311360448808,0.98038042,6.3707e-11,0.0005181866221280001,0.0,0.0,0.0,0.0,,,0.0,0.0,,6.3707e-11,0.0005181866221280001
mwir_std_thermal,D:\HwaSimIR\HwaSim_IR\Bin\Config\Atmosphere\MODTRAN\raw\audit_mwir_standard_20260906\mwir_std_thermal\MODOUT2.txt,W/(cm^2 sr cm^-1),W/(cm^2 cm^-1),W/(m^2 sr um),W/(m^2 um),value_si=value_native*1e8/(wavelength_um^2),2853.0,3.505082369435682,0.9835701,5.2408e-11,0.00042658062847199994,0.0,0.0,0.0,0.0,,,0.0,0.0,,5.2408e-11,0.00042658062847199994
mwir_std_thermal,D:\HwaSimIR\HwaSim_IR\Bin\Config\Atmosphere\MODTRAN\raw\audit_mwir_standard_20260906\mwir_std_thermal\MODOUT2.txt,W/(cm^2 sr cm^-1),W/(cm^2 cm^-1),W/(m^2 sr um),W/(m^2 um),value_si=value_native*1e8/(wavelength_um^2),2854.0,3.50385423966363,0.90397424,2.7446e-10,0.0022355634293600006,0.0,0.0,0.0,0.0,,,0.0,0.0,,2.7446e-10,0.0022355634293600006
mwir_std_thermal,D:\HwaSimIR\HwaSim_IR\Bin\Config\Atmosphere\MODTRAN\raw\audit_mwir_standard_20260906\mwir_std_thermal\MODOUT2.txt,W/(cm^2 sr cm^-1),W/(cm^2 cm^-1),W/(m^2 sr um),W/(m^2 um),value_si=value_native*1e8/(wavelength_um^2),2855.0,3.502626970227671,0.94223261,1.8683e-10,0.0015228560007499998,0.0,0.0,0.0,0.0,,,0.0,0.0,,1.8683e-10,0.0015228560007499998
mwir_std_thermal,D:\HwaSimIR\HwaSim_IR\Bin\Config\Atmosphere\MODTRAN\raw\audit_mwir_standard_20260906\mwir_std_thermal\MODOUT2.txt,W/(cm^2 sr cm^-1),W/(cm^2 cm^-1),W/(m^2 sr um),W/(m^2 um),value_si=value_native*1e8/(wavelength_um^2),2856.0,3.5014005602240896,0.97779697,7.6549e-11,0.000624389984064,0.0,0.0,0.0,0.0,,,0.0,0.0,,7.6549e-11,0.000624389984064
mwir_std_thermal,D:\HwaSimIR\HwaSim_IR\Bin\Config\Atmosphere\MODTRAN\raw\audit_mwir_standard_20260906\mwir_std_thermal\MODOUT2.txt,W/(cm^2 sr cm^-1),W/(cm^2 cm^-1),W/(m^2 sr um),W/(m^2 um),value_si=value_native*1e8/(wavelength_um^2),2857.0,3.5001750087504373,0.94969523,1.4092e-10,0.0011502523130800001,0.0,0.0,0.0,0.0,,,0.0,0.0,,1.4092e-10,0.0011502523130800001
mwir_std_thermal,D:\HwaSimIR\HwaSim_IR\Bin\Config\Atmosphere\MODTRAN\raw\audit_mwir_standard_20260906\mwir_std_thermal\MODOUT2.txt,W/(cm^2 sr cm^-1),W/(cm^2 cm^-1),W/(m^2 sr um),W/(m^2 um),value_si=value_native*1e8/(wavelength_um^2),2858.0,3.4989503149055285,0.94883364,1.4014e-10,0.0011446865029599996,0.0,0.0,0.0,0.0,,,0.0,0.0,,1.4014e-10,0.0011446865029599996
mwir_std_thermal,D:\HwaSimIR\HwaSim_IR\Bin\Config\Atmosphere\MODTRAN\raw\audit_mwir_standard_20260906\mwir_std_thermal\MODOUT2.txt,W/(cm^2 sr cm^-1),W/(cm^2 cm^-1),W/(m^2 sr um),W/(m^2 um),value_si=value_native*1e8/(wavelength_um^2),2859.0,3.497726477789437,0.97607923,8.0218e-11,0.0006556923860580001,0.0,0.0,0.0,0.0,,,0.0,0.0,,8.0218e-11,0.0006556923860580001
mwir_std_thermal,D:\HwaSimIR\HwaSim_IR\Bin\Config\Atmosphere\MODTRAN\raw\audit_mwir_standard_20260906\mwir_std_thermal\MODOUT2.txt,W/(cm^2 sr cm^-1),W/(cm^2 cm^-1),W/(m^2 sr um),W/(m^2 um),value_si=value_native*1e8/(wavelength_um^2),2860.0,3.4965034965034967,0.98314828,4.7666e-11,0.0003898888136,0.0,0.0,0.0,0.0,,,0.0,0.0,,4.7666e-11,0.0003898888136
mwir_std_thermal,D:\HwaSimIR\HwaSim_IR\Bin\Config\Atmosphere\MODTRAN\raw\audit_mwir_standard_20260906\mwir_std_thermal\MODOUT2.txt,W/(cm^2 sr cm^-1),W/(cm^2 cm^-1),W/(m^2 sr um),W/(m^2 um),value_si=value_native*1e8/(wavelength_um^2),2861.0,3.495281370150297,0.98222756,5.6255e-11,0.000460465232855,0.0,0.0,0.0,0.0,,,0.0,0.0,,5.6255e-11,0.000460465232855
mwir_std_thermal,D:\HwaSimIR\HwaSim_IR\Bin\Config\Atmosphere\MODTRAN\raw\audit_mwir_standard_20260906\mwir_std_thermal\MODOUT2.txt,W/(cm^2 sr cm^-1),W/(cm^2 cm^-1),W/(m^2 sr um),W/(m^2 um),value_si=value_native*1e8/(wavelength_um^2),2862.0,3.4940600978336827,0.9386844,1.7208e-10,0.0014095148515199999,0.0,0.0,0.0,0.0,,,0.0,0.0,,1.7208e-10,0.0014095148515199999
mwir_std_thermal,D:\HwaSimIR\HwaSim_IR\Bin\Config\Atmosphere\MODTRAN\raw\audit_mwir_standard_20260906\mwir_std_thermal\MODOUT2.txt,W/(cm^2 sr cm^-1),W/(cm^2 cm^-1),W/(m^2 sr um),W/(m^2 um),value_si=value_native*1e8/(wavelength_um^2),2863.0,3.4928396786587497,0.93363315,1.9145e-10,0.0015692714250499999,0.0,0.0,0.0,0.0,,,0.0,0.0,,1.9145e-10,0.0015692714250499999
mwir_std_thermal,D:\HwaSimIR\HwaSim_IR\Bin\Config\Atmosphere\MODTRAN\raw\audit_mwir_standard_20260906\mwir_std_thermal\MODOUT2.txt,W/(cm^2 sr cm^-1),W/(cm^2 cm^-1),W/(m^2 sr um),W/(m^2 um),value_si=value_native*1e8/(wavelength_um^2),2864.0,3.4916201117318435,0.93861932,1.9743e-10,0.0016194187852800002,0.0,0.0,0.0,0.0,,,0.0,0.0,,1.9743e-10,0.0016194187852800002
mwir_std_thermal,D:\HwaSimIR\HwaSim_IR\Bin\Config\Atmosphere\MODTRAN\raw\audit_mwir_standard_20260906\mwir_std_thermal\MODOUT2.txt,W/(cm^2 sr cm^-1),W/(cm^2 cm^-1),W/(m^2 sr um),W/(m^2 um),value_si=value_native*1e8/(wavelength_um^2),2865.0,3.4904013961605584,0.91076559,2.4974e-10,0.0020499221115000002,0.0,0.0,0.0,0.0,,,0.0,0.0,,2.4974e-10,0.0020499221115000002
mwir_std_thermal,D:\HwaSimIR\HwaSim_IR\Bin\Config\Atmosphere\MODTRAN\raw\audit_mwir_standard_20260906\mwir_std_thermal\MODOUT2.txt,W/(cm^2 sr cm^-1),W/(cm^2 cm^-1),W/(m^2 sr um),W/(m^2 um),value_si=value_native*1e8/(wavelength_um^2),2866.0,3.4891835310537336,0.89674771,2.7897e-10,0.00229144730532,0.0,0.0,0.0,0.0,,,0.0,0.0,,2.7897e-10,0.00229144730532
mwir_std_thermal,D:\HwaSimIR\HwaSim_IR\Bin\Config\Atmosphere\MODTRAN\raw\audit_mwir_standard_20260906\mwir_std_thermal\MODOUT2.txt,W/(cm^2 sr cm^-1),W/(cm^2 cm^-1),W/(m^2 sr um),W/(m^2 um),value_si=value_native*1e8/(wavelength_um^2),2867.0,3.487966515521451,0.92208719,2.1787e-10,0.00179082364243,0.0,0.0,0.0,0.0,,,0.0,0.0,,2.1787e-10,0.00179082364243
mwir_std_thermal,D:\HwaSimIR\HwaSim_IR\Bin\Config\Atmosphere\MODTRAN\raw\audit_mwir_standard_20260906\mwir_std_thermal\MODOUT2.txt,W/(cm^2 sr cm^-1),W/(cm^2 cm^-1),W/(m^2 sr um),W/(m^2 um),value_si=value_native*1e8/(wavelength_um^2),2868.0,3.486750348675035,0.95851564,1.1943e-10,0.00098236238832,0.0,0.0,0.0,0.0,,,0.0,0.0,,1.1943e-10,0.00098236238832
mwir_std_thermal,D:\HwaSimIR\HwaSim_IR\Bin\Config\Atmosphere\MODTRAN\raw\audit_mwir_standard_20260906\mwir_std_thermal\MODOUT2.txt,W/(cm^2 sr cm^-1),W/(cm^2 cm^-1),W/(m^2 sr um),W/(m^2 um),value_si=value_native*1e8/(wavelength_um^2),2869.0,3.4855350296270475,0.9458456,1.4047e-10,0.0011562311856700002,0.0,0.0,0.0,0.0,,,0.0,0.0,,1.4047e-10,0.0011562311856700002
mwir_std_thermal,D:\HwaSimIR\HwaSim_IR\Bin\Config\Atmosphere\MODTRAN\raw\audit_mwir_standard_20260906\mwir_std_thermal\MODOUT2.txt,W/(cm^2 sr cm^-1),W/(cm^2 cm^-1),W/(m^2 sr um),W/(m^2 um),value_si=value_native*1e8/(wavelength_um^2),2870.0,3.484320557491289,0.98680627,3.6558e-11,0.0003011245902000001,0.0,0.0,0.0,0.0,,,0.0,0.0,,3.6558e-11,0.0003011245902000001
mwir_std_thermal,D:\HwaSimIR\HwaSim_IR\Bin\Config\Atmosphere\MODTRAN\raw\audit_mwir_standard_20260906\mwir_std_thermal\MODOUT2.txt,W/(cm^2 sr cm^-1),W/(cm^2 cm^-1),W/(m^2 sr um),W/(m^2 um),value_si=value_native*1e8/(wavelength_um^2),2871.0,3.4831069313827934,0.94683784,1.6191e-10,0.00133456600431,0.0,0.0,0.0,0.0,,,0.0,0.0,,1.6191e-10,0.00133456600431
mwir_std_thermal,D:\HwaSimIR\HwaSim_IR\Bin\Config\Atmosphere\MODTRAN\raw\audit_mwir_standard_20260906\mwir_std_thermal\MODOUT2.txt,W/(cm^2 sr cm^-1),W/(cm^2 cm^-1),W/(m^2 sr um),W/(m^2 um),value_si=value_native*1e8/(wavelength_um^2),2872.0,3.481894150417827,0.96626192,9.3276e-11,0.0007693762659840001,0.0,0.0,0.0,0.0,,,0.0,0.0,,9.3276e-11,0.0007693762659840001
mwir_std_thermal,D:\HwaSimIR\HwaSim_IR\Bin\Config\Atmosphere\MODTRAN\raw\audit_mwir_standard_20260906\mwir_std_thermal\MODOUT2.txt,W/(cm^2 sr cm^-1),W/(cm^2 cm^-1),W/(m^2 sr um),W/(m^2 um),value_si=value_native*1e8/(wavelength_um^2),2873.0,3.4806822137138878,0.96152967,1.0756e-10,0.0008878141152400001,0.0,0.0,0.0,0.0,,,0.0,0.0,,1.0756e-10,0.0008878141152400001
mwir_std_thermal,D:\HwaSimIR\HwaSim_IR\Bin\Config\Atmosphere\MODTRAN\raw\audit_mwir_standard_20260906\mwir_std_thermal\MODOUT2.txt,W/(cm^2 sr cm^-1),W/(cm^2 cm^-1),W/(m^2 sr um),W/(m^2 um),value_si=value_native*1e8/(wavelength_um^2),2874.0,3.4794711203897006,0.92767471,1.9784e-10,0.0016341338678400002,0.0,0.0,0.0,0.0,,,0.0,0.0,,1.9784e-10,0.0016341338678400002
mwir_std_thermal,D:\HwaSimIR\HwaSim_IR\Bin\Config\Atmosphere\MODTRAN\raw\audit_mwir_standard_20260906\mwir_std_thermal\MODOUT2.txt,W/(cm^2 sr cm^-1),W/(cm^2 cm^-1),W/(m^2 sr um),W/(m^2 um),value_si=value_native*1e8/(wavelength_um^2),2875.0,3.4782608695652173,0.85049295,3.979e-10,0.0032888921874999998,0.0,0.0,0.0,0.0,,,0.0,0.0,,3.979e-10,0.0032888921874999998
mwir_std_thermal,D:\HwaSimIR\HwaSim_IR\Bin\Config\Atmosphere\MODTRAN\raw\audit_mwir_standard_20260906\mwir_std_thermal\MODOUT2.txt,W/(cm^2 sr cm^-1),W/(cm^2 cm^-1),W/(m^2 sr um),W/(m^2 um),value_si=value_native*1e8/(wavelength_um^2),2876.0,3.477051460361613,0.89380246,2.799e-10,0.0023151581424,0.0,0.0,0.0,0.0,,,0.0,0.0,,2.799e-10,0.0023151581424
mwir_std_thermal,D:\HwaSimIR\HwaSim_IR\Bin\Config\Atmosphere\MODTRAN\raw\audit_mwir_standard_20260906\mwir_std_thermal\MODOUT2.txt,W/(cm^2 sr cm^-1),W/(cm^2 cm^-1),W/(m^2 sr um),W/(m^2 um),value_si=value_native*1e8/(wavelength_um^2),2877.0,3.4758428919012863,0.93751037,1.6329e-10,0.00135157239441,0.0,0.0,0.0,0.0,,,0.0,0.0,,1.6329e-10,0.00135157239441
mwir_std_thermal,D:\HwaSimIR\HwaSim_IR\Bin\Config\Atmosphere\MODTRAN\raw\audit_mwir_standard_20260906\mwir_std_thermal\MODOUT2.txt,W/(cm^2 sr cm^-1),W/(cm^2 cm^-1),W/(m^2 sr um),W/(m^2 um),value_si=value_native*1e8/(wavelength_um^2),2878.0,3.4746351633078527,0.91644526,2.0826e-10,0.00172499342184,0.0,0.0,0.0,0.0,,,0.0,0.0,,2.0826e-10,0.00172499342184
mwir_std_thermal,D:\HwaSimIR\HwaSim_IR\Bin\Config\Atmosphere\MODTRAN\raw\audit_mwir_standard_20260906\mwir_std_thermal\MODOUT2.txt,W/(cm^2 sr cm^-1),W/(cm^2 cm^-1),W/(m^2 sr um),W/(m^2 um),value_si=value_native*1e8/(wavelength_um^2),2879.0,3.473428273706148,0.95044661,1.4445e-10,0.00119729419245,0.0,0.0,0.0,0.0,,,0.0,0.0,,1.4445e-10,0.00119729419245
mwir_std_thermal,D:\HwaSimIR\HwaSim_IR\Bin\Config\Atmosphere\MODTRAN\raw\audit_mwir_standard_20260906\mwir_std_thermal\MODOUT2.txt,W/(cm^2 sr cm^-1),W/(cm^2 cm^-1),W/(m^2 sr um),W/(m^2 um),value_si=value_native*1e8/(wavelength_um^2),2880.0,3.4722222222222223,0.92205477,2.3693e-10,0.001965192192,0.0,0.0,0.0,0.0,,,0.0,0.0,,2.3693e-10,0.001965192192
mwir_std_thermal,D:\HwaSimIR\HwaSim_IR\Bin\Config\Atmosphere\MODTRAN\raw\audit_mwir_standard_20260906\mwir_std_thermal\MODOUT2.txt,W/(cm^2 sr cm^-1),W/(cm^2 cm^-1),W/(m^2 sr um),W/(m^2 um),value_si=value_native*1e8/(wavelength_um^2),2881.0,3.471017007983339,0.98030049,5.5821e-11,0.00046332328718100003,0.0,0.0,0.0,0.0,,,0.0,0.0,,5.5821e-11,0.00046332328718100003
mwir_std_thermal,D:\HwaSimIR\HwaSim_IR\Bin\Config\Atmosphere\MODTRAN\raw\audit_mwir_standard_20260906\mwir_std_thermal\MODOUT2.txt,W/(cm^2 sr cm^-1),W/(cm^2 cm^-1),W/(m^2 sr um),W/(m^2 um),value_si=value_native*1e8/(wavelength_um^2),2882.0,3.4698126301179735,0.99129331,2.4196e-11,0.00020097013710400002,0.0,0.0,0.0,0.0,,,0.0,0.0,,2.4196e-11,0.00020097013710400002
mwir_std_thermal,D:\HwaSimIR\HwaSim_IR\Bin\Config\Atmosphere\MODTRAN\raw\audit_mwir_standard_20260906\mwir_std_thermal\MODOUT2.txt,W/(cm^2 sr cm^-1),W/(cm^2 cm^-1),W/(m^2 sr um),W/(m^2 um),value_si=value_native*1e8/(wavelength_um^2),2883.0,3.46860908775581,0.94459963,1.3613e-10,0.0011314702235699998,0.0,0.0,0.0,0.0,,,0.0,0.0,,1.3613e-10,0.0011314702235699998
mwir_std_thermal,D:\HwaSimIR\HwaSim_IR\Bin\Config\Atmosphere\MODTRAN\raw\audit_mwir_standard_20260906\mwir_std_thermal\MODOUT2.txt,W/(cm^2 sr cm^-1),W/(cm^2 cm^-1),W/(m^2 sr um),W/(m^2 um),value_si=value_native*1e8/(wavelength_um^2),2884.0,3.467406380027739,0.91869783,2.0818e-10,0.0017315279900800003,0.0,0.0,0.0,0.0,,,0.0,0.0,,2.0818e-10,0.0017315279900800003
mwir_std_thermal,D:\HwaSimIR\HwaSim_IR\Bin\Config\Atmosphere\MODTRAN\raw\audit_mwir_standard_20260906\mwir_std_thermal\MODOUT2.txt,W/(cm^2 sr cm^-1),W/(cm^2 cm^-1),W/(m^2 sr um),W/(m^2 um),value_si=value_native*1e8/(wavelength_um^2),2885.0,3.466204506065858,0.77021158,5.5719e-10,0.00463761773775,0.0,0.0,0.0,0.0,,,0.0,0.0,,5.5719e-10,0.00463761773775
mwir_std_thermal,D:\HwaSimIR\HwaSim_IR\Bin\Config\Atmosphere\MODTRAN\raw\audit_mwir_standard_20260906\mwir_std_thermal\MODOUT2.txt,W/(cm^2 sr cm^-1),W/(cm^2 cm^-1),W/(m^2 sr um),W/(m^2 um),value_si=value_native*1e8/(wavelength_um^2),2886.0,3.465003465003465,0.84337723,3.866e-10,0.0032199898536,0.0,0.0,0.0,0.0,,,0.0,0.0,,3.866e-10,0.0032199898536
mwir_std_thermal,D:\HwaSimIR\HwaSim_IR\Bin\Config\Atmosphere\MODTRAN\raw\audit_mwir_standard_20260906\mwir_std_thermal\MODOUT2.txt,W/(cm^2 sr cm^-1),W/(cm^2 cm^-1),W/(m^2 sr um),W/(m^2 um),value_si=value_native*1e8/(wavelength_um^2),2887.0,3.4638032559750607,0.90429658,2.3524e-10,0.00196067105956,0.0,0.0,0.0,0.0,,,0.0,0.0,,2.3524e-10,0.00196067105956
mwir_std_thermal,D:\HwaSimIR\HwaSim_IR\Bin\Config\Atmosphere\MODTRAN\raw\audit_mwir_standard_20260906\mwir_std_thermal\MODOUT2.txt,W/(cm^2 sr cm^-1),W/(cm^2 cm^-1),W/(m^2 sr um),W/(m^2 um),value_si=value_native*1e8/(wavelength_um^2),2888.0,3.4626038781163433,0.98453164,4.1484e-11,0.00034599912729600007,0.0,0.0,0.0,0.0,,,0.0,0.0,,4.1484e-11,0.00034599912729600007
mwir_std_thermal,D:\HwaSimIR\HwaSim_IR\Bin\Config\Atmosphere\MODTRAN\raw\audit_mwir_standard_20260906\mwir_std_thermal\MODOUT2.txt,W/(cm^2 sr cm^-1),W/(cm^2 cm^-1),W/(m^2 sr um),W/(m^2 um),value_si=value_native*1e8/(wavelength_um^2),2889.0,3.461405330564209,0.95115554,1.1915e-10,0.0009944641471500001,0.0,0.0,0.0,0.0,,,0.0,0.0,,1.1915e-10,0.0009944641471500001
mwir_std_thermal,D:\HwaSimIR\HwaSim_IR\Bin\Config\Atmosphere\MODTRAN\raw\audit_mwir_standard_20260906\mwir_std_thermal\MODOUT2.txt,W/(cm^2 sr cm^-1),W/(cm^2 cm^-1),W/(m^2 sr um),W/(m^2 um),value_si=value_native*1e8/(wavelength_um^2),2890.0,3.4602076124567476,0.95987743,1.2261e-10,0.001024050981,0.0,0.0,0.0,0.0,,,0.0,0.0,,1.2261e-10,0.001024050981
mwir_std_thermal,D:\HwaSimIR\HwaSim_IR\Bin\Config\Atmosphere\MODTRAN\raw\audit_mwir_standard_20260906\mwir_std_thermal\MODOUT2.txt,W/(cm^2 sr cm^-1),W/(cm^2 cm^-1),W/(m^2 sr um),W/(m^2 um),value_si=value_native*1e8/(wavelength_um^2),2891.0,3.459010722933241,0.98155779,5.5015e-11,0.000459808823215,0.0,0.0,0.0,0.0,,,0.0,0.0,,5.5015e-11,0.000459808823215
mwir_std_thermal,D:\HwaSimIR\HwaSim_IR\Bin\Config\Atmosphere\MODTRAN\raw\audit_mwir_standard_20260906\mwir_std_thermal\MODOUT2.txt,W/(cm^2 sr cm^-1),W/(cm^2 cm^-1),W/(m^2 sr um),W/(m^2 um),value_si=value_native*1e8/(wavelength_um^2),2892.0,3.4578146611341634,0.98863488,3.2573e-11,0.00027242962747199995,0.0,0.0,0.0,0.0,,,0.0,0.0,,3.2573e-11,0.00027242962747199995
mwir_std_thermal,D:\HwaSimIR\HwaSim_IR\Bin\Config\Atmosphere\MODTRAN\raw\audit_mwir_standard_20260906\mwir_std_thermal\MODOUT2.txt,W/(cm^2 sr cm^-1),W/(cm^2 cm^-1),W/(m^2 sr um),W/(m^2 um),value_si=value_native*1e8/(wavelength_um^2),2893.0,3.456619426201175,0.96951342,9.3832e-11,0.0007853221385680001,0.0,0.0,0.0,0.0,,,0.0,0.0,,9.3832e-11,0.0007853221385680001
mwir_std_thermal,D:\HwaSimIR\HwaSim_IR\Bin\Config\Atmosphere\MODTRAN\raw\audit_mwir_standard_20260906\mwir_std_thermal\MODOUT2.txt,W/(cm^2 sr cm^-1),W/(cm^2 cm^-1),W/(m^2 sr um),W/(m^2 um),value_si=value_native*1e8/(wavelength_um^2),2894.0,3.455425017277125,0.7964924,5.6294e-10,0.00471475535384,0.0,0.0,0.0,0.0,,,0.0,0.0,,5.6294e-10,0.00471475535384
mwir_std_thermal,D:\HwaSimIR\HwaSim_IR\Bin\Config\Atmosphere\MODTRAN\raw\audit_mwir_standard_20260906\mwir_std_thermal\MODOUT2.txt,W/(cm^2 sr cm^-1),W/(cm^2 cm^-1),W/(m^2 sr um),W/(m^2 um),value_si=value_native*1e8/(wavelength_um^2),2895.0,3.454231433506045,0.74509513,5.5226e-10,0.0046285048665000005,0.0,0.0,0.0,0.0,,,0.0,0.0,,5.5226e-10,0.0046285048665000005
mwir_std_thermal,D:\HwaSimIR\HwaSim_IR\Bin\Config\Atmosphere\MODTRAN\raw\audit_mwir_standard_20260906\mwir_std_thermal\MODOUT2.txt,W/(cm^2 sr cm^-1),W/(cm^2 cm^-1),W/(m^2 sr um),W/(m^2 um),value_si=value_native*1e8/(wavelength_um^2),2896.0,3.453038674033149,0.7667191,5.3395e-10,0.0044781404032,0.0,0.0,0.0,0.0,,,0.0,0.0,,5.3395e-10,0.0044781404032
mwir_std_thermal,D:\HwaSimIR\HwaSim_IR\Bin\Config\Atmosphere\MODTRAN\raw\audit_mwir_standard_20260906\mwir_std_thermal\MODOUT2.txt,W/(cm^2 sr cm^-1),W/(cm^2 cm^-1),W/(m^2 sr um),W/(m^2 um),value_si=value_native*1e8/(wavelength_um^2),2897.0,3.4518467380048325,0.80528098,4.2589e-10,0.0035743282470100004,0.0,0.0,0.0,0.0,,,0.0,0.0,,4.2589e-10,0.0035743282470100004
mwir_std_thermal,D:\HwaSimIR\HwaSim_IR\Bin\Config\Atmosphere\MODTRAN\raw\audit_mwir_standard_20260906\mwir_std_thermal\MODOUT2.txt,W/(cm^2 sr cm^-1),W/(cm^2 cm^-1),W/(m^2 sr um),W/(m^2 um),value_si=value_native*1e8/(wavelength_um^2),2898.0,3.450655624568668,0.9768917,5.8666e-11,0.000492700769064,0.0,0.0,0.0,0.0,,,0.0,0.0,,5.8666e-11,0.000492700769064
mwir_std_thermal,D:\HwaSimIR\HwaSim_IR\Bin\Config\Atmosphere\MODTRAN\raw\audit_mwir_standard_20260906\mwir_std_thermal\MODOUT2.txt,W/(cm^2 sr cm^-1),W/(cm^2 cm^-1),W/(m^2 sr um),W/(m^2 um),value_si=value_native*1e8/(wavelength_um^2),2899.0,3.449465332873405,0.93986869,1.3974e-10,0.00117440304774,0.0,0.0,0.0,0.0,,,0.0,0.0,,1.3974e-10,0.00117440304774
mwir_std_thermal,D:\HwaSimIR\HwaSim_IR\Bin\Config\Atmosphere\MODTRAN\raw\audit_mwir_standard_20260906\mwir_std_thermal\MODOUT2.txt,W/(cm^2 sr cm^-1),W/(cm^2 cm^-1),W/(m^2 sr um),W/(m^2 um),value_si=value_native*1e8/(wavelength_um^2),2900.0,3.4482758620689653,0.90102416,2.1631e-10,0.0018191671000000005,0.0,0.0,0.0,0.0,,,0.0,0.0,,2.1631e-10,0.0018191671000000005
mwir_std_thermal,D:\HwaSimIR\HwaSim_IR\Bin\Config\Atmosphere\MODTRAN\raw\audit_mwir_standard_20260906\mwir_std_thermal\MODOUT2.txt,W/(cm^2 sr cm^-1),W/(cm^2 cm^-1),W/(m^2 sr um),W/(m^2 um),value_si=value_native*1e8/(wavelength_um^2),2901.0,3.447087211306446,0.98125255,5.0278e-11,0.000423129642678,0.0,0.0,0.0,0.0,,,0.0,0.0,,5.0278e-11,0.000423129642678
mwir_std_thermal,D:\HwaSimIR\HwaSim_IR\Bin\Config\Atmosphere\MODTRAN\raw\audit_mwir_standard_20260906\mwir_std_thermal\MODOUT2.txt,W/(cm^2 sr cm^-1),W/(cm^2 cm^-1),W/(m^2 sr um),W/(m^2 um),value_si=value_native*1e8/(wavelength_um^2),2902.0,3.4458993797381114,0.86323065,3.275e-10,0.0027580753100000005,0.0,0.0,0.0,0.0,,,0.0,0.0,,3.275e-10,0.0027580753100000005
mwir_std_thermal,D:\HwaSimIR\HwaSim_IR\Bin\Config\Atmosphere\MODTRAN\raw\audit_mwir_standard_20260906\mwir_std_thermal\MODOUT2.txt,W/(cm^2 sr cm^-1),W/(cm^2 cm^-1),W/(m^2 sr um),W/(m^2 um),value_si=value_native*1e8/(wavelength_um^2),2903.0,3.444712366517396,0.97903728,5.8127e-11,0.0004898600029429999,0.0,0.0,0.0,0.0,,,0.0,0.0,,5.8127e-11,0.0004898600029429999
mwir_std_thermal,D:\HwaSimIR\HwaSim_IR\Bin\Config\Atmosphere\MODTRAN\raw\audit_mwir_standard_20260906\mwir_std_thermal\MODOUT2.txt,W/(cm^2 sr cm^-1),W/(cm^2 cm^-1),W/(m^2 sr um),W/(m^2 um),value_si=value_native*1e8/(wavelength_um^2),2904.0,3.443526170798898,0.95097882,1.3471e-10,0.0011360385273599999,0.0,0.0,0.0,0.0,,,0.0,0.0,,1.3471e-10,0.0011360385273599999
mwir_std_thermal,D:\HwaSimIR\HwaSim_IR\Bin\Config\Atmosphere\MODTRAN\raw\audit_mwir_standard_20260906\mwir_std_thermal\MODOUT2.txt,W/(cm^2 sr cm^-1),W/(cm^2 cm^-1),W/(m^2 sr um),W/(m^2 um),value_si=value_native*1e8/(wavelength_um^2),2905.0,3.442340791738382,0.96042407,9.5823e-11,0.0008086526925749999,0.0,0.0,0.0,0.0,,,0.0,0.0,,9.5823e-11,0.0008086526925749999
mwir_std_thermal,D:\HwaSimIR\HwaSim_IR\Bin\Config\Atmosphere\MODTRAN\raw\audit_mwir_standard_20260906\mwir_std_thermal\MODOUT2.txt,W/(cm^2 sr cm^-1),W/(cm^2 cm^-1),W/(m^2 sr um),W/(m^2 um),value_si=value_native*1e8/(wavelength_um^2),2906.0,3.4411562284927735,0.62564808,7.7e-10,0.00650252372,0.0,0.0,0.0,0.0,,,0.0,0.0,,7.7e-10,0.00650252372
mwir_std_thermal,D:\HwaSimIR\HwaSim_IR\Bin\Config\Atmosphere\MODTRAN\raw\audit_mwir_standard_20260906\mwir_std_thermal\MODOUT2.txt,W/(cm^2 sr cm^-1),W/(cm^2 cm^-1),W/(m^2 sr um),W/(m^2 um),value_si=value_native*1e8/(wavelength_um^2),2907.0,3.4399724802201583,0.56643009,8.5478e-10,0.007223445752219999,0.0,0.0,0.0,0.0,,,0.0,0.0,,8.5478e-10,0.007223445752219999
mwir_std_thermal,D:\HwaSimIR\HwaSim_IR\Bin\Config\Atmosphere\MODTRAN\raw\audit_mwir_standard_20260906\mwir_std_thermal\MODOUT2.txt,W/(cm^2 sr cm^-1),W/(cm^2 cm^-1),W/(m^2 sr um),W/(m^2 um),value_si=value_native*1e8/(wavelength_um^2),2908.0,3.43878954607978,0.94372344,1.3331e-10,0.00112733121584,0.0,0.0,0.0,0.0,,,0.0,0.0,,1.3331e-10,0.00112733121584
mwir_std_thermal,D:\HwaSimIR\HwaSim_IR\Bin\Config\Atmosphere\MODTRAN\raw\audit_mwir_standard_20260906\mwir_std_thermal\MODOUT2.txt,W/(cm^2 sr cm^-1),W/(cm^2 cm^-1),W/(m^2 sr um),W/(m^2 um),value_si=value_native*1e8/(wavelength_um^2),2909.0,3.4376074252320383,0.95866632,9.4551e-11,0.000800117130831,0.0,0.0,0.0,0.0,,,0.0,0.0,,9.4551e-11,0.000800117130831
mwir_std_thermal,D:\HwaSimIR\HwaSim_IR\Bin\Config\Atmosphere\MODTRAN\raw\audit_mwir_standard_20260906\mwir_std_thermal\MODOUT2.txt,W/(cm^2 sr cm^-1),W/(cm^2 cm^-1),W/(m^2 sr um),W/(m^2 um),value_si=value_native*1e8/(wavelength_um^2),2910.0,3.4364261168384878,0.96023196,9.5409e-11,0.0008079329529,0.0,0.0,0.0,0.0,,,0.0,0.0,,9.5409e-11,0.0008079329529
mwir_std_thermal,D:\HwaSimIR\HwaSim_IR\Bin\Config\Atmosphere\MODTRAN\raw\audit_mwir_standard_20260906\mwir_std_thermal\MODOUT2.txt,W/(cm^2 sr cm^-1),W/(cm^2 cm^-1),W/(m^2 sr um),W/(m^2 um),value_si=value_native*1e8/(wavelength_um^2),2911.0,3.4352456200618344,0.93022698,1.5886e-10,0.0013461670900600001,0.0,0.0,0.0,0.0,,,0.0,0.0,,1.5886e-10,0.0013461670900600001
mwir_std_thermal,D:\HwaSimIR\HwaSim_IR\Bin\Config\Atmosphere\MODTRAN\raw\audit_mwir_standard_20260906\mwir_std_thermal\MODOUT2.txt,W/(cm^2 sr cm^-1),W/(cm^2 cm^-1),W/(m^2 sr um),W/(m^2 um),value_si=value_native*1e8/(wavelength_um^2),2912.0,3.434065934065934,0.91943747,2.2387e-10,0.00189836028928,0.0,0.0,0.0,0.0,,,0.0,0.0,,2.2387e-10,0.00189836028928
mwir_std_thermal,D:\HwaSimIR\HwaSim_IR\Bin\Config\Atmosphere\MODTRAN\raw\audit_mwir_standard_20260906\mwir_std_thermal\MODOUT2.txt,W/(cm^2 sr cm^-1),W/(cm^2 cm^-1),W/(m^2 sr um),W/(m^2 um),value_si=value_native*1e8/(wavelength_um^2),2913.0,3.4328870580157913,0.98851383,2.9155e-11,0.000247396764195,0.0,0.0,0.0,0.0,,,0.0,0.0,,2.9155e-11,0.000247396764195
mwir_std_thermal,D:\HwaSimIR\HwaSim_IR\Bin\Config\Atmosphere\MODTRAN\raw\audit_mwir_standard_20260906\mwir_std_thermal\MODOUT2.txt,W/(cm^2 sr cm^-1),W/(cm^2 cm^-1),W/(m^2 sr um),W/(m^2 um),value_si=value_native*1e8/(wavelength_um^2),2914.0,3.4317089910775564,0.96972817,7.0129e-11,0.0005954931100840001,0.0,0.0,0.0,0.0,,,0.0,0.0,,7.0129e-11,0.0005954931100840001
mwir_std_thermal,D:\HwaSimIR\HwaSim_IR\Bin\Config\Atmosphere\MODTRAN\raw\audit_mwir_standard_20260906\mwir_std_thermal\MODOUT2.txt,W/(cm^2 sr cm^-1),W/(cm^2 cm^-1),W/(m^2 sr um),W/(m^2 um),value_si=value_native*1e8/(wavelength_um^2),2915.0,3.4305317324185247,0.9731189,6.1792e-11,0.0005250605272000001,0.0,0.0,0.0,0.0,,,0.0,0.0,,6.1792e-11,0.0005250605272000001
mwir_std_thermal,D:\HwaSimIR\HwaSim_IR\Bin\Config\Atmosphere\MODTRAN\raw\audit_mwir_standard_20260906\mwir_std_thermal\MODOUT2.txt,W/(cm^2 sr cm^-1),W/(cm^2 cm^-1),W/(m^2 sr um),W/(m^2 um),value_si=value_native*1e8/(wavelength_um^2),2916.0,3.429355281207133,0.69758976,5.3615e-10,0.0045589134744000006,0.0,0.0,0.0,0.0,,,0.0,0.0,,5.3615e-10,0.0045589134744000006
mwir_std_thermal,D:\HwaSimIR\HwaSim_IR\Bin\Config\Atmosphere\MODTRAN\raw\audit_mwir_standard_20260906\mwir_std_thermal\MODOUT2.txt,W/(cm^2 sr cm^-1),W/(cm^2 cm^-1),W/(m^2 sr um),W/(m^2 um),value_si=value_native*1e8/(wavelength_um^2),2917.0,3.4281796366129584,0.49130094,9.1087e-10,0.00775049172343,0.0,0.0,0.0,0.0,,,0.0,0.0,,9.1087e-10,0.00775049172343
mwir_std_thermal,D:\HwaSimIR\HwaSim_IR\Bin\Config\Atmosphere\MODTRAN\raw\audit_mwir_standard_20260906\mwir_std_thermal\MODOUT2.txt,W/(cm^2 sr cm^-1),W/(cm^2 cm^-1),W/(m^2 sr um),W/(m^2 um),value_si=value_native*1e8/(wavelength_um^2),2918.0,3.427004797806717,0.72540867,4.7145e-10,0.004014266629799999,0.0,0.0,0.0,0.0,,,0.0,0.0,,4.7145e-10,0.004014266629799999
mwir_std_thermal,D:\HwaSimIR\HwaSim_IR\Bin\Config\Atmosphere\MODTRAN\raw\audit_mwir_standard_20260906\mwir_std_thermal\MODOUT2.txt,W/(cm^2 sr cm^-1),W/(cm^2 cm^-1),W/(m^2 sr um),W/(m^2 um),value_si=value_native*1e8/(wavelength_um^2),2919.0,3.4258307639602603,0.82976359,3.5331e-10,0.00301039940691,0.0,0.0,0.0,0.0,,,0.0,0.0,,3.5331e-10,0.00301039940691
mwir_std_thermal,D:\HwaSimIR\HwaSim_IR\Bin\Config\Atmosphere\MODTRAN\raw\audit_mwir_standard_20260906\mwir_std_thermal\MODOUT2.txt,W/(cm^2 sr cm^-1),W/(cm^2 cm^-1),W/(m^2 sr um),W/(m^2 um),value_si=value_native*1e8/(wavelength_um^2),2920.0,3.4246575342465753,0.96402192,7.8588e-11,0.0006700727232000002,0.0,0.0,0.0,0.0,,,0.0,0.0,,7.8588e-11,0.0006700727232000002
mwir_std_thermal,D:\HwaSimIR\HwaSim_IR\Bin\Config\Atmosphere\MODTRAN\raw\audit_mwir_standard_20260906\mwir_std_thermal\MODOUT2.txt,W/(cm^2 sr cm^-1),W/(cm^2 cm^-1),W/(m^2 sr um),W/(m^2 um),value_si=value_native*1e8/(wavelength_um^2),2921.0,3.423485107839781,0.94599128,1.1929e-10,0.00101781102889,0.0,0.0,0.0,0.0,,,0.0,0.0,,1.1929e-10,0.00101781102889
mwir_std_thermal,D:\HwaSimIR\HwaSim_IR\Bin\Config\Atmosphere\MODTRAN\raw\audit_mwir_standard_20260906\mwir_std_thermal\MODOUT2.txt,W/(cm^2 sr cm^-1),W/(cm^2 cm^-1),W/(m^2 sr um),W/(m^2 um),value_si=value_native*1e8/(wavelength_um^2),2922.0,3.4223134839151266,0.97308511,6.4404e-11,0.000549886761936,0.0,0.0,0.0,0.0,,,0.0,0.0,,6.4404e-11,0.000549886761936
mwir_std_thermal,D:\HwaSimIR\HwaSim_IR\Bin\Config\Atmosphere\MODTRAN\raw\audit_mwir_standard_20260906\mwir_std_thermal\MODOUT2.txt,W/(cm^2 sr cm^-1),W/(cm^2 cm^-1),W/(m^2 sr um),W/(m^2 um),value_si=value_native*1e8/(wavelength_um^2),2923.0,3.421142661648991,0.97499919,5.6748e-11,0.00048485088289199996,0.0,0.0,0.0,0.0,,,0.0,0.0,,5.6748e-11,0.00048485088289199996
mwir_std_thermal,D:\HwaSimIR\HwaSim_IR\Bin\Config\Atmosphere\MODTRAN\raw\audit_mwir_standard_20260906\mwir_std_thermal\MODOUT2.txt,W/(cm^2 sr cm^-1),W/(cm^2 cm^-1),W/(m^2 sr um),W/(m^2 um),value_si=value_native*1e8/(wavelength_um^2),2924.0,3.4199726402188784,0.97392631,5.8277e-11,0.0004982552959520001,0.0,0.0,0.0,0.0,,,0.0,0.0,,5.8277e-11,0.0004982552959520001
mwir_std_thermal,D:\HwaSimIR\HwaSim_IR\Bin\Config\Atmosphere\MODTRAN\raw\audit_mwir_standard_20260906\mwir_std_thermal\MODOUT2.txt,W/(cm^2 sr cm^-1),W/(cm^2 cm^-1),W/(m^2 sr um),W/(m^2 um),value_si=value_native*1e8/(wavelength_um^2),2925.0,3.4188034188034186,0.97212571,6.6649e-11,0.000570223850625,0.0,0.0,0.0,0.0,,,0.0,0.0,,6.6649e-11,0.000570223850625
mwir_std_thermal,D:\HwaSimIR\HwaSim_IR\Bin\Config\Atmosphere\MODTRAN\raw\audit_mwir_standard_20260906\mwir_std_thermal\MODOUT2.txt,W/(cm^2 sr cm^-1),W/(cm^2 cm^-1),W/(m^2 sr um),W/(m^2 um),value_si=value_native*1e8/(wavelength_um^2),2926.0,3.417634996582365,0.92671281,1.6494e-10,0.00141212985144,0.0,0.0,0.0,0.0,,,0.0,0.0,,1.6494e-10,0.00141212985144
mwir_std_thermal,D:\HwaSimIR\HwaSim_IR\Bin\Config\Atmosphere\MODTRAN\raw\audit_mwir_standard_20260906\mwir_std_thermal\MODOUT2.txt,W/(cm^2 sr cm^-1),W/(cm^2 cm^-1),W/(m^2 sr um),W/(m^2 um),value_si=value_native*1e8/(wavelength_um^2),2927.0,3.4164673727365904,0.20439062,1.0823e-09,0.0092724201767,0.0,0.0,0.0,0.0,,,0.0,0.0,,1.0823e-09,0.0092724201767
mwir_std_thermal,D:\HwaSimIR\HwaSim_IR\Bin\Config\Atmosphere\MODTRAN\raw\audit_mwir_standard_20260906\mwir_std_thermal\MODOUT2.txt,W/(cm^2 sr cm^-1),W/(cm^2 cm^-1),W/(m^2 sr um),W/(m^2 um),value_si=value_native*1e8/(wavelength_um^2),2928.0,3.4153005464480874,0.62358767,6.3396e-10,0.005435055728639999,0.0,0.0,0.0,0.0,,,0.0,0.0,,6.3396e-10,0.005435055728639999
mwir_std_thermal,D:\HwaSimIR\HwaSim_IR\Bin\Config\Atmosphere\MODTRAN\raw\audit_mwir_standard_20260906\mwir_std_thermal\MODOUT2.txt,W/(cm^2 sr cm^-1),W/(cm^2 cm^-1),W/(m^2 sr um),W/(m^2 um),value_si=value_native*1e8/(wavelength_um^2),2929.0,3.4141345168999657,0.96322834,8.3336e-11,0.0007149429607760001,0.0,0.0,0.0,0.0,,,0.0,0.0,,8.3336e-11,0.0007149429607760001
mwir_std_thermal,D:\HwaSimIR\HwaSim_IR\Bin\Config\Atmosphere\MODTRAN\raw\audit_mwir_standard_20260906\mwir_std_thermal\MODOUT2.txt,W/(cm^2 sr cm^-1),W/(cm^2 cm^-1),W/(m^2 sr um),W/(m^2 um),value_si=value_native*1e8/(wavelength_um^2),2930.0,3.4129692832764507,0.8492626,3.7345e-10,0.0032060309049999993,0.0,0.0,0.0,0.0,,,0.0,0.0,,3.7345e-10,0.0032060309049999993
mwir_std_thermal,D:\HwaSimIR\HwaSim_IR\Bin\Config\Atmosphere\MODTRAN\raw\audit_mwir_standard_20260906\mwir_std_thermal\MODOUT2.txt,W/(cm^2 sr cm^-1),W/(cm^2 cm^-1),W/(m^2 sr um),W/(m^2 um),value_si=value_native*1e8/(wavelength_um^2),2931.0,3.4118048447628797,0.94528335,1.3927e-10,0.0011964352844699999,0.0,0.0,0.0,0.0,,,0.0,0.0,,1.3927e-10,0.0011964352844699999
mwir_std_thermal,D:\HwaSimIR\HwaSim_IR\Bin\Config\Atmosphere\MODTRAN\raw\audit_mwir_standard_20260906\mwir_std_thermal\MODOUT2.txt,W/(cm^2 sr cm^-1),W/(cm^2 cm^-1),W/(m^2 sr um),W/(m^2 um),value_si=value_native*1e8/(wavelength_um^2),2932.0,3.4106412005457027,0.88066435,2.3603e-10,0.0020290611627199998,0.0,0.0,0.0,0.0,,,0.0,0.0,,2.3603e-10,0.0020290611627199998
mwir_std_thermal,D:\HwaSimIR\HwaSim_IR\Bin\Config\Atmosphere\MODTRAN\raw\audit_mwir_standard_20260906\mwir_std_thermal\MODOUT2.txt,W/(cm^2 sr cm^-1),W/(cm^2 cm^-1),W/(m^2 sr um),W/(m^2 um),value_si=value_native*1e8/(wavelength_um^2),2933.0,3.4094783498124785,0.78904289,4.9112e-10,0.004224854397679999,0.0,0.0,0.0,0.0,,,0.0,0.0,,4.9112e-10,0.004224854397679999
mwir_std_thermal,D:\HwaSimIR\HwaSim_IR\Bin\Config\Atmosphere\MODTRAN\raw\audit_mwir_standard_20260906\mwir_std_thermal\MODOUT2.txt,W/(cm^2 sr cm^-1),W/(cm^2 cm^-1),W/(m^2 sr um),W/(m^2 um),value_si=value_native*1e8/(wavelength_um^2),2934.0,3.408316291751875,0.75025994,5.6614e-10,0.004873534665839999,0.0,0.0,0.0,0.0,,,0.0,0.0,,5.6614e-10,0.004873534665839999
mwir_std_thermal,D:\HwaSimIR\HwaSim_IR\Bin\Config\Atmosphere\MODTRAN\raw\audit_mwir_standard_20260906\mwir_std_thermal\MODOUT2.txt,W/(cm^2 sr cm^-1),W/(cm^2 cm^-1),W/(m^2 sr um),W/(m^2 um),value_si=value_native*1e8/(wavelength_um^2),2935.0,3.4071550255536627,0.64679605,7.4783e-10,0.00644197588175,0.0,0.0,0.0,0.0,,,0.0,0.0,,7.4783e-10,0.00644197588175
mwir_std_thermal,D:\HwaSimIR\HwaSim_IR\Bin\Config\Atmosphere\MODTRAN\raw\audit_mwir_standard_20260906\mwir_std_thermal\MODOUT2.txt,W/(cm^2 sr cm^-1),W/(cm^2 cm^-1),W/(m^2 sr um),W/(m^2 um),value_si=value_native*1e8/(wavelength_um^2),2936.0,3.4059945504087192,0.84038776,3.3263e-10,0.00286730253248,0.0,0.0,0.0,0.0,,,0.0,0.0,,3.3263e-10,0.00286730253248
mwir_std_thermal,D:\HwaSimIR\HwaSim_IR\Bin\Config\Atmosphere\MODTRAN\raw\audit_mwir_standard_20260906\mwir_std_thermal\MODOUT2.txt,W/(cm^2 sr cm^-1),W/(cm^2 cm^-1),W/(m^2 sr um),W/(m^2 um),value_si=value_native*1e8/(wavelength_um^2),2937.0,3.404834865509023,0.5237667,8.1795e-10,0.00705561134355,0.0,0.0,0.0,0.0,,,0.0,0.0,,8.1795e-10,0.00705561134355
mwir_std_thermal,D:\HwaSimIR\HwaSim_IR\Bin\Config\Atmosphere\MODTRAN\raw\audit_mwir_standard_20260906\mwir_std_thermal\MODOUT2.txt,W/(cm^2 sr cm^-1),W/(cm^2 cm^-1),W/(m^2 sr um),W/(m^2 um),value_si=value_native*1e8/(wavelength_um^2),2938.0,3.4036759700476513,0.28974536,9.4979e-10,0.008198439112760001,0.0,0.0,0.0,0.0,,,0.0,0.0,,9.4979e-10,0.008198439112760001
mwir_std_thermal,D:\HwaSimIR\HwaSim_IR\Bin\Config\Atmosphere\MODTRAN\raw\audit_mwir_standard_20260906\mwir_std_thermal\MODOUT2.txt,W/(cm^2 sr cm^-1),W/(cm^2 cm^-1),W/(m^2 sr um),W/(m^2 um),value_si=value_native*1e8/(wavelength_um^2),2939.0,3.402517863218782,0.91704172,1.7523e-10,0.00151358785083,0.0,0.0,0.0,0.0,,,0.0,0.0,,1.7523e-10,0.00151358785083
mwir_std_thermal,D:\HwaSimIR\HwaSim_IR\Bin\Config\Atmosphere\MODTRAN\raw\audit_mwir_standard_20260906\mwir_std_thermal\MODOUT2.txt,W/(cm^2 sr cm^-1),W/(cm^2 cm^-1),W/(m^2 sr um),W/(m^2 um),value_si=value_native*1e8/(wavelength_um^2),2940.0,3.401360544217687,0.9586693,9.6968e-11,0.0008381526048000001,0.0,0.0,0.0,0.0,,,0.0,0.0,,9.6968e-11,0.0008381526048000001
mwir_std_thermal,D:\HwaSimIR\HwaSim_IR\Bin\Config\Atmosphere\MODTRAN\raw\audit_mwir_standard_20260906\mwir_std_thermal\MODOUT2.txt,W/(cm^2 sr cm^-1),W/(cm^2 cm^-1),W/(m^2 sr um),W/(m^2 um),value_si=value_native*1e8/(wavelength_um^2),2941.0,3.4002040122407347,0.9733575,5.6307e-11,0.000487026326667,0.0,0.0,0.0,0.0,,,0.0,0.0,,5.6307e-11,0.000487026326667
mwir_std_thermal,D:\HwaSimIR\HwaSim_IR\Bin\Config\Atmosphere\MODTRAN\raw\audit_mwir_standard_20260906\mwir_std_thermal\MODOUT2.txt,W/(cm^2 sr cm^-1),W/(cm^2 cm^-1),W/(m^2 sr um),W/(m^2 um),value_si=value_native*1e8/(wavelength_um^2),2942.0,3.399048266485384,0.97879255,4.8386e-11,0.00041879844250400003,0.0,0.0,0.0,0.0,,,0.0,0.0,,4.8386e-11,0.00041879844250400003
mwir_std_thermal,D:\HwaSimIR\HwaSim_IR\Bin\Config\Atmosphere\MODTRAN\raw\audit_mwir_standard_20260906\mwir_std_thermal\MODOUT2.txt,W/(cm^2 sr cm^-1),W/(cm^2 cm^-1),W/(m^2 sr um),W/(m^2 um),value_si=value_native*1e8/(wavelength_um^2),2943.0,3.397893306150187,0.92349535,1.4826e-10,0.0012841167767399999,0.0,0.0,0.0,0.0,,,0.0,0.0,,1.4826e-10,0.0012841167767399999
mwir_std_thermal,D:\HwaSimIR\HwaSim_IR\Bin\Config\Atmosphere\MODTRAN\raw\audit_mwir_standard_20260906\mwir_std_thermal\MODOUT2.txt,W/(cm^2 sr cm^-1),W/(cm^2 cm^-1),W/(m^2 sr um),W/(m^2 um),value_si=value_native*1e8/(wavelength_um^2),2944.0,3.3967391304347827,0.9573344,8.5493e-11,0.0007409794580479999,0.0,0.0,0.0,0.0,,,0.0,0.0,,8.5493e-11,0.0007409794580479999
mwir_std_thermal,D:\HwaSimIR\HwaSim_IR\Bin\Config\Atmosphere\MODTRAN\raw\audit_mwir_standard_20260906\mwir_std_thermal\MODOUT2.txt,W/(cm^2 sr cm^-1),W/(cm^2 cm^-1),W/(m^2 sr um),W/(m^2 um),value_si=value_native*1e8/(wavelength_um^2),2945.0,3.395585738539898,0.9635042,8.4639e-11,0.000734076162975,0.0,0.0,0.0,0.0,,,0.0,0.0,,8.4639e-11,0.000734076162975
mwir_std_thermal,D:\HwaSimIR\HwaSim_IR\Bin\Config\Atmosphere\MODTRAN\raw\audit_mwir_standard_20260906\mwir_std_thermal\MODOUT2.txt,W/(cm^2 sr cm^-1),W/(cm^2 cm^-1),W/(m^2 sr um),W/(m^2 um),value_si=value_native*1e8/(wavelength_um^2),2946.0,3.3944331296673456,0.78574133,4.5257e-10,0.0039278170141199996,0.0,0.0,0.0,0.0,,,0.0,0.0,,4.5257e-10,0.0039278170141199996
mwir_std_thermal,D:\HwaSimIR\HwaSim_IR\Bin\Config\Atmosphere\MODTRAN\raw\audit_mwir_standard_20260906\mwir_std_thermal\MODOUT2.txt,W/(cm^2 sr cm^-1),W/(cm^2 cm^-1),W/(m^2 sr um),W/(m^2 um),value_si=value_native*1e8/(wavelength_um^2),2947.0,3.39328130302002,0.88875616,2.1909e-10,0.00190275480381,0.0,0.0,0.0,0.0,,,0.0,0.0,,2.1909e-10,0.00190275480381
mwir_std_thermal,D:\HwaSimIR\HwaSim_IR\Bin\Config\Atmosphere\MODTRAN\raw\audit_mwir_standard_20260906\mwir_std_thermal\MODOUT2.txt,W/(cm^2 sr cm^-1),W/(cm^2 cm^-1),W/(m^2 sr um),W/(m^2 um),value_si=value_native*1e8/(wavelength_um^2),2948.0,3.3921302578018997,0.08710496,9.1315e-10,0.0079359163576,0.0,0.0,0.0,0.0,,,0.0,0.0,,9.1315e-10,0.0079359163576
mwir_std_thermal,D:\HwaSimIR\HwaSim_IR\Bin\Config\Atmosphere\MODTRAN\raw\audit_mwir_standard_20260906\mwir_std_thermal\MODOUT2.txt,W/(cm^2 sr cm^-1),W/(cm^2 cm^-1),W/(m^2 sr um),W/(m^2 um),value_si=value_native*1e8/(wavelength_um^2),2949.0,3.39097999321804,0.81987643,3.4418e-10,0.0029931961321799996,0.0,0.0,0.0,0.0,,,0.0,0.0,,3.4418e-10,0.0029931961321799996
mwir_std_thermal,D:\HwaSimIR\HwaSim_IR\Bin\Config\Atmosphere\MODTRAN\raw\audit_mwir_standard_20260906\mwir_std_thermal\MODOUT2.txt,W/(cm^2 sr cm^-1),W/(cm^2 cm^-1),W/(m^2 sr um),W/(m^2 um),value_si=value_native*1e8/(wavelength_um^2),2950.0,3.389830508474576,0.96055955,7.9717e-11,0.0006937371925,0.0,0.0,0.0,0.0,,,0.0,0.0,,7.9717e-11,0.0006937371925
mwir_std_thermal,D:\HwaSimIR\HwaSim_IR\Bin\Config\Atmosphere\MODTRAN\raw\audit_mwir_standard_20260906\mwir_std_thermal\MODOUT2.txt,W/(cm^2 sr cm^-1),W/(cm^2 cm^-1),W/(m^2 sr um),W/(m^2 um),value_si=value_native*1e8/(wavelength_um^2),2951.0,3.388681802778719,0.97680122,4.781e-11,0.00041634865181,0.0,0.0,0.0,0.0,,,0.0,0.0,,4.781e-11,0.00041634865181
mwir_std_thermal,D:\HwaSimIR\HwaSim_IR\Bin\Config\Atmosphere\MODTRAN\raw\audit_mwir_standard_20260906\mwir_std_thermal\MODOUT2.txt,W/(cm^2 sr cm^-1),W/(cm^2 cm^-1),W/(m^2 sr um),W/(m^2 um),value_si=value_native*1e8/(wavelength_um^2),2952.0,3.3875338753387534,0.97024482,5.8928e-11,0.0005135165061120001,0.0,0.0,0.0,0.0,,,0.0,0.0,,5.8928e-11,0.0005135165061120001
mwir_std_thermal,D:\HwaSimIR\HwaSim_IR\Bin\Config\Atmosphere\MODTRAN\raw\audit_mwir_standard_20260906\mwir_std_thermal\MODOUT2.txt,W/(cm^2 sr cm^-1),W/(cm^2 cm^-1),W/(m^2 sr um),W/(m^2 um),value_si=value_native*1e8/(wavelength_um^2),2953.0,3.3863867253640367,0.88633096,2.1995e-10,0.00191800996955,0.0,0.0,0.0,0.0,,,0.0,0.0,,2.1995e-10,0.00191800996955
mwir_std_thermal,D:\HwaSimIR\HwaSim_IR\Bin\Config\Atmosphere\MODTRAN\raw\audit_mwir_standard_20260906\mwir_std_thermal\MODOUT2.txt,W/(cm^2 sr cm^-1),W/(cm^2 cm^-1),W/(m^2 sr um),W/(m^2 um),value_si=value_native*1e8/(wavelength_um^2),2954.0,3.3852403520649967,0.68906093,5.8719e-10,0.00512388805404,0.0,0.0,0.0,0.0,,,0.0,0.0,,5.8719e-10,0.00512388805404
mwir_std_thermal,D:\HwaSimIR\HwaSim_IR\Bin\Config\Atmosphere\MODTRAN\raw\audit_mwir_standard_20260906\mwir_std_thermal\MODOUT2.txt,W/(cm^2 sr cm^-1),W/(cm^2 cm^-1),W/(m^2 sr um),W/(m^2 um),value_si=value_native*1e8/(wavelength_um^2),2955.0,3.3840947546531304,0.92177188,1.7426e-10,0.0015216426764999998,0.0,0.0,0.0,0.0,,,0.0,0.0,,1.7426e-10,0.0015216426764999998
mwir_std_thermal,D:\HwaSimIR\HwaSim_IR\Bin\Config\Atmosphere\MODTRAN\raw\audit_mwir_standard_20260906\mwir_std_thermal\MODOUT2.txt,W/(cm^2 sr cm^-1),W/(cm^2 cm^-1),W/(m^2 sr um),W/(m^2 um),value_si=value_native*1e8/(wavelength_um^2),2956.0,3.3829499323410013,0.71006334,6.0135e-10,0.0052545578136,0.0,0.0,0.0,0.0,,,0.0,0.0,,6.0135e-10,0.0052545578136
mwir_std_thermal,D:\HwaSimIR\HwaSim_IR\Bin\Config\Atmosphere\MODTRAN\raw\audit_mwir_standard_20260906\mwir_std_thermal\MODOUT2.txt,W/(cm^2 sr cm^-1),W/(cm^2 cm^-1),W/(m^2 sr um),W/(m^2 um),value_si=value_native*1e8/(wavelength_um^2),2957.0,3.381805884342239,0.81319118,3.9966e-10,0.0034945666913399997,0.0,0.0,0.0,0.0,,,0.0,0.0,,3.9966e-10,0.0034945666913399997
mwir_std_thermal,D:\HwaSimIR\HwaSim_IR\Bin\Config\Atmosphere\MODTRAN\raw\audit_mwir_standard_20260906\mwir_std_thermal\MODOUT2.txt,W/(cm^2 sr cm^-1),W/(cm^2 cm^-1),W/(m^2 sr um),W/(m^2 um),value_si=value_native*1e8/(wavelength_um^2),2958.0,3.3806626098715347,0.23929122,8.8975e-10,0.007785102519000001,0.0,0.0,0.0,0.0,,,0.0,0.0,,8.8975e-10,0.007785102519000001
mwir_std_thermal,D:\HwaSimIR\HwaSim_IR\Bin\Config\Atmosphere\MODTRAN\raw\audit_mwir_standard_20260906\mwir_std_thermal\MODOUT2.txt,W/(cm^2 sr cm^-1),W/(cm^2 cm^-1),W/(m^2 sr um),W/(m^2 um),value_si=value_native*1e8/(wavelength_um^2),2959.0,3.3795201081446433,0.59305662,5.4478e-10,0.00476991989518,0.0,0.0,0.0,0.0,,,0.0,0.0,,5.4478e-10,0.00476991989518
mwir_std_thermal,D:\HwaSimIR\HwaSim_IR\Bin\Config\Atmosphere\MODTRAN\raw\audit_mwir_standard_20260906\mwir_std_thermal\MODOUT2.txt,W/(cm^2 sr cm^-1),W/(cm^2 cm^-1),W/(m^2 sr um),W/(m^2 um),value_si=value_native*1e8/(wavelength_um^2),2960.0,3.3783783783783785,0.9403106,1.1757e-10,0.0010301013119999997,0.0,0.0,0.0,0.0,,,0.0,0.0,,1.1757e-10,0.0010301013119999997
mwir_std_thermal,D:\HwaSimIR\HwaSim_IR\Bin\Config\Atmosphere\MODTRAN\raw\audit_mwir_standard_20260906\mwir_std_thermal\MODOUT2.txt,W/(cm^2 sr cm^-1),W/(cm^2 cm^-1),W/(m^2 sr um),W/(m^2 um),value_si=value_native*1e8/(wavelength_um^2),2961.0,3.377237419790611,0.81848031,3.5612e-10,0.0031222895785199996,0.0,0.0,0.0,0.0,,,0.0,0.0,,3.5612e-10,0.0031222895785199996
mwir_std_thermal,D:\HwaSimIR\HwaSim_IR\Bin\Config\Atmosphere\MODTRAN\raw\audit_mwir_standard_20260906\mwir_std_thermal\MODOUT2.txt,W/(cm^2 sr cm^-1),W/(cm^2 cm^-1),W/(m^2 sr um),W/(m^2 um),value_si=value_native*1e8/(wavelength_um^2),2962.0,3.37609723160027,0.77770126,4.3692e-10,0.0038332931524799993,0.0,0.0,0.0,0.0,,,0.0,0.0,,4.3692e-10,0.0038332931524799993
mwir_std_thermal,D:\HwaSimIR\HwaSim_IR\Bin\Config\Atmosphere\MODTRAN\raw\audit_mwir_standard_20260906\mwir_std_thermal\MODOUT2.txt,W/(cm^2 sr cm^-1),W/(cm^2 cm^-1),W/(m^2 sr um),W/(m^2 um),value_si=value_native*1e8/(wavelength_um^2),2963.0,3.374957813027337,0.9607203,8.074e-11,0.00070884625306,0.0,0.0,0.0,0.0,,,0.0,0.0,,8.074e-11,0.00070884625306
mwir_std_thermal,D:\HwaSimIR\HwaSim_IR\Bin\Config\Atmosphere\MODTRAN\raw\audit_mwir_standard_20260906\mwir_std_thermal\MODOUT2.txt,W/(cm^2 sr cm^-1),W/(cm^2 cm^-1),W/(m^2 sr um),W/(m^2 um),value_si=value_native*1e8/(wavelength_um^2),2964.0,3.3738191632928474,0.95894295,8.6976e-11,0.000764109904896,0.0,0.0,0.0,0.0,,,0.0,0.0,,8.6976e-11,0.000764109904896
mwir_std_thermal,D:\HwaSimIR\HwaSim_IR\Bin\Config\Atmosphere\MODTRAN\raw\audit_mwir_standard_20260906\mwir_std_thermal\MODOUT2.txt,W/(cm^2 sr cm^-1),W/(cm^2 cm^-1),W/(m^2 sr um),W/(m^2 um),value_si=value_native*1e8/(wavelength_um^2),2965.0,3.372681281618887,0.90460956,1.8093e-10,0.00159059633925,0.0,0.0,0.0,0.0,,,0.0,0.0,,1.8093e-10,0.00159059633925
mwir_std_thermal,D:\HwaSimIR\HwaSim_IR\Bin\Config\Atmosphere\MODTRAN\raw\audit_mwir_standard_20260906\mwir_std_thermal\MODOUT2.txt,W/(cm^2 sr cm^-1),W/(cm^2 cm^-1),W/(m^2 sr um),W/(m^2 um),value_si=value_native*1e8/(wavelength_um^2),2966.0,3.3715441672285906,0.54757196,7.7841e-10,0.006847794201959999,0.0,0.0,0.0,0.0,,,0.0,0.0,,7.7841e-10,0.006847794201959999
mwir_std_thermal,D:\HwaSimIR\HwaSim_IR\Bin\Config\Atmosphere\MODTRAN\raw\audit_mwir_standard_20260906\mwir_std_thermal\MODOUT2.txt,W/(cm^2 sr cm^-1),W/(cm^2 cm^-1),W/(m^2 sr um),W/(m^2 um),value_si=value_native*1e8/(wavelength_um^2),2967.0,3.370407819346141,0.88968557,2.3399e-10,0.00205983479511,0.0,0.0,0.0,0.0,,,0.0,0.0,,2.3399e-10,0.00205983479511
mwir_std_thermal,D:\HwaSimIR\HwaSim_IR\Bin\Config\Atmosphere\MODTRAN\raw\audit_mwir_standard_20260906\mwir_std_thermal\MODOUT2.txt,W/(cm^2 sr cm^-1),W/(cm^2 cm^-1),W/(m^2 sr um),W/(m^2 um),value_si=value_native*1e8/(wavelength_um^2),2968.0,3.3692722371967654,0.58356655,6.4359e-10,0.00566939975616,0.0,0.0,0.0,0.0,,,0.0,0.0,,6.4359e-10,0.00566939975616
mwir_std_thermal,D:\HwaSimIR\HwaSim_IR\Bin\Config\Atmosphere\MODTRAN\raw\audit_mwir_standard_20260906\mwir_std_thermal\MODOUT2.txt,W/(cm^2 sr cm^-1),W/(cm^2 cm^-1),W/(m^2 sr um),W/(m^2 um),value_si=value_native*1e8/(wavelength_um^2),2969.0,3.3681374200067364,0.42517826,7.024e-10,0.006191628606399999,0.0,0.0,0.0,0.0,,,0.0,0.0,,7.024e-10,0.006191628606399999
mwir_std_thermal,D:\HwaSimIR\HwaSim_IR\Bin\Config\Atmosphere\MODTRAN\raw\audit_mwir_standard_20260906\mwir_std_thermal\MODOUT2.txt,W/(cm^2 sr cm^-1),W/(cm^2 cm^-1),W/(m^2 sr um),W/(m^2 um),value_si=value_native*1e8/(wavelength_um^2),2970.0,3.367003367003367,0.84617406,3.0149e-10,0.0026594131409999997,0.0,0.0,0.0,0.0,,,0.0,0.0,,3.0149e-10,0.0026594131409999997
mwir_std_thermal,D:\HwaSimIR\HwaSim_IR\Bin\Config\Atmosphere\MODTRAN\raw\audit_mwir_standard_20260906\mwir_std_thermal\MODOUT2.txt,W/(cm^2 sr cm^-1),W/(cm^2 cm^-1),W/(m^2 sr um),W/(m^2 um),value_si=value_native*1e8/(wavelength_um^2),2971.0,3.365870077415012,0.90431166,1.669e-10,0.0014731997628999998,0.0,0.0,0.0,0.0,,,0.0,0.0,,1.669e-10,0.0014731997628999998
mwir_std_thermal,D:\HwaSimIR\HwaSim_IR\Bin\Config\Atmosphere\MODTRAN\raw\audit_mwir_standard_20260906\mwir_std_thermal\MODOUT2.txt,W/(cm^2 sr cm^-1),W/(cm^2 cm^-1),W/(m^2 sr um),W/(m^2 um),value_si=value_native*1e8/(wavelength_um^2),2972.0,3.3647375504710633,0.94069755,1.2368e-10,0.0010924387251200001,0.0,0.0,0.0,0.0,,,0.0,0.0,,1.2368e-10,0.0010924387251200001
mwir_std_thermal,D:\HwaSimIR\HwaSim_IR\Bin\Config\Atmosphere\MODTRAN\raw\audit_mwir_standard_20260906\mwir_std_thermal\MODOUT2.txt,W/(cm^2 sr cm^-1),W/(cm^2 cm^-1),W/(m^2 sr um),W/(m^2 um),value_si=value_native*1e8/(wavelength_um^2),2973.0,3.3636057854019508,0.48357418,8.1107e-10,0.007168827930030001,0.0,0.0,0.0,0.0,,,0.0,0.0,,8.1107e-10,0.007168827930030001
mwir_std_thermal,D:\HwaSimIR\HwaSim_IR\Bin\Config\Atmosphere\MODTRAN\raw\audit_mwir_standard_20260906\mwir_std_thermal\MODOUT2.txt,W/(cm^2 sr cm^-1),W/(cm^2 cm^-1),W/(m^2 sr um),W/(m^2 um),value_si=value_native*1e8/(wavelength_um^2),2974.0,3.3624747814391394,0.83540046,3.5244e-10,0.0031172176094400005,0.0,0.0,0.0,0.0,,,0.0,0.0,,3.5244e-10,0.0031172176094400005
mwir_std_thermal,D:\HwaSimIR\HwaSim_IR\Bin\Config\Atmosphere\MODTRAN\raw\audit_mwir_standard_20260906\mwir_std_thermal\MODOUT2.txt,W/(cm^2 sr cm^-1),W/(cm^2 cm^-1),W/(m^2 sr um),W/(m^2 um),value_si=value_native*1e8/(wavelength_um^2),2975.0,3.361344537815126,0.54198891,7.8263e-10,0.00692676464375,0.0,0.0,0.0,0.0,,,0.0,0.0,,7.8263e-10,0.00692676464375
mwir_std_thermal,D:\HwaSimIR\HwaSim_IR\Bin\Config\Atmosphere\MODTRAN\raw\audit_mwir_standard_20260906\mwir_std_thermal\MODOUT2.txt,W/(cm^2 sr cm^-1),W/(cm^2 cm^-1),W/(m^2 sr um),W/(m^2 um),value_si=value_native*1e8/(wavelength_um^2),2976.0,3.360215053763441,0.92673081,1.4249e-10,0.00126197351424,0.0,0.0,0.0,0.0,,,0.0,0.0,,1.4249e-10,0.00126197351424
mwir_std_thermal,D:\HwaSimIR\HwaSim_IR\Bin\Config\Atmosphere\MODTRAN\raw\audit_mwir_standard_20260906\mwir_std_thermal\MODOUT2.txt,W/(cm^2 sr cm^-1),W/(cm^2 cm^-1),W/(m^2 sr um),W/(m^2 um),value_si=value_native*1e8/(wavelength_um^2),2977.0,3.359086328518643,0.9165976,1.6866e-10,0.0014947541411399997,0.0,0.0,0.0,0.0,,,0.0,0.0,,1.6866e-10,0.0014947541411399997
mwir_std_thermal,D:\HwaSimIR\HwaSim_IR\Bin\Config\Atmosphere\MODTRAN\raw\audit_mwir_standard_20260906\mwir_std_thermal\MODOUT2.txt,W/(cm^2 sr cm^-1),W/(cm^2 cm^-1),W/(m^2 sr um),W/(m^2 um),value_si=value_native*1e8/(wavelength_um^2),2978.0,3.3579583613163195,0.44560826,8.7171e-10,0.007730746187640001,0.0,0.0,0.0,0.0,,,0.0,0.0,,8.7171e-10,0.007730746187640001
mwir_std_thermal,D:\HwaSimIR\HwaSim_IR\Bin\Config\Atmosphere\MODTRAN\raw\audit_mwir_standard_20260906\mwir_std_thermal\MODOUT2.txt,W/(cm^2 sr cm^-1),W/(cm^2 cm^-1),W/(m^2 sr um),W/(m^2 um),value_si=value_native*1e8/(wavelength_um^2),2979.0,3.356831151393085,0.17525312,7.8505e-10,0.006966879907050001,0.0,0.0,0.0,0.0,,,0.0,0.0,,7.8505e-10,0.006966879907050001
mwir_std_thermal,D:\HwaSimIR\HwaSim_IR\Bin\Config\Atmosphere\MODTRAN\raw\audit_mwir_standard_20260906\mwir_std_thermal\MODOUT2.txt,W/(cm^2 sr cm^-1),W/(cm^2 cm^-1),W/(m^2 sr um),W/(m^2 um),value_si=value_native*1e8/(wavelength_um^2),2980.0,3.3557046979865772,0.64251179,5.9193e-10,0.005256575172,0.0,0.0,0.0,0.0,,,0.0,0.0,,5.9193e-10,0.005256575172
mwir_std_thermal,D:\HwaSimIR\HwaSim_IR\Bin\Config\Atmosphere\MODTRAN\raw\audit_mwir_standard_20260906\mwir_std_thermal\MODOUT2.txt,W/(cm^2 sr cm^-1),W/(cm^2 cm^-1),W/(m^2 sr um),W/(m^2 um),value_si=value_native*1e8/(wavelength_um^2),2981.0,3.354579000335458,0.7065047,5.5325e-10,0.00491637922325,0.0,0.0,0.0,0.0,,,0.0,0.0,,5.5325e-10,0.00491637922325
mwir_std_thermal,D:\HwaSimIR\HwaSim_IR\Bin\Config\Atmosphere\MODTRAN\raw\audit_mwir_standard_20260906\mwir_std_thermal\MODOUT2.txt,W/(cm^2 sr cm^-1),W/(cm^2 cm^-1),W/(m^2 sr um),W/(m^2 um),value_si=value_native*1e8/(wavelength_um^2),2982.0,3.35345405767941,0.88000047,2.2852e-10,0.00203207388048,0.0,0.0,0.0,0.0,,,0.0,0.0,,2.2852e-10,0.00203207388048
mwir_std_thermal,D:\HwaSimIR\HwaSim_IR\Bin\Config\Atmosphere\MODTRAN\raw\audit_mwir_standard_20260906\mwir_std_thermal\MODOUT2.txt,W/(cm^2 sr cm^-1),W/(cm^2 cm^-1),W/(m^2 sr um),W/(m^2 um),value_si=value_native*1e8/(wavelength_um^2),2983.0,3.352329869259135,0.92773813,1.3758e-10,0.0012242266006200003,0.0,0.0,0.0,0.0,,,0.0,0.0,,1.3758e-10,0.0012242266006200003
mwir_std_thermal,D:\HwaSimIR\HwaSim_IR\Bin\Config\Atmosphere\MODTRAN\raw\audit_mwir_standard_20260906\mwir_std_thermal\MODOUT2.txt,W/(cm^2 sr cm^-1),W/(cm^2 cm^-1),W/(m^2 sr um),W/(m^2 um),value_si=value_native*1e8/(wavelength_um^2),2984.0,3.351206434316354,0.64802623,5.8633e-10,0.00522083242048,0.0,0.0,0.0,0.0,,,0.0,0.0,,5.8633e-10,0.00522083242048
mwir_std_thermal,D:\HwaSimIR\HwaSim_IR\Bin\Config\Atmosphere\MODTRAN\raw\audit_mwir_standard_20260906\mwir_std_thermal\MODOUT2.txt,W/(cm^2 sr cm^-1),W/(cm^2 cm^-1),W/(m^2 sr um),W/(m^2 um),value_si=value_native*1e8/(wavelength_um^2),2985.0,3.3500837520938025,0.93332756,1.3428e-10,0.001196465013,0.0,0.0,0.0,0.0,,,0.0,0.0,,1.3428e-10,0.001196465013
mwir_std_thermal,D:\HwaSimIR\HwaSim_IR\Bin\Config\Atmosphere\MODTRAN\raw\audit_mwir_standard_20260906\mwir_std_thermal\MODOUT2.txt,W/(cm^2 sr cm^-1),W/(cm^2 cm^-1),W/(m^2 sr um),W/(m^2 um),value_si=value_native*1e8/(wavelength_um^2),2986.0,3.348961821835231,0.95791054,8.2981e-11,0.000739874860276,0.0,0.0,0.0,0.0,,,0.0,0.0,,8.2981e-11,0.000739874860276
mwir_std_thermal,D:\HwaSimIR\HwaSim_IR\Bin\Config\Atmosphere\MODTRAN\raw\audit_mwir_standard_20260906\mwir_std_thermal\MODOUT2.txt,W/(cm^2 sr cm^-1),W/(cm^2 cm^-1),W/(m^2 sr um),W/(m^2 um),value_si=value_native*1e8/(wavelength_um^2),2987.0,3.3478406427854033,0.82127362,3.5122e-10,0.0031336441961800003,0.0,0.0,0.0,0.0,,,0.0,0.0,,3.5122e-10,0.0031336441961800003
mwir_std_thermal,D:\HwaSimIR\HwaSim_IR\Bin\Config\Atmosphere\MODTRAN\raw\audit_mwir_standard_20260906\mwir_std_thermal\MODOUT2.txt,W/(cm^2 sr cm^-1),W/(cm^2 cm^-1),W/(m^2 sr um),W/(m^2 um),value_si=value_native*1e8/(wavelength_um^2),2988.0,3.3467202141900936,0.47321603,7.8656e-10,0.007022520944640001,0.0,0.0,0.0,0.0,,,0.0,0.0,,7.8656e-10,0.007022520944640001
mwir_std_thermal,D:\HwaSimIR\HwaSim_IR\Bin\Config\Atmosphere\MODTRAN\raw\audit_mwir_standard_20260906\mwir_std_thermal\MODOUT2.txt,W/(cm^2 sr cm^-1),W/(cm^2 cm^-1),W/(m^2 sr um),W/(m^2 um),value_si=value_native*1e8/(wavelength_um^2),2989.0,3.345600535296086,0.20746426,7.8648e-10,0.007026507484079999,0.0,0.0,0.0,0.0,,,0.0,0.0,,7.8648e-10,0.007026507484079999
mwir_std_thermal,D:\HwaSimIR\HwaSim_IR\Bin\Config\Atmosphere\MODTRAN\raw\audit_mwir_standard_20260906\mwir_std_thermal\MODOUT2.txt,W/(cm^2 sr cm^-1),W/(cm^2 cm^-1),W/(m^2 sr um),W/(m^2 um),value_si=value_native*1e8/(wavelength_um^2),2990.0,3.3444816053511706,0.83726293,2.8153e-10,0.002516906353,0.0,0.0,0.0,0.0,,,0.0,0.0,,2.8153e-10,0.002516906353
mwir_std_thermal,D:\HwaSimIR\HwaSim_IR\Bin\Config\Atmosphere\MODTRAN\raw\audit_mwir_standard_20260906\mwir_std_thermal\MODOUT2.txt,W/(cm^2 sr cm^-1),W/(cm^2 cm^-1),W/(m^2 sr um),W/(m^2 um),value_si=value_native*1e8/(wavelength_um^2),2991.0,3.3433634236041456,0.92721558,1.3996e-10,0.00125209349676,0.0,0.0,0.0,0.0,,,0.0,0.0,,1.3996e-10,0.00125209349676
mwir_std_thermal,D:\HwaSimIR\HwaSim_IR\Bin\Config\Atmosphere\MODTRAN\raw\audit_mwir_standard_20260906\mwir_std_thermal\MODOUT2.txt,W/(cm^2 sr cm^-1),W/(cm^2 cm^-1),W/(m^2 sr um),W/(m^2 um),value_si=value_native*1e8/(wavelength_um^2),2992.0,3.342245989304813,0.55575013,7.0476e-10,0.006309056624639999,0.0,0.0,0.0,0.0,,,0.0,0.0,,7.0476e-10,0.006309056624639999
mwir_std_thermal,D:\HwaSimIR\HwaSim_IR\Bin\Config\Atmosphere\MODTRAN\raw\audit_mwir_standard_20260906\mwir_std_thermal\MODOUT2.txt,W/(cm^2 sr cm^-1),W/(cm^2 cm^-1),W/(m^2 sr um),W/(m^2 um),value_si=value_native*1e8/(wavelength_um^2),2993.0,3.341129301703976,0.7635594,4.2013e-10,0.003763545126369999,0.0,0.0,0.0,0.0,,,0.0,0.0,,4.2013e-10,0.003763545126369999
mwir_std_thermal,D:\HwaSimIR\HwaSim_IR\Bin\Config\Atmosphere\MODTRAN\raw\audit_mwir_standard_20260906\mwir_std_thermal\MODOUT2.txt,W/(cm^2 sr cm^-1),W/(cm^2 cm^-1),W/(m^2 sr um),W/(m^2 um),value_si=value_native*1e8/(wavelength_um^2),2994.0,3.3400133600534403,0.42290261,8.3166e-10,0.00745503017976,0.0,0.0,0.0,0.0,,,0.0,0.0,,8.3166e-10,0.00745503017976
mwir_std_thermal,D:\HwaSimIR\HwaSim_IR\Bin\Config\Atmosphere\MODTRAN\raw\audit_mwir_standard_20260906\mwir_std_thermal\MODOUT2.txt,W/(cm^2 sr cm^-1),W/(cm^2 cm^-1),W/(m^2 sr um),W/(m^2 um),value_si=value_native*1e8/(wavelength_um^2),2995.0,3.33889816360601,0.61907572,6.2614e-10,0.005616491453500001,0.0,0.0,0.0,0.0,,,0.0,0.0,,6.2614e-10,0.005616491453500001
mwir_std_thermal,D:\HwaSimIR\HwaSim_IR\Bin\Config\Atmosphere\MODTRAN\raw\audit_mwir_standard_20260906\mwir_std_thermal\MODOUT2.txt,W/(cm^2 sr cm^-1),W/(cm^2 cm^-1),W/(m^2 sr um),W/(m^2 um),value_si=value_native*1e8/(wavelength_um^2),2996.0,3.3377837116154874,0.93066287,1.3477e-10,0.0012096976763199998,0.0,0.0,0.0,0.0,,,0.0,0.0,,1.3477e-10,0.0012096976763199998
mwir_std_thermal,D:\HwaSimIR\HwaSim_IR\Bin\Config\Atmosphere\MODTRAN\raw\audit_mwir_standard_20260906\mwir_std_thermal\MODOUT2.txt,W/(cm^2 sr cm^-1),W/(cm^2 cm^-1),W/(m^2 sr um),W/(m^2 um),value_si=value_native*1e8/(wavelength_um^2),2997.0,3.33667000333667,0.95738685,7.5495e-11,0.000678096769455,0.0,0.0,0.0,0.0,,,0.0,0.0,,7.5495e-11,0.000678096769455
mwir_std_thermal,D:\HwaSimIR\HwaSim_IR\Bin\Config\Atmosphere\MODTRAN\raw\audit_mwir_standard_20260906\mwir_std_thermal\MODOUT2.txt,W/(cm^2 sr cm^-1),W/(cm^2 cm^-1),W/(m^2 sr um),W/(m^2 um),value_si=value_native*1e8/(wavelength_um^2),2998.0,3.33555703802535,0.91713512,1.3513e-10,0.0012145489805200002,0.0,0.0,0.0,0.0,,,0.0,0.0,,1.3513e-10,0.0012145489805200002
mwir_std_thermal,D:\HwaSimIR\HwaSim_IR\Bin\Config\Atmosphere\MODTRAN\raw\audit_mwir_standard_20260906\mwir_std_thermal\MODOUT2.txt,W/(cm^2 sr cm^-1),W/(cm^2 cm^-1),W/(m^2 sr um),W/(m^2 um),value_si=value_native*1e8/(wavelength_um^2),2999.0,3.334444814938313,0.52187377,5.364e-10,0.0048243821364,0.0,0.0,0.0,0.0,,,0.0,0.0,,5.364e-10,0.0048243821364
mwir_std_thermal,D:\HwaSimIR\HwaSim_IR\Bin\Config\Atmosphere\MODTRAN\raw\audit_mwir_standard_20260906\mwir_std_thermal\MODOUT2.txt,W/(cm^2 sr cm^-1),W/(cm^2 cm^-1),W/(m^2 sr um),W/(m^2 um),value_si=value_native*1e8/(wavelength_um^2),3000.0,3.3333333333333335,0.93795621,1.0408e-10,0.0009367199999999999,0.0,0.0,0.0,0.0,,,0.0,0.0,,1.0408e-10,0.0009367199999999999
mwir_std_thermal,D:\HwaSimIR\HwaSim_IR\Bin\Config\Atmosphere\MODTRAN\raw\audit_mwir_standard_20260906\mwir_std_thermal\MODOUT2.txt,W/(cm^2 sr cm^-1),W/(cm^2 cm^-1),W/(m^2 sr um),W/(m^2 um),value_si=value_native*1e8/(wavelength_um^2),3001.0,3.332222592469177,0.93024683,1.2296e-10,0.00110737788296,0.0,0.0,0.0,0.0,,,0.0,0.0,,1.2296e-10,0.00110737788296
mwir_std_thermal,D:\HwaSimIR\HwaSim_IR\Bin\Config\Atmosphere\MODTRAN\raw\audit_mwir_standard_20260906\mwir_std_thermal\MODOUT2.txt,W/(cm^2 sr cm^-1),W/(cm^2 cm^-1),W/(m^2 sr um),W/(m^2 um),value_si=value_native*1e8/(wavelength_um^2),3002.0,3.331112591605596,0.93563771,1.1444e-10,0.0010313337377600002,0.0,0.0,0.0,0.0,,,0.0,0.0,,1.1444e-10,0.0010313337377600002
mwir_std_thermal,D:\HwaSimIR\HwaSim_IR\Bin\Config\Atmosphere\MODTRAN\raw\audit_mwir_standard_20260906\mwir_std_thermal\MODOUT2.txt,W/(cm^2 sr cm^-1),W/(cm^2 cm^-1),W/(m^2 sr um),W/(m^2 um),value_si=value_native*1e8/(wavelength_um^2),3003.0,3.33000333000333,0.77382571,3.6585e-10,0.00329923859265,0.0,0.0,0.0,0.0,,,0.0,0.0,,3.6585e-10,0.00329923859265
mwir_std_thermal,D:\HwaSimIR\HwaSim_IR\Bin\Config\Atmosphere\MODTRAN\raw\audit_mwir_standard_20260906\mwir_std_thermal\MODOUT2.txt,W/(cm^2 sr cm^-1),W/(cm^2 cm^-1),W/(m^2 sr um),W/(m^2 um),value_si=value_native*1e8/(wavelength_um^2),3004.0,3.3288948069241013,0.33938265,9.2488e-10,0.008346131918079999,0.0,0.0,0.0,0.0,,,0.0,0.0,,9.2488e-10,0.008346131918079999
mwir_std_thermal,D:\HwaSimIR\HwaSim_IR\Bin\Config\Atmosphere\MODTRAN\raw\audit_mwir_standard_20260906\mwir_std_thermal\MODOUT2.txt,W/(cm^2 sr cm^-1),W/(cm^2 cm^-1),W/(m^2 sr um),W/(m^2 um),value_si=value_native*1e8/(wavelength_um^2),3005.0,3.327787021630616,0.37023735,8.5975e-10,0.007763563993749998,0.0,0.0,0.0,0.0,,,0.0,0.0,,8.5975e-10,0.007763563993749998
mwir_std_thermal,D:\HwaSimIR\HwaSim_IR\Bin\Config\Atmosphere\MODTRAN\raw\audit_mwir_standard_20260906\mwir_std_thermal\MODOUT2.txt,W/(cm^2 sr cm^-1),W/(cm^2 cm^-1),W/(m^2 sr um),W/(m^2 um),value_si=value_native*1e8/(wavelength_um^2),3006.0,3.32667997338656,0.81730658,2.9284e-10,0.00264611278224,0.0,0.0,0.0,0.0,,,0.0,0.0,,2.9284e-10,0.00264611278224
mwir_std_thermal,D:\HwaSimIR\HwaSim_IR\Bin\Config\Atmosphere\MODTRAN\raw\audit_mwir_standard_20260906\mwir_std_thermal\MODOUT2.txt,W/(cm^2 sr cm^-1),W/(cm^2 cm^-1),W/(m^2 sr um),W/(m^2 um),value_si=value_native*1e8/(wavelength_um^2),3007.0,3.3255736614566014,0.67320877,4.5633e-10,0.00412615822017,0.0,0.0,0.0,0.0,,,0.0,0.0,,4.5633e-10,0.00412615822017
mwir_std_thermal,D:\HwaSimIR\HwaSim_IR\Bin\Config\Atmosphere\MODTRAN\raw\audit_mwir_standard_20260906\mwir_std_thermal\MODOUT2.txt,W/(cm^2 sr cm^-1),W/(cm^2 cm^-1),W/(m^2 sr um),W/(m^2 um),value_si=value_native*1e8/(wavelength_um^2),3008.0,3.324468085106383,0.65689492,4.7766e-10,0.00432189825024,0.0,0.0,0.0,0.0,,,0.0,0.0,,4.7766e-10,0.00432189825024
mwir_std_thermal,D:\HwaSimIR\HwaSim_IR\Bin\Config\Atmosphere\MODTRAN\raw\audit_mwir_standard_20260906\mwir_std_thermal\MODOUT2.txt,W/(cm^2 sr cm^-1),W/(cm^2 cm^-1),W/(m^2 sr um),W/(m^2 um),value_si=value_native*1e8/(wavelength_um^2),3009.0,3.3233632436025258,0.50785464,6.2919e-10,0.005696737224390001,0.0,0.0,0.0,0.0,,,0.0,0.0,,6.2919e-10,0.005696737224390001
mwir_std_thermal,D:\HwaSimIR\HwaSim_IR\Bin\Config\Atmosphere\MODTRAN\raw\audit_mwir_standard_20260906\mwir_std_thermal\MODOUT2.txt,W/(cm^2 sr cm^-1),W/(cm^2 cm^-1),W/(m^2 sr um),W/(m^2 um),value_si=value_native*1e8/(wavelength_um^2),3010.0,3.3222591362126246,0.15428695,9.1996e-10,0.008334929595999999,0.0,0.0,0.0,0.0,,,0.0,0.0,,9.1996e-10,0.008334929595999999
mwir_std_thermal,D:\HwaSimIR\HwaSim_IR\Bin\Config\Atmosphere\MODTRAN\raw\audit_mwir_standard_20260906\mwir_std_thermal\MODOUT2.txt,W/(cm^2 sr cm^-1),W/(cm^2 cm^-1),W/(m^2 sr um),W/(m^2 um),value_si=value_native*1e8/(wavelength_um^2),3011.0,3.3211557622052474,0.29789275,9.3184e-10,0.008448174192639999,0.0,0.0,0.0,0.0,,,0.0,0.0,,9.3184e-10,0.008448174192639999
mwir_std_thermal,D:\HwaSimIR\HwaSim_IR\Bin\Config\Atmosphere\MODTRAN\raw\audit_mwir_standard_20260906\mwir_std_thermal\MODOUT2.txt,W/(cm^2 sr cm^-1),W/(cm^2 cm^-1),W/(m^2 sr um),W/(m^2 um),value_si=value_native*1e8/(wavelength_um^2),3012.0,3.3200531208499338,0.2115901,9.8739e-10,0.00895774426416,0.0,0.0,0.0,0.0,,,0.0,0.0,,9.8739e-10,0.00895774426416
mwir_std_thermal,D:\HwaSimIR\HwaSim_IR\Bin\Config\Atmosphere\MODTRAN\raw\audit_mwir_standard_20260906\mwir_std_thermal\MODOUT2.txt,W/(cm^2 sr cm^-1),W/(cm^2 cm^-1),W/(m^2 sr um),W/(m^2 um),value_si=value_native*1e8/(wavelength_um^2),3013.0,3.318951211417192,0.08425333,8.1954e-10,0.007439922622260001,0.0,0.0,0.0,0.0,,,0.0,0.0,,8.1954e-10,0.007439922622260001
mwir_std_thermal,D:\HwaSimIR\HwaSim_IR\Bin\Config\Atmosphere\MODTRAN\raw\audit_mwir_standard_20260906\mwir_std_thermal\MODOUT2.txt,W/(cm^2 sr cm^-1),W/(cm^2 cm^-1),W/(m^2 sr um),W/(m^2 um),value_si=value_native*1e8/(wavelength_um^2),3014.0,3.3178500331785004,0.10166142,8.0474e-10,0.007310415889039999,0.0,0.0,0.0,0.0,,,0.0,0.0,,8.0474e-10,0.007310415889039999
mwir_std_thermal,D:\HwaSimIR\HwaSim_IR\Bin\Config\Atmosphere\MODTRAN\raw\audit_mwir_standard_20260906\mwir_std_thermal\MODOUT2.txt,W/(cm^2 sr cm^-1),W/(cm^2 cm^-1),W/(m^2 sr um),W/(m^2 um),value_si=value_native*1e8/(wavelength_um^2),3015.0,3.316749585406302,0.05709565,7.0655e-10,0.006422698473749999,0.0,0.0,0.0,0.0,,,0.0,0.0,,7.0655e-10,0.006422698473749999
mwir_std_thermal,D:\HwaSimIR\HwaSim_IR\Bin\Config\Atmosphere\MODTRAN\raw\audit_mwir_standard_20260906\mwir_std_thermal\MODOUT2.txt,W/(cm^2 sr cm^-1),W/(cm^2 cm^-1),W/(m^2 sr um),W/(m^2 um),value_si=value_native*1e8/(wavelength_um^2),3016.0,3.315649867374005,0.01594784,5.7224e-10,0.005205241533440001,0.0,0.0,0.0,0.0,,,0.0,0.0,,5.7224e-10,0.005205241533440001
mwir_std_thermal,D:\HwaSimIR\HwaSim_IR\Bin\Config\Atmosphere\MODTRAN\raw\audit_mwir_standard_20260906\mwir_std_thermal\MODOUT2.txt,W/(cm^2 sr cm^-1),W/(cm^2 cm^-1),W/(m^2 sr um),W/(m^2 um),value_si=value_native*1e8/(wavelength_um^2),3017.0,3.3145508783559827,0.00304112,4.7113e-10,0.004288361416570001,0.0,0.0,0.0,0.0,,,0.0,0.0,,4.7113e-10,0.004288361416570001
mwir_std_thermal,D:\HwaSimIR\HwaSim_IR\Bin\Config\Atmosphere\MODTRAN\raw\audit_mwir_standard_20260906\mwir_std_thermal\MODOUT2.txt,W/(cm^2 sr cm^-1),W/(cm^2 cm^-1),W/(m^2 sr um),W/(m^2 um),value_si=value_native*1e8/(wavelength_um^2),3018.0,3.313452617627568,0.00402837,4.6667e-10,0.00425058156108,0.0,0.0,0.0,0.0,,,0.0,0.0,,4.6667e-10,0.00425058156108
mwir_std_thermal,D:\HwaSimIR\HwaSim_IR\Bin\Config\Atmosphere\MODTRAN\raw\audit_mwir_standard_20260906\mwir_std_thermal\MODOUT2.txt,W/(cm^2 sr cm^-1),W/(cm^2 cm^-1),W/(m^2 sr um),W/(m^2 um),value_si=value_native*1e8/(wavelength_um^2),3019.0,3.3123550844650547,0.31599119,6.4464e-10,0.005875481675039999,0.0,0.0,0.0,0.0,,,0.0,0.0,,6.4464e-10,0.005875481675039999
mwir_std_thermal,D:\HwaSimIR\HwaSim_IR\Bin\Config\Atmosphere\MODTRAN\raw\audit_mwir_standard_20260906\mwir_std_thermal\MODOUT2.txt,W/(cm^2 sr cm^-1),W/(cm^2 cm^-1),W/(m^2 sr um),W/(m^2 um),value_si=value_native*1e8/(wavelength_um^2),3020.0,3.3112582781456954,0.79710859,2.9573e-10,0.002697175892,0.0,0.0,0.0,0.0,,,0.0,0.0,,2.9573e-10,0.002697175892
mwir_std_thermal,D:\HwaSimIR\HwaSim_IR\Bin\Config\Atmosphere\MODTRAN\raw\audit_mwir_standard_20260906\mwir_std_thermal\MODOUT2.txt,W/(cm^2 sr cm^-1),W/(cm^2 cm^-1),W/(m^2 sr um),W/(m^2 um),value_si=value_native*1e8/(wavelength_um^2),3021.0,3.3101621979476996,0.55778319,5.567e-10,0.005080689704699999,0.0,0.0,0.0,0.0,,,0.0,0.0,,5.567e-10,0.005080689704699999
mwir_std_thermal,D:\HwaSimIR\HwaSim_IR\Bin\Config\Atmosphere\MODTRAN\raw\audit_mwir_standard_20260906\mwir_std_thermal\MODOUT2.txt,W/(cm^2 sr cm^-1),W/(cm^2 cm^-1),W/(m^2 sr um),W/(m^2 um),value_si=value_native*1e8/(wavelength_um^2),3022.0,3.3090668431502315,0.55975455,5.6224e-10,0.005134647804160001,0.0,0.0,0.0,0.0,,,0.0,0.0,,5.6224e-10,0.005134647804160001
mwir_std_thermal,D:\HwaSimIR\HwaSim_IR\Bin\Config\Atmosphere\MODTRAN\raw\audit_mwir_standard_20260906\mwir_std_thermal\MODOUT2.txt,W/(cm^2 sr cm^-1),W/(cm^2 cm^-1),W/(m^2 sr um),W/(m^2 um),value_si=value_native*1e8/(wavelength_um^2),3023.0,3.3079722130334104,0.73230696,4.329e-10,0.0039560692041,0.0,0.0,0.0,0.0,,,0.0,0.0,,4.329e-10,0.0039560692041
mwir_std_thermal,D:\HwaSimIR\HwaSim_IR\Bin\Config\Atmosphere\MODTRAN\raw\audit_mwir_standard_20260906\mwir_std_thermal\MODOUT2.txt,W/(cm^2 sr cm^-1),W/(cm^2 cm^-1),W/(m^2 sr um),W/(m^2 um),value_si=value_native*1e8/(wavelength_um^2),3024.0,3.306878306878307,0.89041311,1.8211e-10,0.00166531873536,0.0,0.0,0.0,0.0,,,0.0,0.0,,1.8211e-10,0.00166531873536
mwir_std_thermal,D:\HwaSimIR\HwaSim_IR\Bin\Config\Atmosphere\MODTRAN\raw\audit_mwir_standard_20260906\mwir_std_thermal\MODOUT2.txt,W/(cm^2 sr cm^-1),W/(cm^2 cm^-1),W/(m^2 sr um),W/(m^2 um),value_si=value_native*1e8/(wavelength_um^2),3025.0,3.3057851239669422,0.66042221,5.2566e-10,0.004810117537499999,0.0,0.0,0.0,0.0,,,0.0,0.0,,5.2566e-10,0.004810117537499999
mwir_std_thermal,D:\HwaSimIR\HwaSim_IR\Bin\Config\Atmosphere\MODTRAN\raw\audit_mwir_standard_20260906\mwir_std_thermal\MODOUT2.txt,W/(cm^2 sr cm^-1),W/(cm^2 cm^-1),W/(m^2 sr um),W/(m^2 um),value_si=value_native*1e8/(wavelength_um^2),3026.0,3.3046926635822866,0.29080668,7.7469e-10,0.007093585330440002,0.0,0.0,0.0,0.0,,,0.0,0.0,,7.7469e-10,0.007093585330440002
mwir_std_thermal,D:\HwaSimIR\HwaSim_IR\Bin\Config\Atmosphere\MODTRAN\raw\audit_mwir_standard_20260906\mwir_std_thermal\MODOUT2.txt,W/(cm^2 sr cm^-1),W/(cm^2 cm^-1),W/(m^2 sr um),W/(m^2 um),value_si=value_native*1e8/(wavelength_um^2),3027.0,3.303600925008259,0.85473794,2.3948e-10,0.0021942903409199995,0.0,0.0,0.0,0.0,,,0.0,0.0,,2.3948e-10,0.0021942903409199995
mwir_std_thermal,D:\HwaSimIR\HwaSim_IR\Bin\Config\Atmosphere\MODTRAN\raw\audit_mwir_standard_20260906\mwir_std_thermal\MODOUT2.txt,W/(cm^2 sr cm^-1),W/(cm^2 cm^-1),W/(m^2 sr um),W/(m^2 um),value_si=value_native*1e8/(wavelength_um^2),3028.0,3.3025099075297226,0.84672517,2.3182e-10,0.0021255075068799998,0.0,0.0,0.0,0.0,,,0.0,0.0,,2.3182e-10,0.0021255075068799998
mwir_std_thermal,D:\HwaSimIR\HwaSim_IR\Bin\Config\Atmosphere\MODTRAN\raw\audit_mwir_standard_20260906\mwir_std_thermal\MODOUT2.txt,W/(cm^2 sr cm^-1),W/(cm^2 cm^-1),W/(m^2 sr um),W/(m^2 um),value_si=value_native*1e8/(wavelength_um^2),3029.0,3.301419610432486,0.53475124,4.7785e-10,0.00438419777185,0.0,0.0,0.0,0.0,,,0.0,0.0,,4.7785e-10,0.00438419777185
mwir_std_thermal,D:\HwaSimIR\HwaSim_IR\Bin\Config\Atmosphere\MODTRAN\raw\audit_mwir_standard_20260906\mwir_std_thermal\MODOUT2.txt,W/(cm^2 sr cm^-1),W/(cm^2 cm^-1),W/(m^2 sr um),W/(m^2 um),value_si=value_native*1e8/(wavelength_um^2),3030.0,3.3003300330033003,0.4699716,7.6328e-10,0.007007597351999999,0.0,0.0,0.0,0.0,,,0.0,0.0,,7.6328e-10,0.007007597351999999
mwir_std_thermal,D:\HwaSimIR\HwaSim_IR\Bin\Config\Atmosphere\MODTRAN\raw\audit_mwir_standard_20260906\mwir_std_thermal\MODOUT2.txt,W/(cm^2 sr cm^-1),W/(cm^2 cm^-1),W/(m^2 sr um),W/(m^2 um),value_si=value_native*1e8/(wavelength_um^2),3031.0,3.299241174529858,0.13782102,8.5508e-10,0.007855586611880001,0.0,0.0,0.0,0.0,,,0.0,0.0,,8.5508e-10,0.007855586611880001
mwir_std_thermal,D:\HwaSimIR\HwaSim_IR\Bin\Config\Atmosphere\MODTRAN\raw\audit_mwir_standard_20260906\mwir_std_thermal\MODOUT2.txt,W/(cm^2 sr cm^-1),W/(cm^2 cm^-1),W/(m^2 sr um),W/(m^2 um),value_si=value_native*1e8/(wavelength_um^2),3032.0,3.2981530343007917,0.0806596,8.3022e-10,0.007632232385279999,0.0,0.0,0.0,0.0,,,0.0,0.0,,8.3022e-10,0.007632232385279999
mwir_std_thermal,D:\HwaSimIR\HwaSim_IR\Bin\Config\Atmosphere\MODTRAN\raw\audit_mwir_standard_20260906\mwir_std_thermal\MODOUT2.txt,W/(cm^2 sr cm^-1),W/(cm^2 cm^-1),W/(m^2 sr um),W/(m^2 um),value_si=value_native*1e8/(wavelength_um^2),3033.0,3.297065611605671,0.69836324,4.8766e-10,0.00448602774174,0.0,0.0,0.0,0.0,,,0.0,0.0,,4.8766e-10,0.00448602774174
mwir_std_thermal,D:\HwaSimIR\HwaSim_IR\Bin\Config\Atmosphere\MODTRAN\raw\audit_mwir_standard_20260906\mwir_std_thermal\MODOUT2.txt,W/(cm^2 sr cm^-1),W/(cm^2 cm^-1),W/(m^2 sr um),W/(m^2 um),value_si=value_native*1e8/(wavelength_um^2),3034.0,3.2959789057350033,0.21851993,8.1133e-10,0.00746841921748,0.0,0.0,0.0,0.0,,,0.0,0.0,,8.1133e-10,0.00746841921748
mwir_std_thermal,D:\HwaSimIR\HwaSim_IR\Bin\Config\Atmosphere\MODTRAN\raw\audit_mwir_standard_20260906\mwir_std_thermal\MODOUT2.txt,W/(cm^2 sr cm^-1),W/(cm^2 cm^-1),W/(m^2 sr um),W/(m^2 um),value_si=value_native*1e8/(wavelength_um^2),3035.0,3.2948929159802307,0.52677,7.0536e-10,0.006497229665999999,0.0,0.0,0.0,0.0,,,0.0,0.0,,7.0536e-10,0.006497229665999999
mwir_std_thermal,D:\HwaSimIR\HwaSim_IR\Bin\Config\Atmosphere\MODTRAN\raw\audit_mwir_standard_20260906\mwir_std_thermal\MODOUT2.txt,W/(cm^2 sr cm^-1),W/(cm^2 cm^-1),W/(m^2 sr um),W/(m^2 um),value_si=value_native*1e8/(wavelength_um^2),3036.0,3.2938076416337285,0.45256165,6.5472e-10,0.006034748037120001,0.0,0.0,0.0,0.0,,,0.0,0.0,,6.5472e-10,0.006034748037120001
mwir_std_thermal,D:\HwaSimIR\HwaSim_IR\Bin\Config\Atmosphere\MODTRAN\raw\audit_mwir_standard_20260906\mwir_std_thermal\MODOUT2.txt,W/(cm^2 sr cm^-1),W/(cm^2 cm^-1),W/(m^2 sr um),W/(m^2 um),value_si=value_native*1e8/(wavelength_um^2),3037.0,3.2927230819888047,0.85738671,2.233e-10,0.0020595782977000003,0.0,0.0,0.0,0.0,,,0.0,0.0,,2.233e-10,0.0020595782977000003
mwir_std_thermal,D:\HwaSimIR\HwaSim_IR\Bin\Config\Atmosphere\MODTRAN\raw\audit_mwir_standard_20260906\mwir_std_thermal\MODOUT2.txt,W/(cm^2 sr cm^-1),W/(cm^2 cm^-1),W/(m^2 sr um),W/(m^2 um),value_si=value_native*1e8/(wavelength_um^2),3038.0,3.291639236339697,0.68856001,3.0335e-10,0.0027997518374,0.0,0.0,0.0,0.0,,,0.0,0.0,,3.0335e-10,0.0027997518374
mwir_std_thermal,D:\HwaSimIR\HwaSim_IR\Bin\Config\Atmosphere\MODTRAN\raw\audit_mwir_standard_20260906\mwir_std_thermal\MODOUT2.txt,W/(cm^2 sr cm^-1),W/(cm^2 cm^-1),W/(m^2 sr um),W/(m^2 um),value_si=value_native*1e8/(wavelength_um^2),3039.0,3.2905561039815727,0.82789439,2.2099e-10,0.0020409577857900003,0.0,0.0,0.0,0.0,,,0.0,0.0,,2.2099e-10,0.0020409577857900003
mwir_std_thermal,D:\HwaSimIR\HwaSim_IR\Bin\Config\Atmosphere\MODTRAN\raw\audit_mwir_standard_20260906\mwir_std_thermal\MODOUT2.txt,W/(cm^2 sr cm^-1),W/(cm^2 cm^-1),W/(m^2 sr um),W/(m^2 um),value_si=value_native*1e8/(wavelength_um^2),3040.0,3.289473684210526,0.95084471,7.4029e-11,0.0006841464064000001,0.0,0.0,0.0,0.0,,,0.0,0.0,,7.4029e-11,0.0006841464064000001
mwir_std_thermal,D:\HwaSimIR\HwaSim_IR\Bin\Config\Atmosphere\MODTRAN\raw\audit_mwir_standard_20260906\mwir_std_thermal\MODOUT2.txt,W/(cm^2 sr cm^-1),W/(cm^2 cm^-1),W/(m^2 sr um),W/(m^2 um),value_si=value_native*1e8/(wavelength_um^2),3041.0,3.288391976323578,0.95598626,6.7867e-11,0.0006276123664269999,0.0,0.0,0.0,0.0,,,0.0,0.0,,6.7867e-11,0.0006276123664269999
mwir_std_thermal,D:\HwaSimIR\HwaSim_IR\Bin\Config\Atmosphere\MODTRAN\raw\audit_mwir_standard_20260906\mwir_std_thermal\MODOUT2.txt,W/(cm^2 sr cm^-1),W/(cm^2 cm^-1),W/(m^2 sr um),W/(m^2 um),value_si=value_native*1e8/(wavelength_um^2),3042.0,3.287310979618672,0.93939567,9.1563e-11,0.000847302393132,0.0,0.0,0.0,0.0,,,0.0,0.0,,9.1563e-11,0.000847302393132
mwir_std_thermal,D:\HwaSimIR\HwaSim_IR\Bin\Config\Atmosphere\MODTRAN\raw\audit_mwir_standard_20260906\mwir_std_thermal\MODOUT2.txt,W/(cm^2 sr cm^-1),W/(cm^2 cm^-1),W/(m^2 sr um),W/(m^2 um),value_si=value_native*1e8/(wavelength_um^2),3043.0,3.286230693394676,0.94917297,7.5721e-11,0.000701165026129,0.0,0.0,0.0,0.0,,,0.0,0.0,,7.5721e-11,0.000701165026129
mwir_std_thermal,D:\HwaSimIR\HwaSim_IR\Bin\Config\Atmosphere\MODTRAN\raw\audit_mwir_standard_20260906\mwir_std_thermal\MODOUT2.txt,W/(cm^2 sr cm^-1),W/(cm^2 cm^-1),W/(m^2 sr um),W/(m^2 um),value_si=value_native*1e8/(wavelength_um^2),3044.0,3.2851511169513796,0.91824663,1.2089e-10,0.0011201590030400002,0.0,0.0,0.0,0.0,,,0.0,0.0,,1.2089e-10,0.0011201590030400002
mwir_std_thermal,D:\HwaSimIR\HwaSim_IR\Bin\Config\Atmosphere\MODTRAN\raw\audit_mwir_standard_20260906\mwir_std_thermal\MODOUT2.txt,W/(cm^2 sr cm^-1),W/(cm^2 cm^-1),W/(m^2 sr um),W/(m^2 um),value_si=value_native*1e8/(wavelength_um^2),3045.0,3.284072249589491,0.95081663,7.3975e-11,0.000685898049375,0.0,0.0,0.0,0.0,,,0.0,0.0,,7.3975e-11,0.000685898049375
mwir_std_thermal,D:\HwaSimIR\HwaSim_IR\Bin\Config\Atmosphere\MODTRAN\raw\audit_mwir_standard_20260906\mwir_std_thermal\MODOUT2.txt,W/(cm^2 sr cm^-1),W/(cm^2 cm^-1),W/(m^2 sr um),W/(m^2 um),value_si=value_native*1e8/(wavelength_um^2),3046.0,3.2829940906106367,0.93629116,9.4564e-11,0.0008773757614240001,0.0,0.0,0.0,0.0,,,0.0,0.0,,9.4564e-11,0.0008773757614240001
mwir_std_thermal,D:\HwaSimIR\HwaSim_IR\Bin\Config\Atmosphere\MODTRAN\raw\audit_mwir_standard_20260906\mwir_std_thermal\MODOUT2.txt,W/(cm^2 sr cm^-1),W/(cm^2 cm^-1),W/(m^2 sr um),W/(m^2 um),value_si=value_native*1e8/(wavelength_um^2),3047.0,3.2819166393173616,0.885737,1.6392e-10,0.0015218675392799999,0.0,0.0,0.0,0.0,,,0.0,0.0,,1.6392e-10,0.0015218675392799999
mwir_std_thermal,D:\HwaSimIR\HwaSim_IR\Bin\Config\Atmosphere\MODTRAN\raw\audit_mwir_standard_20260906\mwir_std_thermal\MODOUT2.txt,W/(cm^2 sr cm^-1),W/(cm^2 cm^-1),W/(m^2 sr um),W/(m^2 um),value_si=value_native*1e8/(wavelength_um^2),3048.0,3.2808398950131235,0.29432616,6.3515e-10,0.005900736585599999,0.0,0.0,0.0,0.0,,,0.0,0.0,,6.3515e-10,0.005900736585599999
mwir_std_thermal,D:\HwaSimIR\HwaSim_IR\Bin\Config\Atmosphere\MODTRAN\raw\audit_mwir_standard_20260906\mwir_std_thermal\MODOUT2.txt,W/(cm^2 sr cm^-1),W/(cm^2 cm^-1),W/(m^2 sr um),W/(m^2 um),value_si=value_native*1e8/(wavelength_um^2),3049.0,3.279763857002296,0.08060662,7.3855e-10,0.00686585695855,0.0,0.0,0.0,0.0,,,0.0,0.0,,7.3855e-10,0.00686585695855
mwir_std_thermal,D:\HwaSimIR\HwaSim_IR\Bin\Config\Atmosphere\MODTRAN\raw\audit_mwir_standard_20260906\mwir_std_thermal\MODOUT2.txt,W/(cm^2 sr cm^-1),W/(cm^2 cm^-1),W/(m^2 sr um),W/(m^2 um),value_si=value_native*1e8/(wavelength_um^2),3050.0,3.278688524590164,0.78137159,3.2251e-10,0.003000149275,0.0,0.0,0.0,0.0,,,0.0,0.0,,3.2251e-10,0.003000149275
mwir_std_thermal,D:\HwaSimIR\HwaSim_IR\Bin\Config\Atmosphere\MODTRAN\raw\audit_mwir_standard_20260906\mwir_std_thermal\MODOUT2.txt,W/(cm^2 sr cm^-1),W/(cm^2 cm^-1),W/(m^2 sr um),W/(m^2 um),value_si=value_native*1e8/(wavelength_um^2),3051.0,3.2776138970829236,0.85056216,2.1693e-10,0.00201931481493,0.0,0.0,0.0,0.0,,,0.0,0.0,,2.1693e-10,0.00201931481493
mwir_std_thermal,D:\HwaSimIR\HwaSim_IR\Bin\Config\Atmosphere\MODTRAN\raw\audit_mwir_standard_20260906\mwir_std_thermal\MODOUT2.txt,W/(cm^2 sr cm^-1),W/(cm^2 cm^-1),W/(m^2 sr um),W/(m^2 um),value_si=value_native*1e8/(wavelength_um^2),3052.0,3.2765399737876804,0.87211287,1.843e-10,0.0017166999471999998,0.0,0.0,0.0,0.0,,,0.0,0.0,,1.843e-10,0.0017166999471999998
mwir_std_thermal,D:\HwaSimIR\HwaSim_IR\Bin\Config\Atmosphere\MODTRAN\raw\audit_mwir_standard_20260906\mwir_std_thermal\MODOUT2.txt,W/(cm^2 sr cm^-1),W/(cm^2 cm^-1),W/(m^2 sr um),W/(m^2 um),value_si=value_native*1e8/(wavelength_um^2),3053.0,3.275466754012447,0.9157759,1.1996e-10,0.00111812424764,0.0,0.0,0.0,0.0,,,0.0,0.0,,1.1996e-10,0.00111812424764
mwir_std_thermal,D:\HwaSimIR\HwaSim_IR\Bin\Config\Atmosphere\MODTRAN\raw\audit_mwir_standard_20260906\mwir_std_thermal\MODOUT2.txt,W/(cm^2 sr cm^-1),W/(cm^2 cm^-1),W/(m^2 sr um),W/(m^2 um),value_si=value_native*1e8/(wavelength_um^2),3054.0,3.2743942370661427,0.89713717,1.4717e-10,0.0013726422277199998,0.0,0.0,0.0,0.0,,,0.0,0.0,,1.4717e-10,0.0013726422277199998
mwir_std_thermal,D:\HwaSimIR\HwaSim_IR\Bin\Config\Atmosphere\MODTRAN\raw\audit_mwir_standard_20260906\mwir_std_thermal\MODOUT2.txt,W/(cm^2 sr cm^-1),W/(cm^2 cm^-1),W/(m^2 sr um),W/(m^2 um),value_si=value_native*1e8/(wavelength_um^2),3055.0,3.2733224222585924,0.74588501,3.6128e-10,0.003371835272,0.0,0.0,0.0,0.0,,,0.0,0.0,,3.6128e-10,0.003371835272
mwir_std_thermal,D:\HwaSimIR\HwaSim_IR\Bin\Config\Atmosphere\MODTRAN\raw\audit_mwir_standard_20260906\mwir_std_thermal\MODOUT2.txt,W/(cm^2 sr cm^-1),W/(cm^2 cm^-1),W/(m^2 sr um),W/(m^2 um),value_si=value_native*1e8/(wavelength_um^2),3056.0,3.2722513089005236,0.15300339,7.1877e-10,0.006712690782719999,0.0,0.0,0.0,0.0,,,0.0,0.0,,7.1877e-10,0.006712690782719999
mwir_std_thermal,D:\HwaSimIR\HwaSim_IR\Bin\Config\Atmosphere\MODTRAN\raw\audit_mwir_standard_20260906\mwir_std_thermal\MODOUT2.txt,W/(cm^2 sr cm^-1),W/(cm^2 cm^-1),W/(m^2 sr um),W/(m^2 um),value_si=value_native*1e8/(wavelength_um^2),3057.0,3.271180896303566,0.1738793,8.7857e-10,0.00821045541393,0.0,0.0,0.0,0.0,,,0.0,0.0,,8.7857e-10,0.00821045541393
mwir_std_thermal,D:\HwaSimIR\HwaSim_IR\Bin\Config\Atmosphere\MODTRAN\raw\audit_mwir_standard_20260906\mwir_std_thermal\MODOUT2.txt,W/(cm^2 sr cm^-1),W/(cm^2 cm^-1),W/(m^2 sr um),W/(m^2 um),value_si=value_native*1e8/(wavelength_um^2),3058.0,3.2701111837802483,0.27870667,5.3494e-10,0.00500241865816,0.0,0.0,0.0,0.0,,,0.0,0.0,,5.3494e-10,0.00500241865816
mwir_std_thermal,D:\HwaSimIR\HwaSim_IR\Bin\Config\Atmosphere\MODTRAN\raw\audit_mwir_standard_20260906\mwir_std_thermal\MODOUT2.txt,W/(cm^2 sr cm^-1),W/(cm^2 cm^-1),W/(m^2 sr um),W/(m^2 um),value_si=value_native*1e8/(wavelength_um^2),3059.0,3.2690421706440014,0.7623207,3.2036e-10,0.00299776261316,0.0,0.0,0.0,0.0,,,0.0,0.0,,3.2036e-10,0.00299776261316
mwir_std_thermal,D:\HwaSimIR\HwaSim_IR\Bin\Config\Atmosphere\MODTRAN\raw\audit_mwir_standard_20260906\mwir_std_thermal\MODOUT2.txt,W/(cm^2 sr cm^-1),W/(cm^2 cm^-1),W/(m^2 sr um),W/(m^2 um),value_si=value_native*1e8/(wavelength_um^2),3060.0,3.2679738562091503,0.30283251,6.7707e-10,0.006339812652,0.0,0.0,0.0,0.0,,,0.0,0.0,,6.7707e-10,0.006339812652
mwir_std_thermal,D:\HwaSimIR\HwaSim_IR\Bin\Config\Atmosphere\MODTRAN\raw\audit_mwir_standard_20260906\mwir_std_thermal\MODOUT2.txt,W/(cm^2 sr cm^-1),W/(cm^2 cm^-1),W/(m^2 sr um),W/(m^2 um),value_si=value_native*1e8/(wavelength_um^2),3061.0,3.266906239790918,0.75208724,3.4301e-10,0.00321390800021,0.0,0.0,0.0,0.0,,,0.0,0.0,,3.4301e-10,0.00321390800021
mwir_std_thermal,D:\HwaSimIR\HwaSim_IR\Bin\Config\Atmosphere\MODTRAN\raw\audit_mwir_standard_20260906\mwir_std_thermal\MODOUT2.txt,W/(cm^2 sr cm^-1),W/(cm^2 cm^-1),W/(m^2 sr um),W/(m^2 um),value_si=value_native*1e8/(wavelength_um^2),3062.0,3.2658393207054215,0.86667502,1.894e-10,0.0017757848536,0.0,0.0,0.0,0.0,,,0.0,0.0,,1.894e-10,0.0017757848536
mwir_std_thermal,D:\HwaSimIR\HwaSim_IR\Bin\Config\Atmosphere\MODTRAN\raw\audit_mwir_standard_20260906\mwir_std_thermal\MODOUT2.txt,W/(cm^2 sr cm^-1),W/(cm^2 cm^-1),W/(m^2 sr um),W/(m^2 um),value_si=value_native*1e8/(wavelength_um^2),3063.0,3.26477309826967,0.75009751,3.4561e-10,0.0032425023060900005,0.0,0.0,0.0,0.0,,,0.0,0.0,,3.4561e-10,0.0032425023060900005
mwir_std_thermal,D:\HwaSimIR\HwaSim_IR\Bin\Config\Atmosphere\MODTRAN\raw\audit_mwir_standard_20260906\mwir_std_thermal\MODOUT2.txt,W/(cm^2 sr cm^-1),W/(cm^2 cm^-1),W/(m^2 sr um),W/(m^2 um),value_si=value_native*1e8/(wavelength_um^2),3064.0,3.2637075718015667,0.24752957,6.777e-10,0.006362312659200001,0.0,0.0,0.0,0.0,,,0.0,0.0,,6.777e-10,0.006362312659200001
mwir_std_thermal,D:\HwaSimIR\HwaSim_IR\Bin\Config\Atmosphere\MODTRAN\raw\audit_mwir_standard_20260906\mwir_std_thermal\MODOUT2.txt,W/(cm^2 sr cm^-1),W/(cm^2 cm^-1),W/(m^2 sr um),W/(m^2 um),value_si=value_native*1e8/(wavelength_um^2),3065.0,3.2626427406199023,0.3739678,7.22e-10,0.006782630449999999,0.0,0.0,0.0,0.0,,,0.0,0.0,,7.22e-10,0.006782630449999999
mwir_std_thermal,D:\HwaSimIR\HwaSim_IR\Bin\Config\Atmosphere\MODTRAN\raw\audit_mwir_standard_20260906\mwir_std_thermal\MODOUT2.txt,W/(cm^2 sr cm^-1),W/(cm^2 cm^-1),W/(m^2 sr um),W/(m^2 um),value_si=value_native*1e8/(wavelength_um^2),3066.0,3.2615786040443573,0.29967201,7.6649e-10,0.0072052788704399994,0.0,0.0,0.0,0.0,,,0.0,0.0,,7.6649e-10,0.0072052788704399994
mwir_std_thermal,D:\HwaSimIR\HwaSim_IR\Bin\Config\Atmosphere\MODTRAN\raw\audit_mwir_standard_20260906\mwir_std_thermal\MODOUT2.txt,W/(cm^2 sr cm^-1),W/(cm^2 cm^-1),W/(m^2 sr um),W/(m^2 um),value_si=value_native*1e8/(wavelength_um^2),3067.0,3.2605151613955003,0.02432224,5.2971e-10,0.00498271128819,0.0,0.0,0.0,0.0,,,0.0,0.0,,5.2971e-10,0.00498271128819
mwir_std_thermal,D:\HwaSimIR\HwaSim_IR\Bin\Config\Atmosphere\MODTRAN\raw\audit_mwir_standard_20260906\mwir_std_thermal\MODOUT2.txt,W/(cm^2 sr cm^-1),W/(cm^2 cm^-1),W/(m^2 sr um),W/(m^2 um),value_si=value_native*1e8/(wavelength_um^2),3068.0,3.259452411994785,0.46283221,5.9464e-10,0.00559712273536,0.0,0.0,0.0,0.0,,,0.0,0.0,,5.9464e-10,0.00559712273536
mwir_std_thermal,D:\HwaSimIR\HwaSim_IR\Bin\Config\Atmosphere\MODTRAN\raw\audit_mwir_standard_20260906\mwir_std_thermal\MODOUT2.txt,W/(cm^2 sr cm^-1),W/(cm^2 cm^-1),W/(m^2 sr um),W/(m^2 um),value_si=value_native*1e8/(wavelength_um^2),3069.0,3.258390355164549,0.81386781,2.3696e-10,0.0022318696065599998,0.0,0.0,0.0,0.0,,,0.0,0.0,,2.3696e-10,0.0022318696065599998
mwir_std_thermal,D:\HwaSimIR\HwaSim_IR\Bin\Config\Atmosphere\MODTRAN\raw\audit_mwir_standard_20260906\mwir_std_thermal\MODOUT2.txt,W/(cm^2 sr cm^-1),W/(cm^2 cm^-1),W/(m^2 sr um),W/(m^2 um),value_si=value_native*1e8/(wavelength_um^2),3070.0,3.257328990228013,0.87637961,1.5306e-10,0.0014425751940000003,0.0,0.0,0.0,0.0,,,0.0,0.0,,1.5306e-10,0.0014425751940000003
mwir_std_thermal,D:\HwaSimIR\HwaSim_IR\Bin\Config\Atmosphere\MODTRAN\raw\audit_mwir_standard_20260906\mwir_std_thermal\MODOUT2.txt,W/(cm^2 sr cm^-1),W/(cm^2 cm^-1),W/(m^2 sr um),W/(m^2 um),value_si=value_native*1e8/(wavelength_um^2),3071.0,3.2562683165092805,0.91085643,1.1344e-10,0.00106985729104,0.0,0.0,0.0,0.0,,,0.0,0.0,,1.1344e-10,0.00106985729104
mwir_std_thermal,D:\HwaSimIR\HwaSim_IR\Bin\Config\Atmosphere\MODTRAN\raw\audit_mwir_standard_20260906\mwir_std_thermal\MODOUT2.txt,W/(cm^2 sr cm^-1),W/(cm^2 cm^-1),W/(m^2 sr um),W/(m^2 um),value_si=value_native*1e8/(wavelength_um^2),3072.0,3.2552083333333335,0.93270141,8.7796e-11,0.0008285470064639999,0.0,0.0,0.0,0.0,,,0.0,0.0,,8.7796e-11,0.0008285470064639999
mwir_std_thermal,D:\HwaSimIR\HwaSim_IR\Bin\Config\Atmosphere\MODTRAN\raw\audit_mwir_standard_20260906\mwir_std_thermal\MODOUT2.txt,W/(cm^2 sr cm^-1),W/(cm^2 cm^-1),W/(m^2 sr um),W/(m^2 um),value_si=value_native*1e8/(wavelength_um^2),3073.0,3.254149040026033,0.89323258,1.2838e-10,0.0012123345770200002,0.0,0.0,0.0,0.0,,,0.0,0.0,,1.2838e-10,0.0012123345770200002
mwir_std_thermal,D:\HwaSimIR\HwaSim_IR\Bin\Config\Atmosphere\MODTRAN\raw\audit_mwir_standard_20260906\mwir_std_thermal\MODOUT2.txt,W/(cm^2 sr cm^-1),W/(cm^2 cm^-1),W/(m^2 sr um),W/(m^2 um),value_si=value_native*1e8/(wavelength_um^2),3074.0,3.2530904359141184,0.91522002,1.0517e-10,0.00099380139092,0.0,0.0,0.0,0.0,,,0.0,0.0,,1.0517e-10,0.00099380139092
mwir_std_thermal,D:\HwaSimIR\HwaSim_IR\Bin\Config\Atmosphere\MODTRAN\raw\audit_mwir_standard_20260906\mwir_std_thermal\MODOUT2.txt,W/(cm^2 sr cm^-1),W/(cm^2 cm^-1),W/(m^2 sr um),W/(m^2 um),value_si=value_native*1e8/(wavelength_um^2),3075.0,3.252032520325203,0.89699912,1.2877e-10,0.0012176008312500001,0.0,0.0,0.0,0.0,,,0.0,0.0,,1.2877e-10,0.0012176008312500001
mwir_std_thermal,D:\HwaSimIR\HwaSim_IR\Bin\Config\Atmosphere\MODTRAN\raw\audit_mwir_standard_20260906\mwir_std_thermal\MODOUT2.txt,W/(cm^2 sr cm^-1),W/(cm^2 cm^-1),W/(m^2 sr um),W/(m^2 um),value_si=value_native*1e8/(wavelength_um^2),3076.0,3.250975292587776,0.65783781,3.5172e-10,0.003327895854720001,0.0,0.0,0.0,0.0,,,0.0,0.0,,3.5172e-10,0.003327895854720001
mwir_std_thermal,D:\HwaSimIR\HwaSim_IR\Bin\Config\Atmosphere\MODTRAN\raw\audit_mwir_standard_20260906\mwir_std_thermal\MODOUT2.txt,W/(cm^2 sr cm^-1),W/(cm^2 cm^-1),W/(m^2 sr um),W/(m^2 um),value_si=value_native*1e8/(wavelength_um^2),3077.0,3.249918752031199,0.3030301,5.0998e-10,0.004828454431420001,0.0,0.0,0.0,0.0,,,0.0,0.0,,5.0998e-10,0.004828454431420001
mwir_std_thermal,D:\HwaSimIR\HwaSim_IR\Bin\Config\Atmosphere\MODTRAN\raw\audit_mwir_standard_20260906\mwir_std_thermal\MODOUT2.txt,W/(cm^2 sr cm^-1),W/(cm^2 cm^-1),W/(m^2 sr um),W/(m^2 um),value_si=value_native*1e8/(wavelength_um^2),3078.0,3.248862897985705,0.21607414,6.7195e-10,0.006366110743800001,0.0,0.0,0.0,0.0,,,0.0,0.0,,6.7195e-10,0.006366110743800001
mwir_std_thermal,D:\HwaSimIR\HwaSim_IR\Bin\Config\Atmosphere\MODTRAN\raw\audit_mwir_standard_20260906\mwir_std_thermal\MODOUT2.txt,W/(cm^2 sr cm^-1),W/(cm^2 cm^-1),W/(m^2 sr um),W/(m^2 um),value_si=value_native*1e8/(wavelength_um^2),3079.0,3.247807729782397,0.42858049,6.4426e-10,0.00610774006666,0.0,0.0,0.0,0.0,,,0.0,0.0,,6.4426e-10,0.00610774006666
mwir_std_thermal,D:\HwaSimIR\HwaSim_IR\Bin\Config\Atmosphere\MODTRAN\raw\audit_mwir_standard_20260906\mwir_std_thermal\MODOUT2.txt,W/(cm^2 sr cm^-1),W/(cm^2 cm^-1),W/(m^2 sr um),W/(m^2 um),value_si=value_native*1e8/(wavelength_um^2),3080.0,3.2467532467532467,0.22998786,6.3465e-10,0.00602054376,0.0,0.0,0.0,0.0,,,0.0,0.0,,6.3465e-10,0.00602054376
mwir_std_thermal,D:\HwaSimIR\HwaSim_IR\Bin\Config\Atmosphere\MODTRAN\raw\audit_mwir_standard_20260906\mwir_std_thermal\MODOUT2.txt,W/(cm^2 sr cm^-1),W/(cm^2 cm^-1),W/(m^2 sr um),W/(m^2 um),value_si=value_native*1e8/(wavelength_um^2),3081.0,3.2456994482310937,0.32127938,6.011e-10,0.005705978417100001,0.0,0.0,0.0,0.0,,,0.0,0.0,,6.011e-10,0.005705978417100001
mwir_std_thermal,D:\HwaSimIR\HwaSim_IR\Bin\Config\Atmosphere\MODTRAN\raw\audit_mwir_standard_20260906\mwir_std_thermal\MODOUT2.txt,W/(cm^2 sr cm^-1),W/(cm^2 cm^-1),W/(m^2 sr um),W/(m^2 um),value_si=value_native*1e8/(wavelength_um^2),3082.0,3.244646333549643,0.4374831,6.6467e-10,0.0063135168810800005,0.0,0.0,0.0,0.0,,,0.0,0.0,,6.6467e-10,0.0063135168810800005
mwir_std_thermal,D:\HwaSimIR\HwaSim_IR\Bin\Config\Atmosphere\MODTRAN\raw\audit_mwir_standard_20260906\mwir_std_thermal\MODOUT2.txt,W/(cm^2 sr cm^-1),W/(cm^2 cm^-1),W/(m^2 sr um),W/(m^2 um),value_si=value_native*1e8/(wavelength_um^2),3083.0,3.243593902043464,0.43857542,5.2765e-10,0.005015254680850001,0.0,0.0,0.0,0.0,,,0.0,0.0,,5.2765e-10,0.005015254680850001
mwir_std_thermal,D:\HwaSimIR\HwaSim_IR\Bin\Config\Atmosphere\MODTRAN\raw\audit_mwir_standard_20260906\mwir_std_thermal\MODOUT2.txt,W/(cm^2 sr cm^-1),W/(cm^2 cm^-1),W/(m^2 sr um),W/(m^2 um),value_si=value_native*1e8/(wavelength_um^2),3084.0,3.2425421530479897,0.81450093,2.2139e-10,0.00210565268784,0.0,0.0,0.0,0.0,,,0.0,0.0,,2.2139e-10,0.00210565268784
mwir_std_thermal,D:\HwaSimIR\HwaSim_IR\Bin\Config\Atmosphere\MODTRAN\raw\audit_mwir_standard_20260906\mwir_std_thermal\MODOUT2.txt,W/(cm^2 sr cm^-1),W/(cm^2 cm^-1),W/(m^2 sr um),W/(m^2 um),value_si=value_native*1e8/(wavelength_um^2),3085.0,3.2414910858995136,0.74487257,2.7239e-10,0.0025923969177500004,0.0,0.0,0.0,0.0,,,0.0,0.0,,2.7239e-10,0.0025923969177500004
mwir_std_thermal,D:\HwaSimIR\HwaSim_IR\Bin\Config\Atmosphere\MODTRAN\raw\audit_mwir_standard_20260906\mwir_std_thermal\MODOUT2.txt,W/(cm^2 sr cm^-1),W/(cm^2 cm^-1),W/(m^2 sr um),W/(m^2 um),value_si=value_native*1e8/(wavelength_um^2),3086.0,3.240440699935191,0.1313213,4.7926e-10,0.00456418276696,0.0,0.0,0.0,0.0,,,0.0,0.0,,4.7926e-10,0.00456418276696
mwir_std_thermal,D:\HwaSimIR\HwaSim_IR\Bin\Config\Atmosphere\MODTRAN\raw\audit_mwir_standard_20260906\mwir_std_thermal\MODOUT2.txt,W/(cm^2 sr cm^-1),W/(cm^2 cm^-1),W/(m^2 sr um),W/(m^2 um),value_si=value_native*1e8/(wavelength_um^2),3087.0,3.2393909944930352,0.45558175,5.2284e-10,0.004982439855960001,0.0,0.0,0.0,0.0,,,0.0,0.0,,5.2284e-10,0.004982439855960001
mwir_std_thermal,D:\HwaSimIR\HwaSim_IR\Bin\Config\Atmosphere\MODTRAN\raw\audit_mwir_standard_20260906\mwir_std_thermal\MODOUT2.txt,W/(cm^2 sr cm^-1),W/(cm^2 cm^-1),W/(m^2 sr um),W/(m^2 um),value_si=value_native*1e8/(wavelength_um^2),3088.0,3.238341968911917,0.81006092,2.3078e-10,0.00220065900032,0.0,0.0,0.0,0.0,,,0.0,0.0,,2.3078e-10,0.00220065900032
mwir_std_thermal,D:\HwaSimIR\HwaSim_IR\Bin\Config\Atmosphere\MODTRAN\raw\audit_mwir_standard_20260906\mwir_std_thermal\MODOUT2.txt,W/(cm^2 sr cm^-1),W/(cm^2 cm^-1),W/(m^2 sr um),W/(m^2 um),value_si=value_native*1e8/(wavelength_um^2),3089.0,3.237293622531564,0.91290915,1.0475e-10,0.0009995162247499999,0.0,0.0,0.0,0.0,,,0.0,0.0,,1.0475e-10,0.0009995162247499999
mwir_std_thermal,D:\HwaSimIR\HwaSim_IR\Bin\Config\Atmosphere\MODTRAN\raw\audit_mwir_standard_20260906\mwir_std_thermal\MODOUT2.txt,W/(cm^2 sr cm^-1),W/(cm^2 cm^-1),W/(m^2 sr um),W/(m^2 um),value_si=value_native*1e8/(wavelength_um^2),3090.0,3.236245954692557,0.83729345,1.7002e-10,0.0016233679619999998,0.0,0.0,0.0,0.0,,,0.0,0.0,,1.7002e-10,0.0016233679619999998
mwir_std_thermal,D:\HwaSimIR\HwaSim_IR\Bin\Config\Atmosphere\MODTRAN\raw\audit_mwir_standard_20260906\mwir_std_thermal\MODOUT2.txt,W/(cm^2 sr cm^-1),W/(cm^2 cm^-1),W/(m^2 sr um),W/(m^2 um),value_si=value_native*1e8/(wavelength_um^2),3091.0,3.2351989647363313,0.90717775,1.1318e-10,0.00108135352358,0.0,0.0,0.0,0.0,,,0.0,0.0,,1.1318e-10,0.00108135352358
mwir_std_thermal,D:\HwaSimIR\HwaSim_IR\Bin\Config\Atmosphere\MODTRAN\raw\audit_mwir_standard_20260906\mwir_std_thermal\MODOUT2.txt,W/(cm^2 sr cm^-1),W/(cm^2 cm^-1),W/(m^2 sr um),W/(m^2 um),value_si=value_native*1e8/(wavelength_um^2),3092.0,3.2341526520051747,0.89293569,1.3138e-10,0.00125605376032,0.0,0.0,0.0,0.0,,,0.0,0.0,,1.3138e-10,0.00125605376032
mwir_std_thermal,D:\HwaSimIR\HwaSim_IR\Bin\Config\Atmosphere\MODTRAN\raw\audit_mwir_standard_20260906\mwir_std_thermal\MODOUT2.txt,W/(cm^2 sr cm^-1),W/(cm^2 cm^-1),W/(m^2 sr um),W/(m^2 um),value_si=value_native*1e8/(wavelength_um^2),3093.0,3.2331070158422244,0.72646254,3.2321e-10,0.00309203662329,0.0,0.0,0.0,0.0,,,0.0,0.0,,3.2321e-10,0.00309203662329
mwir_std_thermal,D:\HwaSimIR\HwaSim_IR\Bin\Config\Atmosphere\MODTRAN\raw\audit_mwir_standard_20260906\mwir_std_thermal\MODOUT2.txt,W/(cm^2 sr cm^-1),W/(cm^2 cm^-1),W/(m^2 sr um),W/(m^2 um),value_si=value_native*1e8/(wavelength_um^2),3094.0,3.2320620555914674,0.28398103,6.1341e-10,0.0058720733307599995,0.0,0.0,0.0,0.0,,,0.0,0.0,,6.1341e-10,0.0058720733307599995
mwir_std_thermal,D:\HwaSimIR\HwaSim_IR\Bin\Config\Atmosphere\MODTRAN\raw\audit_mwir_standard_20260906\mwir_std_thermal\MODOUT2.txt,W/(cm^2 sr cm^-1),W/(cm^2 cm^-1),W/(m^2 sr um),W/(m^2 um),value_si=value_native*1e8/(wavelength_um^2),3095.0,3.231017770597738,0.09440251,5.3109e-10,0.00508732438725,0.0,0.0,0.0,0.0,,,0.0,0.0,,5.3109e-10,0.00508732438725
mwir_std_thermal,D:\HwaSimIR\HwaSim_IR\Bin\Config\Atmosphere\MODTRAN\raw\audit_mwir_standard_20260906\mwir_std_thermal\MODOUT2.txt,W/(cm^2 sr cm^-1),W/(cm^2 cm^-1),W/(m^2 sr um),W/(m^2 um),value_si=value_native*1e8/(wavelength_um^2),3096.0,3.2299741602067185,0.04095364,5.7192e-10,0.00548197673472,0.0,0.0,0.0,0.0,,,0.0,0.0,,5.7192e-10,0.00548197673472
mwir_std_thermal,D:\HwaSimIR\HwaSim_IR\Bin\Config\Atmosphere\MODTRAN\raw\audit_mwir_standard_20260906\mwir_std_thermal\MODOUT2.txt,W/(cm^2 sr cm^-1),W/(cm^2 cm^-1),W/(m^2 sr um),W/(m^2 um),value_si=value_native*1e8/(wavelength_um^2),3097.0,3.228931223764934,0.36825988,6.266e-10,0.006009976879399998,0.0,0.0,0.0,0.0,,,0.0,0.0,,6.266e-10,0.006009976879399998
mwir_std_thermal,D:\HwaSimIR\HwaSim_IR\Bin\Config\Atmosphere\MODTRAN\raw\audit_mwir_standard_20260906\mwir_std_thermal\MODOUT2.txt,W/(cm^2 sr cm^-1),W/(cm^2 cm^-1),W/(m^2 sr um),W/(m^2 um),value_si=value_native*1e8/(wavelength_um^2),3098.0,3.2278889606197545,0.77534711,2.6925e-10,0.002584154877,0.0,0.0,0.0,0.0,,,0.0,0.0,,2.6925e-10,0.002584154877
mwir_std_thermal,D:\HwaSimIR\HwaSim_IR\Bin\Config\Atmosphere\MODTRAN\raw\audit_mwir_standard_20260906\mwir_std_thermal\MODOUT2.txt,W/(cm^2 sr cm^-1),W/(cm^2 cm^-1),W/(m^2 sr um),W/(m^2 um),value_si=value_native*1e8/(wavelength_um^2),3099.0,3.226847370119393,0.54014587,5.0481e-10,0.004848094782810001,0.0,0.0,0.0,0.0,,,0.0,0.0,,5.0481e-10,0.004848094782810001
mwir_std_thermal,D:\HwaSimIR\HwaSim_IR\Bin\Config\Atmosphere\MODTRAN\raw\audit_mwir_standard_20260906\mwir_std_thermal\MODOUT2.txt,W/(cm^2 sr cm^-1),W/(cm^2 cm^-1),W/(m^2 sr um),W/(m^2 um),value_si=value_native*1e8/(wavelength_um^2),3100.0,3.225806451612903,0.18282445,6.1673e-10,0.005926775300000001,0.0,0.0,0.0,0.0,,,0.0,0.0,,6.1673e-10,0.005926775300000001
mwir_std_thermal,D:\HwaSimIR\HwaSim_IR\Bin\Config\Atmosphere\MODTRAN\raw\audit_mwir_standard_20260906\mwir_std_thermal\MODOUT2.txt,W/(cm^2 sr cm^-1),W/(cm^2 cm^-1),W/(m^2 sr um),W/(m^2 um),value_si=value_native*1e8/(wavelength_um^2),3101.0,3.2247662044501775,0.08064054,5.991e-10,0.005761066019100001,0.0,0.0,0.0,0.0,,,0.0,0.0,,5.991e-10,0.005761066019100001
mwir_std_thermal,D:\HwaSimIR\HwaSim_IR\Bin\Config\Atmosphere\MODTRAN\raw\audit_mwir_standard_20260906\mwir_std_thermal\MODOUT2.txt,W/(cm^2 sr cm^-1),W/(cm^2 cm^-1),W/(m^2 sr um),W/(m^2 um),value_si=value_native*1e8/(wavelength_um^2),3102.0,3.223726627981947,0.28496587,6.767e-10,0.006511480786800001,0.0,0.0,0.0,0.0,,,0.0,0.0,,6.767e-10,0.006511480786800001
mwir_std_thermal,D:\HwaSimIR\HwaSim_IR\Bin\Config\Atmosphere\MODTRAN\raw\audit_mwir_standard_20260906\mwir_std_thermal\MODOUT2.txt,W/(cm^2 sr cm^-1),W/(cm^2 cm^-1),W/(m^2 sr um),W/(m^2 um),value_si=value_native*1e8/(wavelength_um^2),3103.0,3.222687721559781,0.11836603,6.0853e-10,0.00585929743477,0.0,0.0,0.0,0.0,,,0.0,0.0,,6.0853e-10,0.00585929743477
mwir_std_thermal,D:\HwaSimIR\HwaSim_IR\Bin\Config\Atmosphere\MODTRAN\raw\audit_mwir_standard_20260906\mwir_std_thermal\MODOUT2.txt,W/(cm^2 sr cm^-1),W/(cm^2 cm^-1),W/(m^2 sr um),W/(m^2 um),value_si=value_native*1e8/(wavelength_um^2),3104.0,3.2216494845360826,0.37003624,4.7268e-10,0.0045541848268799996,0.0,0.0,0.0,0.0,,,0.0,0.0,,4.7268e-10,0.0045541848268799996
mwir_std_thermal,D:\HwaSimIR\HwaSim_IR\Bin\Config\Atmosphere\MODTRAN\raw\audit_mwir_standard_20260906\mwir_std_thermal\MODOUT2.txt,W/(cm^2 sr cm^-1),W/(cm^2 cm^-1),W/(m^2 sr um),W/(m^2 um),value_si=value_native*1e8/(wavelength_um^2),3105.0,3.2206119162640903,0.5886969,3.4029e-10,0.00328074439725,0.0,0.0,0.0,0.0,,,0.0,0.0,,3.4029e-10,0.00328074439725
mwir_std_thermal,D:\HwaSimIR\HwaSim_IR\Bin\Config\Atmosphere\MODTRAN\raw\audit_mwir_standard_20260906\mwir_std_thermal\MODOUT2.txt,W/(cm^2 sr cm^-1),W/(cm^2 cm^-1),W/(m^2 sr um),W/(m^2 um),value_si=value_native*1e8/(wavelength_um^2),3106.0,3.219575016097875,0.7402392,2.8857e-10,0.0027839028925200006,0.0,0.0,0.0,0.0,,,0.0,0.0,,2.8857e-10,0.0027839028925200006
mwir_std_thermal,D:\HwaSimIR\HwaSim_IR\Bin\Config\Atmosphere\MODTRAN\raw\audit_mwir_standard_20260906\mwir_std_thermal\MODOUT2.txt,W/(cm^2 sr cm^-1),W/(cm^2 cm^-1),W/(m^2 sr um),W/(m^2 um),value_si=value_native*1e8/(wavelength_um^2),3107.0,3.21853878339234,0.39951268,4.7991e-10,0.004632786709589999,0.0,0.0,0.0,0.0,,,0.0,0.0,,4.7991e-10,0.004632786709589999
mwir_std_thermal,D:\HwaSimIR\HwaSim_IR\Bin\Config\Atmosphere\MODTRAN\raw\audit_mwir_standard_20260906\mwir_std_thermal\MODOUT2.txt,W/(cm^2 sr cm^-1),W/(cm^2 cm^-1),W/(m^2 sr um),W/(m^2 um),value_si=value_native*1e8/(wavelength_um^2),3108.0,3.2175032175032174,0.40149438,5.7367e-10,0.00554145944688,0.0,0.0,0.0,0.0,,,0.0,0.0,,5.7367e-10,0.00554145944688
mwir_std_thermal,D:\HwaSimIR\HwaSim_IR\Bin\Config\Atmosphere\MODTRAN\raw\audit_mwir_standard_20260906\mwir_std_thermal\MODOUT2.txt,W/(cm^2 sr cm^-1),W/(cm^2 cm^-1),W/(m^2 sr um),W/(m^2 um),value_si=value_native*1e8/(wavelength_um^2),3109.0,3.21646831778707,0.62894082,3.6805e-10,0.0035575275020499992,0.0,0.0,0.0,0.0,,,0.0,0.0,,3.6805e-10,0.0035575275020499992
mwir_std_thermal,D:\HwaSimIR\HwaSim_IR\Bin\Config\Atmosphere\MODTRAN\raw\audit_mwir_standard_20260906\mwir_std_thermal\MODOUT2.txt,W/(cm^2 sr cm^-1),W/(cm^2 cm^-1),W/(m^2 sr um),W/(m^2 um),value_si=value_native*1e8/(wavelength_um^2),3110.0,3.215434083601286,0.21867478,6.3411e-10,0.006133175331,0.0,0.0,0.0,0.0,,,0.0,0.0,,6.3411e-10,0.006133175331
mwir_std_thermal,D:\HwaSimIR\HwaSim_IR\Bin\Config\Atmosphere\MODTRAN\raw\audit_mwir_standard_20260906\mwir_std_thermal\MODOUT2.txt,W/(cm^2 sr cm^-1),W/(cm^2 cm^-1),W/(m^2 sr um),W/(m^2 um),value_si=value_native*1e8/(wavelength_um^2),3111.0,3.2144005143040824,0.66775984,3.4175e-10,0.0033075662017499996,0.0,0.0,0.0,0.0,,,0.0,0.0,,3.4175e-10,0.0033075662017499996
mwir_std_thermal,D:\HwaSimIR\HwaSim_IR\Bin\Config\Atmosphere\MODTRAN\raw\audit_mwir_standard_20260906\mwir_std_thermal\MODOUT2.txt,W/(cm^2 sr cm^-1),W/(cm^2 cm^-1),W/(m^2 sr um),W/(m^2 um),value_si=value_native*1e8/(wavelength_um^2),3112.0,3.2133676092544987,0.24986003,5.6777e-10,0.005498593546880001,0.0,0.0,0.0,0.0,,,0.0,0.0,,5.6777e-10,0.005498593546880001
mwir_std_thermal,D:\HwaSimIR\HwaSim_IR\Bin\Config\Atmosphere\MODTRAN\raw\audit_mwir_standard_20260906\mwir_std_thermal\MODOUT2.txt,W/(cm^2 sr cm^-1),W/(cm^2 cm^-1),W/(m^2 sr um),W/(m^2 um),value_si=value_native*1e8/(wavelength_um^2),3113.0,3.2123353678123996,0.36829266,4.6755e-10,0.0045309190459499995,0.0,0.0,0.0,0.0,,,0.0,0.0,,4.6755e-10,0.0045309190459499995
mwir_std_thermal,D:\HwaSimIR\HwaSim_IR\Bin\Config\Atmosphere\MODTRAN\raw\audit_mwir_standard_20260906\mwir_std_thermal\MODOUT2.txt,W/(cm^2 sr cm^-1),W/(cm^2 cm^-1),W/(m^2 sr um),W/(m^2 um),value_si=value_native*1e8/(wavelength_um^2),3114.0,3.2113037893384715,0.27956763,5.0817e-10,0.00492772245732,0.0,0.0,0.0,0.0,,,0.0,0.0,,5.0817e-10,0.00492772245732
mwir_std_thermal,D:\HwaSimIR\HwaSim_IR\Bin\Config\Atmosphere\MODTRAN\raw\audit_mwir_standard_20260906\mwir_std_thermal\MODOUT2.txt,W/(cm^2 sr cm^-1),W/(cm^2 cm^-1),W/(m^2 sr um),W/(m^2 um),value_si=value_native*1e8/(wavelength_um^2),3115.0,3.2102728731942216,0.324954,6.5458e-10,0.0063515370205,0.0,0.0,0.0,0.0,,,0.0,0.0,,6.5458e-10,0.0063515370205
mwir_std_thermal,D:\HwaSimIR\HwaSim_IR\Bin\Config\Atmosphere\MODTRAN\raw\audit_mwir_standard_20260906\mwir_std_thermal\MODOUT2.txt,W/(cm^2 sr cm^-1),W/(cm^2 cm^-1),W/(m^2 sr um),W/(m^2 um),value_si=value_native*1e8/(wavelength_um^2),3116.0,3.209242618741977,0.06243742,5.5414e-10,0.0053803979478399995,0.0,0.0,0.0,0.0,,,0.0,0.0,,5.5414e-10,0.0053803979478399995
mwir_std_thermal,D:\HwaSimIR\HwaSim_IR\Bin\Config\Atmosphere\MODTRAN\raw\audit_mwir_standard_20260906\mwir_std_thermal\MODOUT2.txt,W/(cm^2 sr cm^-1),W/(cm^2 cm^-1),W/(m^2 sr um),W/(m^2 um),value_si=value_native*1e8/(wavelength_um^2),3117.0,3.208213025344883,0.53096485,4.7939e-10,0.0046576041497100006,0.0,0.0,0.0,0.0,,,0.0,0.0,,4.7939e-10,0.0046576041497100006
mwir_std_thermal,D:\HwaSimIR\HwaSim_IR\Bin\Config\Atmosphere\MODTRAN\raw\audit_mwir_standard_20260906\mwir_std_thermal\MODOUT2.txt,W/(cm^2 sr cm^-1),W/(cm^2 cm^-1),W/(m^2 sr um),W/(m^2 um),value_si=value_native*1e8/(wavelength_um^2),3118.0,3.207184092366902,0.2531583,5.8831e-10,0.00571950510844,0.0,0.0,0.0,0.0,,,0.0,0.0,,5.8831e-10,0.00571950510844
mwir_std_thermal,D:\HwaSimIR\HwaSim_IR\Bin\Config\Atmosphere\MODTRAN\raw\audit_mwir_standard_20260906\mwir_std_thermal\MODOUT2.txt,W/(cm^2 sr cm^-1),W/(cm^2 cm^-1),W/(m^2 sr um),W/(m^2 um),value_si=value_native*1e8/(wavelength_um^2),3119.0,3.2061558191728117,0.06839085,5.4511e-10,0.00530291784271,0.0,0.0,0.0,0.0,,,0.0,0.0,,5.4511e-10,0.00530291784271
mwir_std_thermal,D:\HwaSimIR\HwaSim_IR\Bin\Config\Atmosphere\MODTRAN\raw\audit_mwir_standard_20260906\mwir_std_thermal\MODOUT2.txt,W/(cm^2 sr cm^-1),W/(cm^2 cm^-1),W/(m^2 sr um),W/(m^2 um),value_si=value_native*1e8/(wavelength_um^2),3120.0,3.2051282051282053,0.6322071,3.8955e-10,0.0037920355199999997,0.0,0.0,0.0,0.0,,,0.0,0.0,,3.8955e-10,0.0037920355199999997
mwir_std_thermal,D:\HwaSimIR\HwaSim_IR\Bin\Config\Atmosphere\MODTRAN\raw\audit_mwir_standard_20260906\mwir_std_thermal\MODOUT2.txt,W/(cm^2 sr cm^-1),W/(cm^2 cm^-1),W/(m^2 sr um),W/(m^2 um),value_si=value_native*1e8/(wavelength_um^2),3121.0,3.2041012495994874,0.66821808,3.4936e-10,0.00340299033976,0.0,0.0,0.0,0.0,,,0.0,0.0,,3.4936e-10,0.00340299033976
mwir_std_thermal,D:\HwaSimIR\HwaSim_IR\Bin\Config\Atmosphere\MODTRAN\raw\audit_mwir_standard_20260906\mwir_std_thermal\MODOUT2.txt,W/(cm^2 sr cm^-1),W/(cm^2 cm^-1),W/(m^2 sr um),W/(m^2 um),value_si=value_native*1e8/(wavelength_um^2),3122.0,3.2030749519538757,0.12305965,5.3673e-10,0.005231445049320001,0.0,0.0,0.0,0.0,,,0.0,0.0,,5.3673e-10,0.005231445049320001
mwir_std_thermal,D:\HwaSimIR\HwaSim_IR\Bin\Config\Atmosphere\MODTRAN\raw\audit_mwir_standard_20260906\mwir_std_thermal\MODOUT2.txt,W/(cm^2 sr cm^-1),W/(cm^2 cm^-1),W/(m^2 sr um),W/(m^2 um),value_si=value_native*1e8/(wavelength_um^2),3123.0,3.202049311559398,0.02443125,5.13e-10,0.005003355177000001,0.0,0.0,0.0,0.0,,,0.0,0.0,,5.13e-10,0.005003355177000001
mwir_std_thermal,D:\HwaSimIR\HwaSim_IR\Bin\Config\Atmosphere\MODTRAN\raw\audit_mwir_standard_20260906\mwir_std_thermal\MODOUT2.txt,W/(cm^2 sr cm^-1),W/(cm^2 cm^-1),W/(m^2 sr um),W/(m^2 um),value_si=value_native*1e8/(wavelength_um^2),3124.0,3.201024327784891,0.72948289,2.8694e-10,0.00280035534944,0.0,0.0,0.0,0.0,,,0.0,0.0,,2.8694e-10,0.00280035534944
mwir_std_thermal,D:\HwaSimIR\HwaSim_IR\Bin\Config\Atmosphere\MODTRAN\raw\audit_mwir_standard_20260906\mwir_std_thermal\MODOUT2.txt,W/(cm^2 sr cm^-1),W/(cm^2 cm^-1),W/(m^2 sr um),W/(m^2 um),value_si=value_native*1e8/(wavelength_um^2),3125.0,3.2,0.46708429,4.7363e-10,0.004625292968749999,0.0,0.0,0.0,0.0,,,0.0,0.0,,4.7363e-10,0.004625292968749999
mwir_std_thermal,D:\HwaSimIR\HwaSim_IR\Bin\Config\Atmosphere\MODTRAN\raw\audit_mwir_standard_20260906\mwir_std_thermal\MODOUT2.txt,W/(cm^2 sr cm^-1),W/(cm^2 cm^-1),W/(m^2 sr um),W/(m^2 um),value_si=value_native*1e8/(wavelength_um^2),3126.0,3.198976327575176,0.21198334,5.745e-10,0.005613942762000001,0.0,0.0,0.0,0.0,,,0.0,0.0,,5.745e-10,0.005613942762000001
mwir_std_thermal,D:\HwaSimIR\HwaSim_IR\Bin\Config\Atmosphere\MODTRAN\raw\audit_mwir_standard_20260906\mwir_std_thermal\MODOUT2.txt,W/(cm^2 sr cm^-1),W/(cm^2 cm^-1),W/(m^2 sr um),W/(m^2 um),value_si=value_native*1e8/(wavelength_um^2),3127.0,3.197953309881676,0.1121241,5.7186e-10,0.005591720849939999,0.0,0.0,0.0,0.0,,,0.0,0.0,,5.7186e-10,0.005591720849939999
mwir_std_thermal,D:\HwaSimIR\HwaSim_IR\Bin\Config\Atmosphere\MODTRAN\raw\audit_mwir_standard_20260906\mwir_std_thermal\MODOUT2.txt,W/(cm^2 sr cm^-1),W/(cm^2 cm^-1),W/(m^2 sr um),W/(m^2 um),value_si=value_native*1e8/(wavelength_um^2),3128.0,3.1969309462915603,0.69197643,3.1007e-10,0.0030338439468799994,0.0,0.0,0.0,0.0,,,0.0,0.0,,3.1007e-10,0.0030338439468799994
mwir_std_thermal,D:\HwaSimIR\HwaSim_IR\Bin\Config\Atmosphere\MODTRAN\raw\audit_mwir_standard_20260906\mwir_std_thermal\MODOUT2.txt,W/(cm^2 sr cm^-1),W/(cm^2 cm^-1),W/(m^2 sr um),W/(m^2 um),value_si=value_native*1e8/(wavelength_um^2),3129.0,3.1959092361776924,0.80065572,1.9483e-10,0.0019075105860300002,0.0,0.0,0.0,0.0,,,0.0,0.0,,1.9483e-10,0.0019075105860300002
mwir_std_thermal,D:\HwaSimIR\HwaSim_IR\Bin\Config\Atmosphere\MODTRAN\raw\audit_mwir_standard_20260906\mwir_std_thermal\MODOUT2.txt,W/(cm^2 sr cm^-1),W/(cm^2 cm^-1),W/(m^2 sr um),W/(m^2 um),value_si=value_native*1e8/(wavelength_um^2),3130.0,3.194888178913738,0.87123966,1.3381e-10,0.001310923189,0.0,0.0,0.0,0.0,,,0.0,0.0,,1.3381e-10,0.001310923189
mwir_std_thermal,D:\HwaSimIR\HwaSim_IR\Bin\Config\Atmosphere\MODTRAN\raw\audit_mwir_standard_20260906\mwir_std_thermal\MODOUT2.txt,W/(cm^2 sr cm^-1),W/(cm^2 cm^-1),W/(m^2 sr um),W/(m^2 um),value_si=value_native*1e8/(wavelength_um^2),3131.0,3.1938677738741617,0.57583725,3.0647e-10,0.00300437475167,0.0,0.0,0.0,0.0,,,0.0,0.0,,3.0647e-10,0.00300437475167
mwir_std_thermal,D:\HwaSimIR\HwaSim_IR\Bin\Config\Atmosphere\MODTRAN\raw\audit_mwir_standard_20260906\mwir_std_thermal\MODOUT2.txt,W/(cm^2 sr cm^-1),W/(cm^2 cm^-1),W/(m^2 sr um),W/(m^2 um),value_si=value_native*1e8/(wavelength_um^2),3132.0,3.1928480204342273,0.4944098,4.3388e-10,0.00425611288512,0.0,0.0,0.0,0.0,,,0.0,0.0,,4.3388e-10,0.00425611288512
mwir_std_thermal,D:\HwaSimIR\HwaSim_IR\Bin\Config\Atmosphere\MODTRAN\raw\audit_mwir_standard_20260906\mwir_std_thermal\MODOUT2.txt,W/(cm^2 sr cm^-1),W/(cm^2 cm^-1),W/(m^2 sr um),W/(m^2 um),value_si=value_native*1e8/(wavelength_um^2),3133.0,3.191828917969997,0.03980938,4.7876e-10,0.00469935926564,0.0,0.0,0.0,0.0,,,0.0,0.0,,4.7876e-10,0.00469935926564
mwir_std_thermal,D:\HwaSimIR\HwaSim_IR\Bin\Config\Atmosphere\MODTRAN\raw\audit_mwir_standard_20260906\mwir_std_thermal\MODOUT2.txt,W/(cm^2 sr cm^-1),W/(cm^2 cm^-1),W/(m^2 sr um),W/(m^2 um),value_si=value_native*1e8/(wavelength_um^2),3134.0,3.190810465858328,0.48295215,4.7782e-10,0.004693127015920001,0.0,0.0,0.0,0.0,,,0.0,0.0,,4.7782e-10,0.004693127015920001
mwir_std_thermal,D:\HwaSimIR\HwaSim_IR\Bin\Config\Atmosphere\MODTRAN\raw\audit_mwir_standard_20260906\mwir_std_thermal\MODOUT2.txt,W/(cm^2 sr cm^-1),W/(cm^2 cm^-1),W/(m^2 sr um),W/(m^2 um),value_si=value_native*1e8/(wavelength_um^2),3135.0,3.189792663476874,0.81172287,1.8949e-10,0.00186235035525,0.0,0.0,0.0,0.0,,,0.0,0.0,,1.8949e-10,0.00186235035525
mwir_std_thermal,D:\HwaSimIR\HwaSim_IR\Bin\Config\Atmosphere\MODTRAN\raw\audit_mwir_standard_20260906\mwir_std_thermal\MODOUT2.txt,W/(cm^2 sr cm^-1),W/(cm^2 cm^-1),W/(m^2 sr um),W/(m^2 um),value_si=value_native*1e8/(wavelength_um^2),3136.0,3.188775510204082,0.88139385,1.2034e-10,0.0011834832486399998,0.0,0.0,0.0,0.0,,,0.0,0.0,,1.2034e-10,0.0011834832486399998
mwir_std_thermal,D:\HwaSimIR\HwaSim_IR\Bin\Config\Atmosphere\MODTRAN\raw\audit_mwir_standard_20260906\mwir_std_thermal\MODOUT2.txt,W/(cm^2 sr cm^-1),W/(cm^2 cm^-1),W/(m^2 sr um),W/(m^2 um),value_si=value_native*1e8/(wavelength_um^2),3137.0,3.18775900541919,0.91633838,8.0486e-11,0.000792044133734,0.0,0.0,0.0,0.0,,,0.0,0.0,,8.0486e-11,0.000792044133734
mwir_std_thermal,D:\HwaSimIR\HwaSim_IR\Bin\Config\Atmosphere\MODTRAN\raw\audit_mwir_standard_20260906\mwir_std_thermal\MODOUT2.txt,W/(cm^2 sr cm^-1),W/(cm^2 cm^-1),W/(m^2 sr um),W/(m^2 um),value_si=value_native*1e8/(wavelength_um^2),3138.0,3.186743148502231,0.93652064,6.1146e-11,0.0006021073524239999,0.0,0.0,0.0,0.0,,,0.0,0.0,,6.1146e-11,0.0006021073524239999
mwir_std_thermal,D:\HwaSimIR\HwaSim_IR\Bin\Config\Atmosphere\MODTRAN\raw\audit_mwir_standard_20260906\mwir_std_thermal\MODOUT2.txt,W/(cm^2 sr cm^-1),W/(cm^2 cm^-1),W/(m^2 sr um),W/(m^2 um),value_si=value_native*1e8/(wavelength_um^2),3139.0,3.1857279388340234,0.92913222,6.9695e-11,0.000686727207095,0.0,0.0,0.0,0.0,,,0.0,0.0,,6.9695e-11,0.000686727207095
mwir_std_thermal,D:\HwaSimIR\HwaSim_IR\Bin\Config\Atmosphere\MODTRAN\raw\audit_mwir_standard_20260906\mwir_std_thermal\MODOUT2.txt,W/(cm^2 sr cm^-1),W/(cm^2 cm^-1),W/(m^2 sr um),W/(m^2 um),value_si=value_native*1e8/(wavelength_um^2),3140.0,3.1847133757961785,0.5168733,3.1738e-10,0.003129239848,0.0,0.0,0.0,0.0,,,0.0,0.0,,3.1738e-10,0.003129239848
mwir_std_thermal,D:\HwaSimIR\HwaSim_IR\Bin\Config\Atmosphere\MODTRAN\raw\audit_mwir_standard_20260906\mwir_std_thermal\MODOUT2.txt,W/(cm^2 sr cm^-1),W/(cm^2 cm^-1),W/(m^2 sr um),W/(m^2 um),value_si=value_native*1e8/(wavelength_um^2),3141.0,3.183699458771092,0.84530526,1.1724e-10,0.00115667588844,0.0,0.0,0.0,0.0,,,0.0,0.0,,1.1724e-10,0.00115667588844
mwir_std_thermal,D:\HwaSimIR\HwaSim_IR\Bin\Config\Atmosphere\MODTRAN\raw\audit_mwir_standard_20260906\mwir_std_thermal\MODOUT2.txt,W/(cm^2 sr cm^-1),W/(cm^2 cm^-1),W/(m^2 sr um),W/(m^2 um),value_si=value_native*1e8/(wavelength_um^2),3142.0,3.1826861871419476,0.85627759,1.4165e-10,0.0013983920306000002,0.0,0.0,0.0,0.0,,,0.0,0.0,,1.4165e-10,0.0013983920306000002
mwir_std_thermal,D:\HwaSimIR\HwaSim_IR\Bin\Config\Atmosphere\MODTRAN\raw\audit_mwir_standard_20260906\mwir_std_thermal\MODOUT2.txt,W/(cm^2 sr cm^-1),W/(cm^2 cm^-1),W/(m^2 sr um),W/(m^2 um),value_si=value_native*1e8/(wavelength_um^2),3143.0,3.181673560292714,0.47611079,3.7147e-10,0.00366954745003,0.0,0.0,0.0,0.0,,,0.0,0.0,,3.7147e-10,0.00366954745003
mwir_std_thermal,D:\HwaSimIR\HwaSim_IR\Bin\Config\Atmosphere\MODTRAN\raw\audit_mwir_standard_20260906\mwir_std_thermal\MODOUT2.txt,W/(cm^2 sr cm^-1),W/(cm^2 cm^-1),W/(m^2 sr um),W/(m^2 um),value_si=value_native*1e8/(wavelength_um^2),3144.0,3.1806615776081424,0.93589813,6.272e-11,0.0006199706419200001,0.0,0.0,0.0,0.0,,,0.0,0.0,,6.272e-11,0.0006199706419200001
mwir_std_thermal,D:\HwaSimIR\HwaSim_IR\Bin\Config\Atmosphere\MODTRAN\raw\audit_mwir_standard_20260906\mwir_std_thermal\MODOUT2.txt,W/(cm^2 sr cm^-1),W/(cm^2 cm^-1),W/(m^2 sr um),W/(m^2 um),value_si=value_native*1e8/(wavelength_um^2),3145.0,3.179650238473768,0.95859593,4.0356e-11,0.0003991622049,0.0,0.0,0.0,0.0,,,0.0,0.0,,4.0356e-11,0.0003991622049
mwir_std_thermal,D:\HwaSimIR\HwaSim_IR\Bin\Config\Atmosphere\MODTRAN\raw\audit_mwir_standard_20260906\mwir_std_thermal\MODOUT2.txt,W/(cm^2 sr cm^-1),W/(cm^2 cm^-1),W/(m^2 sr um),W/(m^2 um),value_si=value_native*1e8/(wavelength_um^2),3146.0,3.178639542275906,0.94193274,5.2063e-11,0.0005152839629079999,0.0,0.0,0.0,0.0,,,0.0,0.0,,5.2063e-11,0.0005152839629079999
mwir_std_thermal,D:\HwaSimIR\HwaSim_IR\Bin\Config\Atmosphere\MODTRAN\raw\audit_mwir_standard_20260906\mwir_std_thermal\MODOUT2.txt,W/(cm^2 sr cm^-1),W/(cm^2 cm^-1),W/(m^2 sr um),W/(m^2 um),value_si=value_native*1e8/(wavelength_um^2),3147.0,3.1776294884016525,0.94854867,4.8659e-11,0.000481899710331,0.0,0.0,0.0,0.0,,,0.0,0.0,,4.8659e-11,0.000481899710331
mwir_std_thermal,D:\HwaSimIR\HwaSim_IR\Bin\Config\Atmosphere\MODTRAN\raw\audit_mwir_standard_20260906\mwir_std_thermal\MODOUT2.txt,W/(cm^2 sr cm^-1),W/(cm^2 cm^-1),W/(m^2 sr um),W/(m^2 um),value_si=value_native*1e8/(wavelength_um^2),3148.0,3.1766200762388817,0.94500637,5.2211e-11,0.0005174059977440001,0.0,0.0,0.0,0.0,,,0.0,0.0,,5.2211e-11,0.0005174059977440001
mwir_std_thermal,D:\HwaSimIR\HwaSim_IR\Bin\Config\Atmosphere\MODTRAN\raw\audit_mwir_standard_20260906\mwir_std_thermal\MODOUT2.txt,W/(cm^2 sr cm^-1),W/(cm^2 cm^-1),W/(m^2 sr um),W/(m^2 um),value_si=value_native*1e8/(wavelength_um^2),3149.0,3.1756113051762465,0.5487479,3.0456e-10,0.00302007817656,0.0,0.0,0.0,0.0,,,0.0,0.0,,3.0456e-10,0.00302007817656
mwir_std_thermal,D:\HwaSimIR\HwaSim_IR\Bin\Config\Atmosphere\MODTRAN\raw\audit_mwir_standard_20260906\mwir_std_thermal\MODOUT2.txt,W/(cm^2 sr cm^-1),W/(cm^2 cm^-1),W/(m^2 sr um),W/(m^2 um),value_si=value_native*1e8/(wavelength_um^2),3150.0,3.1746031746031744,0.95494711,4.2339e-11,0.0004201087275,0.0,0.0,0.0,0.0,,,0.0,0.0,,4.2339e-11,0.0004201087275
mwir_std_thermal,D:\HwaSimIR\HwaSim_IR\Bin\Config\Atmosphere\MODTRAN\raw\audit_mwir_standard_20260906\mwir_std_thermal\MODOUT2.txt,W/(cm^2 sr cm^-1),W/(cm^2 cm^-1),W/(m^2 sr um),W/(m^2 um),value_si=value_native*1e8/(wavelength_um^2),3151.0,3.17359568390987,0.69073182,2.3475e-10,0.0023307860347500002,0.0,0.0,0.0,0.0,,,0.0,0.0,,2.3475e-10,0.0023307860347500002
mwir_std_thermal,D:\HwaSimIR\HwaSim_IR\Bin\Config\Atmosphere\MODTRAN\raw\audit_mwir_standard_20260906\mwir_std_thermal\MODOUT2.txt,W/(cm^2 sr cm^-1),W/(cm^2 cm^-1),W/(m^2 sr um),W/(m^2 um),value_si=value_native*1e8/(wavelength_um^2),3152.0,3.1725888324873095,0.74706817,2.3413e-10,0.0023261058995200003,0.0,0.0,0.0,0.0,,,0.0,0.0,,2.3413e-10,0.0023261058995200003
mwir_std_thermal,D:\HwaSimIR\HwaSim_IR\Bin\Config\Atmosphere\MODTRAN\raw\audit_mwir_standard_20260906\mwir_std_thermal\MODOUT2.txt,W/(cm^2 sr cm^-1),W/(cm^2 cm^-1),W/(m^2 sr um),W/(m^2 um),value_si=value_native*1e8/(wavelength_um^2),3153.0,3.171582619727244,0.9271239,6.9116e-11,0.0006871104244439998,0.0,0.0,0.0,0.0,,,0.0,0.0,,6.9116e-11,0.0006871104244439998
mwir_std_thermal,D:\HwaSimIR\HwaSim_IR\Bin\Config\Atmosphere\MODTRAN\raw\audit_mwir_standard_20260906\mwir_std_thermal\MODOUT2.txt,W/(cm^2 sr cm^-1),W/(cm^2 cm^-1),W/(m^2 sr um),W/(m^2 um),value_si=value_native*1e8/(wavelength_um^2),3154.0,3.170577045022194,0.96868938,2.9295e-11,0.00029141834021999995,0.0,0.0,0.0,0.0,,,0.0,0.0,,2.9295e-11,0.00029141834021999995
mwir_std_thermal,D:\HwaSimIR\HwaSim_IR\Bin\Config\Atmosphere\MODTRAN\raw\audit_mwir_standard_20260906\mwir_std_thermal\MODOUT2.txt,W/(cm^2 sr cm^-1),W/(cm^2 cm^-1),W/(m^2 sr um),W/(m^2 um),value_si=value_native*1e8/(wavelength_um^2),3155.0,3.1695721077654517,0.92573529,6.6676e-11,0.0006636945709,0.0,0.0,0.0,0.0,,,0.0,0.0,,6.6676e-11,0.0006636945709
mwir_std_thermal,D:\HwaSimIR\HwaSim_IR\Bin\Config\Atmosphere\MODTRAN\raw\audit_mwir_standard_20260906\mwir_std_thermal\MODOUT2.txt,W/(cm^2 sr cm^-1),W/(cm^2 cm^-1),W/(m^2 sr um),W/(m^2 um),value_si=value_native*1e8/(wavelength_um^2),3156.0,3.1685678073510775,0.95859873,3.6982e-11,0.00036835314595199997,0.0,0.0,0.0,0.0,,,0.0,0.0,,3.6982e-11,0.00036835314595199997
mwir_std_thermal,D:\HwaSimIR\HwaSim_IR\Bin\Config\Atmosphere\MODTRAN\raw\audit_mwir_standard_20260906\mwir_std_thermal\MODOUT2.txt,W/(cm^2 sr cm^-1),W/(cm^2 cm^-1),W/(m^2 sr um),W/(m^2 um),value_si=value_native*1e8/(wavelength_um^2),3157.0,3.1675641431738994,0.91089386,6.6844e-11,0.0006662106857559998,0.0,0.0,0.0,0.0,,,0.0,0.0,,6.6844e-11,0.0006662106857559998
mwir_std_thermal,D:\HwaSimIR\HwaSim_IR\Bin\Config\Atmosphere\MODTRAN\raw\audit_mwir_standard_20260906\mwir_std_thermal\MODOUT2.txt,W/(cm^2 sr cm^-1),W/(cm^2 cm^-1),W/(m^2 sr um),W/(m^2 um),value_si=value_native*1e8/(wavelength_um^2),3158.0,3.1665611146295123,0.77777487,1.5899e-10,0.00158560154636,0.0,0.0,0.0,0.0,,,0.0,0.0,,1.5899e-10,0.00158560154636
mwir_std_thermal,D:\HwaSimIR\HwaSim_IR\Bin\Config\Atmosphere\MODTRAN\raw\audit_mwir_standard_20260906\mwir_std_thermal\MODOUT2.txt,W/(cm^2 sr cm^-1),W/(cm^2 cm^-1),W/(m^2 sr um),W/(m^2 um),value_si=value_native*1e8/(wavelength_um^2),3159.0,3.1655587211142766,0.96530342,3.0872e-11,0.000308080363032,0.0,0.0,0.0,0.0,,,0.0,0.0,,3.0872e-11,0.000308080363032
mwir_std_thermal,D:\HwaSimIR\HwaSim_IR\Bin\Config\Atmosphere\MODTRAN\raw\audit_mwir_standard_20260906\mwir_std_thermal\MODOUT2.txt,W/(cm^2 sr cm^-1),W/(cm^2 cm^-1),W/(m^2 sr um),W/(m^2 um),value_si=value_native*1e8/(wavelength_um^2),3160.0,3.1645569620253164,0.9777059,2.0355e-11,0.000203256888,0.0,0.0,0.0,0.0,,,0.0,0.0,,2.0355e-11,0.000203256888
mwir_std_thermal,D:\HwaSimIR\HwaSim_IR\Bin\Config\Atmosphere\MODTRAN\raw\audit_mwir_standard_20260906\mwir_std_thermal\MODOUT2.txt,W/(cm^2 sr cm^-1),W/(cm^2 cm^-1),W/(m^2 sr um),W/(m^2 um),value_si=value_native*1e8/(wavelength_um^2),3161.0,3.1635558367605188,0.97711176,2.1082e-11,0.00021064967852200002,0.0,0.0,0.0,0.0,,,0.0,0.0,,2.1082e-11,0.00021064967852200002
mwir_std_thermal,D:\HwaSimIR\HwaSim_IR\Bin\Config\Atmosphere\MODTRAN\raw\audit_mwir_standard_20260906\mwir_std_thermal\MODOUT2.txt,W/(cm^2 sr cm^-1),W/(cm^2 cm^-1),W/(m^2 sr um),W/(m^2 um),value_si=value_native*1e8/(wavelength_um^2),3162.0,3.1625553447185326,0.96124309,3.5943e-11,0.000359366884092,0.0,0.0,0.0,0.0,,,0.0,0.0,,3.5943e-11,0.000359366884092
mwir_std_thermal,D:\HwaSimIR\HwaSim_IR\Bin\Config\Atmosphere\MODTRAN\raw\audit_mwir_standard_20260906\mwir_std_thermal\MODOUT2.txt,W/(cm^2 sr cm^-1),W/(cm^2 cm^-1),W/(m^2 sr um),W/(m^2 um),value_si=value_native*1e8/(wavelength_um^2),3163.0,3.161555485298767,0.96089733,3.5741e-11,0.00035757330062899997,0.0,0.0,0.0,0.0,,,0.0,0.0,,3.5741e-11,0.00035757330062899997
mwir_std_thermal,D:\HwaSimIR\HwaSim_IR\Bin\Config\Atmosphere\MODTRAN\raw\audit_mwir_standard_20260906\mwir_std_thermal\MODOUT2.txt,W/(cm^2 sr cm^-1),W/(cm^2 cm^-1),W/(m^2 sr um),W/(m^2 um),value_si=value_native*1e8/(wavelength_um^2),3164.0,3.1605562579013906,0.71399856,2.3463e-10,0.00234885652848,0.0,0.0,0.0,0.0,,,0.0,0.0,,2.3463e-10,0.00234885652848
mwir_std_thermal,D:\HwaSimIR\HwaSim_IR\Bin\Config\Atmosphere\MODTRAN\raw\audit_mwir_standard_20260906\mwir_std_thermal\MODOUT2.txt,W/(cm^2 sr cm^-1),W/(cm^2 cm^-1),W/(m^2 sr um),W/(m^2 um),value_si=value_native*1e8/(wavelength_um^2),3165.0,3.1595576619273302,0.88706034,9.7868e-11,0.0009803657763,0.0,0.0,0.0,0.0,,,0.0,0.0,,9.7868e-11,0.0009803657763
mwir_std_thermal,D:\HwaSimIR\HwaSim_IR\Bin\Config\Atmosphere\MODTRAN\raw\audit_mwir_standard_20260906\mwir_std_thermal\MODOUT2.txt,W/(cm^2 sr cm^-1),W/(cm^2 cm^-1),W/(m^2 sr um),W/(m^2 um),value_si=value_native*1e8/(wavelength_um^2),3166.0,3.158559696778269,0.79916537,1.5272e-10,0.00153079747232,0.0,0.0,0.0,0.0,,,0.0,0.0,,1.5272e-10,0.00153079747232
mwir_std_thermal,D:\HwaSimIR\HwaSim_IR\Bin\Config\Atmosphere\MODTRAN\raw\audit_mwir_standard_20260906\mwir_std_thermal\MODOUT2.txt,W/(cm^2 sr cm^-1),W/(cm^2 cm^-1),W/(m^2 sr um),W/(m^2 um),value_si=value_native*1e8/(wavelength_um^2),3167.0,3.157562361856647,0.77574313,1.8889e-10,0.0018945457332099997,0.0,0.0,0.0,0.0,,,0.0,0.0,,1.8889e-10,0.0018945457332099997
mwir_std_thermal,D:\HwaSimIR\HwaSim_IR\Bin\Config\Atmosphere\MODTRAN\raw\audit_mwir_standard_20260906\mwir_std_thermal\MODOUT2.txt,W/(cm^2 sr cm^-1),W/(cm^2 cm^-1),W/(m^2 sr um),W/(m^2 um),value_si=value_native*1e8/(wavelength_um^2),3168.0,3.1565656565656566,0.54764336,3.0954e-10,0.0031066127769599997,0.0,0.0,0.0,0.0,,,0.0,0.0,,3.0954e-10,0.0031066127769599997
mwir_std_thermal,D:\HwaSimIR\HwaSim_IR\Bin\Config\Atmosphere\MODTRAN\raw\audit_mwir_standard_20260906\mwir_std_thermal\MODOUT2.txt,W/(cm^2 sr cm^-1),W/(cm^2 cm^-1),W/(m^2 sr um),W/(m^2 um),value_si=value_native*1e8/(wavelength_um^2),3169.0,3.155569580309246,0.76523626,1.8984e-10,0.0019064797802399995,0.0,0.0,0.0,0.0,,,0.0,0.0,,1.8984e-10,0.0019064797802399995
mwir_std_thermal,D:\HwaSimIR\HwaSim_IR\Bin\Config\Atmosphere\MODTRAN\raw\audit_mwir_standard_20260906\mwir_std_thermal\MODOUT2.txt,W/(cm^2 sr cm^-1),W/(cm^2 cm^-1),W/(m^2 sr um),W/(m^2 um),value_si=value_native*1e8/(wavelength_um^2),3170.0,3.1545741324921135,0.57619411,2.9797e-10,0.0029942707330000004,0.0,0.0,0.0,0.0,,,0.0,0.0,,2.9797e-10,0.0029942707330000004
mwir_std_thermal,D:\HwaSimIR\HwaSim_IR\Bin\Config\Atmosphere\MODTRAN\raw\audit_mwir_standard_20260906\mwir_std_thermal\MODOUT2.txt,W/(cm^2 sr cm^-1),W/(cm^2 cm^-1),W/(m^2 sr um),W/(m^2 um),value_si=value_native*1e8/(wavelength_um^2),3171.0,3.15357931251971,0.90376061,8.4049e-11,0.000845132950809,0.0,0.0,0.0,0.0,,,0.0,0.0,,8.4049e-11,0.000845132950809
mwir_std_thermal,D:\HwaSimIR\HwaSim_IR\Bin\Config\Atmosphere\MODTRAN\raw\audit_mwir_standard_20260906\mwir_std_thermal\MODOUT2.txt,W/(cm^2 sr cm^-1),W/(cm^2 cm^-1),W/(m^2 sr um),W/(m^2 um),value_si=value_native*1e8/(wavelength_um^2),3172.0,3.1525851197982346,0.93847811,5.2466e-11,0.000527891066144,0.0,0.0,0.0,0.0,,,0.0,0.0,,5.2466e-11,0.000527891066144
mwir_std_thermal,D:\HwaSimIR\HwaSim_IR\Bin\Config\Atmosphere\MODTRAN\raw\audit_mwir_standard_20260906\mwir_std_thermal\MODOUT2.txt,W/(cm^2 sr cm^-1),W/(cm^2 cm^-1),W/(m^2 sr um),W/(m^2 um),value_si=value_native*1e8/(wavelength_um^2),3173.0,3.151591553734636,0.84067643,1.3292e-10,0.0013382291226799996,0.0,0.0,0.0,0.0,,,0.0,0.0,,1.3292e-10,0.0013382291226799996
mwir_std_thermal,D:\HwaSimIR\HwaSim_IR\Bin\Config\Atmosphere\MODTRAN\raw\audit_mwir_standard_20260906\mwir_std_thermal\MODOUT2.txt,W/(cm^2 sr cm^-1),W/(cm^2 cm^-1),W/(m^2 sr um),W/(m^2 um),value_si=value_native*1e8/(wavelength_um^2),3174.0,3.15059861373661,0.93245983,5.8417e-11,0.000588508981092,0.0,0.0,0.0,0.0,,,0.0,0.0,,5.8417e-11,0.000588508981092
mwir_std_thermal,D:\HwaSimIR\HwaSim_IR\Bin\Config\Atmosphere\MODTRAN\raw\audit_mwir_standard_20260906\mwir_std_thermal\MODOUT2.txt,W/(cm^2 sr cm^-1),W/(cm^2 cm^-1),W/(m^2 sr um),W/(m^2 um),value_si=value_native*1e8/(wavelength_um^2),3175.0,3.1496062992125986,0.63667995,2.655e-10,0.0026764059375,0.0,0.0,0.0,0.0,,,0.0,0.0,,2.655e-10,0.0026764059375
mwir_std_thermal,D:\HwaSimIR\HwaSim_IR\Bin\Config\Atmosphere\MODTRAN\raw\audit_mwir_standard_20260906\mwir_std_thermal\MODOUT2.txt,W/(cm^2 sr cm^-1),W/(cm^2 cm^-1),W/(m^2 sr um),W/(m^2 um),value_si=value_native*1e8/(wavelength_um^2),3176.0,3.1486146095717884,0.85107005,1.2751e-10,0.00128619030976,0.0,0.0,0.0,0.0,,,0.0,0.0,,1.2751e-10,0.00128619030976
mwir_std_thermal,D:\HwaSimIR\HwaSim_IR\Bin\Config\Atmosphere\MODTRAN\raw\audit_mwir_standard_20260906\mwir_std_thermal\MODOUT2.txt,W/(cm^2 sr cm^-1),W/(cm^2 cm^-1),W/(m^2 sr um),W/(m^2 um),value_si=value_native*1e8/(wavelength_um^2),3177.0,3.147623544224111,0.62761277,2.9939e-10,0.0030218417693099998,0.0,0.0,0.0,0.0,,,0.0,0.0,,2.9939e-10,0.0030218417693099998
mwir_std_thermal,D:\HwaSimIR\HwaSim_IR\Bin\Config\Atmosphere\MODTRAN\raw\audit_mwir_standard_20260906\mwir_std_thermal\MODOUT2.txt,W/(cm^2 sr cm^-1),W/(cm^2 cm^-1),W/(m^2 sr um),W/(m^2 um),value_si=value_native*1e8/(wavelength_um^2),3178.0,3.146633102580239,0.04182894,3.869e-10,0.0039075677396,0.0,0.0,0.0,0.0,,,0.0,0.0,,3.869e-10,0.0039075677396
mwir_std_thermal,D:\HwaSimIR\HwaSim_IR\Bin\Config\Atmosphere\MODTRAN\raw\audit_mwir_standard_20260906\mwir_std_thermal\MODOUT2.txt,W/(cm^2 sr cm^-1),W/(cm^2 cm^-1),W/(m^2 sr um),W/(m^2 um),value_si=value_native*1e8/(wavelength_um^2),3179.0,3.1456432840515887,0.45258072,4.0448e-10,0.00408769146368,0.0,0.0,0.0,0.0,,,0.0,0.0,,4.0448e-10,0.00408769146368
mwir_std_thermal,D:\HwaSimIR\HwaSim_IR\Bin\Config\Atmosphere\MODTRAN\raw\audit_mwir_standard_20260906\mwir_std_thermal\MODOUT2.txt,W/(cm^2 sr cm^-1),W/(cm^2 cm^-1),W/(m^2 sr um),W/(m^2 um),value_si=value_native*1e8/(wavelength_um^2),3180.0,3.1446540880503147,0.72577488,2.0816e-10,0.0021049971839999996,0.0,0.0,0.0,0.0,,,0.0,0.0,,2.0816e-10,0.0021049971839999996
mwir_std_thermal,D:\HwaSimIR\HwaSim_IR\Bin\Config\Atmosphere\MODTRAN\raw\audit_mwir_standard_20260906\mwir_std_thermal\MODOUT2.txt,W/(cm^2 sr cm^-1),W/(cm^2 cm^-1),W/(m^2 sr um),W/(m^2 um),value_si=value_native*1e8/(wavelength_um^2),3181.0,3.1436655139893115,0.88979667,9.3668e-11,0.000947804105348,0.0,0.0,0.0,0.0,,,0.0,0.0,,9.3668e-11,0.000947804105348
mwir_std_thermal,D:\HwaSimIR\HwaSim_IR\Bin\Config\Atmosphere\MODTRAN\raw\audit_mwir_standard_20260906\mwir_std_thermal\MODOUT2.txt,W/(cm^2 sr cm^-1),W/(cm^2 cm^-1),W/(m^2 sr um),W/(m^2 um),value_si=value_native*1e8/(wavelength_um^2),3182.0,3.1426775612822127,0.8220067,1.4742e-10,0.0014926457800799996,0.0,0.0,0.0,0.0,,,0.0,0.0,,1.4742e-10,0.0014926457800799996
mwir_std_thermal,D:\HwaSimIR\HwaSim_IR\Bin\Config\Atmosphere\MODTRAN\raw\audit_mwir_standard_20260906\mwir_std_thermal\MODOUT2.txt,W/(cm^2 sr cm^-1),W/(cm^2 cm^-1),W/(m^2 sr um),W/(m^2 um),value_si=value_native*1e8/(wavelength_um^2),3183.0,3.1416902293433866,0.74406254,1.8772e-10,0.0019018831150800003,0.0,0.0,0.0,0.0,,,0.0,0.0,,1.8772e-10,0.0019018831150800003
mwir_std_thermal,D:\HwaSimIR\HwaSim_IR\Bin\Config\Atmosphere\MODTRAN\raw\audit_mwir_standard_20260906\mwir_std_thermal\MODOUT2.txt,W/(cm^2 sr cm^-1),W/(cm^2 cm^-1),W/(m^2 sr um),W/(m^2 um),value_si=value_native*1e8/(wavelength_um^2),3184.0,3.14070351758794,0.72095501,2.2046e-10,0.0022349917337599998,0.0,0.0,0.0,0.0,,,0.0,0.0,,2.2046e-10,0.0022349917337599998
mwir_std_thermal,D:\HwaSimIR\HwaSim_IR\Bin\Config\Atmosphere\MODTRAN\raw\audit_mwir_standard_20260906\mwir_std_thermal\MODOUT2.txt,W/(cm^2 sr cm^-1),W/(cm^2 cm^-1),W/(m^2 sr um),W/(m^2 um),value_si=value_native*1e8/(wavelength_um^2),3185.0,3.1397174254317113,0.04768385,3.6637e-10,0.0037165397132499995,0.0,0.0,0.0,0.0,,,0.0,0.0,,3.6637e-10,0.0037165397132499995
mwir_std_thermal,D:\HwaSimIR\HwaSim_IR\Bin\Config\Atmosphere\MODTRAN\raw\audit_mwir_standard_20260906\mwir_std_thermal\MODOUT2.txt,W/(cm^2 sr cm^-1),W/(cm^2 cm^-1),W/(m^2 sr um),W/(m^2 um),value_si=value_native*1e8/(wavelength_um^2),3186.0,3.138731952291274,0.60175657,2.9331e-10,0.0029772713127600003,0.0,0.0,0.0,0.0,,,0.0,0.0,,2.9331e-10,0.0029772713127600003
mwir_std_thermal,D:\HwaSimIR\HwaSim_IR\Bin\Config\Atmosphere\MODTRAN\raw\audit_mwir_standard_20260906\mwir_std_thermal\MODOUT2.txt,W/(cm^2 sr cm^-1),W/(cm^2 cm^-1),W/(m^2 sr um),W/(m^2 um),value_si=value_native*1e8/(wavelength_um^2),3187.0,3.1377470975839348,0.9038083,7.8601e-11,0.000798347920369,0.0,0.0,0.0,0.0,,,0.0,0.0,,7.8601e-11,0.000798347920369
mwir_std_thermal,D:\HwaSimIR\HwaSim_IR\Bin\Config\Atmosphere\MODTRAN\raw\audit_mwir_standard_20260906\mwir_std_thermal\MODOUT2.txt,W/(cm^2 sr cm^-1),W/(cm^2 cm^-1),W/(m^2 sr um),W/(m^2 um),value_si=value_native*1e8/(wavelength_um^2),3188.0,3.136762860727729,0.92985797,5.7197e-11,0.000581312786768,0.0,0.0,0.0,0.0,,,0.0,0.0,,5.7197e-11,0.000581312786768
mwir_std_thermal,D:\HwaSimIR\HwaSim_IR\Bin\Config\Atmosphere\MODTRAN\raw\audit_mwir_standard_20260906\mwir_std_thermal\MODOUT2.txt,W/(cm^2 sr cm^-1),W/(cm^2 cm^-1),W/(m^2 sr um),W/(m^2 um),value_si=value_native*1e8/(wavelength_um^2),3189.0,3.1357792411414236,0.95156151,3.9237e-11,0.0003990293428769999,0.0,0.0,0.0,0.0,,,0.0,0.0,,3.9237e-11,0.0003990293428769999
mwir_std_thermal,D:\HwaSimIR\HwaSim_IR\Bin\Config\Atmosphere\MODTRAN\raw\audit_mwir_standard_20260906\mwir_std_thermal\MODOUT2.txt,W/(cm^2 sr cm^-1),W/(cm^2 cm^-1),W/(m^2 sr um),W/(m^2 um),value_si=value_native*1e8/(wavelength_um^2),3190.0,3.134796238244514,0.94071585,4.8125e-11,0.0004897248125,0.0,0.0,0.0,0.0,,,0.0,0.0,,4.8125e-11,0.0004897248125
mwir_std_thermal,D:\HwaSimIR\HwaSim_IR\Bin\Config\Atmosphere\MODTRAN\raw\audit_mwir_standard_20260906\mwir_std_thermal\MODOUT2.txt,W/(cm^2 sr cm^-1),W/(cm^2 cm^-1),W/(m^2 sr um),W/(m^2 um),value_si=value_native*1e8/(wavelength_um^2),3191.0,3.1338138514572234,0.91841555,6.5067e-11,0.000662543491227,0.0,0.0,0.0,0.0,,,0.0,0.0,,6.5067e-11,0.000662543491227
mwir_std_thermal,D:\HwaSimIR\HwaSim_IR\Bin\Config\Atmosphere\MODTRAN\raw\audit_mwir_standard_20260906\mwir_std_thermal\MODOUT2.txt,W/(cm^2 sr cm^-1),W/(cm^2 cm^-1),W/(m^2 sr um),W/(m^2 um),value_si=value_native*1e8/(wavelength_um^2),3192.0,3.1328320802005014,0.85055554,1.1897e-10,0.0012121691500799998,0.0,0.0,0.0,0.0,,,0.0,0.0,,1.1897e-10,0.0012121691500799998
mwir_std_thermal,D:\HwaSimIR\HwaSim_IR\Bin\Config\Atmosphere\MODTRAN\raw\audit_mwir_standard_20260906\mwir_std_thermal\MODOUT2.txt,W/(cm^2 sr cm^-1),W/(cm^2 cm^-1),W/(m^2 sr um),W/(m^2 um),value_si=value_native*1e8/(wavelength_um^2),3193.0,3.1318509238960224,0.93038476,5.5107e-11,0.000561829586643,0.0,0.0,0.0,0.0,,,0.0,0.0,,5.5107e-11,0.000561829586643
mwir_std_thermal,D:\HwaSimIR\HwaSim_IR\Bin\Config\Atmosphere\MODTRAN\raw\audit_mwir_standard_20260906\mwir_std_thermal\MODOUT2.txt,W/(cm^2 sr cm^-1),W/(cm^2 cm^-1),W/(m^2 sr um),W/(m^2 um),value_si=value_native*1e8/(wavelength_um^2),3194.0,3.1308703819661865,0.92307132,6.086e-11,0.0006208715669599999,0.0,0.0,0.0,0.0,,,0.0,0.0,,6.086e-11,0.0006208715669599999
mwir_std_thermal,D:\HwaSimIR\HwaSim_IR\Bin\Config\Atmosphere\MODTRAN\raw\audit_mwir_standard_20260906\mwir_std_thermal\MODOUT2.txt,W/(cm^2 sr cm^-1),W/(cm^2 cm^-1),W/(m^2 sr um),W/(m^2 um),value_si=value_native*1e8/(wavelength_um^2),3195.0,3.1298904538341157,0.82296592,1.3675e-10,0.0013959474187500002,0.0,0.0,0.0,0.0,,,0.0,0.0,,1.3675e-10,0.0013959474187500002
mwir_std_thermal,D:\HwaSimIR\HwaSim_IR\Bin\Config\Atmosphere\MODTRAN\raw\audit_mwir_standard_20260906\mwir_std_thermal\MODOUT2.txt,W/(cm^2 sr cm^-1),W/(cm^2 cm^-1),W/(m^2 sr um),W/(m^2 um),value_si=value_native*1e8/(wavelength_um^2),3196.0,3.1289111389236544,0.20847024,3.8133e-10,0.0038950632532800005,0.0,0.0,0.0,0.0,,,0.0,0.0,,3.8133e-10,0.0038950632532800005
mwir_std_thermal,D:\HwaSimIR\HwaSim_IR\Bin\Config\Atmosphere\MODTRAN\raw\audit_mwir_standard_20260906\mwir_std_thermal\MODOUT2.txt,W/(cm^2 sr cm^-1),W/(cm^2 cm^-1),W/(m^2 sr um),W/(m^2 um),value_si=value_native*1e8/(wavelength_um^2),3197.0,3.127932436659368,0.3672643,4.1672e-10,0.00425921552648,0.0,0.0,0.0,0.0,,,0.0,0.0,,4.1672e-10,0.00425921552648
mwir_std_thermal,D:\HwaSimIR\HwaSim_IR\Bin\Config\Atmosphere\MODTRAN\raw\audit_mwir_standard_20260906\mwir_std_thermal\MODOUT2.txt,W/(cm^2 sr cm^-1),W/(cm^2 cm^-1),W/(m^2 sr um),W/(m^2 um),value_si=value_native*1e8/(wavelength_um^2),3198.0,3.1269543464665417,0.07386404,3.7312e-10,0.0038159743564799994,0.0,0.0,0.0,0.0,,,0.0,0.0,,3.7312e-10,0.0038159743564799994
mwir_std_thermal,D:\HwaSimIR\HwaSim_IR\Bin\Config\Atmosphere\MODTRAN\raw\audit_mwir_standard_20260906\mwir_std_thermal\MODOUT2.txt,W/(cm^2 sr cm^-1),W/(cm^2 cm^-1),W/(m^2 sr um),W/(m^2 um),value_si=value_native*1e8/(wavelength_um^2),3199.0,3.1259768677711786,0.56914687,3.1172e-10,0.00319001810372,0.0,0.0,0.0,0.0,,,0.0,0.0,,3.1172e-10,0.00319001810372
mwir_std_thermal,D:\HwaSimIR\HwaSim_IR\Bin\Config\Atmosphere\MODTRAN\raw\audit_mwir_standard_20260906\mwir_std_thermal\MODOUT2.txt,W/(cm^2 sr cm^-1),W/(cm^2 cm^-1),W/(m^2 sr um),W/(m^2 um),value_si=value_native*1e8/(wavelength_um^2),3200.0,3.125,0.26155603,3.862e-10,0.0039546880000000005,0.0,0.0,0.0,0.0,,,0.0,0.0,,3.862e-10,0.0039546880000000005
mwir_std_thermal,D:\HwaSimIR\HwaSim_IR\Bin\Config\Atmosphere\MODTRAN\raw\audit_mwir_standard_20260906\mwir_std_thermal\MODOUT2.txt,W/(cm^2 sr cm^-1),W/(cm^2 cm^-1),W/(m^2 sr um),W/(m^2 um),value_si=value_native*1e8/(wavelength_um^2),3201.0,3.1240237425804436,0.8267296,1.2861e-10,0.0013177896326100002,0.0,0.0,0.0,0.0,,,0.0,0.0,,1.2861e-10,0.0013177896326100002
mwir_std_thermal,D:\HwaSimIR\HwaSim_IR\Bin\Config\Atmosphere\MODTRAN\raw\audit_mwir_standard_20260906\mwir_std_thermal\MODOUT2.txt,W/(cm^2 sr cm^-1),W/(cm^2 cm^-1),W/(m^2 sr um),W/(m^2 um),value_si=value_native*1e8/(wavelength_um^2),3202.0,3.1230480949406623,0.89849204,7.8814e-11,0.0008080644944559998,0.0,0.0,0.0,0.0,,,0.0,0.0,,7.8814e-11,0.0008080644944559998
mwir_std_thermal,D:\HwaSimIR\HwaSim_IR\Bin\Config\Atmosphere\MODTRAN\raw\audit_mwir_standard_20260906\mwir_std_thermal\MODOUT2.txt,W/(cm^2 sr cm^-1),W/(cm^2 cm^-1),W/(m^2 sr um),W/(m^2 um),value_si=value_native*1e8/(wavelength_um^2),3203.0,3.1220730565095223,0.89426273,7.9039e-11,0.0008108776201510001,0.0,0.0,0.0,0.0,,,0.0,0.0,,7.9039e-11,0.0008108776201510001
mwir_std_thermal,D:\HwaSimIR\HwaSim_IR\Bin\Config\Atmosphere\MODTRAN\raw\audit_mwir_standard_20260906\mwir_std_thermal\MODOUT2.txt,W/(cm^2 sr cm^-1),W/(cm^2 cm^-1),W/(m^2 sr um),W/(m^2 um),value_si=value_native*1e8/(wavelength_um^2),3204.0,3.1210986267166043,0.92418325,5.7681e-11,0.0005921309964959999,0.0,0.0,0.0,0.0,,,0.0,0.0,,5.7681e-11,0.0005921309964959999
mwir_std_thermal,D:\HwaSimIR\HwaSim_IR\Bin\Config\Atmosphere\MODTRAN\raw\audit_mwir_standard_20260906\mwir_std_thermal\MODOUT2.txt,W/(cm^2 sr cm^-1),W/(cm^2 cm^-1),W/(m^2 sr um),W/(m^2 um),value_si=value_native*1e8/(wavelength_um^2),3205.0,3.1201248049921997,0.91992611,5.8688e-11,0.0006028446032000001,0.0,0.0,0.0,0.0,,,0.0,0.0,,5.8688e-11,0.0006028446032000001
mwir_std_thermal,D:\HwaSimIR\HwaSim_IR\Bin\Config\Atmosphere\MODTRAN\raw\audit_mwir_standard_20260906\mwir_std_thermal\MODOUT2.txt,W/(cm^2 sr cm^-1),W/(cm^2 cm^-1),W/(m^2 sr um),W/(m^2 um),value_si=value_native*1e8/(wavelength_um^2),3206.0,3.119151590767311,0.93323779,4.9878e-11,0.0005126678308080002,0.0,0.0,0.0,0.0,,,0.0,0.0,,4.9878e-11,0.0005126678308080002
mwir_std_thermal,D:\HwaSimIR\HwaSim_IR\Bin\Config\Atmosphere\MODTRAN\raw\audit_mwir_standard_20260906\mwir_std_thermal\MODOUT2.txt,W/(cm^2 sr cm^-1),W/(cm^2 cm^-1),W/(m^2 sr um),W/(m^2 um),value_si=value_native*1e8/(wavelength_um^2),3207.0,3.1181789834736513,0.83725977,1.1646e-10,0.00119777351454,0.0,0.0,0.0,0.0,,,0.0,0.0,,1.1646e-10,0.00119777351454
mwir_std_thermal,D:\HwaSimIR\HwaSim_IR\Bin\Config\Atmosphere\MODTRAN\raw\audit_mwir_standard_20260906\mwir_std_thermal\MODOUT2.txt,W/(cm^2 sr cm^-1),W/(cm^2 cm^-1),W/(m^2 sr um),W/(m^2 um),value_si=value_native*1e8/(wavelength_um^2),3208.0,3.117206982543641,0.83967018,1.1729e-10,0.00120706235456,0.0,0.0,0.0,0.0,,,0.0,0.0,,1.1729e-10,0.00120706235456
mwir_std_thermal,D:\HwaSimIR\HwaSim_IR\Bin\Config\Atmosphere\MODTRAN\raw\audit_mwir_standard_20260906\mwir_std_thermal\MODOUT2.txt,W/(cm^2 sr cm^-1),W/(cm^2 cm^-1),W/(m^2 sr um),W/(m^2 um),value_si=value_native*1e8/(wavelength_um^2),3209.0,3.1162355874104084,0.44354081,3.4103e-10,0.00351181815143,0.0,0.0,0.0,0.0,,,0.0,0.0,,3.4103e-10,0.00351181815143
mwir_std_thermal,D:\HwaSimIR\HwaSim_IR\Bin\Config\Atmosphere\MODTRAN\raw\audit_mwir_standard_20260906\mwir_std_thermal\MODOUT2.txt,W/(cm^2 sr cm^-1),W/(cm^2 cm^-1),W/(m^2 sr um),W/(m^2 um),value_si=value_native*1e8/(wavelength_um^2),3210.0,3.115264797507788,0.12264764,3.4827e-10,0.003588608907,0.0,0.0,0.0,0.0,,,0.0,0.0,,3.4827e-10,0.003588608907
mwir_std_thermal,D:\HwaSimIR\HwaSim_IR\Bin\Config\Atmosphere\MODTRAN\raw\audit_mwir_standard_20260906\mwir_std_thermal\MODOUT2.txt,W/(cm^2 sr cm^-1),W/(cm^2 cm^-1),W/(m^2 sr um),W/(m^2 um),value_si=value_native*1e8/(wavelength_um^2),3211.0,3.114294612270321,0.66925186,2.2425e-10,0.00231213433425,0.0,0.0,0.0,0.0,,,0.0,0.0,,2.2425e-10,0.00231213433425
mwir_std_thermal,D:\HwaSimIR\HwaSim_IR\Bin\Config\Atmosphere\MODTRAN\raw\audit_mwir_standard_20260906\mwir_std_thermal\MODOUT2.txt,W/(cm^2 sr cm^-1),W/(cm^2 cm^-1),W/(m^2 sr um),W/(m^2 um),value_si=value_native*1e8/(wavelength_um^2),3212.0,3.1133250311332503,0.8049798,1.3985e-10,0.0014428246184,0.0,0.0,0.0,0.0,,,0.0,0.0,,1.3985e-10,0.0014428246184
mwir_std_thermal,D:\HwaSimIR\HwaSim_IR\Bin\Config\Atmosphere\MODTRAN\raw\audit_mwir_standard_20260906\mwir_std_thermal\MODOUT2.txt,W/(cm^2 sr cm^-1),W/(cm^2 cm^-1),W/(m^2 sr um),W/(m^2 um),value_si=value_native*1e8/(wavelength_um^2),3213.0,3.1123560535325243,0.63526756,2.4966e-10,0.0025773323045399994,0.0,0.0,0.0,0.0,,,0.0,0.0,,2.4966e-10,0.0025773323045399994
mwir_std_thermal,D:\HwaSimIR\HwaSim_IR\Bin\Config\Atmosphere\MODTRAN\raw\audit_mwir_standard_20260906\mwir_std_thermal\MODOUT2.txt,W/(cm^2 sr cm^-1),W/(cm^2 cm^-1),W/(m^2 sr um),W/(m^2 um),value_si=value_native*1e8/(wavelength_um^2),3214.0,3.1113876789047916,0.04981599,3.3235e-10,0.0034331077006000002,0.0,0.0,0.0,0.0,,,0.0,0.0,,3.3235e-10,0.0034331077006000002
mwir_std_thermal,D:\HwaSimIR\HwaSim_IR\Bin\Config\Atmosphere\MODTRAN\raw\audit_mwir_standard_20260906\mwir_std_thermal\MODOUT2.txt,W/(cm^2 sr cm^-1),W/(cm^2 cm^-1),W/(m^2 sr um),W/(m^2 um),value_si=value_native*1e8/(wavelength_um^2),3215.0,3.1104199066874028,0.44563878,3.4316e-10,0.003546978971,0.0,0.0,0.0,0.0,,,0.0,0.0,,3.4316e-10,0.003546978971
mwir_std_thermal,D:\HwaSimIR\HwaSim_IR\Bin\Config\Atmosphere\MODTRAN\raw\audit_mwir_standard_20260906\mwir_std_thermal\MODOUT2.txt,W/(cm^2 sr cm^-1),W/(cm^2 cm^-1),W/(m^2 sr um),W/(m^2 um),value_si=value_native*1e8/(wavelength_um^2),3216.0,3.109452736318408,0.63264567,2.4694e-10,0.0025540154726399994,0.0,0.0,0.0,0.0,,,0.0,0.0,,2.4694e-10,0.0025540154726399994
mwir_std_thermal,D:\HwaSimIR\HwaSim_IR\Bin\Config\Atmosphere\MODTRAN\raw\audit_mwir_standard_20260906\mwir_std_thermal\MODOUT2.txt,W/(cm^2 sr cm^-1),W/(cm^2 cm^-1),W/(m^2 sr um),W/(m^2 um),value_si=value_native*1e8/(wavelength_um^2),3217.0,3.108486167236556,0.51590019,2.5104e-10,0.00259803530256,0.0,0.0,0.0,0.0,,,0.0,0.0,,2.5104e-10,0.00259803530256
mwir_std_thermal,D:\HwaSimIR\HwaSim_IR\Bin\Config\Atmosphere\MODTRAN\raw\audit_mwir_standard_20260906\mwir_std_thermal\MODOUT2.txt,W/(cm^2 sr cm^-1),W/(cm^2 cm^-1),W/(m^2 sr um),W/(m^2 um),value_si=value_native*1e8/(wavelength_um^2),3218.0,3.107520198881293,0.7354005,1.8372e-10,0.00190251686928,0.0,0.0,0.0,0.0,,,0.0,0.0,,1.8372e-10,0.00190251686928
mwir_std_thermal,D:\HwaSimIR\HwaSim_IR\Bin\Config\Atmosphere\MODTRAN\raw\audit_mwir_standard_20260906\mwir_std_thermal\MODOUT2.txt,W/(cm^2 sr cm^-1),W/(cm^2 cm^-1),W/(m^2 sr um),W/(m^2 um),value_si=value_native*1e8/(wavelength_um^2),3219.0,3.1065548306927617,0.21063416,3.3533e-10,0.00347467638213,0.0,0.0,0.0,0.0,,,0.0,0.0,,3.3533e-10,0.00347467638213
mwir_std_thermal,D:\HwaSimIR\HwaSim_IR\Bin\Config\Atmosphere\MODTRAN\raw\audit_mwir_standard_20260906\mwir_std_thermal\MODOUT2.txt,W/(cm^2 sr cm^-1),W/(cm^2 cm^-1),W/(m^2 sr um),W/(m^2 um),value_si=value_native*1e8/(wavelength_um^2),3220.0,3.1055900621118013,0.12579998,3.6797e-10,0.0038152601480000003,0.0,0.0,0.0,0.0,,,0.0,0.0,,3.6797e-10,0.0038152601480000003
mwir_std_thermal,D:\HwaSimIR\HwaSim_IR\Bin\Config\Atmosphere\MODTRAN\raw\audit_mwir_standard_20260906\mwir_std_thermal\MODOUT2.txt,W/(cm^2 sr cm^-1),W/(cm^2 cm^-1),W/(m^2 sr um),W/(m^2 um),value_si=value_native*1e8/(wavelength_um^2),3221.0,3.104625892579944,0.60044628,2.6093e-10,0.00270710726213,0.0,0.0,0.0,0.0,,,0.0,0.0,,2.6093e-10,0.00270710726213
mwir_std_thermal,D:\HwaSimIR\HwaSim_IR\Bin\Config\Atmosphere\MODTRAN\raw\audit_mwir_standard_20260906\mwir_std_thermal\MODOUT2.txt,W/(cm^2 sr cm^-1),W/(cm^2 cm^-1),W/(m^2 sr um),W/(m^2 um),value_si=value_native*1e8/(wavelength_um^2),3222.0,3.1036623215394163,0.30204436,3.2147e-10,0.0033372713674799997,0.0,0.0,0.0,0.0,,,0.0,0.0,,3.2147e-10,0.0033372713674799997
mwir_std_thermal,D:\HwaSimIR\HwaSim_IR\Bin\Config\Atmosphere\MODTRAN\raw\audit_mwir_standard_20260906\mwir_std_thermal\MODOUT2.txt,W/(cm^2 sr cm^-1),W/(cm^2 cm^-1),W/(m^2 sr um),W/(m^2 um),value_si=value_native*1e8/(wavelength_um^2),3223.0,3.102699348433137,0.77324903,1.5266e-10,0.0015857907091399999,0.0,0.0,0.0,0.0,,,0.0,0.0,,1.5266e-10,0.0015857907091399999
mwir_std_thermal,D:\HwaSimIR\HwaSim_IR\Bin\Config\Atmosphere\MODTRAN\raw\audit_mwir_standard_20260906\mwir_std_thermal\MODOUT2.txt,W/(cm^2 sr cm^-1),W/(cm^2 cm^-1),W/(m^2 sr um),W/(m^2 um),value_si=value_native*1e8/(wavelength_um^2),3224.0,3.101736972704715,0.9060967,6.5223e-11,0.0006779393412479999,0.0,0.0,0.0,0.0,,,0.0,0.0,,6.5223e-11,0.0006779393412479999
mwir_std_thermal,D:\HwaSimIR\HwaSim_IR\Bin\Config\Atmosphere\MODTRAN\raw\audit_mwir_standard_20260906\mwir_std_thermal\MODOUT2.txt,W/(cm^2 sr cm^-1),W/(cm^2 cm^-1),W/(m^2 sr um),W/(m^2 um),value_si=value_native*1e8/(wavelength_um^2),3225.0,3.10077519379845,0.89688891,7.1925e-11,0.0007480649531249999,0.0,0.0,0.0,0.0,,,0.0,0.0,,7.1925e-11,0.0007480649531249999
mwir_std_thermal,D:\HwaSimIR\HwaSim_IR\Bin\Config\Atmosphere\MODTRAN\raw\audit_mwir_standard_20260906\mwir_std_thermal\MODOUT2.txt,W/(cm^2 sr cm^-1),W/(cm^2 cm^-1),W/(m^2 sr um),W/(m^2 um),value_si=value_native*1e8/(wavelength_um^2),3226.0,3.0998140111593306,0.60198283,2.4814e-10,0.0025824118386399996,0.0,0.0,0.0,0.0,,,0.0,0.0,,2.4814e-10,0.0025824118386399996
mwir_std_thermal,D:\HwaSimIR\HwaSim_IR\Bin\Config\Atmosphere\MODTRAN\raw\audit_mwir_standard_20260906\mwir_std_thermal\MODOUT2.txt,W/(cm^2 sr cm^-1),W/(cm^2 cm^-1),W/(m^2 sr um),W/(m^2 um),value_si=value_native*1e8/(wavelength_um^2),3227.0,3.0988534242330337,0.40969855,2.7893e-10,0.0029046456439699997,0.0,0.0,0.0,0.0,,,0.0,0.0,,2.7893e-10,0.0029046456439699997
mwir_std_thermal,D:\HwaSimIR\HwaSim_IR\Bin\Config\Atmosphere\MODTRAN\raw\audit_mwir_standard_20260906\mwir_std_thermal\MODOUT2.txt,W/(cm^2 sr cm^-1),W/(cm^2 cm^-1),W/(m^2 sr um),W/(m^2 um),value_si=value_native*1e8/(wavelength_um^2),3228.0,3.097893432465923,0.57065302,2.6092e-10,0.0027187822252800003,0.0,0.0,0.0,0.0,,,0.0,0.0,,2.6092e-10,0.0027187822252800003
mwir_std_thermal,D:\HwaSimIR\HwaSim_IR\Bin\Config\Atmosphere\MODTRAN\raw\audit_mwir_standard_20260906\mwir_std_thermal\MODOUT2.txt,W/(cm^2 sr cm^-1),W/(cm^2 cm^-1),W/(m^2 sr um),W/(m^2 um),value_si=value_native*1e8/(wavelength_um^2),3229.0,3.096934035305048,0.63508481,2.323e-10,0.0024220622443,0.0,0.0,0.0,0.0,,,0.0,0.0,,2.323e-10,0.0024220622443
mwir_std_thermal,D:\HwaSimIR\HwaSim_IR\Bin\Config\Atmosphere\MODTRAN\raw\audit_mwir_standard_20260906\mwir_std_thermal\MODOUT2.txt,W/(cm^2 sr cm^-1),W/(cm^2 cm^-1),W/(m^2 sr um),W/(m^2 um),value_si=value_native*1e8/(wavelength_um^2),3230.0,3.0959752321981426,0.15398254,3.3471e-10,0.0034919959589999995,0.0,0.0,0.0,0.0,,,0.0,0.0,,3.3471e-10,0.0034919959589999995
mwir_std_thermal,D:\HwaSimIR\HwaSim_IR\Bin\Config\Atmosphere\MODTRAN\raw\audit_mwir_standard_20260906\mwir_std_thermal\MODOUT2.txt,W/(cm^2 sr cm^-1),W/(cm^2 cm^-1),W/(m^2 sr um),W/(m^2 um),value_si=value_native*1e8/(wavelength_um^2),3231.0,3.095017022593624,0.57913429,2.7107e-10,0.00282979758627,0.0,0.0,0.0,0.0,,,0.0,0.0,,2.7107e-10,0.00282979758627
mwir_std_thermal,D:\HwaSimIR\HwaSim_IR\Bin\Config\Atmosphere\MODTRAN\raw\audit_mwir_standard_20260906\mwir_std_thermal\MODOUT2.txt,W/(cm^2 sr cm^-1),W/(cm^2 cm^-1),W/(m^2 sr um),W/(m^2 um),value_si=value_native*1e8/(wavelength_um^2),3232.0,3.094059405940594,0.49238726,2.6492e-10,0.0027673076940799997,0.0,0.0,0.0,0.0,,,0.0,0.0,,2.6492e-10,0.0027673076940799997
mwir_std_thermal,D:\HwaSimIR\HwaSim_IR\Bin\Config\Atmosphere\MODTRAN\raw\audit_mwir_standard_20260906\mwir_std_thermal\MODOUT2.txt,W/(cm^2 sr cm^-1),W/(cm^2 cm^-1),W/(m^2 sr um),W/(m^2 um),value_si=value_native*1e8/(wavelength_um^2),3233.0,3.093102381688834,0.20140667,3.2986e-10,0.0034477920495400004,0.0,0.0,0.0,0.0,,,0.0,0.0,,3.2986e-10,0.0034477920495400004
mwir_std_thermal,D:\HwaSimIR\HwaSim_IR\Bin\Config\Atmosphere\MODTRAN\raw\audit_mwir_standard_20260906\mwir_std_thermal\MODOUT2.txt,W/(cm^2 sr cm^-1),W/(cm^2 cm^-1),W/(m^2 sr um),W/(m^2 um),value_si=value_native*1e8/(wavelength_um^2),3234.0,3.0921459492888066,0.75883138,1.5653e-10,0.00163710907668,0.0,0.0,0.0,0.0,,,0.0,0.0,,1.5653e-10,0.00163710907668
mwir_std_thermal,D:\HwaSimIR\HwaSim_IR\Bin\Config\Atmosphere\MODTRAN\raw\audit_mwir_standard_20260906\mwir_std_thermal\MODOUT2.txt,W/(cm^2 sr cm^-1),W/(cm^2 cm^-1),W/(m^2 sr um),W/(m^2 um),value_si=value_native*1e8/(wavelength_um^2),3235.0,3.091190108191654,0.78373069,1.3562e-10,0.0014192938144999999,0.0,0.0,0.0,0.0,,,0.0,0.0,,1.3562e-10,0.0014192938144999999
mwir_std_thermal,D:\HwaSimIR\HwaSim_IR\Bin\Config\Atmosphere\MODTRAN\raw\audit_mwir_standard_20260906\mwir_std_thermal\MODOUT2.txt,W/(cm^2 sr cm^-1),W/(cm^2 cm^-1),W/(m^2 sr um),W/(m^2 um),value_si=value_native*1e8/(wavelength_um^2),3236.0,3.0902348578491967,0.52596372,2.6789e-10,0.00280526264144,0.0,0.0,0.0,0.0,,,0.0,0.0,,2.6789e-10,0.00280526264144
mwir_std_thermal,D:\HwaSimIR\HwaSim_IR\Bin\Config\Atmosphere\MODTRAN\raw\audit_mwir_standard_20260906\mwir_std_thermal\MODOUT2.txt,W/(cm^2 sr cm^-1),W/(cm^2 cm^-1),W/(m^2 sr um),W/(m^2 um),value_si=value_native*1e8/(wavelength_um^2),3237.0,3.089280197713933,0.30731654,2.7548e-10,0.00288652599612,0.0,0.0,0.0,0.0,,,0.0,0.0,,2.7548e-10,0.00288652599612
mwir_std_thermal,D:\HwaSimIR\HwaSim_IR\Bin\Config\Atmosphere\MODTRAN\raw\audit_mwir_standard_20260906\mwir_std_thermal\MODOUT2.txt,W/(cm^2 sr cm^-1),W/(cm^2 cm^-1),W/(m^2 sr um),W/(m^2 um),value_si=value_native*1e8/(wavelength_um^2),3238.0,3.0883261272390365,0.73316795,1.6071e-10,0.00168498713724,0.0,0.0,0.0,0.0,,,0.0,0.0,,1.6071e-10,0.00168498713724
mwir_std_thermal,D:\HwaSimIR\HwaSim_IR\Bin\Config\Atmosphere\MODTRAN\raw\audit_mwir_standard_20260906\mwir_std_thermal\MODOUT2.txt,W/(cm^2 sr cm^-1),W/(cm^2 cm^-1),W/(m^2 sr um),W/(m^2 um),value_si=value_native*1e8/(wavelength_um^2),3239.0,3.0873726458783577,0.8417601,1.0194e-10,0.0010694648747399998,0.0,0.0,0.0,0.0,,,0.0,0.0,,1.0194e-10,0.0010694648747399998
mwir_std_thermal,D:\HwaSimIR\HwaSim_IR\Bin\Config\Atmosphere\MODTRAN\raw\audit_mwir_standard_20260906\mwir_std_thermal\MODOUT2.txt,W/(cm^2 sr cm^-1),W/(cm^2 cm^-1),W/(m^2 sr um),W/(m^2 um),value_si=value_native*1e8/(wavelength_um^2),3240.0,3.0864197530864197,0.29227561,2.989e-10,0.0031377326400000003,0.0,0.0,0.0,0.0,,,0.0,0.0,,2.989e-10,0.0031377326400000003
mwir_std_thermal,D:\HwaSimIR\HwaSim_IR\Bin\Config\Atmosphere\MODTRAN\raw\audit_mwir_standard_20260906\mwir_std_thermal\MODOUT2.txt,W/(cm^2 sr cm^-1),W/(cm^2 cm^-1),W/(m^2 sr um),W/(m^2 um),value_si=value_native*1e8/(wavelength_um^2),3241.0,3.08546744831842,0.7336095,1.6606e-10,0.0017443076908600001,0.0,0.0,0.0,0.0,,,0.0,0.0,,1.6606e-10,0.0017443076908600001
mwir_std_thermal,D:\HwaSimIR\HwaSim_IR\Bin\Config\Atmosphere\MODTRAN\raw\audit_mwir_standard_20260906\mwir_std_thermal\MODOUT2.txt,W/(cm^2 sr cm^-1),W/(cm^2 cm^-1),W/(m^2 sr um),W/(m^2 um),value_si=value_native*1e8/(wavelength_um^2),3242.0,3.0845157310302285,0.55737108,2.2853e-10,0.0024019791909199997,0.0,0.0,0.0,0.0,,,0.0,0.0,,2.2853e-10,0.0024019791909199997
mwir_std_thermal,D:\HwaSimIR\HwaSim_IR\Bin\Config\Atmosphere\MODTRAN\raw\audit_mwir_standard_20260906\mwir_std_thermal\MODOUT2.txt,W/(cm^2 sr cm^-1),W/(cm^2 cm^-1),W/(m^2 sr um),W/(m^2 um),value_si=value_native*1e8/(wavelength_um^2),3243.0,3.0835646006783843,0.64880019,2.0793e-10,0.0021868099985699993,0.0,0.0,0.0,0.0,,,0.0,0.0,,2.0793e-10,0.0021868099985699993
mwir_std_thermal,D:\HwaSimIR\HwaSim_IR\Bin\Config\Atmosphere\MODTRAN\raw\audit_mwir_standard_20260906\mwir_std_thermal\MODOUT2.txt,W/(cm^2 sr cm^-1),W/(cm^2 cm^-1),W/(m^2 sr um),W/(m^2 um),value_si=value_native*1e8/(wavelength_um^2),3244.0,3.082614056720099,0.45131838,2.9134e-10,0.0030659269782399995,0.0,0.0,0.0,0.0,,,0.0,0.0,,2.9134e-10,0.0030659269782399995
mwir_std_thermal,D:\HwaSimIR\HwaSim_IR\Bin\Config\Atmosphere\MODTRAN\raw\audit_mwir_standard_20260906\mwir_std_thermal\MODOUT2.txt,W/(cm^2 sr cm^-1),W/(cm^2 cm^-1),W/(m^2 sr um),W/(m^2 um),value_si=value_native*1e8/(wavelength_um^2),3245.0,3.0816640986132513,0.01660132,2.4673e-10,0.0025980730682499996,0.0,0.0,0.0,0.0,,,0.0,0.0,,2.4673e-10,0.0025980730682499996
mwir_std_thermal,D:\HwaSimIR\HwaSim_IR\Bin\Config\Atmosphere\MODTRAN\raw\audit_mwir_standard_20260906\mwir_std_thermal\MODOUT2.txt,W/(cm^2 sr cm^-1),W/(cm^2 cm^-1),W/(m^2 sr um),W/(m^2 um),value_si=value_native*1e8/(wavelength_um^2),3246.0,3.0807147258163896,0.51235747,2.7302e-10,0.0028766795983199995,0.0,0.0,0.0,0.0,,,0.0,0.0,,2.7302e-10,0.0028766795983199995
mwir_std_thermal,D:\HwaSimIR\HwaSim_IR\Bin\Config\Atmosphere\MODTRAN\raw\audit_mwir_standard_20260906\mwir_std_thermal\MODOUT2.txt,W/(cm^2 sr cm^-1),W/(cm^2 cm^-1),W/(m^2 sr um),W/(m^2 um),value_si=value_native*1e8/(wavelength_um^2),3247.0,3.079765937788728,0.66994166,1.926e-10,0.0020305835334000003,0.0,0.0,0.0,0.0,,,0.0,0.0,,1.926e-10,0.0020305835334000003
mwir_std_thermal,D:\HwaSimIR\HwaSim_IR\Bin\Config\Atmosphere\MODTRAN\raw\audit_mwir_standard_20260906\mwir_std_thermal\MODOUT2.txt,W/(cm^2 sr cm^-1),W/(cm^2 cm^-1),W/(m^2 sr um),W/(m^2 um),value_si=value_native*1e8/(wavelength_um^2),3248.0,3.0788177339901477,0.8951599,6.5654e-11,0.0006926171356160001,0.0,0.0,0.0,0.0,,,0.0,0.0,,6.5654e-11,0.0006926171356160001
mwir_std_thermal,D:\HwaSimIR\HwaSim_IR\Bin\Config\Atmosphere\MODTRAN\raw\audit_mwir_standard_20260906\mwir_std_thermal\MODOUT2.txt,W/(cm^2 sr cm^-1),W/(cm^2 cm^-1),W/(m^2 sr um),W/(m^2 um),value_si=value_native*1e8/(wavelength_um^2),3249.0,3.077870113881194,0.85042197,8.8925e-11,0.0009386923889250003,0.0,0.0,0.0,0.0,,,0.0,0.0,,8.8925e-11,0.0009386923889250003
mwir_std_thermal,D:\HwaSimIR\HwaSim_IR\Bin\Config\Atmosphere\MODTRAN\raw\audit_mwir_standard_20260906\mwir_std_thermal\MODOUT2.txt,W/(cm^2 sr cm^-1),W/(cm^2 cm^-1),W/(m^2 sr um),W/(m^2 um),value_si=value_native*1e8/(wavelength_um^2),3250.0,3.076923076923077,0.92377841,4.7198e-11,0.0004985288749999999,0.0,0.0,0.0,0.0,,,0.0,0.0,,4.7198e-11,0.0004985288749999999
mwir_std_thermal,D:\HwaSimIR\HwaSim_IR\Bin\Config\Atmosphere\MODTRAN\raw\audit_mwir_standard_20260906\mwir_std_thermal\MODOUT2.txt,W/(cm^2 sr cm^-1),W/(cm^2 cm^-1),W/(m^2 sr um),W/(m^2 um),value_si=value_native*1e8/(wavelength_um^2),3251.0,3.0759766225776684,0.92138845,4.8579e-11,0.0005134314995790001,0.0,0.0,0.0,0.0,,,0.0,0.0,,4.8579e-11,0.0005134314995790001
mwir_std_thermal,D:\HwaSimIR\HwaSim_IR\Bin\Config\Atmosphere\MODTRAN\raw\audit_mwir_standard_20260906\mwir_std_thermal\MODOUT2.txt,W/(cm^2 sr cm^-1),W/(cm^2 cm^-1),W/(m^2 sr um),W/(m^2 um),value_si=value_native*1e8/(wavelength_um^2),3252.0,3.075030750307503,0.8417148,9.417e-11,0.00099589521168,0.0,0.0,0.0,0.0,,,0.0,0.0,,9.417e-11,0.00099589521168
mwir_std_thermal,D:\HwaSimIR\HwaSim_IR\Bin\Config\Atmosphere\MODTRAN\raw\audit_mwir_standard_20260906\mwir_std_thermal\MODOUT2.txt,W/(cm^2 sr cm^-1),W/(cm^2 cm^-1),W/(m^2 sr um),W/(m^2 um),value_si=value_native*1e8/(wavelength_um^2),3253.0,3.0740854595757763,0.7493453,1.4817e-10,0.0015679362735299997,0.0,0.0,0.0,0.0,,,0.0,0.0,,1.4817e-10,0.0015679362735299997
mwir_std_thermal,D:\HwaSimIR\HwaSim_IR\Bin\Config\Atmosphere\MODTRAN\raw\audit_mwir_standard_20260906\mwir_std_thermal\MODOUT2.txt,W/(cm^2 sr cm^-1),W/(cm^2 cm^-1),W/(m^2 sr um),W/(m^2 um),value_si=value_native*1e8/(wavelength_um^2),3254.0,3.073140749846343,0.11584133,2.9407e-10,0.00311376490012,0.0,0.0,0.0,0.0,,,0.0,0.0,,2.9407e-10,0.00311376490012
mwir_std_thermal,D:\HwaSimIR\HwaSim_IR\Bin\Config\Atmosphere\MODTRAN\raw\audit_mwir_standard_20260906\mwir_std_thermal\MODOUT2.txt,W/(cm^2 sr cm^-1),W/(cm^2 cm^-1),W/(m^2 sr um),W/(m^2 um),value_si=value_native*1e8/(wavelength_um^2),3255.0,3.0721966205837172,0.54802293,2.4453e-10,0.00259080146325,0.0,0.0,0.0,0.0,,,0.0,0.0,,2.4453e-10,0.00259080146325
mwir_std_thermal,D:\HwaSimIR\HwaSim_IR\Bin\Config\Atmosphere\MODTRAN\raw\audit_mwir_standard_20260906\mwir_std_thermal\MODOUT2.txt,W/(cm^2 sr cm^-1),W/(cm^2 cm^-1),W/(m^2 sr um),W/(m^2 um),value_si=value_native*1e8/(wavelength_um^2),3256.0,3.0712530712530715,0.66142553,1.8522e-10,0.00196361649792,0.0,0.0,0.0,0.0,,,0.0,0.0,,1.8522e-10,0.00196361649792
mwir_std_thermal,D:\HwaSimIR\HwaSim_IR\Bin\Config\Atmosphere\MODTRAN\raw\audit_mwir_standard_20260906\mwir_std_thermal\MODOUT2.txt,W/(cm^2 sr cm^-1),W/(cm^2 cm^-1),W/(m^2 sr um),W/(m^2 um),value_si=value_native*1e8/(wavelength_um^2),3257.0,3.070310101320233,0.25715554,2.7426e-10,0.00290936351874,0.0,0.0,0.0,0.0,,,0.0,0.0,,2.7426e-10,0.00290936351874
mwir_std_thermal,D:\HwaSimIR\HwaSim_IR\Bin\Config\Atmosphere\MODTRAN\raw\audit_mwir_standard_20260906\mwir_std_thermal\MODOUT2.txt,W/(cm^2 sr cm^-1),W/(cm^2 cm^-1),W/(m^2 sr um),W/(m^2 um),value_si=value_native*1e8/(wavelength_um^2),3258.0,3.0693677102516883,0.56623721,2.363e-10,0.0025082214732,0.0,0.0,0.0,0.0,,,0.0,0.0,,2.363e-10,0.0025082214732
mwir_std_thermal,D:\HwaSimIR\HwaSim_IR\Bin\Config\Atmosphere\MODTRAN\raw\audit_mwir_standard_20260906\mwir_std_thermal\MODOUT2.txt,W/(cm^2 sr cm^-1),W/(cm^2 cm^-1),W/(m^2 sr um),W/(m^2 um),value_si=value_native*1e8/(wavelength_um^2),3259.0,3.068425897514575,0.85382551,8.6131e-11,0.000914804327611,0.0,0.0,0.0,0.0,,,0.0,0.0,,8.6131e-11,0.000914804327611
mwir_std_thermal,D:\HwaSimIR\HwaSim_IR\Bin\Config\Atmosphere\MODTRAN\raw\audit_mwir_standard_20260906\mwir_std_thermal\MODOUT2.txt,W/(cm^2 sr cm^-1),W/(cm^2 cm^-1),W/(m^2 sr um),W/(m^2 um),value_si=value_native*1e8/(wavelength_um^2),3260.0,3.067484662576687,0.44781271,2.1694e-10,0.0023055515440000003,0.0,0.0,0.0,0.0,,,0.0,0.0,,2.1694e-10,0.0023055515440000003
mwir_std_thermal,D:\HwaSimIR\HwaSim_IR\Bin\Config\Atmosphere\MODTRAN\raw\audit_mwir_standard_20260906\mwir_std_thermal\MODOUT2.txt,W/(cm^2 sr cm^-1),W/(cm^2 cm^-1),W/(m^2 sr um),W/(m^2 um),value_si=value_native*1e8/(wavelength_um^2),3261.0,3.0665440049064703,0.65869772,1.8347e-10,0.00195104217987,0.0,0.0,0.0,0.0,,,0.0,0.0,,1.8347e-10,0.00195104217987
mwir_std_thermal,D:\HwaSimIR\HwaSim_IR\Bin\Config\Atmosphere\MODTRAN\raw\audit_mwir_standard_20260906\mwir_std_thermal\MODOUT2.txt,W/(cm^2 sr cm^-1),W/(cm^2 cm^-1),W/(m^2 sr um),W/(m^2 um),value_si=value_native*1e8/(wavelength_um^2),3262.0,3.065603923973023,0.89946246,5.9125e-11,0.0006291280764999999,0.0,0.0,0.0,0.0,,,0.0,0.0,,5.9125e-11,0.0006291280764999999
mwir_std_thermal,D:\HwaSimIR\HwaSim_IR\Bin\Config\Atmosphere\MODTRAN\raw\audit_mwir_standard_20260906\mwir_std_thermal\MODOUT2.txt,W/(cm^2 sr cm^-1),W/(cm^2 cm^-1),W/(m^2 sr um),W/(m^2 um),value_si=value_native*1e8/(wavelength_um^2),3263.0,3.0646644192460926,0.53697598,2.1418e-10,0.0022804106564199996,0.0,0.0,0.0,0.0,,,0.0,0.0,,2.1418e-10,0.0022804106564199996
mwir_std_thermal,D:\HwaSimIR\HwaSim_IR\Bin\Config\Atmosphere\MODTRAN\raw\audit_mwir_standard_20260906\mwir_std_thermal\MODOUT2.txt,W/(cm^2 sr cm^-1),W/(cm^2 cm^-1),W/(m^2 sr um),W/(m^2 um),value_si=value_native*1e8/(wavelength_um^2),3264.0,3.0637254901960786,0.7438271,1.4262e-10,0.0015194301235199996,0.0,0.0,0.0,0.0,,,0.0,0.0,,1.4262e-10,0.0015194301235199996
mwir_std_thermal,D:\HwaSimIR\HwaSim_IR\Bin\Config\Atmosphere\MODTRAN\raw\audit_mwir_standard_20260906\mwir_std_thermal\MODOUT2.txt,W/(cm^2 sr cm^-1),W/(cm^2 cm^-1),W/(m^2 sr um),W/(m^2 um),value_si=value_native*1e8/(wavelength_um^2),3265.0,3.0627871362940278,0.34050399,2.544e-10,0.0027119612399999996,0.0,0.0,0.0,0.0,,,0.0,0.0,,2.544e-10,0.0027119612399999996
mwir_std_thermal,D:\HwaSimIR\HwaSim_IR\Bin\Config\Atmosphere\MODTRAN\raw\audit_mwir_standard_20260906\mwir_std_thermal\MODOUT2.txt,W/(cm^2 sr cm^-1),W/(cm^2 cm^-1),W/(m^2 sr um),W/(m^2 um),value_si=value_native*1e8/(wavelength_um^2),3266.0,3.061849357011635,0.53005463,2.2227e-10,0.00237089985612,0.0,0.0,0.0,0.0,,,0.0,0.0,,2.2227e-10,0.00237089985612
mwir_std_thermal,D:\HwaSimIR\HwaSim_IR\Bin\Config\Atmosphere\MODTRAN\raw\audit_mwir_standard_20260906\mwir_std_thermal\MODOUT2.txt,W/(cm^2 sr cm^-1),W/(cm^2 cm^-1),W/(m^2 sr um),W/(m^2 um),value_si=value_native*1e8/(wavelength_um^2),3267.0,3.0609121518212428,0.83363712,9.3262e-11,0.0009954122787179998,0.0,0.0,0.0,0.0,,,0.0,0.0,,9.3262e-11,0.0009954122787179998
mwir_std_thermal,D:\HwaSimIR\HwaSim_IR\Bin\Config\Atmosphere\MODTRAN\raw\audit_mwir_standard_20260906\mwir_std_thermal\MODOUT2.txt,W/(cm^2 sr cm^-1),W/(cm^2 cm^-1),W/(m^2 sr um),W/(m^2 um),value_si=value_native*1e8/(wavelength_um^2),3268.0,3.0599755201958385,0.92793483,4.1031e-11,0.00043820385854399996,0.0,0.0,0.0,0.0,,,0.0,0.0,,4.1031e-11,0.00043820385854399996
mwir_std_thermal,D:\HwaSimIR\HwaSim_IR\Bin\Config\Atmosphere\MODTRAN\raw\audit_mwir_standard_20260906\mwir_std_thermal\MODOUT2.txt,W/(cm^2 sr cm^-1),W/(cm^2 cm^-1),W/(m^2 sr um),W/(m^2 um),value_si=value_native*1e8/(wavelength_um^2),3269.0,3.059039461609055,0.92618978,4.2027e-11,0.000449115693747,0.0,0.0,0.0,0.0,,,0.0,0.0,,4.2027e-11,0.000449115693747
mwir_std_thermal,D:\HwaSimIR\HwaSim_IR\Bin\Config\Atmosphere\MODTRAN\raw\audit_mwir_standard_20260906\mwir_std_thermal\MODOUT2.txt,W/(cm^2 sr cm^-1),W/(cm^2 cm^-1),W/(m^2 sr um),W/(m^2 um),value_si=value_native*1e8/(wavelength_um^2),3270.0,3.058103975535168,0.67731786,1.4835e-10,0.0015862917149999998,0.0,0.0,0.0,0.0,,,0.0,0.0,,1.4835e-10,0.0015862917149999998
mwir_std_thermal,D:\HwaSimIR\HwaSim_IR\Bin\Config\Atmosphere\MODTRAN\raw\audit_mwir_standard_20260906\mwir_std_thermal\MODOUT2.txt,W/(cm^2 sr cm^-1),W/(cm^2 cm^-1),W/(m^2 sr um),W/(m^2 um),value_si=value_native*1e8/(wavelength_um^2),3271.0,3.0571690614490983,0.43419975,2.7541e-10,0.00294673304581,0.0,0.0,0.0,0.0,,,0.0,0.0,,2.7541e-10,0.00294673304581
mwir_std_thermal,D:\HwaSimIR\HwaSim_IR\Bin\Config\Atmosphere\MODTRAN\raw\audit_mwir_standard_20260906\mwir_std_thermal\MODOUT2.txt,W/(cm^2 sr cm^-1),W/(cm^2 cm^-1),W/(m^2 sr um),W/(m^2 um),value_si=value_native*1e8/(wavelength_um^2),3272.0,3.056234718826406,0.4286842,2.4508e-10,0.0026238225587199996,0.0,0.0,0.0,0.0,,,0.0,0.0,,2.4508e-10,0.0026238225587199996
mwir_std_thermal,D:\HwaSimIR\HwaSim_IR\Bin\Config\Atmosphere\MODTRAN\raw\audit_mwir_standard_20260906\mwir_std_thermal\MODOUT2.txt,W/(cm^2 sr cm^-1),W/(cm^2 cm^-1),W/(m^2 sr um),W/(m^2 um),value_si=value_native*1e8/(wavelength_um^2),3273.0,3.0553009471432935,0.32294974,2.873e-10,0.0030777095817,0.0,0.0,0.0,0.0,,,0.0,0.0,,2.873e-10,0.0030777095817
mwir_std_thermal,D:\HwaSimIR\HwaSim_IR\Bin\Config\Atmosphere\MODTRAN\raw\audit_mwir_standard_20260906\mwir_std_thermal\MODOUT2.txt,W/(cm^2 sr cm^-1),W/(cm^2 cm^-1),W/(m^2 sr um),W/(m^2 um),value_si=value_native*1e8/(wavelength_um^2),3274.0,3.0543677458766036,0.0730273,2.6108e-10,0.0027985363620799996,0.0,0.0,0.0,0.0,,,0.0,0.0,,2.6108e-10,0.0027985363620799996
mwir_std_thermal,D:\HwaSimIR\HwaSim_IR\Bin\Config\Atmosphere\MODTRAN\raw\audit_mwir_standard_20260906\mwir_std_thermal\MODOUT2.txt,W/(cm^2 sr cm^-1),W/(cm^2 cm^-1),W/(m^2 sr um),W/(m^2 um),value_si=value_native*1e8/(wavelength_um^2),3275.0,3.053435114503817,0.39494163,2.9886e-10,0.0032054602874999993,0.0,0.0,0.0,0.0,,,0.0,0.0,,2.9886e-10,0.0032054602874999993
mwir_std_thermal,D:\HwaSimIR\HwaSim_IR\Bin\Config\Atmosphere\MODTRAN\raw\audit_mwir_standard_20260906\mwir_std_thermal\MODOUT2.txt,W/(cm^2 sr cm^-1),W/(cm^2 cm^-1),W/(m^2 sr um),W/(m^2 um),value_si=value_native*1e8/(wavelength_um^2),3276.0,3.0525030525030523,0.19371419,2.8984e-10,0.0031106138918400006,0.0,0.0,0.0,0.0,,,0.0,0.0,,2.8984e-10,0.0031106138918400006
mwir_std_thermal,D:\HwaSimIR\HwaSim_IR\Bin\Config\Atmosphere\MODTRAN\raw\audit_mwir_standard_20260906\mwir_std_thermal\MODOUT2.txt,W/(cm^2 sr cm^-1),W/(cm^2 cm^-1),W/(m^2 sr um),W/(m^2 um),value_si=value_native*1e8/(wavelength_um^2),3277.0,3.051571559353067,0.34833491,2.5257e-10,0.002712280783529999,0.0,0.0,0.0,0.0,,,0.0,0.0,,2.5257e-10,0.002712280783529999
mwir_std_thermal,D:\HwaSimIR\HwaSim_IR\Bin\Config\Atmosphere\MODTRAN\raw\audit_mwir_standard_20260906\mwir_std_thermal\MODOUT2.txt,W/(cm^2 sr cm^-1),W/(cm^2 cm^-1),W/(m^2 sr um),W/(m^2 um),value_si=value_native*1e8/(wavelength_um^2),3278.0,3.050640634533252,0.75722927,1.2744e-10,0.0013693789929599997,0.0,0.0,0.0,0.0,,,0.0,0.0,,1.2744e-10,0.0013693789929599997
mwir_std_thermal,D:\HwaSimIR\HwaSim_IR\Bin\Config\Atmosphere\MODTRAN\raw\audit_mwir_standard_20260906\mwir_std_thermal\MODOUT2.txt,W/(cm^2 sr cm^-1),W/(cm^2 cm^-1),W/(m^2 sr um),W/(m^2 um),value_si=value_native*1e8/(wavelength_um^2),3279.0,3.0497102775236353,0.46608776,2.4864e-10,0.0026733377462399995,0.0,0.0,0.0,0.0,,,0.0,0.0,,2.4864e-10,0.0026733377462399995
mwir_std_thermal,D:\HwaSimIR\HwaSim_IR\Bin\Config\Atmosphere\MODTRAN\raw\audit_mwir_standard_20260906\mwir_std_thermal\MODOUT2.txt,W/(cm^2 sr cm^-1),W/(cm^2 cm^-1),W/(m^2 sr um),W/(m^2 um),value_si=value_native*1e8/(wavelength_um^2),3280.0,3.048780487804878,0.24409346,2.5112e-10,0.002701649408,0.0,0.0,0.0,0.0,,,0.0,0.0,,2.5112e-10,0.002701649408
mwir_std_thermal,D:\HwaSimIR\HwaSim_IR\Bin\Config\Atmosphere\MODTRAN\raw\audit_mwir_standard_20260906\mwir_std_thermal\MODOUT2.txt,W/(cm^2 sr cm^-1),W/(cm^2 cm^-1),W/(m^2 sr um),W/(m^2 um),value_si=value_native*1e8/(wavelength_um^2),3281.0,3.047851264858275,0.72360867,1.3508e-10,0.00145413093188,0.0,0.0,0.0,0.0,,,0.0,0.0,,1.3508e-10,0.00145413093188
mwir_std_thermal,D:\HwaSimIR\HwaSim_IR\Bin\Config\Atmosphere\MODTRAN\raw\audit_mwir_standard_20260906\mwir_std_thermal\MODOUT2.txt,W/(cm^2 sr cm^-1),W/(cm^2 cm^-1),W/(m^2 sr um),W/(m^2 um),value_si=value_native*1e8/(wavelength_um^2),3282.0,3.0469226081657528,0.86685884,7.0455e-11,0.0007589077234199999,0.0,0.0,0.0,0.0,,,0.0,0.0,,7.0455e-11,0.0007589077234199999
mwir_std_thermal,D:\HwaSimIR\HwaSim_IR\Bin\Config\Atmosphere\MODTRAN\raw\audit_mwir_standard_20260906\mwir_std_thermal\MODOUT2.txt,W/(cm^2 sr cm^-1),W/(cm^2 cm^-1),W/(m^2 sr um),W/(m^2 um),value_si=value_native*1e8/(wavelength_um^2),3283.0,3.045994517209869,0.41613418,2.2371e-10,0.00241116629019,0.0,0.0,0.0,0.0,,,0.0,0.0,,2.2371e-10,0.00241116629019
mwir_std_thermal,D:\HwaSimIR\HwaSim_IR\Bin\Config\Atmosphere\MODTRAN\raw\audit_mwir_standard_20260906\mwir_std_thermal\MODOUT2.txt,W/(cm^2 sr cm^-1),W/(cm^2 cm^-1),W/(m^2 sr um),W/(m^2 um),value_si=value_native*1e8/(wavelength_um^2),3284.0,3.045066991473812,0.43874431,2.4496e-10,0.0026418093337600007,0.0,0.0,0.0,0.0,,,0.0,0.0,,2.4496e-10,0.0026418093337600007
mwir_std_thermal,D:\HwaSimIR\HwaSim_IR\Bin\Config\Atmosphere\MODTRAN\raw\audit_mwir_standard_20260906\mwir_std_thermal\MODOUT2.txt,W/(cm^2 sr cm^-1),W/(cm^2 cm^-1),W/(m^2 sr um),W/(m^2 um),value_si=value_native*1e8/(wavelength_um^2),3285.0,3.0441400304414,0.84349537,8.1902e-11,0.0008838229099500002,0.0,0.0,0.0,0.0,,,0.0,0.0,,8.1902e-11,0.0008838229099500002
mwir_std_thermal,D:\HwaSimIR\HwaSim_IR\Bin\Config\Atmosphere\MODTRAN\raw\audit_mwir_standard_20260906\mwir_std_thermal\MODOUT2.txt,W/(cm^2 sr cm^-1),W/(cm^2 cm^-1),W/(m^2 sr um),W/(m^2 um),value_si=value_native*1e8/(wavelength_um^2),3286.0,3.0432136335970785,0.80892724,9.6117e-11,0.0010378517581320001,0.0,0.0,0.0,0.0,,,0.0,0.0,,9.6117e-11,0.0010378517581320001
mwir_std_thermal,D:\HwaSimIR\HwaSim_IR\Bin\Config\Atmosphere\MODTRAN\raw\audit_mwir_standard_20260906\mwir_std_thermal\MODOUT2.txt,W/(cm^2 sr cm^-1),W/(cm^2 cm^-1),W/(m^2 sr um),W/(m^2 um),value_si=value_native*1e8/(wavelength_um^2),3287.0,3.04228780042592,0.88999581,5.7341e-11,0.000619533322829,0.0,0.0,0.0,0.0,,,0.0,0.0,,5.7341e-11,0.000619533322829
mwir_std_thermal,D:\HwaSimIR\HwaSim_IR\Bin\Config\Atmosphere\MODTRAN\raw\audit_mwir_standard_20260906\mwir_std_thermal\MODOUT2.txt,W/(cm^2 sr cm^-1),W/(cm^2 cm^-1),W/(m^2 sr um),W/(m^2 um),value_si=value_native*1e8/(wavelength_um^2),3288.0,3.0413625304136254,0.52152991,1.7274e-10,0.0018674824665599998,0.0,0.0,0.0,0.0,,,0.0,0.0,,1.7274e-10,0.0018674824665599998
mwir_std_thermal,D:\HwaSimIR\HwaSim_IR\Bin\Config\Atmosphere\MODTRAN\raw\audit_mwir_standard_20260906\mwir_std_thermal\MODOUT2.txt,W/(cm^2 sr cm^-1),W/(cm^2 cm^-1),W/(m^2 sr um),W/(m^2 um),value_si=value_native*1e8/(wavelength_um^2),3289.0,3.0404378230465188,0.21114616,2.7834e-10,0.0030109487951399993,0.0,0.0,0.0,0.0,,,0.0,0.0,,2.7834e-10,0.0030109487951399993
mwir_std_thermal,D:\HwaSimIR\HwaSim_IR\Bin\Config\Atmosphere\MODTRAN\raw\audit_mwir_standard_20260906\mwir_std_thermal\MODOUT2.txt,W/(cm^2 sr cm^-1),W/(cm^2 cm^-1),W/(m^2 sr um),W/(m^2 um),value_si=value_native*1e8/(wavelength_um^2),3290.0,3.0395136778115504,0.75745612,1.1989e-10,0.001297701349,0.0,0.0,0.0,0.0,,,0.0,0.0,,1.1989e-10,0.001297701349
mwir_std_thermal,D:\HwaSimIR\HwaSim_IR\Bin\Config\Atmosphere\MODTRAN\raw\audit_mwir_standard_20260906\mwir_std_thermal\MODOUT2.txt,W/(cm^2 sr cm^-1),W/(cm^2 cm^-1),W/(m^2 sr um),W/(m^2 um),value_si=value_native*1e8/(wavelength_um^2),3291.0,3.038590094196293,0.42557496,1.9889e-10,0.0021541141440899994,0.0,0.0,0.0,0.0,,,0.0,0.0,,1.9889e-10,0.0021541141440899994
mwir_std_thermal,D:\HwaSimIR\HwaSim_IR\Bin\Config\Atmosphere\MODTRAN\raw\audit_mwir_standard_20260906\mwir_std_thermal\MODOUT2.txt,W/(cm^2 sr cm^-1),W/(cm^2 cm^-1),W/(m^2 sr um),W/(m^2 um),value_si=value_native*1e8/(wavelength_um^2),3292.0,3.0376670716889427,0.40926993,2.6614e-10,0.002884229440960001,0.0,0.0,0.0,0.0,,,0.0,0.0,,2.6614e-10,0.002884229440960001
mwir_std_thermal,D:\HwaSimIR\HwaSim_IR\Bin\Config\Atmosphere\MODTRAN\raw\audit_mwir_standard_20260906\mwir_std_thermal\MODOUT2.txt,W/(cm^2 sr cm^-1),W/(cm^2 cm^-1),W/(m^2 sr um),W/(m^2 um),value_si=value_native*1e8/(wavelength_um^2),3293.0,3.0367446097783177,0.16534317,2.4963e-10,0.0027069500258700002,0.0,0.0,0.0,0.0,,,0.0,0.0,,2.4963e-10,0.0027069500258700002
mwir_std_thermal,D:\HwaSimIR\HwaSim_IR\Bin\Config\Atmosphere\MODTRAN\raw\audit_mwir_standard_20260906\mwir_std_thermal\MODOUT2.txt,W/(cm^2 sr cm^-1),W/(cm^2 cm^-1),W/(m^2 sr um),W/(m^2 um),value_si=value_native*1e8/(wavelength_um^2),3294.0,3.0358227079538556,0.42045847,2.1793e-10,0.00236463551748,0.0,0.0,0.0,0.0,,,0.0,0.0,,2.1793e-10,0.00236463551748
mwir_std_thermal,D:\HwaSimIR\HwaSim_IR\Bin\Config\Atmosphere\MODTRAN\raw\audit_mwir_standard_20260906\mwir_std_thermal\MODOUT2.txt,W/(cm^2 sr cm^-1),W/(cm^2 cm^-1),W/(m^2 sr um),W/(m^2 um),value_si=value_native*1e8/(wavelength_um^2),3295.0,3.0349013657056148,0.84747946,7.57e-11,0.0008218767924999998,0.0,0.0,0.0,0.0,,,0.0,0.0,,7.57e-11,0.0008218767924999998
mwir_std_thermal,D:\HwaSimIR\HwaSim_IR\Bin\Config\Atmosphere\MODTRAN\raw\audit_mwir_standard_20260906\mwir_std_thermal\MODOUT2.txt,W/(cm^2 sr cm^-1),W/(cm^2 cm^-1),W/(m^2 sr um),W/(m^2 um),value_si=value_native*1e8/(wavelength_um^2),3296.0,3.033980582524272,0.79014885,1.0243e-10,0.00111276018688,0.0,0.0,0.0,0.0,,,0.0,0.0,,1.0243e-10,0.00111276018688
mwir_std_thermal,D:\HwaSimIR\HwaSim_IR\Bin\Config\Atmosphere\MODTRAN\raw\audit_mwir_standard_20260906\mwir_std_thermal\MODOUT2.txt,W/(cm^2 sr cm^-1),W/(cm^2 cm^-1),W/(m^2 sr um),W/(m^2 um),value_si=value_native*1e8/(wavelength_um^2),3297.0,3.0330603579011224,0.22226997,3.0676e-10,0.0033345453128399995,0.0,0.0,0.0,0.0,,,0.0,0.0,,3.0676e-10,0.0033345453128399995
mwir_std_thermal,D:\HwaSimIR\HwaSim_IR\Bin\Config\Atmosphere\MODTRAN\raw\audit_mwir_standard_20260906\mwir_std_thermal\MODOUT2.txt,W/(cm^2 sr cm^-1),W/(cm^2 cm^-1),W/(m^2 sr um),W/(m^2 um),value_si=value_native*1e8/(wavelength_um^2),3298.0,3.0321406913280775,0.31440717,2.2655e-10,0.0024641399462000005,0.0,0.0,0.0,0.0,,,0.0,0.0,,2.2655e-10,0.0024641399462000005
mwir_std_thermal,D:\HwaSimIR\HwaSim_IR\Bin\Config\Atmosphere\MODTRAN\raw\audit_mwir_standard_20260906\mwir_std_thermal\MODOUT2.txt,W/(cm^2 sr cm^-1),W/(cm^2 cm^-1),W/(m^2 sr um),W/(m^2 um),value_si=value_native*1e8/(wavelength_um^2),3299.0,3.031221582297666,0.86860454,6.4398e-11,0.0007008692575979999,0.0,0.0,0.0,0.0,,,0.0,0.0,,6.4398e-11,0.0007008692575979999
mwir_std_thermal,D:\HwaSimIR\HwaSim_IR\Bin\Config\Atmosphere\MODTRAN\raw\audit_mwir_standard_20260906\mwir_std_thermal\MODOUT2.txt,W/(cm^2 sr cm^-1),W/(cm^2 cm^-1),W/(m^2 sr um),W/(m^2 um),value_si=value_native*1e8/(wavelength_um^2),3300.0,3.0303030303030303,0.65814424,1.4725e-10,0.0016035525000000002,0.0,0.0,0.0,0.0,,,0.0,0.0,,1.4725e-10,0.0016035525000000002
mwir_std_thermal,D:\HwaSimIR\HwaSim_IR\Bin\Config\Atmosphere\MODTRAN\raw\audit_mwir_standard_20260906\mwir_std_thermal\MODOUT2.txt,W/(cm^2 sr cm^-1),W/(cm^2 cm^-1),W/(m^2 sr um),W/(m^2 um),value_si=value_native*1e8/(wavelength_um^2),3301.0,3.029385034837928,0.86883789,5.868e-11,0.0006394125466799999,0.0,0.0,0.0,0.0,,,0.0,0.0,,5.868e-11,0.0006394125466799999
mwir_std_thermal,D:\HwaSimIR\HwaSim_IR\Bin\Config\Atmosphere\MODTRAN\raw\audit_mwir_standard_20260906\mwir_std_thermal\MODOUT2.txt,W/(cm^2 sr cm^-1),W/(cm^2 cm^-1),W/(m^2 sr um),W/(m^2 um),value_si=value_native*1e8/(wavelength_um^2),3302.0,3.0284675953967293,0.93645978,3.1051e-11,0.00033855538740400003,0.0,0.0,0.0,0.0,,,0.0,0.0,,3.1051e-11,0.00033855538740400003
mwir_std_thermal,D:\HwaSimIR\HwaSim_IR\Bin\Config\Atmosphere\MODTRAN\raw\audit_mwir_standard_20260906\mwir_std_thermal\MODOUT2.txt,W/(cm^2 sr cm^-1),W/(cm^2 cm^-1),W/(m^2 sr um),W/(m^2 um),value_si=value_native*1e8/(wavelength_um^2),3303.0,3.0275507114744173,0.50739944,1.8253e-10,0.0019913674367699995,0.0,0.0,0.0,0.0,,,0.0,0.0,,1.8253e-10,0.0019913674367699995
mwir_std_thermal,D:\HwaSimIR\HwaSim_IR\Bin\Config\Atmosphere\MODTRAN\raw\audit_mwir_standard_20260906\mwir_std_thermal\MODOUT2.txt,W/(cm^2 sr cm^-1),W/(cm^2 cm^-1),W/(m^2 sr um),W/(m^2 um),value_si=value_native*1e8/(wavelength_um^2),3304.0,3.026634382566586,0.86578822,6.3911e-11,0.0006976790629759998,0.0,0.0,0.0,0.0,,,0.0,0.0,,6.3911e-11,0.0006976790629759998
mwir_std_thermal,D:\HwaSimIR\HwaSim_IR\Bin\Config\Atmosphere\MODTRAN\raw\audit_mwir_standard_20260906\mwir_std_thermal\MODOUT2.txt,W/(cm^2 sr cm^-1),W/(cm^2 cm^-1),W/(m^2 sr um),W/(m^2 um),value_si=value_native*1e8/(wavelength_um^2),3305.0,3.02571860816944,0.93479306,3.1177e-11,0.0003405471504250001,0.0,0.0,0.0,0.0,,,0.0,0.0,,3.1177e-11,0.0003405471504250001
mwir_std_thermal,D:\HwaSimIR\HwaSim_IR\Bin\Config\Atmosphere\MODTRAN\raw\audit_mwir_standard_20260906\mwir_std_thermal\MODOUT2.txt,W/(cm^2 sr cm^-1),W/(cm^2 cm^-1),W/(m^2 sr um),W/(m^2 um),value_si=value_native*1e8/(wavelength_um^2),3306.0,3.0248033877797944,0.91789401,3.8798e-11,0.000424048017528,0.0,0.0,0.0,0.0,,,0.0,0.0,,3.8798e-11,0.000424048017528
mwir_std_thermal,D:\HwaSimIR\HwaSim_IR\Bin\Config\Atmosphere\MODTRAN\raw\audit_mwir_standard_20260906\mwir_std_thermal\MODOUT2.txt,W/(cm^2 sr cm^-1),W/(cm^2 cm^-1),W/(m^2 sr um),W/(m^2 um),value_si=value_native*1e8/(wavelength_um^2),3307.0,3.023888720895071,0.86245674,6.5212e-11,0.000713174669788,0.0,0.0,0.0,0.0,,,0.0,0.0,,6.5212e-11,0.000713174669788
mwir_std_thermal,D:\HwaSimIR\HwaSim_IR\Bin\Config\Atmosphere\MODTRAN\raw\audit_mwir_standard_20260906\mwir_std_thermal\MODOUT2.txt,W/(cm^2 sr cm^-1),W/(cm^2 cm^-1),W/(m^2 sr um),W/(m^2 um),value_si=value_native*1e8/(wavelength_um^2),3308.0,3.022974607013301,0.27058783,2.4912e-10,0.0027260862796800005,0.0,0.0,0.0,0.0,,,0.0,0.0,,2.4912e-10,0.0027260862796800005
mwir_std_thermal,D:\HwaSimIR\HwaSim_IR\Bin\Config\Atmosphere\MODTRAN\raw\audit_mwir_standard_20260906\mwir_std_thermal\MODOUT2.txt,W/(cm^2 sr cm^-1),W/(cm^2 cm^-1),W/(m^2 sr um),W/(m^2 um),value_si=value_native*1e8/(wavelength_um^2),3309.0,3.0220610456331216,0.10215582,2.1554e-10,0.00236005113474,0.0,0.0,0.0,0.0,,,0.0,0.0,,2.1554e-10,0.00236005113474
mwir_std_thermal,D:\HwaSimIR\HwaSim_IR\Bin\Config\Atmosphere\MODTRAN\raw\audit_mwir_standard_20260906\mwir_std_thermal\MODOUT2.txt,W/(cm^2 sr cm^-1),W/(cm^2 cm^-1),W/(m^2 sr um),W/(m^2 um),value_si=value_native*1e8/(wavelength_um^2),3310.0,3.0211480362537766,0.72592127,1.2727e-10,0.0013943828469999997,0.0,0.0,0.0,0.0,,,0.0,0.0,,1.2727e-10,0.0013943828469999997
mwir_std_thermal,D:\HwaSimIR\HwaSim_IR\Bin\Config\Atmosphere\MODTRAN\raw\audit_mwir_standard_20260906\mwir_std_thermal\MODOUT2.txt,W/(cm^2 sr cm^-1),W/(cm^2 cm^-1),W/(m^2 sr um),W/(m^2 um),value_si=value_native*1e8/(wavelength_um^2),3311.0,3.020235578375113,0.61360377,1.4802e-10,0.0016227019624199999,0.0,0.0,0.0,0.0,,,0.0,0.0,,1.4802e-10,0.0016227019624199999
mwir_std_thermal,D:\HwaSimIR\HwaSim_IR\Bin\Config\Atmosphere\MODTRAN\raw\audit_mwir_standard_20260906\mwir_std_thermal\MODOUT2.txt,W/(cm^2 sr cm^-1),W/(cm^2 cm^-1),W/(m^2 sr um),W/(m^2 um),value_si=value_native*1e8/(wavelength_um^2),3312.0,3.0193236714975846,0.44978195,1.9477e-10,0.0021364991308799996,0.0,0.0,0.0,0.0,,,0.0,0.0,,1.9477e-10,0.0021364991308799996
mwir_std_thermal,D:\HwaSimIR\HwaSim_IR\Bin\Config\Atmosphere\MODTRAN\raw\audit_mwir_standard_20260906\mwir_std_thermal\MODOUT2.txt,W/(cm^2 sr cm^-1),W/(cm^2 cm^-1),W/(m^2 sr um),W/(m^2 um),value_si=value_native*1e8/(wavelength_um^2),3313.0,3.0184123151222457,0.16653953,2.1968e-10,0.0024112008699200002,0.0,0.0,0.0,0.0,,,0.0,0.0,,2.1968e-10,0.0024112008699200002
mwir_std_thermal,D:\HwaSimIR\HwaSim_IR\Bin\Config\Atmosphere\MODTRAN\raw\audit_mwir_standard_20260906\mwir_std_thermal\MODOUT2.txt,W/(cm^2 sr cm^-1),W/(cm^2 cm^-1),W/(m^2 sr um),W/(m^2 um),value_si=value_native*1e8/(wavelength_um^2),3314.0,3.017501508750754,0.55249608,1.7858e-10,0.0019612719936800004,0.0,0.0,0.0,0.0,,,0.0,0.0,,1.7858e-10,0.0019612719936800004
mwir_std_thermal,D:\HwaSimIR\HwaSim_IR\Bin\Config\Atmosphere\MODTRAN\raw\audit_mwir_standard_20260906\mwir_std_thermal\MODOUT2.txt,W/(cm^2 sr cm^-1),W/(cm^2 cm^-1),W/(m^2 sr um),W/(m^2 um),value_si=value_native*1e8/(wavelength_um^2),3315.0,3.0165912518853695,0.83538663,7.4705e-11,0.0008209500536250001,0.0,0.0,0.0,0.0,,,0.0,0.0,,7.4705e-11,0.0008209500536250001
mwir_std_thermal,D:\HwaSimIR\HwaSim_IR\Bin\Config\Atmosphere\MODTRAN\raw\audit_mwir_standard_20260906\mwir_std_thermal\MODOUT2.txt,W/(cm^2 sr cm^-1),W/(cm^2 cm^-1),W/(m^2 sr um),W/(m^2 um),value_si=value_native*1e8/(wavelength_um^2),3316.0,3.0156815440289506,0.92755717,3.2465e-11,0.00035698046504,0.0,0.0,0.0,0.0,,,0.0,0.0,,3.2465e-11,0.00035698046504
mwir_std_thermal,D:\HwaSimIR\HwaSim_IR\Bin\Config\Atmosphere\MODTRAN\raw\audit_mwir_standard_20260906\mwir_std_thermal\MODOUT2.txt,W/(cm^2 sr cm^-1),W/(cm^2 cm^-1),W/(m^2 sr um),W/(m^2 um),value_si=value_native*1e8/(wavelength_um^2),3317.0,3.014772384684956,0.67069727,1.2522e-10,0.0013777316725800003,0.0,0.0,0.0,0.0,,,0.0,0.0,,1.2522e-10,0.0013777316725800003
mwir_std_thermal,D:\HwaSimIR\HwaSim_IR\Bin\Config\Atmosphere\MODTRAN\raw\audit_mwir_standard_20260906\mwir_std_thermal\MODOUT2.txt,W/(cm^2 sr cm^-1),W/(cm^2 cm^-1),W/(m^2 sr um),W/(m^2 um),value_si=value_native*1e8/(wavelength_um^2),3318.0,3.013863773357444,0.75911838,1.0598e-10,0.00116674696152,0.0,0.0,0.0,0.0,,,0.0,0.0,,1.0598e-10,0.00116674696152
mwir_std_thermal,D:\HwaSimIR\HwaSim_IR\Bin\Config\Atmosphere\MODTRAN\raw\audit_mwir_standard_20260906\mwir_std_thermal\MODOUT2.txt,W/(cm^2 sr cm^-1),W/(cm^2 cm^-1),W/(m^2 sr um),W/(m^2 um),value_si=value_native*1e8/(wavelength_um^2),3319.0,3.0129557095510697,0.75949603,8.8896e-11,0.000979257089856,0.0,0.0,0.0,0.0,,,0.0,0.0,,8.8896e-11,0.000979257089856
mwir_std_thermal,D:\HwaSimIR\HwaSim_IR\Bin\Config\Atmosphere\MODTRAN\raw\audit_mwir_standard_20260906\mwir_std_thermal\MODOUT2.txt,W/(cm^2 sr cm^-1),W/(cm^2 cm^-1),W/(m^2 sr um),W/(m^2 um),value_si=value_native*1e8/(wavelength_um^2),3320.0,3.0120481927710845,0.89578104,4.3655e-11,0.0004811828719999999,0.0,0.0,0.0,0.0,,,0.0,0.0,,4.3655e-11,0.0004811828719999999
mwir_std_thermal,D:\HwaSimIR\HwaSim_IR\Bin\Config\Atmosphere\MODTRAN\raw\audit_mwir_standard_20260906\mwir_std_thermal\MODOUT2.txt,W/(cm^2 sr cm^-1),W/(cm^2 cm^-1),W/(m^2 sr um),W/(m^2 um),value_si=value_native*1e8/(wavelength_um^2),3321.0,3.0111412225233365,0.94391823,2.4457e-11,0.00026973725573699997,0.0,0.0,0.0,0.0,,,0.0,0.0,,2.4457e-11,0.00026973725573699997
mwir_std_thermal,D:\HwaSimIR\HwaSim_IR\Bin\Config\Atmosphere\MODTRAN\raw\audit_mwir_standard_20260906\mwir_std_thermal\MODOUT2.txt,W/(cm^2 sr cm^-1),W/(cm^2 cm^-1),W/(m^2 sr um),W/(m^2 um),value_si=value_native*1e8/(wavelength_um^2),3322.0,3.0102347983142685,0.88523841,4.9688e-11,0.0005483410665919999,0.0,0.0,0.0,0.0,,,0.0,0.0,,4.9688e-11,0.0005483410665919999
mwir_std_thermal,D:\HwaSimIR\HwaSim_IR\Bin\Config\Atmosphere\MODTRAN\raw\audit_mwir_standard_20260906\mwir_std_thermal\MODOUT2.txt,W/(cm^2 sr cm^-1),W/(cm^2 cm^-1),W/(m^2 sr um),W/(m^2 um),value_si=value_native*1e8/(wavelength_um^2),3323.0,3.0093289196509176,0.41088608,1.8267e-10,0.0020171022384300004,0.0,0.0,0.0,0.0,,,0.0,0.0,,1.8267e-10,0.0020171022384300004
mwir_std_thermal,D:\HwaSimIR\HwaSim_IR\Bin\Config\Atmosphere\MODTRAN\raw\audit_mwir_standard_20260906\mwir_std_thermal\MODOUT2.txt,W/(cm^2 sr cm^-1),W/(cm^2 cm^-1),W/(m^2 sr um),W/(m^2 um),value_si=value_native*1e8/(wavelength_um^2),3324.0,3.0084235860409145,0.62570685,1.5524e-10,0.0017152430342400001,0.0,0.0,0.0,0.0,,,0.0,0.0,,1.5524e-10,0.0017152430342400001
mwir_std_thermal,D:\HwaSimIR\HwaSim_IR\Bin\Config\Atmosphere\MODTRAN\raw\audit_mwir_standard_20260906\mwir_std_thermal\MODOUT2.txt,W/(cm^2 sr cm^-1),W/(cm^2 cm^-1),W/(m^2 sr um),W/(m^2 um),value_si=value_native*1e8/(wavelength_um^2),3325.0,3.007518796992481,0.58359641,1.4035e-10,0.0015516569687500001,0.0,0.0,0.0,0.0,,,0.0,0.0,,1.4035e-10,0.0015516569687500001
mwir_std_thermal,D:\HwaSimIR\HwaSim_IR\Bin\Config\Atmosphere\MODTRAN\raw\audit_mwir_standard_20260906\mwir_std_thermal\MODOUT2.txt,W/(cm^2 sr cm^-1),W/(cm^2 cm^-1),W/(m^2 sr um),W/(m^2 um),value_si=value_native*1e8/(wavelength_um^2),3326.0,3.006614552014432,0.43271801,1.8263e-10,0.0020203034658799997,0.0,0.0,0.0,0.0,,,0.0,0.0,,1.8263e-10,0.0020203034658799997
mwir_std_thermal,D:\HwaSimIR\HwaSim_IR\Bin\Config\Atmosphere\MODTRAN\raw\audit_mwir_standard_20260906\mwir_std_thermal\MODOUT2.txt,W/(cm^2 sr cm^-1),W/(cm^2 cm^-1),W/(m^2 sr um),W/(m^2 um),value_si=value_native*1e8/(wavelength_um^2),3327.0,3.005710850616171,0.12382141,2.8517e-10,0.0031565264829299996,0.0,0.0,0.0,0.0,,,0.0,0.0,,2.8517e-10,0.0031565264829299996
mwir_std_thermal,D:\HwaSimIR\HwaSim_IR\Bin\Config\Atmosphere\MODTRAN\raw\audit_mwir_standard_20260906\mwir_std_thermal\MODOUT2.txt,W/(cm^2 sr cm^-1),W/(cm^2 cm^-1),W/(m^2 sr um),W/(m^2 um),value_si=value_native*1e8/(wavelength_um^2),3328.0,3.0048076923076925,0.70273918,1.0785e-10,0.0011945017344,0.0,0.0,0.0,0.0,,,0.0,0.0,,1.0785e-10,0.0011945017344
mwir_std_thermal,D:\HwaSimIR\HwaSim_IR\Bin\Config\Atmosphere\MODTRAN\raw\audit_mwir_standard_20260906\mwir_std_thermal\MODOUT2.txt,W/(cm^2 sr cm^-1),W/(cm^2 cm^-1),W/(m^2 sr um),W/(m^2 um),value_si=value_native*1e8/(wavelength_um^2),3329.0,3.0039050765995796,0.83693159,7.0757e-11,0.000784146126437,0.0,0.0,0.0,0.0,,,0.0,0.0,,7.0757e-11,0.000784146126437
mwir_std_thermal,D:\HwaSimIR\HwaSim_IR\Bin\Config\Atmosphere\MODTRAN\raw\audit_mwir_standard_20260906\mwir_std_thermal\MODOUT2.txt,W/(cm^2 sr cm^-1),W/(cm^2 cm^-1),W/(m^2 sr um),W/(m^2 um),value_si=value_native*1e8/(wavelength_um^2),3330.0,3.003003003003003,0.69173074,1.0792e-10,0.001196714088,0.0,0.0,0.0,0.0,,,0.0,0.0,,1.0792e-10,0.001196714088
mwir_std_thermal,D:\HwaSimIR\HwaSim_IR\Bin\Config\Atmosphere\MODTRAN\raw\audit_mwir_standard_20260906\mwir_std_thermal\MODOUT2.txt,W/(cm^2 sr cm^-1),W/(cm^2 cm^-1),W/(m^2 sr um),W/(m^2 um),value_si=value_native*1e8/(wavelength_um^2),3331.0,3.0021014710297207,0.93698323,2.7028e-11,0.00029989082270800006,0.0,0.0,0.0,0.0,,,0.0,0.0,,2.7028e-11,0.00029989082270800006
mwir_std_thermal,D:\HwaSimIR\HwaSim_IR\Bin\Config\Atmosphere\MODTRAN\raw\audit_mwir_standard_20260906\mwir_std_thermal\MODOUT2.txt,W/(cm^2 sr cm^-1),W/(cm^2 cm^-1),W/(m^2 sr um),W/(m^2 um),value_si=value_native*1e8/(wavelength_um^2),3332.0,3.0012004801920766,0.9359774,2.7051e-11,0.000300326261424,0.0,0.0,0.0,0.0,,,0.0,0.0,,2.7051e-11,0.000300326261424
mwir_std_thermal,D:\HwaSimIR\HwaSim_IR\Bin\Config\Atmosphere\MODTRAN\raw\audit_mwir_standard_20260906\mwir_std_thermal\MODOUT2.txt,W/(cm^2 sr cm^-1),W/(cm^2 cm^-1),W/(m^2 sr um),W/(m^2 um),value_si=value_native*1e8/(wavelength_um^2),3333.0,3.0003000300030003,0.90528303,4.0926e-11,0.00045464239121400005,0.0,0.0,0.0,0.0,,,0.0,0.0,,4.0926e-11,0.00045464239121400005
