
 ********************************************************
 *                                                      *
 *  MODTRAN(R)svn-branch-5.2.1                          *
 *                                                      *
 *  Developed collaboratively by SPECTRAL SCIENCES,     *
 *  INC. (www.spectral.com) and the AIR FORCE RESEARCH  *
 *  LABORATORY (www.vs.afrl.af.mil/Division/VSBYB)      *
 *                                                      *
 *  Please address questions/comments to                *
 *  modtran@spectral.com and/or Gail.Anderson@noaa.gov  *
 *                                                      *
 ********************************************************

 CARD 1  *****T F 2    2    0    0    2    2    2    2    2    2    1    0    0   0.0000.00000

 PROGRAM WILL COMPUTE TRANSMITTANCE

 ATMOSPHERIC MODEL
         TEMPERATURE =    2     MID-LATITUDE SUMMER 
         WATER VAPOR =    2     MID-LATITUDE SUMMER 
         OZONE       =    2     MID-LATITUDE SUMMER 
                      M4 =     2 M5 =     2 M6 =     2 MDEF =     1

 CARD 1A *****FFF  1 0.0 360.00000  0.000000  0.0000000F F F F F     0.000    0.0000    0.0000    0.0000    0.0000         0

 MOLECULAR BAND MODEL DATA FILES
 -------------------------------
 DATA/01_2009c.bn4
 DATA/01_2009t.bin

 CFC BAND MODEL DATA FILE:               DATA/CFC04_01.ASC                                                                                                                                                                                                                                               

 Version 2.4 of the Clough-Kneizys Water Continuum Data from LBLRTM (24mar2000).

 CARD 2  *****    1    0    1    0    0    0  23.00000   0.00000   0.00000   0.00000   0.00000

 MODEL ATMOSPHERE NO.  2

 *** OZONE DENSITIES ARE BEING SCALED BY   1.00000
     THE ORIGINAL VERTICAL COLUMN CONTAINED   7.10288 GM / M2 OF OZONE
     THE CURRENT  VERTICAL COLUMM CONTAINS    7.10288 GM / M2 OF OZONE

 *** THE WATER PROFILE WAS DECREASED TO FIT THE INPUT WATER COLUMN VALUE
     INITIAL:   2.92236 GM / CM2
     INPUT:     2.92236 GM / CM2
     FINAL:     2.92236 GM / CM2

 AEROSOL MODEL
     REGIME                      AEROSOL TYPE             PROFILE                  SEASON
     -----------------------     --------------------     --------------------     --------------------
     BOUNDARY LAYER (0-2KM)      RURAL                    23.00 KM METEOROLOGICAL_RANGE_AT_SEA_LEVEL
     TROPOSPHERE  (2-10KM)       TROPOSPHERIC             TROPOSPHERIC             SPRING-SUMMER       
     STRATOSPHERE (10-30KM)      BCKGD_STRATOSPHERIC      BCKGD_STRATOSPHERIC      SPRING-SUMMER       
     UPPER ATMOS (30-100KM)      METEORIC DUST            NORMAL              

 CARD 3  *****  10.00000   5.00000   0.00000  10.00000   0.00000   0.00000    0        0.00000

     6371.23  RADIUS OF THE EARTH [KM].

 SLANT PATH, H1ALT TO H2ALT
          H1ALT  =   10.00000 KM
          H2ALT  =    5.00000 KM
          OBSZEN =    0.00000 DEG
          HRANGE =   10.00000 KM
          BETA   =    0.00000 DEG
          BCKZEN =    0.00000 DEG
          LENN   =      0

 CARD 4  *****    2000.0    3333.0       1.0       1.0   SCANNING FUNCTION:TRIANGULAR 

 FREQUENCY RANGE
             IV1 =    2000.0 CM-1  (      5.0000 MICRONS)
             IV2 =    3333.0 CM-1  (      3.0003 MICRONS)
             IDV =       1.0 CM-1
           IFWHM =       1.0 CM-1


 ATMOSPHERIC PROFILES

   I     Z       P       T        N2       CNTMSLF   CNTMFRN MOL SCAT     N-1     O3 (UV)   O2 (UV)   WAT DROP  ICE PART  RAIN RATE
        (KM)    (MB)    (K)               (  MOL/CM2 KM  )      (-)       (-)    (  ATM CM/KM  )       (GM/M3)   (GM/M3)   (MM/HR)
   1   0.0000 1012.999 294.20  7.902E-01 8.829E+20 4.618E+22 9.282E-01 2.662E-04 2.800E-03 3.435E+04     0.000     0.000     0.000
   2   1.0000  901.996 289.70  6.461E-01 3.895E+20 2.788E+22 8.393E-01 2.409E-04 2.801E-03 2.976E+04     0.000     0.000     0.000
   3   2.0000  802.001 285.20  5.271E-01 1.568E+20 1.604E+22 7.581E-01 2.178E-04 2.800E-03 2.581E+04     0.000     0.000     0.000
   4   3.0000  709.996 279.20  4.310E-01 4.900E+19 8.139E+21 6.855E-01 1.970E-04 2.894E-03 2.248E+04     0.000     0.000     0.000
   5   4.0000  628.000 273.20  3.522E-01 1.626E+19 4.247E+21 6.197E-01 1.782E-04 2.987E-03 1.961E+04     0.000     0.000     0.000
   6   5.0000  553.997 267.20  2.865E-01 4.503E+18 2.019E+21 5.589E-01 1.608E-04 3.081E-03 1.710E+04     0.000     0.000     0.000
   7   6.0000  486.998 261.20  2.317E-01 1.677E+18 1.109E+21 5.026E-01 1.446E-04 3.221E-03 1.489E+04     0.000     0.000     0.000
   8   7.0000  426.000 254.70  1.865E-01 6.159E+17 6.032E+20 4.509E-01 1.297E-04 3.501E-03 1.295E+04     0.000     0.000     0.000
   9   8.0000  371.999 248.20  1.497E-01 1.986E+17 3.070E+20 4.040E-01 1.162E-04 3.687E-03 1.128E+04     0.000     0.000     0.000
  10   9.0000  323.999 241.70  1.198E-01 6.483E+16 1.569E+20 3.614E-01 1.040E-04 4.015E-03 9.818E+03     0.000     0.000     0.000
  11  10.0000  280.999 235.30  9.505E-02 1.844E+16 7.458E+19 3.219E-01 9.262E-05 4.198E-03 8.526E+03     0.000     0.000     0.000
  12  11.0000  243.000 228.80  7.518E-02 2.180E+15 2.281E+19 2.863E-01 8.237E-05 5.134E-03 7.406E+03     0.000     0.000     0.000
  13  12.0000  208.999 222.30  5.891E-02 1.621E+14 5.506E+18 2.534E-01 7.292E-05 5.652E-03 6.411E+03     0.000     0.000     0.000
  14  13.0000  179.001 215.80  4.586E-02 9.318E+12 1.165E+18 2.236E-01 6.433E-05 6.708E-03 5.541E+03     0.000     0.000     0.000
  15  14.0000  153.000 215.70  3.353E-02 2.662E+12 5.323E+17 1.912E-01 5.501E-05 8.414E-03 4.631E+03     0.000     0.000     0.000
  16  15.0000  129.999 215.70  2.421E-02 8.885E+11 2.613E+17 1.625E-01 4.674E-05 8.124E-03 3.854E+03     0.000     0.000     0.000
  17  16.0000  111.000 215.70  1.765E-02 6.102E+11 1.849E+17 1.387E-01 3.991E-05 8.324E-03 3.233E+03     0.000     0.000     0.000
  18  17.0000   95.000 215.70  1.293E-02 4.203E+11 1.313E+17 1.187E-01 3.416E-05 8.311E-03 2.726E+03     0.000     0.000     0.000
  19  18.0000   81.200 216.80  9.350E-03 2.945E+11 9.350E+16 1.010E-01 2.905E-05 1.010E-02 2.287E+03     0.000     0.000     0.000
  20  19.0000   69.500 217.90  6.780E-03 2.204E+11 6.888E+16 8.598E-02 2.474E-05 1.290E-02 1.925E+03     0.000     0.000     0.000
  21  20.0000   59.500 219.20  4.911E-03 1.698E+11 5.145E+16 7.317E-02 2.105E-05 1.463E-02 1.622E+03     0.000     0.000     0.000
  22  21.0000   51.000 220.40  3.569E-03 1.349E+11 3.909E+16 6.238E-02 1.795E-05 1.497E-02 1.371E+03     0.000     0.000     0.000
  23  22.0000   43.700 221.60  2.592E-03 1.066E+11 2.962E+16 5.316E-02 1.529E-05 1.542E-02 1.160E+03     0.000     0.000     0.000
  24  23.0000   37.600 222.80  1.898E-03 8.933E+10 2.320E+16 4.549E-02 1.309E-05 1.547E-02 9.867E+02     0.000     0.000     0.000
  25  24.0000   32.200 223.90  1.379E-03 7.003E+10 1.751E+16 3.877E-02 1.115E-05 1.551E-02 8.364E+02     0.000     0.000     0.000
  26  25.0000   27.700 225.10  1.009E-03 5.652E+10 1.346E+16 3.317E-02 9.544E-06 1.592E-02 7.124E+02     0.000     0.000     0.000
  27  30.0000   13.200 233.70  2.126E-04 1.491E+10 3.173E+15 1.523E-02 4.381E-06 1.066E-02 3.223E+02     0.000     0.000     0.000
  28  35.0000 6.519971 245.20  4.713E-05 3.666E+09 7.406E+14 7.168E-03 2.062E-06 6.380E-03 1.507E+02     0.000     0.000     0.000
  29  40.0000 3.329993 257.50  1.115E-05 9.205E+08 1.805E+14 3.486E-03 1.003E-06 2.632E-03 7.307E+01     0.000     0.000     0.000
  30  45.0000 1.759993 269.90  2.834E-06 2.673E+08 4.904E+13 1.758E-03 5.057E-07 7.911E-04 3.679E+01     0.000     0.000     0.000
  31  50.0000 0.951001 275.70  7.930E-07 7.616E+07 1.385E+13 9.299E-04 2.675E-07 2.604E-04 1.945E+01     0.000     0.000     0.000
  32  55.0000 0.514999 269.30  2.437E-07 2.215E+07 4.140E+12 5.155E-04 1.483E-07 9.280E-05 1.078E+01     0.000     0.000     0.000
  33  60.0000 0.272001 257.10  7.460E-08 5.921E+06 1.184E+12 2.852E-04 8.205E-08 3.708E-05 5.962E+00     0.000     0.000     0.000
  34  70.0000 0.067000 218.10  6.290E-09 2.734E+05 7.388E+10 8.281E-05 2.383E-08 3.313E-06 1.731E+00     0.000     0.000     0.000
  35  80.0000 0.012000 174.10  3.166E-10 4.433E+03 2.111E+09 1.858E-05 5.346E-09 3.716E-07 3.883E-01     0.000     0.000     0.000
  36 100.0000 0.000258 190.50  1.223E-13 6.210E-02 1.552E+05 3.651E-07 1.050E-10 1.460E-08 5.842E-03     0.000     0.000     0.000


 ATMOSPHERIC PROFILES

   I     Z       P       T     AEROSOL 1 AEROSOL 2 AEROSOL 3 AEROSOL 4  AER1*RH     RH (%)    RH (%)   CIRRUS   WAT DROP  ICE PART
        (KM)    (MB)    (K)    (      550nm EXTINCTION [KM-1]      )  (BEFORE H2O SCALING)   (AFTER)    (-)     (550nm VIS [KM-1])
   1   0.0000 1012.999 294.20  1.580E-01 0.000E+00 0.000E+00 0.000E+00 5.010E-01 7.618E+01 7.618E+01   0.00000   0.00000   0.00000
   2   1.0000  901.996 289.70  9.910E-02 0.000E+00 0.000E+00 0.000E+00 3.494E-01 6.603E+01 6.603E+01   0.00000   0.00000   0.00000
   3   2.0000  802.001 285.20  6.210E-02 0.000E+00 0.000E+00 0.000E+00 2.361E-01 5.520E+01 5.520E+01   0.00000   0.00000   0.00000
   4   3.0000  709.996 279.20  0.000E+00 3.460E-02 0.000E+00 0.000E+00 0.000E+00 4.529E+01 4.529E+01   0.00000   0.00000   0.00000
   5   4.0000  628.000 273.20  0.000E+00 1.850E-02 0.000E+00 0.000E+00 0.000E+00 3.905E+01 3.905E+01   0.00000   0.00000   0.00000
   6   5.0000  553.997 267.20  0.000E+00 9.310E-03 0.000E+00 0.000E+00 0.000E+00 3.142E+01 3.142E+01   0.00000   0.00000   0.00000
   7   6.0000  486.998 261.20  0.000E+00 7.710E-03 0.000E+00 0.000E+00 0.000E+00 2.998E+01 2.998E+01   0.00000   0.00000   0.00000
   8   7.0000  426.000 254.70  0.000E+00 6.230E-03 0.000E+00 0.000E+00 0.000E+00 3.031E+01 3.031E+01   0.00000   0.00000   0.00000
   9   8.0000  371.999 248.20  0.000E+00 3.370E-03 0.000E+00 0.000E+00 0.000E+00 2.963E+01 2.963E+01   0.00000   0.00000   0.00000
  10   9.0000  323.999 241.70  0.000E+00 1.820E-03 0.000E+00 0.000E+00 0.000E+00 3.015E+01 3.015E+01   0.00000   0.00000   0.00000
  11  10.0000  280.999 235.30  0.000E+00 1.140E-03 0.000E+00 0.000E+00 0.000E+00 2.944E+01 2.944E+01   0.00000   0.00000   0.00000
  12  11.0000  243.000 228.80  0.000E+00 0.000E+00 7.990E-04 0.000E+00 0.000E+00 1.948E+01 1.948E+01   0.00000   0.00000   0.00000
  13  12.0000  208.999 222.30  0.000E+00 0.000E+00 6.410E-04 0.000E+00 0.000E+00 1.069E+01 1.069E+01   0.00000   0.00000   0.00000
  14  13.0000  179.001 215.80  0.000E+00 0.000E+00 5.170E-04 0.000E+00 0.000E+00 5.423E+00 5.423E+00   0.00000   0.00000   0.00000
  15  14.0000  153.000 215.70  0.000E+00 0.000E+00 4.420E-04 0.000E+00 0.000E+00 2.933E+00 2.933E+00   0.00000   0.00000   0.00000
  16  15.0000  129.999 215.70  0.000E+00 0.000E+00 3.950E-04 0.000E+00 0.000E+00 1.695E+00 1.695E+00   0.00000   0.00000   0.00000
  17  16.0000  111.000 215.70  0.000E+00 0.000E+00 3.820E-04 0.000E+00 0.000E+00 1.405E+00 1.405E+00   0.00000   0.00000   0.00000
  18  17.0000   95.000 215.70  0.000E+00 0.000E+00 4.250E-04 0.000E+00 0.000E+00 1.166E+00 1.166E+00   0.00000   0.00000   0.00000
  19  18.0000   81.200 216.80  0.000E+00 0.000E+00 5.200E-04 0.000E+00 0.000E+00 8.563E-01 8.563E-01   0.00000   0.00000   0.00000
  20  19.0000   69.500 217.90  0.000E+00 0.000E+00 5.810E-04 0.000E+00 0.000E+00 6.511E-01 6.511E-01   0.00000   0.00000   0.00000
  21  20.0000   59.500 219.20  0.000E+00 0.000E+00 5.890E-04 0.000E+00 0.000E+00 4.915E-01 4.915E-01   0.00000   0.00000   0.00000
  22  21.0000   51.000 220.40  0.000E+00 0.000E+00 5.020E-04 0.000E+00 0.000E+00 3.819E-01 3.819E-01   0.00000   0.00000   0.00000
  23  22.0000   43.700 221.60  0.000E+00 0.000E+00 4.200E-04 0.000E+00 0.000E+00 2.966E-01 2.966E-01   0.00000   0.00000   0.00000
  24  23.0000   37.600 222.80  0.000E+00 0.000E+00 3.000E-04 0.000E+00 0.000E+00 2.375E-01 2.375E-01   0.00000   0.00000   0.00000
  25  24.0000   32.200 223.90  0.000E+00 0.000E+00 1.980E-04 0.000E+00 0.000E+00 1.863E-01 1.863E-01   0.00000   0.00000   0.00000
  26  25.0000   27.700 225.10  0.000E+00 0.000E+00 1.310E-04 0.000E+00 0.000E+00 1.469E-01 1.469E-01   0.00000   0.00000   0.00000
  27  30.0000   13.200 233.70  0.000E+00 0.000E+00 3.320E-05 0.000E+00 0.000E+00 3.098E-02 3.098E-02   0.00000   0.00000   0.00000
  28  35.0000 6.519971 245.20  0.000E+00 0.000E+00 0.000E+00 4.300E-06 0.000E+00 5.231E-03 5.231E-03   0.00000   0.00000   0.00000
  29  40.0000 3.329993 257.50  0.000E+00 0.000E+00 0.000E+00 1.670E-06 0.000E+00 9.365E-04 9.365E-04   0.00000   0.00000   0.00000
  30  45.0000 1.759993 269.90  0.000E+00 0.000E+00 0.000E+00 8.000E-07 0.000E+00 1.994E-04 1.994E-04   0.00000   0.00000   0.00000
  31  50.0000 0.951001 275.70  0.000E+00 0.000E+00 0.000E+00 4.200E-07 0.000E+00 7.127E-05 7.127E-05   0.00000   0.00000   0.00000
  32  55.0000 0.514999 269.30  0.000E+00 0.000E+00 0.000E+00 2.207E-07 0.000E+00 5.991E-05 5.991E-05   0.00000   0.00000   0.00000
  33  60.0000 0.272001 257.10  0.000E+00 0.000E+00 0.000E+00 1.159E-07 0.000E+00 7.753E-05 7.753E-05   0.00000   0.00000   0.00000
  34  70.0000 0.067000 218.10  0.000E+00 0.000E+00 0.000E+00 3.200E-08 0.000E+00 7.084E-04 7.084E-04   0.00000   0.00000   0.00000
  35  80.0000 0.012000 174.10  0.000E+00 0.000E+00 0.000E+00 5.795E-09 0.000E+00 7.237E-02 7.237E-02   0.00000   0.00000   0.00000
  36 100.0000 0.000258 190.50  0.000E+00 0.000E+00 0.000E+00 1.900E-10 0.000E+00 1.461E-05 1.461E-05   0.00000   0.00000   0.00000


 ATMOSPHERIC PROFILES (AFTER COLUMN SCALING)

   I      Z       P       H2O      O3       CO2      CO       CH4      N2O      O2       NH3      NO       NO2      SO2      HNO3
         (KM)    (MB)  (                                             ATM CM / KM                                                )
   1   0.0000 1012.999  1.74E+03 2.80E-03 3.34E+01 1.39E-02 1.58E-01 2.97E-02 1.94E+04 4.64E-05 2.78E-05 2.13E-06 2.78E-05 4.64E-06
   2   1.0000  901.996  1.16E+03 2.80E-03 3.02E+01 1.22E-02 1.43E-01 2.69E-02 1.75E+04 4.20E-05 2.52E-05 1.93E-06 2.30E-05 5.00E-06
   3   2.0000  802.001  7.34E+02 2.80E-03 2.73E+01 1.06E-02 1.29E-01 2.43E-02 1.58E+04 3.51E-05 2.27E-05 1.74E-06 1.79E-05 5.25E-06
   4   3.0000  709.996  4.10E+02 2.89E-03 2.47E+01 9.25E-03 1.17E-01 2.19E-02 1.43E+04 2.61E-05 2.06E-05 1.58E-06 1.30E-05 5.42E-06
   5   4.0000  628.000  2.36E+02 2.99E-03 2.23E+01 8.13E-03 1.05E-01 1.98E-02 1.30E+04 1.78E-05 1.86E-05 1.43E-06 9.05E-06 5.50E-06
   6   5.0000  553.997  1.24E+02 3.08E-03 2.01E+01 7.28E-03 9.43E-02 1.79E-02 1.17E+04 1.14E-05 1.68E-05 1.29E-06 6.60E-06 5.45E-06
   7   6.0000  486.998  7.59E+01 3.22E-03 1.81E+01 6.47E-03 8.40E-02 1.61E-02 1.05E+04 7.34E-06 1.51E-05 1.16E-06 4.88E-06 5.58E-06
   8   7.0000  426.000  4.60E+01 3.50E-03 1.62E+01 5.62E-03 7.44E-02 1.44E-02 9.42E+03 4.45E-06 1.35E-05 1.04E-06 3.74E-06 5.68E-06
   9   8.0000  371.999  2.61E+01 3.69E-03 1.45E+01 4.79E-03 6.58E-02 1.29E-02 8.44E+03 2.62E-06 1.21E-05 9.29E-07 2.91E-06 5.62E-06
  10   9.0000  323.999  1.49E+01 4.01E-03 1.30E+01 3.95E-03 5.84E-02 1.14E-02 7.55E+03 1.36E-06 1.08E-05 8.38E-07 2.37E-06 5.53E-06
  11  10.0000  280.999  7.96E+00 4.20E-03 1.16E+01 3.21E-03 5.08E-02 9.97E-03 6.73E+03 6.54E-07 9.66E-06 7.66E-07 1.96E-06 5.60E-06
  12  11.0000  243.000  2.74E+00 5.13E-03 1.03E+01 2.57E-03 4.41E-02 8.56E-03 5.98E+03 3.12E-07 8.59E-06 7.50E-07 1.66E-06 5.78E-06
  13  12.0000  208.999  7.46E-01 5.65E-03 9.12E+00 1.98E-03 3.82E-02 7.44E-03 5.30E+03 1.60E-07 7.60E-06 7.98E-07 1.42E-06 6.11E-06
  14  13.0000  179.001  1.79E-01 6.71E-03 8.05E+00 1.43E-03 3.31E-02 6.40E-03 4.67E+03 6.98E-08 6.69E-06 9.95E-07 1.25E-06 6.17E-06
  15  14.0000  153.000  9.56E-02 8.41E-03 6.88E+00 9.61E-04 2.77E-02 5.35E-03 4.00E+03 2.12E-08 5.64E-06 1.43E-06 1.08E-06 6.37E-06
  16  15.0000  129.999  5.52E-02 8.12E-03 5.85E+00 6.40E-04 2.31E-02 4.43E-03 3.40E+03 7.26E-09 4.60E-06 2.78E-06 9.34E-07 7.34E-06
  17  16.0000  111.000  4.58E-02 8.32E-03 4.99E+00 4.26E-04 1.93E-02 3.62E-03 2.90E+03 2.93E-09 3.72E-06 4.43E-06 7.98E-07 1.02E-05
  18  17.0000   95.000  3.80E-02 8.31E-03 4.27E+00 2.96E-04 1.61E-02 2.87E-03 2.48E+03 1.31E-09 2.99E-06 6.16E-06 6.38E-07 1.56E-05
  19  18.0000   81.200  3.18E-02 1.01E-02 3.63E+00 1.99E-04 1.34E-02 2.20E-03 2.11E+03 6.76E-10 2.42E-06 7.78E-06 4.83E-07 2.13E-05
  20  19.0000   69.500  2.75E-02 1.29E-02 3.10E+00 1.33E-04 1.10E-02 1.58E-03 1.80E+03 3.41E-10 2.10E-06 9.11E-06 3.41E-07 2.73E-05
  21  20.0000   59.500  2.41E-02 1.46E-02 2.63E+00 9.74E-05 8.96E-03 1.18E-03 1.53E+03 1.76E-10 1.87E-06 1.02E-05 2.33E-07 3.07E-05
  22  21.0000   51.000  2.15E-02 1.50E-02 2.25E+00 7.69E-05 7.20E-03 8.25E-04 1.30E+03 1.20E-10 1.73E-06 1.10E-05 1.67E-07 3.08E-05
  23  22.0000   43.700  1.91E-02 1.54E-02 1.91E+00 6.55E-05 5.67E-03 6.09E-04 1.11E+03 9.14E-11 1.63E-06 1.15E-05 1.21E-07 2.90E-05
  24  23.0000   37.600  1.75E-02 1.55E-02 1.64E+00 5.95E-05 4.43E-03 4.71E-04 9.51E+02 7.23E-11 1.64E-06 1.17E-05 9.42E-08 2.61E-05
  25  24.0000   32.200  1.55E-02 1.55E-02 1.40E+00 5.43E-05 3.41E-03 3.73E-04 8.10E+02 5.58E-11 1.75E-06 1.19E-05 7.37E-08 2.26E-05
  26  25.0000   27.700  1.39E-02 1.59E-02 1.19E+00 5.05E-05 2.62E-03 2.97E-04 6.93E+02 4.08E-11 2.27E-06 1.24E-05 5.81E-08 1.86E-05
  27  30.0000   13.200  7.16E-03 1.07E-02 5.48E-01 3.04E-05 9.62E-04 1.02E-04 3.18E+02 9.67E-12 3.73E-06 9.38E-06 2.04E-08 5.69E-06
  28  35.0000 6.519971  3.55E-03 6.38E-03 2.58E-01 1.78E-05 3.59E-04 2.65E-05 1.50E+02 1.30E-12 5.12E-06 5.22E-06 8.32E-09 1.18E-06
  29  40.0000 3.329993  1.78E-03 2.63E-03 1.26E-01 1.03E-05 1.37E-04 6.05E-06 7.29E+01 1.02E-13 3.90E-06 1.40E-06 4.74E-09 1.86E-07
  30  45.0000 1.759993  9.58E-04 7.91E-04 6.33E-02 5.81E-06 5.05E-05 1.35E-06 3.67E+01 5.24E-15 2.06E-06 2.02E-07 3.69E-09 2.13E-08
  31  50.0000 0.951001  5.11E-04 2.60E-04 3.35E-02 3.39E-06 1.81E-05 2.99E-07 1.94E+01 6.63E-16 9.58E-07 4.12E-08 3.31E-09 5.16E-09
  32  55.0000 0.514999  2.76E-04 9.28E-05 1.86E-02 2.02E-06 8.11E-06 1.05E-07 1.08E+01 2.47E-16 5.21E-07 1.75E-08 2.37E-09 2.29E-09
  33  60.0000 0.272001  1.43E-04 3.71E-05 1.03E-02 1.33E-06 4.28E-06 3.98E-08 5.96E+00 1.04E-16 2.88E-07 8.13E-09 1.47E-09 1.10E-09
  34  70.0000 0.067000  3.06E-05 3.31E-06 2.98E-03 9.75E-07 1.24E-06 6.44E-09 1.73E+00 2.13E-17 9.52E-08 1.91E-09 3.58E-10 2.71E-10
  35  80.0000 0.012000  3.90E-06 3.72E-07 6.65E-04 1.27E-06 2.79E-07 9.60E-10 3.88E-01 3.79E-18 4.98E-08 3.75E-10 2.47E-11 5.59E-11
  36 100.0000 0.000258  1.46E-08 1.46E-08 7.77E-06 3.68E-07 4.38E-09 1.04E-11 5.84E-03 5.40E-20 7.59E-08 6.21E-12 1.31E-14 9.97E-13


1 ATMOSPHERIC PROFILES

   I      Z       CFC11    CFC12    CFC13    CFC14    CFC22   CFC113   CFC114   CFC115   CLONO2     HNO4   CHCL2F     CCL4     N2O5
         (KM)   (                                                  ATM CM/KM                                                  )
   1   0.0000  1.30E-05 2.23E-05 9.28E-14 9.28E-14 5.57E-06 1.76E-06 1.11E-06 9.28E-14 5.34E-07 4.03E-08 9.28E-14 1.21E-05 2.25E-11
   2   1.0000  1.18E-05 2.01E-05 8.39E-14 8.39E-14 5.03E-06 1.59E-06 1.01E-06 8.39E-14 4.30E-07 1.79E-07 8.39E-14 1.09E-05 8.01E-11
   3   2.0000  1.06E-05 1.82E-05 7.58E-14 7.58E-14 4.54E-06 1.44E-06 9.10E-07 7.58E-14 3.42E-07 2.91E-07 7.58E-14 9.85E-06 1.26E-10
   4   3.0000  9.60E-06 1.65E-05 6.86E-14 6.86E-14 4.10E-06 1.30E-06 8.23E-07 6.86E-14 2.66E-07 3.80E-07 6.86E-14 8.91E-06 1.63E-10
   5   4.0000  8.68E-06 1.49E-05 6.20E-14 6.20E-14 3.71E-06 1.18E-06 7.44E-07 6.20E-14 2.02E-07 4.49E-07 6.20E-14 8.06E-06 1.91E-10
   6   5.0000  7.82E-06 1.34E-05 5.59E-14 5.59E-14 3.34E-06 1.06E-06 6.71E-07 5.59E-14 1.54E-07 1.02E-06 5.59E-14 7.25E-06 2.02E-10
   7   6.0000  7.04E-06 1.21E-05 5.03E-14 5.03E-14 3.00E-06 9.55E-07 6.03E-07 5.03E-14 1.13E-07 1.46E-06 5.03E-14 6.51E-06 2.07E-10
   8   7.0000  6.31E-06 1.08E-05 4.51E-14 4.51E-14 2.69E-06 8.57E-07 5.41E-07 4.51E-14 7.87E-08 1.80E-06 4.51E-14 5.83E-06 2.09E-10
   9   8.0000  5.66E-06 9.70E-06 4.04E-14 4.04E-14 2.41E-06 7.68E-07 4.85E-07 4.04E-14 5.01E-08 2.06E-06 4.04E-14 5.21E-06 2.08E-10
  10   9.0000  5.05E-06 8.67E-06 3.61E-14 3.61E-14 2.16E-06 6.86E-07 4.34E-07 3.61E-14 4.37E-08 1.77E-06 3.61E-14 4.66E-06 2.08E-10
  11  10.0000  4.49E-06 7.71E-06 3.22E-14 3.22E-14 1.92E-06 6.10E-07 3.86E-07 3.22E-14 3.78E-08 1.52E-06 3.22E-14 4.15E-06 2.05E-10
  12  11.0000  3.99E-06 6.85E-06 2.86E-14 2.86E-14 1.70E-06 5.42E-07 3.44E-07 2.86E-14 3.27E-08 1.30E-06 2.86E-14 3.69E-06 1.99E-10
  13  12.0000  3.52E-06 6.06E-06 2.53E-14 2.53E-14 1.51E-06 4.79E-07 3.04E-07 2.53E-14 2.81E-08 1.11E-06 2.53E-14 3.27E-06 1.92E-10
  14  13.0000  3.02E-06 5.27E-06 2.24E-14 2.24E-14 1.32E-06 4.15E-07 2.66E-07 2.24E-14 1.79E-07 1.26E-06 2.24E-14 2.80E-06 9.85E-09
  15  14.0000  2.50E-06 4.44E-06 1.91E-14 1.91E-14 1.12E-06 3.48E-07 2.25E-07 1.91E-14 2.85E-07 1.33E-06 1.91E-14 2.31E-06 1.67E-08
  16  15.0000  2.06E-06 3.71E-06 1.62E-14 1.62E-14 9.39E-07 2.90E-07 1.89E-07 1.62E-14 3.54E-07 1.34E-06 1.62E-14 1.90E-06 2.12E-08
  17  16.0000  1.71E-06 3.12E-06 1.39E-14 1.39E-14 7.94E-07 2.43E-07 1.60E-07 1.39E-14 3.98E-07 1.32E-06 1.39E-14 1.57E-06 2.41E-08
  18  17.0000  1.33E-06 2.55E-06 1.19E-14 1.19E-14 6.60E-07 1.96E-07 1.33E-07 1.19E-14 1.21E-06 1.69E-06 1.19E-14 1.21E-06 1.04E-07
  19  18.0000  1.03E-06 2.06E-06 1.01E-14 1.01E-14 5.46E-07 1.57E-07 1.10E-07 1.01E-14 1.76E-06 1.92E-06 1.01E-14 9.15E-07 1.60E-07
  20  19.0000  7.82E-07 1.67E-06 8.60E-15 8.60E-15 4.51E-07 1.25E-07 9.05E-08 8.60E-15 2.13E-06 2.04E-06 8.60E-15 6.83E-07 1.97E-07
  21  20.0000  5.87E-07 1.35E-06 7.32E-15 7.32E-15 3.72E-07 9.95E-08 7.46E-08 7.32E-15 2.34E-06 2.09E-06 7.32E-15 4.99E-07 2.19E-07
  22  21.0000  4.28E-07 1.07E-06 6.24E-15 6.24E-15 3.05E-07 7.72E-08 6.09E-08 6.24E-15 2.87E-06 2.19E-06 6.24E-15 3.57E-07 2.59E-07
  23  22.0000  3.04E-07 8.40E-07 5.32E-15 5.32E-15 2.50E-07 5.93E-08 4.95E-08 5.32E-15 3.19E-06 2.22E-06 5.32E-15 2.45E-07 2.82E-07
  24  23.0000  2.07E-07 6.60E-07 4.55E-15 4.55E-15 2.05E-07 4.52E-08 4.03E-08 4.55E-15 3.37E-06 2.21E-06 4.55E-15 1.59E-07 2.94E-07
  25  24.0000  1.32E-07 5.12E-07 3.88E-15 3.88E-15 1.67E-07 3.38E-08 3.26E-08 3.88E-15 3.41E-06 2.14E-06 3.88E-15 9.30E-08 2.95E-07
  26  25.0000  9.05E-08 3.94E-07 3.32E-15 3.32E-15 1.36E-07 2.52E-08 2.64E-08 3.32E-15 3.23E-06 1.93E-06 3.32E-15 6.25E-08 2.56E-07
  27  30.0000  5.94E-09 8.96E-08 1.52E-15 1.52E-15 4.61E-08 4.44E-09 8.58E-09 1.52E-15 1.74E-06 7.77E-07 1.52E-15 2.67E-09 8.41E-08
  28  35.0000  1.42E-10 1.53E-08 7.17E-16 7.17E-16 1.48E-08 5.14E-10 2.62E-09 7.17E-16 3.75E-07 1.05E-07 7.17E-16 2.83E-11 7.76E-09
  29  40.0000  6.45E-13 2.12E-09 3.49E-16 3.49E-16 4.85E-09 4.29E-11 8.09E-10 3.49E-16 1.49E-08 3.47E-09 3.49E-16 1.38E-14 7.43E-11
  30  45.0000  1.61E-14 3.75E-10 1.76E-16 1.76E-16 1.82E-09 5.65E-12 2.84E-10 1.76E-16 2.95E-10 1.54E-10 1.76E-16 9.79E-17 6.92E-13
  31  50.0000  5.55E-16 7.92E-11 9.30E-17 9.30E-17 8.16E-10 9.21E-13 1.16E-10 9.30E-17 4.34E-12 7.10E-12 9.30E-17 1.02E-18 5.85E-15
  32  55.0000  3.15E-17 2.14E-11 5.16E-17 5.16E-17 4.19E-10 2.02E-13 5.36E-11 5.16E-17 6.16E-14 3.51E-13 5.16E-17 1.95E-20 5.38E-17
  33  60.0000  1.21E-18 5.53E-12 2.85E-17 2.85E-17 2.20E-10 4.05E-14 2.48E-11 2.85E-17 4.88E-16 1.37E-14 2.85E-17 1.50E-22 1.46E-19
  34  70.0000  4.22E-21 3.23E-13 8.28E-18 8.28E-18 5.95E-11 1.46E-15 4.85E-12 8.28E-18 5.99E-19 2.66E-16 8.28E-18 8.18E-26 6.79E-23
  35  80.0000  3.68E-24 9.64E-15 1.86E-18 1.86E-18 1.21E-11 2.29E-17 6.60E-13 1.86E-18 7.51E-23 1.57E-18 1.86E-18 5.44E-30 9.46E-27
  36 100.0000  1.14E-30 9.05E-19 3.65E-20 3.65E-20 6.54E-14 4.78E-22 7.78E-16 3.65E-20 2.95E-35 1.22E-31 3.65E-20 1.86E-38 3.06E-37



 CASE 2C:  GIVEN H1ALT, H2ALT, HRANGE:  (  10.00000   5.00000  10.00000 )

 ITERATE AROUND OBSZEN UNTIL RANGE CONVERGES

 ITER      OBSZEN         RANGE        DRANGE          BETA          HMIN        BCKZEN       BENDING
            (DEG)          (KM)          (KM)         (DEG)          (KM)         (DEG)         (DEG)
  1    60.0389022    10.0010981    -0.0010981     0.0778006     5.0000000   120.0321359     0.0067624
  2    60.0367195    10.0004391    -0.0004391     0.0777937     5.0000000   120.0343124     0.0067618


 SLANT PATH PARAMETERS IN STANDARD FORM

          H1ALT   =   10.00000 KM
          H2ALT   =    5.00000 KM
          OBSZEN  =  120.03431 DEG
          BCKZEN  =   60.03672 DEG
          HMIN    =    5.00000 KM
          LENN    =          0

 CALCULATION OF THE REFRACTED PATH THROUGH THE ATMOSPHERE


  I     START       END     START     DELTA     TOTAL     DELTA     EARTH    END TO     DELTA      PATH      LAYER   LAYER     LAYER
     ALTITUDE  ALTITUDE    TO END     RANGE     RANGE     EARTH    CENTER     START   BENDING   BENDING    AVERAGE     AVG   AVERAGE
                           ZENITH                         ANGLE     ANGLE    ZENITH                       PRESSURE    TEMP   DENSITY
         (KM)      (KM)     (DEG)     (KM)       (KM)     (DEG)     (DEG)     (DEG)     (DEG)    (DEG)        (MB)     (K)  (GM/CM3)
          H2ALT TO H1ALT

  1   5.00000   6.00000  60.03672   2.00180   2.00180   0.01558   0.01558 119.97725   0.00161   0.00161  520.37101  264.24 6.853E-04
  2   6.00000   7.00000  60.02275   2.00095   4.00275   0.01557   0.03115 119.99135   0.00148   0.00308  456.37111  258.00 6.155E-04
  3   7.00000   8.00000  60.00865   2.00009   6.00284   0.01556   0.04671 120.00557   0.00134   0.00442  398.88314  251.50 5.518E-04
  4   8.00000   9.00000  59.99443   1.99923   8.00208   0.01555   0.06226 120.01990   0.00122   0.00564  347.89258  245.00 4.940E-04
  5   9.00000  10.00000  59.98010   1.99836  10.00044   0.01554   0.07779 120.03431   0.00112   0.00676  302.40262  238.55 4.410E-04




1  LAYER ABSORBER AMOUNTS FOR THE PATH SEGMENT ENDING AT Z

  J      Z        TBAR       HNO3         O3 UV     CNTMSLF1     CNTMSLF2      CNTMFRN        O2         WAT DROP     ICE PART
       (KM)        (K)     (ATM CM)     (ATM CM)   (MOL CM-2)   (MOL CM-2)   (MOL CM-2)   (MOL CM-2)   (KM GM/M3)   (KM GM/M3)

  1    9.0000   238.55    1.112E-05    8.206E-03    7.374E+16    1.177E+17    2.212E+20    1.830E+04    0.0000000    0.0000000
  2    8.0000   245.00    1.114E-05    7.699E-03    2.389E+17    3.385E+17    4.471E+20    2.105E+04    0.0000000    0.0000000
  3    7.0000   251.50    1.130E-05    7.188E-03    7.375E+17    9.117E+17    8.772E+20    2.419E+04    0.0000000    0.0000000
  4    6.0000   258.00    1.127E-05    6.725E-03    2.120E+18    2.238E+18    1.662E+21    2.781E+04    0.0000000    0.0000000
  5    5.0000   264.24    1.104E-05    6.307E-03    5.728E+18    5.053E+18    3.041E+21    3.197E+04    0.0000000    0.0000000



1 J      Z        N2 CONT     MOL SCAT        AER 1        AER 2        AER 3        AER 4        CIRRUS     WAT DROP     ICE PART
        (KM)                (550nm EXT)                                                                     (550 NM OPTICAL DEPTH)

  1    9.0000    0.2136932    0.0082644    0.0000000    0.0029048    0.0000000    0.0000000    0.0000000    0.0000000    0.0000000
  2    8.0000    0.2682698    0.0092621    0.0000000    0.0050299    0.0000000    0.0000000    0.0000000    0.0000000    0.0000000
  3    7.0000    0.3348442    0.0103502    0.0000000    0.0093094    0.0000000    0.0000000    0.0000000    0.0000000    0.0000000
  4    6.0000    0.4167026    0.0115488    0.0000000    0.0138941    0.0000000    0.0000000    0.0000000    0.0000000    0.0000000
  5    5.0000    0.5167295    0.0128634    0.0000000    0.0169850    0.0000000    0.0000000    0.0000000    0.0000000    0.0000000



1    J    Z       H2O       O3        CO2       CO        CH4       N2O       O2        NH3       NO        NO2       SO2
        (KM)    (                                                      ATM CM                                             )

   1    9.0000  2.21E+01  8.21E-03  2.46E+01  7.13E-03  1.09E-01  2.13E-02  1.43E+04  1.93E-06  2.05E-05  1.60E-06  4.31E-06
   2    8.0000  4.00E+01  7.70E-03  2.75E+01  8.71E-03  1.24E-01  2.43E-02  1.60E+04  3.84E-06  2.29E-05  1.77E-06  5.26E-06
   3    7.0000  7.02E+01  7.19E-03  3.07E+01  1.04E-02  1.40E-01  2.73E-02  1.79E+04  6.91E-06  2.56E-05  1.96E-06  6.62E-06
   4    6.0000  1.19E+02  6.72E-03  3.43E+01  1.21E-02  1.58E-01  3.05E-02  1.99E+04  1.16E-05  2.86E-05  2.19E-06  8.58E-06
   5    5.0000  1.96E+02  6.31E-03  3.82E+01  1.38E-02  1.78E-01  3.40E-02  2.22E+04  1.85E-05  3.18E-05  2.44E-06  1.14E-05



   J      Z       CFC11    CFC12    CFC13    CFC14    CFC22   CFC113   CFC114   CFC115   CLONO2     HNO4   CHCL2F     CCL4     N2O5
        (KM)    (                                                     ATM CM                                                     )
   1    9.0000 9.52E-06 1.63E-05 6.82E-14 6.82E-14 4.07E-06 1.29E-06 8.18E-07 6.82E-14 8.13E-08 3.29E-06 6.82E-14 8.80E-06 4.13E-10
   2    8.0000 1.07E-05 1.83E-05 7.64E-14 7.64E-14 4.56E-06 1.45E-06 9.17E-07 7.64E-14 9.36E-08 3.82E-06 7.64E-14 9.86E-06 4.17E-10
   3    7.0000 1.20E-05 2.05E-05 8.54E-14 8.54E-14 5.10E-06 1.62E-06 1.02E-06 8.54E-14 1.27E-07 3.86E-06 8.54E-14 1.10E-05 4.18E-10
   4    6.0000 1.33E-05 2.29E-05 9.53E-14 9.53E-14 5.69E-06 1.81E-06 1.14E-06 9.53E-14 1.90E-07 3.27E-06 9.53E-14 1.23E-05 4.17E-10
   5    5.0000 1.49E-05 2.55E-05 1.06E-13 1.06E-13 6.34E-06 2.02E-06 1.27E-06 1.06E-13 2.65E-07 2.48E-06 1.06E-13 1.38E-05 4.09E-10


 SUMMARY OF THE GEOMETRY CALCULATION

          H1ALT   =   10.00000 KM
          H2ALT   =    5.00000 KM
          OBSZEN  =  120.03431 DEG
          HRANGE  =   10.00044 KM
          BETA    =    0.07779 DEG
          PHI     =   60.03672 DEG
          HMIN    =    5.00000 KM
          BENDING =    0.00676 DEG
          LENN    =          0


   TOTAL COLUMN ABSORBER AMOUNTS FOR THE LINE-OF-SIGHT PATH:

                 HNO3      O3 UV      CNTMSLF1    CNTMSLF2    CNTMFRN     N2 CONT     MOL SCAT   TOTAL AER
               (ATM CM)   (ATM CM)   (MOL CM-2)  (MOL CM-2)  (MOL CM-2)              ( 550 NM EXTINCTION )
            5.5864E-05  3.6125E-02  8.8977E+18  8.6586E+18  6.2482E+21  1.7502E+00  0.05228887  0.04812316


                AER 1       AER 2       AER 3       AER 4      CIRRUS     WAT DROP    ICE PART   MEAN AER RH
                (                 550 NM EXTINCTION                 )    (KM GM/M3)  (KM GM/M3)   (PERCENT)
             0.00000000  0.04812316  0.00000000  0.00000000   0.000000    0.000000    0.000000      0.0000


                H2O         O3          CO2         CO          CH4         N2O

             (                                   ATM CM                                   )
            4.4830E+02  3.6125E-02  1.5534E+02  5.2064E-02  7.0948E-01  1.3742E-01


                O2          NH3         NO          NO2         SO2
               (                      ATM CM                      )
            9.0182E+04  4.2702E-05  1.2945E-04  9.9655E-06  3.6172E-05


               CFC11       CFC12       CFC13       CFC14       CFC22      CFC113      CFC114
             (                                    ATM CM                                    )
            6.0378E-05  1.0353E-04  4.3149E-13  4.3149E-13  2.5765E-05  8.1953E-06  5.1779E-06


              CFC115      CLONO2        HNO4      CHCL2F        CCL4        N2O5
             (                                    ATM CM                                    )
            4.3149E-13  7.5648E-07  1.6714E-05  4.3149E-13  5.5783E-05  2.0735E-09

550 nm SINGLE SCATTERING ALBEDO OF THE FOUR AEROSOL MODELS
[NOMINALLY: (1) Boundary Layer, (2) Tropospheric, (3) Stratospheric, and (4) Volcanic]
     AER 1:      0.940674
     AER 2:      0.963462
     AER 3:      1.000000
     AER 4:      0.994932


   FREQ WAVELENGTH    TOTAL   H2O     CO2+     OZONE    TRACE  N2 CONT  H2O CONT MOL SCAT  AER&CLD  HNO3    AER&CLD  INTEGRATED
   1/CM   MICRONS     TRANS  TRANS    TRANS    TRANS    TRANS   TRANS    TRANS    TRANS     TRANS   TRANS   TAU-ABS  ABSORPTION
 2000.00 5.000000    0.8343 0.8491   0.9997   0.9999   1.0000   1.0000   0.9835   1.0000   0.9996   1.0000   0.9998       0.083
 2001.00 4.997501    0.9332 0.9507   0.9985   0.9998   1.0000   1.0000   0.9837   1.0000   0.9996   1.0000   0.9998       0.150
 2002.00 4.995005    0.9593 0.9776   0.9980   0.9998   1.0000   1.0000   0.9839   1.0000   0.9996   1.0000   0.9997       0.190
 2003.00 4.992511    0.9443 0.9614   0.9988   0.9998   1.0000   1.0000   0.9841   1.0000   0.9996   1.0000   0.9997       0.246
 2004.00 4.990020    0.9620 0.9813   0.9967   0.9997   1.0000   1.0000   0.9843   1.0000   0.9996   1.0000   0.9997       0.284
 2005.00 4.987531    0.9633 0.9796   0.9996   0.9998   1.0000   1.0000   0.9845   1.0000   0.9996   1.0000   0.9997       0.321
 2006.00 4.985045    0.9011 0.9189   0.9966   0.9997   1.0000   1.0000   0.9847   1.0000   0.9996   1.0000   0.9997       0.420
 2007.00 4.982561    0.8350 0.8518   0.9960   0.9998   1.0000   1.0000   0.9849   1.0000   0.9996   1.0000   0.9997       0.585
 2008.00 4.980080    0.4981 0.5064   0.9993   0.9997   1.0000   1.0000   0.9851   1.0000   0.9996   1.0000   0.9997       1.087
 2009.00 4.977601    0.5745 0.5864   0.9950   0.9997   1.0000   1.0000   0.9853   1.0000   0.9996   1.0000   0.9997       1.512
 2010.00 4.975124    0.8597 0.8780   0.9943   0.9998   1.0000   1.0000   0.9855   1.0000   0.9996   1.0000   0.9997       1.652
 2011.00 4.972651    0.9381 0.9531   0.9993   0.9997   1.0000   1.0000   0.9857   1.0000   0.9996   1.0000   0.9997       1.714
 2012.00 4.970179    0.9509 0.9723   0.9928   0.9997   1.0000   1.0000   0.9859   1.0000   0.9996   1.0000   0.9997       1.763
 2013.00 4.967710    0.9469 0.9621   0.9989   0.9996   1.0000   1.0000   0.9861   1.0000   0.9996   1.0000   0.9997       1.816
 2014.00 4.965243    0.9217 0.9427   0.9921   0.9997   1.0000   1.0000   0.9863   1.0000   0.9996   1.0000   0.9997       1.895
 2015.00 4.962779    0.8696 0.8901   0.9911   0.9996   1.0000   1.0000   0.9865   1.0000   0.9996   1.0000   0.9997       2.025
 2016.00 4.960318    0.5496 0.5582   0.9986   0.9996   1.0000   1.0000   0.9867   1.0000   0.9996   1.0000   0.9997       2.475
 2017.00 4.957858    0.0909 0.0931   0.9898   0.9997   1.0000   1.0000   0.9869   1.0000   0.9996   1.0000   0.9997       3.385
 2018.00 4.955401    0.3091 0.3168   0.9893   0.9996   1.0000   1.0000   0.9872   1.0000   0.9996   1.0000   0.9997       4.075
 2019.00 4.952947    0.2233 0.2268   0.9981   0.9995   1.0000   1.0000   0.9874   1.0000   0.9996   1.0000   0.9997       4.852
 2020.00 4.950495    0.8271 0.8477   0.9889   0.9996   1.0000   1.0000   0.9876   1.0000   0.9996   1.0000   0.9997       5.025
 2021.00 4.948046    0.9031 0.9263   0.9879   0.9995   1.0000   1.0000   0.9878   1.0000   0.9996   1.0000   0.9997       5.122
 2022.00 4.945599    0.9238 0.9380   0.9976   0.9996   1.0000   1.0000   0.9881   1.0000   0.9996   1.0000   0.9997       5.198
 2023.00 4.943154    0.4892 0.5016   0.9878   0.9995   1.0000   1.0000   0.9884   1.0000   0.9996   1.0000   0.9997       5.709
 2024.00 4.940711    0.9288 0.9431   0.9971   0.9995   1.0000   1.0000   0.9886   1.0000   0.9996   1.0000   0.9997       5.780
 2025.00 4.938272    0.9454 0.9694   0.9872   0.9994   1.0000   1.0000   0.9889   1.0000   0.9996   1.0000   0.9997       5.835
 2026.00 4.935834    0.8398 0.8605   0.9876   0.9995   1.0000   1.0000   0.9892   1.0000   0.9996   1.0000   0.9997       5.995
 2027.00 4.933399    0.3849 0.3906   0.9971   0.9993   1.0000   1.0000   0.9895   1.0000   0.9996   1.0000   0.9997       6.610
 2028.00 4.930966    0.9333 0.9572   0.9861   0.9995   1.0000   1.0000   0.9897   1.0000   0.9996   1.0000   0.9997       6.677
 2029.00 4.928536    0.9626 0.9865   0.9866   0.9994   1.0000   1.0000   0.9900   1.0000   0.9996   1.0000   0.9997       6.714
 2030.00 4.926108    0.9486 0.9636   0.9952   0.9994   1.0000   1.0000   0.9903   1.0000   0.9996   1.0000   0.9997       6.765
 2031.00 4.923683    0.9691 0.9936   0.9859   0.9993   1.0000   1.0000   0.9904   1.0000   0.9996   1.0000   0.9997       6.796
 2032.00 4.921260    0.9616 0.9899   0.9819   0.9993   1.0000   1.0000   0.9905   1.0000   0.9996   1.0000   0.9997       6.835
 2033.00 4.918839    0.9746 0.9917   0.9932   0.9993   1.0000   1.0000   0.9906   1.0000   0.9996   1.0000   0.9997       6.860
 2034.00 4.916421    0.8177 0.8442   0.9788   0.9993   1.0000   1.0000   0.9907   1.0000   0.9996   1.0000   0.9997       7.042
 2035.00 4.914005    0.9405 0.9771   0.9725   0.9994   1.0000   1.0000   0.9909   1.0000   0.9996   1.0000   0.9997       7.102
 2036.00 4.911592    0.9714 0.9884   0.9928   0.9994   1.0000   1.0000   0.9910   1.0000   0.9996   1.0000   0.9997       7.130
 2037.00 4.909180    0.8446 0.9503   0.8979   0.9992   1.0000   1.0000   0.9911   1.0000   0.9996   1.0000   0.9997       7.286
 2038.00 4.906771    0.7217 0.7945   0.9175   0.9992   1.0000   1.0000   0.9912   1.0000   0.9996   1.0000   0.9997       7.564
 2039.00 4.904365    0.9479 0.9668   0.9903   0.9992   1.0000   1.0000   0.9913   1.0000   0.9996   1.0000   0.9997       7.616
 2040.00 4.901961    0.8317 0.9025   0.9309   0.9989   1.0000   1.0000   0.9914   1.0000   0.9996   1.0000   0.9997       7.785
 2041.00 4.899559    0.2989 0.3289   0.9180   0.9990   1.0000   1.0000   0.9916   1.0000   0.9996   1.0000   0.9997       8.486
 2042.00 4.897160    0.6012 0.6182   0.9818   0.9993   1.0000   1.0000   0.9918   1.0000   0.9996   1.0000   0.9997       8.884
 2043.00 4.894763    0.7795 0.8882   0.8855   0.9995   1.0000   1.0000   0.9920   1.0000   0.9996   1.0000   0.9997       9.105
 2044.00 4.892368    0.3672 0.4141   0.8948   0.9992   1.0000   1.0000   0.9921   1.0000   0.9996   1.0000   0.9997       9.738
 2045.00 4.889976    0.9126 0.9365   0.9833   0.9991   1.0000   1.0000   0.9923   1.0000   0.9996   1.0000   0.9997       9.825
 2046.00 4.887586    0.7817 0.9530   0.8275   0.9992   1.0000   1.0000   0.9925   1.0000   0.9996   1.0000   0.9997      10.043
 2047.00 4.885198    0.8085 0.8353   0.9766   0.9988   1.0000   1.0000   0.9927   1.0000   0.9996   1.0000   0.9997      10.235
 2048.00 4.882812    0.8496 0.9879   0.8676   0.9988   1.0000   1.0000   0.9928   1.0000   0.9995   1.0000   0.9997      10.385
 2049.00 4.880429    0.7626 0.9863   0.7799   0.9989   1.0000   1.0000   0.9930   1.0000   0.9995   1.0000   0.9997      10.623


   FREQ WAVELENGTH    TOTAL   H2O     CO2+     OZONE    TRACE  N2 CONT  H2O CONT MOL SCAT  AER&CLD  HNO3    AER&CLD  INTEGRATED
   1/CM   MICRONS     TRANS  TRANS    TRANS    TRANS    TRANS   TRANS    TRANS    TRANS     TRANS   TRANS   TAU-ABS  ABSORPTION
 2050.00 4.878049    0.9256 0.9887   0.9441   0.9988   1.0000   1.0000   0.9932   1.0000   0.9995   1.0000   0.9997      10.697
 2051.00 4.875670    0.7971 0.9882   0.8134   0.9989   1.0000   1.0000   0.9933   1.0000   0.9995   1.0000   0.9997      10.900
 2052.00 4.873294    0.7293 0.9907   0.7423   0.9986   1.0000   1.0000   0.9934   1.0000   0.9995   1.0000   0.9997      11.171
 2053.00 4.870921    0.9145 0.9696   0.9510   0.9987   1.0000   1.0000   0.9935   1.0000   0.9995   1.0000   0.9997      11.256
 2054.00 4.868549    0.7336 0.9776   0.7567   0.9985   1.0000   1.0000   0.9937   1.0000   0.9995   1.0000   0.9997      11.523
 2055.00 4.866180    0.6910 0.9882   0.7047   0.9988   1.0000   1.0000   0.9938   1.0000   0.9995   1.0000   0.9997      11.832
 2056.00 4.863813    0.9235 0.9958   0.9348   0.9987   1.0000   1.0000   0.9939   1.0000   0.9995   1.0000   0.9997      11.908
 2057.00 4.861449    0.6986 0.9936   0.7087   0.9985   1.0000   1.0000   0.9940   1.0000   0.9995   1.0000   0.9997      12.210
 2058.00 4.859087    0.6854 0.9883   0.6989   0.9986   1.0000   1.0000   0.9941   1.0000   0.9995   1.0000   0.9997      12.524
 2059.00 4.856727    0.8888 0.9603   0.9331   0.9980   1.0000   1.0000   0.9942   1.0000   0.9995   1.0000   0.9997      12.635
 2060.00 4.854369    0.4313 0.6467   0.6721   0.9983   1.0000   1.0000   0.9944   1.0000   0.9995   1.0000   0.9997      13.204
 2061.00 4.852014    0.5856 0.8284   0.7128   0.9977   1.0000   1.0000   0.9944   1.0000   0.9995   1.0000   0.9997      13.619
 2062.00 4.849660    0.8872 0.9722   0.9206   0.9971   1.0000   1.0000   0.9945   1.0000   0.9995   1.0000   0.9997      13.731
 2063.00 4.847310    0.6433 0.9580   0.6772   0.9975   1.0000   1.0000   0.9946   1.0000   0.9995   1.0000   0.9997      14.088
 2064.00 4.844961    0.6057 0.8457   0.7227   0.9969   1.0000   1.0000   0.9947   1.0000   0.9995   1.0000   0.9997      14.482
 2065.00 4.842615    0.2457 0.2646   0.9362   0.9973   1.0000   1.0000   0.9948   1.0000   0.9995   1.0000   0.9997      15.237
 2066.00 4.840271    0.3187 0.4840   0.6647   0.9964   1.0000   1.0000   0.9948   1.0000   0.9995   1.0000   0.9997      15.918
 2067.00 4.837929    0.8697 0.9492   0.9251   0.9960   1.0000   1.0000   0.9949   1.0000   0.9995   1.0000   0.9997      16.048
 2068.00 4.835590    0.7653 0.9760   0.7926   0.9949   1.0000   1.0000   0.9950   1.0000   0.9995   1.0000   0.9997      16.283
 2069.00 4.833253    0.6541 0.9895   0.6680   0.9948   1.0000   1.0000   0.9951   1.0000   0.9995   1.0000   0.9997      16.629
 2070.00 4.830918    0.9052 0.9933   0.9228   0.9929   1.0000   1.0000   0.9952   1.0000   0.9995   1.0000   0.9997      16.724
 2071.00 4.828585    0.7641 0.9928   0.7811   0.9906   1.0000   1.0000   0.9952   1.0000   0.9995   1.0000   0.9997      16.959
 2072.00 4.826255    0.7647 0.9740   0.7942   0.9937   1.0000   1.0000   0.9953   1.0000   0.9995   1.0000   0.9997      17.195
 2073.00 4.823926    0.7462 0.8591   0.8784   0.9939   1.0000   1.0000   0.9954   1.0000   0.9995   1.0000   0.9997      17.449
 2074.00 4.821601    0.5061 0.6024   0.8498   0.9936   1.0000   1.0000   0.9955   1.0000   0.9995   1.0000   0.9997      17.943
 2075.00 4.819277    0.8512 0.9383   0.9178   0.9932   1.0000   1.0000   0.9955   1.0000   0.9995   1.0000   0.9997      18.091
 2076.00 4.816956    0.8451 0.9867   0.8677   0.9920   1.0000   0.9999   0.9956   1.0000   0.9995   1.0000   0.9997      18.246
 2077.00 4.814637    0.0719 0.9777   0.0744   0.9930   1.0000   0.9998   0.9957   1.0000   0.9995   1.0000   0.9997      19.174
 2078.00 4.812320    0.1630 0.9623   0.1717   0.9916   1.0000   0.9997   0.9958   1.0000   0.9995   1.0000   0.9997      20.011
 2079.00 4.810005    0.5101 0.8486   0.6104   0.9897   1.0000   0.9996   0.9959   1.0000   0.9995   1.0000   0.9997      20.501
 2080.00 4.807693    0.8761 0.9796   0.9065   0.9917   1.0000   0.9995   0.9960   1.0000   0.9995   1.0000   0.9997      20.625
 2081.00 4.805382    0.8309 0.9891   0.8559   0.9864   1.0000   0.9995   0.9960   1.0000   0.9995   1.0000   0.9997      20.794
 2082.00 4.803074    0.6106 0.8176   0.7587   0.9892   1.0000   0.9994   0.9960   1.0000   0.9995   1.0000   0.9997      21.184
 2083.00 4.800768    0.9404 0.9930   0.9639   0.9874   1.0000   0.9994   0.9961   1.0000   0.9995   1.0000   0.9997      21.243
 2084.00 4.798464    0.8560 0.9944   0.8774   0.9862   1.0000   0.9994   0.9961   1.0000   0.9995   1.0000   0.9997      21.387
 2085.00 4.796163    0.8603 0.9871   0.8874   0.9870   1.0000   0.9993   0.9962   1.0000   0.9995   1.0000   0.9997      21.527
 2086.00 4.793864    0.8269 0.9897   0.8552   0.9818   1.0000   0.9993   0.9962   1.0000   0.9995   1.0000   0.9997      21.700
 2087.00 4.791567    0.6866 0.7765   0.9015   0.9857   1.0000   0.9992   0.9963   1.0000   0.9995   1.0000   0.9997      22.014
 2088.00 4.789272    0.9053 0.9441   0.9826   0.9807   1.0000   0.9992   0.9963   1.0000   0.9995   1.0000   0.9997      22.108
 2089.00 4.786979    0.8540 0.9443   0.9247   0.9829   1.0000   0.9992   0.9964   1.0000   0.9995   1.0000   0.9997      22.254
 2090.00 4.784689    0.3284 0.3576   0.9394   0.9827   1.0000   0.9991   0.9964   1.0000   0.9995   1.0000   0.9997      22.926
 2091.00 4.782401    0.7882 0.9292   0.8713   0.9783   1.0000   0.9991   0.9965   1.0000   0.9995   1.0000   0.9997      23.138
 2092.00 4.780115    0.9115 0.9745   0.9608   0.9784   1.0000   0.9990   0.9965   1.0000   0.9995   1.0000   0.9997      23.226
 2093.00 4.777831    0.8252 0.9674   0.8793   0.9749   1.0000   0.9990   0.9966   1.0000   0.9995   1.0000   0.9997      23.401
 2094.00 4.775549    0.7648 0.9859   0.7964   0.9789   1.0000   0.9989   0.9967   1.0000   0.9995   1.0000   0.9997      23.636
 2095.00 4.773270    0.7537 0.9686   0.8012   0.9759   1.0000   0.9989   0.9968   1.0000   0.9995   1.0000   0.9997      23.882
 2096.00 4.770992    0.9437 0.9912   0.9759   0.9804   1.0000   0.9988   0.9968   1.0000   0.9995   1.0000   0.9997      23.939
 2097.00 4.768717    0.7975 0.8352   0.9886   0.9706   1.0000   0.9987   0.9969   1.0000   0.9995   1.0000   0.9997      24.141
 2098.00 4.766444    0.9371 0.9789   0.9810   0.9806   1.0000   0.9986   0.9970   1.0000   0.9995   1.0000   0.9997      24.204
 2099.00 4.764174    0.7636 0.9905   0.7975   0.9714   1.0000   0.9985   0.9971   1.0000   0.9995   1.0000   0.9997      24.440


   FREQ WAVELENGTH    TOTAL   H2O     CO2+     OZONE    TRACE  N2 CONT  H2O CONT MOL SCAT  AER&CLD  HNO3    AER&CLD  INTEGRATED
   1/CM   MICRONS     TRANS  TRANS    TRANS    TRANS    TRANS   TRANS    TRANS    TRANS     TRANS   TRANS   TAU-ABS  ABSORPTION
 2100.00 4.761905    0.7957 0.8332   0.9779   0.9813   1.0000   0.9985   0.9971   1.0000   0.9995   1.0000   0.9997      24.645
 2101.00 4.759638    0.9214 0.9750   0.9754   0.9737   1.0000   0.9984   0.9972   1.0000   0.9995   1.0000   0.9997      24.723
 2102.00 4.757374    0.9502 0.9970   0.9744   0.9830   1.0000   0.9983   0.9972   1.0000   0.9995   1.0000   0.9997      24.773
 2103.00 4.755112    0.7701 0.9883   0.8038   0.9743   1.0000   0.9983   0.9973   1.0000   0.9995   1.0000   0.9997      25.003
 2104.00 4.752851    0.9259 0.9965   0.9512   0.9816   1.0000   0.9982   0.9973   1.0000   0.9995   1.0000   0.9997      25.077
 2105.00 4.750594    0.9584 0.9917   0.9914   0.9797   1.0000   0.9981   0.9973   1.0000   0.9995   1.0000   0.9997      25.119
 2106.00 4.748338    0.7117 0.7580   0.9615   0.9815   1.0000   0.9981   0.9974   1.0000   0.9995   1.0000   0.9997      25.407
 2107.00 4.746085    0.7478 0.9746   0.7944   0.9708   1.0000   0.9980   0.9974   1.0000   0.9995   1.0000   0.9997      25.659
 2108.00 4.743833    0.8757 0.9417   0.9570   0.9767   1.0000   0.9979   0.9975   1.0000   0.9995   1.0000   0.9997      25.784
 2109.00 4.741584    0.9215 0.9953   0.9587   0.9707   1.0000   0.9978   0.9975   1.0000   0.9995   1.0000   0.9997      25.862
 2110.00 4.739336    0.9314 0.9950   0.9623   0.9779   1.0000   0.9977   0.9976   1.0000   0.9995   1.0000   0.9997      25.931
 2111.00 4.737092    0.9472 0.9976   0.9601   0.9942   1.0000   0.9976   0.9976   1.0000   0.9995   1.0000   0.9997      25.983
 2112.00 4.734848    0.7988 0.9913   0.8125   0.9972   1.0000   0.9974   0.9976   1.0000   0.9995   1.0000   0.9997      26.185
 2113.00 4.732608    0.9400 0.9946   0.9551   0.9950   1.0000   0.9973   0.9977   1.0000   0.9995   1.0000   0.9997      26.245
 2114.00 4.730369    0.8589 0.8923   0.9763   0.9916   1.0000   0.9971   0.9977   1.0000   0.9995   1.0000   0.9997      26.386
 2115.00 4.728132    0.5520 0.6007   0.9426   0.9806   1.0000   0.9970   0.9977   1.0000   0.9995   1.0000   0.9997      26.834
 2116.00 4.725898    0.7129 0.9363   0.7836   0.9775   1.0000   0.9968   0.9978   1.0000   0.9995   1.0000   0.9997      27.121
 2117.00 4.723666    0.9418 0.9937   0.9786   0.9743   1.0000   0.9966   0.9978   1.0000   0.9995   1.0000   0.9997      27.179
 2118.00 4.721436    0.9247 0.9977   0.9684   0.9630   1.0000   0.9964   0.9979   1.0000   0.9995   1.0000   0.9997      27.254
 2119.00 4.719207    0.9148 0.9926   0.9644   0.9618   1.0000   0.9962   0.9979   1.0000   0.9995   1.0000   0.9997      27.340
 2120.00 4.716981    0.7304 0.9972   0.7666   0.9618   1.0000   0.9960   0.9979   1.0000   0.9995   1.0000   0.9997      27.609
 2121.00 4.714757    0.8324 0.9023   0.9658   0.9615   1.0000   0.9959   0.9980   1.0000   0.9995   1.0000   0.9997      27.777
 2122.00 4.712535    0.9101 0.9650   0.9915   0.9577   1.0000   0.9957   0.9980   1.0000   0.9995   1.0000   0.9997      27.867
 2123.00 4.710316    0.8885 0.9789   0.9552   0.9568   1.0000   0.9956   0.9980   1.0000   0.9995   1.0000   0.9997      27.978
 2124.00 4.708098    0.6853 0.9404   0.7638   0.9608   1.0000   0.9954   0.9981   1.0000   0.9995   1.0000   0.9997      28.293
 2125.00 4.705883    0.7666 0.8101   0.9916   0.9612   1.0000   0.9952   0.9981   1.0000   0.9995   1.0000   0.9997      28.526
 2126.00 4.703669    0.9460 0.9938   0.9858   0.9729   1.0000   0.9950   0.9981   1.0000   0.9995   1.0000   0.9997      28.580
 2127.00 4.701458    0.9242 0.9964   0.9660   0.9676   1.0000   0.9948   0.9981   1.0000   0.9995   1.0000   0.9997      28.656
 2128.00 4.699248    0.7779 0.9984   0.8071   0.9729   1.0000   0.9946   0.9982   1.0000   0.9995   1.0000   0.9997      28.878
 2129.00 4.697041    0.8565 0.9949   0.8849   0.9806   1.0000   0.9944   0.9982   1.0000   0.9995   1.0000   0.9997      29.022
 2130.00 4.694836    0.8683 0.9926   0.8959   0.9844   1.0000   0.9941   0.9982   1.0000   0.9995   1.0000   0.9997      29.153
 2131.00 4.692633    0.9462 0.9983   0.9677   0.9877   1.0000   0.9939   0.9983   1.0000   0.9995   1.0000   0.9997      29.207
 2132.00 4.690432    0.8106 0.9920   0.8306   0.9923   1.0000   0.9937   0.9983   1.0000   0.9995   1.0000   0.9997      29.397
 2133.00 4.688232    0.9774 0.9983   0.9910   0.9967   1.0000   0.9935   0.9983   1.0000   0.9995   1.0000   0.9997      29.419
 2134.00 4.686036    0.9748 0.9974   0.9878   0.9982   1.0000   0.9933   0.9983   1.0000   0.9995   1.0000   0.9997      29.444
 2135.00 4.683841    0.9625 0.9914   0.9803   0.9994   1.0000   0.9931   0.9983   1.0000   0.9995   1.0000   0.9997      29.482
 2136.00 4.681648    0.6274 0.7259   0.8729   0.9997   1.0000   0.9926   0.9984   1.0000   0.9995   1.0000   0.9997      29.855
 2137.00 4.679457    0.7006 0.7127   0.9932   0.9998   1.0000   0.9921   0.9984   1.0000   0.9995   1.0000   0.9997      30.154
 2138.00 4.677269    0.8548 0.8752   0.9873   0.9998   1.0000   0.9915   0.9984   1.0000   0.9995   1.0000   0.9997      30.299
 2139.00 4.675082    0.7391 0.8254   0.9056   0.9998   1.0000   0.9910   0.9984   1.0000   0.9995   1.0000   0.9997      30.560
 2140.00 4.672897    0.9360 0.9602   0.9863   0.9998   1.0000   0.9905   0.9984   1.0000   0.9995   1.0000   0.9997      30.624
 2141.00 4.670715    0.9735 0.9964   0.9892   0.9998   1.0000   0.9899   0.9985   1.0000   0.9995   1.0000   0.9997      30.651
 2142.00 4.668534    0.9659 0.9844   0.9940   0.9998   1.0000   0.9893   0.9985   1.0000   0.9995   1.0000   0.9997      30.685
 2143.00 4.666356    0.9774 0.9971   0.9936   0.9998   1.0000   0.9887   0.9985   1.0000   0.9995   1.0000   0.9997      30.707
 2144.00 4.664179    0.9700 0.9940   0.9899   0.9998   1.0000   0.9881   0.9985   1.0000   0.9995   1.0000   0.9997      30.737
 2145.00 4.662004    0.7999 0.8175   0.9930   0.9998   1.0000   0.9875   0.9985   1.0000   0.9995   1.0000   0.9997      30.937
 2146.00 4.659832    0.9410 0.9622   0.9931   0.9998   1.0000   0.9869   0.9986   1.0000   0.9995   1.0000   0.9997      30.996
 2147.00 4.657662    0.7812 0.8992   0.8827   0.9998   1.0000   0.9862   0.9986   1.0000   0.9995   1.0000   0.9997      31.215
 2148.00 4.655493    0.9317 0.9593   0.9875   0.9998   1.0000   0.9856   0.9986   1.0000   0.9995   1.0000   0.9997      31.284
 2149.00 4.653327    0.9636 0.9912   0.9891   0.9998   1.0000   0.9850   0.9986   1.0000   0.9995   1.0000   0.9997      31.320


   FREQ WAVELENGTH    TOTAL   H2O     CO2+     OZONE    TRACE  N2 CONT  H2O CONT MOL SCAT  AER&CLD  HNO3    AER&CLD  INTEGRATED
   1/CM   MICRONS     TRANS  TRANS    TRANS    TRANS    TRANS   TRANS    TRANS    TRANS     TRANS   TRANS   TAU-ABS  ABSORPTION
 2150.00 4.651163    0.9619 0.9982   0.9809   0.9998   1.0000   0.9844   0.9987   1.0000   0.9995   1.0000   0.9997      31.358
 2151.00 4.649001    0.7840 0.9767   0.8178   0.9998   1.0000   0.9836   0.9987   1.0000   0.9995   1.0000   0.9997      31.574
 2152.00 4.646840    0.9486 0.9830   0.9839   0.9998   1.0000   0.9828   0.9987   1.0000   0.9995   1.0000   0.9997      31.626
 2153.00 4.644682    0.8414 0.8740   0.9822   0.9998   1.0000   0.9820   0.9987   1.0000   0.9995   1.0000   0.9997      31.784
 2154.00 4.642526    0.9386 0.9956   0.9628   0.9998   1.0000   0.9812   0.9987   1.0000   0.9995   1.0000   0.9997      31.846
 2155.00 4.640371    0.7948 0.9815   0.8275   0.9998   1.0000   0.9804   0.9987   1.0000   0.9995   1.0000   0.9997      32.051
 2156.00 4.638219    0.9496 0.9930   0.9782   0.9998   1.0000   0.9796   0.9987   1.0000   0.9995   1.0000   0.9997      32.101
 2157.00 4.636069    0.8908 0.9342   0.9762   0.9998   1.0000   0.9788   0.9987   1.0000   0.9995   1.0000   0.9997      32.210
 2158.00 4.633920    0.7386 0.9938   0.7614   0.9998   1.0000   0.9781   0.9988   1.0000   0.9995   1.0000   0.9997      32.472
 2159.00 4.631774    0.9243 0.9989   0.9487   0.9998   1.0000   0.9773   0.9988   1.0000   0.9995   1.0000   0.9997      32.547
 2160.00 4.629630    0.9397 0.9932   0.9709   0.9997   1.0000   0.9765   0.9988   1.0000   0.9995   1.0000   0.9997      32.608
 2161.00 4.627487    0.9156 0.9763   0.9632   0.9998   1.0000   0.9755   0.9988   1.0000   0.9995   1.0000   0.9997      32.692
 2162.00 4.625347    0.5887 0.8310   0.7284   0.9997   1.0000   0.9744   0.9988   1.0000   0.9995   1.0000   0.9997      33.103
 2163.00 4.623209    0.8301 0.9023   0.9469   0.9997   1.0000   0.9734   0.9988   1.0000   0.9995   1.0000   0.9997      33.273
 2164.00 4.621072    0.9237 0.9956   0.9559   0.9998   1.0000   0.9724   0.9989   1.0000   0.9995   1.0000   0.9997      33.350
 2165.00 4.618937    0.8923 0.9958   0.9242   0.9997   1.0000   0.9714   0.9989   1.0000   0.9995   1.0000   0.9997      33.457
 2166.00 4.616805    0.7313 0.9982   0.7565   0.9997   1.0000   0.9703   0.9989   1.0000   0.9995   1.0000   0.9997      33.726
 2167.00 4.614675    0.9117 0.9900   0.9518   0.9997   1.0000   0.9693   0.9989   1.0000   0.9995   1.0000   0.9997      33.814
 2168.00 4.612546    0.9073 0.9980   0.9407   0.9997   1.0000   0.9683   0.9989   1.0000   0.9995   1.0000   0.9997      33.907
 2169.00 4.610420    0.6806 0.9995   0.7053   0.9997   1.0000   0.9673   0.9989   1.0000   0.9995   1.0000   0.9997      34.226
 2170.00 4.608295    0.8761 0.9986   0.9097   0.9996   1.0000   0.9663   0.9990   1.0000   0.9995   1.0000   0.9997      34.350
 2171.00 4.606172    0.7922 0.9021   0.9111   0.9997   1.0000   0.9656   0.9990   1.0000   0.9995   1.0000   0.9997      34.558
 2172.00 4.604052    0.8358 0.9799   0.8856   0.9997   1.0000   0.9649   0.9990   1.0000   0.9995   1.0000   0.9997      34.722
 2173.00 4.601933    0.6518 0.9982   0.6786   0.9995   1.0000   0.9643   0.9990   1.0000   0.9995   1.0000   0.9997      35.070
 2174.00 4.599816    0.8813 0.9990   0.9173   0.9997   1.0000   0.9636   0.9990   1.0000   0.9995   1.0000   0.9997      35.189
 2175.00 4.597701    0.8232 0.9898   0.8654   0.9995   1.0000   0.9629   0.9990   1.0000   0.9995   1.0000   0.9997      35.366
 2176.00 4.595588    0.6351 0.9996   0.6615   0.9996   1.0000   0.9622   0.9990   1.0000   0.9995   1.0000   0.9997      35.731
 2177.00 4.593477    0.7824 0.9996   0.8156   0.9995   1.0000   0.9616   0.9991   1.0000   0.9995   1.0000   0.9997      35.948
 2178.00 4.591368    0.7937 0.9995   0.8280   0.9995   1.0000   0.9609   0.9991   1.0000   0.9995   1.0000   0.9997      36.155
 2179.00 4.589261    0.7692 0.9916   0.8094   0.9995   1.0000   0.9602   0.9991   1.0000   0.9995   1.0000   0.9997      36.386
 2180.00 4.587156    0.5992 0.9985   0.6266   0.9996   1.0000   0.9595   0.9991   1.0000   0.9995   1.0000   0.9997      36.786
 2181.00 4.585052    0.7316 0.9049   0.8450   0.9995   1.0000   0.9586   0.9991   1.0000   0.9995   1.0000   0.9997      37.055
 2182.00 4.582952    0.7061 0.9916   0.7447   0.9997   1.0000   0.9577   0.9991   1.0000   0.9995   1.0000   0.9997      37.349
 2183.00 4.580852    0.5305 0.9990   0.5560   0.9995   1.0000   0.9568   0.9991   1.0000   0.9995   1.0000   0.9997      37.818
 2184.00 4.578754    0.6476 0.9982   0.6801   0.9994   1.0000   0.9559   0.9991   1.0000   0.9995   1.0000   0.9997      38.171
 2185.00 4.576659    0.5837 0.9472   0.6464   0.9997   1.0000   0.9550   0.9992   1.0000   0.9995   1.0000   0.9997      38.587
 2186.00 4.574565    0.5628 0.9962   0.5932   0.9994   1.0000   0.9541   0.9992   1.0000   0.9995   1.0000   0.9997      39.024
 2187.00 4.572474    0.4218 0.9070   0.4886   0.9998   1.0000   0.9532   0.9992   1.0000   0.9995   1.0000   0.9997      39.602
 2188.00 4.570384    0.5265 0.9932   0.5576   0.9996   1.0000   0.9523   0.9992   1.0000   0.9995   1.0000   0.9997      40.076
 2189.00 4.568296    0.5209 0.9927   0.5526   0.9995   1.0000   0.9514   0.9992   1.0000   0.9995   1.0000   0.9997      40.555
 2190.00 4.566210    0.4499 0.9974   0.4752   0.9998   1.0000   0.9505   0.9992   1.0000   0.9995   1.0000   0.9997      41.105
 2191.00 4.564126    0.5767 0.9974   0.6098   0.9996   1.0000   0.9497   0.9992   1.0000   0.9995   1.0000   0.9997      41.528
 2192.00 4.562044    0.5761 0.9955   0.6108   0.9998   1.0000   0.9488   0.9992   1.0000   0.9995   1.0000   0.9997      41.952
 2193.00 4.559964    0.5254 0.9901   0.5606   0.9997   1.0000   0.9480   0.9992   1.0000   0.9995   1.0000   0.9997      42.427
 2194.00 4.557885    0.4455 0.9707   0.4853   0.9998   1.0000   0.9472   0.9992   1.0000   0.9995   1.0000   0.9997      42.981
 2195.00 4.555809    0.4238 0.9985   0.4491   0.9998   1.0000   0.9464   0.9992   1.0000   0.9995   1.0000   0.9997      43.558
 2196.00 4.553734    0.3943 0.9997   0.4178   0.9998   1.0000   0.9455   0.9993   1.0000   0.9995   1.0000   0.9997      44.163
 2197.00 4.551661    0.3263 0.9997   0.3460   0.9997   1.0000   0.9447   0.9993   1.0000   0.9995   1.0000   0.9997      44.837
 2198.00 4.549591    0.3665 0.9981   0.3896   0.9998   1.0000   0.9439   0.9993   1.0000   0.9995   1.0000   0.9997      45.470
 2199.00 4.547522    0.3555 0.9876   0.3822   0.9997   1.0000   0.9431   0.9993   1.0000   0.9995   1.0000   0.9997      46.115


   FREQ WAVELENGTH    TOTAL   H2O     CO2+     OZONE    TRACE  N2 CONT  H2O CONT MOL SCAT  AER&CLD  HNO3    AER&CLD  INTEGRATED
   1/CM   MICRONS     TRANS  TRANS    TRANS    TRANS    TRANS   TRANS    TRANS    TRANS     TRANS   TRANS   TAU-ABS  ABSORPTION
 2200.00 4.545455    0.3080 0.9325   0.3510   0.9999   1.0000   0.9422   0.9993   1.0000   0.9995   1.0000   0.9997      46.807
 2201.00 4.543389    0.3927 0.9960   0.4195   0.9997   1.0000   0.9414   0.9993   1.0000   0.9995   1.0000   0.9997      47.414
 2202.00 4.541326    0.3774 0.9996   0.4021   0.9998   1.0000   0.9405   0.9993   1.0000   0.9995   1.0000   0.9997      48.037
 2203.00 4.539265    0.2998 0.9996   0.3197   0.9997   1.0000   0.9397   0.9993   1.0000   0.9995   1.0000   0.9997      48.737
 2204.00 4.537205    0.2812 0.9992   0.3002   0.9998   1.0000   0.9388   0.9993   1.0000   0.9995   1.0000   0.9997      49.456
 2205.00 4.535147    0.2627 0.9344   0.3002   0.9998   1.0000   0.9379   0.9993   1.0000   0.9995   1.0000   0.9997      50.193
 2206.00 4.533092    0.2628 0.9870   0.2846   0.9998   1.0000   0.9371   0.9993   1.0000   0.9995   1.0000   0.9997      50.930
 2207.00 4.531038    0.2722 0.9657   0.3015   0.9999   1.0000   0.9362   0.9993   1.0000   0.9995   1.0000   0.9997      51.658
 2208.00 4.528986    0.2751 0.9974   0.2953   0.9997   1.0000   0.9354   0.9993   1.0000   0.9995   1.0000   0.9997      52.383
 2209.00 4.526935    0.2491 0.9511   0.2806   0.9998   1.0000   0.9345   0.9993   1.0000   0.9995   1.0000   0.9997      53.134
 2210.00 4.524887    0.2560 0.9937   0.2763   0.9998   1.0000   0.9337   0.9993   1.0000   0.9995   1.0000   0.9997      53.878
 2211.00 4.522840    0.2296 0.9754   0.2528   0.9998   1.0000   0.9326   0.9993   1.0000   0.9995   1.0000   0.9997      54.648
 2212.00 4.520796    0.2364 0.9552   0.2661   0.9998   1.0000   0.9315   0.9994   1.0000   0.9995   1.0000   0.9997      55.412
 2213.00 4.518753    0.2215 0.9752   0.2445   0.9998   1.0000   0.9304   0.9994   1.0000   0.9995   1.0000   0.9997      56.190
 2214.00 4.516712    0.2038 0.9814   0.2238   0.9998   1.0000   0.9293   0.9994   1.0000   0.9995   1.0000   0.9997      56.986
 2215.00 4.514673    0.2586 0.9981   0.2795   0.9998   1.0000   0.9282   0.9994   1.0000   0.9995   1.0000   0.9997      57.728
 2216.00 4.512635    0.2773 0.9963   0.3006   0.9998   1.0000   0.9271   0.9994   1.0000   0.9995   1.0000   0.9997      58.451
 2217.00 4.510600    0.2604 0.9994   0.2818   0.9997   1.0000   0.9259   0.9994   1.0000   0.9995   1.0000   0.9997      59.190
 2218.00 4.508566    0.1996 0.9947   0.2173   0.9998   1.0000   0.9248   0.9994   1.0000   0.9995   1.0000   0.9997      59.991
 2219.00 4.506535    0.1793 0.9597   0.2025   0.9998   1.0000   0.9237   0.9994   1.0000   0.9995   1.0000   0.9997      60.811
 2220.00 4.504505    0.2197 0.9990   0.2387   0.9998   1.0000   0.9226   0.9994   1.0000   0.9995   1.0000   0.9997      61.592
 2221.00 4.502476    0.3102 0.9987   0.3375   0.9998   1.0000   0.9215   0.9994   1.0000   0.9995   1.0000   0.9997      62.281
 2222.00 4.500450    0.3926 0.9975   0.4283   0.9997   1.0000   0.9204   0.9994   1.0000   0.9995   1.0000   0.9997      62.889
 2223.00 4.498425    0.3926 0.9998   0.4277   0.9997   1.0000   0.9193   0.9994   1.0000   0.9995   1.0000   0.9997      63.496
 2224.00 4.496403    0.5106 0.9989   0.5574   0.9998   1.0000   0.9181   0.9994   1.0000   0.9995   1.0000   0.9997      63.986
 2225.00 4.494382    0.2890 0.9937   0.3176   0.9998   1.0000   0.9170   0.9994   1.0000   0.9995   1.0000   0.9997      64.697
 2226.00 4.492363    0.2645 0.9860   0.2933   0.9998   1.0000   0.9159   0.9994   1.0000   0.9995   1.0000   0.9997      65.432
 2227.00 4.490346    0.3035 0.9820   0.3383   0.9998   1.0000   0.9148   0.9994   1.0000   0.9995   1.0000   0.9997      66.129
 2228.00 4.488330    0.1744 0.9969   0.1917   0.9998   1.0000   0.9136   0.9994   1.0000   0.9995   1.0000   0.9997      66.954
 2229.00 4.486317    0.1117 0.9997   0.1226   0.9996   1.0000   0.9125   0.9994   1.0000   0.9995   1.0000   0.9997      67.843
 2230.00 4.484305    0.1565 0.9979   0.1723   0.9999   1.0000   0.9114   0.9994   1.0000   0.9995   1.0000   0.9997      68.686
 2231.00 4.482295    0.1228 0.9664   0.1398   0.9999   1.0000   0.9103   0.9994   1.0000   0.9995   1.0000   0.9997      69.563
 2232.00 4.480287    0.1058 0.9994   0.1165   0.9998   1.0000   0.9092   0.9994   1.0000   0.9995   1.0000   0.9997      70.457
 2233.00 4.478281    0.0808 0.9876   0.0902   0.9999   1.0000   0.9081   0.9994   1.0000   0.9995   1.0000   0.9997      71.377
 2234.00 4.476276    0.1415 0.9992   0.1564   0.9998   1.0000   0.9070   0.9994   1.0000   0.9995   1.0000   0.9997      72.235
 2235.00 4.474273    0.0682 0.9992   0.0755   0.9997   1.0000   0.9058   0.9994   1.0000   0.9995   1.0000   0.9997      73.167
 2236.00 4.472272    0.0999 0.9838   0.1124   0.9999   1.0000   0.9047   0.9994   1.0000   0.9995   1.0000   0.9997      74.067
 2237.00 4.470273    0.0646 0.9986   0.0717   0.9999   1.0000   0.9036   0.9994   1.0000   0.9995   1.0000   0.9997      75.002
 2238.00 4.468275    0.0726 0.9852   0.0817   0.9999   1.0000   0.9025   0.9994   1.0000   0.9995   1.0000   0.9997      75.930
 2239.00 4.466280    0.0545 0.9954   0.0608   0.9999   1.0000   0.9014   0.9994   1.0000   0.9995   1.0000   0.9997      76.875
 2240.00 4.464286    0.0689 0.9981   0.0768   0.9999   1.0000   0.9003   0.9995   1.0000   0.9995   1.0000   0.9997      77.806
 2241.00 4.462294    0.0516 0.9995   0.0575   0.9998   1.0000   0.8994   0.9995   1.0000   0.9995   1.0000   0.9997      78.755
 2242.00 4.460303    0.0512 0.9970   0.0572   0.9999   1.0000   0.8984   0.9995   1.0000   0.9995   1.0000   0.9997      79.704
 2243.00 4.458315    0.0550 0.9632   0.0637   0.9999   1.0000   0.8975   0.9995   1.0000   0.9995   1.0000   0.9997      80.649
 2244.00 4.456328    0.0437 0.9962   0.0489   0.9999   1.0000   0.8965   0.9995   1.0000   0.9995   1.0000   0.9997      81.605
 2245.00 4.454343    0.0588 0.9985   0.0659   0.9999   1.0000   0.8956   0.9995   1.0000   0.9995   1.0000   0.9997      82.546
 2246.00 4.452360    0.0458 0.9789   0.0524   0.9999   1.0000   0.8947   0.9995   1.0000   0.9995   1.0000   0.9997      83.500
 2247.00 4.450378    0.0661 0.9786   0.0757   0.9999   1.0000   0.8937   0.9995   1.0000   0.9995   1.0000   0.9997      84.434
 2248.00 4.448399    0.0442 0.9986   0.0497   0.9999   1.0000   0.8928   0.9995   1.0000   0.9995   1.0000   0.9997      85.390
 2249.00 4.446421    0.0447 0.9994   0.0502   1.0000   1.0000   0.8918   0.9995   1.0000   0.9995   1.0000   0.9997      86.345


   FREQ WAVELENGTH    TOTAL   H2O     CO2+     OZONE    TRACE  N2 CONT  H2O CONT MOL SCAT  AER&CLD  HNO3    AER&CLD  INTEGRATED
   1/CM   MICRONS     TRANS  TRANS    TRANS    TRANS    TRANS   TRANS    TRANS    TRANS     TRANS   TRANS   TAU-ABS  ABSORPTION
 2250.00 4.444445    0.0191 0.9876   0.0218   1.0000   1.0000   0.8909   0.9995   1.0000   0.9995   1.0000   0.9997      87.326
 2251.00 4.442470    0.0506 0.9900   0.0575   1.0000   1.0000   0.8900   0.9995   1.0000   0.9995   1.0000   0.9997      88.275
 2252.00 4.440497    0.0140 0.9906   0.0160   1.0000   1.0000   0.8891   0.9995   1.0000   0.9995   1.0000   0.9997      89.261
 2253.00 4.438527    0.0322 0.9991   0.0363   0.9999   1.0000   0.8882   0.9995   1.0000   0.9995   1.0000   0.9997      90.229
 2254.00 4.436557    0.0110 0.9975   0.0124   0.9999   1.0000   0.8873   0.9995   1.0000   0.9995   1.0000   0.9997      91.218
 2255.00 4.434590    0.0081 0.9111   0.0100   1.0000   1.0000   0.8864   0.9995   1.0000   0.9995   1.0000   0.9997      92.210
 2256.00 4.432624    0.0170 0.9872   0.0195   1.0000   1.0000   0.8855   0.9995   1.0000   0.9995   1.0000   0.9997      93.193
 2257.00 4.430660    0.0015 0.9702   0.0018   1.0000   1.0000   0.8846   0.9995   1.0000   0.9995   1.0000   0.9997      94.192
 2258.00 4.428698    0.0138 0.9966   0.0157   1.0000   1.0000   0.8837   0.9995   1.0000   0.9995   1.0000   0.9997      95.178
 2259.00 4.426737    0.0055 0.9781   0.0063   0.9999   1.0000   0.8828   0.9995   1.0000   0.9995   1.0000   0.9997      96.172
 2260.00 4.424779    0.0006 0.9993   0.0007   0.9999   1.0000   0.8819   0.9995   1.0000   0.9995   1.0000   0.9997      97.172
 2261.00 4.422822    0.0025 0.9923   0.0029   1.0000   1.0000   0.8813   0.9995   1.0000   0.9995   1.0000   0.9997      98.169
 2262.00 4.420866    0.0065 0.9998   0.0074   1.0000   1.0000   0.8806   0.9995   1.0000   0.9995   1.0000   0.9997      99.163
 2263.00 4.418913    0.0002 0.9999   0.0002   1.0000   1.0000   0.8800   0.9995   1.0000   0.9995   1.0000   0.9997     100.163
 2264.00 4.416961    0.0040 0.9995   0.0045   1.0000   1.0000   0.8793   0.9995   1.0000   0.9995   1.0000   0.9997     101.159
 2265.00 4.415011    0.0000 0.9835   0.0000   1.0000   1.0000   0.8787   0.9995   1.0000   0.9995   1.0000   0.9997     102.159
 2266.00 4.413063    0.0028 0.9992   0.0032   0.9999   1.0000   0.8780   0.9995   1.0000   0.9995   1.0000   0.9997     103.156
 2267.00 4.411116    0.0002 0.9998   0.0002   1.0000   1.0000   0.8774   0.9995   1.0000   0.9995   1.0000   0.9997     104.156
 2268.00 4.409171    0.0006 0.9997   0.0007   1.0000   1.0000   0.8767   0.9995   1.0000   0.9995   1.0000   0.9997     105.155
 2269.00 4.407228    0.0012 0.9989   0.0013   1.0000   1.0000   0.8761   0.9995   1.0000   0.9995   1.0000   0.9997     106.154
 2270.00 4.405286    0.0003 0.9995   0.0003   1.0000   1.0000   0.8754   0.9995   1.0000   0.9995   1.0000   0.9997     107.153
 2271.00 4.403347    0.0009 0.9965   0.0011   1.0000   1.0000   0.8747   0.9995   1.0000   0.9995   1.0000   0.9997     108.153
 2272.00 4.401409    0.0000 0.9868   0.0000   1.0000   1.0000   0.8740   0.9996   1.0000   0.9995   1.0000   0.9997     109.153
 2273.00 4.399472    0.0008 0.9864   0.0009   1.0000   1.0000   0.8732   0.9996   1.0000   0.9994   1.0000   0.9997     110.152
 2274.00 4.397537    0.0001 0.9883   0.0001   1.0000   1.0000   0.8725   0.9996   1.0000   0.9994   1.0000   0.9997     111.152
 2275.00 4.395605    0.0004 0.9748   0.0005   1.0000   1.0000   0.8718   0.9996   1.0000   0.9994   1.0000   0.9997     112.151
 2276.00 4.393673    0.0000 0.9976   0.0000   1.0000   1.0000   0.8710   0.9996   1.0000   0.9994   1.0000   0.9997     113.151
 2277.00 4.391744    0.0000 0.9979   0.0000   1.0000   1.0000   0.8703   0.9996   1.0000   0.9994   1.0000   0.9997     114.151
 2278.00 4.389816    0.0003 0.9887   0.0004   1.0000   1.0000   0.8696   0.9996   1.0000   0.9994   1.0000   0.9997     115.151
 2279.00 4.387889    0.0001 0.9997   0.0001   1.0000   1.0000   0.8689   0.9996   1.0000   0.9994   1.0000   0.9997     116.151
 2280.00 4.385965    0.0002 0.9999   0.0003   1.0000   1.0000   0.8681   0.9996   1.0000   0.9994   1.0000   0.9997     117.151
 2281.00 4.384042    0.0010 0.9992   0.0011   1.0000   1.0000   0.8672   0.9996   1.0000   0.9994   1.0000   0.9997     118.150
 2282.00 4.382121    0.0004 0.9891   0.0004   1.0000   1.0000   0.8662   0.9996   1.0000   0.9994   1.0000   0.9997     119.149
 2283.00 4.380201    0.0082 0.9998   0.0094   1.0000   1.0000   0.8653   0.9996   1.0000   0.9994   1.0000   0.9997     120.141
 2284.00 4.378284    0.0032 0.9959   0.0038   1.0000   1.0000   0.8644   0.9996   1.0000   0.9994   1.0000   0.9997     121.138
 2285.00 4.376368    0.0007 0.9998   0.0008   1.0000   1.0000   0.8634   0.9996   1.0000   0.9994   1.0000   0.9997     122.137
 2286.00 4.374453    0.0001 0.9997   0.0001   1.0000   1.0000   0.8625   0.9996   1.0000   0.9994   1.0000   0.9997     123.137
 2287.00 4.372540    0.0000 0.9997   0.0000   1.0000   1.0000   0.8616   0.9996   1.0000   0.9994   1.0000   0.9997     124.137
 2288.00 4.370629    0.0000 0.9998   0.0000   1.0000   1.0000   0.8606   0.9996   1.0000   0.9994   1.0000   0.9997     125.137
 2289.00 4.368720    0.0000 0.9994   0.0000   1.0000   1.0000   0.8597   0.9996   1.0000   0.9994   1.0000   0.9997     126.137
 2290.00 4.366812    0.0000 0.9719   0.0000   1.0000   1.0000   0.8588   0.9996   1.0000   0.9994   1.0000   0.9997     127.137
 2291.00 4.364906    0.0000 0.9884   0.0000   1.0000   1.0000   0.8575   0.9996   1.0000   0.9994   1.0000   0.9997     128.137
 2292.00 4.363002    0.0000 0.9989   0.0000   1.0000   1.0000   0.8562   0.9996   1.0000   0.9994   1.0000   0.9997     129.137
 2293.00 4.361099    0.0000 0.9999   0.0000   1.0000   1.0000   0.8549   0.9996   1.0000   0.9994   1.0000   0.9997     130.137
 2294.00 4.359198    0.0000 0.9979   0.0000   1.0000   1.0000   0.8536   0.9996   1.0000   0.9994   1.0000   0.9997     131.137
 2295.00 4.357298    0.0000 0.9999   0.0000   1.0000   1.0000   0.8523   0.9996   1.0000   0.9994   1.0000   0.9997     132.137
 2296.00 4.355401    0.0000 0.9992   0.0000   1.0000   1.0000   0.8510   0.9996   1.0000   0.9994   1.0000   0.9997     133.137
 2297.00 4.353505    0.0000 0.9879   0.0000   1.0000   1.0000   0.8498   0.9996   1.0000   0.9994   1.0000   0.9997     134.137
 2298.00 4.351610    0.0000 0.9968   0.0000   1.0000   1.0000   0.8485   0.9996   1.0000   0.9994   1.0000   0.9997     135.137
 2299.00 4.349717    0.0000 0.9983   0.0000   1.0000   1.0000   0.8472   0.9997   1.0000   0.9994   1.0000   0.9997     136.137


   FREQ WAVELENGTH    TOTAL   H2O     CO2+     OZONE    TRACE  N2 CONT  H2O CONT MOL SCAT  AER&CLD  HNO3    AER&CLD  INTEGRATED
   1/CM   MICRONS     TRANS  TRANS    TRANS    TRANS    TRANS   TRANS    TRANS    TRANS     TRANS   TRANS   TAU-ABS  ABSORPTION
 2300.00 4.347826    0.0000 0.9998   0.0000   1.0000   1.0000   0.8459   0.9997   1.0000   0.9994   1.0000   0.9997     137.137
 2301.00 4.345937    0.0000 0.9970   0.0000   1.0000   1.0000   0.8423   0.9997   1.0000   0.9994   1.0000   0.9997     138.137
 2302.00 4.344049    0.0000 0.9995   0.0000   1.0000   1.0000   0.8387   0.9997   1.0000   0.9994   1.0000   0.9997     139.137
 2303.00 4.342163    0.0000 0.9974   0.0000   1.0000   1.0000   0.8350   0.9997   1.0000   0.9994   1.0000   0.9997     140.137
 2304.00 4.340278    0.0000 0.9986   0.0000   1.0000   1.0000   0.8314   0.9997   1.0000   0.9994   1.0000   0.9997     141.137
 2305.00 4.338395    0.0000 0.9997   0.0000   1.0000   1.0000   0.8278   0.9997   1.0000   0.9994   1.0000   0.9997     142.137
 2306.00 4.336514    0.0000 0.9995   0.0000   1.0000   1.0000   0.8243   0.9997   1.0000   0.9994   1.0000   0.9997     143.137
 2307.00 4.334634    0.0000 0.9866   0.0000   1.0000   1.0000   0.8209   0.9997   1.0000   0.9994   1.0000   0.9997     144.137
 2308.00 4.332756    0.0000 0.9994   0.0000   1.0000   1.0000   0.8174   0.9997   1.0000   0.9994   1.0000   0.9997     145.137
 2309.00 4.330879    0.0000 0.9999   0.0000   1.0000   1.0000   0.8140   0.9997   1.0000   0.9994   1.0000   0.9997     146.137
 2310.00 4.329004    0.0000 0.9983   0.0000   1.0000   1.0000   0.8106   0.9997   1.0000   0.9994   1.0000   0.9997     147.137
 2311.00 4.327131    0.0000 0.9999   0.0000   1.0000   1.0000   0.8061   0.9997   1.0000   0.9994   1.0000   0.9997     148.137
 2312.00 4.325260    0.0000 1.0000   0.0000   1.0000   1.0000   0.8016   0.9997   1.0000   0.9994   1.0000   0.9997     149.137
 2313.00 4.323390    0.0000 1.0000   0.0000   1.0000   1.0000   0.7971   0.9997   1.0000   0.9994   1.0000   0.9997     150.137
 2314.00 4.321521    0.0000 0.9997   0.0000   1.0000   1.0000   0.7927   0.9997   1.0000   0.9994   1.0000   0.9997     151.137
 2315.00 4.319654    0.0000 0.9930   0.0000   1.0000   1.0000   0.7882   0.9997   1.0000   0.9994   1.0000   0.9997     152.137
 2316.00 4.317789    0.0000 0.9997   0.0000   1.0000   1.0000   0.7838   0.9997   1.0000   0.9994   1.0000   0.9997     153.137
 2317.00 4.315926    0.0000 0.9975   0.0000   1.0000   1.0000   0.7795   0.9997   1.0000   0.9994   1.0000   0.9997     154.137
 2318.00 4.314064    0.0000 0.9999   0.0000   1.0000   1.0000   0.7751   0.9997   1.0000   0.9994   1.0000   0.9997     155.137
 2319.00 4.312203    0.0000 0.9961   0.0000   1.0000   1.0000   0.7708   0.9997   1.0000   0.9994   1.0000   0.9997     156.137
 2320.00 4.310345    0.0000 0.9997   0.0000   1.0000   1.0000   0.7664   0.9997   1.0000   0.9994   1.0000   0.9997     157.137
 2321.00 4.308488    0.0000 0.9999   0.0000   1.0000   1.0000   0.7643   0.9997   1.0000   0.9994   1.0000   0.9997     158.137
 2322.00 4.306632    0.0000 0.9988   0.0000   1.0000   1.0000   0.7621   0.9997   1.0000   0.9994   1.0000   0.9997     159.137
 2323.00 4.304778    0.0000 0.9982   0.0000   1.0000   1.0000   0.7600   0.9997   1.0000   0.9994   1.0000   0.9997     160.137
 2324.00 4.302926    0.0000 0.9931   0.0000   1.0000   1.0000   0.7579   0.9997   1.0000   0.9994   1.0000   0.9997     161.137
 2325.00 4.301075    0.0000 0.9998   0.0000   1.0000   1.0000   0.7558   0.9997   1.0000   0.9994   1.0000   0.9997     162.137
 2326.00 4.299226    0.0000 0.9999   0.0000   1.0000   1.0000   0.7534   0.9997   1.0000   0.9994   1.0000   0.9997     163.137
 2327.00 4.297379    0.0000 0.9991   0.0000   1.0000   1.0000   0.7510   0.9997   1.0000   0.9994   1.0000   0.9997     164.137
 2328.00 4.295533    0.0000 0.9999   0.0000   1.0000   1.0000   0.7487   0.9997   1.0000   0.9994   1.0000   0.9997     165.137
 2329.00 4.293688    0.0000 0.9979   0.0000   1.0000   1.0000   0.7463   0.9997   1.0000   0.9994   1.0000   0.9997     166.137
 2330.00 4.291845    0.0000 0.9998   0.0000   1.0000   1.0000   0.7439   0.9997   1.0000   0.9994   1.0000   0.9997     167.137
 2331.00 4.290004    0.0000 0.9999   0.0000   1.0000   1.0000   0.7463   0.9997   1.0000   0.9994   1.0000   0.9997     168.137
 2332.00 4.288165    0.0000 0.9975   0.0000   1.0000   1.0000   0.7487   0.9997   1.0000   0.9994   1.0000   0.9997     169.137
 2333.00 4.286326    0.0000 0.9992   0.0000   1.0000   1.0000   0.7510   0.9997   1.0000   0.9994   1.0000   0.9997     170.137
 2334.00 4.284490    0.0000 0.9974   0.0000   1.0000   1.0000   0.7534   0.9997   1.0000   0.9994   1.0000   0.9997     171.137
 2335.00 4.282655    0.0000 0.9993   0.0000   1.0000   1.0000   0.7558   0.9997   1.0000   0.9994   1.0000   0.9997     172.137
 2336.00 4.280822    0.0000 0.9999   0.0000   1.0000   1.0000   0.7582   0.9997   1.0000   0.9994   1.0000   0.9997     173.137
 2337.00 4.278990    0.0000 0.9994   0.0000   1.0000   1.0000   0.7606   0.9998   1.0000   0.9994   1.0000   0.9997     174.137
 2338.00 4.277160    0.0000 0.9996   0.0000   1.0000   1.0000   0.7630   0.9998   1.0000   0.9994   1.0000   0.9997     175.137
 2339.00 4.275331    0.0000 0.9992   0.0000   1.0000   1.0000   0.7654   0.9998   1.0000   0.9994   1.0000   0.9997     176.137
 2340.00 4.273504    0.0000 0.9975   0.0000   1.0000   1.0000   0.7678   0.9998   1.0000   0.9994   1.0000   0.9997     177.137
 2341.00 4.271679    0.0000 0.9999   0.0000   1.0000   1.0000   0.7716   0.9998   1.0000   0.9994   1.0000   0.9997     178.137
 2342.00 4.269855    0.0000 1.0000   0.0000   1.0000   1.0000   0.7754   0.9998   1.0000   0.9994   1.0000   0.9997     179.137
 2343.00 4.268033    0.0000 0.9997   0.0000   1.0000   1.0000   0.7792   0.9998   1.0000   0.9994   1.0000   0.9997     180.137
 2344.00 4.266212    0.0000 0.9997   0.0000   1.0000   1.0000   0.7830   0.9998   1.0000   0.9994   1.0000   0.9997     181.137
 2345.00 4.264392    0.0000 1.0000   0.0000   1.0000   1.0000   0.7868   0.9998   1.0000   0.9994   1.0000   0.9997     182.137
 2346.00 4.262575    0.0000 1.0000   0.0000   1.0000   1.0000   0.7907   0.9998   1.0000   0.9994   1.0000   0.9997     183.137
 2347.00 4.260758    0.0000 1.0000   0.0000   1.0000   1.0000   0.7946   0.9998   1.0000   0.9994   1.0000   0.9997     184.137
 2348.00 4.258944    0.0000 0.9999   0.0000   1.0000   1.0000   0.7985   0.9998   1.0000   0.9994   1.0000   0.9997     185.137
 2349.00 4.257131    0.0000 0.9995   0.0000   1.0000   1.0000   0.8024   0.9998   1.0000   0.9994   1.0000   0.9997     186.137


   FREQ WAVELENGTH    TOTAL   H2O     CO2+     OZONE    TRACE  N2 CONT  H2O CONT MOL SCAT  AER&CLD  HNO3    AER&CLD  INTEGRATED
   1/CM   MICRONS     TRANS  TRANS    TRANS    TRANS    TRANS   TRANS    TRANS    TRANS     TRANS   TRANS   TAU-ABS  ABSORPTION
 2350.00 4.255319    0.0000 1.0000   0.0000   1.0000   1.0000   0.8063   0.9998   1.0000   0.9994   1.0000   0.9997     187.137
 2351.00 4.253509    0.0000 0.9995   0.0000   1.0000   1.0000   0.8074   0.9998   1.0000   0.9994   1.0000   0.9997     188.137
 2352.00 4.251701    0.0000 0.9998   0.0000   1.0000   1.0000   0.8086   0.9998   1.0000   0.9994   1.0000   0.9997     189.137
 2353.00 4.249894    0.0000 0.9992   0.0000   1.0000   1.0000   0.8097   0.9998   1.0000   0.9994   1.0000   0.9997     190.137
 2354.00 4.248088    0.0000 0.9985   0.0000   1.0000   1.0000   0.8108   0.9998   1.0000   0.9994   1.0000   0.9997     191.137
 2355.00 4.246284    0.0000 1.0000   0.0000   1.0000   1.0000   0.8120   0.9998   1.0000   0.9994   1.0000   0.9997     192.137
 2356.00 4.244482    0.0000 0.9998   0.0000   1.0000   1.0000   0.8128   0.9998   1.0000   0.9994   1.0000   0.9998     193.137
 2357.00 4.242682    0.0000 0.9989   0.0000   1.0000   1.0000   0.8137   0.9998   1.0000   0.9994   1.0000   0.9998     194.137
 2358.00 4.240882    0.0000 1.0000   0.0000   1.0000   1.0000   0.8145   0.9998   1.0000   0.9994   1.0000   0.9998     195.137
 2359.00 4.239084    0.0000 0.9999   0.0000   1.0000   1.0000   0.8154   0.9998   1.0000   0.9994   1.0000   0.9998     196.137
 2360.00 4.237288    0.0000 1.0000   0.0000   1.0000   1.0000   0.8163   0.9998   1.0000   0.9994   1.0000   0.9998     197.137
 2361.00 4.235494    0.0000 1.0000   0.0000   1.0000   1.0000   0.8168   0.9998   1.0000   0.9994   1.0000   0.9998     198.137
 2362.00 4.233700    0.0000 0.9998   0.0000   1.0000   1.0000   0.8174   0.9998   1.0000   0.9994   1.0000   0.9998     199.137
 2363.00 4.231909    0.0000 0.9998   0.0000   1.0000   1.0000   0.8180   0.9998   1.0000   0.9994   1.0000   0.9998     200.137
 2364.00 4.230118    0.0000 1.0000   0.0000   1.0000   1.0000   0.8185   0.9998   1.0000   0.9994   1.0000   0.9998     201.137
 2365.00 4.228330    0.0000 0.9999   0.0000   1.0000   1.0000   0.8191   0.9998   1.0000   0.9994   1.0000   0.9998     202.137
 2366.00 4.226542    0.0000 0.9992   0.0000   1.0000   1.0000   0.8197   0.9998   1.0000   0.9994   1.0000   0.9998     203.137
 2367.00 4.224757    0.0000 1.0000   0.0000   1.0000   1.0000   0.8203   0.9998   1.0000   0.9994   1.0000   0.9998     204.137
 2368.00 4.222973    0.0000 0.9999   0.0000   1.0000   1.0000   0.8208   0.9998   1.0000   0.9994   1.0000   0.9998     205.137
 2369.00 4.221190    0.0000 0.9998   0.0000   1.0000   1.0000   0.8214   0.9998   1.0000   0.9994   1.0000   0.9998     206.137
 2370.00 4.219409    0.0000 1.0000   0.0000   1.0000   1.0000   0.8220   0.9998   1.0000   0.9994   1.0000   0.9998     207.137
 2371.00 4.217630    0.0000 0.9999   0.0000   1.0000   1.0000   0.8220   0.9998   1.0000   0.9994   1.0000   0.9998     208.137
 2372.00 4.215852    0.0000 0.9996   0.0000   1.0000   1.0000   0.8220   0.9998   1.0000   0.9994   1.0000   0.9998     209.137
 2373.00 4.214075    0.0000 0.9993   0.0000   1.0000   1.0000   0.8220   0.9998   1.0000   0.9994   1.0000   0.9998     210.137
 2374.00 4.212300    0.0000 1.0000   0.0000   1.0000   1.0000   0.8220   0.9998   1.0000   0.9994   1.0000   0.9998     211.137
 2375.00 4.210526    0.0000 0.9999   0.0000   1.0000   1.0000   0.8220   0.9998   1.0000   0.9994   1.0000   0.9998     212.137
 2376.00 4.208754    0.0000 1.0000   0.0000   1.0000   1.0000   0.8223   0.9998   1.0000   0.9994   1.0000   0.9998     213.137
 2377.00 4.206984    0.0000 0.9998   0.0000   1.0000   1.0000   0.8226   0.9998   1.0000   0.9994   1.0000   0.9998     214.137
 2378.00 4.205215    0.0000 0.9995   0.0000   1.0000   1.0000   0.8229   0.9998   1.0000   0.9994   1.0000   0.9998     215.137
 2379.00 4.203447    0.0000 0.9995   0.0000   1.0000   1.0000   0.8231   0.9998   1.0000   0.9994   1.0000   0.9998     216.137
 2380.00 4.201681    0.0000 1.0000   0.0000   1.0000   1.0000   0.8234   0.9998   1.0000   0.9994   1.0000   0.9998     217.137
 2381.00 4.199916    0.0000 1.0000   0.0000   1.0000   1.0000   0.8234   0.9998   1.0000   0.9994   1.0000   0.9998     218.137
 2382.00 4.198153    0.0000 0.9998   0.0000   1.0000   1.0000   0.8234   0.9998   1.0000   0.9994   1.0000   0.9998     219.137
 2383.00 4.196391    0.0000 0.9997   0.0000   1.0000   1.0000   0.8234   0.9998   1.0000   0.9994   1.0000   0.9998     220.137
 2384.00 4.194631    0.0002 1.0000   0.0003   1.0000   1.0000   0.8234   0.9998   1.0000   0.9994   1.0000   0.9998     221.137
 2385.00 4.192872    0.0022 1.0000   0.0026   1.0000   1.0000   0.8234   0.9998   1.0000   0.9994   1.0000   0.9998     222.135
 2386.00 4.191115    0.0101 0.9998   0.0123   1.0000   1.0000   0.8231   0.9998   1.0000   0.9994   1.0000   0.9998     223.125
 2387.00 4.189359    0.0418 0.9998   0.0509   1.0000   1.0000   0.8229   0.9998   1.0000   0.9994   1.0000   0.9998     224.083
 2388.00 4.187605    0.1234 1.0000   0.1502   1.0000   1.0000   0.8226   0.9998   1.0000   0.9994   1.0000   0.9998     224.959
 2389.00 4.185852    0.1601 1.0000   0.1948   1.0000   1.0000   0.8223   0.9998   1.0000   0.9994   1.0000   0.9998     225.799
 2390.00 4.184101    0.3206 0.9999   0.3904   1.0000   1.0000   0.8220   0.9998   1.0000   0.9994   1.0000   0.9998     226.479
 2391.00 4.182351    0.4034 1.0000   0.4915   1.0000   1.0000   0.8214   0.9998   1.0000   0.9994   1.0000   0.9998     227.075
 2392.00 4.180602    0.4996 1.0000   0.6091   1.0000   1.0000   0.8208   0.9998   1.0000   0.9994   1.0000   0.9998     227.576
 2393.00 4.178855    0.5703 1.0000   0.6959   1.0000   1.0000   0.8203   0.9998   1.0000   0.9994   1.0000   0.9998     228.005
 2394.00 4.177109    0.6068 0.9994   0.7413   1.0000   1.0000   0.8197   0.9998   1.0000   0.9994   1.0000   0.9998     228.399
 2395.00 4.175365    0.6296 1.0000   0.7692   1.0000   1.0000   0.8191   0.9998   1.0000   0.9994   1.0000   0.9998     228.769
 2396.00 4.173623    0.6461 1.0000   0.7891   1.0000   1.0000   0.8194   0.9998   1.0000   0.9994   1.0000   0.9998     229.123
 2397.00 4.171882    0.6598 0.9998   0.8057   1.0000   1.0000   0.8197   0.9998   1.0000   0.9994   1.0000   0.9998     229.463
 2398.00 4.170142    0.6738 1.0000   0.8224   1.0000   1.0000   0.8200   0.9998   1.0000   0.9994   1.0000   0.9998     229.789
 2399.00 4.168404    0.6853 1.0000   0.8361   1.0000   1.0000   0.8203   0.9998   1.0000   0.9994   1.0000   0.9998     230.104


   FREQ WAVELENGTH    TOTAL   H2O     CO2+     OZONE    TRACE  N2 CONT  H2O CONT MOL SCAT  AER&CLD  HNO3    AER&CLD  INTEGRATED
   1/CM   MICRONS     TRANS  TRANS    TRANS    TRANS    TRANS   TRANS    TRANS    TRANS     TRANS   TRANS   TAU-ABS  ABSORPTION
 2400.00 4.166667    0.6973 0.9999   0.8505   1.0000   1.0000   0.8206   0.9998   1.0000   0.9994   1.0000   0.9998     230.407
 2401.00 4.164931    0.7039 1.0000   0.8582   1.0000   1.0000   0.8208   0.9998   1.0000   0.9994   1.0000   0.9998     230.703
 2402.00 4.163198    0.7119 1.0000   0.8676   1.0000   1.0000   0.8211   0.9998   1.0000   0.9994   1.0000   0.9998     230.991
 2403.00 4.161465    0.7173 1.0000   0.8739   1.0000   1.0000   0.8214   0.9998   1.0000   0.9994   1.0000   0.9998     231.274
 2404.00 4.159734    0.7250 0.9999   0.8830   1.0000   1.0000   0.8217   0.9998   1.0000   0.9994   1.0000   0.9998     231.549
 2405.00 4.158004    0.7285 1.0000   0.8869   1.0000   1.0000   0.8220   0.9998   1.0000   0.9994   1.0000   0.9998     231.820
 2406.00 4.156276    0.7383 0.9997   0.8982   1.0000   1.0000   0.8229   0.9998   1.0000   0.9994   1.0000   0.9998     232.082
 2407.00 4.154549    0.7415 0.9993   0.9015   1.0000   1.0000   0.8237   0.9998   1.0000   0.9994   1.0000   0.9998     232.340
 2408.00 4.152824    0.7514 1.0000   0.9120   1.0000   1.0000   0.8246   0.9998   1.0000   0.9994   1.0000   0.9998     232.589
 2409.00 4.151100    0.7559 1.0000   0.9164   1.0000   1.0000   0.8255   0.9998   1.0000   0.9994   1.0000   0.9998     232.833
 2410.00 4.149378    0.7653 1.0000   0.9269   1.0000   1.0000   0.8263   0.9998   1.0000   0.9994   1.0000   0.9998     233.068
 2411.00 4.147656    0.7665 0.9999   0.9278   1.0000   1.0000   0.8269   0.9998   1.0000   0.9994   1.0000   0.9998     233.301
 2412.00 4.145937    0.7703 1.0000   0.9317   1.0000   1.0000   0.8275   0.9998   1.0000   0.9994   1.0000   0.9998     233.531
 2413.00 4.144219    0.7761 1.0000   0.9380   1.0000   1.0000   0.8281   0.9998   1.0000   0.9994   1.0000   0.9998     233.755
 2414.00 4.142502    0.7762 1.0000   0.9374   1.0000   1.0000   0.8286   0.9998   1.0000   0.9994   1.0000   0.9998     233.979
 2415.00 4.140787    0.7825 1.0000   0.9443   1.0000   1.0000   0.8292   0.9998   1.0000   0.9994   1.0000   0.9998     234.196
 2416.00 4.139073    0.7835 0.9999   0.9440   1.0000   1.0000   0.8307   0.9998   1.0000   0.9994   1.0000   0.9998     234.413
 2417.00 4.137361    0.7906 1.0000   0.9509   1.0000   1.0000   0.8321   0.9998   1.0000   0.9994   1.0000   0.9998     234.622
 2418.00 4.135649    0.7916 0.9999   0.9504   1.0000   1.0000   0.8336   0.9998   1.0000   0.9994   1.0000   0.9998     234.830
 2419.00 4.133940    0.7986 1.0000   0.9571   1.0000   1.0000   0.8350   0.9998   1.0000   0.9994   1.0000   0.9998     235.032
 2420.00 4.132231    0.7999 1.0000   0.9570   1.0000   1.0000   0.8365   0.9998   1.0000   0.9994   1.0000   0.9998     235.232
 2421.00 4.130525    0.8017 0.9999   0.9582   1.0000   1.0000   0.8374   0.9998   1.0000   0.9994   1.0000   0.9998     235.430
 2422.00 4.128819    0.8067 1.0000   0.9631   1.0000   1.0000   0.8383   0.9998   1.0000   0.9994   1.0000   0.9998     235.624
 2423.00 4.127115    0.8042 0.9993   0.9597   1.0000   1.0000   0.8391   0.9998   1.0000   0.9994   1.0000   0.9998     235.819
 2424.00 4.125412    0.8107 1.0000   0.9658   1.0000   1.0000   0.8400   0.9998   1.0000   0.9994   1.0000   0.9998     236.009
 2425.00 4.123711    0.8106 1.0000   0.9647   1.0000   1.0000   0.8409   0.9998   1.0000   0.9994   1.0000   0.9998     236.198
 2426.00 4.122012    0.8135 1.0000   0.9667   1.0000   1.0000   0.8421   0.9998   1.0000   0.9994   1.0000   0.9998     236.385
 2427.00 4.120313    0.8170 1.0000   0.9696   1.0000   1.0000   0.8433   0.9998   1.0000   0.9994   1.0000   0.9998     236.568
 2428.00 4.118616    0.8183 1.0000   0.9698   1.0000   1.0000   0.8445   0.9998   1.0000   0.9994   1.0000   0.9998     236.749
 2429.00 4.116920    0.8166 1.0000   0.9664   1.0000   1.0000   0.8456   0.9998   1.0000   0.9994   1.0000   0.9998     236.933
 2430.00 4.115226    0.8205 0.9993   0.9704   1.0000   1.0000   0.8468   0.9998   1.0000   0.9994   1.0000   0.9998     237.112
 2431.00 4.113533    0.8222 1.0000   0.9700   1.0000   1.0000   0.8483   0.9998   1.0000   0.9994   1.0000   0.9998     237.290
 2432.00 4.111842    0.8191 1.0000   0.9647   1.0000   1.0000   0.8498   0.9998   1.0000   0.9994   1.0000   0.9998     237.471
 2433.00 4.110152    0.8250 1.0000   0.9699   1.0000   1.0000   0.8513   0.9998   1.0000   0.9994   1.0000   0.9998     237.646
 2434.00 4.108463    0.8286 1.0000   0.9724   1.0000   1.0000   0.8528   0.9998   1.0000   0.9994   1.0000   0.9998     237.817
 2435.00 4.106776    0.8279 0.9999   0.9699   1.0000   1.0000   0.8543   0.9998   1.0000   0.9994   1.0000   0.9998     237.989
 2436.00 4.105090    0.8283 1.0000   0.9692   1.0000   1.0000   0.8553   0.9998   1.0000   0.9994   1.0000   0.9998     238.161
 2437.00 4.103406    0.8306 0.9992   0.9714   1.0000   1.0000   0.8564   0.9998   1.0000   0.9994   1.0000   0.9998     238.331
 2438.00 4.101723    0.8296 0.9999   0.9685   1.0000   1.0000   0.8574   0.9998   1.0000   0.9994   1.0000   0.9998     238.501
 2439.00 4.100041    0.8302 1.0000   0.9678   1.0000   1.0000   0.8585   0.9998   1.0000   0.9994   1.0000   0.9998     238.671
 2440.00 4.098361    0.8302 0.9998   0.9668   1.0000   1.0000   0.8595   0.9999   1.0000   0.9994   1.0000   0.9998     238.841
 2441.00 4.096682    0.8219 1.0000   0.9555   1.0000   1.0000   0.8609   0.9999   1.0000   0.9994   1.0000   0.9998     239.019
 2442.00 4.095004    0.8291 1.0000   0.9623   1.0000   1.0000   0.8622   0.9999   1.0000   0.9994   1.0000   0.9998     239.190
 2443.00 4.093328    0.8324 1.0000   0.9646   1.0000   1.0000   0.8636   0.9999   1.0000   0.9994   1.0000   0.9998     239.357
 2444.00 4.091653    0.8337 1.0000   0.9646   1.0000   1.0000   0.8649   0.9999   1.0000   0.9994   1.0000   0.9998     239.523
 2445.00 4.089980    0.8342 1.0000   0.9637   1.0000   1.0000   0.8663   0.9999   1.0000   0.9994   1.0000   0.9998     239.689
 2446.00 4.088307    0.8377 1.0000   0.9659   1.0000   1.0000   0.8680   0.9999   1.0000   0.9994   1.0000   0.9998     239.852
 2447.00 4.086637    0.8379 0.9999   0.9643   1.0000   1.0000   0.8697   0.9999   1.0000   0.9994   1.0000   0.9998     240.014
 2448.00 4.084967    0.8258 1.0000   0.9484   1.0000   1.0000   0.8713   0.9999   1.0000   0.9994   1.0000   0.9998     240.188
 2449.00 4.083299    0.8414 1.0000   0.9645   1.0000   1.0000   0.8730   0.9999   1.0000   0.9994   1.0000   0.9998     240.346


   FREQ WAVELENGTH    TOTAL   H2O     CO2+     OZONE    TRACE  N2 CONT  H2O CONT MOL SCAT  AER&CLD  HNO3    AER&CLD  INTEGRATED
   1/CM   MICRONS     TRANS  TRANS    TRANS    TRANS    TRANS   TRANS    TRANS    TRANS     TRANS   TRANS   TAU-ABS  ABSORPTION
 2450.00 4.081633    0.8436 0.9998   0.9654   1.0000   1.0000   0.8747   0.9999   1.0000   0.9994   1.0000   0.9998     240.503
 2451.00 4.079967    0.8424 1.0000   0.9618   1.0000   1.0000   0.8765   0.9999   1.0000   0.9994   1.0000   0.9998     240.661
 2452.00 4.078303    0.8458 0.9999   0.9638   1.0000   1.0000   0.8784   0.9999   1.0000   0.9994   1.0000   0.9998     240.815
 2453.00 4.076641    0.8508 0.9998   0.9675   1.0000   1.0000   0.8802   0.9999   1.0000   0.9994   1.0000   0.9998     240.964
 2454.00 4.074980    0.8430 1.0000   0.9564   1.0000   1.0000   0.8821   0.9999   1.0000   0.9994   1.0000   0.9998     241.121
 2455.00 4.073320    0.8597 1.0000   0.9733   1.0000   1.0000   0.8839   0.9999   1.0000   0.9994   1.0000   0.9998     241.261
 2456.00 4.071661    0.8633 1.0000   0.9756   1.0000   1.0000   0.8856   0.9999   1.0000   0.9994   1.0000   0.9998     241.398
 2457.00 4.070004    0.8663 1.0000   0.9771   1.0000   1.0000   0.8873   0.9999   1.0000   0.9994   1.0000   0.9998     241.531
 2458.00 4.068348    0.8708 0.9999   0.9804   1.0000   1.0000   0.8890   0.9999   1.0000   0.9994   1.0000   0.9998     241.661
 2459.00 4.066694    0.8692 1.0000   0.9766   1.0000   1.0000   0.8908   0.9999   1.0000   0.9994   1.0000   0.9998     241.791
 2460.00 4.065041    0.8752 1.0000   0.9814   1.0000   1.0000   0.8925   0.9999   1.0000   0.9994   1.0000   0.9998     241.916
 2461.00 4.063389    0.8835 1.0000   0.9894   1.0000   1.0000   0.8937   0.9999   1.0000   0.9994   1.0000   0.9998     242.033
 2462.00 4.061738    0.8859 1.0000   0.9906   1.0000   1.0000   0.8950   0.9999   1.0000   0.9994   1.0000   0.9998     242.147
 2463.00 4.060089    0.8855 0.9998   0.9889   1.0000   1.0000   0.8962   0.9999   1.0000   0.9994   1.0000   0.9998     242.261
 2464.00 4.058442    0.8847 0.9998   0.9867   1.0000   1.0000   0.8975   0.9999   1.0000   0.9994   1.0000   0.9998     242.377
 2465.00 4.056795    0.8762 1.0000   0.9756   1.0000   1.0000   0.8987   0.9999   1.0000   0.9994   1.0000   0.9998     242.501
 2466.00 4.055150    0.8801 0.9999   0.9780   1.0000   1.0000   0.9006   0.9999   1.0000   0.9994   1.0000   0.9998     242.620
 2467.00 4.053506    0.8803 0.9998   0.9763   1.0000   1.0000   0.9025   0.9999   1.0000   0.9994   1.0000   0.9998     242.740
 2468.00 4.051864    0.8816 0.9999   0.9756   1.0000   1.0000   0.9044   0.9999   1.0000   0.9994   1.0000   0.9998     242.859
 2469.00 4.050223    0.8687 0.9997   0.9594   1.0000   1.0000   0.9063   0.9999   1.0000   0.9994   1.0000   0.9998     242.990
 2470.00 4.048583    0.8816 1.0000   0.9714   1.0000   1.0000   0.9082   0.9999   1.0000   0.9994   1.0000   0.9998     243.108
 2471.00 4.046945    0.8823 0.9995   0.9708   1.0000   1.0000   0.9100   0.9999   1.0000   0.9994   1.0000   0.9998     243.226
 2472.00 4.045308    0.8797 1.0000   0.9656   1.0000   1.0000   0.9117   0.9999   1.0000   0.9994   1.0000   0.9998     243.346
 2473.00 4.043672    0.8827 1.0000   0.9670   1.0000   1.0000   0.9135   0.9999   1.0000   0.9994   1.0000   0.9998     243.464
 2474.00 4.042037    0.8627 1.0000   0.9433   1.0000   1.0000   0.9153   0.9999   1.0000   0.9994   1.0000   0.9998     243.601
 2475.00 4.040404    0.8887 1.0000   0.9698   1.0000   1.0000   0.9170   0.9999   1.0000   0.9994   1.0000   0.9998     243.712
 2476.00 4.038772    0.8905 1.0000   0.9703   1.0000   1.0000   0.9185   0.9999   1.0000   0.9994   1.0000   0.9998     243.822
 2477.00 4.037142    0.8861 0.9999   0.9641   1.0000   1.0000   0.9199   0.9999   1.0000   0.9994   1.0000   0.9998     243.936
 2478.00 4.035512    0.8734 0.9995   0.9491   1.0000   1.0000   0.9214   0.9999   1.0000   0.9994   1.0000   0.9998     244.062
 2479.00 4.033885    0.8980 1.0000   0.9739   1.0000   1.0000   0.9228   0.9999   1.0000   0.9994   1.0000   0.9998     244.164
 2480.00 4.032258    0.8986 1.0000   0.9730   1.0000   1.0000   0.9243   0.9999   1.0000   0.9994   1.0000   0.9998     244.266
 2481.00 4.030633    0.9037 1.0000   0.9768   1.0000   1.0000   0.9259   0.9999   1.0000   0.9994   1.0000   0.9998     244.362
 2482.00 4.029009    0.8947 1.0000   0.9653   1.0000   1.0000   0.9275   0.9999   1.0000   0.9994   1.0000   0.9998     244.467
 2483.00 4.027386    0.9076 0.9996   0.9780   1.0000   1.0000   0.9291   0.9999   1.0000   0.9994   1.0000   0.9998     244.560
 2484.00 4.025765    0.9117 1.0000   0.9803   1.0000   1.0000   0.9308   0.9999   1.0000   0.9994   1.0000   0.9998     244.648
 2485.00 4.024145    0.9067 0.9999   0.9733   1.0000   1.0000   0.9324   0.9999   1.0000   0.9994   1.0000   0.9998     244.741
 2486.00 4.022526    0.9179 0.9994   0.9849   1.0000   1.0000   0.9332   0.9999   1.0000   0.9994   1.0000   0.9998     244.823
 2487.00 4.020909    0.9202 0.9997   0.9863   1.0000   1.0000   0.9340   0.9999   1.0000   0.9994   1.0000   0.9998     244.903
 2488.00 4.019293    0.9214 1.0000   0.9863   1.0000   1.0000   0.9348   0.9999   1.0000   0.9994   1.0000   0.9998     244.982
 2489.00 4.017678    0.9192 0.9999   0.9833   1.0000   1.0000   0.9357   0.9999   1.0000   0.9994   1.0000   0.9998     245.062
 2490.00 4.016064    0.9257 0.9998   0.9895   1.0000   1.0000   0.9365   0.9999   1.0000   0.9994   1.0000   0.9998     245.137
 2491.00 4.014452    0.9265 1.0000   0.9893   1.0000   1.0000   0.9373   0.9999   1.0000   0.9994   1.0000   0.9998     245.210
 2492.00 4.012841    0.9261 1.0000   0.9880   1.0000   1.0000   0.9381   0.9999   1.0000   0.9994   1.0000   0.9998     245.284
 2493.00 4.011231    0.9299 1.0000   0.9911   1.0000   1.0000   0.9389   0.9999   1.0000   0.9994   1.0000   0.9998     245.354
 2494.00 4.009623    0.9174 0.9999   0.9770   1.0000   1.0000   0.9398   0.9999   1.0000   0.9994   1.0000   0.9998     245.437
 2495.00 4.008016    0.9187 1.0000   0.9775   1.0000   1.0000   0.9406   0.9999   1.0000   0.9994   1.0000   0.9998     245.518
 2496.00 4.006410    0.9355 0.9999   0.9940   1.0000   1.0000   0.9419   0.9999   1.0000   0.9994   1.0000   0.9998     245.583
 2497.00 4.004806    0.9374 0.9994   0.9951   1.0000   1.0000   0.9432   0.9999   1.0000   0.9994   1.0000   0.9998     245.645
 2498.00 4.003202    0.9383 0.9992   0.9950   1.0000   1.0000   0.9445   0.9999   1.0000   0.9994   1.0000   0.9998     245.707
 2499.00 4.001601    0.9410 1.0000   0.9957   1.0000   1.0000   0.9459   0.9999   1.0000   0.9994   1.0000   0.9998     245.766


   FREQ WAVELENGTH    TOTAL   H2O     CO2+     OZONE    TRACE  N2 CONT  H2O CONT MOL SCAT  AER&CLD  HNO3    AER&CLD  INTEGRATED
   1/CM   MICRONS     TRANS  TRANS    TRANS    TRANS    TRANS   TRANS    TRANS    TRANS     TRANS   TRANS   TAU-ABS  ABSORPTION
 2500.00 4.000000    0.9416 0.9997   0.9952   1.0000   1.0000   0.9472   0.9999   1.0000   0.9994   1.0000   0.9998     245.824
 2501.00 3.998401    0.9448 0.9998   0.9969   1.0000   1.0000   0.9487   0.9999   1.0000   0.9994   1.0000   0.9998     245.879
 2502.00 3.996803    0.9459 0.9997   0.9965   1.0000   1.0000   0.9502   0.9999   1.0000   0.9994   1.0000   0.9998     245.934
 2503.00 3.995206    0.9450 0.9996   0.9941   1.0000   1.0000   0.9517   0.9999   1.0000   0.9994   1.0000   0.9998     245.989
 2504.00 3.993610    0.9473 0.9996   0.9950   1.0000   1.0000   0.9532   0.9999   1.0000   0.9994   1.0000   0.9998     246.041
 2505.00 3.992016    0.9481 0.9991   0.9947   1.0000   1.0000   0.9547   0.9999   1.0000   0.9994   1.0000   0.9998     246.093
 2506.00 3.990423    0.9506 0.9995   0.9965   1.0000   1.0000   0.9552   0.9999   1.0000   0.9994   1.0000   0.9998     246.142
 2507.00 3.988831    0.9505 1.0000   0.9953   1.0000   1.0000   0.9557   0.9999   1.0000   0.9994   1.0000   0.9998     246.192
 2508.00 3.987241    0.9521 0.9999   0.9965   1.0000   1.0000   0.9562   0.9999   1.0000   0.9994   1.0000   0.9998     246.240
 2509.00 3.985652    0.9516 0.9997   0.9958   1.0000   1.0000   0.9567   0.9999   1.0000   0.9994   1.0000   0.9998     246.288
 2510.00 3.984064    0.9515 1.0000   0.9948   1.0000   1.0000   0.9572   0.9999   1.0000   0.9994   1.0000   0.9998     246.337
 2511.00 3.982477    0.9524 0.9997   0.9951   1.0000   1.0000   0.9582   0.9999   1.0000   0.9994   1.0000   0.9998     246.384
 2512.00 3.980892    0.9375 1.0000   0.9782   1.0000   1.0000   0.9592   0.9999   1.0000   0.9994   1.0000   0.9998     246.447
 2513.00 3.979308    0.9500 1.0000   0.9902   1.0000   1.0000   0.9602   0.9999   1.0000   0.9994   1.0000   0.9998     246.497
 2514.00 3.977725    0.9552 0.9997   0.9948   1.0000   1.0000   0.9612   0.9999   1.0000   0.9994   1.0000   0.9998     246.541
 2515.00 3.976143    0.9426 0.9986   0.9817   1.0000   1.0000   0.9622   0.9999   1.0000   0.9994   1.0000   0.9998     246.599
 2516.00 3.974563    0.9519 0.9997   0.9895   1.0000   1.0000   0.9631   0.9999   1.0000   0.9994   1.0000   0.9998     246.647
 2517.00 3.972984    0.9577 0.9999   0.9943   1.0000   1.0000   0.9639   0.9999   1.0000   0.9994   1.0000   0.9998     246.689
 2518.00 3.971406    0.9567 0.9986   0.9938   1.0000   1.0000   0.9648   0.9999   1.0000   0.9994   1.0000   0.9998     246.733
 2519.00 3.969829    0.9572 0.9992   0.9928   1.0000   1.0000   0.9656   0.9999   1.0000   0.9994   1.0000   0.9998     246.775
 2520.00 3.968254    0.9577 0.9994   0.9922   1.0000   1.0000   0.9664   0.9999   1.0000   0.9994   1.0000   0.9998     246.818
 2521.00 3.966680    0.9586 1.0000   0.9920   1.0000   1.0000   0.9671   0.9999   1.0000   0.9994   1.0000   0.9998     246.859
 2522.00 3.965107    0.9575 0.9994   0.9907   1.0000   1.0000   0.9678   0.9999   1.0000   0.9994   1.0000   0.9998     246.902
 2523.00 3.963536    0.9582 0.9999   0.9902   1.0000   1.0000   0.9685   0.9999   1.0000   0.9994   1.0000   0.9998     246.944
 2524.00 3.961965    0.9634 0.9987   0.9961   1.0000   1.0000   0.9692   0.9999   1.0000   0.9994   1.0000   0.9998     246.980
 2525.00 3.960396    0.9571 0.9999   0.9877   1.0000   1.0000   0.9698   0.9999   1.0000   0.9994   1.0000   0.9998     247.023
 2526.00 3.958828    0.9460 1.0000   0.9756   1.0000   1.0000   0.9703   0.9999   1.0000   0.9994   1.0000   0.9998     247.077
 2527.00 3.957262    0.9556 0.9998   0.9852   1.0000   1.0000   0.9709   0.9999   1.0000   0.9994   1.0000   0.9998     247.122
 2528.00 3.955696    0.9542 1.0000   0.9831   1.0000   1.0000   0.9714   0.9999   1.0000   0.9994   1.0000   0.9998     247.167
 2529.00 3.954132    0.9459 0.9995   0.9744   1.0000   1.0000   0.9719   0.9999   1.0000   0.9994   1.0000   0.9998     247.221
 2530.00 3.952569    0.9464 0.9991   0.9748   1.0000   1.0000   0.9724   0.9999   1.0000   0.9994   1.0000   0.9998     247.275
 2531.00 3.951008    0.9477 0.9983   0.9763   1.0000   1.0000   0.9731   0.9999   1.0000   0.9994   1.0000   0.9998     247.327
 2532.00 3.949447    0.9478 0.9999   0.9742   1.0000   1.0000   0.9737   0.9999   1.0000   0.9994   1.0000   0.9998     247.380
 2533.00 3.947888    0.9422 0.9965   0.9710   1.0000   1.0000   0.9744   0.9999   1.0000   0.9994   1.0000   0.9998     247.437
 2534.00 3.946330    0.9411 0.9978   0.9680   1.0000   1.0000   0.9751   0.9999   1.0000   0.9994   1.0000   0.9998     247.496
 2535.00 3.944773    0.9396 0.9992   0.9644   1.0000   1.0000   0.9758   0.9999   1.0000   0.9994   1.0000   0.9998     247.557
 2536.00 3.943218    0.9309 0.9993   0.9547   1.0000   1.0000   0.9765   0.9999   1.0000   0.9994   1.0000   0.9998     247.626
 2537.00 3.941663    0.9261 0.9999   0.9485   1.0000   1.0000   0.9772   0.9999   1.0000   0.9994   1.0000   0.9998     247.700
 2538.00 3.940110    0.9306 0.9992   0.9531   1.0000   1.0000   0.9778   0.9999   1.0000   0.9994   1.0000   0.9998     247.769
 2539.00 3.938559    0.9254 0.9985   0.9479   1.0000   1.0000   0.9785   0.9999   1.0000   0.9994   1.0000   0.9998     247.844
 2540.00 3.937008    0.9244 0.9999   0.9448   1.0000   1.0000   0.9792   0.9999   1.0000   0.9994   1.0000   0.9998     247.919
 2541.00 3.935458    0.9207 0.9998   0.9406   1.0000   1.0000   0.9797   0.9999   1.0000   0.9994   1.0000   0.9998     247.999
 2542.00 3.933910    0.9177 1.0000   0.9369   1.0000   1.0000   0.9802   0.9999   1.0000   0.9994   1.0000   0.9998     248.081
 2543.00 3.932363    0.9121 0.9997   0.9310   1.0000   1.0000   0.9808   0.9999   1.0000   0.9994   1.0000   0.9998     248.169
 2544.00 3.930818    0.9096 0.9996   0.9281   1.0000   1.0000   0.9813   0.9999   1.0000   0.9994   1.0000   0.9998     248.259
 2545.00 3.929273    0.8996 0.9972   0.9195   1.0000   1.0000   0.9818   0.9999   1.0000   0.9994   1.0000   0.9998     248.360
 2546.00 3.927730    0.8992 0.9999   0.9163   1.0000   1.0000   0.9821   0.9999   1.0000   0.9994   1.0000   0.9998     248.461
 2547.00 3.926188    0.8965 0.9958   0.9170   1.0000   1.0000   0.9825   0.9999   1.0000   0.9994   1.0000   0.9998     248.564
 2548.00 3.924647    0.8952 0.9970   0.9142   1.0000   1.0000   0.9828   0.9999   1.0000   0.9994   1.0000   0.9998     248.669
 2549.00 3.923107    0.8972 0.9948   0.9179   1.0000   1.0000   0.9832   0.9999   1.0000   0.9994   1.0000   0.9998     248.772


   FREQ WAVELENGTH    TOTAL   H2O     CO2+     OZONE    TRACE  N2 CONT  H2O CONT MOL SCAT  AER&CLD  HNO3    AER&CLD  INTEGRATED
   1/CM   MICRONS     TRANS  TRANS    TRANS    TRANS    TRANS   TRANS    TRANS    TRANS     TRANS   TRANS   TAU-ABS  ABSORPTION
 2550.00 3.921569    0.8961 0.9971   0.9145   1.0000   1.0000   0.9835   0.9999   1.0000   0.9994   1.0000   0.9998     248.875
 2551.00 3.920031    0.8976 0.9984   0.9147   1.0000   1.0000   0.9837   0.9999   1.0000   0.9994   1.0000   0.9998     248.978
 2552.00 3.918495    0.8971 0.9997   0.9128   1.0000   1.0000   0.9839   0.9999   1.0000   0.9994   1.0000   0.9998     249.081
 2553.00 3.916960    0.8936 0.9960   0.9125   1.0000   1.0000   0.9840   0.9999   1.0000   0.9994   1.0000   0.9998     249.187
 2554.00 3.915427    0.8972 0.9999   0.9124   1.0000   1.0000   0.9842   0.9999   1.0000   0.9994   1.0000   0.9998     249.290
 2555.00 3.913894    0.9014 0.9999   0.9164   1.0000   1.0000   0.9844   0.9999   1.0000   0.9994   1.0000   0.9998     249.389
 2556.00 3.912363    0.8591 0.9968   0.8759   1.0000   1.0000   0.9847   0.9999   1.0000   0.9994   1.0000   0.9998     249.529
 2557.00 3.910833    0.8890 0.9997   0.9034   1.0000   1.0000   0.9851   0.9998   1.0000   0.9994   1.0000   0.9998     249.640
 2558.00 3.909304    0.9206 0.9997   0.9352   1.0000   1.0000   0.9854   0.9998   1.0000   0.9994   1.0000   0.9998     249.720
 2559.00 3.907777    0.9309 0.9999   0.9451   1.0000   1.0000   0.9858   0.9998   1.0000   0.9994   1.0000   0.9998     249.789
 2560.00 3.906250    0.9307 0.9999   0.9447   1.0000   1.0000   0.9861   0.9998   1.0000   0.9994   1.0000   0.9998     249.858
 2561.00 3.904725    0.9429 0.9999   0.9566   1.0000   1.0000   0.9864   0.9998   1.0000   0.9994   1.0000   0.9998     249.915
 2562.00 3.903201    0.9461 0.9942   0.9651   1.0000   1.0000   0.9868   0.9998   1.0000   0.9994   1.0000   0.9998     249.969
 2563.00 3.901678    0.9621 0.9992   0.9761   1.0000   1.0000   0.9871   0.9998   1.0000   0.9994   1.0000   0.9998     250.007
 2564.00 3.900156    0.9491 0.9806   0.9809   1.0000   1.0000   0.9875   0.9998   1.0000   0.9994   1.0000   0.9998     250.058
 2565.00 3.898635    0.9456 0.9881   0.9695   1.0000   1.0000   0.9878   0.9998   1.0000   0.9994   1.0000   0.9998     250.113
 2566.00 3.897116    0.9454 0.9994   0.9582   1.0000   1.0000   0.9880   0.9998   1.0000   0.9994   1.0000   0.9998     250.167
 2567.00 3.895598    0.8965 0.9988   0.9091   1.0000   1.0000   0.9882   0.9998   1.0000   0.9994   1.0000   0.9998     250.271
 2568.00 3.894081    0.9129 0.9998   0.9246   1.0000   1.0000   0.9883   0.9998   1.0000   0.9994   1.0000   0.9998     250.358
 2569.00 3.892565    0.9068 0.9995   0.9186   1.0000   1.0000   0.9885   0.9998   1.0000   0.9994   1.0000   0.9998     250.451
 2570.00 3.891051    0.8963 0.9963   0.9106   1.0000   1.0000   0.9887   0.9998   1.0000   0.9994   1.0000   0.9998     250.555
 2571.00 3.889537    0.8399 0.9933   0.8557   1.0000   1.0000   0.9889   0.9998   1.0000   0.9994   1.0000   0.9998     250.715
 2572.00 3.888025    0.8970 0.9995   0.9082   1.0000   1.0000   0.9890   0.9998   1.0000   0.9994   1.0000   0.9998     250.818
 2573.00 3.886514    0.8931 0.9995   0.9039   1.0000   1.0000   0.9892   0.9998   1.0000   0.9994   1.0000   0.9998     250.925
 2574.00 3.885004    0.8246 0.9940   0.8392   1.0000   1.0000   0.9894   0.9998   1.0000   0.9994   1.0000   0.9998     251.100
 2575.00 3.883495    0.8922 0.9997   0.9026   1.0000   1.0000   0.9896   0.9998   1.0000   0.9994   1.0000   0.9998     251.208
 2576.00 3.881988    0.8891 0.9992   0.8998   1.0000   1.0000   0.9897   0.9998   1.0000   0.9994   1.0000   0.9998     251.319
 2577.00 3.880481    0.8275 0.9885   0.8464   1.0000   1.0000   0.9899   0.9998   1.0000   0.9994   1.0000   0.9998     251.491
 2578.00 3.878976    0.8973 0.9987   0.9082   1.0000   1.0000   0.9901   0.9998   1.0000   0.9994   1.0000   0.9998     251.594
 2579.00 3.877472    0.8269 0.9790   0.8537   1.0000   1.0000   0.9902   0.9998   1.0000   0.9994   1.0000   0.9998     251.767
 2580.00 3.875969    0.9057 0.9993   0.9158   1.0000   1.0000   0.9904   0.9998   1.0000   0.9994   1.0000   0.9998     251.861
 2581.00 3.874467    0.8551 0.9888   0.8737   1.0000   1.0000   0.9907   0.9998   1.0000   0.9994   1.0000   0.9998     252.006
 2582.00 3.872967    0.8982 0.9840   0.9219   1.0000   1.0000   0.9909   0.9998   1.0000   0.9994   1.0000   0.9998     252.108
 2583.00 3.871467    0.8822 0.9985   0.8921   1.0000   1.0000   0.9912   0.9998   1.0000   0.9994   1.0000   0.9998     252.226
 2584.00 3.869969    0.9257 0.9998   0.9346   1.0000   1.0000   0.9915   0.9998   1.0000   0.9994   1.0000   0.9998     252.300
 2585.00 3.868472    0.8886 0.9896   0.9061   1.0000   1.0000   0.9917   0.9998   1.0000   0.9994   1.0000   0.9998     252.412
 2586.00 3.866976    0.9434 0.9991   0.9526   1.0000   1.0000   0.9920   0.9998   1.0000   0.9994   1.0000   0.9998     252.468
 2587.00 3.865481    0.9192 0.9997   0.9274   1.0000   1.0000   0.9922   0.9998   1.0000   0.9994   1.0000   0.9998     252.549
 2588.00 3.863988    0.9350 0.9993   0.9435   1.0000   1.0000   0.9925   0.9998   1.0000   0.9994   1.0000   0.9998     252.614
 2589.00 3.862495    0.9467 0.9883   0.9657   1.0000   1.0000   0.9928   0.9998   1.0000   0.9994   1.0000   0.9998     252.667
 2590.00 3.861004    0.9409 0.9931   0.9549   1.0000   1.0000   0.9930   0.9998   1.0000   0.9994   1.0000   0.9998     252.726
 2591.00 3.859514    0.9297 0.9676   0.9682   1.0000   1.0000   0.9931   0.9998   1.0000   0.9994   1.0000   0.9998     252.797
 2592.00 3.858025    0.9623 0.9971   0.9726   1.0000   1.0000   0.9932   0.9998   1.0000   0.9994   1.0000   0.9998     252.834
 2593.00 3.856537    0.9469 0.9790   0.9746   1.0000   1.0000   0.9933   0.9998   1.0000   0.9994   1.0000   0.9998     252.887
 2594.00 3.855050    0.9599 0.9805   0.9864   1.0000   1.0000   0.9934   0.9998   1.0000   0.9994   1.0000   0.9998     252.928
 2595.00 3.853565    0.9726 0.9993   0.9805   1.0000   1.0000   0.9935   0.9998   1.0000   0.9994   1.0000   0.9998     252.955
 2596.00 3.852080    0.9755 0.9988   0.9838   1.0000   1.0000   0.9935   0.9998   1.0000   0.9994   1.0000   0.9998     252.979
 2597.00 3.850597    0.9544 0.9808   0.9802   1.0000   1.0000   0.9936   0.9998   1.0000   0.9994   1.0000   0.9998     253.025
 2598.00 3.849115    0.9751 0.9995   0.9826   1.0000   1.0000   0.9937   0.9998   1.0000   0.9994   1.0000   0.9998     253.050
 2599.00 3.847634    0.9600 0.9995   0.9673   1.0000   1.0000   0.9938   0.9998   1.0000   0.9994   1.0000   0.9998     253.090


   FREQ WAVELENGTH    TOTAL   H2O     CO2+     OZONE    TRACE  N2 CONT  H2O CONT MOL SCAT  AER&CLD  HNO3    AER&CLD  INTEGRATED
   1/CM   MICRONS     TRANS  TRANS    TRANS    TRANS    TRANS   TRANS    TRANS    TRANS     TRANS   TRANS   TAU-ABS  ABSORPTION
 2600.00 3.846154    0.9632 0.9984   0.9715   1.0000   1.0000   0.9939   0.9998   1.0000   0.9994   1.0000   0.9998     253.127
 2601.00 3.844675    0.9569 0.9725   0.9906   1.0000   1.0000   0.9941   0.9997   1.0000   0.9994   1.0000   0.9998     253.170
 2602.00 3.843198    0.9723 0.9994   0.9793   1.0000   1.0000   0.9942   0.9997   1.0000   0.9994   1.0000   0.9998     253.198
 2603.00 3.841721    0.9813 0.9997   0.9879   1.0000   1.0000   0.9944   0.9997   1.0000   0.9994   1.0000   0.9998     253.216
 2604.00 3.840246    0.9759 0.9991   0.9830   1.0000   1.0000   0.9946   0.9997   1.0000   0.9994   1.0000   0.9998     253.240
 2605.00 3.838772    0.9682 0.9817   0.9923   1.0000   1.0000   0.9948   0.9997   1.0000   0.9994   1.0000   0.9998     253.272
 2606.00 3.837299    0.9536 0.9646   0.9945   1.0000   1.0000   0.9949   0.9997   1.0000   0.9994   1.0000   0.9998     253.319
 2607.00 3.835827    0.9594 0.9712   0.9936   1.0000   1.0000   0.9951   0.9997   1.0000   0.9994   1.0000   0.9998     253.359
 2608.00 3.834356    0.9078 0.9182   0.9942   1.0000   1.0000   0.9953   0.9997   1.0000   0.9994   1.0000   0.9998     253.451
 2609.00 3.832886    0.9827 0.9961   0.9920   1.0000   1.0000   0.9955   0.9997   1.0000   0.9994   1.0000   0.9998     253.469
 2610.00 3.831418    0.9891 0.9984   0.9959   1.0000   1.0000   0.9956   0.9997   1.0000   0.9994   1.0000   0.9998     253.480
 2611.00 3.829950    0.9908 0.9986   0.9974   1.0000   1.0000   0.9957   0.9997   1.0000   0.9994   1.0000   0.9998     253.489
 2612.00 3.828484    0.9897 0.9961   0.9987   1.0000   1.0000   0.9958   0.9997   1.0000   0.9994   1.0000   0.9998     253.499
 2613.00 3.827019    0.9653 0.9713   0.9988   1.0000   1.0000   0.9959   0.9997   1.0000   0.9994   1.0000   0.9998     253.534
 2614.00 3.825555    0.9890 0.9992   0.9947   1.0000   1.0000   0.9960   0.9997   1.0000   0.9994   1.0000   0.9998     253.545
 2615.00 3.824092    0.9869 0.9998   0.9919   1.0000   1.0000   0.9961   0.9997   1.0000   0.9994   1.0000   0.9998     253.558
 2616.00 3.822630    0.9933 0.9998   0.9983   1.0000   1.0000   0.9962   0.9997   1.0000   0.9994   1.0000   0.9998     253.565
 2617.00 3.821169    0.9932 0.9997   0.9981   1.0000   1.0000   0.9962   0.9997   1.0000   0.9994   1.0000   0.9998     253.571
 2618.00 3.819710    0.9751 0.9986   0.9809   1.0000   1.0000   0.9963   0.9997   1.0000   0.9994   1.0000   0.9998     253.596
 2619.00 3.818251    0.9881 0.9974   0.9951   1.0000   1.0000   0.9964   0.9997   1.0000   0.9994   1.0000   0.9998     253.608
 2620.00 3.816794    0.9488 0.9586   0.9941   1.0000   1.0000   0.9965   0.9997   1.0000   0.9994   1.0000   0.9998     253.660
 2621.00 3.815338    0.9881 0.9946   0.9978   1.0000   1.0000   0.9966   0.9997   1.0000   0.9994   1.0000   0.9998     253.671
 2622.00 3.813883    0.8885 0.8966   0.9953   1.0000   1.0000   0.9966   0.9997   1.0000   0.9994   1.0000   0.9998     253.783
 2623.00 3.812428    0.9330 0.9471   0.9894   1.0000   1.0000   0.9967   0.9997   1.0000   0.9994   1.0000   0.9998     253.850
 2624.00 3.810976    0.9637 0.9722   0.9955   1.0000   1.0000   0.9967   0.9997   1.0000   0.9994   1.0000   0.9998     253.886
 2625.00 3.809524    0.9419 0.9492   0.9965   1.0000   1.0000   0.9968   0.9997   1.0000   0.9994   1.0000   0.9998     253.944
 2626.00 3.808073    0.9839 0.9973   0.9906   1.0000   1.0000   0.9968   0.9997   1.0000   0.9994   1.0000   0.9998     253.960
 2627.00 3.806623    0.9903 0.9991   0.9953   1.0000   1.0000   0.9969   0.9997   1.0000   0.9994   1.0000   0.9998     253.970
 2628.00 3.805175    0.9515 0.9607   0.9944   1.0000   1.0000   0.9969   0.9997   1.0000   0.9994   1.0000   0.9998     254.019
 2629.00 3.803728    0.9820 0.9956   0.9903   1.0000   1.0000   0.9970   0.9997   1.0000   0.9994   1.0000   0.9998     254.037
 2630.00 3.802281    0.9853 0.9969   0.9923   1.0000   1.0000   0.9970   0.9997   1.0000   0.9994   1.0000   0.9998     254.051
 2631.00 3.800836    0.9850 0.9995   0.9894   1.0000   1.0000   0.9971   0.9997   1.0000   0.9994   1.0000   0.9998     254.066
 2632.00 3.799392    0.9911 0.9990   0.9960   1.0000   1.0000   0.9971   0.9997   1.0000   0.9994   1.0000   0.9998     254.075
 2633.00 3.797949    0.9724 0.9985   0.9776   1.0000   1.0000   0.9971   0.9996   1.0000   0.9994   1.0000   0.9998     254.103
 2634.00 3.796507    0.9884 0.9985   0.9937   1.0000   1.0000   0.9972   0.9996   1.0000   0.9994   1.0000   0.9998     254.114
 2635.00 3.795066    0.9827 0.9935   0.9928   1.0000   1.0000   0.9972   0.9996   1.0000   0.9994   1.0000   0.9998     254.132
 2636.00 3.793627    0.9289 0.9385   0.9935   1.0000   1.0000   0.9972   0.9996   1.0000   0.9994   1.0000   0.9998     254.203
 2637.00 3.792188    0.9268 0.9359   0.9940   1.0000   1.0000   0.9973   0.9996   1.0000   0.9994   1.0000   0.9998     254.276
 2638.00 3.790751    0.9700 0.9817   0.9917   1.0000   1.0000   0.9973   0.9996   1.0000   0.9994   1.0000   0.9998     254.306
 2639.00 3.789314    0.8859 0.8988   0.9892   1.0000   1.0000   0.9973   0.9996   1.0000   0.9994   1.0000   0.9998     254.420
 2640.00 3.787879    0.9872 0.9952   0.9956   1.0000   1.0000   0.9974   0.9996   1.0000   0.9994   1.0000   0.9998     254.433
 2641.00 3.786444    0.9909 0.9979   0.9966   1.0000   1.0000   0.9974   0.9996   1.0000   0.9994   1.0000   0.9998     254.442
 2642.00 3.785011    0.9384 0.9506   0.9907   1.0000   1.0000   0.9974   0.9996   1.0000   0.9994   1.0000   0.9998     254.503
 2643.00 3.783579    0.9634 0.9713   0.9955   1.0000   1.0000   0.9974   0.9996   1.0000   0.9994   1.0000   0.9998     254.540
 2644.00 3.782148    0.9446 0.9509   0.9970   1.0000   1.0000   0.9974   0.9996   1.0000   0.9994   1.0000   0.9998     254.595
 2645.00 3.780718    0.9869 0.9942   0.9963   1.0000   1.0000   0.9974   0.9996   1.0000   0.9994   1.0000   0.9998     254.609
 2646.00 3.779289    0.9856 0.9978   0.9914   1.0000   1.0000   0.9974   0.9996   1.0000   0.9994   1.0000   0.9998     254.623
 2647.00 3.777862    0.9881 0.9977   0.9940   1.0000   1.0000   0.9974   0.9996   1.0000   0.9994   1.0000   0.9998     254.635
 2648.00 3.776435    0.9892 0.9946   0.9982   1.0000   1.0000   0.9973   0.9996   1.0000   0.9994   1.0000   0.9998     254.646
 2649.00 3.775009    0.9140 0.9204   0.9968   1.0000   1.0000   0.9973   0.9996   1.0000   0.9994   1.0000   0.9998     254.732


   FREQ WAVELENGTH    TOTAL   H2O     CO2+     OZONE    TRACE  N2 CONT  H2O CONT MOL SCAT  AER&CLD  HNO3    AER&CLD  INTEGRATED
   1/CM   MICRONS     TRANS  TRANS    TRANS    TRANS    TRANS   TRANS    TRANS    TRANS     TRANS   TRANS   TAU-ABS  ABSORPTION
 2650.00 3.773585    0.9791 0.9913   0.9914   1.0000   1.0000   0.9973   0.9996   1.0000   0.9994   1.0000   0.9998     254.752
 2651.00 3.772161    0.9858 0.9950   0.9944   1.0000   1.0000   0.9973   0.9996   1.0000   0.9994   1.0000   0.9998     254.767
 2652.00 3.770739    0.9065 0.9168   0.9924   1.0000   1.0000   0.9973   0.9996   1.0000   0.9994   1.0000   0.9998     254.860
 2653.00 3.769318    0.9891 0.9951   0.9976   1.0000   1.0000   0.9974   0.9996   1.0000   0.9994   1.0000   0.9998     254.871
 2654.00 3.767898    0.9911 0.9960   0.9988   1.0000   1.0000   0.9974   0.9996   1.0000   0.9994   1.0000   0.9998     254.880
 2655.00 3.766478    0.9210 0.9302   0.9937   1.0000   1.0000   0.9974   0.9996   1.0000   0.9994   1.0000   0.9998     254.959
 2656.00 3.765060    0.9680 0.9904   0.9809   1.0000   1.0000   0.9974   0.9996   1.0000   0.9994   1.0000   0.9998     254.991
 2657.00 3.763643    0.9375 0.9441   0.9965   1.0000   1.0000   0.9974   0.9996   1.0000   0.9994   1.0000   0.9998     255.054
 2658.00 3.762227    0.9820 0.9913   0.9942   1.0000   1.0000   0.9974   0.9996   1.0000   0.9994   1.0000   0.9998     255.072
 2659.00 3.760812    0.9499 0.9547   0.9985   1.0000   1.0000   0.9974   0.9996   1.0000   0.9994   1.0000   0.9998     255.122
 2660.00 3.759398    0.9817 0.9870   0.9982   1.0000   1.0000   0.9974   0.9996   1.0000   0.9994   1.0000   0.9998     255.140
 2661.00 3.757986    0.9450 0.9488   0.9995   1.0000   1.0000   0.9975   0.9996   1.0000   0.9994   1.0000   0.9998     255.195
 2662.00 3.756574    0.9904 0.9956   0.9983   1.0000   1.0000   0.9975   0.9996   1.0000   0.9994   1.0000   0.9998     255.205
 2663.00 3.755163    0.8987 0.9056   0.9958   1.0000   1.0000   0.9976   0.9996   1.0000   0.9994   1.0000   0.9998     255.306
 2664.00 3.753754    0.9849 0.9893   0.9989   1.0000   1.0000   0.9976   0.9996   1.0000   0.9994   1.0000   0.9998     255.321
 2665.00 3.752345    0.9731 0.9940   0.9822   1.0000   1.0000   0.9977   0.9996   1.0000   0.9994   1.0000   0.9998     255.348
 2666.00 3.750938    0.9055 0.9124   0.9958   1.0000   1.0000   0.9977   0.9996   1.0000   0.9994   1.0000   0.9998     255.442
 2667.00 3.749531    0.9800 0.9914   0.9917   1.0000   1.0000   0.9977   0.9996   1.0000   0.9994   1.0000   0.9998     255.462
 2668.00 3.748126    0.9909 0.9990   0.9951   1.0000   1.0000   0.9978   0.9996   1.0000   0.9994   1.0000   0.9998     255.472
 2669.00 3.746722    0.9872 0.9988   0.9916   1.0000   1.0000   0.9978   0.9996   1.0000   0.9994   1.0000   0.9998     255.484
 2670.00 3.745318    0.9872 0.9975   0.9929   1.0000   1.0000   0.9978   0.9996   1.0000   0.9994   1.0000   0.9998     255.497
 2671.00 3.743916    0.9883 0.9959   0.9954   1.0000   1.0000   0.9979   0.9996   1.0000   0.9994   1.0000   0.9998     255.509
 2672.00 3.742515    0.9830 0.9904   0.9956   1.0000   1.0000   0.9979   0.9996   1.0000   0.9994   1.0000   0.9998     255.526
 2673.00 3.741115    0.9192 0.9252   0.9965   1.0000   1.0000   0.9980   0.9996   1.0000   0.9994   1.0000   0.9998     255.607
 2674.00 3.739716    0.9887 0.9977   0.9940   1.0000   1.0000   0.9981   0.9996   1.0000   0.9994   1.0000   0.9998     255.618
 2675.00 3.738318    0.9455 0.9518   0.9962   1.0000   1.0000   0.9981   0.9996   1.0000   0.9994   1.0000   0.9998     255.673
 2676.00 3.736921    0.9748 0.9886   0.9888   1.0000   1.0000   0.9982   0.9996   1.0000   0.9994   1.0000   0.9998     255.698
 2677.00 3.735525    0.9450 0.9496   0.9980   1.0000   1.0000   0.9983   0.9996   1.0000   0.9994   1.0000   0.9998     255.753
 2678.00 3.734130    0.8845 0.9045   0.9806   1.0000   1.0000   0.9983   0.9996   1.0000   0.9994   1.0000   0.9998     255.868
 2679.00 3.732736    0.9905 0.9950   0.9982   1.0000   1.0000   0.9984   0.9996   1.0000   0.9994   1.0000   0.9998     255.878
 2680.00 3.731343    0.9798 0.9927   0.9896   1.0000   1.0000   0.9984   0.9996   1.0000   0.9994   1.0000   0.9998     255.898
 2681.00 3.729952    0.8972 0.9091   0.9894   1.0000   1.0000   0.9985   0.9996   1.0000   0.9994   1.0000   0.9998     256.001
 2682.00 3.728561    0.9796 0.9971   0.9850   1.0000   1.0000   0.9985   0.9996   1.0000   0.9994   1.0000   0.9998     256.021
 2683.00 3.727171    0.9796 0.9986   0.9835   1.0000   1.0000   0.9986   0.9996   1.0000   0.9994   1.0000   0.9998     256.041
 2684.00 3.725782    0.9851 0.9993   0.9882   1.0000   1.0000   0.9986   0.9996   1.0000   0.9994   1.0000   0.9998     256.056
 2685.00 3.724395    0.9862 0.9976   0.9909   1.0000   1.0000   0.9987   0.9996   1.0000   0.9994   1.0000   0.9998     256.070
 2686.00 3.723008    0.9917 0.9944   0.9995   1.0000   1.0000   0.9987   0.9996   1.0000   0.9994   1.0000   0.9998     256.078
 2687.00 3.721623    0.9913 0.9947   0.9989   1.0000   1.0000   0.9988   0.9996   1.0000   0.9994   1.0000   0.9998     256.087
 2688.00 3.720238    0.9913 0.9940   0.9995   1.0000   1.0000   0.9988   0.9996   1.0000   0.9994   1.0000   0.9998     256.096
 2689.00 3.718855    0.9902 0.9957   0.9967   1.0000   1.0000   0.9988   0.9996   1.0000   0.9994   1.0000   0.9998     256.106
 2690.00 3.717472    0.9346 0.9379   0.9987   1.0000   1.0000   0.9989   0.9996   1.0000   0.9994   1.0000   0.9998     256.171
 2691.00 3.716091    0.9838 0.9983   0.9876   1.0000   1.0000   0.9989   0.9996   1.0000   0.9994   1.0000   0.9998     256.187
 2692.00 3.714710    0.9793 0.9932   0.9881   1.0000   1.0000   0.9990   0.9996   1.0000   0.9994   1.0000   0.9998     256.208
 2693.00 3.713331    0.9019 0.9099   0.9932   1.0000   1.0000   0.9990   0.9996   1.0000   0.9994   1.0000   0.9998     256.306
 2694.00 3.711952    0.9823 0.9950   0.9891   1.0000   1.0000   0.9991   0.9996   1.0000   0.9994   1.0000   0.9998     256.324
 2695.00 3.710575    0.9229 0.9261   0.9985   1.0000   1.0000   0.9991   0.9996   1.0000   0.9994   1.0000   0.9998     256.401
 2696.00 3.709199    0.9450 0.9918   0.9547   1.0000   1.0000   0.9991   0.9996   1.0000   0.9994   1.0000   0.9998     256.456
 2697.00 3.707824    0.9782 0.9978   0.9823   1.0000   1.0000   0.9992   0.9996   1.0000   0.9994   1.0000   0.9998     256.478
 2698.00 3.706449    0.9733 0.9968   0.9783   1.0000   1.0000   0.9992   0.9996   1.0000   0.9994   1.0000   0.9998     256.504
 2699.00 3.705076    0.9842 0.9880   0.9980   1.0000   1.0000   0.9993   0.9996   1.0000   0.9994   1.0000   0.9998     256.520


   FREQ WAVELENGTH    TOTAL   H2O     CO2+     OZONE    TRACE  N2 CONT  H2O CONT MOL SCAT  AER&CLD  HNO3    AER&CLD  INTEGRATED
   1/CM   MICRONS     TRANS  TRANS    TRANS    TRANS    TRANS   TRANS    TRANS    TRANS     TRANS   TRANS   TAU-ABS  ABSORPTION
 2700.00 3.703704    0.9960 0.9988   0.9990   1.0000   1.0000   0.9993   0.9996   1.0000   0.9994   1.0000   0.9998     256.524
 2701.00 3.702332    0.9971 0.9995   0.9994   1.0000   1.0000   0.9993   0.9996   1.0000   0.9994   1.0000   0.9998     256.527
 2702.00 3.700962    0.9866 0.9922   0.9962   1.0000   1.0000   0.9993   0.9996   1.0000   0.9994   1.0000   0.9998     256.540
 2703.00 3.699593    0.9900 0.9965   0.9953   1.0000   1.0000   0.9994   0.9996   1.0000   0.9994   1.0000   0.9998     256.550
 2704.00 3.698225    0.9923 0.9966   0.9975   1.0000   1.0000   0.9994   0.9996   1.0000   0.9994   1.0000   0.9998     256.558
 2705.00 3.696858    0.9833 0.9984   0.9866   1.0000   1.0000   0.9994   0.9996   1.0000   0.9994   1.0000   0.9998     256.575
 2706.00 3.695492    0.9756 0.9792   0.9980   1.0000   1.0000   0.9994   0.9996   1.0000   0.9994   1.0000   0.9998     256.599
 2707.00 3.694126    0.9832 0.9859   0.9989   1.0000   1.0000   0.9994   0.9996   1.0000   0.9994   1.0000   0.9998     256.616
 2708.00 3.692762    0.9442 0.9466   0.9991   1.0000   1.0000   0.9995   0.9996   1.0000   0.9994   1.0000   0.9998     256.672
 2709.00 3.691399    0.9703 0.9803   0.9915   1.0000   1.0000   0.9995   0.9996   1.0000   0.9994   1.0000   0.9998     256.701
 2710.00 3.690037    0.9829 0.9859   0.9986   1.0000   1.0000   0.9995   0.9996   1.0000   0.9994   1.0000   0.9998     256.719
 2711.00 3.688676    0.9472 0.9868   0.9613   1.0000   1.0000   0.9995   0.9996   1.0000   0.9994   1.0000   0.9998     256.771
 2712.00 3.687316    0.9183 0.9906   0.9285   1.0000   1.0000   0.9995   0.9996   1.0000   0.9993   1.0000   0.9998     256.853
 2713.00 3.685956    0.9875 0.9911   0.9978   1.0000   1.0000   0.9996   0.9996   1.0000   0.9993   1.0000   0.9998     256.866
 2714.00 3.684598    0.9819 0.9877   0.9956   1.0000   1.0000   0.9996   0.9996   1.0000   0.9993   1.0000   0.9998     256.884
 2715.00 3.683241    0.9259 0.9338   0.9931   1.0000   1.0000   0.9996   0.9996   1.0000   0.9993   1.0000   0.9998     256.958
 2716.00 3.681885    0.9398 0.9424   0.9987   1.0000   1.0000   0.9996   0.9996   1.0000   0.9993   1.0000   0.9998     257.018
 2717.00 3.680530    0.9560 0.9647   0.9924   1.0000   1.0000   0.9996   0.9996   1.0000   0.9993   1.0000   0.9998     257.062
 2718.00 3.679176    0.9521 0.9566   0.9968   1.0000   1.0000   0.9996   0.9996   1.0000   0.9993   1.0000   0.9998     257.110
 2719.00 3.677823    0.9243 0.9266   0.9989   1.0000   1.0000   0.9996   0.9996   1.0000   0.9993   1.0000   0.9998     257.186
 2720.00 3.676471    0.8356 0.8379   0.9987   1.0000   1.0000   0.9997   0.9996   1.0000   0.9993   1.0000   0.9998     257.350
 2721.00 3.675119    0.8411 0.8467   0.9948   1.0000   1.0000   0.9997   0.9996   1.0000   0.9993   1.0000   0.9998     257.509
 2722.00 3.673769    0.8397 0.8428   0.9977   1.0000   1.0000   0.9997   0.9996   1.0000   0.9993   1.0000   0.9998     257.669
 2723.00 3.672420    0.8140 0.8159   0.9991   1.0000   1.0000   0.9997   0.9996   1.0000   0.9993   1.0000   0.9998     257.855
 2724.00 3.671072    0.9202 0.9267   0.9944   1.0000   1.0000   0.9997   0.9996   1.0000   0.9993   1.0000   0.9998     257.935
 2725.00 3.669725    0.9837 0.9901   0.9949   1.0000   1.0000   0.9997   0.9996   1.0000   0.9993   1.0000   0.9998     257.951
 2726.00 3.668379    0.8880 0.9038   0.9840   1.0000   1.0000   0.9997   0.9996   1.0000   0.9993   1.0000   0.9998     258.063
 2727.00 3.667033    0.8838 0.9932   0.8911   1.0000   1.0000   0.9997   0.9996   1.0000   0.9993   1.0000   0.9998     258.180
 2728.00 3.665689    0.9886 0.9932   0.9968   1.0000   1.0000   0.9998   0.9996   1.0000   0.9993   1.0000   0.9998     258.191
 2729.00 3.664346    0.9907 0.9964   0.9956   1.0000   1.0000   0.9998   0.9996   1.0000   0.9993   1.0000   0.9998     258.200
 2730.00 3.663004    0.9656 0.9754   0.9913   0.9999   1.0000   0.9998   0.9996   1.0000   0.9993   1.0000   0.9998     258.235
 2731.00 3.661662    0.9592 0.9626   0.9979   0.9999   1.0000   0.9998   0.9996   1.0000   0.9993   1.0000   0.9998     258.276
 2732.00 3.660322    0.9893 0.9918   0.9989   0.9999   1.0000   0.9998   0.9996   1.0000   0.9993   1.0000   0.9998     258.286
 2733.00 3.658983    0.9925 0.9989   0.9950   0.9999   1.0000   0.9998   0.9996   1.0000   0.9993   1.0000   0.9998     258.294
 2734.00 3.657645    0.9927 0.9996   0.9945   0.9999   1.0000   0.9998   0.9996   1.0000   0.9993   1.0000   0.9998     258.301
 2735.00 3.656307    0.9940 0.9975   0.9978   0.9999   1.0000   0.9998   0.9996   1.0000   0.9993   1.0000   0.9998     258.307
 2736.00 3.654971    0.9793 0.9854   0.9952   0.9998   1.0000   0.9998   0.9996   1.0000   0.9993   1.0000   0.9998     258.328
 2737.00 3.653635    0.9734 0.9793   0.9956   0.9997   1.0000   0.9998   0.9996   1.0000   0.9993   1.0000   0.9998     258.354
 2738.00 3.652301    0.9717 0.9781   0.9949   0.9998   1.0000   0.9998   0.9996   1.0000   0.9993   1.0000   0.9998     258.383
 2739.00 3.650968    0.9282 0.9407   0.9880   0.9999   1.0000   0.9999   0.9996   1.0000   0.9993   1.0000   0.9998     258.454
 2740.00 3.649635    0.9917 0.9956   0.9974   0.9999   1.0000   0.9999   0.9996   1.0000   0.9993   1.0000   0.9998     258.463
 2741.00 3.648304    0.9504 0.9993   0.9524   0.9999   1.0000   0.9999   0.9996   1.0000   0.9993   1.0000   0.9998     258.512
 2742.00 3.646973    0.8916 0.9986   0.8940   0.9999   1.0000   0.9999   0.9996   1.0000   0.9993   1.0000   0.9998     258.621
 2743.00 3.645643    0.9535 0.9979   0.9568   0.9999   1.0000   0.9999   0.9996   1.0000   0.9993   1.0000   0.9998     258.667
 2744.00 3.644315    0.9813 0.9880   0.9944   0.9999   1.0000   1.0000   0.9996   1.0000   0.9993   1.0000   0.9998     258.686
 2745.00 3.642987    0.9921 0.9960   0.9973   0.9999   1.0000   1.0000   0.9996   1.0000   0.9993   1.0000   0.9998     258.694
 2746.00 3.641661    0.9900 0.9986   0.9926   0.9999   1.0000   1.0000   0.9996   1.0000   0.9993   1.0000   0.9998     258.704
 2747.00 3.640335    0.9786 0.9882   0.9915   0.9999   1.0000   1.0000   0.9996   1.0000   0.9993   1.0000   0.9998     258.725
 2748.00 3.639010    0.9857 0.9945   0.9924   0.9998   1.0000   1.0000   0.9996   1.0000   0.9993   1.0000   0.9998     258.740
 2749.00 3.637686    0.9849 0.9993   0.9869   0.9999   1.0000   1.0000   0.9996   1.0000   0.9993   1.0000   0.9998     258.755


   FREQ WAVELENGTH    TOTAL   H2O     CO2+     OZONE    TRACE  N2 CONT  H2O CONT MOL SCAT  AER&CLD  HNO3    AER&CLD  INTEGRATED
   1/CM   MICRONS     TRANS  TRANS    TRANS    TRANS    TRANS   TRANS    TRANS    TRANS     TRANS   TRANS   TAU-ABS  ABSORPTION
 2750.00 3.636364    0.9782 0.9924   0.9869   0.9999   1.0000   1.0000   0.9996   1.0000   0.9993   1.0000   0.9998     258.777
 2751.00 3.635042    0.9205 0.9328   0.9881   0.9998   1.0000   1.0000   0.9996   1.0000   0.9993   1.0000   0.9998     258.856
 2752.00 3.633721    0.9803 0.9841   0.9976   0.9998   1.0000   1.0000   0.9996   1.0000   0.9993   1.0000   0.9998     258.876
 2753.00 3.632401    0.9730 0.9801   0.9941   0.9998   1.0000   1.0000   0.9996   1.0000   0.9993   1.0000   0.9998     258.903
 2754.00 3.631082    0.9232 0.9292   0.9949   0.9997   1.0000   1.0000   0.9996   1.0000   0.9993   1.0000   0.9998     258.979
 2755.00 3.629764    0.9941 0.9972   0.9983   0.9997   1.0000   1.0000   0.9996   1.0000   0.9993   1.0000   0.9998     258.985
 2756.00 3.628447    0.9607 0.9916   0.9701   0.9998   1.0000   1.0000   0.9996   1.0000   0.9993   1.0000   0.9998     259.025
 2757.00 3.627131    0.8902 0.9352   0.9533   0.9997   1.0000   1.0000   0.9996   1.0000   0.9993   1.0000   0.9998     259.135
 2758.00 3.625816    0.9286 0.9906   0.9386   0.9998   1.0000   1.0000   0.9996   1.0000   0.9993   1.0000   0.9998     259.206
 2759.00 3.624502    0.9824 0.9898   0.9939   0.9996   1.0000   1.0000   0.9996   1.0000   0.9993   1.0000   0.9998     259.224
 2760.00 3.623188    0.9883 0.9984   0.9915   0.9996   1.0000   1.0000   0.9996   1.0000   0.9993   1.0000   0.9998     259.235
 2761.00 3.621876    0.9843 0.9992   0.9865   0.9997   1.0000   1.0000   0.9996   1.0000   0.9993   1.0000   0.9998     259.251
 2762.00 3.620565    0.9830 0.9944   0.9900   0.9996   1.0000   1.0000   0.9996   1.0000   0.9993   1.0000   0.9998     259.268
 2763.00 3.619254    0.9880 0.9972   0.9922   0.9997   1.0000   1.0000   0.9996   1.0000   0.9993   1.0000   0.9998     259.280
 2764.00 3.617945    0.9844 0.9910   0.9950   0.9995   1.0000   1.0000   0.9996   1.0000   0.9993   1.0000   0.9998     259.296
 2765.00 3.616637    0.9138 0.9192   0.9959   0.9994   1.0000   1.0000   0.9996   1.0000   0.9993   1.0000   0.9998     259.382
 2766.00 3.615329    0.9908 0.9953   0.9970   0.9996   1.0000   1.0000   0.9996   1.0000   0.9993   1.0000   0.9998     259.391
 2767.00 3.614022    0.8880 0.8960   0.9929   0.9994   1.0000   1.0000   0.9996   1.0000   0.9993   1.0000   0.9998     259.503
 2768.00 3.612717    0.9559 0.9866   0.9704   0.9996   1.0000   1.0000   0.9996   1.0000   0.9993   1.0000   0.9998     259.547
 2769.00 3.611412    0.9389 0.9538   0.9861   0.9994   1.0000   1.0000   0.9996   1.0000   0.9993   1.0000   0.9998     259.608
 2770.00 3.610108    0.9420 0.9501   0.9930   0.9995   1.0000   1.0000   0.9996   1.0000   0.9993   1.0000   0.9998     259.666
 2771.00 3.608805    0.9785 0.9946   0.9855   0.9994   1.0000   1.0000   0.9996   1.0000   0.9993   1.0000   0.9998     259.688
 2772.00 3.607504    0.8143 0.9139   0.8926   0.9994   1.0000   1.0000   0.9996   1.0000   0.9993   1.0000   0.9998     259.873
 2773.00 3.606203    0.9358 0.9919   0.9451   0.9995   1.0000   1.0000   0.9996   1.0000   0.9993   1.0000   0.9998     259.937
 2774.00 3.604903    0.9560 0.9984   0.9592   0.9994   1.0000   1.0000   0.9996   1.0000   0.9993   1.0000   0.9998     259.981
 2775.00 3.603604    0.9873 0.9989   0.9900   0.9995   1.0000   1.0000   0.9996   1.0000   0.9993   1.0000   0.9998     259.994
 2776.00 3.602305    0.9876 0.9971   0.9921   0.9995   1.0000   1.0000   0.9996   1.0000   0.9993   1.0000   0.9998     260.007
 2777.00 3.601008    0.8966 0.9100   0.9869   0.9996   1.0000   1.0000   0.9996   1.0000   0.9993   1.0000   0.9998     260.110
 2778.00 3.599712    0.9725 0.9871   0.9868   0.9996   1.0000   1.0000   0.9996   1.0000   0.9993   1.0000   0.9998     260.137
 2779.00 3.598417    0.9781 0.9960   0.9835   0.9997   1.0000   1.0000   0.9996   1.0000   0.9993   1.0000   0.9998     260.159
 2780.00 3.597122    0.8925 0.9015   0.9916   0.9997   1.0000   1.0000   0.9996   1.0000   0.9993   1.0000   0.9998     260.267
 2781.00 3.595829    0.9711 0.9966   0.9759   0.9997   1.0000   1.0000   0.9996   1.0000   0.9993   1.0000   0.9998     260.296
 2782.00 3.594536    0.9823 0.9933   0.9904   0.9996   1.0000   1.0000   0.9996   1.0000   0.9993   1.0000   0.9998     260.313
 2783.00 3.593245    0.8723 0.8886   0.9832   0.9996   1.0000   1.0000   0.9996   1.0000   0.9993   1.0000   0.9998     260.441
 2784.00 3.591954    0.9432 0.9877   0.9570   0.9991   1.0000   1.0000   0.9996   1.0000   0.9993   1.0000   0.9998     260.498
 2785.00 3.590664    0.9666 0.9882   0.9806   0.9986   1.0000   1.0000   0.9996   1.0000   0.9993   1.0000   0.9998     260.531
 2786.00 3.589375    0.9209 0.9384   0.9826   0.9999   1.0000   1.0000   0.9996   1.0000   0.9993   1.0000   0.9998     260.610
 2787.00 3.588088    0.9016 0.9177   0.9837   1.0000   1.0000   1.0000   0.9996   1.0000   0.9993   1.0000   0.9998     260.709
 2788.00 3.586801    0.9336 0.9874   0.9468   0.9998   1.0000   1.0000   0.9996   1.0000   0.9993   1.0000   0.9998     260.775
 2789.00 3.585515    0.9050 0.9738   0.9306   0.9998   1.0000   1.0000   0.9996   1.0000   0.9993   1.0000   0.9998     260.870
 2790.00 3.584229    0.8971 0.9270   0.9692   0.9998   1.0000   1.0000   0.9995   1.0000   0.9993   1.0000   0.9998     260.973
 2791.00 3.582945    0.9649 0.9888   0.9776   0.9994   1.0000   1.0000   0.9995   1.0000   0.9993   1.0000   0.9998     261.008
 2792.00 3.581662    0.8369 0.9151   0.9162   0.9994   1.0000   1.0000   0.9996   1.0000   0.9993   1.0000   0.9998     261.171
 2793.00 3.580379    0.9708 0.9977   0.9750   0.9992   1.0000   1.0000   0.9996   1.0000   0.9993   1.0000   0.9998     261.201
 2794.00 3.579098    0.9716 0.9988   0.9746   0.9993   1.0000   1.0000   0.9996   1.0000   0.9993   1.0000   0.9998     261.229
 2795.00 3.577817    0.9578 0.9953   0.9645   0.9990   1.0000   1.0000   0.9996   1.0000   0.9993   1.0000   0.9998     261.271
 2796.00 3.576538    0.9139 0.9391   0.9754   0.9989   1.0000   1.0000   0.9996   1.0000   0.9993   1.0000   0.9998     261.357
 2797.00 3.575259    0.8931 0.9482   0.9440   0.9990   1.0000   1.0000   0.9996   1.0000   0.9993   1.0000   0.9998     261.464
 2798.00 3.573982    0.8632 0.9598   0.9014   0.9990   1.0000   1.0000   0.9996   1.0000   0.9993   1.0000   0.9998     261.601
 2799.00 3.572705    0.9349 0.9881   0.9482   0.9990   1.0000   1.0000   0.9996   1.0000   0.9993   1.0000   0.9998     261.666


   FREQ WAVELENGTH    TOTAL   H2O     CO2+     OZONE    TRACE  N2 CONT  H2O CONT MOL SCAT  AER&CLD  HNO3    AER&CLD  INTEGRATED
   1/CM   MICRONS     TRANS  TRANS    TRANS    TRANS    TRANS   TRANS    TRANS    TRANS     TRANS   TRANS   TAU-ABS  ABSORPTION
 2800.00 3.571429    0.9362 0.9819   0.9556   0.9990   1.0000   1.0000   0.9996   1.0000   0.9993   1.0000   0.9998     261.730
 2801.00 3.570153    0.9027 0.9096   0.9946   0.9991   1.0000   1.0000   0.9996   1.0000   0.9993   1.0000   0.9998     261.827
 2802.00 3.568879    0.9116 0.9189   0.9939   0.9993   1.0000   1.0000   0.9996   1.0000   0.9993   1.0000   0.9998     261.916
 2803.00 3.567606    0.8712 0.9279   0.9404   0.9996   1.0000   1.0000   0.9996   1.0000   0.9993   1.0000   0.9998     262.044
 2804.00 3.566334    0.9332 0.9907   0.9434   0.9997   1.0000   1.0000   0.9996   1.0000   0.9993   1.0000   0.9998     262.111
 2805.00 3.565062    0.9304 0.9967   0.9347   0.9999   1.0000   1.0000   0.9996   1.0000   0.9993   1.0000   0.9998     262.181
 2806.00 3.563792    0.9751 0.9973   0.9790   1.0000   1.0000   1.0000   0.9996   1.0000   0.9993   1.0000   0.9998     262.206
 2807.00 3.562522    0.9871 0.9939   0.9943   1.0000   1.0000   1.0000   0.9996   1.0000   0.9993   1.0000   0.9998     262.219
 2808.00 3.561254    0.9869 0.9983   0.9898   1.0000   1.0000   1.0000   0.9996   1.0000   0.9993   1.0000   0.9998     262.232
 2809.00 3.559986    0.8902 0.9460   0.9421   1.0000   1.0000   1.0000   0.9996   1.0000   0.9993   1.0000   0.9998     262.341
 2810.00 3.558719    0.9756 0.9939   0.9828   1.0000   1.0000   1.0000   0.9996   1.0000   0.9993   1.0000   0.9998     262.366
 2811.00 3.557453    0.9384 0.9535   0.9853   1.0000   1.0000   1.0000   0.9996   1.0000   0.9993   1.0000   0.9998     262.427
 2812.00 3.556188    0.9709 0.9867   0.9852   1.0000   1.0000   1.0000   0.9996   1.0000   0.9993   1.0000   0.9998     262.457
 2813.00 3.554924    0.8786 0.9141   0.9623   1.0000   1.0000   1.0000   0.9996   1.0000   0.9993   1.0000   0.9998     262.578
 2814.00 3.553660    0.9025 0.9455   0.9557   1.0000   1.0000   1.0000   0.9996   1.0000   0.9992   1.0000   0.9998     262.675
 2815.00 3.552398    0.9197 0.9348   0.9851   1.0000   1.0000   1.0000   0.9996   1.0000   0.9992   1.0000   0.9998     262.756
 2816.00 3.551136    0.9707 0.9894   0.9822   1.0000   1.0000   1.0000   0.9996   1.0000   0.9992   1.0000   0.9998     262.785
 2817.00 3.549876    0.9188 0.9549   0.9633   1.0000   1.0000   1.0000   0.9996   1.0000   0.9992   1.0000   0.9998     262.866
 2818.00 3.548616    0.9836 0.9980   0.9867   1.0000   1.0000   1.0000   0.9996   1.0000   0.9992   1.0000   0.9998     262.883
 2819.00 3.547357    0.8817 0.9558   0.9236   1.0000   1.0000   1.0000   0.9996   1.0000   0.9992   1.0000   0.9998     263.001
 2820.00 3.546099    0.9461 0.9936   0.9533   1.0000   1.0000   1.0000   0.9996   1.0000   0.9992   1.0000   0.9998     263.055
 2821.00 3.544842    0.9288 0.9872   0.9419   1.0000   1.0000   1.0000   0.9996   1.0000   0.9992   1.0000   0.9998     263.126
 2822.00 3.543586    0.8874 0.9486   0.9367   1.0000   1.0000   1.0000   0.9996   1.0000   0.9992   1.0000   0.9998     263.239
 2823.00 3.542331    0.8971 0.9891   0.9080   1.0000   1.0000   1.0000   0.9996   1.0000   0.9992   1.0000   0.9998     263.342
 2824.00 3.541076    0.8757 0.9452   0.9275   1.0000   1.0000   1.0000   0.9996   1.0000   0.9992   1.0000   0.9998     263.466
 2825.00 3.539823    0.8736 0.9475   0.9231   1.0000   1.0000   1.0000   0.9996   1.0000   0.9992   1.0000   0.9998     263.592
 2826.00 3.538570    0.9196 0.9982   0.9223   1.0000   1.0000   1.0000   0.9996   1.0000   0.9992   1.0000   0.9998     263.673
 2827.00 3.537319    0.9556 0.9622   0.9943   1.0000   1.0000   1.0000   0.9996   1.0000   0.9992   1.0000   0.9998     263.717
 2828.00 3.536068    0.8232 0.9541   0.8638   1.0000   1.0000   1.0000   0.9996   1.0000   0.9992   1.0000   0.9998     263.894
 2829.00 3.534818    0.9380 0.9932   0.9455   1.0000   1.0000   1.0000   0.9996   1.0000   0.9992   1.0000   0.9998     263.956
 2830.00 3.533569    0.9071 0.9549   0.9510   1.0000   1.0000   1.0000   0.9996   1.0000   0.9992   1.0000   0.9998     264.049
 2831.00 3.532321    0.9702 0.9975   0.9737   1.0000   1.0000   1.0000   0.9996   1.0000   0.9992   1.0000   0.9998     264.079
 2832.00 3.531073    0.9312 0.9699   0.9613   1.0000   1.0000   1.0000   0.9996   1.0000   0.9992   1.0000   0.9998     264.148
 2833.00 3.529827    0.9857 0.9919   0.9949   1.0000   1.0000   1.0000   0.9996   1.0000   0.9992   1.0000   0.9998     264.162
 2834.00 3.528582    0.9501 0.9739   0.9767   1.0000   1.0000   1.0000   0.9996   1.0000   0.9992   1.0000   0.9998     264.212
 2835.00 3.527337    0.9090 0.9599   0.9481   1.0000   1.0000   1.0000   0.9996   1.0000   0.9992   1.0000   0.9998     264.303
 2836.00 3.526093    0.9747 0.9945   0.9812   1.0000   1.0000   1.0000   0.9996   1.0000   0.9992   1.0000   0.9998     264.328
 2837.00 3.524850    0.9912 0.9981   0.9942   1.0000   1.0000   1.0000   0.9996   1.0000   0.9992   1.0000   0.9998     264.337
 2838.00 3.523608    0.9419 0.9469   0.9959   1.0000   1.0000   1.0000   0.9997   1.0000   0.9992   1.0000   0.9998     264.395
 2839.00 3.522367    0.9916 0.9957   0.9971   1.0000   1.0000   1.0000   0.9997   1.0000   0.9992   1.0000   0.9998     264.403
 2840.00 3.521127    0.9661 0.9884   0.9786   1.0000   1.0000   1.0000   0.9997   1.0000   0.9992   1.0000   0.9998     264.437
 2841.00 3.519887    0.9705 0.9830   0.9885   1.0000   1.0000   1.0000   0.9997   1.0000   0.9992   1.0000   0.9998     264.467
 2842.00 3.518649    0.9751 0.9827   0.9934   1.0000   1.0000   1.0000   0.9997   1.0000   0.9992   1.0000   0.9998     264.492
 2843.00 3.517411    0.9717 0.9843   0.9883   1.0000   1.0000   1.0000   0.9997   1.0000   0.9992   1.0000   0.9998     264.520
 2844.00 3.516174    0.9712 0.9785   0.9938   1.0000   1.0000   1.0000   0.9997   1.0000   0.9992   1.0000   0.9998     264.549
 2845.00 3.514939    0.9528 0.9663   0.9871   1.0000   1.0000   1.0000   0.9997   1.0000   0.9992   1.0000   0.9998     264.596
 2846.00 3.513703    0.9716 0.9770   0.9956   1.0000   1.0000   1.0000   0.9997   1.0000   0.9992   1.0000   0.9998     264.624
 2847.00 3.512469    0.9853 0.9930   0.9934   1.0000   1.0000   1.0000   0.9997   1.0000   0.9992   1.0000   0.9998     264.639
 2848.00 3.511236    0.9275 0.9911   0.9369   1.0000   1.0000   1.0000   0.9997   1.0000   0.9992   1.0000   0.9998     264.712
 2849.00 3.510004    0.9628 0.9831   0.9805   1.0000   1.0000   1.0000   0.9997   1.0000   0.9992   1.0000   0.9998     264.749


   FREQ WAVELENGTH    TOTAL   H2O     CO2+     OZONE    TRACE  N2 CONT  H2O CONT MOL SCAT  AER&CLD  HNO3    AER&CLD  INTEGRATED
   1/CM   MICRONS     TRANS  TRANS    TRANS    TRANS    TRANS   TRANS    TRANS    TRANS     TRANS   TRANS   TAU-ABS  ABSORPTION
 2850.00 3.508772    0.9884 0.9918   0.9977   1.0000   1.0000   1.0000   0.9997   1.0000   0.9992   1.0000   0.9998     264.760
 2851.00 3.507541    0.9700 0.9795   0.9915   1.0000   1.0000   1.0000   0.9997   1.0000   0.9992   1.0000   0.9998     264.790
 2852.00 3.506311    0.9804 0.9948   0.9866   1.0000   1.0000   1.0000   0.9997   1.0000   0.9992   1.0000   0.9998     264.810
 2853.00 3.505082    0.9836 0.9992   0.9855   1.0000   1.0000   1.0000   0.9997   1.0000   0.9992   1.0000   0.9998     264.826
 2854.00 3.503854    0.9040 0.9865   0.9174   1.0000   1.0000   1.0000   0.9997   1.0000   0.9992   1.0000   0.9998     264.922
 2855.00 3.502627    0.9422 0.9726   0.9699   1.0000   1.0000   1.0000   0.9997   1.0000   0.9992   1.0000   0.9998     264.980
 2856.00 3.501400    0.9778 0.9826   0.9963   1.0000   1.0000   1.0000   0.9997   1.0000   0.9992   1.0000   0.9998     265.002
 2857.00 3.500175    0.9497 0.9933   0.9572   1.0000   1.0000   1.0000   0.9997   1.0000   0.9992   1.0000   0.9997     265.053
 2858.00 3.498950    0.9488 0.9983   0.9515   1.0000   1.0000   1.0000   0.9997   1.0000   0.9992   1.0000   0.9997     265.104
 2859.00 3.497726    0.9761 0.9838   0.9933   1.0000   1.0000   1.0000   0.9997   1.0000   0.9992   1.0000   0.9997     265.128
 2860.00 3.496504    0.9831 0.9985   0.9857   1.0000   1.0000   1.0000   0.9997   1.0000   0.9992   1.0000   0.9997     265.145
 2861.00 3.495281    0.9822 0.9904   0.9929   1.0000   1.0000   1.0000   0.9997   1.0000   0.9992   1.0000   0.9997     265.162
 2862.00 3.494060    0.9387 0.9895   0.9497   1.0000   1.0000   1.0000   0.9997   1.0000   0.9992   1.0000   0.9997     265.224
 2863.00 3.492840    0.9336 0.9950   0.9395   1.0000   1.0000   1.0000   0.9997   1.0000   0.9992   1.0000   0.9997     265.290
 2864.00 3.491620    0.9386 0.9727   0.9661   1.0000   1.0000   1.0000   0.9997   1.0000   0.9992   1.0000   0.9997     265.351
 2865.00 3.490402    0.9108 0.9915   0.9196   1.0000   1.0000   1.0000   0.9997   1.0000   0.9992   1.0000   0.9997     265.441
 2866.00 3.489183    0.8967 0.9897   0.9071   1.0000   1.0000   1.0000   0.9997   1.0000   0.9992   1.0000   0.9997     265.544
 2867.00 3.487967    0.9221 0.9769   0.9450   1.0000   1.0000   1.0000   0.9997   1.0000   0.9992   1.0000   0.9997     265.622
 2868.00 3.486750    0.9585 0.9903   0.9690   1.0000   1.0000   1.0000   0.9997   1.0000   0.9992   1.0000   0.9997     265.663
 2869.00 3.485535    0.9458 0.9976   0.9493   1.0000   1.0000   1.0000   0.9997   1.0000   0.9992   1.0000   0.9997     265.717
 2870.00 3.484321    0.9868 0.9990   0.9889   1.0000   1.0000   1.0000   0.9997   1.0000   0.9992   1.0000   0.9997     265.731
 2871.00 3.483107    0.9468 0.9693   0.9780   1.0000   1.0000   1.0000   0.9997   1.0000   0.9992   1.0000   0.9997     265.784
 2872.00 3.481894    0.9663 0.9946   0.9727   1.0000   1.0000   1.0000   0.9997   1.0000   0.9992   1.0000   0.9997     265.818
 2873.00 3.480682    0.9615 0.9901   0.9723   1.0000   1.0000   1.0000   0.9996   1.0000   0.9992   1.0000   0.9997     265.856
 2874.00 3.479471    0.9277 0.9978   0.9309   1.0000   1.0000   1.0000   0.9996   1.0000   0.9992   1.0000   0.9997     265.928
 2875.00 3.478261    0.8505 0.9970   0.8541   1.0000   1.0000   1.0000   0.9996   1.0000   0.9992   1.0000   0.9997     266.078
 2876.00 3.477051    0.8938 0.9946   0.8998   1.0000   1.0000   1.0000   0.9996   1.0000   0.9992   1.0000   0.9997     266.184
 2877.00 3.475843    0.9375 0.9908   0.9474   1.0000   1.0000   1.0000   0.9996   1.0000   0.9992   1.0000   0.9997     266.247
 2878.00 3.474635    0.9164 0.9929   0.9242   1.0000   1.0000   1.0000   0.9996   1.0000   0.9992   1.0000   0.9997     266.330
 2879.00 3.473428    0.9504 0.9751   0.9759   1.0000   1.0000   1.0000   0.9996   1.0000   0.9992   1.0000   0.9997     266.380
 2880.00 3.472222    0.9221 0.9361   0.9862   1.0000   1.0000   1.0000   0.9996   1.0000   0.9992   1.0000   0.9997     266.458
 2881.00 3.471017    0.9803 0.9927   0.9887   1.0000   1.0000   1.0000   0.9996   1.0000   0.9992   1.0000   0.9997     266.477
 2882.00 3.469813    0.9913 0.9991   0.9934   1.0000   1.0000   1.0000   0.9996   1.0000   0.9992   1.0000   0.9997     266.486
 2883.00 3.468609    0.9446 0.9963   0.9493   1.0000   1.0000   1.0000   0.9996   1.0000   0.9992   1.0000   0.9997     266.541
 2884.00 3.467406    0.9187 0.9933   0.9261   1.0000   1.0000   1.0000   0.9996   1.0000   0.9992   1.0000   0.9997     266.623
 2885.00 3.466204    0.7702 0.9943   0.7756   1.0000   1.0000   1.0000   0.9996   1.0000   0.9992   1.0000   0.9997     266.853
 2886.00 3.465003    0.8434 0.9975   0.8466   1.0000   1.0000   1.0000   0.9996   1.0000   0.9992   1.0000   0.9997     267.009
 2887.00 3.463803    0.9043 0.9982   0.9072   1.0000   1.0000   1.0000   0.9996   1.0000   0.9992   1.0000   0.9997     267.105
 2888.00 3.462604    0.9845 0.9982   0.9876   1.0000   1.0000   1.0000   0.9996   1.0000   0.9992   1.0000   0.9997     267.120
 2889.00 3.461405    0.9512 0.9941   0.9581   1.0000   1.0000   1.0000   0.9995   1.0000   0.9992   1.0000   0.9997     267.169
 2890.00 3.460208    0.9599 0.9675   0.9934   1.0000   1.0000   1.0000   0.9995   1.0000   0.9992   1.0000   0.9997     267.209
 2891.00 3.459011    0.9816 0.9857   0.9971   1.0000   1.0000   1.0000   0.9995   1.0000   0.9992   1.0000   0.9997     267.228
 2892.00 3.457815    0.9886 0.9953   0.9947   1.0000   1.0000   1.0000   0.9995   1.0000   0.9992   1.0000   0.9997     267.239
 2893.00 3.456620    0.9695 0.9754   0.9954   1.0000   1.0000   1.0000   0.9995   1.0000   0.9992   1.0000   0.9997     267.270
 2894.00 3.455425    0.7965 0.8290   0.9622   1.0000   1.0000   1.0000   0.9995   1.0000   0.9992   1.0000   0.9997     267.473
 2895.00 3.454232    0.7451 0.9951   0.7498   1.0000   1.0000   1.0000   0.9995   1.0000   0.9992   1.0000   0.9997     267.728
 2896.00 3.453039    0.7667 0.9966   0.7704   1.0000   1.0000   1.0000   0.9995   1.0000   0.9992   1.0000   0.9997     267.961
 2897.00 3.451847    0.8053 0.9992   0.8071   1.0000   1.0000   1.0000   0.9994   1.0000   0.9992   1.0000   0.9997     268.156
 2898.00 3.450656    0.9769 0.9976   0.9807   1.0000   1.0000   1.0000   0.9994   1.0000   0.9992   1.0000   0.9997     268.179
 2899.00 3.449465    0.9399 0.9947   0.9463   1.0000   1.0000   1.0000   0.9994   1.0000   0.9992   1.0000   0.9997     268.239


   FREQ WAVELENGTH    TOTAL   H2O     CO2+     OZONE    TRACE  N2 CONT  H2O CONT MOL SCAT  AER&CLD  HNO3    AER&CLD  INTEGRATED
   1/CM   MICRONS     TRANS  TRANS    TRANS    TRANS    TRANS   TRANS    TRANS    TRANS     TRANS   TRANS   TAU-ABS  ABSORPTION
 2900.00 3.448276    0.9010 0.9969   0.9052   1.0000   1.0000   1.0000   0.9994   1.0000   0.9992   1.0000   0.9997     268.338
 2901.00 3.447087    0.9813 0.9920   0.9907   1.0000   1.0000   1.0000   0.9994   1.0000   0.9992   1.0000   0.9997     268.357
 2902.00 3.445899    0.8632 0.9535   0.9067   1.0000   1.0000   1.0000   0.9993   1.0000   0.9992   1.0000   0.9997     268.494
 2903.00 3.444712    0.9790 0.9862   0.9943   1.0000   1.0000   1.0000   0.9993   1.0000   0.9992   1.0000   0.9997     268.515
 2904.00 3.443526    0.9510 0.9686   0.9834   1.0000   1.0000   1.0000   0.9993   1.0000   0.9992   1.0000   0.9997     268.564
 2905.00 3.442341    0.9604 0.9967   0.9652   1.0000   1.0000   1.0000   0.9993   1.0000   0.9992   1.0000   0.9997     268.603
 2906.00 3.441156    0.6256 0.9905   0.6327   1.0000   1.0000   1.0000   0.9992   1.0000   0.9992   1.0000   0.9997     268.978
 2907.00 3.439972    0.5664 0.9474   0.5989   1.0000   1.0000   1.0000   0.9992   1.0000   0.9991   1.0000   0.9997     269.411
 2908.00 3.438790    0.9437 0.9925   0.9525   1.0000   1.0000   1.0000   0.9992   1.0000   0.9991   1.0000   0.9997     269.467
 2909.00 3.437608    0.9587 0.9973   0.9629   1.0000   1.0000   1.0000   0.9991   1.0000   0.9991   1.0000   0.9997     269.509
 2910.00 3.436426    0.9602 0.9918   0.9699   1.0000   1.0000   1.0000   0.9991   1.0000   0.9991   1.0000   0.9997     269.549
 2911.00 3.435246    0.9302 0.9893   0.9420   1.0000   1.0000   1.0000   0.9991   1.0000   0.9991   1.0000   0.9997     269.618
 2912.00 3.434066    0.9194 0.9254   0.9954   1.0000   1.0000   1.0000   0.9991   1.0000   0.9991   1.0000   0.9997     269.699
 2913.00 3.432887    0.9885 0.9976   0.9927   1.0000   1.0000   1.0000   0.9990   1.0000   0.9991   1.0000   0.9997     269.710
 2914.00 3.431709    0.9697 0.9947   0.9768   1.0000   1.0000   1.0000   0.9990   1.0000   0.9991   1.0000   0.9997     269.741
 2915.00 3.430532    0.9731 0.9994   0.9756   1.0000   1.0000   1.0000   0.9990   1.0000   0.9991   1.0000   0.9997     269.768
 2916.00 3.429355    0.6976 0.9974   0.7008   1.0000   1.0000   1.0000   0.9990   1.0000   0.9991   1.0000   0.9997     270.070
 2917.00 3.428180    0.4913 0.9959   0.4943   1.0000   1.0000   1.0000   0.9989   1.0000   0.9991   1.0000   0.9997     270.579
 2918.00 3.427005    0.7254 0.9991   0.7275   1.0000   1.0000   1.0000   0.9989   1.0000   0.9991   1.0000   0.9997     270.853
 2919.00 3.425831    0.8298 0.9782   0.8500   1.0000   1.0000   1.0000   0.9989   1.0000   0.9991   1.0000   0.9997     271.024
 2920.00 3.424658    0.9640 0.9989   0.9671   1.0000   1.0000   1.0000   0.9989   1.0000   0.9991   1.0000   0.9997     271.060
 2921.00 3.423485    0.9460 0.9911   0.9565   1.0000   1.0000   1.0000   0.9988   1.0000   0.9991   1.0000   0.9997     271.113
 2922.00 3.422313    0.9731 0.9909   0.9841   1.0000   1.0000   1.0000   0.9988   1.0000   0.9991   1.0000   0.9997     271.140
 2923.00 3.421143    0.9750 0.9956   0.9815   1.0000   1.0000   1.0000   0.9987   1.0000   0.9991   1.0000   0.9997     271.165
 2924.00 3.419973    0.9739 0.9977   0.9784   1.0000   1.0000   1.0000   0.9987   1.0000   0.9991   1.0000   0.9997     271.191
 2925.00 3.418803    0.9721 0.9916   0.9826   1.0000   1.0000   1.0000   0.9987   1.0000   0.9991   1.0000   0.9997     271.219
 2926.00 3.417635    0.9267 0.9968   0.9318   1.0000   1.0000   1.0000   0.9986   1.0000   0.9991   1.0000   0.9997     271.293
 2927.00 3.416467    0.2044 0.9985   0.2052   1.0000   1.0000   1.0000   0.9986   1.0000   0.9991   1.0000   0.9997     272.088
 2928.00 3.415301    0.6236 0.9976   0.6266   1.0000   1.0000   1.0000   0.9985   1.0000   0.9991   1.0000   0.9997     272.465
 2929.00 3.414135    0.9632 0.9940   0.9715   1.0000   1.0000   1.0000   0.9985   1.0000   0.9991   1.0000   0.9997     272.501
 2930.00 3.412969    0.8493 0.8641   0.9853   1.0000   1.0000   1.0000   0.9984   1.0000   0.9991   1.0000   0.9997     272.652
 2931.00 3.411805    0.9453 0.9554   0.9920   1.0000   1.0000   1.0000   0.9984   1.0000   0.9991   1.0000   0.9997     272.707
 2932.00 3.410641    0.8807 0.9927   0.8895   1.0000   1.0000   1.0000   0.9983   1.0000   0.9991   1.0000   0.9997     272.826
 2933.00 3.409478    0.7890 0.8116   0.9748   1.0000   1.0000   1.0000   0.9982   1.0000   0.9991   1.0000   0.9997     273.037
 2934.00 3.408316    0.7503 0.7684   0.9791   1.0000   1.0000   1.0000   0.9982   1.0000   0.9991   1.0000   0.9997     273.287
 2935.00 3.407155    0.6468 0.6590   0.9842   1.0000   1.0000   1.0000   0.9981   1.0000   0.9991   1.0000   0.9997     273.640
 2936.00 3.405995    0.8404 0.9513   0.8859   1.0000   1.0000   1.0000   0.9980   1.0000   0.9991   1.0000   0.9997     273.800
 2937.00 3.404835    0.5238 0.7884   0.6663   1.0000   1.0000   1.0000   0.9980   1.0000   0.9991   1.0000   0.9997     274.276
 2938.00 3.403676    0.2897 0.9881   0.2941   1.0000   1.0000   1.0000   0.9979   1.0000   0.9991   1.0000   0.9997     274.986
 2939.00 3.402518    0.9170 0.9927   0.9267   1.0000   1.0000   1.0000   0.9978   1.0000   0.9991   1.0000   0.9997     275.069
 2940.00 3.401361    0.9587 0.9805   0.9808   1.0000   1.0000   1.0000   0.9978   1.0000   0.9991   1.0000   0.9997     275.111
 2941.00 3.400204    0.9734 0.9965   0.9799   1.0000   1.0000   1.0000   0.9977   1.0000   0.9991   1.0000   0.9997     275.137
 2942.00 3.399048    0.9788 0.9927   0.9894   1.0000   1.0000   1.0000   0.9976   1.0000   0.9991   1.0000   0.9997     275.158
 2943.00 3.397893    0.9235 0.9928   0.9334   1.0000   1.0000   1.0000   0.9975   1.0000   0.9991   1.0000   0.9997     275.235
 2944.00 3.396739    0.9573 0.9979   0.9628   1.0000   1.0000   1.0000   0.9974   1.0000   0.9991   1.0000   0.9997     275.278
 2945.00 3.395586    0.9635 0.9803   0.9864   1.0000   1.0000   1.0000   0.9973   1.0000   0.9991   1.0000   0.9997     275.314
 2946.00 3.394433    0.7857 0.8628   0.9141   1.0000   1.0000   1.0000   0.9972   1.0000   0.9991   1.0000   0.9997     275.528
 2947.00 3.393281    0.8888 0.9944   0.8972   1.0000   1.0000   1.0000   0.9971   1.0000   0.9991   1.0000   0.9997     275.640
 2948.00 3.392130    0.0871 0.9920   0.0882   1.0000   1.0000   1.0000   0.9970   1.0000   0.9991   1.0000   0.9997     276.552
 2949.00 3.390980    0.8199 0.9892   0.8322   1.0000   1.0000   1.0000   0.9969   1.0000   0.9991   1.0000   0.9997     276.733


   FREQ WAVELENGTH    TOTAL   H2O     CO2+     OZONE    TRACE  N2 CONT  H2O CONT MOL SCAT  AER&CLD  HNO3    AER&CLD  INTEGRATED
   1/CM   MICRONS     TRANS  TRANS    TRANS    TRANS    TRANS   TRANS    TRANS    TRANS     TRANS   TRANS   TAU-ABS  ABSORPTION
 2950.00 3.389831    0.9606 0.9961   0.9683   1.0000   1.0000   1.0000   0.9968   1.0000   0.9991   1.0000   0.9997     276.772
 2951.00 3.388682    0.9768 0.9971   0.9839   1.0000   1.0000   1.0000   0.9967   1.0000   0.9991   1.0000   0.9997     276.795
 2952.00 3.387534    0.9702 0.9976   0.9768   1.0000   1.0000   1.0000   0.9966   1.0000   0.9991   1.0000   0.9997     276.825
 2953.00 3.386387    0.8863 0.9654   0.9222   1.0000   1.0000   1.0000   0.9965   1.0000   0.9991   1.0000   0.9997     276.939
 2954.00 3.385240    0.6891 0.7728   0.8958   1.0000   1.0000   1.0000   0.9964   1.0000   0.9991   1.0000   0.9997     277.250
 2955.00 3.384095    0.9218 0.9522   0.9726   1.0000   1.0000   1.0000   0.9963   1.0000   0.9991   1.0000   0.9997     277.328
 2956.00 3.382950    0.7101 0.7336   0.9727   1.0000   1.0000   1.0000   0.9962   1.0000   0.9991   1.0000   0.9997     277.618
 2957.00 3.381806    0.8132 0.8750   0.9340   1.0000   1.0000   1.0000   0.9960   1.0000   0.9991   1.0000   0.9997     277.805
 2958.00 3.380663    0.2393 0.9528   0.2524   1.0000   1.0000   1.0000   0.9959   1.0000   0.9991   1.0000   0.9997     278.565
 2959.00 3.379520    0.5931 0.9950   0.5992   1.0000   1.0000   1.0000   0.9958   1.0000   0.9991   1.0000   0.9997     278.972
 2960.00 3.378378    0.9403 0.9921   0.9529   1.0000   1.0000   1.0000   0.9957   1.0000   0.9991   1.0000   0.9997     279.032
 2961.00 3.377237    0.8185 0.8561   0.9612   1.0000   1.0000   1.0000   0.9956   1.0000   0.9991   1.0000   0.9997     279.213
 2962.00 3.376097    0.7777 0.7916   0.9879   1.0000   1.0000   1.0000   0.9955   1.0000   0.9991   1.0000   0.9997     279.436
 2963.00 3.374958    0.9607 0.9842   0.9817   0.9999   1.0000   1.0000   0.9953   1.0000   0.9991   1.0000   0.9997     279.475
 2964.00 3.373819    0.9589 0.9803   0.9839   0.9999   1.0000   1.0000   0.9952   1.0000   0.9991   1.0000   0.9997     279.516
 2965.00 3.372681    0.9046 0.9724   0.9359   0.9999   1.0000   1.0000   0.9951   1.0000   0.9991   1.0000   0.9997     279.611
 2966.00 3.371544    0.5476 0.6088   0.9049   0.9999   1.0000   1.0000   0.9949   1.0000   0.9991   1.0000   0.9997     280.064
 2967.00 3.370408    0.8897 0.9246   0.9683   0.9999   1.0000   1.0000   0.9948   1.0000   0.9990   1.0000   0.9996     280.174
 2968.00 3.369272    0.5836 0.8204   0.7159   0.9999   1.0000   1.0000   0.9947   1.0000   0.9990   1.0000   0.9996     280.591
 2969.00 3.368137    0.4252 0.9810   0.4363   0.9999   1.0000   1.0000   0.9946   1.0000   0.9990   1.0000   0.9996     281.165
 2970.00 3.367003    0.8462 0.8915   0.9556   0.9999   1.0000   1.0000   0.9944   1.0000   0.9990   1.0000   0.9996     281.319
 2971.00 3.365870    0.9043 0.9869   0.9226   0.9999   1.0000   1.0000   0.9942   1.0000   0.9990   1.0000   0.9996     281.415
 2972.00 3.364738    0.9407 0.9629   0.9839   0.9999   1.0000   1.0000   0.9941   1.0000   0.9990   1.0000   0.9996     281.474
 2973.00 3.363606    0.4836 0.4949   0.9843   0.9999   1.0000   1.0000   0.9939   1.0000   0.9990   1.0000   0.9996     281.991
 2974.00 3.362475    0.8354 0.8490   0.9913   0.9999   1.0000   1.0000   0.9937   1.0000   0.9990   1.0000   0.9996     282.155
 2975.00 3.361345    0.5420 0.5579   0.9790   0.9999   1.0000   1.0000   0.9935   1.0000   0.9990   1.0000   0.9996     282.613
 2976.00 3.360215    0.9267 0.9660   0.9668   0.9999   1.0000   1.0000   0.9933   1.0000   0.9990   1.0000   0.9996     282.687
 2977.00 3.359086    0.9166 0.9501   0.9725   0.9999   1.0000   1.0000   0.9931   1.0000   0.9990   1.0000   0.9996     282.770
 2978.00 3.357958    0.4456 0.5285   0.8501   0.9999   1.0000   1.0000   0.9930   1.0000   0.9990   1.0000   0.9996     283.324
 2979.00 3.356831    0.1753 0.9447   0.1871   0.9999   1.0000   1.0000   0.9928   1.0000   0.9990   1.0000   0.9996     284.149
 2980.00 3.355705    0.6425 0.7058   0.9182   0.9999   1.0000   1.0000   0.9926   1.0000   0.9990   1.0000   0.9996     284.507
 2981.00 3.354579    0.7065 0.7589   0.9392   0.9999   1.0000   1.0000   0.9923   1.0000   0.9990   1.0000   0.9996     284.800
 2982.00 3.353454    0.8800 0.9073   0.9788   0.9998   1.0000   1.0000   0.9921   1.0000   0.9990   1.0000   0.9996     284.920
 2983.00 3.352330    0.9277 0.9645   0.9710   0.9998   1.0000   1.0000   0.9919   1.0000   0.9990   1.0000   0.9996     284.992
 2984.00 3.351207    0.6480 0.6599   0.9915   0.9999   1.0000   1.0000   0.9916   1.0000   0.9990   1.0000   0.9996     285.344
 2985.00 3.350084    0.9333 0.9516   0.9905   0.9999   1.0000   1.0000   0.9914   1.0000   0.9990   1.0000   0.9996     285.411
 2986.00 3.348962    0.9579 0.9781   0.9894   0.9997   1.0000   1.0000   0.9911   1.0000   0.9990   1.0000   0.9996     285.453
 2987.00 3.347841    0.8213 0.8504   0.9758   0.9998   1.0000   1.0000   0.9909   1.0000   0.9990   1.0000   0.9996     285.632
 2988.00 3.346720    0.4732 0.5434   0.8803   0.9998   1.0000   1.0000   0.9906   1.0000   0.9990   1.0000   0.9996     286.159
 2989.00 3.345601    0.2075 0.7284   0.2879   0.9999   1.0000   1.0000   0.9904   1.0000   0.9990   1.0000   0.9996     286.951
 2990.00 3.344482    0.8373 0.9176   0.9229   0.9996   1.0000   1.0000   0.9902   1.0000   0.9990   1.0000   0.9996     287.114
 2991.00 3.343364    0.9272 0.9528   0.9842   0.9998   1.0000   1.0000   0.9899   1.0000   0.9990   1.0000   0.9996     287.187
 2992.00 3.342246    0.5558 0.5682   0.9896   0.9997   1.0000   1.0000   0.9897   1.0000   0.9990   1.0000   0.9996     287.631
 2993.00 3.341129    0.7636 0.7842   0.9854   0.9998   1.0000   1.0000   0.9895   1.0000   0.9990   1.0000   0.9996     287.867
 2994.00 3.340013    0.4229 0.4386   0.9762   0.9996   1.0000   1.0000   0.9892   1.0000   0.9990   1.0000   0.9996     288.444
 2995.00 3.338898    0.6191 0.6309   0.9936   0.9996   1.0000   1.0000   0.9890   1.0000   0.9990   1.0000   0.9996     288.825
 2996.00 3.337784    0.9307 0.9523   0.9897   0.9997   1.0000   1.0000   0.9888   1.0000   0.9990   1.0000   0.9996     288.895
 2997.00 3.336670    0.9574 0.9892   0.9805   0.9996   1.0000   1.0000   0.9885   1.0000   0.9990   1.0000   0.9996     288.937
 2998.00 3.335557    0.9171 0.9878   0.9409   0.9996   1.0000   1.0000   0.9883   1.0000   0.9990   1.0000   0.9996     289.020
 2999.00 3.334445    0.5219 0.9548   0.5541   0.9994   1.0000   1.0000   0.9881   1.0000   0.9990   1.0000   0.9996     289.498


   FREQ WAVELENGTH    TOTAL   H2O     CO2+     OZONE    TRACE  N2 CONT  H2O CONT MOL SCAT  AER&CLD  HNO3    AER&CLD  INTEGRATED
   1/CM   MICRONS     TRANS  TRANS    TRANS    TRANS    TRANS   TRANS    TRANS    TRANS     TRANS   TRANS   TAU-ABS  ABSORPTION
 3000.00 3.333333    0.9380 0.9903   0.9602   0.9996   1.0000   1.0000   0.9878   1.0000   0.9990   1.0000   0.9996     289.560
 3001.00 3.332223    0.9302 0.9686   0.9743   0.9992   1.0000   1.0000   0.9876   1.0000   0.9990   1.0000   0.9996     289.630
 3002.00 3.331113    0.9356 0.9736   0.9750   0.9993   1.0000   1.0000   0.9873   1.0000   0.9990   1.0000   0.9996     289.694
 3003.00 3.330003    0.7738 0.8211   0.9564   0.9994   1.0000   1.0000   0.9871   1.0000   0.9989   1.0000   0.9996     289.921
 3004.00 3.328895    0.3394 0.3667   0.9396   0.9993   1.0000   1.0000   0.9868   1.0000   0.9989   1.0000   0.9996     290.581
 3005.00 3.327787    0.3702 0.4170   0.9019   0.9990   1.0000   1.0000   0.9865   1.0000   0.9989   1.0000   0.9996     291.211
 3006.00 3.326680    0.8173 0.9442   0.8794   0.9991   1.0000   1.0000   0.9863   1.0000   0.9989   1.0000   0.9996     291.394
 3007.00 3.325574    0.6732 0.9690   0.7061   0.9990   1.0000   1.0000   0.9860   1.0000   0.9989   1.0000   0.9996     291.720
 3008.00 3.324468    0.6569 0.9656   0.6917   0.9988   1.0000   1.0000   0.9858   1.0000   0.9989   1.0000   0.9996     292.064
 3009.00 3.323363    0.5079 0.8970   0.5756   0.9992   1.0000   1.0000   0.9855   1.0000   0.9989   1.0000   0.9996     292.556
 3010.00 3.322259    0.1543 0.2339   0.6711   0.9989   1.0000   1.0000   0.9853   1.0000   0.9989   1.0000   0.9996     293.401
 3011.00 3.321156    0.2979 0.5514   0.5494   0.9992   1.0000   1.0000   0.9851   1.0000   0.9989   1.0000   0.9996     294.104
 3012.00 3.320053    0.2116 0.3951   0.5451   0.9985   1.0000   1.0000   0.9850   1.0000   0.9989   1.0000   0.9996     294.892
 3013.00 3.318951    0.0843 0.3564   0.2406   0.9988   1.0000   1.0000   0.9848   1.0000   0.9989   1.0000   0.9996     295.808
 3014.00 3.317850    0.1017 0.6780   0.1526   0.9989   1.0000   1.0000   0.9847   1.0000   0.9989   1.0000   0.9995     296.706
 3015.00 3.316750    0.0571 0.7629   0.0762   0.9983   1.0000   1.0000   0.9845   1.0000   0.9989   1.0000   0.9995     297.649
 3016.00 3.315650    0.0159 0.5250   0.0309   0.9989   1.0000   1.0000   0.9844   1.0000   0.9989   1.0000   0.9995     298.633
 3017.00 3.314551    0.0030 0.9454   0.0033   0.9985   1.0000   1.0000   0.9842   1.0000   0.9989   1.0000   0.9995     299.630
 3018.00 3.313453    0.0040 0.9768   0.0042   0.9981   1.0000   1.0000   0.9841   1.0000   0.9989   1.0000   0.9995     300.626
 3019.00 3.312355    0.3160 0.9579   0.3362   0.9982   1.0000   1.0000   0.9840   1.0000   0.9989   1.0000   0.9995     301.310
 3020.00 3.311258    0.7971 0.9552   0.8502   0.9988   1.0000   1.0000   0.9838   1.0000   0.9989   1.0000   0.9995     301.513
 3021.00 3.310162    0.5578 0.9560   0.5954   0.9975   1.0000   1.0000   0.9836   1.0000   0.9989   1.0000   0.9995     301.955
 3022.00 3.309067    0.5598 0.6162   0.9263   0.9984   1.0000   1.0000   0.9833   1.0000   0.9989   1.0000   0.9995     302.395
 3023.00 3.307972    0.7323 0.7668   0.9746   0.9979   1.0000   1.0000   0.9831   1.0000   0.9989   1.0000   0.9995     302.663
 3024.00 3.306878    0.8904 0.9267   0.9807   0.9980   1.0000   1.0000   0.9829   1.0000   0.9989   1.0000   0.9995     302.773
 3025.00 3.305785    0.6604 0.7149   0.9434   0.9978   1.0000   1.0000   0.9826   1.0000   0.9989   1.0000   0.9995     303.112
 3026.00 3.304693    0.2908 0.3017   0.9847   0.9975   1.0000   1.0000   0.9824   1.0000   0.9989   1.0000   0.9995     303.821
 3027.00 3.303601    0.8547 0.8885   0.9827   0.9979   1.0000   1.0000   0.9821   1.0000   0.9989   1.0000   0.9995     303.967
 3028.00 3.302510    0.8467 0.9315   0.9289   0.9978   1.0000   1.0000   0.9819   1.0000   0.9989   1.0000   0.9995     304.120
 3029.00 3.301419    0.5348 0.8947   0.6114   0.9970   1.0000   1.0000   0.9816   1.0000   0.9989   1.0000   0.9995     304.585
 3030.00 3.300330    0.4700 0.4902   0.9798   0.9982   1.0000   1.0000   0.9814   1.0000   0.9989   1.0000   0.9995     305.115
 3031.00 3.299241    0.1378 0.1423   0.9908   0.9973   1.0000   1.0000   0.9812   1.0000   0.9989   1.0000   0.9995     305.977
 3032.00 3.298153    0.0807 0.0843   0.9791   0.9968   1.0000   1.0000   0.9809   1.0000   0.9989   1.0000   0.9995     306.897
 3033.00 3.297065    0.6984 0.7190   0.9937   0.9979   1.0000   1.0000   0.9807   1.0000   0.9989   1.0000   0.9995     307.198
 3034.00 3.295979    0.2185 0.2258   0.9914   0.9969   1.0000   1.0000   0.9805   1.0000   0.9989   1.0000   0.9995     307.980
 3035.00 3.294893    0.5268 0.5475   0.9851   0.9976   1.0000   1.0000   0.9802   1.0000   0.9988   1.0000   0.9995     308.453
 3036.00 3.293808    0.4526 0.4670   0.9925   0.9975   1.0000   1.0000   0.9800   1.0000   0.9988   1.0000   0.9995     309.000
 3037.00 3.292723    0.8574 0.8952   0.9810   0.9977   1.0000   1.0000   0.9798   1.0000   0.9988   1.0000   0.9995     309.143
 3038.00 3.291639    0.6886 0.9660   0.7304   0.9976   1.0000   1.0000   0.9795   1.0000   0.9988   1.0000   0.9995     309.455
 3039.00 3.290556    0.8279 0.9804   0.8654   0.9976   1.0000   1.0000   0.9793   1.0000   0.9988   1.0000   0.9995     309.627
 3040.00 3.289474    0.9508 0.9868   0.9877   0.9977   1.0000   1.0000   0.9790   1.0000   0.9988   1.0000   0.9995     309.676
 3041.00 3.288392    0.9560 0.9859   0.9938   0.9979   1.0000   1.0000   0.9789   1.0000   0.9988   1.0000   0.9995     309.720
 3042.00 3.287311    0.9394 0.9747   0.9878   0.9979   1.0000   1.0000   0.9788   1.0000   0.9988   1.0000   0.9995     309.780
 3043.00 3.286231    0.9492 0.9848   0.9881   0.9978   1.0000   1.0000   0.9787   1.0000   0.9988   1.0000   0.9995     309.831
 3044.00 3.285151    0.9182 0.9579   0.9824   0.9982   1.0000   1.0000   0.9786   1.0000   0.9988   1.0000   0.9995     309.913
 3045.00 3.284072    0.9508 0.9824   0.9922   0.9981   1.0000   1.0000   0.9785   1.0000   0.9988   1.0000   0.9995     309.962
 3046.00 3.282994    0.9363 0.9743   0.9846   0.9988   1.0000   1.0000   0.9784   1.0000   0.9988   1.0000   0.9995     310.026
 3047.00 3.281917    0.8857 0.9469   0.9585   0.9987   1.0000   1.0000   0.9783   1.0000   0.9988   1.0000   0.9995     310.140
 3048.00 3.280840    0.2943 0.6803   0.4439   0.9977   1.0000   1.0000   0.9782   1.0000   0.9988   1.0000   0.9995     310.846
 3049.00 3.279764    0.0806 0.0923   0.8965   0.9971   1.0000   1.0000   0.9781   1.0000   0.9988   1.0000   0.9995     311.765


   FREQ WAVELENGTH    TOTAL   H2O     CO2+     OZONE    TRACE  N2 CONT  H2O CONT MOL SCAT  AER&CLD  HNO3    AER&CLD  INTEGRATED
   1/CM   MICRONS     TRANS  TRANS    TRANS    TRANS    TRANS   TRANS    TRANS    TRANS     TRANS   TRANS   TAU-ABS  ABSORPTION
 3050.00 3.278688    0.7814 0.8188   0.9807   0.9961   1.0000   1.0000   0.9780   1.0000   0.9988   1.0000   0.9995     311.984
 3051.00 3.277614    0.8506 0.8842   0.9906   0.9943   1.0000   1.0000   0.9779   1.0000   0.9988   1.0000   0.9995     312.133
 3052.00 3.276540    0.8721 0.9071   0.9892   0.9952   1.0000   1.0000   0.9778   1.0000   0.9988   1.0000   0.9994     312.261
 3053.00 3.275467    0.9158 0.9605   0.9824   0.9939   1.0000   1.0000   0.9777   1.0000   0.9988   1.0000   0.9994     312.345
 3054.00 3.274394    0.8971 0.9400   0.9842   0.9933   1.0000   1.0000   0.9776   1.0000   0.9988   1.0000   0.9994     312.448
 3055.00 3.273322    0.7459 0.7858   0.9805   0.9916   1.0000   1.0000   0.9774   1.0000   0.9988   1.0000   0.9994     312.702
 3056.00 3.272251    0.1530 0.1646   0.9611   0.9911   1.0000   1.0000   0.9773   1.0000   0.9988   1.0000   0.9994     313.549
 3057.00 3.271181    0.1739 0.2519   0.7114   0.9940   1.0000   1.0000   0.9772   1.0000   0.9988   1.0000   0.9994     314.375
 3058.00 3.270111    0.2787 0.8687   0.3296   0.9975   1.0000   1.0000   0.9771   1.0000   0.9988   1.0000   0.9994     315.097
 3059.00 3.269042    0.7623 0.8450   0.9261   0.9984   1.0000   1.0000   0.9770   1.0000   0.9988   1.0000   0.9994     315.334
 3060.00 3.267974    0.3028 0.3210   0.9670   0.9998   1.0000   1.0000   0.9768   1.0000   0.9988   1.0000   0.9994     316.032
 3061.00 3.266906    0.7521 0.7921   0.9735   0.9999   1.0000   1.0000   0.9767   1.0000   0.9988   1.0000   0.9994     316.280
 3062.00 3.265839    0.8667 0.9022   0.9851   0.9998   1.0000   1.0000   0.9765   1.0000   0.9988   1.0000   0.9994     316.413
 3063.00 3.264773    0.7501 0.7917   0.9718   0.9999   1.0000   1.0000   0.9764   1.0000   0.9988   1.0000   0.9994     316.663
 3064.00 3.263708    0.2475 0.2580   0.9840   0.9999   1.0000   1.0000   0.9762   1.0000   0.9988   1.0000   0.9994     317.415
 3065.00 3.262643    0.3740 0.3945   0.9725   0.9999   1.0000   1.0000   0.9761   1.0000   0.9987   1.0000   0.9994     318.041
 3066.00 3.261579    0.2997 0.3376   0.9107   0.9999   1.0000   1.0000   0.9760   1.0000   0.9987   1.0000   0.9994     318.742
 3067.00 3.260515    0.0243 0.0889   0.2806   0.9999   1.0000   1.0000   0.9758   1.0000   0.9987   1.0000   0.9994     319.717
 3068.00 3.259452    0.4628 0.6845   0.6940   0.9999   1.0000   1.0000   0.9757   1.0000   0.9987   1.0000   0.9994     320.254
 3069.00 3.258390    0.8139 0.8950   0.9335   0.9999   1.0000   1.0000   0.9755   1.0000   0.9987   1.0000   0.9994     320.441
 3070.00 3.257329    0.8764 0.9555   0.9416   0.9999   1.0000   1.0000   0.9754   1.0000   0.9987   1.0000   0.9994     320.564
 3071.00 3.256268    0.9109 0.9689   0.9654   0.9999   1.0000   1.0000   0.9751   1.0000   0.9987   1.0000   0.9994     320.653
 3072.00 3.255208    0.9327 0.9770   0.9807   0.9999   1.0000   1.0000   0.9749   1.0000   0.9987   1.0000   0.9994     320.721
 3073.00 3.254149    0.8932 0.9727   0.9435   0.9999   1.0000   1.0000   0.9746   1.0000   0.9987   1.0000   0.9994     320.827
 3074.00 3.253090    0.9152 0.9767   0.9631   0.9999   1.0000   1.0000   0.9744   1.0000   0.9987   1.0000   0.9994     320.912
 3075.00 3.252033    0.8970 0.9628   0.9578   0.9999   1.0000   1.0000   0.9741   1.0000   0.9987   1.0000   0.9994     321.015
 3076.00 3.250975    0.6578 0.9479   0.7136   0.9999   1.0000   1.0000   0.9739   1.0000   0.9987   1.0000   0.9994     321.357
 3077.00 3.249919    0.3030 0.7724   0.4035   0.9999   1.0000   1.0000   0.9737   1.0000   0.9987   1.0000   0.9994     322.054
 3078.00 3.248863    0.2161 0.2377   0.9352   0.9999   1.0000   1.0000   0.9734   1.0000   0.9987   1.0000   0.9994     322.838
 3079.00 3.247808    0.4286 0.4658   0.9468   0.9999   1.0000   1.0000   0.9732   1.0000   0.9987   1.0000   0.9994     323.410
 3080.00 3.246753    0.2300 0.2501   0.9464   0.9999   1.0000   1.0000   0.9729   1.0000   0.9987   1.0000   0.9994     324.180
 3081.00 3.245699    0.3213 0.3367   0.9822   1.0000   1.0000   1.0000   0.9727   1.0000   0.9987   1.0000   0.9994     324.858
 3082.00 3.244646    0.4375 0.4662   0.9662   1.0000   1.0000   1.0000   0.9725   1.0000   0.9987   1.0000   0.9994     325.421
 3083.00 3.243594    0.4386 0.4618   0.9781   1.0000   1.0000   1.0000   0.9722   1.0000   0.9987   1.0000   0.9994     325.982
 3084.00 3.242542    0.8145 0.8922   0.9405   0.9999   1.0000   1.0000   0.9720   1.0000   0.9987   1.0000   0.9994     326.168
 3085.00 3.241491    0.7449 0.9585   0.8008   1.0000   1.0000   1.0000   0.9718   1.0000   0.9987   1.0000   0.9994     326.423
 3086.00 3.240441    0.1313 0.9550   0.1417   1.0000   1.0000   1.0000   0.9715   1.0000   0.9987   1.0000   0.9993     327.292
 3087.00 3.239391    0.4556 0.5521   0.8508   0.9999   1.0000   1.0000   0.9713   1.0000   0.9987   1.0000   0.9993     327.836
 3088.00 3.238342    0.8101 0.8722   0.9578   0.9999   1.0000   1.0000   0.9711   1.0000   0.9987   1.0000   0.9993     328.026
 3089.00 3.237294    0.9129 0.9698   0.9710   0.9999   1.0000   1.0000   0.9708   1.0000   0.9987   1.0000   0.9993     328.113
 3090.00 3.236246    0.8373 0.9645   0.8957   0.9999   1.0000   1.0000   0.9706   1.0000   0.9987   1.0000   0.9993     328.276
 3091.00 3.235199    0.9072 0.9507   0.9846   0.9999   1.0000   1.0000   0.9705   1.0000   0.9987   1.0000   0.9993     328.369
 3092.00 3.234153    0.8929 0.9392   0.9812   0.9998   1.0000   1.0000   0.9705   1.0000   0.9987   1.0000   0.9993     328.476
 3093.00 3.233107    0.7265 0.7705   0.9731   0.9998   1.0000   1.0000   0.9704   1.0000   0.9986   1.0000   0.9993     328.749
 3094.00 3.232062    0.2840 0.3232   0.9070   0.9997   1.0000   1.0000   0.9704   1.0000   0.9986   1.0000   0.9993     329.465
 3095.00 3.231018    0.0944 0.4128   0.2362   0.9994   1.0000   1.0000   0.9703   1.0000   0.9986   1.0000   0.9993     330.371
 3096.00 3.229974    0.0410 0.0547   0.7736   0.9993   1.0000   1.0000   0.9703   1.0000   0.9986   1.0000   0.9993     331.330
 3097.00 3.228931    0.3683 0.3936   0.9658   0.9999   1.0000   1.0000   0.9702   1.0000   0.9986   1.0000   0.9993     331.962
 3098.00 3.227889    0.7753 0.8136   0.9838   0.9999   1.0000   1.0000   0.9702   1.0000   0.9986   1.0000   0.9993     332.186
 3099.00 3.226847    0.5401 0.5832   0.9561   0.9999   1.0000   1.0000   0.9701   1.0000   0.9986   1.0000   0.9993     332.646


   FREQ WAVELENGTH    TOTAL   H2O     CO2+     OZONE    TRACE  N2 CONT  H2O CONT MOL SCAT  AER&CLD  HNO3    AER&CLD  INTEGRATED
   1/CM   MICRONS     TRANS  TRANS    TRANS    TRANS    TRANS   TRANS    TRANS    TRANS     TRANS   TRANS   TAU-ABS  ABSORPTION
 3100.00 3.225806    0.1828 0.1970   0.9582   0.9999   1.0000   1.0000   0.9701   1.0000   0.9986   1.0000   0.9993     333.463
 3101.00 3.224766    0.0806 0.0842   0.9886   1.0000   1.0000   1.0000   0.9702   1.0000   0.9986   1.0000   0.9993     334.383
 3102.00 3.223727    0.2850 0.2984   0.9857   1.0000   1.0000   1.0000   0.9702   1.0000   0.9986   1.0000   0.9993     335.098
 3103.00 3.222688    0.1184 0.1274   0.9588   1.0000   1.0000   1.0000   0.9703   1.0000   0.9986   1.0000   0.9993     335.979
 3104.00 3.221649    0.3700 0.7710   0.4953   1.0000   1.0000   1.0000   0.9704   1.0000   0.9986   1.0000   0.9993     336.609
 3105.00 3.220612    0.5887 0.9005   0.6746   1.0000   1.0000   1.0000   0.9705   1.0000   0.9986   1.0000   0.9993     337.021
 3106.00 3.219575    0.7402 0.7919   0.9646   1.0000   1.0000   1.0000   0.9705   1.0000   0.9986   1.0000   0.9993     337.280
 3107.00 3.218539    0.3995 0.4179   0.9865   1.0000   1.0000   1.0000   0.9706   1.0000   0.9986   1.0000   0.9993     337.881
 3108.00 3.217503    0.4015 0.4203   0.9856   0.9999   1.0000   1.0000   0.9707   1.0000   0.9986   1.0000   0.9993     338.479
 3109.00 3.216468    0.6289 0.7067   0.9181   1.0000   1.0000   1.0000   0.9707   1.0000   0.9986   1.0000   0.9993     338.850
 3110.00 3.215434    0.2187 0.2315   0.9744   1.0000   1.0000   1.0000   0.9708   1.0000   0.9986   1.0000   0.9993     339.632
 3111.00 3.214401    0.6678 0.6985   0.9861   1.0000   1.0000   1.0000   0.9710   1.0000   0.9986   1.0000   0.9993     339.964
 3112.00 3.213368    0.2499 0.2694   0.9566   1.0000   1.0000   1.0000   0.9712   1.0000   0.9986   1.0000   0.9993     340.714
 3113.00 3.212335    0.3683 0.7066   0.5374   1.0000   1.0000   1.0000   0.9713   1.0000   0.9986   1.0000   0.9993     341.346
 3114.00 3.211304    0.2796 0.4501   0.6403   1.0000   1.0000   1.0000   0.9715   1.0000   0.9986   1.0000   0.9993     342.066
 3115.00 3.210273    0.3250 0.3513   0.9536   0.9999   1.0000   1.0000   0.9717   1.0000   0.9986   1.0000   0.9993     342.741
 3116.00 3.209243    0.0624 0.0651   0.9883   0.9999   1.0000   1.0000   0.9719   1.0000   0.9986   1.0000   0.9992     343.679
 3117.00 3.208213    0.5310 0.5514   0.9922   1.0000   1.0000   1.0000   0.9720   1.0000   0.9986   1.0000   0.9992     344.148
 3118.00 3.207184    0.2532 0.2632   0.9910   1.0000   1.0000   1.0000   0.9722   1.0000   0.9986   1.0000   0.9992     344.895
 3119.00 3.206156    0.0684 0.0758   0.9293   1.0000   1.0000   1.0000   0.9724   1.0000   0.9986   1.0000   0.9992     345.826
 3120.00 3.205128    0.6322 0.6579   0.9896   1.0000   1.0000   1.0000   0.9726   1.0000   0.9985   1.0000   0.9992     346.194
 3121.00 3.204101    0.6682 0.7042   0.9768   1.0000   1.0000   1.0000   0.9729   1.0000   0.9985   1.0000   0.9992     346.526
 3122.00 3.203075    0.1231 0.1957   0.6473   0.9999   1.0000   1.0000   0.9732   1.0000   0.9985   1.0000   0.9992     347.403
 3123.00 3.202049    0.0244 0.0375   0.6709   0.9999   1.0000   1.0000   0.9735   1.0000   0.9985   1.0000   0.9992     348.378
 3124.00 3.201024    0.7295 0.7665   0.9788   0.9999   1.0000   1.0000   0.9738   1.0000   0.9985   1.0000   0.9992     348.649
 3125.00 3.200000    0.4671 0.4890   0.9821   0.9999   1.0000   1.0000   0.9741   1.0000   0.9985   1.0000   0.9992     349.182
 3126.00 3.198976    0.2120 0.2212   0.9851   0.9999   1.0000   1.0000   0.9745   1.0000   0.9985   1.0000   0.9992     349.970
 3127.00 3.197953    0.1121 0.1157   0.9957   1.0000   1.0000   1.0000   0.9748   1.0000   0.9985   1.0000   0.9992     350.858
 3128.00 3.196931    0.6920 0.7488   0.9493   1.0000   1.0000   1.0000   0.9751   1.0000   0.9985   1.0000   0.9992     351.166
 3129.00 3.195909    0.8007 0.8378   0.9813   0.9999   1.0000   1.0000   0.9754   1.0000   0.9985   1.0000   0.9992     351.365
 3130.00 3.194888    0.8712 0.9078   0.9851   0.9999   1.0000   1.0000   0.9757   1.0000   0.9985   1.0000   0.9992     351.494
 3131.00 3.193868    0.5758 0.8750   0.6753   1.0000   1.0000   1.0000   0.9760   1.0000   0.9985   1.0000   0.9992     351.918
 3132.00 3.192848    0.4944 0.6278   0.8079   0.9999   1.0000   1.0000   0.9763   1.0000   0.9985   1.0000   0.9992     352.424
 3133.00 3.191829    0.0398 0.0412   0.9908   0.9999   1.0000   1.0000   0.9766   1.0000   0.9985   1.0000   0.9992     353.384
 3134.00 3.190810    0.4830 0.4976   0.9952   1.0000   1.0000   1.0000   0.9768   1.0000   0.9985   1.0000   0.9992     353.901
 3135.00 3.189793    0.8117 0.8459   0.9836   1.0000   1.0000   1.0000   0.9771   1.0000   0.9985   1.0000   0.9992     354.089
 3136.00 3.188776    0.8814 0.9111   0.9914   1.0000   1.0000   1.0000   0.9774   1.0000   0.9985   1.0000   0.9992     354.208
 3137.00 3.187759    0.9163 0.9628   0.9750   1.0000   1.0000   1.0000   0.9777   1.0000   0.9985   1.0000   0.9992     354.291
 3138.00 3.186743    0.9365 0.9781   0.9807   0.9999   1.0000   1.0000   0.9780   1.0000   0.9985   1.0000   0.9992     354.355
 3139.00 3.185728    0.9291 0.9703   0.9804   0.9999   1.0000   1.0000   0.9782   1.0000   0.9985   1.0000   0.9992     354.426
 3140.00 3.184713    0.5169 0.9455   0.5596   1.0000   1.0000   1.0000   0.9785   1.0000   0.9985   1.0000   0.9992     354.909
 3141.00 3.183699    0.8453 0.9777   0.8847   1.0000   1.0000   1.0000   0.9788   1.0000   0.9985   1.0000   0.9992     355.064
 3142.00 3.182686    0.8563 0.8821   0.9930   1.0000   1.0000   1.0000   0.9791   1.0000   0.9985   1.0000   0.9992     355.207
 3143.00 3.181674    0.4761 0.4882   0.9974   0.9999   1.0000   1.0000   0.9794   1.0000   0.9985   1.0000   0.9991     355.731
 3144.00 3.180662    0.9359 0.9634   0.9932   1.0000   1.0000   1.0000   0.9797   1.0000   0.9984   1.0000   0.9991     355.795
 3145.00 3.179650    0.9586 0.9856   0.9941   1.0000   1.0000   1.0000   0.9800   1.0000   0.9984   1.0000   0.9991     355.837
 3146.00 3.178640    0.9419 0.9893   0.9729   1.0000   1.0000   1.0000   0.9802   1.0000   0.9984   1.0000   0.9991     355.895
 3147.00 3.177629    0.9485 0.9813   0.9875   0.9999   1.0000   1.0000   0.9805   1.0000   0.9984   1.0000   0.9991     355.946
 3148.00 3.176620    0.9450 0.9814   0.9834   0.9999   1.0000   1.0000   0.9808   1.0000   0.9984   1.0000   0.9991     356.001
 3149.00 3.175611    0.5487 0.9920   0.5648   1.0000   1.0000   1.0000   0.9811   1.0000   0.9984   1.0000   0.9991     356.452


   FREQ WAVELENGTH    TOTAL   H2O     CO2+     OZONE    TRACE  N2 CONT  H2O CONT MOL SCAT  AER&CLD  HNO3    AER&CLD  INTEGRATED
   1/CM   MICRONS     TRANS  TRANS    TRANS    TRANS    TRANS   TRANS    TRANS    TRANS     TRANS   TRANS   TAU-ABS  ABSORPTION
 3150.00 3.174603    0.9549 0.9873   0.9872   1.0000   1.0000   1.0000   0.9814   1.0000   0.9984   1.0000   0.9991     356.498
 3151.00 3.173596    0.6907 0.7124   0.9894   0.9999   1.0000   1.0000   0.9816   1.0000   0.9984   1.0000   0.9991     356.807
 3152.00 3.172589    0.7471 0.7631   0.9988   0.9999   1.0000   1.0000   0.9818   1.0000   0.9984   1.0000   0.9991     357.060
 3153.00 3.171583    0.9271 0.9560   0.9892   0.9999   1.0000   1.0000   0.9821   1.0000   0.9984   1.0000   0.9991     357.133
 3154.00 3.170577    0.9687 0.9915   0.9963   0.9999   1.0000   1.0000   0.9823   1.0000   0.9984   1.0000   0.9991     357.164
 3155.00 3.169572    0.9257 0.9530   0.9904   0.9999   1.0000   1.0000   0.9825   1.0000   0.9984   1.0000   0.9991     357.238
 3156.00 3.168568    0.9586 0.9894   0.9876   0.9999   1.0000   1.0000   0.9827   1.0000   0.9984   1.0000   0.9991     357.280
 3157.00 3.167564    0.9109 0.9963   0.9317   0.9999   1.0000   1.0000   0.9830   1.0000   0.9984   1.0000   0.9991     357.369
 3158.00 3.166561    0.7778 0.9929   0.7981   0.9999   1.0000   1.0000   0.9832   1.0000   0.9984   1.0000   0.9991     357.591
 3159.00 3.165559    0.9653 0.9923   0.9909   0.9999   1.0000   1.0000   0.9834   1.0000   0.9984   1.0000   0.9991     357.626
 3160.00 3.164557    0.9777 0.9979   0.9979   0.9999   1.0000   1.0000   0.9836   1.0000   0.9984   1.0000   0.9991     357.648
 3161.00 3.163556    0.9771 0.9957   0.9994   0.9999   1.0000   1.0000   0.9837   1.0000   0.9984   1.0000   0.9991     357.671
 3162.00 3.162555    0.9612 0.9805   0.9983   0.9999   1.0000   1.0000   0.9838   1.0000   0.9984   1.0000   0.9991     357.710
 3163.00 3.161556    0.9609 0.9800   0.9984   0.9999   1.0000   1.0000   0.9838   1.0000   0.9984   1.0000   0.9991     357.749
 3164.00 3.160556    0.7140 0.7336   0.9909   0.9999   1.0000   1.0000   0.9839   1.0000   0.9984   1.0000   0.9991     358.035
 3165.00 3.159558    0.8871 0.9103   0.9921   0.9999   1.0000   1.0000   0.9840   1.0000   0.9984   1.0000   0.9991     358.148
 3166.00 3.158560    0.7992 0.9442   0.8617   0.9999   1.0000   1.0000   0.9841   1.0000   0.9984   1.0000   0.9991     358.348
 3167.00 3.157562    0.7757 0.8125   0.9719   0.9999   1.0000   1.0000   0.9841   1.0000   0.9984   1.0000   0.9991     358.573
 3168.00 3.156566    0.5476 0.5620   0.9919   0.9998   1.0000   1.0000   0.9842   1.0000   0.9983   1.0000   0.9990     359.025
 3169.00 3.155570    0.7652 0.7798   0.9988   0.9999   1.0000   1.0000   0.9843   1.0000   0.9983   1.0000   0.9990     359.260
 3170.00 3.154574    0.5762 0.5873   0.9986   0.9998   1.0000   1.0000   0.9844   1.0000   0.9983   1.0000   0.9990     359.684
 3171.00 3.153579    0.9038 0.9225   0.9972   0.9999   1.0000   1.0000   0.9842   1.0000   0.9983   1.0000   0.9990     359.780
 3172.00 3.152585    0.9385 0.9573   0.9981   0.9998   1.0000   1.0000   0.9841   1.0000   0.9983   1.0000   0.9990     359.841
 3173.00 3.151592    0.8407 0.8578   0.9979   0.9998   1.0000   1.0000   0.9839   1.0000   0.9983   1.0000   0.9990     360.001
 3174.00 3.150599    0.9325 0.9540   0.9954   0.9999   1.0000   1.0000   0.9838   1.0000   0.9983   1.0000   0.9990     360.068
 3175.00 3.149606    0.6367 0.7046   0.9203   0.9998   1.0000   1.0000   0.9836   1.0000   0.9983   1.0000   0.9990     360.432
 3176.00 3.148615    0.8511 0.8694   0.9973   0.9999   1.0000   1.0000   0.9835   1.0000   0.9983   1.0000   0.9990     360.580
 3177.00 3.147624    0.6276 0.6403   0.9987   0.9998   1.0000   1.0000   0.9834   1.0000   0.9983   1.0000   0.9990     360.953
 3178.00 3.146633    0.0418 0.0427   0.9983   0.9999   1.0000   1.0000   0.9832   1.0000   0.9983   1.0000   0.9990     361.911
 3179.00 3.145643    0.4526 0.4618   0.9988   0.9998   1.0000   1.0000   0.9831   1.0000   0.9983   1.0000   0.9990     362.458
 3180.00 3.144654    0.7258 0.7404   0.9991   0.9999   1.0000   1.0000   0.9829   1.0000   0.9983   1.0000   0.9990     362.733
 3181.00 3.143666    0.8898 0.9075   0.9997   0.9998   1.0000   1.0000   0.9826   1.0000   0.9983   1.0000   0.9990     362.843
 3182.00 3.142678    0.8220 0.8414   0.9965   0.9998   1.0000   1.0000   0.9823   1.0000   0.9983   1.0000   0.9990     363.021
 3183.00 3.141690    0.7441 0.7848   0.9673   0.9998   1.0000   1.0000   0.9819   1.0000   0.9983   1.0000   0.9990     363.277
 3184.00 3.140703    0.7210 0.7413   0.9927   0.9998   1.0000   1.0000   0.9816   1.0000   0.9983   1.0000   0.9990     363.556
 3185.00 3.139717    0.0477 0.0487   0.9991   0.9998   1.0000   1.0000   0.9813   1.0000   0.9983   1.0000   0.9990     364.508
 3186.00 3.138732    0.6018 0.6148   0.9997   0.9999   1.0000   1.0000   0.9809   1.0000   0.9983   1.0000   0.9990     364.906
 3187.00 3.137747    0.9038 0.9237   0.9996   1.0000   1.0000   1.0000   0.9806   1.0000   0.9983   1.0000   0.9990     365.003
 3188.00 3.136763    0.9299 0.9507   0.9996   1.0000   1.0000   1.0000   0.9803   1.0000   0.9983   1.0000   0.9990     365.073
 3189.00 3.135779    0.9516 0.9735   0.9994   0.9999   1.0000   1.0000   0.9799   1.0000   0.9983   1.0000   0.9990     365.121
 3190.00 3.134796    0.9407 0.9630   0.9992   0.9999   1.0000   1.0000   0.9796   1.0000   0.9982   1.0000   0.9989     365.180
 3191.00 3.133814    0.9184 0.9502   0.9889   0.9999   1.0000   1.0000   0.9793   1.0000   0.9982   1.0000   0.9989     365.262
 3192.00 3.132832    0.8506 0.8774   0.9921   0.9998   1.0000   1.0000   0.9791   1.0000   0.9982   1.0000   0.9989     365.411
 3193.00 3.131851    0.9304 0.9553   0.9971   0.9997   1.0000   1.0000   0.9788   1.0000   0.9982   1.0000   0.9989     365.481
 3194.00 3.130870    0.9231 0.9460   0.9993   0.9997   1.0000   1.0000   0.9785   1.0000   0.9982   1.0000   0.9989     365.558
 3195.00 3.129890    0.8230 0.8445   0.9983   0.9997   1.0000   1.0000   0.9783   1.0000   0.9982   1.0000   0.9989     365.735
 3196.00 3.128911    0.2085 0.2139   0.9987   0.9997   1.0000   1.0000   0.9780   1.0000   0.9982   1.0000   0.9989     366.527
 3197.00 3.127933    0.3673 0.3775   0.9973   0.9996   1.0000   1.0000   0.9777   1.0000   0.9982   1.0000   0.9989     367.159
 3198.00 3.126954    0.0739 0.0759   0.9981   0.9997   1.0000   1.0000   0.9775   1.0000   0.9982   1.0000   0.9989     368.085
 3199.00 3.125977    0.5691 0.5862   0.9958   0.9996   1.0000   1.0000   0.9772   1.0000   0.9982   1.0000   0.9989     368.516


   FREQ WAVELENGTH    TOTAL   H2O     CO2+     OZONE    TRACE  N2 CONT  H2O CONT MOL SCAT  AER&CLD  HNO3    AER&CLD  INTEGRATED
   1/CM   MICRONS     TRANS  TRANS    TRANS    TRANS    TRANS   TRANS    TRANS    TRANS     TRANS   TRANS   TAU-ABS  ABSORPTION
 3200.00 3.125000    0.2616 0.2704   0.9924   0.9997   1.0000   1.0000   0.9769   1.0000   0.9982   1.0000   0.9989     369.255
 3201.00 3.124024    0.8267 0.8500   0.9979   0.9997   1.0000   1.0000   0.9768   1.0000   0.9982   1.0000   0.9989     369.428
 3202.00 3.123048    0.8985 0.9222   0.9997   0.9998   1.0000   1.0000   0.9766   1.0000   0.9982   1.0000   0.9989     369.530
 3203.00 3.122073    0.8943 0.9195   0.9980   0.9999   1.0000   1.0000   0.9764   1.0000   0.9982   1.0000   0.9989     369.635
 3204.00 3.121099    0.9242 0.9489   0.9996   1.0000   1.0000   1.0000   0.9762   1.0000   0.9982   1.0000   0.9989     369.711
 3205.00 3.120125    0.9199 0.9461   0.9980   1.0000   1.0000   1.0000   0.9761   1.0000   0.9982   1.0000   0.9989     369.791
 3206.00 3.119152    0.9332 0.9602   0.9978   1.0000   1.0000   1.0000   0.9759   1.0000   0.9982   1.0000   0.9989     369.858
 3207.00 3.118179    0.8373 0.8605   0.9991   1.0000   1.0000   1.0000   0.9757   1.0000   0.9982   1.0000   0.9989     370.021
 3208.00 3.117207    0.8397 0.8660   0.9958   1.0000   1.0000   1.0000   0.9755   1.0000   0.9982   1.0000   0.9989     370.181
 3209.00 3.116235    0.4435 0.4562   0.9987   1.0000   1.0000   1.0000   0.9754   1.0000   0.9982   1.0000   0.9989     370.737
 3210.00 3.115265    0.1226 0.1262   0.9985   1.0000   1.0000   1.0000   0.9752   1.0000   0.9982   1.0000   0.9989     371.615
 3211.00 3.114295    0.6693 0.6886   0.9986   1.0000   1.0000   1.0000   0.9750   1.0000   0.9981   1.0000   0.9988     371.946
 3212.00 3.113325    0.8050 0.8274   0.9999   1.0000   1.0000   1.0000   0.9749   1.0000   0.9981   1.0000   0.9988     372.141
 3213.00 3.112356    0.6353 0.6537   0.9989   1.0000   1.0000   1.0000   0.9747   1.0000   0.9981   1.0000   0.9988     372.505
 3214.00 3.111388    0.0498 0.0512   0.9999   1.0000   1.0000   1.0000   0.9745   1.0000   0.9981   1.0000   0.9988     373.456
 3215.00 3.110420    0.4456 0.4593   0.9977   1.0000   1.0000   1.0000   0.9743   1.0000   0.9981   1.0000   0.9988     374.010
 3216.00 3.109453    0.6326 0.6517   0.9984   1.0000   1.0000   1.0000   0.9742   1.0000   0.9981   1.0000   0.9988     374.377
 3217.00 3.108486    0.5159 0.5308   0.9998   1.0000   1.0000   1.0000   0.9740   1.0000   0.9981   1.0000   0.9988     374.861
 3218.00 3.107520    0.7354 0.7571   0.9994   1.0000   1.0000   1.0000   0.9738   1.0000   0.9981   1.0000   0.9988     375.126
 3219.00 3.106555    0.2106 0.2168   0.9999   1.0000   1.0000   1.0000   0.9737   1.0000   0.9981   1.0000   0.9988     375.915
 3220.00 3.105590    0.1258 0.1295   0.9995   1.0000   1.0000   1.0000   0.9735   1.0000   0.9981   1.0000   0.9988     376.789
 3221.00 3.104626    0.6004 0.6186   0.9992   1.0000   1.0000   1.0000   0.9734   1.0000   0.9981   1.0000   0.9988     377.189
 3222.00 3.103662    0.3020 0.3111   0.9993   1.0000   1.0000   1.0000   0.9734   1.0000   0.9981   1.0000   0.9988     377.887
 3223.00 3.102699    0.7732 0.7964   0.9995   1.0000   1.0000   1.0000   0.9733   1.0000   0.9981   1.0000   0.9988     378.114
 3224.00 3.101737    0.9061 0.9331   0.9998   1.0000   1.0000   1.0000   0.9732   1.0000   0.9981   1.0000   0.9988     378.208
 3225.00 3.100775    0.8969 0.9236   0.9998   1.0000   1.0000   1.0000   0.9732   1.0000   0.9981   1.0000   0.9988     378.311
 3226.00 3.099814    0.6020 0.6199   0.9999   1.0000   1.0000   1.0000   0.9731   1.0000   0.9981   1.0000   0.9988     378.709
 3227.00 3.098853    0.4097 0.4219   0.9999   1.0000   1.0000   1.0000   0.9730   1.0000   0.9981   1.0000   0.9988     379.299
 3228.00 3.097893    0.5707 0.5877   0.9999   1.0000   1.0000   1.0000   0.9729   0.9999   0.9981   1.0000   0.9988     379.728
 3229.00 3.096934    0.6351 0.6541   1.0000   1.0000   1.0000   1.0000   0.9729   0.9999   0.9981   1.0000   0.9988     380.093
 3230.00 3.095975    0.1540 0.1586   0.9999   1.0000   1.0000   1.0000   0.9728   0.9999   0.9981   1.0000   0.9988     380.939
 3231.00 3.095017    0.5791 0.5967   0.9997   1.0000   1.0000   1.0000   0.9728   0.9999   0.9981   1.0000   0.9987     381.360
 3232.00 3.094059    0.4924 0.5074   0.9995   1.0000   1.0000   1.0000   0.9727   0.9999   0.9980   1.0000   0.9987     381.868
 3233.00 3.093102    0.2014 0.2075   0.9999   1.0000   1.0000   1.0000   0.9727   0.9999   0.9980   1.0000   0.9987     382.666
 3234.00 3.092146    0.7588 0.7818   0.9999   1.0000   1.0000   1.0000   0.9726   0.9999   0.9980   1.0000   0.9987     382.908
 3235.00 3.091190    0.7837 0.8079   0.9995   1.0000   1.0000   1.0000   0.9726   0.9999   0.9980   1.0000   0.9987     383.124
 3236.00 3.090235    0.5260 0.5420   0.9999   1.0000   1.0000   1.0000   0.9725   0.9999   0.9980   1.0000   0.9987     383.598
 3237.00 3.089280    0.3073 0.3167   1.0000   1.0000   1.0000   1.0000   0.9725   0.9999   0.9980   1.0000   0.9987     384.291
 3238.00 3.088326    0.7332 0.7556   0.9998   1.0000   1.0000   1.0000   0.9724   0.9999   0.9980   1.0000   0.9987     384.557
 3239.00 3.087373    0.8418 0.8675   1.0000   1.0000   1.0000   1.0000   0.9724   0.9999   0.9980   1.0000   0.9987     384.716
 3240.00 3.086420    0.2923 0.3012   1.0000   1.0000   1.0000   1.0000   0.9723   0.9999   0.9980   1.0000   0.9987     385.423
 3241.00 3.085467    0.7336 0.7561   1.0000   1.0000   1.0000   1.0000   0.9723   0.9999   0.9980   1.0000   0.9987     385.690
 3242.00 3.084516    0.5574 0.5744   1.0000   1.0000   1.0000   1.0000   0.9724   0.9999   0.9980   1.0000   0.9987     386.132
 3243.00 3.083565    0.6488 0.6686   1.0000   1.0000   1.0000   1.0000   0.9724   0.9999   0.9980   1.0000   0.9987     386.484
 3244.00 3.082614    0.4513 0.4651   1.0000   1.0000   1.0000   1.0000   0.9724   0.9999   0.9980   1.0000   0.9987     387.032
 3245.00 3.081664    0.0166 0.0171   0.9999   1.0000   1.0000   1.0000   0.9724   0.9999   0.9980   1.0000   0.9987     388.016
 3246.00 3.080715    0.5124 0.5280   0.9999   1.0000   1.0000   1.0000   0.9724   0.9999   0.9980   1.0000   0.9987     388.503
 3247.00 3.079766    0.6699 0.6904   0.9999   1.0000   1.0000   1.0000   0.9725   0.9999   0.9980   1.0000   0.9987     388.833
 3248.00 3.078818    0.8952 0.9227   0.9998   1.0000   1.0000   1.0000   0.9725   0.9999   0.9980   1.0000   0.9986     388.938
 3249.00 3.077870    0.8504 0.8764   1.0000   1.0000   1.0000   1.0000   0.9725   0.9999   0.9980   1.0000   0.9986     389.088


   FREQ WAVELENGTH    TOTAL   H2O     CO2+     OZONE    TRACE  N2 CONT  H2O CONT MOL SCAT  AER&CLD  HNO3    AER&CLD  INTEGRATED
   1/CM   MICRONS     TRANS  TRANS    TRANS    TRANS    TRANS   TRANS    TRANS    TRANS     TRANS   TRANS   TAU-ABS  ABSORPTION
 3250.00 3.076923    0.9238 0.9522   0.9996   1.0000   1.0000   1.0000   0.9725   0.9999   0.9979   1.0000   0.9986     389.164
 3251.00 3.075977    0.9214 0.9494   1.0000   1.0000   1.0000   1.0000   0.9726   0.9999   0.9979   1.0000   0.9986     389.243
 3252.00 3.075031    0.8417 0.8672   0.9999   1.0000   1.0000   1.0000   0.9727   0.9999   0.9979   1.0000   0.9986     389.401
 3253.00 3.074085    0.7493 0.7721   0.9999   1.0000   1.0000   1.0000   0.9728   0.9999   0.9979   1.0000   0.9986     389.652
 3254.00 3.073141    0.1158 0.1193   1.0000   1.0000   1.0000   1.0000   0.9728   0.9999   0.9979   1.0000   0.9986     390.536
 3255.00 3.072197    0.5480 0.5645   0.9999   1.0000   1.0000   1.0000   0.9729   0.9999   0.9979   1.0000   0.9986     390.988
 3256.00 3.071253    0.6614 0.6813   0.9999   1.0000   1.0000   1.0000   0.9730   0.9999   0.9979   1.0000   0.9986     391.326
 3257.00 3.070310    0.2572 0.2649   0.9999   1.0000   1.0000   1.0000   0.9731   0.9999   0.9979   1.0000   0.9986     392.069
 3258.00 3.069368    0.5662 0.5831   0.9999   1.0000   1.0000   1.0000   0.9732   0.9999   0.9979   1.0000   0.9986     392.503
 3259.00 3.068426    0.8538 0.8792   1.0000   1.0000   1.0000   1.0000   0.9733   0.9999   0.9979   1.0000   0.9986     392.649
 3260.00 3.067485    0.4478 0.4611   0.9999   1.0000   1.0000   1.0000   0.9734   0.9999   0.9979   1.0000   0.9986     393.201
 3261.00 3.066544    0.6587 0.6782   0.9999   1.0000   1.0000   1.0000   0.9734   0.9999   0.9979   1.0000   0.9986     393.543
 3262.00 3.065604    0.8995 0.9260   0.9999   1.0000   1.0000   1.0000   0.9735   0.9999   0.9979   1.0000   0.9986     393.643
 3263.00 3.064664    0.5370 0.5528   0.9999   1.0000   1.0000   1.0000   0.9735   0.9999   0.9979   1.0000   0.9986     394.106
 3264.00 3.063725    0.7438 0.7658   0.9999   1.0000   1.0000   1.0000   0.9736   0.9999   0.9979   1.0000   0.9986     394.362
 3265.00 3.062787    0.3405 0.3505   0.9999   1.0000   1.0000   1.0000   0.9736   0.9999   0.9979   1.0000   0.9986     395.022
 3266.00 3.061849    0.5301 0.5456   0.9999   1.0000   1.0000   1.0000   0.9737   0.9999   0.9979   1.0000   0.9985     395.492
 3267.00 3.060912    0.8336 0.8580   1.0000   1.0000   1.0000   1.0000   0.9738   0.9999   0.9979   1.0000   0.9985     395.658
 3268.00 3.059976    0.9279 0.9551   0.9999   1.0000   1.0000   1.0000   0.9738   0.9999   0.9979   1.0000   0.9985     395.730
 3269.00 3.059039    0.9262 0.9533   0.9999   1.0000   1.0000   1.0000   0.9739   0.9999   0.9978   1.0000   0.9985     395.804
 3270.00 3.058104    0.6773 0.6970   0.9999   1.0000   1.0000   1.0000   0.9739   0.9999   0.9978   1.0000   0.9985     396.127
 3271.00 3.057169    0.4342 0.4468   0.9999   1.0000   1.0000   1.0000   0.9741   0.9999   0.9978   1.0000   0.9985     396.692
 3272.00 3.056235    0.4287 0.4411   0.9999   1.0000   1.0000   1.0000   0.9742   0.9999   0.9978   1.0000   0.9985     397.264
 3273.00 3.055301    0.3229 0.3323   0.9998   1.0000   1.0000   1.0000   0.9743   0.9999   0.9978   1.0000   0.9985     397.941
 3274.00 3.054368    0.0730 0.0751   0.9995   1.0000   1.0000   1.0000   0.9745   0.9999   0.9978   1.0000   0.9985     398.868
 3275.00 3.053435    0.3949 0.4064   0.9993   1.0000   1.0000   1.0000   0.9746   0.9999   0.9978   1.0000   0.9985     399.473
 3276.00 3.052503    0.1937 0.1992   0.9999   1.0000   1.0000   1.0000   0.9747   0.9999   0.9978   1.0000   0.9985     400.279
 3277.00 3.051572    0.3483 0.3582   0.9999   1.0000   1.0000   1.0000   0.9749   0.9999   0.9978   1.0000   0.9985     400.931
 3278.00 3.050641    0.7572 0.7785   0.9999   1.0000   1.0000   1.0000   0.9750   0.9999   0.9978   1.0000   0.9985     401.174
 3279.00 3.049710    0.4661 0.4791   0.9999   1.0000   1.0000   1.0000   0.9751   0.9999   0.9978   1.0000   0.9985     401.707
 3280.00 3.048780    0.2441 0.2509   0.9999   1.0000   1.0000   1.0000   0.9753   0.9999   0.9978   1.0000   0.9985     402.463
 3281.00 3.047851    0.7236 0.7439   0.9996   1.0000   1.0000   1.0000   0.9754   0.9999   0.9978   1.0000   0.9985     402.740
 3282.00 3.046923    0.8669 0.8909   0.9998   1.0000   1.0000   1.0000   0.9755   0.9999   0.9978   1.0000   0.9985     402.873
 3283.00 3.045995    0.4161 0.4276   0.9998   1.0000   1.0000   1.0000   0.9756   0.9999   0.9978   1.0000   0.9984     403.457
 3284.00 3.045067    0.4387 0.4508   0.9998   1.0000   1.0000   1.0000   0.9757   0.9999   0.9978   1.0000   0.9984     404.018
 3285.00 3.044140    0.8435 0.8665   0.9999   1.0000   1.0000   1.0000   0.9758   0.9999   0.9978   1.0000   0.9984     404.175
 3286.00 3.043214    0.8089 0.8310   0.9998   1.0000   1.0000   1.0000   0.9759   0.9999   0.9978   1.0000   0.9984     404.366
 3287.00 3.042288    0.8900 0.9143   0.9997   1.0000   1.0000   1.0000   0.9760   0.9999   0.9977   1.0000   0.9984     404.476
 3288.00 3.041363    0.5215 0.5356   0.9999   1.0000   1.0000   1.0000   0.9761   0.9999   0.9977   1.0000   0.9984     404.954
 3289.00 3.040438    0.2111 0.2169   0.9996   1.0000   1.0000   1.0000   0.9762   0.9999   0.9977   1.0000   0.9984     405.743
 3290.00 3.039514    0.7575 0.7781   0.9994   1.0000   1.0000   1.0000   0.9763   0.9999   0.9977   1.0000   0.9984     405.986
 3291.00 3.038590    0.4256 0.4370   0.9998   1.0000   1.0000   1.0000   0.9764   0.9999   0.9977   1.0000   0.9984     406.560
 3292.00 3.037667    0.4093 0.4203   0.9995   1.0000   1.0000   1.0000   0.9765   0.9999   0.9977   1.0000   0.9984     407.151
 3293.00 3.036745    0.1653 0.1698   0.9996   1.0000   1.0000   1.0000   0.9766   0.9999   0.9977   1.0000   0.9984     407.985
 3294.00 3.035823    0.4205 0.4317   0.9995   1.0000   1.0000   1.0000   0.9767   0.9999   0.9977   1.0000   0.9984     408.565
 3295.00 3.034901    0.8475 0.8704   0.9992   1.0000   1.0000   1.0000   0.9768   0.9999   0.9977   1.0000   0.9984     408.717
 3296.00 3.033981    0.7901 0.8111   0.9996   1.0000   1.0000   1.0000   0.9769   0.9999   0.9977   1.0000   0.9984     408.927
 3297.00 3.033060    0.2223 0.2282   0.9992   1.0000   1.0000   1.0000   0.9770   0.9999   0.9977   1.0000   0.9984     409.705
 3298.00 3.032141    0.3144 0.3229   0.9989   1.0000   1.0000   1.0000   0.9771   0.9999   0.9977   1.0000   0.9983     410.391
 3299.00 3.031222    0.8686 0.8915   0.9995   1.0000   1.0000   1.0000   0.9771   0.9999   0.9977   1.0000   0.9983     410.522


   FREQ WAVELENGTH    TOTAL   H2O     CO2+     OZONE    TRACE  N2 CONT  H2O CONT MOL SCAT  AER&CLD  HNO3    AER&CLD  INTEGRATED
   1/CM   MICRONS     TRANS  TRANS    TRANS    TRANS    TRANS   TRANS    TRANS    TRANS     TRANS   TRANS   TAU-ABS  ABSORPTION
 3300.00 3.030303    0.6581 0.6761   0.9985   1.0000   1.0000   1.0000   0.9772   0.9999   0.9977   1.0000   0.9983     410.864
 3301.00 3.029385    0.8688 0.8914   0.9996   1.0000   1.0000   1.0000   0.9774   0.9999   0.9977   1.0000   0.9983     410.995
 3302.00 3.028468    0.9365 0.9619   0.9982   1.0000   1.0000   1.0000   0.9776   0.9999   0.9977   1.0000   0.9983     411.059
 3303.00 3.027551    0.5074 0.5214   0.9977   1.0000   1.0000   1.0000   0.9778   0.9999   0.9977   1.0000   0.9983     411.551
 3304.00 3.026634    0.8658 0.8879   0.9994   1.0000   1.0000   1.0000   0.9780   0.9999   0.9976   1.0000   0.9983     411.685
 3305.00 3.025719    0.9348 0.9605   0.9973   1.0000   1.0000   1.0000   0.9782   0.9999   0.9976   1.0000   0.9983     411.751
 3306.00 3.024803    0.9179 0.9437   0.9965   1.0000   1.0000   1.0000   0.9784   0.9999   0.9976   1.0000   0.9983     411.833
 3307.00 3.023889    0.8625 0.8841   0.9993   1.0000   1.0000   1.0000   0.9786   0.9999   0.9976   1.0000   0.9983     411.970
 3308.00 3.022974    0.2706 0.2783   0.9958   1.0000   1.0000   1.0000   0.9788   0.9999   0.9976   1.0000   0.9983     412.700
 3309.00 3.022061    0.1022 0.1051   0.9954   1.0000   1.0000   1.0000   0.9790   0.9999   0.9976   1.0000   0.9983     413.597
 3310.00 3.021148    0.7259 0.7439   0.9991   1.0000   1.0000   1.0000   0.9792   0.9999   0.9976   1.0000   0.9983     413.872
 3311.00 3.020236    0.6136 0.6317   0.9944   1.0000   1.0000   1.0000   0.9793   0.9999   0.9976   1.0000   0.9983     414.258
 3312.00 3.019324    0.4498 0.4608   0.9990   1.0000   1.0000   1.0000   0.9794   0.9999   0.9976   1.0000   0.9983     414.808
 3313.00 3.018412    0.1665 0.1715   0.9940   1.0000   1.0000   1.0000   0.9796   0.9999   0.9976   1.0000   0.9982     415.642
 3314.00 3.017502    0.5525 0.5692   0.9933   1.0000   1.0000   1.0000   0.9797   0.9999   0.9976   1.0000   0.9982     416.089
 3315.00 3.016591    0.8354 0.8556   0.9989   1.0000   1.0000   1.0000   0.9798   0.9999   0.9976   1.0000   0.9982     416.254
 3316.00 3.015682    0.9276 0.9556   0.9930   1.0000   1.0000   1.0000   0.9800   0.9999   0.9976   1.0000   0.9982     416.326
 3317.00 3.014772    0.6707 0.6910   0.9928   1.0000   1.0000   1.0000   0.9801   0.9999   0.9976   1.0000   0.9982     416.655
 3318.00 3.013864    0.7591 0.7774   0.9987   1.0000   1.0000   1.0000   0.9803   0.9999   0.9976   1.0000   0.9982     416.896
 3319.00 3.012956    0.7595 0.7823   0.9928   1.0000   1.0000   1.0000   0.9804   0.9999   0.9976   1.0000   0.9982     417.137
 3320.00 3.012048    0.8958 0.9174   0.9983   1.0000   1.0000   1.0000   0.9805   0.9999   0.9976   1.0000   0.9982     417.241
 3321.00 3.011141    0.9439 0.9715   0.9934   1.0000   1.0000   1.0000   0.9805   0.9999   0.9975   1.0000   0.9982     417.297
 3322.00 3.010235    0.8852 0.9108   0.9937   1.0000   1.0000   1.0000   0.9805   0.9999   0.9975   1.0000   0.9982     417.412
 3323.00 3.009329    0.4109 0.4209   0.9981   1.0000   1.0000   1.0000   0.9805   0.9999   0.9975   1.0000   0.9982     418.001
 3324.00 3.008424    0.6257 0.6432   0.9946   1.0000   1.0000   1.0000   0.9806   0.9999   0.9975   1.0000   0.9982     418.375
 3325.00 3.007519    0.5836 0.5995   0.9953   1.0000   1.0000   1.0000   0.9806   0.9999   0.9975   1.0000   0.9982     418.792
 3326.00 3.006614    0.4327 0.4433   0.9979   1.0000   1.0000   1.0000   0.9806   0.9999   0.9975   1.0000   0.9982     419.359
 3327.00 3.005711    0.1238 0.1270   0.9965   1.0000   1.0000   1.0000   0.9806   0.9999   0.9975   1.0000   0.9982     420.235
 3328.00 3.004808    0.7027 0.7208   0.9968   1.0000   1.0000   1.0000   0.9806   0.9999   0.9975   1.0000   0.9981     420.532
 3329.00 3.003905    0.8369 0.8577   0.9977   1.0000   1.0000   1.0000   0.9806   0.9999   0.9975   1.0000   0.9981     420.695
 3330.00 3.003003    0.6917 0.7092   0.9972   1.0000   1.0000   1.0000   0.9806   0.9999   0.9975   1.0000   0.9981     421.004
 3331.00 3.002101    0.9370 0.9601   0.9978   1.0000   1.0000   1.0000   0.9806   0.9999   0.9975   1.0000   0.9981     421.067
 3332.00 3.001200    0.9360 0.9596   0.9974   1.0000   1.0000   1.0000   0.9805   0.9999   0.9975   1.0000   0.9981     421.131
 3333.00 3.000300    0.9053 0.9281   0.9975   1.0000   0.9999   1.0000   0.9804   0.9999   0.9975   1.0000   0.9981     421.178

 INTEGRATED ABSORPTION FROM  2000.00 TO  3333.00 CM-1 =    421.1782 CM-1
 AVERAGE TRANSMITTANCE = 0.6840

VOIGT SINGLE LINE SPECTRAL BIN TRANSMITTANCES ARE COMPUTED FROM AN INFINITE SERIES OF MODIFIED
BESSEL FUNCTIONS OF THE FIRST KIND TRUNCATED AFTER AT MOST 8 TERMS (I7).  THE MAXIMUM MAGNITUDE
OF THE 8th TERM WAS  0.01500 AND THIS VALUE OCCURRED AT SPECTRAL FREQUENCY  2380.00 CM-1.

 CARD 5 *****    0   0       0.  0       0.  0       1.
