T F 2    2    0    0    2    2    2    2    2    2    1    0    0   0.0000.00000
    1    1    1    0    0    0  23.00000   0.00000   0.00000   0.00000   0.00000
 -99.000 -99.000 -99.000
 -99.00000 -99.00000 -99.00000  2.922360  0.000710 ! H2O & O3 COLUMNS [GM/CM2]
   36MID-LATITUDE SUMMER 
   5.00000   5.00000  90.12056  30.00027   0.26958   0.00000    1        0.00000
  -99  -99  -99  -99
 -99.00000 -99.00000 -99.00000 -99.00000 -99.00000 -99.00000 -99.00000 -99.00000
    2000.0    3333.0       1.0       1.0NWW             
    0   0    0.000  0    0.000  0    1.000
    FREQ COMBIN    H2O   UMIX     O3  TRACE     N2    H2O MOLEC AER+CLD  HNO3 AER+CLD    -LOG    CO2     CO    CH4    N2O     O2    NH3     NO    NO2    SO2  CLOUD  CFC11  CFC12  CFC13  CFC14  CFC22 CFC113 CFC114 CFC115 CLONO2   HNO4 CHCL2F   CCL4   N2O5
    CM-1  TRANS  TRANS  TRANS  TRANS  TRANS   CONT   CONT   SCAT  TRANS  TRANS abTRNS  COMBIN  TRANS  TRANS  TRANS  TRANS  TRANS  TRANS  TRANS  TRANS  TRANS  TRANS  TRANS  TRANS  TRANS  TRANS  TRANS  TRANS  TRANS  TRANS  TRANS  TRANS  TRANS  TRANS  TRANS
 2000.00 0.2378 0.2835 0.9985 0.9996 1.0000 1.0000 0.8424 1.0000 0.9975 1.0000 0.9985   1.436 0.9986 0.9999 1.0000 1.0000 1.0000 1.0000 1.0000 1.0000 1.0000 1.0000 1.0000 1.0000 1.0000 1.0000 1.0000 1.0000 1.0000 1.0000 1.0000 1.0000 1.0000 1.0000 1.0000
 2001.00 0.5086 0.6085 0.9931 0.9995 1.0000 1.0000 0.8442 1.0000 0.9975 1.0000 0.9985   0.676 0.9931 1.0000 1.0000 1.0000 1.0000 1.0000 1.0000 1.0000 1.0000 1.0000 1.0000 1.0000 1.0000 1.0000 1.0000 1.0000 1.0000 1.0000 1.0000 1.0000 1.0000 1.0000 1.0000
 2002.00 0.6564 0.7855 0.9908 0.9995 1.0000 1.0000 0.8459 1.0000 0.9975 1.0000 0.9985   0.421 0.9909 1.0000 1.0000 1.0000 1.0000 1.0000 1.0000 1.0000 1.0000 1.0000 1.0000 1.0000 1.0000 1.0000 1.0000 1.0000 1.0000 1.0000 1.0000 1.0000 1.0000 1.0000 1.0000
 2003.00 0.5646 0.6721 0.9941 0.9994 1.0000 1.0000 0.8477 1.0000 0.9975 1.0000 0.9985   0.572 0.9942 1.0000 1.0000 1.0000 1.0000 1.0000 1.0000 1.0000 1.0000 1.0000 1.0000 1.0000 1.0000 1.0000 1.0000 1.0000 1.0000 1.0000 1.0000 1.0000 1.0000 1.0000 1.0000
 2004.00 0.6747 0.8088 0.9853 0.9992 1.0000 1.0000 0.8494 1.0000 0.9975 1.0000 0.9985   0.394 0.9864 0.9989 1.0000 1.0000 1.0000 1.0000 1.0000 1.0000 1.0000 1.0000 1.0000 1.0000 1.0000 1.0000 1.0000 1.0000 1.0000 1.0000 1.0000 1.0000 1.0000 1.0000 1.0000
 2005.00 0.6734 0.7954 0.9979 0.9993 1.0000 1.0000 0.8512 1.0000 0.9975 1.0000 0.9985   0.395 0.9979 1.0000 1.0000 1.0000 1.0000 1.0000 1.0000 1.0000 1.0000 1.0000 1.0000 1.0000 1.0000 1.0000 1.0000 1.0000 1.0000 1.0000 1.0000 1.0000 1.0000 1.0000 1.0000
 2006.00 0.4903 0.5852 0.9856 0.9992 1.0000 1.0000 0.8529 1.0000 0.9975 1.0000 0.9985   0.713 0.9856 1.0000 1.0000 1.0000 1.0000 1.0000 1.0000 1.0000 1.0000 1.0000 1.0000 1.0000 1.0000 1.0000 1.0000 1.0000 1.0000 1.0000 1.0000 1.0000 1.0000 1.0000 1.0000
 2007.00 0.2872 0.3429 0.9832 0.9993 1.0000 1.0000 0.8547 1.0000 0.9975 1.0000 0.9985   1.248 0.9833 0.9999 1.0000 1.0000 1.0000 1.0000 1.0000 1.0000 1.0000 1.0000 1.0000 1.0000 1.0000 1.0000 1.0000 1.0000 1.0000 1.0000 1.0000 1.0000 1.0000 1.0000 1.0000
 2008.00 0.0699 0.0822 0.9965 0.9991 1.0000 1.0000 0.8565 1.0000 0.9975 1.0000 0.9985   2.661 0.9975 0.9990 1.0000 1.0000 1.0000 1.0000 1.0000 1.0000 1.0000 1.0000 1.0000 1.0000 1.0000 1.0000 1.0000 1.0000 1.0000 1.0000 1.0000 1.0000 1.0000 1.0000 1.0000
 2009.00 0.1259 0.1504 0.9789 0.9991 1.0000 1.0000 0.8583 1.0000 0.9975 1.0000 0.9985   2.072 0.9798 0.9991 1.0000 1.0000 1.0000 1.0000 1.0000 1.0000 1.0000 1.0000 1.0000 1.0000 1.0000 1.0000 1.0000 1.0000 1.0000 1.0000 1.0000 1.0000 1.0000 1.0000 1.0000
 2010.00 0.3411 0.4072 0.9769 0.9994 1.0000 1.0000 0.8600 1.0000 0.9975 1.0000 0.9985   1.076 0.9770 1.0000 1.0000 1.0000 1.0000 1.0000 1.0000 1.0000 1.0000 1.0000 1.0000 1.0000 1.0000 1.0000 1.0000 1.0000 1.0000 1.0000 1.0000 1.0000 1.0000 1.0000 1.0000
 2011.00 0.5331 0.6229 0.9965 0.9990 1.0000 1.0000 0.8619 1.0000 0.9975 1.0000 0.9985   0.629 0.9966 0.9999 1.0000 1.0000 1.0000 1.0000 1.0000 1.0000 1.0000 1.0000 1.0000 1.0000 1.0000 1.0000 1.0000 1.0000 1.0000 1.0000 1.0000 1.0000 1.0000 1.0000 1.0000
 2012.00 0.6118 0.7323 0.9708 0.9990 1.0000 1.0000 0.8638 1.0000 0.9975 1.0000 0.9985   0.491 0.9720 0.9987 1.0000 1.0000 1.0000 1.0000 1.0000 1.0000 1.0000 1.0000 1.0000 1.0000 1.0000 1.0000 1.0000 1.0000 1.0000 1.0000 1.0000 1.0000 1.0000 1.0000 1.0000
 2013.00 0.5697 0.6643 0.9944 0.9989 1.0000 1.0000 0.8656 1.0000 0.9975 1.0000 0.9985   0.563 0.9959 0.9985 1.0000 1.0000 1.0000 1.0000 1.0000 1.0000 1.0000 1.0000 1.0000 1.0000 1.0000 1.0000 1.0000 1.0000 1.0000 1.0000 1.0000 1.0000 1.0000 1.0000 1.0000
 2014.00 0.4728 0.5641 0.9696 0.9990 1.0000 1.0000 0.8675 1.0000 0.9975 1.0000 0.9985   0.749 0.9696 0.9999 1.0000 1.0000 1.0000 1.0000 1.0000 1.0000 1.0000 1.0000 1.0000 1.0000 1.0000 1.0000 1.0000 1.0000 1.0000 1.0000 1.0000 1.0000 1.0000 1.0000 1.0000
 2015.00 0.2408 0.2879 0.9658 0.9989 1.0000 1.0000 0.8694 1.0000 0.9975 1.0000 0.9985   1.424 0.9658 0.9999 1.0000 1.0000 1.0000 1.0000 1.0000 1.0000 1.0000 1.0000 1.0000 1.0000 1.0000 1.0000 1.0000 1.0000 1.0000 1.0000 1.0000 1.0000 1.0000 1.0000 1.0000
 2016.00 0.0242 0.0281 0.9929 0.9988 1.0000 1.0000 0.8713 1.0000 0.9975 1.0000 0.9985   3.722 0.9931 0.9999 1.0000 1.0000 1.0000 1.0000 1.0000 1.0000 1.0000 1.0000 1.0000 1.0000 1.0000 1.0000 1.0000 1.0000 1.0000 1.0000 1.0000 1.0000 1.0000 1.0000 1.0000
 2017.00 0.0000 0.0000 0.9607 0.9990 1.0000 1.0000 0.8732 1.0000 0.9975 1.0000 0.9985  13.503 0.9629 0.9977 1.0000 1.0000 1.0000 1.0000 1.0000 1.0000 1.0000 1.0000 1.0000 1.0000 1.0000 1.0000 1.0000 1.0000 1.0000 1.0000 1.0000 1.0000 1.0000 1.0000 1.0000
 2018.00 0.0017 0.0021 0.9588 0.9988 1.0000 1.0000 0.8751 1.0000 0.9975 1.0000 0.9985   6.350 0.9608 0.9979 1.0000 1.0000 1.0000 1.0000 1.0000 1.0000 1.0000 1.0000 1.0000 1.0000 1.0000 1.0000 1.0000 1.0000 1.0000 1.0000 1.0000 1.0000 1.0000 1.0000 1.0000
 2019.00 0.0009 0.0011 0.9905 0.9986 1.0000 1.0000 0.8770 1.0000 0.9975 1.0000 0.9985   6.988 0.9907 0.9999 1.0000 1.0000 1.0000 1.0000 1.0000 1.0000 1.0000 1.0000 1.0000 1.0000 1.0000 1.0000 1.0000 1.0000 1.0000 1.0000 1.0000 1.0000 1.0000 1.0000 1.0000
 2020.00 0.1776 0.2117 0.9583 0.9987 1.0000 1.0000 0.8789 1.0000 0.9975 1.0000 0.9985   1.728 0.9584 0.9999 1.0000 1.0000 1.0000 1.0000 1.0000 1.0000 1.0000 1.0000 1.0000 1.0000 1.0000 1.0000 1.0000 1.0000 1.0000 1.0000 1.0000 1.0000 1.0000 1.0000 1.0000
 2021.00 0.4230 0.5049 0.9546 0.9985 1.0000 1.0000 0.8814 1.0000 0.9975 1.0000 0.9985   0.860 0.9576 0.9968 1.0000 1.0000 1.0000 1.0000 1.0000 1.0000 1.0000 1.0000 1.0000 1.0000 1.0000 1.0000 1.0000 1.0000 1.0000 1.0000 1.0000 1.0000 1.0000 1.0000 1.0000
 2022.00 0.4267 0.4906 0.9878 0.9988 1.0000 1.0000 0.8838 1.0000 0.9974 1.0000 0.9985   0.852 0.9880 0.9998 1.0000 1.0000 1.0000 1.0000 1.0000 1.0000 1.0000 1.0000 1.0000 1.0000 1.0000 1.0000 1.0000 1.0000 1.0000 1.0000 1.0000 1.0000 1.0000 1.0000 1.0000
 2023.00 0.0452 0.0537 0.9535 0.9985 1.0000 1.0000 0.8862 1.0000 0.9974 1.0000 0.9985   3.097 0.9570 0.9963 1.0000 1.0000 1.0000 1.0000 1.0000 1.0000 1.0000 1.0000 1.0000 1.0000 1.0000 1.0000 1.0000 1.0000 1.0000 1.0000 1.0000 1.0000 1.0000 1.0000 1.0000
 2024.00 0.4634 0.5316 0.9850 0.9986 1.0000 1.0000 0.8886 1.0000 0.9974 1.0000 0.9985   0.769 0.9851 0.9999 1.0000 1.0000 1.0000 1.0000 1.0000 1.0000 1.0000 1.0000 1.0000 1.0000 1.0000 1.0000 1.0000 1.0000 1.0000 1.0000 1.0000 1.0000 1.0000 1.0000 1.0000
 2025.00 0.5964 0.7081 0.9494 0.9984 1.0000 1.0000 0.8910 1.0000 0.9974 1.0000 0.9985   0.517 0.9528 0.9964 1.0000 1.0000 1.0000 1.0000 1.0000 1.0000 1.0000 1.0000 1.0000 1.0000 1.0000 1.0000 1.0000 1.0000 1.0000 1.0000 1.0000 1.0000 1.0000 1.0000 1.0000
 2026.00 0.2923 0.3453 0.9510 0.9987 1.0000 1.0000 0.8935 1.0000 0.9974 1.0000 0.9985   1.230 0.9520 0.9989 1.0000 1.0000 1.0000 1.0000 1.0000 1.0000 1.0000 1.0000 1.0000 1.0000 1.0000 1.0000 1.0000 1.0000 1.0000 1.0000 1.0000 1.0000 1.0000 1.0000 1.0000
 2027.00 0.0357 0.0406 0.9860 0.9981 1.0000 1.0000 0.8960 1.0000 0.9974 1.0000 0.9985   3.333 0.9863 0.9997 1.0000 1.0000 1.0000 1.0000 1.0000 1.0000 1.0000 1.0000 1.0000 1.0000 1.0000 1.0000 1.0000 1.0000 1.0000 1.0000 1.0000 1.0000 1.0000 1.0000 1.0000
 2028.00 0.5491 0.6519 0.9413 0.9986 1.0000 1.0000 0.8985 1.0000 0.9974 1.0000 0.9985   0.599 0.9470 0.9939 1.0000 1.0000 1.0000 1.0000 1.0000 1.0000 1.0000 1.0000 1.0000 1.0000 1.0000 1.0000 1.0000 1.0000 1.0000 1.0000 1.0000 1.0000 1.0000 1.0000 1.0000
 2029.00 0.7312 0.8650 0.9422 0.9984 1.0000 1.0000 0.9010 1.0000 0.9974 1.0000 0.9985   0.313 0.9467 0.9952 1.0000 1.0000 1.0000 1.0000 1.0000 1.0000 1.0000 1.0000 1.0000 1.0000 1.0000 1.0000 1.0000 1.0000 1.0000 1.0000 1.0000 1.0000 1.0000 1.0000 1.0000
 2030.00 0.6470 0.7353 0.9779 0.9984 1.0000 1.0000 0.9035 1.0000 0.9974 1.0000 0.9985   0.435 0.9793 0.9986 1.0000 1.0000 1.0000 1.0000 1.0000 1.0000 1.0000 1.0000 1.0000 1.0000 1.0000 1.0000 1.0000 1.0000 1.0000 1.0000 1.0000 1.0000 1.0000 1.0000 1.0000
 2031.00 0.7855 0.9311 0.9367 0.9981 1.0000 1.0000 0.9046 1.0000 0.9974 1.0000 0.9985   0.241 0.9369 0.9998 1.0000 1.0000 1.0000 1.0000 1.0000 1.0000 1.0000 1.0000 1.0000 1.0000 1.0000 1.0000 1.0000 1.0000 1.0000 1.0000 1.0000 1.0000 1.0000 1.0000 1.0000
 2032.00 0.7412 0.8956 0.9179 0.9981 1.0000 1.0000 0.9057 1.0000 0.9974 1.0000 0.9985   0.300 0.9272 0.9900 1.0000 1.0000 1.0000 1.0000 1.0000 1.0000 1.0000 1.0000 1.0000 1.0000 1.0000 1.0000 1.0000 1.0000 1.0000 1.0000 1.0000 1.0000 1.0000 1.0000 1.0000
 2033.00 0.7929 0.9073 0.9683 0.9980 1.0000 1.0000 0.9068 1.0000 0.9974 1.0000 0.9985   0.232 0.9747 0.9934 1.0000 1.0000 1.0000 1.0000 1.0000 1.0000 1.0000 1.0000 1.0000 1.0000 1.0000 1.0000 1.0000 1.0000 1.0000 1.0000 1.0000 1.0000 1.0000 1.0000 1.0000
 2034.00 0.3443 0.4198 0.9074 0.9981 1.0000 1.0000 0.9078 1.0000 0.9974 1.0000 0.9985   1.066 0.9091 0.9981 1.0000 1.0000 1.0000 1.0000 1.0000 1.0000 1.0000 1.0000 1.0000 1.0000 1.0000 1.0000 1.0000 1.0000 1.0000 1.0000 1.0000 1.0000 1.0000 1.0000 1.0000
 2035.00 0.6302 0.7881 0.8838 0.9982 1.0000 1.0000 0.9089 1.0000 0.9974 1.0000 0.9985   0.462 0.8840 0.9998 1.0000 1.0000 1.0000 1.0000 1.0000 1.0000 1.0000 1.0000 1.0000 1.0000 1.0000 1.0000 1.0000 1.0000 1.0000 1.0000 1.0000 1.0000 1.0000 1.0000 1.0000
 2036.00 0.7668 0.8762 0.9658 0.9983 1.0000 1.0000 0.9100 1.0000 0.9974 1.0000 0.9985   0.266 0.9661 0.9997 1.0000 1.0000 1.0000 1.0000 1.0000 1.0000 1.0000 1.0000 1.0000 1.0000 1.0000 1.0000 1.0000 1.0000 1.0000 1.0000 1.0000 1.0000 1.0000 1.0000 1.0000
 2037.00 0.3708 0.6228 0.6566 0.9979 1.0000 1.0000 0.9111 1.0000 0.9974 1.0000 0.9985   0.992 0.6680 0.9830 1.0000 1.0000 1.0000 1.0000 1.0000 1.0000 1.0000 1.0000 1.0000 1.0000 1.0000 1.0000 1.0000 1.0000 1.0000 1.0000 1.0000 1.0000 1.0000 1.0000 1.0000
 2038.00 0.2671 0.4164 0.7067 0.9977 1.0000 1.0000 0.9122 1.0000 0.9974 1.0000 0.9985   1.320 0.7137 0.9903 1.0000 1.0000 1.0000 1.0000 1.0000 1.0000 1.0000 1.0000 1.0000 1.0000 1.0000 1.0000 1.0000 1.0000 1.0000 1.0000 1.0000 1.0000 1.0000 1.0000 1.0000
 2039.00 0.5894 0.6816 0.9514 0.9976 1.0000 1.0000 0.9133 1.0000 0.9974 1.0000 0.9985   0.529 0.9517 0.9997 1.0000 1.0000 1.0000 1.0000 1.0000 1.0000 1.0000 1.0000 1.0000 1.0000 1.0000 1.0000 1.0000 1.0000 1.0000 1.0000 1.0000 1.0000 1.0000 1.0000 1.0000
 2040.00 0.2543 0.3629 0.7704 0.9971 1.0000 1.0000 0.9144 1.0000 0.9974 1.0000 0.9985   1.369 0.7706 0.9998 1.0000 1.0000 1.0000 1.0000 1.0000 1.0000 1.0000 1.0000 1.0000 1.0000 1.0000 1.0000 1.0000 1.0000 1.0000 1.0000 1.0000 1.0000 1.0000 1.0000 1.0000
 2041.00 0.0068 0.0097 0.7734 0.9973 1.0000 1.0000 0.9161 1.0000 0.9974 1.0000 0.9985   4.990 0.7749 0.9980 1.0000 1.0000 1.0000 1.0000 1.0000 1.0000 1.0000 1.0000 1.0000 1.0000 1.0000 1.0000 1.0000 1.0000 1.0000 1.0000 1.0000 1.0000 1.0000 1.0000 1.0000
 2042.00 0.0642 0.0773 0.9088 0.9980 1.0000 1.0000 0.9177 1.0000 0.9974 1.0000 0.9985   2.746 0.9423 0.9645 1.0000 1.0000 1.0000 1.0000 1.0000 1.0000 1.0000 1.0000 1.0000 1.0000 1.0000 1.0000 1.0000 1.0000 1.0000 1.0000 1.0000 1.0000 1.0000 1.0000 1.0000
 2043.00 0.1814 0.2919 0.6790 0.9985 1.0000 1.0000 0.9193 1.0000 0.9974 1.0000 0.9985   1.707 0.6793 0.9996 1.0000 1.0000 1.0000 1.0000 1.0000 1.0000 1.0000 1.0000 1.0000 1.0000 1.0000 1.0000 1.0000 1.0000 1.0000 1.0000 1.0000 1.0000 1.0000 1.0000 1.0000
 2044.00 0.0180 0.0262 0.7490 0.9978 1.0000 1.0000 0.9209 1.0000 0.9974 1.0000 0.9985   4.020 0.7493 0.9996 1.0000 1.0000 1.0000 1.0000 1.0000 1.0000 1.0000 1.0000 1.0000 1.0000 1.0000 1.0000 1.0000 1.0000 1.0000 1.0000 1.0000 1.0000 1.0000 1.0000 1.0000
 2045.00 0.4369 0.5216 0.9126 0.9975 1.0000 1.0000 0.9225 1.0000 0.9974 1.0000 0.9985   0.828 0.9134 0.9991 1.0000 1.0000 1.0000 1.0000 1.0000 1.0000 1.0000 1.0000 1.0000 1.0000 1.0000 1.0000 1.0000 1.0000 1.0000 1.0000 1.0000 1.0000 1.0000 1.0000 1.0000
 2046.00 0.3200 0.6086 0.5717 0.9977 1.0000 1.0000 0.9242 1.0000 0.9974 1.0000 0.9985   1.139 0.6038 0.9469 1.0000 1.0000 1.0000 1.0000 1.0000 1.0000 1.0000 1.0000 1.0000 1.0000 1.0000 1.0000 1.0000 1.0000 1.0000 1.0000 1.0000 1.0000 1.0000 1.0000 1.0000
 2047.00 0.4071 0.5002 0.8842 0.9967 1.0000 1.0000 0.9259 1.0000 0.9974 1.0000 0.9985   0.899 0.8860 0.9979 1.0000 1.0000 1.0000 1.0000 1.0000 1.0000 1.0000 1.0000 1.0000 1.0000 1.0000 1.0000 1.0000 1.0000 1.0000 1.0000 1.0000 1.0000 1.0000 1.0000 1.0000
 2048.00 0.5648 0.8715 0.7029 0.9967 1.0000 1.0000 0.9276 1.0000 0.9974 1.0000 0.9985   0.571 0.7033 0.9994 1.0000 1.0000 1.0000 1.0000 1.0000 1.0000 1.0000 1.0000 1.0000 1.0000 1.0000 1.0000 1.0000 1.0000 1.0000 1.0000 1.0000 1.0000 1.0000 1.0000 1.0000
 2049.00 0.4137 0.8694 0.5150 0.9968 1.0000 1.0000 0.9293 1.0000 0.9974 1.0000 0.9985   0.883 0.5155 0.9992 1.0000 1.0000 1.0000 1.0000 1.0000 1.0000 1.0000 1.0000 1.0000 1.0000 1.0000 1.0000 1.0000 1.0000 1.0000 1.0000 1.0000 1.0000 1.0000 1.0000 1.0000
 2050.00 0.6385 0.8989 0.7677 0.9965 1.0000 1.0000 0.9310 1.0000 0.9974 1.0000 0.9985   0.449 0.7825 0.9811 1.0000 1.0000 1.0000 1.0000 1.0000 1.0000 1.0000 1.0000 1.0000 1.0000 1.0000 1.0000 1.0000 1.0000 1.0000 1.0000 1.0000 1.0000 1.0000 1.0000 1.0000
 2051.00 0.4762 0.8745 0.5877 0.9967 1.0000 1.0000 0.9320 1.0000 0.9974 1.0000 0.9985   0.742 0.6226 0.9440 1.0000 1.0000 1.0000 1.0000 1.0000 1.0000 1.0000 1.0000 1.0000 1.0000 1.0000 1.0000 1.0000 1.0000 1.0000 1.0000 1.0000 1.0000 1.0000 1.0000 1.0000
 2052.00 0.3914 0.9111 0.4635 0.9959 1.0000 1.0000 0.9331 1.0000 0.9974 1.0000 0.9985   0.938 0.4640 0.9989 1.0000 1.0000 1.0000 1.0000 1.0000 1.0000 1.0000 1.0000 1.0000 1.0000 1.0000 1.0000 1.0000 1.0000 1.0000 1.0000 1.0000 1.0000 1.0000 1.0000 1.0000
 2053.00 0.6005 0.8281 0.7815 0.9958 1.0000 1.0000 0.9342 1.0000 0.9974 1.0000 0.9985   0.510 0.7823 0.9990 1.0000 1.0000 1.0000 1.0000 1.0000 1.0000 1.0000 1.0000 1.0000 1.0000 1.0000 1.0000 1.0000 1.0000 1.0000 1.0000 1.0000 1.0000 1.0000 1.0000 1.0000
 2054.00 0.3592 0.7762 0.4985 0.9953 1.0000 1.0000 0.9353 1.0000 0.9974 1.0000 0.9985   1.024 0.5092 0.9791 1.0000 1.0000 1.0000 1.0000 1.0000 1.0000 1.0000 1.0000 1.0000 1.0000 1.0000 1.0000 1.0000 1.0000 1.0000 1.0000 1.0000 1.0000 1.0000 1.0000 1.0000
 2055.00 0.3448 0.9047 0.4097 0.9961 1.0000 1.0000 0.9364 1.0000 0.9974 1.0000 0.9985   1.065 0.4387 0.9338 1.0000 1.0000 1.0000 1.0000 1.0000 1.0000 1.0000 1.0000 1.0000 1.0000 1.0000 1.0000 1.0000 1.0000 1.0000 1.0000 1.0000 1.0000 1.0000 1.0000 1.0000
 2056.00 0.6422 0.9539 0.7231 0.9957 1.0000 1.0000 0.9375 1.0000 0.9973 1.0000 0.9985   0.443 0.7269 0.9947 1.0000 1.0000 1.0000 1.0000 1.0000 1.0000 1.0000 1.0000 1.0000 1.0000 1.0000 1.0000 1.0000 1.0000 1.0000 1.0000 1.0000 1.0000 1.0000 1.0000 1.0000
 2057.00 0.3837 0.9311 0.4423 0.9952 1.0000 1.0000 0.9387 1.0000 0.9973 1.0000 0.9985   0.958 0.4431 0.9984 1.0000 1.0000 1.0000 1.0000 1.0000 1.0000 1.0000 1.0000 1.0000 1.0000 1.0000 1.0000 1.0000 1.0000 1.0000 1.0000 1.0000 1.0000 1.0000 1.0000 1.0000
 2058.00 0.3464 0.8799 0.4219 0.9956 1.0000 1.0000 0.9398 1.0000 0.9973 1.0000 0.9985   1.060 0.4318 0.9770 1.0000 1.0000 1.0000 1.0000 1.0000 1.0000 1.0000 1.0000 1.0000 1.0000 1.0000 1.0000 1.0000 1.0000 1.0000 1.0000 1.0000 1.0000 1.0000 1.0000 1.0000
 2059.00 0.4511 0.6761 0.7155 0.9939 1.0000 1.0000 0.9410 1.0000 0.9973 1.0000 0.9985   0.796 0.7178 0.9968 1.0000 1.0000 1.0000 1.0000 1.0000 1.0000 1.0000 1.0000 1.0000 1.0000 1.0000 1.0000 1.0000 1.0000 1.0000 1.0000 1.0000 1.0000 1.0000 1.0000 1.0000
 2060.00 0.0691 0.2025 0.3653 0.9947 1.0000 1.0000 0.9421 1.0000 0.9973 1.0000 0.9985   2.672 0.4089 0.8933 1.0000 1.0000 1.0000 1.0000 1.0000 1.0000 1.0000 1.0000 1.0000 1.0000 1.0000 1.0000 1.0000 1.0000 1.0000 1.0000 1.0000 1.0000 1.0000 1.0000 1.0000
 2061.00 0.1375 0.3228 0.4562 0.9931 1.0000 1.0000 0.9429 1.0000 0.9973 1.0000 0.9985   1.984 0.4577 0.9968 1.0000 1.0000 1.0000 1.0000 1.0000 1.0000 1.0000 1.0000 1.0000 1.0000 1.0000 1.0000 1.0000 1.0000 1.0000 1.0000 1.0000 1.0000 1.0000 1.0000 1.0000
 2062.00 0.4689 0.7305 0.6880 0.9915 1.0000 1.0000 0.9436 1.0000 0.9973 1.0000 0.9985   0.757 0.7056 0.9751 1.0000 1.0000 1.0000 1.0000 1.0000 1.0000 1.0000 1.0000 1.0000 1.0000 1.0000 1.0000 1.0000 1.0000 1.0000 1.0000 1.0000 1.0000 1.0000 1.0000 1.0000
 2063.00 0.2230 0.6207 0.3844 0.9924 1.0000 1.0000 0.9444 1.0000 0.9973 1.0000 0.9985   1.500 0.3853 0.9978 1.0000 1.0000 1.0000 1.0000 1.0000 1.0000 1.0000 1.0000 1.0000 1.0000 1.0000 1.0000 1.0000 1.0000 1.0000 1.0000 1.0000 1.0000 1.0000 1.0000 1.0000
 2064.00 0.1081 0.2579 0.4487 0.9910 1.0000 1.0000 0.9451 1.0000 0.9973 1.0000 0.9985   2.225 0.5073 0.8844 1.0000 1.0000 1.0000 1.0000 1.0000 1.0000 1.0000 1.0000 1.0000 1.0000 1.0000 1.0000 1.0000 1.0000 1.0000 1.0000 1.0000 1.0000 1.0000 1.0000 1.0000
 2065.00 0.0013 0.0019 0.7393 0.9916 1.0000 1.0000 0.9459 1.0000 0.9973 1.0000 0.9985   6.612 0.7489 0.9872 1.0000 1.0000 1.0000 1.0000 1.0000 1.0000 1.0000 1.0000 1.0000 1.0000 1.0000 1.0000 1.0000 1.0000 1.0000 1.0000 1.0000 1.0000 1.0000 1.0000 1.0000
 2066.00 0.0112 0.0337 0.3554 0.9895 1.0000 1.0000 0.9467 1.0000 0.9973 1.0000 0.9985   4.493 0.3650 0.9737 1.0000 1.0000 1.0000 1.0000 1.0000 1.0000 1.0000 1.0000 1.0000 1.0000 1.0000 1.0000 1.0000 1.0000 1.0000 1.0000 1.0000 1.0000 1.0000 1.0000 1.0000
 2067.00 0.3657 0.5645 0.6934 0.9887 1.0000 1.0000 0.9474 1.0000 0.9973 1.0000 0.9985   1.006 0.6947 0.9981 1.0000 1.0000 1.0000 1.0000 1.0000 1.0000 1.0000 1.0000 1.0000 1.0000 1.0000 1.0000 1.0000 1.0000 1.0000 1.0000 1.0000 1.0000 1.0000 1.0000 1.0000
 2068.00 0.4162 0.7692 0.5806 0.9854 1.0000 1.0000 0.9482 1.0000 0.9973 1.0000 0.9985   0.877 0.5852 0.9923 1.0000 1.0000 1.0000 1.0000 1.0000 1.0000 1.0000 1.0000 1.0000 1.0000 1.0000 1.0000 1.0000 1.0000 1.0000 1.0000 1.0000 1.0000 1.0000 1.0000 1.0000
 2069.00 0.2735 0.8859 0.3310 0.9855 1.0000 1.0000 0.9490 1.0000 0.9973 1.0000 0.9985   1.297 0.4007 0.8260 1.0000 1.0000 1.0000 1.0000 1.0000 1.0000 1.0000 1.0000 1.0000 1.0000 1.0000 1.0000 1.0000 1.0000 1.0000 1.0000 1.0000 1.0000 1.0000 1.0000 1.0000
 2070.00 0.5962 0.9262 0.6933 0.9803 1.0000 1.0000 0.9498 1.0000 0.9973 1.0000 0.9985   0.517 0.7131 0.9723 1.0000 1.0000 1.0000 1.0000 1.0000 1.0000 1.0000 1.0000 1.0000 1.0000 1.0000 1.0000 1.0000 1.0000 1.0000 1.0000 1.0000 1.0000 1.0000 1.0000 1.0000
 2071.00 0.4602 0.9236 0.5397 0.9739 1.0000 1.0000 0.9506 1.0000 0.9973 1.0000 0.9985   0.776 0.5409 0.9977 1.0000 1.0000 1.0000 1.0000 1.0000 1.0000 1.0000 1.0000 1.0000 1.0000 1.0000 1.0000 1.0000 1.0000 1.0000 1.0000 1.0000 1.0000 1.0000 1.0000 1.0000
 2072.00 0.3660 0.7697 0.5104 0.9821 1.0000 1.0000 0.9513 1.0000 0.9973 1.0000 0.9985   1.005 0.5125 0.9959 1.0000 1.0000 1.0000 1.0000 1.0000 1.0000 1.0000 1.0000 1.0000 1.0000 1.0000 1.0000 1.0000 1.0000 1.0000 1.0000 1.0000 1.0000 1.0000 1.0000 1.0000
 2073.00 0.2907 0.5091 0.6120 0.9827 1.0000 1.0000 0.9521 1.0000 0.9973 1.0000 0.9985   1.235 0.7536 0.8121 1.0000 1.0000 1.0000 1.0000 1.0000 1.0000 1.0000 1.0000 1.0000 1.0000 1.0000 1.0000 1.0000 1.0000 1.0000 1.0000 1.0000 1.0000 1.0000 1.0000 1.0000
 2074.00 0.0865 0.1584 0.5853 0.9821 1.0000 1.0000 0.9529 1.0000 0.9973 1.0000 0.9985   2.447 0.6068 0.9645 1.0000 1.0000 1.0000 1.0000 1.0000 1.0000 1.0000 1.0000 1.0000 1.0000 1.0000 1.0000 1.0000 1.0000 1.0000 1.0000 1.0000 1.0000 1.0000 1.0000 1.0000
 2075.00 0.3849 0.5831 0.7075 0.9812 1.0000 1.0000 0.9536 1.0000 0.9973 1.0000 0.9985   0.955 0.7097 0.9969 1.0000 1.0000 1.0000 1.0000 1.0000 1.0000 1.0000 1.0000 1.0000 1.0000 1.0000 1.0000 1.0000 1.0000 1.0000 1.0000 1.0000 1.0000 1.0000 1.0000 1.0000
 2076.00 0.4301 0.8651 0.5343 0.9780 1.0000 0.9995 0.9544 1.0000 0.9973 1.0000 0.9985   0.844 0.5363 0.9964 1.0000 1.0000 1.0000 1.0000 1.0000 1.0000 1.0000 1.0000 1.0000 1.0000 1.0000 1.0000 1.0000 1.0000 1.0000 1.0000 1.0000 1.0000 1.0000 1.0000 1.0000
 2077.00 0.0016 0.7918 0.0022 0.9805 1.0000 0.9990 0.9552 1.0000 0.9973 1.0000 0.9985   6.420 0.0023 0.9521 1.0000 1.0000 1.0000 1.0000 1.0000 1.0000 1.0000 1.0000 1.0000 1.0000 1.0000 1.0000 1.0000 1.0000 1.0000 1.0000 1.0000 1.0000 1.0000 1.0000 1.0000
 2078.00 0.0043 0.6625 0.0071 0.9769 1.0000 0.9985 0.9560 1.0000 0.9973 1.0000 0.9985   5.439 0.0088 0.7997 1.0000 1.0000 1.0000 1.0000 1.0000 1.0000 1.0000 1.0000 1.0000 1.0000 1.0000 1.0000 1.0000 1.0000 1.0000 1.0000 1.0000 1.0000 1.0000 1.0000 1.0000
 2079.00 0.0793 0.5598 0.1531 0.9723 1.0000 0.9980 0.9568 1.0000 0.9973 1.0000 0.9985   2.534 0.1540 0.9943 1.0000 1.0000 1.0000 1.0000 1.0000 1.0000 1.0000 1.0000 1.0000 1.0000 1.0000 1.0000 1.0000 1.0000 1.0000 1.0000 1.0000 1.0000 1.0000 1.0000 1.0000
 2080.00 0.4815 0.8184 0.6320 0.9773 1.0000 0.9975 0.9576 1.0000 0.9973 1.0000 0.9985   0.731 0.6347 0.9958 1.0000 1.0000 1.0000 1.0000 1.0000 1.0000 1.0000 1.0000 1.0000 1.0000 1.0000 1.0000 1.0000 1.0000 1.0000 1.0000 1.0000 1.0000 1.0000 1.0000 1.0000
 2081.00 0.4968 0.8848 0.6112 0.9641 1.0000 0.9973 0.9581 1.0000 0.9973 1.0000 0.9985   0.700 0.6319 0.9672 1.0000 1.0000 1.0000 1.0000 1.0000 1.0000 1.0000 1.0000 1.0000 1.0000 1.0000 1.0000 1.0000 1.0000 1.0000 1.0000 1.0000 1.0000 1.0000 1.0000 1.0000
 2082.00 0.1778 0.4428 0.4338 0.9713 1.0000 0.9972 0.9585 1.0000 0.9973 1.0000 0.9985   1.727 0.6037 0.7186 1.0000 1.0000 1.0000 1.0000 1.0000 1.0000 1.0000 1.0000 1.0000 1.0000 1.0000 1.0000 1.0000 1.0000 1.0000 1.0000 1.0000 1.0000 1.0000 1.0000 1.0000
 2083.00 0.7175 0.9244 0.8421 0.9668 1.0000 0.9970 0.9589 1.0000 0.9973 1.0000 0.9985   0.332 0.8527 0.9876 1.0000 1.0000 1.0000 1.0000 1.0000 1.0000 1.0000 1.0000 1.0000 1.0000 1.0000 1.0000 1.0000 1.0000 1.0000 1.0000 1.0000 1.0000 1.0000 1.0000 1.0000
 2084.00 0.5916 0.9402 0.6844 0.9641 1.0000 0.9968 0.9594 1.0000 0.9973 1.0000 0.9985   0.525 0.6881 0.9947 0.9999 1.0000 1.0000 1.0000 1.0000 1.0000 1.0000 1.0000 1.0000 1.0000 1.0000 1.0000 1.0000 1.0000 1.0000 1.0000 1.0000 1.0000 1.0000 1.0000 1.0000
 2085.00 0.5645 0.8790 0.6966 0.9665 1.0000 0.9967 0.9598 1.0000 0.9973 1.0000 0.9985   0.572 0.7154 0.9737 1.0000 1.0000 1.0000 1.0000 1.0000 1.0000 1.0000 1.0000 1.0000 1.0000 1.0000 1.0000 1.0000 1.0000 1.0000 1.0000 1.0000 1.0000 1.0000 1.0000 1.0000
 2086.00 0.5020 0.8815 0.6257 0.9539 1.0000 0.9965 0.9603 1.0000 0.9973 1.0000 0.9985   0.689 0.8591 0.7283 1.0000 1.0000 1.0000 1.0000 1.0000 1.0000 1.0000 1.0000 1.0000 1.0000 1.0000 1.0000 1.0000 1.0000 1.0000 1.0000 1.0000 1.0000 1.0000 1.0000 1.0000
 2087.00 0.2754 0.4185 0.7156 0.9633 1.0000 0.9963 0.9607 1.0000 0.9973 1.0000 0.9985   1.290 0.7525 0.9510 1.0000 1.0000 1.0000 1.0000 1.0000 1.0000 1.0000 1.0000 1.0000 1.0000 1.0000 1.0000 1.0000 1.0000 1.0000 1.0000 1.0000 1.0000 1.0000 1.0000 1.0000
 2088.00 0.4797 0.5745 0.9189 0.9516 1.0000 0.9960 0.9612 1.0000 0.9973 1.0000 0.9985   0.735 0.9266 0.9917 1.0000 1.0000 1.0000 1.0000 1.0000 1.0000 1.0000 1.0000 1.0000 1.0000 1.0000 1.0000 1.0000 1.0000 1.0000 1.0000 1.0000 1.0000 1.0000 1.0000 1.0000
 2089.00 0.3862 0.5467 0.7733 0.9565 1.0000 0.9958 0.9616 1.0000 0.9973 1.0000 0.9985   0.951 0.7878 0.9815 1.0000 1.0000 1.0000 1.0000 1.0000 1.0000 1.0000 1.0000 1.0000 1.0000 1.0000 1.0000 1.0000 1.0000 1.0000 1.0000 1.0000 1.0000 1.0000 1.0000 1.0000
 2090.00 0.0118 0.0164 0.7912 0.9559 1.0000 0.9956 0.9621 1.0000 0.9972 1.0000 0.9985   4.437 0.8420 0.9396 1.0000 1.0000 1.0000 1.0000 1.0000 1.0000 1.0000 1.0000 1.0000 1.0000 1.0000 1.0000 1.0000 1.0000 1.0000 1.0000 1.0000 1.0000 1.0000 1.0000 1.0000
 2091.00 0.3033 0.4795 0.6996 0.9460 1.0000 0.9954 0.9628 1.0000 0.9972 1.0000 0.9985   1.193 0.9626 0.7267 1.0000 1.0000 1.0000 1.0000 1.0000 1.0000 1.0000 1.0000 1.0000 1.0000 1.0000 1.0000 1.0000 1.0000 1.0000 1.0000 1.0000 1.0000 1.0000 1.0000 1.0000
 2092.00 0.5807 0.7544 0.8509 0.9461 1.0000 0.9951 0.9635 1.0000 0.9972 1.0000 0.9984   0.544 0.8657 0.9829 1.0000 1.0000 1.0000 1.0000 1.0000 1.0000 1.0000 1.0000 1.0000 1.0000 1.0000 1.0000 1.0000 1.0000 1.0000 1.0000 1.0000 1.0000 1.0000 1.0000 1.0000
 2093.00 0.4583 0.7253 0.7039 0.9385 1.0000 0.9949 0.9643 1.0000 0.9972 1.0000 0.9984   0.780 0.7109 0.9903 0.9999 1.0000 1.0000 1.0000 1.0000 1.0000 1.0000 1.0000 1.0000 1.0000 1.0000 1.0000 1.0000 1.0000 1.0000 1.0000 1.0000 1.0000 1.0000 1.0000 1.0000
 2094.00 0.2986 0.8510 0.3867 0.9479 1.0000 0.9946 0.9650 1.0000 0.9972 1.0000 0.9984   1.209 0.4008 0.9651 0.9999 1.0000 1.0000 1.0000 1.0000 1.0000 1.0000 1.0000 1.0000 1.0000 1.0000 1.0000 1.0000 1.0000 1.0000 1.0000 1.0000 1.0000 1.0000 1.0000 1.0000
 2095.00 0.3480 0.7493 0.5154 0.9409 1.0000 0.9944 0.9657 1.0000 0.9972 1.0000 0.9984   1.056 0.8241 0.6254 1.0000 1.0000 1.0000 1.0000 1.0000 1.0000 1.0000 1.0000 1.0000 1.0000 1.0000 1.0000 1.0000 1.0000 1.0000 1.0000 1.0000 1.0000 1.0000 1.0000 1.0000
 2096.00 0.7310 0.9041 0.8876 0.9509 1.0000 0.9940 0.9665 1.0000 0.9972 1.0000 0.9984   0.313 0.9049 0.9810 1.0000 1.0000 1.0000 1.0000 1.0000 1.0000 1.0000 1.0000 1.0000 1.0000 1.0000 1.0000 1.0000 1.0000 1.0000 1.0000 1.0000 1.0000 1.0000 1.0000 1.0000
 2097.00 0.4609 0.5480 0.9440 0.9297 1.0000 0.9936 0.9672 1.0000 0.9972 1.0000 0.9984   0.775 0.9538 0.9898 1.0000 1.0000 1.0000 1.0000 1.0000 1.0000 1.0000 1.0000 1.0000 1.0000 1.0000 1.0000 1.0000 1.0000 1.0000 1.0000 1.0000 1.0000 1.0000 1.0000 1.0000
 2098.00 0.6716 0.8109 0.9080 0.9514 1.0000 0.9932 0.9680 1.0000 0.9972 1.0000 0.9984   0.398 0.9296 0.9768 1.0000 1.0000 1.0000 1.0000 1.0000 1.0000 1.0000 1.0000 1.0000 1.0000 1.0000 1.0000 1.0000 1.0000 1.0000 1.0000 1.0000 1.0000 1.0000 1.0000 1.0000
 2099.00 0.4384 0.9096 0.5395 0.9316 1.0000 0.9928 0.9687 1.0000 0.9972 1.0000 0.9984   0.825 0.9159 0.5890 1.0000 1.0000 1.0000 1.0000 1.0000 1.0000 1.0000 1.0000 1.0000 1.0000 1.0000 1.0000 1.0000 1.0000 1.0000 1.0000 1.0000 1.0000 1.0000 1.0000 1.0000
 2100.00 0.4389 0.5341 0.8985 0.9531 1.0000 0.9924 0.9695 1.0000 0.9972 1.0000 0.9984   0.824 0.9365 0.9594 1.0000 1.0000 1.0000 1.0000 1.0000 1.0000 1.0000 1.0000 1.0000 1.0000 1.0000 1.0000 1.0000 1.0000 1.0000 1.0000 1.0000 1.0000 1.0000 1.0000 1.0000
 2101.00 0.6283 0.7863 0.8886 0.9372 1.0000 0.9921 0.9699 1.0000 0.9972 1.0000 0.9984   0.465 0.8995 0.9880 1.0000 1.0000 1.0000 1.0000 1.0000 1.0000 1.0000 1.0000 1.0000 1.0000 1.0000 1.0000 1.0000 1.0000 1.0000 1.0000 1.0000 1.0000 1.0000 1.0000 1.0000
 2102.00 0.7830 0.9668 0.8819 0.9570 1.0000 0.9918 0.9703 1.0000 0.9972 1.0000 0.9984   0.245 0.8998 0.9803 0.9998 1.0000 1.0000 1.0000 1.0000 1.0000 1.0000 1.0000 1.0000 1.0000 1.0000 1.0000 1.0000 1.0000 1.0000 1.0000 1.0000 1.0000 1.0000 1.0000 1.0000
 2103.00 0.4572 0.8851 0.5737 0.9382 1.0000 0.9915 0.9707 1.0000 0.9972 1.0000 0.9984   0.783 0.9407 0.6100 0.9999 1.0000 1.0000 1.0000 1.0000 1.0000 1.0000 1.0000 1.0000 1.0000 1.0000 1.0000 1.0000 1.0000 1.0000 1.0000 1.0000 1.0000 1.0000 1.0000 1.0000
 2104.00 0.6970 0.9618 0.7913 0.9542 1.0000 0.9912 0.9711 1.0000 0.9972 1.0000 0.9984   0.361 0.8632 0.9167 1.0000 1.0000 1.0000 1.0000 1.0000 1.0000 1.0000 1.0000 1.0000 1.0000 1.0000 1.0000 1.0000 1.0000 1.0000 1.0000 1.0000 1.0000 1.0000 1.0000 1.0000
 2105.00 0.8011 0.9197 0.9552 0.9499 1.0000 0.9909 0.9715 1.0000 0.9972 1.0000 0.9984   0.222 0.9696 0.9852 1.0000 1.0000 1.0000 1.0000 1.0000 1.0000 1.0000 1.0000 1.0000 1.0000 1.0000 1.0000 1.0000 1.0000 1.0000 1.0000 1.0000 1.0000 1.0000 1.0000 1.0000
 2106.00 0.2328 0.3028 0.8397 0.9539 1.0000 0.9905 0.9719 1.0000 0.9972 1.0000 0.9984   1.457 0.8614 0.9749 1.0000 1.0000 1.0000 1.0000 1.0000 1.0000 1.0000 1.0000 1.0000 1.0000 1.0000 1.0000 1.0000 1.0000 1.0000 1.0000 1.0000 1.0000 1.0000 1.0000 1.0000
 2107.00 0.3742 0.7760 0.5404 0.9296 1.0000 0.9901 0.9724 1.0000 0.9972 1.0000 0.9984   0.983 0.8394 0.6439 1.0000 0.9999 1.0000 1.0000 1.0000 1.0000 1.0000 1.0000 1.0000 1.0000 1.0000 1.0000 1.0000 1.0000 1.0000 1.0000 1.0000 1.0000 1.0000 1.0000 1.0000
 2108.00 0.5613 0.7666 0.8085 0.9434 1.0000 0.9896 0.9728 1.0000 0.9972 1.0000 0.9984   0.578 0.9064 0.8920 1.0000 0.9999 1.0000 1.0000 1.0000 1.0000 1.0000 1.0000 1.0000 1.0000 1.0000 1.0000 1.0000 1.0000 1.0000 1.0000 1.0000 1.0000 1.0000 1.0000 1.0000
 2109.00 0.7034 0.9493 0.8287 0.9314 1.0000 0.9892 0.9732 1.0000 0.9972 1.0000 0.9984   0.352 0.8416 0.9847 1.0000 0.9999 1.0000 1.0000 1.0000 1.0000 1.0000 1.0000 1.0000 1.0000 1.0000 1.0000 1.0000 1.0000 1.0000 1.0000 1.0000 1.0000 1.0000 1.0000 1.0000
 2110.00 0.7311 0.9470 0.8478 0.9486 1.0000 0.9888 0.9736 1.0000 0.9972 1.0000 0.9984   0.313 0.8820 0.9615 0.9998 0.9999 1.0000 1.0000 1.0000 1.0000 1.0000 1.0000 1.0000 1.0000 1.0000 1.0000 1.0000 1.0000 1.0000 1.0000 1.0000 1.0000 1.0000 1.0000 1.0000
 2111.00 0.7567 0.9715 0.8235 0.9856 1.0000 0.9881 0.9740 1.0000 0.9972 1.0000 0.9984   0.279 0.9340 0.8820 0.9998 0.9999 1.0000 1.0000 1.0000 1.0000 1.0000 1.0000 1.0000 1.0000 1.0000 1.0000 1.0000 1.0000 1.0000 1.0000 1.0000 1.0000 1.0000 1.0000 1.0000
 2112.00 0.5016 0.9130 0.5768 0.9930 1.0000 0.9874 0.9744 1.0000 0.9972 1.0000 0.9984   0.690 0.8374 0.6889 0.9999 0.9999 1.0000 1.0000 1.0000 1.0000 1.0000 1.0000 1.0000 1.0000 1.0000 1.0000 1.0000 1.0000 1.0000 1.0000 1.0000 1.0000 1.0000 1.0000 1.0000
 2113.00 0.7147 0.9346 0.8074 0.9877 1.0000 0.9866 0.9747 1.0000 0.9972 1.0000 0.9984   0.336 0.8316 0.9711 1.0000 0.9998 1.0000 1.0000 1.0000 1.0000 1.0000 1.0000 1.0000 1.0000 1.0000 1.0000 1.0000 1.0000 1.0000 1.0000 1.0000 1.0000 1.0000 1.0000 1.0000
 2114.00 0.4559 0.5444 0.8919 0.9794 1.0000 0.9859 0.9751 1.0000 0.9972 1.0000 0.9984   0.785 0.9300 0.9592 1.0000 0.9998 1.0000 1.0000 1.0000 1.0000 1.0000 1.0000 1.0000 1.0000 1.0000 1.0000 1.0000 1.0000 1.0000 1.0000 1.0000 1.0000 1.0000 1.0000 1.0000
 2115.00 0.0797 0.1140 0.7645 0.9539 1.0000 0.9852 0.9755 1.0000 0.9972 1.0000 0.9984   2.530 0.8714 0.8776 1.0000 0.9997 1.0000 1.0000 1.0000 1.0000 1.0000 1.0000 1.0000 1.0000 1.0000 1.0000 1.0000 1.0000 1.0000 1.0000 1.0000 1.0000 1.0000 1.0000 1.0000
 2116.00 0.2583 0.5256 0.5422 0.9464 1.0000 0.9843 0.9759 1.0000 0.9972 1.0000 0.9984   1.354 0.8688 0.6242 1.0000 0.9998 1.0000 1.0000 1.0000 1.0000 1.0000 1.0000 1.0000 1.0000 1.0000 1.0000 1.0000 1.0000 1.0000 1.0000 1.0000 1.0000 1.0000 1.0000 1.0000
 2117.00 0.7515 0.9258 0.9038 0.9381 1.0000 0.9834 0.9763 1.0000 0.9972 1.0000 0.9984   0.286 0.9548 0.9469 1.0000 0.9997 1.0000 1.0000 1.0000 1.0000 1.0000 1.0000 1.0000 1.0000 1.0000 1.0000 1.0000 1.0000 1.0000 1.0000 1.0000 1.0000 1.0000 1.0000 1.0000
 2118.00 0.7404 0.9728 0.8714 0.9128 1.0000 0.9825 0.9767 1.0000 0.9972 1.0000 0.9984   0.301 0.8894 0.9801 1.0000 0.9996 1.0000 1.0000 1.0000 1.0000 1.0000 1.0000 1.0000 1.0000 1.0000 1.0000 1.0000 1.0000 1.0000 1.0000 1.0000 1.0000 1.0000 1.0000 1.0000
 2119.00 0.6723 0.9228 0.8374 0.9097 1.0000 0.9816 0.9770 1.0000 0.9972 1.0000 0.9984   0.397 0.9572 0.8758 0.9995 0.9995 1.0000 1.0000 1.0000 1.0000 1.0000 1.0000 1.0000 1.0000 1.0000 1.0000 1.0000 1.0000 1.0000 1.0000 1.0000 1.0000 1.0000 1.0000 1.0000
 2120.00 0.4332 0.9687 0.5151 0.9083 1.0000 0.9806 0.9774 1.0000 0.9972 1.0000 0.9984   0.837 0.8903 0.5789 0.9998 0.9996 1.0000 1.0000 1.0000 1.0000 1.0000 1.0000 1.0000 1.0000 1.0000 1.0000 1.0000 1.0000 1.0000 1.0000 1.0000 1.0000 1.0000 1.0000 1.0000
 2121.00 0.4644 0.6232 0.8597 0.9072 1.0000 0.9799 0.9777 1.0000 0.9972 1.0000 0.9984   0.767 0.9061 0.9495 0.9999 0.9993 1.0000 1.0000 1.0000 1.0000 1.0000 1.0000 1.0000 1.0000 1.0000 1.0000 1.0000 1.0000 1.0000 1.0000 1.0000 1.0000 1.0000 1.0000 1.0000
 2122.00 0.6036 0.7362 0.9557 0.8985 1.0000 0.9791 0.9780 1.0000 0.9972 1.0000 0.9984   0.505 0.9745 0.9817 1.0000 0.9991 1.0000 1.0000 1.0000 1.0000 1.0000 1.0000 1.0000 1.0000 1.0000 1.0000 1.0000 1.0000 1.0000 1.0000 1.0000 1.0000 1.0000 1.0000 1.0000
 2123.00 0.5454 0.7858 0.8117 0.8961 1.0000 0.9783 0.9784 1.0000 0.9971 1.0000 0.9984   0.606 0.9254 0.8780 1.0000 0.9990 1.0000 1.0000 1.0000 1.0000 1.0000 1.0000 1.0000 1.0000 1.0000 1.0000 1.0000 1.0000 1.0000 1.0000 1.0000 1.0000 1.0000 1.0000 1.0000
 2124.00 0.2933 0.6616 0.5138 0.9045 1.0000 0.9775 0.9787 1.0000 0.9971 1.0000 0.9984   1.227 0.9313 0.5524 1.0000 0.9988 1.0000 1.0000 1.0000 1.0000 1.0000 1.0000 1.0000 1.0000 1.0000 1.0000 1.0000 1.0000 1.0000 1.0000 1.0000 1.0000 1.0000 1.0000 1.0000
 2125.00 0.3594 0.4357 0.9563 0.9048 1.0000 0.9768 0.9790 1.0000 0.9971 1.0000 0.9984   1.023 0.9831 0.9739 1.0000 0.9988 1.0000 1.0000 1.0000 1.0000 1.0000 1.0000 1.0000 1.0000 1.0000 1.0000 1.0000 1.0000 1.0000 1.0000 1.0000 1.0000 1.0000 1.0000 1.0000
 2126.00 0.7764 0.9353 0.9358 0.9311 1.0000 0.9757 0.9793 1.0000 0.9971 1.0000 0.9984   0.253 0.9530 0.9828 1.0000 0.9992 1.0000 1.0000 1.0000 1.0000 1.0000 1.0000 1.0000 1.0000 1.0000 1.0000 1.0000 1.0000 1.0000 1.0000 1.0000 1.0000 1.0000 1.0000 1.0000
 2127.00 0.7136 0.9612 0.8493 0.9183 1.0000 0.9746 0.9796 1.0000 0.9971 1.0000 0.9984   0.337 0.9665 0.8807 0.9996 0.9982 1.0000 1.0000 1.0000 1.0000 1.0000 1.0000 1.0000 1.0000 1.0000 1.0000 1.0000 1.0000 1.0000 1.0000 1.0000 1.0000 1.0000 1.0000 1.0000
 2128.00 0.5181 0.9812 0.5966 0.9303 1.0000 0.9736 0.9800 1.0000 0.9971 1.0000 0.9984   0.658 0.9642 0.6202 0.9996 0.9980 1.0000 1.0000 1.0000 1.0000 1.0000 1.0000 1.0000 1.0000 1.0000 1.0000 1.0000 1.0000 1.0000 1.0000 1.0000 1.0000 1.0000 1.0000 1.0000
 2129.00 0.4916 0.9447 0.5776 0.9479 1.0000 0.9725 0.9803 1.0000 0.9971 1.0000 0.9984   0.710 0.5926 0.9771 0.9998 0.9976 1.0000 1.0000 1.0000 1.0000 1.0000 1.0000 1.0000 1.0000 1.0000 1.0000 1.0000 1.0000 1.0000 1.0000 1.0000 1.0000 1.0000 1.0000 1.0000
 2130.00 0.6052 0.9264 0.7187 0.9570 1.0000 0.9715 0.9806 1.0000 0.9971 1.0000 0.9984   0.502 0.7349 0.9807 1.0000 0.9972 1.0000 1.0000 1.0000 1.0000 1.0000 1.0000 1.0000 1.0000 1.0000 1.0000 1.0000 1.0000 1.0000 1.0000 1.0000 1.0000 1.0000 1.0000 1.0000
 2131.00 0.7682 0.9802 0.8558 0.9650 1.0000 0.9705 0.9808 1.0000 0.9971 1.0000 0.9984   0.264 0.9780 0.8780 1.0000 0.9966 1.0000 1.0000 1.0000 1.0000 1.0000 1.0000 1.0000 1.0000 1.0000 1.0000 1.0000 1.0000 1.0000 1.0000 1.0000 1.0000 1.0000 1.0000 1.0000
 2132.00 0.5542 0.9239 0.6474 0.9771 1.0000 0.9695 0.9810 1.0000 0.9971 1.0000 0.9984   0.590 0.9890 0.6572 1.0000 0.9960 1.0000 1.0000 1.0000 1.0000 1.0000 1.0000 1.0000 1.0000 1.0000 1.0000 1.0000 1.0000 1.0000 1.0000 1.0000 1.0000 1.0000 1.0000 1.0000
 2133.00 0.8791 0.9798 0.9569 0.9895 1.0000 0.9685 0.9812 1.0000 0.9971 1.0000 0.9984   0.129 0.9836 0.9773 1.0000 0.9954 1.0000 1.0000 1.0000 1.0000 1.0000 1.0000 1.0000 1.0000 1.0000 1.0000 1.0000 1.0000 1.0000 1.0000 1.0000 1.0000 1.0000 1.0000 1.0000
 2134.00 0.8635 0.9702 0.9456 0.9942 1.0000 0.9675 0.9814 1.0000 0.9971 1.0000 0.9984   0.147 0.9807 0.9670 1.0000 0.9970 1.0000 1.0000 1.0000 1.0000 1.0000 1.0000 1.0000 1.0000 1.0000 1.0000 1.0000 1.0000 1.0000 1.0000 1.0000 1.0000 1.0000 1.0000 1.0000
 2135.00 0.7734 0.9026 0.9076 0.9980 1.0000 0.9665 0.9816 1.0000 0.9971 1.0000 0.9984   0.257 0.9919 0.9203 1.0000 0.9943 1.0000 1.0000 1.0000 1.0000 1.0000 1.0000 1.0000 1.0000 1.0000 1.0000 1.0000 1.0000 1.0000 1.0000 1.0000 1.0000 1.0000 1.0000 1.0000
 2136.00 0.1949 0.2862 0.7221 0.9990 1.0000 0.9640 0.9818 1.0000 0.9971 1.0000 0.9984   1.635 0.9794 0.7428 0.9991 0.9935 1.0000 1.0000 1.0000 1.0000 1.0000 1.0000 1.0000 1.0000 1.0000 1.0000 1.0000 1.0000 1.0000 1.0000 1.0000 1.0000 1.0000 1.0000 1.0000
 2137.00 0.1761 0.1937 0.9664 0.9993 1.0000 0.9616 0.9820 1.0000 0.9971 1.0000 0.9984   1.737 0.9929 0.9812 0.9998 0.9922 1.0000 1.0000 1.0000 1.0000 1.0000 1.0000 1.0000 1.0000 1.0000 1.0000 1.0000 1.0000 1.0000 1.0000 1.0000 1.0000 1.0000 1.0000 1.0000
 2138.00 0.4122 0.4655 0.9434 0.9994 1.0000 0.9591 0.9822 1.0000 0.9971 1.0000 0.9984   0.886 0.9802 0.9708 1.0000 0.9914 1.0000 1.0000 1.0000 1.0000 1.0000 1.0000 1.0000 1.0000 1.0000 1.0000 1.0000 1.0000 1.0000 1.0000 1.0000 1.0000 1.0000 1.0000 1.0000
 2139.00 0.3424 0.4752 0.7695 0.9994 1.0000 0.9566 0.9824 1.0000 0.9971 1.0000 0.9984   1.072 0.9843 0.7898 1.0000 0.9899 1.0000 1.0000 1.0000 1.0000 1.0000 1.0000 1.0000 1.0000 1.0000 1.0000 1.0000 1.0000 1.0000 1.0000 1.0000 1.0000 1.0000 1.0000 1.0000
 2140.00 0.5954 0.6820 0.9344 0.9995 1.0000 0.9541 0.9826 1.0000 0.9971 1.0000 0.9984   0.519 0.9928 0.9522 1.0000 0.9884 1.0000 1.0000 1.0000 1.0000 1.0000 1.0000 1.0000 1.0000 1.0000 1.0000 1.0000 1.0000 1.0000 1.0000 1.0000 1.0000 1.0000 1.0000 1.0000
 2141.00 0.8480 0.9574 0.9508 0.9994 1.0000 0.9512 0.9829 1.0000 0.9971 1.0000 0.9984   0.165 0.9845 0.9785 1.0000 0.9870 1.0000 1.0000 1.0000 1.0000 1.0000 1.0000 1.0000 1.0000 1.0000 1.0000 1.0000 1.0000 1.0000 1.0000 1.0000 1.0000 1.0000 1.0000 1.0000
 2142.00 0.7684 0.8513 0.9716 0.9993 1.0000 0.9484 0.9831 1.0000 0.9971 1.0000 0.9984   0.263 0.9908 0.9957 1.0000 0.9850 1.0000 1.0000 1.0000 1.0000 1.0000 1.0000 1.0000 1.0000 1.0000 1.0000 1.0000 1.0000 1.0000 1.0000 1.0000 1.0000 1.0000 1.0000 1.0000
 2143.00 0.8679 0.9667 0.9689 0.9995 1.0000 0.9456 0.9833 1.0000 0.9971 1.0000 0.9984   0.142 0.9905 0.9951 1.0000 0.9831 1.0000 1.0000 1.0000 1.0000 1.0000 1.0000 1.0000 1.0000 1.0000 1.0000 1.0000 1.0000 1.0000 1.0000 1.0000 1.0000 1.0000 1.0000 1.0000
 2144.00 0.8229 0.9340 0.9537 0.9994 1.0000 0.9428 0.9835 1.0000 0.9971 1.0000 0.9984   0.195 0.9886 0.9835 0.9991 0.9818 1.0000 1.0000 1.0000 1.0000 1.0000 1.0000 1.0000 1.0000 1.0000 1.0000 1.0000 1.0000 1.0000 1.0000 1.0000 1.0000 1.0000 1.0000 1.0000
 2145.00 0.4058 0.4554 0.9669 0.9995 1.0000 0.9399 0.9837 1.0000 0.9971 1.0000 0.9984   0.902 0.9944 0.9945 0.9997 0.9780 1.0000 1.0000 1.0000 1.0000 1.0000 1.0000 1.0000 1.0000 1.0000 1.0000 1.0000 1.0000 1.0000 1.0000 1.0000 1.0000 1.0000 1.0000 1.0000
 2146.00 0.5952 0.6723 0.9636 0.9994 1.0000 0.9370 0.9840 1.0000 0.9971 1.0000 0.9984   0.519 0.9904 0.9859 1.0000 0.9869 1.0000 1.0000 1.0000 1.0000 1.0000 1.0000 1.0000 1.0000 1.0000 1.0000 1.0000 1.0000 1.0000 1.0000 1.0000 1.0000 1.0000 1.0000 1.0000
 2147.00 0.4190 0.6627 0.6900 0.9995 1.0000 0.9341 0.9842 1.0000 0.9971 1.0000 0.9984   0.870 0.9956 0.7117 1.0000 0.9739 1.0000 1.0000 1.0000 1.0000 1.0000 1.0000 1.0000 1.0000 1.0000 1.0000 1.0000 1.0000 1.0000 1.0000 1.0000 1.0000 1.0000 1.0000 1.0000
 2148.00 0.5453 0.6352 0.9400 0.9993 1.0000 0.9312 0.9844 1.0000 0.9971 1.0000 0.9984   0.606 0.9881 0.9788 1.0000 0.9719 1.0000 1.0000 1.0000 1.0000 1.0000 1.0000 1.0000 1.0000 1.0000 1.0000 1.0000 1.0000 1.0000 1.0000 1.0000 1.0000 1.0000 1.0000 1.0000
 2149.00 0.7817 0.9053 0.9481 0.9994 1.0000 0.9283 0.9846 1.0000 0.9971 1.0000 0.9984   0.246 0.9903 0.9888 1.0000 0.9682 1.0000 1.0000 1.0000 1.0000 1.0000 1.0000 1.0000 1.0000 1.0000 1.0000 1.0000 1.0000 1.0000 1.0000 1.0000 1.0000 1.0000 1.0000 1.0000
 2150.00 0.8097 0.9784 0.9114 0.9994 1.0000 0.9254 0.9849 1.0000 0.9971 1.0000 0.9984   0.211 0.9952 0.9521 1.0000 0.9618 1.0000 1.0000 1.0000 1.0000 1.0000 1.0000 1.0000 1.0000 1.0000 1.0000 1.0000 1.0000 1.0000 1.0000 1.0000 1.0000 1.0000 1.0000 1.0000
 2151.00 0.4237 0.8044 0.5822 0.9995 1.0000 0.9218 0.9850 1.0000 0.9971 1.0000 0.9984   0.859 0.9903 0.6141 1.0000 0.9574 1.0000 1.0000 1.0000 1.0000 1.0000 1.0000 1.0000 1.0000 1.0000 1.0000 1.0000 1.0000 1.0000 1.0000 1.0000 1.0000 1.0000 1.0000 1.0000
 2152.00 0.6979 0.8367 0.9255 0.9994 1.0000 0.9181 0.9852 1.0000 0.9971 1.0000 0.9984   0.360 0.9920 0.9768 0.9993 0.9559 1.0000 1.0000 1.0000 1.0000 1.0000 1.0000 1.0000 1.0000 1.0000 1.0000 1.0000 1.0000 1.0000 1.0000 1.0000 1.0000 1.0000 1.0000 1.0000
 2153.00 0.5299 0.6430 0.9177 0.9996 1.0000 0.9145 0.9853 1.0000 0.9971 1.0000 0.9984   0.635 0.9915 0.9784 0.9994 0.9466 1.0000 1.0000 1.0000 1.0000 1.0000 1.0000 1.0000 1.0000 1.0000 1.0000 1.0000 1.0000 1.0000 1.0000 1.0000 1.0000 1.0000 1.0000 1.0000
 2154.00 0.7102 0.9509 0.8352 0.9994 1.0000 0.9109 0.9854 1.0000 0.9971 1.0000 0.9984   0.342 0.9908 0.8934 1.0000 0.9435 1.0000 1.0000 1.0000 1.0000 1.0000 1.0000 1.0000 1.0000 1.0000 1.0000 1.0000 1.0000 1.0000 1.0000 1.0000 1.0000 1.0000 1.0000 1.0000
 2155.00 0.4632 0.8294 0.6268 0.9995 1.0000 0.9073 0.9856 1.0000 0.9970 1.0000 0.9984   0.770 0.9911 0.6769 1.0000 0.9343 1.0000 1.0000 1.0000 1.0000 1.0000 1.0000 1.0000 1.0000 1.0000 1.0000 1.0000 1.0000 1.0000 1.0000 1.0000 1.0000 1.0000 1.0000 1.0000
 2156.00 0.7390 0.9259 0.8993 0.9994 1.0000 0.9037 0.9857 1.0000 0.9970 1.0000 0.9984   0.302 0.9907 0.9757 1.0000 0.9304 1.0000 1.0000 1.0000 1.0000 1.0000 1.0000 1.0000 1.0000 1.0000 1.0000 1.0000 1.0000 1.0000 1.0000 1.0000 1.0000 1.0000 1.0000 1.0000
 2157.00 0.5893 0.7482 0.8908 0.9994 1.0000 0.9001 0.9859 1.0000 0.9970 1.0000 0.9984   0.529 0.9934 0.9685 1.0000 0.9259 1.0000 1.0000 1.0000 1.0000 1.0000 1.0000 1.0000 1.0000 1.0000 1.0000 1.0000 1.0000 1.0000 1.0000 1.0000 1.0000 1.0000 1.0000 1.0000
 2158.00 0.4168 0.9351 0.5061 0.9993 1.0000 0.8966 0.9860 1.0000 0.9970 1.0000 0.9984   0.875 0.9891 0.5604 1.0000 0.9130 1.0000 1.0000 1.0000 1.0000 1.0000 1.0000 1.0000 1.0000 1.0000 1.0000 1.0000 1.0000 1.0000 1.0000 1.0000 1.0000 1.0000 1.0000 1.0000
 2159.00 0.6734 0.9863 0.7780 0.9995 1.0000 0.8930 0.9862 1.0000 0.9970 1.0000 0.9984   0.395 0.9904 0.8743 1.0000 0.8985 1.0000 1.0000 1.0000 1.0000 1.0000 1.0000 1.0000 1.0000 1.0000 1.0000 1.0000 1.0000 1.0000 1.0000 1.0000 1.0000 1.0000 1.0000 1.0000
 2160.00 0.7020 0.9260 0.8675 0.9992 1.0000 0.8895 0.9864 1.0000 0.9970 1.0000 0.9984   0.354 0.9939 0.9746 0.9995 0.8960 1.0000 1.0000 1.0000 1.0000 1.0000 1.0000 1.0000 1.0000 1.0000 1.0000 1.0000 1.0000 1.0000 1.0000 1.0000 1.0000 1.0000 1.0000 1.0000
 2161.00 0.5557 0.7658 0.8342 0.9994 1.0000 0.8849 0.9865 1.0000 0.9970 1.0000 0.9984   0.588 0.9909 0.9475 0.9994 0.8891 1.0000 1.0000 1.0000 1.0000 1.0000 1.0000 1.0000 1.0000 1.0000 1.0000 1.0000 1.0000 1.0000 1.0000 1.0000 1.0000 1.0000 1.0000 1.0000
 2162.00 0.1848 0.4900 0.4359 0.9992 1.0000 0.8804 0.9867 1.0000 0.9970 1.0000 0.9984   1.688 0.9933 0.4951 1.0000 0.8863 1.0000 1.0000 1.0000 1.0000 1.0000 1.0000 1.0000 1.0000 1.0000 1.0000 1.0000 1.0000 1.0000 1.0000 1.0000 1.0000 1.0000 1.0000 1.0000
 2163.00 0.3921 0.5847 0.7789 0.9993 1.0000 0.8758 0.9869 1.0000 0.9970 1.0000 0.9984   0.936 0.9907 0.9518 1.0000 0.8260 1.0000 1.0000 1.0000 1.0000 1.0000 1.0000 1.0000 1.0000 1.0000 1.0000 1.0000 1.0000 1.0000 1.0000 1.0000 1.0000 1.0000 1.0000 1.0000
 2164.00 0.6494 0.9456 0.8015 0.9993 1.0000 0.8713 0.9871 1.0000 0.9970 1.0000 0.9984   0.432 0.9884 0.9766 1.0000 0.8303 1.0000 1.0000 1.0000 1.0000 1.0000 1.0000 1.0000 1.0000 1.0000 1.0000 1.0000 1.0000 1.0000 1.0000 1.0000 1.0000 1.0000 1.0000 1.0000
 2165.00 0.5603 0.9554 0.6880 0.9991 1.0000 0.8668 0.9872 1.0000 0.9970 1.0000 0.9984   0.579 0.9803 0.8562 1.0000 0.8197 1.0000 1.0000 1.0000 1.0000 1.0000 1.0000 1.0000 1.0000 1.0000 1.0000 1.0000 1.0000 1.0000 1.0000 1.0000 1.0000 1.0000 1.0000 1.0000
 2166.00 0.3934 0.9790 0.4738 0.9992 1.0000 0.8623 0.9874 1.0000 0.9970 1.0000 0.9984   0.933 0.9742 0.6025 1.0000 0.8072 1.0000 1.0000 1.0000 1.0000 1.0000 1.0000 1.0000 1.0000 1.0000 1.0000 1.0000 1.0000 1.0000 1.0000 1.0000 1.0000 1.0000 1.0000 1.0000
 2167.00 0.6092 0.9162 0.7878 0.9993 1.0000 0.8579 0.9876 1.0000 0.9970 1.0000 0.9984   0.496 0.9925 0.9673 1.0000 0.8206 1.0000 1.0000 1.0000 1.0000 1.0000 1.0000 1.0000 1.0000 1.0000 1.0000 1.0000 1.0000 1.0000 1.0000 1.0000 1.0000 1.0000 1.0000 1.0000
 2168.00 0.6087 0.9770 0.7420 0.9991 1.0000 0.8535 0.9878 1.0000 0.9970 1.0000 0.9984   0.496 0.9943 0.9613 1.0000 0.7764 1.0000 1.0000 1.0000 1.0000 1.0000 1.0000 1.0000 1.0000 1.0000 1.0000 1.0000 1.0000 1.0000 1.0000 1.0000 1.0000 1.0000 1.0000 1.0000
 2169.00 0.3124 0.9941 0.3761 0.9991 1.0000 0.8491 0.9880 1.0000 0.9970 1.0000 0.9984   1.164 0.9930 0.5022 0.9991 0.7550 1.0000 1.0000 1.0000 1.0000 1.0000 1.0000 1.0000 1.0000 1.0000 1.0000 1.0000 1.0000 1.0000 1.0000 1.0000 1.0000 1.0000 1.0000 1.0000
 2170.00 0.5220 0.9852 0.6374 0.9989 1.0000 0.8447 0.9882 1.0000 0.9970 1.0000 0.9984   0.650 0.9943 0.9084 1.0000 0.7057 1.0000 1.0000 1.0000 1.0000 1.0000 1.0000 1.0000 1.0000 1.0000 1.0000 1.0000 1.0000 1.0000 1.0000 1.0000 1.0000 1.0000 1.0000 1.0000
 2171.00 0.3390 0.6384 0.6408 0.9992 1.0000 0.8418 0.9883 1.0000 0.9970 1.0000 0.9984   1.082 0.9932 0.9740 1.0000 0.6624 1.0000 1.0000 1.0000 1.0000 1.0000 1.0000 1.0000 1.0000 1.0000 1.0000 1.0000 1.0000 1.0000 1.0000 1.0000 1.0000 1.0000 1.0000 1.0000
 2172.00 0.3823 0.8149 0.5681 0.9990 1.0000 0.8389 0.9884 1.0000 0.9970 1.0000 0.9984   0.962 0.9928 0.8939 1.0000 0.6401 1.0000 1.0000 1.0000 1.0000 1.0000 1.0000 1.0000 1.0000 1.0000 1.0000 1.0000 1.0000 1.0000 1.0000 1.0000 1.0000 1.0000 1.0000 1.0000
 2173.00 0.2608 0.9785 0.3239 0.9987 1.0000 0.8360 0.9886 1.0000 0.9970 1.0000 0.9984   1.344 0.9939 0.5296 1.0000 0.6153 1.0000 1.0000 1.0000 1.0000 1.0000 1.0000 1.0000 1.0000 1.0000 1.0000 1.0000 1.0000 1.0000 1.0000 1.0000 1.0000 1.0000 1.0000 1.0000
 2174.00 0.5223 0.9884 0.6441 0.9990 1.0000 0.8331 0.9887 1.0000 0.9970 1.0000 0.9984   0.650 0.9934 0.9658 1.0000 0.6714 1.0000 1.0000 1.0000 1.0000 1.0000 1.0000 1.0000 1.0000 1.0000 1.0000 1.0000 1.0000 1.0000 1.0000 1.0000 1.0000 1.0000 1.0000 1.0000
 2175.00 0.3831 0.9023 0.5194 0.9988 1.0000 0.8302 0.9889 1.0000 0.9970 1.0000 0.9984   0.959 0.9924 0.9689 1.0000 0.5402 1.0000 1.0000 1.0000 1.0000 1.0000 1.0000 1.0000 1.0000 1.0000 1.0000 1.0000 1.0000 1.0000 1.0000 1.0000 1.0000 1.0000 1.0000 1.0000
 2176.00 0.2275 0.9951 0.2805 0.9989 1.0000 0.8274 0.9890 1.0000 0.9970 1.0000 0.9984   1.481 0.9932 0.5512 1.0000 0.5124 1.0000 1.0000 1.0000 1.0000 1.0000 1.0000 1.0000 1.0000 1.0000 1.0000 1.0000 1.0000 1.0000 1.0000 1.0000 1.0000 1.0000 1.0000 1.0000
 2177.00 0.3469 0.9953 0.4293 0.9988 1.0000 0.8246 0.9892 1.0000 0.9970 1.0000 0.9984   1.059 0.9924 0.8781 0.9994 0.4929 1.0000 1.0000 1.0000 1.0000 1.0000 1.0000 1.0000 1.0000 1.0000 1.0000 1.0000 1.0000 1.0000 1.0000 1.0000 1.0000 1.0000 1.0000 1.0000
 2178.00 0.4125 0.9940 0.5127 0.9987 1.0000 0.8217 0.9893 1.0000 0.9970 1.0000 0.9984   0.886 0.9927 0.9765 1.0000 0.5289 1.0000 1.0000 1.0000 1.0000 1.0000 1.0000 1.0000 1.0000 1.0000 1.0000 1.0000 1.0000 1.0000 1.0000 1.0000 1.0000 1.0000 1.0000 1.0000
 2179.00 0.3602 0.9170 0.4869 0.9988 1.0000 0.8189 0.9895 1.0000 0.9970 1.0000 0.9984   1.021 0.9914 0.9126 1.0000 0.5381 1.0000 1.0000 1.0000 1.0000 1.0000 1.0000 1.0000 1.0000 1.0000 1.0000 1.0000 1.0000 1.0000 1.0000 1.0000 1.0000 1.0000 1.0000 1.0000
 2180.00 0.2176 0.9828 0.2754 0.9989 1.0000 0.8160 0.9896 1.0000 0.9970 1.0000 0.9984   1.525 0.9928 0.5514 1.0000 0.5030 1.0000 1.0000 1.0000 1.0000 1.0000 1.0000 1.0000 1.0000 1.0000 1.0000 1.0000 1.0000 1.0000 1.0000 1.0000 1.0000 1.0000 1.0000 1.0000
 2181.00 0.2469 0.6577 0.4689 0.9987 1.0000 0.8123 0.9897 1.0000 0.9970 1.0000 0.9984   1.399 0.9902 0.9704 1.0000 0.4880 1.0000 1.0000 1.0000 1.0000 1.0000 1.0000 1.0000 1.0000 1.0000 1.0000 1.0000 1.0000 1.0000 1.0000 1.0000 1.0000 1.0000 1.0000 1.0000
 2182.00 0.2765 0.9120 0.3802 0.9993 1.0000 0.8085 0.9898 1.0000 0.9970 1.0000 0.9984   1.286 0.9917 0.9724 1.0000 0.3943 1.0000 1.0000 1.0000 1.0000 1.0000 1.0000 1.0000 1.0000 1.0000 1.0000 1.0000 1.0000 1.0000 1.0000 1.0000 1.0000 1.0000 1.0000 1.0000
 2183.00 0.1386 0.9882 0.1768 0.9988 1.0000 0.8048 0.9900 1.0000 0.9970 1.0000 0.9984   1.976 0.9898 0.5701 1.0000 0.3133 1.0000 1.0000 1.0000 1.0000 1.0000 1.0000 1.0000 1.0000 1.0000 1.0000 1.0000 1.0000 1.0000 1.0000 1.0000 1.0000 1.0000 1.0000 1.0000
 2184.00 0.1961 0.9808 0.2532 0.9986 1.0000 0.8010 0.9901 1.0000 0.9970 1.0000 0.9984   1.629 0.9910 0.9238 0.9997 0.2766 1.0000 1.0000 1.0000 1.0000 1.0000 1.0000 1.0000 1.0000 1.0000 1.0000 1.0000 1.0000 1.0000 1.0000 1.0000 1.0000 1.0000 1.0000 1.0000
 2185.00 0.1326 0.6828 0.2471 0.9991 1.0000 0.7973 0.9902 1.0000 0.9970 1.0000 0.9984   2.020 0.9885 0.9813 1.0000 0.2547 1.0000 1.0000 1.0000 1.0000 1.0000 1.0000 1.0000 1.0000 1.0000 1.0000 1.0000 1.0000 1.0000 1.0000 1.0000 1.0000 1.0000 1.0000 1.0000
 2186.00 0.1369 0.9542 0.1834 0.9987 1.0000 0.7936 0.9903 1.0000 0.9970 1.0000 0.9984   1.988 0.9904 0.9029 1.0000 0.2051 1.0000 1.0000 1.0000 1.0000 1.0000 1.0000 1.0000 1.0000 1.0000 1.0000 1.0000 1.0000 1.0000 1.0000 1.0000 1.0000 1.0000 1.0000 1.0000
 2187.00 0.0617 0.6306 0.1256 0.9996 1.0000 0.7900 0.9904 1.0000 0.9969 1.0000 0.9984   2.785 0.9857 0.6558 1.0000 0.1942 1.0000 1.0000 1.0000 1.0000 1.0000 1.0000 1.0000 1.0000 1.0000 1.0000 1.0000 1.0000 1.0000 1.0000 1.0000 1.0000 1.0000 1.0000 1.0000
 2188.00 0.1242 0.9298 0.1722 0.9990 1.0000 0.7863 0.9905 1.0000 0.9969 1.0000 0.9984   2.086 0.9908 0.9787 1.0000 0.1776 1.0000 1.0000 1.0000 1.0000 1.0000 1.0000 1.0000 1.0000 1.0000 1.0000 1.0000 1.0000 1.0000 1.0000 1.0000 1.0000 1.0000 1.0000 1.0000
 2189.00 0.1275 0.9364 0.1764 0.9989 1.0000 0.7826 0.9906 1.0000 0.9969 1.0000 0.9984   2.059 0.9837 0.9714 1.0000 0.1846 1.0000 1.0000 1.0000 1.0000 1.0000 1.0000 1.0000 1.0000 1.0000 1.0000 1.0000 1.0000 1.0000 1.0000 1.0000 1.0000 1.0000 1.0000 1.0000
 2190.00 0.0944 0.9705 0.1265 0.9994 1.0000 0.7790 0.9907 1.0000 0.9969 1.0000 0.9984   2.360 0.9883 0.5973 1.0000 0.2144 1.0000 1.0000 1.0000 1.0000 1.0000 1.0000 1.0000 1.0000 1.0000 1.0000 1.0000 1.0000 1.0000 1.0000 1.0000 1.0000 1.0000 1.0000 1.0000
 2191.00 0.1726 0.9715 0.2322 0.9990 1.0000 0.7756 0.9908 1.0000 0.9969 1.0000 0.9984   1.757 0.9829 0.9703 0.9999 0.2434 1.0000 1.0000 1.0000 1.0000 1.0000 1.0000 1.0000 1.0000 1.0000 1.0000 1.0000 1.0000 1.0000 1.0000 1.0000 1.0000 1.0000 1.0000 1.0000
 2192.00 0.1720 0.9536 0.2366 0.9995 1.0000 0.7723 0.9909 1.0000 0.9969 1.0000 0.9984   1.760 0.9873 0.9836 0.9999 0.2437 1.0000 1.0000 1.0000 1.0000 1.0000 1.0000 1.0000 1.0000 1.0000 1.0000 1.0000 1.0000 1.0000 1.0000 1.0000 1.0000 1.0000 1.0000 1.0000
 2193.00 0.0699 0.9054 0.1017 0.9993 1.0000 0.7690 0.9910 1.0000 0.9969 1.0000 0.9984   2.661 0.9779 0.7028 0.9999 0.1479 1.0000 1.0000 1.0000 1.0000 1.0000 1.0000 1.0000 1.0000 1.0000 1.0000 1.0000 1.0000 1.0000 1.0000 1.0000 1.0000 1.0000 1.0000 1.0000
 2194.00 0.0805 0.8506 0.1252 0.9994 1.0000 0.7657 0.9911 1.0000 0.9969 1.0000 0.9984   2.520 0.9874 0.9316 0.9999 0.1361 1.0000 1.0000 1.0000 1.0000 1.0000 1.0000 1.0000 1.0000 1.0000 1.0000 1.0000 1.0000 1.0000 1.0000 1.0000 1.0000 1.0000 1.0000 1.0000
 2195.00 0.0742 0.9826 0.1002 0.9996 1.0000 0.7624 0.9912 1.0000 0.9969 1.0000 0.9984   2.601 0.9739 0.9887 0.9998 0.1041 1.0000 1.0000 1.0000 1.0000 1.0000 1.0000 1.0000 1.0000 1.0000 1.0000 1.0000 1.0000 1.0000 1.0000 1.0000 1.0000 1.0000 1.0000 1.0000
 2196.00 0.0620 0.9967 0.0830 0.9994 1.0000 0.7591 0.9913 1.0000 0.9969 1.0000 0.9984   2.780 0.9845 0.9440 0.9996 0.0894 1.0000 1.0000 1.0000 1.0000 1.0000 1.0000 1.0000 1.0000 1.0000 1.0000 1.0000 1.0000 1.0000 1.0000 1.0000 1.0000 1.0000 1.0000 1.0000
 2197.00 0.0397 0.9964 0.0534 0.9993 1.0000 0.7559 0.9914 1.0000 0.9969 1.0000 0.9984   3.227 0.9728 0.7196 0.9992 0.0763 1.0000 1.0000 1.0000 1.0000 1.0000 1.0000 1.0000 1.0000 1.0000 1.0000 1.0000 1.0000 1.0000 1.0000 1.0000 1.0000 1.0000 1.0000 1.0000
 2198.00 0.0525 0.9777 0.0722 0.9994 1.0000 0.7526 0.9914 1.0000 0.9969 1.0000 0.9983   2.947 0.9803 0.9882 0.9983 0.0747 1.0000 1.0000 1.0000 1.0000 1.0000 1.0000 1.0000 1.0000 1.0000 1.0000 1.0000 1.0000 1.0000 1.0000 1.0000 1.0000 1.0000 1.0000 1.0000
 2199.00 0.0439 0.8925 0.0665 0.9993 1.0000 0.7494 0.9915 1.0000 0.9969 1.0000 0.9983   3.125 0.9695 0.9819 0.9965 0.0701 1.0000 1.0000 1.0000 1.0000 1.0000 1.0000 1.0000 1.0000 1.0000 1.0000 1.0000 1.0000 1.0000 1.0000 1.0000 1.0000 1.0000 1.0000 1.0000
 2200.00 0.0283 0.7409 0.0519 0.9996 1.0000 0.7461 0.9916 1.0000 0.9969 1.0000 0.9983   3.563 0.9766 0.7040 0.9960 0.0758 1.0000 1.0000 1.0000 1.0000 1.0000 1.0000 1.0000 1.0000 1.0000 1.0000 1.0000 1.0000 1.0000 1.0000 1.0000 1.0000 1.0000 1.0000 1.0000
 2201.00 0.0568 0.9556 0.0811 0.9993 1.0000 0.7428 0.9917 1.0000 0.9969 1.0000 0.9983   2.868 0.9608 0.9873 0.9999 0.0855 1.0000 1.0000 1.0000 1.0000 1.0000 1.0000 1.0000 1.0000 1.0000 1.0000 1.0000 1.0000 1.0000 1.0000 1.0000 1.0000 1.0000 1.0000 1.0000
 2202.00 0.0537 0.9948 0.0739 0.9994 1.0000 0.7395 0.9917 1.0000 0.9969 1.0000 0.9983   2.924 0.9776 0.9907 1.0000 0.0763 1.0000 1.0000 1.0000 1.0000 1.0000 1.0000 1.0000 1.0000 1.0000 1.0000 1.0000 1.0000 1.0000 1.0000 1.0000 1.0000 1.0000 1.0000 1.0000
 2203.00 0.0288 0.9948 0.0398 0.9993 1.0000 0.7362 0.9918 1.0000 0.9969 1.0000 0.9983   3.548 0.9471 0.7470 1.0000 0.0562 1.0000 1.0000 1.0000 1.0000 1.0000 1.0000 1.0000 1.0000 1.0000 1.0000 1.0000 1.0000 1.0000 1.0000 1.0000 1.0000 1.0000 1.0000 1.0000
 2204.00 0.0237 0.9904 0.0331 0.9994 1.0000 0.7329 0.9919 1.0000 0.9969 1.0000 0.9983   3.742 0.9500 0.9826 1.0000 0.0354 1.0000 1.0000 1.0000 1.0000 1.0000 1.0000 1.0000 1.0000 1.0000 1.0000 1.0000 1.0000 1.0000 1.0000 1.0000 1.0000 1.0000 1.0000 1.0000
 2205.00 0.0200 0.7662 0.0362 0.9994 1.0000 0.7296 0.9919 1.0000 0.9969 1.0000 0.9983   3.913 0.9557 0.9936 1.0000 0.0381 1.0000 1.0000 1.0000 1.0000 1.0000 1.0000 1.0000 1.0000 1.0000 1.0000 1.0000 1.0000 1.0000 1.0000 1.0000 1.0000 1.0000 1.0000 1.0000
 2206.00 0.0201 0.8668 0.0322 0.9994 1.0000 0.7264 0.9920 1.0000 0.9969 1.0000 0.9983   3.909 0.9459 0.8149 1.0000 0.0418 1.0000 1.0000 1.0000 1.0000 1.0000 1.0000 1.0000 1.0000 1.0000 1.0000 1.0000 1.0000 1.0000 1.0000 1.0000 1.0000 1.0000 1.0000 1.0000
 2207.00 0.0217 0.7611 0.0400 0.9997 1.0000 0.7231 0.9921 1.0000 0.9969 1.0000 0.9983   3.829 0.9569 0.9752 1.0000 0.0428 1.0000 1.0000 1.0000 1.0000 1.0000 1.0000 1.0000 1.0000 1.0000 1.0000 1.0000 1.0000 1.0000 1.0000 1.0000 1.0000 1.0000 1.0000 1.0000
 2208.00 0.0261 0.9684 0.0379 0.9994 1.0000 0.7199 0.9921 1.0000 0.9969 1.0000 0.9983   3.646 0.9080 0.9961 0.9999 0.0419 1.0000 1.0000 1.0000 1.0000 1.0000 1.0000 1.0000 1.0000 1.0000 1.0000 1.0000 1.0000 1.0000 1.0000 1.0000 1.0000 1.0000 1.0000 1.0000
 2209.00 0.0149 0.7124 0.0296 0.9994 1.0000 0.7167 0.9922 1.0000 0.9969 1.0000 0.9983   4.204 0.9493 0.9817 1.0000 0.0318 1.0000 1.0000 1.0000 1.0000 1.0000 1.0000 1.0000 1.0000 1.0000 1.0000 1.0000 1.0000 1.0000 1.0000 1.0000 1.0000 1.0000 1.0000 1.0000
 2210.00 0.0232 0.9260 0.0355 0.9994 1.0000 0.7134 0.9922 1.0000 0.9969 1.0000 0.9983   3.763 0.8794 0.8765 1.0000 0.0461 1.0000 1.0000 1.0000 1.0000 1.0000 1.0000 1.0000 1.0000 1.0000 1.0000 1.0000 1.0000 1.0000 1.0000 1.0000 1.0000 1.0000 1.0000 1.0000
 2211.00 0.0157 0.8326 0.0268 0.9996 1.0000 0.7093 0.9923 1.0000 0.9969 1.0000 0.9983   4.157 0.9304 0.9961 1.0000 0.0289 1.0000 1.0000 1.0000 1.0000 1.0000 1.0000 1.0000 1.0000 1.0000 1.0000 1.0000 1.0000 1.0000 1.0000 1.0000 1.0000 1.0000 1.0000 1.0000
 2212.00 0.0143 0.7612 0.0269 0.9994 1.0000 0.7052 0.9923 1.0000 0.9969 1.0000 0.9983   4.250 0.8287 0.9868 1.0000 0.0329 1.0000 1.0000 1.0000 1.0000 1.0000 1.0000 1.0000 1.0000 1.0000 1.0000 1.0000 1.0000 1.0000 1.0000 1.0000 1.0000 1.0000 1.0000 1.0000
 2213.00 0.0110 0.8277 0.0191 0.9995 1.0000 0.7011 0.9924 1.0000 0.9969 1.0000 0.9983   4.512 0.9087 0.8761 1.0000 0.0240 1.0000 1.0000 1.0000 1.0000 1.0000 1.0000 1.0000 1.0000 1.0000 1.0000 1.0000 1.0000 1.0000 1.0000 1.0000 1.0000 1.0000 1.0000 1.0000
 2214.00 0.0071 0.8400 0.0122 0.9995 1.0000 0.6970 0.9925 1.0000 0.9969 1.0000 0.9983   4.954 0.8439 0.9972 1.0000 0.0145 1.0000 1.0000 1.0000 1.0000 1.0000 1.0000 1.0000 1.0000 1.0000 1.0000 1.0000 1.0000 1.0000 1.0000 1.0000 1.0000 1.0000 1.0000 1.0000
 2215.00 0.0142 0.9769 0.0211 0.9994 1.0000 0.6928 0.9925 1.0000 0.9969 1.0000 0.9983   4.258 0.7944 0.9912 0.9996 0.0269 1.0000 1.0000 1.0000 1.0000 1.0000 1.0000 1.0000 1.0000 1.0000 1.0000 1.0000 1.0000 1.0000 1.0000 1.0000 1.0000 1.0000 1.0000 1.0000
 2216.00 0.0159 0.9576 0.0244 0.9995 1.0000 0.6888 0.9926 1.0000 0.9969 1.0000 0.9983   4.142 0.8387 0.8886 1.0000 0.0327 1.0000 1.0000 1.0000 1.0000 1.0000 1.0000 1.0000 1.0000 1.0000 1.0000 1.0000 1.0000 1.0000 1.0000 1.0000 1.0000 1.0000 1.0000 1.0000
 2217.00 0.0144 0.9924 0.0215 0.9991 1.0000 0.6848 0.9926 1.0000 0.9969 1.0000 0.9983   4.239 0.6716 0.9981 1.0000 0.0320 1.0000 1.0000 1.0000 1.0000 1.0000 1.0000 1.0000 1.0000 1.0000 1.0000 1.0000 1.0000 1.0000 1.0000 1.0000 1.0000 1.0000 1.0000 1.0000
 2218.00 0.0082 0.9395 0.0129 0.9996 1.0000 0.6808 0.9927 1.0000 0.9969 1.0000 0.9983   4.806 0.7781 0.9952 1.0000 0.0167 1.0000 1.0000 1.0000 1.0000 1.0000 1.0000 1.0000 1.0000 1.0000 1.0000 1.0000 1.0000 1.0000 1.0000 1.0000 1.0000 1.0000 1.0000 1.0000
 2219.00 0.0076 0.7464 0.0152 0.9994 1.0000 0.6768 0.9927 1.0000 0.9968 1.0000 0.9983   4.881 0.6091 0.9159 1.0000 0.0272 1.0000 1.0000 1.0000 1.0000 1.0000 1.0000 1.0000 1.0000 1.0000 1.0000 1.0000 1.0000 1.0000 1.0000 1.0000 1.0000 1.0000 1.0000 1.0000
 2220.00 0.0106 0.9870 0.0162 0.9995 1.0000 0.6728 0.9928 1.0000 0.9968 1.0000 0.9983   4.544 0.6963 0.9986 1.0000 0.0233 1.0000 1.0000 1.0000 1.0000 1.0000 1.0000 1.0000 1.0000 1.0000 1.0000 1.0000 1.0000 1.0000 1.0000 1.0000 1.0000 1.0000 1.0000 1.0000
 2221.00 0.0267 0.9855 0.0409 0.9995 1.0000 0.6689 0.9928 1.0000 0.9968 1.0000 0.9983   3.625 0.6895 0.9969 1.0000 0.0595 1.0000 1.0000 1.0000 1.0000 1.0000 1.0000 1.0000 1.0000 1.0000 1.0000 1.0000 1.0000 1.0000 1.0000 1.0000 1.0000 1.0000 1.0000 1.0000
 2222.00 0.0379 0.9708 0.0593 0.9991 1.0000 0.6649 0.9928 1.0000 0.9968 1.0000 0.9983   3.274 0.4383 0.9388 0.9999 0.1442 1.0000 1.0000 1.0000 1.0000 1.0000 1.0000 1.0000 1.0000 1.0000 1.0000 1.0000 1.0000 1.0000 1.0000 1.0000 1.0000 1.0000 1.0000 1.0000
 2223.00 0.0463 0.9976 0.0710 0.9992 1.0000 0.6609 0.9929 1.0000 0.9968 1.0000 0.9983   3.073 0.6198 0.9991 0.9992 0.1147 1.0000 1.0000 1.0000 1.0000 1.0000 1.0000 1.0000 1.0000 1.0000 1.0000 1.0000 1.0000 1.0000 1.0000 1.0000 1.0000 1.0000 1.0000 1.0000
 2224.00 0.0625 0.9869 0.0974 0.9995 1.0000 0.6569 0.9929 1.0000 0.9968 1.0000 0.9983   2.773 0.4046 0.9976 1.0000 0.2414 1.0000 1.0000 1.0000 1.0000 1.0000 1.0000 1.0000 1.0000 1.0000 1.0000 1.0000 1.0000 1.0000 1.0000 1.0000 1.0000 1.0000 1.0000 1.0000
 2225.00 0.0220 0.9420 0.0362 0.9994 1.0000 0.6529 0.9929 1.0000 0.9968 1.0000 0.9983   3.815 0.4869 0.9576 1.0000 0.0777 1.0000 1.0000 1.0000 1.0000 1.0000 1.0000 1.0000 1.0000 1.0000 1.0000 1.0000 1.0000 1.0000 1.0000 1.0000 1.0000 1.0000 1.0000 1.0000
 2226.00 0.0155 0.8726 0.0277 0.9996 1.0000 0.6490 0.9929 1.0000 0.9968 1.0000 0.9983   4.165 0.4054 0.9994 1.0000 0.0684 1.0000 1.0000 1.0000 1.0000 1.0000 1.0000 1.0000 1.0000 1.0000 1.0000 1.0000 1.0000 1.0000 1.0000 1.0000 1.0000 1.0000 1.0000 1.0000
 2227.00 0.0156 0.8705 0.0280 0.9995 1.0000 0.6451 0.9930 1.0000 0.9968 1.0000 0.9983   4.162 0.4111 0.9983 1.0000 0.0683 1.0000 1.0000 1.0000 1.0000 1.0000 1.0000 1.0000 1.0000 1.0000 1.0000 1.0000 1.0000 1.0000 1.0000 1.0000 1.0000 1.0000 1.0000 1.0000
 2228.00 0.0031 0.9698 0.0051 0.9994 1.0000 0.6412 0.9930 1.0000 0.9968 1.0000 0.9983   5.774 0.2989 0.9722 1.0000 0.0174 1.0000 1.0000 1.0000 1.0000 1.0000 1.0000 1.0000 1.0000 1.0000 1.0000 1.0000 1.0000 1.0000 1.0000 1.0000 1.0000 1.0000 1.0000 1.0000
 2229.00 0.0028 0.9968 0.0045 0.9990 1.0000 0.6374 0.9930 1.0000 0.9968 1.0000 0.9983   5.877 0.2364 0.9996 0.9999 0.0189 1.0000 1.0000 1.0000 1.0000 1.0000 1.0000 1.0000 1.0000 1.0000 1.0000 1.0000 1.0000 1.0000 1.0000 1.0000 1.0000 1.0000 1.0000 1.0000
 2230.00 0.0027 0.9788 0.0044 0.9996 1.0000 0.6335 0.9931 1.0000 0.9968 1.0000 0.9983   5.906 0.2819 0.9990 0.9990 0.0158 1.0000 1.0000 1.0000 1.0000 1.0000 1.0000 1.0000 1.0000 1.0000 1.0000 1.0000 1.0000 1.0000 1.0000 1.0000 1.0000 1.0000 1.0000 1.0000
 2231.00 0.0013 0.8411 0.0026 0.9996 1.0000 0.6297 0.9931 1.0000 0.9968 1.0000 0.9983   6.617 0.1589 0.9830 0.9996 0.0164 1.0000 1.0000 1.0000 1.0000 1.0000 1.0000 1.0000 1.0000 1.0000 1.0000 1.0000 1.0000 1.0000 1.0000 1.0000 1.0000 1.0000 1.0000 1.0000
 2232.00 0.0011 0.9920 0.0019 0.9996 1.0000 0.6260 0.9932 1.0000 0.9968 1.0000 0.9983   6.777 0.2406 0.9997 0.9999 0.0077 1.0000 1.0000 1.0000 1.0000 1.0000 1.0000 1.0000 1.0000 1.0000 1.0000 1.0000 1.0000 1.0000 1.0000 1.0000 1.0000 1.0000 1.0000 1.0000
 2233.00 0.0009 0.8844 0.0016 0.9996 1.0000 0.6222 0.9932 1.0000 0.9968 1.0000 0.9983   7.062 0.1371 0.9886 1.0000 0.0116 1.0000 1.0000 1.0000 1.0000 1.0000 1.0000 1.0000 1.0000 1.0000 1.0000 1.0000 1.0000 1.0000 1.0000 1.0000 1.0000 1.0000 1.0000 1.0000
 2234.00 0.0015 0.9897 0.0025 0.9993 1.0000 0.6184 0.9932 1.0000 0.9968 1.0000 0.9983   6.483 0.1997 0.9994 0.9999 0.0127 1.0000 1.0000 1.0000 1.0000 1.0000 1.0000 1.0000 1.0000 1.0000 1.0000 1.0000 1.0000 1.0000 1.0000 1.0000 1.0000 1.0000 1.0000 1.0000
 2235.00 0.0005 0.9901 0.0009 0.9992 1.0000 0.6147 0.9933 1.0000 0.9968 1.0000 0.9983   7.540 0.0928 0.9999 1.0000 0.0095 1.0000 1.0000 1.0000 1.0000 1.0000 1.0000 1.0000 1.0000 1.0000 1.0000 1.0000 1.0000 1.0000 1.0000 1.0000 1.0000 1.0000 1.0000 1.0000
 2236.00 0.0008 0.8411 0.0016 0.9996 1.0000 0.6110 0.9933 1.0000 0.9968 1.0000 0.9983   7.114 0.1879 0.9929 1.0000 0.0086 1.0000 1.0000 1.0000 1.0000 1.0000 1.0000 1.0000 1.0000 1.0000 1.0000 1.0000 1.0000 1.0000 1.0000 1.0000 1.0000 1.0000 1.0000 1.0000
 2237.00 0.0002 0.9827 0.0004 0.9997 1.0000 0.6074 0.9934 1.0000 0.9968 1.0000 0.9984   8.349 0.0321 0.9998 0.9998 0.0125 1.0000 1.0000 1.0000 1.0000 1.0000 1.0000 1.0000 1.0000 1.0000 1.0000 1.0000 1.0000 1.0000 1.0000 1.0000 1.0000 1.0000 1.0000 1.0000
 2238.00 0.0006 0.8588 0.0011 0.9997 1.0000 0.6037 0.9934 1.0000 0.9968 1.0000 0.9984   7.477 0.0983 0.9999 0.9984 0.0112 1.0000 1.0000 1.0000 1.0000 1.0000 1.0000 1.0000 1.0000 1.0000 1.0000 1.0000 1.0000 1.0000 1.0000 1.0000 1.0000 1.0000 1.0000 1.0000
 2239.00 0.0002 0.9485 0.0003 0.9997 1.0000 0.6001 0.9935 1.0000 0.9968 1.0000 0.9984   8.758 0.0183 0.9958 1.0000 0.0153 1.0000 1.0000 1.0000 1.0000 1.0000 1.0000 1.0000 1.0000 1.0000 1.0000 1.0000 1.0000 1.0000 1.0000 1.0000 1.0000 1.0000 1.0000 1.0000
 2240.00 0.0004 0.9790 0.0007 0.9997 1.0000 0.5964 0.9935 1.0000 0.9968 1.0000 0.9984   7.857 0.0408 0.9999 1.0000 0.0164 1.0000 1.0000 1.0000 1.0000 1.0000 1.0000 1.0000 1.0000 1.0000 1.0000 1.0000 1.0000 1.0000 1.0000 1.0000 1.0000 1.0000 1.0000 1.0000
 2241.00 0.0001 0.9942 0.0001 0.9994 1.0000 0.5934 0.9936 1.0000 0.9968 1.0000 0.9984   9.520 0.0067 0.9999 0.9999 0.0186 1.0000 1.0000 1.0000 1.0000 1.0000 1.0000 1.0000 1.0000 1.0000 1.0000 1.0000 1.0000 1.0000 1.0000 1.0000 1.0000 1.0000 1.0000 1.0000
 2242.00 0.0002 0.9644 0.0003 0.9996 1.0000 0.5903 0.9936 1.0000 0.9968 1.0000 0.9984   8.578 0.0129 0.9976 0.9999 0.0260 1.0000 1.0000 1.0000 1.0000 1.0000 1.0000 1.0000 1.0000 1.0000 1.0000 1.0000 1.0000 1.0000 1.0000 1.0000 1.0000 1.0000 1.0000 1.0000
 2243.00 0.0001 0.7498 0.0002 0.9998 1.0000 0.5873 0.9936 1.0000 0.9968 1.0000 0.9984   9.459 0.0061 1.0000 0.9999 0.0292 1.0000 1.0000 1.0000 1.0000 1.0000 1.0000 1.0000 1.0000 1.0000 1.0000 1.0000 1.0000 1.0000 1.0000 1.0000 1.0000 1.0000 1.0000 1.0000
 2244.00 0.0001 0.9636 0.0002 0.9998 1.0000 0.5842 0.9937 1.0000 0.9968 1.0000 0.9984   9.147 0.0052 0.9986 0.9999 0.0371 1.0000 1.0000 1.0000 1.0000 1.0000 1.0000 1.0000 1.0000 1.0000 1.0000 1.0000 1.0000 1.0000 1.0000 1.0000 1.0000 1.0000 1.0000 1.0000
 2245.00 0.0001 0.9829 0.0002 0.9998 1.0000 0.5812 0.9937 1.0000 0.9968 1.0000 0.9984   9.162 0.0038 0.9999 0.9982 0.0495 1.0000 1.0000 1.0000 1.0000 1.0000 1.0000 1.0000 1.0000 1.0000 1.0000 1.0000 1.0000 1.0000 1.0000 1.0000 1.0000 1.0000 1.0000 1.0000
 2246.00 0.0001 0.8522 0.0002 0.9998 1.0000 0.5782 0.9938 1.0000 0.9968 1.0000 0.9984   9.371 0.0035 1.0000 0.9999 0.0500 1.0000 1.0000 1.0000 1.0000 1.0000 1.0000 1.0000 1.0000 1.0000 1.0000 1.0000 1.0000 1.0000 1.0000 1.0000 1.0000 1.0000 1.0000 1.0000
 2247.00 0.0001 0.8247 0.0003 0.9997 1.0000 0.5753 0.9938 1.0000 0.9968 1.0000 0.9984   9.030 0.0032 0.9992 1.0000 0.0799 1.0000 1.0000 1.0000 1.0000 1.0000 1.0000 1.0000 1.0000 1.0000 1.0000 1.0000 1.0000 1.0000 1.0000 1.0000 1.0000 1.0000 1.0000 1.0000
 2248.00 0.0001 0.9843 0.0001 0.9997 1.0000 0.5723 0.9938 1.0000 0.9968 1.0000 0.9984   9.817 0.0009 1.0000 1.0000 0.1098 1.0000 1.0000 1.0000 1.0000 1.0000 1.0000 1.0000 1.0000 1.0000 1.0000 1.0000 1.0000 1.0000 1.0000 1.0000 1.0000 1.0000 1.0000 1.0000
 2249.00 0.0001 0.9928 0.0001 0.9999 1.0000 0.5693 0.9939 1.0000 0.9968 1.0000 0.9984   9.847 0.0009 1.0000 1.0000 0.1023 1.0000 1.0000 1.0000 1.0000 1.0000 1.0000 1.0000 1.0000 1.0000 1.0000 1.0000 1.0000 1.0000 1.0000 1.0000 1.0000 1.0000 1.0000 1.0000
 2250.00 0.0000 0.8988 0.0000 0.9999 1.0000 0.5664 0.9939 1.0000 0.9968 1.0000 0.9984  12.401 0.0001 0.9996 0.9999 0.1625 1.0000 1.0000 1.0000 1.0000 1.0000 1.0000 1.0000 1.0000 1.0000 1.0000 1.0000 1.0000 1.0000 1.0000 1.0000 1.0000 1.0000 1.0000 1.0000
 2251.00 0.0000 0.9179 0.0000 0.9999 1.0000 0.5636 0.9939 1.0000 0.9968 1.0000 0.9984  10.898 0.0002 1.0000 0.9998 0.2114 1.0000 1.0000 1.0000 1.0000 1.0000 1.0000 1.0000 1.0000 1.0000 1.0000 1.0000 1.0000 1.0000 1.0000 1.0000 1.0000 1.0000 1.0000 1.0000
 2252.00 0.0000 0.8956 0.0000 0.9999 1.0000 0.5608 0.9940 1.0000 0.9968 1.0000 0.9984  13.485 0.0000 0.9998 0.9982 0.2415 1.0000 1.0000 1.0000 1.0000 1.0000 1.0000 1.0000 1.0000 1.0000 1.0000 1.0000 1.0000 1.0000 1.0000 1.0000 1.0000 1.0000 1.0000 1.0000
 2253.00 0.0000 0.9889 0.0000 0.9997 1.0000 0.5580 0.9940 1.0000 0.9968 1.0000 0.9984  12.444 0.0000 1.0000 0.9996 0.2766 1.0000 1.0000 1.0000 1.0000 1.0000 1.0000 1.0000 1.0000 1.0000 1.0000 1.0000 1.0000 1.0000 1.0000 1.0000 1.0000 1.0000 1.0000 1.0000
 2254.00 0.0000 0.9713 0.0000 0.9997 1.0000 0.5552 0.9941 1.0000 0.9968 1.0000 0.9984  15.081 0.0000 1.0000 0.9999 0.3391 1.0000 1.0000 1.0000 1.0000 1.0000 1.0000 1.0000 1.0000 1.0000 1.0000 1.0000 1.0000 1.0000 1.0000 1.0000 1.0000 1.0000 1.0000 1.0000
 2255.00 0.0000 0.5629 0.0000 0.9999 1.0000 0.5524 0.9941 1.0000 0.9968 1.0000 0.9984  15.765 0.0000 0.9999 0.9998 0.4179 1.0000 1.0000 1.0000 1.0000 1.0000 1.0000 1.0000 1.0000 1.0000 1.0000 1.0000 1.0000 1.0000 1.0000 1.0000 1.0000 1.0000 1.0000 1.0000
 2256.00 0.0000 0.8742 0.0000 0.9999 1.0000 0.5497 0.9941 1.0000 0.9968 1.0000 0.9984  14.301 0.0000 1.0000 1.0000 0.5076 1.0000 1.0000 1.0000 1.0000 1.0000 1.0000 1.0000 1.0000 1.0000 1.0000 1.0000 1.0000 1.0000 1.0000 1.0000 1.0000 1.0000 1.0000 1.0000
 2257.00 0.0000 0.7795 0.0000 0.9999 1.0000 0.5469 0.9942 1.0000 0.9968 1.0000 0.9984  28.380 0.0000 0.9999 1.0000 0.5992 1.0000 1.0000 1.0000 1.0000 1.0000 1.0000 1.0000 1.0000 1.0000 1.0000 1.0000 1.0000 1.0000 1.0000 1.0000 1.0000 1.0000 1.0000 1.0000
 2258.00 0.0000 0.9586 0.0000 0.9999 1.0000 0.5442 0.9942 1.0000 0.9968 1.0000 0.9984  16.097 0.0000 1.0000 0.9999 0.6909 1.0000 1.0000 1.0000 1.0000 1.0000 1.0000 1.0000 1.0000 1.0000 1.0000 1.0000 1.0000 1.0000 1.0000 1.0000 1.0000 1.0000 1.0000 1.0000
 2259.00 0.0000 0.8259 0.0000 0.9998 1.0000 0.5415 0.9942 1.0000 0.9968 1.0000 0.9984  19.488 0.0000 1.0000 0.9985 0.7712 1.0000 1.0000 1.0000 1.0000 1.0000 1.0000 1.0000 1.0000 1.0000 1.0000 1.0000 1.0000 1.0000 1.0000 1.0000 1.0000 1.0000 1.0000 1.0000
 2260.00 0.0000 0.9919 0.0000 0.9998 1.0000 0.5388 0.9943 1.0000 0.9968 1.0000 0.9984  32.363 0.0000 1.0000 0.9993 0.8059 1.0000 1.0000 1.0000 1.0000 1.0000 1.0000 1.0000 1.0000 1.0000 1.0000 1.0000 1.0000 1.0000 1.0000 1.0000 1.0000 1.0000 1.0000 1.0000
 2261.00 0.0000 0.9423 0.0000 0.9999 1.0000 0.5368 0.9943 1.0000 0.9968 1.0000 0.9984  22.917 0.0000 1.0000 0.9999 0.9072 1.0000 1.0000 1.0000 1.0000 1.0000 1.0000 1.0000 1.0000 1.0000 1.0000 1.0000 1.0000 1.0000 1.0000 1.0000 1.0000 1.0000 1.0000 1.0000
 2262.00 0.0000 0.9980 0.0000 0.9999 1.0000 0.5349 0.9943 1.0000 0.9968 1.0000 0.9984  20.833 0.0000 1.0000 1.0000 0.9272 1.0000 1.0000 1.0000 1.0000 1.0000 1.0000 1.0000 1.0000 1.0000 1.0000 1.0000 1.0000 1.0000 1.0000 1.0000 1.0000 1.0000 1.0000 1.0000
 2263.00 0.0000 0.9986 0.0000 0.9999 1.0000 0.5330 0.9944 1.0000 0.9968 1.0000 0.9984  31.832 0.0000 1.0000 1.0000 0.9669 1.0000 1.0000 1.0000 1.0000 1.0000 1.0000 1.0000 1.0000 1.0000 1.0000 1.0000 1.0000 1.0000 1.0000 1.0000 1.0000 1.0000 1.0000 1.0000
 2264.00 0.0000 0.9941 0.0000 0.9999 1.0000 0.5310 0.9944 1.0000 0.9968 1.0000 0.9984  22.810 0.0000 1.0000 0.9999 0.9753 1.0000 1.0000 1.0000 1.0000 1.0000 1.0000 1.0000 1.0000 1.0000 1.0000 1.0000 1.0000 1.0000 1.0000 1.0000 1.0000 1.0000 1.0000 1.0000
 2265.00 0.0000 0.8928 0.0000 0.9999 1.0000 0.5291 0.9944 1.0000 0.9968 1.0000 0.9984  39.036 0.0000 1.0000 1.0000 0.9861 1.0000 1.0000 1.0000 1.0000 1.0000 1.0000 1.0000 1.0000 1.0000 1.0000 1.0000 1.0000 1.0000 1.0000 1.0000 1.0000 1.0000 1.0000 1.0000
 2266.00 0.0000 0.9905 0.0000 0.9998 1.0000 0.5272 0.9945 1.0000 0.9968 1.0000 0.9984  25.067 0.0000 1.0000 0.9987 0.9918 1.0000 1.0000 1.0000 1.0000 1.0000 1.0000 1.0000 1.0000 1.0000 1.0000 1.0000 1.0000 1.0000 1.0000 1.0000 1.0000 1.0000 1.0000 1.0000
 2267.00 0.0000 0.9977 0.0000 0.9999 1.0000 0.5253 0.9945 1.0000 0.9968 1.0000 0.9984  33.554 0.0000 1.0000 0.9996 0.9945 1.0000 1.0000 1.0000 1.0000 1.0000 1.0000 1.0000 1.0000 1.0000 1.0000 1.0000 1.0000 1.0000 1.0000 1.0000 1.0000 1.0000 1.0000 1.0000
 2268.00 0.0000 0.9965 0.0000 0.9999 1.0000 0.5234 0.9945 1.0000 0.9968 1.0000 0.9984  32.637 0.0000 1.0000 0.9997 0.9960 1.0000 1.0000 1.0000 1.0000 1.0000 1.0000 1.0000 1.0000 1.0000 1.0000 1.0000 1.0000 1.0000 1.0000 1.0000 1.0000 1.0000 1.0000 1.0000
 2269.00 0.0000 0.9882 0.0000 0.9999 1.0000 0.5215 0.9946 1.0000 0.9968 1.0000 0.9984  26.971 0.0000 1.0000 1.0000 0.9970 1.0000 1.0000 1.0000 1.0000 1.0000 1.0000 1.0000 1.0000 1.0000 1.0000 1.0000 1.0000 1.0000 1.0000 1.0000 1.0000 1.0000 1.0000 1.0000
 2270.00 0.0000 0.9943 0.0000 0.9999 1.0000 0.5196 0.9946 1.0000 0.9968 1.0000 0.9984  31.927 0.0000 1.0000 1.0000 0.9978 1.0000 1.0000 1.0000 1.0000 1.0000 1.0000 1.0000 1.0000 1.0000 1.0000 1.0000 1.0000 1.0000 1.0000 1.0000 1.0000 1.0000 1.0000 1.0000
 2271.00 0.0000 0.9663 0.0000 0.9999 1.0000 0.5175 0.9946 1.0000 0.9968 1.0000 0.9984  30.057 0.0000 1.0000 1.0000 0.9981 1.0000 1.0000 1.0000 1.0000 1.0000 1.0000 1.0000 1.0000 1.0000 1.0000 1.0000 1.0000 1.0000 1.0000 1.0000 1.0000 1.0000 1.0000 1.0000
 2272.00 0.0000 0.8972 0.0000 0.9999 1.0000 0.5154 0.9947 1.0000 0.9968 1.0000 0.9984  51.807 0.0000 1.0000 1.0000 0.9985 1.0000 1.0000 1.0000 1.0000 1.0000 1.0000 1.0000 1.0000 1.0000 1.0000 1.0000 1.0000 1.0000 1.0000 1.0000 1.0000 1.0000 1.0000 1.0000
 2273.00 0.0000 0.8693 0.0000 1.0000 1.0000 0.5132 0.9947 1.0000 0.9968 1.0000 0.9984  30.878 0.0000 1.0000 0.9990 0.9987 1.0000 1.0000 1.0000 1.0000 1.0000 1.0000 1.0000 1.0000 1.0000 1.0000 1.0000 1.0000 1.0000 1.0000 1.0000 1.0000 1.0000 1.0000 1.0000
 2274.00 0.0000 0.9043 0.0000 1.0000 1.0000 0.5111 0.9948 1.0000 0.9968 1.0000 0.9984  36.737 0.0000 1.0000 0.9993 0.9990 1.0000 1.0000 1.0000 1.0000 1.0000 1.0000 1.0000 1.0000 1.0000 1.0000 1.0000 1.0000 1.0000 1.0000 1.0000 1.0000 1.0000 1.0000 1.0000
 2275.00 0.0000 0.7957 0.0000 1.0000 1.0000 0.5090 0.9948 1.0000 0.9968 1.0000 0.9984  30.828 0.0000 1.0000 0.9999 0.9992 1.0000 1.0000 1.0000 1.0000 1.0000 1.0000 1.0000 1.0000 1.0000 1.0000 1.0000 1.0000 1.0000 1.0000 1.0000 1.0000 1.0000 1.0000 1.0000
 2276.00 0.0000 0.9724 0.0000 0.9999 1.0000 0.5069 0.9948 1.0000 0.9968 1.0000 0.9984  35.818 0.0000 1.0000 0.9996 0.9991 1.0000 1.0000 1.0000 1.0000 1.0000 1.0000 1.0000 1.0000 1.0000 1.0000 1.0000 1.0000 1.0000 1.0000 1.0000 1.0000 1.0000 1.0000 1.0000
 2277.00 0.0000 0.9757 0.0000 0.9999 1.0000 0.5048 0.9949 1.0000 0.9968 1.0000 0.9984  46.167 0.0000 1.0000 0.9998 0.9993 1.0000 1.0000 1.0000 1.0000 1.0000 1.0000 1.0000 1.0000 1.0000 1.0000 1.0000 1.0000 1.0000 1.0000 1.0000 1.0000 1.0000 1.0000 1.0000
 2278.00 0.0000 0.8916 0.0000 0.9999 1.0000 0.5027 0.9949 1.0000 0.9968 1.0000 0.9984  32.089 0.0000 1.0000 0.9999 0.9993 1.0000 1.0000 1.0000 1.0000 1.0000 1.0000 1.0000 1.0000 1.0000 1.0000 1.0000 1.0000 1.0000 1.0000 1.0000 1.0000 1.0000 1.0000 1.0000
 2279.00 0.0000 0.9967 0.0000 1.0000 1.0000 0.5007 0.9949 1.0000 0.9968 1.0000 0.9984  30.991 0.0000 1.0000 0.9995 0.9993 1.0000 1.0000 1.0000 1.0000 1.0000 1.0000 1.0000 1.0000 1.0000 1.0000 1.0000 1.0000 1.0000 1.0000 1.0000 1.0000 1.0000 1.0000 1.0000
 2280.00 0.0000 0.9985 0.0000 1.0000 1.0000 0.4986 0.9950 1.0000 0.9968 1.0000 0.9984  30.236 0.0000 1.0000 0.9992 0.9992 1.0000 1.0000 1.0000 1.0000 1.0000 1.0000 1.0000 1.0000 1.0000 1.0000 1.0000 1.0000 1.0000 1.0000 1.0000 1.0000 1.0000 1.0000 1.0000
 2281.00 0.0000 0.9903 0.0000 1.0000 1.0000 0.4960 0.9950 1.0000 0.9968 1.0000 0.9984  25.326 0.0000 1.0000 0.9998 0.9991 1.0000 1.0000 1.0000 1.0000 1.0000 1.0000 1.0000 1.0000 1.0000 1.0000 1.0000 1.0000 1.0000 1.0000 1.0000 1.0000 1.0000 1.0000 1.0000
 2282.00 0.0000 0.9062 0.0000 1.0000 1.0000 0.4933 0.9951 1.0000 0.9968 1.0000 0.9984  28.640 0.0000 1.0000 0.9999 0.9992 1.0000 1.0000 1.0000 1.0000 1.0000 1.0000 1.0000 1.0000 1.0000 1.0000 1.0000 1.0000 1.0000 1.0000 1.0000 1.0000 1.0000 1.0000 1.0000
 2283.00 0.0000 0.9975 0.0000 0.9999 1.0000 0.4907 0.9951 1.0000 0.9968 1.0000 0.9984  17.267 0.0000 1.0000 0.9999 0.9990 1.0000 1.0000 1.0000 1.0000 1.0000 1.0000 1.0000 1.0000 1.0000 1.0000 1.0000 1.0000 1.0000 1.0000 1.0000 1.0000 1.0000 1.0000 1.0000
 2284.00 0.0000 0.9583 0.0000 0.9999 1.0000 0.4881 0.9952 1.0000 0.9968 1.0000 0.9984  21.177 0.0000 1.0000 0.9999 0.9987 1.0000 1.0000 1.0000 1.0000 1.0000 1.0000 1.0000 1.0000 1.0000 1.0000 1.0000 1.0000 1.0000 1.0000 1.0000 1.0000 1.0000 1.0000 1.0000
 2285.00 0.0000 0.9969 0.0000 1.0000 1.0000 0.4854 0.9952 1.0000 0.9968 1.0000 0.9984  26.242 0.0000 1.0000 0.9997 0.9988 1.0000 1.0000 1.0000 1.0000 1.0000 1.0000 1.0000 1.0000 1.0000 1.0000 1.0000 1.0000 1.0000 1.0000 1.0000 1.0000 1.0000 1.0000 1.0000
 2286.00 0.0000 0.9968 0.0000 1.0000 1.0000 0.4829 0.9953 1.0000 0.9968 1.0000 0.9984  35.304 0.0000 1.0000 0.9995 0.9986 1.0000 1.0000 1.0000 1.0000 1.0000 1.0000 1.0000 1.0000 1.0000 1.0000 1.0000 1.0000 1.0000 1.0000 1.0000 1.0000 1.0000 1.0000 1.0000
 2287.00 0.0000 0.9966 0.0000 1.0000 1.0000 0.4803 0.9953 1.0000 0.9968 1.0000 0.9984  41.725 0.0000 1.0000 0.9997 0.9985 1.0000 1.0000 1.0000 1.0000 1.0000 1.0000 1.0000 1.0000 1.0000 1.0000 1.0000 1.0000 1.0000 1.0000 1.0000 1.0000 1.0000 1.0000 1.0000
 2288.00 0.0000 0.9975 0.0000 1.0000 1.0000 0.4778 0.9954 1.0000 0.9968 1.0000 0.9984  45.109 0.0000 1.0000 0.9999 0.9982 1.0000 1.0000 1.0000 1.0000 1.0000 1.0000 1.0000 1.0000 1.0000 1.0000 1.0000 1.0000 1.0000 1.0000 1.0000 1.0000 1.0000 1.0000 1.0000
 2289.00 0.0000 0.9914 0.0000 1.0000 1.0000 0.4752 0.9954 1.0000 0.9968 1.0000 0.9984  60.023 0.0000 1.0000 0.9999 0.9980 1.0000 1.0000 1.0000 1.0000 1.0000 1.0000 1.0000 1.0000 1.0000 1.0000 1.0000 1.0000 1.0000 1.0000 1.0000 1.0000 1.0000 1.0000 1.0000
 2290.00 0.0000 0.7561 0.0000 1.0000 1.0000 0.4727 0.9955 1.0000 0.9968 1.0000 0.9984  55.890 0.0000 1.0000 0.9999 0.9977 1.0000 1.0000 1.0000 1.0000 1.0000 1.0000 1.0000 1.0000 1.0000 1.0000 1.0000 1.0000 1.0000 1.0000 1.0000 1.0000 1.0000 1.0000 1.0000
 2291.00 0.0000 0.8867 0.0000 1.0000 1.0000 0.4692 0.9955 1.0000 0.9968 1.0000 0.9984  59.024 0.0000 1.0000 1.0000 0.9980 1.0000 1.0000 1.0000 1.0000 1.0000 1.0000 1.0000 1.0000 1.0000 1.0000 1.0000 1.0000 1.0000 1.0000 1.0000 1.0000 1.0000 1.0000 1.0000
 2292.00 0.0000 0.9871 0.0000 1.0000 1.0000 0.4658 0.9955 1.0000 0.9968 1.0000 0.9984  60.202 0.0000 1.0000 1.0000 0.9973 1.0000 1.0000 1.0000 1.0000 1.0000 1.0000 1.0000 1.0000 1.0000 1.0000 1.0000 1.0000 1.0000 1.0000 1.0000 1.0000 1.0000 1.0000 1.0000
 2293.00 0.0000 0.9981 0.0000 1.0000 1.0000 0.4623 0.9956 1.0000 0.9968 1.0000 0.9984  79.852 0.0000 1.0000 0.9994 0.9960 1.0000 1.0000 1.0000 1.0000 1.0000 1.0000 1.0000 1.0000 1.0000 1.0000 1.0000 1.0000 1.0000 1.0000 1.0000 1.0000 1.0000 1.0000 1.0000
 2294.00 0.0000 0.9765 0.0000 1.0000 1.0000 0.4589 0.9956 1.0000 0.9968 1.0000 0.9984  72.103 0.0000 1.0000 0.9999 0.9972 1.0000 1.0000 1.0000 1.0000 1.0000 1.0000 1.0000 1.0000 1.0000 1.0000 1.0000 1.0000 1.0000 1.0000 1.0000 1.0000 1.0000 1.0000 1.0000
 2295.00 0.0000 0.9981 0.0000 1.0000 1.0000 0.4555 0.9956 1.0000 0.9968 1.0000 0.9984  75.951 0.0000 1.0000 1.0000 0.9964 1.0000 1.0000 1.0000 1.0000 1.0000 1.0000 1.0000 1.0000 1.0000 1.0000 1.0000 1.0000 1.0000 1.0000 1.0000 1.0000 1.0000 1.0000 1.0000
 2296.00 0.0000 0.9895 0.0000 1.0000 1.0000 0.4522 0.9957 1.0000 0.9968 1.0000 0.9984  99.990 0.0000 1.0000 0.9990 0.9949 1.0000 1.0000 1.0000 1.0000 1.0000 1.0000 1.0000 1.0000 1.0000 1.0000 1.0000 1.0000 1.0000 1.0000 1.0000 1.0000 1.0000 1.0000 1.0000
 2297.00 0.0000 0.8800 0.0000 1.0000 1.0000 0.4488 0.9957 1.0000 0.9968 1.0000 0.9984  84.768 0.0000 1.0000 0.9995 0.9955 1.0000 1.0000 1.0000 1.0000 1.0000 1.0000 1.0000 1.0000 1.0000 1.0000 1.0000 1.0000 1.0000 1.0000 1.0000 1.0000 1.0000 1.0000 1.0000
 2298.00 0.0000 0.9642 0.0000 1.0000 1.0000 0.4455 0.9957 1.0000 0.9968 1.0000 0.9984  99.990 0.0000 1.0000 0.9997 0.9953 1.0000 1.0000 1.0000 1.0000 1.0000 1.0000 1.0000 1.0000 1.0000 1.0000 1.0000 1.0000 1.0000 1.0000 1.0000 1.0000 1.0000 1.0000 1.0000
 2299.00 0.0000 0.9812 0.0000 1.0000 1.0000 0.4422 0.9958 0.9999 0.9968 1.0000 0.9984  86.161 0.0000 1.0000 0.9996 0.9929 1.0000 1.0000 1.0000 1.0000 1.0000 1.0000 1.0000 1.0000 1.0000 1.0000 1.0000 1.0000 1.0000 1.0000 1.0000 1.0000 1.0000 1.0000 1.0000
 2300.00 0.0000 0.9966 0.0000 1.0000 1.0000 0.4389 0.9958 0.9999 0.9968 1.0000 0.9984  99.990 0.0000 1.0000 0.9998 0.9949 1.0000 1.0000 1.0000 1.0000 1.0000 1.0000 1.0000 1.0000 1.0000 1.0000 1.0000 1.0000 1.0000 1.0000 1.0000 1.0000 1.0000 1.0000 1.0000
 2301.00 0.0000 0.9656 0.0000 1.0000 1.0000 0.4300 0.9958 0.9999 0.9968 1.0000 0.9984  99.990 0.0000 1.0000 0.9994 0.9945 1.0000 1.0000 1.0000 1.0000 1.0000 1.0000 1.0000 1.0000 1.0000 1.0000 1.0000 1.0000 1.0000 1.0000 1.0000 1.0000 1.0000 1.0000 1.0000
 2302.00 0.0000 0.9941 0.0000 1.0000 1.0000 0.4211 0.9959 0.9999 0.9968 1.0000 0.9985  99.990 0.0000 1.0000 1.0000 0.9936 1.0000 1.0000 1.0000 1.0000 1.0000 1.0000 1.0000 1.0000 1.0000 1.0000 1.0000 1.0000 1.0000 1.0000 1.0000 1.0000 1.0000 1.0000 1.0000
 2303.00 0.0000 0.9709 0.0000 1.0000 1.0000 0.4122 0.9959 0.9999 0.9968 1.0000 0.9985  99.990 0.0000 1.0000 1.0000 0.9901 1.0000 1.0000 1.0000 1.0000 1.0000 1.0000 1.0000 1.0000 1.0000 1.0000 1.0000 1.0000 1.0000 1.0000 1.0000 1.0000 1.0000 1.0000 1.0000
 2304.00 0.0000 0.9830 0.0000 1.0000 1.0000 0.4033 0.9959 0.9999 0.9968 1.0000 0.9985  99.990 0.0000 1.0000 0.9999 0.9933 1.0000 1.0000 1.0000 1.0000 1.0000 1.0000 1.0000 1.0000 1.0000 1.0000 1.0000 1.0000 1.0000 1.0000 1.0000 1.0000 1.0000 1.0000 1.0000
 2305.00 0.0000 0.9968 0.0000 1.0000 1.0000 0.3944 0.9960 0.9999 0.9968 1.0000 0.9985  99.990 0.0000 1.0000 0.9999 0.9931 1.0000 1.0000 1.0000 1.0000 1.0000 1.0000 1.0000 1.0000 1.0000 1.0000 1.0000 1.0000 1.0000 1.0000 1.0000 1.0000 1.0000 1.0000 1.0000
 2306.00 0.0000 0.9931 0.0000 1.0000 1.0000 0.3867 0.9960 0.9999 0.9968 1.0000 0.9985  99.990 0.0000 1.0000 0.9993 0.9881 1.0000 1.0000 1.0000 1.0000 1.0000 1.0000 1.0000 1.0000 1.0000 1.0000 1.0000 1.0000 1.0000 1.0000 1.0000 1.0000 1.0000 1.0000 1.0000
 2307.00 0.0000 0.8830 0.0000 1.0000 1.0000 0.3789 0.9960 0.9999 0.9968 1.0000 0.9985  99.990 0.0000 1.0000 0.9999 0.9925 1.0000 1.0000 1.0000 1.0000 1.0000 1.0000 1.0000 1.0000 1.0000 1.0000 1.0000 1.0000 1.0000 1.0000 1.0000 1.0000 1.0000 1.0000 1.0000
 2308.00 0.0000 0.9917 0.0000 1.0000 1.0000 0.3712 0.9961 0.9999 0.9968 1.0000 0.9985  99.990 0.0000 1.0000 1.0000 0.9927 1.0000 1.0000 1.0000 1.0000 1.0000 1.0000 1.0000 1.0000 1.0000 1.0000 1.0000 1.0000 1.0000 1.0000 1.0000 1.0000 1.0000 1.0000 1.0000
 2309.00 0.0000 0.9990 0.0000 1.0000 1.0000 0.3635 0.9961 0.9999 0.9968 1.0000 0.9985  99.990 0.0000 1.0000 0.9999 0.9919 1.0000 1.0000 1.0000 1.0000 1.0000 1.0000 1.0000 1.0000 1.0000 1.0000 1.0000 1.0000 1.0000 1.0000 1.0000 1.0000 1.0000 1.0000 1.0000
 2310.00 0.0000 0.9816 0.0000 1.0000 1.0000 0.3557 0.9962 0.9999 0.9968 1.0000 0.9985  99.990 0.0000 1.0000 0.9998 0.9869 1.0000 1.0000 1.0000 1.0000 1.0000 1.0000 1.0000 1.0000 1.0000 1.0000 1.0000 1.0000 1.0000 1.0000 1.0000 1.0000 1.0000 1.0000 1.0000
 2311.00 0.0000 0.9992 0.0000 1.0000 1.0000 0.3465 0.9962 0.9999 0.9968 1.0000 0.9985  99.990 0.0000 1.0000 0.9999 0.9921 1.0000 1.0000 1.0000 1.0000 1.0000 1.0000 1.0000 1.0000 1.0000 1.0000 1.0000 1.0000 1.0000 1.0000 1.0000 1.0000 1.0000 1.0000 1.0000
 2312.00 0.0000 0.9997 0.0000 1.0000 1.0000 0.3374 0.9962 0.9999 0.9968 1.0000 0.9985  99.990 0.0000 1.0000 0.9998 0.9917 1.0000 1.0000 1.0000 1.0000 1.0000 1.0000 1.0000 1.0000 1.0000 1.0000 1.0000 1.0000 1.0000 1.0000 1.0000 1.0000 1.0000 1.0000 1.0000
 2313.00 0.0000 0.9994 0.0000 1.0000 1.0000 0.3282 0.9962 0.9999 0.9968 1.0000 0.9985  99.990 0.0000 1.0000 0.9998 0.9922 1.0000 1.0000 1.0000 1.0000 1.0000 1.0000 1.0000 1.0000 1.0000 1.0000 1.0000 1.0000 1.0000 1.0000 1.0000 1.0000 1.0000 1.0000 1.0000
 2314.00 0.0000 0.9964 0.0000 1.0000 1.0000 0.3191 0.9963 0.9999 0.9968 1.0000 0.9985  99.990 0.0000 1.0000 0.9998 0.9874 1.0000 1.0000 1.0000 1.0000 1.0000 1.0000 1.0000 1.0000 1.0000 1.0000 1.0000 1.0000 1.0000 1.0000 1.0000 1.0000 1.0000 1.0000 1.0000
 2315.00 0.0000 0.9310 0.0000 1.0000 1.0000 0.3099 0.9963 0.9999 0.9968 1.0000 0.9985  99.990 0.0000 1.0000 0.9998 0.9926 1.0000 1.0000 1.0000 1.0000 1.0000 1.0000 1.0000 1.0000 1.0000 1.0000 1.0000 1.0000 1.0000 1.0000 1.0000 1.0000 1.0000 1.0000 1.0000
 2316.00 0.0000 0.9966 0.0000 1.0000 1.0000 0.3019 0.9963 0.9999 0.9968 1.0000 0.9985  99.990 0.0000 1.0000 0.9991 0.9931 1.0000 1.0000 1.0000 1.0000 1.0000 1.0000 1.0000 1.0000 1.0000 1.0000 1.0000 1.0000 1.0000 1.0000 1.0000 1.0000 1.0000 1.0000 1.0000
 2317.00 0.0000 0.9705 0.0000 1.0000 1.0000 0.2940 0.9964 0.9999 0.9967 1.0000 0.9985  99.990 0.0000 1.0000 0.9996 0.9935 1.0000 1.0000 1.0000 1.0000 1.0000 1.0000 1.0000 1.0000 1.0000 1.0000 1.0000 1.0000 1.0000 1.0000 1.0000 1.0000 1.0000 1.0000 1.0000
 2318.00 0.0000 0.9986 0.0000 1.0000 1.0000 0.2860 0.9964 0.9999 0.9967 1.0000 0.9985  99.990 0.0000 1.0000 0.9993 0.9908 1.0000 1.0000 1.0000 1.0000 1.0000 1.0000 1.0000 1.0000 1.0000 1.0000 1.0000 1.0000 1.0000 1.0000 1.0000 1.0000 1.0000 1.0000 1.0000
 2319.00 0.0000 0.9602 0.0000 1.0000 1.0000 0.2780 0.9964 0.9999 0.9967 1.0000 0.9985  99.990 0.0000 1.0000 0.9990 0.9947 1.0000 1.0000 1.0000 1.0000 1.0000 1.0000 1.0000 1.0000 1.0000 1.0000 1.0000 1.0000 1.0000 1.0000 1.0000 1.0000 1.0000 1.0000 1.0000
 2320.00 0.0000 0.9965 0.0000 1.0000 1.0000 0.2700 0.9965 0.9999 0.9967 1.0000 0.9985  99.990 0.0000 1.0000 0.9995 0.9960 1.0000 1.0000 1.0000 1.0000 1.0000 1.0000 1.0000 1.0000 1.0000 1.0000 1.0000 1.0000 1.0000 1.0000 1.0000 1.0000 1.0000 1.0000 1.0000
 2321.00 0.0000 0.9989 0.0000 1.0000 1.0000 0.2664 0.9965 0.9999 0.9967 1.0000 0.9985  99.990 0.0000 1.0000 0.9999 0.9968 1.0000 1.0000 1.0000 1.0000 1.0000 1.0000 1.0000 1.0000 1.0000 1.0000 1.0000 1.0000 1.0000 1.0000 1.0000 1.0000 1.0000 1.0000 1.0000
 2322.00 0.0000 0.9873 0.0000 1.0000 1.0000 0.2628 0.9965 0.9999 0.9967 1.0000 0.9985  99.990 0.0000 1.0000 0.9991 0.9977 1.0000 1.0000 1.0000 1.0000 1.0000 1.0000 1.0000 1.0000 1.0000 1.0000 1.0000 1.0000 1.0000 1.0000 1.0000 1.0000 1.0000 1.0000 1.0000
 2323.00 0.0000 0.9787 0.0000 1.0000 1.0000 0.2592 0.9965 0.9999 0.9967 1.0000 0.9985  99.990 0.0000 1.0000 0.9991 0.9972 1.0000 1.0000 1.0000 1.0000 1.0000 1.0000 1.0000 1.0000 1.0000 1.0000 1.0000 1.0000 1.0000 1.0000 1.0000 1.0000 1.0000 1.0000 1.0000
 2324.00 0.0000 0.9299 0.0000 1.0000 1.0000 0.2556 0.9966 0.9999 0.9967 1.0000 0.9985  99.990 0.0000 1.0000 0.9999 0.9969 1.0000 1.0000 1.0000 1.0000 1.0000 1.0000 1.0000 1.0000 1.0000 1.0000 1.0000 1.0000 1.0000 1.0000 1.0000 1.0000 1.0000 1.0000 1.0000
 2325.00 0.0000 0.9981 0.0000 1.0000 1.0000 0.2520 0.9966 0.9999 0.9967 1.0000 0.9985  99.990 0.0000 1.0000 1.0000 0.9961 1.0000 1.0000 1.0000 1.0000 1.0000 1.0000 1.0000 1.0000 1.0000 1.0000 1.0000 1.0000 1.0000 1.0000 1.0000 1.0000 1.0000 1.0000 1.0000
 2326.00 0.0000 0.9990 0.0000 1.0000 1.0000 0.2483 0.9966 0.9999 0.9967 1.0000 0.9985  99.990 0.0000 1.0000 0.9999 0.9954 1.0000 1.0000 1.0000 1.0000 1.0000 1.0000 1.0000 1.0000 1.0000 1.0000 1.0000 1.0000 1.0000 1.0000 1.0000 1.0000 1.0000 1.0000 1.0000
 2327.00 0.0000 0.9903 0.0000 1.0000 1.0000 0.2445 0.9967 0.9999 0.9967 1.0000 0.9985  99.990 0.0000 1.0000 0.9992 0.9947 1.0000 1.0000 1.0000 1.0000 1.0000 1.0000 1.0000 1.0000 1.0000 1.0000 1.0000 1.0000 1.0000 1.0000 1.0000 1.0000 1.0000 1.0000 1.0000
 2328.00 0.0000 0.9993 0.0000 1.0000 1.0000 0.2408 0.9967 0.9999 0.9967 1.0000 0.9985  99.990 0.0000 1.0000 1.0000 0.9942 1.0000 1.0000 1.0000 1.0000 1.0000 1.0000 1.0000 1.0000 1.0000 1.0000 1.0000 1.0000 1.0000 1.0000 1.0000 1.0000 1.0000 1.0000 1.0000
 2329.00 0.0000 0.9757 0.0000 1.0000 1.0000 0.2370 0.9967 0.9999 0.9967 1.0000 0.9985  99.990 0.0000 1.0000 0.9993 0.9888 1.0000 1.0000 1.0000 1.0000 1.0000 1.0000 1.0000 1.0000 1.0000 1.0000 1.0000 1.0000 1.0000 1.0000 1.0000 1.0000 1.0000 1.0000 1.0000
 2330.00 0.0000 0.9973 0.0000 1.0000 1.0000 0.2332 0.9967 0.9999 0.9967 1.0000 0.9985  99.990 0.0000 1.0000 0.9999 0.9923 1.0000 1.0000 1.0000 1.0000 1.0000 1.0000 1.0000 1.0000 1.0000 1.0000 1.0000 1.0000 1.0000 1.0000 1.0000 1.0000 1.0000 1.0000 1.0000
 2331.00 0.0000 0.9993 0.0000 1.0000 1.0000 0.2370 0.9968 0.9999 0.9967 1.0000 0.9985  99.990 0.0000 1.0000 0.9999 0.9924 1.0000 1.0000 1.0000 1.0000 1.0000 1.0000 1.0000 1.0000 1.0000 1.0000 1.0000 1.0000 1.0000 1.0000 1.0000 1.0000 1.0000 1.0000 1.0000
 2332.00 0.0000 0.9716 0.0000 1.0000 1.0000 0.2408 0.9968 0.9999 0.9967 1.0000 0.9985  99.990 0.0000 1.0000 1.0000 0.9922 1.0000 1.0000 1.0000 1.0000 1.0000 1.0000 1.0000 1.0000 1.0000 1.0000 1.0000 1.0000 1.0000 1.0000 1.0000 1.0000 1.0000 1.0000 1.0000
 2333.00 0.0000 0.9920 0.0000 1.0000 1.0000 0.2445 0.9968 0.9999 0.9967 1.0000 0.9985  99.990 0.0000 1.0000 1.0000 0.9920 1.0000 1.0000 1.0000 1.0000 1.0000 1.0000 1.0000 1.0000 1.0000 1.0000 1.0000 1.0000 1.0000 1.0000 1.0000 1.0000 1.0000 1.0000 1.0000
 2334.00 0.0000 0.9734 0.0000 1.0000 1.0000 0.2483 0.9968 0.9999 0.9967 1.0000 0.9985  99.990 0.0000 1.0000 1.0000 0.9919 1.0000 1.0000 1.0000 1.0000 1.0000 1.0000 1.0000 1.0000 1.0000 1.0000 1.0000 1.0000 1.0000 1.0000 1.0000 1.0000 1.0000 1.0000 1.0000
 2335.00 0.0000 0.9917 0.0000 1.0000 1.0000 0.2520 0.9968 0.9999 0.9967 1.0000 0.9985  99.990 0.0000 1.0000 0.9999 0.9919 1.0000 1.0000 1.0000 1.0000 1.0000 1.0000 1.0000 1.0000 1.0000 1.0000 1.0000 1.0000 1.0000 1.0000 1.0000 1.0000 1.0000 1.0000 1.0000
 2336.00 0.0000 0.9990 0.0000 1.0000 1.0000 0.2561 0.9969 0.9999 0.9967 1.0000 0.9985  99.990 0.0000 1.0000 1.0000 0.9858 1.0000 1.0000 1.0000 1.0000 1.0000 1.0000 1.0000 1.0000 1.0000 1.0000 1.0000 1.0000 1.0000 1.0000 1.0000 1.0000 1.0000 1.0000 1.0000
 2337.00 0.0000 0.9931 0.0000 1.0000 1.0000 0.2602 0.9969 0.9999 0.9967 1.0000 0.9985  99.990 0.0000 1.0000 1.0000 0.9921 1.0000 1.0000 1.0000 1.0000 1.0000 1.0000 1.0000 1.0000 1.0000 1.0000 1.0000 1.0000 1.0000 1.0000 1.0000 1.0000 1.0000 1.0000 1.0000
 2338.00 0.0000 0.9958 0.0000 1.0000 1.0000 0.2642 0.9969 0.9999 0.9967 1.0000 0.9985  99.990 0.0000 1.0000 1.0000 0.9922 1.0000 1.0000 1.0000 1.0000 1.0000 1.0000 1.0000 1.0000 1.0000 1.0000 1.0000 1.0000 1.0000 1.0000 1.0000 1.0000 1.0000 1.0000 1.0000
 2339.00 0.0000 0.9907 0.0000 1.0000 1.0000 0.2683 0.9969 0.9999 0.9967 1.0000 0.9985  99.990 0.0000 1.0000 0.9998 0.9926 1.0000 1.0000 1.0000 1.0000 1.0000 1.0000 1.0000 1.0000 1.0000 1.0000 1.0000 1.0000 1.0000 1.0000 1.0000 1.0000 1.0000 1.0000 1.0000
 2340.00 0.0000 0.9752 0.0000 1.0000 1.0000 0.2723 0.9970 0.9999 0.9967 1.0000 0.9985  99.990 0.0000 1.0000 0.9999 0.9929 1.0000 1.0000 1.0000 1.0000 1.0000 1.0000 1.0000 1.0000 1.0000 1.0000 1.0000 1.0000 1.0000 1.0000 1.0000 1.0000 1.0000 1.0000 1.0000
 2341.00 0.0000 0.9989 0.0000 1.0000 1.0000 0.2793 0.9970 0.9999 0.9967 1.0000 0.9985  99.990 0.0000 1.0000 0.9972 0.9932 1.0000 1.0000 1.0000 1.0000 1.0000 1.0000 1.0000 1.0000 1.0000 1.0000 1.0000 1.0000 1.0000 1.0000 1.0000 1.0000 1.0000 1.0000 1.0000
 2342.00 0.0000 0.9997 0.0000 1.0000 1.0000 0.2863 0.9970 0.9999 0.9967 1.0000 0.9985  99.990 0.0000 1.0000 0.9983 0.9935 1.0000 1.0000 1.0000 1.0000 1.0000 1.0000 1.0000 1.0000 1.0000 1.0000 1.0000 1.0000 1.0000 1.0000 1.0000 1.0000 1.0000 1.0000 1.0000
 2343.00 0.0000 0.9964 0.0000 1.0000 1.0000 0.2933 0.9970 0.9999 0.9967 1.0000 0.9985  99.990 0.0000 1.0000 0.9989 0.9938 1.0000 1.0000 1.0000 1.0000 1.0000 1.0000 1.0000 1.0000 1.0000 1.0000 1.0000 1.0000 1.0000 1.0000 1.0000 1.0000 1.0000 1.0000 1.0000
 2344.00 0.0000 0.9960 0.0000 1.0000 1.0000 0.3003 0.9970 0.9999 0.9967 1.0000 0.9985  99.990 0.0000 1.0000 0.9990 0.9901 1.0000 1.0000 1.0000 1.0000 1.0000 1.0000 1.0000 1.0000 1.0000 1.0000 1.0000 1.0000 1.0000 1.0000 1.0000 1.0000 1.0000 1.0000 1.0000
 2345.00 0.0000 0.9999 0.0000 1.0000 1.0000 0.3073 0.9971 0.9999 0.9967 1.0000 0.9985  99.990 0.0000 1.0000 0.9999 0.9950 1.0000 1.0000 1.0000 1.0000 1.0000 1.0000 1.0000 1.0000 1.0000 1.0000 1.0000 1.0000 1.0000 1.0000 1.0000 1.0000 1.0000 1.0000 1.0000
 2346.00 0.0000 0.9999 0.0000 1.0000 1.0000 0.3151 0.9971 0.9999 0.9967 1.0000 0.9985  99.990 0.0000 1.0000 0.9997 0.9954 1.0000 1.0000 1.0000 1.0000 1.0000 1.0000 1.0000 1.0000 1.0000 1.0000 1.0000 1.0000 1.0000 1.0000 1.0000 1.0000 1.0000 1.0000 1.0000
 2347.00 0.0000 0.9999 0.0000 1.0000 1.0000 0.3230 0.9971 0.9999 0.9967 1.0000 0.9985  99.990 0.0000 1.0000 0.9998 0.9957 1.0000 1.0000 1.0000 1.0000 1.0000 1.0000 1.0000 1.0000 1.0000 1.0000 1.0000 1.0000 1.0000 1.0000 1.0000 1.0000 1.0000 1.0000 1.0000
 2348.00 0.0000 0.9992 0.0000 0.9999 1.0000 0.3309 0.9971 0.9999 0.9967 1.0000 0.9985  99.990 0.0000 1.0000 0.9967 0.9961 1.0000 1.0000 1.0000 1.0000 1.0000 1.0000 1.0000 1.0000 1.0000 1.0000 1.0000 1.0000 1.0000 1.0000 1.0000 1.0000 1.0000 1.0000 1.0000
 2349.00 0.0000 0.9942 0.0000 0.9999 1.0000 0.3388 0.9971 0.9999 0.9967 1.0000 0.9985  99.990 0.0000 1.0000 0.9999 0.9965 1.0000 1.0000 1.0000 1.0000 1.0000 1.0000 1.0000 1.0000 1.0000 1.0000 1.0000 1.0000 1.0000 1.0000 1.0000 1.0000 1.0000 1.0000 1.0000
 2350.00 0.0000 0.9997 0.0000 0.9999 1.0000 0.3466 0.9971 0.9999 0.9967 1.0000 0.9985  99.990 0.0000 1.0000 1.0000 0.9968 1.0000 1.0000 1.0000 1.0000 1.0000 1.0000 1.0000 1.0000 1.0000 1.0000 1.0000 1.0000 1.0000 1.0000 1.0000 1.0000 1.0000 1.0000 1.0000
 2351.00 0.0000 0.9939 0.0000 0.9999 1.0000 0.3491 0.9972 0.9999 0.9967 1.0000 0.9985  99.990 0.0000 1.0000 0.9999 0.9971 1.0000 1.0000 1.0000 1.0000 1.0000 1.0000 1.0000 1.0000 1.0000 1.0000 1.0000 1.0000 1.0000 1.0000 1.0000 1.0000 1.0000 1.0000 1.0000
 2352.00 0.0000 0.9979 0.0000 0.9999 1.0000 0.3515 0.9972 0.9999 0.9967 1.0000 0.9985  99.990 0.0000 1.0000 0.9999 0.9974 1.0000 1.0000 1.0000 1.0000 1.0000 1.0000 1.0000 1.0000 1.0000 1.0000 1.0000 1.0000 1.0000 1.0000 1.0000 1.0000 1.0000 1.0000 1.0000
 2353.00 0.0000 0.9916 0.0000 0.9999 1.0000 0.3539 0.9972 0.9999 0.9967 1.0000 0.9985  99.990 0.0000 1.0000 0.9998 0.9977 1.0000 1.0000 1.0000 1.0000 1.0000 1.0000 1.0000 1.0000 1.0000 1.0000 1.0000 1.0000 1.0000 1.0000 1.0000 1.0000 1.0000 1.0000 1.0000
 2354.00 0.0000 0.9846 0.0000 0.9999 1.0000 0.3564 0.9972 0.9999 0.9967 1.0000 0.9985  99.990 0.0000 1.0000 0.9998 0.9966 1.0000 1.0000 1.0000 1.0000 1.0000 1.0000 1.0000 1.0000 1.0000 1.0000 1.0000 1.0000 1.0000 1.0000 1.0000 1.0000 1.0000 1.0000 1.0000
 2355.00 0.0000 0.9996 0.0000 0.9999 1.0000 0.3588 0.9972 0.9999 0.9967 1.0000 0.9985  99.990 0.0000 1.0000 1.0000 0.9984 1.0000 1.0000 1.0000 1.0000 1.0000 1.0000 1.0000 1.0000 1.0000 1.0000 1.0000 1.0000 1.0000 1.0000 1.0000 1.0000 1.0000 1.0000 1.0000
 2356.00 0.0000 0.9976 0.0000 0.9999 1.0000 0.3607 0.9972 0.9999 0.9967 1.0000 0.9985  99.990 0.0000 1.0000 1.0000 0.9986 1.0000 1.0000 1.0000 1.0000 1.0000 1.0000 1.0000 1.0000 1.0000 1.0000 1.0000 1.0000 1.0000 1.0000 1.0000 1.0000 1.0000 1.0000 1.0000
 2357.00 0.0000 0.9871 0.0000 0.9999 1.0000 0.3625 0.9973 0.9999 0.9967 1.0000 0.9985  99.990 0.0000 1.0000 1.0000 0.9988 1.0000 1.0000 1.0000 1.0000 1.0000 1.0000 1.0000 1.0000 1.0000 1.0000 1.0000 1.0000 1.0000 1.0000 1.0000 1.0000 1.0000 1.0000 1.0000
 2358.00 0.0000 0.9997 0.0000 1.0000 1.0000 0.3644 0.9973 0.9999 0.9967 1.0000 0.9985  99.990 0.0000 1.0000 0.9999 0.9989 1.0000 1.0000 1.0000 1.0000 1.0000 1.0000 1.0000 1.0000 1.0000 1.0000 1.0000 1.0000 1.0000 1.0000 1.0000 1.0000 1.0000 1.0000 1.0000
 2359.00 0.0000 0.9988 0.0000 1.0000 1.0000 0.3663 0.9973 0.9999 0.9967 1.0000 0.9985  99.990 0.0000 1.0000 0.9999 0.9990 1.0000 1.0000 1.0000 1.0000 1.0000 1.0000 1.0000 1.0000 1.0000 1.0000 1.0000 1.0000 1.0000 1.0000 1.0000 1.0000 1.0000 1.0000 1.0000
 2360.00 0.0000 0.9994 0.0000 1.0000 1.0000 0.3682 0.9973 0.9999 0.9967 1.0000 0.9985  99.990 0.0000 1.0000 0.9992 0.9992 1.0000 1.0000 1.0000 1.0000 1.0000 1.0000 1.0000 1.0000 1.0000 1.0000 1.0000 1.0000 1.0000 1.0000 1.0000 1.0000 1.0000 1.0000 1.0000
 2361.00 0.0000 0.9998 0.0000 1.0000 1.0000 0.3695 0.9973 0.9999 0.9967 1.0000 0.9985  99.990 0.0000 1.0000 0.9999 0.9993 1.0000 1.0000 1.0000 1.0000 1.0000 1.0000 1.0000 1.0000 1.0000 1.0000 1.0000 1.0000 1.0000 1.0000 1.0000 1.0000 1.0000 1.0000 1.0000
 2362.00 0.0000 0.9971 0.0000 1.0000 1.0000 0.3707 0.9973 0.9999 0.9967 1.0000 0.9985  99.990 0.0000 1.0000 0.9997 0.9994 1.0000 1.0000 1.0000 1.0000 1.0000 1.0000 1.0000 1.0000 1.0000 1.0000 1.0000 1.0000 1.0000 1.0000 1.0000 1.0000 1.0000 1.0000 1.0000
 2363.00 0.0000 0.9982 0.0000 1.0000 1.0000 0.3720 0.9974 0.9999 0.9967 1.0000 0.9986  99.990 0.0000 1.0000 0.9930 0.9995 1.0000 1.0000 1.0000 1.0000 1.0000 1.0000 1.0000 1.0000 1.0000 1.0000 1.0000 1.0000 1.0000 1.0000 1.0000 1.0000 1.0000 1.0000 1.0000
 2364.00 0.0000 0.9999 0.0000 1.0000 1.0000 0.3733 0.9974 0.9999 0.9967 1.0000 0.9986  99.990 0.0000 1.0000 0.9968 0.9995 1.0000 1.0000 1.0000 1.0000 1.0000 1.0000 1.0000 1.0000 1.0000 1.0000 1.0000 1.0000 1.0000 1.0000 1.0000 1.0000 1.0000 1.0000 1.0000
 2365.00 0.0000 0.9983 0.0000 1.0000 1.0000 0.3746 0.9974 0.9999 0.9967 1.0000 0.9986  99.990 0.0000 1.0000 0.9969 0.9994 1.0000 1.0000 1.0000 1.0000 1.0000 1.0000 1.0000 1.0000 1.0000 1.0000 1.0000 1.0000 1.0000 1.0000 1.0000 1.0000 1.0000 1.0000 1.0000
 2366.00 0.0000 0.9919 0.0000 1.0000 1.0000 0.3759 0.9974 0.9999 0.9967 1.0000 0.9986  99.990 0.0000 1.0000 0.9997 0.9997 1.0000 1.0000 1.0000 1.0000 1.0000 1.0000 1.0000 1.0000 1.0000 1.0000 1.0000 1.0000 1.0000 1.0000 1.0000 1.0000 1.0000 1.0000 1.0000
 2367.00 0.0000 0.9994 0.0000 1.0000 1.0000 0.3772 0.9974 0.9999 0.9967 1.0000 0.9986  99.990 0.0000 1.0000 0.9969 0.9997 1.0000 1.0000 1.0000 1.0000 1.0000 1.0000 1.0000 1.0000 1.0000 1.0000 1.0000 1.0000 1.0000 1.0000 1.0000 1.0000 1.0000 1.0000 1.0000
 2368.00 0.0000 0.9992 0.0000 1.0000 1.0000 0.3785 0.9974 0.9999 0.9967 1.0000 0.9986  99.990 0.0000 1.0000 0.9983 0.9998 1.0000 1.0000 1.0000 1.0000 1.0000 1.0000 1.0000 1.0000 1.0000 1.0000 1.0000 1.0000 1.0000 1.0000 1.0000 1.0000 1.0000 1.0000 1.0000
 2369.00 0.0000 0.9971 0.0000 1.0000 1.0000 0.3798 0.9974 0.9999 0.9967 1.0000 0.9986  99.990 0.0000 1.0000 0.9984 0.9998 1.0000 1.0000 1.0000 1.0000 1.0000 1.0000 1.0000 1.0000 1.0000 1.0000 1.0000 1.0000 1.0000 1.0000 1.0000 1.0000 1.0000 1.0000 1.0000
 2370.00 0.0000 0.9997 0.0000 1.0000 1.0000 0.3811 0.9975 0.9999 0.9967 1.0000 0.9986  99.990 0.0000 1.0000 0.9999 0.9998 1.0000 1.0000 1.0000 1.0000 1.0000 1.0000 1.0000 1.0000 1.0000 1.0000 1.0000 1.0000 1.0000 1.0000 1.0000 1.0000 1.0000 1.0000 1.0000
 2371.00 0.0000 0.9987 0.0000 1.0000 1.0000 0.3811 0.9975 0.9999 0.9967 1.0000 0.9986  99.990 0.0000 1.0000 0.9999 0.9999 1.0000 1.0000 1.0000 1.0000 1.0000 1.0000 1.0000 1.0000 1.0000 1.0000 1.0000 1.0000 1.0000 1.0000 1.0000 1.0000 1.0000 1.0000 1.0000
 2372.00 0.0000 0.9958 0.0000 1.0000 1.0000 0.3811 0.9975 0.9999 0.9967 1.0000 0.9986  99.990 0.0000 1.0000 0.9999 0.9999 1.0000 1.0000 1.0000 1.0000 1.0000 1.0000 1.0000 1.0000 1.0000 1.0000 1.0000 1.0000 1.0000 1.0000 1.0000 1.0000 1.0000 1.0000 1.0000
 2373.00 0.0000 0.9913 0.0000 1.0000 1.0000 0.3811 0.9975 0.9999 0.9967 1.0000 0.9986  99.990 0.0000 1.0000 0.9999 0.9999 1.0000 1.0000 1.0000 1.0000 1.0000 1.0000 1.0000 1.0000 1.0000 1.0000 1.0000 1.0000 1.0000 1.0000 1.0000 1.0000 1.0000 1.0000 1.0000
 2374.00 0.0000 0.9998 0.0000 1.0000 1.0000 0.3811 0.9975 0.9999 0.9967 1.0000 0.9986  99.990 0.0000 1.0000 0.9998 0.9999 1.0000 1.0000 1.0000 1.0000 1.0000 1.0000 1.0000 1.0000 1.0000 1.0000 1.0000 1.0000 1.0000 1.0000 1.0000 1.0000 1.0000 1.0000 1.0000
 2375.00 0.0000 0.9991 0.0000 1.0000 1.0000 0.3811 0.9975 0.9999 0.9967 1.0000 0.9986  99.990 0.0000 1.0000 0.9999 0.9999 1.0000 1.0000 1.0000 1.0000 1.0000 1.0000 1.0000 1.0000 1.0000 1.0000 1.0000 1.0000 1.0000 1.0000 1.0000 1.0000 1.0000 1.0000 1.0000
 2376.00 0.0000 0.9999 0.0000 1.0000 1.0000 0.3817 0.9975 0.9999 0.9967 1.0000 0.9986  99.990 0.0000 1.0000 0.9999 0.9999 1.0000 1.0000 1.0000 1.0000 1.0000 1.0000 1.0000 1.0000 1.0000 1.0000 1.0000 1.0000 1.0000 1.0000 1.0000 1.0000 1.0000 1.0000 1.0000
 2377.00 0.0000 0.9983 0.0000 1.0000 1.0000 0.3824 0.9975 0.9999 0.9967 1.0000 0.9986  99.990 0.0000 1.0000 1.0000 0.9998 1.0000 1.0000 1.0000 1.0000 1.0000 1.0000 1.0000 1.0000 1.0000 1.0000 1.0000 1.0000 1.0000 1.0000 1.0000 1.0000 1.0000 1.0000 1.0000
 2378.00 0.0000 0.9941 0.0000 1.0000 1.0000 0.3831 0.9975 0.9999 0.9967 1.0000 0.9986  99.990 0.0000 1.0000 0.9993 0.9999 1.0000 1.0000 1.0000 1.0000 1.0000 1.0000 1.0000 1.0000 1.0000 1.0000 1.0000 1.0000 1.0000 1.0000 1.0000 1.0000 1.0000 1.0000 1.0000
 2379.00 0.0000 0.9948 0.0000 1.0000 1.0000 0.3837 0.9976 0.9999 0.9967 1.0000 0.9986  99.990 0.0000 1.0000 0.9999 0.9999 1.0000 1.0000 1.0000 1.0000 1.0000 1.0000 1.0000 1.0000 1.0000 1.0000 1.0000 1.0000 1.0000 1.0000 1.0000 1.0000 1.0000 1.0000 1.0000
 2380.00 0.0000 0.9999 0.0000 1.0000 1.0000 0.3844 0.9976 0.9999 0.9967 1.0000 0.9986  99.990 0.0000 1.0000 0.9999 0.9999 1.0000 1.0000 1.0000 1.0000 1.0000 1.0000 1.0000 1.0000 1.0000 1.0000 1.0000 1.0000 1.0000 1.0000 1.0000 1.0000 1.0000 1.0000 1.0000
 2381.00 0.0000 0.9997 0.0000 1.0000 1.0000 0.3844 0.9976 0.9999 0.9967 1.0000 0.9986  99.990 0.0000 1.0000 0.9998 0.9999 1.0000 1.0000 1.0000 1.0000 1.0000 1.0000 1.0000 1.0000 1.0000 1.0000 1.0000 1.0000 1.0000 1.0000 1.0000 1.0000 1.0000 1.0000 1.0000
 2382.00 0.0000 0.9984 0.0000 1.0000 1.0000 0.3844 0.9976 0.9999 0.9967 1.0000 0.9986  79.466 0.0000 1.0000 0.9998 0.9998 1.0000 1.0000 1.0000 1.0000 1.0000 1.0000 1.0000 1.0000 1.0000 1.0000 1.0000 1.0000 1.0000 1.0000 1.0000 1.0000 1.0000 1.0000 1.0000
 2383.00 0.0000 0.9968 0.0000 1.0000 1.0000 0.3844 0.9976 0.9999 0.9967 1.0000 0.9986  52.775 0.0000 1.0000 0.9999 0.9997 1.0000 1.0000 1.0000 1.0000 1.0000 1.0000 1.0000 1.0000 1.0000 1.0000 1.0000 1.0000 1.0000 1.0000 1.0000 1.0000 1.0000 1.0000 1.0000
 2384.00 0.0000 0.9997 0.0000 1.0000 1.0000 0.3844 0.9976 0.9999 0.9967 1.0000 0.9986  40.049 0.0000 1.0000 0.9996 0.9998 1.0000 1.0000 1.0000 1.0000 1.0000 1.0000 1.0000 1.0000 1.0000 1.0000 1.0000 1.0000 1.0000 1.0000 1.0000 1.0000 1.0000 1.0000 1.0000
 2385.00 0.0000 0.9998 0.0000 1.0000 1.0000 0.3844 0.9976 0.9999 0.9967 1.0000 0.9986  29.992 0.0000 1.0000 0.9940 0.9998 1.0000 1.0000 1.0000 1.0000 1.0000 1.0000 1.0000 1.0000 1.0000 1.0000 1.0000 1.0000 1.0000 1.0000 1.0000 1.0000 1.0000 1.0000 1.0000
 2386.00 0.0000 0.9984 0.0000 1.0000 1.0000 0.3837 0.9976 0.9999 0.9967 1.0000 0.9986  20.194 0.0000 1.0000 0.9932 0.9998 1.0000 1.0000 1.0000 1.0000 1.0000 1.0000 1.0000 1.0000 1.0000 1.0000 1.0000 1.0000 1.0000 1.0000 1.0000 1.0000 1.0000 1.0000 1.0000
 2387.00 0.0000 0.9977 0.0000 1.0000 1.0000 0.3831 0.9976 0.9999 0.9967 1.0000 0.9986  12.888 0.0000 1.0000 0.9967 0.9997 1.0000 1.0000 1.0000 1.0000 1.0000 1.0000 1.0000 1.0000 1.0000 1.0000 1.0000 1.0000 1.0000 1.0000 1.0000 1.0000 1.0000 1.0000 1.0000
 2388.00 0.0001 0.9998 0.0002 1.0000 1.0000 0.3824 0.9977 0.9999 0.9967 1.0000 0.9986   9.540 0.0002 1.0000 0.9997 0.9997 1.0000 1.0000 1.0000 1.0000 1.0000 1.0000 1.0000 1.0000 1.0000 1.0000 1.0000 1.0000 1.0000 1.0000 1.0000 1.0000 1.0000 1.0000 1.0000
 2389.00 0.0007 0.9997 0.0019 1.0000 1.0000 0.3817 0.9977 0.9999 0.9967 1.0000 0.9986   7.213 0.0019 1.0000 0.9978 0.9994 1.0000 1.0000 1.0000 1.0000 1.0000 1.0000 1.0000 1.0000 1.0000 1.0000 1.0000 1.0000 1.0000 1.0000 1.0000 1.0000 1.0000 1.0000 1.0000
 2390.00 0.0051 0.9984 0.0134 1.0000 1.0000 0.3811 0.9977 0.9999 0.9967 1.0000 0.9986   5.288 0.0135 1.0000 0.9932 0.9996 1.0000 1.0000 1.0000 1.0000 1.0000 1.0000 1.0000 1.0000 1.0000 1.0000 1.0000 1.0000 1.0000 1.0000 1.0000 1.0000 1.0000 1.0000 1.0000
 2391.00 0.0158 0.9999 0.0419 1.0000 1.0000 0.3798 0.9977 0.9999 0.9967 1.0000 0.9986   4.146 0.0420 1.0000 0.9998 0.9996 1.0000 1.0000 1.0000 1.0000 1.0000 1.0000 1.0000 1.0000 1.0000 1.0000 1.0000 1.0000 1.0000 1.0000 1.0000 1.0000 1.0000 1.0000 1.0000
 2392.00 0.0314 0.9999 0.0833 1.0000 1.0000 0.3785 0.9977 0.9999 0.9967 1.0000 0.9986   3.462 0.0834 1.0000 1.0000 0.9996 1.0000 1.0000 1.0000 1.0000 1.0000 1.0000 1.0000 1.0000 1.0000 1.0000 1.0000 1.0000 1.0000 1.0000 1.0000 1.0000 1.0000 1.0000 1.0000
 2393.00 0.0557 0.9994 0.1486 1.0000 1.0000 0.3772 0.9977 0.9999 0.9967 1.0000 0.9986   2.888 0.1486 1.0000 0.9999 0.9995 1.0000 1.0000 1.0000 1.0000 1.0000 1.0000 1.0000 1.0000 1.0000 1.0000 1.0000 1.0000 1.0000 1.0000 1.0000 1.0000 1.0000 1.0000 1.0000
 2394.00 0.0788 0.9934 0.2124 1.0000 1.0000 0.3759 0.9977 0.9999 0.9967 1.0000 0.9986   2.540 0.2125 1.0000 0.9999 0.9992 1.0000 1.0000 1.0000 1.0000 1.0000 1.0000 1.0000 1.0000 1.0000 1.0000 1.0000 1.0000 1.0000 1.0000 1.0000 1.0000 1.0000 1.0000 1.0000
 2395.00 0.0985 0.9997 0.2644 1.0000 1.0000 0.3746 0.9977 0.9999 0.9967 1.0000 0.9986   2.318 0.2646 1.0000 0.9999 0.9995 1.0000 1.0000 1.0000 1.0000 1.0000 1.0000 1.0000 1.0000 1.0000 1.0000 1.0000 1.0000 1.0000 1.0000 1.0000 1.0000 1.0000 1.0000 1.0000
 2396.00 0.1135 0.9998 0.3042 1.0000 1.0000 0.3752 0.9977 0.9999 0.9967 1.0000 0.9986   2.176 0.3050 1.0000 0.9981 0.9994 1.0000 1.0000 1.0000 1.0000 1.0000 1.0000 1.0000 1.0000 1.0000 1.0000 1.0000 1.0000 1.0000 1.0000 1.0000 1.0000 1.0000 1.0000 1.0000
 2397.00 0.1266 0.9985 0.3392 1.0000 1.0000 0.3759 0.9977 0.9999 0.9967 1.0000 0.9986   2.067 0.3394 1.0000 0.9998 0.9994 1.0000 1.0000 1.0000 1.0000 1.0000 1.0000 1.0000 1.0000 1.0000 1.0000 1.0000 1.0000 1.0000 1.0000 1.0000 1.0000 1.0000 1.0000 1.0000
 2398.00 0.1412 0.9998 0.3773 1.0000 1.0000 0.3765 0.9978 0.9999 0.9967 1.0000 0.9986   1.957 0.3776 1.0000 0.9999 0.9994 1.0000 1.0000 1.0000 1.0000 1.0000 1.0000 1.0000 1.0000 1.0000 1.0000 1.0000 1.0000 1.0000 1.0000 1.0000 1.0000 1.0000 1.0000 1.0000
 2399.00 0.1538 1.0000 0.4101 1.0000 1.0000 0.3772 0.9978 0.9999 0.9967 1.0000 0.9986   1.872 0.4106 1.0000 0.9999 0.9990 1.0000 1.0000 1.0000 1.0000 1.0000 1.0000 1.0000 1.0000 1.0000 1.0000 1.0000 1.0000 1.0000 1.0000 1.0000 1.0000 1.0000 1.0000 1.0000
 2400.00 0.1681 0.9992 0.4477 1.0000 1.0000 0.3778 0.9978 0.9999 0.9967 1.0000 0.9986   1.783 0.4481 1.0000 0.9999 0.9994 1.0000 1.0000 1.0000 1.0000 1.0000 1.0000 1.0000 1.0000 1.0000 1.0000 1.0000 1.0000 1.0000 1.0000 1.0000 1.0000 1.0000 1.0000 1.0000
 2401.00 0.1763 0.9996 0.4685 1.0000 1.0000 0.3785 0.9978 0.9999 0.9967 1.0000 0.9986   1.736 0.4690 1.0000 0.9997 0.9994 1.0000 1.0000 1.0000 1.0000 1.0000 1.0000 1.0000 1.0000 1.0000 1.0000 1.0000 1.0000 1.0000 1.0000 1.0000 1.0000 1.0000 1.0000 1.0000
 2402.00 0.1868 1.0000 0.4956 1.0000 1.0000 0.3791 0.9978 0.9999 0.9967 1.0000 0.9986   1.678 0.4960 1.0000 0.9997 0.9994 1.0000 1.0000 1.0000 1.0000 1.0000 1.0000 1.0000 1.0000 1.0000 1.0000 1.0000 1.0000 1.0000 1.0000 1.0000 1.0000 1.0000 1.0000 1.0000
 2403.00 0.1938 1.0000 0.5133 1.0000 1.0000 0.3798 0.9978 0.9999 0.9967 1.0000 0.9986   1.641 0.5137 1.0000 0.9998 0.9994 1.0000 1.0000 1.0000 1.0000 1.0000 1.0000 1.0000 1.0000 1.0000 1.0000 1.0000 1.0000 1.0000 1.0000 1.0000 1.0000 1.0000 1.0000 1.0000
 2404.00 0.2046 0.9992 0.5414 1.0000 1.0000 0.3804 0.9978 0.9999 0.9967 1.0000 0.9986   1.587 0.5421 1.0000 0.9996 0.9990 1.0000 1.0000 1.0000 1.0000 1.0000 1.0000 1.0000 1.0000 1.0000 1.0000 1.0000 1.0000 1.0000 1.0000 1.0000 1.0000 1.0000 1.0000 1.0000
 2405.00 0.2095 0.9996 0.5531 1.0000 1.0000 0.3811 0.9978 0.9999 0.9967 1.0000 0.9986   1.563 0.5588 1.0000 0.9903 0.9994 1.0000 1.0000 1.0000 1.0000 1.0000 1.0000 1.0000 1.0000 1.0000 1.0000 1.0000 1.0000 1.0000 1.0000 1.0000 1.0000 1.0000 1.0000 1.0000
 2406.00 0.2236 0.9964 0.5892 1.0000 1.0000 0.3831 0.9978 0.9999 0.9967 1.0000 0.9986   1.498 0.5897 1.0000 0.9998 0.9993 1.0000 1.0000 1.0000 1.0000 1.0000 1.0000 1.0000 1.0000 1.0000 1.0000 1.0000 1.0000 1.0000 1.0000 1.0000 1.0000 1.0000 1.0000 1.0000
 2407.00 0.2280 0.9927 0.5998 1.0000 1.0000 0.3851 0.9978 0.9999 0.9967 1.0000 0.9986   1.478 0.6060 1.0000 0.9905 0.9993 1.0000 1.0000 1.0000 1.0000 1.0000 1.0000 1.0000 1.0000 1.0000 1.0000 1.0000 1.0000 1.0000 1.0000 1.0000 1.0000 1.0000 1.0000 1.0000
 2408.00 0.2445 0.9995 0.6355 1.0000 1.0000 0.3871 0.9978 0.9999 0.9967 1.0000 0.9986   1.409 0.6400 1.0000 0.9938 0.9991 1.0000 1.0000 1.0000 1.0000 1.0000 1.0000 1.0000 1.0000 1.0000 1.0000 1.0000 1.0000 1.0000 1.0000 1.0000 1.0000 1.0000 1.0000 1.0000
 2409.00 0.2517 0.9999 0.6506 1.0000 1.0000 0.3891 0.9979 0.9999 0.9967 1.0000 0.9986   1.380 0.6565 1.0000 0.9917 0.9992 1.0000 1.0000 1.0000 1.0000 1.0000 1.0000 1.0000 1.0000 1.0000 1.0000 1.0000 1.0000 1.0000 1.0000 1.0000 1.0000 1.0000 1.0000 1.0000
 2410.00 0.2676 1.0000 0.6882 1.0000 1.0000 0.3911 0.9979 0.9999 0.9967 1.0000 0.9986   1.318 0.6919 1.0000 0.9954 0.9992 1.0000 1.0000 1.0000 1.0000 1.0000 1.0000 1.0000 1.0000 1.0000 1.0000 1.0000 1.0000 1.0000 1.0000 1.0000 1.0000 1.0000 1.0000 1.0000
 2411.00 0.2693 0.9992 0.6908 1.0000 1.0000 0.3924 0.9979 0.9999 0.9967 1.0000 0.9986   1.312 0.6946 1.0000 0.9954 0.9990 1.0000 1.0000 1.0000 1.0000 1.0000 1.0000 1.0000 1.0000 1.0000 1.0000 1.0000 1.0000 1.0000 1.0000 1.0000 1.0000 1.0000 1.0000 1.0000
 2412.00 0.2761 1.0000 0.7052 1.0000 1.0000 0.3938 0.9979 0.9999 0.9967 1.0000 0.9986   1.287 0.7064 1.0000 0.9995 0.9988 1.0000 1.0000 1.0000 1.0000 1.0000 1.0000 1.0000 1.0000 1.0000 1.0000 1.0000 1.0000 1.0000 1.0000 1.0000 1.0000 1.0000 1.0000 1.0000
 2413.00 0.2866 1.0000 0.7294 1.0000 1.0000 0.3951 0.9979 0.9999 0.9967 1.0000 0.9986   1.250 0.7305 1.0000 0.9998 0.9986 1.0000 1.0000 1.0000 1.0000 1.0000 1.0000 1.0000 1.0000 1.0000 1.0000 1.0000 1.0000 1.0000 1.0000 1.0000 1.0000 1.0000 1.0000 1.0000
 2414.00 0.2865 1.0000 0.7265 1.0000 1.0000 0.3965 0.9979 0.9999 0.9967 1.0000 0.9986   1.250 0.7293 1.0000 0.9978 0.9984 1.0000 1.0000 1.0000 1.0000 1.0000 1.0000 1.0000 1.0000 1.0000 1.0000 1.0000 1.0000 1.0000 1.0000 1.0000 1.0000 1.0000 1.0000 1.0000
 2415.00 0.2984 1.0000 0.7542 1.0000 1.0000 0.3979 0.9979 0.9999 0.9967 1.0000 0.9986   1.209 0.7560 1.0000 0.9998 0.9978 1.0000 1.0000 1.0000 1.0000 1.0000 1.0000 1.0000 1.0000 1.0000 1.0000 1.0000 1.0000 1.0000 1.0000 1.0000 1.0000 1.0000 1.0000 1.0000
 2416.00 0.3000 0.9992 0.7522 1.0000 1.0000 0.4014 0.9979 0.9999 0.9967 1.0000 0.9986   1.204 0.7541 1.0000 0.9997 0.9977 1.0000 1.0000 1.0000 1.0000 1.0000 1.0000 1.0000 1.0000 1.0000 1.0000 1.0000 1.0000 1.0000 1.0000 1.0000 1.0000 1.0000 1.0000 1.0000
 2417.00 0.3140 0.9999 0.7802 1.0000 1.0000 0.4049 0.9979 0.9999 0.9967 1.0000 0.9986   1.158 0.7826 1.0000 0.9998 0.9970 1.0000 1.0000 1.0000 1.0000 1.0000 1.0000 1.0000 1.0000 1.0000 1.0000 1.0000 1.0000 1.0000 1.0000 1.0000 1.0000 1.0000 1.0000 1.0000
 2418.00 0.3155 0.9990 0.7778 1.0000 1.0000 0.4084 0.9979 0.9999 0.9967 1.0000 0.9986   1.154 0.7808 1.0000 0.9994 0.9967 1.0000 1.0000 1.0000 1.0000 1.0000 1.0000 1.0000 1.0000 1.0000 1.0000 1.0000 1.0000 1.0000 1.0000 1.0000 1.0000 1.0000 1.0000 1.0000
 2419.00 0.3300 1.0000 0.8059 1.0000 1.0000 0.4119 0.9979 0.9999 0.9967 1.0000 0.9986   1.109 0.8096 1.0000 0.9997 0.9958 1.0000 1.0000 1.0000 1.0000 1.0000 1.0000 1.0000 1.0000 1.0000 1.0000 1.0000 1.0000 1.0000 1.0000 1.0000 1.0000 1.0000 1.0000 1.0000
 2420.00 0.3326 0.9999 0.8051 1.0000 1.0000 0.4154 0.9979 0.9999 0.9967 1.0000 0.9986   1.101 0.8089 1.0000 0.9998 0.9955 1.0000 1.0000 1.0000 1.0000 1.0000 1.0000 1.0000 1.0000 1.0000 1.0000 1.0000 1.0000 1.0000 1.0000 1.0000 1.0000 1.0000 1.0000 1.0000
 2421.00 0.3361 0.9993 0.8099 1.0000 1.0000 0.4175 0.9980 0.9999 0.9967 1.0000 0.9987   1.090 0.8168 1.0000 0.9999 0.9917 1.0000 1.0000 1.0000 1.0000 1.0000 1.0000 1.0000 1.0000 1.0000 1.0000 1.0000 1.0000 1.0000 1.0000 1.0000 1.0000 1.0000 1.0000 1.0000
 2422.00 0.3467 0.9994 0.8312 1.0000 1.0000 0.4197 0.9980 0.9999 0.9967 1.0000 0.9987   1.059 0.8371 1.0000 0.9998 0.9931 1.0000 1.0000 1.0000 1.0000 1.0000 1.0000 1.0000 1.0000 1.0000 1.0000 1.0000 1.0000 1.0000 1.0000 1.0000 1.0000 1.0000 1.0000 1.0000
 2423.00 0.3405 0.9930 0.8172 1.0000 1.0000 0.4219 0.9980 0.9999 0.9967 1.0000 0.9987   1.077 0.8317 1.0000 0.9901 0.9924 1.0000 1.0000 1.0000 1.0000 1.0000 1.0000 1.0000 1.0000 1.0000 1.0000 1.0000 1.0000 1.0000 1.0000 1.0000 1.0000 1.0000 1.0000 1.0000
 2424.00 0.3554 0.9999 0.8427 1.0000 1.0000 0.4241 0.9980 0.9999 0.9967 1.0000 0.9987   1.035 0.8507 1.0000 0.9993 0.9912 1.0000 1.0000 1.0000 1.0000 1.0000 1.0000 1.0000 1.0000 1.0000 1.0000 1.0000 1.0000 1.0000 1.0000 1.0000 1.0000 1.0000 1.0000 1.0000
 2425.00 0.3553 1.0000 0.8381 1.0000 1.0000 0.4262 0.9980 0.9999 0.9967 1.0000 0.9987   1.035 0.8483 1.0000 0.9992 0.9887 1.0000 1.0000 1.0000 1.0000 1.0000 1.0000 1.0000 1.0000 1.0000 1.0000 1.0000 1.0000 1.0000 1.0000 1.0000 1.0000 1.0000 1.0000 1.0000
 2426.00 0.3616 1.0000 0.8471 1.0000 1.0000 0.4292 0.9980 0.9999 0.9967 1.0000 0.9987   1.017 0.8580 1.0000 0.9999 0.9874 1.0000 1.0000 1.0000 1.0000 1.0000 1.0000 1.0000 1.0000 1.0000 1.0000 1.0000 1.0000 1.0000 1.0000 1.0000 1.0000 1.0000 1.0000 1.0000
 2427.00 0.3696 1.0000 0.8600 1.0000 1.0000 0.4322 0.9980 0.9999 0.9967 1.0000 0.9987   0.995 0.8719 1.0000 0.9998 0.9865 1.0000 1.0000 1.0000 1.0000 1.0000 1.0000 1.0000 1.0000 1.0000 1.0000 1.0000 1.0000 1.0000 1.0000 1.0000 1.0000 1.0000 1.0000 1.0000
 2428.00 0.3728 1.0000 0.8614 1.0000 1.0000 0.4352 0.9980 0.9999 0.9967 1.0000 0.9987   0.987 0.8756 1.0000 0.9994 0.9843 1.0000 1.0000 1.0000 1.0000 1.0000 1.0000 1.0000 1.0000 1.0000 1.0000 1.0000 1.0000 1.0000 1.0000 1.0000 1.0000 1.0000 1.0000 1.0000
 2429.00 0.3704 0.9998 0.8501 1.0000 1.0000 0.4382 0.9980 0.9999 0.9967 1.0000 0.9987   0.993 0.8865 1.0000 0.9761 0.9824 1.0000 1.0000 1.0000 1.0000 1.0000 1.0000 1.0000 1.0000 1.0000 1.0000 1.0000 1.0000 1.0000 1.0000 1.0000 1.0000 1.0000 1.0000 1.0000
 2430.00 0.3769 0.9925 0.8655 1.0000 1.0000 0.4412 0.9980 0.9999 0.9966 1.0000 0.9987   0.976 0.8913 1.0000 0.9910 0.9799 1.0000 1.0000 1.0000 1.0000 1.0000 1.0000 1.0000 1.0000 1.0000 1.0000 1.0000 1.0000 1.0000 1.0000 1.0000 1.0000 1.0000 1.0000 1.0000
 2431.00 0.3827 0.9998 0.8648 1.0000 1.0000 0.4451 0.9980 0.9999 0.9966 1.0000 0.9987   0.961 0.8968 1.0000 0.9869 0.9771 1.0000 1.0000 1.0000 1.0000 1.0000 1.0000 1.0000 1.0000 1.0000 1.0000 1.0000 1.0000 1.0000 1.0000 1.0000 1.0000 1.0000 1.0000 1.0000
 2432.00 0.3775 1.0000 0.8456 1.0000 1.0000 0.4489 0.9980 0.9999 0.9966 1.0000 0.9987   0.974 0.8953 1.0000 0.9862 0.9578 1.0000 1.0000 1.0000 1.0000 1.0000 1.0000 1.0000 1.0000 1.0000 1.0000 1.0000 1.0000 1.0000 1.0000 1.0000 1.0000 1.0000 1.0000 1.0000
 2433.00 0.3890 0.9995 0.8643 1.0000 1.0000 0.4528 0.9980 0.9999 0.9966 1.0000 0.9987   0.944 0.8953 1.0000 0.9975 0.9678 1.0000 1.0000 1.0000 1.0000 1.0000 1.0000 1.0000 1.0000 1.0000 1.0000 1.0000 1.0000 1.0000 1.0000 1.0000 1.0000 1.0000 1.0000 1.0000
 2434.00 0.3978 0.9997 0.8760 1.0000 1.0000 0.4567 0.9981 0.9999 0.9966 1.0000 0.9987   0.922 0.9072 1.0000 0.9996 0.9660 1.0000 1.0000 1.0000 1.0000 1.0000 1.0000 1.0000 1.0000 1.0000 1.0000 1.0000 1.0000 1.0000 1.0000 1.0000 1.0000 1.0000 1.0000 1.0000
 2435.00 0.3962 0.9992 0.8656 1.0000 1.0000 0.4606 0.9981 0.9999 0.9966 1.0000 0.9987   0.926 0.9000 1.0000 0.9993 0.9624 1.0000 1.0000 1.0000 1.0000 1.0000 1.0000 1.0000 1.0000 1.0000 1.0000 1.0000 1.0000 1.0000 1.0000 1.0000 1.0000 1.0000 1.0000 1.0000
 2436.00 0.3978 0.9999 0.8631 1.0000 1.0000 0.4634 0.9981 0.9999 0.9966 1.0000 0.9987   0.922 0.9009 1.0000 0.9995 0.9586 1.0000 1.0000 1.0000 1.0000 1.0000 1.0000 1.0000 1.0000 1.0000 1.0000 1.0000 1.0000 1.0000 1.0000 1.0000 1.0000 1.0000 1.0000 1.0000
 2437.00 0.4022 0.9921 0.8744 1.0000 1.0000 0.4662 0.9981 0.9999 0.9966 1.0000 0.9987   0.911 0.9181 1.0000 0.9999 0.9525 1.0000 1.0000 1.0000 1.0000 1.0000 1.0000 1.0000 1.0000 1.0000 1.0000 1.0000 1.0000 1.0000 1.0000 1.0000 1.0000 1.0000 1.0000 1.0000
 2438.00 0.4019 0.9987 0.8626 1.0000 1.0000 0.4691 0.9981 0.9999 0.9966 1.0000 0.9987   0.912 0.9077 1.0000 0.9997 0.9506 1.0000 1.0000 1.0000 1.0000 1.0000 1.0000 1.0000 1.0000 1.0000 1.0000 1.0000 1.0000 1.0000 1.0000 1.0000 1.0000 1.0000 1.0000 1.0000
 2439.00 0.4035 0.9999 0.8599 1.0000 1.0000 0.4719 0.9981 0.9999 0.9966 1.0000 0.9987   0.907 0.9092 1.0000 0.9992 0.9465 1.0000 1.0000 1.0000 1.0000 1.0000 1.0000 1.0000 1.0000 1.0000 1.0000 1.0000 1.0000 1.0000 1.0000 1.0000 1.0000 1.0000 1.0000 1.0000
 2440.00 0.4040 0.9980 0.8573 1.0000 1.0000 0.4747 0.9981 0.9999 0.9966 1.0000 0.9987   0.906 0.9128 1.0000 0.9996 0.9395 1.0000 1.0000 1.0000 1.0000 1.0000 1.0000 1.0000 1.0000 1.0000 1.0000 1.0000 1.0000 1.0000 1.0000 1.0000 1.0000 1.0000 1.0000 1.0000
 2441.00 0.3934 0.9998 0.8270 1.0000 1.0000 0.4784 0.9981 0.9999 0.9966 1.0000 0.9987   0.933 0.9312 1.0000 0.9870 0.8999 1.0000 1.0000 1.0000 1.0000 1.0000 1.0000 1.0000 1.0000 1.0000 1.0000 1.0000 1.0000 1.0000 1.0000 1.0000 1.0000 1.0000 1.0000 1.0000
 2442.00 0.4043 0.9995 0.8435 1.0000 1.0000 0.4822 0.9981 0.9999 0.9966 1.0000 0.9987   0.906 0.9177 1.0000 0.9864 0.9318 1.0000 1.0000 1.0000 1.0000 1.0000 1.0000 1.0000 1.0000 1.0000 1.0000 1.0000 1.0000 1.0000 1.0000 1.0000 1.0000 1.0000 1.0000 1.0000
 2443.00 0.4122 1.0000 0.8530 1.0000 1.0000 0.4859 0.9981 0.9999 0.9966 1.0000 0.9987   0.886 0.9200 1.0000 0.9990 0.9281 1.0000 1.0000 1.0000 1.0000 1.0000 1.0000 1.0000 1.0000 1.0000 1.0000 1.0000 1.0000 1.0000 1.0000 1.0000 1.0000 1.0000 1.0000 1.0000
 2444.00 0.4159 1.0000 0.8540 1.0000 1.0000 0.4897 0.9981 0.9999 0.9966 1.0000 0.9987   0.877 0.9235 1.0000 0.9995 0.9253 1.0000 1.0000 1.0000 1.0000 1.0000 1.0000 1.0000 1.0000 1.0000 1.0000 1.0000 1.0000 1.0000 1.0000 1.0000 1.0000 1.0000 1.0000 1.0000
 2445.00 0.4181 1.0000 0.8518 1.0000 1.0000 0.4935 0.9981 0.9999 0.9966 1.0000 0.9987   0.872 0.9275 1.0000 0.9996 0.9187 1.0000 1.0000 1.0000 1.0000 1.0000 1.0000 1.0000 1.0000 1.0000 1.0000 1.0000 1.0000 1.0000 1.0000 1.0000 1.0000 1.0000 1.0000 1.0000
 2446.00 0.4276 0.9997 0.8631 1.0000 1.0000 0.4982 0.9981 0.9999 0.9966 1.0000 0.9987   0.850 0.9429 1.0000 0.9998 0.9156 1.0000 1.0000 1.0000 1.0000 1.0000 1.0000 1.0000 1.0000 1.0000 1.0000 1.0000 1.0000 1.0000 1.0000 1.0000 1.0000 1.0000 1.0000 1.0000
 2447.00 0.4276 0.9987 0.8559 1.0000 1.0000 0.5030 0.9981 0.9999 0.9966 1.0000 0.9987   0.850 0.9335 1.0000 0.9993 0.9175 1.0000 1.0000 1.0000 1.0000 1.0000 1.0000 1.0000 1.0000 1.0000 1.0000 1.0000 1.0000 1.0000 1.0000 1.0000 1.0000 1.0000 1.0000 1.0000
 2448.00 0.4105 1.0000 0.8129 1.0000 1.0000 0.5078 0.9982 0.9999 0.9966 1.0000 0.9987   0.890 0.9373 1.0000 0.9999 0.8673 1.0000 1.0000 1.0000 1.0000 1.0000 1.0000 1.0000 1.0000 1.0000 1.0000 1.0000 1.0000 1.0000 1.0000 1.0000 1.0000 1.0000 1.0000 1.0000
 2449.00 0.4383 1.0000 0.8598 1.0000 1.0000 0.5126 0.9982 0.9999 0.9966 1.0000 0.9987   0.825 0.9415 1.0000 0.9976 0.9154 1.0000 1.0000 1.0000 1.0000 1.0000 1.0000 1.0000 1.0000 1.0000 1.0000 1.0000 1.0000 1.0000 1.0000 1.0000 1.0000 1.0000 1.0000 1.0000
 2450.00 0.4441 0.9984 0.8643 1.0000 1.0000 0.5174 0.9982 0.9999 0.9966 1.0000 0.9987   0.812 0.9452 1.0000 0.9975 0.9166 1.0000 1.0000 1.0000 1.0000 1.0000 1.0000 1.0000 1.0000 1.0000 1.0000 1.0000 1.0000 1.0000 1.0000 1.0000 1.0000 1.0000 1.0000 1.0000
 2451.00 0.4430 0.9999 0.8520 1.0000 1.0000 0.5229 0.9982 0.9999 0.9966 1.0000 0.9987   0.814 0.9485 1.0000 0.9785 0.9179 1.0000 1.0000 1.0000 1.0000 1.0000 1.0000 1.0000 1.0000 1.0000 1.0000 1.0000 1.0000 1.0000 1.0000 1.0000 1.0000 1.0000 1.0000 1.0000
 2452.00 0.4509 0.9984 0.8596 1.0000 1.0000 0.5284 0.9982 0.9999 0.9966 1.0000 0.9987   0.796 0.9511 1.0000 0.9876 0.9152 1.0000 1.0000 1.0000 1.0000 1.0000 1.0000 1.0000 1.0000 1.0000 1.0000 1.0000 1.0000 1.0000 1.0000 1.0000 1.0000 1.0000 1.0000 1.0000
 2453.00 0.4635 0.9984 0.8744 1.0000 1.0000 0.5339 0.9982 0.9999 0.9966 1.0000 0.9987   0.769 0.9575 1.0000 0.9891 0.9233 1.0000 1.0000 1.0000 1.0000 1.0000 1.0000 1.0000 1.0000 1.0000 1.0000 1.0000 1.0000 1.0000 1.0000 1.0000 1.0000 1.0000 1.0000 1.0000
 2454.00 0.4530 1.0000 0.8445 1.0000 1.0000 0.5393 0.9982 0.9999 0.9966 1.0000 0.9987   0.792 0.9554 1.0000 0.9997 0.8841 1.0000 1.0000 1.0000 1.0000 1.0000 1.0000 1.0000 1.0000 1.0000 1.0000 1.0000 1.0000 1.0000 1.0000 1.0000 1.0000 1.0000 1.0000 1.0000
 2455.00 0.4852 1.0000 0.8953 1.0000 1.0000 0.5448 0.9982 0.9999 0.9966 1.0000 0.9987   0.723 0.9577 1.0000 0.9995 0.9353 1.0000 1.0000 1.0000 1.0000 1.0000 1.0000 1.0000 1.0000 1.0000 1.0000 1.0000 1.0000 1.0000 1.0000 1.0000 1.0000 1.0000 1.0000 1.0000
 2456.00 0.4944 1.0000 0.9037 1.0000 1.0000 0.5501 0.9982 0.9999 0.9966 1.0000 0.9987   0.704 0.9601 1.0000 0.9986 0.9425 1.0000 1.0000 1.0000 1.0000 1.0000 1.0000 1.0000 1.0000 1.0000 1.0000 1.0000 1.0000 1.0000 1.0000 1.0000 1.0000 1.0000 1.0000 1.0000
 2457.00 0.5019 0.9995 0.9091 1.0000 1.0000 0.5554 0.9982 0.9999 0.9966 1.0000 0.9987   0.689 0.9622 1.0000 0.9994 0.9454 1.0000 1.0000 1.0000 1.0000 1.0000 1.0000 1.0000 1.0000 1.0000 1.0000 1.0000 1.0000 1.0000 1.0000 1.0000 1.0000 1.0000 1.0000 1.0000
 2458.00 0.5130 0.9989 0.9211 1.0000 1.0000 0.5607 0.9982 0.9999 0.9966 1.0000 0.9987   0.667 0.9640 1.0000 0.9996 0.9559 1.0000 1.0000 1.0000 1.0000 1.0000 1.0000 1.0000 1.0000 1.0000 1.0000 1.0000 1.0000 1.0000 1.0000 1.0000 1.0000 1.0000 1.0000 1.0000
 2459.00 0.5121 0.9999 0.9098 1.0000 1.0000 0.5660 0.9982 0.9999 0.9966 1.0000 0.9987   0.669 0.9655 1.0000 0.9986 0.9437 1.0000 1.0000 1.0000 1.0000 1.0000 1.0000 1.0000 1.0000 1.0000 1.0000 1.0000 1.0000 1.0000 1.0000 1.0000 1.0000 1.0000 1.0000 1.0000
 2460.00 0.5242 1.0000 0.9224 1.0000 1.0000 0.5713 0.9982 0.9999 0.9966 1.0000 0.9987   0.646 0.9678 1.0000 0.9765 0.9760 1.0000 1.0000 1.0000 1.0000 1.0000 1.0000 1.0000 1.0000 1.0000 1.0000 1.0000 1.0000 1.0000 1.0000 1.0000 1.0000 1.0000 1.0000 1.0000
 2461.00 0.5449 0.9999 0.9523 1.0000 1.0000 0.5753 0.9982 0.9999 0.9966 1.0000 0.9987   0.607 0.9689 1.0000 0.9993 0.9836 1.0000 1.0000 1.0000 1.0000 1.0000 1.0000 1.0000 1.0000 1.0000 1.0000 1.0000 1.0000 1.0000 1.0000 1.0000 1.0000 1.0000 1.0000 1.0000
 2462.00 0.5508 0.9999 0.9560 1.0000 1.0000 0.5793 0.9982 0.9999 0.9966 1.0000 0.9987   0.596 0.9699 1.0000 0.9987 0.9869 1.0000 1.0000 1.0000 1.0000 1.0000 1.0000 1.0000 1.0000 1.0000 1.0000 1.0000 1.0000 1.0000 1.0000 1.0000 1.0000 1.0000 1.0000 1.0000
 2463.00 0.5503 0.9975 0.9508 1.0000 1.0000 0.5833 0.9982 0.9999 0.9966 1.0000 0.9987   0.597 0.9708 1.0000 0.9983 0.9811 1.0000 1.0000 1.0000 1.0000 1.0000 1.0000 1.0000 1.0000 1.0000 1.0000 1.0000 1.0000 1.0000 1.0000 1.0000 1.0000 1.0000 1.0000 1.0000
 2464.00 0.5496 0.9976 0.9432 1.0000 1.0000 0.5873 0.9982 0.9999 0.9966 1.0000 0.9987   0.598 0.9719 1.0000 0.9994 0.9711 1.0000 1.0000 1.0000 1.0000 1.0000 1.0000 1.0000 1.0000 1.0000 1.0000 1.0000 1.0000 1.0000 1.0000 1.0000 1.0000 1.0000 1.0000 1.0000
 2465.00 0.5333 0.9998 0.9068 1.0000 1.0000 0.5913 0.9983 0.9999 0.9966 1.0000 0.9987   0.629 0.9725 1.0000 0.9968 0.9355 1.0000 1.0000 1.0000 1.0000 1.0000 1.0000 1.0000 1.0000 1.0000 1.0000 1.0000 1.0000 1.0000 1.0000 1.0000 1.0000 1.0000 1.0000 1.0000
 2466.00 0.5418 0.9988 0.9127 1.0000 1.0000 0.5976 0.9983 0.9999 0.9966 1.0000 0.9987   0.613 0.9735 1.0000 0.9946 0.9426 1.0000 1.0000 1.0000 1.0000 1.0000 1.0000 1.0000 1.0000 1.0000 1.0000 1.0000 1.0000 1.0000 1.0000 1.0000 1.0000 1.0000 1.0000 1.0000
 2467.00 0.5440 0.9986 0.9071 1.0000 1.0000 0.6038 0.9983 0.9999 0.9966 1.0000 0.9987   0.609 0.9742 1.0000 0.9961 0.9348 1.0000 1.0000 1.0000 1.0000 1.0000 1.0000 1.0000 1.0000 1.0000 1.0000 1.0000 1.0000 1.0000 1.0000 1.0000 1.0000 1.0000 1.0000 1.0000
 2468.00 0.5490 0.9993 0.9054 1.0000 1.0000 0.6101 0.9983 0.9999 0.9966 1.0000 0.9987   0.600 0.9751 1.0000 0.9983 0.9301 1.0000 1.0000 1.0000 1.0000 1.0000 1.0000 1.0000 1.0000 1.0000 1.0000 1.0000 1.0000 1.0000 1.0000 1.0000 1.0000 1.0000 1.0000 1.0000
 2469.00 0.5242 0.9970 0.8576 1.0000 1.0000 0.6164 0.9983 0.9999 0.9966 1.0000 0.9987   0.646 0.9759 1.0000 0.9996 0.8791 1.0000 1.0000 1.0000 1.0000 1.0000 1.0000 1.0000 1.0000 1.0000 1.0000 1.0000 1.0000 1.0000 1.0000 1.0000 1.0000 1.0000 1.0000 1.0000
 2470.00 0.5520 0.9998 0.8913 1.0000 1.0000 0.6227 0.9983 0.9999 0.9966 1.0000 0.9987   0.594 0.9763 1.0000 0.9998 0.9132 1.0000 1.0000 1.0000 1.0000 1.0000 1.0000 1.0000 1.0000 1.0000 1.0000 1.0000 1.0000 1.0000 1.0000 1.0000 1.0000 1.0000 1.0000 1.0000
 2471.00 0.5540 0.9957 0.8898 1.0000 1.0000 0.6287 0.9983 0.9999 0.9966 1.0000 0.9987   0.591 0.9772 1.0000 0.9978 0.9125 1.0000 1.0000 1.0000 1.0000 1.0000 1.0000 1.0000 1.0000 1.0000 1.0000 1.0000 1.0000 1.0000 1.0000 1.0000 1.0000 1.0000 1.0000 1.0000
 2472.00 0.5505 0.9999 0.8721 1.0000 1.0000 0.6347 0.9983 0.9999 0.9966 1.0000 0.9987   0.597 0.9768 1.0000 0.9840 0.9073 1.0000 1.0000 1.0000 1.0000 1.0000 1.0000 1.0000 1.0000 1.0000 1.0000 1.0000 1.0000 1.0000 1.0000 1.0000 1.0000 1.0000 1.0000 1.0000
 2473.00 0.5580 1.0000 0.8757 1.0000 1.0000 0.6408 0.9983 0.9999 0.9966 1.0000 0.9987   0.583 0.9782 1.0000 0.9856 0.9084 1.0000 1.0000 1.0000 1.0000 1.0000 1.0000 1.0000 1.0000 1.0000 1.0000 1.0000 1.0000 1.0000 1.0000 1.0000 1.0000 1.0000 1.0000 1.0000
 2474.00 0.5192 1.0000 0.8070 1.0000 1.0000 0.6468 0.9983 0.9999 0.9966 1.0000 0.9987   0.656 0.9785 1.0000 0.9648 0.8549 1.0000 1.0000 1.0000 1.0000 1.0000 1.0000 1.0000 1.0000 1.0000 1.0000 1.0000 1.0000 1.0000 1.0000 1.0000 1.0000 1.0000 1.0000 1.0000
 2475.00 0.5764 1.0000 0.8875 1.0000 1.0000 0.6529 0.9983 0.9999 0.9966 1.0000 0.9987   0.551 0.9778 1.0000 0.9989 0.9086 1.0000 1.0000 1.0000 1.0000 1.0000 1.0000 1.0000 1.0000 1.0000 1.0000 1.0000 1.0000 1.0000 1.0000 1.0000 1.0000 1.0000 1.0000 1.0000
 2476.00 0.5815 1.0000 0.8884 1.0000 1.0000 0.6580 0.9983 0.9999 0.9966 1.0000 0.9987   0.542 0.9792 1.0000 0.9994 0.9078 1.0000 1.0000 1.0000 1.0000 1.0000 1.0000 1.0000 1.0000 1.0000 1.0000 1.0000 1.0000 1.0000 1.0000 1.0000 1.0000 1.0000 1.0000 1.0000
 2477.00 0.5708 0.9994 0.8659 1.0000 1.0000 0.6632 0.9983 0.9999 0.9966 1.0000 0.9987   0.561 0.9783 1.0000 0.9737 0.9091 1.0000 1.0000 1.0000 1.0000 1.0000 1.0000 1.0000 1.0000 1.0000 1.0000 1.0000 1.0000 1.0000 1.0000 1.0000 1.0000 1.0000 1.0000 1.0000
 2478.00 0.5436 0.9960 0.8210 1.0000 1.0000 0.6683 0.9983 0.9999 0.9966 1.0000 0.9988   0.610 0.9798 1.0000 0.9692 0.8646 1.0000 1.0000 1.0000 1.0000 1.0000 1.0000 1.0000 1.0000 1.0000 1.0000 1.0000 1.0000 1.0000 1.0000 1.0000 1.0000 1.0000 1.0000 1.0000
 2479.00 0.6024 0.9995 0.8997 1.0000 0.9999 0.6735 0.9983 0.9999 0.9966 1.0000 0.9988   0.507 0.9805 1.0000 0.9987 0.9188 1.0000 1.0000 1.0000 1.0000 0.9999 1.0000 1.0000 1.0000 1.0000 1.0000 1.0000 1.0000 1.0000 1.0000 1.0000 1.0000 1.0000 1.0000 1.0000
 2480.00 0.6044 0.9995 0.8956 1.0000 0.9999 0.6787 0.9983 0.9999 0.9966 1.0000 0.9988   0.504 0.9787 1.0000 0.9958 0.9189 1.0000 1.0000 1.0000 1.0000 0.9999 1.0000 1.0000 1.0000 1.0000 1.0000 1.0000 1.0000 1.0000 1.0000 1.0000 1.0000 1.0000 1.0000 1.0000
 2481.00 0.6190 0.9998 0.9092 1.0000 0.9999 0.6846 0.9983 0.9999 0.9966 1.0000 0.9988   0.480 0.9808 1.0000 0.9997 0.9272 1.0000 1.0000 1.0000 1.0000 0.9999 1.0000 1.0000 1.0000 1.0000 1.0000 1.0000 1.0000 1.0000 1.0000 1.0000 1.0000 1.0000 1.0000 1.0000
 2482.00 0.5994 0.9997 0.8729 1.0000 0.9999 0.6906 0.9983 0.9999 0.9966 1.0000 0.9988   0.512 0.9812 1.0000 0.9978 0.8915 1.0000 1.0000 1.0000 1.0000 0.9999 1.0000 1.0000 1.0000 1.0000 1.0000 1.0000 1.0000 1.0000 1.0000 1.0000 1.0000 1.0000 1.0000 1.0000
 2483.00 0.6293 0.9958 0.9122 1.0000 0.9999 0.6966 0.9983 0.9999 0.9966 1.0000 0.9988   0.463 0.9786 1.0000 0.9945 0.9373 1.0000 1.0000 1.0000 1.0000 0.9999 1.0000 1.0000 1.0000 1.0000 1.0000 1.0000 1.0000 1.0000 1.0000 1.0000 1.0000 1.0000 1.0000 1.0000
 2484.00 0.6435 0.9999 0.9209 1.0000 0.9999 0.7026 0.9983 0.9999 0.9966 1.0000 0.9988   0.441 0.9814 1.0000 0.9960 0.9421 1.0000 1.0000 1.0000 1.0000 0.9999 1.0000 1.0000 1.0000 1.0000 1.0000 1.0000 1.0000 1.0000 1.0000 1.0000 1.0000 1.0000 1.0000 1.0000
 2485.00 0.6322 0.9988 0.8980 1.0000 0.9999 0.7085 0.9984 0.9999 0.9966 1.0000 0.9988   0.459 0.9786 1.0000 0.9993 0.9183 1.0000 1.0000 1.0000 1.0000 0.9999 1.0000 1.0000 1.0000 1.0000 1.0000 1.0000 1.0000 1.0000 1.0000 1.0000 1.0000 1.0000 1.0000 1.0000
 2486.00 0.6598 0.9942 0.9375 1.0000 0.9999 0.7116 0.9984 0.9999 0.9966 1.0000 0.9988   0.416 0.9818 1.0000 0.9998 0.9551 1.0000 1.0000 1.0000 1.0000 0.9999 1.0000 1.0000 1.0000 1.0000 1.0000 1.0000 1.0000 1.0000 1.0000 1.0000 1.0000 1.0000 1.0000 1.0000
 2487.00 0.6680 0.9964 0.9430 1.0000 0.9999 0.7147 0.9984 0.9999 0.9966 1.0000 0.9988   0.403 0.9822 1.0000 0.9994 0.9606 1.0000 1.0000 1.0000 1.0000 0.9999 1.0000 1.0000 1.0000 1.0000 1.0000 1.0000 1.0000 1.0000 1.0000 1.0000 1.0000 1.0000 1.0000 1.0000
 2488.00 0.6732 0.9998 0.9430 1.0000 0.9999 0.7178 0.9984 0.9999 0.9966 1.0000 0.9988   0.396 0.9791 1.0000 0.9992 0.9638 1.0000 1.0000 1.0000 1.0000 0.9999 1.0000 1.0000 1.0000 1.0000 1.0000 1.0000 1.0000 1.0000 1.0000 1.0000 1.0000 1.0000 1.0000 1.0000
 2489.00 0.6675 0.9990 0.9318 1.0000 0.9999 0.7209 0.9984 0.9999 0.9966 1.0000 0.9988   0.404 0.9828 1.0000 0.9994 0.9487 1.0000 1.0000 1.0000 1.0000 0.9999 1.0000 1.0000 1.0000 1.0000 1.0000 1.0000 1.0000 1.0000 1.0000 1.0000 1.0000 1.0000 1.0000 1.0000
 2490.00 0.6862 0.9980 0.9547 1.0000 0.9999 0.7240 0.9984 0.9999 0.9966 1.0000 0.9988   0.377 0.9834 1.0000 0.9966 0.9741 1.0000 1.0000 1.0000 1.0000 0.9999 1.0000 1.0000 1.0000 1.0000 1.0000 1.0000 1.0000 1.0000 1.0000 1.0000 1.0000 1.0000 1.0000 1.0000
 2491.00 0.6899 0.9995 0.9543 1.0000 0.9999 0.7271 0.9984 0.9999 0.9966 1.0000 0.9988   0.371 0.9803 1.0000 0.9967 0.9767 1.0000 1.0000 1.0000 1.0000 0.9999 1.0000 1.0000 1.0000 1.0000 1.0000 1.0000 1.0000 1.0000 1.0000 1.0000 1.0000 1.0000 1.0000 1.0000
 2492.00 0.6891 1.0000 0.9486 1.0000 0.9999 0.7303 0.9984 0.9999 0.9966 1.0000 0.9988   0.372 0.9841 1.0000 0.9954 0.9684 1.0000 1.0000 1.0000 1.0000 0.9999 1.0000 1.0000 1.0000 1.0000 1.0000 1.0000 1.0000 1.0000 1.0000 1.0000 1.0000 1.0000 1.0000 1.0000
 2493.00 0.7015 1.0000 0.9615 1.0000 0.9999 0.7334 0.9984 0.9999 0.9966 1.0000 0.9988   0.355 0.9818 1.0000 0.9950 0.9842 1.0000 1.0000 1.0000 1.0000 0.9999 1.0000 1.0000 1.0000 1.0000 1.0000 1.0000 1.0000 1.0000 1.0000 1.0000 1.0000 1.0000 1.0000 1.0000
 2494.00 0.6668 0.9994 0.9106 1.0000 0.9999 0.7366 0.9984 0.9999 0.9966 1.0000 0.9988   0.405 0.9854 1.0000 0.9371 0.9862 1.0000 1.0000 1.0000 1.0000 0.9999 1.0000 1.0000 1.0000 1.0000 1.0000 1.0000 1.0000 1.0000 1.0000 1.0000 1.0000 1.0000 1.0000 1.0000
 2495.00 0.6709 0.9999 0.9117 1.0000 0.9999 0.7397 0.9984 0.9999 0.9966 1.0000 0.9988   0.399 0.9859 1.0000 0.9427 0.9810 1.0000 1.0000 1.0000 1.0000 0.9999 1.0000 1.0000 1.0000 1.0000 1.0000 1.0000 1.0000 1.0000 1.0000 1.0000 1.0000 1.0000 1.0000 1.0000
 2496.00 0.7206 0.9993 0.9732 1.0000 0.9999 0.7449 0.9984 0.9999 0.9966 1.0000 0.9988   0.328 0.9847 1.0000 0.9978 0.9905 1.0000 1.0000 1.0000 1.0000 0.9999 1.0000 1.0000 1.0000 1.0000 1.0000 1.0000 1.0000 1.0000 1.0000 1.0000 1.0000 1.0000 1.0000 1.0000
 2497.00 0.7257 0.9946 0.9780 1.0000 0.9999 0.7501 0.9984 0.9999 0.9966 1.0000 0.9988   0.321 0.9876 1.0000 0.9988 0.9915 1.0000 1.0000 1.0000 1.0000 0.9999 1.0000 1.0000 1.0000 1.0000 1.0000 1.0000 1.0000 1.0000 1.0000 1.0000 1.0000 1.0000 1.0000 1.0000
 2498.00 0.7286 0.9925 0.9771 1.0000 0.9999 0.7553 0.9984 0.9999 0.9966 1.0000 0.9988   0.317 0.9883 1.0000 0.9994 0.9893 1.0000 1.0000 1.0000 1.0000 0.9999 1.0000 1.0000 1.0000 1.0000 1.0000 1.0000 1.0000 1.0000 1.0000 1.0000 1.0000 1.0000 1.0000 1.0000
 2499.00 0.7413 0.9996 0.9804 1.0000 0.9999 0.7605 0.9984 0.9999 0.9966 1.0000 0.9988   0.299 0.9884 1.0000 0.9978 0.9941 1.0000 1.0000 1.0000 1.0000 0.9999 1.0000 1.0000 1.0000 1.0000 1.0000 1.0000 1.0000 1.0000 1.0000 1.0000 1.0000 1.0000 1.0000 1.0000
 2500.00 0.7426 0.9965 0.9783 1.0000 1.0000 0.7657 0.9984 0.9999 0.9966 1.0000 0.9988   0.298 0.9902 1.0000 0.9961 0.9919 1.0000 1.0000 1.0000 1.0000 1.0000 1.0000 1.0000 1.0000 1.0000 1.0000 1.0000 1.0000 1.0000 1.0000 1.0000 1.0000 1.0000 1.0000 1.0000
 2501.00 0.7552 0.9986 0.9852 1.0000 1.0000 0.7717 0.9984 0.9999 0.9966 1.0000 0.9988   0.281 0.9904 1.0000 0.9993 0.9954 1.0000 1.0000 1.0000 1.0000 1.0000 1.0000 1.0000 1.0000 1.0000 1.0000 1.0000 1.0000 1.0000 1.0000 1.0000 1.0000 1.0000 1.0000 1.0000
 2502.00 0.7589 0.9964 0.9844 1.0000 1.0000 0.7778 0.9984 0.9999 0.9966 1.0000 0.9988   0.276 0.9901 1.0000 0.9985 0.9958 1.0000 1.0000 1.0000 1.0000 1.0000 1.0000 1.0000 1.0000 1.0000 1.0000 1.0000 1.0000 1.0000 1.0000 1.0000 1.0000 1.0000 1.0000 1.0000
 2503.00 0.7567 0.9961 0.9744 1.0000 1.0000 0.7838 0.9984 0.9999 0.9966 1.0000 0.9988   0.279 0.9898 1.0000 0.9893 0.9950 1.0000 1.0000 1.0000 1.0000 1.0000 1.0000 1.0000 1.0000 1.0000 1.0000 1.0000 1.0000 1.0000 1.0000 1.0000 1.0000 1.0000 1.0000 1.0000
 2504.00 0.7660 0.9966 0.9782 1.0000 1.0000 0.7899 0.9984 0.9999 0.9966 1.0000 0.9988   0.267 0.9879 1.0000 0.9941 0.9960 1.0000 1.0000 1.0000 1.0000 1.0000 1.0000 1.0000 1.0000 1.0000 1.0000 1.0000 1.0000 1.0000 1.0000 1.0000 1.0000 1.0000 1.0000 1.0000
 2505.00 0.7676 0.9922 0.9770 1.0000 0.9999 0.7959 0.9984 0.9999 0.9966 1.0000 0.9988   0.264 0.9891 1.0000 0.9927 0.9950 1.0000 1.0000 1.0000 1.0000 0.9999 1.0000 1.0000 1.0000 1.0000 1.0000 1.0000 1.0000 1.0000 1.0000 1.0000 1.0000 1.0000 1.0000 1.0000
 2506.00 0.7780 0.9954 0.9845 1.0000 0.9999 0.7980 0.9984 0.9999 0.9966 1.0000 0.9988   0.251 0.9887 1.0000 0.9997 0.9961 1.0000 1.0000 1.0000 1.0000 0.9999 1.0000 1.0000 1.0000 1.0000 1.0000 1.0000 1.0000 1.0000 1.0000 1.0000 1.0000 1.0000 1.0000 1.0000
 2507.00 0.7800 0.9998 0.9802 1.0000 0.9999 0.8001 0.9984 0.9999 0.9966 1.0000 0.9988   0.248 0.9859 1.0000 0.9991 0.9952 1.0000 1.0000 1.0000 1.0000 0.9999 1.0000 1.0000 1.0000 1.0000 1.0000 1.0000 1.0000 1.0000 1.0000 1.0000 1.0000 1.0000 1.0000 1.0000
 2508.00 0.7852 0.9993 0.9847 1.0000 0.9999 0.8021 0.9984 0.9999 0.9966 1.0000 0.9988   0.242 0.9884 1.0000 0.9990 0.9973 1.0000 1.0000 1.0000 1.0000 0.9999 1.0000 1.0000 1.0000 1.0000 1.0000 1.0000 1.0000 1.0000 1.0000 1.0000 1.0000 1.0000 1.0000 1.0000
 2509.00 0.7831 0.9971 0.9817 1.0000 0.9999 0.8042 0.9984 0.9999 0.9966 1.0000 0.9988   0.245 0.9882 1.0000 0.9986 0.9948 1.0000 1.0000 1.0000 1.0000 0.9999 1.0000 1.0000 1.0000 1.0000 1.0000 1.0000 1.0000 1.0000 1.0000 1.0000 1.0000 1.0000 1.0000 1.0000
 2510.00 0.7844 0.9997 0.9782 1.0000 0.9999 0.8063 0.9984 0.9999 0.9966 1.0000 0.9988   0.243 0.9849 1.0000 0.9986 0.9947 1.0000 1.0000 1.0000 1.0000 0.9999 1.0000 1.0000 1.0000 1.0000 1.0000 1.0000 1.0000 1.0000 1.0000 1.0000 1.0000 1.0000 1.0000 1.0000
 2511.00 0.7853 0.9962 0.9778 1.0000 0.9999 0.8105 0.9984 0.9999 0.9966 1.0000 0.9988   0.242 0.9882 1.0000 0.9958 0.9935 1.0000 1.0000 1.0000 1.0000 0.9999 1.0000 1.0000 1.0000 1.0000 1.0000 1.0000 1.0000 1.0000 1.0000 1.0000 1.0000 1.0000 1.0000 1.0000
 2512.00 0.7443 0.9999 0.9185 1.0000 0.9999 0.8147 0.9984 0.9999 0.9966 1.0000 0.9988   0.295 0.9882 1.0000 0.9370 0.9919 1.0000 1.0000 1.0000 1.0000 0.9999 1.0000 1.0000 1.0000 1.0000 1.0000 1.0000 1.0000 1.0000 1.0000 1.0000 1.0000 1.0000 1.0000 1.0000
 2513.00 0.7815 0.9997 0.9596 1.0000 0.9999 0.8189 0.9984 0.9999 0.9966 1.0000 0.9988   0.247 0.9848 1.0000 0.9824 0.9918 1.0000 1.0000 1.0000 1.0000 0.9999 1.0000 1.0000 1.0000 1.0000 1.0000 1.0000 1.0000 1.0000 1.0000 1.0000 1.0000 1.0000 1.0000 1.0000
 2514.00 0.7974 0.9971 0.9766 1.0000 0.9999 0.8231 0.9984 0.9999 0.9966 1.0000 0.9988   0.226 0.9885 1.0000 0.9976 0.9903 1.0000 1.0000 1.0000 1.0000 0.9999 1.0000 1.0000 1.0000 1.0000 1.0000 1.0000 1.0000 1.0000 1.0000 1.0000 1.0000 1.0000 1.0000 1.0000
 2515.00 0.7540 0.9864 0.9288 1.0000 0.9999 0.8274 0.9984 0.9999 0.9966 1.0000 0.9988   0.282 0.9889 1.0000 0.9423 0.9966 1.0000 1.0000 1.0000 1.0000 0.9999 1.0000 1.0000 1.0000 1.0000 1.0000 1.0000 1.0000 1.0000 1.0000 1.0000 1.0000 1.0000 1.0000 1.0000
 2516.00 0.7882 0.9967 0.9566 1.0000 0.9999 0.8310 0.9984 0.9999 0.9966 1.0000 0.9988   0.238 0.9858 1.0000 0.9817 0.9885 1.0000 1.0000 1.0000 1.0000 0.9999 1.0000 1.0000 1.0000 1.0000 1.0000 1.0000 1.0000 1.0000 1.0000 1.0000 1.0000 1.0000 1.0000 1.0000
 2517.00 0.8084 0.9992 0.9744 1.0000 0.9999 0.8346 0.9984 0.9999 0.9966 1.0000 0.9988   0.213 0.9895 1.0000 0.9982 0.9865 1.0000 1.0000 1.0000 1.0000 0.9999 1.0000 1.0000 1.0000 1.0000 1.0000 1.0000 1.0000 1.0000 1.0000 1.0000 1.0000 1.0000 1.0000 1.0000
 2518.00 0.7995 0.9861 0.9723 1.0000 0.9999 0.8382 0.9984 0.9999 0.9966 1.0000 0.9988   0.224 0.9900 1.0000 0.9978 0.9843 1.0000 1.0000 1.0000 1.0000 0.9999 1.0000 1.0000 1.0000 1.0000 1.0000 1.0000 1.0000 1.0000 1.0000 1.0000 1.0000 1.0000 1.0000 1.0000
 2519.00 0.8049 0.9925 0.9684 1.0000 0.9999 0.8418 0.9984 0.9999 0.9966 1.0000 0.9988   0.217 0.9875 1.0000 0.9991 0.9815 1.0000 1.0000 1.0000 1.0000 1.0000 1.0000 1.0000 1.0000 1.0000 1.0000 1.0000 1.0000 1.0000 1.0000 1.0000 1.0000 1.0000 1.0000 1.0000
 2520.00 0.8074 0.9940 0.9658 1.0000 1.0000 0.8454 0.9984 0.9999 0.9966 1.0000 0.9988   0.214 0.9908 1.0000 0.9963 0.9783 1.0000 1.0000 1.0000 1.0000 1.0000 1.0000 1.0000 1.0000 1.0000 1.0000 1.0000 1.0000 1.0000 1.0000 1.0000 1.0000 1.0000 1.0000 1.0000
 2521.00 0.8140 0.9997 0.9648 1.0000 1.0000 0.8483 0.9984 0.9999 0.9966 1.0000 0.9988   0.206 0.9913 1.0000 0.9984 0.9747 1.0000 1.0000 1.0000 1.0000 1.0000 1.0000 1.0000 1.0000 1.0000 1.0000 1.0000 1.0000 1.0000 1.0000 1.0000 1.0000 1.0000 1.0000 1.0000
 2522.00 0.8078 0.9942 0.9594 1.0000 1.0000 0.8513 0.9984 0.9999 0.9966 1.0000 0.9988   0.213 0.9895 1.0000 0.9989 0.9707 1.0000 1.0000 1.0000 1.0000 1.0000 1.0000 1.0000 1.0000 1.0000 1.0000 1.0000 1.0000 1.0000 1.0000 1.0000 1.0000 1.0000 1.0000 1.0000
 2523.00 0.8130 0.9985 0.9581 1.0000 1.0000 0.8542 0.9984 0.9999 0.9966 1.0000 0.9988   0.207 0.9922 1.0000 0.9991 0.9665 1.0000 1.0000 1.0000 1.0000 1.0000 1.0000 1.0000 1.0000 1.0000 1.0000 1.0000 1.0000 1.0000 1.0000 1.0000 1.0000 1.0000 1.0000 1.0000
 2524.00 0.8270 0.9876 0.9820 1.0000 1.0000 0.8571 0.9984 0.9999 0.9966 1.0000 0.9988   0.190 0.9926 1.0000 0.9985 0.9908 1.0000 1.0000 1.0000 1.0000 1.0000 1.0000 1.0000 1.0000 1.0000 1.0000 1.0000 1.0000 1.0000 1.0000 1.0000 1.0000 1.0000 1.0000 1.0000
 2525.00 0.8103 0.9990 0.9479 1.0000 1.0000 0.8601 0.9984 0.9999 0.9966 1.0000 0.9988   0.210 0.9914 1.0000 0.9960 0.9600 1.0000 1.0000 1.0000 1.0000 1.0000 1.0000 1.0000 1.0000 1.0000 1.0000 1.0000 1.0000 1.0000 1.0000 1.0000 1.0000 1.0000 1.0000 1.0000
 2526.00 0.7753 0.9997 0.9040 1.0000 1.0000 0.8623 0.9984 0.9999 0.9966 1.0000 0.9988   0.255 0.9934 1.0000 0.9534 0.9545 1.0000 1.0000 1.0000 1.0000 1.0000 1.0000 1.0000 1.0000 1.0000 1.0000 1.0000 1.0000 1.0000 1.0000 1.0000 1.0000 1.0000 1.0000 1.0000
 2527.00 0.8060 0.9985 0.9384 1.0000 1.0000 0.8645 0.9984 0.9999 0.9966 1.0000 0.9988   0.216 0.9936 1.0000 0.9962 0.9480 1.0000 1.0000 1.0000 1.0000 1.0000 1.0000 1.0000 1.0000 1.0000 1.0000 1.0000 1.0000 1.0000 1.0000 1.0000 1.0000 1.0000 1.0000 1.0000
 2528.00 0.8025 0.9998 0.9308 1.0000 1.0000 0.8668 0.9984 0.9999 0.9966 1.0000 0.9988   0.220 0.9929 1.0000 0.9957 0.9415 1.0000 1.0000 1.0000 1.0000 1.0000 1.0000 1.0000 1.0000 1.0000 1.0000 1.0000 1.0000 1.0000 1.0000 1.0000 1.0000 1.0000 1.0000 1.0000
 2529.00 0.7759 0.9964 0.9007 1.0000 1.0000 0.8690 0.9984 0.9999 0.9966 1.0000 0.9988   0.254 0.9943 1.0000 0.9706 0.9333 1.0000 1.0000 1.0000 1.0000 1.0000 1.0000 1.0000 1.0000 1.0000 1.0000 1.0000 1.0000 1.0000 1.0000 1.0000 1.0000 1.0000 1.0000 1.0000
 2530.00 0.7753 0.9911 0.9025 1.0000 1.0000 0.8713 0.9984 0.9999 0.9966 1.0000 0.9988   0.254 0.9944 1.0000 0.9815 0.9247 1.0000 1.0000 1.0000 1.0000 1.0000 1.0000 1.0000 1.0000 1.0000 1.0000 1.0000 1.0000 1.0000 1.0000 1.0000 1.0000 1.0000 1.0000 1.0000
 2531.00 0.7776 0.9846 0.9080 1.0000 1.0000 0.8743 0.9984 0.9999 0.9966 1.0000 0.9988   0.252 0.9941 1.0000 0.9963 0.9168 1.0000 1.0000 1.0000 1.0000 1.0000 1.0000 1.0000 1.0000 1.0000 1.0000 1.0000 1.0000 1.0000 1.0000 1.0000 1.0000 1.0000 1.0000 1.0000
 2532.00 0.7864 0.9990 0.9019 1.0000 1.0000 0.8773 0.9984 0.9999 0.9966 1.0000 0.9989   0.240 0.9949 1.0000 0.9983 0.9080 1.0000 1.0000 1.0000 1.0000 1.0000 1.0000 1.0000 1.0000 1.0000 1.0000 1.0000 1.0000 1.0000 1.0000 1.0000 1.0000 1.0000 1.0000 1.0000
 2533.00 0.7558 0.9674 0.8920 1.0000 1.0000 0.8803 0.9984 0.9999 0.9966 1.0000 0.9989   0.280 0.9950 1.0000 0.9977 0.8986 1.0000 1.0000 1.0000 1.0000 1.0000 1.0000 1.0000 1.0000 1.0000 1.0000 1.0000 1.0000 1.0000 1.0000 1.0000 1.0000 1.0000 1.0000 1.0000
 2534.00 0.7591 0.9778 0.8834 1.0000 1.0000 0.8834 0.9984 0.9999 0.9966 1.0000 0.9989   0.276 0.9950 1.0000 0.9983 0.8893 1.0000 1.0000 1.0000 1.0000 1.0000 1.0000 1.0000 1.0000 1.0000 1.0000 1.0000 1.0000 1.0000 1.0000 1.0000 1.0000 1.0000 1.0000 1.0000
 2535.00 0.7644 0.9920 0.8738 1.0000 1.0000 0.8864 0.9984 0.9999 0.9966 1.0000 0.9989   0.269 0.9955 1.0000 0.9965 0.8807 1.0000 1.0000 1.0000 1.0000 1.0000 1.0000 1.0000 1.0000 1.0000 1.0000 1.0000 1.0000 1.0000 1.0000 1.0000 1.0000 1.0000 1.0000 1.0000
 2536.00 0.7426 0.9941 0.8441 1.0000 1.0000 0.8895 0.9984 0.9999 0.9966 1.0000 0.9989   0.298 0.9957 1.0000 0.9744 0.8701 1.0000 1.0000 1.0000 1.0000 1.0000 1.0000 1.0000 1.0000 1.0000 1.0000 1.0000 1.0000 1.0000 1.0000 1.0000 1.0000 1.0000 1.0000 1.0000
 2537.00 0.7327 0.9991 0.8259 1.0000 1.0000 0.8926 0.9984 0.9999 0.9966 1.0000 0.9989   0.311 0.9955 1.0000 0.9620 0.8624 1.0000 1.0000 1.0000 1.0000 1.0000 1.0000 1.0000 1.0000 1.0000 1.0000 1.0000 1.0000 1.0000 1.0000 1.0000 1.0000 1.0000 1.0000 1.0000
 2538.00 0.7478 0.9937 0.8446 1.0000 1.0000 0.8956 0.9984 0.9999 0.9966 1.0000 0.9989   0.291 0.9960 1.0000 0.9979 0.8498 1.0000 1.0000 1.0000 1.0000 1.0000 1.0000 1.0000 1.0000 1.0000 1.0000 1.0000 1.0000 1.0000 1.0000 1.0000 1.0000 1.0000 1.0000 1.0000
 2539.00 0.7297 0.9853 0.8283 1.0000 1.0000 0.8987 0.9984 0.9999 0.9966 1.0000 0.9989   0.315 0.9961 1.0000 0.9918 0.8384 1.0000 1.0000 1.0000 1.0000 1.0000 1.0000 1.0000 1.0000 1.0000 1.0000 1.0000 1.0000 1.0000 1.0000 1.0000 1.0000 1.0000 1.0000 1.0000
 2540.00 0.7353 0.9991 0.8204 1.0000 1.0000 0.9018 0.9984 0.9999 0.9966 1.0000 0.9989   0.307 0.9960 1.0000 0.9980 0.8253 1.0000 1.0000 1.0000 1.0000 1.0000 1.0000 1.0000 1.0000 1.0000 1.0000 1.0000 1.0000 1.0000 1.0000 1.0000 1.0000 1.0000 1.0000 1.0000
 2541.00 0.7255 0.9974 0.8086 1.0000 1.0000 0.9041 0.9984 0.9999 0.9966 1.0000 0.9989   0.321 0.9964 1.0000 0.9986 0.8127 1.0000 1.0000 1.0000 1.0000 1.0000 1.0000 1.0000 1.0000 1.0000 1.0000 1.0000 1.0000 1.0000 1.0000 1.0000 1.0000 1.0000 1.0000 1.0000
 2542.00 0.7207 0.9996 0.7995 1.0000 1.0000 0.9065 0.9984 0.9999 0.9966 1.0000 0.9989   0.328 0.9965 1.0000 0.9995 0.8027 1.0000 1.0000 1.0000 1.0000 1.0000 1.0000 1.0000 1.0000 1.0000 1.0000 1.0000 1.0000 1.0000 1.0000 1.0000 1.0000 1.0000 1.0000 1.0000
 2543.00 0.7050 0.9973 0.7819 1.0000 1.0000 0.9088 0.9984 0.9999 0.9966 1.0000 0.9989   0.350 0.9965 1.0000 0.9904 0.7923 1.0000 1.0000 1.0000 1.0000 1.0000 1.0000 1.0000 1.0000 1.0000 1.0000 1.0000 1.0000 1.0000 1.0000 1.0000 1.0000 1.0000 1.0000 1.0000
 2544.00 0.7004 0.9953 0.7763 1.0000 1.0000 0.9112 0.9983 0.9999 0.9966 1.0000 0.9989   0.356 0.9965 1.0000 0.9938 0.7839 1.0000 1.0000 1.0000 1.0000 1.0000 1.0000 1.0000 1.0000 1.0000 1.0000 1.0000 1.0000 1.0000 1.0000 1.0000 1.0000 1.0000 1.0000 1.0000
 2545.00 0.6682 0.9744 0.7546 1.0000 1.0000 0.9135 0.9983 0.9999 0.9965 1.0000 0.9989   0.403 0.9967 1.0000 0.9754 0.7762 1.0000 1.0000 1.0000 1.0000 1.0000 1.0000 1.0000 1.0000 1.0000 1.0000 1.0000 1.0000 1.0000 1.0000 1.0000 1.0000 1.0000 1.0000 1.0000
 2546.00 0.6806 0.9985 0.7488 1.0000 1.0000 0.9151 0.9983 0.9999 0.9965 1.0000 0.9989   0.385 0.9968 1.0000 0.9683 0.7757 1.0000 1.0000 1.0000 1.0000 1.0000 1.0000 1.0000 1.0000 1.0000 1.0000 1.0000 1.0000 1.0000 1.0000 1.0000 1.0000 1.0000 1.0000 1.0000
 2547.00 0.6611 0.9619 0.7537 1.0000 1.0000 0.9167 0.9983 0.9999 0.9965 1.0000 0.9989   0.414 0.9968 1.0000 0.9807 0.7710 1.0000 1.0000 1.0000 1.0000 1.0000 1.0000 1.0000 1.0000 1.0000 1.0000 1.0000 1.0000 1.0000 1.0000 1.0000 1.0000 1.0000 1.0000 1.0000
 2548.00 0.6667 0.9718 0.7510 1.0000 1.0000 0.9183 0.9983 0.9999 0.9965 1.0000 0.9989   0.405 0.9970 1.0000 0.9765 0.7714 1.0000 1.0000 1.0000 1.0000 1.0000 1.0000 1.0000 1.0000 1.0000 1.0000 1.0000 1.0000 1.0000 1.0000 1.0000 1.0000 1.0000 1.0000 1.0000
 2549.00 0.6677 0.9569 0.7625 1.0000 1.0000 0.9198 0.9983 0.9999 0.9965 1.0000 0.9989   0.404 0.9971 1.0000 0.9992 0.7653 1.0000 1.0000 1.0000 1.0000 1.0000 1.0000 1.0000 1.0000 1.0000 1.0000 1.0000 1.0000 1.0000 1.0000 1.0000 1.0000 1.0000 1.0000 1.0000
 2550.00 0.6697 0.9728 0.7510 1.0000 1.0000 0.9214 0.9983 0.9999 0.9965 1.0000 0.9989   0.401 0.9971 1.0000 0.9891 0.7614 1.0000 1.0000 1.0000 1.0000 1.0000 1.0000 1.0000 1.0000 1.0000 1.0000 1.0000 1.0000 1.0000 1.0000 1.0000 1.0000 1.0000 1.0000 1.0000
 2551.00 0.6771 0.9854 0.7490 1.0000 1.0000 0.9222 0.9983 0.9999 0.9965 1.0000 0.9989   0.390 0.9971 1.0000 0.9962 0.7540 1.0000 1.0000 1.0000 1.0000 1.0000 1.0000 1.0000 1.0000 1.0000 1.0000 1.0000 1.0000 1.0000 1.0000 1.0000 1.0000 1.0000 1.0000 1.0000
 2552.00 0.6774 0.9966 0.7402 1.0000 1.0000 0.9230 0.9983 0.9999 0.9965 1.0000 0.9989   0.390 0.9973 1.0000 0.9904 0.7495 1.0000 1.0000 1.0000 1.0000 1.0000 1.0000 1.0000 1.0000 1.0000 1.0000 1.0000 1.0000 1.0000 1.0000 1.0000 1.0000 1.0000 1.0000 1.0000
 2553.00 0.6513 0.9624 0.7365 1.0000 1.0000 0.9238 0.9983 0.9999 0.9965 1.0000 0.9989   0.429 0.9973 1.0000 0.9914 0.7449 1.0000 1.0000 1.0000 1.0000 1.0000 1.0000 1.0000 1.0000 1.0000 1.0000 1.0000 1.0000 1.0000 1.0000 1.0000 1.0000 1.0000 1.0000 1.0000
 2554.00 0.6724 0.9992 0.7317 1.0000 1.0000 0.9246 0.9983 0.9999 0.9965 1.0000 0.9989   0.397 0.9974 1.0000 0.9887 0.7419 1.0000 1.0000 1.0000 1.0000 1.0000 1.0000 1.0000 1.0000 1.0000 1.0000 1.0000 1.0000 1.0000 1.0000 1.0000 1.0000 1.0000 1.0000 1.0000
 2555.00 0.6798 0.9993 0.7390 1.0000 1.0000 0.9254 0.9983 0.9999 0.9965 1.0000 0.9989   0.386 0.9974 1.0000 0.9987 0.7418 1.0000 1.0000 1.0000 1.0000 1.0000 1.0000 1.0000 1.0000 1.0000 1.0000 1.0000 1.0000 1.0000 1.0000 1.0000 1.0000 1.0000 1.0000 1.0000
 2556.00 0.6018 0.9716 0.6718 1.0000 1.0000 0.9270 0.9982 0.9999 0.9965 1.0000 0.9989   0.508 0.9975 1.0000 0.9950 0.6768 1.0000 1.0000 1.0000 1.0000 1.0000 1.0000 1.0000 1.0000 1.0000 1.0000 1.0000 1.0000 1.0000 1.0000 1.0000 1.0000 1.0000 1.0000 1.0000
 2557.00 0.6447 0.9971 0.7000 1.0000 1.0000 0.9286 0.9982 0.9999 0.9965 1.0000 0.9989   0.439 0.9976 1.0000 0.9018 0.7782 1.0000 1.0000 1.0000 1.0000 1.0000 1.0000 1.0000 1.0000 1.0000 1.0000 1.0000 1.0000 1.0000 1.0000 1.0000 1.0000 1.0000 1.0000 1.0000
 2558.00 0.7326 0.9977 0.7936 1.0000 1.0000 0.9302 0.9982 0.9999 0.9965 1.0000 0.9989   0.311 0.9976 1.0000 0.9909 0.8027 1.0000 1.0000 1.0000 1.0000 1.0000 1.0000 1.0000 1.0000 1.0000 1.0000 1.0000 1.0000 1.0000 1.0000 1.0000 1.0000 1.0000 1.0000 1.0000
 2559.00 0.7634 0.9990 0.8245 1.0000 1.0000 0.9318 0.9982 0.9999 0.9965 1.0000 0.9989   0.270 0.9976 1.0000 0.9983 0.8278 1.0000 1.0000 1.0000 1.0000 1.0000 1.0000 1.0000 1.0000 1.0000 1.0000 1.0000 1.0000 1.0000 1.0000 1.0000 1.0000 1.0000 1.0000 1.0000
 2560.00 0.7569 0.9991 0.8160 1.0000 1.0000 0.9334 0.9982 0.9999 0.9965 1.0000 0.9989   0.279 0.9977 1.0000 0.9663 0.8464 1.0000 1.0000 1.0000 1.0000 1.0000 1.0000 1.0000 1.0000 1.0000 1.0000 1.0000 1.0000 1.0000 1.0000 1.0000 1.0000 1.0000 1.0000 1.0000
 2561.00 0.7886 0.9990 0.8488 1.0000 1.0000 0.9350 0.9982 0.9999 0.9965 1.0000 0.9989   0.237 0.9978 1.0000 0.9797 0.8683 1.0000 1.0000 1.0000 1.0000 1.0000 1.0000 1.0000 1.0000 1.0000 1.0000 1.0000 1.0000 1.0000 1.0000 1.0000 1.0000 1.0000 1.0000 1.0000
 2562.00 0.7742 0.9510 0.8739 1.0000 1.0000 0.9366 0.9982 0.9999 0.9965 1.0000 0.9989   0.256 0.9978 1.0000 0.9756 0.8978 1.0000 1.0000 1.0000 1.0000 1.0000 1.0000 1.0000 1.0000 1.0000 1.0000 1.0000 1.0000 1.0000 1.0000 1.0000 1.0000 1.0000 1.0000 1.0000
 2563.00 0.8411 0.9912 0.9094 1.0000 1.0000 0.9383 0.9982 0.9999 0.9965 1.0000 0.9989   0.173 0.9978 1.0000 0.9781 0.9318 1.0000 1.0000 1.0000 1.0000 1.0000 1.0000 1.0000 1.0000 1.0000 1.0000 1.0000 1.0000 1.0000 1.0000 1.0000 1.0000 1.0000 1.0000 1.0000
 2564.00 0.7298 0.8429 0.9261 1.0000 1.0000 0.9399 0.9981 0.9999 0.9965 1.0000 0.9989   0.315 0.9979 1.0000 0.9986 0.9294 1.0000 1.0000 1.0000 1.0000 1.0000 1.0000 1.0000 1.0000 1.0000 1.0000 1.0000 1.0000 1.0000 1.0000 1.0000 1.0000 1.0000 1.0000 1.0000
 2565.00 0.7497 0.9009 0.8887 1.0000 1.0000 0.9415 0.9981 0.9999 0.9965 1.0000 0.9989   0.288 0.9979 1.0000 0.9982 0.8922 1.0000 1.0000 1.0000 1.0000 1.0000 1.0000 1.0000 1.0000 1.0000 1.0000 1.0000 1.0000 1.0000 1.0000 1.0000 1.0000 1.0000 1.0000 1.0000
 2566.00 0.7942 0.9934 0.8531 1.0000 1.0000 0.9423 0.9981 0.9999 0.9965 1.0000 0.9989   0.230 0.9979 1.0000 0.9979 0.8567 1.0000 1.0000 1.0000 1.0000 1.0000 1.0000 1.0000 1.0000 1.0000 1.0000 1.0000 1.0000 1.0000 1.0000 1.0000 1.0000 1.0000 1.0000 1.0000
 2567.00 0.6814 0.9895 0.7342 1.0000 1.0000 0.9431 0.9981 0.9999 0.9965 1.0000 0.9989   0.384 0.9980 1.0000 0.9889 0.7440 1.0000 1.0000 1.0000 1.0000 1.0000 1.0000 1.0000 1.0000 1.0000 1.0000 1.0000 1.0000 1.0000 1.0000 1.0000 1.0000 1.0000 1.0000 1.0000
 2568.00 0.7081 0.9983 0.7556 1.0000 1.0000 0.9439 0.9981 0.9999 0.9965 1.0000 0.9989   0.345 0.9980 1.0000 0.9717 0.7792 1.0000 1.0000 1.0000 1.0000 1.0000 1.0000 1.0000 1.0000 1.0000 1.0000 1.0000 1.0000 1.0000 1.0000 1.0000 1.0000 1.0000 1.0000 1.0000
 2569.00 0.6936 0.9953 0.7418 1.0000 1.0000 0.9447 0.9981 0.9999 0.9965 1.0000 0.9989   0.366 0.9980 1.0000 0.9659 0.7695 1.0000 1.0000 1.0000 1.0000 1.0000 1.0000 1.0000 1.0000 1.0000 1.0000 1.0000 1.0000 1.0000 1.0000 1.0000 1.0000 1.0000 1.0000 1.0000
 2570.00 0.6516 0.9666 0.7168 1.0000 1.0000 0.9455 0.9980 0.9999 0.9965 1.0000 0.9989   0.428 0.9980 1.0000 0.9686 0.7416 1.0000 1.0000 1.0000 1.0000 1.0000 1.0000 1.0000 1.0000 1.0000 1.0000 1.0000 1.0000 1.0000 1.0000 1.0000 1.0000 1.0000 1.0000 1.0000
 2571.00 0.5432 0.9401 0.6140 1.0000 1.0000 0.9464 0.9980 0.9999 0.9965 1.0000 0.9989   0.610 0.9980 1.0000 0.9906 0.6210 1.0000 1.0000 1.0000 1.0000 1.0000 1.0000 1.0000 1.0000 1.0000 1.0000 1.0000 1.0000 1.0000 1.0000 1.0000 1.0000 1.0000 1.0000 1.0000
 2572.00 0.6804 0.9943 0.7265 1.0000 1.0000 0.9472 0.9980 0.9999 0.9965 1.0000 0.9989   0.385 0.9980 1.0000 0.9983 0.7293 1.0000 1.0000 1.0000 1.0000 1.0000 1.0000 1.0000 1.0000 1.0000 1.0000 1.0000 1.0000 1.0000 1.0000 1.0000 1.0000 1.0000 1.0000 1.0000
 2573.00 0.6714 0.9950 0.7157 1.0000 1.0000 0.9480 0.9980 0.9999 0.9965 1.0000 0.9989   0.398 0.9980 1.0000 0.9879 0.7260 1.0000 1.0000 1.0000 1.0000 1.0000 1.0000 1.0000 1.0000 1.0000 1.0000 1.0000 1.0000 1.0000 1.0000 1.0000 1.0000 1.0000 1.0000 1.0000
 2574.00 0.5267 0.9536 0.5853 1.0000 1.0000 0.9488 0.9980 0.9999 0.9965 1.0000 0.9989   0.641 0.9980 1.0000 0.9855 0.5951 1.0000 1.0000 1.0000 1.0000 1.0000 1.0000 1.0000 1.0000 1.0000 1.0000 1.0000 1.0000 1.0000 1.0000 1.0000 1.0000 1.0000 1.0000 1.0000
 2575.00 0.6692 0.9970 0.7108 1.0000 1.0000 0.9496 0.9979 0.9999 0.9965 1.0000 0.9989   0.402 0.9980 1.0000 0.9972 0.7142 1.0000 1.0000 1.0000 1.0000 1.0000 1.0000 1.0000 1.0000 1.0000 1.0000 1.0000 1.0000 1.0000 1.0000 1.0000 1.0000 1.0000 1.0000 1.0000
 2576.00 0.6501 0.9909 0.6942 1.0000 1.0000 0.9505 0.9979 0.9999 0.9965 1.0000 0.9989   0.431 0.9977 1.0000 0.9820 0.7085 1.0000 1.0000 1.0000 1.0000 1.0000 1.0000 1.0000 1.0000 1.0000 1.0000 1.0000 1.0000 1.0000 1.0000 1.0000 1.0000 1.0000 1.0000 1.0000
 2577.00 0.5213 0.9141 0.6029 1.0000 1.0000 0.9513 0.9979 0.9999 0.9965 1.0000 0.9989   0.651 0.9980 1.0000 0.9956 0.6069 1.0000 1.0000 1.0000 1.0000 1.0000 1.0000 1.0000 1.0000 1.0000 1.0000 1.0000 1.0000 1.0000 1.0000 1.0000 1.0000 1.0000 1.0000 1.0000
 2578.00 0.6771 0.9866 0.7250 1.0000 1.0000 0.9521 0.9979 0.9999 0.9965 1.0000 0.9989   0.390 0.9979 1.0000 0.9841 0.7383 1.0000 1.0000 1.0000 1.0000 1.0000 1.0000 1.0000 1.0000 1.0000 1.0000 1.0000 1.0000 1.0000 1.0000 1.0000 1.0000 1.0000 1.0000 1.0000
 2579.00 0.4913 0.8584 0.6041 1.0000 1.0000 0.9529 0.9979 0.9999 0.9965 1.0000 0.9989   0.711 0.9978 1.0000 0.9792 0.6183 1.0000 1.0000 1.0000 1.0000 1.0000 1.0000 1.0000 1.0000 1.0000 1.0000 1.0000 1.0000 1.0000 1.0000 1.0000 1.0000 1.0000 1.0000 1.0000
 2580.00 0.6893 0.9935 0.7316 1.0000 1.0000 0.9537 0.9978 0.9999 0.9965 1.0000 0.9989   0.372 0.9974 1.0000 0.9972 0.7355 1.0000 1.0000 1.0000 1.0000 1.0000 1.0000 1.0000 1.0000 1.0000 1.0000 1.0000 1.0000 1.0000 1.0000 1.0000 1.0000 1.0000 1.0000 1.0000
 2581.00 0.5541 0.9117 0.6401 1.0000 1.0000 0.9550 0.9978 0.9999 0.9965 1.0000 0.9989   0.590 0.9977 1.0000 0.9948 0.6450 1.0000 1.0000 1.0000 1.0000 1.0000 1.0000 1.0000 1.0000 1.0000 1.0000 1.0000 1.0000 1.0000 1.0000 1.0000 1.0000 1.0000 1.0000 1.0000
 2582.00 0.6244 0.8858 0.7415 1.0000 1.0000 0.9562 0.9978 0.9999 0.9965 1.0000 0.9989   0.471 0.9975 1.0000 0.9707 0.7657 1.0000 1.0000 1.0000 1.0000 1.0000 1.0000 1.0000 1.0000 1.0000 1.0000 1.0000 1.0000 1.0000 1.0000 1.0000 1.0000 1.0000 1.0000 1.0000
 2583.00 0.6319 0.9848 0.6740 1.0000 1.0000 0.9574 0.9978 0.9999 0.9965 1.0000 0.9989   0.459 0.9967 1.0000 0.9873 0.6850 1.0000 1.0000 1.0000 1.0000 1.0000 1.0000 1.0000 1.0000 1.0000 1.0000 1.0000 1.0000 1.0000 1.0000 1.0000 1.0000 1.0000 1.0000 1.0000
 2584.00 0.7302 0.9974 0.7681 1.0000 1.0000 0.9587 0.9977 0.9999 0.9965 1.0000 0.9989   0.314 0.9973 1.0000 0.9889 0.7788 1.0000 1.0000 1.0000 1.0000 1.0000 1.0000 1.0000 1.0000 1.0000 1.0000 1.0000 1.0000 1.0000 1.0000 1.0000 1.0000 1.0000 1.0000 1.0000
 2585.00 0.6131 0.9261 0.6937 1.0000 1.0000 0.9599 0.9977 0.9999 0.9965 1.0000 0.9990   0.489 0.9971 1.0000 0.9639 0.7217 1.0000 1.0000 1.0000 1.0000 1.0000 1.0000 1.0000 1.0000 1.0000 1.0000 1.0000 1.0000 1.0000 1.0000 1.0000 1.0000 1.0000 1.0000 1.0000
 2586.00 0.7803 0.9909 0.8242 1.0000 1.0000 0.9612 0.9977 0.9999 0.9965 1.0000 0.9990   0.248 0.9956 1.0000 0.9958 0.8313 1.0000 1.0000 1.0000 1.0000 1.0000 1.0000 1.0000 1.0000 1.0000 1.0000 1.0000 1.0000 1.0000 1.0000 1.0000 1.0000 1.0000 1.0000 1.0000
 2587.00 0.7128 0.9971 0.7472 1.0000 1.0000 0.9624 0.9977 0.9999 0.9965 1.0000 0.9990   0.339 0.9966 1.0000 0.9867 0.7599 1.0000 1.0000 1.0000 1.0000 1.0000 1.0000 1.0000 1.0000 1.0000 1.0000 1.0000 1.0000 1.0000 1.0000 1.0000 1.0000 1.0000 1.0000 1.0000
 2588.00 0.7514 0.9933 0.7897 1.0000 1.0000 0.9636 0.9976 0.9999 0.9965 1.0000 0.9990   0.286 0.9963 1.0000 0.9887 0.8017 1.0000 1.0000 1.0000 1.0000 1.0000 1.0000 1.0000 1.0000 1.0000 1.0000 1.0000 1.0000 1.0000 1.0000 1.0000 1.0000 1.0000 1.0000 1.0000
 2589.00 0.7446 0.8988 0.8637 1.0000 1.0000 0.9649 0.9976 0.9999 0.9965 1.0000 0.9990   0.295 0.9962 1.0000 0.9802 0.8846 1.0000 1.0000 1.0000 1.0000 1.0000 1.0000 1.0000 1.0000 1.0000 1.0000 1.0000 1.0000 1.0000 1.0000 1.0000 1.0000 1.0000 1.0000 1.0000
 2590.00 0.7463 0.9429 0.8242 1.0000 1.0000 0.9661 0.9976 0.9999 0.9965 1.0000 0.9990   0.293 0.9934 1.0000 0.9945 0.8343 1.0000 1.0000 1.0000 1.0000 1.0000 1.0000 1.0000 1.0000 1.0000 1.0000 1.0000 1.0000 1.0000 1.0000 1.0000 1.0000 1.0000 1.0000 1.0000
 2591.00 0.6421 0.7688 0.8693 1.0000 1.0000 0.9665 0.9976 0.9999 0.9965 1.0000 0.9990   0.443 0.9952 1.0000 0.9946 0.8782 1.0000 1.0000 1.0000 1.0000 1.0000 1.0000 1.0000 1.0000 1.0000 1.0000 1.0000 1.0000 1.0000 1.0000 1.0000 1.0000 1.0000 1.0000 1.0000
 2592.00 0.8286 0.9737 0.8854 1.0000 1.0000 0.9670 0.9975 0.9999 0.9965 1.0000 0.9990   0.188 0.9949 1.0000 0.9964 0.8932 1.0000 1.0000 1.0000 1.0000 1.0000 1.0000 1.0000 1.0000 1.0000 1.0000 1.0000 1.0000 1.0000 1.0000 1.0000 1.0000 1.0000 1.0000 1.0000
 2593.00 0.7367 0.8596 0.8913 1.0000 1.0000 0.9674 0.9975 0.9999 0.9965 1.0000 0.9990   0.306 0.9911 1.0000 0.9884 0.9098 1.0000 1.0000 1.0000 1.0000 1.0000 1.0000 1.0000 1.0000 1.0000 1.0000 1.0000 1.0000 1.0000 1.0000 1.0000 1.0000 1.0000 1.0000 1.0000
 2594.00 0.8023 0.8889 0.9384 1.0000 1.0000 0.9678 0.9975 0.9999 0.9965 1.0000 0.9990   0.220 0.9938 1.0000 0.9946 0.9494 1.0000 1.0000 1.0000 1.0000 1.0000 1.0000 1.0000 1.0000 1.0000 1.0000 1.0000 1.0000 1.0000 1.0000 1.0000 1.0000 1.0000 1.0000 1.0000
 2595.00 0.8736 0.9934 0.9138 1.0000 1.0000 0.9682 0.9974 0.9999 0.9965 1.0000 0.9990   0.135 0.9934 1.0000 0.9916 0.9277 1.0000 1.0000 1.0000 1.0000 1.0000 1.0000 1.0000 1.0000 1.0000 1.0000 1.0000 1.0000 1.0000 1.0000 1.0000 1.0000 1.0000 1.0000 1.0000
 2596.00 0.8830 0.9875 0.9288 1.0000 1.0000 0.9686 0.9974 0.9999 0.9965 1.0000 0.9990   0.124 0.9888 1.0000 0.9839 0.9548 1.0000 1.0000 1.0000 1.0000 1.0000 1.0000 1.0000 1.0000 1.0000 1.0000 1.0000 1.0000 1.0000 1.0000 1.0000 1.0000 1.0000 1.0000 1.0000
 2597.00 0.7652 0.8687 0.9147 1.0000 1.0000 0.9690 0.9974 0.9999 0.9965 1.0000 0.9990   0.268 0.9924 1.0000 0.9698 0.9503 1.0000 1.0000 1.0000 1.0000 1.0000 1.0000 1.0000 1.0000 1.0000 1.0000 1.0000 1.0000 1.0000 1.0000 1.0000 1.0000 1.0000 1.0000 1.0000
 2598.00 0.8858 0.9951 0.9240 1.0000 1.0000 0.9695 0.9974 0.9999 0.9965 1.0000 0.9990   0.121 0.9921 1.0000 0.9674 0.9628 1.0000 1.0000 1.0000 1.0000 1.0000 1.0000 1.0000 1.0000 1.0000 1.0000 1.0000 1.0000 1.0000 1.0000 1.0000 1.0000 1.0000 1.0000 1.0000
 2599.00 0.8364 0.9953 0.8718 1.0000 1.0000 0.9699 0.9973 0.9999 0.9965 1.0000 0.9990   0.179 0.9866 1.0000 0.9093 0.9718 1.0000 1.0000 1.0000 1.0000 1.0000 1.0000 1.0000 1.0000 1.0000 1.0000 1.0000 1.0000 1.0000 1.0000 1.0000 1.0000 1.0000 1.0000 1.0000
 2600.00 0.8457 0.9853 0.8902 1.0000 1.0000 0.9703 0.9973 0.9999 0.9965 1.0000 0.9990   0.168 0.9915 1.0000 0.9183 0.9778 1.0000 1.0000 1.0000 1.0000 1.0000 1.0000 1.0000 1.0000 1.0000 1.0000 1.0000 1.0000 1.0000 1.0000 1.0000 1.0000 1.0000 1.0000 1.0000
 2601.00 0.7601 0.8218 0.9585 1.0000 1.0000 0.9711 0.9973 0.9999 0.9965 1.0000 0.9990   0.274 0.9911 1.0000 0.9856 0.9811 1.0000 1.0000 1.0000 1.0000 1.0000 1.0000 1.0000 1.0000 1.0000 1.0000 1.0000 1.0000 1.0000 1.0000 1.0000 1.0000 1.0000 1.0000 1.0000
 2602.00 0.8839 0.9942 0.9206 1.0000 1.0000 0.9720 0.9972 0.9999 0.9965 1.0000 0.9990   0.123 0.9855 1.0000 0.9496 0.9837 1.0000 1.0000 1.0000 1.0000 1.0000 1.0000 1.0000 1.0000 1.0000 1.0000 1.0000 1.0000 1.0000 1.0000 1.0000 1.0000 1.0000 1.0000 1.0000
 2603.00 0.9158 0.9970 0.9504 1.0000 1.0000 0.9728 0.9972 0.9999 0.9965 1.0000 0.9990   0.088 0.9910 1.0000 0.9735 0.9851 1.0000 1.0000 1.0000 1.0000 1.0000 1.0000 1.0000 1.0000 1.0000 1.0000 1.0000 1.0000 1.0000 1.0000 1.0000 1.0000 1.0000 1.0000 1.0000
 2604.00 0.8961 0.9912 0.9344 1.0000 1.0000 0.9737 0.9972 0.9999 0.9965 1.0000 0.9990   0.110 0.9910 1.0000 0.9525 0.9898 1.0000 1.0000 1.0000 1.0000 1.0000 1.0000 1.0000 1.0000 1.0000 1.0000 1.0000 1.0000 1.0000 1.0000 1.0000 1.0000 1.0000 1.0000 1.0000
 2605.00 0.8127 0.8672 0.9679 1.0000 1.0000 0.9745 0.9971 0.9999 0.9965 1.0000 0.9990   0.207 0.9858 1.0000 0.9905 0.9913 1.0000 1.0000 1.0000 1.0000 1.0000 1.0000 1.0000 1.0000 1.0000 1.0000 1.0000 1.0000 1.0000 1.0000 1.0000 1.0000 1.0000 1.0000 1.0000
 2606.00 0.7532 0.7957 0.9768 1.0000 1.0000 0.9753 0.9971 0.9999 0.9965 1.0000 0.9990   0.283 0.9917 1.0000 0.9926 0.9923 1.0000 1.0000 1.0000 1.0000 1.0000 1.0000 1.0000 1.0000 1.0000 1.0000 1.0000 1.0000 1.0000 1.0000 1.0000 1.0000 1.0000 1.0000 1.0000
 2607.00 0.7447 0.7887 0.9736 1.0000 1.0000 0.9762 0.9971 0.9999 0.9965 1.0000 0.9990   0.295 0.9920 1.0000 0.9879 0.9934 1.0000 1.0000 1.0000 1.0000 1.0000 1.0000 1.0000 1.0000 1.0000 1.0000 1.0000 1.0000 1.0000 1.0000 1.0000 1.0000 1.0000 1.0000 1.0000
 2608.00 0.5194 0.5475 0.9774 1.0000 1.0000 0.9770 0.9970 0.9999 0.9965 1.0000 0.9990   0.655 0.9883 1.0000 0.9927 0.9962 1.0000 1.0000 1.0000 1.0000 1.0000 1.0000 1.0000 1.0000 1.0000 1.0000 1.0000 1.0000 1.0000 1.0000 1.0000 1.0000 1.0000 1.0000 1.0000
 2609.00 0.9062 0.9623 0.9693 1.0000 1.0000 0.9779 0.9970 0.9999 0.9965 1.0000 0.9990   0.099 0.9934 1.0000 0.9797 0.9960 1.0000 1.0000 1.0000 1.0000 1.0000 1.0000 1.0000 1.0000 1.0000 1.0000 1.0000 1.0000 1.0000 1.0000 1.0000 1.0000 1.0000 1.0000 1.0000
 2610.00 0.9425 0.9859 0.9833 1.0000 1.0000 0.9787 0.9970 0.9999 0.9965 1.0000 0.9990   0.059 0.9940 1.0000 0.9918 0.9974 1.0000 1.0000 1.0000 1.0000 1.0000 1.0000 1.0000 1.0000 1.0000 1.0000 1.0000 1.0000 1.0000 1.0000 1.0000 1.0000 1.0000 1.0000 1.0000
 2611.00 0.9505 0.9878 0.9893 1.0000 1.0000 0.9791 0.9970 0.9999 0.9965 1.0000 0.9990   0.051 0.9925 1.0000 0.9990 0.9977 1.0000 1.0000 1.0000 1.0000 1.0000 1.0000 1.0000 1.0000 1.0000 1.0000 1.0000 1.0000 1.0000 1.0000 1.0000 1.0000 1.0000 1.0000 1.0000
 2612.00 0.9322 0.9635 0.9943 1.0000 1.0000 0.9795 0.9969 0.9999 0.9965 1.0000 0.9990   0.070 0.9962 1.0000 0.9996 0.9986 1.0000 1.0000 1.0000 1.0000 1.0000 1.0000 1.0000 1.0000 1.0000 1.0000 1.0000 1.0000 1.0000 1.0000 1.0000 1.0000 1.0000 1.0000 1.0000
 2613.00 0.8315 0.8588 0.9948 1.0000 1.0000 0.9800 0.9969 0.9999 0.9965 1.0000 0.9990   0.184 0.9969 1.0000 0.9992 0.9986 1.0000 1.0000 1.0000 1.0000 1.0000 1.0000 1.0000 1.0000 1.0000 1.0000 1.0000 1.0000 1.0000 1.0000 1.0000 1.0000 1.0000 1.0000 1.0000
 2614.00 0.9467 0.9920 0.9800 1.0000 1.0000 0.9804 0.9969 0.9999 0.9965 1.0000 0.9990   0.055 0.9980 1.0000 0.9830 0.9989 1.0000 1.0000 1.0000 1.0000 1.0000 1.0000 1.0000 1.0000 1.0000 1.0000 1.0000 1.0000 1.0000 1.0000 1.0000 1.0000 1.0000 1.0000 1.0000
 2615.00 0.9426 0.9977 0.9699 1.0000 1.0000 0.9808 0.9968 0.9999 0.9965 1.0000 0.9990   0.059 0.9979 1.0000 0.9725 0.9994 1.0000 1.0000 1.0000 1.0000 1.0000 1.0000 1.0000 1.0000 1.0000 1.0000 1.0000 1.0000 1.0000 1.0000 1.0000 1.0000 1.0000 1.0000 1.0000
 2616.00 0.9654 0.9976 0.9929 1.0000 1.0000 0.9812 0.9968 0.9999 0.9965 1.0000 0.9990   0.035 0.9952 1.0000 0.9984 0.9994 1.0000 1.0000 1.0000 1.0000 1.0000 1.0000 1.0000 1.0000 1.0000 1.0000 1.0000 1.0000 1.0000 1.0000 1.0000 1.0000 1.0000 1.0000 1.0000
 2617.00 0.9646 0.9971 0.9922 1.0000 1.0000 0.9817 0.9968 0.9999 0.9965 1.0000 0.9990   0.036 0.9958 1.0000 0.9969 0.9995 1.0000 1.0000 1.0000 1.0000 1.0000 1.0000 1.0000 1.0000 1.0000 1.0000 1.0000 1.0000 1.0000 1.0000 1.0000 1.0000 1.0000 1.0000 1.0000
 2618.00 0.9005 0.9878 0.9347 1.0000 1.0000 0.9821 0.9967 0.9999 0.9965 1.0000 0.9990   0.105 0.9950 1.0000 0.9396 0.9998 1.0000 1.0000 1.0000 1.0000 1.0000 1.0000 1.0000 1.0000 1.0000 1.0000 1.0000 1.0000 1.0000 1.0000 1.0000 1.0000 1.0000 1.0000 1.0000
 2619.00 0.9315 0.9744 0.9798 1.0000 1.0000 0.9825 0.9967 0.9999 0.9965 1.0000 0.9990   0.071 0.9903 1.0000 0.9896 0.9997 1.0000 1.0000 1.0000 1.0000 1.0000 1.0000 1.0000 1.0000 1.0000 1.0000 1.0000 1.0000 1.0000 1.0000 1.0000 1.0000 1.0000 1.0000 1.0000
 2620.00 0.7312 0.7657 0.9784 1.0000 1.0000 0.9829 0.9967 0.9999 0.9965 1.0000 0.9990   0.313 0.9929 1.0000 0.9855 0.9998 1.0000 1.0000 1.0000 1.0000 1.0000 1.0000 1.0000 1.0000 1.0000 1.0000 1.0000 1.0000 1.0000 1.0000 1.0000 1.0000 1.0000 1.0000 1.0000
 2621.00 0.9184 0.9487 0.9915 1.0000 1.0000 0.9832 0.9967 0.9999 0.9965 1.0000 0.9990   0.085 0.9925 1.0000 0.9991 0.9999 1.0000 1.0000 1.0000 1.0000 1.0000 1.0000 1.0000 1.0000 1.0000 1.0000 1.0000 1.0000 1.0000 1.0000 1.0000 1.0000 1.0000 1.0000 1.0000
 2622.00 0.4667 0.4866 0.9820 1.0000 1.0000 0.9834 0.9966 0.9999 0.9965 1.0000 0.9990   0.762 0.9866 1.0000 0.9954 0.9999 1.0000 1.0000 1.0000 1.0000 1.0000 1.0000 1.0000 1.0000 1.0000 1.0000 1.0000 1.0000 1.0000 1.0000 1.0000 1.0000 1.0000 1.0000 1.0000
 2623.00 0.6719 0.7158 0.9610 1.0000 1.0000 0.9837 0.9966 0.9999 0.9965 1.0000 0.9990   0.398 0.9911 1.0000 0.9697 0.9999 1.0000 1.0000 1.0000 1.0000 1.0000 1.0000 1.0000 1.0000 1.0000 1.0000 1.0000 1.0000 1.0000 1.0000 1.0000 1.0000 1.0000 1.0000 1.0000
 2624.00 0.7737 0.8055 0.9831 1.0000 1.0000 0.9839 0.9966 0.9999 0.9965 1.0000 0.9990   0.257 0.9848 1.0000 0.9982 1.0000 1.0000 1.0000 1.0000 1.0000 1.0000 1.0000 1.0000 1.0000 1.0000 1.0000 1.0000 1.0000 1.0000 1.0000 1.0000 1.0000 1.0000 1.0000 1.0000
 2625.00 0.6595 0.6846 0.9857 1.0000 1.0000 0.9842 0.9965 0.9999 0.9965 1.0000 0.9990   0.416 0.9905 1.0000 0.9952 1.0000 1.0000 1.0000 1.0000 1.0000 1.0000 1.0000 1.0000 1.0000 1.0000 1.0000 1.0000 1.0000 1.0000 1.0000 1.0000 1.0000 1.0000 1.0000 1.0000
 2626.00 0.9179 0.9731 0.9650 1.0000 1.0000 0.9844 0.9965 0.9999 0.9965 1.0000 0.9990   0.086 0.9906 1.0000 0.9743 1.0000 1.0000 1.0000 1.0000 1.0000 1.0000 1.0000 1.0000 1.0000 1.0000 1.0000 1.0000 1.0000 1.0000 1.0000 1.0000 1.0000 1.0000 1.0000 1.0000
 2627.00 0.9513 0.9908 0.9821 1.0000 1.0000 0.9847 0.9965 0.9999 0.9965 1.0000 0.9990   0.050 0.9843 1.0000 0.9977 1.0000 1.0000 1.0000 1.0000 1.0000 1.0000 1.0000 1.0000 1.0000 1.0000 1.0000 1.0000 1.0000 1.0000 1.0000 1.0000 1.0000 1.0000 1.0000 1.0000
 2628.00 0.7892 0.8258 0.9772 1.0000 1.0000 0.9850 0.9964 0.9999 0.9965 1.0000 0.9990   0.237 0.9906 1.0000 0.9865 1.0000 1.0000 1.0000 1.0000 1.0000 1.0000 1.0000 1.0000 1.0000 1.0000 1.0000 1.0000 1.0000 1.0000 1.0000 1.0000 1.0000 1.0000 1.0000 1.0000
 2629.00 0.9032 0.9584 0.9635 1.0000 1.0000 0.9852 0.9964 0.9999 0.9965 1.0000 0.9990   0.102 0.9911 1.0000 0.9721 1.0000 1.0000 1.0000 1.0000 1.0000 1.0000 1.0000 1.0000 1.0000 1.0000 1.0000 1.0000 1.0000 1.0000 1.0000 1.0000 1.0000 1.0000 1.0000 1.0000
 2630.00 0.9232 0.9735 0.9693 1.0000 1.0000 0.9855 0.9964 0.9999 0.9965 1.0000 0.9990   0.080 0.9855 1.0000 0.9835 1.0000 1.0000 1.0000 1.0000 1.0000 1.0000 1.0000 1.0000 1.0000 1.0000 1.0000 1.0000 1.0000 1.0000 1.0000 1.0000 1.0000 1.0000 1.0000 1.0000
 2631.00 0.9338 0.9947 0.9594 1.0000 1.0000 0.9856 0.9964 0.9999 0.9965 1.0000 0.9990   0.068 0.9914 1.0000 0.9677 1.0000 1.0000 1.0000 1.0000 1.0000 1.0000 1.0000 1.0000 1.0000 1.0000 1.0000 1.0000 1.0000 1.0000 1.0000 1.0000 1.0000 1.0000 1.0000 1.0000
 2632.00 0.9538 0.9908 0.9836 1.0000 1.0000 0.9858 0.9963 0.9999 0.9965 1.0000 0.9990   0.047 0.9874 1.0000 0.9961 1.0000 1.0000 1.0000 1.0000 1.0000 1.0000 1.0000 1.0000 1.0000 1.0000 1.0000 1.0000 1.0000 1.0000 1.0000 1.0000 1.0000 1.0000 1.0000 1.0000
 2633.00 0.8895 0.9877 0.9201 1.0000 1.0000 0.9860 0.9963 0.9999 0.9965 1.0000 0.9990   0.117 0.9927 1.0000 0.9269 1.0000 1.0000 1.0000 1.0000 1.0000 1.0000 1.0000 1.0000 1.0000 1.0000 1.0000 1.0000 1.0000 1.0000 1.0000 1.0000 1.0000 1.0000 1.0000 1.0000
 2634.00 0.9397 0.9864 0.9732 1.0000 1.0000 0.9861 0.9963 0.9999 0.9965 1.0000 0.9990   0.062 0.9931 1.0000 0.9799 1.0000 1.0000 1.0000 1.0000 1.0000 1.0000 1.0000 1.0000 1.0000 1.0000 1.0000 1.0000 1.0000 1.0000 1.0000 1.0000 1.0000 1.0000 1.0000 1.0000
 2635.00 0.8944 0.9401 0.9717 1.0000 1.0000 0.9863 0.9963 0.9999 0.9965 1.0000 0.9990   0.112 0.9901 1.0000 0.9815 1.0000 1.0000 1.0000 1.0000 1.0000 1.0000 1.0000 1.0000 1.0000 1.0000 1.0000 1.0000 1.0000 1.0000 1.0000 1.0000 1.0000 1.0000 1.0000 1.0000
 2636.00 0.7211 0.7558 0.9744 1.0000 1.0000 0.9865 0.9963 0.9999 0.9965 1.0000 0.9991   0.327 0.9943 1.0000 0.9799 1.0000 1.0000 1.0000 1.0000 1.0000 1.0000 1.0000 1.0000 1.0000 1.0000 1.0000 1.0000 1.0000 1.0000 1.0000 1.0000 1.0000 1.0000 1.0000 1.0000
 2637.00 0.6929 0.7259 0.9746 1.0000 1.0000 0.9867 0.9962 0.9999 0.9965 1.0000 0.9991   0.367 0.9920 1.0000 0.9825 1.0000 1.0000 1.0000 1.0000 1.0000 1.0000 1.0000 1.0000 1.0000 1.0000 1.0000 1.0000 1.0000 1.0000 1.0000 1.0000 1.0000 1.0000 1.0000 1.0000
 2638.00 0.7952 0.8397 0.9668 1.0000 1.0000 0.9868 0.9962 0.9999 0.9965 1.0000 0.9991   0.229 0.9957 1.0000 0.9710 1.0000 1.0000 1.0000 1.0000 1.0000 1.0000 1.0000 1.0000 1.0000 1.0000 1.0000 1.0000 1.0000 1.0000 1.0000 1.0000 1.0000 1.0000 1.0000 1.0000
 2639.00 0.6100 0.6491 0.9593 1.0000 1.0000 0.9870 0.9962 0.9999 0.9965 1.0000 0.9991   0.494 0.9940 1.0000 0.9651 1.0000 1.0000 1.0000 1.0000 1.0000 1.0000 1.0000 1.0000 1.0000 1.0000 1.0000 1.0000 1.0000 1.0000 1.0000 1.0000 1.0000 1.0000 1.0000 1.0000
 2640.00 0.9208 0.9578 0.9812 1.0000 1.0000 0.9872 0.9962 0.9999 0.9965 1.0000 0.9991   0.083 0.9966 1.0000 0.9845 1.0000 1.0000 1.0000 1.0000 1.0000 1.0000 1.0000 1.0000 1.0000 1.0000 1.0000 1.0000 1.0000 1.0000 1.0000 1.0000 1.0000 1.0000 1.0000 1.0000
 2641.00 0.9462 0.9803 0.9852 1.0000 1.0000 0.9872 0.9962 0.9999 0.9965 1.0000 0.9991   0.055 0.9971 1.0000 0.9880 1.0000 1.0000 1.0000 1.0000 1.0000 1.0000 1.0000 1.0000 1.0000 1.0000 1.0000 1.0000 1.0000 1.0000 1.0000 1.0000 1.0000 1.0000 1.0000 1.0000
 2642.00 0.6401 0.6801 0.9606 1.0000 1.0000 0.9872 0.9961 0.9999 0.9965 1.0000 0.9991   0.446 0.9960 1.0000 0.9645 1.0000 1.0000 1.0000 1.0000 1.0000 1.0000 1.0000 1.0000 1.0000 1.0000 1.0000 1.0000 1.0000 1.0000 1.0000 1.0000 1.0000 1.0000 1.0000 1.0000
 2643.00 0.8180 0.8521 0.9798 1.0000 1.0000 0.9872 0.9961 0.9999 0.9965 1.0000 0.9991   0.201 0.9977 1.0000 0.9821 1.0000 1.0000 1.0000 1.0000 1.0000 1.0000 1.0000 1.0000 1.0000 1.0000 1.0000 1.0000 1.0000 1.0000 1.0000 1.0000 1.0000 1.0000 1.0000 1.0000
 2644.00 0.7694 0.7956 0.9870 1.0000 1.0000 0.9872 0.9961 0.9999 0.9965 1.0000 0.9991   0.262 0.9969 1.0000 0.9901 1.0000 1.0000 1.0000 1.0000 1.0000 1.0000 1.0000 1.0000 1.0000 1.0000 1.0000 1.0000 1.0000 1.0000 1.0000 1.0000 1.0000 1.0000 1.0000 1.0000
 2645.00 0.9133 0.9467 0.9847 1.0000 1.0000 0.9872 0.9961 0.9999 0.9965 1.0000 0.9991   0.091 0.9981 1.0000 0.9865 1.0000 1.0000 1.0000 1.0000 1.0000 1.0000 1.0000 1.0000 1.0000 1.0000 1.0000 1.0000 1.0000 1.0000 1.0000 1.0000 1.0000 1.0000 1.0000 1.0000
 2646.00 0.9297 0.9807 0.9677 1.0000 1.0000 0.9871 0.9961 0.9999 0.9965 1.0000 0.9991   0.073 0.9978 1.0000 0.9699 1.0000 1.0000 1.0000 1.0000 1.0000 1.0000 1.0000 1.0000 1.0000 1.0000 1.0000 1.0000 1.0000 1.0000 1.0000 1.0000 1.0000 1.0000 1.0000 1.0000
 2647.00 0.9383 0.9802 0.9773 1.0000 1.0000 0.9870 0.9961 0.9999 0.9965 1.0000 0.9991   0.064 0.9982 1.0000 0.9790 1.0000 1.0000 1.0000 1.0000 1.0000 1.0000 1.0000 1.0000 1.0000 1.0000 1.0000 1.0000 1.0000 1.0000 1.0000 1.0000 1.0000 1.0000 1.0000 1.0000
 2648.00 0.9264 0.9535 0.9920 1.0000 1.0000 0.9870 0.9960 0.9999 0.9965 1.0000 0.9991   0.076 0.9985 1.0000 0.9934 1.0000 1.0000 1.0000 1.0000 1.0000 1.0000 1.0000 1.0000 1.0000 1.0000 1.0000 1.0000 1.0000 1.0000 1.0000 1.0000 1.0000 1.0000 1.0000 1.0000
 2649.00 0.6668 0.6899 0.9869 1.0000 1.0000 0.9869 0.9960 0.9999 0.9965 1.0000 0.9991   0.405 0.9981 1.0000 0.9888 1.0000 1.0000 1.0000 1.0000 1.0000 1.0000 1.0000 1.0000 1.0000 1.0000 1.0000 1.0000 1.0000 1.0000 1.0000 1.0000 1.0000 1.0000 1.0000 1.0000
 2650.00 0.8681 0.9215 0.9620 1.0000 1.0000 0.9868 0.9960 0.9999 0.9965 1.0000 0.9991   0.141 0.9987 1.0000 0.9632 1.0000 1.0000 1.0000 1.0000 1.0000 1.0000 1.0000 1.0000 1.0000 1.0000 1.0000 1.0000 1.0000 1.0000 1.0000 1.0000 1.0000 1.0000 1.0000 1.0000
 2651.00 0.9138 0.9532 0.9789 1.0000 1.0000 0.9869 0.9960 0.9999 0.9965 1.0000 0.9991   0.090 0.9986 1.0000 0.9802 1.0000 1.0000 1.0000 1.0000 1.0000 1.0000 1.0000 1.0000 1.0000 1.0000 1.0000 1.0000 1.0000 1.0000 1.0000 1.0000 1.0000 1.0000 1.0000 1.0000
 2652.00 0.6092 0.6408 0.9708 1.0000 1.0000 0.9870 0.9960 0.9999 0.9965 1.0000 0.9991   0.496 0.9985 1.0000 0.9722 1.0000 1.0000 1.0000 1.0000 1.0000 1.0000 1.0000 1.0000 1.0000 1.0000 1.0000 1.0000 1.0000 1.0000 1.0000 1.0000 1.0000 1.0000 1.0000 1.0000
 2653.00 0.9275 0.9577 0.9887 1.0000 1.0000 0.9870 0.9960 0.9999 0.9965 1.0000 0.9991   0.075 0.9988 1.0000 0.9899 1.0000 1.0000 1.0000 1.0000 1.0000 1.0000 1.0000 1.0000 1.0000 1.0000 1.0000 1.0000 1.0000 1.0000 1.0000 1.0000 1.0000 1.0000 1.0000 1.0000
 2654.00 0.9414 0.9659 0.9950 1.0000 1.0000 0.9871 0.9960 0.9999 0.9965 1.0000 0.9991   0.060 0.9990 1.0000 0.9960 1.0000 1.0000 1.0000 1.0000 1.0000 1.0000 1.0000 1.0000 1.0000 1.0000 1.0000 1.0000 1.0000 1.0000 1.0000 1.0000 1.0000 1.0000 1.0000 1.0000
 2655.00 0.7183 0.7526 0.9744 1.0000 1.0000 0.9872 0.9960 0.9999 0.9965 1.0000 0.9991   0.331 0.9986 1.0000 0.9757 1.0000 1.0000 1.0000 1.0000 1.0000 1.0000 1.0000 1.0000 1.0000 1.0000 1.0000 1.0000 1.0000 1.0000 1.0000 1.0000 1.0000 1.0000 1.0000 1.0000
 2656.00 0.8321 0.9155 0.9278 1.0000 1.0000 0.9872 0.9960 0.9999 0.9965 1.0000 0.9991   0.184 0.9991 1.0000 0.9286 1.0000 1.0000 1.0000 1.0000 1.0000 1.0000 1.0000 1.0000 1.0000 1.0000 1.0000 1.0000 1.0000 1.0000 1.0000 1.0000 1.0000 1.0000 1.0000 1.0000
 2657.00 0.7077 0.7340 0.9841 1.0000 1.0000 0.9873 0.9960 0.9999 0.9965 1.0000 0.9991   0.346 0.9991 1.0000 0.9850 1.0000 1.0000 1.0000 1.0000 1.0000 1.0000 1.0000 1.0000 1.0000 1.0000 1.0000 1.0000 1.0000 1.0000 1.0000 1.0000 1.0000 1.0000 1.0000 1.0000
 2658.00 0.8854 0.9237 0.9784 1.0000 1.0000 0.9873 0.9960 0.9999 0.9965 1.0000 0.9991   0.122 0.9989 1.0000 0.9795 1.0000 1.0000 1.0000 1.0000 1.0000 1.0000 1.0000 1.0000 1.0000 1.0000 1.0000 1.0000 1.0000 1.0000 1.0000 1.0000 1.0000 1.0000 1.0000 1.0000
 2659.00 0.7529 0.7730 0.9940 1.0000 1.0000 0.9874 0.9960 0.9999 0.9965 1.0000 0.9991   0.284 0.9992 1.0000 0.9948 1.0000 1.0000 1.0000 1.0000 1.0000 1.0000 1.0000 1.0000 1.0000 1.0000 1.0000 1.0000 1.0000 1.0000 1.0000 1.0000 1.0000 1.0000 1.0000 1.0000
 2660.00 0.8619 0.8860 0.9928 1.0000 1.0000 0.9874 0.9960 0.9999 0.9965 1.0000 0.9991   0.149 0.9992 1.0000 0.9936 1.0000 1.0000 1.0000 1.0000 1.0000 1.0000 1.0000 1.0000 1.0000 1.0000 1.0000 1.0000 1.0000 1.0000 1.0000 1.0000 1.0000 1.0000 1.0000 1.0000
 2661.00 0.7790 0.7966 0.9979 1.0000 1.0000 0.9876 0.9960 0.9999 0.9965 1.0000 0.9991   0.250 0.9991 1.0000 0.9988 1.0000 1.0000 1.0000 1.0000 1.0000 1.0000 1.0000 1.0000 1.0000 1.0000 1.0000 1.0000 1.0000 1.0000 1.0000 1.0000 1.0000 1.0000 1.0000 1.0000
 2662.00 0.9359 0.9613 0.9932 1.0000 1.0000 0.9879 0.9960 0.9999 0.9964 1.0000 0.9991   0.066 0.9993 1.0000 0.9939 1.0000 1.0000 1.0000 1.0000 1.0000 1.0000 1.0000 1.0000 1.0000 1.0000 1.0000 1.0000 1.0000 1.0000 1.0000 1.0000 1.0000 1.0000 1.0000 1.0000
 2663.00 0.6100 0.6323 0.9840 1.0000 1.0000 0.9881 0.9960 0.9999 0.9964 1.0000 0.9991   0.494 0.9992 1.0000 0.9848 1.0000 1.0000 1.0000 1.0000 1.0000 1.0000 1.0000 1.0000 1.0000 1.0000 1.0000 1.0000 1.0000 1.0000 1.0000 1.0000 1.0000 1.0000 1.0000 1.0000
 2664.00 0.8857 0.9075 0.9952 1.0000 1.0000 0.9883 0.9960 0.9999 0.9964 1.0000 0.9991   0.121 0.9994 1.0000 0.9958 1.0000 1.0000 1.0000 1.0000 1.0000 1.0000 1.0000 1.0000 1.0000 1.0000 1.0000 1.0000 1.0000 1.0000 1.0000 1.0000 1.0000 1.0000 1.0000 1.0000
 2665.00 0.8676 0.9491 0.9319 1.0000 1.0000 0.9885 0.9960 0.9999 0.9964 1.0000 0.9991   0.142 0.9994 1.0000 0.9324 1.0000 1.0000 1.0000 1.0000 1.0000 1.0000 1.0000 1.0000 1.0000 1.0000 1.0000 1.0000 1.0000 1.0000 1.0000 1.0000 1.0000 1.0000 1.0000 1.0000
 2666.00 0.6280 0.6506 0.9838 1.0000 1.0000 0.9887 0.9960 0.9999 0.9964 1.0000 0.9991   0.465 0.9993 1.0000 0.9845 1.0000 1.0000 1.0000 1.0000 1.0000 1.0000 1.0000 1.0000 1.0000 1.0000 1.0000 1.0000 1.0000 1.0000 1.0000 1.0000 1.0000 1.0000 1.0000 1.0000
 2667.00 0.8771 0.9246 0.9668 1.0000 1.0000 0.9888 0.9960 0.9999 0.9964 1.0000 0.9991   0.131 0.9995 1.0000 0.9673 1.0000 1.0000 1.0000 1.0000 1.0000 1.0000 1.0000 1.0000 1.0000 1.0000 1.0000 1.0000 1.0000 1.0000 1.0000 1.0000 1.0000 1.0000 1.0000 1.0000
 2668.00 0.9506 0.9906 0.9779 1.0000 1.0000 0.9890 0.9960 0.9999 0.9964 1.0000 0.9991   0.051 0.9994 1.0000 0.9784 1.0000 1.0000 1.0000 1.0000 1.0000 1.0000 1.0000 1.0000 1.0000 1.0000 1.0000 1.0000 1.0000 1.0000 1.0000 1.0000 1.0000 1.0000 1.0000 1.0000
 2669.00 0.9360 0.9899 0.9634 1.0000 1.0000 0.9891 0.9960 0.9999 0.9964 1.0000 0.9991   0.066 0.9995 1.0000 0.9638 1.0000 1.0000 1.0000 1.0000 1.0000 1.0000 1.0000 1.0000 1.0000 1.0000 1.0000 1.0000 1.0000 1.0000 1.0000 1.0000 1.0000 1.0000 1.0000 1.0000
 2670.00 0.9296 0.9773 0.9689 1.0000 1.0000 0.9893 0.9960 0.9999 0.9964 1.0000 0.9991   0.073 0.9996 1.0000 0.9693 1.0000 1.0000 1.0000 1.0000 1.0000 1.0000 1.0000 1.0000 1.0000 1.0000 1.0000 1.0000 1.0000 1.0000 1.0000 1.0000 1.0000 1.0000 1.0000 1.0000
 2671.00 0.9300 0.9646 0.9818 1.0000 1.0000 0.9896 0.9960 0.9999 0.9964 1.0000 0.9991   0.073 0.9995 1.0000 0.9822 1.0000 1.0000 1.0000 1.0000 1.0000 1.0000 1.0000 1.0000 1.0000 1.0000 1.0000 1.0000 1.0000 1.0000 1.0000 1.0000 1.0000 1.0000 1.0000 1.0000
 2672.00 0.8843 0.9161 0.9827 1.0000 1.0000 0.9899 0.9960 0.9999 0.9964 1.0000 0.9991   0.123 0.9996 1.0000 0.9831 1.0000 1.0000 1.0000 1.0000 1.0000 1.0000 1.0000 1.0000 1.0000 1.0000 1.0000 1.0000 1.0000 1.0000 1.0000 1.0000 1.0000 1.0000 1.0000 1.0000
 2673.00 0.6968 0.7192 0.9859 1.0000 1.0000 0.9903 0.9960 0.9999 0.9964 1.0000 0.9991   0.361 0.9996 1.0000 0.9863 1.0000 1.0000 1.0000 1.0000 1.0000 1.0000 1.0000 1.0000 1.0000 1.0000 1.0000 1.0000 1.0000 1.0000 1.0000 1.0000 1.0000 1.0000 1.0000 1.0000
 2674.00 0.9394 0.9775 0.9778 1.0000 1.0000 0.9906 0.9960 0.9999 0.9964 1.0000 0.9991   0.062 0.9996 1.0000 0.9781 1.0000 1.0000 1.0000 1.0000 1.0000 1.0000 1.0000 1.0000 1.0000 1.0000 1.0000 1.0000 1.0000 1.0000 1.0000 1.0000 1.0000 1.0000 1.0000 1.0000
 2675.00 0.7101 0.7328 0.9855 1.0000 1.0000 0.9909 0.9960 0.9999 0.9964 1.0000 0.9991   0.342 0.9996 1.0000 0.9858 1.0000 1.0000 1.0000 1.0000 1.0000 1.0000 1.0000 1.0000 1.0000 1.0000 1.0000 1.0000 1.0000 1.0000 1.0000 1.0000 1.0000 1.0000 1.0000 1.0000
 2676.00 0.8491 0.9018 0.9573 1.0000 1.0000 0.9912 0.9960 0.9999 0.9964 1.0000 0.9991   0.164 0.9996 1.0000 0.9577 1.0000 1.0000 1.0000 1.0000 1.0000 1.0000 1.0000 1.0000 1.0000 1.0000 1.0000 1.0000 1.0000 1.0000 1.0000 1.0000 1.0000 1.0000 1.0000 1.0000
 2677.00 0.7249 0.7436 0.9910 1.0000 1.0000 0.9914 0.9960 0.9999 0.9964 1.0000 0.9991   0.322 0.9997 1.0000 0.9914 1.0000 1.0000 1.0000 1.0000 1.0000 1.0000 1.0000 1.0000 1.0000 1.0000 1.0000 1.0000 1.0000 1.0000 1.0000 1.0000 1.0000 1.0000 1.0000 1.0000
 2678.00 0.5782 0.6287 0.9346 0.9999 1.0000 0.9917 0.9960 0.9999 0.9964 1.0000 0.9991   0.548 0.9997 1.0000 0.9350 1.0000 1.0000 1.0000 1.0000 1.0000 1.0000 1.0000 1.0000 1.0000 1.0000 1.0000 1.0000 1.0000 1.0000 1.0000 1.0000 1.0000 1.0000 1.0000 1.0000
 2679.00 0.9330 0.9563 0.9912 1.0000 1.0000 0.9920 0.9960 0.9999 0.9964 1.0000 0.9991   0.069 0.9997 1.0000 0.9916 1.0000 1.0000 1.0000 1.0000 1.0000 1.0000 1.0000 1.0000 1.0000 1.0000 1.0000 1.0000 1.0000 1.0000 1.0000 1.0000 1.0000 1.0000 1.0000 1.0000
 2680.00 0.8813 0.9345 0.9578 1.0000 1.0000 0.9922 0.9960 0.9999 0.9964 1.0000 0.9991   0.126 0.9997 1.0000 0.9582 1.0000 1.0000 1.0000 1.0000 1.0000 1.0000 1.0000 1.0000 1.0000 1.0000 1.0000 1.0000 1.0000 1.0000 1.0000 1.0000 1.0000 1.0000 1.0000 1.0000
 2681.00 0.5916 0.6273 0.9576 0.9999 1.0000 0.9925 0.9960 0.9999 0.9964 1.0000 0.9991   0.525 0.9997 1.0000 0.9579 1.0000 1.0000 1.0000 1.0000 1.0000 1.0000 1.0000 1.0000 1.0000 1.0000 1.0000 1.0000 1.0000 1.0000 1.0000 1.0000 1.0000 1.0000 1.0000 1.0000
 2682.00 0.9002 0.9727 0.9396 1.0000 1.0000 0.9927 0.9960 0.9999 0.9964 1.0000 0.9991   0.105 0.9997 1.0000 0.9399 1.0000 1.0000 1.0000 1.0000 1.0000 1.0000 1.0000 1.0000 1.0000 1.0000 1.0000 1.0000 1.0000 1.0000 1.0000 1.0000 1.0000 1.0000 1.0000 1.0000
 2683.00 0.9062 0.9874 0.9315 1.0000 1.0000 0.9930 0.9960 0.9999 0.9964 1.0000 0.9991   0.098 0.9997 1.0000 0.9318 1.0000 1.0000 1.0000 1.0000 1.0000 1.0000 1.0000 1.0000 1.0000 1.0000 1.0000 1.0000 1.0000 1.0000 1.0000 1.0000 1.0000 1.0000 1.0000 1.0000
 2684.00 0.9316 0.9936 0.9514 1.0000 1.0000 0.9933 0.9960 0.9999 0.9964 1.0000 0.9991   0.071 0.9997 1.0000 0.9517 1.0000 1.0000 1.0000 1.0000 1.0000 1.0000 1.0000 1.0000 1.0000 1.0000 1.0000 1.0000 1.0000 1.0000 1.0000 1.0000 1.0000 1.0000 1.0000 1.0000
 2685.00 0.9302 0.9798 0.9631 0.9999 1.0000 0.9935 0.9959 0.9999 0.9963 1.0000 0.9991   0.072 0.9997 1.0000 0.9634 1.0000 1.0000 1.0000 1.0000 1.0000 1.0000 1.0000 1.0000 1.0000 1.0000 1.0000 1.0000 1.0000 1.0000 1.0000 1.0000 1.0000 1.0000 1.0000 1.0000
 2686.00 0.9373 0.9529 0.9977 1.0000 1.0000 0.9937 0.9959 0.9999 0.9963 1.0000 0.9991   0.065 0.9997 1.0000 0.9980 1.0000 1.0000 1.0000 1.0000 1.0000 1.0000 1.0000 1.0000 1.0000 1.0000 1.0000 1.0000 1.0000 1.0000 1.0000 1.0000 1.0000 1.0000 1.0000 1.0000
 2687.00 0.9386 0.9563 0.9953 1.0000 1.0000 0.9939 0.9959 0.9999 0.9963 1.0000 0.9991   0.063 0.9997 1.0000 0.9956 1.0000 1.0000 1.0000 1.0000 1.0000 1.0000 1.0000 1.0000 1.0000 1.0000 1.0000 1.0000 1.0000 1.0000 1.0000 1.0000 1.0000 1.0000 1.0000 1.0000
 2688.00 0.9362 0.9516 0.9975 1.0000 1.0000 0.9941 0.9959 0.9999 0.9963 1.0000 0.9991   0.066 0.9997 1.0000 0.9978 1.0000 1.0000 1.0000 1.0000 1.0000 1.0000 1.0000 1.0000 1.0000 1.0000 1.0000 1.0000 1.0000 1.0000 1.0000 1.0000 1.0000 1.0000 1.0000 1.0000
 2689.00 0.9341 0.9603 0.9861 1.0000 1.0000 0.9943 0.9959 0.9999 0.9963 1.0000 0.9991   0.068 0.9997 1.0000 0.9864 1.0000 1.0000 1.0000 1.0000 1.0000 1.0000 1.0000 1.0000 1.0000 1.0000 1.0000 1.0000 1.0000 1.0000 1.0000 1.0000 1.0000 1.0000 1.0000 1.0000
 2690.00 0.6924 0.7059 0.9942 0.9999 1.0000 0.9945 0.9958 0.9999 0.9963 1.0000 0.9991   0.368 0.9997 1.0000 0.9945 1.0000 1.0000 1.0000 1.0000 1.0000 1.0000 1.0000 1.0000 1.0000 1.0000 1.0000 1.0000 1.0000 1.0000 1.0000 1.0000 1.0000 1.0000 1.0000 1.0000
 2691.00 0.9267 0.9836 0.9547 1.0000 1.0000 0.9947 0.9958 0.9999 0.9963 1.0000 0.9990   0.076 0.9997 1.0000 0.9550 1.0000 1.0000 1.0000 1.0000 1.0000 1.0000 1.0000 1.0000 1.0000 1.0000 1.0000 1.0000 1.0000 1.0000 1.0000 1.0000 1.0000 1.0000 1.0000 1.0000
 2692.00 0.8858 0.9393 0.9555 0.9999 1.0000 0.9949 0.9958 0.9999 0.9963 1.0000 0.9990   0.121 0.9997 1.0000 0.9558 1.0000 1.0000 1.0000 1.0000 1.0000 1.0000 1.0000 1.0000 1.0000 1.0000 1.0000 1.0000 1.0000 1.0000 1.0000 1.0000 1.0000 1.0000 1.0000 1.0000
 2693.00 0.5793 0.6025 0.9739 0.9999 1.0000 0.9952 0.9958 0.9999 0.9963 1.0000 0.9990   0.546 0.9997 1.0000 0.9742 1.0000 1.0000 1.0000 1.0000 1.0000 1.0000 1.0000 1.0000 1.0000 1.0000 1.0000 1.0000 1.0000 1.0000 1.0000 1.0000 1.0000 1.0000 1.0000 1.0000
 2694.00 0.9025 0.9546 0.9575 1.0000 1.0000 0.9954 0.9957 0.9999 0.9963 1.0000 0.9990   0.103 0.9997 1.0000 0.9577 1.0000 1.0000 1.0000 1.0000 1.0000 1.0000 1.0000 1.0000 1.0000 1.0000 1.0000 1.0000 1.0000 1.0000 1.0000 1.0000 1.0000 1.0000 1.0000 1.0000
 2695.00 0.6123 0.6248 0.9923 0.9999 1.0000 0.9956 0.9957 0.9999 0.9963 1.0000 0.9990   0.491 0.9997 1.0000 0.9925 1.0000 1.0000 1.0000 1.0000 1.0000 1.0000 1.0000 1.0000 1.0000 1.0000 1.0000 1.0000 1.0000 1.0000 1.0000 1.0000 1.0000 1.0000 1.0000 1.0000
 2696.00 0.7773 0.9298 0.8465 0.9999 1.0000 0.9958 0.9957 0.9999 0.9963 1.0000 0.9990   0.252 0.9997 1.0000 0.8467 1.0000 1.0000 1.0000 1.0000 1.0000 1.0000 1.0000 1.0000 1.0000 1.0000 1.0000 1.0000 1.0000 1.0000 1.0000 1.0000 1.0000 1.0000 1.0000 1.0000
 2697.00 0.8996 0.9807 0.9286 0.9999 1.0000 0.9960 0.9957 0.9999 0.9963 1.0000 0.9990   0.106 0.9997 1.0000 0.9288 1.0000 1.0000 1.0000 1.0000 1.0000 1.0000 1.0000 1.0000 1.0000 1.0000 1.0000 1.0000 1.0000 1.0000 1.0000 1.0000 1.0000 1.0000 1.0000 1.0000
 2698.00 0.8862 0.9728 0.9220 0.9999 1.0000 0.9962 0.9956 0.9999 0.9963 1.0000 0.9990   0.121 0.9997 1.0000 0.9223 1.0000 1.0000 1.0000 1.0000 1.0000 1.0000 1.0000 1.0000 1.0000 1.0000 1.0000 1.0000 1.0000 1.0000 1.0000 1.0000 1.0000 1.0000 1.0000 1.0000
 2699.00 0.8917 0.9106 0.9910 0.9999 1.0000 0.9963 0.9956 0.9999 0.9963 1.0000 0.9990   0.115 0.9998 1.0000 0.9913 1.0000 1.0000 1.0000 1.0000 1.0000 1.0000 1.0000 1.0000 1.0000 1.0000 1.0000 1.0000 1.0000 1.0000 1.0000 1.0000 1.0000 1.0000 1.0000 1.0000
 2700.00 0.9730 0.9889 0.9956 0.9999 1.0000 0.9965 0.9956 0.9999 0.9963 1.0000 0.9990   0.027 0.9998 1.0000 0.9959 1.0000 1.0000 1.0000 1.0000 1.0000 1.0000 1.0000 1.0000 1.0000 1.0000 1.0000 1.0000 1.0000 1.0000 1.0000 1.0000 1.0000 1.0000 1.0000 1.0000
 2701.00 0.9811 0.9954 0.9972 0.9999 1.0000 0.9966 0.9956 0.9999 0.9963 1.0000 0.9990   0.019 0.9998 1.0000 0.9974 1.0000 1.0000 1.0000 1.0000 1.0000 1.0000 1.0000 1.0000 1.0000 1.0000 1.0000 1.0000 1.0000 1.0000 1.0000 1.0000 1.0000 1.0000 1.0000 1.0000
 2702.00 0.9116 0.9388 0.9823 0.9999 1.0000 0.9968 0.9956 0.9999 0.9963 1.0000 0.9990   0.093 0.9998 1.0000 0.9825 1.0000 1.0000 1.0000 1.0000 1.0000 1.0000 1.0000 1.0000 1.0000 1.0000 1.0000 1.0000 1.0000 1.0000 1.0000 1.0000 1.0000 1.0000 1.0000 1.0000
 2703.00 0.9391 0.9693 0.9800 0.9999 1.0000 0.9969 0.9956 0.9999 0.9963 1.0000 0.9990   0.063 0.9998 1.0000 0.9802 1.0000 1.0000 1.0000 1.0000 1.0000 1.0000 1.0000 1.0000 1.0000 1.0000 1.0000 1.0000 1.0000 1.0000 1.0000 1.0000 1.0000 1.0000 1.0000 1.0000
 2704.00 0.9505 0.9729 0.9881 0.9999 1.0000 0.9970 0.9957 0.9999 0.9962 1.0000 0.9990   0.051 0.9998 1.0000 0.9883 1.0000 1.0000 1.0000 1.0000 1.0000 1.0000 1.0000 1.0000 1.0000 1.0000 1.0000 1.0000 1.0000 1.0000 1.0000 1.0000 1.0000 1.0000 1.0000 1.0000
 2705.00 0.9263 0.9849 0.9511 0.9999 1.0000 0.9971 0.9957 0.9999 0.9962 1.0000 0.9990   0.077 0.9998 1.0000 0.9514 1.0000 1.0000 1.0000 1.0000 1.0000 1.0000 1.0000 1.0000 1.0000 1.0000 1.0000 1.0000 1.0000 1.0000 1.0000 1.0000 1.0000 1.0000 1.0000 1.0000
 2706.00 0.8433 0.8607 0.9908 0.9999 1.0000 0.9972 0.9957 0.9999 0.9962 1.0000 0.9990   0.170 0.9998 1.0000 0.9910 1.0000 1.0000 1.0000 1.0000 1.0000 1.0000 1.0000 1.0000 1.0000 1.0000 1.0000 1.0000 1.0000 1.0000 1.0000 1.0000 1.0000 1.0000 1.0000 1.0000
 2707.00 0.8777 0.8918 0.9950 0.9999 1.0000 0.9973 0.9957 0.9999 0.9962 1.0000 0.9990   0.130 0.9998 1.0000 0.9953 1.0000 1.0000 1.0000 1.0000 1.0000 1.0000 1.0000 1.0000 1.0000 1.0000 1.0000 1.0000 1.0000 1.0000 1.0000 1.0000 1.0000 1.0000 1.0000 1.0000
 2708.00 0.6991 0.7096 0.9959 0.9999 1.0000 0.9974 0.9957 0.9999 0.9962 1.0000 0.9990   0.358 0.9998 1.0000 0.9962 1.0000 1.0000 1.0000 1.0000 1.0000 1.0000 1.0000 1.0000 1.0000 1.0000 1.0000 1.0000 1.0000 1.0000 1.0000 1.0000 1.0000 1.0000 1.0000 1.0000
 2709.00 0.8144 0.8509 0.9675 0.9999 1.0000 0.9975 0.9957 0.9999 0.9962 1.0000 0.9990   0.205 0.9998 1.0000 0.9678 1.0000 1.0000 1.0000 1.0000 1.0000 1.0000 1.0000 1.0000 1.0000 1.0000 1.0000 1.0000 1.0000 1.0000 1.0000 1.0000 1.0000 1.0000 1.0000 1.0000
 2710.00 0.8658 0.8811 0.9932 0.9999 1.0000 0.9975 0.9957 0.9999 0.9962 1.0000 0.9990   0.144 0.9998 1.0000 0.9934 1.0000 1.0000 1.0000 1.0000 1.0000 1.0000 1.0000 1.0000 1.0000 1.0000 1.0000 1.0000 1.0000 1.0000 1.0000 1.0000 1.0000 1.0000 1.0000 1.0000
 2711.00 0.7692 0.8906 0.8729 0.9999 1.0000 0.9976 0.9957 0.9999 0.9962 1.0000 0.9990   0.262 0.9998 1.0000 0.8731 1.0000 1.0000 1.0000 1.0000 1.0000 1.0000 1.0000 1.0000 1.0000 1.0000 1.0000 1.0000 1.0000 1.0000 1.0000 1.0000 1.0000 1.0000 1.0000 1.0000
 2712.00 0.6943 0.9280 0.7561 0.9999 1.0000 0.9977 0.9957 0.9999 0.9962 1.0000 0.9990   0.365 0.9998 1.0000 0.7563 1.0000 1.0000 1.0000 1.0000 1.0000 1.0000 1.0000 1.0000 1.0000 1.0000 1.0000 1.0000 1.0000 1.0000 1.0000 1.0000 1.0000 1.0000 1.0000 1.0000
 2713.00 0.9029 0.9223 0.9893 0.9999 1.0000 0.9978 0.9957 0.9999 0.9962 1.0000 0.9990   0.102 0.9998 1.0000 0.9895 1.0000 1.0000 1.0000 1.0000 1.0000 1.0000 1.0000 1.0000 1.0000 1.0000 1.0000 1.0000 1.0000 1.0000 1.0000 1.0000 1.0000 1.0000 1.0000 1.0000
 2714.00 0.8689 0.8953 0.9806 0.9999 1.0000 0.9979 0.9958 0.9999 0.9962 1.0000 0.9990   0.140 0.9998 1.0000 0.9809 1.0000 1.0000 1.0000 1.0000 1.0000 1.0000 1.0000 1.0000 1.0000 1.0000 1.0000 1.0000 1.0000 1.0000 1.0000 1.0000 1.0000 1.0000 1.0000 1.0000
 2715.00 0.5976 0.6208 0.9726 0.9999 1.0000 0.9980 0.9958 0.9999 0.9962 1.0000 0.9990   0.515 0.9998 1.0000 0.9728 1.0000 1.0000 1.0000 1.0000 1.0000 1.0000 1.0000 1.0000 1.0000 1.0000 1.0000 1.0000 1.0000 1.0000 1.0000 1.0000 1.0000 1.0000 1.0000 1.0000
 2716.00 0.6311 0.6412 0.9943 0.9999 1.0000 0.9981 0.9958 0.9999 0.9962 1.0000 0.9990   0.460 0.9998 1.0000 0.9946 1.0000 1.0000 1.0000 1.0000 1.0000 1.0000 1.0000 1.0000 1.0000 1.0000 1.0000 1.0000 1.0000 1.0000 1.0000 1.0000 1.0000 1.0000 1.0000 1.0000
 2717.00 0.7274 0.7576 0.9701 0.9999 1.0000 0.9981 0.9958 0.9999 0.9962 1.0000 0.9990   0.318 0.9998 1.0000 0.9703 1.0000 1.0000 1.0000 1.0000 1.0000 1.0000 1.0000 1.0000 1.0000 1.0000 1.0000 1.0000 1.0000 1.0000 1.0000 1.0000 1.0000 1.0000 1.0000 1.0000
 2718.00 0.6997 0.7165 0.9863 0.9999 1.0000 0.9982 0.9958 0.9999 0.9962 1.0000 0.9990   0.357 0.9998 1.0000 0.9866 1.0000 1.0000 1.0000 1.0000 1.0000 1.0000 1.0000 1.0000 1.0000 1.0000 1.0000 1.0000 1.0000 1.0000 1.0000 1.0000 1.0000 1.0000 1.0000 1.0000
 2719.00 0.6534 0.6631 0.9951 0.9999 1.0000 0.9983 0.9958 0.9999 0.9962 1.0000 0.9990   0.426 0.9998 1.0000 0.9954 1.0000 1.0000 1.0000 1.0000 1.0000 1.0000 1.0000 1.0000 1.0000 1.0000 1.0000 1.0000 1.0000 1.0000 1.0000 1.0000 1.0000 1.0000 1.0000 1.0000
 2720.00 0.3971 0.4035 0.9941 0.9999 1.0000 0.9983 0.9958 0.9999 0.9962 1.0000 0.9990   0.923 0.9998 1.0000 0.9944 1.0000 1.0000 1.0000 1.0000 1.0000 1.0000 1.0000 1.0000 1.0000 1.0000 1.0000 1.0000 1.0000 1.0000 1.0000 1.0000 1.0000 1.0000 1.0000 1.0000
 2721.00 0.3986 0.4113 0.9788 0.9999 1.0000 0.9984 0.9958 0.9999 0.9962 1.0000 0.9990   0.920 0.9998 1.0000 0.9791 1.0000 1.0000 1.0000 1.0000 1.0000 1.0000 1.0000 1.0000 1.0000 1.0000 1.0000 1.0000 1.0000 1.0000 1.0000 1.0000 1.0000 1.0000 1.0000 1.0000
 2722.00 0.4158 0.4245 0.9892 0.9999 1.0000 0.9985 0.9958 0.9999 0.9961 1.0000 0.9990   0.877 0.9998 1.0000 0.9894 1.0000 1.0000 1.0000 1.0000 1.0000 1.0000 1.0000 1.0000 1.0000 1.0000 1.0000 1.0000 1.0000 1.0000 1.0000 1.0000 1.0000 1.0000 1.0000 1.0000
 2723.00 0.3285 0.3331 0.9959 0.9999 1.0000 0.9985 0.9958 0.9999 0.9961 1.0000 0.9990   1.113 0.9997 1.0000 0.9962 0.9999 1.0000 1.0000 1.0000 1.0000 1.0000 1.0000 1.0000 1.0000 1.0000 1.0000 1.0000 1.0000 1.0000 1.0000 1.0000 1.0000 1.0000 1.0000 1.0000
 2724.00 0.6169 0.6383 0.9760 0.9999 1.0000 0.9986 0.9958 0.9999 0.9961 1.0000 0.9990   0.483 0.9998 1.0000 0.9763 0.9999 1.0000 1.0000 1.0000 1.0000 1.0000 1.0000 1.0000 1.0000 1.0000 1.0000 1.0000 1.0000 1.0000 1.0000 1.0000 1.0000 1.0000 1.0000 1.0000
 2725.00 0.8842 0.9137 0.9771 0.9999 1.0000 0.9986 0.9958 0.9999 0.9961 1.0000 0.9990   0.123 0.9997 1.0000 0.9775 0.9999 1.0000 1.0000 1.0000 1.0000 1.0000 1.0000 1.0000 1.0000 1.0000 1.0000 1.0000 1.0000 1.0000 1.0000 1.0000 1.0000 1.0000 1.0000 1.0000
 2726.00 0.4822 0.5230 0.9310 0.9999 1.0000 0.9987 0.9957 0.9999 0.9961 1.0000 0.9990   0.729 0.9997 1.0000 0.9313 0.9999 1.0000 1.0000 1.0000 1.0000 1.0000 1.0000 1.0000 1.0000 1.0000 1.0000 1.0000 1.0000 1.0000 1.0000 1.0000 1.0000 1.0000 1.0000 1.0000
 2727.00 0.6630 0.9406 0.7116 0.9999 1.0000 0.9987 0.9957 0.9999 0.9961 1.0000 0.9989   0.411 0.9996 1.0000 0.7120 0.9999 1.0000 1.0000 1.0000 1.0000 1.0000 1.0000 1.0000 1.0000 1.0000 1.0000 1.0000 1.0000 1.0000 1.0000 1.0000 1.0000 1.0000 1.0000 1.0000
 2728.00 0.9220 0.9450 0.9851 0.9999 1.0000 0.9988 0.9957 0.9999 0.9961 1.0000 0.9989   0.081 0.9997 1.0000 0.9855 0.9999 1.0000 1.0000 1.0000 1.0000 1.0000 1.0000 1.0000 1.0000 1.0000 1.0000 1.0000 1.0000 1.0000 1.0000 1.0000 1.0000 1.0000 1.0000 1.0000
 2729.00 0.9413 0.9683 0.9815 0.9999 1.0000 0.9988 0.9957 0.9999 0.9961 1.0000 0.9989   0.060 0.9995 1.0000 0.9820 0.9999 1.0000 1.0000 1.0000 1.0000 1.0000 1.0000 1.0000 1.0000 1.0000 1.0000 1.0000 1.0000 1.0000 1.0000 1.0000 1.0000 1.0000 1.0000 1.0000
 2730.00 0.7912 0.8276 0.9652 0.9998 1.0000 0.9989 0.9957 0.9999 0.9961 1.0000 0.9989   0.234 0.9994 1.0000 0.9658 0.9999 1.0000 1.0000 1.0000 1.0000 1.0000 1.0000 1.0000 1.0000 1.0000 1.0000 1.0000 1.0000 1.0000 1.0000 1.0000 1.0000 1.0000 1.0000 1.0000
 2731.00 0.7636 0.7781 0.9908 0.9998 1.0000 0.9989 0.9957 0.9999 0.9961 1.0000 0.9989   0.270 0.9996 1.0000 0.9914 0.9999 1.0000 1.0000 1.0000 1.0000 1.0000 1.0000 1.0000 1.0000 1.0000 1.0000 1.0000 1.0000 1.0000 1.0000 1.0000 1.0000 1.0000 1.0000 1.0000
 2732.00 0.9224 0.9360 0.9950 0.9998 1.0000 0.9990 0.9957 0.9999 0.9961 1.0000 0.9989   0.081 0.9992 1.0000 0.9958 0.9999 1.0000 1.0000 1.0000 1.0000 1.0000 1.0000 1.0000 1.0000 1.0000 1.0000 1.0000 1.0000 1.0000 1.0000 1.0000 1.0000 1.0000 1.0000 1.0000
 2733.00 0.9598 0.9886 0.9803 0.9998 1.0000 0.9990 0.9957 0.9999 0.9961 1.0000 0.9989   0.041 0.9995 1.0000 0.9809 0.9999 1.0000 1.0000 1.0000 1.0000 1.0000 1.0000 1.0000 1.0000 1.0000 1.0000 1.0000 1.0000 1.0000 1.0000 1.0000 1.0000 1.0000 1.0000 1.0000
 2734.00 0.9633 0.9959 0.9766 0.9998 1.0000 0.9991 0.9957 0.9999 0.9961 1.0000 0.9989   0.037 0.9994 1.0000 0.9773 0.9998 1.0000 1.0000 1.0000 1.0000 1.0000 1.0000 1.0000 1.0000 1.0000 1.0000 1.0000 1.0000 1.0000 1.0000 1.0000 1.0000 1.0000 1.0000 1.0000
 2735.00 0.9608 0.9794 0.9904 0.9997 1.0000 0.9991 0.9957 0.9999 0.9961 1.0000 0.9989   0.040 0.9989 1.0000 0.9916 0.9998 1.0000 1.0000 1.0000 1.0000 1.0000 1.0000 1.0000 1.0000 1.0000 1.0000 1.0000 1.0000 1.0000 1.0000 1.0000 1.0000 1.0000 1.0000 1.0000
 2736.00 0.8582 0.8843 0.9798 0.9996 1.0000 0.9992 0.9956 0.9999 0.9961 1.0000 0.9989   0.153 0.9993 1.0000 0.9808 0.9998 1.0000 1.0000 1.0000 1.0000 1.0000 1.0000 1.0000 1.0000 1.0000 1.0000 1.0000 1.0000 1.0000 1.0000 1.0000 1.0000 1.0000 1.0000 1.0000
 2737.00 0.8326 0.8568 0.9816 0.9991 1.0000 0.9992 0.9956 0.9999 0.9961 1.0000 0.9989   0.183 0.9987 1.0000 0.9832 0.9996 1.0000 1.0000 1.0000 1.0000 1.0000 1.0000 1.0000 1.0000 1.0000 1.0000 1.0000 1.0000 1.0000 1.0000 1.0000 1.0000 1.0000 1.0000 1.0000
 2738.00 0.8232 0.8492 0.9788 0.9996 1.0000 0.9992 0.9956 0.9999 0.9961 1.0000 0.9989   0.195 0.9991 1.0000 0.9802 0.9994 1.0000 1.0000 1.0000 1.0000 1.0000 1.0000 1.0000 1.0000 1.0000 1.0000 1.0000 1.0000 1.0000 1.0000 1.0000 1.0000 1.0000 1.0000 1.0000
 2739.00 0.6486 0.6881 0.9515 0.9997 1.0000 0.9993 0.9956 0.9999 0.9961 1.0000 0.9989   0.433 0.9985 1.0000 0.9542 0.9987 1.0000 1.0000 1.0000 1.0000 1.0000 1.0000 1.0000 1.0000 1.0000 1.0000 1.0000 1.0000 1.0000 1.0000 1.0000 1.0000 1.0000 1.0000 1.0000
 2740.00 0.9438 0.9644 0.9880 0.9998 1.0000 0.9993 0.9956 0.9999 0.9961 1.0000 0.9989   0.058 0.9989 1.0000 0.9895 0.9995 1.0000 1.0000 1.0000 1.0000 1.0000 1.0000 1.0000 1.0000 1.0000 1.0000 1.0000 1.0000 1.0000 1.0000 1.0000 1.0000 1.0000 1.0000 1.0000
 2741.00 0.8542 0.9936 0.8677 0.9997 1.0000 0.9994 0.9956 0.9999 0.9960 1.0000 0.9989   0.158 0.9983 1.0000 0.8695 0.9997 1.0000 1.0000 1.0000 1.0000 1.0000 1.0000 1.0000 1.0000 1.0000 1.0000 1.0000 1.0000 1.0000 1.0000 1.0000 1.0000 1.0000 1.0000 1.0000
 2742.00 0.6566 0.9882 0.6706 0.9997 1.0000 0.9996 0.9956 0.9999 0.9960 1.0000 0.9989   0.421 0.9988 1.0000 0.6717 0.9997 1.0000 1.0000 1.0000 1.0000 1.0000 1.0000 1.0000 1.0000 1.0000 1.0000 1.0000 1.0000 1.0000 1.0000 1.0000 1.0000 1.0000 1.0000 1.0000
 2743.00 0.8475 0.9825 0.8704 0.9997 1.0000 0.9997 0.9956 0.9999 0.9960 1.0000 0.9989   0.165 0.9981 1.0000 0.8725 0.9996 1.0000 1.0000 1.0000 1.0000 1.0000 1.0000 1.0000 1.0000 1.0000 1.0000 1.0000 1.0000 1.0000 1.0000 1.0000 1.0000 1.0000 1.0000 1.0000
 2744.00 0.8808 0.9095 0.9771 0.9997 1.0000 0.9999 0.9956 0.9999 0.9960 1.0000 0.9989   0.127 0.9987 1.0000 0.9788 0.9995 1.0000 1.0000 1.0000 1.0000 1.0000 1.0000 1.0000 1.0000 1.0000 1.0000 1.0000 1.0000 1.0000 1.0000 1.0000 1.0000 1.0000 1.0000 1.0000
 2745.00 0.9455 0.9658 0.9876 0.9997 1.0000 1.0000 0.9956 0.9999 0.9960 1.0000 0.9989   0.056 0.9988 1.0000 0.9893 0.9995 1.0000 1.0000 1.0000 1.0000 1.0000 1.0000 1.0000 1.0000 1.0000 1.0000 1.0000 1.0000 1.0000 1.0000 1.0000 1.0000 1.0000 1.0000 1.0000
 2746.00 0.9501 0.9887 0.9694 0.9997 1.0000 1.0000 0.9956 0.9999 0.9960 1.0000 0.9989   0.051 0.9980 1.0000 0.9720 0.9994 1.0000 1.0000 1.0000 1.0000 1.0000 1.0000 1.0000 1.0000 1.0000 1.0000 1.0000 1.0000 1.0000 1.0000 1.0000 1.0000 1.0000 1.0000 1.0000
 2747.00 0.8835 0.9228 0.9658 0.9997 1.0000 1.0000 0.9956 0.9999 0.9960 1.0000 0.9989   0.124 0.9988 1.0000 0.9677 0.9993 1.0000 1.0000 1.0000 1.0000 1.0000 1.0000 1.0000 1.0000 1.0000 1.0000 1.0000 1.0000 1.0000 1.0000 1.0000 1.0000 1.0000 1.0000 1.0000
 2748.00 0.9180 0.9551 0.9698 0.9996 1.0000 1.0000 0.9956 0.9999 0.9960 1.0000 0.9989   0.086 0.9980 1.0000 0.9724 0.9994 1.0000 1.0000 1.0000 1.0000 1.0000 1.0000 1.0000 1.0000 1.0000 1.0000 1.0000 1.0000 1.0000 1.0000 1.0000 1.0000 1.0000 1.0000 1.0000
 2749.00 0.9370 0.9929 0.9522 0.9996 1.0000 1.0000 0.9957 0.9999 0.9960 1.0000 0.9989   0.065 0.9988 1.0000 0.9542 0.9991 1.0000 1.0000 1.0000 1.0000 1.0000 1.0000 1.0000 1.0000 1.0000 1.0000 1.0000 1.0000 1.0000 1.0000 1.0000 1.0000 1.0000 1.0000 1.0000
 2750.00 0.8833 0.9406 0.9473 0.9997 1.0000 1.0000 0.9957 0.9999 0.9960 1.0000 0.9989   0.124 0.9988 1.0000 0.9494 0.9990 1.0000 1.0000 1.0000 1.0000 1.0000 1.0000 1.0000 1.0000 1.0000 1.0000 1.0000 1.0000 1.0000 1.0000 1.0000 1.0000 1.0000 1.0000 1.0000
 2751.00 0.6744 0.7146 0.9523 0.9994 1.0000 1.0000 0.9957 0.9999 0.9960 1.0000 0.9989   0.394 0.9984 1.0000 0.9550 0.9988 1.0000 1.0000 1.0000 1.0000 1.0000 1.0000 1.0000 1.0000 1.0000 1.0000 1.0000 1.0000 1.0000 1.0000 1.0000 1.0000 1.0000 1.0000 1.0000
 2752.00 0.8539 0.8713 0.9889 0.9994 1.0000 1.0000 0.9957 0.9999 0.9960 1.0000 0.9989   0.158 0.9990 1.0000 0.9913 0.9986 1.0000 1.0000 1.0000 1.0000 1.0000 1.0000 1.0000 1.0000 1.0000 1.0000 1.0000 1.0000 1.0000 1.0000 1.0000 1.0000 1.0000 1.0000 1.0000
 2753.00 0.8148 0.8436 0.9744 0.9996 1.0000 1.0000 0.9957 0.9999 0.9960 1.0000 0.9989   0.205 0.9991 1.0000 0.9769 0.9983 1.0000 1.0000 1.0000 1.0000 1.0000 1.0000 1.0000 1.0000 1.0000 1.0000 1.0000 1.0000 1.0000 1.0000 1.0000 1.0000 1.0000 1.0000 1.0000
 2754.00 0.7367 0.7595 0.9789 0.9993 1.0000 1.0000 0.9957 0.9999 0.9960 1.0000 0.9989   0.306 0.9989 1.0000 0.9814 0.9986 1.0000 1.0000 1.0000 1.0000 1.0000 1.0000 1.0000 1.0000 1.0000 1.0000 1.0000 1.0000 1.0000 1.0000 1.0000 1.0000 1.0000 1.0000 1.0000
 2755.00 0.9587 0.9756 0.9918 0.9992 1.0000 1.0000 0.9957 0.9999 0.9960 1.0000 0.9989   0.042 0.9995 1.0000 0.9939 0.9985 1.0000 1.0000 1.0000 1.0000 1.0000 1.0000 1.0000 1.0000 1.0000 1.0000 1.0000 1.0000 1.0000 1.0000 1.0000 1.0000 1.0000 1.0000 1.0000
 2756.00 0.8444 0.9262 0.9199 0.9994 1.0000 1.0000 0.9957 0.9999 0.9960 1.0000 0.9989   0.169 0.9995 1.0000 0.9224 0.9978 1.0000 1.0000 1.0000 1.0000 1.0000 1.0000 1.0000 1.0000 1.0000 1.0000 1.0000 1.0000 1.0000 1.0000 1.0000 1.0000 1.0000 1.0000 1.0000
 2757.00 0.6052 0.7314 0.8350 0.9992 1.0000 1.0000 0.9958 0.9999 0.9960 1.0000 0.9989   0.502 0.9998 1.0000 0.8362 0.9988 1.0000 1.0000 1.0000 1.0000 1.0000 1.0000 1.0000 1.0000 1.0000 1.0000 1.0000 1.0000 1.0000 1.0000 1.0000 1.0000 1.0000 1.0000 1.0000
 2758.00 0.7305 0.9266 0.7954 0.9994 1.0000 1.0000 0.9958 0.9999 0.9959 1.0000 0.9989   0.314 0.9997 1.0000 0.7973 0.9980 1.0000 1.0000 1.0000 1.0000 1.0000 1.0000 1.0000 1.0000 1.0000 1.0000 1.0000 1.0000 1.0000 1.0000 1.0000 1.0000 1.0000 1.0000 1.0000
 2759.00 0.8892 0.9214 0.9742 0.9990 1.0000 1.0000 0.9958 0.9999 0.9959 1.0000 0.9989   0.117 0.9992 1.0000 0.9771 0.9978 1.0000 1.0000 1.0000 1.0000 1.0000 1.0000 1.0000 1.0000 1.0000 1.0000 1.0000 1.0000 1.0000 1.0000 1.0000 1.0000 1.0000 1.0000 1.0000
 2760.00 0.9427 0.9863 0.9649 0.9989 1.0000 1.0000 0.9958 0.9999 0.9959 1.0000 0.9989   0.059 0.9993 1.0000 0.9680 0.9975 1.0000 1.0000 1.0000 1.0000 1.0000 1.0000 1.0000 1.0000 1.0000 1.0000 1.0000 1.0000 1.0000 1.0000 1.0000 1.0000 1.0000 1.0000 1.0000
 2761.00 0.9347 0.9931 0.9499 0.9992 1.0000 1.0000 0.9958 0.9999 0.9959 1.0000 0.9989   0.068 0.9991 1.0000 0.9536 0.9970 1.0000 1.0000 1.0000 1.0000 1.0000 1.0000 1.0000 1.0000 1.0000 1.0000 1.0000 1.0000 1.0000 1.0000 1.0000 1.0000 1.0000 1.0000 1.0000
 2762.00 0.9103 0.9567 0.9606 0.9989 1.0000 1.0000 0.9958 0.9999 0.9959 1.0000 0.9988   0.094 0.9985 1.0000 0.9655 0.9963 1.0000 1.0000 1.0000 1.0000 1.0000 1.0000 1.0000 1.0000 1.0000 1.0000 1.0000 1.0000 1.0000 1.0000 1.0000 1.0000 1.0000 1.0000 1.0000
 2763.00 0.9362 0.9766 0.9676 0.9991 1.0000 1.0000 0.9958 0.9999 0.9959 1.0000 0.9988   0.066 0.9988 1.0000 0.9729 0.9958 1.0000 1.0000 1.0000 1.0000 1.0000 1.0000 1.0000 1.0000 1.0000 1.0000 1.0000 1.0000 1.0000 1.0000 1.0000 1.0000 1.0000 1.0000 1.0000
 2764.00 0.8947 0.9224 0.9794 0.9988 1.0000 1.0000 0.9958 0.9999 0.9959 1.0000 0.9988   0.111 0.9987 1.0000 0.9843 0.9964 1.0000 1.0000 1.0000 1.0000 1.0000 1.0000 1.0000 1.0000 1.0000 1.0000 1.0000 1.0000 1.0000 1.0000 1.0000 1.0000 1.0000 1.0000 1.0000
 2765.00 0.6856 0.7052 0.9818 0.9986 1.0000 1.0000 0.9958 0.9999 0.9959 1.0000 0.9988   0.377 0.9979 1.0000 0.9879 0.9960 1.0000 1.0000 1.0000 1.0000 1.0000 1.0000 1.0000 1.0000 1.0000 1.0000 1.0000 1.0000 1.0000 1.0000 1.0000 1.0000 1.0000 1.0000 1.0000
 2766.00 0.9363 0.9577 0.9871 0.9989 1.0000 1.0000 0.9957 0.9999 0.9959 1.0000 0.9988   0.066 0.9987 1.0000 0.9928 0.9955 1.0000 1.0000 1.0000 1.0000 1.0000 1.0000 1.0000 1.0000 1.0000 1.0000 1.0000 1.0000 1.0000 1.0000 1.0000 1.0000 1.0000 1.0000 1.0000
 2767.00 0.5686 0.5920 0.9699 0.9986 1.0000 1.0000 0.9957 0.9999 0.9959 1.0000 0.9988   0.565 0.9985 1.0000 0.9766 0.9947 1.0000 1.0000 1.0000 1.0000 1.0000 1.0000 1.0000 1.0000 1.0000 1.0000 1.0000 1.0000 1.0000 1.0000 1.0000 1.0000 1.0000 1.0000 1.0000
 2768.00 0.7785 0.8836 0.8894 0.9990 1.0000 1.0000 0.9957 0.9999 0.9959 1.0000 0.9988   0.250 0.9977 1.0000 0.8965 0.9944 1.0000 1.0000 1.0000 1.0000 1.0000 1.0000 1.0000 1.0000 1.0000 1.0000 1.0000 1.0000 1.0000 1.0000 1.0000 1.0000 1.0000 1.0000 1.0000
 2769.00 0.7162 0.7680 0.9420 0.9985 1.0000 1.0000 0.9957 0.9999 0.9959 1.0000 0.9988   0.334 0.9986 1.0000 0.9499 0.9931 1.0000 1.0000 1.0000 1.0000 1.0000 1.0000 1.0000 1.0000 1.0000 1.0000 1.0000 1.0000 1.0000 1.0000 1.0000 1.0000 1.0000 1.0000 1.0000
 2770.00 0.7060 0.7360 0.9686 0.9988 1.0000 1.0000 0.9957 0.9999 0.9959 1.0000 0.9988   0.348 0.9983 1.0000 0.9780 0.9920 1.0000 1.0000 1.0000 1.0000 1.0000 1.0000 1.0000 1.0000 1.0000 1.0000 1.0000 1.0000 1.0000 1.0000 1.0000 1.0000 1.0000 1.0000 1.0000
 2771.00 0.8833 0.9509 0.9382 0.9987 1.0000 1.0000 0.9957 0.9999 0.9959 1.0000 0.9988   0.124 0.9977 1.0000 0.9477 0.9922 1.0000 1.0000 1.0000 1.0000 1.0000 1.0000 1.0000 1.0000 1.0000 1.0000 1.0000 1.0000 1.0000 1.0000 1.0000 1.0000 1.0000 1.0000 1.0000
 2772.00 0.4276 0.6278 0.6879 0.9985 1.0000 1.0000 0.9957 0.9999 0.9959 1.0000 0.9988   0.850 0.9984 1.0000 0.6957 0.9904 1.0000 1.0000 1.0000 1.0000 1.0000 1.0000 1.0000 1.0000 1.0000 1.0000 1.0000 1.0000 1.0000 1.0000 1.0000 1.0000 1.0000 1.0000 1.0000
 2773.00 0.7549 0.9301 0.8196 0.9987 1.0000 1.0000 0.9956 0.9999 0.9959 1.0000 0.9988   0.281 0.9986 1.0000 0.8303 0.9887 1.0000 1.0000 1.0000 1.0000 1.0000 1.0000 1.0000 1.0000 1.0000 1.0000 1.0000 1.0000 1.0000 1.0000 1.0000 1.0000 1.0000 1.0000 1.0000
 2774.00 0.8382 0.9864 0.8583 0.9987 1.0000 1.0000 0.9956 0.9999 0.9959 1.0000 0.9988   0.176 0.9985 1.0000 0.8725 0.9852 1.0000 1.0000 1.0000 1.0000 1.0000 1.0000 1.0000 1.0000 1.0000 1.0000 1.0000 1.0000 1.0000 1.0000 1.0000 1.0000 1.0000 1.0000 1.0000
 2775.00 0.9389 0.9904 0.9573 0.9989 1.0000 1.0000 0.9956 0.9999 0.9959 1.0000 0.9988   0.063 0.9978 1.0000 0.9754 0.9836 1.0000 1.0000 1.0000 1.0000 1.0000 1.0000 1.0000 1.0000 1.0000 1.0000 1.0000 1.0000 1.0000 1.0000 1.0000 1.0000 1.0000 1.0000 1.0000
 2776.00 0.9330 0.9750 0.9664 0.9988 1.0000 1.0000 0.9956 0.9999 0.9958 1.0000 0.9988   0.069 0.9986 1.0000 0.9769 0.9907 1.0000 1.0000 1.0000 1.0000 1.0000 1.0000 1.0000 1.0000 1.0000 1.0000 1.0000 1.0000 1.0000 1.0000 1.0000 1.0000 1.0000 1.0000 1.0000
 2777.00 0.5978 0.6399 0.9434 0.9990 1.0000 1.0000 0.9956 0.9999 0.9958 1.0000 0.9988   0.514 0.9987 1.0000 0.9541 0.9900 1.0000 1.0000 1.0000 1.0000 1.0000 1.0000 1.0000 1.0000 1.0000 1.0000 1.0000 1.0000 1.0000 1.0000 1.0000 1.0000 1.0000 1.0000 1.0000
 2778.00 0.8376 0.8943 0.9459 0.9989 1.0000 1.0000 0.9955 0.9999 0.9958 1.0000 0.9988   0.177 0.9987 1.0000 0.9570 0.9897 1.0000 1.0000 1.0000 1.0000 1.0000 1.0000 1.0000 1.0000 1.0000 1.0000 1.0000 1.0000 1.0000 1.0000 1.0000 1.0000 1.0000 1.0000 1.0000
 2779.00 0.8934 0.9622 0.9374 0.9992 1.0000 1.0000 0.9955 0.9999 0.9958 1.0000 0.9988   0.113 0.9981 1.0000 0.9497 0.9889 1.0000 1.0000 1.0000 1.0000 1.0000 1.0000 1.0000 1.0000 1.0000 1.0000 1.0000 1.0000 1.0000 1.0000 1.0000 1.0000 1.0000 1.0000 1.0000
 2780.00 0.5712 0.5982 0.9642 0.9991 1.0000 1.0000 0.9955 0.9999 0.9958 1.0000 0.9988   0.560 0.9988 1.0000 0.9772 0.9879 1.0000 1.0000 1.0000 1.0000 1.0000 1.0000 1.0000 1.0000 1.0000 1.0000 1.0000 1.0000 1.0000 1.0000 1.0000 1.0000 1.0000 1.0000 1.0000
 2781.00 0.8667 0.9678 0.9042 0.9993 1.0000 1.0000 0.9955 0.9999 0.9958 1.0000 0.9988   0.143 0.9988 1.0000 0.9183 0.9858 1.0000 1.0000 1.0000 1.0000 1.0000 1.0000 1.0000 1.0000 1.0000 1.0000 1.0000 1.0000 1.0000 1.0000 1.0000 1.0000 1.0000 1.0000 1.0000
 2782.00 0.8930 0.9396 0.9597 0.9991 1.0000 1.0000 0.9955 0.9999 0.9958 1.0000 0.9988   0.113 0.9986 1.0000 0.9785 0.9822 1.0000 1.0000 1.0000 1.0000 1.0000 1.0000 1.0000 1.0000 1.0000 1.0000 1.0000 1.0000 1.0000 1.0000 1.0000 1.0000 1.0000 1.0000 1.0000
 2783.00 0.4159 0.4513 0.9309 0.9988 1.0000 1.0000 0.9955 0.9999 0.9958 1.0000 0.9988   0.877 0.9989 1.0000 0.9563 0.9746 1.0000 1.0000 1.0000 1.0000 1.0000 1.0000 1.0000 1.0000 1.0000 1.0000 1.0000 1.0000 1.0000 1.0000 1.0000 1.0000 1.0000 1.0000 1.0000
 2784.00 0.7525 0.9054 0.8403 0.9979 1.0000 1.0000 0.9955 0.9999 0.9958 1.0000 0.9988   0.284 0.9991 1.0000 0.8718 0.9648 1.0000 1.0000 1.0000 1.0000 1.0000 1.0000 1.0000 1.0000 1.0000 1.0000 1.0000 1.0000 1.0000 1.0000 1.0000 1.0000 1.0000 1.0000 1.0000
 2785.00 0.8195 0.9008 0.9209 0.9967 1.0000 1.0000 0.9954 0.9999 0.9958 1.0000 0.9988   0.199 0.9992 1.0000 0.9337 0.9871 1.0000 1.0000 1.0000 1.0000 1.0000 1.0000 1.0000 1.0000 1.0000 1.0000 1.0000 1.0000 1.0000 1.0000 1.0000 1.0000 1.0000 1.0000 1.0000
 2786.00 0.6488 0.7043 0.9296 0.9998 1.0000 1.0000 0.9954 0.9999 0.9958 1.0000 0.9988   0.433 0.9988 1.0000 0.9433 0.9866 1.0000 1.0000 1.0000 1.0000 1.0000 1.0000 1.0000 1.0000 1.0000 1.0000 1.0000 1.0000 1.0000 1.0000 1.0000 1.0000 1.0000 1.0000 1.0000
 2787.00 0.6166 0.6661 0.9341 0.9999 1.0000 1.0000 0.9954 0.9999 0.9958 1.0000 0.9988   0.483 0.9993 1.0000 0.9469 0.9871 1.0000 1.0000 1.0000 1.0000 1.0000 1.0000 1.0000 1.0000 1.0000 1.0000 1.0000 1.0000 1.0000 1.0000 1.0000 1.0000 1.0000 1.0000 1.0000
 2788.00 0.7320 0.8928 0.8277 0.9996 1.0000 1.0000 0.9954 0.9999 0.9958 1.0000 0.9988   0.312 0.9994 1.0000 0.8393 0.9868 1.0000 1.0000 1.0000 1.0000 1.0000 1.0000 1.0000 1.0000 1.0000 1.0000 1.0000 1.0000 1.0000 1.0000 1.0000 1.0000 1.0000 1.0000 1.0000
 2789.00 0.5984 0.7838 0.7708 0.9995 1.0000 1.0000 0.9954 0.9999 0.9958 1.0000 0.9988   0.514 0.9993 1.0000 0.7811 0.9874 1.0000 1.0000 1.0000 1.0000 1.0000 1.0000 1.0000 1.0000 1.0000 1.0000 1.0000 1.0000 1.0000 1.0000 1.0000 1.0000 1.0000 1.0000 1.0000
 2790.00 0.6434 0.7375 0.8808 0.9994 1.0000 1.0000 0.9954 0.9999 0.9958 1.0000 0.9988   0.441 0.9996 1.0000 0.8920 0.9879 1.0000 1.0000 1.0000 1.0000 1.0000 1.0000 1.0000 1.0000 1.0000 1.0000 1.0000 1.0000 1.0000 1.0000 1.0000 1.0000 1.0000 1.0000 1.0000
 2791.00 0.8192 0.9055 0.9139 0.9987 1.0000 1.0000 0.9954 0.9999 0.9958 1.0000 0.9988   0.199 0.9995 1.0000 0.9315 0.9816 1.0000 1.0000 1.0000 1.0000 1.0000 1.0000 1.0000 1.0000 1.0000 1.0000 1.0000 1.0000 1.0000 1.0000 1.0000 1.0000 1.0000 1.0000 1.0000
 2792.00 0.4881 0.6543 0.7536 0.9987 1.0000 1.0000 0.9954 0.9999 0.9958 1.0000 0.9988   0.717 0.9995 1.0000 0.7641 0.9868 1.0000 1.0000 1.0000 1.0000 1.0000 1.0000 1.0000 1.0000 1.0000 1.0000 1.0000 1.0000 1.0000 1.0000 1.0000 1.0000 1.0000 1.0000 1.0000
 2793.00 0.8764 0.9788 0.9050 0.9983 1.0000 1.0000 0.9954 0.9999 0.9957 1.0000 0.9988   0.132 0.9996 1.0000 0.9177 0.9866 1.0000 1.0000 1.0000 1.0000 1.0000 1.0000 1.0000 1.0000 1.0000 1.0000 1.0000 1.0000 1.0000 1.0000 1.0000 1.0000 1.0000 1.0000 1.0000
 2794.00 0.8874 0.9886 0.9072 0.9984 1.0000 1.0000 0.9954 0.9999 0.9957 1.0000 0.9987   0.119 0.9995 1.0000 0.9263 0.9798 1.0000 1.0000 1.0000 1.0000 1.0000 1.0000 1.0000 1.0000 1.0000 1.0000 1.0000 1.0000 1.0000 1.0000 1.0000 1.0000 1.0000 1.0000 1.0000
 2795.00 0.8228 0.9624 0.8647 0.9976 1.0000 1.0000 0.9954 0.9999 0.9957 1.0000 0.9987   0.195 0.9995 1.0000 0.8947 0.9669 1.0000 1.0000 1.0000 1.0000 1.0000 1.0000 1.0000 1.0000 1.0000 1.0000 1.0000 1.0000 1.0000 1.0000 1.0000 1.0000 1.0000 1.0000 1.0000
 2796.00 0.6153 0.6893 0.9030 0.9974 1.0000 1.0000 0.9954 0.9999 0.9957 1.0000 0.9987   0.486 0.9996 1.0000 0.9784 0.9234 1.0000 1.0000 1.0000 1.0000 1.0000 1.0000 1.0000 1.0000 1.0000 1.0000 1.0000 1.0000 1.0000 1.0000 1.0000 1.0000 1.0000 1.0000 1.0000
 2797.00 0.5790 0.7315 0.8005 0.9976 1.0000 1.0000 0.9954 0.9999 0.9957 1.0000 0.9987   0.547 0.9993 1.0000 0.9590 0.8353 1.0000 1.0000 1.0000 1.0000 1.0000 1.0000 1.0000 1.0000 1.0000 1.0000 1.0000 1.0000 1.0000 1.0000 1.0000 1.0000 1.0000 1.0000 1.0000
 2798.00 0.4926 0.7293 0.6833 0.9974 1.0000 1.0000 0.9954 0.9999 0.9957 1.0000 0.9987   0.708 0.9995 1.0000 0.9210 0.7423 1.0000 1.0000 1.0000 1.0000 1.0000 1.0000 1.0000 1.0000 1.0000 1.0000 1.0000 1.0000 1.0000 1.0000 1.0000 1.0000 1.0000 1.0000 1.0000
 2799.00 0.7288 0.9057 0.8139 0.9976 1.0000 1.0000 0.9954 0.9999 0.9957 1.0000 0.9987   0.316 0.9995 1.0000 0.8261 0.9857 1.0000 1.0000 1.0000 1.0000 1.0000 1.0000 1.0000 1.0000 1.0000 1.0000 1.0000 1.0000 1.0000 1.0000 1.0000 1.0000 1.0000 1.0000 1.0000
 2800.00 0.7260 0.8698 0.8443 0.9976 1.0000 1.0000 0.9954 0.9999 0.9957 1.0000 0.9987   0.320 0.9994 1.0000 0.8515 0.9922 1.0000 1.0000 1.0000 1.0000 1.0000 1.0000 1.0000 1.0000 1.0000 1.0000 1.0000 1.0000 1.0000 1.0000 1.0000 1.0000 1.0000 1.0000 1.0000
 2801.00 0.6667 0.6902 0.9769 0.9978 1.0000 1.0000 0.9954 0.9999 0.9957 1.0000 0.9987   0.405 0.9993 1.0000 0.9860 0.9915 1.0000 1.0000 1.0000 1.0000 1.0000 1.0000 1.0000 1.0000 1.0000 1.0000 1.0000 1.0000 1.0000 1.0000 1.0000 1.0000 1.0000 1.0000 1.0000
 2802.00 0.6228 0.6456 0.9752 0.9981 1.0000 1.0000 0.9954 0.9999 0.9957 1.0000 0.9987   0.474 0.9995 1.0000 0.9912 0.9844 1.0000 1.0000 1.0000 1.0000 1.0000 1.0000 1.0000 1.0000 1.0000 1.0000 1.0000 1.0000 1.0000 1.0000 1.0000 1.0000 1.0000 1.0000 1.0000
 2803.00 0.5401 0.6571 0.8303 0.9988 1.0000 1.0000 0.9955 0.9999 0.9957 1.0000 0.9987   0.616 0.9993 1.0000 0.8404 0.9887 1.0000 1.0000 1.0000 1.0000 1.0000 1.0000 1.0000 1.0000 1.0000 1.0000 1.0000 1.0000 1.0000 1.0000 1.0000 1.0000 1.0000 1.0000 1.0000
 2804.00 0.7382 0.9269 0.8044 0.9991 1.0000 1.0000 0.9955 0.9999 0.9957 1.0000 0.9987   0.304 0.9993 1.0000 0.8149 0.9878 1.0000 1.0000 1.0000 1.0000 1.0000 1.0000 1.0000 1.0000 1.0000 1.0000 1.0000 1.0000 1.0000 1.0000 1.0000 1.0000 1.0000 1.0000 1.0000
 2805.00 0.7543 0.9719 0.7834 0.9996 1.0000 1.0000 0.9955 0.9999 0.9957 1.0000 0.9987   0.282 0.9995 1.0000 0.7941 0.9871 1.0000 1.0000 1.0000 1.0000 1.0000 1.0000 1.0000 1.0000 1.0000 1.0000 1.0000 1.0000 1.0000 1.0000 1.0000 1.0000 1.0000 1.0000 1.0000
 2806.00 0.8929 0.9770 0.9222 0.9999 1.0000 1.0000 0.9955 0.9999 0.9957 1.0000 0.9987   0.113 0.9993 1.0000 0.9444 0.9771 1.0000 1.0000 1.0000 1.0000 1.0000 1.0000 1.0000 1.0000 1.0000 1.0000 1.0000 1.0000 1.0000 1.0000 1.0000 1.0000 1.0000 1.0000 1.0000
 2807.00 0.9241 0.9543 0.9771 1.0000 1.0000 1.0000 0.9955 0.9999 0.9957 1.0000 0.9987   0.079 0.9993 1.0000 0.9927 0.9849 1.0000 1.0000 1.0000 1.0000 1.0000 1.0000 1.0000 1.0000 1.0000 1.0000 1.0000 1.0000 1.0000 1.0000 1.0000 1.0000 1.0000 1.0000 1.0000
 2808.00 0.9328 0.9829 0.9576 1.0000 1.0000 1.0000 0.9955 0.9999 0.9957 1.0000 0.9987   0.070 0.9995 1.0000 0.9726 0.9850 1.0000 1.0000 1.0000 1.0000 1.0000 1.0000 1.0000 1.0000 1.0000 1.0000 1.0000 1.0000 1.0000 1.0000 1.0000 1.0000 1.0000 1.0000 1.0000
 2809.00 0.5626 0.7012 0.8096 1.0000 1.0000 1.0000 0.9956 0.9999 0.9957 1.0000 0.9987   0.575 0.9994 1.0000 0.8315 0.9743 1.0000 1.0000 1.0000 1.0000 1.0000 1.0000 1.0000 1.0000 1.0000 1.0000 1.0000 1.0000 1.0000 1.0000 1.0000 1.0000 1.0000 1.0000 1.0000
 2810.00 0.8711 0.9418 0.9332 1.0000 1.0000 1.0000 0.9956 0.9999 0.9956 1.0000 0.9987   0.138 0.9996 1.0000 0.9482 0.9846 1.0000 1.0000 1.0000 1.0000 1.0000 1.0000 1.0000 1.0000 1.0000 1.0000 1.0000 1.0000 1.0000 1.0000 1.0000 1.0000 1.0000 1.0000 1.0000
 2811.00 0.6910 0.7391 0.9432 1.0000 1.0000 1.0000 0.9956 0.9999 0.9956 1.0000 0.9987   0.370 0.9995 1.0000 0.9582 0.9849 1.0000 1.0000 1.0000 1.0000 1.0000 1.0000 1.0000 1.0000 1.0000 1.0000 1.0000 1.0000 1.0000 1.0000 1.0000 1.0000 1.0000 1.0000 1.0000
 2812.00 0.8262 0.8852 0.9418 1.0000 1.0000 1.0000 0.9956 0.9999 0.9956 1.0000 0.9987   0.191 0.9995 1.0000 0.9663 0.9751 1.0000 1.0000 1.0000 1.0000 1.0000 1.0000 1.0000 1.0000 1.0000 1.0000 1.0000 1.0000 1.0000 1.0000 1.0000 1.0000 1.0000 1.0000 1.0000
 2813.00 0.5022 0.5864 0.8640 1.0000 1.0000 1.0000 0.9957 0.9999 0.9956 1.0000 0.9987   0.689 0.9996 1.0000 0.8770 0.9855 1.0000 1.0000 1.0000 1.0000 1.0000 1.0000 1.0000 1.0000 1.0000 1.0000 1.0000 1.0000 1.0000 1.0000 1.0000 1.0000 1.0000 1.0000 1.0000
 2814.00 0.5904 0.6970 0.8546 1.0000 1.0000 1.0000 0.9957 0.9999 0.9956 1.0000 0.9987   0.527 0.9997 1.0000 0.8747 0.9773 1.0000 1.0000 1.0000 1.0000 1.0000 1.0000 1.0000 1.0000 1.0000 1.0000 1.0000 1.0000 1.0000 1.0000 1.0000 1.0000 1.0000 1.0000 1.0000
 2815.00 0.6177 0.6641 0.9384 1.0000 1.0000 1.0000 0.9957 0.9999 0.9956 1.0000 0.9987   0.482 0.9995 1.0000 0.9508 0.9875 1.0000 1.0000 1.0000 1.0000 1.0000 1.0000 1.0000 1.0000 1.0000 1.0000 1.0000 1.0000 1.0000 1.0000 1.0000 1.0000 1.0000 1.0000 1.0000
 2816.00 0.8463 0.9144 0.9338 1.0000 1.0000 1.0000 0.9957 0.9999 0.9956 1.0000 0.9987   0.167 0.9997 1.0000 0.9527 0.9804 1.0000 1.0000 1.0000 1.0000 1.0000 1.0000 1.0000 1.0000 1.0000 1.0000 1.0000 1.0000 1.0000 1.0000 1.0000 1.0000 1.0000 1.0000 1.0000
 2817.00 0.6391 0.7477 0.8624 1.0000 1.0000 1.0000 0.9958 0.9999 0.9956 1.0000 0.9987   0.448 0.9998 1.0000 0.8716 0.9896 1.0000 1.0000 1.0000 1.0000 1.0000 1.0000 1.0000 1.0000 1.0000 1.0000 1.0000 1.0000 1.0000 1.0000 1.0000 1.0000 1.0000 1.0000 1.0000
 2818.00 0.9180 0.9802 0.9448 1.0000 1.0000 1.0000 0.9958 0.9999 0.9956 1.0000 0.9987   0.086 0.9997 1.0000 0.9604 0.9840 1.0000 1.0000 1.0000 1.0000 1.0000 1.0000 1.0000 1.0000 1.0000 1.0000 1.0000 1.0000 1.0000 1.0000 1.0000 1.0000 1.0000 1.0000 1.0000
 2819.00 0.6302 0.7993 0.7954 1.0000 1.0000 1.0000 0.9958 0.9999 0.9956 1.0000 0.9987   0.462 0.9998 1.0000 0.8022 0.9918 1.0000 1.0000 1.0000 1.0000 1.0000 1.0000 1.0000 1.0000 1.0000 1.0000 1.0000 1.0000 1.0000 1.0000 1.0000 1.0000 1.0000 1.0000 1.0000
 2820.00 0.7724 0.9345 0.8338 1.0000 1.0000 1.0000 0.9958 0.9999 0.9956 1.0000 0.9987   0.258 0.9998 1.0000 0.8444 0.9877 1.0000 1.0000 1.0000 1.0000 1.0000 1.0000 1.0000 1.0000 1.0000 1.0000 1.0000 1.0000 1.0000 1.0000 1.0000 1.0000 1.0000 1.0000 1.0000
 2821.00 0.7170 0.8979 0.8055 1.0000 1.0000 1.0000 0.9959 0.9999 0.9956 1.0000 0.9987   0.333 0.9998 1.0000 0.8107 0.9938 1.0000 1.0000 1.0000 1.0000 1.0000 1.0000 1.0000 1.0000 1.0000 1.0000 1.0000 1.0000 1.0000 1.0000 1.0000 1.0000 1.0000 1.0000 1.0000
 2822.00 0.5398 0.6950 0.7834 1.0000 1.0000 1.0000 0.9959 0.9999 0.9956 1.0000 0.9987   0.617 0.9999 1.0000 0.7906 0.9910 1.0000 1.0000 1.0000 1.0000 1.0000 1.0000 1.0000 1.0000 1.0000 1.0000 1.0000 1.0000 1.0000 1.0000 1.0000 1.0000 1.0000 1.0000 1.0000
 2823.00 0.6493 0.9053 0.7234 1.0000 1.0000 1.0000 0.9959 0.9999 0.9956 1.0000 0.9987   0.432 0.9998 1.0000 0.7268 0.9956 1.0000 1.0000 1.0000 1.0000 1.0000 1.0000 1.0000 1.0000 1.0000 1.0000 1.0000 1.0000 1.0000 1.0000 1.0000 1.0000 1.0000 1.0000 1.0000
 2824.00 0.4862 0.6466 0.7584 1.0000 1.0000 1.0000 0.9960 0.9999 0.9956 1.0000 0.9987   0.721 0.9998 1.0000 0.7634 0.9936 1.0000 1.0000 1.0000 1.0000 1.0000 1.0000 1.0000 1.0000 1.0000 1.0000 1.0000 1.0000 1.0000 1.0000 1.0000 1.0000 1.0000 1.0000 1.0000
 2825.00 0.5395 0.7185 0.7574 1.0000 1.0000 1.0000 0.9960 0.9999 0.9956 1.0000 0.9986   0.617 0.9999 1.0000 0.7612 0.9952 1.0000 1.0000 1.0000 1.0000 1.0000 1.0000 1.0000 1.0000 1.0000 1.0000 1.0000 1.0000 1.0000 1.0000 1.0000 1.0000 1.0000 1.0000 1.0000
 2826.00 0.7603 0.9823 0.7807 1.0000 1.0000 1.0000 0.9960 0.9999 0.9955 1.0000 0.9986   0.274 0.9999 1.0000 0.7838 0.9962 1.0000 1.0000 1.0000 1.0000 1.0000 1.0000 1.0000 1.0000 1.0000 1.0000 1.0000 1.0000 1.0000 1.0000 1.0000 1.0000 1.0000 1.0000 1.0000
 2827.00 0.7609 0.7884 0.9734 1.0000 1.0000 1.0000 0.9961 0.9999 0.9955 1.0000 0.9986   0.273 0.9999 1.0000 0.9752 0.9983 1.0000 1.0000 1.0000 1.0000 1.0000 1.0000 1.0000 1.0000 1.0000 1.0000 1.0000 1.0000 1.0000 1.0000 1.0000 1.0000 1.0000 1.0000 1.0000
 2828.00 0.4533 0.7306 0.6258 1.0000 1.0000 1.0000 0.9961 0.9999 0.9955 1.0000 0.9986   0.791 0.9999 1.0000 0.6273 0.9976 1.0000 1.0000 1.0000 1.0000 1.0000 1.0000 1.0000 1.0000 1.0000 1.0000 1.0000 1.0000 1.0000 1.0000 1.0000 1.0000 1.0000 1.0000 1.0000
 2829.00 0.7962 0.9440 0.8506 1.0000 1.0000 1.0000 0.9961 0.9999 0.9955 1.0000 0.9986   0.228 0.9999 1.0000 0.8523 0.9982 1.0000 1.0000 1.0000 1.0000 1.0000 1.0000 1.0000 1.0000 1.0000 1.0000 1.0000 1.0000 1.0000 1.0000 1.0000 1.0000 1.0000 1.0000 1.0000
 2830.00 0.6113 0.7398 0.8333 1.0000 1.0000 1.0000 0.9962 0.9999 0.9955 1.0000 0.9986   0.492 0.9999 1.0000 0.8345 0.9987 1.0000 1.0000 1.0000 1.0000 1.0000 1.0000 1.0000 1.0000 1.0000 1.0000 1.0000 1.0000 1.0000 1.0000 1.0000 1.0000 1.0000 1.0000 1.0000
 2831.00 0.8633 0.9751 0.8929 1.0000 1.0000 1.0000 0.9962 0.9999 0.9955 1.0000 0.9986   0.147 0.9999 1.0000 0.8938 0.9991 1.0000 1.0000 1.0000 1.0000 1.0000 1.0000 1.0000 1.0000 1.0000 1.0000 1.0000 1.0000 1.0000 1.0000 1.0000 1.0000 1.0000 1.0000 1.0000
 2832.00 0.6921 0.8003 0.8720 1.0000 1.0000 1.0000 0.9962 0.9999 0.9955 1.0000 0.9986   0.368 0.9999 1.0000 0.8727 0.9994 1.0000 1.0000 1.0000 1.0000 1.0000 1.0000 1.0000 1.0000 1.0000 1.0000 1.0000 1.0000 1.0000 1.0000 1.0000 1.0000 1.0000 1.0000 1.0000
 2833.00 0.9036 0.9359 0.9736 1.0000 1.0000 1.0000 0.9963 0.9999 0.9955 1.0000 0.9986   0.101 0.9999 1.0000 0.9741 0.9996 1.0000 1.0000 1.0000 1.0000 1.0000 1.0000 1.0000 1.0000 1.0000 1.0000 1.0000 1.0000 1.0000 1.0000 1.0000 1.0000 1.0000 1.0000 1.0000
 2834.00 0.7340 0.8122 0.9113 1.0000 1.0000 1.0000 0.9963 0.9999 0.9955 1.0000 0.9986   0.309 0.9999 1.0000 0.9116 0.9997 1.0000 1.0000 1.0000 1.0000 1.0000 1.0000 1.0000 1.0000 1.0000 1.0000 1.0000 1.0000 1.0000 1.0000 1.0000 1.0000 1.0000 1.0000 1.0000
 2835.00 0.6012 0.7407 0.8185 1.0000 1.0000 1.0000 0.9963 0.9999 0.9955 1.0000 0.9986   0.509 0.9999 1.0000 0.8187 0.9998 1.0000 1.0000 1.0000 1.0000 1.0000 1.0000 1.0000 1.0000 1.0000 1.0000 1.0000 1.0000 1.0000 1.0000 1.0000 1.0000 1.0000 1.0000 1.0000
 2836.00 0.8727 0.9496 0.9267 1.0000 1.0000 1.0000 0.9963 0.9999 0.9955 1.0000 0.9986   0.136 0.9999 1.0000 0.9269 0.9999 1.0000 1.0000 1.0000 1.0000 1.0000 1.0000 1.0000 1.0000 1.0000 1.0000 1.0000 1.0000 1.0000 1.0000 1.0000 1.0000 1.0000 1.0000 1.0000
 2837.00 0.9497 0.9816 0.9756 1.0000 1.0000 1.0000 0.9964 0.9999 0.9955 1.0000 0.9986   0.052 0.9999 1.0000 0.9758 0.9999 1.0000 1.0000 1.0000 1.0000 1.0000 1.0000 1.0000 1.0000 1.0000 1.0000 1.0000 1.0000 1.0000 1.0000 1.0000 1.0000 1.0000 1.0000 1.0000
 2838.00 0.6653 0.6832 0.9819 1.0000 1.0000 1.0000 0.9964 0.9999 0.9955 1.0000 0.9986   0.408 0.9999 1.0000 0.9821 1.0000 1.0000 1.0000 1.0000 1.0000 1.0000 1.0000 1.0000 1.0000 1.0000 1.0000 1.0000 1.0000 1.0000 1.0000 1.0000 1.0000 1.0000 1.0000 1.0000
 2839.00 0.9400 0.9605 0.9868 1.0000 1.0000 1.0000 0.9964 0.9999 0.9955 1.0000 0.9986   0.062 0.9999 1.0000 0.9869 1.0000 1.0000 1.0000 1.0000 1.0000 1.0000 1.0000 1.0000 1.0000 1.0000 1.0000 1.0000 1.0000 1.0000 1.0000 1.0000 1.0000 1.0000 1.0000 1.0000
 2840.00 0.8275 0.9106 0.9164 1.0000 1.0000 1.0000 0.9964 0.9999 0.9955 1.0000 0.9986   0.189 0.9999 1.0000 0.9164 1.0000 1.0000 1.0000 1.0000 1.0000 1.0000 1.0000 1.0000 1.0000 1.0000 1.0000 1.0000 1.0000 1.0000 1.0000 1.0000 1.0000 1.0000 1.0000 1.0000
 2841.00 0.8322 0.8815 0.9520 1.0000 1.0000 1.0000 0.9965 0.9999 0.9955 1.0000 0.9986   0.184 0.9999 1.0000 0.9520 1.0000 1.0000 1.0000 1.0000 1.0000 1.0000 1.0000 1.0000 1.0000 1.0000 1.0000 1.0000 1.0000 1.0000 1.0000 1.0000 1.0000 1.0000 1.0000 1.0000
 2842.00 0.8408 0.8774 0.9661 1.0000 1.0000 1.0000 0.9965 0.9999 0.9955 1.0000 0.9986   0.173 0.9999 1.0000 0.9662 1.0000 1.0000 1.0000 1.0000 1.0000 1.0000 1.0000 1.0000 1.0000 1.0000 1.0000 1.0000 1.0000 1.0000 1.0000 1.0000 1.0000 1.0000 1.0000 1.0000
 2843.00 0.8204 0.8804 0.9396 1.0000 1.0000 1.0000 0.9965 0.9999 0.9954 1.0000 0.9986   0.198 0.9999 1.0000 0.9396 1.0000 1.0000 1.0000 1.0000 1.0000 1.0000 1.0000 1.0000 1.0000 1.0000 1.0000 1.0000 1.0000 1.0000 1.0000 1.0000 1.0000 1.0000 1.0000 1.0000
 2844.00 0.8032 0.8378 0.9666 1.0000 1.0000 1.0000 0.9965 0.9999 0.9954 1.0000 0.9986   0.219 0.9999 1.0000 0.9667 1.0000 1.0000 1.0000 1.0000 1.0000 1.0000 1.0000 1.0000 1.0000 1.0000 1.0000 1.0000 1.0000 1.0000 1.0000 1.0000 1.0000 1.0000 1.0000 1.0000
 2845.00 0.7322 0.7803 0.9460 1.0000 1.0000 1.0000 0.9965 0.9999 0.9954 1.0000 0.9986   0.312 0.9999 1.0000 0.9461 1.0000 1.0000 1.0000 1.0000 1.0000 1.0000 1.0000 1.0000 1.0000 1.0000 1.0000 1.0000 1.0000 1.0000 1.0000 1.0000 1.0000 1.0000 1.0000 1.0000
 2846.00 0.8150 0.8374 0.9812 1.0000 1.0000 1.0000 0.9966 0.9999 0.9954 1.0000 0.9986   0.205 0.9999 1.0000 0.9812 1.0000 1.0000 1.0000 1.0000 1.0000 1.0000 1.0000 1.0000 1.0000 1.0000 1.0000 1.0000 1.0000 1.0000 1.0000 1.0000 1.0000 1.0000 1.0000 1.0000
 2847.00 0.9085 0.9439 0.9704 1.0000 1.0000 1.0000 0.9966 0.9999 0.9954 1.0000 0.9986   0.096 0.9999 1.0000 0.9705 1.0000 1.0000 1.0000 1.0000 1.0000 1.0000 1.0000 1.0000 1.0000 1.0000 1.0000 1.0000 1.0000 1.0000 1.0000 1.0000 1.0000 1.0000 1.0000 1.0000
 2848.00 0.7700 0.9339 0.8313 1.0000 1.0000 1.0000 0.9966 0.9999 0.9954 1.0000 0.9986   0.261 0.9999 1.0000 0.8313 1.0000 1.0000 1.0000 1.0000 1.0000 1.0000 1.0000 1.0000 1.0000 1.0000 1.0000 1.0000 1.0000 1.0000 1.0000 1.0000 1.0000 1.0000 1.0000 1.0000
 2849.00 0.8022 0.8689 0.9308 1.0000 1.0000 1.0000 0.9966 0.9999 0.9954 1.0000 0.9986   0.220 0.9999 1.0000 0.9308 1.0000 1.0000 1.0000 1.0000 1.0000 1.0000 1.0000 1.0000 1.0000 1.0000 1.0000 1.0000 1.0000 1.0000 1.0000 1.0000 1.0000 1.0000 1.0000 1.0000
 2850.00 0.9231 0.9406 0.9894 1.0000 1.0000 1.0000 0.9967 0.9999 0.9954 1.0000 0.9986   0.080 0.9999 1.0000 0.9895 1.0000 1.0000 1.0000 1.0000 1.0000 1.0000 1.0000 1.0000 1.0000 1.0000 1.0000 1.0000 1.0000 1.0000 1.0000 1.0000 1.0000 1.0000 1.0000 1.0000
 2851.00 0.8129 0.8470 0.9675 1.0000 1.0000 1.0000 0.9967 0.9999 0.9954 1.0000 0.9986   0.207 1.0000 1.0000 0.9676 1.0000 1.0000 1.0000 1.0000 1.0000 1.0000 1.0000 1.0000 1.0000 1.0000 1.0000 1.0000 1.0000 1.0000 1.0000 1.0000 1.0000 1.0000 1.0000 1.0000
 2852.00 0.8903 0.9544 0.9404 1.0000 1.0000 1.0000 0.9967 0.9999 0.9954 1.0000 0.9986   0.116 1.0000 1.0000 0.9405 1.0000 1.0000 1.0000 1.0000 1.0000 1.0000 1.0000 1.0000 1.0000 1.0000 1.0000 1.0000 1.0000 1.0000 1.0000 1.0000 1.0000 1.0000 1.0000 1.0000
 2853.00 0.9124 0.9924 0.9268 1.0000 1.0000 1.0000 0.9967 0.9999 0.9954 1.0000 0.9985   0.092 1.0000 1.0000 0.9269 1.0000 1.0000 1.0000 1.0000 1.0000 1.0000 1.0000 1.0000 1.0000 1.0000 1.0000 1.0000 1.0000 1.0000 1.0000 1.0000 1.0000 1.0000 1.0000 1.0000
 2854.00 0.6616 0.9140 0.7297 1.0000 1.0000 1.0000 0.9967 0.9999 0.9954 1.0000 0.9985   0.413 1.0000 1.0000 0.7298 1.0000 1.0000 1.0000 1.0000 1.0000 1.0000 1.0000 1.0000 1.0000 1.0000 1.0000 1.0000 1.0000 1.0000 1.0000 1.0000 1.0000 1.0000 1.0000 1.0000
 2855.00 0.7031 0.8088 0.8763 1.0000 1.0000 1.0000 0.9967 0.9999 0.9954 1.0000 0.9985   0.352 1.0000 1.0000 0.8763 1.0000 1.0000 1.0000 1.0000 1.0000 1.0000 1.0000 1.0000 1.0000 1.0000 1.0000 1.0000 1.0000 1.0000 1.0000 1.0000 1.0000 1.0000 1.0000 1.0000
 2856.00 0.8475 0.8693 0.9830 1.0000 1.0000 1.0000 0.9967 0.9999 0.9954 1.0000 0.9985   0.165 1.0000 1.0000 0.9830 1.0000 1.0000 1.0000 1.0000 1.0000 1.0000 1.0000 1.0000 1.0000 1.0000 1.0000 1.0000 1.0000 1.0000 1.0000 1.0000 1.0000 1.0000 1.0000 1.0000
 2857.00 0.8097 0.9453 0.8636 1.0000 1.0000 1.0000 0.9967 0.9999 0.9954 1.0000 0.9985   0.211 1.0000 1.0000 0.8636 1.0000 1.0000 1.0000 1.0000 1.0000 1.0000 1.0000 1.0000 1.0000 1.0000 1.0000 1.0000 1.0000 1.0000 1.0000 1.0000 1.0000 1.0000 1.0000 1.0000
 2858.00 0.8175 0.9825 0.8388 1.0000 1.0000 1.0000 0.9967 0.9999 0.9954 1.0000 0.9985   0.201 1.0000 1.0000 0.8389 1.0000 1.0000 1.0000 1.0000 1.0000 1.0000 1.0000 1.0000 1.0000 1.0000 1.0000 1.0000 1.0000 1.0000 1.0000 1.0000 1.0000 1.0000 1.0000 1.0000
 2859.00 0.8457 0.8781 0.9709 1.0000 1.0000 1.0000 0.9967 0.9999 0.9953 1.0000 0.9985   0.168 1.0000 1.0000 0.9709 1.0000 1.0000 1.0000 1.0000 1.0000 1.0000 1.0000 1.0000 1.0000 1.0000 1.0000 1.0000 1.0000 1.0000 1.0000 1.0000 1.0000 1.0000 1.0000 1.0000
 2860.00 0.9276 0.9862 0.9482 1.0000 1.0000 1.0000 0.9967 0.9999 0.9953 1.0000 0.9985   0.075 1.0000 1.0000 0.9482 1.0000 1.0000 1.0000 1.0000 1.0000 1.0000 1.0000 1.0000 1.0000 1.0000 1.0000 1.0000 1.0000 1.0000 1.0000 1.0000 1.0000 1.0000 1.0000 1.0000
 2861.00 0.8893 0.9237 0.9706 1.0000 1.0000 1.0000 0.9967 0.9999 0.9953 1.0000 0.9985   0.117 1.0000 1.0000 0.9706 1.0000 1.0000 1.0000 1.0000 1.0000 1.0000 1.0000 1.0000 1.0000 1.0000 1.0000 1.0000 1.0000 1.0000 1.0000 1.0000 1.0000 1.0000 1.0000 1.0000
 2862.00 0.7544 0.9174 0.8291 1.0000 1.0000 1.0000 0.9967 0.9999 0.9953 1.0000 0.9985   0.282 1.0000 1.0000 0.8291 1.0000 1.0000 1.0000 1.0000 1.0000 1.0000 1.0000 1.0000 1.0000 1.0000 1.0000 1.0000 1.0000 1.0000 1.0000 1.0000 1.0000 1.0000 1.0000 1.0000
 2863.00 0.7284 0.9566 0.7677 1.0000 1.0000 1.0000 0.9966 0.9999 0.9953 1.0000 0.9985   0.317 1.0000 1.0000 0.7678 1.0000 1.0000 1.0000 1.0000 1.0000 1.0000 1.0000 1.0000 1.0000 1.0000 1.0000 1.0000 1.0000 1.0000 1.0000 1.0000 1.0000 1.0000 1.0000 1.0000
 2864.00 0.6788 0.8127 0.8421 1.0000 1.0000 1.0000 0.9966 0.9999 0.9953 1.0000 0.9985   0.387 1.0000 1.0000 0.8422 1.0000 1.0000 1.0000 1.0000 1.0000 1.0000 1.0000 1.0000 1.0000 1.0000 1.0000 1.0000 1.0000 1.0000 1.0000 1.0000 1.0000 1.0000 1.0000 1.0000
 2865.00 0.6507 0.9221 0.7116 1.0000 1.0000 1.0000 0.9966 0.9999 0.9953 1.0000 0.9985   0.430 1.0000 1.0000 0.7116 1.0000 1.0000 1.0000 1.0000 1.0000 1.0000 1.0000 1.0000 1.0000 1.0000 1.0000 1.0000 1.0000 1.0000 1.0000 1.0000 1.0000 1.0000 1.0000 1.0000
 2866.00 0.6343 0.9148 0.6991 1.0000 1.0000 1.0000 0.9965 0.9999 0.9953 1.0000 0.9985   0.455 1.0000 1.0000 0.6992 1.0000 1.0000 1.0000 1.0000 1.0000 1.0000 1.0000 1.0000 1.0000 1.0000 1.0000 1.0000 1.0000 1.0000 1.0000 1.0000 1.0000 1.0000 1.0000 1.0000
 2867.00 0.6813 0.8384 0.8195 1.0000 1.0000 1.0000 0.9965 0.9999 0.9953 1.0000 0.9985   0.384 1.0000 1.0000 0.8196 1.0000 1.0000 1.0000 1.0000 1.0000 1.0000 1.0000 1.0000 1.0000 1.0000 1.0000 1.0000 1.0000 1.0000 1.0000 1.0000 1.0000 1.0000 1.0000 1.0000
 2868.00 0.8065 0.9208 0.8833 1.0000 1.0000 1.0000 0.9965 0.9999 0.9953 1.0000 0.9985   0.215 1.0000 1.0000 0.8833 1.0000 1.0000 1.0000 1.0000 1.0000 1.0000 1.0000 1.0000 1.0000 1.0000 1.0000 1.0000 1.0000 1.0000 1.0000 1.0000 1.0000 1.0000 1.0000 1.0000
 2869.00 0.8125 0.9781 0.8377 1.0000 1.0000 1.0000 0.9965 0.9999 0.9953 1.0000 0.9985   0.208 1.0000 1.0000 0.8377 1.0000 1.0000 1.0000 1.0000 1.0000 1.0000 1.0000 1.0000 1.0000 1.0000 1.0000 1.0000 1.0000 1.0000 1.0000 1.0000 1.0000 1.0000 1.0000 1.0000
 2870.00 0.9395 0.9901 0.9570 1.0000 1.0000 1.0000 0.9964 0.9999 0.9953 1.0000 0.9985   0.062 1.0000 1.0000 0.9571 1.0000 1.0000 1.0000 1.0000 1.0000 1.0000 1.0000 1.0000 1.0000 1.0000 1.0000 1.0000 1.0000 1.0000 1.0000 1.0000 1.0000 1.0000 1.0000 1.0000
 2871.00 0.7091 0.7840 0.9122 1.0000 1.0000 1.0000 0.9964 0.9999 0.9953 1.0000 0.9985   0.344 1.0000 1.0000 0.9122 1.0000 1.0000 1.0000 1.0000 1.0000 1.0000 1.0000 1.0000 1.0000 1.0000 1.0000 1.0000 1.0000 1.0000 1.0000 1.0000 1.0000 1.0000 1.0000 1.0000
 2872.00 0.8466 0.9509 0.8980 1.0000 1.0000 1.0000 0.9964 0.9999 0.9953 1.0000 0.9985   0.167 1.0000 1.0000 0.8980 1.0000 1.0000 1.0000 1.0000 1.0000 1.0000 1.0000 1.0000 1.0000 1.0000 1.0000 1.0000 1.0000 1.0000 1.0000 1.0000 1.0000 1.0000 1.0000 1.0000
 2873.00 0.8174 0.9258 0.8905 1.0000 1.0000 1.0000 0.9963 0.9999 0.9953 1.0000 0.9985   0.202 1.0000 1.0000 0.8905 1.0000 1.0000 1.0000 1.0000 1.0000 1.0000 1.0000 1.0000 1.0000 1.0000 1.0000 1.0000 1.0000 1.0000 1.0000 1.0000 1.0000 1.0000 1.0000 1.0000
 2874.00 0.7076 0.9787 0.7293 1.0000 1.0000 1.0000 0.9963 0.9999 0.9952 1.0000 0.9985   0.346 1.0000 1.0000 0.7294 1.0000 1.0000 1.0000 1.0000 1.0000 1.0000 1.0000 1.0000 1.0000 1.0000 1.0000 1.0000 1.0000 1.0000 1.0000 1.0000 1.0000 1.0000 1.0000 1.0000
 2875.00 0.4922 0.9717 0.5109 1.0000 1.0000 1.0000 0.9962 0.9999 0.9952 1.0000 0.9985   0.709 1.0000 1.0000 0.5110 1.0000 1.0000 1.0000 1.0000 1.0000 1.0000 1.0000 1.0000 1.0000 1.0000 1.0000 1.0000 1.0000 1.0000 1.0000 1.0000 1.0000 1.0000 1.0000 1.0000
 2876.00 0.6218 0.9465 0.6628 1.0000 1.0000 1.0000 0.9962 0.9999 0.9952 1.0000 0.9985   0.475 1.0000 1.0000 0.6628 1.0000 1.0000 1.0000 1.0000 1.0000 1.0000 1.0000 1.0000 1.0000 1.0000 1.0000 1.0000 1.0000 1.0000 1.0000 1.0000 1.0000 1.0000 1.0000 1.0000
 2877.00 0.7501 0.9269 0.8165 1.0000 1.0000 1.0000 0.9962 0.9999 0.9952 1.0000 0.9985   0.288 1.0000 1.0000 0.8165 1.0000 1.0000 1.0000 1.0000 1.0000 1.0000 1.0000 1.0000 1.0000 1.0000 1.0000 1.0000 1.0000 1.0000 1.0000 1.0000 1.0000 1.0000 1.0000 1.0000
 2878.00 0.7181 0.9419 0.7691 1.0000 1.0000 1.0000 0.9961 0.9999 0.9952 1.0000 0.9985   0.331 1.0000 1.0000 0.7692 1.0000 1.0000 1.0000 1.0000 1.0000 1.0000 1.0000 1.0000 1.0000 1.0000 1.0000 1.0000 1.0000 1.0000 1.0000 1.0000 1.0000 1.0000 1.0000 1.0000
 2879.00 0.7360 0.8251 0.8999 1.0000 1.0000 1.0000 0.9961 0.9999 0.9952 1.0000 0.9985   0.307 1.0000 1.0000 0.9000 1.0000 1.0000 1.0000 1.0000 1.0000 1.0000 1.0000 1.0000 1.0000 1.0000 1.0000 1.0000 1.0000 1.0000 1.0000 1.0000 1.0000 1.0000 1.0000 1.0000
 2880.00 0.6581 0.7036 0.9436 1.0000 1.0000 1.0000 0.9960 0.9999 0.9952 1.0000 0.9985   0.418 1.0000 1.0000 0.9437 1.0000 1.0000 1.0000 1.0000 1.0000 1.0000 1.0000 1.0000 1.0000 1.0000 1.0000 1.0000 1.0000 1.0000 1.0000 1.0000 1.0000 1.0000 1.0000 1.0000
 2881.00 0.8861 0.9377 0.9535 1.0000 1.0000 1.0000 0.9960 0.9999 0.9952 1.0000 0.9984   0.121 1.0000 1.0000 0.9536 1.0000 1.0000 1.0000 1.0000 1.0000 1.0000 1.0000 1.0000 1.0000 1.0000 1.0000 1.0000 1.0000 1.0000 1.0000 1.0000 1.0000 1.0000 1.0000 1.0000
 2882.00 0.9513 0.9903 0.9694 1.0000 1.0000 1.0000 0.9959 0.9999 0.9952 1.0000 0.9984   0.050 1.0000 1.0000 0.9695 1.0000 1.0000 1.0000 1.0000 1.0000 1.0000 1.0000 1.0000 1.0000 1.0000 1.0000 1.0000 1.0000 1.0000 1.0000 1.0000 1.0000 1.0000 1.0000 1.0000
 2883.00 0.8030 0.9643 0.8405 1.0000 0.9999 1.0000 0.9958 0.9999 0.9952 1.0000 0.9984   0.219 1.0000 1.0000 0.8406 0.9999 1.0000 1.0000 1.0000 0.9999 1.0000 1.0000 1.0000 1.0000 1.0000 1.0000 1.0000 1.0000 1.0000 1.0000 1.0000 1.0000 1.0000 1.0000 1.0000
 2884.00 0.7138 0.9437 0.7634 1.0000 1.0000 1.0000 0.9957 0.9999 0.9952 1.0000 0.9984   0.337 1.0000 1.0000 0.7635 0.9999 1.0000 1.0000 1.0000 1.0000 1.0000 1.0000 1.0000 1.0000 1.0000 1.0000 1.0000 1.0000 1.0000 1.0000 1.0000 1.0000 1.0000 1.0000 1.0000
 2885.00 0.3664 0.9517 0.3886 1.0000 1.0000 1.0000 0.9957 0.9999 0.9952 1.0000 0.9984   1.004 1.0000 1.0000 0.3887 0.9999 1.0000 1.0000 1.0000 1.0000 1.0000 1.0000 1.0000 1.0000 1.0000 1.0000 1.0000 1.0000 1.0000 1.0000 1.0000 1.0000 1.0000 1.0000 1.0000
 2886.00 0.5199 0.9768 0.5373 1.0000 1.0000 1.0000 0.9956 0.9999 0.9952 1.0000 0.9984   0.654 1.0000 1.0000 0.5374 0.9999 1.0000 1.0000 1.0000 1.0000 1.0000 1.0000 1.0000 1.0000 1.0000 1.0000 1.0000 1.0000 1.0000 1.0000 1.0000 1.0000 1.0000 1.0000 1.0000
 2887.00 0.6930 0.9808 0.7133 1.0000 0.9999 1.0000 0.9955 0.9999 0.9952 1.0000 0.9984   0.367 1.0000 1.0000 0.7134 0.9999 1.0000 1.0000 1.0000 0.9999 1.0000 1.0000 1.0000 1.0000 1.0000 1.0000 1.0000 1.0000 1.0000 1.0000 1.0000 1.0000 1.0000 1.0000 1.0000
 2888.00 0.9181 0.9833 0.9428 1.0000 0.9999 1.0000 0.9954 0.9999 0.9952 1.0000 0.9984   0.085 1.0000 1.0000 0.9430 0.9999 1.0000 1.0000 1.0000 0.9999 1.0000 1.0000 1.0000 1.0000 1.0000 1.0000 1.0000 1.0000 1.0000 1.0000 1.0000 1.0000 1.0000 1.0000 1.0000
 2889.00 0.8130 0.9529 0.8615 1.0000 0.9999 1.0000 0.9954 0.9999 0.9952 1.0000 0.9984   0.207 1.0000 1.0000 0.8617 0.9998 1.0000 1.0000 1.0000 0.9999 1.0000 1.0000 1.0000 1.0000 1.0000 1.0000 1.0000 1.0000 1.0000 1.0000 1.0000 1.0000 1.0000 1.0000 1.0000
 2890.00 0.7707 0.8017 0.9709 1.0000 0.9999 1.0000 0.9953 0.9999 0.9951 1.0000 0.9984   0.260 1.0000 1.0000 0.9711 0.9998 1.0000 1.0000 1.0000 0.9999 1.0000 1.0000 1.0000 1.0000 1.0000 1.0000 1.0000 1.0000 1.0000 1.0000 1.0000 1.0000 1.0000 1.0000 1.0000
 2891.00 0.8693 0.8905 0.9860 1.0000 0.9999 1.0000 0.9951 0.9999 0.9951 1.0000 0.9984   0.140 1.0000 1.0000 0.9864 0.9996 1.0000 1.0000 1.0000 0.9999 1.0000 1.0000 1.0000 1.0000 1.0000 1.0000 1.0000 1.0000 1.0000 1.0000 1.0000 1.0000 1.0000 1.0000 1.0000
 2892.00 0.9198 0.9541 0.9738 1.0000 0.9999 1.0000 0.9950 0.9999 0.9951 1.0000 0.9984   0.084 1.0000 1.0000 0.9740 0.9998 1.0000 1.0000 1.0000 0.9999 1.0000 1.0000 1.0000 1.0000 1.0000 1.0000 1.0000 1.0000 1.0000 1.0000 1.0000 1.0000 1.0000 1.0000 1.0000
 2893.00 0.7727 0.7989 0.9773 1.0000 0.9999 1.0000 0.9948 0.9999 0.9951 1.0000 0.9984   0.258 1.0000 1.0000 0.9773 1.0000 1.0000 1.0000 1.0000 0.9999 1.0000 1.0000 1.0000 1.0000 1.0000 1.0000 1.0000 1.0000 1.0000 1.0000 1.0000 1.0000 1.0000 1.0000 1.0000
 2894.00 0.3852 0.4564 0.8528 1.0000 0.9999 1.0000 0.9947 0.9999 0.9951 1.0000 0.9984   0.954 1.0000 1.0000 0.8528 1.0000 1.0000 1.0000 1.0000 0.9999 1.0000 1.0000 1.0000 1.0000 1.0000 1.0000 1.0000 1.0000 1.0000 1.0000 1.0000 1.0000 1.0000 1.0000 1.0000
 2895.00 0.4162 0.9509 0.4423 1.0000 0.9999 1.0000 0.9946 0.9999 0.9951 1.0000 0.9984   0.877 1.0000 1.0000 0.4423 1.0000 1.0000 1.0000 1.0000 0.9999 1.0000 1.0000 1.0000 1.0000 1.0000 1.0000 1.0000 1.0000 1.0000 1.0000 1.0000 1.0000 1.0000 1.0000 1.0000
 2896.00 0.3964 0.9691 0.4135 1.0000 0.9999 1.0000 0.9944 0.9999 0.9951 1.0000 0.9984   0.925 1.0000 1.0000 0.4135 1.0000 1.0000 1.0000 1.0000 0.9999 1.0000 1.0000 1.0000 1.0000 1.0000 1.0000 1.0000 1.0000 1.0000 1.0000 1.0000 1.0000 1.0000 1.0000 1.0000
 2897.00 0.5266 0.9914 0.5370 1.0000 0.9999 1.0000 0.9943 0.9999 0.9951 1.0000 0.9984   0.641 1.0000 1.0000 0.5370 1.0000 1.0000 1.0000 1.0000 0.9999 1.0000 1.0000 1.0000 1.0000 1.0000 1.0000 1.0000 1.0000 1.0000 1.0000 1.0000 1.0000 1.0000 1.0000 1.0000
 2898.00 0.8824 0.9782 0.9121 1.0000 0.9999 1.0000 0.9941 0.9999 0.9951 1.0000 0.9984   0.125 1.0000 1.0000 0.9122 0.9999 1.0000 1.0000 1.0000 0.9999 1.0000 1.0000 1.0000 1.0000 1.0000 1.0000 1.0000 1.0000 1.0000 1.0000 1.0000 1.0000 1.0000 1.0000 1.0000
 2899.00 0.7738 0.9551 0.8193 1.0000 0.9999 1.0000 0.9940 0.9999 0.9951 1.0000 0.9984   0.256 1.0000 1.0000 0.8194 0.9999 1.0000 1.0000 1.0000 0.9999 1.0000 1.0000 1.0000 1.0000 1.0000 1.0000 1.0000 1.0000 1.0000 1.0000 1.0000 1.0000 1.0000 1.0000 1.0000
 2900.00 0.7037 0.9725 0.7318 1.0000 1.0000 1.0000 0.9938 0.9999 0.9951 1.0000 0.9984   0.351 1.0000 1.0000 0.7319 0.9999 1.0000 1.0000 1.0000 1.0000 1.0000 1.0000 1.0000 1.0000 1.0000 1.0000 1.0000 1.0000 1.0000 1.0000 1.0000 1.0000 1.0000 1.0000 1.0000
 2901.00 0.8809 0.9321 0.9561 1.0000 1.0000 1.0000 0.9936 0.9999 0.9951 1.0000 0.9984   0.127 1.0000 1.0000 0.9561 0.9999 1.0000 1.0000 1.0000 1.0000 1.0000 1.0000 1.0000 1.0000 1.0000 1.0000 1.0000 1.0000 1.0000 1.0000 1.0000 1.0000 1.0000 1.0000 1.0000
 2902.00 0.5058 0.6977 0.7336 1.0000 1.0000 1.0000 0.9933 0.9999 0.9951 1.0000 0.9984   0.682 1.0000 1.0000 0.7336 1.0000 1.0000 1.0000 1.0000 1.0000 1.0000 1.0000 1.0000 1.0000 1.0000 1.0000 1.0000 1.0000 1.0000 1.0000 1.0000 1.0000 1.0000 1.0000 1.0000
 2903.00 0.8578 0.8943 0.9709 1.0000 1.0000 1.0000 0.9930 0.9999 0.9951 1.0000 0.9984   0.153 1.0000 1.0000 0.9710 1.0000 1.0000 1.0000 1.0000 1.0000 1.0000 1.0000 1.0000 1.0000 1.0000 1.0000 1.0000 1.0000 1.0000 1.0000 1.0000 1.0000 1.0000 1.0000 1.0000
 2904.00 0.7680 0.8357 0.9304 1.0000 1.0000 1.0000 0.9928 0.9999 0.9951 1.0000 0.9984   0.264 1.0000 1.0000 0.9305 1.0000 1.0000 1.0000 1.0000 1.0000 1.0000 1.0000 1.0000 1.0000 1.0000 1.0000 1.0000 1.0000 1.0000 1.0000 1.0000 1.0000 1.0000 1.0000 1.0000
 2905.00 0.8114 0.9650 0.8516 1.0000 1.0000 1.0000 0.9925 0.9999 0.9950 1.0000 0.9984   0.209 1.0000 1.0000 0.8517 0.9999 1.0000 1.0000 1.0000 1.0000 1.0000 1.0000 1.0000 1.0000 1.0000 1.0000 1.0000 1.0000 1.0000 1.0000 1.0000 1.0000 1.0000 1.0000 1.0000
 2906.00 0.2221 0.9160 0.2457 1.0000 1.0000 1.0000 0.9922 0.9999 0.9950 1.0000 0.9984   1.504 1.0000 1.0000 0.2457 1.0000 1.0000 1.0000 1.0000 1.0000 1.0000 1.0000 1.0000 1.0000 1.0000 1.0000 1.0000 1.0000 1.0000 1.0000 1.0000 1.0000 1.0000 1.0000 1.0000
 2907.00 0.1804 0.7260 0.2518 1.0000 1.0000 1.0000 0.9920 0.9999 0.9950 1.0000 0.9983   1.713 1.0000 1.0000 0.2518 1.0000 1.0000 1.0000 1.0000 1.0000 1.0000 1.0000 1.0000 1.0000 1.0000 1.0000 1.0000 1.0000 1.0000 1.0000 1.0000 1.0000 1.0000 1.0000 1.0000
 2908.00 0.7464 0.9307 0.8129 0.9999 1.0000 1.0000 0.9917 0.9999 0.9950 1.0000 0.9983   0.293 1.0000 1.0000 0.8129 1.0000 1.0000 1.0000 1.0000 1.0000 1.0000 1.0000 1.0000 1.0000 1.0000 1.0000 1.0000 1.0000 1.0000 1.0000 1.0000 1.0000 1.0000 1.0000 1.0000
 2909.00 0.8262 0.9710 0.8627 1.0000 1.0000 1.0000 0.9914 0.9999 0.9950 1.0000 0.9983   0.191 1.0000 1.0000 0.8628 1.0000 1.0000 1.0000 1.0000 1.0000 1.0000 1.0000 1.0000 1.0000 1.0000 1.0000 1.0000 1.0000 1.0000 1.0000 1.0000 1.0000 1.0000 1.0000 1.0000
 2910.00 0.8053 0.9262 0.8819 0.9999 0.9999 1.0000 0.9911 0.9999 0.9950 1.0000 0.9983   0.217 1.0000 1.0000 0.8819 1.0000 1.0000 1.0000 1.0000 0.9999 1.0000 1.0000 1.0000 1.0000 1.0000 1.0000 1.0000 1.0000 1.0000 1.0000 1.0000 1.0000 1.0000 1.0000 1.0000
 2911.00 0.7153 0.9023 0.8043 0.9999 1.0000 1.0000 0.9909 0.9999 0.9950 1.0000 0.9983   0.335 1.0000 1.0000 0.8043 1.0000 1.0000 1.0000 1.0000 1.0000 1.0000 1.0000 1.0000 1.0000 1.0000 1.0000 1.0000 1.0000 1.0000 1.0000 1.0000 1.0000 1.0000 1.0000 1.0000
 2912.00 0.6534 0.6785 0.9772 1.0000 0.9999 1.0000 0.9906 0.9999 0.9950 1.0000 0.9983   0.426 1.0000 1.0000 0.9772 1.0000 1.0000 1.0000 1.0000 0.9999 1.0000 1.0000 1.0000 1.0000 1.0000 1.0000 1.0000 1.0000 1.0000 1.0000 1.0000 1.0000 1.0000 1.0000 1.0000
 2913.00 0.9245 0.9740 0.9635 1.0000 0.9999 1.0000 0.9904 0.9999 0.9950 1.0000 0.9983   0.078 1.0000 1.0000 0.9635 1.0000 1.0000 1.0000 1.0000 0.9999 1.0000 1.0000 1.0000 1.0000 1.0000 1.0000 1.0000 1.0000 1.0000 1.0000 1.0000 1.0000 1.0000 1.0000 1.0000
 2914.00 0.8529 0.9545 0.9072 1.0000 0.9999 1.0000 0.9901 0.9999 0.9950 1.0000 0.9983   0.159 1.0000 1.0000 0.9073 1.0000 1.0000 1.0000 1.0000 0.9999 1.0000 1.0000 1.0000 1.0000 1.0000 1.0000 1.0000 1.0000 1.0000 1.0000 1.0000 1.0000 1.0000 1.0000 1.0000
 2915.00 0.8716 0.9936 0.8909 0.9999 0.9999 1.0000 0.9899 0.9999 0.9950 1.0000 0.9983   0.137 1.0000 1.0000 0.8909 1.0000 1.0000 1.0000 1.0000 0.9999 1.0000 1.0000 1.0000 1.0000 1.0000 1.0000 1.0000 1.0000 1.0000 1.0000 1.0000 1.0000 1.0000 1.0000 1.0000
 2916.00 0.3816 0.9748 0.3977 1.0000 0.9999 1.0000 0.9896 0.9999 0.9950 1.0000 0.9983   0.963 1.0000 1.0000 0.3977 1.0000 1.0000 1.0000 1.0000 0.9999 1.0000 1.0000 1.0000 1.0000 1.0000 1.0000 1.0000 1.0000 1.0000 1.0000 1.0000 1.0000 1.0000 1.0000 1.0000
 2917.00 0.1245 0.9657 0.1310 0.9999 0.9999 1.0000 0.9894 0.9999 0.9950 1.0000 0.9983   2.083 1.0000 1.0000 0.1310 1.0000 1.0000 1.0000 1.0000 0.9999 1.0000 1.0000 1.0000 1.0000 1.0000 1.0000 1.0000 1.0000 1.0000 1.0000 1.0000 1.0000 1.0000 1.0000 1.0000
 2918.00 0.4443 0.9903 0.4560 0.9999 0.9999 1.0000 0.9891 0.9999 0.9950 1.0000 0.9983   0.811 1.0000 1.0000 0.4560 1.0000 1.0000 1.0000 1.0000 0.9999 1.0000 1.0000 1.0000 1.0000 1.0000 1.0000 1.0000 1.0000 1.0000 1.0000 1.0000 1.0000 1.0000 1.0000 1.0000
 2919.00 0.4749 0.8270 0.5839 1.0000 0.9999 1.0000 0.9889 0.9999 0.9950 1.0000 0.9983   0.745 1.0000 1.0000 0.5839 1.0000 1.0000 1.0000 1.0000 0.9999 1.0000 1.0000 1.0000 1.0000 1.0000 1.0000 1.0000 1.0000 1.0000 1.0000 1.0000 1.0000 1.0000 1.0000 1.0000
 2920.00 0.8436 0.9881 0.8682 1.0000 0.9999 1.0000 0.9886 0.9999 0.9949 1.0000 0.9983   0.170 1.0000 1.0000 0.8682 1.0000 1.0000 1.0000 1.0000 0.9999 1.0000 1.0000 1.0000 1.0000 1.0000 1.0000 1.0000 1.0000 1.0000 1.0000 1.0000 1.0000 1.0000 1.0000 1.0000
 2921.00 0.7642 0.9258 0.8397 0.9999 0.9999 1.0000 0.9882 0.9999 0.9949 1.0000 0.9983   0.269 1.0000 1.0000 0.8398 1.0000 1.0000 1.0000 1.0000 0.9999 1.0000 1.0000 1.0000 1.0000 1.0000 1.0000 1.0000 1.0000 1.0000 1.0000 1.0000 1.0000 1.0000 1.0000 1.0000
 2922.00 0.8386 0.9168 0.9310 0.9999 0.9999 1.0000 0.9878 0.9999 0.9949 1.0000 0.9983   0.176 1.0000 1.0000 0.9310 1.0000 1.0000 1.0000 1.0000 0.9999 1.0000 1.0000 1.0000 1.0000 1.0000 1.0000 1.0000 1.0000 1.0000 1.0000 1.0000 1.0000 1.0000 1.0000 1.0000
 2923.00 0.8714 0.9625 0.9218 0.9999 0.9999 1.0000 0.9874 0.9999 0.9949 1.0000 0.9983   0.138 1.0000 1.0000 0.9218 1.0000 1.0000 1.0000 1.0000 0.9999 1.0000 1.0000 1.0000 1.0000 1.0000 1.0000 1.0000 1.0000 1.0000 1.0000 1.0000 1.0000 1.0000 1.0000 1.0000
 2924.00 0.8691 0.9768 0.9063 0.9999 0.9999 1.0000 0.9870 0.9999 0.9949 1.0000 0.9983   0.140 1.0000 1.0000 0.9063 1.0000 1.0000 1.0000 1.0000 0.9999 1.0000 1.0000 1.0000 1.0000 1.0000 1.0000 1.0000 1.0000 1.0000 1.0000 1.0000 1.0000 1.0000 1.0000 1.0000
 2925.00 0.8308 0.9229 0.9174 0.9999 0.9999 1.0000 0.9866 0.9999 0.9949 1.0000 0.9983   0.185 1.0000 1.0000 0.9174 1.0000 1.0000 1.0000 1.0000 0.9999 1.0000 1.0000 1.0000 1.0000 1.0000 1.0000 1.0000 1.0000 1.0000 1.0000 1.0000 1.0000 1.0000 1.0000 1.0000
 2926.00 0.6757 0.9661 0.7131 0.9999 0.9999 1.0000 0.9862 0.9999 0.9949 1.0000 0.9983   0.392 1.0000 1.0000 0.7131 1.0000 1.0000 1.0000 1.0000 0.9999 1.0000 1.0000 1.0000 1.0000 1.0000 1.0000 1.0000 1.0000 1.0000 1.0000 1.0000 1.0000 1.0000 1.0000 1.0000
 2927.00 0.0191 0.9842 0.0198 0.9999 1.0000 1.0000 0.9858 0.9999 0.9949 1.0000 0.9983   3.957 1.0000 1.0000 0.0198 1.0000 1.0000 1.0000 1.0000 1.0000 1.0000 1.0000 1.0000 1.0000 1.0000 1.0000 1.0000 1.0000 1.0000 1.0000 1.0000 1.0000 1.0000 1.0000 1.0000
 2928.00 0.2614 0.9766 0.2731 0.9999 1.0000 1.0000 0.9853 0.9999 0.9949 1.0000 0.9983   1.342 1.0000 1.0000 0.2731 1.0000 1.0000 1.0000 1.0000 1.0000 1.0000 1.0000 1.0000 1.0000 1.0000 1.0000 1.0000 1.0000 1.0000 1.0000 1.0000 1.0000 1.0000 1.0000 1.0000
 2929.00 0.7967 0.9374 0.8675 0.9999 1.0000 1.0000 0.9849 0.9999 0.9949 1.0000 0.9983   0.227 1.0000 1.0000 0.8676 1.0000 1.0000 1.0000 1.0000 1.0000 1.0000 1.0000 1.0000 1.0000 1.0000 1.0000 1.0000 1.0000 1.0000 1.0000 1.0000 1.0000 1.0000 1.0000 1.0000
 2930.00 0.4636 0.5086 0.9308 0.9999 1.0000 1.0000 0.9845 0.9999 0.9949 1.0000 0.9983   0.769 1.0000 1.0000 0.9308 1.0000 1.0000 1.0000 1.0000 1.0000 1.0000 1.0000 1.0000 1.0000 1.0000 1.0000 1.0000 1.0000 1.0000 1.0000 1.0000 1.0000 1.0000 1.0000 1.0000
 2931.00 0.7055 0.7515 0.9593 0.9999 1.0000 1.0000 0.9839 0.9999 0.9949 1.0000 0.9983   0.349 1.0000 1.0000 0.9593 1.0000 1.0000 1.0000 1.0000 1.0000 1.0000 1.0000 1.0000 1.0000 1.0000 1.0000 1.0000 1.0000 1.0000 1.0000 1.0000 1.0000 1.0000 1.0000 1.0000
 2932.00 0.5883 0.9203 0.6537 0.9999 1.0000 1.0000 0.9832 0.9999 0.9949 1.0000 0.9982   0.530 1.0000 1.0000 0.6537 1.0000 1.0000 1.0000 1.0000 1.0000 1.0000 1.0000 1.0000 1.0000 1.0000 1.0000 1.0000 1.0000 1.0000 1.0000 1.0000 1.0000 1.0000 1.0000 1.0000
 2933.00 0.3303 0.3777 0.8949 0.9999 1.0000 1.0000 0.9826 0.9999 0.9949 1.0000 0.9982   1.108 1.0000 1.0000 0.8949 1.0000 1.0000 1.0000 1.0000 1.0000 1.0000 1.0000 1.0000 1.0000 1.0000 1.0000 1.0000 1.0000 1.0000 1.0000 1.0000 1.0000 1.0000 1.0000 1.0000
 2934.00 0.3046 0.3430 0.9093 0.9999 1.0000 1.0000 0.9819 0.9999 0.9949 1.0000 0.9982   1.189 1.0000 1.0000 0.9093 1.0000 1.0000 1.0000 1.0000 1.0000 1.0000 1.0000 1.0000 1.0000 1.0000 1.0000 1.0000 1.0000 1.0000 1.0000 1.0000 1.0000 1.0000 1.0000 1.0000
 2935.00 0.1998 0.2208 0.9272 0.9999 1.0000 1.0000 0.9813 0.9999 0.9948 1.0000 0.9982   1.611 1.0000 1.0000 0.9272 1.0000 1.0000 1.0000 1.0000 1.0000 1.0000 1.0000 1.0000 1.0000 1.0000 1.0000 1.0000 1.0000 1.0000 1.0000 1.0000 1.0000 1.0000 1.0000 1.0000
 2936.00 0.3960 0.6269 0.6476 0.9999 1.0000 1.0000 0.9807 0.9999 0.9948 1.0000 0.9982   0.926 1.0000 1.0000 0.6477 1.0000 1.0000 1.0000 1.0000 1.0000 1.0000 1.0000 1.0000 1.0000 1.0000 1.0000 1.0000 1.0000 1.0000 1.0000 1.0000 1.0000 1.0000 1.0000 1.0000
 2937.00 0.1258 0.3627 0.3558 0.9999 1.0000 1.0000 0.9800 0.9999 0.9948 1.0000 0.9982   2.073 1.0000 1.0000 0.3558 1.0000 1.0000 1.0000 1.0000 1.0000 1.0000 1.0000 1.0000 1.0000 1.0000 1.0000 1.0000 1.0000 1.0000 1.0000 1.0000 1.0000 1.0000 1.0000 1.0000
 2938.00 0.0413 0.8784 0.0483 0.9999 1.0000 1.0000 0.9794 0.9999 0.9948 1.0000 0.9982   3.187 1.0000 1.0000 0.0483 1.0000 1.0000 1.0000 1.0000 1.0000 1.0000 1.0000 1.0000 1.0000 1.0000 1.0000 1.0000 1.0000 1.0000 1.0000 1.0000 1.0000 1.0000 1.0000 1.0000
 2939.00 0.6371 0.9339 0.7008 0.9999 1.0000 1.0000 0.9787 0.9999 0.9948 1.0000 0.9982   0.451 1.0000 1.0000 0.7009 1.0000 1.0000 1.0000 1.0000 1.0000 1.0000 1.0000 1.0000 1.0000 1.0000 1.0000 1.0000 1.0000 1.0000 1.0000 1.0000 1.0000 1.0000 1.0000 1.0000
 2940.00 0.7488 0.8473 0.9085 0.9999 1.0000 1.0000 0.9781 0.9999 0.9948 1.0000 0.9982   0.289 1.0000 1.0000 0.9085 1.0000 1.0000 1.0000 1.0000 1.0000 1.0000 1.0000 1.0000 1.0000 1.0000 1.0000 1.0000 1.0000 1.0000 1.0000 1.0000 1.0000 1.0000 1.0000 1.0000
 2941.00 0.8544 0.9616 0.9142 0.9999 1.0000 1.0000 0.9771 0.9999 0.9948 1.0000 0.9982   0.157 1.0000 1.0000 0.9142 1.0000 1.0000 1.0000 1.0000 1.0000 1.0000 1.0000 1.0000 1.0000 1.0000 1.0000 1.0000 1.0000 1.0000 1.0000 1.0000 1.0000 1.0000 1.0000 1.0000
 2942.00 0.8586 0.9300 0.9509 0.9999 1.0000 1.0000 0.9762 0.9999 0.9948 1.0000 0.9982   0.152 1.0000 1.0000 0.9509 1.0000 1.0000 1.0000 1.0000 1.0000 1.0000 1.0000 1.0000 1.0000 1.0000 1.0000 1.0000 1.0000 1.0000 1.0000 1.0000 1.0000 1.0000 1.0000 1.0000
 2943.00 0.7051 0.9292 0.7823 0.9999 1.0000 1.0000 0.9753 0.9999 0.9948 1.0000 0.9982   0.349 1.0000 1.0000 0.7823 1.0000 1.0000 1.0000 1.0000 1.0000 1.0000 1.0000 1.0000 1.0000 1.0000 1.0000 1.0000 1.0000 1.0000 1.0000 1.0000 1.0000 1.0000 1.0000 1.0000
 2944.00 0.8030 0.9781 0.8472 0.9999 1.0000 1.0000 0.9744 0.9999 0.9948 1.0000 0.9982   0.219 1.0000 1.0000 0.8472 1.0000 1.0000 1.0000 1.0000 1.0000 1.0000 1.0000 1.0000 1.0000 1.0000 1.0000 1.0000 1.0000 1.0000 1.0000 1.0000 1.0000 1.0000 1.0000 1.0000
 2945.00 0.7569 0.8369 0.9341 0.9999 1.0000 1.0000 0.9735 0.9999 0.9948 1.0000 0.9982   0.279 1.0000 1.0000 0.9342 1.0000 1.0000 1.0000 1.0000 1.0000 1.0000 1.0000 1.0000 1.0000 1.0000 1.0000 1.0000 1.0000 1.0000 1.0000 1.0000 1.0000 1.0000 1.0000 1.0000
 2946.00 0.3451 0.5047 0.7069 0.9999 1.0000 1.0000 0.9725 0.9999 0.9948 1.0000 0.9982   1.064 1.0000 1.0000 0.7070 1.0000 1.0000 1.0000 1.0000 1.0000 1.0000 1.0000 1.0000 1.0000 1.0000 1.0000 1.0000 1.0000 1.0000 1.0000 1.0000 1.0000 1.0000 1.0000 1.0000
 2947.00 0.5703 0.9394 0.6282 0.9999 1.0000 1.0000 0.9716 0.9999 0.9947 1.0000 0.9982   0.562 1.0000 1.0000 0.6283 1.0000 1.0000 1.0000 1.0000 1.0000 1.0000 1.0000 1.0000 1.0000 1.0000 1.0000 1.0000 1.0000 1.0000 1.0000 1.0000 1.0000 1.0000 1.0000 1.0000
 2948.00 0.0031 0.9209 0.0035 0.9999 1.0000 1.0000 0.9707 0.9999 0.9947 1.0000 0.9982   5.785 1.0000 1.0000 0.0035 1.0000 1.0000 1.0000 1.0000 1.0000 1.0000 1.0000 1.0000 1.0000 1.0000 1.0000 1.0000 1.0000 1.0000 1.0000 1.0000 1.0000 1.0000 1.0000 1.0000
 2949.00 0.4087 0.8941 0.4740 0.9999 1.0000 1.0000 0.9698 0.9999 0.9947 1.0000 0.9981   0.895 1.0000 1.0000 0.4740 1.0000 1.0000 1.0000 1.0000 1.0000 1.0000 1.0000 1.0000 1.0000 1.0000 1.0000 1.0000 1.0000 1.0000 1.0000 1.0000 1.0000 1.0000 1.0000 1.0000
 2950.00 0.7965 0.9637 0.8579 0.9999 1.0000 1.0000 0.9689 0.9999 0.9947 1.0000 0.9981   0.227 1.0000 1.0000 0.8579 1.0000 1.0000 1.0000 1.0000 1.0000 1.0000 1.0000 1.0000 1.0000 1.0000 1.0000 1.0000 1.0000 1.0000 1.0000 1.0000 1.0000 1.0000 1.0000 1.0000
 2951.00 0.8656 0.9711 0.9262 0.9999 1.0000 1.0000 0.9678 0.9999 0.9947 1.0000 0.9981   0.144 1.0000 1.0000 0.9263 1.0000 1.0000 1.0000 1.0000 1.0000 1.0000 1.0000 1.0000 1.0000 1.0000 1.0000 1.0000 1.0000 1.0000 1.0000 1.0000 1.0000 1.0000 1.0000 1.0000
 2952.00 0.8456 0.9732 0.9039 0.9999 1.0000 1.0000 0.9667 0.9999 0.9947 1.0000 0.9981   0.168 1.0000 1.0000 0.9039 1.0000 1.0000 1.0000 1.0000 1.0000 1.0000 1.0000 1.0000 1.0000 1.0000 1.0000 1.0000 1.0000 1.0000 1.0000 1.0000 1.0000 1.0000 1.0000 1.0000
 2953.00 0.6025 0.8347 0.7516 0.9999 1.0000 1.0000 0.9657 0.9999 0.9947 1.0000 0.9981   0.507 1.0000 1.0000 0.7516 1.0000 1.0000 1.0000 1.0000 1.0000 1.0000 1.0000 1.0000 1.0000 1.0000 1.0000 1.0000 1.0000 1.0000 1.0000 1.0000 1.0000 1.0000 1.0000 1.0000
 2954.00 0.2377 0.3616 0.6855 0.9999 1.0000 1.0000 0.9646 0.9999 0.9946 1.0000 0.9981   1.437 1.0000 1.0000 0.6855 1.0000 1.0000 1.0000 1.0000 1.0000 1.0000 1.0000 1.0000 1.0000 1.0000 1.0000 1.0000 1.0000 1.0000 1.0000 1.0000 1.0000 1.0000 1.0000 1.0000
 2955.00 0.5418 0.6427 0.8799 0.9999 1.0000 1.0000 0.9636 0.9999 0.9946 1.0000 0.9981   0.613 1.0000 1.0000 0.8799 1.0000 1.0000 1.0000 1.0000 1.0000 1.0000 1.0000 1.0000 1.0000 1.0000 1.0000 1.0000 1.0000 1.0000 1.0000 1.0000 1.0000 1.0000 1.0000 1.0000
 2956.00 0.2521 0.3025 0.8706 0.9998 1.0000 1.0000 0.9625 0.9999 0.9946 1.0000 0.9981   1.378 1.0000 1.0000 0.8706 1.0000 1.0000 1.0000 1.0000 1.0000 1.0000 1.0000 1.0000 1.0000 1.0000 1.0000 1.0000 1.0000 1.0000 1.0000 1.0000 1.0000 1.0000 1.0000 1.0000
 2957.00 0.3271 0.4763 0.7182 0.9999 1.0000 1.0000 0.9615 0.9999 0.9946 1.0000 0.9981   1.118 1.0000 1.0000 0.7182 1.0000 1.0000 1.0000 1.0000 1.0000 1.0000 1.0000 1.0000 1.0000 1.0000 1.0000 1.0000 1.0000 1.0000 1.0000 1.0000 1.0000 1.0000 1.0000 1.0000
 2958.00 0.0238 0.7644 0.0327 0.9999 1.0000 1.0000 0.9604 0.9999 0.9946 1.0000 0.9981   3.737 1.0000 1.0000 0.0327 1.0000 1.0000 1.0000 1.0000 1.0000 1.0000 1.0000 1.0000 1.0000 1.0000 1.0000 1.0000 1.0000 1.0000 1.0000 1.0000 1.0000 1.0000 1.0000 1.0000
 2959.00 0.2272 0.9456 0.2518 0.9999 1.0000 1.0000 0.9594 0.9999 0.9946 1.0000 0.9980   1.482 1.0000 1.0000 0.2519 1.0000 1.0000 1.0000 1.0000 1.0000 1.0000 1.0000 1.0000 1.0000 1.0000 1.0000 1.0000 1.0000 1.0000 1.0000 1.0000 1.0000 1.0000 1.0000 1.0000
 2960.00 0.6894 0.9185 0.7877 0.9999 1.0000 1.0000 0.9583 0.9999 0.9946 1.0000 0.9980   0.372 1.0000 1.0000 0.7877 1.0000 1.0000 1.0000 1.0000 1.0000 1.0000 1.0000 1.0000 1.0000 1.0000 1.0000 1.0000 1.0000 1.0000 1.0000 1.0000 1.0000 1.0000 1.0000 1.0000
 2961.00 0.4077 0.5078 0.8437 0.9998 1.0000 1.0000 0.9571 0.9999 0.9945 1.0000 0.9980   0.897 1.0000 1.0000 0.8437 1.0000 1.0000 1.0000 1.0000 1.0000 1.0000 1.0000 1.0000 1.0000 1.0000 1.0000 1.0000 1.0000 1.0000 1.0000 1.0000 1.0000 1.0000 1.0000 1.0000
 2962.00 0.3502 0.3910 0.9424 0.9999 1.0000 1.0000 0.9559 0.9999 0.9945 1.0000 0.9980   1.049 1.0000 1.0000 0.9424 1.0000 1.0000 1.0000 1.0000 1.0000 1.0000 1.0000 1.0000 1.0000 1.0000 1.0000 1.0000 1.0000 1.0000 1.0000 1.0000 1.0000 1.0000 1.0000 1.0000
 2963.00 0.7483 0.8559 0.9213 0.9998 1.0000 1.0000 0.9547 0.9999 0.9945 1.0000 0.9980   0.290 1.0000 1.0000 0.9213 1.0000 1.0000 1.0000 1.0000 1.0000 1.0000 1.0000 1.0000 1.0000 1.0000 1.0000 1.0000 1.0000 1.0000 1.0000 1.0000 1.0000 1.0000 1.0000 1.0000
 2964.00 0.7312 0.8306 0.9287 0.9998 1.0000 1.0000 0.9535 0.9999 0.9945 1.0000 0.9980   0.313 1.0000 1.0000 0.9288 1.0000 1.0000 1.0000 1.0000 1.0000 1.0000 1.0000 1.0000 1.0000 1.0000 1.0000 1.0000 1.0000 1.0000 1.0000 1.0000 1.0000 1.0000 1.0000 1.0000
 2965.00 0.5523 0.7546 0.7731 0.9997 1.0000 1.0000 0.9523 0.9999 0.9945 1.0000 0.9980   0.594 1.0000 1.0000 0.7731 1.0000 1.0000 1.0000 1.0000 1.0000 1.0000 1.0000 1.0000 1.0000 1.0000 1.0000 1.0000 1.0000 1.0000 1.0000 1.0000 1.0000 1.0000 1.0000 1.0000
 2966.00 0.1040 0.1607 0.6848 0.9996 1.0000 1.0000 0.9511 0.9999 0.9945 1.0000 0.9980   2.263 1.0000 1.0000 0.6848 1.0000 1.0000 1.0000 1.0000 1.0000 1.0000 1.0000 1.0000 1.0000 1.0000 1.0000 1.0000 1.0000 1.0000 1.0000 1.0000 1.0000 1.0000 1.0000 1.0000
 2967.00 0.4231 0.5247 0.8539 0.9997 1.0000 1.0000 0.9499 0.9999 0.9944 1.0000 0.9980   0.860 1.0000 1.0000 0.8540 1.0000 1.0000 1.0000 1.0000 1.0000 1.0000 1.0000 1.0000 1.0000 1.0000 1.0000 1.0000 1.0000 1.0000 1.0000 1.0000 1.0000 1.0000 1.0000 1.0000
 2968.00 0.1525 0.4160 0.3887 0.9996 1.0000 1.0000 0.9487 0.9999 0.9944 1.0000 0.9979   1.881 1.0000 1.0000 0.3887 1.0000 1.0000 1.0000 1.0000 1.0000 1.0000 1.0000 1.0000 1.0000 1.0000 1.0000 1.0000 1.0000 1.0000 1.0000 1.0000 1.0000 1.0000 1.0000 1.0000
 2969.00 0.0976 0.8126 0.1275 0.9996 1.0000 1.0000 0.9475 0.9999 0.9944 1.0000 0.9979   2.327 1.0000 1.0000 0.1275 1.0000 1.0000 1.0000 1.0000 1.0000 1.0000 1.0000 1.0000 1.0000 1.0000 1.0000 1.0000 1.0000 1.0000 1.0000 1.0000 1.0000 1.0000 1.0000 1.0000
 2970.00 0.4554 0.6039 0.8018 0.9995 1.0000 1.0000 0.9463 0.9999 0.9944 1.0000 0.9979   0.787 1.0000 1.0000 0.8018 1.0000 1.0000 1.0000 1.0000 1.0000 1.0000 1.0000 1.0000 1.0000 1.0000 1.0000 1.0000 1.0000 1.0000 1.0000 1.0000 1.0000 1.0000 1.0000 1.0000
 2971.00 0.6095 0.8717 0.7448 0.9996 1.0000 1.0000 0.9446 0.9999 0.9944 1.0000 0.9979   0.495 1.0000 1.0000 0.7448 1.0000 1.0000 1.0000 1.0000 1.0000 1.0000 1.0000 1.0000 1.0000 1.0000 1.0000 1.0000 1.0000 1.0000 1.0000 1.0000 1.0000 1.0000 1.0000 1.0000
 2972.00 0.5992 0.6901 0.9267 0.9995 1.0000 1.0000 0.9428 0.9999 0.9944 1.0000 0.9979   0.512 1.0000 1.0000 0.9267 1.0000 1.0000 1.0000 1.0000 1.0000 1.0000 1.0000 1.0000 1.0000 1.0000 1.0000 1.0000 1.0000 1.0000 1.0000 1.0000 1.0000 1.0000 1.0000 1.0000
 2973.00 0.0734 0.0845 0.9291 0.9997 1.0000 1.0000 0.9411 0.9999 0.9944 1.0000 0.9979   2.612 1.0000 1.0000 0.9291 1.0000 1.0000 1.0000 1.0000 1.0000 1.0000 1.0000 1.0000 1.0000 1.0000 1.0000 1.0000 1.0000 1.0000 1.0000 1.0000 1.0000 1.0000 1.0000 1.0000
 2974.00 0.2536 0.2833 0.9587 0.9997 1.0000 1.0000 0.9394 0.9999 0.9943 1.0000 0.9979   1.372 1.0000 1.0000 0.9587 1.0000 1.0000 1.0000 1.0000 1.0000 1.0000 1.0000 1.0000 1.0000 1.0000 1.0000 1.0000 1.0000 1.0000 1.0000 1.0000 1.0000 1.0000 1.0000 1.0000
 2975.00 0.0797 0.0939 0.9106 0.9996 1.0000 1.0000 0.9377 0.9999 0.9943 1.0000 0.9979   2.530 1.0000 1.0000 0.9106 1.0000 1.0000 1.0000 1.0000 1.0000 1.0000 1.0000 1.0000 1.0000 1.0000 1.0000 1.0000 1.0000 1.0000 1.0000 1.0000 1.0000 1.0000 1.0000 1.0000
 2976.00 0.5674 0.7042 0.8662 0.9998 1.0000 1.0000 0.9360 0.9999 0.9943 1.0000 0.9979   0.567 1.0000 1.0000 0.8662 1.0000 1.0000 1.0000 1.0000 1.0000 1.0000 1.0000 1.0000 1.0000 1.0000 1.0000 1.0000 1.0000 1.0000 1.0000 1.0000 1.0000 1.0000 1.0000 1.0000
 2977.00 0.4933 0.6073 0.8750 0.9996 1.0000 1.0000 0.9343 0.9999 0.9943 1.0000 0.9978   0.707 1.0000 1.0000 0.8750 1.0000 1.0000 1.0000 1.0000 1.0000 1.0000 1.0000 1.0000 1.0000 1.0000 1.0000 1.0000 1.0000 1.0000 1.0000 1.0000 1.0000 1.0000 1.0000 1.0000
 2978.00 0.0440 0.0891 0.5325 0.9996 1.0000 1.0000 0.9325 0.9999 0.9943 1.0000 0.9978   3.124 1.0000 1.0000 0.5325 1.0000 1.0000 1.0000 1.0000 1.0000 1.0000 1.0000 1.0000 1.0000 1.0000 1.0000 1.0000 1.0000 1.0000 1.0000 1.0000 1.0000 1.0000 1.0000 1.0000
 2979.00 0.0114 0.5851 0.0211 0.9996 1.0000 1.0000 0.9308 0.9999 0.9943 1.0000 0.9978   4.474 1.0000 1.0000 0.0211 1.0000 1.0000 1.0000 1.0000 1.0000 1.0000 1.0000 1.0000 1.0000 1.0000 1.0000 1.0000 1.0000 1.0000 1.0000 1.0000 1.0000 1.0000 1.0000 1.0000
 2980.00 0.1761 0.2823 0.6755 0.9997 1.0000 1.0000 0.9291 0.9999 0.9943 1.0000 0.9978   1.737 0.9999 1.0000 0.6755 1.0000 1.0000 1.0000 1.0000 1.0000 1.0000 1.0000 1.0000 1.0000 1.0000 1.0000 1.0000 1.0000 1.0000 1.0000 1.0000 1.0000 1.0000 1.0000 1.0000
 2981.00 0.1647 0.2324 0.7693 0.9996 1.0000 1.0000 0.9269 0.9999 0.9942 1.0000 0.9978   1.804 0.9998 1.0000 0.7695 1.0000 1.0000 1.0000 1.0000 1.0000 1.0000 1.0000 1.0000 1.0000 1.0000 1.0000 1.0000 1.0000 1.0000 1.0000 1.0000 1.0000 1.0000 1.0000 1.0000
 2982.00 0.5037 0.6050 0.9063 0.9994 1.0000 1.0000 0.9247 0.9999 0.9942 1.0000 0.9978   0.686 0.9997 1.0000 0.9066 1.0000 1.0000 1.0000 1.0000 1.0000 1.0000 1.0000 1.0000 1.0000 1.0000 1.0000 1.0000 1.0000 1.0000 1.0000 1.0000 1.0000 1.0000 1.0000 1.0000
 2983.00 0.5589 0.6865 0.8884 0.9995 1.0000 1.0000 0.9225 0.9999 0.9942 1.0000 0.9978   0.582 1.0000 1.0000 0.8885 1.0000 1.0000 1.0000 1.0000 1.0000 1.0000 1.0000 1.0000 1.0000 1.0000 1.0000 1.0000 1.0000 1.0000 1.0000 1.0000 1.0000 1.0000 1.0000 1.0000
 2984.00 0.2024 0.2309 0.9587 0.9995 1.0000 1.0000 0.9202 0.9999 0.9942 1.0000 0.9978   1.598 1.0000 1.0000 0.9587 1.0000 1.0000 1.0000 1.0000 1.0000 1.0000 1.0000 1.0000 1.0000 1.0000 1.0000 1.0000 1.0000 1.0000 1.0000 1.0000 1.0000 1.0000 1.0000 1.0000
 2985.00 0.5596 0.6422 0.9551 0.9997 1.0000 1.0000 0.9180 0.9999 0.9942 1.0000 0.9978   0.581 1.0000 1.0000 0.9551 1.0000 1.0000 1.0000 1.0000 1.0000 1.0000 1.0000 1.0000 1.0000 1.0000 1.0000 1.0000 1.0000 1.0000 1.0000 1.0000 1.0000 1.0000 1.0000 1.0000
 2986.00 0.6868 0.7945 0.9504 0.9992 1.0000 1.0000 0.9158 0.9999 0.9942 1.0000 0.9977   0.376 1.0000 1.0000 0.9504 1.0000 1.0000 1.0000 1.0000 1.0000 1.0000 1.0000 1.0000 1.0000 1.0000 1.0000 1.0000 1.0000 1.0000 1.0000 1.0000 1.0000 1.0000 1.0000 1.0000
 2987.00 0.3030 0.3733 0.8944 0.9994 1.0000 1.0000 0.9136 0.9999 0.9941 1.0000 0.9977   1.194 1.0000 1.0000 0.8944 1.0000 1.0000 1.0000 1.0000 1.0000 1.0000 1.0000 1.0000 1.0000 1.0000 1.0000 1.0000 1.0000 1.0000 1.0000 1.0000 1.0000 1.0000 1.0000 1.0000
 2988.00 0.0467 0.0881 0.5858 0.9993 1.0000 1.0000 0.9114 0.9999 0.9941 1.0000 0.9977   3.064 1.0000 1.0000 0.5858 1.0000 1.0000 1.0000 1.0000 1.0000 1.0000 1.0000 1.0000 1.0000 1.0000 1.0000 1.0000 1.0000 1.0000 1.0000 1.0000 1.0000 1.0000 1.0000 1.0000
 2989.00 0.0132 0.2710 0.0541 0.9996 1.0000 1.0000 0.9092 0.9999 0.9941 1.0000 0.9977   4.325 1.0000 1.0000 0.0541 1.0000 1.0000 1.0000 1.0000 1.0000 1.0000 1.0000 1.0000 1.0000 1.0000 1.0000 1.0000 1.0000 1.0000 1.0000 1.0000 1.0000 1.0000 1.0000 1.0000
 2990.00 0.3930 0.6241 0.6993 0.9989 1.0000 1.0000 0.9070 0.9999 0.9941 1.0000 0.9977   0.934 1.0000 1.0000 0.6993 1.0000 1.0000 1.0000 1.0000 1.0000 1.0000 1.0000 1.0000 1.0000 1.0000 1.0000 1.0000 1.0000 1.0000 1.0000 1.0000 1.0000 1.0000 1.0000 1.0000
 2991.00 0.5376 0.6457 0.9264 0.9994 1.0000 1.0000 0.9049 0.9999 0.9941 1.0000 0.9977   0.621 1.0000 1.0000 0.9264 1.0000 1.0000 1.0000 1.0000 1.0000 1.0000 1.0000 1.0000 1.0000 1.0000 1.0000 1.0000 1.0000 1.0000 1.0000 1.0000 1.0000 1.0000 1.0000 1.0000
 2992.00 0.0905 0.1060 0.9518 0.9990 1.0000 1.0000 0.9028 0.9999 0.9941 1.0000 0.9977   2.403 1.0000 1.0000 0.9518 1.0000 1.0000 1.0000 1.0000 1.0000 1.0000 1.0000 1.0000 1.0000 1.0000 1.0000 1.0000 1.0000 1.0000 1.0000 1.0000 1.0000 1.0000 1.0000 1.0000
 2993.00 0.2200 0.2627 0.9363 0.9993 1.0000 1.0000 0.9008 0.9999 0.9940 1.0000 0.9976   1.514 1.0000 1.0000 0.9364 1.0000 1.0000 1.0000 1.0000 1.0000 1.0000 1.0000 1.0000 1.0000 1.0000 1.0000 1.0000 1.0000 1.0000 1.0000 1.0000 1.0000 1.0000 1.0000 1.0000
 2994.00 0.0444 0.0551 0.9020 0.9989 1.0000 1.0000 0.8987 0.9999 0.9940 1.0000 0.9976   3.115 1.0000 1.0000 0.9020 1.0000 1.0000 1.0000 1.0000 1.0000 1.0000 1.0000 1.0000 1.0000 1.0000 1.0000 1.0000 1.0000 1.0000 1.0000 1.0000 1.0000 1.0000 1.0000 1.0000
 2995.00 0.1277 0.1482 0.9681 0.9988 1.0000 1.0000 0.8966 0.9999 0.9940 1.0000 0.9976   2.058 1.0000 1.0000 0.9681 1.0000 1.0000 1.0000 1.0000 1.0000 1.0000 1.0000 1.0000 1.0000 1.0000 1.0000 1.0000 1.0000 1.0000 1.0000 1.0000 1.0000 1.0000 1.0000 1.0000
 2996.00 0.5379 0.6357 0.9525 0.9992 1.0000 1.0000 0.8945 0.9999 0.9940 1.0000 0.9976   0.620 1.0000 1.0000 0.9525 1.0000 1.0000 1.0000 1.0000 1.0000 1.0000 1.0000 1.0000 1.0000 1.0000 1.0000 1.0000 1.0000 1.0000 1.0000 1.0000 1.0000 1.0000 1.0000 1.0000
 2997.00 0.7210 0.8900 0.9146 0.9988 1.0000 1.0000 0.8925 0.9999 0.9940 1.0000 0.9976   0.327 1.0000 1.0000 0.9146 1.0000 1.0000 1.0000 1.0000 1.0000 1.0000 1.0000 1.0000 1.0000 1.0000 1.0000 1.0000 1.0000 1.0000 1.0000 1.0000 1.0000 1.0000 1.0000 1.0000
 2998.00 0.5983 0.8795 0.7697 0.9988 1.0000 1.0000 0.8904 0.9999 0.9940 1.0000 0.9976   0.514 1.0000 1.0000 0.7697 1.0000 1.0000 1.0000 1.0000 1.0000 1.0000 1.0000 1.0000 1.0000 1.0000 1.0000 1.0000 1.0000 1.0000 1.0000 1.0000 1.0000 1.0000 1.0000 1.0000
 2999.00 0.1516 0.6947 0.2476 0.9984 1.0000 1.0000 0.8883 0.9999 0.9939 1.0000 0.9976   1.887 1.0000 1.0000 0.2476 1.0000 1.0000 1.0000 1.0000 1.0000 1.0000 1.0000 1.0000 1.0000 1.0000 1.0000 1.0000 1.0000 1.0000 1.0000 1.0000 1.0000 1.0000 1.0000 1.0000
 3000.00 0.6551 0.9030 0.8246 0.9988 1.0000 1.0000 0.8863 0.9999 0.9939 1.0000 0.9976   0.423 1.0000 1.0000 0.8247 1.0000 1.0000 1.0000 1.0000 1.0000 1.0000 1.0000 1.0000 1.0000 1.0000 1.0000 1.0000 1.0000 1.0000 1.0000 1.0000 1.0000 1.0000 1.0000 1.0000
 3001.00 0.5975 0.7772 0.8769 0.9980 1.0000 1.0000 0.8840 0.9999 0.9939 1.0000 0.9975   0.515 1.0000 1.0000 0.8770 1.0000 1.0000 1.0000 1.0000 1.0000 1.0000 1.0000 1.0000 1.0000 1.0000 1.0000 1.0000 1.0000 1.0000 1.0000 1.0000 1.0000 1.0000 1.0000 1.0000
 3002.00 0.5901 0.7685 0.8779 0.9982 1.0000 1.0000 0.8818 0.9999 0.9939 1.0000 0.9975   0.527 1.0000 1.0000 0.8779 1.0000 1.0000 1.0000 1.0000 1.0000 1.0000 1.0000 1.0000 1.0000 1.0000 1.0000 1.0000 1.0000 1.0000 1.0000 1.0000 1.0000 1.0000 1.0000 1.0000
 3003.00 0.2373 0.3381 0.8042 0.9984 1.0000 1.0000 0.8795 0.9999 0.9939 1.0000 0.9975   1.439 1.0000 1.0000 0.8043 1.0000 1.0000 1.0000 1.0000 1.0000 1.0000 1.0000 1.0000 1.0000 1.0000 1.0000 1.0000 1.0000 1.0000 1.0000 1.0000 1.0000 1.0000 1.0000 1.0000
 3004.00 0.0080 0.0125 0.7411 0.9981 1.0000 1.0000 0.8772 0.9999 0.9938 1.0000 0.9975   4.824 1.0000 1.0000 0.7411 1.0000 1.0000 1.0000 1.0000 1.0000 1.0000 1.0000 1.0000 1.0000 1.0000 1.0000 1.0000 1.0000 1.0000 1.0000 1.0000 1.0000 1.0000 1.0000 1.0000
 3005.00 0.0245 0.0442 0.6400 0.9973 1.0000 1.0000 0.8750 0.9999 0.9938 1.0000 0.9975   3.709 1.0000 1.0000 0.6401 1.0000 1.0000 1.0000 1.0000 1.0000 1.0000 1.0000 1.0000 1.0000 1.0000 1.0000 1.0000 1.0000 1.0000 1.0000 1.0000 1.0000 1.0000 1.0000 1.0000
 3006.00 0.2781 0.5676 0.5663 0.9977 1.0000 1.0000 0.8727 0.9999 0.9938 1.0000 0.9975   1.280 1.0000 1.0000 0.5663 1.0000 1.0000 1.0000 1.0000 1.0000 1.0000 1.0000 1.0000 1.0000 1.0000 1.0000 1.0000 1.0000 1.0000 1.0000 1.0000 1.0000 1.0000 1.0000 1.0000
 3007.00 0.1688 0.7247 0.2701 0.9973 1.0000 1.0000 0.8705 0.9999 0.9938 1.0000 0.9975   1.779 1.0000 1.0000 0.2701 1.0000 1.0000 1.0000 1.0000 1.0000 1.0000 1.0000 1.0000 1.0000 1.0000 1.0000 1.0000 1.0000 1.0000 1.0000 1.0000 1.0000 1.0000 1.0000 1.0000
 3008.00 0.1341 0.6979 0.2234 0.9968 1.0000 1.0000 0.8682 0.9999 0.9938 1.0000 0.9974   2.010 1.0000 1.0000 0.2234 1.0000 1.0000 1.0000 1.0000 1.0000 1.0000 1.0000 1.0000 1.0000 1.0000 1.0000 1.0000 1.0000 1.0000 1.0000 1.0000 1.0000 1.0000 1.0000 1.0000
 3009.00 0.0577 0.3746 0.1793 0.9979 1.0000 1.0000 0.8660 0.9999 0.9938 1.0000 0.9974   2.853 1.0000 1.0000 0.1793 1.0000 1.0000 1.0000 1.0000 1.0000 1.0000 1.0000 1.0000 1.0000 1.0000 1.0000 1.0000 1.0000 1.0000 1.0000 1.0000 1.0000 1.0000 1.0000 1.0000
 3010.00 0.0006 0.0025 0.2651 0.9971 1.0000 1.0000 0.8638 0.9999 0.9937 1.0000 0.9974   7.468 1.0000 1.0000 0.2652 1.0000 1.0000 1.0000 1.0000 1.0000 1.0000 1.0000 1.0000 1.0000 1.0000 1.0000 1.0000 1.0000 1.0000 1.0000 1.0000 1.0000 1.0000 1.0000 1.0000
 3011.00 0.0038 0.0313 0.1406 0.9978 1.0000 1.0000 0.8625 0.9999 0.9937 1.0000 0.9974   5.583 1.0000 1.0000 0.1406 1.0000 1.0000 1.0000 1.0000 1.0000 1.0000 1.0000 1.0000 1.0000 1.0000 1.0000 1.0000 1.0000 1.0000 1.0000 1.0000 1.0000 1.0000 1.0000 1.0000
 3012.00 0.0007 0.0113 0.0738 0.9961 1.0000 1.0000 0.8613 0.9999 0.9937 1.0000 0.9974   7.245 1.0000 1.0000 0.0738 1.0000 1.0000 1.0000 1.0000 1.0000 1.0000 1.0000 1.0000 1.0000 1.0000 1.0000 1.0000 1.0000 1.0000 1.0000 1.0000 1.0000 1.0000 1.0000 1.0000
 3013.00 0.0001 0.0066 0.0174 0.9969 1.0000 1.0000 0.8600 0.9999 0.9937 1.0000 0.9974   9.240 1.0000 1.0000 0.0174 1.0000 1.0000 1.0000 1.0000 1.0000 1.0000 1.0000 1.0000 1.0000 1.0000 1.0000 1.0000 1.0000 1.0000 1.0000 1.0000 1.0000 1.0000 1.0000 1.0000
 3014.00 0.0005 0.1251 0.0047 0.9973 1.0000 1.0000 0.8588 0.9999 0.9937 1.0000 0.9974   7.610 1.0000 1.0000 0.0047 1.0000 1.0000 1.0000 1.0000 1.0000 1.0000 1.0000 1.0000 1.0000 1.0000 1.0000 1.0000 1.0000 1.0000 1.0000 1.0000 1.0000 1.0000 1.0000 1.0000
 3015.00 0.0002 0.1708 0.0011 0.9955 1.0000 1.0000 0.8576 0.9999 0.9937 1.0000 0.9973   8.770 1.0000 1.0000 0.0011 1.0000 1.0000 1.0000 1.0000 1.0000 1.0000 1.0000 1.0000 1.0000 1.0000 1.0000 1.0000 1.0000 1.0000 1.0000 1.0000 1.0000 1.0000 1.0000 1.0000
 3016.00 0.0000 0.0941 0.0002 0.9971 1.0000 1.0000 0.8563 0.9999 0.9936 1.0000 0.9973  11.246 1.0000 1.0000 0.0002 1.0000 1.0000 1.0000 1.0000 1.0000 1.0000 1.0000 1.0000 1.0000 1.0000 1.0000 1.0000 1.0000 1.0000 1.0000 1.0000 1.0000 1.0000 1.0000 1.0000
 3017.00 0.0000 0.5649 0.0000 0.9962 1.0000 1.0000 0.8551 0.9999 0.9936 1.0000 0.9973  14.711 1.0000 1.0000 0.0000 1.0000 1.0000 1.0000 1.0000 1.0000 1.0000 1.0000 1.0000 1.0000 1.0000 1.0000 1.0000 1.0000 1.0000 1.0000 1.0000 1.0000 1.0000 1.0000 1.0000
 3018.00 0.0000 0.7840 0.0000 0.9950 1.0000 1.0000 0.8539 0.9999 0.9936 1.0000 0.9973  13.391 1.0000 1.0000 0.0000 1.0000 1.0000 1.0000 1.0000 1.0000 1.0000 1.0000 1.0000 1.0000 1.0000 1.0000 1.0000 1.0000 1.0000 1.0000 1.0000 1.0000 1.0000 1.0000 1.0000
 3019.00 0.0287 0.7073 0.0482 0.9955 1.0000 1.0000 0.8527 0.9999 0.9936 1.0000 0.9973   3.550 1.0000 1.0000 0.0482 1.0000 1.0000 1.0000 1.0000 1.0000 1.0000 1.0000 1.0000 1.0000 1.0000 1.0000 1.0000 1.0000 1.0000 1.0000 1.0000 1.0000 1.0000 1.0000 1.0000
 3020.00 0.2644 0.6760 0.4639 0.9968 1.0000 1.0000 0.8514 0.9999 0.9936 1.0000 0.9973   1.330 1.0000 1.0000 0.4639 1.0000 1.0000 1.0000 1.0000 1.0000 1.0000 1.0000 1.0000 1.0000 1.0000 1.0000 1.0000 1.0000 1.0000 1.0000 1.0000 1.0000 1.0000 1.0000 1.0000
 3021.00 0.0667 0.6682 0.1190 0.9936 1.0000 1.0000 0.8494 0.9999 0.9936 1.0000 0.9973   2.708 1.0000 1.0000 0.1190 1.0000 1.0000 1.0000 1.0000 1.0000 1.0000 1.0000 1.0000 1.0000 1.0000 1.0000 1.0000 1.0000 1.0000 1.0000 1.0000 1.0000 1.0000 1.0000 1.0000
 3022.00 0.1135 0.1870 0.7236 0.9959 1.0000 1.0000 0.8473 0.9999 0.9935 1.0000 0.9973   2.176 1.0000 1.0000 0.7236 1.0000 1.0000 1.0000 1.0000 1.0000 1.0000 1.0000 1.0000 1.0000 1.0000 1.0000 1.0000 1.0000 1.0000 1.0000 1.0000 1.0000 1.0000 1.0000 1.0000
 3023.00 0.1604 0.2178 0.8820 0.9946 1.0000 1.0000 0.8453 0.9999 0.9935 1.0000 0.9972   1.830 1.0000 1.0000 0.8820 1.0000 1.0000 1.0000 1.0000 1.0000 1.0000 1.0000 1.0000 1.0000 1.0000 1.0000 1.0000 1.0000 1.0000 1.0000 1.0000 1.0000 1.0000 1.0000 1.0000
 3024.00 0.3624 0.4795 0.9068 0.9949 1.0000 1.0000 0.8433 0.9999 0.9935 1.0000 0.9972   1.015 1.0000 1.0000 0.9068 1.0000 1.0000 1.0000 1.0000 1.0000 1.0000 1.0000 1.0000 1.0000 1.0000 1.0000 1.0000 1.0000 1.0000 1.0000 1.0000 1.0000 1.0000 1.0000 1.0000
 3025.00 0.0988 0.1510 0.7873 0.9944 1.0000 1.0000 0.8412 0.9999 0.9935 1.0000 0.9972   2.315 1.0000 1.0000 0.7873 1.0000 1.0000 1.0000 1.0000 1.0000 1.0000 1.0000 1.0000 1.0000 1.0000 1.0000 1.0000 1.0000 1.0000 1.0000 1.0000 1.0000 1.0000 1.0000 1.0000
 3026.00 0.0058 0.0075 0.9273 0.9937 1.0000 1.0000 0.8392 0.9998 0.9935 1.0000 0.9972   5.155 1.0000 1.0000 0.9273 1.0000 1.0000 1.0000 1.0000 1.0000 1.0000 1.0000 1.0000 1.0000 1.0000 1.0000 1.0000 1.0000 1.0000 1.0000 1.0000 1.0000 1.0000 1.0000 1.0000
 3027.00 0.2562 0.3368 0.9193 0.9948 1.0000 1.0000 0.8372 0.9998 0.9934 1.0000 0.9972   1.362 1.0000 1.0000 0.9193 1.0000 1.0000 1.0000 1.0000 1.0000 1.0000 1.0000 1.0000 1.0000 1.0000 1.0000 1.0000 1.0000 1.0000 1.0000 1.0000 1.0000 1.0000 1.0000 1.0000
 3028.00 0.3015 0.4997 0.7313 0.9946 1.0000 1.0000 0.8351 0.9998 0.9934 1.0000 0.9972   1.199 1.0000 1.0000 0.7313 1.0000 1.0000 1.0000 1.0000 1.0000 1.0000 1.0000 1.0000 1.0000 1.0000 1.0000 1.0000 1.0000 1.0000 1.0000 1.0000 1.0000 1.0000 1.0000 1.0000
 3029.00 0.0953 0.3441 0.3370 0.9927 1.0000 1.0000 0.8331 0.9998 0.9934 1.0000 0.9972   2.351 1.0000 1.0000 0.3370 1.0000 1.0000 1.0000 1.0000 1.0000 1.0000 1.0000 1.0000 1.0000 1.0000 1.0000 1.0000 1.0000 1.0000 1.0000 1.0000 1.0000 1.0000 1.0000 1.0000
 3030.00 0.0209 0.0280 0.9064 0.9954 1.0000 1.0000 0.8311 0.9998 0.9934 1.0000 0.9971   3.870 1.0000 1.0000 0.9064 1.0000 1.0000 1.0000 1.0000 1.0000 1.0000 1.0000 1.0000 1.0000 1.0000 1.0000 1.0000 1.0000 1.0000 1.0000 1.0000 1.0000 1.0000 1.0000 1.0000
 3031.00 0.0002 0.0002 0.9558 0.9934 1.0000 1.0000 0.8291 0.9998 0.9934 1.0000 0.9971   8.697 1.0000 1.0000 0.9558 1.0000 1.0000 1.0000 1.0000 1.0000 1.0000 1.0000 1.0000 1.0000 1.0000 1.0000 1.0000 1.0000 1.0000 1.0000 1.0000 1.0000 1.0000 1.0000 1.0000
 3032.00 0.0000 0.0000 0.9095 0.9923 1.0000 1.0000 0.8272 0.9998 0.9934 1.0000 0.9971  11.479 1.0000 1.0000 0.9095 1.0000 1.0000 1.0000 1.0000 1.0000 1.0000 1.0000 1.0000 1.0000 1.0000 1.0000 1.0000 1.0000 1.0000 1.0000 1.0000 1.0000 1.0000 1.0000 1.0000
 3033.00 0.0341 0.0432 0.9696 0.9947 1.0000 1.0000 0.8252 0.9998 0.9933 1.0000 0.9971   3.378 1.0000 1.0000 0.9696 1.0000 1.0000 1.0000 1.0000 1.0000 1.0000 1.0000 1.0000 1.0000 1.0000 1.0000 1.0000 1.0000 1.0000 1.0000 1.0000 1.0000 1.0000 1.0000 1.0000
 3034.00 0.0011 0.0014 0.9571 0.9925 1.0000 1.0000 0.8233 0.9998 0.9933 1.0000 0.9971   6.829 1.0000 1.0000 0.9572 1.0000 1.0000 1.0000 1.0000 1.0000 1.0000 1.0000 1.0000 1.0000 1.0000 1.0000 1.0000 1.0000 1.0000 1.0000 1.0000 1.0000 1.0000 1.0000 1.0000
 3035.00 0.0110 0.0145 0.9388 0.9943 1.0000 1.0000 0.8213 0.9998 0.9933 1.0000 0.9971   4.510 1.0000 1.0000 0.9388 1.0000 1.0000 1.0000 1.0000 1.0000 1.0000 1.0000 1.0000 1.0000 1.0000 1.0000 1.0000 1.0000 1.0000 1.0000 1.0000 1.0000 1.0000 1.0000 1.0000
 3036.00 0.0303 0.0388 0.9642 0.9938 1.0000 1.0000 0.8194 0.9998 0.9933 1.0000 0.9970   3.497 1.0000 1.0000 0.9643 1.0000 1.0000 1.0000 1.0000 1.0000 1.0000 1.0000 1.0000 1.0000 1.0000 1.0000 1.0000 1.0000 1.0000 1.0000 1.0000 1.0000 1.0000 1.0000 1.0000
 3037.00 0.2870 0.3895 0.9128 0.9944 1.0000 1.0000 0.8175 0.9998 0.9933 1.0000 0.9970   1.248 1.0000 1.0000 0.9128 1.0000 1.0000 1.0000 1.0000 1.0000 1.0000 1.0000 1.0000 1.0000 1.0000 1.0000 1.0000 1.0000 1.0000 1.0000 1.0000 1.0000 1.0000 1.0000 1.0000
 3038.00 0.2928 0.7118 0.5109 0.9942 1.0000 1.0000 0.8155 0.9998 0.9932 1.0000 0.9970   1.228 1.0000 1.0000 0.5109 1.0000 1.0000 1.0000 1.0000 1.0000 1.0000 1.0000 1.0000 1.0000 1.0000 1.0000 1.0000 1.0000 1.0000 1.0000 1.0000 1.0000 1.0000 1.0000 1.0000
 3039.00 0.3844 0.8177 0.5854 0.9940 1.0000 1.0000 0.8136 0.9998 0.9932 1.0000 0.9970   0.956 1.0000 1.0000 0.5855 1.0000 1.0000 1.0000 1.0000 1.0000 1.0000 1.0000 1.0000 1.0000 1.0000 1.0000 1.0000 1.0000 1.0000 1.0000 1.0000 1.0000 1.0000 1.0000 1.0000
 3040.00 0.6602 0.8739 0.9426 0.9943 1.0000 1.0000 0.8117 0.9998 0.9932 1.0000 0.9970   0.415 1.0000 1.0000 0.9426 1.0000 1.0000 1.0000 1.0000 1.0000 1.0000 1.0000 1.0000 1.0000 1.0000 1.0000 1.0000 1.0000 1.0000 1.0000 1.0000 1.0000 1.0000 1.0000 1.0000
 3041.00 0.6720 0.8645 0.9704 0.9949 1.0000 1.0000 0.8108 0.9998 0.9932 1.0000 0.9970   0.398 1.0000 1.0000 0.9704 1.0000 1.0000 1.0000 1.0000 1.0000 1.0000 1.0000 1.0000 1.0000 1.0000 1.0000 1.0000 1.0000 1.0000 1.0000 1.0000 1.0000 1.0000 1.0000 1.0000
 3042.00 0.6088 0.8040 0.9462 0.9949 1.0000 1.0000 0.8100 0.9998 0.9932 1.0000 0.9969   0.496 1.0000 1.0000 0.9462 1.0000 1.0000 1.0000 1.0000 1.0000 1.0000 1.0000 1.0000 1.0000 1.0000 1.0000 1.0000 1.0000 1.0000 1.0000 1.0000 1.0000 1.0000 1.0000 1.0000
 3043.00 0.6486 0.8575 0.9465 0.9946 1.0000 1.0000 0.8092 0.9998 0.9931 1.0000 0.9969   0.433 1.0000 1.0000 0.9465 1.0000 1.0000 1.0000 1.0000 1.0000 1.0000 1.0000 1.0000 1.0000 1.0000 1.0000 1.0000 1.0000 1.0000 1.0000 1.0000 1.0000 1.0000 1.0000 1.0000
 3044.00 0.5202 0.7105 0.9161 0.9957 1.0000 1.0000 0.8084 0.9998 0.9931 1.0000 0.9969   0.653 1.0000 1.0000 0.9161 1.0000 1.0000 1.0000 1.0000 1.0000 1.0000 1.0000 1.0000 1.0000 1.0000 1.0000 1.0000 1.0000 1.0000 1.0000 1.0000 1.0000 1.0000 1.0000 1.0000
 3045.00 0.6452 0.8393 0.9632 0.9953 1.0000 1.0000 0.8076 0.9998 0.9931 1.0000 0.9969   0.438 1.0000 1.0000 0.9632 1.0000 1.0000 1.0000 1.0000 1.0000 1.0000 1.0000 1.0000 1.0000 1.0000 1.0000 1.0000 1.0000 1.0000 1.0000 1.0000 1.0000 1.0000 1.0000 1.0000
 3046.00 0.5706 0.7694 0.9287 0.9969 1.0000 1.0000 0.8068 0.9998 0.9931 1.0000 0.9969   0.561 1.0000 1.0000 0.9296 0.9991 1.0000 1.0000 1.0000 1.0000 1.0000 1.0000 1.0000 1.0000 1.0000 1.0000 1.0000 1.0000 1.0000 1.0000 1.0000 1.0000 1.0000 1.0000 1.0000
 3047.00 0.3829 0.5849 0.8206 0.9968 1.0000 1.0000 0.8059 0.9998 0.9931 1.0000 0.9969   0.960 1.0000 1.0000 0.8208 0.9998 1.0000 1.0000 1.0000 1.0000 1.0000 1.0000 1.0000 1.0000 1.0000 1.0000 1.0000 1.0000 1.0000 1.0000 1.0000 1.0000 1.0000 1.0000 1.0000
 3048.00 0.0142 0.1252 0.1424 0.9941 1.0000 1.0000 0.8051 0.9998 0.9930 1.0000 0.9968   4.257 1.0000 1.0000 0.1424 1.0000 1.0000 1.0000 1.0000 1.0000 1.0000 1.0000 1.0000 1.0000 1.0000 1.0000 1.0000 1.0000 1.0000 1.0000 1.0000 1.0000 1.0000 1.0000 1.0000
 3049.00 0.0001 0.0001 0.6340 0.9929 1.0000 1.0000 0.8043 0.9998 0.9930 1.0000 0.9968   9.683 1.0000 1.0000 0.6340 1.0000 1.0000 1.0000 1.0000 1.0000 1.0000 1.0000 1.0000 1.0000 1.0000 1.0000 1.0000 1.0000 1.0000 1.0000 1.0000 1.0000 1.0000 1.0000 1.0000
 3050.00 0.1406 0.1948 0.9135 0.9904 1.0000 1.0000 0.8035 0.9998 0.9930 1.0000 0.9968   1.962 1.0000 1.0000 0.9136 1.0000 1.0000 1.0000 1.0000 1.0000 1.0000 1.0000 1.0000 1.0000 1.0000 1.0000 1.0000 1.0000 1.0000 1.0000 1.0000 1.0000 1.0000 1.0000 1.0000
 3051.00 0.3269 0.4355 0.9554 0.9861 1.0000 1.0000 0.8025 0.9998 0.9930 1.0000 0.9968   1.118 1.0000 1.0000 0.9554 1.0000 1.0000 1.0000 1.0000 1.0000 1.0000 1.0000 1.0000 1.0000 1.0000 1.0000 1.0000 1.0000 1.0000 1.0000 1.0000 1.0000 1.0000 1.0000 1.0000
 3052.00 0.3716 0.4963 0.9521 0.9881 1.0000 1.0000 0.8016 0.9998 0.9930 1.0000 0.9968   0.990 1.0000 1.0000 0.9521 1.0000 1.0000 1.0000 1.0000 1.0000 1.0000 1.0000 1.0000 1.0000 1.0000 1.0000 1.0000 1.0000 1.0000 1.0000 1.0000 1.0000 1.0000 1.0000 1.0000
 3053.00 0.4773 0.6667 0.9145 0.9851 1.0000 1.0000 0.8006 0.9998 0.9929 1.0000 0.9968   0.740 1.0000 1.0000 0.9145 1.0000 1.0000 1.0000 1.0000 1.0000 1.0000 1.0000 1.0000 1.0000 1.0000 1.0000 1.0000 1.0000 1.0000 1.0000 1.0000 1.0000 1.0000 1.0000 1.0000
 3054.00 0.3940 0.5456 0.9251 0.9832 1.0000 1.0000 0.7996 0.9998 0.9929 1.0000 0.9967   0.931 1.0000 1.0000 0.9252 0.9999 1.0000 1.0000 1.0000 1.0000 1.0000 1.0000 1.0000 1.0000 1.0000 1.0000 1.0000 1.0000 1.0000 1.0000 1.0000 1.0000 1.0000 1.0000 1.0000
 3055.00 0.1220 0.1730 0.9087 0.9792 1.0000 1.0000 0.7987 0.9998 0.9929 1.0000 0.9967   2.103 1.0000 1.0000 0.9088 1.0000 1.0000 1.0000 1.0000 1.0000 1.0000 1.0000 1.0000 1.0000 1.0000 1.0000 1.0000 1.0000 1.0000 1.0000 1.0000 1.0000 1.0000 1.0000 1.0000
 3056.00 0.0006 0.0010 0.8279 0.9779 1.0000 1.0000 0.7977 0.9998 0.9929 1.0000 0.9967   7.339 1.0000 1.0000 0.8279 1.0000 1.0000 1.0000 1.0000 1.0000 1.0000 1.0000 1.0000 1.0000 1.0000 1.0000 1.0000 1.0000 1.0000 1.0000 1.0000 1.0000 1.0000 1.0000 1.0000
 3057.00 0.0000 0.0001 0.3516 0.9847 1.0000 1.0000 0.7967 0.9998 0.9929 1.0000 0.9967  10.877 1.0000 1.0000 0.3516 1.0000 1.0000 1.0000 1.0000 1.0000 1.0000 1.0000 1.0000 1.0000 1.0000 1.0000 1.0000 1.0000 1.0000 1.0000 1.0000 1.0000 1.0000 1.0000 1.0000
 3058.00 0.0142 0.2627 0.0688 0.9937 1.0000 1.0000 0.7958 0.9998 0.9928 1.0000 0.9967   4.256 1.0000 1.0000 0.0688 0.9999 1.0000 1.0000 1.0000 1.0000 1.0000 1.0000 1.0000 1.0000 1.0000 1.0000 1.0000 1.0000 1.0000 1.0000 1.0000 1.0000 1.0000 1.0000 1.0000
 3059.00 0.1308 0.2380 0.6999 0.9958 1.0000 1.0000 0.7948 0.9998 0.9928 1.0000 0.9967   2.034 1.0000 1.0000 0.6999 1.0000 1.0000 1.0000 1.0000 1.0000 1.0000 1.0000 1.0000 1.0000 1.0000 1.0000 1.0000 1.0000 1.0000 1.0000 1.0000 1.0000 1.0000 1.0000 1.0000
 3060.00 0.0056 0.0082 0.8605 0.9995 1.0000 1.0000 0.7938 0.9998 0.9928 1.0000 0.9967   5.191 1.0000 1.0000 0.8606 1.0000 1.0000 1.0000 1.0000 1.0000 1.0000 1.0000 1.0000 1.0000 1.0000 1.0000 1.0000 1.0000 1.0000 1.0000 1.0000 1.0000 1.0000 1.0000 1.0000
 3061.00 0.1279 0.1841 0.8833 0.9996 1.0000 1.0000 0.7926 0.9998 0.9928 1.0000 0.9966   2.056 1.0000 1.0000 0.8834 1.0000 1.0000 1.0000 1.0000 1.0000 1.0000 1.0000 1.0000 1.0000 1.0000 1.0000 1.0000 1.0000 1.0000 1.0000 1.0000 1.0000 1.0000 1.0000 1.0000
 3062.00 0.2660 0.3651 0.9277 0.9995 1.0000 1.0000 0.7915 0.9998 0.9928 1.0000 0.9966   1.324 1.0000 1.0000 0.9279 0.9999 1.0000 1.0000 1.0000 1.0000 1.0000 1.0000 1.0000 1.0000 1.0000 1.0000 1.0000 1.0000 1.0000 1.0000 1.0000 1.0000 1.0000 1.0000 1.0000
 3063.00 0.0943 0.1378 0.8733 0.9997 1.0000 1.0000 0.7903 0.9998 0.9928 1.0000 0.9966   2.361 1.0000 1.0000 0.8734 1.0000 1.0000 1.0000 1.0000 1.0000 1.0000 1.0000 1.0000 1.0000 1.0000 1.0000 1.0000 1.0000 1.0000 1.0000 1.0000 1.0000 1.0000 1.0000 1.0000
 3064.00 0.0007 0.0009 0.9234 0.9998 1.0000 1.0000 0.7891 0.9998 0.9927 1.0000 0.9966   7.285 1.0000 1.0000 0.9234 1.0000 1.0000 1.0000 1.0000 1.0000 1.0000 1.0000 1.0000 1.0000 1.0000 1.0000 1.0000 1.0000 1.0000 1.0000 1.0000 1.0000 1.0000 1.0000 1.0000
 3065.00 0.0026 0.0038 0.8742 0.9998 1.0000 1.0000 0.7879 0.9998 0.9927 1.0000 0.9966   5.962 1.0000 1.0000 0.8743 1.0000 1.0000 1.0000 1.0000 1.0000 1.0000 1.0000 1.0000 1.0000 1.0000 1.0000 1.0000 1.0000 1.0000 1.0000 1.0000 1.0000 1.0000 1.0000 1.0000
 3066.00 0.0014 0.0028 0.6486 0.9998 1.0000 1.0000 0.7867 0.9998 0.9927 1.0000 0.9966   6.548 1.0000 1.0000 0.6486 0.9999 1.0000 1.0000 1.0000 1.0000 1.0000 1.0000 1.0000 1.0000 1.0000 1.0000 1.0000 1.0000 1.0000 1.0000 1.0000 1.0000 1.0000 1.0000 1.0000
 3067.00 0.0000 0.0000 0.0430 0.9998 1.0000 1.0000 0.7856 0.9998 0.9927 1.0000 0.9965  16.284 1.0000 1.0000 0.0430 1.0000 1.0000 1.0000 1.0000 1.0000 1.0000 1.0000 1.0000 1.0000 1.0000 1.0000 1.0000 1.0000 1.0000 1.0000 1.0000 1.0000 1.0000 1.0000 1.0000
 3068.00 0.0192 0.0770 0.3201 0.9997 1.0000 1.0000 0.7844 0.9998 0.9927 1.0000 0.9965   3.954 1.0000 1.0000 0.3201 1.0000 1.0000 1.0000 1.0000 1.0000 1.0000 1.0000 1.0000 1.0000 1.0000 1.0000 1.0000 1.0000 1.0000 1.0000 1.0000 1.0000 1.0000 1.0000 1.0000
 3069.00 0.2042 0.3565 0.7372 0.9997 1.0000 1.0000 0.7832 0.9998 0.9926 1.0000 0.9965   1.589 1.0000 1.0000 0.7372 0.9999 1.0000 1.0000 1.0000 1.0000 1.0000 1.0000 1.0000 1.0000 1.0000 1.0000 1.0000 1.0000 1.0000 1.0000 1.0000 1.0000 1.0000 1.0000 1.0000
 3070.00 0.3877 0.6428 0.7773 0.9998 1.0000 1.0000 0.7820 0.9998 0.9926 1.0000 0.9965   0.947 1.0000 1.0000 0.7774 1.0000 1.0000 1.0000 1.0000 1.0000 1.0000 1.0000 1.0000 1.0000 1.0000 1.0000 1.0000 1.0000 1.0000 1.0000 1.0000 1.0000 1.0000 1.0000 1.0000
 3071.00 0.4874 0.7371 0.8542 0.9998 1.0000 1.0000 0.7801 0.9998 0.9926 1.0000 0.9965   0.719 1.0000 1.0000 0.8542 1.0000 1.0000 1.0000 1.0000 1.0000 1.0000 1.0000 1.0000 1.0000 1.0000 1.0000 1.0000 1.0000 1.0000 1.0000 1.0000 1.0000 1.0000 1.0000 1.0000
 3072.00 0.5620 0.7955 0.9149 0.9998 1.0000 1.0000 0.7782 0.9998 0.9926 1.0000 0.9965   0.576 1.0000 1.0000 0.9149 1.0000 1.0000 1.0000 1.0000 1.0000 1.0000 1.0000 1.0000 1.0000 1.0000 1.0000 1.0000 1.0000 1.0000 1.0000 1.0000 1.0000 1.0000 1.0000 1.0000
 3073.00 0.4630 0.7663 0.7843 0.9997 1.0000 1.0000 0.7763 0.9998 0.9926 1.0000 0.9964   0.770 1.0000 1.0000 0.7844 1.0000 1.0000 1.0000 1.0000 1.0000 1.0000 1.0000 1.0000 1.0000 1.0000 1.0000 1.0000 1.0000 1.0000 1.0000 1.0000 1.0000 1.0000 1.0000 1.0000
 3074.00 0.5163 0.7921 0.8485 0.9996 1.0000 1.0000 0.7744 0.9998 0.9925 1.0000 0.9964   0.661 1.0000 1.0000 0.8485 1.0000 1.0000 1.0000 1.0000 1.0000 1.0000 1.0000 1.0000 1.0000 1.0000 1.0000 1.0000 1.0000 1.0000 1.0000 1.0000 1.0000 1.0000 1.0000 1.0000
 3075.00 0.4344 0.6958 0.8145 0.9998 1.0000 1.0000 0.7725 0.9998 0.9925 1.0000 0.9964   0.834 1.0000 1.0000 0.8145 1.0000 1.0000 1.0000 1.0000 1.0000 1.0000 1.0000 1.0000 1.0000 1.0000 1.0000 1.0000 1.0000 1.0000 1.0000 1.0000 1.0000 1.0000 1.0000 1.0000
 3076.00 0.1537 0.5912 0.3401 0.9999 1.0000 1.0000 0.7707 0.9998 0.9925 1.0000 0.9964   1.872 1.0000 1.0000 0.3401 1.0000 1.0000 1.0000 1.0000 1.0000 1.0000 1.0000 1.0000 1.0000 1.0000 1.0000 1.0000 1.0000 1.0000 1.0000 1.0000 1.0000 1.0000 1.0000 1.0000
 3077.00 0.0158 0.1852 0.1117 0.9998 1.0000 1.0000 0.7688 0.9998 0.9925 1.0000 0.9964   4.149 1.0000 1.0000 0.1117 1.0000 1.0000 1.0000 1.0000 1.0000 1.0000 1.0000 1.0000 1.0000 1.0000 1.0000 1.0000 1.0000 1.0000 1.0000 1.0000 1.0000 1.0000 1.0000 1.0000
 3078.00 0.0008 0.0014 0.7255 0.9997 1.0000 1.0000 0.7669 0.9998 0.9925 1.0000 0.9964   7.195 1.0000 1.0000 0.7256 1.0000 1.0000 1.0000 1.0000 1.0000 1.0000 1.0000 1.0000 1.0000 1.0000 1.0000 1.0000 1.0000 1.0000 1.0000 1.0000 1.0000 1.0000 1.0000 1.0000
 3079.00 0.0045 0.0076 0.7816 0.9998 1.0000 1.0000 0.7650 0.9998 0.9924 1.0000 0.9963   5.398 1.0000 1.0000 0.7816 1.0000 1.0000 1.0000 1.0000 1.0000 1.0000 1.0000 1.0000 1.0000 1.0000 1.0000 1.0000 1.0000 1.0000 1.0000 1.0000 1.0000 1.0000 1.0000 1.0000
 3080.00 0.0013 0.0021 0.8061 0.9998 1.0000 1.0000 0.7631 0.9998 0.9924 1.0000 0.9963   6.662 1.0000 1.0000 0.8062 1.0000 1.0000 1.0000 1.0000 1.0000 1.0000 1.0000 1.0000 1.0000 1.0000 1.0000 1.0000 1.0000 1.0000 1.0000 1.0000 1.0000 1.0000 1.0000 1.0000
 3081.00 0.0057 0.0081 0.9185 0.9999 1.0000 1.0000 0.7613 0.9998 0.9924 1.0000 0.9963   5.176 1.0000 1.0000 0.9185 1.0000 1.0000 1.0000 1.0000 1.0000 1.0000 1.0000 1.0000 1.0000 1.0000 1.0000 1.0000 1.0000 1.0000 1.0000 1.0000 1.0000 1.0000 1.0000 1.0000
 3082.00 0.0036 0.0056 0.8444 0.9999 1.0000 1.0000 0.7595 0.9998 0.9924 1.0000 0.9963   5.629 1.0000 1.0000 0.8445 1.0000 1.0000 1.0000 1.0000 1.0000 1.0000 1.0000 1.0000 1.0000 1.0000 1.0000 1.0000 1.0000 1.0000 1.0000 1.0000 1.0000 1.0000 1.0000 1.0000
 3083.00 0.0242 0.0360 0.8950 0.9999 1.0000 1.0000 0.7577 0.9998 0.9924 1.0000 0.9963   3.721 1.0000 1.0000 0.8950 1.0000 1.0000 1.0000 1.0000 1.0000 1.0000 1.0000 1.0000 1.0000 1.0000 1.0000 1.0000 1.0000 1.0000 1.0000 1.0000 1.0000 1.0000 1.0000 1.0000
 3084.00 0.2240 0.3965 0.7534 0.9999 1.0000 1.0000 0.7560 0.9998 0.9923 1.0000 0.9962   1.496 1.0000 1.0000 0.7535 1.0000 1.0000 1.0000 1.0000 1.0000 1.0000 1.0000 1.0000 1.0000 1.0000 1.0000 1.0000 1.0000 1.0000 1.0000 1.0000 1.0000 1.0000 1.0000 1.0000
 3085.00 0.1972 0.6548 0.4025 0.9999 1.0000 1.0000 0.7542 0.9998 0.9923 1.0000 0.9962   1.624 1.0000 1.0000 0.4025 1.0000 1.0000 1.0000 1.0000 1.0000 1.0000 1.0000 1.0000 1.0000 1.0000 1.0000 1.0000 1.0000 1.0000 1.0000 1.0000 1.0000 1.0000 1.0000 1.0000
 3086.00 0.0029 0.6245 0.0062 0.9999 1.0000 1.0000 0.7524 0.9998 0.9923 1.0000 0.9962   5.849 1.0000 1.0000 0.0062 1.0000 1.0000 1.0000 1.0000 1.0000 1.0000 1.0000 1.0000 1.0000 1.0000 1.0000 1.0000 1.0000 1.0000 1.0000 1.0000 1.0000 1.0000 1.0000 1.0000
 3087.00 0.0385 0.1060 0.4875 0.9998 1.0000 1.0000 0.7506 0.9998 0.9923 1.0000 0.9962   3.258 1.0000 1.0000 0.4875 1.0000 1.0000 1.0000 1.0000 1.0000 1.0000 1.0000 1.0000 1.0000 1.0000 1.0000 1.0000 1.0000 1.0000 1.0000 1.0000 1.0000 1.0000 1.0000 1.0000
 3088.00 0.2130 0.3563 0.8047 0.9998 1.0000 1.0000 0.7488 0.9998 0.9922 1.0000 0.9962   1.547 1.0000 1.0000 0.8047 1.0000 1.0000 1.0000 1.0000 1.0000 1.0000 1.0000 1.0000 1.0000 1.0000 1.0000 1.0000 1.0000 1.0000 1.0000 1.0000 1.0000 1.0000 1.0000 1.0000
 3089.00 0.4733 0.7359 0.8680 0.9997 1.0000 1.0000 0.7470 0.9998 0.9922 1.0000 0.9961   0.748 0.9999 1.0000 0.8680 1.0000 1.0000 1.0000 1.0000 1.0000 1.0000 1.0000 1.0000 1.0000 1.0000 1.0000 1.0000 1.0000 1.0000 1.0000 1.0000 1.0000 1.0000 1.0000 1.0000
 3090.00 0.3631 0.7235 0.6789 0.9998 1.0000 1.0000 0.7453 0.9998 0.9922 1.0000 0.9961   1.013 1.0000 1.0000 0.6789 1.0000 1.0000 1.0000 1.0000 1.0000 1.0000 1.0000 1.0000 1.0000 1.0000 1.0000 1.0000 1.0000 1.0000 1.0000 1.0000 1.0000 1.0000 1.0000 1.0000
 3091.00 0.4378 0.6414 0.9240 0.9997 1.0000 1.0000 0.7449 0.9998 0.9922 1.0000 0.9961   0.826 0.9999 1.0000 0.9241 1.0000 1.0000 1.0000 1.0000 1.0000 1.0000 1.0000 1.0000 1.0000 1.0000 1.0000 1.0000 1.0000 1.0000 1.0000 1.0000 1.0000 1.0000 1.0000 1.0000
 3092.00 0.3763 0.5608 0.9091 0.9996 1.0000 1.0000 0.7445 0.9998 0.9922 1.0000 0.9961   0.977 0.9999 1.0000 0.9092 1.0000 1.0000 1.0000 1.0000 1.0000 1.0000 1.0000 1.0000 1.0000 1.0000 1.0000 1.0000 1.0000 1.0000 1.0000 1.0000 1.0000 1.0000 1.0000 1.0000
 3093.00 0.1316 0.2054 0.8687 0.9993 1.0000 1.0000 0.7441 0.9998 0.9921 1.0000 0.9961   2.028 1.0000 1.0000 0.8688 1.0000 1.0000 1.0000 1.0000 1.0000 1.0000 1.0000 1.0000 1.0000 1.0000 1.0000 1.0000 1.0000 1.0000 1.0000 1.0000 1.0000 1.0000 1.0000 1.0000
 3094.00 0.0061 0.0131 0.6324 0.9991 1.0000 1.0000 0.7437 0.9998 0.9921 1.0000 0.9960   5.096 0.9999 1.0000 0.6325 1.0000 1.0000 1.0000 1.0000 1.0000 1.0000 1.0000 1.0000 1.0000 1.0000 1.0000 1.0000 1.0000 1.0000 1.0000 1.0000 1.0000 1.0000 1.0000 1.0000
 3095.00 0.0002 0.0092 0.0302 0.9985 1.0000 1.0000 0.7433 0.9998 0.9921 1.0000 0.9960   8.494 0.9999 1.0000 0.0302 1.0000 1.0000 1.0000 1.0000 1.0000 1.0000 1.0000 1.0000 1.0000 1.0000 1.0000 1.0000 1.0000 1.0000 1.0000 1.0000 1.0000 1.0000 1.0000 1.0000
 3096.00 0.0000 0.0000 0.3948 0.9983 1.0000 1.0000 0.7430 0.9998 0.9921 1.0000 0.9960  17.341 0.9998 1.0000 0.3948 1.0000 1.0000 1.0000 1.0000 1.0000 1.0000 1.0000 1.0000 1.0000 1.0000 1.0000 1.0000 1.0000 1.0000 1.0000 1.0000 1.0000 1.0000 1.0000 1.0000
 3097.00 0.0041 0.0066 0.8388 0.9998 1.0000 1.0000 0.7426 0.9998 0.9920 1.0000 0.9960   5.497 1.0000 1.0000 0.8388 1.0000 1.0000 1.0000 1.0000 1.0000 1.0000 1.0000 1.0000 1.0000 1.0000 1.0000 1.0000 1.0000 1.0000 1.0000 1.0000 1.0000 1.0000 1.0000 1.0000
 3098.00 0.0912 0.1348 0.9198 0.9997 1.0000 1.0000 0.7422 0.9998 0.9920 1.0000 0.9960   2.394 0.9998 1.0000 0.9200 1.0000 1.0000 1.0000 1.0000 1.0000 1.0000 1.0000 1.0000 1.0000 1.0000 1.0000 1.0000 1.0000 1.0000 1.0000 1.0000 1.0000 1.0000 1.0000 1.0000
 3099.00 0.0197 0.0317 0.8427 0.9997 1.0000 1.0000 0.7418 0.9998 0.9920 1.0000 0.9959   3.929 0.9998 1.0000 0.8429 1.0000 1.0000 1.0000 1.0000 1.0000 1.0000 1.0000 1.0000 1.0000 1.0000 1.0000 1.0000 1.0000 1.0000 1.0000 1.0000 1.0000 1.0000 1.0000 1.0000
 3100.00 0.0003 0.0006 0.8379 0.9997 1.0000 1.0000 0.7414 0.9998 0.9920 1.0000 0.9959   7.975 0.9999 1.0000 0.8379 1.0000 1.0000 1.0000 1.0000 1.0000 1.0000 1.0000 1.0000 1.0000 1.0000 1.0000 1.0000 1.0000 1.0000 1.0000 1.0000 1.0000 1.0000 1.0000 1.0000
 3101.00 0.0000 0.0000 0.9413 0.9999 1.0000 1.0000 0.7420 0.9998 0.9920 1.0000 0.9959  13.858 0.9997 1.0000 0.9416 1.0000 1.0000 1.0000 1.0000 1.0000 1.0000 1.0000 1.0000 1.0000 1.0000 1.0000 1.0000 1.0000 1.0000 1.0000 1.0000 1.0000 1.0000 1.0000 1.0000
 3102.00 0.0004 0.0006 0.9274 0.9999 1.0000 1.0000 0.7425 0.9998 0.9919 1.0000 0.9959   7.873 0.9997 1.0000 0.9276 1.0000 1.0000 1.0000 1.0000 1.0000 1.0000 1.0000 1.0000 1.0000 1.0000 1.0000 1.0000 1.0000 1.0000 1.0000 1.0000 1.0000 1.0000 1.0000 1.0000
 3103.00 0.0000 0.0001 0.8021 0.9999 1.0000 1.0000 0.7431 0.9998 0.9919 1.0000 0.9959  10.045 0.9999 1.0000 0.8021 1.0000 1.0000 1.0000 1.0000 1.0000 1.0000 1.0000 1.0000 1.0000 1.0000 1.0000 1.0000 1.0000 1.0000 1.0000 1.0000 1.0000 1.0000 1.0000 1.0000
 3104.00 0.0153 0.1337 0.1554 0.9999 1.0000 1.0000 0.7436 0.9998 0.9919 1.0000 0.9958   4.179 0.9997 1.0000 0.1554 1.0000 1.0000 1.0000 1.0000 1.0000 1.0000 1.0000 1.0000 1.0000 1.0000 1.0000 1.0000 1.0000 1.0000 1.0000 1.0000 1.0000 1.0000 1.0000 1.0000
 3105.00 0.0802 0.3657 0.2974 0.9999 1.0000 1.0000 0.7441 0.9998 0.9919 1.0000 0.9958   2.523 0.9997 1.0000 0.2975 1.0000 1.0000 1.0000 1.0000 1.0000 1.0000 1.0000 1.0000 1.0000 1.0000 1.0000 1.0000 1.0000 1.0000 1.0000 1.0000 1.0000 1.0000 1.0000 1.0000
 3106.00 0.1250 0.2037 0.8309 0.9999 1.0000 1.0000 0.7447 0.9998 0.9918 1.0000 0.9958   2.079 0.9997 1.0000 0.8312 1.0000 1.0000 1.0000 1.0000 1.0000 1.0000 1.0000 1.0000 1.0000 1.0000 1.0000 1.0000 1.0000 1.0000 1.0000 1.0000 1.0000 1.0000 1.0000 1.0000
 3107.00 0.0245 0.0356 0.9310 0.9999 1.0000 1.0000 0.7452 0.9998 0.9918 1.0000 0.9958   3.710 0.9999 1.0000 0.9311 1.0000 1.0000 1.0000 1.0000 1.0000 1.0000 1.0000 1.0000 1.0000 1.0000 1.0000 1.0000 1.0000 1.0000 1.0000 1.0000 1.0000 1.0000 1.0000 1.0000
 3108.00 0.0165 0.0240 0.9298 0.9997 1.0000 1.0000 0.7458 0.9998 0.9918 1.0000 0.9958   4.102 0.9997 1.0000 0.9301 1.0000 1.0000 1.0000 1.0000 1.0000 1.0000 1.0000 1.0000 1.0000 1.0000 1.0000 1.0000 1.0000 1.0000 1.0000 1.0000 1.0000 1.0000 1.0000 1.0000
 3109.00 0.0580 0.1081 0.7253 0.9999 1.0000 1.0000 0.7463 0.9998 0.9918 1.0000 0.9957   2.847 0.9998 1.0000 0.7255 1.0000 1.0000 1.0000 1.0000 1.0000 1.0000 1.0000 1.0000 1.0000 1.0000 1.0000 1.0000 1.0000 1.0000 1.0000 1.0000 1.0000 1.0000 1.0000 1.0000
 3110.00 0.0026 0.0040 0.8891 1.0000 1.0000 1.0000 0.7469 0.9998 0.9918 1.0000 0.9957   5.941 0.9999 1.0000 0.8892 1.0000 1.0000 1.0000 1.0000 1.0000 1.0000 1.0000 1.0000 1.0000 1.0000 1.0000 1.0000 1.0000 1.0000 1.0000 1.0000 1.0000 1.0000 1.0000 1.0000
 3111.00 0.0635 0.0921 0.9289 0.9999 1.0000 1.0000 0.7482 0.9998 0.9917 1.0000 0.9957   2.757 0.9998 1.0000 0.9291 1.0000 1.0000 1.0000 1.0000 1.0000 1.0000 1.0000 1.0000 1.0000 1.0000 1.0000 1.0000 1.0000 1.0000 1.0000 1.0000 1.0000 1.0000 1.0000 1.0000
 3112.00 0.0032 0.0055 0.7988 0.9999 1.0000 1.0000 0.7495 0.9998 0.9917 1.0000 0.9957   5.729 0.9998 1.0000 0.7990 1.0000 1.0000 1.0000 1.0000 1.0000 1.0000 1.0000 1.0000 1.0000 1.0000 1.0000 1.0000 1.0000 1.0000 1.0000 1.0000 1.0000 1.0000 1.0000 1.0000
 3113.00 0.0093 0.0621 0.2004 0.9999 1.0000 1.0000 0.7509 0.9998 0.9917 1.0000 0.9957   4.681 0.9999 1.0000 0.2004 1.0000 1.0000 1.0000 1.0000 1.0000 1.0000 1.0000 1.0000 1.0000 1.0000 1.0000 1.0000 1.0000 1.0000 1.0000 1.0000 1.0000 1.0000 1.0000 1.0000
 3114.00 0.0036 0.0178 0.2725 0.9999 1.0000 1.0000 0.7522 0.9998 0.9917 1.0000 0.9957   5.622 0.9998 1.0000 0.2725 1.0000 1.0000 1.0000 1.0000 1.0000 1.0000 1.0000 1.0000 1.0000 1.0000 1.0000 1.0000 1.0000 1.0000 1.0000 1.0000 1.0000 1.0000 1.0000 1.0000
 3115.00 0.0003 0.0005 0.7982 0.9998 1.0000 1.0000 0.7535 0.9998 0.9917 1.0000 0.9956   8.079 0.9999 1.0000 0.7984 1.0000 1.0000 1.0000 1.0000 1.0000 1.0000 1.0000 1.0000 1.0000 1.0000 1.0000 1.0000 1.0000 1.0000 1.0000 1.0000 1.0000 1.0000 1.0000 1.0000
 3116.00 0.0000 0.0000 0.9401 0.9997 1.0000 1.0000 0.7549 0.9998 0.9916 1.0000 0.9956  15.539 1.0000 1.0000 0.9402 1.0000 1.0000 1.0000 1.0000 1.0000 1.0000 1.0000 1.0000 1.0000 1.0000 1.0000 1.0000 1.0000 1.0000 1.0000 1.0000 1.0000 1.0000 1.0000 1.0000
 3117.00 0.0077 0.0107 0.9585 0.9999 1.0000 1.0000 0.7562 0.9998 0.9916 1.0000 0.9956   4.866 0.9999 1.0000 0.9586 1.0000 1.0000 1.0000 1.0000 1.0000 1.0000 1.0000 1.0000 1.0000 1.0000 1.0000 1.0000 1.0000 1.0000 1.0000 1.0000 1.0000 1.0000 1.0000 1.0000
 3118.00 0.0006 0.0009 0.9526 0.9999 1.0000 1.0000 0.7575 0.9998 0.9916 1.0000 0.9956   7.404 0.9999 1.0000 0.9527 1.0000 1.0000 1.0000 1.0000 1.0000 1.0000 1.0000 1.0000 1.0000 1.0000 1.0000 1.0000 1.0000 1.0000 1.0000 1.0000 1.0000 1.0000 1.0000 1.0000
 3119.00 0.0000 0.0000 0.7448 0.9999 1.0000 1.0000 0.7589 0.9998 0.9916 1.0000 0.9956  13.083 0.9999 1.0000 0.7449 1.0000 1.0000 1.0000 1.0000 1.0000 1.0000 1.0000 1.0000 1.0000 1.0000 1.0000 1.0000 1.0000 1.0000 1.0000 1.0000 1.0000 1.0000 1.0000 1.0000
 3120.00 0.0284 0.0398 0.9460 0.9999 1.0000 1.0000 0.7602 0.9998 0.9915 1.0000 0.9955   3.562 0.9999 1.0000 0.9461 1.0000 1.0000 1.0000 1.0000 1.0000 1.0000 1.0000 1.0000 1.0000 1.0000 1.0000 1.0000 1.0000 1.0000 1.0000 1.0000 1.0000 1.0000 1.0000 1.0000
 3121.00 0.0347 0.0523 0.8779 0.9999 1.0000 1.0000 0.7627 0.9998 0.9915 1.0000 0.9955   3.360 0.9999 1.0000 0.8779 1.0000 1.0000 1.0000 1.0000 1.0000 1.0000 1.0000 1.0000 1.0000 1.0000 1.0000 1.0000 1.0000 1.0000 1.0000 1.0000 1.0000 1.0000 1.0000 1.0000
 3122.00 0.0000 0.0002 0.3211 0.9998 1.0000 1.0000 0.7651 0.9998 0.9915 1.0000 0.9955   9.922 0.9999 1.0000 0.3212 1.0000 1.0000 1.0000 1.0000 1.0000 1.0000 1.0000 1.0000 1.0000 1.0000 1.0000 1.0000 1.0000 1.0000 1.0000 1.0000 1.0000 1.0000 1.0000 1.0000
 3123.00 0.0000 0.0000 0.3109 0.9998 1.0000 1.0000 0.7675 0.9998 0.9915 1.0000 0.9955  15.209 0.9999 1.0000 0.3110 1.0000 1.0000 1.0000 1.0000 1.0000 1.0000 1.0000 1.0000 1.0000 1.0000 1.0000 1.0000 1.0000 1.0000 1.0000 1.0000 1.0000 1.0000 1.0000 1.0000
 3124.00 0.0584 0.0856 0.8939 0.9998 1.0000 1.0000 0.7699 0.9998 0.9915 1.0000 0.9955   2.841 0.9999 1.0000 0.8940 1.0000 1.0000 1.0000 1.0000 1.0000 1.0000 1.0000 1.0000 1.0000 1.0000 1.0000 1.0000 1.0000 1.0000 1.0000 1.0000 1.0000 1.0000 1.0000 1.0000
 3125.00 0.0153 0.0217 0.9187 0.9999 1.0000 1.0000 0.7724 0.9998 0.9914 1.0000 0.9954   4.181 0.9996 1.0000 0.9191 1.0000 1.0000 1.0000 1.0000 1.0000 1.0000 1.0000 1.0000 1.0000 1.0000 1.0000 1.0000 1.0000 1.0000 1.0000 1.0000 1.0000 1.0000 1.0000 1.0000
 3126.00 0.0005 0.0007 0.9345 0.9998 1.0000 1.0000 0.7748 0.9998 0.9914 1.0000 0.9954   7.631 0.9997 1.0000 0.9348 1.0000 1.0000 1.0000 1.0000 1.0000 1.0000 1.0000 1.0000 1.0000 1.0000 1.0000 1.0000 1.0000 1.0000 1.0000 1.0000 1.0000 1.0000 1.0000 1.0000
 3127.00 0.0000 0.0000 0.9763 0.9999 1.0000 1.0000 0.7773 0.9998 0.9914 1.0000 0.9954  10.361 0.9997 1.0000 0.9766 1.0000 1.0000 1.0000 1.0000 1.0000 1.0000 1.0000 1.0000 1.0000 1.0000 1.0000 1.0000 1.0000 1.0000 1.0000 1.0000 1.0000 1.0000 1.0000 1.0000
 3128.00 0.0431 0.0678 0.8218 0.9999 1.0000 1.0000 0.7798 0.9998 0.9914 1.0000 0.9954   3.145 0.9992 1.0000 0.8224 1.0000 1.0000 1.0000 1.0000 1.0000 1.0000 1.0000 1.0000 1.0000 1.0000 1.0000 1.0000 1.0000 1.0000 1.0000 1.0000 1.0000 1.0000 1.0000 1.0000
 3129.00 0.2302 0.3245 0.9153 0.9998 1.0000 1.0000 0.7823 0.9998 0.9913 1.0000 0.9953   1.469 0.9996 1.0000 0.9156 1.0000 1.0000 1.0000 1.0000 1.0000 1.0000 1.0000 1.0000 1.0000 1.0000 1.0000 1.0000 1.0000 1.0000 1.0000 1.0000 1.0000 1.0000 1.0000 1.0000
 3130.00 0.3033 0.4233 0.9212 0.9998 1.0000 1.0000 0.7847 0.9998 0.9913 1.0000 0.9953   1.193 0.9998 1.0000 0.9213 1.0000 1.0000 1.0000 1.0000 1.0000 1.0000 1.0000 1.0000 1.0000 1.0000 1.0000 1.0000 1.0000 1.0000 1.0000 1.0000 1.0000 1.0000 1.0000 1.0000
 3131.00 0.0820 0.2925 0.3595 0.9999 1.0000 1.0000 0.7870 0.9998 0.9913 1.0000 0.9953   2.501 0.9998 1.0000 0.3596 1.0000 1.0000 1.0000 1.0000 1.0000 1.0000 1.0000 1.0000 1.0000 1.0000 1.0000 1.0000 1.0000 1.0000 1.0000 1.0000 1.0000 1.0000 1.0000 1.0000
 3132.00 0.0179 0.0450 0.5101 0.9999 1.0000 1.0000 0.7892 0.9998 0.9913 1.0000 0.9953   4.021 0.9997 1.0000 0.5103 1.0000 1.0000 1.0000 1.0000 1.0000 1.0000 1.0000 1.0000 1.0000 1.0000 1.0000 1.0000 1.0000 1.0000 1.0000 1.0000 1.0000 1.0000 1.0000 1.0000
 3133.00 0.0000 0.0000 0.9494 0.9997 1.0000 1.0000 0.7914 0.9998 0.9912 1.0000 0.9953  17.660 0.9997 1.0000 0.9497 1.0000 1.0000 1.0000 1.0000 1.0000 1.0000 1.0000 1.0000 1.0000 1.0000 1.0000 1.0000 1.0000 1.0000 1.0000 1.0000 1.0000 1.0000 1.0000 1.0000
 3134.00 0.0148 0.0193 0.9750 0.9999 1.0000 1.0000 0.7937 0.9998 0.9912 1.0000 0.9952   4.214 0.9998 1.0000 0.9752 1.0000 1.0000 1.0000 1.0000 1.0000 1.0000 1.0000 1.0000 1.0000 1.0000 1.0000 1.0000 1.0000 1.0000 1.0000 1.0000 1.0000 1.0000 1.0000 1.0000
 3135.00 0.1794 0.2450 0.9283 0.9999 1.0000 1.0000 0.7959 0.9998 0.9912 1.0000 0.9952   1.718 0.9996 1.0000 0.9287 1.0000 1.0000 1.0000 1.0000 1.0000 1.0000 1.0000 1.0000 1.0000 1.0000 1.0000 1.0000 1.0000 1.0000 1.0000 1.0000 1.0000 1.0000 1.0000 1.0000
 3136.00 0.3380 0.4452 0.9600 0.9999 1.0000 1.0000 0.7982 0.9998 0.9912 1.0000 0.9952   1.085 0.9995 1.0000 0.9605 1.0000 1.0000 1.0000 1.0000 1.0000 1.0000 1.0000 1.0000 1.0000 1.0000 1.0000 1.0000 1.0000 1.0000 1.0000 1.0000 1.0000 1.0000 1.0000 1.0000
 3137.00 0.4955 0.6955 0.8983 0.9999 1.0000 1.0000 0.8004 0.9998 0.9911 1.0000 0.9952   0.702 0.9997 1.0000 0.8986 1.0000 1.0000 1.0000 1.0000 1.0000 1.0000 1.0000 1.0000 1.0000 1.0000 1.0000 1.0000 1.0000 1.0000 1.0000 1.0000 1.0000 1.0000 1.0000 1.0000
 3138.00 0.5863 0.8079 0.9125 0.9998 1.0000 1.0000 0.8027 0.9998 0.9911 1.0000 0.9951   0.534 0.9995 1.0000 0.9130 1.0000 1.0000 1.0000 1.0000 1.0000 1.0000 1.0000 1.0000 1.0000 1.0000 1.0000 1.0000 1.0000 1.0000 1.0000 1.0000 1.0000 1.0000 1.0000 1.0000
 3139.00 0.5235 0.7284 0.9012 0.9998 1.0000 1.0000 0.8050 0.9998 0.9911 1.0000 0.9951   0.647 0.9995 1.0000 0.9017 1.0000 1.0000 1.0000 1.0000 1.0000 1.0000 1.0000 1.0000 1.0000 1.0000 1.0000 1.0000 1.0000 1.0000 1.0000 1.0000 1.0000 1.0000 1.0000 1.0000
 3140.00 0.0994 0.6289 0.1976 0.9999 1.0000 1.0000 0.8072 0.9998 0.9911 1.0000 0.9951   2.309 0.9993 1.0000 0.1977 1.0000 1.0000 1.0000 1.0000 1.0000 1.0000 1.0000 1.0000 1.0000 1.0000 1.0000 1.0000 1.0000 1.0000 1.0000 1.0000 1.0000 1.0000 1.0000 1.0000
 3141.00 0.4451 0.8017 0.6922 0.9999 1.0000 1.0000 0.8095 0.9998 0.9910 1.0000 0.9951   0.809 0.9991 1.0000 0.6929 1.0000 1.0000 1.0000 1.0000 1.0000 1.0000 1.0000 1.0000 1.0000 1.0000 1.0000 1.0000 1.0000 1.0000 1.0000 1.0000 1.0000 1.0000 1.0000 1.0000
 3142.00 0.3212 0.4149 0.9625 0.9999 1.0000 1.0000 0.8119 0.9998 0.9910 1.0000 0.9950   1.136 0.9997 1.0000 0.9629 1.0000 1.0000 1.0000 1.0000 1.0000 1.0000 1.0000 1.0000 1.0000 1.0000 1.0000 1.0000 1.0000 1.0000 1.0000 1.0000 1.0000 1.0000 1.0000 1.0000
 3143.00 0.0649 0.0817 0.9852 0.9997 1.0000 1.0000 0.8142 0.9998 0.9910 1.0000 0.9950   2.734 0.9989 1.0000 0.9863 1.0000 1.0000 1.0000 1.0000 1.0000 1.0000 1.0000 1.0000 1.0000 1.0000 1.0000 1.0000 1.0000 1.0000 1.0000 1.0000 1.0000 1.0000 1.0000 1.0000
 3144.00 0.5522 0.7038 0.9699 0.9999 1.0000 1.0000 0.8165 0.9998 0.9910 1.0000 0.9950   0.594 0.9989 1.0000 0.9710 1.0000 1.0000 1.0000 1.0000 1.0000 1.0000 1.0000 1.0000 1.0000 1.0000 1.0000 1.0000 1.0000 1.0000 1.0000 1.0000 1.0000 1.0000 1.0000 1.0000
 3145.00 0.6828 0.8662 0.9718 0.9999 1.0000 1.0000 0.8188 0.9998 0.9909 1.0000 0.9950   0.381 0.9993 1.0000 0.9725 1.0000 1.0000 1.0000 1.0000 1.0000 1.0000 1.0000 1.0000 1.0000 1.0000 1.0000 1.0000 1.0000 1.0000 1.0000 1.0000 1.0000 1.0000 1.0000 1.0000
 3146.00 0.6451 0.8954 0.8856 0.9999 1.0000 1.0000 0.8212 0.9998 0.9909 1.0000 0.9949   0.438 0.9984 1.0000 0.8871 1.0000 1.0000 1.0000 1.0000 1.0000 1.0000 1.0000 1.0000 1.0000 1.0000 1.0000 1.0000 1.0000 1.0000 1.0000 1.0000 1.0000 1.0000 1.0000 1.0000
 3147.00 0.6457 0.8408 0.9415 0.9998 1.0000 1.0000 0.8235 0.9998 0.9909 1.0000 0.9949   0.437 0.9984 1.0000 0.9430 1.0000 1.0000 1.0000 1.0000 1.0000 1.0000 1.0000 1.0000 1.0000 1.0000 1.0000 1.0000 1.0000 1.0000 1.0000 1.0000 1.0000 1.0000 1.0000 1.0000
 3148.00 0.6158 0.8273 0.9100 0.9998 1.0000 1.0000 0.8259 0.9998 0.9909 1.0000 0.9949   0.485 0.9993 1.0000 0.9107 1.0000 1.0000 1.0000 1.0000 1.0000 1.0000 1.0000 1.0000 1.0000 1.0000 1.0000 1.0000 1.0000 1.0000 1.0000 1.0000 1.0000 1.0000 1.0000 1.0000
 3149.00 0.1253 0.9188 0.1662 0.9999 1.0000 1.0000 0.8283 0.9998 0.9908 1.0000 0.9949   2.077 0.9981 1.0000 0.1666 1.0000 1.0000 1.0000 1.0000 1.0000 1.0000 1.0000 1.0000 1.0000 1.0000 1.0000 1.0000 1.0000 1.0000 1.0000 1.0000 1.0000 1.0000 1.0000 1.0000
 3150.00 0.6707 0.8786 0.9279 0.9999 1.0000 1.0000 0.8306 0.9998 0.9908 1.0000 0.9949   0.399 0.9974 1.0000 0.9304 1.0000 1.0000 1.0000 1.0000 1.0000 1.0000 1.0000 1.0000 1.0000 1.0000 1.0000 1.0000 1.0000 1.0000 1.0000 1.0000 1.0000 1.0000 1.0000 1.0000
 3151.00 0.2750 0.3487 0.9566 0.9998 1.0000 1.0000 0.8325 0.9998 0.9908 1.0000 0.9948   1.291 0.9970 1.0000 0.9595 1.0000 1.0000 1.0000 1.0000 1.0000 1.0000 1.0000 1.0000 1.0000 1.0000 1.0000 1.0000 1.0000 1.0000 1.0000 1.0000 1.0000 1.0000 1.0000 1.0000
 3152.00 0.1834 0.2236 0.9928 0.9998 1.0000 1.0000 0.8344 0.9998 0.9908 1.0000 0.9948   1.696 0.9996 1.0000 0.9932 1.0000 1.0000 1.0000 1.0000 1.0000 1.0000 1.0000 1.0000 1.0000 1.0000 1.0000 1.0000 1.0000 1.0000 1.0000 1.0000 1.0000 1.0000 1.0000 1.0000
 3153.00 0.4869 0.6144 0.9570 0.9998 1.0000 1.0000 0.8362 0.9998 0.9907 1.0000 0.9948   0.720 0.9965 1.0000 0.9604 1.0000 1.0000 1.0000 1.0000 1.0000 1.0000 1.0000 1.0000 1.0000 1.0000 1.0000 1.0000 1.0000 1.0000 1.0000 1.0000 1.0000 1.0000 1.0000 1.0000
 3154.00 0.7509 0.9197 0.9836 0.9998 1.0000 1.0000 0.8381 0.9998 0.9907 1.0000 0.9948   0.286 0.9963 1.0000 0.9873 1.0000 1.0000 1.0000 1.0000 1.0000 1.0000 1.0000 1.0000 1.0000 1.0000 1.0000 1.0000 1.0000 1.0000 1.0000 1.0000 1.0000 1.0000 1.0000 1.0000
 3155.00 0.5944 0.7482 0.9550 0.9998 1.0000 1.0000 0.8400 0.9998 0.9907 1.0000 0.9947   0.520 0.9993 1.0000 0.9557 1.0000 1.0000 1.0000 1.0000 1.0000 1.0000 1.0000 1.0000 1.0000 1.0000 1.0000 1.0000 1.0000 1.0000 1.0000 1.0000 1.0000 1.0000 1.0000 1.0000
 3156.00 0.7037 0.8963 0.9417 0.9998 1.0000 1.0000 0.8419 0.9998 0.9907 1.0000 0.9947   0.351 0.9957 1.0000 0.9458 1.0000 1.0000 1.0000 1.0000 1.0000 1.0000 1.0000 1.0000 1.0000 1.0000 1.0000 1.0000 1.0000 1.0000 1.0000 1.0000 1.0000 1.0000 1.0000 1.0000
 3157.00 0.6396 0.9648 0.7934 0.9998 1.0000 1.0000 0.8438 0.9998 0.9907 1.0000 0.9947   0.447 0.9956 1.0000 0.7969 1.0000 1.0000 1.0000 1.0000 1.0000 1.0000 1.0000 1.0000 1.0000 1.0000 1.0000 1.0000 1.0000 1.0000 1.0000 1.0000 1.0000 1.0000 1.0000 1.0000
 3158.00 0.3691 0.9283 0.4748 0.9998 1.0000 1.0000 0.8457 0.9998 0.9906 1.0000 0.9947   0.997 0.9992 1.0000 0.4752 1.0000 1.0000 1.0000 1.0000 1.0000 1.0000 1.0000 1.0000 1.0000 1.0000 1.0000 1.0000 1.0000 1.0000 1.0000 1.0000 1.0000 1.0000 1.0000 1.0000
 3159.00 0.7420 0.9230 0.9579 0.9997 1.0000 1.0000 0.8476 0.9998 0.9906 1.0000 0.9946   0.298 0.9954 1.0000 0.9623 1.0000 1.0000 1.0000 1.0000 1.0000 1.0000 1.0000 1.0000 1.0000 1.0000 1.0000 1.0000 1.0000 1.0000 1.0000 1.0000 1.0000 1.0000 1.0000 1.0000
 3160.00 0.8145 0.9785 0.9896 0.9997 1.0000 1.0000 0.8495 0.9998 0.9906 1.0000 0.9946   0.205 0.9952 1.0000 0.9944 1.0000 1.0000 1.0000 1.0000 1.0000 1.0000 1.0000 1.0000 1.0000 1.0000 1.0000 1.0000 1.0000 1.0000 1.0000 1.0000 1.0000 1.0000 1.0000 1.0000
 3161.00 0.8049 0.9597 0.9965 0.9997 1.0000 1.0000 0.8501 0.9998 0.9906 1.0000 0.9946   0.217 0.9994 1.0000 0.9971 1.0000 1.0000 1.0000 1.0000 1.0000 1.0000 1.0000 1.0000 1.0000 1.0000 1.0000 1.0000 1.0000 1.0000 1.0000 1.0000 1.0000 1.0000 1.0000 1.0000
 3162.00 0.7044 0.8425 0.9925 0.9998 1.0000 1.0000 0.8507 0.9998 0.9905 1.0000 0.9946   0.350 0.9953 1.0000 0.9972 0.9999 1.0000 1.0000 1.0000 1.0000 1.0000 1.0000 1.0000 1.0000 1.0000 1.0000 1.0000 1.0000 1.0000 1.0000 1.0000 1.0000 1.0000 1.0000 1.0000
 3163.00 0.6902 0.8250 0.9927 0.9996 1.0000 1.0000 0.8513 0.9998 0.9905 1.0000 0.9946   0.371 0.9954 1.0000 0.9974 0.9999 1.0000 1.0000 1.0000 1.0000 1.0000 1.0000 1.0000 1.0000 1.0000 1.0000 1.0000 1.0000 1.0000 1.0000 1.0000 1.0000 1.0000 1.0000 1.0000
 3164.00 0.1704 0.2106 0.9591 0.9997 1.0000 1.0000 0.8519 0.9998 0.9905 1.0000 0.9945   1.770 0.9994 1.0000 0.9599 0.9997 1.0000 1.0000 1.0000 1.0000 1.0000 1.0000 1.0000 1.0000 1.0000 1.0000 1.0000 1.0000 1.0000 1.0000 1.0000 1.0000 1.0000 1.0000 1.0000
 3165.00 0.4163 0.5128 0.9619 0.9997 1.0000 1.0000 0.8526 0.9998 0.9905 1.0000 0.9945   0.876 0.9959 1.0000 0.9668 0.9990 1.0000 1.0000 1.0000 1.0000 1.0000 1.0000 1.0000 1.0000 1.0000 1.0000 1.0000 1.0000 1.0000 1.0000 1.0000 1.0000 1.0000 1.0000 1.0000
 3166.00 0.3195 0.6502 0.5818 0.9996 1.0000 1.0000 0.8532 0.9998 0.9904 1.0000 0.9945   1.141 0.9964 1.0000 0.5844 0.9993 1.0000 1.0000 1.0000 1.0000 1.0000 1.0000 1.0000 1.0000 1.0000 1.0000 1.0000 1.0000 1.0000 1.0000 1.0000 1.0000 1.0000 1.0000 1.0000
 3167.00 0.1765 0.2340 0.8922 0.9997 1.0000 1.0000 0.8538 0.9998 0.9904 1.0000 0.9945   1.735 0.9995 1.0000 0.8927 1.0000 1.0000 1.0000 1.0000 1.0000 1.0000 1.0000 1.0000 1.0000 1.0000 1.0000 1.0000 1.0000 1.0000 1.0000 1.0000 1.0000 1.0000 1.0000 1.0000
 3168.00 0.0957 0.1170 0.9669 0.9996 1.0000 1.0000 0.8544 0.9998 0.9904 1.0000 0.9944   2.347 0.9969 1.0000 0.9700 1.0000 1.0000 1.0000 1.0000 1.0000 1.0000 1.0000 1.0000 1.0000 1.0000 1.0000 1.0000 1.0000 1.0000 1.0000 1.0000 1.0000 1.0000 1.0000 1.0000
 3169.00 0.2191 0.2602 0.9946 0.9997 1.0000 1.0000 0.8550 0.9998 0.9904 1.0000 0.9944   1.518 0.9976 1.0000 0.9971 1.0000 1.0000 1.0000 1.0000 1.0000 1.0000 1.0000 1.0000 1.0000 1.0000 1.0000 1.0000 1.0000 1.0000 1.0000 1.0000 1.0000 1.0000 1.0000 1.0000
 3170.00 0.1052 0.1250 0.9936 0.9996 1.0000 1.0000 0.8556 0.9998 0.9903 1.0000 0.9944   2.252 0.9996 1.0000 0.9940 1.0000 1.0000 1.0000 1.0000 1.0000 1.0000 1.0000 1.0000 1.0000 1.0000 1.0000 1.0000 1.0000 1.0000 1.0000 1.0000 1.0000 1.0000 1.0000 1.0000
 3171.00 0.4357 0.5212 0.9884 0.9997 1.0000 1.0000 0.8544 0.9998 0.9903 1.0000 0.9944   0.831 0.9982 1.0000 0.9902 0.9999 1.0000 1.0000 1.0000 1.0000 1.0000 1.0000 1.0000 1.0000 1.0000 1.0000 1.0000 1.0000 1.0000 1.0000 1.0000 1.0000 1.0000 1.0000 1.0000
 3172.00 0.5966 0.7123 0.9919 0.9996 1.0000 1.0000 0.8532 0.9998 0.9903 1.0000 0.9943   0.516 0.9987 1.0000 0.9932 0.9999 1.0000 1.0000 1.0000 1.0000 1.0000 1.0000 1.0000 1.0000 1.0000 1.0000 1.0000 1.0000 1.0000 1.0000 1.0000 1.0000 1.0000 1.0000 1.0000
 3173.00 0.3591 0.4307 0.9890 0.9996 1.0000 1.0000 0.8520 0.9998 0.9903 1.0000 0.9943   1.024 0.9995 1.0000 0.9895 0.9999 1.0000 1.0000 1.0000 1.0000 1.0000 1.0000 1.0000 1.0000 1.0000 1.0000 1.0000 1.0000 1.0000 1.0000 1.0000 1.0000 1.0000 1.0000 1.0000
 3174.00 0.5192 0.6342 0.9723 0.9996 1.0000 1.0000 0.8508 0.9998 0.9902 1.0000 0.9943   0.655 0.9991 1.0000 0.9733 0.9999 1.0000 1.0000 1.0000 1.0000 1.0000 1.0000 1.0000 1.0000 1.0000 1.0000 1.0000 1.0000 1.0000 1.0000 1.0000 1.0000 1.0000 1.0000 1.0000
 3175.00 0.1072 0.1843 0.6916 0.9996 1.0000 1.0000 0.8496 0.9998 0.9902 1.0000 0.9943   2.233 0.9995 1.0000 0.6921 0.9998 1.0000 1.0000 1.0000 1.0000 1.0000 1.0000 1.0000 1.0000 1.0000 1.0000 1.0000 1.0000 1.0000 1.0000 1.0000 1.0000 1.0000 1.0000 1.0000
 3176.00 0.2140 0.2587 0.9852 0.9996 1.0000 1.0000 0.8483 0.9998 0.9902 1.0000 0.9942   1.542 0.9998 1.0000 0.9855 0.9999 1.0000 1.0000 1.0000 1.0000 1.0000 1.0000 1.0000 1.0000 1.0000 1.0000 1.0000 1.0000 1.0000 1.0000 1.0000 1.0000 1.0000 1.0000 1.0000
 3177.00 0.0415 0.0498 0.9943 0.9996 1.0000 1.0000 0.8471 0.9998 0.9902 1.0000 0.9942   3.183 0.9997 1.0000 0.9947 0.9999 1.0000 1.0000 1.0000 1.0000 1.0000 1.0000 1.0000 1.0000 1.0000 1.0000 1.0000 1.0000 1.0000 1.0000 1.0000 1.0000 1.0000 1.0000 1.0000
 3178.00 0.0000 0.0000 0.9926 0.9997 1.0000 1.0000 0.8459 0.9998 0.9901 1.0000 0.9942  17.041 0.9996 1.0000 0.9932 0.9998 1.0000 1.0000 1.0000 1.0000 1.0000 1.0000 1.0000 1.0000 1.0000 1.0000 1.0000 1.0000 1.0000 1.0000 1.0000 1.0000 1.0000 1.0000 1.0000
 3179.00 0.0077 0.0092 0.9948 0.9996 1.0000 1.0000 0.8447 0.9998 0.9901 1.0000 0.9942   4.869 1.0000 1.0000 0.9950 0.9999 1.0000 1.0000 1.0000 1.0000 1.0000 1.0000 1.0000 1.0000 1.0000 1.0000 1.0000 1.0000 1.0000 1.0000 1.0000 1.0000 1.0000 1.0000 1.0000
 3180.00 0.1358 0.1633 0.9963 0.9996 1.0000 1.0000 0.8435 0.9998 0.9901 1.0000 0.9941   1.997 0.9996 1.0000 0.9968 0.9999 1.0000 1.0000 1.0000 1.0000 1.0000 1.0000 1.0000 1.0000 1.0000 1.0000 1.0000 1.0000 1.0000 1.0000 1.0000 1.0000 1.0000 1.0000 1.0000
 3181.00 0.3654 0.4399 0.9986 0.9996 1.0000 1.0000 0.8407 0.9998 0.9901 1.0000 0.9941   1.007 0.9997 1.0000 0.9991 0.9998 1.0000 1.0000 1.0000 1.0000 1.0000 1.0000 1.0000 1.0000 1.0000 1.0000 1.0000 1.0000 1.0000 1.0000 1.0000 1.0000 1.0000 1.0000 1.0000
 3182.00 0.1834 0.2250 0.9831 0.9996 1.0000 1.0000 0.8379 0.9998 0.9900 1.0000 0.9941   1.696 0.9989 1.0000 0.9843 0.9999 1.0000 1.0000 1.0000 1.0000 1.0000 1.0000 1.0000 1.0000 1.0000 1.0000 1.0000 1.0000 1.0000 1.0000 1.0000 1.0000 1.0000 1.0000 1.0000
 3183.00 0.1826 0.2616 0.8450 0.9996 1.0000 1.0000 0.8351 0.9998 0.9900 1.0000 0.9941   1.700 0.9993 1.0000 0.8458 0.9998 1.0000 1.0000 1.0000 1.0000 1.0000 1.0000 1.0000 1.0000 1.0000 1.0000 1.0000 1.0000 1.0000 1.0000 1.0000 1.0000 1.0000 1.0000 1.0000
 3184.00 0.1048 0.1324 0.9614 0.9996 1.0000 1.0000 0.8324 0.9998 0.9900 1.0000 0.9940   2.255 0.9997 1.0000 0.9619 0.9999 1.0000 1.0000 1.0000 1.0000 1.0000 1.0000 1.0000 1.0000 1.0000 1.0000 1.0000 1.0000 1.0000 1.0000 1.0000 1.0000 1.0000 1.0000 1.0000
 3185.00 0.0000 0.0000 0.9954 0.9996 1.0000 1.0000 0.8296 0.9998 0.9899 1.0000 0.9940  12.291 0.9992 1.0000 0.9964 0.9998 1.0000 1.0000 1.0000 1.0000 1.0000 1.0000 1.0000 1.0000 1.0000 1.0000 1.0000 1.0000 1.0000 1.0000 1.0000 1.0000 1.0000 1.0000 1.0000
 3186.00 0.0655 0.0803 0.9982 0.9998 1.0000 1.0000 0.8268 0.9998 0.9899 1.0000 0.9940   2.725 0.9999 1.0000 0.9984 0.9999 1.0000 1.0000 1.0000 1.0000 1.0000 1.0000 1.0000 1.0000 1.0000 1.0000 1.0000 1.0000 1.0000 1.0000 1.0000 1.0000 1.0000 1.0000 1.0000
 3187.00 0.3872 0.4755 0.9984 1.0000 1.0000 1.0000 0.8241 0.9998 0.9899 1.0000 0.9939   0.949 0.9989 1.0000 0.9996 0.9998 1.0000 1.0000 1.0000 1.0000 1.0000 1.0000 1.0000 1.0000 1.0000 1.0000 1.0000 1.0000 1.0000 1.0000 1.0000 1.0000 1.0000 1.0000 1.0000
 3188.00 0.5000 0.6163 0.9983 1.0000 1.0000 1.0000 0.8213 0.9998 0.9899 1.0000 0.9939   0.693 0.9998 1.0000 0.9986 0.9999 1.0000 1.0000 1.0000 1.0000 1.0000 1.0000 1.0000 1.0000 1.0000 1.0000 1.0000 1.0000 1.0000 1.0000 1.0000 1.0000 1.0000 1.0000 1.0000
 3189.00 0.6268 0.7759 0.9975 0.9998 1.0000 1.0000 0.8186 0.9998 0.9898 1.0000 0.9939   0.467 0.9985 1.0000 0.9992 0.9999 1.0000 1.0000 1.0000 1.0000 1.0000 1.0000 1.0000 1.0000 1.0000 1.0000 1.0000 1.0000 1.0000 1.0000 1.0000 1.0000 1.0000 1.0000 1.0000
 3190.00 0.5630 0.6999 0.9966 0.9997 1.0000 1.0000 0.8158 0.9998 0.9898 1.0000 0.9939   0.574 0.9976 1.0000 0.9991 0.9999 1.0000 1.0000 1.0000 1.0000 1.0000 1.0000 1.0000 1.0000 1.0000 1.0000 1.0000 1.0000 1.0000 1.0000 1.0000 1.0000 1.0000 1.0000 1.0000
 3191.00 0.4950 0.6526 0.9424 0.9997 1.0000 1.0000 0.8136 0.9998 0.9898 1.0000 0.9938   0.703 0.9997 1.0000 0.9427 0.9999 1.0000 1.0000 1.0000 1.0000 1.0000 1.0000 1.0000 1.0000 1.0000 1.0000 1.0000 1.0000 1.0000 1.0000 1.0000 1.0000 1.0000 1.0000 1.0000
 3192.00 0.3302 0.4294 0.9584 0.9994 1.0000 1.0000 0.8115 0.9998 0.9897 1.0000 0.9938   1.108 0.9968 1.0000 0.9616 0.9999 1.0000 1.0000 1.0000 1.0000 1.0000 1.0000 1.0000 1.0000 1.0000 1.0000 1.0000 1.0000 1.0000 1.0000 1.0000 1.0000 1.0000 1.0000 1.0000
 3193.00 0.5138 0.6498 0.9880 0.9993 1.0000 1.0000 0.8093 0.9998 0.9897 1.0000 0.9938   0.666 0.9960 1.0000 0.9920 1.0000 1.0000 1.0000 1.0000 1.0000 1.0000 1.0000 1.0000 1.0000 1.0000 1.0000 1.0000 1.0000 1.0000 1.0000 1.0000 1.0000 1.0000 1.0000 1.0000
 3194.00 0.4700 0.5909 0.9966 0.9993 0.9999 1.0000 0.8071 0.9998 0.9897 1.0000 0.9937   0.755 0.9995 1.0000 0.9972 0.9999 1.0000 0.9999 1.0000 1.0000 1.0000 1.0000 1.0000 1.0000 1.0000 1.0000 1.0000 1.0000 1.0000 1.0000 1.0000 1.0000 1.0000 1.0000 1.0000
 3195.00 0.1946 0.2463 0.9929 0.9992 1.0000 1.0000 0.8049 0.9998 0.9897 1.0000 0.9937   1.637 0.9948 1.0000 0.9982 1.0000 1.0000 1.0000 1.0000 1.0000 1.0000 1.0000 1.0000 1.0000 1.0000 1.0000 1.0000 1.0000 1.0000 1.0000 1.0000 1.0000 1.0000 1.0000 1.0000
 3196.00 0.0007 0.0008 0.9940 0.9992 0.9999 1.0000 0.8028 0.9998 0.9896 1.0000 0.9937   7.320 0.9994 1.0000 0.9946 1.0000 1.0000 0.9999 1.0000 1.0000 1.0000 1.0000 1.0000 1.0000 1.0000 1.0000 1.0000 1.0000 1.0000 1.0000 1.0000 1.0000 1.0000 1.0000 1.0000
 3197.00 0.0010 0.0013 0.9891 0.9991 1.0000 1.0000 0.8006 0.9998 0.9896 1.0000 0.9937   6.874 0.9941 1.0000 0.9950 1.0000 1.0000 1.0000 1.0000 1.0000 1.0000 1.0000 1.0000 1.0000 1.0000 1.0000 1.0000 1.0000 1.0000 1.0000 1.0000 1.0000 1.0000 1.0000 1.0000
 3198.00 0.0000 0.0000 0.9926 0.9992 1.0000 1.0000 0.7985 0.9998 0.9896 1.0000 0.9936  14.081 0.9933 1.0000 0.9994 1.0000 1.0000 1.0000 1.0000 1.0000 1.0000 1.0000 1.0000 1.0000 1.0000 1.0000 1.0000 1.0000 1.0000 1.0000 1.0000 1.0000 1.0000 1.0000 1.0000
 3199.00 0.0108 0.0140 0.9815 0.9991 1.0000 1.0000 0.7963 0.9998 0.9896 1.0000 0.9936   4.530 0.9994 1.0000 0.9821 1.0000 1.0000 1.0000 1.0000 1.0000 1.0000 1.0000 1.0000 1.0000 1.0000 1.0000 1.0000 1.0000 1.0000 1.0000 1.0000 1.0000 1.0000 1.0000 1.0000
 3200.00 0.0053 0.0070 0.9582 0.9992 1.0000 1.0000 0.7942 0.9998 0.9895 1.0000 0.9936   5.245 0.9927 1.0000 0.9653 1.0000 1.0000 1.0000 1.0000 1.0000 1.0000 1.0000 1.0000 1.0000 1.0000 1.0000 1.0000 1.0000 1.0000 1.0000 1.0000 1.0000 1.0000 1.0000 1.0000
 3201.00 0.2328 0.2995 0.9917 0.9993 1.0000 1.0000 0.7928 0.9998 0.9895 1.0000 0.9935   1.458 0.9927 1.0000 0.9989 1.0000 1.0000 1.0000 1.0000 1.0000 1.0000 1.0000 1.0000 1.0000 1.0000 1.0000 1.0000 1.0000 1.0000 1.0000 1.0000 1.0000 1.0000 1.0000 1.0000
 3202.00 0.3996 0.5114 0.9986 0.9994 1.0000 1.0000 0.7914 0.9998 0.9895 1.0000 0.9935   0.917 0.9993 1.0000 0.9993 1.0000 1.0000 1.0000 1.0000 1.0000 1.0000 1.0000 1.0000 1.0000 1.0000 1.0000 1.0000 1.0000 1.0000 1.0000 1.0000 1.0000 1.0000 1.0000 1.0000
 3203.00 0.4517 0.5828 0.9921 0.9997 1.0000 1.0000 0.7901 0.9998 0.9894 1.0000 0.9935   0.795 0.9923 1.0000 0.9997 1.0000 1.0000 1.0000 1.0000 1.0000 1.0000 1.0000 1.0000 1.0000 1.0000 1.0000 1.0000 1.0000 1.0000 1.0000 1.0000 1.0000 1.0000 1.0000 1.0000
 3204.00 0.4673 0.6003 0.9979 0.9999 1.0000 1.0000 0.7887 0.9998 0.9894 1.0000 0.9935   0.761 0.9994 1.0000 0.9985 1.0000 1.0000 1.0000 1.0000 1.0000 1.0000 1.0000 1.0000 1.0000 1.0000 1.0000 1.0000 1.0000 1.0000 1.0000 1.0000 1.0000 1.0000 1.0000 1.0000
 3205.00 0.5116 0.6621 0.9922 1.0000 1.0000 1.0000 0.7873 0.9998 0.9894 1.0000 0.9934   0.670 0.9926 1.0000 0.9996 1.0000 1.0000 1.0000 1.0000 1.0000 1.0000 1.0000 1.0000 1.0000 1.0000 1.0000 1.0000 1.0000 1.0000 1.0000 1.0000 1.0000 1.0000 1.0000 1.0000
 3206.00 0.5217 0.6769 0.9913 1.0000 1.0000 1.0000 0.7859 0.9998 0.9894 1.0000 0.9934   0.651 0.9931 1.0000 0.9982 1.0000 1.0000 1.0000 1.0000 1.0000 1.0000 1.0000 1.0000 1.0000 1.0000 1.0000 1.0000 1.0000 1.0000 1.0000 1.0000 1.0000 1.0000 1.0000 1.0000
 3207.00 0.2866 0.3709 0.9959 1.0000 1.0000 1.0000 0.7846 0.9998 0.9893 1.0000 0.9934   1.250 0.9994 1.0000 0.9966 1.0000 1.0000 1.0000 1.0000 1.0000 1.0000 1.0000 1.0000 1.0000 1.0000 1.0000 1.0000 1.0000 1.0000 1.0000 1.0000 1.0000 1.0000 1.0000 1.0000
 3208.00 0.2028 0.2677 0.9779 1.0000 1.0000 1.0000 0.7832 0.9998 0.9893 1.0000 0.9934   1.596 0.9934 1.0000 0.9844 1.0000 1.0000 1.0000 1.0000 1.0000 1.0000 1.0000 1.0000 1.0000 1.0000 1.0000 1.0000 1.0000 1.0000 1.0000 1.0000 1.0000 1.0000 1.0000 1.0000
 3209.00 0.0155 0.0202 0.9938 1.0000 1.0000 1.0000 0.7818 0.9998 0.9893 1.0000 0.9933   4.165 0.9995 1.0000 0.9944 1.0000 1.0000 1.0000 1.0000 1.0000 1.0000 1.0000 1.0000 1.0000 1.0000 1.0000 1.0000 1.0000 1.0000 1.0000 1.0000 1.0000 1.0000 1.0000 1.0000
 3210.00 0.0000 0.0001 0.9937 1.0000 1.0000 1.0000 0.7805 0.9998 0.9892 1.0000 0.9933  10.015 0.9942 1.0000 0.9995 1.0000 1.0000 1.0000 1.0000 1.0000 1.0000 1.0000 1.0000 1.0000 1.0000 1.0000 1.0000 1.0000 1.0000 1.0000 1.0000 1.0000 1.0000 1.0000 1.0000
 3211.00 0.0528 0.0689 0.9942 1.0000 1.0000 1.0000 0.7791 0.9998 0.9892 1.0000 0.9933   2.941 0.9949 1.0000 0.9993 1.0000 1.0000 1.0000 1.0000 1.0000 1.0000 1.0000 1.0000 1.0000 1.0000 1.0000 1.0000 1.0000 1.0000 1.0000 1.0000 1.0000 1.0000 1.0000 1.0000
 3212.00 0.1400 0.1821 0.9995 1.0000 1.0000 1.0000 0.7778 0.9998 0.9892 1.0000 0.9932   1.966 0.9995 1.0000 0.9999 1.0000 1.0000 1.0000 1.0000 1.0000 1.0000 1.0000 1.0000 1.0000 1.0000 1.0000 1.0000 1.0000 1.0000 1.0000 1.0000 1.0000 1.0000 1.0000 1.0000
 3213.00 0.0353 0.0461 0.9953 1.0000 1.0000 1.0000 0.7764 0.9998 0.9892 1.0000 0.9932   3.345 0.9955 1.0000 0.9998 1.0000 1.0000 1.0000 1.0000 1.0000 1.0000 1.0000 1.0000 1.0000 1.0000 1.0000 1.0000 1.0000 1.0000 1.0000 1.0000 1.0000 1.0000 1.0000 1.0000
 3214.00 0.0000 0.0000 0.9992 1.0000 0.9999 1.0000 0.7751 0.9998 0.9891 1.0000 0.9932  16.355 0.9996 1.0000 0.9995 1.0000 1.0000 0.9999 1.0000 1.0000 1.0000 1.0000 1.0000 1.0000 1.0000 1.0000 1.0000 1.0000 1.0000 1.0000 1.0000 1.0000 1.0000 1.0000 1.0000
 3215.00 0.0087 0.0115 0.9902 1.0000 0.9999 1.0000 0.7737 0.9998 0.9891 1.0000 0.9932   4.740 0.9963 1.0000 0.9939 1.0000 1.0000 0.9999 1.0000 1.0000 1.0000 1.0000 1.0000 1.0000 1.0000 1.0000 1.0000 1.0000 1.0000 1.0000 1.0000 1.0000 1.0000 1.0000 1.0000
 3216.00 0.0342 0.0452 0.9916 1.0000 0.9999 1.0000 0.7724 0.9998 0.9891 1.0000 0.9931   3.375 0.9970 1.0000 0.9946 1.0000 1.0000 0.9999 1.0000 1.0000 1.0000 1.0000 1.0000 1.0000 1.0000 1.0000 1.0000 1.0000 1.0000 1.0000 1.0000 1.0000 1.0000 1.0000 1.0000
 3217.00 0.0360 0.0473 0.9990 1.0000 1.0000 1.0000 0.7711 0.9998 0.9891 1.0000 0.9931   3.324 0.9997 1.0000 0.9993 1.0000 1.0000 1.0000 1.0000 1.0000 1.0000 1.0000 1.0000 1.0000 1.0000 1.0000 1.0000 1.0000 1.0000 1.0000 1.0000 1.0000 1.0000 1.0000 1.0000
 3218.00 0.0604 0.0796 0.9973 1.0000 1.0000 1.0000 0.7697 0.9998 0.9890 1.0000 0.9931   2.806 0.9975 1.0000 0.9998 1.0000 1.0000 1.0000 1.0000 1.0000 1.0000 1.0000 1.0000 1.0000 1.0000 1.0000 1.0000 1.0000 1.0000 1.0000 1.0000 1.0000 1.0000 1.0000 1.0000
 3219.00 0.0008 0.0010 0.9995 1.0000 0.9999 1.0000 0.7684 0.9998 0.9890 1.0000 0.9930   7.146 0.9998 1.0000 0.9996 1.0000 1.0000 0.9999 1.0000 1.0000 1.0000 1.0000 1.0000 1.0000 1.0000 1.0000 1.0000 1.0000 1.0000 1.0000 1.0000 1.0000 1.0000 1.0000 1.0000
 3220.00 0.0002 0.0002 0.9979 1.0000 1.0000 1.0000 0.7671 0.9998 0.9890 1.0000 0.9930   8.678 0.9981 1.0000 0.9998 1.0000 1.0000 1.0000 1.0000 1.0000 1.0000 1.0000 1.0000 1.0000 1.0000 1.0000 1.0000 1.0000 1.0000 1.0000 1.0000 1.0000 1.0000 1.0000 1.0000
 3221.00 0.0240 0.0318 0.9964 1.0000 1.0000 1.0000 0.7665 0.9998 0.9889 1.0000 0.9930   3.729 0.9985 1.0000 0.9979 1.0000 1.0000 1.0000 1.0000 1.0000 1.0000 1.0000 1.0000 1.0000 1.0000 1.0000 1.0000 1.0000 1.0000 1.0000 1.0000 1.0000 1.0000 1.0000 1.0000
 3222.00 0.0048 0.0064 0.9968 1.0000 1.0000 1.0000 0.7660 0.9998 0.9889 1.0000 0.9930   5.334 0.9999 1.0000 0.9970 1.0000 1.0000 1.0000 1.0000 1.0000 1.0000 1.0000 1.0000 1.0000 1.0000 1.0000 1.0000 1.0000 1.0000 1.0000 1.0000 1.0000 1.0000 1.0000 1.0000
 3223.00 0.1336 0.1770 0.9977 1.0000 1.0000 1.0000 0.7655 0.9998 0.9889 1.0000 0.9929   2.013 0.9989 1.0000 0.9988 1.0000 1.0000 1.0000 1.0000 1.0000 1.0000 1.0000 1.0000 1.0000 1.0000 1.0000 1.0000 1.0000 1.0000 1.0000 1.0000 1.0000 1.0000 1.0000 1.0000
 3224.00 0.3836 0.5081 0.9984 1.0000 1.0000 1.0000 0.7650 0.9998 0.9889 1.0000 0.9929   0.958 0.9999 1.0000 0.9985 1.0000 1.0000 1.0000 1.0000 1.0000 1.0000 1.0000 1.0000 1.0000 1.0000 1.0000 1.0000 1.0000 1.0000 1.0000 1.0000 1.0000 1.0000 1.0000 1.0000
 3225.00 0.3451 0.4572 0.9989 1.0000 1.0000 1.0000 0.7644 0.9998 0.9888 1.0000 0.9929   1.064 0.9991 1.0000 0.9998 1.0000 1.0000 1.0000 1.0000 1.0000 1.0000 1.0000 1.0000 1.0000 1.0000 1.0000 1.0000 1.0000 1.0000 1.0000 1.0000 1.0000 1.0000 1.0000 1.0000
 3226.00 0.0569 0.0755 0.9993 1.0000 1.0000 1.0000 0.7639 0.9998 0.9888 1.0000 0.9929   2.866 0.9993 1.0000 1.0000 1.0000 1.0000 1.0000 1.0000 1.0000 1.0000 1.0000 1.0000 1.0000 1.0000 1.0000 1.0000 1.0000 1.0000 1.0000 1.0000 1.0000 1.0000 1.0000 1.0000
 3227.00 0.0187 0.0248 0.9996 1.0000 1.0000 1.0000 0.7634 0.9998 0.9888 1.0000 0.9928   3.978 0.9999 1.0000 0.9997 1.0000 1.0000 1.0000 1.0000 1.0000 1.0000 1.0000 1.0000 1.0000 1.0000 1.0000 1.0000 1.0000 1.0000 1.0000 1.0000 1.0000 1.0000 1.0000 1.0000
 3228.00 0.0371 0.0492 0.9995 1.0000 1.0000 1.0000 0.7628 0.9998 0.9888 1.0000 0.9928   3.295 0.9995 1.0000 0.9999 1.0000 1.0000 1.0000 1.0000 1.0000 1.0000 1.0000 1.0000 1.0000 1.0000 1.0000 1.0000 1.0000 1.0000 1.0000 1.0000 1.0000 1.0000 1.0000 1.0000
 3229.00 0.0401 0.0532 0.9998 1.0000 1.0000 1.0000 0.7623 0.9998 0.9887 1.0000 0.9928   3.217 0.9999 1.0000 0.9998 1.0000 1.0000 1.0000 1.0000 1.0000 1.0000 1.0000 1.0000 1.0000 1.0000 1.0000 1.0000 1.0000 1.0000 1.0000 1.0000 1.0000 1.0000 1.0000 1.0000
 3230.00 0.0001 0.0001 0.9996 1.0000 1.0000 1.0000 0.7618 0.9998 0.9887 1.0000 0.9927   9.124 0.9997 1.0000 0.9999 1.0000 1.0000 1.0000 1.0000 1.0000 1.0000 1.0000 1.0000 1.0000 1.0000 1.0000 1.0000 1.0000 1.0000 1.0000 1.0000 1.0000 1.0000 1.0000 1.0000
 3231.00 0.0406 0.0540 0.9988 1.0000 1.0000 1.0000 0.7614 0.9998 0.9887 1.0000 0.9927   3.205 0.9999 1.0000 0.9989 1.0000 1.0000 1.0000 1.0000 1.0000 1.0000 1.0000 1.0000 1.0000 1.0000 1.0000 1.0000 1.0000 1.0000 1.0000 1.0000 1.0000 1.0000 1.0000 1.0000
 3232.00 0.0266 0.0355 0.9978 1.0000 1.0000 1.0000 0.7610 0.9998 0.9886 1.0000 0.9927   3.626 0.9998 1.0000 0.9980 1.0000 1.0000 1.0000 1.0000 1.0000 1.0000 1.0000 1.0000 1.0000 1.0000 1.0000 1.0000 1.0000 1.0000 1.0000 1.0000 1.0000 1.0000 1.0000 1.0000
 3233.00 0.0004 0.0005 0.9994 1.0000 1.0000 1.0000 0.7607 0.9998 0.9886 1.0000 0.9926   7.799 0.9998 1.0000 0.9996 1.0000 1.0000 1.0000 1.0000 1.0000 1.0000 1.0000 1.0000 1.0000 1.0000 1.0000 1.0000 1.0000 1.0000 1.0000 1.0000 1.0000 1.0000 1.0000 1.0000
 3234.00 0.0895 0.1191 0.9995 1.0000 1.0000 1.0000 0.7603 0.9998 0.9886 1.0000 0.9926   2.414 0.9999 1.0000 0.9996 1.0000 1.0000 1.0000 1.0000 1.0000 1.0000 1.0000 1.0000 1.0000 1.0000 1.0000 1.0000 1.0000 1.0000 1.0000 1.0000 1.0000 1.0000 1.0000 1.0000
 3235.00 0.1651 0.2204 0.9977 1.0000 0.9999 1.0000 0.7599 0.9998 0.9885 1.0000 0.9926   1.801 0.9999 1.0000 0.9979 1.0000 1.0000 0.9999 1.0000 1.0000 1.0000 1.0000 1.0000 1.0000 1.0000 1.0000 1.0000 1.0000 1.0000 1.0000 1.0000 1.0000 1.0000 1.0000 1.0000
 3236.00 0.0256 0.0341 0.9997 1.0000 0.9998 1.0000 0.7596 0.9998 0.9885 1.0000 0.9925   3.666 0.9999 1.0000 0.9997 1.0000 1.0000 0.9998 1.0000 1.0000 1.0000 1.0000 1.0000 1.0000 1.0000 1.0000 1.0000 1.0000 1.0000 1.0000 1.0000 1.0000 1.0000 1.0000 1.0000
 3237.00 0.0076 0.0101 0.9998 1.0000 1.0000 1.0000 0.7592 0.9998 0.9885 1.0000 0.9925   4.882 0.9999 1.0000 0.9999 1.0000 1.0000 1.0000 1.0000 1.0000 1.0000 1.0000 1.0000 1.0000 1.0000 1.0000 1.0000 1.0000 1.0000 1.0000 1.0000 1.0000 1.0000 1.0000 1.0000
 3238.00 0.1138 0.1519 0.9991 1.0000 1.0000 1.0000 0.7588 0.9998 0.9884 1.0000 0.9925   2.173 0.9999 1.0000 0.9992 1.0000 1.0000 1.0000 1.0000 1.0000 1.0000 1.0000 1.0000 1.0000 1.0000 1.0000 1.0000 1.0000 1.0000 1.0000 1.0000 1.0000 1.0000 1.0000 1.0000
 3239.00 0.1977 0.2638 0.9999 1.0000 1.0000 1.0000 0.7584 0.9998 0.9884 1.0000 0.9924   1.621 1.0000 1.0000 1.0000 1.0000 1.0000 1.0000 1.0000 1.0000 1.0000 1.0000 1.0000 1.0000 1.0000 1.0000 1.0000 1.0000 1.0000 1.0000 1.0000 1.0000 1.0000 1.0000 1.0000
 3240.00 0.0037 0.0050 0.9997 1.0000 1.0000 1.0000 0.7581 0.9998 0.9884 1.0000 0.9924   5.590 0.9999 1.0000 0.9999 1.0000 1.0000 1.0000 1.0000 1.0000 1.0000 1.0000 1.0000 1.0000 1.0000 1.0000 1.0000 1.0000 1.0000 1.0000 1.0000 1.0000 1.0000 1.0000 1.0000
 3241.00 0.0716 0.0956 0.9998 1.0000 1.0000 1.0000 0.7582 0.9998 0.9883 1.0000 0.9924   2.637 0.9999 1.0000 0.9999 1.0000 1.0000 1.0000 1.0000 1.0000 1.0000 1.0000 1.0000 1.0000 1.0000 1.0000 1.0000 1.0000 1.0000 1.0000 1.0000 1.0000 1.0000 1.0000 1.0000
 3242.00 0.0613 0.0818 0.9999 1.0000 1.0000 1.0000 0.7583 0.9998 0.9883 1.0000 0.9923   2.792 0.9999 1.0000 1.0000 1.0000 1.0000 1.0000 1.0000 1.0000 1.0000 1.0000 1.0000 1.0000 1.0000 1.0000 1.0000 1.0000 1.0000 1.0000 1.0000 1.0000 1.0000 1.0000 1.0000
 3243.00 0.0541 0.0722 0.9998 1.0000 1.0000 1.0000 0.7584 0.9998 0.9883 1.0000 0.9923   2.917 0.9999 1.0000 0.9999 1.0000 1.0000 1.0000 1.0000 1.0000 1.0000 1.0000 1.0000 1.0000 1.0000 1.0000 1.0000 1.0000 1.0000 1.0000 1.0000 1.0000 1.0000 1.0000 1.0000
 3244.00 0.0103 0.0137 0.9999 1.0000 1.0000 1.0000 0.7586 0.9998 0.9883 1.0000 0.9923   4.577 1.0000 1.0000 0.9999 1.0000 1.0000 1.0000 1.0000 1.0000 1.0000 1.0000 1.0000 1.0000 1.0000 1.0000 1.0000 1.0000 1.0000 1.0000 1.0000 1.0000 1.0000 1.0000 1.0000
 3245.00 0.0000 0.0000 0.9997 1.0000 1.0000 1.0000 0.7587 0.9998 0.9882 1.0000 0.9922  20.314 0.9998 1.0000 0.9998 1.0000 1.0000 1.0000 1.0000 1.0000 1.0000 1.0000 1.0000 1.0000 1.0000 1.0000 1.0000 1.0000 1.0000 1.0000 1.0000 1.0000 1.0000 1.0000 1.0000
 3246.00 0.0146 0.0194 0.9997 1.0000 1.0000 1.0000 0.7588 0.9998 0.9882 1.0000 0.9922   4.230 1.0000 1.0000 0.9998 1.0000 1.0000 1.0000 1.0000 1.0000 1.0000 1.0000 1.0000 1.0000 1.0000 1.0000 1.0000 1.0000 1.0000 1.0000 1.0000 1.0000 1.0000 1.0000 1.0000
 3247.00 0.0775 0.1034 0.9997 1.0000 1.0000 1.0000 0.7589 0.9998 0.9882 1.0000 0.9922   2.558 0.9998 1.0000 0.9998 1.0000 1.0000 1.0000 1.0000 1.0000 1.0000 1.0000 1.0000 1.0000 1.0000 1.0000 1.0000 1.0000 1.0000 1.0000 1.0000 1.0000 1.0000 1.0000 1.0000
 3248.00 0.3418 0.4563 0.9988 1.0000 1.0000 1.0000 0.7591 0.9998 0.9881 1.0000 0.9921   1.074 0.9998 1.0000 0.9990 1.0000 1.0000 1.0000 1.0000 1.0000 1.0000 1.0000 1.0000 1.0000 1.0000 1.0000 1.0000 1.0000 1.0000 1.0000 1.0000 1.0000 1.0000 1.0000 1.0000
 3249.00 0.3279 0.4373 0.9998 1.0000 1.0000 1.0000 0.7592 0.9998 0.9881 1.0000 0.9921   1.115 0.9999 1.0000 0.9998 1.0000 1.0000 1.0000 1.0000 1.0000 1.0000 1.0000 1.0000 1.0000 1.0000 1.0000 1.0000 1.0000 1.0000 1.0000 1.0000 1.0000 1.0000 1.0000 1.0000
 3250.00 0.4611 0.6157 0.9984 1.0000 1.0000 1.0000 0.7593 0.9998 0.9881 1.0000 0.9921   0.774 0.9997 1.0000 0.9986 1.0000 1.0000 1.0000 1.0000 1.0000 1.0000 1.0000 1.0000 1.0000 1.0000 1.0000 1.0000 1.0000 1.0000 1.0000 1.0000 1.0000 1.0000 1.0000 1.0000
 3251.00 0.4467 0.5951 0.9999 1.0000 1.0000 1.0000 0.7600 0.9998 0.9880 1.0000 0.9920   0.806 1.0000 1.0000 1.0000 1.0000 1.0000 1.0000 1.0000 1.0000 1.0000 1.0000 1.0000 1.0000 1.0000 1.0000 1.0000 1.0000 1.0000 1.0000 1.0000 1.0000 1.0000 1.0000 1.0000
 3252.00 0.2756 0.3669 0.9997 1.0000 1.0000 1.0000 0.7606 0.9998 0.9880 1.0000 0.9920   1.289 0.9998 1.0000 0.9999 1.0000 1.0000 1.0000 1.0000 1.0000 1.0000 1.0000 1.0000 1.0000 1.0000 1.0000 1.0000 1.0000 1.0000 1.0000 1.0000 1.0000 1.0000 1.0000 1.0000
 3253.00 0.0996 0.1325 0.9994 1.0000 1.0000 1.0000 0.7613 0.9998 0.9880 1.0000 0.9920   2.307 0.9998 1.0000 0.9996 1.0000 1.0000 1.0000 1.0000 1.0000 1.0000 1.0000 1.0000 1.0000 1.0000 1.0000 1.0000 1.0000 1.0000 1.0000 1.0000 1.0000 1.0000 1.0000 1.0000
 3254.00 0.0000 0.0000 0.9999 1.0000 1.0000 1.0000 0.7620 0.9998 0.9879 1.0000 0.9919  11.336 0.9999 1.0000 1.0000 1.0000 1.0000 1.0000 1.0000 1.0000 1.0000 1.0000 1.0000 1.0000 1.0000 1.0000 1.0000 1.0000 1.0000 1.0000 1.0000 1.0000 1.0000 1.0000 1.0000
 3255.00 0.0262 0.0348 0.9995 1.0000 0.9998 1.0000 0.7626 0.9998 0.9879 1.0000 0.9919   3.643 0.9997 1.0000 0.9998 1.0000 1.0000 0.9998 1.0000 1.0000 1.0000 1.0000 1.0000 1.0000 1.0000 1.0000 1.0000 1.0000 1.0000 1.0000 1.0000 1.0000 1.0000 1.0000 1.0000
 3256.00 0.0565 0.0749 0.9997 1.0000 1.0000 1.0000 0.7633 0.9998 0.9879 1.0000 0.9919   2.874 0.9998 1.0000 0.9999 1.0000 1.0000 1.0000 1.0000 1.0000 1.0000 1.0000 1.0000 1.0000 1.0000 1.0000 1.0000 1.0000 1.0000 1.0000 1.0000 1.0000 1.0000 1.0000 1.0000
 3257.00 0.0022 0.0029 0.9997 1.0000 0.9999 1.0000 0.7640 0.9998 0.9878 1.0000 0.9918   6.115 0.9997 1.0000 0.9999 1.0000 1.0000 0.9999 1.0000 1.0000 1.0000 1.0000 1.0000 1.0000 1.0000 1.0000 1.0000 1.0000 1.0000 1.0000 1.0000 1.0000 1.0000 1.0000 1.0000
 3258.00 0.0378 0.0500 0.9997 1.0000 1.0000 1.0000 0.7646 0.9998 0.9878 1.0000 0.9918   3.276 0.9997 1.0000 0.9999 1.0000 1.0000 1.0000 1.0000 1.0000 1.0000 1.0000 1.0000 1.0000 1.0000 1.0000 1.0000 1.0000 1.0000 1.0000 1.0000 1.0000 1.0000 1.0000 1.0000
 3259.00 0.2141 0.2833 0.9999 1.0000 1.0000 1.0000 0.7653 0.9998 0.9878 1.0000 0.9918   1.541 0.9999 1.0000 1.0000 1.0000 1.0000 1.0000 1.0000 1.0000 1.0000 1.0000 1.0000 1.0000 1.0000 1.0000 1.0000 1.0000 1.0000 1.0000 1.0000 1.0000 1.0000 1.0000 1.0000
 3260.00 0.0331 0.0438 0.9996 1.0000 1.0000 1.0000 0.7660 0.9998 0.9878 1.0000 0.9917   3.407 0.9997 1.0000 0.9999 1.0000 1.0000 1.0000 1.0000 1.0000 1.0000 1.0000 1.0000 1.0000 1.0000 1.0000 1.0000 1.0000 1.0000 1.0000 1.0000 1.0000 1.0000 1.0000 1.0000
 3261.00 0.0886 0.1172 0.9993 1.0000 1.0000 1.0000 0.7664 0.9998 0.9877 1.0000 0.9917   2.423 0.9997 1.0000 0.9996 1.0000 1.0000 1.0000 1.0000 1.0000 1.0000 1.0000 1.0000 1.0000 1.0000 1.0000 1.0000 1.0000 1.0000 1.0000 1.0000 1.0000 1.0000 1.0000 1.0000
 3262.00 0.3485 0.4603 0.9997 1.0000 1.0000 1.0000 0.7668 0.9998 0.9877 1.0000 0.9917   1.054 0.9999 1.0000 0.9998 1.0000 1.0000 1.0000 1.0000 1.0000 1.0000 1.0000 1.0000 1.0000 1.0000 1.0000 1.0000 1.0000 1.0000 1.0000 1.0000 1.0000 1.0000 1.0000 1.0000
 3263.00 0.0668 0.0881 0.9996 1.0000 1.0000 1.0000 0.7672 0.9998 0.9877 1.0000 0.9916   2.707 0.9997 1.0000 0.9999 1.0000 1.0000 1.0000 1.0000 1.0000 1.0000 1.0000 1.0000 1.0000 1.0000 1.0000 1.0000 1.0000 1.0000 1.0000 1.0000 1.0000 1.0000 1.0000 1.0000
 3264.00 0.1051 0.1388 0.9994 1.0000 1.0000 1.0000 0.7677 0.9998 0.9876 1.0000 0.9916   2.253 0.9996 1.0000 0.9998 1.0000 1.0000 1.0000 1.0000 1.0000 1.0000 1.0000 1.0000 1.0000 1.0000 1.0000 1.0000 1.0000 1.0000 1.0000 1.0000 1.0000 1.0000 1.0000 1.0000
 3265.00 0.0095 0.0126 0.9996 1.0000 1.0000 1.0000 0.7681 0.9998 0.9876 1.0000 0.9916   4.653 0.9999 1.0000 0.9997 1.0000 1.0000 1.0000 1.0000 1.0000 1.0000 1.0000 1.0000 1.0000 1.0000 1.0000 1.0000 1.0000 1.0000 1.0000 1.0000 1.0000 1.0000 1.0000 1.0000
 3266.00 0.0414 0.0546 0.9995 1.0000 1.0000 1.0000 0.7685 0.9998 0.9876 1.0000 0.9915   3.184 0.9997 1.0000 0.9998 1.0000 1.0000 1.0000 1.0000 1.0000 1.0000 1.0000 1.0000 1.0000 1.0000 1.0000 1.0000 1.0000 1.0000 1.0000 1.0000 1.0000 1.0000 1.0000 1.0000
 3267.00 0.2033 0.2678 0.9997 1.0000 1.0000 1.0000 0.7690 0.9998 0.9875 1.0000 0.9915   1.593 0.9999 1.0000 0.9999 1.0000 1.0000 1.0000 1.0000 1.0000 1.0000 1.0000 1.0000 1.0000 1.0000 1.0000 1.0000 1.0000 1.0000 1.0000 1.0000 1.0000 1.0000 1.0000 1.0000
 3268.00 0.4817 0.6345 0.9994 1.0000 1.0000 1.0000 0.7694 0.9998 0.9875 1.0000 0.9915   0.730 0.9996 1.0000 0.9998 1.0000 1.0000 1.0000 1.0000 1.0000 1.0000 1.0000 1.0000 1.0000 1.0000 1.0000 1.0000 1.0000 1.0000 1.0000 1.0000 1.0000 1.0000 1.0000 1.0000
 3269.00 0.4696 0.6183 0.9994 1.0000 1.0000 1.0000 0.7698 0.9998 0.9875 1.0000 0.9914   0.756 0.9996 1.0000 0.9998 1.0000 1.0000 1.0000 1.0000 1.0000 1.0000 1.0000 1.0000 1.0000 1.0000 1.0000 1.0000 1.0000 1.0000 1.0000 1.0000 1.0000 1.0000 1.0000 1.0000
 3270.00 0.1520 0.2000 0.9997 1.0000 1.0000 1.0000 0.7702 0.9998 0.9874 1.0000 0.9914   1.884 0.9998 1.0000 0.9999 1.0000 1.0000 1.0000 1.0000 1.0000 1.0000 1.0000 1.0000 1.0000 1.0000 1.0000 1.0000 1.0000 1.0000 1.0000 1.0000 1.0000 1.0000 1.0000 1.0000
 3271.00 0.0074 0.0097 0.9994 1.0000 1.0000 1.0000 0.7713 0.9998 0.9874 1.0000 0.9914   4.905 0.9996 1.0000 0.9999 1.0000 1.0000 1.0000 1.0000 1.0000 1.0000 1.0000 1.0000 1.0000 1.0000 1.0000 1.0000 1.0000 1.0000 1.0000 1.0000 1.0000 1.0000 1.0000 1.0000
 3272.00 0.0116 0.0152 0.9994 1.0000 1.0000 1.0000 0.7723 0.9998 0.9874 1.0000 0.9913   4.456 0.9995 1.0000 1.0000 1.0000 1.0000 1.0000 1.0000 1.0000 1.0000 1.0000 1.0000 1.0000 1.0000 1.0000 1.0000 1.0000 1.0000 1.0000 1.0000 1.0000 1.0000 1.0000 1.0000
 3273.00 0.0029 0.0037 0.9992 1.0000 1.0000 1.0000 0.7733 0.9998 0.9874 1.0000 0.9913   5.859 0.9993 1.0000 0.9999 1.0000 1.0000 1.0000 1.0000 1.0000 1.0000 1.0000 1.0000 1.0000 1.0000 1.0000 1.0000 1.0000 1.0000 1.0000 1.0000 1.0000 1.0000 1.0000 1.0000
 3274.00 0.0000 0.0000 0.9979 1.0000 1.0000 1.0000 0.7744 0.9998 0.9873 1.0000 0.9913  13.515 0.9981 1.0000 0.9998 1.0000 1.0000 1.0000 1.0000 1.0000 1.0000 1.0000 1.0000 1.0000 1.0000 1.0000 1.0000 1.0000 1.0000 1.0000 1.0000 1.0000 1.0000 1.0000 1.0000
 3275.00 0.0042 0.0055 0.9972 1.0000 0.9999 1.0000 0.7754 0.9998 0.9873 1.0000 0.9912   5.477 0.9973 1.0000 0.9999 1.0000 1.0000 0.9999 1.0000 1.0000 1.0000 1.0000 1.0000 1.0000 1.0000 1.0000 1.0000 1.0000 1.0000 1.0000 1.0000 1.0000 1.0000 1.0000 1.0000
 3276.00 0.0004 0.0005 0.9995 1.0000 1.0000 1.0000 0.7764 0.9998 0.9873 1.0000 0.9912   7.845 0.9997 1.0000 0.9999 0.9999 1.0000 1.0000 1.0000 1.0000 1.0000 1.0000 1.0000 1.0000 1.0000 1.0000 1.0000 1.0000 1.0000 1.0000 1.0000 1.0000 1.0000 1.0000 1.0000
 3277.00 0.0037 0.0048 0.9996 1.0000 0.9998 1.0000 0.7775 0.9998 0.9872 1.0000 0.9912   5.609 0.9997 1.0000 0.9999 0.9999 1.0000 0.9998 1.0000 1.0000 1.0000 1.0000 1.0000 1.0000 1.0000 1.0000 1.0000 1.0000 1.0000 1.0000 1.0000 1.0000 1.0000 1.0000 1.0000
 3278.00 0.0868 0.1130 0.9997 1.0000 1.0000 1.0000 0.7785 0.9998 0.9872 1.0000 0.9911   2.444 0.9998 1.0000 0.9999 0.9999 1.0000 1.0000 1.0000 1.0000 1.0000 1.0000 1.0000 1.0000 1.0000 1.0000 1.0000 1.0000 1.0000 1.0000 1.0000 1.0000 1.0000 1.0000 1.0000
 3279.00 0.0147 0.0192 0.9996 1.0000 1.0000 1.0000 0.7796 0.9998 0.9872 1.0000 0.9911   4.217 0.9997 1.0000 1.0000 0.9999 1.0000 1.0000 1.0000 1.0000 1.0000 1.0000 1.0000 1.0000 1.0000 1.0000 1.0000 1.0000 1.0000 1.0000 1.0000 1.0000 1.0000 1.0000 1.0000
 3280.00 0.0015 0.0020 0.9995 1.0000 1.0000 1.0000 0.7806 0.9998 0.9871 1.0000 0.9911   6.470 0.9996 1.0000 1.0000 0.9999 1.0000 1.0000 1.0000 1.0000 1.0000 1.0000 1.0000 1.0000 1.0000 1.0000 1.0000 1.0000 1.0000 1.0000 1.0000 1.0000 1.0000 1.0000 1.0000
 3281.00 0.1198 0.1555 0.9985 1.0000 1.0000 1.0000 0.7814 0.9998 0.9871 1.0000 0.9910   2.122 0.9987 1.0000 0.9999 0.9999 1.0000 1.0000 1.0000 1.0000 1.0000 1.0000 1.0000 1.0000 1.0000 1.0000 1.0000 1.0000 1.0000 1.0000 1.0000 1.0000 1.0000 1.0000 1.0000
 3282.00 0.2635 0.3416 0.9990 1.0000 1.0000 1.0000 0.7822 0.9998 0.9871 1.0000 0.9910   1.334 0.9992 1.0000 0.9999 0.9999 1.0000 1.0000 1.0000 1.0000 1.0000 1.0000 1.0000 1.0000 1.0000 1.0000 1.0000 1.0000 1.0000 1.0000 1.0000 1.0000 1.0000 1.0000 1.0000
 3283.00 0.0221 0.0287 0.9991 1.0000 1.0000 1.0000 0.7831 0.9998 0.9870 1.0000 0.9910   3.810 0.9993 1.0000 0.9999 0.9999 1.0000 1.0000 1.0000 1.0000 1.0000 1.0000 1.0000 1.0000 1.0000 1.0000 1.0000 1.0000 1.0000 1.0000 1.0000 1.0000 1.0000 1.0000 1.0000
 3284.00 0.0243 0.0315 0.9989 1.0000 1.0000 1.0000 0.7839 0.9998 0.9870 1.0000 0.9909   3.716 0.9991 1.0000 0.9999 0.9999 1.0000 1.0000 1.0000 1.0000 1.0000 1.0000 1.0000 1.0000 1.0000 1.0000 1.0000 1.0000 1.0000 1.0000 1.0000 1.0000 1.0000 1.0000 1.0000
 3285.00 0.2563 0.3311 0.9995 1.0000 1.0000 1.0000 0.7847 0.9998 0.9870 1.0000 0.9909   1.362 0.9997 1.0000 0.9999 0.9999 1.0000 1.0000 1.0000 1.0000 1.0000 1.0000 1.0000 1.0000 1.0000 1.0000 1.0000 1.0000 1.0000 1.0000 1.0000 1.0000 1.0000 1.0000 1.0000
 3286.00 0.2537 0.3278 0.9988 1.0000 1.0000 1.0000 0.7855 0.9998 0.9869 1.0000 0.9908   1.371 0.9990 1.0000 1.0000 0.9999 1.0000 1.0000 1.0000 1.0000 1.0000 1.0000 1.0000 1.0000 1.0000 1.0000 1.0000 1.0000 1.0000 1.0000 1.0000 1.0000 1.0000 1.0000 1.0000
 3287.00 0.3243 0.4185 0.9986 1.0000 1.0000 1.0000 0.7864 0.9998 0.9869 1.0000 0.9908   1.126 0.9988 1.0000 0.9999 0.9999 1.0000 1.0000 1.0000 1.0000 1.0000 1.0000 1.0000 1.0000 1.0000 1.0000 1.0000 1.0000 1.0000 1.0000 1.0000 1.0000 1.0000 1.0000 1.0000
 3288.00 0.0472 0.0608 0.9994 1.0000 1.0000 1.0000 0.7872 0.9998 0.9869 1.0000 0.9908   3.053 0.9996 1.0000 0.9999 0.9998 1.0000 1.0000 1.0000 1.0000 1.0000 1.0000 1.0000 1.0000 1.0000 1.0000 1.0000 1.0000 1.0000 1.0000 1.0000 1.0000 1.0000 1.0000 1.0000
 3289.00 0.0022 0.0028 0.9982 1.0000 1.0000 1.0000 0.7880 0.9998 0.9868 1.0000 0.9907   6.137 0.9985 1.0000 0.9999 0.9998 1.0000 1.0000 1.0000 1.0000 1.0000 1.0000 1.0000 1.0000 1.0000 1.0000 1.0000 1.0000 1.0000 1.0000 1.0000 1.0000 1.0000 1.0000 1.0000
 3290.00 0.1157 0.1490 0.9975 1.0000 1.0000 1.0000 0.7888 0.9998 0.9868 1.0000 0.9907   2.157 0.9977 1.0000 1.0000 0.9998 1.0000 1.0000 1.0000 1.0000 1.0000 1.0000 1.0000 1.0000 1.0000 1.0000 1.0000 1.0000 1.0000 1.0000 1.0000 1.0000 1.0000 1.0000 1.0000
 3291.00 0.0262 0.0337 0.9992 1.0000 1.0000 1.0000 0.7896 0.9998 0.9868 1.0000 0.9906   3.641 0.9994 1.0000 1.0000 0.9998 1.0000 1.0000 1.0000 1.0000 1.0000 1.0000 1.0000 1.0000 1.0000 1.0000 1.0000 1.0000 1.0000 1.0000 1.0000 1.0000 1.0000 1.0000 1.0000
 3292.00 0.0016 0.0021 0.9976 1.0000 1.0000 1.0000 0.7903 0.9998 0.9867 1.0000 0.9906   6.415 0.9978 1.0000 1.0000 0.9998 1.0000 1.0000 1.0000 1.0000 1.0000 1.0000 1.0000 1.0000 1.0000 1.0000 1.0000 1.0000 1.0000 1.0000 1.0000 1.0000 1.0000 1.0000 1.0000
 3293.00 0.0006 0.0008 0.9983 1.0000 1.0000 1.0000 0.7910 0.9998 0.9867 1.0000 0.9906   7.399 0.9986 1.0000 1.0000 0.9998 1.0000 1.0000 1.0000 1.0000 1.0000 1.0000 1.0000 1.0000 1.0000 1.0000 1.0000 1.0000 1.0000 1.0000 1.0000 1.0000 1.0000 1.0000 1.0000
 3294.00 0.0153 0.0197 0.9978 1.0000 1.0000 1.0000 0.7918 0.9998 0.9867 1.0000 0.9905   4.179 0.9981 1.0000 1.0000 0.9997 1.0000 1.0000 1.0000 1.0000 1.0000 1.0000 1.0000 1.0000 1.0000 1.0000 1.0000 1.0000 1.0000 1.0000 1.0000 1.0000 1.0000 1.0000 1.0000
 3295.00 0.2411 0.3095 0.9964 1.0000 0.9999 1.0000 0.7925 0.9998 0.9866 1.0000 0.9905   1.423 0.9967 1.0000 0.9999 0.9998 1.0000 0.9999 1.0000 1.0000 1.0000 1.0000 1.0000 1.0000 1.0000 1.0000 1.0000 1.0000 1.0000 1.0000 1.0000 1.0000 1.0000 1.0000 1.0000
 3296.00 0.1618 0.2072 0.9980 1.0000 1.0000 1.0000 0.7932 0.9998 0.9866 1.0000 0.9904   1.821 0.9984 1.0000 1.0000 0.9996 1.0000 1.0000 1.0000 1.0000 1.0000 1.0000 1.0000 1.0000 1.0000 1.0000 1.0000 1.0000 1.0000 1.0000 1.0000 1.0000 1.0000 1.0000 1.0000
 3297.00 0.0000 0.0000 0.9963 1.0000 0.9999 1.0000 0.7940 0.9998 0.9866 1.0000 0.9904  11.703 0.9967 1.0000 1.0000 0.9996 1.0000 0.9999 1.0000 1.0000 1.0000 1.0000 1.0000 1.0000 1.0000 1.0000 1.0000 1.0000 1.0000 1.0000 1.0000 1.0000 1.0000 1.0000 1.0000
 3298.00 0.0081 0.0104 0.9945 1.0000 1.0000 1.0000 0.7947 0.9998 0.9865 1.0000 0.9904   4.816 0.9950 1.0000 0.9999 0.9996 1.0000 1.0000 1.0000 1.0000 1.0000 1.0000 1.0000 1.0000 1.0000 1.0000 1.0000 1.0000 1.0000 1.0000 1.0000 1.0000 1.0000 1.0000 1.0000
 3299.00 0.2812 0.3592 0.9977 1.0000 1.0000 1.0000 0.7954 0.9998 0.9865 1.0000 0.9903   1.269 0.9982 1.0000 1.0000 0.9995 1.0000 1.0000 1.0000 1.0000 1.0000 1.0000 1.0000 1.0000 1.0000 1.0000 1.0000 1.0000 1.0000 1.0000 1.0000 1.0000 1.0000 1.0000 1.0000
 3300.00 0.1247 0.1599 0.9929 1.0000 1.0000 1.0000 0.7962 0.9998 0.9865 1.0000 0.9903   2.082 0.9935 1.0000 1.0000 0.9994 1.0000 1.0000 1.0000 1.0000 1.0000 1.0000 1.0000 1.0000 1.0000 1.0000 1.0000 1.0000 1.0000 1.0000 1.0000 1.0000 1.0000 1.0000 1.0000
 3301.00 0.3971 0.5059 0.9979 1.0000 1.0000 1.0000 0.7977 0.9998 0.9864 1.0000 0.9902   0.923 0.9986 1.0000 0.9999 0.9994 1.0000 1.0000 1.0000 1.0000 1.0000 1.0000 1.0000 1.0000 1.0000 1.0000 1.0000 1.0000 1.0000 1.0000 1.0000 1.0000 1.0000 1.0000 1.0000
 3302.00 0.5240 0.6704 0.9916 1.0000 1.0000 1.0000 0.7993 0.9998 0.9864 1.0000 0.9902   0.646 0.9924 1.0000 0.9999 0.9993 1.0000 1.0000 1.0000 1.0000 1.0000 1.0000 1.0000 1.0000 1.0000 1.0000 1.0000 1.0000 1.0000 1.0000 1.0000 1.0000 1.0000 1.0000 1.0000
 3303.00 0.0673 0.0862 0.9892 1.0000 1.0000 1.0000 0.8008 0.9998 0.9864 1.0000 0.9902   2.698 0.9900 1.0000 1.0000 0.9993 1.0000 1.0000 1.0000 1.0000 1.0000 1.0000 1.0000 1.0000 1.0000 1.0000 1.0000 1.0000 1.0000 1.0000 1.0000 1.0000 1.0000 1.0000 1.0000
 3304.00 0.3311 0.4198 0.9970 1.0000 1.0000 1.0000 0.8024 0.9998 0.9863 1.0000 0.9901   1.105 0.9979 1.0000 1.0000 0.9991 1.0000 1.0000 1.0000 1.0000 1.0000 1.0000 1.0000 1.0000 1.0000 1.0000 1.0000 1.0000 1.0000 1.0000 1.0000 1.0000 1.0000 1.0000 1.0000
 3305.00 0.5211 0.6657 0.9877 1.0000 1.0000 1.0000 0.8039 0.9998 0.9863 1.0000 0.9901   0.652 0.9886 1.0000 1.0000 0.9991 1.0000 1.0000 1.0000 1.0000 1.0000 1.0000 1.0000 1.0000 1.0000 1.0000 1.0000 1.0000 1.0000 1.0000 1.0000 1.0000 1.0000 1.0000 1.0000
 3306.00 0.4419 0.5651 0.9847 1.0000 1.0000 1.0000 0.8055 0.9998 0.9862 1.0000 0.9901   0.817 0.9854 1.0000 1.0000 0.9992 1.0000 1.0000 1.0000 1.0000 1.0000 1.0000 1.0000 1.0000 1.0000 1.0000 1.0000 1.0000 1.0000 1.0000 1.0000 1.0000 1.0000 1.0000 1.0000
 3307.00 0.2582 0.3257 0.9963 1.0000 1.0000 1.0000 0.8070 0.9998 0.9862 1.0000 0.9900   1.354 0.9975 1.0000 1.0000 0.9988 1.0000 1.0000 1.0000 1.0000 1.0000 1.0000 1.0000 1.0000 1.0000 1.0000 1.0000 1.0000 1.0000 1.0000 1.0000 1.0000 1.0000 1.0000 1.0000
 3308.00 0.0036 0.0045 0.9819 1.0000 1.0000 1.0000 0.8086 0.9998 0.9862 1.0000 0.9900   5.638 0.9830 1.0000 1.0000 0.9989 1.0000 1.0000 1.0000 1.0000 1.0000 1.0000 1.0000 1.0000 1.0000 1.0000 1.0000 1.0000 1.0000 1.0000 1.0000 1.0000 1.0000 1.0000 1.0000
 3309.00 0.0001 0.0001 0.9806 1.0000 1.0000 1.0000 0.8102 0.9998 0.9861 1.0000 0.9899   9.385 0.9820 1.0000 0.9999 0.9987 1.0000 1.0000 1.0000 1.0000 1.0000 1.0000 1.0000 1.0000 1.0000 1.0000 1.0000 1.0000 1.0000 1.0000 1.0000 1.0000 1.0000 1.0000 1.0000
 3310.00 0.0489 0.0614 0.9954 1.0000 1.0000 1.0000 0.8117 0.9998 0.9861 1.0000 0.9899   3.017 0.9969 1.0000 1.0000 0.9985 1.0000 1.0000 1.0000 1.0000 1.0000 1.0000 1.0000 1.0000 1.0000 1.0000 1.0000 1.0000 1.0000 1.0000 1.0000 1.0000 1.0000 1.0000 1.0000
 3311.00 0.0727 0.0930 0.9764 1.0000 1.0000 1.0000 0.8128 0.9998 0.9861 1.0000 0.9899   2.621 0.9780 1.0000 1.0000 0.9984 1.0000 1.0000 1.0000 1.0000 1.0000 1.0000 1.0000 1.0000 1.0000 1.0000 1.0000 1.0000 1.0000 1.0000 1.0000 1.0000 1.0000 1.0000 1.0000
 3312.00 0.0168 0.0211 0.9951 1.0000 1.0000 1.0000 0.8139 0.9998 0.9860 1.0000 0.9898   4.084 0.9969 1.0000 1.0000 0.9982 1.0000 1.0000 1.0000 1.0000 1.0000 1.0000 1.0000 1.0000 1.0000 1.0000 1.0000 1.0000 1.0000 1.0000 1.0000 1.0000 1.0000 1.0000 1.0000
 3313.00 0.0003 0.0004 0.9758 1.0000 1.0000 1.0000 0.8150 0.9998 0.9860 1.0000 0.9898   8.094 0.9775 1.0000 0.9999 0.9983 1.0000 1.0000 1.0000 1.0000 1.0000 1.0000 1.0000 1.0000 1.0000 1.0000 1.0000 1.0000 1.0000 1.0000 1.0000 1.0000 1.0000 1.0000 1.0000
 3314.00 0.0445 0.0568 0.9727 1.0000 1.0000 1.0000 0.8161 0.9998 0.9860 1.0000 0.9897   3.113 0.9747 1.0000 1.0000 0.9979 1.0000 1.0000 1.0000 1.0000 1.0000 1.0000 1.0000 1.0000 1.0000 1.0000 1.0000 1.0000 1.0000 1.0000 1.0000 1.0000 1.0000 1.0000 1.0000
 3315.00 0.2203 0.2749 0.9946 1.0000 1.0000 1.0000 0.8172 0.9998 0.9859 1.0000 0.9897   1.513 0.9969 1.0000 1.0000 0.9977 1.0000 1.0000 1.0000 1.0000 1.0000 1.0000 1.0000 1.0000 1.0000 1.0000 1.0000 1.0000 1.0000 1.0000 1.0000 1.0000 1.0000 1.0000 1.0000
 3316.00 0.4916 0.6271 0.9721 1.0000 1.0000 1.0000 0.8183 0.9998 0.9859 1.0000 0.9897   0.710 0.9745 1.0000 1.0000 0.9975 1.0000 1.0000 1.0000 1.0000 1.0000 1.0000 1.0000 1.0000 1.0000 1.0000 1.0000 1.0000 1.0000 1.0000 1.0000 1.0000 1.0000 1.0000 1.0000
 3317.00 0.1784 0.2273 0.9718 1.0000 0.9999 1.0000 0.8194 0.9998 0.9859 1.0000 0.9896   1.724 0.9745 1.0000 1.0000 0.9972 1.0000 0.9999 1.0000 1.0000 1.0000 1.0000 1.0000 1.0000 1.0000 1.0000 1.0000 1.0000 1.0000 1.0000 1.0000 1.0000 1.0000 1.0000 1.0000
 3318.00 0.0780 0.0970 0.9937 1.0000 1.0000 1.0000 0.8205 0.9998 0.9858 1.0000 0.9896   2.552 0.9968 1.0000 1.0000 0.9969 1.0000 1.0000 1.0000 1.0000 1.0000 1.0000 1.0000 1.0000 1.0000 1.0000 1.0000 1.0000 1.0000 1.0000 1.0000 1.0000 1.0000 1.0000 1.0000
 3319.00 0.2916 0.3707 0.9716 1.0000 1.0000 1.0000 0.8216 0.9998 0.9858 1.0000 0.9896   1.232 0.9749 1.0000 1.0000 0.9967 1.0000 1.0000 1.0000 1.0000 1.0000 1.0000 1.0000 1.0000 1.0000 1.0000 1.0000 1.0000 1.0000 1.0000 1.0000 1.0000 1.0000 1.0000 1.0000
 3320.00 0.5021 0.6242 0.9922 1.0000 1.0000 1.0000 0.8227 0.9998 0.9858 1.0000 0.9895   0.689 0.9958 1.0000 1.0000 0.9965 1.0000 1.0000 1.0000 1.0000 1.0000 1.0000 1.0000 1.0000 1.0000 1.0000 1.0000 1.0000 1.0000 1.0000 1.0000 1.0000 1.0000 1.0000 1.0000
 3321.00 0.5847 0.7398 0.9747 1.0000 1.0000 1.0000 0.8227 0.9998 0.9857 1.0000 0.9895   0.537 0.9786 1.0000 1.0000 0.9961 1.0000 1.0000 1.0000 1.0000 1.0000 1.0000 1.0000 1.0000 1.0000 1.0000 1.0000 1.0000 1.0000 1.0000 1.0000 1.0000 1.0000 1.0000 1.0000
 3322.00 0.3657 0.4624 0.9755 1.0000 1.0000 1.0000 0.8228 0.9998 0.9857 1.0000 0.9894   1.006 0.9800 1.0000 1.0000 0.9955 1.0000 1.0000 1.0000 1.0000 1.0000 1.0000 1.0000 1.0000 1.0000 1.0000 1.0000 1.0000 1.0000 1.0000 1.0000 1.0000 1.0000 1.0000 1.0000
 3323.00 0.0237 0.0295 0.9917 1.0000 1.0000 1.0000 0.8228 0.9998 0.9857 1.0000 0.9894   3.742 0.9964 1.0000 1.0000 0.9953 1.0000 1.0000 1.0000 1.0000 1.0000 1.0000 1.0000 1.0000 1.0000 1.0000 1.0000 1.0000 1.0000 1.0000 1.0000 1.0000 1.0000 1.0000 1.0000
 3324.00 0.0138 0.0174 0.9788 1.0000 1.0000 1.0000 0.8229 0.9998 0.9856 1.0000 0.9894   4.284 0.9839 1.0000 0.9999 0.9948 1.0000 1.0000 1.0000 1.0000 1.0000 1.0000 1.0000 1.0000 1.0000 1.0000 1.0000 1.0000 1.0000 1.0000 1.0000 1.0000 1.0000 1.0000 1.0000
 3325.00 0.0945 0.1187 0.9813 1.0000 1.0000 1.0000 0.8230 0.9998 0.9856 1.0000 0.9893   2.359 0.9871 1.0000 1.0000 0.9942 1.0000 1.0000 1.0000 1.0000 1.0000 1.0000 1.0000 1.0000 1.0000 1.0000 1.0000 1.0000 1.0000 1.0000 1.0000 1.0000 1.0000 1.0000 1.0000
 3326.00 0.0253 0.0315 0.9904 1.0000 1.0000 1.0000 0.8230 0.9998 0.9856 1.0000 0.9893   3.676 0.9979 1.0000 1.0000 0.9925 1.0000 1.0000 1.0000 1.0000 1.0000 1.0000 1.0000 1.0000 1.0000 1.0000 1.0000 1.0000 1.0000 1.0000 1.0000 1.0000 1.0000 1.0000 1.0000
 3327.00 0.0000 0.0000 0.9864 1.0000 1.0000 1.0000 0.8231 0.9998 0.9855 1.0000 0.9892  16.960 0.9905 1.0000 1.0000 0.9959 1.0000 1.0000 1.0000 1.0000 1.0000 1.0000 1.0000 1.0000 1.0000 1.0000 1.0000 1.0000 1.0000 1.0000 1.0000 1.0000 1.0000 1.0000 1.0000
 3328.00 0.1529 0.1911 0.9869 1.0000 1.0000 1.0000 0.8232 0.9998 0.9855 1.0000 0.9892   1.878 0.9941 1.0000 1.0000 0.9928 1.0000 1.0000 1.0000 1.0000 1.0000 1.0000 1.0000 1.0000 1.0000 1.0000 1.0000 1.0000 1.0000 1.0000 1.0000 1.0000 1.0000 1.0000 1.0000
 3329.00 0.1843 0.2296 0.9898 1.0000 0.9999 1.0000 0.8232 0.9998 0.9855 1.0000 0.9892   1.691 0.9988 1.0000 1.0000 0.9909 1.0000 0.9999 1.0000 1.0000 1.0000 1.0000 1.0000 1.0000 1.0000 1.0000 1.0000 1.0000 1.0000 1.0000 1.0000 1.0000 1.0000 1.0000 1.0000
 3330.00 0.2244 0.2799 0.9885 1.0000 1.0000 1.0000 0.8233 0.9998 0.9854 1.0000 0.9891   1.494 0.9968 1.0000 1.0000 0.9916 1.0000 1.0000 1.0000 1.0000 1.0000 1.0000 1.0000 1.0000 1.0000 1.0000 1.0000 1.0000 1.0000 1.0000 1.0000 1.0000 1.0000 1.0000 1.0000
 3331.00 0.5411 0.6742 0.9904 1.0000 0.9998 1.0000 0.8228 0.9998 0.9854 1.0000 0.9891   0.614 0.9993 1.0000 1.0000 0.9911 1.0000 0.9998 1.0000 1.0000 1.0000 1.0000 1.0000 1.0000 1.0000 1.0000 1.0000 1.0000 1.0000 1.0000 1.0000 1.0000 1.0000 1.0000 1.0000
 3332.00 0.5382 0.6721 0.9888 1.0000 0.9997 1.0000 0.8224 0.9998 0.9854 1.0000 0.9891   0.620 0.9986 1.0000 1.0000 0.9902 1.0000 0.9997 1.0000 1.0000 1.0000 1.0000 1.0000 1.0000 1.0000 1.0000 1.0000 1.0000 1.0000 1.0000 1.0000 1.0000 1.0000 1.0000 1.0000
 3333.00 0.4183 0.5225 0.9893 1.0000 0.9995 1.0000 0.8219 0.9998 0.9853 1.0000 0.9890   0.872 0.9996 1.0000 1.0000 0.9898 1.0000 0.9995 1.0000 1.0000 1.0000 1.0000 1.0000 1.0000 1.0000 1.0000 1.0000 1.0000 1.0000 1.0000 1.0000 1.0000 1.0000 1.0000 1.0000
 -9999.
