# 3ds Max Wavefront OBJ Exporter v0.97b - (c)2007 guruware
# ´´½¨µÄÎÄ¼ş:14.09.2026 11:53:46

mtllib f22.mtl

#
# object p14535_7
#

v  0.1518 4.7259 -1.9613
v  0.2304 4.6592 -1.9182
v  0.2320 4.6244 -1.9208
v  2.4909 0.1806 -1.0221
v  2.4909 0.6427 -1.0136
v  2.4909 0.1806 -0.9535
v  6.7483 -3.5382 -1.2415
v  6.7483 -3.5382 -1.2691
v  -2.4909 0.1806 -0.9535
v  -2.4909 0.6427 -1.0136
v  -2.4909 0.1806 -1.0221
v  -6.7483 -3.5382 -1.2415
v  -6.7483 -3.5382 -1.2691
v  2.8200 -4.8875 -1.1082
v  2.6878 -4.9299 -1.1370
v  2.7653 -4.9050 -1.1288
v  2.7195 -4.9197 -1.1390
v  2.8970 -4.8627 -1.0506
v  2.6522 -4.9413 -1.1265
v  2.5146 -4.9855 -1.0287
v  2.5868 -4.9624 -1.0899
v  2.4001 -5.0223 -1.0221
v  2.4001 -5.0223 -0.8872
v  4.5585 -4.3293 -1.0682
v  4.5585 -4.3293 -1.1458
v  4.5622 -4.7930 -1.1265
v  4.5622 -4.7930 -1.0804
v  5.1484 -4.6056 -1.1660
v  4.9229 -4.6776 -1.2094
v  5.0322 -4.6427 -1.2187
v  4.8282 -4.7079 -1.1445
v  4.9744 -4.6612 -1.2247
v  5.9241 -4.3576 -1.1743
v  5.9241 -4.3576 -1.2183
v  5.9307 -5.0483 -1.2159
v  -2.5868 -4.9624 -1.0899
v  -2.7195 -4.9197 -1.1390
v  -2.6522 -4.9413 -1.1265
v  -2.6878 -4.9299 -1.1370
v  -2.5146 -4.9855 -1.0287
v  -2.7653 -4.9050 -1.1288
v  -2.8970 -4.8627 -1.0506
v  -2.8200 -4.8875 -1.1082
v  -4.5585 -4.3293 -1.1458
v  -4.5585 -4.3293 -1.0682
v  -2.4001 -5.0223 -0.8872
v  -2.4001 -5.0223 -1.0221
v  -4.5622 -4.7930 -1.0804
v  -4.5622 -4.7930 -1.1265
v  -4.8282 -4.7079 -1.1445
v  -5.0322 -4.6427 -1.2187
v  -4.9229 -4.6776 -1.2094
v  -5.1484 -4.6056 -1.1660
v  -4.9744 -4.6612 -1.2247
v  -5.9241 -4.3576 -1.1743
v  -5.9241 -4.3576 -1.2183
v  -5.9307 -5.0483 -1.2159
v  1.6131 -6.5401 -0.6539
v  1.5016 -6.5412 -0.5973
v  1.5392 -7.3708 -0.6539
v  2.9162 -5.4463 1.9741
v  2.8752 -5.4463 1.9980
v  -1.6131 -6.5401 -0.6539
v  -1.5016 -6.5412 -0.5973
v  -2.9162 -5.4463 1.9741
v  -2.8752 -5.4463 1.9980
v  -1.5392 -7.3708 -0.6539
v  -1.9395 -6.7163 -1.0221
v  -1.9395 -8.5411 -0.8966
v  -1.9395 -6.7163 -0.8966
v  -2.4001 -5.5492 -1.0221
v  -2.4001 -5.5492 -0.9197
v  1.9395 -6.7163 -0.8966
v  1.9395 -6.7163 -1.0221
v  2.4001 -5.5492 -0.9197
v  2.4001 -5.5492 -1.0221
v  1.9395 -8.5411 -0.8966
v  -1.4711 -6.3064 -1.1715
v  -1.4979 -6.8030 -1.1482
v  -1.5203 -6.4935 -1.1824
v  -1.4287 -6.7968 -1.0955
v  -1.5522 -5.9821 -1.2003
v  -1.5685 -6.3091 -1.1985
v  -1.6016 -5.8873 -1.2056
v  -1.6095 -6.2217 -1.2039
v  -1.6512 -5.9805 -1.1657
v  -1.6506 -6.3078 -1.1886
v  -1.7334 -6.3023 -1.1173
v  -1.6995 -6.4907 -1.1608
v  -1.7773 -6.7912 -1.0536
v  -1.7228 -6.7994 -1.1212
v  -1.7353 -7.5043 -0.9736
v  -1.7007 -7.2779 -1.0668
v  -1.6542 -7.9142 -0.9346
v  -1.6525 -7.5159 -1.0442
v  -1.6049 -8.0090 -0.9293
v  -1.6116 -7.6034 -1.0388
v  -1.5552 -7.9158 -0.9465
v  -1.5704 -7.5172 -1.0541
v  -1.4729 -7.5084 -1.0052
v  -1.5215 -7.2808 -1.0883
v  -1.5647 -6.8065 -1.1785
v  -1.5713 -6.6766 -1.1932
v  -1.5895 -6.5703 -1.2037
v  -1.6145 -6.5312 -1.2053
v  -1.6397 -6.5695 -1.1977
v  -1.6583 -6.6752 -1.1828
v  -1.6652 -6.8049 -1.1665
v  -1.6589 -7.1039 -1.1315
v  -1.6407 -7.2101 -1.1211
v  -1.6157 -7.2493 -1.1195
v  -1.5905 -7.2109 -1.1271
v  -1.5719 -7.1053 -1.1420
v  -1.6166 -6.8072 -1.1854
v  -4.7490 -3.9724 -1.1699
v  -4.8004 -4.2973 -1.2201
v  -4.8122 -4.1169 -1.2285
v  -4.7281 -4.2681 -1.1553
v  -4.8316 -3.7076 -1.1839
v  -4.8616 -3.9630 -1.2367
v  -4.8900 -3.6434 -1.1891
v  -4.9095 -3.9042 -1.2412
v  -4.9586 -3.6968 -1.1903
v  -4.9668 -3.9541 -1.2420
v  -5.0854 -3.9439 -1.1868
v  -5.0419 -4.0974 -1.2400
v  -5.0888 -4.2979 -1.2345
v  -5.1565 -4.2888 -1.1776
v  -5.1300 -4.1229 -1.1780
v  -4.8784 -4.3121 -1.2624
v  -4.8792 -4.2256 -1.2659
v  -4.8970 -4.1573 -1.2693
v  -4.9271 -4.1302 -1.2718
v  -4.9614 -4.1518 -1.2726
v  -4.9907 -4.2162 -1.2715
v  -5.0072 -4.3061 -1.2688
v  -5.0770 -4.5033 -1.2261
v  -4.8472 -4.5227 -1.2146
v  -5.0064 -4.3975 -1.2653
v  -4.9885 -4.4658 -1.2618
v  -4.9584 -4.4928 -1.2594
v  -4.9241 -4.4713 -1.2586
v  -4.8948 -4.4069 -1.2597
v  -4.9422 -4.3120 -1.2786
v  -2.3851 0.0801 -1.0261
v  -2.2445 0.8586 -1.0136
v  -1.2798 2.4287 -1.9746
v  -1.3313 2.7103 -1.9511
v  -1.2305 2.6798 -1.9970
v  -1.3313 2.3913 -1.9511
v  -1.9541 3.2908 -1.0221
v  -1.5730 2.4789 -1.5777
v  -1.7711 2.3173 -1.2717
v  -1.8658 2.4783 -1.1271
v  -1.3750 2.3353 -1.8814
v  -1.2705 -0.8451 -1.9788
v  -1.3313 -0.7508 -1.9511
v  -1.2798 -0.7790 -1.9746
v  -1.3313 -0.8007 -1.9511
v  -1.2305 -0.7974 -1.9970
v  -1.8662 -0.7790 -1.1049
v  -1.8912 -1.1287 -1.0896
v  -1.4296 -1.4564 -1.7650
v  -1.7196 -1.2867 -1.3369
v  -1.5730 -0.8353 -1.5616
v  -1.4264 -0.6988 -1.7886
v  -1.3255 -1.3832 -1.9232
v  -1.7196 -0.6988 -1.3343
v  -1.4264 -0.6425 -1.7825
v  -1.7196 -0.6425 -1.3314
v  -1.5730 -0.7790 -1.5560
v  -1.3136 -2.4251 -1.8300
v  -1.0578 -3.3406 -1.8862
v  -1.3064 -3.3406 -1.7545
v  -1.1382 -2.3107 -1.9378
v  -1.0573 -1.4085 -1.9899
v  -0.9757 -1.3521 -1.9921
v  -0.7545 -3.3406 -1.9352
v  -0.4045 -1.7370 -1.9845
v  -1.8785 -1.4821 -1.1004
v  -1.9496 -1.6333 -1.1001
v  -1.9213 -1.6446 -1.1020
v  -2.7639 -0.2916 -1.0471
v  -2.5681 -2.4640 -1.0900
v  -2.1152 -3.3538 -1.0866
v  -2.4195 -0.6030 -1.0499
v  -2.5681 -1.7761 -1.0793
v  -2.4195 -1.6333 -1.0758
v  -1.9496 -0.2608 -1.0664
v  -2.0638 -2.8794 -1.0901
v  -1.8116 -3.3406 -1.1574
v  -1.8804 -2.8940 -1.1355
v  -1.9611 -2.7873 -1.1126
v  -1.8271 -2.9092 -1.1442
v  -1.7618 -2.8521 -1.2223
v  -1.6525 -2.6977 -1.3531
v  -1.6525 -1.8669 -1.3809
v  -1.3209 -1.5901 -1.9004
v  -2.0810 2.5630 -1.0136
v  -1.1397 -0.6889 -1.9971
v  -1.0573 2.7598 -1.9972
v  -1.1375 -1.6217 -1.9811
v  -1.2149 -1.3282 -1.9870
v  -1.1352 -1.2828 -1.9931
v  -1.1959 -1.5719 -1.9748
v  -1.2364 -1.5346 -1.9567
v  0.0000 2.5947 -1.9980
v  0.0000 -1.3675 -1.9980
v  -0.9757 2.5947 -1.9972
v  -0.3344 3.4654 -1.9277
v  -0.5107 3.5857 -1.6364
v  -0.3242 3.1366 -1.8608
v  -0.5364 3.9086 -1.7609
v  -0.1518 3.0242 -1.9699
v  -0.2658 3.1629 -1.9511
v  -0.9923 4.4210 -0.9201
v  -0.8737 3.9806 -0.9073
v  -1.1353 3.2651 -1.8092
v  -1.7311 3.7656 -1.0120
v  0.0000 3.3476 -1.9980
v  -0.1518 3.2522 -1.9699
v  0.0000 2.8498 -1.9980
v  -0.3242 4.6244 -1.8636
v  -0.2304 3.2040 -1.9213
v  -0.2320 4.6244 -1.9208
v  -0.5107 4.6244 -1.6438
v  -0.8737 4.6244 -0.8809
v  0.0000 9.3007 -1.1851
v  -0.1086 8.8694 -1.3783
v  -0.2112 8.8694 -1.2879
v  -0.2833 8.8694 -1.1666
v  -0.1585 9.1030 -1.1748
v  -0.3938 7.7300 -1.4371
v  -0.4390 8.4842 -1.1347
v  -0.3049 8.4842 -1.3329
v  -0.6393 7.7300 -1.0834
v  -0.2656 7.7300 -1.5435
v  -0.1518 8.4842 -1.4587
v  -0.1518 7.7300 -1.6082
v  0.0000 7.7300 -1.6311
v  0.0000 8.4842 -1.4816
v  -0.4542 6.7230 -1.5257
v  -0.7613 6.7230 -1.0219
v  -0.3060 6.7230 -1.6786
v  -0.1518 6.7230 -1.7322
v  0.0000 6.7230 -1.7614
v  -0.5036 5.6137 -1.5943
v  -0.8390 5.6137 -0.9467
v  -0.3242 5.6137 -1.7960
v  -0.1518 5.6137 -1.8688
v  0.0000 5.6137 -1.8964
v  -0.1518 4.7259 -1.9613
v  -0.2304 4.6592 -1.9182
v  0.0000 4.8555 -1.9742
v  0.0000 8.8694 -1.3950
v  -1.9375 3.6896 -1.0136
v  -0.1993 2.8336 -1.9978
v  -0.2807 2.7142 -1.9978
v  -0.5903 2.7653 -1.9975
v  -0.4252 2.8662 -1.9976
v  -0.7424 2.8662 -1.9974
v  -1.6997 -5.6355 -1.1993
v  -1.2627 -5.8012 -1.4633
v  -0.4513 -3.3406 -1.8862
v  -0.1777 -3.3406 -1.7442
v  0.0000 -3.3406 -1.6901
v  -0.9422 -6.1520 -1.6054
v  -0.7030 -5.8012 -1.6431
v  -0.4637 -6.1520 -1.6054
v  -0.1003 -5.8012 -1.4092
v  0.0000 -5.8012 -1.4092
v  -6.7470 -4.3412 -1.2692
v  -2.0780 -5.5747 -1.0672
v  -0.2724 -6.4977 -1.4401
v  -0.6718 -7.2723 -1.1973
v  -0.5678 -6.7122 -1.4401
v  -0.1003 -6.8435 -1.1973
v  -0.8070 -6.7122 -1.4391
v  -1.2627 -6.8435 -1.1973
v  -1.1024 -6.4977 -1.4391
v  0.0000 -6.8435 -1.1973
v  0.0000 -7.9121 -0.9365
v  -0.1003 -7.8575 -0.9365
v  -1.8100 -2.8292 -1.2159
v  -1.9046 -2.7366 -1.1811
v  -1.7924 -1.5561 -1.2162
v  -1.8356 -1.7181 -1.2162
v  -1.7219 -1.8029 -1.2940
v  -2.6868 -4.8302 -1.1542
v  -2.6317 -4.7527 -1.1413
v  -2.6231 -4.8294 -1.1371
v  -2.6552 -4.6965 -1.1455
v  -2.6875 -4.6760 -1.1485
v  -2.7198 -4.6966 -1.1496
v  -2.7435 -4.7529 -1.1483
v  -2.7522 -4.8297 -1.1452
v  -2.7436 -4.8826 -1.1421
v  -2.6318 -4.8824 -1.1350
v  -2.5455 -4.8274 -1.0938
v  -2.8347 -4.8280 -1.1120
v  -2.7924 -4.6560 -1.1184
v  -2.7370 -4.5301 -1.1206
v  -2.6902 -4.4839 -1.1195
v  -2.6435 -4.5298 -1.1139
v  -2.5882 -4.6556 -1.1040
v  -2.4829 -4.8243 -1.0346
v  -2.8431 -4.5290 -1.0629
v  -2.7433 -4.3120 -1.0687
v  -2.6934 -4.2620 -1.0690
v  -2.6435 -4.3117 -1.0646
v  -2.5441 -4.5283 -1.0506
v  -1.2627 -7.8575 -0.9365
v  1.5203 -6.4935 -1.1824
v  1.4287 -6.7968 -1.0955
v  1.4711 -6.3064 -1.1715
v  1.4979 -6.8030 -1.1482
v  1.5685 -6.3091 -1.1985
v  1.5522 -5.9821 -1.2003
v  1.6095 -6.2217 -1.2039
v  1.6016 -5.8873 -1.2056
v  1.6506 -6.3078 -1.1886
v  1.6512 -5.9805 -1.1657
v  1.6995 -6.4907 -1.1608
v  1.7334 -6.3023 -1.1173
v  1.7228 -6.7994 -1.1212
v  1.7773 -6.7912 -1.0536
v  1.7007 -7.2779 -1.0668
v  1.7353 -7.5043 -0.9736
v  1.6525 -7.5159 -1.0442
v  1.6542 -7.9142 -0.9346
v  1.6116 -7.6034 -1.0388
v  1.6049 -8.0090 -0.9293
v  1.5704 -7.5172 -1.0541
v  1.5552 -7.9158 -0.9465
v  1.5215 -7.2808 -1.0883
v  1.4729 -7.5084 -1.0052
v  1.5713 -6.6766 -1.1932
v  1.5647 -6.8065 -1.1785
v  1.5895 -6.5703 -1.2037
v  1.6145 -6.5312 -1.2053
v  1.6397 -6.5695 -1.1977
v  1.6583 -6.6752 -1.1828
v  1.6652 -6.8049 -1.1665
v  1.6589 -7.1039 -1.1315
v  1.6407 -7.2101 -1.1211
v  1.6157 -7.2493 -1.1195
v  1.5905 -7.2109 -1.1271
v  1.5719 -7.1053 -1.1420
v  1.6166 -6.8072 -1.1854
v  4.8122 -4.1169 -1.2285
v  4.7281 -4.2681 -1.1553
v  4.7490 -3.9724 -1.1699
v  4.8004 -4.2973 -1.2201
v  4.8616 -3.9630 -1.2367
v  4.8316 -3.7076 -1.1839
v  4.9095 -3.9042 -1.2412
v  4.8900 -3.6434 -1.1891
v  4.9668 -3.9541 -1.2420
v  4.9586 -3.6968 -1.1903
v  5.0419 -4.0974 -1.2400
v  5.0854 -3.9439 -1.1868
v  5.1565 -4.2888 -1.1776
v  5.0888 -4.2979 -1.2345
v  5.1300 -4.1229 -1.1780
v  4.8792 -4.2256 -1.2659
v  4.8784 -4.3121 -1.2624
v  4.8970 -4.1573 -1.2693
v  4.9614 -4.1518 -1.2726
v  4.9271 -4.1302 -1.2718
v  4.9907 -4.2162 -1.2715
v  5.0072 -4.3061 -1.2688
v  5.0770 -4.5033 -1.2261
v  4.8472 -4.5227 -1.2146
v  5.0064 -4.3975 -1.2653
v  4.9885 -4.4658 -1.2618
v  4.9584 -4.4928 -1.2594
v  4.9241 -4.4713 -1.2586
v  4.8948 -4.4069 -1.2597
v  4.9422 -4.3120 -1.2786
v  2.2445 0.8586 -1.0136
v  2.3851 0.0801 -1.0261
v  1.2305 2.6798 -1.9970
v  1.3313 2.3913 -1.9511
v  1.2798 2.4287 -1.9746
v  1.3313 2.7103 -1.9511
v  1.5730 2.4789 -1.5777
v  1.9541 3.2908 -1.0221
v  1.8658 2.4783 -1.1271
v  1.7711 2.3173 -1.2717
v  1.3750 2.3353 -1.8814
v  1.2798 -0.7790 -1.9746
v  1.3313 -0.8007 -1.9511
v  1.2705 -0.8451 -1.9788
v  1.3313 -0.7508 -1.9511
v  1.2305 -0.7974 -1.9970
v  1.8662 -0.7790 -1.1049
v  1.8912 -1.1287 -1.0896
v  1.5730 -0.8353 -1.5616
v  1.7196 -1.2867 -1.3369
v  1.4296 -1.4564 -1.7650
v  1.4264 -0.6988 -1.7886
v  1.3255 -1.3832 -1.9232
v  1.7196 -0.6988 -1.3343
v  1.4264 -0.6425 -1.7825
v  1.7196 -0.6425 -1.3314
v  1.5730 -0.7790 -1.5560
v  1.3064 -3.3406 -1.7545
v  1.1382 -2.3107 -1.9378
v  1.3136 -2.4251 -1.8300
v  1.0578 -3.3406 -1.8862
v  0.7545 -3.3406 -1.9352
v  0.9757 -1.3521 -1.9921
v  1.0573 -1.4085 -1.9899
v  0.4045 -1.7370 -1.9845
v  1.9496 -1.6333 -1.1001
v  1.8785 -1.4821 -1.1004
v  1.9213 -1.6446 -1.1020
v  2.7639 -0.2916 -1.0471
v  2.1152 -3.3538 -1.0866
v  2.5681 -2.4640 -1.0900
v  2.5681 -1.7761 -1.0793
v  2.4195 -0.6030 -1.0499
v  2.4195 -1.6333 -1.0758
v  1.9496 -0.2608 -1.0664
v  2.0638 -2.8794 -1.0901
v  1.8804 -2.8940 -1.1355
v  1.8116 -3.3406 -1.1574
v  1.9611 -2.7873 -1.1126
v  1.8271 -2.9092 -1.1442
v  1.7618 -2.8521 -1.2223
v  1.6525 -2.6977 -1.3531
v  1.6525 -1.8669 -1.3809
v  1.3209 -1.5901 -1.9004
v  2.0810 2.5630 -1.0136
v  1.0573 2.7598 -1.9972
v  1.1397 -0.6889 -1.9971
v  1.1375 -1.6217 -1.9811
v  1.2149 -1.3282 -1.9870
v  1.1959 -1.5719 -1.9748
v  1.1352 -1.2828 -1.9931
v  1.2364 -1.5346 -1.9567
v  0.9757 2.5947 -1.9972
v  0.3242 3.1366 -1.8608
v  0.5364 3.9086 -1.7609
v  0.3344 3.4654 -1.9277
v  0.5107 3.5857 -1.6364
v  0.2658 3.1629 -1.9511
v  0.1518 3.0242 -1.9699
v  0.8737 3.9806 -0.9073
v  0.9923 4.4210 -0.9201
v  1.1353 3.2651 -1.8092
v  1.7311 3.7656 -1.0120
v  0.1518 3.2522 -1.9699
v  0.2304 3.2040 -1.9213
v  0.3242 4.6244 -1.8636
v  0.5107 4.6244 -1.6438
v  0.8737 4.6244 -0.8809
v  0.2112 8.8694 -1.2879
v  0.1086 8.8694 -1.3783
v  0.1585 9.1030 -1.1748
v  0.2833 8.8694 -1.1666
v  0.3049 8.4842 -1.3329
v  0.6393 7.7300 -1.0834
v  0.3938 7.7300 -1.4371
v  0.4390 8.4842 -1.1347
v  0.1518 8.4842 -1.4587
v  0.2656 7.7300 -1.5435
v  0.1518 7.7300 -1.6082
v  0.7613 6.7230 -1.0219
v  0.4542 6.7230 -1.5257
v  0.3060 6.7230 -1.6786
v  0.1518 6.7230 -1.7322
v  0.8390 5.6137 -0.9467
v  0.5036 5.6137 -1.5943
v  0.3242 5.6137 -1.7960
v  0.1518 5.6137 -1.8688
v  1.9375 3.6896 -1.0136
v  0.1993 2.8336 -1.9978
v  0.2807 2.7142 -1.9978
v  0.4252 2.8662 -1.9976
v  0.5903 2.7653 -1.9975
v  0.7424 2.8662 -1.9974
v  1.2627 -5.8012 -1.4633
v  1.6997 -5.6355 -1.1993
v  0.4513 -3.3406 -1.8862
v  0.1777 -3.3406 -1.7442
v  0.9422 -6.1520 -1.6054
v  0.7030 -5.8012 -1.6431
v  0.4637 -6.1520 -1.6054
v  0.1003 -5.8012 -1.4092
v  6.7470 -4.3412 -1.2692
v  2.0780 -5.5747 -1.0672
v  0.5678 -6.7122 -1.4401
v  0.1003 -6.8435 -1.1973
v  0.2724 -6.4977 -1.4401
v  0.6718 -7.2723 -1.1973
v  0.8070 -6.7122 -1.4391
v  1.1024 -6.4977 -1.4391
v  1.2627 -6.8435 -1.1973
v  0.1003 -7.8575 -0.9365
v  1.8100 -2.8292 -1.2159
v  1.9046 -2.7366 -1.1811
v  1.8356 -1.7181 -1.2162
v  1.7924 -1.5561 -1.2162
v  1.7219 -1.8029 -1.2940
v  2.6231 -4.8294 -1.1371
v  2.6317 -4.7527 -1.1413
v  2.6868 -4.8302 -1.1542
v  2.6552 -4.6965 -1.1455
v  2.6875 -4.6760 -1.1485
v  2.7198 -4.6966 -1.1496
v  2.7435 -4.7529 -1.1483
v  2.7522 -4.8297 -1.1452
v  2.6318 -4.8824 -1.1350
v  2.5455 -4.8274 -1.0938
v  2.8347 -4.8280 -1.1120
v  2.7924 -4.6560 -1.1184
v  2.7370 -4.5301 -1.1206
v  2.6902 -4.4839 -1.1195
v  2.6435 -4.5298 -1.1139
v  2.5882 -4.6556 -1.1040
v  2.4829 -4.8243 -1.0346
v  2.8431 -4.5290 -1.0629
v  2.7433 -4.3120 -1.0687
v  2.6934 -4.2620 -1.0690
v  2.6435 -4.3117 -1.0646
v  2.5441 -4.5283 -1.0506
v  1.2627 -7.8575 -0.9365
v  0.0785 5.0902 0.0290
v  0.0000 5.0912 0.0657
v  0.0312 5.0508 0.0657
v  -0.0312 5.0508 0.0657
v  -0.0785 5.0902 0.0290
v  0.0000 5.0172 0.0657
v  0.0455 4.9763 0.0396
v  -0.0455 4.9763 0.0396
v  -0.0589 5.1880 -0.1490
v  -0.0589 5.2066 -0.1176
v  -0.0692 5.2413 -0.1356
v  -0.0658 5.2055 -0.1590
v  -0.0178 5.2077 -0.1557
v  -0.0631 5.2166 -0.1864
v  -0.0580 5.2175 -0.2073
v  -0.0199 5.2262 -0.1888
v  -0.0178 5.2264 -0.1211
v  -0.0236 5.2401 -0.1391
v  -0.0213 5.2636 -0.1878
v  -0.0257 5.2586 -0.1722
v  -0.0713 5.2598 -0.1686
v  -0.0620 5.2646 -0.2066
v  0.0462 5.2740 -0.3392
v  0.0054 5.2652 -0.3579
v  0.0094 5.2279 -0.3587
v  0.0475 5.2366 -0.3401
v  0.0000 5.1925 -0.1029
v  -0.0411 5.1727 -0.0993
v  -0.0411 5.1541 -0.1308
v  0.0000 5.1738 -0.1375
v  0.0575 4.9554 -0.0415
v  0.0785 4.9980 0.0355
v  0.0992 4.9950 -0.0365
v  0.0000 4.9381 -0.0464
v  0.0000 4.9711 0.0437
v  -0.0575 4.9554 -0.0415
v  -0.0992 4.9950 -0.0365
v  -0.0785 4.9980 0.0355
v  0.0575 5.1454 -0.0409
v  0.0000 5.1346 0.0375
v  0.0455 5.1246 0.0332
v  0.0000 5.1689 -0.0402
v  0.0992 5.1101 -0.0417
v  -0.0575 5.1454 -0.0409
v  -0.0455 5.1246 0.0332
v  -0.0992 5.1101 -0.0417
v  -0.0911 5.0921 -0.1123
v  -0.0411 5.1914 -0.0678
v  0.0000 5.1173 -0.1538
v  -0.0911 5.0453 0.0322
v  -0.1150 5.0551 -0.0391
v  -0.0911 4.9848 -0.1085
v  -0.1841 5.0739 -0.1714
v  0.0000 5.1955 -0.3475
v  -0.2248 5.1430 -0.3339
v  -0.2248 4.9515 -0.3203
v  0.0000 4.9490 -0.1349
v  -0.1841 4.9707 -0.1703
v  0.0000 4.9241 -0.3066
v  -0.2078 5.0223 -0.1612
v  -0.2537 5.0472 -0.3271
v  -0.0654 5.0508 -0.1381
v  0.0411 5.1541 -0.1308
v  0.0911 5.0921 -0.1123
v  0.0411 5.1914 -0.0678
v  0.0911 5.0453 0.0322
v  0.1150 5.0551 -0.0391
v  0.0911 4.9848 -0.1085
v  0.2248 5.1430 -0.3339
v  0.1841 5.0739 -0.1714
v  0.1841 4.9707 -0.1703
v  0.2248 4.9515 -0.3203
v  0.2078 5.0223 -0.1612
v  0.2537 5.0472 -0.3271
v  0.0654 5.0508 -0.1381
v  0.0000 5.2111 -0.0682
v  0.2416 4.5569 -0.0563
v  -0.3484 4.5637 -0.2897
v  0.3484 4.5637 -0.2897
v  -0.2416 4.5569 -0.0563
v  0.2127 4.6873 0.1428
v  -0.2127 4.6873 0.1428
v  0.2127 4.8125 0.1428
v  -0.2127 4.8125 0.1428
v  0.2416 4.8781 -0.0494
v  -0.2416 4.8781 -0.0494
v  0.3484 4.9467 -0.3446
v  -0.3484 4.9467 -0.3446
v  -0.1802 3.9037 0.0934
v  0.0000 3.7911 0.0896
v  0.1802 3.9037 0.0934
v  0.3659 3.9887 0.0145
v  -0.4939 4.0399 -0.1482
v  -0.3659 3.9887 0.0145
v  0.4939 4.0399 -0.1482
v  -0.6004 4.6244 -0.2706
v  0.6004 4.6244 -0.2706
v  0.4332 5.6137 -0.3644
v  0.6058 5.6137 -0.3825
v  -0.4332 5.6137 -0.3644
v  -0.6058 5.6137 -0.3825
v  0.2606 5.6827 -0.1106
v  -0.2606 5.6827 -0.1106
v  -0.2424 6.4715 -0.3866
v  -0.3278 6.4394 -0.4360
v  -0.2440 6.4208 -0.4360
v  0.0000 6.7230 -0.4332
v  -0.1570 6.5540 -0.3792
v  -0.4816 6.1019 -0.4271
v  0.1570 6.5540 -0.3792
v  0.2440 6.4208 -0.4360
v  0.3278 6.4394 -0.4360
v  0.2424 6.4715 -0.3866
v  0.4816 6.1019 -0.4271
v  0.9923 1.5223 -0.9201
v  1.7311 0.8669 -1.0120
v  1.1353 0.3664 -1.8092
v  0.5364 1.0099 -1.7609
v  0.1003 -5.8012 -0.7304
v  0.1003 -6.8435 -0.7304
v  0.1003 -5.8012 -1.3065
v  1.2627 -6.8435 -0.7304
v  1.2627 -5.8012 -1.3065
v  1.2627 -5.8012 -0.7304
v  0.6718 -7.2723 -0.7304
v  1.4279 -7.4672 -0.8705
v  1.4265 -6.6025 -0.7437
v  1.4639 -4.6004 -0.6772
v  1.5115 -3.5527 -0.7176
v  2.8932 -4.9059 1.9817
v  1.6757 -6.6400 -0.8386
v  1.6260 -6.5901 -0.7697
v  1.6438 -4.6485 -0.5822
v  1.6888 -4.5732 -0.7781
v  1.6479 -4.6109 -0.7036
v  -0.1003 -5.8012 -1.3065
v  -1.2627 -5.8012 -0.7304
v  -1.2627 -5.8012 -1.3065
v  -0.1003 -5.8012 -0.7304
v  1.2627 -5.8012 -0.5184
v  1.6925 -7.8103 -0.8760
v  2.3223 -3.7573 -0.8522
v  4.4671 -3.1097 -1.0349
v  2.1683 -0.7609 -0.8461
v  1.5115 -0.8388 -0.7176
v  0.1982 0.8586 -0.3800
v  0.0000 -0.8388 -0.5528
v  0.2260 -0.8388 -0.5292
v  0.0000 0.8586 -0.3800
v  0.4446 0.8586 -0.4033
v  0.5116 -0.8388 -0.4296
v  0.7136 0.8586 -0.4315
v  0.8812 -0.8388 -0.4315
v  1.0929 0.8586 -0.5317
v  1.2627 -0.8388 -0.5184
v  1.5400 0.8586 -0.7442
v  0.7274 2.5630 -0.4355
v  0.5352 2.5630 -0.3214
v  0.3964 2.5630 -0.1984
v  0.1953 2.5630 -0.1387
v  0.0000 2.5630 -0.1273
v  0.6004 3.7911 -0.3554
v  0.6880 3.7911 -0.5146
v  0.5185 3.7911 -0.1940
v  0.2259 8.8694 -1.0745
v  0.1208 8.8694 -1.0064
v  0.4634 6.7230 -0.5539
v  0.3429 6.7230 -0.5065
v  0.2825 6.8333 -0.5195
v  0.1953 6.9265 -0.5295
v  0.0902 6.9901 -0.5358
v  0.0000 6.9997 -0.5348
v  0.2377 8.4842 -0.9108
v  0.1953 7.7300 -0.7171
v  0.3773 7.7300 -0.7720
v  0.1127 8.4842 -0.8714
v  0.5052 7.7300 -0.8747
v  0.3254 8.4842 -0.9846
v  0.0000 7.7300 -0.7047
v  0.0000 8.4842 -0.8624
v  0.6192 6.7230 -0.7156
v  0.6944 5.6137 -0.5728
v  0.6976 4.6244 -0.4655
v  0.0000 8.8694 -0.9803
v  0.8797 3.7905 -0.6291
v  1.0799 3.7849 -0.7278
v  0.3659 3.7911 -0.0143
v  0.1802 3.7911 0.0730
v  0.9642 2.5630 -0.5451
v  1.3273 2.5630 -0.7084
v  0.2260 -3.5527 -0.5613
v  0.5116 -3.5527 -0.4296
v  0.0000 -3.5527 -0.5930
v  0.8812 -3.5527 -0.4315
v  1.2627 -3.5527 -0.5184
v  0.9422 -6.1520 -0.4315
v  0.7030 -5.8012 -0.4315
v  0.4637 -6.1520 -0.4296
v  0.1003 -5.8012 -0.5930
v  0.0000 -5.8012 -0.5930
v  2.1387 0.4542 -0.9068
v  0.5678 -6.7122 -0.5299
v  0.2724 -6.4977 -0.5299
v  1.1024 -6.4977 -0.5309
v  0.8070 -6.7122 -0.5309
v  0.0000 -6.8435 -0.7304
v  -1.7311 0.8669 -1.0120
v  -0.9923 1.5223 -0.9201
v  -0.5364 1.0099 -1.7609
v  -1.1353 0.3664 -1.8092
v  -0.1003 -6.8435 -0.7304
v  -0.1003 -5.8012 -0.5930
v  -1.2627 -6.8435 -0.7304
v  -0.6718 -7.2723 -0.7304
v  -0.2724 -6.4977 -0.5299
v  -0.4637 -6.1520 -0.4296
v  -0.7030 -5.8012 -0.4315
v  -0.9422 -6.1520 -0.4315
v  -0.8070 -6.7122 -0.5309
v  -0.5678 -6.7122 -0.5299
v  -1.2627 -5.8012 -0.5184
v  -1.1024 -6.4977 -0.5309
v  -2.1387 0.4542 -0.9068
v  -2.1683 -0.7609 -0.8461
v  -1.5115 -0.8388 -0.7176
v  -1.5400 0.8586 -0.7442
v  -0.2260 -3.5527 -0.5613
v  -0.5116 -3.5527 -0.4296
v  -0.8812 -3.5527 -0.4315
v  -1.2627 -3.5527 -0.5184
v  -1.4639 -4.6004 -0.6772
v  -1.5115 -3.5527 -0.7176
v  -1.2627 -0.8388 -0.5184
v  -0.8812 -0.8388 -0.4315
v  -0.5116 -0.8388 -0.4296
v  -0.2260 -0.8388 -0.5292
v  -1.3273 2.5630 -0.7084
v  -1.0929 0.8586 -0.5317
v  -0.7274 2.5630 -0.4355
v  -0.9642 2.5630 -0.5451
v  -1.0799 3.7849 -0.7278
v  -0.8797 3.7905 -0.6291
v  -0.6880 3.7911 -0.5146
v  -0.3659 3.7911 -0.0143
v  -0.5352 2.5630 -0.3214
v  -0.3964 2.5630 -0.1984
v  -0.5185 3.7911 -0.1940
v  -0.1802 3.7911 0.0730
v  -0.1953 2.5630 -0.1387
v  -0.6976 4.6244 -0.4655
v  -0.6004 3.7911 -0.3554
v  -0.1208 8.8694 -1.0064
v  -0.3254 8.4842 -0.9846
v  -0.2259 8.8694 -1.0745
v  -0.2377 8.4842 -0.9108
v  -0.1127 8.4842 -0.8714
v  -0.6944 5.6137 -0.5728
v  -0.6192 6.7230 -0.7156
v  -0.4634 6.7230 -0.5539
v  -0.0902 6.9901 -0.5358
v  -0.1953 7.7300 -0.7171
v  -0.1953 6.9265 -0.5295
v  -0.3773 7.7300 -0.7720
v  -0.5052 7.7300 -0.8747
v  -0.3429 6.7230 -0.5065
v  -0.2825 6.8333 -0.5195
v  -0.4446 0.8586 -0.4033
v  -0.1982 0.8586 -0.3800
v  -0.7136 0.8586 -0.4315
v  -1.6888 -4.5732 -0.7781
v  -4.4671 -3.1097 -1.0349
v  -2.3223 -3.7573 -0.8522
v  -1.6925 -7.8103 -0.8760
v  -1.4279 -7.4672 -0.8705
v  -1.6757 -6.6400 -0.8386
v  -1.4265 -6.6025 -0.7437
v  -2.8932 -4.9059 1.9817
v  -1.6260 -6.5901 -0.7697
v  -1.6438 -4.6485 -0.5822
v  -1.6479 -4.6109 -0.7036
v  -0.3589 5.7969 -0.0019
v  -0.4889 5.7172 -0.1656
v  0.0000 5.8637 0.0922
v  -0.1953 5.8465 0.0717
v  0.0000 5.6137 0.1831
v  -0.1953 5.6137 0.1638
v  -0.3745 5.6137 0.0625
v  -0.5005 5.6137 -0.1463
v  -0.3818 5.2839 0.1280
v  -0.5121 5.2839 -0.0807
v  -0.3891 4.9542 0.1490
v  -0.5236 4.9542 -0.0597
v  0.0000 5.2839 0.2487
v  -0.1953 5.2839 0.2294
v  0.0000 4.9542 0.2697
v  -0.1953 4.9542 0.2504
v  0.3589 5.7969 -0.0019
v  0.4889 5.7172 -0.1656
v  0.1953 5.8465 0.0717
v  0.1953 5.6137 0.1638
v  0.3745 5.6137 0.0625
v  0.5005 5.6137 -0.1463
v  0.5121 5.2839 -0.0807
v  0.3818 5.2839 0.1280
v  0.5236 4.9542 -0.0597
v  0.3891 4.9542 0.1490
v  0.1953 5.2839 0.2294
v  0.1953 4.9542 0.2504
v  -0.3964 4.6244 0.1255
v  -0.5352 4.6244 -0.0832
v  0.0000 4.6244 0.2462
v  -0.1953 4.6244 0.2269
v  0.5352 4.6244 -0.0832
v  0.3964 4.6244 0.1255
v  0.1953 4.6244 0.2269
v  2.8123 -8.5316 -1.0013
v  2.7835 -9.3007 -0.9365
v  4.4642 -8.8257 -1.0592
v  2.8123 -8.5316 -0.9151
v  2.4001 -5.5492 -0.9709
v  2.7645 -7.0241 -1.0779
v  4.4825 -7.5469 -1.0592
v  2.7645 -7.0241 -0.9058
v  2.8779 -5.9757 -0.9939
v  2.4001 -5.5139 -1.0221
v  4.5676 -5.4635 -1.1001
v  2.6375 -5.0329 -1.0896
v  2.6903 -5.0647 -1.0914
v  2.7430 -5.0331 -1.0963
v  2.8054 -4.9465 -1.1044
v  2.6306 -5.1782 -1.0354
v  2.6942 -5.2127 -1.0390
v  2.7579 -5.1785 -1.0426
v  2.8628 -5.0293 -1.0487
v  2.4001 -5.5139 -0.9197
v  2.6581 -4.8743 -1.0960
v  2.6161 -4.8391 -1.0360
v  2.6854 -4.9095 -1.1327
v  2.7231 -4.8974 -1.1335
v  2.7359 -4.8493 -1.1021
v  2.7436 -4.7982 -1.0433
v  -2.7645 -7.0241 -1.0779
v  -2.4001 -5.5492 -0.9709
v  -4.4825 -7.5469 -1.0592
v  -2.7645 -7.0241 -0.9058
v  -2.7835 -9.3007 -0.9365
v  -2.8123 -8.5316 -1.0013
v  -4.4642 -8.8257 -1.0592
v  -2.8123 -8.5316 -0.9151
v  -4.5676 -5.4635 -1.1001
v  -2.8628 -5.0293 -1.0487
v  -2.7579 -5.1785 -1.0426
v  -2.6306 -5.1782 -1.0354
v  -2.4001 -5.5139 -1.0221
v  -2.6942 -5.2127 -1.0390
v  -2.8779 -5.9757 -0.9939
v  -2.4001 -5.5139 -0.9197
v  -2.6161 -4.8391 -1.0360
v  -2.6581 -4.8743 -1.0960
v  -2.6854 -4.9095 -1.1327
v  -2.7231 -4.8974 -1.1335
v  -2.7359 -4.8493 -1.1021
v  -2.7436 -4.7982 -1.0433
v  -2.6375 -5.0329 -1.0896
v  -2.6903 -5.0647 -1.0914
v  -2.7430 -5.0331 -1.0963
v  -2.8054 -4.9465 -1.1044
v  5.0632 -4.9079 -1.1488
v  5.0048 -4.9721 -1.1436
v  4.9363 -4.9186 -1.1425
v  5.0070 -4.5659 -1.1588
v  4.9003 -4.6001 -1.1516
v  -5.0632 -4.9079 -1.1488
v  -5.0048 -4.9721 -1.1436
v  -4.9363 -4.9186 -1.1425
v  -5.0070 -4.5659 -1.1588
v  -4.9003 -4.6001 -1.1516
v  6.7490 -3.1001 -1.2264
v  -6.7490 -3.1001 -1.2264
v  -2.8932 -6.1977 1.9817
v  2.8932 -6.1977 1.9817
v  -2.8957 -5.4463 1.9861
v  2.8957 -5.4463 1.9861
v  0.1518 4.6244 -1.9704
v  0.0000 4.6244 -1.9980
v  -0.1518 4.6244 -1.9704
v  -2.0450 -2.6740 -1.0918
v  -1.7292 -2.5761 -1.3432
v  -1.7941 -2.8138 -1.2348
v  -1.8603 -2.6969 -1.2348
v  -1.6636 -2.6132 -1.3432
v  -1.7941 -2.4388 -1.3432
v  -1.9288 -2.5761 -1.2348
v  -2.0589 -2.3155 -1.0921
v  -1.9663 -1.8150 -1.0982
v  -1.8732 -1.8594 -1.2162
v  -1.9477 -2.3066 -1.2348
v  -1.8178 -2.3066 -1.3432
v  -1.7748 -1.9794 -1.3201
v  -1.6525 -2.2445 -1.3683
v  1.6525 -2.2445 -1.3683
v  1.7292 -2.5761 -1.3432
v  1.6636 -2.6132 -1.3432
v  1.7941 -2.8138 -1.2348
v  1.7941 -2.4388 -1.3432
v  1.8178 -2.3066 -1.3432
v  1.7748 -1.9794 -1.3201
v  1.9663 -1.8150 -1.0982
v  1.8732 -1.8594 -1.2162
v  1.9477 -2.3066 -1.2348
v  2.0589 -2.3155 -1.0921
v  2.0450 -2.6740 -1.0918
v  1.9288 -2.5761 -1.2348
v  1.8603 -2.6969 -1.2348
v  -0.0018 0.0018 -1.1814
v  -0.0018 0.0017 -1.1817
v  -0.0019 0.0017 -1.1817
v  -0.0019 0.0017 -1.1816
v  -0.0020 0.0017 -1.1816
v  -0.0021 0.0017 -1.1815
v  -0.0021 0.0017 -1.1814
v  -0.0021 0.0017 -1.1813
v  -0.0020 0.0017 -1.1813
v  -0.0020 0.0017 -1.1812
v  -0.0019 0.0017 -1.1812
v  -0.0019 0.0017 -1.1811
v  -0.0018 0.0017 -1.1811
v  -0.0017 0.0017 -1.1812
v  -0.0016 0.0017 -1.1812
v  -0.0016 0.0017 -1.1813
v  -0.0016 0.0017 -1.1814
v  -0.0015 0.0017 -1.1814
v  -0.0016 0.0017 -1.1815
v  -0.0016 0.0017 -1.1816
v  -0.0017 0.0017 -1.1816
v  -0.0017 0.0017 -1.1817
v  -0.0019 0.0017 -1.1819
v  -0.0018 0.0017 -1.1819
v  -0.0021 0.0017 -1.1819
v  -0.0020 0.0017 -1.1819
v  -0.0021 0.0017 -1.1818
v  -0.0023 0.0017 -1.1817
v  -0.0022 0.0017 -1.1817
v  -0.0023 0.0017 -1.1815
v  -0.0023 0.0017 -1.1816
v  -0.0023 0.0017 -1.1813
v  -0.0023 0.0017 -1.1811
v  -0.0023 0.0017 -1.1812
v  -0.0022 0.0017 -1.1810
v  -0.0020 0.0017 -1.1809
v  -0.0021 0.0017 -1.1809
v  -0.0019 0.0017 -1.1809
v  -0.0016 0.0017 -1.1809
v  -0.0017 0.0017 -1.1809
v  -0.0015 0.0017 -1.1810
v  -0.0015 0.0017 -1.1809
v  -0.0014 0.0017 -1.1811
v  -0.0014 0.0017 -1.1810
v  -0.0013 0.0017 -1.1813
v  -0.0013 0.0017 -1.1814
v  -0.0013 0.0017 -1.1815
v  -0.0013 0.0017 -1.1816
v  -0.0014 0.0017 -1.1817
v  -0.0015 0.0017 -1.1818
v  -0.0014 0.0017 -1.1818
v  -0.0017 0.0017 -1.1819
v  -0.0016 0.0017 -1.1819
v  -0.0019 0.0016 -1.1822
v  -0.0018 0.0016 -1.1822
v  -0.0021 0.0016 -1.1821
v  -0.0022 0.0016 -1.1821
v  -0.0023 0.0016 -1.1820
v  -0.0024 0.0016 -1.1820
v  -0.0022 0.0017 -1.1818
v  -0.0024 0.0016 -1.1819
v  -0.0025 0.0016 -1.1818
v  -0.0025 0.0016 -1.1817
v  -0.0026 0.0016 -1.1815
v  -0.0026 0.0016 -1.1814
v  -0.0023 0.0017 -1.1814
v  -0.0026 0.0016 -1.1813
v  -0.0025 0.0016 -1.1811
v  -0.0026 0.0016 -1.1812
v  -0.0025 0.0016 -1.1810
v  -0.0024 0.0016 -1.1809
v  -0.0022 0.0016 -1.1807
v  -0.0023 0.0016 -1.1808
v  -0.0021 0.0016 -1.1807
v  -0.0020 0.0016 -1.1806
v  -0.0018 0.0016 -1.1806
v  -0.0018 0.0017 -1.1809
v  -0.0019 0.0016 -1.1806
v  -0.0016 0.0016 -1.1806
v  -0.0015 0.0016 -1.1807
v  -0.0014 0.0016 -1.1807
v  -0.0013 0.0016 -1.1808
v  -0.0012 0.0016 -1.1809
v  -0.0012 0.0016 -1.1810
v  -0.0011 0.0016 -1.1811
v  -0.0013 0.0017 -1.1812
v  -0.0011 0.0016 -1.1812
v  -0.0010 0.0016 -1.1814
v  -0.0010 0.0016 -1.1813
v  -0.0011 0.0016 -1.1815
v  -0.0011 0.0016 -1.1817
v  -0.0011 0.0016 -1.1818
v  -0.0013 0.0016 -1.1820
v  -0.0012 0.0016 -1.1819
v  -0.0014 0.0016 -1.1820
v  -0.0015 0.0016 -1.1821
v  -0.0016 0.0016 -1.1821
v  -0.0017 0.0016 -1.1822
v  -0.0020 0.0014 -1.1824
v  -0.0018 0.0014 -1.1824
v  -0.0021 0.0014 -1.1824
v  -0.0023 0.0014 -1.1823
v  -0.0024 0.0014 -1.1822
v  -0.0025 0.0014 -1.1821
v  -0.0026 0.0014 -1.1820
v  -0.0027 0.0014 -1.1819
v  -0.0028 0.0014 -1.1817
v  -0.0028 0.0014 -1.1816
v  -0.0028 0.0014 -1.1814
v  -0.0028 0.0014 -1.1813
v  -0.0028 0.0014 -1.1811
v  -0.0027 0.0014 -1.1810
v  -0.0027 0.0014 -1.1809
v  -0.0026 0.0014 -1.1807
v  -0.0025 0.0014 -1.1806
v  -0.0023 0.0014 -1.1805
v  -0.0022 0.0014 -1.1805
v  -0.0020 0.0014 -1.1804
v  -0.0019 0.0014 -1.1804
v  -0.0017 0.0014 -1.1804
v  -0.0016 0.0014 -1.1804
v  -0.0014 0.0014 -1.1805
v  -0.0013 0.0014 -1.1805
v  -0.0012 0.0014 -1.1806
v  -0.0011 0.0014 -1.1807
v  -0.0010 0.0014 -1.1809
v  -0.0009 0.0014 -1.1810
v  -0.0008 0.0014 -1.1811
v  -0.0008 0.0014 -1.1813
v  -0.0008 0.0014 -1.1814
v  -0.0008 0.0014 -1.1816
v  -0.0009 0.0014 -1.1817
v  -0.0009 0.0014 -1.1819
v  -0.0010 0.0014 -1.1820
v  -0.0011 0.0014 -1.1821
v  -0.0012 0.0014 -1.1822
v  -0.0014 0.0014 -1.1823
v  -0.0015 0.0014 -1.1824
v  -0.0017 0.0014 -1.1824
v  -0.0020 0.0013 -1.1826
v  -0.0018 0.0013 -1.1826
v  -0.0022 0.0013 -1.1826
v  -0.0024 0.0013 -1.1825
v  -0.0025 0.0013 -1.1824
v  -0.0027 0.0013 -1.1823
v  -0.0028 0.0013 -1.1821
v  -0.0029 0.0013 -1.1820
v  -0.0030 0.0013 -1.1818
v  -0.0030 0.0013 -1.1816
v  -0.0030 0.0013 -1.1814
v  -0.0030 0.0013 -1.1813
v  -0.0030 0.0013 -1.1811
v  -0.0029 0.0013 -1.1809
v  -0.0028 0.0013 -1.1807
v  -0.0027 0.0013 -1.1806
v  -0.0026 0.0013 -1.1805
v  -0.0024 0.0013 -1.1804
v  -0.0023 0.0013 -1.1803
v  -0.0021 0.0013 -1.1802
v  -0.0019 0.0013 -1.1802
v  -0.0017 0.0013 -1.1802
v  -0.0015 0.0013 -1.1802
v  -0.0014 0.0013 -1.1803
v  -0.0012 0.0013 -1.1804
v  -0.0010 0.0013 -1.1805
v  -0.0009 0.0013 -1.1806
v  -0.0008 0.0013 -1.1807
v  -0.0007 0.0013 -1.1809
v  -0.0006 0.0013 -1.1811
v  -0.0006 0.0013 -1.1813
v  -0.0006 0.0013 -1.1814
v  -0.0006 0.0013 -1.1816
v  -0.0007 0.0013 -1.1818
v  -0.0007 0.0013 -1.1820
v  -0.0008 0.0013 -1.1821
v  -0.0010 0.0013 -1.1823
v  -0.0011 0.0013 -1.1824
v  -0.0013 0.0013 -1.1825
v  -0.0014 0.0013 -1.1826
v  -0.0016 0.0013 -1.1826
v  -0.0020 0.0011 -1.1828
v  -0.0018 0.0011 -1.1828
v  -0.0022 0.0011 -1.1827
v  -0.0024 0.0011 -1.1826
v  -0.0026 0.0011 -1.1825
v  -0.0028 0.0011 -1.1824
v  -0.0029 0.0011 -1.1822
v  -0.0030 0.0011 -1.1821
v  -0.0031 0.0011 -1.1819
v  -0.0032 0.0011 -1.1817
v  -0.0032 0.0011 -1.1815
v  -0.0032 0.0011 -1.1812
v  -0.0032 0.0011 -1.1810
v  -0.0031 0.0011 -1.1808
v  -0.0030 0.0011 -1.1806
v  -0.0029 0.0011 -1.1805
v  -0.0027 0.0011 -1.1803
v  -0.0025 0.0011 -1.1802
v  -0.0023 0.0011 -1.1801
v  -0.0021 0.0011 -1.1800
v  -0.0019 0.0011 -1.1800
v  -0.0017 0.0011 -1.1800
v  -0.0015 0.0011 -1.1800
v  -0.0013 0.0011 -1.1801
v  -0.0011 0.0011 -1.1802
v  -0.0009 0.0011 -1.1803
v  -0.0008 0.0011 -1.1805
v  -0.0006 0.0011 -1.1806
v  -0.0005 0.0011 -1.1808
v  -0.0005 0.0011 -1.1810
v  -0.0004 0.0011 -1.1812
v  -0.0004 0.0011 -1.1815
v  -0.0004 0.0011 -1.1817
v  -0.0005 0.0011 -1.1819
v  -0.0006 0.0011 -1.1821
v  -0.0007 0.0011 -1.1822
v  -0.0008 0.0011 -1.1824
v  -0.0010 0.0011 -1.1825
v  -0.0012 0.0011 -1.1826
v  -0.0014 0.0011 -1.1827
v  -0.0016 0.0011 -1.1828
v  -0.0021 0.0008 -1.1829
v  -0.0018 0.0008 -1.1829
v  -0.0023 0.0008 -1.1829
v  -0.0025 0.0008 -1.1828
v  -0.0027 0.0008 -1.1827
v  -0.0029 0.0008 -1.1825
v  -0.0030 0.0008 -1.1823
v  -0.0032 0.0008 -1.1821
v  -0.0033 0.0008 -1.1819
v  -0.0033 0.0008 -1.1817
v  -0.0034 0.0008 -1.1815
v  -0.0033 0.0008 -1.1812
v  -0.0033 0.0008 -1.1810
v  -0.0032 0.0008 -1.1808
v  -0.0031 0.0008 -1.1806
v  -0.0030 0.0008 -1.1804
v  -0.0028 0.0008 -1.1802
v  -0.0026 0.0008 -1.1801
v  -0.0024 0.0008 -1.1800
v  -0.0022 0.0008 -1.1799
v  -0.0019 0.0008 -1.1799
v  -0.0017 0.0008 -1.1799
v  -0.0015 0.0008 -1.1799
v  -0.0012 0.0008 -1.1800
v  -0.0010 0.0008 -1.1801
v  -0.0008 0.0008 -1.1802
v  -0.0007 0.0008 -1.1804
v  -0.0005 0.0008 -1.1806
v  -0.0004 0.0008 -1.1808
v  -0.0003 0.0008 -1.1810
v  -0.0003 0.0008 -1.1812
v  -0.0003 0.0008 -1.1815
v  -0.0003 0.0008 -1.1817
v  -0.0004 0.0008 -1.1819
v  -0.0005 0.0008 -1.1821
v  -0.0006 0.0008 -1.1823
v  -0.0007 0.0008 -1.1825
v  -0.0009 0.0008 -1.1827
v  -0.0011 0.0008 -1.1828
v  -0.0014 0.0008 -1.1829
v  -0.0016 0.0008 -1.1829
v  -0.0021 0.0006 -1.1830
v  -0.0018 0.0006 -1.1830
v  -0.0023 0.0006 -1.1830
v  -0.0025 0.0006 -1.1829
v  -0.0028 0.0006 -1.1827
v  -0.0030 0.0006 -1.1826
v  -0.0031 0.0006 -1.1824
v  -0.0033 0.0006 -1.1822
v  -0.0034 0.0006 -1.1820
v  -0.0034 0.0006 -1.1817
v  -0.0035 0.0006 -1.1815
v  -0.0035 0.0006 -1.1812
v  -0.0034 0.0006 -1.1810
v  -0.0033 0.0006 -1.1807
v  -0.0032 0.0006 -1.1805
v  -0.0030 0.0006 -1.1803
v  -0.0029 0.0006 -1.1801
v  -0.0027 0.0006 -1.1800
v  -0.0024 0.0006 -1.1799
v  -0.0022 0.0006 -1.1798
v  -0.0019 0.0006 -1.1798
v  -0.0017 0.0006 -1.1798
v  -0.0014 0.0006 -1.1798
v  -0.0012 0.0006 -1.1799
v  -0.0010 0.0006 -1.1800
v  -0.0008 0.0006 -1.1801
v  -0.0006 0.0006 -1.1803
v  -0.0004 0.0006 -1.1805
v  -0.0003 0.0006 -1.1807
v  -0.0002 0.0006 -1.1810
v  -0.0002 0.0006 -1.1812
v  -0.0002 0.0006 -1.1815
v  -0.0002 0.0006 -1.1817
v  -0.0003 0.0006 -1.1820
v  -0.0004 0.0006 -1.1822
v  -0.0005 0.0006 -1.1824
v  -0.0007 0.0006 -1.1826
v  -0.0009 0.0006 -1.1827
v  -0.0011 0.0006 -1.1829
v  -0.0013 0.0006 -1.1830
v  -0.0016 0.0006 -1.1830
v  -0.0021 0.0003 -1.1831
v  -0.0018 0.0003 -1.1831
v  -0.0023 0.0003 -1.1830
v  -0.0026 0.0003 -1.1829
v  -0.0028 0.0003 -1.1828
v  -0.0030 0.0003 -1.1826
v  -0.0032 0.0003 -1.1824
v  -0.0033 0.0003 -1.1822
v  -0.0034 0.0003 -1.1820
v  -0.0035 0.0003 -1.1817
v  -0.0035 0.0003 -1.1815
v  -0.0035 0.0003 -1.1812
v  -0.0035 0.0003 -1.1809
v  -0.0034 0.0003 -1.1807
v  -0.0033 0.0003 -1.1805
v  -0.0031 0.0003 -1.1803
v  -0.0029 0.0003 -1.1801
v  -0.0027 0.0003 -1.1799
v  -0.0025 0.0003 -1.1798
v  -0.0022 0.0003 -1.1797
v  -0.0019 0.0003 -1.1797
v  -0.0017 0.0003 -1.1797
v  -0.0014 0.0003 -1.1797
v  -0.0012 0.0003 -1.1798
v  -0.0009 0.0003 -1.1799
v  -0.0007 0.0003 -1.1801
v  -0.0005 0.0003 -1.1803
v  -0.0004 0.0003 -1.1805
v  -0.0002 0.0003 -1.1807
v  -0.0002 0.0003 -1.1809
v  -0.0001 0.0003 -1.1812
v  -0.0001 0.0003 -1.1815
v  -0.0001 0.0003 -1.1817
v  -0.0002 0.0003 -1.1820
v  -0.0003 0.0003 -1.1822
v  -0.0004 0.0003 -1.1824
v  -0.0006 0.0003 -1.1826
v  -0.0008 0.0003 -1.1828
v  -0.0011 0.0003 -1.1829
v  -0.0013 0.0003 -1.1830
v  -0.0016 0.0003 -1.1831
v  -0.0021 0.0001 -1.1831
v  -0.0018 0.0001 -1.1832
v  -0.0023 0.0001 -1.1831
v  -0.0026 0.0001 -1.1830
v  -0.0028 0.0001 -1.1828
v  -0.0030 0.0001 -1.1827
v  -0.0032 0.0001 -1.1825
v  -0.0034 0.0001 -1.1822
v  -0.0035 0.0001 -1.1820
v  -0.0035 0.0001 -1.1817
v  -0.0036 0.0001 -1.1815
v  -0.0036 0.0001 -1.1812
v  -0.0035 0.0001 -1.1809
v  -0.0034 0.0001 -1.1807
v  -0.0033 0.0001 -1.1804
v  -0.0031 0.0001 -1.1802
v  -0.0029 0.0001 -1.1800
v  -0.0027 0.0001 -1.1799
v  -0.0025 0.0001 -1.1798
v  -0.0022 0.0001 -1.1797
v  -0.0020 0.0001 -1.1797
v  -0.0017 0.0001 -1.1797
v  -0.0014 0.0001 -1.1797
v  -0.0012 0.0001 -1.1798
v  -0.0009 0.0001 -1.1799
v  -0.0007 0.0001 -1.1800
v  -0.0005 0.0001 -1.1802
v  -0.0003 0.0001 -1.1804
v  -0.0002 0.0001 -1.1807
v  -0.0001 0.0001 -1.1809
v  -0.0001 0.0001 -1.1812
v  -0.0001 0.0001 -1.1815
v  -0.0001 0.0001 -1.1817
v  -0.0002 0.0001 -1.1820
v  -0.0003 0.0001 -1.1822
v  -0.0004 0.0001 -1.1825
v  -0.0006 0.0001 -1.1827
v  -0.0008 0.0001 -1.1828
v  -0.0010 0.0001 -1.1830
v  -0.0013 0.0001 -1.1831
v  -0.0015 0.0001 -1.1831
v  -0.0021 -0.0002 -1.1831
v  -0.0018 -0.0002 -1.1831
v  -0.0023 -0.0002 -1.1831
v  -0.0026 -0.0002 -1.1830
v  -0.0028 -0.0002 -1.1828
v  -0.0030 -0.0002 -1.1827
v  -0.0032 -0.0002 -1.1825
v  -0.0033 -0.0002 -1.1822
v  -0.0035 -0.0002 -1.1820
v  -0.0035 -0.0002 -1.1817
v  -0.0036 -0.0002 -1.1815
v  -0.0035 -0.0002 -1.1812
v  -0.0035 -0.0002 -1.1809
v  -0.0034 -0.0002 -1.1807
v  -0.0033 -0.0002 -1.1805
v  -0.0031 -0.0002 -1.1802
v  -0.0029 -0.0002 -1.1801
v  -0.0027 -0.0002 -1.1799
v  -0.0025 -0.0002 -1.1798
v  -0.0022 -0.0002 -1.1797
v  -0.0019 -0.0002 -1.1797
v  -0.0017 -0.0002 -1.1797
v  -0.0014 -0.0002 -1.1797
v  -0.0012 -0.0002 -1.1798
v  -0.0009 -0.0002 -1.1799
v  -0.0007 -0.0002 -1.1801
v  -0.0005 -0.0002 -1.1802
v  -0.0004 -0.0002 -1.1805
v  -0.0002 -0.0002 -1.1807
v  -0.0001 -0.0002 -1.1809
v  -0.0001 -0.0002 -1.1812
v  -0.0001 -0.0002 -1.1815
v  -0.0001 -0.0002 -1.1817
v  -0.0002 -0.0002 -1.1820
v  -0.0003 -0.0002 -1.1822
v  -0.0004 -0.0002 -1.1825
v  -0.0006 -0.0002 -1.1827
v  -0.0008 -0.0002 -1.1828
v  -0.0010 -0.0002 -1.1830
v  -0.0013 -0.0002 -1.1831
v  -0.0016 -0.0002 -1.1831
v  -0.0021 -0.0005 -1.1831
v  -0.0018 -0.0005 -1.1831
v  -0.0023 -0.0005 -1.1830
v  -0.0026 -0.0005 -1.1829
v  -0.0028 -0.0005 -1.1828
v  -0.0030 -0.0005 -1.1826
v  -0.0032 -0.0005 -1.1824
v  -0.0033 -0.0005 -1.1822
v  -0.0034 -0.0005 -1.1820
v  -0.0035 -0.0005 -1.1817
v  -0.0035 -0.0005 -1.1815
v  -0.0035 -0.0005 -1.1812
v  -0.0034 -0.0005 -1.1810
v  -0.0034 -0.0005 -1.1807
v  -0.0032 -0.0005 -1.1805
v  -0.0031 -0.0005 -1.1803
v  -0.0029 -0.0005 -1.1801
v  -0.0027 -0.0005 -1.1799
v  -0.0024 -0.0005 -1.1798
v  -0.0022 -0.0005 -1.1798
v  -0.0019 -0.0005 -1.1797
v  -0.0017 -0.0005 -1.1797
v  -0.0014 -0.0005 -1.1798
v  -0.0012 -0.0005 -1.1798
v  -0.0010 -0.0005 -1.1799
v  -0.0007 -0.0005 -1.1801
v  -0.0006 -0.0005 -1.1803
v  -0.0004 -0.0005 -1.1805
v  -0.0003 -0.0005 -1.1807
v  -0.0002 -0.0005 -1.1810
v  -0.0001 -0.0005 -1.1812
v  -0.0001 -0.0005 -1.1815
v  -0.0002 -0.0005 -1.1817
v  -0.0002 -0.0005 -1.1820
v  -0.0003 -0.0005 -1.1822
v  -0.0005 -0.0005 -1.1824
v  -0.0006 -0.0005 -1.1826
v  -0.0008 -0.0005 -1.1828
v  -0.0011 -0.0005 -1.1829
v  -0.0013 -0.0005 -1.1830
v  -0.0016 -0.0005 -1.1831
v  -0.0021 -0.0007 -1.1830
v  -0.0018 -0.0007 -1.1830
v  -0.0023 -0.0007 -1.1829
v  -0.0025 -0.0007 -1.1828
v  -0.0027 -0.0007 -1.1827
v  -0.0029 -0.0007 -1.1826
v  -0.0031 -0.0007 -1.1824
v  -0.0032 -0.0007 -1.1822
v  -0.0033 -0.0007 -1.1819
v  -0.0034 -0.0007 -1.1817
v  -0.0034 -0.0007 -1.1815
v  -0.0034 -0.0007 -1.1812
v  -0.0034 -0.0007 -1.1810
v  -0.0033 -0.0007 -1.1807
v  -0.0032 -0.0007 -1.1805
v  -0.0030 -0.0007 -1.1803
v  -0.0028 -0.0007 -1.1802
v  -0.0026 -0.0007 -1.1800
v  -0.0024 -0.0007 -1.1799
v  -0.0022 -0.0007 -1.1798
v  -0.0019 -0.0007 -1.1798
v  -0.0017 -0.0007 -1.1798
v  -0.0015 -0.0007 -1.1798
v  -0.0012 -0.0007 -1.1799
v  -0.0010 -0.0007 -1.1800
v  -0.0008 -0.0007 -1.1802
v  -0.0006 -0.0007 -1.1803
v  -0.0005 -0.0007 -1.1805
v  -0.0004 -0.0007 -1.1807
v  -0.0003 -0.0007 -1.1810
v  -0.0002 -0.0007 -1.1812
v  -0.0002 -0.0007 -1.1815
v  -0.0002 -0.0007 -1.1817
v  -0.0003 -0.0007 -1.1819
v  -0.0004 -0.0007 -1.1822
v  -0.0005 -0.0007 -1.1824
v  -0.0007 -0.0007 -1.1826
v  -0.0009 -0.0007 -1.1827
v  -0.0011 -0.0007 -1.1828
v  -0.0013 -0.0007 -1.1829
v  -0.0016 -0.0007 -1.1830
v  -0.0020 -0.0010 -1.1829
v  -0.0018 -0.0010 -1.1829
v  -0.0023 -0.0010 -1.1828
v  -0.0025 -0.0010 -1.1827
v  -0.0027 -0.0010 -1.1826
v  -0.0028 -0.0010 -1.1825
v  -0.0030 -0.0010 -1.1823
v  -0.0031 -0.0010 -1.1821
v  -0.0032 -0.0010 -1.1819
v  -0.0033 -0.0010 -1.1817
v  -0.0033 -0.0010 -1.1815
v  -0.0033 -0.0010 -1.1812
v  -0.0032 -0.0010 -1.1810
v  -0.0032 -0.0010 -1.1808
v  -0.0031 -0.0010 -1.1806
v  -0.0029 -0.0010 -1.1804
v  -0.0028 -0.0010 -1.1803
v  -0.0026 -0.0010 -1.1801
v  -0.0024 -0.0010 -1.1800
v  -0.0022 -0.0010 -1.1800
v  -0.0019 -0.0010 -1.1799
v  -0.0017 -0.0010 -1.1799
v  -0.0015 -0.0010 -1.1800
v  -0.0013 -0.0010 -1.1800
v  -0.0011 -0.0010 -1.1801
v  -0.0009 -0.0010 -1.1803
v  -0.0007 -0.0010 -1.1804
v  -0.0006 -0.0010 -1.1806
v  -0.0005 -0.0010 -1.1808
v  -0.0004 -0.0010 -1.1810
v  -0.0004 -0.0010 -1.1812
v  -0.0003 -0.0010 -1.1815
v  -0.0004 -0.0010 -1.1817
v  -0.0004 -0.0010 -1.1819
v  -0.0005 -0.0010 -1.1821
v  -0.0006 -0.0010 -1.1823
v  -0.0008 -0.0010 -1.1825
v  -0.0010 -0.0010 -1.1826
v  -0.0012 -0.0010 -1.1827
v  -0.0014 -0.0010 -1.1828
v  -0.0016 -0.0010 -1.1829
v  -0.0020 -0.0012 -1.1827
v  -0.0018 -0.0012 -1.1827
v  -0.0022 -0.0012 -1.1826
v  -0.0024 -0.0012 -1.1826
v  -0.0026 -0.0012 -1.1825
v  -0.0027 -0.0012 -1.1823
v  -0.0029 -0.0012 -1.1822
v  -0.0030 -0.0012 -1.1820
v  -0.0030 -0.0012 -1.1818
v  -0.0031 -0.0012 -1.1816
v  -0.0031 -0.0012 -1.1814
v  -0.0031 -0.0012 -1.1812
v  -0.0031 -0.0012 -1.1811
v  -0.0030 -0.0012 -1.1809
v  -0.0029 -0.0012 -1.1807
v  -0.0028 -0.0012 -1.1805
v  -0.0026 -0.0012 -1.1804
v  -0.0025 -0.0012 -1.1803
v  -0.0023 -0.0012 -1.1802
v  -0.0021 -0.0012 -1.1801
v  -0.0019 -0.0012 -1.1801
v  -0.0017 -0.0012 -1.1801
v  -0.0015 -0.0012 -1.1801
v  -0.0013 -0.0012 -1.1802
v  -0.0011 -0.0012 -1.1803
v  -0.0010 -0.0012 -1.1804
v  -0.0008 -0.0012 -1.1805
v  -0.0007 -0.0012 -1.1807
v  -0.0006 -0.0012 -1.1809
v  -0.0006 -0.0012 -1.1811
v  -0.0005 -0.0012 -1.1812
v  -0.0005 -0.0012 -1.1814
v  -0.0005 -0.0012 -1.1816
v  -0.0006 -0.0012 -1.1818
v  -0.0007 -0.0012 -1.1820
v  -0.0008 -0.0012 -1.1822
v  -0.0009 -0.0012 -1.1823
v  -0.0011 -0.0012 -1.1825
v  -0.0012 -0.0012 -1.1826
v  -0.0014 -0.0012 -1.1826
v  -0.0016 -0.0012 -1.1827
v  -0.0020 -0.0014 -1.1825
v  -0.0018 -0.0014 -1.1825
v  -0.0022 -0.0014 -1.1825
v  -0.0023 -0.0014 -1.1824
v  -0.0025 -0.0014 -1.1823
v  -0.0026 -0.0014 -1.1822
v  -0.0027 -0.0014 -1.1821
v  -0.0028 -0.0014 -1.1819
v  -0.0029 -0.0014 -1.1818
v  -0.0029 -0.0014 -1.1816
v  -0.0029 -0.0014 -1.1814
v  -0.0029 -0.0014 -1.1813
v  -0.0029 -0.0014 -1.1811
v  -0.0028 -0.0014 -1.1809
v  -0.0028 -0.0014 -1.1808
v  -0.0026 -0.0014 -1.1807
v  -0.0025 -0.0014 -1.1805
v  -0.0024 -0.0014 -1.1804
v  -0.0022 -0.0014 -1.1804
v  -0.0021 -0.0014 -1.1803
v  -0.0019 -0.0014 -1.1803
v  -0.0017 -0.0014 -1.1803
v  -0.0016 -0.0014 -1.1803
v  -0.0014 -0.0014 -1.1804
v  -0.0012 -0.0014 -1.1804
v  -0.0011 -0.0014 -1.1805
v  -0.0010 -0.0014 -1.1807
v  -0.0009 -0.0014 -1.1808
v  -0.0008 -0.0014 -1.1809
v  -0.0007 -0.0014 -1.1811
v  -0.0007 -0.0014 -1.1813
v  -0.0007 -0.0014 -1.1814
v  -0.0007 -0.0014 -1.1816
v  -0.0008 -0.0014 -1.1818
v  -0.0008 -0.0014 -1.1819
v  -0.0009 -0.0014 -1.1821
v  -0.0010 -0.0014 -1.1822
v  -0.0012 -0.0014 -1.1823
v  -0.0013 -0.0014 -1.1824
v  -0.0015 -0.0014 -1.1825
v  -0.0016 -0.0014 -1.1825
v  -0.0020 -0.0015 -1.1823
v  -0.0018 -0.0015 -1.1823
v  -0.0021 -0.0015 -1.1823
v  -0.0022 -0.0015 -1.1822
v  -0.0023 -0.0015 -1.1821
v  -0.0024 -0.0015 -1.1820
v  -0.0025 -0.0015 -1.1819
v  -0.0026 -0.0015 -1.1818
v  -0.0027 -0.0015 -1.1817
v  -0.0027 -0.0015 -1.1816
v  -0.0027 -0.0015 -1.1814
v  -0.0027 -0.0015 -1.1813
v  -0.0027 -0.0015 -1.1812
v  -0.0026 -0.0015 -1.1810
v  -0.0026 -0.0015 -1.1809
v  -0.0025 -0.0015 -1.1808
v  -0.0024 -0.0015 -1.1807
v  -0.0023 -0.0015 -1.1806
v  -0.0022 -0.0015 -1.1806
v  -0.0020 -0.0015 -1.1805
v  -0.0019 -0.0015 -1.1805
v  -0.0017 -0.0015 -1.1805
v  -0.0016 -0.0015 -1.1805
v  -0.0015 -0.0015 -1.1806
v  -0.0014 -0.0015 -1.1806
v  -0.0012 -0.0015 -1.1807
v  -0.0011 -0.0015 -1.1808
v  -0.0011 -0.0015 -1.1809
v  -0.0010 -0.0015 -1.1810
v  -0.0010 -0.0015 -1.1812
v  -0.0009 -0.0015 -1.1813
v  -0.0009 -0.0015 -1.1814
v  -0.0009 -0.0015 -1.1816
v  -0.0010 -0.0015 -1.1817
v  -0.0010 -0.0015 -1.1818
v  -0.0011 -0.0015 -1.1819
v  -0.0012 -0.0015 -1.1820
v  -0.0013 -0.0015 -1.1821
v  -0.0014 -0.0015 -1.1822
v  -0.0015 -0.0015 -1.1823
v  -0.0017 -0.0015 -1.1823
v  -0.0019 -0.0016 -1.1820
v  -0.0018 -0.0016 -1.1821
v  -0.0020 -0.0016 -1.1820
v  -0.0021 -0.0016 -1.1820
v  -0.0022 -0.0016 -1.1819
v  -0.0023 -0.0016 -1.1819
v  -0.0023 -0.0016 -1.1818
v  -0.0024 -0.0016 -1.1817
v  -0.0024 -0.0016 -1.1816
v  -0.0025 -0.0016 -1.1815
v  -0.0025 -0.0016 -1.1814
v  -0.0025 -0.0016 -1.1813
v  -0.0024 -0.0016 -1.1812
v  -0.0024 -0.0016 -1.1811
v  -0.0024 -0.0016 -1.1810
v  -0.0023 -0.0016 -1.1810
v  -0.0022 -0.0016 -1.1809
v  -0.0022 -0.0016 -1.1808
v  -0.0021 -0.0016 -1.1808
v  -0.0020 -0.0016 -1.1808
v  -0.0019 -0.0016 -1.1807
v  -0.0018 -0.0016 -1.1807
v  -0.0017 -0.0016 -1.1808
v  -0.0016 -0.0016 -1.1808
v  -0.0015 -0.0016 -1.1808
v  -0.0014 -0.0016 -1.1809
v  -0.0013 -0.0016 -1.1810
v  -0.0012 -0.0016 -1.1811
v  -0.0012 -0.0016 -1.1812
v  -0.0012 -0.0016 -1.1813
v  -0.0012 -0.0016 -1.1814
v  -0.0012 -0.0016 -1.1815
v  -0.0012 -0.0016 -1.1816
v  -0.0012 -0.0016 -1.1817
v  -0.0013 -0.0016 -1.1818
v  -0.0014 -0.0016 -1.1819
v  -0.0015 -0.0016 -1.1820
v  -0.0016 -0.0016 -1.1820
v  -0.0017 -0.0016 -1.1820
v  -0.0019 -0.0017 -1.1818
v  -0.0018 -0.0017 -1.1818
v  -0.0020 -0.0017 -1.1818
v  -0.0020 -0.0017 -1.1817
v  -0.0021 -0.0017 -1.1817
v  -0.0021 -0.0017 -1.1816
v  -0.0022 -0.0017 -1.1816
v  -0.0022 -0.0017 -1.1815
v  -0.0022 -0.0017 -1.1814
v  -0.0022 -0.0017 -1.1813
v  -0.0022 -0.0017 -1.1812
v  -0.0021 -0.0017 -1.1811
v  -0.0020 -0.0017 -1.1811
v  -0.0020 -0.0017 -1.1810
v  -0.0019 -0.0017 -1.1810
v  -0.0018 -0.0017 -1.1810
v  -0.0017 -0.0017 -1.1810
v  -0.0016 -0.0017 -1.1811
v  -0.0015 -0.0017 -1.1811
v  -0.0015 -0.0017 -1.1812
v  -0.0014 -0.0017 -1.1813
v  -0.0014 -0.0017 -1.1814
v  -0.0014 -0.0017 -1.1815
v  -0.0015 -0.0017 -1.1816
v  -0.0015 -0.0017 -1.1817
v  -0.0016 -0.0017 -1.1818
v  -0.0016 -0.0017 -1.1817
v  -0.0017 -0.0017 -1.1818
v  -0.0018 -0.0018 -1.1814
v  0.0041 0.0076 -1.1870
v  0.0041 0.0074 -1.1885
v  0.0038 0.0074 -1.1885
v  0.0035 0.0074 -1.1884
v  0.0033 0.0074 -1.1882
v  0.0030 0.0074 -1.1881
v  0.0029 0.0074 -1.1878
v  0.0027 0.0074 -1.1876
v  0.0026 0.0074 -1.1873
v  0.0026 0.0074 -1.1870
v  0.0026 0.0074 -1.1867
v  0.0027 0.0074 -1.1865
v  0.0029 0.0074 -1.1862
v  0.0030 0.0074 -1.1860
v  0.0033 0.0074 -1.1858
v  0.0035 0.0074 -1.1857
v  0.0038 0.0074 -1.1856
v  0.0041 0.0074 -1.1855
v  0.0044 0.0074 -1.1856
v  0.0046 0.0074 -1.1857
v  0.0049 0.0074 -1.1858
v  0.0051 0.0074 -1.1860
v  0.0053 0.0074 -1.1862
v  0.0054 0.0074 -1.1865
v  0.0055 0.0074 -1.1867
v  0.0056 0.0074 -1.1870
v  0.0055 0.0074 -1.1873
v  0.0054 0.0074 -1.1876
v  0.0053 0.0074 -1.1878
v  0.0051 0.0074 -1.1881
v  0.0049 0.0074 -1.1882
v  0.0046 0.0074 -1.1884
v  0.0044 0.0074 -1.1885
v  0.0035 0.0070 -1.1899
v  0.0041 0.0070 -1.1899
v  0.0030 0.0070 -1.1897
v  0.0025 0.0070 -1.1894
v  0.0020 0.0070 -1.1891
v  0.0017 0.0070 -1.1886
v  0.0014 0.0070 -1.1881
v  0.0012 0.0070 -1.1876
v  0.0012 0.0070 -1.1870
v  0.0012 0.0070 -1.1865
v  0.0014 0.0070 -1.1859
v  0.0017 0.0070 -1.1854
v  0.0020 0.0070 -1.1850
v  0.0025 0.0070 -1.1846
v  0.0030 0.0070 -1.1843
v  0.0035 0.0070 -1.1842
v  0.0041 0.0070 -1.1841
v  0.0046 0.0070 -1.1842
v  0.0052 0.0070 -1.1843
v  0.0057 0.0070 -1.1846
v  0.0061 0.0070 -1.1850
v  0.0065 0.0070 -1.1854
v  0.0068 0.0070 -1.1859
v  0.0069 0.0070 -1.1865
v  0.0070 0.0070 -1.1870
v  0.0069 0.0070 -1.1876
v  0.0068 0.0070 -1.1881
v  0.0065 0.0070 -1.1886
v  0.0061 0.0070 -1.1891
v  0.0057 0.0070 -1.1894
v  0.0052 0.0070 -1.1897
v  0.0046 0.0070 -1.1899
v  0.0033 0.0063 -1.1911
v  0.0041 0.0063 -1.1912
v  0.0025 0.0063 -1.1909
v  0.0017 0.0063 -1.1905
v  0.0011 0.0063 -1.1900
v  0.0006 0.0063 -1.1894
v  0.0002 0.0063 -1.1886
v  -0.0000 0.0063 -1.1878
v  -0.0001 0.0063 -1.1870
v  -0.0000 0.0063 -1.1862
v  0.0002 0.0063 -1.1854
v  0.0006 0.0063 -1.1847
v  0.0011 0.0063 -1.1840
v  0.0017 0.0063 -1.1835
v  0.0025 0.0063 -1.1831
v  0.0033 0.0063 -1.1829
v  0.0041 0.0063 -1.1828
v  0.0049 0.0063 -1.1829
v  0.0057 0.0063 -1.1831
v  0.0064 0.0063 -1.1835
v  0.0071 0.0063 -1.1840
v  0.0076 0.0063 -1.1847
v  0.0080 0.0063 -1.1854
v  0.0082 0.0063 -1.1862
v  0.0083 0.0063 -1.1870
v  0.0082 0.0063 -1.1878
v  0.0080 0.0063 -1.1886
v  0.0076 0.0063 -1.1894
v  0.0071 0.0063 -1.1900
v  0.0064 0.0063 -1.1905
v  0.0057 0.0063 -1.1909
v  0.0049 0.0063 -1.1911
v  0.0030 0.0054 -1.1923
v  0.0041 0.0054 -1.1924
v  0.0020 0.0054 -1.1920
v  0.0011 0.0054 -1.1915
v  0.0003 0.0054 -1.1908
v  -0.0004 0.0054 -1.1900
v  -0.0009 0.0054 -1.1891
v  -0.0012 0.0054 -1.1881
v  -0.0013 0.0054 -1.1870
v  -0.0012 0.0054 -1.1860
v  -0.0009 0.0054 -1.1850
v  -0.0004 0.0054 -1.1840
v  0.0003 0.0054 -1.1832
v  0.0011 0.0054 -1.1826
v  0.0020 0.0054 -1.1821
v  0.0030 0.0054 -1.1818
v  0.0041 0.0054 -1.1817
v  0.0051 0.0054 -1.1818
v  0.0061 0.0054 -1.1821
v  0.0071 0.0054 -1.1826
v  0.0079 0.0054 -1.1832
v  0.0085 0.0054 -1.1840
v  0.0090 0.0054 -1.1850
v  0.0093 0.0054 -1.1860
v  0.0094 0.0054 -1.1870
v  0.0093 0.0054 -1.1881
v  0.0090 0.0054 -1.1891
v  0.0085 0.0054 -1.1900
v  0.0079 0.0054 -1.1908
v  0.0071 0.0054 -1.1915
v  0.0061 0.0054 -1.1920
v  0.0051 0.0054 -1.1923
v  0.0029 0.0042 -1.1932
v  0.0041 0.0042 -1.1933
v  0.0017 0.0042 -1.1928
v  0.0006 0.0042 -1.1923
v  -0.0004 0.0042 -1.1915
v  -0.0011 0.0042 -1.1905
v  -0.0017 0.0042 -1.1894
v  -0.0021 0.0042 -1.1882
v  -0.0022 0.0042 -1.1870
v  -0.0021 0.0042 -1.1858
v  -0.0017 0.0042 -1.1846
v  -0.0011 0.0042 -1.1835
v  -0.0004 0.0042 -1.1826
v  0.0006 0.0042 -1.1818
v  0.0017 0.0042 -1.1812
v  0.0029 0.0042 -1.1808
v  0.0041 0.0042 -1.1807
v  0.0053 0.0042 -1.1808
v  0.0065 0.0042 -1.1812
v  0.0076 0.0042 -1.1818
v  0.0085 0.0042 -1.1826
v  0.0093 0.0042 -1.1835
v  0.0099 0.0042 -1.1846
v  0.0103 0.0042 -1.1858
v  0.0104 0.0042 -1.1870
v  0.0103 0.0042 -1.1882
v  0.0099 0.0042 -1.1894
v  0.0093 0.0042 -1.1905
v  0.0085 0.0042 -1.1915
v  0.0076 0.0042 -1.1923
v  0.0065 0.0042 -1.1928
v  0.0053 0.0042 -1.1932
v  0.0027 0.0029 -1.1939
v  0.0041 0.0029 -1.1940
v  0.0014 0.0029 -1.1935
v  0.0002 0.0029 -1.1928
v  -0.0009 0.0029 -1.1920
v  -0.0017 0.0029 -1.1909
v  -0.0024 0.0029 -1.1897
v  -0.0028 0.0029 -1.1884
v  -0.0029 0.0029 -1.1870
v  -0.0028 0.0029 -1.1857
v  -0.0024 0.0029 -1.1843
v  -0.0017 0.0029 -1.1831
v  -0.0009 0.0029 -1.1821
v  0.0002 0.0029 -1.1812
v  0.0014 0.0029 -1.1806
v  0.0027 0.0029 -1.1802
v  0.0041 0.0029 -1.1800
v  0.0054 0.0029 -1.1802
v  0.0068 0.0029 -1.1806
v  0.0080 0.0029 -1.1812
v  0.0090 0.0029 -1.1821
v  0.0099 0.0029 -1.1831
v  0.0105 0.0029 -1.1843
v  0.0109 0.0029 -1.1857
v  0.0111 0.0029 -1.1870
v  0.0109 0.0029 -1.1884
v  0.0105 0.0029 -1.1897
v  0.0099 0.0029 -1.1909
v  0.0090 0.0029 -1.1920
v  0.0080 0.0029 -1.1928
v  0.0068 0.0029 -1.1935
v  0.0054 0.0029 -1.1939
v  0.0026 0.0015 -1.1943
v  0.0041 0.0015 -1.1944
v  0.0012 0.0015 -1.1939
v  -0.0000 0.0015 -1.1932
v  -0.0012 0.0015 -1.1923
v  -0.0021 0.0015 -1.1911
v  -0.0028 0.0015 -1.1899
v  -0.0032 0.0015 -1.1885
v  -0.0033 0.0015 -1.1870
v  -0.0032 0.0015 -1.1856
v  -0.0028 0.0015 -1.1842
v  -0.0021 0.0015 -1.1829
v  -0.0012 0.0015 -1.1818
v  -0.0000 0.0015 -1.1808
v  0.0012 0.0015 -1.1802
v  0.0026 0.0015 -1.1797
v  0.0041 0.0015 -1.1796
v  0.0055 0.0015 -1.1797
v  0.0069 0.0015 -1.1802
v  0.0082 0.0015 -1.1808
v  0.0093 0.0015 -1.1818
v  0.0103 0.0015 -1.1829
v  0.0109 0.0015 -1.1842
v  0.0114 0.0015 -1.1856
v  0.0115 0.0015 -1.1870
v  0.0114 0.0015 -1.1885
v  0.0109 0.0015 -1.1899
v  0.0103 0.0015 -1.1911
v  0.0093 0.0015 -1.1923
v  0.0082 0.0015 -1.1932
v  0.0069 0.0015 -1.1939
v  0.0055 0.0015 -1.1943
v  0.0026 0.0000 -1.1944
v  0.0041 0.0000 -1.1946
v  0.0012 0.0000 -1.1940
v  -0.0001 0.0000 -1.1933
v  -0.0013 0.0000 -1.1924
v  -0.0022 0.0000 -1.1912
v  -0.0029 0.0000 -1.1899
v  -0.0033 0.0000 -1.1885
v  -0.0035 0.0000 -1.1870
v  -0.0033 0.0000 -1.1855
v  -0.0029 0.0000 -1.1841
v  -0.0022 0.0000 -1.1828
v  -0.0013 0.0000 -1.1817
v  -0.0001 0.0000 -1.1807
v  0.0012 0.0000 -1.1800
v  0.0026 0.0000 -1.1796
v  0.0041 0.0000 -1.1795
v  0.0056 0.0000 -1.1796
v  0.0070 0.0000 -1.1800
v  0.0083 0.0000 -1.1807
v  0.0094 0.0000 -1.1817
v  0.0104 0.0000 -1.1828
v  0.0111 0.0000 -1.1841
v  0.0115 0.0000 -1.1855
v  0.0117 0.0000 -1.1870
v  0.0115 0.0000 -1.1885
v  0.0111 0.0000 -1.1899
v  0.0104 0.0000 -1.1912
v  0.0094 0.0000 -1.1924
v  0.0083 0.0000 -1.1933
v  0.0070 0.0000 -1.1940
v  0.0056 0.0000 -1.1944
v  0.0026 -0.0015 -1.1943
v  0.0041 -0.0015 -1.1944
v  0.0012 -0.0015 -1.1939
v  -0.0000 -0.0015 -1.1932
v  -0.0012 -0.0015 -1.1923
v  -0.0021 -0.0015 -1.1911
v  -0.0028 -0.0015 -1.1899
v  -0.0032 -0.0015 -1.1885
v  -0.0033 -0.0015 -1.1870
v  -0.0032 -0.0015 -1.1856
v  -0.0028 -0.0015 -1.1842
v  -0.0021 -0.0015 -1.1829
v  -0.0012 -0.0015 -1.1818
v  -0.0000 -0.0015 -1.1808
v  0.0012 -0.0015 -1.1802
v  0.0026 -0.0015 -1.1797
v  0.0041 -0.0015 -1.1796
v  0.0055 -0.0015 -1.1797
v  0.0069 -0.0015 -1.1802
v  0.0082 -0.0015 -1.1808
v  0.0093 -0.0015 -1.1818
v  0.0103 -0.0015 -1.1829
v  0.0109 -0.0015 -1.1842
v  0.0114 -0.0015 -1.1856
v  0.0115 -0.0015 -1.1870
v  0.0114 -0.0015 -1.1885
v  0.0109 -0.0015 -1.1899
v  0.0103 -0.0015 -1.1911
v  0.0093 -0.0015 -1.1923
v  0.0082 -0.0015 -1.1932
v  0.0069 -0.0015 -1.1939
v  0.0055 -0.0015 -1.1943
v  0.0027 -0.0029 -1.1939
v  0.0041 -0.0029 -1.1940
v  0.0014 -0.0029 -1.1935
v  0.0002 -0.0029 -1.1928
v  -0.0009 -0.0029 -1.1920
v  -0.0017 -0.0029 -1.1909
v  -0.0024 -0.0029 -1.1897
v  -0.0028 -0.0029 -1.1884
v  -0.0029 -0.0029 -1.1870
v  -0.0028 -0.0029 -1.1857
v  -0.0024 -0.0029 -1.1843
v  -0.0017 -0.0029 -1.1831
v  -0.0009 -0.0029 -1.1821
v  0.0002 -0.0029 -1.1812
v  0.0014 -0.0029 -1.1806
v  0.0027 -0.0029 -1.1802
v  0.0041 -0.0029 -1.1800
v  0.0054 -0.0029 -1.1802
v  0.0068 -0.0029 -1.1806
v  0.0080 -0.0029 -1.1812
v  0.0090 -0.0029 -1.1821
v  0.0099 -0.0029 -1.1831
v  0.0105 -0.0029 -1.1843
v  0.0109 -0.0029 -1.1857
v  0.0111 -0.0029 -1.1870
v  0.0109 -0.0029 -1.1884
v  0.0105 -0.0029 -1.1897
v  0.0099 -0.0029 -1.1909
v  0.0090 -0.0029 -1.1920
v  0.0080 -0.0029 -1.1928
v  0.0068 -0.0029 -1.1935
v  0.0054 -0.0029 -1.1939
v  0.0029 -0.0042 -1.1932
v  0.0041 -0.0042 -1.1933
v  0.0017 -0.0042 -1.1928
v  0.0006 -0.0042 -1.1923
v  -0.0004 -0.0042 -1.1915
v  -0.0011 -0.0042 -1.1905
v  -0.0017 -0.0042 -1.1894
v  -0.0021 -0.0042 -1.1882
v  -0.0022 -0.0042 -1.1870
v  -0.0021 -0.0042 -1.1858
v  -0.0017 -0.0042 -1.1846
v  -0.0011 -0.0042 -1.1835
v  -0.0004 -0.0042 -1.1826
v  0.0006 -0.0042 -1.1818
v  0.0017 -0.0042 -1.1812
v  0.0029 -0.0042 -1.1808
v  0.0041 -0.0042 -1.1807
v  0.0053 -0.0042 -1.1808
v  0.0065 -0.0042 -1.1812
v  0.0076 -0.0042 -1.1818
v  0.0085 -0.0042 -1.1826
v  0.0093 -0.0042 -1.1835
v  0.0099 -0.0042 -1.1846
v  0.0103 -0.0042 -1.1858
v  0.0104 -0.0042 -1.1870
v  0.0103 -0.0042 -1.1882
v  0.0099 -0.0042 -1.1894
v  0.0093 -0.0042 -1.1905
v  0.0085 -0.0042 -1.1915
v  0.0076 -0.0042 -1.1923
v  0.0065 -0.0042 -1.1928
v  0.0053 -0.0042 -1.1932
v  0.0030 -0.0054 -1.1923
v  0.0041 -0.0054 -1.1924
v  0.0020 -0.0054 -1.1920
v  0.0011 -0.0054 -1.1915
v  0.0003 -0.0054 -1.1908
v  -0.0004 -0.0054 -1.1900
v  -0.0009 -0.0054 -1.1891
v  -0.0012 -0.0054 -1.1881
v  -0.0013 -0.0054 -1.1870
v  -0.0012 -0.0054 -1.1860
v  -0.0009 -0.0054 -1.1850
v  -0.0004 -0.0054 -1.1840
v  0.0003 -0.0054 -1.1832
v  0.0011 -0.0054 -1.1826
v  0.0020 -0.0054 -1.1821
v  0.0030 -0.0054 -1.1818
v  0.0041 -0.0054 -1.1817
v  0.0051 -0.0054 -1.1818
v  0.0061 -0.0054 -1.1821
v  0.0071 -0.0054 -1.1826
v  0.0079 -0.0054 -1.1832
v  0.0085 -0.0054 -1.1840
v  0.0090 -0.0054 -1.1850
v  0.0093 -0.0054 -1.1860
v  0.0094 -0.0054 -1.1870
v  0.0093 -0.0054 -1.1881
v  0.0090 -0.0054 -1.1891
v  0.0085 -0.0054 -1.1900
v  0.0079 -0.0054 -1.1908
v  0.0071 -0.0054 -1.1915
v  0.0061 -0.0054 -1.1920
v  0.0051 -0.0054 -1.1923
v  0.0033 -0.0063 -1.1911
v  0.0041 -0.0063 -1.1912
v  0.0025 -0.0063 -1.1909
v  0.0017 -0.0063 -1.1905
v  0.0011 -0.0063 -1.1900
v  0.0006 -0.0063 -1.1894
v  0.0002 -0.0063 -1.1886
v  -0.0000 -0.0063 -1.1878
v  -0.0001 -0.0063 -1.1870
v  -0.0000 -0.0063 -1.1862
v  0.0002 -0.0063 -1.1854
v  0.0006 -0.0063 -1.1847
v  0.0011 -0.0063 -1.1840
v  0.0017 -0.0063 -1.1835
v  0.0025 -0.0063 -1.1831
v  0.0033 -0.0063 -1.1829
v  0.0041 -0.0063 -1.1828
v  0.0049 -0.0063 -1.1829
v  0.0057 -0.0063 -1.1831
v  0.0064 -0.0063 -1.1835
v  0.0071 -0.0063 -1.1840
v  0.0076 -0.0063 -1.1847
v  0.0080 -0.0063 -1.1854
v  0.0082 -0.0063 -1.1862
v  0.0083 -0.0063 -1.1870
v  0.0082 -0.0063 -1.1878
v  0.0080 -0.0063 -1.1886
v  0.0076 -0.0063 -1.1894
v  0.0071 -0.0063 -1.1900
v  0.0064 -0.0063 -1.1905
v  0.0057 -0.0063 -1.1909
v  0.0049 -0.0063 -1.1911
v  0.0035 -0.0070 -1.1899
v  0.0041 -0.0070 -1.1899
v  0.0030 -0.0070 -1.1897
v  0.0025 -0.0070 -1.1894
v  0.0020 -0.0070 -1.1891
v  0.0017 -0.0070 -1.1886
v  0.0014 -0.0070 -1.1881
v  0.0012 -0.0070 -1.1876
v  0.0012 -0.0070 -1.1870
v  0.0012 -0.0070 -1.1865
v  0.0014 -0.0070 -1.1859
v  0.0017 -0.0070 -1.1854
v  0.0020 -0.0070 -1.1850
v  0.0025 -0.0070 -1.1846
v  0.0030 -0.0070 -1.1843
v  0.0035 -0.0070 -1.1842
v  0.0041 -0.0070 -1.1841
v  0.0046 -0.0070 -1.1842
v  0.0052 -0.0070 -1.1843
v  0.0057 -0.0070 -1.1846
v  0.0061 -0.0070 -1.1850
v  0.0065 -0.0070 -1.1854
v  0.0068 -0.0070 -1.1859
v  0.0069 -0.0070 -1.1865
v  0.0070 -0.0070 -1.1870
v  0.0069 -0.0070 -1.1876
v  0.0068 -0.0070 -1.1881
v  0.0065 -0.0070 -1.1886
v  0.0061 -0.0070 -1.1891
v  0.0057 -0.0070 -1.1894
v  0.0052 -0.0070 -1.1897
v  0.0046 -0.0070 -1.1899
v  0.0038 -0.0074 -1.1885
v  0.0041 -0.0074 -1.1885
v  0.0035 -0.0074 -1.1884
v  0.0033 -0.0074 -1.1882
v  0.0030 -0.0074 -1.1881
v  0.0029 -0.0074 -1.1878
v  0.0027 -0.0074 -1.1876
v  0.0026 -0.0074 -1.1873
v  0.0026 -0.0074 -1.1870
v  0.0026 -0.0074 -1.1867
v  0.0027 -0.0074 -1.1865
v  0.0029 -0.0074 -1.1862
v  0.0030 -0.0074 -1.1860
v  0.0033 -0.0074 -1.1858
v  0.0035 -0.0074 -1.1857
v  0.0038 -0.0074 -1.1856
v  0.0041 -0.0074 -1.1855
v  0.0044 -0.0074 -1.1856
v  0.0046 -0.0074 -1.1857
v  0.0049 -0.0074 -1.1858
v  0.0051 -0.0074 -1.1860
v  0.0053 -0.0074 -1.1862
v  0.0054 -0.0074 -1.1865
v  0.0055 -0.0074 -1.1867
v  0.0056 -0.0074 -1.1870
v  0.0055 -0.0074 -1.1873
v  0.0054 -0.0074 -1.1876
v  0.0053 -0.0074 -1.1878
v  0.0051 -0.0074 -1.1881
v  0.0049 -0.0074 -1.1882
v  0.0046 -0.0074 -1.1884
v  0.0044 -0.0074 -1.1885
v  0.0041 -0.0076 -1.1870
# 2164 vertices

vn 0.3211 -0.9427 -0.0907
vn 0.4899 -0.8685 -0.0754
vn 0.5262 -0.8494 -0.0404
vn 0.1830 0.9749 -0.1268
vn -0.1830 0.9749 -0.1268
vn 0.3057 0.0000 0.9521
vn -1.0000 0.0000 0.0080
vn 0.3045 0.0000 0.9525
vn -1.0000 0.0000 0.0095
vn -0.3057 0.0000 0.9521
vn 1.0000 0.0000 0.0080
vn -0.3045 0.0000 0.9525
vn 1.0000 0.0000 0.0095
vn 0.4523 0.8909 0.0402
vn 0.1657 0.3076 0.9370
vn -0.1657 0.3076 0.9370
vn -0.4523 0.8909 0.0402
vn -0.2630 0.9648 -0.0000
vn 0.2630 0.9648 -0.0000
vn 0.4498 -0.8921 0.0440
vn 0.5151 -0.8509 0.1034
vn 0.3950 -0.9176 0.0436
vn 0.6082 -0.7870 0.1036
vn 0.1823 -0.9832 0.0131
vn 0.1938 -0.9810 0.0086
vn -0.3246 -0.9456 -0.0220
vn -0.2204 -0.9753 -0.0172
vn -0.6694 -0.7410 -0.0525
vn -0.5565 -0.8303 -0.0297
vn -0.7216 -0.6920 -0.0218
vn -0.6419 -0.7668 0.0036
vn -0.7805 -0.6220 0.0634
vn -0.7052 -0.7051 0.0749
vn -0.7213 -0.6744 0.1577
vn -0.6503 -0.7437 0.1551
vn -0.5226 -0.8224 0.2249
vn -0.4789 -0.8515 0.2135
vn -0.1195 -0.9588 0.2577
vn -0.1197 -0.9629 0.2418
vn 0.3053 -0.9220 0.2381
vn 0.2563 -0.9400 0.2252
vn 0.5355 -0.8256 0.1777
vn 0.4501 -0.8761 0.1726
vn 0.2767 -0.9547 0.1092
vn 0.2227 -0.9724 0.0697
vn 0.1096 -0.9931 0.0415
vn -0.1199 -0.9923 0.0298
vn -0.3433 -0.9386 0.0343
vn -0.4491 -0.8915 0.0590
vn -0.4985 -0.8615 0.0968
vn -0.4463 -0.8838 0.1405
vn -0.3242 -0.9300 0.1730
vn -0.1203 -0.9752 0.1860
vn 0.0888 -0.9797 0.1796
vn 0.2193 -0.9639 0.1511
vn -0.1205 -0.9864 0.1117
vn 0.5948 -0.8013 -0.0639
vn 0.5887 -0.8048 0.0753
vn 0.5169 -0.8547 -0.0487
vn 0.6834 -0.7253 0.0830
vn 0.3959 -0.9072 -0.1423
vn 0.3552 -0.9270 -0.1202
vn 0.0648 -0.9804 -0.1861
vn 0.0630 -0.9849 -0.1611
vn -0.2745 -0.9408 -0.1991
vn -0.2363 -0.9566 -0.1703
vn -0.5226 -0.8386 -0.1537
vn -0.4287 -0.8945 -0.1268
vn -0.5083 -0.8610 -0.0174
vn -0.6198 -0.7841 -0.0326
vn -0.6308 -0.7682 -0.1095
vn 0.3691 -0.9274 0.0606
vn 0.3303 -0.9439 -0.0077
vn 0.2336 -0.9707 -0.0567
vn 0.0570 -0.9948 -0.0844
vn -0.1233 -0.9885 -0.0869
vn -0.2277 -0.9721 -0.0556
vn -0.2714 -0.9624 0.0095
vn -0.5394 -0.8344 0.1134
vn -0.4460 -0.8884 0.1092
vn -0.2922 -0.9385 0.1842
vn 0.6006 -0.7685 0.2206
vn 0.3268 -0.9135 0.2423
vn 0.5178 -0.8334 0.1933
vn -0.2396 -0.9674 0.0816
vn -0.1422 -0.9811 0.1314
vn -0.2675 -0.9450 0.1879
vn 0.0358 -0.9864 0.1602
vn 0.0304 -0.9756 0.2175
vn 0.2147 -0.9632 0.1616
vn 0.3254 -0.9372 0.1258
vn 0.0474 -0.9981 0.0381
vn 0.0000 -1.0000 -0.0000
vn -0.4147 -0.9100 -0.0000
vn -0.6873 -0.7174 -0.1137
vn -0.2375 -0.9618 -0.1362
vn -0.6675 -0.7446 -0.0000
vn -0.5524 -0.8325 -0.0425
vn -0.8372 -0.5469 0.0085
vn -0.8402 -0.5421 0.0118
vn -0.8204 -0.5717 0.0096
vn -0.8491 -0.5282 0.0018
vn -0.4288 -0.9031 0.0234
vn -0.6672 -0.7448 -0.0151
vn -0.6714 -0.7411 0.0004
vn -0.1996 -0.9798 0.0120
vn -0.8208 -0.5712 -0.0110
vn -0.5993 -0.8005 -0.0091
vn -0.8344 -0.5495 0.0433
vn -0.8234 -0.5670 0.0253
vn -0.8386 -0.5446 -0.0131
vn -0.8510 -0.5246 -0.0222
vn -0.6145 -0.7864 0.0631
vn -0.8357 -0.5489 -0.0179
vn -0.8527 -0.5217 -0.0277
vn -0.8397 -0.5428 -0.0148
vn -0.8410 -0.5408 -0.0195
vn -0.6646 -0.7447 0.0609
vn -0.3544 -0.9303 0.0944
vn -0.6820 -0.7289 0.0600
vn -0.3116 -0.9477 0.0689
vn -0.0271 -0.9994 0.0229
vn -0.0098 -0.9998 0.0151
vn -0.0146 -0.9971 0.0749
vn -0.0065 -0.9995 0.0293
vn -0.5777 -0.8127 -0.0759
vn -0.0444 -0.9989 -0.0136
vn -0.4333 -0.8948 -0.1075
vn -0.0943 -0.9951 -0.0283
vn -0.1395 -0.9902 -0.0067
vn -0.4856 -0.8742 0.0067
vn -0.3481 -0.9128 0.2136
vn -0.4281 -0.8901 0.1563
vn -0.4638 -0.8650 0.1916
vn -0.6054 -0.7619 0.2302
vn -0.7826 -0.6220 0.0252
vn -0.8165 -0.5756 0.0459
vn -0.7089 -0.7011 0.0772
vn -0.1701 -0.9853 -0.0186
vn 0.0306 -0.9995 0.0066
vn -0.0155 -0.9983 -0.0554
vn -0.1113 -0.9926 0.0478
vn -0.3142 -0.9481 0.0484
vn 0.0121 -0.9998 0.0183
vn -0.2968 -0.9526 0.0662
vn -0.4801 -0.8729 0.0872
vn 0.0007 -1.0000 -0.0000
vn 0.0005 -0.9962 0.0876
vn -0.0057 -1.0000 0.0003
vn 0.8706 0.4599 -0.1749
vn 0.9124 0.3421 -0.2248
vn 0.8165 0.5053 -0.2794
vn 0.9112 0.3546 -0.2095
vn 0.6703 0.5714 -0.4735
vn 0.7539 0.5782 -0.3121
vn 0.9110 0.3398 -0.2338
vn 0.9136 0.3167 -0.2551
vn -0.1705 -0.9453 -0.2779
vn -0.3958 -0.8589 -0.3250
vn -0.0667 -0.9822 -0.1757
vn -0.2682 -0.9411 -0.2059
vn -0.0007 -1.0000 0.0002
vn -0.2126 -0.9744 -0.0728
vn -0.3603 -0.9328 0.0002
vn 0.0000 -0.9988 -0.0498
vn -0.6186 -0.7857 0.0034
vn -0.6284 -0.7770 -0.0365
vn -0.5295 -0.8483 0.0023
vn -0.5262 -0.8494 -0.0404
vn -0.8431 -0.5378 0.0021
vn -0.8414 -0.5403 -0.0092
vn -0.8955 -0.4448 -0.0171
vn 0.0000 -0.8562 -0.5167
vn -0.3879 -0.8533 -0.3484
vn -0.6886 -0.6241 -0.3691
vn -0.7931 -0.5044 -0.3414
vn -0.7030 -0.5647 -0.4323
vn -0.7571 -0.6394 -0.1339
vn -0.8033 -0.5506 -0.2271
vn -0.7189 -0.6594 -0.2198
vn -0.8317 -0.5412 -0.1242
vn -0.5463 -0.8240 -0.1500
vn -0.4160 -0.8859 -0.2051
vn -0.2896 -0.9442 -0.1568
vn 0.0000 -0.9871 -0.1601
vn 0.0000 -0.9783 -0.2071
vn -0.8058 -0.5879 -0.0706
vn -0.8703 -0.4898 -0.0513
vn -0.5574 -0.8232 -0.1077
vn -0.2730 -0.9544 -0.1210
vn 0.0000 -0.9924 -0.1234
vn -0.8315 -0.5543 -0.0368
vn -0.5722 -0.8169 -0.0722
vn -0.2867 -0.9526 -0.1018
vn 0.0000 -0.9936 -0.1125
vn -0.3211 -0.9427 -0.0907
vn -0.4899 -0.8685 -0.0754
vn 0.0000 -0.9947 -0.1029
vn 0.0000 -0.9436 -0.3309
vn -0.5015 -0.8614 -0.0808
vn 0.0899 -0.9869 -0.1337
vn -0.1069 -0.9899 -0.0927
vn 0.0009 -0.9983 -0.0579
vn -0.0008 -1.0000 -0.0000
vn 0.0015 -0.9994 -0.0353
vn 0.0066 -0.9975 -0.0705
vn -0.0004 -0.9971 -0.0757
vn -0.3984 -0.9104 0.1112
vn -0.6442 -0.7466 0.1661
vn 0.2700 -0.9564 0.1114
vn 0.3950 -0.9097 0.1279
vn 0.0000 -0.9902 0.1399
vn -0.2082 -0.9620 0.1766
vn 0.0464 -0.9929 0.1095
vn 0.2282 -0.9585 0.1708
vn 0.5622 -0.8173 0.1263
vn 0.0000 -0.9849 0.1731
vn -0.6836 -0.7298 0.0010
vn -1.0000 0.0000 0.0016
vn -0.1137 -0.9935 0.0049
vn -0.2224 -0.9746 0.0276
vn 0.4627 -0.8494 0.2537
vn 0.0002 -0.8989 0.4382
vn 0.1387 -0.9222 0.3610
vn 0.7761 -0.5911 0.2197
vn -0.1422 -0.9194 0.3668
vn -0.7676 -0.5950 0.2383
vn -0.4545 -0.8448 0.2824
vn -0.1728 -0.9082 -0.3812
vn 0.0000 -0.9806 0.1958
vn 0.0000 -0.9758 0.2185
vn -0.1182 -0.9690 0.2170
vn 0.0256 -0.9932 -0.1138
vn -0.4802 -0.7591 0.4394
vn -0.5957 -0.7365 0.3206
vn -0.7455 -0.6647 -0.0492
vn -0.6015 -0.7753 -0.1925
vn -0.5918 -0.8024 -0.0763
vn 0.0627 -0.9962 0.0609
vn 0.3565 -0.9331 -0.0482
vn 0.3758 -0.9255 0.0463
vn 0.2665 -0.9599 -0.0869
vn 0.0667 -0.9929 -0.0990
vn -0.1340 -0.9874 -0.0841
vn -0.2312 -0.9719 -0.0432
vn -0.2570 -0.9651 0.0503
vn -0.2180 -0.9621 0.1637
vn -0.1129 -0.9668 0.2293
vn 0.0613 -0.9678 0.2441
vn 0.2368 -0.9436 0.2314
vn 0.3373 -0.9273 0.1626
vn 0.5832 -0.8116 0.0338
vn 0.5268 -0.8192 0.2268
vn 0.4965 -0.8329 0.2447
vn -0.2938 -0.9375 0.1864
vn -0.1217 -0.9659 0.2284
vn -0.4766 -0.8688 0.1340
vn -0.5200 -0.8532 0.0410
vn -0.4566 -0.8824 -0.1138
vn -0.2891 -0.9412 -0.1750
vn 0.0530 -0.9799 -0.1923
vn 0.3846 -0.9070 -0.1716
vn 0.5364 -0.8352 -0.1210
vn 0.6718 -0.7402 0.0271
vn 0.6114 -0.7554 0.2359
vn -0.6519 -0.7575 0.0338
vn -0.5587 -0.8184 -0.1345
vn -0.3479 -0.9144 -0.2070
vn 0.0350 -0.9743 -0.2227
vn 0.4017 -0.8946 -0.1958
vn 0.5974 -0.7895 -0.1406
vn -0.2002 -0.9745 0.1009
vn -0.1996 -0.9738 0.1090
vn -0.2392 -0.9643 0.1135
vn -0.2875 -0.9485 0.1328
vn 0.0071 -0.9976 0.0695
vn -0.0732 -0.9930 0.0925
vn 0.0238 -0.9972 0.0713
vn -0.0614 -0.9849 0.1619
vn 0.0269 -0.9929 0.1155
vn 0.0708 -0.9796 0.1878
vn 0.0840 -0.9861 0.1433
vn -0.3848 -0.9050 0.1814
vn -0.6087 -0.7695 0.1934
vn -0.3247 -0.9000 0.2907
vn -0.5519 -0.7904 0.2659
vn -0.5086 -0.8319 0.2218
vn -0.3950 -0.9176 0.0436
vn -0.6082 -0.7870 0.1036
vn -0.4498 -0.8921 0.0440
vn -0.5151 -0.8509 0.1034
vn -0.1938 -0.9810 0.0086
vn -0.1823 -0.9832 0.0131
vn 0.2204 -0.9753 -0.0172
vn 0.3246 -0.9456 -0.0220
vn 0.5565 -0.8303 -0.0297
vn 0.6694 -0.7410 -0.0525
vn 0.6419 -0.7668 0.0036
vn 0.7216 -0.6920 -0.0218
vn 0.7052 -0.7051 0.0749
vn 0.7805 -0.6220 0.0634
vn 0.6503 -0.7437 0.1551
vn 0.7213 -0.6744 0.1577
vn 0.4789 -0.8515 0.2135
vn 0.5226 -0.8224 0.2249
vn 0.1197 -0.9629 0.2418
vn 0.1195 -0.9588 0.2577
vn -0.2563 -0.9400 0.2252
vn -0.3053 -0.9220 0.2381
vn -0.4501 -0.8761 0.1726
vn -0.5355 -0.8256 0.1777
vn -0.2227 -0.9724 0.0697
vn -0.2767 -0.9547 0.1092
vn -0.1096 -0.9931 0.0415
vn 0.1199 -0.9923 0.0298
vn 0.3433 -0.9386 0.0343
vn 0.4491 -0.8915 0.0590
vn 0.4985 -0.8615 0.0968
vn 0.4463 -0.8838 0.1405
vn 0.3242 -0.9300 0.1730
vn 0.1203 -0.9752 0.1860
vn -0.0888 -0.9797 0.1796
vn -0.2193 -0.9639 0.1511
vn 0.1205 -0.9864 0.1117
vn -0.5169 -0.8547 -0.0487
vn -0.6834 -0.7253 0.0830
vn -0.5948 -0.8013 -0.0639
vn -0.5887 -0.8048 0.0753
vn -0.3552 -0.9270 -0.1202
vn -0.3959 -0.9072 -0.1423
vn -0.0630 -0.9849 -0.1611
vn -0.0648 -0.9804 -0.1861
vn 0.2363 -0.9566 -0.1703
vn 0.2745 -0.9408 -0.1991
vn 0.4287 -0.8945 -0.1268
vn 0.5226 -0.8386 -0.1537
vn 0.6198 -0.7841 -0.0326
vn 0.5083 -0.8610 -0.0174
vn 0.6308 -0.7682 -0.1095
vn -0.3303 -0.9439 -0.0077
vn -0.3691 -0.9274 0.0606
vn -0.2336 -0.9707 -0.0567
vn 0.1233 -0.9885 -0.0869
vn -0.0570 -0.9948 -0.0844
vn 0.2277 -0.9721 -0.0556
vn 0.2714 -0.9624 0.0095
vn 0.4460 -0.8884 0.1092
vn 0.5394 -0.8344 0.1134
vn 0.2922 -0.9385 0.1842
vn -0.5178 -0.8334 0.1933
vn -0.3287 -0.9125 0.2436
vn -0.6006 -0.7685 0.2206
vn 0.2396 -0.9674 0.0816
vn 0.1422 -0.9811 0.1314
vn 0.2675 -0.9450 0.1879
vn -0.0358 -0.9864 0.1602
vn -0.0304 -0.9756 0.2175
vn -0.2147 -0.9632 0.1616
vn -0.2770 -0.9297 0.2428
vn -0.3254 -0.9372 0.1258
vn -0.3268 -0.9135 0.2423
vn -0.0474 -0.9981 0.0381
vn 0.2375 -0.9618 -0.1362
vn 0.6675 -0.7446 -0.0000
vn 0.4147 -0.9100 -0.0000
vn 0.6873 -0.7174 -0.1137
vn 0.8372 -0.5469 0.0085
vn 0.5524 -0.8325 -0.0425
vn 0.8204 -0.5717 0.0096
vn 0.8402 -0.5421 0.0118
vn 0.8491 -0.5282 0.0018
vn 0.6714 -0.7411 0.0004
vn 0.4288 -0.9031 0.0234
vn 0.6672 -0.7448 -0.0151
vn 0.1996 -0.9798 0.0120
vn 0.8208 -0.5712 -0.0110
vn 0.5993 -0.8005 -0.0091
vn 0.8386 -0.5446 -0.0131
vn 0.8234 -0.5670 0.0253
vn 0.8344 -0.5495 0.0433
vn 0.8510 -0.5246 -0.0222
vn 0.6145 -0.7864 0.0631
vn 0.8357 -0.5489 -0.0179
vn 0.8527 -0.5217 -0.0277
vn 0.8397 -0.5428 -0.0148
vn 0.8410 -0.5408 -0.0195
vn 0.6820 -0.7289 0.0600
vn 0.3116 -0.9477 0.0689
vn 0.6646 -0.7447 0.0609
vn 0.3544 -0.9303 0.0944
vn 0.0146 -0.9971 0.0749
vn 0.0111 -0.9998 0.0151
vn 0.0271 -0.9994 0.0229
vn 0.0065 -0.9995 0.0293
vn 0.0444 -0.9989 -0.0136
vn 0.5777 -0.8127 -0.0759
vn 0.4333 -0.8948 -0.1075
vn 0.0943 -0.9951 -0.0283
vn 0.1395 -0.9902 -0.0067
vn 0.3481 -0.9128 0.2136
vn 0.4856 -0.8742 0.0067
vn 0.4281 -0.8901 0.1563
vn 0.4638 -0.8650 0.1916
vn 0.6054 -0.7619 0.2302
vn 0.7826 -0.6220 0.0252
vn 0.8165 -0.5756 0.0459
vn 0.7089 -0.7011 0.0772
vn 0.1701 -0.9853 -0.0186
vn 0.0155 -0.9983 -0.0554
vn -0.0306 -0.9995 0.0066
vn 0.1113 -0.9926 0.0478
vn 0.3142 -0.9481 0.0484
vn 0.2968 -0.9526 0.0662
vn -0.0121 -0.9998 0.0183
vn 0.4801 -0.8729 0.0872
vn 0.0068 -1.0000 0.0003
vn -0.8165 0.5053 -0.2794
vn -0.9112 0.3546 -0.2095
vn -0.8706 0.4599 -0.1749
vn -0.9124 0.3421 -0.2248
vn -0.7539 0.5782 -0.3121
vn -0.6703 0.5714 -0.4735
vn -0.9136 0.3167 -0.2551
vn -0.9110 0.3398 -0.2338
vn 0.3958 -0.8589 -0.3250
vn 0.0667 -0.9822 -0.1757
vn 0.1705 -0.9453 -0.2779
vn 0.2682 -0.9411 -0.2059
vn 0.3597 -0.9331 0.0002
vn 0.2126 -0.9744 -0.0728
vn 0.6155 -0.7882 0.0034
vn 0.5295 -0.8483 0.0023
vn 0.6265 -0.7785 -0.0378
vn 0.8397 -0.5428 -0.0171
vn 0.8398 -0.5429 0.0022
vn 0.8946 -0.4443 -0.0479
vn 0.6904 -0.6256 -0.3632
vn 0.3885 -0.8542 -0.3455
vn 0.7030 -0.5647 -0.4323
vn 0.7959 -0.5062 -0.3321
vn 0.7204 -0.6606 -0.2114
vn 0.8305 -0.5405 -0.1349
vn 0.7560 -0.6385 -0.1439
vn 0.8054 -0.5521 -0.2157
vn 0.4163 -0.8863 -0.2029
vn 0.5462 -0.8243 -0.1489
vn 0.2898 -0.9448 -0.1526
vn 0.8685 -0.4888 -0.0822
vn 0.8043 -0.5869 -0.0927
vn 0.5570 -0.8231 -0.1108
vn 0.2731 -0.9546 -0.1187
vn 0.8307 -0.5539 -0.0560
vn 0.5720 -0.8166 -0.0770
vn 0.2866 -0.9524 -0.1038
vn -0.0899 -0.9869 -0.1337
vn 0.5011 -0.8608 -0.0884
vn 0.1069 -0.9899 -0.0927
vn -0.0009 -0.9983 -0.0579
vn 0.0008 -1.0000 -0.0000
vn -0.0066 -0.9975 -0.0705
vn -0.0015 -0.9994 -0.0353
vn 0.0004 -0.9971 -0.0757
vn 0.6442 -0.7466 0.1661
vn 0.3984 -0.9104 0.1112
vn -0.2700 -0.9564 0.1114
vn -0.3950 -0.9097 0.1279
vn 0.2082 -0.9620 0.1768
vn -0.0464 -0.9929 0.1095
vn -0.2282 -0.9585 0.1710
vn -0.5622 -0.8173 0.1263
vn 0.1137 -0.9935 0.0049
vn 1.0000 0.0000 0.0016
vn 0.6836 -0.7298 0.0010
vn 0.2224 -0.9746 0.0276
vn -0.1387 -0.9220 0.3614
vn -0.7761 -0.5911 0.2197
vn -0.4627 -0.8494 0.2537
vn -0.0002 -0.8989 0.4382
vn 0.1421 -0.9192 0.3672
vn 0.4545 -0.8448 0.2824
vn 0.7676 -0.5950 0.2383
vn 0.1728 -0.9082 -0.3812
vn 0.1182 -0.9690 0.2170
vn -0.0256 -0.9932 -0.1138
vn 0.4802 -0.7591 0.4394
vn 0.5957 -0.7365 0.3206
vn 0.6015 -0.7753 -0.1925
vn 0.7455 -0.6647 -0.0492
vn 0.5918 -0.8024 -0.0763
vn -0.3758 -0.9255 0.0463
vn -0.3565 -0.9331 -0.0482
vn -0.0627 -0.9962 0.0609
vn -0.2665 -0.9599 -0.0869
vn -0.0667 -0.9929 -0.0990
vn 0.1340 -0.9874 -0.0841
vn 0.2312 -0.9719 -0.0432
vn 0.2570 -0.9651 0.0503
vn 0.2180 -0.9621 0.1637
vn 0.1129 -0.9668 0.2293
vn -0.0613 -0.9678 0.2441
vn -0.2368 -0.9436 0.2314
vn -0.3373 -0.9273 0.1626
vn -0.5268 -0.8192 0.2268
vn -0.5832 -0.8116 0.0338
vn 0.5200 -0.8532 0.0410
vn 0.4766 -0.8688 0.1340
vn 0.4566 -0.8824 -0.1138
vn 0.2891 -0.9412 -0.1750
vn -0.0530 -0.9799 -0.1923
vn -0.3846 -0.9070 -0.1716
vn -0.5364 -0.8352 -0.1210
vn -0.6114 -0.7554 0.2359
vn -0.6718 -0.7402 0.0271
vn 0.6519 -0.7575 0.0338
vn 0.5587 -0.8184 -0.1345
vn 0.3479 -0.9144 -0.2070
vn -0.0350 -0.9743 -0.2227
vn -0.4017 -0.8946 -0.1958
vn -0.5974 -0.7895 -0.1406
vn 0.1996 -0.9738 0.1090
vn 0.2002 -0.9745 0.1009
vn 0.2392 -0.9643 0.1135
vn 0.2875 -0.9485 0.1328
vn 0.0732 -0.9930 0.0925
vn -0.0071 -0.9976 0.0695
vn -0.0238 -0.9972 0.0713
vn -0.0708 -0.9796 0.1878
vn -0.0269 -0.9929 0.1155
vn 0.0614 -0.9849 0.1619
vn -0.0840 -0.9861 0.1433
vn 0.6087 -0.7695 0.1934
vn 0.3848 -0.9050 0.1814
vn 0.3247 -0.9000 0.2907
vn 0.5086 -0.8319 0.2218
vn 0.5519 -0.7904 0.2659
vn 0.5793 0.7649 -0.2818
vn 0.0000 0.9373 -0.3484
vn 0.3396 0.9404 0.0152
vn -0.3396 0.9404 0.0152
vn -0.5793 0.7649 -0.2818
vn 0.0000 0.9579 0.2870
vn 0.3531 0.7407 0.5716
vn -0.3531 0.7407 0.5716
vn -0.6407 -0.5306 0.5550
vn -0.7023 0.7065 -0.0879
vn -0.7469 0.5582 -0.3613
vn -0.6590 -0.4496 0.6030
vn 0.7451 -0.6202 0.2452
vn -0.6135 -0.2651 0.7439
vn -0.5503 -0.2365 0.8008
vn 0.7884 0.0605 0.6122
vn 0.6168 0.5590 -0.5541
vn 0.6627 0.4507 -0.5981
vn 0.6035 0.2879 -0.7436
vn 0.6606 0.3040 -0.6864
vn -0.7460 0.1412 -0.6509
vn -0.7418 -0.1970 -0.6410
vn 0.5523 0.2996 -0.7779
vn -0.7409 -0.2887 -0.6063
vn -0.5311 -0.2913 0.7957
vn 0.7305 0.2830 0.6215
vn 0.5962 0.5325 -0.6008
vn -0.6787 0.7334 -0.0378
vn -0.6228 -0.5034 0.5990
vn 0.6652 -0.7449 0.0512
vn 0.4946 0.1010 0.8632
vn 0.6597 0.6599 0.3596
vn 0.8505 0.1342 0.5086
vn 0.0000 -0.0123 0.9999
vn 0.0000 0.6764 0.7365
vn -0.4946 0.1010 0.8632
vn -0.8505 0.1342 0.5086
vn -0.6597 0.6599 0.3596
vn 0.4924 0.3451 -0.7991
vn 0.0000 0.4044 -0.9146
vn 0.6190 0.3039 -0.7242
vn -0.4924 0.3451 -0.7991
vn -0.6190 0.3039 -0.7242
vn -0.8254 -0.2263 -0.5173
vn -0.7480 0.2491 -0.6152
vn -0.3574 -0.9175 -0.1743
vn 0.0000 -0.9761 -0.2172
vn -0.7624 -0.6357 -0.1214
vn -0.4900 0.6643 -0.5645
vn -0.2359 0.7993 -0.5526
vn -0.7673 0.6395 -0.0473
vn -0.3062 0.8565 -0.4156
vn 0.0000 0.8385 -0.5449
vn -0.9999 0.0113 -0.0082
vn -0.9563 0.0847 -0.2797
vn -0.7488 -0.3950 0.5322
vn -0.4289 0.7230 -0.5415
vn 0.0000 0.3745 -0.9272
vn -0.6242 0.3766 -0.6845
vn 0.0000 0.6997 -0.7144
vn -0.6342 0.2151 0.7427
vn 0.0000 0.7196 0.6944
vn -0.4429 0.7412 0.5044
vn 0.0000 0.1435 0.9896
vn -0.6669 0.7447 -0.0267
vn -0.9632 0.2685 -0.0144
vn -0.5364 -0.8439 0.0122
vn 0.0000 -0.6512 0.7589
vn -0.1804 0.9794 -0.0906
vn 0.8254 -0.2263 -0.5173
vn 0.7480 0.2491 -0.6152
vn 0.7624 -0.6357 -0.1214
vn 0.3574 -0.9175 -0.1743
vn 0.2359 0.7993 -0.5526
vn 0.4900 0.6643 -0.5645
vn 0.7673 0.6395 -0.0473
vn 0.3062 0.8565 -0.4156
vn 0.9999 0.0113 -0.0082
vn 0.9563 0.0847 -0.2797
vn 0.7488 -0.3950 0.5322
vn 0.6242 0.3766 -0.6845
vn 0.4289 0.7230 -0.5415
vn 0.4429 0.7412 0.5044
vn 0.6342 0.2151 0.7427
vn 0.6669 0.7447 -0.0267
vn 0.9632 0.2685 -0.0144
vn 0.5364 -0.8439 0.0122
vn 0.1804 0.9794 -0.0906
vn 0.0000 -0.9609 -0.2769
vn -0.3927 -0.4362 -0.8097
vn 0.3927 -0.4362 -0.8097
vn -0.2497 0.8063 -0.5362
vn 0.2497 0.8063 -0.5362
vn 0.0000 0.2718 0.9623
vn 0.0000 -0.0294 0.9996
vn 0.0000 0.5480 0.8365
vn 0.0000 1.0000 -0.0000
vn 0.0000 0.2751 -0.9614
vn 0.0000 0.3230 -0.9464
vn 0.0000 0.2265 -0.9740
vn 1.0000 0.0000 -0.0000
vn -1.0000 0.0000 -0.0000
vn 0.0000 0.9369 -0.3496
vn 0.0000 0.9994 0.0342
vn 0.0000 0.5342 -0.8453
vn 0.0000 0.3002 -0.9539
vn 0.0000 0.9873 -0.1589
vn 0.0000 0.9788 -0.2050
vn 0.0521 0.9920 -0.1147
vn -0.0521 0.9920 -0.1147
vn 0.0000 0.2623 0.9650
vn 0.2003 0.6992 0.6863
vn -0.1525 0.7106 0.6868
vn 0.4135 0.5855 0.6973
vn 0.7463 0.2775 0.6050
vn 0.6497 0.4476 0.6145
vn 0.0053 0.9997 -0.0238
vn -0.6497 0.4476 0.6145
vn -0.7463 0.2775 0.6050
vn -0.4135 0.5855 0.6973
vn 0.1525 0.7106 0.6868
vn -0.2003 0.6992 0.6863
vn -0.0053 0.9997 -0.0238
vn -0.1040 0.9877 -0.1167
vn -0.6724 0.7163 -0.1866
vn -0.8257 0.5640 0.0093
vn -0.4618 0.8077 -0.3666
vn 0.1040 0.9877 -0.1167
vn 0.6724 0.7163 -0.1866
vn 0.8257 0.5640 0.0093
vn 0.4618 0.8077 -0.3666
vn 0.0000 0.9150 -0.4034
vn 0.0000 1.0000 0.0091
vn -0.1235 -0.9923 -0.0000
vn -0.8010 0.5986 -0.0000
vn 0.0804 0.9968 -0.0000
vn 0.8791 -0.4766 -0.0000
vn 0.0000 0.9973 -0.0740
vn 0.4695 -0.6309 -0.6177
vn -0.8761 0.4798 0.0481
vn -0.8737 0.4811 0.0724
vn -0.8711 0.4858 0.0726
vn -0.8796 0.4743 0.0357
vn -0.8802 0.4737 -0.0297
vn -0.8773 0.4799 0.0045
vn -0.8752 0.4802 -0.0583
vn 0.8997 -0.4334 0.0527
vn 0.9007 -0.4271 0.0801
vn 0.8542 0.4583 0.2456
vn 0.8018 0.5834 0.1294
vn 0.9225 0.3628 0.1321
vn 0.9846 0.1204 0.1265
vn 0.8980 -0.4391 -0.0287
vn 0.9001 -0.4357 0.0076
vn 0.8650 0.4995 -0.0483
vn 0.9574 0.2834 -0.0549
vn 0.9970 0.0515 -0.0584
vn 0.8997 -0.4329 -0.0552
vn 0.9436 0.3065 -0.1257
vn 0.5023 0.8647 -0.0013
vn 0.5023 0.8647 -0.0092
vn 0.0000 0.0000 1.0000
vn 0.1247 0.9848 0.1207
vn 0.4631 0.8833 0.0731
vn -0.1457 0.9507 -0.2738
vn -0.0601 0.9898 0.1289
vn 0.6514 0.7546 0.0790
vn 0.6863 0.7271 0.0181
vn -0.0243 0.9990 0.0364
vn 0.1560 0.9875 0.0246
vn 0.0022 0.9988 0.0497
vn 0.1314 0.9909 0.0303
vn 0.1542 0.9874 0.0354
vn 0.1268 0.9911 0.0400
vn 0.1179 0.9926 0.0286
vn 0.0853 0.9961 0.0231
vn 0.1182 0.9929 0.0102
vn 0.3523 0.9358 0.0098
vn 0.0920 0.9951 0.0370
vn 0.1082 0.9937 -0.0308
vn 0.0935 0.9956 -0.0042
vn 0.1022 0.9942 0.0332
vn 0.1470 0.9884 -0.0370
vn 0.0818 0.9958 0.0409
vn 0.1015 0.9931 0.0589
vn 0.3409 0.9398 -0.0246
vn 0.1888 0.9768 -0.1014
vn -0.0860 0.9918 0.0945
vn 0.0000 0.9985 0.0544
vn -0.2501 0.9677 0.0323
vn 0.0000 0.9928 0.1194
vn -0.0321 0.9982 0.0500
vn -0.1880 0.9821 0.0069
vn 0.1560 0.9877 0.0049
vn 0.1229 0.9924 -0.0085
vn 0.3591 0.9327 -0.0324
vn 0.3891 0.9210 -0.0211
vn 0.3785 0.9241 -0.0534
vn 0.5153 0.8563 -0.0346
vn 0.5410 0.8404 0.0317
vn 0.3261 0.9405 0.0950
vn 0.1089 0.9840 0.1410
vn 0.0000 0.9875 0.1575
vn 0.8297 0.5580 0.0129
vn 0.7561 0.6511 -0.0660
vn 0.8291 0.5576 0.0417
vn 0.6171 0.6699 -0.4129
vn 0.6563 0.6059 -0.4496
vn 0.0000 0.8710 -0.4913
vn 0.7587 0.5229 -0.3886
vn 0.3392 0.8627 -0.3750
vn 0.3972 0.8963 -0.1972
vn 0.4854 0.8486 -0.2105
vn 0.4151 0.8794 -0.2333
vn 0.4739 0.8529 -0.2188
vn 0.7071 0.6948 -0.1313
vn 0.3421 0.9025 -0.2618
vn 0.1971 0.9192 -0.3408
vn 0.4671 0.8405 -0.2745
vn 0.1843 0.9413 -0.2828
vn 0.0792 0.9446 -0.3185
vn 0.0000 0.9388 -0.3445
vn 0.0000 0.9581 -0.2865
vn 0.4267 0.8570 -0.2889
vn 0.1643 0.9609 -0.2229
vn 0.4808 0.8465 -0.2287
vn 0.1821 0.9448 -0.2725
vn 0.7689 0.6037 -0.2105
vn 0.7823 0.5454 -0.3009
vn 0.6793 0.6672 -0.3057
vn 0.8601 0.4719 -0.1939
vn 0.0000 0.9763 -0.2166
vn 0.0000 0.9684 -0.2495
vn 0.8263 0.5457 -0.1395
vn 0.9147 0.3884 -0.1120
vn 0.8750 0.4767 -0.0850
vn 0.9243 0.3745 -0.0738
vn 0.8702 0.4926 0.0069
vn 0.9022 0.4314 0.0016
vn 0.0000 0.9368 -0.3499
vn 0.4414 0.8809 -0.1708
vn 0.3754 0.9127 -0.1615
vn 0.3272 0.9338 -0.1448
vn 0.7883 0.6143 0.0352
vn 0.5794 0.8095 0.0944
vn 0.6129 0.7852 0.0886
vn 0.2686 0.9504 0.1566
vn 0.0000 0.9845 0.1753
vn 0.2197 0.9632 0.1550
vn 0.4173 0.9071 -0.0545
vn 0.3788 0.9242 -0.0498
vn 0.3476 0.9368 -0.0384
vn 0.3322 0.9351 -0.1229
vn -0.2776 0.9607 0.0021
vn -0.1641 0.9864 -0.0018
vn 0.0000 1.0000 0.0098
vn 0.0915 0.9958 -0.0010
vn 0.4346 0.9006 -0.0013
vn 0.1118 0.9937 -0.0026
vn 0.0045 1.0000 0.0002
vn -0.2015 0.9795 -0.0048
vn -0.1551 0.9865 0.0535
vn 0.0000 0.9965 0.0839
vn 0.2501 0.9640 -0.0903
vn 0.2655 0.9471 -0.1805
vn -0.1057 0.9557 0.2746
vn -0.1447 0.9842 0.1016
vn -0.3925 0.9021 0.1796
vn 0.0001 0.9276 0.3735
vn -0.4882 0.8382 0.2430
vn 0.3603 0.9074 0.2162
vn 0.1317 0.9838 0.1218
vn 0.1100 0.9542 0.2782
vn 0.4587 0.8450 0.2749
vn 0.4961 0.8585 0.1295
vn 0.0040 1.0000 -0.0027
vn -0.5537 0.8304 0.0616
vn 0.0626 0.9849 -0.1614
vn 0.0000 0.9925 0.1224
vn 0.0000 0.9870 0.1606
vn 0.0872 0.9833 0.1600
vn 0.1235 -0.9923 -0.0000
vn -0.8791 -0.4766 -0.0000
vn -0.0804 0.9968 -0.0000
vn 0.8010 0.5986 -0.0000
vn -0.0625 0.9848 -0.1619
vn 0.1557 0.9863 0.0542
vn -0.0872 0.9833 0.1600
vn 0.3925 0.9021 0.1796
vn 0.4882 0.8382 0.2430
vn 0.5537 0.8304 0.0616
vn 0.1447 0.9842 0.1016
vn -0.0040 1.0000 -0.0027
vn -0.1317 0.9838 0.1218
vn -0.1100 0.9542 0.2782
vn -0.0001 0.9276 0.3735
vn 0.1057 0.9557 0.2746
vn -0.4961 0.8585 0.1295
vn -0.4587 0.8450 0.2749
vn -0.3603 0.9074 0.2162
vn -0.2501 0.9640 -0.0903
vn -0.1888 0.9768 -0.1014
vn -0.1470 0.9884 -0.0370
vn -0.3409 0.9398 -0.0246
vn -0.3785 0.9241 -0.0534
vn -0.3322 0.9351 -0.1229
vn -0.2655 0.9471 -0.1805
vn 0.2780 0.9606 0.0061
vn 0.1645 0.9864 0.0008
vn 0.2024 0.9793 -0.0037
vn -0.0915 0.9958 -0.0010
vn -0.1118 0.9937 -0.0026
vn -0.0045 1.0000 0.0002
vn -0.4631 0.8833 0.0731
vn -0.4346 0.9006 -0.0013
vn -0.6863 0.7271 0.0181
vn -0.3523 0.9358 0.0098
vn -0.3891 0.9210 -0.0191
vn -0.1229 0.9924 -0.0025
vn 0.1878 0.9818 0.0291
vn 0.2498 0.9668 0.0541
vn -0.3796 0.9232 -0.0597
vn -0.3493 0.9352 -0.0582
vn -0.3592 0.9330 -0.0237
vn -0.5154 0.8565 -0.0272
vn -0.4173 0.9071 -0.0545
vn -0.3757 0.9108 -0.1713
vn -0.3282 0.9302 -0.1645
vn -0.4414 0.8809 -0.1708
vn -0.7561 0.6511 -0.0660
vn -0.5752 0.8110 0.1066
vn -0.5408 0.8392 0.0574
vn -0.3252 0.9368 0.1294
vn -0.8289 0.5575 0.0462
vn -0.2151 0.9630 0.1625
vn -0.1085 0.9818 0.1557
vn -0.2600 0.9528 0.1569
vn -0.6058 0.7906 0.0894
vn -0.7883 0.6143 0.0352
vn -0.8702 0.4926 0.0093
vn -0.9240 0.3744 -0.0772
vn -0.9021 0.4314 0.0057
vn -0.8297 0.5580 0.0132
vn -0.3405 0.8649 -0.3689
vn -0.6810 0.6698 -0.2959
vn -0.7621 0.5255 -0.3781
vn -0.7827 0.5460 -0.2987
vn -0.6201 0.6733 -0.4026
vn -0.4282 0.8593 -0.2797
vn -0.1822 0.9450 -0.2717
vn -0.8740 0.4754 -0.1003
vn -0.7052 0.6930 -0.1498
vn -0.8221 0.5425 -0.1727
vn -0.9117 0.3870 -0.1380
vn -0.4834 0.8463 -0.2237
vn -0.0792 0.9446 -0.3185
vn -0.1643 0.9611 -0.2221
vn -0.1843 0.9413 -0.2828
vn -0.4802 0.8459 -0.2323
vn -0.7658 0.6016 -0.2271
vn -0.8555 0.4693 -0.2187
vn -0.4151 0.8794 -0.2333
vn -0.3421 0.9025 -0.2618
vn -0.1971 0.9192 -0.3408
vn -0.4739 0.8529 -0.2188
vn -0.4671 0.8405 -0.2745
vn -0.3972 0.8963 -0.1972
vn -0.6563 0.6059 -0.4496
vn 0.0320 0.9953 0.0912
vn 0.0857 0.9890 0.1203
vn -0.1560 0.9871 0.0356
vn -0.1179 0.9926 0.0286
vn -0.1542 0.9874 0.0354
vn -0.1082 0.9937 -0.0308
vn -0.0935 0.9956 -0.0042
vn -0.1182 0.9929 0.0102
vn -0.1022 0.9942 0.0332
vn -0.1015 0.9931 0.0589
vn -0.0920 0.9951 0.0370
vn -0.0853 0.9961 0.0231
vn -0.0818 0.9958 0.0409
vn -0.1268 0.9911 0.0400
vn -0.1560 0.9875 0.0246
vn -0.0022 0.9988 0.0497
vn 0.0601 0.9898 0.1289
vn -0.1247 0.9848 0.1207
vn -0.1314 0.9909 0.0303
vn 0.0243 0.9990 0.0364
vn -0.6514 0.7546 0.0790
vn 0.1457 0.9507 -0.2738
vn -0.4695 -0.6309 -0.6177
vn 0.8711 0.4858 0.0726
vn 0.8796 0.4743 0.0357
vn 0.8761 0.4798 0.0481
vn 0.8737 0.4811 0.0724
vn 0.8773 0.4799 0.0045
vn 0.8802 0.4737 -0.0297
vn 0.8752 0.4802 -0.0583
vn -0.9007 -0.4271 0.0801
vn -0.8997 -0.4334 0.0527
vn -0.9225 0.3628 0.1321
vn -0.8018 0.5834 0.1294
vn -0.8542 0.4583 0.2456
vn -0.9846 0.1204 0.1265
vn -0.9001 -0.4357 0.0076
vn -0.8980 -0.4391 -0.0287
vn -0.9574 0.2834 -0.0549
vn -0.8650 0.4995 -0.0483
vn -0.9970 0.0515 -0.0584
vn -0.8997 -0.4329 -0.0552
vn -0.9436 0.3065 -0.1257
vn -0.5023 0.8647 -0.0013
vn -0.5023 0.8647 -0.0092
vn -0.6696 0.6346 -0.3860
vn -0.5230 0.7004 -0.4858
vn -0.6849 0.5880 -0.4304
vn -0.8343 0.4451 -0.3254
vn -0.8588 0.4421 -0.2588
vn -0.9156 0.3746 -0.1460
vn -0.0089 0.9010 -0.4338
vn -0.3107 0.8007 -0.5122
vn -0.3075 0.8503 -0.4271
vn 0.0000 0.8531 -0.5217
vn -0.0089 0.9631 -0.2691
vn -0.2962 0.9182 -0.2632
vn -0.6698 0.7074 -0.2259
vn -0.8692 0.4654 -0.1669
vn -0.6765 0.7289 -0.1047
vn -0.8882 0.4523 -0.0805
vn -0.6689 0.7432 -0.0118
vn -0.8972 0.4412 -0.0213
vn 0.0000 0.9916 -0.1295
vn -0.2879 0.9496 -0.1240
vn 0.0000 1.0000 0.0038
vn -0.2826 0.9592 0.0012
vn -0.9443 0.3283 0.0204
vn 0.6849 0.5880 -0.4304
vn 0.5230 0.7004 -0.4858
vn 0.6696 0.6346 -0.3860
vn 0.8343 0.4451 -0.3254
vn 0.8588 0.4421 -0.2588
vn 0.9156 0.3746 -0.1460
vn 0.2991 0.8528 -0.4282
vn 0.3107 0.8007 -0.5122
vn 0.2874 0.9200 -0.2665
vn 0.6690 0.7064 -0.2312
vn 0.8689 0.4651 -0.1695
vn 0.8878 0.4521 -0.0859
vn 0.6757 0.7281 -0.1155
vn 0.8972 0.4412 -0.0213
vn 0.6689 0.7432 -0.0119
vn 0.2876 0.9490 -0.1292
vn 0.2825 0.9593 0.0011
vn 0.9443 0.3283 0.0204
vn -0.6607 0.7445 0.0962
vn -0.8942 0.4436 0.0603
vn 0.0000 0.9918 0.1281
vn -0.2770 0.9531 0.1223
vn 0.0000 0.9828 0.1847
vn -0.2745 0.9444 0.1809
vn -0.6555 0.7382 0.1590
vn -0.8894 0.4411 0.1201
vn 0.8940 0.4436 0.0630
vn 0.6604 0.7440 0.1016
vn 0.2768 0.9528 0.1248
vn 0.2745 0.9444 0.1809
vn 0.6555 0.7382 0.1590
vn 0.8894 0.4411 0.1201
vn -0.0825 -0.9941 0.0703
vn -0.0837 -0.9932 0.0805
vn -0.1180 -0.9903 0.0735
vn -0.0469 -0.9967 0.0670
vn 0.0526 0.9985 0.0158
vn 0.0515 0.9982 0.0298
vn 0.0839 0.9963 0.0171
vn 0.0213 0.9997 0.0144
vn -0.0885 -0.9958 0.0225
vn -0.0173 -0.9993 -0.0335
vn -0.0494 -0.9987 0.0134
vn -0.0101 -0.9999 0.0042
vn 0.0557 0.9984 -0.0110
vn 0.0927 0.9956 -0.0153
vn 0.0577 0.9981 -0.0237
vn 0.0186 0.9998 -0.0067
vn -0.3680 0.9276 -0.0638
vn -0.2591 -0.9336 0.2475
vn -0.3577 -0.8780 0.3179
vn -0.4965 -0.8329 0.2447
vn -0.0611 -0.9653 0.2540
vn -0.0569 -0.9398 0.3369
vn 0.2271 -0.9211 0.3164
vn 0.1159 -0.9658 0.2321
vn 0.1217 -0.9659 0.2284
vn 0.4286 -0.8751 0.2248
vn 0.2938 -0.9375 0.1864
vn -0.4059 -0.8529 0.3283
vn -0.0541 -0.9400 0.3368
vn 0.2613 -0.9091 0.3245
vn 0.5298 -0.8163 0.2301
vn 0.0835 0.9961 0.0273
vn 0.0855 0.9954 0.0432
vn 0.0860 0.9958 0.0330
vn -0.2985 0.9204 0.2526
vn 1.0000 0.0000 -0.0080
vn -0.3057 0.0000 -0.9521
vn 0.0494 -0.9987 0.0134
vn 0.0173 -0.9993 -0.0335
vn 0.0885 -0.9958 0.0225
vn 0.0101 -0.9999 0.0042
vn -0.0577 0.9981 -0.0237
vn -0.0927 0.9956 -0.0153
vn -0.0557 0.9984 -0.0110
vn -0.0186 0.9998 -0.0067
vn 0.1180 -0.9903 0.0735
vn 0.0837 -0.9932 0.0805
vn 0.0825 -0.9941 0.0703
vn 0.0469 -0.9967 0.0670
vn -0.0526 0.9985 0.0158
vn -0.0839 0.9963 0.0171
vn -0.0213 0.9997 0.0144
vn -0.0515 0.9982 0.0298
vn 0.9302 0.0000 -0.3670
vn -1.0000 0.0000 -0.0080
vn -0.0835 0.9961 0.0273
vn -0.0860 0.9958 0.0330
vn -0.0855 0.9954 0.0432
vn 0.2985 0.9204 0.2526
vn 0.3057 0.0000 -0.9521
vn 0.3577 -0.8780 0.3179
vn 0.2591 -0.9336 0.2475
vn 0.0611 -0.9653 0.2540
vn 0.0569 -0.9398 0.3369
vn -0.1159 -0.9658 0.2321
vn -0.2271 -0.9211 0.3164
vn -0.4286 -0.8751 0.2248
vn 0.4059 -0.8529 0.3283
vn 0.0541 -0.9400 0.3368
vn -0.2613 -0.9091 0.3245
vn -0.5298 -0.8163 0.2301
vn 0.3264 -0.9211 0.2121
vn -0.0287 -0.9714 0.2359
vn -0.0263 -0.9651 0.2605
vn 0.2758 -0.9419 0.1916
vn -0.3661 -0.8905 0.2701
vn 1.0000 0.0000 -0.0095
vn -0.3045 0.0000 -0.9525
vn -0.3264 -0.9211 0.2121
vn 0.0263 -0.9651 0.2605
vn -0.2758 -0.9419 0.1916
vn 0.0287 -0.9714 0.2359
vn 0.3661 -0.8905 0.2701
vn 0.2770 -0.9297 0.2428
vn 0.3287 -0.9125 0.2436
vn 0.3045 0.0000 -0.9525
vn -1.0000 0.0000 -0.0095
vn 0.6951 -0.7188 -0.0122
vn 0.1608 0.9787 -0.1273
vn -0.6579 0.0000 0.7531
vn -0.6951 -0.7188 -0.0122
vn -0.1608 0.9787 -0.1273
vn 0.6579 0.0000 0.7531
vn 0.8685 0.4904 0.0728
vn -0.5023 0.8647 0.0066
vn 0.4523 -0.8909 -0.0402
vn 0.1657 -0.3076 -0.9370
vn -0.8685 0.4904 0.0728
vn 0.5023 0.8647 0.0066
vn -0.4523 -0.8909 -0.0402
vn -0.1657 -0.3076 -0.9370
vn 0.3587 -0.9324 -0.0449
vn -0.0007 -0.9987 -0.0510
vn -0.3593 -0.9321 -0.0449
vn -0.4403 -0.8929 0.0940
vn -0.2673 -0.9424 0.2012
vn -0.4141 -0.8247 0.3851
vn -0.5215 -0.8060 0.2801
vn -0.4749 -0.8703 0.1305
vn -0.3647 -0.9230 0.1228
vn -0.6229 -0.7648 0.1646
vn -0.5793 -0.8143 -0.0365
vn -0.4396 -0.8942 -0.0844
vn -0.6535 -0.7352 -0.1802
vn -0.7098 -0.7026 -0.0511
vn -0.4039 -0.9138 -0.0423
vn -0.3287 -0.9298 -0.1659
vn 0.2673 -0.9424 0.2012
vn 0.4141 -0.8247 0.3851
vn 0.3741 -0.9191 0.1237
vn 0.4157 -0.9085 -0.0417
vn 0.3287 -0.9298 -0.1659
vn 0.4396 -0.8942 -0.0844
vn 0.6535 -0.7352 -0.1802
vn 0.7188 -0.6934 -0.0503
vn 0.5793 -0.8143 -0.0365
vn 0.4403 -0.8929 0.0940
vn 0.6330 -0.7563 0.1653
vn 0.5215 -0.8060 0.2801
vn 0.0000 0.9877 -0.1564
vn -0.0239 0.9877 -0.1544
vn -0.0472 0.9877 -0.1490
vn -0.0693 0.9877 -0.1400
vn -0.0899 0.9877 -0.1279
vn -0.1243 0.9877 -0.0947
vn -0.1373 0.9877 -0.0747
vn -0.1471 0.9877 -0.0528
vn -0.1534 0.9877 -0.0298
vn -0.1553 0.9877 0.0179
vn -0.1507 0.9877 0.0414
vn -0.1426 0.9877 0.0639
vn -0.1312 0.9877 0.0850
vn -0.1166 0.9877 0.1041
vn -0.0800 0.9877 0.1343
vn -0.0586 0.9877 0.1449
vn -0.0356 0.9877 0.1522
vn -0.0118 0.9877 0.1558
vn 0.0356 0.9877 0.1522
vn 0.0586 0.9877 0.1449
vn 0.0800 0.9877 0.1343
vn 0.0994 0.9877 0.1206
vn 0.1166 0.9877 0.1041
vn 0.1312 0.9877 0.0850
vn 0.1507 0.9877 0.0414
vn 0.1553 0.9877 0.0179
vn 0.1562 0.9877 -0.0060
vn 0.1534 0.9877 -0.0298
vn 0.1471 0.9877 -0.0528
vn 0.1373 0.9877 -0.0747
vn 0.1242 0.9877 -0.0948
vn 0.1085 0.9877 -0.1125
vn 0.0899 0.9877 -0.1279
vn 0.0693 0.9877 -0.1400
vn 0.0472 0.9877 -0.1490
vn 0.0239 0.9877 -0.1544
vn -0.0466 0.9523 -0.3016
vn 0.0000 0.9523 -0.3051
vn -0.1353 0.9523 -0.2734
vn -0.0921 0.9523 -0.2909
vn -0.1756 0.9523 -0.2496
vn -0.2681 0.9523 -0.1457
vn -0.2427 0.9523 -0.1850
vn -0.2995 0.9523 -0.0581
vn -0.2871 0.9523 -0.1032
vn -0.2942 0.9523 0.0808
vn -0.2561 0.9523 0.1659
vn -0.2784 0.9523 0.1248
vn -0.2277 0.9523 0.2031
vn -0.1142 0.9523 0.2830
vn -0.1560 0.9523 0.2622
vn -0.0696 0.9523 0.2971
vn -0.0234 0.9523 0.3043
vn 0.1141 0.9523 0.2830
vn 0.0696 0.9523 0.2971
vn 0.1941 0.9523 0.2354
vn 0.1560 0.9523 0.2622
vn 0.2561 0.9523 0.1659
vn 0.2277 0.9523 0.2031
vn 0.3031 0.9523 0.0350
vn 0.3049 0.9523 -0.0117
vn 0.2995 0.9523 -0.0581
vn 0.2871 0.9523 -0.1032
vn 0.2427 0.9523 -0.1850
vn 0.1756 0.9523 -0.2495
vn 0.2116 0.9523 -0.2198
vn 0.0921 0.9523 -0.2909
vn 0.1353 0.9523 -0.2735
vn 0.0466 0.9523 -0.3015
vn -0.0683 0.8947 -0.4415
vn 0.0000 0.8947 -0.4467
vn -0.1347 0.8947 -0.4259
vn -0.1982 0.8947 -0.4004
vn -0.2571 0.8947 -0.3653
vn -0.3098 0.8947 -0.3219
vn -0.2116 0.9523 -0.2198
vn -0.3553 0.8947 -0.2708
vn -0.3924 0.8947 -0.2134
vn -0.4204 0.8947 -0.1510
vn -0.4385 0.8947 -0.0851
vn -0.4464 0.8947 -0.0171
vn -0.3049 0.9523 -0.0117
vn -0.4438 0.8947 0.0512
vn -0.3031 0.9523 0.0350
vn -0.4076 0.8947 0.1827
vn -0.4307 0.8947 0.1184
vn -0.3750 0.8947 0.2428
vn -0.3335 0.8947 0.2972
vn -0.2282 0.8947 0.3840
vn -0.1941 0.9523 0.2354
vn -0.2842 0.8947 0.3446
vn -0.1670 0.8947 0.4143
vn -0.1018 0.8947 0.4350
vn 0.0341 0.8947 0.4454
vn 0.0234 0.9523 0.3042
vn -0.0341 0.8947 0.4454
vn 0.1018 0.8947 0.4350
vn 0.1670 0.8947 0.4143
vn 0.2282 0.8947 0.3840
vn 0.2842 0.8947 0.3446
vn 0.3335 0.8947 0.2972
vn 0.3750 0.8947 0.2428
vn 0.4076 0.8947 0.1828
vn 0.2784 0.9523 0.1248
vn 0.4307 0.8947 0.1184
vn 0.2942 0.9523 0.0808
vn 0.4464 0.8947 -0.0171
vn 0.4438 0.8947 0.0512
vn 0.4385 0.8947 -0.0851
vn 0.4204 0.8947 -0.1510
vn 0.3924 0.8947 -0.2134
vn 0.2681 0.9523 -0.1457
vn 0.3098 0.8947 -0.3218
vn 0.3553 0.8947 -0.2708
vn 0.2571 0.8947 -0.3653
vn 0.1982 0.8947 -0.4004
vn 0.1347 0.8947 -0.4259
vn 0.0684 0.8947 -0.4415
vn -0.0883 0.8162 -0.5709
vn 0.0001 0.8161 -0.5778
vn -0.1742 0.8162 -0.5509
vn -0.2563 0.8162 -0.5179
vn -0.3325 0.8162 -0.4726
vn -0.4007 0.8162 -0.4163
vn -0.4595 0.8162 -0.3503
vn -0.5076 0.8162 -0.2760
vn -0.5438 0.8162 -0.1953
vn -0.5672 0.8162 -0.1100
vn -0.5774 0.8162 -0.0221
vn -0.5740 0.8162 0.0663
vn -0.5571 0.8162 0.1531
vn -0.5273 0.8162 0.2363
vn -0.4850 0.8162 0.3141
vn -0.4314 0.8162 0.3844
vn -0.3676 0.8162 0.4458
vn -0.2952 0.8162 0.4967
vn -0.2160 0.8162 0.5359
vn -0.1317 0.8162 0.5626
vn -0.0443 0.8162 0.5761
vn 0.0442 0.8162 0.5761
vn 0.1317 0.8162 0.5626
vn 0.2160 0.8162 0.5358
vn 0.2952 0.8162 0.4967
vn 0.3676 0.8162 0.4458
vn 0.4314 0.8162 0.3844
vn 0.4850 0.8162 0.3141
vn 0.5273 0.8162 0.2363
vn 0.5572 0.8162 0.1532
vn 0.5740 0.8162 0.0663
vn 0.5774 0.8162 -0.0221
vn 0.5672 0.8162 -0.1100
vn 0.5438 0.8162 -0.1953
vn 0.5076 0.8162 -0.2760
vn 0.4595 0.8162 -0.3503
vn 0.4007 0.8162 -0.4163
vn 0.3325 0.8162 -0.4726
vn 0.2563 0.8162 -0.5178
vn 0.1742 0.8162 -0.5508
vn 0.0883 0.8162 -0.5710
vn -0.1061 0.7187 -0.6872
vn 0.0000 0.7187 -0.6953
vn -0.2098 0.7187 -0.6630
vn -0.3085 0.7187 -0.6231
vn -0.4001 0.7187 -0.5687
vn -0.4822 0.7187 -0.5010
vn -0.5530 0.7187 -0.4215
vn -0.6109 0.7187 -0.3322
vn -0.6544 0.7187 -0.2350
vn -0.6826 0.7187 -0.1324
vn -0.6949 0.7187 -0.0267
vn -0.6908 0.7187 0.0798
vn -0.6705 0.7187 0.1843
vn -0.6345 0.7187 0.2844
vn -0.5837 0.7187 0.3780
vn -0.5191 0.7186 0.4627
vn -0.4425 0.7186 0.5364
vn -0.3554 0.7186 0.5977
vn -0.2599 0.7186 0.6450
vn -0.1583 0.7187 0.6771
vn -0.0532 0.7186 0.6934
vn 0.0531 0.7186 0.6934
vn 0.1583 0.7187 0.6771
vn 0.2599 0.7187 0.6449
vn 0.3554 0.7187 0.5976
vn 0.4425 0.7186 0.5364
vn 0.5191 0.7187 0.4627
vn 0.5837 0.7187 0.3780
vn 0.6345 0.7187 0.2844
vn 0.6705 0.7187 0.1843
vn 0.6908 0.7187 0.0798
vn 0.6948 0.7187 -0.0267
vn 0.6826 0.7187 -0.1324
vn 0.6544 0.7187 -0.2350
vn 0.6109 0.7187 -0.3322
vn 0.5530 0.7187 -0.4215
vn 0.4822 0.7187 -0.5010
vn 0.4001 0.7187 -0.5687
vn 0.3085 0.7186 -0.6232
vn 0.2099 0.7186 -0.6630
vn 0.1061 0.7187 -0.6871
vn -0.1217 0.6044 -0.7873
vn -0.0001 0.6044 -0.7967
vn -0.2405 0.6045 -0.7595
vn -0.3534 0.6044 -0.7140
vn -0.4583 0.6044 -0.6516
vn -0.5524 0.6044 -0.5740
vn -0.6336 0.6045 -0.4829
vn -0.6999 0.6045 -0.3806
vn -0.7497 0.6045 -0.2693
vn -0.7821 0.6044 -0.1517
vn -0.7961 0.6044 -0.0305
vn -0.7914 0.6044 0.0914
vn -0.7682 0.6045 0.2111
vn -0.7270 0.6044 0.3258
vn -0.6687 0.6044 0.4330
vn -0.5947 0.6045 0.5301
vn -0.5069 0.6045 0.6146
vn -0.4071 0.6044 0.6848
vn -0.2978 0.6044 0.7389
vn -0.1815 0.6044 0.7757
vn -0.0609 0.6045 0.7943
vn 0.0609 0.6045 0.7943
vn 0.1814 0.6044 0.7758
vn 0.2978 0.6044 0.7390
vn 0.4072 0.6044 0.6847
vn 0.5069 0.6045 0.6145
vn 0.5947 0.6045 0.5301
vn 0.6687 0.6044 0.4331
vn 0.7270 0.6045 0.3258
vn 0.7682 0.6044 0.2111
vn 0.7914 0.6044 0.0914
vn 0.7961 0.6044 -0.0305
vn 0.7821 0.6044 -0.1517
vn 0.7498 0.6044 -0.2693
vn 0.6999 0.6045 -0.3806
vn 0.6336 0.6045 -0.4829
vn 0.5524 0.6045 -0.5740
vn 0.4583 0.6044 -0.6516
vn 0.3534 0.6045 -0.7140
vn 0.2404 0.6044 -0.7595
vn 0.1218 0.6043 -0.7874
vn -0.1342 0.4761 -0.8691
vn 0.0000 0.4761 -0.8794
vn -0.2652 0.4762 -0.8384
vn -0.3902 0.4762 -0.7880
vn -0.5059 0.4761 -0.7193
vn -0.6098 0.4761 -0.6336
vn -0.6994 0.4761 -0.5331
vn -0.7725 0.4761 -0.4201
vn -0.8276 0.4761 -0.2973
vn -0.8633 0.4761 -0.1674
vn -0.8787 0.4762 -0.0337
vn -0.8736 0.4762 0.1008
vn -0.8479 0.4762 0.2330
vn -0.8024 0.4762 0.3597
vn -0.7381 0.4761 0.4780
vn -0.6565 0.4762 0.5851
vn -0.5595 0.4761 0.6784
vn -0.4494 0.4762 0.7559
vn -0.3286 0.4763 0.8156
vn -0.2004 0.4762 0.8562
vn -0.0673 0.4763 0.8767
vn 0.0673 0.4763 0.8767
vn 0.2003 0.4762 0.8562
vn 0.3287 0.4762 0.8156
vn 0.4493 0.4761 0.7559
vn 0.5594 0.4762 0.6784
vn 0.6565 0.4762 0.5850
vn 0.7381 0.4762 0.4780
vn 0.8024 0.4762 0.3597
vn 0.8479 0.4762 0.2330
vn 0.8736 0.4762 0.1008
vn 0.8787 0.4762 -0.0337
vn 0.8633 0.4762 -0.1675
vn 0.8276 0.4762 -0.2972
vn 0.7726 0.4761 -0.4201
vn 0.6994 0.4761 -0.5331
vn 0.6098 0.4761 -0.6336
vn 0.5060 0.4761 -0.7193
vn 0.3902 0.4762 -0.7881
vn 0.2652 0.4762 -0.8384
vn 0.1342 0.4761 -0.8691
vn -0.1437 0.3369 -0.9305
vn 0.0000 0.3369 -0.9416
vn -0.2840 0.3368 -0.8977
vn -0.4178 0.3369 -0.8437
vn -0.5417 0.3369 -0.7701
vn -0.6529 0.3368 -0.6784
vn -0.7489 0.3368 -0.5708
vn -0.8272 0.3368 -0.4498
vn -0.8861 0.3368 -0.3183
vn -0.9243 0.3368 -0.1792
vn -0.9409 0.3368 -0.0361
vn -0.9354 0.3368 0.1080
vn -0.9079 0.3368 0.2495
vn -0.8592 0.3368 0.3852
vn -0.7903 0.3368 0.5118
vn -0.7029 0.3369 0.6265
vn -0.5990 0.3368 0.7264
vn -0.4813 0.3368 0.8093
vn -0.3520 0.3368 0.8733
vn -0.2145 0.3368 0.9168
vn -0.0721 0.3369 0.9388
vn 0.0722 0.3369 0.9388
vn 0.2145 0.3368 0.9168
vn 0.3519 0.3368 0.8733
vn 0.4812 0.3368 0.8093
vn 0.5990 0.3368 0.7265
vn 0.7030 0.3368 0.6264
vn 0.7903 0.3368 0.5118
vn 0.8592 0.3368 0.3852
vn 0.9079 0.3368 0.2495
vn 0.9354 0.3368 0.1080
vn 0.9409 0.3368 -0.0360
vn 0.9243 0.3368 -0.1792
vn 0.8861 0.3369 -0.3183
vn 0.8272 0.3368 -0.4498
vn 0.7489 0.3368 -0.5708
vn 0.6529 0.3369 -0.6784
vn 0.5417 0.3368 -0.7701
vn 0.4179 0.3367 -0.8438
vn 0.2841 0.3368 -0.8977
vn 0.1436 0.3369 -0.9305
vn -0.1499 0.1897 -0.9703
vn 0.0000 0.1897 -0.9818
vn -0.2962 0.1896 -0.9361
vn -0.4356 0.1896 -0.8799
vn -0.5649 0.1898 -0.8030
vn -0.6809 0.1897 -0.7074
vn -0.7809 0.1898 -0.5952
vn -0.8625 0.1897 -0.4691
vn -0.9240 0.1897 -0.3319
vn -0.9639 0.1897 -0.1869
vn -0.9811 0.1897 -0.0376
vn -0.9754 0.1897 0.1126
vn -0.9468 0.1897 0.2602
vn -0.8959 0.1897 0.4017
vn -0.8241 0.1897 0.5337
vn -0.7330 0.1897 0.6532
vn -0.6246 0.1897 0.7575
vn -0.5018 0.1897 0.8439
vn -0.3670 0.1897 0.9107
vn -0.2237 0.1897 0.9560
vn -0.0753 0.1896 0.9790
vn 0.0752 0.1896 0.9790
vn 0.2238 0.1898 0.9560
vn 0.3670 0.1897 0.9107
vn 0.5017 0.1897 0.8440
vn 0.6246 0.1896 0.7575
vn 0.7330 0.1897 0.6532
vn 0.8241 0.1897 0.5337
vn 0.8959 0.1897 0.4017
vn 0.9468 0.1897 0.2602
vn 0.9754 0.1897 0.1126
vn 0.9811 0.1897 -0.0376
vn 0.9639 0.1897 -0.1869
vn 0.9240 0.1897 -0.3319
vn 0.8625 0.1898 -0.4691
vn 0.7809 0.1898 -0.5952
vn 0.6809 0.1897 -0.7074
vn 0.5648 0.1898 -0.8031
vn 0.4356 0.1897 -0.8799
vn 0.2963 0.1896 -0.9361
vn 0.1499 0.1897 -0.9703
vn -0.1525 0.0382 -0.9876
vn 0.0000 0.0382 -0.9993
vn -0.3015 0.0382 -0.9527
vn -0.4433 0.0381 -0.8955
vn -0.5749 0.0380 -0.8174
vn -0.6929 0.0381 -0.7200
vn -0.7947 0.0381 -0.6058
vn -0.8779 0.0382 -0.4774
vn -0.9405 0.0382 -0.3378
vn -0.9810 0.0381 -0.1903
vn -0.9985 0.0382 -0.0383
vn -0.9927 0.0382 0.1146
vn -0.9635 0.0381 0.2648
vn -0.9119 0.0381 0.4087
vn -0.8388 0.0382 0.5431
vn -0.7460 0.0382 0.6649
vn -0.6357 0.0382 0.7710
vn -0.5107 0.0382 0.8589
vn -0.3736 0.0382 0.9268
vn -0.2276 0.0383 0.9730
vn -0.0764 0.0381 0.9963
vn 0.0764 0.0380 0.9964
vn 0.2276 0.0382 0.9730
vn 0.3736 0.0383 0.9268
vn 0.5107 0.0382 0.8589
vn 0.6358 0.0382 0.7709
vn 0.7459 0.0381 0.6649
vn 0.8388 0.0382 0.5432
vn 0.9118 0.0382 0.4088
vn 0.9636 0.0382 0.2647
vn 0.9927 0.0382 0.1146
vn 0.9985 0.0382 -0.0383
vn 0.9810 0.0381 -0.1902
vn 0.9405 0.0381 -0.3378
vn 0.8779 0.0381 -0.4774
vn 0.7947 0.0382 -0.6058
vn 0.6929 0.0382 -0.7200
vn 0.5749 0.0381 -0.8173
vn 0.4433 0.0383 -0.8956
vn 0.3015 0.0382 -0.9527
vn 0.1525 0.0382 -0.9876
vn -0.1516 -0.1142 -0.9818
vn 0.0000 -0.1142 -0.9935
vn -0.2997 -0.1143 -0.9472
vn -0.4408 -0.1143 -0.8903
vn -0.5716 -0.1142 -0.8126
vn -0.6889 -0.1143 -0.7158
vn -0.7901 -0.1143 -0.6022
vn -0.8727 -0.1143 -0.4746
vn -0.9350 -0.1143 -0.3358
vn -0.9753 -0.1143 -0.1891
vn -0.9927 -0.1143 -0.0381
vn -0.9869 -0.1143 0.1139
vn -0.9579 -0.1142 0.2632
vn -0.9066 -0.1142 0.4063
vn -0.8339 -0.1142 0.5400
vn -0.7417 -0.1143 0.6609
vn -0.6321 -0.1143 0.7664
vn -0.5077 -0.1143 0.8539
vn -0.3714 -0.1143 0.9214
vn -0.2263 -0.1143 0.9673
vn -0.0759 -0.1141 0.9906
vn 0.0760 -0.1142 0.9905
vn 0.2262 -0.1143 0.9673
vn 0.3714 -0.1143 0.9214
vn 0.5077 -0.1143 0.8539
vn 0.6321 -0.1142 0.7664
vn 0.7417 -0.1143 0.6610
vn 0.8339 -0.1143 0.5400
vn 0.9065 -0.1143 0.4064
vn 0.9579 -0.1143 0.2633
vn 0.9869 -0.1142 0.1139
vn 0.9927 -0.1143 -0.0381
vn 0.9753 -0.1143 -0.1891
vn 0.9350 -0.1142 -0.3358
vn 0.8727 -0.1143 -0.4746
vn 0.7901 -0.1144 -0.6022
vn 0.6889 -0.1142 -0.7158
vn 0.5716 -0.1143 -0.8126
vn 0.4408 -0.1143 -0.8903
vn 0.2997 -0.1142 -0.9472
vn 0.1516 -0.1142 -0.9818
vn -0.1472 -0.2640 -0.9532
vn 0.0000 -0.2640 -0.9645
vn -0.2911 -0.2641 -0.9195
vn -0.4279 -0.2641 -0.8644
vn -0.5549 -0.2640 -0.7889
vn -0.6689 -0.2640 -0.6949
vn -0.7671 -0.2640 -0.5847
vn -0.8473 -0.2640 -0.4608
vn -0.9078 -0.2640 -0.3260
vn -0.9469 -0.2640 -0.1836
vn -0.9638 -0.2640 -0.0369
vn -0.9581 -0.2640 0.1106
vn -0.9300 -0.2640 0.2556
vn -0.8801 -0.2640 0.3945
vn -0.8096 -0.2640 0.5243
vn -0.7200 -0.2641 0.6417
vn -0.6136 -0.2641 0.7441
vn -0.4929 -0.2640 0.8291
vn -0.3606 -0.2641 0.8946
vn -0.2198 -0.2641 0.9391
vn -0.0739 -0.2640 0.9617
vn 0.0739 -0.2639 0.9617
vn 0.2198 -0.2640 0.9391
vn 0.3606 -0.2641 0.8946
vn 0.4929 -0.2641 0.8290
vn 0.6136 -0.2642 0.7441
vn 0.7200 -0.2641 0.6417
vn 0.8096 -0.2640 0.5243
vn 0.8801 -0.2640 0.3945
vn 0.9300 -0.2640 0.2556
vn 0.9582 -0.2640 0.1106
vn 0.9638 -0.2640 -0.0369
vn 0.9469 -0.2640 -0.1836
vn 0.9078 -0.2640 -0.3260
vn 0.8473 -0.2640 -0.4609
vn 0.7671 -0.2640 -0.5847
vn 0.6689 -0.2641 -0.6948
vn 0.5548 -0.2640 -0.7890
vn 0.4279 -0.2641 -0.8644
vn 0.2911 -0.2641 -0.9195
vn 0.1472 -0.2640 -0.9532
vn -0.1394 -0.4077 -0.9024
vn 0.0000 -0.4077 -0.9131
vn -0.2756 -0.4076 -0.8706
vn -0.4051 -0.4076 -0.8184
vn -0.5253 -0.4077 -0.7469
vn -0.6332 -0.4077 -0.6579
vn -0.7262 -0.4076 -0.5536
vn -0.8022 -0.4077 -0.4363
vn -0.8594 -0.4077 -0.3087
vn -0.8964 -0.4077 -0.1738
vn -0.9125 -0.4077 -0.0350
vn -0.9071 -0.4077 0.1047
vn -0.8805 -0.4077 0.2420
vn -0.8332 -0.4077 0.3735
vn -0.7664 -0.4077 0.4964
vn -0.6816 -0.4077 0.6076
vn -0.5810 -0.4078 0.7044
vn -0.4667 -0.4077 0.7849
vn -0.3413 -0.4077 0.8469
vn -0.2081 -0.4077 0.8891
vn -0.0700 -0.4077 0.9104
vn 0.0700 -0.4077 0.9104
vn 0.2081 -0.4077 0.8891
vn 0.3413 -0.4077 0.8469
vn 0.4667 -0.4076 0.7848
vn 0.5810 -0.4077 0.7044
vn 0.6817 -0.4077 0.6076
vn 0.7664 -0.4077 0.4963
vn 0.8332 -0.4077 0.3735
vn 0.8805 -0.4077 0.2420
vn 0.9071 -0.4077 0.1047
vn 0.9125 -0.4077 -0.0350
vn 0.8964 -0.4077 -0.1738
vn 0.8594 -0.4077 -0.3087
vn 0.8022 -0.4077 -0.4362
vn 0.7262 -0.4076 -0.5536
vn 0.6332 -0.4077 -0.6579
vn 0.5253 -0.4077 -0.7468
vn 0.4051 -0.4076 -0.8184
vn 0.2756 -0.4076 -0.8706
vn 0.1395 -0.4077 -0.9024
vn -0.1282 -0.5419 -0.8306
vn 0.0000 -0.5419 -0.8405
vn -0.2536 -0.5418 -0.8013
vn -0.3729 -0.5419 -0.7532
vn -0.4835 -0.5419 -0.6874
vn -0.5828 -0.5419 -0.6056
vn -0.6684 -0.5419 -0.5095
vn -0.7384 -0.5419 -0.4015
vn -0.7910 -0.5419 -0.2841
vn -0.8251 -0.5419 -0.1600
vn -0.8398 -0.5419 -0.0322
vn -0.8349 -0.5419 0.0964
vn -0.8104 -0.5419 0.2227
vn -0.7669 -0.5418 0.3438
vn -0.7054 -0.5419 0.4569
vn -0.6274 -0.5419 0.5592
vn -0.5348 -0.5419 0.6484
vn -0.4296 -0.5419 0.7223
vn -0.3142 -0.5419 0.7795
vn -0.1915 -0.5419 0.8183
vn -0.0644 -0.5420 0.8379
vn 0.0644 -0.5420 0.8379
vn 0.1915 -0.5419 0.8183
vn 0.3141 -0.5420 0.7795
vn 0.4295 -0.5419 0.7224
vn 0.5347 -0.5419 0.6484
vn 0.6274 -0.5418 0.5593
vn 0.7055 -0.5418 0.4568
vn 0.7669 -0.5418 0.3438
vn 0.8104 -0.5419 0.2227
vn 0.8349 -0.5419 0.0964
vn 0.8398 -0.5419 -0.0322
vn 0.8251 -0.5419 -0.1600
vn 0.7910 -0.5419 -0.2841
vn 0.7384 -0.5419 -0.4015
vn 0.6684 -0.5419 -0.5095
vn 0.5828 -0.5419 -0.6056
vn 0.4835 -0.5419 -0.6874
vn 0.3730 -0.5419 -0.7532
vn 0.2535 -0.5418 -0.8014
vn 0.1283 -0.5419 -0.8306
vn -0.1142 -0.6634 -0.7395
vn 0.0000 -0.6634 -0.7482
vn -0.2258 -0.6635 -0.7133
vn -0.3320 -0.6635 -0.6705
vn -0.4305 -0.6635 -0.6120
vn -0.5188 -0.6635 -0.5391
vn -0.5950 -0.6635 -0.4536
vn -0.6573 -0.6635 -0.3574
vn -0.7042 -0.6635 -0.2529
vn -0.7345 -0.6635 -0.1425
vn -0.7476 -0.6635 -0.0287
vn -0.7433 -0.6635 0.0858
vn -0.7215 -0.6635 0.1982
vn -0.6828 -0.6635 0.3061
vn -0.6280 -0.6635 0.4067
vn -0.5586 -0.6635 0.4978
vn -0.4760 -0.6634 0.5773
vn -0.3823 -0.6635 0.6431
vn -0.2798 -0.6635 0.6939
vn -0.1704 -0.6634 0.7286
vn -0.0572 -0.6635 0.7460
vn 0.0571 -0.6636 0.7459
vn 0.1705 -0.6634 0.7285
vn 0.2798 -0.6635 0.6939
vn 0.3823 -0.6635 0.6431
vn 0.4760 -0.6635 0.5772
vn 0.5585 -0.6635 0.4978
vn 0.6280 -0.6635 0.4067
vn 0.6828 -0.6635 0.3060
vn 0.7214 -0.6635 0.1983
vn 0.7433 -0.6635 0.0858
vn 0.7476 -0.6635 -0.0287
vn 0.7345 -0.6635 -0.1425
vn 0.7042 -0.6635 -0.2529
vn 0.6573 -0.6635 -0.3574
vn 0.5950 -0.6635 -0.4536
vn 0.5188 -0.6635 -0.5391
vn 0.4304 -0.6635 -0.6120
vn 0.3320 -0.6635 -0.6705
vn 0.2258 -0.6635 -0.7133
vn 0.1142 -0.6635 -0.7394
vn -0.0975 -0.7697 -0.6310
vn 0.0000 -0.7697 -0.6385
vn -0.1926 -0.7697 -0.6087
vn -0.2833 -0.7696 -0.5722
vn -0.3673 -0.7696 -0.5222
vn -0.4428 -0.7696 -0.4600
vn -0.5078 -0.7697 -0.3870
vn -0.5608 -0.7697 -0.3050
vn -0.6009 -0.7697 -0.2158
vn -0.6268 -0.7697 -0.1216
vn -0.6380 -0.7697 -0.0245
vn -0.6342 -0.7697 0.0732
vn -0.6156 -0.7697 0.1692
vn -0.5826 -0.7697 0.2611
vn -0.5359 -0.7697 0.3471
vn -0.4766 -0.7696 0.4248
vn -0.4062 -0.7696 0.4926
vn -0.3263 -0.7696 0.5488
vn -0.2388 -0.7696 0.5922
vn -0.1455 -0.7696 0.6217
vn -0.0487 -0.7696 0.6367
vn 0.0487 -0.7696 0.6366
vn 0.1454 -0.7696 0.6217
vn 0.2388 -0.7696 0.5922
vn 0.3262 -0.7696 0.5488
vn 0.4062 -0.7696 0.4926
vn 0.4766 -0.7697 0.4248
vn 0.5358 -0.7697 0.3471
vn 0.5826 -0.7697 0.2611
vn 0.6156 -0.7697 0.1691
vn 0.6342 -0.7697 0.0732
vn 0.6380 -0.7697 -0.0244
vn 0.6268 -0.7697 -0.1215
vn 0.6009 -0.7696 -0.2159
vn 0.5609 -0.7697 -0.3050
vn 0.5078 -0.7697 -0.3870
vn 0.4428 -0.7696 -0.4600
vn 0.3673 -0.7696 -0.5222
vn 0.2833 -0.7697 -0.5722
vn 0.1926 -0.7697 -0.6087
vn 0.0974 -0.7696 -0.6310
vn -0.0786 -0.8579 -0.5078
vn 0.0000 -0.8579 -0.5138
vn -0.1551 -0.8579 -0.4898
vn -0.2279 -0.8580 -0.4604
vn -0.2955 -0.8580 -0.4202
vn -0.3563 -0.8579 -0.3701
vn -0.4087 -0.8579 -0.3114
vn -0.4513 -0.8579 -0.2455
vn -0.4835 -0.8579 -0.1737
vn -0.5044 -0.8579 -0.0978
vn -0.5134 -0.8579 -0.0197
vn -0.5104 -0.8579 0.0589
vn -0.4954 -0.8579 0.1361
vn -0.4688 -0.8579 0.2102
vn -0.4313 -0.8580 0.2792
vn -0.3836 -0.8579 0.3418
vn -0.3269 -0.8579 0.3964
vn -0.2626 -0.8579 0.4416
vn -0.1921 -0.8579 0.4766
vn -0.1171 -0.8579 0.5002
vn -0.0394 -0.8579 0.5123
vn 0.0394 -0.8579 0.5123
vn 0.1170 -0.8579 0.5003
vn 0.1921 -0.8579 0.4765
vn 0.2626 -0.8579 0.4417
vn 0.3269 -0.8579 0.3964
vn 0.3836 -0.8579 0.3418
vn 0.4313 -0.8579 0.2792
vn 0.4688 -0.8579 0.2102
vn 0.4954 -0.8579 0.1361
vn 0.5104 -0.8579 0.0589
vn 0.5134 -0.8579 -0.0197
vn 0.5044 -0.8579 -0.0978
vn 0.4835 -0.8579 -0.1737
vn 0.4513 -0.8579 -0.2455
vn 0.4086 -0.8579 -0.3114
vn 0.3563 -0.8579 -0.3701
vn 0.2955 -0.8579 -0.4202
vn 0.2279 -0.8579 -0.4604
vn 0.1551 -0.8580 -0.4897
vn 0.0785 -0.8579 -0.5077
vn -0.0575 -0.9262 -0.3726
vn 0.0000 -0.9262 -0.3770
vn -0.1139 -0.9262 -0.3594
vn -0.1673 -0.9262 -0.3379
vn -0.2169 -0.9262 -0.3084
vn -0.2614 -0.9262 -0.2716
vn -0.2998 -0.9262 -0.2286
vn -0.3312 -0.9262 -0.1801
vn -0.3548 -0.9262 -0.1275
vn -0.3701 -0.9262 -0.0718
vn -0.3767 -0.9262 -0.0145
vn -0.3745 -0.9262 0.0433
vn -0.3635 -0.9262 0.0999
vn -0.3440 -0.9262 0.1543
vn -0.3165 -0.9262 0.2049
vn -0.2815 -0.9262 0.2508
vn -0.2398 -0.9262 0.2909
vn -0.1927 -0.9262 0.3240
vn -0.1410 -0.9262 0.3497
vn -0.0858 -0.9262 0.3672
vn -0.0288 -0.9262 0.3759
vn 0.0287 -0.9262 0.3759
vn 0.0858 -0.9262 0.3671
vn 0.1410 -0.9262 0.3497
vn 0.1927 -0.9262 0.3241
vn 0.2398 -0.9262 0.2909
vn 0.2815 -0.9262 0.2508
vn 0.3164 -0.9262 0.2049
vn 0.3440 -0.9262 0.1543
vn 0.3635 -0.9262 0.0999
vn 0.3745 -0.9262 0.0433
vn 0.3767 -0.9262 -0.0145
vn 0.3701 -0.9262 -0.0718
vn 0.3548 -0.9262 -0.1275
vn 0.3312 -0.9262 -0.1801
vn 0.2998 -0.9262 -0.2286
vn 0.2614 -0.9262 -0.2716
vn 0.2169 -0.9262 -0.3084
vn 0.1673 -0.9262 -0.3379
vn 0.1138 -0.9262 -0.3595
vn 0.0575 -0.9262 -0.3726
vn -0.0326 -0.9769 -0.2111
vn 0.0000 -0.9769 -0.2136
vn -0.0645 -0.9769 -0.2037
vn -0.0948 -0.9769 -0.1914
vn -0.1230 -0.9769 -0.1747
vn -0.1482 -0.9769 -0.1539
vn -0.1699 -0.9769 -0.1295
vn -0.1876 -0.9769 -0.1020
vn -0.2010 -0.9769 -0.0722
vn -0.2097 -0.9769 -0.0407
vn -0.2135 -0.9769 -0.0082
vn -0.2122 -0.9769 0.0245
vn -0.2060 -0.9769 0.0566
vn -0.1949 -0.9769 0.0874
vn -0.1793 -0.9769 0.1161
vn -0.1595 -0.9769 0.1421
vn -0.1359 -0.9769 0.1648
vn -0.1092 -0.9769 0.1836
vn -0.0799 -0.9769 0.1981
vn -0.0486 -0.9769 0.2080
vn -0.0163 -0.9769 0.2130
vn 0.0163 -0.9769 0.2130
vn 0.0486 -0.9769 0.2080
vn 0.0799 -0.9769 0.1981
vn 0.1092 -0.9769 0.1836
vn 0.1359 -0.9769 0.1648
vn 0.1595 -0.9769 0.1421
vn 0.1949 -0.9769 0.0874
vn 0.2060 -0.9769 0.0566
vn 0.2122 -0.9769 0.0245
vn 0.2135 -0.9769 -0.0082
vn 0.2097 -0.9769 -0.0407
vn 0.2010 -0.9769 -0.0722
vn 0.1877 -0.9769 -0.1020
vn 0.1699 -0.9769 -0.1295
vn 0.1482 -0.9769 -0.1539
vn 0.0948 -0.9769 -0.1914
vn 0.1229 -0.9769 -0.1747
vn 0.0645 -0.9769 -0.2037
vn 0.0326 -0.9769 -0.2111
vn 0.1793 -0.9769 0.1161
vn 0.0000 0.9796 -0.2010
vn -0.0392 0.9796 -0.1971
vn -0.0769 0.9796 -0.1857
vn -0.1117 0.9796 -0.1671
vn -0.1421 0.9796 -0.1421
vn -0.1671 0.9796 -0.1117
vn -0.1857 0.9796 -0.0769
vn -0.1971 0.9796 -0.0392
vn -0.2010 0.9796 -0.0000
vn -0.1971 0.9796 0.0392
vn -0.1857 0.9796 0.0769
vn -0.1671 0.9796 0.1117
vn -0.1421 0.9796 0.1421
vn -0.1117 0.9796 0.1671
vn -0.0769 0.9796 0.1857
vn -0.0392 0.9796 0.1971
vn -0.0000 0.9796 0.2010
vn 0.0392 0.9796 0.1971
vn 0.0769 0.9796 0.1857
vn 0.1117 0.9796 0.1671
vn 0.1421 0.9796 0.1421
vn 0.1671 0.9796 0.1117
vn 0.1857 0.9796 0.0769
vn 0.1971 0.9796 0.0392
vn 0.2010 0.9796 0.0000
vn 0.1971 0.9796 -0.0392
vn 0.1857 0.9796 -0.0769
vn 0.1671 0.9796 -0.1117
vn 0.1421 0.9796 -0.1421
vn 0.1117 0.9796 -0.1671
vn 0.0769 0.9796 -0.1857
vn 0.0392 0.9796 -0.1971
vn -0.0757 0.9217 -0.3804
vn 0.0000 0.9217 -0.3879
vn -0.1484 0.9217 -0.3584
vn -0.2155 0.9217 -0.3225
vn -0.2743 0.9217 -0.2743
vn -0.3225 0.9217 -0.2155
vn -0.3584 0.9217 -0.1484
vn -0.3804 0.9217 -0.0757
vn -0.3879 0.9217 -0.0000
vn -0.3804 0.9217 0.0757
vn -0.3584 0.9217 0.1484
vn -0.3225 0.9217 0.2155
vn -0.2743 0.9217 0.2743
vn -0.2155 0.9217 0.3225
vn -0.1484 0.9217 0.3584
vn -0.0757 0.9217 0.3804
vn -0.0000 0.9217 0.3879
vn 0.0757 0.9217 0.3804
vn 0.1484 0.9217 0.3584
vn 0.2155 0.9217 0.3225
vn 0.2743 0.9217 0.2743
vn 0.3225 0.9217 0.2155
vn 0.3584 0.9217 0.1484
vn 0.3804 0.9217 0.0757
vn 0.3879 0.9217 0.0000
vn 0.3804 0.9217 -0.0757
vn 0.3584 0.9217 -0.1484
vn 0.3225 0.9217 -0.2155
vn 0.2743 0.9217 -0.2743
vn 0.2155 0.9217 -0.3225
vn 0.1484 0.9217 -0.3584
vn 0.0757 0.9217 -0.3804
vn -0.1092 0.8286 -0.5490
vn 0.0000 0.8286 -0.5598
vn -0.2142 0.8286 -0.5172
vn -0.3110 0.8286 -0.4654
vn -0.3958 0.8286 -0.3958
vn -0.4654 0.8286 -0.3110
vn -0.5172 0.8286 -0.2142
vn -0.5490 0.8286 -0.1092
vn -0.5598 0.8286 -0.0000
vn -0.5490 0.8286 0.1092
vn -0.5172 0.8286 0.2142
vn -0.4654 0.8286 0.3110
vn -0.3958 0.8286 0.3958
vn -0.3110 0.8286 0.4654
vn -0.2142 0.8286 0.5172
vn -0.1092 0.8286 0.5490
vn 0.0000 0.8286 0.5598
vn 0.1092 0.8286 0.5490
vn 0.2142 0.8286 0.5172
vn 0.3110 0.8286 0.4654
vn 0.3958 0.8286 0.3958
vn 0.4654 0.8286 0.3110
vn 0.5172 0.8286 0.2142
vn 0.5490 0.8286 0.1092
vn 0.5598 0.8286 -0.0000
vn 0.5490 0.8286 -0.1092
vn 0.5172 0.8286 -0.2142
vn 0.4654 0.8286 -0.3110
vn 0.3958 0.8286 -0.3958
vn 0.3110 0.8286 -0.4654
vn 0.2142 0.8286 -0.5172
vn 0.1092 0.8286 -0.5490
vn -0.1386 0.7041 -0.6965
vn 0.0000 0.7041 -0.7101
vn -0.2718 0.7041 -0.6561
vn -0.3945 0.7041 -0.5905
vn -0.5021 0.7041 -0.5021
vn -0.5905 0.7041 -0.3945
vn -0.6561 0.7041 -0.2718
vn -0.6965 0.7041 -0.1385
vn -0.7101 0.7041 0.0000
vn -0.6965 0.7041 0.1385
vn -0.6561 0.7041 0.2718
vn -0.5905 0.7041 0.3945
vn -0.5021 0.7041 0.5021
vn -0.3945 0.7041 0.5905
vn -0.2718 0.7041 0.6561
vn -0.1386 0.7041 0.6965
vn -0.0000 0.7041 0.7101
vn 0.1386 0.7041 0.6965
vn 0.2718 0.7041 0.6561
vn 0.3945 0.7041 0.5905
vn 0.5021 0.7041 0.5021
vn 0.5905 0.7041 0.3945
vn 0.6561 0.7041 0.2718
vn 0.6965 0.7041 0.1385
vn 0.7101 0.7041 -0.0000
vn 0.6965 0.7041 -0.1385
vn 0.6561 0.7041 -0.2718
vn 0.5905 0.7041 -0.3945
vn 0.5021 0.7041 -0.5021
vn 0.3945 0.7041 -0.5905
vn 0.2718 0.7041 -0.6561
vn 0.1386 0.7041 -0.6965
vn -0.1626 0.5528 -0.8173
vn 0.0000 0.5528 -0.8333
vn -0.3189 0.5528 -0.7699
vn -0.4630 0.5528 -0.6929
vn -0.5893 0.5528 -0.5893
vn -0.6929 0.5528 -0.4630
vn -0.7699 0.5528 -0.3189
vn -0.8173 0.5528 -0.1626
vn -0.8333 0.5528 0.0000
vn -0.8173 0.5528 0.1626
vn -0.7699 0.5528 0.3189
vn -0.6929 0.5528 0.4630
vn -0.5893 0.5528 0.5893
vn -0.4630 0.5528 0.6929
vn -0.3189 0.5528 0.7699
vn -0.1626 0.5528 0.8173
vn -0.0000 0.5528 0.8333
vn 0.1626 0.5528 0.8173
vn 0.3189 0.5528 0.7699
vn 0.4630 0.5528 0.6929
vn 0.5893 0.5528 0.5893
vn 0.6929 0.5528 0.4630
vn 0.7699 0.5528 0.3189
vn 0.8173 0.5528 0.1626
vn 0.8333 0.5528 -0.0000
vn 0.8173 0.5528 -0.1626
vn 0.7699 0.5528 -0.3189
vn 0.6929 0.5528 -0.4630
vn 0.5893 0.5528 -0.5893
vn 0.4630 0.5528 -0.6929
vn 0.3189 0.5528 -0.7699
vn 0.1626 0.5528 -0.8173
vn -0.1804 0.3805 -0.9070
vn 0.0000 0.3805 -0.9248
vn -0.3539 0.3805 -0.8544
vn -0.5138 0.3805 -0.7689
vn -0.6539 0.3805 -0.6539
vn -0.7689 0.3805 -0.5138
vn -0.8544 0.3805 -0.3539
vn -0.9070 0.3805 -0.1804
vn -0.9248 0.3805 -0.0000
vn -0.9070 0.3805 0.1804
vn -0.8544 0.3805 0.3539
vn -0.7689 0.3805 0.5138
vn -0.6539 0.3805 0.6539
vn -0.5138 0.3805 0.7689
vn -0.3539 0.3805 0.8544
vn -0.1804 0.3805 0.9070
vn 0.0000 0.3805 0.9248
vn 0.1804 0.3805 0.9070
vn 0.3539 0.3805 0.8544
vn 0.5138 0.3805 0.7689
vn 0.6539 0.3805 0.6539
vn 0.7689 0.3805 0.5138
vn 0.8544 0.3805 0.3539
vn 0.9070 0.3805 0.1804
vn 0.9248 0.3805 0.0000
vn 0.9070 0.3805 -0.1804
vn 0.8544 0.3805 -0.3539
vn 0.7689 0.3805 -0.5138
vn 0.6539 0.3805 -0.6539
vn 0.5138 0.3805 -0.7689
vn 0.3539 0.3805 -0.8544
vn 0.1804 0.3805 -0.9070
vn -0.1914 0.1939 -0.9622
vn 0.0000 0.1939 -0.9810
vn -0.3754 0.1939 -0.9063
vn -0.5450 0.1939 -0.8157
vn -0.6937 0.1939 -0.6937
vn -0.8157 0.1939 -0.5450
vn -0.9063 0.1939 -0.3754
vn -0.9622 0.1939 -0.1914
vn -0.9810 0.1939 -0.0000
vn -0.9622 0.1939 0.1914
vn -0.9063 0.1939 0.3754
vn -0.8157 0.1939 0.5450
vn -0.6937 0.1939 0.6937
vn -0.5450 0.1939 0.8157
vn -0.3754 0.1939 0.9063
vn -0.1914 0.1939 0.9622
vn -0.0000 0.1939 0.9810
vn 0.1914 0.1939 0.9622
vn 0.3754 0.1939 0.9063
vn 0.5450 0.1939 0.8157
vn 0.6937 0.1939 0.6937
vn 0.8157 0.1939 0.5450
vn 0.9063 0.1939 0.3754
vn 0.9622 0.1939 0.1914
vn 0.9810 0.1939 0.0000
vn 0.9622 0.1939 -0.1914
vn 0.9063 0.1939 -0.3754
vn 0.8157 0.1939 -0.5450
vn 0.6937 0.1939 -0.6937
vn 0.5450 0.1939 -0.8157
vn 0.3754 0.1939 -0.9063
vn 0.1914 0.1939 -0.9622
vn -0.1951 -0.0000 -0.9808
vn 0.0000 0.0000 -1.0000
vn -0.3827 0.0000 -0.9239
vn -0.5556 0.0000 -0.8315
vn -0.7071 0.0000 -0.7071
vn -0.8315 0.0000 -0.5556
vn -0.9239 0.0000 -0.3827
vn -0.9808 0.0000 -0.1951
vn -0.9808 0.0000 0.1951
vn -0.9239 0.0000 0.3827
vn -0.8315 0.0000 0.5556
vn -0.7071 0.0000 0.7071
vn -0.5556 0.0000 0.8315
vn -0.3827 0.0000 0.9239
vn -0.1951 0.0000 0.9808
vn 0.1951 0.0000 0.9808
vn 0.3827 0.0000 0.9239
vn 0.5556 0.0000 0.8315
vn 0.7071 0.0000 0.7071
vn 0.8315 0.0000 0.5556
vn 0.9239 0.0000 0.3827
vn 0.9808 0.0000 0.1951
vn 1.0000 0.0000 0.0000
vn 0.9808 0.0000 -0.1951
vn 0.9239 0.0000 -0.3827
vn 0.8315 0.0000 -0.5556
vn 0.7071 0.0000 -0.7071
vn 0.5556 0.0000 -0.8315
vn 0.3827 0.0000 -0.9239
vn 0.1951 -0.0000 -0.9808
vn -0.1914 -0.1939 -0.9622
vn 0.0000 -0.1939 -0.9810
vn -0.3754 -0.1939 -0.9063
vn -0.5450 -0.1939 -0.8157
vn -0.6937 -0.1939 -0.6937
vn -0.8157 -0.1939 -0.5450
vn -0.9063 -0.1939 -0.3754
vn -0.9622 -0.1939 -0.1914
vn -0.9810 -0.1939 -0.0000
vn -0.9622 -0.1939 0.1914
vn -0.9063 -0.1939 0.3754
vn -0.8157 -0.1939 0.5450
vn -0.6937 -0.1939 0.6937
vn -0.5450 -0.1939 0.8157
vn -0.3754 -0.1939 0.9063
vn -0.1914 -0.1939 0.9622
vn -0.0000 -0.1939 0.9810
vn 0.1914 -0.1939 0.9622
vn 0.3754 -0.1939 0.9063
vn 0.5450 -0.1939 0.8157
vn 0.6937 -0.1939 0.6937
vn 0.8157 -0.1939 0.5450
vn 0.9063 -0.1939 0.3754
vn 0.9622 -0.1939 0.1914
vn 0.9810 -0.1939 0.0000
vn 0.9622 -0.1939 -0.1914
vn 0.9063 -0.1939 -0.3754
vn 0.8157 -0.1939 -0.5450
vn 0.6937 -0.1939 -0.6937
vn 0.5450 -0.1939 -0.8157
vn 0.3754 -0.1939 -0.9063
vn 0.1914 -0.1939 -0.9622
vn -0.1804 -0.3805 -0.9070
vn 0.0000 -0.3805 -0.9248
vn -0.3539 -0.3805 -0.8544
vn -0.5138 -0.3805 -0.7689
vn -0.6539 -0.3805 -0.6539
vn -0.7689 -0.3805 -0.5138
vn -0.8544 -0.3805 -0.3539
vn -0.9070 -0.3805 -0.1804
vn -0.9248 -0.3805 -0.0000
vn -0.9070 -0.3805 0.1804
vn -0.8544 -0.3805 0.3539
vn -0.7689 -0.3805 0.5138
vn -0.6539 -0.3805 0.6539
vn -0.5138 -0.3805 0.7689
vn -0.3539 -0.3805 0.8544
vn -0.1804 -0.3805 0.9070
vn 0.0000 -0.3805 0.9248
vn 0.1804 -0.3805 0.9070
vn 0.3539 -0.3805 0.8544
vn 0.5138 -0.3805 0.7689
vn 0.6539 -0.3805 0.6539
vn 0.7689 -0.3805 0.5138
vn 0.8544 -0.3805 0.3539
vn 0.9070 -0.3805 0.1804
vn 0.9248 -0.3805 0.0000
vn 0.9070 -0.3805 -0.1804
vn 0.8544 -0.3805 -0.3539
vn 0.7689 -0.3805 -0.5138
vn 0.6539 -0.3805 -0.6539
vn 0.5138 -0.3805 -0.7689
vn 0.3539 -0.3805 -0.8544
vn 0.1804 -0.3805 -0.9070
vn -0.1626 -0.5528 -0.8173
vn 0.0000 -0.5528 -0.8333
vn -0.3189 -0.5528 -0.7699
vn -0.4630 -0.5528 -0.6929
vn -0.5893 -0.5528 -0.5893
vn -0.6929 -0.5528 -0.4630
vn -0.7699 -0.5528 -0.3189
vn -0.8173 -0.5528 -0.1626
vn -0.8333 -0.5528 0.0000
vn -0.8173 -0.5528 0.1626
vn -0.7699 -0.5528 0.3189
vn -0.6929 -0.5528 0.4630
vn -0.5893 -0.5528 0.5893
vn -0.4630 -0.5528 0.6929
vn -0.3189 -0.5528 0.7699
vn -0.1626 -0.5528 0.8173
vn -0.0000 -0.5528 0.8333
vn 0.1626 -0.5528 0.8173
vn 0.3189 -0.5528 0.7699
vn 0.4630 -0.5528 0.6929
vn 0.5893 -0.5528 0.5893
vn 0.6929 -0.5528 0.4630
vn 0.7699 -0.5528 0.3189
vn 0.8173 -0.5528 0.1626
vn 0.8333 -0.5528 -0.0000
vn 0.8173 -0.5528 -0.1626
vn 0.7699 -0.5528 -0.3189
vn 0.6929 -0.5528 -0.4630
vn 0.5893 -0.5528 -0.5893
vn 0.4630 -0.5528 -0.6929
vn 0.3189 -0.5528 -0.7699
vn 0.1626 -0.5528 -0.8173
vn -0.1386 -0.7041 -0.6965
vn 0.0000 -0.7041 -0.7101
vn -0.2718 -0.7041 -0.6561
vn -0.3945 -0.7041 -0.5905
vn -0.5021 -0.7041 -0.5021
vn -0.5905 -0.7041 -0.3945
vn -0.6561 -0.7041 -0.2718
vn -0.6965 -0.7041 -0.1385
vn -0.7101 -0.7041 0.0000
vn -0.6965 -0.7041 0.1385
vn -0.6561 -0.7041 0.2718
vn -0.5905 -0.7041 0.3945
vn -0.5021 -0.7041 0.5021
vn -0.3945 -0.7041 0.5905
vn -0.2718 -0.7041 0.6561
vn -0.1386 -0.7041 0.6965
vn -0.0000 -0.7041 0.7101
vn 0.1386 -0.7041 0.6965
vn 0.2718 -0.7041 0.6561
vn 0.3945 -0.7041 0.5905
vn 0.5021 -0.7041 0.5021
vn 0.5905 -0.7041 0.3945
vn 0.6561 -0.7041 0.2718
vn 0.6965 -0.7041 0.1385
vn 0.7101 -0.7041 -0.0000
vn 0.6965 -0.7041 -0.1385
vn 0.6561 -0.7041 -0.2718
vn 0.5905 -0.7041 -0.3945
vn 0.5021 -0.7041 -0.5021
vn 0.3945 -0.7041 -0.5905
vn 0.2718 -0.7041 -0.6561
vn 0.1386 -0.7041 -0.6965
vn -0.1092 -0.8286 -0.5490
vn 0.0000 -0.8286 -0.5598
vn -0.2142 -0.8286 -0.5172
vn -0.3110 -0.8286 -0.4654
vn -0.3958 -0.8286 -0.3958
vn -0.4654 -0.8286 -0.3110
vn -0.5172 -0.8286 -0.2142
vn -0.5490 -0.8286 -0.1092
vn -0.5598 -0.8286 -0.0000
vn -0.5490 -0.8286 0.1092
vn -0.5172 -0.8286 0.2142
vn -0.4654 -0.8286 0.3110
vn -0.3958 -0.8286 0.3958
vn -0.3110 -0.8286 0.4654
vn -0.2142 -0.8286 0.5172
vn -0.1092 -0.8286 0.5490
vn 0.0000 -0.8286 0.5598
vn 0.1092 -0.8286 0.5490
vn 0.2142 -0.8286 0.5172
vn 0.3110 -0.8286 0.4654
vn 0.3958 -0.8286 0.3958
vn 0.4654 -0.8286 0.3110
vn 0.5172 -0.8286 0.2142
vn 0.5490 -0.8286 0.1092
vn 0.5598 -0.8286 0.0000
vn 0.5490 -0.8286 -0.1092
vn 0.5172 -0.8286 -0.2142
vn 0.4654 -0.8286 -0.3110
vn 0.3958 -0.8286 -0.3958
vn 0.3110 -0.8286 -0.4654
vn 0.2142 -0.8286 -0.5172
vn 0.1092 -0.8286 -0.5490
vn -0.0757 -0.9217 -0.3804
vn 0.0000 -0.9217 -0.3879
vn -0.1484 -0.9217 -0.3584
vn -0.2155 -0.9217 -0.3225
vn -0.2743 -0.9217 -0.2743
vn -0.3225 -0.9217 -0.2155
vn -0.3584 -0.9217 -0.1484
vn -0.3804 -0.9217 -0.0757
vn -0.3879 -0.9217 -0.0000
vn -0.3804 -0.9217 0.0757
vn -0.3584 -0.9217 0.1484
vn -0.3225 -0.9217 0.2155
vn -0.2743 -0.9217 0.2743
vn -0.2155 -0.9217 0.3225
vn -0.1484 -0.9217 0.3584
vn -0.0757 -0.9217 0.3804
vn -0.0000 -0.9217 0.3879
vn 0.0757 -0.9217 0.3804
vn 0.1484 -0.9217 0.3584
vn 0.2155 -0.9217 0.3225
vn 0.2743 -0.9217 0.2743
vn 0.3225 -0.9217 0.2155
vn 0.3584 -0.9217 0.1484
vn 0.3804 -0.9217 0.0757
vn 0.3879 -0.9217 0.0000
vn 0.3804 -0.9217 -0.0757
vn 0.3584 -0.9217 -0.1484
vn 0.3225 -0.9217 -0.2155
vn 0.2743 -0.9217 -0.2743
vn 0.2155 -0.9217 -0.3225
vn 0.1484 -0.9217 -0.3584
vn 0.0757 -0.9217 -0.3804
vn -0.0392 -0.9796 -0.1971
vn 0.0000 -0.9796 -0.2010
vn -0.0769 -0.9796 -0.1857
vn -0.1117 -0.9796 -0.1671
vn -0.1421 -0.9796 -0.1421
vn -0.1671 -0.9796 -0.1117
vn -0.1857 -0.9796 -0.0769
vn -0.1971 -0.9796 -0.0392
vn -0.2010 -0.9796 -0.0000
vn -0.1971 -0.9796 0.0392
vn -0.1857 -0.9796 0.0769
vn -0.1671 -0.9796 0.1117
vn -0.1421 -0.9796 0.1421
vn -0.1117 -0.9796 0.1671
vn -0.0769 -0.9796 0.1857
vn -0.0392 -0.9796 0.1971
vn -0.0000 -0.9796 0.2010
vn 0.0392 -0.9796 0.1971
vn 0.0769 -0.9796 0.1857
vn 0.1117 -0.9796 0.1671
vn 0.1421 -0.9796 0.1421
vn 0.1671 -0.9796 0.1117
vn 0.1857 -0.9796 0.0769
vn 0.1971 -0.9796 0.0392
vn 0.2010 -0.9796 0.0000
vn 0.1971 -0.9796 -0.0392
vn 0.1857 -0.9796 -0.0769
vn 0.1671 -0.9796 -0.1117
vn 0.1421 -0.9796 -0.1421
vn 0.1117 -0.9796 -0.1671
vn 0.0769 -0.9796 -0.1857
vn 0.0392 -0.9796 -0.1971
vn -0.0000 -1.0000 0.0000
# 2385 vertex normals

vt 0.6694 0.5737 0.0000
vt 0.6736 0.5709 0.0000
vt 0.6736 0.5694 0.0000
vt 0.1847 0.6251 0.0000
vt 0.1847 0.6055 0.0000
vt 0.0038 0.7832 0.0000
vt 0.3965 0.6251 0.0000
vt 0.3965 0.6055 0.0000
vt 0.5774 0.7832 0.0000
vt 0.8011 0.1559 0.0000
vt 0.7945 0.1541 0.0000
vt 0.7984 0.1551 0.0000
vt 0.7961 0.1545 0.0000
vt 0.8049 0.1569 0.0000
vt 0.7928 0.1536 0.0000
vt 0.7859 0.1517 0.0000
vt 0.7895 0.1527 0.0000
vt 0.7803 0.1501 0.0000
vt 0.8872 0.1797 0.0000
vt 0.8874 0.1599 0.0000
vt 0.9164 0.1679 0.0000
vt 0.9052 0.1648 0.0000
vt 0.9106 0.1663 0.0000
vt 0.9005 0.1635 0.0000
vt 0.9078 0.1655 0.0000
vt 0.9548 0.1785 0.0000
vt 0.9551 0.1490 0.0000
vt 0.5333 0.1527 0.0000
vt 0.5267 0.1545 0.0000
vt 0.5300 0.1536 0.0000
vt 0.5283 0.1541 0.0000
vt 0.5369 0.1517 0.0000
vt 0.5244 0.1551 0.0000
vt 0.5179 0.1569 0.0000
vt 0.5217 0.1559 0.0000
vt 0.4356 0.1797 0.0000
vt 0.5425 0.1501 0.0000
vt 0.4354 0.1599 0.0000
vt 0.4223 0.1635 0.0000
vt 0.4122 0.1663 0.0000
vt 0.4176 0.1648 0.0000
vt 0.4064 0.1679 0.0000
vt 0.4150 0.1655 0.0000
vt 0.3680 0.1785 0.0000
vt 0.3677 0.1490 0.0000
vt 0.5071 0.1046 0.0000
vt 0.5051 0.0950 0.0000
vt 0.3700 0.1325 0.0000
vt 0.3658 0.1288 0.0000
vt 0.5143 0.1015 0.0000
vt 0.5124 0.0935 0.0000
vt 0.3677 0.1367 0.0000
vt 0.5768 0.0778 0.0000
vt 0.5768 -0.0000 0.0000
vt 0.5425 0.1276 0.0000
vt 0.7472 0.0778 0.0000
vt 0.7803 0.1276 0.0000
vt 0.7472 -0.0000 0.0000
vt 0.5979 0.0989 0.0000
vt 0.5969 0.0771 0.0000
vt 0.5960 0.0901 0.0000
vt 0.6001 0.0779 0.0000
vt 0.5945 0.1128 0.0000
vt 0.5940 0.0978 0.0000
vt 0.5926 0.1170 0.0000
vt 0.5923 0.1015 0.0000
vt 0.5907 0.1131 0.0000
vt 0.5906 0.0978 0.0000
vt 0.5869 0.0991 0.0000
vt 0.5886 0.0902 0.0000
vt 0.5851 0.0780 0.0000
vt 0.5876 0.0772 0.0000
vt 0.5869 0.0473 0.0000
vt 0.5885 0.0572 0.0000
vt 0.5904 0.0297 0.0000
vt 0.5905 0.0472 0.0000
vt 0.5925 0.0257 0.0000
vt 0.5922 0.0435 0.0000
vt 0.5946 0.0297 0.0000
vt 0.5939 0.0471 0.0000
vt 0.5981 0.0473 0.0000
vt 0.5959 0.0570 0.0000
vt 0.5941 0.0769 0.0000
vt 0.5939 0.0824 0.0000
vt 0.5931 0.0868 0.0000
vt 0.5921 0.0885 0.0000
vt 0.5910 0.0869 0.0000
vt 0.5903 0.0824 0.0000
vt 0.5900 0.0770 0.0000
vt 0.5902 0.0645 0.0000
vt 0.5910 0.0600 0.0000
vt 0.5920 0.0584 0.0000
vt 0.5931 0.0600 0.0000
vt 0.5938 0.0644 0.0000
vt 0.5920 0.0769 0.0000
vt 0.4260 0.1994 0.0000
vt 0.4239 0.1853 0.0000
vt 0.4233 0.1932 0.0000
vt 0.4271 0.1867 0.0000
vt 0.4219 0.2108 0.0000
vt 0.4207 0.1999 0.0000
vt 0.4190 0.2136 0.0000
vt 0.4183 0.2025 0.0000
vt 0.4156 0.2113 0.0000
vt 0.4153 0.2003 0.0000
vt 0.4093 0.2006 0.0000
vt 0.4115 0.1941 0.0000
vt 0.4091 0.1853 0.0000
vt 0.4058 0.1858 0.0000
vt 0.4071 0.1929 0.0000
vt 0.4199 0.1847 0.0000
vt 0.4198 0.1884 0.0000
vt 0.4189 0.1914 0.0000
vt 0.4174 0.1926 0.0000
vt 0.4156 0.1917 0.0000
vt 0.4141 0.1889 0.0000
vt 0.4133 0.1849 0.0000
vt 0.4062 0.1722 0.0000
vt 0.4097 0.1763 0.0000
vt 0.4124 0.1701 0.0000
vt 0.4221 0.1678 0.0000
vt 0.4176 0.1687 0.0000
vt 0.4215 0.1755 0.0000
vt 0.4133 0.1809 0.0000
vt 0.4142 0.1780 0.0000
vt 0.4158 0.1768 0.0000
vt 0.4150 0.1694 0.0000
vt 0.4175 0.1777 0.0000
vt 0.4190 0.1805 0.0000
vt 0.4166 0.1847 0.0000
vt 0.5432 0.3738 0.0000
vt 0.5380 0.3980 0.0000
vt 0.5502 0.4073 0.0000
vt 0.5380 0.3781 0.0000
vt 0.6064 0.4749 0.0000
vt 0.6042 0.4870 0.0000
vt 0.6086 0.4857 0.0000
vt 0.6042 0.4733 0.0000
vt 0.5646 0.5120 0.0000
vt 0.5885 0.4770 0.0000
vt 0.5756 0.4701 0.0000
vt 0.5694 0.4770 0.0000
vt 0.6014 0.4709 0.0000
vt 0.6064 0.3339 0.0000
vt 0.6042 0.3381 0.0000
vt 0.6064 0.3368 0.0000
vt 0.6042 0.3354 0.0000
vt 0.6086 0.3363 0.0000
vt 0.5685 0.3367 0.0000
vt 0.5677 0.3218 0.0000
vt 0.5978 0.3079 0.0000
vt 0.5784 0.3150 0.0000
vt 0.5880 0.3344 0.0000
vt 0.5976 0.3403 0.0000
vt 0.6043 0.3118 0.0000
vt 0.5783 0.3403 0.0000
vt 0.5974 0.3427 0.0000
vt 0.5783 0.3427 0.0000
vt 0.5880 0.3369 0.0000
vt 0.6049 0.2664 0.0000
vt 0.6160 0.2266 0.0000
vt 0.6053 0.2266 0.0000
vt 0.6125 0.2709 0.0000
vt 0.6160 0.3114 0.0000
vt 0.6195 0.3146 0.0000
vt 0.6291 0.2266 0.0000
vt 0.6441 0.3017 0.0000
vt 0.5695 0.2983 0.0000
vt 0.5656 0.3001 0.0000
vt 0.5673 0.2957 0.0000
vt 0.5245 0.3578 0.0000
vt 0.3269 0.2181 0.0000
vt 0.5342 0.2643 0.0000
vt 0.5566 0.2260 0.0000
vt 0.5415 0.3444 0.0000
vt 0.5342 0.2939 0.0000
vt 0.5415 0.3001 0.0000
vt 0.5648 0.3591 0.0000
vt 0.5597 0.2464 0.0000
vt 0.5745 0.2266 0.0000
vt 0.5686 0.2526 0.0000
vt 0.5641 0.2563 0.0000
vt 0.5728 0.2501 0.0000
vt 0.5765 0.2504 0.0000
vt 0.5837 0.2543 0.0000
vt 0.5832 0.2900 0.0000
vt 0.6045 0.3022 0.0000
vt 0.5583 0.4807 0.0000
vt 0.6125 0.3412 0.0000
vt 0.6152 0.4887 0.0000
vt 0.6126 0.3006 0.0000
vt 0.6092 0.3132 0.0000
vt 0.6127 0.3162 0.0000
vt 0.6101 0.3027 0.0000
vt 0.6083 0.3043 0.0000
vt 0.6615 0.4826 0.0000
vt 0.6615 0.3218 0.0000
vt 0.6195 0.4779 0.0000
vt 0.0464 0.8587 0.0000
vt 0.0560 0.8820 0.0000
vt 0.0200 0.8640 0.0000
vt 0.0819 0.8721 0.0000
vt 0.0110 0.8553 0.0000
vt 0.0221 0.8568 0.0000
vt 0.1230 0.9395 0.0000
vt 0.0877 0.9406 0.0000
vt 0.6229 0.5294 0.0000
vt 0.6127 0.5109 0.0000
vt 0.6375 0.5149 0.0000
vt 0.5757 0.5324 0.0000
vt 0.6615 0.5144 0.0000
vt 0.6536 0.5005 0.0000
vt 0.6536 0.5103 0.0000
vt 0.6615 0.4930 0.0000
vt 0.6446 0.5053 0.0000
vt 0.6446 0.5694 0.0000
vt 0.6495 0.5082 0.0000
vt 0.6494 0.5694 0.0000
vt 0.6348 0.5247 0.0000
vt 0.6348 0.5694 0.0000
vt 0.6093 0.5417 0.0000
vt 0.6093 0.5694 0.0000
vt 0.6615 0.7706 0.0000
vt 0.6558 0.7520 0.0000
vt 0.6505 0.7520 0.0000
vt 0.6446 0.7520 0.0000
vt 0.6520 0.7621 0.0000
vt 0.6409 0.7030 0.0000
vt 0.6353 0.7355 0.0000
vt 0.6456 0.7355 0.0000
vt 0.6233 0.7030 0.0000
vt 0.6476 0.7030 0.0000
vt 0.6536 0.7355 0.0000
vt 0.6536 0.7030 0.0000
vt 0.6615 0.7030 0.0000
vt 0.6615 0.7355 0.0000
vt 0.6378 0.6597 0.0000
vt 0.6168 0.6597 0.0000
vt 0.6455 0.6597 0.0000
vt 0.6536 0.6597 0.0000
vt 0.6615 0.6597 0.0000
vt 0.6352 0.6119 0.0000
vt 0.6121 0.6119 0.0000
vt 0.6446 0.6119 0.0000
vt 0.6536 0.6119 0.0000
vt 0.6615 0.6119 0.0000
vt 0.6536 0.5737 0.0000
vt 0.6494 0.5709 0.0000
vt 0.6615 0.5793 0.0000
vt 0.6615 0.7520 0.0000
vt 0.5949 0.5694 0.0000
vt 0.6072 0.5855 0.0000
vt 0.6071 0.5606 0.0000
vt 0.5654 0.5291 0.0000
vt 0.6529 0.4922 0.0000
vt 0.6501 0.4876 0.0000
vt 0.6361 0.4894 0.0000
vt 0.6427 0.4933 0.0000
vt 0.6279 0.4928 0.0000
vt 0.5884 0.1278 0.0000
vt 0.6072 0.1207 0.0000
vt 0.6421 0.2266 0.0000
vt 0.6539 0.2266 0.0000
vt 0.6615 0.2266 0.0000
vt 0.6207 0.1061 0.0000
vt 0.6088 0.1197 0.0000
vt 0.6313 0.1207 0.0000
vt 0.6419 0.1064 0.0000
vt 0.6560 0.1198 0.0000
vt 0.6615 0.1198 0.0000
vt 0.4640 0.1139 0.0000
vt 0.3661 0.1379 0.0000
vt 0.3650 0.1302 0.0000
vt 0.5433 0.1541 0.0000
vt 0.5589 0.1305 0.0000
vt 0.4363 0.1639 0.0000
vt 0.4365 0.1838 0.0000
vt 0.3683 0.1825 0.0000
vt 0.3269 0.1835 0.0000
vt 0.3678 0.1534 0.0000
vt 0.6486 0.0907 0.0000
vt 0.6326 0.0574 0.0000
vt 0.6371 0.0815 0.0000
vt 0.6560 0.0759 0.0000
vt 0.6268 0.0815 0.0000
vt 0.6088 0.0759 0.0000
vt 0.6141 0.0907 0.0000
vt 0.6574 0.0757 0.0000
vt 0.6616 0.0756 0.0000
vt 0.6615 0.0299 0.0000
vt 0.6572 0.0322 0.0000
vt 0.6424 0.5050 0.0000
vt 0.6506 0.5005 0.0000
vt 0.5724 0.2540 0.0000
vt 0.5677 0.2578 0.0000
vt 0.5749 0.2958 0.0000
vt 0.5722 0.2925 0.0000
vt 0.5787 0.2886 0.0000
vt 0.5284 0.1623 0.0000
vt 0.5311 0.1660 0.0000
vt 0.5315 0.1624 0.0000
vt 0.5299 0.1687 0.0000
vt 0.5284 0.1696 0.0000
vt 0.5268 0.1686 0.0000
vt 0.5257 0.1660 0.0000
vt 0.5253 0.1624 0.0000
vt 0.5257 0.1599 0.0000
vt 0.5268 0.1582 0.0000
vt 0.5284 0.1577 0.0000
vt 0.5301 0.1573 0.0000
vt 0.5311 0.1599 0.0000
vt 0.5352 0.1625 0.0000
vt 0.5335 0.1565 0.0000
vt 0.5247 0.1588 0.0000
vt 0.5221 0.1596 0.0000
vt 0.5213 0.1624 0.0000
vt 0.5234 0.1706 0.0000
vt 0.5260 0.1765 0.0000
vt 0.5283 0.1787 0.0000
vt 0.5305 0.1765 0.0000
vt 0.5331 0.1706 0.0000
vt 0.5384 0.1628 0.0000
vt 0.5368 0.1558 0.0000
vt 0.5179 0.1611 0.0000
vt 0.5205 0.1755 0.0000
vt 0.5255 0.1848 0.0000
vt 0.5280 0.1870 0.0000
vt 0.5304 0.1848 0.0000
vt 0.5354 0.1755 0.0000
vt 0.5781 0.0813 0.0000
vt 0.5781 0.0028 0.0000
vt 0.6072 0.0322 0.0000
vt 0.6072 0.0759 0.0000
vt 0.7271 0.0901 0.0000
vt 0.7229 0.0779 0.0000
vt 0.7251 0.0989 0.0000
vt 0.7262 0.0771 0.0000
vt 0.7291 0.0978 0.0000
vt 0.7286 0.1128 0.0000
vt 0.7308 0.1015 0.0000
vt 0.7304 0.1170 0.0000
vt 0.7325 0.0978 0.0000
vt 0.7324 0.1131 0.0000
vt 0.7345 0.0902 0.0000
vt 0.7361 0.0991 0.0000
vt 0.7354 0.0772 0.0000
vt 0.7380 0.0780 0.0000
vt 0.7345 0.0572 0.0000
vt 0.7361 0.0473 0.0000
vt 0.7325 0.0472 0.0000
vt 0.7327 0.0297 0.0000
vt 0.7308 0.0435 0.0000
vt 0.7306 0.0257 0.0000
vt 0.7292 0.0471 0.0000
vt 0.7285 0.0297 0.0000
vt 0.7271 0.0570 0.0000
vt 0.7249 0.0473 0.0000
vt 0.7292 0.0824 0.0000
vt 0.7289 0.0769 0.0000
vt 0.7299 0.0868 0.0000
vt 0.7310 0.0885 0.0000
vt 0.7320 0.0869 0.0000
vt 0.7328 0.0824 0.0000
vt 0.7331 0.0770 0.0000
vt 0.7328 0.0645 0.0000
vt 0.7320 0.0600 0.0000
vt 0.7310 0.0584 0.0000
vt 0.7300 0.0600 0.0000
vt 0.7292 0.0644 0.0000
vt 0.7310 0.0769 0.0000
vt 0.8998 0.1932 0.0000
vt 0.8960 0.1867 0.0000
vt 0.8970 0.1994 0.0000
vt 0.8992 0.1853 0.0000
vt 0.9023 0.1999 0.0000
vt 0.9011 0.2108 0.0000
vt 0.9048 0.2025 0.0000
vt 0.9040 0.2136 0.0000
vt 0.9077 0.2003 0.0000
vt 0.9074 0.2113 0.0000
vt 0.9115 0.1941 0.0000
vt 0.9137 0.2006 0.0000
vt 0.9172 0.1858 0.0000
vt 0.9139 0.1853 0.0000
vt 0.9159 0.1929 0.0000
vt 0.9032 0.1884 0.0000
vt 0.9032 0.1847 0.0000
vt 0.9041 0.1914 0.0000
vt 0.9074 0.1917 0.0000
vt 0.9057 0.1926 0.0000
vt 0.9089 0.1889 0.0000
vt 0.9098 0.1849 0.0000
vt 0.9133 0.1763 0.0000
vt 0.9168 0.1722 0.0000
vt 0.9107 0.1701 0.0000
vt 0.9016 0.1755 0.0000
vt 0.9059 0.1688 0.0000
vt 0.9010 0.1678 0.0000
vt 0.9097 0.1809 0.0000
vt 0.9088 0.1780 0.0000
vt 0.9073 0.1768 0.0000
vt 0.9081 0.1694 0.0000
vt 0.9055 0.1777 0.0000
vt 0.9040 0.1805 0.0000
vt 0.9064 0.1847 0.0000
vt 0.7728 0.4073 0.0000
vt 0.7850 0.3781 0.0000
vt 0.7798 0.3738 0.0000
vt 0.7850 0.3980 0.0000
vt 0.7145 0.4857 0.0000
vt 0.7188 0.4733 0.0000
vt 0.7166 0.4749 0.0000
vt 0.7188 0.4870 0.0000
vt 0.7345 0.4770 0.0000
vt 0.7584 0.5120 0.0000
vt 0.7536 0.4770 0.0000
vt 0.7475 0.4701 0.0000
vt 0.7216 0.4709 0.0000
vt 0.7166 0.3368 0.0000
vt 0.7188 0.3354 0.0000
vt 0.7166 0.3339 0.0000
vt 0.7188 0.3381 0.0000
vt 0.7145 0.3363 0.0000
vt 0.7545 0.3367 0.0000
vt 0.7553 0.3218 0.0000
vt 0.7351 0.3344 0.0000
vt 0.7446 0.3150 0.0000
vt 0.7253 0.3079 0.0000
vt 0.7255 0.3403 0.0000
vt 0.7187 0.3118 0.0000
vt 0.7447 0.3403 0.0000
vt 0.7257 0.3427 0.0000
vt 0.7448 0.3427 0.0000
vt 0.7351 0.3369 0.0000
vt 0.7177 0.2266 0.0000
vt 0.7105 0.2709 0.0000
vt 0.7182 0.2664 0.0000
vt 0.7070 0.2266 0.0000
vt 0.6940 0.2266 0.0000
vt 0.7035 0.3146 0.0000
vt 0.7070 0.3114 0.0000
vt 0.6789 0.3017 0.0000
vt 0.7575 0.3001 0.0000
vt 0.7535 0.2983 0.0000
vt 0.7557 0.2957 0.0000
vt 0.7986 0.3578 0.0000
vt 0.9962 0.2181 0.0000
vt 0.7664 0.2260 0.0000
vt 0.7889 0.2643 0.0000
vt 0.7889 0.2939 0.0000
vt 0.7815 0.3444 0.0000
vt 0.7815 0.3001 0.0000
vt 0.7582 0.3591 0.0000
vt 0.7633 0.2464 0.0000
vt 0.7545 0.2526 0.0000
vt 0.7485 0.2266 0.0000
vt 0.7590 0.2563 0.0000
vt 0.7502 0.2501 0.0000
vt 0.7465 0.2504 0.0000
vt 0.7394 0.2543 0.0000
vt 0.7399 0.2900 0.0000
vt 0.7186 0.3022 0.0000
vt 0.7647 0.4807 0.0000
vt 0.7078 0.4887 0.0000
vt 0.7106 0.3412 0.0000
vt 0.7105 0.3006 0.0000
vt 0.7138 0.3132 0.0000
vt 0.7130 0.3027 0.0000
vt 0.7104 0.3162 0.0000
vt 0.7148 0.3043 0.0000
vt 0.7035 0.4779 0.0000
vt 0.7104 0.5109 0.0000
vt 0.6856 0.5149 0.0000
vt 0.7001 0.5294 0.0000
vt 0.7474 0.5324 0.0000
vt 0.6695 0.5103 0.0000
vt 0.6695 0.5005 0.0000
vt 0.6785 0.5053 0.0000
vt 0.6735 0.5082 0.0000
vt 0.6785 0.5694 0.0000
vt 0.6882 0.5694 0.0000
vt 0.6882 0.5247 0.0000
vt 0.7138 0.5694 0.0000
vt 0.7138 0.5417 0.0000
vt 0.6726 0.7520 0.0000
vt 0.6672 0.7520 0.0000
vt 0.6710 0.7621 0.0000
vt 0.6785 0.7520 0.0000
vt 0.6775 0.7355 0.0000
vt 0.6998 0.7030 0.0000
vt 0.6821 0.7030 0.0000
vt 0.6878 0.7355 0.0000
vt 0.6695 0.7355 0.0000
vt 0.6754 0.7030 0.0000
vt 0.6695 0.7030 0.0000
vt 0.7071 0.6597 0.0000
vt 0.6853 0.6597 0.0000
vt 0.6775 0.6597 0.0000
vt 0.6695 0.6597 0.0000
vt 0.7117 0.6119 0.0000
vt 0.6878 0.6119 0.0000
vt 0.6785 0.6119 0.0000
vt 0.6695 0.6119 0.0000
vt 0.7159 0.5606 0.0000
vt 0.7158 0.5855 0.0000
vt 0.7281 0.5694 0.0000
vt 0.7576 0.5291 0.0000
vt 0.6702 0.4922 0.0000
vt 0.6729 0.4876 0.0000
vt 0.6804 0.4933 0.0000
vt 0.6869 0.4894 0.0000
vt 0.6952 0.4928 0.0000
vt 0.7159 0.1207 0.0000
vt 0.7347 0.1278 0.0000
vt 0.6809 0.2266 0.0000
vt 0.6692 0.2266 0.0000
vt 0.7151 0.1197 0.0000
vt 0.7026 0.1057 0.0000
vt 0.6924 0.1207 0.0000
vt 0.6815 0.1056 0.0000
vt 0.6677 0.1198 0.0000
vt 0.7642 0.1305 0.0000
vt 0.7805 0.1542 0.0000
vt 0.8876 0.1841 0.0000
vt 0.8878 0.1641 0.0000
vt 0.9558 0.1829 0.0000
vt 0.9567 0.1533 0.0000
vt 0.9961 0.1835 0.0000
vt 0.6860 0.0815 0.0000
vt 0.6677 0.0759 0.0000
vt 0.6732 0.0907 0.0000
vt 0.6904 0.0574 0.0000
vt 0.6962 0.0815 0.0000
vt 0.7080 0.0907 0.0000
vt 0.7151 0.0759 0.0000
vt 0.6657 0.0757 0.0000
vt 0.6614 0.0756 0.0000
vt 0.6658 0.0322 0.0000
vt 0.6806 0.5050 0.0000
vt 0.6724 0.5005 0.0000
vt 0.7507 0.2540 0.0000
vt 0.7553 0.2578 0.0000
vt 0.7509 0.2925 0.0000
vt 0.7481 0.2958 0.0000
vt 0.7443 0.2886 0.0000
vt 0.7916 0.1624 0.0000
vt 0.7920 0.1660 0.0000
vt 0.7946 0.1623 0.0000
vt 0.7931 0.1687 0.0000
vt 0.7946 0.1696 0.0000
vt 0.7962 0.1686 0.0000
vt 0.7973 0.1660 0.0000
vt 0.7977 0.1624 0.0000
vt 0.7973 0.1599 0.0000
vt 0.7962 0.1581 0.0000
vt 0.7947 0.1576 0.0000
vt 0.7931 0.1580 0.0000
vt 0.7920 0.1599 0.0000
vt 0.7893 0.1569 0.0000
vt 0.7878 0.1625 0.0000
vt 0.8017 0.1624 0.0000
vt 0.8010 0.1596 0.0000
vt 0.7997 0.1706 0.0000
vt 0.7970 0.1765 0.0000
vt 0.7948 0.1787 0.0000
vt 0.7925 0.1765 0.0000
vt 0.7899 0.1706 0.0000
vt 0.7862 0.1558 0.0000
vt 0.7846 0.1628 0.0000
vt 0.8052 0.1611 0.0000
vt 0.8025 0.1755 0.0000
vt 0.7976 0.1848 0.0000
vt 0.7951 0.1870 0.0000
vt 0.7926 0.1848 0.0000
vt 0.7877 0.1755 0.0000
vt 0.7450 0.0813 0.0000
vt 0.7450 0.0028 0.0000
vt 0.7159 0.0322 0.0000
vt 0.7159 0.0759 0.0000
vt 0.7805 0.1316 0.0000
vt 0.5433 0.1314 0.0000
vt 0.4867 0.6471 0.0000
vt 0.4941 0.6506 0.0000
vt 0.4911 0.6506 0.0000
vt 0.4970 0.6506 0.0000
vt 0.5015 0.6471 0.0000
vt 0.5200 0.6506 0.0000
vt 0.5157 0.6481 0.0000
vt 0.5170 0.6506 0.0000
vt 0.5243 0.6481 0.0000
vt 0.5229 0.6506 0.0000
vt 0.5269 0.5979 0.0000
vt 0.5207 0.6002 0.0000
vt 0.5207 0.5908 0.0000
vt 0.5269 0.5926 0.0000
vt 0.5269 0.5978 0.0000
vt 0.5207 0.5980 0.0000
vt 0.5207 0.5925 0.0000
vt 0.5207 0.5847 0.0000
vt 0.5207 0.5797 0.0000
vt 0.5269 0.5877 0.0000
vt 0.5207 0.5988 0.0000
vt 0.5207 0.5923 0.0000
vt 0.5269 0.5910 0.0000
vt 0.5269 0.6001 0.0000
vt 0.5207 0.5926 0.0000
vt 0.5207 0.5985 0.0000
vt 0.5269 0.5878 0.0000
vt 0.5207 0.5790 0.0000
vt 0.5207 0.5836 0.0000
vt 0.5207 0.5825 0.0000
vt 0.5207 0.5751 0.0000
vt 0.5269 0.5792 0.0000
vt 0.5269 0.5850 0.0000
vt 0.5207 0.5788 0.0000
vt 0.5269 0.5751 0.0000
vt 0.5269 0.5826 0.0000
vt 0.5207 0.5489 0.0000
vt 0.5269 0.5496 0.0000
vt 0.5207 0.5498 0.0000
vt 0.5269 0.5518 0.0000
vt 0.5207 0.5512 0.0000
vt 0.5269 0.5543 0.0000
vt 0.5269 0.5539 0.0000
vt 0.5207 0.6075 0.0000
vt 0.5269 0.6075 0.0000
vt 0.5146 0.6405 0.0000
vt 0.5126 0.6478 0.0000
vt 0.5106 0.6409 0.0000
vt 0.5200 0.6400 0.0000
vt 0.5200 0.6485 0.0000
vt 0.5254 0.6405 0.0000
vt 0.5294 0.6409 0.0000
vt 0.5274 0.6478 0.0000
vt 0.4882 0.6405 0.0000
vt 0.4941 0.6461 0.0000
vt 0.4895 0.6457 0.0000
vt 0.4941 0.6406 0.0000
vt 0.4840 0.6405 0.0000
vt 0.4861 0.6453 0.0000
vt 0.5000 0.6405 0.0000
vt 0.5021 0.6453 0.0000
vt 0.4987 0.6457 0.0000
vt 0.5042 0.6405 0.0000
vt 0.4983 0.6350 0.0000
vt 0.5034 0.6338 0.0000
vt 0.4983 0.6320 0.0000
vt 0.4983 0.6380 0.0000
vt 0.4980 0.6320 0.0000
vt 0.4941 0.6299 0.0000
vt 0.5027 0.6338 0.0000
vt 0.5286 0.6474 0.0000
vt 0.5027 0.6474 0.0000
vt 0.4984 0.6475 0.0000
vt 0.4941 0.6479 0.0000
vt 0.5309 0.6407 0.0000
vt 0.5061 0.6456 0.0000
vt 0.5071 0.6407 0.0000
vt 0.5286 0.6341 0.0000
vt 0.5034 0.6341 0.0000
vt 0.5093 0.6256 0.0000
vt 0.4941 0.6122 0.0000
vt 0.5127 0.6122 0.0000
vt 0.4941 0.6270 0.0000
vt 0.5430 0.6122 0.0000
vt 0.5274 0.6283 0.0000
vt 0.5402 0.6247 0.0000
vt 0.5274 0.6122 0.0000
vt 0.5161 0.6274 0.0000
vt 0.5205 0.6122 0.0000
vt 0.5093 0.6257 0.0000
vt 0.5027 0.6341 0.0000
vt 0.5003 0.6313 0.0000
vt 0.4941 0.6316 0.0000
vt 0.5200 0.6316 0.0000
vt 0.5003 0.6293 0.0000
vt 0.5326 0.6281 0.0000
vt 0.5458 0.6263 0.0000
vt 0.4899 0.6320 0.0000
vt 0.4848 0.6338 0.0000
vt 0.4899 0.6380 0.0000
vt 0.4855 0.6338 0.0000
vt 0.4902 0.6320 0.0000
vt 0.4855 0.6474 0.0000
vt 0.5114 0.6474 0.0000
vt 0.4898 0.6475 0.0000
vt 0.4811 0.6407 0.0000
vt 0.4821 0.6456 0.0000
vt 0.5091 0.6407 0.0000
vt 0.5114 0.6341 0.0000
vt 0.4848 0.6341 0.0000
vt 0.4755 0.6122 0.0000
vt 0.4789 0.6256 0.0000
vt 0.5146 0.6247 0.0000
vt 0.5117 0.6122 0.0000
vt 0.4723 0.6274 0.0000
vt 0.4680 0.6122 0.0000
vt 0.4789 0.6257 0.0000
vt 0.4879 0.6313 0.0000
vt 0.4855 0.6341 0.0000
vt 0.4879 0.6293 0.0000
vt 0.5222 0.6281 0.0000
vt 0.5091 0.6263 0.0000
vt 0.4941 0.6314 0.0000
vt 0.4941 0.6379 0.0000
vt 0.4941 0.6347 0.0000
vt 1.4865 0.5993 0.0000
vt 1.4666 0.5685 0.0000
vt 1.4901 0.5685 0.0000
vt 1.4702 0.5993 0.0000
vt 1.4702 0.5838 0.0000
vt 1.4855 0.6011 0.0000
vt 1.4712 0.6011 0.0000
vt 1.4865 0.5838 0.0000
vt 1.4855 0.6089 0.0000
vt 1.4712 0.6089 0.0000
vt 1.5056 0.5064 0.0000
vt 1.4775 0.5228 0.0000
vt 1.5041 0.5228 0.0000
vt 1.4760 0.5064 0.0000
vt 1.5127 0.4811 0.0000
vt 1.4689 0.4811 0.0000
vt 1.5015 0.5823 0.0000
vt 1.5142 0.5608 0.0000
vt 1.5011 0.5684 0.0000
vt 1.5133 0.5769 0.0000
vt 1.4933 0.5778 0.0000
vt 1.4933 0.5732 0.0000
vt 0.4840 0.5404 0.0000
vt 0.4913 0.5433 0.0000
vt 0.4985 0.5404 0.0000
vt 0.5060 0.5336 0.0000
vt 0.4714 0.5252 0.0000
vt 0.4765 0.5336 0.0000
vt 0.5111 0.5252 0.0000
vt 0.4671 0.5249 0.0000
vt 0.5111 0.5430 0.0000
vt 0.5154 0.5249 0.0000
vt 0.4714 0.5430 0.0000
vt 0.4665 0.4798 0.0000
vt 0.5159 0.4798 0.0000
vt 0.5090 0.4293 0.0000
vt 0.5161 0.4293 0.0000
vt 0.4734 0.4293 0.0000
vt 0.4663 0.4293 0.0000
vt 0.5045 0.4178 0.0000
vt 0.4696 0.4384 0.0000
vt 0.5131 0.4384 0.0000
vt 0.4783 0.4178 0.0000
vt 0.4807 0.3930 0.0000
vt 0.4782 0.3947 0.0000
vt 0.4815 0.3952 0.0000
vt 0.4912 0.3874 0.0000
vt 0.4844 0.3909 0.0000
vt 0.4720 0.4035 0.0000
vt 0.4981 0.3909 0.0000
vt 0.5010 0.3952 0.0000
vt 0.5043 0.3947 0.0000
vt 0.5018 0.3930 0.0000
vt 0.5104 0.4035 0.0000
vt 0.4671 0.4162 0.0000
vt 0.4740 0.4162 0.0000
vt 0.4903 0.4144 0.0000
vt 0.5085 0.4162 0.0000
vt 0.5154 0.4162 0.0000
vt 0.4922 0.4144 0.0000
vt 0.5016 0.4144 0.0000
vt 0.4808 0.4144 0.0000
vt 0.4068 0.4735 0.0000
vt 0.4399 0.3508 0.0000
vt 0.4399 0.4942 0.0000
vt 0.4068 0.3282 0.0000
vt 0.3523 0.4338 0.0000
vt 0.3969 0.3051 0.0000
vt 0.3969 0.4613 0.0000
vt 0.3523 0.2777 0.0000
vt 0.5284 0.8620 0.0000
vt 0.5784 0.8844 0.0000
vt 0.5284 0.8844 0.0000
vt 0.5784 0.8567 0.0000
vt 0.4797 0.8745 0.0000
vt 0.5297 0.9177 0.0000
vt 0.4797 0.8901 0.0000
vt 0.5297 0.8954 0.0000
vt 0.4797 0.9177 0.0000
vt 0.5784 0.9078 0.0000
vt -0.0390 0.4681 0.0000
vt -0.1015 0.4681 0.0000
vt -0.0702 0.4442 0.0000
vt -0.0390 0.5263 0.0000
vt -0.1015 0.5263 0.0000
vt -0.0044 0.3801 0.0000
vt -0.0669 0.4383 0.0000
vt -0.0669 0.3801 0.0000
vt -0.0044 0.4383 0.0000
vt -0.0357 0.4622 0.0000
vt 0.3672 0.3111 0.0000
vt 0.3771 0.3049 0.0000
vt 0.3733 0.3119 0.0000
vt 0.3722 0.3045 0.0000
vt 0.8103 0.7855 0.0000
vt 0.7907 0.7195 0.0000
vt 0.8061 0.7264 0.0000
vt 0.7999 0.7810 0.0000
vt 0.8046 0.9223 0.0000
vt 0.9938 0.8624 0.0000
vt 0.8019 0.9971 0.0000
vt 0.9939 0.9011 0.0000
vt 0.1957 0.0180 0.0000
vt 0.1363 0.0180 0.0000
vt 0.1295 0.0027 0.0000
vt 0.1900 0.0050 0.0000
vt 0.1923 0.0101 0.0000
vt 0.3301 0.0231 0.0000
vt 0.2736 0.2068 0.0000
vt 0.3352 0.0090 0.0000
vt 0.3329 0.0146 0.0000
vt 0.4081 0.0129 0.0000
vt 0.3119 0.2072 0.0000
vt 0.2736 0.2049 0.0000
vt 0.3119 0.2053 0.0000
vt 0.4718 -0.0408 0.0000
vt 0.3941 -0.0046 0.0000
vt 0.3941 -0.0408 0.0000
vt 0.4718 -0.0046 0.0000
vt 0.4718 -0.0887 0.0000
vt 0.3941 -0.0537 0.0000
vt 0.3941 -0.0887 0.0000
vt 0.4718 -0.0537 0.0000
vt 0.2299 0.9502 0.0000
vt 0.2369 0.8794 0.0000
vt 0.2369 0.9237 0.0000
vt 0.2369 0.9668 0.0000
vt 0.2300 0.9134 0.0000
vt 0.2284 0.8283 0.0000
vt 0.2082 0.9958 0.0000
vt 0.2082 0.9183 0.0000
vt 0.2187 0.9648 0.0000
vt 0.2194 0.9150 0.0000
vt 0.2188 0.8272 0.0000
vt 0.1886 0.8687 0.0000
vt 0.1886 0.8463 0.0000
vt 0.0975 0.8170 0.0000
vt 0.1919 0.7925 0.0000
vt 0.2264 0.7838 0.0000
vt 0.0388 0.8180 0.0000
vt 0.1007 0.7650 0.0000
vt 0.0038 0.8173 0.0000
vt 0.1984 0.6651 0.0000
vt 0.0973 0.8368 0.0000
vt 0.0395 0.8477 0.0000
vt 0.2264 0.6684 0.0000
vt 0.2822 0.5963 0.0000
vt 0.2906 0.6684 0.0000
vt 0.2810 0.6684 0.0000
vt 0.2906 0.5963 0.0000
vt 0.2717 0.5963 0.0000
vt 0.2689 0.6684 0.0000
vt 0.2603 0.5963 0.0000
vt 0.2532 0.6684 0.0000
vt 0.2442 0.5963 0.0000
vt 0.2369 0.6684 0.0000
vt 0.2252 0.5963 0.0000
vt 0.2560 0.5238 0.0000
vt 0.2651 0.5238 0.0000
vt 0.2717 0.5238 0.0000
vt 0.2813 0.5238 0.0000
vt 0.2906 0.5238 0.0000
vt 0.2590 0.4716 0.0000
vt 0.2544 0.4716 0.0000
vt 0.2633 0.4716 0.0000
vt 0.2675 0.2558 0.0000
vt 0.2674 0.2459 0.0000
vt 0.2906 0.2375 0.0000
vt 0.2572 0.2558 0.0000
vt 0.2783 0.2558 0.0000
vt 0.2624 0.3734 0.0000
vt 0.2613 0.3470 0.0000
vt 0.2705 0.3470 0.0000
vt 0.2714 0.3591 0.0000
vt 0.2551 0.3942 0.0000
vt 0.2740 0.3423 0.0000
vt 0.2814 0.3542 0.0000
vt 0.2764 0.3577 0.0000
vt 0.2792 0.3384 0.0000
vt 0.2853 0.3357 0.0000
vt 0.2906 0.3470 0.0000
vt 0.2906 0.3353 0.0000
vt 0.2706 0.2722 0.0000
vt 0.2771 0.3042 0.0000
vt 0.2646 0.3042 0.0000
vt 0.2811 0.2722 0.0000
vt 0.2557 0.3042 0.0000
vt 0.2499 0.2722 0.0000
vt 0.2632 0.2722 0.0000
vt 0.2428 0.3042 0.0000
vt 0.2906 0.3042 0.0000
vt 0.2906 0.2722 0.0000
vt 0.2514 0.3470 0.0000
vt 0.2384 0.3470 0.0000
vt 0.2472 0.3942 0.0000
vt 0.2373 0.3942 0.0000
vt 0.2575 0.4362 0.0000
vt 0.2496 0.4362 0.0000
vt 0.2384 0.4362 0.0000
vt 0.2906 0.2558 0.0000
vt 0.2403 0.4717 0.0000
vt 0.2289 0.4719 0.0000
vt 0.1885 0.4760 0.0000
vt 0.2646 0.4611 0.0000
vt 0.2713 0.4716 0.0000
vt 0.2713 0.4632 0.0000
vt 0.2811 0.4669 0.0000
vt 0.2906 0.4716 0.0000
vt 0.2811 0.4716 0.0000
vt 0.2447 0.5238 0.0000
vt 0.2274 0.5238 0.0000
vt 0.1915 0.5238 0.0000
vt 0.1952 0.5963 0.0000
vt 0.2810 0.7838 0.0000
vt 0.2689 0.7838 0.0000
vt 0.2906 0.7838 0.0000
vt 0.2532 0.7838 0.0000
vt 0.2369 0.7838 0.0000
vt 0.2399 0.8821 0.0000
vt 0.2505 0.8943 0.0000
vt 0.2608 0.8804 0.0000
vt 0.2718 0.8943 0.0000
vt 0.2864 0.8794 0.0000
vt 0.2906 0.8794 0.0000
vt 0.1997 0.6135 0.0000
vt 0.2677 0.9181 0.0000
vt 0.2795 0.9090 0.0000
vt 0.2635 0.9419 0.0000
vt 0.2864 0.9237 0.0000
vt 0.2463 0.9090 0.0000
vt 0.2581 0.9181 0.0000
vt 0.2399 0.9237 0.0000
vt 0.2865 0.9234 0.0000
vt 0.2907 0.9235 0.0000
vt 0.2906 0.9691 0.0000
vt 0.2864 0.9668 0.0000
vt 0.2947 0.9234 0.0000
vt 0.2905 0.9235 0.0000
vt 0.2949 0.8794 0.0000
vt 0.2949 0.9668 0.0000
vt 0.5284 0.9531 0.0000
vt 0.5784 0.9254 0.0000
vt 0.5284 0.9306 0.0000
vt 0.5784 0.9531 0.0000
vt 0.4797 0.9432 0.0000
vt 0.5297 0.9865 0.0000
vt 0.4797 0.9588 0.0000
vt 0.4797 0.9865 0.0000
vt 0.5297 0.9641 0.0000
vt 0.5784 0.9766 0.0000
vt -0.1704 0.5263 0.0000
vt -0.1078 0.4681 0.0000
vt -0.1078 0.5263 0.0000
vt -0.1704 0.4681 0.0000
vt -0.1391 0.4442 0.0000
vt -0.1363 0.4383 0.0000
vt -0.0737 0.4383 0.0000
vt -0.1050 0.4622 0.0000
vt -0.1363 0.3801 0.0000
vt -0.0737 0.3801 0.0000
vt 0.3021 0.9090 0.0000
vt 0.2964 0.9237 0.0000
vt 0.3102 0.8943 0.0000
vt 0.3209 0.8794 0.0000
vt 0.3318 0.8943 0.0000
vt 0.3244 0.9181 0.0000
vt 0.3188 0.9419 0.0000
vt 0.3144 0.9181 0.0000
vt 0.3435 0.8804 0.0000
vt 0.3435 0.9237 0.0000
vt 0.3368 0.9090 0.0000
vt 0.3815 0.6135 0.0000
vt 0.3828 0.6651 0.0000
vt 0.3549 0.6684 0.0000
vt 0.3561 0.5963 0.0000
vt 0.3860 0.5963 0.0000
vt 0.3002 0.7838 0.0000
vt 0.3124 0.7838 0.0000
vt 0.3281 0.7838 0.0000
vt 0.3443 0.7838 0.0000
vt 0.3528 0.8283 0.0000
vt 0.3443 0.8794 0.0000
vt 0.3549 0.7838 0.0000
vt 0.3443 0.6684 0.0000
vt 0.3281 0.6684 0.0000
vt 0.3124 0.6684 0.0000
vt 0.3002 0.6684 0.0000
vt 0.3538 0.5238 0.0000
vt 0.3898 0.5238 0.0000
vt 0.3371 0.5963 0.0000
vt 0.3253 0.5238 0.0000
vt 0.3365 0.5238 0.0000
vt 0.3523 0.4719 0.0000
vt 0.3927 0.4760 0.0000
vt 0.3409 0.4717 0.0000
vt 0.3269 0.4716 0.0000
vt 0.3099 0.4716 0.0000
vt 0.3161 0.5238 0.0000
vt 0.3095 0.5238 0.0000
vt 0.3179 0.4716 0.0000
vt 0.3001 0.4716 0.0000
vt 0.2999 0.5238 0.0000
vt 0.3001 0.4669 0.0000
vt 0.3099 0.4632 0.0000
vt 0.3166 0.4611 0.0000
vt 0.3237 0.4362 0.0000
vt 0.3429 0.4362 0.0000
vt 0.3317 0.4362 0.0000
vt 0.3223 0.4716 0.0000
vt 0.3030 0.2558 0.0000
vt 0.3181 0.2722 0.0000
vt 0.3240 0.2558 0.0000
vt 0.3314 0.2722 0.0000
vt 0.3137 0.2558 0.0000
vt 0.3107 0.2722 0.0000
vt 0.3001 0.2722 0.0000
vt 0.3341 0.3942 0.0000
vt 0.3440 0.3942 0.0000
vt 0.3261 0.3942 0.0000
vt 0.3298 0.3470 0.0000
vt 0.3429 0.3470 0.0000
vt 0.3199 0.3470 0.0000
vt 0.2959 0.3357 0.0000
vt 0.3041 0.3042 0.0000
vt 0.3021 0.3384 0.0000
vt 0.3167 0.3042 0.0000
vt 0.3255 0.3042 0.0000
vt 0.3385 0.3042 0.0000
vt 0.3107 0.3470 0.0000
vt 0.3072 0.3423 0.0000
vt 0.2998 0.3542 0.0000
vt 0.3098 0.3591 0.0000
vt 0.3048 0.3577 0.0000
vt 0.3189 0.3734 0.0000
vt 0.3138 0.2459 0.0000
vt 0.3095 0.5963 0.0000
vt 0.2990 0.5963 0.0000
vt 0.3209 0.5963 0.0000
vt 0.3931 0.8455 0.0000
vt 0.3624 0.8272 0.0000
vt 0.4805 0.7650 0.0000
vt 0.3893 0.7925 0.0000
vt 0.5774 0.8173 0.0000
vt 0.5436 0.8473 0.0000
vt 0.5433 0.8180 0.0000
vt 0.4851 0.8168 0.0000
vt 0.4852 0.8365 0.0000
vt 0.3934 0.8688 0.0000
vt 0.3731 0.9183 0.0000
vt 0.3626 0.9648 0.0000
vt 0.3443 0.9668 0.0000
vt 0.3513 0.9502 0.0000
vt 0.3618 0.9150 0.0000
vt 0.3731 0.9958 0.0000
vt 0.3512 0.9134 0.0000
vt 0.3443 0.9237 0.0000
vt 0.7722 0.7264 0.0000
vt 0.7784 0.7810 0.0000
vt 0.7680 0.7855 0.0000
vt 0.7875 0.7195 0.0000
vt 0.5845 0.8624 0.0000
vt 0.7737 0.9223 0.0000
vt 0.5844 0.9011 0.0000
vt 0.7764 0.9971 0.0000
vt 0.9932 0.7997 0.0000
vt 0.9780 0.7929 0.0000
vt 0.9780 0.7336 0.0000
vt 0.9859 0.7370 0.0000
vt 0.9910 0.7392 0.0000
vt 0.7911 0.6556 0.0000
vt 0.9729 0.5991 0.0000
vt 0.9814 0.5963 0.0000
vt 0.9870 0.5940 0.0000
vt 0.7906 0.6174 0.0000
vt 0.9831 0.5212 0.0000
vt 0.4956 0.5927 0.9513
vt 0.4960 0.5948 0.5666
vt 0.4957 0.5947 0.5172
vt 0.4952 0.5937 0.5261
vt 0.4952 0.5925 0.7876
vt 0.4949 0.5922 0.5707
vt 0.4967 0.5929 1.0454
vt 0.4962 0.5951 0.5740
vt 0.4961 0.5929 1.0249
vt 0.4967 0.5956 0.5200
vt 0.4967 0.5922 1.1364
vt 0.4961 0.5922 1.1170
vt 0.4956 0.5922 1.0157
vt 0.4952 0.5922 0.8070
vt 0.4956 0.5911 1.0812
vt 0.4952 0.5911 0.8725
vt 0.4955 0.5901 1.1022
vt 0.4951 0.5901 0.8935
vt 0.4967 0.5911 1.2019
vt 0.4961 0.5911 1.1826
vt 0.4967 0.5901 1.2229
vt 0.4961 0.5901 1.2036
vt 0.4949 0.5891 0.6826
vt 0.4977 0.5947 0.5172
vt 0.4974 0.5948 0.5666
vt 0.4978 0.5927 0.9513
vt 0.4982 0.5937 0.5261
vt 0.4982 0.5925 0.7876
vt 0.4985 0.5922 0.5707
vt 0.4973 0.5929 1.0249
vt 0.4972 0.5951 0.5740
vt 0.4973 0.5922 1.1170
vt 0.4978 0.5922 1.0157
vt 0.4982 0.5922 0.8070
vt 0.4983 0.5911 0.8725
vt 0.4979 0.5911 1.0812
vt 0.4983 0.5901 0.8935
vt 0.4979 0.5901 1.1022
vt 0.4973 0.5911 1.1826
vt 0.4973 0.5901 1.2036
vt 0.4985 0.5891 0.6826
vt 0.4955 0.5891 1.0787
vt 0.4951 0.5891 0.8700
vt 0.4967 0.5891 1.1994
vt 0.4961 0.5891 1.1801
vt 0.4967 0.5865 1.0428
vt 0.4962 0.5869 1.0466
vt 0.4956 0.5871 0.9677
vt 0.4952 0.5873 0.8050
vt 0.4983 0.5891 0.8700
vt 0.4979 0.5891 1.0787
vt 0.4973 0.5891 1.1801
vt 0.4973 0.5869 1.0466
vt 0.4978 0.5871 0.9677
vt 0.4982 0.5873 0.8050
vt 0.0493 0.6240 0.0000
vt 0.0478 0.6658 0.0000
vt 0.0019 0.6245 0.0000
vt 0.1390 0.6400 0.0000
vt 0.0976 0.3737 0.0000
vt 0.0992 0.3319 0.0000
vt 0.0079 0.3577 0.0000
vt 0.1450 0.3732 0.0000
vt 0.0019 0.5255 0.0000
vt 0.0269 0.4621 0.0000
vt 0.0467 0.5422 0.0000
vt 0.1400 0.5705 0.0000
vt 0.1002 0.4555 0.0000
vt 0.0069 0.4271 0.0000
vt 0.1200 0.5356 0.0000
vt 0.1450 0.4722 0.0000
vt 0.1773 0.0854 0.0000
vt 0.2133 0.1777 0.0000
vt 0.1699 0.0890 0.0000
vt 0.1428 0.0276 0.0000
vt 0.8042 0.1132 0.0000
vt 0.7805 0.1331 0.0000
vt 0.8880 0.1352 0.0000
vt 0.7930 0.1575 0.0000
vt 0.7922 0.1528 0.0000
vt 0.7895 0.1566 0.0000
vt 0.7946 0.1579 0.0000
vt 0.7948 0.1513 0.0000
vt 0.7973 0.1528 0.0000
vt 0.7964 0.1584 0.0000
vt 0.8003 0.1568 0.0000
vt 0.7985 0.1590 0.0000
vt 0.7920 0.1475 0.0000
vt 0.7951 0.1460 0.0000
vt 0.7983 0.1475 0.0000
vt 0.8035 0.1539 0.0000
vt 0.1886 0.8672 0.0000
vt 0.1683 0.8868 0.0000
vt 0.0965 0.8650 0.0000
vt 0.0971 0.8367 0.0000
vt 0.1885 0.1098 0.0000
vt 0.2106 0.1756 0.0000
vt 0.1809 0.1143 0.0000
vt 0.1539 0.0288 0.0000
vt 0.1440 0.0343 0.0000
vt 0.1799 0.0909 0.0000
vt 0.2126 0.1728 0.0000
vt 0.1743 0.0934 0.0000
vt 0.1478 0.0385 0.0000
vt 0.1572 0.0344 0.0000
vt 0.1562 0.0619 0.0000
vt 0.2146 0.1750 0.0000
vt 0.2096 0.1777 0.0000
vt 0.1490 0.0226 0.0000
vt 0.1440 0.0352 0.0000
vt 0.1403 0.0272 0.0000
vt 0.0426 0.0249 0.0000
vt 0.0621 0.0268 0.0000
vt 0.0432 0.0192 0.0000
vt 0.0547 0.0289 0.0000
vt 0.0432 0.0298 0.0000
vt 0.0481 0.0308 0.0000
vt 0.0446 0.0318 0.0000
vt 0.0414 0.0326 0.0000
vt 0.0394 0.0308 0.0000
vt 0.0370 0.0338 0.0000
vt 0.0349 0.0270 0.0000
vt 0.0317 0.0352 0.0000
vt 0.0306 0.0226 0.0000
vt 0.0243 0.0370 0.0000
vt 0.0467 0.2124 0.0000
vt 0.0269 0.1323 0.0000
vt 0.0019 0.1957 0.0000
vt 0.1400 0.2408 0.0000
vt 0.1200 0.2064 0.0000
vt 0.0069 0.0979 0.0000
vt 0.1002 0.1263 0.0000
vt 0.1450 0.1430 0.0000
vt 0.0019 0.2947 0.0000
vt 0.0478 0.3360 0.0000
vt 0.0493 0.2942 0.0000
vt 0.1390 0.3102 0.0000
vt 0.0976 0.0445 0.0000
vt 0.0079 0.0285 0.0000
vt 0.1450 0.0440 0.0000
vt 0.0992 0.0027 0.0000
vt 0.1407 0.0258 0.0000
vt 0.1791 0.0871 0.0000
vt 0.1693 0.0913 0.0000
vt 0.2157 0.1764 0.0000
vt 0.4335 0.1169 0.0000
vt 0.4787 0.1138 0.0000
vt 0.4025 0.1242 0.0000
vt 0.4023 0.1190 0.0000
vt 0.4336 0.1200 0.0000
vt 0.5196 0.1539 0.0000
vt 0.5248 0.1475 0.0000
vt 0.5311 0.1475 0.0000
vt 0.5433 0.1329 0.0000
vt 0.5279 0.1460 0.0000
vt 0.4129 0.8868 0.0000
vt 0.4855 0.8650 0.0000
vt 0.3934 0.8673 0.0000
vt 0.4360 0.1350 0.0000
vt 0.5188 0.1132 0.0000
vt 0.5308 0.1528 0.0000
vt 0.5283 0.1513 0.0000
vt 0.5257 0.1528 0.0000
vt 0.5228 0.1568 0.0000
vt 0.9126 0.1592 0.0000
vt 0.9097 0.1564 0.0000
vt 0.9063 0.1587 0.0000
vt 0.1527 0.0342 0.0000
vt 0.1977 0.1333 0.0000
vt 0.1466 0.0374 0.0000
vt 0.1489 0.0406 0.0000
vt 0.1562 0.0375 0.0000
vt 0.1966 0.1447 0.0000
vt 0.1759 0.0903 0.0000
vt 0.1534 0.0276 0.0000
vt 0.2157 0.1681 0.0000
vt 0.1612 0.0573 0.0000
vt 0.1490 0.0299 0.0000
vt 0.2115 0.1703 0.0000
vt 0.1705 0.0783 0.0000
vt 0.1648 0.0813 0.0000
vt 0.1600 0.0700 0.0000
vt 0.1613 0.0759 0.0000
vt 0.1656 0.0673 0.0000
vt 0.4105 0.1592 0.0000
vt 0.4134 0.1564 0.0000
vt 0.4168 0.1587 0.0000
vt 0.9962 0.2369 0.0000
vt -0.5945 0.1321 0.0000
vt -0.6306 0.1321 0.0000
vt -0.6300 0.1373 0.0000
vt 0.0037 0.7646 0.0000
vt 0.3641 0.1392 0.0000
vt 0.5504 0.0912 0.0000
vt 0.5516 0.0960 0.0000
vt 0.3628 0.1345 0.0000
vt 0.3268 0.2369 0.0000
vt 0.3693 0.1377 0.0000
vt 0.3654 0.1276 0.0000
vt 0.4794 0.1084 0.0000
vt 0.5775 0.7646 0.0000
vt 0.3614 0.1318 0.0000
vt 0.5444 0.0875 0.0000
vt 0.3631 0.1389 0.0000
vt 0.5461 0.0946 0.0000
vt 0.5845 0.8098 0.0000
vt 0.7906 0.7094 0.0000
vt 0.2199 0.2053 0.0000
vt 0.2723 0.2015 0.0000
vt 0.9814 0.7350 0.0000
vt 0.7906 0.7016 0.0000
vt 0.9780 0.7851 0.0000
vt 0.9938 0.8098 0.0000
vt 0.2199 0.2072 0.0000
vt 0.1912 0.0085 0.0000
vt 0.1420 0.0306 0.0000
vt 0.1509 0.0266 0.0000
vt 0.2073 0.1766 0.0000
vt 0.2162 0.1726 0.0000
vt 0.0617 0.0241 0.0000
vt 0.0225 0.0355 0.0000
vt 0.6695 0.5694 0.0000
vt 0.6615 0.5694 0.0000
vt 0.6536 0.5694 0.0000
vt 0.5607 0.2610 0.0000
vt 0.5790 0.2610 0.0000
vt 0.5743 0.2547 0.0000
vt 0.5710 0.2589 0.0000
vt 0.5820 0.2578 0.0000
vt 0.5752 0.2660 0.0000
vt 0.5675 0.2634 0.0000
vt 0.5583 0.2707 0.0000
vt 0.5647 0.2922 0.0000
vt 0.5700 0.2888 0.0000
vt 0.5656 0.2714 0.0000
vt 0.5738 0.2726 0.0000
vt 0.5759 0.2834 0.0000
vt 0.5834 0.2721 0.0000
vt 0.7396 0.2721 0.0000
vt 0.7441 0.2610 0.0000
vt 0.7410 0.2578 0.0000
vt 0.7488 0.2547 0.0000
vt 0.7478 0.2660 0.0000
vt 0.7492 0.2726 0.0000
vt 0.7471 0.2834 0.0000
vt 0.7583 0.2922 0.0000
vt 0.7530 0.2888 0.0000
vt 0.7575 0.2714 0.0000
vt 0.7648 0.2707 0.0000
vt 0.7623 0.2610 0.0000
vt 0.7556 0.2634 0.0000
vt 0.7521 0.2589 0.0000
vt 0.0000 1.0000 0.0000
vt 0.0000 0.9512 0.0000
vt 0.0244 0.9512 0.0000
vt 0.0488 1.0000 0.0000
vt 0.0488 0.9512 0.0000
vt 0.0732 0.9512 0.0000
vt 0.0732 1.0000 0.0000
vt 0.0976 0.9512 0.0000
vt 0.1463 1.0000 0.0000
vt 0.1463 0.9512 0.0000
vt 0.1707 0.9512 0.0000
vt 0.1951 1.0000 0.0000
vt 0.1951 0.9512 0.0000
vt 0.2195 0.9512 0.0000
vt 0.2683 1.0000 0.0000
vt 0.2683 0.9512 0.0000
vt 0.2927 0.9512 0.0000
vt 0.3171 1.0000 0.0000
vt 0.3171 0.9512 0.0000
vt 0.3415 0.9512 0.0000
vt 0.3415 1.0000 0.0000
vt 0.3659 0.9512 0.0000
vt 0.4146 1.0000 0.0000
vt 0.4146 0.9512 0.0000
vt 0.4390 0.9512 0.0000
vt 0.4390 1.0000 0.0000
vt 0.4634 0.9512 0.0000
vt 0.4634 1.0000 0.0000
vt 0.4878 0.9512 0.0000
vt 0.5366 1.0000 0.0000
vt 0.5366 0.9512 0.0000
vt 0.5610 0.9512 0.0000
vt 0.5854 1.0000 0.0000
vt 0.5854 0.9512 0.0000
vt 0.6098 0.9512 0.0000
vt 0.6341 1.0000 0.0000
vt 0.6341 0.9512 0.0000
vt 0.6585 0.9512 0.0000
vt 0.7073 1.0000 0.0000
vt 0.7073 0.9512 0.0000
vt 0.7317 0.9512 0.0000
vt 0.7317 1.0000 0.0000
vt 0.7561 0.9512 0.0000
vt 0.7561 1.0000 0.0000
vt 0.7805 0.9512 0.0000
vt 0.7805 1.0000 0.0000
vt 0.8049 0.9512 0.0000
vt 0.8293 1.0000 0.0000
vt 0.8293 0.9512 0.0000
vt 0.8537 0.9512 0.0000
vt 0.8780 1.0000 0.0000
vt 0.8780 0.9512 0.0000
vt 0.9024 0.9512 0.0000
vt 0.9268 1.0000 0.0000
vt 0.9268 0.9512 0.0000
vt 0.9512 0.9512 0.0000
vt 0.9512 1.0000 0.0000
vt 0.9756 0.9512 0.0000
vt 0.0244 0.9024 0.0000
vt 0.0000 0.9024 0.0000
vt 0.0732 0.9024 0.0000
vt 0.0488 0.9024 0.0000
vt 0.0976 0.9024 0.0000
vt 0.1707 0.9024 0.0000
vt 0.1463 0.9024 0.0000
vt 0.2195 0.9024 0.0000
vt 0.1951 0.9024 0.0000
vt 0.2927 0.9024 0.0000
vt 0.3415 0.9024 0.0000
vt 0.3171 0.9024 0.0000
vt 0.3659 0.9024 0.0000
vt 0.4390 0.9024 0.0000
vt 0.4146 0.9024 0.0000
vt 0.4634 0.9024 0.0000
vt 0.4878 0.9024 0.0000
vt 0.5610 0.9024 0.0000
vt 0.5366 0.9024 0.0000
vt 0.6098 0.9024 0.0000
vt 0.5854 0.9024 0.0000
vt 0.6585 0.9024 0.0000
vt 0.6341 0.9024 0.0000
vt 0.7317 0.9024 0.0000
vt 0.7561 0.9024 0.0000
vt 0.7805 0.9024 0.0000
vt 0.8049 0.9024 0.0000
vt 0.8537 0.9024 0.0000
vt 0.9024 0.9024 0.0000
vt 0.8780 0.9024 0.0000
vt 0.9512 0.9024 0.0000
vt 0.9268 0.9024 0.0000
vt 0.9756 0.9024 0.0000
vt 1.0000 0.9024 0.0000
vt 0.0244 0.8537 0.0000
vt 0.0000 0.8537 0.0000
vt 0.0488 0.8537 0.0000
vt 0.0732 0.8537 0.0000
vt 0.0976 0.8537 0.0000
vt 0.1220 0.8537 0.0000
vt 0.1220 0.9024 0.0000
vt 0.1463 0.8537 0.0000
vt 0.1707 0.8537 0.0000
vt 0.1951 0.8537 0.0000
vt 0.2195 0.8537 0.0000
vt 0.2439 0.8537 0.0000
vt 0.2439 0.9024 0.0000
vt 0.2683 0.8537 0.0000
vt 0.2683 0.9024 0.0000
vt 0.3171 0.8537 0.0000
vt 0.2927 0.8537 0.0000
vt 0.3415 0.8537 0.0000
vt 0.3659 0.8537 0.0000
vt 0.4146 0.8537 0.0000
vt 0.3902 0.9024 0.0000
vt 0.3902 0.8537 0.0000
vt 0.4390 0.8537 0.0000
vt 0.4634 0.8537 0.0000
vt 0.5122 0.8537 0.0000
vt 0.5122 0.9024 0.0000
vt 0.4878 0.8537 0.0000
vt 0.5366 0.8537 0.0000
vt 0.5610 0.8537 0.0000
vt 0.5854 0.8537 0.0000
vt 0.6098 0.8537 0.0000
vt 0.6341 0.8537 0.0000
vt 0.6585 0.8537 0.0000
vt 0.6829 0.8537 0.0000
vt 0.6829 0.9024 0.0000
vt 0.7073 0.8537 0.0000
vt 0.7073 0.9024 0.0000
vt 0.7561 0.8537 0.0000
vt 0.7317 0.8537 0.0000
vt 0.7805 0.8537 0.0000
vt 0.8049 0.8537 0.0000
vt 0.8293 0.8537 0.0000
vt 0.8293 0.9024 0.0000
vt 0.8780 0.8537 0.0000
vt 0.8537 0.8537 0.0000
vt 0.9024 0.8537 0.0000
vt 0.9268 0.8537 0.0000
vt 0.9512 0.8537 0.0000
vt 1.0000 0.8537 0.0000
vt 0.9756 0.8537 0.0000
vt 0.0244 0.8049 0.0000
vt 0.0000 0.8049 0.0000
vt 0.0488 0.8049 0.0000
vt 0.0732 0.8049 0.0000
vt 0.0976 0.8049 0.0000
vt 0.1220 0.8049 0.0000
vt 0.1463 0.8049 0.0000
vt 0.1707 0.8049 0.0000
vt 0.1951 0.8049 0.0000
vt 0.2195 0.8049 0.0000
vt 0.2439 0.8049 0.0000
vt 0.2683 0.8049 0.0000
vt 0.2927 0.8049 0.0000
vt 0.3171 0.8049 0.0000
vt 0.3415 0.8049 0.0000
vt 0.3659 0.8049 0.0000
vt 0.3902 0.8049 0.0000
vt 0.4146 0.8049 0.0000
vt 0.4390 0.8049 0.0000
vt 0.4634 0.8049 0.0000
vt 0.4878 0.8049 0.0000
vt 0.5122 0.8049 0.0000
vt 0.5366 0.8049 0.0000
vt 0.5610 0.8049 0.0000
vt 0.5854 0.8049 0.0000
vt 0.6098 0.8049 0.0000
vt 0.6341 0.8049 0.0000
vt 0.6585 0.8049 0.0000
vt 0.6829 0.8049 0.0000
vt 0.7073 0.8049 0.0000
vt 0.7317 0.8049 0.0000
vt 0.7561 0.8049 0.0000
vt 0.7805 0.8049 0.0000
vt 0.8049 0.8049 0.0000
vt 0.8293 0.8049 0.0000
vt 0.8537 0.8049 0.0000
vt 0.8780 0.8049 0.0000
vt 0.9024 0.8049 0.0000
vt 0.9268 0.8049 0.0000
vt 0.9512 0.8049 0.0000
vt 0.9756 0.8049 0.0000
vt 1.0000 0.8049 0.0000
vt 0.0244 0.7561 0.0000
vt 0.0000 0.7561 0.0000
vt 0.0488 0.7561 0.0000
vt 0.0732 0.7561 0.0000
vt 0.0976 0.7561 0.0000
vt 0.1220 0.7561 0.0000
vt 0.1463 0.7561 0.0000
vt 0.1707 0.7561 0.0000
vt 0.1951 0.7561 0.0000
vt 0.2195 0.7561 0.0000
vt 0.2439 0.7561 0.0000
vt 0.2683 0.7561 0.0000
vt 0.2927 0.7561 0.0000
vt 0.3171 0.7561 0.0000
vt 0.3415 0.7561 0.0000
vt 0.3659 0.7561 0.0000
vt 0.3902 0.7561 0.0000
vt 0.4146 0.7561 0.0000
vt 0.4390 0.7561 0.0000
vt 0.4634 0.7561 0.0000
vt 0.4878 0.7561 0.0000
vt 0.5122 0.7561 0.0000
vt 0.5366 0.7561 0.0000
vt 0.5610 0.7561 0.0000
vt 0.5854 0.7561 0.0000
vt 0.6098 0.7561 0.0000
vt 0.6341 0.7561 0.0000
vt 0.6585 0.7561 0.0000
vt 0.6829 0.7561 0.0000
vt 0.7073 0.7561 0.0000
vt 0.7317 0.7561 0.0000
vt 0.7561 0.7561 0.0000
vt 0.7805 0.7561 0.0000
vt 0.8049 0.7561 0.0000
vt 0.8293 0.7561 0.0000
vt 0.8537 0.7561 0.0000
vt 0.8780 0.7561 0.0000
vt 0.9024 0.7561 0.0000
vt 0.9268 0.7561 0.0000
vt 0.9512 0.7561 0.0000
vt 0.9756 0.7561 0.0000
vt 1.0000 0.7561 0.0000
vt 0.0244 0.7073 0.0000
vt 0.0000 0.7073 0.0000
vt 0.0488 0.7073 0.0000
vt 0.0732 0.7073 0.0000
vt 0.0976 0.7073 0.0000
vt 0.1220 0.7073 0.0000
vt 0.1463 0.7073 0.0000
vt 0.1707 0.7073 0.0000
vt 0.1951 0.7073 0.0000
vt 0.2195 0.7073 0.0000
vt 0.2439 0.7073 0.0000
vt 0.2683 0.7073 0.0000
vt 0.2927 0.7073 0.0000
vt 0.3171 0.7073 0.0000
vt 0.3415 0.7073 0.0000
vt 0.3659 0.7073 0.0000
vt 0.3902 0.7073 0.0000
vt 0.4146 0.7073 0.0000
vt 0.4390 0.7073 0.0000
vt 0.4634 0.7073 0.0000
vt 0.4878 0.7073 0.0000
vt 0.5122 0.7073 0.0000
vt 0.5366 0.7073 0.0000
vt 0.5610 0.7073 0.0000
vt 0.5854 0.7073 0.0000
vt 0.6098 0.7073 0.0000
vt 0.6341 0.7073 0.0000
vt 0.6585 0.7073 0.0000
vt 0.6829 0.7073 0.0000
vt 0.7073 0.7073 0.0000
vt 0.7317 0.7073 0.0000
vt 0.7561 0.7073 0.0000
vt 0.7805 0.7073 0.0000
vt 0.8049 0.7073 0.0000
vt 0.8293 0.7073 0.0000
vt 0.8537 0.7073 0.0000
vt 0.8780 0.7073 0.0000
vt 0.9024 0.7073 0.0000
vt 0.9268 0.7073 0.0000
vt 0.9512 0.7073 0.0000
vt 0.9756 0.7073 0.0000
vt 1.0000 0.7073 0.0000
vt 0.0244 0.6585 0.0000
vt 0.0000 0.6585 0.0000
vt 0.0488 0.6585 0.0000
vt 0.0732 0.6585 0.0000
vt 0.0976 0.6585 0.0000
vt 0.1220 0.6585 0.0000
vt 0.1463 0.6585 0.0000
vt 0.1707 0.6585 0.0000
vt 0.1951 0.6585 0.0000
vt 0.2195 0.6585 0.0000
vt 0.2439 0.6585 0.0000
vt 0.2683 0.6585 0.0000
vt 0.2927 0.6585 0.0000
vt 0.3171 0.6585 0.0000
vt 0.3415 0.6585 0.0000
vt 0.3659 0.6585 0.0000
vt 0.3902 0.6585 0.0000
vt 0.4146 0.6585 0.0000
vt 0.4390 0.6585 0.0000
vt 0.4634 0.6585 0.0000
vt 0.4878 0.6585 0.0000
vt 0.5122 0.6585 0.0000
vt 0.5366 0.6585 0.0000
vt 0.5610 0.6585 0.0000
vt 0.5854 0.6585 0.0000
vt 0.6098 0.6585 0.0000
vt 0.6341 0.6585 0.0000
vt 0.6585 0.6585 0.0000
vt 0.6829 0.6585 0.0000
vt 0.7073 0.6585 0.0000
vt 0.7317 0.6585 0.0000
vt 0.7561 0.6585 0.0000
vt 0.7805 0.6585 0.0000
vt 0.8049 0.6585 0.0000
vt 0.8293 0.6585 0.0000
vt 0.8537 0.6585 0.0000
vt 0.8780 0.6585 0.0000
vt 0.9024 0.6585 0.0000
vt 0.9268 0.6585 0.0000
vt 0.9512 0.6585 0.0000
vt 0.9756 0.6585 0.0000
vt 1.0000 0.6585 0.0000
vt 0.0244 0.6098 0.0000
vt 0.0000 0.6098 0.0000
vt 0.0488 0.6098 0.0000
vt 0.0732 0.6098 0.0000
vt 0.0976 0.6098 0.0000
vt 0.1220 0.6098 0.0000
vt 0.1463 0.6098 0.0000
vt 0.1707 0.6098 0.0000
vt 0.1951 0.6098 0.0000
vt 0.2195 0.6098 0.0000
vt 0.2439 0.6098 0.0000
vt 0.2683 0.6098 0.0000
vt 0.2927 0.6098 0.0000
vt 0.3171 0.6098 0.0000
vt 0.3415 0.6098 0.0000
vt 0.3659 0.6098 0.0000
vt 0.3902 0.6098 0.0000
vt 0.4146 0.6098 0.0000
vt 0.4390 0.6098 0.0000
vt 0.4634 0.6098 0.0000
vt 0.4878 0.6098 0.0000
vt 0.5122 0.6098 0.0000
vt 0.5366 0.6098 0.0000
vt 0.5610 0.6098 0.0000
vt 0.5854 0.6098 0.0000
vt 0.6098 0.6098 0.0000
vt 0.6341 0.6098 0.0000
vt 0.6585 0.6098 0.0000
vt 0.6829 0.6098 0.0000
vt 0.7073 0.6098 0.0000
vt 0.7317 0.6098 0.0000
vt 0.7561 0.6098 0.0000
vt 0.7805 0.6098 0.0000
vt 0.8049 0.6098 0.0000
vt 0.8293 0.6098 0.0000
vt 0.8537 0.6098 0.0000
vt 0.8780 0.6098 0.0000
vt 0.9024 0.6098 0.0000
vt 0.9268 0.6098 0.0000
vt 0.9512 0.6098 0.0000
vt 0.9756 0.6098 0.0000
vt 1.0000 0.6098 0.0000
vt 0.0244 0.5610 0.0000
vt 0.0000 0.5610 0.0000
vt 0.0488 0.5610 0.0000
vt 0.0732 0.5610 0.0000
vt 0.0976 0.5610 0.0000
vt 0.1220 0.5610 0.0000
vt 0.1463 0.5610 0.0000
vt 0.1707 0.5610 0.0000
vt 0.1951 0.5610 0.0000
vt 0.2195 0.5610 0.0000
vt 0.2439 0.5610 0.0000
vt 0.2683 0.5610 0.0000
vt 0.2927 0.5610 0.0000
vt 0.3171 0.5610 0.0000
vt 0.3415 0.5610 0.0000
vt 0.3659 0.5610 0.0000
vt 0.3902 0.5610 0.0000
vt 0.4146 0.5610 0.0000
vt 0.4390 0.5610 0.0000
vt 0.4634 0.5610 0.0000
vt 0.4878 0.5610 0.0000
vt 0.5122 0.5610 0.0000
vt 0.5366 0.5610 0.0000
vt 0.5610 0.5610 0.0000
vt 0.5854 0.5610 0.0000
vt 0.6098 0.5610 0.0000
vt 0.6341 0.5610 0.0000
vt 0.6585 0.5610 0.0000
vt 0.6829 0.5610 0.0000
vt 0.7073 0.5610 0.0000
vt 0.7317 0.5610 0.0000
vt 0.7561 0.5610 0.0000
vt 0.7805 0.5610 0.0000
vt 0.8049 0.5610 0.0000
vt 0.8293 0.5610 0.0000
vt 0.8537 0.5610 0.0000
vt 0.8780 0.5610 0.0000
vt 0.9024 0.5610 0.0000
vt 0.9268 0.5610 0.0000
vt 0.9512 0.5610 0.0000
vt 0.9756 0.5610 0.0000
vt 1.0000 0.5610 0.0000
vt 0.0244 0.5122 0.0000
vt 0.0000 0.5122 0.0000
vt 0.0488 0.5122 0.0000
vt 0.0732 0.5122 0.0000
vt 0.0976 0.5122 0.0000
vt 0.1220 0.5122 0.0000
vt 0.1463 0.5122 0.0000
vt 0.1707 0.5122 0.0000
vt 0.1951 0.5122 0.0000
vt 0.2195 0.5122 0.0000
vt 0.2439 0.5122 0.0000
vt 0.2683 0.5122 0.0000
vt 0.2927 0.5122 0.0000
vt 0.3171 0.5122 0.0000
vt 0.3415 0.5122 0.0000
vt 0.3659 0.5122 0.0000
vt 0.3902 0.5122 0.0000
vt 0.4146 0.5122 0.0000
vt 0.4390 0.5122 0.0000
vt 0.4634 0.5122 0.0000
vt 0.4878 0.5122 0.0000
vt 0.5122 0.5122 0.0000
vt 0.5366 0.5122 0.0000
vt 0.5610 0.5122 0.0000
vt 0.5854 0.5122 0.0000
vt 0.6098 0.5122 0.0000
vt 0.6341 0.5122 0.0000
vt 0.6585 0.5122 0.0000
vt 0.6829 0.5122 0.0000
vt 0.7073 0.5122 0.0000
vt 0.7317 0.5122 0.0000
vt 0.7561 0.5122 0.0000
vt 0.7805 0.5122 0.0000
vt 0.8049 0.5122 0.0000
vt 0.8293 0.5122 0.0000
vt 0.8537 0.5122 0.0000
vt 0.8780 0.5122 0.0000
vt 0.9024 0.5122 0.0000
vt 0.9268 0.5122 0.0000
vt 0.9512 0.5122 0.0000
vt 0.9756 0.5122 0.0000
vt 1.0000 0.5122 0.0000
vt 0.0244 0.4634 0.0000
vt 0.0000 0.4634 0.0000
vt 0.0488 0.4634 0.0000
vt 0.0732 0.4634 0.0000
vt 0.0976 0.4634 0.0000
vt 0.1220 0.4634 0.0000
vt 0.1463 0.4634 0.0000
vt 0.1707 0.4634 0.0000
vt 0.1951 0.4634 0.0000
vt 0.2195 0.4634 0.0000
vt 0.2439 0.4634 0.0000
vt 0.2683 0.4634 0.0000
vt 0.2927 0.4634 0.0000
vt 0.3171 0.4634 0.0000
vt 0.3415 0.4634 0.0000
vt 0.3659 0.4634 0.0000
vt 0.3902 0.4634 0.0000
vt 0.4146 0.4634 0.0000
vt 0.4390 0.4634 0.0000
vt 0.4634 0.4634 0.0000
vt 0.4878 0.4634 0.0000
vt 0.5122 0.4634 0.0000
vt 0.5366 0.4634 0.0000
vt 0.5610 0.4634 0.0000
vt 0.5854 0.4634 0.0000
vt 0.6098 0.4634 0.0000
vt 0.6341 0.4634 0.0000
vt 0.6585 0.4634 0.0000
vt 0.6829 0.4634 0.0000
vt 0.7073 0.4634 0.0000
vt 0.7317 0.4634 0.0000
vt 0.7561 0.4634 0.0000
vt 0.7805 0.4634 0.0000
vt 0.8049 0.4634 0.0000
vt 0.8293 0.4634 0.0000
vt 0.8537 0.4634 0.0000
vt 0.8780 0.4634 0.0000
vt 0.9024 0.4634 0.0000
vt 0.9268 0.4634 0.0000
vt 0.9512 0.4634 0.0000
vt 0.9756 0.4634 0.0000
vt 1.0000 0.4634 0.0000
vt 0.0244 0.4146 0.0000
vt 0.0000 0.4146 0.0000
vt 0.0488 0.4146 0.0000
vt 0.0732 0.4146 0.0000
vt 0.0976 0.4146 0.0000
vt 0.1220 0.4146 0.0000
vt 0.1463 0.4146 0.0000
vt 0.1707 0.4146 0.0000
vt 0.1951 0.4146 0.0000
vt 0.2195 0.4146 0.0000
vt 0.2439 0.4146 0.0000
vt 0.2683 0.4146 0.0000
vt 0.2927 0.4146 0.0000
vt 0.3171 0.4146 0.0000
vt 0.3415 0.4146 0.0000
vt 0.3659 0.4146 0.0000
vt 0.3902 0.4146 0.0000
vt 0.4146 0.4146 0.0000
vt 0.4390 0.4146 0.0000
vt 0.4634 0.4146 0.0000
vt 0.4878 0.4146 0.0000
vt 0.5122 0.4146 0.0000
vt 0.5366 0.4146 0.0000
vt 0.5610 0.4146 0.0000
vt 0.5854 0.4146 0.0000
vt 0.6098 0.4146 0.0000
vt 0.6341 0.4146 0.0000
vt 0.6585 0.4146 0.0000
vt 0.6829 0.4146 0.0000
vt 0.7073 0.4146 0.0000
vt 0.7317 0.4146 0.0000
vt 0.7561 0.4146 0.0000
vt 0.7805 0.4146 0.0000
vt 0.8049 0.4146 0.0000
vt 0.8293 0.4146 0.0000
vt 0.8537 0.4146 0.0000
vt 0.8780 0.4146 0.0000
vt 0.9024 0.4146 0.0000
vt 0.9268 0.4146 0.0000
vt 0.9512 0.4146 0.0000
vt 0.9756 0.4146 0.0000
vt 1.0000 0.4146 0.0000
vt 0.0244 0.3659 0.0000
vt 0.0000 0.3659 0.0000
vt 0.0488 0.3659 0.0000
vt 0.0732 0.3659 0.0000
vt 0.0976 0.3659 0.0000
vt 0.1220 0.3659 0.0000
vt 0.1463 0.3659 0.0000
vt 0.1707 0.3659 0.0000
vt 0.1951 0.3659 0.0000
vt 0.2195 0.3659 0.0000
vt 0.2439 0.3659 0.0000
vt 0.2683 0.3659 0.0000
vt 0.2927 0.3659 0.0000
vt 0.3171 0.3659 0.0000
vt 0.3415 0.3659 0.0000
vt 0.3659 0.3659 0.0000
vt 0.3902 0.3659 0.0000
vt 0.4146 0.3659 0.0000
vt 0.4390 0.3659 0.0000
vt 0.4634 0.3659 0.0000
vt 0.4878 0.3659 0.0000
vt 0.5122 0.3659 0.0000
vt 0.5366 0.3659 0.0000
vt 0.5610 0.3659 0.0000
vt 0.5854 0.3659 0.0000
vt 0.6098 0.3659 0.0000
vt 0.6341 0.3659 0.0000
vt 0.6585 0.3659 0.0000
vt 0.6829 0.3659 0.0000
vt 0.7073 0.3659 0.0000
vt 0.7317 0.3659 0.0000
vt 0.7561 0.3659 0.0000
vt 0.7805 0.3659 0.0000
vt 0.8049 0.3659 0.0000
vt 0.8293 0.3659 0.0000
vt 0.8537 0.3659 0.0000
vt 0.8780 0.3659 0.0000
vt 0.9024 0.3659 0.0000
vt 0.9268 0.3659 0.0000
vt 0.9512 0.3659 0.0000
vt 0.9756 0.3659 0.0000
vt 1.0000 0.3659 0.0000
vt 0.0244 0.3171 0.0000
vt 0.0000 0.3171 0.0000
vt 0.0488 0.3171 0.0000
vt 0.0732 0.3171 0.0000
vt 0.0976 0.3171 0.0000
vt 0.1220 0.3171 0.0000
vt 0.1463 0.3171 0.0000
vt 0.1707 0.3171 0.0000
vt 0.1951 0.3171 0.0000
vt 0.2195 0.3171 0.0000
vt 0.2439 0.3171 0.0000
vt 0.2683 0.3171 0.0000
vt 0.2927 0.3171 0.0000
vt 0.3171 0.3171 0.0000
vt 0.3415 0.3171 0.0000
vt 0.3659 0.3171 0.0000
vt 0.3902 0.3171 0.0000
vt 0.4146 0.3171 0.0000
vt 0.4390 0.3171 0.0000
vt 0.4634 0.3171 0.0000
vt 0.4878 0.3171 0.0000
vt 0.5122 0.3171 0.0000
vt 0.5366 0.3171 0.0000
vt 0.5610 0.3171 0.0000
vt 0.5854 0.3171 0.0000
vt 0.6098 0.3171 0.0000
vt 0.6341 0.3171 0.0000
vt 0.6585 0.3171 0.0000
vt 0.6829 0.3171 0.0000
vt 0.7073 0.3171 0.0000
vt 0.7317 0.3171 0.0000
vt 0.7561 0.3171 0.0000
vt 0.7805 0.3171 0.0000
vt 0.8049 0.3171 0.0000
vt 0.8293 0.3171 0.0000
vt 0.8537 0.3171 0.0000
vt 0.8780 0.3171 0.0000
vt 0.9024 0.3171 0.0000
vt 0.9268 0.3171 0.0000
vt 0.9512 0.3171 0.0000
vt 0.9756 0.3171 0.0000
vt 1.0000 0.3171 0.0000
vt 0.0244 0.2683 0.0000
vt 0.0000 0.2683 0.0000
vt 0.0488 0.2683 0.0000
vt 0.0732 0.2683 0.0000
vt 0.0976 0.2683 0.0000
vt 0.1220 0.2683 0.0000
vt 0.1463 0.2683 0.0000
vt 0.1707 0.2683 0.0000
vt 0.1951 0.2683 0.0000
vt 0.2195 0.2683 0.0000
vt 0.2439 0.2683 0.0000
vt 0.2683 0.2683 0.0000
vt 0.2927 0.2683 0.0000
vt 0.3171 0.2683 0.0000
vt 0.3415 0.2683 0.0000
vt 0.3659 0.2683 0.0000
vt 0.3902 0.2683 0.0000
vt 0.4146 0.2683 0.0000
vt 0.4390 0.2683 0.0000
vt 0.4634 0.2683 0.0000
vt 0.4878 0.2683 0.0000
vt 0.5122 0.2683 0.0000
vt 0.5366 0.2683 0.0000
vt 0.5610 0.2683 0.0000
vt 0.5854 0.2683 0.0000
vt 0.6098 0.2683 0.0000
vt 0.6341 0.2683 0.0000
vt 0.6585 0.2683 0.0000
vt 0.6829 0.2683 0.0000
vt 0.7073 0.2683 0.0000
vt 0.7317 0.2683 0.0000
vt 0.7561 0.2683 0.0000
vt 0.7805 0.2683 0.0000
vt 0.8049 0.2683 0.0000
vt 0.8293 0.2683 0.0000
vt 0.8537 0.2683 0.0000
vt 0.8780 0.2683 0.0000
vt 0.9024 0.2683 0.0000
vt 0.9268 0.2683 0.0000
vt 0.9512 0.2683 0.0000
vt 0.9756 0.2683 0.0000
vt 1.0000 0.2683 0.0000
vt 0.0244 0.2195 0.0000
vt 0.0000 0.2195 0.0000
vt 0.0488 0.2195 0.0000
vt 0.0732 0.2195 0.0000
vt 0.0976 0.2195 0.0000
vt 0.1220 0.2195 0.0000
vt 0.1463 0.2195 0.0000
vt 0.1707 0.2195 0.0000
vt 0.1951 0.2195 0.0000
vt 0.2195 0.2195 0.0000
vt 0.2439 0.2195 0.0000
vt 0.2683 0.2195 0.0000
vt 0.2927 0.2195 0.0000
vt 0.3171 0.2195 0.0000
vt 0.3415 0.2195 0.0000
vt 0.3659 0.2195 0.0000
vt 0.3902 0.2195 0.0000
vt 0.4146 0.2195 0.0000
vt 0.4390 0.2195 0.0000
vt 0.4634 0.2195 0.0000
vt 0.4878 0.2195 0.0000
vt 0.5122 0.2195 0.0000
vt 0.5366 0.2195 0.0000
vt 0.5610 0.2195 0.0000
vt 0.5854 0.2195 0.0000
vt 0.6098 0.2195 0.0000
vt 0.6341 0.2195 0.0000
vt 0.6585 0.2195 0.0000
vt 0.6829 0.2195 0.0000
vt 0.7073 0.2195 0.0000
vt 0.7317 0.2195 0.0000
vt 0.7561 0.2195 0.0000
vt 0.7805 0.2195 0.0000
vt 0.8049 0.2195 0.0000
vt 0.8293 0.2195 0.0000
vt 0.8537 0.2195 0.0000
vt 0.8780 0.2195 0.0000
vt 0.9024 0.2195 0.0000
vt 0.9268 0.2195 0.0000
vt 0.9512 0.2195 0.0000
vt 0.9756 0.2195 0.0000
vt 1.0000 0.2195 0.0000
vt 0.0244 0.1707 0.0000
vt 0.0000 0.1707 0.0000
vt 0.0488 0.1707 0.0000
vt 0.0732 0.1707 0.0000
vt 0.0976 0.1707 0.0000
vt 0.1220 0.1707 0.0000
vt 0.1463 0.1707 0.0000
vt 0.1707 0.1707 0.0000
vt 0.1951 0.1707 0.0000
vt 0.2195 0.1707 0.0000
vt 0.2439 0.1707 0.0000
vt 0.2683 0.1707 0.0000
vt 0.2927 0.1707 0.0000
vt 0.3171 0.1707 0.0000
vt 0.3415 0.1707 0.0000
vt 0.3659 0.1707 0.0000
vt 0.3902 0.1707 0.0000
vt 0.4146 0.1707 0.0000
vt 0.4390 0.1707 0.0000
vt 0.4634 0.1707 0.0000
vt 0.4878 0.1707 0.0000
vt 0.5122 0.1707 0.0000
vt 0.5366 0.1707 0.0000
vt 0.5610 0.1707 0.0000
vt 0.5854 0.1707 0.0000
vt 0.6098 0.1707 0.0000
vt 0.6341 0.1707 0.0000
vt 0.6585 0.1707 0.0000
vt 0.6829 0.1707 0.0000
vt 0.7073 0.1707 0.0000
vt 0.7317 0.1707 0.0000
vt 0.7561 0.1707 0.0000
vt 0.7805 0.1707 0.0000
vt 0.8049 0.1707 0.0000
vt 0.8293 0.1707 0.0000
vt 0.8537 0.1707 0.0000
vt 0.8780 0.1707 0.0000
vt 0.9024 0.1707 0.0000
vt 0.9268 0.1707 0.0000
vt 0.9512 0.1707 0.0000
vt 0.9756 0.1707 0.0000
vt 1.0000 0.1707 0.0000
vt 0.0244 0.1220 0.0000
vt 0.0000 0.1220 0.0000
vt 0.0488 0.1220 0.0000
vt 0.0732 0.1220 0.0000
vt 0.0976 0.1220 0.0000
vt 0.1220 0.1220 0.0000
vt 0.1463 0.1220 0.0000
vt 0.1707 0.1220 0.0000
vt 0.1951 0.1220 0.0000
vt 0.2195 0.1220 0.0000
vt 0.2439 0.1220 0.0000
vt 0.2683 0.1220 0.0000
vt 0.2927 0.1220 0.0000
vt 0.3171 0.1220 0.0000
vt 0.3415 0.1220 0.0000
vt 0.3659 0.1220 0.0000
vt 0.3902 0.1220 0.0000
vt 0.4146 0.1220 0.0000
vt 0.4390 0.1220 0.0000
vt 0.4634 0.1220 0.0000
vt 0.4878 0.1220 0.0000
vt 0.5122 0.1220 0.0000
vt 0.5366 0.1220 0.0000
vt 0.5610 0.1220 0.0000
vt 0.5854 0.1220 0.0000
vt 0.6098 0.1220 0.0000
vt 0.6341 0.1220 0.0000
vt 0.6585 0.1220 0.0000
vt 0.6829 0.1220 0.0000
vt 0.7073 0.1220 0.0000
vt 0.7317 0.1220 0.0000
vt 0.7561 0.1220 0.0000
vt 0.7805 0.1220 0.0000
vt 0.8049 0.1220 0.0000
vt 0.8293 0.1220 0.0000
vt 0.8537 0.1220 0.0000
vt 0.8780 0.1220 0.0000
vt 0.9024 0.1220 0.0000
vt 0.9268 0.1220 0.0000
vt 0.9512 0.1220 0.0000
vt 0.9756 0.1220 0.0000
vt 1.0000 0.1220 0.0000
vt 0.0244 0.0732 0.0000
vt 0.0000 0.0732 0.0000
vt 0.0488 0.0732 0.0000
vt 0.0732 0.0732 0.0000
vt 0.0976 0.0732 0.0000
vt 0.1220 0.0732 0.0000
vt 0.1463 0.0732 0.0000
vt 0.1707 0.0732 0.0000
vt 0.1951 0.0732 0.0000
vt 0.2195 0.0732 0.0000
vt 0.2439 0.0732 0.0000
vt 0.2683 0.0732 0.0000
vt 0.2927 0.0732 0.0000
vt 0.3171 0.0732 0.0000
vt 0.3415 0.0732 0.0000
vt 0.3659 0.0732 0.0000
vt 0.3902 0.0732 0.0000
vt 0.4146 0.0732 0.0000
vt 0.4390 0.0732 0.0000
vt 0.4634 0.0732 0.0000
vt 0.4878 0.0732 0.0000
vt 0.5122 0.0732 0.0000
vt 0.5366 0.0732 0.0000
vt 0.5610 0.0732 0.0000
vt 0.5854 0.0732 0.0000
vt 0.6098 0.0732 0.0000
vt 0.6341 0.0732 0.0000
vt 0.6829 0.0732 0.0000
vt 0.7073 0.0732 0.0000
vt 0.7317 0.0732 0.0000
vt 0.7561 0.0732 0.0000
vt 0.7805 0.0732 0.0000
vt 0.8049 0.0732 0.0000
vt 0.8293 0.0732 0.0000
vt 0.8537 0.0732 0.0000
vt 0.8780 0.0732 0.0000
vt 0.9268 0.0732 0.0000
vt 0.9024 0.0732 0.0000
vt 0.9512 0.0732 0.0000
vt 0.9756 0.0732 0.0000
vt 1.0000 0.0732 0.0000
vt 0.0000 0.0244 0.0000
vt 0.0488 0.0244 0.0000
vt 0.0732 0.0244 0.0000
vt 0.0976 0.0244 0.0000
vt 0.1220 0.0244 0.0000
vt 0.1463 0.0244 0.0000
vt 0.1707 0.0244 0.0000
vt 0.2195 0.0244 0.0000
vt 0.2683 0.0244 0.0000
vt 0.2927 0.0244 0.0000
vt 0.3415 0.0244 0.0000
vt 0.3902 0.0244 0.0000
vt 0.4146 0.0244 0.0000
vt 0.4390 0.0244 0.0000
vt 0.4634 0.0244 0.0000
vt 0.5122 0.0244 0.0000
vt 0.5610 0.0244 0.0000
vt 0.6098 0.0244 0.0000
vt 0.6341 0.0244 0.0000
vt 0.6585 0.0732 0.0000
vt 0.6829 0.0244 0.0000
vt 0.7073 0.0244 0.0000
vt 0.7561 0.0244 0.0000
vt 0.8049 0.0244 0.0000
vt 0.8537 0.0244 0.0000
vt 0.8780 0.0244 0.0000
vt 0.9024 0.0244 0.0000
vt 0.9268 0.0244 0.0000
vt 0.9512 0.0244 0.0000
vt 0.0000 0.9375 0.0000
vt 0.0313 0.9375 0.0000
vt 0.0313 1.0000 0.0000
vt 0.0625 0.9375 0.0000
vt 0.0625 1.0000 0.0000
vt 0.0938 0.9375 0.0000
vt 0.0938 1.0000 0.0000
vt 0.1250 0.9375 0.0000
vt 0.1250 1.0000 0.0000
vt 0.1563 0.9375 0.0000
vt 0.1563 1.0000 0.0000
vt 0.1875 0.9375 0.0000
vt 0.1875 1.0000 0.0000
vt 0.2187 0.9375 0.0000
vt 0.2187 1.0000 0.0000
vt 0.2500 0.9375 0.0000
vt 0.2500 1.0000 0.0000
vt 0.2812 0.9375 0.0000
vt 0.2812 1.0000 0.0000
vt 0.3125 0.9375 0.0000
vt 0.3125 1.0000 0.0000
vt 0.3437 0.9375 0.0000
vt 0.3437 1.0000 0.0000
vt 0.3750 0.9375 0.0000
vt 0.3750 1.0000 0.0000
vt 0.4063 0.9375 0.0000
vt 0.4063 1.0000 0.0000
vt 0.4375 0.9375 0.0000
vt 0.4375 1.0000 0.0000
vt 0.4688 0.9375 0.0000
vt 0.4688 1.0000 0.0000
vt 0.5000 0.9375 0.0000
vt 0.5000 1.0000 0.0000
vt 0.5313 0.9375 0.0000
vt 0.5313 1.0000 0.0000
vt 0.5625 0.9375 0.0000
vt 0.5625 1.0000 0.0000
vt 0.5938 0.9375 0.0000
vt 0.5938 1.0000 0.0000
vt 0.6250 0.9375 0.0000
vt 0.6250 1.0000 0.0000
vt 0.6563 0.9375 0.0000
vt 0.6563 1.0000 0.0000
vt 0.6875 0.9375 0.0000
vt 0.6875 1.0000 0.0000
vt 0.7188 0.9375 0.0000
vt 0.7188 1.0000 0.0000
vt 0.7500 0.9375 0.0000
vt 0.7500 1.0000 0.0000
vt 0.7813 0.9375 0.0000
vt 0.7813 1.0000 0.0000
vt 0.8125 0.9375 0.0000
vt 0.8125 1.0000 0.0000
vt 0.8438 0.9375 0.0000
vt 0.8438 1.0000 0.0000
vt 0.8750 0.9375 0.0000
vt 0.8750 1.0000 0.0000
vt 0.9063 0.9375 0.0000
vt 0.9063 1.0000 0.0000
vt 0.9375 0.9375 0.0000
vt 0.9375 1.0000 0.0000
vt 0.9688 0.9375 0.0000
vt 0.9688 1.0000 0.0000
vt 1.0000 0.9375 0.0000
vt 0.0313 0.8750 0.0000
vt 0.0000 0.8750 0.0000
vt 0.0625 0.8750 0.0000
vt 0.0938 0.8750 0.0000
vt 0.1250 0.8750 0.0000
vt 0.1563 0.8750 0.0000
vt 0.1875 0.8750 0.0000
vt 0.2187 0.8750 0.0000
vt 0.2500 0.8750 0.0000
vt 0.2812 0.8750 0.0000
vt 0.3125 0.8750 0.0000
vt 0.3437 0.8750 0.0000
vt 0.3750 0.8750 0.0000
vt 0.4063 0.8750 0.0000
vt 0.4375 0.8750 0.0000
vt 0.4688 0.8750 0.0000
vt 0.5000 0.8750 0.0000
vt 0.5313 0.8750 0.0000
vt 0.5625 0.8750 0.0000
vt 0.5938 0.8750 0.0000
vt 0.6250 0.8750 0.0000
vt 0.6563 0.8750 0.0000
vt 0.6875 0.8750 0.0000
vt 0.7188 0.8750 0.0000
vt 0.7500 0.8750 0.0000
vt 0.7813 0.8750 0.0000
vt 0.8125 0.8750 0.0000
vt 0.8438 0.8750 0.0000
vt 0.8750 0.8750 0.0000
vt 0.9063 0.8750 0.0000
vt 0.9375 0.8750 0.0000
vt 0.9688 0.8750 0.0000
vt 1.0000 0.8750 0.0000
vt 0.0313 0.8125 0.0000
vt 0.0000 0.8125 0.0000
vt 0.0625 0.8125 0.0000
vt 0.0938 0.8125 0.0000
vt 0.1250 0.8125 0.0000
vt 0.1563 0.8125 0.0000
vt 0.1875 0.8125 0.0000
vt 0.2187 0.8125 0.0000
vt 0.2500 0.8125 0.0000
vt 0.2812 0.8125 0.0000
vt 0.3125 0.8125 0.0000
vt 0.3437 0.8125 0.0000
vt 0.3750 0.8125 0.0000
vt 0.4063 0.8125 0.0000
vt 0.4375 0.8125 0.0000
vt 0.4688 0.8125 0.0000
vt 0.5000 0.8125 0.0000
vt 0.5313 0.8125 0.0000
vt 0.5625 0.8125 0.0000
vt 0.5938 0.8125 0.0000
vt 0.6250 0.8125 0.0000
vt 0.6563 0.8125 0.0000
vt 0.6875 0.8125 0.0000
vt 0.7188 0.8125 0.0000
vt 0.7500 0.8125 0.0000
vt 0.7813 0.8125 0.0000
vt 0.8125 0.8125 0.0000
vt 0.8438 0.8125 0.0000
vt 0.8750 0.8125 0.0000
vt 0.9063 0.8125 0.0000
vt 0.9375 0.8125 0.0000
vt 0.9688 0.8125 0.0000
vt 1.0000 0.8125 0.0000
vt 0.0313 0.7500 0.0000
vt 0.0000 0.7500 0.0000
vt 0.0625 0.7500 0.0000
vt 0.0938 0.7500 0.0000
vt 0.1250 0.7500 0.0000
vt 0.1563 0.7500 0.0000
vt 0.1875 0.7500 0.0000
vt 0.2187 0.7500 0.0000
vt 0.2500 0.7500 0.0000
vt 0.2812 0.7500 0.0000
vt 0.3125 0.7500 0.0000
vt 0.3437 0.7500 0.0000
vt 0.3750 0.7500 0.0000
vt 0.4063 0.7500 0.0000
vt 0.4375 0.7500 0.0000
vt 0.4688 0.7500 0.0000
vt 0.5000 0.7500 0.0000
vt 0.5313 0.7500 0.0000
vt 0.5625 0.7500 0.0000
vt 0.5938 0.7500 0.0000
vt 0.6250 0.7500 0.0000
vt 0.6563 0.7500 0.0000
vt 0.6875 0.7500 0.0000
vt 0.7188 0.7500 0.0000
vt 0.7500 0.7500 0.0000
vt 0.7813 0.7500 0.0000
vt 0.8125 0.7500 0.0000
vt 0.8438 0.7500 0.0000
vt 0.8750 0.7500 0.0000
vt 0.9063 0.7500 0.0000
vt 0.9375 0.7500 0.0000
vt 0.9688 0.7500 0.0000
vt 1.0000 0.7500 0.0000
vt 0.0313 0.6875 0.0000
vt 0.0000 0.6875 0.0000
vt 0.0625 0.6875 0.0000
vt 0.0938 0.6875 0.0000
vt 0.1250 0.6875 0.0000
vt 0.1563 0.6875 0.0000
vt 0.1875 0.6875 0.0000
vt 0.2187 0.6875 0.0000
vt 0.2500 0.6875 0.0000
vt 0.2812 0.6875 0.0000
vt 0.3125 0.6875 0.0000
vt 0.3437 0.6875 0.0000
vt 0.3750 0.6875 0.0000
vt 0.4063 0.6875 0.0000
vt 0.4375 0.6875 0.0000
vt 0.4688 0.6875 0.0000
vt 0.5000 0.6875 0.0000
vt 0.5313 0.6875 0.0000
vt 0.5625 0.6875 0.0000
vt 0.5938 0.6875 0.0000
vt 0.6250 0.6875 0.0000
vt 0.6563 0.6875 0.0000
vt 0.6875 0.6875 0.0000
vt 0.7188 0.6875 0.0000
vt 0.7500 0.6875 0.0000
vt 0.7813 0.6875 0.0000
vt 0.8125 0.6875 0.0000
vt 0.8438 0.6875 0.0000
vt 0.8750 0.6875 0.0000
vt 0.9063 0.6875 0.0000
vt 0.9375 0.6875 0.0000
vt 0.9688 0.6875 0.0000
vt 1.0000 0.6875 0.0000
vt 0.0313 0.6250 0.0000
vt 0.0000 0.6250 0.0000
vt 0.0625 0.6250 0.0000
vt 0.0938 0.6250 0.0000
vt 0.1250 0.6250 0.0000
vt 0.1563 0.6250 0.0000
vt 0.1875 0.6250 0.0000
vt 0.2187 0.6250 0.0000
vt 0.2500 0.6250 0.0000
vt 0.2812 0.6250 0.0000
vt 0.3125 0.6250 0.0000
vt 0.3437 0.6250 0.0000
vt 0.3750 0.6250 0.0000
vt 0.4063 0.6250 0.0000
vt 0.4375 0.6250 0.0000
vt 0.4688 0.6250 0.0000
vt 0.5000 0.6250 0.0000
vt 0.5313 0.6250 0.0000
vt 0.5625 0.6250 0.0000
vt 0.5938 0.6250 0.0000
vt 0.6250 0.6250 0.0000
vt 0.6563 0.6250 0.0000
vt 0.6875 0.6250 0.0000
vt 0.7188 0.6250 0.0000
vt 0.7500 0.6250 0.0000
vt 0.7813 0.6250 0.0000
vt 0.8125 0.6250 0.0000
vt 0.8438 0.6250 0.0000
vt 0.8750 0.6250 0.0000
vt 0.9063 0.6250 0.0000
vt 0.9375 0.6250 0.0000
vt 0.9688 0.6250 0.0000
vt 1.0000 0.6250 0.0000
vt 0.0313 0.5625 0.0000
vt 0.0000 0.5625 0.0000
vt 0.0625 0.5625 0.0000
vt 0.0938 0.5625 0.0000
vt 0.1250 0.5625 0.0000
vt 0.1563 0.5625 0.0000
vt 0.1875 0.5625 0.0000
vt 0.2187 0.5625 0.0000
vt 0.2500 0.5625 0.0000
vt 0.2812 0.5625 0.0000
vt 0.3125 0.5625 0.0000
vt 0.3437 0.5625 0.0000
vt 0.3750 0.5625 0.0000
vt 0.4063 0.5625 0.0000
vt 0.4375 0.5625 0.0000
vt 0.4688 0.5625 0.0000
vt 0.5000 0.5625 0.0000
vt 0.5313 0.5625 0.0000
vt 0.5625 0.5625 0.0000
vt 0.5938 0.5625 0.0000
vt 0.6250 0.5625 0.0000
vt 0.6563 0.5625 0.0000
vt 0.6875 0.5625 0.0000
vt 0.7188 0.5625 0.0000
vt 0.7500 0.5625 0.0000
vt 0.7813 0.5625 0.0000
vt 0.8125 0.5625 0.0000
vt 0.8438 0.5625 0.0000
vt 0.8750 0.5625 0.0000
vt 0.9063 0.5625 0.0000
vt 0.9375 0.5625 0.0000
vt 0.9688 0.5625 0.0000
vt 1.0000 0.5625 0.0000
vt 0.0313 0.5000 0.0000
vt 0.0000 0.5000 0.0000
vt 0.0625 0.5000 0.0000
vt 0.0938 0.5000 0.0000
vt 0.1250 0.5000 0.0000
vt 0.1563 0.5000 0.0000
vt 0.1875 0.5000 0.0000
vt 0.2187 0.5000 0.0000
vt 0.2500 0.5000 0.0000
vt 0.2812 0.5000 0.0000
vt 0.3125 0.5000 0.0000
vt 0.3437 0.5000 0.0000
vt 0.3750 0.5000 0.0000
vt 0.4063 0.5000 0.0000
vt 0.4375 0.5000 0.0000
vt 0.4688 0.5000 0.0000
vt 0.5000 0.5000 0.0000
vt 0.5313 0.5000 0.0000
vt 0.5625 0.5000 0.0000
vt 0.5938 0.5000 0.0000
vt 0.6250 0.5000 0.0000
vt 0.6563 0.5000 0.0000
vt 0.6875 0.5000 0.0000
vt 0.7188 0.5000 0.0000
vt 0.7500 0.5000 0.0000
vt 0.7813 0.5000 0.0000
vt 0.8125 0.5000 0.0000
vt 0.8438 0.5000 0.0000
vt 0.8750 0.5000 0.0000
vt 0.9063 0.5000 0.0000
vt 0.9375 0.5000 0.0000
vt 0.9688 0.5000 0.0000
vt 1.0000 0.5000 0.0000
vt 0.0313 0.4375 0.0000
vt 0.0000 0.4375 0.0000
vt 0.0625 0.4375 0.0000
vt 0.0938 0.4375 0.0000
vt 0.1250 0.4375 0.0000
vt 0.1563 0.4375 0.0000
vt 0.1875 0.4375 0.0000
vt 0.2187 0.4375 0.0000
vt 0.2500 0.4375 0.0000
vt 0.2812 0.4375 0.0000
vt 0.3125 0.4375 0.0000
vt 0.3437 0.4375 0.0000
vt 0.3750 0.4375 0.0000
vt 0.4063 0.4375 0.0000
vt 0.4375 0.4375 0.0000
vt 0.4688 0.4375 0.0000
vt 0.5000 0.4375 0.0000
vt 0.5313 0.4375 0.0000
vt 0.5625 0.4375 0.0000
vt 0.5938 0.4375 0.0000
vt 0.6250 0.4375 0.0000
vt 0.6563 0.4375 0.0000
vt 0.6875 0.4375 0.0000
vt 0.7188 0.4375 0.0000
vt 0.7500 0.4375 0.0000
vt 0.7813 0.4375 0.0000
vt 0.8125 0.4375 0.0000
vt 0.8438 0.4375 0.0000
vt 0.8750 0.4375 0.0000
vt 0.9063 0.4375 0.0000
vt 0.9375 0.4375 0.0000
vt 0.9688 0.4375 0.0000
vt 1.0000 0.4375 0.0000
vt 0.0313 0.3750 0.0000
vt 0.0000 0.3750 0.0000
vt 0.0625 0.3750 0.0000
vt 0.0938 0.3750 0.0000
vt 0.1250 0.3750 0.0000
vt 0.1563 0.3750 0.0000
vt 0.1875 0.3750 0.0000
vt 0.2187 0.3750 0.0000
vt 0.2500 0.3750 0.0000
vt 0.2812 0.3750 0.0000
vt 0.3125 0.3750 0.0000
vt 0.3437 0.3750 0.0000
vt 0.3750 0.3750 0.0000
vt 0.4063 0.3750 0.0000
vt 0.4375 0.3750 0.0000
vt 0.4688 0.3750 0.0000
vt 0.5000 0.3750 0.0000
vt 0.5313 0.3750 0.0000
vt 0.5625 0.3750 0.0000
vt 0.5938 0.3750 0.0000
vt 0.6250 0.3750 0.0000
vt 0.6563 0.3750 0.0000
vt 0.6875 0.3750 0.0000
vt 0.7188 0.3750 0.0000
vt 0.7500 0.3750 0.0000
vt 0.7813 0.3750 0.0000
vt 0.8125 0.3750 0.0000
vt 0.8438 0.3750 0.0000
vt 0.8750 0.3750 0.0000
vt 0.9063 0.3750 0.0000
vt 0.9375 0.3750 0.0000
vt 0.9688 0.3750 0.0000
vt 1.0000 0.3750 0.0000
vt 0.0313 0.3125 0.0000
vt 0.0000 0.3125 0.0000
vt 0.0625 0.3125 0.0000
vt 0.0938 0.3125 0.0000
vt 0.1250 0.3125 0.0000
vt 0.1563 0.3125 0.0000
vt 0.1875 0.3125 0.0000
vt 0.2187 0.3125 0.0000
vt 0.2500 0.3125 0.0000
vt 0.2812 0.3125 0.0000
vt 0.3125 0.3125 0.0000
vt 0.3437 0.3125 0.0000
vt 0.3750 0.3125 0.0000
vt 0.4063 0.3125 0.0000
vt 0.4375 0.3125 0.0000
vt 0.4688 0.3125 0.0000
vt 0.5000 0.3125 0.0000
vt 0.5313 0.3125 0.0000
vt 0.5625 0.3125 0.0000
vt 0.5938 0.3125 0.0000
vt 0.6250 0.3125 0.0000
vt 0.6563 0.3125 0.0000
vt 0.6875 0.3125 0.0000
vt 0.7188 0.3125 0.0000
vt 0.7500 0.3125 0.0000
vt 0.7813 0.3125 0.0000
vt 0.8125 0.3125 0.0000
vt 0.8438 0.3125 0.0000
vt 0.8750 0.3125 0.0000
vt 0.9063 0.3125 0.0000
vt 0.9375 0.3125 0.0000
vt 0.9688 0.3125 0.0000
vt 1.0000 0.3125 0.0000
vt 0.0313 0.2500 0.0000
vt 0.0000 0.2500 0.0000
vt 0.0625 0.2500 0.0000
vt 0.0938 0.2500 0.0000
vt 0.1250 0.2500 0.0000
vt 0.1563 0.2500 0.0000
vt 0.1875 0.2500 0.0000
vt 0.2187 0.2500 0.0000
vt 0.2500 0.2500 0.0000
vt 0.2812 0.2500 0.0000
vt 0.3125 0.2500 0.0000
vt 0.3437 0.2500 0.0000
vt 0.3750 0.2500 0.0000
vt 0.4063 0.2500 0.0000
vt 0.4375 0.2500 0.0000
vt 0.4688 0.2500 0.0000
vt 0.5000 0.2500 0.0000
vt 0.5313 0.2500 0.0000
vt 0.5625 0.2500 0.0000
vt 0.5938 0.2500 0.0000
vt 0.6250 0.2500 0.0000
vt 0.6563 0.2500 0.0000
vt 0.6875 0.2500 0.0000
vt 0.7188 0.2500 0.0000
vt 0.7500 0.2500 0.0000
vt 0.7813 0.2500 0.0000
vt 0.8125 0.2500 0.0000
vt 0.8438 0.2500 0.0000
vt 0.8750 0.2500 0.0000
vt 0.9063 0.2500 0.0000
vt 0.9375 0.2500 0.0000
vt 0.9688 0.2500 0.0000
vt 1.0000 0.2500 0.0000
vt 0.0313 0.1875 0.0000
vt 0.0000 0.1875 0.0000
vt 0.0625 0.1875 0.0000
vt 0.0938 0.1875 0.0000
vt 0.1250 0.1875 0.0000
vt 0.1563 0.1875 0.0000
vt 0.1875 0.1875 0.0000
vt 0.2187 0.1875 0.0000
vt 0.2500 0.1875 0.0000
vt 0.2812 0.1875 0.0000
vt 0.3125 0.1875 0.0000
vt 0.3437 0.1875 0.0000
vt 0.3750 0.1875 0.0000
vt 0.4063 0.1875 0.0000
vt 0.4375 0.1875 0.0000
vt 0.4688 0.1875 0.0000
vt 0.5000 0.1875 0.0000
vt 0.5313 0.1875 0.0000
vt 0.5625 0.1875 0.0000
vt 0.5938 0.1875 0.0000
vt 0.6250 0.1875 0.0000
vt 0.6563 0.1875 0.0000
vt 0.6875 0.1875 0.0000
vt 0.7188 0.1875 0.0000
vt 0.7500 0.1875 0.0000
vt 0.7813 0.1875 0.0000
vt 0.8125 0.1875 0.0000
vt 0.8438 0.1875 0.0000
vt 0.8750 0.1875 0.0000
vt 0.9063 0.1875 0.0000
vt 0.9375 0.1875 0.0000
vt 0.9688 0.1875 0.0000
vt 1.0000 0.1875 0.0000
vt 0.0313 0.1250 0.0000
vt 0.0000 0.1250 0.0000
vt 0.0625 0.1250 0.0000
vt 0.0938 0.1250 0.0000
vt 0.1250 0.1250 0.0000
vt 0.1563 0.1250 0.0000
vt 0.1875 0.1250 0.0000
vt 0.2187 0.1250 0.0000
vt 0.2500 0.1250 0.0000
vt 0.2812 0.1250 0.0000
vt 0.3125 0.1250 0.0000
vt 0.3437 0.1250 0.0000
vt 0.3750 0.1250 0.0000
vt 0.4063 0.1250 0.0000
vt 0.4375 0.1250 0.0000
vt 0.4688 0.1250 0.0000
vt 0.5000 0.1250 0.0000
vt 0.5313 0.1250 0.0000
vt 0.5625 0.1250 0.0000
vt 0.5938 0.1250 0.0000
vt 0.6250 0.1250 0.0000
vt 0.6563 0.1250 0.0000
vt 0.6875 0.1250 0.0000
vt 0.7188 0.1250 0.0000
vt 0.7500 0.1250 0.0000
vt 0.7813 0.1250 0.0000
vt 0.8125 0.1250 0.0000
vt 0.8438 0.1250 0.0000
vt 0.8750 0.1250 0.0000
vt 0.9063 0.1250 0.0000
vt 0.9375 0.1250 0.0000
vt 0.9688 0.1250 0.0000
vt 1.0000 0.1250 0.0000
vt 0.0313 0.0625 0.0000
vt 0.0000 0.0625 0.0000
vt 0.0625 0.0625 0.0000
vt 0.0938 0.0625 0.0000
vt 0.1250 0.0625 0.0000
vt 0.1563 0.0625 0.0000
vt 0.1875 0.0625 0.0000
vt 0.2187 0.0625 0.0000
vt 0.2500 0.0625 0.0000
vt 0.2812 0.0625 0.0000
vt 0.3125 0.0625 0.0000
vt 0.3437 0.0625 0.0000
vt 0.3750 0.0625 0.0000
vt 0.4063 0.0625 0.0000
vt 0.4375 0.0625 0.0000
vt 0.4688 0.0625 0.0000
vt 0.5000 0.0625 0.0000
vt 0.5313 0.0625 0.0000
vt 0.5625 0.0625 0.0000
vt 0.5938 0.0625 0.0000
vt 0.6250 0.0625 0.0000
vt 0.6563 0.0625 0.0000
vt 0.6875 0.0625 0.0000
vt 0.7188 0.0625 0.0000
vt 0.7500 0.0625 0.0000
vt 0.7813 0.0625 0.0000
vt 0.8125 0.0625 0.0000
vt 0.8438 0.0625 0.0000
vt 0.8750 0.0625 0.0000
vt 0.9063 0.0625 0.0000
vt 0.9375 0.0625 0.0000
vt 0.9688 0.0625 0.0000
vt 1.0000 0.0625 0.0000
vt 0.0000 -0.0000 0.0000
vt 0.0313 -0.0000 0.0000
vt 0.0625 -0.0000 0.0000
vt 0.0938 -0.0000 0.0000
vt 0.1250 -0.0000 0.0000
vt 0.1563 -0.0000 0.0000
vt 0.1875 -0.0000 0.0000
vt 0.2187 -0.0000 0.0000
vt 0.2500 -0.0000 0.0000
vt 0.2812 -0.0000 0.0000
vt 0.3125 -0.0000 0.0000
vt 0.3437 -0.0000 0.0000
vt 0.3750 -0.0000 0.0000
vt 0.4063 -0.0000 0.0000
vt 0.4375 -0.0000 0.0000
vt 0.4688 -0.0000 0.0000
vt 0.5000 -0.0000 0.0000
vt 0.5313 -0.0000 0.0000
vt 0.5625 -0.0000 0.0000
vt 0.5938 -0.0000 0.0000
vt 0.6250 -0.0000 0.0000
vt 0.6563 -0.0000 0.0000
vt 0.6875 -0.0000 0.0000
vt 0.7188 -0.0000 0.0000
vt 0.7500 -0.0000 0.0000
vt 0.7813 -0.0000 0.0000
vt 0.8125 -0.0000 0.0000
vt 0.8438 -0.0000 0.0000
vt 0.8750 -0.0000 0.0000
vt 0.9063 -0.0000 0.0000
vt 0.9375 -0.0000 0.0000
vt 0.9688 -0.0000 0.0000
# 2733 texture coords

g p14535_7
usemtl f22
s off
f 1/1/1 2/2/2 3/3/3 
f 4/4/4 5/5/4 6/4/4 
f 6/4/4 7/6/4 4/4/4 
f 4/4/4 7/6/4 8/6/4 
f 9/7/5 10/8/5 11/7/5 
f 11/7/5 12/9/5 9/7/5 
f 11/7/5 13/9/5 12/9/5 
f 14/10/6 15/11/6 16/12/6 
f 16/12/6 15/11/6 17/13/6 
f 18/14/6 15/11/6 14/10/6 
f 18/14/6 19/15/6 15/11/6 
f 20/16/6 21/17/6 18/14/6 
f 18/14/6 21/17/6 19/15/6 
f 22/18/6 20/16/6 23/18/6 
f 23/18/6 18/14/6 24/19/6 
f 24/19/6 18/14/6 25/19/6 
f 20/16/6 18/14/6 23/18/6 
f 25/19/7 26/20/7 24/19/7 
f 24/19/7 26/20/7 27/20/7 
f 28/21/8 29/22/8 30/23/8 
f 31/24/8 29/22/8 28/21/8 
f 30/23/8 29/22/8 32/25/8 
f 27/20/8 28/21/8 33/26/8 
f 33/26/8 28/21/8 34/26/8 
f 31/24/8 28/21/8 27/20/8 
f 31/24/8 27/20/8 26/20/8 
f 34/26/9 35/27/9 33/26/9 
f 36/28/10 37/29/10 38/30/10 
f 38/30/10 37/29/10 39/31/10 
f 40/32/10 37/29/10 36/28/10 
f 40/32/10 41/33/10 37/29/10 
f 42/34/10 43/35/10 40/32/10 
f 40/32/10 43/35/10 41/33/10 
f 44/36/10 40/32/10 45/36/10 
f 45/36/10 40/32/10 46/37/10 
f 46/37/10 40/32/10 47/37/10 
f 48/38/11 44/36/11 45/36/11 
f 48/38/11 49/38/11 44/36/11 
f 50/39/12 51/40/12 52/41/12 
f 53/42/12 51/40/12 50/39/12 
f 52/41/12 51/40/12 54/43/12 
f 53/42/12 48/38/12 55/44/12 
f 50/39/12 49/38/12 48/38/12 
f 53/42/12 55/44/12 56/44/12 
f 50/39/12 48/38/12 53/42/12 
f 57/45/13 56/44/13 55/44/13 
f 58/46/14 59/47/14 60/48/14 
f 61/49/15 59/50/15 58/51/15 
f 61/49/15 62/52/15 59/50/15 
f 63/51/16 64/50/16 65/49/16 
f 65/49/16 64/50/16 66/52/16 
f 64/47/17 63/46/17 67/48/17 
f 68/53/18 69/54/18 70/53/18 
f 71/55/18 68/53/18 72/55/18 
f 72/55/18 68/53/18 70/53/18 
f 72/55/18 47/37/18 71/55/18 
f 72/55/18 46/37/18 47/37/18 
f 73/56/19 74/56/19 75/57/19 
f 75/57/19 74/56/19 76/57/19 
f 73/56/19 77/58/19 74/56/19 
f 76/57/19 23/18/19 75/57/19 
f 76/57/19 22/18/19 23/18/19 
f 78/59/20 79/60/21 80/61/22 
f 78/59/20 81/62/23 79/60/21 
f 82/63/24 78/59/20 83/64/25 
f 83/64/25 78/59/20 80/61/22 
f 84/65/26 82/63/24 85/66/27 
f 85/66/27 82/63/24 83/64/25 
f 86/67/28 85/66/27 87/68/29 
f 86/67/28 84/65/26 85/66/27 
f 88/69/30 87/68/29 89/70/31 
f 88/69/30 86/67/28 87/68/29 
f 90/71/32 89/70/31 91/72/33 
f 90/71/32 88/69/30 89/70/31 
f 92/73/34 90/71/32 93/74/35 
f 93/74/35 90/71/32 91/72/33 
f 94/75/36 92/73/34 95/76/37 
f 95/76/37 92/73/34 93/74/35 
f 96/77/38 94/75/36 97/78/39 
f 97/78/39 94/75/36 95/76/37 
f 98/79/40 97/78/39 99/80/41 
f 98/79/40 96/77/38 97/78/39 
f 100/81/42 99/80/41 101/82/43 
f 100/81/42 98/79/40 99/80/41 
f 81/62/23 101/82/43 79/60/21 
f 81/62/23 100/81/42 101/82/43 
f 80/61/22 102/83/44 103/84/45 
f 80/61/22 79/60/21 102/83/44 
f 83/64/25 80/61/22 104/85/46 
f 104/85/46 80/61/22 103/84/45 
f 85/66/27 83/64/25 105/86/47 
f 105/86/47 83/64/25 104/85/46 
f 87/68/29 105/86/47 106/87/48 
f 87/68/29 85/66/27 105/86/47 
f 89/70/31 106/87/48 107/88/49 
f 89/70/31 87/68/29 106/87/48 
f 91/72/33 107/88/49 108/89/50 
f 91/72/33 89/70/31 107/88/49 
f 93/74/35 108/89/50 109/90/51 
f 93/74/35 91/72/33 108/89/50 
f 95/76/37 93/74/35 110/91/52 
f 110/91/52 93/74/35 109/90/51 
f 97/78/39 95/76/37 111/92/53 
f 111/92/53 95/76/37 110/91/52 
f 99/80/41 111/92/53 112/93/54 
f 99/80/41 97/78/39 111/92/53 
f 101/82/43 112/93/54 113/94/55 
f 101/82/43 99/80/41 112/93/54 
f 79/60/21 113/94/55 102/83/44 
f 79/60/21 101/82/43 113/94/55 
f 114/95/56 102/83/44 113/94/55 
f 114/95/56 113/94/55 112/93/54 
f 114/95/56 112/93/54 111/92/53 
f 114/95/56 111/92/53 110/91/52 
f 114/95/56 110/91/52 109/90/51 
f 114/95/56 109/90/51 108/89/50 
f 114/95/56 108/89/50 107/88/49 
f 114/95/56 107/88/49 106/87/48 
f 114/95/56 106/87/48 105/86/47 
f 114/95/56 105/86/47 104/85/46 
f 114/95/56 104/85/46 103/84/45 
f 114/95/56 103/84/45 102/83/44 
f 115/96/57 116/97/58 117/98/59 
f 115/96/57 118/99/60 116/97/58 
f 119/100/61 117/98/59 120/101/62 
f 119/100/61 115/96/57 117/98/59 
f 121/102/63 120/101/62 122/103/64 
f 121/102/63 119/100/61 120/101/62 
f 123/104/65 122/103/64 124/105/66 
f 123/104/65 121/102/63 122/103/64 
f 125/106/67 124/105/66 126/107/68 
f 125/106/67 123/104/65 124/105/66 
f 127/108/69 125/106/67 126/107/68 
f 128/109/70 129/110/71 127/108/69 
f 127/108/69 129/110/71 125/106/67 
f 117/98/59 130/111/72 131/112/73 
f 117/98/59 116/97/58 130/111/72 
f 120/101/62 117/98/59 132/113/74 
f 132/113/74 117/98/59 131/112/73 
f 124/105/66 133/114/75 134/115/76 
f 124/105/66 122/103/64 133/114/75 
f 126/107/68 134/115/76 135/116/77 
f 126/107/68 124/105/66 134/115/76 
f 127/108/69 135/116/77 136/117/78 
f 127/108/69 126/107/68 135/116/77 
f 53/118/79 127/108/69 137/119/80 
f 53/118/79 128/109/70 127/108/69 
f 53/118/79 137/119/80 51/120/81 
f 50/121/82 52/122/83 138/123/84 
f 118/99/60 138/123/84 116/97/58 
f 118/99/60 50/121/82 138/123/84 
f 122/103/64 120/101/62 133/114/75 
f 133/114/75 120/101/62 132/113/74 
f 137/119/80 136/117/78 139/124/85 
f 137/119/80 127/108/69 136/117/78 
f 137/119/80 140/125/86 51/120/87 
f 137/119/80 139/124/85 140/125/86 
f 51/120/87 141/126/88 54/127/89 
f 51/120/87 140/125/86 141/126/88 
f 52/122/83 141/126/88 142/128/90 
f 52/122/83 54/127/89 141/126/88 
f 138/123/84 142/128/90 143/129/91 
f 138/123/84 52/122/83 142/128/90 
f 116/97/58 143/129/91 130/111/72 
f 116/97/58 138/123/84 143/129/91 
f 144/130/92 130/111/72 143/129/91 
f 144/130/92 143/129/91 142/128/90 
f 144/130/92 142/128/90 141/126/88 
f 144/130/92 141/126/88 140/125/86 
f 144/130/92 140/125/86 139/124/85 
f 144/130/92 139/124/85 136/117/78 
f 144/130/92 136/117/78 135/116/77 
f 144/130/92 135/116/77 134/115/76 
f 144/130/92 134/115/76 133/114/75 
f 144/130/92 133/114/75 132/113/74 
f 144/130/92 132/113/74 131/112/73 
f 144/130/92 131/112/73 130/111/72 
f 145/131/93 10/132/93 146/133/93 
f 145/131/93 11/134/93 10/132/93 
f 147/135/94 148/136/95 149/137/96 
f 147/135/94 150/138/97 148/136/95 
f 151/139/98 148/136/95 152/140/99 
f 153/141/100 154/142/101 151/139/98 
f 151/139/98 152/140/99 153/141/100 
f 148/136/95 150/138/97 155/143/102 
f 155/143/102 152/140/99 148/136/95 
f 156/144/103 157/145/104 158/146/94 
f 156/144/103 159/147/105 157/145/104 
f 149/137/96 158/146/94 147/135/94 
f 160/148/106 158/146/94 149/137/96 
f 160/148/106 156/144/103 158/146/94 
f 151/139/98 161/149/107 162/150/108 
f 151/139/98 154/142/101 161/149/107 
f 163/151/109 164/152/110 165/153/111 
f 166/154/112 167/155/113 163/151/109 
f 166/154/112 159/147/105 167/155/113 
f 163/151/109 165/153/111 166/154/112 
f 164/152/110 168/156/114 165/153/111 
f 159/147/105 169/157/115 157/145/104 
f 159/147/105 166/154/112 169/157/115 
f 168/156/114 161/149/107 170/158/116 
f 168/156/114 162/150/108 161/149/107 
f 165/153/111 170/158/116 171/159/117 
f 165/153/111 168/156/114 170/158/116 
f 171/159/117 166/154/112 165/153/111 
f 171/159/117 169/157/115 166/154/112 
f 171/159/117 153/141/100 152/140/99 
f 171/159/117 170/158/116 153/141/100 
f 169/157/115 152/140/99 155/143/102 
f 169/157/115 171/159/117 152/140/99 
f 155/143/102 157/145/104 169/157/115 
f 155/143/102 150/138/97 157/145/104 
f 170/158/116 161/149/107 153/141/100 
f 153/141/100 161/149/107 154/142/101 
f 150/138/97 158/146/94 157/145/104 
f 150/138/97 147/135/94 158/146/94 
f 172/160/118 173/161/119 174/162/120 
f 172/160/118 175/163/121 173/161/119 
f 176/164/122 177/165/123 178/166/124 
f 178/166/124 177/165/123 179/167/125 
f 180/168/126 181/169/127 162/150/108 
f 180/168/126 182/170/128 181/169/127 
f 183/171/93 11/134/93 145/131/93 
f 13/172/93 11/134/93 183/171/93 
f 184/173/93 185/174/93 13/172/93 
f 13/172/93 186/175/93 187/176/93 
f 187/176/93 186/175/93 188/177/93 
f 13/172/93 183/171/93 186/175/93 
f 187/176/93 184/173/93 13/172/93 
f 186/175/93 145/131/93 189/178/129 
f 186/175/93 183/171/93 145/131/93 
f 188/177/93 189/178/129 181/169/127 
f 188/177/93 186/175/93 189/178/129 
f 146/133/93 189/178/129 145/131/93 
f 185/174/93 184/173/93 190/179/130 
f 191/180/131 190/179/130 192/181/132 
f 192/181/132 190/179/130 193/182/133 
f 192/181/132 194/183/134 191/180/131 
f 174/162/120 191/180/131 195/184/135 
f 174/162/120 195/184/135 196/185/136 
f 196/185/136 172/160/118 174/162/120 
f 191/180/131 194/183/134 195/184/135 
f 162/150/108 168/156/114 164/152/110 
f 197/186/137 164/152/110 163/151/109 
f 163/151/109 198/187/138 197/186/137 
f 163/151/109 167/155/113 198/187/138 
f 162/150/108 181/169/127 189/178/129 
f 151/139/98 162/150/108 189/178/129 
f 189/178/129 199/188/139 151/139/98 
f 189/178/129 146/133/93 199/188/139 
f 200/189/140 149/137/96 201/190/141 
f 200/189/140 160/148/106 149/137/96 
f 175/163/121 202/191/142 178/166/124 
f 178/166/124 202/191/142 176/164/122 
f 178/166/124 173/161/119 175/163/121 
f 176/164/122 203/192/143 204/193/144 
f 202/191/142 203/192/143 176/164/122 
f 202/191/142 205/194/145 203/192/143 
f 167/155/113 203/192/143 206/195/146 
f 206/195/146 198/187/138 167/155/113 
f 203/192/143 205/194/145 206/195/146 
f 203/192/143 167/155/113 156/144/103 
f 156/144/103 160/148/106 203/192/143 
f 167/155/113 159/147/105 156/144/103 
f 203/192/143 200/189/140 204/193/144 
f 203/192/143 160/148/106 200/189/140 
f 177/165/123 207/196/147 208/197/148 
f 177/165/123 209/198/149 207/196/147 
f 177/165/123 176/164/122 209/198/149 
f 209/198/149 176/164/122 201/190/141 
f 176/164/122 200/189/140 201/190/141 
f 176/164/122 204/193/144 200/189/140 
f 210/199/150 211/200/151 212/201/152 
f 210/199/150 213/202/153 211/200/151 
f 212/201/152 214/203/154 215/204/155 
f 215/204/155 210/199/150 212/201/152 
f 216/205/156 217/206/157 211/200/151 
f 211/200/151 213/202/153 216/205/156 
f 213/207/158 149/137/96 218/208/159 
f 213/207/158 210/209/160 149/137/96 
f 218/208/159 149/137/96 148/136/95 
f 148/136/95 219/210/161 218/208/159 
f 148/136/95 151/139/98 219/210/161 
f 220/211/162 214/212/163 221/213/164 
f 220/211/162 222/214/165 214/212/163 
f 212/215/166 223/216/167 224/217/168 
f 224/217/168 223/216/167 225/218/169 
f 224/217/168 221/213/164 214/212/163 
f 214/212/163 212/215/166 224/217/168 
f 223/216/167 211/219/170 226/220/171 
f 223/216/167 212/215/166 211/219/170 
f 226/220/171 217/221/172 227/222/172 
f 226/220/171 211/219/170 217/221/172 
f 228/223/173 229/224/174 230/225/175 
f 230/225/175 231/226/176 232/227/177 
f 230/225/175 232/227/177 228/223/173 
f 233/228/178 234/229/179 235/230/180 
f 233/228/178 236/231/181 234/229/179 
f 235/230/180 237/232/182 233/228/178 
f 235/230/180 238/233/183 237/232/182 
f 238/233/183 239/234/184 237/232/182 
f 238/233/183 240/235/185 239/234/184 
f 238/233/183 241/236/186 240/235/185 
f 242/237/187 236/231/181 233/228/178 
f 242/237/187 243/238/188 236/231/181 
f 233/228/178 244/239/189 242/237/187 
f 233/228/178 237/232/182 244/239/189 
f 237/232/182 245/240/190 244/239/189 
f 237/232/182 239/234/184 245/240/190 
f 239/234/184 246/241/191 245/240/190 
f 239/234/184 240/235/185 246/241/191 
f 247/242/192 243/238/188 242/237/187 
f 247/242/192 248/243/172 243/238/188 
f 242/237/187 249/244/193 247/242/192 
f 242/237/187 244/239/189 249/244/193 
f 244/239/189 250/245/194 249/244/193 
f 244/239/189 245/240/190 250/245/194 
f 245/240/190 246/241/191 250/245/194 
f 250/245/194 246/241/191 251/246/195 
f 226/220/171 248/243/172 247/242/192 
f 226/220/171 227/222/172 248/243/172 
f 247/242/192 223/216/167 226/220/171 
f 247/242/192 249/244/193 223/216/167 
f 249/244/193 252/247/196 253/248/197 
f 249/244/193 250/245/194 252/247/196 
f 223/216/167 249/244/193 253/248/197 
f 253/248/197 225/218/169 223/216/167 
f 225/218/169 253/248/197 252/247/196 
f 252/247/196 251/246/195 254/249/198 
f 252/247/196 250/245/194 251/246/195 
f 234/229/179 230/225/175 235/230/180 
f 234/229/179 231/226/176 230/225/175 
f 230/225/175 238/233/183 235/230/180 
f 230/225/175 229/224/174 238/233/183 
f 229/224/174 241/236/186 238/233/183 
f 229/224/174 255/250/199 241/236/186 
f 228/223/173 255/250/199 229/224/174 
f 227/251/200 217/252/172 216/253/201 
f 216/253/201 219/210/161 227/251/200 
f 227/251/200 219/210/161 256/254/202 
f 151/139/98 199/188/139 256/254/202 
f 257/255/203 222/214/165 207/196/147 
f 258/256/204 257/255/203 207/196/147 
f 259/257/205 260/258/206 258/256/204 
f 209/198/149 261/259/207 259/257/205 
f 259/257/205 258/256/204 209/198/149 
f 209/198/149 258/256/204 207/196/147 
f 256/254/202 219/210/161 151/139/98 
f 262/260/208 174/162/120 263/261/209 
f 262/260/208 191/180/131 174/162/120 
f 173/161/119 263/261/209 174/162/120 
f 264/262/210 178/166/124 208/197/148 
f 208/197/148 265/263/211 264/262/210 
f 208/197/148 266/264/212 265/263/211 
f 267/265/213 263/266/209 173/161/119 
f 173/161/119 178/166/124 267/265/213 
f 268/267/214 267/265/213 178/166/124 
f 264/262/210 269/268/215 268/267/214 
f 268/267/214 178/166/124 264/262/210 
f 264/262/210 270/269/216 269/268/215 
f 264/262/210 265/263/211 270/269/216 
f 265/263/211 266/264/212 270/269/216 
f 270/269/216 266/264/212 271/270/217 
f 272/271/218 12/272/219 13/273/220 
f 47/274/93 185/174/93 273/275/221 
f 185/174/93 262/260/208 273/275/221 
f 185/174/93 191/180/131 262/260/208 
f 118/99/93 49/276/93 50/121/93 
f 118/99/93 44/277/93 49/276/93 
f 128/109/93 56/278/93 13/172/93 
f 128/109/93 53/118/93 56/278/93 
f 13/172/93 129/110/93 128/109/93 
f 56/278/93 272/279/93 13/172/93 
f 56/278/93 57/280/93 272/279/93 
f 274/281/222 275/282/223 276/283/224 
f 274/281/222 277/284/225 275/282/223 
f 276/283/224 275/282/223 278/285/226 
f 278/285/226 279/286/227 280/287/228 
f 278/285/226 275/282/223 279/286/227 
f 280/287/228 279/286/227 263/266/209 
f 263/266/209 267/265/213 280/287/228 
f 280/287/228 267/265/213 278/285/226 
f 278/285/226 269/268/215 276/283/224 
f 278/285/226 267/265/213 269/268/215 
f 267/265/213 268/267/214 269/268/215 
f 276/283/224 269/268/215 274/281/222 
f 270/269/216 277/284/225 274/281/222 
f 274/281/222 269/268/215 270/269/216 
f 277/288/229 270/269/216 281/289/230 
f 281/289/230 270/269/216 271/270/217 
f 282/290/231 283/291/232 277/288/229 
f 277/288/229 281/289/230 282/290/231 
f 201/190/141 149/137/96 210/209/160 
f 210/209/160 215/292/233 261/259/207 
f 261/259/207 201/190/141 210/209/160 
f 261/259/207 209/198/149 201/190/141 
f 260/258/206 261/259/207 215/292/233 
f 260/258/206 259/257/205 261/259/207 
f 260/258/206 215/292/233 214/293/163 
f 260/258/206 214/293/163 257/255/203 
f 257/255/203 258/256/204 260/258/206 
f 214/293/163 222/214/165 257/255/203 
f 190/179/130 191/180/131 185/174/93 
f 179/167/125 208/197/148 178/166/124 
f 179/167/125 177/165/123 208/197/148 
f 195/184/135 192/181/132 284/294/234 
f 195/184/135 194/183/134 192/181/132 
f 284/294/234 193/182/133 285/295/235 
f 284/294/234 192/181/132 193/182/133 
f 182/170/128 286/296/236 287/297/237 
f 182/170/128 180/168/126 286/296/236 
f 287/297/237 286/296/236 288/298/238 
f 164/152/110 197/186/137 288/298/238 
f 162/150/108 164/152/110 286/296/236 
f 286/296/236 180/168/126 162/150/108 
f 164/152/110 288/298/238 286/296/236 
f 289/299/239 290/300/240 291/301/241 
f 289/299/239 292/302/242 290/300/240 
f 289/299/239 293/303/243 292/302/242 
f 289/299/239 294/304/244 293/303/243 
f 289/299/239 295/305/245 294/304/244 
f 289/299/239 296/306/246 295/305/245 
f 289/299/239 297/307/247 296/306/246 
f 289/299/239 37/308/248 297/307/247 
f 289/299/239 39/309/249 37/308/248 
f 289/299/239 38/310/250 39/309/249 
f 289/299/239 298/311/251 38/310/250 
f 289/299/239 291/301/241 298/311/251 
f 299/312/252 298/311/251 291/301/241 
f 299/312/252 36/313/253 298/311/251 
f 36/313/254 38/310/250 298/311/251 
f 41/314/255 297/307/247 37/308/256 
f 41/314/255 296/306/246 297/307/247 
f 43/315/257 296/306/246 41/314/255 
f 43/315/257 300/316/258 296/306/246 
f 300/316/258 295/305/245 296/306/246 
f 300/316/258 301/317/259 295/305/245 
f 301/317/259 294/304/244 295/305/245 
f 301/317/259 302/318/260 294/304/244 
f 302/318/260 293/303/243 294/304/244 
f 302/318/260 303/319/261 293/303/243 
f 303/319/261 292/302/242 293/303/243 
f 303/319/261 304/320/262 292/302/242 
f 304/320/262 305/321/263 292/302/242 
f 292/302/242 305/321/263 290/300/240 
f 305/321/263 291/301/241 290/300/240 
f 305/321/263 299/312/252 291/301/241 
f 306/322/264 36/313/253 299/312/252 
f 306/322/264 40/323/265 36/313/253 
f 42/324/266 300/316/258 43/315/257 
f 42/324/266 301/317/259 300/316/258 
f 42/324/266 307/325/267 301/317/259 
f 307/325/267 302/318/260 301/317/259 
f 307/325/267 308/326/268 302/318/260 
f 308/326/268 303/319/261 302/318/260 
f 308/326/268 309/327/269 303/319/261 
f 309/327/269 304/320/262 303/319/261 
f 309/327/269 310/328/270 304/320/262 
f 310/328/270 305/321/263 304/320/262 
f 310/328/270 311/329/271 305/321/263 
f 311/329/271 299/312/252 305/321/263 
f 311/329/271 306/322/264 299/312/252 
f 13/172/93 121/102/93 123/104/93 
f 13/172/93 123/104/93 125/106/93 
f 125/106/93 129/110/93 13/172/93 
f 309/327/93 115/96/93 119/100/93 
f 119/100/93 121/102/93 309/327/93 
f 309/327/93 44/277/93 115/96/93 
f 44/277/93 118/99/93 115/96/93 
f 121/102/93 185/174/93 309/327/93 
f 121/102/93 13/172/93 185/174/93 
f 44/277/93 309/327/93 308/326/93 
f 307/325/93 42/324/93 44/277/93 
f 307/325/93 44/277/93 308/326/93 
f 47/274/93 40/323/93 306/322/93 
f 185/174/93 47/274/93 306/322/93 
f 185/174/93 306/322/93 311/329/93 
f 310/328/93 309/327/93 185/174/93 
f 310/328/93 185/174/93 311/329/93 
f 68/330/272 262/260/208 88/69/273 
f 88/69/273 90/71/274 68/330/272 
f 262/260/208 86/67/275 88/69/273 
f 69/331/276 68/330/272 92/73/277 
f 92/73/277 94/75/278 69/331/276 
f 68/330/272 90/71/274 92/73/277 
f 312/332/279 96/77/280 98/79/281 
f 98/79/281 100/81/282 312/332/279 
f 69/331/276 94/75/278 96/77/280 
f 96/77/280 312/332/279 69/331/276 
f 81/62/283 78/59/284 263/261/209 
f 312/332/279 100/81/282 81/62/283 
f 81/62/283 263/261/209 279/333/285 
f 279/333/285 312/332/279 81/62/283 
f 82/63/286 84/65/287 263/261/209 
f 263/261/209 78/59/284 82/63/286 
f 84/65/287 86/67/275 262/260/208 
f 262/260/208 263/261/209 84/65/287 
f 313/334/288 314/335/289 315/336/290 
f 313/334/288 316/337/291 314/335/289 
f 317/338/292 315/336/290 318/339/293 
f 317/338/292 313/334/288 315/336/290 
f 319/340/294 318/339/293 320/341/295 
f 319/340/294 317/338/292 318/339/293 
f 321/342/296 320/341/295 322/343/297 
f 321/342/296 319/340/294 320/341/295 
f 323/344/298 322/343/297 324/345/299 
f 323/344/298 321/342/296 322/343/297 
f 325/346/300 324/345/299 326/347/301 
f 325/346/300 323/344/298 324/345/299 
f 327/348/302 326/347/301 328/349/303 
f 327/348/302 325/346/300 326/347/301 
f 329/350/304 328/349/303 330/351/305 
f 329/350/304 327/348/302 328/349/303 
f 331/352/306 330/351/305 332/353/307 
f 331/352/306 329/350/304 330/351/305 
f 333/354/308 331/352/306 334/355/309 
f 334/355/309 331/352/306 332/353/307 
f 335/356/310 334/355/309 336/357/311 
f 335/356/310 333/354/308 334/355/309 
f 316/337/291 335/356/310 314/335/289 
f 314/335/289 335/356/310 336/357/311 
f 337/358/312 316/337/291 313/334/288 
f 337/358/312 338/359/313 316/337/291 
f 339/360/314 313/334/288 317/338/292 
f 339/360/314 337/358/312 313/334/288 
f 340/361/315 317/338/292 319/340/294 
f 340/361/315 339/360/314 317/338/292 
f 341/362/316 319/340/294 321/342/296 
f 341/362/316 340/361/315 319/340/294 
f 342/363/317 321/342/296 323/344/298 
f 342/363/317 341/362/316 321/342/296 
f 343/364/318 323/344/298 325/346/300 
f 343/364/318 342/363/317 323/344/298 
f 344/365/319 325/346/300 327/348/302 
f 344/365/319 343/364/318 325/346/300 
f 345/366/320 327/348/302 329/350/304 
f 345/366/320 344/365/319 327/348/302 
f 346/367/321 329/350/304 331/352/306 
f 346/367/321 345/366/320 329/350/304 
f 347/368/322 331/352/306 333/354/308 
f 347/368/322 346/367/321 331/352/306 
f 348/369/323 333/354/308 335/356/310 
f 348/369/323 347/368/322 333/354/308 
f 338/359/313 348/369/323 316/337/291 
f 316/337/291 348/369/323 335/356/310 
f 348/369/323 338/359/313 349/370/324 
f 347/368/322 348/369/323 349/370/324 
f 346/367/321 347/368/322 349/370/324 
f 345/366/320 346/367/321 349/370/324 
f 344/365/319 345/366/320 349/370/324 
f 343/364/318 344/365/319 349/370/324 
f 342/363/317 343/364/318 349/370/324 
f 341/362/316 342/363/317 349/370/324 
f 340/361/315 341/362/316 349/370/324 
f 339/360/314 340/361/315 349/370/324 
f 337/358/312 339/360/314 349/370/324 
f 338/359/313 337/358/312 349/370/324 
f 350/371/325 351/372/326 352/373/327 
f 350/371/325 353/374/328 351/372/326 
f 354/375/329 352/373/327 355/376/330 
f 354/375/329 350/371/325 352/373/327 
f 356/377/331 355/376/330 357/378/332 
f 356/377/331 354/375/329 355/376/330 
f 358/379/333 357/378/332 359/380/334 
f 358/379/333 356/377/331 357/378/332 
f 360/381/335 359/380/334 361/382/336 
f 360/381/335 358/379/333 359/380/334 
f 362/383/337 363/384/338 364/385/339 
f 363/384/338 361/382/336 364/385/339 
f 363/384/338 360/381/335 361/382/336 
f 365/386/340 353/374/328 350/371/325 
f 365/386/340 366/387/341 353/374/328 
f 367/388/342 350/371/325 354/375/329 
f 367/388/342 365/386/340 350/371/325 
f 368/389/343 356/377/331 358/379/333 
f 368/389/343 369/390/344 356/377/331 
f 370/391/345 358/379/333 360/381/335 
f 370/391/345 368/389/343 358/379/333 
f 371/392/346 360/381/335 363/384/338 
f 371/392/346 370/391/345 360/381/335 
f 372/393/347 362/383/337 28/394/348 
f 372/393/347 363/384/338 362/383/337 
f 30/395/349 372/393/347 28/394/348 
f 373/396/350 29/397/351 31/398/352 
f 353/374/328 31/398/352 351/372/326 
f 353/374/328 373/396/350 31/398/352 
f 369/390/344 354/375/329 356/377/331 
f 369/390/344 367/388/342 354/375/329 
f 374/399/353 363/384/338 372/393/347 
f 374/399/353 371/392/346 363/384/338 
f 375/400/354 372/393/347 30/395/355 
f 375/400/354 374/399/353 372/393/347 
f 376/401/356 30/395/355 32/402/357 
f 376/401/356 375/400/354 30/395/355 
f 377/403/358 32/402/357 29/397/359 
f 377/403/358 376/401/356 32/402/357 
f 378/404/360 29/397/361 373/396/350 
f 378/404/360 377/403/358 29/397/361 
f 366/387/341 373/396/350 353/374/328 
f 366/387/341 378/404/360 373/396/350 
f 378/404/360 366/387/341 379/405/362 
f 377/403/358 378/404/360 379/405/362 
f 376/401/356 377/403/358 379/405/362 
f 375/400/354 376/401/356 379/405/362 
f 374/399/353 375/400/354 379/405/362 
f 371/392/346 374/399/353 379/405/362 
f 370/391/345 371/392/346 379/405/362 
f 368/389/343 370/391/345 379/405/362 
f 369/390/344 368/389/343 379/405/362 
f 367/388/342 369/390/344 379/405/362 
f 365/386/340 367/388/342 379/405/362 
f 366/387/341 365/386/340 379/405/362 
f 380/406/93 4/407/93 381/408/93 
f 380/406/93 5/409/93 4/407/93 
f 382/410/363 383/411/364 384/412/365 
f 382/410/363 385/413/366 383/411/364 
f 386/414/367 385/413/366 387/415/368 
f 387/415/368 388/416/369 389/417/370 
f 389/417/370 386/414/367 387/415/368 
f 390/418/371 383/411/364 385/413/366 
f 385/413/366 386/414/367 390/418/371 
f 391/419/365 392/420/372 393/421/373 
f 391/419/365 394/422/374 392/420/372 
f 395/423/375 391/419/365 393/421/373 
f 382/410/363 391/419/365 395/423/375 
f 382/410/363 384/412/365 391/419/365 
f 387/415/368 396/424/376 388/416/369 
f 387/415/368 397/425/377 396/424/376 
f 398/426/378 399/427/379 400/428/380 
f 400/428/380 392/420/372 401/429/381 
f 400/428/380 402/430/382 392/420/372 
f 401/429/381 398/426/378 400/428/380 
f 398/426/378 403/431/383 399/427/379 
f 394/422/374 401/429/381 392/420/372 
f 394/422/374 404/432/384 401/429/381 
f 405/433/385 397/425/377 403/431/383 
f 405/433/385 396/424/376 397/425/377 
f 406/434/386 403/431/383 398/426/378 
f 406/434/386 405/433/385 403/431/383 
f 398/426/378 404/432/384 406/434/386 
f 398/426/378 401/429/381 404/432/384 
f 386/414/367 405/433/385 406/434/386 
f 386/414/367 389/417/370 405/433/385 
f 390/418/371 386/414/367 404/432/384 
f 404/432/384 386/414/367 406/434/386 
f 404/432/384 394/422/374 390/418/371 
f 390/418/371 394/422/374 383/411/364 
f 389/417/370 396/424/376 405/433/385 
f 389/417/370 388/416/369 396/424/376 
f 394/422/374 391/419/365 383/411/364 
f 383/411/364 391/419/365 384/412/365 
f 407/435/387 408/436/388 409/437/389 
f 407/435/387 410/438/390 408/436/388 
f 411/439/391 412/440/392 413/441/393 
f 414/442/394 412/440/392 411/439/391 
f 397/425/377 415/443/395 416/444/396 
f 416/444/396 415/443/395 417/445/397 
f 381/408/93 4/407/93 418/446/93 
f 418/446/93 4/407/93 8/447/93 
f 8/447/93 419/448/93 420/449/93 
f 8/447/93 421/450/93 422/451/93 
f 422/451/93 421/450/93 423/452/93 
f 422/451/93 418/446/93 8/447/93 
f 8/447/93 420/449/93 421/450/93 
f 424/453/398 418/446/93 422/451/93 
f 424/453/398 381/408/93 418/446/93 
f 415/443/395 422/451/93 423/452/93 
f 415/443/395 424/453/398 422/451/93 
f 381/408/93 424/453/398 380/406/93 
f 425/454/399 420/449/93 419/448/93 
f 426/455/400 425/454/399 427/456/401 
f 426/455/400 428/457/402 425/454/399 
f 427/456/401 429/458/403 426/455/400 
f 430/459/404 427/456/401 407/435/387 
f 431/460/405 430/459/404 407/435/387 
f 407/435/387 409/437/389 431/460/405 
f 430/459/404 429/458/403 427/456/401 
f 399/427/379 403/431/383 397/425/377 
f 400/428/380 399/427/379 432/461/406 
f 432/461/406 433/462/407 400/428/380 
f 433/462/407 402/430/382 400/428/380 
f 424/453/398 415/443/395 397/425/377 
f 424/453/398 397/425/377 387/415/368 
f 387/415/368 434/463/408 424/453/398 
f 434/463/408 380/406/93 424/453/398 
f 435/464/409 382/410/363 436/465/410 
f 436/465/410 382/410/363 395/423/375 
f 411/439/391 413/441/393 408/436/388 
f 408/436/388 413/441/393 437/466/411 
f 408/436/388 410/438/390 411/439/391 
f 437/466/411 438/467/412 439/468/413 
f 413/441/393 438/467/412 437/466/411 
f 413/441/393 440/469/414 438/467/412 
f 441/470/415 438/467/412 402/430/382 
f 402/430/382 433/462/407 441/470/415 
f 441/470/415 439/468/413 438/467/412 
f 393/421/373 402/430/382 438/467/412 
f 438/467/412 395/423/375 393/421/373 
f 393/421/373 392/420/372 402/430/382 
f 440/469/414 395/423/375 438/467/412 
f 440/469/414 436/465/410 395/423/375 
f 208/197/148 442/471/416 412/440/392 
f 208/197/148 207/196/147 442/471/416 
f 442/471/416 413/441/393 412/440/392 
f 442/471/416 435/464/409 413/441/393 
f 435/464/409 436/465/410 413/441/393 
f 413/441/393 436/465/410 440/469/414 
f 443/201/417 444/202/418 445/199/419 
f 443/201/417 446/200/420 444/202/418 
f 447/204/421 448/203/422 443/201/417 
f 443/201/417 445/199/419 447/204/421 
f 446/200/420 449/206/423 450/205/424 
f 450/205/424 444/202/418 446/200/420 
f 451/472/425 445/473/426 444/474/427 
f 451/472/425 382/410/363 445/473/426 
f 385/413/366 382/410/363 451/472/425 
f 451/472/425 387/415/368 385/413/366 
f 451/472/425 452/475/428 387/415/368 
f 453/476/429 222/214/165 220/211/162 
f 453/476/429 448/477/430 222/214/165 
f 443/478/431 454/479/432 455/480/433 
f 455/480/433 454/479/432 3/3/3 
f 448/477/430 453/476/429 454/479/432 
f 454/479/432 443/478/431 448/477/430 
f 456/481/434 443/478/431 455/480/433 
f 456/481/434 446/482/435 443/478/431 
f 457/483/436 446/482/435 456/481/434 
f 457/483/436 449/484/436 446/482/435 
f 458/485/437 459/486/438 228/223/173 
f 460/487/439 461/488/440 458/485/437 
f 228/223/173 460/487/439 458/485/437 
f 462/489/441 463/490/442 464/491/443 
f 462/489/441 465/492/444 463/490/442 
f 464/491/443 466/493/445 462/489/441 
f 464/491/443 467/494/446 466/493/445 
f 467/494/446 468/495/447 466/493/445 
f 468/495/447 241/236/186 466/493/445 
f 468/495/447 240/235/185 241/236/186 
f 464/491/443 469/496/448 470/497/449 
f 464/491/443 463/490/442 469/496/448 
f 470/497/449 467/494/446 464/491/443 
f 470/497/449 471/498/450 467/494/446 
f 471/498/450 468/495/447 467/494/446 
f 471/498/450 472/499/451 468/495/447 
f 472/499/451 240/235/185 468/495/447 
f 472/499/451 246/241/191 240/235/185 
f 470/497/449 473/500/436 474/501/452 
f 470/497/449 469/496/448 473/500/436 
f 474/501/452 471/498/450 470/497/449 
f 474/501/452 475/502/453 471/498/450 
f 475/502/453 472/499/451 471/498/450 
f 475/502/453 476/503/454 472/499/451 
f 476/503/454 246/241/191 472/499/451 
f 476/503/454 251/246/195 246/241/191 
f 474/501/452 457/483/436 456/481/434 
f 474/501/452 473/500/436 457/483/436 
f 456/481/434 475/502/453 474/501/452 
f 456/481/434 455/480/433 475/502/453 
f 2/2/2 476/503/454 475/502/453 
f 2/2/2 1/1/1 476/503/454 
f 2/2/2 475/502/453 455/480/433 
f 455/480/433 3/3/3 2/2/2 
f 254/249/198 476/503/454 1/1/1 
f 254/249/198 251/246/195 476/503/454 
f 462/489/441 461/488/440 465/492/444 
f 462/489/441 458/485/437 461/488/440 
f 462/489/441 459/486/438 458/485/437 
f 462/489/441 466/493/445 459/486/438 
f 466/493/445 255/250/199 459/486/438 
f 466/493/445 241/236/186 255/250/199 
f 459/486/438 255/250/199 228/223/173 
f 450/504/455 449/505/436 457/506/456 
f 457/506/456 452/475/428 450/504/455 
f 457/506/456 477/507/457 452/475/428 
f 477/507/457 434/463/408 387/415/368 
f 207/196/147 222/214/165 478/508/458 
f 207/196/147 478/508/458 479/509/459 
f 479/509/459 480/510/460 481/511/461 
f 481/511/461 482/512/462 442/471/416 
f 442/471/416 479/509/459 481/511/461 
f 442/471/416 207/196/147 479/509/459 
f 387/415/368 452/475/428 477/507/457 
f 483/513/463 427/456/401 484/514/464 
f 483/513/463 407/435/387 427/456/401 
f 407/435/387 483/513/463 410/438/390 
f 208/197/148 411/439/391 485/515/465 
f 485/515/465 486/516/466 208/197/148 
f 486/516/466 266/264/212 208/197/148 
f 410/438/390 483/517/463 487/518/467 
f 487/518/467 411/439/391 410/438/390 
f 411/439/391 487/518/467 488/519/468 
f 488/519/468 489/520/469 485/515/465 
f 485/515/465 411/439/391 488/519/468 
f 489/520/469 490/521/470 485/515/465 
f 485/515/465 490/521/470 486/516/466 
f 490/521/470 266/264/212 486/516/466 
f 490/521/470 271/270/217 266/264/212 
f 8/272/471 7/273/472 491/271/473 
f 492/522/474 419/448/93 22/523/93 
f 492/522/474 427/456/401 419/448/93 
f 492/522/474 484/514/464 427/456/401 
f 31/398/93 25/524/93 351/372/93 
f 31/398/93 26/525/93 25/524/93 
f 8/447/93 28/394/93 362/383/93 
f 8/447/93 34/526/93 28/394/93 
f 362/383/93 364/385/93 8/447/93 
f 8/447/93 35/527/93 34/526/93 
f 8/447/93 491/528/93 35/527/93 
f 493/529/475 494/530/476 495/531/477 
f 493/529/475 496/532/478 494/530/476 
f 497/533/479 496/532/478 493/529/475 
f 498/534/480 496/532/478 497/533/479 
f 498/534/480 499/535/481 496/532/478 
f 483/517/463 499/535/481 498/534/480 
f 498/534/480 487/518/467 483/517/463 
f 497/533/479 487/518/467 498/534/480 
f 493/529/475 487/518/467 497/533/479 
f 493/529/475 489/520/469 487/518/467 
f 489/520/469 488/519/468 487/518/467 
f 495/531/477 489/520/469 493/529/475 
f 495/531/477 494/530/476 490/521/470 
f 490/521/470 489/520/469 495/531/477 
f 494/536/482 281/537/230 490/521/470 
f 490/521/470 281/537/230 271/270/217 
f 494/536/482 500/538/483 282/290/231 
f 282/290/231 281/537/230 494/536/482 
f 445/473/426 382/410/363 435/464/409 
f 482/512/462 447/539/484 445/473/426 
f 445/473/426 435/464/409 482/512/462 
f 435/464/409 442/471/416 482/512/462 
f 480/510/460 447/539/484 482/512/462 
f 480/510/460 448/540/430 447/539/484 
f 480/510/460 482/512/462 481/511/461 
f 478/508/458 448/540/430 480/510/460 
f 480/510/460 479/509/459 478/508/458 
f 478/508/458 222/214/165 448/540/430 
f 419/448/93 427/456/401 425/454/399 
f 411/439/391 208/197/148 414/442/394 
f 208/197/148 412/440/392 414/442/394 
f 501/541/485 429/458/403 430/459/404 
f 501/541/485 426/455/400 429/458/403 
f 502/542/486 426/455/400 501/541/485 
f 502/542/486 428/457/402 426/455/400 
f 503/543/487 416/444/396 417/445/397 
f 503/543/487 504/544/488 416/444/396 
f 505/545/489 504/544/488 503/543/487 
f 505/545/489 432/461/406 399/427/379 
f 504/544/488 399/427/379 397/425/377 
f 397/425/377 416/444/396 504/544/488 
f 504/544/488 505/545/489 399/427/379 
f 506/546/490 507/547/491 508/548/492 
f 507/547/491 509/549/493 508/548/492 
f 509/549/493 510/550/494 508/548/492 
f 510/550/494 511/551/495 508/548/492 
f 511/551/495 512/552/496 508/548/492 
f 512/552/496 513/553/497 508/548/492 
f 513/553/497 16/554/498 508/548/492 
f 16/554/498 17/555/499 508/548/492 
f 15/556/500 508/548/492 17/555/499 
f 19/557/501 508/548/492 15/556/500 
f 19/557/501 514/558/502 508/548/492 
f 514/558/502 506/546/490 508/548/492 
f 506/546/490 21/559/503 515/560/504 
f 506/546/490 514/558/502 21/559/503 
f 514/558/502 19/557/501 21/559/503 
f 16/554/498 516/561/505 14/562/506 
f 16/554/498 513/553/497 516/561/505 
f 513/553/497 517/563/507 516/561/505 
f 513/553/497 512/552/496 517/563/507 
f 512/552/496 518/564/508 517/563/507 
f 512/552/496 511/551/495 518/564/508 
f 511/551/495 519/565/509 518/564/508 
f 511/551/495 510/550/494 519/565/509 
f 510/550/494 520/566/510 519/565/509 
f 510/550/494 509/549/493 520/566/510 
f 509/549/493 521/567/511 520/566/510 
f 509/549/493 507/547/491 521/567/511 
f 507/547/491 515/560/504 521/567/511 
f 507/547/491 506/546/490 515/560/504 
f 515/560/504 20/568/512 522/569/513 
f 515/560/504 21/559/503 20/568/512 
f 14/562/506 516/561/505 18/570/514 
f 516/561/505 523/571/515 18/570/514 
f 516/561/505 517/563/507 523/571/515 
f 517/563/507 524/572/516 523/571/515 
f 517/563/507 518/564/508 524/572/516 
f 518/564/508 525/573/517 524/572/516 
f 518/564/508 519/565/509 525/573/517 
f 519/565/509 526/574/518 525/573/517 
f 519/565/509 520/566/510 526/574/518 
f 520/566/510 527/575/519 526/574/518 
f 520/566/510 521/567/511 527/575/519 
f 521/567/511 522/569/513 527/575/519 
f 521/567/511 515/560/504 522/569/513 
f 359/380/93 357/378/93 8/447/93 
f 361/382/93 359/380/93 8/447/93 
f 8/447/93 364/385/93 361/382/93 
f 355/376/93 352/373/93 525/573/93 
f 525/573/93 357/378/93 355/376/93 
f 352/373/93 25/524/93 525/573/93 
f 352/373/93 351/372/93 25/524/93 
f 525/573/93 419/448/93 357/378/93 
f 419/448/93 8/447/93 357/378/93 
f 25/524/93 18/570/93 523/571/93 
f 524/572/93 525/573/93 25/524/93 
f 524/572/93 25/524/93 523/571/93 
f 522/569/93 20/568/93 22/523/93 
f 522/569/93 22/523/93 419/448/93 
f 419/448/93 525/573/93 526/574/93 
f 527/575/93 522/569/93 419/448/93 
f 527/575/93 419/448/93 526/574/93 
f 324/345/520 484/514/464 74/576/521 
f 74/576/521 326/347/522 324/345/520 
f 324/345/520 322/343/523 484/514/464 
f 328/349/524 74/576/521 77/577/525 
f 77/577/525 330/351/526 328/349/524 
f 328/349/524 326/347/522 74/576/521 
f 334/355/527 332/353/528 528/578/529 
f 528/578/529 336/357/530 334/355/527 
f 332/353/528 330/351/526 77/577/525 
f 77/577/525 528/578/529 332/353/528 
f 483/513/463 315/336/531 314/335/532 
f 314/335/532 336/357/530 528/578/529 
f 499/579/533 483/513/463 314/335/532 
f 314/335/532 528/578/529 499/579/533 
f 483/513/463 320/341/534 318/339/535 
f 318/339/535 315/336/531 483/513/463 
f 484/514/464 322/343/523 320/341/534 
f 320/341/534 483/513/463 484/514/464 
f 492/522/474 76/580/93 74/576/521 
f 74/576/521 484/514/464 492/522/474 
f 492/522/474 22/523/93 76/580/93 
f 273/275/221 262/260/208 68/330/272 
f 68/330/272 71/581/93 273/275/221 
f 71/581/93 47/274/93 273/275/221 
f 529/582/536 530/583/537 531/584/538 
f 532/585/539 530/583/537 533/586/540 
f 534/587/541 535/588/542 531/589/538 
f 536/590/543 534/587/541 532/591/539 
f 532/591/539 531/589/538 530/587/537 
f 532/591/539 534/587/541 531/589/538 
f 537/592/544 538/593/545 539/594/546 
f 537/592/544 539/594/546 540/595/547 
f 541/596/548 537/597/544 540/598/547 
f 542/599/549 543/600/550 544/601/551 
f 545/602/552 546/603/553 539/604/546 
f 545/602/552 539/604/546 538/605/545 
f 541/592/548 546/606/553 545/607/552 
f 544/608/551 547/609/554 548/610/555 
f 549/611/556 550/612/557 543/613/550 
f 549/611/556 543/613/550 542/614/549 
f 547/615/554 550/616/557 549/617/556 
f 547/615/554 549/617/556 548/610/555 
f 547/615/554 551/618/558 552/619/559 
f 547/615/554 552/619/559 550/616/557 
f 550/612/557 552/620/559 553/621/560 
f 550/612/557 553/621/560 543/613/550 
f 543/600/550 553/622/560 554/623/561 
f 543/600/550 554/623/561 544/601/551 
f 544/608/551 554/624/561 551/618/558 
f 544/608/551 551/618/558 547/609/554 
f 546/603/553 548/610/555 549/617/556 
f 546/603/553 549/617/556 539/604/546 
f 539/594/546 549/611/556 542/614/549 
f 539/594/546 542/614/549 540/595/547 
f 540/598/547 542/599/549 544/601/551 
f 540/598/547 544/601/551 541/596/548 
f 541/592/548 544/608/551 548/610/555 
f 541/592/548 548/610/555 546/606/553 
f 555/625/562 545/602/552 538/605/545 
f 555/625/562 538/605/545 556/626/563 
f 556/625/563 538/593/545 537/592/544 
f 556/625/563 537/592/544 557/626/564 
f 557/625/564 537/597/544 541/596/548 
f 557/625/564 541/596/548 558/626/565 
f 558/626/565 541/592/548 545/607/552 
f 558/626/565 545/607/552 555/625/562 
f 559/627/566 560/628/567 535/588/542 
f 559/627/566 561/629/568 560/628/567 
f 535/588/542 562/630/569 559/627/566 
f 535/588/542 563/631/570 562/630/569 
f 564/632/571 563/631/570 536/590/543 
f 564/632/571 562/630/569 563/631/570 
f 536/590/543 565/633/572 564/632/571 
f 536/590/543 566/634/573 565/633/572 
f 567/635/574 568/636/575 569/637/574 
f 567/635/574 570/638/575 568/636/575 
f 569/637/574 571/639/576 567/635/574 
f 569/637/574 529/640/576 571/639/576 
f 572/641/577 533/642/578 573/643/577 
f 572/641/577 574/644/578 533/642/578 
f 573/643/577 570/638/575 572/641/577 
f 573/643/577 568/636/575 570/638/575 
f 556/645/579 575/646/579 574/644/580 
f 556/645/579 557/647/579 575/646/579 
f 556/645/579 574/644/580 576/648/580 
f 557/649/581 577/650/582 575/651/583 
f 576/648/580 574/644/580 572/641/584 
f 572/641/585 570/638/585 576/648/585 
f 578/652/586 566/634/573 532/591/539 
f 532/585/539 533/586/540 578/653/586 
f 573/654/587 533/586/540 530/583/537 
f 530/583/537 568/655/588 573/654/587 
f 536/590/543 563/631/570 534/587/541 
f 532/591/539 566/634/573 536/590/543 
f 579/656/589 566/634/573 578/652/586 
f 579/656/589 565/633/572 566/634/573 
f 578/657/586 574/644/590 579/658/589 
f 578/657/586 533/642/540 574/644/590 
f 580/659/591 565/633/572 579/656/589 
f 579/658/589 575/646/583 580/660/591 
f 579/658/589 574/644/590 575/646/583 
f 581/661/592 582/662/593 583/663/594 
f 581/661/592 577/664/595 582/662/593 
f 584/665/596 585/666/597 586/667/598 
f 584/665/596 587/668/599 585/666/597 
f 588/669/600 583/663/594 589/670/601 
f 588/669/600 581/661/592 583/663/594 
f 589/670/601 586/671/598 588/669/600 
f 589/670/601 584/663/596 586/671/598 
f 580/672/591 575/651/583 590/673/602 
f 590/673/602 585/674/603 580/672/591 
f 575/651/583 577/650/582 590/673/602 
f 580/659/591 562/630/569 564/632/571 
f 564/632/571 565/633/572 580/659/591 
f 580/659/591 585/675/603 562/630/569 
f 590/676/604 577/664/595 581/661/592 
f 586/667/598 585/666/597 590/677/604 
f 590/676/604 581/661/592 588/669/600 
f 588/678/600 586/667/598 590/677/604 
f 591/679/605 571/639/606 592/680/605 
f 591/679/605 593/681/606 571/639/606 
f 592/682/607 577/650/582 591/683/608 
f 593/681/609 570/638/609 567/635/609 
f 567/635/610 571/639/606 593/681/606 
f 594/684/611 529/582/536 531/584/538 
f 531/589/538 560/628/567 594/685/611 
f 569/686/612 568/655/588 530/583/537 
f 530/583/537 529/582/536 569/686/612 
f 535/588/542 560/628/567 531/589/538 
f 534/587/541 563/631/570 535/588/542 
f 595/687/613 529/640/536 594/688/611 
f 595/687/613 571/639/614 529/640/536 
f 594/685/611 561/629/568 595/689/613 
f 594/685/611 560/628/567 561/629/568 
f 592/680/607 571/639/614 595/687/613 
f 595/689/613 561/629/568 596/690/615 
f 596/691/615 592/680/607 595/687/613 
f 597/692/616 577/664/595 598/693/617 
f 597/692/616 582/662/593 577/664/595 
f 599/694/618 587/668/599 600/695/619 
f 599/694/618 585/666/597 587/668/599 
f 601/696/620 600/692/619 602/697/621 
f 601/696/620 599/698/618 600/692/619 
f 602/697/621 598/693/617 601/696/620 
f 602/697/621 597/692/616 598/693/617 
f 603/699/622 592/682/607 596/700/615 
f 596/700/615 585/674/603 603/699/622 
f 603/699/622 577/650/582 592/682/607 
f 596/690/615 561/629/568 559/627/566 
f 559/627/566 562/630/569 596/690/615 
f 562/630/569 585/675/603 596/690/615 
f 598/693/617 577/664/595 603/701/623 
f 603/702/623 585/666/597 599/694/618 
f 603/702/623 599/694/618 601/703/620 
f 601/696/620 598/693/617 603/701/623 
f 577/650/582 557/649/581 558/704/624 
f 558/704/624 591/683/608 577/650/582 
f 556/645/625 604/705/625 555/706/625 
f 556/645/625 576/648/625 604/705/625 
f 555/706/626 593/681/626 591/679/626 
f 555/706/626 604/705/626 593/681/626 
f 555/706/626 591/679/626 558/704/626 
f 604/705/627 576/648/627 570/638/627 
f 570/638/628 593/681/628 604/705/628 
f 605/707/629 606/708/630 607/709/630 
f 605/707/629 608/710/629 606/708/630 
f 608/711/629 609/712/631 610/713/631 
f 608/711/629 605/714/629 609/712/631 
f 611/715/632 610/713/632 609/712/632 
f 611/715/632 612/716/632 610/713/632 
f 613/717/633 612/718/634 611/719/634 
f 613/717/633 614/720/633 612/718/634 
f 614/720/633 615/721/635 616/722/635 
f 614/720/633 613/717/633 615/721/635 
f 605/723/636 615/724/636 613/725/636 
f 605/723/636 607/726/636 615/724/636 
f 613/725/636 609/727/636 605/723/636 
f 613/725/636 611/728/636 609/727/636 
f 614/725/637 606/726/637 608/723/637 
f 614/725/637 616/724/637 606/726/637 
f 608/723/637 612/728/637 614/725/637 
f 608/723/637 610/727/637 612/728/637 
f 617/729/638 618/730/639 619/731/638 
f 620/732/640 621/733/641 622/734/640 
f 620/732/640 623/735/641 621/733/641 
f 622/734/640 619/731/638 620/732/640 
f 622/734/640 617/729/638 619/731/638 
f 624/736/642 623/737/643 625/738/642 
f 624/736/642 621/739/643 623/737/643 
f 624/740/642 625/741/642 626/742/644 
f 626/742/644 625/741/642 627/743/644 
f 628/744/645 629/745/645 624/740/642 
f 628/744/645 624/740/642 626/742/644 
f 630/746/646 628/747/646 626/748/646 
f 630/746/646 631/749/646 628/747/646 
f 632/750/647 633/751/648 634/752/649 
f 634/752/649 635/753/650 636/754/651 
f 636/754/651 632/750/647 634/752/649 
f 633/751/652 637/755/652 634/752/652 
f 638/756/653 635/753/654 639/757/655 
f 639/757/655 640/758/656 641/759/657 
f 641/759/657 638/756/653 639/757/655 
f 639/757/658 642/760/658 640/758/658 
f 637/755/659 629/761/645 628/762/645 
f 637/755/660 628/762/661 631/763/660 
f 631/763/660 634/752/662 637/755/660 
f 626/764/644 627/765/644 642/760/663 
f 630/766/664 626/764/665 642/760/664 
f 642/760/664 639/757/666 630/766/664 
f 634/752/667 630/767/667 639/757/667 
f 634/752/667 631/768/667 630/767/667 
f 639/757/668 635/753/668 634/752/668 
f 452/769/669 643/770/669 450/771/669 
f 452/769/669 644/772/669 643/770/669 
f 451/773/670 644/774/670 452/775/670 
f 451/773/670 645/776/670 644/774/670 
f 444/771/671 645/772/671 451/769/671 
f 444/771/671 646/770/671 645/772/671 
f 450/775/672 646/776/672 444/773/672 
f 450/775/672 643/774/672 646/776/672 
f 494/777/636 647/778/636 648/779/636 
f 494/777/636 649/780/636 647/778/636 
f 648/779/636 500/781/636 494/777/636 
f 650/782/637 651/783/637 499/784/637 
f 650/782/637 652/785/637 651/783/637 
f 499/784/637 528/786/637 650/782/637 
f 499/787/673 494/788/673 496/789/673 
f 651/790/673 494/788/673 499/787/673 
f 651/790/673 649/791/673 494/788/673 
f 652/792/93 648/793/93 647/794/93 
f 650/795/93 648/793/93 652/792/93 
f 650/795/93 653/796/93 648/793/93 
f 644/797/674 646/798/674 643/799/674 
f 644/797/674 645/800/674 646/798/674 
f 59/801/675 654/802/676 60/803/677 
f 59/801/675 655/804/678 654/802/676 
f 656/805/679 59/801/675 62/806/680 
f 656/805/679 655/804/678 59/801/675 
f 62/806/680 657/807/681 656/805/679 
f 62/806/680 658/808/681 657/807/681 
f 58/809/682 60/810/683 654/811/683 
f 654/811/684 659/812/685 660/813/686 
f 660/813/686 58/809/687 654/811/684 
f 661/814/688 61/815/689 58/809/682 
f 660/813/686 662/816/690 663/817/691 
f 660/813/686 659/812/685 662/816/690 
f 663/817/691 58/809/687 660/813/686 
f 663/817/691 661/814/692 58/809/687 
f 657/818/693 658/819/693 661/814/688 
f 661/814/688 658/819/693 61/815/689 
f 657/818/694 661/814/692 663/817/691 
f 61/820/695 658/821/696 62/820/695 
f 663/817/691 662/816/690 657/818/694 
f 651/822/697 647/823/697 649/824/697 
f 651/822/697 652/825/697 647/823/697 
f 664/826/697 665/827/697 666/828/697 
f 664/826/697 667/829/697 665/827/697 
f 654/830/698 668/831/699 650/832/700 
f 650/832/700 528/833/701 654/830/698 
f 668/831/699 654/830/698 655/834/702 
f 655/834/702 656/835/703 668/831/699 
f 77/836/704 73/837/705 669/838/706 
f 669/838/706 528/833/701 77/836/704 
f 659/839/707 654/830/698 669/838/706 
f 669/838/706 73/837/705 659/839/707 
f 73/837/705 662/840/708 659/839/707 
f 654/830/698 528/833/701 669/838/706 
f 75/841/709 23/842/710 662/840/708 
f 662/840/708 73/837/705 75/841/709 
f 23/842/710 24/843/711 670/844/712 
f 670/844/712 657/845/713 23/842/710 
f 33/846/714 7/6/715 671/847/716 
f 33/846/714 491/848/717 7/6/715 
f 671/847/716 672/849/718 670/844/712 
f 670/844/712 24/843/711 671/847/716 
f 24/843/711 27/850/719 33/846/714 
f 24/843/711 33/846/714 671/847/716 
f 33/846/714 35/851/720 491/848/717 
f 672/849/718 657/845/713 670/844/712 
f 672/849/718 673/852/721 657/845/713 
f 671/847/716 6/4/722 672/849/718 
f 671/847/716 7/6/715 6/4/722 
f 657/845/713 662/840/708 23/842/710 
f 674/853/723 675/854/724 676/855/725 
f 674/853/723 677/856/726 675/854/724 
f 676/855/725 678/857/727 674/853/723 
f 676/855/725 679/858/728 678/857/727 
f 679/858/728 680/859/729 678/857/727 
f 679/858/728 681/860/730 680/859/729 
f 682/861/731 681/860/730 683/862/732 
f 682/861/731 680/859/729 681/860/730 
f 682/861/731 673/852/721 684/863/733 
f 682/861/731 683/862/732 673/852/721 
f 680/859/729 685/864/734 686/865/735 
f 680/859/729 682/861/731 685/864/734 
f 686/865/735 678/857/727 680/859/729 
f 686/865/735 687/866/736 678/857/727 
f 688/867/737 677/856/726 674/853/723 
f 688/867/737 689/868/738 677/856/726 
f 674/853/723 687/866/736 688/867/737 
f 674/853/723 678/857/727 687/866/736 
f 690/869/739 686/865/735 685/864/734 
f 685/864/734 691/870/740 690/869/739 
f 690/869/739 692/871/741 686/865/735 
f 693/872/742 460/873/743 228/874/744 
f 693/872/742 461/875/745 460/873/743 
f 228/874/744 694/876/746 693/872/742 
f 642/877/747 695/878/748 696/879/749 
f 696/879/749 640/880/750 642/877/747 
f 642/877/747 627/881/751 695/878/748 
f 697/882/752 638/883/753 641/884/754 
f 697/882/752 698/885/755 638/883/753 
f 641/884/754 696/879/749 697/882/752 
f 641/884/754 640/880/750 696/879/749 
f 699/886/756 635/887/757 638/883/753 
f 638/883/753 698/885/755 699/886/756 
f 699/886/756 700/888/758 635/887/757 
f 701/889/759 702/890/760 703/891/761 
f 701/889/759 704/892/762 702/890/760 
f 705/893/763 465/894/764 706/895/765 
f 705/893/763 463/896/766 465/894/764 
f 706/895/765 703/891/761 705/893/763 
f 706/895/765 701/889/759 703/891/761 
f 704/892/762 707/897/767 702/890/760 
f 704/892/762 708/898/768 707/897/767 
f 697/882/752 703/891/761 702/890/760 
f 697/882/752 695/878/748 703/891/761 
f 702/890/760 698/885/755 697/882/752 
f 697/882/752 696/879/749 695/878/748 
f 709/899/769 463/896/766 705/893/763 
f 709/899/769 469/900/770 463/896/766 
f 705/893/763 695/878/748 709/899/769 
f 705/893/763 703/891/761 695/878/748 
f 699/886/756 702/890/760 707/897/767 
f 699/886/756 698/885/755 702/890/760 
f 699/886/756 707/897/767 700/888/758 
f 709/899/769 627/881/751 710/901/771 
f 709/899/769 695/878/748 627/881/751 
f 710/901/771 469/900/770 709/899/769 
f 710/901/771 473/902/772 469/900/770 
f 710/901/771 625/903/773 711/904/774 
f 710/901/771 627/881/751 625/903/773 
f 711/904/774 473/902/772 710/901/771 
f 711/904/774 457/905/772 473/902/772 
f 704/892/762 694/876/746 712/906/775 
f 712/906/775 708/898/768 704/892/762 
f 704/892/762 701/889/759 694/876/746 
f 706/895/765 694/876/746 701/889/759 
f 706/895/765 693/872/742 694/876/746 
f 465/894/764 693/872/742 706/895/765 
f 465/894/764 461/875/745 693/872/742 
f 228/874/744 712/906/775 694/876/746 
f 691/870/740 457/905/772 711/904/774 
f 711/904/774 692/871/741 690/869/739 
f 711/904/774 625/903/773 692/871/741 
f 690/869/739 691/870/740 711/904/774 
f 457/905/772 691/870/740 713/907/776 
f 457/905/772 713/907/776 714/908/777 
f 714/908/777 477/909/778 457/905/772 
f 623/910/779 715/911/780 692/871/741 
f 623/910/779 620/912/781 715/911/780 
f 692/871/741 625/903/773 623/910/779 
f 619/913/782 618/914/783 716/915/784 
f 716/915/784 620/912/781 619/913/782 
f 716/915/784 715/911/780 620/912/781 
f 689/868/738 716/915/784 618/914/783 
f 689/868/738 688/867/737 716/915/784 
f 688/867/737 715/911/780 716/915/784 
f 688/867/737 687/866/736 715/911/780 
f 687/866/736 692/871/741 715/911/780 
f 687/866/736 686/865/735 692/871/741 
f 685/864/734 713/907/776 691/870/740 
f 685/864/734 717/916/785 713/907/776 
f 717/916/785 714/908/777 713/907/776 
f 717/916/785 718/917/786 714/908/777 
f 718/917/786 477/909/778 714/908/777 
f 718/917/786 434/918/787 477/909/778 
f 717/916/785 682/861/731 684/863/733 
f 684/863/733 718/917/786 717/916/785 
f 717/916/785 685/864/734 682/861/731 
f 684/863/733 434/918/787 718/917/786 
f 684/863/733 380/919/788 434/918/787 
f 719/920/789 720/921/790 676/855/725 
f 676/855/725 720/921/790 679/858/728 
f 676/855/725 721/922/791 719/920/789 
f 676/855/725 675/854/724 721/922/791 
f 720/921/790 722/923/792 679/858/728 
f 679/858/728 722/923/792 681/860/730 
f 723/924/793 681/860/730 722/923/792 
f 723/924/793 683/862/732 681/860/730 
f 657/845/713 673/852/721 723/924/793 
f 723/924/793 673/852/721 683/862/732 
f 668/831/699 656/835/703 723/924/793 
f 723/924/793 656/835/703 657/845/713 
f 723/924/793 722/923/792 668/925/699 
f 668/925/699 722/923/792 724/926/794 
f 725/927/795 722/923/792 720/921/790 
f 720/921/790 726/928/796 725/927/795 
f 725/927/795 724/926/794 722/923/792 
f 719/920/789 726/928/796 720/921/790 
f 719/920/789 727/929/797 726/928/796 
f 719/920/789 721/922/791 727/929/797 
f 727/929/797 721/922/791 728/930/798 
f 380/919/788 684/863/733 729/931/799 
f 729/931/799 5/5/800 380/919/788 
f 729/931/799 6/4/722 5/5/800 
f 729/931/799 684/863/733 673/852/721 
f 729/931/799 673/852/721 672/849/718 
f 672/849/718 6/4/722 729/931/799 
f 730/932/801 726/928/802 731/933/803 
f 731/933/803 653/934/804 730/932/801 
f 731/933/803 648/935/805 653/934/804 
f 732/936/806 724/926/807 733/937/808 
f 733/937/808 650/938/809 732/936/806 
f 733/937/808 653/934/804 650/938/809 
f 668/925/810 724/926/807 732/936/806 
f 732/936/806 650/938/809 668/925/810 
f 733/937/808 726/928/802 730/932/801 
f 733/937/808 724/926/807 726/928/802 
f 730/932/801 653/934/804 733/937/808 
f 724/926/807 725/927/811 726/928/802 
f 731/933/803 726/928/802 727/929/812 
f 727/929/812 648/935/805 731/933/803 
f 648/939/813 727/929/797 734/940/814 
f 734/940/814 727/929/797 728/930/798 
f 282/941/815 500/942/816 648/939/813 
f 648/939/813 734/940/814 282/941/815 
f 216/771/817 735/772/817 219/769/817 
f 216/771/817 736/770/817 735/772/817 
f 213/773/818 736/774/818 216/775/818 
f 213/773/818 737/776/818 736/774/818 
f 218/769/819 737/770/819 213/771/819 
f 218/769/819 738/772/819 737/770/819 
f 219/775/820 738/776/820 218/773/820 
f 219/775/820 735/774/820 738/776/820 
f 739/943/821 734/944/814 740/945/822 
f 740/945/822 734/944/814 728/930/798 
f 739/943/821 283/946/823 282/941/815 
f 282/941/815 734/944/814 739/943/821 
f 739/947/637 664/948/637 277/949/637 
f 739/947/637 667/950/637 664/948/637 
f 277/949/637 283/951/637 739/947/637 
f 741/952/636 666/953/636 665/954/636 
f 741/952/636 279/955/636 666/953/636 
f 741/952/636 312/956/636 279/955/636 
f 666/957/673 277/958/673 664/959/673 
f 279/960/673 277/958/673 666/957/673 
f 279/960/673 275/961/673 277/958/673 
f 741/962/93 739/963/93 742/964/93 
f 665/965/93 739/963/93 741/962/93 
f 665/965/93 667/966/93 739/963/93 
f 743/967/824 739/968/825 740/945/826 
f 740/945/826 744/969/827 743/967/824 
f 744/969/827 745/970/828 746/971/829 
f 747/972/830 742/973/831 748/974/832 
f 748/974/832 746/971/829 747/972/830 
f 748/974/832 744/969/827 746/971/829 
f 749/975/833 741/976/834 750/977/835 
f 750/977/835 746/971/829 749/975/833 
f 750/977/835 742/973/831 747/972/830 
f 750/977/835 741/976/834 742/973/831 
f 747/972/830 746/971/829 750/977/835 
f 748/974/832 739/968/825 743/967/824 
f 748/974/832 742/973/831 739/968/825 
f 743/967/824 744/969/827 748/974/832 
f 751/978/836 9/7/837 752/979/838 
f 752/979/838 753/980/839 751/978/836 
f 753/980/839 754/981/840 751/978/836 
f 146/982/841 9/7/837 751/978/836 
f 146/982/841 10/8/842 9/7/837 
f 751/978/836 754/981/840 146/982/841 
f 755/983/843 740/945/822 721/922/791 
f 721/922/791 740/945/822 728/930/798 
f 756/984/844 740/945/822 755/983/843 
f 756/984/844 744/969/845 740/945/822 
f 757/985/846 746/971/847 745/970/848 
f 745/970/848 744/969/845 756/984/844 
f 756/984/844 757/985/846 745/970/848 
f 749/975/849 757/985/846 758/986/850 
f 749/975/849 746/971/847 757/985/846 
f 758/986/850 759/987/851 749/988/849 
f 758/986/850 760/989/852 759/987/851 
f 760/989/852 758/986/850 753/980/839 
f 753/980/839 758/986/850 761/990/853 
f 757/985/846 761/990/853 758/986/850 
f 757/985/846 762/991/854 761/990/853 
f 757/985/846 756/984/844 762/991/854 
f 762/991/854 756/984/844 763/992/855 
f 755/983/843 675/854/724 764/993/856 
f 755/983/843 721/922/791 675/854/724 
f 764/993/856 756/984/844 755/983/843 
f 764/993/856 763/992/855 756/984/844 
f 765/994/857 146/982/841 754/981/840 
f 765/994/857 199/995/858 146/982/841 
f 766/996/859 767/997/860 768/998/861 
f 768/998/861 765/994/857 754/981/840 
f 754/981/840 766/996/859 768/998/861 
f 769/999/862 199/995/858 765/994/857 
f 769/999/862 256/1000/863 199/995/858 
f 770/1001/864 765/994/857 768/998/861 
f 770/1001/864 769/999/862 765/994/857 
f 771/1002/865 768/998/861 767/997/860 
f 771/1002/865 770/1001/864 768/998/861 
f 772/1003/866 773/1004/867 774/1005/868 
f 772/1003/866 775/1006/869 773/1004/867 
f 776/1007/870 774/1005/868 777/1008/871 
f 776/1007/870 772/1003/866 774/1005/868 
f 618/914/783 777/1008/871 689/868/738 
f 618/914/783 776/1007/870 777/1008/871 
f 617/1009/872 772/1003/866 776/1007/870 
f 617/1009/872 622/1010/873 772/1003/866 
f 776/1007/870 618/914/783 617/1009/872 
f 621/1011/874 624/1012/875 775/1006/869 
f 775/1006/869 622/1010/873 621/1011/874 
f 775/1006/869 772/1003/866 622/1010/873 
f 227/1013/876 256/1000/863 769/999/862 
f 769/999/862 770/1001/864 227/1013/876 
f 770/1001/864 771/1002/865 227/1013/876 
f 778/1014/877 771/1002/865 779/1015/878 
f 779/1015/878 624/1012/875 778/1014/877 
f 779/1015/878 775/1006/869 624/1012/875 
f 778/1014/877 227/1013/876 771/1002/865 
f 780/1016/879 712/906/775 228/874/744 
f 781/1017/880 231/1018/881 234/1019/882 
f 781/1017/880 782/1020/883 231/1018/881 
f 783/1021/884 782/1020/883 781/1017/880 
f 783/1021/884 780/1016/879 782/1020/883 
f 780/1016/879 783/1021/884 784/1022/885 
f 784/1022/885 708/898/768 712/906/775 
f 712/906/775 780/1016/879 784/1022/885 
f 785/1023/886 227/1013/876 778/1014/877 
f 785/1023/886 248/1024/876 227/1013/876 
f 778/1014/877 629/1025/887 785/1023/886 
f 778/1014/877 624/1012/875 629/1025/887 
f 786/1026/888 248/1024/876 785/1023/886 
f 786/1026/888 243/1027/889 248/1024/876 
f 785/1023/886 787/1028/890 786/1026/888 
f 785/1023/886 629/1025/887 787/1028/890 
f 788/1029/891 707/897/767 789/1030/892 
f 788/1029/891 700/888/758 707/897/767 
f 788/1029/891 789/1030/892 790/1031/893 
f 786/1026/888 791/1032/894 792/1033/895 
f 786/1026/888 787/1028/890 791/1032/894 
f 792/1033/895 243/1027/889 786/1026/888 
f 792/1033/895 236/1034/896 243/1027/889 
f 787/1028/890 793/1035/897 794/1036/898 
f 794/1036/898 790/1031/893 789/1030/892 
f 789/1030/892 787/1028/890 794/1036/898 
f 789/1030/892 791/1032/894 787/1028/890 
f 789/1030/892 708/898/768 784/1022/885 
f 789/1030/892 707/897/767 708/898/768 
f 792/1033/895 783/1021/884 781/1017/880 
f 792/1033/895 791/1032/894 783/1021/884 
f 781/1017/880 236/1034/896 792/1033/895 
f 781/1017/880 234/1019/882 236/1034/896 
f 791/1032/894 784/1022/885 783/1021/884 
f 791/1032/894 789/1030/892 784/1022/885 
f 635/887/757 700/888/758 788/1029/891 
f 788/1029/891 790/1031/893 636/1037/899 
f 636/1037/899 635/887/757 788/1029/891 
f 794/1036/898 633/1038/900 632/1039/901 
f 794/1036/898 793/1035/897 633/1038/900 
f 632/1039/901 790/1031/893 794/1036/898 
f 632/1039/901 636/1037/899 790/1031/893 
f 787/1028/890 629/1025/887 637/1040/902 
f 637/1040/902 633/1038/900 793/1035/897 
f 793/1035/897 787/1028/890 637/1040/902 
f 782/1020/883 780/1016/879 228/874/744 
f 232/1041/903 231/1018/881 782/1020/883 
f 228/874/744 232/1041/903 782/1020/883 
f 773/1004/867 775/1006/869 779/1015/878 
f 779/1015/878 771/1002/865 767/997/860 
f 767/997/860 773/1004/867 779/1015/878 
f 777/1008/871 795/1042/904 796/1043/905 
f 777/1008/871 774/1005/868 795/1042/904 
f 796/1043/905 677/856/726 777/1008/871 
f 777/1008/871 677/856/726 689/868/738 
f 797/1044/906 795/1042/904 773/1004/867 
f 773/1004/867 795/1042/904 774/1005/868 
f 773/1004/867 766/996/859 797/1044/906 
f 773/1004/867 767/997/860 766/996/859 
f 754/981/840 761/990/853 766/996/859 
f 754/981/840 753/980/839 761/990/853 
f 761/990/853 797/1044/906 766/996/859 
f 761/990/853 762/991/854 797/1044/906 
f 795/1042/904 762/991/854 763/992/855 
f 795/1042/904 797/1044/906 762/991/854 
f 796/1043/905 763/992/855 764/993/856 
f 796/1043/905 795/1042/904 763/992/855 
f 764/993/856 675/854/724 796/1043/905 
f 796/1043/905 675/854/724 677/856/726 
f 46/1045/907 798/1046/908 760/989/852 
f 752/979/838 12/9/909 799/1047/910 
f 752/979/838 9/7/837 12/9/909 
f 800/1048/911 753/980/839 752/979/838 
f 800/1048/911 760/989/852 753/980/839 
f 272/1049/912 57/1050/913 55/1051/914 
f 45/1052/915 799/1047/910 55/1051/914 
f 45/1052/915 55/1051/914 48/1053/916 
f 799/1047/910 45/1052/915 800/1048/911 
f 800/1048/911 752/979/838 799/1047/910 
f 799/1047/910 272/1049/912 55/1051/914 
f 799/1047/910 12/9/909 272/1049/912 
f 46/1045/907 760/989/852 800/1048/911 
f 800/1048/911 45/1052/915 46/1045/907 
f 72/1054/917 70/1055/918 798/1046/908 
f 798/1046/908 46/1045/907 72/1054/917 
f 801/1056/919 312/1057/920 802/1058/921 
f 803/1059/922 798/1046/908 70/1055/918 
f 803/1059/922 70/1055/918 801/1056/919 
f 801/1056/919 802/1058/921 803/1059/922 
f 69/1060/923 312/1057/920 801/1056/919 
f 801/1056/919 70/1055/918 69/1060/923 
f 749/988/849 759/987/851 804/1061/924 
f 804/1061/924 802/1058/921 749/988/849 
f 802/1058/921 312/1057/920 741/1062/925 
f 741/1062/925 749/988/849 802/1058/921 
f 736/799/926 738/800/926 735/797/926 
f 736/799/926 737/798/926 738/800/926 
f 67/1063/927 804/1064/928 64/1065/929 
f 67/1063/927 802/1066/930 804/1064/928 
f 66/1067/931 64/1065/929 759/1068/932 
f 759/1068/932 64/1065/929 804/1064/928 
f 759/1068/932 805/1069/933 66/1067/931 
f 759/1068/932 760/1070/933 805/1069/933 
f 802/1071/934 67/1072/934 63/1073/935 
f 806/1074/936 803/1075/937 802/1071/938 
f 802/1071/938 63/1073/939 806/1074/936 
f 63/1073/935 65/1076/940 807/1077/941 
f 808/1078/942 798/1079/943 806/1074/936 
f 806/1074/936 798/1079/943 803/1075/937 
f 806/1074/936 807/1077/944 808/1078/942 
f 806/1074/936 63/1073/939 807/1077/944 
f 807/1077/941 805/1080/945 760/1081/945 
f 807/1077/941 65/1076/940 805/1080/945 
f 760/1081/946 798/1079/943 808/1078/942 
f 808/1078/942 807/1077/944 760/1081/946 
f 66/820/947 805/821/948 65/820/947 
f 809/1082/949 632/1083/950 633/1084/951 
f 809/1082/949 633/1084/951 637/1085/952 
f 637/1085/952 810/1086/953 809/1082/949 
f 637/1085/952 629/1087/954 810/1086/953 
f 811/1088/955 636/1089/956 812/1090/957 
f 811/1088/955 635/1091/958 636/1089/956 
f 812/1090/957 813/1092/959 811/1088/955 
f 812/1090/957 814/1093/960 813/1092/959 
f 812/1090/957 632/1083/950 809/1082/949 
f 812/1090/957 636/1089/956 632/1083/950 
f 809/1082/949 814/1093/960 812/1090/957 
f 809/1082/949 815/1094/961 814/1093/960 
f 810/1086/953 815/1094/961 809/1082/949 
f 810/1086/953 816/1095/962 815/1094/961 
f 629/1087/954 816/1095/962 810/1086/953 
f 817/1096/963 816/1095/962 818/1097/964 
f 817/1096/963 815/1094/961 816/1095/962 
f 819/1098/965 818/1097/964 820/1099/966 
f 819/1098/965 817/1096/963 818/1097/964 
f 821/1100/967 814/1093/960 822/1101/968 
f 821/1100/967 813/1092/959 814/1093/960 
f 823/1102/969 822/1101/968 824/1103/970 
f 823/1102/969 821/1100/967 822/1101/968 
f 822/1101/968 815/1094/961 817/1096/963 
f 822/1101/968 814/1093/960 815/1094/961 
f 824/1103/970 817/1096/963 819/1098/965 
f 824/1103/970 822/1101/968 817/1096/963 
f 818/1097/964 816/1095/962 629/1087/954 
f 820/1099/966 629/1087/954 624/1104/971 
f 820/1099/966 818/1097/964 629/1087/954 
f 640/1105/972 641/1106/973 825/1107/974 
f 642/1108/975 640/1105/972 825/1107/974 
f 825/1107/974 826/1109/976 642/1108/975 
f 826/1109/976 627/1110/977 642/1108/975 
f 827/1111/978 635/1091/958 811/1088/955 
f 827/1111/978 638/1112/979 635/1091/958 
f 811/1088/955 828/1113/980 827/1111/978 
f 811/1088/955 813/1092/959 828/1113/980 
f 825/1107/974 641/1106/973 827/1111/978 
f 827/1111/978 641/1106/973 638/1112/979 
f 827/1111/978 829/1114/981 825/1107/974 
f 827/1111/978 828/1113/980 829/1114/981 
f 825/1107/974 830/1115/982 826/1109/976 
f 825/1107/974 829/1114/981 830/1115/982 
f 826/1109/976 830/1115/982 627/1110/977 
f 831/1116/983 829/1114/981 832/1117/984 
f 831/1116/983 830/1115/982 829/1114/981 
f 833/1118/985 832/1117/984 834/1119/986 
f 833/1118/985 831/1116/983 832/1117/984 
f 835/1120/987 813/1092/959 821/1100/967 
f 835/1120/987 828/1113/980 813/1092/959 
f 836/1121/988 821/1100/967 823/1102/969 
f 836/1121/988 835/1120/987 821/1100/967 
f 832/1117/984 828/1113/980 835/1120/987 
f 832/1117/984 829/1114/981 828/1113/980 
f 834/1119/986 835/1120/987 836/1121/988 
f 834/1119/986 832/1117/984 835/1120/987 
f 627/1110/977 830/1115/982 831/1116/983 
f 625/1122/989 831/1116/983 833/1118/985 
f 625/1122/989 627/1110/977 831/1116/983 
f 820/1099/966 837/1123/990 819/1098/965 
f 820/1099/966 838/1124/991 837/1123/990 
f 824/1103/970 839/1125/992 823/1102/969 
f 824/1103/970 840/1126/993 839/1125/992 
f 819/1098/965 840/1126/993 824/1103/970 
f 819/1098/965 837/1123/990 840/1126/993 
f 624/1104/971 838/1124/991 820/1099/966 
f 840/1126/993 618/1127/994 839/1125/992 
f 840/1126/993 617/1128/995 618/1127/994 
f 840/1126/993 622/1129/996 617/1128/995 
f 840/1126/993 837/1123/990 622/1129/996 
f 837/1123/990 621/1130/997 622/1129/996 
f 837/1123/990 838/1124/991 621/1130/997 
f 838/1124/991 624/1104/971 621/1130/997 
f 834/1119/986 841/1131/998 833/1118/985 
f 834/1119/986 842/1132/999 841/1131/998 
f 823/1102/969 843/1133/1000 836/1121/988 
f 823/1102/969 839/1125/992 843/1133/1000 
f 836/1121/988 842/1132/999 834/1119/986 
f 836/1121/988 843/1133/1000 842/1132/999 
f 833/1118/985 841/1131/998 625/1122/989 
f 839/1125/992 619/1134/1001 843/1133/1000 
f 839/1125/992 618/1127/994 619/1134/1001 
f 619/1134/1001 842/1132/999 843/1133/1000 
f 619/1134/1001 620/1135/1002 842/1132/999 
f 620/1135/1002 841/1131/998 842/1132/999 
f 620/1135/1002 623/1136/1003 841/1131/998 
f 623/1136/1003 625/1122/989 841/1131/998 
f 844/1137/1004 845/1138/1005 77/1139/1006 
f 846/1140/1007 845/1138/1005 844/1137/1004 
f 847/1141/1008 845/1142/1009 846/1143/1010 
f 77/1144/1011 845/1142/1009 847/1141/1008 
f 74/1145/1012 848/1146/1013 849/1147/1014 
f 77/1139/1006 849/1147/1014 844/1137/1004 
f 77/1139/1006 74/1145/1012 849/1147/1014 
f 849/1147/1014 848/1146/1013 850/1148/1015 
f 844/1137/1004 850/1148/1015 846/1140/1007 
f 844/1137/1004 849/1147/1014 850/1148/1015 
f 851/1149/1016 850/1150/1017 848/1151/1018 
f 848/1151/1018 73/1152/1019 851/1149/1016 
f 846/1143/1010 851/1149/1016 847/1141/1008 
f 846/1143/1010 850/1150/1017 851/1149/1016 
f 847/1141/1008 73/1152/1019 77/1144/1011 
f 847/1141/1008 851/1149/1016 73/1152/1019 
f 74/1153/1020 77/1154/1020 73/1155/1020 
f 73/1155/1020 848/1156/1020 74/1153/1020 
f 25/524/93 852/1157/93 853/1158/93 
f 26/525/93 854/1159/93 852/1157/93 
f 852/1157/93 25/524/93 26/525/93 
f 26/525/93 854/1159/93 852/1157/93 
f 19/1160/1021 855/1161/1022 21/1162/1023 
f 15/1163/1024 855/1161/1022 19/1160/1021 
f 15/1163/1024 856/1164/1025 855/1161/1022 
f 15/1163/1024 857/1165/1026 856/1164/1025 
f 15/1163/1024 17/1166/1027 857/1165/1026 
f 17/1166/1028 858/1167/1029 857/1165/1026 
f 17/1166/1028 16/1168/1030 858/1167/1029 
f 14/562/506 858/1167/1029 16/1168/1030 
f 21/1162/1023 859/1169/1031 20/568/512 
f 21/1162/1023 855/1161/1022 859/1169/1031 
f 855/1161/1022 860/1170/1032 859/1169/1031 
f 855/1161/1022 856/1164/1025 860/1170/1032 
f 856/1164/1025 861/1171/1033 860/1170/1032 
f 856/1164/1025 857/1165/1026 861/1171/1033 
f 857/1165/1026 862/1172/1034 861/1171/1033 
f 857/1165/1026 858/1167/1029 862/1172/1034 
f 858/1167/1029 18/570/514 862/1172/1034 
f 858/1167/1029 14/562/506 18/570/514 
f 862/1172/93 18/570/93 25/524/93 
f 862/1172/93 25/524/93 861/1171/93 
f 25/524/93 853/1158/93 861/1171/93 
f 861/1171/93 853/1158/93 860/1170/93 
f 859/1169/93 860/1170/93 853/1158/93 
f 859/1169/93 22/523/93 20/568/93 
f 859/1169/93 853/1158/93 22/523/93 
f 863/1173/1035 24/843/711 23/842/710 
f 852/1174/1035 24/843/711 863/1173/1035 
f 852/1174/1035 854/1175/1036 27/1176/1037 
f 27/1176/1037 24/843/711 852/1174/1035 
f 852/1174/1035 854/1175/1036 27/1176/1037 
f 853/1177/1038 852/1178/1038 863/1179/1038 
f 863/1179/1038 22/1180/1038 853/1177/1038 
f 863/1179/1038 23/1181/1038 22/1180/1038 
f 27/1182/1039 854/1183/1039 26/1184/1039 
f 26/1184/1039 25/1185/1039 24/1186/1039 
f 24/1186/1039 27/1182/1039 26/1184/1039 
f 27/1182/1039 25/1185/1039 24/1186/1039 
f 18/1187/1040 24/1188/1040 25/1189/1040 
f 18/1187/1040 23/1190/1040 24/1188/1040 
f 20/1191/1040 23/1190/1040 18/1187/1040 
f 20/1191/1040 22/1192/1040 23/1190/1040 
f 864/1193/1040 20/1194/1040 865/1195/1040 
f 864/1193/1040 21/1196/1040 20/1194/1040 
f 866/1197/1040 21/1196/1040 864/1193/1040 
f 866/1197/1040 19/1198/1040 21/1196/1040 
f 15/1199/1040 19/1198/1040 866/1197/1040 
f 17/1200/1040 866/1197/1040 867/1201/1040 
f 17/1200/1040 15/1199/1040 866/1197/1040 
f 867/1201/1040 16/1202/1040 17/1200/1040 
f 867/1201/1040 864/1193/1040 868/1203/1040 
f 867/1201/1040 866/1197/1040 864/1193/1040 
f 868/1203/1040 16/1202/1040 867/1201/1040 
f 868/1203/1040 14/1204/1040 16/1202/1040 
f 868/1203/1040 865/1195/1040 869/1205/1040 
f 868/1203/1040 864/1193/1040 865/1195/1040 
f 869/1205/1040 14/1204/1040 868/1203/1040 
f 869/1205/1040 18/1206/1040 14/1204/1040 
f 870/1207/1041 871/1208/1042 68/1209/1043 
f 872/1210/1044 871/1208/1042 870/1207/1041 
f 871/1211/1045 872/1212/1046 873/1213/1047 
f 873/1213/1047 70/1214/1048 871/1211/1045 
f 69/1215/1049 874/1216/1050 875/1217/1051 
f 875/1217/1051 68/1209/1043 69/1215/1049 
f 875/1217/1051 870/1207/1041 68/1209/1043 
f 875/1217/1051 874/1216/1050 876/1218/1052 
f 876/1218/1052 870/1207/1041 875/1217/1051 
f 876/1218/1052 872/1210/1044 870/1207/1041 
f 877/1219/1053 872/1212/1046 876/1220/1054 
f 877/1219/1053 873/1213/1047 872/1212/1046 
f 69/1221/1055 873/1213/1047 877/1219/1053 
f 69/1221/1055 70/1214/1048 873/1213/1047 
f 876/1220/1054 874/1222/1056 877/1219/1053 
f 877/1219/1053 874/1222/1056 69/1221/1055 
f 871/1223/1057 70/1224/1057 68/1225/1057 
f 68/1225/636 70/1224/636 69/1226/636 
f 49/1227/1058 878/1228/1058 45/1229/1058 
f 45/1229/1058 44/1230/1058 49/1227/1058 
f 49/1227/1058 878/1228/1058 48/1231/1058 
f 48/1231/1058 45/1229/1058 49/1227/1058 
f 45/1229/1058 878/1228/1058 48/1231/1058 
f 879/1232/93 880/1233/93 44/277/93 
f 879/1232/93 44/277/93 42/324/93 
f 881/1234/93 47/274/93 882/1235/93 
f 881/1234/93 40/323/93 47/274/93 
f 881/1234/93 882/1235/93 883/1236/93 
f 884/1237/1059 45/1052/915 48/1053/1060 
f 48/1053/1060 878/1238/1061 884/1237/1059 
f 884/1237/1059 45/1052/915 48/1053/1060 
f 885/1239/1059 45/1052/915 884/1237/1059 
f 885/1239/1059 46/1045/907 45/1052/915 
f 880/1233/93 882/1235/93 44/277/93 
f 880/1233/93 883/1236/93 882/1235/93 
f 882/1235/93 878/1240/93 49/276/93 
f 49/276/93 44/277/93 882/1235/93 
f 882/1235/93 878/1240/93 49/276/93 
f 882/1235/93 884/1241/93 878/1240/93 
f 885/1179/1062 884/1178/1062 882/1177/1062 
f 882/1177/1062 46/1181/1062 885/1179/1062 
f 882/1177/1062 47/1180/1062 46/1181/1062 
f 40/1191/1063 46/1190/1063 47/1192/1063 
f 40/1191/1063 42/1187/1063 46/1190/1063 
f 42/1187/1063 45/1188/1063 46/1190/1063 
f 42/1187/1063 44/1189/1063 45/1188/1063 
f 886/1195/1063 36/1196/1063 887/1193/1063 
f 886/1195/1063 40/1194/1063 36/1196/1063 
f 887/1193/1063 38/1198/1063 888/1197/1063 
f 887/1193/1063 36/1196/1063 38/1198/1063 
f 888/1197/1063 38/1198/1063 39/1199/1063 
f 889/1201/1063 39/1199/1063 37/1200/1063 
f 889/1201/1063 888/1197/1063 39/1199/1063 
f 37/1200/1063 41/1202/1063 889/1201/1063 
f 890/1203/1063 888/1197/1063 889/1201/1063 
f 890/1203/1063 887/1193/1063 888/1197/1063 
f 889/1201/1063 43/1204/1063 890/1203/1063 
f 889/1201/1063 41/1202/1063 43/1204/1063 
f 891/1205/1063 887/1193/1063 890/1203/1063 
f 891/1205/1063 886/1195/1063 887/1193/1063 
f 890/1203/1063 42/1206/1063 891/1205/1063 
f 890/1203/1063 43/1204/1063 42/1206/1063 
f 36/313/254 892/1242/1064 38/310/1065 
f 892/1242/1064 39/309/1066 38/310/1065 
f 892/1242/1064 893/1243/1067 39/309/1066 
f 893/1243/1067 37/308/1068 39/309/1066 
f 893/1243/1067 894/1244/1069 37/308/1068 
f 894/1244/1069 41/314/255 37/308/1068 
f 894/1244/1069 895/1245/1070 41/314/255 
f 895/1245/1070 43/315/257 41/314/255 
f 40/323/265 892/1242/1064 36/313/254 
f 40/323/265 881/1234/1071 892/1242/1064 
f 881/1234/1071 893/1243/1067 892/1242/1064 
f 881/1234/1071 883/1236/1072 893/1243/1067 
f 883/1236/1072 894/1244/1069 893/1243/1067 
f 883/1236/1072 880/1233/1073 894/1244/1069 
f 880/1233/1073 895/1245/1070 894/1244/1069 
f 880/1233/1073 879/1232/1074 895/1245/1070 
f 879/1232/1074 43/315/257 895/1245/1070 
f 879/1232/1074 42/324/266 43/315/257 
f 30/395/349 28/394/348 896/1246/1075 
f 32/402/1076 896/1246/1075 897/1247/1077 
f 32/402/1076 30/395/1078 896/1246/1075 
f 32/402/1076 898/1248/1079 29/397/351 
f 32/402/1076 897/1247/1077 898/1248/1079 
f 29/397/351 898/1248/1079 31/398/352 
f 897/1247/93 35/527/93 854/1159/93 
f 26/525/93 31/398/93 898/1248/93 
f 898/1248/93 897/1247/93 854/1159/93 
f 854/1159/93 26/525/93 898/1248/93 
f 896/1246/93 34/526/93 35/527/93 
f 35/527/93 897/1247/93 896/1246/93 
f 896/1246/93 28/394/93 34/526/93 
f 35/851/720 27/850/719 854/1175/1036 
f 35/851/720 33/846/714 27/850/719 
f 33/1249/1080 35/1250/1080 34/1251/1080 
f 27/1252/7 26/1253/7 854/1254/7 
f 28/1255/1081 27/1256/1081 33/1257/1081 
f 31/1258/1081 26/1259/1081 27/1256/1081 
f 28/1255/1081 33/1257/1081 34/1260/1081 
f 31/1258/1081 27/1256/1081 28/1255/1081 
f 899/1261/1081 28/1255/1081 30/1262/1081 
f 29/1263/1081 30/1262/1081 32/1264/1081 
f 900/1265/1081 30/1262/1081 29/1263/1081 
f 900/1265/1081 899/1261/1081 30/1262/1081 
f 29/1263/1081 31/1258/1081 900/1265/1081 
f 901/1266/1082 53/118/79 51/120/81 
f 902/1267/1083 51/120/1084 54/127/1085 
f 902/1267/1083 901/1266/1082 51/120/1084 
f 903/1268/1086 54/127/1085 52/122/1087 
f 903/1268/1086 902/1267/1083 54/127/1085 
f 50/121/82 903/1268/1086 52/122/1088 
f 878/1240/93 57/280/93 902/1267/93 
f 903/1268/93 50/121/93 49/276/93 
f 878/1240/93 902/1267/93 903/1268/93 
f 903/1268/93 49/276/93 878/1240/93 
f 57/280/93 56/278/93 901/1266/93 
f 901/1266/93 902/1267/93 57/280/93 
f 56/278/93 53/118/93 901/1266/93 
f 878/1238/1061 55/1051/914 57/1050/913 
f 878/1238/1061 48/1053/916 55/1051/914 
f 51/1262/1089 53/1255/1089 904/1261/1089 
f 905/1265/1089 51/1262/1089 904/1261/1089 
f 52/1263/1089 51/1262/1089 905/1265/1089 
f 52/1263/1089 54/1264/1089 51/1262/1089 
f 905/1265/1089 50/1258/1089 52/1263/1089 
f 878/1175/1061 55/846/914 57/851/913 
f 878/1175/1061 48/850/916 55/846/914 
f 878/1254/11 49/1253/11 48/1252/11 
f 48/1256/1089 53/1255/1089 55/1257/1089 
f 55/1257/1089 53/1255/1089 56/1260/1089 
f 50/1258/1089 53/1255/1089 48/1256/1089 
f 50/1258/1089 48/1256/1089 49/1259/1089 
f 56/1251/1090 57/1250/1090 55/1249/1090 
f 4/407/93 906/1269/93 8/447/93 
f 4/407/93 5/409/93 906/1269/93 
f 906/1270/1091 7/1271/472 8/1272/471 
f 6/4/1092 906/1273/1092 5/5/1092 
f 6/4/1092 7/6/1092 906/1273/1092 
f 4/1272/637 6/1271/637 5/1270/637 
f 8/1274/1093 6/1275/1093 4/1276/1093 
f 8/1274/1093 7/1277/1093 6/1275/1093 
f 13/172/93 907/1278/93 11/134/93 
f 11/134/93 907/1278/93 10/132/93 
f 13/1279/220 12/1280/219 907/1281/1094 
f 10/8/1095 907/1282/1095 9/7/1095 
f 9/7/1095 907/1282/1095 12/9/1095 
f 9/1283/1096 12/1284/1096 11/1285/1096 
f 11/1285/1096 12/1284/1096 13/1286/1096 
f 10/1281/636 9/1280/636 11/1279/636 
f 64/1065/929 908/1287/1097 67/1063/927 
f 64/1065/929 66/1067/931 908/1287/1097 
f 63/1073/935 908/1288/934 65/1076/940 
f 63/1073/935 67/1072/934 908/1288/934 
f 65/820/947 908/1289/1098 66/1290/947 
f 63/1073/1099 64/1291/1099 67/1072/1099 
f 65/1292/1100 64/1072/1100 63/1293/1100 
f 65/1292/1100 66/1288/1100 64/1072/1100 
f 60/803/677 62/806/680 59/801/675 
f 60/803/677 909/1294/1101 62/806/680 
f 61/815/689 60/810/683 58/809/682 
f 61/815/689 909/1295/683 60/810/683 
f 62/820/695 909/1289/1102 61/820/695 
f 59/1296/1103 58/809/1103 60/810/1103 
f 58/1297/1104 59/1298/1104 61/1299/1104 
f 61/1299/1104 59/1298/1104 62/1300/1104 
f 10/1281/636 9/1280/636 11/1279/636 
f 9/1283/1096 12/1286/1096 11/1285/1096 
f 10/8/1095 907/1282/1095 9/7/1095 
f 9/7/1095 907/1282/1095 12/9/1095 
f 12/172/93 907/1278/93 11/134/93 
f 11/134/93 907/1278/93 10/132/93 
f 7/1274/1093 6/1275/1093 4/1276/1093 
f 4/1272/637 6/1271/637 5/1270/637 
f 6/4/1092 906/1273/1092 5/5/1092 
f 6/4/1092 7/6/1092 906/1273/1092 
f 4/407/93 906/1269/93 7/447/93 
f 4/407/93 5/409/93 906/1269/93 
f 910/1292/1100 64/1072/1100 63/1293/1100 
f 63/1073/1099 64/1291/1099 67/1072/1099 
f 63/1073/935 908/1288/934 910/1076/940 
f 63/1073/935 67/1072/934 908/1288/934 
f 64/1065/929 908/1287/1097 67/1063/927 
f 64/1065/929 910/1067/931 908/1287/1097 
f 58/1297/1104 59/1298/1104 911/1299/1104 
f 59/1296/1103 58/809/1103 60/810/1103 
f 911/820/689 60/810/683 58/809/682 
f 911/820/689 909/1289/683 60/810/683 
f 60/803/677 911/806/680 59/801/675 
f 60/803/677 909/1294/1101 911/806/680 
f 68/1225/636 70/1224/636 69/1226/636 
f 871/1223/1057 70/1224/1057 68/1225/1057 
f 877/1219/1053 874/1222/1056 69/1221/1055 
f 876/1220/1054 874/1222/1056 877/1219/1053 
f 69/1221/1055 873/1213/1047 877/1219/1053 
f 69/1221/1055 70/1214/1048 873/1213/1047 
f 877/1219/1053 872/1212/1046 876/1220/1054 
f 877/1219/1053 873/1213/1047 872/1212/1046 
f 876/1218/1052 870/1207/1041 875/1217/1051 
f 876/1218/1052 872/1210/1044 870/1207/1041 
f 875/1217/1051 874/1216/1050 876/1218/1052 
f 875/1217/1051 68/1209/1043 69/1215/1049 
f 875/1217/1051 870/1207/1041 68/1209/1043 
f 69/1215/1049 874/1216/1050 875/1217/1051 
f 873/1213/1047 70/1214/1048 871/1211/1045 
f 871/1211/1045 872/1212/1046 873/1213/1047 
f 872/1210/1044 871/1208/1042 870/1207/1041 
f 870/1207/1041 871/1208/1042 68/1209/1043 
f 73/1155/1020 848/1156/1020 74/1153/1020 
f 74/1153/1020 77/1154/1020 73/1155/1020 
f 847/1141/1008 73/1152/1019 77/1144/1011 
f 847/1141/1008 851/1149/1016 73/1152/1019 
f 846/1143/1010 851/1149/1016 847/1141/1008 
f 846/1143/1010 850/1150/1017 851/1149/1016 
f 848/1151/1018 73/1152/1019 851/1149/1016 
f 851/1149/1016 850/1150/1017 848/1151/1018 
f 844/1137/1004 850/1148/1015 846/1140/1007 
f 844/1137/1004 849/1147/1014 850/1148/1015 
f 849/1147/1014 848/1146/1013 850/1148/1015 
f 77/1139/1006 849/1147/1014 844/1137/1004 
f 77/1139/1006 74/1145/1012 849/1147/1014 
f 74/1145/1012 848/1146/1013 849/1147/1014 
f 77/1144/1011 845/1142/1009 847/1141/1008 
f 847/1141/1008 845/1142/1009 846/1143/1010 
f 846/1140/1007 845/1138/1005 844/1137/1004 
f 844/1137/1004 845/1138/1005 77/1139/1006 
f 40/1191/1063 46/1190/1063 47/1192/1063 
f 40/1191/1063 42/1187/1063 46/1190/1063 
f 42/1187/1063 45/1188/1063 46/1190/1063 
f 42/1187/1063 44/1189/1063 45/1188/1063 
f 882/1177/1062 46/1181/1062 885/1179/1062 
f 882/1177/1062 47/1180/1062 46/1181/1062 
f 885/1179/1062 884/1178/1062 882/1177/1062 
f 49/276/93 44/277/93 882/1235/93 
f 882/1235/93 884/1241/93 878/1240/93 
f 48/1053/1060 878/1238/1061 884/1237/1059 
f 885/1239/1059 45/1052/915 884/1237/1059 
f 885/1239/1059 46/1045/907 45/1052/915 
f 883/1236/93 47/274/93 882/1235/93 
f 883/1236/93 40/323/93 47/274/93 
f 40/323/265 883/1236/1072 39/309/1066 
f 39/309/1066 883/1236/1072 42/324/266 
f 883/1236/93 882/1235/93 44/277/93 
f 883/1236/93 44/277/93 42/324/93 
f 886/1195/1063 40/1194/1063 39/1199/1063 
f 891/1205/1063 886/1195/1063 39/1199/1063 
f 42/1206/1063 891/1205/1063 39/1199/1063 
f 45/1229/1058 44/1230/1058 49/1227/1058 
f 27/1182/1039 854/1183/1039 26/1184/1039 
f 27/1182/1039 26/1184/1039 25/1185/1039 
f 869/1205/1040 18/1206/1040 868/1203/1040 
f 868/1203/1040 865/1195/1040 869/1205/1040 
f 868/1203/1040 864/1193/1040 865/1195/1040 
f 864/1193/1040 20/1194/1040 865/1195/1040 
f 18/1187/1040 24/1188/1040 25/1189/1040 
f 18/1187/1040 23/1190/1040 24/1188/1040 
f 20/1191/1040 23/1190/1040 18/1187/1040 
f 20/1191/1040 22/1192/1040 23/1190/1040 
f 863/1179/1038 22/1180/1038 853/1177/1038 
f 863/1179/1038 23/1181/1038 22/1180/1038 
f 853/1177/1038 852/1178/1038 863/1179/1038 
f 863/1173/1035 24/843/711 23/842/710 
f 852/1174/1035 24/843/711 863/1173/1035 
f 27/1176/1037 24/843/711 852/1174/1035 
f 853/1158/93 20/568/93 860/1170/93 
f 853/1158/93 22/523/93 20/568/93 
f 25/524/93 852/1157/93 853/1158/93 
f 852/1157/93 25/524/93 26/525/93 
f 860/1170/1032 20/568/512 15/1163/1024 
f 20/1301/1040 864/1193/1040 15/1199/1040 
f 868/1203/1040 18/1302/1040 15/1199/1040 
f 15/1199/1040 864/1193/1040 868/1203/1040 
f 860/1170/1032 15/1163/1024 18/570/514 
f 25/524/93 853/1158/93 860/1170/93 
f 860/1170/93 18/570/93 25/524/93 
f 56/1251/1090 57/1250/1090 55/1249/1090 
f 48/1256/1089 53/1255/1089 55/1257/1089 
f 55/1257/1089 53/1255/1089 56/1260/1089 
f 50/1258/1089 53/1255/1089 48/1256/1089 
f 50/1258/1089 48/1256/1089 49/1259/1089 
f 878/1254/11 49/1253/11 48/1252/11 
f 878/1175/1061 55/846/914 57/851/913 
f 878/1175/1061 48/850/916 55/846/914 
f 878/1238/1061 55/1051/914 57/1050/913 
f 878/1238/1061 48/1053/916 55/1051/914 
f 878/1240/93 57/280/93 902/1267/93 
f 50/121/82 902/1267/1083 54/127/1085 
f 54/127/1085 902/1267/1083 53/118/79 
f 902/1267/93 56/278/93 53/118/93 
f 902/1267/93 57/280/93 56/278/93 
f 50/121/93 878/1240/93 902/1267/93 
f 50/121/93 49/276/93 878/1240/93 
f 905/1265/1089 50/1258/1089 54/1264/1089 
f 54/1264/1089 53/1255/1089 904/1261/1089 
f 904/1261/1089 905/1265/1089 54/1264/1089 
f 28/1255/1081 27/1256/1081 33/1257/1081 
f 31/1258/1081 26/1259/1081 27/1256/1081 
f 28/1255/1081 33/1257/1081 34/1260/1081 
f 31/1258/1081 27/1256/1081 28/1255/1081 
f 27/1252/7 26/1253/7 854/1254/7 
f 33/1249/1080 35/1250/1080 34/1251/1080 
f 35/851/720 27/850/719 854/1175/1036 
f 35/851/720 33/846/714 27/850/719 
f 897/1247/93 35/527/93 854/1159/93 
f 28/394/348 897/1247/1077 32/402/1076 
f 31/398/352 32/402/1076 897/1247/1077 
f 897/1247/93 26/525/93 31/398/93 
f 897/1247/93 854/1159/93 26/525/93 
f 28/394/93 35/527/93 897/1247/93 
f 28/394/93 34/526/93 35/527/93 
f 32/1264/1081 900/1265/1081 899/1261/1081 
f 32/1264/1081 31/1258/1081 900/1265/1081 
f 32/1264/1081 899/1261/1081 28/1255/1081 
f 912/1303/1105 1/1/1 3/3/3 
f 1/1/1 913/1304/1106 254/249/198 
f 1/1/1 912/1303/1105 913/1304/1106 
f 912/1303/1105 3/3/3 453/476/429 
f 453/476/429 3/3/3 454/479/432 
f 453/476/429 220/211/162 912/1303/1105 
f 912/1303/1105 220/211/162 913/1304/1106 
f 254/249/198 913/1304/1106 914/1305/1107 
f 254/249/198 914/1305/1107 252/247/196 
f 225/218/169 252/247/196 914/1305/1107 
f 221/213/164 225/218/169 914/1305/1107 
f 221/213/164 224/217/168 225/218/169 
f 221/213/164 914/1305/1107 220/211/162 
f 220/211/162 914/1305/1107 913/1304/1106 
f 193/182/133 190/179/130 915/1306/1108 
f 916/1307/1109 917/1308/1110 918/1309/1111 
f 195/184/135 916/1307/1109 919/1310/1112 
f 195/184/135 917/1308/1110 916/1307/1109 
f 918/1309/1111 920/1311/1113 916/1307/1109 
f 285/295/235 921/1312/1114 918/1309/1111 
f 285/295/235 193/182/133 915/1306/1108 
f 285/295/235 915/1306/1108 921/1312/1114 
f 184/173/93 915/1306/1108 190/179/130 
f 922/1313/1115 915/1306/1108 184/173/93 
f 922/1313/1115 184/173/93 923/1314/1116 
f 184/173/93 188/177/93 181/169/127 
f 184/173/93 187/176/93 188/177/93 
f 923/1314/1116 184/173/93 181/169/127 
f 923/1314/1116 182/170/128 287/297/237 
f 923/1314/1116 181/169/127 182/170/128 
f 923/1314/1116 287/297/237 924/1315/1117 
f 922/1313/1115 923/1314/1116 924/1315/1117 
f 922/1313/1115 924/1315/1117 925/1316/1118 
f 915/1306/1108 922/1313/1115 925/1316/1118 
f 915/1306/1108 925/1316/1118 921/1312/1114 
f 918/1309/1111 921/1312/1114 920/1311/1113 
f 921/1312/1114 925/1316/1118 926/1317/1119 
f 921/1312/1114 926/1317/1119 920/1311/1113 
f 925/1316/1118 927/1318/1120 926/1317/1119 
f 925/1316/1118 924/1315/1117 927/1318/1120 
f 924/1315/1117 287/297/237 288/298/238 
f 924/1315/1117 288/298/238 927/1318/1120 
f 284/294/234 285/295/235 918/1309/1111 
f 284/294/234 918/1309/1111 917/1308/1110 
f 284/294/234 917/1308/1110 195/184/135 
f 196/185/136 195/184/135 919/1310/1112 
f 919/1310/1112 928/1319/137 196/185/136 
f 919/1310/1112 916/1307/1109 928/1319/137 
f 916/1307/1109 920/1311/1113 928/1319/137 
f 920/1311/1113 926/1317/1119 928/1319/137 
f 926/1317/1119 927/1318/1120 928/1319/137 
f 928/1319/137 927/1318/1120 288/298/238 
f 288/298/238 197/186/137 928/1319/137 
f 928/1319/137 197/186/137 198/187/138 
f 928/1319/137 198/187/138 196/185/136 
f 196/185/136 198/187/138 172/160/118 
f 206/195/146 172/160/118 198/187/138 
f 205/194/145 172/160/118 206/195/146 
f 205/194/145 175/163/121 172/160/118 
f 205/194/145 202/191/142 175/163/121 
f 408/436/388 437/466/411 439/468/413 
f 439/468/413 409/437/389 408/436/388 
f 441/470/415 409/437/389 439/468/413 
f 441/470/415 433/462/407 409/437/389 
f 431/460/405 409/437/389 433/462/407 
f 431/460/405 433/462/407 929/1320/406 
f 929/1320/406 433/462/407 432/461/406 
f 929/1320/406 930/1321/1121 931/1322/406 
f 431/460/405 929/1320/406 931/1322/406 
f 931/1322/406 430/459/404 431/460/405 
f 931/1322/406 932/1323/1122 430/459/404 
f 931/1322/406 930/1321/1121 932/1323/1122 
f 929/1320/406 933/1324/1123 930/1321/1121 
f 929/1320/406 934/1325/1124 933/1324/1123 
f 929/1320/406 935/1326/1125 934/1325/1124 
f 505/545/489 935/1326/1125 929/1320/406 
f 929/1320/406 432/461/406 505/545/489 
f 417/445/397 415/443/395 936/1327/1126 
f 937/1328/1127 417/445/397 936/1327/1126 
f 937/1328/1127 503/543/487 417/445/397 
f 935/1326/1125 503/543/487 937/1328/1127 
f 935/1326/1125 505/545/489 503/543/487 
f 934/1325/1124 935/1326/1125 937/1328/1127 
f 934/1325/1124 937/1328/1127 938/1329/1128 
f 938/1329/1128 937/1328/1127 936/1327/1126 
f 938/1329/1128 936/1327/1126 939/1330/1129 
f 415/443/395 423/452/93 421/450/93 
f 420/449/93 936/1327/1126 415/443/395 
f 415/443/395 421/450/93 420/449/93 
f 939/1330/1129 936/1327/1126 420/449/93 
f 939/1330/1129 420/449/93 940/1331/1130 
f 941/1332/1131 939/1330/1129 940/1331/1130 
f 941/1332/1131 938/1329/1128 939/1330/1129 
f 933/1324/1123 938/1329/1128 941/1332/1131 
f 933/1324/1123 934/1325/1124 938/1329/1128 
f 930/1321/1121 933/1324/1123 942/1333/1132 
f 933/1324/1123 941/1332/1131 942/1333/1132 
f 942/1333/1132 932/1323/1122 930/1321/1121 
f 940/1331/1130 420/449/93 425/454/399 
f 940/1331/1130 425/454/399 428/457/402 
f 502/542/486 940/1331/1130 428/457/402 
f 502/542/486 941/1332/1131 940/1331/1130 
f 502/542/486 942/1333/1132 941/1332/1131 
f 430/459/404 932/1323/1122 501/541/485 
f 932/1323/1122 942/1333/1132 502/542/486 
f 932/1323/1122 502/542/486 501/541/485 
s 1
f 943/1334/632 944/1335/1133 945/1336/1134 
f 943/1337/632 945/1338/1135 946/1339/1136 
f 943/1340/632 946/1339/1136 947/1341/1137 
f 943/1342/632 947/1343/1138 948/1344/1139 
f 943/1345/632 948/1346/1140 949/1347/1141 
f 943/1348/632 949/1349/1142 950/1350/1143 
f 943/1351/632 950/1352/1144 951/1353/1145 
f 943/1354/632 951/1353/1145 952/1355/1146 
f 943/1356/632 952/1357/1147 953/1358/1148 
f 943/1359/632 953/1358/1148 954/1360/1149 
f 943/1361/632 954/1360/1149 955/1362/1150 
f 943/1363/632 955/1364/1151 956/1365/1152 
f 943/1366/632 956/1367/1153 957/1368/1154 
f 943/1369/632 957/1370/1155 958/1371/1156 
f 943/1372/632 958/1373/1157 959/1374/1158 
f 943/1375/632 959/1374/1158 960/1376/1159 
f 943/1377/632 960/1376/1159 959/1378/1160 
f 943/1379/632 959/1378/1160 961/1380/1161 
f 943/1381/632 961/1382/1162 962/1383/1163 
f 943/1384/632 962/1385/1164 963/1386/1165 
f 943/1387/632 963/1388/1166 964/1389/1167 
f 943/1390/632 964/1389/1167 944/1391/1168 
f 965/1392/1169 945/1336/1134 944/1335/1133 966/1393/1170 
f 967/1394/1171 946/1339/1136 945/1338/1135 968/1395/1172 
f 969/1396/1173 947/1341/1137 946/1339/1136 967/1394/1171 
f 970/1397/1174 948/1344/1139 947/1343/1138 971/1398/1175 
f 972/1399/1176 949/1347/1141 948/1346/1140 973/1400/1177 
f 974/1401/1178 950/1350/1143 949/1349/1142 
f 975/1402/1179 951/1353/1145 950/1352/1144 976/1403/1180 
f 977/1404/1181 952/1355/1146 951/1353/1145 975/1402/1179 
f 978/1405/1182 953/1358/1148 952/1357/1147 979/1406/1183 
f 980/1407/1184 954/1360/1149 953/1358/1148 978/1405/1182 
f 980/1408/1185 955/1362/1150 954/1360/1149 
f 981/1409/1186 956/1365/1152 955/1364/1151 982/1410/1187 
f 983/1411/1188 957/1368/1154 956/1367/1153 984/1412/1189 
f 985/1413/1190 958/1371/1156 957/1370/1155 986/1414/1191 
f 987/1415/1192 959/1374/1158 958/1373/1157 
f 988/1416/1193 960/1376/1159 959/1374/1158 987/1415/1192 
f 960/1376/1159 988/1416/1193 989/1417/1194 
f 989/1417/1194 959/1378/1160 960/1376/1159 
f 990/1418/1195 961/1380/1161 959/1378/1160 989/1417/1194 
f 991/1419/1196 962/1383/1163 961/1382/1162 
f 992/1420/1197 963/1386/1165 962/1385/1164 993/1421/1198 
f 994/1422/1199 964/1389/1167 963/1388/1166 995/1423/1200 
f 994/1424/1201 944/1391/1168 964/1389/1167 
f 944/1391/1168 994/1424/1201 966/1425/1170 
f 996/1426/1202 965/1392/1169 966/1393/1170 997/1427/1203 
f 998/1428/1204 968/1395/1172 965/1392/1169 996/1426/1202 
f 999/1429/1205 967/1394/1171 968/1395/1172 998/1428/1204 
f 1000/1430/1206 969/1396/1173 967/1394/1171 999/1429/1205 
f 1001/1431/1207 1002/1432/1208 969/1396/1173 1000/1430/1206 
f 1003/1433/1209 971/1398/1175 1002/1432/1208 1001/1431/1207 
f 1004/1434/1210 970/1397/1174 971/1398/1175 1003/1433/1209 
f 1005/1435/1211 973/1400/1177 970/1397/1174 1004/1434/1210 
f 1006/1436/1212 972/1399/1176 973/1400/1177 1005/1435/1211 
f 1007/1437/1213 1008/1438/1214 972/1399/1176 1006/1436/1212 
f 1009/1439/1215 974/1440/1216 1008/1438/1214 1007/1437/1213 
f 1010/1441/1217 976/1403/1180 974/1401/1178 1011/1442/1218 
f 1012/1443/1219 975/1402/1179 976/1403/1180 1010/1441/1217 
f 1013/1444/1220 977/1404/1181 975/1402/1179 1012/1443/1219 
f 1014/1445/1221 979/1406/1183 977/1446/1222 1015/1447/1223 
f 1016/1448/1224 978/1405/1182 979/1406/1183 1014/1445/1221 
f 1017/1449/1225 980/1407/1184 978/1405/1182 1016/1448/1224 
f 1018/1450/1226 1019/1451/1227 980/1408/1185 1020/1452/1228 
f 1021/1453/1229 982/1410/1187 1019/1451/1227 1018/1450/1226 
f 1022/1454/1230 981/1409/1186 982/1410/1187 1021/1453/1229 
f 1023/1455/1231 984/1412/1189 981/1409/1186 1022/1454/1230 
f 1024/1456/1232 983/1411/1188 984/1412/1189 1023/1455/1231 
f 1025/1457/1233 986/1414/1191 983/1411/1188 1024/1456/1232 
f 1026/1458/1234 985/1413/1190 986/1414/1191 1025/1457/1233 
f 1027/1459/1235 1028/1460/1236 985/1413/1190 1026/1458/1234 
f 1029/1461/1237 987/1462/1238 1028/1460/1236 1027/1459/1235 
f 1030/1463/1239 988/1416/1193 987/1415/1192 1031/1464/1240 
f 1032/1465/1241 989/1417/1194 988/1416/1193 1030/1463/1239 
f 1033/1466/1242 990/1418/1195 989/1417/1194 1032/1465/1241 
f 1034/1467/1243 991/1468/1244 990/1418/1195 1033/1466/1242 
f 1035/1469/1245 993/1421/1198 991/1419/1196 1036/1470/1246 
f 1037/1471/1247 992/1420/1197 993/1421/1198 1035/1469/1245 
f 1038/1472/1248 995/1423/1200 992/1420/1197 1037/1471/1247 
f 1039/1473/1249 994/1422/1199 995/1423/1200 1038/1472/1248 
f 997/1474/1203 966/1425/1170 994/1424/1201 1040/1475/1250 
f 1041/1476/1251 996/1426/1202 997/1427/1203 1042/1477/1252 
f 1043/1478/1253 998/1428/1204 996/1426/1202 1041/1476/1251 
f 1044/1479/1254 999/1429/1205 998/1428/1204 1043/1478/1253 
f 1045/1480/1255 1000/1430/1206 999/1429/1205 1044/1479/1254 
f 1046/1481/1256 1001/1431/1207 1000/1430/1206 1045/1480/1255 
f 1047/1482/1257 1003/1433/1209 1001/1431/1207 1046/1481/1256 
f 1048/1483/1258 1004/1434/1210 1003/1433/1209 1047/1482/1257 
f 1049/1484/1259 1005/1435/1211 1004/1434/1210 1048/1483/1258 
f 1050/1485/1260 1006/1436/1212 1005/1435/1211 1049/1484/1259 
f 1051/1486/1261 1007/1437/1213 1006/1436/1212 1050/1485/1260 
f 1052/1487/1262 1009/1439/1215 1007/1437/1213 1051/1486/1261 
f 1053/1488/1263 1011/1442/1218 1009/1439/1215 1052/1487/1262 
f 1054/1489/1264 1010/1441/1217 1011/1442/1218 1053/1488/1263 
f 1055/1490/1265 1012/1443/1219 1010/1441/1217 1054/1489/1264 
f 1056/1491/1266 1013/1444/1220 1012/1443/1219 1055/1490/1265 
f 1057/1492/1267 1015/1447/1223 1013/1444/1220 1056/1491/1266 
f 1058/1493/1268 1014/1445/1221 1015/1447/1223 1057/1492/1267 
f 1059/1494/1269 1016/1448/1224 1014/1445/1221 1058/1493/1268 
f 1060/1495/1270 1017/1449/1225 1016/1448/1224 1059/1494/1269 
f 1061/1496/1271 1020/1452/1228 1017/1449/1225 1060/1495/1270 
f 1062/1497/1272 1018/1450/1226 1020/1452/1228 1061/1496/1271 
f 1063/1498/1273 1021/1453/1229 1018/1450/1226 1062/1497/1272 
f 1064/1499/1274 1022/1454/1230 1021/1453/1229 1063/1498/1273 
f 1065/1500/1275 1023/1455/1231 1022/1454/1230 1064/1499/1274 
f 1066/1501/1276 1024/1456/1232 1023/1455/1231 1065/1500/1275 
f 1067/1502/1277 1025/1457/1233 1024/1456/1232 1066/1501/1276 
f 1068/1503/1278 1026/1458/1234 1025/1457/1233 1067/1502/1277 
f 1069/1504/1279 1027/1459/1235 1026/1458/1234 1068/1503/1278 
f 1070/1505/1280 1029/1461/1237 1027/1459/1235 1069/1504/1279 
f 1071/1506/1281 1031/1464/1240 1029/1461/1237 1070/1505/1280 
f 1072/1507/1282 1030/1463/1239 1031/1464/1240 1071/1506/1281 
f 1073/1508/1283 1032/1465/1241 1030/1463/1239 1072/1507/1282 
f 1074/1509/1284 1033/1466/1242 1032/1465/1241 1073/1508/1283 
f 1075/1510/1285 1034/1467/1243 1033/1466/1242 1074/1509/1284 
f 1076/1511/1286 1036/1470/1246 1034/1467/1243 1075/1510/1285 
f 1077/1512/1287 1035/1469/1245 1036/1470/1246 1076/1511/1286 
f 1078/1513/1288 1037/1471/1247 1035/1469/1245 1077/1512/1287 
f 1079/1514/1289 1038/1472/1248 1037/1471/1247 1078/1513/1288 
f 1080/1515/1290 1039/1473/1249 1038/1472/1248 1079/1514/1289 
f 1081/1516/1291 1040/1475/1250 1039/1473/1249 1080/1515/1290 
f 1042/1517/1252 997/1474/1203 1040/1475/1250 1081/1516/1291 
f 1082/1518/1292 1041/1476/1251 1042/1477/1252 1083/1519/1293 
f 1084/1520/1294 1043/1478/1253 1041/1476/1251 1082/1518/1292 
f 1085/1521/1295 1044/1479/1254 1043/1478/1253 1084/1520/1294 
f 1086/1522/1296 1045/1480/1255 1044/1479/1254 1085/1521/1295 
f 1087/1523/1297 1046/1481/1256 1045/1480/1255 1086/1522/1296 
f 1088/1524/1298 1047/1482/1257 1046/1481/1256 1087/1523/1297 
f 1089/1525/1299 1048/1483/1258 1047/1482/1257 1088/1524/1298 
f 1090/1526/1300 1049/1484/1259 1048/1483/1258 1089/1525/1299 
f 1091/1527/1301 1050/1485/1260 1049/1484/1259 1090/1526/1300 
f 1092/1528/1302 1051/1486/1261 1050/1485/1260 1091/1527/1301 
f 1093/1529/1303 1052/1487/1262 1051/1486/1261 1092/1528/1302 
f 1094/1530/1304 1053/1488/1263 1052/1487/1262 1093/1529/1303 
f 1095/1531/1305 1054/1489/1264 1053/1488/1263 1094/1530/1304 
f 1096/1532/1306 1055/1490/1265 1054/1489/1264 1095/1531/1305 
f 1097/1533/1307 1056/1491/1266 1055/1490/1265 1096/1532/1306 
f 1098/1534/1308 1057/1492/1267 1056/1491/1266 1097/1533/1307 
f 1099/1535/1309 1058/1493/1268 1057/1492/1267 1098/1534/1308 
f 1100/1536/1310 1059/1494/1269 1058/1493/1268 1099/1535/1309 
f 1101/1537/1311 1060/1495/1270 1059/1494/1269 1100/1536/1310 
f 1102/1538/1312 1061/1496/1271 1060/1495/1270 1101/1537/1311 
f 1103/1539/1313 1062/1497/1272 1061/1496/1271 1102/1538/1312 
f 1104/1540/1314 1063/1498/1273 1062/1497/1272 1103/1539/1313 
f 1105/1541/1315 1064/1499/1274 1063/1498/1273 1104/1540/1314 
f 1106/1542/1316 1065/1500/1275 1064/1499/1274 1105/1541/1315 
f 1107/1543/1317 1066/1501/1276 1065/1500/1275 1106/1542/1316 
f 1108/1544/1318 1067/1502/1277 1066/1501/1276 1107/1543/1317 
f 1109/1545/1319 1068/1503/1278 1067/1502/1277 1108/1544/1318 
f 1110/1546/1320 1069/1504/1279 1068/1503/1278 1109/1545/1319 
f 1111/1547/1321 1070/1505/1280 1069/1504/1279 1110/1546/1320 
f 1112/1548/1322 1071/1506/1281 1070/1505/1280 1111/1547/1321 
f 1113/1549/1323 1072/1507/1282 1071/1506/1281 1112/1548/1322 
f 1114/1550/1324 1073/1508/1283 1072/1507/1282 1113/1549/1323 
f 1115/1551/1325 1074/1509/1284 1073/1508/1283 1114/1550/1324 
f 1116/1552/1326 1075/1510/1285 1074/1509/1284 1115/1551/1325 
f 1117/1553/1327 1076/1511/1286 1075/1510/1285 1116/1552/1326 
f 1118/1554/1328 1077/1512/1287 1076/1511/1286 1117/1553/1327 
f 1119/1555/1329 1078/1513/1288 1077/1512/1287 1118/1554/1328 
f 1120/1556/1330 1079/1514/1289 1078/1513/1288 1119/1555/1329 
f 1121/1557/1331 1080/1515/1290 1079/1514/1289 1120/1556/1330 
f 1122/1558/1332 1081/1516/1291 1080/1515/1290 1121/1557/1331 
f 1083/1559/1293 1042/1517/1252 1081/1516/1291 1122/1558/1332 
f 1123/1560/1333 1082/1518/1292 1083/1519/1293 1124/1561/1334 
f 1125/1562/1335 1084/1520/1294 1082/1518/1292 1123/1560/1333 
f 1126/1563/1336 1085/1521/1295 1084/1520/1294 1125/1562/1335 
f 1127/1564/1337 1086/1522/1296 1085/1521/1295 1126/1563/1336 
f 1128/1565/1338 1087/1523/1297 1086/1522/1296 1127/1564/1337 
f 1129/1566/1339 1088/1524/1298 1087/1523/1297 1128/1565/1338 
f 1130/1567/1340 1089/1525/1299 1088/1524/1298 1129/1566/1339 
f 1131/1568/1341 1090/1526/1300 1089/1525/1299 1130/1567/1340 
f 1132/1569/1342 1091/1527/1301 1090/1526/1300 1131/1568/1341 
f 1133/1570/1343 1092/1528/1302 1091/1527/1301 1132/1569/1342 
f 1134/1571/1344 1093/1529/1303 1092/1528/1302 1133/1570/1343 
f 1135/1572/1345 1094/1530/1304 1093/1529/1303 1134/1571/1344 
f 1136/1573/1346 1095/1531/1305 1094/1530/1304 1135/1572/1345 
f 1137/1574/1347 1096/1532/1306 1095/1531/1305 1136/1573/1346 
f 1138/1575/1348 1097/1533/1307 1096/1532/1306 1137/1574/1347 
f 1139/1576/1349 1098/1534/1308 1097/1533/1307 1138/1575/1348 
f 1140/1577/1350 1099/1535/1309 1098/1534/1308 1139/1576/1349 
f 1141/1578/1351 1100/1536/1310 1099/1535/1309 1140/1577/1350 
f 1142/1579/1352 1101/1537/1311 1100/1536/1310 1141/1578/1351 
f 1143/1580/1353 1102/1538/1312 1101/1537/1311 1142/1579/1352 
f 1144/1581/1354 1103/1539/1313 1102/1538/1312 1143/1580/1353 
f 1145/1582/1355 1104/1540/1314 1103/1539/1313 1144/1581/1354 
f 1146/1583/1356 1105/1541/1315 1104/1540/1314 1145/1582/1355 
f 1147/1584/1357 1106/1542/1316 1105/1541/1315 1146/1583/1356 
f 1148/1585/1358 1107/1543/1317 1106/1542/1316 1147/1584/1357 
f 1149/1586/1359 1108/1544/1318 1107/1543/1317 1148/1585/1358 
f 1150/1587/1360 1109/1545/1319 1108/1544/1318 1149/1586/1359 
f 1151/1588/1361 1110/1546/1320 1109/1545/1319 1150/1587/1360 
f 1152/1589/1362 1111/1547/1321 1110/1546/1320 1151/1588/1361 
f 1153/1590/1363 1112/1548/1322 1111/1547/1321 1152/1589/1362 
f 1154/1591/1364 1113/1549/1323 1112/1548/1322 1153/1590/1363 
f 1155/1592/1365 1114/1550/1324 1113/1549/1323 1154/1591/1364 
f 1156/1593/1366 1115/1551/1325 1114/1550/1324 1155/1592/1365 
f 1157/1594/1367 1116/1552/1326 1115/1551/1325 1156/1593/1366 
f 1158/1595/1368 1117/1553/1327 1116/1552/1326 1157/1594/1367 
f 1159/1596/1369 1118/1554/1328 1117/1553/1327 1158/1595/1368 
f 1160/1597/1370 1119/1555/1329 1118/1554/1328 1159/1596/1369 
f 1161/1598/1371 1120/1556/1330 1119/1555/1329 1160/1597/1370 
f 1162/1599/1372 1121/1557/1331 1120/1556/1330 1161/1598/1371 
f 1163/1600/1373 1122/1558/1332 1121/1557/1331 1162/1599/1372 
f 1124/1601/1334 1083/1559/1293 1122/1558/1332 1163/1600/1373 
f 1164/1602/1374 1123/1560/1333 1124/1561/1334 1165/1603/1375 
f 1166/1604/1376 1125/1562/1335 1123/1560/1333 1164/1602/1374 
f 1167/1605/1377 1126/1563/1336 1125/1562/1335 1166/1604/1376 
f 1168/1606/1378 1127/1564/1337 1126/1563/1336 1167/1605/1377 
f 1169/1607/1379 1128/1565/1338 1127/1564/1337 1168/1606/1378 
f 1170/1608/1380 1129/1566/1339 1128/1565/1338 1169/1607/1379 
f 1171/1609/1381 1130/1567/1340 1129/1566/1339 1170/1608/1380 
f 1172/1610/1382 1131/1568/1341 1130/1567/1340 1171/1609/1381 
f 1173/1611/1383 1132/1569/1342 1131/1568/1341 1172/1610/1382 
f 1174/1612/1384 1133/1570/1343 1132/1569/1342 1173/1611/1383 
f 1175/1613/1385 1134/1571/1344 1133/1570/1343 1174/1612/1384 
f 1176/1614/1386 1135/1572/1345 1134/1571/1344 1175/1613/1385 
f 1177/1615/1387 1136/1573/1346 1135/1572/1345 1176/1614/1386 
f 1178/1616/1388 1137/1574/1347 1136/1573/1346 1177/1615/1387 
f 1179/1617/1389 1138/1575/1348 1137/1574/1347 1178/1616/1388 
f 1180/1618/1390 1139/1576/1349 1138/1575/1348 1179/1617/1389 
f 1181/1619/1391 1140/1577/1350 1139/1576/1349 1180/1618/1390 
f 1182/1620/1392 1141/1578/1351 1140/1577/1350 1181/1619/1391 
f 1183/1621/1393 1142/1579/1352 1141/1578/1351 1182/1620/1392 
f 1184/1622/1394 1143/1580/1353 1142/1579/1352 1183/1621/1393 
f 1185/1623/1395 1144/1581/1354 1143/1580/1353 1184/1622/1394 
f 1186/1624/1396 1145/1582/1355 1144/1581/1354 1185/1623/1395 
f 1187/1625/1397 1146/1583/1356 1145/1582/1355 1186/1624/1396 
f 1188/1626/1398 1147/1584/1357 1146/1583/1356 1187/1625/1397 
f 1189/1627/1399 1148/1585/1358 1147/1584/1357 1188/1626/1398 
f 1190/1628/1400 1149/1586/1359 1148/1585/1358 1189/1627/1399 
f 1191/1629/1401 1150/1587/1360 1149/1586/1359 1190/1628/1400 
f 1192/1630/1402 1151/1588/1361 1150/1587/1360 1191/1629/1401 
f 1193/1631/1403 1152/1589/1362 1151/1588/1361 1192/1630/1402 
f 1194/1632/1404 1153/1590/1363 1152/1589/1362 1193/1631/1403 
f 1195/1633/1405 1154/1591/1364 1153/1590/1363 1194/1632/1404 
f 1196/1634/1406 1155/1592/1365 1154/1591/1364 1195/1633/1405 
f 1197/1635/1407 1156/1593/1366 1155/1592/1365 1196/1634/1406 
f 1198/1636/1408 1157/1594/1367 1156/1593/1366 1197/1635/1407 
f 1199/1637/1409 1158/1595/1368 1157/1594/1367 1198/1636/1408 
f 1200/1638/1410 1159/1596/1369 1158/1595/1368 1199/1637/1409 
f 1201/1639/1411 1160/1597/1370 1159/1596/1369 1200/1638/1410 
f 1202/1640/1412 1161/1598/1371 1160/1597/1370 1201/1639/1411 
f 1203/1641/1413 1162/1599/1372 1161/1598/1371 1202/1640/1412 
f 1204/1642/1414 1163/1600/1373 1162/1599/1372 1203/1641/1413 
f 1165/1643/1375 1124/1601/1334 1163/1600/1373 1204/1642/1414 
f 1205/1644/1415 1164/1602/1374 1165/1603/1375 1206/1645/1416 
f 1207/1646/1417 1166/1604/1376 1164/1602/1374 1205/1644/1415 
f 1208/1647/1418 1167/1605/1377 1166/1604/1376 1207/1646/1417 
f 1209/1648/1419 1168/1606/1378 1167/1605/1377 1208/1647/1418 
f 1210/1649/1420 1169/1607/1379 1168/1606/1378 1209/1648/1419 
f 1211/1650/1421 1170/1608/1380 1169/1607/1379 1210/1649/1420 
f 1212/1651/1422 1171/1609/1381 1170/1608/1380 1211/1650/1421 
f 1213/1652/1423 1172/1610/1382 1171/1609/1381 1212/1651/1422 
f 1214/1653/1424 1173/1611/1383 1172/1610/1382 1213/1652/1423 
f 1215/1654/1425 1174/1612/1384 1173/1611/1383 1214/1653/1424 
f 1216/1655/1426 1175/1613/1385 1174/1612/1384 1215/1654/1425 
f 1217/1656/1427 1176/1614/1386 1175/1613/1385 1216/1655/1426 
f 1218/1657/1428 1177/1615/1387 1176/1614/1386 1217/1656/1427 
f 1219/1658/1429 1178/1616/1388 1177/1615/1387 1218/1657/1428 
f 1220/1659/1430 1179/1617/1389 1178/1616/1388 1219/1658/1429 
f 1221/1660/1431 1180/1618/1390 1179/1617/1389 1220/1659/1430 
f 1222/1661/1432 1181/1619/1391 1180/1618/1390 1221/1660/1431 
f 1223/1662/1433 1182/1620/1392 1181/1619/1391 1222/1661/1432 
f 1224/1663/1434 1183/1621/1393 1182/1620/1392 1223/1662/1433 
f 1225/1664/1435 1184/1622/1394 1183/1621/1393 1224/1663/1434 
f 1226/1665/1436 1185/1623/1395 1184/1622/1394 1225/1664/1435 
f 1227/1666/1437 1186/1624/1396 1185/1623/1395 1226/1665/1436 
f 1228/1667/1438 1187/1625/1397 1186/1624/1396 1227/1666/1437 
f 1229/1668/1439 1188/1626/1398 1187/1625/1397 1228/1667/1438 
f 1230/1669/1440 1189/1627/1399 1188/1626/1398 1229/1668/1439 
f 1231/1670/1441 1190/1628/1400 1189/1627/1399 1230/1669/1440 
f 1232/1671/1442 1191/1629/1401 1190/1628/1400 1231/1670/1441 
f 1233/1672/1443 1192/1630/1402 1191/1629/1401 1232/1671/1442 
f 1234/1673/1444 1193/1631/1403 1192/1630/1402 1233/1672/1443 
f 1235/1674/1445 1194/1632/1404 1193/1631/1403 1234/1673/1444 
f 1236/1675/1446 1195/1633/1405 1194/1632/1404 1235/1674/1445 
f 1237/1676/1447 1196/1634/1406 1195/1633/1405 1236/1675/1446 
f 1238/1677/1448 1197/1635/1407 1196/1634/1406 1237/1676/1447 
f 1239/1678/1449 1198/1636/1408 1197/1635/1407 1238/1677/1448 
f 1240/1679/1450 1199/1637/1409 1198/1636/1408 1239/1678/1449 
f 1241/1680/1451 1200/1638/1410 1199/1637/1409 1240/1679/1450 
f 1242/1681/1452 1201/1639/1411 1200/1638/1410 1241/1680/1451 
f 1243/1682/1453 1202/1640/1412 1201/1639/1411 1242/1681/1452 
f 1244/1683/1454 1203/1641/1413 1202/1640/1412 1243/1682/1453 
f 1245/1684/1455 1204/1642/1414 1203/1641/1413 1244/1683/1454 
f 1206/1685/1416 1165/1643/1375 1204/1642/1414 1245/1684/1455 
f 1246/1686/1456 1205/1644/1415 1206/1645/1416 1247/1687/1457 
f 1248/1688/1458 1207/1646/1417 1205/1644/1415 1246/1686/1456 
f 1249/1689/1459 1208/1647/1418 1207/1646/1417 1248/1688/1458 
f 1250/1690/1460 1209/1648/1419 1208/1647/1418 1249/1689/1459 
f 1251/1691/1461 1210/1649/1420 1209/1648/1419 1250/1690/1460 
f 1252/1692/1462 1211/1650/1421 1210/1649/1420 1251/1691/1461 
f 1253/1693/1463 1212/1651/1422 1211/1650/1421 1252/1692/1462 
f 1254/1694/1464 1213/1652/1423 1212/1651/1422 1253/1693/1463 
f 1255/1695/1465 1214/1653/1424 1213/1652/1423 1254/1694/1464 
f 1256/1696/1466 1215/1654/1425 1214/1653/1424 1255/1695/1465 
f 1257/1697/1467 1216/1655/1426 1215/1654/1425 1256/1696/1466 
f 1258/1698/1468 1217/1656/1427 1216/1655/1426 1257/1697/1467 
f 1259/1699/1469 1218/1657/1428 1217/1656/1427 1258/1698/1468 
f 1260/1700/1470 1219/1658/1429 1218/1657/1428 1259/1699/1469 
f 1261/1701/1471 1220/1659/1430 1219/1658/1429 1260/1700/1470 
f 1262/1702/1472 1221/1660/1431 1220/1659/1430 1261/1701/1471 
f 1263/1703/1473 1222/1661/1432 1221/1660/1431 1262/1702/1472 
f 1264/1704/1474 1223/1662/1433 1222/1661/1432 1263/1703/1473 
f 1265/1705/1475 1224/1663/1434 1223/1662/1433 1264/1704/1474 
f 1266/1706/1476 1225/1664/1435 1224/1663/1434 1265/1705/1475 
f 1267/1707/1477 1226/1665/1436 1225/1664/1435 1266/1706/1476 
f 1268/1708/1478 1227/1666/1437 1226/1665/1436 1267/1707/1477 
f 1269/1709/1479 1228/1667/1438 1227/1666/1437 1268/1708/1478 
f 1270/1710/1480 1229/1668/1439 1228/1667/1438 1269/1709/1479 
f 1271/1711/1481 1230/1669/1440 1229/1668/1439 1270/1710/1480 
f 1272/1712/1482 1231/1670/1441 1230/1669/1440 1271/1711/1481 
f 1273/1713/1483 1232/1671/1442 1231/1670/1441 1272/1712/1482 
f 1274/1714/1484 1233/1672/1443 1232/1671/1442 1273/1713/1483 
f 1275/1715/1485 1234/1673/1444 1233/1672/1443 1274/1714/1484 
f 1276/1716/1486 1235/1674/1445 1234/1673/1444 1275/1715/1485 
f 1277/1717/1487 1236/1675/1446 1235/1674/1445 1276/1716/1486 
f 1278/1718/1488 1237/1676/1447 1236/1675/1446 1277/1717/1487 
f 1279/1719/1489 1238/1677/1448 1237/1676/1447 1278/1718/1488 
f 1280/1720/1490 1239/1678/1449 1238/1677/1448 1279/1719/1489 
f 1281/1721/1491 1240/1679/1450 1239/1678/1449 1280/1720/1490 
f 1282/1722/1492 1241/1680/1451 1240/1679/1450 1281/1721/1491 
f 1283/1723/1493 1242/1681/1452 1241/1680/1451 1282/1722/1492 
f 1284/1724/1494 1243/1682/1453 1242/1681/1452 1283/1723/1493 
f 1285/1725/1495 1244/1683/1454 1243/1682/1453 1284/1724/1494 
f 1286/1726/1496 1245/1684/1455 1244/1683/1454 1285/1725/1495 
f 1247/1727/1457 1206/1685/1416 1245/1684/1455 1286/1726/1496 
f 1287/1728/1497 1246/1686/1456 1247/1687/1457 1288/1729/1498 
f 1289/1730/1499 1248/1688/1458 1246/1686/1456 1287/1728/1497 
f 1290/1731/1500 1249/1689/1459 1248/1688/1458 1289/1730/1499 
f 1291/1732/1501 1250/1690/1460 1249/1689/1459 1290/1731/1500 
f 1292/1733/1502 1251/1691/1461 1250/1690/1460 1291/1732/1501 
f 1293/1734/1503 1252/1692/1462 1251/1691/1461 1292/1733/1502 
f 1294/1735/1504 1253/1693/1463 1252/1692/1462 1293/1734/1503 
f 1295/1736/1505 1254/1694/1464 1253/1693/1463 1294/1735/1504 
f 1296/1737/1506 1255/1695/1465 1254/1694/1464 1295/1736/1505 
f 1297/1738/1507 1256/1696/1466 1255/1695/1465 1296/1737/1506 
f 1298/1739/1508 1257/1697/1467 1256/1696/1466 1297/1738/1507 
f 1299/1740/1509 1258/1698/1468 1257/1697/1467 1298/1739/1508 
f 1300/1741/1510 1259/1699/1469 1258/1698/1468 1299/1740/1509 
f 1301/1742/1511 1260/1700/1470 1259/1699/1469 1300/1741/1510 
f 1302/1743/1512 1261/1701/1471 1260/1700/1470 1301/1742/1511 
f 1303/1744/1513 1262/1702/1472 1261/1701/1471 1302/1743/1512 
f 1304/1745/1514 1263/1703/1473 1262/1702/1472 1303/1744/1513 
f 1305/1746/1515 1264/1704/1474 1263/1703/1473 1304/1745/1514 
f 1306/1747/1516 1265/1705/1475 1264/1704/1474 1305/1746/1515 
f 1307/1748/1517 1266/1706/1476 1265/1705/1475 1306/1747/1516 
f 1308/1749/1518 1267/1707/1477 1266/1706/1476 1307/1748/1517 
f 1309/1750/1519 1268/1708/1478 1267/1707/1477 1308/1749/1518 
f 1310/1751/1520 1269/1709/1479 1268/1708/1478 1309/1750/1519 
f 1311/1752/1521 1270/1710/1480 1269/1709/1479 1310/1751/1520 
f 1312/1753/1522 1271/1711/1481 1270/1710/1480 1311/1752/1521 
f 1313/1754/1523 1272/1712/1482 1271/1711/1481 1312/1753/1522 
f 1314/1755/1524 1273/1713/1483 1272/1712/1482 1313/1754/1523 
f 1315/1756/1525 1274/1714/1484 1273/1713/1483 1314/1755/1524 
f 1316/1757/1526 1275/1715/1485 1274/1714/1484 1315/1756/1525 
f 1317/1758/1527 1276/1716/1486 1275/1715/1485 1316/1757/1526 
f 1318/1759/1528 1277/1717/1487 1276/1716/1486 1317/1758/1527 
f 1319/1760/1529 1278/1718/1488 1277/1717/1487 1318/1759/1528 
f 1320/1761/1530 1279/1719/1489 1278/1718/1488 1319/1760/1529 
f 1321/1762/1531 1280/1720/1490 1279/1719/1489 1320/1761/1530 
f 1322/1763/1532 1281/1721/1491 1280/1720/1490 1321/1762/1531 
f 1323/1764/1533 1282/1722/1492 1281/1721/1491 1322/1763/1532 
f 1324/1765/1534 1283/1723/1493 1282/1722/1492 1323/1764/1533 
f 1325/1766/1535 1284/1724/1494 1283/1723/1493 1324/1765/1534 
f 1326/1767/1536 1285/1725/1495 1284/1724/1494 1325/1766/1535 
f 1327/1768/1537 1286/1726/1496 1285/1725/1495 1326/1767/1536 
f 1288/1769/1498 1247/1727/1457 1286/1726/1496 1327/1768/1537 
f 1328/1770/1538 1287/1728/1497 1288/1729/1498 1329/1771/1539 
f 1330/1772/1540 1289/1730/1499 1287/1728/1497 1328/1770/1538 
f 1331/1773/1541 1290/1731/1500 1289/1730/1499 1330/1772/1540 
f 1332/1774/1542 1291/1732/1501 1290/1731/1500 1331/1773/1541 
f 1333/1775/1543 1292/1733/1502 1291/1732/1501 1332/1774/1542 
f 1334/1776/1544 1293/1734/1503 1292/1733/1502 1333/1775/1543 
f 1335/1777/1545 1294/1735/1504 1293/1734/1503 1334/1776/1544 
f 1336/1778/1546 1295/1736/1505 1294/1735/1504 1335/1777/1545 
f 1337/1779/1547 1296/1737/1506 1295/1736/1505 1336/1778/1546 
f 1338/1780/1548 1297/1738/1507 1296/1737/1506 1337/1779/1547 
f 1339/1781/1549 1298/1739/1508 1297/1738/1507 1338/1780/1548 
f 1340/1782/1550 1299/1740/1509 1298/1739/1508 1339/1781/1549 
f 1341/1783/1551 1300/1741/1510 1299/1740/1509 1340/1782/1550 
f 1342/1784/1552 1301/1742/1511 1300/1741/1510 1341/1783/1551 
f 1343/1785/1553 1302/1743/1512 1301/1742/1511 1342/1784/1552 
f 1344/1786/1554 1303/1744/1513 1302/1743/1512 1343/1785/1553 
f 1345/1787/1555 1304/1745/1514 1303/1744/1513 1344/1786/1554 
f 1346/1788/1556 1305/1746/1515 1304/1745/1514 1345/1787/1555 
f 1347/1789/1557 1306/1747/1516 1305/1746/1515 1346/1788/1556 
f 1348/1790/1558 1307/1748/1517 1306/1747/1516 1347/1789/1557 
f 1349/1791/1559 1308/1749/1518 1307/1748/1517 1348/1790/1558 
f 1350/1792/1560 1309/1750/1519 1308/1749/1518 1349/1791/1559 
f 1351/1793/1561 1310/1751/1520 1309/1750/1519 1350/1792/1560 
f 1352/1794/1562 1311/1752/1521 1310/1751/1520 1351/1793/1561 
f 1353/1795/1563 1312/1753/1522 1311/1752/1521 1352/1794/1562 
f 1354/1796/1564 1313/1754/1523 1312/1753/1522 1353/1795/1563 
f 1355/1797/1565 1314/1755/1524 1313/1754/1523 1354/1796/1564 
f 1356/1798/1566 1315/1756/1525 1314/1755/1524 1355/1797/1565 
f 1357/1799/1567 1316/1757/1526 1315/1756/1525 1356/1798/1566 
f 1358/1800/1568 1317/1758/1527 1316/1757/1526 1357/1799/1567 
f 1359/1801/1569 1318/1759/1528 1317/1758/1527 1358/1800/1568 
f 1360/1802/1570 1319/1760/1529 1318/1759/1528 1359/1801/1569 
f 1361/1803/1571 1320/1761/1530 1319/1760/1529 1360/1802/1570 
f 1362/1804/1572 1321/1762/1531 1320/1761/1530 1361/1803/1571 
f 1363/1805/1573 1322/1763/1532 1321/1762/1531 1362/1804/1572 
f 1364/1806/1574 1323/1764/1533 1322/1763/1532 1363/1805/1573 
f 1365/1807/1575 1324/1765/1534 1323/1764/1533 1364/1806/1574 
f 1366/1808/1576 1325/1766/1535 1324/1765/1534 1365/1807/1575 
f 1367/1809/1577 1326/1767/1536 1325/1766/1535 1366/1808/1576 
f 1368/1810/1578 1327/1768/1537 1326/1767/1536 1367/1809/1577 
f 1329/1811/1539 1288/1769/1498 1327/1768/1537 1368/1810/1578 
f 1369/1812/1579 1328/1770/1538 1329/1771/1539 1370/1813/1580 
f 1371/1814/1581 1330/1772/1540 1328/1770/1538 1369/1812/1579 
f 1372/1815/1582 1331/1773/1541 1330/1772/1540 1371/1814/1581 
f 1373/1816/1583 1332/1774/1542 1331/1773/1541 1372/1815/1582 
f 1374/1817/1584 1333/1775/1543 1332/1774/1542 1373/1816/1583 
f 1375/1818/1585 1334/1776/1544 1333/1775/1543 1374/1817/1584 
f 1376/1819/1586 1335/1777/1545 1334/1776/1544 1375/1818/1585 
f 1377/1820/1587 1336/1778/1546 1335/1777/1545 1376/1819/1586 
f 1378/1821/1588 1337/1779/1547 1336/1778/1546 1377/1820/1587 
f 1379/1822/1589 1338/1780/1548 1337/1779/1547 1378/1821/1588 
f 1380/1823/1590 1339/1781/1549 1338/1780/1548 1379/1822/1589 
f 1381/1824/1591 1340/1782/1550 1339/1781/1549 1380/1823/1590 
f 1382/1825/1592 1341/1783/1551 1340/1782/1550 1381/1824/1591 
f 1383/1826/1593 1342/1784/1552 1341/1783/1551 1382/1825/1592 
f 1384/1827/1594 1343/1785/1553 1342/1784/1552 1383/1826/1593 
f 1385/1828/1595 1344/1786/1554 1343/1785/1553 1384/1827/1594 
f 1386/1829/1596 1345/1787/1555 1344/1786/1554 1385/1828/1595 
f 1387/1830/1597 1346/1788/1556 1345/1787/1555 1386/1829/1596 
f 1388/1831/1598 1347/1789/1557 1346/1788/1556 1387/1830/1597 
f 1389/1832/1599 1348/1790/1558 1347/1789/1557 1388/1831/1598 
f 1390/1833/1600 1349/1791/1559 1348/1790/1558 1389/1832/1599 
f 1391/1834/1601 1350/1792/1560 1349/1791/1559 1390/1833/1600 
f 1392/1835/1602 1351/1793/1561 1350/1792/1560 1391/1834/1601 
f 1393/1836/1603 1352/1794/1562 1351/1793/1561 1392/1835/1602 
f 1394/1837/1604 1353/1795/1563 1352/1794/1562 1393/1836/1603 
f 1395/1838/1605 1354/1796/1564 1353/1795/1563 1394/1837/1604 
f 1396/1839/1606 1355/1797/1565 1354/1796/1564 1395/1838/1605 
f 1397/1840/1607 1356/1798/1566 1355/1797/1565 1396/1839/1606 
f 1398/1841/1608 1357/1799/1567 1356/1798/1566 1397/1840/1607 
f 1399/1842/1609 1358/1800/1568 1357/1799/1567 1398/1841/1608 
f 1400/1843/1610 1359/1801/1569 1358/1800/1568 1399/1842/1609 
f 1401/1844/1611 1360/1802/1570 1359/1801/1569 1400/1843/1610 
f 1402/1845/1612 1361/1803/1571 1360/1802/1570 1401/1844/1611 
f 1403/1846/1613 1362/1804/1572 1361/1803/1571 1402/1845/1612 
f 1404/1847/1614 1363/1805/1573 1362/1804/1572 1403/1846/1613 
f 1405/1848/1615 1364/1806/1574 1363/1805/1573 1404/1847/1614 
f 1406/1849/1616 1365/1807/1575 1364/1806/1574 1405/1848/1615 
f 1407/1850/1617 1366/1808/1576 1365/1807/1575 1406/1849/1616 
f 1408/1851/1618 1367/1809/1577 1366/1808/1576 1407/1850/1617 
f 1409/1852/1619 1368/1810/1578 1367/1809/1577 1408/1851/1618 
f 1370/1853/1580 1329/1811/1539 1368/1810/1578 1409/1852/1619 
f 1410/1854/1620 1369/1812/1579 1370/1813/1580 1411/1855/1621 
f 1412/1856/1622 1371/1814/1581 1369/1812/1579 1410/1854/1620 
f 1413/1857/1623 1372/1815/1582 1371/1814/1581 1412/1856/1622 
f 1414/1858/1624 1373/1816/1583 1372/1815/1582 1413/1857/1623 
f 1415/1859/1625 1374/1817/1584 1373/1816/1583 1414/1858/1624 
f 1416/1860/1626 1375/1818/1585 1374/1817/1584 1415/1859/1625 
f 1417/1861/1627 1376/1819/1586 1375/1818/1585 1416/1860/1626 
f 1418/1862/1628 1377/1820/1587 1376/1819/1586 1417/1861/1627 
f 1419/1863/1629 1378/1821/1588 1377/1820/1587 1418/1862/1628 
f 1420/1864/1630 1379/1822/1589 1378/1821/1588 1419/1863/1629 
f 1421/1865/1631 1380/1823/1590 1379/1822/1589 1420/1864/1630 
f 1422/1866/1632 1381/1824/1591 1380/1823/1590 1421/1865/1631 
f 1423/1867/1633 1382/1825/1592 1381/1824/1591 1422/1866/1632 
f 1424/1868/1634 1383/1826/1593 1382/1825/1592 1423/1867/1633 
f 1425/1869/1635 1384/1827/1594 1383/1826/1593 1424/1868/1634 
f 1426/1870/1636 1385/1828/1595 1384/1827/1594 1425/1869/1635 
f 1427/1871/1637 1386/1829/1596 1385/1828/1595 1426/1870/1636 
f 1428/1872/1638 1387/1830/1597 1386/1829/1596 1427/1871/1637 
f 1429/1873/1639 1388/1831/1598 1387/1830/1597 1428/1872/1638 
f 1430/1874/1640 1389/1832/1599 1388/1831/1598 1429/1873/1639 
f 1431/1875/1641 1390/1833/1600 1389/1832/1599 1430/1874/1640 
f 1432/1876/1642 1391/1834/1601 1390/1833/1600 1431/1875/1641 
f 1433/1877/1643 1392/1835/1602 1391/1834/1601 1432/1876/1642 
f 1434/1878/1644 1393/1836/1603 1392/1835/1602 1433/1877/1643 
f 1435/1879/1645 1394/1837/1604 1393/1836/1603 1434/1878/1644 
f 1436/1880/1646 1395/1838/1605 1394/1837/1604 1435/1879/1645 
f 1437/1881/1647 1396/1839/1606 1395/1838/1605 1436/1880/1646 
f 1438/1882/1648 1397/1840/1607 1396/1839/1606 1437/1881/1647 
f 1439/1883/1649 1398/1841/1608 1397/1840/1607 1438/1882/1648 
f 1440/1884/1650 1399/1842/1609 1398/1841/1608 1439/1883/1649 
f 1441/1885/1651 1400/1843/1610 1399/1842/1609 1440/1884/1650 
f 1442/1886/1652 1401/1844/1611 1400/1843/1610 1441/1885/1651 
f 1443/1887/1653 1402/1845/1612 1401/1844/1611 1442/1886/1652 
f 1444/1888/1654 1403/1846/1613 1402/1845/1612 1443/1887/1653 
f 1445/1889/1655 1404/1847/1614 1403/1846/1613 1444/1888/1654 
f 1446/1890/1656 1405/1848/1615 1404/1847/1614 1445/1889/1655 
f 1447/1891/1657 1406/1849/1616 1405/1848/1615 1446/1890/1656 
f 1448/1892/1658 1407/1850/1617 1406/1849/1616 1447/1891/1657 
f 1449/1893/1659 1408/1851/1618 1407/1850/1617 1448/1892/1658 
f 1450/1894/1660 1409/1852/1619 1408/1851/1618 1449/1893/1659 
f 1411/1895/1621 1370/1853/1580 1409/1852/1619 1450/1894/1660 
f 1451/1896/1661 1410/1854/1620 1411/1855/1621 1452/1897/1662 
f 1453/1898/1663 1412/1856/1622 1410/1854/1620 1451/1896/1661 
f 1454/1899/1664 1413/1857/1623 1412/1856/1622 1453/1898/1663 
f 1455/1900/1665 1414/1858/1624 1413/1857/1623 1454/1899/1664 
f 1456/1901/1666 1415/1859/1625 1414/1858/1624 1455/1900/1665 
f 1457/1902/1667 1416/1860/1626 1415/1859/1625 1456/1901/1666 
f 1458/1903/1668 1417/1861/1627 1416/1860/1626 1457/1902/1667 
f 1459/1904/1669 1418/1862/1628 1417/1861/1627 1458/1903/1668 
f 1460/1905/1670 1419/1863/1629 1418/1862/1628 1459/1904/1669 
f 1461/1906/1671 1420/1864/1630 1419/1863/1629 1460/1905/1670 
f 1462/1907/1672 1421/1865/1631 1420/1864/1630 1461/1906/1671 
f 1463/1908/1673 1422/1866/1632 1421/1865/1631 1462/1907/1672 
f 1464/1909/1674 1423/1867/1633 1422/1866/1632 1463/1908/1673 
f 1465/1910/1675 1424/1868/1634 1423/1867/1633 1464/1909/1674 
f 1466/1911/1676 1425/1869/1635 1424/1868/1634 1465/1910/1675 
f 1467/1912/1677 1426/1870/1636 1425/1869/1635 1466/1911/1676 
f 1468/1913/1678 1427/1871/1637 1426/1870/1636 1467/1912/1677 
f 1469/1914/1679 1428/1872/1638 1427/1871/1637 1468/1913/1678 
f 1470/1915/1680 1429/1873/1639 1428/1872/1638 1469/1914/1679 
f 1471/1916/1681 1430/1874/1640 1429/1873/1639 1470/1915/1680 
f 1472/1917/1682 1431/1875/1641 1430/1874/1640 1471/1916/1681 
f 1473/1918/1683 1432/1876/1642 1431/1875/1641 1472/1917/1682 
f 1474/1919/1684 1433/1877/1643 1432/1876/1642 1473/1918/1683 
f 1475/1920/1685 1434/1878/1644 1433/1877/1643 1474/1919/1684 
f 1476/1921/1686 1435/1879/1645 1434/1878/1644 1475/1920/1685 
f 1477/1922/1687 1436/1880/1646 1435/1879/1645 1476/1921/1686 
f 1478/1923/1688 1437/1881/1647 1436/1880/1646 1477/1922/1687 
f 1479/1924/1689 1438/1882/1648 1437/1881/1647 1478/1923/1688 
f 1480/1925/1690 1439/1883/1649 1438/1882/1648 1479/1924/1689 
f 1481/1926/1691 1440/1884/1650 1439/1883/1649 1480/1925/1690 
f 1482/1927/1692 1441/1885/1651 1440/1884/1650 1481/1926/1691 
f 1483/1928/1693 1442/1886/1652 1441/1885/1651 1482/1927/1692 
f 1484/1929/1694 1443/1887/1653 1442/1886/1652 1483/1928/1693 
f 1485/1930/1695 1444/1888/1654 1443/1887/1653 1484/1929/1694 
f 1486/1931/1696 1445/1889/1655 1444/1888/1654 1485/1930/1695 
f 1487/1932/1697 1446/1890/1656 1445/1889/1655 1486/1931/1696 
f 1488/1933/1698 1447/1891/1657 1446/1890/1656 1487/1932/1697 
f 1489/1934/1699 1448/1892/1658 1447/1891/1657 1488/1933/1698 
f 1490/1935/1700 1449/1893/1659 1448/1892/1658 1489/1934/1699 
f 1491/1936/1701 1450/1894/1660 1449/1893/1659 1490/1935/1700 
f 1452/1937/1662 1411/1895/1621 1450/1894/1660 1491/1936/1701 
f 1492/1938/1702 1451/1896/1661 1452/1897/1662 1493/1939/1703 
f 1494/1940/1704 1453/1898/1663 1451/1896/1661 1492/1938/1702 
f 1495/1941/1705 1454/1899/1664 1453/1898/1663 1494/1940/1704 
f 1496/1942/1706 1455/1900/1665 1454/1899/1664 1495/1941/1705 
f 1497/1943/1707 1456/1901/1666 1455/1900/1665 1496/1942/1706 
f 1498/1944/1708 1457/1902/1667 1456/1901/1666 1497/1943/1707 
f 1499/1945/1709 1458/1903/1668 1457/1902/1667 1498/1944/1708 
f 1500/1946/1710 1459/1904/1669 1458/1903/1668 1499/1945/1709 
f 1501/1947/1711 1460/1905/1670 1459/1904/1669 1500/1946/1710 
f 1502/1948/1712 1461/1906/1671 1460/1905/1670 1501/1947/1711 
f 1503/1949/1713 1462/1907/1672 1461/1906/1671 1502/1948/1712 
f 1504/1950/1714 1463/1908/1673 1462/1907/1672 1503/1949/1713 
f 1505/1951/1715 1464/1909/1674 1463/1908/1673 1504/1950/1714 
f 1506/1952/1716 1465/1910/1675 1464/1909/1674 1505/1951/1715 
f 1507/1953/1717 1466/1911/1676 1465/1910/1675 1506/1952/1716 
f 1508/1954/1718 1467/1912/1677 1466/1911/1676 1507/1953/1717 
f 1509/1955/1719 1468/1913/1678 1467/1912/1677 1508/1954/1718 
f 1510/1956/1720 1469/1914/1679 1468/1913/1678 1509/1955/1719 
f 1511/1957/1721 1470/1915/1680 1469/1914/1679 1510/1956/1720 
f 1512/1958/1722 1471/1916/1681 1470/1915/1680 1511/1957/1721 
f 1513/1959/1723 1472/1917/1682 1471/1916/1681 1512/1958/1722 
f 1514/1960/1724 1473/1918/1683 1472/1917/1682 1513/1959/1723 
f 1515/1961/1725 1474/1919/1684 1473/1918/1683 1514/1960/1724 
f 1516/1962/1726 1475/1920/1685 1474/1919/1684 1515/1961/1725 
f 1517/1963/1727 1476/1921/1686 1475/1920/1685 1516/1962/1726 
f 1518/1964/1728 1477/1922/1687 1476/1921/1686 1517/1963/1727 
f 1519/1965/1729 1478/1923/1688 1477/1922/1687 1518/1964/1728 
f 1520/1966/1730 1479/1924/1689 1478/1923/1688 1519/1965/1729 
f 1521/1967/1731 1480/1925/1690 1479/1924/1689 1520/1966/1730 
f 1522/1968/1732 1481/1926/1691 1480/1925/1690 1521/1967/1731 
f 1523/1969/1733 1482/1927/1692 1481/1926/1691 1522/1968/1732 
f 1524/1970/1734 1483/1928/1693 1482/1927/1692 1523/1969/1733 
f 1525/1971/1735 1484/1929/1694 1483/1928/1693 1524/1970/1734 
f 1526/1972/1736 1485/1930/1695 1484/1929/1694 1525/1971/1735 
f 1527/1973/1737 1486/1931/1696 1485/1930/1695 1526/1972/1736 
f 1528/1974/1738 1487/1932/1697 1486/1931/1696 1527/1973/1737 
f 1529/1975/1739 1488/1933/1698 1487/1932/1697 1528/1974/1738 
f 1530/1976/1740 1489/1934/1699 1488/1933/1698 1529/1975/1739 
f 1531/1977/1741 1490/1935/1700 1489/1934/1699 1530/1976/1740 
f 1532/1978/1742 1491/1936/1701 1490/1935/1700 1531/1977/1741 
f 1493/1979/1703 1452/1937/1662 1491/1936/1701 1532/1978/1742 
f 1533/1980/1743 1492/1938/1702 1493/1939/1703 1534/1981/1744 
f 1535/1982/1745 1494/1940/1704 1492/1938/1702 1533/1980/1743 
f 1536/1983/1746 1495/1941/1705 1494/1940/1704 1535/1982/1745 
f 1537/1984/1747 1496/1942/1706 1495/1941/1705 1536/1983/1746 
f 1538/1985/1748 1497/1943/1707 1496/1942/1706 1537/1984/1747 
f 1539/1986/1749 1498/1944/1708 1497/1943/1707 1538/1985/1748 
f 1540/1987/1750 1499/1945/1709 1498/1944/1708 1539/1986/1749 
f 1541/1988/1751 1500/1946/1710 1499/1945/1709 1540/1987/1750 
f 1542/1989/1752 1501/1947/1711 1500/1946/1710 1541/1988/1751 
f 1543/1990/1753 1502/1948/1712 1501/1947/1711 1542/1989/1752 
f 1544/1991/1754 1503/1949/1713 1502/1948/1712 1543/1990/1753 
f 1545/1992/1755 1504/1950/1714 1503/1949/1713 1544/1991/1754 
f 1546/1993/1756 1505/1951/1715 1504/1950/1714 1545/1992/1755 
f 1547/1994/1757 1506/1952/1716 1505/1951/1715 1546/1993/1756 
f 1548/1995/1758 1507/1953/1717 1506/1952/1716 1547/1994/1757 
f 1549/1996/1759 1508/1954/1718 1507/1953/1717 1548/1995/1758 
f 1550/1997/1760 1509/1955/1719 1508/1954/1718 1549/1996/1759 
f 1551/1998/1761 1510/1956/1720 1509/1955/1719 1550/1997/1760 
f 1552/1999/1762 1511/1957/1721 1510/1956/1720 1551/1998/1761 
f 1553/2000/1763 1512/1958/1722 1511/1957/1721 1552/1999/1762 
f 1554/2001/1764 1513/1959/1723 1512/1958/1722 1553/2000/1763 
f 1555/2002/1765 1514/1960/1724 1513/1959/1723 1554/2001/1764 
f 1556/2003/1766 1515/1961/1725 1514/1960/1724 1555/2002/1765 
f 1557/2004/1767 1516/1962/1726 1515/1961/1725 1556/2003/1766 
f 1558/2005/1768 1517/1963/1727 1516/1962/1726 1557/2004/1767 
f 1559/2006/1769 1518/1964/1728 1517/1963/1727 1558/2005/1768 
f 1560/2007/1770 1519/1965/1729 1518/1964/1728 1559/2006/1769 
f 1561/2008/1771 1520/1966/1730 1519/1965/1729 1560/2007/1770 
f 1562/2009/1772 1521/1967/1731 1520/1966/1730 1561/2008/1771 
f 1563/2010/1773 1522/1968/1732 1521/1967/1731 1562/2009/1772 
f 1564/2011/1774 1523/1969/1733 1522/1968/1732 1563/2010/1773 
f 1565/2012/1775 1524/1970/1734 1523/1969/1733 1564/2011/1774 
f 1566/2013/1776 1525/1971/1735 1524/1970/1734 1565/2012/1775 
f 1567/2014/1777 1526/1972/1736 1525/1971/1735 1566/2013/1776 
f 1568/2015/1778 1527/1973/1737 1526/1972/1736 1567/2014/1777 
f 1569/2016/1779 1528/1974/1738 1527/1973/1737 1568/2015/1778 
f 1570/2017/1780 1529/1975/1739 1528/1974/1738 1569/2016/1779 
f 1571/2018/1781 1530/1976/1740 1529/1975/1739 1570/2017/1780 
f 1572/2019/1782 1531/1977/1741 1530/1976/1740 1571/2018/1781 
f 1573/2020/1783 1532/1978/1742 1531/1977/1741 1572/2019/1782 
f 1534/2021/1744 1493/1979/1703 1532/1978/1742 1573/2020/1783 
f 1574/2022/1784 1533/1980/1743 1534/1981/1744 1575/2023/1785 
f 1576/2024/1786 1535/1982/1745 1533/1980/1743 1574/2022/1784 
f 1577/2025/1787 1536/1983/1746 1535/1982/1745 1576/2024/1786 
f 1578/2026/1788 1537/1984/1747 1536/1983/1746 1577/2025/1787 
f 1579/2027/1789 1538/1985/1748 1537/1984/1747 1578/2026/1788 
f 1580/2028/1790 1539/1986/1749 1538/1985/1748 1579/2027/1789 
f 1581/2029/1791 1540/1987/1750 1539/1986/1749 1580/2028/1790 
f 1582/2030/1792 1541/1988/1751 1540/1987/1750 1581/2029/1791 
f 1583/2031/1793 1542/1989/1752 1541/1988/1751 1582/2030/1792 
f 1584/2032/1794 1543/1990/1753 1542/1989/1752 1583/2031/1793 
f 1585/2033/1795 1544/1991/1754 1543/1990/1753 1584/2032/1794 
f 1586/2034/1796 1545/1992/1755 1544/1991/1754 1585/2033/1795 
f 1587/2035/1797 1546/1993/1756 1545/1992/1755 1586/2034/1796 
f 1588/2036/1798 1547/1994/1757 1546/1993/1756 1587/2035/1797 
f 1589/2037/1799 1548/1995/1758 1547/1994/1757 1588/2036/1798 
f 1590/2038/1800 1549/1996/1759 1548/1995/1758 1589/2037/1799 
f 1591/2039/1801 1550/1997/1760 1549/1996/1759 1590/2038/1800 
f 1592/2040/1802 1551/1998/1761 1550/1997/1760 1591/2039/1801 
f 1593/2041/1803 1552/1999/1762 1551/1998/1761 1592/2040/1802 
f 1594/2042/1804 1553/2000/1763 1552/1999/1762 1593/2041/1803 
f 1595/2043/1805 1554/2001/1764 1553/2000/1763 1594/2042/1804 
f 1596/2044/1806 1555/2002/1765 1554/2001/1764 1595/2043/1805 
f 1597/2045/1807 1556/2003/1766 1555/2002/1765 1596/2044/1806 
f 1598/2046/1808 1557/2004/1767 1556/2003/1766 1597/2045/1807 
f 1599/2047/1809 1558/2005/1768 1557/2004/1767 1598/2046/1808 
f 1600/2048/1810 1559/2006/1769 1558/2005/1768 1599/2047/1809 
f 1601/2049/1811 1560/2007/1770 1559/2006/1769 1600/2048/1810 
f 1602/2050/1812 1561/2008/1771 1560/2007/1770 1601/2049/1811 
f 1603/2051/1813 1562/2009/1772 1561/2008/1771 1602/2050/1812 
f 1604/2052/1814 1563/2010/1773 1562/2009/1772 1603/2051/1813 
f 1605/2053/1815 1564/2011/1774 1563/2010/1773 1604/2052/1814 
f 1606/2054/1816 1565/2012/1775 1564/2011/1774 1605/2053/1815 
f 1607/2055/1817 1566/2013/1776 1565/2012/1775 1606/2054/1816 
f 1608/2056/1818 1567/2014/1777 1566/2013/1776 1607/2055/1817 
f 1609/2057/1819 1568/2015/1778 1567/2014/1777 1608/2056/1818 
f 1610/2058/1820 1569/2016/1779 1568/2015/1778 1609/2057/1819 
f 1611/2059/1821 1570/2017/1780 1569/2016/1779 1610/2058/1820 
f 1612/2060/1822 1571/2018/1781 1570/2017/1780 1611/2059/1821 
f 1613/2061/1823 1572/2019/1782 1571/2018/1781 1612/2060/1822 
f 1614/2062/1824 1573/2020/1783 1572/2019/1782 1613/2061/1823 
f 1575/2063/1785 1534/2021/1744 1573/2020/1783 1614/2062/1824 
f 1615/2064/1825 1574/2022/1784 1575/2023/1785 1616/2065/1826 
f 1617/2066/1827 1576/2024/1786 1574/2022/1784 1615/2064/1825 
f 1618/2067/1828 1577/2025/1787 1576/2024/1786 1617/2066/1827 
f 1619/2068/1829 1578/2026/1788 1577/2025/1787 1618/2067/1828 
f 1620/2069/1830 1579/2027/1789 1578/2026/1788 1619/2068/1829 
f 1621/2070/1831 1580/2028/1790 1579/2027/1789 1620/2069/1830 
f 1622/2071/1832 1581/2029/1791 1580/2028/1790 1621/2070/1831 
f 1623/2072/1833 1582/2030/1792 1581/2029/1791 1622/2071/1832 
f 1624/2073/1834 1583/2031/1793 1582/2030/1792 1623/2072/1833 
f 1625/2074/1835 1584/2032/1794 1583/2031/1793 1624/2073/1834 
f 1626/2075/1836 1585/2033/1795 1584/2032/1794 1625/2074/1835 
f 1627/2076/1837 1586/2034/1796 1585/2033/1795 1626/2075/1836 
f 1628/2077/1838 1587/2035/1797 1586/2034/1796 1627/2076/1837 
f 1629/2078/1839 1588/2036/1798 1587/2035/1797 1628/2077/1838 
f 1630/2079/1840 1589/2037/1799 1588/2036/1798 1629/2078/1839 
f 1631/2080/1841 1590/2038/1800 1589/2037/1799 1630/2079/1840 
f 1632/2081/1842 1591/2039/1801 1590/2038/1800 1631/2080/1841 
f 1633/2082/1843 1592/2040/1802 1591/2039/1801 1632/2081/1842 
f 1634/2083/1844 1593/2041/1803 1592/2040/1802 1633/2082/1843 
f 1635/2084/1845 1594/2042/1804 1593/2041/1803 1634/2083/1844 
f 1636/2085/1846 1595/2043/1805 1594/2042/1804 1635/2084/1845 
f 1637/2086/1847 1596/2044/1806 1595/2043/1805 1636/2085/1846 
f 1638/2087/1848 1597/2045/1807 1596/2044/1806 1637/2086/1847 
f 1639/2088/1849 1598/2046/1808 1597/2045/1807 1638/2087/1848 
f 1640/2089/1850 1599/2047/1809 1598/2046/1808 1639/2088/1849 
f 1641/2090/1851 1600/2048/1810 1599/2047/1809 1640/2089/1850 
f 1641/2091/1852 1601/2049/1811 1600/2048/1810 
f 1642/2092/1853 1602/2050/1812 1601/2049/1811 1641/2091/1852 
f 1643/2093/1854 1603/2051/1813 1602/2050/1812 1642/2092/1853 
f 1644/2094/1855 1604/2052/1814 1603/2051/1813 1643/2093/1854 
f 1645/2095/1856 1605/2053/1815 1604/2052/1814 1644/2094/1855 
f 1646/2096/1857 1606/2054/1816 1605/2053/1815 1645/2095/1856 
f 1647/2097/1858 1607/2055/1817 1606/2054/1816 1646/2096/1857 
f 1648/2098/1859 1608/2056/1818 1607/2055/1817 1647/2097/1858 
f 1649/2099/1860 1609/2057/1819 1608/2056/1818 1648/2098/1859 
f 1650/2100/1861 1610/2058/1820 1609/2057/1819 1649/2099/1860 
f 1650/2101/1862 1611/2059/1821 1610/2058/1820 
f 1651/2102/1863 1612/2060/1822 1611/2059/1821 1650/2101/1862 
f 1652/2103/1864 1613/2061/1823 1612/2060/1822 1651/2102/1863 
f 1653/2104/1865 1614/2062/1824 1613/2061/1823 1652/2103/1864 
f 1616/2105/1826 1575/2063/1785 1614/2062/1824 1653/2104/1865 
f 1654/2106/1866 1615/2064/1825 1616/2065/1826 1655/2107/1867 
f 1654/2108/1868 1617/2066/1827 1615/2064/1825 
f 1656/2109/1869 1618/2067/1828 1617/2066/1827 1654/2108/1868 
f 1657/2110/1870 1619/2068/1829 1618/2067/1828 1656/2109/1869 
f 1658/2111/1871 1620/2069/1830 1619/2068/1829 1657/2110/1870 
f 1659/2112/1872 1621/2070/1831 1620/2069/1830 1658/2111/1871 
f 1660/2113/1873 1622/2071/1832 1621/2070/1831 1659/2112/1872 
f 1661/2114/1874 1623/2072/1833 1622/2071/1832 1660/2113/1873 
f 1661/2115/1875 1624/2073/1834 1623/2072/1833 
f 1662/2116/1876 1625/2074/1835 1624/2073/1834 1661/2115/1875 
f 1662/2117/1877 1626/2075/1836 1625/2074/1835 
f 1663/2118/1878 1627/2076/1837 1626/2075/1836 1662/2117/1877 
f 1664/2119/1879 1628/2077/1838 1627/2076/1837 1663/2118/1878 
f 1664/2120/1880 1629/2078/1839 1628/2077/1838 
f 1665/2121/1881 1630/2079/1840 1629/2078/1839 1664/2120/1880 
f 1665/2122/1882 1631/2080/1841 1630/2079/1840 
f 1666/2123/1883 1632/2081/1842 1631/2080/1841 1665/2122/1882 
f 1667/2124/1884 1633/2082/1843 1632/2081/1842 1666/2123/1883 
f 1668/2125/1885 1634/2083/1844 1633/2082/1843 1667/2124/1884 
f 1669/2126/1886 1635/2084/1845 1634/2083/1844 1668/2125/1885 
f 1669/2127/1887 1636/2085/1846 1635/2084/1845 
f 1670/2128/1888 1637/2086/1847 1636/2085/1846 1669/2127/1887 
f 1670/2129/1889 1638/2087/1848 1637/2086/1847 
f 1671/2130/1890 1639/2088/1849 1638/2087/1848 1670/2129/1889 
f 1671/2131/1891 1640/2089/1850 1639/2088/1849 
f 1672/2132/1892 1641/2090/1851 1640/2089/1850 1671/2131/1891 
f 1673/2133/1893 1642/2092/1853 1641/2091/1852 
f 1674/2134/1894 1643/2093/1854 1642/2092/1853 1673/2133/1893 
f 1675/2135/1895 1644/2094/1855 1643/2093/1854 1674/2134/1894 
f 1675/2136/1896 1645/2095/1856 1644/2094/1855 
f 1676/2137/1897 1646/2096/1857 1645/2095/1856 1675/2136/1896 
f 1676/2138/1898 1647/2097/1858 1646/2096/1857 
f 1677/2139/1899 1648/2098/1859 1647/2097/1858 1676/2138/1898 
f 1677/2140/1900 1649/2099/1860 1648/2098/1859 
f 1678/2141/1901 1650/2100/1861 1649/2099/1860 1677/2140/1900 
f 1679/2142/1902 1651/2102/1863 1650/2101/1862 1680/2143/1903 
f 1681/2144/1904 1652/2103/1864 1651/2102/1863 1679/2142/1902 
f 1655/2145/1905 1653/2104/1865 1652/2103/1864 1681/2144/1904 
f 1655/2146/1867 1616/2105/1826 1653/2104/1865 
f 1682/2147/93 1654/2106/1866 1655/2107/1867 
f 1682/2148/93 1656/2109/1869 1654/2108/1868 
f 1682/2149/93 1657/2110/1870 1656/2109/1869 
f 1682/2150/93 1658/2111/1871 1657/2110/1870 
f 1682/2151/93 1659/2112/1872 1658/2111/1871 
f 1682/2152/93 1660/2113/1873 1659/2112/1872 
f 1682/2153/93 1661/2114/1874 1660/2113/1873 
f 1682/2154/93 1662/2116/1876 1661/2115/1875 
f 1682/2155/93 1663/2118/1878 1662/2117/1877 
f 1682/2156/93 1664/2119/1879 1663/2118/1878 
f 1682/2157/93 1665/2121/1881 1664/2120/1880 
f 1682/2158/93 1666/2123/1883 1665/2122/1882 
f 1682/2159/93 1667/2124/1884 1666/2123/1883 
f 1682/2160/93 1668/2125/1885 1667/2124/1884 
f 1682/2161/93 1669/2126/1886 1668/2125/1885 
f 1682/2162/93 1670/2128/1888 1669/2127/1887 
f 1682/2163/93 1671/2130/1890 1670/2129/1889 
f 1682/2164/93 1672/2132/1892 1671/2131/1891 
f 1682/2165/93 1673/2166/1906 1672/2132/1892 
f 1682/2167/93 1674/2134/1894 1673/2133/1893 
f 1682/2168/93 1675/2135/1895 1674/2134/1894 
f 1682/2169/93 1676/2137/1897 1675/2136/1896 
f 1682/2170/93 1677/2139/1899 1676/2138/1898 
f 1682/2171/93 1678/2141/1901 1677/2140/1900 
f 1682/2172/93 1680/2143/1903 1678/2141/1901 
f 1682/2173/93 1679/2142/1902 1680/2143/1903 
f 1682/2174/93 1681/2144/1904 1679/2142/1902 
f 1682/2175/93 1655/2145/1905 1681/2144/1904 
f 1683/1334/632 1684/2176/1907 1685/2177/1908 
f 1683/2178/632 1685/2177/1908 1686/2179/1909 
f 1683/2180/632 1686/2179/1909 1687/2181/1910 
f 1683/2182/632 1687/2181/1910 1688/2183/1911 
f 1683/2184/632 1688/2183/1911 1689/2185/1912 
f 1683/2186/632 1689/2185/1912 1690/2187/1913 
f 1683/2188/632 1690/2187/1913 1691/2189/1914 
f 1683/2190/632 1691/2189/1914 1692/2191/1915 
f 1683/2192/632 1692/2191/1915 1693/2193/1916 
f 1683/2194/632 1693/2193/1916 1694/2195/1917 
f 1683/2196/632 1694/2195/1917 1695/2197/1918 
f 1683/2198/632 1695/2197/1918 1696/2199/1919 
f 1683/2200/632 1696/2199/1919 1697/2201/1920 
f 1683/2202/632 1697/2201/1920 1698/2203/1921 
f 1683/2204/632 1698/2203/1921 1699/2205/1922 
f 1683/2206/632 1699/2205/1922 1700/2207/1923 
f 1683/2208/632 1700/2207/1923 1701/2209/1924 
f 1683/2210/632 1701/2209/1924 1702/2211/1925 
f 1683/2212/632 1702/2211/1925 1703/2213/1926 
f 1683/2214/632 1703/2213/1926 1704/2215/1927 
f 1683/2216/632 1704/2215/1927 1705/2217/1928 
f 1683/2218/632 1705/2217/1928 1706/2219/1929 
f 1683/2220/632 1706/2219/1929 1707/2221/1930 
f 1683/2222/632 1707/2221/1930 1708/2223/1931 
f 1683/2224/632 1708/2223/1931 1709/2225/1932 
f 1683/2226/632 1709/2225/1932 1710/2227/1933 
f 1683/2228/632 1710/2227/1933 1711/2229/1934 
f 1683/2230/632 1711/2229/1934 1712/2231/1935 
f 1683/2232/632 1712/2231/1935 1713/2233/1936 
f 1683/2234/632 1713/2233/1936 1714/2235/1937 
f 1683/2236/632 1714/2235/1937 1715/2237/1938 
f 1683/2238/632 1715/2237/1938 1684/2239/1907 
f 1716/2240/1939 1685/2177/1908 1684/2176/1907 1717/2241/1940 
f 1718/2242/1941 1686/2179/1909 1685/2177/1908 1716/2240/1939 
f 1719/2243/1942 1687/2181/1910 1686/2179/1909 1718/2242/1941 
f 1720/2244/1943 1688/2183/1911 1687/2181/1910 1719/2243/1942 
f 1721/2245/1944 1689/2185/1912 1688/2183/1911 1720/2244/1943 
f 1722/2246/1945 1690/2187/1913 1689/2185/1912 1721/2245/1944 
f 1723/2247/1946 1691/2189/1914 1690/2187/1913 1722/2246/1945 
f 1724/2248/1947 1692/2191/1915 1691/2189/1914 1723/2247/1946 
f 1725/2249/1948 1693/2193/1916 1692/2191/1915 1724/2248/1947 
f 1726/2250/1949 1694/2195/1917 1693/2193/1916 1725/2249/1948 
f 1727/2251/1950 1695/2197/1918 1694/2195/1917 1726/2250/1949 
f 1728/2252/1951 1696/2199/1919 1695/2197/1918 1727/2251/1950 
f 1729/2253/1952 1697/2201/1920 1696/2199/1919 1728/2252/1951 
f 1730/2254/1953 1698/2203/1921 1697/2201/1920 1729/2253/1952 
f 1731/2255/1954 1699/2205/1922 1698/2203/1921 1730/2254/1953 
f 1732/2256/1955 1700/2207/1923 1699/2205/1922 1731/2255/1954 
f 1733/2257/1956 1701/2209/1924 1700/2207/1923 1732/2256/1955 
f 1734/2258/1957 1702/2211/1925 1701/2209/1924 1733/2257/1956 
f 1735/2259/1958 1703/2213/1926 1702/2211/1925 1734/2258/1957 
f 1736/2260/1959 1704/2215/1927 1703/2213/1926 1735/2259/1958 
f 1737/2261/1960 1705/2217/1928 1704/2215/1927 1736/2260/1959 
f 1738/2262/1961 1706/2219/1929 1705/2217/1928 1737/2261/1960 
f 1739/2263/1962 1707/2221/1930 1706/2219/1929 1738/2262/1961 
f 1740/2264/1963 1708/2223/1931 1707/2221/1930 1739/2263/1962 
f 1741/2265/1964 1709/2225/1932 1708/2223/1931 1740/2264/1963 
f 1742/2266/1965 1710/2227/1933 1709/2225/1932 1741/2265/1964 
f 1743/2267/1966 1711/2229/1934 1710/2227/1933 1742/2266/1965 
f 1744/2268/1967 1712/2231/1935 1711/2229/1934 1743/2267/1966 
f 1745/2269/1968 1713/2233/1936 1712/2231/1935 1744/2268/1967 
f 1746/2270/1969 1714/2235/1937 1713/2233/1936 1745/2269/1968 
f 1747/2271/1970 1715/2237/1938 1714/2235/1937 1746/2270/1969 
f 1717/2272/1940 1684/2239/1907 1715/2237/1938 1747/2271/1970 
f 1748/2273/1971 1716/2240/1939 1717/2241/1940 1749/2274/1972 
f 1750/2275/1973 1718/2242/1941 1716/2240/1939 1748/2273/1971 
f 1751/2276/1974 1719/2243/1942 1718/2242/1941 1750/2275/1973 
f 1752/2277/1975 1720/2244/1943 1719/2243/1942 1751/2276/1974 
f 1753/2278/1976 1721/2245/1944 1720/2244/1943 1752/2277/1975 
f 1754/2279/1977 1722/2246/1945 1721/2245/1944 1753/2278/1976 
f 1755/2280/1978 1723/2247/1946 1722/2246/1945 1754/2279/1977 
f 1756/2281/1979 1724/2248/1947 1723/2247/1946 1755/2280/1978 
f 1757/2282/1980 1725/2249/1948 1724/2248/1947 1756/2281/1979 
f 1758/2283/1981 1726/2250/1949 1725/2249/1948 1757/2282/1980 
f 1759/2284/1982 1727/2251/1950 1726/2250/1949 1758/2283/1981 
f 1760/2285/1983 1728/2252/1951 1727/2251/1950 1759/2284/1982 
f 1761/2286/1984 1729/2253/1952 1728/2252/1951 1760/2285/1983 
f 1762/2287/1985 1730/2254/1953 1729/2253/1952 1761/2286/1984 
f 1763/2288/1986 1731/2255/1954 1730/2254/1953 1762/2287/1985 
f 1764/2289/1987 1732/2256/1955 1731/2255/1954 1763/2288/1986 
f 1765/2290/1988 1733/2257/1956 1732/2256/1955 1764/2289/1987 
f 1766/2291/1989 1734/2258/1957 1733/2257/1956 1765/2290/1988 
f 1767/2292/1990 1735/2259/1958 1734/2258/1957 1766/2291/1989 
f 1768/2293/1991 1736/2260/1959 1735/2259/1958 1767/2292/1990 
f 1769/2294/1992 1737/2261/1960 1736/2260/1959 1768/2293/1991 
f 1770/2295/1993 1738/2262/1961 1737/2261/1960 1769/2294/1992 
f 1771/2296/1994 1739/2263/1962 1738/2262/1961 1770/2295/1993 
f 1772/2297/1995 1740/2264/1963 1739/2263/1962 1771/2296/1994 
f 1773/2298/1996 1741/2265/1964 1740/2264/1963 1772/2297/1995 
f 1774/2299/1997 1742/2266/1965 1741/2265/1964 1773/2298/1996 
f 1775/2300/1998 1743/2267/1966 1742/2266/1965 1774/2299/1997 
f 1776/2301/1999 1744/2268/1967 1743/2267/1966 1775/2300/1998 
f 1777/2302/2000 1745/2269/1968 1744/2268/1967 1776/2301/1999 
f 1778/2303/2001 1746/2270/1969 1745/2269/1968 1777/2302/2000 
f 1779/2304/2002 1747/2271/1970 1746/2270/1969 1778/2303/2001 
f 1749/2305/1972 1717/2272/1940 1747/2271/1970 1779/2304/2002 
f 1780/2306/2003 1748/2273/1971 1749/2274/1972 1781/2307/2004 
f 1782/2308/2005 1750/2275/1973 1748/2273/1971 1780/2306/2003 
f 1783/2309/2006 1751/2276/1974 1750/2275/1973 1782/2308/2005 
f 1784/2310/2007 1752/2277/1975 1751/2276/1974 1783/2309/2006 
f 1785/2311/2008 1753/2278/1976 1752/2277/1975 1784/2310/2007 
f 1786/2312/2009 1754/2279/1977 1753/2278/1976 1785/2311/2008 
f 1787/2313/2010 1755/2280/1978 1754/2279/1977 1786/2312/2009 
f 1788/2314/2011 1756/2281/1979 1755/2280/1978 1787/2313/2010 
f 1789/2315/2012 1757/2282/1980 1756/2281/1979 1788/2314/2011 
f 1790/2316/2013 1758/2283/1981 1757/2282/1980 1789/2315/2012 
f 1791/2317/2014 1759/2284/1982 1758/2283/1981 1790/2316/2013 
f 1792/2318/2015 1760/2285/1983 1759/2284/1982 1791/2317/2014 
f 1793/2319/2016 1761/2286/1984 1760/2285/1983 1792/2318/2015 
f 1794/2320/2017 1762/2287/1985 1761/2286/1984 1793/2319/2016 
f 1795/2321/2018 1763/2288/1986 1762/2287/1985 1794/2320/2017 
f 1796/2322/2019 1764/2289/1987 1763/2288/1986 1795/2321/2018 
f 1797/2323/2020 1765/2290/1988 1764/2289/1987 1796/2322/2019 
f 1798/2324/2021 1766/2291/1989 1765/2290/1988 1797/2323/2020 
f 1799/2325/2022 1767/2292/1990 1766/2291/1989 1798/2324/2021 
f 1800/2326/2023 1768/2293/1991 1767/2292/1990 1799/2325/2022 
f 1801/2327/2024 1769/2294/1992 1768/2293/1991 1800/2326/2023 
f 1802/2328/2025 1770/2295/1993 1769/2294/1992 1801/2327/2024 
f 1803/2329/2026 1771/2296/1994 1770/2295/1993 1802/2328/2025 
f 1804/2330/2027 1772/2297/1995 1771/2296/1994 1803/2329/2026 
f 1805/2331/2028 1773/2298/1996 1772/2297/1995 1804/2330/2027 
f 1806/2332/2029 1774/2299/1997 1773/2298/1996 1805/2331/2028 
f 1807/2333/2030 1775/2300/1998 1774/2299/1997 1806/2332/2029 
f 1808/2334/2031 1776/2301/1999 1775/2300/1998 1807/2333/2030 
f 1809/2335/2032 1777/2302/2000 1776/2301/1999 1808/2334/2031 
f 1810/2336/2033 1778/2303/2001 1777/2302/2000 1809/2335/2032 
f 1811/2337/2034 1779/2304/2002 1778/2303/2001 1810/2336/2033 
f 1781/2338/2004 1749/2305/1972 1779/2304/2002 1811/2337/2034 
f 1812/2339/2035 1780/2306/2003 1781/2307/2004 1813/2340/2036 
f 1814/2341/2037 1782/2308/2005 1780/2306/2003 1812/2339/2035 
f 1815/2342/2038 1783/2309/2006 1782/2308/2005 1814/2341/2037 
f 1816/2343/2039 1784/2310/2007 1783/2309/2006 1815/2342/2038 
f 1817/2344/2040 1785/2311/2008 1784/2310/2007 1816/2343/2039 
f 1818/2345/2041 1786/2312/2009 1785/2311/2008 1817/2344/2040 
f 1819/2346/2042 1787/2313/2010 1786/2312/2009 1818/2345/2041 
f 1820/2347/2043 1788/2314/2011 1787/2313/2010 1819/2346/2042 
f 1821/2348/2044 1789/2315/2012 1788/2314/2011 1820/2347/2043 
f 1822/2349/2045 1790/2316/2013 1789/2315/2012 1821/2348/2044 
f 1823/2350/2046 1791/2317/2014 1790/2316/2013 1822/2349/2045 
f 1824/2351/2047 1792/2318/2015 1791/2317/2014 1823/2350/2046 
f 1825/2352/2048 1793/2319/2016 1792/2318/2015 1824/2351/2047 
f 1826/2353/2049 1794/2320/2017 1793/2319/2016 1825/2352/2048 
f 1827/2354/2050 1795/2321/2018 1794/2320/2017 1826/2353/2049 
f 1828/2355/2051 1796/2322/2019 1795/2321/2018 1827/2354/2050 
f 1829/2356/2052 1797/2323/2020 1796/2322/2019 1828/2355/2051 
f 1830/2357/2053 1798/2324/2021 1797/2323/2020 1829/2356/2052 
f 1831/2358/2054 1799/2325/2022 1798/2324/2021 1830/2357/2053 
f 1832/2359/2055 1800/2326/2023 1799/2325/2022 1831/2358/2054 
f 1833/2360/2056 1801/2327/2024 1800/2326/2023 1832/2359/2055 
f 1834/2361/2057 1802/2328/2025 1801/2327/2024 1833/2360/2056 
f 1835/2362/2058 1803/2329/2026 1802/2328/2025 1834/2361/2057 
f 1836/2363/2059 1804/2330/2027 1803/2329/2026 1835/2362/2058 
f 1837/2364/2060 1805/2331/2028 1804/2330/2027 1836/2363/2059 
f 1838/2365/2061 1806/2332/2029 1805/2331/2028 1837/2364/2060 
f 1839/2366/2062 1807/2333/2030 1806/2332/2029 1838/2365/2061 
f 1840/2367/2063 1808/2334/2031 1807/2333/2030 1839/2366/2062 
f 1841/2368/2064 1809/2335/2032 1808/2334/2031 1840/2367/2063 
f 1842/2369/2065 1810/2336/2033 1809/2335/2032 1841/2368/2064 
f 1843/2370/2066 1811/2337/2034 1810/2336/2033 1842/2369/2065 
f 1813/2371/2036 1781/2338/2004 1811/2337/2034 1843/2370/2066 
f 1844/2372/2067 1812/2339/2035 1813/2340/2036 1845/2373/2068 
f 1846/2374/2069 1814/2341/2037 1812/2339/2035 1844/2372/2067 
f 1847/2375/2070 1815/2342/2038 1814/2341/2037 1846/2374/2069 
f 1848/2376/2071 1816/2343/2039 1815/2342/2038 1847/2375/2070 
f 1849/2377/2072 1817/2344/2040 1816/2343/2039 1848/2376/2071 
f 1850/2378/2073 1818/2345/2041 1817/2344/2040 1849/2377/2072 
f 1851/2379/2074 1819/2346/2042 1818/2345/2041 1850/2378/2073 
f 1852/2380/2075 1820/2347/2043 1819/2346/2042 1851/2379/2074 
f 1853/2381/2076 1821/2348/2044 1820/2347/2043 1852/2380/2075 
f 1854/2382/2077 1822/2349/2045 1821/2348/2044 1853/2381/2076 
f 1855/2383/2078 1823/2350/2046 1822/2349/2045 1854/2382/2077 
f 1856/2384/2079 1824/2351/2047 1823/2350/2046 1855/2383/2078 
f 1857/2385/2080 1825/2352/2048 1824/2351/2047 1856/2384/2079 
f 1858/2386/2081 1826/2353/2049 1825/2352/2048 1857/2385/2080 
f 1859/2387/2082 1827/2354/2050 1826/2353/2049 1858/2386/2081 
f 1860/2388/2083 1828/2355/2051 1827/2354/2050 1859/2387/2082 
f 1861/2389/2084 1829/2356/2052 1828/2355/2051 1860/2388/2083 
f 1862/2390/2085 1830/2357/2053 1829/2356/2052 1861/2389/2084 
f 1863/2391/2086 1831/2358/2054 1830/2357/2053 1862/2390/2085 
f 1864/2392/2087 1832/2359/2055 1831/2358/2054 1863/2391/2086 
f 1865/2393/2088 1833/2360/2056 1832/2359/2055 1864/2392/2087 
f 1866/2394/2089 1834/2361/2057 1833/2360/2056 1865/2393/2088 
f 1867/2395/2090 1835/2362/2058 1834/2361/2057 1866/2394/2089 
f 1868/2396/2091 1836/2363/2059 1835/2362/2058 1867/2395/2090 
f 1869/2397/2092 1837/2364/2060 1836/2363/2059 1868/2396/2091 
f 1870/2398/2093 1838/2365/2061 1837/2364/2060 1869/2397/2092 
f 1871/2399/2094 1839/2366/2062 1838/2365/2061 1870/2398/2093 
f 1872/2400/2095 1840/2367/2063 1839/2366/2062 1871/2399/2094 
f 1873/2401/2096 1841/2368/2064 1840/2367/2063 1872/2400/2095 
f 1874/2402/2097 1842/2369/2065 1841/2368/2064 1873/2401/2096 
f 1875/2403/2098 1843/2370/2066 1842/2369/2065 1874/2402/2097 
f 1845/2404/2068 1813/2371/2036 1843/2370/2066 1875/2403/2098 
f 1876/2405/2099 1844/2372/2067 1845/2373/2068 1877/2406/2100 
f 1878/2407/2101 1846/2374/2069 1844/2372/2067 1876/2405/2099 
f 1879/2408/2102 1847/2375/2070 1846/2374/2069 1878/2407/2101 
f 1880/2409/2103 1848/2376/2071 1847/2375/2070 1879/2408/2102 
f 1881/2410/2104 1849/2377/2072 1848/2376/2071 1880/2409/2103 
f 1882/2411/2105 1850/2378/2073 1849/2377/2072 1881/2410/2104 
f 1883/2412/2106 1851/2379/2074 1850/2378/2073 1882/2411/2105 
f 1884/2413/2107 1852/2380/2075 1851/2379/2074 1883/2412/2106 
f 1885/2414/2108 1853/2381/2076 1852/2380/2075 1884/2413/2107 
f 1886/2415/2109 1854/2382/2077 1853/2381/2076 1885/2414/2108 
f 1887/2416/2110 1855/2383/2078 1854/2382/2077 1886/2415/2109 
f 1888/2417/2111 1856/2384/2079 1855/2383/2078 1887/2416/2110 
f 1889/2418/2112 1857/2385/2080 1856/2384/2079 1888/2417/2111 
f 1890/2419/2113 1858/2386/2081 1857/2385/2080 1889/2418/2112 
f 1891/2420/2114 1859/2387/2082 1858/2386/2081 1890/2419/2113 
f 1892/2421/2115 1860/2388/2083 1859/2387/2082 1891/2420/2114 
f 1893/2422/2116 1861/2389/2084 1860/2388/2083 1892/2421/2115 
f 1894/2423/2117 1862/2390/2085 1861/2389/2084 1893/2422/2116 
f 1895/2424/2118 1863/2391/2086 1862/2390/2085 1894/2423/2117 
f 1896/2425/2119 1864/2392/2087 1863/2391/2086 1895/2424/2118 
f 1897/2426/2120 1865/2393/2088 1864/2392/2087 1896/2425/2119 
f 1898/2427/2121 1866/2394/2089 1865/2393/2088 1897/2426/2120 
f 1899/2428/2122 1867/2395/2090 1866/2394/2089 1898/2427/2121 
f 1900/2429/2123 1868/2396/2091 1867/2395/2090 1899/2428/2122 
f 1901/2430/2124 1869/2397/2092 1868/2396/2091 1900/2429/2123 
f 1902/2431/2125 1870/2398/2093 1869/2397/2092 1901/2430/2124 
f 1903/2432/2126 1871/2399/2094 1870/2398/2093 1902/2431/2125 
f 1904/2433/2127 1872/2400/2095 1871/2399/2094 1903/2432/2126 
f 1905/2434/2128 1873/2401/2096 1872/2400/2095 1904/2433/2127 
f 1906/2435/2129 1874/2402/2097 1873/2401/2096 1905/2434/2128 
f 1907/2436/2130 1875/2403/2098 1874/2402/2097 1906/2435/2129 
f 1877/2437/2100 1845/2404/2068 1875/2403/2098 1907/2436/2130 
f 1908/2438/2131 1876/2405/2099 1877/2406/2100 1909/2439/2132 
f 1910/2440/2133 1878/2407/2101 1876/2405/2099 1908/2438/2131 
f 1911/2441/2134 1879/2408/2102 1878/2407/2101 1910/2440/2133 
f 1912/2442/2135 1880/2409/2103 1879/2408/2102 1911/2441/2134 
f 1913/2443/2136 1881/2410/2104 1880/2409/2103 1912/2442/2135 
f 1914/2444/2137 1882/2411/2105 1881/2410/2104 1913/2443/2136 
f 1915/2445/2138 1883/2412/2106 1882/2411/2105 1914/2444/2137 
f 1916/2446/637 1884/2413/2107 1883/2412/2106 1915/2445/2138 
f 1917/2447/2139 1885/2414/2108 1884/2413/2107 1916/2446/637 
f 1918/2448/2140 1886/2415/2109 1885/2414/2108 1917/2447/2139 
f 1919/2449/2141 1887/2416/2110 1886/2415/2109 1918/2448/2140 
f 1920/2450/2142 1888/2417/2111 1887/2416/2110 1919/2449/2141 
f 1921/2451/2143 1889/2418/2112 1888/2417/2111 1920/2450/2142 
f 1922/2452/2144 1890/2419/2113 1889/2418/2112 1921/2451/2143 
f 1923/2453/2145 1891/2420/2114 1890/2419/2113 1922/2452/2144 
f 1924/2454/697 1892/2421/2115 1891/2420/2114 1923/2453/2145 
f 1925/2455/2146 1893/2422/2116 1892/2421/2115 1924/2454/697 
f 1926/2456/2147 1894/2423/2117 1893/2422/2116 1925/2455/2146 
f 1927/2457/2148 1895/2424/2118 1894/2423/2117 1926/2456/2147 
f 1928/2458/2149 1896/2425/2119 1895/2424/2118 1927/2457/2148 
f 1929/2459/2150 1897/2426/2120 1896/2425/2119 1928/2458/2149 
f 1930/2460/2151 1898/2427/2121 1897/2426/2120 1929/2459/2150 
f 1931/2461/2152 1899/2428/2122 1898/2427/2121 1930/2460/2151 
f 1932/2462/2153 1900/2429/2123 1899/2428/2122 1931/2461/2152 
f 1933/2463/2154 1901/2430/2124 1900/2429/2123 1932/2462/2153 
f 1934/2464/2155 1902/2431/2125 1901/2430/2124 1933/2463/2154 
f 1935/2465/2156 1903/2432/2126 1902/2431/2125 1934/2464/2155 
f 1936/2466/2157 1904/2433/2127 1903/2432/2126 1935/2465/2156 
f 1937/2467/2158 1905/2434/2128 1904/2433/2127 1936/2466/2157 
f 1938/2468/2159 1906/2435/2129 1905/2434/2128 1937/2467/2158 
f 1939/2469/2160 1907/2436/2130 1906/2435/2129 1938/2468/2159 
f 1909/2470/2132 1877/2437/2100 1907/2436/2130 1939/2469/2160 
f 1940/2471/2161 1908/2438/2131 1909/2439/2132 1941/2472/2162 
f 1942/2473/2163 1910/2440/2133 1908/2438/2131 1940/2471/2161 
f 1943/2474/2164 1911/2441/2134 1910/2440/2133 1942/2473/2163 
f 1944/2475/2165 1912/2442/2135 1911/2441/2134 1943/2474/2164 
f 1945/2476/2166 1913/2443/2136 1912/2442/2135 1944/2475/2165 
f 1946/2477/2167 1914/2444/2137 1913/2443/2136 1945/2476/2166 
f 1947/2478/2168 1915/2445/2138 1914/2444/2137 1946/2477/2167 
f 1948/2479/2169 1916/2446/637 1915/2445/2138 1947/2478/2168 
f 1949/2480/2170 1917/2447/2139 1916/2446/637 1948/2479/2169 
f 1950/2481/2171 1918/2448/2140 1917/2447/2139 1949/2480/2170 
f 1951/2482/2172 1919/2449/2141 1918/2448/2140 1950/2481/2171 
f 1952/2483/2173 1920/2450/2142 1919/2449/2141 1951/2482/2172 
f 1953/2484/2174 1921/2451/2143 1920/2450/2142 1952/2483/2173 
f 1954/2485/2175 1922/2452/2144 1921/2451/2143 1953/2484/2174 
f 1955/2486/2176 1923/2453/2145 1922/2452/2144 1954/2485/2175 
f 1956/2487/2177 1924/2454/697 1923/2453/2145 1955/2486/2176 
f 1957/2488/2178 1925/2455/2146 1924/2454/697 1956/2487/2177 
f 1958/2489/2179 1926/2456/2147 1925/2455/2146 1957/2488/2178 
f 1959/2490/2180 1927/2457/2148 1926/2456/2147 1958/2489/2179 
f 1960/2491/2181 1928/2458/2149 1927/2457/2148 1959/2490/2180 
f 1961/2492/2182 1929/2459/2150 1928/2458/2149 1960/2491/2181 
f 1962/2493/2183 1930/2460/2151 1929/2459/2150 1961/2492/2182 
f 1963/2494/2184 1931/2461/2152 1930/2460/2151 1962/2493/2183 
f 1964/2495/2185 1932/2462/2153 1931/2461/2152 1963/2494/2184 
f 1965/2496/2186 1933/2463/2154 1932/2462/2153 1964/2495/2185 
f 1966/2497/2187 1934/2464/2155 1933/2463/2154 1965/2496/2186 
f 1967/2498/2188 1935/2465/2156 1934/2464/2155 1966/2497/2187 
f 1968/2499/2189 1936/2466/2157 1935/2465/2156 1967/2498/2188 
f 1969/2500/2190 1937/2467/2158 1936/2466/2157 1968/2499/2189 
f 1970/2501/2191 1938/2468/2159 1937/2467/2158 1969/2500/2190 
f 1971/2502/2192 1939/2469/2160 1938/2468/2159 1970/2501/2191 
f 1941/2503/2162 1909/2470/2132 1939/2469/2160 1971/2502/2192 
f 1972/2504/2193 1940/2471/2161 1941/2472/2162 1973/2505/2194 
f 1974/2506/2195 1942/2473/2163 1940/2471/2161 1972/2504/2193 
f 1975/2507/2196 1943/2474/2164 1942/2473/2163 1974/2506/2195 
f 1976/2508/2197 1944/2475/2165 1943/2474/2164 1975/2507/2196 
f 1977/2509/2198 1945/2476/2166 1944/2475/2165 1976/2508/2197 
f 1978/2510/2199 1946/2477/2167 1945/2476/2166 1977/2509/2198 
f 1979/2511/2200 1947/2478/2168 1946/2477/2167 1978/2510/2199 
f 1980/2512/2201 1948/2479/2169 1947/2478/2168 1979/2511/2200 
f 1981/2513/2202 1949/2480/2170 1948/2479/2169 1980/2512/2201 
f 1982/2514/2203 1950/2481/2171 1949/2480/2170 1981/2513/2202 
f 1983/2515/2204 1951/2482/2172 1950/2481/2171 1982/2514/2203 
f 1984/2516/2205 1952/2483/2173 1951/2482/2172 1983/2515/2204 
f 1985/2517/2206 1953/2484/2174 1952/2483/2173 1984/2516/2205 
f 1986/2518/2207 1954/2485/2175 1953/2484/2174 1985/2517/2206 
f 1987/2519/2208 1955/2486/2176 1954/2485/2175 1986/2518/2207 
f 1988/2520/2209 1956/2487/2177 1955/2486/2176 1987/2519/2208 
f 1989/2521/2210 1957/2488/2178 1956/2487/2177 1988/2520/2209 
f 1990/2522/2211 1958/2489/2179 1957/2488/2178 1989/2521/2210 
f 1991/2523/2212 1959/2490/2180 1958/2489/2179 1990/2522/2211 
f 1992/2524/2213 1960/2491/2181 1959/2490/2180 1991/2523/2212 
f 1993/2525/2214 1961/2492/2182 1960/2491/2181 1992/2524/2213 
f 1994/2526/2215 1962/2493/2183 1961/2492/2182 1993/2525/2214 
f 1995/2527/2216 1963/2494/2184 1962/2493/2183 1994/2526/2215 
f 1996/2528/2217 1964/2495/2185 1963/2494/2184 1995/2527/2216 
f 1997/2529/2218 1965/2496/2186 1964/2495/2185 1996/2528/2217 
f 1998/2530/2219 1966/2497/2187 1965/2496/2186 1997/2529/2218 
f 1999/2531/2220 1967/2498/2188 1966/2497/2187 1998/2530/2219 
f 2000/2532/2221 1968/2499/2189 1967/2498/2188 1999/2531/2220 
f 2001/2533/2222 1969/2500/2190 1968/2499/2189 2000/2532/2221 
f 2002/2534/2223 1970/2501/2191 1969/2500/2190 2001/2533/2222 
f 2003/2535/2224 1971/2502/2192 1970/2501/2191 2002/2534/2223 
f 1973/2536/2194 1941/2503/2162 1971/2502/2192 2003/2535/2224 
f 2004/2537/2225 1972/2504/2193 1973/2505/2194 2005/2538/2226 
f 2006/2539/2227 1974/2506/2195 1972/2504/2193 2004/2537/2225 
f 2007/2540/2228 1975/2507/2196 1974/2506/2195 2006/2539/2227 
f 2008/2541/2229 1976/2508/2197 1975/2507/2196 2007/2540/2228 
f 2009/2542/2230 1977/2509/2198 1976/2508/2197 2008/2541/2229 
f 2010/2543/2231 1978/2510/2199 1977/2509/2198 2009/2542/2230 
f 2011/2544/2232 1979/2511/2200 1978/2510/2199 2010/2543/2231 
f 2012/2545/2233 1980/2512/2201 1979/2511/2200 2011/2544/2232 
f 2013/2546/2234 1981/2513/2202 1980/2512/2201 2012/2545/2233 
f 2014/2547/2235 1982/2514/2203 1981/2513/2202 2013/2546/2234 
f 2015/2548/2236 1983/2515/2204 1982/2514/2203 2014/2547/2235 
f 2016/2549/2237 1984/2516/2205 1983/2515/2204 2015/2548/2236 
f 2017/2550/2238 1985/2517/2206 1984/2516/2205 2016/2549/2237 
f 2018/2551/2239 1986/2518/2207 1985/2517/2206 2017/2550/2238 
f 2019/2552/2240 1987/2519/2208 1986/2518/2207 2018/2551/2239 
f 2020/2553/2241 1988/2520/2209 1987/2519/2208 2019/2552/2240 
f 2021/2554/2242 1989/2521/2210 1988/2520/2209 2020/2553/2241 
f 2022/2555/2243 1990/2522/2211 1989/2521/2210 2021/2554/2242 
f 2023/2556/2244 1991/2523/2212 1990/2522/2211 2022/2555/2243 
f 2024/2557/2245 1992/2524/2213 1991/2523/2212 2023/2556/2244 
f 2025/2558/2246 1993/2525/2214 1992/2524/2213 2024/2557/2245 
f 2026/2559/2247 1994/2526/2215 1993/2525/2214 2025/2558/2246 
f 2027/2560/2248 1995/2527/2216 1994/2526/2215 2026/2559/2247 
f 2028/2561/2249 1996/2528/2217 1995/2527/2216 2027/2560/2248 
f 2029/2562/2250 1997/2529/2218 1996/2528/2217 2028/2561/2249 
f 2030/2563/2251 1998/2530/2219 1997/2529/2218 2029/2562/2250 
f 2031/2564/2252 1999/2531/2220 1998/2530/2219 2030/2563/2251 
f 2032/2565/2253 2000/2532/2221 1999/2531/2220 2031/2564/2252 
f 2033/2566/2254 2001/2533/2222 2000/2532/2221 2032/2565/2253 
f 2034/2567/2255 2002/2534/2223 2001/2533/2222 2033/2566/2254 
f 2035/2568/2256 2003/2535/2224 2002/2534/2223 2034/2567/2255 
f 2005/2569/2226 1973/2536/2194 2003/2535/2224 2035/2568/2256 
f 2036/2570/2257 2004/2537/2225 2005/2538/2226 2037/2571/2258 
f 2038/2572/2259 2006/2539/2227 2004/2537/2225 2036/2570/2257 
f 2039/2573/2260 2007/2540/2228 2006/2539/2227 2038/2572/2259 
f 2040/2574/2261 2008/2541/2229 2007/2540/2228 2039/2573/2260 
f 2041/2575/2262 2009/2542/2230 2008/2541/2229 2040/2574/2261 
f 2042/2576/2263 2010/2543/2231 2009/2542/2230 2041/2575/2262 
f 2043/2577/2264 2011/2544/2232 2010/2543/2231 2042/2576/2263 
f 2044/2578/2265 2012/2545/2233 2011/2544/2232 2043/2577/2264 
f 2045/2579/2266 2013/2546/2234 2012/2545/2233 2044/2578/2265 
f 2046/2580/2267 2014/2547/2235 2013/2546/2234 2045/2579/2266 
f 2047/2581/2268 2015/2548/2236 2014/2547/2235 2046/2580/2267 
f 2048/2582/2269 2016/2549/2237 2015/2548/2236 2047/2581/2268 
f 2049/2583/2270 2017/2550/2238 2016/2549/2237 2048/2582/2269 
f 2050/2584/2271 2018/2551/2239 2017/2550/2238 2049/2583/2270 
f 2051/2585/2272 2019/2552/2240 2018/2551/2239 2050/2584/2271 
f 2052/2586/2273 2020/2553/2241 2019/2552/2240 2051/2585/2272 
f 2053/2587/2274 2021/2554/2242 2020/2553/2241 2052/2586/2273 
f 2054/2588/2275 2022/2555/2243 2021/2554/2242 2053/2587/2274 
f 2055/2589/2276 2023/2556/2244 2022/2555/2243 2054/2588/2275 
f 2056/2590/2277 2024/2557/2245 2023/2556/2244 2055/2589/2276 
f 2057/2591/2278 2025/2558/2246 2024/2557/2245 2056/2590/2277 
f 2058/2592/2279 2026/2559/2247 2025/2558/2246 2057/2591/2278 
f 2059/2593/2280 2027/2560/2248 2026/2559/2247 2058/2592/2279 
f 2060/2594/2281 2028/2561/2249 2027/2560/2248 2059/2593/2280 
f 2061/2595/2282 2029/2562/2250 2028/2561/2249 2060/2594/2281 
f 2062/2596/2283 2030/2563/2251 2029/2562/2250 2061/2595/2282 
f 2063/2597/2284 2031/2564/2252 2030/2563/2251 2062/2596/2283 
f 2064/2598/2285 2032/2565/2253 2031/2564/2252 2063/2597/2284 
f 2065/2599/2286 2033/2566/2254 2032/2565/2253 2064/2598/2285 
f 2066/2600/2287 2034/2567/2255 2033/2566/2254 2065/2599/2286 
f 2067/2601/2288 2035/2568/2256 2034/2567/2255 2066/2600/2287 
f 2037/2602/2258 2005/2569/2226 2035/2568/2256 2067/2601/2288 
f 2068/2603/2289 2036/2570/2257 2037/2571/2258 2069/2604/2290 
f 2070/2605/2291 2038/2572/2259 2036/2570/2257 2068/2603/2289 
f 2071/2606/2292 2039/2573/2260 2038/2572/2259 2070/2605/2291 
f 2072/2607/2293 2040/2574/2261 2039/2573/2260 2071/2606/2292 
f 2073/2608/2294 2041/2575/2262 2040/2574/2261 2072/2607/2293 
f 2074/2609/2295 2042/2576/2263 2041/2575/2262 2073/2608/2294 
f 2075/2610/2296 2043/2577/2264 2042/2576/2263 2074/2609/2295 
f 2076/2611/2297 2044/2578/2265 2043/2577/2264 2075/2610/2296 
f 2077/2612/2298 2045/2579/2266 2044/2578/2265 2076/2611/2297 
f 2078/2613/2299 2046/2580/2267 2045/2579/2266 2077/2612/2298 
f 2079/2614/2300 2047/2581/2268 2046/2580/2267 2078/2613/2299 
f 2080/2615/2301 2048/2582/2269 2047/2581/2268 2079/2614/2300 
f 2081/2616/2302 2049/2583/2270 2048/2582/2269 2080/2615/2301 
f 2082/2617/2303 2050/2584/2271 2049/2583/2270 2081/2616/2302 
f 2083/2618/2304 2051/2585/2272 2050/2584/2271 2082/2617/2303 
f 2084/2619/2305 2052/2586/2273 2051/2585/2272 2083/2618/2304 
f 2085/2620/2306 2053/2587/2274 2052/2586/2273 2084/2619/2305 
f 2086/2621/2307 2054/2588/2275 2053/2587/2274 2085/2620/2306 
f 2087/2622/2308 2055/2589/2276 2054/2588/2275 2086/2621/2307 
f 2088/2623/2309 2056/2590/2277 2055/2589/2276 2087/2622/2308 
f 2089/2624/2310 2057/2591/2278 2056/2590/2277 2088/2623/2309 
f 2090/2625/2311 2058/2592/2279 2057/2591/2278 2089/2624/2310 
f 2091/2626/2312 2059/2593/2280 2058/2592/2279 2090/2625/2311 
f 2092/2627/2313 2060/2594/2281 2059/2593/2280 2091/2626/2312 
f 2093/2628/2314 2061/2595/2282 2060/2594/2281 2092/2627/2313 
f 2094/2629/2315 2062/2596/2283 2061/2595/2282 2093/2628/2314 
f 2095/2630/2316 2063/2597/2284 2062/2596/2283 2094/2629/2315 
f 2096/2631/2317 2064/2598/2285 2063/2597/2284 2095/2630/2316 
f 2097/2632/2318 2065/2599/2286 2064/2598/2285 2096/2631/2317 
f 2098/2633/2319 2066/2600/2287 2065/2599/2286 2097/2632/2318 
f 2099/2634/2320 2067/2601/2288 2066/2600/2287 2098/2633/2319 
f 2069/2635/2290 2037/2602/2258 2067/2601/2288 2099/2634/2320 
f 2100/2636/2321 2068/2603/2289 2069/2604/2290 2101/2637/2322 
f 2102/2638/2323 2070/2605/2291 2068/2603/2289 2100/2636/2321 
f 2103/2639/2324 2071/2606/2292 2070/2605/2291 2102/2638/2323 
f 2104/2640/2325 2072/2607/2293 2071/2606/2292 2103/2639/2324 
f 2105/2641/2326 2073/2608/2294 2072/2607/2293 2104/2640/2325 
f 2106/2642/2327 2074/2609/2295 2073/2608/2294 2105/2641/2326 
f 2107/2643/2328 2075/2610/2296 2074/2609/2295 2106/2642/2327 
f 2108/2644/2329 2076/2611/2297 2075/2610/2296 2107/2643/2328 
f 2109/2645/2330 2077/2612/2298 2076/2611/2297 2108/2644/2329 
f 2110/2646/2331 2078/2613/2299 2077/2612/2298 2109/2645/2330 
f 2111/2647/2332 2079/2614/2300 2078/2613/2299 2110/2646/2331 
f 2112/2648/2333 2080/2615/2301 2079/2614/2300 2111/2647/2332 
f 2113/2649/2334 2081/2616/2302 2080/2615/2301 2112/2648/2333 
f 2114/2650/2335 2082/2617/2303 2081/2616/2302 2113/2649/2334 
f 2115/2651/2336 2083/2618/2304 2082/2617/2303 2114/2650/2335 
f 2116/2652/2337 2084/2619/2305 2083/2618/2304 2115/2651/2336 
f 2117/2653/2338 2085/2620/2306 2084/2619/2305 2116/2652/2337 
f 2118/2654/2339 2086/2621/2307 2085/2620/2306 2117/2653/2338 
f 2119/2655/2340 2087/2622/2308 2086/2621/2307 2118/2654/2339 
f 2120/2656/2341 2088/2623/2309 2087/2622/2308 2119/2655/2340 
f 2121/2657/2342 2089/2624/2310 2088/2623/2309 2120/2656/2341 
f 2122/2658/2343 2090/2625/2311 2089/2624/2310 2121/2657/2342 
f 2123/2659/2344 2091/2626/2312 2090/2625/2311 2122/2658/2343 
f 2124/2660/2345 2092/2627/2313 2091/2626/2312 2123/2659/2344 
f 2125/2661/2346 2093/2628/2314 2092/2627/2313 2124/2660/2345 
f 2126/2662/2347 2094/2629/2315 2093/2628/2314 2125/2661/2346 
f 2127/2663/2348 2095/2630/2316 2094/2629/2315 2126/2662/2347 
f 2128/2664/2349 2096/2631/2317 2095/2630/2316 2127/2663/2348 
f 2129/2665/2350 2097/2632/2318 2096/2631/2317 2128/2664/2349 
f 2130/2666/2351 2098/2633/2319 2097/2632/2318 2129/2665/2350 
f 2131/2667/2352 2099/2634/2320 2098/2633/2319 2130/2666/2351 
f 2101/2668/2322 2069/2635/2290 2099/2634/2320 2131/2667/2352 
f 2132/2669/2353 2100/2636/2321 2101/2637/2322 2133/2670/2354 
f 2134/2671/2355 2102/2638/2323 2100/2636/2321 2132/2669/2353 
f 2135/2672/2356 2103/2639/2324 2102/2638/2323 2134/2671/2355 
f 2136/2673/2357 2104/2640/2325 2103/2639/2324 2135/2672/2356 
f 2137/2674/2358 2105/2641/2326 2104/2640/2325 2136/2673/2357 
f 2138/2675/2359 2106/2642/2327 2105/2641/2326 2137/2674/2358 
f 2139/2676/2360 2107/2643/2328 2106/2642/2327 2138/2675/2359 
f 2140/2677/2361 2108/2644/2329 2107/2643/2328 2139/2676/2360 
f 2141/2678/2362 2109/2645/2330 2108/2644/2329 2140/2677/2361 
f 2142/2679/2363 2110/2646/2331 2109/2645/2330 2141/2678/2362 
f 2143/2680/2364 2111/2647/2332 2110/2646/2331 2142/2679/2363 
f 2144/2681/2365 2112/2648/2333 2111/2647/2332 2143/2680/2364 
f 2145/2682/2366 2113/2649/2334 2112/2648/2333 2144/2681/2365 
f 2146/2683/2367 2114/2650/2335 2113/2649/2334 2145/2682/2366 
f 2147/2684/2368 2115/2651/2336 2114/2650/2335 2146/2683/2367 
f 2148/2685/2369 2116/2652/2337 2115/2651/2336 2147/2684/2368 
f 2149/2686/2370 2117/2653/2338 2116/2652/2337 2148/2685/2369 
f 2150/2687/2371 2118/2654/2339 2117/2653/2338 2149/2686/2370 
f 2151/2688/2372 2119/2655/2340 2118/2654/2339 2150/2687/2371 
f 2152/2689/2373 2120/2656/2341 2119/2655/2340 2151/2688/2372 
f 2153/2690/2374 2121/2657/2342 2120/2656/2341 2152/2689/2373 
f 2154/2691/2375 2122/2658/2343 2121/2657/2342 2153/2690/2374 
f 2155/2692/2376 2123/2659/2344 2122/2658/2343 2154/2691/2375 
f 2156/2693/2377 2124/2660/2345 2123/2659/2344 2155/2692/2376 
f 2157/2694/2378 2125/2661/2346 2124/2660/2345 2156/2693/2377 
f 2158/2695/2379 2126/2662/2347 2125/2661/2346 2157/2694/2378 
f 2159/2696/2380 2127/2663/2348 2126/2662/2347 2158/2695/2379 
f 2160/2697/2381 2128/2664/2349 2127/2663/2348 2159/2696/2380 
f 2161/2698/2382 2129/2665/2350 2128/2664/2349 2160/2697/2381 
f 2162/2699/2383 2130/2666/2351 2129/2665/2350 2161/2698/2382 
f 2163/2700/2384 2131/2667/2352 2130/2666/2351 2162/2699/2383 
f 2133/2701/2354 2101/2668/2322 2131/2667/2352 2163/2700/2384 
f 2164/2702/2385 2132/2669/2353 2133/2670/2354 
f 2164/2703/2385 2134/2671/2355 2132/2669/2353 
f 2164/2704/2385 2135/2672/2356 2134/2671/2355 
f 2164/2705/2385 2136/2673/2357 2135/2672/2356 
f 2164/2706/2385 2137/2674/2358 2136/2673/2357 
f 2164/2707/2385 2138/2675/2359 2137/2674/2358 
f 2164/2708/2385 2139/2676/2360 2138/2675/2359 
f 2164/2709/2385 2140/2677/2361 2139/2676/2360 
f 2164/2710/2385 2141/2678/2362 2140/2677/2361 
f 2164/2711/2385 2142/2679/2363 2141/2678/2362 
f 2164/2712/2385 2143/2680/2364 2142/2679/2363 
f 2164/2713/2385 2144/2681/2365 2143/2680/2364 
f 2164/2714/2385 2145/2682/2366 2144/2681/2365 
f 2164/2715/2385 2146/2683/2367 2145/2682/2366 
f 2164/2716/2385 2147/2684/2368 2146/2683/2367 
f 2164/2717/2385 2148/2685/2369 2147/2684/2368 
f 2164/2718/2385 2149/2686/2370 2148/2685/2369 
f 2164/2719/2385 2150/2687/2371 2149/2686/2370 
f 2164/2720/2385 2151/2688/2372 2150/2687/2371 
f 2164/2721/2385 2152/2689/2373 2151/2688/2372 
f 2164/2722/2385 2153/2690/2374 2152/2689/2373 
f 2164/2723/2385 2154/2691/2375 2153/2690/2374 
f 2164/2724/2385 2155/2692/2376 2154/2691/2375 
f 2164/2725/2385 2156/2693/2377 2155/2692/2376 
f 2164/2726/2385 2157/2694/2378 2156/2693/2377 
f 2164/2727/2385 2158/2695/2379 2157/2694/2378 
f 2164/2728/2385 2159/2696/2380 2158/2695/2379 
f 2164/2729/2385 2160/2697/2381 2159/2696/2380 
f 2164/2730/2385 2161/2698/2382 2160/2697/2381 
f 2164/2731/2385 2162/2699/2383 2161/2698/2382 
f 2164/2732/2385 2163/2700/2384 2162/2699/2383 
f 2164/2733/2385 2133/2701/2354 2163/2700/2384 
# 1138 polygons - 2272 triangles

