
 ********************************************************
 *                                                      *
 *  MODTRAN(R)svn-branch-5.2.1                          *
 *                                                      *
 *  Developed collaboratively by SPECTRAL SCIENCES,     *
 *  INC. (www.spectral.com) and the AIR FORCE RESEARCH  *
 *  LABORATORY (www.vs.afrl.af.mil/Division/VSBYB)      *
 *                                                      *
 *  Please address questions/comments to                *
 *  modtran@spectral.com and/or Gail.Anderson@noaa.gov  *
 *                                                      *
 ********************************************************

 Calculations will be done using multiple scattering.

 CARD 1  *****T F 2    2    2    1    2    2    2    2    2    2    1    0    0   0.000   0.40

 PROGRAM WILL COMPUTE RADIANCE + SOLAR SCATTER

 ATMOSPHERIC MODEL
         TEMPERATURE =    2     MID-LATITUDE SUMMER 
         WATER VAPOR =    2     MID-LATITUDE SUMMER 
         OZONE       =    2     MID-LATITUDE SUMMER 
                      M4 =     2 M5 =     2 M6 =     2 MDEF =     1

 CARD 1A *****TFF  4 0.0 330.00000  1.000000     1.0000F T           0.000    0.0000    0.0000    0.0000    0.0000         0

 MOLECULAR BAND MODEL DATA FILES
 -------------------------------
 DATA/01_2009c.bn4
 DATA/01_2009t.bin

 CFC BAND MODEL DATA FILE:               DATA/CFC04_01.ASC                                                                                                                                                                                                                                               

 Version 2.4 of the Clough-Kneizys Water Continuum Data from LBLRTM (24mar2000).

 CARD 2  *****    1    0    1    0   18    0  10.00000   0.00000   0.00000   0.00000   0.00000

 CARD 2A *****   0.000   0.000   0.000
               CIRRUS ATTENUATION INCLUDED   (STANDARD CIRRUS)
               CIRRUS THICKNESS               1.000 KM
               CIRRUS BASE ALTITUDE          10.000 KM
               CIRRUS PROFILE EXTINCTION      0.140 KM-1

 MODEL ATMOSPHERE NO.  2

 CLOUD AND/OR RAIN TYPE CHOSEN IS CIRRUS CLOUD        


      Z         P        T     REL H    H2O     CLD AMT   RAIN RATE                      AEROSOL
     (KM)      (MB)     (K)     (%)  (GM / M3) (GM / M3)  (MM / HR) TYPE                 PROFILE
                              [Before scaling]
     0.000  1012.999  294.20   76.18 1.400E+01 0.000E+00 0.000E+00 RURAL               RURAL               
     1.000   901.996  289.70   66.03 9.296E+00 0.000E+00 0.000E+00 RURAL               RURAL               
     2.000   802.001  285.20   55.20 5.898E+00 0.000E+00 0.000E+00 RURAL               RURAL               
     3.000   709.996  279.20   45.29 3.297E+00 0.000E+00 0.000E+00 TROPOSPHERIC        TROPOSPHERIC        SPRING-SUMMER
     4.000   628.000  273.20   39.05 1.899E+00 0.000E+00 0.000E+00 TROPOSPHERIC        TROPOSPHERIC        SPRING-SUMMER
     5.000   553.997  267.20   31.42 9.996E-01 0.000E+00 0.000E+00 TROPOSPHERIC        TROPOSPHERIC        SPRING-SUMMER
     6.000   486.998  261.20   29.98 6.100E-01 0.000E+00 0.000E+00 TROPOSPHERIC        TROPOSPHERIC        SPRING-SUMMER
     7.000   426.000  254.70   30.31 3.696E-01 0.000E+00 0.000E+00 TROPOSPHERIC        TROPOSPHERIC        SPRING-SUMMER
     8.000   371.999  248.20   29.63 2.099E-01 0.000E+00 0.000E+00 TROPOSPHERIC        TROPOSPHERIC        SPRING-SUMMER
     9.000   323.999  241.70   30.15 1.199E-01 0.000E+00 0.000E+00 TROPOSPHERIC        TROPOSPHERIC        SPRING-SUMMER
     9.950   283.029  235.62   29.57 6.629E-02 0.000E+00 0.000E+00 TROPOSPHERIC        TROPOSPHERIC        SPRING-SUMMER
    10.000   280.999  235.30   29.44 6.396E-02 0.000E+00 0.000E+00 TROPOSPHERIC        TROPOSPHERIC        SPRING-SUMMER
    10.050   278.990  234.98   29.17 6.141E-02 0.000E+00 0.000E+00 BCKGD_STRATOSPHERIC BCKGD_STRATOSPHERIC SPRING-SUMMER
    10.950   244.798  229.13   20.16 2.354E-02 0.000E+00 0.000E+00 BCKGD_STRATOSPHERIC BCKGD_STRATOSPHERIC SPRING-SUMMER
    11.000   243.000  228.80   19.48 2.199E-02 0.000E+00 0.000E+00 BCKGD_STRATOSPHERIC BCKGD_STRATOSPHERIC SPRING-SUMMER
    11.050   241.204  228.48   18.98 2.072E-02 0.000E+00 0.000E+00 BCKGD_STRATOSPHERIC BCKGD_STRATOSPHERIC SPRING-SUMMER
    12.000   208.999  222.30   10.69 5.997E-03 0.000E+00 0.000E+00 BCKGD_STRATOSPHERIC BCKGD_STRATOSPHERIC SPRING-SUMMER
    13.000   179.001  215.80    5.42 1.438E-03 0.000E+00 0.000E+00 BCKGD_STRATOSPHERIC BCKGD_STRATOSPHERIC SPRING-SUMMER
    14.000   153.000  215.70    2.93 7.685E-04 0.000E+00 0.000E+00 BCKGD_STRATOSPHERIC BCKGD_STRATOSPHERIC SPRING-SUMMER
    15.000   129.999  215.70    1.69 4.440E-04 0.000E+00 0.000E+00 BCKGD_STRATOSPHERIC BCKGD_STRATOSPHERIC SPRING-SUMMER
    16.000   111.000  215.70    1.40 3.680E-04 0.000E+00 0.000E+00 BCKGD_STRATOSPHERIC BCKGD_STRATOSPHERIC SPRING-SUMMER
    17.000    95.000  215.70    1.17 3.054E-04 0.000E+00 0.000E+00 BCKGD_STRATOSPHERIC BCKGD_STRATOSPHERIC SPRING-SUMMER
    18.000    81.200  216.80    0.86 2.556E-04 0.000E+00 0.000E+00 BCKGD_STRATOSPHERIC BCKGD_STRATOSPHERIC SPRING-SUMMER
    19.000    69.500  217.90    0.65 2.212E-04 0.000E+00 0.000E+00 BCKGD_STRATOSPHERIC BCKGD_STRATOSPHERIC SPRING-SUMMER
    20.000    59.500  219.20    0.49 1.941E-04 0.000E+00 0.000E+00 BCKGD_STRATOSPHERIC BCKGD_STRATOSPHERIC SPRING-SUMMER
    21.000    51.000  220.40    0.38 1.730E-04 0.000E+00 0.000E+00 BCKGD_STRATOSPHERIC BCKGD_STRATOSPHERIC SPRING-SUMMER
    22.000    43.700  221.60    0.30 1.538E-04 0.000E+00 0.000E+00 BCKGD_STRATOSPHERIC BCKGD_STRATOSPHERIC SPRING-SUMMER
    23.000    37.600  222.80    0.24 1.408E-04 0.000E+00 0.000E+00 BCKGD_STRATOSPHERIC BCKGD_STRATOSPHERIC SPRING-SUMMER
    24.000    32.200  223.90    0.19 1.246E-04 0.000E+00 0.000E+00 BCKGD_STRATOSPHERIC BCKGD_STRATOSPHERIC SPRING-SUMMER
    25.000    27.700  225.10    0.15 1.120E-04 0.000E+00 0.000E+00 BCKGD_STRATOSPHERIC BCKGD_STRATOSPHERIC SPRING-SUMMER
    30.000    13.200  233.70    0.03 5.752E-05 0.000E+00 0.000E+00 BCKGD_STRATOSPHERIC BCKGD_STRATOSPHERIC SPRING-SUMMER
    35.000     6.520  245.20    0.01 2.852E-05 0.000E+00 0.000E+00 BCKGD_STRATOSPHERIC BCKGD_STRATOSPHERIC SPRING-SUMMER
    40.000     3.330  257.50    0.00 1.429E-05 0.000E+00 0.000E+00 BCKGD_STRATOSPHERIC BCKGD_STRATOSPHERIC SPRING-SUMMER
    45.000     1.760  269.90    0.00 7.700E-06 0.000E+00 0.000E+00 BCKGD_STRATOSPHERIC BCKGD_STRATOSPHERIC SPRING-SUMMER
    50.000     0.951  275.70    0.00 4.111E-06 0.000E+00 0.000E+00 BCKGD_STRATOSPHERIC BCKGD_STRATOSPHERIC SPRING-SUMMER
    55.000     0.515  269.30    0.00 2.217E-06 0.000E+00 0.000E+00 BCKGD_STRATOSPHERIC BCKGD_STRATOSPHERIC SPRING-SUMMER
    60.000     0.272  257.10    0.00 1.146E-06 0.000E+00 0.000E+00 BCKGD_STRATOSPHERIC BCKGD_STRATOSPHERIC SPRING-SUMMER
    70.000     0.067  218.10    0.00 2.463E-07 0.000E+00 0.000E+00 BCKGD_STRATOSPHERIC BCKGD_STRATOSPHERIC SPRING-SUMMER
    80.000     0.012  174.10    0.07 3.136E-08 0.000E+00 0.000E+00 BCKGD_STRATOSPHERIC BCKGD_STRATOSPHERIC SPRING-SUMMER
   100.000     0.000  190.50    0.00 1.174E-10 0.000E+00 0.000E+00 BCKGD_STRATOSPHERIC BCKGD_STRATOSPHERIC SPRING-SUMMER

 *** OZONE DENSITIES ARE BEING SCALED BY   1.00000
     THE ORIGINAL VERTICAL COLUMN CONTAINED   7.10267 GM / M2 OF OZONE
     THE CURRENT  VERTICAL COLUMM CONTAINS    7.10267 GM / M2 OF OZONE

 *** THE WATER PROFILE WAS DECREASED TO FIT THE INPUT WATER COLUMN VALUE
     INITIAL:   2.92243 GM / CM2
     INPUT:     2.92243 GM / CM2
     FINAL:     2.92243 GM / CM2

 CARD 3  *****   3.00000   0.00000 180.00000   0.00000   0.00000   0.00000    0        0.00000

     6371.23  RADIUS OF THE EARTH [KM].

 SLANT PATH, H1ALT TO H2ALT
          H1ALT  =    3.00000 KM
          H2ALT  =    0.00000 KM
          OBSZEN =  180.00000 DEG
          HRANGE =    0.00000 KM
          BETA   =    0.00000 DEG
          BCKZEN =    0.00000 DEG
          LENN   =      0

 CARD 3A1*****    2    2    1    0

 CARD 3A2*****   0.00000  20.00000   0.00000   0.00000   0.00000   0.00000   0.00000   0.00000

 SINGLE SCATTERING CONTROL PARAMETERS SUMMARY

          RELATIVE AZIMUTH AT H1ALT =        0.0000 DEG EAST OF NORTH
          SOLAR ZENITH AT H1ALT =           20.0000 DEG
          TIME (<0 UNDEF) =                        0.0000 GREENWICH TIME
          PATH AZIMUTH (FROM H1ALT TO H2ALT) =     0.0000 DEG EAST OF NORTH
          DAY OF THE YEAR =                       1

 EXTRATERRESTIAL SOURCE IS THE SUN

 PHASE FUNCTION FROM MIE DATA BASE

 CARD 4  *****    9091.0   14286.0      10.0      10.0   SCANNING FUNCTION:TRIANGULAR 

 FREQUENCY RANGE
             IV1 =    9091.0 CM-1  (      1.1000 MICRONS)
             IV2 =   14286.0 CM-1  (      0.7000 MICRONS)
             IDV =      10.0 CM-1
           IFWHM =      10.0 CM-1


 ATMOSPHERIC PROFILES

   I     Z       P       T        N2       CNTMSLF   CNTMFRN MOL SCAT     N-1     O3 (UV)   O2 (UV)   WAT DROP  ICE PART  RAIN RATE
        (KM)    (MB)    (K)               (  MOL/CM2 KM  )      (-)       (-)    (  ATM CM/KM  )       (GM/M3)   (GM/M3)   (MM/HR)
   1   0.0000 1012.999 294.20  7.902E-01 8.829E+20 4.618E+22 9.282E-01 2.682E-04 2.800E-03 3.435E+04     0.000     0.000     0.000
   2   1.0000  901.996 289.70  6.461E-01 3.895E+20 2.788E+22 8.393E-01 2.427E-04 2.801E-03 2.976E+04     0.000     0.000     0.000
   3   2.0000  802.001 285.20  5.271E-01 1.568E+20 1.604E+22 7.581E-01 2.194E-04 2.800E-03 2.581E+04     0.000     0.000     0.000
   4   3.0000  709.996 279.20  4.310E-01 4.900E+19 8.139E+21 6.855E-01 1.985E-04 2.894E-03 2.248E+04     0.000     0.000     0.000
   5   4.0000  628.000 273.20  3.522E-01 1.626E+19 4.247E+21 6.197E-01 1.795E-04 2.987E-03 1.961E+04     0.000     0.000     0.000
   6   5.0000  553.997 267.20  2.865E-01 4.503E+18 2.019E+21 5.589E-01 1.619E-04 3.081E-03 1.710E+04     0.000     0.000     0.000
   7   6.0000  486.998 261.20  2.317E-01 1.677E+18 1.109E+21 5.026E-01 1.456E-04 3.221E-03 1.489E+04     0.000     0.000     0.000
   8   7.0000  426.000 254.70  1.865E-01 6.159E+17 6.032E+20 4.509E-01 1.307E-04 3.501E-03 1.295E+04     0.000     0.000     0.000
   9   8.0000  371.999 248.20  1.497E-01 1.986E+17 3.070E+20 4.040E-01 1.171E-04 3.687E-03 1.128E+04     0.000     0.000     0.000
  10   9.0000  323.999 241.70  1.198E-01 6.483E+16 1.569E+20 3.614E-01 1.047E-04 4.015E-03 9.818E+03     0.000     0.000     0.000
  11   9.9500  283.029 235.62  9.617E-02 1.981E+16 7.774E+19 3.238E-01 9.384E-05 4.177E-03 8.587E+03     0.000     0.000     0.000
  12  10.0000  280.999 235.30  9.505E-02 1.844E+16 7.458E+19 3.219E-01 9.330E-05 4.198E-03 8.526E+03     0.000     0.000     0.000
  13  10.0500  278.990 234.98  9.396E-02 1.700E+16 7.118E+19 3.201E-01 9.276E-05 4.239E-03 8.467E+03     0.000     0.000     0.000
  14  10.9500  244.798 229.13  7.608E-02 2.498E+15 2.456E+19 2.880E-01 8.347E-05 5.089E-03 7.459E+03     0.000     0.000     0.000
  15  11.0000  243.000 228.80  7.518E-02 2.180E+15 2.281E+19 2.863E-01 8.298E-05 5.134E-03 7.406E+03     0.000     0.000     0.000
  16  11.0500  241.204 228.48  7.428E-02 1.934E+15 2.136E+19 2.846E-01 8.248E-05 5.159E-03 7.353E+03     0.000     0.000     0.000
  17  12.0000  208.999 222.30  5.891E-02 1.621E+14 5.506E+18 2.534E-01 7.345E-05 5.652E-03 6.411E+03     0.000     0.000     0.000
  18  13.0000  179.001 215.80  4.586E-02 9.318E+12 1.165E+18 2.236E-01 6.481E-05 6.708E-03 5.541E+03     0.000     0.000     0.000
  19  14.0000  153.000 215.70  3.353E-02 2.662E+12 5.323E+17 1.912E-01 5.542E-05 8.414E-03 4.631E+03     0.000     0.000     0.000
  20  15.0000  129.999 215.70  2.421E-02 8.885E+11 2.613E+17 1.625E-01 4.709E-05 8.124E-03 3.854E+03     0.000     0.000     0.000
  21  16.0000  111.000 215.70  1.765E-02 6.102E+11 1.849E+17 1.387E-01 4.020E-05 8.324E-03 3.233E+03     0.000     0.000     0.000
  22  17.0000   95.000 215.70  1.293E-02 4.203E+11 1.313E+17 1.187E-01 3.441E-05 8.311E-03 2.726E+03     0.000     0.000     0.000
  23  18.0000   81.200 216.80  9.350E-03 2.945E+11 9.350E+16 1.010E-01 2.926E-05 1.010E-02 2.287E+03     0.000     0.000     0.000
  24  19.0000   69.500 217.90  6.780E-03 2.204E+11 6.888E+16 8.598E-02 2.492E-05 1.290E-02 1.925E+03     0.000     0.000     0.000
  25  20.0000   59.500 219.20  4.911E-03 1.698E+11 5.145E+16 7.317E-02 2.121E-05 1.463E-02 1.622E+03     0.000     0.000     0.000
  26  21.0000   51.000 220.40  3.569E-03 1.349E+11 3.909E+16 6.238E-02 1.808E-05 1.497E-02 1.371E+03     0.000     0.000     0.000
  27  22.0000   43.700 221.60  2.592E-03 1.066E+11 2.962E+16 5.316E-02 1.541E-05 1.542E-02 1.160E+03     0.000     0.000     0.000
  28  23.0000   37.600 222.80  1.898E-03 8.933E+10 2.320E+16 4.549E-02 1.318E-05 1.547E-02 9.867E+02     0.000     0.000     0.000
  29  24.0000   32.200 223.90  1.379E-03 7.003E+10 1.751E+16 3.877E-02 1.124E-05 1.551E-02 8.364E+02     0.000     0.000     0.000
  30  25.0000   27.700 225.10  1.009E-03 5.652E+10 1.346E+16 3.317E-02 9.614E-06 1.592E-02 7.124E+02     0.000     0.000     0.000
  31  30.0000   13.200 233.70  2.126E-04 1.491E+10 3.173E+15 1.523E-02 4.413E-06 1.066E-02 3.223E+02     0.000     0.000     0.000
  32  35.0000 6.519971 245.20  4.713E-05 3.666E+09 7.406E+14 7.168E-03 2.077E-06 6.380E-03 1.507E+02     0.000     0.000     0.000
  33  40.0000 3.329993 257.50  1.115E-05 9.205E+08 1.805E+14 3.486E-03 1.010E-06 2.632E-03 7.307E+01     0.000     0.000     0.000
  34  45.0000 1.759993 269.90  2.834E-06 2.673E+08 4.904E+13 1.758E-03 5.095E-07 7.911E-04 3.679E+01     0.000     0.000     0.000
  35  50.0000 0.951001 275.70  7.930E-07 7.616E+07 1.385E+13 9.299E-04 2.695E-07 2.604E-04 1.945E+01     0.000     0.000     0.000
  36  55.0000 0.514999 269.30  2.437E-07 2.215E+07 4.140E+12 5.155E-04 1.494E-07 9.280E-05 1.078E+01     0.000     0.000     0.000
  37  60.0000 0.272001 257.10  7.460E-08 5.921E+06 1.184E+12 2.852E-04 8.266E-08 3.708E-05 5.962E+00     0.000     0.000     0.000
  38  70.0000 0.067000 218.10  6.290E-09 2.734E+05 7.388E+10 8.281E-05 2.400E-08 3.313E-06 1.731E+00     0.000     0.000     0.000
  39  80.0000 0.012000 174.10  3.166E-10 4.433E+03 2.111E+09 1.858E-05 5.385E-09 3.716E-07 3.883E-01     0.000     0.000     0.000
  40 100.0000 0.000258 190.50  1.223E-13 6.210E-02 1.552E+05 3.651E-07 1.058E-10 1.460E-08 5.842E-03     0.000     0.000     0.000


 ATMOSPHERIC PROFILES

   I     Z       P       T     AEROSOL 1 AEROSOL 2 AEROSOL 3 AEROSOL 4  AER1*RH     RH (%)    RH (%)   CIRRUS   WAT DROP  ICE PART
        (KM)    (MB)    (K)    (      550nm EXTINCTION [KM-1]      )  (BEFORE H2O SCALING)   (AFTER)    (-)     (550nm VIS [KM-1])
   1   0.0000 1012.999 294.20  3.790E-01 0.000E+00 0.000E+00 0.000E+00 1.202E+00 7.618E+01 7.618E+01   0.00000   0.00000   0.00000
   2   1.0000  901.996 289.70  3.790E-01 0.000E+00 0.000E+00 0.000E+00 1.336E+00 6.603E+01 6.603E+01   0.00000   0.00000   0.00000
   3   2.0000  802.001 285.20  6.210E-02 0.000E+00 0.000E+00 0.000E+00 2.361E-01 5.520E+01 5.520E+01   0.00000   0.00000   0.00000
   4   3.0000  709.996 279.20  0.000E+00 3.460E-02 0.000E+00 0.000E+00 0.000E+00 4.529E+01 4.529E+01   0.00000   0.00000   0.00000
   5   4.0000  628.000 273.20  0.000E+00 1.850E-02 0.000E+00 0.000E+00 0.000E+00 3.905E+01 3.905E+01   0.00000   0.00000   0.00000
   6   5.0000  553.997 267.20  0.000E+00 9.310E-03 0.000E+00 0.000E+00 0.000E+00 3.142E+01 3.142E+01   0.00000   0.00000   0.00000
   7   6.0000  486.998 261.20  0.000E+00 7.710E-03 0.000E+00 0.000E+00 0.000E+00 2.998E+01 2.998E+01   0.00000   0.00000   0.00000
   8   7.0000  426.000 254.70  0.000E+00 6.230E-03 0.000E+00 0.000E+00 0.000E+00 3.031E+01 3.031E+01   0.00000   0.00000   0.00000
   9   8.0000  371.999 248.20  0.000E+00 3.370E-03 0.000E+00 0.000E+00 0.000E+00 2.963E+01 2.963E+01   0.00000   0.00000   0.00000
  10   9.0000  323.999 241.70  0.000E+00 1.820E-03 0.000E+00 0.000E+00 0.000E+00 3.015E+01 3.015E+01   0.00000   0.00000   0.00000
  11   9.9500  283.029 235.62  0.000E+00 1.167E-03 0.000E+00 0.000E+00 0.000E+00 2.957E+01 2.957E+01   0.00000   0.00000   0.00000
  12  10.0000  280.999 235.30  0.000E+00 1.140E-03 0.000E+00 0.000E+00 0.000E+00 2.944E+01 2.944E+01   0.07000   0.00000   0.00000
  13  10.0500  278.990 234.98  0.000E+00 0.000E+00 1.120E-03 0.000E+00 0.000E+00 2.917E+01 2.917E+01   0.14000   0.00000   0.00000
  14  10.9500  244.798 229.13  0.000E+00 0.000E+00 8.133E-04 0.000E+00 0.000E+00 2.016E+01 2.016E+01   0.14000   0.00000   0.00000
  15  11.0000  243.000 228.80  0.000E+00 0.000E+00 7.990E-04 0.000E+00 0.000E+00 1.948E+01 1.948E+01   0.07000   0.00000   0.00000
  16  11.0500  241.204 228.48  0.000E+00 0.000E+00 7.902E-04 0.000E+00 0.000E+00 1.898E+01 1.898E+01   0.00000   0.00000   0.00000
  17  12.0000  208.999 222.30  0.000E+00 0.000E+00 6.410E-04 0.000E+00 0.000E+00 1.069E+01 1.069E+01   0.00000   0.00000   0.00000
  18  13.0000  179.001 215.80  0.000E+00 0.000E+00 5.170E-04 0.000E+00 0.000E+00 5.423E+00 5.423E+00   0.00000   0.00000   0.00000
  19  14.0000  153.000 215.70  0.000E+00 0.000E+00 4.420E-04 0.000E+00 0.000E+00 2.933E+00 2.933E+00   0.00000   0.00000   0.00000
  20  15.0000  129.999 215.70  0.000E+00 0.000E+00 3.950E-04 0.000E+00 0.000E+00 1.695E+00 1.695E+00   0.00000   0.00000   0.00000
  21  16.0000  111.000 215.70  0.000E+00 0.000E+00 3.820E-04 0.000E+00 0.000E+00 1.405E+00 1.405E+00   0.00000   0.00000   0.00000
  22  17.0000   95.000 215.70  0.000E+00 0.000E+00 4.250E-04 0.000E+00 0.000E+00 1.166E+00 1.166E+00   0.00000   0.00000   0.00000
  23  18.0000   81.200 216.80  0.000E+00 0.000E+00 5.200E-04 0.000E+00 0.000E+00 8.563E-01 8.563E-01   0.00000   0.00000   0.00000
  24  19.0000   69.500 217.90  0.000E+00 0.000E+00 5.810E-04 0.000E+00 0.000E+00 6.511E-01 6.511E-01   0.00000   0.00000   0.00000
  25  20.0000   59.500 219.20  0.000E+00 0.000E+00 5.890E-04 0.000E+00 0.000E+00 4.915E-01 4.915E-01   0.00000   0.00000   0.00000
  26  21.0000   51.000 220.40  0.000E+00 0.000E+00 5.020E-04 0.000E+00 0.000E+00 3.819E-01 3.819E-01   0.00000   0.00000   0.00000
  27  22.0000   43.700 221.60  0.000E+00 0.000E+00 4.200E-04 0.000E+00 0.000E+00 2.966E-01 2.966E-01   0.00000   0.00000   0.00000
  28  23.0000   37.600 222.80  0.000E+00 0.000E+00 3.000E-04 0.000E+00 0.000E+00 2.375E-01 2.375E-01   0.00000   0.00000   0.00000
  29  24.0000   32.200 223.90  0.000E+00 0.000E+00 1.980E-04 0.000E+00 0.000E+00 1.863E-01 1.863E-01   0.00000   0.00000   0.00000
  30  25.0000   27.700 225.10  0.000E+00 0.000E+00 1.310E-04 0.000E+00 0.000E+00 1.469E-01 1.469E-01   0.00000   0.00000   0.00000
  31  30.0000   13.200 233.70  0.000E+00 0.000E+00 3.320E-05 0.000E+00 0.000E+00 3.098E-02 3.098E-02   0.00000   0.00000   0.00000
  32  35.0000 6.519971 245.20  0.000E+00 0.000E+00 0.000E+00 4.300E-06 0.000E+00 5.231E-03 5.231E-03   0.00000   0.00000   0.00000
  33  40.0000 3.329993 257.50  0.000E+00 0.000E+00 0.000E+00 1.670E-06 0.000E+00 9.365E-04 9.365E-04   0.00000   0.00000   0.00000
  34  45.0000 1.759993 269.90  0.000E+00 0.000E+00 0.000E+00 8.000E-07 0.000E+00 1.994E-04 1.994E-04   0.00000   0.00000   0.00000
  35  50.0000 0.951001 275.70  0.000E+00 0.000E+00 0.000E+00 4.200E-07 0.000E+00 7.127E-05 7.127E-05   0.00000   0.00000   0.00000
  36  55.0000 0.514999 269.30  0.000E+00 0.000E+00 0.000E+00 2.207E-07 0.000E+00 5.991E-05 5.991E-05   0.00000   0.00000   0.00000
  37  60.0000 0.272001 257.10  0.000E+00 0.000E+00 0.000E+00 1.159E-07 0.000E+00 7.753E-05 7.753E-05   0.00000   0.00000   0.00000
  38  70.0000 0.067000 218.10  0.000E+00 0.000E+00 0.000E+00 3.200E-08 0.000E+00 7.084E-04 7.084E-04   0.00000   0.00000   0.00000
  39  80.0000 0.012000 174.10  0.000E+00 0.000E+00 0.000E+00 5.795E-09 0.000E+00 7.237E-02 7.237E-02   0.00000   0.00000   0.00000
  40 100.0000 0.000258 190.50  0.000E+00 0.000E+00 0.000E+00 1.900E-10 0.000E+00 1.461E-05 1.461E-05   0.00000   0.00000   0.00000


 ATMOSPHERIC PROFILES (AFTER COLUMN SCALING)

   I      Z       P       H2O      O3       CO2      CO       CH4      N2O      O2       NH3      NO       NO2      SO2      HNO3
         (KM)    (MB)  (                                             ATM CM / KM                                                )
   1   0.0000 1012.999  1.74E+03 2.80E-03 3.06E+01 1.39E-02 1.58E-01 2.97E-02 1.94E+04 4.64E-05 2.78E-05 2.13E-06 2.78E-05 4.64E-06
   2   1.0000  901.996  1.16E+03 2.80E-03 2.77E+01 1.22E-02 1.43E-01 2.69E-02 1.75E+04 4.20E-05 2.52E-05 1.93E-06 2.30E-05 5.00E-06
   3   2.0000  802.001  7.34E+02 2.80E-03 2.50E+01 1.06E-02 1.29E-01 2.43E-02 1.58E+04 3.51E-05 2.27E-05 1.74E-06 1.79E-05 5.25E-06
   4   3.0000  709.996  4.10E+02 2.89E-03 2.26E+01 9.25E-03 1.17E-01 2.19E-02 1.43E+04 2.61E-05 2.06E-05 1.58E-06 1.30E-05 5.42E-06
   5   4.0000  628.000  2.36E+02 2.99E-03 2.04E+01 8.13E-03 1.05E-01 1.98E-02 1.30E+04 1.78E-05 1.86E-05 1.43E-06 9.05E-06 5.50E-06
   6   5.0000  553.997  1.24E+02 3.08E-03 1.84E+01 7.28E-03 9.43E-02 1.79E-02 1.17E+04 1.14E-05 1.68E-05 1.29E-06 6.60E-06 5.45E-06
   7   6.0000  486.998  7.59E+01 3.22E-03 1.66E+01 6.47E-03 8.40E-02 1.61E-02 1.05E+04 7.34E-06 1.51E-05 1.16E-06 4.88E-06 5.58E-06
   8   7.0000  426.000  4.60E+01 3.50E-03 1.49E+01 5.62E-03 7.44E-02 1.44E-02 9.42E+03 4.45E-06 1.35E-05 1.04E-06 3.74E-06 5.68E-06
   9   8.0000  371.999  2.61E+01 3.69E-03 1.33E+01 4.79E-03 6.58E-02 1.29E-02 8.44E+03 2.62E-06 1.21E-05 9.29E-07 2.91E-06 5.62E-06
  10   9.0000  323.999  1.49E+01 4.01E-03 1.19E+01 3.95E-03 5.84E-02 1.14E-02 7.55E+03 1.36E-06 1.08E-05 8.38E-07 2.37E-06 5.53E-06
  11   9.9500  283.029  8.25E+00 4.18E-03 1.07E+01 3.24E-03 5.12E-02 1.00E-02 6.77E+03 6.79E-07 9.71E-06 7.69E-07 1.98E-06 5.60E-06
  12  10.0000  280.999  7.96E+00 4.20E-03 1.06E+01 3.21E-03 5.08E-02 9.97E-03 6.73E+03 6.54E-07 9.66E-06 7.66E-07 1.96E-06 5.60E-06
  13  10.0500  278.990  7.64E+00 4.24E-03 1.06E+01 3.17E-03 5.05E-02 9.89E-03 6.69E+03 6.29E-07 9.60E-06 7.64E-07 1.94E-06 5.61E-06
  14  10.9500  244.798  2.93E+00 5.09E-03 9.50E+00 2.60E-03 4.45E-02 8.62E-03 6.02E+03 3.23E-07 8.64E-06 7.49E-07 1.67E-06 5.77E-06
  15  11.0000  243.000  2.74E+00 5.13E-03 9.45E+00 2.57E-03 4.41E-02 8.56E-03 5.98E+03 3.12E-07 8.59E-06 7.50E-07 1.66E-06 5.78E-06
  16  11.0500  241.204  2.58E+00 5.16E-03 9.39E+00 2.54E-03 4.38E-02 8.50E-03 5.95E+03 3.01E-07 8.54E-06 7.50E-07 1.64E-06 5.80E-06
  17  12.0000  208.999  7.46E-01 5.65E-03 8.36E+00 1.98E-03 3.82E-02 7.44E-03 5.30E+03 1.60E-07 7.60E-06 7.98E-07 1.42E-06 6.11E-06
  18  13.0000  179.001  1.79E-01 6.71E-03 7.38E+00 1.43E-03 3.31E-02 6.40E-03 4.67E+03 6.98E-08 6.69E-06 9.95E-07 1.25E-06 6.17E-06
  19  14.0000  153.000  9.56E-02 8.41E-03 6.31E+00 9.61E-04 2.77E-02 5.35E-03 4.00E+03 2.12E-08 5.64E-06 1.43E-06 1.08E-06 6.37E-06
  20  15.0000  129.999  5.52E-02 8.12E-03 5.36E+00 6.40E-04 2.31E-02 4.43E-03 3.40E+03 7.26E-09 4.60E-06 2.78E-06 9.34E-07 7.34E-06
  21  16.0000  111.000  4.58E-02 8.32E-03 4.58E+00 4.26E-04 1.93E-02 3.62E-03 2.90E+03 2.93E-09 3.72E-06 4.43E-06 7.98E-07 1.02E-05
  22  17.0000   95.000  3.80E-02 8.31E-03 3.92E+00 2.96E-04 1.61E-02 2.87E-03 2.48E+03 1.31E-09 2.99E-06 6.16E-06 6.38E-07 1.56E-05
  23  18.0000   81.200  3.18E-02 1.01E-02 3.33E+00 1.99E-04 1.34E-02 2.20E-03 2.11E+03 6.76E-10 2.42E-06 7.78E-06 4.83E-07 2.13E-05
  24  19.0000   69.500  2.75E-02 1.29E-02 2.84E+00 1.33E-04 1.10E-02 1.58E-03 1.80E+03 3.41E-10 2.10E-06 9.11E-06 3.41E-07 2.73E-05
  25  20.0000   59.500  2.41E-02 1.46E-02 2.41E+00 9.74E-05 8.96E-03 1.18E-03 1.53E+03 1.76E-10 1.87E-06 1.02E-05 2.33E-07 3.07E-05
  26  21.0000   51.000  2.15E-02 1.50E-02 2.06E+00 7.69E-05 7.20E-03 8.25E-04 1.30E+03 1.20E-10 1.73E-06 1.10E-05 1.67E-07 3.08E-05
  27  22.0000   43.700  1.91E-02 1.54E-02 1.75E+00 6.55E-05 5.67E-03 6.09E-04 1.11E+03 9.14E-11 1.63E-06 1.15E-05 1.21E-07 2.90E-05
  28  23.0000   37.600  1.75E-02 1.55E-02 1.50E+00 5.95E-05 4.43E-03 4.71E-04 9.51E+02 7.23E-11 1.64E-06 1.17E-05 9.42E-08 2.61E-05
  29  24.0000   32.200  1.55E-02 1.55E-02 1.28E+00 5.43E-05 3.41E-03 3.73E-04 8.10E+02 5.58E-11 1.75E-06 1.19E-05 7.37E-08 2.26E-05
  30  25.0000   27.700  1.39E-02 1.59E-02 1.09E+00 5.05E-05 2.62E-03 2.97E-04 6.93E+02 4.08E-11 2.27E-06 1.24E-05 5.81E-08 1.86E-05
  31  30.0000   13.200  7.16E-03 1.07E-02 5.02E-01 3.04E-05 9.62E-04 1.02E-04 3.18E+02 9.67E-12 3.73E-06 9.38E-06 2.04E-08 5.69E-06
  32  35.0000 6.519971  3.55E-03 6.38E-03 2.37E-01 1.78E-05 3.59E-04 2.65E-05 1.50E+02 1.30E-12 5.12E-06 5.22E-06 8.32E-09 1.18E-06
  33  40.0000 3.329993  1.78E-03 2.63E-03 1.15E-01 1.03E-05 1.37E-04 6.05E-06 7.29E+01 1.02E-13 3.90E-06 1.40E-06 4.74E-09 1.86E-07
  34  45.0000 1.759993  9.58E-04 7.91E-04 5.80E-02 5.81E-06 5.05E-05 1.35E-06 3.67E+01 5.24E-15 2.06E-06 2.02E-07 3.69E-09 2.13E-08
  35  50.0000 0.951001  5.11E-04 2.60E-04 3.07E-02 3.39E-06 1.81E-05 2.99E-07 1.94E+01 6.63E-16 9.58E-07 4.12E-08 3.31E-09 5.16E-09
  36  55.0000 0.514999  2.76E-04 9.28E-05 1.70E-02 2.02E-06 8.11E-06 1.05E-07 1.08E+01 2.47E-16 5.21E-07 1.75E-08 2.37E-09 2.29E-09
  37  60.0000 0.272001  1.43E-04 3.71E-05 9.41E-03 1.33E-06 4.28E-06 3.98E-08 5.96E+00 1.04E-16 2.88E-07 8.13E-09 1.47E-09 1.10E-09
  38  70.0000 0.067000  3.06E-05 3.31E-06 2.73E-03 9.75E-07 1.24E-06 6.44E-09 1.73E+00 2.13E-17 9.52E-08 1.91E-09 3.58E-10 2.71E-10
  39  80.0000 0.012000  3.90E-06 3.72E-07 6.09E-04 1.27E-06 2.79E-07 9.60E-10 3.88E-01 3.79E-18 4.98E-08 3.75E-10 2.47E-11 5.59E-11
  40 100.0000 0.000258  1.46E-08 1.46E-08 7.12E-06 3.68E-07 4.38E-09 1.04E-11 5.84E-03 5.40E-20 7.59E-08 6.21E-12 1.31E-14 9.97E-13


1 ATMOSPHERIC PROFILES

   I      Z       CFC11    CFC12    CFC13    CFC14    CFC22   CFC113   CFC114   CFC115   CLONO2     HNO4   CHCL2F     CCL4     N2O5
         (KM)   (                                                  ATM CM/KM                                                  )
   1   0.0000  1.30E-05 2.23E-05 9.28E-14 9.28E-14 5.57E-06 1.76E-06 1.11E-06 9.28E-14 5.34E-07 4.03E-08 9.28E-14 1.21E-05 2.25E-11
   2   1.0000  1.18E-05 2.01E-05 8.39E-14 8.39E-14 5.03E-06 1.59E-06 1.01E-06 8.39E-14 4.30E-07 1.79E-07 8.39E-14 1.09E-05 8.01E-11
   3   2.0000  1.06E-05 1.82E-05 7.58E-14 7.58E-14 4.54E-06 1.44E-06 9.10E-07 7.58E-14 3.42E-07 2.91E-07 7.58E-14 9.85E-06 1.26E-10
   4   3.0000  9.60E-06 1.65E-05 6.86E-14 6.86E-14 4.10E-06 1.30E-06 8.23E-07 6.86E-14 2.66E-07 3.80E-07 6.86E-14 8.91E-06 1.63E-10
   5   4.0000  8.68E-06 1.49E-05 6.20E-14 6.20E-14 3.71E-06 1.18E-06 7.44E-07 6.20E-14 2.02E-07 4.49E-07 6.20E-14 8.06E-06 1.91E-10
   6   5.0000  7.82E-06 1.34E-05 5.59E-14 5.59E-14 3.34E-06 1.06E-06 6.71E-07 5.59E-14 1.54E-07 1.02E-06 5.59E-14 7.25E-06 2.02E-10
   7   6.0000  7.04E-06 1.21E-05 5.03E-14 5.03E-14 3.00E-06 9.55E-07 6.03E-07 5.03E-14 1.13E-07 1.46E-06 5.03E-14 6.51E-06 2.07E-10
   8   7.0000  6.31E-06 1.08E-05 4.51E-14 4.51E-14 2.69E-06 8.57E-07 5.41E-07 4.51E-14 7.87E-08 1.80E-06 4.51E-14 5.83E-06 2.09E-10
   9   8.0000  5.66E-06 9.70E-06 4.04E-14 4.04E-14 2.41E-06 7.68E-07 4.85E-07 4.04E-14 5.01E-08 2.06E-06 4.04E-14 5.21E-06 2.08E-10
  10   9.0000  5.05E-06 8.67E-06 3.61E-14 3.61E-14 2.16E-06 6.86E-07 4.34E-07 3.61E-14 4.37E-08 1.77E-06 3.61E-14 4.66E-06 2.08E-10
  11   9.9500  4.52E-06 7.76E-06 3.24E-14 3.24E-14 1.93E-06 6.14E-07 3.89E-07 3.24E-14 3.81E-08 1.53E-06 3.24E-14 4.18E-06 2.05E-10
  12  10.0000  4.49E-06 7.71E-06 3.22E-14 3.22E-14 1.92E-06 6.10E-07 3.86E-07 3.22E-14 3.78E-08 1.52E-06 3.22E-14 4.15E-06 2.05E-10
  13  10.0500  4.46E-06 7.67E-06 3.20E-14 3.20E-14 1.91E-06 6.07E-07 3.84E-07 3.20E-14 3.76E-08 1.51E-06 3.20E-14 4.13E-06 2.05E-10
  14  10.9500  4.01E-06 6.89E-06 2.88E-14 2.88E-14 1.72E-06 5.45E-07 3.46E-07 2.88E-14 3.30E-08 1.31E-06 2.88E-14 3.72E-06 2.00E-10
  15  11.0000  3.99E-06 6.85E-06 2.86E-14 2.86E-14 1.70E-06 5.42E-07 3.44E-07 2.86E-14 3.27E-08 1.30E-06 2.86E-14 3.69E-06 1.99E-10
  16  11.0500  3.96E-06 6.81E-06 2.85E-14 2.85E-14 1.69E-06 5.39E-07 3.42E-07 2.85E-14 3.25E-08 1.29E-06 2.85E-14 3.67E-06 1.99E-10
  17  12.0000  3.52E-06 6.06E-06 2.53E-14 2.53E-14 1.51E-06 4.79E-07 3.04E-07 2.53E-14 2.81E-08 1.11E-06 2.53E-14 3.27E-06 1.92E-10
  18  13.0000  3.02E-06 5.27E-06 2.24E-14 2.24E-14 1.32E-06 4.15E-07 2.66E-07 2.24E-14 1.79E-07 1.26E-06 2.24E-14 2.80E-06 9.85E-09
  19  14.0000  2.50E-06 4.44E-06 1.91E-14 1.91E-14 1.12E-06 3.48E-07 2.25E-07 1.91E-14 2.85E-07 1.33E-06 1.91E-14 2.31E-06 1.67E-08
  20  15.0000  2.06E-06 3.71E-06 1.62E-14 1.62E-14 9.39E-07 2.90E-07 1.89E-07 1.62E-14 3.54E-07 1.34E-06 1.62E-14 1.90E-06 2.12E-08
  21  16.0000  1.71E-06 3.12E-06 1.39E-14 1.39E-14 7.94E-07 2.43E-07 1.60E-07 1.39E-14 3.98E-07 1.32E-06 1.39E-14 1.57E-06 2.41E-08
  22  17.0000  1.33E-06 2.55E-06 1.19E-14 1.19E-14 6.60E-07 1.96E-07 1.33E-07 1.19E-14 1.21E-06 1.69E-06 1.19E-14 1.21E-06 1.04E-07
  23  18.0000  1.03E-06 2.06E-06 1.01E-14 1.01E-14 5.46E-07 1.57E-07 1.10E-07 1.01E-14 1.76E-06 1.92E-06 1.01E-14 9.15E-07 1.60E-07
  24  19.0000  7.82E-07 1.67E-06 8.60E-15 8.60E-15 4.51E-07 1.25E-07 9.05E-08 8.60E-15 2.13E-06 2.04E-06 8.60E-15 6.83E-07 1.97E-07
  25  20.0000  5.87E-07 1.35E-06 7.32E-15 7.32E-15 3.72E-07 9.95E-08 7.46E-08 7.32E-15 2.34E-06 2.09E-06 7.32E-15 4.99E-07 2.19E-07
  26  21.0000  4.28E-07 1.07E-06 6.24E-15 6.24E-15 3.05E-07 7.72E-08 6.09E-08 6.24E-15 2.87E-06 2.19E-06 6.24E-15 3.57E-07 2.59E-07
  27  22.0000  3.04E-07 8.40E-07 5.32E-15 5.32E-15 2.50E-07 5.93E-08 4.95E-08 5.32E-15 3.19E-06 2.22E-06 5.32E-15 2.45E-07 2.82E-07
  28  23.0000  2.07E-07 6.60E-07 4.55E-15 4.55E-15 2.05E-07 4.52E-08 4.03E-08 4.55E-15 3.37E-06 2.21E-06 4.55E-15 1.59E-07 2.94E-07
  29  24.0000  1.32E-07 5.12E-07 3.88E-15 3.88E-15 1.67E-07 3.38E-08 3.26E-08 3.88E-15 3.41E-06 2.14E-06 3.88E-15 9.30E-08 2.95E-07
  30  25.0000  9.05E-08 3.94E-07 3.32E-15 3.32E-15 1.36E-07 2.52E-08 2.64E-08 3.32E-15 3.23E-06 1.93E-06 3.32E-15 6.25E-08 2.56E-07
  31  30.0000  5.94E-09 8.96E-08 1.52E-15 1.52E-15 4.61E-08 4.44E-09 8.58E-09 1.52E-15 1.74E-06 7.77E-07 1.52E-15 2.67E-09 8.41E-08
  32  35.0000  1.42E-10 1.53E-08 7.17E-16 7.17E-16 1.48E-08 5.14E-10 2.62E-09 7.17E-16 3.75E-07 1.05E-07 7.17E-16 2.83E-11 7.76E-09
  33  40.0000  6.45E-13 2.12E-09 3.49E-16 3.49E-16 4.85E-09 4.29E-11 8.09E-10 3.49E-16 1.49E-08 3.47E-09 3.49E-16 1.38E-14 7.43E-11
  34  45.0000  1.61E-14 3.75E-10 1.76E-16 1.76E-16 1.82E-09 5.65E-12 2.84E-10 1.76E-16 2.95E-10 1.54E-10 1.76E-16 9.79E-17 6.92E-13
  35  50.0000  5.55E-16 7.92E-11 9.30E-17 9.30E-17 8.16E-10 9.21E-13 1.16E-10 9.30E-17 4.34E-12 7.10E-12 9.30E-17 1.02E-18 5.85E-15
  36  55.0000  3.15E-17 2.14E-11 5.16E-17 5.16E-17 4.19E-10 2.02E-13 5.36E-11 5.16E-17 6.16E-14 3.51E-13 5.16E-17 1.95E-20 5.38E-17
  37  60.0000  1.21E-18 5.53E-12 2.85E-17 2.85E-17 2.20E-10 4.05E-14 2.48E-11 2.85E-17 4.88E-16 1.37E-14 2.85E-17 1.50E-22 1.46E-19
  38  70.0000  4.22E-21 3.23E-13 8.28E-18 8.28E-18 5.95E-11 1.46E-15 4.85E-12 8.28E-18 5.99E-19 2.66E-16 8.28E-18 8.18E-26 6.79E-23
  39  80.0000  3.68E-24 9.64E-15 1.86E-18 1.86E-18 1.21E-11 2.29E-17 6.60E-13 1.86E-18 7.51E-23 1.57E-18 1.86E-18 5.44E-30 9.46E-27
  40 100.0000  1.14E-30 9.05E-19 3.65E-20 3.65E-20 6.54E-14 4.78E-22 7.78E-16 3.65E-20 2.95E-35 1.22E-31 3.65E-20 1.86E-38 3.06E-37

 REPLACING IPARM=2 SOLAR/LUNAR GEOMETRY PARAMETERS
      0.00000   RELATIVE SOLAR/LUNAR AZIMUTH AT H1ALT (DEG EAST OF NORTH)
     20.00000   SOLAR/LUNAR ZENITH ANGLE AT H1ALT (DEG)

      WITH IPARM=0 SOLAR/LUNAR GEOMETRY PARAMETERS
      0.00000   OBSERVER (H1ALT) LATITUDE (DEG NORTH OF EQUATOR)
      0.00000   OBSERVER (H1ALT) LONGITUDE (DEG WEST OF GREENWICH)
      0.00000   SOURCE LATITUDE (DEG NORTH OF EQUATOR)
     20.00413   SOURCE LONGITUDE (DEG WEST OF GREENWICH)
    270.00000   TRUE PATH AZIMUTH FROM H1ALT TO H2ALT (DEG EAST OF NORTH)


 CASE 2A:  GIVEN H1ALT, H2ALT AND OBSZEN


 SLANT PATH PARAMETERS IN STANDARD FORM

          H1ALT   =    0.00000 KM
          H2ALT   =  100.00000 KM
          OBSZEN  =    0.00000 DEG
          BCKZEN  =  180.00000 DEG
          HMIN    =    0.00000 KM
          LENN    =          0

 CALCULATION OF THE REFRACTED PATH THROUGH THE ATMOSPHERE


  I     START       END     START     DELTA     TOTAL     DELTA     EARTH    END TO     DELTA      PATH      LAYER   LAYER     LAYER
     ALTITUDE  ALTITUDE    TO END     RANGE     RANGE     EARTH    CENTER     START   BENDING   BENDING    AVERAGE     AVG   AVERAGE
                           ZENITH                         ANGLE     ANGLE    ZENITH                       PRESSURE    TEMP   DENSITY
         (KM)      (KM)     (DEG)     (KM)       (KM)     (DEG)     (DEG)     (DEG)     (DEG)    (DEG)        (MB)     (K)  (GM/CM3)
          H1ALT TO H2ALT

  1   0.00000   1.00000   0.00000   1.00000   1.00000   0.00000   0.00000 180.00000   0.00000   0.00000  957.35461  291.98 1.141E-03
  2   1.00000   2.00000   0.00000   1.00000   2.00000   0.00000   0.00000 180.00000   0.00000   0.00000  851.86801  287.48 1.031E-03
  3   2.00000   3.00000   0.00000   1.00000   3.00000   0.00000   0.00000 180.00000   0.00000   0.00000  755.83580  282.24 9.320E-04
  4   3.00000   4.00000   0.00000   1.00000   4.00000   0.00000   0.00000 180.00000   0.00000   0.00000  668.84982  276.24 8.426E-04
  5   4.00000   5.00000   0.00000   1.00000   5.00000   0.00000   0.00000 180.00000   0.00000   0.00000  590.86186  270.24 7.609E-04
  6   5.00000   6.00000   0.00000   1.00000   6.00000   0.00000   0.00000 180.00000   0.00000   0.00000  520.37101  264.24 6.853E-04
  7   6.00000   7.00000   0.00000   1.00000   7.00000   0.00000   0.00000 180.00000   0.00000   0.00000  456.37111  258.00 6.155E-04
  8   7.00000   8.00000   0.00000   1.00000   8.00000   0.00000   0.00000 180.00000   0.00000   0.00000  398.88314  251.50 5.518E-04
  9   8.00000   9.00000   0.00000   1.00000   9.00000   0.00000   0.00000 180.00000   0.00000   0.00000  347.89258  245.00 4.940E-04
 10   9.00000   9.95000   0.00000   0.95000   9.95000   0.00000   0.00000 180.00000   0.00000   0.00000  303.42702  238.70 4.423E-04
 11   9.95000  10.00000   0.00000   0.05000  10.00000   0.00000   0.00000 180.00000   0.00000   0.00000  282.01367  235.46 4.172E-04
 12  10.00000  10.05000   0.00000   0.05000  10.05000   0.00000   0.00000 180.00000   0.00000   0.00000  279.99405  235.14 4.148E-04
 13  10.05000  10.95000   0.00000   0.90000  10.95000   0.00000   0.00000 180.00000   0.00000   0.00000  261.82201  232.09 3.925E-04
 14  10.95000  11.00000   0.00000   0.05000  11.00000   0.00000   0.00000 180.00000   0.00000   0.00000  243.89851  228.96 3.711E-04
 15  11.00000  11.05000   0.00000   0.05000  11.05000   0.00000   0.00000 180.00000   0.00000   0.00000  242.10156  228.64 3.689E-04
 16  11.05000  12.00000   0.00000   0.95000  12.00000   0.00000   0.00000 180.00000   0.00000   0.00000  225.02799  225.43 3.473E-04
 17  12.00000  13.00000   0.00000   1.00000  13.00000   0.00000   0.00000 180.00000   0.00000   0.00000  193.92577  219.10 3.078E-04
 18  13.00000  14.00000   0.00000   1.00000  14.00000   0.00000   0.00000 180.00000   0.00000   0.00000  165.99950  215.75 2.675E-04
 19  14.00000  15.00000   0.00000   1.00000  15.00000   0.00000   0.00000 180.00000   0.00000   0.00000  141.49985  215.70 2.280E-04
 20  15.00000  16.00000   0.00000   1.00000  16.00000   0.00000   0.00000 180.00000   0.00000   0.00000  120.49968  215.70 1.942E-04
 21  16.00000  17.00000   0.00000   1.00000  17.00000   0.00000   0.00000 180.00000   0.00000   0.00000  103.00014  215.70 1.660E-04
 22  17.00000  18.00000   0.00000   1.00000  18.00000   0.00000   0.00000 180.00000   0.00000   0.00000   88.10620  216.23 1.416E-04
 23  18.00000  19.00000   0.00000   1.00000  19.00000   0.00000   0.00000 180.00000   0.00000   0.00000   75.35525  217.33 1.205E-04
 24  19.00000  20.00000   0.00000   1.00000  20.00000   0.00000   0.00000 180.00000   0.00000   0.00000   64.50518  218.53 1.026E-04
 25  20.00000  21.00000   0.00000   1.00000  21.00000   0.00000   0.00000 180.00000   0.00000   0.00000   55.25408  219.78 8.740E-05
 26  21.00000  22.00000   0.00000   1.00000  22.00000   0.00000   0.00000 180.00000   0.00000   0.00000   47.35345  220.98 7.450E-05
 27  22.00000  23.00000   0.00000   1.00000  23.00000   0.00000   0.00000 180.00000   0.00000   0.00000   40.65271  222.18 6.362E-05
 28  23.00000  24.00000   0.00000   1.00000  24.00000   0.00000   0.00000 180.00000   0.00000   0.00000   34.90220  223.33 5.433E-05
 29  24.00000  25.00000   0.00000   1.00000  25.00000   0.00000   0.00000 180.00000   0.00000   0.00000   29.95203  224.48 4.639E-05
 30  25.00000  30.00000   0.00000   5.00000  30.00000   0.00000   0.00000 180.00000   0.00000   0.00000   20.49444  228.82 2.978E-05
 31  30.00000  35.00000   0.00000   5.00000  35.00000   0.00000   0.00000 180.00000   0.00000   0.00000    9.88628  238.69 1.382E-05
 32  35.00000  40.00000   0.00000   5.00000  40.00000   0.00000   0.00000 180.00000   0.00000   0.00000    4.93779  250.57 6.601E-06
 33  40.00000  45.00000   0.00000   5.00000  45.00000   0.00000   0.00000 180.00000   0.00000   0.00000    2.55106  262.95 3.262E-06
 34  45.00000  50.00000   0.00000   5.00000  50.00000   0.00000   0.00000 180.00000   0.00000   0.00000    1.35691  272.48 1.680E-06
 35  50.00000  55.00000   0.00000   5.00000  55.00000   0.00000   0.00000 180.00000   0.00000   0.00000    0.73216  272.80 9.078E-07
 36  55.00000  60.00000   0.00000   5.00000  60.00000   0.00000   0.00000 180.00000   0.00000   0.00000    0.39257  263.75 5.028E-07
 37  60.00000  70.00000   0.00000  10.00000  70.00000   0.00000   0.00000 180.00000   0.00000   0.00000    0.16684  241.00 2.115E-07
 38  70.00000  80.00000   0.00000  10.00000  80.00000   0.00000   0.00000 180.00000   0.00000   0.00000    0.03855  200.59 5.554E-08
 39  80.00000 100.00000   0.00000  20.00000 100.00000   0.00000   0.00000 180.00000   0.00000   0.00000    0.00619  177.85 5.990E-09




1  LAYER ABSORBER AMOUNTS FOR THE PATH SEGMENT ENDING AT Z

  J      Z        TBAR       HNO3         O3 UV     CNTMSLF1     CNTMSLF2      CNTMFRN        O2         WAT DROP     ICE PART
       (KM)        (K)     (ATM CM)     (ATM CM)   (MOL CM-2)   (MOL CM-2)   (MOL CM-2)   (MOL CM-2)   (KM GM/M3)   (KM GM/M3)

  1    1.0000   291.98    4.822E-06    2.801E-03    6.030E+20    6.730E+19    3.626E+22    3.200E+04    0.0000000    0.0000000
  2    2.0000   287.48    5.128E-06    2.801E-03    2.558E+20    6.051E+19    2.142E+22    2.774E+04    0.0000000    0.0000000
  3    3.0000   282.24    5.338E-06    2.847E-03    9.268E+19    3.542E+19    1.165E+22    2.411E+04    0.0000000    0.0000000
  4    4.0000   276.24    5.460E-06    2.941E-03    2.968E+19    1.629E+19    5.983E+21    2.101E+04    0.0000000    0.0000000
  5    5.0000   270.24    5.473E-06    3.034E-03    9.156E+18    6.551E+18    2.996E+21    1.833E+04    0.0000000    0.0000000
  6    6.0000   264.24    5.514E-06    3.151E-03    2.861E+18    2.524E+18    1.519E+21    1.597E+04    0.0000000    0.0000000
  7    7.0000   258.00    5.630E-06    3.361E-03    1.059E+18    1.118E+18    8.306E+20    1.390E+04    0.0000000    0.0000000
  8    8.0000   251.50    5.649E-06    3.594E-03    3.687E+17    4.558E+17    4.386E+20    1.209E+04    0.0000000    0.0000000
  9    9.0000   245.00    5.572E-06    3.851E-03    1.195E+17    1.693E+17    2.237E+20    1.053E+04    0.0000000    0.0000000
 10    9.9500   238.70    5.284E-06    3.891E-03    3.607E+16    5.741E+16    1.071E+20    8.729E+03    0.0000000    0.0000000
 11   10.0000   235.46    2.799E-07    2.094E-04    9.558E+14    1.607E+15    3.808E+18    4.278E+02    0.0000000    0.0000000
 12   10.0500   235.14    2.802E-07    2.109E-04    8.854E+14    1.497E+15    3.643E+18    4.248E+02    0.0000000    0.0000000
 13   10.9500   232.09    5.120E-06    4.197E-03    6.805E+15    1.208E+16    3.943E+19    7.157E+03    0.0000000    0.0000000
 14   11.0000   228.96    2.889E-07    2.556E-04    1.168E+14    2.174E+14    1.184E+18    3.716E+02    0.0000000    0.0000000
 15   11.0500   228.64    2.896E-07    2.573E-04    1.027E+14    1.922E+14    1.104E+18    3.690E+02    0.0000000    0.0000000
 16   12.0000   225.43    5.657E-06    5.135E-03    6.791E+14    1.331E+15    1.111E+19    6.528E+03    0.0000000    0.0000000
 17   13.0000   219.10    6.140E-06    6.180E-03    5.349E+13    1.143E+14    2.795E+18    5.965E+03    0.0000000    0.0000000
 18   14.0000   215.75    6.270E-06    7.561E-03    5.312E+12    1.184E+13    8.076E+17    5.072E+03    0.0000000    0.0000000
 19   15.0000   215.70    6.856E-06    8.268E-03    1.616E+12    3.605E+12    3.809E+17    4.230E+03    0.0000000    0.0000000
 20   16.0000   215.70    8.784E-06    8.224E-03    7.407E+11    1.652E+12    2.209E+17    3.534E+03    0.0000000    0.0000000
 21   17.0000   215.70    1.289E-05    8.317E-03    5.094E+11    1.136E+12    1.566E+17    2.972E+03    0.0000000    0.0000000
 22   18.0000   216.23    1.843E-05    9.204E-03    3.537E+11    7.837E+11    1.114E+17    2.500E+03    0.0000000    0.0000000
 23   19.0000   217.33    2.428E-05    1.150E-02    2.557E+11    5.587E+11    8.057E+16    2.101E+03    0.0000000    0.0000000
 24   20.0000   218.53    2.900E-05    1.377E-02    1.940E+11    4.175E+11    5.974E+16    1.769E+03    0.0000000    0.0000000
 25   21.0000   219.78    3.077E-05    1.480E-02    1.517E+11    3.211E+11    4.499E+16    1.493E+03    0.0000000    0.0000000
 26   22.0000   220.98    2.991E-05    1.519E-02    1.202E+11    2.505E+11    3.414E+16    1.263E+03    0.0000000    0.0000000
 27   23.0000   222.18    2.754E-05    1.544E-02    9.773E+10    2.004E+11    2.628E+16    1.071E+03    0.0000000    0.0000000
 28   24.0000   223.33    2.434E-05    1.549E-02    7.929E+10    1.600E+11    2.022E+16    9.095E+02    0.0000000    0.0000000
 29   25.0000   224.48    2.056E-05    1.572E-02    6.303E+10    1.252E+11    1.539E+16    7.727E+02    0.0000000    0.0000000
 30   30.0000   228.82    5.453E-05    6.558E-02    1.561E+11    2.914E+11    3.559E+16    2.459E+03    0.0000000    0.0000000
 31   35.0000   238.69    1.432E-05    4.168E-02    4.008E+10    6.380E+10    8.358E+15    1.129E+03    0.0000000    0.0000000
 32   40.0000   250.57    2.683E-06    2.116E-02    9.933E+09    1.254E+10    1.984E+15    5.362E+02    0.0000000    0.0000000
 33   45.0000   262.95    3.796E-07    7.657E-03    2.641E+09    2.425E+09    5.044E+14    2.644E+02    0.0000000    0.0000000
 34   50.0000   272.48    5.688E-08    2.388E-03    7.611E+08    4.972E+08    1.391E+14    1.360E+02    0.0000000    0.0000000
 35   55.0000   272.80    1.768E-08    8.121E-04    2.187E+08    1.409E+08    4.020E+13    7.345E+01    0.0000000    0.0000000
 36   60.0000   263.75    8.107E-09    3.037E-04    6.151E+07    5.510E+07    1.181E+13    4.067E+01    0.0000000    0.0000000
 37   70.0000   241.00    5.900E-09    1.398E-04    1.836E+07    2.806E+07    4.002E+12    3.421E+01    0.0000000    0.0000000
 38   80.0000   200.59    1.362E-09    1.344E-05    6.525E+05    1.729E+06    2.019E+11    8.983E+00    0.0000000    0.0000000
 39  100.0000   177.85    2.728E-10    2.206E-06    7.934E+03    2.604E+04    4.436E+09    1.823E+00    0.0000000    0.0000000



1 J      Z        N2 CONT     MOL SCAT        AER 1        AER 2        AER 3        AER 4        CIRRUS     WAT DROP     ICE PART
        (KM)                (550nm EXT)                                                                     (550 NM OPTICAL DEPTH)

  1    1.0000    0.7157417    0.0107007    0.3790000    0.0000000    0.0000000    0.0000000    0.0000000    0.0000000    0.0000000
  2    2.0000    0.5845655    0.0096705    0.1752000    0.0000000    0.0000000    0.0000000    0.0000000    0.0000000    0.0000000
  3    3.0000    0.4774188    0.0087395    0.0310500    0.0173000    0.0000000    0.0000000    0.0000000    0.0000000    0.0000000
  4    4.0000    0.3902644    0.0079016    0.0000000    0.0257154    0.0000000    0.0000000    0.0000000    0.0000000    0.0000000
  5    5.0000    0.3182158    0.0071349    0.0000000    0.0133832    0.0000000    0.0000000    0.0000000    0.0000000    0.0000000
  6    6.0000    0.2581324    0.0064259    0.0000000    0.0084849    0.0000000    0.0000000    0.0000000    0.0000000    0.0000000
  7    7.0000    0.2082523    0.0057717    0.0000000    0.0069437    0.0000000    0.0000000    0.0000000    0.0000000    0.0000000
  8    8.0000    0.1674142    0.0051748    0.0000000    0.0046545    0.0000000    0.0000000    0.0000000    0.0000000    0.0000000
  9    9.0000    0.1341865    0.0046328    0.0000000    0.0025159    0.0000000    0.0000000    0.0000000    0.0000000    0.0000000
 10    9.9500    0.1021598    0.0039401    0.0000000    0.0013959    0.0000000    0.0000000    0.0000000    0.0000000    0.0000000
 11   10.0000    0.0047805    0.0001956    0.0000000    0.0000577    0.0000000    0.0000000    0.0017500    0.0000000    0.0000000
 12   10.0500    0.0047252    0.0001945    0.0000000    0.0000285    0.0000280    0.0000000    0.0052500    0.0000000    0.0000000
 13   10.9500    0.0762336    0.0033129    0.0000000    0.0000000    0.0008626    0.0000000    0.1259999    0.0000000    0.0000000
 14   11.0000    0.0037815    0.0001740    0.0000000    0.0000000    0.0000403    0.0000000    0.0052500    0.0000000    0.0000000
 15   11.0500    0.0037365    0.0001730    0.0000000    0.0000000    0.0000397    0.0000000    0.0017500    0.0000000    0.0000000
 16   12.0000    0.0629865    0.0030936    0.0000000    0.0000000    0.0006774    0.0000000    0.0000000    0.0000000    0.0000000
 17   13.0000    0.0521128    0.0028867    0.0000000    0.0000000    0.0005768    0.0000000    0.0000000    0.0000000    0.0000000
 18   14.0000    0.0393747    0.0025083    0.0000000    0.0000000    0.0004785    0.0000000    0.0000000    0.0000000    0.0000000
 19   15.0000    0.0286190    0.0021383    0.0000000    0.0000000    0.0004181    0.0000000    0.0000000    0.0000000    0.0000000
 20   16.0000    0.0207573    0.0018212    0.0000000    0.0000000    0.0003885    0.0000000    0.0000000    0.0000000    0.0000000
 21   17.0000    0.0151670    0.0015568    0.0000000    0.0000000    0.0004035    0.0000000    0.0000000    0.0000000    0.0000000
 22   18.0000    0.0110427    0.0013283    0.0000000    0.0000000    0.0004725    0.0000000    0.0000000    0.0000000    0.0000000
 23   19.0000    0.0079964    0.0011303    0.0000000    0.0000000    0.0005505    0.0000000    0.0000000    0.0000000    0.0000000
 24   20.0000    0.0057955    0.0009623    0.0000000    0.0000000    0.0005850    0.0000000    0.0000000    0.0000000    0.0000000
 25   21.0000    0.0042042    0.0008196    0.0000000    0.0000000    0.0005443    0.0000000    0.0000000    0.0000000    0.0000000
 26   22.0000    0.0030544    0.0006986    0.0000000    0.0000000    0.0004598    0.0000000    0.0000000    0.0000000    0.0000000
 27   23.0000    0.0022271    0.0005966    0.0000000    0.0000000    0.0003566    0.0000000    0.0000000    0.0000000    0.0000000
 28   24.0000    0.0016245    0.0005095    0.0000000    0.0000000    0.0002455    0.0000000    0.0000000    0.0000000    0.0000000
 29   25.0000    0.0011843    0.0004350    0.0000000    0.0000000    0.0001622    0.0000000    0.0000000    0.0000000    0.0000000
 30   30.0000    0.0025576    0.0013964    0.0000000    0.0000000    0.0003562    0.0000000    0.0000000    0.0000000    0.0000000
 31   35.0000    0.0005492    0.0006481    0.0000000    0.0000000    0.0000830    0.0000108    0.0000000    0.0000000    0.0000000
 32   40.0000    0.0001248    0.0003095    0.0000000    0.0000000    0.0000000    0.0000139    0.0000000    0.0000000    0.0000000
 33   45.0000    0.0000304    0.0001529    0.0000000    0.0000000    0.0000000    0.0000059    0.0000000    0.0000000    0.0000000
 34   50.0000    0.0000080    0.0000788    0.0000000    0.0000000    0.0000000    0.0000029    0.0000000    0.0000000    0.0000000
 35   55.0000    0.0000023    0.0000426    0.0000000    0.0000000    0.0000000    0.0000015    0.0000000    0.0000000    0.0000000
 36   60.0000    0.0000007    0.0000236    0.0000000    0.0000000    0.0000000    0.0000008    0.0000000    0.0000000    0.0000000
 37   70.0000    0.0000003    0.0000198    0.0000000    0.0000000    0.0000000    0.0000007    0.0000000    0.0000000    0.0000000
 38   80.0000    0.0000000    0.0000052    0.0000000    0.0000000    0.0000000    0.0000002    0.0000000    0.0000000    0.0000000
 39  100.0000    0.0000000    0.0000011    0.0000000    0.0000000    0.0000000    0.0000000    0.0000000    0.0000000    0.0000000



1    J    Z       H2O       O3        CO2       CO        CH4       N2O       O2        NH3       NO        NO2       SO2
        (KM)    (                                                      ATM CM                                             )

   1    1.0000  1.43E+03  2.80E-03  2.91E+01  1.30E-02  1.50E-01  2.83E-02  1.85E+04  4.42E-05  2.65E-05  2.03E-06  2.53E-05
   2    2.0000  9.29E+02  2.80E-03  2.63E+01  1.14E-02  1.36E-01  2.55E-02  1.67E+04  3.84E-05  2.39E-05  1.84E-06  2.03E-05
   3    3.0000  5.56E+02  2.85E-03  2.38E+01  9.91E-03  1.23E-01  2.31E-02  1.51E+04  3.03E-05  2.16E-05  1.66E-06  1.53E-05
   4    4.0000  3.15E+02  2.94E-03  2.15E+01  8.68E-03  1.11E-01  2.09E-02  1.36E+04  2.17E-05  1.96E-05  1.50E-06  1.09E-05
   5    5.0000  1.74E+02  3.03E-03  1.94E+01  7.70E-03  9.96E-02  1.88E-02  1.23E+04  1.44E-05  1.77E-05  1.35E-06  7.76E-06
   6    6.0000  9.81E+01  3.15E-03  1.75E+01  6.87E-03  8.91E-02  1.70E-02  1.11E+04  9.22E-06  1.59E-05  1.22E-06  5.69E-06
   7    7.0000  5.97E+01  3.36E-03  1.57E+01  6.04E-03  7.91E-02  1.52E-02  9.95E+03  5.78E-06  1.43E-05  1.10E-06  4.29E-06
   8    8.0000  3.51E+01  3.59E-03  1.41E+01  5.19E-03  7.00E-02  1.37E-02  8.93E+03  3.46E-06  1.28E-05  9.82E-07  3.31E-06
   9    9.0000  2.00E+01  3.85E-03  1.26E+01  4.36E-03  6.20E-02  1.22E-02  7.99E+03  1.92E-06  1.15E-05  8.83E-07  2.63E-06
  10    9.9500  1.07E+01  3.89E-03  1.07E+01  3.41E-03  5.20E-02  1.02E-02  6.80E+03  9.32E-07  9.75E-06  7.63E-07  2.06E-06
  11   10.0000  4.05E-01  2.09E-04  5.33E-01  1.61E-04  2.55E-03  5.00E-04  3.37E+02  3.33E-08  4.84E-07  3.84E-08  9.83E-08
  12   10.0500  3.90E-01  2.11E-04  5.30E-01  1.60E-04  2.53E-03  4.96E-04  3.35E+02  3.21E-08  4.82E-07  3.83E-08  9.74E-08
  13   10.9500  4.42E+00  4.20E-03  9.02E+00  2.59E-03  4.27E-02  8.32E-03  5.71E+03  4.14E-07  8.20E-06  6.81E-07  1.62E-06
  14   11.0000  1.42E-01  2.56E-04  4.74E-01  1.29E-04  2.22E-03  4.30E-04  3.00E+02  1.59E-08  4.31E-07  3.75E-08  8.32E-08
  15   11.0500  1.33E-01  2.57E-04  4.71E-01  1.28E-04  2.20E-03  4.26E-04  2.98E+02  1.53E-08  4.28E-07  3.75E-08  8.25E-08
  16   12.0000  1.40E+00  5.14E-03  8.42E+00  2.13E-03  3.89E-02  7.56E-03  5.34E+03  2.12E-07  7.66E-06  7.36E-07  1.45E-06
  17   13.0000  3.97E-01  6.18E-03  7.86E+00  1.69E-03  3.56E-02  6.91E-03  4.98E+03  1.09E-07  7.13E-06  8.97E-07  1.33E-06
  18   14.0000  1.33E-01  7.56E-03  6.83E+00  1.18E-03  3.03E-02  5.86E-03  4.33E+03  4.08E-08  6.15E-06  1.21E-06  1.16E-06
  19   15.0000  7.36E-02  8.27E-03  5.82E+00  7.90E-04  2.54E-02  4.88E-03  3.69E+03  1.30E-08  5.10E-06  2.10E-06  1.00E-06
  20   16.0000  5.04E-02  8.22E-03  4.96E+00  5.26E-04  2.11E-02  4.01E-03  3.14E+03  4.77E-09  4.14E-06  3.60E-06  8.64E-07
  21   17.0000  4.18E-02  8.32E-03  4.24E+00  3.57E-04  1.76E-02  3.23E-03  2.68E+03  2.01E-09  3.34E-06  5.29E-06  7.15E-07
  22   18.0000  3.48E-02  9.20E-03  3.62E+00  2.44E-04  1.47E-02  2.52E-03  2.29E+03  9.57E-10  2.70E-06  6.97E-06  5.57E-07
  23   19.0000  2.96E-02  1.15E-02  3.08E+00  1.64E-04  1.21E-02  1.87E-03  1.95E+03  4.90E-10  2.26E-06  8.45E-06  4.08E-07
  24   20.0000  2.58E-02  1.38E-02  2.62E+00  1.14E-04  9.95E-03  1.37E-03  1.66E+03  2.50E-10  1.98E-06  9.64E-06  2.84E-07
  25   21.0000  2.28E-02  1.48E-02  2.23E+00  8.67E-05  8.05E-03  9.90E-04  1.41E+03  1.46E-10  1.80E-06  1.06E-05  1.98E-07
  26   22.0000  2.03E-02  1.52E-02  1.90E+00  7.10E-05  6.40E-03  7.12E-04  1.20E+03  1.05E-10  1.68E-06  1.12E-05  1.43E-07
  27   23.0000  1.83E-02  1.54E-02  1.62E+00  6.24E-05  5.02E-03  5.37E-04  1.03E+03  8.15E-11  1.63E-06  1.16E-05  1.07E-07
  28   24.0000  1.65E-02  1.55E-02  1.39E+00  5.68E-05  3.90E-03  4.20E-04  8.79E+02  6.37E-11  1.69E-06  1.18E-05  8.35E-08
  29   25.0000  1.47E-02  1.57E-02  1.18E+00  5.23E-05  3.00E-03  3.34E-04  7.50E+02  4.79E-11  2.01E-06  1.21E-05  6.55E-08
  30   30.0000  5.09E-02  6.56E-02  3.80E+00  1.98E-04  8.27E-03  9.13E-04  2.41E+03  1.08E-10  1.50E-05  5.41E-05  1.80E-07
  31   35.0000  2.57E-02  4.17E-02  1.76E+00  1.18E-04  3.06E-03  2.80E-04  1.12E+03  2.09E-11  2.21E-05  3.55E-05  6.73E-08
  32   40.0000  1.28E-02  2.12E-02  8.43E-01  6.87E-05  1.15E-03  6.92E-05  5.34E+02  2.36E-12  2.24E-05  1.45E-05  3.18E-08
  33   45.0000  6.63E-03  7.66E-03  4.16E-01  3.93E-05  4.32E-04  1.57E-05  2.64E+02  1.64E-13  1.44E-05  3.10E-06  2.10E-08
  34   50.0000  3.56E-03  2.39E-03  2.15E-01  2.25E-05  1.58E-04  3.48E-06  1.36E+02  1.11E-14  7.19E-06  5.06E-07  1.75E-08
  35   55.0000  1.91E-03  8.12E-04  1.16E-01  1.32E-05  6.22E-05  9.26E-07  7.34E+01  2.11E-15  3.59E-06  1.38E-07  1.41E-08
  36   60.0000  1.01E-03  3.04E-04  6.42E-02  8.27E-06  3.00E-05  3.36E-07  4.07E+01  8.29E-16  1.96E-06  6.11E-08  9.41E-09
  37   70.0000  7.28E-04  1.40E-04  5.40E-02  1.14E-05  2.45E-05  1.83E-07  3.42E+01  5.23E-16  1.74E-06  4.30E-08  7.87E-09
  38   80.0000  1.30E-04  1.34E-05  1.42E-02  1.12E-05  6.45E-06  2.88E-08  8.98E+00  1.01E-16  7.01E-07  9.44E-09  1.25E-09
  39  100.0000  1.39E-05  2.21E-06  2.71E-03  1.45E-05  1.32E-06  4.20E-09  1.82E+00  1.76E-17  1.26E-06  1.80E-09  6.55E-11



   J      Z       CFC11    CFC12    CFC13    CFC14    CFC22   CFC113   CFC114   CFC115   CLONO2     HNO4   CHCL2F     CCL4     N2O5
        (KM)    (                                                     ATM CM                                                     )
   1    1.0000 1.24E-05 2.12E-05 8.83E-14 8.83E-14 5.30E-06 1.68E-06 1.06E-06 8.83E-14 4.80E-07 1.10E-07 8.83E-14 1.15E-05 5.13E-11
   2    2.0000 1.12E-05 1.92E-05 7.98E-14 7.98E-14 4.78E-06 1.52E-06 9.58E-07 7.98E-14 3.84E-07 2.35E-07 7.98E-14 1.04E-05 1.03E-10
   3    3.0000 1.01E-05 1.73E-05 7.21E-14 7.21E-14 4.32E-06 1.37E-06 8.65E-07 7.21E-14 3.02E-07 3.35E-07 7.21E-14 9.38E-06 1.45E-10
   4    4.0000 9.13E-06 1.56E-05 6.52E-14 6.52E-14 3.90E-06 1.24E-06 7.82E-07 6.52E-14 2.33E-07 4.14E-07 6.52E-14 8.48E-06 1.77E-10
   5    5.0000 8.24E-06 1.41E-05 5.89E-14 5.89E-14 3.52E-06 1.12E-06 7.07E-07 5.89E-14 1.77E-07 7.32E-07 5.89E-14 7.65E-06 1.97E-10
   6    6.0000 7.42E-06 1.27E-05 5.30E-14 5.30E-14 3.17E-06 1.01E-06 6.36E-07 5.30E-14 1.32E-07 1.24E-06 5.30E-14 6.88E-06 2.04E-10
   7    7.0000 6.67E-06 1.14E-05 4.76E-14 4.76E-14 2.85E-06 9.05E-07 5.72E-07 4.76E-14 9.48E-08 1.63E-06 4.76E-14 6.16E-06 2.08E-10
   8    8.0000 5.98E-06 1.02E-05 4.27E-14 4.27E-14 2.55E-06 8.11E-07 5.12E-07 4.27E-14 6.33E-08 1.93E-06 4.27E-14 5.52E-06 2.09E-10
   9    9.0000 5.35E-06 9.17E-06 3.82E-14 3.82E-14 2.28E-06 7.26E-07 4.59E-07 3.82E-14 4.68E-08 1.91E-06 3.82E-14 4.93E-06 2.08E-10
  10    9.9500 4.54E-06 7.79E-06 3.25E-14 3.25E-14 1.94E-06 6.17E-07 3.90E-07 3.25E-14 3.88E-08 1.57E-06 3.25E-14 4.19E-06 1.96E-10
  11   10.0000 2.25E-07 3.87E-07 1.61E-15 1.61E-15 9.62E-08 3.06E-08 1.94E-08 1.61E-15 1.90E-09 7.64E-08 1.61E-15 2.08E-07 1.03E-11
  12   10.0500 2.24E-07 3.84E-07 1.61E-15 1.61E-15 9.57E-08 3.04E-08 1.93E-08 1.61E-15 1.88E-09 7.58E-08 1.61E-15 2.07E-07 1.02E-11
  13   10.9500 3.81E-06 6.54E-06 2.73E-14 2.73E-14 1.63E-06 5.18E-07 3.28E-07 2.73E-14 3.17E-08 1.27E-06 2.73E-14 3.53E-06 1.82E-10
  14   11.0000 2.00E-07 3.44E-07 1.44E-15 1.44E-15 8.55E-08 2.72E-08 1.72E-08 1.44E-15 1.64E-09 6.54E-08 1.44E-15 1.85E-07 9.98E-12
  15   11.0500 1.99E-07 3.42E-07 1.43E-15 1.43E-15 8.50E-08 2.70E-08 1.71E-08 1.43E-15 1.63E-09 6.49E-08 1.43E-15 1.84E-07 9.97E-12
  16   12.0000 3.55E-06 6.11E-06 2.55E-14 2.55E-14 1.52E-06 4.83E-07 3.06E-07 2.55E-14 2.87E-08 1.14E-06 2.55E-14 3.29E-06 1.86E-10
  17   13.0000 3.26E-06 5.65E-06 2.38E-14 2.38E-14 1.41E-06 4.46E-07 2.84E-07 2.38E-14 1.04E-07 1.19E-06 2.38E-14 3.03E-06 5.02E-09
  18   14.0000 2.75E-06 4.84E-06 2.07E-14 2.07E-14 1.21E-06 3.80E-07 2.45E-07 2.07E-14 2.32E-07 1.30E-06 2.07E-14 2.55E-06 1.33E-08
  19   15.0000 2.28E-06 4.06E-06 1.76E-14 1.76E-14 1.02E-06 3.18E-07 2.06E-07 1.76E-14 3.20E-07 1.33E-06 1.76E-14 2.10E-06 1.90E-08
  20   16.0000 1.88E-06 3.41E-06 1.50E-14 1.50E-14 8.64E-07 2.66E-07 1.74E-07 1.50E-14 3.76E-07 1.33E-06 1.50E-14 1.73E-06 2.27E-08
  21   17.0000 1.51E-06 2.83E-06 1.28E-14 1.28E-14 7.25E-07 2.19E-07 1.46E-07 1.28E-14 8.02E-07 1.51E-06 1.28E-14 1.38E-06 6.42E-08
  22   18.0000 1.17E-06 2.30E-06 1.10E-14 1.10E-14 6.01E-07 1.76E-07 1.21E-07 1.10E-14 1.48E-06 1.81E-06 1.10E-14 1.05E-06 1.32E-07
  23   19.0000 8.98E-07 1.86E-06 9.33E-15 9.33E-15 4.97E-07 1.41E-07 9.97E-08 9.33E-15 1.94E-06 1.98E-06 9.33E-15 7.93E-07 1.78E-07
  24   20.0000 6.80E-07 1.50E-06 7.94E-15 7.94E-15 4.11E-07 1.12E-07 8.23E-08 7.94E-15 2.23E-06 2.06E-06 7.94E-15 5.86E-07 2.08E-07
  25   21.0000 5.03E-07 1.20E-06 6.76E-15 6.76E-15 3.38E-07 8.79E-08 6.75E-08 6.76E-15 2.61E-06 2.14E-06 6.76E-15 4.24E-07 2.39E-07
  26   22.0000 3.62E-07 9.49E-07 5.76E-15 5.76E-15 2.76E-07 6.79E-08 5.50E-08 5.76E-15 3.03E-06 2.21E-06 5.76E-15 2.97E-07 2.70E-07
  27   23.0000 2.52E-07 7.46E-07 4.92E-15 4.92E-15 2.26E-07 5.19E-08 4.48E-08 4.92E-15 3.28E-06 2.22E-06 4.92E-15 1.99E-07 2.88E-07
  28   24.0000 1.67E-07 5.83E-07 4.20E-15 4.20E-15 1.85E-07 3.92E-08 3.64E-08 4.20E-15 3.39E-06 2.17E-06 4.20E-15 1.23E-07 2.94E-07
  29   25.0000 1.10E-07 4.50E-07 3.59E-15 3.59E-15 1.51E-07 2.93E-08 2.94E-08 3.59E-15 3.32E-06 2.03E-06 3.59E-15 7.68E-08 2.75E-07
  30   30.0000 1.55E-07 1.03E-06 1.15E-14 1.15E-14 4.14E-07 5.98E-08 7.92E-08 1.15E-14 1.20E-05 6.33E-06 1.15E-14 9.49E-08 7.71E-07
  31   35.0000 7.77E-09 2.10E-07 5.35E-15 5.35E-15 1.38E-07 9.10E-09 2.51E-08 5.35E-15 4.44E-06 1.68E-06 5.35E-15 2.91E-09 1.60E-07
  32   40.0000 1.31E-10 3.33E-08 2.55E-15 2.55E-15 4.46E-08 9.48E-10 7.70E-09 2.55E-15 5.59E-07 1.49E-07 2.55E-15 1.86E-11 8.26E-09
  33   45.0000 8.53E-13 5.04E-09 1.26E-15 1.26E-15 1.55E-08 9.19E-11 2.51E-09 1.26E-15 1.86E-08 5.32E-09 1.26E-15 1.39E-14 7.87E-11
  34   50.0000 2.31E-14 9.51E-10 6.50E-16 6.50E-16 6.27E-09 1.30E-11 9.40E-10 6.50E-16 3.45E-10 2.38E-10 6.50E-16 1.06E-16 7.19E-13
  35   55.0000 9.12E-16 2.21E-10 3.51E-16 3.51E-16 2.98E-09 2.37E-12 4.05E-10 3.51E-16 5.03E-12 1.12E-11 3.51E-16 1.26E-18 6.18E-15
  36   60.0000 4.64E-17 5.87E-11 1.95E-16 1.95E-16 1.54E-09 5.03E-13 1.87E-10 1.95E-16 6.31E-14 5.19E-13 1.95E-16 1.98E-20 4.54E-17
  37   70.0000 2.13E-18 1.83E-11 1.64E-16 1.64E-16 1.23E-09 1.17E-13 1.22E-10 1.64E-16 7.27E-16 3.40E-14 1.64E-16 1.99E-22 1.90E-19
  38   80.0000 5.98E-21 8.93E-13 4.30E-17 4.30E-17 2.98E-10 3.45E-15 2.10E-11 4.30E-17 6.67E-19 5.15E-16 4.30E-17 8.50E-26 7.65E-23
  39  100.0000 4.91E-24 2.08E-14 9.27E-18 9.27E-18 4.61E-11 4.24E-17 1.95E-12 9.27E-18 5.26E-23 1.04E-18 9.27E-18 5.59E-30 7.83E-27


 SUMMARY OF THE GEOMETRY CALCULATION

          H1ALT   =    0.00000 KM
          H2ALT   =  100.00000 KM
          OBSZEN  =    0.00000 DEG
          HRANGE  =  100.00000 KM
          BETA    =    0.00000 DEG
          PHI     =  180.00000 DEG
          HMIN    =    0.00000 KM
          BENDING =    0.00000 DEG
          LENN    =          0


   TOTAL COLUMN ABSORBER AMOUNTS FOR A VERTICAL PATH FROM GROUND TO SPACE:

                 HNO3      O3 UV      CNTMSLF1    CNTMSLF2    CNTMFRN     N2 CONT     MOL SCAT   TOTAL AER
               (ATM CM)   (ATM CM)   (MOL CM-2)  (MOL CM-2)  (MOL CM-2)              ( 550 NM EXTINCTION )
            3.8356E-04  3.3194E-01  9.9467E+20  1.9042E+20  8.1488E+22  3.7090E+00  0.09730544  0.67349553


                AER 1       AER 2       AER 3       AER 4      CIRRUS     WAT DROP    ICE PART   MEAN AER RH
                (                 550 NM EXTINCTION                 )    (KM GM/M3)  (KM GM/M3)   (PERCENT)
             0.58525002  0.08047973  0.00772904  0.00003671   0.140000    0.000000    0.000000     68.3597


                H2O         O3          CO2         CO          CH4         N2O

             (                                   ATM CM                                   )
            3.6361E+03  3.3194E-01  2.6498E+02  8.7744E-02  1.2684E+00  2.3743E-01


                O2          NH3         NO          NO2         SO2
               (                      ATM CM                      )
            1.6782E+05  1.7121E-04  3.2323E-04  2.1841E-04  1.0838E-04


               CFC11       CFC12       CFC13       CFC14       CFC22      CFC113      CFC114
             (                                    ATM CM                                    )
            1.0517E-04  1.8457E-04  8.0298E-13  8.0298E-13  4.6661E-05  1.4508E-05  9.3553E-06


              CFC115      CLONO2        HNO4      CHCL2F        CCL4        N2O5
             (                                    ATM CM                                    )
            8.0298E-13  4.2176E-05  4.4229E-05  8.0298E-13  9.7073E-05  2.9493E-06


1 SINGLE SCATTER SOLAR PATH GEOMETRY TABLE FOR THE VERTICAL GROUND-TO-SPACE PATH (THIS PATH IS USED FOR MULTIPLE SCATTERING)
  --------------------------------------------------------------------------------------------------------------------------

 SCT    SCATTER  SUBTENDED      SOLAR       PATH   RELATIVE    SCATTER
 PNT   ALTITUDE      ANGLE     ZENITH     ZENITH    AZIMUTH      ANGLE
           [KM]      [DEG]      [DEG]      [DEG]      [DEG]      [DEG]
   1    0.00000    0.00000   19.99855    0.00000    0.00000   19.99854    
   2    1.00000    0.00000   19.99908    0.00000    0.00000   19.99908    
   3    2.00000    0.00000   19.99957    0.00000    0.00000   19.99956    
   4    3.00000    0.00000   20.00000    0.00000    0.00000   20.00000    
   5    4.00000    0.00000   20.00039    0.00000    0.00000   20.00039    
   6    5.00000    0.00000   20.00076    0.00000    0.00000   20.00076    
   7    6.00000    0.00000   20.00110    0.00000    0.00000   20.00110    
   8    7.00000    0.00000   20.00141    0.00000    0.00000   20.00141    
   9    8.00000    0.00000   20.00169    0.00000    0.00000   20.00170    
  10    9.00000    0.00000   20.00195    0.00000    0.00000   20.00195    
  11    9.95000    0.00000   20.00218    0.00000    0.00000   20.00218    
  12   10.00000    0.00000   20.00219    0.00000    0.00000   20.00219    
  13   10.05000    0.00000   20.00220    0.00000    0.00000   20.00220    
  14   10.95000    0.00000   20.00239    0.00000    0.00000   20.00240    
  15   11.00000    0.00000   20.00241    0.00000    0.00000   20.00241    
  16   11.05000    0.00000   20.00241    0.00000    0.00000   20.00242    
  17   12.00000    0.00000   20.00260    0.00000    0.00000   20.00261    
  18   13.00000    0.00000   20.00278    0.00000    0.00000   20.00279    
  19   14.00000    0.00000   20.00298    0.00000    0.00000   20.00298    
  20   15.00000    0.00000   20.00413    0.00000    0.00000   20.00413    
  21   16.00000    0.00000   20.00413    0.00000    0.00000   20.00413    
  22   17.00000    0.00000   20.00413    0.00000    0.00000   20.00413    
  23   18.00000    0.00000   20.00413    0.00000    0.00000   20.00413    
  24   19.00000    0.00000   20.00413    0.00000    0.00000   20.00413    
  25   20.00000    0.00000   20.00413    0.00000    0.00000   20.00413    
  26   21.00000    0.00000   20.00413    0.00000    0.00000   20.00413    
  27   22.00000    0.00000   20.00413    0.00000    0.00000   20.00413    
  28   23.00000    0.00000   20.00413    0.00000    0.00000   20.00413    
  29   24.00000    0.00000   20.00413    0.00000    0.00000   20.00413    
  30   25.00000    0.00000   20.00413    0.00000    0.00000   20.00413    
  31   30.00000    0.00000   20.00413    0.00000    0.00000   20.00413    
  32   35.00000    0.00000   20.00413    0.00000    0.00000   20.00413    
  33   40.00000    0.00000   20.00413    0.00000    0.00000   20.00413    
  34   45.00000    0.00000   20.00413    0.00000    0.00000   20.00413    
  35   50.00000    0.00000   20.00413    0.00000    0.00000   20.00413    
  36   55.00000    0.00000   20.00413    0.00000    0.00000   20.00413    
  37   60.00000    0.00000   20.00413    0.00000    0.00000   20.00413    
  38   70.00000    0.00000   20.00413    0.00000    0.00000   20.00413    
  39   80.00000    0.00000   20.00413    0.00000    0.00000   20.00413    
  40  100.00000    0.00000   20.00413    0.00000    0.00000   20.00413    


 CASE 2A:  GIVEN H1ALT, H2ALT AND OBSZEN


 EITHER A SHORT PATH (LENN=0) OR A LONG PATH THROUGH A TANGENT HEIGHT (LENN=1) IS POSSIBLE: LENN =   0


 SLANT PATH PARAMETERS IN STANDARD FORM

          H1ALT   =    3.00000 KM
          H2ALT   =    0.00000 KM
          OBSZEN  =  180.00000 DEG
          BCKZEN  =    0.00000 DEG
          HMIN    =    0.00000 KM
          LENN    =          0

 CALCULATION OF THE REFRACTED PATH THROUGH THE ATMOSPHERE


  I     START       END     START     DELTA     TOTAL     DELTA     EARTH    END TO     DELTA      PATH      LAYER   LAYER     LAYER
     ALTITUDE  ALTITUDE    TO END     RANGE     RANGE     EARTH    CENTER     START   BENDING   BENDING    AVERAGE     AVG   AVERAGE
                           ZENITH                         ANGLE     ANGLE    ZENITH                       PRESSURE    TEMP   DENSITY
         (KM)      (KM)     (DEG)     (KM)       (KM)     (DEG)     (DEG)     (DEG)     (DEG)    (DEG)        (MB)     (K)  (GM/CM3)
          H2ALT TO H1ALT

  1   0.00000   1.00000   0.00000   1.00000   1.00000   0.00000   0.00000 180.00000   0.00000   0.00000  957.35461  291.98 1.141E-03
  2   1.00000   2.00000   0.00000   1.00000   2.00000   0.00000   0.00000 180.00000   0.00000   0.00000  851.86801  287.48 1.031E-03
  3   2.00000   3.00000   0.00000   1.00000   3.00000   0.00000   0.00000 180.00000   0.00000   0.00000  755.83580  282.24 9.320E-04




1  LAYER ABSORBER AMOUNTS FOR THE PATH SEGMENT ENDING AT Z

  J      Z        TBAR       HNO3         O3 UV     CNTMSLF1     CNTMSLF2      CNTMFRN        O2         WAT DROP     ICE PART
       (KM)        (K)     (ATM CM)     (ATM CM)   (MOL CM-2)   (MOL CM-2)   (MOL CM-2)   (MOL CM-2)   (KM GM/M3)   (KM GM/M3)

  1    2.0000   282.24    5.338E-06    2.847E-03    9.268E+19    3.542E+19    1.165E+22    2.411E+04    0.0000000    0.0000000
  2    1.0000   287.48    5.128E-06    2.801E-03    2.558E+20    6.051E+19    2.142E+22    2.774E+04    0.0000000    0.0000000
  3    0.0000   291.98    4.822E-06    2.801E-03    6.030E+20    6.730E+19    3.626E+22    3.200E+04    0.0000000    0.0000000



1 J      Z        N2 CONT     MOL SCAT        AER 1        AER 2        AER 3        AER 4        CIRRUS     WAT DROP     ICE PART
        (KM)                (550nm EXT)                                                                     (550 NM OPTICAL DEPTH)

  1    2.0000    0.4774188    0.0087395    0.0310500    0.0173000    0.0000000    0.0000000    0.0000000    0.0000000    0.0000000
  2    1.0000    0.5845655    0.0096705    0.1752000    0.0000000    0.0000000    0.0000000    0.0000000    0.0000000    0.0000000
  3    0.0000    0.7157417    0.0107007    0.3790000    0.0000000    0.0000000    0.0000000    0.0000000    0.0000000    0.0000000



1    J    Z       H2O       O3        CO2       CO        CH4       N2O       O2        NH3       NO        NO2       SO2
        (KM)    (                                                      ATM CM                                             )

   1    2.0000  5.56E+02  2.85E-03  2.38E+01  9.91E-03  1.23E-01  2.31E-02  1.51E+04  3.03E-05  2.16E-05  1.66E-06  1.53E-05
   2    1.0000  9.29E+02  2.80E-03  2.63E+01  1.14E-02  1.36E-01  2.55E-02  1.67E+04  3.84E-05  2.39E-05  1.84E-06  2.03E-05
   3    0.0000  1.43E+03  2.80E-03  2.91E+01  1.30E-02  1.50E-01  2.83E-02  1.85E+04  4.42E-05  2.65E-05  2.03E-06  2.53E-05



   J      Z       CFC11    CFC12    CFC13    CFC14    CFC22   CFC113   CFC114   CFC115   CLONO2     HNO4   CHCL2F     CCL4     N2O5
        (KM)    (                                                     ATM CM                                                     )
   1    2.0000 1.01E-05 1.73E-05 7.21E-14 7.21E-14 4.32E-06 1.37E-06 8.65E-07 7.21E-14 3.02E-07 3.35E-07 7.21E-14 9.38E-06 1.45E-10
   2    1.0000 1.12E-05 1.92E-05 7.98E-14 7.98E-14 4.78E-06 1.52E-06 9.58E-07 7.98E-14 3.84E-07 2.35E-07 7.98E-14 1.04E-05 1.03E-10
   3    0.0000 1.24E-05 2.12E-05 8.83E-14 8.83E-14 5.30E-06 1.68E-06 1.06E-06 8.83E-14 4.80E-07 1.10E-07 8.83E-14 1.15E-05 5.13E-11


 SUMMARY OF THE GEOMETRY CALCULATION

          H1ALT   =    3.00000 KM
          H2ALT   =    0.00000 KM
          OBSZEN  =  180.00000 DEG
          HRANGE  =    3.00000 KM
          BETA    =    0.00000 DEG
          PHI     =    0.00000 DEG
          HMIN    =    0.00000 KM
          BENDING =    0.00000 DEG
          LENN    =          0


   TOTAL COLUMN ABSORBER AMOUNTS FOR THE LINE-OF-SIGHT PATH:

                 HNO3      O3 UV      CNTMSLF1    CNTMSLF2    CNTMFRN     N2 CONT     MOL SCAT   TOTAL AER
               (ATM CM)   (ATM CM)   (MOL CM-2)  (MOL CM-2)  (MOL CM-2)              ( 550 NM EXTINCTION )
            1.5288E-05  8.4486E-03  9.5138E+20  1.6323E+20  6.9324E+22  1.7777E+00  0.02911067  0.60254997


                AER 1       AER 2       AER 3       AER 4      CIRRUS     WAT DROP    ICE PART   MEAN AER RH
                (                 550 NM EXTINCTION                 )    (KM GM/M3)  (KM GM/M3)   (PERCENT)
             0.58524996  0.01730000  0.00000000  0.00000000   0.000000    0.000000    0.000000     68.3597


                H2O         O3          CO2         CO          CH4         N2O

             (                                   ATM CM                                   )
            2.9149E+03  8.4486E-03  7.9274E+01  3.4308E-02  4.0838E-01  7.6872E-02


                O2          NH3         NO          NO2         SO2
               (                      ATM CM                      )
            5.0207E+04  1.1293E-04  7.2067E-05  5.5252E-06  6.1012E-05


               CFC11       CFC12       CFC13       CFC14       CFC22      CFC113      CFC114
             (                                    ATM CM                                    )
            3.3631E-05  5.7654E-05  2.4022E-13  2.4022E-13  1.4396E-05  4.5643E-06  2.8827E-06


              CFC115      CLONO2        HNO4      CHCL2F        CCL4        N2O5
             (                                    ATM CM                                    )
            2.4022E-13  1.1668E-06  6.8016E-07  2.4022E-13  3.1229E-05  2.9911E-10


1 SINGLE SCATTER SOLAR PATH GEOMETRY TABLE FOR THE LINE-OF-SIGHT PATH
  -------------------------------------------------------------------

 SCT    SCATTER  SUBTENDED      SOLAR       PATH   RELATIVE    SCATTER
 PNT   ALTITUDE      ANGLE     ZENITH     ZENITH    AZIMUTH      ANGLE
           [KM]      [DEG]      [DEG]      [DEG]      [DEG]      [DEG]
   1    3.00000    0.00000   20.00000  180.00000    0.00000  160.00000    
   2    2.00000    0.00000   19.99957  180.00000    0.00000  160.00043    
   3    1.00000    0.00000   19.99908  180.00000    0.00000  160.00093    
   4    0.00000    0.00000   19.99855  180.00000    0.00000  160.00146    

550 nm SINGLE SCATTERING ALBEDO OF THE FOUR AEROSOL MODELS
[NOMINALLY: (1) Boundary Layer, (2) Tropospheric, (3) Stratospheric, and (4) Volcanic]
     AER 1:      0.945944
     AER 2:      0.963462
     AER 3:      1.000000
     AER 4:      0.994932

 SUN ELLIPTIC ORBIT SOLAR IRRADIANCE FACTOR FOR DAY   1:   1.03400

                                             RADIANCE(WATTS/CM2-STER-XXX)

  FREQ  WAVELENGTH     PATH_THERMAL    SURFACE      PATH_SCATTERED_SOLAR   GROUND_REFLECTED_RADIANCE   TOTAL_RADIANCE   INTEGRAL    TOTAL
                                       EMISSION     TOTAL RAD      SINGLE        TOTAL        DIRECT                                TRANS
 (CM-1) (MICRON)       (CM-1)  (MICRN)   (CM-1)   (CM-1)  (MICRN)   (CM-1)   (CM-1)  (MICRN)   (CM-1)   (CM-1)  (MICRN)

 9091.00 1.099989    8.01E-21 6.62E-17 1.69E-20 8.76E-08 7.24E-04 1.48E-08 4.33E-07 3.58E-03 3.05E-07 5.21E-07 4.30E-03  2.60E-06 0.63899
 9101.00 1.098780    7.07E-21 5.85E-17 1.69E-20 9.58E-08 7.94E-04 1.53E-08 4.60E-07 3.81E-03 3.20E-07 5.56E-07 4.60E-03  8.16E-06 0.66941
 9111.00 1.097574    6.04E-21 5.01E-17 1.69E-20 1.13E-07 9.36E-04 1.63E-08 5.17E-07 4.29E-03 3.56E-07 6.29E-07 5.22E-03  1.45E-05 0.70290
 9121.00 1.096371    5.73E-21 4.77E-17 1.62E-20 1.13E-07 9.39E-04 1.63E-08 5.16E-07 4.29E-03 3.55E-07 6.29E-07 5.23E-03  2.07E-05 0.70264
 9131.00 1.095170    5.62E-21 4.69E-17 1.53E-20 1.09E-07 9.08E-04 1.60E-08 5.01E-07 4.18E-03 3.45E-07 6.10E-07 5.09E-03  2.68E-05 0.69581
 9141.00 1.093972    4.75E-21 3.97E-17 1.54E-20 1.19E-07 9.90E-04 1.63E-08 5.31E-07 4.43E-03 3.62E-07 6.49E-07 5.42E-03  3.33E-05 0.73125
 9151.00 1.092777    5.10E-21 4.27E-17 1.40E-20 1.15E-07 9.64E-04 1.65E-08 5.20E-07 4.35E-03 3.58E-07 6.35E-07 5.32E-03  3.97E-05 0.69544
 9161.00 1.091584    3.77E-21 3.16E-17 1.46E-20 1.46E-07 1.23E-03 1.86E-08 6.27E-07 5.26E-03 4.24E-07 7.73E-07 6.49E-03  4.74E-05 0.76218
 9171.00 1.090394    4.24E-21 3.57E-17 1.32E-20 1.28E-07 1.08E-03 1.76E-08 5.67E-07 4.77E-03 3.88E-07 6.95E-07 5.85E-03  5.44E-05 0.72114
 9181.00 1.089206    3.80E-21 3.21E-17 1.29E-20 1.33E-07 1.12E-03 1.78E-08 5.82E-07 4.91E-03 3.96E-07 7.15E-07 6.03E-03  6.15E-05 0.74000
 9191.00 1.088021    3.32E-21 2.80E-17 1.27E-20 1.44E-07 1.21E-03 1.84E-08 6.15E-07 5.20E-03 4.15E-07 7.59E-07 6.41E-03  6.91E-05 0.76032
 9201.00 1.086838    3.56E-21 3.01E-17 1.17E-20 1.29E-07 1.09E-03 1.75E-08 5.66E-07 4.79E-03 3.85E-07 6.95E-07 5.88E-03  7.61E-05 0.73204
 9211.00 1.085658    3.36E-21 2.85E-17 1.12E-20 1.36E-07 1.16E-03 1.82E-08 5.93E-07 5.03E-03 4.03E-07 7.29E-07 6.19E-03  8.34E-05 0.73501
 9221.00 1.084481    3.02E-21 2.57E-17 1.10E-20 1.41E-07 1.20E-03 1.85E-08 6.09E-07 5.18E-03 4.12E-07 7.50E-07 6.38E-03  9.09E-05 0.75080
 9231.00 1.083306    2.91E-21 2.48E-17 1.04E-20 1.39E-07 1.18E-03 1.80E-08 5.93E-07 5.05E-03 4.01E-07 7.32E-07 6.24E-03  9.82E-05 0.74786
 9241.00 1.082134    2.58E-21 2.20E-17 1.02E-20 1.47E-07 1.26E-03 1.85E-08 6.19E-07 5.29E-03 4.16E-07 7.66E-07 6.54E-03  1.06E-04 0.76496
 9251.00 1.080964    2.64E-21 2.26E-17 9.54E-21 1.42E-07 1.21E-03 1.85E-08 6.05E-07 5.18E-03 4.09E-07 7.47E-07 6.39E-03  1.13E-04 0.74990
 9261.00 1.079797    2.43E-21 2.09E-17 9.20E-21 1.49E-07 1.28E-03 1.90E-08 6.28E-07 5.38E-03 4.23E-07 7.77E-07 6.67E-03  1.21E-04 0.75767
 9271.00 1.078632    2.19E-21 1.88E-17 8.94E-21 1.54E-07 1.32E-03 1.90E-08 6.37E-07 5.47E-03 4.27E-07 7.90E-07 6.79E-03  1.29E-04 0.77017
 9281.00 1.077470    2.31E-21 1.99E-17 8.30E-21 1.46E-07 1.26E-03 1.89E-08 6.15E-07 5.30E-03 4.14E-07 7.61E-07 6.56E-03  1.37E-04 0.74877
 9291.00 1.076310    1.97E-21 1.70E-17 8.18E-21 1.59E-07 1.37E-03 1.96E-08 6.55E-07 5.65E-03 4.38E-07 8.14E-07 7.03E-03  1.45E-04 0.77270
 9301.00 1.075153    1.98E-21 1.72E-17 7.71E-21 1.50E-07 1.29E-03 1.89E-08 6.22E-07 5.38E-03 4.18E-07 7.72E-07 6.68E-03  1.52E-04 0.76186
 9311.00 1.073998    1.84E-21 1.60E-17 7.42E-21 1.57E-07 1.36E-03 1.94E-08 6.44E-07 5.59E-03 4.31E-07 8.01E-07 6.94E-03  1.60E-04 0.76789
 9321.00 1.072846    1.77E-21 1.53E-17 7.08E-21 1.53E-07 1.33E-03 1.91E-08 6.31E-07 5.48E-03 4.22E-07 7.84E-07 6.81E-03  1.68E-04 0.76673
 9331.00 1.071697    1.67E-21 1.46E-17 6.78E-21 1.57E-07 1.37E-03 1.95E-08 6.45E-07 5.62E-03 4.31E-07 8.02E-07 6.98E-03  1.76E-04 0.76838
 9341.00 1.070549    1.59E-21 1.39E-17 6.48E-21 1.57E-07 1.37E-03 1.95E-08 6.43E-07 5.61E-03 4.29E-07 8.00E-07 6.98E-03  1.84E-04 0.76867
 9351.00 1.069404    1.55E-21 1.36E-17 6.16E-21 1.48E-07 1.30E-03 1.86E-08 6.10E-07 5.34E-03 4.08E-07 7.59E-07 6.63E-03  1.92E-04 0.76495
 9361.00 1.068262    1.45E-21 1.27E-17 5.91E-21 1.55E-07 1.36E-03 1.93E-08 6.36E-07 5.57E-03 4.24E-07 7.91E-07 6.93E-03  2.00E-04 0.76880
 9371.00 1.067122    1.39E-21 1.22E-17 5.64E-21 1.57E-07 1.38E-03 1.95E-08 6.42E-07 5.64E-03 4.28E-07 7.99E-07 7.01E-03  2.08E-04 0.76760
 9381.00 1.065984    1.32E-21 1.16E-17 5.40E-21 1.58E-07 1.39E-03 1.95E-08 6.42E-07 5.65E-03 4.28E-07 7.99E-07 7.03E-03  2.16E-04 0.76913
 9391.00 1.064849    1.27E-21 1.12E-17 5.15E-21 1.60E-07 1.41E-03 1.98E-08 6.50E-07 5.73E-03 4.33E-07 8.10E-07 7.14E-03  2.24E-04 0.76765
 9401.00 1.063717    1.20E-21 1.06E-17 4.93E-21 1.60E-07 1.42E-03 1.98E-08 6.49E-07 5.74E-03 4.32E-07 8.10E-07 7.16E-03  2.32E-04 0.76922
 9411.00 1.062586    1.16E-21 1.02E-17 4.70E-21 1.60E-07 1.42E-03 1.98E-08 6.47E-07 5.73E-03 4.30E-07 8.07E-07 7.14E-03  2.40E-04 0.76831
 9421.00 1.061458    1.10E-21 9.73E-18 4.50E-21 1.61E-07 1.43E-03 1.98E-08 6.48E-07 5.76E-03 4.31E-07 8.10E-07 7.19E-03  2.48E-04 0.76954
 9431.00 1.060333    1.05E-21 9.31E-18 4.30E-21 1.61E-07 1.43E-03 1.98E-08 6.46E-07 5.74E-03 4.29E-07 8.07E-07 7.18E-03  2.56E-04 0.76970
 9441.00 1.059210    1.00E-21 8.91E-18 4.11E-21 1.62E-07 1.44E-03 1.97E-08 6.45E-07 5.75E-03 4.28E-07 8.06E-07 7.19E-03  2.64E-04 0.76968
 9451.00 1.058089    9.54E-22 8.52E-18 3.93E-21 1.63E-07 1.46E-03 1.99E-08 6.49E-07 5.79E-03 4.30E-07 8.12E-07 7.25E-03  2.72E-04 0.76992
 9461.00 1.056971    9.09E-22 8.14E-18 3.75E-21 1.67E-07 1.49E-03 2.03E-08 6.61E-07 5.92E-03 4.38E-07 8.28E-07 7.41E-03  2.81E-04 0.77039
 9471.00 1.055855    8.67E-22 7.78E-18 3.59E-21 1.68E-07 1.51E-03 2.03E-08 6.62E-07 5.94E-03 4.39E-07 8.30E-07 7.45E-03  2.89E-04 0.77059
 9481.00 1.054741    8.28E-22 7.44E-18 3.43E-21 1.69E-07 1.52E-03 2.04E-08 6.63E-07 5.96E-03 4.39E-07 8.32E-07 7.48E-03  2.97E-04 0.77086
 9491.00 1.053630    7.90E-22 7.11E-18 3.27E-21 1.68E-07 1.52E-03 2.03E-08 6.59E-07 5.93E-03 4.36E-07 8.27E-07 7.45E-03  3.06E-04 0.77104
 9501.00 1.052521    7.55E-22 6.81E-18 3.13E-21 1.70E-07 1.53E-03 2.04E-08 6.63E-07 5.98E-03 4.38E-07 8.32E-07 7.51E-03  3.14E-04 0.77088
 9511.00 1.051414    7.21E-22 6.52E-18 2.99E-21 1.70E-07 1.54E-03 2.05E-08 6.64E-07 6.00E-03 4.39E-07 8.34E-07 7.55E-03  3.22E-04 0.77082
 9521.00 1.050310    6.89E-22 6.24E-18 2.85E-21 1.71E-07 1.55E-03 2.05E-08 6.64E-07 6.02E-03 4.39E-07 8.35E-07 7.57E-03  3.31E-04 0.77087
 9531.00 1.049208    6.58E-22 5.98E-18 2.73E-21 1.72E-07 1.56E-03 2.06E-08 6.65E-07 6.05E-03 4.40E-07 8.37E-07 7.61E-03  3.39E-04 0.77075
 9541.00 1.048108    6.29E-22 5.72E-18 2.60E-21 1.72E-07 1.57E-03 2.07E-08 6.66E-07 6.06E-03 4.40E-07 8.39E-07 7.63E-03  3.47E-04 0.77066
 9551.00 1.047011    6.01E-22 5.48E-18 2.49E-21 1.71E-07 1.56E-03 2.05E-08 6.60E-07 6.02E-03 4.36E-07 8.31E-07 7.58E-03  3.56E-04 0.77045
 9561.00 1.045916    5.75E-22 5.25E-18 2.37E-21 1.70E-07 1.55E-03 2.03E-08 6.53E-07 5.97E-03 4.31E-07 8.23E-07 7.52E-03  3.64E-04 0.77027
 9571.00 1.044823    5.50E-22 5.04E-18 2.27E-21 1.73E-07 1.59E-03 2.07E-08 6.65E-07 6.09E-03 4.38E-07 8.38E-07 7.68E-03  3.72E-04 0.76998
 9581.00 1.043732    5.25E-22 4.82E-18 2.17E-21 1.74E-07 1.60E-03 2.08E-08 6.66E-07 6.11E-03 4.39E-07 8.40E-07 7.71E-03  3.81E-04 0.76987

                                             RADIANCE(WATTS/CM2-STER-XXX)

  FREQ  WAVELENGTH     PATH_THERMAL    SURFACE      PATH_SCATTERED_SOLAR   GROUND_REFLECTED_RADIANCE   TOTAL_RADIANCE   INTEGRAL    TOTAL
                                       EMISSION     TOTAL RAD      SINGLE        TOTAL        DIRECT                                TRANS
 (CM-1) (MICRON)       (CM-1)  (MICRN)   (CM-1)   (CM-1)  (MICRN)   (CM-1)   (CM-1)  (MICRN)   (CM-1)   (CM-1)  (MICRN)

 9591.00 1.042644    5.03E-22 4.62E-18 2.07E-21 1.73E-07 1.59E-03 2.07E-08 6.61E-07 6.08E-03 4.36E-07 8.34E-07 7.67E-03  3.89E-04 0.76949
 9601.00 1.041558    4.81E-22 4.43E-18 1.97E-21 1.75E-07 1.61E-03 2.09E-08 6.67E-07 6.14E-03 4.39E-07 8.41E-07 7.76E-03  3.97E-04 0.76904
 9611.00 1.040474    4.60E-22 4.24E-18 1.89E-21 1.74E-07 1.61E-03 2.08E-08 6.63E-07 6.12E-03 4.36E-07 8.37E-07 7.73E-03  4.06E-04 0.76898
 9621.00 1.039393    4.40E-22 4.07E-18 1.80E-21 1.74E-07 1.61E-03 2.08E-08 6.62E-07 6.13E-03 4.36E-07 8.37E-07 7.74E-03  4.14E-04 0.76866
 9631.00 1.038314    4.20E-22 3.90E-18 1.72E-21 1.74E-07 1.62E-03 2.08E-08 6.61E-07 6.14E-03 4.35E-07 8.36E-07 7.75E-03  4.23E-04 0.76833
 9641.00 1.037237    4.02E-22 3.74E-18 1.64E-21 1.74E-07 1.61E-03 2.07E-08 6.57E-07 6.11E-03 4.32E-07 8.31E-07 7.72E-03  4.31E-04 0.76809
 9651.00 1.036162    3.85E-22 3.58E-18 1.57E-21 1.76E-07 1.64E-03 2.11E-08 6.66E-07 6.21E-03 4.38E-07 8.43E-07 7.85E-03  4.39E-04 0.76758
 9661.00 1.035089    3.67E-22 3.43E-18 1.50E-21 1.75E-07 1.63E-03 2.09E-08 6.59E-07 6.15E-03 4.33E-07 8.34E-07 7.78E-03  4.48E-04 0.76768
 9671.00 1.034019    3.52E-22 3.29E-18 1.43E-21 1.75E-07 1.64E-03 2.09E-08 6.58E-07 6.15E-03 4.32E-07 8.33E-07 7.79E-03  4.56E-04 0.76697
 9681.00 1.032951    3.37E-22 3.16E-18 1.36E-21 1.75E-07 1.64E-03 2.09E-08 6.56E-07 6.15E-03 4.31E-07 8.31E-07 7.79E-03  4.64E-04 0.76672
 9691.00 1.031885    3.23E-22 3.03E-18 1.30E-21 1.77E-07 1.66E-03 2.12E-08 6.64E-07 6.24E-03 4.36E-07 8.41E-07 7.90E-03  4.73E-04 0.76598
 9701.00 1.030822    3.09E-22 2.91E-18 1.24E-21 1.77E-07 1.66E-03 2.12E-08 6.62E-07 6.23E-03 4.34E-07 8.39E-07 7.89E-03  4.81E-04 0.76531
 9711.00 1.029760    2.95E-22 2.79E-18 1.19E-21 1.77E-07 1.67E-03 2.11E-08 6.61E-07 6.23E-03 4.33E-07 8.37E-07 7.90E-03  4.89E-04 0.76519
 9721.00 1.028701    2.85E-22 2.70E-18 1.13E-21 1.75E-07 1.66E-03 2.11E-08 6.57E-07 6.21E-03 4.31E-07 8.32E-07 7.86E-03  4.98E-04 0.76295
 9731.00 1.027644    2.75E-22 2.61E-18 1.08E-21 1.75E-07 1.66E-03 2.12E-08 6.56E-07 6.21E-03 4.30E-07 8.31E-07 7.87E-03  5.06E-04 0.76073
 9741.00 1.026589    2.60E-22 2.47E-18 1.03E-21 1.77E-07 1.68E-03 2.13E-08 6.60E-07 6.26E-03 4.32E-07 8.37E-07 7.94E-03  5.14E-04 0.76301
 9751.00 1.025536    2.49E-22 2.37E-18 9.84E-22 1.77E-07 1.69E-03 2.13E-08 6.60E-07 6.28E-03 4.32E-07 8.38E-07 7.96E-03  5.23E-04 0.76251
 9761.00 1.024485    2.40E-22 2.29E-18 9.38E-22 1.76E-07 1.67E-03 2.12E-08 6.55E-07 6.24E-03 4.29E-07 8.31E-07 7.91E-03  5.31E-04 0.76020
 9771.00 1.023437    2.35E-22 2.24E-18 8.90E-22 1.72E-07 1.65E-03 2.11E-08 6.46E-07 6.17E-03 4.24E-07 8.19E-07 7.82E-03  5.39E-04 0.75551
 9781.00 1.022390    2.18E-22 2.09E-18 8.56E-22 1.76E-07 1.68E-03 2.12E-08 6.51E-07 6.23E-03 4.26E-07 8.27E-07 7.91E-03  5.48E-04 0.76119
 9791.00 1.021346    2.09E-22 2.00E-18 8.18E-22 1.76E-07 1.69E-03 2.12E-08 6.50E-07 6.23E-03 4.25E-07 8.26E-07 7.92E-03  5.56E-04 0.76085
 9801.00 1.020304    1.99E-22 1.91E-18 7.81E-22 1.77E-07 1.70E-03 2.13E-08 6.52E-07 6.27E-03 4.26E-07 8.29E-07 7.97E-03  5.64E-04 0.76099
 9811.00 1.019264    1.95E-22 1.87E-18 7.41E-22 1.71E-07 1.65E-03 2.09E-08 6.35E-07 6.11E-03 4.15E-07 8.07E-07 7.77E-03  5.72E-04 0.75588
 9821.00 1.018226    1.81E-22 1.74E-18 7.14E-22 1.79E-07 1.73E-03 2.14E-08 6.56E-07 6.32E-03 4.28E-07 8.35E-07 8.05E-03  5.81E-04 0.76188
 9831.00 1.017191    1.75E-22 1.69E-18 6.79E-22 1.77E-07 1.72E-03 2.14E-08 6.52E-07 6.30E-03 4.25E-07 8.29E-07 8.02E-03  5.89E-04 0.75934
 9841.00 1.016157    1.66E-22 1.61E-18 6.50E-22 1.79E-07 1.73E-03 2.14E-08 6.53E-07 6.32E-03 4.26E-07 8.31E-07 8.05E-03  5.97E-04 0.76041
 9851.00 1.015125    1.61E-22 1.56E-18 6.19E-22 1.77E-07 1.71E-03 2.13E-08 6.47E-07 6.28E-03 4.22E-07 8.24E-07 7.99E-03  6.05E-04 0.75779
 9861.00 1.014096    1.52E-22 1.48E-18 5.92E-22 1.79E-07 1.75E-03 2.16E-08 6.55E-07 6.37E-03 4.27E-07 8.34E-07 8.11E-03  6.14E-04 0.75908
 9871.00 1.013069    1.45E-22 1.42E-18 5.65E-22 1.80E-07 1.76E-03 2.16E-08 6.56E-07 6.39E-03 4.27E-07 8.37E-07 8.15E-03  6.22E-04 0.75921
 9881.00 1.012043    1.41E-22 1.38E-18 5.37E-22 1.77E-07 1.73E-03 2.15E-08 6.48E-07 6.33E-03 4.23E-07 8.25E-07 8.06E-03  6.30E-04 0.75521
 9891.00 1.011020    1.33E-22 1.31E-18 5.15E-22 1.80E-07 1.76E-03 2.17E-08 6.54E-07 6.40E-03 4.26E-07 8.34E-07 8.16E-03  6.39E-04 0.75777
 9901.00 1.009999    1.33E-22 1.30E-18 4.86E-22 1.73E-07 1.70E-03 2.14E-08 6.38E-07 6.25E-03 4.16E-07 8.11E-07 7.95E-03  6.47E-04 0.74910
 9911.00 1.008980    1.27E-22 1.25E-18 4.64E-22 1.73E-07 1.70E-03 2.14E-08 6.34E-07 6.23E-03 4.14E-07 8.07E-07 7.93E-03  6.55E-04 0.74820
 9921.00 1.007963    1.19E-22 1.17E-18 4.46E-22 1.78E-07 1.75E-03 2.16E-08 6.46E-07 6.36E-03 4.20E-07 8.24E-07 8.11E-03  6.63E-04 0.75321
 9931.00 1.006948    1.12E-22 1.10E-18 4.28E-22 1.80E-07 1.77E-03 2.17E-08 6.49E-07 6.40E-03 4.22E-07 8.29E-07 8.17E-03  6.71E-04 0.75641
 9941.00 1.005935    1.08E-22 1.06E-18 4.08E-22 1.73E-07 1.71E-03 2.09E-08 6.24E-07 6.17E-03 4.06E-07 7.97E-07 7.88E-03  6.79E-04 0.75458
 9951.00 1.004924    1.03E-22 1.02E-18 3.89E-22 1.70E-07 1.68E-03 2.05E-08 6.10E-07 6.04E-03 3.96E-07 7.80E-07 7.72E-03  6.87E-04 0.75409
 9961.00 1.003915    9.92E-23 9.84E-19 3.71E-22 1.77E-07 1.75E-03 2.15E-08 6.37E-07 6.32E-03 4.14E-07 8.13E-07 8.07E-03  6.95E-04 0.75224
 9971.00 1.002908    9.47E-23 9.42E-19 3.54E-22 1.79E-07 1.78E-03 2.17E-08 6.43E-07 6.39E-03 4.17E-07 8.21E-07 8.17E-03  7.03E-04 0.75211
 9981.00 1.001904    9.56E-23 9.52E-19 3.33E-22 1.71E-07 1.70E-03 2.15E-08 6.25E-07 6.22E-03 4.07E-07 7.95E-07 7.92E-03  7.11E-04 0.74013
 9991.00 1.000901    8.54E-23 8.53E-19 3.24E-22 1.83E-07 1.83E-03 2.20E-08 6.53E-07 6.52E-03 4.23E-07 8.36E-07 8.35E-03  7.20E-04 0.75454
10001.00 .9999000    8.31E-23 8.31E-19 3.08E-22 1.79E-07 1.79E-03 2.18E-08 6.42E-07 6.42E-03 4.16E-07 8.21E-07 8.21E-03  7.28E-04 0.75069
10011.00 .9989012    7.87E-23 7.89E-19 2.95E-22 1.82E-07 1.82E-03 2.19E-08 6.47E-07 6.48E-03 4.19E-07 8.28E-07 8.30E-03  7.36E-04 0.75235
10021.00 .9979044    7.49E-23 7.52E-19 2.82E-22 1.83E-07 1.84E-03 2.21E-08 6.50E-07 6.53E-03 4.21E-07 8.33E-07 8.37E-03  7.45E-04 0.75304
10031.00 .9969096    7.16E-23 7.20E-19 2.69E-22 1.84E-07 1.85E-03 2.21E-08 6.50E-07 6.54E-03 4.21E-07 8.34E-07 8.39E-03  7.53E-04 0.75299
10041.00 .9959167    6.87E-23 6.93E-19 2.57E-22 1.83E-07 1.84E-03 2.20E-08 6.47E-07 6.52E-03 4.18E-07 8.29E-07 8.36E-03  7.61E-04 0.75183
10051.00 .9949259    6.52E-23 6.59E-19 2.46E-22 1.85E-07 1.86E-03 2.21E-08 6.50E-07 6.57E-03 4.20E-07 8.35E-07 8.43E-03  7.70E-04 0.75312
10061.00 .9939370    6.31E-23 6.39E-19 2.34E-22 1.82E-07 1.85E-03 2.21E-08 6.45E-07 6.53E-03 4.17E-07 8.27E-07 8.38E-03  7.78E-04 0.75009
10071.00 .9929501    6.44E-23 6.53E-19 2.19E-22 1.72E-07 1.74E-03 2.16E-08 6.16E-07 6.24E-03 4.00E-07 7.87E-07 7.98E-03  7.86E-04 0.73495
10081.00 .9919651    5.82E-23 5.92E-19 2.12E-22 1.81E-07 1.84E-03 2.20E-08 6.38E-07 6.49E-03 4.13E-07 8.19E-07 8.32E-03  7.94E-04 0.74774

                                             RADIANCE(WATTS/CM2-STER-XXX)

  FREQ  WAVELENGTH     PATH_THERMAL    SURFACE      PATH_SCATTERED_SOLAR   GROUND_REFLECTED_RADIANCE   TOTAL_RADIANCE   INTEGRAL    TOTAL
                                       EMISSION     TOTAL RAD      SINGLE        TOTAL        DIRECT                                TRANS
 (CM-1) (MICRON)       (CM-1)  (MICRN)   (CM-1)   (CM-1)  (MICRN)   (CM-1)   (CM-1)  (MICRN)   (CM-1)   (CM-1)  (MICRN)

10091.00 .9909821    5.71E-23 5.81E-19 2.01E-22 1.76E-07 1.79E-03 2.18E-08 6.25E-07 6.36E-03 4.04E-07 8.00E-07 8.15E-03  8.02E-04 0.74156
10101.00 .9900010    5.78E-23 5.90E-19 1.89E-22 1.65E-07 1.68E-03 2.12E-08 5.95E-07 6.07E-03 3.87E-07 7.59E-07 7.75E-03  8.10E-04 0.72836
10111.00 .9890218    5.15E-23 5.26E-19 1.84E-22 1.77E-07 1.81E-03 2.17E-08 6.25E-07 6.39E-03 4.04E-07 8.02E-07 8.20E-03  8.18E-04 0.74438
10121.00 .9880447    5.29E-23 5.42E-19 1.72E-22 1.68E-07 1.72E-03 2.15E-08 6.03E-07 6.17E-03 3.92E-07 7.71E-07 7.90E-03  8.25E-04 0.72623
10131.00 .9870694    5.22E-23 5.36E-19 1.62E-22 1.62E-07 1.66E-03 2.11E-08 5.85E-07 6.00E-03 3.81E-07 7.47E-07 7.66E-03  8.33E-04 0.71897
10141.00 .9860960    4.72E-23 4.86E-19 1.58E-22 1.71E-07 1.75E-03 2.16E-08 6.08E-07 6.25E-03 3.94E-07 7.78E-07 8.00E-03  8.41E-04 0.73225
10151.00 .9851246    5.40E-23 5.56E-19 1.41E-22 1.42E-07 1.46E-03 2.01E-08 5.30E-07 5.46E-03 3.50E-07 6.72E-07 6.92E-03  8.47E-04 0.68271
10161.00 .9841551    4.89E-23 5.05E-19 1.37E-22 1.51E-07 1.56E-03 2.06E-08 5.53E-07 5.71E-03 3.62E-07 7.05E-07 7.28E-03  8.54E-04 0.69764
10171.00 .9831875    5.11E-23 5.28E-19 1.25E-22 1.39E-07 1.43E-03 1.96E-08 5.11E-07 5.29E-03 3.37E-07 6.50E-07 6.72E-03  8.61E-04 0.66477
10181.00 .9822218    5.01E-23 5.19E-19 1.18E-22 1.33E-07 1.38E-03 1.95E-08 4.99E-07 5.17E-03 3.31E-07 6.32E-07 6.55E-03  8.67E-04 0.65987
10191.00 .9812580    4.47E-23 4.65E-19 1.17E-22 1.44E-07 1.49E-03 2.02E-08 5.31E-07 5.51E-03 3.49E-07 6.74E-07 7.00E-03  8.74E-04 0.68270
10201.00 .9802961    5.04E-23 5.24E-19 1.00E-22 1.15E-07 1.20E-03 1.79E-08 4.39E-07 4.57E-03 2.94E-07 5.54E-07 5.77E-03  8.79E-04 0.61335
10211.00 .9793360    5.03E-23 5.25E-19 9.26E-23 1.06E-07 1.10E-03 1.72E-08 4.07E-07 4.25E-03 2.74E-07 5.13E-07 5.35E-03  8.85E-04 0.59276
10221.00 .9783779    4.69E-23 4.90E-19 9.00E-23 1.10E-07 1.15E-03 1.76E-08 4.23E-07 4.41E-03 2.83E-07 5.33E-07 5.57E-03  8.90E-04 0.60283
10231.00 .9774216    4.05E-23 4.24E-19 9.26E-23 1.30E-07 1.37E-03 1.92E-08 4.84E-07 5.07E-03 3.20E-07 6.15E-07 6.44E-03  8.96E-04 0.64937
10241.00 .9764671    4.75E-23 4.98E-19 7.44E-23 9.21E-08 9.66E-04 1.58E-08 3.54E-07 3.72E-03 2.39E-07 4.46E-07 4.68E-03  9.00E-04 0.54573
10251.00 .9755146    4.39E-23 4.61E-19 7.33E-23 9.74E-08 1.02E-03 1.66E-08 3.77E-07 3.96E-03 2.55E-07 4.74E-07 4.98E-03  9.05E-04 0.56428
10261.00 .9745639    4.17E-23 4.39E-19 7.03E-23 9.68E-08 1.02E-03 1.63E-08 3.71E-07 3.91E-03 2.49E-07 4.68E-07 4.93E-03  9.10E-04 0.56518
10271.00 .9736151    4.03E-23 4.25E-19 6.65E-23 9.77E-08 1.03E-03 1.63E-08 3.72E-07 3.92E-03 2.49E-07 4.69E-07 4.95E-03  9.15E-04 0.56141
10281.00 .9726681    3.54E-23 3.74E-19 6.88E-23 1.14E-07 1.20E-03 1.80E-08 4.28E-07 4.52E-03 2.85E-07 5.41E-07 5.72E-03  9.20E-04 0.60774
10291.00 .9717228    3.12E-23 3.31E-19 6.82E-23 1.28E-07 1.36E-03 1.89E-08 4.69E-07 4.96E-03 3.08E-07 5.97E-07 6.32E-03  9.26E-04 0.63035
10301.00 .9707795    2.94E-23 3.12E-19 6.61E-23 1.30E-07 1.38E-03 1.90E-08 4.74E-07 5.03E-03 3.11E-07 6.05E-07 6.42E-03  9.32E-04 0.63870
10311.00 .9698380    2.99E-23 3.18E-19 6.14E-23 1.22E-07 1.29E-03 1.86E-08 4.50E-07 4.78E-03 2.98E-07 5.72E-07 6.08E-03  9.38E-04 0.62238
10321.00 .9688984    2.90E-23 3.09E-19 5.79E-23 1.16E-07 1.24E-03 1.82E-08 4.33E-07 4.62E-03 2.87E-07 5.50E-07 5.86E-03  9.43E-04 0.61336
10331.00 .9679605    2.63E-23 2.80E-19 5.57E-23 1.26E-07 1.35E-03 1.84E-08 4.56E-07 4.86E-03 2.98E-07 5.82E-07 6.21E-03  9.49E-04 0.61945
10341.00 .9670244    3.26E-23 3.49E-19 4.14E-23 7.50E-08 8.02E-04 1.41E-08 2.89E-07 3.09E-03 1.97E-07 3.64E-07 3.89E-03  9.53E-04 0.47960
10351.00 .9660903    3.28E-23 3.52E-19 3.78E-23 6.32E-08 6.77E-04 1.32E-08 2.52E-07 2.70E-03 1.75E-07 3.16E-07 3.38E-03  9.56E-04 0.46118
10361.00 .9651578    3.08E-23 3.31E-19 3.62E-23 6.45E-08 6.93E-04 1.35E-08 2.60E-07 2.79E-03 1.80E-07 3.24E-07 3.48E-03  9.59E-04 0.46175
10371.00 .9642272    2.94E-23 3.16E-19 3.14E-23 6.43E-08 6.92E-04 1.24E-08 2.46E-07 2.64E-03 1.67E-07 3.10E-07 3.34E-03  9.62E-04 0.41916
10381.00 .9632983    2.70E-23 2.91E-19 3.44E-23 7.66E-08 8.25E-04 1.41E-08 2.91E-07 3.13E-03 1.96E-07 3.67E-07 3.96E-03  9.66E-04 0.47997
10391.00 .9623713    2.95E-23 3.18E-19 2.45E-23 4.42E-08 4.77E-04 1.05E-08 1.73E-07 1.87E-03 1.22E-07 2.17E-07 2.35E-03  9.68E-04 0.35867
10401.00 .9614460    2.62E-23 2.83E-19 2.85E-23 6.41E-08 6.94E-04 1.31E-08 2.48E-07 2.68E-03 1.71E-07 3.12E-07 3.38E-03  9.71E-04 0.43693
10411.00 .9605225    2.60E-23 2.82E-19 2.49E-23 5.27E-08 5.71E-04 1.16E-08 2.05E-07 2.22E-03 1.42E-07 2.58E-07 2.80E-03  9.74E-04 0.39998
10421.00 .9596009    2.65E-23 2.88E-19 1.77E-23 3.13E-08 3.40E-04 8.72E-09 1.25E-07 1.35E-03 8.99E-08 1.56E-07 1.69E-03  9.75E-04 0.29584
10431.00 .9586809    2.38E-23 2.58E-19 2.03E-23 4.72E-08 5.13E-04 1.07E-08 1.82E-07 1.98E-03 1.26E-07 2.29E-07 2.49E-03  9.78E-04 0.35818
10441.00 .9577627    2.13E-23 2.32E-19 2.39E-23 6.43E-08 7.01E-04 1.30E-08 2.46E-07 2.69E-03 1.68E-07 3.11E-07 3.39E-03  9.81E-04 0.44033
10451.00 .9568462    2.27E-23 2.48E-19 1.53E-23 3.46E-08 3.78E-04 8.75E-09 1.30E-07 1.42E-03 9.06E-08 1.64E-07 1.79E-03  9.82E-04 0.29604
10461.00 .9559315    2.17E-23 2.37E-19 1.50E-23 3.53E-08 3.87E-04 8.88E-09 1.35E-07 1.48E-03 9.46E-08 1.70E-07 1.86E-03  9.84E-04 0.30221
10471.00 .9550187    2.07E-23 2.27E-19 1.54E-23 3.43E-08 3.77E-04 9.04E-09 1.34E-07 1.46E-03 9.47E-08 1.68E-07 1.84E-03  9.86E-04 0.32456
10481.00 .9541074    1.94E-23 2.13E-19 1.59E-23 4.19E-08 4.60E-04 1.03E-08 1.61E-07 1.77E-03 1.13E-07 2.03E-07 2.23E-03  9.88E-04 0.35290
10491.00 .9531980    1.90E-23 2.09E-19 1.35E-23 3.47E-08 3.82E-04 9.22E-09 1.35E-07 1.48E-03 9.59E-08 1.70E-07 1.87E-03  9.89E-04 0.31212
10501.00 .9522902    1.86E-23 2.06E-19 8.55E-24 1.78E-08 1.96E-04 6.17E-09 6.42E-08 7.08E-04 4.69E-08 8.19E-08 9.03E-04  9.90E-04 0.20789
10511.00 .9513842    1.66E-23 1.84E-19 1.62E-23 5.22E-08 5.77E-04 1.22E-08 2.01E-07 2.22E-03 1.40E-07 2.53E-07 2.80E-03  9.93E-04 0.41256
10521.00 .9504801    1.60E-23 1.77E-19 9.62E-24 2.84E-08 3.14E-04 7.55E-09 1.04E-07 1.16E-03 7.27E-08 1.33E-07 1.47E-03  9.94E-04 0.25377
10531.00 .9495775    1.52E-23 1.69E-19 9.53E-24 3.16E-08 3.50E-04 8.11E-09 1.16E-07 1.28E-03 8.00E-08 1.47E-07 1.63E-03  9.96E-04 0.26809
10541.00 .9486766    1.46E-23 1.62E-19 1.06E-23 3.53E-08 3.92E-04 9.14E-09 1.33E-07 1.47E-03 9.26E-08 1.68E-07 1.86E-03  9.97E-04 0.30683
10551.00 .9477776    1.42E-23 1.58E-19 8.73E-24 2.99E-08 3.33E-04 8.04E-09 1.11E-07 1.23E-03 7.75E-08 1.41E-07 1.56E-03  9.99E-04 0.26763
10561.00 .9468799    1.38E-23 1.54E-19 8.58E-24 2.90E-08 3.24E-04 8.16E-09 1.08E-07 1.21E-03 7.67E-08 1.38E-07 1.53E-03  1.00E-03 0.27420
10571.00 .9459844    1.27E-23 1.42E-19 6.54E-24 2.21E-08 2.47E-04 6.54E-09 7.87E-08 8.79E-04 5.52E-08 1.01E-07 1.13E-03  1.00E-03 0.21964
10581.00 .9450902    1.24E-23 1.39E-19 8.64E-24 3.43E-08 3.83E-04 8.93E-09 1.26E-07 1.41E-03 8.77E-08 1.60E-07 1.79E-03  1.00E-03 0.30252

                                             RADIANCE(WATTS/CM2-STER-XXX)

  FREQ  WAVELENGTH     PATH_THERMAL    SURFACE      PATH_SCATTERED_SOLAR   GROUND_REFLECTED_RADIANCE   TOTAL_RADIANCE   INTEGRAL    TOTAL
                                       EMISSION     TOTAL RAD      SINGLE        TOTAL        DIRECT                                TRANS
 (CM-1) (MICRON)       (CM-1)  (MICRN)   (CM-1)   (CM-1)  (MICRN)   (CM-1)   (CM-1)  (MICRN)   (CM-1)   (CM-1)  (MICRN)

10591.00 .9441979    1.14E-23 1.28E-19 5.44E-24 2.12E-08 2.38E-04 5.96E-09 7.34E-08 8.24E-04 5.07E-08 9.46E-08 1.06E-03  1.00E-03 0.20182
10601.00 .9433073    1.08E-23 1.22E-19 6.74E-24 2.97E-08 3.33E-04 7.60E-09 1.04E-07 1.17E-03 7.12E-08 1.34E-07 1.51E-03  1.00E-03 0.25804
10611.00 .9424182    1.08E-23 1.22E-19 7.59E-24 3.36E-08 3.78E-04 8.95E-09 1.22E-07 1.37E-03 8.43E-08 1.55E-07 1.75E-03  1.01E-03 0.30709
10621.00 .9415310    1.05E-23 1.18E-19 7.97E-24 3.57E-08 4.03E-04 9.29E-09 1.31E-07 1.48E-03 9.09E-08 1.67E-07 1.88E-03  1.01E-03 0.33609
10631.00 .9406453    1.03E-23 1.16E-19 7.53E-24 3.34E-08 3.77E-04 9.65E-09 1.29E-07 1.46E-03 9.31E-08 1.63E-07 1.84E-03  1.01E-03 0.33332
10641.00 .9397613    8.97E-24 1.02E-19 9.29E-24 5.80E-08 6.57E-04 1.30E-08 2.18E-07 2.47E-03 1.50E-07 2.76E-07 3.12E-03  1.01E-03 0.43059
10651.00 .9388791    8.70E-24 9.87E-20 5.79E-24 3.32E-08 3.77E-04 8.39E-09 1.19E-07 1.35E-03 8.17E-08 1.52E-07 1.73E-03  1.01E-03 0.27882
10661.00 .9379982    8.60E-24 9.77E-20 3.22E-24 1.31E-08 1.49E-04 4.94E-09 4.28E-08 4.86E-04 3.09E-08 5.59E-08 6.35E-04  1.01E-03 0.16350
10671.00 .9371194    8.26E-24 9.41E-20 2.90E-24 1.20E-08 1.37E-04 4.70E-09 3.89E-08 4.43E-04 2.83E-08 5.09E-08 5.80E-04  1.02E-03 0.15435
10681.00 .9362419    7.77E-24 8.87E-20 3.18E-24 1.45E-08 1.66E-04 5.24E-09 4.76E-08 5.43E-04 3.40E-08 6.21E-08 7.09E-04  1.02E-03 0.17580
10691.00 .9353662    7.17E-24 8.20E-20 3.61E-24 2.10E-08 2.40E-04 6.37E-09 7.14E-08 8.16E-04 4.97E-08 9.24E-08 1.06E-03  1.02E-03 0.21122
10701.00 .9344922    6.56E-24 7.51E-20 1.77E-24 8.56E-09 9.80E-05 3.44E-09 2.52E-08 2.89E-04 1.82E-08 3.38E-08 3.87E-04  1.02E-03 0.10733
10711.00 .9336196    6.96E-24 7.98E-20 2.37E-24 1.21E-08 1.39E-04 4.82E-09 3.82E-08 4.38E-04 2.80E-08 5.03E-08 5.77E-04  1.02E-03 0.15249
10721.00 .9327489    6.64E-24 7.63E-20 2.71E-24 1.61E-08 1.86E-04 5.68E-09 5.27E-08 6.06E-04 3.78E-08 6.88E-08 7.91E-04  1.02E-03 0.18128
10731.00 .9318796    6.07E-24 6.99E-20 3.14E-24 2.27E-08 2.61E-04 6.93E-09 8.01E-08 9.22E-04 5.70E-08 1.03E-07 1.18E-03  1.02E-03 0.22119
10741.00 .9310120    5.86E-24 6.76E-20 4.32E-24 3.87E-08 4.46E-04 1.00E-08 1.42E-07 1.63E-03 9.92E-08 1.80E-07 2.08E-03  1.02E-03 0.31719
10751.00 .9301461    5.62E-24 6.50E-20 4.64E-24 4.51E-08 5.21E-04 1.12E-08 1.68E-07 1.94E-03 1.17E-07 2.13E-07 2.46E-03  1.02E-03 0.35645
10761.00 .9292816    5.20E-24 6.02E-20 5.33E-24 6.01E-08 6.96E-04 1.35E-08 2.23E-07 2.59E-03 1.55E-07 2.83E-07 3.28E-03  1.03E-03 0.42945
10771.00 .9284190    4.81E-24 5.58E-20 5.35E-24 6.81E-08 7.91E-04 1.43E-08 2.48E-07 2.88E-03 1.69E-07 3.16E-07 3.67E-03  1.03E-03 0.45127
10781.00 .9275578    3.96E-24 4.60E-20 6.28E-24 1.02E-07 1.18E-03 1.77E-08 3.59E-07 4.17E-03 2.37E-07 4.61E-07 5.36E-03  1.03E-03 0.55608
10791.00 .9266981    3.33E-24 3.88E-20 6.70E-24 1.27E-07 1.47E-03 1.96E-08 4.32E-07 5.03E-03 2.80E-07 5.58E-07 6.50E-03  1.04E-03 0.61927
10801.00 .9258403    3.20E-24 3.73E-20 6.37E-24 1.21E-07 1.41E-03 1.90E-08 4.17E-07 4.86E-03 2.71E-07 5.38E-07 6.27E-03  1.04E-03 0.61714
10811.00 .9249837    3.17E-24 3.70E-20 5.87E-24 1.18E-07 1.38E-03 1.88E-08 4.05E-07 4.74E-03 2.65E-07 5.23E-07 6.12E-03  1.05E-03 0.59531
10821.00 .9241291    3.13E-24 3.67E-20 5.50E-24 1.10E-07 1.28E-03 1.82E-08 3.82E-07 4.47E-03 2.51E-07 4.92E-07 5.76E-03  1.05E-03 0.58398
10831.00 .9232758    2.73E-24 3.21E-20 5.60E-24 1.24E-07 1.46E-03 1.89E-08 4.19E-07 4.92E-03 2.72E-07 5.43E-07 6.38E-03  1.06E-03 0.62324
10841.00 .9224241    2.46E-24 2.89E-20 5.48E-24 1.43E-07 1.68E-03 2.03E-08 4.69E-07 5.51E-03 3.01E-07 6.12E-07 7.19E-03  1.07E-03 0.63786
10851.00 .9215741    2.59E-24 3.05E-20 4.94E-24 1.21E-07 1.42E-03 1.89E-08 4.12E-07 4.85E-03 2.69E-07 5.33E-07 6.27E-03  1.07E-03 0.60271
10861.00 .9207255    2.18E-24 2.58E-20 5.14E-24 1.50E-07 1.77E-03 2.12E-08 4.92E-07 5.80E-03 3.14E-07 6.42E-07 7.57E-03  1.08E-03 0.65652
10871.00 .9198787    2.29E-24 2.71E-20 4.45E-24 1.34E-07 1.58E-03 1.95E-08 4.40E-07 5.20E-03 2.83E-07 5.74E-07 6.78E-03  1.08E-03 0.59394
10881.00 .9190332    2.23E-24 2.63E-20 4.29E-24 1.29E-07 1.53E-03 1.97E-08 4.32E-07 5.12E-03 2.80E-07 5.61E-07 6.64E-03  1.09E-03 0.60084
10891.00 .9181893    2.43E-24 2.88E-20 3.54E-24 9.57E-08 1.14E-03 1.67E-08 3.30E-07 3.92E-03 2.18E-07 4.26E-07 5.06E-03  1.09E-03 0.51793
10901.00 .9173471    2.39E-24 2.84E-20 3.27E-24 8.99E-08 1.07E-03 1.60E-08 3.08E-07 3.66E-03 2.03E-07 3.98E-07 4.73E-03  1.10E-03 0.50433
10911.00 .9165062    2.05E-24 2.44E-20 3.58E-24 1.17E-07 1.40E-03 1.87E-08 3.93E-07 4.68E-03 2.55E-07 5.10E-07 6.07E-03  1.10E-03 0.57440
10921.00 .9156671    2.29E-24 2.73E-20 2.65E-24 7.55E-08 9.01E-04 1.44E-08 2.62E-07 3.13E-03 1.75E-07 3.38E-07 4.03E-03  1.11E-03 0.44660
10931.00 .9148294    1.87E-24 2.24E-20 3.31E-24 1.14E-07 1.36E-03 1.89E-08 3.89E-07 4.65E-03 2.53E-07 5.03E-07 6.01E-03  1.11E-03 0.58456
10941.00 .9139932    1.98E-24 2.37E-20 2.64E-24 8.93E-08 1.07E-03 1.59E-08 3.05E-07 3.65E-03 2.01E-07 3.95E-07 4.72E-03  1.12E-03 0.48530
10951.00 .9131587    1.96E-24 2.35E-20 2.48E-24 8.52E-08 1.02E-03 1.58E-08 2.94E-07 3.52E-03 1.95E-07 3.79E-07 4.54E-03  1.12E-03 0.48108
10961.00 .9123254    1.63E-24 1.95E-20 2.76E-24 1.17E-07 1.40E-03 1.83E-08 3.83E-07 4.60E-03 2.47E-07 5.00E-07 6.00E-03  1.12E-03 0.55763
10971.00 .9114940    1.52E-24 1.83E-20 2.72E-24 1.22E-07 1.47E-03 1.87E-08 3.99E-07 4.80E-03 2.57E-07 5.21E-07 6.27E-03  1.13E-03 0.57792
10981.00 .9106639    1.61E-24 1.94E-20 2.32E-24 1.01E-07 1.21E-03 1.70E-08 3.36E-07 4.05E-03 2.20E-07 4.37E-07 5.27E-03  1.13E-03 0.51593
10991.00 .9098353    1.52E-24 1.84E-20 2.28E-24 9.88E-08 1.19E-03 1.71E-08 3.35E-07 4.05E-03 2.21E-07 4.34E-07 5.25E-03  1.14E-03 0.52989
11001.00 .9090083    1.42E-24 1.72E-20 2.14E-24 1.01E-07 1.22E-03 1.68E-08 3.36E-07 4.07E-03 2.19E-07 4.37E-07 5.29E-03  1.14E-03 0.52253
11011.00 .9081826    1.35E-24 1.64E-20 2.04E-24 1.08E-07 1.30E-03 1.71E-08 3.50E-07 4.25E-03 2.26E-07 4.58E-07 5.55E-03  1.15E-03 0.52100
11021.00 .9073588    1.28E-24 1.56E-20 1.97E-24 1.07E-07 1.29E-03 1.76E-08 3.52E-07 4.27E-03 2.28E-07 4.58E-07 5.57E-03  1.15E-03 0.52727
11031.00 .9065361    1.16E-24 1.42E-20 2.07E-24 1.22E-07 1.48E-03 1.91E-08 3.99E-07 4.86E-03 2.58E-07 5.21E-07 6.34E-03  1.16E-03 0.57967
11041.00 .9057150    9.65E-25 1.18E-20 2.18E-24 1.56E-07 1.91E-03 2.18E-08 4.92E-07 6.00E-03 3.11E-07 6.49E-07 7.91E-03  1.16E-03 0.63829
11051.00 .9048955    9.24E-25 1.13E-20 2.10E-24 1.58E-07 1.92E-03 2.22E-08 4.98E-07 6.08E-03 3.16E-07 6.56E-07 8.01E-03  1.17E-03 0.64507
11061.00 .9040773    8.57E-25 1.05E-20 2.04E-24 1.65E-07 2.02E-03 2.27E-08 5.16E-07 6.31E-03 3.26E-07 6.81E-07 8.33E-03  1.18E-03 0.65759
11071.00 .9032608    9.21E-25 1.13E-20 1.77E-24 1.33E-07 1.63E-03 2.01E-08 4.28E-07 5.24E-03 2.74E-07 5.60E-07 6.87E-03  1.18E-03 0.59385
11081.00 .9024456    9.55E-25 1.17E-20 1.51E-24 1.08E-07 1.32E-03 1.74E-08 3.49E-07 4.28E-03 2.24E-07 4.56E-07 5.60E-03  1.19E-03 0.53181

                                             RADIANCE(WATTS/CM2-STER-XXX)

  FREQ  WAVELENGTH     PATH_THERMAL    SURFACE      PATH_SCATTERED_SOLAR   GROUND_REFLECTED_RADIANCE   TOTAL_RADIANCE   INTEGRAL    TOTAL
                                       EMISSION     TOTAL RAD      SINGLE        TOTAL        DIRECT                                TRANS
 (CM-1) (MICRON)       (CM-1)  (MICRN)   (CM-1)   (CM-1)  (MICRN)   (CM-1)   (CM-1)  (MICRN)   (CM-1)   (CM-1)  (MICRN)

11091.00 .9016320    9.18E-25 1.13E-20 1.46E-24 1.04E-07 1.27E-03 1.69E-08 3.39E-07 4.17E-03 2.19E-07 4.42E-07 5.44E-03  1.19E-03 0.54022
11101.00 .9008198    9.35E-25 1.15E-20 1.30E-24 9.37E-08 1.15E-03 1.64E-08 3.12E-07 3.85E-03 2.05E-07 4.06E-07 5.00E-03  1.20E-03 0.50130
11111.00 .9000089    7.81E-25 9.64E-21 1.38E-24 1.26E-07 1.56E-03 1.87E-08 3.96E-07 4.89E-03 2.51E-07 5.22E-07 6.44E-03  1.20E-03 0.55946
11121.00 .8991998    9.15E-25 1.13E-20 9.88E-25 7.57E-08 9.37E-04 1.41E-08 2.46E-07 3.05E-03 1.62E-07 3.22E-07 3.98E-03  1.20E-03 0.41880
11131.00 .8983919    7.19E-25 8.91E-21 1.26E-24 1.29E-07 1.59E-03 1.93E-08 4.04E-07 5.01E-03 2.57E-07 5.33E-07 6.60E-03  1.21E-03 0.56095
11141.00 .8975855    7.40E-25 9.18E-21 1.17E-24 1.13E-07 1.40E-03 1.86E-08 3.67E-07 4.56E-03 2.39E-07 4.80E-07 5.96E-03  1.21E-03 0.54513
11151.00 .8967806    7.15E-25 8.89E-21 1.10E-24 1.11E-07 1.38E-03 1.83E-08 3.59E-07 4.47E-03 2.34E-07 4.70E-07 5.85E-03  1.22E-03 0.53364
11161.00 .8959770    6.23E-25 7.76E-21 1.16E-24 1.36E-07 1.69E-03 2.07E-08 4.32E-07 5.38E-03 2.77E-07 5.68E-07 7.08E-03  1.22E-03 0.59115
11171.00 .8951751    5.79E-25 7.23E-21 1.15E-24 1.40E-07 1.75E-03 2.10E-08 4.43E-07 5.53E-03 2.84E-07 5.83E-07 7.28E-03  1.23E-03 0.61330
11181.00 .8943744    4.91E-25 6.14E-21 1.18E-24 1.69E-07 2.11E-03 2.29E-08 5.14E-07 6.42E-03 3.23E-07 6.83E-07 8.54E-03  1.24E-03 0.65984
11191.00 .8935752    4.57E-25 5.72E-21 1.14E-24 1.76E-07 2.20E-03 2.34E-08 5.30E-07 6.64E-03 3.31E-07 7.06E-07 8.84E-03  1.24E-03 0.66775
11201.00 .8927775    4.02E-25 5.04E-21 1.13E-24 1.91E-07 2.40E-03 2.39E-08 5.61E-07 7.04E-03 3.47E-07 7.52E-07 9.44E-03  1.25E-03 0.69445
11211.00 .8919810    3.69E-25 4.64E-21 1.10E-24 2.02E-07 2.54E-03 2.49E-08 5.90E-07 7.41E-03 3.63E-07 7.92E-07 9.95E-03  1.26E-03 0.70494
11221.00 .8911862    3.40E-25 4.28E-21 1.06E-24 2.13E-07 2.68E-03 2.55E-08 6.13E-07 7.72E-03 3.76E-07 8.26E-07 1.04E-02  1.27E-03 0.71493
11231.00 .8903927    3.26E-25 4.12E-21 1.01E-24 2.13E-07 2.69E-03 2.56E-08 6.14E-07 7.75E-03 3.76E-07 8.28E-07 1.04E-02  1.28E-03 0.71329
11241.00 .8896006    3.09E-25 3.90E-21 9.69E-25 2.14E-07 2.71E-03 2.55E-08 6.14E-07 7.75E-03 3.75E-07 8.28E-07 1.05E-02  1.28E-03 0.71583
11251.00 .8888100    2.93E-25 3.71E-21 9.27E-25 2.17E-07 2.75E-03 2.57E-08 6.19E-07 7.83E-03 3.78E-07 8.36E-07 1.06E-02  1.29E-03 0.71706
11261.00 .8880205    2.87E-25 3.64E-21 8.77E-25 2.10E-07 2.66E-03 2.52E-08 6.01E-07 7.62E-03 3.68E-07 8.11E-07 1.03E-02  1.30E-03 0.71043
11271.00 .8872328    2.67E-25 3.40E-21 8.45E-25 2.12E-07 2.69E-03 2.51E-08 6.02E-07 7.65E-03 3.68E-07 8.14E-07 1.03E-02  1.31E-03 0.71674
11281.00 .8864462    2.59E-25 3.30E-21 8.02E-25 2.02E-07 2.57E-03 2.41E-08 5.74E-07 7.31E-03 3.51E-07 7.76E-07 9.87E-03  1.32E-03 0.71264
11291.00 .8856611    2.48E-25 3.16E-21 7.65E-25 2.14E-07 2.73E-03 2.55E-08 6.08E-07 7.75E-03 3.71E-07 8.21E-07 1.05E-02  1.32E-03 0.71240
11301.00 .8848775    2.32E-25 2.96E-21 7.36E-25 2.20E-07 2.81E-03 2.59E-08 6.20E-07 7.91E-03 3.77E-07 8.40E-07 1.07E-02  1.33E-03 0.71785
11311.00 .8840951    2.22E-25 2.84E-21 7.02E-25 2.17E-07 2.77E-03 2.55E-08 6.10E-07 7.80E-03 3.71E-07 8.27E-07 1.06E-02  1.34E-03 0.71709
11321.00 .8833143    2.13E-25 2.72E-21 6.70E-25 2.19E-07 2.81E-03 2.58E-08 6.15E-07 7.89E-03 3.75E-07 8.34E-07 1.07E-02  1.35E-03 0.71608
11331.00 .8825346    2.03E-25 2.61E-21 6.39E-25 2.15E-07 2.76E-03 2.53E-08 6.02E-07 7.74E-03 3.67E-07 8.17E-07 1.05E-02  1.36E-03 0.71585
11341.00 .8817565    1.94E-25 2.50E-21 6.10E-25 2.19E-07 2.81E-03 2.58E-08 6.13E-07 7.88E-03 3.73E-07 8.32E-07 1.07E-02  1.37E-03 0.71572
11351.00 .8809797    1.85E-25 2.38E-21 5.83E-25 2.08E-07 2.68E-03 2.44E-08 5.81E-07 7.48E-03 3.53E-07 7.89E-07 1.02E-02  1.37E-03 0.71626
11361.00 .8802041    1.77E-25 2.28E-21 5.57E-25 2.20E-07 2.84E-03 2.59E-08 6.14E-07 7.93E-03 3.73E-07 8.34E-07 1.08E-02  1.38E-03 0.71611
11371.00 .8794302    1.68E-25 2.17E-21 5.32E-25 2.19E-07 2.83E-03 2.56E-08 6.08E-07 7.87E-03 3.69E-07 8.28E-07 1.07E-02  1.39E-03 0.71710
11381.00 .8786574    1.61E-25 2.08E-21 5.07E-25 2.24E-07 2.90E-03 2.62E-08 6.21E-07 8.04E-03 3.77E-07 8.45E-07 1.09E-02  1.40E-03 0.71594
11391.00 .8778861    1.53E-25 1.99E-21 4.85E-25 2.23E-07 2.89E-03 2.61E-08 6.17E-07 8.01E-03 3.74E-07 8.40E-07 1.09E-02  1.41E-03 0.71640
11401.00 .8771161    1.46E-25 1.90E-21 4.63E-25 2.24E-07 2.91E-03 2.62E-08 6.19E-07 8.04E-03 3.75E-07 8.43E-07 1.10E-02  1.42E-03 0.71630
11411.00 .8763473    1.40E-25 1.82E-21 4.41E-25 2.23E-07 2.91E-03 2.61E-08 6.15E-07 8.01E-03 3.73E-07 8.39E-07 1.09E-02  1.42E-03 0.71582
11421.00 .8755801    1.34E-25 1.74E-21 4.22E-25 2.17E-07 2.83E-03 2.53E-08 5.98E-07 7.80E-03 3.62E-07 8.15E-07 1.06E-02  1.43E-03 0.71593
11431.00 .8748143    1.28E-25 1.67E-21 4.02E-25 2.21E-07 2.89E-03 2.58E-08 6.07E-07 7.93E-03 3.67E-07 8.28E-07 1.08E-02  1.44E-03 0.71564
11441.00 .8740494    1.22E-25 1.60E-21 3.84E-25 2.23E-07 2.91E-03 2.60E-08 6.10E-07 7.99E-03 3.69E-07 8.33E-07 1.09E-02  1.45E-03 0.71532
11451.00 .8732862    1.17E-25 1.53E-21 3.67E-25 2.25E-07 2.95E-03 2.62E-08 6.15E-07 8.07E-03 3.72E-07 8.40E-07 1.10E-02  1.46E-03 0.71527
11461.00 .8725241    1.11E-25 1.46E-21 3.50E-25 2.28E-07 2.99E-03 2.65E-08 6.22E-07 8.17E-03 3.76E-07 8.50E-07 1.12E-02  1.47E-03 0.71505
11471.00 .8717636    1.06E-25 1.40E-21 3.34E-25 2.24E-07 2.95E-03 2.61E-08 6.12E-07 8.05E-03 3.69E-07 8.36E-07 1.10E-02  1.47E-03 0.71476
11481.00 .8710044    1.02E-25 1.34E-21 3.19E-25 2.26E-07 2.98E-03 2.63E-08 6.15E-07 8.10E-03 3.71E-07 8.40E-07 1.11E-02  1.48E-03 0.71434
11491.00 .8702462    9.72E-26 1.28E-21 3.04E-25 2.26E-07 2.98E-03 2.63E-08 6.14E-07 8.11E-03 3.70E-07 8.40E-07 1.11E-02  1.49E-03 0.71417
11501.00 .8694897    9.29E-26 1.23E-21 2.90E-25 2.21E-07 2.92E-03 2.57E-08 5.99E-07 7.92E-03 3.61E-07 8.20E-07 1.08E-02  1.50E-03 0.71389
11511.00 .8687342    8.88E-26 1.18E-21 2.77E-25 2.20E-07 2.91E-03 2.56E-08 5.95E-07 7.88E-03 3.58E-07 8.15E-07 1.08E-02  1.51E-03 0.71359
11521.00 .8679803    8.48E-26 1.13E-21 2.64E-25 2.21E-07 2.93E-03 2.57E-08 5.97E-07 7.92E-03 3.59E-07 8.17E-07 1.08E-02  1.52E-03 0.71323
11531.00 .8672276    8.11E-26 1.08E-21 2.52E-25 2.13E-07 2.83E-03 2.48E-08 5.74E-07 7.63E-03 3.46E-07 7.87E-07 1.05E-02  1.52E-03 0.71293
11541.00 .8664759    7.75E-26 1.03E-21 2.41E-25 1.69E-07 2.26E-03 1.97E-08 4.56E-07 6.08E-03 2.75E-07 6.26E-07 8.34E-03  1.53E-03 0.71266
11551.00 .8657260    7.41E-26 9.88E-22 2.30E-25 2.16E-07 2.88E-03 2.51E-08 5.80E-07 7.74E-03 3.49E-07 7.95E-07 1.06E-02  1.54E-03 0.71225
11561.00 .8649770    7.08E-26 9.46E-22 2.19E-25 2.27E-07 3.03E-03 2.64E-08 6.09E-07 8.13E-03 3.66E-07 8.35E-07 1.12E-02  1.55E-03 0.71190
11571.00 .8642296    6.77E-26 9.06E-22 2.09E-25 2.31E-07 3.09E-03 2.69E-08 6.20E-07 8.30E-03 3.72E-07 8.51E-07 1.14E-02  1.55E-03 0.71167
11581.00 .8634834    6.47E-26 8.68E-22 2.00E-25 2.30E-07 3.08E-03 2.67E-08 6.15E-07 8.25E-03 3.69E-07 8.45E-07 1.13E-02  1.56E-03 0.71126

                                             RADIANCE(WATTS/CM2-STER-XXX)

  FREQ  WAVELENGTH     PATH_THERMAL    SURFACE      PATH_SCATTERED_SOLAR   GROUND_REFLECTED_RADIANCE   TOTAL_RADIANCE   INTEGRAL    TOTAL
                                       EMISSION     TOTAL RAD      SINGLE        TOTAL        DIRECT                                TRANS
 (CM-1) (MICRON)       (CM-1)  (MICRN)   (CM-1)   (CM-1)  (MICRN)   (CM-1)   (CM-1)  (MICRN)   (CM-1)   (CM-1)  (MICRN)

11591.00 .8627383    6.19E-26 8.32E-22 1.90E-25 2.29E-07 3.08E-03 2.67E-08 6.14E-07 8.24E-03 3.68E-07 8.43E-07 1.13E-02  1.57E-03 0.71040
11601.00 .8619947    5.91E-26 7.95E-22 1.82E-25 2.26E-07 3.05E-03 2.64E-08 6.04E-07 8.13E-03 3.63E-07 8.31E-07 1.12E-02  1.58E-03 0.71054
11611.00 .8612522    5.66E-26 7.64E-22 1.73E-25 2.26E-07 3.04E-03 2.63E-08 6.02E-07 8.11E-03 3.61E-07 8.27E-07 1.12E-02  1.59E-03 0.70953
11621.00 .8605112    5.40E-26 7.30E-22 1.66E-25 2.28E-07 3.09E-03 2.66E-08 6.08E-07 8.21E-03 3.64E-07 8.37E-07 1.13E-02  1.60E-03 0.70961
11631.00 .8597714    5.18E-26 7.00E-22 1.58E-25 2.26E-07 3.06E-03 2.64E-08 6.02E-07 8.14E-03 3.61E-07 8.28E-07 1.12E-02  1.60E-03 0.70857
11641.00 .8590326    4.96E-26 6.72E-22 1.50E-25 2.25E-07 3.05E-03 2.64E-08 5.99E-07 8.12E-03 3.59E-07 8.25E-07 1.12E-02  1.61E-03 0.70764
11651.00 .8582955    4.73E-26 6.42E-22 1.44E-25 2.26E-07 3.07E-03 2.64E-08 6.00E-07 8.15E-03 3.59E-07 8.27E-07 1.12E-02  1.62E-03 0.70804
11661.00 .8575593    4.57E-26 6.21E-22 1.37E-25 2.27E-07 3.09E-03 2.68E-08 6.04E-07 8.22E-03 3.62E-07 8.31E-07 1.13E-02  1.63E-03 0.70471
11671.00 .8568247    4.33E-26 5.89E-22 1.31E-25 2.31E-07 3.14E-03 2.70E-08 6.10E-07 8.31E-03 3.65E-07 8.41E-07 1.15E-02  1.64E-03 0.70687
11681.00 .8560913    4.15E-26 5.67E-22 1.25E-25 2.25E-07 3.08E-03 2.65E-08 5.97E-07 8.14E-03 3.57E-07 8.22E-07 1.12E-02  1.65E-03 0.70511
11691.00 .8553588    3.98E-26 5.44E-22 1.19E-25 2.18E-07 2.97E-03 2.57E-08 5.76E-07 7.87E-03 3.45E-07 7.94E-07 1.08E-02  1.65E-03 0.70398
11701.00 .8546279    3.82E-26 5.23E-22 1.13E-25 1.63E-07 2.23E-03 1.92E-08 4.31E-07 5.89E-03 2.57E-07 5.93E-07 8.12E-03  1.66E-03 0.70277
11711.00 .8538980    3.67E-26 5.04E-22 1.08E-25 1.93E-07 2.65E-03 2.29E-08 5.11E-07 7.00E-03 3.05E-07 7.04E-07 9.65E-03  1.67E-03 0.70067
11721.00 .8531696    3.47E-26 4.77E-22 1.03E-25 2.23E-07 3.06E-03 2.62E-08 5.87E-07 8.06E-03 3.50E-07 8.09E-07 1.11E-02  1.68E-03 0.70352
11731.00 .8524424    3.35E-26 4.61E-22 9.81E-26 2.24E-07 3.08E-03 2.65E-08 5.90E-07 8.12E-03 3.52E-07 8.13E-07 1.12E-02  1.68E-03 0.70047
11741.00 .8517162    3.24E-26 4.46E-22 9.32E-26 2.14E-07 2.95E-03 2.56E-08 5.66E-07 7.80E-03 3.38E-07 7.79E-07 1.07E-02  1.69E-03 0.69692
11751.00 .8509915    3.06E-26 4.23E-22 8.93E-26 2.25E-07 3.11E-03 2.67E-08 5.91E-07 8.17E-03 3.53E-07 8.16E-07 1.13E-02  1.70E-03 0.69949
11761.00 .8502678    2.90E-26 4.02E-22 8.55E-26 2.01E-07 2.79E-03 2.38E-08 5.27E-07 7.30E-03 3.14E-07 7.29E-07 1.01E-02  1.71E-03 0.70136
11771.00 .8495455    2.78E-26 3.85E-22 8.16E-26 2.16E-07 2.99E-03 2.55E-08 5.65E-07 7.82E-03 3.36E-07 7.80E-07 1.08E-02  1.71E-03 0.70070
11781.00 .8488245    2.66E-26 3.69E-22 7.78E-26 2.29E-07 3.18E-03 2.71E-08 5.99E-07 8.31E-03 3.57E-07 8.28E-07 1.15E-02  1.72E-03 0.70011
11791.00 .8481044    2.55E-26 3.54E-22 7.41E-26 2.28E-07 3.17E-03 2.71E-08 5.96E-07 8.28E-03 3.55E-07 8.24E-07 1.15E-02  1.73E-03 0.69887
11801.00 .8473859    2.40E-26 3.34E-22 7.12E-26 2.28E-07 3.18E-03 2.67E-08 5.91E-07 8.23E-03 3.51E-07 8.19E-07 1.14E-02  1.74E-03 0.70269
11811.00 .8466683    2.31E-26 3.22E-22 6.77E-26 2.27E-07 3.17E-03 2.67E-08 5.89E-07 8.21E-03 3.50E-07 8.16E-07 1.14E-02  1.75E-03 0.70041
11821.00 .8459522    2.21E-26 3.09E-22 6.45E-26 2.30E-07 3.21E-03 2.71E-08 5.96E-07 8.33E-03 3.54E-07 8.26E-07 1.15E-02  1.76E-03 0.69908
11831.00 .8452373    2.11E-26 2.96E-22 6.16E-26 2.30E-07 3.21E-03 2.71E-08 5.95E-07 8.32E-03 3.53E-07 8.24E-07 1.15E-02  1.76E-03 0.69903
11841.00 .8445232    2.05E-26 2.87E-22 5.84E-26 2.23E-07 3.12E-03 2.66E-08 5.79E-07 8.12E-03 3.45E-07 8.02E-07 1.12E-02  1.77E-03 0.69449
11851.00 .8438107    1.99E-26 2.80E-22 5.53E-26 2.15E-07 3.02E-03 2.61E-08 5.62E-07 7.89E-03 3.35E-07 7.76E-07 1.09E-02  1.78E-03 0.68886
11861.00 .8430992    1.88E-26 2.64E-22 5.31E-26 2.24E-07 3.15E-03 2.68E-08 5.81E-07 8.18E-03 3.46E-07 8.05E-07 1.13E-02  1.79E-03 0.69316
11871.00 .8423891    1.77E-26 2.50E-22 5.08E-26 2.24E-07 3.16E-03 2.67E-08 5.80E-07 8.17E-03 3.44E-07 8.04E-07 1.13E-02  1.80E-03 0.69390
11881.00 .8416801    1.73E-26 2.45E-22 4.78E-26 2.17E-07 3.06E-03 2.66E-08 5.66E-07 7.99E-03 3.37E-07 7.83E-07 1.11E-02  1.80E-03 0.68440
11891.00 .8409721    1.68E-26 2.38E-22 4.53E-26 2.14E-07 3.02E-03 2.66E-08 5.60E-07 7.92E-03 3.34E-07 7.74E-07 1.09E-02  1.81E-03 0.67884
11901.00 .8402656    1.58E-26 2.23E-22 4.37E-26 2.19E-07 3.10E-03 2.67E-08 5.69E-07 8.06E-03 3.39E-07 7.88E-07 1.12E-02  1.82E-03 0.68555
11911.00 .8395600    1.51E-26 2.14E-22 4.17E-26 2.18E-07 3.10E-03 2.66E-08 5.66E-07 8.03E-03 3.37E-07 7.85E-07 1.11E-02  1.83E-03 0.68513
11921.00 .8388559    1.48E-26 2.10E-22 3.92E-26 2.02E-07 2.87E-03 2.54E-08 5.30E-07 7.53E-03 3.16E-07 7.32E-07 1.04E-02  1.83E-03 0.67520
11931.00 .8381528    1.42E-26 2.02E-22 3.73E-26 2.10E-07 3.00E-03 2.63E-08 5.49E-07 7.81E-03 3.27E-07 7.59E-07 1.08E-02  1.84E-03 0.67332
11941.00 .8374507    1.38E-26 1.97E-22 3.52E-26 2.05E-07 2.92E-03 2.62E-08 5.38E-07 7.67E-03 3.22E-07 7.43E-07 1.06E-02  1.85E-03 0.66510
11951.00 .8367501    1.32E-26 1.88E-22 3.36E-26 2.05E-07 2.93E-03 2.59E-08 5.35E-07 7.64E-03 3.20E-07 7.40E-07 1.06E-02  1.86E-03 0.66572
11961.00 .8360505    1.31E-26 1.87E-22 3.14E-26 1.95E-07 2.79E-03 2.55E-08 5.14E-07 7.36E-03 3.10E-07 7.09E-07 1.01E-02  1.86E-03 0.65046
11971.00 .8353522    1.23E-26 1.76E-22 3.02E-26 1.99E-07 2.85E-03 2.57E-08 5.21E-07 7.47E-03 3.12E-07 7.20E-07 1.03E-02  1.87E-03 0.65583
11981.00 .8346550    1.16E-26 1.66E-22 2.91E-26 2.00E-07 2.88E-03 2.55E-08 5.21E-07 7.48E-03 3.11E-07 7.22E-07 1.04E-02  1.88E-03 0.66124
11991.00 .8339587    1.20E-26 1.72E-22 2.63E-26 1.76E-07 2.53E-03 2.42E-08 4.70E-07 6.75E-03 2.85E-07 6.46E-07 9.29E-03  1.88E-03 0.62727
12001.00 .8332639    1.14E-26 1.64E-22 2.51E-26 1.72E-07 2.48E-03 2.38E-08 4.61E-07 6.65E-03 2.80E-07 6.34E-07 9.13E-03  1.89E-03 0.62713
12011.00 .8325701    1.05E-26 1.51E-22 2.37E-26 1.83E-07 2.65E-03 2.41E-08 4.78E-07 6.90E-03 2.87E-07 6.62E-07 9.55E-03  1.90E-03 0.61934
12021.00 .8318776    1.08E-26 1.56E-22 2.17E-26 1.62E-07 2.34E-03 2.33E-08 4.38E-07 6.33E-03 2.68E-07 6.00E-07 8.67E-03  1.90E-03 0.59430
12031.00 .8311862    9.68E-27 1.40E-22 2.21E-26 1.83E-07 2.64E-03 2.45E-08 4.82E-07 6.97E-03 2.90E-07 6.64E-07 9.62E-03  1.91E-03 0.63483
12041.00 .8304957    9.65E-27 1.40E-22 2.02E-26 1.71E-07 2.48E-03 2.37E-08 4.54E-07 6.59E-03 2.76E-07 6.25E-07 9.07E-03  1.92E-03 0.60630
12051.00 .8298067    9.00E-27 1.31E-22 1.92E-26 1.73E-07 2.51E-03 2.36E-08 4.53E-07 6.58E-03 2.73E-07 6.26E-07 9.09E-03  1.92E-03 0.60281
12061.00 .8291186    7.51E-27 1.09E-22 1.76E-26 1.61E-07 2.35E-03 2.29E-08 4.27E-07 6.22E-03 2.60E-07 5.89E-07 8.57E-03  1.93E-03 0.57939
12071.00 .8284318    6.88E-27 1.00E-22 1.70E-26 1.66E-07 2.41E-03 2.34E-08 4.38E-07 6.39E-03 2.66E-07 6.04E-07 8.80E-03  1.93E-03 0.58549
12081.00 .8277462    6.71E-27 9.79E-23 1.53E-26 1.44E-07 2.10E-03 2.19E-08 3.91E-07 5.70E-03 2.40E-07 5.34E-07 7.80E-03  1.94E-03 0.55528

                                             RADIANCE(WATTS/CM2-STER-XXX)

  FREQ  WAVELENGTH     PATH_THERMAL    SURFACE      PATH_SCATTERED_SOLAR   GROUND_REFLECTED_RADIANCE   TOTAL_RADIANCE   INTEGRAL    TOTAL
                                       EMISSION     TOTAL RAD      SINGLE        TOTAL        DIRECT                                TRANS
 (CM-1) (MICRON)       (CM-1)  (MICRN)   (CM-1)   (CM-1)  (MICRN)   (CM-1)   (CM-1)  (MICRN)   (CM-1)   (CM-1)  (MICRN)

12091.00 .8270614    6.22E-27 9.09E-23 1.70E-26 2.00E-07 2.93E-03 2.59E-08 5.15E-07 7.53E-03 3.07E-07 7.15E-07 1.05E-02  1.95E-03 0.64587
12101.00 .8263780    6.04E-27 8.85E-23 1.55E-26 1.78E-07 2.60E-03 2.45E-08 4.67E-07 6.83E-03 2.81E-07 6.44E-07 9.44E-03  1.95E-03 0.61333
12111.00 .8256956    5.76E-27 8.45E-23 1.46E-26 1.77E-07 2.59E-03 2.42E-08 4.62E-07 6.77E-03 2.78E-07 6.38E-07 9.36E-03  1.96E-03 0.60952
12121.00 .8250145    5.40E-27 7.94E-23 1.50E-26 2.03E-07 2.98E-03 2.58E-08 5.16E-07 7.58E-03 3.06E-07 7.19E-07 1.06E-02  1.97E-03 0.65182
12131.00 .8243345    5.34E-27 7.85E-23 1.34E-26 1.73E-07 2.55E-03 2.43E-08 4.55E-07 6.70E-03 2.75E-07 6.29E-07 9.25E-03  1.97E-03 0.61260
12141.00 .8236553    5.15E-27 7.59E-23 1.11E-26 1.30E-07 1.92E-03 2.06E-08 3.52E-07 5.19E-03 2.18E-07 4.82E-07 7.11E-03  1.98E-03 0.52822
12151.00 .8229776    4.93E-27 7.28E-23 8.02E-27 8.15E-08 1.20E-03 1.56E-08 2.27E-07 3.36E-03 1.45E-07 3.09E-07 4.56E-03  1.98E-03 0.40280
12161.00 .8223007    4.62E-27 6.83E-23 1.13E-26 1.63E-07 2.41E-03 2.30E-08 4.26E-07 6.31E-03 2.57E-07 5.90E-07 8.72E-03  1.99E-03 0.59293
12171.00 .8216252    4.36E-27 6.46E-23 1.15E-26 1.84E-07 2.72E-03 2.47E-08 4.75E-07 7.03E-03 2.84E-07 6.58E-07 9.75E-03  1.99E-03 0.63059
12181.00 .8209508    4.11E-27 6.10E-23 1.14E-26 2.05E-07 3.04E-03 2.61E-08 5.18E-07 7.69E-03 3.06E-07 7.23E-07 1.07E-02  2.00E-03 0.65775
12191.00 .8202772    4.03E-27 6.00E-23 9.48E-27 1.52E-07 2.26E-03 2.21E-08 3.99E-07 5.93E-03 2.42E-07 5.51E-07 8.19E-03  2.01E-03 0.57061
12201.00 .8196050    3.78E-27 5.62E-23 8.92E-27 1.50E-07 2.24E-03 2.17E-08 3.91E-07 5.82E-03 2.36E-07 5.42E-07 8.06E-03  2.01E-03 0.56386
12211.00 .8189337    3.65E-27 5.44E-23 8.48E-27 1.50E-07 2.23E-03 2.20E-08 3.93E-07 5.86E-03 2.38E-07 5.43E-07 8.09E-03  2.02E-03 0.56187
12221.00 .8182637    3.52E-27 5.26E-23 7.43E-27 1.26E-07 1.88E-03 2.00E-08 3.35E-07 5.00E-03 2.05E-07 4.60E-07 6.88E-03  2.02E-03 0.51380
12231.00 .8175948    3.32E-27 4.97E-23 7.64E-27 1.53E-07 2.29E-03 2.24E-08 3.99E-07 5.97E-03 2.41E-07 5.52E-07 8.26E-03  2.03E-03 0.55533
12241.00 .8169267    3.15E-27 4.71E-23 6.74E-27 1.32E-07 1.98E-03 2.05E-08 3.47E-07 5.21E-03 2.12E-07 4.79E-07 7.18E-03  2.03E-03 0.51203
12251.00 .8162600    2.34E-27 3.52E-23 6.47E-27 1.35E-07 2.02E-03 2.08E-08 3.54E-07 5.32E-03 2.16E-07 4.89E-07 7.34E-03  2.04E-03 0.51669
12261.00 .8155941    1.71E-27 2.57E-23 6.39E-27 1.35E-07 2.02E-03 2.15E-08 3.59E-07 5.40E-03 2.22E-07 4.94E-07 7.42E-03  2.04E-03 0.53293
12271.00 .8149295    1.65E-27 2.48E-23 6.12E-27 1.34E-07 2.02E-03 2.16E-08 3.58E-07 5.39E-03 2.21E-07 4.92E-07 7.41E-03  2.05E-03 0.53537
12281.00 .8142661    1.70E-27 2.57E-23 6.22E-27 1.52E-07 2.29E-03 2.33E-08 4.02E-07 6.07E-03 2.47E-07 5.54E-07 8.36E-03  2.05E-03 0.56982
12291.00 .8136034    1.61E-27 2.43E-23 5.82E-27 1.50E-07 2.26E-03 2.27E-08 3.91E-07 5.91E-03 2.37E-07 5.41E-07 8.17E-03  2.06E-03 0.55870
12301.00 .8129421    1.80E-27 2.72E-23 6.22E-27 1.89E-07 2.87E-03 2.56E-08 4.78E-07 7.24E-03 2.85E-07 6.68E-07 1.01E-02  2.06E-03 0.62592
12311.00 .8122816    1.75E-27 2.65E-23 6.02E-27 1.93E-07 2.92E-03 2.60E-08 4.86E-07 7.36E-03 2.88E-07 6.79E-07 1.03E-02  2.07E-03 0.63410
12321.00 .8116225    1.69E-27 2.57E-23 5.80E-27 1.98E-07 3.01E-03 2.62E-08 4.96E-07 7.53E-03 2.93E-07 6.94E-07 1.05E-02  2.08E-03 0.63938
12331.00 .8109643    1.67E-27 2.54E-23 5.65E-27 2.10E-07 3.19E-03 2.70E-08 5.19E-07 7.90E-03 3.05E-07 7.29E-07 1.11E-02  2.09E-03 0.65299
12341.00 .8103070    1.64E-27 2.49E-23 5.49E-27 2.18E-07 3.32E-03 2.72E-08 5.33E-07 8.12E-03 3.11E-07 7.51E-07 1.14E-02  2.09E-03 0.66418
12351.00 .8096511    1.56E-27 2.38E-23 5.22E-27 2.14E-07 3.27E-03 2.68E-08 5.24E-07 7.99E-03 3.06E-07 7.38E-07 1.13E-02  2.10E-03 0.66271
12361.00 .8089960    1.52E-27 2.32E-23 5.04E-27 2.25E-07 3.44E-03 2.75E-08 5.43E-07 8.30E-03 3.16E-07 7.69E-07 1.17E-02  2.11E-03 0.67021
12371.00 .8083422    1.46E-27 2.23E-23 4.83E-27 2.29E-07 3.50E-03 2.78E-08 5.50E-07 8.42E-03 3.20E-07 7.79E-07 1.19E-02  2.12E-03 0.67198
12381.00 .8076893    1.41E-27 2.16E-23 4.64E-27 2.35E-07 3.60E-03 2.81E-08 5.61E-07 8.60E-03 3.25E-07 7.96E-07 1.22E-02  2.12E-03 0.67646
12391.00 .8070373    1.34E-27 2.06E-23 4.42E-27 2.36E-07 3.62E-03 2.82E-08 5.62E-07 8.63E-03 3.26E-07 7.98E-07 1.23E-02  2.13E-03 0.67501
12401.00 .8063866    1.28E-27 1.97E-23 4.21E-27 2.37E-07 3.65E-03 2.85E-08 5.66E-07 8.70E-03 3.28E-07 8.03E-07 1.23E-02  2.14E-03 0.67418
12411.00 .8057368    1.23E-27 1.90E-23 4.03E-27 2.39E-07 3.68E-03 2.84E-08 5.66E-07 8.72E-03 3.27E-07 8.05E-07 1.24E-02  2.15E-03 0.67638
12421.00 .8050882    1.17E-27 1.81E-23 3.83E-27 2.29E-07 3.54E-03 2.75E-08 5.44E-07 8.40E-03 3.15E-07 7.73E-07 1.19E-02  2.16E-03 0.67322
12431.00 .8044406    1.08E-27 1.67E-23 3.58E-27 2.20E-07 3.40E-03 2.75E-08 5.30E-07 8.19E-03 3.09E-07 7.50E-07 1.16E-02  2.16E-03 0.65964
12441.00 .8037938    1.04E-27 1.61E-23 3.43E-27 2.24E-07 3.46E-03 2.77E-08 5.37E-07 8.31E-03 3.12E-07 7.60E-07 1.18E-02  2.17E-03 0.66128
12451.00 .8031484    9.91E-28 1.54E-23 3.27E-27 2.19E-07 3.40E-03 2.73E-08 5.26E-07 8.16E-03 3.06E-07 7.45E-07 1.16E-02  2.18E-03 0.65918
12461.00 .8025038    9.38E-28 1.46E-23 3.10E-27 2.16E-07 3.36E-03 2.75E-08 5.23E-07 8.13E-03 3.05E-07 7.40E-07 1.15E-02  2.19E-03 0.65536
12471.00 .8018604    9.13E-28 1.42E-23 2.99E-27 2.27E-07 3.54E-03 2.80E-08 5.41E-07 8.42E-03 3.14E-07 7.69E-07 1.20E-02  2.19E-03 0.66213
12481.00 .8012180    8.58E-28 1.34E-23 2.82E-27 2.22E-07 3.45E-03 2.76E-08 5.29E-07 8.23E-03 3.07E-07 7.50E-07 1.17E-02  2.20E-03 0.65421
12491.00 .8005763    8.27E-28 1.29E-23 2.71E-27 2.24E-07 3.49E-03 2.76E-08 5.31E-07 8.29E-03 3.08E-07 7.55E-07 1.18E-02  2.21E-03 0.65801
12501.00 .7999361    7.94E-28 1.24E-23 2.59E-27 2.23E-07 3.48E-03 2.75E-08 5.28E-07 8.25E-03 3.05E-07 7.50E-07 1.17E-02  2.22E-03 0.66010
12511.00 .7992966    7.77E-28 1.22E-23 2.51E-27 2.39E-07 3.74E-03 2.87E-08 5.59E-07 8.75E-03 3.22E-07 7.98E-07 1.25E-02  2.22E-03 0.67059
12521.00 .7986583    7.32E-28 1.15E-23 2.37E-27 2.32E-07 3.64E-03 2.83E-08 5.46E-07 8.56E-03 3.15E-07 7.78E-07 1.22E-02  2.23E-03 0.66376
12531.00 .7980210    7.12E-28 1.12E-23 2.29E-27 2.40E-07 3.78E-03 2.87E-08 5.60E-07 8.80E-03 3.22E-07 8.01E-07 1.26E-02  2.24E-03 0.67152
12541.00 .7973845    6.69E-28 1.05E-23 2.16E-27 2.32E-07 3.65E-03 2.83E-08 5.45E-07 8.57E-03 3.14E-07 7.77E-07 1.22E-02  2.25E-03 0.66364
12551.00 .7967494    6.20E-28 9.76E-24 2.02E-27 2.19E-07 3.45E-03 2.77E-08 5.21E-07 8.21E-03 3.03E-07 7.41E-07 1.17E-02  2.26E-03 0.64986
12561.00 .7961149    5.84E-28 9.22E-24 1.91E-27 2.12E-07 3.35E-03 2.72E-08 5.06E-07 7.99E-03 2.94E-07 7.19E-07 1.13E-02  2.26E-03 0.64394
12571.00 .7954817    5.93E-28 9.38E-24 1.90E-27 2.40E-07 3.80E-03 2.87E-08 5.56E-07 8.78E-03 3.19E-07 7.96E-07 1.26E-02  2.27E-03 0.66993
12581.00 .7948495    5.72E-28 9.05E-24 1.82E-27 2.36E-07 3.74E-03 2.79E-08 5.43E-07 8.60E-03 3.11E-07 7.79E-07 1.23E-02  2.28E-03 0.67337

                                             RADIANCE(WATTS/CM2-STER-XXX)

  FREQ  WAVELENGTH     PATH_THERMAL    SURFACE      PATH_SCATTERED_SOLAR   GROUND_REFLECTED_RADIANCE   TOTAL_RADIANCE   INTEGRAL    TOTAL
                                       EMISSION     TOTAL RAD      SINGLE        TOTAL        DIRECT                                TRANS
 (CM-1) (MICRON)       (CM-1)  (MICRN)   (CM-1)   (CM-1)  (MICRN)   (CM-1)   (CM-1)  (MICRN)   (CM-1)   (CM-1)  (MICRN)

12591.00 .7942180    5.51E-28 8.74E-24 1.75E-27 2.42E-07 3.84E-03 2.82E-08 5.53E-07 8.76E-03 3.16E-07 7.95E-07 1.26E-02  2.29E-03 0.67697
12601.00 .7935879    5.22E-28 8.29E-24 1.66E-27 2.38E-07 3.78E-03 2.80E-08 5.44E-07 8.64E-03 3.11E-07 7.82E-07 1.24E-02  2.29E-03 0.67224
12611.00 .7929584    4.82E-28 7.67E-24 1.55E-27 2.29E-07 3.64E-03 2.80E-08 5.31E-07 8.45E-03 3.05E-07 7.60E-07 1.21E-02  2.30E-03 0.65719
12621.00 .7923303    4.61E-28 7.34E-24 1.47E-27 2.29E-07 3.65E-03 2.80E-08 5.30E-07 8.45E-03 3.05E-07 7.59E-07 1.21E-02  2.31E-03 0.65650
12631.00 .7917031    4.45E-28 7.10E-24 1.42E-27 2.30E-07 3.66E-03 2.79E-08 5.30E-07 8.46E-03 3.04E-07 7.60E-07 1.21E-02  2.32E-03 0.66165
12641.00 .7910766    4.18E-28 6.68E-24 1.34E-27 2.28E-07 3.64E-03 2.81E-08 5.27E-07 8.43E-03 3.03E-07 7.55E-07 1.21E-02  2.32E-03 0.65370
12651.00 .7904514    4.00E-28 6.41E-24 1.28E-27 2.31E-07 3.69E-03 2.83E-08 5.33E-07 8.52E-03 3.06E-07 7.63E-07 1.22E-02  2.33E-03 0.65372
12661.00 .7898270    3.75E-28 6.01E-24 1.20E-27 2.21E-07 3.54E-03 2.78E-08 5.14E-07 8.25E-03 2.97E-07 7.35E-07 1.18E-02  2.34E-03 0.64456
12671.00 .7892038    3.64E-28 5.84E-24 1.16E-27 2.28E-07 3.67E-03 2.84E-08 5.30E-07 8.51E-03 3.05E-07 7.58E-07 1.22E-02  2.35E-03 0.65253
12681.00 .7885815    3.58E-28 5.76E-24 1.13E-27 2.42E-07 3.89E-03 2.90E-08 5.52E-07 8.87E-03 3.15E-07 7.94E-07 1.28E-02  2.35E-03 0.66505
12691.00 .7879599    3.40E-28 5.48E-24 1.07E-27 2.39E-07 3.84E-03 2.88E-08 5.44E-07 8.77E-03 3.11E-07 7.83E-07 1.26E-02  2.36E-03 0.66210
12701.00 .7873396    3.29E-28 5.31E-24 1.03E-27 2.46E-07 3.97E-03 2.92E-08 5.57E-07 8.98E-03 3.17E-07 8.03E-07 1.30E-02  2.37E-03 0.66670
12711.00 .7867201    3.14E-28 5.08E-24 9.84E-28 2.47E-07 3.99E-03 2.94E-08 5.59E-07 9.03E-03 3.18E-07 8.06E-07 1.30E-02  2.38E-03 0.66606
12721.00 .7861018    3.06E-28 4.96E-24 9.51E-28 2.53E-07 4.10E-03 2.93E-08 5.65E-07 9.14E-03 3.20E-07 8.18E-07 1.32E-02  2.39E-03 0.67433
12731.00 .7854844    2.93E-28 4.75E-24 9.08E-28 2.54E-07 4.11E-03 2.93E-08 5.65E-07 9.15E-03 3.20E-07 8.18E-07 1.33E-02  2.39E-03 0.67450
12741.00 .7848677    2.80E-28 4.55E-24 8.67E-28 2.59E-07 4.20E-03 2.98E-08 5.74E-07 9.32E-03 3.25E-07 8.33E-07 1.35E-02  2.40E-03 0.67436
12751.00 .7842523    2.68E-28 4.36E-24 8.28E-28 2.59E-07 4.22E-03 2.98E-08 5.74E-07 9.34E-03 3.25E-07 8.34E-07 1.36E-02  2.41E-03 0.67493
12761.00 .7836376    2.57E-28 4.18E-24 7.91E-28 2.55E-07 4.15E-03 2.92E-08 5.62E-07 9.15E-03 3.17E-07 8.17E-07 1.33E-02  2.42E-03 0.67581
12771.00 .7830241    2.46E-28 4.01E-24 7.55E-28 2.60E-07 4.24E-03 2.98E-08 5.73E-07 9.34E-03 3.23E-07 8.33E-07 1.36E-02  2.43E-03 0.67575
12781.00 .7824115    2.35E-28 3.84E-24 7.21E-28 2.64E-07 4.31E-03 3.01E-08 5.79E-07 9.46E-03 3.27E-07 8.43E-07 1.38E-02  2.44E-03 0.67561
12791.00 .7817996    2.24E-28 3.67E-24 6.88E-28 2.64E-07 4.32E-03 3.02E-08 5.79E-07 9.48E-03 3.26E-07 8.43E-07 1.38E-02  2.44E-03 0.67537
12801.00 .7811890    2.15E-28 3.52E-24 6.56E-28 2.60E-07 4.27E-03 2.97E-08 5.70E-07 9.34E-03 3.21E-07 8.30E-07 1.36E-02  2.45E-03 0.67530
12811.00 .7805791    2.05E-28 3.36E-24 6.26E-28 2.63E-07 4.32E-03 3.01E-08 5.76E-07 9.46E-03 3.24E-07 8.40E-07 1.38E-02  2.46E-03 0.67486
12821.00 .7799704    1.96E-28 3.22E-24 5.97E-28 2.61E-07 4.29E-03 2.98E-08 5.70E-07 9.36E-03 3.20E-07 8.30E-07 1.37E-02  2.47E-03 0.67478
12831.00 .7793626    1.87E-28 3.08E-24 5.70E-28 2.64E-07 4.35E-03 3.02E-08 5.76E-07 9.48E-03 3.24E-07 8.40E-07 1.38E-02  2.48E-03 0.67429
12841.00 .7787555    1.79E-28 2.95E-24 5.44E-28 2.66E-07 4.38E-03 3.03E-08 5.78E-07 9.53E-03 3.25E-07 8.43E-07 1.39E-02  2.49E-03 0.67419
12851.00 .7781496    1.71E-28 2.82E-24 5.19E-28 2.66E-07 4.39E-03 3.03E-08 5.77E-07 9.53E-03 3.24E-07 8.42E-07 1.39E-02  2.50E-03 0.67385
12861.00 .7775444    1.63E-28 2.70E-24 4.95E-28 2.61E-07 4.31E-03 2.97E-08 5.65E-07 9.34E-03 3.17E-07 8.26E-07 1.37E-02  2.50E-03 0.67360
12871.00 .7769405    1.56E-28 2.59E-24 4.72E-28 2.67E-07 4.42E-03 3.04E-08 5.78E-07 9.57E-03 3.24E-07 8.44E-07 1.40E-02  2.51E-03 0.67338
12881.00 .7763374    1.49E-28 2.47E-24 4.51E-28 2.67E-07 4.42E-03 3.04E-08 5.76E-07 9.56E-03 3.23E-07 8.43E-07 1.40E-02  2.52E-03 0.67305
12891.00 .7757350    1.42E-28 2.37E-24 4.30E-28 2.66E-07 4.43E-03 3.04E-08 5.75E-07 9.56E-03 3.22E-07 8.41E-07 1.40E-02  2.53E-03 0.67259
12901.00 .7751338    1.36E-28 2.27E-24 4.10E-28 2.54E-07 4.23E-03 2.90E-08 5.47E-07 9.11E-03 3.06E-07 8.01E-07 1.33E-02  2.54E-03 0.67234
12911.00 .7745333    1.30E-28 2.17E-24 3.91E-28 2.60E-07 4.33E-03 2.96E-08 5.59E-07 9.33E-03 3.13E-07 8.19E-07 1.37E-02  2.54E-03 0.67186
12921.00 .7739339    1.24E-28 2.07E-24 3.73E-28 2.67E-07 4.47E-03 3.05E-08 5.75E-07 9.60E-03 3.22E-07 8.42E-07 1.41E-02  2.55E-03 0.67154
12931.00 .7733355    1.19E-28 1.98E-24 3.56E-28 2.66E-07 4.44E-03 3.03E-08 5.71E-07 9.54E-03 3.19E-07 8.36E-07 1.40E-02  2.56E-03 0.67103
12941.00 .7727377    1.13E-28 1.90E-24 3.39E-28 2.59E-07 4.34E-03 2.96E-08 5.56E-07 9.31E-03 3.11E-07 8.15E-07 1.36E-02  2.57E-03 0.67042
12951.00 .7721412    1.08E-28 1.81E-24 3.24E-28 2.63E-07 4.40E-03 3.00E-08 5.63E-07 9.44E-03 3.15E-07 8.25E-07 1.38E-02  2.58E-03 0.67002
12961.00 .7715454    1.03E-28 1.74E-24 3.09E-28 2.59E-07 4.35E-03 2.97E-08 5.55E-07 9.32E-03 3.10E-07 8.14E-07 1.37E-02  2.59E-03 0.66951
12971.00 .7709506    9.86E-29 1.66E-24 2.94E-28 2.64E-07 4.43E-03 3.02E-08 5.64E-07 9.49E-03 3.15E-07 8.27E-07 1.39E-02  2.59E-03 0.66872
12981.00 .7703568    9.38E-29 1.58E-24 2.80E-28 2.59E-07 4.36E-03 3.00E-08 5.56E-07 9.37E-03 3.11E-07 8.15E-07 1.37E-02  2.60E-03 0.66628
12991.00 .7697636    8.88E-29 1.50E-24 2.66E-28 2.53E-07 4.27E-03 2.96E-08 5.47E-07 9.22E-03 3.07E-07 7.99E-07 1.35E-02  2.61E-03 0.66248
13001.00 .7691717    8.37E-29 1.41E-24 2.51E-28 2.47E-07 4.18E-03 2.94E-08 5.38E-07 9.09E-03 3.03E-07 7.85E-07 1.33E-02  2.62E-03 0.65626
13011.00 .7685804    7.86E-29 1.33E-24 2.37E-28 2.44E-07 4.13E-03 2.94E-08 5.33E-07 9.02E-03 3.01E-07 7.77E-07 1.32E-02  2.63E-03 0.64936
13021.00 .7679902    7.26E-29 1.23E-24 2.22E-28 2.32E-07 3.93E-03 2.86E-08 5.11E-07 8.66E-03 2.90E-07 7.42E-07 1.26E-02  2.63E-03 0.63556
13031.00 .7674009    6.72E-29 1.14E-24 2.07E-28 2.21E-07 3.75E-03 2.79E-08 4.92E-07 8.35E-03 2.81E-07 7.13E-07 1.21E-02  2.64E-03 0.62233
13041.00 .7668123    6.12E-29 1.04E-24 1.91E-28 1.97E-07 3.35E-03 2.52E-08 4.40E-07 7.48E-03 2.51E-07 6.37E-07 1.08E-02  2.65E-03 0.60035
13051.00 .7662249    5.56E-29 9.46E-25 1.76E-28 1.72E-07 2.92E-03 2.35E-08 3.95E-07 6.73E-03 2.29E-07 5.67E-07 9.66E-03  2.65E-03 0.58098
13061.00 .7656381    5.05E-29 8.62E-25 1.58E-28 1.55E-07 2.64E-03 2.21E-08 3.62E-07 6.17E-03 2.11E-07 5.17E-07 8.81E-03  2.66E-03 0.54616
13071.00 .7650524    5.03E-29 8.60E-25 1.40E-28 1.39E-07 2.38E-03 2.02E-08 3.25E-07 5.55E-03 1.88E-07 4.64E-07 7.93E-03  2.66E-03 0.50628
13081.00 .7644677    4.50E-29 7.71E-25 1.25E-28 1.17E-07 2.01E-03 1.79E-08 2.79E-07 4.77E-03 1.62E-07 3.96E-07 6.77E-03  2.67E-03 0.47478

                                             RADIANCE(WATTS/CM2-STER-XXX)

  FREQ  WAVELENGTH     PATH_THERMAL    SURFACE      PATH_SCATTERED_SOLAR   GROUND_REFLECTED_RADIANCE   TOTAL_RADIANCE   INTEGRAL    TOTAL
                                       EMISSION     TOTAL RAD      SINGLE        TOTAL        DIRECT                                TRANS
 (CM-1) (MICRON)       (CM-1)  (MICRN)   (CM-1)   (CM-1)  (MICRN)   (CM-1)   (CM-1)  (MICRN)   (CM-1)   (CM-1)  (MICRN)

13091.00 .7638835    4.14E-29 7.10E-25 1.09E-28 9.12E-08 1.56E-03 1.51E-08 2.23E-07 3.82E-03 1.32E-07 3.14E-07 5.38E-03  2.67E-03 0.43294
13101.00 .7633006    4.17E-29 7.16E-25 9.95E-29 8.05E-08 1.38E-03 1.36E-08 1.98E-07 3.39E-03 1.17E-07 2.78E-07 4.77E-03  2.67E-03 0.41409
13111.00 .7627183    3.77E-29 6.48E-25 9.96E-29 8.76E-08 1.51E-03 1.45E-08 2.14E-07 3.67E-03 1.25E-07 3.01E-07 5.18E-03  2.68E-03 0.43482
13121.00 .7621371    3.96E-29 6.82E-25 1.20E-28 1.55E-07 2.66E-03 2.11E-08 3.50E-07 6.03E-03 2.00E-07 5.05E-07 8.69E-03  2.68E-03 0.54877
13131.00 .7615567    2.71E-29 4.66E-25 8.75E-29 7.23E-08 1.25E-03 1.32E-08 1.83E-07 3.15E-03 1.11E-07 2.55E-07 4.40E-03  2.68E-03 0.41735
13141.00 .7609770    2.36E-29 4.07E-25 5.86E-29 2.43E-08 4.19E-04 6.76E-09 6.89E-08 1.19E-03 4.54E-08 9.31E-08 1.61E-03  2.68E-03 0.29341
13151.00 .7603985    2.77E-29 4.79E-25 4.98E-29 2.20E-08 3.80E-04 6.43E-09 6.31E-08 1.09E-03 4.24E-08 8.51E-08 1.47E-03  2.68E-03 0.26215
13161.00 .7598206    2.02E-29 3.51E-25 6.74E-29 6.83E-08 1.18E-03 1.34E-08 1.75E-07 3.03E-03 1.10E-07 2.43E-07 4.22E-03  2.69E-03 0.37300
13171.00 .7592438    3.69E-29 6.40E-25 1.09E-28 2.43E-07 4.21E-03 2.88E-08 5.11E-07 8.86E-03 2.85E-07 7.54E-07 1.31E-02  2.69E-03 0.63009
13181.00 .7586679    3.80E-29 6.60E-25 1.10E-28 2.65E-07 4.61E-03 3.01E-08 5.47E-07 9.50E-03 3.02E-07 8.12E-07 1.41E-02  2.70E-03 0.66361
13191.00 .7580926    3.63E-29 6.32E-25 1.05E-28 2.73E-07 4.75E-03 3.09E-08 5.61E-07 9.76E-03 3.09E-07 8.34E-07 1.45E-02  2.71E-03 0.66381
13201.00 .7575184    3.47E-29 6.05E-25 1.00E-28 2.72E-07 4.73E-03 3.08E-08 5.58E-07 9.72E-03 3.07E-07 8.30E-07 1.45E-02  2.72E-03 0.66358
13211.00 .7569449    3.32E-29 5.79E-25 9.54E-29 2.72E-07 4.75E-03 3.08E-08 5.58E-07 9.73E-03 3.07E-07 8.30E-07 1.45E-02  2.73E-03 0.66337
13221.00 .7563725    3.17E-29 5.54E-25 9.10E-29 2.71E-07 4.74E-03 3.08E-08 5.56E-07 9.71E-03 3.06E-07 8.27E-07 1.45E-02  2.74E-03 0.66304
13231.00 .7558009    3.03E-29 5.30E-25 8.68E-29 2.70E-07 4.73E-03 3.06E-08 5.52E-07 9.67E-03 3.04E-07 8.22E-07 1.44E-02  2.74E-03 0.66271
13241.00 .7552299    2.89E-29 5.07E-25 8.28E-29 2.75E-07 4.82E-03 3.11E-08 5.61E-07 9.84E-03 3.08E-07 8.36E-07 1.47E-02  2.75E-03 0.66242
13251.00 .7546601    2.77E-29 4.86E-25 7.90E-29 2.76E-07 4.85E-03 3.13E-08 5.63E-07 9.88E-03 3.09E-07 8.39E-07 1.47E-02  2.76E-03 0.66216
13261.00 .7540909    2.64E-29 4.64E-25 7.54E-29 2.77E-07 4.87E-03 3.14E-08 5.64E-07 9.91E-03 3.09E-07 8.41E-07 1.48E-02  2.77E-03 0.66173
13271.00 .7535228    2.52E-29 4.45E-25 7.19E-29 2.75E-07 4.84E-03 3.11E-08 5.58E-07 9.82E-03 3.06E-07 8.32E-07 1.47E-02  2.78E-03 0.66153
13281.00 .7529554    2.41E-29 4.25E-25 6.86E-29 2.72E-07 4.81E-03 3.08E-08 5.52E-07 9.75E-03 3.03E-07 8.25E-07 1.46E-02  2.79E-03 0.66122
13291.00 .7523888    2.30E-29 4.07E-25 6.55E-29 2.72E-07 4.80E-03 3.08E-08 5.50E-07 9.72E-03 3.01E-07 8.22E-07 1.45E-02  2.79E-03 0.66087
13301.00 .7518232    2.20E-29 3.89E-25 6.24E-29 2.75E-07 4.87E-03 3.12E-08 5.57E-07 9.85E-03 3.05E-07 8.32E-07 1.47E-02  2.80E-03 0.66047
13311.00 .7512583    2.10E-29 3.73E-25 5.96E-29 2.67E-07 4.74E-03 3.03E-08 5.40E-07 9.56E-03 2.95E-07 8.07E-07 1.43E-02  2.81E-03 0.66024
13321.00 .7506945    2.01E-29 3.56E-25 5.68E-29 2.75E-07 4.89E-03 3.12E-08 5.55E-07 9.86E-03 3.04E-07 8.31E-07 1.47E-02  2.82E-03 0.65967
13331.00 .7501314    1.92E-29 3.41E-25 5.42E-29 2.73E-07 4.86E-03 3.09E-08 5.50E-07 9.78E-03 3.01E-07 8.23E-07 1.46E-02  2.83E-03 0.65943
13341.00 .7495689    1.83E-29 3.26E-25 5.17E-29 2.67E-07 4.76E-03 3.03E-08 5.37E-07 9.56E-03 2.94E-07 8.05E-07 1.43E-02  2.84E-03 0.65914
13351.00 .7490076    1.75E-29 3.12E-25 4.93E-29 2.76E-07 4.92E-03 3.12E-08 5.54E-07 9.87E-03 3.02E-07 8.30E-07 1.48E-02  2.84E-03 0.65897
13361.00 .7484469    1.67E-29 2.99E-25 4.71E-29 2.75E-07 4.90E-03 3.11E-08 5.50E-07 9.82E-03 3.00E-07 8.25E-07 1.47E-02  2.85E-03 0.65863
13371.00 .7478873    1.60E-29 2.86E-25 4.49E-29 2.74E-07 4.90E-03 3.11E-08 5.49E-07 9.81E-03 2.99E-07 8.23E-07 1.47E-02  2.86E-03 0.65803
13381.00 .7473284    1.53E-29 2.73E-25 4.28E-29 2.76E-07 4.94E-03 3.13E-08 5.51E-07 9.87E-03 3.01E-07 8.27E-07 1.48E-02  2.87E-03 0.65763
13391.00 .7467701    1.46E-29 2.61E-25 4.08E-29 2.76E-07 4.95E-03 3.13E-08 5.51E-07 9.88E-03 3.00E-07 8.28E-07 1.48E-02  2.88E-03 0.65732
13401.00 .7462130    1.39E-29 2.50E-25 3.89E-29 2.74E-07 4.92E-03 3.11E-08 5.46E-07 9.81E-03 2.98E-07 8.20E-07 1.47E-02  2.88E-03 0.65680
13411.00 .7456565    1.33E-29 2.39E-25 3.71E-29 2.76E-07 4.96E-03 3.14E-08 5.50E-07 9.89E-03 2.99E-07 8.26E-07 1.49E-02  2.89E-03 0.65584
13421.00 .7451010    1.27E-29 2.29E-25 3.54E-29 2.71E-07 4.88E-03 3.07E-08 5.39E-07 9.70E-03 2.93E-07 8.10E-07 1.46E-02  2.90E-03 0.65608
13431.00 .7445463    1.21E-29 2.18E-25 3.37E-29 2.66E-07 4.81E-03 3.03E-08 5.29E-07 9.55E-03 2.88E-07 7.96E-07 1.44E-02  2.91E-03 0.65470
13441.00 .7439922    1.16E-29 2.09E-25 3.22E-29 2.75E-07 4.97E-03 3.13E-08 5.46E-07 9.86E-03 2.97E-07 8.20E-07 1.48E-02  2.92E-03 0.65407
13451.00 .7434392    1.11E-29 2.00E-25 3.07E-29 2.77E-07 5.01E-03 3.14E-08 5.48E-07 9.91E-03 2.98E-07 8.24E-07 1.49E-02  2.93E-03 0.65478
13461.00 .7428868    1.05E-29 1.90E-25 2.91E-29 2.69E-07 4.87E-03 3.09E-08 5.34E-07 9.68E-03 2.91E-07 8.03E-07 1.45E-02  2.93E-03 0.65059
13471.00 .7423354    9.99E-30 1.81E-25 2.78E-29 2.59E-07 4.69E-03 2.98E-08 5.14E-07 9.32E-03 2.79E-07 7.72E-07 1.40E-02  2.94E-03 0.64963
13481.00 .7417849    9.54E-30 1.73E-25 2.65E-29 2.59E-07 4.71E-03 2.99E-08 5.14E-07 9.33E-03 2.79E-07 7.73E-07 1.40E-02  2.95E-03 0.64919
13491.00 .7412348    9.02E-30 1.64E-25 2.51E-29 2.53E-07 4.60E-03 2.96E-08 5.04E-07 9.17E-03 2.74E-07 7.56E-07 1.38E-02  2.96E-03 0.64455
13501.00 .7406859    8.70E-30 1.58E-25 2.41E-29 2.65E-07 4.84E-03 3.07E-08 5.25E-07 9.58E-03 2.85E-07 7.91E-07 1.44E-02  2.96E-03 0.64812
13511.00 .7401376    8.19E-30 1.50E-25 2.28E-29 2.58E-07 4.70E-03 3.03E-08 5.13E-07 9.36E-03 2.79E-07 7.71E-07 1.41E-02  2.97E-03 0.64179
13521.00 .7395903    7.69E-30 1.41E-25 2.15E-29 2.49E-07 4.56E-03 3.00E-08 4.99E-07 9.13E-03 2.73E-07 7.49E-07 1.37E-02  2.98E-03 0.63428
13531.00 .7390438    7.39E-30 1.35E-25 2.06E-29 2.44E-07 4.48E-03 2.92E-08 4.88E-07 8.93E-03 2.66E-07 7.32E-07 1.34E-02  2.99E-03 0.63645
13541.00 .7384979    6.91E-30 1.27E-25 1.93E-29 2.41E-07 4.42E-03 2.95E-08 4.85E-07 8.89E-03 2.66E-07 7.26E-07 1.33E-02  2.99E-03 0.62698
13551.00 .7379529    6.75E-30 1.24E-25 1.87E-29 2.57E-07 4.72E-03 3.07E-08 5.12E-07 9.40E-03 2.79E-07 7.69E-07 1.41E-02  3.00E-03 0.63630
13561.00 .7374087    6.31E-30 1.16E-25 1.76E-29 2.48E-07 4.56E-03 3.03E-08 4.96E-07 9.13E-03 2.72E-07 7.44E-07 1.37E-02  3.01E-03 0.62693
13571.00 .7368654    5.87E-30 1.08E-25 1.65E-29 2.34E-07 4.32E-03 2.95E-08 4.73E-07 8.72E-03 2.60E-07 7.08E-07 1.30E-02  3.02E-03 0.61543
13581.00 .7363229    5.57E-30 1.03E-25 1.57E-29 2.28E-07 4.20E-03 2.91E-08 4.63E-07 8.54E-03 2.55E-07 6.91E-07 1.27E-02  3.02E-03 0.61300

                                             RADIANCE(WATTS/CM2-STER-XXX)

  FREQ  WAVELENGTH     PATH_THERMAL    SURFACE      PATH_SCATTERED_SOLAR   GROUND_REFLECTED_RADIANCE   TOTAL_RADIANCE   INTEGRAL    TOTAL
                                       EMISSION     TOTAL RAD      SINGLE        TOTAL        DIRECT                                TRANS
 (CM-1) (MICRON)       (CM-1)  (MICRN)   (CM-1)   (CM-1)  (MICRN)   (CM-1)   (CM-1)  (MICRN)   (CM-1)   (CM-1)  (MICRN)

13591.00 .7357810    5.47E-30 1.01E-25 1.52E-29 2.39E-07 4.42E-03 2.96E-08 4.80E-07 8.87E-03 2.63E-07 7.20E-07 1.33E-02  3.03E-03 0.62418
13601.00 .7352401    5.12E-30 9.48E-26 1.43E-29 2.36E-07 4.37E-03 2.95E-08 4.73E-07 8.75E-03 2.59E-07 7.09E-07 1.31E-02  3.04E-03 0.61439
13611.00 .7346998    4.90E-30 9.08E-26 1.37E-29 2.39E-07 4.43E-03 2.99E-08 4.79E-07 8.87E-03 2.62E-07 7.18E-07 1.33E-02  3.04E-03 0.61526
13621.00 .7341605    4.89E-30 9.07E-26 1.34E-29 2.60E-07 4.82E-03 3.10E-08 5.11E-07 9.48E-03 2.77E-07 7.71E-07 1.43E-02  3.05E-03 0.63305
13631.00 .7336220    4.29E-30 7.97E-26 1.21E-29 2.23E-07 4.15E-03 2.88E-08 4.50E-07 8.35E-03 2.48E-07 6.73E-07 1.25E-02  3.06E-03 0.59698
13641.00 .7330840    4.19E-30 7.80E-26 1.17E-29 2.27E-07 4.23E-03 2.88E-08 4.54E-07 8.44E-03 2.49E-07 6.81E-07 1.27E-02  3.07E-03 0.60554
13651.00 .7325471    4.06E-30 7.57E-26 1.13E-29 2.33E-07 4.34E-03 2.91E-08 4.63E-07 8.63E-03 2.53E-07 6.96E-07 1.30E-02  3.07E-03 0.61132
13661.00 .7320108    3.38E-30 6.31E-26 9.76E-30 1.89E-07 3.52E-03 2.65E-08 3.87E-07 7.22E-03 2.16E-07 5.76E-07 1.07E-02  3.08E-03 0.55394
13671.00 .7314754    3.19E-30 5.95E-26 9.26E-30 1.78E-07 3.32E-03 2.61E-08 3.70E-07 6.92E-03 2.09E-07 5.48E-07 1.02E-02  3.08E-03 0.55071
13681.00 .7309408    3.11E-30 5.82E-26 8.93E-30 1.86E-07 3.49E-03 2.61E-08 3.81E-07 7.13E-03 2.13E-07 5.67E-07 1.06E-02  3.09E-03 0.55700
13691.00 .7304068    2.74E-30 5.14E-26 8.06E-30 1.68E-07 3.15E-03 2.53E-08 3.50E-07 6.56E-03 1.98E-07 5.18E-07 9.70E-03  3.10E-03 0.52722
13701.00 .7298738    2.92E-30 5.48E-26 8.33E-30 1.96E-07 3.68E-03 2.74E-08 4.02E-07 7.54E-03 2.24E-07 5.98E-07 1.12E-02  3.10E-03 0.57025
13711.00 .7293413    2.34E-30 4.40E-26 7.03E-30 1.42E-07 2.66E-03 2.29E-08 3.02E-07 5.67E-03 1.74E-07 4.43E-07 8.33E-03  3.11E-03 0.50373
13721.00 .7288099    2.69E-30 5.07E-26 7.61E-30 2.01E-07 3.78E-03 2.68E-08 4.02E-07 7.58E-03 2.23E-07 6.03E-07 1.14E-02  3.11E-03 0.57286
13731.00 .7282792    2.47E-30 4.66E-26 7.05E-30 1.86E-07 3.51E-03 2.64E-08 3.79E-07 7.15E-03 2.11E-07 5.66E-07 1.07E-02  3.12E-03 0.55456
13741.00 .7277490    1.94E-30 3.67E-26 5.83E-30 1.42E-07 2.68E-03 2.29E-08 2.95E-07 5.57E-03 1.68E-07 4.37E-07 8.25E-03  3.12E-03 0.48161
13751.00 .7272199    2.30E-30 4.35E-26 6.49E-30 2.01E-07 3.79E-03 2.75E-08 4.03E-07 7.61E-03 2.23E-07 6.03E-07 1.14E-02  3.13E-03 0.56177
13761.00 .7266913    1.93E-30 3.66E-26 5.67E-30 1.63E-07 3.09E-03 2.47E-08 3.36E-07 6.37E-03 1.90E-07 4.99E-07 9.46E-03  3.13E-03 0.51309
13771.00 .7261637    1.98E-30 3.76E-26 5.73E-30 1.73E-07 3.28E-03 2.60E-08 3.59E-07 6.80E-03 2.02E-07 5.31E-07 1.01E-02  3.14E-03 0.54390
13781.00 .7256368    1.75E-30 3.32E-26 5.10E-30 1.66E-07 3.16E-03 2.46E-08 3.37E-07 6.40E-03 1.89E-07 5.03E-07 9.56E-03  3.14E-03 0.50652
13791.00 .7251105    1.77E-30 3.37E-26 5.10E-30 1.74E-07 3.32E-03 2.57E-08 3.56E-07 6.78E-03 2.00E-07 5.31E-07 1.01E-02  3.15E-03 0.53252
13801.00 .7245852    1.68E-30 3.20E-26 4.60E-30 1.63E-07 3.10E-03 2.44E-08 3.32E-07 6.32E-03 1.87E-07 4.94E-07 9.41E-03  3.15E-03 0.50209
13811.00 .7240605    1.76E-30 3.36E-26 4.57E-30 1.78E-07 3.39E-03 2.55E-08 3.57E-07 6.81E-03 1.98E-07 5.35E-07 1.02E-02  3.16E-03 0.52252
13821.00 .7235367    1.38E-30 2.64E-26 4.06E-30 1.55E-07 2.96E-03 2.38E-08 3.15E-07 6.02E-03 1.78E-07 4.70E-07 8.98E-03  3.16E-03 0.48778
13831.00 .7230136    1.67E-30 3.20E-26 4.61E-30 2.17E-07 4.14E-03 2.84E-08 4.24E-07 8.12E-03 2.32E-07 6.41E-07 1.23E-02  3.17E-03 0.57931
13841.00 .7224911    1.65E-30 3.15E-26 4.50E-30 2.22E-07 4.26E-03 2.83E-08 4.32E-07 8.27E-03 2.35E-07 6.54E-07 1.25E-02  3.18E-03 0.59236
13851.00 .7219696    1.58E-30 3.04E-26 4.32E-30 2.26E-07 4.33E-03 2.92E-08 4.41E-07 8.47E-03 2.40E-07 6.67E-07 1.28E-02  3.18E-03 0.59527
13861.00 .7214486    1.52E-30 2.92E-26 4.13E-30 2.28E-07 4.37E-03 2.93E-08 4.44E-07 8.52E-03 2.41E-07 6.71E-07 1.29E-02  3.19E-03 0.59674
13871.00 .7209286    1.22E-30 2.35E-26 3.47E-30 1.70E-07 3.28E-03 2.47E-08 3.41E-07 6.57E-03 1.91E-07 5.12E-07 9.85E-03  3.19E-03 0.52568
13881.00 .7204093    9.91E-31 1.91E-26 2.93E-30 1.39E-07 2.68E-03 2.25E-08 2.84E-07 5.47E-03 1.61E-07 4.23E-07 8.15E-03  3.20E-03 0.46494
13891.00 .7198905    9.93E-31 1.92E-26 2.92E-30 1.42E-07 2.75E-03 2.33E-08 2.95E-07 5.68E-03 1.68E-07 4.37E-07 8.43E-03  3.20E-03 0.48653
13901.00 .7193727    9.26E-31 1.79E-26 2.72E-30 1.39E-07 2.69E-03 2.23E-08 2.82E-07 5.45E-03 1.60E-07 4.22E-07 8.15E-03  3.21E-03 0.47511
13911.00 .7188556    8.95E-31 1.73E-26 2.43E-30 1.28E-07 2.48E-03 2.08E-08 2.58E-07 5.00E-03 1.47E-07 3.87E-07 7.48E-03  3.21E-03 0.44296
13921.00 .7183393    9.89E-31 1.92E-26 2.62E-30 1.61E-07 3.12E-03 2.41E-08 3.22E-07 6.24E-03 1.80E-07 4.83E-07 9.36E-03  3.22E-03 0.50243
13931.00 .7178237    9.03E-31 1.75E-26 2.40E-30 1.44E-07 2.80E-03 2.34E-08 2.95E-07 5.73E-03 1.68E-07 4.40E-07 8.53E-03  3.22E-03 0.48194
13941.00 .7173086    8.02E-31 1.56E-26 2.34E-30 1.49E-07 2.90E-03 2.43E-08 3.04E-07 5.91E-03 1.73E-07 4.54E-07 8.82E-03  3.23E-03 0.49142
13951.00 .7167946    9.08E-31 1.77E-26 2.52E-30 1.86E-07 3.61E-03 2.65E-08 3.66E-07 7.13E-03 2.02E-07 5.52E-07 1.07E-02  3.23E-03 0.55480
13961.00 .7162810    9.99E-31 1.95E-26 2.64E-30 2.45E-07 4.77E-03 3.03E-08 4.63E-07 9.03E-03 2.48E-07 7.08E-07 1.38E-02  3.24E-03 0.61018
13971.00 .7157685    9.78E-31 1.91E-26 2.56E-30 2.58E-07 5.03E-03 3.10E-08 4.83E-07 9.42E-03 2.57E-07 7.41E-07 1.45E-02  3.25E-03 0.61969
13981.00 .7152565    9.27E-31 1.81E-26 2.43E-30 2.46E-07 4.81E-03 2.99E-08 4.62E-07 9.03E-03 2.47E-07 7.08E-07 1.38E-02  3.25E-03 0.61591
13991.00 .7147452    9.03E-31 1.77E-26 2.35E-30 2.59E-07 5.07E-03 3.06E-08 4.81E-07 9.42E-03 2.55E-07 7.40E-07 1.45E-02  3.26E-03 0.62375
14001.00 .7142348    8.71E-31 1.71E-26 2.25E-30 2.72E-07 5.32E-03 3.18E-08 5.02E-07 9.83E-03 2.66E-07 7.73E-07 1.52E-02  3.27E-03 0.62713
14011.00 .7137249    8.38E-31 1.65E-26 2.16E-30 2.75E-07 5.40E-03 3.18E-08 5.05E-07 9.91E-03 2.67E-07 7.80E-07 1.53E-02  3.28E-03 0.62986
14021.00 .7132159    7.94E-31 1.56E-26 2.05E-30 2.64E-07 5.19E-03 3.09E-08 4.86E-07 9.56E-03 2.57E-07 7.50E-07 1.47E-02  3.28E-03 0.62637
14031.00 .7127077    7.68E-31 1.51E-26 1.97E-30 2.76E-07 5.43E-03 3.17E-08 5.04E-07 9.92E-03 2.66E-07 7.80E-07 1.54E-02  3.29E-03 0.63107
14041.00 .7121999    7.32E-31 1.44E-26 1.88E-30 2.74E-07 5.41E-03 3.17E-08 5.01E-07 9.87E-03 2.64E-07 7.75E-07 1.53E-02  3.30E-03 0.62958
14051.00 .7116932    7.01E-31 1.38E-26 1.79E-30 2.76E-07 5.46E-03 3.17E-08 5.03E-07 9.93E-03 2.65E-07 7.79E-07 1.54E-02  3.31E-03 0.63083
14061.00 .7111869    6.66E-31 1.32E-26 1.70E-30 2.73E-07 5.39E-03 3.17E-08 4.98E-07 9.84E-03 2.62E-07 7.71E-07 1.52E-02  3.31E-03 0.62781
14071.00 .7106816    6.34E-31 1.26E-26 1.62E-30 2.76E-07 5.46E-03 3.21E-08 5.03E-07 9.97E-03 2.65E-07 7.79E-07 1.54E-02  3.32E-03 0.62640
14081.00 .7101769    6.04E-31 1.20E-26 1.55E-30 2.74E-07 5.44E-03 3.21E-08 5.01E-07 9.93E-03 2.64E-07 7.75E-07 1.54E-02  3.33E-03 0.62497

                                             RADIANCE(WATTS/CM2-STER-XXX)

  FREQ  WAVELENGTH     PATH_THERMAL    SURFACE      PATH_SCATTERED_SOLAR   GROUND_REFLECTED_RADIANCE   TOTAL_RADIANCE   INTEGRAL    TOTAL
                                       EMISSION     TOTAL RAD      SINGLE        TOTAL        DIRECT                                TRANS
 (CM-1) (MICRON)       (CM-1)  (MICRN)   (CM-1)   (CM-1)  (MICRN)   (CM-1)   (CM-1)  (MICRN)   (CM-1)   (CM-1)  (MICRN)

14091.00 .7096728    5.79E-31 1.15E-26 1.48E-30 2.75E-07 5.46E-03 3.19E-08 4.99E-07 9.91E-03 2.63E-07 7.74E-07 1.54E-02  3.34E-03 0.62637
14101.00 .7091696    5.51E-31 1.10E-26 1.41E-30 2.70E-07 5.36E-03 3.15E-08 4.90E-07 9.74E-03 2.58E-07 7.59E-07 1.51E-02  3.34E-03 0.62406
14111.00 .7086669    5.32E-31 1.06E-26 1.35E-30 2.75E-07 5.47E-03 3.16E-08 4.96E-07 9.87E-03 2.60E-07 7.70E-07 1.53E-02  3.35E-03 0.62796
14121.00 .7081652    4.96E-31 9.89E-27 1.27E-30 2.69E-07 5.35E-03 3.19E-08 4.90E-07 9.77E-03 2.58E-07 7.58E-07 1.51E-02  3.36E-03 0.61817
14131.00 .7076641    4.77E-31 9.53E-27 1.22E-30 2.72E-07 5.43E-03 3.20E-08 4.94E-07 9.87E-03 2.60E-07 7.66E-07 1.53E-02  3.37E-03 0.62108
14141.00 .7071635    4.60E-31 9.20E-27 1.17E-30 2.68E-07 5.36E-03 3.12E-08 4.84E-07 9.67E-03 2.54E-07 7.52E-07 1.50E-02  3.38E-03 0.62427
14151.00 .7066639    4.30E-31 8.61E-27 1.10E-30 2.63E-07 5.27E-03 3.14E-08 4.79E-07 9.59E-03 2.53E-07 7.42E-07 1.49E-02  3.38E-03 0.61533
14161.00 .7061648    4.12E-31 8.25E-27 1.05E-30 2.64E-07 5.29E-03 3.15E-08 4.80E-07 9.62E-03 2.53E-07 7.44E-07 1.49E-02  3.39E-03 0.61612
14171.00 .7056665    3.89E-31 7.82E-27 9.92E-31 2.60E-07 5.22E-03 3.12E-08 4.72E-07 9.48E-03 2.49E-07 7.32E-07 1.47E-02  3.40E-03 0.61132
14181.00 .7051690    3.69E-31 7.43E-27 9.42E-31 2.61E-07 5.24E-03 3.15E-08 4.74E-07 9.52E-03 2.50E-07 7.34E-07 1.48E-02  3.40E-03 0.60857
14191.00 .7046719    3.65E-31 7.35E-27 9.19E-31 2.78E-07 5.59E-03 3.23E-08 4.97E-07 1.00E-02 2.60E-07 7.75E-07 1.56E-02  3.41E-03 0.62194
14201.00 .7041758    3.31E-31 6.68E-27 8.46E-31 2.50E-07 5.05E-03 3.06E-08 4.54E-07 9.16E-03 2.40E-07 7.05E-07 1.42E-02  3.42E-03 0.59965
14211.00 .7036802    3.34E-31 6.75E-27 8.37E-31 2.79E-07 5.63E-03 3.20E-08 4.94E-07 9.98E-03 2.58E-07 7.73E-07 1.56E-02  3.43E-03 0.62220
14221.00 .7031855    3.09E-31 6.25E-27 7.82E-31 2.61E-07 5.27E-03 3.12E-08 4.69E-07 9.48E-03 2.46E-07 7.29E-07 1.48E-02  3.43E-03 0.60806
14231.00 .7026914    2.82E-31 5.71E-27 7.24E-31 2.36E-07 4.78E-03 2.97E-08 4.31E-07 8.73E-03 2.29E-07 6.67E-07 1.35E-02  3.44E-03 0.59059
14241.00 .7021978    2.77E-31 5.62E-27 7.04E-31 2.49E-07 5.06E-03 3.06E-08 4.52E-07 9.17E-03 2.38E-07 7.02E-07 1.42E-02  3.45E-03 0.60178
14251.00 .7017052    2.60E-31 5.27E-27 6.62E-31 2.37E-07 4.82E-03 2.95E-08 4.31E-07 8.75E-03 2.28E-07 6.68E-07 1.36E-02  3.45E-03 0.59363
14261.00 .7012131    2.54E-31 5.17E-27 6.43E-31 2.53E-07 5.14E-03 3.08E-08 4.55E-07 9.26E-03 2.39E-07 7.08E-07 1.44E-02  3.46E-03 0.60341
14271.00 .7007218    2.34E-31 4.76E-27 5.97E-31 2.34E-07 4.76E-03 2.97E-08 4.26E-07 8.68E-03 2.26E-07 6.60E-07 1.34E-02  3.47E-03 0.58771
14281.00 .7002312    2.31E-31 4.72E-27 5.82E-31 2.53E-07 5.15E-03 3.06E-08 4.52E-07 9.21E-03 2.37E-07 7.05E-07 1.44E-02  3.47E-03 0.60039

 MULTIPLE SCATTERING CALCULATION RESULTS:

 INTEGRATED COOLING RATES AND VERTICAL FLUXES FROM  9079.50 TO 14296.50 CM-1:

  CALC                                  COOLING RATE          TOTAL FLUX          TOTAL THERMAL              SCATTERED SOLAR
 LAYER    ALTITUDE    PRESSURE        TOTAL  NO DIRECT SUN     UP-DN-DIR       FLUX UP     FLUX DOWN       FLUX UP     FLUX DOWN
            (KM)          (MB)       (K/DAY)       (K/DAY)        (W/M2)        (W/M2)        (W/M2)        (W/M2)        (W/M2)
     1    0.000000 1012.998535     -2.887344      1.839039   -177.945815      0.000000      0.000000    118.506157    117.392088
          0.251141  984.028625     -2.649746      1.832275   -187.529099      0.000000      0.000000    115.810257    108.746887
          0.501522  955.887207     -2.420145      1.791315   -196.209320      0.000000      0.000000    113.439224    100.798866
          0.751141  928.550537     -2.198542      1.716160   -203.986404      0.000000      0.000000    111.393044     93.548019
     2    1.000000  901.995728     -1.984936      1.606808   -210.860398      0.000000      0.000000    109.671744     86.994344
          1.251699  875.884888     -1.771350      1.442671   -216.748566      0.000000      0.000000    108.332954     81.011848
          1.502971  850.530334     -1.562311      1.231088   -221.610306      0.000000      0.000000    107.375748     75.705437
          1.752757  825.909363     -1.368771      1.009248   -225.747910      0.000000      0.000000    106.654297     71.190582
     3    2.000000  802.001099     -1.201686      0.814343   -229.463578      0.000000      0.000000    106.022753     67.582769
          2.252816  777.938660     -1.061974      0.640207   -232.799484      0.000000      0.000000    105.474785     65.111343
          2.502797  754.597839     -0.949315      0.477270   -235.491959      0.000000      0.000000    105.099983     63.769093
          2.751380  731.957336     -0.856119      0.338836   -237.784912      0.000000      0.000000    104.825768     62.970638
     4    3.000000  709.996399     -0.774798      0.238212   -239.922258      0.000000      0.000000    104.579568     62.130583
          3.250996  688.544678     -0.708156      0.190290   -241.924408      0.000000      0.000000    104.359764     61.172371
          3.501760  667.740784     -0.659139      0.184878   -243.663727      0.000000      0.000000    104.200851     60.388184
          3.751644  647.565430     -0.618704      0.196002   -245.207809      0.000000      0.000000    104.079002     59.723129
     5    4.000000  628.000000     -0.577807      0.197686   -246.624149      0.000000      0.000000    103.970370     59.122322
          4.252172  608.620728     -0.533611      0.183841   -247.927368      0.000000      0.000000    103.873573     58.585796
          4.503052  589.839478     -0.491793      0.168188   -249.058243      0.000000      0.000000    103.801895     58.148838
          4.752407  571.637512     -0.453212      0.153703   -250.063339      0.000000      0.000000    103.746292     57.771233
     6    5.000000  553.997498     -0.418728      0.143362   -250.989041      0.000000      0.000000    103.697726     57.412780
          5.252847  536.429443     -0.388290      0.138776   -251.848526      0.000000      0.000000    103.655960     57.066589
          5.504034  519.418701     -0.362280      0.138339   -252.596313      0.000000      0.000000    103.626381     56.760841
          5.753204  502.947205     -0.339495      0.139597   -253.266754      0.000000      0.000000    103.604317     56.477436
     7    6.000000  486.998016     -0.318735      0.140094   -253.894215      0.000000      0.000000    103.585152     56.198278
          6.253031  470.975067     -0.299905      0.140040   -254.498932      0.000000      0.000000    103.568359     55.907116
          6.503223  455.479309     -0.284207      0.140477   -255.040344      0.000000      0.000000    103.556862     55.625160
          6.751803  440.493164     -0.270084      0.140117   -255.532455      0.000000      0.000000    103.549072     55.358032
     8    7.000000  426.000275     -0.255977      0.137673   -255.989255      0.000000      0.000000    103.543384     55.111393
          7.251352  411.806122     -0.241371      0.146998   -256.413971      0.000000      0.000000    103.539871     54.883385
          7.501978  398.084686     -0.227265      0.164051   -256.794769      0.000000      0.000000    103.539352     54.674465
          7.751616  384.820648     -0.213807      0.160551   -257.140381      0.000000      0.000000    103.540932     54.484619
     9    8.000000  371.998566     -0.201143      0.108213   -257.459388      0.000000      0.000000    103.543758     54.313840
          8.252053  359.370056     -0.189110     -0.052379   -257.754761      0.000000      0.000000    103.548134     54.162979
          8.503055  347.170105     -0.177874     -0.288765   -258.016907      0.000000      0.000000    103.554337     54.034313
          8.752529  335.384308     -0.167369     -0.496371   -258.253693      0.000000      0.000000    103.561676     53.920681
    10    9.000000  323.998779     -0.157528     -0.570627   -258.472833      0.000000      0.000000    103.569402     53.814936
          9.239982  313.231506     -0.160598     -4.330733   -258.670654      0.000000      0.000000    103.582802     54.209446
    11    9.950000  283.029114     -0.125486      0.290693   -259.151426      0.000000      0.000000    103.604494     53.485805
          9.962500  282.520111     -0.121517      1.437088   -259.158661      0.000000      0.000000    103.603722     53.367466
          9.974994  282.011993     -0.117364      2.626928   -259.165924      0.000000      0.000000    103.603111     53.263077
          9.987489  281.504974     -0.113310      3.817674   -259.173065      0.000000      0.000000    103.602043     53.119724
    12   10.000000  280.998688     -0.109634      4.966789   -259.179878      0.000000      0.000000    103.599982     52.884480
         10.012489  280.495209     -0.106479      6.062731   -259.186340      0.000000      0.000000    103.596535     52.523987
         10.024993  279.992493     -0.103662      7.130987   -259.192535      0.000000      0.000000    103.592087     52.072533
         10.037500  279.490662     -0.101018      8.172835   -259.198608      0.000000      0.000000    103.587189     51.581818
    13   10.050000  278.989868     -0.098380      9.189553   -259.204645      0.000000      0.000000    103.582423     51.103535
         10.277080  270.018311     -0.059839     27.412577   -259.304504      0.000000      0.000000    103.473877     41.004723
    14   10.950000  244.797775     -0.065103     14.519724   -259.522954      0.000000      0.000000    103.043991      5.213425
         10.962513  244.347046     -0.066871     12.210913   -259.526611      0.000000      0.000000    103.036903      4.663282
         10.975024  243.897018     -0.068704      9.743406   -259.530212      0.000000      0.000000    103.029556      4.096340
         10.987524  243.447937     -0.070592      7.406518   -259.533813      0.000000      0.000000    103.022812      3.573613
    15   11.000000  242.999680     -0.072524      5.489562   -259.537602      0.000000      0.000000    103.017533      3.156117
         11.012523  242.549469     -0.074548      4.147045   -259.541595      0.000000      0.000000    103.014290      2.883075
         11.025023  242.100098     -0.076646      3.208135   -259.545715      0.000000      0.000000    103.012497      2.716403
         11.037513  241.651566     -0.078739      2.444455   -259.549866      0.000000      0.000000    103.011353      2.594806
    16   11.050000  241.203857     -0.080750      1.627625   -259.554011      0.000000      0.000000    103.009986      2.456989
         11.764907  216.622910     -0.073011     -3.648376   -259.759583      0.000000      0.000000    103.030388      1.652313
    17   12.000000  208.999100     -0.060968     -0.822688   -259.817779      0.000000      0.000000    103.047697      2.174194
         12.252276  201.058334     -0.057932     -0.835207   -259.874664      0.000000      0.000000    103.057205      2.105842
         12.502554  193.419250     -0.055926     -0.545274   -259.925140      0.000000      0.000000    103.066414      2.041006
         12.751554  186.070343     -0.054564     -0.168118   -259.971680      0.000000      0.000000    103.075287      1.979054
    18   13.000000  179.000717     -0.053462      0.081032   -260.016901      0.000000      0.000000    103.083766      1.919357
         13.251759  172.113190     -0.052663      0.145317   -260.061584      0.000000      0.000000    103.091927      1.861181
         13.503059  165.490677     -0.052340      0.137387   -260.103973      0.000000      0.000000    103.099716      1.805602
         13.752831  159.122986     -0.052261      0.100688   -260.144257      0.000000      0.000000    103.107101      1.752416
    19   14.000000  153.000290     -0.052196      0.078668   -260.182751      0.000000      0.000000    103.114091      1.701419
    20   15.000000  129.999405     -0.052419      0.079534   -260.323055      0.000000      0.000000    103.138848      1.513402
         15.247557  124.964493     -0.052980      0.080676   -260.355011      0.000000      0.000000    103.144272      1.470514
         15.497194  120.124641     -0.053762      0.082195   -260.386139      0.000000      0.000000    103.149498      1.428726
         15.748235  115.472237     -0.054594      0.083998   -260.416382      0.000000      0.000000    103.154503      1.387706
    21   16.000000  110.999962     -0.055307      0.085992   -260.445774      0.000000      0.000000    103.159258      1.347123
         16.249157  106.763657     -0.055788      0.088077   -260.473755      0.000000      0.000000    103.163750      1.307696
         16.499598  102.689026     -0.056159      0.090343   -260.500916      0.000000      0.000000    103.168030      1.268920
         16.750240   98.769859     -0.056567      0.092893   -260.527222      0.000000      0.000000    103.172043      1.230434
    22   17.000000   95.000313     -0.057162      0.095830   -260.552808      0.000000      0.000000    103.175809      1.191874
         17.250387   91.344704     -0.057935      0.099296   -260.577698      0.000000      0.000000    103.179321      1.152994
         17.499975   87.829720     -0.058821      0.103186   -260.601746      0.000000      0.000000    103.182579      1.114256
         17.749577   84.450035     -0.059899      0.107305   -260.625214      0.000000      0.000000    103.185547      1.075380
    23   18.000000   81.200401     -0.061247      0.111460   -260.648524      0.000000      0.000000    103.188179      1.036087
         18.249353   78.102547     -0.062967      0.115779   -260.671509      0.000000      0.000000    103.190445      0.996507
         18.499361   75.122879     -0.064996      0.120329   -260.694153      0.000000      0.000000    103.192406      0.956493
         18.749687   72.256889     -0.067127      0.124715   -260.716522      0.000000      0.000000    103.194046      0.916393
    24   19.000000   69.500237     -0.069154      0.128547   -260.738691      0.000000      0.000000    103.195398      0.876552
         19.249708   66.852768     -0.071030      0.131812   -260.760681      0.000000      0.000000    103.196426      0.836821
         19.499414   64.306152     -0.072865      0.134693   -260.782471      0.000000      0.000000    103.197136      0.797054
         19.749414   61.856510     -0.074678      0.137074   -260.803986      0.000000      0.000000    103.197578      0.757789
    25   20.000000   59.500217     -0.076491      0.138837   -260.825182      0.000000      0.000000    103.197869      0.719564
         20.249508   57.250847     -0.078273      0.139940   -260.845917      0.000000      0.000000    103.197968      0.682554
         20.499653   55.086514     -0.080034      0.140461   -260.866333      0.000000      0.000000    103.197830      0.646260
         20.749969   53.004002     -0.081815      0.140436   -260.886444      0.000000      0.000000    103.197533      0.611074
    26   21.000000   51.000217     -0.083658      0.139901   -260.906118      0.000000      0.000000    103.197107      0.577386
         21.249498   49.068138     -0.085592      0.139090   -260.925415      0.000000      0.000000    103.196556      0.545199
         21.498394   47.209255     -0.087586      0.137909   -260.944244      0.000000      0.000000    103.195839      0.514389
         21.748093   45.420792     -0.089603      0.135895   -260.962769      0.000000      0.000000    103.194992      0.484947
    27   22.000000   43.700081     -0.091605      0.132586   -260.981164      0.000000      0.000000    103.194032      0.456864
         22.248842   42.087994     -0.093508      0.127419   -260.999054      0.000000      0.000000    103.192955      0.430698
         22.500210   40.535378     -0.095392      0.120753   -261.016815      0.000000      0.000000    103.191742      0.405731
         22.751472   39.040028     -0.097305      0.113843   -261.034302      0.000000      0.000000    103.190445      0.382236
    28   23.000000   37.599850     -0.099294      0.107944   -261.051314      0.000000      0.000000    103.189065      0.360485
         23.251513   36.170452     -0.101330      0.103396   -261.068237      0.000000      0.000000    103.187607      0.340178
         23.500084   34.795399     -0.103362      0.099656   -261.084595      0.000000      0.000000    103.186058      0.321793
         23.748611   33.472614     -0.105593      0.096191   -261.100708      0.000000      0.000000    103.184402      0.304838
    29   24.000000   32.200115     -0.108226      0.092468   -261.116826      0.000000      0.000000    103.182657      0.288819
         24.247871   31.010784     -0.111358      0.088421   -261.132568      0.000000      0.000000    103.180794      0.274273
         24.497889   29.865379     -0.114909      0.084235   -261.148285      0.000000      0.000000    103.178810      0.260896
         24.748962   28.762287     -0.118566      0.080100   -261.163849      0.000000      0.000000    103.176758      0.248295
    30   25.000000   27.699932     -0.122018      0.076207   -261.179018      0.000000      0.000000    103.174741      0.236078
         26.234972   23.014570     -0.135625      0.061348   -261.248749      0.000000      0.000000    103.164673      0.185152
         27.475788   19.121721     -0.146008      0.051643   -261.311279      0.000000      0.000000    103.154343      0.148494
         28.728710   15.887339     -0.155422      0.044641   -261.367706      0.000000      0.000000    103.144264      0.120740
    31   30.000000   13.200042     -0.166125      0.037889   -261.419289      0.000000      0.000000    103.134917      0.096524
         31.227438   11.066057     -0.178409      0.030953   -261.463623      0.000000      0.000000    103.126640      0.076942
         32.469318    9.277063     -0.191530      0.024760   -261.502930      0.000000      0.000000    103.118813      0.062895
         33.726543    7.777287     -0.204434      0.019983   -261.538025      0.000000      0.000000    103.111679      0.052247
    32   35.000000    6.519971     -0.216068      0.017298   -261.569692      0.000000      0.000000    103.105482      0.042861
         36.227276    5.511821     -0.225388      0.017231   -261.596436      0.000000      0.000000    103.100555      0.035168
         37.468323    4.659555     -0.233604      0.019147   -261.619568      0.000000      0.000000    103.096451      0.029551
         38.725208    3.939071     -0.241527      0.022177   -261.639893      0.000000      0.000000    103.093079      0.025155
    33   40.000000    3.329993     -0.249970      0.025450   -261.657994      0.000000      0.000000    103.090348      0.021123
         41.228268    2.839293     -0.257243      0.029144   -261.672913      0.000000      0.000000    103.088509      0.017578
         42.473068    2.420902     -0.263835      0.033656   -261.685333      0.000000      0.000000    103.087379      0.014675
         43.731331    2.064163     -0.272460      0.037974   -261.696228      0.000000      0.000000    103.086662      0.012243
    34   45.000000    1.759993     -0.285832      0.041086   -261.706412      0.000000      0.000000    103.086052      0.010110
         46.237606    1.508963     -0.304881      0.042640   -261.715576      0.000000      0.000000    103.085556      0.008366
         47.488232    1.293737     -0.328301      0.043294   -261.723694      0.000000      0.000000    103.085281      0.006993
         48.744747    1.109209     -0.353720      0.043320   -261.731049      0.000000      0.000000    103.085114      0.005873
    35   50.000000    0.951001     -0.378764      0.042993   -261.737918      0.000000      0.000000    103.084961      0.004886
         51.253246    0.815807     -0.404243      0.042341   -261.744263      0.000000      0.000000    103.084793      0.004052
         52.510883    0.699832     -0.430998      0.041234   -261.750000      0.000000      0.000000    103.084671      0.003413
         53.763081    0.600344     -0.456442      0.039713   -261.755219      0.000000      0.000000    103.084587      0.002899
    36   55.000000    0.514999     -0.477990      0.037820   -261.759962      0.000000      0.000000    103.084501      0.002439
         56.271133    0.439033     -0.494369      0.034811   -261.764374      0.000000      0.000000    103.084427      0.002025
         57.530365    0.374273     -0.506477      0.030950   -261.768127      0.000000      0.000000    103.084373      0.001708
         58.774414    0.319065     -0.517269      0.027540   -261.771515      0.000000      0.000000    103.084328      0.001449
    37   60.000000    0.272001     -0.529704      0.025880   -261.774623      0.000000      0.000000    103.084289      0.001208
         62.633118    0.191623     -0.580714      0.032317   -261.780121      0.000000      0.000000    103.084221      0.000788
         65.187653    0.134997     -0.646999      0.047788   -261.783905      0.000000      0.000000    103.084175      0.000546
         67.648361    0.095104     -0.692222      0.064233   -261.786591      0.000000      0.000000    103.084145      0.000402
    38   70.000000    0.067000     -0.680042      0.073591   -261.788863      0.000000      0.000000    103.084142      0.000272
         72.691368    0.043587     -0.873715      0.097292   -261.791016      0.000000      0.000000    103.084106      0.000142
    39   80.000000    0.012000      0.126019      0.035901   -261.792985      0.000000      0.000000    103.084110      0.000048
         85.301285    0.004595      6.483930     -0.461308   -261.794250      0.000000      0.000000    103.084099     -0.000023
         90.401711    0.001760     17.074553     -1.299665   -261.794861      0.000000      0.000000    103.084091     -0.000055
         95.301285    0.000674     31.897890     -2.479171   -261.794708      0.000000      0.000000    103.084091     -0.000047
    40  100.000000    0.000258     50.953937     -3.999824   -261.793864      0.000000      0.000000    103.084103      0.000000

 INTEGRATED ABSORPTION FROM  9091.00 TO 14281.00 CM-1 =   1937.5984 CM-1
 AVERAGE TRANSMITTANCE = 0.6267

VOIGT SINGLE LINE SPECTRAL BIN TRANSMITTANCES ARE COMPUTED FROM AN INFINITE SERIES OF MODIFIED
BESSEL FUNCTIONS OF THE FIRST KIND TRUNCATED AFTER AT MOST 8 TERMS (I7).  THE MAXIMUM MAGNITUDE
OF THE 8th TERM WAS  0.01390 AND THIS VALUE OCCURRED AT SPECTRAL FREQUENCY 10590.00 CM-1.

 INTEGRATED TOTAL RADIANCE =  3.4721E-03 WATTS CM-2 STER-1 (FROM  9091.00 TO 14281.00 CM-1 )
 MINIMUM SPECTRAL RADIANCE =  3.3811E-08 WATTS CM-2 STER-1 / CM-1  AT 10701.00 CM-1
 MAXIMUM SPECTRAL RADIANCE =  8.5074E-07 WATTS CM-2 STER-1 / CM-1  AT 11571.00 CM-1

 TARGET-PIXEL (H2) SURFACE TEMPERATURE [K] =    294.200
 AREA-AVERAGED GROUND TEMPERATURE [K]      =    294.200
 TARGET-PIXEL (H2) DIRECTIONAL EMISSIVITY  =      0.600
 AREA-AVERAGED GROUND EMISSIVITY           =      0.600

 CARD 5 *****    0   0       0.  0       0.  0       1.
