[RenderBackendConfig] PresentationMode=HeadlessOffscreen WindowPreview=0 EnableFrameRateMeter=1 HeadlessSize=800x800 HeadlessFastDirectFinal=1 HeadlessImageProbe=0 RenderPerfProbe=1 HeadlessForceSyncVideoFalse=1 HeadlessReadbackMode=EveryFrame HeadlessReadbackEveryN=1 copyRamAttached=1 source=ini/ini/ini/ini/ini/ini/ini/ini/ini/ini/ini
[RenderBackend] syncVideo=false forced=1 clockMode=normal presentationMode=HeadlessOffscreen showFrameRateMeter=false reason=pre-open_framework
[RenderBackend] mode=HeadlessOffscreen headlessBootstrap=1 visibleWindowCreated=0
切换至【同步渲染模式】，1组UDP数据渲染1帧
[RenderBackend] mode=HeadlessOffscreen windowCreated=0 renderBackendReady=1 reason=startup graphicsWindow=0 windowPreview=0 enableFrameRateMeter=1 headlessSize=800x800 headlessFastDirectFinal=1 headlessImageProbe=0 renderPerfProbe=1 readbackMode=EveryFrame readbackEveryN=1 copyRamAttached=1
[BuildStamp] stage6b4_stage7a2_source_active=1 compile_date=Jun 26 2026 compile_time=14:44:41
[RenderBackend] mode=HeadlessOffscreen captureTask=Stage6FinalSensorTex ramCopyBinding=deferred_until_final_sensor_buffer readbackMode=EveryFrame readbackEveryN=1 copyRamAttached=1
[NetworkConfig] path=Config/NetworkConfig.ini loaded=1 udpLocal=192.168.1.130:8888 udpRemote=192.168.1.188:9999 tcpServer=192.168.1.188:5555
[Stage0] UDP baseline local=192.168.1.130:8888 remote=192.168.1.188:9999
[INFO] Remote address set to 192.168.1.188:9999
UDP通讯线程启动成功，本地地址：192.168.1.130:8888
UDP线程初始化成功
[Stage0] TCP video baseline server=192.168.1.188:5555 format=length-prefixed JPEG
TCP线程初始化成功
平台模型路径初始化完成，共加载3种平台资源
UDP接收线程开始运行
TCP发送后台线程已启动...
[RenderBackend] mode=HeadlessOffscreen headlessCamera=HeadlessSensorCamera size=800x800 fov=0.1,0.1 nearFar=1,100000
[RenderBackend] mode=HeadlessOffscreen platformModelPaths=3 modelRenderHost=headless_render_root
TCP成功连接到服务器：192.168.1.188:5555
arm_release_ver of this libmali is 'g6p0-01eac0', rk_so_ver is '5'.
[Stage6 FinalPipeline] renderMode=HeadlessOffscreen renderPath=direct_final headlessFastDirectFinal=1 finalPostprocessBypass=1 rawBufferReady=0 finalBufferReady=1 tcpSource=final_sensor headless_final_pipeline_ready=1 reason=startup finalPostprocessNoop=1 finalPostprocessReason=noop windowPreview=0 presentationOutput=final_sensor_buffer rawSceneCopyMode=none rawSceneTex=none finalSensorTex=Stage6FinalSensorTex rawSceneSize=800x800 finalSensorSize=800x800 renderTexSize=1024x1024 renderTexEffectiveSize=800x800 renderTextureWidth=1024 renderTextureHeight=1024 tcpWidth=800 tcpHeight=800 textureCropApplied=1 windowSource=final_sensor windowRegion=fullscreen mtfBlurEnabled=0 mtfBlurMode=GaussianSeparable mtfBlurEffectiveMode=GaussianSinglePassSeparableWeights mtfBlurSigmaPixels=0.65 mtfBlurRadiusPixels=2 agcEnabled=0 agcMode=Percentile agcStatsSource=previous_readback agcGain=1 agcOffset=0 detectorNoiseEnabled=0 detectorNoisePosition=BeforeAGC temporalNoiseSigmaGray=0.005 fpnSigmaGray=0.003 readbackMode=EveryFrame readbackEveryN=1 copyRamAttached=1 copyRamMode=RTM_copy_ram sameOutput=1
[Stage6 ViewportDiag] reason=startup renderMode=HeadlessOffscreen renderPath=direct_final finalPostprocessBypass=1 finalPostprocessNoop=1 presentationOutput=final_sensor_buffer presentationSize=800x800 rawSceneTexSize=0x0 rawSceneRequested=800x800 finalUvScale=0,0 finalRegionDimensions=0,1,0,1 finalCardBounds=-1,1,-1,1 renderTexSize=1024x1024 renderTexEffectiveSize=800x800 rawBufferReady=0 finalBufferReady=1 rawPassRequired=0 sameOutput=1 fullscreen=1
[AnnotationOverlay] enabled=0 reason=OverlayInSensorImage_false renderMode=HeadlessOffscreen presentationOutput=final_sensor_buffer jsonPerFrame=1
[PerfConfig] EnablePerfLog=1 EnableIRVerboseLog=0 QuietPerfMode=1 IRUpdateHz=30 source=ini/ini/ini/ini
[Stage6 CaptureConfig] FlipInShader=0 FlipInTcpThread=1 source=ini/ini
[Stage6 MTFConfig] EnableMTFBlur=0 MTFBlurMode=GaussianSeparable effectiveMode=GaussianSinglePassSeparableWeights MTFBlurSigmaPixels=0.65 MTFBlurRadiusPixels=2 MTFBlurPasses=1 MTFApplyTo=final_display MTFDebugLog=0 MTFLogEveryFrames=120 implementation=single_pass_gpu_separable_weights todo=true_two_pass_separable_if_needed source=ini/ini/ini/ini/ini/ini/ini/ini
[Stage6 NoiseConfig] EnableDetectorNoise=0 NoiseApplyTo=final_display NoisePosition=BeforeAGC EnableTemporalNoise=1 TemporalNoiseSigmaGray=0.005 EnableFPN=0 FPNSigmaGray=0.003 FPNSeed=12345 EnableColumnNoise=0 ColumnNoiseSigmaGray=0.002 EnableRowNoise=0 RowNoiseSigmaGray=0.001 EnableBadPixels=0 BadPixelRatio=0.0001 NoiseClampMin=0 NoiseClampMax=1 NoiseDebugLog=0 NoiseLogEveryFrames=120 implementation=single_pass_gpu_hash_noise source=ini/ini/ini/ini/ini/ini/ini/ini/ini/ini/ini/ini/ini/ini/ini/ini/ini/ini/ini/ini
[Stage6 AGCConfig] EnableAGC=0 AGCMode=Percentile AGCApplyTo=final_display AGCStatsSource=previous_readback AGCUpdateHz=30 AGCLogEveryFrames=120 AGCLowPercentile=2 AGCHighPercentile=98 AGCMeanStdK=2.5 AGCMinGain=0.25 AGCMaxGain=8 AGCMinOffset=-1 AGCMaxOffset=1 AGCSmoothingAlpha=0.15 AGCTargetLowGray=0.05 AGCTargetHighGray=0.95 AGCStride=8 AGCExcludeAnnotationOverlay=1 AGCDebugLog=0 implementation=previous_readback_histogram source=ini/ini/ini/ini/ini/ini/ini/ini/ini/ini/ini/ini/ini/ini/ini/ini/ini/ini/ini
[TcpOutputConfig] Codec=auto JpegQuality=95 JpegEncodeMode=gray JpegGrayConvertMethod=luma EnableH264Experimental=0 H264FallbackToJpeg=1 H264Encoder=auto H264BitrateKbps=4000 H264GopFrames=30 H264LowLatency=1 H264ForceKeyFrameOnStart=1 JpegPerfABTest=0 source=ini/ini/ini/ini/ini/ini/ini/ini/ini/ini/ini/ini
[AnnotationConfig] UpdateHz=15 OverlayInSensorImage=0 JsonPerFrame=1 FastJsonMode=1 BBoxUpdateHz=10 OcclusionUpdateHz=5 ReuseLastWhenSkipped=1 BBoxFastMode=cached_aabb_8corners drawBBox=0 drawKeyPoints=0 drawModelLabel=0 source=ini/ini/ini/ini/ini/ini/ini/ini
[AnnotationConfig] profilePath=Config/Annotation/annotation_profiles.json loaded=1 source=ini resolvedPath=Config/Annotation/annotation_profiles.json
[RuntimeConfig] path=Config/HwaSimIRRuntime.ini loaded=1 envOverrideCount=0 iniValueCount=196 sourcePriority=env>ini>default
红外全链路CPU模型初始化：材质库=未加载，使用默认材质 路径=materials/MaterialDatabase.csv，MODTRAN透过率=未加载，使用经验透过率 路径=transmittance/transmittance_0.3_15.txt
[Stage3] MODTRAN tau-only debug LUT=OK 路径=Config/Atmosphere/MODTRAN/processed/band_lut.csv EnableModtranTauDebug=0 UseModtranTauForAtmosphere=0 source=ini/ini（默认仅日志对比；active=1 才返回 MODTRAN tau）
[Stage1] IR配置输入：SensorWave=OK 路径=Config/SensorWave，MaterialDatabase=fallback，Transmittance=fallback，WeatherProfile=fallback
[Stage4] IRHotspots配置：OK 路径=Config/IRHotspots/target_hotspots.json（ThermalHotspot与BrightSpot分离；本阶段只处理发动机热源与特殊亮斑）
[Stage4] Visual debug flags: EnableStage4HotspotVisualDebug=0 ForceStage4BrightSpotVisible=0 ForceStage4RearHotspotVisible=0 LegacyEngineBodyHeating=0 Stage4UpdateHz=30 TargetUpdateCullInvisible=1 source=ini/ini/ini/ini/ini/ini（默认全为0；仅用于可见性/legacy诊断）
[Stage5 Radiance] Stage5DebugDisplayConfig=OK path=Config/IRRadiance/stage5_debug_display.json（只配置DebugView显示映射，不决定Stage5正式分量链路是否计算）
[Stage5 RadianceConfig] EnableIRPhysicalPipeline=1 DebugView=Off EnableStage5RadianceDebug=0 LogComponents=0 ComponentLogEveryFrames=120 UseSensorInputForDisplay=0 SensorInputDisplayMode=Manual SensorInputDisplayScale=1 SensorInputDisplayOffset=0 SensorInputDisplayClampMin=0 SensorInputDisplayClampMax=1 SensorInputDisplayGamma=1 SensorInputDisplayBand=MWIR pathRadianceSource=legacy_empirical Stage5DebugToneMap=asinh Stage5BodyRadianceScale=0.35 Stage5HotspotRadianceScale=0.003 Stage5BrightspotRadianceScale=0.004 Stage5SolarReflectanceWeight=0.15 Stage5DebugMinBodyGray=0.12 Stage5UseBaseTextureModulation=0 Stage5BodyDisplayGain=1 Stage5ReflectedDisplayGain=0.7 Stage5HotspotDisplayGain=2.8 Stage5BrightspotDisplayGain=2.2 Stage5CompositeMinGray=0 Stage5CompositeMaxGray=1 source=ini/ini/ini/ini/ini/ini/ini/ini/ini/ini/ini/ini/ini（DebugView Off 时主画面保持legacy输出；path/sky/solar MODTRAN runtime disabled）
[Stage5 AeroThermalConfig] EnableAeroThermalModel=1 ApplyAeroToRadiance=0 AeroDebugLog=0 AeroLogEveryFrames=120 AeroApplyScale=0.25 AeroApplyClampBodyDeltaK=40 AeroApplyOnlyBand=MWIR RecoveryFactor=0.85 Gamma=1.4 BodyCoeff=0.2 NoseCoeff=0.6 EdgeCoeff=0.45 RearCoeff=0.1 HeatTauSec=2 CoolTauSec=5 ClampMachMin=0 ClampMachMax=4 ClampDeltaKMax=250 speedUnit=km/h source=ini/ini/ini/ini/ini/ini/ini/ini/ini/ini/ini/ini/ini/ini/ini/ini/ini/ini（Stage4B: default computes components only; ApplyAeroToRadiance=false keeps production image unchanged）
[Stage5 ModtranRadianceConfig] EnableModtranRadianceDebug=0 UseModtranPathRuntime=0 UseModtranSkyRuntime=0 UseModtranSolarRuntime=0 PreferredSource=band_lut LogEveryFrames=120 CompareLegacy=0 ModtranPathRuntimeBand=MWIR ModtranPathRuntimeMode=Off ModtranPathUnitMode=Native ModtranPathScale=1 ModtranPathOffset=0 ModtranPathClampMin=0 ModtranPathClampMax=10 ModtranPathBlend=1 ModtranPathABLog=1 loaded=1 sourceFile=Config/Atmosphere/MODTRAN/processed/band_lut.csv defaultPathRadianceSource=legacy_empirical units=MODOUT2_native Stage5ModtranCompareEffective=0 source=ini/ini/ini/ini/ini/ini/ini/ini/ini/ini/ini（Stage3C: production default Off; MWIR path runtime A/B must opt in）
[Stage5 OutputCapture] Stage5OutputFrameDump=0 path=NA every=5（smoke-only render texture dump; TCP/JPEG protocol unchanged）
[Stage5 PlumeConfig] EnableEnginePlume=1 profile=OK path=Config/IRPlume/engine_plume_profiles.json MaxPlumeNodes=16 UseEngineState=1 UseProceduralNoise=1 EnablePlumeDebug=0 ForcePlumeVisible=0 PlumeDisplayGain=1.5 PlumeCoreDisplayGain=1.8 PlumeHaloDisplayGain=1 PlumeOpacityScale=1 PlumeCoreOpacityScale=1.1 PlumeHaloOpacityScale=0.9 UpdateHz=30 PerfBudgetMs=1 source=ini/default/ini/ini/ini/ini/ini/ini/ini/ini/ini/ini/ini/ini/ini（EnginePlume 独立于 rear ThermalHotspot 与 BrightSpot；path/sky/solar disabled）
[Stage7 Config] enableSkyHorizon=1 debugMode=Off groundZOffset=0 useReal3DBackground=1 Stage7UpdateHz=10 source=ini/ini/ini/ini/ini
[Stage7 WeatherConfig] enableWeatherEffects=1 weatherProfile=OK profilePath=Config/Weather/weather_profiles.json weatherTextures=OK textureConfigPath=Config/Weather/weather_textures.json enableCloudLayer=0 enableFog=1 enablePrecipitation=0 precipitationMode=ScreenOverlay cloudLayerMaxCards=0 precipitationMaxParticles=0 useWeatherUdpInput=1 source=ini/ini/ini/ini/ini/ini/ini/ini/ini/ini
[EffectiveRuntimeConfig] reason=startup runtimeConfigPath=Config/HwaSimIRRuntime.ini runtimeConfigLoaded=1 videoFps=0 syncMode=1 targetNumValid=0 IRUpdateHz=30 AnnotationUpdateHz=15 EnablePerfLog=1 EnableIRVerboseLog=0 EnableMTFBlur=0 MTFBlurMode=GaussianSeparable MTFBlurEffectiveMode=GaussianSinglePassSeparableWeights MTFBlurSigmaPixels=0.65 MTFBlurRadiusPixels=2 MTFBlurPasses=1 MTFApplyTo=final_display EnableDetectorNoise=0 NoiseApplyTo=final_display NoisePosition=BeforeAGC EnableTemporalNoise=1 TemporalNoiseSigmaGray=0.005 EnableFPN=0 FPNSigmaGray=0.003 EnableColumnNoise=0 ColumnNoiseSigmaGray=0.002 EnableRowNoise=0 RowNoiseSigmaGray=0.001 EnableBadPixels=0 BadPixelRatio=0.0001 EnableAGC=0 AGCMode=Percentile AGCApplyTo=final_display AGCStatsSource=previous_readback AGCUpdateHz=30 AGCStride=8 AGCGain=1 AGCOffset=0 EnableIRPhysicalPipeline=1 DebugView=Off LogComponents=0 UseSensorInputForDisplay=0 SensorInputDisplayMode=Manual SensorInputDisplayScale=1 SensorInputDisplayOffset=0 SensorInputDisplayClampMin=0 SensorInputDisplayClampMax=1 SensorInputDisplayGamma=1 SensorInputDisplayBand=MWIR EnableAeroThermalModel=1 ApplyAeroToRadiance=0 AeroDebugLog=0 AeroApplyScale=0.25 AeroApplyClampBodyDeltaK=40 AeroApplyOnlyBand=MWIR RecoveryFactor=0.85 ClampDeltaKMax=250 EnableModtranRadianceDebug=0 UseModtranPathRuntime=0 UseModtranSkyRuntime=0 UseModtranSolarRuntime=0 CompareLegacy=0 ModtranPathRuntimeBand=MWIR ModtranPathRuntimeMode=Off ModtranPathUnitMode=Native ModtranPathScale=1 ModtranPathBlend=1 Stage5ModtranCompareEffective=0 Stage7UpdateHz=10 Stage4UpdateHz=30 Stage5PlumeUpdateHz=30 Codec=auto JpegEncodeMode=gray JpegQuality=95 h264EnFromInit=0 EnableH264Experimental=0 H264FallbackToJpeg=1 H264Encoder=auto H264BitrateKbps=4000 H264GopFrames=30 H264LowLatency=1 H264ForceKeyFrameOnStart=1 JpegPerfABTest=0 readbackMode=EveryFrame readbackEveryN=1 copyRamAttached=1 BBoxFastMode=cached_aabb_8corners saveMP4En=0 source=videoFps:not_initialized,targetNumValid:not_initialized,saveMP4En:not_initialized,EnablePerfLog:ini,EnableIRVerboseLog:ini,QuietPerfMode:ini,IRUpdateHz:ini,EnableMTFBlur:ini,MTFBlurMode:ini,MTFBlurSigmaPixels:ini,MTFBlurRadiusPixels:ini,MTFBlurPasses:ini,MTFApplyTo:ini,MTFDebugLog:ini,MTFLogEveryFrames:ini,EnableDetectorNoise:ini,NoiseApplyTo:ini,NoisePosition:ini,EnableTemporalNoise:ini,TemporalNoiseSigmaGray:ini,EnableFPN:ini,FPNSigmaGray:ini,FPNSeed:ini,EnableColumnNoise:ini,ColumnNoiseSigmaGray:ini,EnableRowNoise:ini,RowNoiseSigmaGray:ini,EnableBadPixels:ini,BadPixelRatio:ini,BadPixelHotGray:ini,BadPixelDeadGray:ini,NoiseClampMin:ini,NoiseClampMax:ini,NoiseDebugLog:ini,NoiseLogEveryFrames:ini,EnableAGC:ini,AGCMode:ini,AGCApplyTo:ini,AGCStatsSource:ini,AGCUpdateHz:ini,AGCLogEveryFrames:ini,AGCLowPercentile:ini,AGCHighPercentile:ini,AGCMeanStdK:ini,AGCMinGain:ini,AGCMaxGain:ini,AGCMinOffset:ini,AGCMaxOffset:ini,AGCSmoothingAlpha:ini,AGCTargetLowGray:ini,AGCTargetHighGray:ini,AGCStride:ini,AGCExcludeAnnotationOverlay:ini,AGCDebugLog:ini,AnnotationUpdateHz:ini,AnnotationOverlayInSensorImage:ini,AnnotationJsonPerFrame:ini,AnnotationFastJsonMode:ini,AnnotationBBoxUpdateHz:ini,AnnotationOcclusionUpdateHz:ini,AnnotationReuseLastWhenSkipped:ini,AnnotationBBoxFastMode:ini,TargetUpdateCullInvisible:ini,EnableIRPhysicalPipeline:ini,DebugView:ini,LogComponents:ini,UseSensorInputForDisplay:ini,SensorInputDisplayMode:ini,SensorInputDisplayScale:ini,SensorInputDisplayOffset:ini,SensorInputDisplayClampMin:ini,SensorInputDisplayClampMax:ini,SensorInputDisplayGamma:ini,SensorInputDisplayBand:ini,EnableAeroThermalModel:ini,ApplyAeroToRadiance:ini,AeroDebugLog:ini,AeroLogEveryFrames:ini,AeroApplyScale:ini,AeroApplyClampBodyDeltaK:ini,AeroApplyOnlyBand:ini,RecoveryFactor:ini,Gamma:ini,BodyCoeff:ini,NoseCoeff:ini,EdgeCoeff:ini,RearCoeff:ini,HeatTauSec:ini,CoolTauSec:ini,ClampMachMin:ini,ClampMachMax:ini,ClampDeltaKMax:ini,EnableModtranRadianceDebug:ini,UseModtranPathRuntime:ini,UseModtranSkyRuntime:ini,UseModtranSolarRuntime:ini,CompareLegacy:ini,ModtranPathRuntimeBand:ini,ModtranPathRuntimeMode:ini,ModtranPathUnitMode:ini,ModtranPathScale:ini,ModtranPathOffset:ini,ModtranPathClampMin:ini,ModtranPathClampMax:ini,ModtranPathBlend:ini,ModtranPathABLog:ini,Stage7UpdateHz:ini,Stage4UpdateHz:ini,Stage5PlumeUpdateHz:ini,Codec:ini,JpegEncodeMode:ini,JpegQuality:ini,EnableH264Experimental:ini,H264FallbackToJpeg:ini,H264Encoder:ini,H264BitrateKbps:ini,H264GopFrames:ini,H264LowLatency:ini,H264ForceKeyFrameOnStart:ini,JpegPerfABTest:ini
[Stage1] Sensor profile (startup-default): protocolBand=2, band=MWIR, sensorRange=3-5um, modelRange=3-5um, profileSize=640x480, ADC=14bit, display=8bit, NETD=0.05K, FOV=45x33.75, detectorPitch=0.02mm, focalLength=100mm, lensFnumber=1, blackHot=0, source=Config/SensorWave/default_MWIR.json
[SensorWave Usage] band=MWIR file=Config/SensorWave/default_MWIR.json usedFields=SensorConfigurationSystem.Width,Height,ADCBitNumber,DisplayBits,SpectralResponseRangeLow,High,NoiseEquivalentTemperatureDifference,DetectorPitch,FocalLength,LensFnumber,BlackHot fallbackFields=Width,Height,FOVH,FOVV used only when UDP init geometry is invalid or missing ignoredPresagisFields=GainControlSystem,MTF,Vignetting,FXAA,TemporalAA,ImageFusionSystem,DistributedApertureSystem,IntensifierConfigurationSystem,TaskSSR
[Stage3] Environment (startup-default): hour=12, airTempC=25, visibilityM=23000, humidity=40, wind=0m/s@0deg, weatherCode=0, sunAzimuth=180, sunElevation=45, sunStrength=1, profile=fallback
[Stage6 FinalPipeline] renderMode=HeadlessOffscreen renderPath=direct_final headlessFastDirectFinal=1 finalPostprocessBypass=1 rawBufferReady=0 finalBufferReady=1 tcpSource=final_sensor headless_final_pipeline_ready=1 reason=runtime-config finalPostprocessNoop=1 finalPostprocessReason=noop windowPreview=0 presentationOutput=final_sensor_buffer rawSceneCopyMode=none rawSceneTex=none finalSensorTex=Stage6FinalSensorTex rawSceneSize=800x800 finalSensorSize=800x800 renderTexSize=1024x1024 renderTexEffectiveSize=800x800 renderTextureWidth=1024 renderTextureHeight=1024 tcpWidth=800 tcpHeight=800 textureCropApplied=1 windowSource=final_sensor windowRegion=fullscreen mtfBlurEnabled=0 mtfBlurMode=GaussianSeparable mtfBlurEffectiveMode=GaussianSinglePassSeparableWeights mtfBlurSigmaPixels=0.65 mtfBlurRadiusPixels=2 agcEnabled=0 agcMode=Percentile agcStatsSource=previous_readback agcGain=1 agcOffset=0 detectorNoiseEnabled=0 detectorNoisePosition=BeforeAGC temporalNoiseSigmaGray=0.005 fpnSigmaGray=0.003 readbackMode=EveryFrame readbackEveryN=1 copyRamAttached=1 copyRamMode=RTM_copy_ram sameOutput=1
[Stage6 ViewportDiag] reason=runtime-config renderMode=HeadlessOffscreen renderPath=direct_final finalPostprocessBypass=1 finalPostprocessNoop=1 presentationOutput=final_sensor_buffer presentationSize=800x800 rawSceneTexSize=0x0 rawSceneRequested=800x800 finalUvScale=0,0 finalRegionDimensions=0,1,0,1 finalCardBounds=-1,1,-1,1 renderTexSize=1024x1024 renderTexEffectiveSize=800x800 rawBufferReady=0 finalBufferReady=1 rawPassRequired=0 sameOutput=1 fullscreen=1
[AnnotationOverlay] enabled=0 reason=OverlayInSensorImage_false renderMode=HeadlessOffscreen presentationOutput=final_sensor_buffer jsonPerFrame=1
[Stage7 3DSkyGround] reason=init-sky enable=1 band=MWIR envTerrain=0 envSky=0 skyGrayRaw=0.65 groundGrayRaw=0.35 skyGrayFinal=0.65 groundGrayFinal=0.35 skyGray=0.65 groundGray=0.35 skyDome=1 lowerShell=1 groundPlane=0 source=env+band_default
[Stage7 Debug] mode=Off skyVisible=1 groundVisible=1 forcedSkyGray=NA forcedGroundGray=NA
[Stage7 Real3DBackground] skyDome=1 lowerShell=1 flatGroundPlane=0 cameraPos=0,0,0 backgroundMode=real_3d
[Stage7 GroundReference] mode=reference_zero groundZOffset=0 finalGroundReferenceZ=0
[Stage7 SkyDomeDiag] cameraPos=0,0,0 skyDomePos=0,0,0 farClipM=50000 skyRadius=42500 radius=42500 radiusSource=farClip_scaled radiusLessThanFarClip=1 twoSided=1 depthWrite=0 depthTest=0
[Stage7 GroundDiag] groundPos=0,0,0 farClipM=50000 groundSize=42500 lowerShellRadius=42500 groundZOffset=0 envTerrain=0 groundGray=0.35
[Stage7 Weather] reason=init-sky envSky=0 weatherName=Clear visibilityM=23000 humidity=40 windV=0 windDir=0 cloudCoverage=0 fogDensity=0 precipitationType=none sunDirectScale=1 skyDiffuseScale=1 targetContrastScale=1 source=UDP+weather_profiles+RuntimeConfig
[Stage7 CloudLayer] enabled=0 texture=Config/Weather/Textures/cloud_few.png textureFound=1 coverage=0 opacity=0 temperatureK=255 band=MWIR cloudGray=0.385455
[Stage7 Fog] enabled=0 visibilityM=23000 fogDensity=0 fogGray=0.45 targetContrastScale=1
[Stage7 Precipitation] enabled=0 type=none density=0 speed=0 windV=0 windDir=0 maxHeight=0 transHeight=0
[Stage7 PrecipitationOverlay] mode=ScreenOverlay active=0 type=none density=0 sensorFovDeg=0 pattern=screen_sparse_low_contrast giantVerticalBars=0 sameOutput=1
[Stage7 Perf] weatherNodeCount=0 cloudNodeCount=0 precipitationNodeCount=0 textureLoadCountThisFrame=0 updateWeatherNodesMs=0.00175 totalWeatherMs=0.004375 precipitationMode=ScreenOverlay
Stage7B/7C真实3D背景初始化完成：skyDome=1 lowerShell=1 flatGroundPlane=0 cloud cards=0 precipitationCards=0
应用程序已启动。按ESC键退出。
[RenderPerfProbe] pandaDoFrameMs=133.529 renderPath=direct_final graphicsOutputCount=1 activeDisplayRegionCount=1 rawPassEnabled=0 finalPassEnabled=1 annotationOverlayEnabled=0 readbackMode=EveryFrame readbackEveryN=1 copyRamAttached=1 copyRamMode=RTM_copy_ram quietPerfMode=1 bboxFastMode=cached_aabb_8corners processRealSceneMs=0.000 targetMappingMs=0.000 cameraControlMs=0.000 stage4Stage5UpdateMs=0.000 shaderInputApplyMs=0.000 readbackMs=0.000 frameCopyMs=0.000 jpegMs=0.000 annotationMs=0.000 annotationBBoxMs=0.000 annotationOcclusionMs=0.000 annotationJsonMs=0.000 annotationTargets=0 bboxUpdateCount=0 bboxReuseCount=0 occlusionUpdateCount=0 occlusionReuseCount=0 targetUpdateCullInvisible=1 targetUpdateTotal=0 targetUpdateVisible=0 targetUpdateSkippedBeyondFar=0 targetUpdateSkippedShaderApply=0
[RenderPerfProbe] pandaDoFrameMs=14.509 renderPath=direct_final graphicsOutputCount=1 activeDisplayRegionCount=1 rawPassEnabled=0 finalPassEnabled=1 annotationOverlayEnabled=0 readbackMode=EveryFrame readbackEveryN=1 copyRamAttached=1 copyRamMode=RTM_copy_ram quietPerfMode=1 bboxFastMode=cached_aabb_8corners processRealSceneMs=0.000 targetMappingMs=0.000 cameraControlMs=0.000 stage4Stage5UpdateMs=0.000 shaderInputApplyMs=0.000 readbackMs=0.000 frameCopyMs=0.000 jpegMs=0.000 annotationMs=0.000 annotationBBoxMs=0.000 annotationOcclusionMs=0.000 annotationJsonMs=0.000 annotationTargets=0 bboxUpdateCount=0 bboxReuseCount=0 occlusionUpdateCount=0 occlusionReuseCount=0 targetUpdateCullInvisible=1 targetUpdateTotal=0 targetUpdateVisible=0 targetUpdateSkippedBeyondFar=0 targetUpdateSkippedShaderApply=0
[RenderPerfProbe] pandaDoFrameMs=13.373 renderPath=direct_final graphicsOutputCount=1 activeDisplayRegionCount=1 rawPassEnabled=0 finalPassEnabled=1 annotationOverlayEnabled=0 readbackMode=EveryFrame readbackEveryN=1 copyRamAttached=1 copyRamMode=RTM_copy_ram quietPerfMode=1 bboxFastMode=cached_aabb_8corners processRealSceneMs=0.000 targetMappingMs=0.000 cameraControlMs=0.000 stage4Stage5UpdateMs=0.000 shaderInputApplyMs=0.000 readbackMs=0.000 frameCopyMs=0.000 jpegMs=0.000 annotationMs=0.000 annotationBBoxMs=0.000 annotationOcclusionMs=0.000 annotationJsonMs=0.000 annotationTargets=0 bboxUpdateCount=0 bboxReuseCount=0 occlusionUpdateCount=0 occlusionReuseCount=0 targetUpdateCullInvisible=1 targetUpdateTotal=0 targetUpdateVisible=0 targetUpdateSkippedBeyondFar=0 targetUpdateSkippedShaderApply=0
[RenderPerfProbe] pandaDoFrameMs=10.112 renderPath=direct_final graphicsOutputCount=1 activeDisplayRegionCount=1 rawPassEnabled=0 finalPassEnabled=1 annotationOverlayEnabled=0 readbackMode=EveryFrame readbackEveryN=1 copyRamAttached=1 copyRamMode=RTM_copy_ram quietPerfMode=1 bboxFastMode=cached_aabb_8corners processRealSceneMs=0.000 targetMappingMs=0.000 cameraControlMs=0.000 stage4Stage5UpdateMs=0.000 shaderInputApplyMs=0.000 readbackMs=0.000 frameCopyMs=0.000 jpegMs=0.000 annotationMs=0.000 annotationBBoxMs=0.000 annotationOcclusionMs=0.000 annotationJsonMs=0.000 annotationTargets=0 bboxUpdateCount=0 bboxReuseCount=0 occlusionUpdateCount=0 occlusionReuseCount=0 targetUpdateCullInvisible=1 targetUpdateTotal=0 targetUpdateVisible=0 targetUpdateSkippedBeyondFar=0 targetUpdateSkippedShaderApply=0
[Perf] mode=sync videoFpsTarget=0.000 udpFps=0.000 renderFps=0.000 outputFps=0.000 sceneUpdateMs=0.000 annotationMs=0.000 irUpdateMs=0.000 irEnvBuildMs=0.000 stage7SkyGroundMs=0.000 platformRadianceMs=0.000 targetRadianceMs=0.000 stage4HotspotMs=0.000 stage5PlumeMs=0.000 stage5RadianceComponentMs=0.000 stage5AeroThermalMs=0.000 stage5ModtranLookupMs=0.000 shaderInputApplyMs=0.000 shaderInputApplyScope=exclusive stage7SkyGroundScope=inclusive stage4HotspotScope=inclusive shaderInputSetCount=0 shaderInputSkipCount=0 shaderInputCacheHitRate=0.000 stage5ModtranCacheHitCount=0 stage5ModtranCacheMissCount=0 stage7FullUpdateCount=0 stage7PositionOnlyCount=0 stage7SkipCount=0 stage4UpdateCount=0 stage4SkipCount=0 plumeUpdateMs=0.000 renderMs=0.000 stage6MtfBlurMs=0.000 stage6MtfBlurScope=render_pass_upper_bound mtfBlurEnabled=0 mtfBlurSigmaPixels=0.000 mtfBlurRadiusPixels=0 stage6DetectorNoiseMs=0.000 stage6DetectorNoiseScope=render_pass_upper_bound detectorNoiseEnabled=0 temporalNoiseSigmaGray=0.000 fpnSigmaGray=0.000 columnNoiseSigmaGray=0.000 rowNoiseSigmaGray=0.000 badPixelRatio=0.000 noisePosition=BeforeAGC stage6AgcStatsMs=0.000 stage6AgcApplyMs=0.000 agcEnabled=0 agcMode=Off agcGain=1.000 agcOffset=0.000 agcLowInput=0.000 agcHighInput=1.000 agcSampleCount=0 readbackMs=0.000 resizeMs=0.000 frameCopyMs=0.000 jpegMs=0.000 tcpSendMs=0.000 tcpQueueDepth=0 tcpQueueDepthMax=0 inputQueueDepth=0 inputQueueDepthMax=0 sourceSeqLag=0 latencyAvgMs=0.000 latencyMaxMs=0.000 syncOverrunCount=0 inputQueueOverflowCount=0 udpFrames=0 renderFrames=0 outputFrames=0
[RenderPerfProbe] pandaDoFrameMs=10.056 renderPath=direct_final graphicsOutputCount=1 activeDisplayRegionCount=1 rawPassEnabled=0 finalPassEnabled=1 annotationOverlayEnabled=0 readbackMode=EveryFrame readbackEveryN=1 copyRamAttached=1 copyRamMode=RTM_copy_ram quietPerfMode=1 bboxFastMode=cached_aabb_8corners processRealSceneMs=0.000 targetMappingMs=0.000 cameraControlMs=0.000 stage4Stage5UpdateMs=0.000 shaderInputApplyMs=0.000 readbackMs=0.000 frameCopyMs=0.000 jpegMs=0.000 annotationMs=0.000 annotationBBoxMs=0.000 annotationOcclusionMs=0.000 annotationJsonMs=0.000 annotationTargets=0 bboxUpdateCount=0 bboxReuseCount=0 occlusionUpdateCount=0 occlusionReuseCount=0 targetUpdateCullInvisible=1 targetUpdateTotal=0 targetUpdateVisible=0 targetUpdateSkippedBeyondFar=0 targetUpdateSkippedShaderApply=0
接收UDP数据，长度：24字节，来自：192.168.1.188:9999 packet=1
解析UDP数据，flag：0x41 packet=1
[Stage0] Control command queued for main thread: command=1, round=1/1
[Stage0] Processing queued control command on render thread command=1 round=1/1
收到控制指令：
  军别：1
  挂载平台ID：1
  仿真指令：复位
  总回合数：1
  当前回合：1
[Stage0] Control command received: command=1, round=1/1
执行复位逻辑...
[TcpControlForward] simCommand=1 round=1/1
TCP线程初始化标志已重置，下一回合可重新发送初始化命令
复位完成：所有平台已删除，数据已清空
[RenderPerfProbe] pandaDoFrameMs=10.222 renderPath=direct_final graphicsOutputCount=1 activeDisplayRegionCount=1 rawPassEnabled=0 finalPassEnabled=1 annotationOverlayEnabled=0 readbackMode=EveryFrame readbackEveryN=1 copyRamAttached=1 copyRamMode=RTM_copy_ram quietPerfMode=1 bboxFastMode=cached_aabb_8corners processRealSceneMs=0.000 targetMappingMs=0.000 cameraControlMs=0.000 stage4Stage5UpdateMs=0.000 shaderInputApplyMs=0.000 readbackMs=0.000 frameCopyMs=0.000 jpegMs=0.000 annotationMs=0.000 annotationBBoxMs=0.000 annotationOcclusionMs=0.000 annotationJsonMs=0.000 annotationTargets=0 bboxUpdateCount=0 bboxReuseCount=0 occlusionUpdateCount=0 occlusionReuseCount=0 targetUpdateCullInvisible=1 targetUpdateTotal=0 targetUpdateVisible=0 targetUpdateSkippedBeyondFar=0 targetUpdateSkippedShaderApply=0
[RenderPerfProbe] pandaDoFrameMs=9.988 renderPath=direct_final graphicsOutputCount=1 activeDisplayRegionCount=1 rawPassEnabled=0 finalPassEnabled=1 annotationOverlayEnabled=0 readbackMode=EveryFrame readbackEveryN=1 copyRamAttached=1 copyRamMode=RTM_copy_ram quietPerfMode=1 bboxFastMode=cached_aabb_8corners processRealSceneMs=0.000 targetMappingMs=0.000 cameraControlMs=0.000 stage4Stage5UpdateMs=0.000 shaderInputApplyMs=0.000 readbackMs=0.000 frameCopyMs=0.000 jpegMs=0.000 annotationMs=0.000 annotationBBoxMs=0.000 annotationOcclusionMs=0.000 annotationJsonMs=0.000 annotationTargets=0 bboxUpdateCount=0 bboxReuseCount=0 occlusionUpdateCount=0 occlusionReuseCount=0 targetUpdateCullInvisible=1 targetUpdateTotal=0 targetUpdateVisible=0 targetUpdateSkippedBeyondFar=0 targetUpdateSkippedShaderApply=0
接收UDP数据，长度：599字节，来自：192.168.1.188:9999 packet=2
解析UDP数据，flag：0x36 packet=2
[Stage0] Init command queued for main thread: sensorID=1, platNumValid=1
[Stage0] Processing queued init command on render thread sensorID=1 platNumValid=1
收到成像初始化指令：
  军别：1
  挂载平台ID：1
  传感器ID：1
  有效平台数：1
[Stage0] Init baseline: sensorBand=2, sensorSize=800x800, viewMinMax=1/50000, pixelAngleUrad=2.18166, legacyResolution=0.1x0.1, videoFps=60, missileMax(AIM120/AIM9/MMD)=5/5/0
[Codec] h264En=0 requestedCodec=jpeg activeCodec=jpeg codecFallbackReason=none
[EffectiveRuntimeConfig] reason=after_init runtimeConfigPath=Config/HwaSimIRRuntime.ini runtimeConfigLoaded=1 videoFps=60 syncMode=1 targetNumValid=0 IRUpdateHz=30 AnnotationUpdateHz=15 EnablePerfLog=1 EnableIRVerboseLog=0 EnableMTFBlur=0 MTFBlurMode=GaussianSeparable MTFBlurEffectiveMode=GaussianSinglePassSeparableWeights MTFBlurSigmaPixels=0.65 MTFBlurRadiusPixels=2 MTFBlurPasses=1 MTFApplyTo=final_display EnableDetectorNoise=0 NoiseApplyTo=final_display NoisePosition=BeforeAGC EnableTemporalNoise=1 TemporalNoiseSigmaGray=0.005 EnableFPN=0 FPNSigmaGray=0.003 EnableColumnNoise=0 ColumnNoiseSigmaGray=0.002 EnableRowNoise=0 RowNoiseSigmaGray=0.001 EnableBadPixels=0 BadPixelRatio=0.0001 EnableAGC=0 AGCMode=Percentile AGCApplyTo=final_display AGCStatsSource=previous_readback AGCUpdateHz=30 AGCStride=8 AGCGain=1 AGCOffset=0 EnableIRPhysicalPipeline=1 DebugView=Off LogComponents=0 UseSensorInputForDisplay=0 SensorInputDisplayMode=Manual SensorInputDisplayScale=1 SensorInputDisplayOffset=0 SensorInputDisplayClampMin=0 SensorInputDisplayClampMax=1 SensorInputDisplayGamma=1 SensorInputDisplayBand=MWIR EnableAeroThermalModel=1 ApplyAeroToRadiance=0 AeroDebugLog=0 AeroApplyScale=0.25 AeroApplyClampBodyDeltaK=40 AeroApplyOnlyBand=MWIR RecoveryFactor=0.85 ClampDeltaKMax=250 EnableModtranRadianceDebug=0 UseModtranPathRuntime=0 UseModtranSkyRuntime=0 UseModtranSolarRuntime=0 CompareLegacy=0 ModtranPathRuntimeBand=MWIR ModtranPathRuntimeMode=Off ModtranPathUnitMode=Native ModtranPathScale=1 ModtranPathBlend=1 Stage5ModtranCompareEffective=0 Stage7UpdateHz=10 Stage4UpdateHz=30 Stage5PlumeUpdateHz=30 Codec=auto JpegEncodeMode=gray JpegQuality=95 h264EnFromInit=0 EnableH264Experimental=0 H264FallbackToJpeg=1 H264Encoder=auto H264BitrateKbps=4000 H264GopFrames=30 H264LowLatency=1 H264ForceKeyFrameOnStart=1 JpegPerfABTest=0 readbackMode=EveryFrame readbackEveryN=1 copyRamAttached=1 BBoxFastMode=cached_aabb_8corners saveMP4En=1 source=videoFps:cmd,targetNumValid:pending_realtime_packet,saveMP4En:cmd,EnablePerfLog:ini,EnableIRVerboseLog:ini,QuietPerfMode:ini,IRUpdateHz:ini,EnableMTFBlur:ini,MTFBlurMode:ini,MTFBlurSigmaPixels:ini,MTFBlurRadiusPixels:ini,MTFBlurPasses:ini,MTFApplyTo:ini,MTFDebugLog:ini,MTFLogEveryFrames:ini,EnableDetectorNoise:ini,NoiseApplyTo:ini,NoisePosition:ini,EnableTemporalNoise:ini,TemporalNoiseSigmaGray:ini,EnableFPN:ini,FPNSigmaGray:ini,FPNSeed:ini,EnableColumnNoise:ini,ColumnNoiseSigmaGray:ini,EnableRowNoise:ini,RowNoiseSigmaGray:ini,EnableBadPixels:ini,BadPixelRatio:ini,BadPixelHotGray:ini,BadPixelDeadGray:ini,NoiseClampMin:ini,NoiseClampMax:ini,NoiseDebugLog:ini,NoiseLogEveryFrames:ini,EnableAGC:ini,AGCMode:ini,AGCApplyTo:ini,AGCStatsSource:ini,AGCUpdateHz:ini,AGCLogEveryFrames:ini,AGCLowPercentile:ini,AGCHighPercentile:ini,AGCMeanStdK:ini,AGCMinGain:ini,AGCMaxGain:ini,AGCMinOffset:ini,AGCMaxOffset:ini,AGCSmoothingAlpha:ini,AGCTargetLowGray:ini,AGCTargetHighGray:ini,AGCStride:ini,AGCExcludeAnnotationOverlay:ini,AGCDebugLog:ini,AnnotationUpdateHz:ini,AnnotationOverlayInSensorImage:ini,AnnotationJsonPerFrame:ini,AnnotationFastJsonMode:ini,AnnotationBBoxUpdateHz:ini,AnnotationOcclusionUpdateHz:ini,AnnotationReuseLastWhenSkipped:ini,AnnotationBBoxFastMode:ini,TargetUpdateCullInvisible:ini,EnableIRPhysicalPipeline:ini,DebugView:ini,LogComponents:ini,UseSensorInputForDisplay:ini,SensorInputDisplayMode:ini,SensorInputDisplayScale:ini,SensorInputDisplayOffset:ini,SensorInputDisplayClampMin:ini,SensorInputDisplayClampMax:ini,SensorInputDisplayGamma:ini,SensorInputDisplayBand:ini,EnableAeroThermalModel:ini,ApplyAeroToRadiance:ini,AeroDebugLog:ini,AeroLogEveryFrames:ini,AeroApplyScale:ini,AeroApplyClampBodyDeltaK:ini,AeroApplyOnlyBand:ini,RecoveryFactor:ini,Gamma:ini,BodyCoeff:ini,NoseCoeff:ini,EdgeCoeff:ini,RearCoeff:ini,HeatTauSec:ini,CoolTauSec:ini,ClampMachMin:ini,ClampMachMax:ini,ClampDeltaKMax:ini,EnableModtranRadianceDebug:ini,UseModtranPathRuntime:ini,UseModtranSkyRuntime:ini,UseModtranSolarRuntime:ini,CompareLegacy:ini,ModtranPathRuntimeBand:ini,ModtranPathRuntimeMode:ini,ModtranPathUnitMode:ini,ModtranPathScale:ini,ModtranPathOffset:ini,ModtranPathClampMin:ini,ModtranPathClampMax:ini,ModtranPathBlend:ini,ModtranPathABLog:ini,Stage7UpdateHz:ini,Stage4UpdateHz:ini,Stage5PlumeUpdateHz:ini,Codec:ini,JpegEncodeMode:ini,JpegQuality:ini,EnableH264Experimental:ini,H264FallbackToJpeg:ini,H264Encoder:ini,H264BitrateKbps:ini,H264GopFrames:ini,H264LowLatency:ini,H264ForceKeyFrameOnStart:ini,JpegPerfABTest:ini
[Stage1] Sensor profile (init-command): protocolBand=2, band=MWIR, sensorRange=3-5um, modelRange=3-5um, profileSize=640x480, ADC=14bit, display=8bit, NETD=0.05K, FOV=45x33.75, detectorPitch=0.02mm, focalLength=100mm, lensFnumber=1, blackHot=0, source=Config/SensorWave/default_MWIR.json
[SensorWave Usage] band=MWIR file=Config/SensorWave/default_MWIR.json usedFields=SensorConfigurationSystem.Width,Height,ADCBitNumber,DisplayBits,SpectralResponseRangeLow,High,NoiseEquivalentTemperatureDifference,DetectorPitch,FocalLength,LensFnumber,BlackHot fallbackFields=Width,Height,FOVH,FOVV used only when UDP init geometry is invalid or missing ignoredPresagisFields=GainControlSystem,MTF,Vignetting,FXAA,TemporalAA,ImageFusionSystem,DistributedApertureSystem,IntensifierConfigurationSystem,TaskSSR
执行成像初始化逻辑...
传感器参数初始化完成，传感器ID=1
[Stage0] Init render setup begin sensorSize=800x800
[Stage6 FinalPipeline] renderMode=HeadlessOffscreen renderPath=direct_final headlessFastDirectFinal=1 finalPostprocessBypass=1 rawBufferReady=0 finalBufferReady=1 tcpSource=final_sensor headless_final_pipeline_ready=1 reason=resize-headless finalPostprocessNoop=1 finalPostprocessReason=noop windowPreview=0 presentationOutput=final_sensor_buffer rawSceneCopyMode=none rawSceneTex=none finalSensorTex=Stage6FinalSensorTex rawSceneSize=800x800 finalSensorSize=800x800 renderTexSize=800x800 renderTexEffectiveSize=800x800 renderTextureWidth=800 renderTextureHeight=800 tcpWidth=800 tcpHeight=800 textureCropApplied=0 windowSource=final_sensor windowRegion=fullscreen mtfBlurEnabled=0 mtfBlurMode=GaussianSeparable mtfBlurEffectiveMode=GaussianSinglePassSeparableWeights mtfBlurSigmaPixels=0.65 mtfBlurRadiusPixels=2 agcEnabled=0 agcMode=Percentile agcStatsSource=previous_readback agcGain=1 agcOffset=0 detectorNoiseEnabled=0 detectorNoisePosition=BeforeAGC temporalNoiseSigmaGray=0.005 fpnSigmaGray=0.003 readbackMode=EveryFrame readbackEveryN=1 copyRamAttached=1 copyRamMode=RTM_copy_ram sameOutput=1
[Stage6 ViewportDiag] reason=resize-headless renderMode=HeadlessOffscreen renderPath=direct_final finalPostprocessBypass=1 finalPostprocessNoop=1 presentationOutput=final_sensor_buffer presentationSize=800x800 rawSceneTexSize=0x0 rawSceneRequested=800x800 finalUvScale=0,0 finalRegionDimensions=0,1,0,1 finalCardBounds=-1,1,-1,1 renderTexSize=800x800 renderTexEffectiveSize=800x800 rawBufferReady=0 finalBufferReady=1 rawPassRequired=0 sameOutput=1 fullscreen=1
[AnnotationOverlay] enabled=0 reason=OverlayInSensorImage_false renderMode=HeadlessOffscreen presentationOutput=final_sensor_buffer jsonPerFrame=1
[Stage6 Resize] renderMode=HeadlessOffscreen finalSensorSize=800x800 renderTexture=Stage6FinalSensorTex pipelineReady=1
[Stage6 SensorGeometry] reason=init-command width=800 height=800 viewMin=1 viewMax=50000 pixelAngleUrad=2.18166 horizontalFovDeg=0.0999999 verticalFovDeg=0.0999999 nearClipM=1 farClipM=50000 fov_source=pixelAngle_urad_per_pixel
[Stage6 Display] reason=init-command whiteHot=1 displayGain=1 displayOffset=0 noiseEnable=0 noiseSigmaGray=0 noiseOverrideEnable=1 noiseSource=ini applyToWindow=1 applyToCapture=0 backgroundDisplay=1 configSource=ini effectiveWhiteHot=1 effectiveNoiseEnable=0 effectiveNoiseSigmaGray=0 source=ini
[Stage6 DisplayRoute] reason=init-command route=final_sensor deprecatedRoute=1 finalRoute=final_sensor applyToWindow=1 applyToCapture=0 backgroundDisplay=1
[Stage0] Init render setup complete
[Annotation] enabled=1
开始生成PlatParamPak平台，有效数：1
[Stage2] 材质绑定：F35 materialIdTex=OK materialMap=OK entries=4 default=BM_METAL-ALUMINIUM
PlatParamPak平台生成成功：类型=1 ID=1
相机已绑定到第一个PlatParamPak平台（ID=1），偏移：(0, 0, -8)
相机视场角(Stage6 SensorGeometry)：0.0999999,0.0999999
开始生成TargetState平台，有效数--120：5--9：5--MMD：0
[Stage2] 材质绑定：AIM120D materialIdTex=OK materialMap=OK entries=4 default=BM_METAL-STEEL
TargetState平台生成成功：类型=2 目标ID=-1
[Stage2] 材质绑定：AIM120D materialIdTex=OK materialMap=OK entries=4 default=BM_METAL-STEEL
TargetState平台生成成功：类型=2 目标ID=-1
[Stage2] 材质绑定：AIM120D materialIdTex=OK materialMap=OK entries=4 default=BM_METAL-STEEL
TargetState平台生成成功：类型=2 目标ID=-1
[Stage2] 材质绑定：AIM120D materialIdTex=OK materialMap=OK entries=4 default=BM_METAL-STEEL
TargetState平台生成成功：类型=2 目标ID=-1
[Stage2] 材质绑定：AIM120D materialIdTex=OK materialMap=OK entries=4 default=BM_METAL-STEEL
TargetState平台生成成功：类型=2 目标ID=-1
[Stage2] 材质绑定：AIM9X materialIdTex=OK materialMap=OK entries=4 default=IR_CERAMIC
TargetState平台生成成功：类型=3 目标ID=-1
[Stage2] 材质绑定：AIM9X materialIdTex=OK materialMap=OK entries=4 default=IR_CERAMIC
TargetState平台生成成功：类型=3 目标ID=-1
[Stage2] 材质绑定：AIM9X materialIdTex=OK materialMap=OK entries=4 default=IR_CERAMIC
TargetState平台生成成功：类型=3 目标ID=-1
[Stage2] 材质绑定：AIM9X materialIdTex=OK materialMap=OK entries=4 default=IR_CERAMIC
TargetState平台生成成功：类型=3 目标ID=-1
[Stage2] 材质绑定：AIM9X materialIdTex=OK materialMap=OK entries=4 default=IR_CERAMIC
TargetState平台生成成功：类型=3 目标ID=-1
[Stage7 3DSkyGround] reason=init-command enable=1 band=MWIR envTerrain=0 envSky=0 skyGrayRaw=0.65 groundGrayRaw=0.35 skyGrayFinal=0.65 groundGrayFinal=0.35 skyGray=0.65 groundGray=0.35 skyDome=1 lowerShell=1 groundPlane=0 source=env+band_default
[Stage7 Debug] mode=Off skyVisible=1 groundVisible=1 forcedSkyGray=NA forcedGroundGray=NA
[Stage7 Real3DBackground] skyDome=1 lowerShell=1 flatGroundPlane=0 cameraPos=40,100,11000 backgroundMode=real_3d
[Stage7 GroundReference] mode=reference_zero groundZOffset=0 finalGroundReferenceZ=0
[Stage7 SkyDomeDiag] cameraPos=40,100,11000 skyDomePos=40,100,11000 farClipM=50000 skyRadius=42500 radius=42500 radiusSource=farClip_scaled radiusLessThanFarClip=1 twoSided=1 depthWrite=0 depthTest=0
[Stage7 GroundDiag] groundPos=40,100,11000 farClipM=50000 groundSize=42500 lowerShellRadius=42500 groundZOffset=0 envTerrain=0 groundGray=0.35
[Stage7 Weather] reason=init-command envSky=0 weatherName=Clear visibilityM=6000 humidity=85 windV=8 windDir=30 cloudCoverage=0 fogDensity=0 precipitationType=none sunDirectScale=1 skyDiffuseScale=1 targetContrastScale=1 source=UDP+weather_profiles+RuntimeConfig
[Stage7 CloudLayer] enabled=0 texture=Config/Weather/Textures/cloud_few.png textureFound=1 coverage=0 opacity=0 temperatureK=255 band=MWIR cloudGray=0.385455
[Stage7 Fog] enabled=0 visibilityM=6000 fogDensity=0 fogGray=0.45 targetContrastScale=1
[Stage7 Precipitation] enabled=0 type=none density=0 speed=0 windV=8 windDir=30 maxHeight=0 transHeight=0
[Stage7 PrecipitationOverlay] mode=ScreenOverlay active=0 type=none density=0 sensorFovDeg=0.0999999 pattern=screen_sparse_low_contrast giantVerticalBars=0 sameOutput=1
[Stage7 Perf] weatherNodeCount=0 cloudNodeCount=0 precipitationNodeCount=0 textureLoadCountThisFrame=0 updateWeatherNodesMs=0.001167 totalWeatherMs=0.004375 precipitationMode=ScreenOverlay
初始化仿真中心原点：ID=1 位置(40.0001,100,11000)
成像初始化完成：军别=1 挂载平台ID=1 仿真回合=0
[Stage3] Environment (init-command): hour=12, airTempC=25, visibilityM=6000, humidity=85, wind=8m/s@30deg, weatherCode=0, sunAzimuth=180, sunElevation=45, sunStrength=1, profile=fallback
发送初始化应答成功，长度：17字节
发送初始化应答：准备状态=就绪
[TcpInitForward] sensorID=1 platNumValid=1
[Perf] mode=sync videoFpsTarget=60.000 udpFps=0.000 renderFps=0.000 outputFps=0.000 sceneUpdateMs=0.000 annotationMs=0.000 irUpdateMs=0.000 irEnvBuildMs=0.000 stage7SkyGroundMs=0.000 platformRadianceMs=0.000 targetRadianceMs=0.000 stage4HotspotMs=0.000 stage5PlumeMs=0.000 stage5RadianceComponentMs=0.000 stage5AeroThermalMs=0.000 stage5ModtranLookupMs=0.000 shaderInputApplyMs=0.000 shaderInputApplyScope=exclusive stage7SkyGroundScope=inclusive stage4HotspotScope=inclusive shaderInputSetCount=0 shaderInputSkipCount=0 shaderInputCacheHitRate=0.000 stage5ModtranCacheHitCount=0 stage5ModtranCacheMissCount=0 stage7FullUpdateCount=0 stage7PositionOnlyCount=0 stage7SkipCount=0 stage4UpdateCount=0 stage4SkipCount=0 plumeUpdateMs=0.000 renderMs=0.000 stage6MtfBlurMs=0.000 stage6MtfBlurScope=render_pass_upper_bound mtfBlurEnabled=0 mtfBlurSigmaPixels=0.000 mtfBlurRadiusPixels=0 stage6DetectorNoiseMs=0.000 stage6DetectorNoiseScope=render_pass_upper_bound detectorNoiseEnabled=0 temporalNoiseSigmaGray=0.000 fpnSigmaGray=0.000 columnNoiseSigmaGray=0.000 rowNoiseSigmaGray=0.000 badPixelRatio=0.000 noisePosition=BeforeAGC stage6AgcStatsMs=0.000 stage6AgcApplyMs=0.000 agcEnabled=0 agcMode=Off agcGain=1.000 agcOffset=0.000 agcLowInput=0.000 agcHighInput=1.000 agcSampleCount=0 readbackMs=0.000 resizeMs=0.000 frameCopyMs=0.000 jpegMs=0.000 tcpSendMs=0.000 tcpQueueDepth=0 tcpQueueDepthMax=0 inputQueueDepth=0 inputQueueDepthMax=0 sourceSeqLag=0 latencyAvgMs=0.000 latencyMaxMs=0.000 syncOverrunCount=0 inputQueueOverflowCount=0 udpFrames=0 renderFrames=0 outputFrames=0
[RenderPerfProbe] pandaDoFrameMs=10.460 renderPath=direct_final graphicsOutputCount=1 activeDisplayRegionCount=1 rawPassEnabled=0 finalPassEnabled=1 annotationOverlayEnabled=0 readbackMode=EveryFrame readbackEveryN=1 copyRamAttached=1 copyRamMode=RTM_copy_ram quietPerfMode=1 bboxFastMode=cached_aabb_8corners processRealSceneMs=0.000 targetMappingMs=0.000 cameraControlMs=0.000 stage4Stage5UpdateMs=0.000 shaderInputApplyMs=0.000 readbackMs=0.000 frameCopyMs=0.000 jpegMs=0.000 annotationMs=0.000 annotationBBoxMs=0.000 annotationOcclusionMs=0.000 annotationJsonMs=0.000 annotationTargets=0 bboxUpdateCount=0 bboxReuseCount=0 occlusionUpdateCount=0 occlusionReuseCount=0 targetUpdateCullInvisible=1 targetUpdateTotal=0 targetUpdateVisible=0 targetUpdateSkippedBeyondFar=0 targetUpdateSkippedShaderApply=0
接收UDP数据，长度：24字节，来自：192.168.1.188:9999 packet=3
解析UDP数据，flag：0x41 packet=3
[Stage0] Control command queued for main thread: command=2, round=1/1
[Stage0] Display packet #1: platID=1, sensorID=1, targetNumValid=5, timeMs=1.78246e+12
[EffectiveRuntimeConfig] reason=first_display runtimeConfigPath=Config/HwaSimIRRuntime.ini runtimeConfigLoaded=1 videoFps=60 syncMode=1 targetNumValid=5 IRUpdateHz=30 AnnotationUpdateHz=15 EnablePerfLog=1 EnableIRVerboseLog=0 EnableMTFBlur=0 MTFBlurMode=GaussianSeparable MTFBlurEffectiveMode=GaussianSinglePassSeparableWeights MTFBlurSigmaPixels=0.65 MTFBlurRadiusPixels=2 MTFBlurPasses=1 MTFApplyTo=final_display EnableDetectorNoise=0 NoiseApplyTo=final_display NoisePosition=BeforeAGC EnableTemporalNoise=1 TemporalNoiseSigmaGray=0.005 EnableFPN=0 FPNSigmaGray=0.003 EnableColumnNoise=0 ColumnNoiseSigmaGray=0.002 EnableRowNoise=0 RowNoiseSigmaGray=0.001 EnableBadPixels=0 BadPixelRatio=0.0001 EnableAGC=0 AGCMode=Percentile AGCApplyTo=final_display AGCStatsSource=previous_readback AGCUpdateHz=30 AGCStride=8 AGCGain=1 AGCOffset=0 EnableIRPhysicalPipeline=1 DebugView=Off LogComponents=0 UseSensorInputForDisplay=0 SensorInputDisplayMode=Manual SensorInputDisplayScale=1 SensorInputDisplayOffset=0 SensorInputDisplayClampMin=0 SensorInputDisplayClampMax=1 SensorInputDisplayGamma=1 SensorInputDisplayBand=MWIR EnableAeroThermalModel=1 ApplyAeroToRadiance=0 AeroDebugLog=0 AeroApplyScale=0.25 AeroApplyClampBodyDeltaK=40 AeroApplyOnlyBand=MWIR RecoveryFactor=0.85 ClampDeltaKMax=250 EnableModtranRadianceDebug=0 UseModtranPathRuntime=0 UseModtranSkyRuntime=0 UseModtranSolarRuntime=0 CompareLegacy=0 ModtranPathRuntimeBand=MWIR ModtranPathRuntimeMode=Off ModtranPathUnitMode=Native ModtranPathScale=1 ModtranPathBlend=1 Stage5ModtranCompareEffective=0 Stage7UpdateHz=10 Stage4UpdateHz=30 Stage5PlumeUpdateHz=30 Codec=auto JpegEncodeMode=gray JpegQuality=95 h264EnFromInit=0 EnableH264Experimental=0 H264FallbackToJpeg=1 H264Encoder=auto H264BitrateKbps=4000 H264GopFrames=30 H264LowLatency=1 H264ForceKeyFrameOnStart=1 JpegPerfABTest=0 readbackMode=EveryFrame readbackEveryN=1 copyRamAttached=1 BBoxFastMode=cached_aabb_8corners saveMP4En=1 source=videoFps:cmd,targetNumValid:udp_display,saveMP4En:cmd,EnablePerfLog:ini,EnableIRVerboseLog:ini,QuietPerfMode:ini,IRUpdateHz:ini,EnableMTFBlur:ini,MTFBlurMode:ini,MTFBlurSigmaPixels:ini,MTFBlurRadiusPixels:ini,MTFBlurPasses:ini,MTFApplyTo:ini,MTFDebugLog:ini,MTFLogEveryFrames:ini,EnableDetectorNoise:ini,NoiseApplyTo:ini,NoisePosition:ini,EnableTemporalNoise:ini,TemporalNoiseSigmaGray:ini,EnableFPN:ini,FPNSigmaGray:ini,FPNSeed:ini,EnableColumnNoise:ini,ColumnNoiseSigmaGray:ini,EnableRowNoise:ini,RowNoiseSigmaGray:ini,EnableBadPixels:ini,BadPixelRatio:ini,BadPixelHotGray:ini,BadPixelDeadGray:ini,NoiseClampMin:ini,NoiseClampMax:ini,NoiseDebugLog:ini,NoiseLogEveryFrames:ini,EnableAGC:ini,AGCMode:ini,AGCApplyTo:ini,AGCStatsSource:ini,AGCUpdateHz:ini,AGCLogEveryFrames:ini,AGCLowPercentile:ini,AGCHighPercentile:ini,AGCMeanStdK:ini,AGCMinGain:ini,AGCMaxGain:ini,AGCMinOffset:ini,AGCMaxOffset:ini,AGCSmoothingAlpha:ini,AGCTargetLowGray:ini,AGCTargetHighGray:ini,AGCStride:ini,AGCExcludeAnnotationOverlay:ini,AGCDebugLog:ini,AnnotationUpdateHz:ini,AnnotationOverlayInSensorImage:ini,AnnotationJsonPerFrame:ini,AnnotationFastJsonMode:ini,AnnotationBBoxUpdateHz:ini,AnnotationOcclusionUpdateHz:ini,AnnotationReuseLastWhenSkipped:ini,AnnotationBBoxFastMode:ini,TargetUpdateCullInvisible:ini,EnableIRPhysicalPipeline:ini,DebugView:ini,LogComponents:ini,UseSensorInputForDisplay:ini,SensorInputDisplayMode:ini,SensorInputDisplayScale:ini,SensorInputDisplayOffset:ini,SensorInputDisplayClampMin:ini,SensorInputDisplayClampMax:ini,SensorInputDisplayGamma:ini,SensorInputDisplayBand:ini,EnableAeroThermalModel:ini,ApplyAeroToRadiance:ini,AeroDebugLog:ini,AeroLogEveryFrames:ini,AeroApplyScale:ini,AeroApplyClampBodyDeltaK:ini,AeroApplyOnlyBand:ini,RecoveryFactor:ini,Gamma:ini,BodyCoeff:ini,NoseCoeff:ini,EdgeCoeff:ini,RearCoeff:ini,HeatTauSec:ini,CoolTauSec:ini,ClampMachMin:ini,ClampMachMax:ini,ClampDeltaKMax:ini,EnableModtranRadianceDebug:ini,UseModtranPathRuntime:ini,UseModtranSkyRuntime:ini,UseModtranSolarRuntime:ini,CompareLegacy:ini,ModtranPathRuntimeBand:ini,ModtranPathRuntimeMode:ini,ModtranPathUnitMode:ini,ModtranPathScale:ini,ModtranPathOffset:ini,ModtranPathClampMin:ini,ModtranPathClampMax:ini,ModtranPathBlend:ini,ModtranPathABLog:ini,Stage7UpdateHz:ini,Stage4UpdateHz:ini,Stage5PlumeUpdateHz:ini,Codec:ini,JpegEncodeMode:ini,JpegQuality:ini,EnableH264Experimental:ini,H264FallbackToJpeg:ini,H264Encoder:ini,H264BitrateKbps:ini,H264GopFrames:ini,H264LowLatency:ini,H264ForceKeyFrameOnStart:ini,JpegPerfABTest:ini
处理实时成像数据...
[Stage0] Processing queued control command on render thread command=2 round=1/1
收到控制指令：
  军别：1
  挂载平台ID：1
  仿真指令：开始
  总回合数：1
  当前回合：1
[Stage0] Control command received: command=2, round=1/1
执行开始仿真逻辑...
[TcpControlForward] simCommand=2 round=1/1
TCP线程初始化标志已重置，回合重新开始
仿真开始：当前回合=1
[Stage0] Display packet #1: platID=1, sensorID=1, targetNumValid=5, timeMs=1.78246e+12
[EffectiveRuntimeConfig] reason=first_display runtimeConfigPath=Config/HwaSimIRRuntime.ini runtimeConfigLoaded=1 videoFps=60 syncMode=1 targetNumValid=5 IRUpdateHz=30 AnnotationUpdateHz=15 EnablePerfLog=1 EnableIRVerboseLog=0 EnableMTFBlur=0 MTFBlurMode=GaussianSeparable MTFBlurEffectiveMode=GaussianSinglePassSeparableWeights MTFBlurSigmaPixels=0.65 MTFBlurRadiusPixels=2 MTFBlurPasses=1 MTFApplyTo=final_display EnableDetectorNoise=0 NoiseApplyTo=final_display NoisePosition=BeforeAGC EnableTemporalNoise=1 TemporalNoiseSigmaGray=0.005 EnableFPN=0 FPNSigmaGray=0.003 EnableColumnNoise=0 ColumnNoiseSigmaGray=0.002 EnableRowNoise=0 RowNoiseSigmaGray=0.001 EnableBadPixels=0 BadPixelRatio=0.0001 EnableAGC=0 AGCMode=Percentile AGCApplyTo=final_display AGCStatsSource=previous_readback AGCUpdateHz=30 AGCStride=8 AGCGain=1 AGCOffset=0 EnableIRPhysicalPipeline=1 DebugView=Off LogComponents=0 UseSensorInputForDisplay=0 SensorInputDisplayMode=Manual SensorInputDisplayScale=1 SensorInputDisplayOffset=0 SensorInputDisplayClampMin=0 SensorInputDisplayClampMax=1 SensorInputDisplayGamma=1 SensorInputDisplayBand=MWIR EnableAeroThermalModel=1 ApplyAeroToRadiance=0 AeroDebugLog=0 AeroApplyScale=0.25 AeroApplyClampBodyDeltaK=40 AeroApplyOnlyBand=MWIR RecoveryFactor=0.85 ClampDeltaKMax=250 EnableModtranRadianceDebug=0 UseModtranPathRuntime=0 UseModtranSkyRuntime=0 UseModtranSolarRuntime=0 CompareLegacy=0 ModtranPathRuntimeBand=MWIR ModtranPathRuntimeMode=Off ModtranPathUnitMode=Native ModtranPathScale=1 ModtranPathBlend=1 Stage5ModtranCompareEffective=0 Stage7UpdateHz=10 Stage4UpdateHz=30 Stage5PlumeUpdateHz=30 Codec=auto JpegEncodeMode=gray JpegQuality=95 h264EnFromInit=0 EnableH264Experimental=0 H264FallbackToJpeg=1 H264Encoder=auto H264BitrateKbps=4000 H264GopFrames=30 H264LowLatency=1 H264ForceKeyFrameOnStart=1 JpegPerfABTest=0 readbackMode=EveryFrame readbackEveryN=1 copyRamAttached=1 BBoxFastMode=cached_aabb_8corners saveMP4En=1 source=videoFps:cmd,targetNumValid:udp_display,saveMP4En:cmd,EnablePerfLog:ini,EnableIRVerboseLog:ini,QuietPerfMode:ini,IRUpdateHz:ini,EnableMTFBlur:ini,MTFBlurMode:ini,MTFBlurSigmaPixels:ini,MTFBlurRadiusPixels:ini,MTFBlurPasses:ini,MTFApplyTo:ini,MTFDebugLog:ini,MTFLogEveryFrames:ini,EnableDetectorNoise:ini,NoiseApplyTo:ini,NoisePosition:ini,EnableTemporalNoise:ini,TemporalNoiseSigmaGray:ini,EnableFPN:ini,FPNSigmaGray:ini,FPNSeed:ini,EnableColumnNoise:ini,ColumnNoiseSigmaGray:ini,EnableRowNoise:ini,RowNoiseSigmaGray:ini,EnableBadPixels:ini,BadPixelRatio:ini,BadPixelHotGray:ini,BadPixelDeadGray:ini,NoiseClampMin:ini,NoiseClampMax:ini,NoiseDebugLog:ini,NoiseLogEveryFrames:ini,EnableAGC:ini,AGCMode:ini,AGCApplyTo:ini,AGCStatsSource:ini,AGCUpdateHz:ini,AGCLogEveryFrames:ini,AGCLowPercentile:ini,AGCHighPercentile:ini,AGCMeanStdK:ini,AGCMinGain:ini,AGCMaxGain:ini,AGCMinOffset:ini,AGCMaxOffset:ini,AGCSmoothingAlpha:ini,AGCTargetLowGray:ini,AGCTargetHighGray:ini,AGCStride:ini,AGCExcludeAnnotationOverlay:ini,AGCDebugLog:ini,AnnotationUpdateHz:ini,AnnotationOverlayInSensorImage:ini,AnnotationJsonPerFrame:ini,AnnotationFastJsonMode:ini,AnnotationBBoxUpdateHz:ini,AnnotationOcclusionUpdateHz:ini,AnnotationReuseLastWhenSkipped:ini,AnnotationBBoxFastMode:ini,TargetUpdateCullInvisible:ini,EnableIRPhysicalPipeline:ini,DebugView:ini,LogComponents:ini,UseSensorInputForDisplay:ini,SensorInputDisplayMode:ini,SensorInputDisplayScale:ini,SensorInputDisplayOffset:ini,SensorInputDisplayClampMin:ini,SensorInputDisplayClampMax:ini,SensorInputDisplayGamma:ini,SensorInputDisplayBand:ini,EnableAeroThermalModel:ini,ApplyAeroToRadiance:ini,AeroDebugLog:ini,AeroLogEveryFrames:ini,AeroApplyScale:ini,AeroApplyClampBodyDeltaK:ini,AeroApplyOnlyBand:ini,RecoveryFactor:ini,Gamma:ini,BodyCoeff:ini,NoseCoeff:ini,EdgeCoeff:ini,RearCoeff:ini,HeatTauSec:ini,CoolTauSec:ini,ClampMachMin:ini,ClampMachMax:ini,ClampDeltaKMax:ini,EnableModtranRadianceDebug:ini,UseModtranPathRuntime:ini,UseModtranSkyRuntime:ini,UseModtranSolarRuntime:ini,CompareLegacy:ini,ModtranPathRuntimeBand:ini,ModtranPathRuntimeMode:ini,ModtranPathUnitMode:ini,ModtranPathScale:ini,ModtranPathOffset:ini,ModtranPathClampMin:ini,ModtranPathClampMax:ini,ModtranPathBlend:ini,ModtranPathABLog:ini,Stage7UpdateHz:ini,Stage4UpdateHz:ini,Stage5PlumeUpdateHz:ini,Codec:ini,JpegEncodeMode:ini,JpegQuality:ini,EnableH264Experimental:ini,H264FallbackToJpeg:ini,H264Encoder:ini,H264BitrateKbps:ini,H264GopFrames:ini,H264LowLatency:ini,H264ForceKeyFrameOnStart:ini,JpegPerfABTest:ini
处理实时成像数据...
STAGE6_TARGET_BEYOND_FAR_CLIP targetType=0x22 targetPlatID=3 targetID=34 rangeM=9.60448e+06 farClipM=50000
[Stage5 Plume] targetType=0x22 targetPlatID=3 targetID=34 platform=AIM120D engineState=0 band=MWIR coreEnabled=0 haloEnabled=0 coreTempK=0 haloTempK=0 coreGray=0 haloGray=0 coreOpacity=0 haloOpacity=0 coreVisible=0 haloVisible=0 reason=target_not_renderable
[Stage5 Plume] targetType=0x33 targetPlatID=3 targetID=4 platform=AIM9X engineState=0 band=MWIR coreEnabled=0 haloEnabled=0 coreTempK=0 haloTempK=0 coreGray=0 haloGray=0 coreOpacity=0 haloOpacity=0 coreVisible=0 haloVisible=0 reason=target_not_renderable
[Stage5 Plume] targetType=0x33 targetPlatID=3 targetID=34 platform=AIM9X engineState=0 band=MWIR coreEnabled=0 haloEnabled=0 coreTempK=0 haloTempK=0 coreGray=0 haloGray=0 coreOpacity=0 haloOpacity=0 coreVisible=0 haloVisible=0 reason=target_not_renderable
[Stage5 Plume] targetType=0x22 targetPlatID=3 targetID=4 platform=AIM120D engineState=0 band=MWIR coreEnabled=0 haloEnabled=0 coreTempK=0 haloTempK=0 coreGray=0 haloGray=0 coreOpacity=0 haloOpacity=0 coreVisible=0 haloVisible=0 reason=target_not_renderable
[CameraControl] mode=lookat targetPlatID=3 targetID=3 relPitch=-2.67265 relYaw=-2.19694 range=22269.9
[Stage6 FrameDiag] frameIndex=1.78246e+12 packet=1 band=MWIR whiteHot=1 displayGain=1 displayOffset=0 noiseEnable=0 noiseSigmaGray=0 route=final_sensor targetVisibleCount=1 targetMappedCount=5 hiddenByTargetNum=0 hiddenByTargetViewValid=0 hiddenByWeaponViewValid=0 beyondFarClip=4 skyVisible=1 cameraHpr=2.19694,-2.67265,0 sensorFovH=0.0999999 sensorFovV=0.0999999 near=1 far=50000
[AnnotationSurfacePoint] targetID=3 point=head mode=profile_surface local=(0,1.1,0) pixel=(395,401)
[AnnotationSurfacePoint] targetID=3 point=middle mode=profile_surface local=(0,0,0.08) pixel=(400,398)
[ScenePerfProbe] sourceSeq=1 processRealSceneMs=1.102 targetMappingMs=0.206 cameraControlMs=0.044 stage4Stage5UpdateMs=0.000 shaderInputApplyMs=0.000 annotationComputeMs=0.769 annotationBBoxMs=0.037 annotationOcclusionMs=0.000 annotationJsonMs=0.000 pandaDoFrameMs=9.769 readbackMs=0.000 frameCopyMs=0.000 jpegMs=0.000 readbackMode=EveryFrame copyRamAttached=1 quietPerfMode=1 bboxFastMode=cached_aabb_8corners annotationFastJsonMode=1 annotationOverlayInSensorImage=0 annotationJsonPerFrame=1 bboxUpdateCount=1 bboxReuseCount=0 occlusionUpdateCount=0 occlusionReuseCount=1 targetUpdateCullInvisible=1 targetUpdateTotal=0 targetUpdateVisible=0 targetUpdateSkippedBeyondFar=0 targetUpdateSkippedShaderApply=0
实时数据更新完成，时间戳=1.78246e+12ms
[Stage6 Capture] frameWidth=800 frameHeight=800 tcpWidth=800 tcpHeight=800 renderTextureWidth=800 renderTextureHeight=800 textureCropApplied=0 source=final_sensor channels=RGB8 readbackMode=EveryFrame readbackEveryN=1 copyRamAttached=1 copyRamMode=RTM_copy_ram tcpFrameReused=0 diagnostic_only=0 renderPath=direct_final sourceSeq=1 readbackMs=4.75008 resizeMs=0 frameCopyMs=0.753667 tcpQueueDepth=1 annotationJsonPerFrame=1 annotationOverlayInSensorImage=0
[Stage3] Environment (runtime): hour=7.56238, airTempC=25, visibilityM=6000, humidity=85, wind=8m/s@30deg, weatherCode=0, sunAzimuth=180, sunElevation=45, sunStrength=1, profile=fallback
[Stage7 3DSkyGround] reason=runtime enable=1 band=MWIR envTerrain=0 envSky=0 skyGrayRaw=0.65 groundGrayRaw=0.35 skyGrayFinal=0.65 groundGrayFinal=0.35 skyGray=0.65 groundGray=0.35 skyDome=1 lowerShell=1 groundPlane=0 source=env+band_default
[Stage7 Debug] mode=Off skyVisible=1 groundVisible=1 forcedSkyGray=NA forcedGroundGray=NA
[Stage7 Real3DBackground] skyDome=1 lowerShell=1 flatGroundPlane=0 cameraPos=6.17316e-11,2.78067,-0.000970606 backgroundMode=real_3d
[Stage7 GroundReference] mode=reference_zero groundZOffset=0 finalGroundReferenceZ=0
[Stage7 SkyDomeDiag] cameraPos=6.17316e-11,2.78067,-0.000970606 skyDomePos=6.17316e-11,2.78067,-0.000970606 farClipM=50000 skyRadius=42500 radius=42500 radiusSource=farClip_scaled radiusLessThanFarClip=1 twoSided=1 depthWrite=0 depthTest=0
[Stage7 GroundDiag] groundPos=6.17316e-11,2.78067,-0.000970606 farClipM=50000 groundSize=42500 lowerShellRadius=42500 groundZOffset=0 envTerrain=0 groundGray=0.35
[Stage7 Weather] reason=runtime envSky=0 weatherName=Clear visibilityM=6000 humidity=85 windV=8 windDir=30 cloudCoverage=0 fogDensity=0 precipitationType=none sunDirectScale=1 skyDiffuseScale=1 targetContrastScale=1 source=UDP+weather_profiles+RuntimeConfig
[Stage7 CloudLayer] enabled=0 texture=Config/Weather/Textures/cloud_few.png textureFound=1 coverage=0 opacity=0 temperatureK=255 band=MWIR cloudGray=0.385455
[Stage7 Fog] enabled=0 visibilityM=6000 fogDensity=0 fogGray=0.45 targetContrastScale=1
[Stage7 Precipitation] enabled=0 type=none density=0 speed=0 windV=8 windDir=30 maxHeight=0 transHeight=0
[Stage7 PrecipitationOverlay] mode=ScreenOverlay active=0 type=none density=0 sensorFovDeg=0.0999999 pattern=screen_sparse_low_contrast giantVerticalBars=0 sameOutput=1
[Stage7 Perf] weatherNodeCount=0 cloudNodeCount=0 precipitationNodeCount=0 textureLoadCountThisFrame=0 updateWeatherNodesMs=0.00175 totalWeatherMs=0.023916 precipitationMode=ScreenOverlay
[Stage0] Display packet #2: platID=1, sensorID=1, targetNumValid=5, timeMs=1.78246e+12
处理实时成像数据...
[Stage5 PlumePerf] plumeNodeCount=16 visiblePlumeCount=0 textureLoadCountThisFrame=0 updateHz=30 updatePlumeMs=0.00875 updatePlumeMsMax=0.00875 perfBudgetMs=1
[TargetUpdateCull] enabled=1 total=10 visible=1 skippedBeyondFar=4 skippedShaderApply=4 shaderInputApplyMs=11.5754 stage4Stage5UpdateMs=12.7295
[TcpFramePacket] frame=1 imgBytes=7834 annotationBytes=622 targets=1 width=800 height=800
[TcpPerf] sourceSeq=1 outputOrdinal=1 codec=jpeg requestedCodec=jpeg h264En=0 codecFallbackReason=none jpegQuality=95 jpegMode=gray jpegBytes=7834 encodeInputChannels=1 flipMs=2.589 resizeMs=0.000 jpegMs=10.045 tcpSendMs=0.090 queueDepth=0 queueWaitMs=0.001 overwritten=0
[SyncFrame] sourceSeq=1 outputOrdinal=1 inputQueueDepth=1 tcpQueueDepth=0 sourceSeqContinuous=1 videoFpsTarget=60.000 frameMs=19.843 latencyMs=20.035 readbackMs=4.750 flipMs=2.589 resizeMs=0.000 jpegMs=10.045 tcpSendMs=0.090 overrun=1 overwritten=0
[Perf] mode=sync videoFpsTarget=60.000 udpFps=67.301 renderFps=0.000 outputFps=33.651 sceneUpdateMs=1.127 annotationMs=0.769 irUpdateMs=12.737 irEnvBuildMs=0.044 stage7SkyGroundMs=7.674 platformRadianceMs=0.037 targetRadianceMs=0.033 stage4HotspotMs=1.744 stage5PlumeMs=0.009 stage5RadianceComponentMs=1.368 stage5AeroThermalMs=0.005 stage5ModtranLookupMs=0.000 shaderInputApplyMs=11.575 shaderInputApplyScope=exclusive stage7SkyGroundScope=inclusive stage4HotspotScope=inclusive shaderInputSetCount=207 shaderInputSkipCount=77 shaderInputCacheHitRate=27.113 stage5ModtranCacheHitCount=0 stage5ModtranCacheMissCount=0 stage7FullUpdateCount=1 stage7PositionOnlyCount=0 stage7SkipCount=0 stage4UpdateCount=1 stage4SkipCount=4 plumeUpdateMs=0.009 renderMs=0.000 stage6MtfBlurMs=0.000 stage6MtfBlurScope=render_pass_upper_bound mtfBlurEnabled=0 mtfBlurSigmaPixels=0.000 mtfBlurRadiusPixels=0 stage6DetectorNoiseMs=0.000 stage6DetectorNoiseScope=render_pass_upper_bound detectorNoiseEnabled=0 temporalNoiseSigmaGray=0.000 fpnSigmaGray=0.000 columnNoiseSigmaGray=0.000 rowNoiseSigmaGray=0.000 badPixelRatio=0.000 noisePosition=BeforeAGC stage6AgcStatsMs=0.000 stage6AgcApplyMs=0.000 agcEnabled=0 agcMode=Percentile agcGain=1.000 agcOffset=0.000 agcLowInput=0.000 agcHighInput=1.000 agcSampleCount=0 readbackMs=4.750 resizeMs=0.000 frameCopyMs=0.754 jpegMs=10.045 tcpSendMs=0.090 tcpQueueDepth=0 tcpQueueDepthMax=1 inputQueueDepth=1 inputQueueDepthMax=1 sourceSeqLag=1 latencyAvgMs=20.035 latencyMaxMs=20.035 syncOverrunCount=1 inputQueueOverflowCount=0 udpFrames=2 renderFrames=0 outputFrames=1
[Stage0] Display packet #3: platID=1, sensorID=1, targetNumValid=5, timeMs=1.78246e+12
处理实时成像数据...
[Stage6 MTF] sourceSeq=1 enabled=0 effective=0 mode=GaussianSeparable effectiveMode=GaussianSinglePassSeparableWeights sigmaPixels=0.65 radiusPixels=2 passes=1 applyTo=final_display inputSize=800x800 outputSize=800x800 stage6MtfBlurMs=0 stage6MtfBlurScope=render_pass_upper_bound implementation=single_pass_gpu_separable_weights todo=true_two_pass_separable_if_needed
[Stage6 Noise] sourceSeq=1 enabled=0 effective=0 applyTo=final_display position=BeforeAGC temporalEnabled=1 temporalSigma=0.005 fpnEnabled=0 fpnSigma=0.003 columnEnabled=0 columnSigma=0.002 rowEnabled=0 rowSigma=0.001 badPixelEnabled=0 badPixelRatio=0.0001 seed=12345 stage6DetectorNoiseMs=0 stage6DetectorNoiseScope=render_pass_upper_bound implementation=single_pass_gpu_hash_noise
[Stage6 AGC] sourceSeq=1 enabled=0 effective=0 mode=Percentile statsSource=previous_readback updateHz=30 sampleCount=0 lowPercentile=2 highPercentile=98 lowInput=0 highInput=1 gain=1 offset=0 gainSmoothed=1 offsetSmoothed=0 valid=0 fallbackReason=disabled stage6AgcStatsMs=0
[Stage5 Plume] targetType=0x22 targetPlatID=3 targetID=34 platform=AIM120D engineState=0 band=MWIR coreEnabled=0 haloEnabled=0 coreTempK=0 haloTempK=0 coreGray=0 haloGray=0 coreOpacity=0 haloOpacity=0 coreVisible=0 haloVisible=0 reason=target_not_renderable
[Stage5 Plume] targetType=0x33 targetPlatID=3 targetID=4 platform=AIM9X engineState=0 band=MWIR coreEnabled=0 haloEnabled=0 coreTempK=0 haloTempK=0 coreGray=0 haloGray=0 coreOpacity=0 haloOpacity=0 coreVisible=0 haloVisible=0 reason=target_not_renderable
[Stage5 Plume] targetType=0x33 targetPlatID=3 targetID=34 platform=AIM9X engineState=0 band=MWIR coreEnabled=0 haloEnabled=0 coreTempK=0 haloTempK=0 coreGray=0 haloGray=0 coreOpacity=0 haloOpacity=0 coreVisible=0 haloVisible=0 reason=target_not_renderable
[Stage5 Plume] targetType=0x22 targetPlatID=3 targetID=4 platform=AIM120D engineState=0 band=MWIR coreEnabled=0 haloEnabled=0 coreTempK=0 haloTempK=0 coreGray=0 haloGray=0 coreOpacity=0 haloOpacity=0 coreVisible=0 haloVisible=0 reason=target_not_renderable
[CameraControl] mode=lookat targetPlatID=3 targetID=3 relPitch=-2.67214 relYaw=-2.19737 range=22265.6
[Stage6 FrameDiag] frameIndex=1.78246e+12 packet=4 band=MWIR whiteHot=1 displayGain=1 displayOffset=0 noiseEnable=0 noiseSigmaGray=0 route=final_sensor targetVisibleCount=1 targetMappedCount=5 hiddenByTargetNum=0 hiddenByTargetViewValid=0 hiddenByWeaponViewValid=0 beyondFarClip=4 skyVisible=1 cameraHpr=2.19737,-2.67214,0 sensorFovH=0.0999999 sensorFovV=0.0999999 near=1 far=50000
[ScenePerfProbe] sourceSeq=2 processRealSceneMs=0.255 targetMappingMs=0.157 cameraControlMs=0.021 stage4Stage5UpdateMs=12.730 shaderInputApplyMs=11.575 annotationComputeMs=0.003 annotationBBoxMs=0.000 annotationOcclusionMs=0.000 annotationJsonMs=0.000 pandaDoFrameMs=55.610 readbackMs=4.750 frameCopyMs=0.754 jpegMs=10.045 readbackMode=EveryFrame copyRamAttached=1 quietPerfMode=1 bboxFastMode=cached_aabb_8corners annotationFastJsonMode=1 annotationOverlayInSensorImage=0 annotationJsonPerFrame=1 bboxUpdateCount=1 bboxReuseCount=1 occlusionUpdateCount=0 occlusionReuseCount=2 targetUpdateCullInvisible=1 targetUpdateTotal=10 targetUpdateVisible=1 targetUpdateSkippedBeyondFar=4 targetUpdateSkippedShaderApply=4
[Stage6 Capture] frameWidth=800 frameHeight=800 tcpWidth=800 tcpHeight=800 renderTextureWidth=800 renderTextureHeight=800 textureCropApplied=0 source=final_sensor channels=RGB8 readbackMode=EveryFrame readbackEveryN=1 copyRamAttached=1 copyRamMode=RTM_copy_ram tcpFrameReused=0 diagnostic_only=0 renderPath=direct_final sourceSeq=2 readbackMs=2.26946 resizeMs=0 frameCopyMs=0.722458 tcpQueueDepth=1 annotationJsonPerFrame=1 annotationOverlayInSensorImage=0
[Stage5 PlumePerf] plumeNodeCount=16 visiblePlumeCount=0 textureLoadCountThisFrame=0 updateHz=30 updatePlumeMs=0.011375 updatePlumeMsMax=0.011375 perfBudgetMs=1
[TargetUpdateCull] enabled=1 total=10 visible=1 skippedBeyondFar=4 skippedShaderApply=4 shaderInputApplyMs=0.581871 stage4Stage5UpdateMs=1.0885
[TcpFramePacket] frame=2 imgBytes=8060 annotationBytes=622 targets=1 width=800 height=800
[TcpPerf] sourceSeq=2 outputOrdinal=2 codec=jpeg requestedCodec=jpeg h264En=0 codecFallbackReason=none jpegQuality=95 jpegMode=gray jpegBytes=8060 encodeInputChannels=1 flipMs=0.911 resizeMs=0.000 jpegMs=4.938 tcpSendMs=0.085 queueDepth=0 queueWaitMs=0.001 overwritten=0
[SyncFrame] sourceSeq=2 outputOrdinal=2 inputQueueDepth=1 tcpQueueDepth=0 sourceSeqContinuous=1 videoFpsTarget=60.000 frameMs=9.506 latencyMs=49.170 readbackMs=2.269 flipMs=0.911 resizeMs=0.000 jpegMs=4.938 tcpSendMs=0.085 overrun=0 overwritten=0
[Stage6 MTF] sourceSeq=2 enabled=0 effective=0 mode=GaussianSeparable effectiveMode=GaussianSinglePassSeparableWeights sigmaPixels=0.65 radiusPixels=2 passes=1 applyTo=final_display inputSize=800x800 outputSize=800x800 stage6MtfBlurMs=0 stage6MtfBlurScope=render_pass_upper_bound implementation=single_pass_gpu_separable_weights todo=true_two_pass_separable_if_needed
[Stage6 Noise] sourceSeq=2 enabled=0 effective=0 applyTo=final_display position=BeforeAGC temporalEnabled=1 temporalSigma=0.005 fpnEnabled=0 fpnSigma=0.003 columnEnabled=0 columnSigma=0.002 rowEnabled=0 rowSigma=0.001 badPixelEnabled=0 badPixelRatio=0.0001 seed=12345 stage6DetectorNoiseMs=0 stage6DetectorNoiseScope=render_pass_upper_bound implementation=single_pass_gpu_hash_noise
[Stage6 AGC] sourceSeq=2 enabled=0 effective=0 mode=Percentile statsSource=previous_readback updateHz=30 sampleCount=0 lowPercentile=2 highPercentile=98 lowInput=0 highInput=1 gain=1 offset=0 gainSmoothed=1 offsetSmoothed=0 valid=0 fallbackReason=disabled stage6AgcStatsMs=0
[Stage5 Plume] targetType=0x22 targetPlatID=3 targetID=34 platform=AIM120D engineState=0 band=MWIR coreEnabled=0 haloEnabled=0 coreTempK=0 haloTempK=0 coreGray=0 haloGray=0 coreOpacity=0 haloOpacity=0 coreVisible=0 haloVisible=0 reason=target_not_renderable
[Stage5 Plume] targetType=0x33 targetPlatID=3 targetID=4 platform=AIM9X engineState=0 band=MWIR coreEnabled=0 haloEnabled=0 coreTempK=0 haloTempK=0 coreGray=0 haloGray=0 coreOpacity=0 haloOpacity=0 coreVisible=0 haloVisible=0 reason=target_not_renderable
[Stage5 Plume] targetType=0x33 targetPlatID=3 targetID=34 platform=AIM9X engineState=0 band=MWIR coreEnabled=0 haloEnabled=0 coreTempK=0 haloTempK=0 coreGray=0 haloGray=0 coreOpacity=0 haloOpacity=0 coreVisible=0 haloVisible=0 reason=target_not_renderable
[Stage5 Plume] targetType=0x22 targetPlatID=3 targetID=4 platform=AIM120D engineState=0 band=MWIR coreEnabled=0 haloEnabled=0 coreTempK=0 haloTempK=0 coreGray=0 haloGray=0 coreOpacity=0 haloOpacity=0 coreVisible=0 haloVisible=0 reason=target_not_renderable
[CameraControl] mode=lookat targetPlatID=3 targetID=3 relPitch=-2.67159 relYaw=-2.19784 range=22261.3
[Stage6 FrameDiag] frameIndex=1.78246e+12 packet=5 band=MWIR whiteHot=1 displayGain=1 displayOffset=0 noiseEnable=0 noiseSigmaGray=0 route=final_sensor targetVisibleCount=1 targetMappedCount=5 hiddenByTargetNum=0 hiddenByTargetViewValid=0 hiddenByWeaponViewValid=0 beyondFarClip=4 skyVisible=1 cameraHpr=2.19784,-2.67159,0 sensorFovH=0.0999999 sensorFovV=0.0999999 near=1 far=50000
[ScenePerfProbe] sourceSeq=3 processRealSceneMs=0.245 targetMappingMs=0.151 cameraControlMs=0.021 stage4Stage5UpdateMs=1.089 shaderInputApplyMs=0.582 annotationComputeMs=0.004 annotationBBoxMs=0.000 annotationOcclusionMs=0.000 annotationJsonMs=0.000 pandaDoFrameMs=20.109 readbackMs=2.269 frameCopyMs=0.722 jpegMs=4.938 readbackMode=EveryFrame copyRamAttached=1 quietPerfMode=1 bboxFastMode=cached_aabb_8corners annotationFastJsonMode=1 annotationOverlayInSensorImage=0 annotationJsonPerFrame=1 bboxUpdateCount=1 bboxReuseCount=2 occlusionUpdateCount=0 occlusionReuseCount=3 targetUpdateCullInvisible=1 targetUpdateTotal=10 targetUpdateVisible=1 targetUpdateSkippedBeyondFar=4 targetUpdateSkippedShaderApply=4
[Stage6 Capture] frameWidth=800 frameHeight=800 tcpWidth=800 tcpHeight=800 renderTextureWidth=800 renderTextureHeight=800 textureCropApplied=0 source=final_sensor channels=RGB8 readbackMode=EveryFrame readbackEveryN=1 copyRamAttached=1 copyRamMode=RTM_copy_ram tcpFrameReused=0 diagnostic_only=0 renderPath=direct_final sourceSeq=3 readbackMs=1.83458 resizeMs=0 frameCopyMs=0.679875 tcpQueueDepth=1 annotationJsonPerFrame=1 annotationOverlayInSensorImage=0
[Stage5 PlumePerf] plumeNodeCount=16 visiblePlumeCount=0 textureLoadCountThisFrame=0 updateHz=30 updatePlumeMs=0.008458 updatePlumeMsMax=0.008458 perfBudgetMs=1
[TargetUpdateCull] enabled=1 total=10 visible=1 skippedBeyondFar=4 skippedShaderApply=4 shaderInputApplyMs=0.608422 stage4Stage5UpdateMs=1.19613
[TcpFramePacket] frame=3 imgBytes=8094 annotationBytes=622 targets=1 width=800 height=800
[TcpPerf] sourceSeq=3 outputOrdinal=3 codec=jpeg requestedCodec=jpeg h264En=0 codecFallbackReason=none jpegQuality=95 jpegMode=gray jpegBytes=8094 encodeInputChannels=1 flipMs=0.956 resizeMs=0.000 jpegMs=4.205 tcpSendMs=0.082 queueDepth=0 queueWaitMs=0.001 overwritten=0
[SyncFrame] sourceSeq=3 outputOrdinal=3 inputQueueDepth=2 tcpQueueDepth=0 sourceSeqContinuous=1 videoFpsTarget=60.000 frameMs=8.253 latencyMs=52.405 readbackMs=1.835 flipMs=0.956 resizeMs=0.000 jpegMs=4.205 tcpSendMs=0.082 overrun=0 overwritten=0
[Stage6 MTF] sourceSeq=3 enabled=0 effective=0 mode=GaussianSeparable effectiveMode=GaussianSinglePassSeparableWeights sigmaPixels=0.65 radiusPixels=2 passes=1 applyTo=final_display inputSize=800x800 outputSize=800x800 stage6MtfBlurMs=0 stage6MtfBlurScope=render_pass_upper_bound implementation=single_pass_gpu_separable_weights todo=true_two_pass_separable_if_needed
[Stage6 Noise] sourceSeq=3 enabled=0 effective=0 applyTo=final_display position=BeforeAGC temporalEnabled=1 temporalSigma=0.005 fpnEnabled=0 fpnSigma=0.003 columnEnabled=0 columnSigma=0.002 rowEnabled=0 rowSigma=0.001 badPixelEnabled=0 badPixelRatio=0.0001 seed=12345 stage6DetectorNoiseMs=0 stage6DetectorNoiseScope=render_pass_upper_bound implementation=single_pass_gpu_hash_noise
[Stage6 AGC] sourceSeq=3 enabled=0 effective=0 mode=Percentile statsSource=previous_readback updateHz=30 sampleCount=0 lowPercentile=2 highPercentile=98 lowInput=0 highInput=1 gain=1 offset=0 gainSmoothed=1 offsetSmoothed=0 valid=0 fallbackReason=disabled stage6AgcStatsMs=0
[Stage7 3DSkyGround] reason=runtime enable=1 band=MWIR envTerrain=0 envSky=0 skyGrayRaw=0.65 groundGrayRaw=0.35 skyGrayFinal=0.65 groundGrayFinal=0.35 skyGray=0.65 groundGray=0.35 skyDome=1 lowerShell=1 groundPlane=0 source=env+band_default
[Stage7 Debug] mode=Off skyVisible=1 groundVisible=1 forcedSkyGray=NA forcedGroundGray=NA
[Stage7 Real3DBackground] skyDome=1 lowerShell=1 flatGroundPlane=0 cameraPos=6.17316e-11,13.9033,-0.00489517 backgroundMode=real_3d
[Stage7 GroundReference] mode=reference_zero groundZOffset=0 finalGroundReferenceZ=0
[Stage7 SkyDomeDiag] cameraPos=6.17316e-11,13.9033,-0.00489517 skyDomePos=6.17316e-11,13.9033,-0.00489517 farClipM=50000 skyRadius=42500 radius=42500 radiusSource=farClip_scaled radiusLessThanFarClip=1 twoSided=1 depthWrite=0 depthTest=0
[Stage7 GroundDiag] groundPos=6.17316e-11,13.9033,-0.00489517 farClipM=50000 groundSize=42500 lowerShellRadius=42500 groundZOffset=0 envTerrain=0 groundGray=0.35
[AnnotationCollision] targetID=3 platform=AIM120D triangles=1532 solids=1532 built=1
[AnnotationCollisionCache] platform=AIM120D targetID=3 built=1 reused=0 triangles=1532 solids=1532
[AnnotationCollisionCache] platform=AIM120D targetID=3 built=0 reused=1 triangles=1532 solids=1532
[AnnotationCollisionCache] platform=AIM120D targetID=3 built=0 reused=1 triangles=1532 solids=1532
[RenderPerfProbe] pandaDoFrameMs=15.427 renderPath=direct_final graphicsOutputCount=1 activeDisplayRegionCount=1 rawPassEnabled=0 finalPassEnabled=1 annotationOverlayEnabled=0 readbackMode=EveryFrame readbackEveryN=1 copyRamAttached=1 copyRamMode=RTM_copy_ram quietPerfMode=1 bboxFastMode=cached_aabb_8corners processRealSceneMs=0.217 targetMappingMs=0.132 cameraControlMs=0.015 stage4Stage5UpdateMs=0.815 shaderInputApplyMs=0.000 readbackMs=1.901 frameCopyMs=0.673 jpegMs=8.980 annotationMs=0.003 annotationBBoxMs=0.000 annotationOcclusionMs=0.000 annotationJsonMs=0.000 annotationTargets=1 bboxUpdateCount=8 bboxReuseCount=40 occlusionUpdateCount=3 occlusionReuseCount=45 targetUpdateCullInvisible=1 targetUpdateTotal=10 targetUpdateVisible=1 targetUpdateSkippedBeyondFar=4 targetUpdateSkippedShaderApply=4
[AnnotationCollisionCache] platform=AIM120D targetID=3 built=0 reused=1 triangles=1532 solids=1532
[AnnotationCollisionCache] platform=AIM120D targetID=3 built=0 reused=1 triangles=1532 solids=1532
[AnnotationCollisionCache] platform=AIM120D targetID=3 built=0 reused=1 triangles=1532 solids=1532
[AnnotationCollisionCache] platform=AIM120D targetID=3 built=0 reused=1 triangles=1532 solids=1532
[AnnotationCollisionCache] platform=AIM120D targetID=3 built=0 reused=1 triangles=1532 solids=1532
接收UDP数据，长度：506字节，来自：192.168.1.188:9999 packet=120
解析UDP数据，flag：0x38 packet=120
[Stage0] Display packet #120: platID=1, sensorID=1, targetNumValid=5, timeMs=1.78246e+12
处理实时成像数据...
[Stage5 Plume] targetType=0x22 targetPlatID=3 targetID=34 platform=AIM120D engineState=0 band=MWIR coreEnabled=0 haloEnabled=0 coreTempK=0 haloTempK=0 coreGray=0 haloGray=0 coreOpacity=0 haloOpacity=0 coreVisible=0 haloVisible=0 reason=target_not_renderable
[Stage5 Plume] targetType=0x33 targetPlatID=3 targetID=4 platform=AIM9X engineState=0 band=MWIR coreEnabled=0 haloEnabled=0 coreTempK=0 haloTempK=0 coreGray=0 haloGray=0 coreOpacity=0 haloOpacity=0 coreVisible=0 haloVisible=0 reason=target_not_renderable
[Stage5 Plume] targetType=0x33 targetPlatID=3 targetID=34 platform=AIM9X engineState=0 band=MWIR coreEnabled=0 haloEnabled=0 coreTempK=0 haloTempK=0 coreGray=0 haloGray=0 coreOpacity=0 haloOpacity=0 coreVisible=0 haloVisible=0 reason=target_not_renderable
[Stage5 Plume] targetType=0x22 targetPlatID=3 targetID=4 platform=AIM120D engineState=0 band=MWIR coreEnabled=0 haloEnabled=0 coreTempK=0 haloTempK=0 coreGray=0 haloGray=0 coreOpacity=0 haloOpacity=0 coreVisible=0 haloVisible=0 reason=target_not_renderable
[CameraControl] mode=lookat targetPlatID=3 targetID=3 relPitch=-3.09849 relYaw=-2.26692 range=21756.9
[Stage6 FrameDiag] frameIndex=1.78246e+12 packet=120 band=MWIR whiteHot=1 displayGain=1 displayOffset=0 noiseEnable=0 noiseSigmaGray=0 route=final_sensor targetVisibleCount=1 targetMappedCount=5 hiddenByTargetNum=0 hiddenByTargetViewValid=0 hiddenByWeaponViewValid=0 beyondFarClip=4 skyVisible=1 cameraHpr=2.26692,-3.09849,0 sensorFovH=0.0999999 sensorFovV=0.0999999 near=1 far=50000
[AnnotationFastPath] enabled=1 frame=120 bboxDue=0 occlusionDue=0 updateProjection=0 reused=1 bboxUpdateHz=10 occlusionUpdateHz=5 reuseLastWhenSkipped=1 drawOverlay=0 jsonPerFrame=1 quietPerfMode=1 bboxUpdateCount=20 bboxReuseCount=100 occlusionUpdateCount=9 occlusionReuseCount=111
[ScenePerfProbe] sourceSeq=120 processRealSceneMs=0.309 targetMappingMs=0.203 cameraControlMs=0.019 stage4Stage5UpdateMs=0.789 shaderInputApplyMs=0.000 annotationComputeMs=0.012 annotationBBoxMs=0.000 annotationOcclusionMs=0.000 annotationJsonMs=0.000 pandaDoFrameMs=19.154 readbackMs=1.921 frameCopyMs=0.708 jpegMs=8.954 readbackMode=EveryFrame copyRamAttached=1 quietPerfMode=1 bboxFastMode=cached_aabb_8corners annotationFastJsonMode=1 annotationOverlayInSensorImage=0 annotationJsonPerFrame=1 bboxUpdateCount=20 bboxReuseCount=100 occlusionUpdateCount=9 occlusionReuseCount=111 targetUpdateCullInvisible=1 targetUpdateTotal=10 targetUpdateVisible=1 targetUpdateSkippedBeyondFar=4 targetUpdateSkippedShaderApply=4
实时数据更新完成，时间戳=1.78246e+12ms
[Stage6 Capture] frameWidth=800 frameHeight=800 tcpWidth=800 tcpHeight=800 renderTextureWidth=800 renderTextureHeight=800 textureCropApplied=0 source=final_sensor channels=RGB8 readbackMode=EveryFrame readbackEveryN=1 copyRamAttached=1 copyRamMode=RTM_copy_ram tcpFrameReused=0 diagnostic_only=0 renderPath=direct_final sourceSeq=120 readbackMs=1.90342 resizeMs=0 frameCopyMs=0.693584 tcpQueueDepth=1 annotationJsonPerFrame=1 annotationOverlayInSensorImage=0
[TcpFramePacket] frame=120 imgBytes=8430 annotationBytes=630 targets=1 width=800 height=800
[TcpPerf] sourceSeq=120 outputOrdinal=120 codec=jpeg requestedCodec=jpeg h264En=0 codecFallbackReason=none jpegQuality=95 jpegMode=gray jpegBytes=8430 encodeInputChannels=1 flipMs=2.152 resizeMs=0.000 jpegMs=8.954 tcpSendMs=0.160 queueDepth=0 queueWaitMs=0.001 overwritten=0
[SyncFrame] sourceSeq=120 outputOrdinal=120 inputQueueDepth=1 tcpQueueDepth=0 sourceSeqContinuous=1 videoFpsTarget=60.000 frameMs=14.623 latencyMs=17.037 readbackMs=1.903 flipMs=2.152 resizeMs=0.000 jpegMs=8.954 tcpSendMs=0.160 overrun=0 overwritten=0
[Stage6 MTF] sourceSeq=120 enabled=0 effective=0 mode=GaussianSeparable effectiveMode=GaussianSinglePassSeparableWeights sigmaPixels=0.65 radiusPixels=2 passes=1 applyTo=final_display inputSize=800x800 outputSize=800x800 stage6MtfBlurMs=0 stage6MtfBlurScope=render_pass_upper_bound implementation=single_pass_gpu_separable_weights todo=true_two_pass_separable_if_needed
[Stage6 Noise] sourceSeq=120 enabled=0 effective=0 applyTo=final_display position=BeforeAGC temporalEnabled=1 temporalSigma=0.005 fpnEnabled=0 fpnSigma=0.003 columnEnabled=0 columnSigma=0.002 rowEnabled=0 rowSigma=0.001 badPixelEnabled=0 badPixelRatio=0.0001 seed=12345 stage6DetectorNoiseMs=0 stage6DetectorNoiseScope=render_pass_upper_bound implementation=single_pass_gpu_hash_noise
[Stage6 AGC] sourceSeq=120 enabled=0 effective=0 mode=Percentile statsSource=previous_readback updateHz=30 sampleCount=0 lowPercentile=2 highPercentile=98 lowInput=0 highInput=1 gain=1 offset=0 gainSmoothed=1 offsetSmoothed=0 valid=0 fallbackReason=disabled stage6AgcStatsMs=0
[Perf] mode=sync videoFpsTarget=60.000 udpFps=60.062 renderFps=60.567 outputFps=60.062 sceneUpdateMs=0.301 annotationMs=0.082 irUpdateMs=0.457 irEnvBuildMs=0.005 stage7SkyGroundMs=0.391 platformRadianceMs=0.040 targetRadianceMs=0.016 stage4HotspotMs=0.267 stage5PlumeMs=0.010 stage5RadianceComponentMs=0.223 stage5AeroThermalMs=0.006 stage5ModtranLookupMs=0.000 shaderInputApplyMs=0.658 shaderInputApplyScope=exclusive stage7SkyGroundScope=inclusive stage4HotspotScope=inclusive shaderInputSetCount=212 shaderInputSkipCount=9524 shaderInputCacheHitRate=97.823 stage5ModtranCacheHitCount=0 stage5ModtranCacheMissCount=0 stage7FullUpdateCount=16 stage7PositionOnlyCount=44 stage7SkipCount=0 stage4UpdateCount=0 stage4SkipCount=300 plumeUpdateMs=0.010 renderMs=16.262 stage6MtfBlurMs=0.000 stage6MtfBlurScope=render_pass_upper_bound mtfBlurEnabled=0 mtfBlurSigmaPixels=0.650 mtfBlurRadiusPixels=2 stage6DetectorNoiseMs=0.000 stage6DetectorNoiseScope=render_pass_upper_bound detectorNoiseEnabled=0 temporalNoiseSigmaGray=0.005 fpnSigmaGray=0.003 columnNoiseSigmaGray=0.002 rowNoiseSigmaGray=0.001 badPixelRatio=0.000 noisePosition=BeforeAGC stage6AgcStatsMs=0.000 stage6AgcApplyMs=0.000 agcEnabled=0 agcMode=Percentile agcGain=1.000 agcOffset=0.000 agcLowInput=0.000 agcHighInput=1.000 agcSampleCount=0 readbackMs=1.911 resizeMs=0.000 frameCopyMs=0.702 jpegMs=8.111 tcpSendMs=0.175 tcpQueueDepth=0 tcpQueueDepthMax=1 inputQueueDepth=1 inputQueueDepthMax=3 sourceSeqLag=1 latencyAvgMs=35.852 latencyMaxMs=59.970 syncOverrunCount=2 inputQueueOverflowCount=0 udpFrames=121 renderFrames=120 outputFrames=120
[RenderPerfProbe] pandaDoFrameMs=15.569 renderPath=direct_final graphicsOutputCount=1 activeDisplayRegionCount=1 rawPassEnabled=0 finalPassEnabled=1 annotationOverlayEnabled=0 readbackMode=EveryFrame readbackEveryN=1 copyRamAttached=1 copyRamMode=RTM_copy_ram quietPerfMode=1 bboxFastMode=cached_aabb_8corners processRealSceneMs=0.210 targetMappingMs=0.132 cameraControlMs=0.013 stage4Stage5UpdateMs=0.777 shaderInputApplyMs=0.000 readbackMs=1.922 frameCopyMs=0.687 jpegMs=8.656 annotationMs=0.003 annotationBBoxMs=0.000 annotationOcclusionMs=0.000 annotationJsonMs=0.000 annotationTargets=1 bboxUpdateCount=28 bboxReuseCount=140 occlusionUpdateCount=13 occlusionReuseCount=155 targetUpdateCullInvisible=1 targetUpdateTotal=10 targetUpdateVisible=1 targetUpdateSkippedBeyondFar=4 targetUpdateSkippedShaderApply=4
[Stage6 FrameDiag] frameIndex=1.78246e+12 packet=181 band=MWIR whiteHot=1 displayGain=1 displayOffset=0 noiseEnable=0 noiseSigmaGray=0 route=final_sensor targetVisibleCount=2 targetMappedCount=5 hiddenByTargetNum=0 hiddenByTargetViewValid=0 hiddenByWeaponViewValid=0 beyondFarClip=3 skyVisible=1 cameraHpr=2.30093,-3.15268,0 sensorFovH=0.0999999 sensorFovV=0.0999999 near=1 far=50000
[AnnotationCollision] targetID=34 platform=AIM120D triangles=1532 solids=1532 built=1
[AnnotationCollisionCache] platform=AIM120D targetID=34 built=1 reused=0 triangles=1532 solids=1532
接收UDP数据，长度：506字节，来自：192.168.1.188:9999 packet=240
解析UDP数据，flag：0x38 packet=240
[Stage5 PlumePerf] plumeNodeCount=16 visiblePlumeCount=0 textureLoadCountThisFrame=0 updateHz=30 updatePlumeMs=0.010844 updatePlumeMsMax=0.137084 perfBudgetMs=1
[TargetUpdateCull] enabled=1 total=10 visible=2 skippedBeyondFar=3 skippedShaderApply=3 shaderInputApplyMs=0.623878 stage4Stage5UpdateMs=1.18358
[Stage0] Display packet #240: platID=1, sensorID=1, targetNumValid=5, timeMs=1.78246e+12
处理实时成像数据...
实时数据更新完成，时间戳=1.78246e+12ms
[Perf] mode=sync videoFpsTarget=60.000 udpFps=59.982 renderFps=59.482 outputFps=59.482 sceneUpdateMs=0.486 annotationMs=0.262 irUpdateMs=0.571 irEnvBuildMs=0.004 stage7SkyGroundMs=0.081 platformRadianceMs=0.040 targetRadianceMs=0.023 stage4HotspotMs=0.341 stage5PlumeMs=0.010 stage5RadianceComponentMs=0.292 stage5AeroThermalMs=0.006 stage5ModtranLookupMs=0.000 shaderInputApplyMs=0.522 shaderInputApplyScope=exclusive stage7SkyGroundScope=inclusive stage4HotspotScope=inclusive shaderInputSetCount=349 shaderInputSkipCount=11953 shaderInputCacheHitRate=97.163 stage5ModtranCacheHitCount=0 stage5ModtranCacheMissCount=0 stage7FullUpdateCount=17 stage7PositionOnlyCount=43 stage7SkipCount=0 stage4UpdateCount=1 stage4SkipCount=299 plumeUpdateMs=0.011 renderMs=16.123 stage6MtfBlurMs=0.000 stage6MtfBlurScope=render_pass_upper_bound mtfBlurEnabled=0 mtfBlurSigmaPixels=0.650 mtfBlurRadiusPixels=2 stage6DetectorNoiseMs=0.000 stage6DetectorNoiseScope=render_pass_upper_bound detectorNoiseEnabled=0 temporalNoiseSigmaGray=0.005 fpnSigmaGray=0.003 columnNoiseSigmaGray=0.002 rowNoiseSigmaGray=0.001 badPixelRatio=0.000 noisePosition=BeforeAGC stage6AgcStatsMs=0.000 stage6AgcApplyMs=0.000 agcEnabled=0 agcMode=Percentile agcGain=1.000 agcOffset=0.000 agcLowInput=0.000 agcHighInput=1.000 agcSampleCount=0 readbackMs=1.966 resizeMs=0.000 frameCopyMs=0.706 jpegMs=8.054 tcpSendMs=0.168 tcpQueueDepth=0 tcpQueueDepthMax=1 inputQueueDepth=2 inputQueueDepthMax=2 sourceSeqLag=1 latencyAvgMs=23.833 latencyMaxMs=37.169 syncOverrunCount=7 inputQueueOverflowCount=0 udpFrames=241 renderFrames=239 outputFrames=239
[Stage5 Plume] targetType=0x33 targetPlatID=3 targetID=4 platform=AIM9X engineState=0 band=MWIR coreEnabled=0 haloEnabled=0 coreTempK=0 haloTempK=0 coreGray=0 haloGray=0 coreOpacity=0 haloOpacity=0 coreVisible=0 haloVisible=0 reason=target_not_renderable
[Stage5 Plume] targetType=0x33 targetPlatID=3 targetID=34 platform=AIM9X engineState=0 band=MWIR coreEnabled=0 haloEnabled=0 coreTempK=0 haloTempK=0 coreGray=0 haloGray=0 coreOpacity=0 haloOpacity=0 coreVisible=0 haloVisible=0 reason=target_not_renderable
[Stage5 Plume] targetType=0x22 targetPlatID=3 targetID=4 platform=AIM120D engineState=0 band=MWIR coreEnabled=0 haloEnabled=0 coreTempK=0 haloTempK=0 coreGray=0 haloGray=0 coreOpacity=0 haloOpacity=0 coreVisible=0 haloVisible=0 reason=target_not_renderable
[CameraControl] mode=lookat targetPlatID=3 targetID=3 relPitch=-3.19926 relYaw=-2.32824 range=21235.6
[Stage6 FrameDiag] frameIndex=1.78246e+12 packet=241 band=MWIR whiteHot=1 displayGain=1 displayOffset=0 noiseEnable=0 noiseSigmaGray=0 route=final_sensor targetVisibleCount=2 targetMappedCount=5 hiddenByTargetNum=0 hiddenByTargetViewValid=0 hiddenByWeaponViewValid=0 beyondFarClip=3 skyVisible=1 cameraHpr=2.32824,-3.19926,0 sensorFovH=0.0999999 sensorFovV=0.0999999 near=1 far=50000
[AnnotationFastPath] enabled=1 frame=240 bboxDue=0 occlusionDue=0 updateProjection=0 reused=1 bboxUpdateHz=10 occlusionUpdateHz=5 reuseLastWhenSkipped=1 drawOverlay=0 jsonPerFrame=1 quietPerfMode=1 bboxUpdateCount=40 bboxReuseCount=200 occlusionUpdateCount=19 occlusionReuseCount=221
[ScenePerfProbe] sourceSeq=240 processRealSceneMs=0.273 targetMappingMs=0.162 cameraControlMs=0.019 stage4Stage5UpdateMs=1.097 shaderInputApplyMs=0.000 annotationComputeMs=0.011 annotationBBoxMs=0.000 annotationOcclusionMs=0.000 annotationJsonMs=0.000 pandaDoFrameMs=16.307 readbackMs=1.902 frameCopyMs=0.673 jpegMs=7.855 readbackMode=EveryFrame copyRamAttached=1 quietPerfMode=1 bboxFastMode=cached_aabb_8corners annotationFastJsonMode=1 annotationOverlayInSensorImage=0 annotationJsonPerFrame=1 bboxUpdateCount=40 bboxReuseCount=200 occlusionUpdateCount=19 occlusionReuseCount=221 targetUpdateCullInvisible=1 targetUpdateTotal=10 targetUpdateVisible=2 targetUpdateSkippedBeyondFar=3 targetUpdateSkippedShaderApply=3
[Stage6 Capture] frameWidth=800 frameHeight=800 tcpWidth=800 tcpHeight=800 renderTextureWidth=800 renderTextureHeight=800 textureCropApplied=0 source=final_sensor channels=RGB8 readbackMode=EveryFrame readbackEveryN=1 copyRamAttached=1 copyRamMode=RTM_copy_ram tcpFrameReused=0 diagnostic_only=0 renderPath=direct_final sourceSeq=240 readbackMs=1.85471 resizeMs=0 frameCopyMs=0.667625 tcpQueueDepth=1 annotationJsonPerFrame=1 annotationOverlayInSensorImage=0
[TcpFramePacket] frame=240 imgBytes=8499 annotationBytes=923 targets=2 width=800 height=800
[TcpPerf] sourceSeq=240 outputOrdinal=240 codec=jpeg requestedCodec=jpeg h264En=0 codecFallbackReason=none jpegQuality=95 jpegMode=gray jpegBytes=8499 encodeInputChannels=1 flipMs=2.311 resizeMs=0.000 jpegMs=8.755 tcpSendMs=0.186 queueDepth=0 queueWaitMs=0.001 overwritten=0
[SyncFrame] sourceSeq=240 outputOrdinal=240 inputQueueDepth=2 tcpQueueDepth=0 sourceSeqContinuous=1 videoFpsTarget=60.000 frameMs=14.578 latencyMs=33.237 readbackMs=1.855 flipMs=2.311 resizeMs=0.000 jpegMs=8.755 tcpSendMs=0.186 overrun=0 overwritten=0
[Stage6 MTF] sourceSeq=240 enabled=0 effective=0 mode=GaussianSeparable effectiveMode=GaussianSinglePassSeparableWeights sigmaPixels=0.65 radiusPixels=2 passes=1 applyTo=final_display inputSize=800x800 outputSize=800x800 stage6MtfBlurMs=0 stage6MtfBlurScope=render_pass_upper_bound implementation=single_pass_gpu_separable_weights todo=true_two_pass_separable_if_needed
[Stage6 Noise] sourceSeq=240 enabled=0 effective=0 applyTo=final_display position=BeforeAGC temporalEnabled=1 temporalSigma=0.005 fpnEnabled=0 fpnSigma=0.003 columnEnabled=0 columnSigma=0.002 rowEnabled=0 rowSigma=0.001 badPixelEnabled=0 badPixelRatio=0.0001 seed=12345 stage6DetectorNoiseMs=0 stage6DetectorNoiseScope=render_pass_upper_bound implementation=single_pass_gpu_hash_noise
[Stage6 AGC] sourceSeq=240 enabled=0 effective=0 mode=Percentile statsSource=previous_readback updateHz=30 sampleCount=0 lowPercentile=2 highPercentile=98 lowInput=0 highInput=1 gain=1 offset=0 gainSmoothed=1 offsetSmoothed=0 valid=0 fallbackReason=disabled stage6AgcStatsMs=0
[RenderPerfProbe] pandaDoFrameMs=15.613 renderPath=direct_final graphicsOutputCount=1 activeDisplayRegionCount=1 rawPassEnabled=0 finalPassEnabled=1 annotationOverlayEnabled=0 readbackMode=EveryFrame readbackEveryN=1 copyRamAttached=1 copyRamMode=RTM_copy_ram quietPerfMode=1 bboxFastMode=cached_aabb_8corners processRealSceneMs=0.215 targetMappingMs=0.131 cameraControlMs=0.013 stage4Stage5UpdateMs=1.069 shaderInputApplyMs=0.000 readbackMs=1.906 frameCopyMs=0.691 jpegMs=8.934 annotationMs=0.003 annotationBBoxMs=0.000 annotationOcclusionMs=0.000 annotationJsonMs=0.000 annotationTargets=2 bboxUpdateCount=48 bboxReuseCount=240 occlusionUpdateCount=23 occlusionReuseCount=265 targetUpdateCullInvisible=1 targetUpdateTotal=10 targetUpdateVisible=2 targetUpdateSkippedBeyondFar=3 targetUpdateSkippedShaderApply=3
[Stage6 FrameDiag] frameIndex=1.78246e+12 packet=302 band=MWIR whiteHot=1 displayGain=1 displayOffset=0 noiseEnable=0 noiseSigmaGray=0 route=final_sensor targetVisibleCount=3 targetMappedCount=5 hiddenByTargetNum=0 hiddenByTargetViewValid=0 hiddenByWeaponViewValid=0 beyondFarClip=2 skyVisible=1 cameraHpr=2.35463,-3.25139,0 sensorFovH=0.0999999 sensorFovV=0.0999999 near=1 far=50000
[AnnotationCollision] targetID=4 platform=AIM9X triangles=7826 solids=7826 built=1
[AnnotationCollisionCache] platform=AIM9X targetID=4 built=1 reused=0 triangles=7826 solids=7826
[Stage5 Plume] targetType=0x22 targetPlatID=3 targetID=3 platform=AIM120D engineState=1 band=MWIR coreEnabled=1 haloEnabled=1 coreTempK=445.526 haloTempK=381.856 coreGray=0.0130277 haloGray=0.0014392 coreOpacity=1 haloOpacity=0.405 coreVisible=1 haloVisible=1
[Stage5 PlumePerf] plumeNodeCount=16 visiblePlumeCount=2 textureLoadCountThisFrame=0 updateHz=30 updatePlumeMs=0.109876 updatePlumeMsMax=3.10042 perfBudgetMs=1
接收UDP数据，长度：506字节，来自：192.168.1.188:9999 packet=360
解析UDP数据，flag：0x38 packet=360
[Perf] mode=sync videoFpsTarget=60.000 udpFps=59.681 renderFps=60.187 outputFps=60.693 sceneUpdateMs=0.910 annotationMs=0.718 irUpdateMs=0.747 irEnvBuildMs=0.004 stage7SkyGroundMs=0.100 platformRadianceMs=0.043 targetRadianceMs=0.040 stage4HotspotMs=0.596 stage5PlumeMs=0.013 stage5RadianceComponentMs=0.500 stage5AeroThermalMs=0.007 stage5ModtranLookupMs=0.000 shaderInputApplyMs=0.853 shaderInputApplyScope=exclusive stage7SkyGroundScope=inclusive stage4HotspotScope=inclusive shaderInputSetCount=636 shaderInputSkipCount=16326 shaderInputCacheHitRate=96.250 stage5ModtranCacheHitCount=0 stage5ModtranCacheMissCount=0 stage7FullUpdateCount=16 stage7PositionOnlyCount=44 stage7SkipCount=0 stage4UpdateCount=31 stage4SkipCount=269 plumeUpdateMs=0.170 renderMs=15.563 stage6MtfBlurMs=0.000 stage6MtfBlurScope=render_pass_upper_bound mtfBlurEnabled=0 mtfBlurSigmaPixels=0.650 mtfBlurRadiusPixels=2 stage6DetectorNoiseMs=0.000 stage6DetectorNoiseScope=render_pass_upper_bound detectorNoiseEnabled=0 temporalNoiseSigmaGray=0.005 fpnSigmaGray=0.003 columnNoiseSigmaGray=0.002 rowNoiseSigmaGray=0.001 badPixelRatio=0.000 noisePosition=BeforeAGC stage6AgcStatsMs=0.000 stage6AgcApplyMs=0.000 agcEnabled=0 agcMode=Percentile agcGain=1.000 agcOffset=0.000 agcLowInput=0.000 agcHighInput=1.000 agcSampleCount=0 readbackMs=1.828 resizeMs=0.000 frameCopyMs=0.545 jpegMs=7.028 tcpSendMs=0.122 tcpQueueDepth=0 tcpQueueDepthMax=1 inputQueueDepth=0 inputQueueDepthMax=15 sourceSeqLag=0 latencyAvgMs=79.447 latencyMaxMs=254.276 syncOverrunCount=12 inputQueueOverflowCount=0 udpFrames=359 renderFrames=358 outputFrames=359
[Stage0] Display packet #360: platID=1, sensorID=1, targetNumValid=5, timeMs=1.78246e+12
处理实时成像数据...
[Stage5 Plume] targetType=0x33 targetPlatID=3 targetID=34 platform=AIM9X engineState=0 band=MWIR coreEnabled=0 haloEnabled=0 coreTempK=0 haloTempK=0 coreGray=0 haloGray=0 coreOpacity=0 haloOpacity=0 coreVisible=0 haloVisible=0 reason=target_not_renderable
[Stage5 Plume] targetType=0x22 targetPlatID=3 targetID=4 platform=AIM120D engineState=0 band=MWIR coreEnabled=0 haloEnabled=0 coreTempK=0 haloTempK=0 coreGray=0 haloGray=0 coreOpacity=0 haloOpacity=0 coreVisible=0 haloVisible=0 reason=target_not_renderable
[CameraControl] mode=lookat targetPlatID=3 targetID=3 relPitch=-3.86011 relYaw=-2.37994 range=20709.1
[Stage6 FrameDiag] frameIndex=1.78246e+12 packet=360 band=MWIR whiteHot=1 displayGain=1 displayOffset=0 noiseEnable=0 noiseSigmaGray=0 route=final_sensor targetVisibleCount=3 targetMappedCount=5 hiddenByTargetNum=0 hiddenByTargetViewValid=0 hiddenByWeaponViewValid=0 beyondFarClip=2 skyVisible=1 cameraHpr=2.37994,-3.86011,0 sensorFovH=0.0999999 sensorFovV=0.0999999 near=1 far=50000
[AnnotationFastPath] enabled=1 frame=360 bboxDue=0 occlusionDue=0 updateProjection=0 reused=1 bboxUpdateHz=10 occlusionUpdateHz=5 reuseLastWhenSkipped=1 drawOverlay=0 jsonPerFrame=1 quietPerfMode=1 bboxUpdateCount=60 bboxReuseCount=300 occlusionUpdateCount=29 occlusionReuseCount=331
[ScenePerfProbe] sourceSeq=360 processRealSceneMs=0.206 targetMappingMs=0.126 cameraControlMs=0.017 stage4Stage5UpdateMs=1.825 shaderInputApplyMs=0.000 annotationComputeMs=0.009 annotationBBoxMs=0.000 annotationOcclusionMs=0.000 annotationJsonMs=0.000 pandaDoFrameMs=13.692 readbackMs=1.922 frameCopyMs=0.400 jpegMs=5.573 readbackMode=EveryFrame copyRamAttached=1 quietPerfMode=1 bboxFastMode=cached_aabb_8corners annotationFastJsonMode=1 annotationOverlayInSensorImage=0 annotationJsonPerFrame=1 bboxUpdateCount=60 bboxReuseCount=300 occlusionUpdateCount=29 occlusionReuseCount=331 targetUpdateCullInvisible=1 targetUpdateTotal=10 targetUpdateVisible=3 targetUpdateSkippedBeyondFar=2 targetUpdateSkippedShaderApply=2
实时数据更新完成，时间戳=1.78246e+12ms
[Stage6 Capture] frameWidth=800 frameHeight=800 tcpWidth=800 tcpHeight=800 renderTextureWidth=800 renderTextureHeight=800 textureCropApplied=0 source=final_sensor channels=RGB8 readbackMode=EveryFrame readbackEveryN=1 copyRamAttached=1 copyRamMode=RTM_copy_ram tcpFrameReused=0 diagnostic_only=0 renderPath=direct_final sourceSeq=360 readbackMs=1.57792 resizeMs=0 frameCopyMs=0.401917 tcpQueueDepth=1 annotationJsonPerFrame=1 annotationOverlayInSensorImage=0
[TcpFramePacket] frame=360 imgBytes=8366 annotationBytes=1213 targets=3 width=800 height=800
[TcpPerf] sourceSeq=360 outputOrdinal=360 codec=jpeg requestedCodec=jpeg h264En=0 codecFallbackReason=none jpegQuality=95 jpegMode=gray jpegBytes=8366 encodeInputChannels=1 flipMs=0.599 resizeMs=0.000 jpegMs=4.110 tcpSendMs=0.053 queueDepth=0 queueWaitMs=0.001 overwritten=0
[SyncFrame] sourceSeq=360 outputOrdinal=360 inputQueueDepth=1 tcpQueueDepth=0 sourceSeqContinuous=1 videoFpsTarget=60.000 frameMs=7.239 latencyMs=7.585 readbackMs=1.578 flipMs=0.599 resizeMs=0.000 jpegMs=4.110 tcpSendMs=0.053 overrun=0 overwritten=0
[Stage6 MTF] sourceSeq=360 enabled=0 effective=0 mode=GaussianSeparable effectiveMode=GaussianSinglePassSeparableWeights sigmaPixels=0.65 radiusPixels=2 passes=1 applyTo=final_display inputSize=800x800 outputSize=800x800 stage6MtfBlurMs=0 stage6MtfBlurScope=render_pass_upper_bound implementation=single_pass_gpu_separable_weights todo=true_two_pass_separable_if_needed
[Stage6 Noise] sourceSeq=360 enabled=0 effective=0 applyTo=final_display position=BeforeAGC temporalEnabled=1 temporalSigma=0.005 fpnEnabled=0 fpnSigma=0.003 columnEnabled=0 columnSigma=0.002 rowEnabled=0 rowSigma=0.001 badPixelEnabled=0 badPixelRatio=0.0001 seed=12345 stage6DetectorNoiseMs=0 stage6DetectorNoiseScope=render_pass_upper_bound implementation=single_pass_gpu_hash_noise
[Stage6 AGC] sourceSeq=360 enabled=0 effective=0 mode=Percentile statsSource=previous_readback updateHz=30 sampleCount=0 lowPercentile=2 highPercentile=98 lowInput=0 highInput=1 gain=1 offset=0 gainSmoothed=1 offsetSmoothed=0 valid=0 fallbackReason=disabled stage6AgcStatsMs=0
[RenderPerfProbe] pandaDoFrameMs=16.420 renderPath=direct_final graphicsOutputCount=1 activeDisplayRegionCount=1 rawPassEnabled=0 finalPassEnabled=1 annotationOverlayEnabled=0 readbackMode=EveryFrame readbackEveryN=1 copyRamAttached=1 copyRamMode=RTM_copy_ram quietPerfMode=1 bboxFastMode=cached_aabb_8corners processRealSceneMs=0.234 targetMappingMs=0.153 cameraControlMs=0.014 stage4Stage5UpdateMs=2.040 shaderInputApplyMs=0.000 readbackMs=1.873 frameCopyMs=0.680 jpegMs=9.207 annotationMs=0.003 annotationBBoxMs=0.000 annotationOcclusionMs=0.000 annotationJsonMs=0.000 annotationTargets=3 bboxUpdateCount=68 bboxReuseCount=340 occlusionUpdateCount=33 occlusionReuseCount=375 targetUpdateCullInvisible=1 targetUpdateTotal=10 targetUpdateVisible=3 targetUpdateSkippedBeyondFar=2 targetUpdateSkippedShaderApply=2
[Stage6 FrameDiag] frameIndex=1.78246e+12 packet=427 band=MWIR whiteHot=1 displayGain=1 displayOffset=0 noiseEnable=0 noiseSigmaGray=0 route=final_sensor targetVisibleCount=4 targetMappedCount=5 hiddenByTargetNum=0 hiddenByTargetViewValid=0 hiddenByWeaponViewValid=0 beyondFarClip=1 skyVisible=1 cameraHpr=2.80729,-4.97874,0 sensorFovH=0.0999999 sensorFovV=0.0999999 near=1 far=50000
[AnnotationCollision] targetID=34 platform=AIM9X triangles=7826 solids=7826 built=1
[AnnotationCollisionCache] platform=AIM9X targetID=34 built=1 reused=0 triangles=7826 solids=7826
[SyncFrame][WARN] inputQueueBackpressure sourceSeq=474 backpressureCount=1 queueDepth=16 queueCapacity=16 action=wait_for_space
[SyncFrame][WARN] inputQueueBackpressure sourceSeq=475 backpressureCount=2 queueDepth=16 queueCapacity=16 action=wait_for_space
接收UDP数据，长度：506字节，来自：192.168.1.188:9999 packet=480
解析UDP数据，flag：0x38 packet=480
[SyncFrame][WARN] inputQueueBackpressure sourceSeq=476 backpressureCount=3 queueDepth=16 queueCapacity=16 action=wait_for_space
[Perf] mode=sync videoFpsTarget=60.000 udpFps=59.915 renderFps=51.427 outputFps=51.427 sceneUpdateMs=1.681 annotationMs=1.454 irUpdateMs=1.140 irEnvBuildMs=0.005 stage7SkyGroundMs=0.664 platformRadianceMs=0.015 targetRadianceMs=0.044 stage4HotspotMs=0.651 stage5PlumeMs=0.400 stage5RadianceComponentMs=0.515 stage5AeroThermalMs=0.006 stage5ModtranLookupMs=0.000 shaderInputApplyMs=1.256 shaderInputApplyScope=exclusive stage7SkyGroundScope=inclusive stage4HotspotScope=inclusive shaderInputSetCount=670 shaderInputSkipCount=18010 shaderInputCacheHitRate=96.413 stage5ModtranCacheHitCount=0 stage5ModtranCacheMissCount=0 stage7FullUpdateCount=17 stage7PositionOnlyCount=34 stage7SkipCount=0 stage4UpdateCount=52 stage4SkipCount=203 plumeUpdateMs=0.409 renderMs=17.517 stage6MtfBlurMs=0.000 stage6MtfBlurScope=render_pass_upper_bound mtfBlurEnabled=0 mtfBlurSigmaPixels=0.650 mtfBlurRadiusPixels=2 stage6DetectorNoiseMs=0.000 stage6DetectorNoiseScope=render_pass_upper_bound detectorNoiseEnabled=0 temporalNoiseSigmaGray=0.005 fpnSigmaGray=0.003 columnNoiseSigmaGray=0.002 rowNoiseSigmaGray=0.001 badPixelRatio=0.000 noisePosition=BeforeAGC stage6AgcStatsMs=0.000 stage6AgcApplyMs=0.000 agcEnabled=0 agcMode=Percentile agcGain=1.000 agcOffset=0.000 agcLowInput=0.000 agcHighInput=1.000 agcSampleCount=0 readbackMs=1.975 resizeMs=0.000 frameCopyMs=0.694 jpegMs=7.846 tcpSendMs=0.136 tcpQueueDepth=0 tcpQueueDepthMax=1 inputQueueDepth=16 inputQueueDepthMax=16 sourceSeqLag=17 latencyAvgMs=140.154 latencyMaxMs=298.032 syncOverrunCount=27 inputQueueOverflowCount=0 udpFrames=479 renderFrames=461 outputFrames=462
[Perf][WARN] outputFps=51.427 targetFps=60.000 bottleneckSummary=below_60hz irUpdateMs=1.140 stage5ModtranLookupMs=0.000 stage5RadianceComponentMs=0.515 stage5AeroThermalMs=0.006 stage4HotspotMs=0.651 stage7SkyGroundMs=0.664 shaderInputApplyMs=1.256 annotationMs=1.454 renderMs=17.517 stage6MtfBlurMs=0.000 stage6DetectorNoiseMs=0.000 stage6AgcStatsMs=0.000 readbackMs=1.975 jpegMs=7.846 tcpSendMs=0.136 inputQueueDepth=16 sourceSeqLag=17 note=recorderWriteMs_is_reported_by_VideoDisplay_RecorderPerf
[Stage0] Display packet #480: platID=1, sensorID=1, targetNumValid=5, timeMs=1.78246e+12
处理实时成像数据...
[TcpPerf] sourceSeq=463 outputOrdinal=463 codec=jpeg requestedCodec=jpeg h264En=0 codecFallbackReason=none jpegQuality=95 jpegMode=gray jpegBytes=9208 encodeInputChannels=1 flipMs=1.067 resizeMs=0.000 jpegMs=10.214 tcpSendMs=0.098 queueDepth=0 queueWaitMs=0.001 overwritten=0
实时数据更新完成，时间戳=1.78246e+12ms
[Stage5 PlumePerf] plumeNodeCount=16 visiblePlumeCount=2 textureLoadCountThisFrame=0 updateHz=30 updatePlumeMs=0.340929 updatePlumeMsMax=0.697959 perfBudgetMs=1
[TargetUpdateCull] enabled=1 total=10 visible=4 skippedBeyondFar=1 skippedShaderApply=1 shaderInputApplyMs=1.69166 stage4Stage5UpdateMs=2.7965
[Stage5 Plume] targetType=0x22 targetPlatID=3 targetID=4 platform=AIM120D engineState=0 band=MWIR coreEnabled=0 haloEnabled=0 coreTempK=0 haloTempK=0 coreGray=0 haloGray=0 coreOpacity=0 haloOpacity=0 coreVisible=0 haloVisible=0 reason=target_not_renderable
[CameraControl] mode=lookat targetPlatID=3 targetID=3 relPitch=-4.30625 relYaw=-3.6525 range=20177.7
[Stage6 FrameDiag] frameIndex=1.78246e+12 packet=496 band=MWIR whiteHot=1 displayGain=1 displayOffset=0 noiseEnable=0 noiseSigmaGray=0 route=final_sensor targetVisibleCount=4 targetMappedCount=5 hiddenByTargetNum=0 hiddenByTargetViewValid=0 hiddenByWeaponViewValid=0 beyondFarClip=1 skyVisible=1 cameraHpr=3.6525,-4.30625,0 sensorFovH=0.0999999 sensorFovV=0.0999999 near=1 far=50000
[AnnotationFastPath] enabled=1 frame=480 bboxDue=0 occlusionDue=0 updateProjection=0 reused=1 bboxUpdateHz=10 occlusionUpdateHz=5 reuseLastWhenSkipped=1 drawOverlay=0 jsonPerFrame=1 quietPerfMode=1 bboxUpdateCount=80 bboxReuseCount=400 occlusionUpdateCount=39 occlusionReuseCount=441
[ScenePerfProbe] sourceSeq=480 processRealSceneMs=0.320 targetMappingMs=0.204 cameraControlMs=0.022 stage4Stage5UpdateMs=2.377 shaderInputApplyMs=0.000 annotationComputeMs=0.012 annotationBBoxMs=0.000 annotationOcclusionMs=0.000 annotationJsonMs=0.000 pandaDoFrameMs=18.657 readbackMs=1.919 frameCopyMs=0.712 jpegMs=3.973 readbackMode=EveryFrame copyRamAttached=1 quietPerfMode=1 bboxFastMode=cached_aabb_8corners annotationFastJsonMode=1 annotationOverlayInSensorImage=0 annotationJsonPerFrame=1 bboxUpdateCount=80 bboxReuseCount=400 occlusionUpdateCount=39 occlusionReuseCount=441 targetUpdateCullInvisible=1 targetUpdateTotal=10 targetUpdateVisible=4 targetUpdateSkippedBeyondFar=1 targetUpdateSkippedShaderApply=1
[Stage6 Capture] frameWidth=800 frameHeight=800 tcpWidth=800 tcpHeight=800 renderTextureWidth=800 renderTextureHeight=800 textureCropApplied=0 source=final_sensor channels=RGB8 readbackMode=EveryFrame readbackEveryN=1 copyRamAttached=1 copyRamMode=RTM_copy_ram tcpFrameReused=0 diagnostic_only=0 renderPath=direct_final sourceSeq=480 readbackMs=1.94338 resizeMs=0 frameCopyMs=0.726542 tcpQueueDepth=1 annotationJsonPerFrame=1 annotationOverlayInSensorImage=0
[TcpFramePacket] frame=480 imgBytes=9199 annotationBytes=1504 targets=4 width=800 height=800
[TcpPerf] sourceSeq=480 outputOrdinal=480 codec=jpeg requestedCodec=jpeg h264En=0 codecFallbackReason=none jpegQuality=95 jpegMode=gray jpegBytes=9199 encodeInputChannels=1 flipMs=1.045 resizeMs=0.000 jpegMs=4.287 tcpSendMs=0.076 queueDepth=0 queueWaitMs=0.001 overwritten=0
[SyncFrame] sourceSeq=480 outputOrdinal=480 inputQueueDepth=16 tcpQueueDepth=0 sourceSeqContinuous=1 videoFpsTarget=60.000 frameMs=8.726 latencyMs=331.992 readbackMs=1.943 flipMs=1.045 resizeMs=0.000 jpegMs=4.287 tcpSendMs=0.076 overrun=0 overwritten=0
[Stage6 MTF] sourceSeq=480 enabled=0 effective=0 mode=GaussianSeparable effectiveMode=GaussianSinglePassSeparableWeights sigmaPixels=0.65 radiusPixels=2 passes=1 applyTo=final_display inputSize=800x800 outputSize=800x800 stage6MtfBlurMs=0 stage6MtfBlurScope=render_pass_upper_bound implementation=single_pass_gpu_separable_weights todo=true_two_pass_separable_if_needed
[Stage6 Noise] sourceSeq=480 enabled=0 effective=0 applyTo=final_display position=BeforeAGC temporalEnabled=1 temporalSigma=0.005 fpnEnabled=0 fpnSigma=0.003 columnEnabled=0 columnSigma=0.002 rowEnabled=0 rowSigma=0.001 badPixelEnabled=0 badPixelRatio=0.0001 seed=12345 stage6DetectorNoiseMs=0 stage6DetectorNoiseScope=render_pass_upper_bound implementation=single_pass_gpu_hash_noise
[Stage6 AGC] sourceSeq=480 enabled=0 effective=0 mode=Percentile statsSource=previous_readback updateHz=30 sampleCount=0 lowPercentile=2 highPercentile=98 lowInput=0 highInput=1 gain=1 offset=0 gainSmoothed=1 offsetSmoothed=0 valid=0 fallbackReason=disabled stage6AgcStatsMs=0
[RenderPerfProbe] pandaDoFrameMs=17.196 renderPath=direct_final graphicsOutputCount=1 activeDisplayRegionCount=1 rawPassEnabled=0 finalPassEnabled=1 annotationOverlayEnabled=0 readbackMode=EveryFrame readbackEveryN=1 copyRamAttached=1 copyRamMode=RTM_copy_ram quietPerfMode=1 bboxFastMode=cached_aabb_8corners processRealSceneMs=0.207 targetMappingMs=0.125 cameraControlMs=0.014 stage4Stage5UpdateMs=2.284 shaderInputApplyMs=0.000 readbackMs=1.870 frameCopyMs=0.695 jpegMs=4.257 annotationMs=0.003 annotationBBoxMs=0.000 annotationOcclusionMs=0.000 annotationJsonMs=0.000 annotationTargets=4 bboxUpdateCount=88 bboxReuseCount=440 occlusionUpdateCount=43 occlusionReuseCount=485 targetUpdateCullInvisible=1 targetUpdateTotal=10 targetUpdateVisible=4 targetUpdateSkippedBeyondFar=1 targetUpdateSkippedShaderApply=1
[Stage6 FrameDiag] frameIndex=1.78246e+12 packet=556 band=MWIR whiteHot=1 displayGain=1 displayOffset=0 noiseEnable=0 noiseSigmaGray=0 route=final_sensor targetVisibleCount=5 targetMappedCount=5 hiddenByTargetNum=0 hiddenByTargetViewValid=0 hiddenByWeaponViewValid=0 beyondFarClip=0 skyVisible=1 cameraHpr=3.72216,-3.9577,0 sensorFovH=0.0999999 sensorFovV=0.0999999 near=1 far=50000
[AnnotationCollision] targetID=4 platform=AIM120D triangles=1532 solids=1532 built=1
[AnnotationCollisionCache] platform=AIM120D targetID=4 built=1 reused=0 triangles=1532 solids=1532
[Perf] mode=sync videoFpsTarget=60.000 udpFps=50.690 renderFps=50.690 outputFps=50.690 sceneUpdateMs=1.704 annotationMs=1.475 irUpdateMs=1.290 irEnvBuildMs=0.008 stage7SkyGroundMs=1.193 platformRadianceMs=0.013 targetRadianceMs=0.055 stage4HotspotMs=0.725 stage5PlumeMs=0.202 stage5RadianceComponentMs=0.585 stage5AeroThermalMs=0.008 stage5ModtranLookupMs=0.000 shaderInputApplyMs=1.527 shaderInputApplyScope=exclusive stage7SkyGroundScope=inclusive stage4HotspotScope=inclusive shaderInputSetCount=759 shaderInputSkipCount=21719 shaderInputCacheHitRate=96.623 stage5ModtranCacheHitCount=0 stage5ModtranCacheMissCount=0 stage7FullUpdateCount=17 stage7PositionOnlyCount=35 stage7SkipCount=0 stage4UpdateCount=53 stage4SkipCount=207 plumeUpdateMs=0.283 renderMs=17.873 stage6MtfBlurMs=0.000 stage6MtfBlurScope=render_pass_upper_bound mtfBlurEnabled=0 mtfBlurSigmaPixels=0.650 mtfBlurRadiusPixels=2 stage6DetectorNoiseMs=0.000 stage6DetectorNoiseScope=render_pass_upper_bound detectorNoiseEnabled=0 temporalNoiseSigmaGray=0.005 fpnSigmaGray=0.003 columnNoiseSigmaGray=0.002 rowNoiseSigmaGray=0.001 badPixelRatio=0.000 noisePosition=BeforeAGC stage6AgcStatsMs=0.000 stage6AgcApplyMs=0.000 agcEnabled=0 agcMode=Percentile agcGain=1.000 agcOffset=0.000 agcLowInput=0.000 agcHighInput=1.000 agcSampleCount=0 readbackMs=1.946 resizeMs=0.000 frameCopyMs=0.724 jpegMs=5.962 tcpSendMs=0.090 tcpQueueDepth=0 tcpQueueDepthMax=1 inputQueueDepth=16 inputQueueDepthMax=16 sourceSeqLag=17 latencyAvgMs=338.870 latencyMaxMs=384.103 syncOverrunCount=144 inputQueueOverflowCount=0 udpFrames=582 renderFrames=564 outputFrames=565
[Perf][WARN] outputFps=50.690 targetFps=60.000 bottleneckSummary=below_60hz irUpdateMs=1.290 stage5ModtranLookupMs=0.000 stage5RadianceComponentMs=0.585 stage5AeroThermalMs=0.008 stage4HotspotMs=0.725 stage7SkyGroundMs=1.193 shaderInputApplyMs=1.527 annotationMs=1.475 renderMs=17.873 stage6MtfBlurMs=0.000 stage6DetectorNoiseMs=0.000 stage6AgcStatsMs=0.000 readbackMs=1.946 jpegMs=5.962 tcpSendMs=0.090 inputQueueDepth=16 sourceSeqLag=17 note=recorderWriteMs_is_reported_by_VideoDisplay_RecorderPerf
[SyncFrame][WARN] inputQueueBackpressure sourceSeq=593 backpressureCount=120 queueDepth=16 queueCapacity=16 action=wait_for_space
[AnnotationCollisionCache] platform=AIM120D targetID=3 built=0 reused=1 triangles=1532 solids=1532
接收UDP数据，长度：506字节，来自：192.168.1.188:9999 packet=600
解析UDP数据，flag：0x38 packet=600
[TcpPerf] sourceSeq=581 outputOrdinal=581 codec=jpeg requestedCodec=jpeg h264En=0 codecFallbackReason=none jpegQuality=95 jpegMode=gray jpegBytes=9314 encodeInputChannels=1 flipMs=1.137 resizeMs=0.000 jpegMs=9.535 tcpSendMs=0.085 queueDepth=0 queueWaitMs=0.001 overwritten=0
[Stage0] Display packet #600: platID=1, sensorID=1, targetNumValid=5, timeMs=1.78246e+12
处理实时成像数据...
实时数据更新完成，时间戳=1.78246e+12ms
[CameraControl] mode=lookat targetPlatID=3 targetID=3 relPitch=-4.0764 relYaw=-3.46945 range=19639.4
[Stage6 FrameDiag] frameIndex=1.78246e+12 packet=616 band=MWIR whiteHot=1 displayGain=1 displayOffset=0 noiseEnable=0 noiseSigmaGray=0 route=final_sensor targetVisibleCount=5 targetMappedCount=5 hiddenByTargetNum=0 hiddenByTargetViewValid=0 hiddenByWeaponViewValid=0 beyondFarClip=0 skyVisible=1 cameraHpr=3.46945,-4.0764,0 sensorFovH=0.0999999 sensorFovV=0.0999999 near=1 far=50000
[AnnotationFastPath] enabled=1 frame=600 bboxDue=0 occlusionDue=0 updateProjection=0 reused=1 bboxUpdateHz=10 occlusionUpdateHz=5 reuseLastWhenSkipped=1 drawOverlay=0 jsonPerFrame=1 quietPerfMode=1 bboxUpdateCount=100 bboxReuseCount=500 occlusionUpdateCount=49 occlusionReuseCount=551
[ScenePerfProbe] sourceSeq=600 processRealSceneMs=0.297 targetMappingMs=0.130 cameraControlMs=0.073 stage4Stage5UpdateMs=2.560 shaderInputApplyMs=0.000 annotationComputeMs=0.012 annotationBBoxMs=0.000 annotationOcclusionMs=0.000 annotationJsonMs=0.000 pandaDoFrameMs=19.126 readbackMs=2.092 frameCopyMs=0.718 jpegMs=3.616 readbackMode=EveryFrame copyRamAttached=1 quietPerfMode=1 bboxFastMode=cached_aabb_8corners annotationFastJsonMode=1 annotationOverlayInSensorImage=0 annotationJsonPerFrame=1 bboxUpdateCount=100 bboxReuseCount=500 occlusionUpdateCount=49 occlusionReuseCount=551 targetUpdateCullInvisible=1 targetUpdateTotal=10 targetUpdateVisible=5 targetUpdateSkippedBeyondFar=0 targetUpdateSkippedShaderApply=0
[Stage6 Capture] frameWidth=800 frameHeight=800 tcpWidth=800 tcpHeight=800 renderTextureWidth=800 renderTextureHeight=800 textureCropApplied=0 source=final_sensor channels=RGB8 readbackMode=EveryFrame readbackEveryN=1 copyRamAttached=1 copyRamMode=RTM_copy_ram tcpFrameReused=0 diagnostic_only=0 renderPath=direct_final sourceSeq=600 readbackMs=1.88971 resizeMs=0 frameCopyMs=0.704958 tcpQueueDepth=1 annotationJsonPerFrame=1 annotationOverlayInSensorImage=0
[TcpFramePacket] frame=600 imgBytes=9246 annotationBytes=1796 targets=5 width=800 height=800
[TcpPerf] sourceSeq=600 outputOrdinal=600 codec=jpeg requestedCodec=jpeg h264En=0 codecFallbackReason=none jpegQuality=95 jpegMode=gray jpegBytes=9246 encodeInputChannels=1 flipMs=1.131 resizeMs=0.000 jpegMs=12.755 tcpSendMs=0.075 queueDepth=0 queueWaitMs=0.002 overwritten=0
[SyncFrame] sourceSeq=600 outputOrdinal=600 inputQueueDepth=16 tcpQueueDepth=0 sourceSeqContinuous=1 videoFpsTarget=60.000 frameMs=17.368 latencyMs=348.752 readbackMs=1.890 flipMs=1.131 resizeMs=0.000 jpegMs=12.755 tcpSendMs=0.075 overrun=1 overwritten=0
[Stage6 MTF] sourceSeq=600 enabled=0 effective=0 mode=GaussianSeparable effectiveMode=GaussianSinglePassSeparableWeights sigmaPixels=0.65 radiusPixels=2 passes=1 applyTo=final_display inputSize=800x800 outputSize=800x800 stage6MtfBlurMs=0 stage6MtfBlurScope=render_pass_upper_bound implementation=single_pass_gpu_separable_weights todo=true_two_pass_separable_if_needed
[Stage6 Noise] sourceSeq=600 enabled=0 effective=0 applyTo=final_display position=BeforeAGC temporalEnabled=1 temporalSigma=0.005 fpnEnabled=0 fpnSigma=0.003 columnEnabled=0 columnSigma=0.002 rowEnabled=0 rowSigma=0.001 badPixelEnabled=0 badPixelRatio=0.0001 seed=12345 stage6DetectorNoiseMs=0 stage6DetectorNoiseScope=render_pass_upper_bound implementation=single_pass_gpu_hash_noise
[Stage6 AGC] sourceSeq=600 enabled=0 effective=0 mode=Percentile statsSource=previous_readback updateHz=30 sampleCount=0 lowPercentile=2 highPercentile=98 lowInput=0 highInput=1 gain=1 offset=0 gainSmoothed=1 offsetSmoothed=0 valid=0 fallbackReason=disabled stage6AgcStatsMs=0
[RenderPerfProbe] pandaDoFrameMs=17.205 renderPath=direct_final graphicsOutputCount=1 activeDisplayRegionCount=1 rawPassEnabled=0 finalPassEnabled=1 annotationOverlayEnabled=0 readbackMode=EveryFrame readbackEveryN=1 copyRamAttached=1 copyRamMode=RTM_copy_ram quietPerfMode=1 bboxFastMode=cached_aabb_8corners processRealSceneMs=0.213 targetMappingMs=0.128 cameraControlMs=0.015 stage4Stage5UpdateMs=2.563 shaderInputApplyMs=0.000 readbackMs=1.868 frameCopyMs=0.698 jpegMs=10.573 annotationMs=0.004 annotationBBoxMs=0.000 annotationOcclusionMs=0.000 annotationJsonMs=0.000 annotationTargets=5 bboxUpdateCount=108 bboxReuseCount=540 occlusionUpdateCount=53 occlusionReuseCount=595 targetUpdateCullInvisible=1 targetUpdateTotal=10 targetUpdateVisible=5 targetUpdateSkippedBeyondFar=0 targetUpdateSkippedShaderApply=0
[Perf] mode=sync videoFpsTarget=60.000 udpFps=49.385 renderFps=49.385 outputFps=49.385 sceneUpdateMs=2.271 annotationMs=2.052 irUpdateMs=1.366 irEnvBuildMs=0.007 stage7SkyGroundMs=1.080 platformRadianceMs=0.015 targetRadianceMs=0.075 stage4HotspotMs=1.000 stage5PlumeMs=0.220 stage5RadianceComponentMs=0.859 stage5AeroThermalMs=0.010 stage5ModtranLookupMs=0.000 shaderInputApplyMs=2.104 shaderInputApplyScope=exclusive stage7SkyGroundScope=inclusive stage4HotspotScope=inclusive shaderInputSetCount=745 shaderInputSkipCount=23977 shaderInputCacheHitRate=96.986 stage5ModtranCacheHitCount=0 stage5ModtranCacheMissCount=0 stage7FullUpdateCount=17 stage7PositionOnlyCount=33 stage7SkipCount=0 stage4UpdateCount=48 stage4SkipCount=202 plumeUpdateMs=0.287 renderMs=17.945 stage6MtfBlurMs=0.000 stage6MtfBlurScope=render_pass_upper_bound mtfBlurEnabled=0 mtfBlurSigmaPixels=0.650 mtfBlurRadiusPixels=2 stage6DetectorNoiseMs=0.000 stage6DetectorNoiseScope=render_pass_upper_bound detectorNoiseEnabled=0 temporalNoiseSigmaGray=0.005 fpnSigmaGray=0.003 columnNoiseSigmaGray=0.002 rowNoiseSigmaGray=0.001 badPixelRatio=0.000 noisePosition=BeforeAGC stage6AgcStatsMs=0.000 stage6AgcApplyMs=0.000 agcEnabled=0 agcMode=Percentile agcGain=1.000 agcOffset=0.000 agcLowInput=0.000 agcHighInput=1.000 agcSampleCount=0 readbackMs=1.924 resizeMs=0.000 frameCopyMs=0.720 jpegMs=7.505 tcpSendMs=0.094 tcpQueueDepth=0 tcpQueueDepthMax=1 inputQueueDepth=16 inputQueueDepthMax=16 sourceSeqLag=17 latencyAvgMs=357.309 latencyMaxMs=388.884 syncOverrunCount=259 inputQueueOverflowCount=0 udpFrames=681 renderFrames=663 outputFrames=664
[Perf][WARN] outputFps=49.385 targetFps=60.000 bottleneckSummary=below_60hz irUpdateMs=1.366 stage5ModtranLookupMs=0.000 stage5RadianceComponentMs=0.859 stage5AeroThermalMs=0.010 stage4HotspotMs=1.000 stage7SkyGroundMs=1.080 shaderInputApplyMs=2.104 annotationMs=2.052 renderMs=17.945 stage6MtfBlurMs=0.000 stage6DetectorNoiseMs=0.000 stage6AgcStatsMs=0.000 readbackMs=1.924 jpegMs=7.505 tcpSendMs=0.094 inputQueueDepth=16 sourceSeqLag=17 note=recorderWriteMs_is_reported_by_VideoDisplay_RecorderPerf
[SyncFrame][WARN] inputQueueBackpressure sourceSeq=713 backpressureCount=240 queueDepth=16 queueCapacity=16 action=wait_for_space
[TcpPerf] sourceSeq=697 outputOrdinal=697 codec=jpeg requestedCodec=jpeg h264En=0 codecFallbackReason=none jpegQuality=95 jpegMode=gray jpegBytes=8618 encodeInputChannels=1 flipMs=1.047 resizeMs=0.000 jpegMs=9.391 tcpSendMs=0.080 queueDepth=0 queueWaitMs=0.001 overwritten=0
接收UDP数据，长度：506字节，来自：192.168.1.188:9999 packet=720
解析UDP数据，flag：0x38 packet=720
[Stage0] Display packet #720: platID=1, sensorID=1, targetNumValid=5, timeMs=1.78246e+12
处理实时成像数据...
实时数据更新完成，时间戳=1.78246e+12ms
[Stage5 PlumePerf] plumeNodeCount=16 visiblePlumeCount=2 textureLoadCountThisFrame=0 updateHz=30 updatePlumeMs=0.2789 updatePlumeMsMax=0.423499 perfBudgetMs=1
[TargetUpdateCull] enabled=1 total=10 visible=5 skippedBeyondFar=0 skippedShaderApply=0 shaderInputApplyMs=1.66425 stage4Stage5UpdateMs=2.76558
[CameraControl] mode=lookat targetPlatID=3 targetID=34 relPitch=-6.19815 relYaw=-2.7963 range=19094.3
[Stage6 FrameDiag] frameIndex=1.78246e+12 packet=736 band=MWIR whiteHot=1 displayGain=1 displayOffset=0 noiseEnable=0 noiseSigmaGray=0 route=final_sensor targetVisibleCount=5 targetMappedCount=5 hiddenByTargetNum=0 hiddenByTargetViewValid=0 hiddenByWeaponViewValid=0 beyondFarClip=0 skyVisible=1 cameraHpr=2.7963,-6.19815,0 sensorFovH=0.0999999 sensorFovV=0.0999999 near=1 far=50000
[AnnotationFastPath] enabled=1 frame=720 bboxDue=0 occlusionDue=0 updateProjection=0 reused=1 bboxUpdateHz=10 occlusionUpdateHz=5 reuseLastWhenSkipped=1 drawOverlay=0 jsonPerFrame=1 quietPerfMode=1 bboxUpdateCount=120 bboxReuseCount=600 occlusionUpdateCount=59 occlusionReuseCount=661
[ScenePerfProbe] sourceSeq=720 processRealSceneMs=0.307 targetMappingMs=0.136 cameraControlMs=0.070 stage4Stage5UpdateMs=2.249 shaderInputApplyMs=0.000 annotationComputeMs=0.012 annotationBBoxMs=0.000 annotationOcclusionMs=0.000 annotationJsonMs=0.000 pandaDoFrameMs=16.967 readbackMs=1.914 frameCopyMs=0.685 jpegMs=9.055 readbackMode=EveryFrame copyRamAttached=1 quietPerfMode=1 bboxFastMode=cached_aabb_8corners annotationFastJsonMode=1 annotationOverlayInSensorImage=0 annotationJsonPerFrame=1 bboxUpdateCount=120 bboxReuseCount=600 occlusionUpdateCount=59 occlusionReuseCount=661 targetUpdateCullInvisible=1 targetUpdateTotal=10 targetUpdateVisible=5 targetUpdateSkippedBeyondFar=0 targetUpdateSkippedShaderApply=0
[Stage6 Capture] frameWidth=800 frameHeight=800 tcpWidth=800 tcpHeight=800 renderTextureWidth=800 renderTextureHeight=800 textureCropApplied=0 source=final_sensor channels=RGB8 readbackMode=EveryFrame readbackEveryN=1 copyRamAttached=1 copyRamMode=RTM_copy_ram tcpFrameReused=0 diagnostic_only=0 renderPath=direct_final sourceSeq=720 readbackMs=1.92413 resizeMs=0 frameCopyMs=0.693292 tcpQueueDepth=1 annotationJsonPerFrame=1 annotationOverlayInSensorImage=0
[Stage5 Plume] targetType=0x22 targetPlatID=3 targetID=3 platform=AIM120D engineState=1 band=MWIR coreEnabled=1 haloEnabled=1 coreTempK=1800 haloTempK=1100 coreGray=1 haloGray=0.789749 coreOpacity=1 haloOpacity=0.405 coreVisible=1 haloVisible=1
[TcpFramePacket] frame=720 imgBytes=8788 annotationBytes=1796 targets=5 width=800 height=800
[TcpPerf] sourceSeq=720 outputOrdinal=720 codec=jpeg requestedCodec=jpeg h264En=0 codecFallbackReason=none jpegQuality=95 jpegMode=gray jpegBytes=8788 encodeInputChannels=1 flipMs=2.166 resizeMs=0.000 jpegMs=7.931 tcpSendMs=0.150 queueDepth=0 queueWaitMs=0.001 overwritten=0
[SyncFrame] sourceSeq=720 outputOrdinal=720 inputQueueDepth=16 tcpQueueDepth=0 sourceSeqContinuous=1 videoFpsTarget=60.000 frameMs=13.630 latencyMs=349.056 readbackMs=1.924 flipMs=2.166 resizeMs=0.000 jpegMs=7.931 tcpSendMs=0.150 overrun=0 overwritten=0
[Stage6 MTF] sourceSeq=720 enabled=0 effective=0 mode=GaussianSeparable effectiveMode=GaussianSinglePassSeparableWeights sigmaPixels=0.65 radiusPixels=2 passes=1 applyTo=final_display inputSize=800x800 outputSize=800x800 stage6MtfBlurMs=0 stage6MtfBlurScope=render_pass_upper_bound implementation=single_pass_gpu_separable_weights todo=true_two_pass_separable_if_needed
[Stage6 Noise] sourceSeq=720 enabled=0 effective=0 applyTo=final_display position=BeforeAGC temporalEnabled=1 temporalSigma=0.005 fpnEnabled=0 fpnSigma=0.003 columnEnabled=0 columnSigma=0.002 rowEnabled=0 rowSigma=0.001 badPixelEnabled=0 badPixelRatio=0.0001 seed=12345 stage6DetectorNoiseMs=0 stage6DetectorNoiseScope=render_pass_upper_bound implementation=single_pass_gpu_hash_noise
[Stage6 AGC] sourceSeq=720 enabled=0 effective=0 mode=Percentile statsSource=previous_readback updateHz=30 sampleCount=0 lowPercentile=2 highPercentile=98 lowInput=0 highInput=1 gain=1 offset=0 gainSmoothed=1 offsetSmoothed=0 valid=0 fallbackReason=disabled stage6AgcStatsMs=0
[Stage7 Weather] reason=runtime envSky=0 weatherName=Clear visibilityM=6000 humidity=85 windV=8 windDir=30 cloudCoverage=0 fogDensity=0 precipitationType=none sunDirectScale=1 skyDiffuseScale=1 targetContrastScale=1 source=UDP+weather_profiles+RuntimeConfig
[Stage7 CloudLayer] enabled=0 texture=Config/Weather/Textures/cloud_few.png textureFound=1 coverage=0 opacity=0 temperatureK=255 band=MWIR cloudGray=0.385455
[Stage7 Fog] enabled=0 visibilityM=6000 fogDensity=0 fogGray=0.45 targetContrastScale=1
[Stage7 Precipitation] enabled=0 type=none density=0 speed=0 windV=8 windDir=30 maxHeight=0 transHeight=0
[Stage7 PrecipitationOverlay] mode=ScreenOverlay active=0 type=none density=0 sensorFovDeg=0.0999999 pattern=screen_sparse_low_contrast giantVerticalBars=0 sameOutput=1
[Stage7 Perf] weatherNodeCount=0 cloudNodeCount=0 precipitationNodeCount=0 textureLoadCountThisFrame=0 updateWeatherNodesMs=0.001167 totalWeatherMs=0.009042 precipitationMode=ScreenOverlay
[Perf] mode=sync videoFpsTarget=60.000 udpFps=49.857 renderFps=49.857 outputFps=49.857 sceneUpdateMs=1.931 annotationMs=1.708 irUpdateMs=1.279 irEnvBuildMs=0.006 stage7SkyGroundMs=0.654 platformRadianceMs=0.013 targetRadianceMs=0.068 stage4HotspotMs=0.814 stage5PlumeMs=0.235 stage5RadianceComponentMs=0.706 stage5AeroThermalMs=0.008 stage5ModtranLookupMs=0.000 shaderInputApplyMs=1.664 shaderInputApplyScope=exclusive stage7SkyGroundScope=inclusive stage4HotspotScope=inclusive shaderInputSetCount=695 shaderInputSkipCount=24027 shaderInputCacheHitRate=97.189 stage5ModtranCacheHitCount=0 stage5ModtranCacheMissCount=0 stage7FullUpdateCount=17 stage7PositionOnlyCount=33 stage7SkipCount=0 stage4UpdateCount=11 stage4SkipCount=239 plumeUpdateMs=0.259 renderMs=17.984 stage6MtfBlurMs=0.000 stage6MtfBlurScope=render_pass_upper_bound mtfBlurEnabled=0 mtfBlurSigmaPixels=0.650 mtfBlurRadiusPixels=2 stage6DetectorNoiseMs=0.000 stage6DetectorNoiseScope=render_pass_upper_bound detectorNoiseEnabled=0 temporalNoiseSigmaGray=0.005 fpnSigmaGray=0.003 columnNoiseSigmaGray=0.002 rowNoiseSigmaGray=0.001 badPixelRatio=0.000 noisePosition=BeforeAGC stage6AgcStatsMs=0.000 stage6AgcApplyMs=0.000 agcEnabled=0 agcMode=Percentile agcGain=1.000 agcOffset=0.000 agcLowInput=0.000 agcHighInput=1.000 agcSampleCount=0 readbackMs=1.931 resizeMs=0.000 frameCopyMs=0.712 jpegMs=7.073 tcpSendMs=0.125 tcpQueueDepth=0 tcpQueueDepthMax=1 inputQueueDepth=16 inputQueueDepthMax=16 sourceSeqLag=17 latencyAvgMs=357.240 latencyMaxMs=386.272 syncOverrunCount=367 inputQueueOverflowCount=0 udpFrames=781 renderFrames=763 outputFrames=764
[Perf][WARN] outputFps=49.857 targetFps=60.000 bottleneckSummary=below_60hz irUpdateMs=1.279 stage5ModtranLookupMs=0.000 stage5RadianceComponentMs=0.706 stage5AeroThermalMs=0.008 stage4HotspotMs=0.814 stage7SkyGroundMs=0.654 shaderInputApplyMs=1.664 annotationMs=1.708 renderMs=17.984 stage6MtfBlurMs=0.000 stage6DetectorNoiseMs=0.000 stage6AgcStatsMs=0.000 readbackMs=1.931 jpegMs=7.073 tcpSendMs=0.125 inputQueueDepth=16 sourceSeqLag=17 note=recorderWriteMs_is_reported_by_VideoDisplay_RecorderPerf
[RenderPerfProbe] pandaDoFrameMs=18.954 renderPath=direct_final graphicsOutputCount=1 activeDisplayRegionCount=1 rawPassEnabled=0 finalPassEnabled=1 annotationOverlayEnabled=0 readbackMode=EveryFrame readbackEveryN=1 copyRamAttached=1 copyRamMode=RTM_copy_ram quietPerfMode=1 bboxFastMode=cached_aabb_8corners processRealSceneMs=0.220 targetMappingMs=0.135 cameraControlMs=0.014 stage4Stage5UpdateMs=2.269 shaderInputApplyMs=0.000 readbackMs=1.923 frameCopyMs=0.694 jpegMs=8.886 annotationMs=0.003 annotationBBoxMs=0.000 annotationOcclusionMs=0.000 annotationJsonMs=0.000 annotationTargets=5 bboxUpdateCount=128 bboxReuseCount=640 occlusionUpdateCount=63 occlusionReuseCount=705 targetUpdateCullInvisible=1 targetUpdateTotal=10 targetUpdateVisible=5 targetUpdateSkippedBeyondFar=0 targetUpdateSkippedShaderApply=0
[Stage7 3DSkyGround] reason=runtime enable=1 band=MWIR envTerrain=0 envSky=0 skyGrayRaw=0.65 groundGrayRaw=0.35 skyGrayFinal=0.65 groundGrayFinal=0.35 skyGray=0.65 groundGray=0.35 skyDome=1 lowerShell=1 groundPlane=0 source=env+band_default
[Stage7 Debug] mode=Off skyVisible=1 groundVisible=1 forcedSkyGray=NA forcedGroundGray=NA
[Stage7 Real3DBackground] skyDome=1 lowerShell=1 flatGroundPlane=0 cameraPos=-20.6097,2098.41,21.8049 backgroundMode=real_3d
[Stage7 GroundReference] mode=reference_zero groundZOffset=0 finalGroundReferenceZ=0
[Stage7 SkyDomeDiag] cameraPos=-20.6097,2098.41,21.8049 skyDomePos=-20.6097,2098.41,21.8049 farClipM=50000 skyRadius=42500 radius=42500 radiusSource=farClip_scaled radiusLessThanFarClip=1 twoSided=1 depthWrite=0 depthTest=0
[Stage7 GroundDiag] groundPos=-20.6097,2098.41,21.8049 farClipM=50000 groundSize=42500 lowerShellRadius=42500 groundZOffset=0 envTerrain=0 groundGray=0.35
[SyncFrame][WARN] inputQueueBackpressure sourceSeq=833 backpressureCount=360 queueDepth=16 queueCapacity=16 action=wait_for_space
接收UDP数据，长度：506字节，来自：192.168.1.188:9999 packet=840
解析UDP数据，flag：0x38 packet=840
[TcpPerf] sourceSeq=819 outputOrdinal=819 codec=jpeg requestedCodec=jpeg h264En=0 codecFallbackReason=none jpegQuality=95 jpegMode=gray jpegBytes=9549 encodeInputChannels=1 flipMs=2.251 resizeMs=0.000 jpegMs=8.275 tcpSendMs=0.148 queueDepth=0 queueWaitMs=0.001 overwritten=0
[Stage0] Display packet #840: platID=1, sensorID=1, targetNumValid=5, timeMs=1.78246e+12
处理实时成像数据...
实时数据更新完成，时间戳=1.78246e+12ms
[CameraControl] mode=lookat targetPlatID=3 targetID=34 relPitch=-6.06287 relYaw=-2.1327 range=18542.9
[Stage6 FrameDiag] frameIndex=1.78246e+12 packet=856 band=MWIR whiteHot=1 displayGain=1 displayOffset=0 noiseEnable=0 noiseSigmaGray=0 route=final_sensor targetVisibleCount=5 targetMappedCount=5 hiddenByTargetNum=0 hiddenByTargetViewValid=0 hiddenByWeaponViewValid=0 beyondFarClip=0 skyVisible=1 cameraHpr=2.1327,-6.06287,0 sensorFovH=0.0999999 sensorFovV=0.0999999 near=1 far=50000
[AnnotationFastPath] enabled=1 frame=840 bboxDue=0 occlusionDue=0 updateProjection=0 reused=1 bboxUpdateHz=10 occlusionUpdateHz=5 reuseLastWhenSkipped=1 drawOverlay=0 jsonPerFrame=1 quietPerfMode=1 bboxUpdateCount=140 bboxReuseCount=700 occlusionUpdateCount=69 occlusionReuseCount=771
[ScenePerfProbe] sourceSeq=840 processRealSceneMs=0.314 targetMappingMs=0.137 cameraControlMs=0.073 stage4Stage5UpdateMs=2.169 shaderInputApplyMs=0.000 annotationComputeMs=0.011 annotationBBoxMs=0.000 annotationOcclusionMs=0.000 annotationJsonMs=0.000 pandaDoFrameMs=16.923 readbackMs=1.877 frameCopyMs=0.684 jpegMs=8.959 readbackMode=EveryFrame copyRamAttached=1 quietPerfMode=1 bboxFastMode=cached_aabb_8corners annotationFastJsonMode=1 annotationOverlayInSensorImage=0 annotationJsonPerFrame=1 bboxUpdateCount=140 bboxReuseCount=700 occlusionUpdateCount=69 occlusionReuseCount=771 targetUpdateCullInvisible=1 targetUpdateTotal=10 targetUpdateVisible=5 targetUpdateSkippedBeyondFar=0 targetUpdateSkippedShaderApply=0
[Stage6 Capture] frameWidth=800 frameHeight=800 tcpWidth=800 tcpHeight=800 renderTextureWidth=800 renderTextureHeight=800 textureCropApplied=0 source=final_sensor channels=RGB8 readbackMode=EveryFrame readbackEveryN=1 copyRamAttached=1 copyRamMode=RTM_copy_ram tcpFrameReused=0 diagnostic_only=0 renderPath=direct_final sourceSeq=840 readbackMs=1.87658 resizeMs=0 frameCopyMs=0.711375 tcpQueueDepth=1 annotationJsonPerFrame=1 annotationOverlayInSensorImage=0
[Stage5 Plume] targetType=0x22 targetPlatID=3 targetID=3 platform=AIM120D engineState=1 band=MWIR coreEnabled=1 haloEnabled=1 coreTempK=1800 haloTempK=1100 coreGray=1 haloGray=0.789749 coreOpacity=1 haloOpacity=0.405 coreVisible=1 haloVisible=1
[TcpFramePacket] frame=840 imgBytes=9607 annotationBytes=1796 targets=5 width=800 height=800
[TcpPerf] sourceSeq=840 outputOrdinal=840 codec=jpeg requestedCodec=jpeg h264En=0 codecFallbackReason=none jpegQuality=95 jpegMode=gray jpegBytes=9607 encodeInputChannels=1 flipMs=2.120 resizeMs=0.000 jpegMs=7.867 tcpSendMs=0.146 queueDepth=0 queueWaitMs=0.001 overwritten=0
[SyncFrame] sourceSeq=840 outputOrdinal=840 inputQueueDepth=16 tcpQueueDepth=0 sourceSeqContinuous=1 videoFpsTarget=60.000 frameMs=13.514 latencyMs=350.154 readbackMs=1.877 flipMs=2.120 resizeMs=0.000 jpegMs=7.867 tcpSendMs=0.146 overrun=0 overwritten=0
[Stage6 MTF] sourceSeq=840 enabled=0 effective=0 mode=GaussianSeparable effectiveMode=GaussianSinglePassSeparableWeights sigmaPixels=0.65 radiusPixels=2 passes=1 applyTo=final_display inputSize=800x800 outputSize=800x800 stage6MtfBlurMs=0 stage6MtfBlurScope=render_pass_upper_bound implementation=single_pass_gpu_separable_weights todo=true_two_pass_separable_if_needed
[Stage6 Noise] sourceSeq=840 enabled=0 effective=0 applyTo=final_display position=BeforeAGC temporalEnabled=1 temporalSigma=0.005 fpnEnabled=0 fpnSigma=0.003 columnEnabled=0 columnSigma=0.002 rowEnabled=0 rowSigma=0.001 badPixelEnabled=0 badPixelRatio=0.0001 seed=12345 stage6DetectorNoiseMs=0 stage6DetectorNoiseScope=render_pass_upper_bound implementation=single_pass_gpu_hash_noise
[Stage6 AGC] sourceSeq=840 enabled=0 effective=0 mode=Percentile statsSource=previous_readback updateHz=30 sampleCount=0 lowPercentile=2 highPercentile=98 lowInput=0 highInput=1 gain=1 offset=0 gainSmoothed=1 offsetSmoothed=0 valid=0 fallbackReason=disabled stage6AgcStatsMs=0
[Perf] mode=sync videoFpsTarget=60.000 udpFps=48.915 renderFps=48.915 outputFps=48.915 sceneUpdateMs=2.409 annotationMs=2.181 irUpdateMs=1.197 irEnvBuildMs=0.005 stage7SkyGroundMs=0.677 platformRadianceMs=0.015 targetRadianceMs=0.068 stage4HotspotMs=0.853 stage5PlumeMs=0.257 stage5RadianceComponentMs=0.743 stage5AeroThermalMs=0.010 stage5ModtranLookupMs=0.000 shaderInputApplyMs=1.643 shaderInputApplyScope=exclusive stage7SkyGroundScope=inclusive stage4HotspotScope=inclusive shaderInputSetCount=654 shaderInputSkipCount=23464 shaderInputCacheHitRate=97.288 stage5ModtranCacheHitCount=0 stage5ModtranCacheMissCount=0 stage7FullUpdateCount=16 stage7PositionOnlyCount=33 stage7SkipCount=0 stage4UpdateCount=1 stage4SkipCount=244 plumeUpdateMs=0.253 renderMs=17.945 stage6MtfBlurMs=0.000 stage6MtfBlurScope=render_pass_upper_bound mtfBlurEnabled=0 mtfBlurSigmaPixels=0.650 mtfBlurRadiusPixels=2 stage6DetectorNoiseMs=0.000 stage6DetectorNoiseScope=render_pass_upper_bound detectorNoiseEnabled=0 temporalNoiseSigmaGray=0.005 fpnSigmaGray=0.003 columnNoiseSigmaGray=0.002 rowNoiseSigmaGray=0.001 badPixelRatio=0.000 noisePosition=BeforeAGC stage6AgcStatsMs=0.000 stage6AgcApplyMs=0.000 agcEnabled=0 agcMode=Percentile agcGain=1.000 agcOffset=0.000 agcLowInput=0.000 agcHighInput=1.000 agcSampleCount=0 readbackMs=1.916 resizeMs=0.000 frameCopyMs=0.703 jpegMs=8.356 tcpSendMs=0.165 tcpQueueDepth=0 tcpQueueDepthMax=1 inputQueueDepth=16 inputQueueDepthMax=16 sourceSeqLag=17 latencyAvgMs=362.002 latencyMaxMs=382.101 syncOverrunCount=473 inputQueueOverflowCount=0 udpFrames=879 renderFrames=861 outputFrames=862
[Perf][WARN] outputFps=48.915 targetFps=60.000 bottleneckSummary=below_60hz irUpdateMs=1.197 stage5ModtranLookupMs=0.000 stage5RadianceComponentMs=0.743 stage5AeroThermalMs=0.010 stage4HotspotMs=0.853 stage7SkyGroundMs=0.677 shaderInputApplyMs=1.643 annotationMs=2.181 renderMs=17.945 stage6MtfBlurMs=0.000 stage6DetectorNoiseMs=0.000 stage6AgcStatsMs=0.000 readbackMs=1.916 jpegMs=8.356 tcpSendMs=0.165 inputQueueDepth=16 sourceSeqLag=17 note=recorderWriteMs_is_reported_by_VideoDisplay_RecorderPerf
[AnnotationCollisionCache] platform=AIM120D targetID=3 built=0 reused=1 triangles=1532 solids=1532
[RenderPerfProbe] pandaDoFrameMs=18.683 renderPath=direct_final graphicsOutputCount=1 activeDisplayRegionCount=1 rawPassEnabled=0 finalPassEnabled=1 annotationOverlayEnabled=0 readbackMode=EveryFrame readbackEveryN=1 copyRamAttached=1 copyRamMode=RTM_copy_ram quietPerfMode=1 bboxFastMode=cached_aabb_8corners processRealSceneMs=0.217 targetMappingMs=0.132 cameraControlMs=0.015 stage4Stage5UpdateMs=2.327 shaderInputApplyMs=0.000 readbackMs=1.898 frameCopyMs=0.689 jpegMs=7.794 annotationMs=0.003 annotationBBoxMs=0.000 annotationOcclusionMs=0.000 annotationJsonMs=0.000 annotationTargets=5 bboxUpdateCount=148 bboxReuseCount=740 occlusionUpdateCount=73 occlusionReuseCount=815 targetUpdateCullInvisible=1 targetUpdateTotal=10 targetUpdateVisible=5 targetUpdateSkippedBeyondFar=0 targetUpdateSkippedShaderApply=0
[SyncFrame][WARN] inputQueueBackpressure sourceSeq=953 backpressureCount=480 queueDepth=16 queueCapacity=16 action=wait_for_space
[TcpPerf] sourceSeq=938 outputOrdinal=938 codec=jpeg requestedCodec=jpeg h264En=0 codecFallbackReason=none jpegQuality=95 jpegMode=gray jpegBytes=9640 encodeInputChannels=1 flipMs=2.062 resizeMs=0.000 jpegMs=8.613 tcpSendMs=0.158 queueDepth=0 queueWaitMs=0.001 overwritten=0
接收UDP数据，长度：506字节，来自：192.168.1.188:9999 packet=960
解析UDP数据，flag：0x38 packet=960
[Stage0] Display packet #960: platID=1, sensorID=1, targetNumValid=5, timeMs=1.78246e+12
处理实时成像数据...
实时数据更新完成，时间戳=1.78246e+12ms
[Stage5 PlumePerf] plumeNodeCount=16 visiblePlumeCount=2 textureLoadCountThisFrame=0 updateHz=30 updatePlumeMs=0.256356 updatePlumeMsMax=0.426708 perfBudgetMs=1
[TargetUpdateCull] enabled=1 total=10 visible=5 skippedBeyondFar=0 skippedShaderApply=0 shaderInputApplyMs=1.61437 stage4Stage5UpdateMs=2.72942
[CameraControl] mode=lookat targetPlatID=3 targetID=34 relPitch=-8.18077 relYaw=-1.50658 range=17985.1
[Stage6 FrameDiag] frameIndex=1.78246e+12 packet=976 band=MWIR whiteHot=1 displayGain=1 displayOffset=0 noiseEnable=0 noiseSigmaGray=0 route=final_sensor targetVisibleCount=5 targetMappedCount=5 hiddenByTargetNum=0 hiddenByTargetViewValid=0 hiddenByWeaponViewValid=0 beyondFarClip=0 skyVisible=1 cameraHpr=1.50658,-8.18077,0 sensorFovH=0.0999999 sensorFovV=0.0999999 near=1 far=50000
[AnnotationFastPath] enabled=1 frame=960 bboxDue=0 occlusionDue=0 updateProjection=0 reused=1 bboxUpdateHz=10 occlusionUpdateHz=5 reuseLastWhenSkipped=1 drawOverlay=0 jsonPerFrame=1 quietPerfMode=1 bboxUpdateCount=160 bboxReuseCount=800 occlusionUpdateCount=79 occlusionReuseCount=881
[ScenePerfProbe] sourceSeq=960 processRealSceneMs=0.311 targetMappingMs=0.138 cameraControlMs=0.074 stage4Stage5UpdateMs=2.032 shaderInputApplyMs=0.000 annotationComputeMs=0.011 annotationBBoxMs=0.000 annotationOcclusionMs=0.000 annotationJsonMs=0.000 pandaDoFrameMs=16.975 readbackMs=2.088 frameCopyMs=0.684 jpegMs=9.116 readbackMode=EveryFrame copyRamAttached=1 quietPerfMode=1 bboxFastMode=cached_aabb_8corners annotationFastJsonMode=1 annotationOverlayInSensorImage=0 annotationJsonPerFrame=1 bboxUpdateCount=160 bboxReuseCount=800 occlusionUpdateCount=79 occlusionReuseCount=881 targetUpdateCullInvisible=1 targetUpdateTotal=10 targetUpdateVisible=5 targetUpdateSkippedBeyondFar=0 targetUpdateSkippedShaderApply=0
[Stage6 Capture] frameWidth=800 frameHeight=800 tcpWidth=800 tcpHeight=800 renderTextureWidth=800 renderTextureHeight=800 textureCropApplied=0 source=final_sensor channels=RGB8 readbackMode=EveryFrame readbackEveryN=1 copyRamAttached=1 copyRamMode=RTM_copy_ram tcpFrameReused=0 diagnostic_only=0 renderPath=direct_final sourceSeq=960 readbackMs=1.92063 resizeMs=0 frameCopyMs=0.687458 tcpQueueDepth=1 annotationJsonPerFrame=1 annotationOverlayInSensorImage=0
[Stage5 Plume] targetType=0x22 targetPlatID=3 targetID=3 platform=AIM120D engineState=1 band=MWIR coreEnabled=1 haloEnabled=1 coreTempK=1800 haloTempK=1100 coreGray=1 haloGray=0.789749 coreOpacity=1 haloOpacity=0.405 coreVisible=1 haloVisible=1
[TcpFramePacket] frame=960 imgBytes=9607 annotationBytes=1796 targets=5 width=800 height=800
[TcpPerf] sourceSeq=960 outputOrdinal=960 codec=jpeg requestedCodec=jpeg h264En=0 codecFallbackReason=none jpegQuality=95 jpegMode=gray jpegBytes=9607 encodeInputChannels=1 flipMs=2.104 resizeMs=0.000 jpegMs=8.199 tcpSendMs=0.155 queueDepth=0 queueWaitMs=0.001 overwritten=0
[SyncFrame] sourceSeq=960 outputOrdinal=960 inputQueueDepth=16 tcpQueueDepth=0 sourceSeqContinuous=1 videoFpsTarget=60.000 frameMs=13.929 latencyMs=339.422 readbackMs=1.921 flipMs=2.104 resizeMs=0.000 jpegMs=8.199 tcpSendMs=0.155 overrun=0 overwritten=0
[Stage6 MTF] sourceSeq=960 enabled=0 effective=0 mode=GaussianSeparable effectiveMode=GaussianSinglePassSeparableWeights sigmaPixels=0.65 radiusPixels=2 passes=1 applyTo=final_display inputSize=800x800 outputSize=800x800 stage6MtfBlurMs=0 stage6MtfBlurScope=render_pass_upper_bound implementation=single_pass_gpu_separable_weights todo=true_two_pass_separable_if_needed
[Stage6 Noise] sourceSeq=960 enabled=0 effective=0 applyTo=final_display position=BeforeAGC temporalEnabled=1 temporalSigma=0.005 fpnEnabled=0 fpnSigma=0.003 columnEnabled=0 columnSigma=0.002 rowEnabled=0 rowSigma=0.001 badPixelEnabled=0 badPixelRatio=0.0001 seed=12345 stage6DetectorNoiseMs=0 stage6DetectorNoiseScope=render_pass_upper_bound implementation=single_pass_gpu_hash_noise
[Stage6 AGC] sourceSeq=960 enabled=0 effective=0 mode=Percentile statsSource=previous_readback updateHz=30 sampleCount=0 lowPercentile=2 highPercentile=98 lowInput=0 highInput=1 gain=1 offset=0 gainSmoothed=1 offsetSmoothed=0 valid=0 fallbackReason=disabled stage6AgcStatsMs=0
[Perf] mode=sync videoFpsTarget=60.000 udpFps=48.877 renderFps=48.877 outputFps=48.877 sceneUpdateMs=2.389 annotationMs=2.165 irUpdateMs=1.138 irEnvBuildMs=0.005 stage7SkyGroundMs=0.692 platformRadianceMs=0.015 targetRadianceMs=0.070 stage4HotspotMs=0.740 stage5PlumeMs=0.255 stage5RadianceComponentMs=0.628 stage5AeroThermalMs=0.010 stage5ModtranLookupMs=0.000 shaderInputApplyMs=1.577 shaderInputApplyScope=exclusive stage7SkyGroundScope=inclusive stage4HotspotScope=inclusive shaderInputSetCount=579 shaderInputSkipCount=23539 shaderInputCacheHitRate=97.599 stage5ModtranCacheHitCount=0 stage5ModtranCacheMissCount=0 stage7FullUpdateCount=16 stage7PositionOnlyCount=33 stage7SkipCount=0 stage4UpdateCount=0 stage4SkipCount=245 plumeUpdateMs=0.260 renderMs=17.969 stage6MtfBlurMs=0.000 stage6MtfBlurScope=render_pass_upper_bound mtfBlurEnabled=0 mtfBlurSigmaPixels=0.650 mtfBlurRadiusPixels=2 stage6DetectorNoiseMs=0.000 stage6DetectorNoiseScope=render_pass_upper_bound detectorNoiseEnabled=0 temporalNoiseSigmaGray=0.005 fpnSigmaGray=0.003 columnNoiseSigmaGray=0.002 rowNoiseSigmaGray=0.001 badPixelRatio=0.000 noisePosition=BeforeAGC stage6AgcStatsMs=0.000 stage6AgcApplyMs=0.000 agcEnabled=0 agcMode=Percentile agcGain=1.000 agcOffset=0.000 agcLowInput=0.000 agcHighInput=1.000 agcSampleCount=0 readbackMs=1.935 resizeMs=0.000 frameCopyMs=0.708 jpegMs=8.367 tcpSendMs=0.167 tcpQueueDepth=0 tcpQueueDepthMax=1 inputQueueDepth=16 inputQueueDepthMax=16 sourceSeqLag=17 latencyAvgMs=359.562 latencyMaxMs=383.717 syncOverrunCount=581 inputQueueOverflowCount=0 udpFrames=978 renderFrames=960 outputFrames=961
[Perf][WARN] outputFps=48.877 targetFps=60.000 bottleneckSummary=below_60hz irUpdateMs=1.138 stage5ModtranLookupMs=0.000 stage5RadianceComponentMs=0.628 stage5AeroThermalMs=0.010 stage4HotspotMs=0.740 stage7SkyGroundMs=0.692 shaderInputApplyMs=1.577 annotationMs=2.165 renderMs=17.969 stage6MtfBlurMs=0.000 stage6DetectorNoiseMs=0.000 stage6AgcStatsMs=0.000 readbackMs=1.935 jpegMs=8.367 tcpSendMs=0.167 inputQueueDepth=16 sourceSeqLag=17 note=recorderWriteMs_is_reported_by_VideoDisplay_RecorderPerf
[RenderPerfProbe] pandaDoFrameMs=20.456 renderPath=direct_final graphicsOutputCount=1 activeDisplayRegionCount=1 rawPassEnabled=0 finalPassEnabled=1 annotationOverlayEnabled=0 readbackMode=EveryFrame readbackEveryN=1 copyRamAttached=1 copyRamMode=RTM_copy_ram quietPerfMode=1 bboxFastMode=cached_aabb_8corners processRealSceneMs=0.222 targetMappingMs=0.133 cameraControlMs=0.016 stage4Stage5UpdateMs=2.111 shaderInputApplyMs=0.000 readbackMs=1.923 frameCopyMs=0.696 jpegMs=8.226 annotationMs=0.004 annotationBBoxMs=0.000 annotationOcclusionMs=0.000 annotationJsonMs=0.000 annotationTargets=5 bboxUpdateCount=168 bboxReuseCount=840 occlusionUpdateCount=83 occlusionReuseCount=925 targetUpdateCullInvisible=1 targetUpdateTotal=10 targetUpdateVisible=5 targetUpdateSkippedBeyondFar=0 targetUpdateSkippedShaderApply=0
[SyncFrame][WARN] inputQueueBackpressure sourceSeq=1073 backpressureCount=600 queueDepth=16 queueCapacity=16 action=wait_for_space
接收UDP数据，长度：506字节，来自：192.168.1.188:9999 packet=1080
解析UDP数据，flag：0x38 packet=1080
[TcpPerf] sourceSeq=1060 outputOrdinal=1060 codec=jpeg requestedCodec=jpeg h264En=0 codecFallbackReason=none jpegQuality=95 jpegMode=gray jpegBytes=8815 encodeInputChannels=1 flipMs=2.210 resizeMs=0.000 jpegMs=8.029 tcpSendMs=0.242 queueDepth=0 queueWaitMs=0.001 overwritten=0
[Perf] mode=sync videoFpsTarget=60.000 udpFps=50.183 renderFps=50.183 outputFps=50.183 sceneUpdateMs=2.036 annotationMs=1.810 irUpdateMs=1.140 irEnvBuildMs=0.006 stage7SkyGroundMs=0.703 platformRadianceMs=0.015 targetRadianceMs=0.067 stage4HotspotMs=0.686 stage5PlumeMs=0.246 stage5RadianceComponentMs=0.575 stage5AeroThermalMs=0.010 stage5ModtranLookupMs=0.000 shaderInputApplyMs=1.492 shaderInputApplyScope=exclusive stage7SkyGroundScope=inclusive stage4HotspotScope=inclusive shaderInputSetCount=595 shaderInputSkipCount=24565 shaderInputCacheHitRate=97.635 stage5ModtranCacheHitCount=0 stage5ModtranCacheMissCount=0 stage7FullUpdateCount=17 stage7PositionOnlyCount=34 stage7SkipCount=0 stage4UpdateCount=0 stage4SkipCount=255 plumeUpdateMs=0.253 renderMs=17.793 stage6MtfBlurMs=0.000 stage6MtfBlurScope=render_pass_upper_bound mtfBlurEnabled=0 mtfBlurSigmaPixels=0.650 mtfBlurRadiusPixels=2 stage6DetectorNoiseMs=0.000 stage6DetectorNoiseScope=render_pass_upper_bound detectorNoiseEnabled=0 temporalNoiseSigmaGray=0.005 fpnSigmaGray=0.003 columnNoiseSigmaGray=0.002 rowNoiseSigmaGray=0.001 badPixelRatio=0.000 noisePosition=BeforeAGC stage6AgcStatsMs=0.000 stage6AgcApplyMs=0.000 agcEnabled=0 agcMode=Percentile agcGain=1.000 agcOffset=0.000 agcLowInput=0.000 agcHighInput=1.000 agcSampleCount=0 readbackMs=1.922 resizeMs=0.000 frameCopyMs=0.712 jpegMs=8.327 tcpSendMs=0.163 tcpQueueDepth=0 tcpQueueDepthMax=1 inputQueueDepth=16 inputQueueDepthMax=16 sourceSeqLag=17 latencyAvgMs=355.474 latencyMaxMs=375.235 syncOverrunCount=690 inputQueueOverflowCount=0 udpFrames=1079 renderFrames=1061 outputFrames=1062
[Perf][WARN] outputFps=50.183 targetFps=60.000 bottleneckSummary=below_60hz irUpdateMs=1.140 stage5ModtranLookupMs=0.000 stage5RadianceComponentMs=0.575 stage5AeroThermalMs=0.010 stage4HotspotMs=0.686 stage7SkyGroundMs=0.703 shaderInputApplyMs=1.492 annotationMs=1.810 renderMs=17.793 stage6MtfBlurMs=0.000 stage6DetectorNoiseMs=0.000 stage6AgcStatsMs=0.000 readbackMs=1.922 jpegMs=8.327 tcpSendMs=0.163 inputQueueDepth=16 sourceSeqLag=17 note=recorderWriteMs_is_reported_by_VideoDisplay_RecorderPerf
[Stage0] Display packet #1080: platID=1, sensorID=1, targetNumValid=5, timeMs=1.78246e+12
处理实时成像数据...
实时数据更新完成，时间戳=1.78246e+12ms
[CameraControl] mode=lookat targetPlatID=3 targetID=34 relPitch=-10.5382 relYaw=-0.81179 range=17422.2
[Stage6 FrameDiag] frameIndex=1.78246e+12 packet=1096 band=MWIR whiteHot=1 displayGain=1 displayOffset=0 noiseEnable=0 noiseSigmaGray=0 route=final_sensor targetVisibleCount=5 targetMappedCount=5 hiddenByTargetNum=0 hiddenByTargetViewValid=0 hiddenByWeaponViewValid=0 beyondFarClip=0 skyVisible=1 cameraHpr=0.81179,-10.5382,0 sensorFovH=0.0999999 sensorFovV=0.0999999 near=1 far=50000
[AnnotationFastPath] enabled=1 frame=1080 bboxDue=0 occlusionDue=0 updateProjection=0 reused=1 bboxUpdateHz=10 occlusionUpdateHz=5 reuseLastWhenSkipped=1 drawOverlay=0 jsonPerFrame=1 quietPerfMode=1 bboxUpdateCount=180 bboxReuseCount=900 occlusionUpdateCount=89 occlusionReuseCount=991
[ScenePerfProbe] sourceSeq=1080 processRealSceneMs=0.342 targetMappingMs=0.132 cameraControlMs=0.087 stage4Stage5UpdateMs=2.091 shaderInputApplyMs=0.000 annotationComputeMs=0.013 annotationBBoxMs=0.000 annotationOcclusionMs=0.000 annotationJsonMs=0.000 pandaDoFrameMs=16.983 readbackMs=1.959 frameCopyMs=0.681 jpegMs=9.078 readbackMode=EveryFrame copyRamAttached=1 quietPerfMode=1 bboxFastMode=cached_aabb_8corners annotationFastJsonMode=1 annotationOverlayInSensorImage=0 annotationJsonPerFrame=1 bboxUpdateCount=180 bboxReuseCount=900 occlusionUpdateCount=89 occlusionReuseCount=991 targetUpdateCullInvisible=1 targetUpdateTotal=10 targetUpdateVisible=5 targetUpdateSkippedBeyondFar=0 targetUpdateSkippedShaderApply=0
[Stage6 Capture] frameWidth=800 frameHeight=800 tcpWidth=800 tcpHeight=800 renderTextureWidth=800 renderTextureHeight=800 textureCropApplied=0 source=final_sensor channels=RGB8 readbackMode=EveryFrame readbackEveryN=1 copyRamAttached=1 copyRamMode=RTM_copy_ram tcpFrameReused=0 diagnostic_only=0 renderPath=direct_final sourceSeq=1080 readbackMs=1.93608 resizeMs=0 frameCopyMs=0.685125 tcpQueueDepth=1 annotationJsonPerFrame=1 annotationOverlayInSensorImage=0
[Stage5 Plume] targetType=0x22 targetPlatID=3 targetID=3 platform=AIM120D engineState=1 band=MWIR coreEnabled=1 haloEnabled=1 coreTempK=1800 haloTempK=1100 coreGray=1 haloGray=0.789749 coreOpacity=1 haloOpacity=0.405 coreVisible=1 haloVisible=1
[TcpFramePacket] frame=1080 imgBytes=9065 annotationBytes=1800 targets=5 width=800 height=800
[TcpPerf] sourceSeq=1080 outputOrdinal=1080 codec=jpeg requestedCodec=jpeg h264En=0 codecFallbackReason=none jpegQuality=95 jpegMode=gray jpegBytes=9065 encodeInputChannels=1 flipMs=2.321 resizeMs=0.000 jpegMs=7.592 tcpSendMs=0.148 queueDepth=0 queueWaitMs=0.001 overwritten=0
[SyncFrame] sourceSeq=1080 outputOrdinal=1080 inputQueueDepth=16 tcpQueueDepth=0 sourceSeqContinuous=1 videoFpsTarget=60.000 frameMs=13.526 latencyMs=343.202 readbackMs=1.936 flipMs=2.321 resizeMs=0.000 jpegMs=7.592 tcpSendMs=0.148 overrun=0 overwritten=0
[Stage6 MTF] sourceSeq=1080 enabled=0 effective=0 mode=GaussianSeparable effectiveMode=GaussianSinglePassSeparableWeights sigmaPixels=0.65 radiusPixels=2 passes=1 applyTo=final_display inputSize=800x800 outputSize=800x800 stage6MtfBlurMs=0 stage6MtfBlurScope=render_pass_upper_bound implementation=single_pass_gpu_separable_weights todo=true_two_pass_separable_if_needed
[Stage6 Noise] sourceSeq=1080 enabled=0 effective=0 applyTo=final_display position=BeforeAGC temporalEnabled=1 temporalSigma=0.005 fpnEnabled=0 fpnSigma=0.003 columnEnabled=0 columnSigma=0.002 rowEnabled=0 rowSigma=0.001 badPixelEnabled=0 badPixelRatio=0.0001 seed=12345 stage6DetectorNoiseMs=0 stage6DetectorNoiseScope=render_pass_upper_bound implementation=single_pass_gpu_hash_noise
[Stage6 AGC] sourceSeq=1080 enabled=0 effective=0 mode=Percentile statsSource=previous_readback updateHz=30 sampleCount=0 lowPercentile=2 highPercentile=98 lowInput=0 highInput=1 gain=1 offset=0 gainSmoothed=1 offsetSmoothed=0 valid=0 fallbackReason=disabled stage6AgcStatsMs=0
[RenderPerfProbe] pandaDoFrameMs=18.173 renderPath=direct_final graphicsOutputCount=1 activeDisplayRegionCount=1 rawPassEnabled=0 finalPassEnabled=1 annotationOverlayEnabled=0 readbackMode=EveryFrame readbackEveryN=1 copyRamAttached=1 copyRamMode=RTM_copy_ram quietPerfMode=1 bboxFastMode=cached_aabb_8corners processRealSceneMs=0.218 targetMappingMs=0.126 cameraControlMs=0.014 stage4Stage5UpdateMs=2.139 shaderInputApplyMs=0.000 readbackMs=1.929 frameCopyMs=0.676 jpegMs=8.117 annotationMs=0.004 annotationBBoxMs=0.000 annotationOcclusionMs=0.000 annotationJsonMs=0.000 annotationTargets=5 bboxUpdateCount=188 bboxReuseCount=940 occlusionUpdateCount=93 occlusionReuseCount=1035 targetUpdateCullInvisible=1 targetUpdateTotal=10 targetUpdateVisible=5 targetUpdateSkippedBeyondFar=0 targetUpdateSkippedShaderApply=0
[AnnotationCollisionCache] platform=AIM120D targetID=3 built=0 reused=1 triangles=1532 solids=1532
[Perf] mode=sync videoFpsTarget=60.000 udpFps=49.459 renderFps=49.958 outputFps=49.459 sceneUpdateMs=2.148 annotationMs=1.925 irUpdateMs=1.133 irEnvBuildMs=0.005 stage7SkyGroundMs=0.680 platformRadianceMs=0.015 targetRadianceMs=0.065 stage4HotspotMs=0.707 stage5PlumeMs=0.237 stage5RadianceComponentMs=0.597 stage5AeroThermalMs=0.009 stage5ModtranLookupMs=0.000 shaderInputApplyMs=1.685 shaderInputApplyScope=exclusive stage7SkyGroundScope=inclusive stage4HotspotScope=inclusive shaderInputSetCount=573 shaderInputSkipCount=23711 shaderInputCacheHitRate=97.640 stage5ModtranCacheHitCount=0 stage5ModtranCacheMissCount=0 stage7FullUpdateCount=17 stage7PositionOnlyCount=32 stage7SkipCount=0 stage4UpdateCount=0 stage4SkipCount=245 plumeUpdateMs=0.258 renderMs=17.931 stage6MtfBlurMs=0.000 stage6MtfBlurScope=render_pass_upper_bound mtfBlurEnabled=0 mtfBlurSigmaPixels=0.650 mtfBlurRadiusPixels=2 stage6DetectorNoiseMs=0.000 stage6DetectorNoiseScope=render_pass_upper_bound detectorNoiseEnabled=0 temporalNoiseSigmaGray=0.005 fpnSigmaGray=0.003 columnNoiseSigmaGray=0.002 rowNoiseSigmaGray=0.001 badPixelRatio=0.000 noisePosition=BeforeAGC stage6AgcStatsMs=0.000 stage6AgcApplyMs=0.000 agcEnabled=0 agcMode=Percentile agcGain=1.000 agcOffset=0.000 agcLowInput=0.000 agcHighInput=1.000 agcSampleCount=0 readbackMs=1.933 resizeMs=0.000 frameCopyMs=0.716 jpegMs=8.336 tcpSendMs=0.166 tcpQueueDepth=0 tcpQueueDepthMax=1 inputQueueDepth=16 inputQueueDepthMax=16 sourceSeqLag=17 latencyAvgMs=358.208 latencyMaxMs=379.691 syncOverrunCount=797 inputQueueOverflowCount=0 udpFrames=1178 renderFrames=1161 outputFrames=1161
[Perf][WARN] outputFps=49.459 targetFps=60.000 bottleneckSummary=below_60hz irUpdateMs=1.133 stage5ModtranLookupMs=0.000 stage5RadianceComponentMs=0.597 stage5AeroThermalMs=0.009 stage4HotspotMs=0.707 stage7SkyGroundMs=0.680 shaderInputApplyMs=1.685 annotationMs=1.925 renderMs=17.931 stage6MtfBlurMs=0.000 stage6DetectorNoiseMs=0.000 stage6AgcStatsMs=0.000 readbackMs=1.933 jpegMs=8.336 tcpSendMs=0.166 inputQueueDepth=16 sourceSeqLag=17 note=recorderWriteMs_is_reported_by_VideoDisplay_RecorderPerf
[SyncFrame][WARN] inputQueueBackpressure sourceSeq=1193 backpressureCount=720 queueDepth=16 queueCapacity=16 action=wait_for_space
[TcpPerf] sourceSeq=1178 outputOrdinal=1178 codec=jpeg requestedCodec=jpeg h264En=0 codecFallbackReason=none jpegQuality=95 jpegMode=gray jpegBytes=9573 encodeInputChannels=1 flipMs=2.086 resizeMs=0.000 jpegMs=7.985 tcpSendMs=0.146 queueDepth=0 queueWaitMs=0.001 overwritten=0
接收UDP数据，长度：506字节，来自：192.168.1.188:9999 packet=1200
解析UDP数据，flag：0x38 packet=1200
[Stage0] Display packet #1200: platID=1, sensorID=1, targetNumValid=5, timeMs=1.78246e+12
处理实时成像数据...
实时数据更新完成，时间戳=1.78246e+12ms
[Stage5 PlumePerf] plumeNodeCount=16 visiblePlumeCount=2 textureLoadCountThisFrame=0 updateHz=30 updatePlumeMs=0.254671 updatePlumeMsMax=0.497876 perfBudgetMs=1
[TargetUpdateCull] enabled=1 total=10 visible=5 skippedBeyondFar=0 skippedShaderApply=0 shaderInputApplyMs=1.90517 stage4Stage5UpdateMs=3.11238
[CameraControl] mode=lookat targetPlatID=3 targetID=34 relPitch=-12.5306 relYaw=-0.113976 range=16855.4
[Stage6 FrameDiag] frameIndex=1.78246e+12 packet=1216 band=MWIR whiteHot=1 displayGain=1 displayOffset=0 noiseEnable=0 noiseSigmaGray=0 route=final_sensor targetVisibleCount=5 targetMappedCount=5 hiddenByTargetNum=0 hiddenByTargetViewValid=0 hiddenByWeaponViewValid=0 beyondFarClip=0 skyVisible=1 cameraHpr=0.113976,-12.5306,0 sensorFovH=0.0999999 sensorFovV=0.0999999 near=1 far=50000
[AnnotationFastPath] enabled=1 frame=1200 bboxDue=0 occlusionDue=0 updateProjection=0 reused=1 bboxUpdateHz=10 occlusionUpdateHz=5 reuseLastWhenSkipped=1 drawOverlay=0 jsonPerFrame=1 quietPerfMode=1 bboxUpdateCount=200 bboxReuseCount=1000 occlusionUpdateCount=99 occlusionReuseCount=1101
[ScenePerfProbe] sourceSeq=1200 processRealSceneMs=0.333 targetMappingMs=0.139 cameraControlMs=0.073 stage4Stage5UpdateMs=2.074 shaderInputApplyMs=0.000 annotationComputeMs=0.032 annotationBBoxMs=0.000 annotationOcclusionMs=0.000 annotationJsonMs=0.000 pandaDoFrameMs=20.090 readbackMs=1.870 frameCopyMs=0.672 jpegMs=8.247 readbackMode=EveryFrame copyRamAttached=1 quietPerfMode=1 bboxFastMode=cached_aabb_8corners annotationFastJsonMode=1 annotationOverlayInSensorImage=0 annotationJsonPerFrame=1 bboxUpdateCount=200 bboxReuseCount=1000 occlusionUpdateCount=99 occlusionReuseCount=1101 targetUpdateCullInvisible=1 targetUpdateTotal=10 targetUpdateVisible=5 targetUpdateSkippedBeyondFar=0 targetUpdateSkippedShaderApply=0
[Stage6 Capture] frameWidth=800 frameHeight=800 tcpWidth=800 tcpHeight=800 renderTextureWidth=800 renderTextureHeight=800 textureCropApplied=0 source=final_sensor channels=RGB8 readbackMode=EveryFrame readbackEveryN=1 copyRamAttached=1 copyRamMode=RTM_copy_ram tcpFrameReused=0 diagnostic_only=0 renderPath=direct_final sourceSeq=1200 readbackMs=1.74446 resizeMs=0 frameCopyMs=0.716333 tcpQueueDepth=1 annotationJsonPerFrame=1 annotationOverlayInSensorImage=0
[Stage5 Plume] targetType=0x22 targetPlatID=3 targetID=3 platform=AIM120D engineState=1 band=MWIR coreEnabled=1 haloEnabled=1 coreTempK=1800 haloTempK=1100 coreGray=1 haloGray=0.789749 coreOpacity=1 haloOpacity=0.405 coreVisible=1 haloVisible=1
[TcpFramePacket] frame=1200 imgBytes=9772 annotationBytes=1800 targets=5 width=800 height=800
[TcpPerf] sourceSeq=1200 outputOrdinal=1200 codec=jpeg requestedCodec=jpeg h264En=0 codecFallbackReason=none jpegQuality=95 jpegMode=gray jpegBytes=9772 encodeInputChannels=1 flipMs=2.171 resizeMs=0.000 jpegMs=8.428 tcpSendMs=0.139 queueDepth=0 queueWaitMs=0.001 overwritten=0
[SyncFrame] sourceSeq=1200 outputOrdinal=1200 inputQueueDepth=16 tcpQueueDepth=0 sourceSeqContinuous=1 videoFpsTarget=60.000 frameMs=14.073 latencyMs=349.553 readbackMs=1.744 flipMs=2.171 resizeMs=0.000 jpegMs=8.428 tcpSendMs=0.139 overrun=0 overwritten=0
[Stage6 MTF] sourceSeq=1200 enabled=0 effective=0 mode=GaussianSeparable effectiveMode=GaussianSinglePassSeparableWeights sigmaPixels=0.65 radiusPixels=2 passes=1 applyTo=final_display inputSize=800x800 outputSize=800x800 stage6MtfBlurMs=0 stage6MtfBlurScope=render_pass_upper_bound implementation=single_pass_gpu_separable_weights todo=true_two_pass_separable_if_needed
[Stage6 Noise] sourceSeq=1200 enabled=0 effective=0 applyTo=final_display position=BeforeAGC temporalEnabled=1 temporalSigma=0.005 fpnEnabled=0 fpnSigma=0.003 columnEnabled=0 columnSigma=0.002 rowEnabled=0 rowSigma=0.001 badPixelEnabled=0 badPixelRatio=0.0001 seed=12345 stage6DetectorNoiseMs=0 stage6DetectorNoiseScope=render_pass_upper_bound implementation=single_pass_gpu_hash_noise
[Stage6 AGC] sourceSeq=1200 enabled=0 effective=0 mode=Percentile statsSource=previous_readback updateHz=30 sampleCount=0 lowPercentile=2 highPercentile=98 lowInput=0 highInput=1 gain=1 offset=0 gainSmoothed=1 offsetSmoothed=0 valid=0 fallbackReason=disabled stage6AgcStatsMs=0
[RenderPerfProbe] pandaDoFrameMs=18.579 renderPath=direct_final graphicsOutputCount=1 activeDisplayRegionCount=1 rawPassEnabled=0 finalPassEnabled=1 annotationOverlayEnabled=0 readbackMode=EveryFrame readbackEveryN=1 copyRamAttached=1 copyRamMode=RTM_copy_ram quietPerfMode=1 bboxFastMode=cached_aabb_8corners processRealSceneMs=0.226 targetMappingMs=0.135 cameraControlMs=0.017 stage4Stage5UpdateMs=2.054 shaderInputApplyMs=0.000 readbackMs=1.882 frameCopyMs=0.709 jpegMs=7.850 annotationMs=0.003 annotationBBoxMs=0.000 annotationOcclusionMs=0.000 annotationJsonMs=0.000 annotationTargets=5 bboxUpdateCount=208 bboxReuseCount=1040 occlusionUpdateCount=103 occlusionReuseCount=1145 targetUpdateCullInvisible=1 targetUpdateTotal=10 targetUpdateVisible=5 targetUpdateSkippedBeyondFar=0 targetUpdateSkippedShaderApply=0
[Perf] mode=sync videoFpsTarget=60.000 udpFps=48.799 renderFps=48.301 outputFps=48.799 sceneUpdateMs=2.360 annotationMs=2.130 irUpdateMs=1.126 irEnvBuildMs=0.005 stage7SkyGroundMs=0.684 platformRadianceMs=0.016 targetRadianceMs=0.068 stage4HotspotMs=0.761 stage5PlumeMs=0.248 stage5RadianceComponentMs=0.644 stage5AeroThermalMs=0.010 stage5ModtranLookupMs=0.000 shaderInputApplyMs=1.718 shaderInputApplyScope=exclusive stage7SkyGroundScope=inclusive stage4HotspotScope=inclusive shaderInputSetCount=571 shaderInputSkipCount=23547 shaderInputCacheHitRate=97.632 stage5ModtranCacheHitCount=0 stage5ModtranCacheMissCount=0 stage7FullUpdateCount=16 stage7PositionOnlyCount=33 stage7SkipCount=0 stage4UpdateCount=0 stage4SkipCount=245 plumeUpdateMs=0.249 renderMs=18.071 stage6MtfBlurMs=0.000 stage6MtfBlurScope=render_pass_upper_bound mtfBlurEnabled=0 mtfBlurSigmaPixels=0.650 mtfBlurRadiusPixels=2 stage6DetectorNoiseMs=0.000 stage6DetectorNoiseScope=render_pass_upper_bound detectorNoiseEnabled=0 temporalNoiseSigmaGray=0.005 fpnSigmaGray=0.003 columnNoiseSigmaGray=0.002 rowNoiseSigmaGray=0.001 badPixelRatio=0.000 noisePosition=BeforeAGC stage6AgcStatsMs=0.000 stage6AgcApplyMs=0.000 agcEnabled=0 agcMode=Percentile agcGain=1.000 agcOffset=0.000 agcLowInput=0.000 agcHighInput=1.000 agcSampleCount=0 readbackMs=1.924 resizeMs=0.000 frameCopyMs=0.722 jpegMs=8.297 tcpSendMs=0.161 tcpQueueDepth=0 tcpQueueDepthMax=1 inputQueueDepth=16 inputQueueDepthMax=16 sourceSeqLag=17 latencyAvgMs=363.557 latencyMaxMs=394.744 syncOverrunCount=903 inputQueueOverflowCount=0 udpFrames=1276 renderFrames=1258 outputFrames=1259
[Perf][WARN] outputFps=48.799 targetFps=60.000 bottleneckSummary=below_60hz irUpdateMs=1.126 stage5ModtranLookupMs=0.000 stage5RadianceComponentMs=0.644 stage5AeroThermalMs=0.010 stage4HotspotMs=0.761 stage7SkyGroundMs=0.684 shaderInputApplyMs=1.718 annotationMs=2.130 renderMs=18.071 stage6MtfBlurMs=0.000 stage6DetectorNoiseMs=0.000 stage6AgcStatsMs=0.000 readbackMs=1.924 jpegMs=8.297 tcpSendMs=0.161 inputQueueDepth=16 sourceSeqLag=17 note=recorderWriteMs_is_reported_by_VideoDisplay_RecorderPerf
[SyncFrame][WARN] inputQueueBackpressure sourceSeq=1313 backpressureCount=840 queueDepth=16 queueCapacity=16 action=wait_for_space
[TcpPerf] sourceSeq=1297 outputOrdinal=1297 codec=jpeg requestedCodec=jpeg h264En=0 codecFallbackReason=none jpegQuality=95 jpegMode=gray jpegBytes=9796 encodeInputChannels=1 flipMs=2.054 resizeMs=0.000 jpegMs=7.686 tcpSendMs=0.165 queueDepth=0 queueWaitMs=0.001 overwritten=0
接收UDP数据，长度：506字节，来自：192.168.1.188:9999 packet=1320
解析UDP数据，flag：0x38 packet=1320
[Stage0] Display packet #1320: platID=1, sensorID=1, targetNumValid=5, timeMs=1.78246e+12
处理实时成像数据...
实时数据更新完成，时间戳=1.78246e+12ms
[CameraControl] mode=lookat targetPlatID=3 targetID=34 relPitch=-14.5427 relYaw=0.71596 range=16175.9
[Stage6 FrameDiag] frameIndex=1.78246e+12 packet=1336 band=MWIR whiteHot=1 displayGain=1 displayOffset=0 noiseEnable=0 noiseSigmaGray=0 route=final_sensor targetVisibleCount=5 targetMappedCount=5 hiddenByTargetNum=0 hiddenByTargetViewValid=0 hiddenByWeaponViewValid=0 beyondFarClip=0 skyVisible=1 cameraHpr=-0.71596,-14.5427,0 sensorFovH=0.0999999 sensorFovV=0.0999999 near=1 far=50000
[AnnotationFastPath] enabled=1 frame=1320 bboxDue=0 occlusionDue=0 updateProjection=0 reused=1 bboxUpdateHz=10 occlusionUpdateHz=5 reuseLastWhenSkipped=1 drawOverlay=0 jsonPerFrame=1 quietPerfMode=1 bboxUpdateCount=220 bboxReuseCount=1100 occlusionUpdateCount=109 occlusionReuseCount=1211
[ScenePerfProbe] sourceSeq=1320 processRealSceneMs=0.313 targetMappingMs=0.135 cameraControlMs=0.077 stage4Stage5UpdateMs=2.135 shaderInputApplyMs=0.000 annotationComputeMs=0.011 annotationBBoxMs=0.000 annotationOcclusionMs=0.000 annotationJsonMs=0.000 pandaDoFrameMs=16.589 readbackMs=1.926 frameCopyMs=0.696 jpegMs=8.979 readbackMode=EveryFrame copyRamAttached=1 quietPerfMode=1 bboxFastMode=cached_aabb_8corners annotationFastJsonMode=1 annotationOverlayInSensorImage=0 annotationJsonPerFrame=1 bboxUpdateCount=220 bboxReuseCount=1100 occlusionUpdateCount=109 occlusionReuseCount=1211 targetUpdateCullInvisible=1 targetUpdateTotal=10 targetUpdateVisible=5 targetUpdateSkippedBeyondFar=0 targetUpdateSkippedShaderApply=0
[Stage6 Capture] frameWidth=800 frameHeight=800 tcpWidth=800 tcpHeight=800 renderTextureWidth=800 renderTextureHeight=800 textureCropApplied=0 source=final_sensor channels=RGB8 readbackMode=EveryFrame readbackEveryN=1 copyRamAttached=1 copyRamMode=RTM_copy_ram tcpFrameReused=0 diagnostic_only=0 renderPath=direct_final sourceSeq=1320 readbackMs=1.95825 resizeMs=0 frameCopyMs=0.7035 tcpQueueDepth=1 annotationJsonPerFrame=1 annotationOverlayInSensorImage=0
[Stage5 Plume] targetType=0x22 targetPlatID=3 targetID=3 platform=AIM120D engineState=1 band=MWIR coreEnabled=1 haloEnabled=1 coreTempK=1800 haloTempK=1100 coreGray=1 haloGray=0.789749 coreOpacity=1 haloOpacity=0.405 coreVisible=1 haloVisible=1
[TcpFramePacket] frame=1320 imgBytes=9655 annotationBytes=1800 targets=5 width=800 height=800
[TcpPerf] sourceSeq=1320 outputOrdinal=1320 codec=jpeg requestedCodec=jpeg h264En=0 codecFallbackReason=none jpegQuality=95 jpegMode=gray jpegBytes=9655 encodeInputChannels=1 flipMs=1.009 resizeMs=0.000 jpegMs=3.867 tcpSendMs=0.077 queueDepth=0 queueWaitMs=0.001 overwritten=0
[SyncFrame] sourceSeq=1320 outputOrdinal=1320 inputQueueDepth=16 tcpQueueDepth=0 sourceSeqContinuous=1 videoFpsTarget=60.000 frameMs=8.248 latencyMs=344.170 readbackMs=1.958 flipMs=1.009 resizeMs=0.000 jpegMs=3.867 tcpSendMs=0.077 overrun=0 overwritten=0
[Stage6 MTF] sourceSeq=1320 enabled=0 effective=0 mode=GaussianSeparable effectiveMode=GaussianSinglePassSeparableWeights sigmaPixels=0.65 radiusPixels=2 passes=1 applyTo=final_display inputSize=800x800 outputSize=800x800 stage6MtfBlurMs=0 stage6MtfBlurScope=render_pass_upper_bound implementation=single_pass_gpu_separable_weights todo=true_two_pass_separable_if_needed
[Stage6 Noise] sourceSeq=1320 enabled=0 effective=0 applyTo=final_display position=BeforeAGC temporalEnabled=1 temporalSigma=0.005 fpnEnabled=0 fpnSigma=0.003 columnEnabled=0 columnSigma=0.002 rowEnabled=0 rowSigma=0.001 badPixelEnabled=0 badPixelRatio=0.0001 seed=12345 stage6DetectorNoiseMs=0 stage6DetectorNoiseScope=render_pass_upper_bound implementation=single_pass_gpu_hash_noise
[Stage6 AGC] sourceSeq=1320 enabled=0 effective=0 mode=Percentile statsSource=previous_readback updateHz=30 sampleCount=0 lowPercentile=2 highPercentile=98 lowInput=0 highInput=1 gain=1 offset=0 gainSmoothed=1 offsetSmoothed=0 valid=0 fallbackReason=disabled stage6AgcStatsMs=0
[Perf] mode=sync videoFpsTarget=60.000 udpFps=48.328 renderFps=48.328 outputFps=48.328 sceneUpdateMs=2.406 annotationMs=2.185 irUpdateMs=1.201 irEnvBuildMs=0.005 stage7SkyGroundMs=0.662 platformRadianceMs=0.015 targetRadianceMs=0.068 stage4HotspotMs=0.702 stage5PlumeMs=0.248 stage5RadianceComponentMs=0.594 stage5AeroThermalMs=0.010 stage5ModtranLookupMs=0.000 shaderInputApplyMs=1.546 shaderInputApplyScope=exclusive stage7SkyGroundScope=inclusive stage4HotspotScope=inclusive shaderInputSetCount=571 shaderInputSkipCount=23547 shaderInputCacheHitRate=97.632 stage5ModtranCacheHitCount=0 stage5ModtranCacheMissCount=0 stage7FullUpdateCount=16 stage7PositionOnlyCount=33 stage7SkipCount=0 stage4UpdateCount=0 stage4SkipCount=245 plumeUpdateMs=0.268 renderMs=18.168 stage6MtfBlurMs=0.000 stage6MtfBlurScope=render_pass_upper_bound mtfBlurEnabled=0 mtfBlurSigmaPixels=0.650 mtfBlurRadiusPixels=2 stage6DetectorNoiseMs=0.000 stage6DetectorNoiseScope=render_pass_upper_bound detectorNoiseEnabled=0 temporalNoiseSigmaGray=0.005 fpnSigmaGray=0.003 columnNoiseSigmaGray=0.002 rowNoiseSigmaGray=0.001 badPixelRatio=0.000 noisePosition=BeforeAGC stage6AgcStatsMs=0.000 stage6AgcApplyMs=0.000 agcEnabled=0 agcMode=Percentile agcGain=1.000 agcOffset=0.000 agcLowInput=0.000 agcHighInput=1.000 agcSampleCount=0 readbackMs=1.947 resizeMs=0.000 frameCopyMs=0.713 jpegMs=7.941 tcpSendMs=0.144 tcpQueueDepth=0 tcpQueueDepthMax=1 inputQueueDepth=16 inputQueueDepthMax=16 sourceSeqLag=17 latencyAvgMs=362.265 latencyMaxMs=391.197 syncOverrunCount=1011 inputQueueOverflowCount=0 udpFrames=1374 renderFrames=1356 outputFrames=1357
[Perf][WARN] outputFps=48.328 targetFps=60.000 bottleneckSummary=below_60hz irUpdateMs=1.201 stage5ModtranLookupMs=0.000 stage5RadianceComponentMs=0.594 stage5AeroThermalMs=0.010 stage4HotspotMs=0.702 stage7SkyGroundMs=0.662 shaderInputApplyMs=1.546 annotationMs=2.185 renderMs=18.168 stage6MtfBlurMs=0.000 stage6DetectorNoiseMs=0.000 stage6AgcStatsMs=0.000 readbackMs=1.947 jpegMs=7.941 tcpSendMs=0.144 inputQueueDepth=16 sourceSeqLag=17 note=recorderWriteMs_is_reported_by_VideoDisplay_RecorderPerf
[RenderPerfProbe] pandaDoFrameMs=18.616 renderPath=direct_final graphicsOutputCount=1 activeDisplayRegionCount=1 rawPassEnabled=0 finalPassEnabled=1 annotationOverlayEnabled=0 readbackMode=EveryFrame readbackEveryN=1 copyRamAttached=1 copyRamMode=RTM_copy_ram quietPerfMode=1 bboxFastMode=cached_aabb_8corners processRealSceneMs=0.223 targetMappingMs=0.134 cameraControlMs=0.015 stage4Stage5UpdateMs=2.568 shaderInputApplyMs=0.000 readbackMs=1.901 frameCopyMs=0.684 jpegMs=3.575 annotationMs=0.003 annotationBBoxMs=0.000 annotationOcclusionMs=0.000 annotationJsonMs=0.000 annotationTargets=5 bboxUpdateCount=228 bboxReuseCount=1140 occlusionUpdateCount=113 occlusionReuseCount=1255 targetUpdateCullInvisible=1 targetUpdateTotal=10 targetUpdateVisible=5 targetUpdateSkippedBeyondFar=0 targetUpdateSkippedShaderApply=0
[SyncFrame][WARN] inputQueueBackpressure sourceSeq=1433 backpressureCount=960 queueDepth=16 queueCapacity=16 action=wait_for_space
[TcpPerf] sourceSeq=1418 outputOrdinal=1418 codec=jpeg requestedCodec=jpeg h264En=0 codecFallbackReason=none jpegQuality=95 jpegMode=gray jpegBytes=9501 encodeInputChannels=1 flipMs=1.019 resizeMs=0.000 jpegMs=3.869 tcpSendMs=0.083 queueDepth=0 queueWaitMs=0.001 overwritten=0
接收UDP数据，长度：506字节，来自：192.168.1.188:9999 packet=1440
解析UDP数据，flag：0x38 packet=1440
[Stage0] Display packet #1440: platID=1, sensorID=1, targetNumValid=5, timeMs=1.78246e+12
处理实时成像数据...
实时数据更新完成，时间戳=1.78246e+12ms
[Stage5 PlumePerf] plumeNodeCount=16 visiblePlumeCount=2 textureLoadCountThisFrame=0 updateHz=30 updatePlumeMs=0.262843 updatePlumeMsMax=0.4795 perfBudgetMs=1
[TargetUpdateCull] enabled=1 total=10 visible=5 skippedBeyondFar=0 skippedShaderApply=0 shaderInputApplyMs=1.57267 stage4Stage5UpdateMs=2.71104
[CameraControl] mode=lookat targetPlatID=3 targetID=34 relPitch=-14.3522 relYaw=1.50708 range=15467.2
[Stage6 FrameDiag] frameIndex=1.78246e+12 packet=1456 band=MWIR whiteHot=1 displayGain=1 displayOffset=0 noiseEnable=0 noiseSigmaGray=0 route=final_sensor targetVisibleCount=5 targetMappedCount=5 hiddenByTargetNum=0 hiddenByTargetViewValid=0 hiddenByWeaponViewValid=0 beyondFarClip=0 skyVisible=1 cameraHpr=-1.50708,-14.3522,0 sensorFovH=0.0999999 sensorFovV=0.0999999 near=1 far=50000
[AnnotationFastPath] enabled=1 frame=1440 bboxDue=0 occlusionDue=0 updateProjection=0 reused=1 bboxUpdateHz=10 occlusionUpdateHz=5 reuseLastWhenSkipped=1 drawOverlay=0 jsonPerFrame=1 quietPerfMode=1 bboxUpdateCount=240 bboxReuseCount=1200 occlusionUpdateCount=119 occlusionReuseCount=1321
[ScenePerfProbe] sourceSeq=1440 processRealSceneMs=0.295 targetMappingMs=0.125 cameraControlMs=0.074 stage4Stage5UpdateMs=2.060 shaderInputApplyMs=0.000 annotationComputeMs=0.011 annotationBBoxMs=0.000 annotationOcclusionMs=0.000 annotationJsonMs=0.000 pandaDoFrameMs=17.021 readbackMs=1.894 frameCopyMs=0.714 jpegMs=8.142 readbackMode=EveryFrame copyRamAttached=1 quietPerfMode=1 bboxFastMode=cached_aabb_8corners annotationFastJsonMode=1 annotationOverlayInSensorImage=0 annotationJsonPerFrame=1 bboxUpdateCount=240 bboxReuseCount=1200 occlusionUpdateCount=119 occlusionReuseCount=1321 targetUpdateCullInvisible=1 targetUpdateTotal=10 targetUpdateVisible=5 targetUpdateSkippedBeyondFar=0 targetUpdateSkippedShaderApply=0
[Stage6 Capture] frameWidth=800 frameHeight=800 tcpWidth=800 tcpHeight=800 renderTextureWidth=800 renderTextureHeight=800 textureCropApplied=0 source=final_sensor channels=RGB8 readbackMode=EveryFrame readbackEveryN=1 copyRamAttached=1 copyRamMode=RTM_copy_ram tcpFrameReused=0 diagnostic_only=0 renderPath=direct_final sourceSeq=1440 readbackMs=1.93988 resizeMs=0 frameCopyMs=0.694458 tcpQueueDepth=1 annotationJsonPerFrame=1 annotationOverlayInSensorImage=0
[Stage5 Plume] targetType=0x22 targetPlatID=3 targetID=3 platform=AIM120D engineState=1 band=MWIR coreEnabled=1 haloEnabled=1 coreTempK=1800 haloTempK=1100 coreGray=1 haloGray=0.789749 coreOpacity=1 haloOpacity=0.405 coreVisible=1 haloVisible=1
[TcpFramePacket] frame=1440 imgBytes=9933 annotationBytes=1800 targets=5 width=800 height=800
[TcpPerf] sourceSeq=1440 outputOrdinal=1440 codec=jpeg requestedCodec=jpeg h264En=0 codecFallbackReason=none jpegQuality=95 jpegMode=gray jpegBytes=9933 encodeInputChannels=1 flipMs=2.136 resizeMs=0.000 jpegMs=9.053 tcpSendMs=0.151 queueDepth=0 queueWaitMs=0.002 overwritten=0
[SyncFrame] sourceSeq=1440 outputOrdinal=1440 inputQueueDepth=16 tcpQueueDepth=0 sourceSeqContinuous=1 videoFpsTarget=60.000 frameMs=14.806 latencyMs=355.848 readbackMs=1.940 flipMs=2.136 resizeMs=0.000 jpegMs=9.053 tcpSendMs=0.151 overrun=0 overwritten=0
[Stage6 MTF] sourceSeq=1440 enabled=0 effective=0 mode=GaussianSeparable effectiveMode=GaussianSinglePassSeparableWeights sigmaPixels=0.65 radiusPixels=2 passes=1 applyTo=final_display inputSize=800x800 outputSize=800x800 stage6MtfBlurMs=0 stage6MtfBlurScope=render_pass_upper_bound implementation=single_pass_gpu_separable_weights todo=true_two_pass_separable_if_needed
[Stage6 Noise] sourceSeq=1440 enabled=0 effective=0 applyTo=final_display position=BeforeAGC temporalEnabled=1 temporalSigma=0.005 fpnEnabled=0 fpnSigma=0.003 columnEnabled=0 columnSigma=0.002 rowEnabled=0 rowSigma=0.001 badPixelEnabled=0 badPixelRatio=0.0001 seed=12345 stage6DetectorNoiseMs=0 stage6DetectorNoiseScope=render_pass_upper_bound implementation=single_pass_gpu_hash_noise
[Stage6 AGC] sourceSeq=1440 enabled=0 effective=0 mode=Percentile statsSource=previous_readback updateHz=30 sampleCount=0 lowPercentile=2 highPercentile=98 lowInput=0 highInput=1 gain=1 offset=0 gainSmoothed=1 offsetSmoothed=0 valid=0 fallbackReason=disabled stage6AgcStatsMs=0
[AnnotationCollisionCache] platform=AIM120D targetID=3 built=0 reused=1 triangles=1532 solids=1532
[Perf] mode=sync videoFpsTarget=60.000 udpFps=49.842 renderFps=49.842 outputFps=49.842 sceneUpdateMs=1.864 annotationMs=1.632 irUpdateMs=1.235 irEnvBuildMs=0.006 stage7SkyGroundMs=0.804 platformRadianceMs=0.015 targetRadianceMs=0.064 stage4HotspotMs=0.705 stage5PlumeMs=0.250 stage5RadianceComponentMs=0.574 stage5AeroThermalMs=0.010 stage5ModtranLookupMs=0.000 shaderInputApplyMs=1.604 shaderInputApplyScope=exclusive stage7SkyGroundScope=inclusive stage4HotspotScope=inclusive shaderInputSetCount=584 shaderInputSkipCount=24138 shaderInputCacheHitRate=97.638 stage5ModtranCacheHitCount=0 stage5ModtranCacheMissCount=0 stage7FullUpdateCount=17 stage7PositionOnlyCount=33 stage7SkipCount=0 stage4UpdateCount=0 stage4SkipCount=250 plumeUpdateMs=0.264 renderMs=18.125 stage6MtfBlurMs=0.000 stage6MtfBlurScope=render_pass_upper_bound mtfBlurEnabled=0 mtfBlurSigmaPixels=0.650 mtfBlurRadiusPixels=2 stage6DetectorNoiseMs=0.000 stage6DetectorNoiseScope=render_pass_upper_bound detectorNoiseEnabled=0 temporalNoiseSigmaGray=0.005 fpnSigmaGray=0.003 columnNoiseSigmaGray=0.002 rowNoiseSigmaGray=0.001 badPixelRatio=0.000 noisePosition=BeforeAGC stage6AgcStatsMs=0.000 stage6AgcApplyMs=0.000 agcEnabled=0 agcMode=Percentile agcGain=1.000 agcOffset=0.000 agcLowInput=0.000 agcHighInput=1.000 agcSampleCount=0 readbackMs=1.946 resizeMs=0.000 frameCopyMs=0.729 jpegMs=6.677 tcpSendMs=0.114 tcpQueueDepth=0 tcpQueueDepthMax=1 inputQueueDepth=16 inputQueueDepthMax=16 sourceSeqLag=17 latencyAvgMs=355.700 latencyMaxMs=389.433 syncOverrunCount=1121 inputQueueOverflowCount=0 udpFrames=1474 renderFrames=1456 outputFrames=1457
[Perf][WARN] outputFps=49.842 targetFps=60.000 bottleneckSummary=below_60hz irUpdateMs=1.235 stage5ModtranLookupMs=0.000 stage5RadianceComponentMs=0.574 stage5AeroThermalMs=0.010 stage4HotspotMs=0.705 stage7SkyGroundMs=0.804 shaderInputApplyMs=1.604 annotationMs=1.632 renderMs=18.125 stage6MtfBlurMs=0.000 stage6DetectorNoiseMs=0.000 stage6AgcStatsMs=0.000 readbackMs=1.946 jpegMs=6.677 tcpSendMs=0.114 inputQueueDepth=16 sourceSeqLag=17 note=recorderWriteMs_is_reported_by_VideoDisplay_RecorderPerf
[Stage7 Weather] reason=runtime envSky=0 weatherName=Clear visibilityM=6000 humidity=85 windV=8 windDir=30 cloudCoverage=0 fogDensity=0 precipitationType=none sunDirectScale=1 skyDiffuseScale=1 targetContrastScale=1 source=UDP+weather_profiles+RuntimeConfig
[Stage7 CloudLayer] enabled=0 texture=Config/Weather/Textures/cloud_few.png textureFound=1 coverage=0 opacity=0 temperatureK=255 band=MWIR cloudGray=0.385455
[Stage7 Fog] enabled=0 visibilityM=6000 fogDensity=0 fogGray=0.45 targetContrastScale=1
[Stage7 Precipitation] enabled=0 type=none density=0 speed=0 windV=8 windDir=30 maxHeight=0 transHeight=0
[Stage7 PrecipitationOverlay] mode=ScreenOverlay active=0 type=none density=0 sensorFovDeg=0.0999999 pattern=screen_sparse_low_contrast giantVerticalBars=0 sameOutput=1
[Stage7 Perf] weatherNodeCount=0 cloudNodeCount=0 precipitationNodeCount=0 textureLoadCountThisFrame=0 updateWeatherNodesMs=0.001458 totalWeatherMs=0.008458 precipitationMode=ScreenOverlay
[RenderPerfProbe] pandaDoFrameMs=18.413 renderPath=direct_final graphicsOutputCount=1 activeDisplayRegionCount=1 rawPassEnabled=0 finalPassEnabled=1 annotationOverlayEnabled=0 readbackMode=EveryFrame readbackEveryN=1 copyRamAttached=1 copyRamMode=RTM_copy_ram quietPerfMode=1 bboxFastMode=cached_aabb_8corners processRealSceneMs=0.233 targetMappingMs=0.139 cameraControlMs=0.017 stage4Stage5UpdateMs=2.108 shaderInputApplyMs=0.000 readbackMs=1.885 frameCopyMs=0.709 jpegMs=8.125 annotationMs=0.004 annotationBBoxMs=0.000 annotationOcclusionMs=0.000 annotationJsonMs=0.000 annotationTargets=5 bboxUpdateCount=248 bboxReuseCount=1240 occlusionUpdateCount=123 occlusionReuseCount=1365 targetUpdateCullInvisible=1 targetUpdateTotal=10 targetUpdateVisible=5 targetUpdateSkippedBeyondFar=0 targetUpdateSkippedShaderApply=0
[Stage7 3DSkyGround] reason=runtime enable=1 band=MWIR envTerrain=0 envSky=0 skyGrayRaw=0.65 groundGrayRaw=0.35 skyGrayFinal=0.65 groundGrayFinal=0.35 skyGray=0.65 groundGray=0.35 skyDome=1 lowerShell=1 groundPlane=0 source=env+band_default
[Stage7 Debug] mode=Off skyVisible=1 groundVisible=1 forcedSkyGray=NA forcedGroundGray=NA
[Stage7 Real3DBackground] skyDome=1 lowerShell=1 flatGroundPlane=0 cameraPos=-242.555,4152.79,196.899 backgroundMode=real_3d
[Stage7 GroundReference] mode=reference_zero groundZOffset=0 finalGroundReferenceZ=0
[Stage7 SkyDomeDiag] cameraPos=-242.555,4152.79,196.899 skyDomePos=-242.555,4152.79,196.899 farClipM=50000 skyRadius=42500 radius=42500 radiusSource=farClip_scaled radiusLessThanFarClip=1 twoSided=1 depthWrite=0 depthTest=0
[Stage7 GroundDiag] groundPos=-242.555,4152.79,196.899 farClipM=50000 groundSize=42500 lowerShellRadius=42500 groundZOffset=0 envTerrain=0 groundGray=0.35
[SyncFrame][WARN] inputQueueBackpressure sourceSeq=1553 backpressureCount=1080 queueDepth=16 queueCapacity=16 action=wait_for_space
[TcpPerf] sourceSeq=1538 outputOrdinal=1538 codec=jpeg requestedCodec=jpeg h264En=0 codecFallbackReason=none jpegQuality=95 jpegMode=gray jpegBytes=10354 encodeInputChannels=1 flipMs=2.190 resizeMs=0.000 jpegMs=8.402 tcpSendMs=0.143 queueDepth=0 queueWaitMs=0.001 overwritten=0
接收UDP数据，长度：506字节，来自：192.168.1.188:9999 packet=1560
解析UDP数据，flag：0x38 packet=1560
[Stage0] Display packet #1560: platID=1, sensorID=1, targetNumValid=5, timeMs=1.78246e+12
处理实时成像数据...
实时数据更新完成，时间戳=1.78246e+12ms
[Perf] mode=sync videoFpsTarget=60.000 udpFps=49.304 renderFps=49.304 outputFps=49.304 sceneUpdateMs=2.154 annotationMs=1.926 irUpdateMs=1.165 irEnvBuildMs=0.006 stage7SkyGroundMs=0.711 platformRadianceMs=0.014 targetRadianceMs=0.064 stage4HotspotMs=0.682 stage5PlumeMs=0.267 stage5RadianceComponentMs=0.575 stage5AeroThermalMs=0.010 stage5ModtranLookupMs=0.000 shaderInputApplyMs=1.558 shaderInputApplyScope=exclusive stage7SkyGroundScope=inclusive stage4HotspotScope=inclusive shaderInputSetCount=584 shaderInputSkipCount=24138 shaderInputCacheHitRate=97.638 stage5ModtranCacheHitCount=0 stage5ModtranCacheMissCount=0 stage7FullUpdateCount=17 stage7PositionOnlyCount=33 stage7SkipCount=0 stage4UpdateCount=0 stage4SkipCount=250 plumeUpdateMs=0.268 renderMs=18.038 stage6MtfBlurMs=0.000 stage6MtfBlurScope=render_pass_upper_bound mtfBlurEnabled=0 mtfBlurSigmaPixels=0.650 mtfBlurRadiusPixels=2 stage6DetectorNoiseMs=0.000 stage6DetectorNoiseScope=render_pass_upper_bound detectorNoiseEnabled=0 temporalNoiseSigmaGray=0.005 fpnSigmaGray=0.003 columnNoiseSigmaGray=0.002 rowNoiseSigmaGray=0.001 badPixelRatio=0.000 noisePosition=BeforeAGC stage6AgcStatsMs=0.000 stage6AgcApplyMs=0.000 agcEnabled=0 agcMode=Percentile agcGain=1.000 agcOffset=0.000 agcLowInput=0.000 agcHighInput=1.000 agcSampleCount=0 readbackMs=1.934 resizeMs=0.000 frameCopyMs=0.708 jpegMs=8.349 tcpSendMs=0.167 tcpQueueDepth=0 tcpQueueDepthMax=1 inputQueueDepth=16 inputQueueDepthMax=16 sourceSeqLag=17 latencyAvgMs=360.580 latencyMaxMs=388.167 syncOverrunCount=1228 inputQueueOverflowCount=0 udpFrames=1573 renderFrames=1555 outputFrames=1556
[Perf][WARN] outputFps=49.304 targetFps=60.000 bottleneckSummary=below_60hz irUpdateMs=1.165 stage5ModtranLookupMs=0.000 stage5RadianceComponentMs=0.575 stage5AeroThermalMs=0.010 stage4HotspotMs=0.682 stage7SkyGroundMs=0.711 shaderInputApplyMs=1.558 annotationMs=1.926 renderMs=18.038 stage6MtfBlurMs=0.000 stage6DetectorNoiseMs=0.000 stage6AgcStatsMs=0.000 readbackMs=1.934 jpegMs=8.349 tcpSendMs=0.167 inputQueueDepth=16 sourceSeqLag=17 note=recorderWriteMs_is_reported_by_VideoDisplay_RecorderPerf
[CameraControl] mode=lookat targetPlatID=3 targetID=34 relPitch=-14.3843 relYaw=2.26019 range=14794.9
[Stage6 FrameDiag] frameIndex=1.78246e+12 packet=1576 band=MWIR whiteHot=1 displayGain=1 displayOffset=0 noiseEnable=0 noiseSigmaGray=0 route=final_sensor targetVisibleCount=5 targetMappedCount=5 hiddenByTargetNum=0 hiddenByTargetViewValid=0 hiddenByWeaponViewValid=0 beyondFarClip=0 skyVisible=1 cameraHpr=-2.26019,-14.3843,0 sensorFovH=0.0999999 sensorFovV=0.0999999 near=1 far=50000
[AnnotationFastPath] enabled=1 frame=1560 bboxDue=0 occlusionDue=0 updateProjection=0 reused=1 bboxUpdateHz=10 occlusionUpdateHz=5 reuseLastWhenSkipped=1 drawOverlay=0 jsonPerFrame=1 quietPerfMode=1 bboxUpdateCount=260 bboxReuseCount=1300 occlusionUpdateCount=129 occlusionReuseCount=1431
[ScenePerfProbe] sourceSeq=1560 processRealSceneMs=0.327 targetMappingMs=0.139 cameraControlMs=0.077 stage4Stage5UpdateMs=2.076 shaderInputApplyMs=0.000 annotationComputeMs=0.011 annotationBBoxMs=0.000 annotationOcclusionMs=0.000 annotationJsonMs=0.000 pandaDoFrameMs=16.861 readbackMs=1.861 frameCopyMs=0.687 jpegMs=9.559 readbackMode=EveryFrame copyRamAttached=1 quietPerfMode=1 bboxFastMode=cached_aabb_8corners annotationFastJsonMode=1 annotationOverlayInSensorImage=0 annotationJsonPerFrame=1 bboxUpdateCount=260 bboxReuseCount=1300 occlusionUpdateCount=129 occlusionReuseCount=1431 targetUpdateCullInvisible=1 targetUpdateTotal=10 targetUpdateVisible=5 targetUpdateSkippedBeyondFar=0 targetUpdateSkippedShaderApply=0
[Stage6 Capture] frameWidth=800 frameHeight=800 tcpWidth=800 tcpHeight=800 renderTextureWidth=800 renderTextureHeight=800 textureCropApplied=0 source=final_sensor channels=RGB8 readbackMode=EveryFrame readbackEveryN=1 copyRamAttached=1 copyRamMode=RTM_copy_ram tcpFrameReused=0 diagnostic_only=0 renderPath=direct_final sourceSeq=1560 readbackMs=1.92471 resizeMs=0 frameCopyMs=0.683084 tcpQueueDepth=1 annotationJsonPerFrame=1 annotationOverlayInSensorImage=0
[Stage5 Plume] targetType=0x22 targetPlatID=3 targetID=3 platform=AIM120D engineState=1 band=MWIR coreEnabled=1 haloEnabled=1 coreTempK=1800 haloTempK=1100 coreGray=1 haloGray=0.789749 coreOpacity=1 haloOpacity=0.405 coreVisible=1 haloVisible=1
[TcpFramePacket] frame=1560 imgBytes=10314 annotationBytes=1800 targets=5 width=800 height=800
[TcpPerf] sourceSeq=1560 outputOrdinal=1560 codec=jpeg requestedCodec=jpeg h264En=0 codecFallbackReason=none jpegQuality=95 jpegMode=gray jpegBytes=10314 encodeInputChannels=1 flipMs=2.106 resizeMs=0.000 jpegMs=8.326 tcpSendMs=0.144 queueDepth=0 queueWaitMs=0.001 overwritten=0
[SyncFrame] sourceSeq=1560 outputOrdinal=1560 inputQueueDepth=16 tcpQueueDepth=0 sourceSeqContinuous=1 videoFpsTarget=60.000 frameMs=14.001 latencyMs=340.036 readbackMs=1.925 flipMs=2.106 resizeMs=0.000 jpegMs=8.326 tcpSendMs=0.144 overrun=0 overwritten=0
[Stage6 MTF] sourceSeq=1560 enabled=0 effective=0 mode=GaussianSeparable effectiveMode=GaussianSinglePassSeparableWeights sigmaPixels=0.65 radiusPixels=2 passes=1 applyTo=final_display inputSize=800x800 outputSize=800x800 stage6MtfBlurMs=0 stage6MtfBlurScope=render_pass_upper_bound implementation=single_pass_gpu_separable_weights todo=true_two_pass_separable_if_needed
[Stage6 Noise] sourceSeq=1560 enabled=0 effective=0 applyTo=final_display position=BeforeAGC temporalEnabled=1 temporalSigma=0.005 fpnEnabled=0 fpnSigma=0.003 columnEnabled=0 columnSigma=0.002 rowEnabled=0 rowSigma=0.001 badPixelEnabled=0 badPixelRatio=0.0001 seed=12345 stage6DetectorNoiseMs=0 stage6DetectorNoiseScope=render_pass_upper_bound implementation=single_pass_gpu_hash_noise
[Stage6 AGC] sourceSeq=1560 enabled=0 effective=0 mode=Percentile statsSource=previous_readback updateHz=30 sampleCount=0 lowPercentile=2 highPercentile=98 lowInput=0 highInput=1 gain=1 offset=0 gainSmoothed=1 offsetSmoothed=0 valid=0 fallbackReason=disabled stage6AgcStatsMs=0
[RenderPerfProbe] pandaDoFrameMs=18.813 renderPath=direct_final graphicsOutputCount=1 activeDisplayRegionCount=1 rawPassEnabled=0 finalPassEnabled=1 annotationOverlayEnabled=0 readbackMode=EveryFrame readbackEveryN=1 copyRamAttached=1 copyRamMode=RTM_copy_ram quietPerfMode=1 bboxFastMode=cached_aabb_8corners processRealSceneMs=0.220 targetMappingMs=0.132 cameraControlMs=0.015 stage4Stage5UpdateMs=2.044 shaderInputApplyMs=0.000 readbackMs=1.902 frameCopyMs=0.952 jpegMs=8.390 annotationMs=0.003 annotationBBoxMs=0.000 annotationOcclusionMs=0.000 annotationJsonMs=0.000 annotationTargets=5 bboxUpdateCount=268 bboxReuseCount=1340 occlusionUpdateCount=133 occlusionReuseCount=1475 targetUpdateCullInvisible=1 targetUpdateTotal=10 targetUpdateVisible=5 targetUpdateSkippedBeyondFar=0 targetUpdateSkippedShaderApply=0
[Perf] mode=sync videoFpsTarget=60.000 udpFps=48.873 renderFps=48.873 outputFps=48.873 sceneUpdateMs=2.157 annotationMs=1.933 irUpdateMs=1.160 irEnvBuildMs=0.005 stage7SkyGroundMs=0.720 platformRadianceMs=0.017 targetRadianceMs=0.069 stage4HotspotMs=0.692 stage5PlumeMs=0.237 stage5RadianceComponentMs=0.584 stage5AeroThermalMs=0.009 stage5ModtranLookupMs=0.000 shaderInputApplyMs=1.549 shaderInputApplyScope=exclusive stage7SkyGroundScope=inclusive stage4HotspotScope=inclusive shaderInputSetCount=571 shaderInputSkipCount=23547 shaderInputCacheHitRate=97.632 stage5ModtranCacheHitCount=0 stage5ModtranCacheMissCount=0 stage7FullUpdateCount=16 stage7PositionOnlyCount=33 stage7SkipCount=0 stage4UpdateCount=0 stage4SkipCount=245 plumeUpdateMs=0.263 renderMs=18.218 stage6MtfBlurMs=0.000 stage6MtfBlurScope=render_pass_upper_bound mtfBlurEnabled=0 mtfBlurSigmaPixels=0.650 mtfBlurRadiusPixels=2 stage6DetectorNoiseMs=0.000 stage6DetectorNoiseScope=render_pass_upper_bound detectorNoiseEnabled=0 temporalNoiseSigmaGray=0.005 fpnSigmaGray=0.003 columnNoiseSigmaGray=0.002 rowNoiseSigmaGray=0.001 badPixelRatio=0.000 noisePosition=BeforeAGC stage6AgcStatsMs=0.000 stage6AgcApplyMs=0.000 agcEnabled=0 agcMode=Percentile agcGain=1.000 agcOffset=0.000 agcLowInput=0.000 agcHighInput=1.000 agcSampleCount=0 readbackMs=1.958 resizeMs=0.000 frameCopyMs=0.719 jpegMs=8.028 tcpSendMs=0.152 tcpQueueDepth=0 tcpQueueDepthMax=1 inputQueueDepth=16 inputQueueDepthMax=16 sourceSeqLag=17 latencyAvgMs=362.790 latencyMaxMs=387.935 syncOverrunCount=1334 inputQueueOverflowCount=0 udpFrames=1671 renderFrames=1653 outputFrames=1654
[Perf][WARN] outputFps=48.873 targetFps=60.000 bottleneckSummary=below_60hz irUpdateMs=1.160 stage5ModtranLookupMs=0.000 stage5RadianceComponentMs=0.584 stage5AeroThermalMs=0.009 stage4HotspotMs=0.692 stage7SkyGroundMs=0.720 shaderInputApplyMs=1.549 annotationMs=1.933 renderMs=18.218 stage6MtfBlurMs=0.000 stage6DetectorNoiseMs=0.000 stage6AgcStatsMs=0.000 readbackMs=1.958 jpegMs=8.028 tcpSendMs=0.152 inputQueueDepth=16 sourceSeqLag=17 note=recorderWriteMs_is_reported_by_VideoDisplay_RecorderPerf
[SyncFrame][WARN] inputQueueBackpressure sourceSeq=1673 backpressureCount=1200 queueDepth=16 queueCapacity=16 action=wait_for_space
[TcpPerf] sourceSeq=1657 outputOrdinal=1657 codec=jpeg requestedCodec=jpeg h264En=0 codecFallbackReason=none jpegQuality=95 jpegMode=gray jpegBytes=9505 encodeInputChannels=1 flipMs=2.022 resizeMs=0.000 jpegMs=8.142 tcpSendMs=0.204 queueDepth=0 queueWaitMs=0.001 overwritten=0
接收UDP数据，长度：506字节，来自：192.168.1.188:9999 packet=1680
解析UDP数据，flag：0x38 packet=1680
[Stage0] Display packet #1680: platID=1, sensorID=1, targetNumValid=5, timeMs=1.78246e+12
处理实时成像数据...
实时数据更新完成，时间戳=1.78246e+12ms
[Stage5 PlumePerf] plumeNodeCount=16 visiblePlumeCount=2 textureLoadCountThisFrame=0 updateHz=30 updatePlumeMs=0.267438 updatePlumeMsMax=0.485624 perfBudgetMs=1
[TargetUpdateCull] enabled=1 total=10 visible=5 skippedBeyondFar=0 skippedShaderApply=0 shaderInputApplyMs=1.6415 stage4Stage5UpdateMs=3.16342
[CameraControl] mode=lookat targetPlatID=3 targetID=34 relPitch=-15.4949 relYaw=3.28918 range=14071.1
[Stage6 FrameDiag] frameIndex=1.78246e+12 packet=1696 band=MWIR whiteHot=1 displayGain=1 displayOffset=0 noiseEnable=0 noiseSigmaGray=0 route=final_sensor targetVisibleCount=5 targetMappedCount=5 hiddenByTargetNum=0 hiddenByTargetViewValid=0 hiddenByWeaponViewValid=0 beyondFarClip=0 skyVisible=1 cameraHpr=-3.28918,-15.4949,0 sensorFovH=0.0999999 sensorFovV=0.0999999 near=1 far=50000
[AnnotationFastPath] enabled=1 frame=1680 bboxDue=0 occlusionDue=0 updateProjection=0 reused=1 bboxUpdateHz=10 occlusionUpdateHz=5 reuseLastWhenSkipped=1 drawOverlay=0 jsonPerFrame=1 quietPerfMode=1 bboxUpdateCount=280 bboxReuseCount=1400 occlusionUpdateCount=139 occlusionReuseCount=1541
[ScenePerfProbe] sourceSeq=1680 processRealSceneMs=0.311 targetMappingMs=0.129 cameraControlMs=0.076 stage4Stage5UpdateMs=2.482 shaderInputApplyMs=0.000 annotationComputeMs=0.012 annotationBBoxMs=0.000 annotationOcclusionMs=0.000 annotationJsonMs=0.000 pandaDoFrameMs=16.894 readbackMs=1.923 frameCopyMs=0.682 jpegMs=9.185 readbackMode=EveryFrame copyRamAttached=1 quietPerfMode=1 bboxFastMode=cached_aabb_8corners annotationFastJsonMode=1 annotationOverlayInSensorImage=0 annotationJsonPerFrame=1 bboxUpdateCount=280 bboxReuseCount=1400 occlusionUpdateCount=139 occlusionReuseCount=1541 targetUpdateCullInvisible=1 targetUpdateTotal=10 targetUpdateVisible=5 targetUpdateSkippedBeyondFar=0 targetUpdateSkippedShaderApply=0
[Stage6 Capture] frameWidth=800 frameHeight=800 tcpWidth=800 tcpHeight=800 renderTextureWidth=800 renderTextureHeight=800 textureCropApplied=0 source=final_sensor channels=RGB8 readbackMode=EveryFrame readbackEveryN=1 copyRamAttached=1 copyRamMode=RTM_copy_ram tcpFrameReused=0 diagnostic_only=0 renderPath=direct_final sourceSeq=1680 readbackMs=2.12538 resizeMs=0 frameCopyMs=0.688333 tcpQueueDepth=1 annotationJsonPerFrame=1 annotationOverlayInSensorImage=0
[Stage5 Plume] targetType=0x22 targetPlatID=3 targetID=3 platform=AIM120D engineState=1 band=MWIR coreEnabled=1 haloEnabled=1 coreTempK=1800 haloTempK=1100 coreGray=1 haloGray=0.789749 coreOpacity=1 haloOpacity=0.405 coreVisible=1 haloVisible=1
[TcpFramePacket] frame=1680 imgBytes=9406 annotationBytes=1800 targets=5 width=800 height=800
[TcpPerf] sourceSeq=1680 outputOrdinal=1680 codec=jpeg requestedCodec=jpeg h264En=0 codecFallbackReason=none jpegQuality=95 jpegMode=gray jpegBytes=9406 encodeInputChannels=1 flipMs=2.152 resizeMs=0.000 jpegMs=7.746 tcpSendMs=0.140 queueDepth=0 queueWaitMs=0.001 overwritten=0
[SyncFrame] sourceSeq=1680 outputOrdinal=1680 inputQueueDepth=16 tcpQueueDepth=0 sourceSeqContinuous=1 videoFpsTarget=60.000 frameMs=13.671 latencyMs=336.948 readbackMs=2.125 flipMs=2.152 resizeMs=0.000 jpegMs=7.746 tcpSendMs=0.140 overrun=0 overwritten=0
[Stage6 MTF] sourceSeq=1680 enabled=0 effective=0 mode=GaussianSeparable effectiveMode=GaussianSinglePassSeparableWeights sigmaPixels=0.65 radiusPixels=2 passes=1 applyTo=final_display inputSize=800x800 outputSize=800x800 stage6MtfBlurMs=0 stage6MtfBlurScope=render_pass_upper_bound implementation=single_pass_gpu_separable_weights todo=true_two_pass_separable_if_needed
[Stage6 Noise] sourceSeq=1680 enabled=0 effective=0 applyTo=final_display position=BeforeAGC temporalEnabled=1 temporalSigma=0.005 fpnEnabled=0 fpnSigma=0.003 columnEnabled=0 columnSigma=0.002 rowEnabled=0 rowSigma=0.001 badPixelEnabled=0 badPixelRatio=0.0001 seed=12345 stage6DetectorNoiseMs=0 stage6DetectorNoiseScope=render_pass_upper_bound implementation=single_pass_gpu_hash_noise
[Stage6 AGC] sourceSeq=1680 enabled=0 effective=0 mode=Percentile statsSource=previous_readback updateHz=30 sampleCount=0 lowPercentile=2 highPercentile=98 lowInput=0 highInput=1 gain=1 offset=0 gainSmoothed=1 offsetSmoothed=0 valid=0 fallbackReason=disabled stage6AgcStatsMs=0
[RenderPerfProbe] pandaDoFrameMs=18.398 renderPath=direct_final graphicsOutputCount=1 activeDisplayRegionCount=1 rawPassEnabled=0 finalPassEnabled=1 annotationOverlayEnabled=0 readbackMode=EveryFrame readbackEveryN=1 copyRamAttached=1 copyRamMode=RTM_copy_ram quietPerfMode=1 bboxFastMode=cached_aabb_8corners processRealSceneMs=0.227 targetMappingMs=0.135 cameraControlMs=0.014 stage4Stage5UpdateMs=2.182 shaderInputApplyMs=0.000 readbackMs=1.886 frameCopyMs=0.929 jpegMs=7.882 annotationMs=0.004 annotationBBoxMs=0.000 annotationOcclusionMs=0.000 annotationJsonMs=0.000 annotationTargets=5 bboxUpdateCount=288 bboxReuseCount=1440 occlusionUpdateCount=143 occlusionReuseCount=1585 targetUpdateCullInvisible=1 targetUpdateTotal=10 targetUpdateVisible=5 targetUpdateSkippedBeyondFar=0 targetUpdateSkippedShaderApply=0
[AnnotationCollisionCache] platform=AIM120D targetID=3 built=0 reused=1 triangles=1532 solids=1532
[Perf] mode=sync videoFpsTarget=60.000 udpFps=48.955 renderFps=48.955 outputFps=48.955 sceneUpdateMs=2.436 annotationMs=2.213 irUpdateMs=1.136 irEnvBuildMs=0.013 stage7SkyGroundMs=0.675 platformRadianceMs=0.014 targetRadianceMs=0.116 stage4HotspotMs=0.745 stage5PlumeMs=0.369 stage5RadianceComponentMs=0.639 stage5AeroThermalMs=0.009 stage5ModtranLookupMs=0.000 shaderInputApplyMs=1.560 shaderInputApplyScope=exclusive stage7SkyGroundScope=inclusive stage4HotspotScope=inclusive shaderInputSetCount=571 shaderInputSkipCount=23547 shaderInputCacheHitRate=97.632 stage5ModtranCacheHitCount=0 stage5ModtranCacheMissCount=0 stage7FullUpdateCount=16 stage7PositionOnlyCount=33 stage7SkipCount=0 stage4UpdateCount=0 stage4SkipCount=245 plumeUpdateMs=0.273 renderMs=17.885 stage6MtfBlurMs=0.000 stage6MtfBlurScope=render_pass_upper_bound mtfBlurEnabled=0 mtfBlurSigmaPixels=0.650 mtfBlurRadiusPixels=2 stage6DetectorNoiseMs=0.000 stage6DetectorNoiseScope=render_pass_upper_bound detectorNoiseEnabled=0 temporalNoiseSigmaGray=0.005 fpnSigmaGray=0.003 columnNoiseSigmaGray=0.002 rowNoiseSigmaGray=0.001 badPixelRatio=0.000 noisePosition=BeforeAGC stage6AgcStatsMs=0.000 stage6AgcApplyMs=0.000 agcEnabled=0 agcMode=Percentile agcGain=1.000 agcOffset=0.000 agcLowInput=0.000 agcHighInput=1.000 agcSampleCount=0 readbackMs=1.930 resizeMs=0.000 frameCopyMs=0.707 jpegMs=8.345 tcpSendMs=0.165 tcpQueueDepth=0 tcpQueueDepthMax=1 inputQueueDepth=16 inputQueueDepthMax=16 sourceSeqLag=17 latencyAvgMs=358.201 latencyMaxMs=385.494 syncOverrunCount=1442 inputQueueOverflowCount=0 udpFrames=1770 renderFrames=1752 outputFrames=1753
[Perf][WARN] outputFps=48.955 targetFps=60.000 bottleneckSummary=below_60hz irUpdateMs=1.136 stage5ModtranLookupMs=0.000 stage5RadianceComponentMs=0.639 stage5AeroThermalMs=0.009 stage4HotspotMs=0.745 stage7SkyGroundMs=0.675 shaderInputApplyMs=1.560 annotationMs=2.213 renderMs=17.885 stage6MtfBlurMs=0.000 stage6DetectorNoiseMs=0.000 stage6AgcStatsMs=0.000 readbackMs=1.930 jpegMs=8.345 tcpSendMs=0.165 inputQueueDepth=16 sourceSeqLag=17 note=recorderWriteMs_is_reported_by_VideoDisplay_RecorderPerf
[SyncFrame][WARN] inputQueueBackpressure sourceSeq=1793 backpressureCount=1320 queueDepth=16 queueCapacity=16 action=wait_for_space
[TcpPerf] sourceSeq=1777 outputOrdinal=1777 codec=jpeg requestedCodec=jpeg h264En=0 codecFallbackReason=none jpegQuality=95 jpegMode=gray jpegBytes=10112 encodeInputChannels=1 flipMs=2.146 resizeMs=0.000 jpegMs=8.230 tcpSendMs=0.162 queueDepth=0 queueWaitMs=0.001 overwritten=0
接收UDP数据，长度：506字节，来自：192.168.1.188:9999 packet=1800
解析UDP数据，flag：0x38 packet=1800
[Stage0] Display packet #1800: platID=1, sensorID=1, targetNumValid=5, timeMs=1.78246e+12
处理实时成像数据...
实时数据更新完成，时间戳=1.78246e+12ms
[CameraControl] mode=lookat targetPlatID=3 targetID=34 relPitch=-16.2963 relYaw=8.63156 range=13340.5
[Stage6 FrameDiag] frameIndex=1.78246e+12 packet=1816 band=MWIR whiteHot=1 displayGain=1 displayOffset=0 noiseEnable=0 noiseSigmaGray=0 route=final_sensor targetVisibleCount=5 targetMappedCount=5 hiddenByTargetNum=0 hiddenByTargetViewValid=0 hiddenByWeaponViewValid=0 beyondFarClip=0 skyVisible=1 cameraHpr=-8.63156,-16.2963,0 sensorFovH=0.0999999 sensorFovV=0.0999999 near=1 far=50000
[AnnotationFastPath] enabled=1 frame=1800 bboxDue=0 occlusionDue=0 updateProjection=0 reused=1 bboxUpdateHz=10 occlusionUpdateHz=5 reuseLastWhenSkipped=1 drawOverlay=0 jsonPerFrame=1 quietPerfMode=1 bboxUpdateCount=300 bboxReuseCount=1500 occlusionUpdateCount=149 occlusionReuseCount=1651
[ScenePerfProbe] sourceSeq=1800 processRealSceneMs=0.306 targetMappingMs=0.133 cameraControlMs=0.074 stage4Stage5UpdateMs=2.106 shaderInputApplyMs=0.000 annotationComputeMs=0.011 annotationBBoxMs=0.000 annotationOcclusionMs=0.000 annotationJsonMs=0.000 pandaDoFrameMs=17.018 readbackMs=1.865 frameCopyMs=0.697 jpegMs=8.753 readbackMode=EveryFrame copyRamAttached=1 quietPerfMode=1 bboxFastMode=cached_aabb_8corners annotationFastJsonMode=1 annotationOverlayInSensorImage=0 annotationJsonPerFrame=1 bboxUpdateCount=300 bboxReuseCount=1500 occlusionUpdateCount=149 occlusionReuseCount=1651 targetUpdateCullInvisible=1 targetUpdateTotal=10 targetUpdateVisible=5 targetUpdateSkippedBeyondFar=0 targetUpdateSkippedShaderApply=0
[Stage6 Capture] frameWidth=800 frameHeight=800 tcpWidth=800 tcpHeight=800 renderTextureWidth=800 renderTextureHeight=800 textureCropApplied=0 source=final_sensor channels=RGB8 readbackMode=EveryFrame readbackEveryN=1 copyRamAttached=1 copyRamMode=RTM_copy_ram tcpFrameReused=0 diagnostic_only=0 renderPath=direct_final sourceSeq=1800 readbackMs=1.92675 resizeMs=0 frameCopyMs=0.686291 tcpQueueDepth=1 annotationJsonPerFrame=1 annotationOverlayInSensorImage=0
[Stage5 Plume] targetType=0x22 targetPlatID=3 targetID=3 platform=AIM120D engineState=1 band=MWIR coreEnabled=1 haloEnabled=1 coreTempK=1800 haloTempK=1100 coreGray=1 haloGray=0.789749 coreOpacity=1 haloOpacity=0.405 coreVisible=1 haloVisible=1
[TcpFramePacket] frame=1800 imgBytes=10144 annotationBytes=1800 targets=5 width=800 height=800
[TcpPerf] sourceSeq=1800 outputOrdinal=1800 codec=jpeg requestedCodec=jpeg h264En=0 codecFallbackReason=none jpegQuality=95 jpegMode=gray jpegBytes=10144 encodeInputChannels=1 flipMs=2.354 resizeMs=0.000 jpegMs=7.553 tcpSendMs=0.154 queueDepth=0 queueWaitMs=0.001 overwritten=0
[SyncFrame] sourceSeq=1800 outputOrdinal=1800 inputQueueDepth=16 tcpQueueDepth=0 sourceSeqContinuous=1 videoFpsTarget=60.000 frameMs=13.451 latencyMs=345.556 readbackMs=1.927 flipMs=2.354 resizeMs=0.000 jpegMs=7.553 tcpSendMs=0.154 overrun=0 overwritten=0
[Stage6 MTF] sourceSeq=1800 enabled=0 effective=0 mode=GaussianSeparable effectiveMode=GaussianSinglePassSeparableWeights sigmaPixels=0.65 radiusPixels=2 passes=1 applyTo=final_display inputSize=800x800 outputSize=800x800 stage6MtfBlurMs=0 stage6MtfBlurScope=render_pass_upper_bound implementation=single_pass_gpu_separable_weights todo=true_two_pass_separable_if_needed
[Stage6 Noise] sourceSeq=1800 enabled=0 effective=0 applyTo=final_display position=BeforeAGC temporalEnabled=1 temporalSigma=0.005 fpnEnabled=0 fpnSigma=0.003 columnEnabled=0 columnSigma=0.002 rowEnabled=0 rowSigma=0.001 badPixelEnabled=0 badPixelRatio=0.0001 seed=12345 stage6DetectorNoiseMs=0 stage6DetectorNoiseScope=render_pass_upper_bound implementation=single_pass_gpu_hash_noise
[Stage6 AGC] sourceSeq=1800 enabled=0 effective=0 mode=Percentile statsSource=previous_readback updateHz=30 sampleCount=0 lowPercentile=2 highPercentile=98 lowInput=0 highInput=1 gain=1 offset=0 gainSmoothed=1 offsetSmoothed=0 valid=0 fallbackReason=disabled stage6AgcStatsMs=0
[RenderPerfProbe] pandaDoFrameMs=18.607 renderPath=direct_final graphicsOutputCount=1 activeDisplayRegionCount=1 rawPassEnabled=0 finalPassEnabled=1 annotationOverlayEnabled=0 readbackMode=EveryFrame readbackEveryN=1 copyRamAttached=1 copyRamMode=RTM_copy_ram quietPerfMode=1 bboxFastMode=cached_aabb_8corners processRealSceneMs=0.221 targetMappingMs=0.132 cameraControlMs=0.016 stage4Stage5UpdateMs=2.075 shaderInputApplyMs=0.000 readbackMs=1.904 frameCopyMs=0.720 jpegMs=9.040 annotationMs=0.004 annotationBBoxMs=0.000 annotationOcclusionMs=0.000 annotationJsonMs=0.000 annotationTargets=5 bboxUpdateCount=308 bboxReuseCount=1540 occlusionUpdateCount=153 occlusionReuseCount=1695 targetUpdateCullInvisible=1 targetUpdateTotal=10 targetUpdateVisible=5 targetUpdateSkippedBeyondFar=0 targetUpdateSkippedShaderApply=0
[Perf] mode=sync videoFpsTarget=60.000 udpFps=48.413 renderFps=48.912 outputFps=48.413 sceneUpdateMs=2.282 annotationMs=2.050 irUpdateMs=1.154 irEnvBuildMs=0.005 stage7SkyGroundMs=0.718 platformRadianceMs=0.018 targetRadianceMs=0.066 stage4HotspotMs=0.710 stage5PlumeMs=0.246 stage5RadianceComponentMs=0.601 stage5AeroThermalMs=0.010 stage5ModtranLookupMs=0.000 shaderInputApplyMs=1.555 shaderInputApplyScope=exclusive stage7SkyGroundScope=inclusive stage4HotspotScope=inclusive shaderInputSetCount=573 shaderInputSkipCount=23711 shaderInputCacheHitRate=97.640 stage5ModtranCacheHitCount=0 stage5ModtranCacheMissCount=0 stage7FullUpdateCount=17 stage7PositionOnlyCount=32 stage7SkipCount=0 stage4UpdateCount=0 stage4SkipCount=245 plumeUpdateMs=0.264 renderMs=18.232 stage6MtfBlurMs=0.000 stage6MtfBlurScope=render_pass_upper_bound mtfBlurEnabled=0 mtfBlurSigmaPixels=0.650 mtfBlurRadiusPixels=2 stage6DetectorNoiseMs=0.000 stage6DetectorNoiseScope=render_pass_upper_bound detectorNoiseEnabled=0 temporalNoiseSigmaGray=0.005 fpnSigmaGray=0.003 columnNoiseSigmaGray=0.002 rowNoiseSigmaGray=0.001 badPixelRatio=0.000 noisePosition=BeforeAGC stage6AgcStatsMs=0.000 stage6AgcApplyMs=0.000 agcEnabled=0 agcMode=Percentile agcGain=1.000 agcOffset=0.000 agcLowInput=0.000 agcHighInput=1.000 agcSampleCount=0 readbackMs=1.943 resizeMs=0.000 frameCopyMs=0.709 jpegMs=8.326 tcpSendMs=0.168 tcpQueueDepth=0 tcpQueueDepthMax=1 inputQueueDepth=16 inputQueueDepthMax=16 sourceSeqLag=17 latencyAvgMs=364.542 latencyMaxMs=401.922 syncOverrunCount=1547 inputQueueOverflowCount=0 udpFrames=1867 renderFrames=1850 outputFrames=1850
[Perf][WARN] outputFps=48.413 targetFps=60.000 bottleneckSummary=below_60hz irUpdateMs=1.154 stage5ModtranLookupMs=0.000 stage5RadianceComponentMs=0.601 stage5AeroThermalMs=0.010 stage4HotspotMs=0.710 stage7SkyGroundMs=0.718 shaderInputApplyMs=1.555 annotationMs=2.050 renderMs=18.232 stage6MtfBlurMs=0.000 stage6DetectorNoiseMs=0.000 stage6AgcStatsMs=0.000 readbackMs=1.943 jpegMs=8.326 tcpSendMs=0.168 inputQueueDepth=16 sourceSeqLag=17 note=recorderWriteMs_is_reported_by_VideoDisplay_RecorderPerf
[SyncFrame][WARN] inputQueueBackpressure sourceSeq=1913 backpressureCount=1440 queueDepth=16 queueCapacity=16 action=wait_for_space
[TcpPerf] sourceSeq=1897 outputOrdinal=1897 codec=jpeg requestedCodec=jpeg h264En=0 codecFallbackReason=none jpegQuality=95 jpegMode=gray jpegBytes=10592 encodeInputChannels=1 flipMs=2.111 resizeMs=0.000 jpegMs=7.954 tcpSendMs=0.147 queueDepth=0 queueWaitMs=0.001 overwritten=0
接收UDP数据，长度：506字节，来自：192.168.1.188:9999 packet=1920
解析UDP数据，flag：0x38 packet=1920
[Stage0] Display packet #1920: platID=1, sensorID=1, targetNumValid=5, timeMs=1.78246e+12
处理实时成像数据...
实时数据更新完成，时间戳=1.78246e+12ms
[Stage5 PlumePerf] plumeNodeCount=16 visiblePlumeCount=2 textureLoadCountThisFrame=0 updateHz=30 updatePlumeMs=0.262092 updatePlumeMsMax=0.482416 perfBudgetMs=1
[TargetUpdateCull] enabled=1 total=10 visible=5 skippedBeyondFar=0 skippedShaderApply=0 shaderInputApplyMs=1.5123 stage4Stage5UpdateMs=2.68363
[CameraControl] mode=lookat targetPlatID=3 targetID=34 relPitch=-17.107 relYaw=9.03874 range=12606.6
[Stage6 FrameDiag] frameIndex=1.78246e+12 packet=1936 band=MWIR whiteHot=1 displayGain=1 displayOffset=0 noiseEnable=0 noiseSigmaGray=0 route=final_sensor targetVisibleCount=5 targetMappedCount=5 hiddenByTargetNum=0 hiddenByTargetViewValid=0 hiddenByWeaponViewValid=0 beyondFarClip=0 skyVisible=1 cameraHpr=-9.03874,-17.107,0 sensorFovH=0.0999999 sensorFovV=0.0999999 near=1 far=50000
[AnnotationFastPath] enabled=1 frame=1920 bboxDue=0 occlusionDue=0 updateProjection=0 reused=1 bboxUpdateHz=10 occlusionUpdateHz=5 reuseLastWhenSkipped=1 drawOverlay=0 jsonPerFrame=1 quietPerfMode=1 bboxUpdateCount=320 bboxReuseCount=1600 occlusionUpdateCount=159 occlusionReuseCount=1761
[ScenePerfProbe] sourceSeq=1920 processRealSceneMs=0.317 targetMappingMs=0.140 cameraControlMs=0.076 stage4Stage5UpdateMs=2.093 shaderInputApplyMs=0.000 annotationComputeMs=0.012 annotationBBoxMs=0.000 annotationOcclusionMs=0.000 annotationJsonMs=0.000 pandaDoFrameMs=16.801 readbackMs=1.866 frameCopyMs=0.681 jpegMs=9.306 readbackMode=EveryFrame copyRamAttached=1 quietPerfMode=1 bboxFastMode=cached_aabb_8corners annotationFastJsonMode=1 annotationOverlayInSensorImage=0 annotationJsonPerFrame=1 bboxUpdateCount=320 bboxReuseCount=1600 occlusionUpdateCount=159 occlusionReuseCount=1761 targetUpdateCullInvisible=1 targetUpdateTotal=10 targetUpdateVisible=5 targetUpdateSkippedBeyondFar=0 targetUpdateSkippedShaderApply=0
[Stage6 Capture] frameWidth=800 frameHeight=800 tcpWidth=800 tcpHeight=800 renderTextureWidth=800 renderTextureHeight=800 textureCropApplied=0 source=final_sensor channels=RGB8 readbackMode=EveryFrame readbackEveryN=1 copyRamAttached=1 copyRamMode=RTM_copy_ram tcpFrameReused=0 diagnostic_only=0 renderPath=direct_final sourceSeq=1920 readbackMs=1.90896 resizeMs=0 frameCopyMs=0.700583 tcpQueueDepth=1 annotationJsonPerFrame=1 annotationOverlayInSensorImage=0
[Stage5 Plume] targetType=0x22 targetPlatID=3 targetID=3 platform=AIM120D engineState=1 band=MWIR coreEnabled=1 haloEnabled=1 coreTempK=1800 haloTempK=1100 coreGray=1 haloGray=0.789749 coreOpacity=1 haloOpacity=0.405 coreVisible=1 haloVisible=1
[TcpFramePacket] frame=1920 imgBytes=10464 annotationBytes=1800 targets=5 width=800 height=800
[TcpPerf] sourceSeq=1920 outputOrdinal=1920 codec=jpeg requestedCodec=jpeg h264En=0 codecFallbackReason=none jpegQuality=95 jpegMode=gray jpegBytes=10464 encodeInputChannels=1 flipMs=2.099 resizeMs=0.000 jpegMs=9.201 tcpSendMs=0.154 queueDepth=0 queueWaitMs=0.001 overwritten=0
[SyncFrame] sourceSeq=1920 outputOrdinal=1920 inputQueueDepth=16 tcpQueueDepth=0 sourceSeqContinuous=1 videoFpsTarget=60.000 frameMs=14.960 latencyMs=341.729 readbackMs=1.909 flipMs=2.099 resizeMs=0.000 jpegMs=9.201 tcpSendMs=0.154 overrun=0 overwritten=0
[Stage6 MTF] sourceSeq=1920 enabled=0 effective=0 mode=GaussianSeparable effectiveMode=GaussianSinglePassSeparableWeights sigmaPixels=0.65 radiusPixels=2 passes=1 applyTo=final_display inputSize=800x800 outputSize=800x800 stage6MtfBlurMs=0 stage6MtfBlurScope=render_pass_upper_bound implementation=single_pass_gpu_separable_weights todo=true_two_pass_separable_if_needed
[Stage6 Noise] sourceSeq=1920 enabled=0 effective=0 applyTo=final_display position=BeforeAGC temporalEnabled=1 temporalSigma=0.005 fpnEnabled=0 fpnSigma=0.003 columnEnabled=0 columnSigma=0.002 rowEnabled=0 rowSigma=0.001 badPixelEnabled=0 badPixelRatio=0.0001 seed=12345 stage6DetectorNoiseMs=0 stage6DetectorNoiseScope=render_pass_upper_bound implementation=single_pass_gpu_hash_noise
[Stage6 AGC] sourceSeq=1920 enabled=0 effective=0 mode=Percentile statsSource=previous_readback updateHz=30 sampleCount=0 lowPercentile=2 highPercentile=98 lowInput=0 highInput=1 gain=1 offset=0 gainSmoothed=1 offsetSmoothed=0 valid=0 fallbackReason=disabled stage6AgcStatsMs=0
[Perf] mode=sync videoFpsTarget=60.000 udpFps=50.443 renderFps=49.943 outputFps=50.443 sceneUpdateMs=1.933 annotationMs=1.706 irUpdateMs=1.141 irEnvBuildMs=0.006 stage7SkyGroundMs=0.760 platformRadianceMs=0.015 targetRadianceMs=0.063 stage4HotspotMs=0.691 stage5PlumeMs=0.245 stage5RadianceComponentMs=0.583 stage5AeroThermalMs=0.010 stage5ModtranLookupMs=0.000 shaderInputApplyMs=1.523 shaderInputApplyScope=exclusive stage7SkyGroundScope=inclusive stage4HotspotScope=inclusive shaderInputSetCount=582 shaderInputSkipCount=23974 shaderInputCacheHitRate=97.630 stage5ModtranCacheHitCount=0 stage5ModtranCacheMissCount=0 stage7FullUpdateCount=16 stage7PositionOnlyCount=34 stage7SkipCount=0 stage4UpdateCount=0 stage4SkipCount=250 plumeUpdateMs=0.255 renderMs=17.846 stage6MtfBlurMs=0.000 stage6MtfBlurScope=render_pass_upper_bound mtfBlurEnabled=0 mtfBlurSigmaPixels=0.650 mtfBlurRadiusPixels=2 stage6DetectorNoiseMs=0.000 stage6DetectorNoiseScope=render_pass_upper_bound detectorNoiseEnabled=0 temporalNoiseSigmaGray=0.005 fpnSigmaGray=0.003 columnNoiseSigmaGray=0.002 rowNoiseSigmaGray=0.001 badPixelRatio=0.000 noisePosition=BeforeAGC stage6AgcStatsMs=0.000 stage6AgcApplyMs=0.000 agcEnabled=0 agcMode=Percentile agcGain=1.000 agcOffset=0.000 agcLowInput=0.000 agcHighInput=1.000 agcSampleCount=0 readbackMs=1.925 resizeMs=0.000 frameCopyMs=0.713 jpegMs=8.222 tcpSendMs=0.160 tcpQueueDepth=0 tcpQueueDepthMax=1 inputQueueDepth=16 inputQueueDepthMax=16 sourceSeqLag=17 latencyAvgMs=355.438 latencyMaxMs=378.692 syncOverrunCount=1656 inputQueueOverflowCount=0 udpFrames=1968 renderFrames=1950 outputFrames=1951
[Perf][WARN] outputFps=50.443 targetFps=60.000 bottleneckSummary=below_60hz irUpdateMs=1.141 stage5ModtranLookupMs=0.000 stage5RadianceComponentMs=0.583 stage5AeroThermalMs=0.010 stage4HotspotMs=0.691 stage7SkyGroundMs=0.760 shaderInputApplyMs=1.523 annotationMs=1.706 renderMs=17.846 stage6MtfBlurMs=0.000 stage6DetectorNoiseMs=0.000 stage6AgcStatsMs=0.000 readbackMs=1.925 jpegMs=8.222 tcpSendMs=0.160 inputQueueDepth=16 sourceSeqLag=17 note=recorderWriteMs_is_reported_by_VideoDisplay_RecorderPerf
[RenderPerfProbe] pandaDoFrameMs=18.367 renderPath=direct_final graphicsOutputCount=1 activeDisplayRegionCount=1 rawPassEnabled=0 finalPassEnabled=1 annotationOverlayEnabled=0 readbackMode=EveryFrame readbackEveryN=1 copyRamAttached=1 copyRamMode=RTM_copy_ram quietPerfMode=1 bboxFastMode=cached_aabb_8corners processRealSceneMs=0.228 targetMappingMs=0.139 cameraControlMs=0.016 stage4Stage5UpdateMs=2.115 shaderInputApplyMs=0.000 readbackMs=1.924 frameCopyMs=0.691 jpegMs=9.017 annotationMs=0.003 annotationBBoxMs=0.000 annotationOcclusionMs=0.000 annotationJsonMs=0.000 annotationTargets=5 bboxUpdateCount=328 bboxReuseCount=1640 occlusionUpdateCount=163 occlusionReuseCount=1805 targetUpdateCullInvisible=1 targetUpdateTotal=10 targetUpdateVisible=5 targetUpdateSkippedBeyondFar=0 targetUpdateSkippedShaderApply=0
[SyncFrame][WARN] inputQueueBackpressure sourceSeq=2033 backpressureCount=1560 queueDepth=16 queueCapacity=16 action=wait_for_space
[AnnotationCollisionCache] platform=AIM120D targetID=3 built=0 reused=1 triangles=1532 solids=1532
接收UDP数据，长度：506字节，来自：192.168.1.188:9999 packet=2040
解析UDP数据，flag：0x38 packet=2040
[TcpPerf] sourceSeq=2022 outputOrdinal=2022 codec=jpeg requestedCodec=jpeg h264En=0 codecFallbackReason=none jpegQuality=95 jpegMode=gray jpegBytes=10565 encodeInputChannels=1 flipMs=2.104 resizeMs=0.000 jpegMs=9.283 tcpSendMs=0.178 queueDepth=0 queueWaitMs=0.001 overwritten=0
[Stage0] Display packet #2040: platID=1, sensorID=1, targetNumValid=5, timeMs=1.78246e+12
处理实时成像数据...
实时数据更新完成，时间戳=1.78246e+12ms
[CameraControl] mode=lookat targetPlatID=3 targetID=34 relPitch=-17.9939 relYaw=9.28941 range=11867.9
[Stage6 FrameDiag] frameIndex=1.78246e+12 packet=2056 band=MWIR whiteHot=1 displayGain=1 displayOffset=0 noiseEnable=0 noiseSigmaGray=0 route=final_sensor targetVisibleCount=5 targetMappedCount=5 hiddenByTargetNum=0 hiddenByTargetViewValid=0 hiddenByWeaponViewValid=0 beyondFarClip=0 skyVisible=1 cameraHpr=-9.2894,-17.9939,0 sensorFovH=0.0999999 sensorFovV=0.0999999 near=1 far=50000
[AnnotationFastPath] enabled=1 frame=2040 bboxDue=0 occlusionDue=0 updateProjection=0 reused=1 bboxUpdateHz=10 occlusionUpdateHz=5 reuseLastWhenSkipped=1 drawOverlay=0 jsonPerFrame=1 quietPerfMode=1 bboxUpdateCount=340 bboxReuseCount=1700 occlusionUpdateCount=169 occlusionReuseCount=1871
[ScenePerfProbe] sourceSeq=2040 processRealSceneMs=0.341 targetMappingMs=0.137 cameraControlMs=0.077 stage4Stage5UpdateMs=2.157 shaderInputApplyMs=0.000 annotationComputeMs=0.012 annotationBBoxMs=0.000 annotationOcclusionMs=0.000 annotationJsonMs=0.000 pandaDoFrameMs=17.258 readbackMs=1.926 frameCopyMs=0.696 jpegMs=8.859 readbackMode=EveryFrame copyRamAttached=1 quietPerfMode=1 bboxFastMode=cached_aabb_8corners annotationFastJsonMode=1 annotationOverlayInSensorImage=0 annotationJsonPerFrame=1 bboxUpdateCount=340 bboxReuseCount=1700 occlusionUpdateCount=169 occlusionReuseCount=1871 targetUpdateCullInvisible=1 targetUpdateTotal=10 targetUpdateVisible=5 targetUpdateSkippedBeyondFar=0 targetUpdateSkippedShaderApply=0
[Stage6 Capture] frameWidth=800 frameHeight=800 tcpWidth=800 tcpHeight=800 renderTextureWidth=800 renderTextureHeight=800 textureCropApplied=0 source=final_sensor channels=RGB8 readbackMode=EveryFrame readbackEveryN=1 copyRamAttached=1 copyRamMode=RTM_copy_ram tcpFrameReused=0 diagnostic_only=0 renderPath=direct_final sourceSeq=2040 readbackMs=1.82787 resizeMs=0 frameCopyMs=0.680167 tcpQueueDepth=1 annotationJsonPerFrame=1 annotationOverlayInSensorImage=0
[Stage5 Plume] targetType=0x22 targetPlatID=3 targetID=3 platform=AIM120D engineState=1 band=MWIR coreEnabled=1 haloEnabled=1 coreTempK=1800 haloTempK=1100 coreGray=1 haloGray=0.789749 coreOpacity=1 haloOpacity=0.405 coreVisible=1 haloVisible=1
[TcpFramePacket] frame=2040 imgBytes=10956 annotationBytes=1800 targets=5 width=800 height=800
[TcpPerf] sourceSeq=2040 outputOrdinal=2040 codec=jpeg requestedCodec=jpeg h264En=0 codecFallbackReason=none jpegQuality=95 jpegMode=gray jpegBytes=10956 encodeInputChannels=1 flipMs=2.165 resizeMs=0.000 jpegMs=7.881 tcpSendMs=0.150 queueDepth=0 queueWaitMs=0.001 overwritten=0
[SyncFrame] sourceSeq=2040 outputOrdinal=2040 inputQueueDepth=16 tcpQueueDepth=0 sourceSeqContinuous=1 videoFpsTarget=60.000 frameMs=13.644 latencyMs=341.863 readbackMs=1.828 flipMs=2.165 resizeMs=0.000 jpegMs=7.881 tcpSendMs=0.150 overrun=0 overwritten=0
[Stage6 MTF] sourceSeq=2040 enabled=0 effective=0 mode=GaussianSeparable effectiveMode=GaussianSinglePassSeparableWeights sigmaPixels=0.65 radiusPixels=2 passes=1 applyTo=final_display inputSize=800x800 outputSize=800x800 stage6MtfBlurMs=0 stage6MtfBlurScope=render_pass_upper_bound implementation=single_pass_gpu_separable_weights todo=true_two_pass_separable_if_needed
[Stage6 Noise] sourceSeq=2040 enabled=0 effective=0 applyTo=final_display position=BeforeAGC temporalEnabled=1 temporalSigma=0.005 fpnEnabled=0 fpnSigma=0.003 columnEnabled=0 columnSigma=0.002 rowEnabled=0 rowSigma=0.001 badPixelEnabled=0 badPixelRatio=0.0001 seed=12345 stage6DetectorNoiseMs=0 stage6DetectorNoiseScope=render_pass_upper_bound implementation=single_pass_gpu_hash_noise
[Stage6 AGC] sourceSeq=2040 enabled=0 effective=0 mode=Percentile statsSource=previous_readback updateHz=30 sampleCount=0 lowPercentile=2 highPercentile=98 lowInput=0 highInput=1 gain=1 offset=0 gainSmoothed=1 offsetSmoothed=0 valid=0 fallbackReason=disabled stage6AgcStatsMs=0
[Perf] mode=sync videoFpsTarget=60.000 udpFps=50.121 renderFps=50.121 outputFps=50.121 sceneUpdateMs=1.905 annotationMs=1.681 irUpdateMs=1.143 irEnvBuildMs=0.005 stage7SkyGroundMs=0.699 platformRadianceMs=0.015 targetRadianceMs=0.069 stage4HotspotMs=0.710 stage5PlumeMs=0.269 stage5RadianceComponentMs=0.602 stage5AeroThermalMs=0.010 stage5ModtranLookupMs=0.000 shaderInputApplyMs=1.531 shaderInputApplyScope=exclusive stage7SkyGroundScope=inclusive stage4HotspotScope=inclusive shaderInputSetCount=595 shaderInputSkipCount=24565 shaderInputCacheHitRate=97.635 stage5ModtranCacheHitCount=0 stage5ModtranCacheMissCount=0 stage7FullUpdateCount=17 stage7PositionOnlyCount=34 stage7SkipCount=0 stage4UpdateCount=0 stage4SkipCount=255 plumeUpdateMs=0.252 renderMs=17.945 stage6MtfBlurMs=0.000 stage6MtfBlurScope=render_pass_upper_bound mtfBlurEnabled=0 mtfBlurSigmaPixels=0.650 mtfBlurRadiusPixels=2 stage6DetectorNoiseMs=0.000 stage6DetectorNoiseScope=render_pass_upper_bound detectorNoiseEnabled=0 temporalNoiseSigmaGray=0.005 fpnSigmaGray=0.003 columnNoiseSigmaGray=0.002 rowNoiseSigmaGray=0.001 badPixelRatio=0.000 noisePosition=BeforeAGC stage6AgcStatsMs=0.000 stage6AgcApplyMs=0.000 agcEnabled=0 agcMode=Percentile agcGain=1.000 agcOffset=0.000 agcLowInput=0.000 agcHighInput=1.000 agcSampleCount=0 readbackMs=1.938 resizeMs=0.000 frameCopyMs=0.713 jpegMs=8.475 tcpSendMs=0.166 tcpQueueDepth=0 tcpQueueDepthMax=1 inputQueueDepth=16 inputQueueDepthMax=16 sourceSeqLag=17 latencyAvgMs=348.610 latencyMaxMs=383.910 syncOverrunCount=1767 inputQueueOverflowCount=0 udpFrames=2070 renderFrames=2052 outputFrames=2053
[Perf][WARN] outputFps=50.121 targetFps=60.000 bottleneckSummary=below_60hz irUpdateMs=1.143 stage5ModtranLookupMs=0.000 stage5RadianceComponentMs=0.602 stage5AeroThermalMs=0.010 stage4HotspotMs=0.710 stage7SkyGroundMs=0.699 shaderInputApplyMs=1.531 annotationMs=1.681 renderMs=17.945 stage6MtfBlurMs=0.000 stage6DetectorNoiseMs=0.000 stage6AgcStatsMs=0.000 readbackMs=1.938 jpegMs=8.475 tcpSendMs=0.166 inputQueueDepth=16 sourceSeqLag=17 note=recorderWriteMs_is_reported_by_VideoDisplay_RecorderPerf
[RenderPerfProbe] pandaDoFrameMs=18.334 renderPath=direct_final graphicsOutputCount=1 activeDisplayRegionCount=1 rawPassEnabled=0 finalPassEnabled=1 annotationOverlayEnabled=0 readbackMode=EveryFrame readbackEveryN=1 copyRamAttached=1 copyRamMode=RTM_copy_ram quietPerfMode=1 bboxFastMode=cached_aabb_8corners processRealSceneMs=0.221 targetMappingMs=0.131 cameraControlMs=0.013 stage4Stage5UpdateMs=2.313 shaderInputApplyMs=0.000 readbackMs=1.875 frameCopyMs=0.709 jpegMs=3.668 annotationMs=0.003 annotationBBoxMs=0.000 annotationOcclusionMs=0.000 annotationJsonMs=0.000 annotationTargets=5 bboxUpdateCount=348 bboxReuseCount=1740 occlusionUpdateCount=173 occlusionReuseCount=1915 targetUpdateCullInvisible=1 targetUpdateTotal=10 targetUpdateVisible=5 targetUpdateSkippedBeyondFar=0 targetUpdateSkippedShaderApply=0
[SyncFrame][WARN] inputQueueBackpressure sourceSeq=2153 backpressureCount=1680 queueDepth=16 queueCapacity=16 action=wait_for_space
[TcpPerf] sourceSeq=2138 outputOrdinal=2138 codec=jpeg requestedCodec=jpeg h264En=0 codecFallbackReason=none jpegQuality=95 jpegMode=gray jpegBytes=11334 encodeInputChannels=1 flipMs=2.470 resizeMs=0.000 jpegMs=7.721 tcpSendMs=0.145 queueDepth=0 queueWaitMs=0.001 overwritten=0
接收UDP数据，长度：506字节，来自：192.168.1.188:9999 packet=2160
解析UDP数据，flag：0x38 packet=2160
[Stage0] Display packet #2160: platID=1, sensorID=1, targetNumValid=5, timeMs=1.78246e+12
处理实时成像数据...
实时数据更新完成，时间戳=1.78246e+12ms
[Perf] mode=sync videoFpsTarget=60.000 udpFps=49.682 renderFps=49.682 outputFps=49.682 sceneUpdateMs=2.024 annotationMs=1.799 irUpdateMs=1.171 irEnvBuildMs=0.006 stage7SkyGroundMs=1.025 platformRadianceMs=0.016 targetRadianceMs=0.064 stage4HotspotMs=0.642 stage5PlumeMs=0.247 stage5RadianceComponentMs=0.545 stage5AeroThermalMs=0.010 stage5ModtranLookupMs=0.000 shaderInputApplyMs=1.685 shaderInputApplyScope=exclusive stage7SkyGroundScope=inclusive stage4HotspotScope=inclusive shaderInputSetCount=584 shaderInputSkipCount=24138 shaderInputCacheHitRate=97.638 stage5ModtranCacheHitCount=0 stage5ModtranCacheMissCount=0 stage7FullUpdateCount=17 stage7PositionOnlyCount=33 stage7SkipCount=0 stage4UpdateCount=0 stage4SkipCount=250 plumeUpdateMs=0.260 renderMs=18.009 stage6MtfBlurMs=0.000 stage6MtfBlurScope=render_pass_upper_bound mtfBlurEnabled=0 mtfBlurSigmaPixels=0.650 mtfBlurRadiusPixels=2 stage6DetectorNoiseMs=0.000 stage6DetectorNoiseScope=render_pass_upper_bound detectorNoiseEnabled=0 temporalNoiseSigmaGray=0.005 fpnSigmaGray=0.003 columnNoiseSigmaGray=0.002 rowNoiseSigmaGray=0.001 badPixelRatio=0.000 noisePosition=BeforeAGC stage6AgcStatsMs=0.000 stage6AgcApplyMs=0.000 agcEnabled=0 agcMode=Percentile agcGain=1.000 agcOffset=0.000 agcLowInput=0.000 agcHighInput=1.000 agcSampleCount=0 readbackMs=1.935 resizeMs=0.000 frameCopyMs=0.710 jpegMs=7.863 tcpSendMs=0.152 tcpQueueDepth=0 tcpQueueDepthMax=1 inputQueueDepth=16 inputQueueDepthMax=16 sourceSeqLag=17 latencyAvgMs=359.201 latencyMaxMs=387.074 syncOverrunCount=1876 inputQueueOverflowCount=0 udpFrames=2170 renderFrames=2152 outputFrames=2153
[Perf][WARN] outputFps=49.682 targetFps=60.000 bottleneckSummary=below_60hz irUpdateMs=1.171 stage5ModtranLookupMs=0.000 stage5RadianceComponentMs=0.545 stage5AeroThermalMs=0.010 stage4HotspotMs=0.642 stage7SkyGroundMs=1.025 shaderInputApplyMs=1.685 annotationMs=1.799 renderMs=18.009 stage6MtfBlurMs=0.000 stage6DetectorNoiseMs=0.000 stage6AgcStatsMs=0.000 readbackMs=1.935 jpegMs=7.863 tcpSendMs=0.152 inputQueueDepth=16 sourceSeqLag=17 note=recorderWriteMs_is_reported_by_VideoDisplay_RecorderPerf
[Stage5 PlumePerf] plumeNodeCount=16 visiblePlumeCount=2 textureLoadCountThisFrame=0 updateHz=30 updatePlumeMs=0.255682 updatePlumeMsMax=0.426126 perfBudgetMs=1
[TargetUpdateCull] enabled=1 total=10 visible=5 skippedBeyondFar=0 skippedShaderApply=0 shaderInputApplyMs=1.48896 stage4Stage5UpdateMs=2.57979
[CameraControl] mode=lookat targetPlatID=3 targetID=34 relPitch=-18.8703 relYaw=9.73038 range=11144.8
[Stage6 FrameDiag] frameIndex=1.78246e+12 packet=2176 band=MWIR whiteHot=1 displayGain=1 displayOffset=0 noiseEnable=0 noiseSigmaGray=0 route=final_sensor targetVisibleCount=5 targetMappedCount=5 hiddenByTargetNum=0 hiddenByTargetViewValid=0 hiddenByWeaponViewValid=0 beyondFarClip=0 skyVisible=1 cameraHpr=-9.73038,-18.8703,0 sensorFovH=0.0999999 sensorFovV=0.0999999 near=1 far=50000
[AnnotationFastPath] enabled=1 frame=2160 bboxDue=0 occlusionDue=0 updateProjection=0 reused=1 bboxUpdateHz=10 occlusionUpdateHz=5 reuseLastWhenSkipped=1 drawOverlay=0 jsonPerFrame=1 quietPerfMode=1 bboxUpdateCount=360 bboxReuseCount=1800 occlusionUpdateCount=179 occlusionReuseCount=1981
[ScenePerfProbe] sourceSeq=2160 processRealSceneMs=0.310 targetMappingMs=0.135 cameraControlMs=0.072 stage4Stage5UpdateMs=2.121 shaderInputApplyMs=0.000 annotationComputeMs=0.011 annotationBBoxMs=0.000 annotationOcclusionMs=0.000 annotationJsonMs=0.000 pandaDoFrameMs=17.254 readbackMs=2.002 frameCopyMs=0.685 jpegMs=9.361 readbackMode=EveryFrame copyRamAttached=1 quietPerfMode=1 bboxFastMode=cached_aabb_8corners annotationFastJsonMode=1 annotationOverlayInSensorImage=0 annotationJsonPerFrame=1 bboxUpdateCount=360 bboxReuseCount=1800 occlusionUpdateCount=179 occlusionReuseCount=1981 targetUpdateCullInvisible=1 targetUpdateTotal=10 targetUpdateVisible=5 targetUpdateSkippedBeyondFar=0 targetUpdateSkippedShaderApply=0
[Stage6 Capture] frameWidth=800 frameHeight=800 tcpWidth=800 tcpHeight=800 renderTextureWidth=800 renderTextureHeight=800 textureCropApplied=0 source=final_sensor channels=RGB8 readbackMode=EveryFrame readbackEveryN=1 copyRamAttached=1 copyRamMode=RTM_copy_ram tcpFrameReused=0 diagnostic_only=0 renderPath=direct_final sourceSeq=2160 readbackMs=1.92296 resizeMs=0 frameCopyMs=0.686875 tcpQueueDepth=1 annotationJsonPerFrame=1 annotationOverlayInSensorImage=0
[Stage5 Plume] targetType=0x22 targetPlatID=3 targetID=3 platform=AIM120D engineState=1 band=MWIR coreEnabled=1 haloEnabled=1 coreTempK=1800 haloTempK=1100 coreGray=1 haloGray=0.789749 coreOpacity=1 haloOpacity=0.405 coreVisible=1 haloVisible=1
[TcpFramePacket] frame=2160 imgBytes=11311 annotationBytes=1800 targets=5 width=800 height=800
[TcpPerf] sourceSeq=2160 outputOrdinal=2160 codec=jpeg requestedCodec=jpeg h264En=0 codecFallbackReason=none jpegQuality=95 jpegMode=gray jpegBytes=11311 encodeInputChannels=1 flipMs=2.235 resizeMs=0.000 jpegMs=7.951 tcpSendMs=0.148 queueDepth=0 queueWaitMs=0.001 overwritten=0
[SyncFrame] sourceSeq=2160 outputOrdinal=2160 inputQueueDepth=16 tcpQueueDepth=0 sourceSeqContinuous=1 videoFpsTarget=60.000 frameMs=13.688 latencyMs=348.243 readbackMs=1.923 flipMs=2.235 resizeMs=0.000 jpegMs=7.951 tcpSendMs=0.148 overrun=0 overwritten=0
[Stage6 MTF] sourceSeq=2160 enabled=0 effective=0 mode=GaussianSeparable effectiveMode=GaussianSinglePassSeparableWeights sigmaPixels=0.65 radiusPixels=2 passes=1 applyTo=final_display inputSize=800x800 outputSize=800x800 stage6MtfBlurMs=0 stage6MtfBlurScope=render_pass_upper_bound implementation=single_pass_gpu_separable_weights todo=true_two_pass_separable_if_needed
[Stage6 Noise] sourceSeq=2160 enabled=0 effective=0 applyTo=final_display position=BeforeAGC temporalEnabled=1 temporalSigma=0.005 fpnEnabled=0 fpnSigma=0.003 columnEnabled=0 columnSigma=0.002 rowEnabled=0 rowSigma=0.001 badPixelEnabled=0 badPixelRatio=0.0001 seed=12345 stage6DetectorNoiseMs=0 stage6DetectorNoiseScope=render_pass_upper_bound implementation=single_pass_gpu_hash_noise
[Stage6 AGC] sourceSeq=2160 enabled=0 effective=0 mode=Percentile statsSource=previous_readback updateHz=30 sampleCount=0 lowPercentile=2 highPercentile=98 lowInput=0 highInput=1 gain=1 offset=0 gainSmoothed=1 offsetSmoothed=0 valid=0 fallbackReason=disabled stage6AgcStatsMs=0
[Stage7 Weather] reason=runtime envSky=0 weatherName=Clear visibilityM=6000 humidity=85 windV=8 windDir=30 cloudCoverage=0 fogDensity=0 precipitationType=none sunDirectScale=1 skyDiffuseScale=1 targetContrastScale=1 source=UDP+weather_profiles+RuntimeConfig
[Stage7 CloudLayer] enabled=0 texture=Config/Weather/Textures/cloud_few.png textureFound=1 coverage=0 opacity=0 temperatureK=255 band=MWIR cloudGray=0.385455
[Stage7 Fog] enabled=0 visibilityM=6000 fogDensity=0 fogGray=0.45 targetContrastScale=1
[Stage7 Precipitation] enabled=0 type=none density=0 speed=0 windV=8 windDir=30 maxHeight=0 transHeight=0
[Stage7 PrecipitationOverlay] mode=ScreenOverlay active=0 type=none density=0 sensorFovDeg=0.0999999 pattern=screen_sparse_low_contrast giantVerticalBars=0 sameOutput=1
[Stage7 Perf] weatherNodeCount=0 cloudNodeCount=0 precipitationNodeCount=0 textureLoadCountThisFrame=0 updateWeatherNodesMs=0.001167 totalWeatherMs=0.009334 precipitationMode=ScreenOverlay
[RenderPerfProbe] pandaDoFrameMs=18.132 renderPath=direct_final graphicsOutputCount=1 activeDisplayRegionCount=1 rawPassEnabled=0 finalPassEnabled=1 annotationOverlayEnabled=0 readbackMode=EveryFrame readbackEveryN=1 copyRamAttached=1 copyRamMode=RTM_copy_ram quietPerfMode=1 bboxFastMode=cached_aabb_8corners processRealSceneMs=0.230 targetMappingMs=0.135 cameraControlMs=0.017 stage4Stage5UpdateMs=2.172 shaderInputApplyMs=0.000 readbackMs=1.869 frameCopyMs=0.707 jpegMs=8.068 annotationMs=0.004 annotationBBoxMs=0.000 annotationOcclusionMs=0.000 annotationJsonMs=0.000 annotationTargets=5 bboxUpdateCount=368 bboxReuseCount=1840 occlusionUpdateCount=183 occlusionReuseCount=2025 targetUpdateCullInvisible=1 targetUpdateTotal=10 targetUpdateVisible=5 targetUpdateSkippedBeyondFar=0 targetUpdateSkippedShaderApply=0
[Stage7 3DSkyGround] reason=runtime enable=1 band=MWIR envTerrain=0 envSky=0 skyGrayRaw=0.65 groundGrayRaw=0.35 skyGrayFinal=0.65 groundGrayFinal=0.35 skyGray=0.65 groundGray=0.35 skyDome=1 lowerShell=1 groundPlane=0 source=env+band_default
[Stage7 Debug] mode=Off skyVisible=1 groundVisible=1 forcedSkyGray=NA forcedGroundGray=NA
[Stage7 Real3DBackground] skyDome=1 lowerShell=1 flatGroundPlane=0 cameraPos=-676.203,6337.8,487.464 backgroundMode=real_3d
[Stage7 GroundReference] mode=reference_zero groundZOffset=0 finalGroundReferenceZ=0
[Stage7 SkyDomeDiag] cameraPos=-676.203,6337.8,487.464 skyDomePos=-676.203,6337.8,487.464 farClipM=50000 skyRadius=42500 radius=42500 radiusSource=farClip_scaled radiusLessThanFarClip=1 twoSided=1 depthWrite=0 depthTest=0
[Stage7 GroundDiag] groundPos=-676.203,6337.8,487.464 farClipM=50000 groundSize=42500 lowerShellRadius=42500 groundZOffset=0 envTerrain=0 groundGray=0.35
[Perf] mode=sync videoFpsTarget=60.000 udpFps=49.207 renderFps=49.207 outputFps=49.207 sceneUpdateMs=2.096 annotationMs=1.872 irUpdateMs=1.249 irEnvBuildMs=0.006 stage7SkyGroundMs=0.699 platformRadianceMs=0.014 targetRadianceMs=0.066 stage4HotspotMs=0.836 stage5PlumeMs=0.241 stage5RadianceComponentMs=0.733 stage5AeroThermalMs=0.010 stage5ModtranLookupMs=0.000 shaderInputApplyMs=1.620 shaderInputApplyScope=exclusive stage7SkyGroundScope=inclusive stage4HotspotScope=inclusive shaderInputSetCount=738 shaderInputSkipCount=23984 shaderInputCacheHitRate=97.015 stage5ModtranCacheHitCount=0 stage5ModtranCacheMissCount=0 stage7FullUpdateCount=17 stage7PositionOnlyCount=33 stage7SkipCount=0 stage4UpdateCount=0 stage4SkipCount=250 plumeUpdateMs=0.266 renderMs=18.144 stage6MtfBlurMs=0.000 stage6MtfBlurScope=render_pass_upper_bound mtfBlurEnabled=0 mtfBlurSigmaPixels=0.650 mtfBlurRadiusPixels=2 stage6DetectorNoiseMs=0.000 stage6DetectorNoiseScope=render_pass_upper_bound detectorNoiseEnabled=0 temporalNoiseSigmaGray=0.005 fpnSigmaGray=0.003 columnNoiseSigmaGray=0.002 rowNoiseSigmaGray=0.001 badPixelRatio=0.000 noisePosition=BeforeAGC stage6AgcStatsMs=0.000 stage6AgcApplyMs=0.000 agcEnabled=0 agcMode=Percentile agcGain=1.000 agcOffset=0.000 agcLowInput=0.000 agcHighInput=1.000 agcSampleCount=0 readbackMs=1.936 resizeMs=0.000 frameCopyMs=0.706 jpegMs=8.454 tcpSendMs=0.162 tcpQueueDepth=0 tcpQueueDepthMax=1 inputQueueDepth=16 inputQueueDepthMax=16 sourceSeqLag=17 latencyAvgMs=362.768 latencyMaxMs=383.412 syncOverrunCount=1983 inputQueueOverflowCount=0 udpFrames=2269 renderFrames=2251 outputFrames=2252
[Perf][WARN] outputFps=49.207 targetFps=60.000 bottleneckSummary=below_60hz irUpdateMs=1.249 stage5ModtranLookupMs=0.000 stage5RadianceComponentMs=0.733 stage5AeroThermalMs=0.010 stage4HotspotMs=0.836 stage7SkyGroundMs=0.699 shaderInputApplyMs=1.620 annotationMs=1.872 renderMs=18.144 stage6MtfBlurMs=0.000 stage6DetectorNoiseMs=0.000 stage6AgcStatsMs=0.000 readbackMs=1.936 jpegMs=8.454 tcpSendMs=0.162 inputQueueDepth=16 sourceSeqLag=17 note=recorderWriteMs_is_reported_by_VideoDisplay_RecorderPerf
[SyncFrame][WARN] inputQueueBackpressure sourceSeq=2273 backpressureCount=1800 queueDepth=16 queueCapacity=16 action=wait_for_space
[TcpPerf] sourceSeq=2258 outputOrdinal=2258 codec=jpeg requestedCodec=jpeg h264En=0 codecFallbackReason=none jpegQuality=95 jpegMode=gray jpegBytes=10668 encodeInputChannels=1 flipMs=2.198 resizeMs=0.000 jpegMs=9.318 tcpSendMs=0.146 queueDepth=0 queueWaitMs=0.001 overwritten=0
接收UDP数据，长度：506字节，来自：192.168.1.188:9999 packet=2280
解析UDP数据，flag：0x38 packet=2280
[Stage0] Display packet #2280: platID=1, sensorID=1, targetNumValid=5, timeMs=1.78246e+12
处理实时成像数据...
实时数据更新完成，时间戳=1.78246e+12ms
[CameraControl] mode=lookat targetPlatID=3 targetID=34 relPitch=-19.8602 relYaw=10.2582 range=10407.8
[Stage6 FrameDiag] frameIndex=1.78246e+12 packet=2296 band=MWIR whiteHot=1 displayGain=1 displayOffset=0 noiseEnable=0 noiseSigmaGray=0 route=final_sensor targetVisibleCount=5 targetMappedCount=5 hiddenByTargetNum=0 hiddenByTargetViewValid=0 hiddenByWeaponViewValid=0 beyondFarClip=0 skyVisible=1 cameraHpr=-10.2582,-19.8602,0 sensorFovH=0.0999999 sensorFovV=0.0999999 near=1 far=50000
[AnnotationFastPath] enabled=1 frame=2280 bboxDue=0 occlusionDue=0 updateProjection=0 reused=1 bboxUpdateHz=10 occlusionUpdateHz=5 reuseLastWhenSkipped=1 drawOverlay=0 jsonPerFrame=1 quietPerfMode=1 bboxUpdateCount=380 bboxReuseCount=1900 occlusionUpdateCount=189 occlusionReuseCount=2091
[ScenePerfProbe] sourceSeq=2280 processRealSceneMs=0.297 targetMappingMs=0.127 cameraControlMs=0.073 stage4Stage5UpdateMs=2.715 shaderInputApplyMs=0.000 annotationComputeMs=0.010 annotationBBoxMs=0.000 annotationOcclusionMs=0.000 annotationJsonMs=0.000 pandaDoFrameMs=16.769 readbackMs=1.883 frameCopyMs=0.689 jpegMs=8.140 readbackMode=EveryFrame copyRamAttached=1 quietPerfMode=1 bboxFastMode=cached_aabb_8corners annotationFastJsonMode=1 annotationOverlayInSensorImage=0 annotationJsonPerFrame=1 bboxUpdateCount=380 bboxReuseCount=1900 occlusionUpdateCount=189 occlusionReuseCount=2091 targetUpdateCullInvisible=1 targetUpdateTotal=10 targetUpdateVisible=5 targetUpdateSkippedBeyondFar=0 targetUpdateSkippedShaderApply=0
[Stage6 Capture] frameWidth=800 frameHeight=800 tcpWidth=800 tcpHeight=800 renderTextureWidth=800 renderTextureHeight=800 textureCropApplied=0 source=final_sensor channels=RGB8 readbackMode=EveryFrame readbackEveryN=1 copyRamAttached=1 copyRamMode=RTM_copy_ram tcpFrameReused=0 diagnostic_only=0 renderPath=direct_final sourceSeq=2280 readbackMs=1.97458 resizeMs=0 frameCopyMs=0.693583 tcpQueueDepth=1 annotationJsonPerFrame=1 annotationOverlayInSensorImage=0
[Stage5 Plume] targetType=0x22 targetPlatID=3 targetID=3 platform=AIM120D engineState=1 band=MWIR coreEnabled=1 haloEnabled=1 coreTempK=1800 haloTempK=1100 coreGray=1 haloGray=0.789749 coreOpacity=1 haloOpacity=0.405 coreVisible=1 haloVisible=1
[TcpFramePacket] frame=2280 imgBytes=10711 annotationBytes=1800 targets=5 width=800 height=800
[TcpPerf] sourceSeq=2280 outputOrdinal=2280 codec=jpeg requestedCodec=jpeg h264En=0 codecFallbackReason=none jpegQuality=95 jpegMode=gray jpegBytes=10711 encodeInputChannels=1 flipMs=2.427 resizeMs=0.000 jpegMs=9.038 tcpSendMs=0.223 queueDepth=0 queueWaitMs=0.001 overwritten=0
[SyncFrame] sourceSeq=2280 outputOrdinal=2280 inputQueueDepth=16 tcpQueueDepth=0 sourceSeqContinuous=1 videoFpsTarget=60.000 frameMs=15.626 latencyMs=341.117 readbackMs=1.975 flipMs=2.427 resizeMs=0.000 jpegMs=9.038 tcpSendMs=0.223 overrun=0 overwritten=0
[Stage6 MTF] sourceSeq=2280 enabled=0 effective=0 mode=GaussianSeparable effectiveMode=GaussianSinglePassSeparableWeights sigmaPixels=0.65 radiusPixels=2 passes=1 applyTo=final_display inputSize=800x800 outputSize=800x800 stage6MtfBlurMs=0 stage6MtfBlurScope=render_pass_upper_bound implementation=single_pass_gpu_separable_weights todo=true_two_pass_separable_if_needed
[Stage6 Noise] sourceSeq=2280 enabled=0 effective=0 applyTo=final_display position=BeforeAGC temporalEnabled=1 temporalSigma=0.005 fpnEnabled=0 fpnSigma=0.003 columnEnabled=0 columnSigma=0.002 rowEnabled=0 rowSigma=0.001 badPixelEnabled=0 badPixelRatio=0.0001 seed=12345 stage6DetectorNoiseMs=0 stage6DetectorNoiseScope=render_pass_upper_bound implementation=single_pass_gpu_hash_noise
[Stage6 AGC] sourceSeq=2280 enabled=0 effective=0 mode=Percentile statsSource=previous_readback updateHz=30 sampleCount=0 lowPercentile=2 highPercentile=98 lowInput=0 highInput=1 gain=1 offset=0 gainSmoothed=1 offsetSmoothed=0 valid=0 fallbackReason=disabled stage6AgcStatsMs=0
[AnnotationCollisionCache] platform=AIM120D targetID=3 built=0 reused=1 triangles=1532 solids=1532
[RenderPerfProbe] pandaDoFrameMs=19.149 renderPath=direct_final graphicsOutputCount=1 activeDisplayRegionCount=1 rawPassEnabled=0 finalPassEnabled=1 annotationOverlayEnabled=0 readbackMode=EveryFrame readbackEveryN=1 copyRamAttached=1 copyRamMode=RTM_copy_ram quietPerfMode=1 bboxFastMode=cached_aabb_8corners processRealSceneMs=0.234 targetMappingMs=0.140 cameraControlMs=0.015 stage4Stage5UpdateMs=2.334 shaderInputApplyMs=0.000 readbackMs=2.135 frameCopyMs=0.696 jpegMs=8.058 annotationMs=0.003 annotationBBoxMs=0.000 annotationOcclusionMs=0.000 annotationJsonMs=0.000 annotationTargets=5 bboxUpdateCount=388 bboxReuseCount=1940 occlusionUpdateCount=193 occlusionReuseCount=2135 targetUpdateCullInvisible=1 targetUpdateTotal=10 targetUpdateVisible=5 targetUpdateSkippedBeyondFar=0 targetUpdateSkippedShaderApply=0
[Perf] mode=sync videoFpsTarget=60.000 udpFps=49.653 renderFps=49.653 outputFps=49.653 sceneUpdateMs=2.058 annotationMs=1.832 irUpdateMs=1.258 irEnvBuildMs=0.005 stage7SkyGroundMs=0.692 platformRadianceMs=0.014 targetRadianceMs=0.106 stage4HotspotMs=0.947 stage5PlumeMs=0.253 stage5RadianceComponentMs=0.840 stage5AeroThermalMs=0.010 stage5ModtranLookupMs=0.000 shaderInputApplyMs=1.765 shaderInputApplyScope=exclusive stage7SkyGroundScope=inclusive stage4HotspotScope=inclusive shaderInputSetCount=750 shaderInputSkipCount=23806 shaderInputCacheHitRate=96.946 stage5ModtranCacheHitCount=0 stage5ModtranCacheMissCount=0 stage7FullUpdateCount=16 stage7PositionOnlyCount=34 stage7SkipCount=0 stage4UpdateCount=0 stage4SkipCount=250 plumeUpdateMs=0.263 renderMs=17.968 stage6MtfBlurMs=0.000 stage6MtfBlurScope=render_pass_upper_bound mtfBlurEnabled=0 mtfBlurSigmaPixels=0.650 mtfBlurRadiusPixels=2 stage6DetectorNoiseMs=0.000 stage6DetectorNoiseScope=render_pass_upper_bound detectorNoiseEnabled=0 temporalNoiseSigmaGray=0.005 fpnSigmaGray=0.003 columnNoiseSigmaGray=0.002 rowNoiseSigmaGray=0.001 badPixelRatio=0.000 noisePosition=BeforeAGC stage6AgcStatsMs=0.000 stage6AgcApplyMs=0.000 agcEnabled=0 agcMode=Percentile agcGain=1.000 agcOffset=0.000 agcLowInput=0.000 agcHighInput=1.000 agcSampleCount=0 readbackMs=1.952 resizeMs=0.000 frameCopyMs=0.701 jpegMs=8.533 tcpSendMs=0.170 tcpQueueDepth=0 tcpQueueDepthMax=1 inputQueueDepth=16 inputQueueDepthMax=16 sourceSeqLag=17 latencyAvgMs=352.754 latencyMaxMs=377.499 syncOverrunCount=2093 inputQueueOverflowCount=0 udpFrames=2370 renderFrames=2352 outputFrames=2353
[Perf][WARN] outputFps=49.653 targetFps=60.000 bottleneckSummary=below_60hz irUpdateMs=1.258 stage5ModtranLookupMs=0.000 stage5RadianceComponentMs=0.840 stage5AeroThermalMs=0.010 stage4HotspotMs=0.947 stage7SkyGroundMs=0.692 shaderInputApplyMs=1.765 annotationMs=1.832 renderMs=17.968 stage6MtfBlurMs=0.000 stage6DetectorNoiseMs=0.000 stage6AgcStatsMs=0.000 readbackMs=1.952 jpegMs=8.533 tcpSendMs=0.170 inputQueueDepth=16 sourceSeqLag=17 note=recorderWriteMs_is_reported_by_VideoDisplay_RecorderPerf
[SyncFrame][WARN] inputQueueBackpressure sourceSeq=2393 backpressureCount=1920 queueDepth=16 queueCapacity=16 action=wait_for_space
接收UDP数据，长度：506字节，来自：192.168.1.188:9999 packet=2400
解析UDP数据，flag：0x38 packet=2400
[TcpPerf] sourceSeq=2379 outputOrdinal=2379 codec=jpeg requestedCodec=jpeg h264En=0 codecFallbackReason=none jpegQuality=95 jpegMode=gray jpegBytes=11802 encodeInputChannels=1 flipMs=2.266 resizeMs=0.000 jpegMs=8.235 tcpSendMs=0.159 queueDepth=0 queueWaitMs=0.002 overwritten=0
[Stage0] Display packet #2400: platID=1, sensorID=1, targetNumValid=5, timeMs=1.78246e+12
处理实时成像数据...
实时数据更新完成，时间戳=1.78246e+12ms
[Stage5 PlumePerf] plumeNodeCount=16 visiblePlumeCount=2 textureLoadCountThisFrame=0 updateHz=30 updatePlumeMs=0.265616 updatePlumeMsMax=0.494666 perfBudgetMs=1
[TargetUpdateCull] enabled=1 total=10 visible=5 skippedBeyondFar=0 skippedShaderApply=0 shaderInputApplyMs=1.74853 stage4Stage5UpdateMs=2.9015
[CameraControl] mode=lookat targetPlatID=3 targetID=34 relPitch=-20.9387 relYaw=10.8189 range=9703.24
[Stage6 FrameDiag] frameIndex=1.78246e+12 packet=2416 band=MWIR whiteHot=1 displayGain=1 displayOffset=0 noiseEnable=0 noiseSigmaGray=0 route=final_sensor targetVisibleCount=5 targetMappedCount=5 hiddenByTargetNum=0 hiddenByTargetViewValid=0 hiddenByWeaponViewValid=0 beyondFarClip=0 skyVisible=1 cameraHpr=-10.8189,-20.9387,0 sensorFovH=0.0999999 sensorFovV=0.0999999 near=1 far=50000
[AnnotationFastPath] enabled=1 frame=2400 bboxDue=0 occlusionDue=0 updateProjection=0 reused=1 bboxUpdateHz=10 occlusionUpdateHz=5 reuseLastWhenSkipped=1 drawOverlay=0 jsonPerFrame=1 quietPerfMode=1 bboxUpdateCount=400 bboxReuseCount=2000 occlusionUpdateCount=199 occlusionReuseCount=2201
[ScenePerfProbe] sourceSeq=2400 processRealSceneMs=0.323 targetMappingMs=0.143 cameraControlMs=0.076 stage4Stage5UpdateMs=2.281 shaderInputApplyMs=0.000 annotationComputeMs=0.012 annotationBBoxMs=0.000 annotationOcclusionMs=0.000 annotationJsonMs=0.000 pandaDoFrameMs=17.153 readbackMs=1.882 frameCopyMs=0.683 jpegMs=9.199 readbackMode=EveryFrame copyRamAttached=1 quietPerfMode=1 bboxFastMode=cached_aabb_8corners annotationFastJsonMode=1 annotationOverlayInSensorImage=0 annotationJsonPerFrame=1 bboxUpdateCount=400 bboxReuseCount=2000 occlusionUpdateCount=199 occlusionReuseCount=2201 targetUpdateCullInvisible=1 targetUpdateTotal=10 targetUpdateVisible=5 targetUpdateSkippedBeyondFar=0 targetUpdateSkippedShaderApply=0
[Stage6 Capture] frameWidth=800 frameHeight=800 tcpWidth=800 tcpHeight=800 renderTextureWidth=800 renderTextureHeight=800 textureCropApplied=0 source=final_sensor channels=RGB8 readbackMode=EveryFrame readbackEveryN=1 copyRamAttached=1 copyRamMode=RTM_copy_ram tcpFrameReused=0 diagnostic_only=0 renderPath=direct_final sourceSeq=2400 readbackMs=1.90167 resizeMs=0 frameCopyMs=0.69475 tcpQueueDepth=1 annotationJsonPerFrame=1 annotationOverlayInSensorImage=0
[Stage5 Plume] targetType=0x22 targetPlatID=3 targetID=3 platform=AIM120D engineState=1 band=MWIR coreEnabled=1 haloEnabled=1 coreTempK=1800 haloTempK=1100 coreGray=1 haloGray=0.789749 coreOpacity=1 haloOpacity=0.405 coreVisible=1 haloVisible=1
[TcpFramePacket] frame=2400 imgBytes=11804 annotationBytes=1800 targets=5 width=800 height=800
[TcpPerf] sourceSeq=2400 outputOrdinal=2400 codec=jpeg requestedCodec=jpeg h264En=0 codecFallbackReason=none jpegQuality=95 jpegMode=gray jpegBytes=11804 encodeInputChannels=1 flipMs=2.242 resizeMs=0.000 jpegMs=8.195 tcpSendMs=0.159 queueDepth=0 queueWaitMs=0.001 overwritten=0
[SyncFrame] sourceSeq=2400 outputOrdinal=2400 inputQueueDepth=16 tcpQueueDepth=0 sourceSeqContinuous=1 videoFpsTarget=60.000 frameMs=14.075 latencyMs=339.916 readbackMs=1.902 flipMs=2.242 resizeMs=0.000 jpegMs=8.195 tcpSendMs=0.159 overrun=0 overwritten=0
[Stage6 MTF] sourceSeq=2400 enabled=0 effective=0 mode=GaussianSeparable effectiveMode=GaussianSinglePassSeparableWeights sigmaPixels=0.65 radiusPixels=2 passes=1 applyTo=final_display inputSize=800x800 outputSize=800x800 stage6MtfBlurMs=0 stage6MtfBlurScope=render_pass_upper_bound implementation=single_pass_gpu_separable_weights todo=true_two_pass_separable_if_needed
[Stage6 Noise] sourceSeq=2400 enabled=0 effective=0 applyTo=final_display position=BeforeAGC temporalEnabled=1 temporalSigma=0.005 fpnEnabled=0 fpnSigma=0.003 columnEnabled=0 columnSigma=0.002 rowEnabled=0 rowSigma=0.001 badPixelEnabled=0 badPixelRatio=0.0001 seed=12345 stage6DetectorNoiseMs=0 stage6DetectorNoiseScope=render_pass_upper_bound implementation=single_pass_gpu_hash_noise
[Stage6 AGC] sourceSeq=2400 enabled=0 effective=0 mode=Percentile statsSource=previous_readback updateHz=30 sampleCount=0 lowPercentile=2 highPercentile=98 lowInput=0 highInput=1 gain=1 offset=0 gainSmoothed=1 offsetSmoothed=0 valid=0 fallbackReason=disabled stage6AgcStatsMs=0
[RenderPerfProbe] pandaDoFrameMs=19.152 renderPath=direct_final graphicsOutputCount=1 activeDisplayRegionCount=1 rawPassEnabled=0 finalPassEnabled=1 annotationOverlayEnabled=0 readbackMode=EveryFrame readbackEveryN=1 copyRamAttached=1 copyRamMode=RTM_copy_ram quietPerfMode=1 bboxFastMode=cached_aabb_8corners processRealSceneMs=0.211 targetMappingMs=0.124 cameraControlMs=0.014 stage4Stage5UpdateMs=2.364 shaderInputApplyMs=0.000 readbackMs=1.879 frameCopyMs=0.685 jpegMs=9.090 annotationMs=0.004 annotationBBoxMs=0.000 annotationOcclusionMs=0.000 annotationJsonMs=0.000 annotationTargets=5 bboxUpdateCount=408 bboxReuseCount=2040 occlusionUpdateCount=203 occlusionReuseCount=2245 targetUpdateCullInvisible=1 targetUpdateTotal=10 targetUpdateVisible=5 targetUpdateSkippedBeyondFar=0 targetUpdateSkippedShaderApply=0
[Perf] mode=sync videoFpsTarget=60.000 udpFps=50.359 renderFps=50.359 outputFps=50.359 sceneUpdateMs=1.693 annotationMs=1.465 irUpdateMs=1.273 irEnvBuildMs=0.006 stage7SkyGroundMs=0.781 platformRadianceMs=0.015 targetRadianceMs=0.067 stage4HotspotMs=0.902 stage5PlumeMs=0.251 stage5RadianceComponentMs=0.797 stage5AeroThermalMs=0.010 stage5ModtranLookupMs=0.000 shaderInputApplyMs=1.749 shaderInputApplyScope=exclusive stage7SkyGroundScope=inclusive stage4HotspotScope=inclusive shaderInputSetCount=801 shaderInputSkipCount=24359 shaderInputCacheHitRate=96.816 stage5ModtranCacheHitCount=0 stage5ModtranCacheMissCount=0 stage7FullUpdateCount=17 stage7PositionOnlyCount=34 stage7SkipCount=0 stage4UpdateCount=0 stage4SkipCount=255 plumeUpdateMs=0.260 renderMs=18.075 stage6MtfBlurMs=0.000 stage6MtfBlurScope=render_pass_upper_bound mtfBlurEnabled=0 mtfBlurSigmaPixels=0.650 mtfBlurRadiusPixels=2 stage6DetectorNoiseMs=0.000 stage6DetectorNoiseScope=render_pass_upper_bound detectorNoiseEnabled=0 temporalNoiseSigmaGray=0.005 fpnSigmaGray=0.003 columnNoiseSigmaGray=0.002 rowNoiseSigmaGray=0.001 badPixelRatio=0.000 noisePosition=BeforeAGC stage6AgcStatsMs=0.000 stage6AgcApplyMs=0.000 agcEnabled=0 agcMode=Percentile agcGain=1.000 agcOffset=0.000 agcLowInput=0.000 agcHighInput=1.000 agcSampleCount=0 readbackMs=1.915 resizeMs=0.000 frameCopyMs=0.698 jpegMs=8.556 tcpSendMs=0.172 tcpQueueDepth=0 tcpQueueDepthMax=1 inputQueueDepth=16 inputQueueDepthMax=16 sourceSeqLag=17 latencyAvgMs=355.779 latencyMaxMs=377.399 syncOverrunCount=2202 inputQueueOverflowCount=0 udpFrames=2471 renderFrames=2453 outputFrames=2454
[Perf][WARN] outputFps=50.359 targetFps=60.000 bottleneckSummary=below_60hz irUpdateMs=1.273 stage5ModtranLookupMs=0.000 stage5RadianceComponentMs=0.797 stage5AeroThermalMs=0.010 stage4HotspotMs=0.902 stage7SkyGroundMs=0.781 shaderInputApplyMs=1.749 annotationMs=1.465 renderMs=18.075 stage6MtfBlurMs=0.000 stage6DetectorNoiseMs=0.000 stage6AgcStatsMs=0.000 readbackMs=1.915 jpegMs=8.556 tcpSendMs=0.172 inputQueueDepth=16 sourceSeqLag=17 note=recorderWriteMs_is_reported_by_VideoDisplay_RecorderPerf
[SyncFrame][WARN] inputQueueBackpressure sourceSeq=2513 backpressureCount=2040 queueDepth=16 queueCapacity=16 action=wait_for_space
[TcpPerf] sourceSeq=2498 outputOrdinal=2498 codec=jpeg requestedCodec=jpeg h264En=0 codecFallbackReason=none jpegQuality=95 jpegMode=gray jpegBytes=12737 encodeInputChannels=1 flipMs=2.208 resizeMs=0.000 jpegMs=9.111 tcpSendMs=0.158 queueDepth=0 queueWaitMs=0.001 overwritten=0
接收UDP数据，长度：506字节，来自：192.168.1.188:9999 packet=2520
解析UDP数据，flag：0x38 packet=2520
[Stage0] Display packet #2520: platID=1, sensorID=1, targetNumValid=5, timeMs=1.78246e+12
处理实时成像数据...
实时数据更新完成，时间戳=1.78246e+12ms
[CameraControl] mode=lookat targetPlatID=3 targetID=34 relPitch=-20.3417 relYaw=11.3224 range=8960.91
[Stage6 FrameDiag] frameIndex=1.78246e+12 packet=2536 band=MWIR whiteHot=1 displayGain=1 displayOffset=0 noiseEnable=0 noiseSigmaGray=0 route=final_sensor targetVisibleCount=5 targetMappedCount=5 hiddenByTargetNum=0 hiddenByTargetViewValid=0 hiddenByWeaponViewValid=0 beyondFarClip=0 skyVisible=1 cameraHpr=-11.3224,-20.3417,0 sensorFovH=0.0999999 sensorFovV=0.0999999 near=1 far=50000
[AnnotationFastPath] enabled=1 frame=2520 bboxDue=0 occlusionDue=0 updateProjection=0 reused=1 bboxUpdateHz=10 occlusionUpdateHz=5 reuseLastWhenSkipped=1 drawOverlay=0 jsonPerFrame=1 quietPerfMode=1 bboxUpdateCount=420 bboxReuseCount=2100 occlusionUpdateCount=209 occlusionReuseCount=2311
[ScenePerfProbe] sourceSeq=2520 processRealSceneMs=0.307 targetMappingMs=0.134 cameraControlMs=0.075 stage4Stage5UpdateMs=2.299 shaderInputApplyMs=0.000 annotationComputeMs=0.011 annotationBBoxMs=0.000 annotationOcclusionMs=0.000 annotationJsonMs=0.000 pandaDoFrameMs=17.373 readbackMs=1.877 frameCopyMs=0.794 jpegMs=7.752 readbackMode=EveryFrame copyRamAttached=1 quietPerfMode=1 bboxFastMode=cached_aabb_8corners annotationFastJsonMode=1 annotationOverlayInSensorImage=0 annotationJsonPerFrame=1 bboxUpdateCount=420 bboxReuseCount=2100 occlusionUpdateCount=209 occlusionReuseCount=2311 targetUpdateCullInvisible=1 targetUpdateTotal=10 targetUpdateVisible=5 targetUpdateSkippedBeyondFar=0 targetUpdateSkippedShaderApply=0
[Stage6 Capture] frameWidth=800 frameHeight=800 tcpWidth=800 tcpHeight=800 renderTextureWidth=800 renderTextureHeight=800 textureCropApplied=0 source=final_sensor channels=RGB8 readbackMode=EveryFrame readbackEveryN=1 copyRamAttached=1 copyRamMode=RTM_copy_ram tcpFrameReused=0 diagnostic_only=0 renderPath=direct_final sourceSeq=2520 readbackMs=1.89175 resizeMs=0 frameCopyMs=0.685125 tcpQueueDepth=1 annotationJsonPerFrame=1 annotationOverlayInSensorImage=0
[Stage5 Plume] targetType=0x22 targetPlatID=3 targetID=3 platform=AIM120D engineState=1 band=MWIR coreEnabled=1 haloEnabled=1 coreTempK=1800 haloTempK=1100 coreGray=1 haloGray=0.789749 coreOpacity=1 haloOpacity=0.405 coreVisible=1 haloVisible=1
[TcpFramePacket] frame=2520 imgBytes=12578 annotationBytes=1800 targets=5 width=800 height=800
[TcpPerf] sourceSeq=2520 outputOrdinal=2520 codec=jpeg requestedCodec=jpeg h264En=0 codecFallbackReason=none jpegQuality=95 jpegMode=gray jpegBytes=12578 encodeInputChannels=1 flipMs=2.072 resizeMs=0.000 jpegMs=7.608 tcpSendMs=0.158 queueDepth=0 queueWaitMs=0.001 overwritten=0
[SyncFrame] sourceSeq=2520 outputOrdinal=2520 inputQueueDepth=16 tcpQueueDepth=0 sourceSeqContinuous=1 videoFpsTarget=60.000 frameMs=13.185 latencyMs=346.026 readbackMs=1.892 flipMs=2.072 resizeMs=0.000 jpegMs=7.608 tcpSendMs=0.158 overrun=0 overwritten=0
[Stage6 MTF] sourceSeq=2520 enabled=0 effective=0 mode=GaussianSeparable effectiveMode=GaussianSinglePassSeparableWeights sigmaPixels=0.65 radiusPixels=2 passes=1 applyTo=final_display inputSize=800x800 outputSize=800x800 stage6MtfBlurMs=0 stage6MtfBlurScope=render_pass_upper_bound implementation=single_pass_gpu_separable_weights todo=true_two_pass_separable_if_needed
[Stage6 Noise] sourceSeq=2520 enabled=0 effective=0 applyTo=final_display position=BeforeAGC temporalEnabled=1 temporalSigma=0.005 fpnEnabled=0 fpnSigma=0.003 columnEnabled=0 columnSigma=0.002 rowEnabled=0 rowSigma=0.001 badPixelEnabled=0 badPixelRatio=0.0001 seed=12345 stage6DetectorNoiseMs=0 stage6DetectorNoiseScope=render_pass_upper_bound implementation=single_pass_gpu_hash_noise
[Stage6 AGC] sourceSeq=2520 enabled=0 effective=0 mode=Percentile statsSource=previous_readback updateHz=30 sampleCount=0 lowPercentile=2 highPercentile=98 lowInput=0 highInput=1 gain=1 offset=0 gainSmoothed=1 offsetSmoothed=0 valid=0 fallbackReason=disabled stage6AgcStatsMs=0
[Perf] mode=sync videoFpsTarget=60.000 udpFps=48.782 renderFps=48.782 outputFps=48.782 sceneUpdateMs=2.095 annotationMs=1.872 irUpdateMs=1.317 irEnvBuildMs=0.006 stage7SkyGroundMs=0.868 platformRadianceMs=0.039 targetRadianceMs=0.066 stage4HotspotMs=0.911 stage5PlumeMs=0.258 stage5RadianceComponentMs=0.788 stage5AeroThermalMs=0.009 stage5ModtranLookupMs=0.000 shaderInputApplyMs=1.812 shaderInputApplyScope=exclusive stage7SkyGroundScope=inclusive stage4HotspotScope=inclusive shaderInputSetCount=783 shaderInputSkipCount=23501 shaderInputCacheHitRate=96.776 stage5ModtranCacheHitCount=0 stage5ModtranCacheMissCount=0 stage7FullUpdateCount=17 stage7PositionOnlyCount=32 stage7SkipCount=0 stage4UpdateCount=0 stage4SkipCount=245 plumeUpdateMs=0.269 renderMs=18.359 stage6MtfBlurMs=0.000 stage6MtfBlurScope=render_pass_upper_bound mtfBlurEnabled=0 mtfBlurSigmaPixels=0.650 mtfBlurRadiusPixels=2 stage6DetectorNoiseMs=0.000 stage6DetectorNoiseScope=render_pass_upper_bound detectorNoiseEnabled=0 temporalNoiseSigmaGray=0.005 fpnSigmaGray=0.003 columnNoiseSigmaGray=0.002 rowNoiseSigmaGray=0.001 badPixelRatio=0.000 noisePosition=BeforeAGC stage6AgcStatsMs=0.000 stage6AgcApplyMs=0.000 agcEnabled=0 agcMode=Percentile agcGain=1.000 agcOffset=0.000 agcLowInput=0.000 agcHighInput=1.000 agcSampleCount=0 readbackMs=1.929 resizeMs=0.000 frameCopyMs=0.712 jpegMs=8.204 tcpSendMs=0.155 tcpQueueDepth=0 tcpQueueDepthMax=1 inputQueueDepth=16 inputQueueDepthMax=16 sourceSeqLag=17 latencyAvgMs=363.530 latencyMaxMs=388.830 syncOverrunCount=2309 inputQueueOverflowCount=0 udpFrames=2569 renderFrames=2551 outputFrames=2552
[Perf][WARN] outputFps=48.782 targetFps=60.000 bottleneckSummary=below_60hz irUpdateMs=1.317 stage5ModtranLookupMs=0.000 stage5RadianceComponentMs=0.788 stage5AeroThermalMs=0.009 stage4HotspotMs=0.911 stage7SkyGroundMs=0.868 shaderInputApplyMs=1.812 annotationMs=1.872 renderMs=18.359 stage6MtfBlurMs=0.000 stage6DetectorNoiseMs=0.000 stage6AgcStatsMs=0.000 readbackMs=1.929 jpegMs=8.204 tcpSendMs=0.155 inputQueueDepth=16 sourceSeqLag=17 note=recorderWriteMs_is_reported_by_VideoDisplay_RecorderPerf
[RenderPerfProbe] pandaDoFrameMs=18.765 renderPath=direct_final graphicsOutputCount=1 activeDisplayRegionCount=1 rawPassEnabled=0 finalPassEnabled=1 annotationOverlayEnabled=0 readbackMode=EveryFrame readbackEveryN=1 copyRamAttached=1 copyRamMode=RTM_copy_ram quietPerfMode=1 bboxFastMode=cached_aabb_8corners processRealSceneMs=0.226 targetMappingMs=0.133 cameraControlMs=0.017 stage4Stage5UpdateMs=2.878 shaderInputApplyMs=0.000 readbackMs=1.951 frameCopyMs=0.693 jpegMs=3.920 annotationMs=0.004 annotationBBoxMs=0.000 annotationOcclusionMs=0.000 annotationJsonMs=0.000 annotationTargets=5 bboxUpdateCount=428 bboxReuseCount=2140 occlusionUpdateCount=213 occlusionReuseCount=2355 targetUpdateCullInvisible=1 targetUpdateTotal=10 targetUpdateVisible=5 targetUpdateSkippedBeyondFar=0 targetUpdateSkippedShaderApply=0
[AnnotationCollisionCache] platform=AIM120D targetID=3 built=0 reused=1 triangles=1532 solids=1532
[SyncFrame][WARN] inputQueueBackpressure sourceSeq=2633 backpressureCount=2160 queueDepth=16 queueCapacity=16 action=wait_for_space
接收UDP数据，长度：506字节，来自：192.168.1.188:9999 packet=2640
解析UDP数据，flag：0x38 packet=2640
[TcpPerf] sourceSeq=2621 outputOrdinal=2621 codec=jpeg requestedCodec=jpeg h264En=0 codecFallbackReason=none jpegQuality=95 jpegMode=gray jpegBytes=13349 encodeInputChannels=1 flipMs=2.123 resizeMs=0.000 jpegMs=9.304 tcpSendMs=0.206 queueDepth=0 queueWaitMs=0.001 overwritten=0
[Stage0] Display packet #2640: platID=1, sensorID=1, targetNumValid=5, timeMs=1.78246e+12
处理实时成像数据...
实时数据更新完成，时间戳=1.78246e+12ms
[Stage5 PlumePerf] plumeNodeCount=16 visiblePlumeCount=2 textureLoadCountThisFrame=0 updateHz=30 updatePlumeMs=0.263752 updatePlumeMsMax=0.445375 perfBudgetMs=1
[TargetUpdateCull] enabled=1 total=10 visible=5 skippedBeyondFar=0 skippedShaderApply=0 shaderInputApplyMs=1.81853 stage4Stage5UpdateMs=13.0022
[CameraControl] mode=lookat targetPlatID=3 targetID=34 relPitch=-22.053 relYaw=12.2114 range=8220.36
[Stage6 FrameDiag] frameIndex=1.78246e+12 packet=2656 band=MWIR whiteHot=1 displayGain=1 displayOffset=0 noiseEnable=0 noiseSigmaGray=0 route=final_sensor targetVisibleCount=5 targetMappedCount=5 hiddenByTargetNum=0 hiddenByTargetViewValid=0 hiddenByWeaponViewValid=0 beyondFarClip=0 skyVisible=1 cameraHpr=-12.2114,-22.053,0 sensorFovH=0.0999999 sensorFovV=0.0999999 near=1 far=50000
[AnnotationFastPath] enabled=1 frame=2640 bboxDue=0 occlusionDue=0 updateProjection=0 reused=1 bboxUpdateHz=10 occlusionUpdateHz=5 reuseLastWhenSkipped=1 drawOverlay=0 jsonPerFrame=1 quietPerfMode=1 bboxUpdateCount=440 bboxReuseCount=2200 occlusionUpdateCount=219 occlusionReuseCount=2421
[ScenePerfProbe] sourceSeq=2640 processRealSceneMs=0.314 targetMappingMs=0.139 cameraControlMs=0.073 stage4Stage5UpdateMs=2.702 shaderInputApplyMs=0.000 annotationComputeMs=0.012 annotationBBoxMs=0.000 annotationOcclusionMs=0.000 annotationJsonMs=0.000 pandaDoFrameMs=18.002 readbackMs=2.307 frameCopyMs=0.707 jpegMs=8.327 readbackMode=EveryFrame copyRamAttached=1 quietPerfMode=1 bboxFastMode=cached_aabb_8corners annotationFastJsonMode=1 annotationOverlayInSensorImage=0 annotationJsonPerFrame=1 bboxUpdateCount=440 bboxReuseCount=2200 occlusionUpdateCount=219 occlusionReuseCount=2421 targetUpdateCullInvisible=1 targetUpdateTotal=10 targetUpdateVisible=5 targetUpdateSkippedBeyondFar=0 targetUpdateSkippedShaderApply=0
[Stage6 Capture] frameWidth=800 frameHeight=800 tcpWidth=800 tcpHeight=800 renderTextureWidth=800 renderTextureHeight=800 textureCropApplied=0 source=final_sensor channels=RGB8 readbackMode=EveryFrame readbackEveryN=1 copyRamAttached=1 copyRamMode=RTM_copy_ram tcpFrameReused=0 diagnostic_only=0 renderPath=direct_final sourceSeq=2640 readbackMs=1.88387 resizeMs=0 frameCopyMs=0.690667 tcpQueueDepth=1 annotationJsonPerFrame=1 annotationOverlayInSensorImage=0
[Stage5 Plume] targetType=0x22 targetPlatID=3 targetID=3 platform=AIM120D engineState=1 band=MWIR coreEnabled=1 haloEnabled=1 coreTempK=1800 haloTempK=1100 coreGray=1 haloGray=0.789749 coreOpacity=1 haloOpacity=0.405 coreVisible=1 haloVisible=1
[TcpFramePacket] frame=2640 imgBytes=13601 annotationBytes=1800 targets=5 width=800 height=800
[TcpPerf] sourceSeq=2640 outputOrdinal=2640 codec=jpeg requestedCodec=jpeg h264En=0 codecFallbackReason=none jpegQuality=95 jpegMode=gray jpegBytes=13601 encodeInputChannels=1 flipMs=2.174 resizeMs=0.000 jpegMs=9.092 tcpSendMs=0.155 queueDepth=0 queueWaitMs=0.001 overwritten=0
[SyncFrame] sourceSeq=2640 outputOrdinal=2640 inputQueueDepth=16 tcpQueueDepth=0 sourceSeqContinuous=1 videoFpsTarget=60.000 frameMs=14.789 latencyMs=371.770 readbackMs=1.884 flipMs=2.174 resizeMs=0.000 jpegMs=9.092 tcpSendMs=0.155 overrun=0 overwritten=0
[Stage6 MTF] sourceSeq=2640 enabled=0 effective=0 mode=GaussianSeparable effectiveMode=GaussianSinglePassSeparableWeights sigmaPixels=0.65 radiusPixels=2 passes=1 applyTo=final_display inputSize=800x800 outputSize=800x800 stage6MtfBlurMs=0 stage6MtfBlurScope=render_pass_upper_bound implementation=single_pass_gpu_separable_weights todo=true_two_pass_separable_if_needed
[Stage6 Noise] sourceSeq=2640 enabled=0 effective=0 applyTo=final_display position=BeforeAGC temporalEnabled=1 temporalSigma=0.005 fpnEnabled=0 fpnSigma=0.003 columnEnabled=0 columnSigma=0.002 rowEnabled=0 rowSigma=0.001 badPixelEnabled=0 badPixelRatio=0.0001 seed=12345 stage6DetectorNoiseMs=0 stage6DetectorNoiseScope=render_pass_upper_bound implementation=single_pass_gpu_hash_noise
[Stage6 AGC] sourceSeq=2640 enabled=0 effective=0 mode=Percentile statsSource=previous_readback updateHz=30 sampleCount=0 lowPercentile=2 highPercentile=98 lowInput=0 highInput=1 gain=1 offset=0 gainSmoothed=1 offsetSmoothed=0 valid=0 fallbackReason=disabled stage6AgcStatsMs=0
[Perf] mode=sync videoFpsTarget=60.000 udpFps=49.680 renderFps=49.680 outputFps=49.680 sceneUpdateMs=1.556 annotationMs=1.330 irUpdateMs=1.421 irEnvBuildMs=0.006 stage7SkyGroundMs=0.696 platformRadianceMs=0.014 targetRadianceMs=0.068 stage4HotspotMs=0.962 stage5PlumeMs=0.245 stage5RadianceComponentMs=0.854 stage5AeroThermalMs=0.010 stage5ModtranLookupMs=0.000 shaderInputApplyMs=1.809 shaderInputApplyScope=exclusive stage7SkyGroundScope=inclusive stage4HotspotScope=inclusive shaderInputSetCount=806 shaderInputSkipCount=23750 shaderInputCacheHitRate=96.718 stage5ModtranCacheHitCount=0 stage5ModtranCacheMissCount=0 stage7FullUpdateCount=16 stage7PositionOnlyCount=34 stage7SkipCount=0 stage4UpdateCount=0 stage4SkipCount=250 plumeUpdateMs=0.267 renderMs=18.416 stage6MtfBlurMs=0.000 stage6MtfBlurScope=render_pass_upper_bound mtfBlurEnabled=0 mtfBlurSigmaPixels=0.650 mtfBlurRadiusPixels=2 stage6DetectorNoiseMs=0.000 stage6DetectorNoiseScope=render_pass_upper_bound detectorNoiseEnabled=0 temporalNoiseSigmaGray=0.005 fpnSigmaGray=0.003 columnNoiseSigmaGray=0.002 rowNoiseSigmaGray=0.001 badPixelRatio=0.000 noisePosition=BeforeAGC stage6AgcStatsMs=0.000 stage6AgcApplyMs=0.000 agcEnabled=0 agcMode=Percentile agcGain=1.000 agcOffset=0.000 agcLowInput=0.000 agcHighInput=1.000 agcSampleCount=0 readbackMs=1.972 resizeMs=0.000 frameCopyMs=0.714 jpegMs=7.970 tcpSendMs=0.154 tcpQueueDepth=0 tcpQueueDepthMax=1 inputQueueDepth=16 inputQueueDepthMax=16 sourceSeqLag=17 latencyAvgMs=353.775 latencyMaxMs=395.465 syncOverrunCount=2417 inputQueueOverflowCount=0 udpFrames=2669 renderFrames=2651 outputFrames=2652
[Perf][WARN] outputFps=49.680 targetFps=60.000 bottleneckSummary=below_60hz irUpdateMs=1.421 stage5ModtranLookupMs=0.000 stage5RadianceComponentMs=0.854 stage5AeroThermalMs=0.010 stage4HotspotMs=0.962 stage7SkyGroundMs=0.696 shaderInputApplyMs=1.809 annotationMs=1.330 renderMs=18.416 stage6MtfBlurMs=0.000 stage6DetectorNoiseMs=0.000 stage6AgcStatsMs=0.000 readbackMs=1.972 jpegMs=7.970 tcpSendMs=0.154 inputQueueDepth=16 sourceSeqLag=17 note=recorderWriteMs_is_reported_by_VideoDisplay_RecorderPerf
[RenderPerfProbe] pandaDoFrameMs=19.419 renderPath=direct_final graphicsOutputCount=1 activeDisplayRegionCount=1 rawPassEnabled=0 finalPassEnabled=1 annotationOverlayEnabled=0 readbackMode=EveryFrame readbackEveryN=1 copyRamAttached=1 copyRamMode=RTM_copy_ram quietPerfMode=1 bboxFastMode=cached_aabb_8corners processRealSceneMs=0.223 targetMappingMs=0.130 cameraControlMs=0.016 stage4Stage5UpdateMs=2.864 shaderInputApplyMs=0.000 readbackMs=1.883 frameCopyMs=0.673 jpegMs=7.740 annotationMs=0.003 annotationBBoxMs=0.000 annotationOcclusionMs=0.000 annotationJsonMs=0.000 annotationTargets=5 bboxUpdateCount=448 bboxReuseCount=2240 occlusionUpdateCount=223 occlusionReuseCount=2465 targetUpdateCullInvisible=1 targetUpdateTotal=10 targetUpdateVisible=5 targetUpdateSkippedBeyondFar=0 targetUpdateSkippedShaderApply=0
[SyncFrame][WARN] inputQueueBackpressure sourceSeq=2753 backpressureCount=2280 queueDepth=16 queueCapacity=16 action=wait_for_space
[TcpPerf] sourceSeq=2736 outputOrdinal=2736 codec=jpeg requestedCodec=jpeg h264En=0 codecFallbackReason=none jpegQuality=95 jpegMode=gray jpegBytes=14224 encodeInputChannels=1 flipMs=2.132 resizeMs=0.000 jpegMs=8.180 tcpSendMs=0.153 queueDepth=0 queueWaitMs=0.001 overwritten=0
接收UDP数据，长度：506字节，来自：192.168.1.188:9999 packet=2760
解析UDP数据，flag：0x38 packet=2760
[Stage0] Display packet #2760: platID=1, sensorID=1, targetNumValid=5, timeMs=1.78246e+12
处理实时成像数据...
实时数据更新完成，时间戳=1.78246e+12ms
[Perf] mode=sync videoFpsTarget=60.000 udpFps=47.949 renderFps=47.949 outputFps=47.949 sceneUpdateMs=2.216 annotationMs=1.990 irUpdateMs=1.342 irEnvBuildMs=0.006 stage7SkyGroundMs=0.687 platformRadianceMs=0.015 targetRadianceMs=0.073 stage4HotspotMs=1.032 stage5PlumeMs=0.244 stage5RadianceComponentMs=0.922 stage5AeroThermalMs=0.009 stage5ModtranLookupMs=0.000 shaderInputApplyMs=1.849 shaderInputApplyScope=exclusive stage7SkyGroundScope=inclusive stage4HotspotScope=inclusive shaderInputSetCount=816 shaderInputSkipCount=22864 shaderInputCacheHitRate=96.554 stage5ModtranCacheHitCount=0 stage5ModtranCacheMissCount=0 stage7FullUpdateCount=16 stage7PositionOnlyCount=32 stage7SkipCount=0 stage4UpdateCount=0 stage4SkipCount=240 plumeUpdateMs=0.273 renderMs=18.546 stage6MtfBlurMs=0.000 stage6MtfBlurScope=render_pass_upper_bound mtfBlurEnabled=0 mtfBlurSigmaPixels=0.650 mtfBlurRadiusPixels=2 stage6DetectorNoiseMs=0.000 stage6DetectorNoiseScope=render_pass_upper_bound detectorNoiseEnabled=0 temporalNoiseSigmaGray=0.005 fpnSigmaGray=0.003 columnNoiseSigmaGray=0.002 rowNoiseSigmaGray=0.001 badPixelRatio=0.000 noisePosition=BeforeAGC stage6AgcStatsMs=0.000 stage6AgcApplyMs=0.000 agcEnabled=0 agcMode=Percentile agcGain=1.000 agcOffset=0.000 agcLowInput=0.000 agcHighInput=1.000 agcSampleCount=0 readbackMs=1.971 resizeMs=0.000 frameCopyMs=0.711 jpegMs=8.441 tcpSendMs=0.169 tcpQueueDepth=0 tcpQueueDepthMax=1 inputQueueDepth=16 inputQueueDepthMax=16 sourceSeqLag=17 latencyAvgMs=370.305 latencyMaxMs=404.911 syncOverrunCount=2521 inputQueueOverflowCount=0 udpFrames=2765 renderFrames=2747 outputFrames=2748
[Perf][WARN] outputFps=47.949 targetFps=60.000 bottleneckSummary=below_60hz irUpdateMs=1.342 stage5ModtranLookupMs=0.000 stage5RadianceComponentMs=0.922 stage5AeroThermalMs=0.009 stage4HotspotMs=1.032 stage7SkyGroundMs=0.687 shaderInputApplyMs=1.849 annotationMs=1.990 renderMs=18.546 stage6MtfBlurMs=0.000 stage6DetectorNoiseMs=0.000 stage6AgcStatsMs=0.000 readbackMs=1.971 jpegMs=8.441 tcpSendMs=0.169 inputQueueDepth=16 sourceSeqLag=17 note=recorderWriteMs_is_reported_by_VideoDisplay_RecorderPerf
[CameraControl] mode=lookat targetPlatID=3 targetID=34 relPitch=-22.9357 relYaw=13.1053 range=7469.27
[Stage6 FrameDiag] frameIndex=1.78246e+12 packet=2776 band=MWIR whiteHot=1 displayGain=1 displayOffset=0 noiseEnable=0 noiseSigmaGray=0 route=final_sensor targetVisibleCount=5 targetMappedCount=5 hiddenByTargetNum=0 hiddenByTargetViewValid=0 hiddenByWeaponViewValid=0 beyondFarClip=0 skyVisible=1 cameraHpr=-13.1053,-22.9357,0 sensorFovH=0.0999999 sensorFovV=0.0999999 near=1 far=50000
[AnnotationFastPath] enabled=1 frame=2760 bboxDue=0 occlusionDue=0 updateProjection=0 reused=1 bboxUpdateHz=10 occlusionUpdateHz=5 reuseLastWhenSkipped=1 drawOverlay=0 jsonPerFrame=1 quietPerfMode=1 bboxUpdateCount=460 bboxReuseCount=2300 occlusionUpdateCount=229 occlusionReuseCount=2531
[ScenePerfProbe] sourceSeq=2760 processRealSceneMs=0.311 targetMappingMs=0.135 cameraControlMs=0.074 stage4Stage5UpdateMs=2.336 shaderInputApplyMs=0.000 annotationComputeMs=0.012 annotationBBoxMs=0.000 annotationOcclusionMs=0.000 annotationJsonMs=0.000 pandaDoFrameMs=17.480 readbackMs=1.987 frameCopyMs=0.683 jpegMs=9.076 readbackMode=EveryFrame copyRamAttached=1 quietPerfMode=1 bboxFastMode=cached_aabb_8corners annotationFastJsonMode=1 annotationOverlayInSensorImage=0 annotationJsonPerFrame=1 bboxUpdateCount=460 bboxReuseCount=2300 occlusionUpdateCount=229 occlusionReuseCount=2531 targetUpdateCullInvisible=1 targetUpdateTotal=10 targetUpdateVisible=5 targetUpdateSkippedBeyondFar=0 targetUpdateSkippedShaderApply=0
[Stage6 Capture] frameWidth=800 frameHeight=800 tcpWidth=800 tcpHeight=800 renderTextureWidth=800 renderTextureHeight=800 textureCropApplied=0 source=final_sensor channels=RGB8 readbackMode=EveryFrame readbackEveryN=1 copyRamAttached=1 copyRamMode=RTM_copy_ram tcpFrameReused=0 diagnostic_only=0 renderPath=direct_final sourceSeq=2760 readbackMs=1.92704 resizeMs=0 frameCopyMs=0.687167 tcpQueueDepth=1 annotationJsonPerFrame=1 annotationOverlayInSensorImage=0
[Stage5 Plume] targetType=0x22 targetPlatID=3 targetID=3 platform=AIM120D engineState=1 band=MWIR coreEnabled=1 haloEnabled=1 coreTempK=1800 haloTempK=1100 coreGray=1 haloGray=0.789749 coreOpacity=1 haloOpacity=0.405 coreVisible=1 haloVisible=1
[TcpFramePacket] frame=2760 imgBytes=14742 annotationBytes=1800 targets=5 width=800 height=800
[TcpPerf] sourceSeq=2760 outputOrdinal=2760 codec=jpeg requestedCodec=jpeg h264En=0 codecFallbackReason=none jpegQuality=95 jpegMode=gray jpegBytes=14742 encodeInputChannels=1 flipMs=2.162 resizeMs=0.000 jpegMs=7.649 tcpSendMs=0.159 queueDepth=0 queueWaitMs=0.001 overwritten=0
[SyncFrame] sourceSeq=2760 outputOrdinal=2760 inputQueueDepth=16 tcpQueueDepth=0 sourceSeqContinuous=1 videoFpsTarget=60.000 frameMs=13.436 latencyMs=357.440 readbackMs=1.927 flipMs=2.162 resizeMs=0.000 jpegMs=7.649 tcpSendMs=0.159 overrun=0 overwritten=0
[Stage6 MTF] sourceSeq=2760 enabled=0 effective=0 mode=GaussianSeparable effectiveMode=GaussianSinglePassSeparableWeights sigmaPixels=0.65 radiusPixels=2 passes=1 applyTo=final_display inputSize=800x800 outputSize=800x800 stage6MtfBlurMs=0 stage6MtfBlurScope=render_pass_upper_bound implementation=single_pass_gpu_separable_weights todo=true_two_pass_separable_if_needed
[Stage6 Noise] sourceSeq=2760 enabled=0 effective=0 applyTo=final_display position=BeforeAGC temporalEnabled=1 temporalSigma=0.005 fpnEnabled=0 fpnSigma=0.003 columnEnabled=0 columnSigma=0.002 rowEnabled=0 rowSigma=0.001 badPixelEnabled=0 badPixelRatio=0.0001 seed=12345 stage6DetectorNoiseMs=0 stage6DetectorNoiseScope=render_pass_upper_bound implementation=single_pass_gpu_hash_noise
[Stage6 AGC] sourceSeq=2760 enabled=0 effective=0 mode=Percentile statsSource=previous_readback updateHz=30 sampleCount=0 lowPercentile=2 highPercentile=98 lowInput=0 highInput=1 gain=1 offset=0 gainSmoothed=1 offsetSmoothed=0 valid=0 fallbackReason=disabled stage6AgcStatsMs=0
[RenderPerfProbe] pandaDoFrameMs=19.471 renderPath=direct_final graphicsOutputCount=1 activeDisplayRegionCount=1 rawPassEnabled=0 finalPassEnabled=1 annotationOverlayEnabled=0 readbackMode=EveryFrame readbackEveryN=1 copyRamAttached=1 copyRamMode=RTM_copy_ram quietPerfMode=1 bboxFastMode=cached_aabb_8corners processRealSceneMs=0.231 targetMappingMs=0.137 cameraControlMs=0.017 stage4Stage5UpdateMs=3.037 shaderInputApplyMs=0.000 readbackMs=1.909 frameCopyMs=0.685 jpegMs=7.789 annotationMs=0.003 annotationBBoxMs=0.000 annotationOcclusionMs=0.000 annotationJsonMs=0.000 annotationTargets=5 bboxUpdateCount=468 bboxReuseCount=2340 occlusionUpdateCount=233 occlusionReuseCount=2575 targetUpdateCullInvisible=1 targetUpdateTotal=10 targetUpdateVisible=5 targetUpdateSkippedBeyondFar=0 targetUpdateSkippedShaderApply=0
[Perf] mode=sync videoFpsTarget=60.000 udpFps=47.753 renderFps=47.753 outputFps=47.753 sceneUpdateMs=2.202 annotationMs=1.977 irUpdateMs=1.333 irEnvBuildMs=0.005 stage7SkyGroundMs=0.729 platformRadianceMs=0.014 targetRadianceMs=0.064 stage4HotspotMs=1.074 stage5PlumeMs=0.246 stage5RadianceComponentMs=0.969 stage5AeroThermalMs=0.010 stage5ModtranLookupMs=0.000 shaderInputApplyMs=1.902 shaderInputApplyScope=exclusive stage7SkyGroundScope=inclusive stage4HotspotScope=inclusive shaderInputSetCount=869 shaderInputSkipCount=22811 shaderInputCacheHitRate=96.330 stage5ModtranCacheHitCount=0 stage5ModtranCacheMissCount=0 stage7FullUpdateCount=16 stage7PositionOnlyCount=32 stage7SkipCount=0 stage4UpdateCount=0 stage4SkipCount=240 plumeUpdateMs=0.263 renderMs=18.651 stage6MtfBlurMs=0.000 stage6MtfBlurScope=render_pass_upper_bound mtfBlurEnabled=0 mtfBlurSigmaPixels=0.650 mtfBlurRadiusPixels=2 stage6DetectorNoiseMs=0.000 stage6DetectorNoiseScope=render_pass_upper_bound detectorNoiseEnabled=0 temporalNoiseSigmaGray=0.005 fpnSigmaGray=0.003 columnNoiseSigmaGray=0.002 rowNoiseSigmaGray=0.001 badPixelRatio=0.000 noisePosition=BeforeAGC stage6AgcStatsMs=0.000 stage6AgcApplyMs=0.000 agcEnabled=0 agcMode=Percentile agcGain=1.000 agcOffset=0.000 agcLowInput=0.000 agcHighInput=1.000 agcSampleCount=0 readbackMs=1.943 resizeMs=0.000 frameCopyMs=0.708 jpegMs=8.349 tcpSendMs=0.166 tcpQueueDepth=0 tcpQueueDepthMax=1 inputQueueDepth=16 inputQueueDepthMax=16 sourceSeqLag=17 latencyAvgMs=367.359 latencyMaxMs=390.280 syncOverrunCount=2627 inputQueueOverflowCount=0 udpFrames=2862 renderFrames=2844 outputFrames=2845
[Perf][WARN] outputFps=47.753 targetFps=60.000 bottleneckSummary=below_60hz irUpdateMs=1.333 stage5ModtranLookupMs=0.000 stage5RadianceComponentMs=0.969 stage5AeroThermalMs=0.010 stage4HotspotMs=1.074 stage7SkyGroundMs=0.729 shaderInputApplyMs=1.902 annotationMs=1.977 renderMs=18.651 stage6MtfBlurMs=0.000 stage6DetectorNoiseMs=0.000 stage6AgcStatsMs=0.000 readbackMs=1.943 jpegMs=8.349 tcpSendMs=0.166 inputQueueDepth=16 sourceSeqLag=17 note=recorderWriteMs_is_reported_by_VideoDisplay_RecorderPerf
[SyncFrame][WARN] inputQueueBackpressure sourceSeq=2873 backpressureCount=2400 queueDepth=16 queueCapacity=16 action=wait_for_space
[TcpPerf] sourceSeq=2857 outputOrdinal=2857 codec=jpeg requestedCodec=jpeg h264En=0 codecFallbackReason=none jpegQuality=95 jpegMode=gray jpegBytes=14305 encodeInputChannels=1 flipMs=2.178 resizeMs=0.000 jpegMs=8.390 tcpSendMs=0.159 queueDepth=0 queueWaitMs=0.001 overwritten=0
接收UDP数据，长度：506字节，来自：192.168.1.188:9999 packet=2880
解析UDP数据，flag：0x38 packet=2880
[Stage0] Display packet #2880: platID=1, sensorID=1, targetNumValid=5, timeMs=1.78246e+12
处理实时成像数据...
实时数据更新完成，时间戳=1.78246e+12ms
[Stage5 PlumePerf] plumeNodeCount=16 visiblePlumeCount=2 textureLoadCountThisFrame=0 updateHz=30 updatePlumeMs=0.267414 updatePlumeMsMax=0.490583 perfBudgetMs=1
[TargetUpdateCull] enabled=1 total=10 visible=5 skippedBeyondFar=0 skippedShaderApply=0 shaderInputApplyMs=2.18955 stage4Stage5UpdateMs=3.30108
[CameraControl] mode=lookat targetPlatID=3 targetID=34 relPitch=-24.1955 relYaw=14.1826 range=6698.31
[Stage6 FrameDiag] frameIndex=1.78246e+12 packet=2896 band=MWIR whiteHot=1 displayGain=1 displayOffset=0 noiseEnable=0 noiseSigmaGray=0 route=final_sensor targetVisibleCount=5 targetMappedCount=5 hiddenByTargetNum=0 hiddenByTargetViewValid=0 hiddenByWeaponViewValid=0 beyondFarClip=0 skyVisible=1 cameraHpr=-14.1826,-24.1955,0 sensorFovH=0.0999999 sensorFovV=0.0999999 near=1 far=50000
[AnnotationFastPath] enabled=1 frame=2880 bboxDue=0 occlusionDue=0 updateProjection=0 reused=1 bboxUpdateHz=10 occlusionUpdateHz=5 reuseLastWhenSkipped=1 drawOverlay=0 jsonPerFrame=1 quietPerfMode=1 bboxUpdateCount=480 bboxReuseCount=2400 occlusionUpdateCount=239 occlusionReuseCount=2641
[ScenePerfProbe] sourceSeq=2880 processRealSceneMs=0.303 targetMappingMs=0.131 cameraControlMs=0.075 stage4Stage5UpdateMs=2.554 shaderInputApplyMs=0.000 annotationComputeMs=0.011 annotationBBoxMs=0.000 annotationOcclusionMs=0.000 annotationJsonMs=0.000 pandaDoFrameMs=20.053 readbackMs=1.960 frameCopyMs=0.703 jpegMs=9.010 readbackMode=EveryFrame copyRamAttached=1 quietPerfMode=1 bboxFastMode=cached_aabb_8corners annotationFastJsonMode=1 annotationOverlayInSensorImage=0 annotationJsonPerFrame=1 bboxUpdateCount=480 bboxReuseCount=2400 occlusionUpdateCount=239 occlusionReuseCount=2641 targetUpdateCullInvisible=1 targetUpdateTotal=10 targetUpdateVisible=5 targetUpdateSkippedBeyondFar=0 targetUpdateSkippedShaderApply=0
[Stage6 Capture] frameWidth=800 frameHeight=800 tcpWidth=800 tcpHeight=800 renderTextureWidth=800 renderTextureHeight=800 textureCropApplied=0 source=final_sensor channels=RGB8 readbackMode=EveryFrame readbackEveryN=1 copyRamAttached=1 copyRamMode=RTM_copy_ram tcpFrameReused=0 diagnostic_only=0 renderPath=direct_final sourceSeq=2880 readbackMs=1.80658 resizeMs=0 frameCopyMs=0.695042 tcpQueueDepth=1 annotationJsonPerFrame=1 annotationOverlayInSensorImage=0
[Stage5 Plume] targetType=0x22 targetPlatID=3 targetID=3 platform=AIM120D engineState=1 band=MWIR coreEnabled=1 haloEnabled=1 coreTempK=1800 haloTempK=1100 coreGray=1 haloGray=0.789749 coreOpacity=1 haloOpacity=0.405 coreVisible=1 haloVisible=1
[TcpFramePacket] frame=2880 imgBytes=14346 annotationBytes=1800 targets=5 width=800 height=800
[TcpPerf] sourceSeq=2880 outputOrdinal=2880 codec=jpeg requestedCodec=jpeg h264En=0 codecFallbackReason=none jpegQuality=95 jpegMode=gray jpegBytes=14346 encodeInputChannels=1 flipMs=1.927 resizeMs=0.000 jpegMs=8.161 tcpSendMs=0.140 queueDepth=0 queueWaitMs=0.001 overwritten=0
[SyncFrame] sourceSeq=2880 outputOrdinal=2880 inputQueueDepth=16 tcpQueueDepth=0 sourceSeqContinuous=1 videoFpsTarget=60.000 frameMs=13.366 latencyMs=345.191 readbackMs=1.807 flipMs=1.927 resizeMs=0.000 jpegMs=8.161 tcpSendMs=0.140 overrun=0 overwritten=0
[Stage6 MTF] sourceSeq=2880 enabled=0 effective=0 mode=GaussianSeparable effectiveMode=GaussianSinglePassSeparableWeights sigmaPixels=0.65 radiusPixels=2 passes=1 applyTo=final_display inputSize=800x800 outputSize=800x800 stage6MtfBlurMs=0 stage6MtfBlurScope=render_pass_upper_bound implementation=single_pass_gpu_separable_weights todo=true_two_pass_separable_if_needed
[Stage6 Noise] sourceSeq=2880 enabled=0 effective=0 applyTo=final_display position=BeforeAGC temporalEnabled=1 temporalSigma=0.005 fpnEnabled=0 fpnSigma=0.003 columnEnabled=0 columnSigma=0.002 rowEnabled=0 rowSigma=0.001 badPixelEnabled=0 badPixelRatio=0.0001 seed=12345 stage6DetectorNoiseMs=0 stage6DetectorNoiseScope=render_pass_upper_bound implementation=single_pass_gpu_hash_noise
[Stage6 AGC] sourceSeq=2880 enabled=0 effective=0 mode=Percentile statsSource=previous_readback updateHz=30 sampleCount=0 lowPercentile=2 highPercentile=98 lowInput=0 highInput=1 gain=1 offset=0 gainSmoothed=1 offsetSmoothed=0 valid=0 fallbackReason=disabled stage6AgcStatsMs=0
[AnnotationCollisionCache] platform=AIM120D targetID=3 built=0 reused=1 triangles=1532 solids=1532
[Stage7 Weather] reason=runtime envSky=0 weatherName=Clear visibilityM=6000 humidity=85 windV=8 windDir=30 cloudCoverage=0 fogDensity=0 precipitationType=none sunDirectScale=1 skyDiffuseScale=1 targetContrastScale=1 source=UDP+weather_profiles+RuntimeConfig
[Stage7 CloudLayer] enabled=0 texture=Config/Weather/Textures/cloud_few.png textureFound=1 coverage=0 opacity=0 temperatureK=255 band=MWIR cloudGray=0.385455
[Stage7 Fog] enabled=0 visibilityM=6000 fogDensity=0 fogGray=0.45 targetContrastScale=1
[Stage7 Precipitation] enabled=0 type=none density=0 speed=0 windV=8 windDir=30 maxHeight=0 transHeight=0
[Stage7 PrecipitationOverlay] mode=ScreenOverlay active=0 type=none density=0 sensorFovDeg=0.0999999 pattern=screen_sparse_low_contrast giantVerticalBars=0 sameOutput=1
[Stage7 Perf] weatherNodeCount=0 cloudNodeCount=0 precipitationNodeCount=0 textureLoadCountThisFrame=0 updateWeatherNodesMs=0.00175 totalWeatherMs=0.00875 precipitationMode=ScreenOverlay
[RenderPerfProbe] pandaDoFrameMs=20.927 renderPath=direct_final graphicsOutputCount=1 activeDisplayRegionCount=1 rawPassEnabled=0 finalPassEnabled=1 annotationOverlayEnabled=0 readbackMode=EveryFrame readbackEveryN=1 copyRamAttached=1 copyRamMode=RTM_copy_ram quietPerfMode=1 bboxFastMode=cached_aabb_8corners processRealSceneMs=0.233 targetMappingMs=0.140 cameraControlMs=0.017 stage4Stage5UpdateMs=2.859 shaderInputApplyMs=0.000 readbackMs=2.054 frameCopyMs=0.706 jpegMs=7.950 annotationMs=0.003 annotationBBoxMs=0.000 annotationOcclusionMs=0.000 annotationJsonMs=0.000 annotationTargets=5 bboxUpdateCount=488 bboxReuseCount=2440 occlusionUpdateCount=243 occlusionReuseCount=2685 targetUpdateCullInvisible=1 targetUpdateTotal=10 targetUpdateVisible=5 targetUpdateSkippedBeyondFar=0 targetUpdateSkippedShaderApply=0
[Stage7 3DSkyGround] reason=runtime enable=1 band=MWIR envTerrain=0 envSky=0 skyGrayRaw=0.65 groundGrayRaw=0.35 skyGrayFinal=0.65 groundGrayFinal=0.35 skyGray=0.65 groundGray=0.35 skyDome=1 lowerShell=1 groundPlane=0 source=env+band_default
[Stage7 Debug] mode=Off skyVisible=1 groundVisible=1 forcedSkyGray=NA forcedGroundGray=NA
[Stage7 Real3DBackground] skyDome=1 lowerShell=1 flatGroundPlane=0 cameraPos=-1154.51,8458.83,758.152 backgroundMode=real_3d
[Stage7 GroundReference] mode=reference_zero groundZOffset=0 finalGroundReferenceZ=0
[Stage7 SkyDomeDiag] cameraPos=-1154.51,8458.83,758.152 skyDomePos=-1154.51,8458.83,758.152 farClipM=50000 skyRadius=42500 radius=42500 radiusSource=farClip_scaled radiusLessThanFarClip=1 twoSided=1 depthWrite=0 depthTest=0
[Stage7 GroundDiag] groundPos=-1154.51,8458.83,758.152 farClipM=50000 groundSize=42500 lowerShellRadius=42500 groundZOffset=0 envTerrain=0 groundGray=0.35
[Perf] mode=sync videoFpsTarget=60.000 udpFps=49.423 renderFps=49.922 outputFps=49.423 sceneUpdateMs=1.474 annotationMs=1.247 irUpdateMs=1.449 irEnvBuildMs=0.005 stage7SkyGroundMs=0.708 platformRadianceMs=0.014 targetRadianceMs=0.069 stage4HotspotMs=1.186 stage5PlumeMs=0.243 stage5RadianceComponentMs=1.080 stage5AeroThermalMs=0.011 stage5ModtranLookupMs=0.000 shaderInputApplyMs=2.150 shaderInputApplyScope=exclusive stage7SkyGroundScope=inclusive stage4HotspotScope=inclusive shaderInputSetCount=1024 shaderInputSkipCount=23698 shaderInputCacheHitRate=95.858 stage5ModtranCacheHitCount=0 stage5ModtranCacheMissCount=0 stage7FullUpdateCount=17 stage7PositionOnlyCount=33 stage7SkipCount=0 stage4UpdateCount=0 stage4SkipCount=250 plumeUpdateMs=0.263 renderMs=18.622 stage6MtfBlurMs=0.000 stage6MtfBlurScope=render_pass_upper_bound mtfBlurEnabled=0 mtfBlurSigmaPixels=0.650 mtfBlurRadiusPixels=2 stage6DetectorNoiseMs=0.000 stage6DetectorNoiseScope=render_pass_upper_bound detectorNoiseEnabled=0 temporalNoiseSigmaGray=0.005 fpnSigmaGray=0.003 columnNoiseSigmaGray=0.002 rowNoiseSigmaGray=0.001 badPixelRatio=0.000 noisePosition=BeforeAGC stage6AgcStatsMs=0.000 stage6AgcApplyMs=0.000 agcEnabled=0 agcMode=Percentile agcGain=1.000 agcOffset=0.000 agcLowInput=0.000 agcHighInput=1.000 agcSampleCount=0 readbackMs=1.939 resizeMs=0.000 frameCopyMs=0.707 jpegMs=8.467 tcpSendMs=0.166 tcpQueueDepth=0 tcpQueueDepthMax=1 inputQueueDepth=16 inputQueueDepthMax=16 sourceSeqLag=17 latencyAvgMs=359.183 latencyMaxMs=381.731 syncOverrunCount=2734 inputQueueOverflowCount=0 udpFrames=2961 renderFrames=2944 outputFrames=2944
[Perf][WARN] outputFps=49.423 targetFps=60.000 bottleneckSummary=below_60hz irUpdateMs=1.449 stage5ModtranLookupMs=0.000 stage5RadianceComponentMs=1.080 stage5AeroThermalMs=0.011 stage4HotspotMs=1.186 stage7SkyGroundMs=0.708 shaderInputApplyMs=2.150 annotationMs=1.247 renderMs=18.622 stage6MtfBlurMs=0.000 stage6DetectorNoiseMs=0.000 stage6AgcStatsMs=0.000 readbackMs=1.939 jpegMs=8.467 tcpSendMs=0.166 inputQueueDepth=16 sourceSeqLag=17 note=recorderWriteMs_is_reported_by_VideoDisplay_RecorderPerf
[SyncFrame][WARN] inputQueueBackpressure sourceSeq=2993 backpressureCount=2520 queueDepth=16 queueCapacity=16 action=wait_for_space
[TcpPerf] sourceSeq=2977 outputOrdinal=2977 codec=jpeg requestedCodec=jpeg h264En=0 codecFallbackReason=none jpegQuality=95 jpegMode=gray jpegBytes=16465 encodeInputChannels=1 flipMs=2.201 resizeMs=0.000 jpegMs=8.490 tcpSendMs=0.160 queueDepth=0 queueWaitMs=0.001 overwritten=0
接收UDP数据，长度：506字节，来自：192.168.1.188:9999 packet=3000
解析UDP数据，flag：0x38 packet=3000
[Stage0] Display packet #3000: platID=1, sensorID=1, targetNumValid=5, timeMs=1.78246e+12
处理实时成像数据...
实时数据更新完成，时间戳=1.78246e+12ms
[CameraControl] mode=lookat targetPlatID=3 targetID=34 relPitch=-26.9012 relYaw=15.6867 range=5932.57
[Stage6 FrameDiag] frameIndex=1.78246e+12 packet=3016 band=MWIR whiteHot=1 displayGain=1 displayOffset=0 noiseEnable=0 noiseSigmaGray=0 route=final_sensor targetVisibleCount=5 targetMappedCount=5 hiddenByTargetNum=0 hiddenByTargetViewValid=0 hiddenByWeaponViewValid=0 beyondFarClip=0 skyVisible=1 cameraHpr=-15.6867,-26.9012,0 sensorFovH=0.0999999 sensorFovV=0.0999999 near=1 far=50000
[AnnotationFastPath] enabled=1 frame=3000 bboxDue=0 occlusionDue=0 updateProjection=0 reused=1 bboxUpdateHz=10 occlusionUpdateHz=5 reuseLastWhenSkipped=1 drawOverlay=0 jsonPerFrame=1 quietPerfMode=1 bboxUpdateCount=500 bboxReuseCount=2500 occlusionUpdateCount=249 occlusionReuseCount=2751
[ScenePerfProbe] sourceSeq=3000 processRealSceneMs=0.349 targetMappingMs=0.140 cameraControlMs=0.076 stage4Stage5UpdateMs=3.382 shaderInputApplyMs=0.000 annotationComputeMs=0.036 annotationBBoxMs=0.000 annotationOcclusionMs=0.000 annotationJsonMs=0.000 pandaDoFrameMs=18.102 readbackMs=1.766 frameCopyMs=0.718 jpegMs=8.696 readbackMode=EveryFrame copyRamAttached=1 quietPerfMode=1 bboxFastMode=cached_aabb_8corners annotationFastJsonMode=1 annotationOverlayInSensorImage=0 annotationJsonPerFrame=1 bboxUpdateCount=500 bboxReuseCount=2500 occlusionUpdateCount=249 occlusionReuseCount=2751 targetUpdateCullInvisible=1 targetUpdateTotal=10 targetUpdateVisible=5 targetUpdateSkippedBeyondFar=0 targetUpdateSkippedShaderApply=0
[Stage6 Capture] frameWidth=800 frameHeight=800 tcpWidth=800 tcpHeight=800 renderTextureWidth=800 renderTextureHeight=800 textureCropApplied=0 source=final_sensor channels=RGB8 readbackMode=EveryFrame readbackEveryN=1 copyRamAttached=1 copyRamMode=RTM_copy_ram tcpFrameReused=0 diagnostic_only=0 renderPath=direct_final sourceSeq=3000 readbackMs=1.82875 resizeMs=0 frameCopyMs=0.681625 tcpQueueDepth=1 annotationJsonPerFrame=1 annotationOverlayInSensorImage=0
[Stage5 Plume] targetType=0x22 targetPlatID=3 targetID=3 platform=AIM120D engineState=1 band=MWIR coreEnabled=1 haloEnabled=1 coreTempK=1800 haloTempK=1100 coreGray=1 haloGray=0.789749 coreOpacity=1 haloOpacity=0.405 coreVisible=1 haloVisible=1
[TcpFramePacket] frame=3000 imgBytes=16245 annotationBytes=1800 targets=5 width=800 height=800
[TcpPerf] sourceSeq=3000 outputOrdinal=3000 codec=jpeg requestedCodec=jpeg h264En=0 codecFallbackReason=none jpegQuality=95 jpegMode=gray jpegBytes=16245 encodeInputChannels=1 flipMs=2.248 resizeMs=0.000 jpegMs=8.391 tcpSendMs=0.319 queueDepth=0 queueWaitMs=0.001 overwritten=0
[SyncFrame] sourceSeq=3000 outputOrdinal=3000 inputQueueDepth=16 tcpQueueDepth=0 sourceSeqContinuous=1 videoFpsTarget=60.000 frameMs=14.329 latencyMs=367.907 readbackMs=1.829 flipMs=2.248 resizeMs=0.000 jpegMs=8.391 tcpSendMs=0.319 overrun=0 overwritten=0
[Stage6 MTF] sourceSeq=3000 enabled=0 effective=0 mode=GaussianSeparable effectiveMode=GaussianSinglePassSeparableWeights sigmaPixels=0.65 radiusPixels=2 passes=1 applyTo=final_display inputSize=800x800 outputSize=800x800 stage6MtfBlurMs=0 stage6MtfBlurScope=render_pass_upper_bound implementation=single_pass_gpu_separable_weights todo=true_two_pass_separable_if_needed
[Stage6 Noise] sourceSeq=3000 enabled=0 effective=0 applyTo=final_display position=BeforeAGC temporalEnabled=1 temporalSigma=0.005 fpnEnabled=0 fpnSigma=0.003 columnEnabled=0 columnSigma=0.002 rowEnabled=0 rowSigma=0.001 badPixelEnabled=0 badPixelRatio=0.0001 seed=12345 stage6DetectorNoiseMs=0 stage6DetectorNoiseScope=render_pass_upper_bound implementation=single_pass_gpu_hash_noise
[Stage6 AGC] sourceSeq=3000 enabled=0 effective=0 mode=Percentile statsSource=previous_readback updateHz=30 sampleCount=0 lowPercentile=2 highPercentile=98 lowInput=0 highInput=1 gain=1 offset=0 gainSmoothed=1 offsetSmoothed=0 valid=0 fallbackReason=disabled stage6AgcStatsMs=0
[Perf] mode=sync videoFpsTarget=60.000 udpFps=46.901 renderFps=46.901 outputFps=46.901 sceneUpdateMs=2.025 annotationMs=1.798 irUpdateMs=1.541 irEnvBuildMs=0.006 stage7SkyGroundMs=0.697 platformRadianceMs=0.015 targetRadianceMs=0.074 stage4HotspotMs=1.448 stage5PlumeMs=0.255 stage5RadianceComponentMs=1.194 stage5AeroThermalMs=0.009 stage5ModtranLookupMs=0.000 shaderInputApplyMs=2.073 shaderInputApplyScope=exclusive stage7SkyGroundScope=inclusive stage4HotspotScope=inclusive shaderInputSetCount=1153 shaderInputSkipCount=22089 shaderInputCacheHitRate=95.039 stage5ModtranCacheHitCount=0 stage5ModtranCacheMissCount=0 stage7FullUpdateCount=16 stage7PositionOnlyCount=31 stage7SkipCount=0 stage4UpdateCount=0 stage4SkipCount=235 plumeUpdateMs=0.265 renderMs=19.200 stage6MtfBlurMs=0.000 stage6MtfBlurScope=render_pass_upper_bound mtfBlurEnabled=0 mtfBlurSigmaPixels=0.650 mtfBlurRadiusPixels=2 stage6DetectorNoiseMs=0.000 stage6DetectorNoiseScope=render_pass_upper_bound detectorNoiseEnabled=0 temporalNoiseSigmaGray=0.005 fpnSigmaGray=0.003 columnNoiseSigmaGray=0.002 rowNoiseSigmaGray=0.001 badPixelRatio=0.000 noisePosition=BeforeAGC stage6AgcStatsMs=0.000 stage6AgcApplyMs=0.000 agcEnabled=0 agcMode=Percentile agcGain=1.000 agcOffset=0.000 agcLowInput=0.000 agcHighInput=1.000 agcSampleCount=0 readbackMs=1.963 resizeMs=0.000 frameCopyMs=0.708 jpegMs=8.459 tcpSendMs=0.163 tcpQueueDepth=0 tcpQueueDepthMax=1 inputQueueDepth=16 inputQueueDepthMax=16 sourceSeqLag=17 latencyAvgMs=373.392 latencyMaxMs=403.164 syncOverrunCount=2836 inputQueueOverflowCount=0 udpFrames=3055 renderFrames=3038 outputFrames=3038
[Perf][WARN] outputFps=46.901 targetFps=60.000 bottleneckSummary=below_60hz irUpdateMs=1.541 stage5ModtranLookupMs=0.000 stage5RadianceComponentMs=1.194 stage5AeroThermalMs=0.009 stage4HotspotMs=1.448 stage7SkyGroundMs=0.697 shaderInputApplyMs=2.073 annotationMs=1.798 renderMs=19.200 stage6MtfBlurMs=0.000 stage6DetectorNoiseMs=0.000 stage6AgcStatsMs=0.000 readbackMs=1.963 jpegMs=8.459 tcpSendMs=0.163 inputQueueDepth=16 sourceSeqLag=17 note=recorderWriteMs_is_reported_by_VideoDisplay_RecorderPerf
[RenderPerfProbe] pandaDoFrameMs=20.561 renderPath=direct_final graphicsOutputCount=1 activeDisplayRegionCount=1 rawPassEnabled=0 finalPassEnabled=1 annotationOverlayEnabled=0 readbackMode=EveryFrame readbackEveryN=1 copyRamAttached=1 copyRamMode=RTM_copy_ram quietPerfMode=1 bboxFastMode=cached_aabb_8corners processRealSceneMs=0.224 targetMappingMs=0.132 cameraControlMs=0.015 stage4Stage5UpdateMs=3.153 shaderInputApplyMs=0.000 readbackMs=1.940 frameCopyMs=0.691 jpegMs=8.610 annotationMs=0.003 annotationBBoxMs=0.000 annotationOcclusionMs=0.000 annotationJsonMs=0.000 annotationTargets=5 bboxUpdateCount=508 bboxReuseCount=2540 occlusionUpdateCount=253 occlusionReuseCount=2795 targetUpdateCullInvisible=1 targetUpdateTotal=10 targetUpdateVisible=5 targetUpdateSkippedBeyondFar=0 targetUpdateSkippedShaderApply=0
[TcpPerf] sourceSeq=3094 outputOrdinal=3094 codec=jpeg requestedCodec=jpeg h264En=0 codecFallbackReason=none jpegQuality=95 jpegMode=gray jpegBytes=19304 encodeInputChannels=1 flipMs=2.029 resizeMs=0.000 jpegMs=9.456 tcpSendMs=0.160 queueDepth=0 queueWaitMs=0.017 overwritten=0
[SyncFrame][WARN] inputQueueBackpressure sourceSeq=3113 backpressureCount=2640 queueDepth=16 queueCapacity=16 action=wait_for_space
接收UDP数据，长度：506字节，来自：192.168.1.188:9999 packet=3120
解析UDP数据，flag：0x38 packet=3120
[Stage0] Display packet #3120: platID=1, sensorID=1, targetNumValid=5, timeMs=1.78246e+12
处理实时成像数据...
实时数据更新完成，时间戳=1.78246e+12ms
[Stage5 PlumePerf] plumeNodeCount=16 visiblePlumeCount=2 textureLoadCountThisFrame=0 updateHz=30 updatePlumeMs=0.261299 updatePlumeMsMax=0.455292 perfBudgetMs=1
[TargetUpdateCull] enabled=1 total=10 visible=5 skippedBeyondFar=0 skippedShaderApply=0 shaderInputApplyMs=2.58795 stage4Stage5UpdateMs=3.67733
[CameraControl] mode=lookat targetPlatID=3 targetID=34 relPitch=-30.3308 relYaw=17.4705 range=5194.95
[Stage6 FrameDiag] frameIndex=1.78246e+12 packet=3136 band=MWIR whiteHot=1 displayGain=1 displayOffset=0 noiseEnable=0 noiseSigmaGray=0 route=final_sensor targetVisibleCount=5 targetMappedCount=5 hiddenByTargetNum=0 hiddenByTargetViewValid=0 hiddenByWeaponViewValid=0 beyondFarClip=0 skyVisible=1 cameraHpr=-17.4705,-30.3308,0 sensorFovH=0.0999999 sensorFovV=0.0999999 near=1 far=50000
[AnnotationFastPath] enabled=1 frame=3120 bboxDue=0 occlusionDue=0 updateProjection=0 reused=1 bboxUpdateHz=10 occlusionUpdateHz=5 reuseLastWhenSkipped=1 drawOverlay=0 jsonPerFrame=1 quietPerfMode=1 bboxUpdateCount=520 bboxReuseCount=2600 occlusionUpdateCount=259 occlusionReuseCount=2861
[ScenePerfProbe] sourceSeq=3120 processRealSceneMs=0.308 targetMappingMs=0.129 cameraControlMs=0.080 stage4Stage5UpdateMs=3.130 shaderInputApplyMs=0.000 annotationComputeMs=0.011 annotationBBoxMs=0.000 annotationOcclusionMs=0.000 annotationJsonMs=0.000 pandaDoFrameMs=17.564 readbackMs=1.879 frameCopyMs=0.704 jpegMs=9.444 readbackMode=EveryFrame copyRamAttached=1 quietPerfMode=1 bboxFastMode=cached_aabb_8corners annotationFastJsonMode=1 annotationOverlayInSensorImage=0 annotationJsonPerFrame=1 bboxUpdateCount=520 bboxReuseCount=2600 occlusionUpdateCount=259 occlusionReuseCount=2861 targetUpdateCullInvisible=1 targetUpdateTotal=10 targetUpdateVisible=5 targetUpdateSkippedBeyondFar=0 targetUpdateSkippedShaderApply=0
[Stage6 Capture] frameWidth=800 frameHeight=800 tcpWidth=800 tcpHeight=800 renderTextureWidth=800 renderTextureHeight=800 textureCropApplied=0 source=final_sensor channels=RGB8 readbackMode=EveryFrame readbackEveryN=1 copyRamAttached=1 copyRamMode=RTM_copy_ram tcpFrameReused=0 diagnostic_only=0 renderPath=direct_final sourceSeq=3120 readbackMs=1.93988 resizeMs=0 frameCopyMs=0.6895 tcpQueueDepth=1 annotationJsonPerFrame=1 annotationOverlayInSensorImage=0
[Stage5 Plume] targetType=0x22 targetPlatID=3 targetID=3 platform=AIM120D engineState=1 band=MWIR coreEnabled=1 haloEnabled=1 coreTempK=1800 haloTempK=1100 coreGray=1 haloGray=0.789749 coreOpacity=1 haloOpacity=0.405 coreVisible=1 haloVisible=1
[TcpFramePacket] frame=3120 imgBytes=19456 annotationBytes=1800 targets=5 width=800 height=800
[TcpPerf] sourceSeq=3120 outputOrdinal=3120 codec=jpeg requestedCodec=jpeg h264En=0 codecFallbackReason=none jpegQuality=95 jpegMode=gray jpegBytes=19456 encodeInputChannels=1 flipMs=2.126 resizeMs=0.000 jpegMs=8.322 tcpSendMs=0.164 queueDepth=0 queueWaitMs=0.001 overwritten=0
[SyncFrame] sourceSeq=3120 outputOrdinal=3120 inputQueueDepth=16 tcpQueueDepth=0 sourceSeqContinuous=1 videoFpsTarget=60.000 frameMs=14.039 latencyMs=349.405 readbackMs=1.940 flipMs=2.126 resizeMs=0.000 jpegMs=8.322 tcpSendMs=0.164 overrun=0 overwritten=0
[Stage6 MTF] sourceSeq=3120 enabled=0 effective=0 mode=GaussianSeparable effectiveMode=GaussianSinglePassSeparableWeights sigmaPixels=0.65 radiusPixels=2 passes=1 applyTo=final_display inputSize=800x800 outputSize=800x800 stage6MtfBlurMs=0 stage6MtfBlurScope=render_pass_upper_bound implementation=single_pass_gpu_separable_weights todo=true_two_pass_separable_if_needed
[Stage6 Noise] sourceSeq=3120 enabled=0 effective=0 applyTo=final_display position=BeforeAGC temporalEnabled=1 temporalSigma=0.005 fpnEnabled=0 fpnSigma=0.003 columnEnabled=0 columnSigma=0.002 rowEnabled=0 rowSigma=0.001 badPixelEnabled=0 badPixelRatio=0.0001 seed=12345 stage6DetectorNoiseMs=0 stage6DetectorNoiseScope=render_pass_upper_bound implementation=single_pass_gpu_hash_noise
[Stage6 AGC] sourceSeq=3120 enabled=0 effective=0 mode=Percentile statsSource=previous_readback updateHz=30 sampleCount=0 lowPercentile=2 highPercentile=98 lowInput=0 highInput=1 gain=1 offset=0 gainSmoothed=1 offsetSmoothed=0 valid=0 fallbackReason=disabled stage6AgcStatsMs=0
[Perf] mode=sync videoFpsTarget=60.000 udpFps=47.910 renderFps=47.411 outputFps=47.910 sceneUpdateMs=1.721 annotationMs=1.494 irUpdateMs=1.680 irEnvBuildMs=0.004 stage7SkyGroundMs=0.694 platformRadianceMs=0.012 targetRadianceMs=0.068 stage4HotspotMs=1.447 stage5PlumeMs=0.241 stage5RadianceComponentMs=1.341 stage5AeroThermalMs=0.010 stage5ModtranLookupMs=0.000 shaderInputApplyMs=2.488 shaderInputApplyScope=exclusive stage7SkyGroundScope=inclusive stage4HotspotScope=inclusive shaderInputSetCount=1460 shaderInputSkipCount=22220 shaderInputCacheHitRate=93.834 stage5ModtranCacheHitCount=0 stage5ModtranCacheMissCount=0 stage7FullUpdateCount=16 stage7PositionOnlyCount=32 stage7SkipCount=0 stage4UpdateCount=0 stage4SkipCount=240 plumeUpdateMs=0.258 renderMs=19.109 stage6MtfBlurMs=0.000 stage6MtfBlurScope=render_pass_upper_bound mtfBlurEnabled=0 mtfBlurSigmaPixels=0.650 mtfBlurRadiusPixels=2 stage6DetectorNoiseMs=0.000 stage6DetectorNoiseScope=render_pass_upper_bound detectorNoiseEnabled=0 temporalNoiseSigmaGray=0.005 fpnSigmaGray=0.003 columnNoiseSigmaGray=0.002 rowNoiseSigmaGray=0.001 badPixelRatio=0.000 noisePosition=BeforeAGC stage6AgcStatsMs=0.000 stage6AgcApplyMs=0.000 agcEnabled=0 agcMode=Percentile agcGain=1.000 agcOffset=0.000 agcLowInput=0.000 agcHighInput=1.000 agcSampleCount=0 readbackMs=1.958 resizeMs=0.000 frameCopyMs=0.712 jpegMs=8.629 tcpSendMs=0.162 tcpQueueDepth=0 tcpQueueDepthMax=1 inputQueueDepth=16 inputQueueDepthMax=16 sourceSeqLag=17 latencyAvgMs=372.474 latencyMaxMs=395.504 syncOverrunCount=2940 inputQueueOverflowCount=0 udpFrames=3151 renderFrames=3133 outputFrames=3134
[Perf][WARN] outputFps=47.910 targetFps=60.000 bottleneckSummary=below_60hz irUpdateMs=1.680 stage5ModtranLookupMs=0.000 stage5RadianceComponentMs=1.341 stage5AeroThermalMs=0.010 stage4HotspotMs=1.447 stage7SkyGroundMs=0.694 shaderInputApplyMs=2.488 annotationMs=1.494 renderMs=19.109 stage6MtfBlurMs=0.000 stage6DetectorNoiseMs=0.000 stage6AgcStatsMs=0.000 readbackMs=1.958 jpegMs=8.629 tcpSendMs=0.162 inputQueueDepth=16 sourceSeqLag=17 note=recorderWriteMs_is_reported_by_VideoDisplay_RecorderPerf
[RenderPerfProbe] pandaDoFrameMs=19.485 renderPath=direct_final graphicsOutputCount=1 activeDisplayRegionCount=1 rawPassEnabled=0 finalPassEnabled=1 annotationOverlayEnabled=0 readbackMode=EveryFrame readbackEveryN=1 copyRamAttached=1 copyRamMode=RTM_copy_ram quietPerfMode=1 bboxFastMode=cached_aabb_8corners processRealSceneMs=0.366 targetMappingMs=0.138 cameraControlMs=0.017 stage4Stage5UpdateMs=2.917 shaderInputApplyMs=0.000 readbackMs=1.998 frameCopyMs=0.681 jpegMs=8.656 annotationMs=0.003 annotationBBoxMs=0.000 annotationOcclusionMs=0.000 annotationJsonMs=0.000 annotationTargets=5 bboxUpdateCount=528 bboxReuseCount=2640 occlusionUpdateCount=263 occlusionReuseCount=2905 targetUpdateCullInvisible=1 targetUpdateTotal=10 targetUpdateVisible=5 targetUpdateSkippedBeyondFar=0 targetUpdateSkippedShaderApply=0
[AnnotationCollisionCache] platform=AIM120D targetID=3 built=0 reused=1 triangles=1532 solids=1532
[SyncFrame][WARN] inputQueueBackpressure sourceSeq=3233 backpressureCount=2760 queueDepth=16 queueCapacity=16 action=wait_for_space
[TcpPerf] sourceSeq=3217 outputOrdinal=3217 codec=jpeg requestedCodec=jpeg h264En=0 codecFallbackReason=none jpegQuality=95 jpegMode=gray jpegBytes=22534 encodeInputChannels=1 flipMs=2.018 resizeMs=0.000 jpegMs=8.261 tcpSendMs=0.145 queueDepth=0 queueWaitMs=0.001 overwritten=0
接收UDP数据，长度：506字节，来自：192.168.1.188:9999 packet=3240
解析UDP数据，flag：0x38 packet=3240
[Stage0] Display packet #3240: platID=1, sensorID=1, targetNumValid=5, timeMs=1.78246e+12
处理实时成像数据...
实时数据更新完成，时间戳=1.78246e+12ms
[Perf] mode=sync videoFpsTarget=60.000 udpFps=47.865 renderFps=47.865 outputFps=47.865 sceneUpdateMs=1.654 annotationMs=1.429 irUpdateMs=1.792 irEnvBuildMs=0.006 stage7SkyGroundMs=0.763 platformRadianceMs=0.014 targetRadianceMs=0.070 stage4HotspotMs=1.337 stage5PlumeMs=0.251 stage5RadianceComponentMs=1.228 stage5AeroThermalMs=0.011 stage5ModtranLookupMs=0.000 shaderInputApplyMs=2.458 shaderInputApplyScope=exclusive stage7SkyGroundScope=inclusive stage4HotspotScope=inclusive shaderInputSetCount=1630 shaderInputSkipCount=22050 shaderInputCacheHitRate=93.117 stage5ModtranCacheHitCount=0 stage5ModtranCacheMissCount=0 stage7FullUpdateCount=16 stage7PositionOnlyCount=32 stage7SkipCount=0 stage4UpdateCount=0 stage4SkipCount=240 plumeUpdateMs=0.250 renderMs=19.145 stage6MtfBlurMs=0.000 stage6MtfBlurScope=render_pass_upper_bound mtfBlurEnabled=0 mtfBlurSigmaPixels=0.650 mtfBlurRadiusPixels=2 stage6DetectorNoiseMs=0.000 stage6DetectorNoiseScope=render_pass_upper_bound detectorNoiseEnabled=0 temporalNoiseSigmaGray=0.005 fpnSigmaGray=0.003 columnNoiseSigmaGray=0.002 rowNoiseSigmaGray=0.001 badPixelRatio=0.000 noisePosition=BeforeAGC stage6AgcStatsMs=0.000 stage6AgcApplyMs=0.000 agcEnabled=0 agcMode=Percentile agcGain=1.000 agcOffset=0.000 agcLowInput=0.000 agcHighInput=1.000 agcSampleCount=0 readbackMs=1.939 resizeMs=0.000 frameCopyMs=0.706 jpegMs=8.642 tcpSendMs=0.165 tcpQueueDepth=0 tcpQueueDepthMax=1 inputQueueDepth=16 inputQueueDepthMax=16 sourceSeqLag=17 latencyAvgMs=367.869 latencyMaxMs=399.234 syncOverrunCount=3044 inputQueueOverflowCount=0 udpFrames=3247 renderFrames=3229 outputFrames=3230
[Perf][WARN] outputFps=47.865 targetFps=60.000 bottleneckSummary=below_60hz irUpdateMs=1.792 stage5ModtranLookupMs=0.000 stage5RadianceComponentMs=1.228 stage5AeroThermalMs=0.011 stage4HotspotMs=1.337 stage7SkyGroundMs=0.763 shaderInputApplyMs=2.458 annotationMs=1.429 renderMs=19.145 stage6MtfBlurMs=0.000 stage6DetectorNoiseMs=0.000 stage6AgcStatsMs=0.000 readbackMs=1.939 jpegMs=8.642 tcpSendMs=0.165 inputQueueDepth=16 sourceSeqLag=17 note=recorderWriteMs_is_reported_by_VideoDisplay_RecorderPerf
[CameraControl] mode=lookat targetPlatID=3 targetID=34 relPitch=-34.7443 relYaw=19.8507 range=4499.5
[Stage6 FrameDiag] frameIndex=1.78246e+12 packet=3256 band=MWIR whiteHot=1 displayGain=1 displayOffset=0 noiseEnable=0 noiseSigmaGray=0 route=final_sensor targetVisibleCount=5 targetMappedCount=5 hiddenByTargetNum=0 hiddenByTargetViewValid=0 hiddenByWeaponViewValid=0 beyondFarClip=0 skyVisible=1 cameraHpr=-19.8507,-34.7443,0 sensorFovH=0.0999999 sensorFovV=0.0999999 near=1 far=50000
[AnnotationFastPath] enabled=1 frame=3240 bboxDue=0 occlusionDue=0 updateProjection=0 reused=1 bboxUpdateHz=10 occlusionUpdateHz=5 reuseLastWhenSkipped=1 drawOverlay=0 jsonPerFrame=1 quietPerfMode=1 bboxUpdateCount=540 bboxReuseCount=2700 occlusionUpdateCount=269 occlusionReuseCount=2971
[ScenePerfProbe] sourceSeq=3240 processRealSceneMs=0.318 targetMappingMs=0.134 cameraControlMs=0.077 stage4Stage5UpdateMs=3.098 shaderInputApplyMs=0.000 annotationComputeMs=0.014 annotationBBoxMs=0.000 annotationOcclusionMs=0.000 annotationJsonMs=0.000 pandaDoFrameMs=18.014 readbackMs=1.898 frameCopyMs=0.715 jpegMs=9.404 readbackMode=EveryFrame copyRamAttached=1 quietPerfMode=1 bboxFastMode=cached_aabb_8corners annotationFastJsonMode=1 annotationOverlayInSensorImage=0 annotationJsonPerFrame=1 bboxUpdateCount=540 bboxReuseCount=2700 occlusionUpdateCount=269 occlusionReuseCount=2971 targetUpdateCullInvisible=1 targetUpdateTotal=10 targetUpdateVisible=5 targetUpdateSkippedBeyondFar=0 targetUpdateSkippedShaderApply=0
[Stage6 Capture] frameWidth=800 frameHeight=800 tcpWidth=800 tcpHeight=800 renderTextureWidth=800 renderTextureHeight=800 textureCropApplied=0 source=final_sensor channels=RGB8 readbackMode=EveryFrame readbackEveryN=1 copyRamAttached=1 copyRamMode=RTM_copy_ram tcpFrameReused=0 diagnostic_only=0 renderPath=direct_final sourceSeq=3240 readbackMs=2.0405 resizeMs=0 frameCopyMs=0.676375 tcpQueueDepth=1 annotationJsonPerFrame=1 annotationOverlayInSensorImage=0
[Stage5 Plume] targetType=0x22 targetPlatID=3 targetID=3 platform=AIM120D engineState=1 band=MWIR coreEnabled=1 haloEnabled=1 coreTempK=1800 haloTempK=1100 coreGray=1 haloGray=0.789749 coreOpacity=1 haloOpacity=0.405 coreVisible=1 haloVisible=1
[TcpFramePacket] frame=3240 imgBytes=22859 annotationBytes=1800 targets=5 width=800 height=800
[TcpPerf] sourceSeq=3240 outputOrdinal=3240 codec=jpeg requestedCodec=jpeg h264En=0 codecFallbackReason=none jpegQuality=95 jpegMode=gray jpegBytes=22859 encodeInputChannels=1 flipMs=2.255 resizeMs=0.000 jpegMs=8.033 tcpSendMs=0.155 queueDepth=0 queueWaitMs=0.001 overwritten=0
[SyncFrame] sourceSeq=3240 outputOrdinal=3240 inputQueueDepth=16 tcpQueueDepth=0 sourceSeqContinuous=1 videoFpsTarget=60.000 frameMs=13.945 latencyMs=368.429 readbackMs=2.041 flipMs=2.255 resizeMs=0.000 jpegMs=8.033 tcpSendMs=0.155 overrun=0 overwritten=0
[Stage6 MTF] sourceSeq=3240 enabled=0 effective=0 mode=GaussianSeparable effectiveMode=GaussianSinglePassSeparableWeights sigmaPixels=0.65 radiusPixels=2 passes=1 applyTo=final_display inputSize=800x800 outputSize=800x800 stage6MtfBlurMs=0 stage6MtfBlurScope=render_pass_upper_bound implementation=single_pass_gpu_separable_weights todo=true_two_pass_separable_if_needed
[Stage6 Noise] sourceSeq=3240 enabled=0 effective=0 applyTo=final_display position=BeforeAGC temporalEnabled=1 temporalSigma=0.005 fpnEnabled=0 fpnSigma=0.003 columnEnabled=0 columnSigma=0.002 rowEnabled=0 rowSigma=0.001 badPixelEnabled=0 badPixelRatio=0.0001 seed=12345 stage6DetectorNoiseMs=0 stage6DetectorNoiseScope=render_pass_upper_bound implementation=single_pass_gpu_hash_noise
[Stage6 AGC] sourceSeq=3240 enabled=0 effective=0 mode=Percentile statsSource=previous_readback updateHz=30 sampleCount=0 lowPercentile=2 highPercentile=98 lowInput=0 highInput=1 gain=1 offset=0 gainSmoothed=1 offsetSmoothed=0 valid=0 fallbackReason=disabled stage6AgcStatsMs=0
[RenderPerfProbe] pandaDoFrameMs=20.471 renderPath=direct_final graphicsOutputCount=1 activeDisplayRegionCount=1 rawPassEnabled=0 finalPassEnabled=1 annotationOverlayEnabled=0 readbackMode=EveryFrame readbackEveryN=1 copyRamAttached=1 copyRamMode=RTM_copy_ram quietPerfMode=1 bboxFastMode=cached_aabb_8corners processRealSceneMs=0.294 targetMappingMs=0.203 cameraControlMs=0.016 stage4Stage5UpdateMs=3.529 shaderInputApplyMs=0.000 readbackMs=1.905 frameCopyMs=0.685 jpegMs=9.251 annotationMs=0.003 annotationBBoxMs=0.000 annotationOcclusionMs=0.000 annotationJsonMs=0.000 annotationTargets=5 bboxUpdateCount=548 bboxReuseCount=2740 occlusionUpdateCount=273 occlusionReuseCount=3015 targetUpdateCullInvisible=1 targetUpdateTotal=10 targetUpdateVisible=5 targetUpdateSkippedBeyondFar=0 targetUpdateSkippedShaderApply=0
[Perf] mode=sync videoFpsTarget=60.000 udpFps=45.899 renderFps=45.899 outputFps=45.899 sceneUpdateMs=1.918 annotationMs=1.693 irUpdateMs=1.902 irEnvBuildMs=0.005 stage7SkyGroundMs=0.703 platformRadianceMs=0.014 targetRadianceMs=0.070 stage4HotspotMs=1.622 stage5PlumeMs=0.248 stage5RadianceComponentMs=1.517 stage5AeroThermalMs=0.012 stage5ModtranLookupMs=0.000 shaderInputApplyMs=2.661 shaderInputApplyScope=exclusive stage7SkyGroundScope=inclusive stage4HotspotScope=inclusive shaderInputSetCount=1734 shaderInputSkipCount=20904 shaderInputCacheHitRate=92.340 stage5ModtranCacheHitCount=0 stage5ModtranCacheMissCount=0 stage7FullUpdateCount=15 stage7PositionOnlyCount=31 stage7SkipCount=0 stage4UpdateCount=0 stage4SkipCount=230 plumeUpdateMs=0.261 renderMs=19.762 stage6MtfBlurMs=0.000 stage6MtfBlurScope=render_pass_upper_bound mtfBlurEnabled=0 mtfBlurSigmaPixels=0.650 mtfBlurRadiusPixels=2 stage6DetectorNoiseMs=0.000 stage6DetectorNoiseScope=render_pass_upper_bound detectorNoiseEnabled=0 temporalNoiseSigmaGray=0.005 fpnSigmaGray=0.003 columnNoiseSigmaGray=0.002 rowNoiseSigmaGray=0.001 badPixelRatio=0.000 noisePosition=BeforeAGC stage6AgcStatsMs=0.000 stage6AgcApplyMs=0.000 agcEnabled=0 agcMode=Percentile agcGain=1.000 agcOffset=0.000 agcLowInput=0.000 agcHighInput=1.000 agcSampleCount=0 readbackMs=1.992 resizeMs=0.000 frameCopyMs=0.711 jpegMs=8.396 tcpSendMs=0.163 tcpQueueDepth=0 tcpQueueDepthMax=1 inputQueueDepth=16 inputQueueDepthMax=16 sourceSeqLag=17 latencyAvgMs=386.207 latencyMaxMs=410.784 syncOverrunCount=3145 inputQueueOverflowCount=0 udpFrames=3339 renderFrames=3321 outputFrames=3322
[Perf][WARN] outputFps=45.899 targetFps=60.000 bottleneckSummary=below_60hz irUpdateMs=1.902 stage5ModtranLookupMs=0.000 stage5RadianceComponentMs=1.517 stage5AeroThermalMs=0.012 stage4HotspotMs=1.622 stage7SkyGroundMs=0.703 shaderInputApplyMs=2.661 annotationMs=1.693 renderMs=19.762 stage6MtfBlurMs=0.000 stage6DetectorNoiseMs=0.000 stage6AgcStatsMs=0.000 readbackMs=1.992 jpegMs=8.396 tcpSendMs=0.163 inputQueueDepth=16 sourceSeqLag=17 note=recorderWriteMs_is_reported_by_VideoDisplay_RecorderPerf
[TcpPerf] sourceSeq=3331 outputOrdinal=3331 codec=jpeg requestedCodec=jpeg h264En=0 codecFallbackReason=none jpegQuality=95 jpegMode=gray jpegBytes=25163 encodeInputChannels=1 flipMs=2.289 resizeMs=0.000 jpegMs=9.408 tcpSendMs=0.175 queueDepth=0 queueWaitMs=0.001 overwritten=0
[SyncFrame][WARN] inputQueueBackpressure sourceSeq=3353 backpressureCount=2880 queueDepth=16 queueCapacity=16 action=wait_for_space
接收UDP数据，长度：506字节，来自：192.168.1.188:9999 packet=3360
解析UDP数据，flag：0x38 packet=3360
[Stage0] Display packet #3360: platID=1, sensorID=1, targetNumValid=5, timeMs=1.78246e+12
处理实时成像数据...
实时数据更新完成，时间戳=1.78246e+12ms
[Stage5 PlumePerf] plumeNodeCount=16 visiblePlumeCount=2 textureLoadCountThisFrame=0 updateHz=30 updatePlumeMs=0.257794 updatePlumeMsMax=0.542499 perfBudgetMs=1
[TargetUpdateCull] enabled=1 total=10 visible=5 skippedBeyondFar=0 skippedShaderApply=0 shaderInputApplyMs=2.71717 stage4Stage5UpdateMs=3.85904
[CameraControl] mode=lookat targetPlatID=3 targetID=34 relPitch=-41.0085 relYaw=23.6792 range=3811.64
[Stage6 FrameDiag] frameIndex=1.78246e+12 packet=3376 band=MWIR whiteHot=1 displayGain=1 displayOffset=0 noiseEnable=0 noiseSigmaGray=0 route=final_sensor targetVisibleCount=5 targetMappedCount=5 hiddenByTargetNum=0 hiddenByTargetViewValid=0 hiddenByWeaponViewValid=0 beyondFarClip=0 skyVisible=1 cameraHpr=-23.6792,-41.0085,0 sensorFovH=0.0999999 sensorFovV=0.0999999 near=1 far=50000
[AnnotationFastPath] enabled=1 frame=3360 bboxDue=0 occlusionDue=0 updateProjection=0 reused=1 bboxUpdateHz=10 occlusionUpdateHz=5 reuseLastWhenSkipped=1 drawOverlay=0 jsonPerFrame=1 quietPerfMode=1 bboxUpdateCount=560 bboxReuseCount=2800 occlusionUpdateCount=279 occlusionReuseCount=3081
[ScenePerfProbe] sourceSeq=3360 processRealSceneMs=0.316 targetMappingMs=0.141 cameraControlMs=0.069 stage4Stage5UpdateMs=4.561 shaderInputApplyMs=0.000 annotationComputeMs=0.011 annotationBBoxMs=0.000 annotationOcclusionMs=0.000 annotationJsonMs=0.000 pandaDoFrameMs=19.234 readbackMs=2.006 frameCopyMs=0.682 jpegMs=7.915 readbackMode=EveryFrame copyRamAttached=1 quietPerfMode=1 bboxFastMode=cached_aabb_8corners annotationFastJsonMode=1 annotationOverlayInSensorImage=0 annotationJsonPerFrame=1 bboxUpdateCount=560 bboxReuseCount=2800 occlusionUpdateCount=279 occlusionReuseCount=3081 targetUpdateCullInvisible=1 targetUpdateTotal=10 targetUpdateVisible=5 targetUpdateSkippedBeyondFar=0 targetUpdateSkippedShaderApply=0
[Stage6 Capture] frameWidth=800 frameHeight=800 tcpWidth=800 tcpHeight=800 renderTextureWidth=800 renderTextureHeight=800 textureCropApplied=0 source=final_sensor channels=RGB8 readbackMode=EveryFrame readbackEveryN=1 copyRamAttached=1 copyRamMode=RTM_copy_ram tcpFrameReused=0 diagnostic_only=0 renderPath=direct_final sourceSeq=3360 readbackMs=2.03846 resizeMs=0 frameCopyMs=0.704375 tcpQueueDepth=1 annotationJsonPerFrame=1 annotationOverlayInSensorImage=0
[Stage5 Plume] targetType=0x22 targetPlatID=3 targetID=3 platform=AIM120D engineState=1 band=MWIR coreEnabled=1 haloEnabled=1 coreTempK=1800 haloTempK=1100 coreGray=1 haloGray=0.789749 coreOpacity=1 haloOpacity=0.405 coreVisible=1 haloVisible=1
[TcpFramePacket] frame=3360 imgBytes=26796 annotationBytes=1796 targets=5 width=800 height=800
[TcpPerf] sourceSeq=3360 outputOrdinal=3360 codec=jpeg requestedCodec=jpeg h264En=0 codecFallbackReason=none jpegQuality=95 jpegMode=gray jpegBytes=26796 encodeInputChannels=1 flipMs=2.149 resizeMs=0.000 jpegMs=8.627 tcpSendMs=0.172 queueDepth=0 queueWaitMs=0.001 overwritten=0
[SyncFrame] sourceSeq=3360 outputOrdinal=3360 inputQueueDepth=16 tcpQueueDepth=0 sourceSeqContinuous=1 videoFpsTarget=60.000 frameMs=14.481 latencyMs=381.588 readbackMs=2.038 flipMs=2.149 resizeMs=0.000 jpegMs=8.627 tcpSendMs=0.172 overrun=0 overwritten=0
[Stage6 MTF] sourceSeq=3360 enabled=0 effective=0 mode=GaussianSeparable effectiveMode=GaussianSinglePassSeparableWeights sigmaPixels=0.65 radiusPixels=2 passes=1 applyTo=final_display inputSize=800x800 outputSize=800x800 stage6MtfBlurMs=0 stage6MtfBlurScope=render_pass_upper_bound implementation=single_pass_gpu_separable_weights todo=true_two_pass_separable_if_needed
[Stage6 Noise] sourceSeq=3360 enabled=0 effective=0 applyTo=final_display position=BeforeAGC temporalEnabled=1 temporalSigma=0.005 fpnEnabled=0 fpnSigma=0.003 columnEnabled=0 columnSigma=0.002 rowEnabled=0 rowSigma=0.001 badPixelEnabled=0 badPixelRatio=0.0001 seed=12345 stage6DetectorNoiseMs=0 stage6DetectorNoiseScope=render_pass_upper_bound implementation=single_pass_gpu_hash_noise
[Stage6 AGC] sourceSeq=3360 enabled=0 effective=0 mode=Percentile statsSource=previous_readback updateHz=30 sampleCount=0 lowPercentile=2 highPercentile=98 lowInput=0 highInput=1 gain=1 offset=0 gainSmoothed=1 offsetSmoothed=0 valid=0 fallbackReason=disabled stage6AgcStatsMs=0
[RenderPerfProbe] pandaDoFrameMs=21.574 renderPath=direct_final graphicsOutputCount=1 activeDisplayRegionCount=1 rawPassEnabled=0 finalPassEnabled=1 annotationOverlayEnabled=0 readbackMode=EveryFrame readbackEveryN=1 copyRamAttached=1 copyRamMode=RTM_copy_ram quietPerfMode=1 bboxFastMode=cached_aabb_8corners processRealSceneMs=0.221 targetMappingMs=0.129 cameraControlMs=0.016 stage4Stage5UpdateMs=3.827 shaderInputApplyMs=0.000 readbackMs=1.969 frameCopyMs=0.690 jpegMs=9.587 annotationMs=0.003 annotationBBoxMs=0.000 annotationOcclusionMs=0.000 annotationJsonMs=0.000 annotationTargets=5 bboxUpdateCount=568 bboxReuseCount=2840 occlusionUpdateCount=283 occlusionReuseCount=3125 targetUpdateCullInvisible=1 targetUpdateTotal=10 targetUpdateVisible=5 targetUpdateSkippedBeyondFar=0 targetUpdateSkippedShaderApply=0
[Perf] mode=sync videoFpsTarget=60.000 udpFps=44.263 renderFps=44.263 outputFps=44.263 sceneUpdateMs=2.277 annotationMs=2.053 irUpdateMs=2.010 irEnvBuildMs=0.005 stage7SkyGroundMs=0.705 platformRadianceMs=0.014 targetRadianceMs=0.078 stage4HotspotMs=1.588 stage5PlumeMs=0.251 stage5RadianceComponentMs=1.472 stage5AeroThermalMs=0.012 stage5ModtranLookupMs=0.000 shaderInputApplyMs=2.717 shaderInputApplyScope=exclusive stage7SkyGroundScope=inclusive stage4HotspotScope=inclusive shaderInputSetCount=1881 shaderInputSkipCount=19881 shaderInputCacheHitRate=91.356 stage5ModtranCacheHitCount=0 stage5ModtranCacheMissCount=0 stage7FullUpdateCount=15 stage7PositionOnlyCount=29 stage7SkipCount=0 stage4UpdateCount=0 stage4SkipCount=220 plumeUpdateMs=0.257 renderMs=20.238 stage6MtfBlurMs=0.000 stage6MtfBlurScope=render_pass_upper_bound mtfBlurEnabled=0 mtfBlurSigmaPixels=0.650 mtfBlurRadiusPixels=2 stage6DetectorNoiseMs=0.000 stage6DetectorNoiseScope=render_pass_upper_bound detectorNoiseEnabled=0 temporalNoiseSigmaGray=0.005 fpnSigmaGray=0.003 columnNoiseSigmaGray=0.002 rowNoiseSigmaGray=0.001 badPixelRatio=0.000 noisePosition=BeforeAGC stage6AgcStatsMs=0.000 stage6AgcApplyMs=0.000 agcEnabled=0 agcMode=Percentile agcGain=1.000 agcOffset=0.000 agcLowInput=0.000 agcHighInput=1.000 agcSampleCount=0 readbackMs=1.997 resizeMs=0.000 frameCopyMs=0.712 jpegMs=8.622 tcpSendMs=0.171 tcpQueueDepth=0 tcpQueueDepthMax=1 inputQueueDepth=16 inputQueueDepthMax=16 sourceSeqLag=17 latencyAvgMs=396.438 latencyMaxMs=413.641 syncOverrunCount=3242 inputQueueOverflowCount=0 udpFrames=3428 renderFrames=3410 outputFrames=3411
[Perf][WARN] outputFps=44.263 targetFps=60.000 bottleneckSummary=below_60hz irUpdateMs=2.010 stage5ModtranLookupMs=0.000 stage5RadianceComponentMs=1.472 stage5AeroThermalMs=0.012 stage4HotspotMs=1.588 stage7SkyGroundMs=0.705 shaderInputApplyMs=2.717 annotationMs=2.053 renderMs=20.238 stage6MtfBlurMs=0.000 stage6DetectorNoiseMs=0.000 stage6AgcStatsMs=0.000 readbackMs=1.997 jpegMs=8.622 tcpSendMs=0.171 inputQueueDepth=16 sourceSeqLag=17 note=recorderWriteMs_is_reported_by_VideoDisplay_RecorderPerf
[TcpPerf] sourceSeq=3449 outputOrdinal=3449 codec=jpeg requestedCodec=jpeg h264En=0 codecFallbackReason=none jpegQuality=95 jpegMode=gray jpegBytes=30872 encodeInputChannels=1 flipMs=2.211 resizeMs=0.000 jpegMs=8.525 tcpSendMs=0.169 queueDepth=0 queueWaitMs=0.001 overwritten=0
[SyncFrame][WARN] inputQueueBackpressure sourceSeq=3473 backpressureCount=3000 queueDepth=16 queueCapacity=16 action=wait_for_space
[AnnotationCollisionCache] platform=AIM120D targetID=3 built=0 reused=1 triangles=1532 solids=1532
接收UDP数据，长度：506字节，来自：192.168.1.188:9999 packet=3480
解析UDP数据，flag：0x38 packet=3480
[Stage0] Display packet #3480: platID=1, sensorID=1, targetNumValid=5, timeMs=1.78246e+12
处理实时成像数据...
实时数据更新完成，时间戳=1.78246e+12ms
[CameraControl] mode=lookat targetPlatID=3 targetID=34 relPitch=-50.0947 relYaw=30.8818 range=3172.39
[Stage6 FrameDiag] frameIndex=1.78246e+12 packet=3496 band=MWIR whiteHot=1 displayGain=1 displayOffset=0 noiseEnable=0 noiseSigmaGray=0 route=final_sensor targetVisibleCount=5 targetMappedCount=5 hiddenByTargetNum=0 hiddenByTargetViewValid=0 hiddenByWeaponViewValid=0 beyondFarClip=0 skyVisible=1 cameraHpr=-30.8818,-50.0947,0 sensorFovH=0.0999999 sensorFovV=0.0999999 near=1 far=50000
[AnnotationFastPath] enabled=1 frame=3480 bboxDue=0 occlusionDue=0 updateProjection=0 reused=1 bboxUpdateHz=10 occlusionUpdateHz=5 reuseLastWhenSkipped=1 drawOverlay=0 jsonPerFrame=1 quietPerfMode=1 bboxUpdateCount=580 bboxReuseCount=2900 occlusionUpdateCount=289 occlusionReuseCount=3191
[ScenePerfProbe] sourceSeq=3480 processRealSceneMs=0.347 targetMappingMs=0.144 cameraControlMs=0.077 stage4Stage5UpdateMs=3.253 shaderInputApplyMs=0.000 annotationComputeMs=0.013 annotationBBoxMs=0.000 annotationOcclusionMs=0.000 annotationJsonMs=0.000 pandaDoFrameMs=19.028 readbackMs=2.022 frameCopyMs=0.762 jpegMs=8.474 readbackMode=EveryFrame copyRamAttached=1 quietPerfMode=1 bboxFastMode=cached_aabb_8corners annotationFastJsonMode=1 annotationOverlayInSensorImage=0 annotationJsonPerFrame=1 bboxUpdateCount=580 bboxReuseCount=2900 occlusionUpdateCount=289 occlusionReuseCount=3191 targetUpdateCullInvisible=1 targetUpdateTotal=10 targetUpdateVisible=5 targetUpdateSkippedBeyondFar=0 targetUpdateSkippedShaderApply=0
[Stage6 Capture] frameWidth=800 frameHeight=800 tcpWidth=800 tcpHeight=800 renderTextureWidth=800 renderTextureHeight=800 textureCropApplied=0 source=final_sensor channels=RGB8 readbackMode=EveryFrame readbackEveryN=1 copyRamAttached=1 copyRamMode=RTM_copy_ram tcpFrameReused=0 diagnostic_only=0 renderPath=direct_final sourceSeq=3480 readbackMs=2.02154 resizeMs=0 frameCopyMs=0.686583 tcpQueueDepth=1 annotationJsonPerFrame=1 annotationOverlayInSensorImage=0
[Stage5 Plume] targetType=0x22 targetPlatID=3 targetID=3 platform=AIM120D engineState=1 band=MWIR coreEnabled=1 haloEnabled=1 coreTempK=1800 haloTempK=1100 coreGray=1 haloGray=0.789749 coreOpacity=1 haloOpacity=0.405 coreVisible=1 haloVisible=1
[TcpFramePacket] frame=3480 imgBytes=33267 annotationBytes=1796 targets=5 width=800 height=800
[TcpPerf] sourceSeq=3480 outputOrdinal=3480 codec=jpeg requestedCodec=jpeg h264En=0 codecFallbackReason=none jpegQuality=95 jpegMode=gray jpegBytes=33267 encodeInputChannels=1 flipMs=2.194 resizeMs=0.000 jpegMs=8.546 tcpSendMs=0.177 queueDepth=0 queueWaitMs=0.001 overwritten=0
[SyncFrame] sourceSeq=3480 outputOrdinal=3480 inputQueueDepth=16 tcpQueueDepth=0 sourceSeqContinuous=1 videoFpsTarget=60.000 frameMs=14.416 latencyMs=376.286 readbackMs=2.022 flipMs=2.194 resizeMs=0.000 jpegMs=8.546 tcpSendMs=0.177 overrun=0 overwritten=0
[Stage6 MTF] sourceSeq=3480 enabled=0 effective=0 mode=GaussianSeparable effectiveMode=GaussianSinglePassSeparableWeights sigmaPixels=0.65 radiusPixels=2 passes=1 applyTo=final_display inputSize=800x800 outputSize=800x800 stage6MtfBlurMs=0 stage6MtfBlurScope=render_pass_upper_bound implementation=single_pass_gpu_separable_weights todo=true_two_pass_separable_if_needed
[Stage6 Noise] sourceSeq=3480 enabled=0 effective=0 applyTo=final_display position=BeforeAGC temporalEnabled=1 temporalSigma=0.005 fpnEnabled=0 fpnSigma=0.003 columnEnabled=0 columnSigma=0.002 rowEnabled=0 rowSigma=0.001 badPixelEnabled=0 badPixelRatio=0.0001 seed=12345 stage6DetectorNoiseMs=0 stage6DetectorNoiseScope=render_pass_upper_bound implementation=single_pass_gpu_hash_noise
[Stage6 AGC] sourceSeq=3480 enabled=0 effective=0 mode=Percentile statsSource=previous_readback updateHz=30 sampleCount=0 lowPercentile=2 highPercentile=98 lowInput=0 highInput=1 gain=1 offset=0 gainSmoothed=1 offsetSmoothed=0 valid=0 fallbackReason=disabled stage6AgcStatsMs=0
[Perf] mode=sync videoFpsTarget=60.000 udpFps=44.977 renderFps=44.977 outputFps=44.977 sceneUpdateMs=1.505 annotationMs=1.271 irUpdateMs=2.144 irEnvBuildMs=0.005 stage7SkyGroundMs=0.673 platformRadianceMs=0.015 targetRadianceMs=0.077 stage4HotspotMs=2.430 stage5PlumeMs=0.263 stage5RadianceComponentMs=2.254 stage5AeroThermalMs=0.011 stage5ModtranLookupMs=0.000 shaderInputApplyMs=3.514 shaderInputApplyScope=exclusive stage7SkyGroundScope=inclusive stage4HotspotScope=inclusive shaderInputSetCount=2111 shaderInputSkipCount=20089 shaderInputCacheHitRate=90.491 stage5ModtranCacheHitCount=0 stage5ModtranCacheMissCount=0 stage7FullUpdateCount=15 stage7PositionOnlyCount=30 stage7SkipCount=0 stage4UpdateCount=0 stage4SkipCount=225 plumeUpdateMs=0.253 renderMs=20.608 stage6MtfBlurMs=0.000 stage6MtfBlurScope=render_pass_upper_bound mtfBlurEnabled=0 mtfBlurSigmaPixels=0.650 mtfBlurRadiusPixels=2 stage6DetectorNoiseMs=0.000 stage6DetectorNoiseScope=render_pass_upper_bound detectorNoiseEnabled=0 temporalNoiseSigmaGray=0.005 fpnSigmaGray=0.003 columnNoiseSigmaGray=0.002 rowNoiseSigmaGray=0.001 badPixelRatio=0.000 noisePosition=BeforeAGC stage6AgcStatsMs=0.000 stage6AgcApplyMs=0.000 agcEnabled=0 agcMode=Percentile agcGain=1.000 agcOffset=0.000 agcLowInput=0.000 agcHighInput=1.000 agcSampleCount=0 readbackMs=2.033 resizeMs=0.000 frameCopyMs=0.710 jpegMs=8.422 tcpSendMs=0.183 tcpQueueDepth=0 tcpQueueDepthMax=1 inputQueueDepth=16 inputQueueDepthMax=16 sourceSeqLag=17 latencyAvgMs=394.115 latencyMaxMs=411.664 syncOverrunCount=3340 inputQueueOverflowCount=0 udpFrames=3518 renderFrames=3500 outputFrames=3501
[Perf][WARN] outputFps=44.977 targetFps=60.000 bottleneckSummary=below_60hz irUpdateMs=2.144 stage5ModtranLookupMs=0.000 stage5RadianceComponentMs=2.254 stage5AeroThermalMs=0.011 stage4HotspotMs=2.430 stage7SkyGroundMs=0.673 shaderInputApplyMs=3.514 annotationMs=1.271 renderMs=20.608 stage6MtfBlurMs=0.000 stage6DetectorNoiseMs=0.000 stage6AgcStatsMs=0.000 readbackMs=2.033 jpegMs=8.422 tcpSendMs=0.183 inputQueueDepth=16 sourceSeqLag=17 note=recorderWriteMs_is_reported_by_VideoDisplay_RecorderPerf
[RenderPerfProbe] pandaDoFrameMs=20.870 renderPath=direct_final graphicsOutputCount=1 activeDisplayRegionCount=1 rawPassEnabled=0 finalPassEnabled=1 annotationOverlayEnabled=0 readbackMode=EveryFrame readbackEveryN=1 copyRamAttached=1 copyRamMode=RTM_copy_ram quietPerfMode=1 bboxFastMode=cached_aabb_8corners processRealSceneMs=0.229 targetMappingMs=0.136 cameraControlMs=0.018 stage4Stage5UpdateMs=3.385 shaderInputApplyMs=0.000 readbackMs=2.062 frameCopyMs=0.702 jpegMs=9.142 annotationMs=0.003 annotationBBoxMs=0.000 annotationOcclusionMs=0.000 annotationJsonMs=0.000 annotationTargets=5 bboxUpdateCount=588 bboxReuseCount=2940 occlusionUpdateCount=293 occlusionReuseCount=3235 targetUpdateCullInvisible=1 targetUpdateTotal=10 targetUpdateVisible=5 targetUpdateSkippedBeyondFar=0 targetUpdateSkippedShaderApply=0
[TcpPerf] sourceSeq=3567 outputOrdinal=3567 codec=jpeg requestedCodec=jpeg h264En=0 codecFallbackReason=none jpegQuality=95 jpegMode=gray jpegBytes=39228 encodeInputChannels=1 flipMs=2.229 resizeMs=0.000 jpegMs=10.169 tcpSendMs=0.220 queueDepth=0 queueWaitMs=0.001 overwritten=0
[SyncFrame][WARN] inputQueueBackpressure sourceSeq=3593 backpressureCount=3120 queueDepth=16 queueCapacity=16 action=wait_for_space
接收UDP数据，长度：506字节，来自：192.168.1.188:9999 packet=3600
解析UDP数据，flag：0x38 packet=3600
[Stage0] Display packet #3600: platID=1, sensorID=1, targetNumValid=5, timeMs=1.78246e+12
处理实时成像数据...
实时数据更新完成，时间戳=1.78246e+12ms
[Perf] mode=sync videoFpsTarget=60.000 udpFps=43.456 renderFps=43.456 outputFps=43.456 sceneUpdateMs=2.301 annotationMs=2.073 irUpdateMs=2.179 irEnvBuildMs=0.006 stage7SkyGroundMs=0.698 platformRadianceMs=0.014 targetRadianceMs=0.094 stage4HotspotMs=3.059 stage5PlumeMs=0.253 stage5RadianceComponentMs=2.938 stage5AeroThermalMs=0.012 stage5ModtranLookupMs=0.000 shaderInputApplyMs=4.495 shaderInputApplyScope=exclusive stage7SkyGroundScope=inclusive stage4HotspotScope=inclusive shaderInputSetCount=2109 shaderInputSkipCount=19487 shaderInputCacheHitRate=90.234 stage5ModtranCacheHitCount=0 stage5ModtranCacheMissCount=0 stage7FullUpdateCount=14 stage7PositionOnlyCount=30 stage7SkipCount=0 stage4UpdateCount=0 stage4SkipCount=220 plumeUpdateMs=0.259 renderMs=20.619 stage6MtfBlurMs=0.000 stage6MtfBlurScope=render_pass_upper_bound mtfBlurEnabled=0 mtfBlurSigmaPixels=0.650 mtfBlurRadiusPixels=2 stage6DetectorNoiseMs=0.000 stage6DetectorNoiseScope=render_pass_upper_bound detectorNoiseEnabled=0 temporalNoiseSigmaGray=0.005 fpnSigmaGray=0.003 columnNoiseSigmaGray=0.002 rowNoiseSigmaGray=0.001 badPixelRatio=0.000 noisePosition=BeforeAGC stage6AgcStatsMs=0.000 stage6AgcApplyMs=0.000 agcEnabled=0 agcMode=Percentile agcGain=1.000 agcOffset=0.000 agcLowInput=0.000 agcHighInput=1.000 agcSampleCount=0 readbackMs=1.997 resizeMs=0.000 frameCopyMs=0.708 jpegMs=8.961 tcpSendMs=0.189 tcpQueueDepth=0 tcpQueueDepthMax=1 inputQueueDepth=16 inputQueueDepthMax=16 sourceSeqLag=17 latencyAvgMs=402.486 latencyMaxMs=427.374 syncOverrunCount=3436 inputQueueOverflowCount=0 udpFrames=3606 renderFrames=3588 outputFrames=3589
[Perf][WARN] outputFps=43.456 targetFps=60.000 bottleneckSummary=below_60hz irUpdateMs=2.179 stage5ModtranLookupMs=0.000 stage5RadianceComponentMs=2.938 stage5AeroThermalMs=0.012 stage4HotspotMs=3.059 stage7SkyGroundMs=0.698 shaderInputApplyMs=4.495 annotationMs=2.073 renderMs=20.619 stage6MtfBlurMs=0.000 stage6DetectorNoiseMs=0.000 stage6AgcStatsMs=0.000 readbackMs=1.997 jpegMs=8.961 tcpSendMs=0.189 inputQueueDepth=16 sourceSeqLag=17 note=recorderWriteMs_is_reported_by_VideoDisplay_RecorderPerf
[Stage5 PlumePerf] plumeNodeCount=16 visiblePlumeCount=2 textureLoadCountThisFrame=0 updateHz=30 updatePlumeMs=0.255012 updatePlumeMsMax=0.454875 perfBudgetMs=1
[TargetUpdateCull] enabled=1 total=10 visible=5 skippedBeyondFar=0 skippedShaderApply=0 shaderInputApplyMs=3.57787 stage4Stage5UpdateMs=4.79558
[CameraControl] mode=lookat targetPlatID=3 targetID=34 relPitch=-62.3059 relYaw=48.2141 range=2668.21
[Stage6 FrameDiag] frameIndex=1.78246e+12 packet=3616 band=MWIR whiteHot=1 displayGain=1 displayOffset=0 noiseEnable=0 noiseSigmaGray=0 route=final_sensor targetVisibleCount=5 targetMappedCount=5 hiddenByTargetNum=0 hiddenByTargetViewValid=0 hiddenByWeaponViewValid=0 beyondFarClip=0 skyVisible=1 cameraHpr=-48.2141,-62.3059,0 sensorFovH=0.0999999 sensorFovV=0.0999999 near=1 far=50000
[AnnotationFastPath] enabled=1 frame=3600 bboxDue=0 occlusionDue=0 updateProjection=0 reused=1 bboxUpdateHz=10 occlusionUpdateHz=5 reuseLastWhenSkipped=1 drawOverlay=0 jsonPerFrame=1 quietPerfMode=1 bboxUpdateCount=600 bboxReuseCount=3000 occlusionUpdateCount=299 occlusionReuseCount=3301
[ScenePerfProbe] sourceSeq=3600 processRealSceneMs=0.312 targetMappingMs=0.134 cameraControlMs=0.075 stage4Stage5UpdateMs=4.314 shaderInputApplyMs=0.000 annotationComputeMs=0.013 annotationBBoxMs=0.000 annotationOcclusionMs=0.000 annotationJsonMs=0.000 pandaDoFrameMs=18.923 readbackMs=1.984 frameCopyMs=0.679 jpegMs=8.261 readbackMode=EveryFrame copyRamAttached=1 quietPerfMode=1 bboxFastMode=cached_aabb_8corners annotationFastJsonMode=1 annotationOverlayInSensorImage=0 annotationJsonPerFrame=1 bboxUpdateCount=600 bboxReuseCount=3000 occlusionUpdateCount=299 occlusionReuseCount=3301 targetUpdateCullInvisible=1 targetUpdateTotal=10 targetUpdateVisible=5 targetUpdateSkippedBeyondFar=0 targetUpdateSkippedShaderApply=0
[Stage6 Capture] frameWidth=800 frameHeight=800 tcpWidth=800 tcpHeight=800 renderTextureWidth=800 renderTextureHeight=800 textureCropApplied=0 source=final_sensor channels=RGB8 readbackMode=EveryFrame readbackEveryN=1 copyRamAttached=1 copyRamMode=RTM_copy_ram tcpFrameReused=0 diagnostic_only=0 renderPath=direct_final sourceSeq=3600 readbackMs=1.91654 resizeMs=0 frameCopyMs=0.685125 tcpQueueDepth=1 annotationJsonPerFrame=1 annotationOverlayInSensorImage=0
[Stage5 Plume] targetType=0x22 targetPlatID=3 targetID=3 platform=AIM120D engineState=1 band=MWIR coreEnabled=1 haloEnabled=1 coreTempK=1800 haloTempK=1100 coreGray=1 haloGray=0.789749 coreOpacity=1 haloOpacity=0.405 coreVisible=1 haloVisible=1
[TcpFramePacket] frame=3600 imgBytes=38317 annotationBytes=1745 targets=5 width=800 height=800
[TcpPerf] sourceSeq=3600 outputOrdinal=3600 codec=jpeg requestedCodec=jpeg h264En=0 codecFallbackReason=none jpegQuality=95 jpegMode=gray jpegBytes=38317 encodeInputChannels=1 flipMs=2.189 resizeMs=0.000 jpegMs=9.059 tcpSendMs=0.192 queueDepth=0 queueWaitMs=0.001 overwritten=0
[SyncFrame] sourceSeq=3600 outputOrdinal=3600 inputQueueDepth=16 tcpQueueDepth=0 sourceSeqContinuous=1 videoFpsTarget=60.000 frameMs=14.818 latencyMs=393.975 readbackMs=1.917 flipMs=2.189 resizeMs=0.000 jpegMs=9.059 tcpSendMs=0.192 overrun=0 overwritten=0
[Stage6 MTF] sourceSeq=3600 enabled=0 effective=0 mode=GaussianSeparable effectiveMode=GaussianSinglePassSeparableWeights sigmaPixels=0.65 radiusPixels=2 passes=1 applyTo=final_display inputSize=800x800 outputSize=800x800 stage6MtfBlurMs=0 stage6MtfBlurScope=render_pass_upper_bound implementation=single_pass_gpu_separable_weights todo=true_two_pass_separable_if_needed
[Stage6 Noise] sourceSeq=3600 enabled=0 effective=0 applyTo=final_display position=BeforeAGC temporalEnabled=1 temporalSigma=0.005 fpnEnabled=0 fpnSigma=0.003 columnEnabled=0 columnSigma=0.002 rowEnabled=0 rowSigma=0.001 badPixelEnabled=0 badPixelRatio=0.0001 seed=12345 stage6DetectorNoiseMs=0 stage6DetectorNoiseScope=render_pass_upper_bound implementation=single_pass_gpu_hash_noise
[Stage6 AGC] sourceSeq=3600 enabled=0 effective=0 mode=Percentile statsSource=previous_readback updateHz=30 sampleCount=0 lowPercentile=2 highPercentile=98 lowInput=0 highInput=1 gain=1 offset=0 gainSmoothed=1 offsetSmoothed=0 valid=0 fallbackReason=disabled stage6AgcStatsMs=0
[Stage7 Weather] reason=runtime envSky=0 weatherName=Clear visibilityM=6000 humidity=85 windV=8 windDir=30 cloudCoverage=0 fogDensity=0 precipitationType=none sunDirectScale=1 skyDiffuseScale=1 targetContrastScale=1 source=UDP+weather_profiles+RuntimeConfig
[Stage7 CloudLayer] enabled=0 texture=Config/Weather/Textures/cloud_few.png textureFound=1 coverage=0 opacity=0 temperatureK=255 band=MWIR cloudGray=0.385455
[Stage7 Fog] enabled=0 visibilityM=6000 fogDensity=0 fogGray=0.45 targetContrastScale=1
[Stage7 Precipitation] enabled=0 type=none density=0 speed=0 windV=8 windDir=30 maxHeight=0 transHeight=0
[Stage7 PrecipitationOverlay] mode=ScreenOverlay active=0 type=none density=0 sensorFovDeg=0.0999999 pattern=screen_sparse_low_contrast giantVerticalBars=0 sameOutput=1
[Stage7 Perf] weatherNodeCount=0 cloudNodeCount=0 precipitationNodeCount=0 textureLoadCountThisFrame=0 updateWeatherNodesMs=0.001458 totalWeatherMs=0.007875 precipitationMode=ScreenOverlay
[RenderPerfProbe] pandaDoFrameMs=21.633 renderPath=direct_final graphicsOutputCount=1 activeDisplayRegionCount=1 rawPassEnabled=0 finalPassEnabled=1 annotationOverlayEnabled=0 readbackMode=EveryFrame readbackEveryN=1 copyRamAttached=1 copyRamMode=RTM_copy_ram quietPerfMode=1 bboxFastMode=cached_aabb_8corners processRealSceneMs=0.222 targetMappingMs=0.133 cameraControlMs=0.014 stage4Stage5UpdateMs=4.371 shaderInputApplyMs=0.000 readbackMs=1.917 frameCopyMs=0.704 jpegMs=9.176 annotationMs=0.003 annotationBBoxMs=0.000 annotationOcclusionMs=0.000 annotationJsonMs=0.000 annotationTargets=5 bboxUpdateCount=608 bboxReuseCount=3040 occlusionUpdateCount=303 occlusionReuseCount=3345 targetUpdateCullInvisible=1 targetUpdateTotal=10 targetUpdateVisible=5 targetUpdateSkippedBeyondFar=0 targetUpdateSkippedShaderApply=0
[Stage7 3DSkyGround] reason=runtime enable=1 band=MWIR envTerrain=0 envSky=0 skyGrayRaw=0.65 groundGrayRaw=0.35 skyGrayFinal=0.65 groundGrayFinal=0.35 skyGray=0.65 groundGray=0.35 skyDome=1 lowerShell=1 groundPlane=0 source=env+band_default
[Stage7 Debug] mode=Off skyVisible=1 groundVisible=1 forcedSkyGray=NA forcedGroundGray=NA
[Stage7 Real3DBackground] skyDome=1 lowerShell=1 flatGroundPlane=0 cameraPos=-1686.47,10652.4,941.38 backgroundMode=real_3d
[Stage7 GroundReference] mode=reference_zero groundZOffset=0 finalGroundReferenceZ=0
[Stage7 SkyDomeDiag] cameraPos=-1686.47,10652.4,941.38 skyDomePos=-1686.47,10652.4,941.38 farClipM=50000 skyRadius=42500 radius=42500 radiusSource=farClip_scaled radiusLessThanFarClip=1 twoSided=1 depthWrite=0 depthTest=0
[Stage7 GroundDiag] groundPos=-1686.47,10652.4,941.38 farClipM=50000 groundSize=42500 lowerShellRadius=42500 groundZOffset=0 envTerrain=0 groundGray=0.35
[Perf] mode=sync videoFpsTarget=60.000 udpFps=43.700 renderFps=43.700 outputFps=43.700 sceneUpdateMs=2.053 annotationMs=1.824 irUpdateMs=2.155 irEnvBuildMs=0.005 stage7SkyGroundMs=0.681 platformRadianceMs=0.014 targetRadianceMs=0.079 stage4HotspotMs=2.289 stage5PlumeMs=0.247 stage5RadianceComponentMs=2.172 stage5AeroThermalMs=0.010 stage5ModtranLookupMs=0.000 shaderInputApplyMs=3.894 shaderInputApplyScope=exclusive stage7SkyGroundScope=inclusive stage4HotspotScope=inclusive shaderInputSetCount=2101 shaderInputSkipCount=19661 shaderInputCacheHitRate=90.346 stage5ModtranCacheHitCount=0 stage5ModtranCacheMissCount=0 stage7FullUpdateCount=15 stage7PositionOnlyCount=29 stage7SkipCount=0 stage4UpdateCount=0 stage4SkipCount=220 plumeUpdateMs=0.252 renderMs=20.749 stage6MtfBlurMs=0.000 stage6MtfBlurScope=render_pass_upper_bound mtfBlurEnabled=0 mtfBlurSigmaPixels=0.650 mtfBlurRadiusPixels=2 stage6DetectorNoiseMs=0.000 stage6DetectorNoiseScope=render_pass_upper_bound detectorNoiseEnabled=0 temporalNoiseSigmaGray=0.005 fpnSigmaGray=0.003 columnNoiseSigmaGray=0.002 rowNoiseSigmaGray=0.001 badPixelRatio=0.000 noisePosition=BeforeAGC stage6AgcStatsMs=0.000 stage6AgcApplyMs=0.000 agcEnabled=0 agcMode=Percentile agcGain=1.000 agcOffset=0.000 agcLowInput=0.000 agcHighInput=1.000 agcSampleCount=0 readbackMs=2.011 resizeMs=0.000 frameCopyMs=0.719 jpegMs=8.725 tcpSendMs=0.203 tcpQueueDepth=0 tcpQueueDepthMax=1 inputQueueDepth=16 inputQueueDepthMax=16 sourceSeqLag=17 latencyAvgMs=406.943 latencyMaxMs=429.288 syncOverrunCount=3531 inputQueueOverflowCount=0 udpFrames=3694 renderFrames=3676 outputFrames=3677
[Perf][WARN] outputFps=43.700 targetFps=60.000 bottleneckSummary=below_60hz irUpdateMs=2.155 stage5ModtranLookupMs=0.000 stage5RadianceComponentMs=2.172 stage5AeroThermalMs=0.010 stage4HotspotMs=2.289 stage7SkyGroundMs=0.681 shaderInputApplyMs=3.894 annotationMs=1.824 renderMs=20.749 stage6MtfBlurMs=0.000 stage6DetectorNoiseMs=0.000 stage6AgcStatsMs=0.000 readbackMs=2.011 jpegMs=8.725 tcpSendMs=0.203 inputQueueDepth=16 sourceSeqLag=17 note=recorderWriteMs_is_reported_by_VideoDisplay_RecorderPerf
[TcpPerf] sourceSeq=3687 outputOrdinal=3687 codec=jpeg requestedCodec=jpeg h264En=0 codecFallbackReason=none jpegQuality=95 jpegMode=gray jpegBytes=39499 encodeInputChannels=1 flipMs=2.230 resizeMs=0.000 jpegMs=9.765 tcpSendMs=0.201 queueDepth=0 queueWaitMs=0.001 overwritten=0
[SyncFrame][WARN] inputQueueBackpressure sourceSeq=3713 backpressureCount=3240 queueDepth=16 queueCapacity=16 action=wait_for_space
接收UDP数据，长度：506字节，来自：192.168.1.188:9999 packet=3720
解析UDP数据，flag：0x38 packet=3720
解析UDP数据，flag：0x41 packet=3721
[Stage0] Control command queued for main thread: command=3, round=1/1
[Stage0] Processing queued control command on render thread command=3 round=1/1
收到控制指令：
  军别：1
  挂载平台ID：1
  仿真指令：停止
  总回合数：1
  当前回合：1
[Stage0] Control command received: command=3, round=1/1
执行停止仿真逻辑...
[TcpControlForward] simCommand=3 round=1/1
仿真停止：当前回合=1
[RenderPerfProbe] pandaDoFrameMs=12.647 renderPath=direct_final graphicsOutputCount=1 activeDisplayRegionCount=1 rawPassEnabled=0 finalPassEnabled=1 annotationOverlayEnabled=0 readbackMode=EveryFrame readbackEveryN=1 copyRamAttached=1 copyRamMode=RTM_copy_ram quietPerfMode=1 bboxFastMode=cached_aabb_8corners processRealSceneMs=0.232 targetMappingMs=0.134 cameraControlMs=0.015 stage4Stage5UpdateMs=3.187 shaderInputApplyMs=0.000 readbackMs=1.977 frameCopyMs=0.681 jpegMs=8.745 annotationMs=0.003 annotationBBoxMs=0.000 annotationOcclusionMs=0.000 annotationJsonMs=0.000 annotationTargets=5 bboxUpdateCount=617 bboxReuseCount=3083 occlusionUpdateCount=308 occlusionReuseCount=3392 targetUpdateCullInvisible=1 targetUpdateTotal=10 targetUpdateVisible=5 targetUpdateSkippedBeyondFar=0 targetUpdateSkippedShaderApply=0
[Perf] mode=sync videoFpsTarget=60.000 udpFps=10.939 renderFps=19.890 outputFps=11.437 sceneUpdateMs=1.130 annotationMs=1.691 irUpdateMs=2.154 irEnvBuildMs=0.000 stage7SkyGroundMs=0.000 platformRadianceMs=0.000 targetRadianceMs=0.000 stage4HotspotMs=0.000 stage5PlumeMs=0.000 stage5RadianceComponentMs=0.000 stage5AeroThermalMs=0.000 stage5ModtranLookupMs=0.000 shaderInputApplyMs=0.000 shaderInputApplyScope=exclusive stage7SkyGroundScope=inclusive stage4HotspotScope=inclusive shaderInputSetCount=529 shaderInputSkipCount=5391 shaderInputCacheHitRate=91.064 stage5ModtranCacheHitCount=0 stage5ModtranCacheMissCount=0 stage7FullUpdateCount=4 stage7PositionOnlyCount=8 stage7SkipCount=0 stage4UpdateCount=0 stage4SkipCount=60 plumeUpdateMs=0.262 renderMs=17.306 stage6MtfBlurMs=0.000 stage6MtfBlurScope=render_pass_upper_bound mtfBlurEnabled=0 mtfBlurSigmaPixels=0.650 mtfBlurRadiusPixels=2 stage6DetectorNoiseMs=0.000 stage6DetectorNoiseScope=render_pass_upper_bound detectorNoiseEnabled=0 temporalNoiseSigmaGray=0.005 fpnSigmaGray=0.003 columnNoiseSigmaGray=0.002 rowNoiseSigmaGray=0.001 badPixelRatio=0.000 noisePosition=BeforeAGC stage6AgcStatsMs=0.000 stage6AgcApplyMs=0.000 agcEnabled=0 agcMode=Percentile agcGain=1.000 agcOffset=0.000 agcLowInput=0.000 agcHighInput=1.000 agcSampleCount=0 readbackMs=1.980 resizeMs=0.000 frameCopyMs=0.716 jpegMs=9.079 tcpSendMs=0.195 tcpQueueDepth=0 tcpQueueDepthMax=1 inputQueueDepth=0 inputQueueDepthMax=16 sourceSeqLag=16 latencyAvgMs=393.057 latencyMaxMs=407.313 syncOverrunCount=3555 inputQueueOverflowCount=0 udpFrames=3716 renderFrames=3716 outputFrames=3700
[Perf][WARN] outputFps=11.437 targetFps=60.000 bottleneckSummary=below_60hz irUpdateMs=2.154 stage5ModtranLookupMs=0.000 stage5RadianceComponentMs=0.000 stage5AeroThermalMs=0.000 stage4HotspotMs=0.000 stage7SkyGroundMs=0.000 shaderInputApplyMs=0.000 annotationMs=1.691 renderMs=17.306 stage6MtfBlurMs=0.000 stage6DetectorNoiseMs=0.000 stage6AgcStatsMs=0.000 readbackMs=1.980 jpegMs=9.079 tcpSendMs=0.195 inputQueueDepth=0 sourceSeqLag=16 note=recorderWriteMs_is_reported_by_VideoDisplay_RecorderPerf
[RenderPerfProbe] pandaDoFrameMs=12.689 renderPath=direct_final graphicsOutputCount=1 activeDisplayRegionCount=1 rawPassEnabled=0 finalPassEnabled=1 annotationOverlayEnabled=0 readbackMode=EveryFrame readbackEveryN=1 copyRamAttached=1 copyRamMode=RTM_copy_ram quietPerfMode=1 bboxFastMode=cached_aabb_8corners processRealSceneMs=0.232 targetMappingMs=0.134 cameraControlMs=0.015 stage4Stage5UpdateMs=3.187 shaderInputApplyMs=0.000 readbackMs=1.977 frameCopyMs=0.681 jpegMs=8.745 annotationMs=0.003 annotationBBoxMs=0.000 annotationOcclusionMs=0.000 annotationJsonMs=0.000 annotationTargets=5 bboxUpdateCount=617 bboxReuseCount=3083 occlusionUpdateCount=308 occlusionReuseCount=3392 targetUpdateCullInvisible=1 targetUpdateTotal=10 targetUpdateVisible=5 targetUpdateSkippedBeyondFar=0 targetUpdateSkippedShaderApply=0
[Perf] mode=sync videoFpsTarget=60.000 udpFps=0.000 renderFps=0.000 outputFps=0.000 sceneUpdateMs=0.000 annotationMs=0.000 irUpdateMs=0.000 irEnvBuildMs=0.000 stage7SkyGroundMs=0.000 platformRadianceMs=0.000 targetRadianceMs=0.000 stage4HotspotMs=0.000 stage5PlumeMs=0.000 stage5RadianceComponentMs=0.000 stage5AeroThermalMs=0.000 stage5ModtranLookupMs=0.000 shaderInputApplyMs=0.000 shaderInputApplyScope=exclusive stage7SkyGroundScope=inclusive stage4HotspotScope=inclusive shaderInputSetCount=0 shaderInputSkipCount=0 shaderInputCacheHitRate=0.000 stage5ModtranCacheHitCount=0 stage5ModtranCacheMissCount=0 stage7FullUpdateCount=0 stage7PositionOnlyCount=0 stage7SkipCount=0 stage4UpdateCount=0 stage4SkipCount=0 plumeUpdateMs=0.000 renderMs=0.000 stage6MtfBlurMs=0.000 stage6MtfBlurScope=render_pass_upper_bound mtfBlurEnabled=0 mtfBlurSigmaPixels=0.650 mtfBlurRadiusPixels=2 stage6DetectorNoiseMs=0.000 stage6DetectorNoiseScope=render_pass_upper_bound detectorNoiseEnabled=0 temporalNoiseSigmaGray=0.005 fpnSigmaGray=0.003 columnNoiseSigmaGray=0.002 rowNoiseSigmaGray=0.001 badPixelRatio=0.000 noisePosition=BeforeAGC stage6AgcStatsMs=0.000 stage6AgcApplyMs=0.000 agcEnabled=0 agcMode=Percentile agcGain=1.000 agcOffset=0.000 agcLowInput=0.000 agcHighInput=1.000 agcSampleCount=0 readbackMs=0.000 resizeMs=0.000 frameCopyMs=0.000 jpegMs=0.000 tcpSendMs=0.000 tcpQueueDepth=0 tcpQueueDepthMax=0 inputQueueDepth=0 inputQueueDepthMax=0 sourceSeqLag=0 latencyAvgMs=0.000 latencyMaxMs=0.000 syncOverrunCount=3555 inputQueueOverflowCount=0 udpFrames=3716 renderFrames=3716 outputFrames=3700
[RenderPerfProbe] pandaDoFrameMs=12.873 renderPath=direct_final graphicsOutputCount=1 activeDisplayRegionCount=1 rawPassEnabled=0 finalPassEnabled=1 annotationOverlayEnabled=0 readbackMode=EveryFrame readbackEveryN=1 copyRamAttached=1 copyRamMode=RTM_copy_ram quietPerfMode=1 bboxFastMode=cached_aabb_8corners processRealSceneMs=0.232 targetMappingMs=0.134 cameraControlMs=0.015 stage4Stage5UpdateMs=3.187 shaderInputApplyMs=0.000 readbackMs=1.977 frameCopyMs=0.681 jpegMs=8.745 annotationMs=0.003 annotationBBoxMs=0.000 annotationOcclusionMs=0.000 annotationJsonMs=0.000 annotationTargets=5 bboxUpdateCount=617 bboxReuseCount=3083 occlusionUpdateCount=308 occlusionReuseCount=3392 targetUpdateCullInvisible=1 targetUpdateTotal=10 targetUpdateVisible=5 targetUpdateSkippedBeyondFar=0 targetUpdateSkippedShaderApply=0
[RenderPerfProbe] pandaDoFrameMs=12.632 renderPath=direct_final graphicsOutputCount=1 activeDisplayRegionCount=1 rawPassEnabled=0 finalPassEnabled=1 annotationOverlayEnabled=0 readbackMode=EveryFrame readbackEveryN=1 copyRamAttached=1 copyRamMode=RTM_copy_ram quietPerfMode=1 bboxFastMode=cached_aabb_8corners processRealSceneMs=0.232 targetMappingMs=0.134 cameraControlMs=0.015 stage4Stage5UpdateMs=3.187 shaderInputApplyMs=0.000 readbackMs=1.977 frameCopyMs=0.681 jpegMs=8.745 annotationMs=0.003 annotationBBoxMs=0.000 annotationOcclusionMs=0.000 annotationJsonMs=0.000 annotationTargets=5 bboxUpdateCount=617 bboxReuseCount=3083 occlusionUpdateCount=308 occlusionReuseCount=3392 targetUpdateCullInvisible=1 targetUpdateTotal=10 targetUpdateVisible=5 targetUpdateSkippedBeyondFar=0 targetUpdateSkippedShaderApply=0
[Perf] mode=sync videoFpsTarget=60.000 udpFps=0.000 renderFps=0.000 outputFps=0.000 sceneUpdateMs=0.000 annotationMs=0.000 irUpdateMs=0.000 irEnvBuildMs=0.000 stage7SkyGroundMs=0.000 platformRadianceMs=0.000 targetRadianceMs=0.000 stage4HotspotMs=0.000 stage5PlumeMs=0.000 stage5RadianceComponentMs=0.000 stage5AeroThermalMs=0.000 stage5ModtranLookupMs=0.000 shaderInputApplyMs=0.000 shaderInputApplyScope=exclusive stage7SkyGroundScope=inclusive stage4HotspotScope=inclusive shaderInputSetCount=0 shaderInputSkipCount=0 shaderInputCacheHitRate=0.000 stage5ModtranCacheHitCount=0 stage5ModtranCacheMissCount=0 stage7FullUpdateCount=0 stage7PositionOnlyCount=0 stage7SkipCount=0 stage4UpdateCount=0 stage4SkipCount=0 plumeUpdateMs=0.000 renderMs=0.000 stage6MtfBlurMs=0.000 stage6MtfBlurScope=render_pass_upper_bound mtfBlurEnabled=0 mtfBlurSigmaPixels=0.650 mtfBlurRadiusPixels=2 stage6DetectorNoiseMs=0.000 stage6DetectorNoiseScope=render_pass_upper_bound detectorNoiseEnabled=0 temporalNoiseSigmaGray=0.005 fpnSigmaGray=0.003 columnNoiseSigmaGray=0.002 rowNoiseSigmaGray=0.001 badPixelRatio=0.000 noisePosition=BeforeAGC stage6AgcStatsMs=0.000 stage6AgcApplyMs=0.000 agcEnabled=0 agcMode=Percentile agcGain=1.000 agcOffset=0.000 agcLowInput=0.000 agcHighInput=1.000 agcSampleCount=0 readbackMs=0.000 resizeMs=0.000 frameCopyMs=0.000 jpegMs=0.000 tcpSendMs=0.000 tcpQueueDepth=0 tcpQueueDepthMax=0 inputQueueDepth=0 inputQueueDepthMax=0 sourceSeqLag=0 latencyAvgMs=0.000 latencyMaxMs=0.000 syncOverrunCount=3555 inputQueueOverflowCount=0 udpFrames=3716 renderFrames=3716 outputFrames=3700
[RenderPerfProbe] pandaDoFrameMs=12.597 renderPath=direct_final graphicsOutputCount=1 activeDisplayRegionCount=1 rawPassEnabled=0 finalPassEnabled=1 annotationOverlayEnabled=0 readbackMode=EveryFrame readbackEveryN=1 copyRamAttached=1 copyRamMode=RTM_copy_ram quietPerfMode=1 bboxFastMode=cached_aabb_8corners processRealSceneMs=0.232 targetMappingMs=0.134 cameraControlMs=0.015 stage4Stage5UpdateMs=3.187 shaderInputApplyMs=0.000 readbackMs=1.977 frameCopyMs=0.681 jpegMs=8.745 annotationMs=0.003 annotationBBoxMs=0.000 annotationOcclusionMs=0.000 annotationJsonMs=0.000 annotationTargets=5 bboxUpdateCount=617 bboxReuseCount=3083 occlusionUpdateCount=308 occlusionReuseCount=3392 targetUpdateCullInvisible=1 targetUpdateTotal=10 targetUpdateVisible=5 targetUpdateSkippedBeyondFar=0 targetUpdateSkippedShaderApply=0
[Perf] mode=sync videoFpsTarget=60.000 udpFps=0.000 renderFps=0.000 outputFps=0.000 sceneUpdateMs=0.000 annotationMs=0.000 irUpdateMs=0.000 irEnvBuildMs=0.000 stage7SkyGroundMs=0.000 platformRadianceMs=0.000 targetRadianceMs=0.000 stage4HotspotMs=0.000 stage5PlumeMs=0.000 stage5RadianceComponentMs=0.000 stage5AeroThermalMs=0.000 stage5ModtranLookupMs=0.000 shaderInputApplyMs=0.000 shaderInputApplyScope=exclusive stage7SkyGroundScope=inclusive stage4HotspotScope=inclusive shaderInputSetCount=0 shaderInputSkipCount=0 shaderInputCacheHitRate=0.000 stage5ModtranCacheHitCount=0 stage5ModtranCacheMissCount=0 stage7FullUpdateCount=0 stage7PositionOnlyCount=0 stage7SkipCount=0 stage4UpdateCount=0 stage4SkipCount=0 plumeUpdateMs=0.000 renderMs=0.000 stage6MtfBlurMs=0.000 stage6MtfBlurScope=render_pass_upper_bound mtfBlurEnabled=0 mtfBlurSigmaPixels=0.650 mtfBlurRadiusPixels=2 stage6DetectorNoiseMs=0.000 stage6DetectorNoiseScope=render_pass_upper_bound detectorNoiseEnabled=0 temporalNoiseSigmaGray=0.005 fpnSigmaGray=0.003 columnNoiseSigmaGray=0.002 rowNoiseSigmaGray=0.001 badPixelRatio=0.000 noisePosition=BeforeAGC stage6AgcStatsMs=0.000 stage6AgcApplyMs=0.000 agcEnabled=0 agcMode=Percentile agcGain=1.000 agcOffset=0.000 agcLowInput=0.000 agcHighInput=1.000 agcSampleCount=0 readbackMs=0.000 resizeMs=0.000 frameCopyMs=0.000 jpegMs=0.000 tcpSendMs=0.000 tcpQueueDepth=0 tcpQueueDepthMax=0 inputQueueDepth=0 inputQueueDepthMax=0 sourceSeqLag=0 latencyAvgMs=0.000 latencyMaxMs=0.000 syncOverrunCount=3555 inputQueueOverflowCount=0 udpFrames=3716 renderFrames=3716 outputFrames=3700
[RenderPerfProbe] pandaDoFrameMs=12.615 renderPath=direct_final graphicsOutputCount=1 activeDisplayRegionCount=1 rawPassEnabled=0 finalPassEnabled=1 annotationOverlayEnabled=0 readbackMode=EveryFrame readbackEveryN=1 copyRamAttached=1 copyRamMode=RTM_copy_ram quietPerfMode=1 bboxFastMode=cached_aabb_8corners processRealSceneMs=0.232 targetMappingMs=0.134 cameraControlMs=0.015 stage4Stage5UpdateMs=3.187 shaderInputApplyMs=0.000 readbackMs=1.977 frameCopyMs=0.681 jpegMs=8.745 annotationMs=0.003 annotationBBoxMs=0.000 annotationOcclusionMs=0.000 annotationJsonMs=0.000 annotationTargets=5 bboxUpdateCount=617 bboxReuseCount=3083 occlusionUpdateCount=308 occlusionReuseCount=3392 targetUpdateCullInvisible=1 targetUpdateTotal=10 targetUpdateVisible=5 targetUpdateSkippedBeyondFar=0 targetUpdateSkippedShaderApply=0
[Perf] mode=sync videoFpsTarget=60.000 udpFps=0.000 renderFps=0.000 outputFps=0.000 sceneUpdateMs=0.000 annotationMs=0.000 irUpdateMs=0.000 irEnvBuildMs=0.000 stage7SkyGroundMs=0.000 platformRadianceMs=0.000 targetRadianceMs=0.000 stage4HotspotMs=0.000 stage5PlumeMs=0.000 stage5RadianceComponentMs=0.000 stage5AeroThermalMs=0.000 stage5ModtranLookupMs=0.000 shaderInputApplyMs=0.000 shaderInputApplyScope=exclusive stage7SkyGroundScope=inclusive stage4HotspotScope=inclusive shaderInputSetCount=0 shaderInputSkipCount=0 shaderInputCacheHitRate=0.000 stage5ModtranCacheHitCount=0 stage5ModtranCacheMissCount=0 stage7FullUpdateCount=0 stage7PositionOnlyCount=0 stage7SkipCount=0 stage4UpdateCount=0 stage4SkipCount=0 plumeUpdateMs=0.000 renderMs=0.000 stage6MtfBlurMs=0.000 stage6MtfBlurScope=render_pass_upper_bound mtfBlurEnabled=0 mtfBlurSigmaPixels=0.650 mtfBlurRadiusPixels=2 stage6DetectorNoiseMs=0.000 stage6DetectorNoiseScope=render_pass_upper_bound detectorNoiseEnabled=0 temporalNoiseSigmaGray=0.005 fpnSigmaGray=0.003 columnNoiseSigmaGray=0.002 rowNoiseSigmaGray=0.001 badPixelRatio=0.000 noisePosition=BeforeAGC stage6AgcStatsMs=0.000 stage6AgcApplyMs=0.000 agcEnabled=0 agcMode=Percentile agcGain=1.000 agcOffset=0.000 agcLowInput=0.000 agcHighInput=1.000 agcSampleCount=0 readbackMs=0.000 resizeMs=0.000 frameCopyMs=0.000 jpegMs=0.000 tcpSendMs=0.000 tcpQueueDepth=0 tcpQueueDepthMax=0 inputQueueDepth=0 inputQueueDepthMax=0 sourceSeqLag=0 latencyAvgMs=0.000 latencyMaxMs=0.000 syncOverrunCount=3555 inputQueueOverflowCount=0 udpFrames=3716 renderFrames=3716 outputFrames=3700
[RenderPerfProbe] pandaDoFrameMs=12.894 renderPath=direct_final graphicsOutputCount=1 activeDisplayRegionCount=1 rawPassEnabled=0 finalPassEnabled=1 annotationOverlayEnabled=0 readbackMode=EveryFrame readbackEveryN=1 copyRamAttached=1 copyRamMode=RTM_copy_ram quietPerfMode=1 bboxFastMode=cached_aabb_8corners processRealSceneMs=0.232 targetMappingMs=0.134 cameraControlMs=0.015 stage4Stage5UpdateMs=3.187 shaderInputApplyMs=0.000 readbackMs=1.977 frameCopyMs=0.681 jpegMs=8.745 annotationMs=0.003 annotationBBoxMs=0.000 annotationOcclusionMs=0.000 annotationJsonMs=0.000 annotationTargets=5 bboxUpdateCount=617 bboxReuseCount=3083 occlusionUpdateCount=308 occlusionReuseCount=3392 targetUpdateCullInvisible=1 targetUpdateTotal=10 targetUpdateVisible=5 targetUpdateSkippedBeyondFar=0 targetUpdateSkippedShaderApply=0
[Perf] mode=sync videoFpsTarget=60.000 udpFps=0.000 renderFps=0.000 outputFps=0.000 sceneUpdateMs=0.000 annotationMs=0.000 irUpdateMs=0.000 irEnvBuildMs=0.000 stage7SkyGroundMs=0.000 platformRadianceMs=0.000 targetRadianceMs=0.000 stage4HotspotMs=0.000 stage5PlumeMs=0.000 stage5RadianceComponentMs=0.000 stage5AeroThermalMs=0.000 stage5ModtranLookupMs=0.000 shaderInputApplyMs=0.000 shaderInputApplyScope=exclusive stage7SkyGroundScope=inclusive stage4HotspotScope=inclusive shaderInputSetCount=0 shaderInputSkipCount=0 shaderInputCacheHitRate=0.000 stage5ModtranCacheHitCount=0 stage5ModtranCacheMissCount=0 stage7FullUpdateCount=0 stage7PositionOnlyCount=0 stage7SkipCount=0 stage4UpdateCount=0 stage4SkipCount=0 plumeUpdateMs=0.000 renderMs=0.000 stage6MtfBlurMs=0.000 stage6MtfBlurScope=render_pass_upper_bound mtfBlurEnabled=0 mtfBlurSigmaPixels=0.650 mtfBlurRadiusPixels=2 stage6DetectorNoiseMs=0.000 stage6DetectorNoiseScope=render_pass_upper_bound detectorNoiseEnabled=0 temporalNoiseSigmaGray=0.005 fpnSigmaGray=0.003 columnNoiseSigmaGray=0.002 rowNoiseSigmaGray=0.001 badPixelRatio=0.000 noisePosition=BeforeAGC stage6AgcStatsMs=0.000 stage6AgcApplyMs=0.000 agcEnabled=0 agcMode=Percentile agcGain=1.000 agcOffset=0.000 agcLowInput=0.000 agcHighInput=1.000 agcSampleCount=0 readbackMs=0.000 resizeMs=0.000 frameCopyMs=0.000 jpegMs=0.000 tcpSendMs=0.000 tcpQueueDepth=0 tcpQueueDepthMax=0 inputQueueDepth=0 inputQueueDepthMax=0 sourceSeqLag=0 latencyAvgMs=0.000 latencyMaxMs=0.000 syncOverrunCount=3555 inputQueueOverflowCount=0 udpFrames=3716 renderFrames=3716 outputFrames=3700
[RenderPerfProbe] pandaDoFrameMs=12.780 renderPath=direct_final graphicsOutputCount=1 activeDisplayRegionCount=1 rawPassEnabled=0 finalPassEnabled=1 annotationOverlayEnabled=0 readbackMode=EveryFrame readbackEveryN=1 copyRamAttached=1 copyRamMode=RTM_copy_ram quietPerfMode=1 bboxFastMode=cached_aabb_8corners processRealSceneMs=0.232 targetMappingMs=0.134 cameraControlMs=0.015 stage4Stage5UpdateMs=3.187 shaderInputApplyMs=0.000 readbackMs=1.977 frameCopyMs=0.681 jpegMs=8.745 annotationMs=0.003 annotationBBoxMs=0.000 annotationOcclusionMs=0.000 annotationJsonMs=0.000 annotationTargets=5 bboxUpdateCount=617 bboxReuseCount=3083 occlusionUpdateCount=308 occlusionReuseCount=3392 targetUpdateCullInvisible=1 targetUpdateTotal=10 targetUpdateVisible=5 targetUpdateSkippedBeyondFar=0 targetUpdateSkippedShaderApply=0
[RenderPerfProbe] pandaDoFrameMs=12.509 renderPath=direct_final graphicsOutputCount=1 activeDisplayRegionCount=1 rawPassEnabled=0 finalPassEnabled=1 annotationOverlayEnabled=0 readbackMode=EveryFrame readbackEveryN=1 copyRamAttached=1 copyRamMode=RTM_copy_ram quietPerfMode=1 bboxFastMode=cached_aabb_8corners processRealSceneMs=0.232 targetMappingMs=0.134 cameraControlMs=0.015 stage4Stage5UpdateMs=3.187 shaderInputApplyMs=0.000 readbackMs=1.977 frameCopyMs=0.681 jpegMs=8.745 annotationMs=0.003 annotationBBoxMs=0.000 annotationOcclusionMs=0.000 annotationJsonMs=0.000 annotationTargets=5 bboxUpdateCount=617 bboxReuseCount=3083 occlusionUpdateCount=308 occlusionReuseCount=3392 targetUpdateCullInvisible=1 targetUpdateTotal=10 targetUpdateVisible=5 targetUpdateSkippedBeyondFar=0 targetUpdateSkippedShaderApply=0
[Perf] mode=sync videoFpsTarget=60.000 udpFps=0.000 renderFps=0.000 outputFps=0.000 sceneUpdateMs=0.000 annotationMs=0.000 irUpdateMs=0.000 irEnvBuildMs=0.000 stage7SkyGroundMs=0.000 platformRadianceMs=0.000 targetRadianceMs=0.000 stage4HotspotMs=0.000 stage5PlumeMs=0.000 stage5RadianceComponentMs=0.000 stage5AeroThermalMs=0.000 stage5ModtranLookupMs=0.000 shaderInputApplyMs=0.000 shaderInputApplyScope=exclusive stage7SkyGroundScope=inclusive stage4HotspotScope=inclusive shaderInputSetCount=0 shaderInputSkipCount=0 shaderInputCacheHitRate=0.000 stage5ModtranCacheHitCount=0 stage5ModtranCacheMissCount=0 stage7FullUpdateCount=0 stage7PositionOnlyCount=0 stage7SkipCount=0 stage4UpdateCount=0 stage4SkipCount=0 plumeUpdateMs=0.000 renderMs=0.000 stage6MtfBlurMs=0.000 stage6MtfBlurScope=render_pass_upper_bound mtfBlurEnabled=0 mtfBlurSigmaPixels=0.650 mtfBlurRadiusPixels=2 stage6DetectorNoiseMs=0.000 stage6DetectorNoiseScope=render_pass_upper_bound detectorNoiseEnabled=0 temporalNoiseSigmaGray=0.005 fpnSigmaGray=0.003 columnNoiseSigmaGray=0.002 rowNoiseSigmaGray=0.001 badPixelRatio=0.000 noisePosition=BeforeAGC stage6AgcStatsMs=0.000 stage6AgcApplyMs=0.000 agcEnabled=0 agcMode=Percentile agcGain=1.000 agcOffset=0.000 agcLowInput=0.000 agcHighInput=1.000 agcSampleCount=0 readbackMs=0.000 resizeMs=0.000 frameCopyMs=0.000 jpegMs=0.000 tcpSendMs=0.000 tcpQueueDepth=0 tcpQueueDepthMax=0 inputQueueDepth=0 inputQueueDepthMax=0 sourceSeqLag=0 latencyAvgMs=0.000 latencyMaxMs=0.000 syncOverrunCount=3555 inputQueueOverflowCount=0 udpFrames=3716 renderFrames=3716 outputFrames=3700
[RenderPerfProbe] pandaDoFrameMs=13.066 renderPath=direct_final graphicsOutputCount=1 activeDisplayRegionCount=1 rawPassEnabled=0 finalPassEnabled=1 annotationOverlayEnabled=0 readbackMode=EveryFrame readbackEveryN=1 copyRamAttached=1 copyRamMode=RTM_copy_ram quietPerfMode=1 bboxFastMode=cached_aabb_8corners processRealSceneMs=0.232 targetMappingMs=0.134 cameraControlMs=0.015 stage4Stage5UpdateMs=3.187 shaderInputApplyMs=0.000 readbackMs=1.977 frameCopyMs=0.681 jpegMs=8.745 annotationMs=0.003 annotationBBoxMs=0.000 annotationOcclusionMs=0.000 annotationJsonMs=0.000 annotationTargets=5 bboxUpdateCount=617 bboxReuseCount=3083 occlusionUpdateCount=308 occlusionReuseCount=3392 targetUpdateCullInvisible=1 targetUpdateTotal=10 targetUpdateVisible=5 targetUpdateSkippedBeyondFar=0 targetUpdateSkippedShaderApply=0
[Perf] mode=sync videoFpsTarget=60.000 udpFps=0.000 renderFps=0.000 outputFps=0.000 sceneUpdateMs=0.000 annotationMs=0.000 irUpdateMs=0.000 irEnvBuildMs=0.000 stage7SkyGroundMs=0.000 platformRadianceMs=0.000 targetRadianceMs=0.000 stage4HotspotMs=0.000 stage5PlumeMs=0.000 stage5RadianceComponentMs=0.000 stage5AeroThermalMs=0.000 stage5ModtranLookupMs=0.000 shaderInputApplyMs=0.000 shaderInputApplyScope=exclusive stage7SkyGroundScope=inclusive stage4HotspotScope=inclusive shaderInputSetCount=0 shaderInputSkipCount=0 shaderInputCacheHitRate=0.000 stage5ModtranCacheHitCount=0 stage5ModtranCacheMissCount=0 stage7FullUpdateCount=0 stage7PositionOnlyCount=0 stage7SkipCount=0 stage4UpdateCount=0 stage4SkipCount=0 plumeUpdateMs=0.000 renderMs=0.000 stage6MtfBlurMs=0.000 stage6MtfBlurScope=render_pass_upper_bound mtfBlurEnabled=0 mtfBlurSigmaPixels=0.650 mtfBlurRadiusPixels=2 stage6DetectorNoiseMs=0.000 stage6DetectorNoiseScope=render_pass_upper_bound detectorNoiseEnabled=0 temporalNoiseSigmaGray=0.005 fpnSigmaGray=0.003 columnNoiseSigmaGray=0.002 rowNoiseSigmaGray=0.001 badPixelRatio=0.000 noisePosition=BeforeAGC stage6AgcStatsMs=0.000 stage6AgcApplyMs=0.000 agcEnabled=0 agcMode=Percentile agcGain=1.000 agcOffset=0.000 agcLowInput=0.000 agcHighInput=1.000 agcSampleCount=0 readbackMs=0.000 resizeMs=0.000 frameCopyMs=0.000 jpegMs=0.000 tcpSendMs=0.000 tcpQueueDepth=0 tcpQueueDepthMax=0 inputQueueDepth=0 inputQueueDepthMax=0 sourceSeqLag=0 latencyAvgMs=0.000 latencyMaxMs=0.000 syncOverrunCount=3555 inputQueueOverflowCount=0 udpFrames=3716 renderFrames=3716 outputFrames=3700
[RenderPerfProbe] pandaDoFrameMs=13.025 renderPath=direct_final graphicsOutputCount=1 activeDisplayRegionCount=1 rawPassEnabled=0 finalPassEnabled=1 annotationOverlayEnabled=0 readbackMode=EveryFrame readbackEveryN=1 copyRamAttached=1 copyRamMode=RTM_copy_ram quietPerfMode=1 bboxFastMode=cached_aabb_8corners processRealSceneMs=0.232 targetMappingMs=0.134 cameraControlMs=0.015 stage4Stage5UpdateMs=3.187 shaderInputApplyMs=0.000 readbackMs=1.977 frameCopyMs=0.681 jpegMs=8.745 annotationMs=0.003 annotationBBoxMs=0.000 annotationOcclusionMs=0.000 annotationJsonMs=0.000 annotationTargets=5 bboxUpdateCount=617 bboxReuseCount=3083 occlusionUpdateCount=308 occlusionReuseCount=3392 targetUpdateCullInvisible=1 targetUpdateTotal=10 targetUpdateVisible=5 targetUpdateSkippedBeyondFar=0 targetUpdateSkippedShaderApply=0
[Perf] mode=sync videoFpsTarget=60.000 udpFps=0.000 renderFps=0.000 outputFps=0.000 sceneUpdateMs=0.000 annotationMs=0.000 irUpdateMs=0.000 irEnvBuildMs=0.000 stage7SkyGroundMs=0.000 platformRadianceMs=0.000 targetRadianceMs=0.000 stage4HotspotMs=0.000 stage5PlumeMs=0.000 stage5RadianceComponentMs=0.000 stage5AeroThermalMs=0.000 stage5ModtranLookupMs=0.000 shaderInputApplyMs=0.000 shaderInputApplyScope=exclusive stage7SkyGroundScope=inclusive stage4HotspotScope=inclusive shaderInputSetCount=0 shaderInputSkipCount=0 shaderInputCacheHitRate=0.000 stage5ModtranCacheHitCount=0 stage5ModtranCacheMissCount=0 stage7FullUpdateCount=0 stage7PositionOnlyCount=0 stage7SkipCount=0 stage4UpdateCount=0 stage4SkipCount=0 plumeUpdateMs=0.000 renderMs=0.000 stage6MtfBlurMs=0.000 stage6MtfBlurScope=render_pass_upper_bound mtfBlurEnabled=0 mtfBlurSigmaPixels=0.650 mtfBlurRadiusPixels=2 stage6DetectorNoiseMs=0.000 stage6DetectorNoiseScope=render_pass_upper_bound detectorNoiseEnabled=0 temporalNoiseSigmaGray=0.005 fpnSigmaGray=0.003 columnNoiseSigmaGray=0.002 rowNoiseSigmaGray=0.001 badPixelRatio=0.000 noisePosition=BeforeAGC stage6AgcStatsMs=0.000 stage6AgcApplyMs=0.000 agcEnabled=0 agcMode=Percentile agcGain=1.000 agcOffset=0.000 agcLowInput=0.000 agcHighInput=1.000 agcSampleCount=0 readbackMs=0.000 resizeMs=0.000 frameCopyMs=0.000 jpegMs=0.000 tcpSendMs=0.000 tcpQueueDepth=0 tcpQueueDepthMax=0 inputQueueDepth=0 inputQueueDepthMax=0 sourceSeqLag=0 latencyAvgMs=0.000 latencyMaxMs=0.000 syncOverrunCount=3555 inputQueueOverflowCount=0 udpFrames=3716 renderFrames=3716 outputFrames=3700
[RenderPerfProbe] pandaDoFrameMs=12.347 renderPath=direct_final graphicsOutputCount=1 activeDisplayRegionCount=1 rawPassEnabled=0 finalPassEnabled=1 annotationOverlayEnabled=0 readbackMode=EveryFrame readbackEveryN=1 copyRamAttached=1 copyRamMode=RTM_copy_ram quietPerfMode=1 bboxFastMode=cached_aabb_8corners processRealSceneMs=0.232 targetMappingMs=0.134 cameraControlMs=0.015 stage4Stage5UpdateMs=3.187 shaderInputApplyMs=0.000 readbackMs=1.977 frameCopyMs=0.681 jpegMs=8.745 annotationMs=0.003 annotationBBoxMs=0.000 annotationOcclusionMs=0.000 annotationJsonMs=0.000 annotationTargets=5 bboxUpdateCount=617 bboxReuseCount=3083 occlusionUpdateCount=308 occlusionReuseCount=3392 targetUpdateCullInvisible=1 targetUpdateTotal=10 targetUpdateVisible=5 targetUpdateSkippedBeyondFar=0 targetUpdateSkippedShaderApply=0
[RenderPerfProbe] pandaDoFrameMs=13.029 renderPath=direct_final graphicsOutputCount=1 activeDisplayRegionCount=1 rawPassEnabled=0 finalPassEnabled=1 annotationOverlayEnabled=0 readbackMode=EveryFrame readbackEveryN=1 copyRamAttached=1 copyRamMode=RTM_copy_ram quietPerfMode=1 bboxFastMode=cached_aabb_8corners processRealSceneMs=0.232 targetMappingMs=0.134 cameraControlMs=0.015 stage4Stage5UpdateMs=3.187 shaderInputApplyMs=0.000 readbackMs=1.977 frameCopyMs=0.681 jpegMs=8.745 annotationMs=0.003 annotationBBoxMs=0.000 annotationOcclusionMs=0.000 annotationJsonMs=0.000 annotationTargets=5 bboxUpdateCount=617 bboxReuseCount=3083 occlusionUpdateCount=308 occlusionReuseCount=3392 targetUpdateCullInvisible=1 targetUpdateTotal=10 targetUpdateVisible=5 targetUpdateSkippedBeyondFar=0 targetUpdateSkippedShaderApply=0
[Perf] mode=sync videoFpsTarget=60.000 udpFps=0.000 renderFps=0.000 outputFps=0.000 sceneUpdateMs=0.000 annotationMs=0.000 irUpdateMs=0.000 irEnvBuildMs=0.000 stage7SkyGroundMs=0.000 platformRadianceMs=0.000 targetRadianceMs=0.000 stage4HotspotMs=0.000 stage5PlumeMs=0.000 stage5RadianceComponentMs=0.000 stage5AeroThermalMs=0.000 stage5ModtranLookupMs=0.000 shaderInputApplyMs=0.000 shaderInputApplyScope=exclusive stage7SkyGroundScope=inclusive stage4HotspotScope=inclusive shaderInputSetCount=0 shaderInputSkipCount=0 shaderInputCacheHitRate=0.000 stage5ModtranCacheHitCount=0 stage5ModtranCacheMissCount=0 stage7FullUpdateCount=0 stage7PositionOnlyCount=0 stage7SkipCount=0 stage4UpdateCount=0 stage4SkipCount=0 plumeUpdateMs=0.000 renderMs=0.000 stage6MtfBlurMs=0.000 stage6MtfBlurScope=render_pass_upper_bound mtfBlurEnabled=0 mtfBlurSigmaPixels=0.650 mtfBlurRadiusPixels=2 stage6DetectorNoiseMs=0.000 stage6DetectorNoiseScope=render_pass_upper_bound detectorNoiseEnabled=0 temporalNoiseSigmaGray=0.005 fpnSigmaGray=0.003 columnNoiseSigmaGray=0.002 rowNoiseSigmaGray=0.001 badPixelRatio=0.000 noisePosition=BeforeAGC stage6AgcStatsMs=0.000 stage6AgcApplyMs=0.000 agcEnabled=0 agcMode=Percentile agcGain=1.000 agcOffset=0.000 agcLowInput=0.000 agcHighInput=1.000 agcSampleCount=0 readbackMs=0.000 resizeMs=0.000 frameCopyMs=0.000 jpegMs=0.000 tcpSendMs=0.000 tcpQueueDepth=0 tcpQueueDepthMax=0 inputQueueDepth=0 inputQueueDepthMax=0 sourceSeqLag=0 latencyAvgMs=0.000 latencyMaxMs=0.000 syncOverrunCount=3555 inputQueueOverflowCount=0 udpFrames=3716 renderFrames=3716 outputFrames=3700
[RenderPerfProbe] pandaDoFrameMs=12.700 renderPath=direct_final graphicsOutputCount=1 activeDisplayRegionCount=1 rawPassEnabled=0 finalPassEnabled=1 annotationOverlayEnabled=0 readbackMode=EveryFrame readbackEveryN=1 copyRamAttached=1 copyRamMode=RTM_copy_ram quietPerfMode=1 bboxFastMode=cached_aabb_8corners processRealSceneMs=0.232 targetMappingMs=0.134 cameraControlMs=0.015 stage4Stage5UpdateMs=3.187 shaderInputApplyMs=0.000 readbackMs=1.977 frameCopyMs=0.681 jpegMs=8.745 annotationMs=0.003 annotationBBoxMs=0.000 annotationOcclusionMs=0.000 annotationJsonMs=0.000 annotationTargets=5 bboxUpdateCount=617 bboxReuseCount=3083 occlusionUpdateCount=308 occlusionReuseCount=3392 targetUpdateCullInvisible=1 targetUpdateTotal=10 targetUpdateVisible=5 targetUpdateSkippedBeyondFar=0 targetUpdateSkippedShaderApply=0
[Perf] mode=sync videoFpsTarget=60.000 udpFps=0.000 renderFps=0.000 outputFps=0.000 sceneUpdateMs=0.000 annotationMs=0.000 irUpdateMs=0.000 irEnvBuildMs=0.000 stage7SkyGroundMs=0.000 platformRadianceMs=0.000 targetRadianceMs=0.000 stage4HotspotMs=0.000 stage5PlumeMs=0.000 stage5RadianceComponentMs=0.000 stage5AeroThermalMs=0.000 stage5ModtranLookupMs=0.000 shaderInputApplyMs=0.000 shaderInputApplyScope=exclusive stage7SkyGroundScope=inclusive stage4HotspotScope=inclusive shaderInputSetCount=0 shaderInputSkipCount=0 shaderInputCacheHitRate=0.000 stage5ModtranCacheHitCount=0 stage5ModtranCacheMissCount=0 stage7FullUpdateCount=0 stage7PositionOnlyCount=0 stage7SkipCount=0 stage4UpdateCount=0 stage4SkipCount=0 plumeUpdateMs=0.000 renderMs=0.000 stage6MtfBlurMs=0.000 stage6MtfBlurScope=render_pass_upper_bound mtfBlurEnabled=0 mtfBlurSigmaPixels=0.650 mtfBlurRadiusPixels=2 stage6DetectorNoiseMs=0.000 stage6DetectorNoiseScope=render_pass_upper_bound detectorNoiseEnabled=0 temporalNoiseSigmaGray=0.005 fpnSigmaGray=0.003 columnNoiseSigmaGray=0.002 rowNoiseSigmaGray=0.001 badPixelRatio=0.000 noisePosition=BeforeAGC stage6AgcStatsMs=0.000 stage6AgcApplyMs=0.000 agcEnabled=0 agcMode=Percentile agcGain=1.000 agcOffset=0.000 agcLowInput=0.000 agcHighInput=1.000 agcSampleCount=0 readbackMs=0.000 resizeMs=0.000 frameCopyMs=0.000 jpegMs=0.000 tcpSendMs=0.000 tcpQueueDepth=0 tcpQueueDepthMax=0 inputQueueDepth=0 inputQueueDepthMax=0 sourceSeqLag=0 latencyAvgMs=0.000 latencyMaxMs=0.000 syncOverrunCount=3555 inputQueueOverflowCount=0 udpFrames=3716 renderFrames=3716 outputFrames=3700
[RenderPerfProbe] pandaDoFrameMs=12.660 renderPath=direct_final graphicsOutputCount=1 activeDisplayRegionCount=1 rawPassEnabled=0 finalPassEnabled=1 annotationOverlayEnabled=0 readbackMode=EveryFrame readbackEveryN=1 copyRamAttached=1 copyRamMode=RTM_copy_ram quietPerfMode=1 bboxFastMode=cached_aabb_8corners processRealSceneMs=0.232 targetMappingMs=0.134 cameraControlMs=0.015 stage4Stage5UpdateMs=3.187 shaderInputApplyMs=0.000 readbackMs=1.977 frameCopyMs=0.681 jpegMs=8.745 annotationMs=0.003 annotationBBoxMs=0.000 annotationOcclusionMs=0.000 annotationJsonMs=0.000 annotationTargets=5 bboxUpdateCount=617 bboxReuseCount=3083 occlusionUpdateCount=308 occlusionReuseCount=3392 targetUpdateCullInvisible=1 targetUpdateTotal=10 targetUpdateVisible=5 targetUpdateSkippedBeyondFar=0 targetUpdateSkippedShaderApply=0
[Perf] mode=sync videoFpsTarget=60.000 udpFps=0.000 renderFps=0.000 outputFps=0.000 sceneUpdateMs=0.000 annotationMs=0.000 irUpdateMs=0.000 irEnvBuildMs=0.000 stage7SkyGroundMs=0.000 platformRadianceMs=0.000 targetRadianceMs=0.000 stage4HotspotMs=0.000 stage5PlumeMs=0.000 stage5RadianceComponentMs=0.000 stage5AeroThermalMs=0.000 stage5ModtranLookupMs=0.000 shaderInputApplyMs=0.000 shaderInputApplyScope=exclusive stage7SkyGroundScope=inclusive stage4HotspotScope=inclusive shaderInputSetCount=0 shaderInputSkipCount=0 shaderInputCacheHitRate=0.000 stage5ModtranCacheHitCount=0 stage5ModtranCacheMissCount=0 stage7FullUpdateCount=0 stage7PositionOnlyCount=0 stage7SkipCount=0 stage4UpdateCount=0 stage4SkipCount=0 plumeUpdateMs=0.000 renderMs=0.000 stage6MtfBlurMs=0.000 stage6MtfBlurScope=render_pass_upper_bound mtfBlurEnabled=0 mtfBlurSigmaPixels=0.650 mtfBlurRadiusPixels=2 stage6DetectorNoiseMs=0.000 stage6DetectorNoiseScope=render_pass_upper_bound detectorNoiseEnabled=0 temporalNoiseSigmaGray=0.005 fpnSigmaGray=0.003 columnNoiseSigmaGray=0.002 rowNoiseSigmaGray=0.001 badPixelRatio=0.000 noisePosition=BeforeAGC stage6AgcStatsMs=0.000 stage6AgcApplyMs=0.000 agcEnabled=0 agcMode=Percentile agcGain=1.000 agcOffset=0.000 agcLowInput=0.000 agcHighInput=1.000 agcSampleCount=0 readbackMs=0.000 resizeMs=0.000 frameCopyMs=0.000 jpegMs=0.000 tcpSendMs=0.000 tcpQueueDepth=0 tcpQueueDepthMax=0 inputQueueDepth=0 inputQueueDepthMax=0 sourceSeqLag=0 latencyAvgMs=0.000 latencyMaxMs=0.000 syncOverrunCount=3555 inputQueueOverflowCount=0 udpFrames=3716 renderFrames=3716 outputFrames=3700
[RenderPerfProbe] pandaDoFrameMs=12.467 renderPath=direct_final graphicsOutputCount=1 activeDisplayRegionCount=1 rawPassEnabled=0 finalPassEnabled=1 annotationOverlayEnabled=0 readbackMode=EveryFrame readbackEveryN=1 copyRamAttached=1 copyRamMode=RTM_copy_ram quietPerfMode=1 bboxFastMode=cached_aabb_8corners processRealSceneMs=0.232 targetMappingMs=0.134 cameraControlMs=0.015 stage4Stage5UpdateMs=3.187 shaderInputApplyMs=0.000 readbackMs=1.977 frameCopyMs=0.681 jpegMs=8.745 annotationMs=0.003 annotationBBoxMs=0.000 annotationOcclusionMs=0.000 annotationJsonMs=0.000 annotationTargets=5 bboxUpdateCount=617 bboxReuseCount=3083 occlusionUpdateCount=308 occlusionReuseCount=3392 targetUpdateCullInvisible=1 targetUpdateTotal=10 targetUpdateVisible=5 targetUpdateSkippedBeyondFar=0 targetUpdateSkippedShaderApply=0
[RenderPerfProbe] pandaDoFrameMs=12.964 renderPath=direct_final graphicsOutputCount=1 activeDisplayRegionCount=1 rawPassEnabled=0 finalPassEnabled=1 annotationOverlayEnabled=0 readbackMode=EveryFrame readbackEveryN=1 copyRamAttached=1 copyRamMode=RTM_copy_ram quietPerfMode=1 bboxFastMode=cached_aabb_8corners processRealSceneMs=0.232 targetMappingMs=0.134 cameraControlMs=0.015 stage4Stage5UpdateMs=3.187 shaderInputApplyMs=0.000 readbackMs=1.977 frameCopyMs=0.681 jpegMs=8.745 annotationMs=0.003 annotationBBoxMs=0.000 annotationOcclusionMs=0.000 annotationJsonMs=0.000 annotationTargets=5 bboxUpdateCount=617 bboxReuseCount=3083 occlusionUpdateCount=308 occlusionReuseCount=3392 targetUpdateCullInvisible=1 targetUpdateTotal=10 targetUpdateVisible=5 targetUpdateSkippedBeyondFar=0 targetUpdateSkippedShaderApply=0
[Perf] mode=sync videoFpsTarget=60.000 udpFps=0.000 renderFps=0.000 outputFps=0.000 sceneUpdateMs=0.000 annotationMs=0.000 irUpdateMs=0.000 irEnvBuildMs=0.000 stage7SkyGroundMs=0.000 platformRadianceMs=0.000 targetRadianceMs=0.000 stage4HotspotMs=0.000 stage5PlumeMs=0.000 stage5RadianceComponentMs=0.000 stage5AeroThermalMs=0.000 stage5ModtranLookupMs=0.000 shaderInputApplyMs=0.000 shaderInputApplyScope=exclusive stage7SkyGroundScope=inclusive stage4HotspotScope=inclusive shaderInputSetCount=0 shaderInputSkipCount=0 shaderInputCacheHitRate=0.000 stage5ModtranCacheHitCount=0 stage5ModtranCacheMissCount=0 stage7FullUpdateCount=0 stage7PositionOnlyCount=0 stage7SkipCount=0 stage4UpdateCount=0 stage4SkipCount=0 plumeUpdateMs=0.000 renderMs=0.000 stage6MtfBlurMs=0.000 stage6MtfBlurScope=render_pass_upper_bound mtfBlurEnabled=0 mtfBlurSigmaPixels=0.650 mtfBlurRadiusPixels=2 stage6DetectorNoiseMs=0.000 stage6DetectorNoiseScope=render_pass_upper_bound detectorNoiseEnabled=0 temporalNoiseSigmaGray=0.005 fpnSigmaGray=0.003 columnNoiseSigmaGray=0.002 rowNoiseSigmaGray=0.001 badPixelRatio=0.000 noisePosition=BeforeAGC stage6AgcStatsMs=0.000 stage6AgcApplyMs=0.000 agcEnabled=0 agcMode=Percentile agcGain=1.000 agcOffset=0.000 agcLowInput=0.000 agcHighInput=1.000 agcSampleCount=0 readbackMs=0.000 resizeMs=0.000 frameCopyMs=0.000 jpegMs=0.000 tcpSendMs=0.000 tcpQueueDepth=0 tcpQueueDepthMax=0 inputQueueDepth=0 inputQueueDepthMax=0 sourceSeqLag=0 latencyAvgMs=0.000 latencyMaxMs=0.000 syncOverrunCount=3555 inputQueueOverflowCount=0 udpFrames=3716 renderFrames=3716 outputFrames=3700
[RenderPerfProbe] pandaDoFrameMs=12.608 renderPath=direct_final graphicsOutputCount=1 activeDisplayRegionCount=1 rawPassEnabled=0 finalPassEnabled=1 annotationOverlayEnabled=0 readbackMode=EveryFrame readbackEveryN=1 copyRamAttached=1 copyRamMode=RTM_copy_ram quietPerfMode=1 bboxFastMode=cached_aabb_8corners processRealSceneMs=0.232 targetMappingMs=0.134 cameraControlMs=0.015 stage4Stage5UpdateMs=3.187 shaderInputApplyMs=0.000 readbackMs=1.977 frameCopyMs=0.681 jpegMs=8.745 annotationMs=0.003 annotationBBoxMs=0.000 annotationOcclusionMs=0.000 annotationJsonMs=0.000 annotationTargets=5 bboxUpdateCount=617 bboxReuseCount=3083 occlusionUpdateCount=308 occlusionReuseCount=3392 targetUpdateCullInvisible=1 targetUpdateTotal=10 targetUpdateVisible=5 targetUpdateSkippedBeyondFar=0 targetUpdateSkippedShaderApply=0
[Perf] mode=sync videoFpsTarget=60.000 udpFps=0.000 renderFps=0.000 outputFps=0.000 sceneUpdateMs=0.000 annotationMs=0.000 irUpdateMs=0.000 irEnvBuildMs=0.000 stage7SkyGroundMs=0.000 platformRadianceMs=0.000 targetRadianceMs=0.000 stage4HotspotMs=0.000 stage5PlumeMs=0.000 stage5RadianceComponentMs=0.000 stage5AeroThermalMs=0.000 stage5ModtranLookupMs=0.000 shaderInputApplyMs=0.000 shaderInputApplyScope=exclusive stage7SkyGroundScope=inclusive stage4HotspotScope=inclusive shaderInputSetCount=0 shaderInputSkipCount=0 shaderInputCacheHitRate=0.000 stage5ModtranCacheHitCount=0 stage5ModtranCacheMissCount=0 stage7FullUpdateCount=0 stage7PositionOnlyCount=0 stage7SkipCount=0 stage4UpdateCount=0 stage4SkipCount=0 plumeUpdateMs=0.000 renderMs=0.000 stage6MtfBlurMs=0.000 stage6MtfBlurScope=render_pass_upper_bound mtfBlurEnabled=0 mtfBlurSigmaPixels=0.650 mtfBlurRadiusPixels=2 stage6DetectorNoiseMs=0.000 stage6DetectorNoiseScope=render_pass_upper_bound detectorNoiseEnabled=0 temporalNoiseSigmaGray=0.005 fpnSigmaGray=0.003 columnNoiseSigmaGray=0.002 rowNoiseSigmaGray=0.001 badPixelRatio=0.000 noisePosition=BeforeAGC stage6AgcStatsMs=0.000 stage6AgcApplyMs=0.000 agcEnabled=0 agcMode=Percentile agcGain=1.000 agcOffset=0.000 agcLowInput=0.000 agcHighInput=1.000 agcSampleCount=0 readbackMs=0.000 resizeMs=0.000 frameCopyMs=0.000 jpegMs=0.000 tcpSendMs=0.000 tcpQueueDepth=0 tcpQueueDepthMax=0 inputQueueDepth=0 inputQueueDepthMax=0 sourceSeqLag=0 latencyAvgMs=0.000 latencyMaxMs=0.000 syncOverrunCount=3555 inputQueueOverflowCount=0 udpFrames=3716 renderFrames=3716 outputFrames=3700
[RenderPerfProbe] pandaDoFrameMs=12.875 renderPath=direct_final graphicsOutputCount=1 activeDisplayRegionCount=1 rawPassEnabled=0 finalPassEnabled=1 annotationOverlayEnabled=0 readbackMode=EveryFrame readbackEveryN=1 copyRamAttached=1 copyRamMode=RTM_copy_ram quietPerfMode=1 bboxFastMode=cached_aabb_8corners processRealSceneMs=0.232 targetMappingMs=0.134 cameraControlMs=0.015 stage4Stage5UpdateMs=3.187 shaderInputApplyMs=0.000 readbackMs=1.977 frameCopyMs=0.681 jpegMs=8.745 annotationMs=0.003 annotationBBoxMs=0.000 annotationOcclusionMs=0.000 annotationJsonMs=0.000 annotationTargets=5 bboxUpdateCount=617 bboxReuseCount=3083 occlusionUpdateCount=308 occlusionReuseCount=3392 targetUpdateCullInvisible=1 targetUpdateTotal=10 targetUpdateVisible=5 targetUpdateSkippedBeyondFar=0 targetUpdateSkippedShaderApply=0
[Perf] mode=sync videoFpsTarget=60.000 udpFps=0.000 renderFps=0.000 outputFps=0.000 sceneUpdateMs=0.000 annotationMs=0.000 irUpdateMs=0.000 irEnvBuildMs=0.000 stage7SkyGroundMs=0.000 platformRadianceMs=0.000 targetRadianceMs=0.000 stage4HotspotMs=0.000 stage5PlumeMs=0.000 stage5RadianceComponentMs=0.000 stage5AeroThermalMs=0.000 stage5ModtranLookupMs=0.000 shaderInputApplyMs=0.000 shaderInputApplyScope=exclusive stage7SkyGroundScope=inclusive stage4HotspotScope=inclusive shaderInputSetCount=0 shaderInputSkipCount=0 shaderInputCacheHitRate=0.000 stage5ModtranCacheHitCount=0 stage5ModtranCacheMissCount=0 stage7FullUpdateCount=0 stage7PositionOnlyCount=0 stage7SkipCount=0 stage4UpdateCount=0 stage4SkipCount=0 plumeUpdateMs=0.000 renderMs=0.000 stage6MtfBlurMs=0.000 stage6MtfBlurScope=render_pass_upper_bound mtfBlurEnabled=0 mtfBlurSigmaPixels=0.650 mtfBlurRadiusPixels=2 stage6DetectorNoiseMs=0.000 stage6DetectorNoiseScope=render_pass_upper_bound detectorNoiseEnabled=0 temporalNoiseSigmaGray=0.005 fpnSigmaGray=0.003 columnNoiseSigmaGray=0.002 rowNoiseSigmaGray=0.001 badPixelRatio=0.000 noisePosition=BeforeAGC stage6AgcStatsMs=0.000 stage6AgcApplyMs=0.000 agcEnabled=0 agcMode=Percentile agcGain=1.000 agcOffset=0.000 agcLowInput=0.000 agcHighInput=1.000 agcSampleCount=0 readbackMs=0.000 resizeMs=0.000 frameCopyMs=0.000 jpegMs=0.000 tcpSendMs=0.000 tcpQueueDepth=0 tcpQueueDepthMax=0 inputQueueDepth=0 inputQueueDepthMax=0 sourceSeqLag=0 latencyAvgMs=0.000 latencyMaxMs=0.000 syncOverrunCount=3555 inputQueueOverflowCount=0 udpFrames=3716 renderFrames=3716 outputFrames=3700
[RenderPerfProbe] pandaDoFrameMs=12.522 renderPath=direct_final graphicsOutputCount=1 activeDisplayRegionCount=1 rawPassEnabled=0 finalPassEnabled=1 annotationOverlayEnabled=0 readbackMode=EveryFrame readbackEveryN=1 copyRamAttached=1 copyRamMode=RTM_copy_ram quietPerfMode=1 bboxFastMode=cached_aabb_8corners processRealSceneMs=0.232 targetMappingMs=0.134 cameraControlMs=0.015 stage4Stage5UpdateMs=3.187 shaderInputApplyMs=0.000 readbackMs=1.977 frameCopyMs=0.681 jpegMs=8.745 annotationMs=0.003 annotationBBoxMs=0.000 annotationOcclusionMs=0.000 annotationJsonMs=0.000 annotationTargets=5 bboxUpdateCount=617 bboxReuseCount=3083 occlusionUpdateCount=308 occlusionReuseCount=3392 targetUpdateCullInvisible=1 targetUpdateTotal=10 targetUpdateVisible=5 targetUpdateSkippedBeyondFar=0 targetUpdateSkippedShaderApply=0
[Perf] mode=sync videoFpsTarget=60.000 udpFps=0.000 renderFps=0.000 outputFps=0.000 sceneUpdateMs=0.000 annotationMs=0.000 irUpdateMs=0.000 irEnvBuildMs=0.000 stage7SkyGroundMs=0.000 platformRadianceMs=0.000 targetRadianceMs=0.000 stage4HotspotMs=0.000 stage5PlumeMs=0.000 stage5RadianceComponentMs=0.000 stage5AeroThermalMs=0.000 stage5ModtranLookupMs=0.000 shaderInputApplyMs=0.000 shaderInputApplyScope=exclusive stage7SkyGroundScope=inclusive stage4HotspotScope=inclusive shaderInputSetCount=0 shaderInputSkipCount=0 shaderInputCacheHitRate=0.000 stage5ModtranCacheHitCount=0 stage5ModtranCacheMissCount=0 stage7FullUpdateCount=0 stage7PositionOnlyCount=0 stage7SkipCount=0 stage4UpdateCount=0 stage4SkipCount=0 plumeUpdateMs=0.000 renderMs=0.000 stage6MtfBlurMs=0.000 stage6MtfBlurScope=render_pass_upper_bound mtfBlurEnabled=0 mtfBlurSigmaPixels=0.650 mtfBlurRadiusPixels=2 stage6DetectorNoiseMs=0.000 stage6DetectorNoiseScope=render_pass_upper_bound detectorNoiseEnabled=0 temporalNoiseSigmaGray=0.005 fpnSigmaGray=0.003 columnNoiseSigmaGray=0.002 rowNoiseSigmaGray=0.001 badPixelRatio=0.000 noisePosition=BeforeAGC stage6AgcStatsMs=0.000 stage6AgcApplyMs=0.000 agcEnabled=0 agcMode=Percentile agcGain=1.000 agcOffset=0.000 agcLowInput=0.000 agcHighInput=1.000 agcSampleCount=0 readbackMs=0.000 resizeMs=0.000 frameCopyMs=0.000 jpegMs=0.000 tcpSendMs=0.000 tcpQueueDepth=0 tcpQueueDepthMax=0 inputQueueDepth=0 inputQueueDepthMax=0 sourceSeqLag=0 latencyAvgMs=0.000 latencyMaxMs=0.000 syncOverrunCount=3555 inputQueueOverflowCount=0 udpFrames=3716 renderFrames=3716 outputFrames=3700
[RenderPerfProbe] pandaDoFrameMs=12.551 renderPath=direct_final graphicsOutputCount=1 activeDisplayRegionCount=1 rawPassEnabled=0 finalPassEnabled=1 annotationOverlayEnabled=0 readbackMode=EveryFrame readbackEveryN=1 copyRamAttached=1 copyRamMode=RTM_copy_ram quietPerfMode=1 bboxFastMode=cached_aabb_8corners processRealSceneMs=0.232 targetMappingMs=0.134 cameraControlMs=0.015 stage4Stage5UpdateMs=3.187 shaderInputApplyMs=0.000 readbackMs=1.977 frameCopyMs=0.681 jpegMs=8.745 annotationMs=0.003 annotationBBoxMs=0.000 annotationOcclusionMs=0.000 annotationJsonMs=0.000 annotationTargets=5 bboxUpdateCount=617 bboxReuseCount=3083 occlusionUpdateCount=308 occlusionReuseCount=3392 targetUpdateCullInvisible=1 targetUpdateTotal=10 targetUpdateVisible=5 targetUpdateSkippedBeyondFar=0 targetUpdateSkippedShaderApply=0
[RenderPerfProbe] pandaDoFrameMs=12.757 renderPath=direct_final graphicsOutputCount=1 activeDisplayRegionCount=1 rawPassEnabled=0 finalPassEnabled=1 annotationOverlayEnabled=0 readbackMode=EveryFrame readbackEveryN=1 copyRamAttached=1 copyRamMode=RTM_copy_ram quietPerfMode=1 bboxFastMode=cached_aabb_8corners processRealSceneMs=0.232 targetMappingMs=0.134 cameraControlMs=0.015 stage4Stage5UpdateMs=3.187 shaderInputApplyMs=0.000 readbackMs=1.977 frameCopyMs=0.681 jpegMs=8.745 annotationMs=0.003 annotationBBoxMs=0.000 annotationOcclusionMs=0.000 annotationJsonMs=0.000 annotationTargets=5 bboxUpdateCount=617 bboxReuseCount=3083 occlusionUpdateCount=308 occlusionReuseCount=3392 targetUpdateCullInvisible=1 targetUpdateTotal=10 targetUpdateVisible=5 targetUpdateSkippedBeyondFar=0 targetUpdateSkippedShaderApply=0
[Perf] mode=sync videoFpsTarget=60.000 udpFps=0.000 renderFps=0.000 outputFps=0.000 sceneUpdateMs=0.000 annotationMs=0.000 irUpdateMs=0.000 irEnvBuildMs=0.000 stage7SkyGroundMs=0.000 platformRadianceMs=0.000 targetRadianceMs=0.000 stage4HotspotMs=0.000 stage5PlumeMs=0.000 stage5RadianceComponentMs=0.000 stage5AeroThermalMs=0.000 stage5ModtranLookupMs=0.000 shaderInputApplyMs=0.000 shaderInputApplyScope=exclusive stage7SkyGroundScope=inclusive stage4HotspotScope=inclusive shaderInputSetCount=0 shaderInputSkipCount=0 shaderInputCacheHitRate=0.000 stage5ModtranCacheHitCount=0 stage5ModtranCacheMissCount=0 stage7FullUpdateCount=0 stage7PositionOnlyCount=0 stage7SkipCount=0 stage4UpdateCount=0 stage4SkipCount=0 plumeUpdateMs=0.000 renderMs=0.000 stage6MtfBlurMs=0.000 stage6MtfBlurScope=render_pass_upper_bound mtfBlurEnabled=0 mtfBlurSigmaPixels=0.650 mtfBlurRadiusPixels=2 stage6DetectorNoiseMs=0.000 stage6DetectorNoiseScope=render_pass_upper_bound detectorNoiseEnabled=0 temporalNoiseSigmaGray=0.005 fpnSigmaGray=0.003 columnNoiseSigmaGray=0.002 rowNoiseSigmaGray=0.001 badPixelRatio=0.000 noisePosition=BeforeAGC stage6AgcStatsMs=0.000 stage6AgcApplyMs=0.000 agcEnabled=0 agcMode=Percentile agcGain=1.000 agcOffset=0.000 agcLowInput=0.000 agcHighInput=1.000 agcSampleCount=0 readbackMs=0.000 resizeMs=0.000 frameCopyMs=0.000 jpegMs=0.000 tcpSendMs=0.000 tcpQueueDepth=0 tcpQueueDepthMax=0 inputQueueDepth=0 inputQueueDepthMax=0 sourceSeqLag=0 latencyAvgMs=0.000 latencyMaxMs=0.000 syncOverrunCount=3555 inputQueueOverflowCount=0 udpFrames=3716 renderFrames=3716 outputFrames=3700
[RenderPerfProbe] pandaDoFrameMs=12.436 renderPath=direct_final graphicsOutputCount=1 activeDisplayRegionCount=1 rawPassEnabled=0 finalPassEnabled=1 annotationOverlayEnabled=0 readbackMode=EveryFrame readbackEveryN=1 copyRamAttached=1 copyRamMode=RTM_copy_ram quietPerfMode=1 bboxFastMode=cached_aabb_8corners processRealSceneMs=0.232 targetMappingMs=0.134 cameraControlMs=0.015 stage4Stage5UpdateMs=3.187 shaderInputApplyMs=0.000 readbackMs=1.977 frameCopyMs=0.681 jpegMs=8.745 annotationMs=0.003 annotationBBoxMs=0.000 annotationOcclusionMs=0.000 annotationJsonMs=0.000 annotationTargets=5 bboxUpdateCount=617 bboxReuseCount=3083 occlusionUpdateCount=308 occlusionReuseCount=3392 targetUpdateCullInvisible=1 targetUpdateTotal=10 targetUpdateVisible=5 targetUpdateSkippedBeyondFar=0 targetUpdateSkippedShaderApply=0
[Perf] mode=sync videoFpsTarget=60.000 udpFps=0.000 renderFps=0.000 outputFps=0.000 sceneUpdateMs=0.000 annotationMs=0.000 irUpdateMs=0.000 irEnvBuildMs=0.000 stage7SkyGroundMs=0.000 platformRadianceMs=0.000 targetRadianceMs=0.000 stage4HotspotMs=0.000 stage5PlumeMs=0.000 stage5RadianceComponentMs=0.000 stage5AeroThermalMs=0.000 stage5ModtranLookupMs=0.000 shaderInputApplyMs=0.000 shaderInputApplyScope=exclusive stage7SkyGroundScope=inclusive stage4HotspotScope=inclusive shaderInputSetCount=0 shaderInputSkipCount=0 shaderInputCacheHitRate=0.000 stage5ModtranCacheHitCount=0 stage5ModtranCacheMissCount=0 stage7FullUpdateCount=0 stage7PositionOnlyCount=0 stage7SkipCount=0 stage4UpdateCount=0 stage4SkipCount=0 plumeUpdateMs=0.000 renderMs=0.000 stage6MtfBlurMs=0.000 stage6MtfBlurScope=render_pass_upper_bound mtfBlurEnabled=0 mtfBlurSigmaPixels=0.650 mtfBlurRadiusPixels=2 stage6DetectorNoiseMs=0.000 stage6DetectorNoiseScope=render_pass_upper_bound detectorNoiseEnabled=0 temporalNoiseSigmaGray=0.005 fpnSigmaGray=0.003 columnNoiseSigmaGray=0.002 rowNoiseSigmaGray=0.001 badPixelRatio=0.000 noisePosition=BeforeAGC stage6AgcStatsMs=0.000 stage6AgcApplyMs=0.000 agcEnabled=0 agcMode=Percentile agcGain=1.000 agcOffset=0.000 agcLowInput=0.000 agcHighInput=1.000 agcSampleCount=0 readbackMs=0.000 resizeMs=0.000 frameCopyMs=0.000 jpegMs=0.000 tcpSendMs=0.000 tcpQueueDepth=0 tcpQueueDepthMax=0 inputQueueDepth=0 inputQueueDepthMax=0 sourceSeqLag=0 latencyAvgMs=0.000 latencyMaxMs=0.000 syncOverrunCount=3555 inputQueueOverflowCount=0 udpFrames=3716 renderFrames=3716 outputFrames=3700
[RenderPerfProbe] pandaDoFrameMs=12.557 renderPath=direct_final graphicsOutputCount=1 activeDisplayRegionCount=1 rawPassEnabled=0 finalPassEnabled=1 annotationOverlayEnabled=0 readbackMode=EveryFrame readbackEveryN=1 copyRamAttached=1 copyRamMode=RTM_copy_ram quietPerfMode=1 bboxFastMode=cached_aabb_8corners processRealSceneMs=0.232 targetMappingMs=0.134 cameraControlMs=0.015 stage4Stage5UpdateMs=3.187 shaderInputApplyMs=0.000 readbackMs=1.977 frameCopyMs=0.681 jpegMs=8.745 annotationMs=0.003 annotationBBoxMs=0.000 annotationOcclusionMs=0.000 annotationJsonMs=0.000 annotationTargets=5 bboxUpdateCount=617 bboxReuseCount=3083 occlusionUpdateCount=308 occlusionReuseCount=3392 targetUpdateCullInvisible=1 targetUpdateTotal=10 targetUpdateVisible=5 targetUpdateSkippedBeyondFar=0 targetUpdateSkippedShaderApply=0
