# 3ds Max Wavefront OBJ Exporter v0.97b - (c)2007 guruware
# ´´½¨µÄÎÄ¼ş:08.09.2026 10:18:52

mtllib AIM120.obj.portable.b3b9820f844f3f5e-7a3e42073c0e7317.mtl

#
# object AIM120
#

v  0.0000 1.8221 -0.0000
v  -0.0324 1.7564 0.0134
v  -0.0292 1.7564 0.0195
v  -0.0248 1.7564 0.0248
v  -0.0110 1.6992 -0.0553
v  -0.0068 1.7564 -0.0345
v  0.0000 1.7564 -0.0351
v  0.0000 1.6992 -0.0564
v  0.0000 1.6992 0.0564
v  0.0000 1.7564 0.0351
v  -0.0068 1.7564 0.0345
v  -0.0110 1.6992 0.0553
v  0.0324 1.7564 0.0134
v  0.0521 1.6992 0.0216
v  0.0553 1.6992 0.0110
v  0.0345 1.7564 0.0068
v  0.0195 1.7564 -0.0292
v  0.0313 1.6992 -0.0469
v  0.0216 1.6992 -0.0521
v  0.0134 1.7564 -0.0324
v  -0.0469 1.6992 -0.0313
v  -0.0292 1.7564 -0.0195
v  -0.0248 1.7564 -0.0248
v  -0.0399 1.6992 -0.0399
v  -0.0313 1.6992 0.0469
v  -0.0195 1.7564 0.0292
v  -0.0399 1.6992 0.0399
v  -0.0134 1.7564 -0.0324
v  -0.0216 1.6992 -0.0521
v  -0.0313 1.6992 -0.0469
v  -0.0195 1.7564 -0.0292
v  0.0345 1.7564 -0.0068
v  0.0553 1.6992 -0.0110
v  0.0521 1.6992 -0.0216
v  0.0324 1.7564 -0.0134
v  0.0351 1.7564 -0.0000
v  0.0564 1.6992 -0.0000
v  0.0000 1.6093 0.0793
v  0.0155 1.6093 0.0778
v  0.0110 1.6992 0.0553
v  0.0304 1.6093 0.0733
v  0.0216 1.6992 0.0521
v  -0.0324 1.7564 -0.0134
v  0.0248 1.7564 -0.0248
v  -0.1018 0.0571 0.0713
v  -0.0973 0.0419 0.0758
v  -0.0973 0.0725 0.0758
v  -0.1007 0.0655 0.0725
v  -0.0973 1.5130 -0.0000
v  -0.0793 1.6093 -0.0000
v  -0.0778 1.6093 -0.0155
v  -0.0954 1.5130 -0.0190
v  0.0733 1.6093 0.0304
v  0.0899 1.5130 0.0372
v  0.0954 1.5130 0.0190
v  0.0778 1.6093 0.0155
v  -0.0733 1.6093 -0.0304
v  -0.0521 1.6992 -0.0216
v  -0.0660 1.6093 -0.0441
v  -0.0210 1.4134 -0.1057
v  -0.0190 1.5130 -0.0954
v  0.0000 1.5130 -0.0973
v  0.0000 1.4134 -0.1078
v  -0.0372 1.5130 0.0899
v  -0.0412 1.4134 0.0995
v  -0.0210 1.4134 0.1057
v  -0.0190 1.5130 0.0954
v  0.1049 1.3025 0.0435
v  0.0995 1.4134 0.0412
v  0.0896 1.4134 0.0599
v  0.0944 1.3025 0.0631
v  -0.0995 1.4134 0.0412
v  -0.1049 1.3025 0.0435
v  -0.0944 1.3025 0.0631
v  -0.0896 1.4134 0.0599
v  0.0540 1.5130 0.0809
v  0.0441 1.6093 0.0660
v  0.0372 1.5130 0.0899
v  0.0809 1.5130 0.0540
v  0.0660 1.6093 0.0441
v  0.0561 1.6093 0.0561
v  0.0688 1.5130 0.0688
v  0.0399 1.6992 0.0399
v  0.0469 1.6992 0.0313
v  0.0399 1.6992 -0.0399
v  0.0561 1.6093 -0.0561
v  0.0441 1.6093 -0.0660
v  -0.0809 1.5130 -0.0540
v  -0.0896 1.4134 -0.0599
v  -0.0995 1.4134 -0.0412
v  -0.0899 1.5130 -0.0372
v  0.0762 1.4134 0.0762
v  -0.0762 1.4134 -0.0762
v  -0.0803 1.3025 -0.0803
v  -0.0944 1.3025 -0.0631
v  -0.0965 0.0356 0.0965
v  -0.0907 0.0771 0.1023
v  -0.0965 0.0787 0.0965
v  -0.1023 0.0372 0.0907
v  0.0540 1.5130 -0.0809
v  0.0688 1.5130 -0.0688
v  0.0313 1.6992 0.0469
v  -0.0553 1.6992 -0.0110
v  -0.0809 1.5130 0.0540
v  -0.0762 1.4134 0.0762
v  -0.0688 1.5130 0.0688
v  -0.0899 1.5130 0.0372
v  -0.1049 1.3025 -0.0435
v  0.0803 1.3025 0.0803
v  -0.0155 1.6093 0.0778
v  -0.0304 1.6093 0.0733
v  0.0000 1.6093 -0.0793
v  0.0155 1.6093 -0.0778
v  0.0190 1.5130 -0.0954
v  0.0469 1.6992 -0.0313
v  0.0660 1.6093 -0.0441
v  -0.1057 1.4134 -0.0210
v  0.0210 1.4134 0.1057
v  0.0222 1.3025 0.1114
v  0.0435 1.3025 0.1049
v  0.0412 1.4134 0.0995
v  -0.1077 1.4134 -0.0000
v  -0.1136 1.3025 -0.0000
v  -0.1114 1.3025 0.0222
v  -0.1057 1.4134 0.0210
v  -0.0599 1.4134 0.0896
v  -0.0540 1.5130 0.0809
v  0.0000 1.5130 0.0973
v  0.0000 1.4134 0.1077
v  0.0190 1.5130 0.0954
v  0.0631 1.3025 0.0944
v  0.0599 1.4134 0.0896
v  -0.0954 1.5130 0.0190
v  -0.0733 1.6093 0.0304
v  -0.0778 1.6093 0.0155
v  -0.0216 1.6992 0.0521
v  0.0292 1.7564 -0.0195
v  0.0733 1.6093 -0.0304
v  -0.0155 1.6093 -0.0778
v  0.0248 1.7564 0.0248
v  0.0292 1.7564 0.0195
v  -0.0469 1.6992 0.0313
v  -0.0521 1.6992 0.0216
v  -0.0134 1.7564 0.0324
v  -0.0564 1.6992 -0.0000
v  -0.0351 1.7564 -0.0000
v  -0.0345 1.7564 -0.0068
v  -0.0553 1.6992 0.0110
v  -0.0345 1.7564 0.0068
v  0.0110 1.6992 -0.0553
v  0.0068 1.7564 -0.0345
v  0.0068 1.7564 0.0345
v  0.0134 1.7564 0.0324
v  0.0793 1.6093 -0.0000
v  0.0778 1.6093 -0.0155
v  -0.0304 1.6093 -0.0733
v  -0.0441 1.6093 0.0660
v  -0.0561 1.6093 0.0561
v  0.0304 1.6093 -0.0733
v  -0.0561 1.6093 -0.0561
v  -0.0441 1.6093 -0.0660
v  0.0809 1.5130 -0.0540
v  0.0899 1.5130 -0.0372
v  -0.0688 1.5130 -0.0688
v  -0.0540 1.5130 -0.0809
v  -0.0859 -1.5225 -0.0381
v  -0.1010 -1.5223 -0.0532
v  -0.0962 -1.7424 -0.0484
v  -0.0859 -1.7424 -0.0381
v  0.0372 1.5130 -0.0899
v  -0.0372 1.5130 -0.0899
v  -0.0660 1.6093 0.0441
v  0.0954 1.5130 -0.0190
v  0.0973 1.5130 -0.0000
v  0.0195 1.7564 0.0292
v  0.0848 -1.7424 0.0728
v  0.0836 -1.7839 0.0836
v  0.0685 -1.7839 0.0685
v  0.0745 -1.7424 0.0626
v  0.0000 1.3025 -0.1136
v  0.0210 1.4134 -0.1057
v  0.0222 1.3025 -0.1114
v  0.0412 1.4134 -0.0995
v  0.0599 1.4134 -0.0896
v  0.0435 1.3025 -0.1049
v  0.0631 1.3025 -0.0944
v  0.0762 1.4134 -0.0762
v  0.0803 1.3025 -0.0803
v  0.0896 1.4134 -0.0599
v  0.0944 1.3025 -0.0631
v  -0.0222 1.3025 -0.1114
v  0.1049 1.3025 -0.0435
v  0.0995 1.4134 -0.0412
v  0.1057 1.4134 -0.0210
v  0.1114 1.3025 -0.0222
v  0.0000 1.3025 0.1136
v  0.1077 1.4134 -0.0000
v  0.1057 1.4134 0.0210
v  -0.0222 1.3025 0.1114
v  -0.0435 1.3025 0.1049
v  -0.0435 1.3025 -0.1049
v  -0.0412 1.4134 -0.0995
v  -0.0599 1.4134 -0.0896
v  -0.0631 1.3025 -0.0944
v  -0.1114 1.3025 -0.0222
v  -0.0803 1.3025 0.0803
v  0.1136 1.3025 -0.0000
v  0.1114 1.3025 0.0222
v  -0.0631 1.3025 0.0944
v  0.0728 -1.7424 0.0848
v  0.0776 -1.5223 0.0896
v  0.0532 -1.5223 0.1010
v  0.0484 -1.7424 0.0962
v  -0.1758 -1.5127 0.1758
v  -0.1758 -1.6028 0.1758
v  -0.1740 -1.6028 0.1776
v  -0.0631 1.1818 -0.0944
v  -0.0803 1.1818 -0.0803
v  -0.1758 -1.7424 0.1758
v  -0.1758 -1.7839 0.1758
v  -0.1740 -1.7424 0.1776
v  -0.1776 -1.6028 0.1740
v  0.1776 -1.6028 0.1740
v  0.1758 -1.6028 0.1758
v  0.1758 -1.7424 0.1758
v  0.1776 -1.7424 0.1740
v  -0.1776 -1.7424 0.1740
v  -0.0685 -1.7839 0.0685
v  -0.0685 -1.7424 0.0685
v  -0.0626 -1.7424 0.0745
v  -0.0745 -1.7424 0.0626
v  0.1758 -1.5127 0.1758
v  -0.1023 0.0771 -0.0907
v  -0.0924 0.0771 -0.0807
v  -0.0866 0.0787 -0.0866
v  -0.0965 0.0787 -0.0965
v  0.1758 -1.7839 0.1758
v  0.1740 -1.6028 0.1776
v  0.0803 -0.1604 0.0803
v  0.0803 -1.4198 0.0803
v  0.0944 -1.4198 0.0631
v  0.0944 -0.1604 0.0631
v  0.1740 -1.7424 0.1776
v  0.0685 -1.7424 0.0685
v  0.0626 -1.7424 0.0745
v  -0.1758 -1.5127 -0.1758
v  -0.1758 -1.6028 -0.1758
v  -0.1776 -1.6028 -0.1740
v  -0.0835 -1.7582 0.0166
v  -0.0835 -1.6641 0.0166
v  -0.0786 -1.6641 0.0326
v  -0.0786 -1.7582 0.0326
v  -0.1758 -1.7424 -0.1758
v  -0.1758 -1.7839 -0.1758
v  -0.1776 -1.7424 -0.1740
v  -0.1740 -1.6028 -0.1776
v  0.1740 -1.6028 -0.1776
v  0.1758 -1.6028 -0.1758
v  0.1758 -1.7424 -0.1758
v  0.1740 -1.7424 -0.1776
v  -0.1740 -1.7424 -0.1776
v  -0.0685 -1.7839 -0.0685
v  -0.0685 -1.7424 -0.0685
v  -0.0745 -1.7424 -0.0626
v  -0.0626 -1.7424 -0.0745
v  0.1758 -1.5127 -0.1758
v  -0.0803 -0.1604 0.0803
v  -0.0803 0.2383 0.0803
v  -0.0944 0.2383 0.0631
v  -0.0944 -0.1604 0.0631
v  0.1758 -1.7839 -0.1758
v  0.1776 -1.6028 -0.1740
v  0.0231 -1.1136 0.1203
v  0.0231 -1.1136 0.0741
v  0.0231 -1.0674 0.0741
v  0.0231 -1.0674 0.1203
v  0.1776 -1.7424 -0.1740
v  0.0685 -1.7839 -0.0685
v  0.0685 -1.7424 -0.0685
v  0.0626 -1.7424 -0.0745
v  0.0745 -1.7424 -0.0626
v  0.0222 -0.1604 -0.1114
v  0.0222 -1.4198 -0.1114
v  0.0000 -1.4198 -0.1136
v  0.0000 -0.1604 -0.1136
v  -0.0231 -1.1136 0.1203
v  -0.0231 -1.1136 0.0741
v  -0.0786 -1.7582 -0.0326
v  -0.0786 -1.6641 -0.0326
v  -0.0835 -1.6641 -0.0166
v  -0.0835 -1.7582 -0.0166
v  -0.0231 -1.0674 0.0741
v  -0.0231 -1.0674 0.1203
v  -0.0170 -1.0597 0.1203
v  -0.0170 -1.0597 0.0741
v  -0.1073 0.0725 -0.0857
v  -0.0857 0.0725 -0.1073
v  -0.0857 0.0419 -0.1073
v  -0.1073 0.0419 -0.0857
v  0.0170 -1.0597 0.1203
v  0.0170 -0.3268 0.1203
v  -0.0170 -0.3268 0.1203
v  0.2122 0.0179 -0.2122
v  0.2078 -0.0621 -0.2165
v  0.0729 0.0603 -0.0922
v  0.0826 0.2462 -0.0826
v  0.0170 -1.0597 0.0741
v  0.0170 -0.3268 0.0741
v  0.1049 -0.1604 0.0435
v  0.1049 -1.4198 0.0435
v  0.1114 -1.4198 0.0222
v  0.1114 -0.1604 0.0222
v  -0.0170 -0.3231 0.1293
v  -0.0170 -0.3268 0.1293
v  0.0170 -0.3268 0.1293
v  0.0170 -0.3231 0.1293
v  0.0166 -1.7582 -0.0835
v  0.0166 -1.6641 -0.0835
v  0.0000 -1.6641 -0.0851
v  0.0000 -1.7582 -0.0851
v  -0.0864 -1.7798 0.0577
v  -0.0864 -1.8221 0.0577
v  -0.0735 -1.8221 0.0735
v  -0.0735 -1.7798 0.0735
v  0.0166 -1.8221 -0.0835
v  0.0000 -1.8221 -0.0851
v  -0.0170 -0.2776 0.1112
v  -0.0170 -0.2776 0.1022
v  -0.0170 -0.3231 0.1203
v  -0.0170 -0.3231 0.0741
v  -0.0170 -0.2776 0.0559
v  -0.0851 -1.7582 -0.0000
v  -0.0851 -1.6641 -0.0000
v  0.0170 -0.3231 0.1203
v  0.0170 -0.2776 0.1022
v  0.0170 -0.2776 0.1112
v  0.0326 -1.7582 -0.0786
v  0.0326 -1.6641 -0.0786
v  0.0170 -0.2776 0.0559
v  0.1023 0.0372 0.0907
v  0.1073 0.0419 0.0857
v  0.1023 0.0771 0.0907
v  0.0965 0.0787 0.0965
v  0.1049 1.1818 -0.0435
v  0.0944 1.1818 -0.0631
v  -0.0222 -0.1604 0.1114
v  -0.0222 0.2383 0.1114
v  -0.0435 0.2383 0.1049
v  -0.0435 -0.1604 0.1049
v  0.0000 0.2383 0.1136
v  0.0000 1.1818 0.1136
v  -0.0222 1.1818 0.1114
v  -0.0866 0.0356 -0.0866
v  -0.0924 0.0372 -0.0807
v  -0.1023 0.0372 -0.0907
v  -0.0965 0.0356 -0.0965
v  0.0835 -1.8221 -0.0166
v  0.0835 -1.7582 -0.0166
v  0.0786 -1.7582 -0.0326
v  0.0786 -1.8221 -0.0326
v  0.0708 -1.7582 -0.0473
v  0.0708 -1.6641 -0.0473
v  0.0602 -1.6641 -0.0602
v  0.0602 -1.7582 -0.0602
v  -0.0631 -0.1604 0.0944
v  -0.0631 0.2383 0.0944
v  -0.0203 -1.8221 -0.1019
v  -0.0203 -1.7798 -0.1019
v  0.0000 -1.7798 -0.1039
v  0.0000 -1.8221 -0.1039
v  0.0835 -1.8221 0.0166
v  0.0835 -1.7582 0.0166
v  0.0851 -1.7582 -0.0000
v  0.0851 -1.8221 -0.0000
v  -0.1136 -0.1604 -0.0000
v  -0.1136 0.2383 -0.0000
v  -0.1114 0.2383 -0.0222
v  -0.1114 -0.1604 -0.0222
v  -0.1049 0.2383 -0.0435
v  -0.1049 -0.1604 -0.0435
v  0.0708 -1.8221 0.0473
v  0.0708 -1.7582 0.0473
v  0.0786 -1.7582 0.0326
v  0.0786 -1.8221 0.0326
v  -0.1073 0.0419 0.0857
v  -0.1073 0.0725 0.0857
v  0.0631 0.2383 0.0944
v  0.0631 -0.1604 0.0944
v  0.0803 0.2383 0.0803
v  -0.0944 -1.4198 -0.0631
v  -0.0944 -0.1604 -0.0631
v  -0.0803 -0.1604 -0.0803
v  -0.0803 -1.4198 -0.0803
v  -0.0435 -0.1604 -0.1049
v  -0.0435 0.2383 -0.1049
v  -0.0222 0.2383 -0.1114
v  -0.0222 -0.1604 -0.1114
v  0.0000 0.2383 -0.1136
v  0.0473 -1.7582 0.0708
v  0.0473 -1.6641 0.0708
v  0.0602 -1.6641 0.0602
v  0.0602 -1.7582 0.0602
v  0.0222 1.1818 0.1114
v  0.0973 0.0725 -0.0758
v  0.0973 0.0419 -0.0758
v  0.1073 0.0419 -0.0857
v  0.1073 0.0725 -0.0857
v  0.0000 1.1818 -0.1136
v  -0.0222 1.1818 -0.1114
v  -0.0803 1.1818 0.0803
v  -0.0631 1.1818 0.0944
v  0.0326 -1.8221 0.0786
v  0.0326 -1.7582 0.0786
v  0.0473 -1.8221 0.0708
v  -0.0708 -1.7582 0.0473
v  -0.0708 -1.6641 0.0473
v  -0.0602 -1.6641 0.0602
v  -0.0602 -1.7582 0.0602
v  0.0803 0.2383 -0.0803
v  0.0803 1.1818 -0.0803
v  0.0944 0.2383 -0.0631
v  0.0864 -1.7798 -0.0577
v  0.0864 -1.8221 -0.0577
v  0.0735 -1.8221 -0.0735
v  0.0735 -1.7798 -0.0735
v  -0.1114 1.1818 -0.0222
v  -0.1136 1.1818 -0.0000
v  -0.1114 0.2383 0.0222
v  -0.1114 1.1818 0.0222
v  -0.0326 -1.7582 0.0786
v  -0.0326 -1.6641 0.0786
v  -0.0166 -1.6641 0.0835
v  -0.0166 -1.7582 0.0835
v  -0.0960 -1.7798 -0.0398
v  -0.0960 -1.8221 -0.0398
v  -0.1019 -1.8221 -0.0203
v  -0.1019 -1.7798 -0.0203
v  0.0803 -0.1604 -0.0803
v  0.0803 -1.4198 -0.0803
v  0.0631 -1.4198 -0.0944
v  0.0631 -0.1604 -0.0944
v  -0.0735 -1.7798 -0.0735
v  -0.0735 -1.8221 -0.0735
v  -0.0864 -1.8221 -0.0577
v  -0.0864 -1.7798 -0.0577
v  -0.0326 -1.8221 0.0786
v  -0.0166 -1.8221 0.0835
v  0.0000 -1.7582 0.0851
v  0.0000 -1.8221 0.0851
v  0.0000 -1.6641 0.0851
v  -0.0577 -1.7798 -0.0864
v  -0.0577 -1.8221 -0.0864
v  -0.0631 0.2383 -0.0944
v  -0.0803 0.2383 -0.0803
v  -0.0398 -1.7798 -0.0960
v  -0.0398 -1.8221 -0.0960
v  -0.0944 1.1818 0.0631
v  0.0835 -1.6641 -0.0166
v  0.0851 -1.6641 -0.0000
v  -0.0803 -1.4198 0.0803
v  -0.0944 -1.4198 0.0631
v  0.0602 -1.8221 0.0602
v  -0.0435 1.1818 -0.1049
v  -0.0435 1.1818 0.1049
v  -0.1039 -1.8221 -0.0000
v  -0.1039 -1.7798 -0.0000
v  0.0708 -1.6641 0.0473
v  0.0000 -0.1604 0.1136
v  0.0222 -0.1604 0.1114
v  0.0222 0.2383 0.1114
v  0.0435 -0.1604 0.1049
v  0.0435 0.2383 0.1049
v  0.0435 1.1818 0.1049
v  -0.1019 -1.8221 0.0203
v  -0.1019 -1.7798 0.0203
v  0.0758 0.0419 -0.0973
v  0.0758 0.0725 -0.0973
v  0.0857 0.0725 -0.1073
v  0.0857 0.0419 -0.1073
v  0.0326 -1.6641 0.0786
v  0.0803 1.1818 0.0803
v  0.0631 1.1818 0.0944
v  -0.0631 -0.1604 -0.0944
v  0.0944 0.2383 0.0631
v  0.0944 1.1818 0.0631
v  0.1049 0.2383 0.0435
v  0.1049 1.1818 0.0435
v  0.0631 1.1818 -0.0944
v  0.0203 -1.7798 -0.1019
v  0.0203 -1.8221 -0.1019
v  0.0786 -1.6641 -0.0326
v  0.0786 -1.6641 0.0326
v  0.0835 -1.6641 0.0166
v  0.1114 0.2383 0.0222
v  0.1136 -0.1604 -0.0000
v  0.1136 0.2383 -0.0000
v  -0.0473 -1.7582 0.0708
v  -0.0473 -1.6641 0.0708
v  0.1114 1.1818 0.0222
v  0.1136 1.1818 -0.0000
v  0.1114 -0.1604 -0.0222
v  0.1114 0.2383 -0.0222
v  -0.0222 -1.4198 -0.1114
v  0.1114 1.1818 -0.0222
v  0.0708 -1.8221 -0.0473
v  -0.0807 0.0771 0.0924
v  -0.0866 0.0787 0.0866
v  0.0602 -1.8221 -0.0602
v  -0.0708 -1.8221 0.0473
v  -0.0602 -1.8221 0.0602
v  0.0631 0.2383 -0.0944
v  -0.0619 0.0771 0.0502
v  -0.0924 0.0771 0.0807
v  -0.0561 0.0787 0.0561
v  0.0435 0.2383 -0.1049
v  0.0435 1.1818 -0.1049
v  0.0170 -0.3231 0.0741
v  0.0435 -0.1604 -0.1049
v  0.0222 0.2383 -0.1114
v  0.0222 1.1818 -0.1114
v  -0.0960 -1.8221 0.0398
v  -0.0960 -1.7798 0.0398
v  0.0473 -1.8221 -0.0708
v  0.0473 -1.7582 -0.0708
v  0.0326 -1.8221 -0.0786
v  -0.0708 -1.7582 -0.0473
v  -0.0708 -1.6641 -0.0473
v  0.0944 -0.1604 -0.0631
v  0.0944 -1.4198 -0.0631
v  -0.0631 -1.4198 0.0944
v  -0.1114 -1.4198 0.0222
v  -0.1114 -0.1604 0.0222
v  -0.1136 -1.4198 -0.0000
v  0.1136 -1.4198 -0.0000
v  0.1114 -1.4198 -0.0222
v  0.1049 -1.4198 -0.0435
v  0.1049 -0.1604 -0.0435
v  -0.0944 0.2383 -0.0631
v  -0.0944 1.1818 -0.0631
v  0.0577 -1.8221 -0.0864
v  0.0577 -1.7798 -0.0864
v  -0.0631 -1.4198 -0.0944
v  -0.0435 -1.4198 -0.1049
v  0.0702 0.0655 -0.0420
v  0.1007 0.0655 -0.0725
v  0.0669 0.0725 -0.0453
v  -0.0577 -1.7798 0.0864
v  -0.1049 -1.4198 -0.0435
v  -0.1114 -1.4198 -0.0222
v  0.0398 -1.7798 0.0960
v  0.0435 -1.4198 0.1049
v  0.0222 -1.4198 0.1114
v  0.0203 -1.7798 0.1019
v  0.0398 -1.7798 -0.0960
v  0.0435 -1.4198 -0.1049
v  0.1019 -1.7798 0.0203
v  0.0960 -1.7798 0.0398
v  0.1019 -1.7798 -0.0203
v  0.1039 -1.7798 -0.0000
v  0.0960 -1.7798 -0.0398
v  0.0864 -1.7798 0.0577
v  0.0735 -1.7798 0.0735
v  -0.0435 -1.4198 0.1049
v  -0.0398 -1.7798 0.0960
v  -0.0203 -1.7798 0.1019
v  -0.0222 -1.4198 0.1114
v  0.0000 -1.7798 0.1039
v  0.0000 -1.4198 0.1136
v  0.0866 0.0356 0.0866
v  0.0965 0.0356 0.0965
v  0.0907 0.0372 0.1023
v  0.0807 0.0372 0.0924
v  -0.1049 -1.4198 0.0435
v  -0.1049 -0.1604 0.0435
v  0.0631 -1.4198 0.0944
v  -0.0473 -1.6641 -0.0708
v  -0.0473 -1.7582 -0.0708
v  -0.0326 -1.7582 -0.0786
v  -0.0326 -1.6641 -0.0786
v  -0.1049 1.1818 0.0435
v  -0.0577 -1.8221 0.0864
v  -0.0170 -0.3268 0.0741
v  -0.0166 -1.7582 -0.0835
v  -0.0166 -1.8221 -0.0835
v  0.0577 -1.7798 0.0864
v  -0.0473 -1.8221 0.0708
v  0.0166 -1.7582 0.0835
v  0.0166 -1.6641 0.0835
v  -0.0166 -1.6641 -0.0835
v  -0.1049 1.1818 -0.0435
v  -0.0835 -1.8221 -0.0166
v  -0.0851 -1.8221 -0.0000
v  0.0000 -1.8221 0.1039
v  -0.0203 -1.8221 0.1019
v  0.0203 -1.8221 0.1019
v  -0.0602 -1.8221 -0.0602
v  -0.0602 -1.7582 -0.0602
v  -0.0708 -1.8221 -0.0473
v  0.0398 -1.8221 0.0960
v  0.0577 -1.8221 0.0864
v  -0.0473 -1.8221 -0.0708
v  -0.0326 -1.8221 -0.0786
v  0.0864 -1.8221 0.0577
v  0.0960 -1.8221 0.0398
v  0.1039 -1.8221 -0.0000
v  0.1019 -1.8221 -0.0203
v  0.0960 -1.8221 -0.0398
v  0.0735 -1.8221 0.0735
v  -0.0398 -1.8221 0.0960
v  0.1019 -1.8221 0.0203
v  -0.0835 -1.8221 0.0166
v  -0.0786 -1.8221 0.0326
v  0.0398 -1.8221 -0.0960
v  0.0166 -1.8221 0.0835
v  -0.0848 -1.7424 0.0728
v  -0.0836 -1.7839 0.0836
v  -0.0786 -1.8221 -0.0326
v  -0.0866 0.0356 0.0866
v  -0.0924 0.0372 0.0807
v  -0.0807 0.0372 0.0924
v  -0.0907 0.0372 0.1023
v  0.0907 0.0771 0.1023
v  0.0866 0.0787 0.0866
v  0.0807 0.0771 0.0924
v  -0.0561 0.0356 0.0561
v  -0.0619 0.0372 0.0502
v  -0.1023 0.0771 0.0907
v  -0.0758 0.0725 -0.0973
v  -0.0758 0.0419 -0.0973
v  -0.0973 0.0419 -0.0758
v  -0.0973 0.0725 -0.0758
v  0.1049 0.2383 -0.0435
v  -0.1049 0.2383 0.0435
v  -0.0758 0.0419 0.0973
v  -0.0758 0.0725 0.0973
v  -0.0857 0.0725 0.1073
v  -0.0857 0.0419 0.1073
v  0.0473 -1.6641 -0.0708
v  0.0758 0.0725 0.0973
v  0.0758 0.0419 0.0973
v  0.0857 0.0419 0.1073
v  0.0857 0.0725 0.1073
v  0.0973 0.0419 0.0758
v  0.0973 0.0725 0.0758
v  0.1073 0.0725 0.0857
v  -0.3102 -0.1106 -0.3064
v  -0.3083 -0.0741 -0.3083
v  -0.3064 -0.1106 -0.3102
v  -0.3083 -0.1472 -0.3083
v  -0.0729 0.0603 -0.0922
v  -0.0826 0.2462 -0.0826
v  -0.0922 0.0603 -0.0729
v  -0.0826 -0.1407 -0.0826
v  0.0729 0.0603 0.0922
v  0.2078 -0.0621 0.2165
v  0.2122 0.0179 0.2122
v  0.0826 0.2462 0.0826
v  0.2165 -0.0621 0.2078
v  0.2122 -0.1471 0.2122
v  0.0826 -0.1407 0.0826
v  0.0922 0.0603 0.0729
v  0.3102 -0.1106 0.3064
v  0.3083 -0.1472 0.3083
v  0.2165 -0.0621 -0.2078
v  0.3102 -0.1106 -0.3064
v  0.3083 -0.0741 -0.3083
v  -0.0484 -1.7424 -0.0962
v  -0.0381 -1.7424 -0.0859
v  -0.0728 -1.7424 -0.0848
v  -0.2165 -0.0621 -0.2078
v  -0.2122 0.0179 -0.2122
v  -0.0922 0.0603 0.0729
v  -0.2165 -0.0621 0.2078
v  -0.2122 0.0179 0.2122
v  -0.0826 0.2462 0.0826
v  0.0728 -1.7424 -0.0848
v  0.0836 -1.7839 -0.0836
v  -0.2122 -0.1471 -0.2122
v  -0.2078 -0.0621 -0.2165
v  -0.0776 -1.5223 -0.0896
v  -0.0836 -1.4323 -0.0836
v  -0.0745 -1.5225 -0.0626
v  -0.0685 -1.4191 -0.0685
v  -0.0896 -1.5223 -0.0776
v  0.0848 -1.7424 -0.0728
v  0.0626 -1.5225 -0.0745
v  0.0685 -1.4191 -0.0685
v  0.0836 -1.4323 -0.0836
v  0.0776 -1.5223 -0.0896
v  0.0896 -1.5223 -0.0776
v  0.0745 -1.5225 -0.0626
v  -0.0502 0.0372 0.0619
v  0.0561 0.0356 0.0561
v  0.0502 0.0372 0.0619
v  -0.0669 0.0725 -0.0453
v  -0.0619 0.0771 -0.0502
v  0.1007 0.0655 0.0725
v  0.0702 0.0655 0.0420
v  0.0669 0.0725 0.0453
v  -0.0725 0.0489 0.1007
v  -0.0420 0.0489 0.0702
v  -0.0408 0.0571 0.0713
v  -0.0713 0.0571 0.1018
v  -0.0420 0.0655 0.0702
v  -0.0725 0.0655 0.1007
v  -0.1018 0.0571 -0.0713
v  -0.0713 0.0571 -0.0408
v  -0.0702 0.0655 -0.0420
v  -0.1007 0.0655 -0.0725
v  -0.0619 0.0372 -0.0502
v  -0.0669 0.0419 -0.0453
v  0.0502 0.0771 0.0619
v  0.0561 0.0787 0.0561
v  -0.0561 0.0787 -0.0561
v  -0.0602 -1.6641 -0.0602
v  -0.0907 0.0372 -0.1023
v  -0.0807 0.0372 -0.0924
v  -0.0453 0.0725 0.0669
v  0.1007 0.0489 0.0725
v  0.0702 0.0489 0.0420
v  0.0713 0.0571 0.0408
v  0.1018 0.0571 0.0713
v  0.0669 0.0419 0.0453
v  -0.0561 0.0356 -0.0561
v  -0.0502 0.0372 -0.0619
v  0.0619 0.0372 -0.0502
v  0.0924 0.0372 -0.0807
v  0.0669 0.0419 -0.0453
v  0.0626 -1.5225 0.0745
v  0.0381 -1.5225 0.0859
v  0.1010 -1.5223 0.0532
v  0.0859 -1.5225 0.0381
v  0.0745 -1.5225 0.0626
v  0.0896 -1.5223 0.0776
v  -0.0859 -1.7424 0.0381
v  -0.0962 -1.7424 0.0484
v  -0.1010 -1.5223 0.0532
v  -0.0859 -1.5225 0.0381
v  0.0962 -1.7424 0.0484
v  0.0859 -1.7424 0.0381
v  0.0381 -1.7424 0.0859
v  -0.0532 -1.5223 -0.1010
v  -0.0626 -1.5225 -0.0745
v  -0.0381 -1.5225 -0.0859
v  0.3064 -0.1106 -0.3102
v  0.3083 -0.1472 -0.3083
v  0.0922 0.0603 -0.0729
v  0.0826 -0.1407 -0.0826
v  -0.3102 -0.1106 0.3064
v  -0.3083 -0.0741 0.3083
v  -0.2122 -0.1471 0.2122
v  -0.3083 -0.1472 0.3083
v  -0.0826 -0.1407 0.0826
v  0.2122 -0.1471 -0.2122
v  -0.0728 -1.7424 0.0848
v  -0.0836 -1.7839 -0.0836
v  -0.0848 -1.7424 -0.0728
v  -0.0896 -1.5223 0.0776
v  -0.0836 -1.4323 0.0836
v  0.0836 -1.4323 0.0836
v  0.0685 -1.4191 0.0685
v  -0.0776 -1.5223 0.0896
v  -0.0669 0.0419 0.0453
v  0.0453 0.0725 0.0669
v  0.0725 0.0655 -0.1007
v  0.0420 0.0655 -0.0702
v  0.0453 0.0725 -0.0669
v  -0.1007 0.0489 -0.0725
v  -0.0702 0.0489 -0.0420
v  0.0713 0.0571 -0.1018
v  0.0408 0.0571 -0.0713
v  0.0453 0.0419 -0.0669
v  0.0420 0.0489 -0.0702
v  0.0725 0.0489 -0.1007
v  0.0807 0.0771 -0.0924
v  0.0907 0.0771 -0.1023
v  -0.0907 0.0771 -0.1023
v  -0.0807 0.0771 -0.0924
v  0.0924 0.0372 0.0807
v  0.0866 0.0356 -0.0866
v  0.0807 0.0372 -0.0924
v  0.0907 0.0372 -0.1023
v  0.0965 0.0356 -0.0965
v  0.0924 0.0771 0.0807
v  -0.0453 0.0419 -0.0669
v  -0.1007 0.0489 0.0725
v  -0.0702 0.0489 0.0420
v  -0.0420 0.0489 -0.0702
v  -0.0725 0.0489 -0.1007
v  -0.0713 0.0571 -0.1018
v  -0.0408 0.0571 -0.0713
v  -0.0725 0.0655 -0.1007
v  -0.0420 0.0655 -0.0702
v  -0.0453 0.0725 -0.0669
v  -0.0502 0.0771 0.0619
v  -0.0502 0.0771 -0.0619
v  0.0532 -1.5223 -0.1010
v  0.0381 -1.5225 -0.0859
v  0.1010 -1.5223 -0.0532
v  0.0962 -1.7424 -0.0484
v  -0.0729 0.0603 0.0922
v  -0.2078 -0.0621 0.2165
v  0.3064 -0.1106 0.3102
v  0.3083 -0.0741 0.3083
v  -0.3064 -0.1106 0.3102
v  -0.0685 -1.4191 0.0685
v  -0.0745 -1.5225 0.0626
v  0.0561 0.0356 -0.0561
v  0.0619 0.0771 0.0502
v  -0.0453 0.0419 0.0669
v  0.0420 0.0489 0.0702
v  0.0725 0.0489 0.1007
v  0.0713 0.0571 0.1018
v  0.0408 0.0571 0.0713
v  -0.0702 0.0655 0.0420
v  -0.0669 0.0725 0.0453
v  0.0619 0.0372 0.0502
v  0.1023 0.0771 -0.0907
v  0.0965 0.0787 -0.0965
v  0.0866 0.0787 -0.0866
v  0.0924 0.0771 -0.0807
v  0.0453 0.0419 0.0669
v  0.0725 0.0655 0.1007
v  0.0420 0.0655 0.0702
v  0.0619 0.0771 -0.0502
v  0.0561 0.0787 -0.0561
v  0.0859 -1.7424 -0.0381
v  0.0484 -1.7424 -0.0962
v  0.0381 -1.7424 -0.0859
v  0.0859 -1.5225 -0.0381
v  -0.0484 -1.7424 0.0962
v  -0.0532 -1.5223 0.1010
v  -0.0626 -1.5225 0.0745
v  0.0502 0.0372 -0.0619
v  0.0502 0.0771 -0.0619
v  -0.0713 0.0571 0.0408
v  0.1023 0.0372 -0.0907
v  0.1007 0.0489 -0.0725
v  0.0702 0.0489 -0.0420
v  0.1018 0.0571 -0.0713
v  0.0713 0.0571 -0.0408
v  -0.0381 -1.7424 0.0859
v  -0.0381 -1.5225 0.0859
v  -0.0001 -1.6043 0.0003
v  -0.0001 -1.6042 0.0003
v  0.0000 -1.6043 0.0003
v  -0.0002 -1.6041 0.0003
v  -0.0002 -1.6042 0.0003
v  -0.0002 -1.6043 0.0003
v  -0.0001 -1.6044 0.0003
v  0.0000 -1.6044 0.0003
v  0.0000 -1.6042 0.0003
v  -0.0001 -1.6041 0.0003
v  -0.0002 -1.6044 0.0003
v  0.0000 -1.6045 0.0003
v  0.0001 -1.6043 0.0003
v  0.0001 -1.6042 0.0003
v  0.0000 -1.6041 0.0003
v  -0.0003 -1.6041 0.0003
v  -0.0003 -1.6042 0.0003
v  -0.0003 -1.6043 0.0003
v  -0.0003 -1.6044 0.0003
v  -0.0002 -1.6045 0.0003
v  -0.0001 -1.6045 0.0003
v  0.0001 -1.6045 0.0003
v  0.0001 -1.6044 0.0003
v  -0.0001 -1.6040 0.0003
v  0.0001 -1.6041 0.0003
v  -0.0001 -1.6040 0.0002
v  -0.0002 -1.6040 0.0002
v  -0.0003 -1.6041 0.0002
v  -0.0004 -1.6042 0.0002
v  -0.0004 -1.6043 0.0002
v  -0.0003 -1.6044 0.0002
v  -0.0003 -1.6045 0.0002
v  -0.0002 -1.6045 0.0002
v  -0.0001 -1.6046 0.0002
v  0.0000 -1.6046 0.0002
v  0.0000 -1.6045 0.0002
v  0.0001 -1.6045 0.0002
v  0.0002 -1.6043 0.0002
v  0.0002 -1.6044 0.0002
v  0.0002 -1.6042 0.0002
v  0.0001 -1.6041 0.0002
v  0.0000 -1.6040 0.0002
v  -0.0003 -1.6040 0.0002
v  -0.0002 -1.6041 0.0002
v  -0.0003 -1.6042 0.0002
v  -0.0004 -1.6044 0.0002
v  -0.0002 -1.6046 0.0002
v  0.0001 -1.6044 0.0002
v  0.0002 -1.6041 0.0002
v  0.0001 -1.6040 0.0002
v  -0.0001 -1.6040 0.0001
v  -0.0002 -1.6040 0.0001
v  -0.0003 -1.6040 0.0001
v  -0.0004 -1.6042 0.0001
v  -0.0004 -1.6041 0.0001
v  -0.0004 -1.6043 0.0001
v  -0.0004 -1.6044 0.0001
v  -0.0003 -1.6045 0.0001
v  -0.0003 -1.6046 0.0001
v  -0.0002 -1.6046 0.0001
v  -0.0001 -1.6046 0.0001
v  0.0000 -1.6046 0.0001
v  0.0001 -1.6046 0.0001
v  0.0002 -1.6045 0.0001
v  0.0002 -1.6044 0.0001
v  0.0002 -1.6043 0.0001
v  0.0002 -1.6042 0.0001
v  0.0002 -1.6041 0.0001
v  0.0001 -1.6040 0.0001
v  0.0000 -1.6040 0.0001
v  -0.0001 -1.6039 0.0001
v  -0.0003 -1.6041 0.0001
v  -0.0004 -1.6045 0.0001
v  0.0001 -1.6045 0.0001
v  0.0003 -1.6043 0.0001
v  0.0000 -1.6039 0.0001
v  -0.0001 -1.6039 -0.0000
v  -0.0002 -1.6040 -0.0000
v  -0.0003 -1.6040 -0.0000
v  -0.0004 -1.6041 -0.0000
v  -0.0004 -1.6042 -0.0000
v  -0.0004 -1.6043 -0.0000
v  -0.0004 -1.6044 -0.0000
v  -0.0004 -1.6045 -0.0000
v  -0.0003 -1.6045 -0.0000
v  -0.0003 -1.6046 -0.0000
v  -0.0002 -1.6046 -0.0000
v  -0.0001 -1.6046 -0.0000
v  0.0000 -1.6046 -0.0000
v  0.0001 -1.6046 -0.0000
v  0.0001 -1.6045 -0.0000
v  0.0002 -1.6045 -0.0000
v  0.0002 -1.6044 -0.0000
v  0.0003 -1.6043 -0.0000
v  0.0003 -1.6044 -0.0000
v  0.0003 -1.6042 -0.0000
v  0.0002 -1.6042 -0.0000
v  0.0002 -1.6041 -0.0000
v  0.0001 -1.6040 -0.0000
v  0.0000 -1.6040 -0.0000
v  0.0000 -1.6039 -0.0000
v  -0.0001 -1.6039 -0.0001
v  -0.0002 -1.6040 -0.0001
v  -0.0003 -1.6040 -0.0001
v  -0.0004 -1.6041 -0.0001
v  -0.0004 -1.6042 -0.0001
v  -0.0004 -1.6043 -0.0001
v  -0.0004 -1.6044 -0.0001
v  -0.0004 -1.6045 -0.0001
v  -0.0003 -1.6045 -0.0001
v  -0.0003 -1.6046 -0.0001
v  -0.0002 -1.6046 -0.0001
v  -0.0001 -1.6046 -0.0001
v  0.0000 -1.6046 -0.0001
v  0.0001 -1.6046 -0.0001
v  0.0001 -1.6045 -0.0001
v  0.0002 -1.6045 -0.0001
v  0.0002 -1.6044 -0.0001
v  0.0003 -1.6043 -0.0001
v  0.0002 -1.6042 -0.0001
v  0.0002 -1.6041 -0.0001
v  0.0001 -1.6040 -0.0001
v  0.0000 -1.6040 -0.0001
v  0.0000 -1.6039 -0.0001
v  -0.0001 -1.6040 -0.0001
v  -0.0003 -1.6041 -0.0001
v  0.0002 -1.6043 -0.0001
v  -0.0001 -1.6040 -0.0002
v  -0.0002 -1.6040 -0.0002
v  -0.0003 -1.6040 -0.0002
v  -0.0003 -1.6041 -0.0002
v  -0.0004 -1.6042 -0.0002
v  -0.0004 -1.6043 -0.0002
v  -0.0004 -1.6044 -0.0002
v  -0.0003 -1.6044 -0.0002
v  -0.0003 -1.6045 -0.0002
v  -0.0002 -1.6046 -0.0002
v  -0.0001 -1.6046 -0.0002
v  0.0000 -1.6046 -0.0002
v  0.0001 -1.6045 -0.0002
v  0.0002 -1.6044 -0.0002
v  0.0002 -1.6043 -0.0002
v  0.0002 -1.6042 -0.0002
v  0.0002 -1.6041 -0.0002
v  0.0001 -1.6041 -0.0002
v  0.0000 -1.6040 -0.0002
v  -0.0002 -1.6041 -0.0002
v  -0.0003 -1.6042 -0.0002
v  -0.0002 -1.6045 -0.0002
v  0.0000 -1.6045 -0.0002
v  0.0001 -1.6044 -0.0002
v  0.0001 -1.6040 -0.0002
v  -0.0001 -1.6041 -0.0003
v  -0.0002 -1.6041 -0.0003
v  -0.0003 -1.6042 -0.0003
v  -0.0003 -1.6043 -0.0003
v  -0.0003 -1.6044 -0.0003
v  -0.0002 -1.6045 -0.0003
v  -0.0001 -1.6045 -0.0003
v  0.0000 -1.6045 -0.0003
v  0.0001 -1.6044 -0.0003
v  0.0001 -1.6043 -0.0003
v  0.0001 -1.6042 -0.0003
v  0.0001 -1.6041 -0.0003
v  0.0000 -1.6041 -0.0003
v  -0.0001 -1.6040 -0.0003
v  -0.0002 -1.6042 -0.0003
v  -0.0003 -1.6041 -0.0003
v  -0.0002 -1.6043 -0.0003
v  -0.0002 -1.6044 -0.0003
v  0.0000 -1.6044 -0.0003
v  0.0001 -1.6045 -0.0003
v  -0.0001 -1.6044 -0.0003
v  0.0000 -1.6042 -0.0003
v  -0.0001 -1.6042 -0.0003
v  0.0000 -1.6043 -0.0003
v  -0.0001 -1.6043 -0.0003
# 1020 vertices

vn 0.0001 1.0000 -0.0001
vn -0.8416 0.4129 0.3482
vn -0.7589 0.4087 0.5070
vn -0.6440 0.4129 0.6440
vn -0.1863 0.2975 -0.9364
vn -0.1779 0.4085 -0.8952
vn -0.1313 0.4092 -0.9029
vn -0.0940 0.2962 -0.9505
vn 0.0001 0.2975 0.9547
vn 0.0001 0.4129 0.9108
vn -0.1779 0.4086 0.8952
vn -0.1863 0.2975 0.9364
vn 0.8416 0.4128 0.3482
vn 0.8822 0.2976 0.3650
vn 0.9364 0.2975 0.1863
vn 0.8952 0.4085 0.1779
vn 0.5070 0.4086 -0.7589
vn 0.5305 0.2976 -0.7937
vn 0.3650 0.2976 -0.8822
vn 0.3483 0.4128 -0.8416
vn -0.7937 0.2976 -0.5305
vn -0.7589 0.4086 -0.5070
vn -0.6440 0.4128 -0.6440
vn -0.6751 0.2976 -0.6751
vn -0.5305 0.2976 0.7937
vn -0.5070 0.4087 0.7589
vn -0.6751 0.2976 0.6751
vn -0.3482 0.4128 -0.8416
vn -0.3650 0.2976 -0.8822
vn -0.5305 0.2976 -0.7937
vn -0.5070 0.4086 -0.7589
vn 0.8952 0.4085 -0.1781
vn 0.9363 0.2975 -0.1863
vn 0.8822 0.2976 -0.3650
vn 0.8416 0.4128 -0.3483
vn 0.9108 0.4128 -0.0001
vn 0.9547 0.2975 -0.0001
vn 0.0001 0.2148 0.9767
vn 0.1906 0.2148 0.9579
vn 0.1863 0.2975 0.9363
vn 0.3735 0.2148 0.9024
vn 0.3650 0.2976 0.8822
vn -0.8416 0.4129 -0.3483
vn 0.6441 0.4127 -0.6441
vn -0.7071 0.0000 0.7071
vn -0.9896 0.1436 -0.0000
vn -0.9767 0.2148 -0.0001
vn -0.9579 0.2148 -0.1906
vn -0.9706 0.1436 -0.1931
vn 0.9024 0.2148 0.3735
vn 0.9143 0.1436 0.3787
vn 0.9706 0.1436 0.1931
vn 0.9579 0.2148 0.1906
vn -0.9024 0.2148 -0.3735
vn -0.8822 0.2976 -0.3650
vn -0.8120 0.2147 -0.5427
vn -0.1946 0.0785 -0.9777
vn -0.1932 0.1436 -0.9706
vn -0.0974 0.1430 -0.9849
vn -0.0980 0.0781 -0.9921
vn -0.3787 0.1436 0.9143
vn -0.3816 0.0784 0.9210
vn -0.1945 0.0784 0.9778
vn -0.1931 0.1436 0.9706
vn 0.9226 0.0524 0.3821
vn 0.9211 0.0784 0.3815
vn 0.8289 0.0785 0.5539
vn 0.8303 0.0524 0.5548
vn -0.9210 0.0784 0.3815
vn -0.9226 0.0524 0.3822
vn -0.8304 0.0523 0.5548
vn -0.8289 0.0784 0.5539
vn 0.5499 0.1436 0.8228
vn 0.5427 0.2147 0.8120
vn 0.3787 0.1436 0.9143
vn 0.8228 0.1436 0.5499
vn 0.8120 0.2147 0.5427
vn 0.6906 0.2147 0.6906
vn 0.6997 0.1436 0.6998
vn 0.6751 0.2976 0.6751
vn 0.7937 0.2976 0.5305
vn 0.6751 0.2976 -0.6751
vn 0.6906 0.2147 -0.6906
vn 0.5427 0.2147 -0.8120
vn -0.8228 0.1436 -0.5499
vn -0.8289 0.0785 -0.5539
vn -0.9211 0.0784 -0.3815
vn -0.9143 0.1436 -0.3787
vn 0.7048 0.0785 0.7051
vn -0.7049 0.0785 -0.7049
vn -0.7061 0.0524 -0.7061
vn -0.8303 0.0524 -0.5548
vn 0.5499 0.1436 -0.8228
vn 0.6998 0.1436 -0.6998
vn 0.5305 0.2976 0.7937
vn -0.9363 0.2975 -0.1863
vn -0.8228 0.1436 0.5499
vn -0.7049 0.0784 0.7050
vn -0.6997 0.1436 0.6998
vn -0.9143 0.1436 0.3787
vn -0.9226 0.0524 -0.3821
vn 0.7060 0.0524 0.7063
vn -0.1906 0.2148 0.9579
vn -0.3735 0.2148 0.9024
vn 0.0975 0.1430 -0.9849
vn 0.0964 0.2138 -0.9721
vn 0.1906 0.2148 -0.9579
vn 0.1932 0.1436 -0.9706
vn 0.7937 0.2976 -0.5305
vn 0.8120 0.2147 -0.5427
vn -0.9777 0.0784 -0.1946
vn 0.1946 0.0784 0.9777
vn 0.1949 0.0525 0.9794
vn 0.3823 0.0525 0.9225
vn 0.3816 0.0784 0.9210
vn -0.9969 0.0784 -0.0000
vn -0.9986 0.0525 -0.0000
vn -0.9794 0.0525 0.1949
vn -0.9778 0.0784 0.1945
vn -0.5539 0.0784 0.8289
vn -0.5499 0.1436 0.8228
vn 0.0000 0.1436 0.9896
vn 0.0000 0.0784 0.9969
vn 0.1931 0.1436 0.9706
vn 0.5548 0.0525 0.8303
vn 0.5539 0.0784 0.8289
vn -0.9706 0.1436 0.1931
vn -0.9024 0.2148 0.3735
vn -0.9579 0.2148 0.1906
vn -0.3650 0.2976 0.8822
vn 0.7589 0.4086 -0.5070
vn 0.9024 0.2148 -0.3735
vn -0.1906 0.2148 -0.9579
vn -0.0963 0.2138 -0.9721
vn 0.6440 0.4128 0.6440
vn 0.7589 0.4086 0.5070
vn -0.7937 0.2976 0.5305
vn -0.8822 0.2976 0.3650
vn -0.3482 0.4129 0.8416
vn -0.9547 0.2975 -0.0001
vn -0.9108 0.4129 -0.0001
vn -0.8952 0.4086 -0.1781
vn -0.9364 0.2975 0.1863
vn -0.8952 0.4086 0.1779
vn 0.1863 0.2975 -0.9363
vn 0.1781 0.4085 -0.8952
vn 0.1315 0.4092 -0.9029
vn 0.0942 0.2962 -0.9505
vn 0.1781 0.4086 0.8952
vn 0.3483 0.4129 0.8416
vn 0.9767 0.2148 -0.0001
vn 0.9579 0.2148 -0.1906
vn -0.3735 0.2148 -0.9024
vn -0.5427 0.2147 0.8120
vn -0.6906 0.2147 0.6906
vn 0.3735 0.2148 -0.9024
vn -0.6906 0.2147 -0.6906
vn -0.5427 0.2147 -0.8120
vn 0.8228 0.1436 -0.5499
vn 0.9143 0.1436 -0.3787
vn -0.6998 0.1436 -0.6998
vn -0.5499 0.1436 -0.8228
vn 0.3787 0.1436 -0.9143
vn -0.3787 0.1436 -0.9143
vn -0.8120 0.2147 0.5427
vn 0.9706 0.1436 -0.1931
vn 0.9896 0.1436 -0.0000
vn 0.5070 0.4086 0.7589
vn 0.7173 -0.1139 -0.6874
vn 0.7062 -0.1618 -0.6893
vn 0.6925 -0.2004 -0.6930
vn 0.0981 0.0522 -0.9938
vn 0.0980 0.0781 -0.9921
vn 0.1947 0.0785 -0.9777
vn 0.1949 0.0525 -0.9794
vn 0.3815 0.0785 -0.9211
vn 0.5540 0.0785 -0.8288
vn 0.3821 0.0525 -0.9226
vn 0.5550 0.0524 -0.8302
vn 0.7049 0.0785 -0.7049
vn 0.7061 0.0524 -0.7061
vn 0.8289 0.0785 -0.5539
vn 0.8303 0.0524 -0.5548
vn -0.1949 0.0525 -0.9794
vn -0.0980 0.0522 -0.9938
vn 0.9226 0.0524 -0.3821
vn 0.9211 0.0784 -0.3815
vn 0.9777 0.0784 -0.1946
vn 0.9794 0.0525 -0.1949
vn 0.0000 0.0525 0.9986
vn 0.9969 0.0784 -0.0000
vn 0.9778 0.0784 0.1945
vn -0.1949 0.0525 0.9794
vn -0.3823 0.0525 0.9225
vn -0.3821 0.0525 -0.9226
vn -0.3815 0.0785 -0.9211
vn -0.5540 0.0785 -0.8288
vn -0.5550 0.0524 -0.8302
vn -0.9794 0.0525 -0.1949
vn -0.7061 0.0524 0.7062
vn 0.9986 0.0525 -0.0000
vn 0.9794 0.0525 0.1949
vn -0.5548 0.0525 0.8303
vn 0.4204 -0.0289 0.9069
vn -0.5560 0.0000 -0.8312
vn -0.7071 0.0000 -0.7071
vn 0.7071 0.0000 0.7071
vn 0.7082 0.0000 -0.7060
vn 0.7060 0.0000 -0.7082
vn -0.2674 0.9257 0.2674
vn -0.1312 0.9826 0.1312
vn 0.7070 -0.0134 0.7070
vn 0.8314 -0.0134 0.5555
vn 0.8314 0.0000 0.5557
vn -0.7060 0.0000 -0.7082
vn -0.7082 0.0000 -0.7060
vn 0.9808 0.0000 -0.1951
vn 0.9239 0.0000 -0.3827
vn 0.7071 0.0000 -0.7071
vn 0.7060 0.0000 0.7082
vn 0.7082 0.0000 0.7060
vn -0.8314 0.0000 0.5557
vn 1.0000 0.0000 -0.0000
vn 0.9439 0.3302 -0.0000
vn -0.7082 0.0000 0.7060
vn -0.7060 0.0000 0.7082
vn 0.1951 0.0000 -0.9808
vn 0.1952 -0.0134 -0.9807
vn 0.0980 -0.0133 -0.9951
vn 0.0978 0.0000 -0.9952
vn 0.0000 -1.0000 -0.0000
vn 0.9239 0.0000 0.3827
vn 0.9808 0.0000 0.1950
vn -0.9439 0.3302 -0.0000
vn -0.7820 0.6233 -0.0000
vn 0.0000 0.0000 1.0000
vn -0.6461 0.0748 -0.7596
vn -0.6864 -0.0033 -0.7272
vn -0.6617 0.0295 -0.7492
vn -0.6375 0.0743 -0.7669
vn 0.9238 0.0000 0.3829
vn 0.9238 -0.0134 0.3827
vn 0.9807 -0.0134 0.1953
vn 0.9808 0.0000 0.1953
vn 0.0000 0.1886 0.9821
vn -0.1951 0.0000 0.9808
vn -0.0977 0.0000 0.9952
vn -0.8315 -0.0134 0.5553
vn -0.8317 0.0000 0.5552
vn -0.7070 -0.0134 0.7070
vn -1.0000 0.0000 -0.0000
vn 1.0000 0.0000 -0.0001
vn -0.3827 0.0000 0.9239
vn 0.0000 1.0000 -0.0000
vn 0.9238 0.0000 -0.3829
vn 0.8314 0.0000 -0.5557
vn -0.1952 0.0000 0.9808
vn -0.3829 0.0000 0.9238
vn -0.2674 -0.9257 0.2674
vn -0.9808 0.0000 0.1950
vn -0.9239 0.0000 0.3827
vn -0.8315 0.0000 0.5555
vn -0.5557 0.0000 0.8314
vn -0.1953 0.0000 -0.9808
vn -0.1952 -0.0134 -0.9807
vn -0.0983 -0.0134 -0.9951
vn -0.0985 0.0000 -0.9951
vn -0.9808 0.0000 -0.1951
vn -1.0000 0.0000 -0.0001
vn -0.9807 0.0000 -0.1953
vn -0.9238 0.0000 -0.3829
vn -0.8315 0.0000 -0.5555
vn -0.9239 0.0000 -0.3827
vn 0.5557 0.0000 0.8314
vn -0.8314 -0.0134 -0.5555
vn -0.8314 0.0000 -0.5557
vn -0.7070 -0.0134 -0.7070
vn -0.3828 0.0000 -0.9238
vn -0.1948 0.0000 -0.9808
vn -0.0977 0.0000 -0.9952
vn -0.5555 0.0000 -0.8315
vn 0.1953 0.0000 0.9807
vn -0.7072 0.0000 0.7071
vn -0.3827 0.0000 -0.9239
vn 0.8315 0.0000 -0.5555
vn 0.8315 -0.0134 -0.5553
vn 0.8317 0.0000 -0.5552
vn 0.7070 -0.0134 -0.7070
vn -0.9808 0.0000 0.1952
vn 0.3827 0.0000 -0.9239
vn 0.1950 0.0000 -0.9808
vn -0.9238 -0.0134 -0.3826
vn -0.9239 0.0000 -0.3825
vn -0.9808 0.0000 -0.1953
vn -0.9807 -0.0134 -0.1952
vn 0.5556 -0.0134 -0.8313
vn 0.5559 0.0000 -0.8313
vn -0.8317 0.0000 -0.5552
vn -0.8315 -0.0134 -0.5553
vn -0.0001 0.0000 -1.0000
vn -0.5553 -0.0134 -0.8315
vn -0.5552 0.0000 -0.8317
vn -0.3826 -0.0134 -0.9238
vn -0.3825 0.0000 -0.9239
vn -0.7072 0.0000 0.7070
vn -0.8314 -0.0134 0.5555
vn -0.9999 -0.0134 -0.0000
vn 0.3829 0.0000 0.9238
vn -0.9807 0.0000 0.1953
vn -0.9807 -0.0134 0.1953
vn 0.5560 0.0000 -0.8312
vn 0.0986 0.0000 -0.9951
vn 0.0984 -0.0134 -0.9951
vn 0.1953 -0.0134 -0.9807
vn 0.1953 0.0000 -0.9807
vn 0.9808 0.0000 0.1952
vn 0.5555 0.0000 -0.8315
vn 0.9807 0.0000 -0.1953
vn -0.1951 -0.0134 -0.9807
vn -0.1950 0.0000 -0.9808
vn -0.0979 -0.0133 -0.9951
vn 0.2674 0.9257 0.2674
vn 0.1312 0.9826 0.1312
vn -0.2674 0.9257 -0.2674
vn -0.1312 0.9826 -0.1312
vn 0.3828 0.0000 -0.9238
vn 0.1949 0.0000 -0.9808
vn -0.9239 0.0000 0.3825
vn -0.9238 -0.0134 0.3826
vn -0.5555 0.0000 0.8315
vn 0.8315 0.0000 0.5555
vn 0.8314 -0.0134 -0.5555
vn -0.5555 -0.0134 0.8314
vn -0.9808 0.0000 0.1953
vn 0.9999 -0.0134 -0.0000
vn 0.9808 0.0000 -0.1953
vn 0.9807 -0.0134 -0.1952
vn 0.9238 -0.0134 -0.3827
vn 0.5552 0.0000 -0.8317
vn 0.5553 -0.0134 -0.8315
vn -0.5556 -0.0134 -0.8313
vn -0.5559 0.0000 -0.8313
vn -0.3827 -0.0134 -0.9238
vn 0.6535 0.3816 0.6537
vn 0.4658 0.7523 0.4659
vn 0.5000 0.7071 0.5001
vn 0.7820 0.6233 -0.0000
vn -0.5553 -0.0134 0.8315
vn -0.9238 -0.0134 -0.3827
vn 0.3829 -0.0134 0.9237
vn 0.3828 -0.0134 0.9237
vn 0.1953 -0.0134 0.9807
vn 0.3826 -0.0134 -0.9238
vn 0.3827 -0.0134 -0.9238
vn 0.9238 -0.0134 0.3826
vn 0.9238 -0.0134 -0.3826
vn 0.8315 -0.0134 0.5553
vn -0.3828 -0.0134 0.9237
vn -0.3829 -0.0134 0.9237
vn -0.1952 -0.0134 0.9807
vn 0.0000 -0.0134 0.9999
vn -0.9238 -0.0134 0.3827
vn -0.9238 0.0000 0.3829
vn 0.5555 -0.0134 0.8314
vn 0.5555 0.0000 0.8315
vn 0.3827 0.0000 0.9239
vn -0.9238 0.0000 0.3830
vn -0.5552 0.0000 0.8317
vn 0.0976 0.0000 0.9952
vn 0.1950 0.0000 0.9808
vn 0.5553 -0.0134 0.8315
vn -0.1951 0.0000 -0.9808
vn 0.5552 0.0000 0.8317
vn 0.8317 0.0000 0.5552
vn 0.9239 0.0000 0.3825
vn 0.9239 0.0000 -0.3825
vn -0.7286 -0.0656 -0.6817
vn -0.7173 -0.1139 -0.6874
vn -0.7062 -0.1618 -0.6893
vn -0.7165 -0.1300 -0.6854
vn -0.2674 -0.9257 -0.2674
vn 0.2674 -0.9257 0.2674
vn 0.3825 0.0000 -0.9239
vn 0.9807 0.0000 0.1953
vn 0.0000 0.3704 0.9289
vn -0.6617 0.0295 0.7492
vn -0.6864 -0.0033 0.7272
vn -0.6461 0.0748 0.7596
vn -0.6375 0.0743 0.7669
vn 0.7272 -0.0033 -0.6864
vn 0.7039 -0.0711 -0.7067
vn 0.7026 -0.0694 -0.7082
vn 0.7492 0.0295 -0.6617
vn 0.7212 -0.0146 -0.6925
vn 0.7051 -0.0728 -0.7054
vn 0.7272 -0.0033 0.6864
vn 0.7212 -0.0146 0.6925
vn 0.7409 0.0759 0.6673
vn 0.7596 0.0748 0.6461
vn -0.7409 0.0759 0.6673
vn -0.7212 -0.0146 0.6925
vn -0.7272 -0.0033 0.6864
vn -0.7596 0.0748 0.6461
vn -0.7492 0.0295 -0.6617
vn -0.7272 -0.0033 -0.6864
vn -0.7596 0.0748 -0.6461
vn -0.7669 0.0743 -0.6375
vn -0.6874 -0.1139 -0.7173
vn -0.6893 -0.1618 -0.7062
vn -0.6930 -0.2004 -0.6925
vn 0.7067 -0.0711 -0.7039
vn 0.7054 -0.0728 -0.7051
vn 0.6925 -0.0146 -0.7212
vn 0.6864 -0.0033 -0.7272
vn 0.6712 0.0192 -0.7411
vn 0.6731 0.0561 -0.7374
vn 0.6874 -0.1139 -0.7173
vn 0.6817 -0.0656 -0.7286
vn 0.6618 0.0610 -0.7472
vn 0.6780 0.0788 -0.7309
vn -0.7228 0.0874 0.6855
vn -0.7309 0.0788 0.6780
vn -0.7374 0.0561 0.6731
vn 0.7286 -0.0656 0.6817
vn 0.7173 -0.1139 0.6874
vn 0.7062 -0.1618 0.6893
vn 0.7165 -0.1300 0.6854
vn -0.6855 0.0874 -0.7228
vn -0.6780 0.0788 -0.7309
vn -0.6731 0.0561 -0.7374
vn 0.7472 0.0610 0.6618
vn 0.7309 0.0788 0.6780
vn 0.7374 0.0561 0.6731
vn 0.7411 0.0192 0.6712
vn 0.7228 0.0874 0.6855
vn -0.6874 -0.1139 0.7173
vn -0.6930 -0.2004 0.6925
vn -0.6893 -0.1618 0.7062
vn -0.4658 0.7523 0.4659
vn -0.5000 0.7071 0.5001
vn 0.6535 0.3816 -0.6537
vn 0.5000 0.7071 -0.5001
vn 0.4658 0.7523 -0.4659
vn 0.6534 -0.3828 0.6532
vn 0.6533 -0.3828 0.6532
vn 0.7072 -0.0013 0.7070
vn 0.6537 0.3816 0.6535
vn -0.7070 -0.0013 0.7072
vn -0.6535 0.3816 0.6537
vn -0.4658 -0.7523 0.4659
vn -0.5000 -0.7071 0.5001
vn -0.3929 -0.8314 -0.3929
vn -0.4659 -0.7523 -0.4659
vn 0.4659 0.7523 0.4659
vn 0.3929 0.8314 0.3929
vn 0.2674 -0.9257 -0.2674
vn 0.5001 0.7071 0.5000
vn 0.6532 -0.3828 -0.6534
vn 0.6532 -0.3828 -0.6533
vn 0.7070 -0.0013 -0.7072
vn 0.4659 -0.7523 -0.4659
vn 0.5000 -0.7071 -0.5001
vn 0.4658 -0.7523 0.4659
vn 0.5000 -0.7071 0.5001
vn -0.4658 0.7523 -0.4659
vn -0.3929 0.8314 -0.3929
vn -0.0023 1.0000 -0.0050
vn -0.0050 1.0000 -0.0023
vn 0.9069 -0.0289 0.4204
vn 0.0023 1.0000 0.0050
vn 0.7596 0.0748 -0.6461
vn 0.7669 0.0743 -0.6375
vn -0.7212 -0.0146 -0.6925
vn -0.7409 0.0759 -0.6673
vn -0.7039 -0.0711 -0.7067
vn -0.7051 -0.0728 -0.7054
vn -0.7026 -0.0694 -0.7082
vn -0.7067 -0.0711 -0.7039
vn -0.7082 -0.0694 -0.7026
vn -0.6925 -0.0146 -0.7212
vn -0.7054 -0.0728 -0.7051
vn 0.6874 -0.1139 0.7173
vn 0.6893 -0.1618 0.7062
vn 0.6930 -0.2004 0.6925
vn -0.7286 -0.0656 0.6817
vn -0.7165 -0.1300 0.6854
vn -0.7062 -0.1618 0.6893
vn -0.7173 -0.1139 0.6874
vn -0.7411 0.0192 -0.6712
vn -0.7374 0.0561 -0.6731
vn -0.7472 0.0610 -0.6618
vn -0.7309 0.0788 -0.6780
vn -0.6780 0.0788 0.7309
vn -0.6855 0.0874 0.7228
vn -0.6731 0.0561 0.7374
vn 0.7286 -0.0656 -0.6817
vn 0.7165 -0.1300 -0.6854
vn 0.7411 0.0192 -0.6712
vn 0.7374 0.0561 -0.6731
vn 0.6618 0.0610 0.7472
vn 0.6712 0.0192 0.7411
vn 0.6731 0.0561 0.7374
vn 0.6780 0.0788 0.7309
vn 0.6855 0.0874 -0.7228
vn 0.6925 -0.2004 0.6930
vn -0.5000 -0.7071 -0.5001
vn -0.5001 0.7071 0.5000
vn -0.4659 0.7523 0.4659
vn -0.6537 0.3816 -0.6535
vn -0.5001 0.7071 -0.5000
vn -0.4659 0.7523 -0.4659
vn -0.6532 -0.3828 0.6534
vn -0.6531 -0.3828 0.6534
vn -0.7072 -0.0013 -0.7070
vn -0.4659 -0.7523 -0.4658
vn -0.5001 -0.7071 -0.5000
vn -0.6534 -0.3828 -0.6531
vn -0.6534 -0.3828 -0.6532
vn 0.2674 0.9257 -0.2674
vn 0.1312 0.9826 -0.1312
vn 0.3929 -0.8314 -0.3929
vn -0.3929 0.8314 0.3929
vn 0.3929 0.8314 -0.3929
vn 0.4659 -0.7523 -0.4658
vn 0.5001 -0.7071 -0.5000
vn -0.6532 -0.3828 -0.6534
vn -0.6532 -0.3828 -0.6533
vn 0.6534 -0.3828 -0.6531
vn 0.6534 -0.3828 -0.6532
vn 0.7072 -0.0013 -0.7070
vn 0.6537 0.3816 -0.6535
vn 0.4659 0.7523 -0.4659
vn 0.5001 0.7071 -0.5000
vn -0.3929 -0.8314 0.3929
vn -0.0023 1.0000 0.0050
vn 0.9069 -0.0289 -0.4204
vn -0.9069 -0.0289 0.4204
vn 0.6461 0.0748 0.7596
vn 0.6864 -0.0033 0.7272
vn 0.6617 0.0295 0.7492
vn 0.6375 0.0743 0.7669
vn -0.6925 -0.0146 0.7212
vn -0.6673 0.0759 0.7409
vn 0.7039 -0.0711 0.7067
vn 0.7051 -0.0728 0.7054
vn -0.7082 -0.0694 0.7026
vn -0.7067 -0.0711 0.7039
vn 0.7067 -0.0711 0.7039
vn 0.7082 -0.0694 0.7026
vn 0.6617 0.0295 -0.7492
vn 0.6461 0.0748 -0.7596
vn 0.6375 0.0743 -0.7669
vn 0.7409 0.0759 -0.6673
vn 0.6925 -0.0146 0.7212
vn 0.7054 -0.0728 0.7051
vn 0.6930 -0.2004 -0.6925
vn 0.6893 -0.1618 -0.7062
vn -0.6817 -0.0656 -0.7286
vn -0.6854 -0.1300 -0.7165
vn -0.6712 0.0192 -0.7411
vn 0.7472 0.0610 -0.6618
vn 0.7309 0.0788 -0.6780
vn -0.7228 0.0874 -0.6855
vn -0.6817 -0.0656 0.7286
vn -0.6854 -0.1300 0.7165
vn -0.7411 0.0192 0.6712
vn -0.6618 0.0610 -0.7472
vn 0.7026 -0.0694 0.7082
vn 0.7492 0.0295 0.6617
vn -0.6925 -0.2004 -0.6930
vn 0.3929 -0.8314 0.3929
vn 0.4659 -0.7523 0.4658
vn 0.5001 -0.7071 0.5000
vn -0.6534 -0.3828 0.6531
vn -0.6534 -0.3828 0.6532
vn -0.7072 -0.0013 0.7070
vn -0.6535 0.3816 -0.6537
vn -0.5000 0.7071 -0.5001
vn -0.4659 -0.7523 0.4658
vn -0.5001 -0.7071 0.5000
vn -0.6537 0.3816 0.6535
vn 0.0050 1.0000 -0.0023
vn -0.4204 -0.0289 0.9069
vn 0.4204 -0.0289 -0.9069
vn -0.0050 1.0000 0.0023
vn -0.7492 0.0295 0.6617
vn -0.7669 0.0743 0.6375
vn -0.6673 0.0759 -0.7409
vn -0.7054 -0.0728 0.7051
vn 0.7082 -0.0694 -0.7026
vn -0.7039 -0.0711 0.7067
vn -0.7026 -0.0694 0.7082
vn 0.7669 0.0743 0.6375
vn 0.6673 0.0759 0.7409
vn -0.7051 -0.0728 0.7054
vn -0.6925 -0.2004 0.6930
vn 0.6817 -0.0656 0.7286
vn 0.6854 -0.1300 0.7165
vn -0.6712 0.0192 0.7411
vn 0.6855 0.0874 0.7228
vn 0.6854 -0.1300 -0.7165
vn -0.6618 0.0610 0.7472
vn 0.7228 0.0874 -0.6855
vn -0.7070 -0.0013 -0.7072
vn 0.6532 -0.3828 0.6534
vn 0.6532 -0.3828 0.6533
vn 0.7070 -0.0013 0.7072
vn 0.0023 1.0000 -0.0050
vn -0.9069 -0.0289 -0.4204
vn -0.4204 -0.0289 -0.9069
vn 0.0051 1.0000 0.0023
vn 0.6673 0.0759 -0.7409
vn -0.7472 0.0610 0.6618
vn -0.1544 0.5270 0.8357
vn 0.0000 0.3826 0.9239
vn 0.0000 -0.7071 0.7071
vn 0.4550 0.1100 0.8837
vn 0.2280 0.5242 0.8205
vn -0.5774 0.5774 0.5774
vn -0.5270 0.1544 0.8357
vn -0.5795 -0.2706 0.7687
vn -0.1429 -0.6998 0.6998
vn -0.0319 -0.4921 0.8699
vn 0.5774 -0.5774 0.5774
vn 0.5270 -0.1544 0.8357
vn 0.5774 0.5774 0.5774
vn 0.0000 0.9239 0.3827
vn -0.1543 0.8357 0.5270
vn -0.7128 0.4959 0.4959
vn -0.8165 0.4082 0.4083
vn -0.9075 -0.0771 0.4130
vn -0.8165 -0.4082 0.4083
vn -0.7381 -0.4772 0.4770
vn -0.1428 -0.6999 0.6998
vn -0.1100 -0.8838 0.4548
vn 0.2497 -0.8299 0.4990
vn 0.6325 -0.4472 0.6325
vn 0.6666 -0.5911 0.4542
vn 0.8165 -0.4082 0.4083
vn 0.8837 0.1100 0.4550
vn 0.5774 0.5773 0.5774
vn 0.2280 0.8204 0.5243
vn -0.5774 -0.5774 0.5774
vn 0.2938 -0.6759 0.6759
vn 0.0000 0.7071 0.7071
vn -0.1858 0.9738 0.1314
vn -0.5270 0.8357 0.1543
vn -0.9878 0.1100 0.1100
vn -0.9554 -0.2089 0.2089
vn -0.8357 -0.5270 0.1544
vn -0.6998 -0.6999 0.1428
vn 0.6998 -0.6999 0.1428
vn 0.7173 -0.6303 0.2971
vn 0.8944 -0.3162 0.3162
vn 0.9380 0.2452 0.2452
vn 0.8837 0.4550 0.1100
vn 0.4550 0.8837 0.1100
vn 0.4472 0.8944 -0.0000
vn -0.2971 0.7173 0.6303
vn 0.7071 -0.7071 -0.0000
vn 0.7458 -0.1509 0.6488
vn -0.3827 0.9239 -0.0000
vn -0.9239 0.3826 -0.0000
vn -0.7071 -0.7071 -0.0000
vn 0.9505 -0.2197 0.2197
vn 0.6759 0.6759 0.2940
vn 0.7071 0.7071 -0.0000
vn 0.9239 0.3826 -0.0000
vn 0.3827 0.9239 -0.0000
vn 0.6759 -0.6759 -0.2940
vn 0.6759 0.6759 -0.2940
vn -0.2971 0.7173 -0.6303
vn -0.1858 0.9738 -0.1314
vn -0.5270 0.8357 -0.1543
vn -0.8182 0.5025 -0.2794
vn -0.9554 -0.2089 -0.2089
vn -0.5774 -0.5774 -0.5774
vn -0.8357 -0.5270 -0.1544
vn -0.6998 -0.6999 -0.1428
vn 0.6998 -0.6999 -0.1428
vn 0.7173 -0.6303 -0.2971
vn 0.8676 -0.3516 -0.3516
vn 0.9380 0.2452 -0.2452
vn 0.8837 0.4550 -0.1100
vn 0.4550 0.8837 -0.1100
vn 0.5774 0.5774 -0.5774
vn 0.0000 0.7071 -0.7071
vn -0.5774 0.5774 -0.5774
vn -0.1314 0.9738 -0.1858
vn -0.1543 0.8357 -0.5270
vn -0.6668 0.5270 -0.5270
vn -0.8182 0.2793 -0.5025
vn -0.9075 -0.0771 -0.4130
vn -0.8165 -0.4082 -0.4083
vn -0.7381 -0.4772 -0.4770
vn -0.1428 -0.6999 -0.6998
vn -0.1100 -0.8838 -0.4548
vn 0.2497 -0.8299 -0.4990
vn 0.2938 -0.6759 -0.6759
vn 0.6666 -0.5911 -0.4542
vn 0.8165 -0.4082 -0.4083
vn 0.8837 0.1100 -0.4550
vn 0.5774 0.5773 -0.5774
vn 0.2280 0.8204 -0.5243
vn 0.1472 0.9443 -0.2945
vn 0.6325 -0.4472 -0.6325
vn 0.0000 -0.7071 -0.7071
vn 0.5774 -0.5774 -0.5774
vn -0.0187 0.3036 -0.9526
vn -0.1544 0.5270 -0.8357
vn -0.5270 0.1544 -0.8357
vn -0.5795 -0.2706 -0.7687
vn -0.1429 -0.6998 -0.6998
vn -0.0319 -0.4921 -0.8699
vn 0.5270 -0.1544 -0.8357
vn 0.4550 0.1100 -0.8837
vn 0.2280 0.5242 -0.8205
vn 0.0000 0.3826 -0.9239
vn -0.3204 0.5469 -0.7735
vn 0.0000 0.0000 -1.0000
# 720 vertex normals

vt 0.8452 0.4532 0.0000
vt 0.8182 0.4773 0.0000
vt 0.8165 0.4749 0.0000
vt 0.8151 0.4724 0.0000
vt 0.8283 0.5213 0.0000
vt 0.8417 0.4931 0.0000
vt 0.8452 0.4940 0.0000
vt 0.8331 0.5241 0.0000
vt 0.7874 0.4670 0.0000
vt 0.8109 0.4617 0.0000
vt 0.8117 0.4645 0.0000
vt 0.7885 0.4711 0.0000
vt 0.8105 0.4445 0.0000
vt 0.7861 0.4413 0.0000
vt 0.7867 0.4369 0.0000
vt 0.8111 0.4416 0.0000
vt 0.8194 0.4252 0.0000
vt 0.7954 0.4107 0.0000
vt 0.7978 0.4062 0.0000
vt 0.8216 0.4228 0.0000
vt 0.8119 0.5090 0.0000
vt 0.8295 0.4878 0.0000
vt 0.8323 0.4894 0.0000
vt 0.8156 0.5123 0.0000
vt 0.7912 0.4793 0.0000
vt 0.8138 0.4698 0.0000
vt 0.7930 0.4833 0.0000
vt 0.8384 0.4922 0.0000
vt 0.8237 0.5185 0.0000
vt 0.8195 0.5154 0.0000
vt 0.8353 0.4908 0.0000
vt 0.8131 0.4359 0.0000
vt 0.7885 0.4281 0.0000
vt 0.7899 0.4238 0.0000
vt 0.8143 0.4332 0.0000
vt 0.8120 0.4388 0.0000
vt 0.7874 0.4325 0.0000
vt 0.7524 0.4746 0.0000
vt 0.7513 0.4687 0.0000
vt 0.7867 0.4628 0.0000
vt 0.7504 0.4628 0.0000
vt 0.7861 0.4585 0.0000
vt 0.8269 0.4860 0.0000
vt 0.8175 0.4278 0.0000
vt 0.1060 0.0986 0.0000
vt 0.1034 0.0920 0.0000
vt 0.1034 0.1050 0.0000
vt 0.1053 0.1021 0.0000
vt 0.7351 0.5393 0.0000
vt 0.7705 0.5199 0.0000
vt 0.7740 0.5253 0.0000
vt 0.7388 0.5463 0.0000
vt 0.7496 0.4387 0.0000
vt 0.7111 0.4377 0.0000
vt 0.7112 0.4302 0.0000
vt 0.7500 0.4326 0.0000
vt 0.7777 0.5307 0.0000
vt 0.8084 0.5056 0.0000
vt 0.7818 0.5360 0.0000
vt 0.7288 0.6155 0.0000
vt 0.7672 0.5880 0.0000
vt 0.7731 0.5949 0.0000
vt 0.7344 0.6238 0.0000
vt 0.7184 0.4967 0.0000
vt 0.6793 0.5066 0.0000
vt 0.6773 0.4981 0.0000
vt 0.7166 0.4894 0.0000
vt 0.6229 0.4386 0.0000
vt 0.6707 0.4377 0.0000
vt 0.6708 0.4465 0.0000
vt 0.6233 0.4486 0.0000
vt 0.6898 0.5404 0.0000
vt 0.6434 0.5568 0.0000
vt 0.6403 0.5471 0.0000
vt 0.6868 0.5320 0.0000
vt 0.7119 0.4601 0.0000
vt 0.7498 0.4568 0.0000
vt 0.7126 0.4675 0.0000
vt 0.7111 0.4452 0.0000
vt 0.7494 0.4448 0.0000
vt 0.7495 0.4509 0.0000
vt 0.7113 0.4527 0.0000
vt 0.7856 0.4499 0.0000
vt 0.7857 0.4456 0.0000
vt 0.7934 0.4150 0.0000
vt 0.7560 0.4015 0.0000
vt 0.7580 0.3952 0.0000
vt 0.7471 0.5603 0.0000
vt 0.7089 0.5821 0.0000
vt 0.7046 0.5738 0.0000
vt 0.7428 0.5533 0.0000
vt 0.6713 0.4551 0.0000
vt 0.7135 0.5904 0.0000
vt 0.6678 0.6142 0.0000
vt 0.6632 0.6048 0.0000
vt 0.6542 0.6788 0.0000
vt 0.6578 0.6610 0.0000
vt 0.6542 0.6603 0.0000
vt 0.6507 0.6780 0.0000
vt 0.7178 0.3839 0.0000
vt 0.7161 0.3918 0.0000
vt 0.7857 0.4543 0.0000
vt 0.8053 0.5021 0.0000
vt 0.7256 0.5182 0.0000
vt 0.6840 0.5236 0.0000
vt 0.7230 0.5110 0.0000
vt 0.7285 0.5252 0.0000
vt 0.6588 0.5953 0.0000
vt 0.6237 0.4584 0.0000
vt 0.7537 0.4804 0.0000
vt 0.7554 0.4862 0.0000
vt 0.7244 0.3599 0.0000
vt 0.7659 0.3760 0.0000
vt 0.7629 0.3825 0.0000
vt 0.7219 0.3680 0.0000
vt 0.7915 0.4194 0.0000
vt 0.7543 0.4079 0.0000
vt 0.7005 0.5655 0.0000
vt 0.6741 0.4810 0.0000
vt 0.6269 0.4882 0.0000
vt 0.6255 0.4783 0.0000
vt 0.6729 0.4725 0.0000
vt 0.6967 0.5572 0.0000
vt 0.6506 0.5761 0.0000
vt 0.6469 0.5665 0.0000
vt 0.6931 0.5488 0.0000
vt 0.6816 0.5151 0.0000
vt 0.7206 0.5038 0.0000
vt 0.7150 0.4821 0.0000
vt 0.6756 0.4896 0.0000
vt 0.7137 0.4748 0.0000
vt 0.6245 0.4684 0.0000
vt 0.6720 0.4639 0.0000
vt 0.7316 0.5323 0.0000
vt 0.7644 0.5089 0.0000
vt 0.7672 0.5144 0.0000
vt 0.7898 0.4753 0.0000
vt 0.8158 0.4305 0.0000
vt 0.7527 0.4141 0.0000
vt 0.8009 0.5565 0.0000
vt 0.8066 0.5614 0.0000
vt 0.8098 0.4503 0.0000
vt 0.8101 0.4475 0.0000
vt 0.7951 0.4872 0.0000
vt 0.7972 0.4911 0.0000
vt 0.8126 0.4671 0.0000
vt 0.8024 0.4986 0.0000
vt 0.8222 0.4818 0.0000
vt 0.8245 0.4840 0.0000
vt 0.7996 0.4948 0.0000
vt 0.8201 0.4797 0.0000
vt 0.8006 0.4019 0.0000
vt 0.8240 0.4204 0.0000
vt 0.8266 0.4182 0.0000
vt 0.8036 0.3975 0.0000
vt 0.8104 0.4589 0.0000
vt 0.8101 0.4561 0.0000
vt 0.7507 0.4264 0.0000
vt 0.7515 0.4202 0.0000
vt 0.7957 0.5514 0.0000
vt 0.7572 0.4919 0.0000
vt 0.7593 0.4976 0.0000
vt 0.7603 0.3889 0.0000
vt 0.7861 0.5412 0.0000
vt 0.7908 0.5463 0.0000
vt 0.7146 0.3996 0.0000
vt 0.7134 0.4073 0.0000
vt 0.7516 0.5672 0.0000
vt 0.7566 0.5742 0.0000
vt 0.8997 0.4877 0.0000
vt 0.9088 0.4878 0.0000
vt 0.9059 0.3935 0.0000
vt 0.8997 0.3935 0.0000
vt 0.7197 0.3760 0.0000
vt 0.7617 0.5811 0.0000
vt 0.7617 0.5033 0.0000
vt 0.7124 0.4149 0.0000
vt 0.7117 0.4226 0.0000
vt 0.8098 0.4532 0.0000
vt 0.8465 0.6840 0.0000
vt 0.8507 0.6656 0.0000
vt 0.8414 0.6649 0.0000
vt 0.8401 0.6836 0.0000
vt 0.6321 0.3400 0.0000
vt 0.6810 0.3487 0.0000
vt 0.6790 0.3578 0.0000
vt 0.6305 0.3497 0.0000
vt 0.6773 0.3669 0.0000
vt 0.6757 0.3760 0.0000
vt 0.6289 0.3595 0.0000
vt 0.6275 0.3694 0.0000
vt 0.6744 0.3849 0.0000
vt 0.6263 0.3792 0.0000
vt 0.6732 0.3939 0.0000
vt 0.6252 0.3890 0.0000
vt 0.6830 0.6424 0.0000
vt 0.6885 0.6518 0.0000
vt 0.6242 0.3990 0.0000
vt 0.6722 0.4028 0.0000
vt 0.6715 0.4115 0.0000
vt 0.6236 0.4088 0.0000
vt 0.6284 0.4980 0.0000
vt 0.6709 0.4204 0.0000
vt 0.6707 0.4291 0.0000
vt 0.6302 0.5080 0.0000
vt 0.6324 0.5178 0.0000
vt 0.6777 0.6331 0.0000
vt 0.7234 0.6071 0.0000
vt 0.7183 0.5987 0.0000
vt 0.6727 0.6237 0.0000
vt 0.6546 0.5857 0.0000
vt 0.6374 0.5374 0.0000
vt 0.6231 0.4188 0.0000
vt 0.6229 0.4286 0.0000
vt 0.6348 0.5275 0.0000
vt 0.4822 0.1927 0.0000
vt 0.4822 0.0983 0.0000
vt 0.4706 0.0986 0.0000
vt 0.4706 0.1928 0.0000
vt 0.9732 0.2954 0.0000
vt 0.9766 0.2569 0.0000
vt 0.9730 0.2566 0.0000
vt 0.3415 0.9975 0.0000
vt 0.3415 0.9459 0.0000
vt 0.3510 0.9459 0.0000
vt 0.3510 0.9975 0.0000
vt 0.9785 0.1984 0.0000
vt 0.9771 0.1808 0.0000
vt 0.9749 0.1984 0.0000
vt 0.9730 0.0512 0.0000
vt 0.9729 0.0895 0.0000
vt 0.9765 0.0892 0.0000
vt 0.9027 0.7457 0.0000
vt 0.9063 0.7459 0.0000
vt 0.9082 0.6875 0.0000
vt 0.9046 0.6875 0.0000
vt 0.9753 0.1479 0.0000
vt 0.9776 0.1658 0.0000
vt 0.9789 0.1479 0.0000
vt 0.9117 0.1758 0.0000
vt 0.9068 0.1936 0.0000
vt 0.9104 0.1945 0.0000
vt 0.9117 0.1709 0.0000
vt 0.9104 0.1521 0.0000
vt 0.9068 0.1532 0.0000
vt 0.9029 0.7844 0.0000
vt 0.9513 0.6483 0.0000
vt 0.9453 0.6483 0.0000
vt 0.9453 0.6518 0.0000
vt 0.9513 0.6518 0.0000
vt 0.9068 0.6699 0.0000
vt 0.7059 0.1223 0.0000
vt 0.7059 0.0839 0.0000
vt 0.7023 0.0841 0.0000
vt 0.1934 0.9975 0.0000
vt 0.1930 0.4601 0.0000
vt 0.2025 0.4600 0.0000
vt 0.2030 0.9975 0.0000
vt 0.7036 0.0256 0.0000
vt 0.7012 0.0077 0.0000
vt 0.7000 0.0254 0.0000
vt 0.8365 0.6826 0.0000
vt 0.7671 0.0025 0.0000
vt 0.7684 0.0212 0.0000
vt 0.7722 0.0202 0.0000
vt 0.9166 0.6122 0.0000
vt 0.9200 0.5737 0.0000
vt 0.9164 0.5734 0.0000
vt 0.7357 0.8246 0.0000
vt 0.7755 0.8272 0.0000
vt 0.7750 0.8341 0.0000
vt 0.7352 0.8319 0.0000
vt 0.9219 0.5152 0.0000
vt 0.9206 0.4976 0.0000
vt 0.9183 0.5154 0.0000
vt 0.6891 0.0417 0.0000
vt 0.6890 0.0801 0.0000
vt 0.6926 0.0799 0.0000
vt 0.5863 0.1145 0.0000
vt 0.5899 0.1147 0.0000
vt 0.5918 0.0562 0.0000
vt 0.5883 0.0563 0.0000
vt 0.6914 0.1384 0.0000
vt 0.6938 0.1563 0.0000
vt 0.6950 0.1385 0.0000
vt 0.8551 0.4928 0.0000
vt 0.8501 0.5104 0.0000
vt 0.8537 0.5114 0.0000
vt 0.6278 0.1615 0.0000
vt 0.6265 0.1428 0.0000
vt 0.6229 0.1438 0.0000
vt 0.5865 0.1532 0.0000
vt 0.4273 0.3713 0.0000
vt 0.4273 0.5420 0.0000
vt 0.4177 0.5420 0.0000
vt 0.4177 0.3713 0.0000
vt 0.5905 0.0387 0.0000
vt 0.9794 0.7043 0.0000
vt 0.9792 0.7427 0.0000
vt 0.9828 0.7424 0.0000
vt 0.8335 0.1176 0.0000
vt 0.8534 0.1176 0.0000
vt 0.8534 0.0978 0.0000
vt 0.8335 0.0978 0.0000
vt 0.9816 0.8010 0.0000
vt 0.9839 0.8188 0.0000
vt 0.9852 0.8011 0.0000
vt 0.5250 0.0337 0.0000
vt 0.5202 0.0513 0.0000
vt 0.5238 0.0524 0.0000
vt 0.9180 0.8240 0.0000
vt 0.9167 0.8053 0.0000
vt 0.9131 0.8063 0.0000
vt 0.2985 0.9974 0.0000
vt 0.2974 0.4580 0.0000
vt 0.3070 0.4577 0.0000
vt 0.3080 0.9974 0.0000
vt 0.8335 0.1374 0.0000
vt 0.8534 0.1374 0.0000
vt 0.7375 0.8030 0.0000
vt 0.7771 0.8067 0.0000
vt 0.7765 0.8135 0.0000
vt 0.7368 0.8102 0.0000
vt 0.8534 0.1572 0.0000
vt 0.8335 0.1572 0.0000
vt 0.8335 0.1615 0.0000
vt 0.8534 0.1615 0.0000
vt 0.6657 0.6761 0.0000
vt 0.6788 0.6761 0.0000
vt 0.6788 0.6631 0.0000
vt 0.6657 0.6631 0.0000
vt 0.6255 0.9744 0.0000
vt 0.6401 0.9744 0.0000
vt 0.6401 0.6607 0.0000
vt 0.6255 0.6607 0.0000
vt 0.8435 0.2642 0.0000
vt 0.8435 0.2985 0.0000
vt 0.7648 0.2462 0.0000
vt 0.7651 0.1665 0.0000
vt 0.6477 0.9975 0.0000
vt 0.6675 0.9975 0.0000
vt 0.6675 0.6837 0.0000
vt 0.6477 0.6837 0.0000
vt 0.2125 0.9975 0.0000
vt 0.2119 0.4599 0.0000
vt 0.2213 0.4597 0.0000
vt 0.2220 0.9975 0.0000
vt 0.8648 0.3437 0.0000
vt 0.8648 0.3423 0.0000
vt 0.8501 0.3423 0.0000
vt 0.8501 0.3437 0.0000
vt 0.7419 0.9827 0.0000
vt 0.7807 0.9783 0.0000
vt 0.7814 0.9851 0.0000
vt 0.7429 0.9896 0.0000
vt 0.1108 0.3055 0.0000
vt 0.1112 0.2871 0.0000
vt 0.1199 0.2872 0.0000
vt 0.1197 0.3056 0.0000
vt 0.7150 0.9877 0.0000
vt 0.7171 0.9944 0.0000
vt 0.8697 0.3647 0.0000
vt 0.8697 0.3686 0.0000
vt 0.8891 0.3608 0.0000
vt 0.8891 0.3570 0.0000
vt 0.8891 0.3806 0.0000
vt 0.8697 0.3884 0.0000
vt 0.7362 0.8175 0.0000
vt 0.7760 0.8204 0.0000
vt 0.9152 0.3845 0.0000
vt 0.8957 0.3768 0.0000
vt 0.8957 0.3806 0.0000
vt 0.9152 0.3884 0.0000
vt 0.7408 0.9759 0.0000
vt 0.7798 0.9714 0.0000
vt 0.8501 0.3686 0.0000
vt 0.8501 0.3884 0.0000
vt 0.8648 0.3884 0.0000
vt 0.8648 0.3686 0.0000
vt 0.8978 0.1373 0.0000
vt 0.9008 0.1354 0.0000
vt 0.8978 0.1203 0.0000
vt 0.8943 0.1196 0.0000
vt 0.8501 0.3647 0.0000
vt 0.8648 0.3647 0.0000
vt 0.5608 0.9975 0.0000
vt 0.5608 0.9459 0.0000
vt 0.5702 0.9459 0.0000
vt 0.5702 0.9975 0.0000
vt 0.4559 0.3713 0.0000
vt 0.4559 0.5420 0.0000
vt 0.4464 0.5420 0.0000
vt 0.4464 0.3713 0.0000
vt 0.4655 0.5420 0.0000
vt 0.4655 0.9459 0.0000
vt 0.4559 0.9459 0.0000
vt 0.9453 0.6230 0.0000
vt 0.9453 0.6266 0.0000
vt 0.9513 0.6266 0.0000
vt 0.9513 0.6230 0.0000
vt 0.7086 0.9430 0.0000
vt 0.7369 0.9404 0.0000
vt 0.7375 0.9476 0.0000
vt 0.7090 0.9506 0.0000
vt 0.7382 0.9548 0.0000
vt 0.7777 0.9509 0.0000
vt 0.7784 0.9578 0.0000
vt 0.7390 0.9618 0.0000
vt 0.4368 0.3713 0.0000
vt 0.4368 0.5420 0.0000
vt 0.0231 0.2841 0.0000
vt 0.0222 0.3023 0.0000
vt 0.0134 0.3018 0.0000
vt 0.0144 0.2836 0.0000
vt 0.7072 0.9280 0.0000
vt 0.7357 0.9260 0.0000
vt 0.7363 0.9333 0.0000
vt 0.7078 0.9354 0.0000
vt 0.3892 0.3713 0.0000
vt 0.3892 0.5420 0.0000
vt 0.3797 0.5420 0.0000
vt 0.3797 0.3713 0.0000
vt 0.3701 0.5420 0.0000
vt 0.3701 0.3713 0.0000
vt 0.7064 0.9131 0.0000
vt 0.7348 0.9116 0.0000
vt 0.7353 0.9188 0.0000
vt 0.7066 0.9206 0.0000
vt 0.0973 0.0920 0.0000
vt 0.0973 0.1050 0.0000
vt 0.4940 0.5420 0.0000
vt 0.4940 0.3713 0.0000
vt 0.5035 0.3713 0.0000
vt 0.5035 0.5420 0.0000
vt 0.0513 0.4591 0.0000
vt 0.0502 0.9974 0.0000
vt 0.0406 0.9974 0.0000
vt 0.0418 0.4590 0.0000
vt 0.3321 0.3713 0.0000
vt 0.3321 0.5420 0.0000
vt 0.3225 0.5420 0.0000
vt 0.3225 0.3713 0.0000
vt 0.3130 0.5420 0.0000
vt 0.3130 0.3713 0.0000
vt 0.7344 0.8972 0.0000
vt 0.7741 0.8960 0.0000
vt 0.7743 0.9029 0.0000
vt 0.7346 0.9043 0.0000
vt 0.4655 0.9975 0.0000
vt 0.4750 0.9459 0.0000
vt 0.4750 0.9975 0.0000
vt 0.1641 0.1050 0.0000
vt 0.1641 0.0920 0.0000
vt 0.1581 0.0920 0.0000
vt 0.1581 0.1050 0.0000
vt 0.3130 0.9975 0.0000
vt 0.3130 0.9459 0.0000
vt 0.3225 0.9459 0.0000
vt 0.3225 0.9975 0.0000
vt 0.4273 0.9459 0.0000
vt 0.4368 0.9459 0.0000
vt 0.4559 0.9975 0.0000
vt 0.7054 0.8906 0.0000
vt 0.7341 0.8899 0.0000
vt 0.7059 0.8981 0.0000
vt 0.7348 0.8391 0.0000
vt 0.7747 0.8409 0.0000
vt 0.7744 0.8479 0.0000
vt 0.7345 0.8464 0.0000
vt 0.5798 0.5420 0.0000
vt 0.5798 0.9459 0.0000
vt 0.5702 0.5420 0.0000
vt 0.2529 0.3039 0.0000
vt 0.2522 0.2857 0.0000
vt 0.2609 0.2853 0.0000
vt 0.2616 0.3035 0.0000
vt 0.3797 0.9975 0.0000
vt 0.3797 0.9459 0.0000
vt 0.3892 0.9459 0.0000
vt 0.3892 0.9975 0.0000
vt 0.3988 0.5420 0.0000
vt 0.3988 0.9459 0.0000
vt 0.7341 0.8608 0.0000
vt 0.7740 0.8616 0.0000
vt 0.7740 0.8685 0.0000
vt 0.7340 0.8681 0.0000
vt 0.0664 0.3044 0.0000
vt 0.0672 0.2860 0.0000
vt 0.0759 0.2863 0.0000
vt 0.0753 0.3046 0.0000
vt 0.2698 0.9974 0.0000
vt 0.2687 0.4588 0.0000
vt 0.2783 0.4585 0.0000
vt 0.2793 0.9974 0.0000
vt 0.0488 0.3036 0.0000
vt 0.0495 0.2853 0.0000
vt 0.0583 0.2857 0.0000
vt 0.0576 0.3040 0.0000
vt 0.7053 0.8604 0.0000
vt 0.7053 0.8680 0.0000
vt 0.7340 0.8754 0.0000
vt 0.7053 0.8755 0.0000
vt 0.3988 0.9975 0.0000
vt 0.7738 0.8754 0.0000
vt 0.0399 0.3033 0.0000
vt 0.0408 0.2849 0.0000
vt 0.3415 0.5420 0.0000
vt 0.3510 0.5420 0.0000
vt 0.0310 0.3028 0.0000
vt 0.0319 0.2844 0.0000
vt 0.4177 0.9975 0.0000
vt 0.4177 0.9459 0.0000
vt 0.4273 0.9975 0.0000
vt 0.7567 0.7400 0.0000
vt 0.7053 0.6887 0.0000
vt 0.7105 0.6836 0.0000
vt 0.7617 0.7350 0.0000
vt 0.1175 0.4601 0.0000
vt 0.1171 0.9975 0.0000
vt 0.1075 0.9975 0.0000
vt 0.1081 0.4601 0.0000
vt 0.7062 0.9057 0.0000
vt 0.3321 0.9459 0.0000
vt 0.4368 0.9975 0.0000
vt 0.4464 0.9459 0.0000
vt 0.4464 0.9975 0.0000
vt 0.0847 0.2865 0.0000
vt 0.0842 0.3048 0.0000
vt 0.7747 0.9097 0.0000
vt 0.4655 0.3713 0.0000
vt 0.4750 0.3713 0.0000
vt 0.4750 0.5420 0.0000
vt 0.4846 0.3713 0.0000
vt 0.4846 0.5420 0.0000
vt 0.4846 0.9459 0.0000
vt 0.4846 0.9975 0.0000
vt 0.0936 0.2867 0.0000
vt 0.0931 0.3051 0.0000
vt 0.2053 0.1050 0.0000
vt 0.2053 0.0920 0.0000
vt 0.1993 0.0920 0.0000
vt 0.1993 0.1050 0.0000
vt 0.7740 0.8892 0.0000
vt 0.5035 0.9459 0.0000
vt 0.4940 0.9459 0.0000
vt 0.3510 0.3713 0.0000
vt 0.3415 0.3713 0.0000
vt 0.5131 0.5420 0.0000
vt 0.5131 0.9459 0.0000
vt 0.5226 0.5420 0.0000
vt 0.5226 0.9459 0.0000
vt 0.5798 0.9975 0.0000
vt 0.5893 0.9459 0.0000
vt 0.5893 0.9975 0.0000
vt 0.2961 0.2835 0.0000
vt 0.2970 0.3017 0.0000
vt 0.2883 0.3022 0.0000
vt 0.2873 0.2840 0.0000
vt 0.7760 0.9303 0.0000
vt 0.7765 0.9371 0.0000
vt 0.7771 0.9441 0.0000
vt 0.5131 0.3713 0.0000
vt 0.5226 0.3713 0.0000
vt 0.7750 0.9166 0.0000
vt 0.7755 0.9234 0.0000
vt 0.5322 0.5420 0.0000
vt 0.5322 0.3713 0.0000
vt 0.5417 0.3713 0.0000
vt 0.5417 0.5420 0.0000
vt 0.7342 0.8536 0.0000
vt 0.7742 0.8548 0.0000
vt 0.5226 0.9975 0.0000
vt 0.5322 0.9459 0.0000
vt 0.5322 0.9975 0.0000
vt 0.5417 0.9459 0.0000
vt 0.5417 0.9975 0.0000
vt 0.5513 0.3713 0.0000
vt 0.5513 0.5420 0.0000
vt 0.0132 0.4582 0.0000
vt 0.0121 0.9974 0.0000
vt 0.0025 0.9974 0.0000
vt 0.0036 0.4579 0.0000
vt 0.5513 0.9459 0.0000
vt 0.7100 0.9582 0.0000
vt 0.8828 0.1579 0.0000
vt 0.8768 0.1579 0.0000
vt 0.8768 0.1615 0.0000
vt 0.8828 0.1615 0.0000
vt 0.7108 0.9657 0.0000
vt 0.6401 0.6568 0.0000
vt 0.6255 0.6568 0.0000
vt 0.7060 0.8376 0.0000
vt 0.7059 0.8452 0.0000
vt 0.5798 0.3713 0.0000
vt 0.5893 0.3713 0.0000
vt 0.5893 0.5420 0.0000
vt 0.8583 0.1074 0.0000
vt 0.8768 0.1074 0.0000
vt 0.8768 0.1039 0.0000
vt 0.8583 0.1039 0.0000
vt 0.5989 0.5420 0.0000
vt 0.5989 0.9459 0.0000
vt 0.5035 0.9975 0.0000
vt 0.5131 0.9975 0.0000
vt 0.9152 0.3647 0.0000
vt 0.9167 0.3845 0.0000
vt 0.9167 0.3647 0.0000
vt 0.5989 0.9975 0.0000
vt 0.5989 0.3713 0.0000
vt 0.6084 0.3713 0.0000
vt 0.6084 0.5420 0.0000
vt 0.6180 0.3713 0.0000
vt 0.6180 0.5420 0.0000
vt 0.6084 0.9459 0.0000
vt 0.6180 0.9459 0.0000
vt 0.1023 0.2870 0.0000
vt 0.1019 0.3053 0.0000
vt 0.7119 0.9732 0.0000
vt 0.7400 0.9688 0.0000
vt 0.7135 0.9805 0.0000
vt 0.7382 0.7959 0.0000
vt 0.7777 0.7997 0.0000
vt 0.9167 0.3884 0.0000
vt 0.2602 0.9974 0.0000
vt 0.2592 0.4590 0.0000
vt 0.1270 0.4602 0.0000
vt 0.1265 0.9975 0.0000
vt 0.0892 0.4599 0.0000
vt 0.0884 0.9975 0.0000
vt 0.0788 0.9975 0.0000
vt 0.0798 0.4597 0.0000
vt 0.2308 0.4596 0.0000
vt 0.2316 0.9975 0.0000
vt 0.6229 0.9975 0.0000
vt 0.6427 0.9975 0.0000
vt 0.6427 0.9777 0.0000
vt 0.6229 0.9777 0.0000
vt 0.2411 0.9974 0.0000
vt 0.2403 0.4594 0.0000
vt 0.2498 0.4592 0.0000
vt 0.2507 0.9974 0.0000
vt 0.3606 0.5420 0.0000
vt 0.3606 0.9459 0.0000
vt 0.2697 0.2848 0.0000
vt 0.2705 0.3031 0.0000
vt 0.0322 0.4588 0.0000
vt 0.0312 0.9974 0.0000
vt 0.0216 0.9974 0.0000
vt 0.0228 0.4585 0.0000
vt 0.9513 0.5784 0.0000
vt 0.9328 0.5784 0.0000
vt 0.9328 0.5821 0.0000
vt 0.9513 0.5821 0.0000
vt 0.8534 0.0936 0.0000
vt 0.8335 0.0936 0.0000
vt 0.1286 0.3057 0.0000
vt 0.0608 0.4594 0.0000
vt 0.0703 0.4595 0.0000
vt 0.1730 0.3058 0.0000
vt 0.1742 0.4602 0.0000
vt 0.1647 0.4602 0.0000
vt 0.1641 0.3058 0.0000
vt 0.2794 0.3027 0.0000
vt 0.2878 0.4583 0.0000
vt 0.2174 0.3051 0.0000
vt 0.2085 0.3053 0.0000
vt 0.2351 0.3046 0.0000
vt 0.2262 0.3048 0.0000
vt 0.2440 0.3042 0.0000
vt 0.1996 0.3055 0.0000
vt 0.1907 0.3056 0.0000
vt 0.1364 0.4602 0.0000
vt 0.1375 0.3058 0.0000
vt 0.1463 0.3058 0.0000
vt 0.1459 0.4602 0.0000
vt 0.1552 0.3058 0.0000
vt 0.1553 0.4602 0.0000
vt 0.9464 0.4590 0.0000
vt 0.9524 0.4590 0.0000
vt 0.9524 0.4554 0.0000
vt 0.9464 0.4554 0.0000
vt 0.0987 0.4600 0.0000
vt 0.0980 0.9975 0.0000
vt 0.1839 0.9975 0.0000
vt 0.1835 0.4601 0.0000
vt 0.7791 0.7860 0.0000
vt 0.7399 0.7818 0.0000
vt 0.7408 0.7747 0.0000
vt 0.7798 0.7792 0.0000
vt 0.1456 0.9975 0.0000
vt 0.1361 0.9975 0.0000
vt 0.4083 0.9975 0.0000
vt 0.4083 0.9459 0.0000
vt 0.1287 0.2874 0.0000
vt 0.6725 0.9975 0.0000
vt 0.6924 0.9975 0.0000
vt 0.6924 0.6837 0.0000
vt 0.6725 0.6837 0.0000
vt 0.3606 0.3713 0.0000
vt 0.2889 0.9974 0.0000
vt 0.7170 0.7563 0.0000
vt 0.7429 0.7610 0.0000
vt 0.7418 0.7679 0.0000
vt 0.7149 0.7629 0.0000
vt 0.1819 0.3057 0.0000
vt 0.7057 0.8528 0.0000
vt 0.7340 0.8827 0.0000
vt 0.7740 0.8822 0.0000
vt 0.7807 0.7723 0.0000
vt 0.3701 0.9459 0.0000
vt 0.6084 0.9975 0.0000
vt 0.6180 0.9975 0.0000
vt 0.1648 0.9975 0.0000
vt 0.1743 0.9975 0.0000
vt 0.0693 0.9975 0.0000
vt 0.0597 0.9974 0.0000
vt 0.7082 0.8075 0.0000
vt 0.7077 0.8151 0.0000
vt 0.1552 0.2875 0.0000
vt 0.1463 0.2875 0.0000
vt 0.1641 0.2875 0.0000
vt 0.7106 0.7849 0.0000
vt 0.7390 0.7888 0.0000
vt 0.7099 0.7925 0.0000
vt 0.1729 0.2875 0.0000
vt 0.1817 0.2874 0.0000
vt 0.7119 0.7775 0.0000
vt 0.7135 0.7702 0.0000
vt 0.1993 0.2871 0.0000
vt 0.2081 0.2870 0.0000
vt 0.3606 0.9975 0.0000
vt 0.2258 0.2865 0.0000
vt 0.2345 0.2863 0.0000
vt 0.2433 0.2859 0.0000
vt 0.5702 0.3713 0.0000
vt 0.4940 0.9975 0.0000
vt 0.7814 0.7655 0.0000
vt 0.7041 0.7763 0.0000
vt 0.7056 0.7685 0.0000
vt 0.6984 0.9062 0.0000
vt 0.6988 0.9137 0.0000
vt 0.6976 0.8525 0.0000
vt 0.6980 0.8447 0.0000
vt 0.6975 0.8602 0.0000
vt 0.7075 0.7608 0.0000
vt 0.6996 0.9283 0.0000
vt 0.6999 0.9359 0.0000
vt 0.7070 0.8226 0.0000
vt 0.6993 0.8221 0.0000
vt 0.6998 0.8144 0.0000
vt 0.7068 0.8301 0.0000
vt 0.6988 0.8296 0.0000
vt 0.6985 0.8373 0.0000
vt 0.7030 0.9669 0.0000
vt 0.7042 0.9746 0.0000
vt 0.6973 0.8679 0.0000
vt 0.6974 0.8758 0.0000
vt 0.7012 0.9514 0.0000
vt 0.7020 0.9591 0.0000
vt 0.7057 0.9822 0.0000
vt 0.7076 0.9899 0.0000
vt 0.7004 0.8068 0.0000
vt 0.6980 0.8985 0.0000
vt 0.7053 0.8831 0.0000
vt 0.6975 0.8834 0.0000
vt 0.7101 0.7531 0.0000
vt 0.9168 0.1517 0.0000
vt 0.9212 0.1702 0.0000
vt 0.7021 0.7914 0.0000
vt 0.7030 0.7838 0.0000
vt 0.6978 0.8909 0.0000
vt 0.7004 0.9437 0.0000
vt 0.7102 0.9975 0.0000
vt 0.7011 0.7991 0.0000
vt 0.7092 0.8000 0.0000
vt 0.6993 0.9210 0.0000
vt 0.1376 0.2875 0.0000
vt 0.8768 0.1327 0.0000
vt 0.8828 0.1327 0.0000
vt 0.8828 0.1291 0.0000
vt 0.8768 0.1291 0.0000
vt 0.8768 0.1364 0.0000
vt 0.8828 0.1364 0.0000
vt 0.9524 0.4337 0.0000
vt 0.9524 0.4302 0.0000
vt 0.9464 0.4302 0.0000
vt 0.9464 0.4337 0.0000
vt 0.8583 0.1327 0.0000
vt 0.8583 0.1291 0.0000
vt 0.2784 0.2844 0.0000
vt 0.8828 0.1074 0.0000
vt 0.8828 0.1039 0.0000
vt 0.1905 0.2872 0.0000
vt 0.1916 0.1050 0.0000
vt 0.1916 0.0920 0.0000
vt 0.1855 0.0920 0.0000
vt 0.1855 0.1050 0.0000
vt 0.1504 0.1050 0.0000
vt 0.1504 0.0920 0.0000
vt 0.1444 0.0920 0.0000
vt 0.1444 0.1050 0.0000
vt 0.8907 0.3806 0.0000
vt 0.8907 0.3608 0.0000
vt 0.5608 0.5420 0.0000
vt 0.5608 0.3713 0.0000
vt 0.4083 0.5420 0.0000
vt 0.3701 0.9975 0.0000
vt 0.3321 0.9975 0.0000
vt 0.4083 0.3713 0.0000
vt 0.3988 0.3713 0.0000
vt 0.1778 0.1050 0.0000
vt 0.1778 0.0920 0.0000
vt 0.1718 0.0920 0.0000
vt 0.1718 0.1050 0.0000
vt 0.5513 0.9975 0.0000
vt 0.7791 0.9646 0.0000
vt 0.8907 0.3570 0.0000
vt 0.2169 0.2867 0.0000
vt 0.1171 0.1050 0.0000
vt 0.1171 0.0920 0.0000
vt 0.1111 0.0920 0.0000
vt 0.1111 0.1050 0.0000
vt 0.1367 0.1050 0.0000
vt 0.1367 0.0920 0.0000
vt 0.1307 0.0920 0.0000
vt 0.1307 0.1050 0.0000
vt 0.6158 0.3508 0.0000
vt 0.6135 0.3663 0.0000
vt 0.6135 0.3505 0.0000
vt 0.6158 0.3351 0.0000
vt 0.6085 0.2874 0.0000
vt 0.5972 0.3663 0.0000
vt 0.5969 0.2865 0.0000
vt 0.6085 0.2010 0.0000
vt 0.1444 0.1988 0.0000
vt 0.2230 0.1466 0.0000
vt 0.2231 0.1808 0.0000
vt 0.1447 0.2785 0.0000
vt 0.7016 0.2985 0.0000
vt 0.7016 0.3350 0.0000
vt 0.6231 0.3324 0.0000
vt 0.6229 0.2462 0.0000
vt 0.7598 0.3192 0.0000
vt 0.7599 0.3349 0.0000
vt 0.0608 0.2420 0.0000
vt 0.0025 0.2628 0.0000
vt 0.0025 0.2470 0.0000
vt 0.0607 0.2077 0.0000
vt 0.7681 0.6591 0.0000
vt 0.7622 0.6569 0.0000
vt 0.7622 0.6684 0.0000
vt 0.7681 0.6706 0.0000
vt 0.7507 0.7440 0.0000
vt 0.7014 0.6947 0.0000
vt 0.4499 0.1614 0.0000
vt 0.4499 0.1770 0.0000
vt 0.3916 0.1563 0.0000
vt 0.3917 0.1220 0.0000
vt 0.7864 0.9178 0.0000
vt 0.8650 0.8655 0.0000
vt 0.8651 0.8998 0.0000
vt 0.7867 0.9975 0.0000
vt 0.5302 0.0528 0.0000
vt 0.5345 0.0343 0.0000
vt 0.3917 0.1978 0.0000
vt 0.4499 0.1978 0.0000
vt 0.4499 0.2135 0.0000
vt 0.3916 0.2343 0.0000
vt 0.6327 0.0471 0.0000
vt 0.6330 0.1423 0.0000
vt 0.6323 0.0080 0.0000
vt 0.8507 0.6068 0.0000
vt 0.8501 0.6518 0.0000
vt 0.8595 0.6462 0.0000
vt 0.8600 0.6070 0.0000
vt 0.9232 0.8048 0.0000
vt 0.9275 0.8233 0.0000
vt 0.5207 0.1478 0.0000
vt 0.5202 0.1928 0.0000
vt 0.5294 0.1873 0.0000
vt 0.5299 0.1480 0.0000
vt 0.9225 0.6706 0.0000
vt 0.9230 0.7096 0.0000
vt 0.9131 0.6650 0.0000
vt 0.9137 0.7097 0.0000
vt 0.7621 0.0217 0.0000
vt 0.7576 0.0032 0.0000
vt 0.8583 0.1364 0.0000
vt 0.9279 0.4590 0.0000
vt 0.9279 0.4554 0.0000
vt 0.9453 0.6446 0.0000
vt 0.9268 0.6446 0.0000
vt 0.9268 0.6483 0.0000
vt 0.9464 0.4770 0.0000
vt 0.9279 0.4770 0.0000
vt 0.9279 0.4806 0.0000
vt 0.9464 0.4806 0.0000
vt 0.8768 0.1435 0.0000
vt 0.8583 0.1435 0.0000
vt 0.8583 0.1470 0.0000
vt 0.8768 0.1470 0.0000
vt 0.8583 0.1507 0.0000
vt 0.8768 0.1507 0.0000
vt 0.9453 0.6375 0.0000
vt 0.9268 0.6375 0.0000
vt 0.9268 0.6410 0.0000
vt 0.9453 0.6410 0.0000
vt 0.9453 0.6303 0.0000
vt 0.9268 0.6266 0.0000
vt 0.9268 0.6303 0.0000
vt 0.9279 0.4337 0.0000
vt 0.9279 0.4302 0.0000
vt 0.8828 0.1255 0.0000
vt 0.8768 0.1255 0.0000
vt 0.9268 0.6518 0.0000
vt 0.7784 0.7928 0.0000
vt 0.8768 0.1543 0.0000
vt 0.8828 0.1543 0.0000
vt 0.9513 0.6195 0.0000
vt 0.9453 0.6195 0.0000
vt 0.8583 0.1543 0.0000
vt 0.9464 0.4698 0.0000
vt 0.9279 0.4698 0.0000
vt 0.9279 0.4733 0.0000
vt 0.9464 0.4733 0.0000
vt 0.9464 0.4662 0.0000
vt 0.9279 0.4662 0.0000
vt 0.9268 0.6230 0.0000
vt 0.9268 0.6195 0.0000
vt 0.9513 0.5641 0.0000
vt 0.9328 0.5641 0.0000
vt 0.9328 0.5676 0.0000
vt 0.9513 0.5676 0.0000
vt 0.8768 0.1111 0.0000
vt 0.8828 0.1111 0.0000
vt 0.0788 0.1019 0.0000
vt 0.0788 0.0903 0.0000
vt 0.0703 0.0935 0.0000
vt 0.0703 0.1050 0.0000
vt 0.0025 0.1019 0.0000
vt 0.0110 0.1050 0.0000
vt 0.0110 0.0935 0.0000
vt 0.0025 0.0903 0.0000
vt 0.8144 0.0672 0.0000
vt 0.8081 0.0672 0.0000
vt 0.8053 0.1615 0.0000
vt 0.8144 0.1615 0.0000
vt 0.7771 0.1615 0.0000
vt 0.7862 0.1615 0.0000
vt 0.7833 0.0672 0.0000
vt 0.7771 0.0672 0.0000
vt 0.8831 0.3934 0.0000
vt 0.8831 0.4877 0.0000
vt 0.8947 0.4878 0.0000
vt 0.8947 0.3935 0.0000
vt 0.7298 0.6684 0.0000
vt 0.7357 0.6706 0.0000
vt 0.7357 0.6591 0.0000
vt 0.7298 0.6569 0.0000
vt 0.0924 0.1019 0.0000
vt 0.0924 0.0903 0.0000
vt 0.0838 0.0935 0.0000
vt 0.0838 0.1050 0.0000
vt 0.3028 0.2629 0.0000
vt 0.3028 0.2473 0.0000
vt 0.3052 0.2628 0.0000
vt 0.3052 0.2785 0.0000
vt 0.7981 0.7444 0.0000
vt 0.7977 0.8240 0.0000
vt 0.7864 0.7451 0.0000
vt 0.7864 0.6588 0.0000
vt 0.7016 0.2642 0.0000
vt 0.6231 0.1665 0.0000
vt 0.9233 0.8448 0.0000
vt 0.9233 0.8605 0.0000
vt 0.8651 0.8290 0.0000
vt 0.9233 0.8290 0.0000
vt 0.7867 0.8315 0.0000
vt 0.8435 0.3350 0.0000
vt 0.7651 0.3324 0.0000
vt 0.7698 0.7154 0.0000
vt 0.7371 0.6756 0.0000
vt 0.7441 0.6769 0.0000
vt 0.7698 0.7083 0.0000
vt 0.7371 0.7481 0.0000
vt 0.6973 0.7083 0.0000
vt 0.6987 0.7012 0.0000
vt 0.7441 0.7467 0.0000
vt 0.9017 0.3192 0.0000
vt 0.9018 0.3349 0.0000
vt 0.9168 0.1949 0.0000
vt 0.9210 0.1766 0.0000
vt 0.8644 0.4934 0.0000
vt 0.8602 0.5118 0.0000
vt 0.9166 0.0564 0.0000
vt 0.9161 0.0174 0.0000
vt 0.7628 0.1560 0.0000
vt 0.7722 0.1615 0.0000
vt 0.7714 0.1168 0.0000
vt 0.7622 0.1169 0.0000
vt 0.8463 0.7792 0.0000
vt 0.9166 0.2901 0.0000
vt 0.9161 0.3294 0.0000
vt 0.6229 0.0025 0.0000
vt 0.6236 0.0472 0.0000
vt 0.8583 0.1255 0.0000
vt 0.9279 0.4374 0.0000
vt 0.9464 0.4374 0.0000
vt 0.9328 0.5425 0.0000
vt 0.9513 0.5425 0.0000
vt 0.9513 0.5388 0.0000
vt 0.9328 0.5388 0.0000
vt 0.9453 0.6338 0.0000
vt 0.9268 0.6338 0.0000
vt 0.9328 0.5460 0.0000
vt 0.9513 0.5460 0.0000
vt 0.9328 0.5533 0.0000
vt 0.9513 0.5533 0.0000
vt 0.9513 0.5496 0.0000
vt 0.9328 0.5496 0.0000
vt 0.9328 0.5353 0.0000
vt 0.9268 0.5353 0.0000
vt 0.9268 0.5388 0.0000
vt 0.9513 0.5978 0.0000
vt 0.9513 0.5942 0.0000
vt 0.9453 0.5942 0.0000
vt 0.9453 0.5978 0.0000
vt 0.9524 0.4662 0.0000
vt 0.9524 0.4625 0.0000
vt 0.9464 0.4625 0.0000
vt 0.9524 0.4374 0.0000
vt 0.1552 0.9975 0.0000
vt 0.9328 0.5604 0.0000
vt 0.9328 0.5568 0.0000
vt 0.9268 0.5568 0.0000
vt 0.9268 0.5604 0.0000
vt 0.9464 0.4841 0.0000
vt 0.9524 0.4841 0.0000
vt 0.9524 0.4806 0.0000
vt 0.9453 0.6158 0.0000
vt 0.9268 0.6158 0.0000
vt 0.8768 0.1219 0.0000
vt 0.8583 0.1219 0.0000
vt 0.9268 0.6122 0.0000
vt 0.9453 0.6122 0.0000
vt 0.9453 0.6087 0.0000
vt 0.9268 0.6087 0.0000
vt 0.9453 0.6050 0.0000
vt 0.9268 0.6050 0.0000
vt 0.9453 0.6014 0.0000
vt 0.9268 0.6014 0.0000
vt 0.9513 0.6303 0.0000
vt 0.8583 0.1579 0.0000
vt 0.9268 0.5978 0.0000
vt 0.6837 0.6672 0.0000
vt 0.6837 0.6788 0.0000
vt 0.6896 0.6767 0.0000
vt 0.6896 0.6651 0.0000
vt 0.0567 0.1019 0.0000
vt 0.0652 0.1050 0.0000
vt 0.0652 0.0935 0.0000
vt 0.0567 0.0903 0.0000
vt 0.8285 0.0672 0.0000
vt 0.8223 0.0672 0.0000
vt 0.8194 0.1615 0.0000
vt 0.8285 0.1615 0.0000
vt 0.6084 0.1959 0.0000
vt 0.6084 0.1016 0.0000
vt 0.5969 0.1017 0.0000
vt 0.5969 0.1960 0.0000
vt 0.5152 0.1927 0.0000
vt 0.5152 0.0983 0.0000
vt 0.5036 0.0986 0.0000
vt 0.5036 0.1928 0.0000
vt 0.7514 0.6684 0.0000
vt 0.7573 0.6706 0.0000
vt 0.7573 0.6591 0.0000
vt 0.7514 0.6569 0.0000
vt 0.8957 0.3570 0.0000
vt 0.8147 0.7444 0.0000
vt 0.8144 0.8240 0.0000
vt 0.8031 0.7451 0.0000
vt 0.8031 0.6588 0.0000
vt 0.8315 0.7444 0.0000
vt 0.8311 0.8240 0.0000
vt 0.8198 0.7451 0.0000
vt 0.8198 0.6588 0.0000
vt 0.5336 0.2955 0.0000
vt 0.5335 0.3297 0.0000
vt 0.4549 0.2775 0.0000
vt 0.4550 0.1978 0.0000
vt 0.2813 0.1258 0.0000
vt 0.2813 0.1415 0.0000
vt 0.0607 0.2785 0.0000
vt 0.0025 0.2785 0.0000
vt 0.1447 0.1125 0.0000
vt 0.2231 0.1100 0.0000
vt 0.5336 0.3663 0.0000
vt 0.4552 0.3638 0.0000
vt 0.3130 0.2865 0.0000
vt 0.3917 0.2686 0.0000
vt 0.3131 0.3663 0.0000
vt 0.7599 0.3035 0.0000
vt 0.5918 0.3505 0.0000
vt 0.5918 0.3662 0.0000
vt 0.6373 0.1608 0.0000
vt 0.8458 0.8185 0.0000
vt 0.9068 0.0118 0.0000
vt 0.9074 0.0567 0.0000
vt 0.1391 0.2761 0.0000
vt 0.1394 0.1898 0.0000
vt 0.9513 0.5604 0.0000
vt 0.8828 0.1399 0.0000
vt 0.8768 0.1399 0.0000
vt 0.9279 0.4841 0.0000
vt 0.8583 0.1399 0.0000
vt 0.9279 0.4482 0.0000
vt 0.9464 0.4482 0.0000
vt 0.9464 0.4445 0.0000
vt 0.9279 0.4445 0.0000
vt 0.8583 0.1147 0.0000
vt 0.8768 0.1147 0.0000
vt 0.8583 0.1111 0.0000
vt 0.9279 0.4625 0.0000
vt 0.9513 0.6446 0.0000
vt 0.9268 0.5857 0.0000
vt 0.9268 0.5892 0.0000
vt 0.9328 0.5892 0.0000
vt 0.9328 0.5857 0.0000
vt 0.9513 0.6014 0.0000
vt 0.9513 0.6158 0.0000
vt 0.9464 0.4517 0.0000
vt 0.9279 0.4517 0.0000
vt 0.9464 0.4410 0.0000
vt 0.9279 0.4410 0.0000
vt 0.9513 0.5857 0.0000
vt 0.9513 0.5892 0.0000
vt 0.8583 0.1615 0.0000
vt 0.9524 0.4517 0.0000
vt 0.7248 0.6591 0.0000
vt 0.7189 0.6569 0.0000
vt 0.7189 0.6684 0.0000
vt 0.7248 0.6706 0.0000
vt 0.0381 0.1019 0.0000
vt 0.0381 0.0903 0.0000
vt 0.0296 0.0935 0.0000
vt 0.0296 0.1050 0.0000
vt 0.9137 0.4877 0.0000
vt 0.9230 0.4878 0.0000
vt 0.9200 0.3935 0.0000
vt 0.9137 0.3935 0.0000
vt 0.4656 0.0986 0.0000
vt 0.4595 0.0986 0.0000
vt 0.4565 0.1928 0.0000
vt 0.4656 0.1927 0.0000
vt 0.4872 0.0983 0.0000
vt 0.4872 0.1927 0.0000
vt 0.4987 0.1928 0.0000
vt 0.4987 0.0985 0.0000
vt 0.2864 0.1841 0.0000
vt 0.2864 0.2784 0.0000
vt 0.2979 0.2785 0.0000
vt 0.2979 0.1842 0.0000
vt 0.7032 0.6684 0.0000
vt 0.7032 0.6569 0.0000
vt 0.6973 0.6591 0.0000
vt 0.6973 0.6706 0.0000
vt 0.0160 0.0935 0.0000
vt 0.0160 0.1050 0.0000
vt 0.0246 0.1019 0.0000
vt 0.0246 0.0903 0.0000
vt 0.6135 0.3146 0.0000
vt 0.6135 0.2989 0.0000
vt 0.6158 0.3143 0.0000
vt 0.6158 0.3301 0.0000
vt 0.3130 0.1040 0.0000
vt 0.3131 0.0244 0.0000
vt 0.9018 0.3035 0.0000
vt 0.2813 0.1101 0.0000
vt 0.3132 0.2003 0.0000
vt 0.3917 0.1928 0.0000
vt 0.3132 0.1903 0.0000
vt 0.1393 0.1100 0.0000
vt 0.5918 0.3349 0.0000
vt 0.4499 0.1927 0.0000
vt 0.9074 0.2900 0.0000
vt 0.9068 0.3350 0.0000
vt 0.8371 0.7791 0.0000
vt 0.8365 0.8240 0.0000
vt 0.9513 0.5568 0.0000
vt 0.9513 0.5353 0.0000
vt 0.8768 0.1183 0.0000
vt 0.8583 0.1183 0.0000
vt 0.9268 0.5942 0.0000
vt 0.9268 0.5533 0.0000
vt 0.9513 0.5316 0.0000
vt 0.9328 0.5316 0.0000
vt 0.9268 0.5316 0.0000
vt 0.9268 0.5641 0.0000
vt 0.9268 0.5676 0.0000
vt 0.9328 0.5712 0.0000
vt 0.9513 0.5712 0.0000
vt 0.9328 0.5749 0.0000
vt 0.9513 0.5749 0.0000
vt 0.9279 0.4878 0.0000
vt 0.9464 0.4878 0.0000
vt 0.9524 0.4878 0.0000
vt 0.9268 0.5821 0.0000
vt 0.7406 0.6591 0.0000
vt 0.7406 0.6706 0.0000
vt 0.7465 0.6684 0.0000
vt 0.7465 0.6569 0.0000
vt 0.0432 0.1019 0.0000
vt 0.0517 0.1050 0.0000
vt 0.0517 0.0935 0.0000
vt 0.0432 0.0903 0.0000
vt 0.8003 0.0672 0.0000
vt 0.7941 0.0672 0.0000
vt 0.7912 0.1615 0.0000
vt 0.8003 0.1615 0.0000
vt 0.2864 0.1791 0.0000
vt 0.2955 0.1791 0.0000
vt 0.2926 0.0848 0.0000
vt 0.2864 0.0848 0.0000
vt 0.8501 0.3934 0.0000
vt 0.8501 0.4877 0.0000
vt 0.8617 0.4878 0.0000
vt 0.8617 0.3935 0.0000
vt 0.8782 0.4877 0.0000
vt 0.8782 0.3934 0.0000
vt 0.8667 0.3935 0.0000
vt 0.8667 0.4878 0.0000
vt 0.7140 0.6684 0.0000
vt 0.7140 0.6569 0.0000
vt 0.7081 0.6591 0.0000
vt 0.7081 0.6706 0.0000
vt 0.8963 0.1031 0.0000
vt 0.8877 0.0999 0.0000
vt 0.8877 0.1115 0.0000
vt 0.8963 0.1146 0.0000
vt 0.7053 0.7350 0.0000
vt 0.7014 0.7290 0.0000
vt 0.7105 0.7400 0.0000
vt 0.7657 0.6947 0.0000
vt 0.7684 0.7012 0.0000
vt 0.7507 0.6797 0.0000
vt 0.7567 0.6836 0.0000
vt 0.1798 0.0949 0.0000
vt 0.1798 0.1021 0.0000
vt 0.7299 0.7481 0.0000
vt 0.7684 0.7224 0.0000
vt 0.7230 0.6769 0.0000
vt 0.7299 0.6756 0.0000
vt 0.7657 0.7290 0.0000
vt 0.7164 0.6797 0.0000
vt 0.4499 0.2293 0.0000
vt 0.8877 0.1457 0.0000
vt 0.8877 0.1588 0.0000
vt 0.8907 0.1608 0.0000
vt 0.8907 0.1438 0.0000
vt 0.7230 0.7467 0.0000
vt 0.6973 0.7154 0.0000
vt 0.7164 0.7440 0.0000
vt 0.6987 0.7224 0.0000
vt 0.6158 0.2784 0.0000
vt 0.6135 0.2939 0.0000
vt 0.6135 0.2781 0.0000
vt 0.6158 0.2627 0.0000
vt 0.7617 0.6887 0.0000
vt 0.6578 0.6780 0.0000
vt 0.8943 0.1381 0.0000
vt 0.8907 0.1203 0.0000
vt 0.8978 0.1438 0.0000
vt 0.8943 0.1615 0.0000
vt 0.8978 0.1608 0.0000
vt 0.9008 0.1457 0.0000
vt 0.6507 0.6610 0.0000
vt 0.6477 0.6631 0.0000
vt 0.6477 0.6761 0.0000
vt 0.1525 0.0949 0.0000
vt 0.1532 0.0986 0.0000
vt 0.1053 0.0949 0.0000
vt 0.1805 0.0986 0.0000
vt 0.1661 0.0949 0.0000
vt 0.1661 0.1021 0.0000
vt 0.9008 0.1223 0.0000
vt 0.8943 0.1430 0.0000
vt 0.8907 0.1373 0.0000
vt 0.8877 0.1223 0.0000
vt 0.8877 0.1354 0.0000
vt 0.1942 0.0986 0.0000
vt 0.1935 0.1021 0.0000
vt 0.1197 0.0986 0.0000
vt 0.1190 0.0949 0.0000
vt 0.2072 0.0949 0.0000
vt 0.2079 0.0986 0.0000
vt 0.1388 0.1021 0.0000
vt 0.1394 0.0986 0.0000
vt 0.6722 0.6788 0.0000
vt 0.6758 0.6780 0.0000
vt 0.6687 0.6780 0.0000
vt 0.6758 0.6610 0.0000
vt 0.6722 0.6603 0.0000
vt 0.6687 0.6610 0.0000
vt 0.1388 0.0949 0.0000
vt 0.1935 0.0949 0.0000
vt 0.1190 0.1021 0.0000
vt 0.1525 0.1021 0.0000
vt 0.6607 0.6761 0.0000
vt 0.6607 0.6631 0.0000
vt 0.9008 0.1588 0.0000
vt 0.1669 0.0986 0.0000
vt 0.2072 0.1021 0.0000
vt 0.0000 1.0000 0.0000
vt 0.0000 0.9524 0.0000
vt 0.0238 0.9524 0.0000
vt 0.0238 1.0000 0.0000
vt 0.0476 0.9524 0.0000
vt 0.0476 1.0000 0.0000
vt 0.0714 0.9524 0.0000
vt 0.0714 1.0000 0.0000
vt 0.0952 0.9524 0.0000
vt 0.0952 1.0000 0.0000
vt 0.1190 0.9524 0.0000
vt 0.1190 1.0000 0.0000
vt 0.1429 0.9524 0.0000
vt 0.1429 1.0000 0.0000
vt 0.1667 0.9524 0.0000
vt 0.1667 1.0000 0.0000
vt 0.1905 0.9524 0.0000
vt 0.1905 1.0000 0.0000
vt 0.2143 0.9524 0.0000
vt 0.2143 1.0000 0.0000
vt 0.2381 0.9524 0.0000
vt 0.2381 1.0000 0.0000
vt 0.2619 0.9524 0.0000
vt 0.2619 1.0000 0.0000
vt 0.2857 0.9524 0.0000
vt 0.2857 1.0000 0.0000
vt 0.3095 0.9524 0.0000
vt 0.3095 1.0000 0.0000
vt 0.3333 0.9524 0.0000
vt 0.3333 1.0000 0.0000
vt 0.3571 0.9524 0.0000
vt 0.3571 1.0000 0.0000
vt 0.3810 0.9524 0.0000
vt 0.3810 1.0000 0.0000
vt 0.4048 0.9524 0.0000
vt 0.4048 1.0000 0.0000
vt 0.4286 0.9524 0.0000
vt 0.4286 1.0000 0.0000
vt 0.4524 0.9524 0.0000
vt 0.4524 1.0000 0.0000
vt 0.4762 0.9524 0.0000
vt 0.4762 1.0000 0.0000
vt 0.5000 0.9524 0.0000
vt 0.5000 1.0000 0.0000
vt 0.5238 0.9524 0.0000
vt 0.5238 1.0000 0.0000
vt 0.5476 0.9524 0.0000
vt 0.5476 1.0000 0.0000
vt 0.5714 0.9524 0.0000
vt 0.5714 1.0000 0.0000
vt 0.5952 0.9524 0.0000
vt 0.5952 1.0000 0.0000
vt 0.6190 0.9524 0.0000
vt 0.6190 1.0000 0.0000
vt 0.6429 0.9524 0.0000
vt 0.6429 1.0000 0.0000
vt 0.6667 0.9524 0.0000
vt 0.6667 1.0000 0.0000
vt 0.6905 0.9524 0.0000
vt 0.6905 1.0000 0.0000
vt 0.7143 0.9524 0.0000
vt 0.7143 1.0000 0.0000
vt 0.7381 0.9524 0.0000
vt 0.7381 1.0000 0.0000
vt 0.7619 0.9524 0.0000
vt 0.7619 1.0000 0.0000
vt 0.7857 0.9524 0.0000
vt 0.7857 1.0000 0.0000
vt 0.8095 0.9524 0.0000
vt 0.8095 1.0000 0.0000
vt 0.8333 0.9524 0.0000
vt 0.8333 1.0000 0.0000
vt 0.8571 0.9524 0.0000
vt 0.8571 1.0000 0.0000
vt 0.8810 0.9524 0.0000
vt 0.8810 1.0000 0.0000
vt 0.9048 0.9524 0.0000
vt 0.9048 1.0000 0.0000
vt 0.9286 0.9524 0.0000
vt 0.9286 1.0000 0.0000
vt 0.9524 0.9524 0.0000
vt 0.9524 1.0000 0.0000
vt 0.9762 0.9524 0.0000
vt 0.9762 1.0000 0.0000
vt 1.0000 0.9524 0.0000
vt 0.0238 0.9048 0.0000
vt 0.0000 0.9048 0.0000
vt 0.0476 0.9048 0.0000
vt 0.0714 0.9048 0.0000
vt 0.0952 0.9048 0.0000
vt 0.0714 0.8571 0.0000
vt 0.0952 0.8571 0.0000
vt 0.1190 0.9048 0.0000
vt 0.1429 0.9048 0.0000
vt 0.1667 0.9048 0.0000
vt 0.1905 0.9048 0.0000
vt 0.2381 0.9048 0.0000
vt 0.2143 0.9048 0.0000
vt 0.2619 0.9048 0.0000
vt 0.2857 0.9048 0.0000
vt 0.3095 0.9048 0.0000
vt 0.3333 0.9048 0.0000
vt 0.3571 0.9048 0.0000
vt 0.4286 0.9048 0.0000
vt 0.4048 0.9048 0.0000
vt 0.4524 0.9048 0.0000
vt 0.4762 0.9048 0.0000
vt 0.5000 0.9048 0.0000
vt 0.5238 0.9048 0.0000
vt 0.5476 0.9048 0.0000
vt 0.5952 0.9048 0.0000
vt 0.5714 0.9048 0.0000
vt 0.6190 0.9048 0.0000
vt 0.6429 0.9048 0.0000
vt 0.6667 0.9048 0.0000
vt 0.6905 0.9048 0.0000
vt 0.7143 0.9048 0.0000
vt 0.7381 0.9048 0.0000
vt 0.7619 0.9048 0.0000
vt 0.7857 0.9048 0.0000
vt 0.8333 0.9048 0.0000
vt 0.8095 0.9048 0.0000
vt 0.8810 0.9048 0.0000
vt 0.8571 0.9048 0.0000
vt 0.9048 0.9048 0.0000
vt 0.9286 0.9048 0.0000
vt 0.9524 0.9048 0.0000
vt 0.9762 0.9048 0.0000
vt 1.0000 0.9048 0.0000
vt 0.0238 0.8571 0.0000
vt 0.0000 0.8571 0.0000
vt 0.0476 0.8571 0.0000
vt 0.1190 0.8571 0.0000
vt 0.1429 0.8571 0.0000
vt 0.1667 0.8571 0.0000
vt 0.1905 0.8571 0.0000
vt 0.2143 0.8571 0.0000
vt 0.2381 0.8571 0.0000
vt 0.2619 0.8571 0.0000
vt 0.2857 0.8571 0.0000
vt 0.3095 0.8571 0.0000
vt 0.3333 0.8571 0.0000
vt 0.3571 0.8571 0.0000
vt 0.3810 0.8571 0.0000
vt 0.3810 0.9048 0.0000
vt 0.4048 0.8571 0.0000
vt 0.4286 0.8571 0.0000
vt 0.4524 0.8571 0.0000
vt 0.4762 0.8571 0.0000
vt 0.5000 0.8571 0.0000
vt 0.5238 0.8571 0.0000
vt 0.5476 0.8571 0.0000
vt 0.5714 0.8571 0.0000
vt 0.5952 0.8571 0.0000
vt 0.5714 0.8095 0.0000
vt 0.5952 0.8095 0.0000
vt 0.6190 0.8571 0.0000
vt 0.6429 0.8571 0.0000
vt 0.6667 0.8571 0.0000
vt 0.7143 0.8571 0.0000
vt 0.6905 0.8571 0.0000
vt 0.7381 0.8571 0.0000
vt 0.7619 0.8571 0.0000
vt 0.7857 0.8571 0.0000
vt 0.8095 0.8571 0.0000
vt 0.8333 0.8571 0.0000
vt 0.8571 0.8571 0.0000
vt 0.8810 0.8571 0.0000
vt 0.9048 0.8571 0.0000
vt 0.9048 0.8095 0.0000
vt 0.9286 0.8095 0.0000
vt 0.9286 0.8571 0.0000
vt 0.9524 0.8571 0.0000
vt 0.9762 0.8571 0.0000
vt 1.0000 0.8571 0.0000
vt 0.0238 0.8095 0.0000
vt 0.0000 0.8095 0.0000
vt 0.0476 0.8095 0.0000
vt 0.0714 0.8095 0.0000
vt 0.0952 0.8095 0.0000
vt 0.1190 0.8095 0.0000
vt 0.1429 0.8095 0.0000
vt 0.1429 0.7619 0.0000
vt 0.1667 0.7619 0.0000
vt 0.1667 0.8095 0.0000
vt 0.1905 0.8095 0.0000
vt 0.2143 0.8095 0.0000
vt 0.2619 0.8095 0.0000
vt 0.2381 0.8095 0.0000
vt 0.2857 0.8095 0.0000
vt 0.3333 0.8095 0.0000
vt 0.3095 0.8095 0.0000
vt 0.3571 0.8095 0.0000
vt 0.3810 0.8095 0.0000
vt 0.4048 0.8095 0.0000
vt 0.4286 0.8095 0.0000
vt 0.4524 0.8095 0.0000
vt 0.4762 0.8095 0.0000
vt 0.5000 0.8095 0.0000
vt 0.5238 0.8095 0.0000
vt 0.5476 0.8095 0.0000
vt 0.6190 0.8095 0.0000
vt 0.6190 0.7619 0.0000
vt 0.6429 0.7619 0.0000
vt 0.6429 0.8095 0.0000
vt 0.6667 0.8095 0.0000
vt 0.6905 0.8095 0.0000
vt 0.7143 0.8095 0.0000
vt 0.7381 0.8095 0.0000
vt 0.7619 0.8095 0.0000
vt 0.7857 0.8095 0.0000
vt 0.8095 0.8095 0.0000
vt 0.8333 0.8095 0.0000
vt 0.8571 0.8095 0.0000
vt 0.8810 0.8095 0.0000
vt 0.9524 0.8095 0.0000
vt 0.9762 0.8095 0.0000
vt 1.0000 0.8095 0.0000
vt 0.0238 0.7619 0.0000
vt 0.0000 0.7619 0.0000
vt 0.0476 0.7619 0.0000
vt 0.0714 0.7619 0.0000
vt 0.0952 0.7619 0.0000
vt 0.1190 0.7619 0.0000
vt 0.1905 0.7619 0.0000
vt 0.2143 0.7619 0.0000
vt 0.2381 0.7619 0.0000
vt 0.2619 0.7619 0.0000
vt 0.2857 0.7619 0.0000
vt 0.3095 0.7619 0.0000
vt 0.3333 0.7619 0.0000
vt 0.3571 0.7619 0.0000
vt 0.3810 0.7619 0.0000
vt 0.4048 0.7619 0.0000
vt 0.4286 0.7619 0.0000
vt 0.4524 0.7619 0.0000
vt 0.4762 0.7619 0.0000
vt 0.5000 0.7619 0.0000
vt 0.5238 0.7619 0.0000
vt 0.5476 0.7619 0.0000
vt 0.5714 0.7619 0.0000
vt 0.5952 0.7619 0.0000
vt 0.6667 0.7619 0.0000
vt 0.6905 0.7619 0.0000
vt 0.7143 0.7619 0.0000
vt 0.7381 0.7619 0.0000
vt 0.7619 0.7619 0.0000
vt 0.7857 0.7619 0.0000
vt 0.8095 0.7619 0.0000
vt 0.8333 0.7619 0.0000
vt 0.8571 0.7619 0.0000
vt 0.8810 0.7619 0.0000
vt 0.9048 0.7619 0.0000
vt 0.9286 0.7619 0.0000
vt 0.9524 0.7619 0.0000
vt 0.9762 0.7619 0.0000
vt 1.0000 0.7619 0.0000
vt 0.0238 0.7143 0.0000
vt 0.0000 0.7143 0.0000
vt 0.0476 0.7143 0.0000
vt 0.0714 0.7143 0.0000
vt 0.1429 0.7143 0.0000
vt 0.1190 0.7143 0.0000
vt 0.1667 0.7143 0.0000
vt 0.2143 0.7143 0.0000
vt 0.2381 0.7143 0.0000
vt 0.2619 0.7143 0.0000
vt 0.2857 0.7143 0.0000
vt 0.3095 0.7143 0.0000
vt 0.3333 0.7143 0.0000
vt 0.3810 0.7143 0.0000
vt 0.3571 0.7143 0.0000
vt 0.4286 0.7143 0.0000
vt 0.4048 0.7143 0.0000
vt 0.4524 0.7143 0.0000
vt 0.4762 0.7143 0.0000
vt 0.5000 0.7143 0.0000
vt 0.5238 0.7143 0.0000
vt 0.5476 0.7143 0.0000
vt 0.5714 0.7143 0.0000
vt 0.6190 0.7143 0.0000
vt 0.5952 0.7143 0.0000
vt 0.6429 0.7143 0.0000
vt 0.7143 0.7143 0.0000
vt 0.6905 0.7143 0.0000
vt 0.7381 0.7143 0.0000
vt 0.7619 0.7143 0.0000
vt 0.7857 0.7143 0.0000
vt 0.8095 0.7143 0.0000
vt 0.8571 0.7143 0.0000
vt 0.8333 0.7143 0.0000
vt 0.8810 0.7143 0.0000
vt 0.9048 0.7143 0.0000
vt 0.9286 0.7143 0.0000
vt 0.9524 0.7143 0.0000
vt 0.9762 0.7143 0.0000
vt 1.0000 0.7143 0.0000
vt 0.0238 0.6667 0.0000
vt 0.0000 0.6667 0.0000
vt 0.0476 0.6667 0.0000
vt 0.0714 0.6667 0.0000
vt 0.0952 0.6667 0.0000
vt 0.0952 0.7143 0.0000
vt 0.1190 0.6667 0.0000
vt 0.1429 0.6667 0.0000
vt 0.1667 0.6667 0.0000
vt 0.1905 0.6667 0.0000
vt 0.1905 0.7143 0.0000
vt 0.2143 0.6667 0.0000
vt 0.2381 0.6667 0.0000
vt 0.2619 0.6667 0.0000
vt 0.2857 0.6667 0.0000
vt 0.3095 0.6667 0.0000
vt 0.3333 0.6667 0.0000
vt 0.3571 0.6667 0.0000
vt 0.3810 0.6667 0.0000
vt 0.4048 0.6667 0.0000
vt 0.4524 0.6667 0.0000
vt 0.4286 0.6667 0.0000
vt 0.4762 0.6667 0.0000
vt 0.5000 0.6667 0.0000
vt 0.5238 0.6667 0.0000
vt 0.5476 0.6667 0.0000
vt 0.5714 0.6667 0.0000
vt 0.5952 0.6667 0.0000
vt 0.6190 0.6667 0.0000
vt 0.6429 0.6667 0.0000
vt 0.6667 0.6667 0.0000
vt 0.6667 0.7143 0.0000
vt 0.6905 0.6667 0.0000
vt 0.7143 0.6667 0.0000
vt 0.7381 0.6667 0.0000
vt 0.7619 0.6667 0.0000
vt 0.7857 0.6667 0.0000
vt 0.8095 0.6667 0.0000
vt 0.8333 0.6667 0.0000
vt 0.8571 0.6667 0.0000
vt 0.8810 0.6667 0.0000
vt 0.9048 0.6667 0.0000
vt 0.9286 0.6667 0.0000
vt 0.9524 0.6667 0.0000
vt 0.9762 0.6667 0.0000
vt 1.0000 0.6667 0.0000
vt 0.0238 0.6190 0.0000
vt 0.0000 0.6190 0.0000
vt 0.0476 0.6190 0.0000
vt 0.0714 0.6190 0.0000
vt 0.0952 0.6190 0.0000
vt 0.1190 0.6190 0.0000
vt 0.1905 0.6190 0.0000
vt 0.1667 0.6190 0.0000
vt 0.2143 0.6190 0.0000
vt 0.2381 0.6190 0.0000
vt 0.2619 0.6190 0.0000
vt 0.2857 0.6190 0.0000
vt 0.3095 0.6190 0.0000
vt 0.3333 0.6190 0.0000
vt 0.3571 0.6190 0.0000
vt 0.3810 0.6190 0.0000
vt 0.4048 0.6190 0.0000
vt 0.4286 0.6190 0.0000
vt 0.4524 0.6190 0.0000
vt 0.4762 0.6190 0.0000
vt 0.5000 0.6190 0.0000
vt 0.5238 0.6190 0.0000
vt 0.5476 0.6190 0.0000
vt 0.5952 0.6190 0.0000
vt 0.5714 0.6190 0.0000
vt 0.6429 0.6190 0.0000
vt 0.6667 0.6190 0.0000
vt 0.6905 0.6190 0.0000
vt 0.7143 0.6190 0.0000
vt 0.7381 0.6190 0.0000
vt 0.7619 0.6190 0.0000
vt 0.7857 0.6190 0.0000
vt 0.8095 0.6190 0.0000
vt 0.8333 0.6190 0.0000
vt 0.8571 0.6190 0.0000
vt 0.9048 0.6190 0.0000
vt 0.8810 0.6190 0.0000
vt 0.9286 0.6190 0.0000
vt 0.9762 0.6190 0.0000
vt 0.9524 0.6190 0.0000
vt 1.0000 0.6190 0.0000
vt 0.0238 0.5714 0.0000
vt 0.0000 0.5714 0.0000
vt 0.0476 0.5714 0.0000
vt 0.0714 0.5714 0.0000
vt 0.0952 0.5714 0.0000
vt 0.1190 0.5714 0.0000
vt 0.1429 0.5714 0.0000
vt 0.1429 0.6190 0.0000
vt 0.1667 0.5714 0.0000
vt 0.1905 0.5714 0.0000
vt 0.2143 0.5714 0.0000
vt 0.2381 0.5714 0.0000
vt 0.2619 0.5714 0.0000
vt 0.2857 0.5714 0.0000
vt 0.3095 0.5714 0.0000
vt 0.3333 0.5714 0.0000
vt 0.3571 0.5714 0.0000
vt 0.3810 0.5714 0.0000
vt 0.4048 0.5714 0.0000
vt 0.4286 0.5714 0.0000
vt 0.4524 0.5714 0.0000
vt 0.4762 0.5714 0.0000
vt 0.5000 0.5714 0.0000
vt 0.5238 0.5714 0.0000
vt 0.5476 0.5714 0.0000
vt 0.5714 0.5714 0.0000
vt 0.5952 0.5714 0.0000
vt 0.6190 0.5714 0.0000
vt 0.6190 0.6190 0.0000
vt 0.6429 0.5714 0.0000
vt 0.6667 0.5714 0.0000
vt 0.6905 0.5714 0.0000
vt 0.7143 0.5714 0.0000
vt 0.7381 0.5714 0.0000
vt 0.7619 0.5714 0.0000
vt 0.7857 0.5714 0.0000
vt 0.8095 0.5714 0.0000
vt 0.8333 0.5714 0.0000
vt 0.8571 0.5714 0.0000
vt 0.8810 0.5714 0.0000
vt 0.9048 0.5714 0.0000
vt 0.9286 0.5714 0.0000
vt 0.9524 0.5714 0.0000
vt 0.9762 0.5714 0.0000
vt 1.0000 0.5714 0.0000
vt 0.0238 0.5238 0.0000
vt 0.0000 0.5238 0.0000
vt 0.0476 0.5238 0.0000
vt 0.0714 0.5238 0.0000
vt 0.0952 0.5238 0.0000
vt 0.1190 0.5238 0.0000
vt 0.1429 0.5238 0.0000
vt 0.1667 0.5238 0.0000
vt 0.1905 0.5238 0.0000
vt 0.2143 0.5238 0.0000
vt 0.2381 0.5238 0.0000
vt 0.2619 0.5238 0.0000
vt 0.2857 0.5238 0.0000
vt 0.3095 0.5238 0.0000
vt 0.3333 0.5238 0.0000
vt 0.3571 0.5238 0.0000
vt 0.3810 0.5238 0.0000
vt 0.4048 0.5238 0.0000
vt 0.4286 0.5238 0.0000
vt 0.4524 0.5238 0.0000
vt 0.4762 0.5238 0.0000
vt 0.5000 0.5238 0.0000
vt 0.5238 0.5238 0.0000
vt 0.5476 0.5238 0.0000
vt 0.5714 0.5238 0.0000
vt 0.5952 0.5238 0.0000
vt 0.6190 0.5238 0.0000
vt 0.6429 0.5238 0.0000
vt 0.6667 0.5238 0.0000
vt 0.6905 0.5238 0.0000
vt 0.7381 0.5238 0.0000
vt 0.7143 0.5238 0.0000
vt 0.7619 0.5238 0.0000
vt 0.7857 0.5238 0.0000
vt 0.8095 0.5238 0.0000
vt 0.8333 0.5238 0.0000
vt 0.8571 0.5238 0.0000
vt 0.8810 0.5238 0.0000
vt 0.9048 0.5238 0.0000
vt 0.9286 0.5238 0.0000
vt 0.9524 0.5238 0.0000
vt 0.9762 0.5238 0.0000
vt 1.0000 0.5238 0.0000
vt 0.0238 0.4762 0.0000
vt 0.0000 0.4762 0.0000
vt 0.0476 0.4762 0.0000
vt 0.0714 0.4762 0.0000
vt 0.0952 0.4762 0.0000
vt 0.1190 0.4762 0.0000
vt 0.1429 0.4762 0.0000
vt 0.1667 0.4762 0.0000
vt 0.1905 0.4762 0.0000
vt 0.2143 0.4762 0.0000
vt 0.2381 0.4762 0.0000
vt 0.2619 0.4762 0.0000
vt 0.2857 0.4762 0.0000
vt 0.3095 0.4762 0.0000
vt 0.3333 0.4762 0.0000
vt 0.3571 0.4762 0.0000
vt 0.3810 0.4762 0.0000
vt 0.4048 0.4762 0.0000
vt 0.4286 0.4762 0.0000
vt 0.4524 0.4762 0.0000
vt 0.4762 0.4762 0.0000
vt 0.5000 0.4762 0.0000
vt 0.5238 0.4762 0.0000
vt 0.5476 0.4762 0.0000
vt 0.5714 0.4762 0.0000
vt 0.5952 0.4762 0.0000
vt 0.6190 0.4762 0.0000
vt 0.6429 0.4762 0.0000
vt 0.6667 0.4762 0.0000
vt 0.6905 0.4762 0.0000
vt 0.7143 0.4762 0.0000
vt 0.7381 0.4762 0.0000
vt 0.7619 0.4762 0.0000
vt 0.7857 0.4762 0.0000
vt 0.8095 0.4762 0.0000
vt 0.8333 0.4762 0.0000
vt 0.8571 0.4762 0.0000
vt 0.8810 0.4762 0.0000
vt 0.9048 0.4762 0.0000
vt 0.9286 0.4762 0.0000
vt 0.9524 0.4762 0.0000
vt 0.9762 0.4762 0.0000
vt 1.0000 0.4762 0.0000
vt 0.0238 0.4286 0.0000
vt 0.0000 0.4286 0.0000
vt 0.0476 0.4286 0.0000
vt 0.0714 0.4286 0.0000
vt 0.0952 0.4286 0.0000
vt 0.1190 0.4286 0.0000
vt 0.1429 0.4286 0.0000
vt 0.1667 0.4286 0.0000
vt 0.1905 0.4286 0.0000
vt 0.2143 0.4286 0.0000
vt 0.2381 0.4286 0.0000
vt 0.2619 0.4286 0.0000
vt 0.2857 0.4286 0.0000
vt 0.3095 0.4286 0.0000
vt 0.3333 0.4286 0.0000
vt 0.3571 0.4286 0.0000
vt 0.3810 0.4286 0.0000
vt 0.4048 0.4286 0.0000
vt 0.4286 0.4286 0.0000
vt 0.4524 0.4286 0.0000
vt 0.4762 0.4286 0.0000
vt 0.5000 0.4286 0.0000
vt 0.5238 0.4286 0.0000
vt 0.5476 0.4286 0.0000
vt 0.5714 0.4286 0.0000
vt 0.5952 0.4286 0.0000
vt 0.6190 0.4286 0.0000
vt 0.6429 0.4286 0.0000
vt 0.6667 0.4286 0.0000
vt 0.6905 0.4286 0.0000
vt 0.7143 0.4286 0.0000
vt 0.7381 0.4286 0.0000
vt 0.7619 0.4286 0.0000
vt 0.7857 0.4286 0.0000
vt 0.8095 0.4286 0.0000
vt 0.8333 0.4286 0.0000
vt 0.8571 0.4286 0.0000
vt 0.8810 0.4286 0.0000
vt 0.9048 0.4286 0.0000
vt 0.9286 0.4286 0.0000
vt 0.9524 0.4286 0.0000
vt 0.9762 0.4286 0.0000
vt 1.0000 0.4286 0.0000
vt 0.0238 0.3810 0.0000
vt 0.0000 0.3810 0.0000
vt 0.0476 0.3810 0.0000
vt 0.0714 0.3810 0.0000
vt 0.0952 0.3810 0.0000
vt 0.1190 0.3810 0.0000
vt 0.1429 0.3810 0.0000
vt 0.1667 0.3810 0.0000
vt 0.1905 0.3810 0.0000
vt 0.2143 0.3810 0.0000
vt 0.2381 0.3810 0.0000
vt 0.2619 0.3810 0.0000
vt 0.2857 0.3810 0.0000
vt 0.3095 0.3810 0.0000
vt 0.3333 0.3810 0.0000
vt 0.3571 0.3810 0.0000
vt 0.3810 0.3810 0.0000
vt 0.4048 0.3810 0.0000
vt 0.4286 0.3810 0.0000
vt 0.4524 0.3810 0.0000
vt 0.4762 0.3810 0.0000
vt 0.5000 0.3810 0.0000
vt 0.5238 0.3810 0.0000
vt 0.5476 0.3810 0.0000
vt 0.5714 0.3810 0.0000
vt 0.5952 0.3810 0.0000
vt 0.6190 0.3810 0.0000
vt 0.6429 0.3810 0.0000
vt 0.6667 0.3810 0.0000
vt 0.6905 0.3810 0.0000
vt 0.7143 0.3810 0.0000
vt 0.7381 0.3810 0.0000
vt 0.7619 0.3810 0.0000
vt 0.7857 0.3810 0.0000
vt 0.8095 0.3810 0.0000
vt 0.8333 0.3810 0.0000
vt 0.8571 0.3810 0.0000
vt 0.8810 0.3810 0.0000
vt 0.9048 0.3810 0.0000
vt 0.9286 0.3810 0.0000
vt 0.9524 0.3810 0.0000
vt 0.9762 0.3810 0.0000
vt 1.0000 0.3810 0.0000
vt 0.0238 0.3333 0.0000
vt 0.0000 0.3333 0.0000
vt 0.0476 0.3333 0.0000
vt 0.0714 0.3333 0.0000
vt 0.0952 0.3333 0.0000
vt 0.1429 0.3333 0.0000
vt 0.1190 0.3333 0.0000
vt 0.1667 0.3333 0.0000
vt 0.1905 0.3333 0.0000
vt 0.2143 0.3333 0.0000
vt 0.2381 0.3333 0.0000
vt 0.2619 0.3333 0.0000
vt 0.2857 0.3333 0.0000
vt 0.3095 0.3333 0.0000
vt 0.3333 0.3333 0.0000
vt 0.3571 0.3333 0.0000
vt 0.3810 0.3333 0.0000
vt 0.4048 0.3333 0.0000
vt 0.4286 0.3333 0.0000
vt 0.4524 0.3333 0.0000
vt 0.4762 0.3333 0.0000
vt 0.5000 0.3333 0.0000
vt 0.5238 0.3333 0.0000
vt 0.5476 0.3333 0.0000
vt 0.5714 0.3333 0.0000
vt 0.6190 0.3333 0.0000
vt 0.5952 0.3333 0.0000
vt 0.6429 0.3333 0.0000
vt 0.6667 0.3333 0.0000
vt 0.6905 0.3333 0.0000
vt 0.7143 0.3333 0.0000
vt 0.7381 0.3333 0.0000
vt 0.7619 0.3333 0.0000
vt 0.7857 0.3333 0.0000
vt 0.8095 0.3333 0.0000
vt 0.8333 0.3333 0.0000
vt 0.8810 0.3333 0.0000
vt 0.8571 0.3333 0.0000
vt 0.9524 0.3333 0.0000
vt 0.9286 0.3333 0.0000
vt 0.9762 0.3333 0.0000
vt 1.0000 0.3333 0.0000
vt 0.0238 0.2857 0.0000
vt 0.0000 0.2857 0.0000
vt 0.0476 0.2857 0.0000
vt 0.0714 0.2857 0.0000
vt 0.0952 0.2857 0.0000
vt 0.1190 0.2857 0.0000
vt 0.1429 0.2857 0.0000
vt 0.1667 0.2857 0.0000
vt 0.1905 0.2857 0.0000
vt 0.2143 0.2857 0.0000
vt 0.2381 0.2857 0.0000
vt 0.2619 0.2857 0.0000
vt 0.2857 0.2857 0.0000
vt 0.3095 0.2857 0.0000
vt 0.3333 0.2857 0.0000
vt 0.3571 0.2857 0.0000
vt 0.3810 0.2857 0.0000
vt 0.4048 0.2857 0.0000
vt 0.4286 0.2857 0.0000
vt 0.4524 0.2857 0.0000
vt 0.4762 0.2857 0.0000
vt 0.5000 0.2857 0.0000
vt 0.5238 0.2857 0.0000
vt 0.5476 0.2857 0.0000
vt 0.5952 0.2857 0.0000
vt 0.5714 0.2857 0.0000
vt 0.6190 0.2857 0.0000
vt 0.6429 0.2857 0.0000
vt 0.6667 0.2857 0.0000
vt 0.6905 0.2857 0.0000
vt 0.7143 0.2857 0.0000
vt 0.7381 0.2857 0.0000
vt 0.7619 0.2857 0.0000
vt 0.7857 0.2857 0.0000
vt 0.8095 0.2857 0.0000
vt 0.8333 0.2857 0.0000
vt 0.8571 0.2857 0.0000
vt 0.8810 0.2857 0.0000
vt 0.9048 0.2857 0.0000
vt 0.9048 0.3333 0.0000
vt 0.9286 0.2857 0.0000
vt 0.9524 0.2857 0.0000
vt 0.9762 0.2857 0.0000
vt 1.0000 0.2857 0.0000
vt 0.0238 0.2381 0.0000
vt 0.0476 0.2381 0.0000
vt 0.0714 0.2381 0.0000
vt 0.0952 0.2381 0.0000
vt 0.1190 0.2381 0.0000
vt 0.1905 0.2381 0.0000
vt 0.1667 0.2381 0.0000
vt 0.2143 0.2381 0.0000
vt 0.2381 0.2381 0.0000
vt 0.2619 0.2381 0.0000
vt 0.2857 0.2381 0.0000
vt 0.3095 0.2381 0.0000
vt 0.3333 0.2381 0.0000
vt 0.3571 0.2381 0.0000
vt 0.4048 0.2381 0.0000
vt 0.3810 0.2381 0.0000
vt 0.4286 0.2381 0.0000
vt 0.4524 0.2381 0.0000
vt 0.4762 0.2381 0.0000
vt 0.5000 0.2381 0.0000
vt 0.5238 0.2381 0.0000
vt 0.5476 0.2381 0.0000
vt 0.5714 0.2381 0.0000
vt 0.5952 0.2381 0.0000
vt 0.6667 0.2381 0.0000
vt 0.6429 0.2381 0.0000
vt 0.6905 0.2381 0.0000
vt 0.7143 0.2381 0.0000
vt 0.7381 0.2381 0.0000
vt 0.7619 0.2381 0.0000
vt 0.7857 0.2381 0.0000
vt 0.8095 0.2381 0.0000
vt 0.8333 0.2381 0.0000
vt 0.8810 0.2381 0.0000
vt 0.8571 0.2381 0.0000
vt 0.9286 0.2381 0.0000
vt 0.9048 0.2381 0.0000
vt 0.9524 0.2381 0.0000
vt 1.0000 0.2381 0.0000
vt 0.9762 0.2381 0.0000
vt 0.0238 0.1905 0.0000
vt 0.0000 0.2381 0.0000
vt 0.0000 0.1905 0.0000
vt 0.0476 0.1905 0.0000
vt 0.0714 0.1905 0.0000
vt 0.0952 0.1905 0.0000
vt 0.1190 0.1905 0.0000
vt 0.1429 0.1905 0.0000
vt 0.1429 0.2381 0.0000
vt 0.1667 0.1905 0.0000
vt 0.1905 0.1905 0.0000
vt 0.2143 0.1905 0.0000
vt 0.2381 0.1905 0.0000
vt 0.2619 0.1905 0.0000
vt 0.2857 0.1905 0.0000
vt 0.3095 0.1905 0.0000
vt 0.3333 0.1905 0.0000
vt 0.3095 0.1429 0.0000
vt 0.3333 0.1429 0.0000
vt 0.3571 0.1905 0.0000
vt 0.3810 0.1905 0.0000
vt 0.4048 0.1905 0.0000
vt 0.4286 0.1905 0.0000
vt 0.4524 0.1905 0.0000
vt 0.4762 0.1905 0.0000
vt 0.5000 0.1905 0.0000
vt 0.5238 0.1905 0.0000
vt 0.5476 0.1905 0.0000
vt 0.5714 0.1905 0.0000
vt 0.6190 0.1905 0.0000
vt 0.6190 0.2381 0.0000
vt 0.5952 0.1905 0.0000
vt 0.6429 0.1905 0.0000
vt 0.6667 0.1905 0.0000
vt 0.6905 0.1905 0.0000
vt 0.7143 0.1905 0.0000
vt 0.7381 0.1905 0.0000
vt 0.7619 0.1905 0.0000
vt 0.7857 0.1905 0.0000
vt 0.8095 0.1905 0.0000
vt 0.8333 0.1905 0.0000
vt 0.8571 0.1905 0.0000
vt 0.8810 0.1905 0.0000
vt 0.9048 0.1905 0.0000
vt 0.9286 0.1905 0.0000
vt 0.9524 0.1905 0.0000
vt 0.9762 0.1905 0.0000
vt 1.0000 0.1905 0.0000
vt 0.0238 0.1429 0.0000
vt 0.0000 0.1429 0.0000
vt 0.0476 0.1429 0.0000
vt 0.0714 0.1429 0.0000
vt 0.0952 0.1429 0.0000
vt 0.1190 0.1429 0.0000
vt 0.1429 0.1429 0.0000
vt 0.1667 0.1429 0.0000
vt 0.1905 0.1429 0.0000
vt 0.2381 0.1429 0.0000
vt 0.2143 0.1429 0.0000
vt 0.2619 0.1429 0.0000
vt 0.2857 0.1429 0.0000
vt 0.3571 0.1429 0.0000
vt 0.3810 0.1429 0.0000
vt 0.4048 0.1429 0.0000
vt 0.4286 0.1429 0.0000
vt 0.4524 0.1429 0.0000
vt 0.4762 0.1429 0.0000
vt 0.5000 0.1429 0.0000
vt 0.5238 0.1429 0.0000
vt 0.5476 0.1429 0.0000
vt 0.5714 0.1429 0.0000
vt 0.5952 0.1429 0.0000
vt 0.6190 0.1429 0.0000
vt 0.6429 0.1429 0.0000
vt 0.6667 0.1429 0.0000
vt 0.6905 0.1429 0.0000
vt 0.7143 0.1429 0.0000
vt 0.7381 0.1429 0.0000
vt 0.7619 0.1429 0.0000
vt 0.7857 0.1429 0.0000
vt 0.8095 0.1429 0.0000
vt 0.8333 0.1429 0.0000
vt 0.8571 0.1429 0.0000
vt 0.8810 0.1429 0.0000
vt 0.9286 0.1429 0.0000
vt 0.9048 0.1429 0.0000
vt 0.9524 0.1429 0.0000
vt 0.9762 0.1429 0.0000
vt 1.0000 0.1429 0.0000
vt 0.0000 0.0952 0.0000
vt 0.0238 0.0952 0.0000
vt 0.0476 0.0952 0.0000
vt 0.0714 0.0952 0.0000
vt 0.0952 0.0952 0.0000
vt 0.1190 0.0952 0.0000
vt 0.1429 0.0952 0.0000
vt 0.1667 0.0952 0.0000
vt 0.1905 0.0952 0.0000
vt 0.2143 0.0952 0.0000
vt 0.2381 0.0952 0.0000
vt 0.2619 0.0952 0.0000
vt 0.2857 0.0952 0.0000
vt 0.3095 0.0952 0.0000
vt 0.3333 0.0952 0.0000
vt 0.3571 0.0952 0.0000
vt 0.3810 0.0952 0.0000
vt 0.4048 0.0952 0.0000
vt 0.4286 0.0952 0.0000
vt 0.4524 0.0952 0.0000
vt 0.4762 0.0952 0.0000
vt 0.5000 0.0952 0.0000
vt 0.5238 0.0952 0.0000
vt 0.5476 0.0952 0.0000
vt 0.5714 0.0952 0.0000
vt 0.5952 0.0952 0.0000
vt 0.6190 0.0952 0.0000
vt 0.6905 0.0952 0.0000
vt 0.6667 0.0952 0.0000
vt 0.7143 0.0952 0.0000
vt 0.7381 0.0952 0.0000
vt 0.7619 0.0952 0.0000
vt 0.7857 0.0952 0.0000
vt 0.8095 0.0952 0.0000
vt 0.8333 0.0952 0.0000
vt 0.8571 0.0952 0.0000
vt 0.8810 0.0952 0.0000
vt 0.9048 0.0952 0.0000
vt 0.9286 0.0952 0.0000
vt 0.9762 0.0952 0.0000
vt 0.9524 0.0952 0.0000
vt 1.0000 0.0952 0.0000
vt 0.0238 0.0476 0.0000
vt 0.0000 0.0476 0.0000
vt 0.0476 0.0476 0.0000
vt 0.0714 0.0476 0.0000
vt 0.0952 0.0476 0.0000
vt 0.1190 0.0476 0.0000
vt 0.2143 0.0476 0.0000
vt 0.1667 0.0476 0.0000
vt 0.1429 0.0476 0.0000
vt 0.1905 0.0476 0.0000
vt 0.2381 0.0476 0.0000
vt 0.2619 0.0476 0.0000
vt 0.2857 0.0476 0.0000
vt 0.3095 0.0476 0.0000
vt 0.3333 0.0476 0.0000
vt 0.3571 0.0476 0.0000
vt 0.3810 0.0476 0.0000
vt 0.4048 0.0476 0.0000
vt 0.4286 0.0476 0.0000
vt 0.4524 0.0476 0.0000
vt 0.4762 0.0476 0.0000
vt 0.5000 0.0476 0.0000
vt 0.5238 0.0476 0.0000
vt 0.5476 0.0476 0.0000
vt 0.5714 0.0476 0.0000
vt 0.5952 0.0476 0.0000
vt 0.6190 0.0476 0.0000
vt 0.6429 0.0476 0.0000
vt 0.6429 0.0952 0.0000
vt 0.6667 0.0476 0.0000
vt 0.6905 0.0476 0.0000
vt 0.7143 0.0476 0.0000
vt 0.7381 0.0476 0.0000
vt 0.7619 0.0476 0.0000
vt 0.7857 0.0476 0.0000
vt 0.8095 0.0476 0.0000
vt 0.8333 0.0476 0.0000
vt 0.8571 0.0476 0.0000
vt 0.8810 0.0476 0.0000
vt 0.9048 0.0476 0.0000
vt 0.9286 0.0476 0.0000
vt 0.9524 0.0476 0.0000
vt 0.9762 0.0476 0.0000
vt 1.0000 0.0476 0.0000
vt 0.0000 0.0000 0.0000
vt 0.0238 0.0000 0.0000
vt 0.0476 0.0000 0.0000
vt 0.0714 0.0000 0.0000
vt 0.0952 0.0000 0.0000
vt 0.1190 0.0000 0.0000
vt 0.1429 0.0000 0.0000
vt 0.1667 0.0000 0.0000
vt 0.1905 0.0000 0.0000
vt 0.2143 0.0000 0.0000
vt 0.2381 0.0000 0.0000
vt 0.2619 0.0000 0.0000
vt 0.2857 0.0000 0.0000
vt 0.3095 0.0000 0.0000
vt 0.3333 0.0000 0.0000
vt 0.3571 0.0000 0.0000
vt 0.3810 0.0000 0.0000
vt 0.4048 0.0000 0.0000
vt 0.4286 0.0000 0.0000
vt 0.4524 0.0000 0.0000
vt 0.4762 0.0000 0.0000
vt 0.5000 0.0000 0.0000
vt 0.5238 0.0000 0.0000
vt 0.5476 0.0000 0.0000
vt 0.5714 0.0000 0.0000
vt 0.5952 0.0000 0.0000
vt 0.6190 0.0000 0.0000
vt 0.6429 0.0000 0.0000
vt 0.6667 0.0000 0.0000
vt 0.6905 0.0000 0.0000
vt 0.7143 0.0000 0.0000
vt 0.7381 0.0000 0.0000
vt 0.7619 0.0000 0.0000
vt 0.7857 0.0000 0.0000
vt 0.8095 0.0000 0.0000
vt 0.8333 0.0000 0.0000
vt 0.8571 0.0000 0.0000
vt 0.8810 0.0000 0.0000
vt 0.9048 0.0000 0.0000
vt 0.9286 0.0000 0.0000
vt 0.9524 0.0000 0.0000
vt 0.9762 0.0000 0.0000
# 2257 texture coords

g AIM120
usemtl Material__1
s off
f 1/1/1 2/2/2 3/3/3 4/4/4 
f 5/5/5 6/6/6 7/7/7 8/8/8 
f 9/9/9 10/10/10 11/11/11 12/12/12 
f 13/13/13 14/14/14 15/15/15 16/16/16 
f 17/17/17 18/18/18 19/19/19 20/20/20 
f 21/21/21 22/22/22 23/23/23 24/24/24 
f 25/25/25 26/26/26 4/4/4 27/27/27 
f 28/28/28 29/29/29 30/30/30 31/31/31 
f 32/32/32 33/33/33 34/34/34 35/35/35 
f 1/1/1 36/36/36 32/32/32 35/35/35 
f 36/36/36 37/37/37 33/33/33 32/32/32 
f 9/9/9 38/38/38 39/39/39 40/40/40 
f 40/40/40 39/39/39 41/41/41 42/42/42 
f 1/1/1 23/23/23 22/22/22 43/43/43 
f 17/17/17 20/20/20 1/1/1 44/44/44 
f 45/45/45 46/46/45 47/47/45 48/48/45 
f 49/49/46 50/50/47 51/51/48 52/52/49 
f 53/53/50 54/54/51 55/55/52 56/56/53 
f 57/57/54 58/58/55 21/21/21 59/59/56 
f 60/60/57 61/61/58 62/62/59 63/63/60 
f 64/64/61 65/65/62 66/66/63 67/67/64 
f 68/68/65 69/69/66 70/70/67 71/71/68 
f 72/72/69 73/73/70 74/74/71 75/75/72 
f 76/76/73 77/77/74 41/41/41 78/78/75 
f 79/79/76 80/80/77 81/81/78 82/82/79 
f 83/83/80 81/81/78 80/80/77 84/84/81 
f 85/85/82 86/86/83 87/87/84 18/18/18 
f 88/88/85 89/89/86 90/90/87 91/91/88 
f 82/82/79 92/92/89 70/70/67 79/79/76 
f 93/93/90 94/94/91 95/95/92 89/89/86 
f 96/96/45 97/97/45 98/98/45 99/99/45 
f 100/100/93 87/87/84 86/86/83 101/101/94 
f 91/91/88 57/57/54 59/59/56 88/88/85 
f 42/42/42 41/41/41 77/77/74 102/102/95 
f 51/51/48 103/103/96 58/58/55 57/57/54 
f 104/104/97 75/75/72 105/105/98 106/106/99 
f 107/107/100 72/72/69 75/75/72 104/104/97 
f 89/89/86 95/95/92 108/108/101 90/90/87 
f 71/71/68 70/70/67 92/92/89 109/109/102 
f 67/67/64 110/110/103 111/111/104 64/64/61 
f 62/112/105 112/113/106 113/114/107 114/115/108 
f 86/86/83 85/85/82 115/116/109 116/117/110 
f 91/91/88 90/90/87 117/118/111 52/52/49 
f 118/119/112 119/120/113 120/121/114 121/122/115 
f 122/123/116 123/124/117 124/125/118 125/126/119 
f 106/106/99 105/105/98 126/127/120 127/128/121 
f 128/129/122 38/38/38 110/110/103 67/67/64 
f 128/129/122 129/130/123 118/119/112 130/131/124 
f 121/122/115 120/121/114 131/132/125 132/133/126 
f 125/126/119 124/125/118 73/73/70 72/72/69 
f 133/134/127 125/126/119 72/72/69 107/107/100 
f 107/107/100 134/135/128 135/136/129 133/134/127 
f 136/137/130 111/111/104 110/110/103 12/12/12 
f 29/29/29 28/28/28 6/6/6 5/5/5 
f 1/1/1 28/28/28 31/31/31 23/23/23 
f 35/35/35 34/34/34 115/116/109 137/138/131 
f 34/34/34 138/139/132 116/117/110 115/116/109 
f 139/140/133 5/5/5 8/8/8 112/141/134 
f 58/58/55 43/43/43 22/22/22 21/21/21 
f 1/1/1 140/142/135 141/143/136 13/13/13 
f 142/144/137 3/3/3 2/2/2 143/145/138 
f 12/12/12 11/11/11 144/146/139 136/137/130 
f 145/147/140 146/148/141 147/149/142 103/103/96 
f 148/150/143 149/151/144 146/148/141 145/147/140 
f 20/20/20 19/19/19 150/152/145 151/153/146 
f 1/1/1 146/148/141 149/151/144 2/2/2 
f 1/1/1 7/7/7 6/6/6 28/28/28 
f 44/44/44 85/85/82 18/18/18 17/17/17 
f 14/14/14 13/13/13 141/143/136 84/84/81 
f 151/153/146 7/154/147 1/1/1 20/20/20 
f 1/1/1 4/4/4 26/26/26 144/146/139 
f 137/138/131 115/116/109 85/85/82 44/44/44 
f 136/137/130 144/146/139 26/26/26 25/25/25 
f 103/103/96 147/149/142 43/43/43 58/58/55 
f 36/36/36 16/16/16 15/15/15 37/37/37 
f 8/155/148 7/154/147 151/153/146 150/152/145 
f 152/156/149 153/157/150 1/1/1 10/10/10 
f 42/42/42 153/157/150 152/156/149 40/40/40 
f 37/37/37 154/158/151 155/159/152 33/33/33 
f 112/113/106 8/155/148 150/152/145 113/114/107 
f 139/140/133 156/160/153 29/29/29 5/5/5 
f 25/25/25 157/161/154 111/111/104 136/137/130 
f 27/27/27 158/162/155 157/161/154 25/25/25 
f 24/24/24 23/23/23 31/31/31 30/30/30 
f 53/53/50 14/14/14 84/84/81 80/80/77 
f 113/114/107 150/152/145 19/19/19 159/163/156 
f 145/147/140 50/50/47 135/136/129 148/150/143 
f 50/50/47 145/147/140 103/103/96 51/51/48 
f 34/34/34 33/33/33 155/159/152 138/139/132 
f 159/163/156 19/19/19 18/18/18 87/87/84 
f 59/59/56 21/21/21 24/24/24 160/164/157 
f 160/164/157 24/24/24 30/30/30 161/165/158 
f 162/166/159 116/117/110 138/139/132 163/167/160 
f 164/168/161 160/164/157 161/165/158 165/169/162 
f 27/27/27 4/4/4 3/3/3 142/144/137 
f 1/1/1 43/43/43 147/149/142 146/148/141 
f 166/170/45 167/171/45 168/172/45 169/173/45 
f 88/88/85 59/59/56 160/164/157 164/168/161 
f 64/64/61 111/111/104 157/161/154 127/128/121 
f 114/115/108 113/114/107 159/163/156 170/174/163 
f 54/54/51 53/53/50 80/80/77 79/79/76 
f 61/61/58 139/140/133 112/141/134 62/62/59 
f 171/175/164 156/160/153 139/140/133 61/61/58 
f 101/101/94 86/86/83 116/117/110 162/166/159 
f 106/106/99 158/162/155 172/176/165 104/104/97 
f 161/165/158 30/30/30 29/29/29 156/160/153 
f 165/169/162 161/165/158 156/160/153 171/175/164 
f 163/167/160 138/139/132 155/159/152 173/177/166 
f 173/177/166 155/159/152 154/158/151 174/178/167 
f 130/131/124 39/39/39 38/38/38 128/129/122 
f 15/15/15 56/56/53 154/158/151 37/37/37 
f 102/102/95 175/179/168 153/157/150 42/42/42 
f 1/1/1 153/157/150 175/179/168 140/142/135 
f 84/84/81 141/143/136 140/142/135 83/83/80 
f 148/150/143 135/136/129 134/135/128 143/145/138 
f 174/178/167 154/158/151 56/56/53 55/55/52 
f 104/104/97 172/176/165 134/135/128 107/107/100 
f 142/144/137 172/176/165 158/162/155 27/27/27 
f 83/83/80 140/142/135 175/179/168 102/102/95 
f 1/1/1 35/35/35 137/138/131 44/44/44 
f 1/1/1 13/13/13 16/16/16 36/36/36 
f 40/40/40 152/156/149 10/10/10 9/9/9 
f 176/180/169 177/181/170 178/182/171 179/183/171 
f 143/145/138 2/2/2 149/151/144 148/150/143 
f 102/102/95 77/77/74 81/81/78 83/83/80 
f 127/128/121 157/161/154 158/162/155 106/106/99 
f 82/82/79 81/81/78 77/77/74 76/76/73 
f 170/174/163 159/163/156 87/87/84 100/100/93 
f 52/52/49 51/51/48 57/57/54 91/91/88 
f 14/14/14 53/53/50 56/56/53 15/15/15 
f 12/12/12 110/110/103 38/38/38 9/9/9 
f 133/134/127 135/136/129 50/50/47 49/49/46 
f 127/128/121 126/127/120 65/65/62 64/64/61 
f 180/184/172 63/185/173 181/186/174 182/187/175 
f 143/145/138 134/135/128 172/176/165 142/144/137 
f 67/67/64 66/66/63 129/130/123 128/129/122 
f 183/188/176 170/174/163 100/100/93 184/189/177 
f 185/190/178 183/188/176 184/189/177 186/191/179 
f 186/191/179 184/189/177 187/192/180 188/193/181 
f 187/192/180 101/101/94 162/166/159 189/194/182 
f 63/185/173 62/112/105 114/115/108 181/186/174 
f 182/187/175 181/186/174 183/188/176 185/190/178 
f 188/193/181 187/192/180 189/194/182 190/195/183 
f 191/196/184 60/60/57 63/63/60 180/197/185 
f 192/198/186 193/199/187 194/200/188 195/201/189 
f 129/130/123 196/202/190 119/120/113 118/119/112 
f 174/178/167 197/203/191 194/200/188 173/177/166 
f 197/203/191 174/178/167 55/55/52 198/204/192 
f 189/194/182 162/166/159 163/167/160 193/199/187 
f 54/54/51 69/69/66 198/204/192 55/55/52 
f 66/66/63 199/205/193 196/202/190 129/130/123 
f 65/65/62 200/206/194 199/205/193 66/66/63 
f 132/133/126 131/132/125 109/109/102 92/92/89 
f 60/60/57 191/196/184 201/207/195 202/208/196 
f 164/168/161 93/93/90 89/89/86 88/88/85 
f 76/76/73 132/133/126 92/92/89 82/82/79 
f 130/131/124 118/119/112 121/122/115 78/78/75 
f 69/69/66 54/54/51 79/79/76 70/70/67 
f 203/209/197 202/208/196 201/207/195 204/210/198 
f 90/90/87 108/108/101 205/211/199 117/118/111 
f 75/75/72 74/74/71 206/212/200 105/105/98 
f 207/213/201 197/203/191 198/204/192 208/214/202 
f 49/49/46 122/123/116 125/126/119 133/134/127 
f 52/52/49 117/118/111 122/123/116 49/49/46 
f 78/78/75 121/122/115 132/133/126 76/76/73 
f 202/208/196 171/175/164 61/61/58 60/60/57 
f 195/201/189 194/200/188 197/203/191 207/213/201 
f 208/214/202 198/204/192 69/69/66 68/68/65 
f 126/127/120 209/215/203 200/206/194 65/65/62 
f 105/105/98 206/212/200 209/215/203 126/127/120 
f 210/216/204 211/217/204 212/218/204 213/219/204 
f 165/169/162 203/209/197 93/93/90 164/168/161 
f 190/195/183 189/194/182 193/199/187 192/198/186 
f 117/118/111 205/211/199 123/124/117 122/123/116 
f 181/186/174 114/115/108 170/174/163 183/188/176 
f 193/199/187 163/167/160 173/177/166 194/200/188 
f 214/220/45 215/221/45 216/222/45 
f 204/223/205 217/224/205 218/225/206 94/226/206 
f 219/227/45 220/228/45 221/229/45 
f 214/230/45 222/231/45 215/232/45 
f 223/233/207 224/234/207 225/235/207 226/236/207 
f 227/237/45 220/238/45 219/239/45 
f 228/240/208 229/241/208 230/242/208 
f 228/243/209 231/244/209 229/245/209 
f 232/246/207 224/234/207 223/233/207 
f 233/247/210 234/248/210 235/249/211 236/250/211 
f 225/235/207 237/251/207 226/236/207 
f 232/252/207 238/253/207 224/254/207 
f 239/255/207 240/256/212 241/257/213 242/258/214 
f 243/259/207 237/260/207 225/261/207 
f 178/182/215 244/262/215 179/183/215 
f 178/263/216 245/264/216 244/265/216 
f 246/266/206 247/267/206 248/268/206 
f 249/269/217 250/270/217 251/271/218 252/272/218 
f 253/273/206 254/274/206 255/275/206 
f 246/276/206 256/277/206 247/278/206 
f 257/279/219 258/280/219 259/281/219 260/282/219 
f 261/283/206 254/284/206 253/285/206 
f 262/286/220 263/287/220 264/288/220 
f 262/289/221 265/290/221 263/291/221 
f 266/292/219 258/280/219 257/279/219 
f 267/293/45 268/294/45 269/295/222 270/296/222 
f 259/281/219 271/297/219 260/282/219 
f 266/298/219 272/299/219 258/300/219 
f 273/301/223 274/302/223 275/303/224 276/304/224 
f 277/305/219 271/306/219 259/307/219 
f 278/308/225 279/309/225 280/310/225 
f 278/311/226 281/312/226 279/313/226 
f 282/314/227 283/315/228 284/316/229 285/317/230 
f 274/302/231 273/301/231 286/318/231 287/319/231 
f 288/320/232 289/321/232 290/322/233 291/323/233 
f 292/324/234 293/325/234 294/326/235 295/327/235 
f 296/328/206 297/329/206 298/330/206 299/331/206 
f 294/332/236 300/333/236 301/334/236 302/335/236 
f 303/336/237 304/337/238 305/338/239 306/339/240 
f 300/340/223 307/341/223 308/342/223 301/343/223 
f 309/344/241 310/345/242 311/346/243 312/347/244 
f 313/348/245 314/349/236 315/350/236 316/351/245 
f 317/352/246 318/353/246 319/354/247 320/355/247 
f 321/356/248 322/357/249 323/358/45 324/359/250 
f 325/360/246 317/352/246 320/355/247 326/361/247 
f 327/362/251 328/363/251 329/364/251 313/365/251 
f 330/366/251 329/364/251 328/363/251 331/367/251 
f 249/269/217 332/368/252 333/369/252 250/270/217 
f 334/370/223 335/371/223 336/372/223 316/373/223 
f 337/374/253 338/375/253 318/353/246 317/352/246 
f 335/376/254 339/377/254 331/378/254 328/379/254 
f 340/380/207 341/381/207 342/382/207 343/383/207 
f 336/384/254 335/376/254 328/379/254 327/385/254 
f 192/386/255 344/387/255 345/388/256 190/389/256 
f 346/390/257 347/391/257 348/392/258 349/393/258 
f 350/394/236 351/395/236 352/396/257 347/391/257 
f 353/397/231 354/398/259 355/399/259 356/400/231 
f 357/401/260 358/402/260 359/403/261 360/404/261 
f 361/405/262 362/406/262 363/407/45 364/408/45 
f 365/409/263 366/410/263 268/294/45 267/293/45 
f 367/411/264 368/412/265 369/413/266 370/414/267 
f 371/415/268 372/416/268 373/417/269 374/418/269 
f 375/419/251 376/420/251 377/421/270 378/422/270 
f 378/422/270 377/421/270 379/423/271 380/424/271 
f 381/425/272 382/426/272 383/427/273 384/428/273 
f 47/47/206 46/46/206 385/429/206 386/430/206 
f 387/431/274 388/432/274 239/433/207 389/434/207 
f 390/435/275 391/436/276 392/437/206 393/438/277 
f 394/439/278 395/440/278 396/441/279 397/442/279 
f 397/442/279 396/441/279 398/443/280 285/444/280 
f 399/445/281 400/446/281 401/447/206 402/448/206 
f 196/449/236 351/395/236 403/450/282 119/451/282 
f 404/452/207 405/453/207 406/454/207 407/455/207 
f 180/456/280 408/457/280 409/458/279 191/459/279 
f 410/460/283 268/294/45 366/410/263 411/461/263 
f 199/462/257 352/396/257 351/395/236 196/449/236 
f 412/463/284 413/464/284 399/445/281 414/465/281 
f 415/466/285 416/467/285 417/468/219 418/469/219 
f 419/470/219 420/471/219 345/388/256 421/472/256 
f 422/473/286 423/474/287 424/475/219 425/476/288 
f 205/477/270 426/478/270 427/479/251 123/480/251 
f 427/479/251 376/420/251 428/481/289 429/482/289 
f 430/483/290 431/484/290 432/485/291 433/486/291 
f 434/487/292 435/488/293 436/489/294 437/490/295 
f 438/491/219 439/492/288 440/493/296 441/494/297 
f 442/495/277 443/496/206 444/497/298 445/498/299 
f 446/499/290 430/483/290 433/486/291 447/500/291 
f 447/500/291 433/486/291 448/501/300 449/502/300 
f 123/480/251 427/479/251 429/482/289 124/503/289 
f 433/486/291 432/485/291 450/504/300 448/501/300 
f 451/505/301 452/506/302 443/496/206 442/495/277 
f 217/224/205 453/507/205 454/508/206 218/225/206 
f 455/509/303 456/510/304 452/506/302 451/505/301 
f 74/511/222 457/512/222 410/460/283 206/513/305 
f 333/514/231 458/515/231 459/516/231 250/517/231 
f 460/518/250 267/519/45 270/520/222 461/521/306 
f 414/465/281 399/445/281 402/448/206 462/522/206 
f 463/523/278 395/440/278 453/507/205 217/224/205 
f 209/524/263 411/461/263 464/525/258 200/526/258 
f 437/490/295 436/489/294 465/527/251 466/528/307 
f 200/526/258 464/525/258 352/396/257 199/462/257 
f 224/254/207 238/253/207 243/259/207 225/261/207 
f 464/525/258 411/461/263 366/410/263 348/392/258 
f 382/426/272 402/448/206 401/447/206 467/529/272 
f 350/394/236 468/530/236 469/531/282 470/532/282 
f 470/532/282 469/531/282 471/533/308 472/534/308 
f 351/395/236 350/394/236 470/532/282 403/450/282 
f 408/457/280 398/443/280 396/441/279 409/458/279 
f 119/451/282 403/450/282 473/535/308 120/536/308 
f 472/534/308 473/535/308 403/450/282 470/532/282 
f 466/528/307 465/527/251 474/537/309 475/538/310 
f 476/539/206 477/540/206 478/541/206 479/542/206 
f 413/464/284 480/543/284 400/446/281 399/445/281 
f 389/434/207 481/544/207 482/545/274 387/431/274 
f 392/546/206 454/508/206 453/507/205 483/547/205 
f 481/544/207 389/434/207 484/548/214 485/549/214 
f 486/550/241 487/551/241 485/549/214 484/548/214 
f 188/552/219 420/471/219 488/553/311 186/554/311 
f 370/555/312 369/556/313 489/557/314 490/558/315 
f 358/402/260 373/417/269 459/559/269 458/560/260 
f 358/402/260 458/560/260 491/561/261 359/403/261 
f 484/548/214 242/562/214 309/563/241 486/550/241 
f 383/427/273 492/564/273 493/565/268 372/416/268 
f 494/566/316 312/567/316 495/568/223 496/569/223 
f 497/570/317 498/571/317 431/484/290 430/483/290 
f 68/572/241 487/551/241 499/573/316 208/574/316 
f 208/574/316 499/573/316 500/575/223 207/576/223 
f 496/569/223 500/575/223 499/573/316 494/566/316 
f 496/569/223 495/568/223 501/577/318 502/578/318 
f 503/579/319 397/580/320 285/581/280 284/582/321 
f 500/575/223 496/569/223 502/578/318 504/583/318 
f 349/393/258 348/392/258 366/410/263 365/409/263 
f 360/404/261 359/403/261 361/405/262 505/584/262 
f 97/585/322 506/586/322 507/587/323 98/588/323 
f 505/584/262 361/405/262 364/408/45 508/589/45 
f 301/334/231 315/590/231 314/591/231 302/335/231 
f 509/592/285 415/466/285 418/469/219 510/593/219 
f 216/222/45 215/221/45 219/227/45 221/229/45 
f 419/470/219 438/594/219 441/595/311 511/596/311 
f 512/597/324 513/598/324 507/599/325 514/600/325 
f 515/601/326 516/602/326 488/553/311 511/596/311 
f 190/389/256 345/388/256 420/471/219 188/552/219 
f 109/603/207 481/544/207 485/549/214 71/604/214 
f 517/605/223 334/370/223 301/606/223 308/607/223 
f 186/554/311 488/553/311 516/602/326 185/608/326 
f 511/596/311 441/595/311 518/609/326 515/601/326 
f 515/601/326 518/609/326 282/610/327 519/611/327 
f 519/611/327 282/610/327 285/612/230 398/613/230 
f 520/614/327 519/611/327 398/613/230 408/615/230 
f 475/538/310 474/537/309 521/616/328 522/617/329 
f 516/602/326 515/601/326 519/611/327 520/614/327 
f 523/618/330 524/619/330 337/374/253 525/620/253 
f 289/321/232 288/320/232 526/621/331 527/622/331 
f 525/620/253 337/374/253 317/352/246 325/360/246 
f 301/606/223 334/370/223 316/373/223 315/623/223 
f 528/624/256 529/625/332 439/492/288 438/491/219 
f 530/626/333 365/627/263 267/519/45 460/518/250 
f 291/323/233 290/322/233 333/369/252 332/368/252 
f 242/258/214 241/257/213 310/345/242 309/344/241 
f 531/628/310 532/629/334 375/630/251 533/631/307 
f 312/347/244 311/346/243 534/632/335 495/633/223 
f 286/634/236 273/635/236 276/636/236 293/637/236 
f 501/638/336 535/639/337 536/640/338 537/641/255 
f 218/225/206 454/508/206 538/642/276 539/643/276 
f 425/476/288 424/475/219 540/644/339 541/645/340 
f 542/646/341 483/647/342 394/648/278 543/649/343 
f 544/650/344 545/651/344 404/652/345 546/653/346 
f 276/304/224 275/303/224 307/654/347 300/655/347 
f 460/518/250 324/359/250 547/656/348 530/626/333 
f 548/657/349 434/487/292 437/490/295 549/658/295 
f 550/659/350 551/660/351 552/661/352 553/662/352 
f 203/209/197 204/210/198 94/94/91 93/93/90 
f 541/645/340 440/493/296 439/492/288 425/476/288 
f 554/663/353 555/664/354 440/493/296 541/645/340 
f 556/665/243 311/346/243 310/345/242 557/666/355 
f 549/658/295 437/490/295 466/528/307 533/631/307 
f 369/556/313 284/316/229 283/315/228 489/557/314 
f 558/667/337 535/639/337 534/632/335 559/668/335 
f 422/473/286 529/625/332 536/640/338 560/669/356 
f 542/646/341 451/505/301 442/495/277 393/438/277 
f 561/670/357 241/257/213 240/256/212 562/671/212 
f 390/435/275 445/498/299 434/487/292 548/657/349 
f 563/672/358 564/673/359 565/674/360 566/675/360 
f 567/676/361 568/677/361 566/675/360 565/674/360 
f 489/557/314 283/315/228 555/664/354 554/663/353 
f 569/678/231 570/679/231 571/680/259 572/681/259 
f 573/682/362 574/683/363 532/629/334 531/628/310 
f 388/684/274 575/685/364 240/256/212 239/255/207 
f 457/512/222 269/295/222 268/294/45 410/460/283 
f 576/686/365 577/687/365 578/688/366 579/689/366 
f 566/675/360 346/690/257 349/691/258 563/672/358 
f 73/692/367 580/693/363 457/512/222 74/511/222 
f 495/633/223 534/632/335 535/639/337 501/638/336 
f 324/359/250 323/358/45 581/694/368 547/656/348 
f 295/695/251 294/696/251 302/697/251 582/698/251 
f 393/438/277 392/437/206 483/647/342 542/646/341 
f 391/699/276 538/642/276 454/508/206 392/546/206 
f 543/649/343 394/648/278 397/580/320 503/579/319 
f 518/700/326 555/664/354 283/315/228 282/314/227 
f 374/418/269 373/417/269 358/402/260 357/401/260 
f 533/631/307 466/528/307 475/538/310 531/628/310 
f 486/550/241 309/563/241 312/567/316 494/566/316 
f 247/278/206 256/277/206 261/283/206 253/285/206 
f 326/701/369 320/702/369 583/703/370 584/704/370 
f 473/535/308 472/534/308 387/431/274 482/545/274 
f 531/628/310 475/538/310 522/617/329 573/682/362 
f 557/666/355 310/345/242 241/257/213 561/670/357 
f 425/476/288 439/492/288 529/625/332 422/473/286 
f 562/671/212 240/256/212 575/685/364 585/705/371 
f 510/593/219 418/469/219 497/570/317 586/706/317 
f 587/707/372 588/708/372 480/543/284 413/464/284 
f 579/689/366 578/688/366 583/703/370 589/709/370 
f 124/503/289 429/482/289 580/693/363 73/692/367 
f 590/710/271 379/423/271 377/421/270 426/478/270 
f 464/525/258 348/392/258 347/391/257 352/396/257 
f 368/412/265 503/579/319 284/582/321 369/413/266 
f 559/668/335 534/632/335 311/346/243 556/665/243 
f 543/649/343 455/509/303 451/505/301 542/646/341 
f 503/579/319 368/412/265 455/509/303 543/649/343 
f 389/434/207 239/433/207 242/562/214 484/548/214 
f 182/711/327 520/614/327 408/615/230 180/712/230 
f 469/713/282 552/661/352 551/660/351 471/714/308 
f 471/714/308 551/660/351 575/685/364 388/684/274 
f 393/438/277 442/495/277 445/498/299 390/435/275 
f 461/521/306 321/356/248 324/359/250 460/518/250 
f 560/669/356 536/640/338 535/639/337 558/667/337 
f 530/626/333 547/656/348 564/673/359 563/672/358 
f 248/268/206 247/267/206 253/273/206 255/275/206 
f 549/658/295 378/715/294 380/716/271 548/657/349 
f 585/705/371 575/685/364 551/660/351 550/659/350 
f 553/662/352 552/661/352 568/677/361 567/676/361 
f 591/717/233 291/323/233 332/368/252 592/718/252 
f 593/719/236 567/676/361 565/674/360 594/720/257 
f 567/676/361 593/719/236 595/721/282 553/662/352 
f 596/722/207 597/723/207 526/621/331 598/724/331 
f 550/659/350 599/725/308 600/726/373 585/705/371 
f 601/727/365 577/687/365 597/723/207 596/722/207 
f 602/728/366 578/688/366 577/687/365 601/727/365 
f 561/670/357 603/729/374 604/730/375 557/666/355 
f 94/226/206 218/225/206 539/643/276 95/731/276 
f 584/704/370 583/703/370 578/688/366 602/728/366 
f 559/668/335 605/732/223 606/733/336 558/667/337 
f 558/667/337 606/733/336 607/734/376 560/669/356 
f 421/472/256 528/735/256 438/594/219 419/470/219 
f 131/736/274 482/545/274 481/544/207 109/603/207 
f 461/521/306 270/520/222 574/683/363 573/682/362 
f 589/709/370 583/703/370 320/702/369 319/737/369 
f 601/727/231 452/738/231 456/739/231 602/728/231 
f 608/740/231 462/522/231 381/425/231 603/741/231 
f 586/706/231 581/742/231 323/743/231 510/593/231 
f 581/742/231 586/706/231 446/499/231 609/744/231 
f 602/728/231 456/739/231 367/745/231 584/704/231 
f 610/746/231 371/415/231 374/418/231 605/747/231 
f 611/748/231 474/749/231 465/750/231 592/718/231 
f 612/751/231 521/752/231 474/749/231 611/748/231 
f 509/592/231 322/753/231 521/752/231 612/751/231 
f 424/754/231 508/589/231 523/618/231 540/755/231 
f 594/756/231 447/500/231 449/502/231 593/757/231 
f 607/758/231 360/404/231 505/584/231 423/759/231 
f 613/760/231 525/620/231 325/360/231 490/761/231 
f 592/718/231 465/750/231 436/762/231 591/717/231 
f 600/763/231 414/465/231 462/522/231 608/740/231 
f 593/757/231 449/502/231 614/764/231 595/765/231 
f 584/704/231 367/745/231 370/766/231 326/701/231 
f 609/744/231 446/499/231 447/500/231 594/756/231 
f 227/237/377 615/767/378 616/768/379 220/238/380 
f 598/724/231 444/769/231 443/770/231 596/722/231 
f 596/722/231 443/770/231 452/738/231 601/727/231 
f 599/771/231 412/463/231 414/465/231 600/763/231 
f 606/772/231 357/401/231 360/404/231 607/758/231 
f 605/747/231 374/418/231 357/401/231 606/772/231 
f 490/761/231 325/360/231 326/361/231 370/773/231 
f 591/717/231 436/762/231 435/774/231 617/775/231 
f 540/755/231 523/618/231 525/620/231 613/760/231 
f 510/593/231 323/743/231 322/753/231 509/592/231 
f 423/759/231 505/584/231 508/589/231 424/754/231 
f 603/741/231 381/425/231 384/428/231 604/776/231 
f 595/765/231 614/764/231 412/463/231 599/771/231 
f 617/775/231 435/774/231 444/769/231 598/724/231 
f 287/319/251 286/318/251 293/325/234 292/324/234 
f 594/720/257 565/674/360 564/673/359 609/777/258 
f 618/778/231 96/779/231 99/780/381 619/781/381 
f 618/778/231 620/782/382 621/783/382 96/779/231 
f 622/784/210 343/785/211 623/786/211 624/787/210 
f 625/788/231 618/778/231 619/781/381 626/789/381 
f 489/557/314 554/663/353 613/790/383 490/558/315 
f 560/669/356 607/734/376 423/474/287 422/473/286 
f 627/791/324 98/792/325 507/599/325 513/598/324 
f 562/671/212 608/793/207 603/729/374 561/670/357 
f 585/705/371 600/726/373 608/793/207 562/671/212 
f 598/724/331 526/621/331 288/320/232 617/775/232 
f 617/775/232 288/320/232 291/323/233 591/717/233 
f 553/662/352 595/721/282 599/725/308 550/659/350 
f 628/794/219 629/795/219 298/796/219 297/797/219 
f 630/798/45 631/799/45 296/800/45 299/801/45 
f 611/748/217 249/269/217 252/272/218 612/751/218 
f 252/272/218 251/271/218 416/467/285 415/466/285 
f 258/300/219 272/299/219 277/305/219 259/307/219 
f 548/657/349 380/716/271 391/436/276 390/435/275 
f 359/403/261 491/561/261 362/406/262 361/405/262 
f 329/364/251 330/366/251 582/802/251 302/803/251 
f 344/387/255 632/804/255 421/472/256 345/388/256 
f 426/478/270 377/421/270 376/420/251 427/479/251 
f 632/804/255 537/805/255 528/735/256 421/472/256 
f 372/416/268 493/565/268 459/559/269 373/417/269 
f 580/693/363 633/806/363 269/295/222 457/512/222 
f 587/707/372 448/501/300 450/504/300 588/708/372 
f 108/807/271 590/710/271 426/478/270 205/477/270 
f 586/706/317 497/570/317 430/483/290 446/499/290 
f 95/731/276 539/643/276 590/710/271 108/807/271 
f 445/498/299 444/497/298 435/488/293 434/487/292 
f 580/693/363 429/482/289 428/481/289 633/806/363 
f 449/502/300 448/501/300 587/707/372 614/764/372 
f 368/412/265 367/411/264 456/510/304 455/509/303 
f 590/710/271 539/643/276 538/642/276 379/423/271 
f 201/808/278 463/523/278 217/224/205 204/223/205 
f 614/764/372 587/707/372 413/464/284 412/463/284 
f 191/459/279 409/458/279 463/523/278 201/808/278 
f 347/391/257 346/390/257 468/530/236 350/394/236 
f 409/458/279 396/441/279 395/440/278 463/523/278 
f 472/534/308 471/533/308 388/432/274 387/431/274 
f 270/296/222 269/295/222 633/806/363 574/809/363 
f 120/536/308 473/535/308 482/545/274 131/736/274 
f 380/424/271 379/423/271 538/642/276 391/699/276 
f 532/810/289 428/481/289 376/420/251 375/419/251 
f 634/811/207 635/812/207 636/813/207 637/814/207 
f 502/578/318 501/577/318 537/805/255 632/804/255 
f 574/809/363 633/806/363 428/481/289 532/810/289 
f 71/604/214 485/549/214 487/551/241 68/572/241 
f 612/751/218 252/272/218 415/466/285 509/592/285 
f 487/551/241 486/550/241 494/566/316 499/573/316 
f 207/576/223 500/575/223 504/583/318 195/815/318 
f 195/815/318 504/583/318 344/387/255 192/386/255 
f 508/589/45 364/408/45 524/619/330 523/618/330 
f 524/619/330 364/408/45 363/407/45 638/816/330 
f 420/471/219 419/470/219 511/596/311 488/553/311 
f 314/817/251 313/365/251 329/364/251 302/803/251 
f 524/619/330 638/816/330 338/375/253 337/374/253 
f 556/665/243 610/818/384 605/732/223 559/668/335 
f 639/819/45 640/820/45 641/821/45 642/822/45 
f 643/823/219 644/824/219 645/825/219 341/826/219 
f 522/617/329 521/616/328 322/357/249 321/356/248 
f 327/385/385 313/348/245 316/351/245 336/384/385 
f 646/827/206 647/828/206 648/829/206 649/830/206 
f 650/831/207 651/832/207 652/833/207 653/834/207 
f 654/835/386 655/836/387 656/837/388 657/838/389 
f 658/839/390 659/840/391 660/841/392 661/842/393 
f 662/843/394 663/844/395 659/840/391 658/839/390 
f 664/845/396 665/846/397 666/847/398 303/848/399 
f 667/849/231 668/850/231 265/851/231 669/852/231 
f 290/853/231 491/854/231 458/515/231 333/514/231 
f 647/855/400 646/856/401 670/857/402 671/858/403 
f 672/859/404 673/860/405 674/861/406 675/862/407 
f 676/863/408 677/864/409 278/308/410 280/310/410 
f 678/865/411 649/866/412 648/867/413 679/868/414 
f 256/277/415 680/869/416 669/870/417 261/283/418 
f 246/276/419 681/871/420 680/869/416 256/277/415 
f 682/872/421 683/873/421 681/874/422 684/875/423 
f 277/305/424 685/876/425 677/877/426 271/306/427 
f 686/878/428 687/879/428 688/880/429 689/881/430 
f 266/298/431 688/882/432 690/883/433 272/299/434 
f 688/882/432 687/884/435 691/885/435 690/883/433 
f 210/886/436 245/264/437 178/263/437 177/887/438 
f 618/778/231 625/788/231 692/888/382 620/782/382 
f 693/889/231 569/678/231 572/681/259 694/890/259 
f 631/891/439 695/892/440 696/893/210 234/248/210 
f 697/894/441 698/895/441 699/896/442 644/897/443 
f 700/898/444 701/899/445 702/900/446 703/901/446 
f 703/901/446 702/900/446 704/902/447 705/903/447 
f 706/904/448 707/905/448 708/906/449 709/907/449 
f 630/908/450 354/398/259 710/909/259 711/910/451 
f 712/911/210 624/787/210 623/786/211 713/912/211 
f 99/780/381 385/913/452 46/914/453 619/781/381 
f 557/666/355 604/730/375 610/818/384 556/665/243 
f 234/248/210 696/893/210 714/915/211 235/249/211 
f 563/672/358 349/691/258 365/627/263 530/626/333 
f 527/622/331 526/621/331 597/723/207 715/916/207 
f 635/917/454 506/586/322 97/585/322 636/918/455 
f 353/397/231 356/400/231 716/919/456 717/920/456 
f 705/903/447 704/902/447 718/921/457 635/917/454 
f 719/922/458 720/923/459 721/924/460 722/925/460 
f 722/925/460 721/924/460 698/895/441 697/894/441 
f 643/926/461 723/927/462 720/923/459 719/922/458 
f 724/928/231 353/397/231 717/920/456 725/929/456 
f 726/930/382 727/931/382 405/932/463 728/933/464 
f 632/804/255 344/387/255 504/583/318 502/578/318 
f 513/598/324 47/934/465 386/935/466 627/791/324 
f 384/428/273 383/427/273 372/416/268 371/415/268 
f 483/547/205 453/507/205 395/440/278 394/439/278 
f 212/936/467 211/937/467 729/938/467 730/939/467 
f 731/940/468 732/941/468 733/942/468 734/943/468 
f 735/944/206 736/945/206 737/946/206 738/947/206 
f 732/948/219 731/949/219 739/950/219 740/951/219 
f 171/175/164 202/208/196 203/209/197 165/169/162 
f 734/952/469 176/953/469 739/954/469 731/955/469 
f 213/956/231 741/957/231 245/958/231 210/959/231 
f 742/960/470 680/961/470 743/962/470 744/963/470 
f 745/964/219 666/965/219 665/966/219 746/967/219 
f 747/968/45 306/969/45 305/970/45 748/971/45 
f 656/972/471 658/839/390 661/842/393 657/973/472 
f 673/860/405 749/974/473 750/975/474 674/861/406 
f 751/976/475 752/977/476 749/974/473 673/860/405 
f 753/978/477 751/976/475 673/860/405 672/859/404 
f 304/337/238 754/979/478 748/980/479 305/338/239 
f 417/981/231 401/982/231 400/983/231 498/984/231 
f 527/985/231 363/986/231 362/987/231 289/988/231 
f 745/989/480 746/990/481 754/979/478 304/337/238 
f 755/991/482 616/992/483 228/240/484 230/242/484 
f 255/275/485 254/274/486 756/993/487 757/994/488 
f 222/231/489 758/995/490 615/767/378 227/237/377 
f 214/230/491 759/996/492 758/995/490 222/231/489 
f 760/997/493 761/998/494 729/999/494 211/1000/495 
f 226/236/496 237/251/497 177/181/170 176/180/169 
f 223/233/498 226/236/496 176/180/169 734/1001/499 
f 214/220/500 216/222/501 762/1002/502 759/1003/503 
f 681/871/420 683/1004/504 743/1005/504 680/869/416 
f 685/876/425 281/312/505 278/311/505 677/877/426 
f 353/397/231 724/928/231 710/909/259 354/398/259 
f 626/789/381 619/781/381 46/914/453 763/1006/506 
f 764/1007/507 639/1008/508 624/787/210 712/911/210 
f 765/1009/509 766/1010/509 767/1011/510 477/1012/511 
f 768/1013/512 769/1014/513 707/905/448 706/904/448 
f 770/1015/514 771/1016/514 766/1010/509 765/1009/509 
f 476/1017/515 772/1018/516 773/1019/517 774/1020/518 
f 477/1012/511 775/1021/324 776/1022/324 478/1023/466 
f 777/1024/519 236/1025/520 235/1026/520 778/1027/519 
f 341/1028/521 340/1029/456 779/1030/456 643/926/461 
f 715/916/207 597/723/207 577/687/365 576/686/365 
f 624/787/210 639/1008/508 642/1031/522 622/784/210 
f 568/677/361 468/1032/236 346/690/257 566/675/360 
f 780/1033/231 781/1034/381 782/1035/381 783/1036/231 
f 644/897/443 784/1037/519 342/1038/519 645/1039/523 
f 725/929/456 717/920/456 629/1040/524 785/1041/525 
f 763/1006/506 46/914/453 786/1042/526 787/1043/527 
f 788/1044/528 789/1045/529 790/1046/530 791/1047/530 
f 791/1047/530 790/1046/530 792/1048/531 793/1049/531 
f 793/1049/531 792/1048/531 628/1050/532 794/1051/533 
f 299/1052/534 355/399/259 354/398/259 630/908/450 
f 635/917/454 718/921/457 795/1053/322 506/586/322 
f 794/1051/533 628/1050/532 778/1027/519 796/1054/519 
f 533/631/307 375/630/251 378/715/294 549/658/295 
f 468/1032/236 568/677/361 552/661/352 469/713/282 
f 185/608/326 516/602/326 520/614/327 182/711/327 
f 168/1055/231 757/1056/231 264/1057/231 169/1058/231 
f 797/1059/535 798/1060/535 686/1061/535 689/1062/535 
f 78/78/75 41/41/41 39/39/39 130/131/124 
f 668/1063/219 667/1064/219 742/1065/219 744/1066/219 
f 685/1067/536 690/1068/536 799/1069/536 800/1070/536 
f 615/1071/537 758/1072/537 737/1073/537 736/1074/537 
f 736/1075/231 735/1076/231 231/1077/231 615/1078/231 
f 517/605/223 339/1079/223 335/371/223 334/370/223 
f 672/1080/219 675/1081/219 801/1082/219 753/1083/219 
f 654/1084/206 657/1085/206 661/1086/206 660/1087/206 
f 674/1088/538 802/1089/539 801/1090/540 675/1091/541 
f 655/836/387 803/1092/542 804/1093/543 656/837/388 
f 754/1094/544 746/1095/545 665/846/397 664/845/396 
f 660/1096/546 659/1097/547 655/836/387 654/835/386 
f 802/1089/539 751/1098/548 753/1099/549 801/1090/540 
f 650/1100/550 679/868/414 671/1101/551 651/1102/552 
f 804/1103/553 662/843/394 658/839/390 656/972/471 
f 805/1104/554 752/1105/555 751/1098/548 802/1089/539 
f 669/870/417 265/290/556 262/289/556 756/1106/557 
f 260/282/558 271/297/559 677/864/409 676/863/408 
f 257/279/560 260/282/558 676/863/408 689/881/430 
f 232/246/561 223/233/498 734/1001/499 760/1107/562 
f 759/996/492 806/1108/563 807/1109/563 758/995/490 
f 243/259/564 210/886/436 177/887/438 237/260/565 
f 248/268/566 255/275/485 757/994/488 684/875/423 
f 266/292/567 257/279/560 689/881/430 688/880/429 
f 748/1110/568 754/1094/544 664/845/396 747/1111/569 
f 615/767/378 231/244/570 228/243/570 616/768/379 
f 808/1112/231 780/1033/231 727/931/382 726/930/382 
f 637/1113/571 621/783/382 620/782/382 634/1114/572 
f 644/897/443 699/896/442 809/1115/519 784/1037/519 
f 634/1114/572 810/1116/573 701/899/445 700/898/444 
f 573/682/362 522/617/329 321/356/248 461/521/306 
f 811/1117/574 812/1118/575 813/1119/576 814/1120/576 
f 815/1121/577 48/1122/577 47/934/465 816/1123/578 
f 643/926/461 779/1030/456 817/1124/456 723/927/462 
f 634/1114/572 620/782/382 692/888/382 810/1116/573 
f 631/891/439 234/248/210 233/247/210 296/1125/522 
f 818/1126/322 819/1127/323 820/1128/323 821/1129/322 
f 778/1027/519 628/1050/532 297/1130/523 777/1024/519 
f 569/678/231 779/1030/456 340/1029/456 570/679/231 
f 497/570/317 418/469/219 417/468/219 498/571/317 
f 716/919/456 298/1131/521 629/1040/524 717/920/456 
f 694/890/259 572/681/259 640/1132/579 822/1133/580 
f 822/1133/580 640/1132/579 812/1118/575 811/1117/574 
f 774/1020/518 773/1019/517 771/1016/514 770/1015/514 
f 814/1120/576 813/1119/576 823/1134/581 824/1135/581 
f 785/1041/525 629/1040/524 789/1045/529 788/1044/528 
f 825/1136/322 821/1129/322 820/1128/323 826/1137/323 
f 506/586/322 795/1053/322 514/1138/323 507/587/323 
f 547/656/348 581/694/368 609/777/258 564/673/359 
f 571/680/259 641/1139/534 640/1132/579 572/681/259 
f 215/232/45 222/231/45 227/237/45 219/239/45 
f 592/718/252 332/368/252 249/269/217 611/748/217 
f 800/1140/231 827/1141/231 281/1142/231 685/1143/231 
f 737/1144/582 758/1145/582 807/1146/582 738/1147/582 
f 798/1148/206 797/1149/206 828/1150/206 829/1151/206 
f 827/1152/207 800/1153/207 799/1154/207 830/1155/207 
f 762/1156/583 755/1157/583 831/1158/583 832/1159/583 
f 689/1160/584 676/1161/584 828/1162/584 797/1163/584 
f 828/1164/231 676/1165/231 280/1166/231 829/1167/231 
f 799/1168/585 690/1169/585 691/1170/585 830/1171/585 
f 805/1172/45 750/1173/45 749/1174/45 752/1175/45 
f 671/858/403 670/857/402 652/1176/586 651/1177/587 
f 666/1178/588 745/989/480 304/337/238 303/336/237 
f 659/1097/547 663/1179/589 803/1092/542 655/836/387 
f 653/1180/590 678/865/411 679/868/414 650/1100/550 
f 670/857/402 678/1181/591 653/1182/592 652/1176/586 
f 747/1111/569 664/845/396 303/848/399 306/1183/593 
f 750/1184/594 805/1104/554 802/1089/539 674/1088/538 
f 646/856/401 649/1185/595 678/1181/591 670/857/402 
f 757/994/488 756/993/487 262/286/596 264/288/596 
f 221/229/597 220/228/598 616/992/483 755/991/482 
f 238/253/599 211/1000/495 210/886/436 243/259/564 
f 293/637/236 276/636/236 300/333/236 294/332/236 
f 833/1186/600 806/1187/600 759/1003/503 762/1002/502 
f 261/283/418 669/870/417 756/1106/557 254/284/601 
f 216/222/501 221/229/597 755/991/482 762/1002/502 
f 232/252/602 760/997/493 211/1000/495 238/253/599 
f 733/1188/603 761/1189/603 760/1107/562 734/1001/499 
f 604/776/231 384/428/231 371/415/231 610/746/231 
f 780/1033/231 808/1112/231 834/1190/381 781/1034/381 
f 569/678/231 693/889/231 817/1124/456 779/1030/456 
f 477/1012/511 767/1011/510 835/1191/324 775/1021/324 
f 630/908/450 711/910/451 769/1014/513 768/1013/512 
f 787/1043/527 786/1042/526 45/1192/604 836/1193/604 
f 836/1193/604 45/1192/604 48/1122/577 815/1121/577 
f 824/1135/581 823/1134/581 639/1008/508 764/1007/507 
f 476/1017/515 781/1034/381 834/1190/381 772/1018/516 
f 796/1054/519 778/1027/519 235/1026/520 714/1194/520 
f 479/1195/452 782/1035/381 781/1034/381 476/1017/515 
f 775/1021/324 835/1191/324 826/1196/325 820/1197/325 
f 776/1022/324 775/1021/324 820/1197/325 819/1198/325 
f 816/1123/578 47/934/465 513/598/324 512/597/324 
f 780/1033/231 783/1036/231 837/1199/382 727/931/382 
f 837/1199/382 406/1200/571 405/932/463 727/931/382 
f 206/513/305 410/460/283 411/461/263 209/524/263 
f 728/933/464 405/932/463 838/1201/605 839/1202/606 
f 839/1202/606 838/1201/605 840/1203/607 841/1204/607 
f 841/1204/607 840/1203/607 545/651/344 544/650/344 
f 709/907/449 708/906/449 695/892/440 631/891/439 
f 546/653/346 404/652/345 821/1129/322 825/1136/322 
f 784/1037/519 809/1115/519 713/1205/520 623/1206/520 
f 342/1038/519 784/1037/519 623/1206/520 343/1207/520 
f 821/1129/322 404/652/345 407/1208/455 818/1126/322 
f 382/426/272 467/529/272 492/564/273 383/427/273 
f 462/522/206 402/448/206 382/426/272 381/425/272 
f 831/1209/231 755/1210/231 230/1211/231 842/1212/231 
f 832/1213/608 843/1214/608 833/1215/608 762/1216/608 
f 741/1217/45 213/1218/45 212/1219/45 730/1220/45 
f 843/1221/207 832/1222/207 831/1223/207 842/1224/207 
f 684/1225/609 757/1226/609 168/1227/609 167/1228/609 
f 669/1229/610 680/1230/610 742/1231/610 667/1232/610 
f 739/1233/231 176/1234/231 179/1235/231 740/1236/231 
f 167/1237/611 166/1238/611 682/1239/611 684/1240/611 
f 319/1241/231 318/1242/231 589/1243/231 
f 432/1244/231 431/1245/231 480/1246/231 588/1247/231 
f 431/1245/231 498/984/231 400/983/231 480/1246/231 
f 705/1248/45 635/812/45 634/811/45 700/1249/45 
f 715/1250/231 363/986/231 527/985/231 
f 416/1251/231 492/1252/231 467/1253/231 417/981/231 
f 251/1254/231 493/1255/231 492/1252/231 416/1251/231 
f 250/517/231 459/516/231 493/1255/231 251/1254/231 
f 441/494/297 440/493/296 555/664/354 518/700/326 
f 272/299/434 690/883/433 685/876/425 277/305/424 
f 679/868/414 648/867/413 647/1256/612 671/1101/551 
f 407/1257/219 406/1258/219 837/1259/219 818/1260/219 
f 467/1253/231 401/982/231 417/981/231 
f 576/1261/231 638/1262/231 363/986/231 715/1250/231 
f 579/1263/231 589/1243/231 318/1242/231 338/1264/231 
f 662/1265/207 804/1266/207 803/1267/207 663/1268/207 
f 432/1244/231 588/1247/231 450/1269/231 
f 246/266/613 248/268/566 684/875/423 681/874/422 
f 621/1270/45 97/97/45 96/96/45 
f 570/1271/207 340/380/207 343/383/207 622/1272/207 
f 776/1273/219 783/1274/219 782/1275/219 478/1276/219 
f 627/1277/45 386/1278/45 385/1279/45 
f 709/1280/206 631/799/206 630/798/206 706/1281/206 
f 46/46/45 45/45/45 786/1282/45 
f 703/1283/45 705/1248/45 700/1249/45 
f 838/1284/219 405/453/219 404/452/219 545/1285/219 
f 645/1286/207 342/382/207 341/381/207 
f 99/99/45 98/98/45 627/1277/45 385/1279/45 
f 819/1287/219 837/1259/219 783/1274/219 776/1273/219 
f 289/988/231 362/987/231 491/854/231 290/853/231 
f 571/1288/207 642/1289/207 641/1290/207 
f 790/1291/206 629/795/206 628/794/206 792/1292/206 
f 640/820/207 813/1293/207 812/1294/207 
f 765/1295/219 477/540/219 476/539/219 770/1296/219 
f 643/823/207 719/1297/207 722/1298/207 
f 236/1299/206 777/1300/206 233/1301/206 
f 1/1/1 144/146/139 11/11/11 10/10/10 
f 537/641/255 536/640/338 529/625/332 528/624/256 
f 777/1300/206 297/329/206 296/328/206 233/1301/206 
f 716/1302/206 356/1303/206 355/1304/206 
f 697/1305/207 644/824/207 643/823/207 722/1298/207 
f 629/795/206 790/1291/206 789/1306/206 
f 813/1293/207 640/820/207 639/819/207 823/1307/207 
f 630/798/206 768/1308/206 706/1281/206 
f 637/1309/45 636/1310/45 97/97/45 621/1270/45 
f 818/1260/219 837/1259/219 819/1287/219 
f 184/189/177 100/100/93 101/101/94 187/192/180 
f 571/1288/207 570/1271/207 622/1272/207 642/1289/207 
f 782/1275/219 479/1311/219 478/1276/219 
f 840/1312/219 838/1284/219 545/1285/219 
f 355/1304/206 299/331/206 298/330/206 716/1302/206 
f 579/1263/231 338/1264/231 638/1262/231 576/1261/231 
f 476/539/219 774/1313/219 770/1296/219 
f 541/645/340 540/644/339 613/790/383 554/663/353 
usemtl wire_177028149
s 1
f 844/1314/236 845/1315/236 845/1316/236 
f 844/1317/236 845/1316/236 845/1318/236 
f 844/1319/236 845/1318/236 845/1320/236 
f 844/1321/236 845/1320/236 845/1322/236 
f 844/1323/236 845/1322/236 845/1324/236 
f 844/1325/236 845/1324/236 844/1326/236 
f 844/1327/236 844/1326/236 844/1328/236 
f 844/1329/236 844/1328/236 844/1330/236 
f 844/1331/236 844/1330/236 844/1332/236 
f 844/1333/236 844/1332/236 844/1334/236 
f 844/1335/236 844/1334/236 844/1336/236 
f 844/1337/236 844/1336/236 844/1338/236 
f 844/1339/236 844/1338/236 844/1340/236 
f 844/1341/236 844/1340/236 844/1342/236 
f 844/1343/236 844/1342/236 844/1344/236 
f 844/1345/236 844/1344/236 844/1346/236 
f 844/1347/236 844/1346/236 844/1348/236 
f 844/1349/236 844/1348/236 844/1350/236 
f 844/1351/236 844/1350/236 844/1352/236 
f 844/1353/236 844/1352/236 844/1354/236 
f 844/1355/236 844/1354/236 844/1356/236 
f 844/1357/236 844/1356/236 844/1358/236 
f 844/1359/236 844/1358/236 844/1360/236 
f 844/1361/236 844/1360/236 844/1362/236 
f 844/1363/236 844/1362/236 844/1364/236 
f 844/1365/236 844/1364/236 844/1366/236 
f 844/1367/236 844/1366/236 846/1368/236 
f 844/1369/236 846/1368/236 846/1370/236 
f 844/1371/236 846/1370/236 846/1372/236 
f 844/1373/236 846/1372/236 846/1374/236 
f 844/1375/236 846/1374/236 846/1376/236 
f 844/1377/236 846/1376/236 846/1378/236 
f 844/1379/236 846/1378/236 846/1380/236 
f 844/1381/236 846/1380/236 846/1382/236 
f 844/1383/236 846/1382/236 846/1384/236 
f 844/1385/236 846/1384/236 846/1386/236 
f 844/1387/236 846/1386/236 845/1388/236 
f 844/1389/236 845/1388/236 845/1390/236 
f 844/1391/236 845/1390/236 845/1392/236 
f 844/1393/236 845/1392/236 845/1394/236 
f 844/1395/236 845/1394/236 845/1396/236 
f 844/1397/236 845/1396/236 845/1398/236 
f 845/1399/236 845/1316/236 845/1315/236 
f 845/1315/236 845/1400/236 845/1399/236 
f 845/1401/236 845/1318/236 845/1316/236 
f 845/1316/236 845/1399/236 845/1401/236 
f 845/1402/236 845/1320/236 845/1318/236 
f 845/1318/236 845/1401/236 845/1402/236 
f 845/1403/236 845/1322/236 845/1320/236 
f 845/1320/236 845/1402/236 845/1403/236 
f 845/1324/236 845/1322/236 
f 845/1402/236 847/1404/614 848/1405/236 
f 845/1322/236 845/1403/236 848/1406/236 
f 845/1324/236 848/1406/236 848/1407/236 
f 848/1408/236 844/1328/236 844/1326/236 
f 844/1326/236 848/1407/236 848/1408/236 
f 848/1409/236 844/1330/236 844/1328/236 
f 844/1328/236 848/1408/236 848/1409/236 
f 844/1332/236 844/1330/236 
f 849/1410/236 844/1334/236 844/1332/236 
f 844/1332/236 849/1411/236 849/1410/236 
f 849/1412/236 844/1336/236 844/1334/236 
f 844/1334/236 849/1410/236 849/1412/236 
f 849/1413/236 844/1338/236 844/1336/236 
f 844/1336/236 849/1412/236 849/1413/236 
f 849/1414/236 844/1340/236 844/1338/236 
f 844/1338/236 849/1413/236 849/1414/236 
f 849/1415/236 844/1342/236 844/1340/236 
f 844/1340/236 849/1414/236 849/1415/236 
f 849/1416/236 844/1344/236 844/1342/236 
f 844/1342/236 849/1415/236 849/1416/236 
f 844/1346/236 844/1344/236 
f 844/1348/236 844/1346/236 
f 850/1417/236 844/1350/236 844/1348/236 
f 844/1348/236 850/1418/236 850/1417/236 
f 850/1419/236 844/1352/236 844/1350/236 
f 844/1350/236 850/1417/236 850/1419/236 
f 850/1420/236 844/1354/236 844/1352/236 
f 844/1352/236 850/1419/236 850/1420/236 
f 850/1421/236 844/1356/236 844/1354/236 
f 844/1354/236 850/1420/236 850/1421/236 
f 850/1422/236 844/1358/236 844/1356/236 
f 844/1356/236 850/1421/236 850/1422/236 
f 850/1423/236 844/1360/236 844/1358/236 
f 844/1358/236 850/1422/236 850/1423/236 
f 844/1362/236 844/1360/236 
f 851/1424/236 844/1364/236 844/1362/236 
f 844/1362/236 851/1425/236 851/1424/236 
f 851/1426/236 844/1366/236 844/1364/236 
f 844/1364/236 851/1424/236 851/1426/236 
f 846/1427/236 846/1368/236 844/1366/236 
f 844/1366/236 851/1426/236 846/1427/236 
f 846/1428/236 846/1370/236 846/1368/236 
f 846/1368/236 846/1427/236 846/1428/236 
f 846/1429/236 846/1372/236 846/1370/236 
f 846/1370/236 846/1428/236 846/1429/236 
f 846/1430/236 846/1374/236 846/1372/236 
f 846/1372/236 846/1429/236 846/1430/236 
f 846/1431/236 846/1376/236 846/1374/236 
f 846/1374/236 846/1430/236 846/1431/236 
f 846/1432/236 846/1378/236 846/1376/236 
f 846/1376/236 846/1431/236 846/1432/236 
f 846/1433/236 846/1380/236 846/1378/236 
f 846/1378/236 846/1432/236 846/1433/236 
f 846/1382/236 846/1380/236 
f 852/1434/236 846/1384/236 846/1382/236 
f 846/1382/236 852/1435/236 852/1434/236 
f 846/1386/236 846/1384/236 
f 852/1436/236 845/1388/236 846/1386/236 
f 846/1386/236 852/1437/236 852/1436/236 
f 852/1438/236 845/1390/236 845/1388/236 
f 845/1388/236 852/1436/236 852/1438/236 
f 852/1439/236 845/1392/236 845/1390/236 
f 845/1390/236 852/1438/236 852/1439/236 
f 845/1440/236 845/1394/236 845/1392/236 
f 845/1392/236 852/1439/236 845/1440/236 
f 845/1441/236 845/1396/236 845/1394/236 
f 845/1394/236 845/1440/236 845/1441/236 
f 845/1442/236 845/1398/236 845/1396/236 
f 845/1396/236 845/1441/236 845/1442/236 
f 853/1443/615 845/1399/236 845/1400/236 
f 845/1400/236 853/1444/615 853/1443/615 
f 853/1445/615 845/1401/236 845/1399/236 
f 845/1399/236 853/1443/615 853/1445/615 
f 845/1402/236 845/1401/236 
f 848/1405/236 845/1403/236 845/1402/236 
f 848/1446/236 848/1406/236 845/1403/236 
f 845/1403/236 848/1405/236 848/1446/236 
f 848/1447/236 848/1407/236 848/1406/236 
f 848/1406/236 848/1446/236 848/1447/236 
f 848/1448/236 848/1408/236 848/1407/236 
f 848/1407/236 848/1447/236 848/1448/236 
f 848/1449/236 848/1409/236 848/1408/236 
f 848/1408/236 848/1448/236 848/1449/236 
f 849/1450/236 849/1411/236 848/1409/236 
f 848/1409/236 848/1449/236 849/1450/236 
f 849/1451/236 849/1410/236 849/1411/236 
f 849/1411/236 849/1450/236 849/1451/236 
f 849/1452/236 849/1412/236 849/1410/236 
f 849/1410/236 849/1451/236 849/1452/236 
f 849/1453/236 849/1413/236 849/1412/236 
f 849/1412/236 849/1452/236 849/1453/236 
f 849/1454/236 849/1414/236 849/1413/236 
f 849/1413/236 849/1453/236 849/1454/236 
f 854/1455/236 849/1415/236 849/1414/236 
f 849/1414/236 849/1454/236 854/1455/236 
f 854/1456/236 849/1416/236 849/1415/236 
f 849/1415/236 854/1455/236 854/1456/236 
f 854/1457/236 854/1458/236 849/1416/236 
f 849/1416/236 854/1456/236 854/1457/236 
f 854/1459/236 850/1418/236 854/1458/236 
f 854/1458/236 854/1457/236 854/1459/236 
f 854/1460/236 850/1417/236 850/1418/236 
f 850/1418/236 854/1459/236 854/1460/236 
f 850/1461/236 850/1419/236 850/1417/236 
f 850/1417/236 854/1460/236 850/1461/236 
f 850/1462/236 850/1420/236 850/1419/236 
f 850/1419/236 850/1461/236 850/1462/236 
f 850/1463/236 850/1421/236 850/1420/236 
f 850/1420/236 850/1462/236 850/1463/236 
f 850/1464/236 850/1422/236 850/1421/236 
f 850/1421/236 850/1463/236 850/1464/236 
f 851/1465/236 850/1423/236 850/1422/236 
f 850/1422/236 850/1464/236 851/1465/236 
f 851/1466/236 851/1425/236 850/1423/236 
f 850/1423/236 851/1465/236 851/1466/236 
f 851/1467/236 851/1424/236 851/1425/236 
f 851/1425/236 851/1466/236 851/1467/236 
f 851/1426/236 851/1424/236 
f 851/1466/236 855/1468/616 851/1469/236 
f 851/1424/236 851/1467/236 851/1470/236 
f 851/1426/236 851/1470/236 851/1471/236 
f 851/1472/236 846/1428/236 846/1427/236 
f 846/1427/236 851/1471/236 851/1472/236 
f 846/1429/236 846/1428/236 
f 856/1473/366 846/1430/236 846/1429/236 
f 846/1429/236 856/1474/366 856/1473/366 
f 856/1475/366 846/1431/236 846/1430/236 
f 846/1430/236 856/1473/366 856/1475/366 
f 856/1476/366 846/1432/236 846/1431/236 
f 846/1431/236 856/1475/366 856/1476/366 
f 856/1477/366 846/1433/236 846/1432/236 
f 846/1432/236 856/1476/366 856/1477/366 
f 846/1433/236 856/1477/366 857/1478/617 852/1435/236 
f 852/1479/236 852/1434/236 852/1435/236 
f 852/1435/236 857/1478/617 852/1479/236 
f 852/1480/236 852/1437/236 852/1434/236 
f 852/1434/236 852/1479/236 852/1480/236 
f 852/1481/236 852/1436/236 852/1437/236 
f 852/1437/236 852/1480/236 852/1481/236 
f 852/1482/236 852/1438/236 852/1436/236 
f 852/1436/236 852/1481/236 852/1482/236 
f 852/1439/236 852/1438/236 
f 852/1482/236 858/1483/618 858/1484/615 
f 852/1438/236 852/1482/236 858/1485/615 
f 852/1439/236 858/1485/615 858/1486/615 
f 853/1487/615 845/1441/236 845/1440/236 
f 845/1440/236 858/1486/615 853/1487/615 
f 853/1488/615 845/1442/236 845/1441/236 
f 845/1441/236 853/1487/615 853/1488/615 
f 853/1489/615 853/1443/615 853/1444/615 
f 853/1444/615 853/1490/615 853/1489/615 
f 853/1491/615 853/1445/615 853/1443/615 
f 853/1443/615 853/1489/615 853/1491/615 
f 847/1492/614 847/1404/614 853/1445/615 
f 853/1445/615 853/1491/615 847/1492/614 
f 847/1493/614 848/1405/236 847/1404/614 
f 847/1404/614 847/1492/614 847/1493/614 
f 847/1494/614 848/1446/236 848/1405/236 
f 848/1405/236 847/1493/614 847/1494/614 
f 848/1495/236 848/1447/236 848/1446/236 
f 848/1446/236 847/1494/614 848/1495/236 
f 848/1448/236 848/1447/236 
f 848/1495/236 859/1496/619 860/1497/620 
f 848/1447/236 848/1495/236 860/1498/620 
f 860/1499/620 848/1449/236 848/1448/236 
f 848/1448/236 860/1498/620 860/1499/620 
f 848/1449/236 860/1499/620 860/1500/620 
f 849/1451/236 849/1450/236 
f 861/1501/253 849/1452/236 849/1451/236 
f 849/1451/236 861/1502/253 861/1501/253 
f 861/1503/253 849/1453/236 849/1452/236 
f 849/1452/236 861/1501/253 861/1503/253 
f 849/1454/236 849/1453/236 
f 862/1504/621 854/1455/236 849/1454/236 
f 849/1454/236 862/1505/621 862/1504/621 
f 854/1506/236 854/1456/236 854/1455/236 
f 854/1455/236 862/1504/621 854/1506/236 
f 854/1507/236 854/1457/236 854/1456/236 
f 854/1456/236 854/1506/236 854/1507/236 
f 854/1508/236 854/1459/236 854/1457/236 
f 854/1457/236 854/1507/236 854/1508/236 
f 863/1509/622 854/1460/236 854/1459/236 
f 854/1459/236 854/1508/236 863/1509/622 
f 864/1510/623 850/1461/236 854/1460/236 863/1509/622 
f 864/1511/623 850/1462/236 850/1461/236 
f 850/1461/236 864/1510/623 864/1511/623 
f 864/1512/623 850/1463/236 850/1462/236 
f 850/1462/236 864/1511/623 864/1512/623 
f 864/1513/623 850/1464/236 850/1463/236 
f 850/1463/236 864/1512/623 864/1513/623 
f 850/1464/236 864/1513/623 855/1514/616 851/1465/236 
f 855/1468/616 851/1466/236 851/1465/236 
f 851/1465/236 855/1514/616 855/1468/616 
f 851/1469/236 851/1467/236 851/1466/236 
f 851/1515/236 851/1470/236 851/1467/236 
f 851/1467/236 851/1469/236 851/1515/236 
f 851/1471/236 851/1470/236 
f 851/1515/236 865/1516/624 866/1517/625 
f 851/1470/236 851/1515/236 866/1518/625 
f 866/1519/625 851/1472/236 851/1471/236 
f 851/1471/236 866/1518/625 866/1519/625 
f 851/1472/236 866/1519/625 866/1520/625 
f 856/1521/366 856/1473/366 856/1474/366 
f 856/1474/366 866/1520/625 856/1521/366 
f 856/1522/366 856/1475/366 856/1473/366 
f 856/1473/366 856/1521/366 856/1522/366 
f 856/1523/366 856/1476/366 856/1475/366 
f 856/1475/366 856/1522/366 856/1523/366 
f 857/1524/617 856/1477/366 856/1476/366 
f 856/1476/366 856/1523/366 857/1524/617 
f 857/1525/617 857/1478/617 856/1477/366 
f 856/1477/366 857/1524/617 857/1525/617 
f 857/1526/617 852/1479/236 857/1478/617 
f 857/1478/617 857/1525/617 857/1526/617 
f 857/1527/617 852/1480/236 852/1479/236 
f 852/1479/236 857/1526/617 857/1527/617 
f 852/1481/236 852/1480/236 
f 858/1483/618 852/1482/236 852/1481/236 
f 852/1481/236 858/1528/618 858/1483/618 
f 858/1484/615 858/1485/615 852/1482/236 
f 858/1529/615 858/1486/615 858/1485/615 
f 858/1485/615 858/1484/615 858/1529/615 
f 853/1530/615 853/1487/615 858/1486/615 
f 858/1486/615 858/1529/615 853/1530/615 
f 853/1531/615 853/1488/615 853/1487/615 
f 853/1487/615 853/1530/615 853/1531/615 
f 853/1532/615 853/1489/615 853/1490/615 
f 853/1490/615 867/1533/223 853/1532/615 
f 847/1534/614 853/1491/615 853/1489/615 
f 853/1489/615 853/1532/615 847/1534/614 
f 847/1535/614 847/1492/614 853/1491/615 
f 853/1491/615 847/1534/614 847/1535/614 
f 847/1536/614 847/1493/614 847/1492/614 
f 847/1492/614 847/1535/614 847/1536/614 
f 847/1537/614 847/1494/614 847/1493/614 
f 847/1493/614 847/1536/614 847/1537/614 
f 859/1496/619 848/1495/236 847/1494/614 
f 847/1494/614 847/1537/614 859/1496/619 
f 860/1497/620 860/1498/620 848/1495/236 
f 860/1538/620 860/1499/620 860/1498/620 
f 860/1498/620 860/1497/620 860/1538/620 
f 860/1539/620 860/1500/620 860/1499/620 
f 860/1499/620 860/1538/620 860/1539/620 
f 861/1540/253 861/1502/253 860/1500/620 
f 860/1500/620 860/1539/620 861/1540/253 
f 861/1541/253 861/1501/253 861/1502/253 
f 861/1502/253 861/1540/253 861/1541/253 
f 861/1542/253 861/1503/253 861/1501/253 
f 861/1501/253 861/1541/253 861/1542/253 
f 862/1543/621 862/1505/621 861/1503/253 
f 861/1503/253 861/1542/253 862/1543/621 
f 862/1544/621 862/1504/621 862/1505/621 
f 862/1505/621 862/1543/621 862/1544/621 
f 862/1545/621 854/1506/236 862/1504/621 
f 862/1504/621 862/1544/621 862/1545/621 
f 863/1546/622 854/1507/236 854/1506/236 
f 854/1506/236 862/1545/621 863/1546/622 
f 863/1547/622 854/1508/236 854/1507/236 
f 854/1507/236 863/1546/622 863/1547/622 
f 863/1548/622 863/1509/622 854/1508/236 
f 854/1508/236 863/1547/622 863/1548/622 
f 863/1549/622 864/1510/623 863/1509/622 
f 863/1509/622 863/1548/622 863/1549/622 
f 864/1550/623 864/1511/623 864/1510/623 
f 864/1510/623 863/1549/622 864/1550/623 
f 864/1551/623 864/1512/623 864/1511/623 
f 864/1511/623 864/1550/623 864/1551/623 
f 864/1552/623 864/1513/623 864/1512/623 
f 864/1512/623 864/1551/623 864/1552/623 
f 855/1553/616 855/1514/616 864/1513/623 
f 864/1513/623 864/1552/623 855/1553/616 
f 855/1468/616 855/1514/616 
f 855/1514/616 855/1553/616 855/1554/616 
f 855/1468/616 855/1554/616 855/1555/616 
f 851/1515/236 851/1469/236 
f 866/1517/625 866/1518/625 851/1515/236 
f 866/1556/625 866/1519/625 866/1518/625 
f 866/1518/625 866/1517/625 866/1556/625 
f 866/1557/625 866/1520/625 866/1519/625 
f 866/1519/625 866/1556/625 866/1557/625 
f 856/1558/366 856/1521/366 866/1520/625 
f 866/1520/625 866/1557/625 856/1558/366 
f 856/1559/366 856/1522/366 856/1521/366 
f 856/1521/366 856/1558/366 856/1559/366 
f 856/1560/366 856/1523/366 856/1522/366 
f 856/1522/366 856/1559/366 856/1560/366 
f 857/1561/617 857/1524/617 856/1523/366 
f 856/1523/366 856/1560/366 857/1561/617 
f 857/1562/617 857/1525/617 857/1524/617 
f 857/1524/617 857/1561/617 857/1562/617 
f 857/1563/617 857/1526/617 857/1525/617 
f 857/1525/617 857/1562/617 857/1563/617 
f 857/1527/617 857/1526/617 
f 857/1526/617 857/1563/617 868/1564/626 
f 857/1527/617 868/1564/626 868/1565/626 
f 858/1566/618 858/1483/618 858/1528/618 
f 858/1528/618 868/1565/626 858/1566/618 
f 858/1567/618 858/1484/615 858/1483/618 
f 858/1483/618 858/1566/618 858/1567/618 
f 858/1568/615 858/1529/615 858/1484/615 
f 858/1484/615 858/1567/618 858/1568/615 
f 853/1569/615 853/1530/615 858/1529/615 
f 858/1529/615 858/1568/615 853/1569/615 
f 867/1570/223 853/1531/615 853/1530/615 
f 853/1530/615 853/1569/615 867/1570/223 
f 869/1571/627 853/1532/615 867/1533/223 
f 867/1533/223 869/1572/627 869/1571/627 
f 853/1532/615 869/1571/627 870/1573/628 847/1534/614 
f 870/1574/628 847/1535/614 847/1534/614 
f 847/1534/614 870/1573/628 870/1574/628 
f 847/1536/614 847/1535/614 
f 847/1537/614 847/1536/614 
f 871/1575/629 859/1496/619 847/1537/614 
f 847/1537/614 871/1576/629 871/1575/629 
f 871/1577/629 860/1497/620 859/1496/619 
f 859/1496/619 871/1575/629 871/1577/629 
f 860/1538/620 860/1497/620 
f 860/1539/620 860/1538/620 
f 872/1578/630 873/1579/631 861/1540/253 860/1539/620 
f 873/1580/631 861/1541/253 861/1540/253 
f 861/1540/253 873/1579/631 873/1580/631 
f 873/1581/631 861/1542/253 861/1541/253 
f 861/1541/253 873/1580/631 873/1581/631 
f 873/1581/631 874/1582/632 862/1543/621 861/1542/253 
f 874/1583/632 862/1544/621 862/1543/621 
f 862/1543/621 874/1582/632 874/1583/632 
f 862/1545/621 862/1544/621 
f 875/1584/633 863/1546/622 862/1545/621 
f 862/1545/621 875/1585/633 875/1584/633 
f 863/1547/622 863/1546/622 
f 876/1586/634 863/1548/622 863/1547/622 
f 863/1547/622 876/1587/634 876/1586/634 
f 876/1588/634 863/1549/622 863/1548/622 
f 863/1548/622 876/1586/634 876/1588/634 
f 864/1550/623 863/1549/622 876/1588/634 877/1589/635 
f 877/1590/635 864/1551/623 864/1550/623 
f 864/1550/623 877/1589/635 877/1590/635 
f 864/1552/623 864/1551/623 
f 864/1552/623 878/1591/636 879/1592/637 855/1553/616 
f 879/1593/616 855/1554/616 855/1553/616 879/1592/637 
f 855/1555/616 855/1554/616 
f 880/1594/638 865/1516/624 855/1555/616 
f 855/1555/616 880/1595/638 880/1594/638 
f 880/1596/638 866/1517/625 865/1516/624 
f 865/1516/624 880/1594/638 880/1596/638 
f 866/1556/625 866/1517/625 
f 866/1557/625 866/1556/625 
f 881/1597/232 856/1558/366 866/1557/625 882/1598/639 
f 881/1599/232 856/1559/366 856/1558/366 
f 856/1558/366 881/1597/232 881/1599/232 
f 881/1600/232 856/1560/366 856/1559/366 
f 856/1559/366 881/1599/232 881/1600/232 
f 856/1560/366 881/1600/232 883/1601/640 857/1561/617 
f 883/1602/640 857/1562/617 857/1561/617 
f 857/1561/617 883/1601/640 883/1602/640 
f 857/1563/617 857/1562/617 
f 884/1603/641 868/1564/626 857/1563/617 
f 857/1563/617 884/1604/641 884/1603/641 
f 884/1605/641 868/1565/626 868/1564/626 
f 868/1564/626 884/1603/641 884/1605/641 
f 884/1606/641 858/1566/618 868/1565/626 
f 868/1565/626 884/1605/641 884/1606/641 
f 858/1567/618 858/1566/618 
f 858/1567/618 885/1607/642 885/1608/627 858/1568/615 
f 885/1609/627 853/1569/615 858/1568/615 
f 858/1568/615 885/1608/627 885/1609/627 
f 853/1569/615 885/1609/627 869/1610/627 
f 869/1610/627 867/1570/223 853/1569/615 
f 869/1611/627 869/1571/627 869/1572/627 
f 869/1572/627 869/1612/627 869/1611/627 
f 870/1613/628 870/1573/628 869/1571/627 
f 869/1571/627 869/1611/627 870/1613/628 
f 870/1614/628 870/1574/628 870/1573/628 
f 870/1573/628 870/1613/628 870/1614/628 
f 886/1615/619 887/1616/619 870/1574/628 
f 870/1574/628 870/1614/628 886/1615/619 
f 871/1617/629 871/1576/629 887/1616/619 
f 887/1616/619 886/1615/619 871/1617/629 
f 871/1618/629 871/1575/629 871/1576/629 
f 871/1576/629 871/1617/629 871/1618/629 
f 871/1619/629 871/1577/629 871/1575/629 
f 871/1575/629 871/1618/629 871/1619/629 
f 872/1620/630 888/1621/619 871/1577/629 
f 871/1577/629 871/1619/629 872/1620/630 
f 872/1622/630 872/1578/630 888/1621/619 
f 888/1621/619 872/1620/630 872/1622/630 
f 873/1623/631 873/1579/631 872/1578/630 
f 872/1578/630 872/1622/630 873/1623/631 
f 873/1624/631 873/1580/631 873/1579/631 
f 873/1579/631 873/1623/631 873/1624/631 
f 873/1581/631 873/1580/631 
f 873/1580/631 873/1624/631 889/1625/643 
f 873/1581/631 889/1625/643 889/1626/643 
f 874/1627/632 874/1583/632 874/1582/632 
f 874/1582/632 889/1626/643 874/1627/632 
f 875/1628/633 875/1585/633 874/1583/632 
f 874/1583/632 874/1627/632 875/1628/633 
f 875/1629/633 875/1584/633 875/1585/633 
f 875/1585/633 875/1628/633 875/1629/633 
f 875/1630/633 876/1587/634 875/1584/633 
f 875/1584/633 875/1629/633 875/1630/633 
f 876/1586/634 876/1587/634 
f 890/1631/634 876/1588/634 876/1586/634 
f 876/1586/634 890/1632/634 890/1631/634 
f 877/1633/635 877/1589/635 876/1588/634 
f 876/1588/634 890/1631/634 877/1633/635 
f 877/1634/635 877/1590/635 877/1589/635 
f 877/1589/635 877/1633/635 877/1634/635 
f 878/1635/636 878/1591/636 877/1590/635 
f 877/1590/635 877/1634/635 878/1635/636 
f 878/1636/644 879/1592/637 878/1591/636 
f 878/1591/636 878/1635/636 878/1636/644 
f 878/1637/644 879/1593/616 879/1592/637 
f 879/1592/637 878/1636/644 878/1637/644 
f 880/1638/638 880/1595/638 879/1593/616 
f 879/1593/616 878/1637/644 880/1638/638 
f 880/1639/638 880/1594/638 880/1595/638 
f 880/1595/638 880/1638/638 880/1639/638 
f 880/1640/638 880/1596/638 880/1594/638 
f 880/1594/638 880/1639/638 880/1640/638 
f 882/1641/639 891/1642/624 880/1596/638 
f 880/1596/638 880/1640/638 882/1641/639 
f 882/1643/639 882/1598/639 891/1642/624 
f 891/1642/624 882/1641/639 882/1643/639 
f 882/1644/639 881/1597/232 882/1598/639 
f 882/1598/639 882/1643/639 882/1644/639 
f 881/1645/232 881/1599/232 881/1597/232 
f 881/1597/232 882/1644/639 881/1645/232 
f 881/1646/232 881/1600/232 881/1599/232 
f 881/1599/232 881/1645/232 881/1646/232 
f 883/1647/640 883/1601/640 881/1600/232 
f 881/1600/232 881/1646/232 883/1647/640 
f 883/1648/640 883/1602/640 883/1601/640 
f 883/1601/640 883/1647/640 883/1648/640 
f 892/1649/626 884/1604/641 883/1602/640 
f 883/1602/640 883/1648/640 892/1649/626 
f 884/1650/641 884/1603/641 884/1604/641 
f 884/1604/641 892/1649/626 884/1650/641 
f 884/1651/641 884/1605/641 884/1603/641 
f 884/1603/641 884/1650/641 884/1651/641 
f 893/1652/626 884/1606/641 884/1605/641 
f 884/1605/641 884/1651/641 893/1652/626 
f 885/1653/642 885/1607/642 884/1606/641 
f 884/1606/641 893/1652/626 885/1653/642 
f 885/1654/642 885/1608/627 885/1607/642 
f 885/1607/642 885/1653/642 885/1654/642 
f 885/1655/627 885/1609/627 885/1608/627 
f 885/1608/627 885/1654/642 885/1655/627 
f 869/1656/627 869/1610/627 885/1609/627 
f 885/1609/627 885/1655/627 869/1656/627 
f 894/1657/645 869/1611/627 869/1612/627 
f 869/1612/627 894/1658/645 894/1657/645 
f 895/1659/646 870/1613/628 869/1611/627 894/1657/645 
f 895/1660/646 870/1614/628 870/1613/628 
f 870/1613/628 895/1659/646 895/1660/646 
f 896/1661/647 886/1615/619 870/1614/628 895/1660/646 
f 896/1662/647 871/1617/629 886/1615/619 
f 886/1615/619 896/1661/647 896/1662/647 
f 871/1618/629 871/1617/629 
f 871/1619/629 871/1618/629 
f 897/1663/648 872/1620/630 871/1619/629 898/1664/630 
f 897/1665/648 872/1622/630 872/1620/630 
f 872/1620/630 897/1663/648 897/1665/648 
f 899/1666/251 873/1623/631 872/1622/630 897/1665/648 
f 899/1667/251 873/1624/631 873/1623/631 
f 873/1623/631 899/1666/251 899/1667/251 
f 899/1667/251 900/1668/649 889/1625/643 873/1624/631 
f 900/1669/649 889/1626/643 889/1625/643 
f 889/1625/643 900/1668/649 900/1669/649 
f 900/1670/649 874/1627/632 889/1626/643 
f 889/1626/643 900/1669/649 900/1670/649 
f 900/1670/649 901/1671/650 875/1628/633 874/1627/632 
f 901/1672/650 875/1629/633 875/1628/633 
f 875/1628/633 901/1671/650 901/1672/650 
f 875/1630/633 875/1629/633 
f 902/1673/651 903/1674/231 890/1632/634 875/1630/633 
f 903/1675/231 890/1631/634 890/1632/634 
f 890/1632/634 903/1674/231 903/1675/231 
f 904/1676/231 877/1633/635 890/1631/634 903/1675/231 
f 904/1677/231 877/1634/635 877/1633/635 
f 877/1633/635 904/1676/231 904/1677/231 
f 904/1677/231 905/1678/231 878/1635/636 877/1634/635 
f 878/1635/636 905/1678/231 905/1679/231 878/1636/644 
f 878/1637/644 878/1636/644 
f 906/1680/652 880/1638/638 878/1637/644 
f 878/1637/644 906/1681/652 906/1680/652 
f 880/1639/638 880/1638/638 
f 880/1640/638 880/1639/638 
f 880/1640/638 907/1682/653 908/1683/654 882/1641/639 
f 908/1684/654 882/1643/639 882/1641/639 
f 882/1641/639 908/1683/654 908/1684/654 
f 908/1685/654 882/1644/639 882/1643/639 
f 882/1643/639 908/1684/654 908/1685/654 
f 908/1685/654 909/1686/207 881/1645/232 882/1644/639 
f 909/1687/207 881/1646/232 881/1645/232 
f 881/1645/232 909/1686/207 909/1687/207 
f 909/1687/207 910/1688/655 883/1647/640 881/1646/232 
f 910/1689/655 883/1648/640 883/1647/640 
f 883/1647/640 910/1688/655 910/1689/655 
f 910/1689/655 911/1690/656 892/1649/626 883/1648/640 
f 911/1691/656 884/1650/641 892/1649/626 
f 892/1649/626 911/1690/656 911/1691/656 
f 884/1651/641 884/1650/641 
f 912/1692/657 893/1652/626 884/1651/641 
f 884/1651/641 912/1693/657 912/1692/657 
f 912/1694/657 885/1653/642 893/1652/626 
f 893/1652/626 912/1692/657 912/1694/657 
f 885/1654/642 885/1653/642 
f 913/1695/645 885/1655/627 885/1654/642 913/1696/658 
f 894/1697/645 869/1656/627 885/1655/627 913/1695/645 
f 914/1698/659 894/1657/645 894/1658/645 
f 894/1658/645 914/1699/659 914/1698/659 
f 895/1700/646 895/1659/646 894/1657/645 
f 894/1657/645 914/1698/659 895/1700/646 
f 895/1701/646 895/1660/646 895/1659/646 
f 895/1659/646 895/1700/646 895/1701/646 
f 896/1702/647 896/1661/647 895/1660/646 
f 895/1660/646 895/1701/646 896/1702/647 
f 896/1703/647 896/1662/647 896/1661/647 
f 896/1661/647 896/1702/647 896/1703/647 
f 898/1704/630 915/1705/619 896/1662/647 
f 896/1662/647 896/1703/647 898/1704/630 
f 898/1706/630 898/1664/630 915/1705/619 
f 915/1705/619 898/1704/630 898/1706/630 
f 897/1707/648 897/1663/648 898/1664/630 
f 898/1664/630 898/1706/630 897/1707/648 
f 897/1708/648 897/1665/648 897/1663/648 
f 897/1663/648 897/1707/648 897/1708/648 
f 899/1709/251 899/1666/251 897/1665/648 
f 897/1665/648 897/1708/648 899/1709/251 
f 899/1710/251 899/1667/251 899/1666/251 
f 899/1666/251 899/1709/251 899/1710/251 
f 900/1711/649 900/1668/649 899/1667/251 
f 899/1667/251 899/1710/251 900/1711/649 
f 900/1712/649 900/1669/649 900/1668/649 
f 900/1668/649 900/1711/649 900/1712/649 
f 900/1670/649 900/1669/649 
f 900/1669/649 900/1712/649 916/1713/643 
f 900/1670/649 916/1713/643 916/1714/643 
f 901/1715/650 901/1672/650 901/1671/650 
f 901/1671/650 916/1714/643 901/1715/650 
f 902/1716/651 902/1673/651 901/1672/650 
f 901/1672/650 901/1715/650 902/1716/651 
f 903/1717/231 903/1674/231 902/1673/651 
f 902/1673/651 902/1716/651 903/1717/231 
f 903/1718/231 903/1675/231 903/1674/231 
f 903/1674/231 903/1717/231 903/1718/231 
f 904/1719/231 904/1676/231 903/1675/231 
f 903/1675/231 903/1718/231 904/1719/231 
f 904/1720/231 904/1677/231 904/1676/231 
f 904/1676/231 904/1719/231 904/1720/231 
f 905/1721/231 905/1678/231 904/1677/231 
f 904/1677/231 904/1720/231 905/1721/231 
f 905/1722/231 905/1679/231 905/1678/231 
f 905/1678/231 905/1721/231 905/1722/231 
f 906/1723/652 906/1681/652 905/1679/231 
f 905/1679/231 905/1722/231 906/1723/652 
f 906/1724/652 906/1680/652 906/1681/652 
f 906/1681/652 906/1723/652 906/1724/652 
f 917/1725/660 917/1726/660 906/1680/652 
f 906/1680/652 906/1724/652 917/1725/660 
f 907/1727/653 907/1682/653 917/1726/660 
f 917/1726/660 917/1725/660 907/1727/653 
f 907/1728/653 908/1683/654 907/1682/653 
f 907/1682/653 907/1727/653 907/1728/653 
f 908/1729/654 908/1684/654 908/1683/654 
f 908/1683/654 907/1728/653 908/1729/654 
f 908/1730/654 908/1685/654 908/1684/654 
f 908/1684/654 908/1729/654 908/1730/654 
f 918/1731/661 909/1686/207 908/1685/654 
f 908/1685/654 908/1730/654 918/1731/661 
f 918/1732/661 909/1687/207 909/1686/207 
f 909/1686/207 918/1731/661 918/1732/661 
f 910/1733/655 910/1688/655 909/1687/207 
f 909/1687/207 918/1732/661 910/1733/655 
f 910/1734/655 910/1689/655 910/1688/655 
f 910/1688/655 910/1733/655 910/1734/655 
f 911/1735/656 911/1690/656 910/1689/655 
f 910/1689/655 910/1734/655 911/1735/656 
f 911/1736/656 911/1691/656 911/1690/656 
f 911/1690/656 911/1735/656 911/1736/656 
f 912/1737/657 912/1693/657 911/1691/656 
f 911/1691/656 911/1736/656 912/1737/657 
f 912/1738/657 912/1692/657 912/1693/657 
f 912/1693/657 912/1737/657 912/1738/657 
f 912/1739/657 912/1694/657 912/1692/657 
f 912/1692/657 912/1738/657 912/1739/657 
f 913/1740/658 913/1696/658 912/1694/657 
f 912/1694/657 912/1739/657 913/1740/658 
f 919/1741/626 913/1695/645 913/1696/658 
f 913/1696/658 913/1740/658 919/1741/626 
f 913/1695/645 919/1741/626 914/1742/659 894/1697/645 
f 920/1743/662 914/1698/659 914/1699/659 
f 914/1699/659 920/1744/662 920/1743/662 
f 895/1700/646 914/1698/659 920/1743/662 921/1745/662 
f 921/1746/662 895/1701/646 895/1700/646 
f 895/1700/646 921/1745/662 921/1746/662 
f 921/1746/662 922/1747/662 896/1702/647 895/1701/646 
f 922/1748/662 896/1703/647 896/1702/647 
f 896/1702/647 922/1747/662 922/1748/662 
f 923/1749/663 898/1704/630 896/1703/647 922/1748/662 
f 923/1750/663 898/1706/630 898/1704/630 
f 898/1704/630 923/1749/663 923/1750/663 
f 898/1706/630 923/1750/663 924/1751/251 897/1707/648 
f 924/1752/251 897/1708/648 897/1707/648 
f 897/1707/648 924/1751/251 924/1752/251 
f 897/1708/648 924/1752/251 925/1753/251 899/1709/251 
f 925/1754/251 899/1710/251 899/1709/251 
f 899/1709/251 925/1753/251 925/1754/251 
f 925/1754/251 926/1755/251 900/1711/649 899/1710/251 
f 926/1756/251 900/1712/649 900/1711/649 
f 900/1711/649 926/1755/251 926/1756/251 
f 927/1757/664 916/1713/643 900/1712/649 926/1756/251 
f 927/1758/664 916/1714/643 916/1713/643 
f 916/1713/643 927/1757/664 927/1758/664 
f 927/1758/664 928/1759/664 901/1715/650 916/1714/643 
f 928/1759/664 929/1760/664 902/1716/651 901/1715/650 
f 929/1760/664 930/1761/231 903/1717/231 902/1716/651 
f 930/1762/231 903/1718/231 903/1717/231 
f 903/1717/231 930/1761/231 930/1762/231 
f 903/1718/231 930/1762/231 931/1763/231 904/1719/231 
f 931/1764/231 904/1720/231 904/1719/231 
f 904/1719/231 931/1763/231 931/1764/231 
f 931/1764/231 932/1765/231 905/1721/231 904/1720/231 
f 905/1722/231 905/1721/231 932/1765/231 932/1766/231 
f 932/1766/231 933/1767/660 906/1723/652 905/1722/231 
f 933/1768/660 906/1724/652 906/1723/652 
f 906/1723/652 933/1767/660 933/1768/660 
f 906/1724/652 933/1768/660 934/1769/660 917/1725/660 
f 917/1725/660 934/1769/660 935/1770/660 907/1727/653 
f 935/1771/660 907/1728/653 907/1727/653 
f 907/1727/653 935/1770/660 935/1771/660 
f 936/1772/660 908/1729/654 907/1728/653 935/1771/660 
f 908/1730/654 908/1729/654 
f 937/1773/665 918/1731/661 908/1730/654 938/1774/637 
f 937/1775/665 918/1732/661 918/1731/661 
f 918/1731/661 937/1773/665 937/1775/665 
f 939/1776/666 910/1733/655 918/1732/661 937/1775/665 
f 910/1734/655 910/1733/655 
f 940/1777/667 941/1778/668 911/1735/656 910/1734/655 
f 941/1779/668 911/1736/656 911/1735/656 
f 911/1735/656 941/1778/668 941/1779/668 
f 942/1780/669 912/1737/657 911/1736/656 941/1779/668 
f 942/1781/669 912/1738/657 912/1737/657 
f 912/1737/657 942/1780/669 942/1781/669 
f 942/1782/669 912/1739/657 912/1738/657 
f 912/1738/657 942/1781/669 942/1782/669 
f 913/1740/658 912/1739/657 942/1782/669 943/1783/667 
f 943/1783/667 944/1784/667 919/1741/626 913/1740/658 
f 919/1741/626 944/1784/667 920/1785/662 914/1742/659 
f 920/1786/662 920/1743/662 920/1744/662 
f 920/1744/662 920/1787/662 920/1786/662 
f 921/1788/662 921/1745/662 920/1743/662 920/1786/662 
f 921/1789/662 921/1746/662 921/1745/662 
f 921/1745/662 921/1788/662 921/1789/662 
f 921/1746/662 921/1789/662 922/1790/662 922/1747/662 
f 922/1791/662 922/1748/662 922/1747/662 
f 922/1747/662 922/1790/662 922/1791/662 
f 922/1748/662 922/1791/662 923/1792/663 923/1749/663 
f 923/1793/663 923/1750/663 923/1749/663 
f 923/1749/663 923/1792/663 923/1793/663 
f 924/1751/251 923/1750/663 923/1793/663 924/1794/251 
f 924/1795/251 924/1752/251 924/1751/251 
f 924/1751/251 924/1794/251 924/1795/251 
f 924/1752/251 924/1795/251 925/1796/251 925/1753/251 
f 925/1797/251 925/1754/251 925/1753/251 
f 925/1753/251 925/1796/251 925/1797/251 
f 925/1754/251 925/1797/251 926/1798/251 926/1755/251 
f 926/1799/251 926/1756/251 926/1755/251 
f 926/1755/251 926/1798/251 926/1799/251 
f 926/1799/251 927/1800/664 927/1757/664 926/1756/251 
f 927/1801/664 927/1758/664 927/1757/664 
f 927/1757/664 927/1800/664 927/1801/664 
f 927/1758/664 927/1801/664 928/1802/664 928/1759/664 
f 929/1803/664 929/1760/664 928/1759/664 928/1802/664 
f 929/1760/664 929/1803/664 930/1804/231 930/1761/231 
f 930/1805/231 930/1762/231 930/1761/231 
f 930/1761/231 930/1804/231 930/1805/231 
f 930/1762/231 930/1805/231 931/1806/231 931/1763/231 
f 931/1807/231 931/1764/231 931/1763/231 
f 931/1763/231 931/1806/231 931/1807/231 
f 931/1764/231 931/1807/231 932/1808/231 932/1765/231 
f 932/1808/231 932/1809/231 932/1766/231 932/1765/231 
f 932/1809/231 933/1810/660 933/1767/660 932/1766/231 
f 933/1811/660 933/1768/660 933/1767/660 
f 933/1767/660 933/1810/660 933/1811/660 
f 933/1768/660 933/1811/660 934/1812/660 934/1769/660 
f 935/1813/660 935/1770/660 934/1769/660 934/1812/660 
f 935/1814/660 935/1771/660 935/1770/660 
f 935/1770/660 935/1813/660 935/1814/660 
f 935/1814/660 936/1815/660 936/1772/660 935/1771/660 
f 936/1815/660 938/1816/670 938/1774/637 936/1772/660 
f 938/1816/670 937/1817/223 937/1773/665 938/1774/637 
f 937/1818/223 937/1775/665 937/1773/665 
f 937/1773/665 937/1817/223 937/1818/223 
f 937/1775/665 937/1818/223 939/1819/671 939/1776/666 
f 940/1777/667 939/1776/666 939/1819/671 940/1820/667 
f 941/1821/668 941/1778/668 940/1777/667 940/1820/667 
f 941/1822/668 941/1779/668 941/1778/668 
f 941/1778/668 941/1821/668 941/1822/668 
f 941/1822/668 942/1823/669 942/1780/669 941/1779/668 
f 942/1824/669 942/1781/669 942/1780/669 
f 942/1780/669 942/1823/669 942/1824/669 
f 942/1825/669 942/1782/669 942/1781/669 
f 942/1781/669 942/1824/669 942/1825/669 
f 942/1782/669 942/1825/669 943/1826/667 943/1783/667 
f 943/1783/667 943/1826/667 944/1827/667 944/1784/667 
f 920/1785/662 944/1784/667 944/1827/667 920/1828/662 
f 945/1829/672 920/1786/662 920/1787/662 
f 920/1787/662 945/1830/672 945/1829/672 
f 946/1831/673 921/1788/662 920/1786/662 945/1829/672 
f 946/1832/673 921/1789/662 921/1788/662 
f 921/1788/662 946/1831/673 946/1832/673 
f 947/1833/674 922/1790/662 921/1789/662 946/1832/673 
f 947/1834/674 922/1791/662 922/1790/662 
f 922/1790/662 947/1833/674 947/1834/674 
f 923/1792/663 922/1791/662 947/1834/674 948/1835/675 
f 948/1836/675 923/1793/663 923/1792/663 
f 923/1792/663 948/1835/675 948/1836/675 
f 924/1794/251 923/1793/663 948/1836/675 949/1837/251 
f 949/1838/251 924/1795/251 924/1794/251 
f 924/1794/251 949/1837/251 949/1838/251 
f 949/1838/251 950/1839/251 925/1796/251 924/1795/251 
f 950/1840/251 925/1797/251 925/1796/251 
f 925/1796/251 950/1839/251 950/1840/251 
f 925/1797/251 950/1840/251 951/1841/676 926/1798/251 
f 951/1842/676 926/1799/251 926/1798/251 
f 926/1798/251 951/1841/676 951/1842/676 
f 952/1843/677 927/1800/664 926/1799/251 951/1842/676 
f 952/1844/677 927/1801/664 927/1800/664 
f 927/1800/664 952/1843/677 952/1844/677 
f 952/1844/677 953/1845/678 928/1802/664 927/1801/664 
f 953/1845/678 954/1846/679 929/1803/664 928/1802/664 
f 954/1846/679 955/1847/231 930/1804/231 929/1803/664 
f 955/1848/231 930/1805/231 930/1804/231 
f 930/1804/231 955/1847/231 955/1848/231 
f 930/1805/231 955/1848/231 956/1849/231 931/1806/231 
f 956/1850/231 931/1807/231 931/1806/231 
f 931/1806/231 956/1849/231 956/1850/231 
f 931/1807/231 956/1850/231 957/1851/231 932/1808/231 
f 957/1851/231 957/1852/231 932/1809/231 932/1808/231 
f 932/1809/231 957/1852/231 958/1853/680 933/1810/660 
f 958/1854/680 933/1811/660 933/1810/660 
f 933/1810/660 958/1853/680 958/1854/680 
f 934/1812/660 933/1811/660 958/1854/680 959/1855/660 
f 959/1855/660 960/1856/681 935/1813/660 934/1812/660 
f 960/1857/681 935/1814/660 935/1813/660 
f 935/1813/660 960/1856/681 960/1857/681 
f 935/1814/660 960/1857/681 961/1858/682 936/1815/660 
f 961/1859/682 938/1816/670 936/1815/660 
f 936/1815/660 961/1858/682 961/1859/682 
f 962/1860/219 937/1817/223 938/1816/670 961/1859/682 
f 962/1861/219 937/1818/223 937/1817/223 
f 937/1817/223 962/1860/219 962/1861/219 
f 962/1861/219 963/1862/683 939/1819/671 937/1818/223 
f 963/1863/683 940/1820/667 939/1819/671 
f 939/1819/671 963/1862/683 963/1863/683 
f 963/1863/683 964/1864/684 941/1821/668 940/1820/667 
f 964/1865/684 941/1822/668 941/1821/668 
f 941/1821/668 964/1864/684 964/1865/684 
f 965/1866/685 942/1823/669 941/1822/668 964/1865/684 
f 965/1867/685 942/1824/669 942/1823/669 
f 942/1823/669 965/1866/685 965/1867/685 
f 965/1868/685 942/1825/669 942/1824/669 
f 942/1824/669 965/1867/685 965/1868/685 
f 942/1825/669 965/1868/685 966/1869/658 943/1826/667 
f 966/1869/658 967/1870/686 944/1827/667 943/1826/667 
f 920/1828/662 944/1827/667 967/1870/686 945/1871/672 
f 968/1872/687 945/1829/672 945/1830/672 
f 945/1830/672 968/1873/687 968/1872/687 
f 946/1874/673 946/1831/673 945/1829/672 
f 945/1829/672 968/1872/687 946/1874/673 
f 946/1875/673 946/1832/673 946/1831/673 
f 946/1831/673 946/1874/673 946/1875/673 
f 947/1876/674 947/1833/674 946/1832/673 
f 946/1832/673 946/1875/673 947/1876/674 
f 947/1877/674 947/1834/674 947/1833/674 
f 947/1833/674 947/1876/674 947/1877/674 
f 969/1878/688 948/1835/675 947/1834/674 
f 947/1834/674 947/1877/674 969/1878/688 
f 948/1879/675 948/1836/675 948/1835/675 
f 948/1835/675 969/1878/688 948/1879/675 
f 949/1880/251 949/1837/251 948/1836/675 
f 948/1836/675 948/1879/675 949/1880/251 
f 949/1881/251 949/1838/251 949/1837/251 
f 949/1837/251 949/1880/251 949/1881/251 
f 950/1882/251 950/1839/251 949/1838/251 
f 949/1838/251 949/1881/251 950/1882/251 
f 950/1883/251 950/1840/251 950/1839/251 
f 950/1839/251 950/1882/251 950/1883/251 
f 951/1884/676 951/1841/676 950/1840/251 
f 950/1840/251 950/1883/251 951/1884/676 
f 951/1885/676 951/1842/676 951/1841/676 
f 951/1841/676 951/1884/676 951/1885/676 
f 951/1886/676 952/1843/677 951/1842/676 
f 951/1842/676 951/1885/676 951/1886/676 
f 953/1887/678 952/1844/677 952/1843/677 
f 952/1843/677 951/1886/676 953/1887/678 
f 953/1888/678 953/1845/678 952/1844/677 
f 952/1844/677 953/1887/678 953/1888/678 
f 954/1889/679 954/1846/679 953/1845/678 
f 953/1845/678 953/1888/678 954/1889/679 
f 955/1890/231 955/1847/231 954/1846/679 
f 954/1846/679 954/1889/679 955/1890/231 
f 955/1891/231 955/1848/231 955/1847/231 
f 955/1847/231 955/1890/231 955/1891/231 
f 956/1892/231 956/1849/231 955/1848/231 
f 955/1848/231 955/1891/231 956/1892/231 
f 956/1893/231 956/1850/231 956/1849/231 
f 956/1849/231 956/1892/231 956/1893/231 
f 957/1894/231 957/1851/231 956/1850/231 
f 956/1850/231 956/1893/231 957/1894/231 
f 957/1895/231 957/1852/231 957/1851/231 
f 957/1851/231 957/1894/231 957/1895/231 
f 958/1896/680 958/1853/680 957/1852/231 
f 957/1852/231 957/1895/231 958/1896/680 
f 958/1897/680 958/1854/680 958/1853/680 
f 958/1853/680 958/1896/680 958/1897/680 
f 959/1898/660 959/1855/660 958/1854/680 
f 958/1854/680 958/1897/680 959/1898/660 
f 960/1899/681 960/1856/681 959/1855/660 
f 959/1855/660 959/1898/660 960/1899/681 
f 961/1900/682 960/1857/681 960/1856/681 
f 960/1856/681 960/1899/681 961/1900/682 
f 961/1901/682 961/1858/682 960/1857/681 
f 960/1857/681 961/1900/682 961/1901/682 
f 961/1902/682 961/1859/682 961/1858/682 
f 961/1858/682 961/1901/682 961/1902/682 
f 970/1903/219 962/1860/219 961/1859/682 
f 961/1859/682 961/1902/682 970/1903/219 
f 970/1904/219 962/1861/219 962/1860/219 
f 962/1860/219 970/1903/219 970/1904/219 
f 963/1905/683 963/1862/683 962/1861/219 
f 962/1861/219 970/1904/219 963/1905/683 
f 963/1906/683 963/1863/683 963/1862/683 
f 963/1862/683 963/1905/683 963/1906/683 
f 964/1907/684 964/1864/684 963/1863/683 
f 963/1863/683 963/1906/683 964/1907/684 
f 964/1908/684 964/1865/684 964/1864/684 
f 964/1864/684 964/1907/684 964/1908/684 
f 965/1909/685 965/1866/685 964/1865/684 
f 964/1865/684 964/1908/684 965/1909/685 
f 965/1910/685 965/1867/685 965/1866/685 
f 965/1866/685 965/1909/685 965/1910/685 
f 965/1911/685 965/1868/685 965/1867/685 
f 965/1867/685 965/1910/685 965/1911/685 
f 966/1912/658 966/1869/658 965/1868/685 
f 965/1868/685 965/1911/685 966/1912/658 
f 966/1913/687 967/1870/686 966/1869/658 
f 966/1869/658 966/1912/658 966/1913/687 
f 968/1914/687 945/1871/672 967/1870/686 966/1913/687 
f 971/1915/689 968/1872/687 968/1873/687 
f 968/1873/687 971/1916/689 971/1915/689 
f 968/1872/687 971/1915/689 972/1917/690 946/1874/673 
f 972/1918/690 946/1875/673 946/1874/673 
f 946/1874/673 972/1917/690 972/1918/690 
f 972/1918/690 973/1919/688 947/1876/674 946/1875/673 
f 947/1877/674 947/1876/674 
f 974/1920/691 969/1878/688 947/1877/674 
f 947/1877/674 974/1921/691 974/1920/691 
f 974/1922/691 948/1879/675 969/1878/688 
f 969/1878/688 974/1920/691 974/1922/691 
f 948/1879/675 974/1922/691 975/1923/692 949/1880/251 
f 975/1924/692 949/1881/251 949/1880/251 
f 949/1880/251 975/1923/692 975/1924/692 
f 976/1925/693 950/1882/251 949/1881/251 975/1924/692 
f 976/1926/693 950/1883/251 950/1882/251 
f 950/1882/251 976/1925/693 976/1926/693 
f 951/1884/676 950/1883/251 976/1926/693 977/1927/677 
f 977/1928/677 951/1885/676 951/1884/676 
f 951/1884/676 977/1927/677 977/1928/677 
f 951/1886/676 951/1885/676 
f 951/1886/676 978/1929/694 979/1930/695 953/1887/678 
f 979/1931/695 953/1888/678 953/1887/678 
f 953/1887/678 979/1930/695 979/1931/695 
f 979/1932/695 954/1889/679 953/1888/678 
f 953/1888/678 979/1931/695 979/1932/695 
f 954/1889/679 979/1932/695 980/1933/696 955/1890/231 
f 980/1934/696 955/1891/231 955/1890/231 
f 955/1890/231 980/1933/696 980/1934/696 
f 981/1935/697 956/1892/231 955/1891/231 980/1934/696 
f 981/1936/697 956/1893/231 956/1892/231 
f 956/1892/231 981/1935/697 981/1936/697 
f 981/1936/697 982/1937/698 957/1894/231 956/1893/231 
f 982/1938/699 957/1895/231 957/1894/231 982/1937/698 
f 982/1939/699 958/1896/680 957/1895/231 
f 957/1895/231 982/1938/699 982/1939/699 
f 958/1897/680 958/1896/680 
f 983/1940/700 959/1898/660 958/1897/680 
f 958/1897/680 983/1941/700 983/1940/700 
f 983/1942/700 960/1899/681 959/1898/660 
f 959/1898/660 983/1940/700 983/1942/700 
f 983/1942/700 984/1943/701 961/1900/682 960/1899/681 
f 984/1944/701 961/1901/682 961/1900/682 
f 961/1900/682 984/1943/701 984/1944/701 
f 984/1945/701 961/1902/682 961/1901/682 
f 961/1901/682 984/1944/701 984/1945/701 
f 985/1946/218 970/1903/219 961/1902/682 984/1945/701 
f 985/1947/218 970/1904/219 970/1903/219 
f 970/1903/219 985/1946/218 985/1947/218 
f 970/1904/219 985/1947/218 986/1948/702 963/1905/683 
f 986/1949/702 963/1906/683 963/1905/683 
f 963/1905/683 986/1948/702 986/1949/702 
f 986/1949/702 987/1950/686 964/1907/684 963/1906/683 
f 964/1908/684 964/1907/684 
f 988/1951/703 965/1909/685 964/1908/684 
f 964/1908/684 988/1952/703 988/1951/703 
f 965/1910/685 965/1909/685 
f 965/1911/685 965/1910/685 
f 989/1953/704 966/1912/658 965/1911/685 
f 965/1911/685 989/1954/704 989/1953/704 
f 989/1955/705 966/1913/687 966/1912/658 989/1953/704 
f 971/1956/689 968/1914/687 966/1913/687 989/1955/705 
f 971/1957/689 971/1915/689 971/1916/689 
f 971/1916/689 971/1958/689 971/1957/689 
f 972/1959/690 972/1917/690 971/1915/689 
f 971/1915/689 971/1957/689 972/1959/690 
f 972/1960/690 972/1918/690 972/1917/690 
f 972/1917/690 972/1959/690 972/1960/690 
f 990/1961/688 973/1919/688 972/1918/690 
f 972/1918/690 972/1960/690 990/1961/688 
f 974/1962/691 974/1921/691 973/1919/688 
f 973/1919/688 990/1961/688 974/1962/691 
f 974/1963/691 974/1920/691 974/1921/691 
f 974/1921/691 974/1962/691 974/1963/691 
f 974/1964/691 974/1922/691 974/1920/691 
f 974/1920/691 974/1963/691 974/1964/691 
f 991/1965/688 975/1923/692 974/1922/691 
f 974/1922/691 974/1964/691 991/1965/688 
f 975/1966/692 975/1924/692 975/1923/692 
f 975/1923/692 991/1965/688 975/1966/692 
f 976/1967/693 976/1925/693 975/1924/692 
f 975/1924/692 975/1966/692 976/1967/693 
f 976/1968/693 976/1926/693 976/1925/693 
f 976/1925/693 976/1967/693 976/1968/693 
f 976/1969/693 977/1927/677 976/1926/693 
f 976/1926/693 976/1968/693 976/1969/693 
f 978/1970/694 977/1928/677 977/1927/677 
f 977/1927/677 976/1969/693 978/1970/694 
f 978/1971/694 978/1929/694 977/1928/677 
f 977/1928/677 978/1970/694 978/1971/694 
f 979/1972/695 979/1930/695 978/1929/694 
f 978/1929/694 978/1971/694 979/1972/695 
f 979/1973/695 979/1931/695 979/1930/695 
f 979/1930/695 979/1972/695 979/1973/695 
f 979/1932/695 979/1931/695 
f 979/1931/695 979/1973/695 992/1974/696 
f 979/1932/695 992/1974/696 992/1975/696 
f 992/1976/696 980/1934/696 980/1933/696 
f 980/1933/696 992/1975/696 992/1976/696 
f 981/1977/697 981/1935/697 980/1934/696 
f 980/1934/696 992/1976/696 981/1977/697 
f 981/1978/697 981/1936/697 981/1935/697 
f 981/1935/697 981/1977/697 981/1978/697 
f 982/1979/698 982/1937/698 981/1936/697 
f 981/1936/697 981/1978/697 982/1979/698 
f 993/1980/706 982/1938/699 982/1937/698 
f 982/1937/698 982/1979/698 993/1980/706 
f 982/1939/699 982/1938/699 
f 983/1981/700 983/1941/700 982/1939/699 
f 982/1939/699 993/1982/707 983/1981/700 
f 983/1983/700 983/1940/700 983/1941/700 
f 983/1941/700 983/1981/700 983/1983/700 
f 983/1984/700 983/1942/700 983/1940/700 
f 983/1940/700 983/1983/700 983/1984/700 
f 994/1985/708 984/1943/701 983/1942/700 
f 983/1942/700 983/1984/700 994/1985/708 
f 984/1986/701 984/1944/701 984/1943/701 
f 984/1943/701 994/1985/708 984/1986/701 
f 985/1987/218 984/1945/701 984/1944/701 
f 984/1944/701 984/1986/701 985/1987/218 
f 985/1988/218 985/1946/218 984/1945/701 
f 984/1945/701 985/1987/218 985/1988/218 
f 985/1989/218 985/1947/218 985/1946/218 
f 985/1946/218 985/1988/218 985/1989/218 
f 986/1990/702 986/1948/702 985/1947/218 
f 985/1947/218 985/1989/218 986/1990/702 
f 986/1991/702 986/1949/702 986/1948/702 
f 986/1948/702 986/1990/702 986/1991/702 
f 988/1992/703 987/1950/686 986/1949/702 
f 986/1949/702 986/1991/702 988/1992/703 
f 988/1993/703 988/1952/703 987/1950/686 
f 987/1950/686 988/1992/703 988/1993/703 
f 988/1994/703 988/1951/703 988/1952/703 
f 988/1952/703 988/1993/703 988/1994/703 
f 988/1995/703 995/1996/686 988/1951/703 
f 988/1951/703 988/1994/703 988/1995/703 
f 989/1997/704 989/1954/704 995/1996/686 
f 995/1996/686 988/1995/703 989/1997/704 
f 989/1998/705 989/1953/704 989/1954/704 
f 989/1954/704 989/1997/704 989/1998/705 
f 989/1999/705 989/1955/705 989/1953/704 
f 989/1953/704 989/1998/705 989/1999/705 
f 971/2000/689 971/1956/689 989/1955/705 
f 989/1955/705 989/1999/705 971/2000/689 
f 971/1957/689 971/1958/689 
f 996/2001/709 997/2002/710 972/1959/690 971/1957/689 
f 997/2003/710 972/1960/690 972/1959/690 
f 972/1959/690 997/2002/710 997/2003/710 
f 997/2004/710 990/1961/688 972/1960/690 
f 972/1960/690 997/2003/710 997/2004/710 
f 997/2005/710 974/1962/691 990/1961/688 
f 990/1961/688 997/2004/710 997/2005/710 
f 974/1963/691 974/1962/691 
f 974/1964/691 974/1963/691 
f 998/2006/711 991/1965/688 974/1964/691 
f 974/1964/691 998/2007/711 998/2006/711 
f 998/2008/711 975/1966/692 991/1965/688 
f 991/1965/688 998/2006/711 998/2008/711 
f 999/2009/284 976/1967/693 975/1966/692 998/2008/711 
f 999/2010/284 976/1968/693 976/1967/693 
f 976/1967/693 999/2009/284 999/2010/284 
f 999/2011/284 976/1969/693 976/1968/693 
f 976/1968/693 999/2010/284 999/2011/284 
f 976/1969/693 999/2011/284 1000/2012/712 978/1970/694 
f 1000/2013/712 978/1971/694 978/1970/694 
f 978/1970/694 1000/2012/712 1000/2013/712 
f 1000/2014/712 979/1972/695 978/1971/694 
f 978/1971/694 1000/2013/712 1000/2014/712 
f 979/1973/695 979/1972/695 
f 1001/2015/713 992/1974/696 979/1973/695 
f 979/1973/695 1001/2016/713 1001/2015/713 
f 1001/2017/713 992/1975/696 992/1974/696 
f 992/1974/696 1001/2015/713 1001/2017/713 
f 1001/2018/713 992/1976/696 992/1975/696 
f 992/1975/696 1001/2017/713 1001/2018/713 
f 1002/2019/714 981/1977/697 992/1976/696 1001/2018/713 
f 1002/2020/714 981/1978/697 981/1977/697 
f 981/1977/697 1002/2019/714 1002/2020/714 
f 1002/2021/714 982/1979/698 981/1978/697 
f 981/1978/697 1002/2020/714 1002/2021/714 
f 1002/2021/714 1003/2022/707 993/1980/706 982/1979/698 
f 993/1980/706 1003/2022/707 1003/2023/707 993/1982/707 
f 1003/2024/707 983/1981/700 993/1982/707 
f 993/1982/707 1003/2023/707 1003/2024/707 
f 983/1983/700 983/1981/700 
f 983/1984/700 983/1983/700 
f 1004/2025/715 994/1985/708 983/1984/700 
f 983/1984/700 1004/2026/715 1004/2025/715 
f 1004/2027/715 984/1986/701 994/1985/708 
f 994/1985/708 1004/2025/715 1004/2027/715 
f 1005/2028/290 985/1987/218 984/1986/701 1004/2027/715 
f 1005/2029/290 985/1988/218 985/1987/218 
f 985/1987/218 1005/2028/290 1005/2029/290 
f 1005/2030/290 985/1989/218 985/1988/218 
f 985/1988/218 1005/2029/290 1005/2030/290 
f 985/1989/218 1005/2030/290 1006/2031/716 986/1990/702 
f 1006/2032/716 986/1991/702 986/1990/702 
f 986/1990/702 1006/2031/716 1006/2032/716 
f 1006/2033/716 988/1992/703 986/1991/702 
f 986/1991/702 1006/2032/716 1006/2033/716 
f 988/1993/703 988/1992/703 
f 1007/2034/686 988/1994/703 988/1993/703 
f 988/1993/703 1007/2035/686 1007/2034/686 
f 988/1995/703 988/1994/703 
f 1008/2036/717 989/1997/704 988/1995/703 
f 988/1995/703 1008/2037/717 1008/2036/717 
f 989/1997/704 1008/2036/717 1008/2038/718 989/1998/705 
f 989/1999/705 989/1998/705 
f 1009/2039/719 971/2000/689 989/1999/705 996/2040/709 
f 996/2041/709 996/2001/709 1009/2042/719 
f 1009/2042/719 996/2043/709 996/2041/709 
f 996/2044/709 997/2002/710 996/2001/709 
f 996/2001/709 996/2041/709 996/2044/709 
f 997/2045/710 997/2003/710 997/2002/710 
f 997/2002/710 996/2044/709 997/2045/710 
f 997/2046/710 997/2004/710 997/2003/710 
f 997/2003/710 997/2045/710 997/2046/710 
f 997/2047/710 997/2005/710 997/2004/710 
f 997/2004/710 997/2046/710 997/2047/710 
f 1010/2048/720 1011/2049/688 997/2005/710 
f 997/2005/710 997/2047/710 1010/2048/720 
f 998/2050/711 998/2007/711 1011/2049/688 
f 1011/2049/688 1010/2048/720 998/2050/711 
f 998/2051/711 998/2006/711 998/2007/711 
f 998/2007/711 998/2050/711 998/2051/711 
f 998/2052/711 998/2008/711 998/2006/711 
f 998/2006/711 998/2051/711 998/2052/711 
f 999/2053/284 999/2009/284 998/2008/711 
f 998/2008/711 998/2052/711 999/2053/284 
f 999/2054/284 999/2010/284 999/2009/284 
f 999/2009/284 999/2053/284 999/2054/284 
f 999/2055/284 999/2011/284 999/2010/284 
f 999/2010/284 999/2054/284 999/2055/284 
f 1000/2056/712 1000/2012/712 999/2011/284 
f 999/2011/284 999/2055/284 1000/2056/712 
f 1000/2057/712 1000/2013/712 1000/2012/712 
f 1000/2012/712 1000/2056/712 1000/2057/712 
f 1000/2014/712 1000/2013/712 
f 1000/2056/712 1012/2058/720 1013/2059/720 
f 1000/2013/712 1000/2057/712 1013/2060/720 
f 1000/2014/712 1013/2060/720 1013/2061/720 
f 1013/2062/720 1001/2015/713 1001/2016/713 
f 1001/2016/713 1013/2061/720 1013/2062/720 
f 1001/2063/713 1001/2017/713 1001/2015/713 
f 1001/2015/713 1013/2062/720 1001/2063/713 
f 1002/2064/714 1001/2018/713 1001/2017/713 
f 1001/2017/713 1001/2063/713 1002/2064/714 
f 1002/2065/714 1002/2019/714 1001/2018/713 
f 1001/2018/713 1002/2064/714 1002/2065/714 
f 1002/2066/714 1002/2020/714 1002/2019/714 
f 1002/2019/714 1002/2065/714 1002/2066/714 
f 1002/2067/714 1002/2021/714 1002/2020/714 
f 1002/2020/714 1002/2066/714 1002/2067/714 
f 1003/2068/707 1003/2022/707 1002/2021/714 
f 1002/2021/714 1002/2067/714 1003/2068/707 
f 1003/2069/707 1003/2023/707 1003/2022/707 
f 1003/2022/707 1003/2068/707 1003/2069/707 
f 1003/2024/707 1003/2023/707 
f 1014/2070/720 1015/2071/708 1003/2024/707 
f 1003/2024/707 1014/2072/720 1014/2070/720 
f 1004/2073/715 1004/2026/715 1015/2071/708 
f 1015/2071/708 1014/2070/720 1004/2073/715 
f 1004/2074/715 1004/2025/715 1004/2026/715 
f 1004/2026/715 1004/2073/715 1004/2074/715 
f 1004/2075/715 1004/2027/715 1004/2025/715 
f 1004/2025/715 1004/2074/715 1004/2075/715 
f 1005/2076/290 1005/2028/290 1004/2027/715 
f 1004/2027/715 1004/2075/715 1005/2076/290 
f 1005/2077/290 1005/2029/290 1005/2028/290 
f 1005/2028/290 1005/2076/290 1005/2077/290 
f 1005/2078/290 1005/2030/290 1005/2029/290 
f 1005/2029/290 1005/2077/290 1005/2078/290 
f 1006/2079/716 1006/2031/716 1005/2030/290 
f 1005/2030/290 1005/2078/290 1006/2079/716 
f 1006/2080/716 1006/2032/716 1006/2031/716 
f 1006/2031/716 1006/2079/716 1006/2080/716 
f 1006/2081/716 1006/2033/716 1006/2032/716 
f 1006/2032/716 1006/2080/716 1006/2081/716 
f 1006/2082/716 1007/2035/686 1006/2033/716 
f 1006/2033/716 1006/2081/716 1006/2082/716 
f 1008/2083/717 1007/2034/686 1007/2035/686 
f 1007/2035/686 1006/2082/716 1008/2083/717 
f 1008/2084/717 1008/2037/717 1007/2034/686 
f 1007/2034/686 1008/2083/717 1008/2084/717 
f 1008/2085/718 1008/2036/717 1008/2037/717 
f 1008/2037/717 1008/2084/717 1008/2085/718 
f 1008/2086/718 1008/2038/718 1008/2036/717 
f 1008/2036/717 1008/2085/718 1008/2086/718 
f 996/2087/709 996/2040/709 1008/2038/718 
f 1008/2038/718 1008/2086/718 996/2087/709 
f 996/2088/709 1009/2039/719 996/2040/709 
f 996/2040/709 996/2087/709 996/2088/709 
f 996/2089/709 996/2041/709 996/2043/709 
f 996/2043/709 996/2090/709 996/2089/709 
f 996/2091/709 996/2044/709 996/2041/709 
f 996/2041/709 996/2089/709 996/2091/709 
f 997/2092/710 997/2045/710 996/2044/709 
f 996/2044/709 996/2091/709 997/2092/710 
f 1010/2093/720 997/2046/710 997/2045/710 
f 997/2045/710 997/2092/710 1010/2093/720 
f 1010/2094/720 997/2047/710 997/2046/710 
f 997/2046/710 1010/2093/720 1010/2094/720 
f 1010/2095/720 1010/2048/720 997/2047/710 
f 997/2047/710 1010/2094/720 1010/2095/720 
f 1010/2096/720 998/2050/711 1010/2048/720 
f 1010/2048/720 1010/2095/720 1010/2096/720 
f 1010/2097/720 998/2051/711 998/2050/711 
f 998/2050/711 1010/2096/720 1010/2097/720 
f 998/2052/711 998/2051/711 
f 1012/2098/720 999/2053/284 998/2052/711 
f 998/2052/711 1012/2099/720 1012/2098/720 
f 1012/2100/720 999/2054/284 999/2053/284 
f 999/2053/284 1012/2098/720 1012/2100/720 
f 1012/2101/720 999/2055/284 999/2054/284 
f 999/2054/284 1012/2100/720 1012/2101/720 
f 1012/2058/720 1000/2056/712 999/2055/284 
f 999/2055/284 1012/2101/720 1012/2058/720 
f 1013/2059/720 1000/2057/712 1000/2056/712 
f 1013/2102/720 1013/2060/720 1000/2057/712 
f 1000/2057/712 1013/2059/720 1013/2102/720 
f 1013/2103/720 1013/2061/720 1013/2060/720 
f 1013/2060/720 1013/2102/720 1013/2103/720 
f 1013/2104/720 1013/2062/720 1013/2061/720 
f 1013/2061/720 1013/2103/720 1013/2104/720 
f 1013/2105/720 1001/2063/713 1013/2062/720 
f 1013/2062/720 1013/2104/720 1013/2105/720 
f 1016/2106/720 1002/2064/714 1001/2063/713 1013/2105/720 
f 1016/2107/720 1002/2065/714 1002/2064/714 
f 1002/2064/714 1016/2106/720 1016/2107/720 
f 1016/2108/720 1002/2066/714 1002/2065/714 
f 1002/2065/714 1016/2107/720 1016/2108/720 
f 1016/2109/720 1002/2067/714 1002/2066/714 
f 1002/2066/714 1016/2108/720 1016/2109/720 
f 1002/2067/714 1016/2109/720 1014/2110/720 1003/2068/707 
f 1014/2111/720 1003/2069/707 1003/2068/707 
f 1003/2068/707 1014/2110/720 1014/2111/720 
f 1014/2112/720 1014/2072/720 1003/2069/707 
f 1003/2069/707 1014/2111/720 1014/2112/720 
f 1014/2113/720 1014/2070/720 1014/2072/720 
f 1014/2072/720 1014/2112/720 1014/2113/720 
f 1014/2114/720 1004/2073/715 1014/2070/720 
f 1014/2070/720 1014/2113/720 1014/2114/720 
f 1014/2115/720 1004/2074/715 1004/2073/715 
f 1004/2073/715 1014/2114/720 1014/2115/720 
f 1005/2116/290 1004/2075/715 1004/2074/715 
f 1004/2074/715 1014/2115/720 1005/2116/290 
f 1005/2117/290 1005/2076/290 1004/2075/715 
f 1004/2075/715 1005/2116/290 1005/2117/290 
f 1005/2118/290 1005/2077/290 1005/2076/290 
f 1005/2076/290 1005/2117/290 1005/2118/290 
f 1005/2119/290 1005/2078/290 1005/2077/290 
f 1005/2077/290 1005/2118/290 1005/2119/290 
f 1005/2120/290 1006/2079/716 1005/2078/290 
f 1005/2078/290 1005/2119/290 1005/2120/290 
f 1006/2121/716 1006/2080/716 1006/2079/716 
f 1006/2079/716 1005/2120/290 1006/2121/716 
f 1006/2081/716 1006/2080/716 
f 1006/2080/716 1006/2121/716 1017/2122/720 
f 1017/2123/720 1006/2082/716 1006/2081/716 
f 1006/2081/716 1017/2122/720 1017/2123/720 
f 1006/2082/716 1017/2123/720 1017/2124/720 
f 1008/2084/717 1008/2083/717 
f 1008/2125/718 1008/2085/718 1008/2084/717 
f 1008/2084/717 1017/2126/720 1008/2125/718 
f 1008/2127/718 1008/2086/718 1008/2085/718 
f 1008/2085/718 1008/2125/718 1008/2127/718 
f 996/2128/709 996/2087/709 1008/2086/718 
f 1008/2086/718 1008/2127/718 996/2128/709 
f 996/2129/709 996/2088/709 996/2087/709 
f 996/2087/709 996/2128/709 996/2129/709 
f 996/2089/709 996/2090/709 
f 996/2090/709 1018/2130/720 1018/2131/720 
f 1018/2132/720 996/2091/709 996/2089/709 
f 996/2089/709 1018/2131/720 1018/2132/720 
f 996/2091/709 1018/2132/720 1018/2133/720 
f 1018/2134/720 1010/2093/720 997/2092/710 
f 997/2092/710 1018/2133/720 1018/2134/720 
f 1010/2135/720 1010/2094/720 1010/2093/720 
f 1010/2093/720 1018/2134/720 1010/2135/720 
f 1010/2136/720 1010/2095/720 1010/2094/720 
f 1010/2094/720 1010/2135/720 1010/2136/720 
f 1010/2137/720 1010/2096/720 1010/2095/720 
f 1010/2095/720 1010/2136/720 1010/2137/720 
f 1010/2138/720 1010/2097/720 1010/2096/720 
f 1010/2096/720 1010/2137/720 1010/2138/720 
f 1012/2139/720 1012/2099/720 1010/2097/720 
f 1010/2097/720 1010/2138/720 1012/2139/720 
f 1012/2140/720 1012/2098/720 1012/2099/720 
f 1012/2099/720 1012/2139/720 1012/2140/720 
f 1012/2141/720 1012/2100/720 1012/2098/720 
f 1012/2098/720 1012/2140/720 1012/2141/720 
f 1012/2142/720 1012/2101/720 1012/2100/720 
f 1012/2100/720 1012/2141/720 1012/2142/720 
f 1012/2143/720 1012/2058/720 1012/2101/720 
f 1012/2101/720 1012/2142/720 1012/2143/720 
f 1012/2144/720 1013/2059/720 1012/2058/720 
f 1012/2058/720 1012/2143/720 1012/2144/720 
f 1012/2145/720 1013/2102/720 1013/2059/720 
f 1013/2059/720 1012/2144/720 1012/2145/720 
f 1013/2146/720 1013/2103/720 1013/2102/720 
f 1013/2102/720 1012/2145/720 1013/2146/720 
f 1016/2147/720 1013/2104/720 1013/2103/720 
f 1013/2103/720 1013/2146/720 1016/2147/720 
f 1016/2148/720 1013/2105/720 1013/2104/720 
f 1013/2104/720 1016/2147/720 1016/2148/720 
f 1016/2149/720 1016/2106/720 1013/2105/720 
f 1013/2105/720 1016/2148/720 1016/2149/720 
f 1016/2150/720 1016/2107/720 1016/2106/720 
f 1016/2106/720 1016/2149/720 1016/2150/720 
f 1016/2151/720 1016/2108/720 1016/2107/720 
f 1016/2107/720 1016/2150/720 1016/2151/720 
f 1016/2152/720 1016/2109/720 1016/2108/720 
f 1016/2108/720 1016/2151/720 1016/2152/720 
f 1016/2153/720 1014/2110/720 1016/2109/720 
f 1016/2109/720 1016/2152/720 1016/2153/720 
f 1014/2154/720 1014/2111/720 1014/2110/720 
f 1014/2110/720 1016/2153/720 1014/2154/720 
f 1014/2155/720 1014/2112/720 1014/2111/720 
f 1014/2111/720 1014/2154/720 1014/2155/720 
f 1014/2156/720 1014/2113/720 1014/2112/720 
f 1014/2112/720 1014/2155/720 1014/2156/720 
f 1014/2114/720 1014/2113/720 
f 1014/2115/720 1014/2114/720 
f 1019/2157/720 1005/2116/290 1014/2115/720 
f 1014/2115/720 1019/2158/720 1019/2157/720 
f 1019/2159/720 1005/2117/290 1005/2116/290 
f 1005/2116/290 1019/2157/720 1019/2159/720 
f 1019/2160/720 1005/2118/290 1005/2117/290 
f 1005/2117/290 1019/2159/720 1019/2160/720 
f 1019/2161/720 1005/2119/290 1005/2118/290 
f 1005/2118/290 1019/2160/720 1019/2161/720 
f 1019/2162/720 1005/2120/290 1005/2119/290 
f 1005/2119/290 1019/2161/720 1019/2162/720 
f 1019/2162/720 1017/2163/720 1006/2121/716 1005/2120/290 
f 1017/2164/720 1017/2122/720 1006/2121/716 
f 1006/2121/716 1017/2163/720 1017/2164/720 
f 1017/2165/720 1017/2123/720 1017/2122/720 
f 1017/2122/720 1017/2164/720 1017/2165/720 
f 1017/2166/720 1017/2124/720 1017/2123/720 
f 1017/2123/720 1017/2165/720 1017/2166/720 
f 1017/2167/720 1017/2126/720 1017/2124/720 
f 1017/2124/720 1017/2166/720 1017/2167/720 
f 1017/2168/720 1008/2125/718 1017/2126/720 
f 1017/2126/720 1017/2167/720 1017/2168/720 
f 1008/2127/718 1008/2125/718 
f 1018/2169/720 996/2128/709 1008/2127/718 
f 1008/2127/718 1018/2170/720 1018/2169/720 
f 1018/2171/720 996/2129/709 996/2128/709 
f 996/2128/709 1018/2169/720 1018/2171/720 
f 1018/2172/720 1018/2131/720 1018/2130/720 
f 1018/2130/720 1018/2173/720 1018/2172/720 
f 1018/2174/720 1018/2132/720 1018/2131/720 
f 1018/2131/720 1018/2172/720 1018/2174/720 
f 1018/2175/720 1018/2133/720 1018/2132/720 
f 1018/2132/720 1018/2174/720 1018/2175/720 
f 1018/2176/720 1018/2134/720 1018/2133/720 
f 1018/2133/720 1018/2175/720 1018/2176/720 
f 1018/2177/720 1010/2135/720 1018/2134/720 
f 1018/2134/720 1018/2176/720 1018/2177/720 
f 1010/2136/720 1010/2135/720 
f 1020/2178/720 1012/2139/720 1010/2138/720 
f 1020/2179/720 1010/2137/720 1010/2136/720 
f 1010/2136/720 1020/2180/720 1020/2179/720 
f 1020/2181/720 1010/2138/720 1010/2137/720 
f 1010/2137/720 1020/2179/720 1020/2181/720 
f 1010/2138/720 1020/2181/720 1020/2178/720 
f 1020/2182/720 1012/2140/720 1012/2139/720 
f 1012/2139/720 1020/2178/720 1020/2182/720 
f 1020/2183/720 1012/2141/720 1012/2140/720 
f 1012/2140/720 1020/2182/720 1020/2183/720 
f 1020/2184/720 1012/2142/720 1012/2141/720 
f 1012/2141/720 1020/2183/720 1020/2184/720 
f 1020/2185/720 1012/2143/720 1012/2142/720 
f 1012/2142/720 1020/2184/720 1020/2185/720 
f 1020/2186/720 1012/2144/720 1012/2143/720 
f 1012/2143/720 1020/2185/720 1020/2186/720 
f 1020/2187/720 1012/2145/720 1012/2144/720 
f 1012/2144/720 1020/2186/720 1020/2187/720 
f 1020/2188/720 1013/2146/720 1012/2145/720 
f 1012/2145/720 1020/2187/720 1020/2188/720 
f 1020/2189/720 1016/2147/720 1013/2146/720 
f 1013/2146/720 1020/2188/720 1020/2189/720 
f 1020/2190/720 1016/2148/720 1016/2147/720 
f 1016/2147/720 1020/2189/720 1020/2190/720 
f 1020/2191/720 1016/2149/720 1016/2148/720 
f 1016/2148/720 1020/2190/720 1020/2191/720 
f 1020/2192/720 1016/2150/720 1016/2149/720 
f 1016/2149/720 1020/2191/720 1020/2192/720 
f 1020/2193/720 1016/2151/720 1016/2150/720 
f 1016/2150/720 1020/2192/720 1020/2193/720 
f 1020/2194/720 1016/2152/720 1016/2151/720 
f 1016/2151/720 1020/2193/720 1020/2194/720 
f 1020/2195/720 1016/2153/720 1016/2152/720 
f 1016/2152/720 1020/2194/720 1020/2195/720 
f 1020/2196/720 1014/2154/720 1016/2153/720 
f 1016/2153/720 1020/2195/720 1020/2196/720 
f 1020/2197/720 1014/2155/720 1014/2154/720 
f 1014/2154/720 1020/2196/720 1020/2197/720 
f 1020/2198/720 1014/2156/720 1014/2155/720 
f 1014/2155/720 1020/2197/720 1020/2198/720 
f 1019/2199/720 1019/2200/720 1014/2156/720 
f 1014/2156/720 1020/2198/720 1019/2199/720 
f 1019/2201/720 1019/2158/720 1019/2200/720 
f 1019/2200/720 1019/2199/720 1019/2201/720 
f 1019/2202/720 1019/2157/720 1019/2158/720 
f 1019/2158/720 1019/2201/720 1019/2202/720 
f 1019/2203/720 1019/2159/720 1019/2157/720 
f 1019/2157/720 1019/2202/720 1019/2203/720 
f 1019/2204/720 1019/2160/720 1019/2159/720 
f 1019/2159/720 1019/2203/720 1019/2204/720 
f 1019/2205/720 1019/2161/720 1019/2160/720 
f 1019/2160/720 1019/2204/720 1019/2205/720 
f 1019/2206/720 1019/2162/720 1019/2161/720 
f 1019/2161/720 1019/2205/720 1019/2206/720 
f 1019/2207/720 1017/2163/720 1019/2162/720 
f 1019/2162/720 1019/2206/720 1019/2207/720 
f 1019/2208/720 1017/2164/720 1017/2163/720 
f 1017/2163/720 1019/2207/720 1019/2208/720 
f 1019/2209/720 1017/2165/720 1017/2164/720 
f 1017/2164/720 1019/2208/720 1019/2209/720 
f 1018/2210/720 1017/2166/720 1017/2165/720 
f 1017/2165/720 1019/2209/720 1018/2210/720 
f 1018/2211/720 1017/2167/720 1017/2166/720 
f 1017/2166/720 1018/2210/720 1018/2211/720 
f 1018/2212/720 1017/2168/720 1017/2167/720 
f 1017/2167/720 1018/2211/720 1018/2212/720 
f 1018/2213/720 1018/2170/720 1017/2168/720 
f 1017/2168/720 1018/2212/720 1018/2213/720 
f 1018/2214/720 1018/2169/720 1018/2170/720 
f 1018/2170/720 1018/2213/720 1018/2214/720 
f 1018/2215/720 1018/2171/720 1018/2169/720 
f 1018/2169/720 1018/2214/720 1018/2215/720 
f 1020/2216/720 1018/2172/720 1018/2173/720 
f 1020/2217/720 1018/2174/720 1018/2172/720 
f 1020/2218/720 1018/2175/720 1018/2174/720 
f 1020/2219/720 1018/2176/720 1018/2175/720 
f 1020/2220/720 1018/2177/720 1018/2176/720 
f 1020/2221/720 1020/2180/720 1018/2177/720 
f 1020/2222/720 1020/2179/720 1020/2180/720 
f 1020/2223/720 1020/2181/720 1020/2179/720 
f 1020/2224/720 1020/2178/720 1020/2181/720 
f 1020/2225/720 1020/2182/720 1020/2178/720 
f 1020/2226/720 1020/2183/720 1020/2182/720 
f 1020/2227/720 1020/2184/720 1020/2183/720 
f 1020/2228/720 1020/2185/720 1020/2184/720 
f 1020/2229/720 1020/2186/720 1020/2185/720 
f 1020/2230/720 1020/2187/720 1020/2186/720 
f 1020/2231/720 1020/2188/720 1020/2187/720 
f 1020/2232/720 1020/2189/720 1020/2188/720 
f 1020/2233/720 1020/2190/720 1020/2189/720 
f 1020/2234/720 1020/2191/720 1020/2190/720 
f 1020/2235/720 1020/2192/720 1020/2191/720 
f 1020/2236/720 1020/2193/720 1020/2192/720 
f 1020/2237/720 1020/2194/720 1020/2193/720 
f 1020/2238/720 1020/2195/720 1020/2194/720 
f 1020/2239/720 1020/2196/720 1020/2195/720 
f 1020/2240/720 1020/2197/720 1020/2196/720 
f 1020/2241/720 1020/2198/720 1020/2197/720 
f 1020/2242/720 1019/2199/720 1020/2198/720 
f 1020/2243/720 1019/2201/720 1019/2199/720 
f 1020/2244/720 1019/2202/720 1019/2201/720 
f 1020/2245/720 1019/2203/720 1019/2202/720 
f 1020/2246/720 1019/2204/720 1019/2203/720 
f 1020/2247/720 1019/2205/720 1019/2204/720 
f 1020/2248/720 1019/2206/720 1019/2205/720 
f 1020/2249/720 1019/2207/720 1019/2206/720 
f 1020/2250/720 1019/2208/720 1019/2207/720 
f 1020/2251/720 1019/2209/720 1019/2208/720 
f 1020/2252/720 1018/2210/720 1019/2209/720 
f 1020/2253/720 1018/2211/720 1018/2210/720 
f 1020/2254/720 1018/2212/720 1018/2211/720 
f 1020/2255/720 1018/2213/720 1018/2212/720 
f 1020/2256/720 1018/2214/720 1018/2213/720 
f 1020/2257/720 1018/2215/720 1018/2214/720 
# 948 polygons - 1316 triangles

