
 ********************************************************
 *                                                      *
 *  MODTRAN(R)svn-branch-5.2.1                          *
 *                                                      *
 *  Developed collaboratively by SPECTRAL SCIENCES,     *
 *  INC. (www.spectral.com) and the AIR FORCE RESEARCH  *
 *  LABORATORY (www.vs.afrl.af.mil/Division/VSBYB)      *
 *                                                      *
 *  Please address questions/comments to                *
 *  modtran@spectral.com and/or Gail.Anderson@noaa.gov  *
 *                                                      *
 ********************************************************

 CARD 1  *****T F 2    2    2    0    2    2    2    2    2    2    1    0    0   0.0000.00000

 PROGRAM WILL COMPUTE RADIANCE + SOLAR SCATTER

 ATMOSPHERIC MODEL
         TEMPERATURE =    2     MID-LATITUDE SUMMER 
         WATER VAPOR =    2     MID-LATITUDE SUMMER 
         OZONE       =    2     MID-LATITUDE SUMMER 
                      M4 =     2 M5 =     2 M6 =     2 MDEF =     1

 CARD 1A *****FFF  1 0.0 360.00000  0.000000  0.0000000F F F F F     0.000    0.0000    0.0000    0.0000    0.0000         0

 MOLECULAR BAND MODEL DATA FILES
 -------------------------------
 DATA/01_2009c.bn4
 DATA/01_2009t.bin

 CFC BAND MODEL DATA FILE:               DATA/CFC04_01.ASC                                                                                                                                                                                                                                               

 Version 2.4 of the Clough-Kneizys Water Continuum Data from LBLRTM (24mar2000).

 CARD 2  *****    1    0    1    0    0    0  50.00000   0.00000   0.00000   0.00000   0.00000

 MODEL ATMOSPHERE NO.  2

 *** OZONE DENSITIES ARE BEING SCALED BY   1.00000
     THE ORIGINAL VERTICAL COLUMN CONTAINED   7.10288 GM / M2 OF OZONE
     THE CURRENT  VERTICAL COLUMM CONTAINS    7.10288 GM / M2 OF OZONE

 *** THE WATER PROFILE WAS DECREASED TO FIT THE INPUT WATER COLUMN VALUE
     INITIAL:   2.92236 GM / CM2
     INPUT:     2.92236 GM / CM2
     FINAL:     2.92236 GM / CM2

 AEROSOL MODEL
     REGIME                      AEROSOL TYPE             PROFILE                  SEASON
     -----------------------     --------------------     --------------------     --------------------
     BOUNDARY LAYER (0-2KM)      RURAL                    50.00 KM METEOROLOGICAL_RANGE_AT_SEA_LEVEL
     TROPOSPHERE  (2-10KM)       TROPOSPHERIC             TROPOSPHERIC             SPRING-SUMMER       
     STRATOSPHERE (10-30KM)      BCKGD_STRATOSPHERIC      BCKGD_STRATOSPHERIC      SPRING-SUMMER       
     UPPER ATMOS (30-100KM)      METEORIC DUST            NORMAL              

 CARD 3  *****  20.00000   3.00000   0.00000  20.00000   0.00000   0.00000    0        0.00000

     6371.23  RADIUS OF THE EARTH [KM].

 SLANT PATH, H1ALT TO H2ALT
          H1ALT  =   20.00000 KM
          H2ALT  =    3.00000 KM
          OBSZEN =    0.00000 DEG
          HRANGE =   20.00000 KM
          BETA   =    0.00000 DEG
          BCKZEN =    0.00000 DEG
          LENN   =      0

 CARD 3A1*****    2    0  172    0

 CARD 3A2*****  90.00000  70.00000   0.00000   0.00000   0.00000   0.00000   0.00000   0.00000

 SINGLE SCATTERING CONTROL PARAMETERS SUMMARY

          RELATIVE AZIMUTH AT H1ALT =       90.0000 DEG EAST OF NORTH
          SOLAR ZENITH AT H1ALT =           70.0000 DEG
          TIME (<0 UNDEF) =                        0.0000 GREENWICH TIME
          PATH AZIMUTH (FROM H1ALT TO H2ALT) =     0.0000 DEG EAST OF NORTH
          DAY OF THE YEAR =                     172

 EXTRATERRESTIAL SOURCE IS THE SUN

 H-G PHASE FUNCTION ,G=   0.00000

 CARD 4  *****    9091.0   14286.0      10.0      10.0   SCANNING FUNCTION:TRIANGULAR 

 FREQUENCY RANGE
             IV1 =    9091.0 CM-1  (      1.1000 MICRONS)
             IV2 =   14286.0 CM-1  (      0.7000 MICRONS)
             IDV =      10.0 CM-1
           IFWHM =      10.0 CM-1


 ATMOSPHERIC PROFILES

   I     Z       P       T        N2       CNTMSLF   CNTMFRN MOL SCAT     N-1     O3 (UV)   O2 (UV)   WAT DROP  ICE PART  RAIN RATE
        (KM)    (MB)    (K)               (  MOL/CM2 KM  )      (-)       (-)    (  ATM CM/KM  )       (GM/M3)   (GM/M3)   (MM/HR)
   1   0.0000 1012.999 294.20  7.902E-01 8.829E+20 4.618E+22 9.282E-01 2.682E-04 2.800E-03 3.435E+04     0.000     0.000     0.000
   2   1.0000  901.996 289.70  6.461E-01 3.895E+20 2.788E+22 8.393E-01 2.427E-04 2.801E-03 2.976E+04     0.000     0.000     0.000
   3   2.0000  802.001 285.20  5.271E-01 1.568E+20 1.604E+22 7.581E-01 2.194E-04 2.800E-03 2.581E+04     0.000     0.000     0.000
   4   3.0000  709.996 279.20  4.310E-01 4.900E+19 8.139E+21 6.855E-01 1.985E-04 2.894E-03 2.248E+04     0.000     0.000     0.000
   5   4.0000  628.000 273.20  3.522E-01 1.626E+19 4.247E+21 6.197E-01 1.795E-04 2.987E-03 1.961E+04     0.000     0.000     0.000
   6   5.0000  553.997 267.20  2.865E-01 4.503E+18 2.019E+21 5.589E-01 1.619E-04 3.081E-03 1.710E+04     0.000     0.000     0.000
   7   6.0000  486.998 261.20  2.317E-01 1.677E+18 1.109E+21 5.026E-01 1.456E-04 3.221E-03 1.489E+04     0.000     0.000     0.000
   8   7.0000  426.000 254.70  1.865E-01 6.159E+17 6.032E+20 4.509E-01 1.307E-04 3.501E-03 1.295E+04     0.000     0.000     0.000
   9   8.0000  371.999 248.20  1.497E-01 1.986E+17 3.070E+20 4.040E-01 1.171E-04 3.687E-03 1.128E+04     0.000     0.000     0.000
  10   9.0000  323.999 241.70  1.198E-01 6.483E+16 1.569E+20 3.614E-01 1.047E-04 4.015E-03 9.818E+03     0.000     0.000     0.000
  11  10.0000  280.999 235.30  9.505E-02 1.844E+16 7.458E+19 3.219E-01 9.330E-05 4.198E-03 8.526E+03     0.000     0.000     0.000
  12  11.0000  243.000 228.80  7.518E-02 2.180E+15 2.281E+19 2.863E-01 8.298E-05 5.134E-03 7.406E+03     0.000     0.000     0.000
  13  12.0000  208.999 222.30  5.891E-02 1.621E+14 5.506E+18 2.534E-01 7.345E-05 5.652E-03 6.411E+03     0.000     0.000     0.000
  14  13.0000  179.001 215.80  4.586E-02 9.318E+12 1.165E+18 2.236E-01 6.481E-05 6.708E-03 5.541E+03     0.000     0.000     0.000
  15  14.0000  153.000 215.70  3.353E-02 2.662E+12 5.323E+17 1.912E-01 5.542E-05 8.414E-03 4.631E+03     0.000     0.000     0.000
  16  15.0000  129.999 215.70  2.421E-02 8.885E+11 2.613E+17 1.625E-01 4.709E-05 8.124E-03 3.854E+03     0.000     0.000     0.000
  17  16.0000  111.000 215.70  1.765E-02 6.102E+11 1.849E+17 1.387E-01 4.021E-05 8.324E-03 3.233E+03     0.000     0.000     0.000
  18  17.0000   95.000 215.70  1.293E-02 4.203E+11 1.313E+17 1.187E-01 3.441E-05 8.311E-03 2.726E+03     0.000     0.000     0.000
  19  18.0000   81.200 216.80  9.350E-03 2.945E+11 9.350E+16 1.010E-01 2.926E-05 1.010E-02 2.287E+03     0.000     0.000     0.000
  20  19.0000   69.500 217.90  6.780E-03 2.204E+11 6.888E+16 8.598E-02 2.492E-05 1.290E-02 1.925E+03     0.000     0.000     0.000
  21  20.0000   59.500 219.20  4.911E-03 1.698E+11 5.145E+16 7.317E-02 2.121E-05 1.463E-02 1.622E+03     0.000     0.000     0.000
  22  21.0000   51.000 220.40  3.569E-03 1.349E+11 3.909E+16 6.238E-02 1.808E-05 1.497E-02 1.371E+03     0.000     0.000     0.000
  23  22.0000   43.700 221.60  2.592E-03 1.066E+11 2.962E+16 5.316E-02 1.541E-05 1.542E-02 1.160E+03     0.000     0.000     0.000
  24  23.0000   37.600 222.80  1.898E-03 8.933E+10 2.320E+16 4.549E-02 1.319E-05 1.547E-02 9.867E+02     0.000     0.000     0.000
  25  24.0000   32.200 223.90  1.379E-03 7.003E+10 1.751E+16 3.877E-02 1.124E-05 1.551E-02 8.364E+02     0.000     0.000     0.000
  26  25.0000   27.700 225.10  1.009E-03 5.652E+10 1.346E+16 3.317E-02 9.614E-06 1.592E-02 7.124E+02     0.000     0.000     0.000
  27  30.0000   13.200 233.70  2.126E-04 1.491E+10 3.173E+15 1.523E-02 4.413E-06 1.066E-02 3.223E+02     0.000     0.000     0.000
  28  35.0000 6.519971 245.20  4.713E-05 3.666E+09 7.406E+14 7.168E-03 2.077E-06 6.380E-03 1.507E+02     0.000     0.000     0.000
  29  40.0000 3.329993 257.50  1.115E-05 9.205E+08 1.805E+14 3.486E-03 1.010E-06 2.632E-03 7.307E+01     0.000     0.000     0.000
  30  45.0000 1.759993 269.90  2.834E-06 2.673E+08 4.904E+13 1.758E-03 5.095E-07 7.911E-04 3.679E+01     0.000     0.000     0.000
  31  50.0000 0.951001 275.70  7.930E-07 7.616E+07 1.385E+13 9.299E-04 2.695E-07 2.604E-04 1.945E+01     0.000     0.000     0.000
  32  55.0000 0.514999 269.30  2.437E-07 2.215E+07 4.140E+12 5.155E-04 1.494E-07 9.280E-05 1.078E+01     0.000     0.000     0.000
  33  60.0000 0.272001 257.10  7.460E-08 5.921E+06 1.184E+12 2.852E-04 8.266E-08 3.708E-05 5.962E+00     0.000     0.000     0.000
  34  70.0000 0.067000 218.10  6.290E-09 2.734E+05 7.388E+10 8.281E-05 2.400E-08 3.313E-06 1.731E+00     0.000     0.000     0.000
  35  80.0000 0.012000 174.10  3.166E-10 4.433E+03 2.111E+09 1.858E-05 5.385E-09 3.716E-07 3.883E-01     0.000     0.000     0.000
  36 100.0000 0.000258 190.50  1.223E-13 6.210E-02 1.552E+05 3.651E-07 1.058E-10 1.460E-08 5.842E-03     0.000     0.000     0.000


 ATMOSPHERIC PROFILES

   I     Z       P       T     AEROSOL 1 AEROSOL 2 AEROSOL 3 AEROSOL 4  AER1*RH     RH (%)    RH (%)   CIRRUS   WAT DROP  ICE PART
        (KM)    (MB)    (K)    (      550nm EXTINCTION [KM-1]      )  (BEFORE H2O SCALING)   (AFTER)    (-)     (550nm VIS [KM-1])
   1   0.0000 1012.999 294.20  6.670E-02 0.000E+00 0.000E+00 0.000E+00 2.115E-01 7.618E+01 7.618E+01   0.00000   0.00000   0.00000
   2   1.0000  901.996 289.70  4.150E-02 0.000E+00 0.000E+00 0.000E+00 1.463E-01 6.603E+01 6.603E+01   0.00000   0.00000   0.00000
   3   2.0000  802.001 285.20  2.600E-02 0.000E+00 0.000E+00 0.000E+00 9.886E-02 5.520E+01 5.520E+01   0.00000   0.00000   0.00000
   4   3.0000  709.996 279.20  0.000E+00 1.460E-02 0.000E+00 0.000E+00 0.000E+00 4.529E+01 4.529E+01   0.00000   0.00000   0.00000
   5   4.0000  628.000 273.20  0.000E+00 1.020E-02 0.000E+00 0.000E+00 0.000E+00 3.905E+01 3.905E+01   0.00000   0.00000   0.00000
   6   5.0000  553.997 267.20  0.000E+00 9.310E-03 0.000E+00 0.000E+00 0.000E+00 3.142E+01 3.142E+01   0.00000   0.00000   0.00000
   7   6.0000  486.998 261.20  0.000E+00 7.710E-03 0.000E+00 0.000E+00 0.000E+00 2.998E+01 2.998E+01   0.00000   0.00000   0.00000
   8   7.0000  426.000 254.70  0.000E+00 6.230E-03 0.000E+00 0.000E+00 0.000E+00 3.031E+01 3.031E+01   0.00000   0.00000   0.00000
   9   8.0000  371.999 248.20  0.000E+00 3.370E-03 0.000E+00 0.000E+00 0.000E+00 2.963E+01 2.963E+01   0.00000   0.00000   0.00000
  10   9.0000  323.999 241.70  0.000E+00 1.820E-03 0.000E+00 0.000E+00 0.000E+00 3.015E+01 3.015E+01   0.00000   0.00000   0.00000
  11  10.0000  280.999 235.30  0.000E+00 1.140E-03 0.000E+00 0.000E+00 0.000E+00 2.944E+01 2.944E+01   0.00000   0.00000   0.00000
  12  11.0000  243.000 228.80  0.000E+00 0.000E+00 7.990E-04 0.000E+00 0.000E+00 1.948E+01 1.948E+01   0.00000   0.00000   0.00000
  13  12.0000  208.999 222.30  0.000E+00 0.000E+00 6.410E-04 0.000E+00 0.000E+00 1.069E+01 1.069E+01   0.00000   0.00000   0.00000
  14  13.0000  179.001 215.80  0.000E+00 0.000E+00 5.170E-04 0.000E+00 0.000E+00 5.423E+00 5.423E+00   0.00000   0.00000   0.00000
  15  14.0000  153.000 215.70  0.000E+00 0.000E+00 4.420E-04 0.000E+00 0.000E+00 2.933E+00 2.933E+00   0.00000   0.00000   0.00000
  16  15.0000  129.999 215.70  0.000E+00 0.000E+00 3.950E-04 0.000E+00 0.000E+00 1.695E+00 1.695E+00   0.00000   0.00000   0.00000
  17  16.0000  111.000 215.70  0.000E+00 0.000E+00 3.820E-04 0.000E+00 0.000E+00 1.405E+00 1.405E+00   0.00000   0.00000   0.00000
  18  17.0000   95.000 215.70  0.000E+00 0.000E+00 4.250E-04 0.000E+00 0.000E+00 1.166E+00 1.166E+00   0.00000   0.00000   0.00000
  19  18.0000   81.200 216.80  0.000E+00 0.000E+00 5.200E-04 0.000E+00 0.000E+00 8.563E-01 8.563E-01   0.00000   0.00000   0.00000
  20  19.0000   69.500 217.90  0.000E+00 0.000E+00 5.810E-04 0.000E+00 0.000E+00 6.511E-01 6.511E-01   0.00000   0.00000   0.00000
  21  20.0000   59.500 219.20  0.000E+00 0.000E+00 5.890E-04 0.000E+00 0.000E+00 4.915E-01 4.915E-01   0.00000   0.00000   0.00000
  22  21.0000   51.000 220.40  0.000E+00 0.000E+00 5.020E-04 0.000E+00 0.000E+00 3.819E-01 3.819E-01   0.00000   0.00000   0.00000
  23  22.0000   43.700 221.60  0.000E+00 0.000E+00 4.200E-04 0.000E+00 0.000E+00 2.966E-01 2.966E-01   0.00000   0.00000   0.00000
  24  23.0000   37.600 222.80  0.000E+00 0.000E+00 3.000E-04 0.000E+00 0.000E+00 2.375E-01 2.375E-01   0.00000   0.00000   0.00000
  25  24.0000   32.200 223.90  0.000E+00 0.000E+00 1.980E-04 0.000E+00 0.000E+00 1.863E-01 1.863E-01   0.00000   0.00000   0.00000
  26  25.0000   27.700 225.10  0.000E+00 0.000E+00 1.310E-04 0.000E+00 0.000E+00 1.469E-01 1.469E-01   0.00000   0.00000   0.00000
  27  30.0000   13.200 233.70  0.000E+00 0.000E+00 3.320E-05 0.000E+00 0.000E+00 3.098E-02 3.098E-02   0.00000   0.00000   0.00000
  28  35.0000 6.519971 245.20  0.000E+00 0.000E+00 0.000E+00 4.300E-06 0.000E+00 5.231E-03 5.231E-03   0.00000   0.00000   0.00000
  29  40.0000 3.329993 257.50  0.000E+00 0.000E+00 0.000E+00 1.670E-06 0.000E+00 9.365E-04 9.365E-04   0.00000   0.00000   0.00000
  30  45.0000 1.759993 269.90  0.000E+00 0.000E+00 0.000E+00 8.000E-07 0.000E+00 1.994E-04 1.994E-04   0.00000   0.00000   0.00000
  31  50.0000 0.951001 275.70  0.000E+00 0.000E+00 0.000E+00 4.200E-07 0.000E+00 7.127E-05 7.127E-05   0.00000   0.00000   0.00000
  32  55.0000 0.514999 269.30  0.000E+00 0.000E+00 0.000E+00 2.207E-07 0.000E+00 5.991E-05 5.991E-05   0.00000   0.00000   0.00000
  33  60.0000 0.272001 257.10  0.000E+00 0.000E+00 0.000E+00 1.159E-07 0.000E+00 7.753E-05 7.753E-05   0.00000   0.00000   0.00000
  34  70.0000 0.067000 218.10  0.000E+00 0.000E+00 0.000E+00 3.200E-08 0.000E+00 7.084E-04 7.084E-04   0.00000   0.00000   0.00000
  35  80.0000 0.012000 174.10  0.000E+00 0.000E+00 0.000E+00 5.795E-09 0.000E+00 7.237E-02 7.237E-02   0.00000   0.00000   0.00000
  36 100.0000 0.000258 190.50  0.000E+00 0.000E+00 0.000E+00 1.900E-10 0.000E+00 1.461E-05 1.461E-05   0.00000   0.00000   0.00000


 ATMOSPHERIC PROFILES (AFTER COLUMN SCALING)

   I      Z       P       H2O      O3       CO2      CO       CH4      N2O      O2       NH3      NO       NO2      SO2      HNO3
         (KM)    (MB)  (                                             ATM CM / KM                                                )
   1   0.0000 1012.999  1.74E+03 2.80E-03 3.34E+01 1.39E-02 1.58E-01 2.97E-02 1.94E+04 4.64E-05 2.78E-05 2.13E-06 2.78E-05 4.64E-06
   2   1.0000  901.996  1.16E+03 2.80E-03 3.02E+01 1.22E-02 1.43E-01 2.69E-02 1.75E+04 4.20E-05 2.52E-05 1.93E-06 2.30E-05 5.00E-06
   3   2.0000  802.001  7.34E+02 2.80E-03 2.73E+01 1.06E-02 1.29E-01 2.43E-02 1.58E+04 3.51E-05 2.27E-05 1.74E-06 1.79E-05 5.25E-06
   4   3.0000  709.996  4.10E+02 2.89E-03 2.47E+01 9.25E-03 1.17E-01 2.19E-02 1.43E+04 2.61E-05 2.06E-05 1.58E-06 1.30E-05 5.42E-06
   5   4.0000  628.000  2.36E+02 2.99E-03 2.23E+01 8.13E-03 1.05E-01 1.98E-02 1.30E+04 1.78E-05 1.86E-05 1.43E-06 9.05E-06 5.50E-06
   6   5.0000  553.997  1.24E+02 3.08E-03 2.01E+01 7.28E-03 9.43E-02 1.79E-02 1.17E+04 1.14E-05 1.68E-05 1.29E-06 6.60E-06 5.45E-06
   7   6.0000  486.998  7.59E+01 3.22E-03 1.81E+01 6.47E-03 8.40E-02 1.61E-02 1.05E+04 7.34E-06 1.51E-05 1.16E-06 4.88E-06 5.58E-06
   8   7.0000  426.000  4.60E+01 3.50E-03 1.62E+01 5.62E-03 7.44E-02 1.44E-02 9.42E+03 4.45E-06 1.35E-05 1.04E-06 3.74E-06 5.68E-06
   9   8.0000  371.999  2.61E+01 3.69E-03 1.45E+01 4.79E-03 6.58E-02 1.29E-02 8.44E+03 2.62E-06 1.21E-05 9.29E-07 2.91E-06 5.62E-06
  10   9.0000  323.999  1.49E+01 4.01E-03 1.30E+01 3.95E-03 5.84E-02 1.14E-02 7.55E+03 1.36E-06 1.08E-05 8.38E-07 2.37E-06 5.53E-06
  11  10.0000  280.999  7.96E+00 4.20E-03 1.16E+01 3.21E-03 5.08E-02 9.97E-03 6.73E+03 6.54E-07 9.66E-06 7.66E-07 1.96E-06 5.60E-06
  12  11.0000  243.000  2.74E+00 5.13E-03 1.03E+01 2.57E-03 4.41E-02 8.56E-03 5.98E+03 3.12E-07 8.59E-06 7.50E-07 1.66E-06 5.78E-06
  13  12.0000  208.999  7.46E-01 5.65E-03 9.12E+00 1.98E-03 3.82E-02 7.44E-03 5.30E+03 1.60E-07 7.60E-06 7.98E-07 1.42E-06 6.11E-06
  14  13.0000  179.001  1.79E-01 6.71E-03 8.05E+00 1.43E-03 3.31E-02 6.40E-03 4.67E+03 6.98E-08 6.69E-06 9.95E-07 1.25E-06 6.17E-06
  15  14.0000  153.000  9.56E-02 8.41E-03 6.88E+00 9.61E-04 2.77E-02 5.35E-03 4.00E+03 2.12E-08 5.64E-06 1.43E-06 1.08E-06 6.37E-06
  16  15.0000  129.999  5.52E-02 8.12E-03 5.85E+00 6.40E-04 2.31E-02 4.43E-03 3.40E+03 7.26E-09 4.60E-06 2.78E-06 9.34E-07 7.34E-06
  17  16.0000  111.000  4.58E-02 8.32E-03 4.99E+00 4.26E-04 1.93E-02 3.62E-03 2.90E+03 2.93E-09 3.72E-06 4.43E-06 7.98E-07 1.02E-05
  18  17.0000   95.000  3.80E-02 8.31E-03 4.27E+00 2.96E-04 1.61E-02 2.87E-03 2.48E+03 1.31E-09 2.99E-06 6.16E-06 6.38E-07 1.56E-05
  19  18.0000   81.200  3.18E-02 1.01E-02 3.63E+00 1.99E-04 1.34E-02 2.20E-03 2.11E+03 6.76E-10 2.42E-06 7.78E-06 4.83E-07 2.13E-05
  20  19.0000   69.500  2.75E-02 1.29E-02 3.10E+00 1.33E-04 1.10E-02 1.58E-03 1.80E+03 3.41E-10 2.10E-06 9.11E-06 3.41E-07 2.73E-05
  21  20.0000   59.500  2.41E-02 1.46E-02 2.63E+00 9.74E-05 8.96E-03 1.18E-03 1.53E+03 1.76E-10 1.87E-06 1.02E-05 2.33E-07 3.07E-05
  22  21.0000   51.000  2.15E-02 1.50E-02 2.25E+00 7.69E-05 7.20E-03 8.25E-04 1.30E+03 1.20E-10 1.73E-06 1.10E-05 1.67E-07 3.08E-05
  23  22.0000   43.700  1.91E-02 1.54E-02 1.91E+00 6.55E-05 5.67E-03 6.09E-04 1.11E+03 9.14E-11 1.63E-06 1.15E-05 1.21E-07 2.90E-05
  24  23.0000   37.600  1.75E-02 1.55E-02 1.64E+00 5.95E-05 4.43E-03 4.71E-04 9.51E+02 7.23E-11 1.64E-06 1.17E-05 9.42E-08 2.61E-05
  25  24.0000   32.200  1.55E-02 1.55E-02 1.40E+00 5.43E-05 3.41E-03 3.73E-04 8.10E+02 5.58E-11 1.75E-06 1.19E-05 7.37E-08 2.26E-05
  26  25.0000   27.700  1.39E-02 1.59E-02 1.19E+00 5.05E-05 2.62E-03 2.97E-04 6.93E+02 4.08E-11 2.27E-06 1.24E-05 5.81E-08 1.86E-05
  27  30.0000   13.200  7.16E-03 1.07E-02 5.48E-01 3.04E-05 9.62E-04 1.02E-04 3.18E+02 9.67E-12 3.73E-06 9.38E-06 2.04E-08 5.69E-06
  28  35.0000 6.519971  3.55E-03 6.38E-03 2.58E-01 1.78E-05 3.59E-04 2.65E-05 1.50E+02 1.30E-12 5.12E-06 5.22E-06 8.32E-09 1.18E-06
  29  40.0000 3.329993  1.78E-03 2.63E-03 1.26E-01 1.03E-05 1.37E-04 6.05E-06 7.29E+01 1.02E-13 3.90E-06 1.40E-06 4.74E-09 1.86E-07
  30  45.0000 1.759993  9.58E-04 7.91E-04 6.33E-02 5.81E-06 5.05E-05 1.35E-06 3.67E+01 5.24E-15 2.06E-06 2.02E-07 3.69E-09 2.13E-08
  31  50.0000 0.951001  5.11E-04 2.60E-04 3.35E-02 3.39E-06 1.81E-05 2.99E-07 1.94E+01 6.63E-16 9.58E-07 4.12E-08 3.31E-09 5.16E-09
  32  55.0000 0.514999  2.76E-04 9.28E-05 1.86E-02 2.02E-06 8.11E-06 1.05E-07 1.08E+01 2.47E-16 5.21E-07 1.75E-08 2.37E-09 2.29E-09
  33  60.0000 0.272001  1.43E-04 3.71E-05 1.03E-02 1.33E-06 4.28E-06 3.98E-08 5.96E+00 1.04E-16 2.88E-07 8.13E-09 1.47E-09 1.10E-09
  34  70.0000 0.067000  3.06E-05 3.31E-06 2.98E-03 9.75E-07 1.24E-06 6.44E-09 1.73E+00 2.13E-17 9.52E-08 1.91E-09 3.58E-10 2.71E-10
  35  80.0000 0.012000  3.90E-06 3.72E-07 6.65E-04 1.27E-06 2.79E-07 9.60E-10 3.88E-01 3.79E-18 4.98E-08 3.75E-10 2.47E-11 5.59E-11
  36 100.0000 0.000258  1.46E-08 1.46E-08 7.77E-06 3.68E-07 4.38E-09 1.04E-11 5.84E-03 5.40E-20 7.59E-08 6.21E-12 1.31E-14 9.97E-13


1 ATMOSPHERIC PROFILES

   I      Z       CFC11    CFC12    CFC13    CFC14    CFC22   CFC113   CFC114   CFC115   CLONO2     HNO4   CHCL2F     CCL4     N2O5
         (KM)   (                                                  ATM CM/KM                                                  )
   1   0.0000  1.30E-05 2.23E-05 9.28E-14 9.28E-14 5.57E-06 1.76E-06 1.11E-06 9.28E-14 5.34E-07 4.03E-08 9.28E-14 1.21E-05 2.25E-11
   2   1.0000  1.18E-05 2.01E-05 8.39E-14 8.39E-14 5.03E-06 1.59E-06 1.01E-06 8.39E-14 4.30E-07 1.79E-07 8.39E-14 1.09E-05 8.01E-11
   3   2.0000  1.06E-05 1.82E-05 7.58E-14 7.58E-14 4.54E-06 1.44E-06 9.10E-07 7.58E-14 3.42E-07 2.91E-07 7.58E-14 9.85E-06 1.26E-10
   4   3.0000  9.60E-06 1.65E-05 6.86E-14 6.86E-14 4.10E-06 1.30E-06 8.23E-07 6.86E-14 2.66E-07 3.80E-07 6.86E-14 8.91E-06 1.63E-10
   5   4.0000  8.68E-06 1.49E-05 6.20E-14 6.20E-14 3.71E-06 1.18E-06 7.44E-07 6.20E-14 2.02E-07 4.49E-07 6.20E-14 8.06E-06 1.91E-10
   6   5.0000  7.82E-06 1.34E-05 5.59E-14 5.59E-14 3.34E-06 1.06E-06 6.71E-07 5.59E-14 1.54E-07 1.02E-06 5.59E-14 7.25E-06 2.02E-10
   7   6.0000  7.04E-06 1.21E-05 5.03E-14 5.03E-14 3.00E-06 9.55E-07 6.03E-07 5.03E-14 1.13E-07 1.46E-06 5.03E-14 6.51E-06 2.07E-10
   8   7.0000  6.31E-06 1.08E-05 4.51E-14 4.51E-14 2.69E-06 8.57E-07 5.41E-07 4.51E-14 7.87E-08 1.80E-06 4.51E-14 5.83E-06 2.09E-10
   9   8.0000  5.66E-06 9.70E-06 4.04E-14 4.04E-14 2.41E-06 7.68E-07 4.85E-07 4.04E-14 5.01E-08 2.06E-06 4.04E-14 5.21E-06 2.08E-10
  10   9.0000  5.05E-06 8.67E-06 3.61E-14 3.61E-14 2.16E-06 6.86E-07 4.34E-07 3.61E-14 4.37E-08 1.77E-06 3.61E-14 4.66E-06 2.08E-10
  11  10.0000  4.49E-06 7.71E-06 3.22E-14 3.22E-14 1.92E-06 6.10E-07 3.86E-07 3.22E-14 3.78E-08 1.52E-06 3.22E-14 4.15E-06 2.05E-10
  12  11.0000  3.99E-06 6.85E-06 2.86E-14 2.86E-14 1.70E-06 5.42E-07 3.44E-07 2.86E-14 3.27E-08 1.30E-06 2.86E-14 3.69E-06 1.99E-10
  13  12.0000  3.52E-06 6.06E-06 2.53E-14 2.53E-14 1.51E-06 4.79E-07 3.04E-07 2.53E-14 2.81E-08 1.11E-06 2.53E-14 3.27E-06 1.92E-10
  14  13.0000  3.02E-06 5.27E-06 2.24E-14 2.24E-14 1.32E-06 4.15E-07 2.66E-07 2.24E-14 1.79E-07 1.26E-06 2.24E-14 2.80E-06 9.85E-09
  15  14.0000  2.50E-06 4.44E-06 1.91E-14 1.91E-14 1.12E-06 3.48E-07 2.25E-07 1.91E-14 2.85E-07 1.33E-06 1.91E-14 2.31E-06 1.67E-08
  16  15.0000  2.06E-06 3.71E-06 1.62E-14 1.62E-14 9.39E-07 2.90E-07 1.89E-07 1.62E-14 3.54E-07 1.34E-06 1.62E-14 1.90E-06 2.12E-08
  17  16.0000  1.71E-06 3.12E-06 1.39E-14 1.39E-14 7.94E-07 2.43E-07 1.60E-07 1.39E-14 3.98E-07 1.32E-06 1.39E-14 1.57E-06 2.41E-08
  18  17.0000  1.33E-06 2.55E-06 1.19E-14 1.19E-14 6.60E-07 1.96E-07 1.33E-07 1.19E-14 1.21E-06 1.69E-06 1.19E-14 1.21E-06 1.04E-07
  19  18.0000  1.03E-06 2.06E-06 1.01E-14 1.01E-14 5.46E-07 1.57E-07 1.10E-07 1.01E-14 1.76E-06 1.92E-06 1.01E-14 9.15E-07 1.60E-07
  20  19.0000  7.82E-07 1.67E-06 8.60E-15 8.60E-15 4.51E-07 1.25E-07 9.05E-08 8.60E-15 2.13E-06 2.04E-06 8.60E-15 6.83E-07 1.97E-07
  21  20.0000  5.87E-07 1.35E-06 7.32E-15 7.32E-15 3.72E-07 9.95E-08 7.46E-08 7.32E-15 2.34E-06 2.09E-06 7.32E-15 4.99E-07 2.19E-07
  22  21.0000  4.28E-07 1.07E-06 6.24E-15 6.24E-15 3.05E-07 7.72E-08 6.09E-08 6.24E-15 2.87E-06 2.19E-06 6.24E-15 3.57E-07 2.59E-07
  23  22.0000  3.04E-07 8.40E-07 5.32E-15 5.32E-15 2.50E-07 5.93E-08 4.95E-08 5.32E-15 3.19E-06 2.22E-06 5.32E-15 2.45E-07 2.82E-07
  24  23.0000  2.07E-07 6.60E-07 4.55E-15 4.55E-15 2.05E-07 4.52E-08 4.03E-08 4.55E-15 3.37E-06 2.21E-06 4.55E-15 1.59E-07 2.94E-07
  25  24.0000  1.32E-07 5.12E-07 3.88E-15 3.88E-15 1.67E-07 3.38E-08 3.26E-08 3.88E-15 3.41E-06 2.14E-06 3.88E-15 9.30E-08 2.95E-07
  26  25.0000  9.05E-08 3.94E-07 3.32E-15 3.32E-15 1.36E-07 2.52E-08 2.64E-08 3.32E-15 3.23E-06 1.93E-06 3.32E-15 6.25E-08 2.56E-07
  27  30.0000  5.94E-09 8.96E-08 1.52E-15 1.52E-15 4.61E-08 4.44E-09 8.58E-09 1.52E-15 1.74E-06 7.77E-07 1.52E-15 2.67E-09 8.41E-08
  28  35.0000  1.42E-10 1.53E-08 7.17E-16 7.17E-16 1.48E-08 5.14E-10 2.62E-09 7.17E-16 3.75E-07 1.05E-07 7.17E-16 2.83E-11 7.76E-09
  29  40.0000  6.45E-13 2.12E-09 3.49E-16 3.49E-16 4.85E-09 4.29E-11 8.09E-10 3.49E-16 1.49E-08 3.47E-09 3.49E-16 1.38E-14 7.43E-11
  30  45.0000  1.61E-14 3.75E-10 1.76E-16 1.76E-16 1.82E-09 5.65E-12 2.84E-10 1.76E-16 2.95E-10 1.54E-10 1.76E-16 9.79E-17 6.92E-13
  31  50.0000  5.55E-16 7.92E-11 9.30E-17 9.30E-17 8.16E-10 9.21E-13 1.16E-10 9.30E-17 4.34E-12 7.10E-12 9.30E-17 1.02E-18 5.85E-15
  32  55.0000  3.15E-17 2.14E-11 5.16E-17 5.16E-17 4.19E-10 2.02E-13 5.36E-11 5.16E-17 6.16E-14 3.51E-13 5.16E-17 1.95E-20 5.38E-17
  33  60.0000  1.21E-18 5.53E-12 2.85E-17 2.85E-17 2.20E-10 4.05E-14 2.48E-11 2.85E-17 4.88E-16 1.37E-14 2.85E-17 1.50E-22 1.46E-19
  34  70.0000  4.22E-21 3.23E-13 8.28E-18 8.28E-18 5.95E-11 1.46E-15 4.85E-12 8.28E-18 5.99E-19 2.66E-16 8.28E-18 8.18E-26 6.79E-23
  35  80.0000  3.68E-24 9.64E-15 1.86E-18 1.86E-18 1.21E-11 2.29E-17 6.60E-13 1.86E-18 7.51E-23 1.57E-18 1.86E-18 5.44E-30 9.46E-27
  36 100.0000  1.14E-30 9.05E-19 3.65E-20 3.65E-20 6.54E-14 4.78E-22 7.78E-16 3.65E-20 2.95E-35 1.22E-31 3.65E-20 1.86E-38 3.06E-37



 CASE 2C:  GIVEN H1ALT, H2ALT, HRANGE:  (  20.00000   3.00000  20.00000 )

 ITERATE AROUND OBSZEN UNTIL RANGE CONVERGES

 ITER      OBSZEN         RANGE        DRANGE          BETA          HMIN        BCKZEN       BENDING
            (DEG)          (KM)          (KM)         (DEG)          (KM)         (DEG)         (DEG)
  1    31.8356498    20.0008492    -0.0008492     0.0945898     3.0000000   148.2526417     0.0062983

 REPLACING IPARM=2 SOLAR/LUNAR GEOMETRY PARAMETERS
     90.00000   RELATIVE SOLAR/LUNAR AZIMUTH AT H1ALT (DEG EAST OF NORTH)
     70.00000   SOLAR/LUNAR ZENITH ANGLE AT H1ALT (DEG)

      WITH IPARM=0 SOLAR/LUNAR GEOMETRY PARAMETERS
      0.00000   OBSERVER (H1ALT) LATITUDE (DEG NORTH OF EQUATOR)
      0.00000   OBSERVER (H1ALT) LONGITUDE (DEG WEST OF GREENWICH)
      0.00000   SOURCE LATITUDE (DEG NORTH OF EQUATOR)
     70.00331   SOURCE LONGITUDE (DEG WEST OF GREENWICH)
    180.00000   TRUE PATH AZIMUTH FROM H1ALT TO H2ALT (DEG EAST OF NORTH)



 CASE 2C:  GIVEN H1ALT, H2ALT, HRANGE:  (  20.00000   3.00000  20.00000 )

 ITERATE AROUND OBSZEN UNTIL RANGE CONVERGES

 ITER      OBSZEN         RANGE        DRANGE          BETA          HMIN        BCKZEN       BENDING
            (DEG)          (KM)          (KM)         (DEG)          (KM)         (DEG)         (DEG)
  1    31.8356498    20.0008492    -0.0008492     0.0945898     3.0000000   148.2526417     0.0062983


 SLANT PATH PARAMETERS IN STANDARD FORM

          H1ALT   =   20.00000 KM
          H2ALT   =    3.00000 KM
          OBSZEN  =  148.25264 DEG
          BCKZEN  =   31.83565 DEG
          HMIN    =    3.00000 KM
          LENN    =          0

 CALCULATION OF THE REFRACTED PATH THROUGH THE ATMOSPHERE


  I     START       END     START     DELTA     TOTAL     DELTA     EARTH    END TO     DELTA      PATH      LAYER   LAYER     LAYER
     ALTITUDE  ALTITUDE    TO END     RANGE     RANGE     EARTH    CENTER     START   BENDING   BENDING    AVERAGE     AVG   AVERAGE
                           ZENITH                         ANGLE     ANGLE    ZENITH                       PRESSURE    TEMP   DENSITY
         (KM)      (KM)     (DEG)     (KM)       (KM)     (DEG)     (DEG)     (DEG)     (DEG)    (DEG)        (MB)     (K)  (GM/CM3)
          H2ALT TO H1ALT

  1   3.00000   4.00000  31.83565   1.17704   1.17704   0.00558   0.00558 148.16925   0.00068   0.00068  668.84982  276.24 8.426E-04
  2   4.00000   5.00000  31.83075   1.17698   2.35402   0.00558   0.01116 148.17421   0.00062   0.00130  590.86186  270.24 7.609E-04
  3   5.00000   6.00000  31.82579   1.17692   3.53094   0.00558   0.01673 148.17920   0.00058   0.00188  520.37101  264.24 6.853E-04
  4   6.00000   7.00000  31.82080   1.17685   4.70779   0.00557   0.02231 148.18425   0.00053   0.00241  456.37111  258.00 6.155E-04
  5   7.00000   8.00000  31.81575   1.17679   5.88458   0.00557   0.02788 148.18934   0.00048   0.00289  398.88314  251.50 5.518E-04
  6   8.00000   9.00000  31.81066   1.17672   7.06130   0.00557   0.03345 148.19447   0.00044   0.00333  347.89258  245.00 4.940E-04
  7   9.00000  10.00000  31.80553   1.17666   8.23796   0.00557   0.03902 148.19963   0.00041   0.00374  302.40262  238.55 4.410E-04
  8  10.00000  11.00000  31.80037   1.17659   9.41455   0.00557   0.04458 148.20483   0.00037   0.00411  261.91053  232.10 3.926E-04
  9  11.00000  12.00000  31.79517   1.17652  10.59107   0.00556   0.05015 148.21006   0.00034   0.00444  225.91778  225.60 3.483E-04
 10  12.00000  13.00000  31.78994   1.17646  11.76753   0.00556   0.05571 148.21531   0.00031   0.00475  193.92577  219.10 3.078E-04
 11  13.00000  14.00000  31.78469   1.17639  12.94392   0.00556   0.06127 148.22054   0.00033   0.00508  165.99950  215.75 2.675E-04
 12  14.00000  15.00000  31.77946   1.17632  14.12024   0.00556   0.06683 148.22580   0.00030   0.00538  141.49985  215.70 2.280E-04
 13  15.00000  16.00000  31.77420   1.17626  15.29650   0.00556   0.07239 148.23111   0.00024   0.00562  120.49968  215.70 1.942E-04
 14  16.00000  17.00000  31.76889   1.17619  16.47269   0.00555   0.07794 148.23646   0.00021   0.00583  103.00014  215.70 1.660E-04
 15  17.00000  18.00000  31.76354   1.17612  17.64881   0.00555   0.08349 148.24183   0.00018   0.00601   88.10620  216.23 1.416E-04
 16  18.00000  19.00000  31.75817   1.17605  18.82486   0.00555   0.08904 148.24723   0.00015   0.00617   75.35525  217.33 1.205E-04
 17  19.00000  20.00000  31.75277   1.17598  20.00085   0.00555   0.09459 148.25264   0.00013   0.00630   64.50518  218.53 1.026E-04




1  LAYER ABSORBER AMOUNTS FOR THE PATH SEGMENT ENDING AT Z

  J      Z        TBAR       HNO3         O3 UV     CNTMSLF1     CNTMSLF2      CNTMFRN        O2         WAT DROP     ICE PART
       (KM)        (K)     (ATM CM)     (ATM CM)   (MOL CM-2)   (MOL CM-2)   (MOL CM-2)   (MOL CM-2)   (KM GM/M3)   (KM GM/M3)

  1   19.0000   218.53    3.410E-05    1.619E-02    2.282E+11    4.910E+11    7.026E+16    2.081E+03    0.0000000    0.0000000
  2   18.0000   217.33    2.856E-05    1.352E-02    3.007E+11    6.571E+11    9.475E+16    2.471E+03    0.0000000    0.0000000
  3   17.0000   216.23    2.167E-05    1.082E-02    4.160E+11    9.217E+11    1.310E+17    2.940E+03    0.0000000    0.0000000
  4   16.0000   215.70    1.516E-05    9.783E-03    5.991E+11    1.336E+12    1.842E+17    3.496E+03    0.0000000    0.0000000
  5   15.0000   215.70    1.033E-05    9.673E-03    8.712E+11    1.943E+12    2.599E+17    4.157E+03    0.0000000    0.0000000
  6   14.0000   215.70    8.064E-06    9.726E-03    1.901E+12    4.241E+12    4.480E+17    4.976E+03    0.0000000    0.0000000
  7   13.0000   215.75    7.375E-06    8.895E-03    6.249E+12    1.393E+13    9.501E+17    5.967E+03    0.0000000    0.0000000
  8   12.0000   219.10    7.223E-06    7.271E-03    6.293E+13    1.344E+14    3.288E+18    7.018E+03    0.0000000    0.0000000
  9   11.0000   225.60    6.995E-06    6.345E-03    9.134E+14    1.786E+15    1.432E+19    8.114E+03    0.0000000    0.0000000
 10   10.0000   232.10    6.698E-06    5.490E-03    8.960E+15    1.590E+16    5.141E+19    9.357E+03    0.0000000    0.0000000
 11    9.0000   238.55    6.548E-06    4.832E-03    4.342E+16    6.929E+16    1.303E+20    1.077E+04    0.0000000    0.0000000
 12    8.0000   245.00    6.557E-06    4.532E-03    1.406E+17    1.992E+17    2.632E+20    1.239E+04    0.0000000    0.0000000
 13    7.0000   251.50    6.647E-06    4.229E-03    4.339E+17    5.364E+17    5.161E+20    1.423E+04    0.0000000    0.0000000
 14    6.0000   258.00    6.626E-06    3.955E-03    1.247E+18    1.316E+18    9.775E+20    1.635E+04    0.0000000    0.0000000
 15    5.0000   264.24    6.490E-06    3.708E-03    3.368E+18    2.971E+18    1.788E+21    1.879E+04    0.0000000    0.0000000
 16    4.0000   270.24    6.442E-06    3.571E-03    1.078E+19    7.711E+18    3.527E+21    2.157E+04    0.0000000    0.0000000
 17    3.0000   276.24    6.426E-06    3.462E-03    3.493E+19    1.917E+19    7.043E+21    2.473E+04    0.0000000    0.0000000



1 J      Z        N2 CONT     MOL SCAT        AER 1        AER 2        AER 3        AER 4        CIRRUS     WAT DROP     ICE PART
        (KM)                (550nm EXT)                                                                     (550 NM OPTICAL DEPTH)

  1   19.0000    0.0068154    0.0011316    0.0000000    0.0000000    0.0006880    0.0000000    0.0000000    0.0000000    0.0000000
  2   18.0000    0.0094042    0.0013293    0.0000000    0.0000000    0.0006474    0.0000000    0.0000000    0.0000000    0.0000000
  3   17.0000    0.0129875    0.0015622    0.0000000    0.0000000    0.0005557    0.0000000    0.0000000    0.0000000    0.0000000
  4   16.0000    0.0178393    0.0018311    0.0000000    0.0000000    0.0004746    0.0000000    0.0000000    0.0000000    0.0000000
  5   15.0000    0.0244159    0.0021422    0.0000000    0.0000000    0.0004569    0.0000000    0.0000000    0.0000000    0.0000000
  6   14.0000    0.0336652    0.0025153    0.0000000    0.0000000    0.0004918    0.0000000    0.0000000    0.0000000    0.0000000
  7   13.0000    0.0463201    0.0029508    0.0000000    0.0000000    0.0005629    0.0000000    0.0000000    0.0000000    0.0000000
  8   12.0000    0.0613085    0.0033961    0.0000000    0.0000000    0.0006786    0.0000000    0.0000000    0.0000000    0.0000000
  9   11.0000    0.0784932    0.0038430    0.0000000    0.0000000    0.0008437    0.0000000    0.0000000    0.0000000    0.0000000
 10   10.0000    0.0996905    0.0043312    0.0000000    0.0006707    0.0004700    0.0000000    0.0000000    0.0000000    0.0000000
 11    9.0000    0.1258248    0.0048661    0.0000000    0.0017104    0.0000000    0.0000000    0.0000000    0.0000000    0.0000000
 12    8.0000    0.1579002    0.0054516    0.0000000    0.0029605    0.0000000    0.0000000    0.0000000    0.0000000    0.0000000
 13    7.0000    0.1970109    0.0060897    0.0000000    0.0054773    0.0000000    0.0000000    0.0000000    0.0000000    0.0000000
 14    6.0000    0.2450821    0.0067924    0.0000000    0.0081717    0.0000000    0.0000000    0.0000000    0.0000000    0.0000000
 15    5.0000    0.3038001    0.0075628    0.0000000    0.0099860    0.0000000    0.0000000    0.0000000    0.0000000    0.0000000
 16    4.0000    0.3745335    0.0083976    0.0000000    0.0114735    0.0000000    0.0000000    0.0000000    0.0000000    0.0000000
 17    3.0000    0.4593577    0.0093005    0.0000000    0.0144409    0.0000000    0.0000000    0.0000000    0.0000000    0.0000000



1    J    Z       H2O       O3        CO2       CO        CH4       N2O       O2        NH3       NO        NO2       SO2
        (KM)    (                                                      ATM CM                                             )

   1   19.0000  3.03E-02  1.62E-02  3.36E+00  1.34E-04  1.17E-02  1.61E-03  1.95E+03  2.94E-10  2.33E-06  1.13E-05  3.34E-07
   2   18.0000  3.48E-02  1.35E-02  3.95E+00  1.92E-04  1.43E-02  2.20E-03  2.29E+03  5.76E-10  2.65E-06  9.94E-06  4.80E-07
   3   17.0000  4.09E-02  1.08E-02  4.64E+00  2.87E-04  1.73E-02  2.96E-03  2.69E+03  1.13E-09  3.17E-06  8.20E-06  6.55E-07
   4   16.0000  4.91E-02  9.78E-03  5.44E+00  4.20E-04  2.08E-02  3.80E-03  3.16E+03  2.36E-09  3.93E-06  6.23E-06  8.41E-07
   5   15.0000  5.92E-02  9.67E-03  6.36E+00  6.18E-04  2.49E-02  4.72E-03  3.69E+03  5.61E-09  4.87E-06  4.24E-06  1.02E-06
   6   14.0000  8.66E-02  9.73E-03  7.47E+00  9.29E-04  2.98E-02  5.73E-03  4.34E+03  1.53E-08  6.00E-06  2.48E-06  1.18E-06
   7   13.0000  1.56E-01  8.89E-03  8.77E+00  1.39E-03  3.57E-02  6.89E-03  5.09E+03  4.80E-08  7.23E-06  1.43E-06  1.37E-06
   8   12.0000  4.67E-01  7.27E-03  1.01E+01  1.99E-03  4.19E-02  8.12E-03  5.86E+03  1.28E-07  8.39E-06  1.05E-06  1.57E-06
   9   11.0000  1.80E+00  6.34E-03  1.14E+01  2.66E-03  4.84E-02  9.40E-03  6.63E+03  2.68E-07  9.51E-06  9.11E-07  1.81E-06
  10   10.0000  5.75E+00  5.49E-03  1.29E+01  3.38E-03  5.58E-02  1.09E-02  7.47E+03  5.44E-07  1.07E-05  8.92E-07  2.12E-06
  11    9.0000  1.30E+01  4.83E-03  1.45E+01  4.20E-03  6.41E-02  1.26E-02  8.39E+03  1.14E-06  1.20E-05  9.43E-07  2.54E-06
  12    8.0000  2.35E+01  4.53E-03  1.62E+01  5.13E-03  7.30E-02  1.43E-02  9.40E+03  2.26E-06  1.35E-05  1.04E-06  3.10E-06
  13    7.0000  4.13E+01  4.23E-03  1.81E+01  6.11E-03  8.24E-02  1.61E-02  1.05E+04  4.07E-06  1.51E-05  1.16E-06  3.90E-06
  14    6.0000  7.03E+01  3.96E-03  2.02E+01  7.11E-03  9.31E-02  1.79E-02  1.17E+04  6.80E-06  1.68E-05  1.29E-06  5.04E-06
  15    5.0000  1.16E+02  3.71E-03  2.25E+01  8.09E-03  1.05E-01  2.00E-02  1.30E+04  1.09E-05  1.87E-05  1.44E-06  6.70E-06
  16    4.0000  2.05E+02  3.57E-03  2.49E+01  9.06E-03  1.17E-01  2.22E-02  1.45E+04  1.69E-05  2.08E-05  1.59E-06  9.13E-06
  17    3.0000  3.71E+02  3.46E-03  2.76E+01  1.02E-02  1.30E-01  2.46E-02  1.60E+04  2.55E-05  2.30E-05  1.77E-06  1.28E-05



   J      Z       CFC11    CFC12    CFC13    CFC14    CFC22   CFC113   CFC114   CFC115   CLONO2     HNO4   CHCL2F     CCL4     N2O5
        (KM)    (                                                     ATM CM                                                     )
   1   19.0000 7.99E-07 1.77E-06 9.34E-15 9.34E-15 4.83E-07 1.32E-07 9.68E-08 9.34E-15 2.63E-06 2.43E-06 9.34E-15 6.89E-07 2.44E-07
   2   18.0000 1.06E-06 2.19E-06 1.10E-14 1.10E-14 5.84E-07 1.65E-07 1.17E-07 1.10E-14 2.29E-06 2.33E-06 1.10E-14 9.33E-07 2.10E-07
   3   17.0000 1.38E-06 2.70E-06 1.29E-14 1.29E-14 7.07E-07 2.07E-07 1.42E-07 1.29E-14 1.74E-06 2.12E-06 1.29E-14 1.24E-06 1.55E-07
   4   16.0000 1.78E-06 3.32E-06 1.51E-14 1.51E-14 8.53E-07 2.57E-07 1.71E-07 1.51E-14 9.43E-07 1.77E-06 1.51E-14 1.62E-06 7.55E-08
   5   15.0000 2.21E-06 4.01E-06 1.77E-14 1.77E-14 1.02E-06 3.13E-07 2.04E-07 1.77E-14 4.42E-07 1.56E-06 1.77E-14 2.03E-06 2.67E-08
   6   14.0000 2.68E-06 4.78E-06 2.08E-14 2.08E-14 1.21E-06 3.74E-07 2.43E-07 2.08E-14 3.76E-07 1.57E-06 2.08E-14 2.47E-06 2.23E-08
   7   13.0000 3.24E-06 5.69E-06 2.44E-14 2.44E-14 1.43E-06 4.48E-07 2.88E-07 2.44E-14 2.73E-07 1.52E-06 2.44E-14 3.00E-06 1.56E-08
   8   12.0000 3.84E-06 6.65E-06 2.80E-14 2.80E-14 1.66E-06 5.25E-07 3.35E-07 2.80E-14 1.22E-07 1.40E-06 2.80E-14 3.56E-06 5.91E-09
   9   11.0000 4.41E-06 7.58E-06 3.17E-14 3.17E-14 1.89E-06 6.00E-07 3.81E-07 3.17E-14 3.57E-08 1.41E-06 3.17E-14 4.09E-06 2.30E-10
  10   10.0000 4.98E-06 8.56E-06 3.57E-14 3.57E-14 2.13E-06 6.77E-07 4.29E-07 3.57E-14 4.14E-08 1.66E-06 3.57E-14 4.61E-06 2.38E-10
  11    9.0000 5.61E-06 9.62E-06 4.02E-14 4.02E-14 2.39E-06 7.62E-07 4.82E-07 4.02E-14 4.79E-08 1.94E-06 4.02E-14 5.18E-06 2.43E-10
  12    8.0000 6.29E-06 1.08E-05 4.50E-14 4.50E-14 2.68E-06 8.54E-07 5.40E-07 4.50E-14 5.51E-08 2.25E-06 4.50E-14 5.80E-06 2.45E-10
  13    7.0000 7.04E-06 1.21E-05 5.03E-14 5.03E-14 3.00E-06 9.55E-07 6.03E-07 5.03E-14 7.45E-08 2.27E-06 5.03E-14 6.49E-06 2.46E-10
  14    6.0000 7.85E-06 1.35E-05 5.61E-14 5.61E-14 3.35E-06 1.06E-06 6.73E-07 5.61E-14 1.12E-07 1.92E-06 5.61E-14 7.25E-06 2.45E-10
  15    5.0000 8.74E-06 1.50E-05 6.24E-14 6.24E-14 3.73E-06 1.19E-06 7.49E-07 6.24E-14 1.56E-07 1.46E-06 6.24E-14 8.09E-06 2.41E-10
  16    4.0000 9.70E-06 1.66E-05 6.93E-14 6.93E-14 4.14E-06 1.32E-06 8.32E-07 6.93E-14 2.08E-07 8.61E-07 6.93E-14 9.00E-06 2.31E-10
  17    3.0000 1.07E-05 1.84E-05 7.67E-14 7.67E-14 4.59E-06 1.46E-06 9.21E-07 7.67E-14 2.74E-07 4.88E-07 7.67E-14 9.98E-06 2.09E-10


 SUMMARY OF THE GEOMETRY CALCULATION

          H1ALT   =   20.00000 KM
          H2ALT   =    3.00000 KM
          OBSZEN  =  148.25264 DEG
          HRANGE  =   20.00085 KM
          BETA    =    0.09459 DEG
          PHI     =   31.83565 DEG
          HMIN    =    3.00000 KM
          BENDING =    0.00630 DEG
          LENN    =          0


   TOTAL COLUMN ABSORBER AMOUNTS FOR THE LINE-OF-SIGHT PATH:

                 HNO3      O3 UV      CNTMSLF1    CNTMSLF2    CNTMFRN     N2 CONT     MOL SCAT   TOTAL AER
               (ATM CM)   (ATM CM)   (MOL CM-2)  (MOL CM-2)  (MOL CM-2)              ( 550 NM EXTINCTION )
            1.9191E-04  1.2600E-01  5.0949E+19  3.1994E+19  1.4315E+22  2.2544E+00  0.07349342  0.06076056


                AER 1       AER 2       AER 3       AER 4      CIRRUS     WAT DROP    ICE PART   MEAN AER RH
                (                 550 NM EXTINCTION                 )    (KM GM/M3)  (KM GM/M3)   (PERCENT)
             0.00000000  0.05489096  0.00586960  0.00000000   0.000000    0.000000    0.000000      0.0000


                H2O         O3          CO2         CO          CH4         N2O

             (                                   ATM CM                                   )
            8.4852E+02  1.2600E-01  2.1833E+02  6.1897E-02  9.6541E-01  1.8391E-01


                O2          NH3         NO          NO2         SO2
               (                      ATM CM                      )
            1.2675E+05  6.8588E-05  1.7879E-04  5.5923E-05  5.4627E-05


               CFC11       CFC12       CFC13       CFC14       CFC22      CFC113      CFC114
             (                                    ATM CM                                    )
            8.2346E-05  1.4321E-04  6.0648E-13  6.0648E-13  3.5847E-05  1.1293E-05  7.2054E-06


              CFC115      CLONO2        HNO4      CHCL2F        CCL4        N2O5
             (                                    ATM CM                                    )
            6.0648E-13  9.8165E-06  2.8957E-05  6.0648E-13  7.6046E-05  7.5713E-07


1 SINGLE SCATTER SOLAR PATH GEOMETRY TABLE FOR THE LINE-OF-SIGHT PATH
  -------------------------------------------------------------------

 SCT    SCATTER  SUBTENDED      SOLAR       PATH   RELATIVE    SCATTER
 PNT   ALTITUDE      ANGLE     ZENITH     ZENITH    AZIMUTH      ANGLE
           [KM]      [DEG]      [DEG]      [DEG]      [DEG]      [DEG]
   1   20.00000    0.00000   70.00000  148.25264   90.00000  106.90861    
   2   19.00000    0.00555   69.99942  148.24722   90.00201  106.90910    
   3   18.00000    0.01110   69.99874  148.24182   90.00404  106.90970    
   4   17.00000    0.01665   69.99794  148.23647   90.00606  106.91042    
   5   16.00000    0.02220   69.99703  148.23111   90.00808  106.91121    
   6   15.00000    0.02776   69.99596  148.22580   90.01010  106.91216    
   7   14.00000    0.03332   69.99466  148.22054   90.01212  106.91328    
   8   13.00000    0.03888   69.99319  148.21532   90.01414  106.91458    
   9   12.00000    0.04444   69.99185  148.21005   90.01617  106.91576    
  10   11.00000    0.05000   69.99036  148.20483   90.01819  106.91706    
  11   10.00000    0.05557   69.98875  148.19963   90.02022  106.91848    
  12    9.00000    0.06114   69.98698  148.19447   90.02224  106.92004    
  13    8.00000    0.06671   69.98506  148.18933   90.02427  106.92171    
  14    7.00000    0.07228   69.98295  148.18425   90.02630  106.92358    
  15    6.00000    0.07786   69.98062  148.17920   90.02833  106.92561    
  16    5.00000    0.08343   69.97808  148.17421   90.03036  106.92785    
  17    4.00000    0.08901   69.97536  148.16925   90.03239  106.93024    
  18    3.00000    0.09459   69.97240  148.16435   90.03442  106.93283    

550 nm SINGLE SCATTERING ALBEDO OF THE FOUR AEROSOL MODELS
[NOMINALLY: (1) Boundary Layer, (2) Tropospheric, (3) Stratospheric, and (4) Volcanic]
     AER 1:      0.940674
     AER 2:      0.963462
     AER 3:      1.000000
     AER 4:      0.994932

 SUN ELLIPTIC ORBIT SOLAR IRRADIANCE FACTOR FOR DAY 172:   0.96867

                           RADIANCE (WATTS/CM2-STER-XXX)   [No STER in TOA SOLAR IRRADIANCE]

  FREQ   WAVELENGTH    PATH_THERMAL    SURFACE_EMISSION  SOL_IRR    SINGLE_SCATTER  GROUND_REFLECTED   TOTAL_RADIANCE  INTEGRAL    TOTAL
 (CM-1) (MICRON)      (CM-1)  (MICRN)   (CM-1)  (MICRN)   (CM-1)   (CM-1)  (MICRN)   (CM-1)  (MICRN)   (CM-1)  (MICRN)             TRANS

 9091.00 1.099989     9.45E-23 7.81E-19 0.00E+00 0.00E+00 6.92E-06 1.06E-08 8.76E-05 0.00E+00 0.00E+00 1.06E-08 8.76E-05 5.30E-08  0.91226
 9101.00 1.098780     7.28E-23 6.03E-19 0.00E+00 0.00E+00 6.75E-06 1.05E-08 8.72E-05 0.00E+00 0.00E+00 1.05E-08 8.72E-05 1.58E-07  0.92975
 9111.00 1.097574     5.37E-23 4.46E-19 0.00E+00 0.00E+00 6.77E-06 1.07E-08 8.92E-05 0.00E+00 0.00E+00 1.07E-08 8.92E-05 2.66E-07  0.94415
 9121.00 1.096371     5.12E-23 4.26E-19 0.00E+00 0.00E+00 6.76E-06 1.07E-08 8.93E-05 0.00E+00 0.00E+00 1.07E-08 8.93E-05 3.73E-07  0.94294
 9131.00 1.095170     5.19E-23 4.33E-19 0.00E+00 0.00E+00 6.72E-06 1.07E-08 8.90E-05 0.00E+00 0.00E+00 1.07E-08 8.90E-05 4.80E-07  0.94009
 9141.00 1.093972     3.40E-23 2.84E-19 0.00E+00 0.00E+00 6.44E-06 1.04E-08 8.72E-05 0.00E+00 0.00E+00 1.04E-08 8.72E-05 5.84E-07  0.95652
 9151.00 1.092777     4.80E-23 4.02E-19 0.00E+00 0.00E+00 6.86E-06 1.10E-08 9.17E-05 0.00E+00 0.00E+00 1.10E-08 9.17E-05 6.94E-07  0.93651
 9161.00 1.091584     1.98E-23 1.66E-19 0.00E+00 0.00E+00 6.93E-06 1.14E-08 9.59E-05 0.00E+00 0.00E+00 1.14E-08 9.59E-05 8.08E-07  0.96749
 9171.00 1.090394     3.43E-23 2.89E-19 0.00E+00 0.00E+00 6.99E-06 1.13E-08 9.54E-05 0.00E+00 0.00E+00 1.13E-08 9.54E-05 9.21E-07  0.94895
 9181.00 1.089206     2.53E-23 2.13E-19 0.00E+00 0.00E+00 6.87E-06 1.13E-08 9.52E-05 0.00E+00 0.00E+00 1.13E-08 9.52E-05 1.03E-06  0.95907
 9191.00 1.088021     1.73E-23 1.46E-19 0.00E+00 0.00E+00 6.85E-06 1.14E-08 9.62E-05 0.00E+00 0.00E+00 1.14E-08 9.62E-05 1.15E-06  0.96770
 9201.00 1.086838     2.52E-23 2.13E-19 0.00E+00 0.00E+00 6.78E-06 1.12E-08 9.45E-05 0.00E+00 0.00E+00 1.12E-08 9.45E-05 1.26E-06  0.95457
 9211.00 1.085658     2.37E-23 2.01E-19 0.00E+00 0.00E+00 7.03E-06 1.16E-08 9.86E-05 0.00E+00 0.00E+00 1.16E-08 9.86E-05 1.38E-06  0.95522
 9221.00 1.084481     1.74E-23 1.48E-19 0.00E+00 0.00E+00 6.97E-06 1.16E-08 9.90E-05 0.00E+00 0.00E+00 1.16E-08 9.90E-05 1.49E-06  0.96384
 9231.00 1.083306     1.79E-23 1.52E-19 0.00E+00 0.00E+00 6.80E-06 1.14E-08 9.68E-05 0.00E+00 0.00E+00 1.14E-08 9.68E-05 1.61E-06  0.96161
 9241.00 1.082134     1.24E-23 1.06E-19 0.00E+00 0.00E+00 6.78E-06 1.15E-08 9.78E-05 0.00E+00 0.00E+00 1.15E-08 9.78E-05 1.72E-06  0.96895
 9251.00 1.080964     1.54E-23 1.31E-19 0.00E+00 0.00E+00 6.90E-06 1.16E-08 9.94E-05 0.00E+00 0.00E+00 1.16E-08 9.94E-05 1.84E-06  0.96291
 9261.00 1.079797     1.30E-23 1.12E-19 0.00E+00 0.00E+00 6.99E-06 1.18E-08 1.02E-04 0.00E+00 0.00E+00 1.18E-08 1.02E-04 1.96E-06  0.96566
 9271.00 1.078632     9.55E-24 8.21E-20 0.00E+00 0.00E+00 6.88E-06 1.17E-08 1.01E-04 0.00E+00 0.00E+00 1.17E-08 1.01E-04 2.07E-06  0.97088
 9281.00 1.077470     1.34E-23 1.15E-19 0.00E+00 0.00E+00 7.03E-06 1.19E-08 1.03E-04 0.00E+00 0.00E+00 1.19E-08 1.03E-04 2.19E-06  0.96250
 9291.00 1.076310     8.32E-24 7.18E-20 0.00E+00 0.00E+00 7.01E-06 1.20E-08 1.04E-04 0.00E+00 0.00E+00 1.20E-08 1.04E-04 2.31E-06  0.97109
 9301.00 1.075153     9.77E-24 8.45E-20 0.00E+00 0.00E+00 6.86E-06 1.18E-08 1.02E-04 0.00E+00 0.00E+00 1.18E-08 1.02E-04 2.43E-06  0.96684
 9311.00 1.073998     8.47E-24 7.35E-20 0.00E+00 0.00E+00 6.98E-06 1.20E-08 1.04E-04 0.00E+00 0.00E+00 1.20E-08 1.04E-04 2.55E-06  0.96840
 9321.00 1.072846     8.18E-24 7.10E-20 0.00E+00 0.00E+00 6.89E-06 1.18E-08 1.03E-04 0.00E+00 0.00E+00 1.18E-08 1.03E-04 2.67E-06  0.96763
 9331.00 1.071697     7.66E-24 6.67E-20 0.00E+00 0.00E+00 7.01E-06 1.21E-08 1.05E-04 0.00E+00 0.00E+00 1.21E-08 1.05E-04 2.79E-06  0.96739
 9341.00 1.070549     7.35E-24 6.41E-20 0.00E+00 0.00E+00 6.98E-06 1.20E-08 1.05E-04 0.00E+00 0.00E+00 1.20E-08 1.05E-04 2.91E-06  0.96655
 9351.00 1.069404     7.59E-24 6.64E-20 0.00E+00 0.00E+00 6.71E-06 1.16E-08 1.01E-04 0.00E+00 0.00E+00 1.16E-08 1.01E-04 3.03E-06  0.96429
 9361.00 1.068262     6.95E-24 6.09E-20 0.00E+00 0.00E+00 6.91E-06 1.19E-08 1.04E-04 0.00E+00 0.00E+00 1.19E-08 1.04E-04 3.14E-06  0.96374
 9371.00 1.067122     6.79E-24 5.96E-20 0.00E+00 0.00E+00 7.01E-06 1.21E-08 1.06E-04 0.00E+00 0.00E+00 1.21E-08 1.06E-04 3.27E-06  0.96299
 9381.00 1.065984     6.34E-24 5.58E-20 0.00E+00 0.00E+00 6.97E-06 1.21E-08 1.06E-04 0.00E+00 0.00E+00 1.21E-08 1.06E-04 3.39E-06  0.96315
 9391.00 1.064849     6.14E-24 5.42E-20 0.00E+00 0.00E+00 7.09E-06 1.23E-08 1.09E-04 0.00E+00 0.00E+00 1.23E-08 1.09E-04 3.51E-06  0.96284
 9401.00 1.063717     5.63E-24 4.98E-20 0.00E+00 0.00E+00 7.04E-06 1.23E-08 1.09E-04 0.00E+00 0.00E+00 1.23E-08 1.09E-04 3.63E-06  0.96389
 9411.00 1.062586     5.36E-24 4.75E-20 0.00E+00 0.00E+00 7.02E-06 1.23E-08 1.09E-04 0.00E+00 0.00E+00 1.23E-08 1.09E-04 3.76E-06  0.96433
 9421.00 1.061458     4.94E-24 4.38E-20 0.00E+00 0.00E+00 7.01E-06 1.23E-08 1.09E-04 0.00E+00 0.00E+00 1.23E-08 1.09E-04 3.88E-06  0.96524
 9431.00 1.060333     4.64E-24 4.12E-20 0.00E+00 0.00E+00 6.97E-06 1.23E-08 1.09E-04 0.00E+00 0.00E+00 1.23E-08 1.09E-04 4.00E-06  0.96570
 9441.00 1.059210     4.36E-24 3.89E-20 0.00E+00 0.00E+00 6.95E-06 1.23E-08 1.10E-04 0.00E+00 0.00E+00 1.23E-08 1.10E-04 4.12E-06  0.96618
 9451.00 1.058089     4.06E-24 3.62E-20 0.00E+00 0.00E+00 6.98E-06 1.24E-08 1.11E-04 0.00E+00 0.00E+00 1.24E-08 1.11E-04 4.25E-06  0.96698
 9461.00 1.056971     3.76E-24 3.36E-20 0.00E+00 0.00E+00 7.09E-06 1.27E-08 1.13E-04 0.00E+00 0.00E+00 1.27E-08 1.13E-04 4.38E-06  0.96791
 9471.00 1.055855     3.49E-24 3.13E-20 0.00E+00 0.00E+00 7.09E-06 1.27E-08 1.14E-04 0.00E+00 0.00E+00 1.27E-08 1.14E-04 4.50E-06  0.96873
 9481.00 1.054741     3.25E-24 2.92E-20 0.00E+00 0.00E+00 7.08E-06 1.28E-08 1.15E-04 0.00E+00 0.00E+00 1.28E-08 1.15E-04 4.63E-06  0.96943
 9491.00 1.053630     3.04E-24 2.74E-20 0.00E+00 0.00E+00 7.03E-06 1.27E-08 1.14E-04 0.00E+00 0.00E+00 1.27E-08 1.14E-04 4.76E-06  0.96996
 9501.00 1.052521     2.86E-24 2.58E-20 0.00E+00 0.00E+00 7.07E-06 1.28E-08 1.16E-04 0.00E+00 0.00E+00 1.28E-08 1.16E-04 4.89E-06  0.97029
 9511.00 1.051414     2.69E-24 2.44E-20 0.00E+00 0.00E+00 7.07E-06 1.29E-08 1.16E-04 0.00E+00 0.00E+00 1.29E-08 1.16E-04 5.01E-06  0.97069
 9521.00 1.050310     2.54E-24 2.30E-20 0.00E+00 0.00E+00 7.07E-06 1.29E-08 1.17E-04 0.00E+00 0.00E+00 1.29E-08 1.17E-04 5.14E-06  0.97089
 9531.00 1.049208     2.41E-24 2.19E-20 0.00E+00 0.00E+00 7.08E-06 1.29E-08 1.18E-04 0.00E+00 0.00E+00 1.29E-08 1.18E-04 5.27E-06  0.97098
 9541.00 1.048108     2.26E-24 2.06E-20 0.00E+00 0.00E+00 7.08E-06 1.30E-08 1.18E-04 0.00E+00 0.00E+00 1.30E-08 1.18E-04 5.40E-06  0.97159
 9551.00 1.047011     2.14E-24 1.95E-20 0.00E+00 0.00E+00 7.02E-06 1.29E-08 1.18E-04 0.00E+00 0.00E+00 1.29E-08 1.18E-04 5.53E-06  0.97172
 9561.00 1.045916     2.03E-24 1.86E-20 0.00E+00 0.00E+00 6.94E-06 1.28E-08 1.17E-04 0.00E+00 0.00E+00 1.28E-08 1.17E-04 5.66E-06  0.97181
 9571.00 1.044823     1.93E-24 1.77E-20 0.00E+00 0.00E+00 7.07E-06 1.31E-08 1.20E-04 0.00E+00 0.00E+00 1.31E-08 1.20E-04 5.79E-06  0.97187
 9581.00 1.043732     1.83E-24 1.68E-20 0.00E+00 0.00E+00 7.08E-06 1.31E-08 1.20E-04 0.00E+00 0.00E+00 1.31E-08 1.20E-04 5.92E-06  0.97196

                           RADIANCE (WATTS/CM2-STER-XXX)   [No STER in TOA SOLAR IRRADIANCE]

  FREQ   WAVELENGTH    PATH_THERMAL    SURFACE_EMISSION  SOL_IRR    SINGLE_SCATTER  GROUND_REFLECTED   TOTAL_RADIANCE  INTEGRAL    TOTAL
 (CM-1) (MICRON)      (CM-1)  (MICRN)   (CM-1)  (MICRN)   (CM-1)   (CM-1)  (MICRN)   (CM-1)  (MICRN)   (CM-1)  (MICRN)             TRANS

 9591.00 1.042644     1.75E-24 1.61E-20 0.00E+00 0.00E+00 7.04E-06 1.31E-08 1.20E-04 0.00E+00 0.00E+00 1.31E-08 1.20E-04 6.05E-06  0.97193
 9601.00 1.041558     1.67E-24 1.54E-20 0.00E+00 0.00E+00 7.10E-06 1.32E-08 1.22E-04 0.00E+00 0.00E+00 1.32E-08 1.22E-04 6.18E-06  0.97186
 9611.00 1.040474     1.58E-24 1.46E-20 0.00E+00 0.00E+00 7.06E-06 1.32E-08 1.22E-04 0.00E+00 0.00E+00 1.32E-08 1.22E-04 6.32E-06  0.97190
 9621.00 1.039393     1.51E-24 1.40E-20 0.00E+00 0.00E+00 7.05E-06 1.32E-08 1.22E-04 0.00E+00 0.00E+00 1.32E-08 1.22E-04 6.45E-06  0.97187
 9631.00 1.038314     1.44E-24 1.33E-20 0.00E+00 0.00E+00 7.05E-06 1.32E-08 1.22E-04 0.00E+00 0.00E+00 1.32E-08 1.22E-04 6.58E-06  0.97187
 9641.00 1.037237     1.37E-24 1.28E-20 0.00E+00 0.00E+00 7.00E-06 1.31E-08 1.22E-04 0.00E+00 0.00E+00 1.31E-08 1.22E-04 6.71E-06  0.97173
 9651.00 1.036162     1.31E-24 1.22E-20 0.00E+00 0.00E+00 7.11E-06 1.34E-08 1.25E-04 0.00E+00 0.00E+00 1.34E-08 1.25E-04 6.84E-06  0.97179
 9661.00 1.035089     1.24E-24 1.15E-20 0.00E+00 0.00E+00 7.03E-06 1.33E-08 1.24E-04 0.00E+00 0.00E+00 1.33E-08 1.24E-04 6.98E-06  0.97193
 9671.00 1.034019     1.19E-24 1.11E-20 0.00E+00 0.00E+00 7.03E-06 1.33E-08 1.24E-04 0.00E+00 0.00E+00 1.33E-08 1.24E-04 7.11E-06  0.97177
 9681.00 1.032951     1.13E-24 1.06E-20 0.00E+00 0.00E+00 7.01E-06 1.33E-08 1.24E-04 0.00E+00 0.00E+00 1.33E-08 1.24E-04 7.24E-06  0.97176
 9691.00 1.031885     1.09E-24 1.02E-20 0.00E+00 0.00E+00 7.11E-06 1.35E-08 1.27E-04 0.00E+00 0.00E+00 1.35E-08 1.27E-04 7.38E-06  0.97154
 9701.00 1.030822     1.05E-24 9.85E-21 0.00E+00 0.00E+00 7.10E-06 1.35E-08 1.27E-04 0.00E+00 0.00E+00 1.35E-08 1.27E-04 7.51E-06  0.97140
 9711.00 1.029760     9.94E-25 9.37E-21 0.00E+00 0.00E+00 7.08E-06 1.35E-08 1.27E-04 0.00E+00 0.00E+00 1.35E-08 1.27E-04 7.65E-06  0.97142
 9721.00 1.028701     9.88E-25 9.34E-21 0.00E+00 0.00E+00 7.09E-06 1.35E-08 1.28E-04 0.00E+00 0.00E+00 1.35E-08 1.28E-04 7.78E-06  0.97068
 9731.00 1.027644     9.85E-25 9.32E-21 0.00E+00 0.00E+00 7.13E-06 1.36E-08 1.29E-04 0.00E+00 0.00E+00 1.36E-08 1.29E-04 7.92E-06  0.96988
 9741.00 1.026589     8.88E-25 8.43E-21 0.00E+00 0.00E+00 7.11E-06 1.37E-08 1.30E-04 0.00E+00 0.00E+00 1.37E-08 1.30E-04 8.06E-06  0.97077
 9751.00 1.025536     8.52E-25 8.10E-21 0.00E+00 0.00E+00 7.13E-06 1.37E-08 1.30E-04 0.00E+00 0.00E+00 1.37E-08 1.30E-04 8.19E-06  0.97062
 9761.00 1.024485     8.48E-25 8.08E-21 0.00E+00 0.00E+00 7.11E-06 1.37E-08 1.30E-04 0.00E+00 0.00E+00 1.37E-08 1.30E-04 8.33E-06  0.96976
 9771.00 1.023437     8.89E-25 8.49E-21 0.00E+00 0.00E+00 7.12E-06 1.37E-08 1.31E-04 0.00E+00 0.00E+00 1.37E-08 1.31E-04 8.47E-06  0.96801
 9781.00 1.022390     7.47E-25 7.15E-21 0.00E+00 0.00E+00 7.05E-06 1.36E-08 1.30E-04 0.00E+00 0.00E+00 1.36E-08 1.30E-04 8.60E-06  0.97022
 9791.00 1.021346     7.11E-25 6.81E-21 0.00E+00 0.00E+00 7.04E-06 1.36E-08 1.31E-04 0.00E+00 0.00E+00 1.36E-08 1.31E-04 8.74E-06  0.97024
 9801.00 1.020304     6.72E-25 6.46E-21 0.00E+00 0.00E+00 7.06E-06 1.37E-08 1.32E-04 0.00E+00 0.00E+00 1.37E-08 1.32E-04 8.88E-06  0.97027
 9811.00 1.019264     7.14E-25 6.87E-21 0.00E+00 0.00E+00 6.98E-06 1.36E-08 1.31E-04 0.00E+00 0.00E+00 1.36E-08 1.31E-04 9.01E-06  0.96826
 9821.00 1.018226     5.90E-25 5.69E-21 0.00E+00 0.00E+00 7.06E-06 1.38E-08 1.33E-04 0.00E+00 0.00E+00 1.38E-08 1.33E-04 9.15E-06  0.97076
 9831.00 1.017191     5.92E-25 5.72E-21 0.00E+00 0.00E+00 7.08E-06 1.38E-08 1.34E-04 0.00E+00 0.00E+00 1.38E-08 1.34E-04 9.29E-06  0.96987
 9841.00 1.016157     5.48E-25 5.31E-21 0.00E+00 0.00E+00 7.06E-06 1.38E-08 1.34E-04 0.00E+00 0.00E+00 1.38E-08 1.34E-04 9.43E-06  0.97028
 9851.00 1.015125     5.51E-25 5.34E-21 0.00E+00 0.00E+00 7.05E-06 1.38E-08 1.34E-04 0.00E+00 0.00E+00 1.38E-08 1.34E-04 9.57E-06  0.96931
 9861.00 1.014096     5.07E-25 4.93E-21 0.00E+00 0.00E+00 7.10E-06 1.40E-08 1.36E-04 0.00E+00 0.00E+00 1.40E-08 1.36E-04 9.71E-06  0.96991
 9871.00 1.013069     4.78E-25 4.66E-21 0.00E+00 0.00E+00 7.11E-06 1.40E-08 1.37E-04 0.00E+00 0.00E+00 1.40E-08 1.37E-04 9.85E-06  0.96998
 9881.00 1.012043     4.95E-25 4.84E-21 0.00E+00 0.00E+00 7.11E-06 1.40E-08 1.37E-04 0.00E+00 0.00E+00 1.40E-08 1.37E-04 9.99E-06  0.96842
 9891.00 1.011020     4.42E-25 4.32E-21 0.00E+00 0.00E+00 7.11E-06 1.41E-08 1.38E-04 0.00E+00 0.00E+00 1.41E-08 1.38E-04 1.01E-05  0.96958
 9901.00 1.009999     5.03E-25 4.93E-21 0.00E+00 0.00E+00 7.13E-06 1.41E-08 1.38E-04 0.00E+00 0.00E+00 1.41E-08 1.38E-04 1.03E-05  0.96605
 9911.00 1.008980     4.87E-25 4.79E-21 0.00E+00 0.00E+00 7.11E-06 1.41E-08 1.38E-04 0.00E+00 0.00E+00 1.41E-08 1.38E-04 1.04E-05  0.96570
 9921.00 1.007963     4.15E-25 4.08E-21 0.00E+00 0.00E+00 7.12E-06 1.42E-08 1.39E-04 0.00E+00 0.00E+00 1.42E-08 1.39E-04 1.06E-05  0.96797
 9931.00 1.006948     3.67E-25 3.62E-21 0.00E+00 0.00E+00 7.08E-06 1.41E-08 1.39E-04 0.00E+00 0.00E+00 1.41E-08 1.39E-04 1.07E-05  0.96928
 9941.00 1.005935     3.62E-25 3.58E-21 0.00E+00 0.00E+00 6.84E-06 1.37E-08 1.35E-04 0.00E+00 0.00E+00 1.37E-08 1.35E-04 1.08E-05  0.96861
 9951.00 1.004924     3.45E-25 3.41E-21 0.00E+00 0.00E+00 6.70E-06 1.34E-08 1.33E-04 0.00E+00 0.00E+00 1.34E-08 1.33E-04 1.10E-05  0.96860
 9961.00 1.003915     3.42E-25 3.39E-21 0.00E+00 0.00E+00 7.02E-06 1.41E-08 1.40E-04 0.00E+00 0.00E+00 1.41E-08 1.40E-04 1.11E-05  0.96780
 9971.00 1.002908     3.22E-25 3.20E-21 0.00E+00 0.00E+00 7.09E-06 1.43E-08 1.42E-04 0.00E+00 0.00E+00 1.43E-08 1.42E-04 1.12E-05  0.96792
 9981.00 1.001904     3.84E-25 3.82E-21 0.00E+00 0.00E+00 7.15E-06 1.43E-08 1.43E-04 0.00E+00 0.00E+00 1.43E-08 1.43E-04 1.14E-05  0.96317
 9991.00 1.000901     2.75E-25 2.75E-21 0.00E+00 0.00E+00 7.14E-06 1.45E-08 1.44E-04 0.00E+00 0.00E+00 1.45E-08 1.44E-04 1.15E-05  0.96898
10001.00 .9999000     2.81E-25 2.81E-21 0.00E+00 0.00E+00 7.10E-06 1.44E-08 1.44E-04 0.00E+00 0.00E+00 1.44E-08 1.44E-04 1.17E-05  0.96763
10011.00 .9989012     2.58E-25 2.58E-21 0.00E+00 0.00E+00 7.12E-06 1.45E-08 1.45E-04 0.00E+00 0.00E+00 1.45E-08 1.45E-04 1.18E-05  0.96834
10021.00 .9979044     2.42E-25 2.43E-21 0.00E+00 0.00E+00 7.13E-06 1.45E-08 1.46E-04 0.00E+00 0.00E+00 1.45E-08 1.46E-04 1.20E-05  0.96850
10031.00 .9969096     2.28E-25 2.29E-21 0.00E+00 0.00E+00 7.13E-06 1.46E-08 1.46E-04 0.00E+00 0.00E+00 1.46E-08 1.46E-04 1.21E-05  0.96870
10041.00 .9959167     2.20E-25 2.22E-21 0.00E+00 0.00E+00 7.12E-06 1.46E-08 1.47E-04 0.00E+00 0.00E+00 1.46E-08 1.47E-04 1.23E-05  0.96843
10051.00 .9949259     2.04E-25 2.06E-21 0.00E+00 0.00E+00 7.12E-06 1.46E-08 1.47E-04 0.00E+00 0.00E+00 1.46E-08 1.47E-04 1.24E-05  0.96878
10061.00 .9939370     2.05E-25 2.07E-21 0.00E+00 0.00E+00 7.13E-06 1.46E-08 1.48E-04 0.00E+00 0.00E+00 1.46E-08 1.48E-04 1.26E-05  0.96785
10071.00 .9929501     2.51E-25 2.55E-21 0.00E+00 0.00E+00 7.12E-06 1.46E-08 1.48E-04 0.00E+00 0.00E+00 1.46E-08 1.48E-04 1.27E-05  0.96270
10081.00 .9919651     1.92E-25 1.95E-21 0.00E+00 0.00E+00 7.10E-06 1.46E-08 1.49E-04 0.00E+00 0.00E+00 1.46E-08 1.49E-04 1.28E-05  0.96714

                           RADIANCE (WATTS/CM2-STER-XXX)   [No STER in TOA SOLAR IRRADIANCE]

  FREQ   WAVELENGTH    PATH_THERMAL    SURFACE_EMISSION  SOL_IRR    SINGLE_SCATTER  GROUND_REFLECTED   TOTAL_RADIANCE  INTEGRAL    TOTAL
 (CM-1) (MICRON)      (CM-1)  (MICRN)   (CM-1)  (MICRN)   (CM-1)   (CM-1)  (MICRN)   (CM-1)  (MICRN)   (CM-1)  (MICRN)             TRANS

10091.00 .9909821     2.03E-25 2.07E-21 0.00E+00 0.00E+00 7.08E-06 1.46E-08 1.49E-04 0.00E+00 0.00E+00 1.46E-08 1.49E-04 1.30E-05  0.96500
10101.00 .9900010     2.34E-25 2.39E-21 0.00E+00 0.00E+00 7.04E-06 1.45E-08 1.48E-04 0.00E+00 0.00E+00 1.45E-08 1.48E-04 1.31E-05  0.96092
10111.00 .9890218     1.72E-25 1.76E-21 0.00E+00 0.00E+00 7.02E-06 1.46E-08 1.49E-04 0.00E+00 0.00E+00 1.46E-08 1.49E-04 1.33E-05  0.96648
10121.00 .9880447     2.19E-25 2.25E-21 0.00E+00 0.00E+00 7.11E-06 1.47E-08 1.50E-04 0.00E+00 0.00E+00 1.47E-08 1.50E-04 1.34E-05  0.95977
10131.00 .9870694     2.29E-25 2.35E-21 0.00E+00 0.00E+00 7.08E-06 1.46E-08 1.50E-04 0.00E+00 0.00E+00 1.46E-08 1.50E-04 1.36E-05  0.95745
10141.00 .9860960     1.78E-25 1.83E-21 0.00E+00 0.00E+00 7.08E-06 1.47E-08 1.51E-04 0.00E+00 0.00E+00 1.47E-08 1.51E-04 1.37E-05  0.96252
10151.00 .9851246     3.12E-25 3.22E-21 0.00E+00 0.00E+00 7.11E-06 1.46E-08 1.50E-04 0.00E+00 0.00E+00 1.46E-08 1.50E-04 1.39E-05  0.94143
10161.00 .9841551     2.55E-25 2.63E-21 0.00E+00 0.00E+00 7.09E-06 1.46E-08 1.51E-04 0.00E+00 0.00E+00 1.46E-08 1.51E-04 1.40E-05  0.94875
10171.00 .9831875     3.37E-25 3.49E-21 0.00E+00 0.00E+00 7.09E-06 1.45E-08 1.49E-04 0.00E+00 0.00E+00 1.45E-08 1.49E-04 1.42E-05  0.93209
10181.00 .9822218     3.29E-25 3.41E-21 0.00E+00 0.00E+00 7.12E-06 1.45E-08 1.51E-04 0.00E+00 0.00E+00 1.45E-08 1.51E-04 1.43E-05  0.93167
10191.00 .9812580     2.55E-25 2.65E-21 0.00E+00 0.00E+00 7.13E-06 1.47E-08 1.53E-04 0.00E+00 0.00E+00 1.47E-08 1.53E-04 1.44E-05  0.94155
10201.00 .9802961     4.15E-25 4.32E-21 0.00E+00 0.00E+00 7.07E-06 1.42E-08 1.47E-04 0.00E+00 0.00E+00 1.42E-08 1.47E-04 1.46E-05  0.90253
10211.00 .9793360     4.43E-25 4.62E-21 0.00E+00 0.00E+00 7.04E-06 1.40E-08 1.46E-04 0.00E+00 0.00E+00 1.40E-08 1.46E-04 1.47E-05  0.89301
10221.00 .9783779     3.99E-25 4.17E-21 0.00E+00 0.00E+00 7.05E-06 1.41E-08 1.47E-04 0.00E+00 0.00E+00 1.41E-08 1.47E-04 1.49E-05  0.89553
10231.00 .9774216     2.85E-25 2.98E-21 0.00E+00 0.00E+00 7.09E-06 1.45E-08 1.52E-04 0.00E+00 0.00E+00 1.45E-08 1.52E-04 1.50E-05  0.92207
10241.00 .9764671     4.82E-25 5.05E-21 0.00E+00 0.00E+00 7.03E-06 1.37E-08 1.44E-04 0.00E+00 0.00E+00 1.37E-08 1.44E-04 1.52E-05  0.86675
10251.00 .9755146     4.07E-25 4.28E-21 0.00E+00 0.00E+00 7.12E-06 1.40E-08 1.47E-04 0.00E+00 0.00E+00 1.40E-08 1.47E-04 1.53E-05  0.87187
10261.00 .9745639     3.88E-25 4.09E-21 0.00E+00 0.00E+00 7.00E-06 1.38E-08 1.45E-04 0.00E+00 0.00E+00 1.38E-08 1.45E-04 1.54E-05  0.87344
10271.00 .9736151     3.90E-25 4.11E-21 0.00E+00 0.00E+00 7.03E-06 1.39E-08 1.46E-04 0.00E+00 0.00E+00 1.39E-08 1.46E-04 1.56E-05  0.87448
10281.00 .9726681     2.83E-25 2.99E-21 0.00E+00 0.00E+00 7.11E-06 1.44E-08 1.52E-04 0.00E+00 0.00E+00 1.44E-08 1.52E-04 1.57E-05  0.90070
10291.00 .9717228     2.36E-25 2.50E-21 0.00E+00 0.00E+00 7.12E-06 1.46E-08 1.54E-04 0.00E+00 0.00E+00 1.46E-08 1.54E-04 1.59E-05  0.90727
10301.00 .9707795     2.14E-25 2.27E-21 0.00E+00 0.00E+00 7.06E-06 1.45E-08 1.54E-04 0.00E+00 0.00E+00 1.45E-08 1.54E-04 1.60E-05  0.91374
10311.00 .9698380     2.21E-25 2.34E-21 0.00E+00 0.00E+00 7.11E-06 1.47E-08 1.56E-04 0.00E+00 0.00E+00 1.47E-08 1.56E-04 1.62E-05  0.91252
10321.00 .9688984     2.18E-25 2.32E-21 0.00E+00 0.00E+00 7.08E-06 1.46E-08 1.55E-04 0.00E+00 0.00E+00 1.46E-08 1.55E-04 1.63E-05  0.90819
10331.00 .9679605     2.12E-25 2.26E-21 0.00E+00 0.00E+00 7.04E-06 1.44E-08 1.54E-04 0.00E+00 0.00E+00 1.44E-08 1.54E-04 1.64E-05  0.89958
10341.00 .9670244     3.80E-25 4.06E-21 0.00E+00 0.00E+00 7.08E-06 1.36E-08 1.45E-04 0.00E+00 0.00E+00 1.36E-08 1.45E-04 1.66E-05  0.82293
10351.00 .9660903     3.85E-25 4.12E-21 0.00E+00 0.00E+00 6.95E-06 1.32E-08 1.42E-04 0.00E+00 0.00E+00 1.32E-08 1.42E-04 1.67E-05  0.81666
10361.00 .9651578     3.66E-25 3.93E-21 0.00E+00 0.00E+00 7.04E-06 1.35E-08 1.44E-04 0.00E+00 0.00E+00 1.35E-08 1.44E-04 1.68E-05  0.81470
10371.00 .9642272     4.15E-25 4.46E-21 0.00E+00 0.00E+00 7.03E-06 1.30E-08 1.40E-04 0.00E+00 0.00E+00 1.30E-08 1.40E-04 1.70E-05  0.77470
10381.00 .9632983     3.13E-25 3.38E-21 0.00E+00 0.00E+00 7.03E-06 1.37E-08 1.47E-04 0.00E+00 0.00E+00 1.37E-08 1.47E-04 1.71E-05  0.82775
10391.00 .9623713     4.26E-25 4.60E-21 0.00E+00 0.00E+00 7.02E-06 1.26E-08 1.36E-04 0.00E+00 0.00E+00 1.26E-08 1.36E-04 1.72E-05  0.73784
10401.00 .9614460     3.24E-25 3.50E-21 0.00E+00 0.00E+00 7.12E-06 1.37E-08 1.48E-04 0.00E+00 0.00E+00 1.37E-08 1.48E-04 1.74E-05  0.80129
10411.00 .9605225     3.47E-25 3.77E-21 0.00E+00 0.00E+00 7.01E-06 1.30E-08 1.41E-04 0.00E+00 0.00E+00 1.30E-08 1.41E-04 1.75E-05  0.77043
10421.00 .9596009     4.38E-25 4.75E-21 0.00E+00 0.00E+00 7.11E-06 1.22E-08 1.33E-04 0.00E+00 0.00E+00 1.22E-08 1.33E-04 1.76E-05  0.68500
10431.00 .9586809     3.53E-25 3.84E-21 0.00E+00 0.00E+00 7.13E-06 1.29E-08 1.40E-04 0.00E+00 0.00E+00 1.29E-08 1.40E-04 1.78E-05  0.73101
10441.00 .9577627     2.61E-25 2.84E-21 0.00E+00 0.00E+00 7.03E-06 1.35E-08 1.47E-04 0.00E+00 0.00E+00 1.35E-08 1.47E-04 1.79E-05  0.79556
10451.00 .9568462     3.61E-25 3.94E-21 0.00E+00 0.00E+00 7.04E-06 1.23E-08 1.34E-04 0.00E+00 0.00E+00 1.23E-08 1.34E-04 1.80E-05  0.68822
10461.00 .9559315     3.54E-25 3.87E-21 0.00E+00 0.00E+00 7.02E-06 1.22E-08 1.34E-04 0.00E+00 0.00E+00 1.22E-08 1.34E-04 1.81E-05  0.68964
10471.00 .9550187     3.03E-25 3.32E-21 0.00E+00 0.00E+00 6.65E-06 1.19E-08 1.30E-04 0.00E+00 0.00E+00 1.19E-08 1.30E-04 1.83E-05  0.71355
10481.00 .9541074     2.65E-25 2.91E-21 0.00E+00 0.00E+00 6.93E-06 1.27E-08 1.40E-04 0.00E+00 0.00E+00 1.27E-08 1.40E-04 1.84E-05  0.73646
10491.00 .9531980     2.89E-25 3.18E-21 0.00E+00 0.00E+00 7.06E-06 1.25E-08 1.37E-04 0.00E+00 0.00E+00 1.25E-08 1.37E-04 1.85E-05  0.69991
10501.00 .9522902     3.34E-25 3.68E-21 0.00E+00 0.00E+00 7.11E-06 1.14E-08 1.26E-04 0.00E+00 0.00E+00 1.14E-08 1.26E-04 1.86E-05  0.60121
10511.00 .9513842     1.93E-25 2.14E-21 0.00E+00 0.00E+00 7.09E-06 1.37E-08 1.52E-04 0.00E+00 0.00E+00 1.37E-08 1.52E-04 1.88E-05  0.79586
10521.00 .9504801     2.87E-25 3.17E-21 0.00E+00 0.00E+00 7.08E-06 1.17E-08 1.30E-04 0.00E+00 0.00E+00 1.17E-08 1.30E-04 1.89E-05  0.62699
10531.00 .9495775     2.61E-25 2.89E-21 0.00E+00 0.00E+00 7.13E-06 1.21E-08 1.34E-04 0.00E+00 0.00E+00 1.21E-08 1.34E-04 1.90E-05  0.64312
10541.00 .9486766     2.23E-25 2.48E-21 0.00E+00 0.00E+00 7.12E-06 1.25E-08 1.38E-04 0.00E+00 0.00E+00 1.25E-08 1.38E-04 1.91E-05  0.67984
10551.00 .9477776     2.45E-25 2.73E-21 0.00E+00 0.00E+00 7.11E-06 1.21E-08 1.35E-04 0.00E+00 0.00E+00 1.21E-08 1.35E-04 1.92E-05  0.64901
10561.00 .9468799     2.28E-25 2.55E-21 0.00E+00 0.00E+00 7.08E-06 1.22E-08 1.36E-04 0.00E+00 0.00E+00 1.22E-08 1.36E-04 1.94E-05  0.66200
10571.00 .9459844     2.33E-25 2.60E-21 0.00E+00 0.00E+00 7.06E-06 1.14E-08 1.27E-04 0.00E+00 0.00E+00 1.14E-08 1.27E-04 1.95E-05  0.58912
10581.00 .9450902     1.86E-25 2.08E-21 0.00E+00 0.00E+00 7.01E-06 1.25E-08 1.40E-04 0.00E+00 0.00E+00 1.25E-08 1.40E-04 1.96E-05  0.68939

                           RADIANCE (WATTS/CM2-STER-XXX)   [No STER in TOA SOLAR IRRADIANCE]

  FREQ   WAVELENGTH    PATH_THERMAL    SURFACE_EMISSION  SOL_IRR    SINGLE_SCATTER  GROUND_REFLECTED   TOTAL_RADIANCE  INTEGRAL    TOTAL
 (CM-1) (MICRON)      (CM-1)  (MICRN)   (CM-1)  (MICRN)   (CM-1)   (CM-1)  (MICRN)   (CM-1)  (MICRN)   (CM-1)  (MICRN)             TRANS

10591.00 .9441979     2.11E-25 2.37E-21 0.00E+00 0.00E+00 6.92E-06 1.08E-08 1.22E-04 0.00E+00 0.00E+00 1.08E-08 1.22E-04 1.97E-05  0.56416
10601.00 .9433073     1.77E-25 1.99E-21 0.00E+00 0.00E+00 7.01E-06 1.17E-08 1.31E-04 0.00E+00 0.00E+00 1.17E-08 1.31E-04 1.98E-05  0.62399
10611.00 .9424182     1.52E-25 1.71E-21 0.00E+00 0.00E+00 7.00E-06 1.25E-08 1.41E-04 0.00E+00 0.00E+00 1.25E-08 1.41E-04 2.00E-05  0.69396
10621.00 .9415310     1.40E-25 1.58E-21 0.00E+00 0.00E+00 6.69E-06 1.24E-08 1.40E-04 0.00E+00 0.00E+00 1.24E-08 1.40E-04 2.01E-05  0.73236
10631.00 .9406453     1.35E-25 1.52E-21 0.00E+00 0.00E+00 6.92E-06 1.29E-08 1.46E-04 0.00E+00 0.00E+00 1.29E-08 1.46E-04 2.02E-05  0.73346
10641.00 .9397613     9.45E-26 1.07E-21 0.00E+00 0.00E+00 7.07E-06 1.42E-08 1.61E-04 0.00E+00 0.00E+00 1.42E-08 1.61E-04 2.03E-05  0.80607
10651.00 .9388791     1.40E-25 1.59E-21 0.00E+00 0.00E+00 7.09E-06 1.22E-08 1.38E-04 0.00E+00 0.00E+00 1.22E-08 1.38E-04 2.05E-05  0.64349
10661.00 .9379982     1.64E-25 1.86E-21 0.00E+00 0.00E+00 7.11E-06 1.09E-08 1.24E-04 0.00E+00 0.00E+00 1.09E-08 1.24E-04 2.06E-05  0.53633
10671.00 .9371194     1.60E-25 1.83E-21 0.00E+00 0.00E+00 7.11E-06 1.09E-08 1.24E-04 0.00E+00 0.00E+00 1.09E-08 1.24E-04 2.07E-05  0.53315
10681.00 .9362419     1.41E-25 1.61E-21 0.00E+00 0.00E+00 7.03E-06 1.10E-08 1.25E-04 0.00E+00 0.00E+00 1.10E-08 1.25E-04 2.08E-05  0.54553
10691.00 .9353662     1.26E-25 1.44E-21 0.00E+00 0.00E+00 7.05E-06 1.14E-08 1.31E-04 0.00E+00 0.00E+00 1.14E-08 1.31E-04 2.09E-05  0.57346
10701.00 .9344922     1.48E-25 1.70E-21 0.00E+00 0.00E+00 7.12E-06 9.97E-09 1.14E-04 0.00E+00 0.00E+00 9.97E-09 1.14E-04 2.10E-05  0.44137
10711.00 .9336196     1.35E-25 1.55E-21 0.00E+00 0.00E+00 7.13E-06 1.13E-08 1.30E-04 0.00E+00 0.00E+00 1.13E-08 1.30E-04 2.11E-05  0.54688
10721.00 .9327489     1.20E-25 1.38E-21 0.00E+00 0.00E+00 7.11E-06 1.17E-08 1.35E-04 0.00E+00 0.00E+00 1.17E-08 1.35E-04 2.12E-05  0.57713
10731.00 .9318796     1.03E-25 1.19E-21 0.00E+00 0.00E+00 7.08E-06 1.20E-08 1.38E-04 0.00E+00 0.00E+00 1.20E-08 1.38E-04 2.14E-05  0.59385
10741.00 .9310120     8.00E-26 9.23E-22 0.00E+00 0.00E+00 7.12E-06 1.35E-08 1.56E-04 0.00E+00 0.00E+00 1.35E-08 1.56E-04 2.15E-05  0.70844
10751.00 .9301461     7.13E-26 8.24E-22 0.00E+00 0.00E+00 7.09E-06 1.40E-08 1.62E-04 0.00E+00 0.00E+00 1.40E-08 1.62E-04 2.16E-05  0.75325
10761.00 .9292816     5.41E-26 6.27E-22 0.00E+00 0.00E+00 7.03E-06 1.47E-08 1.71E-04 0.00E+00 0.00E+00 1.47E-08 1.71E-04 2.18E-05  0.81771
10771.00 .9284190     4.73E-26 5.49E-22 0.00E+00 0.00E+00 7.13E-06 1.50E-08 1.75E-04 0.00E+00 0.00E+00 1.50E-08 1.75E-04 2.19E-05  0.82788
10781.00 .9275578     2.92E-26 3.40E-22 0.00E+00 0.00E+00 7.14E-06 1.59E-08 1.84E-04 0.00E+00 0.00E+00 1.59E-08 1.84E-04 2.21E-05  0.88755
10791.00 .9266981     1.89E-26 2.20E-22 0.00E+00 0.00E+00 7.00E-06 1.60E-08 1.87E-04 0.00E+00 0.00E+00 1.60E-08 1.87E-04 2.23E-05  0.91954
10801.00 .9258403     1.88E-26 2.19E-22 0.00E+00 0.00E+00 6.82E-06 1.56E-08 1.82E-04 0.00E+00 0.00E+00 1.56E-08 1.82E-04 2.24E-05  0.91548
10811.00 .9249837     2.12E-26 2.47E-22 0.00E+00 0.00E+00 6.98E-06 1.58E-08 1.84E-04 0.00E+00 0.00E+00 1.58E-08 1.84E-04 2.26E-05  0.89955
10821.00 .9241291     2.11E-26 2.47E-22 0.00E+00 0.00E+00 6.93E-06 1.57E-08 1.83E-04 0.00E+00 0.00E+00 1.57E-08 1.83E-04 2.27E-05  0.89953
10831.00 .9232758     1.59E-26 1.86E-22 0.00E+00 0.00E+00 6.66E-06 1.53E-08 1.80E-04 0.00E+00 0.00E+00 1.53E-08 1.80E-04 2.29E-05  0.91701
10841.00 .9224241     1.41E-26 1.66E-22 0.00E+00 0.00E+00 6.89E-06 1.60E-08 1.88E-04 0.00E+00 0.00E+00 1.60E-08 1.88E-04 2.30E-05  0.91903
10851.00 .9215741     1.68E-26 1.98E-22 0.00E+00 0.00E+00 6.84E-06 1.57E-08 1.85E-04 0.00E+00 0.00E+00 1.57E-08 1.85E-04 2.32E-05  0.90348
10861.00 .9207255     1.05E-26 1.24E-22 0.00E+00 0.00E+00 6.99E-06 1.65E-08 1.94E-04 0.00E+00 0.00E+00 1.65E-08 1.94E-04 2.34E-05  0.93314
10871.00 .9198787     1.70E-26 2.00E-22 0.00E+00 0.00E+00 7.09E-06 1.62E-08 1.91E-04 0.00E+00 0.00E+00 1.62E-08 1.91E-04 2.35E-05  0.89211
10881.00 .9190332     1.46E-26 1.73E-22 0.00E+00 0.00E+00 7.13E-06 1.64E-08 1.94E-04 0.00E+00 0.00E+00 1.64E-08 1.94E-04 2.37E-05  0.89996
10891.00 .9181893     2.14E-26 2.53E-22 0.00E+00 0.00E+00 7.09E-06 1.56E-08 1.85E-04 0.00E+00 0.00E+00 1.56E-08 1.85E-04 2.38E-05  0.84824
10901.00 .9173471     2.13E-26 2.54E-22 0.00E+00 0.00E+00 7.03E-06 1.54E-08 1.83E-04 0.00E+00 0.00E+00 1.54E-08 1.83E-04 2.40E-05  0.84486
10911.00 .9165062     1.45E-26 1.72E-22 0.00E+00 0.00E+00 7.12E-06 1.63E-08 1.93E-04 0.00E+00 0.00E+00 1.63E-08 1.93E-04 2.42E-05  0.88788
10921.00 .9156671     2.43E-26 2.90E-22 0.00E+00 0.00E+00 7.14E-06 1.51E-08 1.80E-04 0.00E+00 0.00E+00 1.51E-08 1.80E-04 2.43E-05  0.79717
10931.00 .9148294     1.21E-26 1.45E-22 0.00E+00 0.00E+00 7.06E-06 1.63E-08 1.95E-04 0.00E+00 0.00E+00 1.63E-08 1.95E-04 2.45E-05  0.89908
10941.00 .9139932     1.89E-26 2.26E-22 0.00E+00 0.00E+00 7.18E-06 1.56E-08 1.86E-04 0.00E+00 0.00E+00 1.56E-08 1.86E-04 2.46E-05  0.82002
10951.00 .9131587     1.82E-26 2.19E-22 0.00E+00 0.00E+00 7.22E-06 1.57E-08 1.89E-04 0.00E+00 0.00E+00 1.57E-08 1.89E-04 2.48E-05  0.82741
10961.00 .9123254     1.23E-26 1.48E-22 0.00E+00 0.00E+00 7.05E-06 1.61E-08 1.93E-04 0.00E+00 0.00E+00 1.61E-08 1.93E-04 2.49E-05  0.86895
10971.00 .9114940     1.06E-26 1.28E-22 0.00E+00 0.00E+00 6.97E-06 1.61E-08 1.94E-04 0.00E+00 0.00E+00 1.61E-08 1.94E-04 2.51E-05  0.88693
10981.00 .9106639     1.36E-26 1.65E-22 0.00E+00 0.00E+00 7.08E-06 1.59E-08 1.91E-04 0.00E+00 0.00E+00 1.59E-08 1.91E-04 2.53E-05  0.84680
10991.00 .9098353     1.22E-26 1.47E-22 0.00E+00 0.00E+00 6.96E-06 1.57E-08 1.90E-04 0.00E+00 0.00E+00 1.57E-08 1.90E-04 2.54E-05  0.85739
11001.00 .9090083     1.18E-26 1.43E-22 0.00E+00 0.00E+00 6.87E-06 1.55E-08 1.87E-04 0.00E+00 0.00E+00 1.55E-08 1.87E-04 2.56E-05  0.84409
11011.00 .9081826     1.17E-26 1.41E-22 0.00E+00 0.00E+00 7.01E-06 1.57E-08 1.91E-04 0.00E+00 0.00E+00 1.57E-08 1.91E-04 2.57E-05  0.84102
11021.00 .9073588     1.02E-26 1.24E-22 0.00E+00 0.00E+00 7.16E-06 1.62E-08 1.96E-04 0.00E+00 0.00E+00 1.62E-08 1.96E-04 2.59E-05  0.84462
11031.00 .9065361     7.76E-27 9.44E-23 0.00E+00 0.00E+00 7.00E-06 1.64E-08 2.00E-04 0.00E+00 0.00E+00 1.64E-08 2.00E-04 2.61E-05  0.88697
11041.00 .9057150     5.06E-27 6.17E-23 0.00E+00 0.00E+00 7.16E-06 1.73E-08 2.11E-04 0.00E+00 0.00E+00 1.73E-08 2.11E-04 2.62E-05  0.91726
11051.00 .9048955     4.46E-27 5.45E-23 0.00E+00 0.00E+00 7.21E-06 1.75E-08 2.14E-04 0.00E+00 0.00E+00 1.75E-08 2.14E-04 2.64E-05  0.92399
11061.00 .9040773     3.78E-27 4.63E-23 0.00E+00 0.00E+00 7.20E-06 1.76E-08 2.16E-04 0.00E+00 0.00E+00 1.76E-08 2.16E-04 2.66E-05  0.93149
11071.00 .9032608     5.64E-27 6.91E-23 0.00E+00 0.00E+00 7.13E-06 1.69E-08 2.07E-04 0.00E+00 0.00E+00 1.69E-08 2.07E-04 2.68E-05  0.89053
11081.00 .9024456     7.36E-27 9.04E-23 0.00E+00 0.00E+00 6.93E-06 1.59E-08 1.95E-04 0.00E+00 0.00E+00 1.59E-08 1.95E-04 2.69E-05  0.84690

                           RADIANCE (WATTS/CM2-STER-XXX)   [No STER in TOA SOLAR IRRADIANCE]

  FREQ   WAVELENGTH    PATH_THERMAL    SURFACE_EMISSION  SOL_IRR    SINGLE_SCATTER  GROUND_REFLECTED   TOTAL_RADIANCE  INTEGRAL    TOTAL
 (CM-1) (MICRON)      (CM-1)  (MICRN)   (CM-1)  (MICRN)   (CM-1)   (CM-1)  (MICRN)   (CM-1)  (MICRN)   (CM-1)  (MICRN)             TRANS

11091.00 .9016320     6.80E-27 8.37E-23 0.00E+00 0.00E+00 6.64E-06 1.54E-08 1.89E-04 0.00E+00 0.00E+00 1.54E-08 1.89E-04 2.71E-05  0.85696
11101.00 .9008198     7.88E-27 9.71E-23 0.00E+00 0.00E+00 6.93E-06 1.58E-08 1.94E-04 0.00E+00 0.00E+00 1.58E-08 1.94E-04 2.72E-05  0.83443
11111.00 .9000089     5.73E-27 7.07E-23 0.00E+00 0.00E+00 6.99E-06 1.63E-08 2.02E-04 0.00E+00 0.00E+00 1.63E-08 2.02E-04 2.74E-05  0.86114
11121.00 .8991998     9.43E-27 1.17E-22 0.00E+00 0.00E+00 7.15E-06 1.55E-08 1.91E-04 0.00E+00 0.00E+00 1.55E-08 1.91E-04 2.75E-05  0.77281
11131.00 .8983919     5.19E-27 6.43E-23 0.00E+00 0.00E+00 7.15E-06 1.69E-08 2.09E-04 0.00E+00 0.00E+00 1.69E-08 2.09E-04 2.77E-05  0.86693
11141.00 .8975855     5.23E-27 6.50E-23 0.00E+00 0.00E+00 7.11E-06 1.68E-08 2.09E-04 0.00E+00 0.00E+00 1.68E-08 2.09E-04 2.79E-05  0.86982
11151.00 .8967806     5.34E-27 6.64E-23 0.00E+00 0.00E+00 7.11E-06 1.67E-08 2.08E-04 0.00E+00 0.00E+00 1.67E-08 2.08E-04 2.80E-05  0.86027
11161.00 .8959770     3.72E-27 4.63E-23 0.00E+00 0.00E+00 7.23E-06 1.76E-08 2.19E-04 0.00E+00 0.00E+00 1.76E-08 2.19E-04 2.82E-05  0.89700
11171.00 .8951751     3.01E-27 3.75E-23 0.00E+00 0.00E+00 7.05E-06 1.74E-08 2.17E-04 0.00E+00 0.00E+00 1.74E-08 2.17E-04 2.84E-05  0.91414
11181.00 .8943744     1.93E-27 2.42E-23 0.00E+00 0.00E+00 7.06E-06 1.79E-08 2.23E-04 0.00E+00 0.00E+00 1.79E-08 2.23E-04 2.86E-05  0.93795
11191.00 .8935752     1.70E-27 2.13E-23 0.00E+00 0.00E+00 7.14E-06 1.81E-08 2.27E-04 0.00E+00 0.00E+00 1.81E-08 2.27E-04 2.88E-05  0.94067
11201.00 .8927775     1.20E-27 1.50E-23 0.00E+00 0.00E+00 6.98E-06 1.79E-08 2.25E-04 0.00E+00 0.00E+00 1.79E-08 2.25E-04 2.89E-05  0.95159
11211.00 .8919810     9.94E-28 1.25E-23 0.00E+00 0.00E+00 7.12E-06 1.84E-08 2.31E-04 0.00E+00 0.00E+00 1.84E-08 2.31E-04 2.91E-05  0.95498
11221.00 .8911862     7.94E-28 1.00E-23 0.00E+00 0.00E+00 7.16E-06 1.86E-08 2.34E-04 0.00E+00 0.00E+00 1.86E-08 2.34E-04 2.93E-05  0.95941
11231.00 .8903927     7.86E-28 9.92E-24 0.00E+00 0.00E+00 7.21E-06 1.88E-08 2.37E-04 0.00E+00 0.00E+00 1.88E-08 2.37E-04 2.95E-05  0.95826
11241.00 .8896006     7.18E-28 9.07E-24 0.00E+00 0.00E+00 7.14E-06 1.86E-08 2.35E-04 0.00E+00 0.00E+00 1.86E-08 2.35E-04 2.97E-05  0.95918
11251.00 .8888100     6.64E-28 8.41E-24 0.00E+00 0.00E+00 7.16E-06 1.87E-08 2.37E-04 0.00E+00 0.00E+00 1.87E-08 2.37E-04 2.99E-05  0.95968
11261.00 .8880205     7.09E-28 8.99E-24 0.00E+00 0.00E+00 7.10E-06 1.86E-08 2.35E-04 0.00E+00 0.00E+00 1.86E-08 2.35E-04 3.01E-05  0.95707
11271.00 .8872328     6.00E-28 7.63E-24 0.00E+00 0.00E+00 6.97E-06 1.83E-08 2.32E-04 0.00E+00 0.00E+00 1.83E-08 2.32E-04 3.02E-05  0.95965
11281.00 .8864462     6.12E-28 7.79E-24 0.00E+00 0.00E+00 6.74E-06 1.77E-08 2.25E-04 0.00E+00 0.00E+00 1.77E-08 2.25E-04 3.04E-05  0.95803
11291.00 .8856611     5.84E-28 7.44E-24 0.00E+00 0.00E+00 7.13E-06 1.88E-08 2.39E-04 0.00E+00 0.00E+00 1.88E-08 2.39E-04 3.06E-05  0.95806
11301.00 .8848775     5.01E-28 6.40E-24 0.00E+00 0.00E+00 7.13E-06 1.89E-08 2.41E-04 0.00E+00 0.00E+00 1.89E-08 2.41E-04 3.08E-05  0.96025
11311.00 .8840951     4.82E-28 6.16E-24 0.00E+00 0.00E+00 7.04E-06 1.86E-08 2.38E-04 0.00E+00 0.00E+00 1.86E-08 2.38E-04 3.10E-05  0.95997
11321.00 .8833143     4.64E-28 5.95E-24 0.00E+00 0.00E+00 7.12E-06 1.89E-08 2.42E-04 0.00E+00 0.00E+00 1.89E-08 2.42E-04 3.12E-05  0.95972
11331.00 .8825346     4.42E-28 5.67E-24 0.00E+00 0.00E+00 6.97E-06 1.85E-08 2.38E-04 0.00E+00 0.00E+00 1.85E-08 2.38E-04 3.13E-05  0.95963
11341.00 .8817565     4.20E-28 5.40E-24 0.00E+00 0.00E+00 7.09E-06 1.89E-08 2.43E-04 0.00E+00 0.00E+00 1.89E-08 2.43E-04 3.15E-05  0.95961
11351.00 .8809797     3.95E-28 5.09E-24 0.00E+00 0.00E+00 6.70E-06 1.79E-08 2.31E-04 0.00E+00 0.00E+00 1.79E-08 2.31E-04 3.17E-05  0.95982
11361.00 .8802041     3.75E-28 4.84E-24 0.00E+00 0.00E+00 7.09E-06 1.90E-08 2.45E-04 0.00E+00 0.00E+00 1.90E-08 2.45E-04 3.19E-05  0.95981
11371.00 .8794302     3.49E-28 4.51E-24 0.00E+00 0.00E+00 6.99E-06 1.88E-08 2.42E-04 0.00E+00 0.00E+00 1.88E-08 2.42E-04 3.21E-05  0.96021
11381.00 .8786574     3.38E-28 4.37E-24 0.00E+00 0.00E+00 7.16E-06 1.92E-08 2.49E-04 0.00E+00 0.00E+00 1.92E-08 2.49E-04 3.23E-05  0.95985
11391.00 .8778861     3.18E-28 4.13E-24 0.00E+00 0.00E+00 7.10E-06 1.91E-08 2.48E-04 0.00E+00 0.00E+00 1.91E-08 2.48E-04 3.25E-05  0.96001
11401.00 .8771161     3.02E-28 3.93E-24 0.00E+00 0.00E+00 7.12E-06 1.92E-08 2.50E-04 0.00E+00 0.00E+00 1.92E-08 2.50E-04 3.27E-05  0.95999
11411.00 .8763473     2.89E-28 3.76E-24 0.00E+00 0.00E+00 7.09E-06 1.92E-08 2.49E-04 0.00E+00 0.00E+00 1.92E-08 2.49E-04 3.29E-05  0.95985
11421.00 .8755801     2.73E-28 3.57E-24 0.00E+00 0.00E+00 6.88E-06 1.86E-08 2.43E-04 0.00E+00 0.00E+00 1.86E-08 2.43E-04 3.30E-05  0.95991
11431.00 .8748143     2.61E-28 3.41E-24 0.00E+00 0.00E+00 6.99E-06 1.90E-08 2.48E-04 0.00E+00 0.00E+00 1.90E-08 2.48E-04 3.32E-05  0.95982
11441.00 .8740494     2.49E-28 3.25E-24 0.00E+00 0.00E+00 7.03E-06 1.91E-08 2.50E-04 0.00E+00 0.00E+00 1.91E-08 2.50E-04 3.34E-05  0.95972
11451.00 .8732862     2.36E-28 3.09E-24 0.00E+00 0.00E+00 7.09E-06 1.93E-08 2.53E-04 0.00E+00 0.00E+00 1.93E-08 2.53E-04 3.36E-05  0.95972
11461.00 .8725241     2.25E-28 2.95E-24 0.00E+00 0.00E+00 7.17E-06 1.95E-08 2.57E-04 0.00E+00 0.00E+00 1.95E-08 2.57E-04 3.38E-05  0.95965
11471.00 .8717636     2.14E-28 2.82E-24 0.00E+00 0.00E+00 7.05E-06 1.93E-08 2.53E-04 0.00E+00 0.00E+00 1.93E-08 2.53E-04 3.40E-05  0.95956
11481.00 .8710044     2.04E-28 2.70E-24 0.00E+00 0.00E+00 7.09E-06 1.94E-08 2.56E-04 0.00E+00 0.00E+00 1.94E-08 2.56E-04 3.42E-05  0.95942
11491.00 .8702462     1.94E-28 2.57E-24 0.00E+00 0.00E+00 7.08E-06 1.94E-08 2.56E-04 0.00E+00 0.00E+00 1.94E-08 2.56E-04 3.44E-05  0.95938
11501.00 .8694897     1.85E-28 2.45E-24 0.00E+00 0.00E+00 6.91E-06 1.90E-08 2.51E-04 0.00E+00 0.00E+00 1.90E-08 2.51E-04 3.46E-05  0.95926
11511.00 .8687342     1.77E-28 2.34E-24 0.00E+00 0.00E+00 6.87E-06 1.89E-08 2.51E-04 0.00E+00 0.00E+00 1.89E-08 2.51E-04 3.48E-05  0.95919
11521.00 .8679803     1.69E-28 2.24E-24 0.00E+00 0.00E+00 6.89E-06 1.90E-08 2.52E-04 0.00E+00 0.00E+00 1.90E-08 2.52E-04 3.50E-05  0.95909
11531.00 .8672276     1.61E-28 2.14E-24 0.00E+00 0.00E+00 6.64E-06 1.83E-08 2.44E-04 0.00E+00 0.00E+00 1.83E-08 2.44E-04 3.51E-05  0.95897
11541.00 .8664759     1.53E-28 2.04E-24 0.00E+00 0.00E+00 5.28E-06 1.46E-08 1.95E-04 0.00E+00 0.00E+00 1.46E-08 1.95E-04 3.53E-05  0.95888
11551.00 .8657260     1.46E-28 1.95E-24 0.00E+00 0.00E+00 6.71E-06 1.86E-08 2.48E-04 0.00E+00 0.00E+00 1.86E-08 2.48E-04 3.55E-05  0.95875
11561.00 .8649770     1.39E-28 1.86E-24 0.00E+00 0.00E+00 7.05E-06 1.96E-08 2.62E-04 0.00E+00 0.00E+00 1.96E-08 2.62E-04 3.57E-05  0.95867
11571.00 .8642296     1.33E-28 1.78E-24 0.00E+00 0.00E+00 7.18E-06 2.00E-08 2.68E-04 0.00E+00 0.00E+00 2.00E-08 2.68E-04 3.59E-05  0.95859
11581.00 .8634834     1.27E-28 1.70E-24 0.00E+00 0.00E+00 7.13E-06 1.99E-08 2.67E-04 0.00E+00 0.00E+00 1.99E-08 2.67E-04 3.61E-05  0.95840

                           RADIANCE (WATTS/CM2-STER-XXX)   [No STER in TOA SOLAR IRRADIANCE]

  FREQ   WAVELENGTH    PATH_THERMAL    SURFACE_EMISSION  SOL_IRR    SINGLE_SCATTER  GROUND_REFLECTED   TOTAL_RADIANCE  INTEGRAL    TOTAL
 (CM-1) (MICRON)      (CM-1)  (MICRN)   (CM-1)  (MICRN)   (CM-1)   (CM-1)  (MICRN)   (CM-1)  (MICRN)   (CM-1)  (MICRN)             TRANS

11591.00 .8627383     1.22E-28 1.64E-24 0.00E+00 0.00E+00 7.13E-06 1.99E-08 2.68E-04 0.00E+00 0.00E+00 1.99E-08 2.68E-04 3.63E-05  0.95809
11601.00 .8619947     1.15E-28 1.55E-24 0.00E+00 0.00E+00 7.02E-06 1.96E-08 2.64E-04 0.00E+00 0.00E+00 1.96E-08 2.64E-04 3.65E-05  0.95817
11611.00 .8612522     1.11E-28 1.50E-24 0.00E+00 0.00E+00 7.01E-06 1.96E-08 2.65E-04 0.00E+00 0.00E+00 1.96E-08 2.65E-04 3.67E-05  0.95788
11621.00 .8605112     1.05E-28 1.42E-24 0.00E+00 0.00E+00 7.08E-06 1.99E-08 2.68E-04 0.00E+00 0.00E+00 1.99E-08 2.68E-04 3.69E-05  0.95790
11631.00 .8597714     1.02E-28 1.37E-24 0.00E+00 0.00E+00 7.03E-06 1.98E-08 2.67E-04 0.00E+00 0.00E+00 1.98E-08 2.67E-04 3.71E-05  0.95755
11641.00 .8590326     9.81E-29 1.33E-24 0.00E+00 0.00E+00 7.02E-06 1.98E-08 2.68E-04 0.00E+00 0.00E+00 1.98E-08 2.68E-04 3.73E-05  0.95719
11651.00 .8582955     9.23E-29 1.25E-24 0.00E+00 0.00E+00 7.02E-06 1.98E-08 2.69E-04 0.00E+00 0.00E+00 1.98E-08 2.69E-04 3.75E-05  0.95732
11661.00 .8575593     9.23E-29 1.25E-24 0.00E+00 0.00E+00 7.14E-06 2.02E-08 2.74E-04 0.00E+00 0.00E+00 2.02E-08 2.74E-04 3.77E-05  0.95617
11671.00 .8568247     8.48E-29 1.15E-24 0.00E+00 0.00E+00 7.15E-06 2.02E-08 2.76E-04 0.00E+00 0.00E+00 2.02E-08 2.76E-04 3.79E-05  0.95691
11681.00 .8560913     8.27E-29 1.13E-24 0.00E+00 0.00E+00 7.03E-06 1.99E-08 2.72E-04 0.00E+00 0.00E+00 1.99E-08 2.72E-04 3.81E-05  0.95627
11691.00 .8553588     8.00E-29 1.09E-24 0.00E+00 0.00E+00 6.82E-06 1.93E-08 2.64E-04 0.00E+00 0.00E+00 1.93E-08 2.64E-04 3.83E-05  0.95585
11701.00 .8546279     7.74E-29 1.06E-24 0.00E+00 0.00E+00 5.11E-06 1.45E-08 1.99E-04 0.00E+00 0.00E+00 1.45E-08 1.99E-04 3.84E-05  0.95539
11711.00 .8538980     7.61E-29 1.04E-24 0.00E+00 0.00E+00 6.10E-06 1.74E-08 2.38E-04 0.00E+00 0.00E+00 1.74E-08 2.38E-04 3.86E-05  0.95457
11721.00 .8531696     6.89E-29 9.46E-25 0.00E+00 0.00E+00 6.94E-06 1.98E-08 2.72E-04 0.00E+00 0.00E+00 1.98E-08 2.72E-04 3.88E-05  0.95568
11731.00 .8524424     6.87E-29 9.45E-25 0.00E+00 0.00E+00 7.05E-06 2.01E-08 2.77E-04 0.00E+00 0.00E+00 2.01E-08 2.77E-04 3.90E-05  0.95450
11741.00 .8517162     6.91E-29 9.53E-25 0.00E+00 0.00E+00 6.84E-06 1.96E-08 2.70E-04 0.00E+00 0.00E+00 1.96E-08 2.70E-04 3.92E-05  0.95299
11751.00 .8509915     6.30E-29 8.70E-25 0.00E+00 0.00E+00 7.08E-06 2.03E-08 2.80E-04 0.00E+00 0.00E+00 2.03E-08 2.80E-04 3.94E-05  0.95410
11761.00 .8502678     5.76E-29 7.97E-25 0.00E+00 0.00E+00 6.27E-06 1.80E-08 2.50E-04 0.00E+00 0.00E+00 1.80E-08 2.50E-04 3.96E-05  0.95507
11771.00 .8495455     5.54E-29 7.68E-25 0.00E+00 0.00E+00 6.72E-06 1.94E-08 2.69E-04 0.00E+00 0.00E+00 1.94E-08 2.69E-04 3.97E-05  0.95475
11781.00 .8488245     5.32E-29 7.38E-25 0.00E+00 0.00E+00 7.14E-06 2.06E-08 2.86E-04 0.00E+00 0.00E+00 2.06E-08 2.86E-04 4.00E-05  0.95449
11791.00 .8481044     5.14E-29 7.14E-25 0.00E+00 0.00E+00 7.14E-06 2.06E-08 2.87E-04 0.00E+00 0.00E+00 2.06E-08 2.87E-04 4.02E-05  0.95414
11801.00 .8473859     4.56E-29 6.34E-25 0.00E+00 0.00E+00 6.98E-06 2.03E-08 2.82E-04 0.00E+00 0.00E+00 2.03E-08 2.82E-04 4.04E-05  0.95577
11811.00 .8466683     4.49E-29 6.26E-25 0.00E+00 0.00E+00 7.00E-06 2.03E-08 2.84E-04 0.00E+00 0.00E+00 2.03E-08 2.84E-04 4.06E-05  0.95489
11821.00 .8459522     4.36E-29 6.10E-25 0.00E+00 0.00E+00 7.11E-06 2.07E-08 2.89E-04 0.00E+00 0.00E+00 2.07E-08 2.89E-04 4.08E-05  0.95437
11831.00 .8452373     4.13E-29 5.78E-25 0.00E+00 0.00E+00 7.10E-06 2.07E-08 2.90E-04 0.00E+00 0.00E+00 2.07E-08 2.90E-04 4.10E-05  0.95446
11841.00 .8445232     4.21E-29 5.90E-25 0.00E+00 0.00E+00 7.02E-06 2.05E-08 2.87E-04 0.00E+00 0.00E+00 2.05E-08 2.87E-04 4.12E-05  0.95265
11851.00 .8438107     4.36E-29 6.13E-25 0.00E+00 0.00E+00 6.94E-06 2.02E-08 2.84E-04 0.00E+00 0.00E+00 2.02E-08 2.84E-04 4.14E-05  0.95025
11861.00 .8430992     3.87E-29 5.44E-25 0.00E+00 0.00E+00 7.08E-06 2.07E-08 2.91E-04 0.00E+00 0.00E+00 2.07E-08 2.91E-04 4.16E-05  0.95217
11871.00 .8423891     3.61E-29 5.09E-25 0.00E+00 0.00E+00 7.02E-06 2.06E-08 2.90E-04 0.00E+00 0.00E+00 2.06E-08 2.90E-04 4.18E-05  0.95262
11881.00 .8416801     3.95E-29 5.57E-25 0.00E+00 0.00E+00 7.09E-06 2.08E-08 2.93E-04 0.00E+00 0.00E+00 2.08E-08 2.93E-04 4.20E-05  0.94876
11891.00 .8409721     4.01E-29 5.67E-25 0.00E+00 0.00E+00 7.15E-06 2.09E-08 2.96E-04 0.00E+00 0.00E+00 2.09E-08 2.96E-04 4.22E-05  0.94684
11901.00 .8402656     3.45E-29 4.88E-25 0.00E+00 0.00E+00 7.09E-06 2.09E-08 2.96E-04 0.00E+00 0.00E+00 2.09E-08 2.96E-04 4.24E-05  0.94995
11911.00 .8395600     3.31E-29 4.69E-25 0.00E+00 0.00E+00 7.06E-06 2.08E-08 2.96E-04 0.00E+00 0.00E+00 2.08E-08 2.96E-04 4.26E-05  0.94965
11921.00 .8388559     3.54E-29 5.03E-25 0.00E+00 0.00E+00 6.85E-06 2.02E-08 2.87E-04 0.00E+00 0.00E+00 2.02E-08 2.87E-04 4.28E-05  0.94602
11931.00 .8381528     3.43E-29 4.88E-25 0.00E+00 0.00E+00 7.09E-06 2.09E-08 2.98E-04 0.00E+00 0.00E+00 2.09E-08 2.98E-04 4.30E-05  0.94548
11941.00 .8374507     3.60E-29 5.13E-25 0.00E+00 0.00E+00 7.14E-06 2.10E-08 3.00E-04 0.00E+00 0.00E+00 2.10E-08 3.00E-04 4.33E-05  0.94228
11951.00 .8367501     3.42E-29 4.89E-25 0.00E+00 0.00E+00 7.04E-06 2.08E-08 2.97E-04 0.00E+00 0.00E+00 2.08E-08 2.97E-04 4.35E-05  0.94198
11961.00 .8360505     3.83E-29 5.47E-25 0.00E+00 0.00E+00 7.11E-06 2.09E-08 2.99E-04 0.00E+00 0.00E+00 2.09E-08 2.99E-04 4.37E-05  0.93554
11971.00 .8353522     3.43E-29 4.92E-25 0.00E+00 0.00E+00 7.09E-06 2.10E-08 3.00E-04 0.00E+00 0.00E+00 2.10E-08 3.00E-04 4.39E-05  0.93820
11981.00 .8346550     3.08E-29 4.42E-25 0.00E+00 0.00E+00 6.97E-06 2.06E-08 2.96E-04 0.00E+00 0.00E+00 2.06E-08 2.96E-04 4.41E-05  0.93957
11991.00 .8339587     4.05E-29 5.82E-25 0.00E+00 0.00E+00 6.98E-06 2.05E-08 2.94E-04 0.00E+00 0.00E+00 2.05E-08 2.94E-04 4.43E-05  0.92428
12001.00 .8332639     3.90E-29 5.62E-25 0.00E+00 0.00E+00 6.89E-06 2.02E-08 2.91E-04 0.00E+00 0.00E+00 2.02E-08 2.91E-04 4.45E-05  0.92417
12011.00 .8325701     4.21E-29 6.08E-25 0.00E+00 0.00E+00 6.99E-06 2.04E-08 2.94E-04 0.00E+00 0.00E+00 2.04E-08 2.94E-04 4.47E-05  0.91026
12021.00 .8318776     4.71E-29 6.81E-25 0.00E+00 0.00E+00 7.07E-06 2.05E-08 2.96E-04 0.00E+00 0.00E+00 2.05E-08 2.96E-04 4.49E-05  0.90050
12031.00 .8311862     3.15E-29 4.56E-25 0.00E+00 0.00E+00 6.95E-06 2.05E-08 2.97E-04 0.00E+00 0.00E+00 2.05E-08 2.97E-04 4.51E-05  0.92481
12041.00 .8304957     3.87E-29 5.61E-25 0.00E+00 0.00E+00 7.03E-06 2.05E-08 2.97E-04 0.00E+00 0.00E+00 2.05E-08 2.97E-04 4.53E-05  0.90521
12051.00 .8298067     3.82E-29 5.54E-25 0.00E+00 0.00E+00 7.04E-06 2.05E-08 2.98E-04 0.00E+00 0.00E+00 2.05E-08 2.98E-04 4.55E-05  0.90434
12061.00 .8291186     4.20E-29 6.10E-25 0.00E+00 0.00E+00 7.11E-06 2.05E-08 2.98E-04 0.00E+00 0.00E+00 2.05E-08 2.98E-04 4.57E-05  0.88851
12071.00 .8284318     3.84E-29 5.59E-25 0.00E+00 0.00E+00 7.16E-06 2.07E-08 3.02E-04 0.00E+00 0.00E+00 2.07E-08 3.02E-04 4.59E-05  0.88947
12081.00 .8277462     4.38E-29 6.40E-25 0.00E+00 0.00E+00 7.12E-06 2.03E-08 2.96E-04 0.00E+00 0.00E+00 2.03E-08 2.96E-04 4.61E-05  0.87303

                           RADIANCE (WATTS/CM2-STER-XXX)   [No STER in TOA SOLAR IRRADIANCE]

  FREQ   WAVELENGTH    PATH_THERMAL    SURFACE_EMISSION  SOL_IRR    SINGLE_SCATTER  GROUND_REFLECTED   TOTAL_RADIANCE  INTEGRAL    TOTAL
 (CM-1) (MICRON)      (CM-1)  (MICRN)   (CM-1)  (MICRN)   (CM-1)   (CM-1)  (MICRN)   (CM-1)  (MICRN)   (CM-1)  (MICRN)             TRANS

12091.00 .8270614     2.14E-29 3.13E-25 0.00E+00 0.00E+00 7.14E-06 2.14E-08 3.13E-04 0.00E+00 0.00E+00 2.14E-08 3.13E-04 4.63E-05  0.92869
12101.00 .8263780     2.69E-29 3.94E-25 0.00E+00 0.00E+00 7.13E-06 2.10E-08 3.08E-04 0.00E+00 0.00E+00 2.10E-08 3.08E-04 4.66E-05  0.91006
12111.00 .8256956     2.66E-29 3.90E-25 0.00E+00 0.00E+00 7.08E-06 2.09E-08 3.07E-04 0.00E+00 0.00E+00 2.09E-08 3.07E-04 4.68E-05  0.90636
12121.00 .8250145     1.68E-29 2.46E-25 0.00E+00 0.00E+00 7.02E-06 2.12E-08 3.12E-04 0.00E+00 0.00E+00 2.12E-08 3.12E-04 4.70E-05  0.93214
12131.00 .8243345     2.25E-29 3.31E-25 0.00E+00 0.00E+00 7.07E-06 2.10E-08 3.09E-04 0.00E+00 0.00E+00 2.10E-08 3.09E-04 4.72E-05  0.91333
12141.00 .8236553     3.63E-29 5.35E-25 0.00E+00 0.00E+00 6.97E-06 1.99E-08 2.93E-04 0.00E+00 0.00E+00 1.99E-08 2.93E-04 4.74E-05  0.85853
12151.00 .8229776     5.84E-29 8.62E-25 0.00E+00 0.00E+00 7.04E-06 1.84E-08 2.72E-04 0.00E+00 0.00E+00 1.84E-08 2.72E-04 4.76E-05  0.76084
12161.00 .8223007     2.34E-29 3.45E-25 0.00E+00 0.00E+00 6.90E-06 2.04E-08 3.02E-04 0.00E+00 0.00E+00 2.04E-08 3.02E-04 4.78E-05  0.89919
12171.00 .8216252     1.63E-29 2.42E-25 0.00E+00 0.00E+00 6.93E-06 2.09E-08 3.10E-04 0.00E+00 0.00E+00 2.09E-08 3.10E-04 4.80E-05  0.92152
12181.00 .8209508     1.16E-29 1.72E-25 0.00E+00 0.00E+00 6.96E-06 2.13E-08 3.16E-04 0.00E+00 0.00E+00 2.13E-08 3.16E-04 4.82E-05  0.93716
12191.00 .8202772     2.28E-29 3.39E-25 0.00E+00 0.00E+00 6.90E-06 2.02E-08 3.00E-04 0.00E+00 0.00E+00 2.02E-08 3.00E-04 4.84E-05  0.88294
12201.00 .8196050     2.23E-29 3.32E-25 0.00E+00 0.00E+00 6.83E-06 1.99E-08 2.96E-04 0.00E+00 0.00E+00 1.99E-08 2.96E-04 4.86E-05  0.87381
12211.00 .8189337     2.16E-29 3.21E-25 0.00E+00 0.00E+00 6.96E-06 2.03E-08 3.03E-04 0.00E+00 0.00E+00 2.03E-08 3.03E-04 4.88E-05  0.87472
12221.00 .8182637     2.66E-29 3.97E-25 0.00E+00 0.00E+00 6.94E-06 1.98E-08 2.95E-04 0.00E+00 0.00E+00 1.98E-08 2.95E-04 4.90E-05  0.84573
12231.00 .8175948     2.04E-29 3.05E-25 0.00E+00 0.00E+00 7.12E-06 2.08E-08 3.12E-04 0.00E+00 0.00E+00 2.08E-08 3.12E-04 4.92E-05  0.87216
12241.00 .8169267     2.40E-29 3.59E-25 0.00E+00 0.00E+00 7.09E-06 2.03E-08 3.05E-04 0.00E+00 0.00E+00 2.03E-08 3.05E-04 4.94E-05  0.84449
12251.00 .8162600     2.26E-29 3.39E-25 0.00E+00 0.00E+00 7.08E-06 2.04E-08 3.06E-04 0.00E+00 0.00E+00 2.04E-08 3.06E-04 4.96E-05  0.84551
12261.00 .8155941     1.95E-29 2.94E-25 0.00E+00 0.00E+00 7.09E-06 2.08E-08 3.12E-04 0.00E+00 0.00E+00 2.08E-08 3.12E-04 4.98E-05  0.86636
12271.00 .8149295     1.84E-29 2.77E-25 0.00E+00 0.00E+00 7.10E-06 2.09E-08 3.15E-04 0.00E+00 0.00E+00 2.09E-08 3.15E-04 5.00E-05  0.87458
12281.00 .8142661     1.42E-29 2.14E-25 0.00E+00 0.00E+00 7.12E-06 2.14E-08 3.24E-04 0.00E+00 0.00E+00 2.14E-08 3.24E-04 5.03E-05  0.89400
12291.00 .8136034     1.45E-29 2.19E-25 0.00E+00 0.00E+00 7.14E-06 2.14E-08 3.23E-04 0.00E+00 0.00E+00 2.14E-08 3.23E-04 5.05E-05  0.88884
12301.00 .8129421     8.27E-30 1.25E-25 0.00E+00 0.00E+00 7.10E-06 2.20E-08 3.34E-04 0.00E+00 0.00E+00 2.20E-08 3.34E-04 5.07E-05  0.92610
12311.00 .8122816     7.23E-30 1.10E-25 0.00E+00 0.00E+00 7.10E-06 2.22E-08 3.36E-04 0.00E+00 0.00E+00 2.22E-08 3.36E-04 5.09E-05  0.93037
12321.00 .8116225     6.56E-30 9.96E-26 0.00E+00 0.00E+00 7.08E-06 2.22E-08 3.37E-04 0.00E+00 0.00E+00 2.22E-08 3.37E-04 5.11E-05  0.93204
12331.00 .8109643     5.38E-30 8.18E-26 0.00E+00 0.00E+00 7.10E-06 2.24E-08 3.41E-04 0.00E+00 0.00E+00 2.24E-08 3.41E-04 5.14E-05  0.93835
12341.00 .8103070     4.50E-30 6.86E-26 0.00E+00 0.00E+00 7.01E-06 2.23E-08 3.39E-04 0.00E+00 0.00E+00 2.23E-08 3.39E-04 5.16E-05  0.94254
12351.00 .8096511     4.45E-30 6.79E-26 0.00E+00 0.00E+00 6.92E-06 2.20E-08 3.35E-04 0.00E+00 0.00E+00 2.20E-08 3.35E-04 5.18E-05  0.94095
12361.00 .8089960     3.82E-30 5.84E-26 0.00E+00 0.00E+00 6.98E-06 2.23E-08 3.40E-04 0.00E+00 0.00E+00 2.23E-08 3.40E-04 5.20E-05  0.94430
12371.00 .8083422     3.56E-30 5.44E-26 0.00E+00 0.00E+00 7.03E-06 2.25E-08 3.44E-04 0.00E+00 0.00E+00 2.25E-08 3.44E-04 5.22E-05  0.94501
12381.00 .8076893     3.17E-30 4.86E-26 0.00E+00 0.00E+00 7.04E-06 2.26E-08 3.47E-04 0.00E+00 0.00E+00 2.26E-08 3.47E-04 5.25E-05  0.94684
12391.00 .8070373     3.07E-30 4.72E-26 0.00E+00 0.00E+00 7.08E-06 2.28E-08 3.50E-04 0.00E+00 0.00E+00 2.28E-08 3.50E-04 5.27E-05  0.94625
12401.00 .8063866     2.93E-30 4.51E-26 0.00E+00 0.00E+00 7.15E-06 2.30E-08 3.54E-04 0.00E+00 0.00E+00 2.30E-08 3.54E-04 5.29E-05  0.94626
12411.00 .8057368     2.70E-30 4.16E-26 0.00E+00 0.00E+00 7.09E-06 2.29E-08 3.53E-04 0.00E+00 0.00E+00 2.29E-08 3.53E-04 5.32E-05  0.94711
12421.00 .8050882     2.69E-30 4.15E-26 0.00E+00 0.00E+00 6.88E-06 2.23E-08 3.44E-04 0.00E+00 0.00E+00 2.23E-08 3.44E-04 5.34E-05  0.94548
12431.00 .8044406     3.05E-30 4.71E-26 0.00E+00 0.00E+00 7.05E-06 2.27E-08 3.51E-04 0.00E+00 0.00E+00 2.27E-08 3.51E-04 5.36E-05  0.93980
12441.00 .8037938     2.85E-30 4.41E-26 0.00E+00 0.00E+00 7.08E-06 2.29E-08 3.54E-04 0.00E+00 0.00E+00 2.29E-08 3.54E-04 5.38E-05  0.94023
12451.00 .8031484     2.76E-30 4.27E-26 0.00E+00 0.00E+00 6.99E-06 2.26E-08 3.51E-04 0.00E+00 0.00E+00 2.26E-08 3.51E-04 5.41E-05  0.93968
12461.00 .8025038     2.75E-30 4.28E-26 0.00E+00 0.00E+00 7.08E-06 2.29E-08 3.55E-04 0.00E+00 0.00E+00 2.29E-08 3.55E-04 5.43E-05  0.93782
12471.00 .8018604     2.40E-30 3.73E-26 0.00E+00 0.00E+00 7.11E-06 2.31E-08 3.60E-04 0.00E+00 0.00E+00 2.31E-08 3.60E-04 5.45E-05  0.94090
12481.00 .8012180     2.54E-30 3.95E-26 0.00E+00 0.00E+00 7.10E-06 2.30E-08 3.59E-04 0.00E+00 0.00E+00 2.30E-08 3.59E-04 5.48E-05  0.93678
12491.00 .8005763     2.30E-30 3.59E-26 0.00E+00 0.00E+00 7.04E-06 2.29E-08 3.58E-04 0.00E+00 0.00E+00 2.29E-08 3.58E-04 5.50E-05  0.93859
12501.00 .7999361     2.12E-30 3.32E-26 0.00E+00 0.00E+00 6.96E-06 2.27E-08 3.55E-04 0.00E+00 0.00E+00 2.27E-08 3.55E-04 5.52E-05  0.93979
12511.00 .7992966     1.74E-30 2.73E-26 0.00E+00 0.00E+00 7.12E-06 2.34E-08 3.66E-04 0.00E+00 0.00E+00 2.34E-08 3.66E-04 5.54E-05  0.94464
12521.00 .7986583     1.82E-30 2.85E-26 0.00E+00 0.00E+00 7.11E-06 2.33E-08 3.66E-04 0.00E+00 0.00E+00 2.33E-08 3.66E-04 5.57E-05  0.94145
12531.00 .7980210     1.54E-30 2.42E-26 0.00E+00 0.00E+00 7.10E-06 2.34E-08 3.68E-04 0.00E+00 0.00E+00 2.34E-08 3.68E-04 5.59E-05  0.94534
12541.00 .7973845     1.64E-30 2.58E-26 0.00E+00 0.00E+00 7.09E-06 2.34E-08 3.67E-04 0.00E+00 0.00E+00 2.34E-08 3.67E-04 5.61E-05  0.94144
12551.00 .7967494     1.84E-30 2.90E-26 0.00E+00 0.00E+00 7.10E-06 2.33E-08 3.67E-04 0.00E+00 0.00E+00 2.33E-08 3.67E-04 5.64E-05  0.93516
12561.00 .7961149     1.89E-30 2.99E-26 0.00E+00 0.00E+00 7.04E-06 2.31E-08 3.64E-04 0.00E+00 0.00E+00 2.31E-08 3.64E-04 5.66E-05  0.93182
12571.00 .7954817     1.29E-30 2.04E-26 0.00E+00 0.00E+00 7.06E-06 2.34E-08 3.71E-04 0.00E+00 0.00E+00 2.34E-08 3.71E-04 5.68E-05  0.94419
12581.00 .7948495     1.17E-30 1.85E-26 0.00E+00 0.00E+00 6.81E-06 2.27E-08 3.59E-04 0.00E+00 0.00E+00 2.27E-08 3.59E-04 5.71E-05  0.94570

                           RADIANCE (WATTS/CM2-STER-XXX)   [No STER in TOA SOLAR IRRADIANCE]

  FREQ   WAVELENGTH    PATH_THERMAL    SURFACE_EMISSION  SOL_IRR    SINGLE_SCATTER  GROUND_REFLECTED   TOTAL_RADIANCE  INTEGRAL    TOTAL
 (CM-1) (MICRON)      (CM-1)  (MICRN)   (CM-1)  (MICRN)   (CM-1)   (CM-1)  (MICRN)   (CM-1)  (MICRN)   (CM-1)  (MICRN)             TRANS

12591.00 .7942180     1.04E-30 1.66E-26 0.00E+00 0.00E+00 6.83E-06 2.29E-08 3.62E-04 0.00E+00 0.00E+00 2.29E-08 3.62E-04 5.73E-05  0.94735
12601.00 .7935879     1.06E-30 1.69E-26 0.00E+00 0.00E+00 6.83E-06 2.28E-08 3.63E-04 0.00E+00 0.00E+00 2.28E-08 3.63E-04 5.75E-05  0.94513
12611.00 .7929584     1.25E-30 1.99E-26 0.00E+00 0.00E+00 7.01E-06 2.33E-08 3.71E-04 0.00E+00 0.00E+00 2.33E-08 3.71E-04 5.78E-05  0.93787
12621.00 .7923303     1.20E-30 1.91E-26 0.00E+00 0.00E+00 7.01E-06 2.34E-08 3.72E-04 0.00E+00 0.00E+00 2.34E-08 3.72E-04 5.80E-05  0.93749
12631.00 .7917031     1.06E-30 1.69E-26 0.00E+00 0.00E+00 6.91E-06 2.31E-08 3.69E-04 0.00E+00 0.00E+00 2.31E-08 3.69E-04 5.82E-05  0.94044
12641.00 .7910766     1.12E-30 1.78E-26 0.00E+00 0.00E+00 7.04E-06 2.35E-08 3.76E-04 0.00E+00 0.00E+00 2.35E-08 3.76E-04 5.85E-05  0.93649
12651.00 .7904514     1.05E-30 1.68E-26 0.00E+00 0.00E+00 7.10E-06 2.37E-08 3.80E-04 0.00E+00 0.00E+00 2.37E-08 3.80E-04 5.87E-05  0.93688
12661.00 .7898270     1.11E-30 1.77E-26 0.00E+00 0.00E+00 7.08E-06 2.37E-08 3.79E-04 0.00E+00 0.00E+00 2.37E-08 3.79E-04 5.89E-05  0.93276
12671.00 .7892038     9.50E-31 1.53E-26 0.00E+00 0.00E+00 7.12E-06 2.39E-08 3.84E-04 0.00E+00 0.00E+00 2.39E-08 3.84E-04 5.92E-05  0.93720
12681.00 .7885815     7.68E-31 1.24E-26 0.00E+00 0.00E+00 7.08E-06 2.40E-08 3.85E-04 0.00E+00 0.00E+00 2.40E-08 3.85E-04 5.94E-05  0.94268
12691.00 .7879599     7.56E-31 1.22E-26 0.00E+00 0.00E+00 7.05E-06 2.39E-08 3.84E-04 0.00E+00 0.00E+00 2.39E-08 3.84E-04 5.97E-05  0.94156
12701.00 .7873396     6.72E-31 1.08E-26 0.00E+00 0.00E+00 7.10E-06 2.41E-08 3.89E-04 0.00E+00 0.00E+00 2.41E-08 3.89E-04 5.99E-05  0.94366
12711.00 .7867201     6.41E-31 1.04E-26 0.00E+00 0.00E+00 7.14E-06 2.43E-08 3.93E-04 0.00E+00 0.00E+00 2.43E-08 3.93E-04 6.01E-05  0.94354
12721.00 .7861018     5.43E-31 8.78E-27 0.00E+00 0.00E+00 7.00E-06 2.39E-08 3.87E-04 0.00E+00 0.00E+00 2.39E-08 3.87E-04 6.04E-05  0.94665
12731.00 .7854844     5.14E-31 8.32E-27 0.00E+00 0.00E+00 6.99E-06 2.39E-08 3.88E-04 0.00E+00 0.00E+00 2.39E-08 3.88E-04 6.06E-05  0.94669
12741.00 .7848677     4.88E-31 7.93E-27 0.00E+00 0.00E+00 7.10E-06 2.44E-08 3.96E-04 0.00E+00 0.00E+00 2.44E-08 3.96E-04 6.09E-05  0.94662
12751.00 .7842523     4.60E-31 7.47E-27 0.00E+00 0.00E+00 7.09E-06 2.44E-08 3.96E-04 0.00E+00 0.00E+00 2.44E-08 3.96E-04 6.11E-05  0.94681
12761.00 .7836376     4.31E-31 7.02E-27 0.00E+00 0.00E+00 6.91E-06 2.38E-08 3.87E-04 0.00E+00 0.00E+00 2.38E-08 3.87E-04 6.13E-05  0.94706
12771.00 .7830241     4.09E-31 6.67E-27 0.00E+00 0.00E+00 7.04E-06 2.43E-08 3.96E-04 0.00E+00 0.00E+00 2.43E-08 3.96E-04 6.16E-05  0.94703
12781.00 .7824115     3.89E-31 6.36E-27 0.00E+00 0.00E+00 7.12E-06 2.46E-08 4.02E-04 0.00E+00 0.00E+00 2.46E-08 4.02E-04 6.18E-05  0.94692
12791.00 .7817996     3.70E-31 6.06E-27 0.00E+00 0.00E+00 7.12E-06 2.46E-08 4.03E-04 0.00E+00 0.00E+00 2.46E-08 4.03E-04 6.21E-05  0.94685
12801.00 .7811890     3.52E-31 5.77E-27 0.00E+00 0.00E+00 7.00E-06 2.43E-08 3.98E-04 0.00E+00 0.00E+00 2.43E-08 3.98E-04 6.23E-05  0.94681
12811.00 .7805791     3.36E-31 5.51E-27 0.00E+00 0.00E+00 7.09E-06 2.46E-08 4.04E-04 0.00E+00 0.00E+00 2.46E-08 4.04E-04 6.26E-05  0.94663
12821.00 .7799704     3.19E-31 5.24E-27 0.00E+00 0.00E+00 7.00E-06 2.43E-08 4.00E-04 0.00E+00 0.00E+00 2.43E-08 4.00E-04 6.28E-05  0.94660
12831.00 .7793626     3.05E-31 5.02E-27 0.00E+00 0.00E+00 7.09E-06 2.47E-08 4.06E-04 0.00E+00 0.00E+00 2.47E-08 4.06E-04 6.31E-05  0.94641
12841.00 .7787555     2.90E-31 4.77E-27 0.00E+00 0.00E+00 7.11E-06 2.48E-08 4.09E-04 0.00E+00 0.00E+00 2.48E-08 4.09E-04 6.33E-05  0.94640
12851.00 .7781496     2.76E-31 4.56E-27 0.00E+00 0.00E+00 7.10E-06 2.48E-08 4.10E-04 0.00E+00 0.00E+00 2.48E-08 4.10E-04 6.35E-05  0.94628
12861.00 .7775444     2.63E-31 4.35E-27 0.00E+00 0.00E+00 6.96E-06 2.44E-08 4.03E-04 0.00E+00 0.00E+00 2.44E-08 4.03E-04 6.38E-05  0.94620
12871.00 .7769405     2.50E-31 4.15E-27 0.00E+00 0.00E+00 7.11E-06 2.50E-08 4.14E-04 0.00E+00 0.00E+00 2.50E-08 4.14E-04 6.40E-05  0.94613
12881.00 .7763374     2.39E-31 3.96E-27 0.00E+00 0.00E+00 7.10E-06 2.50E-08 4.14E-04 0.00E+00 0.00E+00 2.50E-08 4.14E-04 6.43E-05  0.94601
12891.00 .7757350     2.28E-31 3.79E-27 0.00E+00 0.00E+00 7.09E-06 2.50E-08 4.15E-04 0.00E+00 0.00E+00 2.50E-08 4.15E-04 6.45E-05  0.94584
12901.00 .7751338     2.17E-31 3.62E-27 0.00E+00 0.00E+00 6.75E-06 2.38E-08 3.97E-04 0.00E+00 0.00E+00 2.38E-08 3.97E-04 6.48E-05  0.94572
12911.00 .7745333     2.08E-31 3.46E-27 0.00E+00 0.00E+00 6.91E-06 2.44E-08 4.07E-04 0.00E+00 0.00E+00 2.44E-08 4.07E-04 6.50E-05  0.94547
12921.00 .7739339     1.98E-31 3.31E-27 0.00E+00 0.00E+00 7.10E-06 2.52E-08 4.20E-04 0.00E+00 0.00E+00 2.52E-08 4.20E-04 6.53E-05  0.94529
12931.00 .7733355     1.90E-31 3.18E-27 0.00E+00 0.00E+00 7.06E-06 2.50E-08 4.19E-04 0.00E+00 0.00E+00 2.50E-08 4.19E-04 6.55E-05  0.94496
12941.00 .7727377     1.83E-31 3.06E-27 0.00E+00 0.00E+00 6.89E-06 2.45E-08 4.10E-04 0.00E+00 0.00E+00 2.45E-08 4.10E-04 6.58E-05  0.94446
12951.00 .7721412     1.75E-31 2.93E-27 0.00E+00 0.00E+00 6.99E-06 2.48E-08 4.17E-04 0.00E+00 0.00E+00 2.48E-08 4.17E-04 6.60E-05  0.94421
12961.00 .7715454     1.67E-31 2.81E-27 0.00E+00 0.00E+00 6.89E-06 2.46E-08 4.12E-04 0.00E+00 0.00E+00 2.46E-08 4.12E-04 6.63E-05  0.94385
12971.00 .7709506     1.62E-31 2.72E-27 0.00E+00 0.00E+00 7.03E-06 2.50E-08 4.21E-04 0.00E+00 0.00E+00 2.50E-08 4.21E-04 6.65E-05  0.94311
12981.00 .7703568     1.62E-31 2.74E-27 0.00E+00 0.00E+00 7.00E-06 2.49E-08 4.19E-04 0.00E+00 0.00E+00 2.49E-08 4.19E-04 6.68E-05  0.94009
12991.00 .7697636     1.66E-31 2.79E-27 0.00E+00 0.00E+00 6.97E-06 2.47E-08 4.17E-04 0.00E+00 0.00E+00 2.47E-08 4.17E-04 6.70E-05  0.93536
13001.00 .7691717     1.73E-31 2.93E-27 0.00E+00 0.00E+00 7.00E-06 2.46E-08 4.16E-04 0.00E+00 0.00E+00 2.46E-08 4.16E-04 6.73E-05  0.92698
13011.00 .7685804     1.73E-31 2.94E-27 0.00E+00 0.00E+00 7.06E-06 2.47E-08 4.18E-04 0.00E+00 0.00E+00 2.47E-08 4.18E-04 6.75E-05  0.91893
13021.00 .7679902     1.89E-31 3.21E-27 0.00E+00 0.00E+00 7.05E-06 2.42E-08 4.10E-04 0.00E+00 0.00E+00 2.42E-08 4.10E-04 6.77E-05  0.90073
13031.00 .7674009     2.04E-31 3.47E-27 0.00E+00 0.00E+00 7.08E-06 2.38E-08 4.04E-04 0.00E+00 0.00E+00 2.38E-08 4.04E-04 6.80E-05  0.88282
13041.00 .7668123     2.27E-31 3.86E-27 0.00E+00 0.00E+00 6.71E-06 2.17E-08 3.69E-04 0.00E+00 0.00E+00 2.17E-08 3.69E-04 6.82E-05  0.85064
13051.00 .7662249     2.57E-31 4.38E-27 0.00E+00 0.00E+00 6.62E-06 2.04E-08 3.47E-04 0.00E+00 0.00E+00 2.04E-08 3.47E-04 6.84E-05  0.82042
13061.00 .7656381     2.92E-31 4.98E-27 0.00E+00 0.00E+00 6.88E-06 1.95E-08 3.32E-04 0.00E+00 0.00E+00 1.95E-08 3.32E-04 6.86E-05  0.76465
13071.00 .7650524     3.12E-31 5.33E-27 0.00E+00 0.00E+00 7.11E-06 1.80E-08 3.07E-04 0.00E+00 0.00E+00 1.80E-08 3.07E-04 6.88E-05  0.69793
13081.00 .7644677     3.34E-31 5.71E-27 0.00E+00 0.00E+00 7.11E-06 1.61E-08 2.76E-04 0.00E+00 0.00E+00 1.61E-08 2.76E-04 6.89E-05  0.64062

                           RADIANCE (WATTS/CM2-STER-XXX)   [No STER in TOA SOLAR IRRADIANCE]

  FREQ   WAVELENGTH    PATH_THERMAL    SURFACE_EMISSION  SOL_IRR    SINGLE_SCATTER  GROUND_REFLECTED   TOTAL_RADIANCE  INTEGRAL    TOTAL
 (CM-1) (MICRON)      (CM-1)  (MICRN)   (CM-1)  (MICRN)   (CM-1)   (CM-1)  (MICRN)   (CM-1)  (MICRN)   (CM-1)  (MICRN)             TRANS

13091.00 .7638835     3.49E-31 5.98E-27 0.00E+00 0.00E+00 7.11E-06 1.39E-08 2.38E-04 0.00E+00 0.00E+00 1.39E-08 2.38E-04 6.91E-05  0.56778
13101.00 .7633006     3.42E-31 5.86E-27 0.00E+00 0.00E+00 7.10E-06 1.26E-08 2.16E-04 0.00E+00 0.00E+00 1.26E-08 2.16E-04 6.92E-05  0.52943
13111.00 .7627183     3.07E-31 5.28E-27 0.00E+00 0.00E+00 7.03E-06 1.31E-08 2.25E-04 0.00E+00 0.00E+00 1.31E-08 2.25E-04 6.93E-05  0.55782
13121.00 .7621371     2.01E-31 3.45E-27 0.00E+00 0.00E+00 6.78E-06 1.80E-08 3.10E-04 0.00E+00 0.00E+00 1.80E-08 3.10E-04 6.95E-05  0.74236
13131.00 .7615567     2.98E-31 5.14E-27 0.00E+00 0.00E+00 6.97E-06 1.22E-08 2.10E-04 0.00E+00 0.00E+00 1.22E-08 2.10E-04 6.96E-05  0.52838
13141.00 .7609770     3.47E-31 5.99E-27 0.00E+00 0.00E+00 7.01E-06 7.52E-09 1.30E-04 0.00E+00 0.00E+00 7.52E-09 1.30E-04 6.97E-05  0.34186
13151.00 .7603985     3.32E-31 5.74E-27 0.00E+00 0.00E+00 6.98E-06 7.75E-09 1.34E-04 0.00E+00 0.00E+00 7.75E-09 1.34E-04 6.98E-05  0.32619
13161.00 .7598206     3.00E-31 5.20E-27 0.00E+00 0.00E+00 7.04E-06 1.38E-08 2.39E-04 0.00E+00 0.00E+00 1.38E-08 2.39E-04 6.99E-05  0.52523
13171.00 .7592438     9.18E-32 1.59E-27 0.00E+00 0.00E+00 7.02E-06 2.46E-08 4.27E-04 0.00E+00 0.00E+00 2.46E-08 4.27E-04 7.02E-05  0.89579
13181.00 .7586679     5.67E-32 9.85E-28 0.00E+00 0.00E+00 6.85E-06 2.54E-08 4.41E-04 0.00E+00 0.00E+00 2.54E-08 4.41E-04 7.04E-05  0.94233
13191.00 .7580926     5.32E-32 9.26E-28 0.00E+00 0.00E+00 7.02E-06 2.61E-08 4.53E-04 0.00E+00 0.00E+00 2.61E-08 4.53E-04 7.07E-05  0.94295
13201.00 .7575184     5.06E-32 8.82E-28 0.00E+00 0.00E+00 6.98E-06 2.60E-08 4.52E-04 0.00E+00 0.00E+00 2.60E-08 4.52E-04 7.09E-05  0.94289
13211.00 .7569449     4.82E-32 8.40E-28 0.00E+00 0.00E+00 6.98E-06 2.60E-08 4.54E-04 0.00E+00 0.00E+00 2.60E-08 4.54E-04 7.12E-05  0.94281
13221.00 .7563725     4.59E-32 8.02E-28 0.00E+00 0.00E+00 6.96E-06 2.60E-08 4.54E-04 0.00E+00 0.00E+00 2.60E-08 4.54E-04 7.15E-05  0.94267
13231.00 .7558009     4.38E-32 7.66E-28 0.00E+00 0.00E+00 6.92E-06 2.58E-08 4.53E-04 0.00E+00 0.00E+00 2.58E-08 4.53E-04 7.17E-05  0.94252
13241.00 .7552299     4.17E-32 7.31E-28 0.00E+00 0.00E+00 7.03E-06 2.63E-08 4.61E-04 0.00E+00 0.00E+00 2.63E-08 4.61E-04 7.20E-05  0.94239
13251.00 .7546601     3.97E-32 6.97E-28 0.00E+00 0.00E+00 7.05E-06 2.64E-08 4.64E-04 0.00E+00 0.00E+00 2.64E-08 4.64E-04 7.23E-05  0.94227
13261.00 .7540909     3.79E-32 6.66E-28 0.00E+00 0.00E+00 7.08E-06 2.66E-08 4.67E-04 0.00E+00 0.00E+00 2.66E-08 4.67E-04 7.25E-05  0.94209
13271.00 .7535228     3.60E-32 6.35E-28 0.00E+00 0.00E+00 7.00E-06 2.63E-08 4.63E-04 0.00E+00 0.00E+00 2.63E-08 4.63E-04 7.28E-05  0.94198
13281.00 .7529554     3.43E-32 6.06E-28 0.00E+00 0.00E+00 6.94E-06 2.61E-08 4.61E-04 0.00E+00 0.00E+00 2.61E-08 4.61E-04 7.30E-05  0.94184
13291.00 .7523888     3.27E-32 5.78E-28 0.00E+00 0.00E+00 6.92E-06 2.61E-08 4.60E-04 0.00E+00 0.00E+00 2.61E-08 4.60E-04 7.33E-05  0.94168
13301.00 .7518232     3.12E-32 5.53E-28 0.00E+00 0.00E+00 7.01E-06 2.65E-08 4.68E-04 0.00E+00 0.00E+00 2.65E-08 4.68E-04 7.36E-05  0.94148
13311.00 .7512583     2.97E-32 5.27E-28 0.00E+00 0.00E+00 6.80E-06 2.57E-08 4.55E-04 0.00E+00 0.00E+00 2.57E-08 4.55E-04 7.38E-05  0.94138
13321.00 .7506945     2.84E-32 5.05E-28 0.00E+00 0.00E+00 7.01E-06 2.65E-08 4.70E-04 0.00E+00 0.00E+00 2.65E-08 4.70E-04 7.41E-05  0.94112
13331.00 .7501314     2.71E-32 4.81E-28 0.00E+00 0.00E+00 6.94E-06 2.63E-08 4.67E-04 0.00E+00 0.00E+00 2.63E-08 4.67E-04 7.44E-05  0.94102
13341.00 .7495689     2.58E-32 4.59E-28 0.00E+00 0.00E+00 6.78E-06 2.57E-08 4.58E-04 0.00E+00 0.00E+00 2.57E-08 4.58E-04 7.46E-05  0.94090
13351.00 .7490076     2.45E-32 4.37E-28 0.00E+00 0.00E+00 6.99E-06 2.66E-08 4.74E-04 0.00E+00 0.00E+00 2.66E-08 4.74E-04 7.49E-05  0.94080
13361.00 .7484469     2.34E-32 4.17E-28 0.00E+00 0.00E+00 6.95E-06 2.65E-08 4.72E-04 0.00E+00 0.00E+00 2.65E-08 4.72E-04 7.51E-05  0.94067
13371.00 .7478873     2.23E-32 3.99E-28 0.00E+00 0.00E+00 6.94E-06 2.65E-08 4.73E-04 0.00E+00 0.00E+00 2.65E-08 4.73E-04 7.54E-05  0.94044
13381.00 .7473284     2.13E-32 3.82E-28 0.00E+00 0.00E+00 6.98E-06 2.67E-08 4.77E-04 0.00E+00 0.00E+00 2.67E-08 4.77E-04 7.57E-05  0.94028
13391.00 .7467701     2.03E-32 3.64E-28 0.00E+00 0.00E+00 6.99E-06 2.67E-08 4.79E-04 0.00E+00 0.00E+00 2.67E-08 4.79E-04 7.59E-05  0.94015
13401.00 .7462130     1.94E-32 3.48E-28 0.00E+00 0.00E+00 6.93E-06 2.66E-08 4.77E-04 0.00E+00 0.00E+00 2.66E-08 4.77E-04 7.62E-05  0.94001
13411.00 .7456565     1.86E-32 3.35E-28 0.00E+00 0.00E+00 7.00E-06 2.68E-08 4.83E-04 0.00E+00 0.00E+00 2.68E-08 4.83E-04 7.65E-05  0.93966
13421.00 .7451010     1.76E-32 3.18E-28 0.00E+00 0.00E+00 6.85E-06 2.63E-08 4.74E-04 0.00E+00 0.00E+00 2.63E-08 4.74E-04 7.67E-05  0.93974
13431.00 .7445463     1.70E-32 3.07E-28 0.00E+00 0.00E+00 6.76E-06 2.60E-08 4.69E-04 0.00E+00 0.00E+00 2.60E-08 4.69E-04 7.70E-05  0.93931
13441.00 .7439922     1.63E-32 2.94E-28 0.00E+00 0.00E+00 6.98E-06 2.69E-08 4.86E-04 0.00E+00 0.00E+00 2.69E-08 4.86E-04 7.73E-05  0.93909
13451.00 .7434392     1.53E-32 2.77E-28 0.00E+00 0.00E+00 6.98E-06 2.70E-08 4.88E-04 0.00E+00 0.00E+00 2.70E-08 4.88E-04 7.75E-05  0.93933
13461.00 .7428868     1.53E-32 2.78E-28 0.00E+00 0.00E+00 6.91E-06 2.67E-08 4.84E-04 0.00E+00 0.00E+00 2.67E-08 4.84E-04 7.78E-05  0.93785
13471.00 .7423354     1.47E-32 2.67E-28 0.00E+00 0.00E+00 6.67E-06 2.58E-08 4.69E-04 0.00E+00 0.00E+00 2.58E-08 4.69E-04 7.81E-05  0.93752
13481.00 .7417849     1.41E-32 2.55E-28 0.00E+00 0.00E+00 6.68E-06 2.59E-08 4.71E-04 0.00E+00 0.00E+00 2.59E-08 4.71E-04 7.83E-05  0.93734
13491.00 .7412348     1.41E-32 2.57E-28 0.00E+00 0.00E+00 6.66E-06 2.58E-08 4.70E-04 0.00E+00 0.00E+00 2.58E-08 4.70E-04 7.86E-05  0.93554
13501.00 .7406859     1.28E-32 2.34E-28 0.00E+00 0.00E+00 6.85E-06 2.67E-08 4.86E-04 0.00E+00 0.00E+00 2.67E-08 4.86E-04 7.88E-05  0.93701
13511.00 .7401376     1.31E-32 2.40E-28 0.00E+00 0.00E+00 6.85E-06 2.66E-08 4.86E-04 0.00E+00 0.00E+00 2.66E-08 4.86E-04 7.91E-05  0.93444
13521.00 .7395903     1.37E-32 2.50E-28 0.00E+00 0.00E+00 6.85E-06 2.66E-08 4.87E-04 0.00E+00 0.00E+00 2.66E-08 4.87E-04 7.94E-05  0.93122
13531.00 .7390438     1.27E-32 2.32E-28 0.00E+00 0.00E+00 6.64E-06 2.58E-08 4.73E-04 0.00E+00 0.00E+00 2.58E-08 4.73E-04 7.96E-05  0.93222
13541.00 .7384979     1.34E-32 2.45E-28 0.00E+00 0.00E+00 6.83E-06 2.65E-08 4.87E-04 0.00E+00 0.00E+00 2.65E-08 4.87E-04 7.99E-05  0.92812
13551.00 .7379529     1.14E-32 2.10E-28 0.00E+00 0.00E+00 6.97E-06 2.72E-08 5.00E-04 0.00E+00 0.00E+00 2.72E-08 5.00E-04 8.02E-05  0.93212
13561.00 .7374087     1.21E-32 2.23E-28 0.00E+00 0.00E+00 6.98E-06 2.72E-08 5.00E-04 0.00E+00 0.00E+00 2.72E-08 5.00E-04 8.04E-05  0.92776
13571.00 .7368654     1.29E-32 2.38E-28 0.00E+00 0.00E+00 6.93E-06 2.69E-08 4.96E-04 0.00E+00 0.00E+00 2.69E-08 4.96E-04 8.07E-05  0.92297
13581.00 .7363229     1.27E-32 2.34E-28 0.00E+00 0.00E+00 6.87E-06 2.67E-08 4.92E-04 0.00E+00 0.00E+00 2.67E-08 4.92E-04 8.10E-05  0.92120

                           RADIANCE (WATTS/CM2-STER-XXX)   [No STER in TOA SOLAR IRRADIANCE]

  FREQ   WAVELENGTH    PATH_THERMAL    SURFACE_EMISSION  SOL_IRR    SINGLE_SCATTER  GROUND_REFLECTED   TOTAL_RADIANCE  INTEGRAL    TOTAL
 (CM-1) (MICRON)      (CM-1)  (MICRN)   (CM-1)  (MICRN)   (CM-1)   (CM-1)  (MICRN)   (CM-1)  (MICRN)   (CM-1)  (MICRN)             TRANS

13591.00 .7357810     1.08E-32 1.99E-28 0.00E+00 0.00E+00 6.83E-06 2.67E-08 4.94E-04 0.00E+00 0.00E+00 2.67E-08 4.94E-04 8.13E-05  0.92629
13601.00 .7352401     1.11E-32 2.05E-28 0.00E+00 0.00E+00 6.92E-06 2.71E-08 5.01E-04 0.00E+00 0.00E+00 2.71E-08 5.01E-04 8.15E-05  0.92336
13611.00 .7346998     1.06E-32 1.96E-28 0.00E+00 0.00E+00 6.98E-06 2.73E-08 5.07E-04 0.00E+00 0.00E+00 2.73E-08 5.07E-04 8.18E-05  0.92282
13621.00 .7341605     8.27E-33 1.53E-28 0.00E+00 0.00E+00 7.00E-06 2.77E-08 5.13E-04 0.00E+00 0.00E+00 2.77E-08 5.13E-04 8.21E-05  0.93060
13631.00 .7336220     1.13E-32 2.10E-28 0.00E+00 0.00E+00 6.93E-06 2.70E-08 5.02E-04 0.00E+00 0.00E+00 2.70E-08 5.02E-04 8.23E-05  0.91414
13641.00 .7330840     9.85E-33 1.83E-28 0.00E+00 0.00E+00 6.81E-06 2.67E-08 4.98E-04 0.00E+00 0.00E+00 2.67E-08 4.98E-04 8.26E-05  0.91910
13651.00 .7325471     9.01E-33 1.68E-28 0.00E+00 0.00E+00 6.83E-06 2.69E-08 5.00E-04 0.00E+00 0.00E+00 2.69E-08 5.00E-04 8.29E-05  0.92013
13661.00 .7320108     1.37E-32 2.55E-28 0.00E+00 0.00E+00 6.91E-06 2.65E-08 4.95E-04 0.00E+00 0.00E+00 2.65E-08 4.95E-04 8.31E-05  0.89048
13671.00 .7314754     1.31E-32 2.44E-28 0.00E+00 0.00E+00 6.86E-06 2.63E-08 4.92E-04 0.00E+00 0.00E+00 2.63E-08 4.92E-04 8.34E-05  0.89037
13681.00 .7309408     1.21E-32 2.27E-28 0.00E+00 0.00E+00 6.75E-06 2.60E-08 4.87E-04 0.00E+00 0.00E+00 2.60E-08 4.87E-04 8.37E-05  0.89069
13691.00 .7304068     1.39E-32 2.60E-28 0.00E+00 0.00E+00 6.93E-06 2.64E-08 4.95E-04 0.00E+00 0.00E+00 2.64E-08 4.95E-04 8.39E-05  0.87476
13701.00 .7298738     9.74E-33 1.83E-28 0.00E+00 0.00E+00 6.89E-06 2.69E-08 5.04E-04 0.00E+00 0.00E+00 2.69E-08 5.04E-04 8.42E-05  0.90100
13711.00 .7293413     1.42E-32 2.67E-28 0.00E+00 0.00E+00 6.58E-06 2.48E-08 4.66E-04 0.00E+00 0.00E+00 2.48E-08 4.66E-04 8.44E-05  0.85856
13721.00 .7288099     8.95E-33 1.69E-28 0.00E+00 0.00E+00 6.66E-06 2.60E-08 4.89E-04 0.00E+00 0.00E+00 2.60E-08 4.89E-04 8.47E-05  0.89590
13731.00 .7282792     9.43E-33 1.78E-28 0.00E+00 0.00E+00 6.85E-06 2.65E-08 5.00E-04 0.00E+00 0.00E+00 2.65E-08 5.00E-04 8.50E-05  0.88866
13741.00 .7277490     1.37E-32 2.58E-28 0.00E+00 0.00E+00 6.89E-06 2.57E-08 4.85E-04 0.00E+00 0.00E+00 2.57E-08 4.85E-04 8.52E-05  0.84216
13751.00 .7272199     8.13E-33 1.54E-28 0.00E+00 0.00E+00 6.97E-06 2.72E-08 5.14E-04 0.00E+00 0.00E+00 2.72E-08 5.14E-04 8.55E-05  0.89089
13761.00 .7266913     1.05E-32 1.99E-28 0.00E+00 0.00E+00 6.90E-06 2.62E-08 4.97E-04 0.00E+00 0.00E+00 2.62E-08 4.97E-04 8.58E-05  0.85921
13771.00 .7261637     8.18E-33 1.55E-28 0.00E+00 0.00E+00 6.83E-06 2.66E-08 5.04E-04 0.00E+00 0.00E+00 2.66E-08 5.04E-04 8.60E-05  0.88709
13781.00 .7256368     9.98E-33 1.90E-28 0.00E+00 0.00E+00 6.92E-06 2.63E-08 5.00E-04 0.00E+00 0.00E+00 2.63E-08 5.00E-04 8.63E-05  0.85550
13791.00 .7251105     8.09E-33 1.54E-28 0.00E+00 0.00E+00 6.88E-06 2.66E-08 5.06E-04 0.00E+00 0.00E+00 2.66E-08 5.06E-04 8.66E-05  0.87573
13801.00 .7245852     9.18E-33 1.75E-28 0.00E+00 0.00E+00 6.88E-06 2.62E-08 4.98E-04 0.00E+00 0.00E+00 2.62E-08 4.98E-04 8.68E-05  0.84786
13811.00 .7240605     7.87E-33 1.50E-28 0.00E+00 0.00E+00 6.89E-06 2.65E-08 5.05E-04 0.00E+00 0.00E+00 2.65E-08 5.05E-04 8.71E-05  0.86131
13821.00 .7235367     8.86E-33 1.69E-28 0.00E+00 0.00E+00 6.95E-06 2.62E-08 5.01E-04 0.00E+00 0.00E+00 2.62E-08 5.01E-04 8.73E-05  0.83966
13831.00 .7230136     4.78E-33 9.15E-29 0.00E+00 0.00E+00 6.88E-06 2.74E-08 5.24E-04 0.00E+00 0.00E+00 2.74E-08 5.24E-04 8.76E-05  0.90119
13841.00 .7224911     4.09E-33 7.84E-29 0.00E+00 0.00E+00 6.66E-06 2.67E-08 5.12E-04 0.00E+00 0.00E+00 2.67E-08 5.12E-04 8.79E-05  0.90766
13851.00 .7219696     3.72E-33 7.14E-29 0.00E+00 0.00E+00 6.87E-06 2.77E-08 5.31E-04 0.00E+00 0.00E+00 2.77E-08 5.31E-04 8.82E-05  0.91145
13861.00 .7214486     3.47E-33 6.67E-29 0.00E+00 0.00E+00 6.84E-06 2.76E-08 5.31E-04 0.00E+00 0.00E+00 2.76E-08 5.31E-04 8.84E-05  0.91235
13871.00 .7209286     5.54E-33 1.07E-28 0.00E+00 0.00E+00 6.61E-06 2.57E-08 4.94E-04 0.00E+00 0.00E+00 2.57E-08 4.94E-04 8.87E-05  0.86328
13881.00 .7204093     7.30E-33 1.41E-28 0.00E+00 0.00E+00 6.84E-06 2.57E-08 4.94E-04 0.00E+00 0.00E+00 2.57E-08 4.94E-04 8.90E-05  0.82090
13891.00 .7198905     6.27E-33 1.21E-28 0.00E+00 0.00E+00 6.77E-06 2.59E-08 5.00E-04 0.00E+00 0.00E+00 2.59E-08 5.00E-04 8.92E-05  0.84457
13901.00 .7193727     6.21E-33 1.20E-28 0.00E+00 0.00E+00 6.63E-06 2.52E-08 4.87E-04 0.00E+00 0.00E+00 2.52E-08 4.87E-04 8.95E-05  0.83517
13911.00 .7188556     6.81E-33 1.32E-28 0.00E+00 0.00E+00 6.59E-06 2.46E-08 4.76E-04 0.00E+00 0.00E+00 2.46E-08 4.76E-04 8.97E-05  0.80795
13921.00 .7183393     4.95E-33 9.60E-29 0.00E+00 0.00E+00 6.67E-06 2.59E-08 5.01E-04 0.00E+00 0.00E+00 2.59E-08 5.01E-04 9.00E-05  0.84984
13931.00 .7178237     5.25E-33 1.02E-28 0.00E+00 0.00E+00 6.80E-06 2.62E-08 5.09E-04 0.00E+00 0.00E+00 2.62E-08 5.09E-04 9.02E-05  0.84636
13941.00 .7173086     4.62E-33 8.99E-29 0.00E+00 0.00E+00 6.92E-06 2.70E-08 5.25E-04 0.00E+00 0.00E+00 2.70E-08 5.25E-04 9.05E-05  0.85923
13951.00 .7167946     2.95E-33 5.74E-29 0.00E+00 0.00E+00 6.64E-06 2.68E-08 5.22E-04 0.00E+00 0.00E+00 2.68E-08 5.22E-04 9.08E-05  0.89605
13961.00 .7162810     1.77E-33 3.46E-29 0.00E+00 0.00E+00 6.81E-06 2.82E-08 5.49E-04 0.00E+00 0.00E+00 2.82E-08 5.49E-04 9.11E-05  0.92147
13971.00 .7157685     1.53E-33 2.99E-29 0.00E+00 0.00E+00 6.84E-06 2.84E-08 5.55E-04 0.00E+00 0.00E+00 2.84E-08 5.55E-04 9.13E-05  0.92522
13981.00 .7152565     1.52E-33 2.98E-29 0.00E+00 0.00E+00 6.65E-06 2.76E-08 5.40E-04 0.00E+00 0.00E+00 2.76E-08 5.40E-04 9.16E-05  0.92306
13991.00 .7147452     1.34E-33 2.62E-29 0.00E+00 0.00E+00 6.70E-06 2.79E-08 5.47E-04 0.00E+00 0.00E+00 2.79E-08 5.47E-04 9.19E-05  0.92598
14001.00 .7142348     1.22E-33 2.39E-29 0.00E+00 0.00E+00 6.90E-06 2.89E-08 5.66E-04 0.00E+00 0.00E+00 2.89E-08 5.66E-04 9.22E-05  0.92751
14011.00 .7137249     1.12E-33 2.20E-29 0.00E+00 0.00E+00 6.86E-06 2.88E-08 5.65E-04 0.00E+00 0.00E+00 2.88E-08 5.65E-04 9.25E-05  0.92863
14021.00 .7132159     1.10E-33 2.17E-29 0.00E+00 0.00E+00 6.70E-06 2.82E-08 5.53E-04 0.00E+00 0.00E+00 2.82E-08 5.53E-04 9.28E-05  0.92745
14031.00 .7127077     9.90E-34 1.95E-29 0.00E+00 0.00E+00 6.81E-06 2.87E-08 5.65E-04 0.00E+00 0.00E+00 2.87E-08 5.65E-04 9.30E-05  0.92942
14041.00 .7121999     9.60E-34 1.89E-29 0.00E+00 0.00E+00 6.79E-06 2.87E-08 5.65E-04 0.00E+00 0.00E+00 2.87E-08 5.65E-04 9.33E-05  0.92863
14051.00 .7116932     8.97E-34 1.77E-29 0.00E+00 0.00E+00 6.79E-06 2.87E-08 5.66E-04 0.00E+00 0.00E+00 2.87E-08 5.66E-04 9.36E-05  0.92919
14061.00 .7111869     8.80E-34 1.74E-29 0.00E+00 0.00E+00 6.80E-06 2.88E-08 5.69E-04 0.00E+00 0.00E+00 2.88E-08 5.69E-04 9.39E-05  0.92800
14071.00 .7106816     8.52E-34 1.69E-29 0.00E+00 0.00E+00 6.91E-06 2.93E-08 5.79E-04 0.00E+00 0.00E+00 2.93E-08 5.79E-04 9.42E-05  0.92728
14081.00 .7101769     8.21E-34 1.63E-29 0.00E+00 0.00E+00 6.92E-06 2.93E-08 5.82E-04 0.00E+00 0.00E+00 2.93E-08 5.82E-04 9.45E-05  0.92669

                           RADIANCE (WATTS/CM2-STER-XXX)   [No STER in TOA SOLAR IRRADIANCE]

  FREQ   WAVELENGTH    PATH_THERMAL    SURFACE_EMISSION  SOL_IRR    SINGLE_SCATTER  GROUND_REFLECTED   TOTAL_RADIANCE  INTEGRAL    TOTAL
 (CM-1) (MICRON)      (CM-1)  (MICRN)   (CM-1)  (MICRN)   (CM-1)   (CM-1)  (MICRN)   (CM-1)  (MICRN)   (CM-1)  (MICRN)             TRANS

14091.00 .7096728     7.63E-34 1.51E-29 0.00E+00 0.00E+00 6.85E-06 2.91E-08 5.78E-04 0.00E+00 0.00E+00 2.91E-08 5.78E-04 9.48E-05  0.92758
14101.00 .7091696     7.46E-34 1.48E-29 0.00E+00 0.00E+00 6.77E-06 2.88E-08 5.72E-04 0.00E+00 0.00E+00 2.88E-08 5.72E-04 9.51E-05  0.92647
14111.00 .7086669     6.79E-34 1.35E-29 0.00E+00 0.00E+00 6.74E-06 2.87E-08 5.72E-04 0.00E+00 0.00E+00 2.87E-08 5.72E-04 9.54E-05  0.92791
14121.00 .7081652     7.19E-34 1.43E-29 0.00E+00 0.00E+00 6.93E-06 2.95E-08 5.88E-04 0.00E+00 0.00E+00 2.95E-08 5.88E-04 9.56E-05  0.92383
14131.00 .7076641     6.62E-34 1.32E-29 0.00E+00 0.00E+00 6.91E-06 2.95E-08 5.89E-04 0.00E+00 0.00E+00 2.95E-08 5.89E-04 9.59E-05  0.92498
14141.00 .7071635     6.05E-34 1.21E-29 0.00E+00 0.00E+00 6.67E-06 2.85E-08 5.70E-04 0.00E+00 0.00E+00 2.85E-08 5.70E-04 9.62E-05  0.92633
14151.00 .7066639     6.36E-34 1.27E-29 0.00E+00 0.00E+00 6.84E-06 2.92E-08 5.84E-04 0.00E+00 0.00E+00 2.92E-08 5.84E-04 9.65E-05  0.92251
14161.00 .7061648     6.01E-34 1.21E-29 0.00E+00 0.00E+00 6.83E-06 2.92E-08 5.85E-04 0.00E+00 0.00E+00 2.92E-08 5.85E-04 9.68E-05  0.92249
14171.00 .7056665     6.02E-34 1.21E-29 0.00E+00 0.00E+00 6.82E-06 2.92E-08 5.85E-04 0.00E+00 0.00E+00 2.92E-08 5.85E-04 9.71E-05  0.92026
14181.00 .7051690     5.88E-34 1.18E-29 0.00E+00 0.00E+00 6.92E-06 2.96E-08 5.95E-04 0.00E+00 0.00E+00 2.96E-08 5.95E-04 9.74E-05  0.91919
14191.00 .7046719     4.80E-34 9.66E-30 0.00E+00 0.00E+00 6.90E-06 2.97E-08 5.99E-04 0.00E+00 0.00E+00 2.97E-08 5.99E-04 9.77E-05  0.92521
14201.00 .7041758     5.85E-34 1.18E-29 0.00E+00 0.00E+00 6.81E-06 2.91E-08 5.86E-04 0.00E+00 0.00E+00 2.91E-08 5.86E-04 9.80E-05  0.91412
14211.00 .7036802     4.34E-34 8.77E-30 0.00E+00 0.00E+00 6.80E-06 2.94E-08 5.93E-04 0.00E+00 0.00E+00 2.94E-08 5.93E-04 9.83E-05  0.92498
14221.00 .7031855     4.80E-34 9.72E-30 0.00E+00 0.00E+00 6.80E-06 2.92E-08 5.91E-04 0.00E+00 0.00E+00 2.92E-08 5.91E-04 9.86E-05  0.91829
14231.00 .7026914     5.48E-34 1.11E-29 0.00E+00 0.00E+00 6.69E-06 2.86E-08 5.79E-04 0.00E+00 0.00E+00 2.86E-08 5.79E-04 9.89E-05  0.90940
14241.00 .7021978     4.65E-34 9.44E-30 0.00E+00 0.00E+00 6.74E-06 2.90E-08 5.87E-04 0.00E+00 0.00E+00 2.90E-08 5.87E-04 9.91E-05  0.91496
14251.00 .7017052     4.79E-34 9.73E-30 0.00E+00 0.00E+00 6.58E-06 2.83E-08 5.74E-04 0.00E+00 0.00E+00 2.83E-08 5.74E-04 9.94E-05  0.91103
14261.00 .7012131     4.09E-34 8.32E-30 0.00E+00 0.00E+00 6.76E-06 2.92E-08 5.93E-04 0.00E+00 0.00E+00 2.92E-08 5.93E-04 9.97E-05  0.91657
14271.00 .7007218     4.57E-34 9.30E-30 0.00E+00 0.00E+00 6.72E-06 2.88E-08 5.87E-04 0.00E+00 0.00E+00 2.88E-08 5.87E-04 1.00E-04  0.90785
14281.00 .7002312     3.84E-34 7.82E-30 0.00E+00 0.00E+00 6.72E-06 2.91E-08 5.93E-04 0.00E+00 0.00E+00 2.91E-08 5.93E-04 1.00E-04  0.91427

 INTEGRATED ABSORPTION FROM  9091.00 TO 14281.00 CM-1 =    501.9199 CM-1
 AVERAGE TRANSMITTANCE = 0.9033

VOIGT SINGLE LINE SPECTRAL BIN TRANSMITTANCES ARE COMPUTED FROM AN INFINITE SERIES OF MODIFIED
BESSEL FUNCTIONS OF THE FIRST KIND TRUNCATED AFTER AT MOST 8 TERMS (I7).  THE MAXIMUM MAGNITUDE
OF THE 8th TERM WAS  0.00876 AND THIS VALUE OCCURRED AT SPECTRAL FREQUENCY 10590.00 CM-1.

 INTEGRATED TOTAL RADIANCE =  1.0015E-04 WATTS CM-2 STER-1 (FROM  9091.00 TO 14281.00 CM-1 )
 MINIMUM SPECTRAL RADIANCE =  7.5168E-09 WATTS CM-2 STER-1 / CM-1  AT 13141.00 CM-1
 MAXIMUM SPECTRAL RADIANCE =  2.9721E-08 WATTS CM-2 STER-1 / CM-1  AT 14191.00 CM-1

 TARGET-PIXEL (H2) SURFACE TEMPERATURE [K] =      0.000
 AREA-AVERAGED GROUND TEMPERATURE [K]      =    294.200
 TARGET-PIXEL (H2) DIRECTIONAL EMISSIVITY  =      1.000
 AREA-AVERAGED GROUND EMISSIVITY           =      1.000

 CARD 5 *****    0   0       0.  0       0.  0       1.
