[RenderBackendConfig] PresentationMode=HeadlessOffscreen WindowPreview=0 EnableFrameRateMeter=1 HeadlessSize=400x400 HeadlessFastDirectFinal=1 HeadlessImageProbe=0 RenderPerfProbe=1 HeadlessForceSyncVideoFalse=1 HeadlessReadbackMode=EveryFrame HeadlessReadbackEveryN=1 copyRamAttached=1 source=ini/ini/ini/ini/ini/ini/ini/ini/ini/ini/ini
[RenderBackend] syncVideo=false forced=1 clockMode=normal presentationMode=HeadlessOffscreen showFrameRateMeter=false reason=pre-open_framework
[RenderBackend] mode=HeadlessOffscreen headlessBootstrap=1 visibleWindowCreated=0
切换至【同步渲染模式】，1组UDP数据渲染1帧
[RenderBackend] mode=HeadlessOffscreen windowCreated=0 renderBackendReady=1 reason=startup graphicsWindow=0 windowPreview=0 enableFrameRateMeter=1 headlessSize=400x400 headlessFastDirectFinal=1 headlessImageProbe=0 renderPerfProbe=1 readbackMode=EveryFrame readbackEveryN=1 copyRamAttached=1
[BuildStamp] stage6b4_stage7a2_source_active=1 compile_date=Jun 26 2026 compile_time=14:44:41
[RenderBackend] mode=HeadlessOffscreen captureTask=Stage6FinalSensorTex ramCopyBinding=deferred_until_final_sensor_buffer readbackMode=EveryFrame readbackEveryN=1 copyRamAttached=1
[NetworkConfig] path=Config/NetworkConfig.ini loaded=1 udpLocal=192.168.1.130:8888 udpRemote=192.168.1.188:9999 tcpServer=192.168.1.188:5555
[Stage0] UDP baseline local=192.168.1.130:8888 remote=192.168.1.188:9999
[INFO] Remote address set to 192.168.1.188:9999
UDP通讯线程启动成功，本地地址：192.168.1.130:8888
UDP线程初始化成功
[Stage0] TCP video baseline server=192.168.1.188:5555 format=length-prefixed JPEG
TCP线程初始化成功
平台模型路径初始化完成，共加载3种平台资源
UDP接收线程开始运行TCP发送后台线程已启动...

[RenderBackend] mode=HeadlessOffscreen headlessCamera=HeadlessSensorCamera size=400x400 fov=0.1,0.1 nearFar=1,100000
[RenderBackend] mode=HeadlessOffscreen platformModelPaths=3 modelRenderHost=headless_render_root
TCP成功连接到服务器：192.168.1.188:5555
arm_release_ver of this libmali is 'g6p0-01eac0', rk_so_ver is '5'.
[Stage6 FinalPipeline] renderMode=HeadlessOffscreen renderPath=direct_final headlessFastDirectFinal=1 finalPostprocessBypass=1 rawBufferReady=0 finalBufferReady=1 tcpSource=final_sensor headless_final_pipeline_ready=1 reason=startup finalPostprocessNoop=1 finalPostprocessReason=noop windowPreview=0 presentationOutput=final_sensor_buffer rawSceneCopyMode=none rawSceneTex=none finalSensorTex=Stage6FinalSensorTex rawSceneSize=800x800 finalSensorSize=800x800 renderTexSize=1024x1024 renderTexEffectiveSize=800x800 renderTextureWidth=1024 renderTextureHeight=1024 tcpWidth=800 tcpHeight=800 textureCropApplied=1 windowSource=final_sensor windowRegion=fullscreen mtfBlurEnabled=0 mtfBlurMode=GaussianSeparable mtfBlurEffectiveMode=GaussianSinglePassSeparableWeights mtfBlurSigmaPixels=0.65 mtfBlurRadiusPixels=2 agcEnabled=0 agcMode=Percentile agcStatsSource=previous_readback agcGain=1 agcOffset=0 detectorNoiseEnabled=0 detectorNoisePosition=BeforeAGC temporalNoiseSigmaGray=0.005 fpnSigmaGray=0.003 readbackMode=EveryFrame readbackEveryN=1 copyRamAttached=1 copyRamMode=RTM_copy_ram sameOutput=1
[Stage6 ViewportDiag] reason=startup renderMode=HeadlessOffscreen renderPath=direct_final finalPostprocessBypass=1 finalPostprocessNoop=1 presentationOutput=final_sensor_buffer presentationSize=800x800 rawSceneTexSize=0x0 rawSceneRequested=800x800 finalUvScale=0,0 finalRegionDimensions=0,1,0,1 finalCardBounds=-1,1,-1,1 renderTexSize=1024x1024 renderTexEffectiveSize=800x800 rawBufferReady=0 finalBufferReady=1 rawPassRequired=0 sameOutput=1 fullscreen=1
[AnnotationOverlay] enabled=0 reason=OverlayInSensorImage_false renderMode=HeadlessOffscreen presentationOutput=final_sensor_buffer jsonPerFrame=1
[PerfConfig] EnablePerfLog=1 EnableIRVerboseLog=0 QuietPerfMode=1 IRUpdateHz=30 source=ini/ini/ini/ini
[Stage6 CaptureConfig] FlipInShader=0 FlipInTcpThread=1 source=ini/ini
[Stage6 MTFConfig] EnableMTFBlur=0 MTFBlurMode=GaussianSeparable effectiveMode=GaussianSinglePassSeparableWeights MTFBlurSigmaPixels=0.65 MTFBlurRadiusPixels=2 MTFBlurPasses=1 MTFApplyTo=final_display MTFDebugLog=0 MTFLogEveryFrames=120 implementation=single_pass_gpu_separable_weights todo=true_two_pass_separable_if_needed source=ini/ini/ini/ini/ini/ini/ini/ini
[Stage6 NoiseConfig] EnableDetectorNoise=0 NoiseApplyTo=final_display NoisePosition=BeforeAGC EnableTemporalNoise=1 TemporalNoiseSigmaGray=0.005 EnableFPN=0 FPNSigmaGray=0.003 FPNSeed=12345 EnableColumnNoise=0 ColumnNoiseSigmaGray=0.002 EnableRowNoise=0 RowNoiseSigmaGray=0.001 EnableBadPixels=0 BadPixelRatio=0.0001 NoiseClampMin=0 NoiseClampMax=1 NoiseDebugLog=0 NoiseLogEveryFrames=120 implementation=single_pass_gpu_hash_noise source=ini/ini/ini/ini/ini/ini/ini/ini/ini/ini/ini/ini/ini/ini/ini/ini/ini/ini/ini/ini
[Stage6 AGCConfig] EnableAGC=0 AGCMode=Percentile AGCApplyTo=final_display AGCStatsSource=previous_readback AGCUpdateHz=30 AGCLogEveryFrames=120 AGCLowPercentile=2 AGCHighPercentile=98 AGCMeanStdK=2.5 AGCMinGain=0.25 AGCMaxGain=8 AGCMinOffset=-1 AGCMaxOffset=1 AGCSmoothingAlpha=0.15 AGCTargetLowGray=0.05 AGCTargetHighGray=0.95 AGCStride=8 AGCExcludeAnnotationOverlay=1 AGCDebugLog=0 implementation=previous_readback_histogram source=ini/ini/ini/ini/ini/ini/ini/ini/ini/ini/ini/ini/ini/ini/ini/ini/ini/ini/ini
[TcpOutputConfig] Codec=auto JpegQuality=95 JpegEncodeMode=gray JpegGrayConvertMethod=luma EnableH264Experimental=0 H264FallbackToJpeg=1 H264Encoder=auto H264BitrateKbps=4000 H264GopFrames=30 H264LowLatency=1 H264ForceKeyFrameOnStart=1 JpegPerfABTest=0 source=ini/ini/ini/ini/ini/ini/ini/ini/ini/ini/ini/ini
[AnnotationConfig] UpdateHz=15 OverlayInSensorImage=0 JsonPerFrame=1 FastJsonMode=1 BBoxUpdateHz=10 OcclusionUpdateHz=5 ReuseLastWhenSkipped=1 BBoxFastMode=mesh_body drawBBox=0 drawKeyPoints=0 drawModelLabel=0 source=ini/ini/ini/ini/ini/ini/ini/ini
[AnnotationConfig] profilePath=Config/Annotation/annotation_profiles.json loaded=1 source=ini resolvedPath=Config/Annotation/annotation_profiles.json
[RuntimeConfig] path=Config/HwaSimIRRuntime.ini loaded=1 envOverrideCount=0 iniValueCount=196 sourcePriority=env>ini>default
红外全链路CPU模型初始化：材质库=未加载，使用默认材质 路径=materials/MaterialDatabase.csv，MODTRAN透过率=未加载，使用经验透过率 路径=transmittance/transmittance_0.3_15.txt
[Stage3] MODTRAN tau-only debug LUT=OK 路径=Config/Atmosphere/MODTRAN/processed/band_lut.csv EnableModtranTauDebug=0 UseModtranTauForAtmosphere=0 source=ini/ini（默认仅日志对比；active=1 才返回 MODTRAN tau）
[Stage1] IR配置输入：SensorWave=OK 路径=Config/SensorWave，MaterialDatabase=fallback，Transmittance=fallback，WeatherProfile=fallback
[Stage4] IRHotspots配置：OK 路径=Config/IRHotspots/target_hotspots.json（ThermalHotspot与BrightSpot分离；本阶段只处理发动机热源与特殊亮斑）
[Stage4] Visual debug flags: EnableStage4HotspotVisualDebug=0 ForceStage4BrightSpotVisible=0 ForceStage4RearHotspotVisible=0 LegacyEngineBodyHeating=0 Stage4UpdateHz=30 TargetUpdateCullInvisible=1 source=ini/ini/ini/ini/ini/ini（默认全为0；仅用于可见性/legacy诊断）
[Stage5 Radiance] Stage5DebugDisplayConfig=OK path=Config/IRRadiance/stage5_debug_display.json（只配置DebugView显示映射，不决定Stage5正式分量链路是否计算）
[Stage5 RadianceConfig] EnableIRPhysicalPipeline=1 DebugView=Off EnableStage5RadianceDebug=0 LogComponents=0 ComponentLogEveryFrames=120 UseSensorInputForDisplay=0 SensorInputDisplayMode=Manual SensorInputDisplayScale=1 SensorInputDisplayOffset=0 SensorInputDisplayClampMin=0 SensorInputDisplayClampMax=1 SensorInputDisplayGamma=1 SensorInputDisplayBand=MWIR pathRadianceSource=legacy_empirical Stage5DebugToneMap=asinh Stage5BodyRadianceScale=0.35 Stage5HotspotRadianceScale=0.003 Stage5BrightspotRadianceScale=0.004 Stage5SolarReflectanceWeight=0.15 Stage5DebugMinBodyGray=0.12 Stage5UseBaseTextureModulation=0 Stage5BodyDisplayGain=1 Stage5ReflectedDisplayGain=0.7 Stage5HotspotDisplayGain=2.8 Stage5BrightspotDisplayGain=2.2 Stage5CompositeMinGray=0 Stage5CompositeMaxGray=1 source=ini/ini/ini/ini/ini/ini/ini/ini/ini/ini/ini/ini/ini（DebugView Off 时主画面保持legacy输出；path/sky/solar MODTRAN runtime disabled）
[Stage5 AeroThermalConfig] EnableAeroThermalModel=1 ApplyAeroToRadiance=0 AeroDebugLog=0 AeroLogEveryFrames=120 AeroApplyScale=0.25 AeroApplyClampBodyDeltaK=40 AeroApplyOnlyBand=MWIR RecoveryFactor=0.85 Gamma=1.4 BodyCoeff=0.2 NoseCoeff=0.6 EdgeCoeff=0.45 RearCoeff=0.1 HeatTauSec=2 CoolTauSec=5 ClampMachMin=0 ClampMachMax=4 ClampDeltaKMax=250 speedUnit=km/h source=ini/ini/ini/ini/ini/ini/ini/ini/ini/ini/ini/ini/ini/ini/ini/ini/ini/ini（Stage4B: default computes components only; ApplyAeroToRadiance=false keeps production image unchanged）
[Stage5 ModtranRadianceConfig] EnableModtranRadianceDebug=0 UseModtranPathRuntime=0 UseModtranSkyRuntime=0 UseModtranSolarRuntime=0 PreferredSource=band_lut LogEveryFrames=120 CompareLegacy=0 ModtranPathRuntimeBand=MWIR ModtranPathRuntimeMode=Off ModtranPathUnitMode=Native ModtranPathScale=1 ModtranPathOffset=0 ModtranPathClampMin=0 ModtranPathClampMax=10 ModtranPathBlend=1 ModtranPathABLog=1 loaded=1 sourceFile=Config/Atmosphere/MODTRAN/processed/band_lut.csv defaultPathRadianceSource=legacy_empirical units=MODOUT2_native Stage5ModtranCompareEffective=0 source=ini/ini/ini/ini/ini/ini/ini/ini/ini/ini/ini（Stage3C: production default Off; MWIR path runtime A/B must opt in）
[Stage5 OutputCapture] Stage5OutputFrameDump=0 path=NA every=5（smoke-only render texture dump; TCP/JPEG protocol unchanged）
[Stage5 PlumeConfig] EnableEnginePlume=1 profile=OK path=Config/IRPlume/engine_plume_profiles.json MaxPlumeNodes=16 UseEngineState=1 UseProceduralNoise=1 EnablePlumeDebug=0 ForcePlumeVisible=0 PlumeDisplayGain=1.5 PlumeCoreDisplayGain=1.8 PlumeHaloDisplayGain=1 PlumeOpacityScale=1 PlumeCoreOpacityScale=1.1 PlumeHaloOpacityScale=0.9 UpdateHz=30 PerfBudgetMs=1 source=ini/default/ini/ini/ini/ini/ini/ini/ini/ini/ini/ini/ini/ini/ini（EnginePlume 独立于 rear ThermalHotspot 与 BrightSpot；path/sky/solar disabled）
[Stage7 Config] enableSkyHorizon=1 debugMode=Off groundZOffset=0 useReal3DBackground=1 Stage7UpdateHz=10 source=ini/ini/ini/ini/ini
[Stage7 WeatherConfig] enableWeatherEffects=1 weatherProfile=OK profilePath=Config/Weather/weather_profiles.json weatherTextures=OK textureConfigPath=Config/Weather/weather_textures.json enableCloudLayer=0 enableFog=1 enablePrecipitation=0 precipitationMode=ScreenOverlay cloudLayerMaxCards=0 precipitationMaxParticles=0 useWeatherUdpInput=1 source=ini/ini/ini/ini/ini/ini/ini/ini/ini/ini
[EffectiveRuntimeConfig] reason=startup runtimeConfigPath=Config/HwaSimIRRuntime.ini runtimeConfigLoaded=1 videoFps=0 syncMode=1 targetNumValid=0 IRUpdateHz=30 AnnotationUpdateHz=15 EnablePerfLog=1 EnableIRVerboseLog=0 EnableMTFBlur=0 MTFBlurMode=GaussianSeparable MTFBlurEffectiveMode=GaussianSinglePassSeparableWeights MTFBlurSigmaPixels=0.65 MTFBlurRadiusPixels=2 MTFBlurPasses=1 MTFApplyTo=final_display EnableDetectorNoise=0 NoiseApplyTo=final_display NoisePosition=BeforeAGC EnableTemporalNoise=1 TemporalNoiseSigmaGray=0.005 EnableFPN=0 FPNSigmaGray=0.003 EnableColumnNoise=0 ColumnNoiseSigmaGray=0.002 EnableRowNoise=0 RowNoiseSigmaGray=0.001 EnableBadPixels=0 BadPixelRatio=0.0001 EnableAGC=0 AGCMode=Percentile AGCApplyTo=final_display AGCStatsSource=previous_readback AGCUpdateHz=30 AGCStride=8 AGCGain=1 AGCOffset=0 EnableIRPhysicalPipeline=1 DebugView=Off LogComponents=0 UseSensorInputForDisplay=0 SensorInputDisplayMode=Manual SensorInputDisplayScale=1 SensorInputDisplayOffset=0 SensorInputDisplayClampMin=0 SensorInputDisplayClampMax=1 SensorInputDisplayGamma=1 SensorInputDisplayBand=MWIR EnableAeroThermalModel=1 ApplyAeroToRadiance=0 AeroDebugLog=0 AeroApplyScale=0.25 AeroApplyClampBodyDeltaK=40 AeroApplyOnlyBand=MWIR RecoveryFactor=0.85 ClampDeltaKMax=250 EnableModtranRadianceDebug=0 UseModtranPathRuntime=0 UseModtranSkyRuntime=0 UseModtranSolarRuntime=0 CompareLegacy=0 ModtranPathRuntimeBand=MWIR ModtranPathRuntimeMode=Off ModtranPathUnitMode=Native ModtranPathScale=1 ModtranPathBlend=1 Stage5ModtranCompareEffective=0 Stage7UpdateHz=10 Stage4UpdateHz=30 Stage5PlumeUpdateHz=30 Codec=auto JpegEncodeMode=gray JpegQuality=95 h264EnFromInit=0 EnableH264Experimental=0 H264FallbackToJpeg=1 H264Encoder=auto H264BitrateKbps=4000 H264GopFrames=30 H264LowLatency=1 H264ForceKeyFrameOnStart=1 JpegPerfABTest=0 readbackMode=EveryFrame readbackEveryN=1 copyRamAttached=1 BBoxFastMode=mesh_body saveMP4En=0 source=videoFps:not_initialized,targetNumValid:not_initialized,saveMP4En:not_initialized,EnablePerfLog:ini,EnableIRVerboseLog:ini,QuietPerfMode:ini,IRUpdateHz:ini,EnableMTFBlur:ini,MTFBlurMode:ini,MTFBlurSigmaPixels:ini,MTFBlurRadiusPixels:ini,MTFBlurPasses:ini,MTFApplyTo:ini,MTFDebugLog:ini,MTFLogEveryFrames:ini,EnableDetectorNoise:ini,NoiseApplyTo:ini,NoisePosition:ini,EnableTemporalNoise:ini,TemporalNoiseSigmaGray:ini,EnableFPN:ini,FPNSigmaGray:ini,FPNSeed:ini,EnableColumnNoise:ini,ColumnNoiseSigmaGray:ini,EnableRowNoise:ini,RowNoiseSigmaGray:ini,EnableBadPixels:ini,BadPixelRatio:ini,BadPixelHotGray:ini,BadPixelDeadGray:ini,NoiseClampMin:ini,NoiseClampMax:ini,NoiseDebugLog:ini,NoiseLogEveryFrames:ini,EnableAGC:ini,AGCMode:ini,AGCApplyTo:ini,AGCStatsSource:ini,AGCUpdateHz:ini,AGCLogEveryFrames:ini,AGCLowPercentile:ini,AGCHighPercentile:ini,AGCMeanStdK:ini,AGCMinGain:ini,AGCMaxGain:ini,AGCMinOffset:ini,AGCMaxOffset:ini,AGCSmoothingAlpha:ini,AGCTargetLowGray:ini,AGCTargetHighGray:ini,AGCStride:ini,AGCExcludeAnnotationOverlay:ini,AGCDebugLog:ini,AnnotationUpdateHz:ini,AnnotationOverlayInSensorImage:ini,AnnotationJsonPerFrame:ini,AnnotationFastJsonMode:ini,AnnotationBBoxUpdateHz:ini,AnnotationOcclusionUpdateHz:ini,AnnotationReuseLastWhenSkipped:ini,AnnotationBBoxFastMode:ini,TargetUpdateCullInvisible:ini,EnableIRPhysicalPipeline:ini,DebugView:ini,LogComponents:ini,UseSensorInputForDisplay:ini,SensorInputDisplayMode:ini,SensorInputDisplayScale:ini,SensorInputDisplayOffset:ini,SensorInputDisplayClampMin:ini,SensorInputDisplayClampMax:ini,SensorInputDisplayGamma:ini,SensorInputDisplayBand:ini,EnableAeroThermalModel:ini,ApplyAeroToRadiance:ini,AeroDebugLog:ini,AeroLogEveryFrames:ini,AeroApplyScale:ini,AeroApplyClampBodyDeltaK:ini,AeroApplyOnlyBand:ini,RecoveryFactor:ini,Gamma:ini,BodyCoeff:ini,NoseCoeff:ini,EdgeCoeff:ini,RearCoeff:ini,HeatTauSec:ini,CoolTauSec:ini,ClampMachMin:ini,ClampMachMax:ini,ClampDeltaKMax:ini,EnableModtranRadianceDebug:ini,UseModtranPathRuntime:ini,UseModtranSkyRuntime:ini,UseModtranSolarRuntime:ini,CompareLegacy:ini,ModtranPathRuntimeBand:ini,ModtranPathRuntimeMode:ini,ModtranPathUnitMode:ini,ModtranPathScale:ini,ModtranPathOffset:ini,ModtranPathClampMin:ini,ModtranPathClampMax:ini,ModtranPathBlend:ini,ModtranPathABLog:ini,Stage7UpdateHz:ini,Stage4UpdateHz:ini,Stage5PlumeUpdateHz:ini,Codec:ini,JpegEncodeMode:ini,JpegQuality:ini,EnableH264Experimental:ini,H264FallbackToJpeg:ini,H264Encoder:ini,H264BitrateKbps:ini,H264GopFrames:ini,H264LowLatency:ini,H264ForceKeyFrameOnStart:ini,JpegPerfABTest:ini
[Stage1] Sensor profile (startup-default): protocolBand=2, band=MWIR, sensorRange=3-5um, modelRange=3-5um, profileSize=640x480, ADC=14bit, display=8bit, NETD=0.05K, FOV=45x33.75, detectorPitch=0.02mm, focalLength=100mm, lensFnumber=1, blackHot=0, source=Config/SensorWave/default_MWIR.json
[SensorWave Usage] band=MWIR file=Config/SensorWave/default_MWIR.json usedFields=SensorConfigurationSystem.Width,Height,ADCBitNumber,DisplayBits,SpectralResponseRangeLow,High,NoiseEquivalentTemperatureDifference,DetectorPitch,FocalLength,LensFnumber,BlackHot fallbackFields=Width,Height,FOVH,FOVV used only when UDP init geometry is invalid or missing ignoredPresagisFields=GainControlSystem,MTF,Vignetting,FXAA,TemporalAA,ImageFusionSystem,DistributedApertureSystem,IntensifierConfigurationSystem,TaskSSR
[Stage3] Environment (startup-default): hour=12, airTempC=25, visibilityM=23000, humidity=40, wind=0m/s@0deg, weatherCode=0, sunAzimuth=180, sunElevation=45, sunStrength=1, profile=fallback
[Stage6 FinalPipeline] renderMode=HeadlessOffscreen renderPath=direct_final headlessFastDirectFinal=1 finalPostprocessBypass=1 rawBufferReady=0 finalBufferReady=1 tcpSource=final_sensor headless_final_pipeline_ready=1 reason=runtime-config finalPostprocessNoop=1 finalPostprocessReason=noop windowPreview=0 presentationOutput=final_sensor_buffer rawSceneCopyMode=none rawSceneTex=none finalSensorTex=Stage6FinalSensorTex rawSceneSize=800x800 finalSensorSize=800x800 renderTexSize=1024x1024 renderTexEffectiveSize=800x800 renderTextureWidth=1024 renderTextureHeight=1024 tcpWidth=800 tcpHeight=800 textureCropApplied=1 windowSource=final_sensor windowRegion=fullscreen mtfBlurEnabled=0 mtfBlurMode=GaussianSeparable mtfBlurEffectiveMode=GaussianSinglePassSeparableWeights mtfBlurSigmaPixels=0.65 mtfBlurRadiusPixels=2 agcEnabled=0 agcMode=Percentile agcStatsSource=previous_readback agcGain=1 agcOffset=0 detectorNoiseEnabled=0 detectorNoisePosition=BeforeAGC temporalNoiseSigmaGray=0.005 fpnSigmaGray=0.003 readbackMode=EveryFrame readbackEveryN=1 copyRamAttached=1 copyRamMode=RTM_copy_ram sameOutput=1
[Stage6 ViewportDiag] reason=runtime-config renderMode=HeadlessOffscreen renderPath=direct_final finalPostprocessBypass=1 finalPostprocessNoop=1 presentationOutput=final_sensor_buffer presentationSize=800x800 rawSceneTexSize=0x0 rawSceneRequested=800x800 finalUvScale=0,0 finalRegionDimensions=0,1,0,1 finalCardBounds=-1,1,-1,1 renderTexSize=1024x1024 renderTexEffectiveSize=800x800 rawBufferReady=0 finalBufferReady=1 rawPassRequired=0 sameOutput=1 fullscreen=1
[AnnotationOverlay] enabled=0 reason=OverlayInSensorImage_false renderMode=HeadlessOffscreen presentationOutput=final_sensor_buffer jsonPerFrame=1
[Stage7 3DSkyGround] reason=init-sky enable=1 band=MWIR envTerrain=0 envSky=0 skyGrayRaw=0.65 groundGrayRaw=0.35 skyGrayFinal=0.65 groundGrayFinal=0.35 skyGray=0.65 groundGray=0.35 skyDome=1 lowerShell=1 groundPlane=0 source=env+band_default
[Stage7 Debug] mode=Off skyVisible=1 groundVisible=1 forcedSkyGray=NA forcedGroundGray=NA
[Stage7 Real3DBackground] skyDome=1 lowerShell=1 flatGroundPlane=0 cameraPos=0,0,0 backgroundMode=real_3d
[Stage7 GroundReference] mode=reference_zero groundZOffset=0 finalGroundReferenceZ=0
[Stage7 SkyDomeDiag] cameraPos=0,0,0 skyDomePos=0,0,0 farClipM=50000 skyRadius=42500 radius=42500 radiusSource=farClip_scaled radiusLessThanFarClip=1 twoSided=1 depthWrite=0 depthTest=0
[Stage7 GroundDiag] groundPos=0,0,0 farClipM=50000 groundSize=42500 lowerShellRadius=42500 groundZOffset=0 envTerrain=0 groundGray=0.35
[Stage7 Weather] reason=init-sky envSky=0 weatherName=Clear visibilityM=23000 humidity=40 windV=0 windDir=0 cloudCoverage=0 fogDensity=0 precipitationType=none sunDirectScale=1 skyDiffuseScale=1 targetContrastScale=1 source=UDP+weather_profiles+RuntimeConfig
[Stage7 CloudLayer] enabled=0 texture=Config/Weather/Textures/cloud_few.png textureFound=1 coverage=0 opacity=0 temperatureK=255 band=MWIR cloudGray=0.385455
[Stage7 Fog] enabled=0 visibilityM=23000 fogDensity=0 fogGray=0.45 targetContrastScale=1
[Stage7 Precipitation] enabled=0 type=none density=0 speed=0 windV=0 windDir=0 maxHeight=0 transHeight=0
[Stage7 PrecipitationOverlay] mode=ScreenOverlay active=0 type=none density=0 sensorFovDeg=0 pattern=screen_sparse_low_contrast giantVerticalBars=0 sameOutput=1
[Stage7 Perf] weatherNodeCount=0 cloudNodeCount=0 precipitationNodeCount=0 textureLoadCountThisFrame=0 updateWeatherNodesMs=0.000875 totalWeatherMs=0.003792 precipitationMode=ScreenOverlay
Stage7B/7C真实3D背景初始化完成：skyDome=1 lowerShell=1 flatGroundPlane=0 cloud cards=0 precipitationCards=0
应用程序已启动。按ESC键退出。
[RenderPerfProbe] pandaDoFrameMs=130.902 renderPath=direct_final graphicsOutputCount=1 activeDisplayRegionCount=1 rawPassEnabled=0 finalPassEnabled=1 annotationOverlayEnabled=0 readbackMode=EveryFrame readbackEveryN=1 copyRamAttached=1 copyRamMode=RTM_copy_ram quietPerfMode=1 bboxFastMode=mesh_body processRealSceneMs=0.000 targetMappingMs=0.000 cameraControlMs=0.000 stage4Stage5UpdateMs=0.000 shaderInputApplyMs=0.000 readbackMs=0.000 frameCopyMs=0.000 jpegMs=0.000 annotationMs=0.000 annotationBBoxMs=0.000 annotationOcclusionMs=0.000 annotationJsonMs=0.000 annotationTargets=0 bboxUpdateCount=0 bboxReuseCount=0 occlusionUpdateCount=0 occlusionReuseCount=0 targetUpdateCullInvisible=1 targetUpdateTotal=0 targetUpdateVisible=0 targetUpdateSkippedBeyondFar=0 targetUpdateSkippedShaderApply=0
[RenderPerfProbe] pandaDoFrameMs=14.082 renderPath=direct_final graphicsOutputCount=1 activeDisplayRegionCount=1 rawPassEnabled=0 finalPassEnabled=1 annotationOverlayEnabled=0 readbackMode=EveryFrame readbackEveryN=1 copyRamAttached=1 copyRamMode=RTM_copy_ram quietPerfMode=1 bboxFastMode=mesh_body processRealSceneMs=0.000 targetMappingMs=0.000 cameraControlMs=0.000 stage4Stage5UpdateMs=0.000 shaderInputApplyMs=0.000 readbackMs=0.000 frameCopyMs=0.000 jpegMs=0.000 annotationMs=0.000 annotationBBoxMs=0.000 annotationOcclusionMs=0.000 annotationJsonMs=0.000 annotationTargets=0 bboxUpdateCount=0 bboxReuseCount=0 occlusionUpdateCount=0 occlusionReuseCount=0 targetUpdateCullInvisible=1 targetUpdateTotal=0 targetUpdateVisible=0 targetUpdateSkippedBeyondFar=0 targetUpdateSkippedShaderApply=0
[RenderPerfProbe] pandaDoFrameMs=11.657 renderPath=direct_final graphicsOutputCount=1 activeDisplayRegionCount=1 rawPassEnabled=0 finalPassEnabled=1 annotationOverlayEnabled=0 readbackMode=EveryFrame readbackEveryN=1 copyRamAttached=1 copyRamMode=RTM_copy_ram quietPerfMode=1 bboxFastMode=mesh_body processRealSceneMs=0.000 targetMappingMs=0.000 cameraControlMs=0.000 stage4Stage5UpdateMs=0.000 shaderInputApplyMs=0.000 readbackMs=0.000 frameCopyMs=0.000 jpegMs=0.000 annotationMs=0.000 annotationBBoxMs=0.000 annotationOcclusionMs=0.000 annotationJsonMs=0.000 annotationTargets=0 bboxUpdateCount=0 bboxReuseCount=0 occlusionUpdateCount=0 occlusionReuseCount=0 targetUpdateCullInvisible=1 targetUpdateTotal=0 targetUpdateVisible=0 targetUpdateSkippedBeyondFar=0 targetUpdateSkippedShaderApply=0
[RenderPerfProbe] pandaDoFrameMs=9.857 renderPath=direct_final graphicsOutputCount=1 activeDisplayRegionCount=1 rawPassEnabled=0 finalPassEnabled=1 annotationOverlayEnabled=0 readbackMode=EveryFrame readbackEveryN=1 copyRamAttached=1 copyRamMode=RTM_copy_ram quietPerfMode=1 bboxFastMode=mesh_body processRealSceneMs=0.000 targetMappingMs=0.000 cameraControlMs=0.000 stage4Stage5UpdateMs=0.000 shaderInputApplyMs=0.000 readbackMs=0.000 frameCopyMs=0.000 jpegMs=0.000 annotationMs=0.000 annotationBBoxMs=0.000 annotationOcclusionMs=0.000 annotationJsonMs=0.000 annotationTargets=0 bboxUpdateCount=0 bboxReuseCount=0 occlusionUpdateCount=0 occlusionReuseCount=0 targetUpdateCullInvisible=1 targetUpdateTotal=0 targetUpdateVisible=0 targetUpdateSkippedBeyondFar=0 targetUpdateSkippedShaderApply=0
[Perf] mode=sync videoFpsTarget=0.000 udpFps=0.000 renderFps=0.000 outputFps=0.000 sceneUpdateMs=0.000 annotationMs=0.000 irUpdateMs=0.000 irEnvBuildMs=0.000 stage7SkyGroundMs=0.000 platformRadianceMs=0.000 targetRadianceMs=0.000 stage4HotspotMs=0.000 stage5PlumeMs=0.000 stage5RadianceComponentMs=0.000 stage5AeroThermalMs=0.000 stage5ModtranLookupMs=0.000 shaderInputApplyMs=0.000 shaderInputApplyScope=exclusive stage7SkyGroundScope=inclusive stage4HotspotScope=inclusive shaderInputSetCount=0 shaderInputSkipCount=0 shaderInputCacheHitRate=0.000 stage5ModtranCacheHitCount=0 stage5ModtranCacheMissCount=0 stage7FullUpdateCount=0 stage7PositionOnlyCount=0 stage7SkipCount=0 stage4UpdateCount=0 stage4SkipCount=0 plumeUpdateMs=0.000 renderMs=0.000 stage6MtfBlurMs=0.000 stage6MtfBlurScope=render_pass_upper_bound mtfBlurEnabled=0 mtfBlurSigmaPixels=0.000 mtfBlurRadiusPixels=0 stage6DetectorNoiseMs=0.000 stage6DetectorNoiseScope=render_pass_upper_bound detectorNoiseEnabled=0 temporalNoiseSigmaGray=0.000 fpnSigmaGray=0.000 columnNoiseSigmaGray=0.000 rowNoiseSigmaGray=0.000 badPixelRatio=0.000 noisePosition=BeforeAGC stage6AgcStatsMs=0.000 stage6AgcApplyMs=0.000 agcEnabled=0 agcMode=Off agcGain=1.000 agcOffset=0.000 agcLowInput=0.000 agcHighInput=1.000 agcSampleCount=0 readbackMs=0.000 resizeMs=0.000 frameCopyMs=0.000 jpegMs=0.000 tcpSendMs=0.000 tcpQueueDepth=0 tcpQueueDepthMax=0 inputQueueDepth=0 inputQueueDepthMax=0 sourceSeqLag=0 latencyAvgMs=0.000 latencyMaxMs=0.000 syncOverrunCount=0 inputQueueOverflowCount=0 udpFrames=0 renderFrames=0 outputFrames=0
[RenderPerfProbe] pandaDoFrameMs=9.601 renderPath=direct_final graphicsOutputCount=1 activeDisplayRegionCount=1 rawPassEnabled=0 finalPassEnabled=1 annotationOverlayEnabled=0 readbackMode=EveryFrame readbackEveryN=1 copyRamAttached=1 copyRamMode=RTM_copy_ram quietPerfMode=1 bboxFastMode=mesh_body processRealSceneMs=0.000 targetMappingMs=0.000 cameraControlMs=0.000 stage4Stage5UpdateMs=0.000 shaderInputApplyMs=0.000 readbackMs=0.000 frameCopyMs=0.000 jpegMs=0.000 annotationMs=0.000 annotationBBoxMs=0.000 annotationOcclusionMs=0.000 annotationJsonMs=0.000 annotationTargets=0 bboxUpdateCount=0 bboxReuseCount=0 occlusionUpdateCount=0 occlusionReuseCount=0 targetUpdateCullInvisible=1 targetUpdateTotal=0 targetUpdateVisible=0 targetUpdateSkippedBeyondFar=0 targetUpdateSkippedShaderApply=0
接收UDP数据，长度：24字节，来自：192.168.1.188:9999 packet=1
解析UDP数据，flag：0x41 packet=1
[Stage0] Control command queued for main thread: command=1, round=1/1
[Stage0] Processing queued control command on render thread command=1 round=1/1
收到控制指令：
  军别：1
  挂载平台ID：1
  仿真指令：复位
  总回合数：1
  当前回合：1
[Stage0] Control command received: command=1, round=1/1
执行复位逻辑...
[TcpControlForward] simCommand=1 round=1/1
TCP线程初始化标志已重置，下一回合可重新发送初始化命令
复位完成：所有平台已删除，数据已清空
[RenderPerfProbe] pandaDoFrameMs=10.083 renderPath=direct_final graphicsOutputCount=1 activeDisplayRegionCount=1 rawPassEnabled=0 finalPassEnabled=1 annotationOverlayEnabled=0 readbackMode=EveryFrame readbackEveryN=1 copyRamAttached=1 copyRamMode=RTM_copy_ram quietPerfMode=1 bboxFastMode=mesh_body processRealSceneMs=0.000 targetMappingMs=0.000 cameraControlMs=0.000 stage4Stage5UpdateMs=0.000 shaderInputApplyMs=0.000 readbackMs=0.000 frameCopyMs=0.000 jpegMs=0.000 annotationMs=0.000 annotationBBoxMs=0.000 annotationOcclusionMs=0.000 annotationJsonMs=0.000 annotationTargets=0 bboxUpdateCount=0 bboxReuseCount=0 occlusionUpdateCount=0 occlusionReuseCount=0 targetUpdateCullInvisible=1 targetUpdateTotal=0 targetUpdateVisible=0 targetUpdateSkippedBeyondFar=0 targetUpdateSkippedShaderApply=0
接收UDP数据，长度：599字节，来自：192.168.1.188:9999 packet=2
解析UDP数据，flag：0x36 packet=2
[Stage0] Init command queued for main thread: sensorID=1, platNumValid=1
[Perf] mode=sync videoFpsTarget=0.000 udpFps=0.000 renderFps=0.000 outputFps=0.000 sceneUpdateMs=0.000 annotationMs=0.000 irUpdateMs=0.000 irEnvBuildMs=0.000 stage7SkyGroundMs=0.000 platformRadianceMs=0.000 targetRadianceMs=0.000 stage4HotspotMs=0.000 stage5PlumeMs=0.000 stage5RadianceComponentMs=0.000 stage5AeroThermalMs=0.000 stage5ModtranLookupMs=0.000 shaderInputApplyMs=0.000 shaderInputApplyScope=exclusive stage7SkyGroundScope=inclusive stage4HotspotScope=inclusive shaderInputSetCount=0 shaderInputSkipCount=0 shaderInputCacheHitRate=0.000 stage5ModtranCacheHitCount=0 stage5ModtranCacheMissCount=0 stage7FullUpdateCount=0 stage7PositionOnlyCount=0 stage7SkipCount=0 stage4UpdateCount=0 stage4SkipCount=0 plumeUpdateMs=0.000 renderMs=0.000 stage6MtfBlurMs=0.000 stage6MtfBlurScope=render_pass_upper_bound mtfBlurEnabled=0 mtfBlurSigmaPixels=0.000 mtfBlurRadiusPixels=0 stage6DetectorNoiseMs=0.000 stage6DetectorNoiseScope=render_pass_upper_bound detectorNoiseEnabled=0 temporalNoiseSigmaGray=0.000 fpnSigmaGray=0.000 columnNoiseSigmaGray=0.000 rowNoiseSigmaGray=0.000 badPixelRatio=0.000 noisePosition=BeforeAGC stage6AgcStatsMs=0.000 stage6AgcApplyMs=0.000 agcEnabled=0 agcMode=Off agcGain=1.000 agcOffset=0.000 agcLowInput=0.000 agcHighInput=1.000 agcSampleCount=0 readbackMs=0.000 resizeMs=0.000 frameCopyMs=0.000 jpegMs=0.000 tcpSendMs=0.000 tcpQueueDepth=0 tcpQueueDepthMax=0 inputQueueDepth=0 inputQueueDepthMax=0 sourceSeqLag=0 latencyAvgMs=0.000 latencyMaxMs=0.000 syncOverrunCount=0 inputQueueOverflowCount=0 udpFrames=0 renderFrames=0 outputFrames=0
[Stage0] Processing queued init command on render thread sensorID=1 platNumValid=1
收到成像初始化指令：
  军别：1
  挂载平台ID：1
  传感器ID：1
  有效平台数：1
[Stage0] Init baseline: sensorBand=2, sensorSize=800x800, viewMinMax=1/50000, pixelAngleUrad=2.18166, legacyResolution=0.1x0.1, videoFps=60, missileMax(AIM120/AIM9/MMD)=5/5/0
[Codec] h264En=0 requestedCodec=jpeg activeCodec=jpeg codecFallbackReason=none
[EffectiveRuntimeConfig] reason=after_init runtimeConfigPath=Config/HwaSimIRRuntime.ini runtimeConfigLoaded=1 videoFps=60 syncMode=1 targetNumValid=0 IRUpdateHz=30 AnnotationUpdateHz=15 EnablePerfLog=1 EnableIRVerboseLog=0 EnableMTFBlur=0 MTFBlurMode=GaussianSeparable MTFBlurEffectiveMode=GaussianSinglePassSeparableWeights MTFBlurSigmaPixels=0.65 MTFBlurRadiusPixels=2 MTFBlurPasses=1 MTFApplyTo=final_display EnableDetectorNoise=0 NoiseApplyTo=final_display NoisePosition=BeforeAGC EnableTemporalNoise=1 TemporalNoiseSigmaGray=0.005 EnableFPN=0 FPNSigmaGray=0.003 EnableColumnNoise=0 ColumnNoiseSigmaGray=0.002 EnableRowNoise=0 RowNoiseSigmaGray=0.001 EnableBadPixels=0 BadPixelRatio=0.0001 EnableAGC=0 AGCMode=Percentile AGCApplyTo=final_display AGCStatsSource=previous_readback AGCUpdateHz=30 AGCStride=8 AGCGain=1 AGCOffset=0 EnableIRPhysicalPipeline=1 DebugView=Off LogComponents=0 UseSensorInputForDisplay=0 SensorInputDisplayMode=Manual SensorInputDisplayScale=1 SensorInputDisplayOffset=0 SensorInputDisplayClampMin=0 SensorInputDisplayClampMax=1 SensorInputDisplayGamma=1 SensorInputDisplayBand=MWIR EnableAeroThermalModel=1 ApplyAeroToRadiance=0 AeroDebugLog=0 AeroApplyScale=0.25 AeroApplyClampBodyDeltaK=40 AeroApplyOnlyBand=MWIR RecoveryFactor=0.85 ClampDeltaKMax=250 EnableModtranRadianceDebug=0 UseModtranPathRuntime=0 UseModtranSkyRuntime=0 UseModtranSolarRuntime=0 CompareLegacy=0 ModtranPathRuntimeBand=MWIR ModtranPathRuntimeMode=Off ModtranPathUnitMode=Native ModtranPathScale=1 ModtranPathBlend=1 Stage5ModtranCompareEffective=0 Stage7UpdateHz=10 Stage4UpdateHz=30 Stage5PlumeUpdateHz=30 Codec=auto JpegEncodeMode=gray JpegQuality=95 h264EnFromInit=0 EnableH264Experimental=0 H264FallbackToJpeg=1 H264Encoder=auto H264BitrateKbps=4000 H264GopFrames=30 H264LowLatency=1 H264ForceKeyFrameOnStart=1 JpegPerfABTest=0 readbackMode=EveryFrame readbackEveryN=1 copyRamAttached=1 BBoxFastMode=mesh_body saveMP4En=1 source=videoFps:cmd,targetNumValid:pending_realtime_packet,saveMP4En:cmd,EnablePerfLog:ini,EnableIRVerboseLog:ini,QuietPerfMode:ini,IRUpdateHz:ini,EnableMTFBlur:ini,MTFBlurMode:ini,MTFBlurSigmaPixels:ini,MTFBlurRadiusPixels:ini,MTFBlurPasses:ini,MTFApplyTo:ini,MTFDebugLog:ini,MTFLogEveryFrames:ini,EnableDetectorNoise:ini,NoiseApplyTo:ini,NoisePosition:ini,EnableTemporalNoise:ini,TemporalNoiseSigmaGray:ini,EnableFPN:ini,FPNSigmaGray:ini,FPNSeed:ini,EnableColumnNoise:ini,ColumnNoiseSigmaGray:ini,EnableRowNoise:ini,RowNoiseSigmaGray:ini,EnableBadPixels:ini,BadPixelRatio:ini,BadPixelHotGray:ini,BadPixelDeadGray:ini,NoiseClampMin:ini,NoiseClampMax:ini,NoiseDebugLog:ini,NoiseLogEveryFrames:ini,EnableAGC:ini,AGCMode:ini,AGCApplyTo:ini,AGCStatsSource:ini,AGCUpdateHz:ini,AGCLogEveryFrames:ini,AGCLowPercentile:ini,AGCHighPercentile:ini,AGCMeanStdK:ini,AGCMinGain:ini,AGCMaxGain:ini,AGCMinOffset:ini,AGCMaxOffset:ini,AGCSmoothingAlpha:ini,AGCTargetLowGray:ini,AGCTargetHighGray:ini,AGCStride:ini,AGCExcludeAnnotationOverlay:ini,AGCDebugLog:ini,AnnotationUpdateHz:ini,AnnotationOverlayInSensorImage:ini,AnnotationJsonPerFrame:ini,AnnotationFastJsonMode:ini,AnnotationBBoxUpdateHz:ini,AnnotationOcclusionUpdateHz:ini,AnnotationReuseLastWhenSkipped:ini,AnnotationBBoxFastMode:ini,TargetUpdateCullInvisible:ini,EnableIRPhysicalPipeline:ini,DebugView:ini,LogComponents:ini,UseSensorInputForDisplay:ini,SensorInputDisplayMode:ini,SensorInputDisplayScale:ini,SensorInputDisplayOffset:ini,SensorInputDisplayClampMin:ini,SensorInputDisplayClampMax:ini,SensorInputDisplayGamma:ini,SensorInputDisplayBand:ini,EnableAeroThermalModel:ini,ApplyAeroToRadiance:ini,AeroDebugLog:ini,AeroLogEveryFrames:ini,AeroApplyScale:ini,AeroApplyClampBodyDeltaK:ini,AeroApplyOnlyBand:ini,RecoveryFactor:ini,Gamma:ini,BodyCoeff:ini,NoseCoeff:ini,EdgeCoeff:ini,RearCoeff:ini,HeatTauSec:ini,CoolTauSec:ini,ClampMachMin:ini,ClampMachMax:ini,ClampDeltaKMax:ini,EnableModtranRadianceDebug:ini,UseModtranPathRuntime:ini,UseModtranSkyRuntime:ini,UseModtranSolarRuntime:ini,CompareLegacy:ini,ModtranPathRuntimeBand:ini,ModtranPathRuntimeMode:ini,ModtranPathUnitMode:ini,ModtranPathScale:ini,ModtranPathOffset:ini,ModtranPathClampMin:ini,ModtranPathClampMax:ini,ModtranPathBlend:ini,ModtranPathABLog:ini,Stage7UpdateHz:ini,Stage4UpdateHz:ini,Stage5PlumeUpdateHz:ini,Codec:ini,JpegEncodeMode:ini,JpegQuality:ini,EnableH264Experimental:ini,H264FallbackToJpeg:ini,H264Encoder:ini,H264BitrateKbps:ini,H264GopFrames:ini,H264LowLatency:ini,H264ForceKeyFrameOnStart:ini,JpegPerfABTest:ini
[Stage1] Sensor profile (init-command): protocolBand=2, band=MWIR, sensorRange=3-5um, modelRange=3-5um, profileSize=640x480, ADC=14bit, display=8bit, NETD=0.05K, FOV=45x33.75, detectorPitch=0.02mm, focalLength=100mm, lensFnumber=1, blackHot=0, source=Config/SensorWave/default_MWIR.json
[SensorWave Usage] band=MWIR file=Config/SensorWave/default_MWIR.json usedFields=SensorConfigurationSystem.Width,Height,ADCBitNumber,DisplayBits,SpectralResponseRangeLow,High,NoiseEquivalentTemperatureDifference,DetectorPitch,FocalLength,LensFnumber,BlackHot fallbackFields=Width,Height,FOVH,FOVV used only when UDP init geometry is invalid or missing ignoredPresagisFields=GainControlSystem,MTF,Vignetting,FXAA,TemporalAA,ImageFusionSystem,DistributedApertureSystem,IntensifierConfigurationSystem,TaskSSR
执行成像初始化逻辑...
传感器参数初始化完成，传感器ID=1
[Stage0] Init render setup begin sensorSize=800x800
[Stage6 FinalPipeline] renderMode=HeadlessOffscreen renderPath=direct_final headlessFastDirectFinal=1 finalPostprocessBypass=1 rawBufferReady=0 finalBufferReady=1 tcpSource=final_sensor headless_final_pipeline_ready=1 reason=resize-headless finalPostprocessNoop=1 finalPostprocessReason=noop windowPreview=0 presentationOutput=final_sensor_buffer rawSceneCopyMode=none rawSceneTex=none finalSensorTex=Stage6FinalSensorTex rawSceneSize=800x800 finalSensorSize=800x800 renderTexSize=800x800 renderTexEffectiveSize=800x800 renderTextureWidth=800 renderTextureHeight=800 tcpWidth=800 tcpHeight=800 textureCropApplied=0 windowSource=final_sensor windowRegion=fullscreen mtfBlurEnabled=0 mtfBlurMode=GaussianSeparable mtfBlurEffectiveMode=GaussianSinglePassSeparableWeights mtfBlurSigmaPixels=0.65 mtfBlurRadiusPixels=2 agcEnabled=0 agcMode=Percentile agcStatsSource=previous_readback agcGain=1 agcOffset=0 detectorNoiseEnabled=0 detectorNoisePosition=BeforeAGC temporalNoiseSigmaGray=0.005 fpnSigmaGray=0.003 readbackMode=EveryFrame readbackEveryN=1 copyRamAttached=1 copyRamMode=RTM_copy_ram sameOutput=1
[Stage6 ViewportDiag] reason=resize-headless renderMode=HeadlessOffscreen renderPath=direct_final finalPostprocessBypass=1 finalPostprocessNoop=1 presentationOutput=final_sensor_buffer presentationSize=800x800 rawSceneTexSize=0x0 rawSceneRequested=800x800 finalUvScale=0,0 finalRegionDimensions=0,1,0,1 finalCardBounds=-1,1,-1,1 renderTexSize=800x800 renderTexEffectiveSize=800x800 rawBufferReady=0 finalBufferReady=1 rawPassRequired=0 sameOutput=1 fullscreen=1
[AnnotationOverlay] enabled=0 reason=OverlayInSensorImage_false renderMode=HeadlessOffscreen presentationOutput=final_sensor_buffer jsonPerFrame=1
[Stage6 Resize] renderMode=HeadlessOffscreen finalSensorSize=800x800 renderTexture=Stage6FinalSensorTex pipelineReady=1
[Stage6 SensorGeometry] reason=init-command width=800 height=800 viewMin=1 viewMax=50000 pixelAngleUrad=2.18166 horizontalFovDeg=0.0999999 verticalFovDeg=0.0999999 nearClipM=1 farClipM=50000 fov_source=pixelAngle_urad_per_pixel
[Stage6 Display] reason=init-command whiteHot=1 displayGain=1 displayOffset=0 noiseEnable=0 noiseSigmaGray=0 noiseOverrideEnable=1 noiseSource=ini applyToWindow=1 applyToCapture=0 backgroundDisplay=1 configSource=ini effectiveWhiteHot=1 effectiveNoiseEnable=0 effectiveNoiseSigmaGray=0 source=ini
[Stage6 DisplayRoute] reason=init-command route=final_sensor deprecatedRoute=1 finalRoute=final_sensor applyToWindow=1 applyToCapture=0 backgroundDisplay=1
[Stage0] Init render setup complete
[Annotation] enabled=1
开始生成PlatParamPak平台，有效数：1
[Stage2] 材质绑定：F35 materialIdTex=OK materialMap=OK entries=4 default=BM_METAL-ALUMINIUM
PlatParamPak平台生成成功：类型=1 ID=1
相机已绑定到第一个PlatParamPak平台（ID=1），偏移：(0, 0, -8)
相机视场角(Stage6 SensorGeometry)：0.0999999,0.0999999
开始生成TargetState平台，有效数--120：5--9：5--MMD：0
[Stage2] 材质绑定：AIM120D materialIdTex=OK materialMap=OK entries=4 default=BM_METAL-STEEL
TargetState平台生成成功：类型=2 目标ID=-1
[Stage2] 材质绑定：AIM120D materialIdTex=OK materialMap=OK entries=4 default=BM_METAL-STEEL
TargetState平台生成成功：类型=2 目标ID=-1
[Stage2] 材质绑定：AIM120D materialIdTex=OK materialMap=OK entries=4 default=BM_METAL-STEEL
TargetState平台生成成功：类型=2 目标ID=-1
[Stage2] 材质绑定：AIM120D materialIdTex=OK materialMap=OK entries=4 default=BM_METAL-STEEL
TargetState平台生成成功：类型=2 目标ID=-1
[Stage2] 材质绑定：AIM120D materialIdTex=OK materialMap=OK entries=4 default=BM_METAL-STEEL
TargetState平台生成成功：类型=2 目标ID=-1
[Stage2] 材质绑定：AIM9X materialIdTex=OK materialMap=OK entries=4 default=IR_CERAMIC
TargetState平台生成成功：类型=3 目标ID=-1
[Stage2] 材质绑定：AIM9X materialIdTex=OK materialMap=OK entries=4 default=IR_CERAMIC
TargetState平台生成成功：类型=3 目标ID=-1
[Stage2] 材质绑定：AIM9X materialIdTex=OK materialMap=OK entries=4 default=IR_CERAMIC
TargetState平台生成成功：类型=3 目标ID=-1
[Stage2] 材质绑定：AIM9X materialIdTex=OK materialMap=OK entries=4 default=IR_CERAMIC
TargetState平台生成成功：类型=3 目标ID=-1
[Stage2] 材质绑定：AIM9X materialIdTex=OK materialMap=OK entries=4 default=IR_CERAMIC
TargetState平台生成成功：类型=3 目标ID=-1
[Stage7 3DSkyGround] reason=init-command enable=1 band=MWIR envTerrain=0 envSky=0 skyGrayRaw=0.65 groundGrayRaw=0.35 skyGrayFinal=0.65 groundGrayFinal=0.35 skyGray=0.65 groundGray=0.35 skyDome=1 lowerShell=1 groundPlane=0 source=env+band_default
[Stage7 Debug] mode=Off skyVisible=1 groundVisible=1 forcedSkyGray=NA forcedGroundGray=NA
[Stage7 Real3DBackground] skyDome=1 lowerShell=1 flatGroundPlane=0 cameraPos=40,100,11000 backgroundMode=real_3d
[Stage7 GroundReference] mode=reference_zero groundZOffset=0 finalGroundReferenceZ=0
[Stage7 SkyDomeDiag] cameraPos=40,100,11000 skyDomePos=40,100,11000 farClipM=50000 skyRadius=42500 radius=42500 radiusSource=farClip_scaled radiusLessThanFarClip=1 twoSided=1 depthWrite=0 depthTest=0
[Stage7 GroundDiag] groundPos=40,100,11000 farClipM=50000 groundSize=42500 lowerShellRadius=42500 groundZOffset=0 envTerrain=0 groundGray=0.35
[Stage7 Weather] reason=init-command envSky=0 weatherName=Clear visibilityM=6000 humidity=85 windV=8 windDir=30 cloudCoverage=0 fogDensity=0 precipitationType=none sunDirectScale=1 skyDiffuseScale=1 targetContrastScale=1 source=UDP+weather_profiles+RuntimeConfig
[Stage7 CloudLayer] enabled=0 texture=Config/Weather/Textures/cloud_few.png textureFound=1 coverage=0 opacity=0 temperatureK=255 band=MWIR cloudGray=0.385455
[Stage7 Fog] enabled=0 visibilityM=6000 fogDensity=0 fogGray=0.45 targetContrastScale=1
[Stage7 Precipitation] enabled=0 type=none density=0 speed=0 windV=8 windDir=30 maxHeight=0 transHeight=0
[Stage7 PrecipitationOverlay] mode=ScreenOverlay active=0 type=none density=0 sensorFovDeg=0.0999999 pattern=screen_sparse_low_contrast giantVerticalBars=0 sameOutput=1
[Stage7 Perf] weatherNodeCount=0 cloudNodeCount=0 precipitationNodeCount=0 textureLoadCountThisFrame=0 updateWeatherNodesMs=0.001167 totalWeatherMs=0.003792 precipitationMode=ScreenOverlay
初始化仿真中心原点：ID=1 位置(40.0001,100,11000)
成像初始化完成：军别=1 挂载平台ID=1 仿真回合=0
[Stage3] Environment (init-command): hour=12, airTempC=25, visibilityM=6000, humidity=85, wind=8m/s@30deg, weatherCode=0, sunAzimuth=180, sunElevation=45, sunStrength=1, profile=fallback
发送初始化应答成功，长度：17字节
发送初始化应答：准备状态=就绪
[TcpInitForward] sensorID=1 platNumValid=1
[RenderPerfProbe] pandaDoFrameMs=10.229 renderPath=direct_final graphicsOutputCount=1 activeDisplayRegionCount=1 rawPassEnabled=0 finalPassEnabled=1 annotationOverlayEnabled=0 readbackMode=EveryFrame readbackEveryN=1 copyRamAttached=1 copyRamMode=RTM_copy_ram quietPerfMode=1 bboxFastMode=mesh_body processRealSceneMs=0.000 targetMappingMs=0.000 cameraControlMs=0.000 stage4Stage5UpdateMs=0.000 shaderInputApplyMs=0.000 readbackMs=0.000 frameCopyMs=0.000 jpegMs=0.000 annotationMs=0.000 annotationBBoxMs=0.000 annotationOcclusionMs=0.000 annotationJsonMs=0.000 annotationTargets=0 bboxUpdateCount=0 bboxReuseCount=0 occlusionUpdateCount=0 occlusionReuseCount=0 targetUpdateCullInvisible=1 targetUpdateTotal=0 targetUpdateVisible=0 targetUpdateSkippedBeyondFar=0 targetUpdateSkippedShaderApply=0
[Perf] mode=sync videoFpsTarget=60.000 udpFps=0.000 renderFps=0.000 outputFps=0.000 sceneUpdateMs=0.000 annotationMs=0.000 irUpdateMs=0.000 irEnvBuildMs=0.000 stage7SkyGroundMs=0.000 platformRadianceMs=0.000 targetRadianceMs=0.000 stage4HotspotMs=0.000 stage5PlumeMs=0.000 stage5RadianceComponentMs=0.000 stage5AeroThermalMs=0.000 stage5ModtranLookupMs=0.000 shaderInputApplyMs=0.000 shaderInputApplyScope=exclusive stage7SkyGroundScope=inclusive stage4HotspotScope=inclusive shaderInputSetCount=0 shaderInputSkipCount=0 shaderInputCacheHitRate=0.000 stage5ModtranCacheHitCount=0 stage5ModtranCacheMissCount=0 stage7FullUpdateCount=0 stage7PositionOnlyCount=0 stage7SkipCount=0 stage4UpdateCount=0 stage4SkipCount=0 plumeUpdateMs=0.000 renderMs=0.000 stage6MtfBlurMs=0.000 stage6MtfBlurScope=render_pass_upper_bound mtfBlurEnabled=0 mtfBlurSigmaPixels=0.000 mtfBlurRadiusPixels=0 stage6DetectorNoiseMs=0.000 stage6DetectorNoiseScope=render_pass_upper_bound detectorNoiseEnabled=0 temporalNoiseSigmaGray=0.000 fpnSigmaGray=0.000 columnNoiseSigmaGray=0.000 rowNoiseSigmaGray=0.000 badPixelRatio=0.000 noisePosition=BeforeAGC stage6AgcStatsMs=0.000 stage6AgcApplyMs=0.000 agcEnabled=0 agcMode=Off agcGain=1.000 agcOffset=0.000 agcLowInput=0.000 agcHighInput=1.000 agcSampleCount=0 readbackMs=0.000 resizeMs=0.000 frameCopyMs=0.000 jpegMs=0.000 tcpSendMs=0.000 tcpQueueDepth=0 tcpQueueDepthMax=0 inputQueueDepth=0 inputQueueDepthMax=0 sourceSeqLag=0 latencyAvgMs=0.000 latencyMaxMs=0.000 syncOverrunCount=0 inputQueueOverflowCount=0 udpFrames=0 renderFrames=0 outputFrames=0
[RenderPerfProbe] pandaDoFrameMs=10.463 renderPath=direct_final graphicsOutputCount=1 activeDisplayRegionCount=1 rawPassEnabled=0 finalPassEnabled=1 annotationOverlayEnabled=0 readbackMode=EveryFrame readbackEveryN=1 copyRamAttached=1 copyRamMode=RTM_copy_ram quietPerfMode=1 bboxFastMode=mesh_body processRealSceneMs=0.000 targetMappingMs=0.000 cameraControlMs=0.000 stage4Stage5UpdateMs=0.000 shaderInputApplyMs=0.000 readbackMs=0.000 frameCopyMs=0.000 jpegMs=0.000 annotationMs=0.000 annotationBBoxMs=0.000 annotationOcclusionMs=0.000 annotationJsonMs=0.000 annotationTargets=0 bboxUpdateCount=0 bboxReuseCount=0 occlusionUpdateCount=0 occlusionReuseCount=0 targetUpdateCullInvisible=1 targetUpdateTotal=0 targetUpdateVisible=0 targetUpdateSkippedBeyondFar=0 targetUpdateSkippedShaderApply=0
接收UDP数据，长度：24字节，来自：192.168.1.188:9999 packet=3
解析UDP数据，flag：0x41 packet=3
[Stage0] Control command queued for main thread: command=2, round=1/1
[Stage0] Display packet #1: platID=1, sensorID=1, targetNumValid=5, timeMs=1.78246e+12
[EffectiveRuntimeConfig] reason=first_display runtimeConfigPath=Config/HwaSimIRRuntime.ini runtimeConfigLoaded=1 videoFps=60 syncMode=1 targetNumValid=5 IRUpdateHz=30 AnnotationUpdateHz=15 EnablePerfLog=1 EnableIRVerboseLog=0 EnableMTFBlur=0 MTFBlurMode=GaussianSeparable MTFBlurEffectiveMode=GaussianSinglePassSeparableWeights MTFBlurSigmaPixels=0.65 MTFBlurRadiusPixels=2 MTFBlurPasses=1 MTFApplyTo=final_display EnableDetectorNoise=0 NoiseApplyTo=final_display NoisePosition=BeforeAGC EnableTemporalNoise=1 TemporalNoiseSigmaGray=0.005 EnableFPN=0 FPNSigmaGray=0.003 EnableColumnNoise=0 ColumnNoiseSigmaGray=0.002 EnableRowNoise=0 RowNoiseSigmaGray=0.001 EnableBadPixels=0 BadPixelRatio=0.0001 EnableAGC=0 AGCMode=Percentile AGCApplyTo=final_display AGCStatsSource=previous_readback AGCUpdateHz=30 AGCStride=8 AGCGain=1 AGCOffset=0 EnableIRPhysicalPipeline=1 DebugView=Off LogComponents=0 UseSensorInputForDisplay=0 SensorInputDisplayMode=Manual SensorInputDisplayScale=1 SensorInputDisplayOffset=0 SensorInputDisplayClampMin=0 SensorInputDisplayClampMax=1 SensorInputDisplayGamma=1 SensorInputDisplayBand=MWIR EnableAeroThermalModel=1 ApplyAeroToRadiance=0 AeroDebugLog=0 AeroApplyScale=0.25 AeroApplyClampBodyDeltaK=40 AeroApplyOnlyBand=MWIR RecoveryFactor=0.85 ClampDeltaKMax=250 EnableModtranRadianceDebug=0 UseModtranPathRuntime=0 UseModtranSkyRuntime=0 UseModtranSolarRuntime=0 CompareLegacy=0 ModtranPathRuntimeBand=MWIR ModtranPathRuntimeMode=Off ModtranPathUnitMode=Native ModtranPathScale=1 ModtranPathBlend=1 Stage5ModtranCompareEffective=0 Stage7UpdateHz=10 Stage4UpdateHz=30 Stage5PlumeUpdateHz=30 Codec=auto JpegEncodeMode=gray JpegQuality=95 h264EnFromInit=0 EnableH264Experimental=0 H264FallbackToJpeg=1 H264Encoder=auto H264BitrateKbps=4000 H264GopFrames=30 H264LowLatency=1 H264ForceKeyFrameOnStart=1 JpegPerfABTest=0 readbackMode=EveryFrame readbackEveryN=1 copyRamAttached=1 BBoxFastMode=mesh_body saveMP4En=1 source=videoFps:cmd,targetNumValid:udp_display,saveMP4En:cmd,EnablePerfLog:ini,EnableIRVerboseLog:ini,QuietPerfMode:ini,IRUpdateHz:ini,EnableMTFBlur:ini,MTFBlurMode:ini,MTFBlurSigmaPixels:ini,MTFBlurRadiusPixels:ini,MTFBlurPasses:ini,MTFApplyTo:ini,MTFDebugLog:ini,MTFLogEveryFrames:ini,EnableDetectorNoise:ini,NoiseApplyTo:ini,NoisePosition:ini,EnableTemporalNoise:ini,TemporalNoiseSigmaGray:ini,EnableFPN:ini,FPNSigmaGray:ini,FPNSeed:ini,EnableColumnNoise:ini,ColumnNoiseSigmaGray:ini,EnableRowNoise:ini,RowNoiseSigmaGray:ini,EnableBadPixels:ini,BadPixelRatio:ini,BadPixelHotGray:ini,BadPixelDeadGray:ini,NoiseClampMin:ini,NoiseClampMax:ini,NoiseDebugLog:ini,NoiseLogEveryFrames:ini,EnableAGC:ini,AGCMode:ini,AGCApplyTo:ini,AGCStatsSource:ini,AGCUpdateHz:ini,AGCLogEveryFrames:ini,AGCLowPercentile:ini,AGCHighPercentile:ini,AGCMeanStdK:ini,AGCMinGain:ini,AGCMaxGain:ini,AGCMinOffset:ini,AGCMaxOffset:ini,AGCSmoothingAlpha:ini,AGCTargetLowGray:ini,AGCTargetHighGray:ini,AGCStride:ini,AGCExcludeAnnotationOverlay:ini,AGCDebugLog:ini,AnnotationUpdateHz:ini,AnnotationOverlayInSensorImage:ini,AnnotationJsonPerFrame:ini,AnnotationFastJsonMode:ini,AnnotationBBoxUpdateHz:ini,AnnotationOcclusionUpdateHz:ini,AnnotationReuseLastWhenSkipped:ini,AnnotationBBoxFastMode:ini,TargetUpdateCullInvisible:ini,EnableIRPhysicalPipeline:ini,DebugView:ini,LogComponents:ini,UseSensorInputForDisplay:ini,SensorInputDisplayMode:ini,SensorInputDisplayScale:ini,SensorInputDisplayOffset:ini,SensorInputDisplayClampMin:ini,SensorInputDisplayClampMax:ini,SensorInputDisplayGamma:ini,SensorInputDisplayBand:ini,EnableAeroThermalModel:ini,ApplyAeroToRadiance:ini,AeroDebugLog:ini,AeroLogEveryFrames:ini,AeroApplyScale:ini,AeroApplyClampBodyDeltaK:ini,AeroApplyOnlyBand:ini,RecoveryFactor:ini,Gamma:ini,BodyCoeff:ini,NoseCoeff:ini,EdgeCoeff:ini,RearCoeff:ini,HeatTauSec:ini,CoolTauSec:ini,ClampMachMin:ini,ClampMachMax:ini,ClampDeltaKMax:ini,EnableModtranRadianceDebug:ini,UseModtranPathRuntime:ini,UseModtranSkyRuntime:ini,UseModtranSolarRuntime:ini,CompareLegacy:ini,ModtranPathRuntimeBand:ini,ModtranPathRuntimeMode:ini,ModtranPathUnitMode:ini,ModtranPathScale:ini,ModtranPathOffset:ini,ModtranPathClampMin:ini,ModtranPathClampMax:ini,ModtranPathBlend:ini,ModtranPathABLog:ini,Stage7UpdateHz:ini,Stage4UpdateHz:ini,Stage5PlumeUpdateHz:ini,Codec:ini,JpegEncodeMode:ini,JpegQuality:ini,EnableH264Experimental:ini,H264FallbackToJpeg:ini,H264Encoder:ini,H264BitrateKbps:ini,H264GopFrames:ini,H264LowLatency:ini,H264ForceKeyFrameOnStart:ini,JpegPerfABTest:ini
处理实时成像数据...
[Stage0] Processing queued control command on render thread command=2 round=1/1
收到控制指令：
  军别：1
  挂载平台ID：1
  仿真指令：开始
  总回合数：1
  当前回合：1
[Stage0] Control command received: command=2, round=1/1
执行开始仿真逻辑...
[TcpControlForward] simCommand=2 round=1/1
TCP线程初始化标志已重置，回合重新开始
仿真开始：当前回合=1
[Stage0] Display packet #1: platID=1, sensorID=1, targetNumValid=5, timeMs=1.78246e+12
[EffectiveRuntimeConfig] reason=first_display runtimeConfigPath=Config/HwaSimIRRuntime.ini runtimeConfigLoaded=1 videoFps=60 syncMode=1 targetNumValid=5 IRUpdateHz=30 AnnotationUpdateHz=15 EnablePerfLog=1 EnableIRVerboseLog=0 EnableMTFBlur=0 MTFBlurMode=GaussianSeparable MTFBlurEffectiveMode=GaussianSinglePassSeparableWeights MTFBlurSigmaPixels=0.65 MTFBlurRadiusPixels=2 MTFBlurPasses=1 MTFApplyTo=final_display EnableDetectorNoise=0 NoiseApplyTo=final_display NoisePosition=BeforeAGC EnableTemporalNoise=1 TemporalNoiseSigmaGray=0.005 EnableFPN=0 FPNSigmaGray=0.003 EnableColumnNoise=0 ColumnNoiseSigmaGray=0.002 EnableRowNoise=0 RowNoiseSigmaGray=0.001 EnableBadPixels=0 BadPixelRatio=0.0001 EnableAGC=0 AGCMode=Percentile AGCApplyTo=final_display AGCStatsSource=previous_readback AGCUpdateHz=30 AGCStride=8 AGCGain=1 AGCOffset=0 EnableIRPhysicalPipeline=1 DebugView=Off LogComponents=0 UseSensorInputForDisplay=0 SensorInputDisplayMode=Manual SensorInputDisplayScale=1 SensorInputDisplayOffset=0 SensorInputDisplayClampMin=0 SensorInputDisplayClampMax=1 SensorInputDisplayGamma=1 SensorInputDisplayBand=MWIR EnableAeroThermalModel=1 ApplyAeroToRadiance=0 AeroDebugLog=0 AeroApplyScale=0.25 AeroApplyClampBodyDeltaK=40 AeroApplyOnlyBand=MWIR RecoveryFactor=0.85 ClampDeltaKMax=250 EnableModtranRadianceDebug=0 UseModtranPathRuntime=0 UseModtranSkyRuntime=0 UseModtranSolarRuntime=0 CompareLegacy=0 ModtranPathRuntimeBand=MWIR ModtranPathRuntimeMode=Off ModtranPathUnitMode=Native ModtranPathScale=1 ModtranPathBlend=1 Stage5ModtranCompareEffective=0 Stage7UpdateHz=10 Stage4UpdateHz=30 Stage5PlumeUpdateHz=30 Codec=auto JpegEncodeMode=gray JpegQuality=95 h264EnFromInit=0 EnableH264Experimental=0 H264FallbackToJpeg=1 H264Encoder=auto H264BitrateKbps=4000 H264GopFrames=30 H264LowLatency=1 H264ForceKeyFrameOnStart=1 JpegPerfABTest=0 readbackMode=EveryFrame readbackEveryN=1 copyRamAttached=1 BBoxFastMode=mesh_body saveMP4En=1 source=videoFps:cmd,targetNumValid:udp_display,saveMP4En:cmd,EnablePerfLog:ini,EnableIRVerboseLog:ini,QuietPerfMode:ini,IRUpdateHz:ini,EnableMTFBlur:ini,MTFBlurMode:ini,MTFBlurSigmaPixels:ini,MTFBlurRadiusPixels:ini,MTFBlurPasses:ini,MTFApplyTo:ini,MTFDebugLog:ini,MTFLogEveryFrames:ini,EnableDetectorNoise:ini,NoiseApplyTo:ini,NoisePosition:ini,EnableTemporalNoise:ini,TemporalNoiseSigmaGray:ini,EnableFPN:ini,FPNSigmaGray:ini,FPNSeed:ini,EnableColumnNoise:ini,ColumnNoiseSigmaGray:ini,EnableRowNoise:ini,RowNoiseSigmaGray:ini,EnableBadPixels:ini,BadPixelRatio:ini,BadPixelHotGray:ini,BadPixelDeadGray:ini,NoiseClampMin:ini,NoiseClampMax:ini,NoiseDebugLog:ini,NoiseLogEveryFrames:ini,EnableAGC:ini,AGCMode:ini,AGCApplyTo:ini,AGCStatsSource:ini,AGCUpdateHz:ini,AGCLogEveryFrames:ini,AGCLowPercentile:ini,AGCHighPercentile:ini,AGCMeanStdK:ini,AGCMinGain:ini,AGCMaxGain:ini,AGCMinOffset:ini,AGCMaxOffset:ini,AGCSmoothingAlpha:ini,AGCTargetLowGray:ini,AGCTargetHighGray:ini,AGCStride:ini,AGCExcludeAnnotationOverlay:ini,AGCDebugLog:ini,AnnotationUpdateHz:ini,AnnotationOverlayInSensorImage:ini,AnnotationJsonPerFrame:ini,AnnotationFastJsonMode:ini,AnnotationBBoxUpdateHz:ini,AnnotationOcclusionUpdateHz:ini,AnnotationReuseLastWhenSkipped:ini,AnnotationBBoxFastMode:ini,TargetUpdateCullInvisible:ini,EnableIRPhysicalPipeline:ini,DebugView:ini,LogComponents:ini,UseSensorInputForDisplay:ini,SensorInputDisplayMode:ini,SensorInputDisplayScale:ini,SensorInputDisplayOffset:ini,SensorInputDisplayClampMin:ini,SensorInputDisplayClampMax:ini,SensorInputDisplayGamma:ini,SensorInputDisplayBand:ini,EnableAeroThermalModel:ini,ApplyAeroToRadiance:ini,AeroDebugLog:ini,AeroLogEveryFrames:ini,AeroApplyScale:ini,AeroApplyClampBodyDeltaK:ini,AeroApplyOnlyBand:ini,RecoveryFactor:ini,Gamma:ini,BodyCoeff:ini,NoseCoeff:ini,EdgeCoeff:ini,RearCoeff:ini,HeatTauSec:ini,CoolTauSec:ini,ClampMachMin:ini,ClampMachMax:ini,ClampDeltaKMax:ini,EnableModtranRadianceDebug:ini,UseModtranPathRuntime:ini,UseModtranSkyRuntime:ini,UseModtranSolarRuntime:ini,CompareLegacy:ini,ModtranPathRuntimeBand:ini,ModtranPathRuntimeMode:ini,ModtranPathUnitMode:ini,ModtranPathScale:ini,ModtranPathOffset:ini,ModtranPathClampMin:ini,ModtranPathClampMax:ini,ModtranPathBlend:ini,ModtranPathABLog:ini,Stage7UpdateHz:ini,Stage4UpdateHz:ini,Stage5PlumeUpdateHz:ini,Codec:ini,JpegEncodeMode:ini,JpegQuality:ini,EnableH264Experimental:ini,H264FallbackToJpeg:ini,H264Encoder:ini,H264BitrateKbps:ini,H264GopFrames:ini,H264LowLatency:ini,H264ForceKeyFrameOnStart:ini,JpegPerfABTest:ini
处理实时成像数据...
STAGE6_TARGET_BEYOND_FAR_CLIP targetType=0x22 targetPlatID=3 targetID=34 rangeM=9.60448e+06 farClipM=50000
[Stage5 Plume] targetType=0x22 targetPlatID=3 targetID=34 platform=AIM120D engineState=0 band=MWIR coreEnabled=0 haloEnabled=0 coreTempK=0 haloTempK=0 coreGray=0 haloGray=0 coreOpacity=0 haloOpacity=0 coreVisible=0 haloVisible=0 reason=target_not_renderable
[Stage5 Plume] targetType=0x33 targetPlatID=3 targetID=4 platform=AIM9X engineState=0 band=MWIR coreEnabled=0 haloEnabled=0 coreTempK=0 haloTempK=0 coreGray=0 haloGray=0 coreOpacity=0 haloOpacity=0 coreVisible=0 haloVisible=0 reason=target_not_renderable
[Stage5 Plume] targetType=0x33 targetPlatID=3 targetID=34 platform=AIM9X engineState=0 band=MWIR coreEnabled=0 haloEnabled=0 coreTempK=0 haloTempK=0 coreGray=0 haloGray=0 coreOpacity=0 haloOpacity=0 coreVisible=0 haloVisible=0 reason=target_not_renderable
[Stage5 Plume] targetType=0x22 targetPlatID=3 targetID=4 platform=AIM120D engineState=0 band=MWIR coreEnabled=0 haloEnabled=0 coreTempK=0 haloTempK=0 coreGray=0 haloGray=0 coreOpacity=0 haloOpacity=0 coreVisible=0 haloVisible=0 reason=target_not_renderable
[CameraControl] mode=lookat targetPlatID=3 targetID=3 relPitch=-2.67265 relYaw=-2.19694 range=22269.9
[Stage6 FrameDiag] frameIndex=1.78246e+12 packet=1 band=MWIR whiteHot=1 displayGain=1 displayOffset=0 noiseEnable=0 noiseSigmaGray=0 route=final_sensor targetVisibleCount=1 targetMappedCount=5 hiddenByTargetNum=0 hiddenByTargetViewValid=0 hiddenByWeaponViewValid=0 beyondFarClip=4 skyVisible=1 cameraHpr=2.19694,-2.67265,0 sensorFovH=0.0999999 sensorFovV=0.0999999 near=1 far=50000
[AnnotationSurfacePoint] targetID=3 point=head mode=profile_surface local=(0,1.1,0) pixel=(396,401)
[AnnotationSurfacePoint] targetID=3 point=middle mode=profile_surface local=(0,0,0.08) pixel=(400,398)
[ScenePerfProbe] sourceSeq=1 processRealSceneMs=3.313 targetMappingMs=0.338 cameraControlMs=0.056 stage4Stage5UpdateMs=0.000 shaderInputApplyMs=0.000 annotationComputeMs=2.804 annotationBBoxMs=1.614 annotationOcclusionMs=0.000 annotationJsonMs=0.000 pandaDoFrameMs=15.461 readbackMs=0.000 frameCopyMs=0.000 jpegMs=0.000 readbackMode=EveryFrame copyRamAttached=1 quietPerfMode=1 bboxFastMode=mesh_body annotationFastJsonMode=1 annotationOverlayInSensorImage=0 annotationJsonPerFrame=1 bboxUpdateCount=1 bboxReuseCount=0 occlusionUpdateCount=0 occlusionReuseCount=1 targetUpdateCullInvisible=1 targetUpdateTotal=0 targetUpdateVisible=0 targetUpdateSkippedBeyondFar=0 targetUpdateSkippedShaderApply=0
实时数据更新完成，时间戳=1.78246e+12ms
[Stage6 Capture] frameWidth=800 frameHeight=800 tcpWidth=800 tcpHeight=800 renderTextureWidth=800 renderTextureHeight=800 textureCropApplied=0 source=final_sensor channels=RGB8 readbackMode=EveryFrame readbackEveryN=1 copyRamAttached=1 copyRamMode=RTM_copy_ram tcpFrameReused=0 diagnostic_only=0 renderPath=direct_final sourceSeq=1 readbackMs=3.30088 resizeMs=0 frameCopyMs=0.788375 tcpQueueDepth=1 annotationJsonPerFrame=1 annotationOverlayInSensorImage=0
[Stage3] Environment (runtime): hour=7.5286, airTempC=25, visibilityM=6000, humidity=85, wind=8m/s@30deg, weatherCode=0, sunAzimuth=180, sunElevation=45, sunStrength=1, profile=fallback
[Stage7 3DSkyGround] reason=runtime enable=1 band=MWIR envTerrain=0 envSky=0 skyGrayRaw=0.65 groundGrayRaw=0.35 skyGrayFinal=0.65 groundGrayFinal=0.35 skyGray=0.65 groundGray=0.35 skyDome=1 lowerShell=1 groundPlane=0 source=env+band_default
[Stage7 Debug] mode=Off skyVisible=1 groundVisible=1 forcedSkyGray=NA forcedGroundGray=NA
[Stage7 Real3DBackground] skyDome=1 lowerShell=1 flatGroundPlane=0 cameraPos=6.17316e-11,2.78067,-0.000970606 backgroundMode=real_3d
[Stage7 GroundReference] mode=reference_zero groundZOffset=0 finalGroundReferenceZ=0
[Stage7 SkyDomeDiag] cameraPos=6.17316e-11,2.78067,-0.000970606 skyDomePos=6.17316e-11,2.78067,-0.000970606 farClipM=50000 skyRadius=42500 radius=42500 radiusSource=farClip_scaled radiusLessThanFarClip=1 twoSided=1 depthWrite=0 depthTest=0
[Stage7 GroundDiag] groundPos=6.17316e-11,2.78067,-0.000970606 farClipM=50000 groundSize=42500 lowerShellRadius=42500 groundZOffset=0 envTerrain=0 groundGray=0.35
[Stage7 Weather] reason=runtime envSky=0 weatherName=Clear visibilityM=6000 humidity=85 windV=8 windDir=30 cloudCoverage=0 fogDensity=0 precipitationType=none sunDirectScale=1 skyDiffuseScale=1 targetContrastScale=1 source=UDP+weather_profiles+RuntimeConfig
[Stage7 CloudLayer] enabled=0 texture=Config/Weather/Textures/cloud_few.png textureFound=1 coverage=0 opacity=0 temperatureK=255 band=MWIR cloudGray=0.385455
[Stage7 Fog] enabled=0 visibilityM=6000 fogDensity=0 fogGray=0.45 targetContrastScale=1
[Stage7 Precipitation] enabled=0 type=none density=0 speed=0 windV=8 windDir=30 maxHeight=0 transHeight=0
[Stage7 PrecipitationOverlay] mode=ScreenOverlay active=0 type=none density=0 sensorFovDeg=0.0999999 pattern=screen_sparse_low_contrast giantVerticalBars=0 sameOutput=1
[Stage7 Perf] weatherNodeCount=0 cloudNodeCount=0 precipitationNodeCount=0 textureLoadCountThisFrame=0 updateWeatherNodesMs=0.001459 totalWeatherMs=0.024209 precipitationMode=ScreenOverlay
[Stage0] Display packet #2: platID=1, sensorID=1, targetNumValid=5, timeMs=1.78246e+12
处理实时成像数据...
[Stage5 PlumePerf] plumeNodeCount=16 visiblePlumeCount=0 textureLoadCountThisFrame=0 updateHz=30 updatePlumeMs=0.00875 updatePlumeMsMax=0.00875 perfBudgetMs=1
[TargetUpdateCull] enabled=1 total=10 visible=1 skippedBeyondFar=4 skippedShaderApply=4 shaderInputApplyMs=11.1454 stage4Stage5UpdateMs=12.172
[TcpFramePacket] frame=1 imgBytes=7834 annotationBytes=622 targets=1 width=800 height=800
[TcpPerf] sourceSeq=1 outputOrdinal=1 codec=jpeg requestedCodec=jpeg h264En=0 codecFallbackReason=none jpegQuality=95 jpegMode=gray jpegBytes=7834 encodeInputChannels=1 flipMs=3.312 resizeMs=0.000 jpegMs=19.301 tcpSendMs=0.217 queueDepth=0 queueWaitMs=0.001 overwritten=0
[SyncFrame] sourceSeq=1 outputOrdinal=1 inputQueueDepth=1 tcpQueueDepth=0 sourceSeqContinuous=1 videoFpsTarget=60.000 frameMs=30.829 latencyMs=31.496 readbackMs=3.301 flipMs=3.312 resizeMs=0.000 jpegMs=19.301 tcpSendMs=0.217 overrun=1 overwritten=0
[Perf] mode=sync videoFpsTarget=60.000 udpFps=43.377 renderFps=0.000 outputFps=21.689 sceneUpdateMs=3.360 annotationMs=2.804 irUpdateMs=12.179 irEnvBuildMs=0.022 stage7SkyGroundMs=6.215 platformRadianceMs=0.040 targetRadianceMs=0.041 stage4HotspotMs=1.834 stage5PlumeMs=0.009 stage5RadianceComponentMs=1.425 stage5AeroThermalMs=0.005 stage5ModtranLookupMs=0.000 shaderInputApplyMs=11.145 shaderInputApplyScope=exclusive stage7SkyGroundScope=inclusive stage4HotspotScope=inclusive shaderInputSetCount=207 shaderInputSkipCount=77 shaderInputCacheHitRate=27.113 stage5ModtranCacheHitCount=0 stage5ModtranCacheMissCount=0 stage7FullUpdateCount=1 stage7PositionOnlyCount=0 stage7SkipCount=0 stage4UpdateCount=1 stage4SkipCount=4 plumeUpdateMs=0.009 renderMs=0.000 stage6MtfBlurMs=0.000 stage6MtfBlurScope=render_pass_upper_bound mtfBlurEnabled=0 mtfBlurSigmaPixels=0.000 mtfBlurRadiusPixels=0 stage6DetectorNoiseMs=0.000 stage6DetectorNoiseScope=render_pass_upper_bound detectorNoiseEnabled=0 temporalNoiseSigmaGray=0.000 fpnSigmaGray=0.000 columnNoiseSigmaGray=0.000 rowNoiseSigmaGray=0.000 badPixelRatio=0.000 noisePosition=BeforeAGC stage6AgcStatsMs=0.000 stage6AgcApplyMs=0.000 agcEnabled=0 agcMode=Percentile agcGain=1.000 agcOffset=0.000 agcLowInput=0.000 agcHighInput=1.000 agcSampleCount=0 readbackMs=3.301 resizeMs=0.000 frameCopyMs=0.788 jpegMs=19.301 tcpSendMs=0.217 tcpQueueDepth=0 tcpQueueDepthMax=1 inputQueueDepth=1 inputQueueDepthMax=1 sourceSeqLag=1 latencyAvgMs=31.496 latencyMaxMs=31.496 syncOverrunCount=1 inputQueueOverflowCount=0 udpFrames=2 renderFrames=0 outputFrames=1
[Stage0] Display packet #3: platID=1, sensorID=1, targetNumValid=5, timeMs=1.78246e+12
处理实时成像数据...
[Stage6 MTF] sourceSeq=1 enabled=0 effective=0 mode=GaussianSeparable effectiveMode=GaussianSinglePassSeparableWeights sigmaPixels=0.65 radiusPixels=2 passes=1 applyTo=final_display inputSize=800x800 outputSize=800x800 stage6MtfBlurMs=0 stage6MtfBlurScope=render_pass_upper_bound implementation=single_pass_gpu_separable_weights todo=true_two_pass_separable_if_needed
[Stage6 Noise] sourceSeq=1 enabled=0 effective=0 applyTo=final_display position=BeforeAGC temporalEnabled=1 temporalSigma=0.005 fpnEnabled=0 fpnSigma=0.003 columnEnabled=0 columnSigma=0.002 rowEnabled=0 rowSigma=0.001 badPixelEnabled=0 badPixelRatio=0.0001 seed=12345 stage6DetectorNoiseMs=0 stage6DetectorNoiseScope=render_pass_upper_bound implementation=single_pass_gpu_hash_noise
[Stage6 AGC] sourceSeq=1 enabled=0 effective=0 mode=Percentile statsSource=previous_readback updateHz=30 sampleCount=0 lowPercentile=2 highPercentile=98 lowInput=0 highInput=1 gain=1 offset=0 gainSmoothed=1 offsetSmoothed=0 valid=0 fallbackReason=disabled stage6AgcStatsMs=0
[Stage5 Plume] targetType=0x22 targetPlatID=3 targetID=34 platform=AIM120D engineState=0 band=MWIR coreEnabled=0 haloEnabled=0 coreTempK=0 haloTempK=0 coreGray=0 haloGray=0 coreOpacity=0 haloOpacity=0 coreVisible=0 haloVisible=0 reason=target_not_renderable
[Stage5 Plume] targetType=0x33 targetPlatID=3 targetID=4 platform=AIM9X engineState=0 band=MWIR coreEnabled=0 haloEnabled=0 coreTempK=0 haloTempK=0 coreGray=0 haloGray=0 coreOpacity=0 haloOpacity=0 coreVisible=0 haloVisible=0 reason=target_not_renderable
[Stage5 Plume] targetType=0x33 targetPlatID=3 targetID=34 platform=AIM9X engineState=0 band=MWIR coreEnabled=0 haloEnabled=0 coreTempK=0 haloTempK=0 coreGray=0 haloGray=0 coreOpacity=0 haloOpacity=0 coreVisible=0 haloVisible=0 reason=target_not_renderable
[Stage5 Plume] targetType=0x22 targetPlatID=3 targetID=4 platform=AIM120D engineState=0 band=MWIR coreEnabled=0 haloEnabled=0 coreTempK=0 haloTempK=0 coreGray=0 haloGray=0 coreOpacity=0 haloOpacity=0 coreVisible=0 haloVisible=0 reason=target_not_renderable
[CameraControl] mode=lookat targetPlatID=3 targetID=3 relPitch=-2.67214 relYaw=-2.19737 range=22265.6
[Stage6 FrameDiag] frameIndex=1.78246e+12 packet=4 band=MWIR whiteHot=1 displayGain=1 displayOffset=0 noiseEnable=0 noiseSigmaGray=0 route=final_sensor targetVisibleCount=1 targetMappedCount=5 hiddenByTargetNum=0 hiddenByTargetViewValid=0 hiddenByWeaponViewValid=0 beyondFarClip=4 skyVisible=1 cameraHpr=2.19737,-2.67214,0 sensorFovH=0.0999999 sensorFovV=0.0999999 near=1 far=50000
[ScenePerfProbe] sourceSeq=2 processRealSceneMs=0.344 targetMappingMs=0.163 cameraControlMs=0.021 stage4Stage5UpdateMs=12.172 shaderInputApplyMs=11.145 annotationComputeMs=0.004 annotationBBoxMs=0.000 annotationOcclusionMs=0.000 annotationJsonMs=0.000 pandaDoFrameMs=54.445 readbackMs=3.301 frameCopyMs=0.788 jpegMs=19.301 readbackMode=EveryFrame copyRamAttached=1 quietPerfMode=1 bboxFastMode=mesh_body annotationFastJsonMode=1 annotationOverlayInSensorImage=0 annotationJsonPerFrame=1 bboxUpdateCount=1 bboxReuseCount=1 occlusionUpdateCount=0 occlusionReuseCount=2 targetUpdateCullInvisible=1 targetUpdateTotal=10 targetUpdateVisible=1 targetUpdateSkippedBeyondFar=4 targetUpdateSkippedShaderApply=4
[Stage6 Capture] frameWidth=800 frameHeight=800 tcpWidth=800 tcpHeight=800 renderTextureWidth=800 renderTextureHeight=800 textureCropApplied=0 source=final_sensor channels=RGB8 readbackMode=EveryFrame readbackEveryN=1 copyRamAttached=1 copyRamMode=RTM_copy_ram tcpFrameReused=0 diagnostic_only=0 renderPath=direct_final sourceSeq=2 readbackMs=2.27346 resizeMs=0 frameCopyMs=0.720125 tcpQueueDepth=1 annotationJsonPerFrame=1 annotationOverlayInSensorImage=0
[Stage5 PlumePerf] plumeNodeCount=16 visiblePlumeCount=0 textureLoadCountThisFrame=0 updateHz=30 updatePlumeMs=0.009042 updatePlumeMsMax=0.009042 perfBudgetMs=1
[TargetUpdateCull] enabled=1 total=10 visible=1 skippedBeyondFar=4 skippedShaderApply=4 shaderInputApplyMs=0.404542 stage4Stage5UpdateMs=0.846708
[TcpFramePacket] frame=2 imgBytes=8060 annotationBytes=622 targets=1 width=800 height=800
[TcpPerf] sourceSeq=2 outputOrdinal=2 codec=jpeg requestedCodec=jpeg h264En=0 codecFallbackReason=none jpegQuality=95 jpegMode=gray jpegBytes=8060 encodeInputChannels=1 flipMs=2.334 resizeMs=0.000 jpegMs=8.979 tcpSendMs=0.160 queueDepth=0 queueWaitMs=0.001 overwritten=0
[SyncFrame] sourceSeq=2 outputOrdinal=2 inputQueueDepth=1 tcpQueueDepth=0 sourceSeqContinuous=1 videoFpsTarget=60.000 frameMs=15.176 latencyMs=56.949 readbackMs=2.273 flipMs=2.334 resizeMs=0.000 jpegMs=8.979 tcpSendMs=0.160 overrun=0 overwritten=0
[Stage6 MTF] sourceSeq=2 enabled=0 effective=0 mode=GaussianSeparable effectiveMode=GaussianSinglePassSeparableWeights sigmaPixels=0.65 radiusPixels=2 passes=1 applyTo=final_display inputSize=800x800 outputSize=800x800 stage6MtfBlurMs=0 stage6MtfBlurScope=render_pass_upper_bound implementation=single_pass_gpu_separable_weights todo=true_two_pass_separable_if_needed
[Stage6 Noise] sourceSeq=2 enabled=0 effective=0 applyTo=final_display position=BeforeAGC temporalEnabled=1 temporalSigma=0.005 fpnEnabled=0 fpnSigma=0.003 columnEnabled=0 columnSigma=0.002 rowEnabled=0 rowSigma=0.001 badPixelEnabled=0 badPixelRatio=0.0001 seed=12345 stage6DetectorNoiseMs=0 stage6DetectorNoiseScope=render_pass_upper_bound implementation=single_pass_gpu_hash_noise
[Stage6 AGC] sourceSeq=2 enabled=0 effective=0 mode=Percentile statsSource=previous_readback updateHz=30 sampleCount=0 lowPercentile=2 highPercentile=98 lowInput=0 highInput=1 gain=1 offset=0 gainSmoothed=1 offsetSmoothed=0 valid=0 fallbackReason=disabled stage6AgcStatsMs=0
[Stage5 Plume] targetType=0x22 targetPlatID=3 targetID=34 platform=AIM120D engineState=0 band=MWIR coreEnabled=0 haloEnabled=0 coreTempK=0 haloTempK=0 coreGray=0 haloGray=0 coreOpacity=0 haloOpacity=0 coreVisible=0 haloVisible=0 reason=target_not_renderable
[Stage5 Plume] targetType=0x33 targetPlatID=3 targetID=4 platform=AIM9X engineState=0 band=MWIR coreEnabled=0 haloEnabled=0 coreTempK=0 haloTempK=0 coreGray=0 haloGray=0 coreOpacity=0 haloOpacity=0 coreVisible=0 haloVisible=0 reason=target_not_renderable
[Stage5 Plume] targetType=0x33 targetPlatID=3 targetID=34 platform=AIM9X engineState=0 band=MWIR coreEnabled=0 haloEnabled=0 coreTempK=0 haloTempK=0 coreGray=0 haloGray=0 coreOpacity=0 haloOpacity=0 coreVisible=0 haloVisible=0 reason=target_not_renderable
[Stage5 Plume] targetType=0x22 targetPlatID=3 targetID=4 platform=AIM120D engineState=0 band=MWIR coreEnabled=0 haloEnabled=0 coreTempK=0 haloTempK=0 coreGray=0 haloGray=0 coreOpacity=0 haloOpacity=0 coreVisible=0 haloVisible=0 reason=target_not_renderable
[CameraControl] mode=lookat targetPlatID=3 targetID=3 relPitch=-2.67159 relYaw=-2.19784 range=22261.3
[Stage6 FrameDiag] frameIndex=1.78246e+12 packet=5 band=MWIR whiteHot=1 displayGain=1 displayOffset=0 noiseEnable=0 noiseSigmaGray=0 route=final_sensor targetVisibleCount=1 targetMappedCount=5 hiddenByTargetNum=0 hiddenByTargetViewValid=0 hiddenByWeaponViewValid=0 beyondFarClip=4 skyVisible=1 cameraHpr=2.19784,-2.67159,0 sensorFovH=0.0999999 sensorFovV=0.0999999 near=1 far=50000
[ScenePerfProbe] sourceSeq=3 processRealSceneMs=0.264 targetMappingMs=0.164 cameraControlMs=0.019 stage4Stage5UpdateMs=0.847 shaderInputApplyMs=0.405 annotationComputeMs=0.004 annotationBBoxMs=0.000 annotationOcclusionMs=0.000 annotationJsonMs=0.000 pandaDoFrameMs=20.252 readbackMs=2.273 frameCopyMs=0.720 jpegMs=8.979 readbackMode=EveryFrame copyRamAttached=1 quietPerfMode=1 bboxFastMode=mesh_body annotationFastJsonMode=1 annotationOverlayInSensorImage=0 annotationJsonPerFrame=1 bboxUpdateCount=1 bboxReuseCount=2 occlusionUpdateCount=0 occlusionReuseCount=3 targetUpdateCullInvisible=1 targetUpdateTotal=10 targetUpdateVisible=1 targetUpdateSkippedBeyondFar=4 targetUpdateSkippedShaderApply=4
[Stage6 Capture] frameWidth=800 frameHeight=800 tcpWidth=800 tcpHeight=800 renderTextureWidth=800 renderTextureHeight=800 textureCropApplied=0 source=final_sensor channels=RGB8 readbackMode=EveryFrame readbackEveryN=1 copyRamAttached=1 copyRamMode=RTM_copy_ram tcpFrameReused=0 diagnostic_only=0 renderPath=direct_final sourceSeq=3 readbackMs=1.85996 resizeMs=0 frameCopyMs=0.765334 tcpQueueDepth=1 annotationJsonPerFrame=1 annotationOverlayInSensorImage=0
[Stage5 PlumePerf] plumeNodeCount=16 visiblePlumeCount=0 textureLoadCountThisFrame=0 updateHz=30 updatePlumeMs=0.010208 updatePlumeMsMax=0.010208 perfBudgetMs=1
[TargetUpdateCull] enabled=1 total=10 visible=1 skippedBeyondFar=4 skippedShaderApply=4 shaderInputApplyMs=0.535788 stage4Stage5UpdateMs=1.19583
[TcpFramePacket] frame=3 imgBytes=8066 annotationBytes=622 targets=1 width=800 height=800
[TcpPerf] sourceSeq=3 outputOrdinal=3 codec=jpeg requestedCodec=jpeg h264En=0 codecFallbackReason=none jpegQuality=95 jpegMode=gray jpegBytes=8066 encodeInputChannels=1 flipMs=2.271 resizeMs=0.000 jpegMs=8.019 tcpSendMs=0.161 queueDepth=0 queueWaitMs=0.001 overwritten=0
[SyncFrame] sourceSeq=3 outputOrdinal=3 inputQueueDepth=2 tcpQueueDepth=0 sourceSeqContinuous=1 videoFpsTarget=60.000 frameMs=13.723 latencyMs=59.286 readbackMs=1.860 flipMs=2.271 resizeMs=0.000 jpegMs=8.019 tcpSendMs=0.161 overrun=0 overwritten=0
[Stage6 MTF] sourceSeq=3 enabled=0 effective=0 mode=GaussianSeparable effectiveMode=GaussianSinglePassSeparableWeights sigmaPixels=0.65 radiusPixels=2 passes=1 applyTo=final_display inputSize=800x800 outputSize=800x800 stage6MtfBlurMs=0 stage6MtfBlurScope=render_pass_upper_bound implementation=single_pass_gpu_separable_weights todo=true_two_pass_separable_if_needed
[Stage6 Noise] sourceSeq=3 enabled=0 effective=0 applyTo=final_display position=BeforeAGC temporalEnabled=1 temporalSigma=0.005 fpnEnabled=0 fpnSigma=0.003 columnEnabled=0 columnSigma=0.002 rowEnabled=0 rowSigma=0.001 badPixelEnabled=0 badPixelRatio=0.0001 seed=12345 stage6DetectorNoiseMs=0 stage6DetectorNoiseScope=render_pass_upper_bound implementation=single_pass_gpu_hash_noise
[Stage6 AGC] sourceSeq=3 enabled=0 effective=0 mode=Percentile statsSource=previous_readback updateHz=30 sampleCount=0 lowPercentile=2 highPercentile=98 lowInput=0 highInput=1 gain=1 offset=0 gainSmoothed=1 offsetSmoothed=0 valid=0 fallbackReason=disabled stage6AgcStatsMs=0
[Stage7 3DSkyGround] reason=runtime enable=1 band=MWIR envTerrain=0 envSky=0 skyGrayRaw=0.65 groundGrayRaw=0.35 skyGrayFinal=0.65 groundGrayFinal=0.35 skyGray=0.65 groundGray=0.35 skyDome=1 lowerShell=1 groundPlane=0 source=env+band_default
[Stage7 Debug] mode=Off skyVisible=1 groundVisible=1 forcedSkyGray=NA forcedGroundGray=NA
[Stage7 Real3DBackground] skyDome=1 lowerShell=1 flatGroundPlane=0 cameraPos=6.17316e-11,13.9033,-0.00489517 backgroundMode=real_3d
[Stage7 GroundReference] mode=reference_zero groundZOffset=0 finalGroundReferenceZ=0
[Stage7 SkyDomeDiag] cameraPos=6.17316e-11,13.9033,-0.00489517 skyDomePos=6.17316e-11,13.9033,-0.00489517 farClipM=50000 skyRadius=42500 radius=42500 radiusSource=farClip_scaled radiusLessThanFarClip=1 twoSided=1 depthWrite=0 depthTest=0
[Stage7 GroundDiag] groundPos=6.17316e-11,13.9033,-0.00489517 farClipM=50000 groundSize=42500 lowerShellRadius=42500 groundZOffset=0 envTerrain=0 groundGray=0.35
[AnnotationCollision] targetID=3 platform=AIM120D triangles=1532 solids=1532 built=1
[AnnotationCollisionCache] platform=AIM120D targetID=3 built=1 reused=0 triangles=1532 solids=1532
[AnnotationCollisionCache] platform=AIM120D targetID=3 built=0 reused=1 triangles=1532 solids=1532
[AnnotationCollisionCache] platform=AIM120D targetID=3 built=0 reused=1 triangles=1532 solids=1532
[AnnotationCollisionCache] platform=AIM120D targetID=3 built=0 reused=1 triangles=1532 solids=1532
[AnnotationCollisionCache] platform=AIM120D targetID=3 built=0 reused=1 triangles=1532 solids=1532
[AnnotationCollisionCache] platform=AIM120D targetID=3 built=0 reused=1 triangles=1532 solids=1532
[RenderPerfProbe] pandaDoFrameMs=15.427 renderPath=direct_final graphicsOutputCount=1 activeDisplayRegionCount=1 rawPassEnabled=0 finalPassEnabled=1 annotationOverlayEnabled=0 readbackMode=EveryFrame readbackEveryN=1 copyRamAttached=1 copyRamMode=RTM_copy_ram quietPerfMode=1 bboxFastMode=mesh_body processRealSceneMs=0.219 targetMappingMs=0.136 cameraControlMs=0.016 stage4Stage5UpdateMs=0.805 shaderInputApplyMs=0.000 readbackMs=1.944 frameCopyMs=0.700 jpegMs=7.782 annotationMs=0.004 annotationBBoxMs=0.000 annotationOcclusionMs=0.000 annotationJsonMs=0.000 annotationTargets=1 bboxUpdateCount=14 bboxReuseCount=70 occlusionUpdateCount=6 occlusionReuseCount=78 targetUpdateCullInvisible=1 targetUpdateTotal=10 targetUpdateVisible=1 targetUpdateSkippedBeyondFar=4 targetUpdateSkippedShaderApply=4
[AnnotationCollisionCache] platform=AIM120D targetID=3 built=0 reused=1 triangles=1532 solids=1532
[AnnotationCollisionCache] platform=AIM120D targetID=3 built=0 reused=1 triangles=1532 solids=1532
接收UDP数据，长度：506字节，来自：192.168.1.188:9999 packet=120
解析UDP数据，flag：0x38 packet=120
[Stage0] Display packet #120: platID=1, sensorID=1, targetNumValid=5, timeMs=1.78246e+12
处理实时成像数据...
实时数据更新完成，时间戳=1.78246e+12ms
[Perf] mode=sync videoFpsTarget=60.000 udpFps=60.283 renderFps=58.788 outputFps=58.788 sceneUpdateMs=0.514 annotationMs=0.291 irUpdateMs=0.461 irEnvBuildMs=0.005 stage7SkyGroundMs=0.239 platformRadianceMs=0.084 targetRadianceMs=0.015 stage4HotspotMs=0.251 stage5PlumeMs=0.009 stage5RadianceComponentMs=0.212 stage5AeroThermalMs=0.006 stage5ModtranLookupMs=0.000 shaderInputApplyMs=0.502 shaderInputApplyScope=exclusive stage7SkyGroundScope=inclusive stage4HotspotScope=inclusive shaderInputSetCount=214 shaderInputSkipCount=9688 shaderInputCacheHitRate=97.839 stage5ModtranCacheHitCount=0 stage5ModtranCacheMissCount=0 stage7FullUpdateCount=17 stage7PositionOnlyCount=43 stage7SkipCount=0 stage4UpdateCount=0 stage4SkipCount=300 plumeUpdateMs=0.009 renderMs=16.556 stage6MtfBlurMs=0.000 stage6MtfBlurScope=render_pass_upper_bound mtfBlurEnabled=0 mtfBlurSigmaPixels=0.650 mtfBlurRadiusPixels=2 stage6DetectorNoiseMs=0.000 stage6DetectorNoiseScope=render_pass_upper_bound detectorNoiseEnabled=0 temporalNoiseSigmaGray=0.005 fpnSigmaGray=0.003 columnNoiseSigmaGray=0.002 rowNoiseSigmaGray=0.001 badPixelRatio=0.000 noisePosition=BeforeAGC stage6AgcStatsMs=0.000 stage6AgcApplyMs=0.000 agcEnabled=0 agcMode=Percentile agcGain=1.000 agcOffset=0.000 agcLowInput=0.000 agcHighInput=1.000 agcSampleCount=0 readbackMs=1.963 resizeMs=0.000 frameCopyMs=0.704 jpegMs=8.222 tcpSendMs=0.178 tcpQueueDepth=0 tcpQueueDepthMax=1 inputQueueDepth=4 inputQueueDepthMax=4 sourceSeqLag=4 latencyAvgMs=63.196 latencyMaxMs=73.097 syncOverrunCount=2 inputQueueOverflowCount=0 udpFrames=123 renderFrames=118 outputFrames=119
[Stage5 Plume] targetType=0x22 targetPlatID=3 targetID=34 platform=AIM120D engineState=0 band=MWIR coreEnabled=0 haloEnabled=0 coreTempK=0 haloTempK=0 coreGray=0 haloGray=0 coreOpacity=0 haloOpacity=0 coreVisible=0 haloVisible=0 reason=target_not_renderable
[Stage5 Plume] targetType=0x33 targetPlatID=3 targetID=4 platform=AIM9X engineState=0 band=MWIR coreEnabled=0 haloEnabled=0 coreTempK=0 haloTempK=0 coreGray=0 haloGray=0 coreOpacity=0 haloOpacity=0 coreVisible=0 haloVisible=0 reason=target_not_renderable
[Stage5 Plume] targetType=0x33 targetPlatID=3 targetID=34 platform=AIM9X engineState=0 band=MWIR coreEnabled=0 haloEnabled=0 coreTempK=0 haloTempK=0 coreGray=0 haloGray=0 coreOpacity=0 haloOpacity=0 coreVisible=0 haloVisible=0 reason=target_not_renderable
[Stage5 Plume] targetType=0x22 targetPlatID=3 targetID=4 platform=AIM120D engineState=0 band=MWIR coreEnabled=0 haloEnabled=0 coreTempK=0 haloTempK=0 coreGray=0 haloGray=0 coreOpacity=0 haloOpacity=0 coreVisible=0 haloVisible=0 reason=target_not_renderable
[CameraControl] mode=lookat targetPlatID=3 targetID=3 relPitch=-3.09849 relYaw=-2.26692 range=21756.9
[Stage6 FrameDiag] frameIndex=1.78246e+12 packet=123 band=MWIR whiteHot=1 displayGain=1 displayOffset=0 noiseEnable=0 noiseSigmaGray=0 route=final_sensor targetVisibleCount=1 targetMappedCount=5 hiddenByTargetNum=0 hiddenByTargetViewValid=0 hiddenByWeaponViewValid=0 beyondFarClip=4 skyVisible=1 cameraHpr=2.26692,-3.09849,0 sensorFovH=0.0999999 sensorFovV=0.0999999 near=1 far=50000
[AnnotationFastPath] enabled=1 frame=120 bboxDue=0 occlusionDue=0 updateProjection=0 reused=1 bboxUpdateHz=10 occlusionUpdateHz=5 reuseLastWhenSkipped=1 drawOverlay=0 jsonPerFrame=1 quietPerfMode=1 bboxUpdateCount=20 bboxReuseCount=100 occlusionUpdateCount=9 occlusionReuseCount=111
[ScenePerfProbe] sourceSeq=120 processRealSceneMs=0.342 targetMappingMs=0.204 cameraControlMs=0.041 stage4Stage5UpdateMs=1.170 shaderInputApplyMs=0.000 annotationComputeMs=0.012 annotationBBoxMs=0.000 annotationOcclusionMs=0.000 annotationJsonMs=0.000 pandaDoFrameMs=16.263 readbackMs=1.735 frameCopyMs=0.669 jpegMs=7.933 readbackMode=EveryFrame copyRamAttached=1 quietPerfMode=1 bboxFastMode=mesh_body annotationFastJsonMode=1 annotationOverlayInSensorImage=0 annotationJsonPerFrame=1 bboxUpdateCount=20 bboxReuseCount=100 occlusionUpdateCount=9 occlusionReuseCount=111 targetUpdateCullInvisible=1 targetUpdateTotal=10 targetUpdateVisible=1 targetUpdateSkippedBeyondFar=4 targetUpdateSkippedShaderApply=4
[Stage6 Capture] frameWidth=800 frameHeight=800 tcpWidth=800 tcpHeight=800 renderTextureWidth=800 renderTextureHeight=800 textureCropApplied=0 source=final_sensor channels=RGB8 readbackMode=EveryFrame readbackEveryN=1 copyRamAttached=1 copyRamMode=RTM_copy_ram tcpFrameReused=0 diagnostic_only=0 renderPath=direct_final sourceSeq=120 readbackMs=1.84421 resizeMs=0 frameCopyMs=0.658584 tcpQueueDepth=1 annotationJsonPerFrame=1 annotationOverlayInSensorImage=0
[TcpFramePacket] frame=120 imgBytes=8429 annotationBytes=630 targets=1 width=800 height=800
[TcpPerf] sourceSeq=120 outputOrdinal=120 codec=jpeg requestedCodec=jpeg h264En=0 codecFallbackReason=none jpegQuality=95 jpegMode=gray jpegBytes=8429 encodeInputChannels=1 flipMs=2.338 resizeMs=0.000 jpegMs=7.615 tcpSendMs=0.188 queueDepth=0 queueWaitMs=0.001 overwritten=0
[SyncFrame] sourceSeq=120 outputOrdinal=120 inputQueueDepth=4 tcpQueueDepth=0 sourceSeqContinuous=1 videoFpsTarget=60.000 frameMs=13.427 latencyMs=72.847 readbackMs=1.844 flipMs=2.338 resizeMs=0.000 jpegMs=7.615 tcpSendMs=0.188 overrun=0 overwritten=0
[Stage6 MTF] sourceSeq=120 enabled=0 effective=0 mode=GaussianSeparable effectiveMode=GaussianSinglePassSeparableWeights sigmaPixels=0.65 radiusPixels=2 passes=1 applyTo=final_display inputSize=800x800 outputSize=800x800 stage6MtfBlurMs=0 stage6MtfBlurScope=render_pass_upper_bound implementation=single_pass_gpu_separable_weights todo=true_two_pass_separable_if_needed
[Stage6 Noise] sourceSeq=120 enabled=0 effective=0 applyTo=final_display position=BeforeAGC temporalEnabled=1 temporalSigma=0.005 fpnEnabled=0 fpnSigma=0.003 columnEnabled=0 columnSigma=0.002 rowEnabled=0 rowSigma=0.001 badPixelEnabled=0 badPixelRatio=0.0001 seed=12345 stage6DetectorNoiseMs=0 stage6DetectorNoiseScope=render_pass_upper_bound implementation=single_pass_gpu_hash_noise
[Stage6 AGC] sourceSeq=120 enabled=0 effective=0 mode=Percentile statsSource=previous_readback updateHz=30 sampleCount=0 lowPercentile=2 highPercentile=98 lowInput=0 highInput=1 gain=1 offset=0 gainSmoothed=1 offsetSmoothed=0 valid=0 fallbackReason=disabled stage6AgcStatsMs=0
[Stage6 FrameDiag] frameIndex=1.78246e+12 packet=184 band=MWIR whiteHot=1 displayGain=1 displayOffset=0 noiseEnable=0 noiseSigmaGray=0 route=final_sensor targetVisibleCount=2 targetMappedCount=5 hiddenByTargetNum=0 hiddenByTargetViewValid=0 hiddenByWeaponViewValid=0 beyondFarClip=3 skyVisible=1 cameraHpr=2.30093,-3.15268,0 sensorFovH=0.0999999 sensorFovV=0.0999999 near=1 far=50000
[AnnotationCollision] targetID=34 platform=AIM120D triangles=1532 solids=1532 built=1
[AnnotationCollisionCache] platform=AIM120D targetID=34 built=1 reused=0 triangles=1532 solids=1532
[RenderPerfProbe] pandaDoFrameMs=16.861 renderPath=direct_final graphicsOutputCount=1 activeDisplayRegionCount=1 rawPassEnabled=0 finalPassEnabled=1 annotationOverlayEnabled=0 readbackMode=EveryFrame readbackEveryN=1 copyRamAttached=1 copyRamMode=RTM_copy_ram quietPerfMode=1 bboxFastMode=mesh_body processRealSceneMs=0.257 targetMappingMs=0.168 cameraControlMs=0.014 stage4Stage5UpdateMs=0.984 shaderInputApplyMs=0.000 readbackMs=2.686 frameCopyMs=0.692 jpegMs=7.608 annotationMs=0.003 annotationBBoxMs=0.000 annotationOcclusionMs=0.000 annotationJsonMs=0.000 annotationTargets=2 bboxUpdateCount=34 bboxReuseCount=170 occlusionUpdateCount=16 occlusionReuseCount=188 targetUpdateCullInvisible=1 targetUpdateTotal=10 targetUpdateVisible=2 targetUpdateSkippedBeyondFar=3 targetUpdateSkippedShaderApply=3
接收UDP数据，长度：506字节，来自：192.168.1.188:9999 packet=240
解析UDP数据，flag：0x38 packet=240
[Stage0] Display packet #240: platID=1, sensorID=1, targetNumValid=5, timeMs=1.78246e+12
处理实时成像数据...
实时数据更新完成，时间戳=1.78246e+12ms
[Stage5 PlumePerf] plumeNodeCount=16 visiblePlumeCount=0 textureLoadCountThisFrame=0 updateHz=30 updatePlumeMs=0.0103454 updatePlumeMsMax=0.021875 perfBudgetMs=1
[TargetUpdateCull] enabled=1 total=10 visible=2 skippedBeyondFar=3 skippedShaderApply=3 shaderInputApplyMs=0.599083 stage4Stage5UpdateMs=1.14158
[Perf] mode=sync videoFpsTarget=60.000 udpFps=59.919 renderFps=58.921 outputFps=58.921 sceneUpdateMs=0.659 annotationMs=0.425 irUpdateMs=0.565 irEnvBuildMs=0.006 stage7SkyGroundMs=0.364 platformRadianceMs=0.029 targetRadianceMs=0.023 stage4HotspotMs=0.312 stage5PlumeMs=0.010 stage5RadianceComponentMs=0.263 stage5AeroThermalMs=0.007 stage5ModtranLookupMs=0.000 shaderInputApplyMs=0.652 shaderInputApplyScope=exclusive stage7SkyGroundScope=inclusive stage4HotspotScope=inclusive shaderInputSetCount=344 shaderInputSkipCount=11760 shaderInputCacheHitRate=97.158 stage5ModtranCacheHitCount=0 stage5ModtranCacheMissCount=0 stage7FullUpdateCount=17 stage7PositionOnlyCount=42 stage7SkipCount=0 stage4UpdateCount=1 stage4SkipCount=294 plumeUpdateMs=0.012 renderMs=16.236 stage6MtfBlurMs=0.000 stage6MtfBlurScope=render_pass_upper_bound mtfBlurEnabled=0 mtfBlurSigmaPixels=0.650 mtfBlurRadiusPixels=2 stage6DetectorNoiseMs=0.000 stage6DetectorNoiseScope=render_pass_upper_bound detectorNoiseEnabled=0 temporalNoiseSigmaGray=0.005 fpnSigmaGray=0.003 columnNoiseSigmaGray=0.002 rowNoiseSigmaGray=0.001 badPixelRatio=0.000 noisePosition=BeforeAGC stage6AgcStatsMs=0.000 stage6AgcApplyMs=0.000 agcEnabled=0 agcMode=Percentile agcGain=1.000 agcOffset=0.000 agcLowInput=0.000 agcHighInput=1.000 agcSampleCount=0 readbackMs=1.949 resizeMs=0.000 frameCopyMs=0.705 jpegMs=7.993 tcpSendMs=0.164 tcpQueueDepth=0 tcpQueueDepthMax=1 inputQueueDepth=6 inputQueueDepthMax=6 sourceSeqLag=6 latencyAvgMs=77.842 latencyMaxMs=108.642 syncOverrunCount=11 inputQueueOverflowCount=0 udpFrames=243 renderFrames=236 outputFrames=237
[Perf][WARN] outputFps=58.921 targetFps=60.000 bottleneckSummary=below_60hz irUpdateMs=0.565 stage5ModtranLookupMs=0.000 stage5RadianceComponentMs=0.263 stage5AeroThermalMs=0.007 stage4HotspotMs=0.312 stage7SkyGroundMs=0.364 shaderInputApplyMs=0.652 annotationMs=0.425 renderMs=16.236 stage6MtfBlurMs=0.000 stage6DetectorNoiseMs=0.000 stage6AgcStatsMs=0.000 readbackMs=1.949 jpegMs=7.993 tcpSendMs=0.164 inputQueueDepth=6 sourceSeqLag=6 note=recorderWriteMs_is_reported_by_VideoDisplay_RecorderPerf
[TcpPerf] sourceSeq=238 outputOrdinal=238 codec=jpeg requestedCodec=jpeg h264En=0 codecFallbackReason=none jpegQuality=95 jpegMode=gray jpegBytes=8472 encodeInputChannels=1 flipMs=2.300 resizeMs=0.000 jpegMs=7.641 tcpSendMs=0.181 queueDepth=0 queueWaitMs=0.001 overwritten=0
[Stage5 Plume] targetType=0x33 targetPlatID=3 targetID=4 platform=AIM9X engineState=0 band=MWIR coreEnabled=0 haloEnabled=0 coreTempK=0 haloTempK=0 coreGray=0 haloGray=0 coreOpacity=0 haloOpacity=0 coreVisible=0 haloVisible=0 reason=target_not_renderable
[Stage5 Plume] targetType=0x33 targetPlatID=3 targetID=34 platform=AIM9X engineState=0 band=MWIR coreEnabled=0 haloEnabled=0 coreTempK=0 haloTempK=0 coreGray=0 haloGray=0 coreOpacity=0 haloOpacity=0 coreVisible=0 haloVisible=0 reason=target_not_renderable
[Stage5 Plume] targetType=0x22 targetPlatID=3 targetID=4 platform=AIM120D engineState=0 band=MWIR coreEnabled=0 haloEnabled=0 coreTempK=0 haloTempK=0 coreGray=0 haloGray=0 coreOpacity=0 haloOpacity=0 coreVisible=0 haloVisible=0 reason=target_not_renderable
[CameraControl] mode=lookat targetPlatID=3 targetID=3 relPitch=-3.19926 relYaw=-2.32824 range=21235.6
[Stage6 FrameDiag] frameIndex=1.78246e+12 packet=245 band=MWIR whiteHot=1 displayGain=1 displayOffset=0 noiseEnable=0 noiseSigmaGray=0 route=final_sensor targetVisibleCount=2 targetMappedCount=5 hiddenByTargetNum=0 hiddenByTargetViewValid=0 hiddenByWeaponViewValid=0 beyondFarClip=3 skyVisible=1 cameraHpr=2.32824,-3.19926,0 sensorFovH=0.0999999 sensorFovV=0.0999999 near=1 far=50000
[AnnotationFastPath] enabled=1 frame=240 bboxDue=0 occlusionDue=0 updateProjection=0 reused=1 bboxUpdateHz=10 occlusionUpdateHz=5 reuseLastWhenSkipped=1 drawOverlay=0 jsonPerFrame=1 quietPerfMode=1 bboxUpdateCount=40 bboxReuseCount=200 occlusionUpdateCount=19 occlusionReuseCount=221
[ScenePerfProbe] sourceSeq=240 processRealSceneMs=0.363 targetMappingMs=0.239 cameraControlMs=0.021 stage4Stage5UpdateMs=1.024 shaderInputApplyMs=0.000 annotationComputeMs=0.013 annotationBBoxMs=0.000 annotationOcclusionMs=0.000 annotationJsonMs=0.000 pandaDoFrameMs=16.323 readbackMs=1.772 frameCopyMs=0.686 jpegMs=7.331 readbackMode=EveryFrame copyRamAttached=1 quietPerfMode=1 bboxFastMode=mesh_body annotationFastJsonMode=1 annotationOverlayInSensorImage=0 annotationJsonPerFrame=1 bboxUpdateCount=40 bboxReuseCount=200 occlusionUpdateCount=19 occlusionReuseCount=221 targetUpdateCullInvisible=1 targetUpdateTotal=10 targetUpdateVisible=2 targetUpdateSkippedBeyondFar=3 targetUpdateSkippedShaderApply=3
[Stage6 Capture] frameWidth=800 frameHeight=800 tcpWidth=800 tcpHeight=800 renderTextureWidth=800 renderTextureHeight=800 textureCropApplied=0 source=final_sensor channels=RGB8 readbackMode=EveryFrame readbackEveryN=1 copyRamAttached=1 copyRamMode=RTM_copy_ram tcpFrameReused=0 diagnostic_only=0 renderPath=direct_final sourceSeq=240 readbackMs=1.911 resizeMs=0 frameCopyMs=0.672292 tcpQueueDepth=1 annotationJsonPerFrame=1 annotationOverlayInSensorImage=0
[TcpFramePacket] frame=240 imgBytes=8496 annotationBytes=923 targets=2 width=800 height=800
[TcpPerf] sourceSeq=240 outputOrdinal=240 codec=jpeg requestedCodec=jpeg h264En=0 codecFallbackReason=none jpegQuality=95 jpegMode=gray jpegBytes=8496 encodeInputChannels=1 flipMs=2.190 resizeMs=0.000 jpegMs=8.849 tcpSendMs=0.172 queueDepth=0 queueWaitMs=0.001 overwritten=0
[SyncFrame] sourceSeq=240 outputOrdinal=240 inputQueueDepth=6 tcpQueueDepth=0 sourceSeqContinuous=1 videoFpsTarget=60.000 frameMs=14.693 latencyMs=106.587 readbackMs=1.911 flipMs=2.190 resizeMs=0.000 jpegMs=8.849 tcpSendMs=0.172 overrun=0 overwritten=0
[Stage6 MTF] sourceSeq=240 enabled=0 effective=0 mode=GaussianSeparable effectiveMode=GaussianSinglePassSeparableWeights sigmaPixels=0.65 radiusPixels=2 passes=1 applyTo=final_display inputSize=800x800 outputSize=800x800 stage6MtfBlurMs=0 stage6MtfBlurScope=render_pass_upper_bound implementation=single_pass_gpu_separable_weights todo=true_two_pass_separable_if_needed
[Stage6 Noise] sourceSeq=240 enabled=0 effective=0 applyTo=final_display position=BeforeAGC temporalEnabled=1 temporalSigma=0.005 fpnEnabled=0 fpnSigma=0.003 columnEnabled=0 columnSigma=0.002 rowEnabled=0 rowSigma=0.001 badPixelEnabled=0 badPixelRatio=0.0001 seed=12345 stage6DetectorNoiseMs=0 stage6DetectorNoiseScope=render_pass_upper_bound implementation=single_pass_gpu_hash_noise
[Stage6 AGC] sourceSeq=240 enabled=0 effective=0 mode=Percentile statsSource=previous_readback updateHz=30 sampleCount=0 lowPercentile=2 highPercentile=98 lowInput=0 highInput=1 gain=1 offset=0 gainSmoothed=1 offsetSmoothed=0 valid=0 fallbackReason=disabled stage6AgcStatsMs=0
[Stage6 FrameDiag] frameIndex=1.78246e+12 packet=307 band=MWIR whiteHot=1 displayGain=1 displayOffset=0 noiseEnable=0 noiseSigmaGray=0 route=final_sensor targetVisibleCount=3 targetMappedCount=5 hiddenByTargetNum=0 hiddenByTargetViewValid=0 hiddenByWeaponViewValid=0 beyondFarClip=2 skyVisible=1 cameraHpr=2.35463,-3.25139,0 sensorFovH=0.0999999 sensorFovV=0.0999999 near=1 far=50000
[AnnotationCollision] targetID=4 platform=AIM9X triangles=7826 solids=7826 built=1
[AnnotationCollisionCache] platform=AIM9X targetID=4 built=1 reused=0 triangles=7826 solids=7826
[Stage5 Plume] targetType=0x22 targetPlatID=3 targetID=3 platform=AIM120D engineState=1 band=MWIR coreEnabled=1 haloEnabled=1 coreTempK=441.191 haloTempK=379.558 coreGray=0.0120039 haloGray=0.00134927 coreOpacity=1 haloOpacity=0.405 coreVisible=1 haloVisible=1
[Stage5 PlumePerf] plumeNodeCount=16 visiblePlumeCount=2 textureLoadCountThisFrame=0 updateHz=30 updatePlumeMs=0.115145 updatePlumeMsMax=3.27921 perfBudgetMs=1
[SyncFrame][WARN] inputQueueBackpressure sourceSeq=318 backpressureCount=1 queueDepth=16 queueCapacity=16 action=wait_for_space
[SyncFrame][WARN] inputQueueBackpressure sourceSeq=319 backpressureCount=2 queueDepth=16 queueCapacity=16 action=wait_for_space
[SyncFrame][WARN] inputQueueBackpressure sourceSeq=320 backpressureCount=3 queueDepth=16 queueCapacity=16 action=wait_for_space
[RenderPerfProbe] pandaDoFrameMs=11.432 renderPath=direct_final graphicsOutputCount=1 activeDisplayRegionCount=1 rawPassEnabled=0 finalPassEnabled=1 annotationOverlayEnabled=0 readbackMode=EveryFrame readbackEveryN=1 copyRamAttached=1 copyRamMode=RTM_copy_ram quietPerfMode=1 bboxFastMode=mesh_body processRealSceneMs=0.164 targetMappingMs=0.104 cameraControlMs=0.009 stage4Stage5UpdateMs=1.169 shaderInputApplyMs=0.000 readbackMs=1.746 frameCopyMs=0.396 jpegMs=8.646 annotationMs=0.003 annotationBBoxMs=0.000 annotationOcclusionMs=0.000 annotationJsonMs=0.000 annotationTargets=3 bboxUpdateCount=54 bboxReuseCount=270 occlusionUpdateCount=26 occlusionReuseCount=298 targetUpdateCullInvisible=1 targetUpdateTotal=10 targetUpdateVisible=3 targetUpdateSkippedBeyondFar=2 targetUpdateSkippedShaderApply=2
接收UDP数据，长度：506字节，来自：192.168.1.188:9999 packet=360
解析UDP数据，flag：0x38 packet=360
[Stage0] Display packet #360: platID=1, sensorID=1, targetNumValid=5, timeMs=1.78246e+12
处理实时成像数据...
实时数据更新完成，时间戳=1.78246e+12ms
[Perf] mode=sync videoFpsTarget=60.000 udpFps=59.939 renderFps=54.944 outputFps=54.444 sceneUpdateMs=1.504 annotationMs=1.294 irUpdateMs=0.766 irEnvBuildMs=0.004 stage7SkyGroundMs=0.652 platformRadianceMs=0.015 targetRadianceMs=0.029 stage4HotspotMs=0.354 stage5PlumeMs=0.016 stage5RadianceComponentMs=0.294 stage5AeroThermalMs=0.006 stage5ModtranLookupMs=0.000 shaderInputApplyMs=0.923 shaderInputApplyScope=exclusive stage7SkyGroundScope=inclusive stage4HotspotScope=inclusive shaderInputSetCount=566 shaderInputSkipCount=14814 shaderInputCacheHitRate=96.320 stage5ModtranCacheHitCount=0 stage5ModtranCacheMissCount=0 stage7FullUpdateCount=17 stage7PositionOnlyCount=37 stage7SkipCount=0 stage4UpdateCount=24 stage4SkipCount=246 plumeUpdateMs=0.208 renderMs=16.777 stage6MtfBlurMs=0.000 stage6MtfBlurScope=render_pass_upper_bound mtfBlurEnabled=0 mtfBlurSigmaPixels=0.650 mtfBlurRadiusPixels=2 stage6DetectorNoiseMs=0.000 stage6DetectorNoiseScope=render_pass_upper_bound detectorNoiseEnabled=0 temporalNoiseSigmaGray=0.005 fpnSigmaGray=0.003 columnNoiseSigmaGray=0.002 rowNoiseSigmaGray=0.001 badPixelRatio=0.000 noisePosition=BeforeAGC stage6AgcStatsMs=0.000 stage6AgcApplyMs=0.000 agcEnabled=0 agcMode=Percentile agcGain=1.000 agcOffset=0.000 agcLowInput=0.000 agcHighInput=1.000 agcSampleCount=0 readbackMs=1.881 resizeMs=0.000 frameCopyMs=0.626 jpegMs=8.007 tcpSendMs=0.157 tcpQueueDepth=0 tcpQueueDepthMax=1 inputQueueDepth=16 inputQueueDepthMax=16 sourceSeqLag=17 latencyAvgMs=179.447 latencyMaxMs=323.267 syncOverrunCount=40 inputQueueOverflowCount=0 udpFrames=363 renderFrames=346 outputFrames=346
[Perf][WARN] outputFps=54.444 targetFps=60.000 bottleneckSummary=below_60hz irUpdateMs=0.766 stage5ModtranLookupMs=0.000 stage5RadianceComponentMs=0.294 stage5AeroThermalMs=0.006 stage4HotspotMs=0.354 stage7SkyGroundMs=0.652 shaderInputApplyMs=0.923 annotationMs=1.294 renderMs=16.777 stage6MtfBlurMs=0.000 stage6DetectorNoiseMs=0.000 stage6AgcStatsMs=0.000 readbackMs=1.881 jpegMs=8.007 tcpSendMs=0.157 inputQueueDepth=16 sourceSeqLag=17 note=recorderWriteMs_is_reported_by_VideoDisplay_RecorderPerf
[TcpPerf] sourceSeq=349 outputOrdinal=349 codec=jpeg requestedCodec=jpeg h264En=0 codecFallbackReason=none jpegQuality=95 jpegMode=gray jpegBytes=8306 encodeInputChannels=1 flipMs=2.130 resizeMs=0.000 jpegMs=7.882 tcpSendMs=0.148 queueDepth=0 queueWaitMs=0.001 overwritten=0
[Stage5 Plume] targetType=0x33 targetPlatID=3 targetID=34 platform=AIM9X engineState=0 band=MWIR coreEnabled=0 haloEnabled=0 coreTempK=0 haloTempK=0 coreGray=0 haloGray=0 coreOpacity=0 haloOpacity=0 coreVisible=0 haloVisible=0 reason=target_not_renderable
[Stage5 Plume] targetType=0x22 targetPlatID=3 targetID=4 platform=AIM120D engineState=0 band=MWIR coreEnabled=0 haloEnabled=0 coreTempK=0 haloTempK=0 coreGray=0 haloGray=0 coreOpacity=0 haloOpacity=0 coreVisible=0 haloVisible=0 reason=target_not_renderable
[CameraControl] mode=lookat targetPlatID=3 targetID=3 relPitch=-3.86011 relYaw=-2.37994 range=20709.1
[Stage6 FrameDiag] frameIndex=1.78246e+12 packet=376 band=MWIR whiteHot=1 displayGain=1 displayOffset=0 noiseEnable=0 noiseSigmaGray=0 route=final_sensor targetVisibleCount=3 targetMappedCount=5 hiddenByTargetNum=0 hiddenByTargetViewValid=0 hiddenByWeaponViewValid=0 beyondFarClip=2 skyVisible=1 cameraHpr=2.37994,-3.86011,0 sensorFovH=0.0999999 sensorFovV=0.0999999 near=1 far=50000
[AnnotationFastPath] enabled=1 frame=360 bboxDue=0 occlusionDue=0 updateProjection=0 reused=1 bboxUpdateHz=10 occlusionUpdateHz=5 reuseLastWhenSkipped=1 drawOverlay=0 jsonPerFrame=1 quietPerfMode=1 bboxUpdateCount=60 bboxReuseCount=300 occlusionUpdateCount=29 occlusionReuseCount=331
[ScenePerfProbe] sourceSeq=360 processRealSceneMs=0.383 targetMappingMs=0.270 cameraControlMs=0.022 stage4Stage5UpdateMs=2.264 shaderInputApplyMs=0.000 annotationComputeMs=0.012 annotationBBoxMs=0.000 annotationOcclusionMs=0.000 annotationJsonMs=0.000 pandaDoFrameMs=18.181 readbackMs=1.866 frameCopyMs=0.685 jpegMs=7.562 readbackMode=EveryFrame copyRamAttached=1 quietPerfMode=1 bboxFastMode=mesh_body annotationFastJsonMode=1 annotationOverlayInSensorImage=0 annotationJsonPerFrame=1 bboxUpdateCount=60 bboxReuseCount=300 occlusionUpdateCount=29 occlusionReuseCount=331 targetUpdateCullInvisible=1 targetUpdateTotal=10 targetUpdateVisible=3 targetUpdateSkippedBeyondFar=2 targetUpdateSkippedShaderApply=2
[Stage6 Capture] frameWidth=800 frameHeight=800 tcpWidth=800 tcpHeight=800 renderTextureWidth=800 renderTextureHeight=800 textureCropApplied=0 source=final_sensor channels=RGB8 readbackMode=EveryFrame readbackEveryN=1 copyRamAttached=1 copyRamMode=RTM_copy_ram tcpFrameReused=0 diagnostic_only=0 renderPath=direct_final sourceSeq=360 readbackMs=1.89525 resizeMs=0 frameCopyMs=0.672583 tcpQueueDepth=1 annotationJsonPerFrame=1 annotationOverlayInSensorImage=0
[TcpFramePacket] frame=360 imgBytes=8358 annotationBytes=1213 targets=3 width=800 height=800
[TcpPerf] sourceSeq=360 outputOrdinal=360 codec=jpeg requestedCodec=jpeg h264En=0 codecFallbackReason=none jpegQuality=95 jpegMode=gray jpegBytes=8358 encodeInputChannels=1 flipMs=2.213 resizeMs=0.000 jpegMs=8.797 tcpSendMs=0.162 queueDepth=0 queueWaitMs=0.001 overwritten=0
[SyncFrame] sourceSeq=360 outputOrdinal=360 inputQueueDepth=16 tcpQueueDepth=0 sourceSeqContinuous=1 videoFpsTarget=60.000 frameMs=14.643 latencyMs=323.638 readbackMs=1.895 flipMs=2.213 resizeMs=0.000 jpegMs=8.797 tcpSendMs=0.162 overrun=0 overwritten=0
[Stage6 MTF] sourceSeq=360 enabled=0 effective=0 mode=GaussianSeparable effectiveMode=GaussianSinglePassSeparableWeights sigmaPixels=0.65 radiusPixels=2 passes=1 applyTo=final_display inputSize=800x800 outputSize=800x800 stage6MtfBlurMs=0 stage6MtfBlurScope=render_pass_upper_bound implementation=single_pass_gpu_separable_weights todo=true_two_pass_separable_if_needed
[Stage6 Noise] sourceSeq=360 enabled=0 effective=0 applyTo=final_display position=BeforeAGC temporalEnabled=1 temporalSigma=0.005 fpnEnabled=0 fpnSigma=0.003 columnEnabled=0 columnSigma=0.002 rowEnabled=0 rowSigma=0.001 badPixelEnabled=0 badPixelRatio=0.0001 seed=12345 stage6DetectorNoiseMs=0 stage6DetectorNoiseScope=render_pass_upper_bound implementation=single_pass_gpu_hash_noise
[Stage6 AGC] sourceSeq=360 enabled=0 effective=0 mode=Percentile statsSource=previous_readback updateHz=30 sampleCount=0 lowPercentile=2 highPercentile=98 lowInput=0 highInput=1 gain=1 offset=0 gainSmoothed=1 offsetSmoothed=0 valid=0 fallbackReason=disabled stage6AgcStatsMs=0
[Stage6 FrameDiag] frameIndex=1.78246e+12 packet=437 band=MWIR whiteHot=1 displayGain=1 displayOffset=0 noiseEnable=0 noiseSigmaGray=0 route=final_sensor targetVisibleCount=4 targetMappedCount=5 hiddenByTargetNum=0 hiddenByTargetViewValid=0 hiddenByWeaponViewValid=0 beyondFarClip=1 skyVisible=1 cameraHpr=2.80729,-4.97874,0 sensorFovH=0.0999999 sensorFovV=0.0999999 near=1 far=50000
[AnnotationCollision] targetID=34 platform=AIM9X triangles=7826 solids=7826 built=1
[AnnotationCollisionCache] platform=AIM9X targetID=34 built=1 reused=0 triangles=7826 solids=7826
[RenderPerfProbe] pandaDoFrameMs=16.268 renderPath=direct_final graphicsOutputCount=1 activeDisplayRegionCount=1 rawPassEnabled=0 finalPassEnabled=1 annotationOverlayEnabled=0 readbackMode=EveryFrame readbackEveryN=1 copyRamAttached=1 copyRamMode=RTM_copy_ram quietPerfMode=1 bboxFastMode=mesh_body processRealSceneMs=0.232 targetMappingMs=0.148 cameraControlMs=0.012 stage4Stage5UpdateMs=1.894 shaderInputApplyMs=0.000 readbackMs=1.914 frameCopyMs=0.680 jpegMs=7.714 annotationMs=0.003 annotationBBoxMs=0.000 annotationOcclusionMs=0.000 annotationJsonMs=0.000 annotationTargets=4 bboxUpdateCount=74 bboxReuseCount=370 occlusionUpdateCount=36 occlusionReuseCount=408 targetUpdateCullInvisible=1 targetUpdateTotal=10 targetUpdateVisible=4 targetUpdateSkippedBeyondFar=1 targetUpdateSkippedShaderApply=1
[Perf] mode=sync videoFpsTarget=60.000 udpFps=49.477 renderFps=49.477 outputFps=49.477 sceneUpdateMs=2.610 annotationMs=2.375 irUpdateMs=1.111 irEnvBuildMs=0.005 stage7SkyGroundMs=0.648 platformRadianceMs=0.015 targetRadianceMs=0.053 stage4HotspotMs=0.872 stage5PlumeMs=0.469 stage5RadianceComponentMs=0.732 stage5AeroThermalMs=0.008 stage5ModtranLookupMs=0.000 shaderInputApplyMs=1.399 shaderInputApplyScope=exclusive stage7SkyGroundScope=inclusive stage4HotspotScope=inclusive shaderInputSetCount=643 shaderInputSkipCount=16953 shaderInputCacheHitRate=96.346 stage5ModtranCacheHitCount=0 stage5ModtranCacheMissCount=0 stage7FullUpdateCount=16 stage7PositionOnlyCount=34 stage7SkipCount=0 stage4UpdateCount=51 stage4SkipCount=199 plumeUpdateMs=0.440 renderMs=17.508 stage6MtfBlurMs=0.000 stage6MtfBlurScope=render_pass_upper_bound mtfBlurEnabled=0 mtfBlurSigmaPixels=0.650 mtfBlurRadiusPixels=2 stage6DetectorNoiseMs=0.000 stage6DetectorNoiseScope=render_pass_upper_bound detectorNoiseEnabled=0 temporalNoiseSigmaGray=0.005 fpnSigmaGray=0.003 columnNoiseSigmaGray=0.002 rowNoiseSigmaGray=0.001 badPixelRatio=0.000 noisePosition=BeforeAGC stage6AgcStatsMs=0.000 stage6AgcApplyMs=0.000 agcEnabled=0 agcMode=Percentile agcGain=1.000 agcOffset=0.000 agcLowInput=0.000 agcHighInput=1.000 agcSampleCount=0 readbackMs=1.925 resizeMs=0.000 frameCopyMs=0.703 jpegMs=8.227 tcpSendMs=0.166 tcpQueueDepth=0 tcpQueueDepthMax=1 inputQueueDepth=16 inputQueueDepthMax=16 sourceSeqLag=17 latencyAvgMs=350.883 latencyMaxMs=428.490 syncOverrunCount=156 inputQueueOverflowCount=0 udpFrames=462 renderFrames=445 outputFrames=445
[Perf][WARN] outputFps=49.477 targetFps=60.000 bottleneckSummary=below_60hz irUpdateMs=1.111 stage5ModtranLookupMs=0.000 stage5RadianceComponentMs=0.732 stage5AeroThermalMs=0.008 stage4HotspotMs=0.872 stage7SkyGroundMs=0.648 shaderInputApplyMs=1.399 annotationMs=2.375 renderMs=17.508 stage6MtfBlurMs=0.000 stage6DetectorNoiseMs=0.000 stage6AgcStatsMs=0.000 readbackMs=1.925 jpegMs=8.227 tcpSendMs=0.166 inputQueueDepth=16 sourceSeqLag=17 note=recorderWriteMs_is_reported_by_VideoDisplay_RecorderPerf
[SyncFrame][WARN] inputQueueBackpressure sourceSeq=464 backpressureCount=120 queueDepth=16 queueCapacity=16 action=wait_for_space
接收UDP数据，长度：506字节，来自：192.168.1.188:9999 packet=480
解析UDP数据，flag：0x38 packet=480
[TcpPerf] sourceSeq=459 outputOrdinal=459 codec=jpeg requestedCodec=jpeg h264En=0 codecFallbackReason=none jpegQuality=95 jpegMode=gray jpegBytes=9169 encodeInputChannels=1 flipMs=2.248 resizeMs=0.000 jpegMs=8.143 tcpSendMs=0.151 queueDepth=0 queueWaitMs=0.001 overwritten=0
[Stage0] Display packet #480: platID=1, sensorID=1, targetNumValid=5, timeMs=1.78246e+12
处理实时成像数据...
实时数据更新完成，时间戳=1.78246e+12ms
实时数据更新完成，时间戳=1.78246e+12ms
[Stage5 PlumePerf] plumeNodeCount=16 visiblePlumeCount=2 textureLoadCountThisFrame=0 updateHz=30 updatePlumeMs=0.384311 updatePlumeMsMax=0.712834 perfBudgetMs=1
[TargetUpdateCull] enabled=1 total=10 visible=4 skippedBeyondFar=1 skippedShaderApply=1 shaderInputApplyMs=1.61787 stage4Stage5UpdateMs=2.93708
[Stage5 Plume] targetType=0x22 targetPlatID=3 targetID=4 platform=AIM120D engineState=0 band=MWIR coreEnabled=0 haloEnabled=0 coreTempK=0 haloTempK=0 coreGray=0 haloGray=0 coreOpacity=0 haloOpacity=0 coreVisible=0 haloVisible=0 reason=target_not_renderable
[CameraControl] mode=lookat targetPlatID=3 targetID=3 relPitch=-4.30625 relYaw=-3.6525 range=20177.7
[Stage6 FrameDiag] frameIndex=1.78246e+12 packet=496 band=MWIR whiteHot=1 displayGain=1 displayOffset=0 noiseEnable=0 noiseSigmaGray=0 route=final_sensor targetVisibleCount=4 targetMappedCount=5 hiddenByTargetNum=0 hiddenByTargetViewValid=0 hiddenByWeaponViewValid=0 beyondFarClip=1 skyVisible=1 cameraHpr=3.6525,-4.30625,0 sensorFovH=0.0999999 sensorFovV=0.0999999 near=1 far=50000
[AnnotationFastPath] enabled=1 frame=480 bboxDue=0 occlusionDue=0 updateProjection=0 reused=1 bboxUpdateHz=10 occlusionUpdateHz=5 reuseLastWhenSkipped=1 drawOverlay=0 jsonPerFrame=1 quietPerfMode=1 bboxUpdateCount=80 bboxReuseCount=400 occlusionUpdateCount=39 occlusionReuseCount=441
[ScenePerfProbe] sourceSeq=480 processRealSceneMs=0.336 targetMappingMs=0.220 cameraControlMs=0.020 stage4Stage5UpdateMs=2.004 shaderInputApplyMs=0.000 annotationComputeMs=0.012 annotationBBoxMs=0.000 annotationOcclusionMs=0.000 annotationJsonMs=0.000 pandaDoFrameMs=18.572 readbackMs=1.875 frameCopyMs=0.697 jpegMs=8.779 readbackMode=EveryFrame copyRamAttached=1 quietPerfMode=1 bboxFastMode=mesh_body annotationFastJsonMode=1 annotationOverlayInSensorImage=0 annotationJsonPerFrame=1 bboxUpdateCount=80 bboxReuseCount=400 occlusionUpdateCount=39 occlusionReuseCount=441 targetUpdateCullInvisible=1 targetUpdateTotal=10 targetUpdateVisible=4 targetUpdateSkippedBeyondFar=1 targetUpdateSkippedShaderApply=1
[Stage6 Capture] frameWidth=800 frameHeight=800 tcpWidth=800 tcpHeight=800 renderTextureWidth=800 renderTextureHeight=800 textureCropApplied=0 source=final_sensor channels=RGB8 readbackMode=EveryFrame readbackEveryN=1 copyRamAttached=1 copyRamMode=RTM_copy_ram tcpFrameReused=0 diagnostic_only=0 renderPath=direct_final sourceSeq=480 readbackMs=1.904 resizeMs=0 frameCopyMs=0.950833 tcpQueueDepth=1 annotationJsonPerFrame=1 annotationOverlayInSensorImage=0
[TcpFramePacket] frame=480 imgBytes=9198 annotationBytes=1504 targets=4 width=800 height=800
[TcpPerf] sourceSeq=480 outputOrdinal=480 codec=jpeg requestedCodec=jpeg h264En=0 codecFallbackReason=none jpegQuality=95 jpegMode=gray jpegBytes=9198 encodeInputChannels=1 flipMs=2.259 resizeMs=0.000 jpegMs=8.111 tcpSendMs=0.156 queueDepth=0 queueWaitMs=0.001 overwritten=0
[SyncFrame] sourceSeq=480 outputOrdinal=480 inputQueueDepth=16 tcpQueueDepth=0 sourceSeqContinuous=1 videoFpsTarget=60.000 frameMs=14.253 latencyMs=360.099 readbackMs=1.904 flipMs=2.259 resizeMs=0.000 jpegMs=8.111 tcpSendMs=0.156 overrun=0 overwritten=0
[Stage6 MTF] sourceSeq=480 enabled=0 effective=0 mode=GaussianSeparable effectiveMode=GaussianSinglePassSeparableWeights sigmaPixels=0.65 radiusPixels=2 passes=1 applyTo=final_display inputSize=800x800 outputSize=800x800 stage6MtfBlurMs=0 stage6MtfBlurScope=render_pass_upper_bound implementation=single_pass_gpu_separable_weights todo=true_two_pass_separable_if_needed
[Stage6 Noise] sourceSeq=480 enabled=0 effective=0 applyTo=final_display position=BeforeAGC temporalEnabled=1 temporalSigma=0.005 fpnEnabled=0 fpnSigma=0.003 columnEnabled=0 columnSigma=0.002 rowEnabled=0 rowSigma=0.001 badPixelEnabled=0 badPixelRatio=0.0001 seed=12345 stage6DetectorNoiseMs=0 stage6DetectorNoiseScope=render_pass_upper_bound implementation=single_pass_gpu_hash_noise
[Stage6 AGC] sourceSeq=480 enabled=0 effective=0 mode=Percentile statsSource=previous_readback updateHz=30 sampleCount=0 lowPercentile=2 highPercentile=98 lowInput=0 highInput=1 gain=1 offset=0 gainSmoothed=1 offsetSmoothed=0 valid=0 fallbackReason=disabled stage6AgcStatsMs=0
[Stage6 FrameDiag] frameIndex=1.78246e+12 packet=556 band=MWIR whiteHot=1 displayGain=1 displayOffset=0 noiseEnable=0 noiseSigmaGray=0 route=final_sensor targetVisibleCount=5 targetMappedCount=5 hiddenByTargetNum=0 hiddenByTargetViewValid=0 hiddenByWeaponViewValid=0 beyondFarClip=0 skyVisible=1 cameraHpr=3.72216,-3.9577,0 sensorFovH=0.0999999 sensorFovV=0.0999999 near=1 far=50000
[AnnotationCollision] targetID=4 platform=AIM120D triangles=1532 solids=1532 built=1
[AnnotationCollisionCache] platform=AIM120D targetID=4 built=1 reused=0 triangles=1532 solids=1532
[Perf] mode=sync videoFpsTarget=60.000 udpFps=48.395 renderFps=48.395 outputFps=48.395 sceneUpdateMs=2.759 annotationMs=2.524 irUpdateMs=1.091 irEnvBuildMs=0.005 stage7SkyGroundMs=0.690 platformRadianceMs=0.015 targetRadianceMs=0.079 stage4HotspotMs=0.856 stage5PlumeMs=0.333 stage5RadianceComponentMs=0.706 stage5AeroThermalMs=0.008 stage5ModtranLookupMs=0.000 shaderInputApplyMs=1.562 shaderInputApplyScope=exclusive stage7SkyGroundScope=inclusive stage4HotspotScope=inclusive shaderInputSetCount=685 shaderInputSkipCount=19235 shaderInputCacheHitRate=96.561 stage5ModtranCacheHitCount=0 stage5ModtranCacheMissCount=0 stage7FullUpdateCount=16 stage7PositionOnlyCount=32 stage7SkipCount=0 stage4UpdateCount=49 stage4SkipCount=191 plumeUpdateMs=0.253 renderMs=17.811 stage6MtfBlurMs=0.000 stage6MtfBlurScope=render_pass_upper_bound mtfBlurEnabled=0 mtfBlurSigmaPixels=0.650 mtfBlurRadiusPixels=2 stage6DetectorNoiseMs=0.000 stage6DetectorNoiseScope=render_pass_upper_bound detectorNoiseEnabled=0 temporalNoiseSigmaGray=0.005 fpnSigmaGray=0.003 columnNoiseSigmaGray=0.002 rowNoiseSigmaGray=0.001 badPixelRatio=0.000 noisePosition=BeforeAGC stage6AgcStatsMs=0.000 stage6AgcApplyMs=0.000 agcEnabled=0 agcMode=Percentile agcGain=1.000 agcOffset=0.000 agcLowInput=0.000 agcHighInput=1.000 agcSampleCount=0 readbackMs=1.941 resizeMs=0.000 frameCopyMs=0.715 jpegMs=8.370 tcpSendMs=0.171 tcpQueueDepth=0 tcpQueueDepthMax=1 inputQueueDepth=16 inputQueueDepthMax=16 sourceSeqLag=17 latencyAvgMs=363.905 latencyMaxMs=381.051 syncOverrunCount=269 inputQueueOverflowCount=0 udpFrames=559 renderFrames=542 outputFrames=542
[Perf][WARN] outputFps=48.395 targetFps=60.000 bottleneckSummary=below_60hz irUpdateMs=1.091 stage5ModtranLookupMs=0.000 stage5RadianceComponentMs=0.706 stage5AeroThermalMs=0.008 stage4HotspotMs=0.856 stage7SkyGroundMs=0.690 shaderInputApplyMs=1.562 annotationMs=2.524 renderMs=17.811 stage6MtfBlurMs=0.000 stage6DetectorNoiseMs=0.000 stage6AgcStatsMs=0.000 readbackMs=1.941 jpegMs=8.370 tcpSendMs=0.171 inputQueueDepth=16 sourceSeqLag=17 note=recorderWriteMs_is_reported_by_VideoDisplay_RecorderPerf
[RenderPerfProbe] pandaDoFrameMs=17.019 renderPath=direct_final graphicsOutputCount=1 activeDisplayRegionCount=1 rawPassEnabled=0 finalPassEnabled=1 annotationOverlayEnabled=0 readbackMode=EveryFrame readbackEveryN=1 copyRamAttached=1 copyRamMode=RTM_copy_ram quietPerfMode=1 bboxFastMode=mesh_body processRealSceneMs=0.219 targetMappingMs=0.136 cameraControlMs=0.014 stage4Stage5UpdateMs=2.175 shaderInputApplyMs=0.000 readbackMs=1.912 frameCopyMs=0.733 jpegMs=7.896 annotationMs=0.004 annotationBBoxMs=0.000 annotationOcclusionMs=0.000 annotationJsonMs=0.000 annotationTargets=5 bboxUpdateCount=94 bboxReuseCount=470 occlusionUpdateCount=46 occlusionReuseCount=518 targetUpdateCullInvisible=1 targetUpdateTotal=10 targetUpdateVisible=5 targetUpdateSkippedBeyondFar=0 targetUpdateSkippedShaderApply=0
[SyncFrame][WARN] inputQueueBackpressure sourceSeq=584 backpressureCount=240 queueDepth=16 queueCapacity=16 action=wait_for_space
[TcpPerf] sourceSeq=576 outputOrdinal=576 codec=jpeg requestedCodec=jpeg h264En=0 codecFallbackReason=none jpegQuality=95 jpegMode=gray jpegBytes=9357 encodeInputChannels=1 flipMs=2.599 resizeMs=0.000 jpegMs=7.527 tcpSendMs=0.151 queueDepth=0 queueWaitMs=0.001 overwritten=0
[AnnotationCollisionCache] platform=AIM120D targetID=3 built=0 reused=1 triangles=1532 solids=1532
接收UDP数据，长度：506字节，来自：192.168.1.188:9999 packet=600
解析UDP数据，flag：0x38 packet=600
[Stage0] Display packet #600: platID=1, sensorID=1, targetNumValid=5, timeMs=1.78246e+12
处理实时成像数据...
实时数据更新完成，时间戳=1.78246e+12ms
实时数据更新完成，时间戳=1.78246e+12ms
[CameraControl] mode=lookat targetPlatID=3 targetID=3 relPitch=-4.0764 relYaw=-3.46945 range=19639.4
[Stage6 FrameDiag] frameIndex=1.78246e+12 packet=616 band=MWIR whiteHot=1 displayGain=1 displayOffset=0 noiseEnable=0 noiseSigmaGray=0 route=final_sensor targetVisibleCount=5 targetMappedCount=5 hiddenByTargetNum=0 hiddenByTargetViewValid=0 hiddenByWeaponViewValid=0 beyondFarClip=0 skyVisible=1 cameraHpr=3.46945,-4.0764,0 sensorFovH=0.0999999 sensorFovV=0.0999999 near=1 far=50000
[AnnotationFastPath] enabled=1 frame=600 bboxDue=0 occlusionDue=0 updateProjection=0 reused=1 bboxUpdateHz=10 occlusionUpdateHz=5 reuseLastWhenSkipped=1 drawOverlay=0 jsonPerFrame=1 quietPerfMode=1 bboxUpdateCount=100 bboxReuseCount=500 occlusionUpdateCount=49 occlusionReuseCount=551
[ScenePerfProbe] sourceSeq=600 processRealSceneMs=0.314 targetMappingMs=0.138 cameraControlMs=0.075 stage4Stage5UpdateMs=2.197 shaderInputApplyMs=0.000 annotationComputeMs=0.013 annotationBBoxMs=0.000 annotationOcclusionMs=0.000 annotationJsonMs=0.000 pandaDoFrameMs=19.211 readbackMs=2.143 frameCopyMs=0.709 jpegMs=8.077 readbackMode=EveryFrame copyRamAttached=1 quietPerfMode=1 bboxFastMode=mesh_body annotationFastJsonMode=1 annotationOverlayInSensorImage=0 annotationJsonPerFrame=1 bboxUpdateCount=100 bboxReuseCount=500 occlusionUpdateCount=49 occlusionReuseCount=551 targetUpdateCullInvisible=1 targetUpdateTotal=10 targetUpdateVisible=5 targetUpdateSkippedBeyondFar=0 targetUpdateSkippedShaderApply=0
[Stage6 Capture] frameWidth=800 frameHeight=800 tcpWidth=800 tcpHeight=800 renderTextureWidth=800 renderTextureHeight=800 textureCropApplied=0 source=final_sensor channels=RGB8 readbackMode=EveryFrame readbackEveryN=1 copyRamAttached=1 copyRamMode=RTM_copy_ram tcpFrameReused=0 diagnostic_only=0 renderPath=direct_final sourceSeq=600 readbackMs=2.03758 resizeMs=0 frameCopyMs=0.679875 tcpQueueDepth=1 annotationJsonPerFrame=1 annotationOverlayInSensorImage=0
[TcpFramePacket] frame=600 imgBytes=9260 annotationBytes=1796 targets=5 width=800 height=800
[TcpPerf] sourceSeq=600 outputOrdinal=600 codec=jpeg requestedCodec=jpeg h264En=0 codecFallbackReason=none jpegQuality=95 jpegMode=gray jpegBytes=9260 encodeInputChannels=1 flipMs=2.276 resizeMs=0.000 jpegMs=7.607 tcpSendMs=0.153 queueDepth=0 queueWaitMs=0.002 overwritten=0
[SyncFrame] sourceSeq=600 outputOrdinal=600 inputQueueDepth=16 tcpQueueDepth=0 sourceSeqContinuous=1 videoFpsTarget=60.000 frameMs=13.629 latencyMs=369.431 readbackMs=2.038 flipMs=2.276 resizeMs=0.000 jpegMs=7.607 tcpSendMs=0.153 overrun=0 overwritten=0
[Stage6 MTF] sourceSeq=600 enabled=0 effective=0 mode=GaussianSeparable effectiveMode=GaussianSinglePassSeparableWeights sigmaPixels=0.65 radiusPixels=2 passes=1 applyTo=final_display inputSize=800x800 outputSize=800x800 stage6MtfBlurMs=0 stage6MtfBlurScope=render_pass_upper_bound implementation=single_pass_gpu_separable_weights todo=true_two_pass_separable_if_needed
[Stage6 Noise] sourceSeq=600 enabled=0 effective=0 applyTo=final_display position=BeforeAGC temporalEnabled=1 temporalSigma=0.005 fpnEnabled=0 fpnSigma=0.003 columnEnabled=0 columnSigma=0.002 rowEnabled=0 rowSigma=0.001 badPixelEnabled=0 badPixelRatio=0.0001 seed=12345 stage6DetectorNoiseMs=0 stage6DetectorNoiseScope=render_pass_upper_bound implementation=single_pass_gpu_hash_noise
[Stage6 AGC] sourceSeq=600 enabled=0 effective=0 mode=Percentile statsSource=previous_readback updateHz=30 sampleCount=0 lowPercentile=2 highPercentile=98 lowInput=0 highInput=1 gain=1 offset=0 gainSmoothed=1 offsetSmoothed=0 valid=0 fallbackReason=disabled stage6AgcStatsMs=0
[Perf] mode=sync videoFpsTarget=60.000 udpFps=47.817 renderFps=47.319 outputFps=47.817 sceneUpdateMs=2.996 annotationMs=2.772 irUpdateMs=1.221 irEnvBuildMs=0.006 stage7SkyGroundMs=0.702 platformRadianceMs=0.015 targetRadianceMs=0.075 stage4HotspotMs=1.139 stage5PlumeMs=0.239 stage5RadianceComponentMs=0.947 stage5AeroThermalMs=0.012 stage5ModtranLookupMs=0.000 shaderInputApplyMs=1.915 shaderInputApplyScope=exclusive stage7SkyGroundScope=inclusive stage4HotspotScope=inclusive shaderInputSetCount=701 shaderInputSkipCount=22979 shaderInputCacheHitRate=97.040 stage5ModtranCacheHitCount=0 stage5ModtranCacheMissCount=0 stage7FullUpdateCount=16 stage7PositionOnlyCount=32 stage7SkipCount=0 stage4UpdateCount=45 stage4SkipCount=195 plumeUpdateMs=0.269 renderMs=17.916 stage6MtfBlurMs=0.000 stage6MtfBlurScope=render_pass_upper_bound mtfBlurEnabled=0 mtfBlurSigmaPixels=0.650 mtfBlurRadiusPixels=2 stage6DetectorNoiseMs=0.000 stage6DetectorNoiseScope=render_pass_upper_bound detectorNoiseEnabled=0 temporalNoiseSigmaGray=0.005 fpnSigmaGray=0.003 columnNoiseSigmaGray=0.002 rowNoiseSigmaGray=0.001 badPixelRatio=0.000 noisePosition=BeforeAGC stage6AgcStatsMs=0.000 stage6AgcApplyMs=0.000 agcEnabled=0 agcMode=Percentile agcGain=1.000 agcOffset=0.000 agcLowInput=0.000 agcHighInput=1.000 agcSampleCount=0 readbackMs=1.927 resizeMs=0.000 frameCopyMs=0.708 jpegMs=6.665 tcpSendMs=0.135 tcpQueueDepth=0 tcpQueueDepthMax=1 inputQueueDepth=16 inputQueueDepthMax=16 sourceSeqLag=17 latencyAvgMs=372.924 latencyMaxMs=392.433 syncOverrunCount=381 inputQueueOverflowCount=0 udpFrames=655 renderFrames=637 outputFrames=638
[Perf][WARN] outputFps=47.817 targetFps=60.000 bottleneckSummary=below_60hz irUpdateMs=1.221 stage5ModtranLookupMs=0.000 stage5RadianceComponentMs=0.947 stage5AeroThermalMs=0.012 stage4HotspotMs=1.139 stage7SkyGroundMs=0.702 shaderInputApplyMs=1.915 annotationMs=2.772 renderMs=17.916 stage6MtfBlurMs=0.000 stage6DetectorNoiseMs=0.000 stage6AgcStatsMs=0.000 readbackMs=1.927 jpegMs=6.665 tcpSendMs=0.135 inputQueueDepth=16 sourceSeqLag=17 note=recorderWriteMs_is_reported_by_VideoDisplay_RecorderPerf
[RenderPerfProbe] pandaDoFrameMs=18.651 renderPath=direct_final graphicsOutputCount=1 activeDisplayRegionCount=1 rawPassEnabled=0 finalPassEnabled=1 annotationOverlayEnabled=0 readbackMode=EveryFrame readbackEveryN=1 copyRamAttached=1 copyRamMode=RTM_copy_ram quietPerfMode=1 bboxFastMode=mesh_body processRealSceneMs=0.230 targetMappingMs=0.141 cameraControlMs=0.013 stage4Stage5UpdateMs=2.225 shaderInputApplyMs=0.000 readbackMs=2.172 frameCopyMs=0.695 jpegMs=8.082 annotationMs=0.003 annotationBBoxMs=0.000 annotationOcclusionMs=0.000 annotationJsonMs=0.000 annotationTargets=5 bboxUpdateCount=114 bboxReuseCount=570 occlusionUpdateCount=56 occlusionReuseCount=628 targetUpdateCullInvisible=1 targetUpdateTotal=10 targetUpdateVisible=5 targetUpdateSkippedBeyondFar=0 targetUpdateSkippedShaderApply=0
[SyncFrame][WARN] inputQueueBackpressure sourceSeq=704 backpressureCount=360 queueDepth=16 queueCapacity=16 action=wait_for_space
[TcpPerf] sourceSeq=695 outputOrdinal=695 codec=jpeg requestedCodec=jpeg h264En=0 codecFallbackReason=none jpegQuality=95 jpegMode=gray jpegBytes=8663 encodeInputChannels=1 flipMs=2.480 resizeMs=0.000 jpegMs=9.409 tcpSendMs=0.171 queueDepth=0 queueWaitMs=0.001 overwritten=0
接收UDP数据，长度：506字节，来自：192.168.1.188:9999 packet=720
解析UDP数据，flag：0x38 packet=720
[Stage0] Display packet #720: platID=1, sensorID=1, targetNumValid=5, timeMs=1.78246e+12
处理实时成像数据...
实时数据更新完成，时间戳=1.78246e+12ms
实时数据更新完成，时间戳=1.78246e+12ms
[Stage5 PlumePerf] plumeNodeCount=16 visiblePlumeCount=2 textureLoadCountThisFrame=0 updateHz=30 updatePlumeMs=0.260074 updatePlumeMsMax=0.427293 perfBudgetMs=1
[TargetUpdateCull] enabled=1 total=10 visible=5 skippedBeyondFar=0 skippedShaderApply=0 shaderInputApplyMs=1.68759 stage4Stage5UpdateMs=2.77521
[CameraControl] mode=lookat targetPlatID=3 targetID=34 relPitch=-6.19815 relYaw=-2.7963 range=19094.3
[Stage6 FrameDiag] frameIndex=1.78246e+12 packet=736 band=MWIR whiteHot=1 displayGain=1 displayOffset=0 noiseEnable=0 noiseSigmaGray=0 route=final_sensor targetVisibleCount=5 targetMappedCount=5 hiddenByTargetNum=0 hiddenByTargetViewValid=0 hiddenByWeaponViewValid=0 beyondFarClip=0 skyVisible=1 cameraHpr=2.7963,-6.19815,0 sensorFovH=0.0999999 sensorFovV=0.0999999 near=1 far=50000
[AnnotationFastPath] enabled=1 frame=720 bboxDue=0 occlusionDue=0 updateProjection=0 reused=1 bboxUpdateHz=10 occlusionUpdateHz=5 reuseLastWhenSkipped=1 drawOverlay=0 jsonPerFrame=1 quietPerfMode=1 bboxUpdateCount=120 bboxReuseCount=600 occlusionUpdateCount=59 occlusionReuseCount=661
[ScenePerfProbe] sourceSeq=720 processRealSceneMs=0.309 targetMappingMs=0.140 cameraControlMs=0.073 stage4Stage5UpdateMs=2.217 shaderInputApplyMs=0.000 annotationComputeMs=0.011 annotationBBoxMs=0.000 annotationOcclusionMs=0.000 annotationJsonMs=0.000 pandaDoFrameMs=16.383 readbackMs=1.843 frameCopyMs=0.695 jpegMs=8.945 readbackMode=EveryFrame copyRamAttached=1 quietPerfMode=1 bboxFastMode=mesh_body annotationFastJsonMode=1 annotationOverlayInSensorImage=0 annotationJsonPerFrame=1 bboxUpdateCount=120 bboxReuseCount=600 occlusionUpdateCount=59 occlusionReuseCount=661 targetUpdateCullInvisible=1 targetUpdateTotal=10 targetUpdateVisible=5 targetUpdateSkippedBeyondFar=0 targetUpdateSkippedShaderApply=0
[Stage6 Capture] frameWidth=800 frameHeight=800 tcpWidth=800 tcpHeight=800 renderTextureWidth=800 renderTextureHeight=800 textureCropApplied=0 source=final_sensor channels=RGB8 readbackMode=EveryFrame readbackEveryN=1 copyRamAttached=1 copyRamMode=RTM_copy_ram tcpFrameReused=0 diagnostic_only=0 renderPath=direct_final sourceSeq=720 readbackMs=1.94717 resizeMs=0 frameCopyMs=0.696208 tcpQueueDepth=1 annotationJsonPerFrame=1 annotationOverlayInSensorImage=0
[Stage5 Plume] targetType=0x22 targetPlatID=3 targetID=3 platform=AIM120D engineState=1 band=MWIR coreEnabled=1 haloEnabled=1 coreTempK=1800 haloTempK=1100 coreGray=1 haloGray=0.789749 coreOpacity=1 haloOpacity=0.405 coreVisible=1 haloVisible=1
[TcpFramePacket] frame=720 imgBytes=8749 annotationBytes=1796 targets=5 width=800 height=800
[TcpPerf] sourceSeq=720 outputOrdinal=720 codec=jpeg requestedCodec=jpeg h264En=0 codecFallbackReason=none jpegQuality=95 jpegMode=gray jpegBytes=8749 encodeInputChannels=1 flipMs=2.349 resizeMs=0.000 jpegMs=7.644 tcpSendMs=0.150 queueDepth=0 queueWaitMs=0.001 overwritten=0
[SyncFrame] sourceSeq=720 outputOrdinal=720 inputQueueDepth=16 tcpQueueDepth=0 sourceSeqContinuous=1 videoFpsTarget=60.000 frameMs=13.577 latencyMs=360.575 readbackMs=1.947 flipMs=2.349 resizeMs=0.000 jpegMs=7.644 tcpSendMs=0.150 overrun=0 overwritten=0
[Stage6 MTF] sourceSeq=720 enabled=0 effective=0 mode=GaussianSeparable effectiveMode=GaussianSinglePassSeparableWeights sigmaPixels=0.65 radiusPixels=2 passes=1 applyTo=final_display inputSize=800x800 outputSize=800x800 stage6MtfBlurMs=0 stage6MtfBlurScope=render_pass_upper_bound implementation=single_pass_gpu_separable_weights todo=true_two_pass_separable_if_needed
[Stage6 Noise] sourceSeq=720 enabled=0 effective=0 applyTo=final_display position=BeforeAGC temporalEnabled=1 temporalSigma=0.005 fpnEnabled=0 fpnSigma=0.003 columnEnabled=0 columnSigma=0.002 rowEnabled=0 rowSigma=0.001 badPixelEnabled=0 badPixelRatio=0.0001 seed=12345 stage6DetectorNoiseMs=0 stage6DetectorNoiseScope=render_pass_upper_bound implementation=single_pass_gpu_hash_noise
[Stage6 AGC] sourceSeq=720 enabled=0 effective=0 mode=Percentile statsSource=previous_readback updateHz=30 sampleCount=0 lowPercentile=2 highPercentile=98 lowInput=0 highInput=1 gain=1 offset=0 gainSmoothed=1 offsetSmoothed=0 valid=0 fallbackReason=disabled stage6AgcStatsMs=0
[Perf] mode=sync videoFpsTarget=60.000 udpFps=47.730 renderFps=47.730 outputFps=47.730 sceneUpdateMs=2.924 annotationMs=2.693 irUpdateMs=1.272 irEnvBuildMs=0.005 stage7SkyGroundMs=1.098 platformRadianceMs=0.017 targetRadianceMs=0.065 stage4HotspotMs=0.802 stage5PlumeMs=0.224 stage5RadianceComponentMs=0.647 stage5AeroThermalMs=0.008 stage5ModtranLookupMs=0.000 shaderInputApplyMs=1.796 shaderInputApplyScope=exclusive stage7SkyGroundScope=inclusive stage4HotspotScope=inclusive shaderInputSetCount=697 shaderInputSkipCount=23587 shaderInputCacheHitRate=97.130 stage5ModtranCacheHitCount=0 stage5ModtranCacheMissCount=0 stage7FullUpdateCount=17 stage7PositionOnlyCount=32 stage7SkipCount=0 stage4UpdateCount=13 stage4SkipCount=232 plumeUpdateMs=0.261 renderMs=17.862 stage6MtfBlurMs=0.000 stage6MtfBlurScope=render_pass_upper_bound mtfBlurEnabled=0 mtfBlurSigmaPixels=0.650 mtfBlurRadiusPixels=2 stage6DetectorNoiseMs=0.000 stage6DetectorNoiseScope=render_pass_upper_bound detectorNoiseEnabled=0 temporalNoiseSigmaGray=0.005 fpnSigmaGray=0.003 columnNoiseSigmaGray=0.002 rowNoiseSigmaGray=0.001 badPixelRatio=0.000 noisePosition=BeforeAGC stage6AgcStatsMs=0.000 stage6AgcApplyMs=0.000 agcEnabled=0 agcMode=Percentile agcGain=1.000 agcOffset=0.000 agcLowInput=0.000 agcHighInput=1.000 agcSampleCount=0 readbackMs=1.921 resizeMs=0.000 frameCopyMs=0.697 jpegMs=7.384 tcpSendMs=0.134 tcpQueueDepth=0 tcpQueueDepthMax=1 inputQueueDepth=16 inputQueueDepthMax=16 sourceSeqLag=17 latencyAvgMs=368.851 latencyMaxMs=383.125 syncOverrunCount=494 inputQueueOverflowCount=0 udpFrames=751 renderFrames=733 outputFrames=734
[Perf][WARN] outputFps=47.730 targetFps=60.000 bottleneckSummary=below_60hz irUpdateMs=1.272 stage5ModtranLookupMs=0.000 stage5RadianceComponentMs=0.647 stage5AeroThermalMs=0.008 stage4HotspotMs=0.802 stage7SkyGroundMs=1.098 shaderInputApplyMs=1.796 annotationMs=2.693 renderMs=17.862 stage6MtfBlurMs=0.000 stage6DetectorNoiseMs=0.000 stage6AgcStatsMs=0.000 readbackMs=1.921 jpegMs=7.384 tcpSendMs=0.134 inputQueueDepth=16 sourceSeqLag=17 note=recorderWriteMs_is_reported_by_VideoDisplay_RecorderPerf
[Stage7 Weather] reason=runtime envSky=0 weatherName=Clear visibilityM=6000 humidity=85 windV=8 windDir=30 cloudCoverage=0 fogDensity=0 precipitationType=none sunDirectScale=1 skyDiffuseScale=1 targetContrastScale=1 source=UDP+weather_profiles+RuntimeConfig
[Stage7 CloudLayer] enabled=0 texture=Config/Weather/Textures/cloud_few.png textureFound=1 coverage=0 opacity=0 temperatureK=255 band=MWIR cloudGray=0.385455
[Stage7 Fog] enabled=0 visibilityM=6000 fogDensity=0 fogGray=0.45 targetContrastScale=1
[Stage7 Precipitation] enabled=0 type=none density=0 speed=0 windV=8 windDir=30 maxHeight=0 transHeight=0
[Stage7 PrecipitationOverlay] mode=ScreenOverlay active=0 type=none density=0 sensorFovDeg=0.0999999 pattern=screen_sparse_low_contrast giantVerticalBars=0 sameOutput=1
[Stage7 Perf] weatherNodeCount=0 cloudNodeCount=0 precipitationNodeCount=0 textureLoadCountThisFrame=0 updateWeatherNodesMs=0.001166 totalWeatherMs=0.008458 precipitationMode=ScreenOverlay
[Stage7 3DSkyGround] reason=runtime enable=1 band=MWIR envTerrain=0 envSky=0 skyGrayRaw=0.65 groundGrayRaw=0.35 skyGrayFinal=0.65 groundGrayFinal=0.35 skyGray=0.65 groundGray=0.35 skyDome=1 lowerShell=1 groundPlane=0 source=env+band_default
[Stage7 Debug] mode=Off skyVisible=1 groundVisible=1 forcedSkyGray=NA forcedGroundGray=NA
[Stage7 Real3DBackground] skyDome=1 lowerShell=1 flatGroundPlane=0 cameraPos=-17.7878,2033.79,19.5309 backgroundMode=real_3d
[Stage7 GroundReference] mode=reference_zero groundZOffset=0 finalGroundReferenceZ=0
[Stage7 SkyDomeDiag] cameraPos=-17.7878,2033.79,19.5309 skyDomePos=-17.7878,2033.79,19.5309 farClipM=50000 skyRadius=42500 radius=42500 radiusSource=farClip_scaled radiusLessThanFarClip=1 twoSided=1 depthWrite=0 depthTest=0
[Stage7 GroundDiag] groundPos=-17.7878,2033.79,19.5309 farClipM=50000 groundSize=42500 lowerShellRadius=42500 groundZOffset=0 envTerrain=0 groundGray=0.35
[RenderPerfProbe] pandaDoFrameMs=19.083 renderPath=direct_final graphicsOutputCount=1 activeDisplayRegionCount=1 rawPassEnabled=0 finalPassEnabled=1 annotationOverlayEnabled=0 readbackMode=EveryFrame readbackEveryN=1 copyRamAttached=1 copyRamMode=RTM_copy_ram quietPerfMode=1 bboxFastMode=mesh_body processRealSceneMs=0.214 targetMappingMs=0.128 cameraControlMs=0.014 stage4Stage5UpdateMs=2.225 shaderInputApplyMs=0.000 readbackMs=1.928 frameCopyMs=0.695 jpegMs=8.753 annotationMs=0.003 annotationBBoxMs=0.000 annotationOcclusionMs=0.000 annotationJsonMs=0.000 annotationTargets=5 bboxUpdateCount=134 bboxReuseCount=670 occlusionUpdateCount=66 occlusionReuseCount=738 targetUpdateCullInvisible=1 targetUpdateTotal=10 targetUpdateVisible=5 targetUpdateSkippedBeyondFar=0 targetUpdateSkippedShaderApply=0
[SyncFrame][WARN] inputQueueBackpressure sourceSeq=824 backpressureCount=480 queueDepth=16 queueCapacity=16 action=wait_for_space
[TcpPerf] sourceSeq=817 outputOrdinal=817 codec=jpeg requestedCodec=jpeg h264En=0 codecFallbackReason=none jpegQuality=95 jpegMode=gray jpegBytes=9575 encodeInputChannels=1 flipMs=2.133 resizeMs=0.000 jpegMs=7.593 tcpSendMs=0.168 queueDepth=0 queueWaitMs=0.001 overwritten=0
接收UDP数据，长度：506字节，来自：192.168.1.188:9999 packet=840
解析UDP数据，flag：0x38 packet=840
[Stage0] Display packet #840: platID=1, sensorID=1, targetNumValid=5, timeMs=1.78246e+12
处理实时成像数据...
实时数据更新完成，时间戳=1.78246e+12ms
实时数据更新完成，时间戳=1.78246e+12ms
[Perf] mode=sync videoFpsTarget=60.000 udpFps=47.941 renderFps=48.441 outputFps=47.941 sceneUpdateMs=2.845 annotationMs=2.619 irUpdateMs=1.202 irEnvBuildMs=0.005 stage7SkyGroundMs=0.959 platformRadianceMs=0.015 targetRadianceMs=0.060 stage4HotspotMs=0.800 stage5PlumeMs=0.245 stage5RadianceComponentMs=0.694 stage5AeroThermalMs=0.009 stage5ModtranLookupMs=0.000 shaderInputApplyMs=1.880 shaderInputApplyScope=exclusive stage7SkyGroundScope=inclusive stage4HotspotScope=inclusive shaderInputSetCount=649 shaderInputSkipCount=23031 shaderInputCacheHitRate=97.259 stage5ModtranCacheHitCount=0 stage5ModtranCacheMissCount=0 stage7FullUpdateCount=16 stage7PositionOnlyCount=32 stage7SkipCount=0 stage4UpdateCount=1 stage4SkipCount=239 plumeUpdateMs=0.261 renderMs=17.883 stage6MtfBlurMs=0.000 stage6MtfBlurScope=render_pass_upper_bound mtfBlurEnabled=0 mtfBlurSigmaPixels=0.650 mtfBlurRadiusPixels=2 stage6DetectorNoiseMs=0.000 stage6DetectorNoiseScope=render_pass_upper_bound detectorNoiseEnabled=0 temporalNoiseSigmaGray=0.005 fpnSigmaGray=0.003 columnNoiseSigmaGray=0.002 rowNoiseSigmaGray=0.001 badPixelRatio=0.000 noisePosition=BeforeAGC stage6AgcStatsMs=0.000 stage6AgcApplyMs=0.000 agcEnabled=0 agcMode=Percentile agcGain=1.000 agcOffset=0.000 agcLowInput=0.000 agcHighInput=1.000 agcSampleCount=0 readbackMs=1.904 resizeMs=0.000 frameCopyMs=0.710 jpegMs=8.212 tcpSendMs=0.164 tcpQueueDepth=0 tcpQueueDepthMax=1 inputQueueDepth=16 inputQueueDepthMax=16 sourceSeqLag=17 latencyAvgMs=368.820 latencyMaxMs=377.620 syncOverrunCount=606 inputQueueOverflowCount=0 udpFrames=847 renderFrames=830 outputFrames=830
[Perf][WARN] outputFps=47.941 targetFps=60.000 bottleneckSummary=below_60hz irUpdateMs=1.202 stage5ModtranLookupMs=0.000 stage5RadianceComponentMs=0.694 stage5AeroThermalMs=0.009 stage4HotspotMs=0.800 stage7SkyGroundMs=0.959 shaderInputApplyMs=1.880 annotationMs=2.619 renderMs=17.883 stage6MtfBlurMs=0.000 stage6DetectorNoiseMs=0.000 stage6AgcStatsMs=0.000 readbackMs=1.904 jpegMs=8.212 tcpSendMs=0.164 inputQueueDepth=16 sourceSeqLag=17 note=recorderWriteMs_is_reported_by_VideoDisplay_RecorderPerf
[CameraControl] mode=lookat targetPlatID=3 targetID=34 relPitch=-6.06287 relYaw=-2.1327 range=18542.9
[Stage6 FrameDiag] frameIndex=1.78246e+12 packet=856 band=MWIR whiteHot=1 displayGain=1 displayOffset=0 noiseEnable=0 noiseSigmaGray=0 route=final_sensor targetVisibleCount=5 targetMappedCount=5 hiddenByTargetNum=0 hiddenByTargetViewValid=0 hiddenByWeaponViewValid=0 beyondFarClip=0 skyVisible=1 cameraHpr=2.1327,-6.06287,0 sensorFovH=0.0999999 sensorFovV=0.0999999 near=1 far=50000
[AnnotationFastPath] enabled=1 frame=840 bboxDue=0 occlusionDue=0 updateProjection=0 reused=1 bboxUpdateHz=10 occlusionUpdateHz=5 reuseLastWhenSkipped=1 drawOverlay=0 jsonPerFrame=1 quietPerfMode=1 bboxUpdateCount=140 bboxReuseCount=700 occlusionUpdateCount=69 occlusionReuseCount=771
[ScenePerfProbe] sourceSeq=840 processRealSceneMs=0.345 targetMappingMs=0.135 cameraControlMs=0.073 stage4Stage5UpdateMs=2.061 shaderInputApplyMs=0.000 annotationComputeMs=0.013 annotationBBoxMs=0.000 annotationOcclusionMs=0.000 annotationJsonMs=0.000 pandaDoFrameMs=16.485 readbackMs=1.838 frameCopyMs=0.694 jpegMs=8.051 readbackMode=EveryFrame copyRamAttached=1 quietPerfMode=1 bboxFastMode=mesh_body annotationFastJsonMode=1 annotationOverlayInSensorImage=0 annotationJsonPerFrame=1 bboxUpdateCount=140 bboxReuseCount=700 occlusionUpdateCount=69 occlusionReuseCount=771 targetUpdateCullInvisible=1 targetUpdateTotal=10 targetUpdateVisible=5 targetUpdateSkippedBeyondFar=0 targetUpdateSkippedShaderApply=0
[Stage6 Capture] frameWidth=800 frameHeight=800 tcpWidth=800 tcpHeight=800 renderTextureWidth=800 renderTextureHeight=800 textureCropApplied=0 source=final_sensor channels=RGB8 readbackMode=EveryFrame readbackEveryN=1 copyRamAttached=1 copyRamMode=RTM_copy_ram tcpFrameReused=0 diagnostic_only=0 renderPath=direct_final sourceSeq=840 readbackMs=1.92121 resizeMs=0 frameCopyMs=0.6965 tcpQueueDepth=1 annotationJsonPerFrame=1 annotationOverlayInSensorImage=0
[Stage5 Plume] targetType=0x22 targetPlatID=3 targetID=3 platform=AIM120D engineState=1 band=MWIR coreEnabled=1 haloEnabled=1 coreTempK=1800 haloTempK=1100 coreGray=1 haloGray=0.789749 coreOpacity=1 haloOpacity=0.405 coreVisible=1 haloVisible=1
[TcpFramePacket] frame=840 imgBytes=9582 annotationBytes=1796 targets=5 width=800 height=800
[TcpPerf] sourceSeq=840 outputOrdinal=840 codec=jpeg requestedCodec=jpeg h264En=0 codecFallbackReason=none jpegQuality=95 jpegMode=gray jpegBytes=9582 encodeInputChannels=1 flipMs=2.289 resizeMs=0.000 jpegMs=7.540 tcpSendMs=0.154 queueDepth=0 queueWaitMs=0.001 overwritten=0
[SyncFrame] sourceSeq=840 outputOrdinal=840 inputQueueDepth=16 tcpQueueDepth=0 sourceSeqContinuous=1 videoFpsTarget=60.000 frameMs=13.435 latencyMs=367.214 readbackMs=1.921 flipMs=2.289 resizeMs=0.000 jpegMs=7.540 tcpSendMs=0.154 overrun=0 overwritten=0
[Stage6 MTF] sourceSeq=840 enabled=0 effective=0 mode=GaussianSeparable effectiveMode=GaussianSinglePassSeparableWeights sigmaPixels=0.65 radiusPixels=2 passes=1 applyTo=final_display inputSize=800x800 outputSize=800x800 stage6MtfBlurMs=0 stage6MtfBlurScope=render_pass_upper_bound implementation=single_pass_gpu_separable_weights todo=true_two_pass_separable_if_needed
[Stage6 Noise] sourceSeq=840 enabled=0 effective=0 applyTo=final_display position=BeforeAGC temporalEnabled=1 temporalSigma=0.005 fpnEnabled=0 fpnSigma=0.003 columnEnabled=0 columnSigma=0.002 rowEnabled=0 rowSigma=0.001 badPixelEnabled=0 badPixelRatio=0.0001 seed=12345 stage6DetectorNoiseMs=0 stage6DetectorNoiseScope=render_pass_upper_bound implementation=single_pass_gpu_hash_noise
[Stage6 AGC] sourceSeq=840 enabled=0 effective=0 mode=Percentile statsSource=previous_readback updateHz=30 sampleCount=0 lowPercentile=2 highPercentile=98 lowInput=0 highInput=1 gain=1 offset=0 gainSmoothed=1 offsetSmoothed=0 valid=0 fallbackReason=disabled stage6AgcStatsMs=0
[AnnotationCollisionCache] platform=AIM120D targetID=3 built=0 reused=1 triangles=1532 solids=1532
[RenderPerfProbe] pandaDoFrameMs=21.432 renderPath=direct_final graphicsOutputCount=1 activeDisplayRegionCount=1 rawPassEnabled=0 finalPassEnabled=1 annotationOverlayEnabled=0 readbackMode=EveryFrame readbackEveryN=1 copyRamAttached=1 copyRamMode=RTM_copy_ram quietPerfMode=1 bboxFastMode=mesh_body processRealSceneMs=0.227 targetMappingMs=0.139 cameraControlMs=0.015 stage4Stage5UpdateMs=2.100 shaderInputApplyMs=0.000 readbackMs=1.898 frameCopyMs=0.685 jpegMs=8.065 annotationMs=0.004 annotationBBoxMs=0.000 annotationOcclusionMs=0.000 annotationJsonMs=0.000 annotationTargets=5 bboxUpdateCount=154 bboxReuseCount=770 occlusionUpdateCount=76 occlusionReuseCount=848 targetUpdateCullInvisible=1 targetUpdateTotal=10 targetUpdateVisible=5 targetUpdateSkippedBeyondFar=0 targetUpdateSkippedShaderApply=0
[Perf] mode=sync videoFpsTarget=60.000 udpFps=47.694 renderFps=47.198 outputFps=47.694 sceneUpdateMs=3.070 annotationMs=2.846 irUpdateMs=1.116 irEnvBuildMs=0.005 stage7SkyGroundMs=0.707 platformRadianceMs=0.015 targetRadianceMs=0.067 stage4HotspotMs=0.700 stage5PlumeMs=0.237 stage5RadianceComponentMs=0.594 stage5AeroThermalMs=0.010 stage5ModtranLookupMs=0.000 shaderInputApplyMs=1.535 shaderInputApplyScope=exclusive stage7SkyGroundScope=inclusive stage4HotspotScope=inclusive shaderInputSetCount=562 shaderInputSkipCount=23118 shaderInputCacheHitRate=97.627 stage5ModtranCacheHitCount=0 stage5ModtranCacheMissCount=0 stage7FullUpdateCount=16 stage7PositionOnlyCount=32 stage7SkipCount=0 stage4UpdateCount=0 stage4SkipCount=240 plumeUpdateMs=0.255 renderMs=17.851 stage6MtfBlurMs=0.000 stage6MtfBlurScope=render_pass_upper_bound mtfBlurEnabled=0 mtfBlurSigmaPixels=0.650 mtfBlurRadiusPixels=2 stage6DetectorNoiseMs=0.000 stage6DetectorNoiseScope=render_pass_upper_bound detectorNoiseEnabled=0 temporalNoiseSigmaGray=0.005 fpnSigmaGray=0.003 columnNoiseSigmaGray=0.002 rowNoiseSigmaGray=0.001 badPixelRatio=0.000 noisePosition=BeforeAGC stage6AgcStatsMs=0.000 stage6AgcApplyMs=0.000 agcEnabled=0 agcMode=Percentile agcGain=1.000 agcOffset=0.000 agcLowInput=0.000 agcHighInput=1.000 agcSampleCount=0 readbackMs=1.914 resizeMs=0.000 frameCopyMs=0.705 jpegMs=8.314 tcpSendMs=0.164 tcpQueueDepth=0 tcpQueueDepthMax=1 inputQueueDepth=16 inputQueueDepthMax=16 sourceSeqLag=17 latencyAvgMs=372.301 latencyMaxMs=385.749 syncOverrunCount=718 inputQueueOverflowCount=0 udpFrames=943 renderFrames=925 outputFrames=926
[Perf][WARN] outputFps=47.694 targetFps=60.000 bottleneckSummary=below_60hz irUpdateMs=1.116 stage5ModtranLookupMs=0.000 stage5RadianceComponentMs=0.594 stage5AeroThermalMs=0.010 stage4HotspotMs=0.700 stage7SkyGroundMs=0.707 shaderInputApplyMs=1.535 annotationMs=2.846 renderMs=17.851 stage6MtfBlurMs=0.000 stage6DetectorNoiseMs=0.000 stage6AgcStatsMs=0.000 readbackMs=1.914 jpegMs=8.314 tcpSendMs=0.164 inputQueueDepth=16 sourceSeqLag=17 note=recorderWriteMs_is_reported_by_VideoDisplay_RecorderPerf
[SyncFrame][WARN] inputQueueBackpressure sourceSeq=944 backpressureCount=600 queueDepth=16 queueCapacity=16 action=wait_for_space
[TcpPerf] sourceSeq=935 outputOrdinal=935 codec=jpeg requestedCodec=jpeg h264En=0 codecFallbackReason=none jpegQuality=95 jpegMode=gray jpegBytes=9654 encodeInputChannels=1 flipMs=2.244 resizeMs=0.000 jpegMs=7.813 tcpSendMs=0.148 queueDepth=0 queueWaitMs=0.001 overwritten=0
接收UDP数据，长度：506字节，来自：192.168.1.188:9999 packet=960
解析UDP数据，flag：0x38 packet=960
[Stage0] Display packet #960: platID=1, sensorID=1, targetNumValid=5, timeMs=1.78246e+12
处理实时成像数据...
实时数据更新完成，时间戳=1.78246e+12ms
实时数据更新完成，时间戳=1.78246e+12ms
[Stage5 PlumePerf] plumeNodeCount=16 visiblePlumeCount=2 textureLoadCountThisFrame=0 updateHz=30 updatePlumeMs=0.261406 updatePlumeMsMax=0.480082 perfBudgetMs=1
[TargetUpdateCull] enabled=1 total=10 visible=5 skippedBeyondFar=0 skippedShaderApply=0 shaderInputApplyMs=1.50209 stage4Stage5UpdateMs=2.88925
[CameraControl] mode=lookat targetPlatID=3 targetID=34 relPitch=-8.18077 relYaw=-1.50658 range=17985.1
[Stage6 FrameDiag] frameIndex=1.78246e+12 packet=976 band=MWIR whiteHot=1 displayGain=1 displayOffset=0 noiseEnable=0 noiseSigmaGray=0 route=final_sensor targetVisibleCount=5 targetMappedCount=5 hiddenByTargetNum=0 hiddenByTargetViewValid=0 hiddenByWeaponViewValid=0 beyondFarClip=0 skyVisible=1 cameraHpr=1.50658,-8.18077,0 sensorFovH=0.0999999 sensorFovV=0.0999999 near=1 far=50000
[AnnotationFastPath] enabled=1 frame=960 bboxDue=0 occlusionDue=0 updateProjection=0 reused=1 bboxUpdateHz=10 occlusionUpdateHz=5 reuseLastWhenSkipped=1 drawOverlay=0 jsonPerFrame=1 quietPerfMode=1 bboxUpdateCount=160 bboxReuseCount=800 occlusionUpdateCount=79 occlusionReuseCount=881
[ScenePerfProbe] sourceSeq=960 processRealSceneMs=0.326 targetMappingMs=0.131 cameraControlMs=0.072 stage4Stage5UpdateMs=2.604 shaderInputApplyMs=0.000 annotationComputeMs=0.034 annotationBBoxMs=0.000 annotationOcclusionMs=0.000 annotationJsonMs=0.000 pandaDoFrameMs=16.934 readbackMs=1.899 frameCopyMs=0.678 jpegMs=8.177 readbackMode=EveryFrame copyRamAttached=1 quietPerfMode=1 bboxFastMode=mesh_body annotationFastJsonMode=1 annotationOverlayInSensorImage=0 annotationJsonPerFrame=1 bboxUpdateCount=160 bboxReuseCount=800 occlusionUpdateCount=79 occlusionReuseCount=881 targetUpdateCullInvisible=1 targetUpdateTotal=10 targetUpdateVisible=5 targetUpdateSkippedBeyondFar=0 targetUpdateSkippedShaderApply=0
[Stage6 Capture] frameWidth=800 frameHeight=800 tcpWidth=800 tcpHeight=800 renderTextureWidth=800 renderTextureHeight=800 textureCropApplied=0 source=final_sensor channels=RGB8 readbackMode=EveryFrame readbackEveryN=1 copyRamAttached=1 copyRamMode=RTM_copy_ram tcpFrameReused=0 diagnostic_only=0 renderPath=direct_final sourceSeq=960 readbackMs=1.98042 resizeMs=0 frameCopyMs=0.693584 tcpQueueDepth=1 annotationJsonPerFrame=1 annotationOverlayInSensorImage=0
[Stage5 Plume] targetType=0x22 targetPlatID=3 targetID=3 platform=AIM120D engineState=1 band=MWIR coreEnabled=1 haloEnabled=1 coreTempK=1800 haloTempK=1100 coreGray=1 haloGray=0.789749 coreOpacity=1 haloOpacity=0.405 coreVisible=1 haloVisible=1
[TcpFramePacket] frame=960 imgBytes=9625 annotationBytes=1796 targets=5 width=800 height=800
[TcpPerf] sourceSeq=960 outputOrdinal=960 codec=jpeg requestedCodec=jpeg h264En=0 codecFallbackReason=none jpegQuality=95 jpegMode=gray jpegBytes=9625 encodeInputChannels=1 flipMs=2.323 resizeMs=0.000 jpegMs=9.120 tcpSendMs=0.204 queueDepth=0 queueWaitMs=0.001 overwritten=0
[SyncFrame] sourceSeq=960 outputOrdinal=960 inputQueueDepth=16 tcpQueueDepth=0 sourceSeqContinuous=1 videoFpsTarget=60.000 frameMs=15.434 latencyMs=369.905 readbackMs=1.980 flipMs=2.323 resizeMs=0.000 jpegMs=9.120 tcpSendMs=0.204 overrun=0 overwritten=0
[Stage6 MTF] sourceSeq=960 enabled=0 effective=0 mode=GaussianSeparable effectiveMode=GaussianSinglePassSeparableWeights sigmaPixels=0.65 radiusPixels=2 passes=1 applyTo=final_display inputSize=800x800 outputSize=800x800 stage6MtfBlurMs=0 stage6MtfBlurScope=render_pass_upper_bound implementation=single_pass_gpu_separable_weights todo=true_two_pass_separable_if_needed
[Stage6 Noise] sourceSeq=960 enabled=0 effective=0 applyTo=final_display position=BeforeAGC temporalEnabled=1 temporalSigma=0.005 fpnEnabled=0 fpnSigma=0.003 columnEnabled=0 columnSigma=0.002 rowEnabled=0 rowSigma=0.001 badPixelEnabled=0 badPixelRatio=0.0001 seed=12345 stage6DetectorNoiseMs=0 stage6DetectorNoiseScope=render_pass_upper_bound implementation=single_pass_gpu_hash_noise
[Stage6 AGC] sourceSeq=960 enabled=0 effective=0 mode=Percentile statsSource=previous_readback updateHz=30 sampleCount=0 lowPercentile=2 highPercentile=98 lowInput=0 highInput=1 gain=1 offset=0 gainSmoothed=1 offsetSmoothed=0 valid=0 fallbackReason=disabled stage6AgcStatsMs=0
[Perf] mode=sync videoFpsTarget=60.000 udpFps=47.933 renderFps=48.433 outputFps=47.933 sceneUpdateMs=2.801 annotationMs=2.576 irUpdateMs=1.119 irEnvBuildMs=0.005 stage7SkyGroundMs=0.681 platformRadianceMs=0.014 targetRadianceMs=0.066 stage4HotspotMs=0.736 stage5PlumeMs=0.357 stage5RadianceComponentMs=0.632 stage5AeroThermalMs=0.009 stage5ModtranLookupMs=0.000 shaderInputApplyMs=1.515 shaderInputApplyScope=exclusive stage7SkyGroundScope=inclusive stage4HotspotScope=inclusive shaderInputSetCount=560 shaderInputSkipCount=23120 shaderInputCacheHitRate=97.635 stage5ModtranCacheHitCount=0 stage5ModtranCacheMissCount=0 stage7FullUpdateCount=16 stage7PositionOnlyCount=32 stage7SkipCount=0 stage4UpdateCount=0 stage4SkipCount=240 plumeUpdateMs=0.262 renderMs=17.916 stage6MtfBlurMs=0.000 stage6MtfBlurScope=render_pass_upper_bound mtfBlurEnabled=0 mtfBlurSigmaPixels=0.650 mtfBlurRadiusPixels=2 stage6DetectorNoiseMs=0.000 stage6DetectorNoiseScope=render_pass_upper_bound detectorNoiseEnabled=0 temporalNoiseSigmaGray=0.005 fpnSigmaGray=0.003 columnNoiseSigmaGray=0.002 rowNoiseSigmaGray=0.001 badPixelRatio=0.000 noisePosition=BeforeAGC stage6AgcStatsMs=0.000 stage6AgcApplyMs=0.000 agcEnabled=0 agcMode=Percentile agcGain=1.000 agcOffset=0.000 agcLowInput=0.000 agcHighInput=1.000 agcSampleCount=0 readbackMs=1.913 resizeMs=0.000 frameCopyMs=0.706 jpegMs=8.303 tcpSendMs=0.162 tcpQueueDepth=0 tcpQueueDepthMax=1 inputQueueDepth=16 inputQueueDepthMax=16 sourceSeqLag=17 latencyAvgMs=370.203 latencyMaxMs=381.346 syncOverrunCount=830 inputQueueOverflowCount=0 udpFrames=1039 renderFrames=1022 outputFrames=1022
[Perf][WARN] outputFps=47.933 targetFps=60.000 bottleneckSummary=below_60hz irUpdateMs=1.119 stage5ModtranLookupMs=0.000 stage5RadianceComponentMs=0.632 stage5AeroThermalMs=0.009 stage4HotspotMs=0.736 stage7SkyGroundMs=0.681 shaderInputApplyMs=1.515 annotationMs=2.576 renderMs=17.916 stage6MtfBlurMs=0.000 stage6DetectorNoiseMs=0.000 stage6AgcStatsMs=0.000 readbackMs=1.913 jpegMs=8.303 tcpSendMs=0.162 inputQueueDepth=16 sourceSeqLag=17 note=recorderWriteMs_is_reported_by_VideoDisplay_RecorderPerf
[RenderPerfProbe] pandaDoFrameMs=18.607 renderPath=direct_final graphicsOutputCount=1 activeDisplayRegionCount=1 rawPassEnabled=0 finalPassEnabled=1 annotationOverlayEnabled=0 readbackMode=EveryFrame readbackEveryN=1 copyRamAttached=1 copyRamMode=RTM_copy_ram quietPerfMode=1 bboxFastMode=mesh_body processRealSceneMs=0.235 targetMappingMs=0.138 cameraControlMs=0.021 stage4Stage5UpdateMs=2.118 shaderInputApplyMs=0.000 readbackMs=1.891 frameCopyMs=0.678 jpegMs=8.433 annotationMs=0.003 annotationBBoxMs=0.000 annotationOcclusionMs=0.000 annotationJsonMs=0.000 annotationTargets=5 bboxUpdateCount=174 bboxReuseCount=870 occlusionUpdateCount=86 occlusionReuseCount=958 targetUpdateCullInvisible=1 targetUpdateTotal=10 targetUpdateVisible=5 targetUpdateSkippedBeyondFar=0 targetUpdateSkippedShaderApply=0
[SyncFrame][WARN] inputQueueBackpressure sourceSeq=1064 backpressureCount=720 queueDepth=16 queueCapacity=16 action=wait_for_space
[TcpPerf] sourceSeq=1057 outputOrdinal=1057 codec=jpeg requestedCodec=jpeg h264En=0 codecFallbackReason=none jpegQuality=95 jpegMode=gray jpegBytes=8813 encodeInputChannels=1 flipMs=2.175 resizeMs=0.000 jpegMs=8.136 tcpSendMs=0.150 queueDepth=0 queueWaitMs=0.001 overwritten=0
接收UDP数据，长度：506字节，来自：192.168.1.188:9999 packet=1080
解析UDP数据，flag：0x38 packet=1080
[Stage0] Display packet #1080: platID=1, sensorID=1, targetNumValid=5, timeMs=1.78246e+12
处理实时成像数据...
实时数据更新完成，时间戳=1.78246e+12ms
实时数据更新完成，时间戳=1.78246e+12ms
[CameraControl] mode=lookat targetPlatID=3 targetID=34 relPitch=-10.7924 relYaw=-0.7291 range=17356.3
[Stage6 FrameDiag] frameIndex=1.78246e+12 packet=1096 band=MWIR whiteHot=1 displayGain=1 displayOffset=0 noiseEnable=0 noiseSigmaGray=0 route=final_sensor targetVisibleCount=5 targetMappedCount=5 hiddenByTargetNum=0 hiddenByTargetViewValid=0 hiddenByWeaponViewValid=0 beyondFarClip=0 skyVisible=1 cameraHpr=0.7291,-10.7924,0 sensorFovH=0.0999999 sensorFovV=0.0999999 near=1 far=50000
[AnnotationFastPath] enabled=1 frame=1080 bboxDue=0 occlusionDue=0 updateProjection=0 reused=1 bboxUpdateHz=10 occlusionUpdateHz=5 reuseLastWhenSkipped=1 drawOverlay=0 jsonPerFrame=1 quietPerfMode=1 bboxUpdateCount=180 bboxReuseCount=900 occlusionUpdateCount=89 occlusionReuseCount=991
[ScenePerfProbe] sourceSeq=1080 processRealSceneMs=0.319 targetMappingMs=0.137 cameraControlMs=0.077 stage4Stage5UpdateMs=2.240 shaderInputApplyMs=0.000 annotationComputeMs=0.012 annotationBBoxMs=0.000 annotationOcclusionMs=0.000 annotationJsonMs=0.000 pandaDoFrameMs=17.050 readbackMs=1.948 frameCopyMs=0.711 jpegMs=8.994 readbackMode=EveryFrame copyRamAttached=1 quietPerfMode=1 bboxFastMode=mesh_body annotationFastJsonMode=1 annotationOverlayInSensorImage=0 annotationJsonPerFrame=1 bboxUpdateCount=180 bboxReuseCount=900 occlusionUpdateCount=89 occlusionReuseCount=991 targetUpdateCullInvisible=1 targetUpdateTotal=10 targetUpdateVisible=5 targetUpdateSkippedBeyondFar=0 targetUpdateSkippedShaderApply=0
[Stage6 Capture] frameWidth=800 frameHeight=800 tcpWidth=800 tcpHeight=800 renderTextureWidth=800 renderTextureHeight=800 textureCropApplied=0 source=final_sensor channels=RGB8 readbackMode=EveryFrame readbackEveryN=1 copyRamAttached=1 copyRamMode=RTM_copy_ram tcpFrameReused=0 diagnostic_only=0 renderPath=direct_final sourceSeq=1080 readbackMs=2.17992 resizeMs=0 frameCopyMs=0.709042 tcpQueueDepth=1 annotationJsonPerFrame=1 annotationOverlayInSensorImage=0
[Stage5 Plume] targetType=0x22 targetPlatID=3 targetID=3 platform=AIM120D engineState=1 band=MWIR coreEnabled=1 haloEnabled=1 coreTempK=1800 haloTempK=1100 coreGray=1 haloGray=0.789749 coreOpacity=1 haloOpacity=0.405 coreVisible=1 haloVisible=1
[TcpFramePacket] frame=1080 imgBytes=9075 annotationBytes=1800 targets=5 width=800 height=800
[TcpPerf] sourceSeq=1080 outputOrdinal=1080 codec=jpeg requestedCodec=jpeg h264En=0 codecFallbackReason=none jpegQuality=95 jpegMode=gray jpegBytes=9075 encodeInputChannels=1 flipMs=2.274 resizeMs=0.000 jpegMs=7.941 tcpSendMs=0.162 queueDepth=0 queueWaitMs=0.001 overwritten=0
[SyncFrame] sourceSeq=1080 outputOrdinal=1080 inputQueueDepth=16 tcpQueueDepth=0 sourceSeqContinuous=1 videoFpsTarget=60.000 frameMs=14.197 latencyMs=364.641 readbackMs=2.180 flipMs=2.274 resizeMs=0.000 jpegMs=7.941 tcpSendMs=0.162 overrun=0 overwritten=0
[Stage6 MTF] sourceSeq=1080 enabled=0 effective=0 mode=GaussianSeparable effectiveMode=GaussianSinglePassSeparableWeights sigmaPixels=0.65 radiusPixels=2 passes=1 applyTo=final_display inputSize=800x800 outputSize=800x800 stage6MtfBlurMs=0 stage6MtfBlurScope=render_pass_upper_bound implementation=single_pass_gpu_separable_weights todo=true_two_pass_separable_if_needed
[Stage6 Noise] sourceSeq=1080 enabled=0 effective=0 applyTo=final_display position=BeforeAGC temporalEnabled=1 temporalSigma=0.005 fpnEnabled=0 fpnSigma=0.003 columnEnabled=0 columnSigma=0.002 rowEnabled=0 rowSigma=0.001 badPixelEnabled=0 badPixelRatio=0.0001 seed=12345 stage6DetectorNoiseMs=0 stage6DetectorNoiseScope=render_pass_upper_bound implementation=single_pass_gpu_hash_noise
[Stage6 AGC] sourceSeq=1080 enabled=0 effective=0 mode=Percentile statsSource=previous_readback updateHz=30 sampleCount=0 lowPercentile=2 highPercentile=98 lowInput=0 highInput=1 gain=1 offset=0 gainSmoothed=1 offsetSmoothed=0 valid=0 fallbackReason=disabled stage6AgcStatsMs=0
[Perf] mode=sync videoFpsTarget=60.000 udpFps=48.789 renderFps=48.292 outputFps=48.789 sceneUpdateMs=2.721 annotationMs=2.499 irUpdateMs=1.122 irEnvBuildMs=0.006 stage7SkyGroundMs=0.668 platformRadianceMs=0.015 targetRadianceMs=0.161 stage4HotspotMs=0.877 stage5PlumeMs=0.239 stage5RadianceComponentMs=0.766 stage5AeroThermalMs=0.011 stage5ModtranLookupMs=0.000 shaderInputApplyMs=1.650 shaderInputApplyScope=exclusive stage7SkyGroundScope=inclusive stage4HotspotScope=inclusive shaderInputSetCount=571 shaderInputSkipCount=23547 shaderInputCacheHitRate=97.632 stage5ModtranCacheHitCount=0 stage5ModtranCacheMissCount=0 stage7FullUpdateCount=16 stage7PositionOnlyCount=33 stage7SkipCount=0 stage4UpdateCount=0 stage4SkipCount=245 plumeUpdateMs=0.257 renderMs=17.726 stage6MtfBlurMs=0.000 stage6MtfBlurScope=render_pass_upper_bound mtfBlurEnabled=0 mtfBlurSigmaPixels=0.650 mtfBlurRadiusPixels=2 stage6DetectorNoiseMs=0.000 stage6DetectorNoiseScope=render_pass_upper_bound detectorNoiseEnabled=0 temporalNoiseSigmaGray=0.005 fpnSigmaGray=0.003 columnNoiseSigmaGray=0.002 rowNoiseSigmaGray=0.001 badPixelRatio=0.000 noisePosition=BeforeAGC stage6AgcStatsMs=0.000 stage6AgcApplyMs=0.000 agcEnabled=0 agcMode=Percentile agcGain=1.000 agcOffset=0.000 agcLowInput=0.000 agcHighInput=1.000 agcSampleCount=0 readbackMs=1.900 resizeMs=0.000 frameCopyMs=0.708 jpegMs=8.346 tcpSendMs=0.167 tcpQueueDepth=0 tcpQueueDepthMax=1 inputQueueDepth=16 inputQueueDepthMax=16 sourceSeqLag=17 latencyAvgMs=365.554 latencyMaxMs=371.531 syncOverrunCount=944 inputQueueOverflowCount=0 udpFrames=1137 renderFrames=1119 outputFrames=1120
[Perf][WARN] outputFps=48.789 targetFps=60.000 bottleneckSummary=below_60hz irUpdateMs=1.122 stage5ModtranLookupMs=0.000 stage5RadianceComponentMs=0.766 stage5AeroThermalMs=0.011 stage4HotspotMs=0.877 stage7SkyGroundMs=0.668 shaderInputApplyMs=1.650 annotationMs=2.499 renderMs=17.726 stage6MtfBlurMs=0.000 stage6DetectorNoiseMs=0.000 stage6AgcStatsMs=0.000 readbackMs=1.900 jpegMs=8.346 tcpSendMs=0.167 inputQueueDepth=16 sourceSeqLag=17 note=recorderWriteMs_is_reported_by_VideoDisplay_RecorderPerf
[AnnotationCollisionCache] platform=AIM120D targetID=3 built=0 reused=1 triangles=1532 solids=1532
[RenderPerfProbe] pandaDoFrameMs=18.803 renderPath=direct_final graphicsOutputCount=1 activeDisplayRegionCount=1 rawPassEnabled=0 finalPassEnabled=1 annotationOverlayEnabled=0 readbackMode=EveryFrame readbackEveryN=1 copyRamAttached=1 copyRamMode=RTM_copy_ram quietPerfMode=1 bboxFastMode=mesh_body processRealSceneMs=0.219 targetMappingMs=0.130 cameraControlMs=0.014 stage4Stage5UpdateMs=2.367 shaderInputApplyMs=0.000 readbackMs=1.916 frameCopyMs=0.685 jpegMs=7.998 annotationMs=0.004 annotationBBoxMs=0.000 annotationOcclusionMs=0.000 annotationJsonMs=0.000 annotationTargets=5 bboxUpdateCount=194 bboxReuseCount=970 occlusionUpdateCount=96 occlusionReuseCount=1068 targetUpdateCullInvisible=1 targetUpdateTotal=10 targetUpdateVisible=5 targetUpdateSkippedBeyondFar=0 targetUpdateSkippedShaderApply=0
[SyncFrame][WARN] inputQueueBackpressure sourceSeq=1184 backpressureCount=840 queueDepth=16 queueCapacity=16 action=wait_for_space
[TcpPerf] sourceSeq=1176 outputOrdinal=1176 codec=jpeg requestedCodec=jpeg h264En=0 codecFallbackReason=none jpegQuality=95 jpegMode=gray jpegBytes=9707 encodeInputChannels=1 flipMs=2.320 resizeMs=0.000 jpegMs=7.740 tcpSendMs=0.149 queueDepth=0 queueWaitMs=0.001 overwritten=0
接收UDP数据，长度：506字节，来自：192.168.1.188:9999 packet=1200
解析UDP数据，flag：0x38 packet=1200
[Stage0] Display packet #1200: platID=1, sensorID=1, targetNumValid=5, timeMs=1.78246e+12
处理实时成像数据...
实时数据更新完成，时间戳=1.78246e+12ms
实时数据更新完成，时间戳=1.78246e+12ms
[Stage5 PlumePerf] plumeNodeCount=16 visiblePlumeCount=2 textureLoadCountThisFrame=0 updateHz=30 updatePlumeMs=0.255478 updatePlumeMsMax=0.449459 perfBudgetMs=1
[TargetUpdateCull] enabled=1 total=10 visible=5 skippedBeyondFar=0 skippedShaderApply=0 shaderInputApplyMs=1.54351 stage4Stage5UpdateMs=2.60896
[CameraControl] mode=lookat targetPlatID=3 targetID=34 relPitch=-13.2547 relYaw=0.145792 range=16642
[Stage6 FrameDiag] frameIndex=1.78246e+12 packet=1216 band=MWIR whiteHot=1 displayGain=1 displayOffset=0 noiseEnable=0 noiseSigmaGray=0 route=final_sensor targetVisibleCount=5 targetMappedCount=5 hiddenByTargetNum=0 hiddenByTargetViewValid=0 hiddenByWeaponViewValid=0 beyondFarClip=0 skyVisible=1 cameraHpr=-0.145792,-13.2547,0 sensorFovH=0.0999999 sensorFovV=0.0999999 near=1 far=50000
[AnnotationFastPath] enabled=1 frame=1200 bboxDue=0 occlusionDue=0 updateProjection=0 reused=1 bboxUpdateHz=10 occlusionUpdateHz=5 reuseLastWhenSkipped=1 drawOverlay=0 jsonPerFrame=1 quietPerfMode=1 bboxUpdateCount=200 bboxReuseCount=1000 occlusionUpdateCount=99 occlusionReuseCount=1101
[ScenePerfProbe] sourceSeq=1200 processRealSceneMs=0.314 targetMappingMs=0.139 cameraControlMs=0.075 stage4Stage5UpdateMs=2.101 shaderInputApplyMs=0.000 annotationComputeMs=0.011 annotationBBoxMs=0.000 annotationOcclusionMs=0.000 annotationJsonMs=0.000 pandaDoFrameMs=17.049 readbackMs=1.956 frameCopyMs=0.708 jpegMs=8.926 readbackMode=EveryFrame copyRamAttached=1 quietPerfMode=1 bboxFastMode=mesh_body annotationFastJsonMode=1 annotationOverlayInSensorImage=0 annotationJsonPerFrame=1 bboxUpdateCount=200 bboxReuseCount=1000 occlusionUpdateCount=99 occlusionReuseCount=1101 targetUpdateCullInvisible=1 targetUpdateTotal=10 targetUpdateVisible=5 targetUpdateSkippedBeyondFar=0 targetUpdateSkippedShaderApply=0
[Stage6 Capture] frameWidth=800 frameHeight=800 tcpWidth=800 tcpHeight=800 renderTextureWidth=800 renderTextureHeight=800 textureCropApplied=0 source=final_sensor channels=RGB8 readbackMode=EveryFrame readbackEveryN=1 copyRamAttached=1 copyRamMode=RTM_copy_ram tcpFrameReused=0 diagnostic_only=0 renderPath=direct_final sourceSeq=1200 readbackMs=2.19158 resizeMs=0 frameCopyMs=0.699708 tcpQueueDepth=1 annotationJsonPerFrame=1 annotationOverlayInSensorImage=0
[Stage5 Plume] targetType=0x22 targetPlatID=3 targetID=3 platform=AIM120D engineState=1 band=MWIR coreEnabled=1 haloEnabled=1 coreTempK=1800 haloTempK=1100 coreGray=1 haloGray=0.789749 coreOpacity=1 haloOpacity=0.405 coreVisible=1 haloVisible=1
[TcpFramePacket] frame=1200 imgBytes=9808 annotationBytes=1800 targets=5 width=800 height=800
[TcpPerf] sourceSeq=1200 outputOrdinal=1200 codec=jpeg requestedCodec=jpeg h264En=0 codecFallbackReason=none jpegQuality=95 jpegMode=gray jpegBytes=9808 encodeInputChannels=1 flipMs=2.076 resizeMs=0.000 jpegMs=7.949 tcpSendMs=0.153 queueDepth=0 queueWaitMs=0.001 overwritten=0
[SyncFrame] sourceSeq=1200 outputOrdinal=1200 inputQueueDepth=16 tcpQueueDepth=0 sourceSeqContinuous=1 videoFpsTarget=60.000 frameMs=13.899 latencyMs=372.073 readbackMs=2.192 flipMs=2.076 resizeMs=0.000 jpegMs=7.949 tcpSendMs=0.153 overrun=0 overwritten=0
[Stage6 MTF] sourceSeq=1200 enabled=0 effective=0 mode=GaussianSeparable effectiveMode=GaussianSinglePassSeparableWeights sigmaPixels=0.65 radiusPixels=2 passes=1 applyTo=final_display inputSize=800x800 outputSize=800x800 stage6MtfBlurMs=0 stage6MtfBlurScope=render_pass_upper_bound implementation=single_pass_gpu_separable_weights todo=true_two_pass_separable_if_needed
[Stage6 Noise] sourceSeq=1200 enabled=0 effective=0 applyTo=final_display position=BeforeAGC temporalEnabled=1 temporalSigma=0.005 fpnEnabled=0 fpnSigma=0.003 columnEnabled=0 columnSigma=0.002 rowEnabled=0 rowSigma=0.001 badPixelEnabled=0 badPixelRatio=0.0001 seed=12345 stage6DetectorNoiseMs=0 stage6DetectorNoiseScope=render_pass_upper_bound implementation=single_pass_gpu_hash_noise
[Stage6 AGC] sourceSeq=1200 enabled=0 effective=0 mode=Percentile statsSource=previous_readback updateHz=30 sampleCount=0 lowPercentile=2 highPercentile=98 lowInput=0 highInput=1 gain=1 offset=0 gainSmoothed=1 offsetSmoothed=0 valid=0 fallbackReason=disabled stage6AgcStatsMs=0
[Perf] mode=sync videoFpsTarget=60.000 udpFps=47.196 renderFps=47.196 outputFps=47.196 sceneUpdateMs=3.068 annotationMs=2.844 irUpdateMs=1.107 irEnvBuildMs=0.006 stage7SkyGroundMs=0.701 platformRadianceMs=0.015 targetRadianceMs=0.066 stage4HotspotMs=0.700 stage5PlumeMs=0.234 stage5RadianceComponentMs=0.595 stage5AeroThermalMs=0.009 stage5ModtranLookupMs=0.000 shaderInputApplyMs=1.527 shaderInputApplyScope=exclusive stage7SkyGroundScope=inclusive stage4HotspotScope=inclusive shaderInputSetCount=549 shaderInputSkipCount=22693 shaderInputCacheHitRate=97.638 stage5ModtranCacheHitCount=0 stage5ModtranCacheMissCount=0 stage7FullUpdateCount=16 stage7PositionOnlyCount=31 stage7SkipCount=0 stage4UpdateCount=0 stage4SkipCount=235 plumeUpdateMs=0.262 renderMs=18.030 stage6MtfBlurMs=0.000 stage6MtfBlurScope=render_pass_upper_bound mtfBlurEnabled=0 mtfBlurSigmaPixels=0.650 mtfBlurRadiusPixels=2 stage6DetectorNoiseMs=0.000 stage6DetectorNoiseScope=render_pass_upper_bound detectorNoiseEnabled=0 temporalNoiseSigmaGray=0.005 fpnSigmaGray=0.003 columnNoiseSigmaGray=0.002 rowNoiseSigmaGray=0.001 badPixelRatio=0.000 noisePosition=BeforeAGC stage6AgcStatsMs=0.000 stage6AgcApplyMs=0.000 agcEnabled=0 agcMode=Percentile agcGain=1.000 agcOffset=0.000 agcLowInput=0.000 agcHighInput=1.000 agcSampleCount=0 readbackMs=1.944 resizeMs=0.000 frameCopyMs=0.708 jpegMs=8.247 tcpSendMs=0.164 tcpQueueDepth=0 tcpQueueDepthMax=1 inputQueueDepth=16 inputQueueDepthMax=16 sourceSeqLag=17 latencyAvgMs=374.412 latencyMaxMs=380.694 syncOverrunCount=1055 inputQueueOverflowCount=0 udpFrames=1232 renderFrames=1214 outputFrames=1215
[Perf][WARN] outputFps=47.196 targetFps=60.000 bottleneckSummary=below_60hz irUpdateMs=1.107 stage5ModtranLookupMs=0.000 stage5RadianceComponentMs=0.595 stage5AeroThermalMs=0.009 stage4HotspotMs=0.700 stage7SkyGroundMs=0.701 shaderInputApplyMs=1.527 annotationMs=2.844 renderMs=18.030 stage6MtfBlurMs=0.000 stage6DetectorNoiseMs=0.000 stage6AgcStatsMs=0.000 readbackMs=1.944 jpegMs=8.247 tcpSendMs=0.164 inputQueueDepth=16 sourceSeqLag=17 note=recorderWriteMs_is_reported_by_VideoDisplay_RecorderPerf
[RenderPerfProbe] pandaDoFrameMs=18.709 renderPath=direct_final graphicsOutputCount=1 activeDisplayRegionCount=1 rawPassEnabled=0 finalPassEnabled=1 annotationOverlayEnabled=0 readbackMode=EveryFrame readbackEveryN=1 copyRamAttached=1 copyRamMode=RTM_copy_ram quietPerfMode=1 bboxFastMode=mesh_body processRealSceneMs=0.217 targetMappingMs=0.129 cameraControlMs=0.017 stage4Stage5UpdateMs=2.140 shaderInputApplyMs=0.000 readbackMs=1.860 frameCopyMs=0.704 jpegMs=8.882 annotationMs=0.003 annotationBBoxMs=0.000 annotationOcclusionMs=0.000 annotationJsonMs=0.000 annotationTargets=5 bboxUpdateCount=214 bboxReuseCount=1070 occlusionUpdateCount=106 occlusionReuseCount=1178 targetUpdateCullInvisible=1 targetUpdateTotal=10 targetUpdateVisible=5 targetUpdateSkippedBeyondFar=0 targetUpdateSkippedShaderApply=0
[SyncFrame][WARN] inputQueueBackpressure sourceSeq=1304 backpressureCount=960 queueDepth=16 queueCapacity=16 action=wait_for_space
[TcpPerf] sourceSeq=1296 outputOrdinal=1296 codec=jpeg requestedCodec=jpeg h264En=0 codecFallbackReason=none jpegQuality=95 jpegMode=gray jpegBytes=9488 encodeInputChannels=1 flipMs=2.189 resizeMs=0.000 jpegMs=7.691 tcpSendMs=0.155 queueDepth=0 queueWaitMs=0.001 overwritten=0
接收UDP数据，长度：506字节，来自：192.168.1.188:9999 packet=1320
解析UDP数据，flag：0x38 packet=1320
[Stage0] Display packet #1320: platID=1, sensorID=1, targetNumValid=5, timeMs=1.78246e+12
处理实时成像数据...
实时数据更新完成，时间戳=1.78246e+12ms
实时数据更新完成，时间戳=1.78246e+12ms
[Perf] mode=sync videoFpsTarget=60.000 udpFps=48.240 renderFps=48.240 outputFps=48.240 sceneUpdateMs=2.845 annotationMs=2.619 irUpdateMs=1.134 irEnvBuildMs=0.004 stage7SkyGroundMs=0.725 platformRadianceMs=0.015 targetRadianceMs=0.066 stage4HotspotMs=0.650 stage5PlumeMs=0.229 stage5RadianceComponentMs=0.545 stage5AeroThermalMs=0.008 stage5ModtranLookupMs=0.000 shaderInputApplyMs=1.461 shaderInputApplyScope=exclusive stage7SkyGroundScope=inclusive stage4HotspotScope=inclusive shaderInputSetCount=571 shaderInputSkipCount=23547 shaderInputCacheHitRate=97.632 stage5ModtranCacheHitCount=0 stage5ModtranCacheMissCount=0 stage7FullUpdateCount=16 stage7PositionOnlyCount=33 stage7SkipCount=0 stage4UpdateCount=0 stage4SkipCount=245 plumeUpdateMs=0.256 renderMs=17.786 stage6MtfBlurMs=0.000 stage6MtfBlurScope=render_pass_upper_bound mtfBlurEnabled=0 mtfBlurSigmaPixels=0.650 mtfBlurRadiusPixels=2 stage6DetectorNoiseMs=0.000 stage6DetectorNoiseScope=render_pass_upper_bound detectorNoiseEnabled=0 temporalNoiseSigmaGray=0.005 fpnSigmaGray=0.003 columnNoiseSigmaGray=0.002 rowNoiseSigmaGray=0.001 badPixelRatio=0.000 noisePosition=BeforeAGC stage6AgcStatsMs=0.000 stage6AgcApplyMs=0.000 agcEnabled=0 agcMode=Percentile agcGain=1.000 agcOffset=0.000 agcLowInput=0.000 agcHighInput=1.000 agcSampleCount=0 readbackMs=1.923 resizeMs=0.000 frameCopyMs=0.704 jpegMs=8.258 tcpSendMs=0.166 tcpQueueDepth=0 tcpQueueDepthMax=1 inputQueueDepth=16 inputQueueDepthMax=16 sourceSeqLag=17 latencyAvgMs=369.102 latencyMaxMs=374.601 syncOverrunCount=1168 inputQueueOverflowCount=0 udpFrames=1329 renderFrames=1311 outputFrames=1312
[Perf][WARN] outputFps=48.240 targetFps=60.000 bottleneckSummary=below_60hz irUpdateMs=1.134 stage5ModtranLookupMs=0.000 stage5RadianceComponentMs=0.545 stage5AeroThermalMs=0.008 stage4HotspotMs=0.650 stage7SkyGroundMs=0.725 shaderInputApplyMs=1.461 annotationMs=2.619 renderMs=17.786 stage6MtfBlurMs=0.000 stage6DetectorNoiseMs=0.000 stage6AgcStatsMs=0.000 readbackMs=1.923 jpegMs=8.258 tcpSendMs=0.166 inputQueueDepth=16 sourceSeqLag=17 note=recorderWriteMs_is_reported_by_VideoDisplay_RecorderPerf
[CameraControl] mode=lookat targetPlatID=3 targetID=34 relPitch=-14.4208 relYaw=1.01157 range=15922.7
[Stage6 FrameDiag] frameIndex=1.78246e+12 packet=1336 band=MWIR whiteHot=1 displayGain=1 displayOffset=0 noiseEnable=0 noiseSigmaGray=0 route=final_sensor targetVisibleCount=5 targetMappedCount=5 hiddenByTargetNum=0 hiddenByTargetViewValid=0 hiddenByWeaponViewValid=0 beyondFarClip=0 skyVisible=1 cameraHpr=-1.01157,-14.4208,0 sensorFovH=0.0999999 sensorFovV=0.0999999 near=1 far=50000
[AnnotationFastPath] enabled=1 frame=1320 bboxDue=0 occlusionDue=0 updateProjection=0 reused=1 bboxUpdateHz=10 occlusionUpdateHz=5 reuseLastWhenSkipped=1 drawOverlay=0 jsonPerFrame=1 quietPerfMode=1 bboxUpdateCount=220 bboxReuseCount=1100 occlusionUpdateCount=109 occlusionReuseCount=1211
[ScenePerfProbe] sourceSeq=1320 processRealSceneMs=0.319 targetMappingMs=0.126 cameraControlMs=0.076 stage4Stage5UpdateMs=2.019 shaderInputApplyMs=0.000 annotationComputeMs=0.012 annotationBBoxMs=0.000 annotationOcclusionMs=0.000 annotationJsonMs=0.000 pandaDoFrameMs=17.041 readbackMs=1.986 frameCopyMs=0.694 jpegMs=7.800 readbackMode=EveryFrame copyRamAttached=1 quietPerfMode=1 bboxFastMode=mesh_body annotationFastJsonMode=1 annotationOverlayInSensorImage=0 annotationJsonPerFrame=1 bboxUpdateCount=220 bboxReuseCount=1100 occlusionUpdateCount=109 occlusionReuseCount=1211 targetUpdateCullInvisible=1 targetUpdateTotal=10 targetUpdateVisible=5 targetUpdateSkippedBeyondFar=0 targetUpdateSkippedShaderApply=0
[Stage6 Capture] frameWidth=800 frameHeight=800 tcpWidth=800 tcpHeight=800 renderTextureWidth=800 renderTextureHeight=800 textureCropApplied=0 source=final_sensor channels=RGB8 readbackMode=EveryFrame readbackEveryN=1 copyRamAttached=1 copyRamMode=RTM_copy_ram tcpFrameReused=0 diagnostic_only=0 renderPath=direct_final sourceSeq=1320 readbackMs=1.85967 resizeMs=0 frameCopyMs=0.685125 tcpQueueDepth=1 annotationJsonPerFrame=1 annotationOverlayInSensorImage=0
[Stage5 Plume] targetType=0x22 targetPlatID=3 targetID=3 platform=AIM120D engineState=1 band=MWIR coreEnabled=1 haloEnabled=1 coreTempK=1800 haloTempK=1100 coreGray=1 haloGray=0.789749 coreOpacity=1 haloOpacity=0.405 coreVisible=1 haloVisible=1
[TcpFramePacket] frame=1320 imgBytes=9162 annotationBytes=1800 targets=5 width=800 height=800
[TcpPerf] sourceSeq=1320 outputOrdinal=1320 codec=jpeg requestedCodec=jpeg h264En=0 codecFallbackReason=none jpegQuality=95 jpegMode=gray jpegBytes=9162 encodeInputChannels=1 flipMs=2.210 resizeMs=0.000 jpegMs=8.739 tcpSendMs=0.167 queueDepth=0 queueWaitMs=0.001 overwritten=0
[SyncFrame] sourceSeq=1320 outputOrdinal=1320 inputQueueDepth=16 tcpQueueDepth=0 sourceSeqContinuous=1 videoFpsTarget=60.000 frameMs=14.545 latencyMs=364.851 readbackMs=1.860 flipMs=2.210 resizeMs=0.000 jpegMs=8.739 tcpSendMs=0.167 overrun=0 overwritten=0
[Stage6 MTF] sourceSeq=1320 enabled=0 effective=0 mode=GaussianSeparable effectiveMode=GaussianSinglePassSeparableWeights sigmaPixels=0.65 radiusPixels=2 passes=1 applyTo=final_display inputSize=800x800 outputSize=800x800 stage6MtfBlurMs=0 stage6MtfBlurScope=render_pass_upper_bound implementation=single_pass_gpu_separable_weights todo=true_two_pass_separable_if_needed
[Stage6 Noise] sourceSeq=1320 enabled=0 effective=0 applyTo=final_display position=BeforeAGC temporalEnabled=1 temporalSigma=0.005 fpnEnabled=0 fpnSigma=0.003 columnEnabled=0 columnSigma=0.002 rowEnabled=0 rowSigma=0.001 badPixelEnabled=0 badPixelRatio=0.0001 seed=12345 stage6DetectorNoiseMs=0 stage6DetectorNoiseScope=render_pass_upper_bound implementation=single_pass_gpu_hash_noise
[Stage6 AGC] sourceSeq=1320 enabled=0 effective=0 mode=Percentile statsSource=previous_readback updateHz=30 sampleCount=0 lowPercentile=2 highPercentile=98 lowInput=0 highInput=1 gain=1 offset=0 gainSmoothed=1 offsetSmoothed=0 valid=0 fallbackReason=disabled stage6AgcStatsMs=0
[RenderPerfProbe] pandaDoFrameMs=18.348 renderPath=direct_final graphicsOutputCount=1 activeDisplayRegionCount=1 rawPassEnabled=0 finalPassEnabled=1 annotationOverlayEnabled=0 readbackMode=EveryFrame readbackEveryN=1 copyRamAttached=1 copyRamMode=RTM_copy_ram quietPerfMode=1 bboxFastMode=mesh_body processRealSceneMs=0.237 targetMappingMs=0.142 cameraControlMs=0.014 stage4Stage5UpdateMs=2.405 shaderInputApplyMs=0.000 readbackMs=1.877 frameCopyMs=0.708 jpegMs=4.276 annotationMs=0.003 annotationBBoxMs=0.000 annotationOcclusionMs=0.000 annotationJsonMs=0.000 annotationTargets=5 bboxUpdateCount=234 bboxReuseCount=1170 occlusionUpdateCount=116 occlusionReuseCount=1288 targetUpdateCullInvisible=1 targetUpdateTotal=10 targetUpdateVisible=5 targetUpdateSkippedBeyondFar=0 targetUpdateSkippedShaderApply=0
[SyncFrame][WARN] inputQueueBackpressure sourceSeq=1424 backpressureCount=1080 queueDepth=16 queueCapacity=16 action=wait_for_space
[Perf] mode=sync videoFpsTarget=60.000 udpFps=48.315 renderFps=48.315 outputFps=48.315 sceneUpdateMs=2.728 annotationMs=2.506 irUpdateMs=1.119 irEnvBuildMs=0.004 stage7SkyGroundMs=0.707 platformRadianceMs=0.015 targetRadianceMs=0.067 stage4HotspotMs=0.761 stage5PlumeMs=0.242 stage5RadianceComponentMs=0.653 stage5AeroThermalMs=0.009 stage5ModtranLookupMs=0.000 shaderInputApplyMs=1.566 shaderInputApplyScope=exclusive stage7SkyGroundScope=inclusive stage4HotspotScope=inclusive shaderInputSetCount=560 shaderInputSkipCount=23120 shaderInputCacheHitRate=97.635 stage5ModtranCacheHitCount=0 stage5ModtranCacheMissCount=0 stage7FullUpdateCount=16 stage7PositionOnlyCount=32 stage7SkipCount=0 stage4UpdateCount=0 stage4SkipCount=240 plumeUpdateMs=0.259 renderMs=17.916 stage6MtfBlurMs=0.000 stage6MtfBlurScope=render_pass_upper_bound mtfBlurEnabled=0 mtfBlurSigmaPixels=0.650 mtfBlurRadiusPixels=2 stage6DetectorNoiseMs=0.000 stage6DetectorNoiseScope=render_pass_upper_bound detectorNoiseEnabled=0 temporalNoiseSigmaGray=0.005 fpnSigmaGray=0.003 columnNoiseSigmaGray=0.002 rowNoiseSigmaGray=0.001 badPixelRatio=0.000 noisePosition=BeforeAGC stage6AgcStatsMs=0.000 stage6AgcApplyMs=0.000 agcEnabled=0 agcMode=Percentile agcGain=1.000 agcOffset=0.000 agcLowInput=0.000 agcHighInput=1.000 agcSampleCount=0 readbackMs=1.902 resizeMs=0.000 frameCopyMs=0.702 jpegMs=7.858 tcpSendMs=0.153 tcpQueueDepth=0 tcpQueueDepthMax=1 inputQueueDepth=16 inputQueueDepthMax=16 sourceSeqLag=17 latencyAvgMs=366.546 latencyMaxMs=373.613 syncOverrunCount=1282 inputQueueOverflowCount=0 udpFrames=1426 renderFrames=1408 outputFrames=1409
[Perf][WARN] outputFps=48.315 targetFps=60.000 bottleneckSummary=below_60hz irUpdateMs=1.119 stage5ModtranLookupMs=0.000 stage5RadianceComponentMs=0.653 stage5AeroThermalMs=0.009 stage4HotspotMs=0.761 stage7SkyGroundMs=0.707 shaderInputApplyMs=1.566 annotationMs=2.506 renderMs=17.916 stage6MtfBlurMs=0.000 stage6DetectorNoiseMs=0.000 stage6AgcStatsMs=0.000 readbackMs=1.902 jpegMs=7.858 tcpSendMs=0.153 inputQueueDepth=16 sourceSeqLag=17 note=recorderWriteMs_is_reported_by_VideoDisplay_RecorderPerf
[TcpPerf] sourceSeq=1417 outputOrdinal=1417 codec=jpeg requestedCodec=jpeg h264En=0 codecFallbackReason=none jpegQuality=95 jpegMode=gray jpegBytes=10009 encodeInputChannels=1 flipMs=1.158 resizeMs=0.000 jpegMs=10.629 tcpSendMs=0.121 queueDepth=0 queueWaitMs=0.001 overwritten=0
接收UDP数据，长度：506字节，来自：192.168.1.188:9999 packet=1440
解析UDP数据，flag：0x38 packet=1440
[Stage0] Display packet #1440: platID=1, sensorID=1, targetNumValid=5, timeMs=1.78246e+12
处理实时成像数据...
实时数据更新完成，时间戳=1.78246e+12ms
实时数据更新完成，时间戳=1.78246e+12ms
[Stage5 PlumePerf] plumeNodeCount=16 visiblePlumeCount=2 textureLoadCountThisFrame=0 updateHz=30 updatePlumeMs=0.264953 updatePlumeMsMax=0.461124 perfBudgetMs=1
[TargetUpdateCull] enabled=1 total=10 visible=5 skippedBeyondFar=0 skippedShaderApply=0 shaderInputApplyMs=1.5823 stage4Stage5UpdateMs=2.933
[CameraControl] mode=lookat targetPlatID=3 targetID=34 relPitch=-14.3551 relYaw=1.80631 range=15192.3
[Stage6 FrameDiag] frameIndex=1.78246e+12 packet=1456 band=MWIR whiteHot=1 displayGain=1 displayOffset=0 noiseEnable=0 noiseSigmaGray=0 route=final_sensor targetVisibleCount=5 targetMappedCount=5 hiddenByTargetNum=0 hiddenByTargetViewValid=0 hiddenByWeaponViewValid=0 beyondFarClip=0 skyVisible=1 cameraHpr=-1.80631,-14.3551,0 sensorFovH=0.0999999 sensorFovV=0.0999999 near=1 far=50000
[AnnotationFastPath] enabled=1 frame=1440 bboxDue=0 occlusionDue=0 updateProjection=0 reused=1 bboxUpdateHz=10 occlusionUpdateHz=5 reuseLastWhenSkipped=1 drawOverlay=0 jsonPerFrame=1 quietPerfMode=1 bboxUpdateCount=240 bboxReuseCount=1200 occlusionUpdateCount=119 occlusionReuseCount=1321
[ScenePerfProbe] sourceSeq=1440 processRealSceneMs=0.343 targetMappingMs=0.138 cameraControlMs=0.076 stage4Stage5UpdateMs=2.673 shaderInputApplyMs=0.000 annotationComputeMs=0.033 annotationBBoxMs=0.000 annotationOcclusionMs=0.000 annotationJsonMs=0.000 pandaDoFrameMs=16.624 readbackMs=1.916 frameCopyMs=0.691 jpegMs=4.389 readbackMode=EveryFrame copyRamAttached=1 quietPerfMode=1 bboxFastMode=mesh_body annotationFastJsonMode=1 annotationOverlayInSensorImage=0 annotationJsonPerFrame=1 bboxUpdateCount=240 bboxReuseCount=1200 occlusionUpdateCount=119 occlusionReuseCount=1321 targetUpdateCullInvisible=1 targetUpdateTotal=10 targetUpdateVisible=5 targetUpdateSkippedBeyondFar=0 targetUpdateSkippedShaderApply=0
[Stage6 Capture] frameWidth=800 frameHeight=800 tcpWidth=800 tcpHeight=800 renderTextureWidth=800 renderTextureHeight=800 textureCropApplied=0 source=final_sensor channels=RGB8 readbackMode=EveryFrame readbackEveryN=1 copyRamAttached=1 copyRamMode=RTM_copy_ram tcpFrameReused=0 diagnostic_only=0 renderPath=direct_final sourceSeq=1440 readbackMs=1.82904 resizeMs=0 frameCopyMs=0.717792 tcpQueueDepth=1 annotationJsonPerFrame=1 annotationOverlayInSensorImage=0
[Stage5 Plume] targetType=0x22 targetPlatID=3 targetID=3 platform=AIM120D engineState=1 band=MWIR coreEnabled=1 haloEnabled=1 coreTempK=1800 haloTempK=1100 coreGray=1 haloGray=0.789749 coreOpacity=1 haloOpacity=0.405 coreVisible=1 haloVisible=1
[TcpFramePacket] frame=1440 imgBytes=10210 annotationBytes=1800 targets=5 width=800 height=800
[TcpPerf] sourceSeq=1440 outputOrdinal=1440 codec=jpeg requestedCodec=jpeg h264En=0 codecFallbackReason=none jpegQuality=95 jpegMode=gray jpegBytes=10210 encodeInputChannels=1 flipMs=1.236 resizeMs=0.000 jpegMs=14.148 tcpSendMs=0.135 queueDepth=0 queueWaitMs=0.001 overwritten=0
[SyncFrame] sourceSeq=1440 outputOrdinal=1440 inputQueueDepth=16 tcpQueueDepth=0 sourceSeqContinuous=1 videoFpsTarget=60.000 frameMs=18.768 latencyMs=371.797 readbackMs=1.829 flipMs=1.236 resizeMs=0.000 jpegMs=14.148 tcpSendMs=0.135 overrun=1 overwritten=0
[Stage6 MTF] sourceSeq=1440 enabled=0 effective=0 mode=GaussianSeparable effectiveMode=GaussianSinglePassSeparableWeights sigmaPixels=0.65 radiusPixels=2 passes=1 applyTo=final_display inputSize=800x800 outputSize=800x800 stage6MtfBlurMs=0 stage6MtfBlurScope=render_pass_upper_bound implementation=single_pass_gpu_separable_weights todo=true_two_pass_separable_if_needed
[Stage6 Noise] sourceSeq=1440 enabled=0 effective=0 applyTo=final_display position=BeforeAGC temporalEnabled=1 temporalSigma=0.005 fpnEnabled=0 fpnSigma=0.003 columnEnabled=0 columnSigma=0.002 rowEnabled=0 rowSigma=0.001 badPixelEnabled=0 badPixelRatio=0.0001 seed=12345 stage6DetectorNoiseMs=0 stage6DetectorNoiseScope=render_pass_upper_bound implementation=single_pass_gpu_hash_noise
[Stage6 AGC] sourceSeq=1440 enabled=0 effective=0 mode=Percentile statsSource=previous_readback updateHz=30 sampleCount=0 lowPercentile=2 highPercentile=98 lowInput=0 highInput=1 gain=1 offset=0 gainSmoothed=1 offsetSmoothed=0 valid=0 fallbackReason=disabled stage6AgcStatsMs=0
[AnnotationCollisionCache] platform=AIM120D targetID=3 built=0 reused=1 triangles=1532 solids=1532
[Stage7 Weather] reason=runtime envSky=0 weatherName=Clear visibilityM=6000 humidity=85 windV=8 windDir=30 cloudCoverage=0 fogDensity=0 precipitationType=none sunDirectScale=1 skyDiffuseScale=1 targetContrastScale=1 source=UDP+weather_profiles+RuntimeConfig
[Stage7 CloudLayer] enabled=0 texture=Config/Weather/Textures/cloud_few.png textureFound=1 coverage=0 opacity=0 temperatureK=255 band=MWIR cloudGray=0.385455
[Stage7 Fog] enabled=0 visibilityM=6000 fogDensity=0 fogGray=0.45 targetContrastScale=1
[Stage7 Precipitation] enabled=0 type=none density=0 speed=0 windV=8 windDir=30 maxHeight=0 transHeight=0
[Stage7 PrecipitationOverlay] mode=ScreenOverlay active=0 type=none density=0 sensorFovDeg=0.0999999 pattern=screen_sparse_low_contrast giantVerticalBars=0 sameOutput=1
[Stage7 Perf] weatherNodeCount=0 cloudNodeCount=0 precipitationNodeCount=0 textureLoadCountThisFrame=0 updateWeatherNodesMs=0.00175 totalWeatherMs=0.013125 precipitationMode=ScreenOverlay
[Stage7 3DSkyGround] reason=runtime enable=1 band=MWIR envTerrain=0 envSky=0 skyGrayRaw=0.65 groundGrayRaw=0.35 skyGrayFinal=0.65 groundGrayFinal=0.35 skyGray=0.65 groundGray=0.35 skyDome=1 lowerShell=1 groundPlane=0 source=env+band_default
[Stage7 Debug] mode=Off skyVisible=1 groundVisible=1 forcedSkyGray=NA forcedGroundGray=NA
[Stage7 Real3DBackground] skyDome=1 lowerShell=1 flatGroundPlane=0 cameraPos=-252.471,4211.64,204.119 backgroundMode=real_3d
[Stage7 GroundReference] mode=reference_zero groundZOffset=0 finalGroundReferenceZ=0
[Stage7 SkyDomeDiag] cameraPos=-252.471,4211.64,204.119 skyDomePos=-252.471,4211.64,204.119 farClipM=50000 skyRadius=42500 radius=42500 radiusSource=farClip_scaled radiusLessThanFarClip=1 twoSided=1 depthWrite=0 depthTest=0
[Stage7 GroundDiag] groundPos=-252.471,4211.64,204.119 farClipM=50000 groundSize=42500 lowerShellRadius=42500 groundZOffset=0 envTerrain=0 groundGray=0.35
[Perf] mode=sync videoFpsTarget=60.000 udpFps=47.377 renderFps=47.876 outputFps=47.377 sceneUpdateMs=2.925 annotationMs=2.702 irUpdateMs=1.278 irEnvBuildMs=0.008 stage7SkyGroundMs=1.121 platformRadianceMs=0.016 targetRadianceMs=0.062 stage4HotspotMs=0.604 stage5PlumeMs=0.215 stage5RadianceComponentMs=0.506 stage5AeroThermalMs=0.008 stage5ModtranLookupMs=0.000 shaderInputApplyMs=1.601 shaderInputApplyScope=exclusive stage7SkyGroundScope=inclusive stage4HotspotScope=inclusive shaderInputSetCount=560 shaderInputSkipCount=23120 shaderInputCacheHitRate=97.635 stage5ModtranCacheHitCount=0 stage5ModtranCacheMissCount=0 stage7FullUpdateCount=16 stage7PositionOnlyCount=32 stage7SkipCount=0 stage4UpdateCount=0 stage4SkipCount=240 plumeUpdateMs=0.295 renderMs=17.977 stage6MtfBlurMs=0.000 stage6MtfBlurScope=render_pass_upper_bound mtfBlurEnabled=0 mtfBlurSigmaPixels=0.650 mtfBlurRadiusPixels=2 stage6DetectorNoiseMs=0.000 stage6DetectorNoiseScope=render_pass_upper_bound detectorNoiseEnabled=0 temporalNoiseSigmaGray=0.005 fpnSigmaGray=0.003 columnNoiseSigmaGray=0.002 rowNoiseSigmaGray=0.001 badPixelRatio=0.000 noisePosition=BeforeAGC stage6AgcStatsMs=0.000 stage6AgcApplyMs=0.000 agcEnabled=0 agcMode=Percentile agcGain=1.000 agcOffset=0.000 agcLowInput=0.000 agcHighInput=1.000 agcSampleCount=0 readbackMs=1.929 resizeMs=0.000 frameCopyMs=0.710 jpegMs=6.013 tcpSendMs=0.091 tcpQueueDepth=0 tcpQueueDepthMax=1 inputQueueDepth=16 inputQueueDepthMax=16 sourceSeqLag=17 latencyAvgMs=368.735 latencyMaxMs=378.734 syncOverrunCount=1397 inputQueueOverflowCount=0 udpFrames=1521 renderFrames=1504 outputFrames=1504
[Perf][WARN] outputFps=47.377 targetFps=60.000 bottleneckSummary=below_60hz irUpdateMs=1.278 stage5ModtranLookupMs=0.000 stage5RadianceComponentMs=0.506 stage5AeroThermalMs=0.008 stage4HotspotMs=0.604 stage7SkyGroundMs=1.121 shaderInputApplyMs=1.601 annotationMs=2.702 renderMs=17.977 stage6MtfBlurMs=0.000 stage6DetectorNoiseMs=0.000 stage6AgcStatsMs=0.000 readbackMs=1.929 jpegMs=6.013 tcpSendMs=0.091 inputQueueDepth=16 sourceSeqLag=17 note=recorderWriteMs_is_reported_by_VideoDisplay_RecorderPerf
[RenderPerfProbe] pandaDoFrameMs=18.477 renderPath=direct_final graphicsOutputCount=1 activeDisplayRegionCount=1 rawPassEnabled=0 finalPassEnabled=1 annotationOverlayEnabled=0 readbackMode=EveryFrame readbackEveryN=1 copyRamAttached=1 copyRamMode=RTM_copy_ram quietPerfMode=1 bboxFastMode=mesh_body processRealSceneMs=0.213 targetMappingMs=0.123 cameraControlMs=0.017 stage4Stage5UpdateMs=2.072 shaderInputApplyMs=0.000 readbackMs=1.856 frameCopyMs=0.696 jpegMs=9.409 annotationMs=0.003 annotationBBoxMs=0.000 annotationOcclusionMs=0.000 annotationJsonMs=0.000 annotationTargets=5 bboxUpdateCount=254 bboxReuseCount=1270 occlusionUpdateCount=126 occlusionReuseCount=1398 targetUpdateCullInvisible=1 targetUpdateTotal=10 targetUpdateVisible=5 targetUpdateSkippedBeyondFar=0 targetUpdateSkippedShaderApply=0
[SyncFrame][WARN] inputQueueBackpressure sourceSeq=1544 backpressureCount=1200 queueDepth=16 queueCapacity=16 action=wait_for_space
[TcpPerf] sourceSeq=1536 outputOrdinal=1536 codec=jpeg requestedCodec=jpeg h264En=0 codecFallbackReason=none jpegQuality=95 jpegMode=gray jpegBytes=10288 encodeInputChannels=1 flipMs=2.197 resizeMs=0.000 jpegMs=7.791 tcpSendMs=0.139 queueDepth=0 queueWaitMs=0.001 overwritten=0
接收UDP数据，长度：506字节，来自：192.168.1.188:9999 packet=1560
解析UDP数据，flag：0x38 packet=1560
[Stage0] Display packet #1560: platID=1, sensorID=1, targetNumValid=5, timeMs=1.78246e+12
处理实时成像数据...
实时数据更新完成，时间戳=1.78246e+12ms
实时数据更新完成，时间戳=1.78246e+12ms
[CameraControl] mode=lookat targetPlatID=3 targetID=34 relPitch=-14.4165 relYaw=2.60181 range=14507.2
[Stage6 FrameDiag] frameIndex=1.78246e+12 packet=1576 band=MWIR whiteHot=1 displayGain=1 displayOffset=0 noiseEnable=0 noiseSigmaGray=0 route=final_sensor targetVisibleCount=5 targetMappedCount=5 hiddenByTargetNum=0 hiddenByTargetViewValid=0 hiddenByWeaponViewValid=0 beyondFarClip=0 skyVisible=1 cameraHpr=-2.60181,-14.4165,0 sensorFovH=0.0999999 sensorFovV=0.0999999 near=1 far=50000
[AnnotationFastPath] enabled=1 frame=1560 bboxDue=0 occlusionDue=0 updateProjection=0 reused=1 bboxUpdateHz=10 occlusionUpdateHz=5 reuseLastWhenSkipped=1 drawOverlay=0 jsonPerFrame=1 quietPerfMode=1 bboxUpdateCount=260 bboxReuseCount=1300 occlusionUpdateCount=129 occlusionReuseCount=1431
[ScenePerfProbe] sourceSeq=1560 processRealSceneMs=0.309 targetMappingMs=0.134 cameraControlMs=0.078 stage4Stage5UpdateMs=2.175 shaderInputApplyMs=0.000 annotationComputeMs=0.011 annotationBBoxMs=0.000 annotationOcclusionMs=0.000 annotationJsonMs=0.000 pandaDoFrameMs=16.571 readbackMs=1.890 frameCopyMs=0.707 jpegMs=9.097 readbackMode=EveryFrame copyRamAttached=1 quietPerfMode=1 bboxFastMode=mesh_body annotationFastJsonMode=1 annotationOverlayInSensorImage=0 annotationJsonPerFrame=1 bboxUpdateCount=260 bboxReuseCount=1300 occlusionUpdateCount=129 occlusionReuseCount=1431 targetUpdateCullInvisible=1 targetUpdateTotal=10 targetUpdateVisible=5 targetUpdateSkippedBeyondFar=0 targetUpdateSkippedShaderApply=0
[Stage6 Capture] frameWidth=800 frameHeight=800 tcpWidth=800 tcpHeight=800 renderTextureWidth=800 renderTextureHeight=800 textureCropApplied=0 source=final_sensor channels=RGB8 readbackMode=EveryFrame readbackEveryN=1 copyRamAttached=1 copyRamMode=RTM_copy_ram tcpFrameReused=0 diagnostic_only=0 renderPath=direct_final sourceSeq=1560 readbackMs=1.91771 resizeMs=0 frameCopyMs=0.985833 tcpQueueDepth=1 annotationJsonPerFrame=1 annotationOverlayInSensorImage=0
[Stage5 Plume] targetType=0x22 targetPlatID=3 targetID=3 platform=AIM120D engineState=1 band=MWIR coreEnabled=1 haloEnabled=1 coreTempK=1800 haloTempK=1100 coreGray=1 haloGray=0.789749 coreOpacity=1 haloOpacity=0.405 coreVisible=1 haloVisible=1
[TcpFramePacket] frame=1560 imgBytes=10352 annotationBytes=1800 targets=5 width=800 height=800
[TcpPerf] sourceSeq=1560 outputOrdinal=1560 codec=jpeg requestedCodec=jpeg h264En=0 codecFallbackReason=none jpegQuality=95 jpegMode=gray jpegBytes=10352 encodeInputChannels=1 flipMs=2.133 resizeMs=0.000 jpegMs=8.187 tcpSendMs=0.155 queueDepth=0 queueWaitMs=0.001 overwritten=0
[SyncFrame] sourceSeq=1560 outputOrdinal=1560 inputQueueDepth=16 tcpQueueDepth=0 sourceSeqContinuous=1 videoFpsTarget=60.000 frameMs=14.137 latencyMs=365.932 readbackMs=1.918 flipMs=2.133 resizeMs=0.000 jpegMs=8.187 tcpSendMs=0.155 overrun=0 overwritten=0
[Stage6 MTF] sourceSeq=1560 enabled=0 effective=0 mode=GaussianSeparable effectiveMode=GaussianSinglePassSeparableWeights sigmaPixels=0.65 radiusPixels=2 passes=1 applyTo=final_display inputSize=800x800 outputSize=800x800 stage6MtfBlurMs=0 stage6MtfBlurScope=render_pass_upper_bound implementation=single_pass_gpu_separable_weights todo=true_two_pass_separable_if_needed
[Stage6 Noise] sourceSeq=1560 enabled=0 effective=0 applyTo=final_display position=BeforeAGC temporalEnabled=1 temporalSigma=0.005 fpnEnabled=0 fpnSigma=0.003 columnEnabled=0 columnSigma=0.002 rowEnabled=0 rowSigma=0.001 badPixelEnabled=0 badPixelRatio=0.0001 seed=12345 stage6DetectorNoiseMs=0 stage6DetectorNoiseScope=render_pass_upper_bound implementation=single_pass_gpu_hash_noise
[Stage6 AGC] sourceSeq=1560 enabled=0 effective=0 mode=Percentile statsSource=previous_readback updateHz=30 sampleCount=0 lowPercentile=2 highPercentile=98 lowInput=0 highInput=1 gain=1 offset=0 gainSmoothed=1 offsetSmoothed=0 valid=0 fallbackReason=disabled stage6AgcStatsMs=0
[Perf] mode=sync videoFpsTarget=60.000 udpFps=47.922 renderFps=47.922 outputFps=47.922 sceneUpdateMs=2.840 annotationMs=2.614 irUpdateMs=1.147 irEnvBuildMs=0.006 stage7SkyGroundMs=0.673 platformRadianceMs=0.014 targetRadianceMs=0.067 stage4HotspotMs=0.664 stage5PlumeMs=0.231 stage5RadianceComponentMs=0.557 stage5AeroThermalMs=0.009 stage5ModtranLookupMs=0.000 shaderInputApplyMs=1.538 shaderInputApplyScope=exclusive stage7SkyGroundScope=inclusive stage4HotspotScope=inclusive shaderInputSetCount=560 shaderInputSkipCount=23120 shaderInputCacheHitRate=97.635 stage5ModtranCacheHitCount=0 stage5ModtranCacheMissCount=0 stage7FullUpdateCount=16 stage7PositionOnlyCount=32 stage7SkipCount=0 stage4UpdateCount=0 stage4SkipCount=240 plumeUpdateMs=0.271 renderMs=17.929 stage6MtfBlurMs=0.000 stage6MtfBlurScope=render_pass_upper_bound mtfBlurEnabled=0 mtfBlurSigmaPixels=0.650 mtfBlurRadiusPixels=2 stage6DetectorNoiseMs=0.000 stage6DetectorNoiseScope=render_pass_upper_bound detectorNoiseEnabled=0 temporalNoiseSigmaGray=0.005 fpnSigmaGray=0.003 columnNoiseSigmaGray=0.002 rowNoiseSigmaGray=0.001 badPixelRatio=0.000 noisePosition=BeforeAGC stage6AgcStatsMs=0.000 stage6AgcApplyMs=0.000 agcEnabled=0 agcMode=Percentile agcGain=1.000 agcOffset=0.000 agcLowInput=0.000 agcHighInput=1.000 agcSampleCount=0 readbackMs=1.930 resizeMs=0.000 frameCopyMs=0.710 jpegMs=8.043 tcpSendMs=0.147 tcpQueueDepth=0 tcpQueueDepthMax=1 inputQueueDepth=16 inputQueueDepthMax=16 sourceSeqLag=17 latencyAvgMs=369.139 latencyMaxMs=383.270 syncOverrunCount=1509 inputQueueOverflowCount=0 udpFrames=1617 renderFrames=1600 outputFrames=1600
[Perf][WARN] outputFps=47.922 targetFps=60.000 bottleneckSummary=below_60hz irUpdateMs=1.147 stage5ModtranLookupMs=0.000 stage5RadianceComponentMs=0.557 stage5AeroThermalMs=0.009 stage4HotspotMs=0.664 stage7SkyGroundMs=0.673 shaderInputApplyMs=1.538 annotationMs=2.614 renderMs=17.929 stage6MtfBlurMs=0.000 stage6DetectorNoiseMs=0.000 stage6AgcStatsMs=0.000 readbackMs=1.930 jpegMs=8.043 tcpSendMs=0.147 inputQueueDepth=16 sourceSeqLag=17 note=recorderWriteMs_is_reported_by_VideoDisplay_RecorderPerf
[RenderPerfProbe] pandaDoFrameMs=19.238 renderPath=direct_final graphicsOutputCount=1 activeDisplayRegionCount=1 rawPassEnabled=0 finalPassEnabled=1 annotationOverlayEnabled=0 readbackMode=EveryFrame readbackEveryN=1 copyRamAttached=1 copyRamMode=RTM_copy_ram quietPerfMode=1 bboxFastMode=mesh_body processRealSceneMs=0.240 targetMappingMs=0.148 cameraControlMs=0.017 stage4Stage5UpdateMs=2.623 shaderInputApplyMs=0.000 readbackMs=2.306 frameCopyMs=0.694 jpegMs=8.256 annotationMs=0.004 annotationBBoxMs=0.000 annotationOcclusionMs=0.000 annotationJsonMs=0.000 annotationTargets=5 bboxUpdateCount=274 bboxReuseCount=1370 occlusionUpdateCount=136 occlusionReuseCount=1508 targetUpdateCullInvisible=1 targetUpdateTotal=10 targetUpdateVisible=5 targetUpdateSkippedBeyondFar=0 targetUpdateSkippedShaderApply=0
[SyncFrame][WARN] inputQueueBackpressure sourceSeq=1664 backpressureCount=1320 queueDepth=16 queueCapacity=16 action=wait_for_space
[TcpPerf] sourceSeq=1656 outputOrdinal=1656 codec=jpeg requestedCodec=jpeg h264En=0 codecFallbackReason=none jpegQuality=95 jpegMode=gray jpegBytes=9786 encodeInputChannels=1 flipMs=2.200 resizeMs=0.000 jpegMs=8.000 tcpSendMs=0.143 queueDepth=0 queueWaitMs=0.001 overwritten=0
接收UDP数据，长度：506字节，来自：192.168.1.188:9999 packet=1680
解析UDP数据，flag：0x38 packet=1680
[Stage0] Display packet #1680: platID=1, sensorID=1, targetNumValid=5, timeMs=1.78246e+12
处理实时成像数据...
实时数据更新完成，时间戳=1.78246e+12ms
实时数据更新完成，时间戳=1.78246e+12ms
[Stage5 PlumePerf] plumeNodeCount=16 visiblePlumeCount=2 textureLoadCountThisFrame=0 updateHz=30 updatePlumeMs=0.280992 updatePlumeMsMax=0.512458 perfBudgetMs=1
[TargetUpdateCull] enabled=1 total=10 visible=5 skippedBeyondFar=0 skippedShaderApply=0 shaderInputApplyMs=1.57967 stage4Stage5UpdateMs=2.64221
[CameraControl] mode=lookat targetPlatID=3 targetID=34 relPitch=-16.2871 relYaw=5.78866 range=13760.6
[Stage6 FrameDiag] frameIndex=1.78246e+12 packet=1696 band=MWIR whiteHot=1 displayGain=1 displayOffset=0 noiseEnable=0 noiseSigmaGray=0 route=final_sensor targetVisibleCount=5 targetMappedCount=5 hiddenByTargetNum=0 hiddenByTargetViewValid=0 hiddenByWeaponViewValid=0 beyondFarClip=0 skyVisible=1 cameraHpr=-5.78866,-16.2871,0 sensorFovH=0.0999999 sensorFovV=0.0999999 near=1 far=50000
[AnnotationFastPath] enabled=1 frame=1680 bboxDue=0 occlusionDue=0 updateProjection=0 reused=1 bboxUpdateHz=10 occlusionUpdateHz=5 reuseLastWhenSkipped=1 drawOverlay=0 jsonPerFrame=1 quietPerfMode=1 bboxUpdateCount=280 bboxReuseCount=1400 occlusionUpdateCount=139 occlusionReuseCount=1541
[ScenePerfProbe] sourceSeq=1680 processRealSceneMs=0.323 targetMappingMs=0.139 cameraControlMs=0.079 stage4Stage5UpdateMs=2.048 shaderInputApplyMs=0.000 annotationComputeMs=0.012 annotationBBoxMs=0.000 annotationOcclusionMs=0.000 annotationJsonMs=0.000 pandaDoFrameMs=17.141 readbackMs=1.887 frameCopyMs=0.689 jpegMs=9.337 readbackMode=EveryFrame copyRamAttached=1 quietPerfMode=1 bboxFastMode=mesh_body annotationFastJsonMode=1 annotationOverlayInSensorImage=0 annotationJsonPerFrame=1 bboxUpdateCount=280 bboxReuseCount=1400 occlusionUpdateCount=139 occlusionReuseCount=1541 targetUpdateCullInvisible=1 targetUpdateTotal=10 targetUpdateVisible=5 targetUpdateSkippedBeyondFar=0 targetUpdateSkippedShaderApply=0
[Stage6 Capture] frameWidth=800 frameHeight=800 tcpWidth=800 tcpHeight=800 renderTextureWidth=800 renderTextureHeight=800 textureCropApplied=0 source=final_sensor channels=RGB8 readbackMode=EveryFrame readbackEveryN=1 copyRamAttached=1 copyRamMode=RTM_copy_ram tcpFrameReused=0 diagnostic_only=0 renderPath=direct_final sourceSeq=1680 readbackMs=1.91858 resizeMs=0 frameCopyMs=0.678709 tcpQueueDepth=1 annotationJsonPerFrame=1 annotationOverlayInSensorImage=0
[Stage5 Plume] targetType=0x22 targetPlatID=3 targetID=3 platform=AIM120D engineState=1 band=MWIR coreEnabled=1 haloEnabled=1 coreTempK=1800 haloTempK=1100 coreGray=1 haloGray=0.789749 coreOpacity=1 haloOpacity=0.405 coreVisible=1 haloVisible=1
[TcpFramePacket] frame=1680 imgBytes=10004 annotationBytes=1800 targets=5 width=800 height=800
[TcpPerf] sourceSeq=1680 outputOrdinal=1680 codec=jpeg requestedCodec=jpeg h264En=0 codecFallbackReason=none jpegQuality=95 jpegMode=gray jpegBytes=10004 encodeInputChannels=1 flipMs=2.229 resizeMs=0.000 jpegMs=8.026 tcpSendMs=0.142 queueDepth=0 queueWaitMs=0.001 overwritten=0
[SyncFrame] sourceSeq=1680 outputOrdinal=1680 inputQueueDepth=16 tcpQueueDepth=0 sourceSeqContinuous=1 videoFpsTarget=60.000 frameMs=13.740 latencyMs=365.756 readbackMs=1.919 flipMs=2.229 resizeMs=0.000 jpegMs=8.026 tcpSendMs=0.142 overrun=0 overwritten=0
[Stage6 MTF] sourceSeq=1680 enabled=0 effective=0 mode=GaussianSeparable effectiveMode=GaussianSinglePassSeparableWeights sigmaPixels=0.65 radiusPixels=2 passes=1 applyTo=final_display inputSize=800x800 outputSize=800x800 stage6MtfBlurMs=0 stage6MtfBlurScope=render_pass_upper_bound implementation=single_pass_gpu_separable_weights todo=true_two_pass_separable_if_needed
[Stage6 Noise] sourceSeq=1680 enabled=0 effective=0 applyTo=final_display position=BeforeAGC temporalEnabled=1 temporalSigma=0.005 fpnEnabled=0 fpnSigma=0.003 columnEnabled=0 columnSigma=0.002 rowEnabled=0 rowSigma=0.001 badPixelEnabled=0 badPixelRatio=0.0001 seed=12345 stage6DetectorNoiseMs=0 stage6DetectorNoiseScope=render_pass_upper_bound implementation=single_pass_gpu_hash_noise
[Stage6 AGC] sourceSeq=1680 enabled=0 effective=0 mode=Percentile statsSource=previous_readback updateHz=30 sampleCount=0 lowPercentile=2 highPercentile=98 lowInput=0 highInput=1 gain=1 offset=0 gainSmoothed=1 offsetSmoothed=0 valid=0 fallbackReason=disabled stage6AgcStatsMs=0
[Perf] mode=sync videoFpsTarget=60.000 udpFps=48.293 renderFps=47.795 outputFps=48.293 sceneUpdateMs=2.761 annotationMs=2.542 irUpdateMs=1.183 irEnvBuildMs=0.005 stage7SkyGroundMs=0.873 platformRadianceMs=0.015 targetRadianceMs=0.067 stage4HotspotMs=0.688 stage5PlumeMs=0.240 stage5RadianceComponentMs=0.580 stage5AeroThermalMs=0.008 stage5ModtranLookupMs=0.000 shaderInputApplyMs=1.622 shaderInputApplyScope=exclusive stage7SkyGroundScope=inclusive stage4HotspotScope=inclusive shaderInputSetCount=560 shaderInputSkipCount=23120 shaderInputCacheHitRate=97.635 stage5ModtranCacheHitCount=0 stage5ModtranCacheMissCount=0 stage7FullUpdateCount=16 stage7PositionOnlyCount=32 stage7SkipCount=0 stage4UpdateCount=0 stage4SkipCount=240 plumeUpdateMs=0.278 renderMs=17.883 stage6MtfBlurMs=0.000 stage6MtfBlurScope=render_pass_upper_bound mtfBlurEnabled=0 mtfBlurSigmaPixels=0.650 mtfBlurRadiusPixels=2 stage6DetectorNoiseMs=0.000 stage6DetectorNoiseScope=render_pass_upper_bound detectorNoiseEnabled=0 temporalNoiseSigmaGray=0.005 fpnSigmaGray=0.003 columnNoiseSigmaGray=0.002 rowNoiseSigmaGray=0.001 badPixelRatio=0.000 noisePosition=BeforeAGC stage6AgcStatsMs=0.000 stage6AgcApplyMs=0.000 agcEnabled=0 agcMode=Percentile agcGain=1.000 agcOffset=0.000 agcLowInput=0.000 agcHighInput=1.000 agcSampleCount=0 readbackMs=1.911 resizeMs=0.000 frameCopyMs=0.710 jpegMs=7.674 tcpSendMs=0.131 tcpQueueDepth=0 tcpQueueDepthMax=1 inputQueueDepth=16 inputQueueDepthMax=16 sourceSeqLag=17 latencyAvgMs=367.747 latencyMaxMs=384.635 syncOverrunCount=1622 inputQueueOverflowCount=0 udpFrames=1714 renderFrames=1696 outputFrames=1697
[Perf][WARN] outputFps=48.293 targetFps=60.000 bottleneckSummary=below_60hz irUpdateMs=1.183 stage5ModtranLookupMs=0.000 stage5RadianceComponentMs=0.580 stage5AeroThermalMs=0.008 stage4HotspotMs=0.688 stage7SkyGroundMs=0.873 shaderInputApplyMs=1.622 annotationMs=2.542 renderMs=17.883 stage6MtfBlurMs=0.000 stage6DetectorNoiseMs=0.000 stage6AgcStatsMs=0.000 readbackMs=1.911 jpegMs=7.674 tcpSendMs=0.131 inputQueueDepth=16 sourceSeqLag=17 note=recorderWriteMs_is_reported_by_VideoDisplay_RecorderPerf
[AnnotationCollisionCache] platform=AIM120D targetID=3 built=0 reused=1 triangles=1532 solids=1532
[RenderPerfProbe] pandaDoFrameMs=19.082 renderPath=direct_final graphicsOutputCount=1 activeDisplayRegionCount=1 rawPassEnabled=0 finalPassEnabled=1 annotationOverlayEnabled=0 readbackMode=EveryFrame readbackEveryN=1 copyRamAttached=1 copyRamMode=RTM_copy_ram quietPerfMode=1 bboxFastMode=mesh_body processRealSceneMs=0.223 targetMappingMs=0.133 cameraControlMs=0.015 stage4Stage5UpdateMs=2.066 shaderInputApplyMs=0.000 readbackMs=1.897 frameCopyMs=0.701 jpegMs=7.980 annotationMs=0.003 annotationBBoxMs=0.000 annotationOcclusionMs=0.000 annotationJsonMs=0.000 annotationTargets=5 bboxUpdateCount=294 bboxReuseCount=1470 occlusionUpdateCount=146 occlusionReuseCount=1618 targetUpdateCullInvisible=1 targetUpdateTotal=10 targetUpdateVisible=5 targetUpdateSkippedBeyondFar=0 targetUpdateSkippedShaderApply=0
[SyncFrame][WARN] inputQueueBackpressure sourceSeq=1784 backpressureCount=1440 queueDepth=16 queueCapacity=16 action=wait_for_space
[TcpPerf] sourceSeq=1777 outputOrdinal=1777 codec=jpeg requestedCodec=jpeg h264En=0 codecFallbackReason=none jpegQuality=95 jpegMode=gray jpegBytes=10425 encodeInputChannels=1 flipMs=2.139 resizeMs=0.000 jpegMs=8.080 tcpSendMs=0.164 queueDepth=0 queueWaitMs=0.001 overwritten=0
接收UDP数据，长度：506字节，来自：192.168.1.188:9999 packet=1800
解析UDP数据，flag：0x38 packet=1800
[Stage0] Display packet #1800: platID=1, sensorID=1, targetNumValid=5, timeMs=1.78246e+12
处理实时成像数据...
实时数据更新完成，时间戳=1.78246e+12ms
实时数据更新完成，时间戳=1.78246e+12ms
[Perf] mode=sync videoFpsTarget=60.000 udpFps=48.417 renderFps=48.417 outputFps=48.417 sceneUpdateMs=2.899 annotationMs=2.671 irUpdateMs=1.125 irEnvBuildMs=0.005 stage7SkyGroundMs=0.700 platformRadianceMs=0.015 targetRadianceMs=0.068 stage4HotspotMs=0.668 stage5PlumeMs=0.251 stage5RadianceComponentMs=0.566 stage5AeroThermalMs=0.008 stage5ModtranLookupMs=0.000 shaderInputApplyMs=1.497 shaderInputApplyScope=exclusive stage7SkyGroundScope=inclusive stage4HotspotScope=inclusive shaderInputSetCount=571 shaderInputSkipCount=23547 shaderInputCacheHitRate=97.632 stage5ModtranCacheHitCount=0 stage5ModtranCacheMissCount=0 stage7FullUpdateCount=16 stage7PositionOnlyCount=33 stage7SkipCount=0 stage4UpdateCount=0 stage4SkipCount=245 plumeUpdateMs=0.247 renderMs=17.677 stage6MtfBlurMs=0.000 stage6MtfBlurScope=render_pass_upper_bound mtfBlurEnabled=0 mtfBlurSigmaPixels=0.650 mtfBlurRadiusPixels=2 stage6DetectorNoiseMs=0.000 stage6DetectorNoiseScope=render_pass_upper_bound detectorNoiseEnabled=0 temporalNoiseSigmaGray=0.005 fpnSigmaGray=0.003 columnNoiseSigmaGray=0.002 rowNoiseSigmaGray=0.001 badPixelRatio=0.000 noisePosition=BeforeAGC stage6AgcStatsMs=0.000 stage6AgcApplyMs=0.000 agcEnabled=0 agcMode=Percentile agcGain=1.000 agcOffset=0.000 agcLowInput=0.000 agcHighInput=1.000 agcSampleCount=0 readbackMs=1.910 resizeMs=0.000 frameCopyMs=0.703 jpegMs=8.474 tcpSendMs=0.171 tcpQueueDepth=0 tcpQueueDepthMax=1 inputQueueDepth=16 inputQueueDepthMax=16 sourceSeqLag=17 latencyAvgMs=367.274 latencyMaxMs=372.590 syncOverrunCount=1735 inputQueueOverflowCount=0 udpFrames=1811 renderFrames=1793 outputFrames=1794
[Perf][WARN] outputFps=48.417 targetFps=60.000 bottleneckSummary=below_60hz irUpdateMs=1.125 stage5ModtranLookupMs=0.000 stage5RadianceComponentMs=0.566 stage5AeroThermalMs=0.008 stage4HotspotMs=0.668 stage7SkyGroundMs=0.700 shaderInputApplyMs=1.497 annotationMs=2.671 renderMs=17.677 stage6MtfBlurMs=0.000 stage6DetectorNoiseMs=0.000 stage6AgcStatsMs=0.000 readbackMs=1.910 jpegMs=8.474 tcpSendMs=0.171 inputQueueDepth=16 sourceSeqLag=17 note=recorderWriteMs_is_reported_by_VideoDisplay_RecorderPerf
[CameraControl] mode=lookat targetPlatID=3 targetID=34 relPitch=-16.6053 relYaw=8.97181 range=13008.8
[Stage6 FrameDiag] frameIndex=1.78246e+12 packet=1816 band=MWIR whiteHot=1 displayGain=1 displayOffset=0 noiseEnable=0 noiseSigmaGray=0 route=final_sensor targetVisibleCount=5 targetMappedCount=5 hiddenByTargetNum=0 hiddenByTargetViewValid=0 hiddenByWeaponViewValid=0 beyondFarClip=0 skyVisible=1 cameraHpr=-8.97181,-16.6053,0 sensorFovH=0.0999999 sensorFovV=0.0999999 near=1 far=50000
[AnnotationFastPath] enabled=1 frame=1800 bboxDue=0 occlusionDue=0 updateProjection=0 reused=1 bboxUpdateHz=10 occlusionUpdateHz=5 reuseLastWhenSkipped=1 drawOverlay=0 jsonPerFrame=1 quietPerfMode=1 bboxUpdateCount=300 bboxReuseCount=1500 occlusionUpdateCount=149 occlusionReuseCount=1651
[ScenePerfProbe] sourceSeq=1800 processRealSceneMs=0.302 targetMappingMs=0.127 cameraControlMs=0.076 stage4Stage5UpdateMs=2.120 shaderInputApplyMs=0.000 annotationComputeMs=0.011 annotationBBoxMs=0.000 annotationOcclusionMs=0.000 annotationJsonMs=0.000 pandaDoFrameMs=16.853 readbackMs=1.868 frameCopyMs=0.722 jpegMs=9.364 readbackMode=EveryFrame copyRamAttached=1 quietPerfMode=1 bboxFastMode=mesh_body annotationFastJsonMode=1 annotationOverlayInSensorImage=0 annotationJsonPerFrame=1 bboxUpdateCount=300 bboxReuseCount=1500 occlusionUpdateCount=149 occlusionReuseCount=1651 targetUpdateCullInvisible=1 targetUpdateTotal=10 targetUpdateVisible=5 targetUpdateSkippedBeyondFar=0 targetUpdateSkippedShaderApply=0
[Stage6 Capture] frameWidth=800 frameHeight=800 tcpWidth=800 tcpHeight=800 renderTextureWidth=800 renderTextureHeight=800 textureCropApplied=0 source=final_sensor channels=RGB8 readbackMode=EveryFrame readbackEveryN=1 copyRamAttached=1 copyRamMode=RTM_copy_ram tcpFrameReused=0 diagnostic_only=0 renderPath=direct_final sourceSeq=1800 readbackMs=1.9355 resizeMs=0 frameCopyMs=0.697375 tcpQueueDepth=1 annotationJsonPerFrame=1 annotationOverlayInSensorImage=0
[Stage5 Plume] targetType=0x22 targetPlatID=3 targetID=3 platform=AIM120D engineState=1 band=MWIR coreEnabled=1 haloEnabled=1 coreTempK=1800 haloTempK=1100 coreGray=1 haloGray=0.789749 coreOpacity=1 haloOpacity=0.405 coreVisible=1 haloVisible=1
[TcpFramePacket] frame=1800 imgBytes=10520 annotationBytes=1800 targets=5 width=800 height=800
[TcpPerf] sourceSeq=1800 outputOrdinal=1800 codec=jpeg requestedCodec=jpeg h264En=0 codecFallbackReason=none jpegQuality=95 jpegMode=gray jpegBytes=10520 encodeInputChannels=1 flipMs=2.143 resizeMs=0.000 jpegMs=8.001 tcpSendMs=0.142 queueDepth=0 queueWaitMs=0.001 overwritten=0
[SyncFrame] sourceSeq=1800 outputOrdinal=1800 inputQueueDepth=16 tcpQueueDepth=0 sourceSeqContinuous=1 videoFpsTarget=60.000 frameMs=13.700 latencyMs=367.821 readbackMs=1.935 flipMs=2.143 resizeMs=0.000 jpegMs=8.001 tcpSendMs=0.142 overrun=0 overwritten=0
[Stage6 MTF] sourceSeq=1800 enabled=0 effective=0 mode=GaussianSeparable effectiveMode=GaussianSinglePassSeparableWeights sigmaPixels=0.65 radiusPixels=2 passes=1 applyTo=final_display inputSize=800x800 outputSize=800x800 stage6MtfBlurMs=0 stage6MtfBlurScope=render_pass_upper_bound implementation=single_pass_gpu_separable_weights todo=true_two_pass_separable_if_needed
[Stage6 Noise] sourceSeq=1800 enabled=0 effective=0 applyTo=final_display position=BeforeAGC temporalEnabled=1 temporalSigma=0.005 fpnEnabled=0 fpnSigma=0.003 columnEnabled=0 columnSigma=0.002 rowEnabled=0 rowSigma=0.001 badPixelEnabled=0 badPixelRatio=0.0001 seed=12345 stage6DetectorNoiseMs=0 stage6DetectorNoiseScope=render_pass_upper_bound implementation=single_pass_gpu_hash_noise
[Stage6 AGC] sourceSeq=1800 enabled=0 effective=0 mode=Percentile statsSource=previous_readback updateHz=30 sampleCount=0 lowPercentile=2 highPercentile=98 lowInput=0 highInput=1 gain=1 offset=0 gainSmoothed=1 offsetSmoothed=0 valid=0 fallbackReason=disabled stage6AgcStatsMs=0
[RenderPerfProbe] pandaDoFrameMs=18.304 renderPath=direct_final graphicsOutputCount=1 activeDisplayRegionCount=1 rawPassEnabled=0 finalPassEnabled=1 annotationOverlayEnabled=0 readbackMode=EveryFrame readbackEveryN=1 copyRamAttached=1 copyRamMode=RTM_copy_ram quietPerfMode=1 bboxFastMode=mesh_body processRealSceneMs=0.226 targetMappingMs=0.134 cameraControlMs=0.015 stage4Stage5UpdateMs=2.028 shaderInputApplyMs=0.000 readbackMs=1.926 frameCopyMs=0.699 jpegMs=8.007 annotationMs=0.004 annotationBBoxMs=0.000 annotationOcclusionMs=0.000 annotationJsonMs=0.000 annotationTargets=5 bboxUpdateCount=314 bboxReuseCount=1570 occlusionUpdateCount=156 occlusionReuseCount=1728 targetUpdateCullInvisible=1 targetUpdateTotal=10 targetUpdateVisible=5 targetUpdateSkippedBeyondFar=0 targetUpdateSkippedShaderApply=0
[SyncFrame][WARN] inputQueueBackpressure sourceSeq=1904 backpressureCount=1560 queueDepth=16 queueCapacity=16 action=wait_for_space
[Perf] mode=sync videoFpsTarget=60.000 udpFps=47.999 renderFps=48.499 outputFps=47.999 sceneUpdateMs=2.829 annotationMs=2.608 irUpdateMs=1.107 irEnvBuildMs=0.005 stage7SkyGroundMs=0.690 platformRadianceMs=0.014 targetRadianceMs=0.069 stage4HotspotMs=0.837 stage5PlumeMs=0.236 stage5RadianceComponentMs=0.730 stage5AeroThermalMs=0.008 stage5ModtranLookupMs=0.000 shaderInputApplyMs=1.639 shaderInputApplyScope=exclusive stage7SkyGroundScope=inclusive stage4HotspotScope=inclusive shaderInputSetCount=560 shaderInputSkipCount=23120 shaderInputCacheHitRate=97.635 stage5ModtranCacheHitCount=0 stage5ModtranCacheMissCount=0 stage7FullUpdateCount=16 stage7PositionOnlyCount=32 stage7SkipCount=0 stage4UpdateCount=0 stage4SkipCount=240 plumeUpdateMs=0.252 renderMs=17.867 stage6MtfBlurMs=0.000 stage6MtfBlurScope=render_pass_upper_bound mtfBlurEnabled=0 mtfBlurSigmaPixels=0.650 mtfBlurRadiusPixels=2 stage6DetectorNoiseMs=0.000 stage6DetectorNoiseScope=render_pass_upper_bound detectorNoiseEnabled=0 temporalNoiseSigmaGray=0.005 fpnSigmaGray=0.003 columnNoiseSigmaGray=0.002 rowNoiseSigmaGray=0.001 badPixelRatio=0.000 noisePosition=BeforeAGC stage6AgcStatsMs=0.000 stage6AgcApplyMs=0.000 agcEnabled=0 agcMode=Percentile agcGain=1.000 agcOffset=0.000 agcLowInput=0.000 agcHighInput=1.000 agcSampleCount=0 readbackMs=1.906 resizeMs=0.000 frameCopyMs=0.712 jpegMs=8.473 tcpSendMs=0.165 tcpQueueDepth=0 tcpQueueDepthMax=1 inputQueueDepth=16 inputQueueDepthMax=16 sourceSeqLag=17 latencyAvgMs=367.662 latencyMaxMs=376.325 syncOverrunCount=1847 inputQueueOverflowCount=0 udpFrames=1907 renderFrames=1890 outputFrames=1890
[Perf][WARN] outputFps=47.999 targetFps=60.000 bottleneckSummary=below_60hz irUpdateMs=1.107 stage5ModtranLookupMs=0.000 stage5RadianceComponentMs=0.730 stage5AeroThermalMs=0.008 stage4HotspotMs=0.837 stage7SkyGroundMs=0.690 shaderInputApplyMs=1.639 annotationMs=2.608 renderMs=17.867 stage6MtfBlurMs=0.000 stage6DetectorNoiseMs=0.000 stage6AgcStatsMs=0.000 readbackMs=1.906 jpegMs=8.473 tcpSendMs=0.165 inputQueueDepth=16 sourceSeqLag=17 note=recorderWriteMs_is_reported_by_VideoDisplay_RecorderPerf
[TcpPerf] sourceSeq=1897 outputOrdinal=1897 codec=jpeg requestedCodec=jpeg h264En=0 codecFallbackReason=none jpegQuality=95 jpegMode=gray jpegBytes=10059 encodeInputChannels=1 flipMs=2.122 resizeMs=0.000 jpegMs=8.180 tcpSendMs=0.163 queueDepth=0 queueWaitMs=0.001 overwritten=0
接收UDP数据，长度：506字节，来自：192.168.1.188:9999 packet=1920
解析UDP数据，flag：0x38 packet=1920
[Stage0] Display packet #1920: platID=1, sensorID=1, targetNumValid=5, timeMs=1.78246e+12
处理实时成像数据...
实时数据更新完成，时间戳=1.78246e+12ms
实时数据更新完成，时间戳=1.78246e+12ms
[Stage5 PlumePerf] plumeNodeCount=16 visiblePlumeCount=2 textureLoadCountThisFrame=0 updateHz=30 updatePlumeMs=0.251429 updatePlumeMsMax=0.402501 perfBudgetMs=1
[TargetUpdateCull] enabled=1 total=10 visible=5 skippedBeyondFar=0 skippedShaderApply=0 shaderInputApplyMs=1.46067 stage4Stage5UpdateMs=2.79504
[CameraControl] mode=lookat targetPlatID=3 targetID=34 relPitch=-17.5266 relYaw=9.11954 range=12262.7
[Stage6 FrameDiag] frameIndex=1.78246e+12 packet=1936 band=MWIR whiteHot=1 displayGain=1 displayOffset=0 noiseEnable=0 noiseSigmaGray=0 route=final_sensor targetVisibleCount=5 targetMappedCount=5 hiddenByTargetNum=0 hiddenByTargetViewValid=0 hiddenByWeaponViewValid=0 beyondFarClip=0 skyVisible=1 cameraHpr=-9.11954,-17.5266,0 sensorFovH=0.0999999 sensorFovV=0.0999999 near=1 far=50000
[AnnotationFastPath] enabled=1 frame=1920 bboxDue=0 occlusionDue=0 updateProjection=0 reused=1 bboxUpdateHz=10 occlusionUpdateHz=5 reuseLastWhenSkipped=1 drawOverlay=0 jsonPerFrame=1 quietPerfMode=1 bboxUpdateCount=320 bboxReuseCount=1600 occlusionUpdateCount=159 occlusionReuseCount=1761
[ScenePerfProbe] sourceSeq=1920 processRealSceneMs=0.318 targetMappingMs=0.142 cameraControlMs=0.077 stage4Stage5UpdateMs=2.042 shaderInputApplyMs=0.000 annotationComputeMs=0.012 annotationBBoxMs=0.000 annotationOcclusionMs=0.000 annotationJsonMs=0.000 pandaDoFrameMs=16.607 readbackMs=1.866 frameCopyMs=0.694 jpegMs=7.732 readbackMode=EveryFrame copyRamAttached=1 quietPerfMode=1 bboxFastMode=mesh_body annotationFastJsonMode=1 annotationOverlayInSensorImage=0 annotationJsonPerFrame=1 bboxUpdateCount=320 bboxReuseCount=1600 occlusionUpdateCount=159 occlusionReuseCount=1761 targetUpdateCullInvisible=1 targetUpdateTotal=10 targetUpdateVisible=5 targetUpdateSkippedBeyondFar=0 targetUpdateSkippedShaderApply=0
[Stage6 Capture] frameWidth=800 frameHeight=800 tcpWidth=800 tcpHeight=800 renderTextureWidth=800 renderTextureHeight=800 textureCropApplied=0 source=final_sensor channels=RGB8 readbackMode=EveryFrame readbackEveryN=1 copyRamAttached=1 copyRamMode=RTM_copy_ram tcpFrameReused=0 diagnostic_only=0 renderPath=direct_final sourceSeq=1920 readbackMs=1.90458 resizeMs=0 frameCopyMs=0.680458 tcpQueueDepth=1 annotationJsonPerFrame=1 annotationOverlayInSensorImage=0
[Stage5 Plume] targetType=0x22 targetPlatID=3 targetID=3 platform=AIM120D engineState=1 band=MWIR coreEnabled=1 haloEnabled=1 coreTempK=1800 haloTempK=1100 coreGray=1 haloGray=0.789749 coreOpacity=1 haloOpacity=0.405 coreVisible=1 haloVisible=1
[TcpFramePacket] frame=1920 imgBytes=9753 annotationBytes=1800 targets=5 width=800 height=800
[TcpPerf] sourceSeq=1920 outputOrdinal=1920 codec=jpeg requestedCodec=jpeg h264En=0 codecFallbackReason=none jpegQuality=95 jpegMode=gray jpegBytes=9753 encodeInputChannels=1 flipMs=2.208 resizeMs=0.000 jpegMs=7.983 tcpSendMs=0.168 queueDepth=0 queueWaitMs=0.001 overwritten=0
[SyncFrame] sourceSeq=1920 outputOrdinal=1920 inputQueueDepth=16 tcpQueueDepth=0 sourceSeqContinuous=1 videoFpsTarget=60.000 frameMs=13.805 latencyMs=365.811 readbackMs=1.905 flipMs=2.208 resizeMs=0.000 jpegMs=7.983 tcpSendMs=0.168 overrun=0 overwritten=0
[Stage6 MTF] sourceSeq=1920 enabled=0 effective=0 mode=GaussianSeparable effectiveMode=GaussianSinglePassSeparableWeights sigmaPixels=0.65 radiusPixels=2 passes=1 applyTo=final_display inputSize=800x800 outputSize=800x800 stage6MtfBlurMs=0 stage6MtfBlurScope=render_pass_upper_bound implementation=single_pass_gpu_separable_weights todo=true_two_pass_separable_if_needed
[Stage6 Noise] sourceSeq=1920 enabled=0 effective=0 applyTo=final_display position=BeforeAGC temporalEnabled=1 temporalSigma=0.005 fpnEnabled=0 fpnSigma=0.003 columnEnabled=0 columnSigma=0.002 rowEnabled=0 rowSigma=0.001 badPixelEnabled=0 badPixelRatio=0.0001 seed=12345 stage6DetectorNoiseMs=0 stage6DetectorNoiseScope=render_pass_upper_bound implementation=single_pass_gpu_hash_noise
[Stage6 AGC] sourceSeq=1920 enabled=0 effective=0 mode=Percentile statsSource=previous_readback updateHz=30 sampleCount=0 lowPercentile=2 highPercentile=98 lowInput=0 highInput=1 gain=1 offset=0 gainSmoothed=1 offsetSmoothed=0 valid=0 fallbackReason=disabled stage6AgcStatsMs=0
[Perf] mode=sync videoFpsTarget=60.000 udpFps=47.931 renderFps=47.931 outputFps=47.931 sceneUpdateMs=2.813 annotationMs=2.589 irUpdateMs=1.166 irEnvBuildMs=0.006 stage7SkyGroundMs=0.877 platformRadianceMs=0.014 targetRadianceMs=0.120 stage4HotspotMs=0.655 stage5PlumeMs=0.321 stage5RadianceComponentMs=0.553 stage5AeroThermalMs=0.009 stage5ModtranLookupMs=0.000 shaderInputApplyMs=1.546 shaderInputApplyScope=exclusive stage7SkyGroundScope=inclusive stage4HotspotScope=inclusive shaderInputSetCount=560 shaderInputSkipCount=23120 shaderInputCacheHitRate=97.635 stage5ModtranCacheHitCount=0 stage5ModtranCacheMissCount=0 stage7FullUpdateCount=16 stage7PositionOnlyCount=32 stage7SkipCount=0 stage4UpdateCount=0 stage4SkipCount=240 plumeUpdateMs=0.271 renderMs=17.952 stage6MtfBlurMs=0.000 stage6MtfBlurScope=render_pass_upper_bound mtfBlurEnabled=0 mtfBlurSigmaPixels=0.650 mtfBlurRadiusPixels=2 stage6DetectorNoiseMs=0.000 stage6DetectorNoiseScope=render_pass_upper_bound detectorNoiseEnabled=0 temporalNoiseSigmaGray=0.005 fpnSigmaGray=0.003 columnNoiseSigmaGray=0.002 rowNoiseSigmaGray=0.001 badPixelRatio=0.000 noisePosition=BeforeAGC stage6AgcStatsMs=0.000 stage6AgcApplyMs=0.000 agcEnabled=0 agcMode=Percentile agcGain=1.000 agcOffset=0.000 agcLowInput=0.000 agcHighInput=1.000 agcSampleCount=0 readbackMs=1.902 resizeMs=0.000 frameCopyMs=0.703 jpegMs=7.798 tcpSendMs=0.147 tcpQueueDepth=0 tcpQueueDepthMax=1 inputQueueDepth=16 inputQueueDepthMax=16 sourceSeqLag=17 latencyAvgMs=369.645 latencyMaxMs=378.692 syncOverrunCount=1962 inputQueueOverflowCount=0 udpFrames=2003 renderFrames=1986 outputFrames=1986
[Perf][WARN] outputFps=47.931 targetFps=60.000 bottleneckSummary=below_60hz irUpdateMs=1.166 stage5ModtranLookupMs=0.000 stage5RadianceComponentMs=0.553 stage5AeroThermalMs=0.009 stage4HotspotMs=0.655 stage7SkyGroundMs=0.877 shaderInputApplyMs=1.546 annotationMs=2.589 renderMs=17.952 stage6MtfBlurMs=0.000 stage6DetectorNoiseMs=0.000 stage6AgcStatsMs=0.000 readbackMs=1.902 jpegMs=7.798 tcpSendMs=0.147 inputQueueDepth=16 sourceSeqLag=17 note=recorderWriteMs_is_reported_by_VideoDisplay_RecorderPerf
[RenderPerfProbe] pandaDoFrameMs=19.083 renderPath=direct_final graphicsOutputCount=1 activeDisplayRegionCount=1 rawPassEnabled=0 finalPassEnabled=1 annotationOverlayEnabled=0 readbackMode=EveryFrame readbackEveryN=1 copyRamAttached=1 copyRamMode=RTM_copy_ram quietPerfMode=1 bboxFastMode=mesh_body processRealSceneMs=0.219 targetMappingMs=0.136 cameraControlMs=0.013 stage4Stage5UpdateMs=2.714 shaderInputApplyMs=0.000 readbackMs=1.906 frameCopyMs=0.681 jpegMs=11.420 annotationMs=0.004 annotationBBoxMs=0.000 annotationOcclusionMs=0.000 annotationJsonMs=0.000 annotationTargets=5 bboxUpdateCount=334 bboxReuseCount=1670 occlusionUpdateCount=166 occlusionReuseCount=1838 targetUpdateCullInvisible=1 targetUpdateTotal=10 targetUpdateVisible=5 targetUpdateSkippedBeyondFar=0 targetUpdateSkippedShaderApply=0
[SyncFrame][WARN] inputQueueBackpressure sourceSeq=2024 backpressureCount=1680 queueDepth=16 queueCapacity=16 action=wait_for_space
[AnnotationCollisionCache] platform=AIM120D targetID=3 built=0 reused=1 triangles=1532 solids=1532
[TcpPerf] sourceSeq=2017 outputOrdinal=2017 codec=jpeg requestedCodec=jpeg h264En=0 codecFallbackReason=none jpegQuality=95 jpegMode=gray jpegBytes=11036 encodeInputChannels=1 flipMs=0.883 resizeMs=0.000 jpegMs=4.346 tcpSendMs=0.079 queueDepth=0 queueWaitMs=0.001 overwritten=0
接收UDP数据，长度：506字节，来自：192.168.1.188:9999 packet=2040
解析UDP数据，flag：0x38 packet=2040
[Stage0] Display packet #2040: platID=1, sensorID=1, targetNumValid=5, timeMs=1.78246e+12
处理实时成像数据...
实时数据更新完成，时间戳=1.78246e+12ms
实时数据更新完成，时间戳=1.78246e+12ms
[CameraControl] mode=lookat targetPlatID=3 targetID=34 relPitch=-18.4237 relYaw=9.49529 range=11506.9
[Stage6 FrameDiag] frameIndex=1.78246e+12 packet=2056 band=MWIR whiteHot=1 displayGain=1 displayOffset=0 noiseEnable=0 noiseSigmaGray=0 route=final_sensor targetVisibleCount=5 targetMappedCount=5 hiddenByTargetNum=0 hiddenByTargetViewValid=0 hiddenByWeaponViewValid=0 beyondFarClip=0 skyVisible=1 cameraHpr=-9.49529,-18.4237,0 sensorFovH=0.0999999 sensorFovV=0.0999999 near=1 far=50000
[AnnotationFastPath] enabled=1 frame=2040 bboxDue=0 occlusionDue=0 updateProjection=0 reused=1 bboxUpdateHz=10 occlusionUpdateHz=5 reuseLastWhenSkipped=1 drawOverlay=0 jsonPerFrame=1 quietPerfMode=1 bboxUpdateCount=340 bboxReuseCount=1700 occlusionUpdateCount=169 occlusionReuseCount=1871
[ScenePerfProbe] sourceSeq=2040 processRealSceneMs=0.305 targetMappingMs=0.129 cameraControlMs=0.073 stage4Stage5UpdateMs=2.046 shaderInputApplyMs=0.000 annotationComputeMs=0.012 annotationBBoxMs=0.000 annotationOcclusionMs=0.000 annotationJsonMs=0.000 pandaDoFrameMs=16.768 readbackMs=1.860 frameCopyMs=0.671 jpegMs=8.311 readbackMode=EveryFrame copyRamAttached=1 quietPerfMode=1 bboxFastMode=mesh_body annotationFastJsonMode=1 annotationOverlayInSensorImage=0 annotationJsonPerFrame=1 bboxUpdateCount=340 bboxReuseCount=1700 occlusionUpdateCount=169 occlusionReuseCount=1871 targetUpdateCullInvisible=1 targetUpdateTotal=10 targetUpdateVisible=5 targetUpdateSkippedBeyondFar=0 targetUpdateSkippedShaderApply=0
[Stage6 Capture] frameWidth=800 frameHeight=800 tcpWidth=800 tcpHeight=800 renderTextureWidth=800 renderTextureHeight=800 textureCropApplied=0 source=final_sensor channels=RGB8 readbackMode=EveryFrame readbackEveryN=1 copyRamAttached=1 copyRamMode=RTM_copy_ram tcpFrameReused=0 diagnostic_only=0 renderPath=direct_final sourceSeq=2040 readbackMs=1.91712 resizeMs=0 frameCopyMs=0.717209 tcpQueueDepth=1 annotationJsonPerFrame=1 annotationOverlayInSensorImage=0
[Stage5 Plume] targetType=0x22 targetPlatID=3 targetID=3 platform=AIM120D engineState=1 band=MWIR coreEnabled=1 haloEnabled=1 coreTempK=1800 haloTempK=1100 coreGray=1 haloGray=0.789749 coreOpacity=1 haloOpacity=0.405 coreVisible=1 haloVisible=1
[TcpFramePacket] frame=2040 imgBytes=10975 annotationBytes=1800 targets=5 width=800 height=800
[TcpPerf] sourceSeq=2040 outputOrdinal=2040 codec=jpeg requestedCodec=jpeg h264En=0 codecFallbackReason=none jpegQuality=95 jpegMode=gray jpegBytes=10975 encodeInputChannels=1 flipMs=2.284 resizeMs=0.000 jpegMs=9.243 tcpSendMs=0.160 queueDepth=0 queueWaitMs=0.001 overwritten=0
[SyncFrame] sourceSeq=2040 outputOrdinal=2040 inputQueueDepth=16 tcpQueueDepth=0 sourceSeqContinuous=1 videoFpsTarget=60.000 frameMs=15.131 latencyMs=372.428 readbackMs=1.917 flipMs=2.284 resizeMs=0.000 jpegMs=9.243 tcpSendMs=0.160 overrun=0 overwritten=0
[Stage6 MTF] sourceSeq=2040 enabled=0 effective=0 mode=GaussianSeparable effectiveMode=GaussianSinglePassSeparableWeights sigmaPixels=0.65 radiusPixels=2 passes=1 applyTo=final_display inputSize=800x800 outputSize=800x800 stage6MtfBlurMs=0 stage6MtfBlurScope=render_pass_upper_bound implementation=single_pass_gpu_separable_weights todo=true_two_pass_separable_if_needed
[Stage6 Noise] sourceSeq=2040 enabled=0 effective=0 applyTo=final_display position=BeforeAGC temporalEnabled=1 temporalSigma=0.005 fpnEnabled=0 fpnSigma=0.003 columnEnabled=0 columnSigma=0.002 rowEnabled=0 rowSigma=0.001 badPixelEnabled=0 badPixelRatio=0.0001 seed=12345 stage6DetectorNoiseMs=0 stage6DetectorNoiseScope=render_pass_upper_bound implementation=single_pass_gpu_hash_noise
[Stage6 AGC] sourceSeq=2040 enabled=0 effective=0 mode=Percentile statsSource=previous_readback updateHz=30 sampleCount=0 lowPercentile=2 highPercentile=98 lowInput=0 highInput=1 gain=1 offset=0 gainSmoothed=1 offsetSmoothed=0 valid=0 fallbackReason=disabled stage6AgcStatsMs=0
[Perf] mode=sync videoFpsTarget=60.000 udpFps=47.944 renderFps=47.944 outputFps=47.944 sceneUpdateMs=2.863 annotationMs=2.639 irUpdateMs=1.198 irEnvBuildMs=0.008 stage7SkyGroundMs=1.060 platformRadianceMs=0.014 targetRadianceMs=0.069 stage4HotspotMs=0.704 stage5PlumeMs=0.219 stage5RadianceComponentMs=0.600 stage5AeroThermalMs=0.008 stage5ModtranLookupMs=0.000 shaderInputApplyMs=1.707 shaderInputApplyScope=exclusive stage7SkyGroundScope=inclusive stage4HotspotScope=inclusive shaderInputSetCount=560 shaderInputSkipCount=23120 shaderInputCacheHitRate=97.635 stage5ModtranCacheHitCount=0 stage5ModtranCacheMissCount=0 stage7FullUpdateCount=16 stage7PositionOnlyCount=32 stage7SkipCount=0 stage4UpdateCount=0 stage4SkipCount=240 plumeUpdateMs=0.286 renderMs=17.891 stage6MtfBlurMs=0.000 stage6MtfBlurScope=render_pass_upper_bound mtfBlurEnabled=0 mtfBlurSigmaPixels=0.650 mtfBlurRadiusPixels=2 stage6DetectorNoiseMs=0.000 stage6DetectorNoiseScope=render_pass_upper_bound detectorNoiseEnabled=0 temporalNoiseSigmaGray=0.005 fpnSigmaGray=0.003 columnNoiseSigmaGray=0.002 rowNoiseSigmaGray=0.001 badPixelRatio=0.000 noisePosition=BeforeAGC stage6AgcStatsMs=0.000 stage6AgcApplyMs=0.000 agcEnabled=0 agcMode=Percentile agcGain=1.000 agcOffset=0.000 agcLowInput=0.000 agcHighInput=1.000 agcSampleCount=0 readbackMs=1.926 resizeMs=0.000 frameCopyMs=0.715 jpegMs=7.238 tcpSendMs=0.126 tcpQueueDepth=0 tcpQueueDepthMax=1 inputQueueDepth=16 inputQueueDepthMax=16 sourceSeqLag=17 latencyAvgMs=368.465 latencyMaxMs=375.377 syncOverrunCount=2075 inputQueueOverflowCount=0 udpFrames=2099 renderFrames=2082 outputFrames=2082
[Perf][WARN] outputFps=47.944 targetFps=60.000 bottleneckSummary=below_60hz irUpdateMs=1.198 stage5ModtranLookupMs=0.000 stage5RadianceComponentMs=0.600 stage5AeroThermalMs=0.008 stage4HotspotMs=0.704 stage7SkyGroundMs=1.060 shaderInputApplyMs=1.707 annotationMs=2.639 renderMs=17.891 stage6MtfBlurMs=0.000 stage6DetectorNoiseMs=0.000 stage6AgcStatsMs=0.000 readbackMs=1.926 jpegMs=7.238 tcpSendMs=0.126 inputQueueDepth=16 sourceSeqLag=17 note=recorderWriteMs_is_reported_by_VideoDisplay_RecorderPerf
[RenderPerfProbe] pandaDoFrameMs=21.049 renderPath=direct_final graphicsOutputCount=1 activeDisplayRegionCount=1 rawPassEnabled=0 finalPassEnabled=1 annotationOverlayEnabled=0 readbackMode=EveryFrame readbackEveryN=1 copyRamAttached=1 copyRamMode=RTM_copy_ram quietPerfMode=1 bboxFastMode=mesh_body processRealSceneMs=0.230 targetMappingMs=0.137 cameraControlMs=0.016 stage4Stage5UpdateMs=2.217 shaderInputApplyMs=0.000 readbackMs=1.939 frameCopyMs=0.694 jpegMs=8.596 annotationMs=0.003 annotationBBoxMs=0.000 annotationOcclusionMs=0.000 annotationJsonMs=0.000 annotationTargets=5 bboxUpdateCount=354 bboxReuseCount=1770 occlusionUpdateCount=176 occlusionReuseCount=1948 targetUpdateCullInvisible=1 targetUpdateTotal=10 targetUpdateVisible=5 targetUpdateSkippedBeyondFar=0 targetUpdateSkippedShaderApply=0
[SyncFrame][WARN] inputQueueBackpressure sourceSeq=2144 backpressureCount=1800 queueDepth=16 queueCapacity=16 action=wait_for_space
[TcpPerf] sourceSeq=2136 outputOrdinal=2136 codec=jpeg requestedCodec=jpeg h264En=0 codecFallbackReason=none jpegQuality=95 jpegMode=gray jpegBytes=11574 encodeInputChannels=1 flipMs=2.164 resizeMs=0.000 jpegMs=9.324 tcpSendMs=0.162 queueDepth=0 queueWaitMs=0.001 overwritten=0
接收UDP数据，长度：506字节，来自：192.168.1.188:9999 packet=2160
解析UDP数据，flag：0x38 packet=2160
[Stage0] Display packet #2160: platID=1, sensorID=1, targetNumValid=5, timeMs=1.78246e+12
处理实时成像数据...
实时数据更新完成，时间戳=1.78246e+12ms
实时数据更新完成，时间戳=1.78246e+12ms
[Stage5 PlumePerf] plumeNodeCount=16 visiblePlumeCount=2 textureLoadCountThisFrame=0 updateHz=30 updatePlumeMs=0.276228 updatePlumeMsMax=0.5845 perfBudgetMs=1
[TargetUpdateCull] enabled=1 total=10 visible=5 skippedBeyondFar=0 skippedShaderApply=0 shaderInputApplyMs=1.65055 stage4Stage5UpdateMs=2.72767
[CameraControl] mode=lookat targetPlatID=3 targetID=34 relPitch=-19.3969 relYaw=10.0113 range=10741.4
[Stage6 FrameDiag] frameIndex=1.78246e+12 packet=2176 band=MWIR whiteHot=1 displayGain=1 displayOffset=0 noiseEnable=0 noiseSigmaGray=0 route=final_sensor targetVisibleCount=5 targetMappedCount=5 hiddenByTargetNum=0 hiddenByTargetViewValid=0 hiddenByWeaponViewValid=0 beyondFarClip=0 skyVisible=1 cameraHpr=-10.0113,-19.3969,0 sensorFovH=0.0999999 sensorFovV=0.0999999 near=1 far=50000
[AnnotationFastPath] enabled=1 frame=2160 bboxDue=0 occlusionDue=0 updateProjection=0 reused=1 bboxUpdateHz=10 occlusionUpdateHz=5 reuseLastWhenSkipped=1 drawOverlay=0 jsonPerFrame=1 quietPerfMode=1 bboxUpdateCount=360 bboxReuseCount=1800 occlusionUpdateCount=179 occlusionReuseCount=1981
[ScenePerfProbe] sourceSeq=2160 processRealSceneMs=0.316 targetMappingMs=0.136 cameraControlMs=0.075 stage4Stage5UpdateMs=2.213 shaderInputApplyMs=0.000 annotationComputeMs=0.011 annotationBBoxMs=0.000 annotationOcclusionMs=0.000 annotationJsonMs=0.000 pandaDoFrameMs=17.014 readbackMs=1.882 frameCopyMs=0.676 jpegMs=9.210 readbackMode=EveryFrame copyRamAttached=1 quietPerfMode=1 bboxFastMode=mesh_body annotationFastJsonMode=1 annotationOverlayInSensorImage=0 annotationJsonPerFrame=1 bboxUpdateCount=360 bboxReuseCount=1800 occlusionUpdateCount=179 occlusionReuseCount=1981 targetUpdateCullInvisible=1 targetUpdateTotal=10 targetUpdateVisible=5 targetUpdateSkippedBeyondFar=0 targetUpdateSkippedShaderApply=0
[Stage6 Capture] frameWidth=800 frameHeight=800 tcpWidth=800 tcpHeight=800 renderTextureWidth=800 renderTextureHeight=800 textureCropApplied=0 source=final_sensor channels=RGB8 readbackMode=EveryFrame readbackEveryN=1 copyRamAttached=1 copyRamMode=RTM_copy_ram tcpFrameReused=0 diagnostic_only=0 renderPath=direct_final sourceSeq=2160 readbackMs=1.918 resizeMs=0 frameCopyMs=0.714875 tcpQueueDepth=1 annotationJsonPerFrame=1 annotationOverlayInSensorImage=0
[Stage5 Plume] targetType=0x22 targetPlatID=3 targetID=3 platform=AIM120D engineState=1 band=MWIR coreEnabled=1 haloEnabled=1 coreTempK=1800 haloTempK=1100 coreGray=1 haloGray=0.789749 coreOpacity=1 haloOpacity=0.405 coreVisible=1 haloVisible=1
[TcpFramePacket] frame=2160 imgBytes=11209 annotationBytes=1800 targets=5 width=800 height=800
[TcpPerf] sourceSeq=2160 outputOrdinal=2160 codec=jpeg requestedCodec=jpeg h264En=0 codecFallbackReason=none jpegQuality=95 jpegMode=gray jpegBytes=11209 encodeInputChannels=1 flipMs=2.198 resizeMs=0.000 jpegMs=9.374 tcpSendMs=0.142 queueDepth=0 queueWaitMs=0.001 overwritten=0
[SyncFrame] sourceSeq=2160 outputOrdinal=2160 inputQueueDepth=16 tcpQueueDepth=0 sourceSeqContinuous=1 videoFpsTarget=60.000 frameMs=15.203 latencyMs=376.557 readbackMs=1.918 flipMs=2.198 resizeMs=0.000 jpegMs=9.374 tcpSendMs=0.142 overrun=0 overwritten=0
[Stage6 MTF] sourceSeq=2160 enabled=0 effective=0 mode=GaussianSeparable effectiveMode=GaussianSinglePassSeparableWeights sigmaPixels=0.65 radiusPixels=2 passes=1 applyTo=final_display inputSize=800x800 outputSize=800x800 stage6MtfBlurMs=0 stage6MtfBlurScope=render_pass_upper_bound implementation=single_pass_gpu_separable_weights todo=true_two_pass_separable_if_needed
[Stage6 Noise] sourceSeq=2160 enabled=0 effective=0 applyTo=final_display position=BeforeAGC temporalEnabled=1 temporalSigma=0.005 fpnEnabled=0 fpnSigma=0.003 columnEnabled=0 columnSigma=0.002 rowEnabled=0 rowSigma=0.001 badPixelEnabled=0 badPixelRatio=0.0001 seed=12345 stage6DetectorNoiseMs=0 stage6DetectorNoiseScope=render_pass_upper_bound implementation=single_pass_gpu_hash_noise
[Stage6 AGC] sourceSeq=2160 enabled=0 effective=0 mode=Percentile statsSource=previous_readback updateHz=30 sampleCount=0 lowPercentile=2 highPercentile=98 lowInput=0 highInput=1 gain=1 offset=0 gainSmoothed=1 offsetSmoothed=0 valid=0 fallbackReason=disabled stage6AgcStatsMs=0
[Perf] mode=sync videoFpsTarget=60.000 udpFps=47.845 renderFps=47.346 outputFps=47.845 sceneUpdateMs=2.816 annotationMs=2.592 irUpdateMs=1.215 irEnvBuildMs=0.005 stage7SkyGroundMs=0.832 platformRadianceMs=0.014 targetRadianceMs=0.068 stage4HotspotMs=0.751 stage5PlumeMs=0.233 stage5RadianceComponentMs=0.652 stage5AeroThermalMs=0.010 stage5ModtranLookupMs=0.000 shaderInputApplyMs=1.778 shaderInputApplyScope=exclusive stage7SkyGroundScope=inclusive stage4HotspotScope=inclusive shaderInputSetCount=700 shaderInputSkipCount=22980 shaderInputCacheHitRate=97.044 stage5ModtranCacheHitCount=0 stage5ModtranCacheMissCount=0 stage7FullUpdateCount=16 stage7PositionOnlyCount=32 stage7SkipCount=0 stage4UpdateCount=0 stage4SkipCount=240 plumeUpdateMs=0.265 renderMs=18.041 stage6MtfBlurMs=0.000 stage6MtfBlurScope=render_pass_upper_bound mtfBlurEnabled=0 mtfBlurSigmaPixels=0.650 mtfBlurRadiusPixels=2 stage6DetectorNoiseMs=0.000 stage6DetectorNoiseScope=render_pass_upper_bound detectorNoiseEnabled=0 temporalNoiseSigmaGray=0.005 fpnSigmaGray=0.003 columnNoiseSigmaGray=0.002 rowNoiseSigmaGray=0.001 badPixelRatio=0.000 noisePosition=BeforeAGC stage6AgcStatsMs=0.000 stage6AgcApplyMs=0.000 agcEnabled=0 agcMode=Percentile agcGain=1.000 agcOffset=0.000 agcLowInput=0.000 agcHighInput=1.000 agcSampleCount=0 readbackMs=1.922 resizeMs=0.000 frameCopyMs=0.710 jpegMs=8.471 tcpSendMs=0.168 tcpQueueDepth=0 tcpQueueDepthMax=1 inputQueueDepth=16 inputQueueDepthMax=16 sourceSeqLag=17 latencyAvgMs=371.558 latencyMaxMs=377.969 syncOverrunCount=2187 inputQueueOverflowCount=0 udpFrames=2195 renderFrames=2177 outputFrames=2178
[Perf][WARN] outputFps=47.845 targetFps=60.000 bottleneckSummary=below_60hz irUpdateMs=1.215 stage5ModtranLookupMs=0.000 stage5RadianceComponentMs=0.652 stage5AeroThermalMs=0.010 stage4HotspotMs=0.751 stage7SkyGroundMs=0.832 shaderInputApplyMs=1.778 annotationMs=2.592 renderMs=18.041 stage6MtfBlurMs=0.000 stage6DetectorNoiseMs=0.000 stage6AgcStatsMs=0.000 readbackMs=1.922 jpegMs=8.471 tcpSendMs=0.168 inputQueueDepth=16 sourceSeqLag=17 note=recorderWriteMs_is_reported_by_VideoDisplay_RecorderPerf
[Stage7 Weather] reason=runtime envSky=0 weatherName=Clear visibilityM=6000 humidity=85 windV=8 windDir=30 cloudCoverage=0 fogDensity=0 precipitationType=none sunDirectScale=1 skyDiffuseScale=1 targetContrastScale=1 source=UDP+weather_profiles+RuntimeConfig
[Stage7 CloudLayer] enabled=0 texture=Config/Weather/Textures/cloud_few.png textureFound=1 coverage=0 opacity=0 temperatureK=255 band=MWIR cloudGray=0.385455
[Stage7 Fog] enabled=0 visibilityM=6000 fogDensity=0 fogGray=0.45 targetContrastScale=1
[Stage7 Precipitation] enabled=0 type=none density=0 speed=0 windV=8 windDir=30 maxHeight=0 transHeight=0
[Stage7 PrecipitationOverlay] mode=ScreenOverlay active=0 type=none density=0 sensorFovDeg=0.0999999 pattern=screen_sparse_low_contrast giantVerticalBars=0 sameOutput=1
[Stage7 Perf] weatherNodeCount=0 cloudNodeCount=0 precipitationNodeCount=0 textureLoadCountThisFrame=0 updateWeatherNodesMs=0.001167 totalWeatherMs=0.006417 precipitationMode=ScreenOverlay
[Stage7 3DSkyGround] reason=runtime enable=1 band=MWIR envTerrain=0 envSky=0 skyGrayRaw=0.65 groundGrayRaw=0.35 skyGrayFinal=0.65 groundGrayFinal=0.35 skyGray=0.65 groundGray=0.35 skyDome=1 lowerShell=1 groundPlane=0 source=env+band_default
[Stage7 Debug] mode=Off skyVisible=1 groundVisible=1 forcedSkyGray=NA forcedGroundGray=NA
[Stage7 Real3DBackground] skyDome=1 lowerShell=1 flatGroundPlane=0 cameraPos=-701.495,6455.06,505.042 backgroundMode=real_3d
[Stage7 GroundReference] mode=reference_zero groundZOffset=0 finalGroundReferenceZ=0
[Stage7 SkyDomeDiag] cameraPos=-701.495,6455.06,505.042 skyDomePos=-701.495,6455.06,505.042 farClipM=50000 skyRadius=42500 radius=42500 radiusSource=farClip_scaled radiusLessThanFarClip=1 twoSided=1 depthWrite=0 depthTest=0
[Stage7 GroundDiag] groundPos=-701.495,6455.06,505.042 farClipM=50000 groundSize=42500 lowerShellRadius=42500 groundZOffset=0 envTerrain=0 groundGray=0.35
[RenderPerfProbe] pandaDoFrameMs=18.638 renderPath=direct_final graphicsOutputCount=1 activeDisplayRegionCount=1 rawPassEnabled=0 finalPassEnabled=1 annotationOverlayEnabled=0 readbackMode=EveryFrame readbackEveryN=1 copyRamAttached=1 copyRamMode=RTM_copy_ram quietPerfMode=1 bboxFastMode=mesh_body processRealSceneMs=0.239 targetMappingMs=0.145 cameraControlMs=0.013 stage4Stage5UpdateMs=2.276 shaderInputApplyMs=0.000 readbackMs=1.913 frameCopyMs=0.718 jpegMs=9.021 annotationMs=0.004 annotationBBoxMs=0.000 annotationOcclusionMs=0.000 annotationJsonMs=0.000 annotationTargets=5 bboxUpdateCount=374 bboxReuseCount=1870 occlusionUpdateCount=186 occlusionReuseCount=2058 targetUpdateCullInvisible=1 targetUpdateTotal=10 targetUpdateVisible=5 targetUpdateSkippedBeyondFar=0 targetUpdateSkippedShaderApply=0
[SyncFrame][WARN] inputQueueBackpressure sourceSeq=2264 backpressureCount=1920 queueDepth=16 queueCapacity=16 action=wait_for_space
[TcpPerf] sourceSeq=2257 outputOrdinal=2257 codec=jpeg requestedCodec=jpeg h264En=0 codecFallbackReason=none jpegQuality=95 jpegMode=gray jpegBytes=11506 encodeInputChannels=1 flipMs=2.257 resizeMs=0.000 jpegMs=8.098 tcpSendMs=0.156 queueDepth=0 queueWaitMs=0.001 overwritten=0
接收UDP数据，长度：506字节，来自：192.168.1.188:9999 packet=2280
解析UDP数据，flag：0x38 packet=2280
[Stage0] Display packet #2280: platID=1, sensorID=1, targetNumValid=5, timeMs=1.78246e+12
处理实时成像数据...
实时数据更新完成，时间戳=1.78246e+12ms
实时数据更新完成，时间戳=1.78246e+12ms
[Perf] mode=sync videoFpsTarget=60.000 udpFps=47.939 renderFps=48.438 outputFps=47.939 sceneUpdateMs=2.771 annotationMs=2.547 irUpdateMs=1.223 irEnvBuildMs=0.004 stage7SkyGroundMs=0.706 platformRadianceMs=0.014 targetRadianceMs=0.069 stage4HotspotMs=0.883 stage5PlumeMs=0.279 stage5RadianceComponentMs=0.779 stage5AeroThermalMs=0.010 stage5ModtranLookupMs=0.000 shaderInputApplyMs=1.724 shaderInputApplyScope=exclusive stage7SkyGroundScope=inclusive stage4HotspotScope=inclusive shaderInputSetCount=722 shaderInputSkipCount=22958 shaderInputCacheHitRate=96.951 stage5ModtranCacheHitCount=0 stage5ModtranCacheMissCount=0 stage7FullUpdateCount=16 stage7PositionOnlyCount=32 stage7SkipCount=0 stage4UpdateCount=0 stage4SkipCount=240 plumeUpdateMs=0.255 renderMs=17.948 stage6MtfBlurMs=0.000 stage6MtfBlurScope=render_pass_upper_bound mtfBlurEnabled=0 mtfBlurSigmaPixels=0.650 mtfBlurRadiusPixels=2 stage6DetectorNoiseMs=0.000 stage6DetectorNoiseScope=render_pass_upper_bound detectorNoiseEnabled=0 temporalNoiseSigmaGray=0.005 fpnSigmaGray=0.003 columnNoiseSigmaGray=0.002 rowNoiseSigmaGray=0.001 badPixelRatio=0.000 noisePosition=BeforeAGC stage6AgcStatsMs=0.000 stage6AgcApplyMs=0.000 agcEnabled=0 agcMode=Percentile agcGain=1.000 agcOffset=0.000 agcLowInput=0.000 agcHighInput=1.000 agcSampleCount=0 readbackMs=1.916 resizeMs=0.000 frameCopyMs=0.697 jpegMs=8.402 tcpSendMs=0.168 tcpQueueDepth=0 tcpQueueDepthMax=1 inputQueueDepth=16 inputQueueDepthMax=16 sourceSeqLag=17 latencyAvgMs=369.020 latencyMaxMs=374.385 syncOverrunCount=2299 inputQueueOverflowCount=0 udpFrames=2291 renderFrames=2274 outputFrames=2274
[Perf][WARN] outputFps=47.939 targetFps=60.000 bottleneckSummary=below_60hz irUpdateMs=1.223 stage5ModtranLookupMs=0.000 stage5RadianceComponentMs=0.779 stage5AeroThermalMs=0.010 stage4HotspotMs=0.883 stage7SkyGroundMs=0.706 shaderInputApplyMs=1.724 annotationMs=2.547 renderMs=17.948 stage6MtfBlurMs=0.000 stage6DetectorNoiseMs=0.000 stage6AgcStatsMs=0.000 readbackMs=1.916 jpegMs=8.402 tcpSendMs=0.168 inputQueueDepth=16 sourceSeqLag=17 note=recorderWriteMs_is_reported_by_VideoDisplay_RecorderPerf
[CameraControl] mode=lookat targetPlatID=3 targetID=34 relPitch=-20.5096 relYaw=10.5974 range=9972.14
[Stage6 FrameDiag] frameIndex=1.78246e+12 packet=2296 band=MWIR whiteHot=1 displayGain=1 displayOffset=0 noiseEnable=0 noiseSigmaGray=0 route=final_sensor targetVisibleCount=5 targetMappedCount=5 hiddenByTargetNum=0 hiddenByTargetViewValid=0 hiddenByWeaponViewValid=0 beyondFarClip=0 skyVisible=1 cameraHpr=-10.5974,-20.5096,0 sensorFovH=0.0999999 sensorFovV=0.0999999 near=1 far=50000
[AnnotationFastPath] enabled=1 frame=2280 bboxDue=0 occlusionDue=0 updateProjection=0 reused=1 bboxUpdateHz=10 occlusionUpdateHz=5 reuseLastWhenSkipped=1 drawOverlay=0 jsonPerFrame=1 quietPerfMode=1 bboxUpdateCount=380 bboxReuseCount=1900 occlusionUpdateCount=189 occlusionReuseCount=2091
[ScenePerfProbe] sourceSeq=2280 processRealSceneMs=0.333 targetMappingMs=0.132 cameraControlMs=0.101 stage4Stage5UpdateMs=2.287 shaderInputApplyMs=0.000 annotationComputeMs=0.011 annotationBBoxMs=0.000 annotationOcclusionMs=0.000 annotationJsonMs=0.000 pandaDoFrameMs=17.222 readbackMs=1.883 frameCopyMs=0.680 jpegMs=8.073 readbackMode=EveryFrame copyRamAttached=1 quietPerfMode=1 bboxFastMode=mesh_body annotationFastJsonMode=1 annotationOverlayInSensorImage=0 annotationJsonPerFrame=1 bboxUpdateCount=380 bboxReuseCount=1900 occlusionUpdateCount=189 occlusionReuseCount=2091 targetUpdateCullInvisible=1 targetUpdateTotal=10 targetUpdateVisible=5 targetUpdateSkippedBeyondFar=0 targetUpdateSkippedShaderApply=0
[Stage6 Capture] frameWidth=800 frameHeight=800 tcpWidth=800 tcpHeight=800 renderTextureWidth=800 renderTextureHeight=800 textureCropApplied=0 source=final_sensor channels=RGB8 readbackMode=EveryFrame readbackEveryN=1 copyRamAttached=1 copyRamMode=RTM_copy_ram tcpFrameReused=0 diagnostic_only=0 renderPath=direct_final sourceSeq=2280 readbackMs=1.87221 resizeMs=0 frameCopyMs=0.736167 tcpQueueDepth=1 annotationJsonPerFrame=1 annotationOverlayInSensorImage=0
[Stage5 Plume] targetType=0x22 targetPlatID=3 targetID=3 platform=AIM120D engineState=1 band=MWIR coreEnabled=1 haloEnabled=1 coreTempK=1800 haloTempK=1100 coreGray=1 haloGray=0.789749 coreOpacity=1 haloOpacity=0.405 coreVisible=1 haloVisible=1
[TcpFramePacket] frame=2280 imgBytes=11910 annotationBytes=1800 targets=5 width=800 height=800
[TcpPerf] sourceSeq=2280 outputOrdinal=2280 codec=jpeg requestedCodec=jpeg h264En=0 codecFallbackReason=none jpegQuality=95 jpegMode=gray jpegBytes=11910 encodeInputChannels=1 flipMs=2.250 resizeMs=0.000 jpegMs=8.226 tcpSendMs=0.152 queueDepth=0 queueWaitMs=0.001 overwritten=0
[SyncFrame] sourceSeq=2280 outputOrdinal=2280 inputQueueDepth=16 tcpQueueDepth=0 sourceSeqContinuous=1 videoFpsTarget=60.000 frameMs=14.132 latencyMs=368.419 readbackMs=1.872 flipMs=2.250 resizeMs=0.000 jpegMs=8.226 tcpSendMs=0.152 overrun=0 overwritten=0
[Stage6 MTF] sourceSeq=2280 enabled=0 effective=0 mode=GaussianSeparable effectiveMode=GaussianSinglePassSeparableWeights sigmaPixels=0.65 radiusPixels=2 passes=1 applyTo=final_display inputSize=800x800 outputSize=800x800 stage6MtfBlurMs=0 stage6MtfBlurScope=render_pass_upper_bound implementation=single_pass_gpu_separable_weights todo=true_two_pass_separable_if_needed
[Stage6 Noise] sourceSeq=2280 enabled=0 effective=0 applyTo=final_display position=BeforeAGC temporalEnabled=1 temporalSigma=0.005 fpnEnabled=0 fpnSigma=0.003 columnEnabled=0 columnSigma=0.002 rowEnabled=0 rowSigma=0.001 badPixelEnabled=0 badPixelRatio=0.0001 seed=12345 stage6DetectorNoiseMs=0 stage6DetectorNoiseScope=render_pass_upper_bound implementation=single_pass_gpu_hash_noise
[Stage6 AGC] sourceSeq=2280 enabled=0 effective=0 mode=Percentile statsSource=previous_readback updateHz=30 sampleCount=0 lowPercentile=2 highPercentile=98 lowInput=0 highInput=1 gain=1 offset=0 gainSmoothed=1 offsetSmoothed=0 valid=0 fallbackReason=disabled stage6AgcStatsMs=0
[AnnotationCollisionCache] platform=AIM120D targetID=3 built=0 reused=1 triangles=1532 solids=1532
[RenderPerfProbe] pandaDoFrameMs=19.141 renderPath=direct_final graphicsOutputCount=1 activeDisplayRegionCount=1 rawPassEnabled=0 finalPassEnabled=1 annotationOverlayEnabled=0 readbackMode=EveryFrame readbackEveryN=1 copyRamAttached=1 copyRamMode=RTM_copy_ram quietPerfMode=1 bboxFastMode=mesh_body processRealSceneMs=0.228 targetMappingMs=0.137 cameraControlMs=0.016 stage4Stage5UpdateMs=2.401 shaderInputApplyMs=0.000 readbackMs=1.910 frameCopyMs=0.685 jpegMs=8.388 annotationMs=0.004 annotationBBoxMs=0.000 annotationOcclusionMs=0.000 annotationJsonMs=0.000 annotationTargets=5 bboxUpdateCount=394 bboxReuseCount=1970 occlusionUpdateCount=196 occlusionReuseCount=2168 targetUpdateCullInvisible=1 targetUpdateTotal=10 targetUpdateVisible=5 targetUpdateSkippedBeyondFar=0 targetUpdateSkippedShaderApply=0
[SyncFrame][WARN] inputQueueBackpressure sourceSeq=2384 backpressureCount=2040 queueDepth=16 queueCapacity=16 action=wait_for_space
[Perf] mode=sync videoFpsTarget=60.000 udpFps=47.500 renderFps=47.000 outputFps=47.500 sceneUpdateMs=2.879 annotationMs=2.654 irUpdateMs=1.253 irEnvBuildMs=0.005 stage7SkyGroundMs=0.827 platformRadianceMs=0.014 targetRadianceMs=0.065 stage4HotspotMs=0.929 stage5PlumeMs=0.238 stage5RadianceComponentMs=0.826 stage5AeroThermalMs=0.009 stage5ModtranLookupMs=0.000 shaderInputApplyMs=1.751 shaderInputApplyScope=exclusive stage7SkyGroundScope=inclusive stage4HotspotScope=inclusive shaderInputSetCount=738 shaderInputSkipCount=22504 shaderInputCacheHitRate=96.825 stage5ModtranCacheHitCount=0 stage5ModtranCacheMissCount=0 stage7FullUpdateCount=16 stage7PositionOnlyCount=31 stage7SkipCount=0 stage4UpdateCount=0 stage4SkipCount=235 plumeUpdateMs=0.267 renderMs=18.124 stage6MtfBlurMs=0.000 stage6MtfBlurScope=render_pass_upper_bound mtfBlurEnabled=0 mtfBlurSigmaPixels=0.650 mtfBlurRadiusPixels=2 stage6DetectorNoiseMs=0.000 stage6DetectorNoiseScope=render_pass_upper_bound detectorNoiseEnabled=0 temporalNoiseSigmaGray=0.005 fpnSigmaGray=0.003 columnNoiseSigmaGray=0.002 rowNoiseSigmaGray=0.001 badPixelRatio=0.000 noisePosition=BeforeAGC stage6AgcStatsMs=0.000 stage6AgcApplyMs=0.000 agcEnabled=0 agcMode=Percentile agcGain=1.000 agcOffset=0.000 agcLowInput=0.000 agcHighInput=1.000 agcSampleCount=0 readbackMs=1.929 resizeMs=0.000 frameCopyMs=0.705 jpegMs=8.391 tcpSendMs=0.164 tcpQueueDepth=0 tcpQueueDepthMax=1 inputQueueDepth=16 inputQueueDepthMax=16 sourceSeqLag=17 latencyAvgMs=372.977 latencyMaxMs=381.255 syncOverrunCount=2410 inputQueueOverflowCount=0 udpFrames=2386 renderFrames=2368 outputFrames=2369
[Perf][WARN] outputFps=47.500 targetFps=60.000 bottleneckSummary=below_60hz irUpdateMs=1.253 stage5ModtranLookupMs=0.000 stage5RadianceComponentMs=0.826 stage5AeroThermalMs=0.009 stage4HotspotMs=0.929 stage7SkyGroundMs=0.827 shaderInputApplyMs=1.751 annotationMs=2.654 renderMs=18.124 stage6MtfBlurMs=0.000 stage6DetectorNoiseMs=0.000 stage6AgcStatsMs=0.000 readbackMs=1.929 jpegMs=8.391 tcpSendMs=0.164 inputQueueDepth=16 sourceSeqLag=17 note=recorderWriteMs_is_reported_by_VideoDisplay_RecorderPerf
[TcpPerf] sourceSeq=2375 outputOrdinal=2375 codec=jpeg requestedCodec=jpeg h264En=0 codecFallbackReason=none jpegQuality=95 jpegMode=gray jpegBytes=12410 encodeInputChannels=1 flipMs=2.262 resizeMs=0.000 jpegMs=8.006 tcpSendMs=0.156 queueDepth=0 queueWaitMs=0.001 overwritten=0
接收UDP数据，长度：506字节，来自：192.168.1.188:9999 packet=2400
解析UDP数据，flag：0x38 packet=2400
[Stage0] Display packet #2400: platID=1, sensorID=1, targetNumValid=5, timeMs=1.78246e+12
处理实时成像数据...
实时数据更新完成，时间戳=1.78246e+12ms
实时数据更新完成，时间戳=1.78246e+12ms
[Stage5 PlumePerf] plumeNodeCount=16 visiblePlumeCount=2 textureLoadCountThisFrame=0 updateHz=30 updatePlumeMs=0.259287 updatePlumeMsMax=0.456166 perfBudgetMs=1
[TargetUpdateCull] enabled=1 total=10 visible=5 skippedBeyondFar=0 skippedShaderApply=0 shaderInputApplyMs=1.73922 stage4Stage5UpdateMs=2.91433
[CameraControl] mode=lookat targetPlatID=3 targetID=34 relPitch=-21.2089 relYaw=11.1673 range=9256.16
[Stage6 FrameDiag] frameIndex=1.78246e+12 packet=2416 band=MWIR whiteHot=1 displayGain=1 displayOffset=0 noiseEnable=0 noiseSigmaGray=0 route=final_sensor targetVisibleCount=5 targetMappedCount=5 hiddenByTargetNum=0 hiddenByTargetViewValid=0 hiddenByWeaponViewValid=0 beyondFarClip=0 skyVisible=1 cameraHpr=-11.1673,-21.2089,0 sensorFovH=0.0999999 sensorFovV=0.0999999 near=1 far=50000
[AnnotationFastPath] enabled=1 frame=2400 bboxDue=0 occlusionDue=0 updateProjection=0 reused=1 bboxUpdateHz=10 occlusionUpdateHz=5 reuseLastWhenSkipped=1 drawOverlay=0 jsonPerFrame=1 quietPerfMode=1 bboxUpdateCount=400 bboxReuseCount=2000 occlusionUpdateCount=199 occlusionReuseCount=2201
[ScenePerfProbe] sourceSeq=2400 processRealSceneMs=0.337 targetMappingMs=0.135 cameraControlMs=0.075 stage4Stage5UpdateMs=2.204 shaderInputApplyMs=0.000 annotationComputeMs=0.012 annotationBBoxMs=0.000 annotationOcclusionMs=0.000 annotationJsonMs=0.000 pandaDoFrameMs=17.317 readbackMs=1.877 frameCopyMs=0.678 jpegMs=7.659 readbackMode=EveryFrame copyRamAttached=1 quietPerfMode=1 bboxFastMode=mesh_body annotationFastJsonMode=1 annotationOverlayInSensorImage=0 annotationJsonPerFrame=1 bboxUpdateCount=400 bboxReuseCount=2000 occlusionUpdateCount=199 occlusionReuseCount=2201 targetUpdateCullInvisible=1 targetUpdateTotal=10 targetUpdateVisible=5 targetUpdateSkippedBeyondFar=0 targetUpdateSkippedShaderApply=0
[Stage6 Capture] frameWidth=800 frameHeight=800 tcpWidth=800 tcpHeight=800 renderTextureWidth=800 renderTextureHeight=800 textureCropApplied=0 source=final_sensor channels=RGB8 readbackMode=EveryFrame readbackEveryN=1 copyRamAttached=1 copyRamMode=RTM_copy_ram tcpFrameReused=0 diagnostic_only=0 renderPath=direct_final sourceSeq=2400 readbackMs=1.94454 resizeMs=0 frameCopyMs=0.704667 tcpQueueDepth=1 annotationJsonPerFrame=1 annotationOverlayInSensorImage=0
[Stage5 Plume] targetType=0x22 targetPlatID=3 targetID=3 platform=AIM120D engineState=1 band=MWIR coreEnabled=1 haloEnabled=1 coreTempK=1800 haloTempK=1100 coreGray=1 haloGray=0.789749 coreOpacity=1 haloOpacity=0.405 coreVisible=1 haloVisible=1
[TcpFramePacket] frame=2400 imgBytes=12483 annotationBytes=1800 targets=5 width=800 height=800
[TcpPerf] sourceSeq=2400 outputOrdinal=2400 codec=jpeg requestedCodec=jpeg h264En=0 codecFallbackReason=none jpegQuality=95 jpegMode=gray jpegBytes=12483 encodeInputChannels=1 flipMs=2.277 resizeMs=0.000 jpegMs=8.444 tcpSendMs=0.153 queueDepth=0 queueWaitMs=0.001 overwritten=0
[SyncFrame] sourceSeq=2400 outputOrdinal=2400 inputQueueDepth=16 tcpQueueDepth=0 sourceSeqContinuous=1 videoFpsTarget=60.000 frameMs=14.356 latencyMs=376.242 readbackMs=1.945 flipMs=2.277 resizeMs=0.000 jpegMs=8.444 tcpSendMs=0.153 overrun=0 overwritten=0
[Stage6 MTF] sourceSeq=2400 enabled=0 effective=0 mode=GaussianSeparable effectiveMode=GaussianSinglePassSeparableWeights sigmaPixels=0.65 radiusPixels=2 passes=1 applyTo=final_display inputSize=800x800 outputSize=800x800 stage6MtfBlurMs=0 stage6MtfBlurScope=render_pass_upper_bound implementation=single_pass_gpu_separable_weights todo=true_two_pass_separable_if_needed
[Stage6 Noise] sourceSeq=2400 enabled=0 effective=0 applyTo=final_display position=BeforeAGC temporalEnabled=1 temporalSigma=0.005 fpnEnabled=0 fpnSigma=0.003 columnEnabled=0 columnSigma=0.002 rowEnabled=0 rowSigma=0.001 badPixelEnabled=0 badPixelRatio=0.0001 seed=12345 stage6DetectorNoiseMs=0 stage6DetectorNoiseScope=render_pass_upper_bound implementation=single_pass_gpu_hash_noise
[Stage6 AGC] sourceSeq=2400 enabled=0 effective=0 mode=Percentile statsSource=previous_readback updateHz=30 sampleCount=0 lowPercentile=2 highPercentile=98 lowInput=0 highInput=1 gain=1 offset=0 gainSmoothed=1 offsetSmoothed=0 valid=0 fallbackReason=disabled stage6AgcStatsMs=0
[Perf] mode=sync videoFpsTarget=60.000 udpFps=46.951 renderFps=46.951 outputFps=46.951 sceneUpdateMs=2.866 annotationMs=2.635 irUpdateMs=1.235 irEnvBuildMs=0.005 stage7SkyGroundMs=0.760 platformRadianceMs=0.013 targetRadianceMs=0.064 stage4HotspotMs=0.913 stage5PlumeMs=0.235 stage5RadianceComponentMs=0.812 stage5AeroThermalMs=0.009 stage5ModtranLookupMs=0.000 shaderInputApplyMs=1.728 shaderInputApplyScope=exclusive stage7SkyGroundScope=inclusive stage4HotspotScope=inclusive shaderInputSetCount=752 shaderInputSkipCount=22490 shaderInputCacheHitRate=96.764 stage5ModtranCacheHitCount=0 stage5ModtranCacheMissCount=0 stage7FullUpdateCount=16 stage7PositionOnlyCount=31 stage7SkipCount=0 stage4UpdateCount=0 stage4SkipCount=235 plumeUpdateMs=0.254 renderMs=18.339 stage6MtfBlurMs=0.000 stage6MtfBlurScope=render_pass_upper_bound mtfBlurEnabled=0 mtfBlurSigmaPixels=0.650 mtfBlurRadiusPixels=2 stage6DetectorNoiseMs=0.000 stage6DetectorNoiseScope=render_pass_upper_bound detectorNoiseEnabled=0 temporalNoiseSigmaGray=0.005 fpnSigmaGray=0.003 columnNoiseSigmaGray=0.002 rowNoiseSigmaGray=0.001 badPixelRatio=0.000 noisePosition=BeforeAGC stage6AgcStatsMs=0.000 stage6AgcApplyMs=0.000 agcEnabled=0 agcMode=Percentile agcGain=1.000 agcOffset=0.000 agcLowInput=0.000 agcHighInput=1.000 agcSampleCount=0 readbackMs=1.899 resizeMs=0.000 frameCopyMs=0.699 jpegMs=8.343 tcpSendMs=0.167 tcpQueueDepth=0 tcpQueueDepthMax=1 inputQueueDepth=16 inputQueueDepthMax=16 sourceSeqLag=17 latencyAvgMs=376.765 latencyMaxMs=393.922 syncOverrunCount=2521 inputQueueOverflowCount=0 udpFrames=2480 renderFrames=2462 outputFrames=2463
[Perf][WARN] outputFps=46.951 targetFps=60.000 bottleneckSummary=below_60hz irUpdateMs=1.235 stage5ModtranLookupMs=0.000 stage5RadianceComponentMs=0.812 stage5AeroThermalMs=0.009 stage4HotspotMs=0.913 stage7SkyGroundMs=0.760 shaderInputApplyMs=1.728 annotationMs=2.635 renderMs=18.339 stage6MtfBlurMs=0.000 stage6DetectorNoiseMs=0.000 stage6AgcStatsMs=0.000 readbackMs=1.899 jpegMs=8.343 tcpSendMs=0.167 inputQueueDepth=16 sourceSeqLag=17 note=recorderWriteMs_is_reported_by_VideoDisplay_RecorderPerf
[RenderPerfProbe] pandaDoFrameMs=19.004 renderPath=direct_final graphicsOutputCount=1 activeDisplayRegionCount=1 rawPassEnabled=0 finalPassEnabled=1 annotationOverlayEnabled=0 readbackMode=EveryFrame readbackEveryN=1 copyRamAttached=1 copyRamMode=RTM_copy_ram quietPerfMode=1 bboxFastMode=mesh_body processRealSceneMs=0.224 targetMappingMs=0.135 cameraControlMs=0.014 stage4Stage5UpdateMs=2.345 shaderInputApplyMs=0.000 readbackMs=1.914 frameCopyMs=0.693 jpegMs=8.945 annotationMs=0.004 annotationBBoxMs=0.000 annotationOcclusionMs=0.000 annotationJsonMs=0.000 annotationTargets=5 bboxUpdateCount=414 bboxReuseCount=2070 occlusionUpdateCount=206 occlusionReuseCount=2278 targetUpdateCullInvisible=1 targetUpdateTotal=10 targetUpdateVisible=5 targetUpdateSkippedBeyondFar=0 targetUpdateSkippedShaderApply=0
[SyncFrame][WARN] inputQueueBackpressure sourceSeq=2504 backpressureCount=2160 queueDepth=16 queueCapacity=16 action=wait_for_space
[TcpPerf] sourceSeq=2495 outputOrdinal=2495 codec=jpeg requestedCodec=jpeg h264En=0 codecFallbackReason=none jpegQuality=95 jpegMode=gray jpegBytes=11746 encodeInputChannels=1 flipMs=2.261 resizeMs=0.000 jpegMs=9.047 tcpSendMs=0.187 queueDepth=0 queueWaitMs=0.001 overwritten=0
接收UDP数据，长度：506字节，来自：192.168.1.188:9999 packet=2520
解析UDP数据，flag：0x38 packet=2520
[Stage0] Display packet #2520: platID=1, sensorID=1, targetNumValid=5, timeMs=1.78246e+12
处理实时成像数据...
实时数据更新完成，时间戳=1.78246e+12ms
实时数据更新完成，时间戳=1.78246e+12ms
[CameraControl] mode=lookat targetPlatID=3 targetID=34 relPitch=-21.4786 relYaw=11.8706 range=8480.97
[Stage6 FrameDiag] frameIndex=1.78246e+12 packet=2536 band=MWIR whiteHot=1 displayGain=1 displayOffset=0 noiseEnable=0 noiseSigmaGray=0 route=final_sensor targetVisibleCount=5 targetMappedCount=5 hiddenByTargetNum=0 hiddenByTargetViewValid=0 hiddenByWeaponViewValid=0 beyondFarClip=0 skyVisible=1 cameraHpr=-11.8706,-21.4786,0 sensorFovH=0.0999999 sensorFovV=0.0999999 near=1 far=50000
[AnnotationFastPath] enabled=1 frame=2520 bboxDue=0 occlusionDue=0 updateProjection=0 reused=1 bboxUpdateHz=10 occlusionUpdateHz=5 reuseLastWhenSkipped=1 drawOverlay=0 jsonPerFrame=1 quietPerfMode=1 bboxUpdateCount=420 bboxReuseCount=2100 occlusionUpdateCount=209 occlusionReuseCount=2311
[ScenePerfProbe] sourceSeq=2520 processRealSceneMs=0.318 targetMappingMs=0.139 cameraControlMs=0.079 stage4Stage5UpdateMs=2.635 shaderInputApplyMs=0.000 annotationComputeMs=0.012 annotationBBoxMs=0.000 annotationOcclusionMs=0.000 annotationJsonMs=0.000 pandaDoFrameMs=17.688 readbackMs=1.891 frameCopyMs=0.705 jpegMs=4.218 readbackMode=EveryFrame copyRamAttached=1 quietPerfMode=1 bboxFastMode=mesh_body annotationFastJsonMode=1 annotationOverlayInSensorImage=0 annotationJsonPerFrame=1 bboxUpdateCount=420 bboxReuseCount=2100 occlusionUpdateCount=209 occlusionReuseCount=2311 targetUpdateCullInvisible=1 targetUpdateTotal=10 targetUpdateVisible=5 targetUpdateSkippedBeyondFar=0 targetUpdateSkippedShaderApply=0
[Stage6 Capture] frameWidth=800 frameHeight=800 tcpWidth=800 tcpHeight=800 renderTextureWidth=800 renderTextureHeight=800 textureCropApplied=0 source=final_sensor channels=RGB8 readbackMode=EveryFrame readbackEveryN=1 copyRamAttached=1 copyRamMode=RTM_copy_ram tcpFrameReused=0 diagnostic_only=0 renderPath=direct_final sourceSeq=2520 readbackMs=1.91596 resizeMs=0 frameCopyMs=0.693292 tcpQueueDepth=1 annotationJsonPerFrame=1 annotationOverlayInSensorImage=0
[Stage5 Plume] targetType=0x22 targetPlatID=3 targetID=3 platform=AIM120D engineState=1 band=MWIR coreEnabled=1 haloEnabled=1 coreTempK=1800 haloTempK=1100 coreGray=1 haloGray=0.789749 coreOpacity=1 haloOpacity=0.405 coreVisible=1 haloVisible=1
[TcpFramePacket] frame=2520 imgBytes=12430 annotationBytes=1800 targets=5 width=800 height=800
[TcpPerf] sourceSeq=2520 outputOrdinal=2520 codec=jpeg requestedCodec=jpeg h264En=0 codecFallbackReason=none jpegQuality=95 jpegMode=gray jpegBytes=12430 encodeInputChannels=1 flipMs=1.090 resizeMs=0.000 jpegMs=3.933 tcpSendMs=0.096 queueDepth=0 queueWaitMs=0.001 overwritten=0
[SyncFrame] sourceSeq=2520 outputOrdinal=2520 inputQueueDepth=16 tcpQueueDepth=0 sourceSeqContinuous=1 videoFpsTarget=60.000 frameMs=8.375 latencyMs=374.213 readbackMs=1.916 flipMs=1.090 resizeMs=0.000 jpegMs=3.933 tcpSendMs=0.096 overrun=0 overwritten=0
[Stage6 MTF] sourceSeq=2520 enabled=0 effective=0 mode=GaussianSeparable effectiveMode=GaussianSinglePassSeparableWeights sigmaPixels=0.65 radiusPixels=2 passes=1 applyTo=final_display inputSize=800x800 outputSize=800x800 stage6MtfBlurMs=0 stage6MtfBlurScope=render_pass_upper_bound implementation=single_pass_gpu_separable_weights todo=true_two_pass_separable_if_needed
[Stage6 Noise] sourceSeq=2520 enabled=0 effective=0 applyTo=final_display position=BeforeAGC temporalEnabled=1 temporalSigma=0.005 fpnEnabled=0 fpnSigma=0.003 columnEnabled=0 columnSigma=0.002 rowEnabled=0 rowSigma=0.001 badPixelEnabled=0 badPixelRatio=0.0001 seed=12345 stage6DetectorNoiseMs=0 stage6DetectorNoiseScope=render_pass_upper_bound implementation=single_pass_gpu_hash_noise
[Stage6 AGC] sourceSeq=2520 enabled=0 effective=0 mode=Percentile statsSource=previous_readback updateHz=30 sampleCount=0 lowPercentile=2 highPercentile=98 lowInput=0 highInput=1 gain=1 offset=0 gainSmoothed=1 offsetSmoothed=0 valid=0 fallbackReason=disabled stage6AgcStatsMs=0
[Perf] mode=sync videoFpsTarget=60.000 udpFps=46.814 renderFps=46.814 outputFps=46.814 sceneUpdateMs=2.852 annotationMs=2.622 irUpdateMs=1.307 irEnvBuildMs=0.005 stage7SkyGroundMs=0.704 platformRadianceMs=0.014 targetRadianceMs=0.101 stage4HotspotMs=0.898 stage5PlumeMs=0.245 stage5RadianceComponentMs=0.796 stage5AeroThermalMs=0.011 stage5ModtranLookupMs=0.000 shaderInputApplyMs=1.698 shaderInputApplyScope=exclusive stage7SkyGroundScope=inclusive stage4HotspotScope=inclusive shaderInputSetCount=757 shaderInputSkipCount=22319 shaderInputCacheHitRate=96.720 stage5ModtranCacheHitCount=0 stage5ModtranCacheMissCount=0 stage7FullUpdateCount=15 stage7PositionOnlyCount=32 stage7SkipCount=0 stage4UpdateCount=0 stage4SkipCount=235 plumeUpdateMs=0.274 renderMs=18.413 stage6MtfBlurMs=0.000 stage6MtfBlurScope=render_pass_upper_bound mtfBlurEnabled=0 mtfBlurSigmaPixels=0.650 mtfBlurRadiusPixels=2 stage6DetectorNoiseMs=0.000 stage6DetectorNoiseScope=render_pass_upper_bound detectorNoiseEnabled=0 temporalNoiseSigmaGray=0.005 fpnSigmaGray=0.003 columnNoiseSigmaGray=0.002 rowNoiseSigmaGray=0.001 badPixelRatio=0.000 noisePosition=BeforeAGC stage6AgcStatsMs=0.000 stage6AgcApplyMs=0.000 agcEnabled=0 agcMode=Percentile agcGain=1.000 agcOffset=0.000 agcLowInput=0.000 agcHighInput=1.000 agcSampleCount=0 readbackMs=1.946 resizeMs=0.000 frameCopyMs=0.710 jpegMs=6.965 tcpSendMs=0.139 tcpQueueDepth=0 tcpQueueDepthMax=1 inputQueueDepth=16 inputQueueDepthMax=16 sourceSeqLag=17 latencyAvgMs=374.959 latencyMaxMs=386.243 syncOverrunCount=2631 inputQueueOverflowCount=0 udpFrames=2574 renderFrames=2556 outputFrames=2557
[Perf][WARN] outputFps=46.814 targetFps=60.000 bottleneckSummary=below_60hz irUpdateMs=1.307 stage5ModtranLookupMs=0.000 stage5RadianceComponentMs=0.796 stage5AeroThermalMs=0.011 stage4HotspotMs=0.898 stage7SkyGroundMs=0.704 shaderInputApplyMs=1.698 annotationMs=2.622 renderMs=18.413 stage6MtfBlurMs=0.000 stage6DetectorNoiseMs=0.000 stage6AgcStatsMs=0.000 readbackMs=1.946 jpegMs=6.965 tcpSendMs=0.139 inputQueueDepth=16 sourceSeqLag=17 note=recorderWriteMs_is_reported_by_VideoDisplay_RecorderPerf
[AnnotationCollisionCache] platform=AIM120D targetID=3 built=0 reused=1 triangles=1532 solids=1532
[RenderPerfProbe] pandaDoFrameMs=22.617 renderPath=direct_final graphicsOutputCount=1 activeDisplayRegionCount=1 rawPassEnabled=0 finalPassEnabled=1 annotationOverlayEnabled=0 readbackMode=EveryFrame readbackEveryN=1 copyRamAttached=1 copyRamMode=RTM_copy_ram quietPerfMode=1 bboxFastMode=mesh_body processRealSceneMs=0.215 targetMappingMs=0.127 cameraControlMs=0.015 stage4Stage5UpdateMs=2.284 shaderInputApplyMs=0.000 readbackMs=1.947 frameCopyMs=0.701 jpegMs=8.274 annotationMs=0.004 annotationBBoxMs=0.000 annotationOcclusionMs=0.000 annotationJsonMs=0.000 annotationTargets=5 bboxUpdateCount=434 bboxReuseCount=2170 occlusionUpdateCount=216 occlusionReuseCount=2388 targetUpdateCullInvisible=1 targetUpdateTotal=10 targetUpdateVisible=5 targetUpdateSkippedBeyondFar=0 targetUpdateSkippedShaderApply=0
[SyncFrame][WARN] inputQueueBackpressure sourceSeq=2624 backpressureCount=2280 queueDepth=16 queueCapacity=16 action=wait_for_space
[TcpPerf] sourceSeq=2614 outputOrdinal=2614 codec=jpeg requestedCodec=jpeg h264En=0 codecFallbackReason=none jpegQuality=95 jpegMode=gray jpegBytes=13694 encodeInputChannels=1 flipMs=2.479 resizeMs=0.000 jpegMs=9.268 tcpSendMs=0.160 queueDepth=0 queueWaitMs=0.001 overwritten=0
接收UDP数据，长度：506字节，来自：192.168.1.188:9999 packet=2640
解析UDP数据，flag：0x38 packet=2640
[Stage0] Display packet #2640: platID=1, sensorID=1, targetNumValid=5, timeMs=1.78246e+12
处理实时成像数据...
实时数据更新完成，时间戳=1.78246e+12ms
实时数据更新完成，时间戳=1.78246e+12ms
[Stage5 PlumePerf] plumeNodeCount=16 visiblePlumeCount=2 textureLoadCountThisFrame=0 updateHz=30 updatePlumeMs=0.262748 updatePlumeMsMax=0.513916 perfBudgetMs=1
[TargetUpdateCull] enabled=1 total=10 visible=5 skippedBeyondFar=0 skippedShaderApply=0 shaderInputApplyMs=1.97196 stage4Stage5UpdateMs=3.05638
[CameraControl] mode=lookat targetPlatID=3 targetID=34 relPitch=-23.2531 relYaw=12.9036 range=7688.84
[Stage6 FrameDiag] frameIndex=1.78246e+12 packet=2656 band=MWIR whiteHot=1 displayGain=1 displayOffset=0 noiseEnable=0 noiseSigmaGray=0 route=final_sensor targetVisibleCount=5 targetMappedCount=5 hiddenByTargetNum=0 hiddenByTargetViewValid=0 hiddenByWeaponViewValid=0 beyondFarClip=0 skyVisible=1 cameraHpr=-12.9036,-23.2531,0 sensorFovH=0.0999999 sensorFovV=0.0999999 near=1 far=50000
[AnnotationFastPath] enabled=1 frame=2640 bboxDue=0 occlusionDue=0 updateProjection=0 reused=1 bboxUpdateHz=10 occlusionUpdateHz=5 reuseLastWhenSkipped=1 drawOverlay=0 jsonPerFrame=1 quietPerfMode=1 bboxUpdateCount=440 bboxReuseCount=2200 occlusionUpdateCount=219 occlusionReuseCount=2421
[ScenePerfProbe] sourceSeq=2640 processRealSceneMs=0.307 targetMappingMs=0.134 cameraControlMs=0.073 stage4Stage5UpdateMs=2.281 shaderInputApplyMs=0.000 annotationComputeMs=0.011 annotationBBoxMs=0.000 annotationOcclusionMs=0.000 annotationJsonMs=0.000 pandaDoFrameMs=16.831 readbackMs=1.878 frameCopyMs=0.693 jpegMs=7.876 readbackMode=EveryFrame copyRamAttached=1 quietPerfMode=1 bboxFastMode=mesh_body annotationFastJsonMode=1 annotationOverlayInSensorImage=0 annotationJsonPerFrame=1 bboxUpdateCount=440 bboxReuseCount=2200 occlusionUpdateCount=219 occlusionReuseCount=2421 targetUpdateCullInvisible=1 targetUpdateTotal=10 targetUpdateVisible=5 targetUpdateSkippedBeyondFar=0 targetUpdateSkippedShaderApply=0
[Stage6 Capture] frameWidth=800 frameHeight=800 tcpWidth=800 tcpHeight=800 renderTextureWidth=800 renderTextureHeight=800 textureCropApplied=0 source=final_sensor channels=RGB8 readbackMode=EveryFrame readbackEveryN=1 copyRamAttached=1 copyRamMode=RTM_copy_ram tcpFrameReused=0 diagnostic_only=0 renderPath=direct_final sourceSeq=2640 readbackMs=1.904 resizeMs=0 frameCopyMs=0.687458 tcpQueueDepth=1 annotationJsonPerFrame=1 annotationOverlayInSensorImage=0
[Stage5 Plume] targetType=0x22 targetPlatID=3 targetID=3 platform=AIM120D engineState=1 band=MWIR coreEnabled=1 haloEnabled=1 coreTempK=1800 haloTempK=1100 coreGray=1 haloGray=0.789749 coreOpacity=1 haloOpacity=0.405 coreVisible=1 haloVisible=1
[TcpFramePacket] frame=2640 imgBytes=13822 annotationBytes=1800 targets=5 width=800 height=800
[TcpPerf] sourceSeq=2640 outputOrdinal=2640 codec=jpeg requestedCodec=jpeg h264En=0 codecFallbackReason=none jpegQuality=95 jpegMode=gray jpegBytes=13822 encodeInputChannels=1 flipMs=2.163 resizeMs=0.000 jpegMs=8.354 tcpSendMs=0.161 queueDepth=0 queueWaitMs=0.001 overwritten=0
[SyncFrame] sourceSeq=2640 outputOrdinal=2640 inputQueueDepth=16 tcpQueueDepth=0 sourceSeqContinuous=1 videoFpsTarget=60.000 frameMs=14.091 latencyMs=374.992 readbackMs=1.904 flipMs=2.163 resizeMs=0.000 jpegMs=8.354 tcpSendMs=0.161 overrun=0 overwritten=0
[Stage6 MTF] sourceSeq=2640 enabled=0 effective=0 mode=GaussianSeparable effectiveMode=GaussianSinglePassSeparableWeights sigmaPixels=0.65 radiusPixels=2 passes=1 applyTo=final_display inputSize=800x800 outputSize=800x800 stage6MtfBlurMs=0 stage6MtfBlurScope=render_pass_upper_bound implementation=single_pass_gpu_separable_weights todo=true_two_pass_separable_if_needed
[Stage6 Noise] sourceSeq=2640 enabled=0 effective=0 applyTo=final_display position=BeforeAGC temporalEnabled=1 temporalSigma=0.005 fpnEnabled=0 fpnSigma=0.003 columnEnabled=0 columnSigma=0.002 rowEnabled=0 rowSigma=0.001 badPixelEnabled=0 badPixelRatio=0.0001 seed=12345 stage6DetectorNoiseMs=0 stage6DetectorNoiseScope=render_pass_upper_bound implementation=single_pass_gpu_hash_noise
[Stage6 AGC] sourceSeq=2640 enabled=0 effective=0 mode=Percentile statsSource=previous_readback updateHz=30 sampleCount=0 lowPercentile=2 highPercentile=98 lowInput=0 highInput=1 gain=1 offset=0 gainSmoothed=1 offsetSmoothed=0 valid=0 fallbackReason=disabled stage6AgcStatsMs=0
[Perf] mode=sync videoFpsTarget=60.000 udpFps=47.441 renderFps=47.441 outputFps=47.441 sceneUpdateMs=2.687 annotationMs=2.461 irUpdateMs=1.294 irEnvBuildMs=0.004 stage7SkyGroundMs=0.740 platformRadianceMs=0.014 targetRadianceMs=0.067 stage4HotspotMs=1.004 stage5PlumeMs=0.239 stage5RadianceComponentMs=0.905 stage5AeroThermalMs=0.010 stage5ModtranLookupMs=0.000 shaderInputApplyMs=1.848 shaderInputApplyScope=exclusive stage7SkyGroundScope=inclusive stage4HotspotScope=inclusive shaderInputSetCount=809 shaderInputSkipCount=22871 shaderInputCacheHitRate=96.584 stage5ModtranCacheHitCount=0 stage5ModtranCacheMissCount=0 stage7FullUpdateCount=16 stage7PositionOnlyCount=32 stage7SkipCount=0 stage4UpdateCount=0 stage4SkipCount=240 plumeUpdateMs=0.259 renderMs=18.298 stage6MtfBlurMs=0.000 stage6MtfBlurScope=render_pass_upper_bound mtfBlurEnabled=0 mtfBlurSigmaPixels=0.650 mtfBlurRadiusPixels=2 stage6DetectorNoiseMs=0.000 stage6DetectorNoiseScope=render_pass_upper_bound detectorNoiseEnabled=0 temporalNoiseSigmaGray=0.005 fpnSigmaGray=0.003 columnNoiseSigmaGray=0.002 rowNoiseSigmaGray=0.001 badPixelRatio=0.000 noisePosition=BeforeAGC stage6AgcStatsMs=0.000 stage6AgcApplyMs=0.000 agcEnabled=0 agcMode=Percentile agcGain=1.000 agcOffset=0.000 agcLowInput=0.000 agcHighInput=1.000 agcSampleCount=0 readbackMs=1.918 resizeMs=0.000 frameCopyMs=0.699 jpegMs=8.316 tcpSendMs=0.162 tcpQueueDepth=0 tcpQueueDepthMax=1 inputQueueDepth=16 inputQueueDepthMax=16 sourceSeqLag=17 latencyAvgMs=377.113 latencyMaxMs=383.521 syncOverrunCount=2741 inputQueueOverflowCount=0 udpFrames=2669 renderFrames=2651 outputFrames=2652
[Perf][WARN] outputFps=47.441 targetFps=60.000 bottleneckSummary=below_60hz irUpdateMs=1.294 stage5ModtranLookupMs=0.000 stage5RadianceComponentMs=0.905 stage5AeroThermalMs=0.010 stage4HotspotMs=1.004 stage7SkyGroundMs=0.740 shaderInputApplyMs=1.848 annotationMs=2.461 renderMs=18.298 stage6MtfBlurMs=0.000 stage6DetectorNoiseMs=0.000 stage6AgcStatsMs=0.000 readbackMs=1.918 jpegMs=8.316 tcpSendMs=0.162 inputQueueDepth=16 sourceSeqLag=17 note=recorderWriteMs_is_reported_by_VideoDisplay_RecorderPerf
[RenderPerfProbe] pandaDoFrameMs=19.130 renderPath=direct_final graphicsOutputCount=1 activeDisplayRegionCount=1 rawPassEnabled=0 finalPassEnabled=1 annotationOverlayEnabled=0 readbackMode=EveryFrame readbackEveryN=1 copyRamAttached=1 copyRamMode=RTM_copy_ram quietPerfMode=1 bboxFastMode=mesh_body processRealSceneMs=0.223 targetMappingMs=0.134 cameraControlMs=0.015 stage4Stage5UpdateMs=2.609 shaderInputApplyMs=0.000 readbackMs=1.889 frameCopyMs=0.682 jpegMs=8.319 annotationMs=0.003 annotationBBoxMs=0.000 annotationOcclusionMs=0.000 annotationJsonMs=0.000 annotationTargets=5 bboxUpdateCount=454 bboxReuseCount=2270 occlusionUpdateCount=226 occlusionReuseCount=2498 targetUpdateCullInvisible=1 targetUpdateTotal=10 targetUpdateVisible=5 targetUpdateSkippedBeyondFar=0 targetUpdateSkippedShaderApply=0
[SyncFrame][WARN] inputQueueBackpressure sourceSeq=2744 backpressureCount=2400 queueDepth=16 queueCapacity=16 action=wait_for_space
[TcpPerf] sourceSeq=2735 outputOrdinal=2735 codec=jpeg requestedCodec=jpeg h264En=0 codecFallbackReason=none jpegQuality=95 jpegMode=gray jpegBytes=14614 encodeInputChannels=1 flipMs=2.293 resizeMs=0.000 jpegMs=7.695 tcpSendMs=0.164 queueDepth=0 queueWaitMs=0.001 overwritten=0
接收UDP数据，长度：506字节，来自：192.168.1.188:9999 packet=2760
解析UDP数据，flag：0x38 packet=2760
[Stage0] Display packet #2760: platID=1, sensorID=1, targetNumValid=5, timeMs=1.78246e+12
处理实时成像数据...
实时数据更新完成，时间戳=1.78246e+12ms
实时数据更新完成，时间戳=1.78246e+12ms
[Perf] mode=sync videoFpsTarget=60.000 udpFps=46.975 renderFps=46.975 outputFps=46.975 sceneUpdateMs=2.982 annotationMs=2.762 irUpdateMs=1.312 irEnvBuildMs=0.006 stage7SkyGroundMs=0.715 platformRadianceMs=0.014 targetRadianceMs=0.073 stage4HotspotMs=1.059 stage5PlumeMs=0.233 stage5RadianceComponentMs=0.950 stage5AeroThermalMs=0.009 stage5ModtranLookupMs=0.000 shaderInputApplyMs=2.159 shaderInputApplyScope=exclusive stage7SkyGroundScope=inclusive stage4HotspotScope=inclusive shaderInputSetCount=849 shaderInputSkipCount=22393 shaderInputCacheHitRate=96.347 stage5ModtranCacheHitCount=0 stage5ModtranCacheMissCount=0 stage7FullUpdateCount=16 stage7PositionOnlyCount=31 stage7SkipCount=0 stage4UpdateCount=0 stage4SkipCount=235 plumeUpdateMs=0.254 renderMs=18.221 stage6MtfBlurMs=0.000 stage6MtfBlurScope=render_pass_upper_bound mtfBlurEnabled=0 mtfBlurSigmaPixels=0.650 mtfBlurRadiusPixels=2 stage6DetectorNoiseMs=0.000 stage6DetectorNoiseScope=render_pass_upper_bound detectorNoiseEnabled=0 temporalNoiseSigmaGray=0.005 fpnSigmaGray=0.003 columnNoiseSigmaGray=0.002 rowNoiseSigmaGray=0.001 badPixelRatio=0.000 noisePosition=BeforeAGC stage6AgcStatsMs=0.000 stage6AgcApplyMs=0.000 agcEnabled=0 agcMode=Percentile agcGain=1.000 agcOffset=0.000 agcLowInput=0.000 agcHighInput=1.000 agcSampleCount=0 readbackMs=1.925 resizeMs=0.000 frameCopyMs=0.705 jpegMs=8.509 tcpSendMs=0.168 tcpQueueDepth=0 tcpQueueDepthMax=1 inputQueueDepth=16 inputQueueDepthMax=16 sourceSeqLag=17 latencyAvgMs=374.803 latencyMaxMs=388.607 syncOverrunCount=2851 inputQueueOverflowCount=0 udpFrames=2763 renderFrames=2745 outputFrames=2746
[Perf][WARN] outputFps=46.975 targetFps=60.000 bottleneckSummary=below_60hz irUpdateMs=1.312 stage5ModtranLookupMs=0.000 stage5RadianceComponentMs=0.950 stage5AeroThermalMs=0.009 stage4HotspotMs=1.059 stage7SkyGroundMs=0.715 shaderInputApplyMs=2.159 annotationMs=2.762 renderMs=18.221 stage6MtfBlurMs=0.000 stage6DetectorNoiseMs=0.000 stage6AgcStatsMs=0.000 readbackMs=1.925 jpegMs=8.509 tcpSendMs=0.168 inputQueueDepth=16 sourceSeqLag=17 note=recorderWriteMs_is_reported_by_VideoDisplay_RecorderPerf
[CameraControl] mode=lookat targetPlatID=3 targetID=34 relPitch=-23.5004 relYaw=13.8198 range=6897.35
[Stage6 FrameDiag] frameIndex=1.78246e+12 packet=2776 band=MWIR whiteHot=1 displayGain=1 displayOffset=0 noiseEnable=0 noiseSigmaGray=0 route=final_sensor targetVisibleCount=5 targetMappedCount=5 hiddenByTargetNum=0 hiddenByTargetViewValid=0 hiddenByWeaponViewValid=0 beyondFarClip=0 skyVisible=1 cameraHpr=-13.8198,-23.5004,0 sensorFovH=0.0999999 sensorFovV=0.0999999 near=1 far=50000
[AnnotationFastPath] enabled=1 frame=2760 bboxDue=0 occlusionDue=0 updateProjection=0 reused=1 bboxUpdateHz=10 occlusionUpdateHz=5 reuseLastWhenSkipped=1 drawOverlay=0 jsonPerFrame=1 quietPerfMode=1 bboxUpdateCount=460 bboxReuseCount=2300 occlusionUpdateCount=229 occlusionReuseCount=2531
[ScenePerfProbe] sourceSeq=2760 processRealSceneMs=0.314 targetMappingMs=0.142 cameraControlMs=0.071 stage4Stage5UpdateMs=2.773 shaderInputApplyMs=0.000 annotationComputeMs=0.011 annotationBBoxMs=0.000 annotationOcclusionMs=0.000 annotationJsonMs=0.000 pandaDoFrameMs=17.155 readbackMs=1.875 frameCopyMs=0.702 jpegMs=8.032 readbackMode=EveryFrame copyRamAttached=1 quietPerfMode=1 bboxFastMode=mesh_body annotationFastJsonMode=1 annotationOverlayInSensorImage=0 annotationJsonPerFrame=1 bboxUpdateCount=460 bboxReuseCount=2300 occlusionUpdateCount=229 occlusionReuseCount=2531 targetUpdateCullInvisible=1 targetUpdateTotal=10 targetUpdateVisible=5 targetUpdateSkippedBeyondFar=0 targetUpdateSkippedShaderApply=0
[Stage6 Capture] frameWidth=800 frameHeight=800 tcpWidth=800 tcpHeight=800 renderTextureWidth=800 renderTextureHeight=800 textureCropApplied=0 source=final_sensor channels=RGB8 readbackMode=EveryFrame readbackEveryN=1 copyRamAttached=1 copyRamMode=RTM_copy_ram tcpFrameReused=0 diagnostic_only=0 renderPath=direct_final sourceSeq=2760 readbackMs=1.91946 resizeMs=0 frameCopyMs=0.6825 tcpQueueDepth=1 annotationJsonPerFrame=1 annotationOverlayInSensorImage=0
[Stage5 Plume] targetType=0x22 targetPlatID=3 targetID=3 platform=AIM120D engineState=1 band=MWIR coreEnabled=1 haloEnabled=1 coreTempK=1800 haloTempK=1100 coreGray=1 haloGray=0.789749 coreOpacity=1 haloOpacity=0.405 coreVisible=1 haloVisible=1
[TcpFramePacket] frame=2760 imgBytes=14644 annotationBytes=1800 targets=5 width=800 height=800
[TcpPerf] sourceSeq=2760 outputOrdinal=2760 codec=jpeg requestedCodec=jpeg h264En=0 codecFallbackReason=none jpegQuality=95 jpegMode=gray jpegBytes=14644 encodeInputChannels=1 flipMs=2.230 resizeMs=0.000 jpegMs=7.970 tcpSendMs=0.147 queueDepth=0 queueWaitMs=0.001 overwritten=0
[SyncFrame] sourceSeq=2760 outputOrdinal=2760 inputQueueDepth=16 tcpQueueDepth=0 sourceSeqContinuous=1 videoFpsTarget=60.000 frameMs=13.753 latencyMs=380.374 readbackMs=1.919 flipMs=2.230 resizeMs=0.000 jpegMs=7.970 tcpSendMs=0.147 overrun=0 overwritten=0
[Stage6 MTF] sourceSeq=2760 enabled=0 effective=0 mode=GaussianSeparable effectiveMode=GaussianSinglePassSeparableWeights sigmaPixels=0.65 radiusPixels=2 passes=1 applyTo=final_display inputSize=800x800 outputSize=800x800 stage6MtfBlurMs=0 stage6MtfBlurScope=render_pass_upper_bound implementation=single_pass_gpu_separable_weights todo=true_two_pass_separable_if_needed
[Stage6 Noise] sourceSeq=2760 enabled=0 effective=0 applyTo=final_display position=BeforeAGC temporalEnabled=1 temporalSigma=0.005 fpnEnabled=0 fpnSigma=0.003 columnEnabled=0 columnSigma=0.002 rowEnabled=0 rowSigma=0.001 badPixelEnabled=0 badPixelRatio=0.0001 seed=12345 stage6DetectorNoiseMs=0 stage6DetectorNoiseScope=render_pass_upper_bound implementation=single_pass_gpu_hash_noise
[Stage6 AGC] sourceSeq=2760 enabled=0 effective=0 mode=Percentile statsSource=previous_readback updateHz=30 sampleCount=0 lowPercentile=2 highPercentile=98 lowInput=0 highInput=1 gain=1 offset=0 gainSmoothed=1 offsetSmoothed=0 valid=0 fallbackReason=disabled stage6AgcStatsMs=0
[Perf] mode=sync videoFpsTarget=60.000 udpFps=45.979 renderFps=45.979 outputFps=45.979 sceneUpdateMs=3.175 annotationMs=2.950 irUpdateMs=1.363 irEnvBuildMs=0.005 stage7SkyGroundMs=0.683 platformRadianceMs=0.014 targetRadianceMs=0.067 stage4HotspotMs=0.932 stage5PlumeMs=0.236 stage5RadianceComponentMs=0.833 stage5AeroThermalMs=0.011 stage5ModtranLookupMs=0.000 shaderInputApplyMs=1.901 shaderInputApplyScope=exclusive stage7SkyGroundScope=inclusive stage4HotspotScope=inclusive shaderInputSetCount=934 shaderInputSkipCount=21704 shaderInputCacheHitRate=95.874 stage5ModtranCacheHitCount=0 stage5ModtranCacheMissCount=0 stage7FullUpdateCount=15 stage7PositionOnlyCount=31 stage7SkipCount=0 stage4UpdateCount=0 stage4SkipCount=230 plumeUpdateMs=0.262 renderMs=18.465 stage6MtfBlurMs=0.000 stage6MtfBlurScope=render_pass_upper_bound mtfBlurEnabled=0 mtfBlurSigmaPixels=0.650 mtfBlurRadiusPixels=2 stage6DetectorNoiseMs=0.000 stage6DetectorNoiseScope=render_pass_upper_bound detectorNoiseEnabled=0 temporalNoiseSigmaGray=0.005 fpnSigmaGray=0.003 columnNoiseSigmaGray=0.002 rowNoiseSigmaGray=0.001 badPixelRatio=0.000 noisePosition=BeforeAGC stage6AgcStatsMs=0.000 stage6AgcApplyMs=0.000 agcEnabled=0 agcMode=Percentile agcGain=1.000 agcOffset=0.000 agcLowInput=0.000 agcHighInput=1.000 agcSampleCount=0 readbackMs=1.939 resizeMs=0.000 frameCopyMs=0.713 jpegMs=8.307 tcpSendMs=0.166 tcpQueueDepth=0 tcpQueueDepthMax=1 inputQueueDepth=16 inputQueueDepthMax=16 sourceSeqLag=17 latencyAvgMs=386.886 latencyMaxMs=397.619 syncOverrunCount=2958 inputQueueOverflowCount=0 udpFrames=2855 renderFrames=2837 outputFrames=2838
[Perf][WARN] outputFps=45.979 targetFps=60.000 bottleneckSummary=below_60hz irUpdateMs=1.363 stage5ModtranLookupMs=0.000 stage5RadianceComponentMs=0.833 stage5AeroThermalMs=0.011 stage4HotspotMs=0.932 stage7SkyGroundMs=0.683 shaderInputApplyMs=1.901 annotationMs=2.950 renderMs=18.465 stage6MtfBlurMs=0.000 stage6DetectorNoiseMs=0.000 stage6AgcStatsMs=0.000 readbackMs=1.939 jpegMs=8.307 tcpSendMs=0.166 inputQueueDepth=16 sourceSeqLag=17 note=recorderWriteMs_is_reported_by_VideoDisplay_RecorderPerf
[RenderPerfProbe] pandaDoFrameMs=19.316 renderPath=direct_final graphicsOutputCount=1 activeDisplayRegionCount=1 rawPassEnabled=0 finalPassEnabled=1 annotationOverlayEnabled=0 readbackMode=EveryFrame readbackEveryN=1 copyRamAttached=1 copyRamMode=RTM_copy_ram quietPerfMode=1 bboxFastMode=mesh_body processRealSceneMs=0.231 targetMappingMs=0.140 cameraControlMs=0.015 stage4Stage5UpdateMs=2.740 shaderInputApplyMs=0.000 readbackMs=1.850 frameCopyMs=0.699 jpegMs=8.118 annotationMs=0.004 annotationBBoxMs=0.000 annotationOcclusionMs=0.000 annotationJsonMs=0.000 annotationTargets=5 bboxUpdateCount=474 bboxReuseCount=2370 occlusionUpdateCount=236 occlusionReuseCount=2608 targetUpdateCullInvisible=1 targetUpdateTotal=10 targetUpdateVisible=5 targetUpdateSkippedBeyondFar=0 targetUpdateSkippedShaderApply=0
[SyncFrame][WARN] inputQueueBackpressure sourceSeq=2864 backpressureCount=2520 queueDepth=16 queueCapacity=16 action=wait_for_space
[TcpPerf] sourceSeq=2851 outputOrdinal=2851 codec=jpeg requestedCodec=jpeg h264En=0 codecFallbackReason=none jpegQuality=95 jpegMode=gray jpegBytes=16450 encodeInputChannels=1 flipMs=2.122 resizeMs=0.000 jpegMs=8.210 tcpSendMs=0.157 queueDepth=0 queueWaitMs=0.001 overwritten=0
接收UDP数据，长度：506字节，来自：192.168.1.188:9999 packet=2880
解析UDP数据，flag：0x38 packet=2880
[Stage0] Display packet #2880: platID=1, sensorID=1, targetNumValid=5, timeMs=1.78246e+12
处理实时成像数据...
实时数据更新完成，时间戳=1.78246e+12ms
实时数据更新完成，时间戳=1.78246e+12ms
[Stage5 PlumePerf] plumeNodeCount=16 visiblePlumeCount=2 textureLoadCountThisFrame=0 updateHz=30 updatePlumeMs=0.260886 updatePlumeMsMax=0.473958 perfBudgetMs=1
[TargetUpdateCull] enabled=1 total=10 visible=5 skippedBeyondFar=0 skippedShaderApply=0 shaderInputApplyMs=2.50366 stage4Stage5UpdateMs=3.59858
[CameraControl] mode=lookat targetPlatID=3 targetID=34 relPitch=-26.1991 relYaw=15.3099 range=6114.37
[Stage6 FrameDiag] frameIndex=1.78246e+12 packet=2896 band=MWIR whiteHot=1 displayGain=1 displayOffset=0 noiseEnable=0 noiseSigmaGray=0 route=final_sensor targetVisibleCount=5 targetMappedCount=5 hiddenByTargetNum=0 hiddenByTargetViewValid=0 hiddenByWeaponViewValid=0 beyondFarClip=0 skyVisible=1 cameraHpr=-15.3099,-26.1991,0 sensorFovH=0.0999999 sensorFovV=0.0999999 near=1 far=50000
[AnnotationFastPath] enabled=1 frame=2880 bboxDue=0 occlusionDue=0 updateProjection=0 reused=1 bboxUpdateHz=10 occlusionUpdateHz=5 reuseLastWhenSkipped=1 drawOverlay=0 jsonPerFrame=1 quietPerfMode=1 bboxUpdateCount=480 bboxReuseCount=2400 occlusionUpdateCount=239 occlusionReuseCount=2641
[ScenePerfProbe] sourceSeq=2880 processRealSceneMs=0.339 targetMappingMs=0.133 cameraControlMs=0.076 stage4Stage5UpdateMs=2.342 shaderInputApplyMs=0.000 annotationComputeMs=0.014 annotationBBoxMs=0.000 annotationOcclusionMs=0.000 annotationJsonMs=0.000 pandaDoFrameMs=17.634 readbackMs=1.975 frameCopyMs=0.687 jpegMs=7.676 readbackMode=EveryFrame copyRamAttached=1 quietPerfMode=1 bboxFastMode=mesh_body annotationFastJsonMode=1 annotationOverlayInSensorImage=0 annotationJsonPerFrame=1 bboxUpdateCount=480 bboxReuseCount=2400 occlusionUpdateCount=239 occlusionReuseCount=2641 targetUpdateCullInvisible=1 targetUpdateTotal=10 targetUpdateVisible=5 targetUpdateSkippedBeyondFar=0 targetUpdateSkippedShaderApply=0
[Stage6 Capture] frameWidth=800 frameHeight=800 tcpWidth=800 tcpHeight=800 renderTextureWidth=800 renderTextureHeight=800 textureCropApplied=0 source=final_sensor channels=RGB8 readbackMode=EveryFrame readbackEveryN=1 copyRamAttached=1 copyRamMode=RTM_copy_ram tcpFrameReused=0 diagnostic_only=0 renderPath=direct_final sourceSeq=2880 readbackMs=1.92471 resizeMs=0 frameCopyMs=0.690667 tcpQueueDepth=1 annotationJsonPerFrame=1 annotationOverlayInSensorImage=0
[Stage5 Plume] targetType=0x22 targetPlatID=3 targetID=3 platform=AIM120D engineState=1 band=MWIR coreEnabled=1 haloEnabled=1 coreTempK=1800 haloTempK=1100 coreGray=1 haloGray=0.789749 coreOpacity=1 haloOpacity=0.405 coreVisible=1 haloVisible=1
[TcpFramePacket] frame=2880 imgBytes=16536 annotationBytes=1800 targets=5 width=800 height=800
[TcpPerf] sourceSeq=2880 outputOrdinal=2880 codec=jpeg requestedCodec=jpeg h264En=0 codecFallbackReason=none jpegQuality=95 jpegMode=gray jpegBytes=16536 encodeInputChannels=1 flipMs=2.197 resizeMs=0.000 jpegMs=8.172 tcpSendMs=0.160 queueDepth=0 queueWaitMs=0.001 overwritten=0
[SyncFrame] sourceSeq=2880 outputOrdinal=2880 inputQueueDepth=16 tcpQueueDepth=0 sourceSeqContinuous=1 videoFpsTarget=60.000 frameMs=13.976 latencyMs=386.110 readbackMs=1.925 flipMs=2.197 resizeMs=0.000 jpegMs=8.172 tcpSendMs=0.160 overrun=0 overwritten=0
[Stage6 MTF] sourceSeq=2880 enabled=0 effective=0 mode=GaussianSeparable effectiveMode=GaussianSinglePassSeparableWeights sigmaPixels=0.65 radiusPixels=2 passes=1 applyTo=final_display inputSize=800x800 outputSize=800x800 stage6MtfBlurMs=0 stage6MtfBlurScope=render_pass_upper_bound implementation=single_pass_gpu_separable_weights todo=true_two_pass_separable_if_needed
[Stage6 Noise] sourceSeq=2880 enabled=0 effective=0 applyTo=final_display position=BeforeAGC temporalEnabled=1 temporalSigma=0.005 fpnEnabled=0 fpnSigma=0.003 columnEnabled=0 columnSigma=0.002 rowEnabled=0 rowSigma=0.001 badPixelEnabled=0 badPixelRatio=0.0001 seed=12345 stage6DetectorNoiseMs=0 stage6DetectorNoiseScope=render_pass_upper_bound implementation=single_pass_gpu_hash_noise
[Stage6 AGC] sourceSeq=2880 enabled=0 effective=0 mode=Percentile statsSource=previous_readback updateHz=30 sampleCount=0 lowPercentile=2 highPercentile=98 lowInput=0 highInput=1 gain=1 offset=0 gainSmoothed=1 offsetSmoothed=0 valid=0 fallbackReason=disabled stage6AgcStatsMs=0
[AnnotationCollisionCache] platform=AIM120D targetID=3 built=0 reused=1 triangles=1532 solids=1532
[Stage7 Weather] reason=runtime envSky=0 weatherName=Clear visibilityM=6000 humidity=85 windV=8 windDir=30 cloudCoverage=0 fogDensity=0 precipitationType=none sunDirectScale=1 skyDiffuseScale=1 targetContrastScale=1 source=UDP+weather_profiles+RuntimeConfig
[Stage7 CloudLayer] enabled=0 texture=Config/Weather/Textures/cloud_few.png textureFound=1 coverage=0 opacity=0 temperatureK=255 band=MWIR cloudGray=0.385455
[Stage7 Fog] enabled=0 visibilityM=6000 fogDensity=0 fogGray=0.45 targetContrastScale=1
[Stage7 Precipitation] enabled=0 type=none density=0 speed=0 windV=8 windDir=30 maxHeight=0 transHeight=0
[Stage7 PrecipitationOverlay] mode=ScreenOverlay active=0 type=none density=0 sensorFovDeg=0.0999999 pattern=screen_sparse_low_contrast giantVerticalBars=0 sameOutput=1
[Stage7 Perf] weatherNodeCount=0 cloudNodeCount=0 precipitationNodeCount=0 textureLoadCountThisFrame=0 updateWeatherNodesMs=0.00175 totalWeatherMs=0.007875 precipitationMode=ScreenOverlay
[Stage7 3DSkyGround] reason=runtime enable=1 band=MWIR envTerrain=0 envSky=0 skyGrayRaw=0.65 groundGrayRaw=0.35 skyGrayFinal=0.65 groundGrayFinal=0.35 skyGray=0.65 groundGray=0.35 skyDome=1 lowerShell=1 groundPlane=0 source=env+band_default
[Stage7 Debug] mode=Off skyVisible=1 groundVisible=1 forcedSkyGray=NA forcedGroundGray=NA
[Stage7 Real3DBackground] skyDome=1 lowerShell=1 flatGroundPlane=0 cameraPos=-1205.75,8677.45,777.177 backgroundMode=real_3d
[Stage7 GroundReference] mode=reference_zero groundZOffset=0 finalGroundReferenceZ=0
[Stage7 SkyDomeDiag] cameraPos=-1205.75,8677.45,777.177 skyDomePos=-1205.75,8677.45,777.177 farClipM=50000 skyRadius=42500 radius=42500 radiusSource=farClip_scaled radiusLessThanFarClip=1 twoSided=1 depthWrite=0 depthTest=0
[Stage7 GroundDiag] groundPos=-1205.75,8677.45,777.177 farClipM=50000 groundSize=42500 lowerShellRadius=42500 groundZOffset=0 envTerrain=0 groundGray=0.35
[Perf] mode=sync videoFpsTarget=60.000 udpFps=45.020 renderFps=45.020 outputFps=45.020 sceneUpdateMs=3.320 annotationMs=3.095 irUpdateMs=1.468 irEnvBuildMs=0.004 stage7SkyGroundMs=0.698 platformRadianceMs=0.013 targetRadianceMs=0.073 stage4HotspotMs=1.370 stage5PlumeMs=0.249 stage5RadianceComponentMs=1.260 stage5AeroThermalMs=0.009 stage5ModtranLookupMs=0.000 shaderInputApplyMs=2.504 shaderInputApplyScope=exclusive stage7SkyGroundScope=inclusive stage4HotspotScope=inclusive shaderInputSetCount=1063 shaderInputSkipCount=21137 shaderInputCacheHitRate=95.212 stage5ModtranCacheHitCount=0 stage5ModtranCacheMissCount=0 stage7FullUpdateCount=15 stage7PositionOnlyCount=30 stage7SkipCount=0 stage4UpdateCount=0 stage4SkipCount=225 plumeUpdateMs=0.263 renderMs=18.806 stage6MtfBlurMs=0.000 stage6MtfBlurScope=render_pass_upper_bound mtfBlurEnabled=0 mtfBlurSigmaPixels=0.650 mtfBlurRadiusPixels=2 stage6DetectorNoiseMs=0.000 stage6DetectorNoiseScope=render_pass_upper_bound detectorNoiseEnabled=0 temporalNoiseSigmaGray=0.005 fpnSigmaGray=0.003 columnNoiseSigmaGray=0.002 rowNoiseSigmaGray=0.001 badPixelRatio=0.000 noisePosition=BeforeAGC stage6AgcStatsMs=0.000 stage6AgcApplyMs=0.000 agcEnabled=0 agcMode=Percentile agcGain=1.000 agcOffset=0.000 agcLowInput=0.000 agcHighInput=1.000 agcSampleCount=0 readbackMs=1.932 resizeMs=0.000 frameCopyMs=0.702 jpegMs=8.343 tcpSendMs=0.167 tcpQueueDepth=0 tcpQueueDepthMax=1 inputQueueDepth=16 inputQueueDepthMax=16 sourceSeqLag=17 latencyAvgMs=389.707 latencyMaxMs=402.965 syncOverrunCount=3065 inputQueueOverflowCount=0 udpFrames=2946 renderFrames=2928 outputFrames=2929
[Perf][WARN] outputFps=45.020 targetFps=60.000 bottleneckSummary=below_60hz irUpdateMs=1.468 stage5ModtranLookupMs=0.000 stage5RadianceComponentMs=1.260 stage5AeroThermalMs=0.009 stage4HotspotMs=1.370 stage7SkyGroundMs=0.698 shaderInputApplyMs=2.504 annotationMs=3.095 renderMs=18.806 stage6MtfBlurMs=0.000 stage6DetectorNoiseMs=0.000 stage6AgcStatsMs=0.000 readbackMs=1.932 jpegMs=8.343 tcpSendMs=0.167 inputQueueDepth=16 sourceSeqLag=17 note=recorderWriteMs_is_reported_by_VideoDisplay_RecorderPerf
[RenderPerfProbe] pandaDoFrameMs=19.912 renderPath=direct_final graphicsOutputCount=1 activeDisplayRegionCount=1 rawPassEnabled=0 finalPassEnabled=1 annotationOverlayEnabled=0 readbackMode=EveryFrame readbackEveryN=1 copyRamAttached=1 copyRamMode=RTM_copy_ram quietPerfMode=1 bboxFastMode=mesh_body processRealSceneMs=0.218 targetMappingMs=0.134 cameraControlMs=0.017 stage4Stage5UpdateMs=3.737 shaderInputApplyMs=0.000 readbackMs=1.905 frameCopyMs=0.706 jpegMs=7.693 annotationMs=0.003 annotationBBoxMs=0.000 annotationOcclusionMs=0.000 annotationJsonMs=0.000 annotationTargets=5 bboxUpdateCount=494 bboxReuseCount=2470 occlusionUpdateCount=246 occlusionReuseCount=2718 targetUpdateCullInvisible=1 targetUpdateTotal=10 targetUpdateVisible=5 targetUpdateSkippedBeyondFar=0 targetUpdateSkippedShaderApply=0
[SyncFrame][WARN] inputQueueBackpressure sourceSeq=2984 backpressureCount=2640 queueDepth=16 queueCapacity=16 action=wait_for_space
[SyncFrame] sourceSeq=2970 outputOrdinal=2970 inputQueueDepth=16 tcpQueueDepth=0 sourceSeqContinuous=1 videoFpsTarget=60.000 frameMs=17.452 latencyMs=400.976 readbackMs=1.888 flipMs=1.106 resizeMs=0.000 jpegMs=13.159 tcpSendMs=0.082 overrun=1 overwritten=0
[TcpPerf] sourceSeq=2971 outputOrdinal=2971 codec=jpeg requestedCodec=jpeg h264En=0 codecFallbackReason=none jpegQuality=95 jpegMode=gray jpegBytes=18541 encodeInputChannels=1 flipMs=1.155 resizeMs=0.000 jpegMs=9.171 tcpSendMs=0.084 queueDepth=0 queueWaitMs=0.002 overwritten=0
接收UDP数据，长度：506字节，来自：192.168.1.188:9999 packet=3000
解析UDP数据，flag：0x38 packet=3000
[Stage0] Display packet #3000: platID=1, sensorID=1, targetNumValid=5, timeMs=1.78246e+12
处理实时成像数据...
实时数据更新完成，时间戳=1.78246e+12ms
实时数据更新完成，时间戳=1.78246e+12ms
[CameraControl] mode=lookat targetPlatID=3 targetID=34 relPitch=-29.6577 relYaw=17.12 range=5323.22
[Stage6 FrameDiag] frameIndex=1.78246e+12 packet=3016 band=MWIR whiteHot=1 displayGain=1 displayOffset=0 noiseEnable=0 noiseSigmaGray=0 route=final_sensor targetVisibleCount=5 targetMappedCount=5 hiddenByTargetNum=0 hiddenByTargetViewValid=0 hiddenByWeaponViewValid=0 beyondFarClip=0 skyVisible=1 cameraHpr=-17.12,-29.6577,0 sensorFovH=0.0999999 sensorFovV=0.0999999 near=1 far=50000
[AnnotationFastPath] enabled=1 frame=3000 bboxDue=0 occlusionDue=0 updateProjection=0 reused=1 bboxUpdateHz=10 occlusionUpdateHz=5 reuseLastWhenSkipped=1 drawOverlay=0 jsonPerFrame=1 quietPerfMode=1 bboxUpdateCount=500 bboxReuseCount=2500 occlusionUpdateCount=249 occlusionReuseCount=2751
[ScenePerfProbe] sourceSeq=3000 processRealSceneMs=0.347 targetMappingMs=0.148 cameraControlMs=0.076 stage4Stage5UpdateMs=3.354 shaderInputApplyMs=0.000 annotationComputeMs=0.013 annotationBBoxMs=0.000 annotationOcclusionMs=0.000 annotationJsonMs=0.000 pandaDoFrameMs=18.318 readbackMs=1.902 frameCopyMs=0.719 jpegMs=12.927 readbackMode=EveryFrame copyRamAttached=1 quietPerfMode=1 bboxFastMode=mesh_body annotationFastJsonMode=1 annotationOverlayInSensorImage=0 annotationJsonPerFrame=1 bboxUpdateCount=500 bboxReuseCount=2500 occlusionUpdateCount=249 occlusionReuseCount=2751 targetUpdateCullInvisible=1 targetUpdateTotal=10 targetUpdateVisible=5 targetUpdateSkippedBeyondFar=0 targetUpdateSkippedShaderApply=0
[Stage6 Capture] frameWidth=800 frameHeight=800 tcpWidth=800 tcpHeight=800 renderTextureWidth=800 renderTextureHeight=800 textureCropApplied=0 source=final_sensor channels=RGB8 readbackMode=EveryFrame readbackEveryN=1 copyRamAttached=1 copyRamMode=RTM_copy_ram tcpFrameReused=0 diagnostic_only=0 renderPath=direct_final sourceSeq=3000 readbackMs=1.94483 resizeMs=0 frameCopyMs=0.694167 tcpQueueDepth=1 annotationJsonPerFrame=1 annotationOverlayInSensorImage=0
[Stage5 Plume] targetType=0x22 targetPlatID=3 targetID=3 platform=AIM120D engineState=1 band=MWIR coreEnabled=1 haloEnabled=1 coreTempK=1800 haloTempK=1100 coreGray=1 haloGray=0.789749 coreOpacity=1 haloOpacity=0.405 coreVisible=1 haloVisible=1
[TcpFramePacket] frame=3000 imgBytes=19158 annotationBytes=1800 targets=5 width=800 height=800
[TcpPerf] sourceSeq=3000 outputOrdinal=3000 codec=jpeg requestedCodec=jpeg h264En=0 codecFallbackReason=none jpegQuality=95 jpegMode=gray jpegBytes=19158 encodeInputChannels=1 flipMs=1.063 resizeMs=0.000 jpegMs=4.259 tcpSendMs=0.107 queueDepth=0 queueWaitMs=0.001 overwritten=0
[SyncFrame] sourceSeq=3000 outputOrdinal=3000 inputQueueDepth=16 tcpQueueDepth=0 sourceSeqContinuous=1 videoFpsTarget=60.000 frameMs=8.730 latencyMs=390.064 readbackMs=1.945 flipMs=1.063 resizeMs=0.000 jpegMs=4.259 tcpSendMs=0.107 overrun=0 overwritten=0
[Stage6 MTF] sourceSeq=3000 enabled=0 effective=0 mode=GaussianSeparable effectiveMode=GaussianSinglePassSeparableWeights sigmaPixels=0.65 radiusPixels=2 passes=1 applyTo=final_display inputSize=800x800 outputSize=800x800 stage6MtfBlurMs=0 stage6MtfBlurScope=render_pass_upper_bound implementation=single_pass_gpu_separable_weights todo=true_two_pass_separable_if_needed
[Stage6 Noise] sourceSeq=3000 enabled=0 effective=0 applyTo=final_display position=BeforeAGC temporalEnabled=1 temporalSigma=0.005 fpnEnabled=0 fpnSigma=0.003 columnEnabled=0 columnSigma=0.002 rowEnabled=0 rowSigma=0.001 badPixelEnabled=0 badPixelRatio=0.0001 seed=12345 stage6DetectorNoiseMs=0 stage6DetectorNoiseScope=render_pass_upper_bound implementation=single_pass_gpu_hash_noise
[Stage6 AGC] sourceSeq=3000 enabled=0 effective=0 mode=Percentile statsSource=previous_readback updateHz=30 sampleCount=0 lowPercentile=2 highPercentile=98 lowInput=0 highInput=1 gain=1 offset=0 gainSmoothed=1 offsetSmoothed=0 valid=0 fallbackReason=disabled stage6AgcStatsMs=0
[Perf] mode=sync videoFpsTarget=60.000 udpFps=44.922 renderFps=44.922 outputFps=44.922 sceneUpdateMs=3.235 annotationMs=3.013 irUpdateMs=1.671 irEnvBuildMs=0.006 stage7SkyGroundMs=0.978 platformRadianceMs=0.015 targetRadianceMs=0.071 stage4HotspotMs=1.646 stage5PlumeMs=0.226 stage5RadianceComponentMs=1.546 stage5AeroThermalMs=0.010 stage5ModtranLookupMs=0.000 shaderInputApplyMs=2.872 shaderInputApplyScope=exclusive stage7SkyGroundScope=inclusive stage4HotspotScope=inclusive shaderInputSetCount=1301 shaderInputSkipCount=20899 shaderInputCacheHitRate=94.140 stage5ModtranCacheHitCount=0 stage5ModtranCacheMissCount=0 stage7FullUpdateCount=15 stage7PositionOnlyCount=30 stage7SkipCount=0 stage4UpdateCount=0 stage4SkipCount=225 plumeUpdateMs=0.262 renderMs=18.928 stage6MtfBlurMs=0.000 stage6MtfBlurScope=render_pass_upper_bound mtfBlurEnabled=0 mtfBlurSigmaPixels=0.650 mtfBlurRadiusPixels=2 stage6DetectorNoiseMs=0.000 stage6DetectorNoiseScope=render_pass_upper_bound detectorNoiseEnabled=0 temporalNoiseSigmaGray=0.005 fpnSigmaGray=0.003 columnNoiseSigmaGray=0.002 rowNoiseSigmaGray=0.001 badPixelRatio=0.000 noisePosition=BeforeAGC stage6AgcStatsMs=0.000 stage6AgcApplyMs=0.000 agcEnabled=0 agcMode=Percentile agcGain=1.000 agcOffset=0.000 agcLowInput=0.000 agcHighInput=1.000 agcSampleCount=0 readbackMs=1.956 resizeMs=0.000 frameCopyMs=0.712 jpegMs=8.045 tcpSendMs=0.142 tcpQueueDepth=0 tcpQueueDepthMax=1 inputQueueDepth=16 inputQueueDepthMax=16 sourceSeqLag=17 latencyAvgMs=393.400 latencyMaxMs=408.063 syncOverrunCount=3173 inputQueueOverflowCount=0 udpFrames=3036 renderFrames=3018 outputFrames=3019
[Perf][WARN] outputFps=44.922 targetFps=60.000 bottleneckSummary=below_60hz irUpdateMs=1.671 stage5ModtranLookupMs=0.000 stage5RadianceComponentMs=1.546 stage5AeroThermalMs=0.010 stage4HotspotMs=1.646 stage7SkyGroundMs=0.978 shaderInputApplyMs=2.872 annotationMs=3.013 renderMs=18.928 stage6MtfBlurMs=0.000 stage6DetectorNoiseMs=0.000 stage6AgcStatsMs=0.000 readbackMs=1.956 jpegMs=8.045 tcpSendMs=0.142 inputQueueDepth=16 sourceSeqLag=17 note=recorderWriteMs_is_reported_by_VideoDisplay_RecorderPerf
[RenderPerfProbe] pandaDoFrameMs=20.707 renderPath=direct_final graphicsOutputCount=1 activeDisplayRegionCount=1 rawPassEnabled=0 finalPassEnabled=1 annotationOverlayEnabled=0 readbackMode=EveryFrame readbackEveryN=1 copyRamAttached=1 copyRamMode=RTM_copy_ram quietPerfMode=1 bboxFastMode=mesh_body processRealSceneMs=0.226 targetMappingMs=0.133 cameraControlMs=0.014 stage4Stage5UpdateMs=3.610 shaderInputApplyMs=0.000 readbackMs=1.908 frameCopyMs=0.692 jpegMs=8.562 annotationMs=0.003 annotationBBoxMs=0.000 annotationOcclusionMs=0.000 annotationJsonMs=0.000 annotationTargets=5 bboxUpdateCount=514 bboxReuseCount=2570 occlusionUpdateCount=256 occlusionReuseCount=2828 targetUpdateCullInvisible=1 targetUpdateTotal=10 targetUpdateVisible=5 targetUpdateSkippedBeyondFar=0 targetUpdateSkippedShaderApply=0
[SyncFrame][WARN] inputQueueBackpressure sourceSeq=3104 backpressureCount=2760 queueDepth=16 queueCapacity=16 action=wait_for_space
[TcpPerf] sourceSeq=3089 outputOrdinal=3089 codec=jpeg requestedCodec=jpeg h264En=0 codecFallbackReason=none jpegQuality=95 jpegMode=gray jpegBytes=20658 encodeInputChannels=1 flipMs=2.321 resizeMs=0.000 jpegMs=9.391 tcpSendMs=0.190 queueDepth=0 queueWaitMs=0.001 overwritten=0
接收UDP数据，长度：506字节，来自：192.168.1.188:9999 packet=3120
解析UDP数据，flag：0x38 packet=3120
[Stage0] Display packet #3120: platID=1, sensorID=1, targetNumValid=5, timeMs=1.78246e+12
处理实时成像数据...
实时数据更新完成，时间戳=1.78246e+12ms
实时数据更新完成，时间戳=1.78246e+12ms
[Perf] mode=sync videoFpsTarget=60.000 udpFps=44.390 renderFps=44.889 outputFps=44.390 sceneUpdateMs=3.158 annotationMs=2.932 irUpdateMs=1.779 irEnvBuildMs=0.005 stage7SkyGroundMs=0.721 platformRadianceMs=0.014 targetRadianceMs=0.075 stage4HotspotMs=1.583 stage5PlumeMs=0.232 stage5RadianceComponentMs=1.476 stage5AeroThermalMs=0.009 stage5ModtranLookupMs=0.000 shaderInputApplyMs=2.719 shaderInputApplyScope=exclusive stage7SkyGroundScope=inclusive stage4HotspotScope=inclusive shaderInputSetCount=1514 shaderInputSkipCount=20686 shaderInputCacheHitRate=93.180 stage5ModtranCacheHitCount=0 stage5ModtranCacheMissCount=0 stage7FullUpdateCount=15 stage7PositionOnlyCount=30 stage7SkipCount=0 stage4UpdateCount=0 stage4SkipCount=225 plumeUpdateMs=0.254 renderMs=19.208 stage6MtfBlurMs=0.000 stage6MtfBlurScope=render_pass_upper_bound mtfBlurEnabled=0 mtfBlurSigmaPixels=0.650 mtfBlurRadiusPixels=2 stage6DetectorNoiseMs=0.000 stage6DetectorNoiseScope=render_pass_upper_bound detectorNoiseEnabled=0 temporalNoiseSigmaGray=0.005 fpnSigmaGray=0.003 columnNoiseSigmaGray=0.002 rowNoiseSigmaGray=0.001 badPixelRatio=0.000 noisePosition=BeforeAGC stage6AgcStatsMs=0.000 stage6AgcApplyMs=0.000 agcEnabled=0 agcMode=Percentile agcGain=1.000 agcOffset=0.000 agcLowInput=0.000 agcHighInput=1.000 agcSampleCount=0 readbackMs=1.953 resizeMs=0.000 frameCopyMs=0.704 jpegMs=8.356 tcpSendMs=0.163 tcpQueueDepth=0 tcpQueueDepthMax=1 inputQueueDepth=16 inputQueueDepthMax=16 sourceSeqLag=17 latencyAvgMs=398.911 latencyMaxMs=416.681 syncOverrunCount=3276 inputQueueOverflowCount=0 udpFrames=3125 renderFrames=3108 outputFrames=3108
[Perf][WARN] outputFps=44.390 targetFps=60.000 bottleneckSummary=below_60hz irUpdateMs=1.779 stage5ModtranLookupMs=0.000 stage5RadianceComponentMs=1.476 stage5AeroThermalMs=0.009 stage4HotspotMs=1.583 stage7SkyGroundMs=0.721 shaderInputApplyMs=2.719 annotationMs=2.932 renderMs=19.208 stage6MtfBlurMs=0.000 stage6DetectorNoiseMs=0.000 stage6AgcStatsMs=0.000 readbackMs=1.953 jpegMs=8.356 tcpSendMs=0.163 inputQueueDepth=16 sourceSeqLag=17 note=recorderWriteMs_is_reported_by_VideoDisplay_RecorderPerf
[Stage5 PlumePerf] plumeNodeCount=16 visiblePlumeCount=2 textureLoadCountThisFrame=0 updateHz=30 updatePlumeMs=0.257989 updatePlumeMsMax=0.439543 perfBudgetMs=1
[TargetUpdateCull] enabled=1 total=10 visible=5 skippedBeyondFar=0 skippedShaderApply=0 shaderInputApplyMs=3.98358 stage4Stage5UpdateMs=5.18554
[CameraControl] mode=lookat targetPlatID=3 targetID=34 relPitch=-34.4295 relYaw=19.6725 range=4542.06
[Stage6 FrameDiag] frameIndex=1.78246e+12 packet=3136 band=MWIR whiteHot=1 displayGain=1 displayOffset=0 noiseEnable=0 noiseSigmaGray=0 route=final_sensor targetVisibleCount=5 targetMappedCount=5 hiddenByTargetNum=0 hiddenByTargetViewValid=0 hiddenByWeaponViewValid=0 beyondFarClip=0 skyVisible=1 cameraHpr=-19.6725,-34.4295,0 sensorFovH=0.0999999 sensorFovV=0.0999999 near=1 far=50000
[AnnotationFastPath] enabled=1 frame=3120 bboxDue=0 occlusionDue=0 updateProjection=0 reused=1 bboxUpdateHz=10 occlusionUpdateHz=5 reuseLastWhenSkipped=1 drawOverlay=0 jsonPerFrame=1 quietPerfMode=1 bboxUpdateCount=520 bboxReuseCount=2600 occlusionUpdateCount=259 occlusionReuseCount=2861
[ScenePerfProbe] sourceSeq=3120 processRealSceneMs=0.303 targetMappingMs=0.130 cameraControlMs=0.071 stage4Stage5UpdateMs=2.881 shaderInputApplyMs=0.000 annotationComputeMs=0.011 annotationBBoxMs=0.000 annotationOcclusionMs=0.000 annotationJsonMs=0.000 pandaDoFrameMs=17.933 readbackMs=1.954 frameCopyMs=0.772 jpegMs=7.954 readbackMode=EveryFrame copyRamAttached=1 quietPerfMode=1 bboxFastMode=mesh_body annotationFastJsonMode=1 annotationOverlayInSensorImage=0 annotationJsonPerFrame=1 bboxUpdateCount=520 bboxReuseCount=2600 occlusionUpdateCount=259 occlusionReuseCount=2861 targetUpdateCullInvisible=1 targetUpdateTotal=10 targetUpdateVisible=5 targetUpdateSkippedBeyondFar=0 targetUpdateSkippedShaderApply=0
[Stage6 Capture] frameWidth=800 frameHeight=800 tcpWidth=800 tcpHeight=800 renderTextureWidth=800 renderTextureHeight=800 textureCropApplied=0 source=final_sensor channels=RGB8 readbackMode=EveryFrame readbackEveryN=1 copyRamAttached=1 copyRamMode=RTM_copy_ram tcpFrameReused=0 diagnostic_only=0 renderPath=direct_final sourceSeq=3120 readbackMs=1.93025 resizeMs=0 frameCopyMs=0.681916 tcpQueueDepth=1 annotationJsonPerFrame=1 annotationOverlayInSensorImage=0
[Stage5 Plume] targetType=0x22 targetPlatID=3 targetID=3 platform=AIM120D engineState=1 band=MWIR coreEnabled=1 haloEnabled=1 coreTempK=1800 haloTempK=1100 coreGray=1 haloGray=0.789749 coreOpacity=1 haloOpacity=0.405 coreVisible=1 haloVisible=1
[TcpFramePacket] frame=3120 imgBytes=22911 annotationBytes=1800 targets=5 width=800 height=800
[TcpPerf] sourceSeq=3120 outputOrdinal=3120 codec=jpeg requestedCodec=jpeg h264En=0 codecFallbackReason=none jpegQuality=95 jpegMode=gray jpegBytes=22911 encodeInputChannels=1 flipMs=2.241 resizeMs=0.000 jpegMs=8.720 tcpSendMs=0.160 queueDepth=0 queueWaitMs=0.001 overwritten=0
[SyncFrame] sourceSeq=3120 outputOrdinal=3120 inputQueueDepth=16 tcpQueueDepth=0 sourceSeqContinuous=1 videoFpsTarget=60.000 frameMs=14.478 latencyMs=408.076 readbackMs=1.930 flipMs=2.241 resizeMs=0.000 jpegMs=8.720 tcpSendMs=0.160 overrun=0 overwritten=0
[Stage6 MTF] sourceSeq=3120 enabled=0 effective=0 mode=GaussianSeparable effectiveMode=GaussianSinglePassSeparableWeights sigmaPixels=0.65 radiusPixels=2 passes=1 applyTo=final_display inputSize=800x800 outputSize=800x800 stage6MtfBlurMs=0 stage6MtfBlurScope=render_pass_upper_bound implementation=single_pass_gpu_separable_weights todo=true_two_pass_separable_if_needed
[Stage6 Noise] sourceSeq=3120 enabled=0 effective=0 applyTo=final_display position=BeforeAGC temporalEnabled=1 temporalSigma=0.005 fpnEnabled=0 fpnSigma=0.003 columnEnabled=0 columnSigma=0.002 rowEnabled=0 rowSigma=0.001 badPixelEnabled=0 badPixelRatio=0.0001 seed=12345 stage6DetectorNoiseMs=0 stage6DetectorNoiseScope=render_pass_upper_bound implementation=single_pass_gpu_hash_noise
[Stage6 AGC] sourceSeq=3120 enabled=0 effective=0 mode=Percentile statsSource=previous_readback updateHz=30 sampleCount=0 lowPercentile=2 highPercentile=98 lowInput=0 highInput=1 gain=1 offset=0 gainSmoothed=1 offsetSmoothed=0 valid=0 fallbackReason=disabled stage6AgcStatsMs=0
[AnnotationCollisionCache] platform=AIM120D targetID=3 built=0 reused=1 triangles=1532 solids=1532
[Perf] mode=sync videoFpsTarget=60.000 udpFps=42.951 renderFps=42.951 outputFps=42.951 sceneUpdateMs=3.655 annotationMs=3.435 irUpdateMs=1.870 irEnvBuildMs=0.005 stage7SkyGroundMs=0.704 platformRadianceMs=0.014 targetRadianceMs=0.086 stage4HotspotMs=2.180 stage5PlumeMs=0.249 stage5RadianceComponentMs=2.051 stage5AeroThermalMs=0.012 stage5ModtranLookupMs=0.000 shaderInputApplyMs=3.573 shaderInputApplyScope=exclusive stage7SkyGroundScope=inclusive stage4HotspotScope=inclusive shaderInputSetCount=1607 shaderInputSkipCount=19717 shaderInputCacheHitRate=92.464 stage5ModtranCacheHitCount=0 stage5ModtranCacheMissCount=0 stage7FullUpdateCount=15 stage7PositionOnlyCount=28 stage7SkipCount=0 stage4UpdateCount=0 stage4SkipCount=215 plumeUpdateMs=0.258 renderMs=19.532 stage6MtfBlurMs=0.000 stage6MtfBlurScope=render_pass_upper_bound mtfBlurEnabled=0 mtfBlurSigmaPixels=0.650 mtfBlurRadiusPixels=2 stage6DetectorNoiseMs=0.000 stage6DetectorNoiseScope=render_pass_upper_bound detectorNoiseEnabled=0 temporalNoiseSigmaGray=0.005 fpnSigmaGray=0.003 columnNoiseSigmaGray=0.002 rowNoiseSigmaGray=0.001 badPixelRatio=0.000 noisePosition=BeforeAGC stage6AgcStatsMs=0.000 stage6AgcApplyMs=0.000 agcEnabled=0 agcMode=Percentile agcGain=1.000 agcOffset=0.000 agcLowInput=0.000 agcHighInput=1.000 agcSampleCount=0 readbackMs=1.940 resizeMs=0.000 frameCopyMs=0.711 jpegMs=8.599 tcpSendMs=0.174 tcpQueueDepth=0 tcpQueueDepthMax=1 inputQueueDepth=16 inputQueueDepthMax=16 sourceSeqLag=17 latencyAvgMs=408.527 latencyMaxMs=420.919 syncOverrunCount=3377 inputQueueOverflowCount=0 udpFrames=3211 renderFrames=3194 outputFrames=3194
[Perf][WARN] outputFps=42.951 targetFps=60.000 bottleneckSummary=below_60hz irUpdateMs=1.870 stage5ModtranLookupMs=0.000 stage5RadianceComponentMs=2.051 stage5AeroThermalMs=0.012 stage4HotspotMs=2.180 stage7SkyGroundMs=0.704 shaderInputApplyMs=3.573 annotationMs=3.435 renderMs=19.532 stage6MtfBlurMs=0.000 stage6DetectorNoiseMs=0.000 stage6AgcStatsMs=0.000 readbackMs=1.940 jpegMs=8.599 tcpSendMs=0.174 inputQueueDepth=16 sourceSeqLag=17 note=recorderWriteMs_is_reported_by_VideoDisplay_RecorderPerf
[RenderPerfProbe] pandaDoFrameMs=20.348 renderPath=direct_final graphicsOutputCount=1 activeDisplayRegionCount=1 rawPassEnabled=0 finalPassEnabled=1 annotationOverlayEnabled=0 readbackMode=EveryFrame readbackEveryN=1 copyRamAttached=1 copyRamMode=RTM_copy_ram quietPerfMode=1 bboxFastMode=mesh_body processRealSceneMs=0.224 targetMappingMs=0.132 cameraControlMs=0.014 stage4Stage5UpdateMs=3.550 shaderInputApplyMs=0.000 readbackMs=1.874 frameCopyMs=0.685 jpegMs=7.850 annotationMs=0.003 annotationBBoxMs=0.000 annotationOcclusionMs=0.000 annotationJsonMs=0.000 annotationTargets=5 bboxUpdateCount=534 bboxReuseCount=2670 occlusionUpdateCount=266 occlusionReuseCount=2938 targetUpdateCullInvisible=1 targetUpdateTotal=10 targetUpdateVisible=5 targetUpdateSkippedBeyondFar=0 targetUpdateSkippedShaderApply=0
[TcpPerf] sourceSeq=3206 outputOrdinal=3206 codec=jpeg requestedCodec=jpeg h264En=0 codecFallbackReason=none jpegQuality=95 jpegMode=gray jpegBytes=23565 encodeInputChannels=1 flipMs=2.194 resizeMs=0.000 jpegMs=8.487 tcpSendMs=0.194 queueDepth=0 queueWaitMs=0.001 overwritten=0
[SyncFrame][WARN] inputQueueBackpressure sourceSeq=3224 backpressureCount=2880 queueDepth=16 queueCapacity=16 action=wait_for_space
接收UDP数据，长度：506字节，来自：192.168.1.188:9999 packet=3240
解析UDP数据，flag：0x38 packet=3240
[Stage0] Display packet #3240: platID=1, sensorID=1, targetNumValid=5, timeMs=1.78246e+12
处理实时成像数据...
实时数据更新完成，时间戳=1.78246e+12ms
实时数据更新完成，时间戳=1.78246e+12ms
[CameraControl] mode=lookat targetPlatID=3 targetID=34 relPitch=-40.4817 relYaw=23.3305 range=3859.68
[Stage6 FrameDiag] frameIndex=1.78246e+12 packet=3256 band=MWIR whiteHot=1 displayGain=1 displayOffset=0 noiseEnable=0 noiseSigmaGray=0 route=final_sensor targetVisibleCount=5 targetMappedCount=5 hiddenByTargetNum=0 hiddenByTargetViewValid=0 hiddenByWeaponViewValid=0 beyondFarClip=0 skyVisible=1 cameraHpr=-23.3305,-40.4817,0 sensorFovH=0.0999999 sensorFovV=0.0999999 near=1 far=50000
[AnnotationFastPath] enabled=1 frame=3240 bboxDue=0 occlusionDue=0 updateProjection=0 reused=1 bboxUpdateHz=10 occlusionUpdateHz=5 reuseLastWhenSkipped=1 drawOverlay=0 jsonPerFrame=1 quietPerfMode=1 bboxUpdateCount=540 bboxReuseCount=2700 occlusionUpdateCount=269 occlusionReuseCount=2971
[ScenePerfProbe] sourceSeq=3240 processRealSceneMs=0.327 targetMappingMs=0.143 cameraControlMs=0.079 stage4Stage5UpdateMs=3.999 shaderInputApplyMs=0.000 annotationComputeMs=0.011 annotationBBoxMs=0.000 annotationOcclusionMs=0.000 annotationJsonMs=0.000 pandaDoFrameMs=18.856 readbackMs=2.080 frameCopyMs=0.699 jpegMs=7.711 readbackMode=EveryFrame copyRamAttached=1 quietPerfMode=1 bboxFastMode=mesh_body annotationFastJsonMode=1 annotationOverlayInSensorImage=0 annotationJsonPerFrame=1 bboxUpdateCount=540 bboxReuseCount=2700 occlusionUpdateCount=269 occlusionReuseCount=2971 targetUpdateCullInvisible=1 targetUpdateTotal=10 targetUpdateVisible=5 targetUpdateSkippedBeyondFar=0 targetUpdateSkippedShaderApply=0
[Stage6 Capture] frameWidth=800 frameHeight=800 tcpWidth=800 tcpHeight=800 renderTextureWidth=800 renderTextureHeight=800 textureCropApplied=0 source=final_sensor channels=RGB8 readbackMode=EveryFrame readbackEveryN=1 copyRamAttached=1 copyRamMode=RTM_copy_ram tcpFrameReused=0 diagnostic_only=0 renderPath=direct_final sourceSeq=3240 readbackMs=2.09475 resizeMs=0 frameCopyMs=0.706125 tcpQueueDepth=1 annotationJsonPerFrame=1 annotationOverlayInSensorImage=0
[Stage5 Plume] targetType=0x22 targetPlatID=3 targetID=3 platform=AIM120D engineState=1 band=MWIR coreEnabled=1 haloEnabled=1 coreTempK=1800 haloTempK=1100 coreGray=1 haloGray=0.789749 coreOpacity=1 haloOpacity=0.405 coreVisible=1 haloVisible=1
[TcpFramePacket] frame=3240 imgBytes=26140 annotationBytes=1800 targets=5 width=800 height=800
[TcpPerf] sourceSeq=3240 outputOrdinal=3240 codec=jpeg requestedCodec=jpeg h264En=0 codecFallbackReason=none jpegQuality=95 jpegMode=gray jpegBytes=26140 encodeInputChannels=1 flipMs=1.040 resizeMs=0.000 jpegMs=6.038 tcpSendMs=0.088 queueDepth=0 queueWaitMs=0.001 overwritten=0
[SyncFrame] sourceSeq=3240 outputOrdinal=3240 inputQueueDepth=16 tcpQueueDepth=0 sourceSeqContinuous=1 videoFpsTarget=60.000 frameMs=10.612 latencyMs=413.254 readbackMs=2.095 flipMs=1.040 resizeMs=0.000 jpegMs=6.038 tcpSendMs=0.088 overrun=0 overwritten=0
[Stage6 MTF] sourceSeq=3240 enabled=0 effective=0 mode=GaussianSeparable effectiveMode=GaussianSinglePassSeparableWeights sigmaPixels=0.65 radiusPixels=2 passes=1 applyTo=final_display inputSize=800x800 outputSize=800x800 stage6MtfBlurMs=0 stage6MtfBlurScope=render_pass_upper_bound implementation=single_pass_gpu_separable_weights todo=true_two_pass_separable_if_needed
[Stage6 Noise] sourceSeq=3240 enabled=0 effective=0 applyTo=final_display position=BeforeAGC temporalEnabled=1 temporalSigma=0.005 fpnEnabled=0 fpnSigma=0.003 columnEnabled=0 columnSigma=0.002 rowEnabled=0 rowSigma=0.001 badPixelEnabled=0 badPixelRatio=0.0001 seed=12345 stage6DetectorNoiseMs=0 stage6DetectorNoiseScope=render_pass_upper_bound implementation=single_pass_gpu_hash_noise
[Stage6 AGC] sourceSeq=3240 enabled=0 effective=0 mode=Percentile statsSource=previous_readback updateHz=30 sampleCount=0 lowPercentile=2 highPercentile=98 lowInput=0 highInput=1 gain=1 offset=0 gainSmoothed=1 offsetSmoothed=0 valid=0 fallbackReason=disabled stage6AgcStatsMs=0
[Perf] mode=sync videoFpsTarget=60.000 udpFps=41.468 renderFps=41.468 outputFps=41.468 sceneUpdateMs=3.831 annotationMs=3.606 irUpdateMs=1.953 irEnvBuildMs=0.008 stage7SkyGroundMs=1.339 platformRadianceMs=0.014 targetRadianceMs=0.064 stage4HotspotMs=2.036 stage5PlumeMs=0.194 stage5RadianceComponentMs=1.938 stage5AeroThermalMs=0.008 stage5ModtranLookupMs=0.000 shaderInputApplyMs=3.470 shaderInputApplyScope=exclusive stage7SkyGroundScope=inclusive stage4HotspotScope=inclusive shaderInputSetCount=1682 shaderInputSkipCount=18434 shaderInputCacheHitRate=91.638 stage5ModtranCacheHitCount=0 stage5ModtranCacheMissCount=0 stage7FullUpdateCount=13 stage7PositionOnlyCount=28 stage7SkipCount=0 stage4UpdateCount=0 stage4SkipCount=205 plumeUpdateMs=0.264 renderMs=20.179 stage6MtfBlurMs=0.000 stage6MtfBlurScope=render_pass_upper_bound mtfBlurEnabled=0 mtfBlurSigmaPixels=0.650 mtfBlurRadiusPixels=2 stage6DetectorNoiseMs=0.000 stage6DetectorNoiseScope=render_pass_upper_bound detectorNoiseEnabled=0 temporalNoiseSigmaGray=0.005 fpnSigmaGray=0.003 columnNoiseSigmaGray=0.002 rowNoiseSigmaGray=0.001 badPixelRatio=0.000 noisePosition=BeforeAGC stage6AgcStatsMs=0.000 stage6AgcApplyMs=0.000 agcEnabled=0 agcMode=Percentile agcGain=1.000 agcOffset=0.000 agcLowInput=0.000 agcHighInput=1.000 agcSampleCount=0 readbackMs=1.996 resizeMs=0.000 frameCopyMs=0.722 jpegMs=8.065 tcpSendMs=0.142 tcpQueueDepth=0 tcpQueueDepthMax=1 inputQueueDepth=16 inputQueueDepthMax=16 sourceSeqLag=17 latencyAvgMs=422.752 latencyMaxMs=440.128 syncOverrunCount=3478 inputQueueOverflowCount=0 udpFrames=3294 renderFrames=3277 outputFrames=3277
[Perf][WARN] outputFps=41.468 targetFps=60.000 bottleneckSummary=below_60hz irUpdateMs=1.953 stage5ModtranLookupMs=0.000 stage5RadianceComponentMs=1.938 stage5AeroThermalMs=0.008 stage4HotspotMs=2.036 stage7SkyGroundMs=1.339 shaderInputApplyMs=3.470 annotationMs=3.606 renderMs=20.179 stage6MtfBlurMs=0.000 stage6DetectorNoiseMs=0.000 stage6AgcStatsMs=0.000 readbackMs=1.996 jpegMs=8.065 tcpSendMs=0.142 inputQueueDepth=16 sourceSeqLag=17 note=recorderWriteMs_is_reported_by_VideoDisplay_RecorderPerf
[TcpPerf] sourceSeq=3322 outputOrdinal=3322 codec=jpeg requestedCodec=jpeg h264En=0 codecFallbackReason=none jpegQuality=95 jpegMode=gray jpegBytes=31167 encodeInputChannels=1 flipMs=2.187 resizeMs=0.000 jpegMs=9.309 tcpSendMs=0.179 queueDepth=0 queueWaitMs=0.001 overwritten=0
[RenderPerfProbe] pandaDoFrameMs=22.377 renderPath=direct_final graphicsOutputCount=1 activeDisplayRegionCount=1 rawPassEnabled=0 finalPassEnabled=1 annotationOverlayEnabled=0 readbackMode=EveryFrame readbackEveryN=1 copyRamAttached=1 copyRamMode=RTM_copy_ram quietPerfMode=1 bboxFastMode=mesh_body processRealSceneMs=0.224 targetMappingMs=0.133 cameraControlMs=0.018 stage4Stage5UpdateMs=5.165 shaderInputApplyMs=0.000 readbackMs=2.023 frameCopyMs=0.686 jpegMs=8.518 annotationMs=0.003 annotationBBoxMs=0.000 annotationOcclusionMs=0.000 annotationJsonMs=0.000 annotationTargets=5 bboxUpdateCount=554 bboxReuseCount=2770 occlusionUpdateCount=276 occlusionReuseCount=3048 targetUpdateCullInvisible=1 targetUpdateTotal=10 targetUpdateVisible=5 targetUpdateSkippedBeyondFar=0 targetUpdateSkippedShaderApply=0
[SyncFrame][WARN] inputQueueBackpressure sourceSeq=3344 backpressureCount=3000 queueDepth=16 queueCapacity=16 action=wait_for_space
接收UDP数据，长度：506字节，来自：192.168.1.188:9999 packet=3360
解析UDP数据，flag：0x38 packet=3360
[Stage0] Display packet #3360: platID=1, sensorID=1, targetNumValid=5, timeMs=1.78246e+12
处理实时成像数据...
实时数据更新完成，时间戳=1.78246e+12ms
实时数据更新完成，时间戳=1.78246e+12ms
[Stage5 PlumePerf] plumeNodeCount=16 visiblePlumeCount=2 textureLoadCountThisFrame=0 updateHz=30 updatePlumeMs=0.256053 updatePlumeMsMax=0.452666 perfBudgetMs=1
[TargetUpdateCull] enabled=1 total=10 visible=5 skippedBeyondFar=0 skippedShaderApply=0 shaderInputApplyMs=3.75346 stage4Stage5UpdateMs=4.87812
[CameraControl] mode=lookat targetPlatID=3 targetID=34 relPitch=-50.0274 relYaw=30.8174 range=3176.08
[Stage6 FrameDiag] frameIndex=1.78246e+12 packet=3376 band=MWIR whiteHot=1 displayGain=1 displayOffset=0 noiseEnable=0 noiseSigmaGray=0 route=final_sensor targetVisibleCount=5 targetMappedCount=5 hiddenByTargetNum=0 hiddenByTargetViewValid=0 hiddenByWeaponViewValid=0 beyondFarClip=0 skyVisible=1 cameraHpr=-30.8174,-50.0274,0 sensorFovH=0.0999999 sensorFovV=0.0999999 near=1 far=50000
[AnnotationFastPath] enabled=1 frame=3360 bboxDue=0 occlusionDue=0 updateProjection=0 reused=1 bboxUpdateHz=10 occlusionUpdateHz=5 reuseLastWhenSkipped=1 drawOverlay=0 jsonPerFrame=1 quietPerfMode=1 bboxUpdateCount=560 bboxReuseCount=2800 occlusionUpdateCount=279 occlusionReuseCount=3081
[ScenePerfProbe] sourceSeq=3360 processRealSceneMs=0.310 targetMappingMs=0.134 cameraControlMs=0.075 stage4Stage5UpdateMs=4.121 shaderInputApplyMs=0.000 annotationComputeMs=0.011 annotationBBoxMs=0.000 annotationOcclusionMs=0.000 annotationJsonMs=0.000 pandaDoFrameMs=18.754 readbackMs=1.978 frameCopyMs=0.690 jpegMs=8.055 readbackMode=EveryFrame copyRamAttached=1 quietPerfMode=1 bboxFastMode=mesh_body annotationFastJsonMode=1 annotationOverlayInSensorImage=0 annotationJsonPerFrame=1 bboxUpdateCount=560 bboxReuseCount=2800 occlusionUpdateCount=279 occlusionReuseCount=3081 targetUpdateCullInvisible=1 targetUpdateTotal=10 targetUpdateVisible=5 targetUpdateSkippedBeyondFar=0 targetUpdateSkippedShaderApply=0
[Stage6 Capture] frameWidth=800 frameHeight=800 tcpWidth=800 tcpHeight=800 renderTextureWidth=800 renderTextureHeight=800 textureCropApplied=0 source=final_sensor channels=RGB8 readbackMode=EveryFrame readbackEveryN=1 copyRamAttached=1 copyRamMode=RTM_copy_ram tcpFrameReused=0 diagnostic_only=0 renderPath=direct_final sourceSeq=3360 readbackMs=1.94367 resizeMs=0 frameCopyMs=0.693292 tcpQueueDepth=1 annotationJsonPerFrame=1 annotationOverlayInSensorImage=0
[Stage5 Plume] targetType=0x22 targetPlatID=3 targetID=3 platform=AIM120D engineState=1 band=MWIR coreEnabled=1 haloEnabled=1 coreTempK=1800 haloTempK=1100 coreGray=1 haloGray=0.789749 coreOpacity=1 haloOpacity=0.405 coreVisible=1 haloVisible=1
[TcpFramePacket] frame=3360 imgBytes=32879 annotationBytes=1796 targets=5 width=800 height=800
[TcpPerf] sourceSeq=3360 outputOrdinal=3360 codec=jpeg requestedCodec=jpeg h264En=0 codecFallbackReason=none jpegQuality=95 jpegMode=gray jpegBytes=32879 encodeInputChannels=1 flipMs=2.248 resizeMs=0.000 jpegMs=8.691 tcpSendMs=0.188 queueDepth=0 queueWaitMs=0.001 overwritten=0
[SyncFrame] sourceSeq=3360 outputOrdinal=3360 inputQueueDepth=16 tcpQueueDepth=0 sourceSeqContinuous=1 videoFpsTarget=60.000 frameMs=14.533 latencyMs=422.357 readbackMs=1.944 flipMs=2.248 resizeMs=0.000 jpegMs=8.691 tcpSendMs=0.188 overrun=0 overwritten=0
[Stage6 MTF] sourceSeq=3360 enabled=0 effective=0 mode=GaussianSeparable effectiveMode=GaussianSinglePassSeparableWeights sigmaPixels=0.65 radiusPixels=2 passes=1 applyTo=final_display inputSize=800x800 outputSize=800x800 stage6MtfBlurMs=0 stage6MtfBlurScope=render_pass_upper_bound implementation=single_pass_gpu_separable_weights todo=true_two_pass_separable_if_needed
[Stage6 Noise] sourceSeq=3360 enabled=0 effective=0 applyTo=final_display position=BeforeAGC temporalEnabled=1 temporalSigma=0.005 fpnEnabled=0 fpnSigma=0.003 columnEnabled=0 columnSigma=0.002 rowEnabled=0 rowSigma=0.001 badPixelEnabled=0 badPixelRatio=0.0001 seed=12345 stage6DetectorNoiseMs=0 stage6DetectorNoiseScope=render_pass_upper_bound implementation=single_pass_gpu_hash_noise
[Stage6 AGC] sourceSeq=3360 enabled=0 effective=0 mode=Percentile statsSource=previous_readback updateHz=30 sampleCount=0 lowPercentile=2 highPercentile=98 lowInput=0 highInput=1 gain=1 offset=0 gainSmoothed=1 offsetSmoothed=0 valid=0 fallbackReason=disabled stage6AgcStatsMs=0
[Perf] mode=sync videoFpsTarget=60.000 udpFps=41.483 renderFps=41.483 outputFps=41.483 sceneUpdateMs=3.596 annotationMs=3.367 irUpdateMs=2.096 irEnvBuildMs=0.005 stage7SkyGroundMs=0.707 platformRadianceMs=0.014 targetRadianceMs=0.075 stage4HotspotMs=2.146 stage5PlumeMs=0.229 stage5RadianceComponentMs=2.040 stage5AeroThermalMs=0.012 stage5ModtranLookupMs=0.000 shaderInputApplyMs=3.621 shaderInputApplyScope=exclusive stage7SkyGroundScope=inclusive stage4HotspotScope=inclusive shaderInputSetCount=1935 shaderInputSkipCount=18785 shaderInputCacheHitRate=90.661 stage5ModtranCacheHitCount=0 stage5ModtranCacheMissCount=0 stage7FullUpdateCount=14 stage7PositionOnlyCount=28 stage7SkipCount=0 stage4UpdateCount=0 stage4SkipCount=210 plumeUpdateMs=0.245 renderMs=20.412 stage6MtfBlurMs=0.000 stage6MtfBlurScope=render_pass_upper_bound mtfBlurEnabled=0 mtfBlurSigmaPixels=0.650 mtfBlurRadiusPixels=2 stage6DetectorNoiseMs=0.000 stage6DetectorNoiseScope=render_pass_upper_bound detectorNoiseEnabled=0 temporalNoiseSigmaGray=0.005 fpnSigmaGray=0.003 columnNoiseSigmaGray=0.002 rowNoiseSigmaGray=0.001 badPixelRatio=0.000 noisePosition=BeforeAGC stage6AgcStatsMs=0.000 stage6AgcApplyMs=0.000 agcEnabled=0 agcMode=Percentile agcGain=1.000 agcOffset=0.000 agcLowInput=0.000 agcHighInput=1.000 agcSampleCount=0 readbackMs=1.991 resizeMs=0.000 frameCopyMs=0.716 jpegMs=8.632 tcpSendMs=0.182 tcpQueueDepth=0 tcpQueueDepthMax=1 inputQueueDepth=16 inputQueueDepthMax=16 sourceSeqLag=17 latencyAvgMs=431.565 latencyMaxMs=449.302 syncOverrunCount=3574 inputQueueOverflowCount=0 udpFrames=3377 renderFrames=3360 outputFrames=3360
[Perf][WARN] outputFps=41.483 targetFps=60.000 bottleneckSummary=below_60hz irUpdateMs=2.096 stage5ModtranLookupMs=0.000 stage5RadianceComponentMs=2.040 stage5AeroThermalMs=0.012 stage4HotspotMs=2.146 stage7SkyGroundMs=0.707 shaderInputApplyMs=3.621 annotationMs=3.367 renderMs=20.412 stage6MtfBlurMs=0.000 stage6DetectorNoiseMs=0.000 stage6AgcStatsMs=0.000 readbackMs=1.991 jpegMs=8.632 tcpSendMs=0.182 inputQueueDepth=16 sourceSeqLag=17 note=recorderWriteMs_is_reported_by_VideoDisplay_RecorderPerf
[TcpPerf] sourceSeq=3442 outputOrdinal=3442 codec=jpeg requestedCodec=jpeg h264En=0 codecFallbackReason=none jpegQuality=95 jpegMode=gray jpegBytes=39542 encodeInputChannels=1 flipMs=2.256 resizeMs=0.000 jpegMs=8.860 tcpSendMs=0.191 queueDepth=0 queueWaitMs=0.001 overwritten=0
[Perf] mode=sync videoFpsTarget=60.000 udpFps=40.867 renderFps=40.368 outputFps=40.867 sceneUpdateMs=3.964 annotationMs=3.739 irUpdateMs=2.159 irEnvBuildMs=0.006 stage7SkyGroundMs=0.720 platformRadianceMs=0.014 targetRadianceMs=0.089 stage4HotspotMs=2.292 stage5PlumeMs=0.249 stage5RadianceComponentMs=2.013 stage5AeroThermalMs=0.012 stage5ModtranLookupMs=0.000 shaderInputApplyMs=3.661 shaderInputApplyScope=exclusive stage7SkyGroundScope=inclusive stage4HotspotScope=inclusive shaderInputSetCount=1991 shaderInputSkipCount=18291 shaderInputCacheHitRate=90.183 stage5ModtranCacheHitCount=0 stage5ModtranCacheMissCount=0 stage7FullUpdateCount=14 stage7PositionOnlyCount=27 stage7SkipCount=0 stage4UpdateCount=0 stage4SkipCount=205 plumeUpdateMs=0.255 renderMs=20.467 stage6MtfBlurMs=0.000 stage6MtfBlurScope=render_pass_upper_bound mtfBlurEnabled=0 mtfBlurSigmaPixels=0.650 mtfBlurRadiusPixels=2 stage6DetectorNoiseMs=0.000 stage6DetectorNoiseScope=render_pass_upper_bound detectorNoiseEnabled=0 temporalNoiseSigmaGray=0.005 fpnSigmaGray=0.003 columnNoiseSigmaGray=0.002 rowNoiseSigmaGray=0.001 badPixelRatio=0.000 noisePosition=BeforeAGC stage6AgcStatsMs=0.000 stage6AgcApplyMs=0.000 agcEnabled=0 agcMode=Percentile agcGain=1.000 agcOffset=0.000 agcLowInput=0.000 agcHighInput=1.000 agcSampleCount=0 readbackMs=1.978 resizeMs=0.000 frameCopyMs=0.714 jpegMs=8.727 tcpSendMs=0.192 tcpQueueDepth=0 tcpQueueDepthMax=1 inputQueueDepth=16 inputQueueDepthMax=16 sourceSeqLag=17 latencyAvgMs=432.872 latencyMaxMs=449.113 syncOverrunCount=3670 inputQueueOverflowCount=0 udpFrames=3459 renderFrames=3441 outputFrames=3442
[Perf][WARN] outputFps=40.867 targetFps=60.000 bottleneckSummary=below_60hz irUpdateMs=2.159 stage5ModtranLookupMs=0.000 stage5RadianceComponentMs=2.013 stage5AeroThermalMs=0.012 stage4HotspotMs=2.292 stage7SkyGroundMs=0.720 shaderInputApplyMs=3.661 annotationMs=3.739 renderMs=20.467 stage6MtfBlurMs=0.000 stage6DetectorNoiseMs=0.000 stage6AgcStatsMs=0.000 readbackMs=1.978 jpegMs=8.727 tcpSendMs=0.192 inputQueueDepth=16 sourceSeqLag=17 note=recorderWriteMs_is_reported_by_VideoDisplay_RecorderPerf
[RenderPerfProbe] pandaDoFrameMs=20.588 renderPath=direct_final graphicsOutputCount=1 activeDisplayRegionCount=1 rawPassEnabled=0 finalPassEnabled=1 annotationOverlayEnabled=0 readbackMode=EveryFrame readbackEveryN=1 copyRamAttached=1 copyRamMode=RTM_copy_ram quietPerfMode=1 bboxFastMode=mesh_body processRealSceneMs=0.225 targetMappingMs=0.135 cameraControlMs=0.016 stage4Stage5UpdateMs=3.289 shaderInputApplyMs=0.000 readbackMs=1.947 frameCopyMs=0.700 jpegMs=9.658 annotationMs=0.004 annotationBBoxMs=0.000 annotationOcclusionMs=0.000 annotationJsonMs=0.000 annotationTargets=5 bboxUpdateCount=574 bboxReuseCount=2870 occlusionUpdateCount=286 occlusionReuseCount=3158 targetUpdateCullInvisible=1 targetUpdateTotal=10 targetUpdateVisible=5 targetUpdateSkippedBeyondFar=0 targetUpdateSkippedShaderApply=0
[SyncFrame][WARN] inputQueueBackpressure sourceSeq=3464 backpressureCount=3120 queueDepth=16 queueCapacity=16 action=wait_for_space
[AnnotationCollisionCache] platform=AIM120D targetID=3 built=0 reused=1 triangles=1532 solids=1532
接收UDP数据，长度：506字节，来自：192.168.1.188:9999 packet=3480
解析UDP数据，flag：0x38 packet=3480
[Stage0] Display packet #3480: platID=1, sensorID=1, targetNumValid=5, timeMs=1.78246e+12
处理实时成像数据...
实时数据更新完成，时间戳=1.78246e+12ms
实时数据更新完成，时间戳=1.78246e+12ms
[CameraControl] mode=lookat targetPlatID=3 targetID=34 relPitch=-63.1607 relYaw=50.1788 range=2642.33
[Stage6 FrameDiag] frameIndex=1.78246e+12 packet=3496 band=MWIR whiteHot=1 displayGain=1 displayOffset=0 noiseEnable=0 noiseSigmaGray=0 route=final_sensor targetVisibleCount=5 targetMappedCount=5 hiddenByTargetNum=0 hiddenByTargetViewValid=0 hiddenByWeaponViewValid=0 beyondFarClip=0 skyVisible=1 cameraHpr=-50.1788,-63.1607,0 sensorFovH=0.0999999 sensorFovV=0.0999999 near=1 far=50000
[AnnotationFastPath] enabled=1 frame=3480 bboxDue=0 occlusionDue=0 updateProjection=0 reused=1 bboxUpdateHz=10 occlusionUpdateHz=5 reuseLastWhenSkipped=1 drawOverlay=0 jsonPerFrame=1 quietPerfMode=1 bboxUpdateCount=580 bboxReuseCount=2900 occlusionUpdateCount=289 occlusionReuseCount=3191
[ScenePerfProbe] sourceSeq=3480 processRealSceneMs=0.332 targetMappingMs=0.130 cameraControlMs=0.076 stage4Stage5UpdateMs=3.212 shaderInputApplyMs=0.000 annotationComputeMs=0.012 annotationBBoxMs=0.000 annotationOcclusionMs=0.000 annotationJsonMs=0.000 pandaDoFrameMs=18.200 readbackMs=2.009 frameCopyMs=0.685 jpegMs=8.420 readbackMode=EveryFrame copyRamAttached=1 quietPerfMode=1 bboxFastMode=mesh_body annotationFastJsonMode=1 annotationOverlayInSensorImage=0 annotationJsonPerFrame=1 bboxUpdateCount=580 bboxReuseCount=2900 occlusionUpdateCount=289 occlusionReuseCount=3191 targetUpdateCullInvisible=1 targetUpdateTotal=10 targetUpdateVisible=5 targetUpdateSkippedBeyondFar=0 targetUpdateSkippedShaderApply=0
[Stage6 Capture] frameWidth=800 frameHeight=800 tcpWidth=800 tcpHeight=800 renderTextureWidth=800 renderTextureHeight=800 textureCropApplied=0 source=final_sensor channels=RGB8 readbackMode=EveryFrame readbackEveryN=1 copyRamAttached=1 copyRamMode=RTM_copy_ram tcpFrameReused=0 diagnostic_only=0 renderPath=direct_final sourceSeq=3480 readbackMs=1.92004 resizeMs=0 frameCopyMs=0.701459 tcpQueueDepth=1 annotationJsonPerFrame=1 annotationOverlayInSensorImage=0
[Stage5 Plume] targetType=0x22 targetPlatID=3 targetID=3 platform=AIM120D engineState=1 band=MWIR coreEnabled=1 haloEnabled=1 coreTempK=1800 haloTempK=1100 coreGray=1 haloGray=0.789749 coreOpacity=1 haloOpacity=0.405 coreVisible=1 haloVisible=1
[TcpFramePacket] frame=3480 imgBytes=38507 annotationBytes=1743 targets=5 width=800 height=800
[TcpPerf] sourceSeq=3480 outputOrdinal=3480 codec=jpeg requestedCodec=jpeg h264En=0 codecFallbackReason=none jpegQuality=95 jpegMode=gray jpegBytes=38507 encodeInputChannels=1 flipMs=2.215 resizeMs=0.000 jpegMs=8.691 tcpSendMs=0.193 queueDepth=0 queueWaitMs=0.001 overwritten=0
[SyncFrame] sourceSeq=3480 outputOrdinal=3480 inputQueueDepth=16 tcpQueueDepth=0 sourceSeqContinuous=1 videoFpsTarget=60.000 frameMs=14.486 latencyMs=437.094 readbackMs=1.920 flipMs=2.215 resizeMs=0.000 jpegMs=8.691 tcpSendMs=0.193 overrun=0 overwritten=0
[Stage6 MTF] sourceSeq=3480 enabled=0 effective=0 mode=GaussianSeparable effectiveMode=GaussianSinglePassSeparableWeights sigmaPixels=0.65 radiusPixels=2 passes=1 applyTo=final_display inputSize=800x800 outputSize=800x800 stage6MtfBlurMs=0 stage6MtfBlurScope=render_pass_upper_bound implementation=single_pass_gpu_separable_weights todo=true_two_pass_separable_if_needed
[Stage6 Noise] sourceSeq=3480 enabled=0 effective=0 applyTo=final_display position=BeforeAGC temporalEnabled=1 temporalSigma=0.005 fpnEnabled=0 fpnSigma=0.003 columnEnabled=0 columnSigma=0.002 rowEnabled=0 rowSigma=0.001 badPixelEnabled=0 badPixelRatio=0.0001 seed=12345 stage6DetectorNoiseMs=0 stage6DetectorNoiseScope=render_pass_upper_bound implementation=single_pass_gpu_hash_noise
[Stage6 AGC] sourceSeq=3480 enabled=0 effective=0 mode=Percentile statsSource=previous_readback updateHz=30 sampleCount=0 lowPercentile=2 highPercentile=98 lowInput=0 highInput=1 gain=1 offset=0 gainSmoothed=1 offsetSmoothed=0 valid=0 fallbackReason=disabled stage6AgcStatsMs=0
[Perf] mode=sync videoFpsTarget=60.000 udpFps=39.982 renderFps=39.982 outputFps=39.982 sceneUpdateMs=4.230 annotationMs=4.003 irUpdateMs=2.123 irEnvBuildMs=0.005 stage7SkyGroundMs=0.712 platformRadianceMs=0.015 targetRadianceMs=0.084 stage4HotspotMs=2.939 stage5PlumeMs=0.236 stage5RadianceComponentMs=2.823 stage5AeroThermalMs=0.012 stage5ModtranLookupMs=0.000 shaderInputApplyMs=4.824 shaderInputApplyScope=exclusive stage7SkyGroundScope=inclusive stage4HotspotScope=inclusive shaderInputSetCount=1920 shaderInputSkipCount=17758 shaderInputCacheHitRate=90.243 stage5ModtranCacheHitCount=0 stage5ModtranCacheMissCount=0 stage7FullUpdateCount=13 stage7PositionOnlyCount=27 stage7SkipCount=0 stage4UpdateCount=0 stage4SkipCount=200 plumeUpdateMs=0.252 renderMs=20.691 stage6MtfBlurMs=0.000 stage6MtfBlurScope=render_pass_upper_bound mtfBlurEnabled=0 mtfBlurSigmaPixels=0.650 mtfBlurRadiusPixels=2 stage6DetectorNoiseMs=0.000 stage6DetectorNoiseScope=render_pass_upper_bound detectorNoiseEnabled=0 temporalNoiseSigmaGray=0.005 fpnSigmaGray=0.003 columnNoiseSigmaGray=0.002 rowNoiseSigmaGray=0.001 badPixelRatio=0.000 noisePosition=BeforeAGC stage6AgcStatsMs=0.000 stage6AgcApplyMs=0.000 agcEnabled=0 agcMode=Percentile agcGain=1.000 agcOffset=0.000 agcLowInput=0.000 agcHighInput=1.000 agcSampleCount=0 readbackMs=1.988 resizeMs=0.000 frameCopyMs=0.707 jpegMs=8.891 tcpSendMs=0.194 tcpQueueDepth=0 tcpQueueDepthMax=1 inputQueueDepth=16 inputQueueDepthMax=16 sourceSeqLag=17 latencyAvgMs=440.109 latencyMaxMs=460.605 syncOverrunCount=3765 inputQueueOverflowCount=0 udpFrames=3540 renderFrames=3522 outputFrames=3523
[Perf][WARN] outputFps=39.982 targetFps=60.000 bottleneckSummary=below_60hz irUpdateMs=2.123 stage5ModtranLookupMs=0.000 stage5RadianceComponentMs=2.823 stage5AeroThermalMs=0.012 stage4HotspotMs=2.939 stage7SkyGroundMs=0.712 shaderInputApplyMs=4.824 annotationMs=4.003 renderMs=20.691 stage6MtfBlurMs=0.000 stage6DetectorNoiseMs=0.000 stage6AgcStatsMs=0.000 readbackMs=1.988 jpegMs=8.891 tcpSendMs=0.194 inputQueueDepth=16 sourceSeqLag=17 note=recorderWriteMs_is_reported_by_VideoDisplay_RecorderPerf
[TcpPerf] sourceSeq=3562 outputOrdinal=3562 codec=jpeg requestedCodec=jpeg h264En=0 codecFallbackReason=none jpegQuality=95 jpegMode=gray jpegBytes=40234 encodeInputChannels=1 flipMs=2.245 resizeMs=0.000 jpegMs=8.556 tcpSendMs=0.182 queueDepth=0 queueWaitMs=0.001 overwritten=0
[RenderPerfProbe] pandaDoFrameMs=20.295 renderPath=direct_final graphicsOutputCount=1 activeDisplayRegionCount=1 rawPassEnabled=0 finalPassEnabled=1 annotationOverlayEnabled=0 readbackMode=EveryFrame readbackEveryN=1 copyRamAttached=1 copyRamMode=RTM_copy_ram quietPerfMode=1 bboxFastMode=mesh_body processRealSceneMs=0.224 targetMappingMs=0.135 cameraControlMs=0.017 stage4Stage5UpdateMs=3.748 shaderInputApplyMs=0.000 readbackMs=1.891 frameCopyMs=0.693 jpegMs=9.101 annotationMs=0.003 annotationBBoxMs=0.000 annotationOcclusionMs=0.000 annotationJsonMs=0.000 annotationTargets=5 bboxUpdateCount=594 bboxReuseCount=2970 occlusionUpdateCount=296 occlusionReuseCount=3268 targetUpdateCullInvisible=1 targetUpdateTotal=10 targetUpdateVisible=5 targetUpdateSkippedBeyondFar=0 targetUpdateSkippedShaderApply=0
[Perf] mode=sync videoFpsTarget=60.000 udpFps=17.880 renderFps=26.820 outputFps=26.324 sceneUpdateMs=3.059 annotationMs=2.839 irUpdateMs=2.076 irEnvBuildMs=0.004 stage7SkyGroundMs=0.705 platformRadianceMs=0.015 targetRadianceMs=0.089 stage4HotspotMs=2.721 stage5PlumeMs=0.433 stage5RadianceComponentMs=2.604 stage5AeroThermalMs=0.013 stage5ModtranLookupMs=0.000 shaderInputApplyMs=4.369 shaderInputApplyScope=exclusive stage7SkyGroundScope=inclusive stage4HotspotScope=inclusive shaderInputSetCount=1190 shaderInputSkipCount=12130 shaderInputCacheHitRate=91.066 stage5ModtranCacheHitCount=0 stage5ModtranCacheMissCount=0 stage7FullUpdateCount=9 stage7PositionOnlyCount=18 stage7SkipCount=0 stage4UpdateCount=0 stage4SkipCount=135 plumeUpdateMs=0.265 renderMs=20.218 stage6MtfBlurMs=0.000 stage6MtfBlurScope=render_pass_upper_bound mtfBlurEnabled=0 mtfBlurSigmaPixels=0.650 mtfBlurRadiusPixels=2 stage6DetectorNoiseMs=0.000 stage6DetectorNoiseScope=render_pass_upper_bound detectorNoiseEnabled=0 temporalNoiseSigmaGray=0.005 fpnSigmaGray=0.003 columnNoiseSigmaGray=0.002 rowNoiseSigmaGray=0.001 badPixelRatio=0.000 noisePosition=BeforeAGC stage6AgcStatsMs=0.000 stage6AgcApplyMs=0.000 agcEnabled=0 agcMode=Percentile agcGain=1.000 agcOffset=0.000 agcLowInput=0.000 agcHighInput=1.000 agcSampleCount=0 readbackMs=2.002 resizeMs=0.000 frameCopyMs=0.707 jpegMs=7.748 tcpSendMs=0.178 tcpQueueDepth=0 tcpQueueDepthMax=1 inputQueueDepth=0 inputQueueDepthMax=16 sourceSeqLag=0 latencyAvgMs=421.339 latencyMaxMs=441.405 syncOverrunCount=3809 inputQueueOverflowCount=0 udpFrames=3576 renderFrames=3576 outputFrames=3576
[Perf] mode=sync videoFpsTarget=60.000 udpFps=0.000 renderFps=0.000 outputFps=0.000 sceneUpdateMs=0.000 annotationMs=0.000 irUpdateMs=0.000 irEnvBuildMs=0.000 stage7SkyGroundMs=0.000 platformRadianceMs=0.000 targetRadianceMs=0.000 stage4HotspotMs=0.000 stage5PlumeMs=0.000 stage5RadianceComponentMs=0.000 stage5AeroThermalMs=0.000 stage5ModtranLookupMs=0.000 shaderInputApplyMs=0.000 shaderInputApplyScope=exclusive stage7SkyGroundScope=inclusive stage4HotspotScope=inclusive shaderInputSetCount=0 shaderInputSkipCount=0 shaderInputCacheHitRate=0.000 stage5ModtranCacheHitCount=0 stage5ModtranCacheMissCount=0 stage7FullUpdateCount=0 stage7PositionOnlyCount=0 stage7SkipCount=0 stage4UpdateCount=0 stage4SkipCount=0 plumeUpdateMs=0.000 renderMs=0.000 stage6MtfBlurMs=0.000 stage6MtfBlurScope=render_pass_upper_bound mtfBlurEnabled=0 mtfBlurSigmaPixels=0.650 mtfBlurRadiusPixels=2 stage6DetectorNoiseMs=0.000 stage6DetectorNoiseScope=render_pass_upper_bound detectorNoiseEnabled=0 temporalNoiseSigmaGray=0.005 fpnSigmaGray=0.003 columnNoiseSigmaGray=0.002 rowNoiseSigmaGray=0.001 badPixelRatio=0.000 noisePosition=BeforeAGC stage6AgcStatsMs=0.000 stage6AgcApplyMs=0.000 agcEnabled=0 agcMode=Percentile agcGain=1.000 agcOffset=0.000 agcLowInput=0.000 agcHighInput=1.000 agcSampleCount=0 readbackMs=0.000 resizeMs=0.000 frameCopyMs=0.000 jpegMs=0.000 tcpSendMs=0.000 tcpQueueDepth=0 tcpQueueDepthMax=0 inputQueueDepth=0 inputQueueDepthMax=0 sourceSeqLag=0 latencyAvgMs=0.000 latencyMaxMs=0.000 syncOverrunCount=3809 inputQueueOverflowCount=0 udpFrames=3576 renderFrames=3576 outputFrames=3576
[Perf] mode=sync videoFpsTarget=60.000 udpFps=0.000 renderFps=0.000 outputFps=0.000 sceneUpdateMs=0.000 annotationMs=0.000 irUpdateMs=0.000 irEnvBuildMs=0.000 stage7SkyGroundMs=0.000 platformRadianceMs=0.000 targetRadianceMs=0.000 stage4HotspotMs=0.000 stage5PlumeMs=0.000 stage5RadianceComponentMs=0.000 stage5AeroThermalMs=0.000 stage5ModtranLookupMs=0.000 shaderInputApplyMs=0.000 shaderInputApplyScope=exclusive stage7SkyGroundScope=inclusive stage4HotspotScope=inclusive shaderInputSetCount=0 shaderInputSkipCount=0 shaderInputCacheHitRate=0.000 stage5ModtranCacheHitCount=0 stage5ModtranCacheMissCount=0 stage7FullUpdateCount=0 stage7PositionOnlyCount=0 stage7SkipCount=0 stage4UpdateCount=0 stage4SkipCount=0 plumeUpdateMs=0.000 renderMs=0.000 stage6MtfBlurMs=0.000 stage6MtfBlurScope=render_pass_upper_bound mtfBlurEnabled=0 mtfBlurSigmaPixels=0.650 mtfBlurRadiusPixels=2 stage6DetectorNoiseMs=0.000 stage6DetectorNoiseScope=render_pass_upper_bound detectorNoiseEnabled=0 temporalNoiseSigmaGray=0.005 fpnSigmaGray=0.003 columnNoiseSigmaGray=0.002 rowNoiseSigmaGray=0.001 badPixelRatio=0.000 noisePosition=BeforeAGC stage6AgcStatsMs=0.000 stage6AgcApplyMs=0.000 agcEnabled=0 agcMode=Percentile agcGain=1.000 agcOffset=0.000 agcLowInput=0.000 agcHighInput=1.000 agcSampleCount=0 readbackMs=0.000 resizeMs=0.000 frameCopyMs=0.000 jpegMs=0.000 tcpSendMs=0.000 tcpQueueDepth=0 tcpQueueDepthMax=0 inputQueueDepth=0 inputQueueDepthMax=0 sourceSeqLag=0 latencyAvgMs=0.000 latencyMaxMs=0.000 syncOverrunCount=3809 inputQueueOverflowCount=0 udpFrames=3576 renderFrames=3576 outputFrames=3576
[Perf] mode=sync videoFpsTarget=60.000 udpFps=0.000 renderFps=0.000 outputFps=0.000 sceneUpdateMs=0.000 annotationMs=0.000 irUpdateMs=0.000 irEnvBuildMs=0.000 stage7SkyGroundMs=0.000 platformRadianceMs=0.000 targetRadianceMs=0.000 stage4HotspotMs=0.000 stage5PlumeMs=0.000 stage5RadianceComponentMs=0.000 stage5AeroThermalMs=0.000 stage5ModtranLookupMs=0.000 shaderInputApplyMs=0.000 shaderInputApplyScope=exclusive stage7SkyGroundScope=inclusive stage4HotspotScope=inclusive shaderInputSetCount=0 shaderInputSkipCount=0 shaderInputCacheHitRate=0.000 stage5ModtranCacheHitCount=0 stage5ModtranCacheMissCount=0 stage7FullUpdateCount=0 stage7PositionOnlyCount=0 stage7SkipCount=0 stage4UpdateCount=0 stage4SkipCount=0 plumeUpdateMs=0.000 renderMs=0.000 stage6MtfBlurMs=0.000 stage6MtfBlurScope=render_pass_upper_bound mtfBlurEnabled=0 mtfBlurSigmaPixels=0.650 mtfBlurRadiusPixels=2 stage6DetectorNoiseMs=0.000 stage6DetectorNoiseScope=render_pass_upper_bound detectorNoiseEnabled=0 temporalNoiseSigmaGray=0.005 fpnSigmaGray=0.003 columnNoiseSigmaGray=0.002 rowNoiseSigmaGray=0.001 badPixelRatio=0.000 noisePosition=BeforeAGC stage6AgcStatsMs=0.000 stage6AgcApplyMs=0.000 agcEnabled=0 agcMode=Percentile agcGain=1.000 agcOffset=0.000 agcLowInput=0.000 agcHighInput=1.000 agcSampleCount=0 readbackMs=0.000 resizeMs=0.000 frameCopyMs=0.000 jpegMs=0.000 tcpSendMs=0.000 tcpQueueDepth=0 tcpQueueDepthMax=0 inputQueueDepth=0 inputQueueDepthMax=0 sourceSeqLag=0 latencyAvgMs=0.000 latencyMaxMs=0.000 syncOverrunCount=3809 inputQueueOverflowCount=0 udpFrames=3576 renderFrames=3576 outputFrames=3576
[Perf] mode=sync videoFpsTarget=60.000 udpFps=0.000 renderFps=0.000 outputFps=0.000 sceneUpdateMs=0.000 annotationMs=0.000 irUpdateMs=0.000 irEnvBuildMs=0.000 stage7SkyGroundMs=0.000 platformRadianceMs=0.000 targetRadianceMs=0.000 stage4HotspotMs=0.000 stage5PlumeMs=0.000 stage5RadianceComponentMs=0.000 stage5AeroThermalMs=0.000 stage5ModtranLookupMs=0.000 shaderInputApplyMs=0.000 shaderInputApplyScope=exclusive stage7SkyGroundScope=inclusive stage4HotspotScope=inclusive shaderInputSetCount=0 shaderInputSkipCount=0 shaderInputCacheHitRate=0.000 stage5ModtranCacheHitCount=0 stage5ModtranCacheMissCount=0 stage7FullUpdateCount=0 stage7PositionOnlyCount=0 stage7SkipCount=0 stage4UpdateCount=0 stage4SkipCount=0 plumeUpdateMs=0.000 renderMs=0.000 stage6MtfBlurMs=0.000 stage6MtfBlurScope=render_pass_upper_bound mtfBlurEnabled=0 mtfBlurSigmaPixels=0.650 mtfBlurRadiusPixels=2 stage6DetectorNoiseMs=0.000 stage6DetectorNoiseScope=render_pass_upper_bound detectorNoiseEnabled=0 temporalNoiseSigmaGray=0.005 fpnSigmaGray=0.003 columnNoiseSigmaGray=0.002 rowNoiseSigmaGray=0.001 badPixelRatio=0.000 noisePosition=BeforeAGC stage6AgcStatsMs=0.000 stage6AgcApplyMs=0.000 agcEnabled=0 agcMode=Percentile agcGain=1.000 agcOffset=0.000 agcLowInput=0.000 agcHighInput=1.000 agcSampleCount=0 readbackMs=0.000 resizeMs=0.000 frameCopyMs=0.000 jpegMs=0.000 tcpSendMs=0.000 tcpQueueDepth=0 tcpQueueDepthMax=0 inputQueueDepth=0 inputQueueDepthMax=0 sourceSeqLag=0 latencyAvgMs=0.000 latencyMaxMs=0.000 syncOverrunCount=3809 inputQueueOverflowCount=0 udpFrames=3576 renderFrames=3576 outputFrames=3576
[Perf] mode=sync videoFpsTarget=60.000 udpFps=0.000 renderFps=0.000 outputFps=0.000 sceneUpdateMs=0.000 annotationMs=0.000 irUpdateMs=0.000 irEnvBuildMs=0.000 stage7SkyGroundMs=0.000 platformRadianceMs=0.000 targetRadianceMs=0.000 stage4HotspotMs=0.000 stage5PlumeMs=0.000 stage5RadianceComponentMs=0.000 stage5AeroThermalMs=0.000 stage5ModtranLookupMs=0.000 shaderInputApplyMs=0.000 shaderInputApplyScope=exclusive stage7SkyGroundScope=inclusive stage4HotspotScope=inclusive shaderInputSetCount=0 shaderInputSkipCount=0 shaderInputCacheHitRate=0.000 stage5ModtranCacheHitCount=0 stage5ModtranCacheMissCount=0 stage7FullUpdateCount=0 stage7PositionOnlyCount=0 stage7SkipCount=0 stage4UpdateCount=0 stage4SkipCount=0 plumeUpdateMs=0.000 renderMs=0.000 stage6MtfBlurMs=0.000 stage6MtfBlurScope=render_pass_upper_bound mtfBlurEnabled=0 mtfBlurSigmaPixels=0.650 mtfBlurRadiusPixels=2 stage6DetectorNoiseMs=0.000 stage6DetectorNoiseScope=render_pass_upper_bound detectorNoiseEnabled=0 temporalNoiseSigmaGray=0.005 fpnSigmaGray=0.003 columnNoiseSigmaGray=0.002 rowNoiseSigmaGray=0.001 badPixelRatio=0.000 noisePosition=BeforeAGC stage6AgcStatsMs=0.000 stage6AgcApplyMs=0.000 agcEnabled=0 agcMode=Percentile agcGain=1.000 agcOffset=0.000 agcLowInput=0.000 agcHighInput=1.000 agcSampleCount=0 readbackMs=0.000 resizeMs=0.000 frameCopyMs=0.000 jpegMs=0.000 tcpSendMs=0.000 tcpQueueDepth=0 tcpQueueDepthMax=0 inputQueueDepth=0 inputQueueDepthMax=0 sourceSeqLag=0 latencyAvgMs=0.000 latencyMaxMs=0.000 syncOverrunCount=3809 inputQueueOverflowCount=0 udpFrames=3576 renderFrames=3576 outputFrames=3576
[Perf] mode=sync videoFpsTarget=60.000 udpFps=0.000 renderFps=0.000 outputFps=0.000 sceneUpdateMs=0.000 annotationMs=0.000 irUpdateMs=0.000 irEnvBuildMs=0.000 stage7SkyGroundMs=0.000 platformRadianceMs=0.000 targetRadianceMs=0.000 stage4HotspotMs=0.000 stage5PlumeMs=0.000 stage5RadianceComponentMs=0.000 stage5AeroThermalMs=0.000 stage5ModtranLookupMs=0.000 shaderInputApplyMs=0.000 shaderInputApplyScope=exclusive stage7SkyGroundScope=inclusive stage4HotspotScope=inclusive shaderInputSetCount=0 shaderInputSkipCount=0 shaderInputCacheHitRate=0.000 stage5ModtranCacheHitCount=0 stage5ModtranCacheMissCount=0 stage7FullUpdateCount=0 stage7PositionOnlyCount=0 stage7SkipCount=0 stage4UpdateCount=0 stage4SkipCount=0 plumeUpdateMs=0.000 renderMs=0.000 stage6MtfBlurMs=0.000 stage6MtfBlurScope=render_pass_upper_bound mtfBlurEnabled=0 mtfBlurSigmaPixels=0.650 mtfBlurRadiusPixels=2 stage6DetectorNoiseMs=0.000 stage6DetectorNoiseScope=render_pass_upper_bound detectorNoiseEnabled=0 temporalNoiseSigmaGray=0.005 fpnSigmaGray=0.003 columnNoiseSigmaGray=0.002 rowNoiseSigmaGray=0.001 badPixelRatio=0.000 noisePosition=BeforeAGC stage6AgcStatsMs=0.000 stage6AgcApplyMs=0.000 agcEnabled=0 agcMode=Percentile agcGain=1.000 agcOffset=0.000 agcLowInput=0.000 agcHighInput=1.000 agcSampleCount=0 readbackMs=0.000 resizeMs=0.000 frameCopyMs=0.000 jpegMs=0.000 tcpSendMs=0.000 tcpQueueDepth=0 tcpQueueDepthMax=0 inputQueueDepth=0 inputQueueDepthMax=0 sourceSeqLag=0 latencyAvgMs=0.000 latencyMaxMs=0.000 syncOverrunCount=3809 inputQueueOverflowCount=0 udpFrames=3576 renderFrames=3576 outputFrames=3576
[Perf] mode=sync videoFpsTarget=60.000 udpFps=0.000 renderFps=0.000 outputFps=0.000 sceneUpdateMs=0.000 annotationMs=0.000 irUpdateMs=0.000 irEnvBuildMs=0.000 stage7SkyGroundMs=0.000 platformRadianceMs=0.000 targetRadianceMs=0.000 stage4HotspotMs=0.000 stage5PlumeMs=0.000 stage5RadianceComponentMs=0.000 stage5AeroThermalMs=0.000 stage5ModtranLookupMs=0.000 shaderInputApplyMs=0.000 shaderInputApplyScope=exclusive stage7SkyGroundScope=inclusive stage4HotspotScope=inclusive shaderInputSetCount=0 shaderInputSkipCount=0 shaderInputCacheHitRate=0.000 stage5ModtranCacheHitCount=0 stage5ModtranCacheMissCount=0 stage7FullUpdateCount=0 stage7PositionOnlyCount=0 stage7SkipCount=0 stage4UpdateCount=0 stage4SkipCount=0 plumeUpdateMs=0.000 renderMs=0.000 stage6MtfBlurMs=0.000 stage6MtfBlurScope=render_pass_upper_bound mtfBlurEnabled=0 mtfBlurSigmaPixels=0.650 mtfBlurRadiusPixels=2 stage6DetectorNoiseMs=0.000 stage6DetectorNoiseScope=render_pass_upper_bound detectorNoiseEnabled=0 temporalNoiseSigmaGray=0.005 fpnSigmaGray=0.003 columnNoiseSigmaGray=0.002 rowNoiseSigmaGray=0.001 badPixelRatio=0.000 noisePosition=BeforeAGC stage6AgcStatsMs=0.000 stage6AgcApplyMs=0.000 agcEnabled=0 agcMode=Percentile agcGain=1.000 agcOffset=0.000 agcLowInput=0.000 agcHighInput=1.000 agcSampleCount=0 readbackMs=0.000 resizeMs=0.000 frameCopyMs=0.000 jpegMs=0.000 tcpSendMs=0.000 tcpQueueDepth=0 tcpQueueDepthMax=0 inputQueueDepth=0 inputQueueDepthMax=0 sourceSeqLag=0 latencyAvgMs=0.000 latencyMaxMs=0.000 syncOverrunCount=3809 inputQueueOverflowCount=0 udpFrames=3576 renderFrames=3576 outputFrames=3576
[RenderPerfProbe] pandaDoFrameMs=66.567 renderPath=direct_final graphicsOutputCount=1 activeDisplayRegionCount=1 rawPassEnabled=0 finalPassEnabled=1 annotationOverlayEnabled=0 readbackMode=EveryFrame readbackEveryN=1 copyRamAttached=1 copyRamMode=RTM_copy_ram quietPerfMode=1 bboxFastMode=mesh_body processRealSceneMs=0.221 targetMappingMs=0.134 cameraControlMs=0.015 stage4Stage5UpdateMs=3.856 shaderInputApplyMs=0.000 readbackMs=1.775 frameCopyMs=0.686 jpegMs=8.651 annotationMs=0.004 annotationBBoxMs=0.000 annotationOcclusionMs=0.000 annotationJsonMs=0.000 annotationTargets=5 bboxUpdateCount=596 bboxReuseCount=2980 occlusionUpdateCount=297 occlusionReuseCount=3279 targetUpdateCullInvisible=1 targetUpdateTotal=10 targetUpdateVisible=5 targetUpdateSkippedBeyondFar=0 targetUpdateSkippedShaderApply=0
[Perf] mode=sync videoFpsTarget=60.000 udpFps=0.000 renderFps=0.000 outputFps=0.000 sceneUpdateMs=0.000 annotationMs=0.000 irUpdateMs=0.000 irEnvBuildMs=0.000 stage7SkyGroundMs=0.000 platformRadianceMs=0.000 targetRadianceMs=0.000 stage4HotspotMs=0.000 stage5PlumeMs=0.000 stage5RadianceComponentMs=0.000 stage5AeroThermalMs=0.000 stage5ModtranLookupMs=0.000 shaderInputApplyMs=0.000 shaderInputApplyScope=exclusive stage7SkyGroundScope=inclusive stage4HotspotScope=inclusive shaderInputSetCount=0 shaderInputSkipCount=0 shaderInputCacheHitRate=0.000 stage5ModtranCacheHitCount=0 stage5ModtranCacheMissCount=0 stage7FullUpdateCount=0 stage7PositionOnlyCount=0 stage7SkipCount=0 stage4UpdateCount=0 stage4SkipCount=0 plumeUpdateMs=0.000 renderMs=0.000 stage6MtfBlurMs=0.000 stage6MtfBlurScope=render_pass_upper_bound mtfBlurEnabled=0 mtfBlurSigmaPixels=0.650 mtfBlurRadiusPixels=2 stage6DetectorNoiseMs=0.000 stage6DetectorNoiseScope=render_pass_upper_bound detectorNoiseEnabled=0 temporalNoiseSigmaGray=0.005 fpnSigmaGray=0.003 columnNoiseSigmaGray=0.002 rowNoiseSigmaGray=0.001 badPixelRatio=0.000 noisePosition=BeforeAGC stage6AgcStatsMs=0.000 stage6AgcApplyMs=0.000 agcEnabled=0 agcMode=Percentile agcGain=1.000 agcOffset=0.000 agcLowInput=0.000 agcHighInput=1.000 agcSampleCount=0 readbackMs=0.000 resizeMs=0.000 frameCopyMs=0.000 jpegMs=0.000 tcpSendMs=0.000 tcpQueueDepth=0 tcpQueueDepthMax=0 inputQueueDepth=0 inputQueueDepthMax=0 sourceSeqLag=0 latencyAvgMs=0.000 latencyMaxMs=0.000 syncOverrunCount=3809 inputQueueOverflowCount=0 udpFrames=3576 renderFrames=3576 outputFrames=3576
[Perf] mode=sync videoFpsTarget=60.000 udpFps=0.000 renderFps=0.000 outputFps=0.000 sceneUpdateMs=0.000 annotationMs=0.000 irUpdateMs=0.000 irEnvBuildMs=0.000 stage7SkyGroundMs=0.000 platformRadianceMs=0.000 targetRadianceMs=0.000 stage4HotspotMs=0.000 stage5PlumeMs=0.000 stage5RadianceComponentMs=0.000 stage5AeroThermalMs=0.000 stage5ModtranLookupMs=0.000 shaderInputApplyMs=0.000 shaderInputApplyScope=exclusive stage7SkyGroundScope=inclusive stage4HotspotScope=inclusive shaderInputSetCount=0 shaderInputSkipCount=0 shaderInputCacheHitRate=0.000 stage5ModtranCacheHitCount=0 stage5ModtranCacheMissCount=0 stage7FullUpdateCount=0 stage7PositionOnlyCount=0 stage7SkipCount=0 stage4UpdateCount=0 stage4SkipCount=0 plumeUpdateMs=0.000 renderMs=0.000 stage6MtfBlurMs=0.000 stage6MtfBlurScope=render_pass_upper_bound mtfBlurEnabled=0 mtfBlurSigmaPixels=0.650 mtfBlurRadiusPixels=2 stage6DetectorNoiseMs=0.000 stage6DetectorNoiseScope=render_pass_upper_bound detectorNoiseEnabled=0 temporalNoiseSigmaGray=0.005 fpnSigmaGray=0.003 columnNoiseSigmaGray=0.002 rowNoiseSigmaGray=0.001 badPixelRatio=0.000 noisePosition=BeforeAGC stage6AgcStatsMs=0.000 stage6AgcApplyMs=0.000 agcEnabled=0 agcMode=Percentile agcGain=1.000 agcOffset=0.000 agcLowInput=0.000 agcHighInput=1.000 agcSampleCount=0 readbackMs=0.000 resizeMs=0.000 frameCopyMs=0.000 jpegMs=0.000 tcpSendMs=0.000 tcpQueueDepth=0 tcpQueueDepthMax=0 inputQueueDepth=0 inputQueueDepthMax=0 sourceSeqLag=0 latencyAvgMs=0.000 latencyMaxMs=0.000 syncOverrunCount=3809 inputQueueOverflowCount=0 udpFrames=3576 renderFrames=3576 outputFrames=3576
[Perf] mode=sync videoFpsTarget=60.000 udpFps=0.000 renderFps=0.000 outputFps=0.000 sceneUpdateMs=0.000 annotationMs=0.000 irUpdateMs=0.000 irEnvBuildMs=0.000 stage7SkyGroundMs=0.000 platformRadianceMs=0.000 targetRadianceMs=0.000 stage4HotspotMs=0.000 stage5PlumeMs=0.000 stage5RadianceComponentMs=0.000 stage5AeroThermalMs=0.000 stage5ModtranLookupMs=0.000 shaderInputApplyMs=0.000 shaderInputApplyScope=exclusive stage7SkyGroundScope=inclusive stage4HotspotScope=inclusive shaderInputSetCount=0 shaderInputSkipCount=0 shaderInputCacheHitRate=0.000 stage5ModtranCacheHitCount=0 stage5ModtranCacheMissCount=0 stage7FullUpdateCount=0 stage7PositionOnlyCount=0 stage7SkipCount=0 stage4UpdateCount=0 stage4SkipCount=0 plumeUpdateMs=0.000 renderMs=0.000 stage6MtfBlurMs=0.000 stage6MtfBlurScope=render_pass_upper_bound mtfBlurEnabled=0 mtfBlurSigmaPixels=0.650 mtfBlurRadiusPixels=2 stage6DetectorNoiseMs=0.000 stage6DetectorNoiseScope=render_pass_upper_bound detectorNoiseEnabled=0 temporalNoiseSigmaGray=0.005 fpnSigmaGray=0.003 columnNoiseSigmaGray=0.002 rowNoiseSigmaGray=0.001 badPixelRatio=0.000 noisePosition=BeforeAGC stage6AgcStatsMs=0.000 stage6AgcApplyMs=0.000 agcEnabled=0 agcMode=Percentile agcGain=1.000 agcOffset=0.000 agcLowInput=0.000 agcHighInput=1.000 agcSampleCount=0 readbackMs=0.000 resizeMs=0.000 frameCopyMs=0.000 jpegMs=0.000 tcpSendMs=0.000 tcpQueueDepth=0 tcpQueueDepthMax=0 inputQueueDepth=0 inputQueueDepthMax=0 sourceSeqLag=0 latencyAvgMs=0.000 latencyMaxMs=0.000 syncOverrunCount=3809 inputQueueOverflowCount=0 udpFrames=3576 renderFrames=3576 outputFrames=3576
[Perf] mode=sync videoFpsTarget=60.000 udpFps=0.000 renderFps=0.000 outputFps=0.000 sceneUpdateMs=0.000 annotationMs=0.000 irUpdateMs=0.000 irEnvBuildMs=0.000 stage7SkyGroundMs=0.000 platformRadianceMs=0.000 targetRadianceMs=0.000 stage4HotspotMs=0.000 stage5PlumeMs=0.000 stage5RadianceComponentMs=0.000 stage5AeroThermalMs=0.000 stage5ModtranLookupMs=0.000 shaderInputApplyMs=0.000 shaderInputApplyScope=exclusive stage7SkyGroundScope=inclusive stage4HotspotScope=inclusive shaderInputSetCount=0 shaderInputSkipCount=0 shaderInputCacheHitRate=0.000 stage5ModtranCacheHitCount=0 stage5ModtranCacheMissCount=0 stage7FullUpdateCount=0 stage7PositionOnlyCount=0 stage7SkipCount=0 stage4UpdateCount=0 stage4SkipCount=0 plumeUpdateMs=0.000 renderMs=0.000 stage6MtfBlurMs=0.000 stage6MtfBlurScope=render_pass_upper_bound mtfBlurEnabled=0 mtfBlurSigmaPixels=0.650 mtfBlurRadiusPixels=2 stage6DetectorNoiseMs=0.000 stage6DetectorNoiseScope=render_pass_upper_bound detectorNoiseEnabled=0 temporalNoiseSigmaGray=0.005 fpnSigmaGray=0.003 columnNoiseSigmaGray=0.002 rowNoiseSigmaGray=0.001 badPixelRatio=0.000 noisePosition=BeforeAGC stage6AgcStatsMs=0.000 stage6AgcApplyMs=0.000 agcEnabled=0 agcMode=Percentile agcGain=1.000 agcOffset=0.000 agcLowInput=0.000 agcHighInput=1.000 agcSampleCount=0 readbackMs=0.000 resizeMs=0.000 frameCopyMs=0.000 jpegMs=0.000 tcpSendMs=0.000 tcpQueueDepth=0 tcpQueueDepthMax=0 inputQueueDepth=0 inputQueueDepthMax=0 sourceSeqLag=0 latencyAvgMs=0.000 latencyMaxMs=0.000 syncOverrunCount=3809 inputQueueOverflowCount=0 udpFrames=3576 renderFrames=3576 outputFrames=3576
[Perf] mode=sync videoFpsTarget=60.000 udpFps=0.000 renderFps=0.000 outputFps=0.000 sceneUpdateMs=0.000 annotationMs=0.000 irUpdateMs=0.000 irEnvBuildMs=0.000 stage7SkyGroundMs=0.000 platformRadianceMs=0.000 targetRadianceMs=0.000 stage4HotspotMs=0.000 stage5PlumeMs=0.000 stage5RadianceComponentMs=0.000 stage5AeroThermalMs=0.000 stage5ModtranLookupMs=0.000 shaderInputApplyMs=0.000 shaderInputApplyScope=exclusive stage7SkyGroundScope=inclusive stage4HotspotScope=inclusive shaderInputSetCount=0 shaderInputSkipCount=0 shaderInputCacheHitRate=0.000 stage5ModtranCacheHitCount=0 stage5ModtranCacheMissCount=0 stage7FullUpdateCount=0 stage7PositionOnlyCount=0 stage7SkipCount=0 stage4UpdateCount=0 stage4SkipCount=0 plumeUpdateMs=0.000 renderMs=0.000 stage6MtfBlurMs=0.000 stage6MtfBlurScope=render_pass_upper_bound mtfBlurEnabled=0 mtfBlurSigmaPixels=0.650 mtfBlurRadiusPixels=2 stage6DetectorNoiseMs=0.000 stage6DetectorNoiseScope=render_pass_upper_bound detectorNoiseEnabled=0 temporalNoiseSigmaGray=0.005 fpnSigmaGray=0.003 columnNoiseSigmaGray=0.002 rowNoiseSigmaGray=0.001 badPixelRatio=0.000 noisePosition=BeforeAGC stage6AgcStatsMs=0.000 stage6AgcApplyMs=0.000 agcEnabled=0 agcMode=Percentile agcGain=1.000 agcOffset=0.000 agcLowInput=0.000 agcHighInput=1.000 agcSampleCount=0 readbackMs=0.000 resizeMs=0.000 frameCopyMs=0.000 jpegMs=0.000 tcpSendMs=0.000 tcpQueueDepth=0 tcpQueueDepthMax=0 inputQueueDepth=0 inputQueueDepthMax=0 sourceSeqLag=0 latencyAvgMs=0.000 latencyMaxMs=0.000 syncOverrunCount=3809 inputQueueOverflowCount=0 udpFrames=3576 renderFrames=3576 outputFrames=3576
[Perf] mode=sync videoFpsTarget=60.000 udpFps=0.000 renderFps=0.000 outputFps=0.000 sceneUpdateMs=0.000 annotationMs=0.000 irUpdateMs=0.000 irEnvBuildMs=0.000 stage7SkyGroundMs=0.000 platformRadianceMs=0.000 targetRadianceMs=0.000 stage4HotspotMs=0.000 stage5PlumeMs=0.000 stage5RadianceComponentMs=0.000 stage5AeroThermalMs=0.000 stage5ModtranLookupMs=0.000 shaderInputApplyMs=0.000 shaderInputApplyScope=exclusive stage7SkyGroundScope=inclusive stage4HotspotScope=inclusive shaderInputSetCount=0 shaderInputSkipCount=0 shaderInputCacheHitRate=0.000 stage5ModtranCacheHitCount=0 stage5ModtranCacheMissCount=0 stage7FullUpdateCount=0 stage7PositionOnlyCount=0 stage7SkipCount=0 stage4UpdateCount=0 stage4SkipCount=0 plumeUpdateMs=0.000 renderMs=0.000 stage6MtfBlurMs=0.000 stage6MtfBlurScope=render_pass_upper_bound mtfBlurEnabled=0 mtfBlurSigmaPixels=0.650 mtfBlurRadiusPixels=2 stage6DetectorNoiseMs=0.000 stage6DetectorNoiseScope=render_pass_upper_bound detectorNoiseEnabled=0 temporalNoiseSigmaGray=0.005 fpnSigmaGray=0.003 columnNoiseSigmaGray=0.002 rowNoiseSigmaGray=0.001 badPixelRatio=0.000 noisePosition=BeforeAGC stage6AgcStatsMs=0.000 stage6AgcApplyMs=0.000 agcEnabled=0 agcMode=Percentile agcGain=1.000 agcOffset=0.000 agcLowInput=0.000 agcHighInput=1.000 agcSampleCount=0 readbackMs=0.000 resizeMs=0.000 frameCopyMs=0.000 jpegMs=0.000 tcpSendMs=0.000 tcpQueueDepth=0 tcpQueueDepthMax=0 inputQueueDepth=0 inputQueueDepthMax=0 sourceSeqLag=0 latencyAvgMs=0.000 latencyMaxMs=0.000 syncOverrunCount=3809 inputQueueOverflowCount=0 udpFrames=3576 renderFrames=3576 outputFrames=3576
[Perf] mode=sync videoFpsTarget=60.000 udpFps=0.000 renderFps=0.000 outputFps=0.000 sceneUpdateMs=0.000 annotationMs=0.000 irUpdateMs=0.000 irEnvBuildMs=0.000 stage7SkyGroundMs=0.000 platformRadianceMs=0.000 targetRadianceMs=0.000 stage4HotspotMs=0.000 stage5PlumeMs=0.000 stage5RadianceComponentMs=0.000 stage5AeroThermalMs=0.000 stage5ModtranLookupMs=0.000 shaderInputApplyMs=0.000 shaderInputApplyScope=exclusive stage7SkyGroundScope=inclusive stage4HotspotScope=inclusive shaderInputSetCount=0 shaderInputSkipCount=0 shaderInputCacheHitRate=0.000 stage5ModtranCacheHitCount=0 stage5ModtranCacheMissCount=0 stage7FullUpdateCount=0 stage7PositionOnlyCount=0 stage7SkipCount=0 stage4UpdateCount=0 stage4SkipCount=0 plumeUpdateMs=0.000 renderMs=0.000 stage6MtfBlurMs=0.000 stage6MtfBlurScope=render_pass_upper_bound mtfBlurEnabled=0 mtfBlurSigmaPixels=0.650 mtfBlurRadiusPixels=2 stage6DetectorNoiseMs=0.000 stage6DetectorNoiseScope=render_pass_upper_bound detectorNoiseEnabled=0 temporalNoiseSigmaGray=0.005 fpnSigmaGray=0.003 columnNoiseSigmaGray=0.002 rowNoiseSigmaGray=0.001 badPixelRatio=0.000 noisePosition=BeforeAGC stage6AgcStatsMs=0.000 stage6AgcApplyMs=0.000 agcEnabled=0 agcMode=Percentile agcGain=1.000 agcOffset=0.000 agcLowInput=0.000 agcHighInput=1.000 agcSampleCount=0 readbackMs=0.000 resizeMs=0.000 frameCopyMs=0.000 jpegMs=0.000 tcpSendMs=0.000 tcpQueueDepth=0 tcpQueueDepthMax=0 inputQueueDepth=0 inputQueueDepthMax=0 sourceSeqLag=0 latencyAvgMs=0.000 latencyMaxMs=0.000 syncOverrunCount=3809 inputQueueOverflowCount=0 udpFrames=3576 renderFrames=3576 outputFrames=3576
[Perf] mode=sync videoFpsTarget=60.000 udpFps=0.000 renderFps=0.000 outputFps=0.000 sceneUpdateMs=0.000 annotationMs=0.000 irUpdateMs=0.000 irEnvBuildMs=0.000 stage7SkyGroundMs=0.000 platformRadianceMs=0.000 targetRadianceMs=0.000 stage4HotspotMs=0.000 stage5PlumeMs=0.000 stage5RadianceComponentMs=0.000 stage5AeroThermalMs=0.000 stage5ModtranLookupMs=0.000 shaderInputApplyMs=0.000 shaderInputApplyScope=exclusive stage7SkyGroundScope=inclusive stage4HotspotScope=inclusive shaderInputSetCount=0 shaderInputSkipCount=0 shaderInputCacheHitRate=0.000 stage5ModtranCacheHitCount=0 stage5ModtranCacheMissCount=0 stage7FullUpdateCount=0 stage7PositionOnlyCount=0 stage7SkipCount=0 stage4UpdateCount=0 stage4SkipCount=0 plumeUpdateMs=0.000 renderMs=0.000 stage6MtfBlurMs=0.000 stage6MtfBlurScope=render_pass_upper_bound mtfBlurEnabled=0 mtfBlurSigmaPixels=0.650 mtfBlurRadiusPixels=2 stage6DetectorNoiseMs=0.000 stage6DetectorNoiseScope=render_pass_upper_bound detectorNoiseEnabled=0 temporalNoiseSigmaGray=0.005 fpnSigmaGray=0.003 columnNoiseSigmaGray=0.002 rowNoiseSigmaGray=0.001 badPixelRatio=0.000 noisePosition=BeforeAGC stage6AgcStatsMs=0.000 stage6AgcApplyMs=0.000 agcEnabled=0 agcMode=Percentile agcGain=1.000 agcOffset=0.000 agcLowInput=0.000 agcHighInput=1.000 agcSampleCount=0 readbackMs=0.000 resizeMs=0.000 frameCopyMs=0.000 jpegMs=0.000 tcpSendMs=0.000 tcpQueueDepth=0 tcpQueueDepthMax=0 inputQueueDepth=0 inputQueueDepthMax=0 sourceSeqLag=0 latencyAvgMs=0.000 latencyMaxMs=0.000 syncOverrunCount=3809 inputQueueOverflowCount=0 udpFrames=3576 renderFrames=3576 outputFrames=3576
[Perf] mode=sync videoFpsTarget=60.000 udpFps=0.000 renderFps=0.000 outputFps=0.000 sceneUpdateMs=0.000 annotationMs=0.000 irUpdateMs=0.000 irEnvBuildMs=0.000 stage7SkyGroundMs=0.000 platformRadianceMs=0.000 targetRadianceMs=0.000 stage4HotspotMs=0.000 stage5PlumeMs=0.000 stage5RadianceComponentMs=0.000 stage5AeroThermalMs=0.000 stage5ModtranLookupMs=0.000 shaderInputApplyMs=0.000 shaderInputApplyScope=exclusive stage7SkyGroundScope=inclusive stage4HotspotScope=inclusive shaderInputSetCount=0 shaderInputSkipCount=0 shaderInputCacheHitRate=0.000 stage5ModtranCacheHitCount=0 stage5ModtranCacheMissCount=0 stage7FullUpdateCount=0 stage7PositionOnlyCount=0 stage7SkipCount=0 stage4UpdateCount=0 stage4SkipCount=0 plumeUpdateMs=0.000 renderMs=0.000 stage6MtfBlurMs=0.000 stage6MtfBlurScope=render_pass_upper_bound mtfBlurEnabled=0 mtfBlurSigmaPixels=0.650 mtfBlurRadiusPixels=2 stage6DetectorNoiseMs=0.000 stage6DetectorNoiseScope=render_pass_upper_bound detectorNoiseEnabled=0 temporalNoiseSigmaGray=0.005 fpnSigmaGray=0.003 columnNoiseSigmaGray=0.002 rowNoiseSigmaGray=0.001 badPixelRatio=0.000 noisePosition=BeforeAGC stage6AgcStatsMs=0.000 stage6AgcApplyMs=0.000 agcEnabled=0 agcMode=Percentile agcGain=1.000 agcOffset=0.000 agcLowInput=0.000 agcHighInput=1.000 agcSampleCount=0 readbackMs=0.000 resizeMs=0.000 frameCopyMs=0.000 jpegMs=0.000 tcpSendMs=0.000 tcpQueueDepth=0 tcpQueueDepthMax=0 inputQueueDepth=0 inputQueueDepthMax=0 sourceSeqLag=0 latencyAvgMs=0.000 latencyMaxMs=0.000 syncOverrunCount=3809 inputQueueOverflowCount=0 udpFrames=3576 renderFrames=3576 outputFrames=3576
[Perf] mode=sync videoFpsTarget=60.000 udpFps=0.000 renderFps=0.000 outputFps=0.000 sceneUpdateMs=0.000 annotationMs=0.000 irUpdateMs=0.000 irEnvBuildMs=0.000 stage7SkyGroundMs=0.000 platformRadianceMs=0.000 targetRadianceMs=0.000 stage4HotspotMs=0.000 stage5PlumeMs=0.000 stage5RadianceComponentMs=0.000 stage5AeroThermalMs=0.000 stage5ModtranLookupMs=0.000 shaderInputApplyMs=0.000 shaderInputApplyScope=exclusive stage7SkyGroundScope=inclusive stage4HotspotScope=inclusive shaderInputSetCount=0 shaderInputSkipCount=0 shaderInputCacheHitRate=0.000 stage5ModtranCacheHitCount=0 stage5ModtranCacheMissCount=0 stage7FullUpdateCount=0 stage7PositionOnlyCount=0 stage7SkipCount=0 stage4UpdateCount=0 stage4SkipCount=0 plumeUpdateMs=0.000 renderMs=0.000 stage6MtfBlurMs=0.000 stage6MtfBlurScope=render_pass_upper_bound mtfBlurEnabled=0 mtfBlurSigmaPixels=0.650 mtfBlurRadiusPixels=2 stage6DetectorNoiseMs=0.000 stage6DetectorNoiseScope=render_pass_upper_bound detectorNoiseEnabled=0 temporalNoiseSigmaGray=0.005 fpnSigmaGray=0.003 columnNoiseSigmaGray=0.002 rowNoiseSigmaGray=0.001 badPixelRatio=0.000 noisePosition=BeforeAGC stage6AgcStatsMs=0.000 stage6AgcApplyMs=0.000 agcEnabled=0 agcMode=Percentile agcGain=1.000 agcOffset=0.000 agcLowInput=0.000 agcHighInput=1.000 agcSampleCount=0 readbackMs=0.000 resizeMs=0.000 frameCopyMs=0.000 jpegMs=0.000 tcpSendMs=0.000 tcpQueueDepth=0 tcpQueueDepthMax=0 inputQueueDepth=0 inputQueueDepthMax=0 sourceSeqLag=0 latencyAvgMs=0.000 latencyMaxMs=0.000 syncOverrunCount=3809 inputQueueOverflowCount=0 udpFrames=3576 renderFrames=3576 outputFrames=3576
[RenderPerfProbe] pandaDoFrameMs=60.607 renderPath=direct_final graphicsOutputCount=1 activeDisplayRegionCount=1 rawPassEnabled=0 finalPassEnabled=1 annotationOverlayEnabled=0 readbackMode=EveryFrame readbackEveryN=1 copyRamAttached=1 copyRamMode=RTM_copy_ram quietPerfMode=1 bboxFastMode=mesh_body processRealSceneMs=0.221 targetMappingMs=0.134 cameraControlMs=0.015 stage4Stage5UpdateMs=3.856 shaderInputApplyMs=0.000 readbackMs=1.775 frameCopyMs=0.686 jpegMs=8.651 annotationMs=0.004 annotationBBoxMs=0.000 annotationOcclusionMs=0.000 annotationJsonMs=0.000 annotationTargets=5 bboxUpdateCount=596 bboxReuseCount=2980 occlusionUpdateCount=297 occlusionReuseCount=3279 targetUpdateCullInvisible=1 targetUpdateTotal=10 targetUpdateVisible=5 targetUpdateSkippedBeyondFar=0 targetUpdateSkippedShaderApply=0
