
 ********************************************************
 *                                                      *
 *  MODTRAN(R)svn-branch-5.2.1                          *
 *                                                      *
 *  Developed collaboratively by SPECTRAL SCIENCES,     *
 *  INC. (www.spectral.com) and the AIR FORCE RESEARCH  *
 *  LABORATORY (www.vs.afrl.af.mil/Division/VSBYB)      *
 *                                                      *
 *  Please address questions/comments to                *
 *  modtran@spectral.com and/or Gail.Anderson@noaa.gov  *
 *                                                      *
 ********************************************************

 CARD 1  *****T F 2    2    2    0    2    2    2    2    2    2    1    0    0   0.0000.00000

 PROGRAM WILL COMPUTE RADIANCE + SOLAR SCATTER

 ATMOSPHERIC MODEL
         TEMPERATURE =    2     MID-LATITUDE SUMMER 
         WATER VAPOR =    2     MID-LATITUDE SUMMER 
         OZONE       =    2     MID-LATITUDE SUMMER 
                      M4 =     2 M5 =     2 M6 =     2 MDEF =     1

 CARD 1A *****FFF  1 0.0 360.00000  0.000000  0.0000000F F F F F     0.000    0.0000    0.0000    0.0000    0.0000         0

 MOLECULAR BAND MODEL DATA FILES
 -------------------------------
 DATA/01_2009c.bn4
 DATA/01_2009t.bin

 CFC BAND MODEL DATA FILE:               DATA/CFC04_01.ASC                                                                                                                                                                                                                                               

 Version 2.4 of the Clough-Kneizys Water Continuum Data from LBLRTM (24mar2000).

 CARD 2  *****    1    0    1    0    0    0  50.00000   0.00000   0.00000   0.00000   0.00000

 MODEL ATMOSPHERE NO.  2

 *** OZONE DENSITIES ARE BEING SCALED BY   1.00000
     THE ORIGINAL VERTICAL COLUMN CONTAINED   7.10288 GM / M2 OF OZONE
     THE CURRENT  VERTICAL COLUMM CONTAINS    7.10288 GM / M2 OF OZONE

 *** THE WATER PROFILE WAS DECREASED TO FIT THE INPUT WATER COLUMN VALUE
     INITIAL:   2.92236 GM / CM2
     INPUT:     2.92236 GM / CM2
     FINAL:     2.92236 GM / CM2

 AEROSOL MODEL
     REGIME                      AEROSOL TYPE             PROFILE                  SEASON
     -----------------------     --------------------     --------------------     --------------------
     BOUNDARY LAYER (0-2KM)      RURAL                    50.00 KM METEOROLOGICAL_RANGE_AT_SEA_LEVEL
     TROPOSPHERE  (2-10KM)       TROPOSPHERIC             TROPOSPHERIC             SPRING-SUMMER       
     STRATOSPHERE (10-30KM)      BCKGD_STRATOSPHERIC      BCKGD_STRATOSPHERIC      SPRING-SUMMER       
     UPPER ATMOS (30-100KM)      METEORIC DUST            NORMAL              

 CARD 3  *****   5.00000   5.00000   0.00000  35.00000   0.00000   0.00000    0        0.00000

     6371.23  RADIUS OF THE EARTH [KM].

 SLANT PATH, H1ALT TO H2ALT
          H1ALT  =    5.00000 KM
          H2ALT  =    5.00000 KM
          OBSZEN =    0.00000 DEG
          HRANGE =   35.00000 KM
          BETA   =    0.00000 DEG
          BCKZEN =    0.00000 DEG
          LENN   =      0

 CARD 3A1*****    2    0  172    0

 CARD 3A2*****  90.00000  70.00000   0.00000   0.00000   0.00000   0.00000   0.00000   0.00000

 SINGLE SCATTERING CONTROL PARAMETERS SUMMARY

          RELATIVE AZIMUTH AT H1ALT =       90.0000 DEG EAST OF NORTH
          SOLAR ZENITH AT H1ALT =           70.0000 DEG
          TIME (<0 UNDEF) =                        0.0000 GREENWICH TIME
          PATH AZIMUTH (FROM H1ALT TO H2ALT) =     0.0000 DEG EAST OF NORTH
          DAY OF THE YEAR =                     172

 EXTRATERRESTIAL SOURCE IS THE SUN

 H-G PHASE FUNCTION ,G=   0.00000

 CARD 4  *****    9091.0   14286.0      10.0      10.0   SCANNING FUNCTION:TRIANGULAR 

 FREQUENCY RANGE
             IV1 =    9091.0 CM-1  (      1.1000 MICRONS)
             IV2 =   14286.0 CM-1  (      0.7000 MICRONS)
             IDV =      10.0 CM-1
           IFWHM =      10.0 CM-1


 ATMOSPHERIC PROFILES

   I     Z       P       T        N2       CNTMSLF   CNTMFRN MOL SCAT     N-1     O3 (UV)   O2 (UV)   WAT DROP  ICE PART  RAIN RATE
        (KM)    (MB)    (K)               (  MOL/CM2 KM  )      (-)       (-)    (  ATM CM/KM  )       (GM/M3)   (GM/M3)   (MM/HR)
   1   0.0000 1012.999 294.20  7.902E-01 8.829E+20 4.618E+22 9.282E-01 2.682E-04 2.800E-03 3.435E+04     0.000     0.000     0.000
   2   1.0000  901.996 289.70  6.461E-01 3.895E+20 2.788E+22 8.393E-01 2.427E-04 2.801E-03 2.976E+04     0.000     0.000     0.000
   3   2.0000  802.001 285.20  5.271E-01 1.568E+20 1.604E+22 7.581E-01 2.194E-04 2.800E-03 2.581E+04     0.000     0.000     0.000
   4   3.0000  709.996 279.20  4.310E-01 4.900E+19 8.139E+21 6.855E-01 1.985E-04 2.894E-03 2.248E+04     0.000     0.000     0.000
   5   4.0000  628.000 273.20  3.522E-01 1.626E+19 4.247E+21 6.197E-01 1.795E-04 2.987E-03 1.961E+04     0.000     0.000     0.000
   6   5.0000  553.997 267.20  2.865E-01 4.503E+18 2.019E+21 5.589E-01 1.619E-04 3.081E-03 1.710E+04     0.000     0.000     0.000
   7   6.0000  486.998 261.20  2.317E-01 1.677E+18 1.109E+21 5.026E-01 1.456E-04 3.221E-03 1.489E+04     0.000     0.000     0.000
   8   7.0000  426.000 254.70  1.865E-01 6.159E+17 6.032E+20 4.509E-01 1.307E-04 3.501E-03 1.295E+04     0.000     0.000     0.000
   9   8.0000  371.999 248.20  1.497E-01 1.986E+17 3.070E+20 4.040E-01 1.171E-04 3.687E-03 1.128E+04     0.000     0.000     0.000
  10   9.0000  323.999 241.70  1.198E-01 6.483E+16 1.569E+20 3.614E-01 1.047E-04 4.015E-03 9.818E+03     0.000     0.000     0.000
  11  10.0000  280.999 235.30  9.505E-02 1.844E+16 7.458E+19 3.219E-01 9.330E-05 4.198E-03 8.526E+03     0.000     0.000     0.000
  12  11.0000  243.000 228.80  7.518E-02 2.180E+15 2.281E+19 2.863E-01 8.298E-05 5.134E-03 7.406E+03     0.000     0.000     0.000
  13  12.0000  208.999 222.30  5.891E-02 1.621E+14 5.506E+18 2.534E-01 7.345E-05 5.652E-03 6.411E+03     0.000     0.000     0.000
  14  13.0000  179.001 215.80  4.586E-02 9.318E+12 1.165E+18 2.236E-01 6.481E-05 6.708E-03 5.541E+03     0.000     0.000     0.000
  15  14.0000  153.000 215.70  3.353E-02 2.662E+12 5.323E+17 1.912E-01 5.542E-05 8.414E-03 4.631E+03     0.000     0.000     0.000
  16  15.0000  129.999 215.70  2.421E-02 8.885E+11 2.613E+17 1.625E-01 4.709E-05 8.124E-03 3.854E+03     0.000     0.000     0.000
  17  16.0000  111.000 215.70  1.765E-02 6.102E+11 1.849E+17 1.387E-01 4.021E-05 8.324E-03 3.233E+03     0.000     0.000     0.000
  18  17.0000   95.000 215.70  1.293E-02 4.203E+11 1.313E+17 1.187E-01 3.441E-05 8.311E-03 2.726E+03     0.000     0.000     0.000
  19  18.0000   81.200 216.80  9.350E-03 2.945E+11 9.350E+16 1.010E-01 2.926E-05 1.010E-02 2.287E+03     0.000     0.000     0.000
  20  19.0000   69.500 217.90  6.780E-03 2.204E+11 6.888E+16 8.598E-02 2.492E-05 1.290E-02 1.925E+03     0.000     0.000     0.000
  21  20.0000   59.500 219.20  4.911E-03 1.698E+11 5.145E+16 7.317E-02 2.121E-05 1.463E-02 1.622E+03     0.000     0.000     0.000
  22  21.0000   51.000 220.40  3.569E-03 1.349E+11 3.909E+16 6.238E-02 1.808E-05 1.497E-02 1.371E+03     0.000     0.000     0.000
  23  22.0000   43.700 221.60  2.592E-03 1.066E+11 2.962E+16 5.316E-02 1.541E-05 1.542E-02 1.160E+03     0.000     0.000     0.000
  24  23.0000   37.600 222.80  1.898E-03 8.933E+10 2.320E+16 4.549E-02 1.319E-05 1.547E-02 9.867E+02     0.000     0.000     0.000
  25  24.0000   32.200 223.90  1.379E-03 7.003E+10 1.751E+16 3.877E-02 1.124E-05 1.551E-02 8.364E+02     0.000     0.000     0.000
  26  25.0000   27.700 225.10  1.009E-03 5.652E+10 1.346E+16 3.317E-02 9.614E-06 1.592E-02 7.124E+02     0.000     0.000     0.000
  27  30.0000   13.200 233.70  2.126E-04 1.491E+10 3.173E+15 1.523E-02 4.413E-06 1.066E-02 3.223E+02     0.000     0.000     0.000
  28  35.0000 6.519971 245.20  4.713E-05 3.666E+09 7.406E+14 7.168E-03 2.077E-06 6.380E-03 1.507E+02     0.000     0.000     0.000
  29  40.0000 3.329993 257.50  1.115E-05 9.205E+08 1.805E+14 3.486E-03 1.010E-06 2.632E-03 7.307E+01     0.000     0.000     0.000
  30  45.0000 1.759993 269.90  2.834E-06 2.673E+08 4.904E+13 1.758E-03 5.095E-07 7.911E-04 3.679E+01     0.000     0.000     0.000
  31  50.0000 0.951001 275.70  7.930E-07 7.616E+07 1.385E+13 9.299E-04 2.695E-07 2.604E-04 1.945E+01     0.000     0.000     0.000
  32  55.0000 0.514999 269.30  2.437E-07 2.215E+07 4.140E+12 5.155E-04 1.494E-07 9.280E-05 1.078E+01     0.000     0.000     0.000
  33  60.0000 0.272001 257.10  7.460E-08 5.921E+06 1.184E+12 2.852E-04 8.266E-08 3.708E-05 5.962E+00     0.000     0.000     0.000
  34  70.0000 0.067000 218.10  6.290E-09 2.734E+05 7.388E+10 8.281E-05 2.400E-08 3.313E-06 1.731E+00     0.000     0.000     0.000
  35  80.0000 0.012000 174.10  3.166E-10 4.433E+03 2.111E+09 1.858E-05 5.385E-09 3.716E-07 3.883E-01     0.000     0.000     0.000
  36 100.0000 0.000258 190.50  1.223E-13 6.210E-02 1.552E+05 3.651E-07 1.058E-10 1.460E-08 5.842E-03     0.000     0.000     0.000


 ATMOSPHERIC PROFILES

   I     Z       P       T     AEROSOL 1 AEROSOL 2 AEROSOL 3 AEROSOL 4  AER1*RH     RH (%)    RH (%)   CIRRUS   WAT DROP  ICE PART
        (KM)    (MB)    (K)    (      550nm EXTINCTION [KM-1]      )  (BEFORE H2O SCALING)   (AFTER)    (-)     (550nm VIS [KM-1])
   1   0.0000 1012.999 294.20  6.670E-02 0.000E+00 0.000E+00 0.000E+00 2.115E-01 7.618E+01 7.618E+01   0.00000   0.00000   0.00000
   2   1.0000  901.996 289.70  4.150E-02 0.000E+00 0.000E+00 0.000E+00 1.463E-01 6.603E+01 6.603E+01   0.00000   0.00000   0.00000
   3   2.0000  802.001 285.20  2.600E-02 0.000E+00 0.000E+00 0.000E+00 9.886E-02 5.520E+01 5.520E+01   0.00000   0.00000   0.00000
   4   3.0000  709.996 279.20  0.000E+00 1.460E-02 0.000E+00 0.000E+00 0.000E+00 4.529E+01 4.529E+01   0.00000   0.00000   0.00000
   5   4.0000  628.000 273.20  0.000E+00 1.020E-02 0.000E+00 0.000E+00 0.000E+00 3.905E+01 3.905E+01   0.00000   0.00000   0.00000
   6   5.0000  553.997 267.20  0.000E+00 9.310E-03 0.000E+00 0.000E+00 0.000E+00 3.142E+01 3.142E+01   0.00000   0.00000   0.00000
   7   6.0000  486.998 261.20  0.000E+00 7.710E-03 0.000E+00 0.000E+00 0.000E+00 2.998E+01 2.998E+01   0.00000   0.00000   0.00000
   8   7.0000  426.000 254.70  0.000E+00 6.230E-03 0.000E+00 0.000E+00 0.000E+00 3.031E+01 3.031E+01   0.00000   0.00000   0.00000
   9   8.0000  371.999 248.20  0.000E+00 3.370E-03 0.000E+00 0.000E+00 0.000E+00 2.963E+01 2.963E+01   0.00000   0.00000   0.00000
  10   9.0000  323.999 241.70  0.000E+00 1.820E-03 0.000E+00 0.000E+00 0.000E+00 3.015E+01 3.015E+01   0.00000   0.00000   0.00000
  11  10.0000  280.999 235.30  0.000E+00 1.140E-03 0.000E+00 0.000E+00 0.000E+00 2.944E+01 2.944E+01   0.00000   0.00000   0.00000
  12  11.0000  243.000 228.80  0.000E+00 0.000E+00 7.990E-04 0.000E+00 0.000E+00 1.948E+01 1.948E+01   0.00000   0.00000   0.00000
  13  12.0000  208.999 222.30  0.000E+00 0.000E+00 6.410E-04 0.000E+00 0.000E+00 1.069E+01 1.069E+01   0.00000   0.00000   0.00000
  14  13.0000  179.001 215.80  0.000E+00 0.000E+00 5.170E-04 0.000E+00 0.000E+00 5.423E+00 5.423E+00   0.00000   0.00000   0.00000
  15  14.0000  153.000 215.70  0.000E+00 0.000E+00 4.420E-04 0.000E+00 0.000E+00 2.933E+00 2.933E+00   0.00000   0.00000   0.00000
  16  15.0000  129.999 215.70  0.000E+00 0.000E+00 3.950E-04 0.000E+00 0.000E+00 1.695E+00 1.695E+00   0.00000   0.00000   0.00000
  17  16.0000  111.000 215.70  0.000E+00 0.000E+00 3.820E-04 0.000E+00 0.000E+00 1.405E+00 1.405E+00   0.00000   0.00000   0.00000
  18  17.0000   95.000 215.70  0.000E+00 0.000E+00 4.250E-04 0.000E+00 0.000E+00 1.166E+00 1.166E+00   0.00000   0.00000   0.00000
  19  18.0000   81.200 216.80  0.000E+00 0.000E+00 5.200E-04 0.000E+00 0.000E+00 8.563E-01 8.563E-01   0.00000   0.00000   0.00000
  20  19.0000   69.500 217.90  0.000E+00 0.000E+00 5.810E-04 0.000E+00 0.000E+00 6.511E-01 6.511E-01   0.00000   0.00000   0.00000
  21  20.0000   59.500 219.20  0.000E+00 0.000E+00 5.890E-04 0.000E+00 0.000E+00 4.915E-01 4.915E-01   0.00000   0.00000   0.00000
  22  21.0000   51.000 220.40  0.000E+00 0.000E+00 5.020E-04 0.000E+00 0.000E+00 3.819E-01 3.819E-01   0.00000   0.00000   0.00000
  23  22.0000   43.700 221.60  0.000E+00 0.000E+00 4.200E-04 0.000E+00 0.000E+00 2.966E-01 2.966E-01   0.00000   0.00000   0.00000
  24  23.0000   37.600 222.80  0.000E+00 0.000E+00 3.000E-04 0.000E+00 0.000E+00 2.375E-01 2.375E-01   0.00000   0.00000   0.00000
  25  24.0000   32.200 223.90  0.000E+00 0.000E+00 1.980E-04 0.000E+00 0.000E+00 1.863E-01 1.863E-01   0.00000   0.00000   0.00000
  26  25.0000   27.700 225.10  0.000E+00 0.000E+00 1.310E-04 0.000E+00 0.000E+00 1.469E-01 1.469E-01   0.00000   0.00000   0.00000
  27  30.0000   13.200 233.70  0.000E+00 0.000E+00 3.320E-05 0.000E+00 0.000E+00 3.098E-02 3.098E-02   0.00000   0.00000   0.00000
  28  35.0000 6.519971 245.20  0.000E+00 0.000E+00 0.000E+00 4.300E-06 0.000E+00 5.231E-03 5.231E-03   0.00000   0.00000   0.00000
  29  40.0000 3.329993 257.50  0.000E+00 0.000E+00 0.000E+00 1.670E-06 0.000E+00 9.365E-04 9.365E-04   0.00000   0.00000   0.00000
  30  45.0000 1.759993 269.90  0.000E+00 0.000E+00 0.000E+00 8.000E-07 0.000E+00 1.994E-04 1.994E-04   0.00000   0.00000   0.00000
  31  50.0000 0.951001 275.70  0.000E+00 0.000E+00 0.000E+00 4.200E-07 0.000E+00 7.127E-05 7.127E-05   0.00000   0.00000   0.00000
  32  55.0000 0.514999 269.30  0.000E+00 0.000E+00 0.000E+00 2.207E-07 0.000E+00 5.991E-05 5.991E-05   0.00000   0.00000   0.00000
  33  60.0000 0.272001 257.10  0.000E+00 0.000E+00 0.000E+00 1.159E-07 0.000E+00 7.753E-05 7.753E-05   0.00000   0.00000   0.00000
  34  70.0000 0.067000 218.10  0.000E+00 0.000E+00 0.000E+00 3.200E-08 0.000E+00 7.084E-04 7.084E-04   0.00000   0.00000   0.00000
  35  80.0000 0.012000 174.10  0.000E+00 0.000E+00 0.000E+00 5.795E-09 0.000E+00 7.237E-02 7.237E-02   0.00000   0.00000   0.00000
  36 100.0000 0.000258 190.50  0.000E+00 0.000E+00 0.000E+00 1.900E-10 0.000E+00 1.461E-05 1.461E-05   0.00000   0.00000   0.00000


 ATMOSPHERIC PROFILES (AFTER COLUMN SCALING)

   I      Z       P       H2O      O3       CO2      CO       CH4      N2O      O2       NH3      NO       NO2      SO2      HNO3
         (KM)    (MB)  (                                             ATM CM / KM                                                )
   1   0.0000 1012.999  1.74E+03 2.80E-03 3.34E+01 1.39E-02 1.58E-01 2.97E-02 1.94E+04 4.64E-05 2.78E-05 2.13E-06 2.78E-05 4.64E-06
   2   1.0000  901.996  1.16E+03 2.80E-03 3.02E+01 1.22E-02 1.43E-01 2.69E-02 1.75E+04 4.20E-05 2.52E-05 1.93E-06 2.30E-05 5.00E-06
   3   2.0000  802.001  7.34E+02 2.80E-03 2.73E+01 1.06E-02 1.29E-01 2.43E-02 1.58E+04 3.51E-05 2.27E-05 1.74E-06 1.79E-05 5.25E-06
   4   3.0000  709.996  4.10E+02 2.89E-03 2.47E+01 9.25E-03 1.17E-01 2.19E-02 1.43E+04 2.61E-05 2.06E-05 1.58E-06 1.30E-05 5.42E-06
   5   4.0000  628.000  2.36E+02 2.99E-03 2.23E+01 8.13E-03 1.05E-01 1.98E-02 1.30E+04 1.78E-05 1.86E-05 1.43E-06 9.05E-06 5.50E-06
   6   5.0000  553.997  1.24E+02 3.08E-03 2.01E+01 7.28E-03 9.43E-02 1.79E-02 1.17E+04 1.14E-05 1.68E-05 1.29E-06 6.60E-06 5.45E-06
   7   6.0000  486.998  7.59E+01 3.22E-03 1.81E+01 6.47E-03 8.40E-02 1.61E-02 1.05E+04 7.34E-06 1.51E-05 1.16E-06 4.88E-06 5.58E-06
   8   7.0000  426.000  4.60E+01 3.50E-03 1.62E+01 5.62E-03 7.44E-02 1.44E-02 9.42E+03 4.45E-06 1.35E-05 1.04E-06 3.74E-06 5.68E-06
   9   8.0000  371.999  2.61E+01 3.69E-03 1.45E+01 4.79E-03 6.58E-02 1.29E-02 8.44E+03 2.62E-06 1.21E-05 9.29E-07 2.91E-06 5.62E-06
  10   9.0000  323.999  1.49E+01 4.01E-03 1.30E+01 3.95E-03 5.84E-02 1.14E-02 7.55E+03 1.36E-06 1.08E-05 8.38E-07 2.37E-06 5.53E-06
  11  10.0000  280.999  7.96E+00 4.20E-03 1.16E+01 3.21E-03 5.08E-02 9.97E-03 6.73E+03 6.54E-07 9.66E-06 7.66E-07 1.96E-06 5.60E-06
  12  11.0000  243.000  2.74E+00 5.13E-03 1.03E+01 2.57E-03 4.41E-02 8.56E-03 5.98E+03 3.12E-07 8.59E-06 7.50E-07 1.66E-06 5.78E-06
  13  12.0000  208.999  7.46E-01 5.65E-03 9.12E+00 1.98E-03 3.82E-02 7.44E-03 5.30E+03 1.60E-07 7.60E-06 7.98E-07 1.42E-06 6.11E-06
  14  13.0000  179.001  1.79E-01 6.71E-03 8.05E+00 1.43E-03 3.31E-02 6.40E-03 4.67E+03 6.98E-08 6.69E-06 9.95E-07 1.25E-06 6.17E-06
  15  14.0000  153.000  9.56E-02 8.41E-03 6.88E+00 9.61E-04 2.77E-02 5.35E-03 4.00E+03 2.12E-08 5.64E-06 1.43E-06 1.08E-06 6.37E-06
  16  15.0000  129.999  5.52E-02 8.12E-03 5.85E+00 6.40E-04 2.31E-02 4.43E-03 3.40E+03 7.26E-09 4.60E-06 2.78E-06 9.34E-07 7.34E-06
  17  16.0000  111.000  4.58E-02 8.32E-03 4.99E+00 4.26E-04 1.93E-02 3.62E-03 2.90E+03 2.93E-09 3.72E-06 4.43E-06 7.98E-07 1.02E-05
  18  17.0000   95.000  3.80E-02 8.31E-03 4.27E+00 2.96E-04 1.61E-02 2.87E-03 2.48E+03 1.31E-09 2.99E-06 6.16E-06 6.38E-07 1.56E-05
  19  18.0000   81.200  3.18E-02 1.01E-02 3.63E+00 1.99E-04 1.34E-02 2.20E-03 2.11E+03 6.76E-10 2.42E-06 7.78E-06 4.83E-07 2.13E-05
  20  19.0000   69.500  2.75E-02 1.29E-02 3.10E+00 1.33E-04 1.10E-02 1.58E-03 1.80E+03 3.41E-10 2.10E-06 9.11E-06 3.41E-07 2.73E-05
  21  20.0000   59.500  2.41E-02 1.46E-02 2.63E+00 9.74E-05 8.96E-03 1.18E-03 1.53E+03 1.76E-10 1.87E-06 1.02E-05 2.33E-07 3.07E-05
  22  21.0000   51.000  2.15E-02 1.50E-02 2.25E+00 7.69E-05 7.20E-03 8.25E-04 1.30E+03 1.20E-10 1.73E-06 1.10E-05 1.67E-07 3.08E-05
  23  22.0000   43.700  1.91E-02 1.54E-02 1.91E+00 6.55E-05 5.67E-03 6.09E-04 1.11E+03 9.14E-11 1.63E-06 1.15E-05 1.21E-07 2.90E-05
  24  23.0000   37.600  1.75E-02 1.55E-02 1.64E+00 5.95E-05 4.43E-03 4.71E-04 9.51E+02 7.23E-11 1.64E-06 1.17E-05 9.42E-08 2.61E-05
  25  24.0000   32.200  1.55E-02 1.55E-02 1.40E+00 5.43E-05 3.41E-03 3.73E-04 8.10E+02 5.58E-11 1.75E-06 1.19E-05 7.37E-08 2.26E-05
  26  25.0000   27.700  1.39E-02 1.59E-02 1.19E+00 5.05E-05 2.62E-03 2.97E-04 6.93E+02 4.08E-11 2.27E-06 1.24E-05 5.81E-08 1.86E-05
  27  30.0000   13.200  7.16E-03 1.07E-02 5.48E-01 3.04E-05 9.62E-04 1.02E-04 3.18E+02 9.67E-12 3.73E-06 9.38E-06 2.04E-08 5.69E-06
  28  35.0000 6.519971  3.55E-03 6.38E-03 2.58E-01 1.78E-05 3.59E-04 2.65E-05 1.50E+02 1.30E-12 5.12E-06 5.22E-06 8.32E-09 1.18E-06
  29  40.0000 3.329993  1.78E-03 2.63E-03 1.26E-01 1.03E-05 1.37E-04 6.05E-06 7.29E+01 1.02E-13 3.90E-06 1.40E-06 4.74E-09 1.86E-07
  30  45.0000 1.759993  9.58E-04 7.91E-04 6.33E-02 5.81E-06 5.05E-05 1.35E-06 3.67E+01 5.24E-15 2.06E-06 2.02E-07 3.69E-09 2.13E-08
  31  50.0000 0.951001  5.11E-04 2.60E-04 3.35E-02 3.39E-06 1.81E-05 2.99E-07 1.94E+01 6.63E-16 9.58E-07 4.12E-08 3.31E-09 5.16E-09
  32  55.0000 0.514999  2.76E-04 9.28E-05 1.86E-02 2.02E-06 8.11E-06 1.05E-07 1.08E+01 2.47E-16 5.21E-07 1.75E-08 2.37E-09 2.29E-09
  33  60.0000 0.272001  1.43E-04 3.71E-05 1.03E-02 1.33E-06 4.28E-06 3.98E-08 5.96E+00 1.04E-16 2.88E-07 8.13E-09 1.47E-09 1.10E-09
  34  70.0000 0.067000  3.06E-05 3.31E-06 2.98E-03 9.75E-07 1.24E-06 6.44E-09 1.73E+00 2.13E-17 9.52E-08 1.91E-09 3.58E-10 2.71E-10
  35  80.0000 0.012000  3.90E-06 3.72E-07 6.65E-04 1.27E-06 2.79E-07 9.60E-10 3.88E-01 3.79E-18 4.98E-08 3.75E-10 2.47E-11 5.59E-11
  36 100.0000 0.000258  1.46E-08 1.46E-08 7.77E-06 3.68E-07 4.38E-09 1.04E-11 5.84E-03 5.40E-20 7.59E-08 6.21E-12 1.31E-14 9.97E-13


1 ATMOSPHERIC PROFILES

   I      Z       CFC11    CFC12    CFC13    CFC14    CFC22   CFC113   CFC114   CFC115   CLONO2     HNO4   CHCL2F     CCL4     N2O5
         (KM)   (                                                  ATM CM/KM                                                  )
   1   0.0000  1.30E-05 2.23E-05 9.28E-14 9.28E-14 5.57E-06 1.76E-06 1.11E-06 9.28E-14 5.34E-07 4.03E-08 9.28E-14 1.21E-05 2.25E-11
   2   1.0000  1.18E-05 2.01E-05 8.39E-14 8.39E-14 5.03E-06 1.59E-06 1.01E-06 8.39E-14 4.30E-07 1.79E-07 8.39E-14 1.09E-05 8.01E-11
   3   2.0000  1.06E-05 1.82E-05 7.58E-14 7.58E-14 4.54E-06 1.44E-06 9.10E-07 7.58E-14 3.42E-07 2.91E-07 7.58E-14 9.85E-06 1.26E-10
   4   3.0000  9.60E-06 1.65E-05 6.86E-14 6.86E-14 4.10E-06 1.30E-06 8.23E-07 6.86E-14 2.66E-07 3.80E-07 6.86E-14 8.91E-06 1.63E-10
   5   4.0000  8.68E-06 1.49E-05 6.20E-14 6.20E-14 3.71E-06 1.18E-06 7.44E-07 6.20E-14 2.02E-07 4.49E-07 6.20E-14 8.06E-06 1.91E-10
   6   5.0000  7.82E-06 1.34E-05 5.59E-14 5.59E-14 3.34E-06 1.06E-06 6.71E-07 5.59E-14 1.54E-07 1.02E-06 5.59E-14 7.25E-06 2.02E-10
   7   6.0000  7.04E-06 1.21E-05 5.03E-14 5.03E-14 3.00E-06 9.55E-07 6.03E-07 5.03E-14 1.13E-07 1.46E-06 5.03E-14 6.51E-06 2.07E-10
   8   7.0000  6.31E-06 1.08E-05 4.51E-14 4.51E-14 2.69E-06 8.57E-07 5.41E-07 4.51E-14 7.87E-08 1.80E-06 4.51E-14 5.83E-06 2.09E-10
   9   8.0000  5.66E-06 9.70E-06 4.04E-14 4.04E-14 2.41E-06 7.68E-07 4.85E-07 4.04E-14 5.01E-08 2.06E-06 4.04E-14 5.21E-06 2.08E-10
  10   9.0000  5.05E-06 8.67E-06 3.61E-14 3.61E-14 2.16E-06 6.86E-07 4.34E-07 3.61E-14 4.37E-08 1.77E-06 3.61E-14 4.66E-06 2.08E-10
  11  10.0000  4.49E-06 7.71E-06 3.22E-14 3.22E-14 1.92E-06 6.10E-07 3.86E-07 3.22E-14 3.78E-08 1.52E-06 3.22E-14 4.15E-06 2.05E-10
  12  11.0000  3.99E-06 6.85E-06 2.86E-14 2.86E-14 1.70E-06 5.42E-07 3.44E-07 2.86E-14 3.27E-08 1.30E-06 2.86E-14 3.69E-06 1.99E-10
  13  12.0000  3.52E-06 6.06E-06 2.53E-14 2.53E-14 1.51E-06 4.79E-07 3.04E-07 2.53E-14 2.81E-08 1.11E-06 2.53E-14 3.27E-06 1.92E-10
  14  13.0000  3.02E-06 5.27E-06 2.24E-14 2.24E-14 1.32E-06 4.15E-07 2.66E-07 2.24E-14 1.79E-07 1.26E-06 2.24E-14 2.80E-06 9.85E-09
  15  14.0000  2.50E-06 4.44E-06 1.91E-14 1.91E-14 1.12E-06 3.48E-07 2.25E-07 1.91E-14 2.85E-07 1.33E-06 1.91E-14 2.31E-06 1.67E-08
  16  15.0000  2.06E-06 3.71E-06 1.62E-14 1.62E-14 9.39E-07 2.90E-07 1.89E-07 1.62E-14 3.54E-07 1.34E-06 1.62E-14 1.90E-06 2.12E-08
  17  16.0000  1.71E-06 3.12E-06 1.39E-14 1.39E-14 7.94E-07 2.43E-07 1.60E-07 1.39E-14 3.98E-07 1.32E-06 1.39E-14 1.57E-06 2.41E-08
  18  17.0000  1.33E-06 2.55E-06 1.19E-14 1.19E-14 6.60E-07 1.96E-07 1.33E-07 1.19E-14 1.21E-06 1.69E-06 1.19E-14 1.21E-06 1.04E-07
  19  18.0000  1.03E-06 2.06E-06 1.01E-14 1.01E-14 5.46E-07 1.57E-07 1.10E-07 1.01E-14 1.76E-06 1.92E-06 1.01E-14 9.15E-07 1.60E-07
  20  19.0000  7.82E-07 1.67E-06 8.60E-15 8.60E-15 4.51E-07 1.25E-07 9.05E-08 8.60E-15 2.13E-06 2.04E-06 8.60E-15 6.83E-07 1.97E-07
  21  20.0000  5.87E-07 1.35E-06 7.32E-15 7.32E-15 3.72E-07 9.95E-08 7.46E-08 7.32E-15 2.34E-06 2.09E-06 7.32E-15 4.99E-07 2.19E-07
  22  21.0000  4.28E-07 1.07E-06 6.24E-15 6.24E-15 3.05E-07 7.72E-08 6.09E-08 6.24E-15 2.87E-06 2.19E-06 6.24E-15 3.57E-07 2.59E-07
  23  22.0000  3.04E-07 8.40E-07 5.32E-15 5.32E-15 2.50E-07 5.93E-08 4.95E-08 5.32E-15 3.19E-06 2.22E-06 5.32E-15 2.45E-07 2.82E-07
  24  23.0000  2.07E-07 6.60E-07 4.55E-15 4.55E-15 2.05E-07 4.52E-08 4.03E-08 4.55E-15 3.37E-06 2.21E-06 4.55E-15 1.59E-07 2.94E-07
  25  24.0000  1.32E-07 5.12E-07 3.88E-15 3.88E-15 1.67E-07 3.38E-08 3.26E-08 3.88E-15 3.41E-06 2.14E-06 3.88E-15 9.30E-08 2.95E-07
  26  25.0000  9.05E-08 3.94E-07 3.32E-15 3.32E-15 1.36E-07 2.52E-08 2.64E-08 3.32E-15 3.23E-06 1.93E-06 3.32E-15 6.25E-08 2.56E-07
  27  30.0000  5.94E-09 8.96E-08 1.52E-15 1.52E-15 4.61E-08 4.44E-09 8.58E-09 1.52E-15 1.74E-06 7.77E-07 1.52E-15 2.67E-09 8.41E-08
  28  35.0000  1.42E-10 1.53E-08 7.17E-16 7.17E-16 1.48E-08 5.14E-10 2.62E-09 7.17E-16 3.75E-07 1.05E-07 7.17E-16 2.83E-11 7.76E-09
  29  40.0000  6.45E-13 2.12E-09 3.49E-16 3.49E-16 4.85E-09 4.29E-11 8.09E-10 3.49E-16 1.49E-08 3.47E-09 3.49E-16 1.38E-14 7.43E-11
  30  45.0000  1.61E-14 3.75E-10 1.76E-16 1.76E-16 1.82E-09 5.65E-12 2.84E-10 1.76E-16 2.95E-10 1.54E-10 1.76E-16 9.79E-17 6.92E-13
  31  50.0000  5.55E-16 7.92E-11 9.30E-17 9.30E-17 8.16E-10 9.21E-13 1.16E-10 9.30E-17 4.34E-12 7.10E-12 9.30E-17 1.02E-18 5.85E-15
  32  55.0000  3.15E-17 2.14E-11 5.16E-17 5.16E-17 4.19E-10 2.02E-13 5.36E-11 5.16E-17 6.16E-14 3.51E-13 5.16E-17 1.95E-20 5.38E-17
  33  60.0000  1.21E-18 5.53E-12 2.85E-17 2.85E-17 2.20E-10 4.05E-14 2.48E-11 2.85E-17 4.88E-16 1.37E-14 2.85E-17 1.50E-22 1.46E-19
  34  70.0000  4.22E-21 3.23E-13 8.28E-18 8.28E-18 5.95E-11 1.46E-15 4.85E-12 8.28E-18 5.99E-19 2.66E-16 8.28E-18 8.18E-26 6.79E-23
  35  80.0000  3.68E-24 9.64E-15 1.86E-18 1.86E-18 1.21E-11 2.29E-17 6.60E-13 1.86E-18 7.51E-23 1.57E-18 1.86E-18 5.44E-30 9.46E-27
  36 100.0000  1.14E-30 9.05E-19 3.65E-20 3.65E-20 6.54E-14 4.78E-22 7.78E-16 3.65E-20 2.95E-35 1.22E-31 3.65E-20 1.86E-38 3.06E-37



 CASE 2C:  GIVEN H1ALT, H2ALT, HRANGE:  (   5.00000   5.00000  35.00000 )

 ITERATE AROUND OBSZEN UNTIL RANGE CONVERGES

 ITER      OBSZEN         RANGE        DRANGE          BETA          HMIN        BCKZEN       BENDING
            (DEG)          (KM)          (KM)         (DEG)          (KM)         (DEG)         (DEG)
  1    90.1572524    39.1697654    -4.1697654     0.3519738     4.9731253    90.1572524     0.0374690
  2    90.1460117    36.3687394    -1.3687394     0.3268041     4.9768306    90.1460117     0.0347807
  3    90.1423219    35.4493467    -0.4493467     0.3185425     4.9779870    90.1423219     0.0338988
  4    90.1411106    35.1475227    -0.1475227     0.3158304     4.9783602    90.1411106     0.0336093
  5    90.1407129    35.0484330    -0.0484330     0.3149400     4.9784820    90.1407129     0.0335142
  6    90.1405823    35.0159010    -0.0159010     0.3146477     4.9785219    90.1405823     0.0334830
  7    90.1405394    35.0052205    -0.0052205     0.3145517     4.9785350    90.1405394     0.0334728
  8    90.1405254    35.0017139    -0.0017139     0.3145202     4.9785393    90.1405254     0.0334694
  9    90.1405208    35.0005627    -0.0005627     0.3145098     4.9785407    90.1405208     0.0334683

 REPLACING IPARM=2 SOLAR/LUNAR GEOMETRY PARAMETERS
     90.00000   RELATIVE SOLAR/LUNAR AZIMUTH AT H1ALT (DEG EAST OF NORTH)
     70.00000   SOLAR/LUNAR ZENITH ANGLE AT H1ALT (DEG)

      WITH IPARM=0 SOLAR/LUNAR GEOMETRY PARAMETERS
      0.00000   OBSERVER (H1ALT) LATITUDE (DEG NORTH OF EQUATOR)
      0.00000   OBSERVER (H1ALT) LONGITUDE (DEG WEST OF GREENWICH)
      0.00000   SOURCE LATITUDE (DEG NORTH OF EQUATOR)
     70.02525   SOURCE LONGITUDE (DEG WEST OF GREENWICH)
    180.00000   TRUE PATH AZIMUTH FROM H1ALT TO H2ALT (DEG EAST OF NORTH)



 CASE 2C:  GIVEN H1ALT, H2ALT, HRANGE:  (   5.00000   5.00000  35.00000 )

 ITERATE AROUND OBSZEN UNTIL RANGE CONVERGES

 ITER      OBSZEN         RANGE        DRANGE          BETA          HMIN        BCKZEN       BENDING
            (DEG)          (KM)          (KM)         (DEG)          (KM)         (DEG)         (DEG)
  1    90.1572524    39.1697654    -4.1697654     0.3519738     4.9731253    90.1572524     0.0374690
  2    90.1460117    36.3687394    -1.3687394     0.3268041     4.9768306    90.1460117     0.0347807
  3    90.1423219    35.4493467    -0.4493467     0.3185425     4.9779870    90.1423219     0.0338988
  4    90.1411106    35.1475227    -0.1475227     0.3158304     4.9783602    90.1411106     0.0336093
  5    90.1407129    35.0484330    -0.0484330     0.3149400     4.9784820    90.1407129     0.0335142
  6    90.1405823    35.0159010    -0.0159010     0.3146477     4.9785219    90.1405823     0.0334830
  7    90.1405394    35.0052205    -0.0052205     0.3145517     4.9785350    90.1405394     0.0334728
  8    90.1405254    35.0017139    -0.0017139     0.3145202     4.9785393    90.1405254     0.0334694
  9    90.1405208    35.0005627    -0.0005627     0.3145098     4.9785407    90.1405208     0.0334683


 SLANT PATH PARAMETERS IN STANDARD FORM

          H1ALT   =    5.00000 KM
          H2ALT   =    5.00000 KM
          OBSZEN  =   90.14052 DEG
          BCKZEN  =   90.14052 DEG
          HMIN    =    4.97854 KM
          LENN    =          1

 CALCULATION OF THE REFRACTED PATH THROUGH THE ATMOSPHERE


  I     START       END     START     DELTA     TOTAL     DELTA     EARTH    END TO     DELTA      PATH      LAYER   LAYER     LAYER
     ALTITUDE  ALTITUDE    TO END     RANGE     RANGE     EARTH    CENTER     START   BENDING   BENDING    AVERAGE     AVG   AVERAGE
                           ZENITH                         ANGLE     ANGLE    ZENITH                       PRESSURE    TEMP   DENSITY
         (KM)      (KM)     (DEG)     (KM)       (KM)     (DEG)     (DEG)     (DEG)     (DEG)    (DEG)        (MB)     (K)  (GM/CM3)
      TANGENT   H1ALT
      HEIGHT
  1   4.97854   5.00000  90.00000  17.50021  17.50021   0.15725   0.15725  90.14052   0.01673   0.01673  554.97651  267.28 7.233E-04

         DOUBLE RANGE, BETA, BENDING
         FOR SYMMETRIC PART OF PATH       35.000             0.315                      0.033





1  LAYER ABSORBER AMOUNTS FOR THE PATH SEGMENT ENDING AT Z

  J      Z        TBAR       HNO3         O3 UV     CNTMSLF1     CNTMSLF2      CNTMFRN        O2         WAT DROP     ICE PART
       (KM)        (K)     (ATM CM)     (ATM CM)   (MOL CM-2)   (MOL CM-2)   (MOL CM-2)   (MOL CM-2)   (KM GM/M3)   (KM GM/M3)

  1    4.9785   267.28    9.538E-05    5.389E-02    8.025E+19    6.401E+19    3.571E+22    2.998E+05    0.0000000    0.0000000
  2    5.0000   267.28    9.538E-05    5.389E-02    8.025E+19    6.401E+19    3.571E+22    2.998E+05    0.0000000    0.0000000



1 J      Z        N2 CONT     MOL SCAT        AER 1        AER 2        AER 3        AER 4        CIRRUS     WAT DROP     ICE PART
        (KM)                (550nm EXT)                                                                     (550 NM OPTICAL DEPTH)

  1    4.9785    5.0286212    0.1187038    0.0000000    0.1631364    0.0000000    0.0000000    0.0000000    0.0000000    0.0000000
  2    5.0000    5.0286212    0.1187038    0.0000000    0.1631364    0.0000000    0.0000000    0.0000000    0.0000000    0.0000000



1    J    Z       H2O       O3        CO2       CO        CH4       N2O       O2        NH3       NO        NO2       SO2
        (KM)    (                                                      ATM CM                                             )

   1    4.9785  2.20E+03  5.39E-02  3.53E+02  1.28E-01  1.65E+00  3.13E-01  2.05E+05  2.01E-04  2.94E-04  2.25E-05  1.16E-04
   2    5.0000  2.20E+03  5.39E-02  3.53E+02  1.28E-01  1.65E+00  3.13E-01  2.05E+05  2.01E-04  2.94E-04  2.25E-05  1.16E-04



   J      Z       CFC11    CFC12    CFC13    CFC14    CFC22   CFC113   CFC114   CFC115   CLONO2     HNO4   CHCL2F     CCL4     N2O5
        (KM)    (                                                     ATM CM                                                     )
   1    4.9785 1.37E-04 2.35E-04 9.80E-13 9.80E-13 5.86E-05 1.86E-05 1.18E-05 9.80E-13 2.71E-06 1.76E-05 9.80E-13 1.27E-04 3.53E-09
   2    5.0000 1.37E-04 2.35E-04 9.80E-13 9.80E-13 5.86E-05 1.86E-05 1.18E-05 9.80E-13 2.71E-06 1.76E-05 9.80E-13 1.27E-04 3.53E-09


 SUMMARY OF THE GEOMETRY CALCULATION

          H1ALT   =    5.00000 KM
          H2ALT   =    5.00000 KM
          OBSZEN  =   90.14052 DEG
          HRANGE  =   35.00041 KM
          BETA    =    0.31451 DEG
          PHI     =   90.14052 DEG
          HMIN    =    4.97854 KM
          BENDING =    0.03347 DEG
          LENN    =          1


   TOTAL COLUMN ABSORBER AMOUNTS FOR THE LINE-OF-SIGHT PATH:

                 HNO3      O3 UV      CNTMSLF1    CNTMSLF2    CNTMFRN     N2 CONT     MOL SCAT   TOTAL AER
               (ATM CM)   (ATM CM)   (MOL CM-2)  (MOL CM-2)  (MOL CM-2)              ( 550 NM EXTINCTION )
            1.9076E-04  1.0778E-01  1.6050E+20  1.2802E+20  7.1423E+22  1.0057E+01  0.23740751  0.32627288


                AER 1       AER 2       AER 3       AER 4      CIRRUS     WAT DROP    ICE PART   MEAN AER RH
                (                 550 NM EXTINCTION                 )    (KM GM/M3)  (KM GM/M3)   (PERCENT)
             0.00000000  0.32627288  0.00000000  0.00000000   0.000000    0.000000    0.000000      0.0000


                H2O         O3          CO2         CO          CH4         N2O

             (                                   ATM CM                                   )
            4.3924E+03  1.0778E-01  7.0528E+02  2.5530E-01  3.3053E+00  6.2692E-01


                O2          NH3         NO          NO2         SO2
               (                      ATM CM                      )
            4.0945E+05  4.0161E-04  5.8773E-04  4.5060E-05  2.3187E-04


               CFC11       CFC12       CFC13       CFC14       CFC22      CFC113      CFC114
             (                                    ATM CM                                    )
            2.7428E-04  4.7018E-04  1.9591E-12  1.9591E-12  1.1712E-04  3.7222E-05  2.3510E-05


              CFC115      CLONO2        HNO4      CHCL2F        CCL4        N2O5
             (                                    ATM CM                                    )
            1.9591E-12  5.4101E-06  3.5121E-05  1.9591E-12  2.5430E-04  7.0531E-09


1 SINGLE SCATTER SOLAR PATH GEOMETRY TABLE FOR THE LINE-OF-SIGHT PATH
  -------------------------------------------------------------------

 SCT    SCATTER  SUBTENDED      SOLAR       PATH   RELATIVE    SCATTER
 PNT   ALTITUDE      ANGLE     ZENITH     ZENITH    AZIMUTH      ANGLE
           [KM]      [DEG]      [DEG]      [DEG]      [DEG]      [DEG]
   1    5.00000    0.00000   69.99997   90.14052   90.00000   90.04806    
   2    4.97854    0.15725   69.99999   90.00000   90.05715   90.05370    
   3    5.00000    0.31451   70.00028   89.85948   90.11430   90.05935    

550 nm SINGLE SCATTERING ALBEDO OF THE FOUR AEROSOL MODELS
[NOMINALLY: (1) Boundary Layer, (2) Tropospheric, (3) Stratospheric, and (4) Volcanic]
     AER 1:      0.940674
     AER 2:      0.963462
     AER 3:      1.000000
     AER 4:      0.994932

 SUN ELLIPTIC ORBIT SOLAR IRRADIANCE FACTOR FOR DAY 172:   0.96867

                           RADIANCE (WATTS/CM2-STER-XXX)   [No STER in TOA SOLAR IRRADIANCE]

  FREQ   WAVELENGTH    PATH_THERMAL    SURFACE_EMISSION  SOL_IRR    SINGLE_SCATTER  GROUND_REFLECTED   TOTAL_RADIANCE  INTEGRAL    TOTAL
 (CM-1) (MICRON)      (CM-1)  (MICRN)   (CM-1)  (MICRN)   (CM-1)   (CM-1)  (MICRN)   (CM-1)  (MICRN)   (CM-1)  (MICRN)             TRANS

 9091.00 1.099989     1.51E-22 1.25E-18 0.00E+00 0.00E+00 6.92E-06 4.53E-08 3.74E-04 0.00E+00 0.00E+00 4.53E-08 3.74E-04 2.27E-07  0.69749
 9101.00 1.098780     1.28E-22 1.06E-18 0.00E+00 0.00E+00 6.75E-06 4.58E-08 3.80E-04 0.00E+00 0.00E+00 4.58E-08 3.80E-04 6.85E-07  0.73141
 9111.00 1.097574     1.01E-22 8.34E-19 0.00E+00 0.00E+00 6.77E-06 4.80E-08 3.99E-04 0.00E+00 0.00E+00 4.80E-08 3.99E-04 1.17E-06  0.77857
 9121.00 1.096371     9.54E-23 7.94E-19 0.00E+00 0.00E+00 6.76E-06 4.80E-08 3.99E-04 0.00E+00 0.00E+00 4.80E-08 3.99E-04 1.65E-06  0.77686
 9131.00 1.095170     9.52E-23 7.94E-19 0.00E+00 0.00E+00 6.72E-06 4.74E-08 3.95E-04 0.00E+00 0.00E+00 4.74E-08 3.95E-04 2.12E-06  0.76701
 9141.00 1.093972     7.20E-23 6.02E-19 0.00E+00 0.00E+00 6.44E-06 4.76E-08 3.97E-04 0.00E+00 0.00E+00 4.76E-08 3.97E-04 2.60E-06  0.81499
 9151.00 1.092777     8.44E-23 7.07E-19 0.00E+00 0.00E+00 6.86E-06 4.88E-08 4.09E-04 0.00E+00 0.00E+00 4.88E-08 4.09E-04 3.08E-06  0.77142
 9161.00 1.091584     5.02E-23 4.22E-19 0.00E+00 0.00E+00 6.93E-06 5.32E-08 4.47E-04 0.00E+00 0.00E+00 5.32E-08 4.47E-04 3.62E-06  0.85702
 9171.00 1.090394     6.59E-23 5.55E-19 0.00E+00 0.00E+00 6.99E-06 5.14E-08 4.32E-04 0.00E+00 0.00E+00 5.14E-08 4.32E-04 4.13E-06  0.80219
 9181.00 1.089206     5.58E-23 4.70E-19 0.00E+00 0.00E+00 6.87E-06 5.17E-08 4.36E-04 0.00E+00 0.00E+00 5.17E-08 4.36E-04 4.65E-06  0.82428
 9191.00 1.088021     4.47E-23 3.78E-19 0.00E+00 0.00E+00 6.85E-06 5.29E-08 4.47E-04 0.00E+00 0.00E+00 5.29E-08 4.47E-04 5.17E-06  0.85161
 9201.00 1.086838     5.20E-23 4.41E-19 0.00E+00 0.00E+00 6.78E-06 5.10E-08 4.31E-04 0.00E+00 0.00E+00 5.10E-08 4.31E-04 5.68E-06  0.81789
 9211.00 1.085658     4.88E-23 4.14E-19 0.00E+00 0.00E+00 7.03E-06 5.31E-08 4.51E-04 0.00E+00 0.00E+00 5.31E-08 4.51E-04 6.22E-06  0.82148
 9221.00 1.084481     4.18E-23 3.55E-19 0.00E+00 0.00E+00 6.97E-06 5.36E-08 4.56E-04 0.00E+00 0.00E+00 5.36E-08 4.56E-04 6.75E-06  0.83834
 9231.00 1.083306     4.01E-23 3.42E-19 0.00E+00 0.00E+00 6.80E-06 5.23E-08 4.46E-04 0.00E+00 0.00E+00 5.23E-08 4.46E-04 7.27E-06  0.83759
 9241.00 1.082134     3.33E-23 2.84E-19 0.00E+00 0.00E+00 6.78E-06 5.33E-08 4.55E-04 0.00E+00 0.00E+00 5.33E-08 4.55E-04 7.81E-06  0.85766
 9251.00 1.080964     3.57E-23 3.06E-19 0.00E+00 0.00E+00 6.90E-06 5.36E-08 4.58E-04 0.00E+00 0.00E+00 5.36E-08 4.58E-04 8.34E-06  0.83958
 9261.00 1.079797     3.20E-23 2.74E-19 0.00E+00 0.00E+00 6.99E-06 5.48E-08 4.70E-04 0.00E+00 0.00E+00 5.48E-08 4.70E-04 8.89E-06  0.84929
 9271.00 1.078632     2.74E-23 2.36E-19 0.00E+00 0.00E+00 6.88E-06 5.47E-08 4.70E-04 0.00E+00 0.00E+00 5.47E-08 4.70E-04 9.44E-06  0.86364
 9281.00 1.077470     3.16E-23 2.72E-19 0.00E+00 0.00E+00 7.03E-06 5.48E-08 4.72E-04 0.00E+00 0.00E+00 5.48E-08 4.72E-04 9.99E-06  0.83484
 9291.00 1.076310     2.47E-23 2.13E-19 0.00E+00 0.00E+00 7.01E-06 5.61E-08 4.84E-04 0.00E+00 0.00E+00 5.61E-08 4.84E-04 1.05E-05  0.86434
 9301.00 1.075153     2.58E-23 2.23E-19 0.00E+00 0.00E+00 6.86E-06 5.44E-08 4.71E-04 0.00E+00 0.00E+00 5.44E-08 4.71E-04 1.11E-05  0.85043
 9311.00 1.073998     2.38E-23 2.06E-19 0.00E+00 0.00E+00 6.98E-06 5.57E-08 4.83E-04 0.00E+00 0.00E+00 5.57E-08 4.83E-04 1.16E-05  0.85570
 9321.00 1.072846     2.33E-23 2.03E-19 0.00E+00 0.00E+00 6.89E-06 5.49E-08 4.77E-04 0.00E+00 0.00E+00 5.49E-08 4.77E-04 1.22E-05  0.85048
 9331.00 1.071697     2.23E-23 1.94E-19 0.00E+00 0.00E+00 7.01E-06 5.59E-08 4.87E-04 0.00E+00 0.00E+00 5.59E-08 4.87E-04 1.28E-05  0.84979
 9341.00 1.070549     2.16E-23 1.89E-19 0.00E+00 0.00E+00 6.98E-06 5.56E-08 4.85E-04 0.00E+00 0.00E+00 5.56E-08 4.85E-04 1.33E-05  0.84676
 9351.00 1.069404     2.17E-23 1.90E-19 0.00E+00 0.00E+00 6.71E-06 5.32E-08 4.65E-04 0.00E+00 0.00E+00 5.32E-08 4.65E-04 1.38E-05  0.83818
 9361.00 1.068262     2.08E-23 1.82E-19 0.00E+00 0.00E+00 6.91E-06 5.48E-08 4.80E-04 0.00E+00 0.00E+00 5.48E-08 4.80E-04 1.44E-05  0.83689
 9371.00 1.067122     2.02E-23 1.77E-19 0.00E+00 0.00E+00 7.01E-06 5.55E-08 4.88E-04 0.00E+00 0.00E+00 5.55E-08 4.88E-04 1.49E-05  0.83360
 9381.00 1.065984     1.91E-23 1.68E-19 0.00E+00 0.00E+00 6.97E-06 5.54E-08 4.88E-04 0.00E+00 0.00E+00 5.54E-08 4.88E-04 1.55E-05  0.83424
 9391.00 1.064849     1.83E-23 1.62E-19 0.00E+00 0.00E+00 7.09E-06 5.65E-08 4.98E-04 0.00E+00 0.00E+00 5.65E-08 4.98E-04 1.61E-05  0.83282
 9401.00 1.063717     1.70E-23 1.50E-19 0.00E+00 0.00E+00 7.04E-06 5.64E-08 4.99E-04 0.00E+00 0.00E+00 5.64E-08 4.99E-04 1.66E-05  0.83691
 9411.00 1.062586     1.60E-23 1.42E-19 0.00E+00 0.00E+00 7.02E-06 5.65E-08 5.01E-04 0.00E+00 0.00E+00 5.65E-08 5.01E-04 1.72E-05  0.83809
 9421.00 1.061458     1.49E-23 1.32E-19 0.00E+00 0.00E+00 7.01E-06 5.67E-08 5.04E-04 0.00E+00 0.00E+00 5.67E-08 5.04E-04 1.78E-05  0.84172
 9431.00 1.060333     1.40E-23 1.25E-19 0.00E+00 0.00E+00 6.97E-06 5.67E-08 5.04E-04 0.00E+00 0.00E+00 5.67E-08 5.04E-04 1.83E-05  0.84348
 9441.00 1.059210     1.32E-23 1.17E-19 0.00E+00 0.00E+00 6.95E-06 5.68E-08 5.06E-04 0.00E+00 0.00E+00 5.68E-08 5.06E-04 1.89E-05  0.84531
 9451.00 1.058089     1.23E-23 1.10E-19 0.00E+00 0.00E+00 6.98E-06 5.73E-08 5.12E-04 0.00E+00 0.00E+00 5.73E-08 5.12E-04 1.95E-05  0.84840
 9461.00 1.056971     1.14E-23 1.02E-19 0.00E+00 0.00E+00 7.09E-06 5.86E-08 5.24E-04 0.00E+00 0.00E+00 5.86E-08 5.24E-04 2.01E-05  0.85205
 9471.00 1.055855     1.06E-23 9.49E-20 0.00E+00 0.00E+00 7.09E-06 5.89E-08 5.28E-04 0.00E+00 0.00E+00 5.89E-08 5.28E-04 2.06E-05  0.85527
 9481.00 1.054741     9.86E-24 8.86E-20 0.00E+00 0.00E+00 7.08E-06 5.92E-08 5.32E-04 0.00E+00 0.00E+00 5.92E-08 5.32E-04 2.12E-05  0.85810
 9491.00 1.053630     9.23E-24 8.31E-20 0.00E+00 0.00E+00 7.03E-06 5.89E-08 5.31E-04 0.00E+00 0.00E+00 5.89E-08 5.31E-04 2.18E-05  0.86032
 9501.00 1.052521     8.68E-24 7.84E-20 0.00E+00 0.00E+00 7.07E-06 5.94E-08 5.37E-04 0.00E+00 0.00E+00 5.94E-08 5.37E-04 2.24E-05  0.86176
 9511.00 1.051414     8.16E-24 7.38E-20 0.00E+00 0.00E+00 7.07E-06 5.97E-08 5.40E-04 0.00E+00 0.00E+00 5.97E-08 5.40E-04 2.30E-05  0.86329
 9521.00 1.050310     7.70E-24 6.98E-20 0.00E+00 0.00E+00 7.07E-06 5.99E-08 5.43E-04 0.00E+00 0.00E+00 5.99E-08 5.43E-04 2.36E-05  0.86426
 9531.00 1.049208     7.30E-24 6.63E-20 0.00E+00 0.00E+00 7.08E-06 6.01E-08 5.46E-04 0.00E+00 0.00E+00 6.01E-08 5.46E-04 2.42E-05  0.86473
 9541.00 1.048108     6.84E-24 6.23E-20 0.00E+00 0.00E+00 7.08E-06 6.04E-08 5.50E-04 0.00E+00 0.00E+00 6.04E-08 5.50E-04 2.48E-05  0.86659
 9551.00 1.047011     6.48E-24 5.91E-20 0.00E+00 0.00E+00 7.02E-06 6.00E-08 5.47E-04 0.00E+00 0.00E+00 6.00E-08 5.47E-04 2.54E-05  0.86707
 9561.00 1.045916     6.14E-24 5.61E-20 0.00E+00 0.00E+00 6.94E-06 5.95E-08 5.44E-04 0.00E+00 0.00E+00 5.95E-08 5.44E-04 2.60E-05  0.86745
 9571.00 1.044823     5.83E-24 5.34E-20 0.00E+00 0.00E+00 7.07E-06 6.08E-08 5.57E-04 0.00E+00 0.00E+00 6.08E-08 5.57E-04 2.66E-05  0.86764
 9581.00 1.043732     5.53E-24 5.07E-20 0.00E+00 0.00E+00 7.08E-06 6.10E-08 5.60E-04 0.00E+00 0.00E+00 6.10E-08 5.60E-04 2.72E-05  0.86799

                           RADIANCE (WATTS/CM2-STER-XXX)   [No STER in TOA SOLAR IRRADIANCE]

  FREQ   WAVELENGTH    PATH_THERMAL    SURFACE_EMISSION  SOL_IRR    SINGLE_SCATTER  GROUND_REFLECTED   TOTAL_RADIANCE  INTEGRAL    TOTAL
 (CM-1) (MICRON)      (CM-1)  (MICRN)   (CM-1)  (MICRN)   (CM-1)   (CM-1)  (MICRN)   (CM-1)  (MICRN)   (CM-1)  (MICRN)             TRANS

 9591.00 1.042644     5.26E-24 4.84E-20 0.00E+00 0.00E+00 7.04E-06 6.07E-08 5.59E-04 0.00E+00 0.00E+00 6.07E-08 5.59E-04 2.78E-05  0.86787
 9601.00 1.041558     5.01E-24 4.62E-20 0.00E+00 0.00E+00 7.10E-06 6.14E-08 5.66E-04 0.00E+00 0.00E+00 6.14E-08 5.66E-04 2.85E-05  0.86757
 9611.00 1.040474     4.75E-24 4.39E-20 0.00E+00 0.00E+00 7.06E-06 6.12E-08 5.65E-04 0.00E+00 0.00E+00 6.12E-08 5.65E-04 2.91E-05  0.86778
 9621.00 1.039393     4.52E-24 4.19E-20 0.00E+00 0.00E+00 7.05E-06 6.13E-08 5.67E-04 0.00E+00 0.00E+00 6.13E-08 5.67E-04 2.97E-05  0.86769
 9631.00 1.038314     4.30E-24 3.99E-20 0.00E+00 0.00E+00 7.05E-06 6.13E-08 5.69E-04 0.00E+00 0.00E+00 6.13E-08 5.69E-04 3.03E-05  0.86764
 9641.00 1.037237     4.10E-24 3.81E-20 0.00E+00 0.00E+00 7.00E-06 6.10E-08 5.67E-04 0.00E+00 0.00E+00 6.10E-08 5.67E-04 3.09E-05  0.86720
 9651.00 1.036162     3.90E-24 3.63E-20 0.00E+00 0.00E+00 7.11E-06 6.21E-08 5.79E-04 0.00E+00 0.00E+00 6.21E-08 5.79E-04 3.15E-05  0.86723
 9661.00 1.035089     3.69E-24 3.44E-20 0.00E+00 0.00E+00 7.03E-06 6.15E-08 5.74E-04 0.00E+00 0.00E+00 6.15E-08 5.74E-04 3.21E-05  0.86780
 9671.00 1.034019     3.52E-24 3.30E-20 0.00E+00 0.00E+00 7.03E-06 6.17E-08 5.77E-04 0.00E+00 0.00E+00 6.17E-08 5.77E-04 3.28E-05  0.86710
 9681.00 1.032951     3.35E-24 3.14E-20 0.00E+00 0.00E+00 7.01E-06 6.16E-08 5.77E-04 0.00E+00 0.00E+00 6.16E-08 5.77E-04 3.34E-05  0.86702
 9691.00 1.031885     3.21E-24 3.01E-20 0.00E+00 0.00E+00 7.11E-06 6.26E-08 5.88E-04 0.00E+00 0.00E+00 6.26E-08 5.88E-04 3.40E-05  0.86611
 9701.00 1.030822     3.06E-24 2.88E-20 0.00E+00 0.00E+00 7.10E-06 6.26E-08 5.89E-04 0.00E+00 0.00E+00 6.26E-08 5.89E-04 3.46E-05  0.86547
 9711.00 1.029760     2.91E-24 2.75E-20 0.00E+00 0.00E+00 7.08E-06 6.26E-08 5.90E-04 0.00E+00 0.00E+00 6.26E-08 5.90E-04 3.53E-05  0.86552
 9721.00 1.028701     2.83E-24 2.68E-20 0.00E+00 0.00E+00 7.09E-06 6.26E-08 5.92E-04 0.00E+00 0.00E+00 6.26E-08 5.92E-04 3.59E-05  0.86235
 9731.00 1.027644     2.76E-24 2.61E-20 0.00E+00 0.00E+00 7.13E-06 6.29E-08 5.96E-04 0.00E+00 0.00E+00 6.29E-08 5.96E-04 3.65E-05  0.85903
 9741.00 1.026589     2.55E-24 2.42E-20 0.00E+00 0.00E+00 7.11E-06 6.31E-08 5.99E-04 0.00E+00 0.00E+00 6.31E-08 5.99E-04 3.71E-05  0.86274
 9751.00 1.025536     2.44E-24 2.32E-20 0.00E+00 0.00E+00 7.13E-06 6.33E-08 6.02E-04 0.00E+00 0.00E+00 6.33E-08 6.02E-04 3.78E-05  0.86203
 9761.00 1.024485     2.37E-24 2.26E-20 0.00E+00 0.00E+00 7.11E-06 6.32E-08 6.02E-04 0.00E+00 0.00E+00 6.32E-08 6.02E-04 3.84E-05  0.85871
 9771.00 1.023437     2.38E-24 2.27E-20 0.00E+00 0.00E+00 7.12E-06 6.30E-08 6.02E-04 0.00E+00 0.00E+00 6.30E-08 6.02E-04 3.90E-05  0.85126
 9781.00 1.022390     2.12E-24 2.03E-20 0.00E+00 0.00E+00 7.05E-06 6.29E-08 6.02E-04 0.00E+00 0.00E+00 6.29E-08 6.02E-04 3.97E-05  0.86052
 9791.00 1.021346     2.01E-24 1.93E-20 0.00E+00 0.00E+00 7.04E-06 6.30E-08 6.04E-04 0.00E+00 0.00E+00 6.30E-08 6.04E-04 4.03E-05  0.86047
 9801.00 1.020304     1.91E-24 1.83E-20 0.00E+00 0.00E+00 7.06E-06 6.33E-08 6.08E-04 0.00E+00 0.00E+00 6.33E-08 6.08E-04 4.09E-05  0.86066
 9811.00 1.019264     1.93E-24 1.86E-20 0.00E+00 0.00E+00 6.98E-06 6.23E-08 6.00E-04 0.00E+00 0.00E+00 6.23E-08 6.00E-04 4.15E-05  0.85209
 9821.00 1.018226     1.70E-24 1.64E-20 0.00E+00 0.00E+00 7.06E-06 6.37E-08 6.14E-04 0.00E+00 0.00E+00 6.37E-08 6.14E-04 4.22E-05  0.86286
 9831.00 1.017191     1.66E-24 1.60E-20 0.00E+00 0.00E+00 7.08E-06 6.38E-08 6.16E-04 0.00E+00 0.00E+00 6.38E-08 6.16E-04 4.28E-05  0.85895
 9841.00 1.016157     1.56E-24 1.51E-20 0.00E+00 0.00E+00 7.06E-06 6.38E-08 6.18E-04 0.00E+00 0.00E+00 6.38E-08 6.18E-04 4.35E-05  0.86100
 9851.00 1.015125     1.52E-24 1.48E-20 0.00E+00 0.00E+00 7.05E-06 6.37E-08 6.18E-04 0.00E+00 0.00E+00 6.37E-08 6.18E-04 4.41E-05  0.85685
 9861.00 1.014096     1.42E-24 1.39E-20 0.00E+00 0.00E+00 7.10E-06 6.44E-08 6.26E-04 0.00E+00 0.00E+00 6.44E-08 6.26E-04 4.47E-05  0.85914
 9871.00 1.013069     1.35E-24 1.31E-20 0.00E+00 0.00E+00 7.11E-06 6.46E-08 6.30E-04 0.00E+00 0.00E+00 6.46E-08 6.30E-04 4.54E-05  0.85961
 9881.00 1.012043     1.34E-24 1.31E-20 0.00E+00 0.00E+00 7.11E-06 6.45E-08 6.29E-04 0.00E+00 0.00E+00 6.45E-08 6.29E-04 4.60E-05  0.85309
 9891.00 1.011020     1.23E-24 1.21E-20 0.00E+00 0.00E+00 7.11E-06 6.48E-08 6.34E-04 0.00E+00 0.00E+00 6.48E-08 6.34E-04 4.67E-05  0.85785
 9901.00 1.009999     1.29E-24 1.26E-20 0.00E+00 0.00E+00 7.13E-06 6.44E-08 6.31E-04 0.00E+00 0.00E+00 6.44E-08 6.31E-04 4.73E-05  0.84361
 9911.00 1.008980     1.24E-24 1.22E-20 0.00E+00 0.00E+00 7.11E-06 6.43E-08 6.31E-04 0.00E+00 0.00E+00 6.43E-08 6.31E-04 4.80E-05  0.84212
 9921.00 1.007963     1.11E-24 1.09E-20 0.00E+00 0.00E+00 7.12E-06 6.49E-08 6.39E-04 0.00E+00 0.00E+00 6.49E-08 6.39E-04 4.86E-05  0.85135
 9931.00 1.006948     1.02E-24 1.00E-20 0.00E+00 0.00E+00 7.08E-06 6.49E-08 6.40E-04 0.00E+00 0.00E+00 6.49E-08 6.40E-04 4.93E-05  0.85661
 9941.00 1.005935     9.83E-25 9.71E-21 0.00E+00 0.00E+00 6.84E-06 6.28E-08 6.20E-04 0.00E+00 0.00E+00 6.28E-08 6.20E-04 4.99E-05  0.85398
 9951.00 1.004924     9.35E-25 9.26E-21 0.00E+00 0.00E+00 6.70E-06 6.16E-08 6.10E-04 0.00E+00 0.00E+00 6.16E-08 6.10E-04 5.05E-05  0.85394
 9961.00 1.003915     9.09E-25 9.02E-21 0.00E+00 0.00E+00 7.02E-06 6.45E-08 6.40E-04 0.00E+00 0.00E+00 6.45E-08 6.40E-04 5.12E-05  0.85064
 9971.00 1.002908     8.58E-25 8.53E-21 0.00E+00 0.00E+00 7.09E-06 6.53E-08 6.50E-04 0.00E+00 0.00E+00 6.53E-08 6.50E-04 5.18E-05  0.85129
 9981.00 1.001904     9.11E-25 9.07E-21 0.00E+00 0.00E+00 7.15E-06 6.51E-08 6.49E-04 0.00E+00 0.00E+00 6.51E-08 6.49E-04 5.25E-05  0.83435
 9991.00 1.000901     7.55E-25 7.53E-21 0.00E+00 0.00E+00 7.14E-06 6.63E-08 6.61E-04 0.00E+00 0.00E+00 6.63E-08 6.61E-04 5.31E-05  0.85550
10001.00 .9999000     7.45E-25 7.45E-21 0.00E+00 0.00E+00 7.10E-06 6.58E-08 6.58E-04 0.00E+00 0.00E+00 6.58E-08 6.58E-04 5.38E-05  0.84989
10011.00 .9989012     6.94E-25 6.96E-21 0.00E+00 0.00E+00 7.12E-06 6.62E-08 6.63E-04 0.00E+00 0.00E+00 6.62E-08 6.63E-04 5.44E-05  0.85290
10021.00 .9979044     6.56E-25 6.59E-21 0.00E+00 0.00E+00 7.13E-06 6.65E-08 6.68E-04 0.00E+00 0.00E+00 6.65E-08 6.68E-04 5.51E-05  0.85369
10031.00 .9969096     6.20E-25 6.24E-21 0.00E+00 0.00E+00 7.13E-06 6.67E-08 6.71E-04 0.00E+00 0.00E+00 6.67E-08 6.71E-04 5.58E-05  0.85446
10041.00 .9959167     5.94E-25 5.99E-21 0.00E+00 0.00E+00 7.12E-06 6.66E-08 6.71E-04 0.00E+00 0.00E+00 6.66E-08 6.71E-04 5.64E-05  0.85336
10051.00 .9949259     5.59E-25 5.64E-21 0.00E+00 0.00E+00 7.12E-06 6.68E-08 6.75E-04 0.00E+00 0.00E+00 6.68E-08 6.75E-04 5.71E-05  0.85490
10061.00 .9939370     5.45E-25 5.52E-21 0.00E+00 0.00E+00 7.13E-06 6.69E-08 6.77E-04 0.00E+00 0.00E+00 6.69E-08 6.77E-04 5.78E-05  0.85087
10071.00 .9929501     5.87E-25 5.95E-21 0.00E+00 0.00E+00 7.12E-06 6.59E-08 6.69E-04 0.00E+00 0.00E+00 6.59E-08 6.69E-04 5.84E-05  0.83115
10081.00 .9919651     5.02E-25 5.10E-21 0.00E+00 0.00E+00 7.10E-06 6.67E-08 6.78E-04 0.00E+00 0.00E+00 6.67E-08 6.78E-04 5.91E-05  0.84801

                           RADIANCE (WATTS/CM2-STER-XXX)   [No STER in TOA SOLAR IRRADIANCE]

  FREQ   WAVELENGTH    PATH_THERMAL    SURFACE_EMISSION  SOL_IRR    SINGLE_SCATTER  GROUND_REFLECTED   TOTAL_RADIANCE  INTEGRAL    TOTAL
 (CM-1) (MICRON)      (CM-1)  (MICRN)   (CM-1)  (MICRN)   (CM-1)   (CM-1)  (MICRN)   (CM-1)  (MICRN)   (CM-1)  (MICRN)             TRANS

10091.00 .9909821     5.04E-25 5.14E-21 0.00E+00 0.00E+00 7.08E-06 6.62E-08 6.75E-04 0.00E+00 0.00E+00 6.62E-08 6.75E-04 5.98E-05  0.83921
10101.00 .9900010     5.31E-25 5.42E-21 0.00E+00 0.00E+00 7.04E-06 6.51E-08 6.64E-04 0.00E+00 0.00E+00 6.51E-08 6.64E-04 6.04E-05  0.82209
10111.00 .9890218     4.40E-25 4.49E-21 0.00E+00 0.00E+00 7.02E-06 6.62E-08 6.77E-04 0.00E+00 0.00E+00 6.62E-08 6.77E-04 6.11E-05  0.84509
10121.00 .9880447     4.74E-25 4.86E-21 0.00E+00 0.00E+00 7.11E-06 6.61E-08 6.77E-04 0.00E+00 0.00E+00 6.61E-08 6.77E-04 6.17E-05  0.82367
10131.00 .9870694     4.79E-25 4.92E-21 0.00E+00 0.00E+00 7.08E-06 6.54E-08 6.71E-04 0.00E+00 0.00E+00 6.54E-08 6.71E-04 6.24E-05  0.81331
10141.00 .9860960     4.14E-25 4.25E-21 0.00E+00 0.00E+00 7.08E-06 6.64E-08 6.83E-04 0.00E+00 0.00E+00 6.64E-08 6.83E-04 6.31E-05  0.82991
10151.00 .9851246     5.25E-25 5.41E-21 0.00E+00 0.00E+00 7.11E-06 6.37E-08 6.56E-04 0.00E+00 0.00E+00 6.37E-08 6.56E-04 6.37E-05  0.77252
10161.00 .9841551     4.65E-25 4.80E-21 0.00E+00 0.00E+00 7.09E-06 6.45E-08 6.66E-04 0.00E+00 0.00E+00 6.45E-08 6.66E-04 6.43E-05  0.78891
10171.00 .9831875     5.12E-25 5.29E-21 0.00E+00 0.00E+00 7.09E-06 6.26E-08 6.48E-04 0.00E+00 0.00E+00 6.26E-08 6.48E-04 6.50E-05  0.75457
10181.00 .9822218     5.08E-25 5.26E-21 0.00E+00 0.00E+00 7.12E-06 6.26E-08 6.49E-04 0.00E+00 0.00E+00 6.26E-08 6.49E-04 6.56E-05  0.74470
10191.00 .9812580     4.40E-25 4.57E-21 0.00E+00 0.00E+00 7.13E-06 6.41E-08 6.66E-04 0.00E+00 0.00E+00 6.41E-08 6.66E-04 6.62E-05  0.76680
10201.00 .9802961     5.50E-25 5.73E-21 0.00E+00 0.00E+00 7.07E-06 5.92E-08 6.16E-04 0.00E+00 0.00E+00 5.92E-08 6.16E-04 6.68E-05  0.69282
10211.00 .9793360     5.63E-25 5.86E-21 0.00E+00 0.00E+00 7.04E-06 5.76E-08 6.01E-04 0.00E+00 0.00E+00 5.76E-08 6.01E-04 6.74E-05  0.67034
10221.00 .9783779     5.21E-25 5.44E-21 0.00E+00 0.00E+00 7.05E-06 5.83E-08 6.09E-04 0.00E+00 0.00E+00 5.83E-08 6.09E-04 6.80E-05  0.67836
10231.00 .9774216     4.19E-25 4.39E-21 0.00E+00 0.00E+00 7.09E-06 6.17E-08 6.46E-04 0.00E+00 0.00E+00 6.17E-08 6.46E-04 6.86E-05  0.72765
10241.00 .9764671     5.75E-25 6.03E-21 0.00E+00 0.00E+00 7.03E-06 5.42E-08 5.68E-04 0.00E+00 0.00E+00 5.42E-08 5.68E-04 6.91E-05  0.60608
10251.00 .9755146     5.13E-25 5.39E-21 0.00E+00 0.00E+00 7.12E-06 5.64E-08 5.92E-04 0.00E+00 0.00E+00 5.64E-08 5.92E-04 6.97E-05  0.63180
10261.00 .9745639     4.97E-25 5.23E-21 0.00E+00 0.00E+00 7.00E-06 5.51E-08 5.80E-04 0.00E+00 0.00E+00 5.51E-08 5.80E-04 7.03E-05  0.62309
10271.00 .9736151     4.79E-25 5.06E-21 0.00E+00 0.00E+00 7.03E-06 5.53E-08 5.84E-04 0.00E+00 0.00E+00 5.53E-08 5.84E-04 7.08E-05  0.61953
10281.00 .9726681     3.82E-25 4.03E-21 0.00E+00 0.00E+00 7.11E-06 5.97E-08 6.31E-04 0.00E+00 0.00E+00 5.97E-08 6.31E-04 7.14E-05  0.68087
10291.00 .9717228     3.30E-25 3.50E-21 0.00E+00 0.00E+00 7.12E-06 6.14E-08 6.51E-04 0.00E+00 0.00E+00 6.14E-08 6.51E-04 7.20E-05  0.70873
10301.00 .9707795     3.05E-25 3.24E-21 0.00E+00 0.00E+00 7.06E-06 6.15E-08 6.53E-04 0.00E+00 0.00E+00 6.15E-08 6.53E-04 7.26E-05  0.71614
10311.00 .9698380     3.08E-25 3.27E-21 0.00E+00 0.00E+00 7.11E-06 6.13E-08 6.52E-04 0.00E+00 0.00E+00 6.13E-08 6.52E-04 7.33E-05  0.70018
10321.00 .9688984     3.05E-25 3.25E-21 0.00E+00 0.00E+00 7.08E-06 6.04E-08 6.44E-04 0.00E+00 0.00E+00 6.04E-08 6.44E-04 7.39E-05  0.68583
10331.00 .9679605     2.83E-25 3.02E-21 0.00E+00 0.00E+00 7.04E-06 6.02E-08 6.43E-04 0.00E+00 0.00E+00 6.02E-08 6.43E-04 7.45E-05  0.69473
10341.00 .9670244     4.08E-25 4.36E-21 0.00E+00 0.00E+00 7.08E-06 5.07E-08 5.42E-04 0.00E+00 0.00E+00 5.07E-08 5.42E-04 7.50E-05  0.53396
10351.00 .9660903     4.11E-25 4.40E-21 0.00E+00 0.00E+00 6.95E-06 4.84E-08 5.19E-04 0.00E+00 0.00E+00 4.84E-08 5.19E-04 7.54E-05  0.50980
10361.00 .9651578     3.85E-25 4.13E-21 0.00E+00 0.00E+00 7.04E-06 4.95E-08 5.32E-04 0.00E+00 0.00E+00 4.95E-08 5.32E-04 7.59E-05  0.51498
10371.00 .9642272     3.95E-25 4.25E-21 0.00E+00 0.00E+00 7.03E-06 4.63E-08 4.98E-04 0.00E+00 0.00E+00 4.63E-08 4.98E-04 7.64E-05  0.47618
10381.00 .9632983     3.32E-25 3.58E-21 0.00E+00 0.00E+00 7.03E-06 5.10E-08 5.50E-04 0.00E+00 0.00E+00 5.10E-08 5.50E-04 7.69E-05  0.53588
10391.00 .9623713     4.04E-25 4.36E-21 0.00E+00 0.00E+00 7.02E-06 4.22E-08 4.56E-04 0.00E+00 0.00E+00 4.22E-08 4.56E-04 7.73E-05  0.40781
10401.00 .9614460     3.20E-25 3.46E-21 0.00E+00 0.00E+00 7.12E-06 4.99E-08 5.39E-04 0.00E+00 0.00E+00 4.99E-08 5.39E-04 7.78E-05  0.50555
10411.00 .9605225     3.42E-25 3.71E-21 0.00E+00 0.00E+00 7.01E-06 4.50E-08 4.88E-04 0.00E+00 0.00E+00 4.50E-08 4.88E-04 7.83E-05  0.44456
10421.00 .9596009     3.88E-25 4.21E-21 0.00E+00 0.00E+00 7.11E-06 3.76E-08 4.08E-04 0.00E+00 0.00E+00 3.76E-08 4.08E-04 7.87E-05  0.33477
10431.00 .9586809     3.30E-25 3.59E-21 0.00E+00 0.00E+00 7.13E-06 4.29E-08 4.67E-04 0.00E+00 0.00E+00 4.29E-08 4.67E-04 7.91E-05  0.40748
10441.00 .9577627     2.67E-25 2.91E-21 0.00E+00 0.00E+00 7.03E-06 4.87E-08 5.30E-04 0.00E+00 0.00E+00 4.87E-08 5.30E-04 7.96E-05  0.49445
10451.00 .9568462     3.29E-25 3.60E-21 0.00E+00 0.00E+00 7.04E-06 3.81E-08 4.17E-04 0.00E+00 0.00E+00 3.81E-08 4.17E-04 8.00E-05  0.34316
10461.00 .9559315     3.13E-25 3.43E-21 0.00E+00 0.00E+00 7.02E-06 3.77E-08 4.13E-04 0.00E+00 0.00E+00 3.77E-08 4.13E-04 8.03E-05  0.34189
10471.00 .9550187     2.85E-25 3.12E-21 0.00E+00 0.00E+00 6.65E-06 3.82E-08 4.19E-04 0.00E+00 0.00E+00 3.82E-08 4.19E-04 8.07E-05  0.37058
10481.00 .9541074     2.58E-25 2.83E-21 0.00E+00 0.00E+00 6.93E-06 4.23E-08 4.65E-04 0.00E+00 0.00E+00 4.23E-08 4.65E-04 8.11E-05  0.40226
10491.00 .9531980     2.65E-25 2.91E-21 0.00E+00 0.00E+00 7.06E-06 3.91E-08 4.31E-04 0.00E+00 0.00E+00 3.91E-08 4.31E-04 8.15E-05  0.35138
10501.00 .9522902     2.97E-25 3.28E-21 0.00E+00 0.00E+00 7.11E-06 3.04E-08 3.35E-04 0.00E+00 0.00E+00 3.04E-08 3.35E-04 8.18E-05  0.23455
10511.00 .9513842     2.00E-25 2.21E-21 0.00E+00 0.00E+00 7.09E-06 4.82E-08 5.32E-04 0.00E+00 0.00E+00 4.82E-08 5.32E-04 8.23E-05  0.46166
10521.00 .9504801     2.49E-25 2.76E-21 0.00E+00 0.00E+00 7.08E-06 3.35E-08 3.71E-04 0.00E+00 0.00E+00 3.35E-08 3.71E-04 8.27E-05  0.28593
10531.00 .9495775     2.32E-25 2.58E-21 0.00E+00 0.00E+00 7.13E-06 3.57E-08 3.95E-04 0.00E+00 0.00E+00 3.57E-08 3.95E-04 8.30E-05  0.30531
10541.00 .9486766     2.08E-25 2.31E-21 0.00E+00 0.00E+00 7.12E-06 3.86E-08 4.28E-04 0.00E+00 0.00E+00 3.86E-08 4.28E-04 8.34E-05  0.34128
10551.00 .9477776     2.11E-25 2.35E-21 0.00E+00 0.00E+00 7.11E-06 3.53E-08 3.93E-04 0.00E+00 0.00E+00 3.53E-08 3.93E-04 8.38E-05  0.29921
10561.00 .9468799     1.99E-25 2.22E-21 0.00E+00 0.00E+00 7.08E-06 3.58E-08 4.00E-04 0.00E+00 0.00E+00 3.58E-08 4.00E-04 8.41E-05  0.30483
10571.00 .9459844     2.05E-25 2.29E-21 0.00E+00 0.00E+00 7.06E-06 3.06E-08 3.41E-04 0.00E+00 0.00E+00 3.06E-08 3.41E-04 8.44E-05  0.24477
10581.00 .9450902     1.71E-25 1.92E-21 0.00E+00 0.00E+00 7.01E-06 3.84E-08 4.30E-04 0.00E+00 0.00E+00 3.84E-08 4.30E-04 8.48E-05  0.33668

                           RADIANCE (WATTS/CM2-STER-XXX)   [No STER in TOA SOLAR IRRADIANCE]

  FREQ   WAVELENGTH    PATH_THERMAL    SURFACE_EMISSION  SOL_IRR    SINGLE_SCATTER  GROUND_REFLECTED   TOTAL_RADIANCE  INTEGRAL    TOTAL
 (CM-1) (MICRON)      (CM-1)  (MICRN)   (CM-1)  (MICRN)   (CM-1)   (CM-1)  (MICRN)   (CM-1)  (MICRN)   (CM-1)  (MICRN)             TRANS

10591.00 .9441979     1.91E-25 2.14E-21 0.00E+00 0.00E+00 6.92E-06 2.82E-08 3.16E-04 0.00E+00 0.00E+00 2.82E-08 3.16E-04 8.51E-05  0.22483
10601.00 .9433073     1.67E-25 1.87E-21 0.00E+00 0.00E+00 7.01E-06 3.34E-08 3.76E-04 0.00E+00 0.00E+00 3.34E-08 3.76E-04 8.54E-05  0.28382
10611.00 .9424182     1.48E-25 1.66E-21 0.00E+00 0.00E+00 7.00E-06 3.85E-08 4.34E-04 0.00E+00 0.00E+00 3.85E-08 4.34E-04 8.58E-05  0.33612
10621.00 .9415310     1.35E-25 1.52E-21 0.00E+00 0.00E+00 6.69E-06 3.89E-08 4.39E-04 0.00E+00 0.00E+00 3.89E-08 4.39E-04 8.62E-05  0.35993
10631.00 .9406453     1.29E-25 1.46E-21 0.00E+00 0.00E+00 6.92E-06 4.07E-08 4.59E-04 0.00E+00 0.00E+00 4.07E-08 4.59E-04 8.66E-05  0.35676
10641.00 .9397613     9.95E-26 1.13E-21 0.00E+00 0.00E+00 7.07E-06 5.04E-08 5.71E-04 0.00E+00 0.00E+00 5.04E-08 5.71E-04 8.71E-05  0.47833
10651.00 .9388791     1.25E-25 1.42E-21 0.00E+00 0.00E+00 7.09E-06 3.58E-08 4.06E-04 0.00E+00 0.00E+00 3.58E-08 4.06E-04 8.75E-05  0.30326
10661.00 .9379982     1.42E-25 1.61E-21 0.00E+00 0.00E+00 7.11E-06 2.55E-08 2.90E-04 0.00E+00 0.00E+00 2.55E-08 2.90E-04 8.77E-05  0.17329
10671.00 .9371194     1.37E-25 1.55E-21 0.00E+00 0.00E+00 7.11E-06 2.48E-08 2.82E-04 0.00E+00 0.00E+00 2.48E-08 2.82E-04 8.80E-05  0.16316
10681.00 .9362419     1.25E-25 1.43E-21 0.00E+00 0.00E+00 7.03E-06 2.66E-08 3.03E-04 0.00E+00 0.00E+00 2.66E-08 3.03E-04 8.82E-05  0.18957
10691.00 .9353662     1.12E-25 1.28E-21 0.00E+00 0.00E+00 7.05E-06 3.04E-08 3.47E-04 0.00E+00 0.00E+00 3.04E-08 3.47E-04 8.85E-05  0.23876
10701.00 .9344922     1.23E-25 1.40E-21 0.00E+00 0.00E+00 7.12E-06 1.99E-08 2.28E-04 0.00E+00 0.00E+00 1.99E-08 2.28E-04 8.87E-05  0.12223
10711.00 .9336196     1.10E-25 1.27E-21 0.00E+00 0.00E+00 7.13E-06 2.64E-08 3.03E-04 0.00E+00 0.00E+00 2.64E-08 3.03E-04 8.90E-05  0.17211
10721.00 .9327489     1.00E-25 1.15E-21 0.00E+00 0.00E+00 7.11E-06 2.96E-08 3.41E-04 0.00E+00 0.00E+00 2.96E-08 3.41E-04 8.93E-05  0.20917
10731.00 .9318796     8.88E-26 1.02E-21 0.00E+00 0.00E+00 7.08E-06 3.31E-08 3.81E-04 0.00E+00 0.00E+00 3.31E-08 3.81E-04 8.96E-05  0.26172
10741.00 .9310120     7.15E-26 8.24E-22 0.00E+00 0.00E+00 7.12E-06 4.33E-08 5.00E-04 0.00E+00 0.00E+00 4.33E-08 5.00E-04 9.01E-05  0.37529
10751.00 .9301461     6.32E-26 7.30E-22 0.00E+00 0.00E+00 7.09E-06 4.70E-08 5.43E-04 0.00E+00 0.00E+00 4.70E-08 5.43E-04 9.05E-05  0.41836
10761.00 .9292816     5.16E-26 5.98E-22 0.00E+00 0.00E+00 7.03E-06 5.31E-08 6.15E-04 0.00E+00 0.00E+00 5.31E-08 6.15E-04 9.11E-05  0.50043
10771.00 .9284190     4.79E-26 5.56E-22 0.00E+00 0.00E+00 7.13E-06 5.47E-08 6.35E-04 0.00E+00 0.00E+00 5.47E-08 6.35E-04 9.16E-05  0.51243
10781.00 .9275578     3.59E-26 4.17E-22 0.00E+00 0.00E+00 7.14E-06 6.23E-08 7.24E-04 0.00E+00 0.00E+00 6.23E-08 7.24E-04 9.22E-05  0.61733
10791.00 .9266981     2.70E-26 3.15E-22 0.00E+00 0.00E+00 7.00E-06 6.63E-08 7.72E-04 0.00E+00 0.00E+00 6.63E-08 7.72E-04 9.29E-05  0.69470
10801.00 .9258403     2.64E-26 3.07E-22 0.00E+00 0.00E+00 6.82E-06 6.41E-08 7.48E-04 0.00E+00 0.00E+00 6.41E-08 7.48E-04 9.35E-05  0.68778
10811.00 .9249837     2.73E-26 3.19E-22 0.00E+00 0.00E+00 6.98E-06 6.37E-08 7.44E-04 0.00E+00 0.00E+00 6.37E-08 7.44E-04 9.42E-05  0.65862
10821.00 .9241291     2.71E-26 3.17E-22 0.00E+00 0.00E+00 6.93E-06 6.26E-08 7.33E-04 0.00E+00 0.00E+00 6.26E-08 7.33E-04 9.48E-05  0.64458
10831.00 .9232758     2.22E-26 2.61E-22 0.00E+00 0.00E+00 6.66E-06 6.32E-08 7.41E-04 0.00E+00 0.00E+00 6.32E-08 7.41E-04 9.54E-05  0.69298
10841.00 .9224241     1.92E-26 2.26E-22 0.00E+00 0.00E+00 6.89E-06 6.69E-08 7.86E-04 0.00E+00 0.00E+00 6.69E-08 7.86E-04 9.61E-05  0.71938
10851.00 .9215741     2.10E-26 2.48E-22 0.00E+00 0.00E+00 6.84E-06 6.40E-08 7.54E-04 0.00E+00 0.00E+00 6.40E-08 7.54E-04 9.67E-05  0.67798
10861.00 .9207255     1.63E-26 1.92E-22 0.00E+00 0.00E+00 6.99E-06 6.97E-08 8.22E-04 0.00E+00 0.00E+00 6.97E-08 8.22E-04 9.74E-05  0.73878
10871.00 .9198787     1.93E-26 2.28E-22 0.00E+00 0.00E+00 7.09E-06 6.55E-08 7.75E-04 0.00E+00 0.00E+00 6.55E-08 7.75E-04 9.81E-05  0.67175
10881.00 .9190332     1.82E-26 2.15E-22 0.00E+00 0.00E+00 7.13E-06 6.68E-08 7.91E-04 0.00E+00 0.00E+00 6.68E-08 7.91E-04 9.88E-05  0.67464
10891.00 .9181893     2.28E-26 2.70E-22 0.00E+00 0.00E+00 7.09E-06 5.92E-08 7.02E-04 0.00E+00 0.00E+00 5.92E-08 7.02E-04 9.93E-05  0.57031
10901.00 .9173471     2.28E-26 2.72E-22 0.00E+00 0.00E+00 7.03E-06 5.76E-08 6.85E-04 0.00E+00 0.00E+00 5.76E-08 6.85E-04 9.99E-05  0.54988
10911.00 .9165062     1.75E-26 2.08E-22 0.00E+00 0.00E+00 7.12E-06 6.44E-08 7.67E-04 0.00E+00 0.00E+00 6.44E-08 7.67E-04 1.01E-04  0.63537
10921.00 .9156671     2.33E-26 2.78E-22 0.00E+00 0.00E+00 7.14E-06 5.36E-08 6.39E-04 0.00E+00 0.00E+00 5.36E-08 6.39E-04 1.01E-04  0.48969
10931.00 .9148294     1.55E-26 1.86E-22 0.00E+00 0.00E+00 7.06E-06 6.50E-08 7.76E-04 0.00E+00 0.00E+00 6.50E-08 7.76E-04 1.02E-04  0.64307
10941.00 .9139932     1.91E-26 2.29E-22 0.00E+00 0.00E+00 7.18E-06 5.74E-08 6.87E-04 0.00E+00 0.00E+00 5.74E-08 6.87E-04 1.02E-04  0.53394
10951.00 .9131587     1.86E-26 2.23E-22 0.00E+00 0.00E+00 7.22E-06 5.77E-08 6.92E-04 0.00E+00 0.00E+00 5.77E-08 6.92E-04 1.03E-04  0.52625
10961.00 .9123254     1.42E-26 1.71E-22 0.00E+00 0.00E+00 7.05E-06 6.30E-08 7.57E-04 0.00E+00 0.00E+00 6.30E-08 7.57E-04 1.04E-04  0.61627
10971.00 .9114940     1.26E-26 1.51E-22 0.00E+00 0.00E+00 6.97E-06 6.42E-08 7.73E-04 0.00E+00 0.00E+00 6.42E-08 7.73E-04 1.04E-04  0.64430
10981.00 .9106639     1.42E-26 1.71E-22 0.00E+00 0.00E+00 7.08E-06 6.04E-08 7.29E-04 0.00E+00 0.00E+00 6.04E-08 7.29E-04 1.05E-04  0.57689
10991.00 .9098353     1.32E-26 1.59E-22 0.00E+00 0.00E+00 6.96E-06 6.04E-08 7.29E-04 0.00E+00 0.00E+00 6.04E-08 7.29E-04 1.05E-04  0.58808
11001.00 .9090083     1.25E-26 1.52E-22 0.00E+00 0.00E+00 6.87E-06 5.94E-08 7.19E-04 0.00E+00 0.00E+00 5.94E-08 7.19E-04 1.06E-04  0.58622
11011.00 .9081826     1.21E-26 1.47E-22 0.00E+00 0.00E+00 7.01E-06 6.01E-08 7.28E-04 0.00E+00 0.00E+00 6.01E-08 7.28E-04 1.07E-04  0.57862
11021.00 .9073588     1.12E-26 1.37E-22 0.00E+00 0.00E+00 7.16E-06 6.22E-08 7.55E-04 0.00E+00 0.00E+00 6.22E-08 7.55E-04 1.07E-04  0.58929
11031.00 .9065361     9.22E-27 1.12E-22 0.00E+00 0.00E+00 7.00E-06 6.55E-08 7.97E-04 0.00E+00 0.00E+00 6.55E-08 7.97E-04 1.08E-04  0.64626
11041.00 .9057150     6.93E-27 8.44E-23 0.00E+00 0.00E+00 7.16E-06 7.22E-08 8.80E-04 0.00E+00 0.00E+00 7.22E-08 8.80E-04 1.09E-04  0.71975
11051.00 .9048955     6.45E-27 7.88E-23 0.00E+00 0.00E+00 7.21E-06 7.33E-08 8.95E-04 0.00E+00 0.00E+00 7.33E-08 8.95E-04 1.09E-04  0.72542
11061.00 .9040773     5.77E-27 7.06E-23 0.00E+00 0.00E+00 7.20E-06 7.45E-08 9.12E-04 0.00E+00 0.00E+00 7.45E-08 9.12E-04 1.10E-04  0.74224
11071.00 .9032608     7.08E-27 8.68E-23 0.00E+00 0.00E+00 7.13E-06 6.83E-08 8.37E-04 0.00E+00 0.00E+00 6.83E-08 8.37E-04 1.11E-04  0.66475
11081.00 .9024456     8.21E-27 1.01E-22 0.00E+00 0.00E+00 6.93E-06 6.11E-08 7.50E-04 0.00E+00 0.00E+00 6.11E-08 7.50E-04 1.11E-04  0.59238

                           RADIANCE (WATTS/CM2-STER-XXX)   [No STER in TOA SOLAR IRRADIANCE]

  FREQ   WAVELENGTH    PATH_THERMAL    SURFACE_EMISSION  SOL_IRR    SINGLE_SCATTER  GROUND_REFLECTED   TOTAL_RADIANCE  INTEGRAL    TOTAL
 (CM-1) (MICRON)      (CM-1)  (MICRN)   (CM-1)  (MICRN)   (CM-1)   (CM-1)  (MICRN)   (CM-1)  (MICRN)   (CM-1)  (MICRN)             TRANS

11091.00 .9016320     7.58E-27 9.32E-23 0.00E+00 0.00E+00 6.64E-06 5.95E-08 7.32E-04 0.00E+00 0.00E+00 5.95E-08 7.32E-04 1.12E-04  0.60423
11101.00 .9008198     7.97E-27 9.82E-23 0.00E+00 0.00E+00 6.93E-06 5.92E-08 7.29E-04 0.00E+00 0.00E+00 5.92E-08 7.29E-04 1.13E-04  0.56123
11111.00 .9000089     6.36E-27 7.85E-23 0.00E+00 0.00E+00 6.99E-06 6.47E-08 7.98E-04 0.00E+00 0.00E+00 6.47E-08 7.98E-04 1.13E-04  0.63267
11121.00 .8991998     8.79E-27 1.09E-22 0.00E+00 0.00E+00 7.15E-06 5.35E-08 6.62E-04 0.00E+00 0.00E+00 5.35E-08 6.62E-04 1.14E-04  0.46423
11131.00 .8983919     5.68E-27 7.04E-23 0.00E+00 0.00E+00 7.15E-06 6.67E-08 8.27E-04 0.00E+00 0.00E+00 6.67E-08 8.27E-04 1.14E-04  0.63652
11141.00 .8975855     5.61E-27 6.96E-23 0.00E+00 0.00E+00 7.11E-06 6.58E-08 8.17E-04 0.00E+00 0.00E+00 6.58E-08 8.17E-04 1.15E-04  0.62151
11151.00 .8967806     5.46E-27 6.79E-23 0.00E+00 0.00E+00 7.11E-06 6.51E-08 8.10E-04 0.00E+00 0.00E+00 6.51E-08 8.10E-04 1.16E-04  0.61250
11161.00 .8959770     4.33E-27 5.40E-23 0.00E+00 0.00E+00 7.23E-06 7.14E-08 8.90E-04 0.00E+00 0.00E+00 7.14E-08 8.90E-04 1.16E-04  0.67625
11171.00 .8951751     3.80E-27 4.75E-23 0.00E+00 0.00E+00 7.05E-06 7.17E-08 8.95E-04 0.00E+00 0.00E+00 7.17E-08 8.95E-04 1.17E-04  0.70174
11181.00 .8943744     2.95E-27 3.69E-23 0.00E+00 0.00E+00 7.06E-06 7.58E-08 9.48E-04 0.00E+00 0.00E+00 7.58E-08 9.48E-04 1.18E-04  0.75607
11191.00 .8935752     2.74E-27 3.43E-23 0.00E+00 0.00E+00 7.14E-06 7.71E-08 9.66E-04 0.00E+00 0.00E+00 7.71E-08 9.66E-04 1.19E-04  0.76088
11201.00 .8927775     2.27E-27 2.84E-23 0.00E+00 0.00E+00 6.98E-06 7.77E-08 9.74E-04 0.00E+00 0.00E+00 7.77E-08 9.74E-04 1.19E-04  0.79301
11211.00 .8919810     2.05E-27 2.58E-23 0.00E+00 0.00E+00 7.12E-06 8.00E-08 1.01E-03 0.00E+00 0.00E+00 8.00E-08 1.01E-03 1.20E-04  0.80232
11221.00 .8911862     1.78E-27 2.25E-23 0.00E+00 0.00E+00 7.16E-06 8.17E-08 1.03E-03 0.00E+00 0.00E+00 8.17E-08 1.03E-03 1.21E-04  0.81896
11231.00 .8903927     1.74E-27 2.19E-23 0.00E+00 0.00E+00 7.21E-06 8.21E-08 1.04E-03 0.00E+00 0.00E+00 8.21E-08 1.04E-03 1.22E-04  0.81427
11241.00 .8896006     1.62E-27 2.05E-23 0.00E+00 0.00E+00 7.14E-06 8.17E-08 1.03E-03 0.00E+00 0.00E+00 8.17E-08 1.03E-03 1.23E-04  0.81784
11251.00 .8888100     1.52E-27 1.92E-23 0.00E+00 0.00E+00 7.16E-06 8.22E-08 1.04E-03 0.00E+00 0.00E+00 8.22E-08 1.04E-03 1.24E-04  0.82059
11261.00 .8880205     1.52E-27 1.93E-23 0.00E+00 0.00E+00 7.10E-06 8.10E-08 1.03E-03 0.00E+00 0.00E+00 8.10E-08 1.03E-03 1.24E-04  0.81097
11271.00 .8872328     1.37E-27 1.74E-23 0.00E+00 0.00E+00 6.97E-06 8.03E-08 1.02E-03 0.00E+00 0.00E+00 8.03E-08 1.02E-03 1.25E-04  0.82012
11281.00 .8864462     1.35E-27 1.72E-23 0.00E+00 0.00E+00 6.74E-06 7.74E-08 9.85E-04 0.00E+00 0.00E+00 7.74E-08 9.85E-04 1.26E-04  0.81383
11291.00 .8856611     1.28E-27 1.64E-23 0.00E+00 0.00E+00 7.13E-06 8.20E-08 1.05E-03 0.00E+00 0.00E+00 8.20E-08 1.05E-03 1.27E-04  0.81380
11301.00 .8848775     1.16E-27 1.48E-23 0.00E+00 0.00E+00 7.13E-06 8.28E-08 1.06E-03 0.00E+00 0.00E+00 8.28E-08 1.06E-03 1.28E-04  0.82253
11311.00 .8840951     1.11E-27 1.42E-23 0.00E+00 0.00E+00 7.04E-06 8.17E-08 1.05E-03 0.00E+00 0.00E+00 8.17E-08 1.05E-03 1.28E-04  0.82125
11321.00 .8833143     1.06E-27 1.36E-23 0.00E+00 0.00E+00 7.12E-06 8.28E-08 1.06E-03 0.00E+00 0.00E+00 8.28E-08 1.06E-03 1.29E-04  0.82034
11331.00 .8825346     1.01E-27 1.30E-23 0.00E+00 0.00E+00 6.97E-06 8.12E-08 1.04E-03 0.00E+00 0.00E+00 8.12E-08 1.04E-03 1.30E-04  0.81998
11341.00 .8817565     9.60E-28 1.23E-23 0.00E+00 0.00E+00 7.09E-06 8.28E-08 1.06E-03 0.00E+00 0.00E+00 8.28E-08 1.06E-03 1.31E-04  0.81998
11351.00 .8809797     9.08E-28 1.17E-23 0.00E+00 0.00E+00 6.70E-06 7.84E-08 1.01E-03 0.00E+00 0.00E+00 7.84E-08 1.01E-03 1.32E-04  0.82087
11361.00 .8802041     8.63E-28 1.11E-23 0.00E+00 0.00E+00 7.09E-06 8.31E-08 1.07E-03 0.00E+00 0.00E+00 8.31E-08 1.07E-03 1.32E-04  0.82077
11371.00 .8794302     8.12E-28 1.05E-23 0.00E+00 0.00E+00 6.99E-06 8.22E-08 1.06E-03 0.00E+00 0.00E+00 8.22E-08 1.06E-03 1.33E-04  0.82248
11381.00 .8786574     7.78E-28 1.01E-23 0.00E+00 0.00E+00 7.16E-06 8.43E-08 1.09E-03 0.00E+00 0.00E+00 8.43E-08 1.09E-03 1.34E-04  0.82103
11391.00 .8778861     7.36E-28 9.55E-24 0.00E+00 0.00E+00 7.10E-06 8.37E-08 1.09E-03 0.00E+00 0.00E+00 8.37E-08 1.09E-03 1.35E-04  0.82175
11401.00 .8771161     6.99E-28 9.09E-24 0.00E+00 0.00E+00 7.12E-06 8.41E-08 1.09E-03 0.00E+00 0.00E+00 8.41E-08 1.09E-03 1.36E-04  0.82172
11411.00 .8763473     6.66E-28 8.68E-24 0.00E+00 0.00E+00 7.09E-06 8.39E-08 1.09E-03 0.00E+00 0.00E+00 8.39E-08 1.09E-03 1.37E-04  0.82116
11421.00 .8755801     6.32E-28 8.25E-24 0.00E+00 0.00E+00 6.88E-06 8.15E-08 1.06E-03 0.00E+00 0.00E+00 8.15E-08 1.06E-03 1.37E-04  0.82143
11431.00 .8748143     6.02E-28 7.86E-24 0.00E+00 0.00E+00 6.99E-06 8.30E-08 1.08E-03 0.00E+00 0.00E+00 8.30E-08 1.08E-03 1.38E-04  0.82113
11441.00 .8740494     5.73E-28 7.50E-24 0.00E+00 0.00E+00 7.03E-06 8.36E-08 1.09E-03 0.00E+00 0.00E+00 8.36E-08 1.09E-03 1.39E-04  0.82074
11451.00 .8732862     5.44E-28 7.14E-24 0.00E+00 0.00E+00 7.09E-06 8.44E-08 1.11E-03 0.00E+00 0.00E+00 8.44E-08 1.11E-03 1.40E-04  0.82078
11461.00 .8725241     5.18E-28 6.80E-24 0.00E+00 0.00E+00 7.17E-06 8.55E-08 1.12E-03 0.00E+00 0.00E+00 8.55E-08 1.12E-03 1.41E-04  0.82058
11471.00 .8717636     4.93E-28 6.48E-24 0.00E+00 0.00E+00 7.05E-06 8.42E-08 1.11E-03 0.00E+00 0.00E+00 8.42E-08 1.11E-03 1.42E-04  0.82027
11481.00 .8710044     4.69E-28 6.19E-24 0.00E+00 0.00E+00 7.09E-06 8.48E-08 1.12E-03 0.00E+00 0.00E+00 8.48E-08 1.12E-03 1.42E-04  0.81976
11491.00 .8702462     4.46E-28 5.89E-24 0.00E+00 0.00E+00 7.08E-06 8.48E-08 1.12E-03 0.00E+00 0.00E+00 8.48E-08 1.12E-03 1.43E-04  0.81963
11501.00 .8694897     4.25E-28 5.62E-24 0.00E+00 0.00E+00 6.91E-06 8.29E-08 1.10E-03 0.00E+00 0.00E+00 8.29E-08 1.10E-03 1.44E-04  0.81923
11511.00 .8687342     4.04E-28 5.36E-24 0.00E+00 0.00E+00 6.87E-06 8.25E-08 1.09E-03 0.00E+00 0.00E+00 8.25E-08 1.09E-03 1.45E-04  0.81894
11521.00 .8679803     3.85E-28 5.11E-24 0.00E+00 0.00E+00 6.89E-06 8.29E-08 1.10E-03 0.00E+00 0.00E+00 8.29E-08 1.10E-03 1.46E-04  0.81857
11531.00 .8672276     3.67E-28 4.87E-24 0.00E+00 0.00E+00 6.64E-06 8.00E-08 1.06E-03 0.00E+00 0.00E+00 8.00E-08 1.06E-03 1.47E-04  0.81816
11541.00 .8664759     3.49E-28 4.65E-24 0.00E+00 0.00E+00 5.28E-06 6.37E-08 8.48E-04 0.00E+00 0.00E+00 6.37E-08 8.48E-04 1.47E-04  0.81784
11551.00 .8657260     3.32E-28 4.43E-24 0.00E+00 0.00E+00 6.71E-06 8.11E-08 1.08E-03 0.00E+00 0.00E+00 8.11E-08 1.08E-03 1.48E-04  0.81740
11561.00 .8649770     3.16E-28 4.22E-24 0.00E+00 0.00E+00 7.05E-06 8.53E-08 1.14E-03 0.00E+00 0.00E+00 8.53E-08 1.14E-03 1.49E-04  0.81714
11571.00 .8642296     3.01E-28 4.03E-24 0.00E+00 0.00E+00 7.18E-06 8.70E-08 1.16E-03 0.00E+00 0.00E+00 8.70E-08 1.16E-03 1.50E-04  0.81690
11581.00 .8634834     2.87E-28 3.85E-24 0.00E+00 0.00E+00 7.13E-06 8.65E-08 1.16E-03 0.00E+00 0.00E+00 8.65E-08 1.16E-03 1.51E-04  0.81622

                           RADIANCE (WATTS/CM2-STER-XXX)   [No STER in TOA SOLAR IRRADIANCE]

  FREQ   WAVELENGTH    PATH_THERMAL    SURFACE_EMISSION  SOL_IRR    SINGLE_SCATTER  GROUND_REFLECTED   TOTAL_RADIANCE  INTEGRAL    TOTAL
 (CM-1) (MICRON)      (CM-1)  (MICRN)   (CM-1)  (MICRN)   (CM-1)   (CM-1)  (MICRN)   (CM-1)  (MICRN)   (CM-1)  (MICRN)             TRANS

11591.00 .8627383     2.74E-28 3.68E-24 0.00E+00 0.00E+00 7.13E-06 8.66E-08 1.16E-03 0.00E+00 0.00E+00 8.66E-08 1.16E-03 1.52E-04  0.81507
11601.00 .8619947     2.60E-28 3.50E-24 0.00E+00 0.00E+00 7.02E-06 8.54E-08 1.15E-03 0.00E+00 0.00E+00 8.54E-08 1.15E-03 1.52E-04  0.81548
11611.00 .8612522     2.48E-28 3.35E-24 0.00E+00 0.00E+00 7.01E-06 8.53E-08 1.15E-03 0.00E+00 0.00E+00 8.53E-08 1.15E-03 1.53E-04  0.81434
11621.00 .8605112     2.36E-28 3.18E-24 0.00E+00 0.00E+00 7.08E-06 8.63E-08 1.17E-03 0.00E+00 0.00E+00 8.63E-08 1.17E-03 1.54E-04  0.81457
11631.00 .8597714     2.25E-28 3.05E-24 0.00E+00 0.00E+00 7.03E-06 8.58E-08 1.16E-03 0.00E+00 0.00E+00 8.58E-08 1.16E-03 1.55E-04  0.81322
11641.00 .8590326     2.16E-28 2.93E-24 0.00E+00 0.00E+00 7.02E-06 8.57E-08 1.16E-03 0.00E+00 0.00E+00 8.57E-08 1.16E-03 1.56E-04  0.81187
11651.00 .8582955     2.04E-28 2.77E-24 0.00E+00 0.00E+00 7.02E-06 8.59E-08 1.17E-03 0.00E+00 0.00E+00 8.59E-08 1.17E-03 1.57E-04  0.81249
11661.00 .8575593     1.99E-28 2.71E-24 0.00E+00 0.00E+00 7.14E-06 8.72E-08 1.19E-03 0.00E+00 0.00E+00 8.72E-08 1.19E-03 1.58E-04  0.80770
11671.00 .8568247     1.86E-28 2.53E-24 0.00E+00 0.00E+00 7.15E-06 8.77E-08 1.19E-03 0.00E+00 0.00E+00 8.77E-08 1.19E-03 1.58E-04  0.81091
11681.00 .8560913     1.79E-28 2.44E-24 0.00E+00 0.00E+00 7.03E-06 8.62E-08 1.18E-03 0.00E+00 0.00E+00 8.62E-08 1.18E-03 1.59E-04  0.80832
11691.00 .8553588     1.72E-28 2.35E-24 0.00E+00 0.00E+00 6.82E-06 8.36E-08 1.14E-03 0.00E+00 0.00E+00 8.36E-08 1.14E-03 1.60E-04  0.80677
11701.00 .8546279     1.64E-28 2.25E-24 0.00E+00 0.00E+00 5.11E-06 6.27E-08 8.58E-04 0.00E+00 0.00E+00 6.27E-08 8.58E-04 1.61E-04  0.80510
11711.00 .8538980     1.59E-28 2.18E-24 0.00E+00 0.00E+00 6.10E-06 7.48E-08 1.03E-03 0.00E+00 0.00E+00 7.48E-08 1.03E-03 1.61E-04  0.80161
11721.00 .8531696     1.48E-28 2.03E-24 0.00E+00 0.00E+00 6.94E-06 8.55E-08 1.17E-03 0.00E+00 0.00E+00 8.55E-08 1.17E-03 1.62E-04  0.80603
11731.00 .8524424     1.44E-28 1.98E-24 0.00E+00 0.00E+00 7.05E-06 8.67E-08 1.19E-03 0.00E+00 0.00E+00 8.67E-08 1.19E-03 1.63E-04  0.80149
11741.00 .8517162     1.40E-28 1.93E-24 0.00E+00 0.00E+00 6.84E-06 8.39E-08 1.16E-03 0.00E+00 0.00E+00 8.39E-08 1.16E-03 1.64E-04  0.79566
11751.00 .8509915     1.31E-28 1.80E-24 0.00E+00 0.00E+00 7.08E-06 8.73E-08 1.21E-03 0.00E+00 0.00E+00 8.73E-08 1.21E-03 1.65E-04  0.79993
11761.00 .8502678     1.22E-28 1.69E-24 0.00E+00 0.00E+00 6.27E-06 7.77E-08 1.07E-03 0.00E+00 0.00E+00 7.77E-08 1.07E-03 1.66E-04  0.80354
11771.00 .8495455     1.17E-28 1.62E-24 0.00E+00 0.00E+00 6.72E-06 8.34E-08 1.16E-03 0.00E+00 0.00E+00 8.34E-08 1.16E-03 1.67E-04  0.80212
11781.00 .8488245     1.11E-28 1.54E-24 0.00E+00 0.00E+00 7.14E-06 8.86E-08 1.23E-03 0.00E+00 0.00E+00 8.86E-08 1.23E-03 1.67E-04  0.80135
11791.00 .8481044     1.07E-28 1.48E-24 0.00E+00 0.00E+00 7.14E-06 8.86E-08 1.23E-03 0.00E+00 0.00E+00 8.86E-08 1.23E-03 1.68E-04  0.79968
11801.00 .8473859     9.78E-29 1.36E-24 0.00E+00 0.00E+00 6.98E-06 8.73E-08 1.22E-03 0.00E+00 0.00E+00 8.73E-08 1.22E-03 1.69E-04  0.80631
11811.00 .8466683     9.45E-29 1.32E-24 0.00E+00 0.00E+00 7.00E-06 8.75E-08 1.22E-03 0.00E+00 0.00E+00 8.75E-08 1.22E-03 1.70E-04  0.80296
11821.00 .8459522     9.08E-29 1.27E-24 0.00E+00 0.00E+00 7.11E-06 8.90E-08 1.24E-03 0.00E+00 0.00E+00 8.90E-08 1.24E-03 1.71E-04  0.80096
11831.00 .8452373     8.62E-29 1.21E-24 0.00E+00 0.00E+00 7.10E-06 8.89E-08 1.25E-03 0.00E+00 0.00E+00 8.89E-08 1.25E-03 1.72E-04  0.80084
11841.00 .8445232     8.47E-29 1.19E-24 0.00E+00 0.00E+00 7.02E-06 8.76E-08 1.23E-03 0.00E+00 0.00E+00 8.76E-08 1.23E-03 1.73E-04  0.79400
11851.00 .8438107     8.41E-29 1.18E-24 0.00E+00 0.00E+00 6.94E-06 8.61E-08 1.21E-03 0.00E+00 0.00E+00 8.61E-08 1.21E-03 1.74E-04  0.78474
11861.00 .8430992     7.74E-29 1.09E-24 0.00E+00 0.00E+00 7.08E-06 8.85E-08 1.24E-03 0.00E+00 0.00E+00 8.85E-08 1.24E-03 1.74E-04  0.79170
11871.00 .8423891     7.24E-29 1.02E-24 0.00E+00 0.00E+00 7.02E-06 8.81E-08 1.24E-03 0.00E+00 0.00E+00 8.81E-08 1.24E-03 1.75E-04  0.79457
11881.00 .8416801     7.37E-29 1.04E-24 0.00E+00 0.00E+00 7.09E-06 8.80E-08 1.24E-03 0.00E+00 0.00E+00 8.80E-08 1.24E-03 1.76E-04  0.78010
11891.00 .8409721     7.24E-29 1.02E-24 0.00E+00 0.00E+00 7.15E-06 8.84E-08 1.25E-03 0.00E+00 0.00E+00 8.84E-08 1.25E-03 1.77E-04  0.77247
11901.00 .8402656     6.54E-29 9.26E-25 0.00E+00 0.00E+00 7.09E-06 8.87E-08 1.26E-03 0.00E+00 0.00E+00 8.87E-08 1.26E-03 1.78E-04  0.78383
11911.00 .8395600     6.25E-29 8.86E-25 0.00E+00 0.00E+00 7.06E-06 8.84E-08 1.25E-03 0.00E+00 0.00E+00 8.84E-08 1.25E-03 1.79E-04  0.78269
11921.00 .8388559     6.33E-29 9.00E-25 0.00E+00 0.00E+00 6.85E-06 8.49E-08 1.21E-03 0.00E+00 0.00E+00 8.49E-08 1.21E-03 1.80E-04  0.76781
11931.00 .8381528     5.99E-29 8.53E-25 0.00E+00 0.00E+00 7.09E-06 8.81E-08 1.25E-03 0.00E+00 0.00E+00 8.81E-08 1.25E-03 1.81E-04  0.76863
11941.00 .8374507     5.95E-29 8.49E-25 0.00E+00 0.00E+00 7.14E-06 8.81E-08 1.26E-03 0.00E+00 0.00E+00 8.81E-08 1.26E-03 1.81E-04  0.75859
11951.00 .8367501     5.59E-29 7.98E-25 0.00E+00 0.00E+00 7.04E-06 8.72E-08 1.24E-03 0.00E+00 0.00E+00 8.72E-08 1.24E-03 1.82E-04  0.76110
11961.00 .8360505     5.69E-29 8.14E-25 0.00E+00 0.00E+00 7.11E-06 8.68E-08 1.24E-03 0.00E+00 0.00E+00 8.68E-08 1.24E-03 1.83E-04  0.74374
11971.00 .8353522     5.31E-29 7.61E-25 0.00E+00 0.00E+00 7.09E-06 8.71E-08 1.25E-03 0.00E+00 0.00E+00 8.71E-08 1.25E-03 1.84E-04  0.74862
11981.00 .8346550     4.93E-29 7.08E-25 0.00E+00 0.00E+00 6.97E-06 8.61E-08 1.24E-03 0.00E+00 0.00E+00 8.61E-08 1.24E-03 1.85E-04  0.75371
11991.00 .8339587     5.46E-29 7.84E-25 0.00E+00 0.00E+00 6.98E-06 8.33E-08 1.20E-03 0.00E+00 0.00E+00 8.33E-08 1.20E-03 1.86E-04  0.71354
12001.00 .8332639     5.21E-29 7.50E-25 0.00E+00 0.00E+00 6.89E-06 8.22E-08 1.18E-03 0.00E+00 0.00E+00 8.22E-08 1.18E-03 1.87E-04  0.71258
12011.00 .8325701     5.00E-29 7.21E-25 0.00E+00 0.00E+00 6.99E-06 8.26E-08 1.19E-03 0.00E+00 0.00E+00 8.26E-08 1.19E-03 1.87E-04  0.70835
12021.00 .8318776     5.26E-29 7.60E-25 0.00E+00 0.00E+00 7.07E-06 8.15E-08 1.18E-03 0.00E+00 0.00E+00 8.15E-08 1.18E-03 1.88E-04  0.67836
12031.00 .8311862     4.30E-29 6.22E-25 0.00E+00 0.00E+00 6.95E-06 8.40E-08 1.22E-03 0.00E+00 0.00E+00 8.40E-08 1.22E-03 1.89E-04  0.72286
12041.00 .8304957     4.55E-29 6.60E-25 0.00E+00 0.00E+00 7.03E-06 8.24E-08 1.19E-03 0.00E+00 0.00E+00 8.24E-08 1.19E-03 1.90E-04  0.69151
12051.00 .8298067     4.42E-29 6.42E-25 0.00E+00 0.00E+00 7.04E-06 8.21E-08 1.19E-03 0.00E+00 0.00E+00 8.21E-08 1.19E-03 1.91E-04  0.68387
12061.00 .8291186     4.56E-29 6.64E-25 0.00E+00 0.00E+00 7.11E-06 8.06E-08 1.17E-03 0.00E+00 0.00E+00 8.06E-08 1.17E-03 1.92E-04  0.65700
12071.00 .8284318     4.22E-29 6.15E-25 0.00E+00 0.00E+00 7.16E-06 8.18E-08 1.19E-03 0.00E+00 0.00E+00 8.18E-08 1.19E-03 1.92E-04  0.66495
12081.00 .8277462     4.52E-29 6.59E-25 0.00E+00 0.00E+00 7.12E-06 7.80E-08 1.14E-03 0.00E+00 0.00E+00 7.80E-08 1.14E-03 1.93E-04  0.62353

                           RADIANCE (WATTS/CM2-STER-XXX)   [No STER in TOA SOLAR IRRADIANCE]

  FREQ   WAVELENGTH    PATH_THERMAL    SURFACE_EMISSION  SOL_IRR    SINGLE_SCATTER  GROUND_REFLECTED   TOTAL_RADIANCE  INTEGRAL    TOTAL
 (CM-1) (MICRON)      (CM-1)  (MICRN)   (CM-1)  (MICRN)   (CM-1)   (CM-1)  (MICRN)   (CM-1)  (MICRN)   (CM-1)  (MICRN)             TRANS

12091.00 .8270614     3.04E-29 4.45E-25 0.00E+00 0.00E+00 7.14E-06 8.80E-08 1.29E-03 0.00E+00 0.00E+00 8.80E-08 1.29E-03 1.94E-04  0.73357
12101.00 .8263780     3.33E-29 4.87E-25 0.00E+00 0.00E+00 7.13E-06 8.44E-08 1.24E-03 0.00E+00 0.00E+00 8.44E-08 1.24E-03 1.95E-04  0.69177
12111.00 .8256956     3.21E-29 4.71E-25 0.00E+00 0.00E+00 7.08E-06 8.37E-08 1.23E-03 0.00E+00 0.00E+00 8.37E-08 1.23E-03 1.96E-04  0.68843
12121.00 .8250145     2.52E-29 3.71E-25 0.00E+00 0.00E+00 7.02E-06 8.76E-08 1.29E-03 0.00E+00 0.00E+00 8.76E-08 1.29E-03 1.97E-04  0.74136
12131.00 .8243345     2.87E-29 4.23E-25 0.00E+00 0.00E+00 7.07E-06 8.42E-08 1.24E-03 0.00E+00 0.00E+00 8.42E-08 1.24E-03 1.97E-04  0.69071
12141.00 .8236553     3.54E-29 5.22E-25 0.00E+00 0.00E+00 6.97E-06 7.50E-08 1.10E-03 0.00E+00 0.00E+00 7.50E-08 1.10E-03 1.98E-04  0.59633
12151.00 .8229776     4.63E-29 6.84E-25 0.00E+00 0.00E+00 7.04E-06 6.14E-08 9.06E-04 0.00E+00 0.00E+00 6.14E-08 9.06E-04 1.99E-04  0.44778
12161.00 .8223007     2.64E-29 3.90E-25 0.00E+00 0.00E+00 6.90E-06 8.05E-08 1.19E-03 0.00E+00 0.00E+00 8.05E-08 1.19E-03 2.00E-04  0.66944
12171.00 .8216252     2.19E-29 3.24E-25 0.00E+00 0.00E+00 6.93E-06 8.47E-08 1.25E-03 0.00E+00 0.00E+00 8.47E-08 1.25E-03 2.00E-04  0.71051
12181.00 .8209508     1.81E-29 2.69E-25 0.00E+00 0.00E+00 6.96E-06 8.83E-08 1.31E-03 0.00E+00 0.00E+00 8.83E-08 1.31E-03 2.01E-04  0.74804
12191.00 .8202772     2.47E-29 3.67E-25 0.00E+00 0.00E+00 6.90E-06 7.81E-08 1.16E-03 0.00E+00 0.00E+00 7.81E-08 1.16E-03 2.02E-04  0.63691
12201.00 .8196050     2.36E-29 3.51E-25 0.00E+00 0.00E+00 6.83E-06 7.69E-08 1.15E-03 0.00E+00 0.00E+00 7.69E-08 1.15E-03 2.03E-04  0.63602
12211.00 .8189337     2.27E-29 3.39E-25 0.00E+00 0.00E+00 6.96E-06 7.83E-08 1.17E-03 0.00E+00 0.00E+00 7.83E-08 1.17E-03 2.04E-04  0.63107
12221.00 .8182637     2.50E-29 3.74E-25 0.00E+00 0.00E+00 6.94E-06 7.29E-08 1.09E-03 0.00E+00 0.00E+00 7.29E-08 1.09E-03 2.04E-04  0.57061
12231.00 .8175948     2.09E-29 3.13E-25 0.00E+00 0.00E+00 7.12E-06 7.99E-08 1.20E-03 0.00E+00 0.00E+00 7.99E-08 1.20E-03 2.05E-04  0.62438
12241.00 .8169267     2.23E-29 3.34E-25 0.00E+00 0.00E+00 7.09E-06 7.52E-08 1.13E-03 0.00E+00 0.00E+00 7.52E-08 1.13E-03 2.06E-04  0.57572
12251.00 .8162600     2.08E-29 3.12E-25 0.00E+00 0.00E+00 7.08E-06 7.61E-08 1.14E-03 0.00E+00 0.00E+00 7.61E-08 1.14E-03 2.07E-04  0.58685
12261.00 .8155941     1.89E-29 2.83E-25 0.00E+00 0.00E+00 7.09E-06 7.83E-08 1.18E-03 0.00E+00 0.00E+00 7.83E-08 1.18E-03 2.07E-04  0.60332
12271.00 .8149295     1.80E-29 2.71E-25 0.00E+00 0.00E+00 7.10E-06 7.88E-08 1.19E-03 0.00E+00 0.00E+00 7.88E-08 1.19E-03 2.08E-04  0.60253
12281.00 .8142661     1.50E-29 2.26E-25 0.00E+00 0.00E+00 7.12E-06 8.35E-08 1.26E-03 0.00E+00 0.00E+00 8.35E-08 1.26E-03 2.09E-04  0.65131
12291.00 .8136034     1.51E-29 2.28E-25 0.00E+00 0.00E+00 7.14E-06 8.21E-08 1.24E-03 0.00E+00 0.00E+00 8.21E-08 1.24E-03 2.10E-04  0.63011
12301.00 .8129421     1.12E-29 1.69E-25 0.00E+00 0.00E+00 7.10E-06 8.91E-08 1.35E-03 0.00E+00 0.00E+00 8.91E-08 1.35E-03 2.11E-04  0.71223
12311.00 .8122816     1.04E-29 1.58E-25 0.00E+00 0.00E+00 7.10E-06 8.98E-08 1.36E-03 0.00E+00 0.00E+00 8.98E-08 1.36E-03 2.12E-04  0.71673
12321.00 .8116225     9.61E-30 1.46E-25 0.00E+00 0.00E+00 7.08E-06 9.03E-08 1.37E-03 0.00E+00 0.00E+00 9.03E-08 1.37E-03 2.13E-04  0.72507
12331.00 .8109643     8.51E-30 1.29E-25 0.00E+00 0.00E+00 7.10E-06 9.23E-08 1.40E-03 0.00E+00 0.00E+00 9.23E-08 1.40E-03 2.14E-04  0.74409
12341.00 .8103070     7.66E-30 1.17E-25 0.00E+00 0.00E+00 7.01E-06 9.23E-08 1.41E-03 0.00E+00 0.00E+00 9.23E-08 1.41E-03 2.14E-04  0.75734
12351.00 .8096511     7.44E-30 1.14E-25 0.00E+00 0.00E+00 6.92E-06 9.09E-08 1.39E-03 0.00E+00 0.00E+00 9.09E-08 1.39E-03 2.15E-04  0.75196
12361.00 .8089960     6.72E-30 1.03E-25 0.00E+00 0.00E+00 6.98E-06 9.27E-08 1.42E-03 0.00E+00 0.00E+00 9.27E-08 1.42E-03 2.16E-04  0.76406
12371.00 .8083422     6.33E-30 9.69E-26 0.00E+00 0.00E+00 7.03E-06 9.37E-08 1.43E-03 0.00E+00 0.00E+00 9.37E-08 1.43E-03 2.17E-04  0.76614
12381.00 .8076893     5.82E-30 8.92E-26 0.00E+00 0.00E+00 7.04E-06 9.46E-08 1.45E-03 0.00E+00 0.00E+00 9.46E-08 1.45E-03 2.18E-04  0.77365
12391.00 .8070373     5.58E-30 8.56E-26 0.00E+00 0.00E+00 7.08E-06 9.52E-08 1.46E-03 0.00E+00 0.00E+00 9.52E-08 1.46E-03 2.19E-04  0.77154
12401.00 .8063866     5.29E-30 8.14E-26 0.00E+00 0.00E+00 7.15E-06 9.62E-08 1.48E-03 0.00E+00 0.00E+00 9.62E-08 1.48E-03 2.20E-04  0.77177
12411.00 .8057368     4.97E-30 7.65E-26 0.00E+00 0.00E+00 7.09E-06 9.59E-08 1.48E-03 0.00E+00 0.00E+00 9.59E-08 1.48E-03 2.21E-04  0.77450
12421.00 .8050882     4.82E-30 7.44E-26 0.00E+00 0.00E+00 6.88E-06 9.28E-08 1.43E-03 0.00E+00 0.00E+00 9.28E-08 1.43E-03 2.22E-04  0.76918
12431.00 .8044406     5.00E-30 7.73E-26 0.00E+00 0.00E+00 7.05E-06 9.35E-08 1.45E-03 0.00E+00 0.00E+00 9.35E-08 1.45E-03 2.23E-04  0.74850
12441.00 .8037938     4.73E-30 7.31E-26 0.00E+00 0.00E+00 7.08E-06 9.42E-08 1.46E-03 0.00E+00 0.00E+00 9.42E-08 1.46E-03 2.24E-04  0.74963
12451.00 .8031484     4.52E-30 7.01E-26 0.00E+00 0.00E+00 6.99E-06 9.31E-08 1.44E-03 0.00E+00 0.00E+00 9.31E-08 1.44E-03 2.25E-04  0.74755
12461.00 .8025038     4.44E-30 6.89E-26 0.00E+00 0.00E+00 7.08E-06 9.37E-08 1.45E-03 0.00E+00 0.00E+00 9.37E-08 1.45E-03 2.26E-04  0.73966
12471.00 .8018604     4.01E-30 6.23E-26 0.00E+00 0.00E+00 7.11E-06 9.53E-08 1.48E-03 0.00E+00 0.00E+00 9.53E-08 1.48E-03 2.27E-04  0.75202
12481.00 .8012180     3.99E-30 6.21E-26 0.00E+00 0.00E+00 7.10E-06 9.43E-08 1.47E-03 0.00E+00 0.00E+00 9.43E-08 1.47E-03 2.28E-04  0.74058
12491.00 .8005763     3.70E-30 5.78E-26 0.00E+00 0.00E+00 7.04E-06 9.42E-08 1.47E-03 0.00E+00 0.00E+00 9.42E-08 1.47E-03 2.29E-04  0.74632
12501.00 .7999361     3.49E-30 5.45E-26 0.00E+00 0.00E+00 6.96E-06 9.35E-08 1.46E-03 0.00E+00 0.00E+00 9.35E-08 1.46E-03 2.30E-04  0.74860
12511.00 .7992966     3.09E-30 4.84E-26 0.00E+00 0.00E+00 7.12E-06 9.71E-08 1.52E-03 0.00E+00 0.00E+00 9.71E-08 1.52E-03 2.30E-04  0.76522
12521.00 .7986583     3.07E-30 4.81E-26 0.00E+00 0.00E+00 7.11E-06 9.63E-08 1.51E-03 0.00E+00 0.00E+00 9.63E-08 1.51E-03 2.31E-04  0.75467
12531.00 .7980210     2.75E-30 4.33E-26 0.00E+00 0.00E+00 7.10E-06 9.74E-08 1.53E-03 0.00E+00 0.00E+00 9.74E-08 1.53E-03 2.32E-04  0.76820
12541.00 .7973845     2.76E-30 4.34E-26 0.00E+00 0.00E+00 7.09E-06 9.63E-08 1.52E-03 0.00E+00 0.00E+00 9.63E-08 1.52E-03 2.33E-04  0.75537
12551.00 .7967494     2.82E-30 4.44E-26 0.00E+00 0.00E+00 7.10E-06 9.51E-08 1.50E-03 0.00E+00 0.00E+00 9.51E-08 1.50E-03 2.34E-04  0.73668
12561.00 .7961149     2.80E-30 4.42E-26 0.00E+00 0.00E+00 7.04E-06 9.35E-08 1.47E-03 0.00E+00 0.00E+00 9.35E-08 1.47E-03 2.35E-04  0.72537
12571.00 .7954817     2.27E-30 3.59E-26 0.00E+00 0.00E+00 7.06E-06 9.72E-08 1.54E-03 0.00E+00 0.00E+00 9.72E-08 1.54E-03 2.36E-04  0.76491
12581.00 .7948495     2.11E-30 3.34E-26 0.00E+00 0.00E+00 6.81E-06 9.44E-08 1.49E-03 0.00E+00 0.00E+00 9.44E-08 1.49E-03 2.37E-04  0.77038

                           RADIANCE (WATTS/CM2-STER-XXX)   [No STER in TOA SOLAR IRRADIANCE]

  FREQ   WAVELENGTH    PATH_THERMAL    SURFACE_EMISSION  SOL_IRR    SINGLE_SCATTER  GROUND_REFLECTED   TOTAL_RADIANCE  INTEGRAL    TOTAL
 (CM-1) (MICRON)      (CM-1)  (MICRN)   (CM-1)  (MICRN)   (CM-1)   (CM-1)  (MICRN)   (CM-1)  (MICRN)   (CM-1)  (MICRN)             TRANS

12591.00 .7942180     1.95E-30 3.09E-26 0.00E+00 0.00E+00 6.83E-06 9.54E-08 1.51E-03 0.00E+00 0.00E+00 9.54E-08 1.51E-03 2.38E-04  0.77661
12601.00 .7935879     1.91E-30 3.03E-26 0.00E+00 0.00E+00 6.83E-06 9.49E-08 1.51E-03 0.00E+00 0.00E+00 9.49E-08 1.51E-03 2.39E-04  0.76926
12611.00 .7929584     2.00E-30 3.19E-26 0.00E+00 0.00E+00 7.01E-06 9.55E-08 1.52E-03 0.00E+00 0.00E+00 9.55E-08 1.52E-03 2.40E-04  0.74561
12621.00 .7923303     1.90E-30 3.02E-26 0.00E+00 0.00E+00 7.01E-06 9.56E-08 1.52E-03 0.00E+00 0.00E+00 9.56E-08 1.52E-03 2.41E-04  0.74602
12631.00 .7917031     1.76E-30 2.80E-26 0.00E+00 0.00E+00 6.91E-06 9.50E-08 1.52E-03 0.00E+00 0.00E+00 9.50E-08 1.52E-03 2.42E-04  0.75285
12641.00 .7910766     1.74E-30 2.79E-26 0.00E+00 0.00E+00 7.04E-06 9.60E-08 1.53E-03 0.00E+00 0.00E+00 9.60E-08 1.53E-03 2.43E-04  0.74162
12651.00 .7904514     1.65E-30 2.64E-26 0.00E+00 0.00E+00 7.10E-06 9.70E-08 1.55E-03 0.00E+00 0.00E+00 9.70E-08 1.55E-03 2.44E-04  0.74294
12661.00 .7898270     1.65E-30 2.64E-26 0.00E+00 0.00E+00 7.08E-06 9.58E-08 1.54E-03 0.00E+00 0.00E+00 9.58E-08 1.54E-03 2.45E-04  0.72916
12671.00 .7892038     1.49E-30 2.40E-26 0.00E+00 0.00E+00 7.12E-06 9.76E-08 1.57E-03 0.00E+00 0.00E+00 9.76E-08 1.57E-03 2.46E-04  0.74178
12681.00 .7885815     1.32E-30 2.12E-26 0.00E+00 0.00E+00 7.08E-06 9.89E-08 1.59E-03 0.00E+00 0.00E+00 9.89E-08 1.59E-03 2.47E-04  0.76052
12691.00 .7879599     1.26E-30 2.04E-26 0.00E+00 0.00E+00 7.05E-06 9.83E-08 1.58E-03 0.00E+00 0.00E+00 9.83E-08 1.58E-03 2.48E-04  0.75755
12701.00 .7873396     1.17E-30 1.89E-26 0.00E+00 0.00E+00 7.10E-06 9.97E-08 1.61E-03 0.00E+00 0.00E+00 9.97E-08 1.61E-03 2.49E-04  0.76417
12711.00 .7867201     1.12E-30 1.80E-26 0.00E+00 0.00E+00 7.14E-06 1.00E-07 1.62E-03 0.00E+00 0.00E+00 1.00E-07 1.62E-03 2.50E-04  0.76304
12721.00 .7861018     1.01E-30 1.63E-26 0.00E+00 0.00E+00 7.00E-06 9.95E-08 1.61E-03 0.00E+00 0.00E+00 9.95E-08 1.61E-03 2.51E-04  0.77522
12731.00 .7854844     9.54E-31 1.55E-26 0.00E+00 0.00E+00 6.99E-06 9.95E-08 1.61E-03 0.00E+00 0.00E+00 9.95E-08 1.61E-03 2.52E-04  0.77545
12741.00 .7848677     9.06E-31 1.47E-26 0.00E+00 0.00E+00 7.10E-06 1.01E-07 1.64E-03 0.00E+00 0.00E+00 1.01E-07 1.64E-03 2.53E-04  0.77536
12751.00 .7842523     8.57E-31 1.39E-26 0.00E+00 0.00E+00 7.09E-06 1.01E-07 1.65E-03 0.00E+00 0.00E+00 1.01E-07 1.65E-03 2.54E-04  0.77636
12761.00 .7836376     8.10E-31 1.32E-26 0.00E+00 0.00E+00 6.91E-06 9.89E-08 1.61E-03 0.00E+00 0.00E+00 9.89E-08 1.61E-03 2.55E-04  0.77749
12771.00 .7830241     7.69E-31 1.25E-26 0.00E+00 0.00E+00 7.04E-06 1.01E-07 1.65E-03 0.00E+00 0.00E+00 1.01E-07 1.65E-03 2.56E-04  0.77756
12781.00 .7824115     7.31E-31 1.19E-26 0.00E+00 0.00E+00 7.12E-06 1.02E-07 1.67E-03 0.00E+00 0.00E+00 1.02E-07 1.67E-03 2.57E-04  0.77731
12791.00 .7817996     6.95E-31 1.14E-26 0.00E+00 0.00E+00 7.12E-06 1.02E-07 1.68E-03 0.00E+00 0.00E+00 1.02E-07 1.68E-03 2.58E-04  0.77712
12801.00 .7811890     6.60E-31 1.08E-26 0.00E+00 0.00E+00 7.00E-06 1.01E-07 1.65E-03 0.00E+00 0.00E+00 1.01E-07 1.65E-03 2.59E-04  0.77705
12811.00 .7805791     6.29E-31 1.03E-26 0.00E+00 0.00E+00 7.09E-06 1.02E-07 1.68E-03 0.00E+00 0.00E+00 1.02E-07 1.68E-03 2.60E-04  0.77644
12821.00 .7799704     5.97E-31 9.82E-27 0.00E+00 0.00E+00 7.00E-06 1.01E-07 1.66E-03 0.00E+00 0.00E+00 1.01E-07 1.66E-03 2.61E-04  0.77643
12831.00 .7793626     5.69E-31 9.37E-27 0.00E+00 0.00E+00 7.09E-06 1.02E-07 1.69E-03 0.00E+00 0.00E+00 1.02E-07 1.69E-03 2.62E-04  0.77576
12841.00 .7787555     5.40E-31 8.91E-27 0.00E+00 0.00E+00 7.11E-06 1.03E-07 1.70E-03 0.00E+00 0.00E+00 1.03E-07 1.70E-03 2.63E-04  0.77576
12851.00 .7781496     5.14E-31 8.49E-27 0.00E+00 0.00E+00 7.10E-06 1.03E-07 1.70E-03 0.00E+00 0.00E+00 1.03E-07 1.70E-03 2.64E-04  0.77534
12861.00 .7775444     4.89E-31 8.09E-27 0.00E+00 0.00E+00 6.96E-06 1.01E-07 1.67E-03 0.00E+00 0.00E+00 1.01E-07 1.67E-03 2.65E-04  0.77504
12871.00 .7769405     4.65E-31 7.71E-27 0.00E+00 0.00E+00 7.11E-06 1.03E-07 1.71E-03 0.00E+00 0.00E+00 1.03E-07 1.71E-03 2.66E-04  0.77478
12881.00 .7763374     4.43E-31 7.35E-27 0.00E+00 0.00E+00 7.10E-06 1.03E-07 1.72E-03 0.00E+00 0.00E+00 1.03E-07 1.72E-03 2.67E-04  0.77433
12891.00 .7757350     4.22E-31 7.01E-27 0.00E+00 0.00E+00 7.09E-06 1.03E-07 1.72E-03 0.00E+00 0.00E+00 1.03E-07 1.72E-03 2.68E-04  0.77363
12901.00 .7751338     4.01E-31 6.68E-27 0.00E+00 0.00E+00 6.75E-06 9.86E-08 1.64E-03 0.00E+00 0.00E+00 9.86E-08 1.64E-03 2.69E-04  0.77312
12911.00 .7745333     3.83E-31 6.39E-27 0.00E+00 0.00E+00 6.91E-06 1.01E-07 1.68E-03 0.00E+00 0.00E+00 1.01E-07 1.68E-03 2.70E-04  0.77206
12921.00 .7739339     3.65E-31 6.09E-27 0.00E+00 0.00E+00 7.10E-06 1.04E-07 1.73E-03 0.00E+00 0.00E+00 1.04E-07 1.73E-03 2.71E-04  0.77132
12931.00 .7733355     3.49E-31 5.83E-27 0.00E+00 0.00E+00 7.06E-06 1.03E-07 1.73E-03 0.00E+00 0.00E+00 1.03E-07 1.73E-03 2.72E-04  0.76998
12941.00 .7727377     3.34E-31 5.59E-27 0.00E+00 0.00E+00 6.89E-06 1.01E-07 1.69E-03 0.00E+00 0.00E+00 1.01E-07 1.69E-03 2.73E-04  0.76801
12951.00 .7721412     3.19E-31 5.35E-27 0.00E+00 0.00E+00 6.99E-06 1.02E-07 1.72E-03 0.00E+00 0.00E+00 1.02E-07 1.72E-03 2.74E-04  0.76700
12961.00 .7715454     3.04E-31 5.11E-27 0.00E+00 0.00E+00 6.89E-06 1.01E-07 1.70E-03 0.00E+00 0.00E+00 1.01E-07 1.70E-03 2.75E-04  0.76578
12971.00 .7709506     2.91E-31 4.90E-27 0.00E+00 0.00E+00 7.03E-06 1.03E-07 1.73E-03 0.00E+00 0.00E+00 1.03E-07 1.73E-03 2.76E-04  0.76375
12981.00 .7703568     2.87E-31 4.84E-27 0.00E+00 0.00E+00 7.00E-06 1.02E-07 1.71E-03 0.00E+00 0.00E+00 1.02E-07 1.71E-03 2.77E-04  0.75496
12991.00 .7697636     2.83E-31 4.78E-27 0.00E+00 0.00E+00 6.97E-06 1.01E-07 1.70E-03 0.00E+00 0.00E+00 1.01E-07 1.70E-03 2.78E-04  0.74565
13001.00 .7691717     2.85E-31 4.82E-27 0.00E+00 0.00E+00 7.00E-06 9.95E-08 1.68E-03 0.00E+00 0.00E+00 9.95E-08 1.68E-03 2.79E-04  0.73008
13011.00 .7685804     2.82E-31 4.78E-27 0.00E+00 0.00E+00 7.06E-06 9.93E-08 1.68E-03 0.00E+00 0.00E+00 9.93E-08 1.68E-03 2.80E-04  0.71887
13021.00 .7679902     2.97E-31 5.04E-27 0.00E+00 0.00E+00 7.05E-06 9.57E-08 1.62E-03 0.00E+00 0.00E+00 9.57E-08 1.62E-03 2.81E-04  0.68816
13031.00 .7674009     3.13E-31 5.31E-27 0.00E+00 0.00E+00 7.08E-06 9.24E-08 1.57E-03 0.00E+00 0.00E+00 9.24E-08 1.57E-03 2.82E-04  0.65414
13041.00 .7668123     3.42E-31 5.81E-27 0.00E+00 0.00E+00 6.71E-06 8.21E-08 1.40E-03 0.00E+00 0.00E+00 8.21E-08 1.40E-03 2.83E-04  0.60208
13051.00 .7662249     3.74E-31 6.37E-27 0.00E+00 0.00E+00 6.62E-06 7.39E-08 1.26E-03 0.00E+00 0.00E+00 7.39E-08 1.26E-03 2.84E-04  0.54148
13061.00 .7656381     4.17E-31 7.11E-27 0.00E+00 0.00E+00 6.88E-06 6.67E-08 1.14E-03 0.00E+00 0.00E+00 6.67E-08 1.14E-03 2.84E-04  0.46097
13071.00 .7650524     4.56E-31 7.79E-27 0.00E+00 0.00E+00 7.11E-06 5.76E-08 9.85E-04 0.00E+00 0.00E+00 5.76E-08 9.85E-04 2.85E-04  0.37815
13081.00 .7644677     4.81E-31 8.23E-27 0.00E+00 0.00E+00 7.11E-06 4.82E-08 8.24E-04 0.00E+00 0.00E+00 4.82E-08 8.24E-04 2.85E-04  0.30995

                           RADIANCE (WATTS/CM2-STER-XXX)   [No STER in TOA SOLAR IRRADIANCE]

  FREQ   WAVELENGTH    PATH_THERMAL    SURFACE_EMISSION  SOL_IRR    SINGLE_SCATTER  GROUND_REFLECTED   TOTAL_RADIANCE  INTEGRAL    TOTAL
 (CM-1) (MICRON)      (CM-1)  (MICRN)   (CM-1)  (MICRN)   (CM-1)   (CM-1)  (MICRN)   (CM-1)  (MICRN)   (CM-1)  (MICRN)             TRANS

13091.00 .7638835     5.08E-31 8.71E-27 0.00E+00 0.00E+00 7.11E-06 3.73E-08 6.40E-04 0.00E+00 0.00E+00 3.73E-08 6.40E-04 2.86E-04  0.23260
13101.00 .7633006     5.06E-31 8.68E-27 0.00E+00 0.00E+00 7.10E-06 3.17E-08 5.44E-04 0.00E+00 0.00E+00 3.17E-08 5.44E-04 2.86E-04  0.19572
13111.00 .7627183     4.68E-31 8.04E-27 0.00E+00 0.00E+00 7.03E-06 3.41E-08 5.86E-04 0.00E+00 0.00E+00 3.41E-08 5.86E-04 2.86E-04  0.21720
13121.00 .7621371     3.18E-31 5.48E-27 0.00E+00 0.00E+00 6.78E-06 6.09E-08 1.05E-03 0.00E+00 0.00E+00 6.09E-08 1.05E-03 2.87E-04  0.44128
13131.00 .7615567     4.35E-31 7.51E-27 0.00E+00 0.00E+00 6.97E-06 3.00E-08 5.17E-04 0.00E+00 0.00E+00 3.00E-08 5.17E-04 2.87E-04  0.18955
13141.00 .7609770     4.87E-31 8.42E-27 0.00E+00 0.00E+00 7.01E-06 1.00E-08 1.73E-04 0.00E+00 0.00E+00 1.00E-08 1.73E-04 2.87E-04  0.04541
13151.00 .7603985     4.64E-31 8.02E-27 0.00E+00 0.00E+00 6.98E-06 1.07E-08 1.85E-04 0.00E+00 0.00E+00 1.07E-08 1.85E-04 2.88E-04  0.04415
13161.00 .7598206     3.72E-31 6.44E-27 0.00E+00 0.00E+00 7.04E-06 3.49E-08 6.04E-04 0.00E+00 0.00E+00 3.49E-08 6.04E-04 2.88E-04  0.19796
13171.00 .7592438     1.40E-31 2.42E-27 0.00E+00 0.00E+00 7.02E-06 9.70E-08 1.68E-03 0.00E+00 0.00E+00 9.70E-08 1.68E-03 2.89E-04  0.68492
13181.00 .7586679     1.00E-31 1.74E-27 0.00E+00 0.00E+00 6.85E-06 1.04E-07 1.80E-03 0.00E+00 0.00E+00 1.04E-07 1.80E-03 2.90E-04  0.76094
13191.00 .7580926     9.39E-32 1.63E-27 0.00E+00 0.00E+00 7.02E-06 1.07E-07 1.85E-03 0.00E+00 0.00E+00 1.07E-07 1.85E-03 2.91E-04  0.76348
13201.00 .7575184     8.92E-32 1.56E-27 0.00E+00 0.00E+00 6.98E-06 1.06E-07 1.85E-03 0.00E+00 0.00E+00 1.06E-07 1.85E-03 2.92E-04  0.76337
13211.00 .7569449     8.48E-32 1.48E-27 0.00E+00 0.00E+00 6.98E-06 1.06E-07 1.85E-03 0.00E+00 0.00E+00 1.06E-07 1.85E-03 2.93E-04  0.76316
13221.00 .7563725     8.07E-32 1.41E-27 0.00E+00 0.00E+00 6.96E-06 1.06E-07 1.85E-03 0.00E+00 0.00E+00 1.06E-07 1.85E-03 2.94E-04  0.76275
13231.00 .7558009     7.68E-32 1.34E-27 0.00E+00 0.00E+00 6.92E-06 1.06E-07 1.85E-03 0.00E+00 0.00E+00 1.06E-07 1.85E-03 2.95E-04  0.76230
13241.00 .7552299     7.30E-32 1.28E-27 0.00E+00 0.00E+00 7.03E-06 1.07E-07 1.88E-03 0.00E+00 0.00E+00 1.07E-07 1.88E-03 2.96E-04  0.76193
13251.00 .7546601     6.95E-32 1.22E-27 0.00E+00 0.00E+00 7.05E-06 1.08E-07 1.89E-03 0.00E+00 0.00E+00 1.08E-07 1.89E-03 2.97E-04  0.76162
13261.00 .7540909     6.61E-32 1.16E-27 0.00E+00 0.00E+00 7.08E-06 1.08E-07 1.90E-03 0.00E+00 0.00E+00 1.08E-07 1.90E-03 2.98E-04  0.76105
13271.00 .7535228     6.29E-32 1.11E-27 0.00E+00 0.00E+00 7.00E-06 1.07E-07 1.89E-03 0.00E+00 0.00E+00 1.07E-07 1.89E-03 3.00E-04  0.76082
13281.00 .7529554     5.98E-32 1.06E-27 0.00E+00 0.00E+00 6.94E-06 1.06E-07 1.88E-03 0.00E+00 0.00E+00 1.06E-07 1.88E-03 3.01E-04  0.76041
13291.00 .7523888     5.69E-32 1.01E-27 0.00E+00 0.00E+00 6.92E-06 1.06E-07 1.88E-03 0.00E+00 0.00E+00 1.06E-07 1.88E-03 3.02E-04  0.75999
13301.00 .7518232     5.42E-32 9.58E-28 0.00E+00 0.00E+00 7.01E-06 1.08E-07 1.91E-03 0.00E+00 0.00E+00 1.08E-07 1.91E-03 3.03E-04  0.75941
13311.00 .7512583     5.15E-32 9.13E-28 0.00E+00 0.00E+00 6.80E-06 1.05E-07 1.85E-03 0.00E+00 0.00E+00 1.05E-07 1.85E-03 3.04E-04  0.75917
13321.00 .7506945     4.91E-32 8.71E-28 0.00E+00 0.00E+00 7.01E-06 1.08E-07 1.91E-03 0.00E+00 0.00E+00 1.08E-07 1.91E-03 3.05E-04  0.75834
13331.00 .7501314     4.67E-32 8.29E-28 0.00E+00 0.00E+00 6.94E-06 1.07E-07 1.90E-03 0.00E+00 0.00E+00 1.07E-07 1.90E-03 3.06E-04  0.75812
13341.00 .7495689     4.44E-32 7.90E-28 0.00E+00 0.00E+00 6.78E-06 1.05E-07 1.86E-03 0.00E+00 0.00E+00 1.05E-07 1.86E-03 3.07E-04  0.75781
13351.00 .7490076     4.22E-32 7.52E-28 0.00E+00 0.00E+00 6.99E-06 1.08E-07 1.92E-03 0.00E+00 0.00E+00 1.08E-07 1.92E-03 3.08E-04  0.75757
13361.00 .7484469     4.01E-32 7.16E-28 0.00E+00 0.00E+00 6.95E-06 1.07E-07 1.92E-03 0.00E+00 0.00E+00 1.07E-07 1.92E-03 3.09E-04  0.75718
13371.00 .7478873     3.82E-32 6.83E-28 0.00E+00 0.00E+00 6.94E-06 1.07E-07 1.92E-03 0.00E+00 0.00E+00 1.07E-07 1.92E-03 3.10E-04  0.75643
13381.00 .7473284     3.64E-32 6.51E-28 0.00E+00 0.00E+00 6.98E-06 1.08E-07 1.94E-03 0.00E+00 0.00E+00 1.08E-07 1.94E-03 3.11E-04  0.75590
13391.00 .7467701     3.46E-32 6.21E-28 0.00E+00 0.00E+00 6.99E-06 1.08E-07 1.94E-03 0.00E+00 0.00E+00 1.08E-07 1.94E-03 3.12E-04  0.75545
13401.00 .7462130     3.29E-32 5.92E-28 0.00E+00 0.00E+00 6.93E-06 1.08E-07 1.93E-03 0.00E+00 0.00E+00 1.08E-07 1.93E-03 3.13E-04  0.75493
13411.00 .7456565     3.14E-32 5.66E-28 0.00E+00 0.00E+00 7.00E-06 1.09E-07 1.96E-03 0.00E+00 0.00E+00 1.09E-07 1.96E-03 3.15E-04  0.75368
13421.00 .7451010     2.98E-32 5.37E-28 0.00E+00 0.00E+00 6.85E-06 1.07E-07 1.92E-03 0.00E+00 0.00E+00 1.07E-07 1.92E-03 3.16E-04  0.75403
13431.00 .7445463     2.85E-32 5.14E-28 0.00E+00 0.00E+00 6.76E-06 1.05E-07 1.90E-03 0.00E+00 0.00E+00 1.05E-07 1.90E-03 3.17E-04  0.75235
13441.00 .7439922     2.72E-32 4.91E-28 0.00E+00 0.00E+00 6.98E-06 1.09E-07 1.96E-03 0.00E+00 0.00E+00 1.09E-07 1.96E-03 3.18E-04  0.75156
13451.00 .7434392     2.57E-32 4.65E-28 0.00E+00 0.00E+00 6.98E-06 1.09E-07 1.97E-03 0.00E+00 0.00E+00 1.09E-07 1.97E-03 3.19E-04  0.75244
13461.00 .7428868     2.50E-32 4.53E-28 0.00E+00 0.00E+00 6.91E-06 1.08E-07 1.95E-03 0.00E+00 0.00E+00 1.08E-07 1.95E-03 3.20E-04  0.74674
13471.00 .7423354     2.38E-32 4.33E-28 0.00E+00 0.00E+00 6.67E-06 1.04E-07 1.89E-03 0.00E+00 0.00E+00 1.04E-07 1.89E-03 3.21E-04  0.74561
13481.00 .7417849     2.27E-32 4.12E-28 0.00E+00 0.00E+00 6.68E-06 1.04E-07 1.89E-03 0.00E+00 0.00E+00 1.04E-07 1.89E-03 3.22E-04  0.74485
13491.00 .7412348     2.21E-32 4.02E-28 0.00E+00 0.00E+00 6.66E-06 1.03E-07 1.88E-03 0.00E+00 0.00E+00 1.03E-07 1.88E-03 3.23E-04  0.73830
13501.00 .7406859     2.06E-32 3.75E-28 0.00E+00 0.00E+00 6.85E-06 1.07E-07 1.95E-03 0.00E+00 0.00E+00 1.07E-07 1.95E-03 3.24E-04  0.74360
13511.00 .7401376     2.02E-32 3.69E-28 0.00E+00 0.00E+00 6.85E-06 1.06E-07 1.94E-03 0.00E+00 0.00E+00 1.06E-07 1.94E-03 3.25E-04  0.73435
13521.00 .7395903     2.00E-32 3.66E-28 0.00E+00 0.00E+00 6.85E-06 1.06E-07 1.93E-03 0.00E+00 0.00E+00 1.06E-07 1.93E-03 3.26E-04  0.72334
13531.00 .7390438     1.88E-32 3.43E-28 0.00E+00 0.00E+00 6.64E-06 1.03E-07 1.88E-03 0.00E+00 0.00E+00 1.03E-07 1.88E-03 3.27E-04  0.72731
13541.00 .7384979     1.87E-32 3.42E-28 0.00E+00 0.00E+00 6.83E-06 1.05E-07 1.92E-03 0.00E+00 0.00E+00 1.05E-07 1.92E-03 3.28E-04  0.71412
13551.00 .7379529     1.70E-32 3.12E-28 0.00E+00 0.00E+00 6.97E-06 1.08E-07 1.99E-03 0.00E+00 0.00E+00 1.08E-07 1.99E-03 3.29E-04  0.72592
13561.00 .7374087     1.69E-32 3.11E-28 0.00E+00 0.00E+00 6.98E-06 1.07E-07 1.97E-03 0.00E+00 0.00E+00 1.07E-07 1.97E-03 3.30E-04  0.71264
13571.00 .7368654     1.69E-32 3.10E-28 0.00E+00 0.00E+00 6.93E-06 1.05E-07 1.94E-03 0.00E+00 0.00E+00 1.05E-07 1.94E-03 3.31E-04  0.69866
13581.00 .7363229     1.63E-32 3.01E-28 0.00E+00 0.00E+00 6.87E-06 1.04E-07 1.91E-03 0.00E+00 0.00E+00 1.04E-07 1.91E-03 3.33E-04  0.69275

                           RADIANCE (WATTS/CM2-STER-XXX)   [No STER in TOA SOLAR IRRADIANCE]

  FREQ   WAVELENGTH    PATH_THERMAL    SURFACE_EMISSION  SOL_IRR    SINGLE_SCATTER  GROUND_REFLECTED   TOTAL_RADIANCE  INTEGRAL    TOTAL
 (CM-1) (MICRON)      (CM-1)  (MICRN)   (CM-1)  (MICRN)   (CM-1)   (CM-1)  (MICRN)   (CM-1)  (MICRN)   (CM-1)  (MICRN)             TRANS

13591.00 .7357810     1.47E-32 2.72E-28 0.00E+00 0.00E+00 6.83E-06 1.05E-07 1.94E-03 0.00E+00 0.00E+00 1.05E-07 1.94E-03 3.34E-04  0.70773
13601.00 .7352401     1.44E-32 2.66E-28 0.00E+00 0.00E+00 6.92E-06 1.06E-07 1.95E-03 0.00E+00 0.00E+00 1.06E-07 1.95E-03 3.35E-04  0.69932
13611.00 .7346998     1.37E-32 2.54E-28 0.00E+00 0.00E+00 6.98E-06 1.07E-07 1.98E-03 0.00E+00 0.00E+00 1.07E-07 1.98E-03 3.36E-04  0.69809
13621.00 .7341605     1.20E-32 2.23E-28 0.00E+00 0.00E+00 7.00E-06 1.09E-07 2.03E-03 0.00E+00 0.00E+00 1.09E-07 2.03E-03 3.37E-04  0.72182
13631.00 .7336220     1.32E-32 2.45E-28 0.00E+00 0.00E+00 6.93E-06 1.04E-07 1.93E-03 0.00E+00 0.00E+00 1.04E-07 1.93E-03 3.38E-04  0.67872
13641.00 .7330840     1.22E-32 2.27E-28 0.00E+00 0.00E+00 6.81E-06 1.03E-07 1.93E-03 0.00E+00 0.00E+00 1.03E-07 1.93E-03 3.39E-04  0.68735
13651.00 .7325471     1.14E-32 2.13E-28 0.00E+00 0.00E+00 6.83E-06 1.04E-07 1.94E-03 0.00E+00 0.00E+00 1.04E-07 1.94E-03 3.40E-04  0.69124
13661.00 .7320108     1.33E-32 2.49E-28 0.00E+00 0.00E+00 6.91E-06 9.81E-08 1.83E-03 0.00E+00 0.00E+00 9.81E-08 1.83E-03 3.41E-04  0.62033
13671.00 .7314754     1.30E-32 2.42E-28 0.00E+00 0.00E+00 6.86E-06 9.67E-08 1.81E-03 0.00E+00 0.00E+00 9.67E-08 1.81E-03 3.42E-04  0.61056
13681.00 .7309408     1.18E-32 2.21E-28 0.00E+00 0.00E+00 6.75E-06 9.65E-08 1.81E-03 0.00E+00 0.00E+00 9.65E-08 1.81E-03 3.43E-04  0.62650
13691.00 .7304068     1.24E-32 2.32E-28 0.00E+00 0.00E+00 6.93E-06 9.53E-08 1.79E-03 0.00E+00 0.00E+00 9.53E-08 1.79E-03 3.44E-04  0.58838
13701.00 .7298738     1.03E-32 1.93E-28 0.00E+00 0.00E+00 6.89E-06 1.01E-07 1.89E-03 0.00E+00 0.00E+00 1.01E-07 1.89E-03 3.45E-04  0.63887
13711.00 .7293413     1.20E-32 2.25E-28 0.00E+00 0.00E+00 6.58E-06 8.76E-08 1.65E-03 0.00E+00 0.00E+00 8.76E-08 1.65E-03 3.46E-04  0.55756
13721.00 .7288099     9.10E-33 1.71E-28 0.00E+00 0.00E+00 6.66E-06 9.78E-08 1.84E-03 0.00E+00 0.00E+00 9.78E-08 1.84E-03 3.47E-04  0.64794
13731.00 .7282792     9.48E-33 1.79E-28 0.00E+00 0.00E+00 6.85E-06 9.72E-08 1.83E-03 0.00E+00 0.00E+00 9.72E-08 1.83E-03 3.48E-04  0.61113
13741.00 .7277490     1.11E-32 2.09E-28 0.00E+00 0.00E+00 6.89E-06 8.81E-08 1.66E-03 0.00E+00 0.00E+00 8.81E-08 1.66E-03 3.48E-04  0.52411
13751.00 .7272199     8.18E-33 1.55E-28 0.00E+00 0.00E+00 6.97E-06 1.01E-07 1.91E-03 0.00E+00 0.00E+00 1.01E-07 1.91E-03 3.49E-04  0.62948
13761.00 .7266913     8.97E-33 1.70E-28 0.00E+00 0.00E+00 6.90E-06 9.35E-08 1.77E-03 0.00E+00 0.00E+00 9.35E-08 1.77E-03 3.50E-04  0.57128
13771.00 .7261637     7.92E-33 1.50E-28 0.00E+00 0.00E+00 6.83E-06 9.69E-08 1.84E-03 0.00E+00 0.00E+00 9.69E-08 1.84E-03 3.51E-04  0.60242
13781.00 .7256368     8.20E-33 1.56E-28 0.00E+00 0.00E+00 6.92E-06 9.32E-08 1.77E-03 0.00E+00 0.00E+00 9.32E-08 1.77E-03 3.52E-04  0.56490
13791.00 .7251105     7.32E-33 1.39E-28 0.00E+00 0.00E+00 6.88E-06 9.63E-08 1.83E-03 0.00E+00 0.00E+00 9.63E-08 1.83E-03 3.53E-04  0.59318
13801.00 .7245852     7.36E-33 1.40E-28 0.00E+00 0.00E+00 6.88E-06 9.30E-08 1.77E-03 0.00E+00 0.00E+00 9.30E-08 1.77E-03 3.54E-04  0.56716
13811.00 .7240605     6.73E-33 1.28E-28 0.00E+00 0.00E+00 6.89E-06 9.53E-08 1.82E-03 0.00E+00 0.00E+00 9.53E-08 1.82E-03 3.55E-04  0.58411
13821.00 .7235367     7.09E-33 1.35E-28 0.00E+00 0.00E+00 6.95E-06 9.11E-08 1.74E-03 0.00E+00 0.00E+00 9.11E-08 1.74E-03 3.56E-04  0.53920
13831.00 .7230136     5.08E-33 9.72E-29 0.00E+00 0.00E+00 6.88E-06 1.03E-07 1.98E-03 0.00E+00 0.00E+00 1.03E-07 1.98E-03 3.57E-04  0.65220
13841.00 .7224911     4.56E-33 8.74E-29 0.00E+00 0.00E+00 6.66E-06 1.02E-07 1.96E-03 0.00E+00 0.00E+00 1.02E-07 1.96E-03 3.58E-04  0.67124
13851.00 .7219696     4.34E-33 8.33E-29 0.00E+00 0.00E+00 6.87E-06 1.05E-07 2.02E-03 0.00E+00 0.00E+00 1.05E-07 2.02E-03 3.59E-04  0.66981
13861.00 .7214486     4.07E-33 7.82E-29 0.00E+00 0.00E+00 6.84E-06 1.06E-07 2.03E-03 0.00E+00 0.00E+00 1.06E-07 2.03E-03 3.60E-04  0.67412
13871.00 .7209286     4.88E-33 9.40E-29 0.00E+00 0.00E+00 6.61E-06 9.24E-08 1.78E-03 0.00E+00 0.00E+00 9.24E-08 1.78E-03 3.61E-04  0.58749
13881.00 .7204093     5.51E-33 1.06E-28 0.00E+00 0.00E+00 6.84E-06 8.69E-08 1.67E-03 0.00E+00 0.00E+00 8.69E-08 1.67E-03 3.62E-04  0.51072
13891.00 .7198905     4.99E-33 9.62E-29 0.00E+00 0.00E+00 6.77E-06 8.94E-08 1.73E-03 0.00E+00 0.00E+00 8.94E-08 1.73E-03 3.63E-04  0.53444
13901.00 .7193727     4.86E-33 9.38E-29 0.00E+00 0.00E+00 6.63E-06 8.60E-08 1.66E-03 0.00E+00 0.00E+00 8.60E-08 1.66E-03 3.64E-04  0.52273
13911.00 .7188556     4.89E-33 9.46E-29 0.00E+00 0.00E+00 6.59E-06 8.20E-08 1.59E-03 0.00E+00 0.00E+00 8.20E-08 1.59E-03 3.65E-04  0.49260
13921.00 .7183393     3.97E-33 7.69E-29 0.00E+00 0.00E+00 6.67E-06 9.17E-08 1.78E-03 0.00E+00 0.00E+00 9.17E-08 1.78E-03 3.66E-04  0.56755
13931.00 .7178237     4.02E-33 7.81E-29 0.00E+00 0.00E+00 6.80E-06 9.05E-08 1.76E-03 0.00E+00 0.00E+00 9.05E-08 1.76E-03 3.66E-04  0.53726
13941.00 .7173086     3.74E-33 7.27E-29 0.00E+00 0.00E+00 6.92E-06 9.41E-08 1.83E-03 0.00E+00 0.00E+00 9.41E-08 1.83E-03 3.67E-04  0.54763
13951.00 .7167946     2.95E-33 5.73E-29 0.00E+00 0.00E+00 6.64E-06 9.89E-08 1.92E-03 0.00E+00 0.00E+00 9.89E-08 1.92E-03 3.68E-04  0.62577
13961.00 .7162810     2.30E-33 4.48E-29 0.00E+00 0.00E+00 6.81E-06 1.09E-07 2.12E-03 0.00E+00 0.00E+00 1.09E-07 2.12E-03 3.69E-04  0.69234
13971.00 .7157685     2.09E-33 4.07E-29 0.00E+00 0.00E+00 6.84E-06 1.11E-07 2.16E-03 0.00E+00 0.00E+00 1.11E-07 2.16E-03 3.71E-04  0.70554
13981.00 .7152565     2.03E-33 3.97E-29 0.00E+00 0.00E+00 6.65E-06 1.07E-07 2.09E-03 0.00E+00 0.00E+00 1.07E-07 2.09E-03 3.72E-04  0.69768
13991.00 .7147452     1.86E-33 3.65E-29 0.00E+00 0.00E+00 6.70E-06 1.09E-07 2.13E-03 0.00E+00 0.00E+00 1.09E-07 2.13E-03 3.73E-04  0.70852
14001.00 .7142348     1.74E-33 3.41E-29 0.00E+00 0.00E+00 6.90E-06 1.13E-07 2.21E-03 0.00E+00 0.00E+00 1.13E-07 2.21E-03 3.74E-04  0.71347
14011.00 .7137249     1.63E-33 3.19E-29 0.00E+00 0.00E+00 6.86E-06 1.13E-07 2.21E-03 0.00E+00 0.00E+00 1.13E-07 2.21E-03 3.75E-04  0.71780
14021.00 .7132159     1.57E-33 3.09E-29 0.00E+00 0.00E+00 6.70E-06 1.10E-07 2.16E-03 0.00E+00 0.00E+00 1.10E-07 2.16E-03 3.76E-04  0.71289
14031.00 .7127077     1.45E-33 2.86E-29 0.00E+00 0.00E+00 6.81E-06 1.12E-07 2.21E-03 0.00E+00 0.00E+00 1.12E-07 2.21E-03 3.77E-04  0.72059
14041.00 .7121999     1.39E-33 2.74E-29 0.00E+00 0.00E+00 6.79E-06 1.12E-07 2.21E-03 0.00E+00 0.00E+00 1.12E-07 2.21E-03 3.78E-04  0.71829
14051.00 .7116932     1.31E-33 2.59E-29 0.00E+00 0.00E+00 6.79E-06 1.12E-07 2.22E-03 0.00E+00 0.00E+00 1.12E-07 2.22E-03 3.79E-04  0.72025
14061.00 .7111869     1.27E-33 2.50E-29 0.00E+00 0.00E+00 6.80E-06 1.12E-07 2.22E-03 0.00E+00 0.00E+00 1.12E-07 2.22E-03 3.81E-04  0.71543
14071.00 .7106816     1.21E-33 2.40E-29 0.00E+00 0.00E+00 6.91E-06 1.14E-07 2.26E-03 0.00E+00 0.00E+00 1.14E-07 2.26E-03 3.82E-04  0.71287
14081.00 .7101769     1.16E-33 2.30E-29 0.00E+00 0.00E+00 6.92E-06 1.14E-07 2.26E-03 0.00E+00 0.00E+00 1.14E-07 2.26E-03 3.83E-04  0.71046

                           RADIANCE (WATTS/CM2-STER-XXX)   [No STER in TOA SOLAR IRRADIANCE]

  FREQ   WAVELENGTH    PATH_THERMAL    SURFACE_EMISSION  SOL_IRR    SINGLE_SCATTER  GROUND_REFLECTED   TOTAL_RADIANCE  INTEGRAL    TOTAL
 (CM-1) (MICRON)      (CM-1)  (MICRN)   (CM-1)  (MICRN)   (CM-1)   (CM-1)  (MICRN)   (CM-1)  (MICRN)   (CM-1)  (MICRN)             TRANS

14091.00 .7096728     1.09E-33 2.16E-29 0.00E+00 0.00E+00 6.85E-06 1.14E-07 2.25E-03 0.00E+00 0.00E+00 1.14E-07 2.25E-03 3.84E-04  0.71434
14101.00 .7091696     1.05E-33 2.08E-29 0.00E+00 0.00E+00 6.77E-06 1.12E-07 2.23E-03 0.00E+00 0.00E+00 1.12E-07 2.23E-03 3.85E-04  0.71054
14111.00 .7086669     9.76E-34 1.94E-29 0.00E+00 0.00E+00 6.74E-06 1.12E-07 2.23E-03 0.00E+00 0.00E+00 1.12E-07 2.23E-03 3.86E-04  0.71598
14121.00 .7081652     9.75E-34 1.94E-29 0.00E+00 0.00E+00 6.93E-06 1.14E-07 2.27E-03 0.00E+00 0.00E+00 1.14E-07 2.27E-03 3.87E-04  0.70098
14131.00 .7076641     9.15E-34 1.83E-29 0.00E+00 0.00E+00 6.91E-06 1.14E-07 2.28E-03 0.00E+00 0.00E+00 1.14E-07 2.28E-03 3.88E-04  0.70486
14141.00 .7071635     8.52E-34 1.70E-29 0.00E+00 0.00E+00 6.67E-06 1.11E-07 2.22E-03 0.00E+00 0.00E+00 1.11E-07 2.22E-03 3.90E-04  0.71031
14151.00 .7066639     8.44E-34 1.69E-29 0.00E+00 0.00E+00 6.84E-06 1.13E-07 2.25E-03 0.00E+00 0.00E+00 1.13E-07 2.25E-03 3.91E-04  0.69765
14161.00 .7061648     8.01E-34 1.61E-29 0.00E+00 0.00E+00 6.83E-06 1.13E-07 2.26E-03 0.00E+00 0.00E+00 1.13E-07 2.26E-03 3.92E-04  0.69807
14171.00 .7056665     7.77E-34 1.56E-29 0.00E+00 0.00E+00 6.82E-06 1.12E-07 2.25E-03 0.00E+00 0.00E+00 1.12E-07 2.25E-03 3.93E-04  0.69116
14181.00 .7051690     7.49E-34 1.51E-29 0.00E+00 0.00E+00 6.92E-06 1.13E-07 2.28E-03 0.00E+00 0.00E+00 1.13E-07 2.28E-03 3.94E-04  0.68719
14191.00 .7046719     6.65E-34 1.34E-29 0.00E+00 0.00E+00 6.90E-06 1.15E-07 2.32E-03 0.00E+00 0.00E+00 1.15E-07 2.32E-03 3.95E-04  0.70712
14201.00 .7041758     7.00E-34 1.41E-29 0.00E+00 0.00E+00 6.81E-06 1.10E-07 2.23E-03 0.00E+00 0.00E+00 1.10E-07 2.23E-03 3.96E-04  0.67509
14211.00 .7036802     5.98E-34 1.21E-29 0.00E+00 0.00E+00 6.80E-06 1.14E-07 2.30E-03 0.00E+00 0.00E+00 1.14E-07 2.30E-03 3.98E-04  0.70854
14221.00 .7031855     6.05E-34 1.22E-29 0.00E+00 0.00E+00 6.80E-06 1.12E-07 2.26E-03 0.00E+00 0.00E+00 1.12E-07 2.26E-03 3.99E-04  0.68816
14231.00 .7026914     6.26E-34 1.27E-29 0.00E+00 0.00E+00 6.69E-06 1.07E-07 2.18E-03 0.00E+00 0.00E+00 1.07E-07 2.18E-03 4.00E-04  0.66149
14241.00 .7021978     5.66E-34 1.15E-29 0.00E+00 0.00E+00 6.74E-06 1.10E-07 2.23E-03 0.00E+00 0.00E+00 1.10E-07 2.23E-03 4.01E-04  0.67705
14251.00 .7017052     5.56E-34 1.13E-29 0.00E+00 0.00E+00 6.58E-06 1.07E-07 2.17E-03 0.00E+00 0.00E+00 1.07E-07 2.17E-03 4.02E-04  0.66637
14261.00 .7012131     5.07E-34 1.03E-29 0.00E+00 0.00E+00 6.76E-06 1.11E-07 2.26E-03 0.00E+00 0.00E+00 1.11E-07 2.26E-03 4.03E-04  0.67915
14271.00 .7007218     5.22E-34 1.06E-29 0.00E+00 0.00E+00 6.72E-06 1.08E-07 2.19E-03 0.00E+00 0.00E+00 1.08E-07 2.19E-03 4.04E-04  0.65203
14281.00 .7002312     4.61E-34 9.41E-30 0.00E+00 0.00E+00 6.72E-06 1.10E-07 2.25E-03 0.00E+00 0.00E+00 1.10E-07 2.25E-03 4.05E-04  0.67624

 INTEGRATED ABSORPTION FROM  9091.00 TO 14281.00 CM-1 =   1537.5177 CM-1
 AVERAGE TRANSMITTANCE = 0.7038

VOIGT SINGLE LINE SPECTRAL BIN TRANSMITTANCES ARE COMPUTED FROM AN INFINITE SERIES OF MODIFIED
BESSEL FUNCTIONS OF THE FIRST KIND TRUNCATED AFTER AT MOST 8 TERMS (I7).  THE MAXIMUM MAGNITUDE
OF THE 8th TERM WAS  0.01335 AND THIS VALUE OCCURRED AT SPECTRAL FREQUENCY 10590.00 CM-1.

 INTEGRATED TOTAL RADIANCE =  4.0460E-04 WATTS CM-2 STER-1 (FROM  9091.00 TO 14281.00 CM-1 )
 MINIMUM SPECTRAL RADIANCE =  1.0047E-08 WATTS CM-2 STER-1 / CM-1  AT 13141.00 CM-1
 MAXIMUM SPECTRAL RADIANCE =  1.1519E-07 WATTS CM-2 STER-1 / CM-1  AT 14191.00 CM-1

 TARGET-PIXEL (H2) SURFACE TEMPERATURE [K] =      0.000
 AREA-AVERAGED GROUND TEMPERATURE [K]      =    294.200
 TARGET-PIXEL (H2) DIRECTIONAL EMISSIVITY  =      1.000
 AREA-AVERAGED GROUND EMISSIVITY           =      1.000

 CARD 5 *****    0   0       0.  0       0.  0       1.
