# 3ds Max Wavefront OBJ Exporter v0.97b - (c)2007 guruware
# ´´½¨µÄÎÄ¼ş:08.09.2026 10:46:04

mtllib F35C.mtl

#
# object F35
#

v  4.2975 -7.2018 1.2577
v  4.2975 -7.7182 1.2577
v  1.7110 -6.9070 1.0625
v  1.7594 -5.5046 1.0944
v  1.7204 -6.8989 1.1621
v  1.0144 -8.5486 1.1563
v  1.2980 -7.0097 0.9419
v  1.1299 -7.0548 0.9300
v  0.9980 -7.0923 0.9643
v  0.8113 -7.1303 1.0838
v  1.2580 -7.0164 1.1649
v  1.0614 -7.0704 1.1517
v  -1.7110 -6.9070 1.0625
v  -1.2980 -7.0097 0.9419
v  -1.0144 -8.5486 1.1563
v  -1.1299 -7.0548 0.9300
v  -0.9980 -7.0923 0.9643
v  -0.8113 -7.1303 1.0838
v  -1.2580 -7.0164 1.1649
v  -1.7204 -6.8989 1.1621
v  -1.0614 -7.0704 1.1517
v  -4.2975 -7.7182 1.2577
v  -4.2975 -7.2018 1.2577
v  -1.7594 -5.5046 1.0944
v  1.5834 -6.2886 1.3818
v  2.3582 -7.4900 3.7862
v  2.3433 -8.0268 3.7845
v  1.4804 -6.8194 1.3959
v  1.4218 -6.2865 1.4171
v  -2.3433 -8.0268 3.7845
v  -2.3582 -7.4900 3.7862
v  -1.5834 -6.2886 1.3818
v  -1.4804 -6.8194 1.3959
v  -1.4218 -6.2865 1.4171
v  4.4678 -4.1465 1.0860
v  4.4678 -4.4374 1.0960
v  2.0687 -4.7246 1.0307
v  4.4678 -4.5539 1.1001
v  4.4678 -4.4374 1.1623
v  4.4678 -4.1465 1.1700
v  1.7583 -4.7969 1.1618
v  4.4678 -4.5539 1.1592
v  1.7583 -5.4272 1.1483
v  1.6980 -4.7969 1.0238
v  2.2679 -5.7731 1.1461
v  4.4678 -5.2382 1.1438
v  -1.7583 -5.4272 1.1482
v  -2.2679 -5.7731 1.1461
v  -2.0687 -4.7246 1.0307
v  -1.7583 -4.7969 1.1618
v  -4.4678 -4.5539 1.1001
v  -4.4678 -5.2382 1.1438
v  -1.6980 -4.7969 1.0238
v  -4.4678 -4.4374 1.0960
v  -4.4678 -4.1465 1.0860
v  -4.4678 -4.1465 1.1700
v  -4.4678 -4.4374 1.1623
v  -4.4678 -4.5539 1.1592
v  1.2081 -2.5308 0.4025
v  1.1305 1.3895 0.2755
v  1.1882 1.3034 0.3408
v  1.0620 -2.4418 0.3709
v  1.0513 1.3036 0.2632
v  1.2631 1.4539 0.5017
v  1.3264 -2.3374 0.5089
v  4.6472 -2.5867 1.1651
v  6.5310 -3.7485 1.1401
v  6.5263 -3.3337 1.1395
v  4.6472 -2.0839 1.1153
v  4.6473 -2.5867 1.1033
v  2.1486 -0.4174 1.0831
v  2.1448 -1.0432 1.1650
v  2.1448 -1.0431 1.0206
v  -2.1486 -0.4174 1.0831
v  -2.1448 -1.0431 1.0206
v  -4.6472 -2.5867 1.1033
v  -4.6472 -2.0839 1.1153
v  -6.5310 -3.7485 1.1401
v  -6.5263 -3.3337 1.1395
v  -2.1448 -1.0432 1.1650
v  -4.6472 -2.5867 1.1651
v  0.7022 -2.2881 0.2691
v  0.7985 1.4201 0.2471
v  0.7831 -2.4443 0.3465
v  0.8982 1.3076 0.2528
v  0.9369 -2.6090 0.3752
v  0.9697 1.4135 0.2583
v  0.4410 5.1408 1.3053
v  0.4179 5.4001 1.2727
v  0.3630 5.3560 1.3457
v  0.3848 5.1260 1.3725
v  0.4599 4.9471 1.3246
v  0.4044 4.9091 1.3961
v  0.5235 5.1634 1.1808
v  0.5402 5.0138 1.1948
v  0.4868 5.4635 1.1476
v  0.6221 3.7678 1.4101
v  0.6983 3.7985 1.2854
v  0.5802 4.6846 1.2223
v  0.4895 4.6972 1.3422
v  -1.1882 1.3034 0.3408
v  -1.1305 1.3895 0.2755
v  -1.2081 -2.5308 0.4025
v  -1.3264 -2.3374 0.5089
v  -1.2631 1.4539 0.5017
v  -1.0513 1.3036 0.2632
v  -1.0620 -2.4418 0.3709
v  -0.9697 1.4135 0.2583
v  -0.9369 -2.6090 0.3752
v  -0.8982 1.3076 0.2528
v  -0.7985 1.4201 0.2471
v  -0.7831 -2.4443 0.3465
v  -0.7022 -2.2881 0.2691
v  1.8267 -2.6772 0.9503
v  1.8267 -1.3291 0.9720
v  2.0074 -1.3291 0.9846
v  2.0074 -2.7170 0.9594
v  1.9181 -1.2291 0.9800
v  1.6379 -2.6374 0.9411
v  1.6379 -1.3291 0.9593
v  1.7334 -1.2291 0.9672
v  1.4196 -2.5234 0.6675
v  1.4195 -1.3291 0.6675
v  1.5288 -1.3291 0.8134
v  1.5288 -2.5804 0.8043
v  1.4742 -1.2291 0.7408
v  1.5833 -1.2291 0.8874
v  1.4742 -3.3862 0.7374
v  1.4196 -3.2862 0.6675
v  1.5288 -3.2862 0.8077
v  1.5833 -3.3862 0.8774
v  1.6379 -3.2862 0.9480
v  1.7334 -3.3862 0.9510
v  1.8267 -3.2862 0.9555
v  1.9181 -3.3862 0.9583
v  2.0074 -3.2862 0.9630
v  -1.5288 -2.5804 0.8043
v  -1.5288 -1.3291 0.8138
v  -1.4196 -1.3291 0.6675
v  -1.4196 -2.5234 0.6675
v  -1.4742 -1.2291 0.7408
v  -1.4742 -3.3862 0.7374
v  -1.5288 -3.2862 0.8077
v  -1.4196 -3.2862 0.6675
v  -1.5833 -3.3862 0.8774
v  -1.6379 -3.2862 0.9480
v  -1.6379 -2.6374 0.9411
v  -1.6379 -1.3291 0.9601
v  -1.5833 -1.2291 0.8874
v  -1.8267 -2.6772 0.9503
v  -1.8267 -1.3291 0.9727
v  -1.7334 -1.2291 0.9672
v  -1.8267 -3.2862 0.9555
v  -1.7334 -3.3862 0.9510
v  -2.0074 -3.2862 0.9631
v  -2.0074 -2.7170 0.9594
v  -1.9181 -3.3862 0.9583
v  -2.0074 -1.3291 0.9853
v  -1.9181 -1.2291 0.9800
v  0.0583 4.7614 0.4491
v  0.1186 4.6788 0.4538
v  -0.0000 4.6788 0.4296
v  0.1748 4.7614 0.4739
v  0.2372 4.6788 0.4780
v  0.1268 4.1062 0.4119
v  0.2536 4.1062 0.4326
v  -0.0000 4.1062 0.3913
v  0.0640 4.0155 0.3968
v  0.1920 4.0155 0.4175
v  -0.0583 4.7614 0.4491
v  -0.1186 4.6788 0.4538
v  -0.2372 4.6788 0.4780
v  -0.1748 4.7614 0.4739
v  -0.2536 4.1062 0.4326
v  -0.1268 4.1062 0.4119
v  -0.0640 4.0155 0.3968
v  -0.1920 4.0155 0.4175
v  -0.0000 2.7703 0.3209
v  0.1416 2.7710 0.3417
v  0.2833 2.7717 0.3625
v  0.0716 2.6832 0.3275
v  0.2147 2.6838 0.3484
v  -0.1416 2.7710 0.3417
v  -0.2833 2.7717 0.3625
v  -0.2147 2.6838 0.3484
v  -0.0716 2.6832 0.3275
v  0.0987 -4.0294 0.0076
v  -0.0987 -4.0294 0.0076
v  -0.0987 -3.2743 0.1712
v  0.0987 -3.2743 0.1712
v  0.0987 -4.1851 0.2060
v  -0.0987 -4.1851 0.2060
v  0.6793 -6.3439 1.0844
v  0.6133 -6.1714 1.3418
v  0.6575 -6.1714 1.0853
v  -0.6793 -6.3439 1.0844
v  -0.6575 -6.1714 1.0903
v  -0.6133 -6.1714 1.3418
v  0.6133 -6.1714 0.8338
v  -0.6133 -6.1714 0.8338
v  -0.2442 5.9588 1.2982
v  -0.3359 5.9548 1.1988
v  -0.4025 5.6046 1.2453
v  0.2442 5.9588 1.2982
v  0.2889 5.5949 1.3622
v  0.4025 5.6046 1.2453
v  -1.7583 -2.6374 1.2306
v  -1.7583 -0.9169 1.2097
v  1.0143 1.8919 0.3466
v  0.8760 1.8919 0.8208
v  1.4299 1.8919 1.0868
v  -1.4299 1.8919 1.0868
v  -0.8760 1.8919 0.8208
v  -1.0143 1.8919 0.3466
v  -1.5438 -5.8400 1.2176
v  -1.3926 -5.3145 0.7641
v  -1.3905 -6.2530 0.9191
v  1.3926 -5.3145 0.7641
v  1.3905 -6.2530 0.9191
v  1.5438 -5.8400 1.2176
v  -4.6473 -3.3137 1.1908
v  -4.4678 -3.2739 1.1932
v  -4.6472 -4.3903 1.1622
v  -6.5314 -4.0479 1.1405
v  -0.0000 0.6504 2.1099
v  -0.1944 0.6527 2.0723
v  -0.2096 -0.5567 2.0095
v  -0.0000 -0.5580 2.0695
v  0.1944 0.6527 2.0723
v  0.2096 -0.5567 2.0095
v  -0.1289 4.9776 1.6412
v  -0.1306 5.5902 1.4518
v  -0.2664 4.8803 1.6084
v  0.8216 3.0303 1.2677
v  1.0196 2.2803 1.3044
v  0.8041 3.0319 1.0428
v  0.7041 3.9664 1.2311
v  0.6682 3.9631 1.0082
v  0.5517 3.9631 0.8189
v  0.7492 3.0752 0.8348
v  0.6256 3.1820 0.6541
v  -0.7492 3.0752 0.8348
v  -0.8041 3.0319 1.0428
v  -0.6756 3.9631 1.0082
v  -0.5639 3.9631 0.8189
v  -0.6256 3.1820 0.6541
v  1.6576 2.3327 1.0929
v  1.6871 1.7963 1.0860
v  1.6228 1.6518 1.0258
v  1.6187 2.3206 1.0598
v  1.7261 0.8167 1.0849
v  1.6085 0.8690 1.0238
v  1.7751 -0.1661 1.0891
v  1.6205 -0.1988 0.9951
v  -1.6228 1.6518 1.0258
v  -1.6871 1.7963 1.0860
v  -1.6576 2.3327 1.0929
v  -1.6187 2.3206 1.0598
v  -1.7261 0.8167 1.0849
v  -1.6085 0.8690 1.0238
v  -1.6205 -0.1988 0.9951
v  -1.7751 -0.1661 1.0891
v  1.4250 1.3064 0.7009
v  1.4400 -0.5738 0.6675
v  -1.4250 1.3064 0.7009
v  -1.4400 -0.5738 0.6675
v  1.6366 -0.6865 0.9779
v  1.7583 -0.9169 1.2097
v  1.7583 -2.6374 1.2306
v  4.4678 -3.2739 1.1932
v  4.4678 -3.2739 1.0559
v  4.6473 -4.3903 1.1011
v  4.6473 -3.3137 1.0650
v  4.6472 -4.3903 1.1622
v  4.6473 -3.3137 1.1908
v  6.5314 -4.0479 1.1405
v  -4.6473 -3.3137 1.0650
v  -4.6473 -4.3903 1.1011
v  -4.4678 -3.2739 1.0559
v  -1.6366 -0.6865 0.9779
v  1.4497 2.7304 1.1307
v  1.2046 1.1314 1.3100
v  1.2448 0.4267 1.3162
v  1.2793 -0.6484 1.3182
v  -1.4497 2.7304 1.1307
v  -1.0196 2.2803 1.3044
v  -1.2046 1.1314 1.3100
v  -1.2448 0.4267 1.3162
v  -1.2793 -0.6484 1.3182
v  0.4897 2.9580 1.8697
v  0.4174 2.5487 1.9861
v  0.6393 2.1612 1.6070
v  0.6244 3.0333 1.5673
v  -0.4174 2.5487 1.9861
v  -0.4897 2.9580 1.8697
v  -0.6244 3.0333 1.5673
v  -0.6393 2.1612 1.6070
v  -0.3902 1.2655 1.9983
v  -0.3420 2.5074 2.0721
v  -0.2659 1.2555 2.0829
v  -0.2428 2.4564 2.1546
v  -0.1348 1.2454 2.1378
v  -0.1259 2.4048 2.2220
v  -0.0000 1.2404 2.1578
v  -0.0000 2.3731 2.2509
v  0.1348 1.2454 2.1378
v  0.1259 2.4048 2.2220
v  0.2659 1.2555 2.0829
v  0.2428 2.4564 2.1546
v  0.3420 2.5074 2.0721
v  0.3902 1.2655 1.9983
v  -1.3984 -4.6177 0.7040
v  1.3984 -4.6177 0.7040
v  -0.0000 5.1745 0.4719
v  -0.2126 5.1745 0.5279
v  0.2126 5.1745 0.5279
v  -0.3108 2.2294 0.3428
v  -0.0000 2.2298 0.2999
v  0.3108 2.2294 0.3428
v  -0.4878 3.4371 0.5795
v  -0.4523 3.9631 0.6239
v  0.4523 3.9631 0.6239
v  0.4878 3.4371 0.5795
v  -0.4119 4.6788 0.6708
v  0.4119 4.6788 0.6708
v  0.5201 2.2931 0.4764
v  -0.5201 2.2931 0.4764
v  -0.5573 1.8919 0.4842
v  -0.7146 1.8919 0.6088
v  0.7146 1.8919 0.6088
v  0.5573 1.8919 0.4842
v  -1.2576 2.5117 0.7048
v  -1.0123 2.2900 0.3148
v  -1.4029 2.3028 0.7236
v  1.0123 2.2900 0.3148
v  1.2576 2.5117 0.7048
v  1.4029 2.3028 0.7236
v  0.5312 3.9576 1.5788
v  0.5986 3.4358 1.5058
v  0.6104 4.6804 1.1824
v  0.7237 3.8104 1.2372
v  0.5505 5.1759 1.1394
v  0.4963 5.5984 1.0877
v  -0.4127 -6.0004 0.9168
v  -0.3159 -6.0004 0.7719
v  -0.1710 -6.0004 0.6751
v  -0.0000 -6.0004 0.6411
v  0.1710 -6.0004 0.6751
v  0.3159 -6.0004 0.7719
v  0.4127 -6.0004 0.9168
v  0.4467 -6.0004 1.0878
v  0.4127 -6.0004 1.2588
v  0.3159 -6.0004 1.4037
v  0.1710 -6.0004 1.5005
v  -0.0000 -6.0004 1.5345
v  -0.1710 -6.0004 1.5005
v  -0.3159 -6.0004 1.4037
v  -0.4127 -6.0004 1.2588
v  -0.4467 -6.0004 1.0878
v  1.4003 -6.8039 1.1974
v  1.2803 -5.8294 1.2235
v  1.4450 -4.3569 1.2335
v  1.3162 -4.8081 1.2395
v  2.3503 -6.5708 3.7674
v  1.5332 -4.9341 1.2036
v  -1.4003 -6.8039 1.1974
v  -1.2803 -5.8294 1.2235
v  -2.3503 -6.5708 3.7674
v  -1.3162 -4.8081 1.2395
v  -1.4450 -4.3569 1.2335
v  -1.5332 -4.9341 1.2036
v  0.5669 -0.4471 0.2107
v  -0.0000 -0.4396 0.1565
v  -0.5669 -0.4471 0.2107
v  -0.6662 -5.3485 0.6020
v  -0.4694 -6.1714 0.6184
v  -0.4927 -5.3701 0.4250
v  -0.6808 -6.0004 0.8391
v  -0.6748 -4.5946 0.4734
v  -1.0232 -5.3391 0.6162
v  -1.0335 -4.6019 0.5014
v  0.6662 -5.3485 0.6020
v  0.6748 -4.5946 0.4734
v  1.0335 -4.6019 0.5014
v  1.0232 -5.3391 0.6162
v  -1.0335 -3.1871 0.3991
v  -0.7366 -3.2517 0.3902
v  1.0335 -3.1871 0.3991
v  0.7366 -3.2517 0.3902
v  -0.9531 1.8919 1.0212
v  -0.9763 1.8919 1.2118
v  0.9531 1.8919 1.0212
v  0.9763 1.8919 1.2118
v  -0.8832 -6.3104 0.8496
v  0.6808 -6.0004 0.8391
v  0.8832 -6.3104 0.8496
v  -0.5228 -2.3005 0.1996
v  -0.0000 -2.3244 0.1467
v  0.5228 -2.3005 0.1996
v  1.1840 -6.2766 0.8099
v  1.0042 -6.2939 0.8230
v  1.1913 -5.3335 0.6450
v  0.4694 -6.1714 0.6184
v  0.4927 -5.3701 0.4250
v  0.2540 -6.1714 0.4745
v  0.2747 -5.3701 0.3121
v  -0.0000 -6.1714 0.4240
v  -0.0000 -5.3701 0.2639
v  1.1866 -4.6085 0.5419
v  0.5209 -4.5916 0.3756
v  0.2992 -4.5916 0.2494
v  -0.0000 -4.5916 0.1998
v  0.6088 -3.2743 0.2987
v  0.4577 -3.2743 0.2243
v  -0.0000 -3.2743 0.1583
v  1.2192 -3.1666 0.4471
v  0.5534 4.6788 1.0040
v  0.3577 5.1745 0.7061
v  0.5049 5.1745 0.9869
v  -0.0000 5.5973 0.5314
v  0.1800 5.5973 0.5834
v  0.3169 5.5973 0.7336
v  0.4503 5.5973 0.9601
v  -0.0000 5.9488 0.6019
v  0.1403 5.9513 0.6479
v  0.2659 5.9521 0.7668
v  0.3836 5.9534 0.9475
v  0.4304 5.9541 1.0491
v  -0.0000 6.2519 0.6902
v  0.1063 6.2483 0.7166
v  0.2055 6.2486 0.8186
v  0.2989 6.2492 0.9596
v  0.3350 6.2495 1.0314
v  -0.0000 6.5689 0.8211
v  0.0891 6.5759 0.8769
v  0.1781 6.5862 0.9929
v  -0.0000 6.9155 0.9564
v  0.0168 6.9155 0.9645
v  0.0240 6.9155 0.9805
v  0.0000 8.5486 0.9804
v  -1.1840 -6.2766 0.8099
v  -1.0042 -6.2939 0.8230
v  -1.1913 -5.3335 0.6450
v  -0.2747 -5.3701 0.3121
v  -0.2540 -6.1714 0.4745
v  -1.1866 -4.6085 0.5419
v  -0.5209 -4.5916 0.3756
v  -0.2992 -4.5916 0.2494
v  -0.6088 -3.2743 0.2987
v  -0.4577 -3.2743 0.2243
v  -1.2192 -3.1666 0.4471
v  -0.8216 3.0303 1.2677
v  -0.7041 3.9664 1.2311
v  -0.5534 4.6788 1.0040
v  -0.6104 4.6804 1.1824
v  -0.3577 5.1745 0.7061
v  -0.5049 5.1745 0.9869
v  -0.5505 5.1759 1.1394
v  -0.1800 5.5973 0.5834
v  -0.3169 5.5973 0.7336
v  -0.4503 5.5973 0.9601
v  -0.4963 5.5984 1.0877
v  -0.1403 5.9513 0.6479
v  -0.2659 5.9521 0.7668
v  -0.3836 5.9534 0.9475
v  -0.4304 5.9541 1.0491
v  -0.1063 6.2483 0.7166
v  -0.2055 6.2486 0.8186
v  -0.2989 6.2492 0.9596
v  -0.3350 6.2495 1.0314
v  -0.0891 6.5759 0.8769
v  -0.1781 6.5862 0.9929
v  -0.0168 6.9155 0.9645
v  -0.0240 6.9155 0.9805
v  0.9656 -4.4491 1.3241
v  1.1916 -4.4392 1.2702
v  1.2961 -1.9192 1.3187
v  0.8543 -1.8744 1.4408
v  -0.9656 -4.4491 1.3241
v  -0.7529 -4.3680 1.4510
v  -0.7055 -1.8802 1.5337
v  -0.8543 -1.8744 1.4408
v  -1.1916 -4.4392 1.2702
v  -1.2961 -1.9192 1.3187
v  -0.7730 2.0389 1.4850
v  -0.7017 2.9991 1.4549
v  -0.6764 3.3604 1.4154
v  -0.5986 3.4358 1.5058
v  -0.5135 3.2526 1.7779
v  -0.5325 3.5926 1.6765
v  -0.5949 3.9740 1.3973
v  -0.5312 3.9576 1.5788
v  -0.5269 4.0168 1.5680
v  -0.4099 3.9892 1.8525
v  -0.4076 4.0485 1.8436
v  0.4076 4.0485 1.8436
v  0.4099 3.9892 1.8525
v  0.5269 4.0168 1.5680
v  -0.8940 -5.5847 1.2795
v  -0.7231 -5.4094 1.3830
v  -1.0684 -5.6391 1.2359
v  0.0000 6.9155 1.0032
v  -0.0165 6.9155 0.9958
v  -0.1089 6.5759 1.0917
v  -0.0000 6.5617 1.1505
v  -0.1620 6.2483 1.2331
v  -0.0000 6.2479 1.2740
v  -0.2518 6.2483 1.1587
v  -0.0000 5.9640 1.3723
v  -0.0657 5.9648 1.3663
v  -0.1748 5.9635 1.3420
v  -0.2889 5.5949 1.3622
v  -0.0000 5.5872 1.4819
v  0.0000 5.0168 1.6604
v  -0.3233 5.1237 1.4302
v  -0.4504 5.1311 1.2951
v  -0.4895 4.6972 1.3422
v  -0.3655 4.7015 1.5913
v  -0.4565 4.4075 1.5654
v  -0.5500 -1.8830 1.6825
v  -0.6005 -4.3566 1.6203
v  -0.3967 -1.8811 1.8554
v  -0.4332 -4.3593 1.7899
v  -0.2096 -1.8841 1.9855
v  -0.2256 -4.3608 1.9084
v  -0.0000 -1.8917 2.0312
v  -0.0000 -4.3610 1.9583
v  -0.8129 -0.5596 1.4754
v  -0.6907 -0.5571 1.5636
v  -0.5497 -0.5563 1.7049
v  -0.3983 -0.5561 1.8703
v  -0.6216 -5.4140 1.5193
v  -0.2387 -5.3869 1.8231
v  -0.4634 -5.3866 1.6938
v  -0.4694 -6.1714 1.5572
v  -0.2540 -6.1714 1.7011
v  -0.0000 -5.3868 1.8675
v  -0.0000 -6.1714 1.7516
v  -0.7642 0.6481 1.5014
v  -0.6542 0.6607 1.5805
v  -0.5478 0.6607 1.7623
v  -0.4038 0.6564 1.9468
v  -0.7528 1.2879 1.4971
v  -0.6504 1.2988 1.5928
v  -0.5169 1.2833 1.8085
v  0.7231 -5.4094 1.3830
v  0.8940 -5.5847 1.2795
v  1.0684 -5.6391 1.2359
v  0.0165 6.9155 0.9958
v  0.1089 6.5759 1.0917
v  0.1620 6.2483 1.2331
v  0.2518 6.2483 1.1587
v  0.0657 5.9648 1.3663
v  0.1748 5.9635 1.3420
v  0.1467 5.5908 1.4485
v  0.2664 4.8803 1.6084
v  0.1370 4.9776 1.6412
v  0.3233 5.1237 1.4302
v  0.3359 5.9548 1.1988
v  0.3655 4.7015 1.5913
v  0.4565 4.4075 1.5654
v  0.5478 0.6607 1.7623
v  0.6542 0.6607 1.5805
v  0.6504 1.2988 1.5928
v  0.5169 1.2833 1.8085
v  0.4038 0.6564 1.9468
v  0.7730 2.0389 1.4850
v  0.7017 2.9991 1.4549
v  0.6764 3.3604 1.4154
v  0.5325 3.5926 1.6765
v  0.5135 3.2526 1.7779
v  0.7528 1.2879 1.4971
v  0.8129 -0.5596 1.4754
v  0.7642 0.6481 1.5014
v  0.6907 -0.5571 1.5636
v  0.5497 -0.5563 1.7049
v  0.3983 -0.5561 1.8703
v  0.7529 -4.3680 1.4510
v  0.6216 -5.4140 1.5193
v  0.6005 -4.3566 1.6203
v  0.4634 -5.3866 1.6938
v  0.4332 -4.3593 1.7899
v  0.2387 -5.3869 1.8231
v  0.2256 -4.3608 1.9084
v  0.7055 -1.8802 1.5337
v  0.5500 -1.8830 1.6825
v  0.3967 -1.8811 1.8554
v  0.2096 -1.8841 1.9855
v  0.4694 -6.1714 1.5572
v  0.2540 -6.1714 1.7011
v  -0.3434 4.0075 2.0116
v  -0.3416 4.0668 2.0022
v  -0.2593 4.0225 2.1410
v  -0.2579 4.0813 2.1278
v  -0.1388 4.0301 2.2070
v  -0.1381 4.0885 2.1906
v  -0.0000 4.0319 2.2241
v  -0.0000 4.0904 2.2070
v  0.1381 4.0885 2.1906
v  0.1388 4.0301 2.2070
v  0.2579 4.0813 2.1278
v  0.2593 4.0225 2.1410
v  0.3416 4.0668 2.0022
v  0.3434 4.0075 2.0116
v  0.1198 4.3515 1.8485
v  0.1261 4.1426 1.9943
v  0.1261 4.1852 1.8856
v  -0.1201 4.3515 1.8485
v  -0.1264 4.1426 1.9943
v  -0.1264 4.1852 1.8856
v  0.1042 3.5454 1.9044
v  0.0739 3.5873 1.9053
v  0.1100 3.6443 2.0496
v  -0.0004 3.6700 1.9049
v  -0.0003 3.4021 1.9063
v  0.2225 3.4221 1.9063
v  0.2129 3.5754 1.9053
v  0.3060 3.6577 1.6183
v  0.3045 3.3669 1.6848
v  -0.0004 3.6437 1.9050
v  -0.0006 3.6869 2.0004
v  -0.3079 3.3669 1.6848
v  -0.2227 3.4221 1.9063
v  -0.2132 3.5754 1.9053
v  -0.3097 3.6577 1.6183
v  -0.0028 3.7266 1.5906
v  0.3199 3.3718 1.7138
v  0.2303 3.3268 2.1764
v  0.2260 3.0686 2.1528
v  0.3140 3.1176 1.7242
v  -0.2263 3.0686 2.1528
v  -0.3143 3.1176 1.7242
v  -0.2306 3.3268 2.1764
v  -0.3202 3.3718 1.7138
v  0.0775 3.6208 2.1437
v  0.1067 3.5502 2.1626
v  0.1467 3.5422 2.0572
v  0.0843 3.4745 2.1515
v  0.1173 3.4410 2.0697
v  0.0595 3.4597 1.9062
v  -0.1077 3.5502 2.1626
v  -0.0798 3.6209 2.1437
v  -0.1117 3.6444 2.0496
v  -0.1466 3.5422 2.0572
v  -0.1190 3.4409 2.0697
v  -0.0866 3.4744 2.1515
v  -0.0745 3.5873 1.9053
v  -0.1040 3.5454 1.9044
v  -0.0612 3.4596 1.9062
v  -0.0006 3.6494 2.1582
v  -0.0006 3.4495 2.1764
v  -0.0006 3.4096 2.0651
v  -0.0007 3.4339 1.9060
v  -0.0006 3.5508 2.2060
v  -0.0000 -6.8245 1.5273
v  0.1682 -6.8245 1.4939
v  0.3108 -6.8245 1.3986
v  0.4061 -6.8245 1.2560
v  0.4395 -6.8245 1.0878
v  0.4061 -6.8245 0.9196
v  0.3108 -6.8245 0.7770
v  0.1682 -6.8245 0.6817
v  -0.0000 -6.8245 0.6483
v  -0.1682 -6.8245 0.6817
v  -0.3108 -6.8245 0.7770
v  -0.4061 -6.8245 0.9196
v  -0.4395 -6.8245 1.0878
v  -0.4061 -6.8245 1.2560
v  -0.3108 -6.8245 1.3986
v  -0.1682 -6.8245 1.4939
v  6.5322 -4.7219 1.1415
v  -6.5322 -4.7219 1.1415
v  -0.0000 2.9003 2.2906
v  0.1422 2.9008 2.2566
v  0.2709 2.9055 2.1804
v  0.3728 2.9173 2.0876
v  0.4449 2.9330 1.9748
v  0.1473 3.3065 2.2772
v  -0.0000 3.3103 2.3142
v  0.2769 3.2977 2.1920
v  0.3716 3.2866 2.0844
v  0.4376 3.2734 1.9570
v  -0.1422 2.9008 2.2566
v  -0.1473 3.3065 2.2772
v  -0.2709 2.9055 2.1804
v  -0.2769 3.2977 2.1920
v  -0.3728 2.9173 2.0876
v  -0.3716 3.2866 2.0844
v  -0.4449 2.9330 1.9748
v  -0.4376 3.2734 1.9570
v  -0.0000 3.6919 2.2953
v  -0.1497 3.6840 2.2723
v  0.1497 3.6840 2.2723
v  -0.4296 3.6263 1.9115
v  0.4296 3.6263 1.9115
v  0.2937 4.7075 1.7153
v  0.2170 4.7129 1.8032
v  0.1154 4.7145 1.8288
v  -0.0000 4.7150 1.8360
v  0.3729 4.4435 1.7706
v  0.3169 4.4581 1.8662
v  0.2395 4.4696 1.9406
v  0.1283 4.4752 1.9797
v  -0.0000 4.4761 1.9900
v  0.3665 3.6473 2.0631
v  0.2787 3.6647 2.1872
v  -0.2937 4.7075 1.7153
v  -0.2170 4.7129 1.8032
v  -0.1154 4.7145 1.8288
v  -0.3729 4.4435 1.7706
v  -0.3169 4.4581 1.8662
v  -0.2395 4.4696 1.9406
v  -0.1283 4.4752 1.9797
v  -0.3665 3.6473 2.0631
v  -0.2787 3.6647 2.1872
v  0.0027 6.8656 0.9933
v  0.0027 6.8654 0.9903
v  0.0022 6.8654 0.9903
v  0.0018 6.8654 0.9905
v  0.0013 6.8654 0.9906
v  0.0010 6.8654 0.9909
v  0.0006 6.8654 0.9911
v  0.0003 6.8654 0.9915
v  0.0001 6.8654 0.9919
v  -0.0001 6.8654 0.9923
v  -0.0002 6.8654 0.9927
v  -0.0003 6.8654 0.9932
v  -0.0003 6.8654 0.9936
v  -0.0002 6.8654 0.9941
v  -0.0000 6.8654 0.9945
v  0.0002 6.8654 0.9949
v  0.0004 6.8654 0.9952
v  0.0008 6.8654 0.9956
v  0.0011 6.8654 0.9958
v  0.0015 6.8654 0.9960
v  0.0020 6.8654 0.9962
v  0.0024 6.8654 0.9962
v  0.0029 6.8654 0.9962
v  0.0033 6.8654 0.9962
v  0.0038 6.8654 0.9960
v  0.0042 6.8654 0.9958
v  0.0045 6.8654 0.9956
v  0.0049 6.8654 0.9952
v  0.0051 6.8654 0.9949
v  0.0054 6.8654 0.9945
v  0.0055 6.8654 0.9941
v  0.0056 6.8654 0.9936
v  0.0056 6.8654 0.9932
v  0.0056 6.8654 0.9927
v  0.0054 6.8654 0.9923
v  0.0053 6.8654 0.9919
v  0.0050 6.8654 0.9915
v  0.0047 6.8654 0.9911
v  0.0044 6.8654 0.9909
v  0.0040 6.8654 0.9906
v  0.0035 6.8654 0.9905
v  0.0031 6.8654 0.9903
v  0.0018 6.8647 0.9875
v  0.0027 6.8647 0.9874
v  0.0009 6.8647 0.9877
v  0.0001 6.8647 0.9880
v  -0.0007 6.8647 0.9885
v  -0.0014 6.8647 0.9891
v  -0.0020 6.8647 0.9897
v  -0.0025 6.8647 0.9905
v  -0.0028 6.8647 0.9913
v  -0.0031 6.8647 0.9922
v  -0.0032 6.8647 0.9930
v  -0.0032 6.8647 0.9939
v  -0.0030 6.8647 0.9948
v  -0.0027 6.8647 0.9957
v  -0.0023 6.8647 0.9965
v  -0.0017 6.8647 0.9972
v  -0.0011 6.8647 0.9978
v  -0.0003 6.8647 0.9983
v  0.0005 6.8647 0.9987
v  0.0013 6.8647 0.9990
v  0.0022 6.8647 0.9991
v  0.0031 6.8647 0.9991
v  0.0040 6.8647 0.9990
v  0.0048 6.8647 0.9987
v  0.0056 6.8647 0.9983
v  0.0064 6.8647 0.9978
v  0.0070 6.8647 0.9972
v  0.0076 6.8647 0.9965
v  0.0080 6.8647 0.9957
v  0.0083 6.8647 0.9948
v  0.0085 6.8647 0.9939
v  0.0085 6.8647 0.9930
v  0.0084 6.8647 0.9922
v  0.0082 6.8647 0.9913
v  0.0078 6.8647 0.9905
v  0.0073 6.8647 0.9897
v  0.0067 6.8647 0.9891
v  0.0060 6.8647 0.9885
v  0.0052 6.8647 0.9880
v  0.0044 6.8647 0.9877
v  0.0035 6.8647 0.9875
v  0.0013 6.8636 0.9848
v  0.0027 6.8636 0.9847
v  0.0001 6.8636 0.9851
v  -0.0012 6.8636 0.9856
v  -0.0023 6.8636 0.9862
v  -0.0033 6.8636 0.9871
v  -0.0042 6.8636 0.9881
v  -0.0049 6.8636 0.9892
v  -0.0054 6.8636 0.9904
v  -0.0058 6.8636 0.9916
v  -0.0059 6.8636 0.9929
v  -0.0059 6.8636 0.9943
v  -0.0056 6.8636 0.9956
v  -0.0052 6.8636 0.9968
v  -0.0046 6.8636 0.9979
v  -0.0038 6.8636 0.9990
v  -0.0028 6.8636 0.9999
v  -0.0017 6.8636 1.0007
v  -0.0006 6.8636 1.0012
v  0.0007 6.8636 1.0016
v  0.0020 6.8636 1.0018
v  0.0033 6.8636 1.0018
v  0.0046 6.8636 1.0016
v  0.0059 6.8636 1.0012
v  0.0070 6.8636 1.0007
v  0.0081 6.8636 0.9999
v  0.0091 6.8636 0.9990
v  0.0099 6.8636 0.9979
v  0.0105 6.8636 0.9968
v  0.0109 6.8636 0.9956
v  0.0112 6.8636 0.9943
v  0.0112 6.8636 0.9929
v  0.0111 6.8636 0.9916
v  0.0107 6.8636 0.9904
v  0.0102 6.8636 0.9892
v  0.0095 6.8636 0.9881
v  0.0086 6.8636 0.9871
v  0.0076 6.8636 0.9862
v  0.0065 6.8636 0.9856
v  0.0052 6.8636 0.9851
v  0.0040 6.8636 0.9848
v  0.0010 6.8621 0.9823
v  0.0027 6.8621 0.9821
v  -0.0007 6.8621 0.9826
v  -0.0023 6.8621 0.9833
v  -0.0038 6.8621 0.9842
v  -0.0051 6.8621 0.9852
v  -0.0062 6.8621 0.9865
v  -0.0071 6.8621 0.9879
v  -0.0078 6.8621 0.9895
v  -0.0083 6.8621 0.9912
v  -0.0085 6.8621 0.9928
v  -0.0084 6.8621 0.9946
v  -0.0081 6.8621 0.9962
v  -0.0075 6.8621 0.9978
v  -0.0067 6.8621 0.9993
v  -0.0057 6.8621 1.0007
v  -0.0044 6.8621 1.0019
v  -0.0030 6.8621 1.0029
v  -0.0015 6.8621 1.0036
v  0.0001 6.8621 1.0041
v  0.0018 6.8621 1.0044
v  0.0035 6.8621 1.0044
v  0.0052 6.8621 1.0041
v  0.0068 6.8621 1.0036
v  0.0084 6.8621 1.0029
v  0.0097 6.8621 1.0019
v  0.0110 6.8621 1.0007
v  0.0120 6.8621 0.9993
v  0.0128 6.8621 0.9978
v  0.0134 6.8621 0.9962
v  0.0137 6.8621 0.9946
v  0.0138 6.8621 0.9928
v  0.0136 6.8621 0.9912
v  0.0131 6.8621 0.9895
v  0.0124 6.8621 0.9879
v  0.0115 6.8621 0.9865
v  0.0104 6.8621 0.9852
v  0.0091 6.8621 0.9842
v  0.0076 6.8621 0.9833
v  0.0060 6.8621 0.9826
v  0.0044 6.8621 0.9823
v  0.0006 6.8602 0.9800
v  0.0027 6.8602 0.9798
v  -0.0014 6.8602 0.9805
v  -0.0033 6.8602 0.9812
v  -0.0051 6.8602 0.9823
v  -0.0067 6.8602 0.9836
v  -0.0080 6.8602 0.9851
v  -0.0092 6.8602 0.9869
v  -0.0100 6.8602 0.9887
v  -0.0105 6.8602 0.9907
v  -0.0108 6.8602 0.9928
v  -0.0107 6.8602 0.9948
v  -0.0103 6.8602 0.9968
v  -0.0096 6.8602 0.9988
v  -0.0086 6.8602 1.0006
v  -0.0074 6.8602 1.0022
v  -0.0059 6.8602 1.0036
v  -0.0042 6.8602 1.0048
v  -0.0024 6.8602 1.0057
v  -0.0004 6.8602 1.0064
v  0.0016 6.8602 1.0067
v  0.0037 6.8602 1.0067
v  0.0057 6.8602 1.0064
v  0.0077 6.8602 1.0057
v  0.0095 6.8602 1.0048
v  0.0112 6.8602 1.0036
v  0.0127 6.8602 1.0022
v  0.0139 6.8602 1.0006
v  0.0149 6.8602 0.9988
v  0.0156 6.8602 0.9968
v  0.0160 6.8602 0.9948
v  0.0161 6.8602 0.9928
v  0.0158 6.8602 0.9907
v  0.0153 6.8602 0.9887
v  0.0145 6.8602 0.9869
v  0.0133 6.8602 0.9851
v  0.0120 6.8602 0.9836
v  0.0104 6.8602 0.9823
v  0.0086 6.8602 0.9812
v  0.0067 6.8602 0.9805
v  0.0047 6.8602 0.9800
v  0.0003 6.8580 0.9780
v  0.0027 6.8580 0.9779
v  -0.0020 6.8580 0.9786
v  -0.0042 6.8580 0.9795
v  -0.0062 6.8580 0.9807
v  -0.0080 6.8580 0.9822
v  -0.0096 6.8580 0.9839
v  -0.0109 6.8580 0.9859
v  -0.0119 6.8580 0.9881
v  -0.0125 6.8580 0.9903
v  -0.0127 6.8580 0.9927
v  -0.0127 6.8580 0.9950
v  -0.0122 6.8580 0.9974
v  -0.0114 6.8580 0.9996
v  -0.0103 6.8580 1.0017
v  -0.0089 6.8580 1.0035
v  -0.0072 6.8580 1.0052
v  -0.0052 6.8580 1.0065
v  -0.0031 6.8580 1.0076
v  -0.0009 6.8580 1.0083
v  0.0015 6.8580 1.0086
v  0.0038 6.8580 1.0086
v  0.0062 6.8580 1.0083
v  0.0084 6.8580 1.0076
v  0.0105 6.8580 1.0065
v  0.0125 6.8580 1.0052
v  0.0142 6.8580 1.0035
v  0.0156 6.8580 1.0017
v  0.0167 6.8580 0.9996
v  0.0175 6.8580 0.9974
v  0.0180 6.8580 0.9950
v  0.0181 6.8580 0.9927
v  0.0178 6.8580 0.9903
v  0.0172 6.8580 0.9881
v  0.0162 6.8580 0.9859
v  0.0149 6.8580 0.9839
v  0.0133 6.8580 0.9822
v  0.0115 6.8580 0.9807
v  0.0095 6.8580 0.9795
v  0.0073 6.8580 0.9786
v  0.0050 6.8580 0.9780
v  0.0001 6.8555 0.9764
v  0.0027 6.8555 0.9762
v  -0.0025 6.8555 0.9770
v  -0.0049 6.8555 0.9780
v  -0.0071 6.8555 0.9793
v  -0.0092 6.8555 0.9810
v  -0.0109 6.8555 0.9830
v  -0.0123 6.8555 0.9851
v  -0.0134 6.8555 0.9875
v  -0.0141 6.8555 0.9900
v  -0.0144 6.8555 0.9926
v  -0.0143 6.8555 0.9952
v  -0.0138 6.8555 0.9978
v  -0.0129 6.8555 1.0002
v  -0.0116 6.8555 1.0025
v  -0.0101 6.8555 1.0046
v  -0.0082 6.8555 1.0064
v  -0.0060 6.8555 1.0079
v  -0.0037 6.8555 1.0091
v  -0.0012 6.8555 1.0098
v  0.0014 6.8555 1.0102
v  0.0040 6.8555 1.0102
v  0.0065 6.8555 1.0098
v  0.0090 6.8555 1.0091
v  0.0114 6.8555 1.0079
v  0.0135 6.8555 1.0064
v  0.0154 6.8555 1.0046
v  0.0169 6.8555 1.0025
v  0.0182 6.8555 1.0002
v  0.0191 6.8555 0.9978
v  0.0196 6.8555 0.9952
v  0.0197 6.8555 0.9926
v  0.0194 6.8555 0.9900
v  0.0187 6.8555 0.9875
v  0.0176 6.8555 0.9851
v  0.0162 6.8555 0.9830
v  0.0145 6.8555 0.9810
v  0.0124 6.8555 0.9793
v  0.0102 6.8555 0.9780
v  0.0078 6.8555 0.9770
v  0.0053 6.8555 0.9764
v  -0.0001 6.8528 0.9752
v  0.0027 6.8528 0.9750
v  -0.0028 6.8528 0.9759
v  -0.0054 6.8528 0.9769
v  -0.0078 6.8528 0.9784
v  -0.0100 6.8528 0.9801
v  -0.0119 6.8528 0.9822
v  -0.0134 6.8528 0.9846
v  -0.0145 6.8528 0.9871
v  -0.0153 6.8528 0.9898
v  -0.0156 6.8528 0.9926
v  -0.0155 6.8528 0.9954
v  -0.0149 6.8528 0.9981
v  -0.0140 6.8528 1.0007
v  -0.0127 6.8528 1.0032
v  -0.0110 6.8528 1.0054
v  -0.0089 6.8528 1.0073
v  -0.0067 6.8528 1.0089
v  -0.0042 6.8528 1.0102
v  -0.0015 6.8528 1.0110
v  0.0013 6.8528 1.0115
v  0.0041 6.8528 1.0115
v  0.0068 6.8528 1.0110
v  0.0095 6.8528 1.0102
v  0.0120 6.8528 1.0089
v  0.0143 6.8528 1.0073
v  0.0163 6.8528 1.0054
v  0.0180 6.8528 1.0032
v  0.0193 6.8528 1.0007
v  0.0202 6.8528 0.9981
v  0.0208 6.8528 0.9954
v  0.0209 6.8528 0.9926
v  0.0206 6.8528 0.9898
v  0.0198 6.8528 0.9871
v  0.0187 6.8528 0.9846
v  0.0172 6.8528 0.9822
v  0.0153 6.8528 0.9801
v  0.0131 6.8528 0.9784
v  0.0107 6.8528 0.9769
v  0.0082 6.8528 0.9759
v  0.0054 6.8528 0.9752
v  -0.0002 6.8499 0.9745
v  0.0027 6.8499 0.9742
v  -0.0031 6.8499 0.9751
v  -0.0058 6.8499 0.9762
v  -0.0083 6.8499 0.9777
v  -0.0105 6.8499 0.9796
v  -0.0125 6.8499 0.9817
v  -0.0141 6.8499 0.9842
v  -0.0153 6.8499 0.9868
v  -0.0160 6.8499 0.9897
v  -0.0164 6.8499 0.9925
v  -0.0162 6.8499 0.9955
v  -0.0157 6.8499 0.9983
v  -0.0147 6.8499 1.0011
v  -0.0133 6.8499 1.0036
v  -0.0115 6.8499 1.0059
v  -0.0094 6.8499 1.0080
v  -0.0071 6.8499 1.0096
v  -0.0045 6.8499 1.0109
v  -0.0017 6.8499 1.0118
v  0.0012 6.8499 1.0122
v  0.0041 6.8499 1.0122
v  0.0070 6.8499 1.0118
v  0.0098 6.8499 1.0109
v  0.0124 6.8499 1.0096
v  0.0148 6.8499 1.0080
v  0.0169 6.8499 1.0059
v  0.0186 6.8499 1.0036
v  0.0200 6.8499 1.0011
v  0.0210 6.8499 0.9983
v  0.0216 6.8499 0.9955
v  0.0217 6.8499 0.9925
v  0.0213 6.8499 0.9897
v  0.0206 6.8499 0.9868
v  0.0194 6.8499 0.9842
v  0.0178 6.8499 0.9817
v  0.0158 6.8499 0.9796
v  0.0136 6.8499 0.9777
v  0.0111 6.8499 0.9762
v  0.0084 6.8499 0.9751
v  0.0056 6.8499 0.9745
v  -0.0003 6.8470 0.9741
v  0.0027 6.8470 0.9739
v  -0.0032 6.8470 0.9748
v  -0.0059 6.8470 0.9759
v  -0.0085 6.8470 0.9774
v  -0.0108 6.8470 0.9793
v  -0.0127 6.8470 0.9815
v  -0.0144 6.8470 0.9840
v  -0.0156 6.8470 0.9867
v  -0.0164 6.8470 0.9896
v  -0.0167 6.8470 0.9925
v  -0.0166 6.8470 0.9955
v  -0.0160 6.8470 0.9984
v  -0.0150 6.8470 1.0012
v  -0.0136 6.8470 1.0038
v  -0.0118 6.8470 1.0062
v  -0.0097 6.8470 1.0082
v  -0.0072 6.8470 1.0099
v  -0.0046 6.8470 1.0112
v  -0.0018 6.8470 1.0121
v  0.0012 6.8470 1.0126
v  0.0041 6.8470 1.0126
v  0.0071 6.8470 1.0121
v  0.0099 6.8470 1.0112
v  0.0126 6.8470 1.0099
v  0.0150 6.8470 1.0082
v  0.0171 6.8470 1.0062
v  0.0189 6.8470 1.0038
v  0.0203 6.8470 1.0012
v  0.0213 6.8470 0.9984
v  0.0219 6.8470 0.9955
v  0.0220 6.8470 0.9925
v  0.0217 6.8470 0.9896
v  0.0209 6.8470 0.9867
v  0.0197 6.8470 0.9840
v  0.0181 6.8470 0.9815
v  0.0161 6.8470 0.9793
v  0.0138 6.8470 0.9774
v  0.0112 6.8470 0.9759
v  0.0085 6.8470 0.9748
v  0.0056 6.8470 0.9741
v  -0.0003 6.8440 0.9742
v  0.0027 6.8440 0.9740
v  -0.0032 6.8440 0.9749
v  -0.0059 6.8440 0.9760
v  -0.0084 6.8440 0.9775
v  -0.0107 6.8440 0.9794
v  -0.0127 6.8440 0.9816
v  -0.0143 6.8440 0.9841
v  -0.0155 6.8440 0.9868
v  -0.0162 6.8440 0.9896
v  -0.0166 6.8440 0.9925
v  -0.0165 6.8440 0.9955
v  -0.0159 6.8440 0.9984
v  -0.0149 6.8440 1.0011
v  -0.0135 6.8440 1.0037
v  -0.0117 6.8440 1.0061
v  -0.0096 6.8440 1.0081
v  -0.0072 6.8440 1.0098
v  -0.0045 6.8440 1.0111
v  -0.0017 6.8440 1.0120
v  0.0012 6.8440 1.0125
v  0.0041 6.8440 1.0125
v  0.0070 6.8440 1.0120
v  0.0099 6.8440 1.0111
v  0.0125 6.8440 1.0098
v  0.0149 6.8440 1.0081
v  0.0170 6.8440 1.0061
v  0.0188 6.8440 1.0037
v  0.0202 6.8440 1.0011
v  0.0212 6.8440 0.9984
v  0.0218 6.8440 0.9955
v  0.0219 6.8440 0.9925
v  0.0216 6.8440 0.9896
v  0.0208 6.8440 0.9868
v  0.0196 6.8440 0.9841
v  0.0180 6.8440 0.9816
v  0.0160 6.8440 0.9794
v  0.0137 6.8440 0.9775
v  0.0112 6.8440 0.9760
v  0.0085 6.8440 0.9749
v  0.0056 6.8440 0.9742
v  -0.0002 6.8411 0.9748
v  0.0027 6.8411 0.9746
v  -0.0030 6.8411 0.9755
v  -0.0056 6.8411 0.9765
v  -0.0081 6.8411 0.9780
v  -0.0103 6.8411 0.9798
v  -0.0122 6.8411 0.9819
v  -0.0138 6.8411 0.9843
v  -0.0149 6.8411 0.9870
v  -0.0157 6.8411 0.9897
v  -0.0160 6.8411 0.9926
v  -0.0159 6.8411 0.9954
v  -0.0154 6.8411 0.9982
v  -0.0144 6.8411 1.0009
v  -0.0130 6.8411 1.0034
v  -0.0113 6.8411 1.0057
v  -0.0092 6.8411 1.0077
v  -0.0069 6.8411 1.0093
v  -0.0043 6.8411 1.0106
v  -0.0016 6.8411 1.0115
v  0.0012 6.8411 1.0119
v  0.0041 6.8411 1.0119
v  0.0069 6.8411 1.0115
v  0.0096 6.8411 1.0106
v  0.0122 6.8411 1.0093
v  0.0145 6.8411 1.0077
v  0.0166 6.8411 1.0057
v  0.0183 6.8411 1.0034
v  0.0197 6.8411 1.0009
v  0.0207 6.8411 0.9982
v  0.0212 6.8411 0.9954
v  0.0213 6.8411 0.9926
v  0.0210 6.8411 0.9897
v  0.0202 6.8411 0.9870
v  0.0191 6.8411 0.9843
v  0.0175 6.8411 0.9819
v  0.0156 6.8411 0.9798
v  0.0134 6.8411 0.9780
v  0.0109 6.8411 0.9765
v  0.0083 6.8411 0.9755
v  0.0055 6.8411 0.9748
v  -0.0000 6.8383 0.9758
v  0.0027 6.8383 0.9756
v  -0.0027 6.8383 0.9764
v  -0.0052 6.8383 0.9774
v  -0.0075 6.8383 0.9788
v  -0.0096 6.8383 0.9805
v  -0.0114 6.8383 0.9826
v  -0.0129 6.8383 0.9848
v  -0.0140 6.8383 0.9873
v  -0.0147 6.8383 0.9899
v  -0.0150 6.8383 0.9926
v  -0.0149 6.8383 0.9953
v  -0.0144 6.8383 0.9980
v  -0.0135 6.8383 1.0005
v  -0.0122 6.8383 1.0029
v  -0.0105 6.8383 1.0050
v  -0.0086 6.8383 1.0069
v  -0.0064 6.8383 1.0085
v  -0.0040 6.8383 1.0097
v  -0.0014 6.8383 1.0105
v  0.0013 6.8383 1.0109
v  0.0040 6.8383 1.0109
v  0.0067 6.8383 1.0105
v  0.0093 6.8383 1.0097
v  0.0117 6.8383 1.0085
v  0.0139 6.8383 1.0069
v  0.0159 6.8383 1.0050
v  0.0175 6.8383 1.0029
v  0.0188 6.8383 1.0005
v  0.0197 6.8383 0.9980
v  0.0202 6.8383 0.9953
v  0.0203 6.8383 0.9926
v  0.0200 6.8383 0.9899
v  0.0193 6.8383 0.9873
v  0.0182 6.8383 0.9848
v  0.0167 6.8383 0.9826
v  0.0149 6.8383 0.9805
v  0.0128 6.8383 0.9788
v  0.0105 6.8383 0.9774
v  0.0080 6.8383 0.9764
v  0.0054 6.8383 0.9758
v  0.0002 6.8357 0.9772
v  0.0027 6.8357 0.9770
v  -0.0023 6.8357 0.9778
v  -0.0046 6.8357 0.9787
v  -0.0067 6.8357 0.9800
v  -0.0086 6.8357 0.9816
v  -0.0103 6.8357 0.9834
v  -0.0116 6.8357 0.9855
v  -0.0127 6.8357 0.9878
v  -0.0133 6.8357 0.9902
v  -0.0136 6.8357 0.9926
v  -0.0135 6.8357 0.9951
v  -0.0130 6.8357 0.9976
v  -0.0122 6.8357 0.9999
v  -0.0110 6.8357 1.0021
v  -0.0095 6.8357 1.0041
v  -0.0077 6.8357 1.0058
v  -0.0057 6.8357 1.0073
v  -0.0034 6.8357 1.0084
v  -0.0011 6.8357 1.0091
v  0.0014 6.8357 1.0095
v  0.0039 6.8357 1.0095
v  0.0064 6.8357 1.0091
v  0.0087 6.8357 1.0084
v  0.0110 6.8357 1.0073
v  0.0130 6.8357 1.0058
v  0.0148 6.8357 1.0041
v  0.0163 6.8357 1.0021
v  0.0175 6.8357 0.9999
v  0.0183 6.8357 0.9976
v  0.0188 6.8357 0.9951
v  0.0189 6.8357 0.9926
v  0.0186 6.8357 0.9902
v  0.0180 6.8357 0.9878
v  0.0169 6.8357 0.9855
v  0.0156 6.8357 0.9834
v  0.0139 6.8357 0.9816
v  0.0120 6.8357 0.9800
v  0.0099 6.8357 0.9787
v  0.0076 6.8357 0.9778
v  0.0051 6.8357 0.9772
v  0.0004 6.8333 0.9790
v  0.0027 6.8333 0.9788
v  -0.0017 6.8333 0.9795
v  -0.0038 6.8333 0.9803
v  -0.0057 6.8333 0.9814
v  -0.0074 6.8333 0.9828
v  -0.0089 6.8333 0.9845
v  -0.0101 6.8333 0.9864
v  -0.0110 6.8333 0.9884
v  -0.0115 6.8333 0.9905
v  -0.0118 6.8333 0.9927
v  -0.0117 6.8333 0.9949
v  -0.0113 6.8333 0.9971
v  -0.0105 6.8333 0.9992
v  -0.0095 6.8333 1.0011
v  -0.0081 6.8333 1.0029
v  -0.0066 6.8333 1.0044
v  -0.0047 6.8333 1.0057
v  -0.0028 6.8333 1.0067
v  -0.0006 6.8333 1.0074
v  0.0015 6.8333 1.0077
v  0.0038 6.8333 1.0077
v  0.0060 6.8333 1.0074
v  0.0081 6.8333 1.0067
v  0.0100 6.8333 1.0057
v  0.0119 6.8333 1.0044
v  0.0135 6.8333 1.0029
v  0.0148 6.8333 1.0011
v  0.0159 6.8333 0.9992
v  0.0166 6.8333 0.9971
v  0.0170 6.8333 0.9949
v  0.0171 6.8333 0.9927
v  0.0169 6.8333 0.9905
v  0.0163 6.8333 0.9884
v  0.0154 6.8333 0.9864
v  0.0142 6.8333 0.9845
v  0.0127 6.8333 0.9828
v  0.0110 6.8333 0.9814
v  0.0091 6.8333 0.9803
v  0.0070 6.8333 0.9795
v  0.0049 6.8333 0.9790
v  0.0008 6.8313 0.9811
v  0.0027 6.8313 0.9809
v  -0.0011 6.8313 0.9815
v  -0.0028 6.8313 0.9822
v  -0.0044 6.8313 0.9832
v  -0.0059 6.8313 0.9844
v  -0.0072 6.8313 0.9858
v  -0.0082 6.8313 0.9874
v  -0.0089 6.8313 0.9891
v  -0.0094 6.8313 0.9909
v  -0.0097 6.8313 0.9928
v  -0.0096 6.8313 0.9947
v  -0.0092 6.8313 0.9965
v  -0.0086 6.8313 0.9983
v  -0.0077 6.8313 1.0000
v  -0.0066 6.8313 1.0015
v  -0.0052 6.8313 1.0028
v  -0.0036 6.8313 1.0039
v  -0.0020 6.8313 1.0047
v  -0.0002 6.8313 1.0053
v  0.0017 6.8313 1.0056
v  0.0036 6.8313 1.0056
v  0.0055 6.8313 1.0053
v  0.0073 6.8313 1.0047
v  0.0090 6.8313 1.0039
v  0.0105 6.8313 1.0028
v  0.0119 6.8313 1.0015
v  0.0130 6.8313 1.0000
v  0.0139 6.8313 0.9983
v  0.0145 6.8313 0.9965
v  0.0149 6.8313 0.9947
v  0.0150 6.8313 0.9928
v  0.0148 6.8313 0.9909
v  0.0143 6.8313 0.9891
v  0.0135 6.8313 0.9874
v  0.0125 6.8313 0.9858
v  0.0112 6.8313 0.9844
v  0.0097 6.8313 0.9832
v  0.0081 6.8313 0.9822
v  0.0064 6.8313 0.9815
v  0.0045 6.8313 0.9811
v  0.0011 6.8296 0.9835
v  0.0027 6.8296 0.9834
v  -0.0003 6.8296 0.9838
v  -0.0017 6.8296 0.9844
v  -0.0030 6.8296 0.9852
v  -0.0042 6.8296 0.9861
v  -0.0052 6.8296 0.9873
v  -0.0060 6.8296 0.9885
v  -0.0067 6.8296 0.9899
v  -0.0071 6.8296 0.9914
v  -0.0072 6.8296 0.9929
v  -0.0072 6.8296 0.9944
v  -0.0069 6.8296 0.9959
v  -0.0064 6.8296 0.9973
v  -0.0057 6.8296 0.9987
v  -0.0047 6.8296 0.9999
v  -0.0036 6.8296 1.0009
v  -0.0024 6.8296 1.0018
v  -0.0010 6.8296 1.0025
v  0.0004 6.8296 1.0029
v  0.0019 6.8296 1.0031
v  0.0034 6.8296 1.0031
v  0.0049 6.8296 1.0029
v  0.0064 6.8296 1.0025
v  0.0077 6.8296 1.0018
v  0.0090 6.8296 1.0009
v  0.0100 6.8296 0.9999
v  0.0110 6.8296 0.9987
v  0.0117 6.8296 0.9973
v  0.0122 6.8296 0.9959
v  0.0125 6.8296 0.9944
v  0.0126 6.8296 0.9929
v  0.0124 6.8296 0.9914
v  0.0120 6.8296 0.9899
v  0.0114 6.8296 0.9885
v  0.0105 6.8296 0.9873
v  0.0095 6.8296 0.9861
v  0.0084 6.8296 0.9852
v  0.0070 6.8296 0.9844
v  0.0056 6.8296 0.9838
v  0.0042 6.8296 0.9835
v  0.0015 6.8282 0.9861
v  0.0027 6.8282 0.9860
v  0.0005 6.8282 0.9864
v  -0.0006 6.8282 0.9868
v  -0.0015 6.8282 0.9873
v  -0.0024 6.8282 0.9881
v  -0.0031 6.8282 0.9889
v  -0.0037 6.8282 0.9898
v  -0.0042 6.8282 0.9908
v  -0.0045 6.8282 0.9919
v  -0.0046 6.8282 0.9930
v  -0.0045 6.8282 0.9941
v  -0.0043 6.8282 0.9952
v  -0.0040 6.8282 0.9962
v  -0.0034 6.8282 0.9972
v  -0.0028 6.8282 0.9981
v  -0.0020 6.8282 0.9989
v  -0.0010 6.8282 0.9995
v  -0.0001 6.8282 1.0000
v  0.0010 6.8282 1.0003
v  0.0021 6.8282 1.0005
v  0.0032 6.8282 1.0005
v  0.0043 6.8282 1.0003
v  0.0054 6.8282 1.0000
v  0.0064 6.8282 0.9995
v  0.0073 6.8282 0.9989
v  0.0081 6.8282 0.9981
v  0.0087 6.8282 0.9972
v  0.0093 6.8282 0.9962
v  0.0096 6.8282 0.9952
v  0.0099 6.8282 0.9941
v  0.0099 6.8282 0.9930
v  0.0098 6.8282 0.9919
v  0.0095 6.8282 0.9908
v  0.0090 6.8282 0.9898
v  0.0084 6.8282 0.9889
v  0.0077 6.8282 0.9881
v  0.0068 6.8282 0.9873
v  0.0059 6.8282 0.9868
v  0.0048 6.8282 0.9864
v  0.0038 6.8282 0.9861
v  0.0020 6.8274 0.9889
v  0.0027 6.8274 0.9889
v  0.0013 6.8274 0.9891
v  0.0007 6.8274 0.9893
v  0.0001 6.8274 0.9897
v  -0.0004 6.8274 0.9901
v  -0.0009 6.8274 0.9906
v  -0.0012 6.8274 0.9912
v  -0.0015 6.8274 0.9918
v  -0.0017 6.8274 0.9924
v  -0.0018 6.8274 0.9931
v  -0.0017 6.8274 0.9938
v  -0.0016 6.8274 0.9944
v  -0.0014 6.8274 0.9951
v  -0.0011 6.8274 0.9957
v  -0.0006 6.8274 0.9962
v  -0.0002 6.8274 0.9967
v  0.0004 6.8274 0.9971
v  0.0010 6.8274 0.9974
v  0.0016 6.8274 0.9976
v  0.0023 6.8274 0.9977
v  0.0030 6.8274 0.9977
v  0.0037 6.8274 0.9976
v  0.0043 6.8274 0.9974
v  0.0049 6.8274 0.9971
v  0.0055 6.8274 0.9967
v  0.0060 6.8274 0.9962
v  0.0064 6.8274 0.9957
v  0.0067 6.8274 0.9951
v  0.0069 6.8274 0.9944
v  0.0070 6.8274 0.9938
v  0.0071 6.8274 0.9931
v  0.0070 6.8274 0.9924
v  0.0068 6.8274 0.9918
v  0.0065 6.8274 0.9912
v  0.0062 6.8274 0.9906
v  0.0057 6.8274 0.9901
v  0.0052 6.8274 0.9897
v  0.0046 6.8274 0.9893
v  0.0040 6.8274 0.9891
v  0.0033 6.8274 0.9889
v  0.0027 6.8268 0.9933
v  0.0317 0.0301 0.9728
v  0.0317 0.0299 0.9690
v  0.0312 0.0299 0.9690
v  0.0308 0.0299 0.9691
v  0.0303 0.0299 0.9693
v  0.0299 0.0299 0.9695
v  0.0295 0.0299 0.9697
v  0.0291 0.0299 0.9700
v  0.0288 0.0299 0.9704
v  0.0285 0.0299 0.9707
v  0.0283 0.0299 0.9712
v  0.0281 0.0299 0.9716
v  0.0280 0.0299 0.9721
v  0.0279 0.0299 0.9725
v  0.0279 0.0299 0.9730
v  0.0280 0.0299 0.9735
v  0.0281 0.0299 0.9739
v  0.0283 0.0299 0.9744
v  0.0285 0.0299 0.9748
v  0.0288 0.0299 0.9752
v  0.0291 0.0299 0.9755
v  0.0295 0.0299 0.9758
v  0.0299 0.0299 0.9761
v  0.0303 0.0299 0.9763
v  0.0308 0.0299 0.9764
v  0.0312 0.0299 0.9765
v  0.0317 0.0299 0.9765
v  0.0322 0.0299 0.9765
v  0.0327 0.0299 0.9764
v  0.0331 0.0299 0.9763
v  0.0335 0.0299 0.9761
v  0.0339 0.0299 0.9758
v  0.0343 0.0299 0.9755
v  0.0346 0.0299 0.9752
v  0.0349 0.0299 0.9748
v  0.0351 0.0299 0.9744
v  0.0353 0.0299 0.9739
v  0.0354 0.0299 0.9735
v  0.0355 0.0299 0.9730
v  0.0355 0.0299 0.9725
v  0.0354 0.0299 0.9721
v  0.0353 0.0299 0.9716
v  0.0351 0.0299 0.9712
v  0.0349 0.0299 0.9707
v  0.0346 0.0299 0.9704
v  0.0343 0.0299 0.9700
v  0.0339 0.0299 0.9697
v  0.0335 0.0299 0.9695
v  0.0331 0.0299 0.9693
v  0.0327 0.0299 0.9691
v  0.0322 0.0299 0.9690
v  0.0308 0.0292 0.9653
v  0.0317 0.0292 0.9653
v  0.0299 0.0292 0.9655
v  0.0290 0.0292 0.9658
v  0.0281 0.0292 0.9662
v  0.0273 0.0292 0.9667
v  0.0266 0.0292 0.9673
v  0.0259 0.0292 0.9680
v  0.0254 0.0292 0.9688
v  0.0249 0.0292 0.9696
v  0.0246 0.0292 0.9705
v  0.0244 0.0292 0.9714
v  0.0242 0.0292 0.9723
v  0.0242 0.0292 0.9732
v  0.0244 0.0292 0.9742
v  0.0246 0.0292 0.9751
v  0.0249 0.0292 0.9760
v  0.0254 0.0292 0.9768
v  0.0259 0.0292 0.9775
v  0.0266 0.0292 0.9782
v  0.0273 0.0292 0.9788
v  0.0281 0.0292 0.9793
v  0.0290 0.0292 0.9797
v  0.0299 0.0292 0.9800
v  0.0308 0.0292 0.9802
v  0.0317 0.0292 0.9803
v  0.0327 0.0292 0.9802
v  0.0336 0.0292 0.9800
v  0.0345 0.0292 0.9797
v  0.0353 0.0292 0.9793
v  0.0361 0.0292 0.9788
v  0.0368 0.0292 0.9782
v  0.0375 0.0292 0.9775
v  0.0380 0.0292 0.9768
v  0.0385 0.0292 0.9760
v  0.0388 0.0292 0.9751
v  0.0391 0.0292 0.9742
v  0.0392 0.0292 0.9732
v  0.0392 0.0292 0.9723
v  0.0391 0.0292 0.9714
v  0.0388 0.0292 0.9705
v  0.0385 0.0292 0.9696
v  0.0380 0.0292 0.9688
v  0.0375 0.0292 0.9680
v  0.0368 0.0292 0.9673
v  0.0361 0.0292 0.9667
v  0.0353 0.0292 0.9662
v  0.0345 0.0292 0.9658
v  0.0336 0.0292 0.9655
v  0.0327 0.0292 0.9653
v  0.0303 0.0280 0.9618
v  0.0317 0.0280 0.9617
v  0.0290 0.0280 0.9620
v  0.0276 0.0280 0.9625
v  0.0264 0.0280 0.9631
v  0.0252 0.0280 0.9638
v  0.0241 0.0280 0.9647
v  0.0232 0.0280 0.9657
v  0.0224 0.0280 0.9668
v  0.0217 0.0280 0.9680
v  0.0212 0.0280 0.9693
v  0.0208 0.0280 0.9707
v  0.0206 0.0280 0.9721
v  0.0206 0.0280 0.9735
v  0.0208 0.0280 0.9748
v  0.0212 0.0280 0.9762
v  0.0217 0.0280 0.9775
v  0.0224 0.0280 0.9787
v  0.0232 0.0280 0.9798
v  0.0241 0.0280 0.9809
v  0.0252 0.0280 0.9817
v  0.0264 0.0280 0.9825
v  0.0276 0.0280 0.9831
v  0.0290 0.0280 0.9835
v  0.0303 0.0280 0.9838
v  0.0317 0.0280 0.9839
v  0.0331 0.0280 0.9838
v  0.0345 0.0280 0.9835
v  0.0358 0.0280 0.9831
v  0.0371 0.0280 0.9825
v  0.0382 0.0280 0.9817
v  0.0393 0.0280 0.9809
v  0.0403 0.0280 0.9798
v  0.0411 0.0280 0.9787
v  0.0417 0.0280 0.9775
v  0.0423 0.0280 0.9762
v  0.0426 0.0280 0.9748
v  0.0428 0.0280 0.9735
v  0.0428 0.0280 0.9721
v  0.0426 0.0280 0.9707
v  0.0423 0.0280 0.9693
v  0.0417 0.0280 0.9680
v  0.0411 0.0280 0.9668
v  0.0403 0.0280 0.9657
v  0.0393 0.0280 0.9647
v  0.0382 0.0280 0.9638
v  0.0371 0.0280 0.9631
v  0.0358 0.0280 0.9625
v  0.0345 0.0280 0.9620
v  0.0331 0.0280 0.9618
v  0.0299 0.0264 0.9584
v  0.0317 0.0264 0.9583
v  0.0281 0.0264 0.9587
v  0.0264 0.0264 0.9593
v  0.0247 0.0264 0.9601
v  0.0232 0.0264 0.9610
v  0.0218 0.0264 0.9622
v  0.0205 0.0264 0.9635
v  0.0195 0.0264 0.9650
v  0.0186 0.0264 0.9666
v  0.0179 0.0264 0.9683
v  0.0175 0.0264 0.9701
v  0.0172 0.0264 0.9719
v  0.0172 0.0264 0.9737
v  0.0175 0.0264 0.9755
v  0.0179 0.0264 0.9773
v  0.0186 0.0264 0.9789
v  0.0195 0.0264 0.9805
v  0.0205 0.0264 0.9820
v  0.0218 0.0264 0.9833
v  0.0232 0.0264 0.9845
v  0.0247 0.0264 0.9855
v  0.0264 0.0264 0.9863
v  0.0281 0.0264 0.9868
v  0.0299 0.0264 0.9872
v  0.0317 0.0264 0.9873
v  0.0335 0.0264 0.9872
v  0.0353 0.0264 0.9868
v  0.0371 0.0264 0.9863
v  0.0387 0.0264 0.9855
v  0.0402 0.0264 0.9845
v  0.0416 0.0264 0.9833
v  0.0429 0.0264 0.9820
v  0.0440 0.0264 0.9805
v  0.0448 0.0264 0.9789
v  0.0455 0.0264 0.9773
v  0.0460 0.0264 0.9755
v  0.0462 0.0264 0.9737
v  0.0462 0.0264 0.9719
v  0.0460 0.0264 0.9701
v  0.0455 0.0264 0.9683
v  0.0448 0.0264 0.9666
v  0.0440 0.0264 0.9650
v  0.0429 0.0264 0.9635
v  0.0416 0.0264 0.9622
v  0.0402 0.0264 0.9610
v  0.0387 0.0264 0.9601
v  0.0371 0.0264 0.9593
v  0.0353 0.0264 0.9587
v  0.0335 0.0264 0.9584
v  0.0295 0.0244 0.9552
v  0.0317 0.0244 0.9551
v  0.0273 0.0244 0.9556
v  0.0252 0.0244 0.9563
v  0.0232 0.0244 0.9573
v  0.0213 0.0244 0.9584
v  0.0196 0.0244 0.9599
v  0.0181 0.0244 0.9615
v  0.0168 0.0244 0.9633
v  0.0157 0.0244 0.9652
v  0.0149 0.0244 0.9673
v  0.0143 0.0244 0.9695
v  0.0140 0.0244 0.9717
v  0.0140 0.0244 0.9739
v  0.0143 0.0244 0.9761
v  0.0149 0.0244 0.9782
v  0.0157 0.0244 0.9803
v  0.0168 0.0244 0.9823
v  0.0181 0.0244 0.9841
v  0.0196 0.0244 0.9857
v  0.0213 0.0244 0.9871
v  0.0232 0.0244 0.9883
v  0.0252 0.0244 0.9892
v  0.0273 0.0244 0.9899
v  0.0295 0.0244 0.9903
v  0.0317 0.0244 0.9905
v  0.0339 0.0244 0.9903
v  0.0361 0.0244 0.9899
v  0.0382 0.0244 0.9892
v  0.0402 0.0244 0.9883
v  0.0421 0.0244 0.9871
v  0.0438 0.0244 0.9857
v  0.0454 0.0244 0.9841
v  0.0467 0.0244 0.9823
v  0.0477 0.0244 0.9803
v  0.0485 0.0244 0.9782
v  0.0491 0.0244 0.9761
v  0.0494 0.0244 0.9739
v  0.0494 0.0244 0.9717
v  0.0491 0.0244 0.9695
v  0.0485 0.0244 0.9673
v  0.0477 0.0244 0.9652
v  0.0467 0.0244 0.9633
v  0.0454 0.0244 0.9615
v  0.0438 0.0244 0.9599
v  0.0421 0.0244 0.9584
v  0.0402 0.0244 0.9573
v  0.0382 0.0244 0.9563
v  0.0361 0.0244 0.9556
v  0.0339 0.0244 0.9552
v  0.0291 0.0220 0.9523
v  0.0317 0.0220 0.9522
v  0.0266 0.0220 0.9528
v  0.0241 0.0220 0.9536
v  0.0218 0.0220 0.9547
v  0.0196 0.0220 0.9561
v  0.0176 0.0220 0.9577
v  0.0158 0.0220 0.9596
v  0.0143 0.0220 0.9617
v  0.0131 0.0220 0.9640
v  0.0121 0.0220 0.9664
v  0.0115 0.0220 0.9689
v  0.0111 0.0220 0.9715
v  0.0111 0.0220 0.9741
v  0.0115 0.0220 0.9766
v  0.0121 0.0220 0.9791
v  0.0131 0.0220 0.9815
v  0.0143 0.0220 0.9838
v  0.0158 0.0220 0.9859
v  0.0176 0.0220 0.9878
v  0.0196 0.0220 0.9894
v  0.0218 0.0220 0.9908
v  0.0241 0.0220 0.9919
v  0.0266 0.0220 0.9927
v  0.0291 0.0220 0.9932
v  0.0317 0.0220 0.9934
v  0.0343 0.0220 0.9932
v  0.0368 0.0220 0.9927
v  0.0393 0.0220 0.9919
v  0.0416 0.0220 0.9908
v  0.0438 0.0220 0.9894
v  0.0458 0.0220 0.9878
v  0.0476 0.0220 0.9859
v  0.0491 0.0220 0.9838
v  0.0504 0.0220 0.9815
v  0.0513 0.0220 0.9791
v  0.0520 0.0220 0.9766
v  0.0523 0.0220 0.9741
v  0.0523 0.0220 0.9715
v  0.0520 0.0220 0.9689
v  0.0513 0.0220 0.9664
v  0.0504 0.0220 0.9640
v  0.0491 0.0220 0.9617
v  0.0476 0.0220 0.9596
v  0.0458 0.0220 0.9577
v  0.0438 0.0220 0.9561
v  0.0416 0.0220 0.9547
v  0.0393 0.0220 0.9536
v  0.0368 0.0220 0.9528
v  0.0343 0.0220 0.9523
v  0.0288 0.0192 0.9497
v  0.0317 0.0192 0.9496
v  0.0259 0.0192 0.9503
v  0.0232 0.0192 0.9512
v  0.0205 0.0192 0.9524
v  0.0181 0.0192 0.9540
v  0.0158 0.0192 0.9559
v  0.0138 0.0192 0.9580
v  0.0121 0.0192 0.9603
v  0.0107 0.0192 0.9629
v  0.0096 0.0192 0.9656
v  0.0089 0.0192 0.9684
v  0.0086 0.0192 0.9713
v  0.0086 0.0192 0.9742
v  0.0089 0.0192 0.9771
v  0.0096 0.0192 0.9799
v  0.0107 0.0192 0.9827
v  0.0121 0.0192 0.9852
v  0.0138 0.0192 0.9876
v  0.0158 0.0192 0.9897
v  0.0181 0.0192 0.9915
v  0.0205 0.0192 0.9931
v  0.0232 0.0192 0.9943
v  0.0259 0.0192 0.9952
v  0.0288 0.0192 0.9958
v  0.0317 0.0192 0.9960
v  0.0346 0.0192 0.9958
v  0.0375 0.0192 0.9952
v  0.0403 0.0192 0.9943
v  0.0429 0.0192 0.9931
v  0.0454 0.0192 0.9915
v  0.0476 0.0192 0.9897
v  0.0496 0.0192 0.9876
v  0.0513 0.0192 0.9852
v  0.0527 0.0192 0.9827
v  0.0538 0.0192 0.9799
v  0.0545 0.0192 0.9771
v  0.0549 0.0192 0.9742
v  0.0549 0.0192 0.9713
v  0.0545 0.0192 0.9684
v  0.0538 0.0192 0.9656
v  0.0527 0.0192 0.9629
v  0.0513 0.0192 0.9603
v  0.0496 0.0192 0.9580
v  0.0476 0.0192 0.9559
v  0.0454 0.0192 0.9540
v  0.0429 0.0192 0.9524
v  0.0403 0.0192 0.9512
v  0.0375 0.0192 0.9503
v  0.0346 0.0192 0.9497
v  0.0285 0.0161 0.9475
v  0.0317 0.0161 0.9473
v  0.0254 0.0161 0.9481
v  0.0224 0.0161 0.9491
v  0.0195 0.0161 0.9505
v  0.0168 0.0161 0.9522
v  0.0143 0.0161 0.9542
v  0.0121 0.0161 0.9566
v  0.0102 0.0161 0.9591
v  0.0087 0.0161 0.9619
v  0.0075 0.0161 0.9649
v  0.0067 0.0161 0.9680
v  0.0063 0.0161 0.9712
v  0.0063 0.0161 0.9744
v  0.0067 0.0161 0.9775
v  0.0075 0.0161 0.9806
v  0.0087 0.0161 0.9836
v  0.0102 0.0161 0.9864
v  0.0121 0.0161 0.9890
v  0.0143 0.0161 0.9913
v  0.0168 0.0161 0.9933
v  0.0195 0.0161 0.9951
v  0.0224 0.0161 0.9964
v  0.0254 0.0161 0.9974
v  0.0285 0.0161 0.9980
v  0.0317 0.0161 0.9982
v  0.0349 0.0161 0.9980
v  0.0380 0.0161 0.9974
v  0.0411 0.0161 0.9964
v  0.0440 0.0161 0.9951
v  0.0467 0.0161 0.9933
v  0.0491 0.0161 0.9913
v  0.0513 0.0161 0.9890
v  0.0532 0.0161 0.9864
v  0.0547 0.0161 0.9836
v  0.0559 0.0161 0.9806
v  0.0567 0.0161 0.9775
v  0.0571 0.0161 0.9744
v  0.0571 0.0161 0.9712
v  0.0567 0.0161 0.9680
v  0.0559 0.0161 0.9649
v  0.0547 0.0161 0.9619
v  0.0532 0.0161 0.9591
v  0.0513 0.0161 0.9566
v  0.0491 0.0161 0.9542
v  0.0467 0.0161 0.9522
v  0.0440 0.0161 0.9505
v  0.0411 0.0161 0.9491
v  0.0380 0.0161 0.9481
v  0.0349 0.0161 0.9475
v  0.0283 0.0128 0.9457
v  0.0317 0.0128 0.9455
v  0.0249 0.0128 0.9464
v  0.0217 0.0128 0.9474
v  0.0186 0.0128 0.9489
v  0.0157 0.0128 0.9507
v  0.0131 0.0128 0.9529
v  0.0107 0.0128 0.9554
v  0.0087 0.0128 0.9582
v  0.0071 0.0128 0.9612
v  0.0058 0.0128 0.9643
v  0.0049 0.0128 0.9677
v  0.0045 0.0128 0.9711
v  0.0045 0.0128 0.9745
v  0.0049 0.0128 0.9779
v  0.0058 0.0128 0.9812
v  0.0071 0.0128 0.9844
v  0.0087 0.0128 0.9874
v  0.0107 0.0128 0.9901
v  0.0131 0.0128 0.9926
v  0.0157 0.0128 0.9948
v  0.0186 0.0128 0.9967
v  0.0217 0.0128 0.9981
v  0.0249 0.0128 0.9992
v  0.0283 0.0128 0.9998
v  0.0317 0.0128 1.0000
v  0.0351 0.0128 0.9998
v  0.0385 0.0128 0.9992
v  0.0417 0.0128 0.9981
v  0.0448 0.0128 0.9967
v  0.0477 0.0128 0.9948
v  0.0504 0.0128 0.9926
v  0.0527 0.0128 0.9901
v  0.0547 0.0128 0.9874
v  0.0564 0.0128 0.9844
v  0.0576 0.0128 0.9812
v  0.0585 0.0128 0.9779
v  0.0589 0.0128 0.9745
v  0.0589 0.0128 0.9711
v  0.0585 0.0128 0.9677
v  0.0576 0.0128 0.9643
v  0.0564 0.0128 0.9612
v  0.0547 0.0128 0.9582
v  0.0527 0.0128 0.9554
v  0.0504 0.0128 0.9529
v  0.0477 0.0128 0.9507
v  0.0448 0.0128 0.9489
v  0.0417 0.0128 0.9474
v  0.0385 0.0128 0.9464
v  0.0351 0.0128 0.9457
v  0.0281 0.0093 0.9444
v  0.0317 0.0093 0.9441
v  0.0246 0.0093 0.9450
v  0.0212 0.0093 0.9461
v  0.0179 0.0093 0.9477
v  0.0149 0.0093 0.9496
v  0.0121 0.0093 0.9519
v  0.0096 0.0093 0.9545
v  0.0075 0.0093 0.9574
v  0.0058 0.0093 0.9606
v  0.0045 0.0093 0.9639
v  0.0036 0.0093 0.9674
v  0.0031 0.0093 0.9710
v  0.0031 0.0093 0.9746
v  0.0036 0.0093 0.9781
v  0.0045 0.0093 0.9816
v  0.0058 0.0093 0.9850
v  0.0075 0.0093 0.9881
v  0.0096 0.0093 0.9910
v  0.0121 0.0093 0.9937
v  0.0149 0.0093 0.9959
v  0.0179 0.0093 0.9979
v  0.0212 0.0093 0.9994
v  0.0246 0.0093 1.0005
v  0.0281 0.0093 1.0012
v  0.0317 0.0093 1.0014
v  0.0353 0.0093 1.0012
v  0.0388 0.0093 1.0005
v  0.0423 0.0093 0.9994
v  0.0455 0.0093 0.9979
v  0.0485 0.0093 0.9959
v  0.0513 0.0093 0.9937
v  0.0538 0.0093 0.9910
v  0.0559 0.0093 0.9881
v  0.0576 0.0093 0.9850
v  0.0590 0.0093 0.9816
v  0.0599 0.0093 0.9781
v  0.0603 0.0093 0.9746
v  0.0603 0.0093 0.9710
v  0.0599 0.0093 0.9674
v  0.0590 0.0093 0.9639
v  0.0576 0.0093 0.9606
v  0.0559 0.0093 0.9574
v  0.0538 0.0093 0.9545
v  0.0513 0.0093 0.9519
v  0.0485 0.0093 0.9496
v  0.0455 0.0093 0.9477
v  0.0423 0.0093 0.9461
v  0.0388 0.0093 0.9450
v  0.0353 0.0093 0.9444
v  0.0280 0.0056 0.9434
v  0.0317 0.0056 0.9432
v  0.0244 0.0056 0.9441
v  0.0208 0.0056 0.9453
v  0.0175 0.0056 0.9468
v  0.0143 0.0056 0.9488
v  0.0115 0.0056 0.9512
v  0.0089 0.0056 0.9539
v  0.0067 0.0056 0.9569
v  0.0049 0.0056 0.9602
v  0.0036 0.0056 0.9636
v  0.0027 0.0056 0.9672
v  0.0022 0.0056 0.9709
v  0.0022 0.0056 0.9746
v  0.0027 0.0056 0.9783
v  0.0036 0.0056 0.9819
v  0.0049 0.0056 0.9854
v  0.0067 0.0056 0.9886
v  0.0089 0.0056 0.9916
v  0.0115 0.0056 0.9943
v  0.0143 0.0056 0.9967
v  0.0175 0.0056 0.9987
v  0.0208 0.0056 1.0003
v  0.0244 0.0056 1.0014
v  0.0280 0.0056 1.0021
v  0.0317 0.0056 1.0024
v  0.0354 0.0056 1.0021
v  0.0391 0.0056 1.0014
v  0.0426 0.0056 1.0003
v  0.0460 0.0056 0.9987
v  0.0491 0.0056 0.9967
v  0.0520 0.0056 0.9943
v  0.0545 0.0056 0.9916
v  0.0567 0.0056 0.9886
v  0.0585 0.0056 0.9854
v  0.0599 0.0056 0.9819
v  0.0608 0.0056 0.9783
v  0.0612 0.0056 0.9746
v  0.0612 0.0056 0.9709
v  0.0608 0.0056 0.9672
v  0.0599 0.0056 0.9636
v  0.0585 0.0056 0.9602
v  0.0567 0.0056 0.9569
v  0.0545 0.0056 0.9539
v  0.0520 0.0056 0.9512
v  0.0491 0.0056 0.9488
v  0.0460 0.0056 0.9468
v  0.0426 0.0056 0.9453
v  0.0391 0.0056 0.9441
v  0.0354 0.0056 0.9434
v  0.0279 0.0019 0.9429
v  0.0317 0.0019 0.9427
v  0.0242 0.0019 0.9437
v  0.0206 0.0019 0.9448
v  0.0172 0.0019 0.9464
v  0.0140 0.0019 0.9485
v  0.0111 0.0019 0.9509
v  0.0086 0.0019 0.9536
v  0.0063 0.0019 0.9567
v  0.0045 0.0019 0.9600
v  0.0031 0.0019 0.9635
v  0.0022 0.0019 0.9671
v  0.0017 0.0019 0.9709
v  0.0017 0.0019 0.9747
v  0.0022 0.0019 0.9784
v  0.0031 0.0019 0.9821
v  0.0045 0.0019 0.9856
v  0.0063 0.0019 0.9889
v  0.0086 0.0019 0.9919
v  0.0111 0.0019 0.9947
v  0.0140 0.0019 0.9971
v  0.0172 0.0019 0.9991
v  0.0206 0.0019 1.0007
v  0.0242 0.0019 1.0019
v  0.0279 0.0019 1.0026
v  0.0317 0.0019 1.0028
v  0.0355 0.0019 1.0026
v  0.0392 0.0019 1.0019
v  0.0428 0.0019 1.0007
v  0.0462 0.0019 0.9991
v  0.0494 0.0019 0.9971
v  0.0523 0.0019 0.9947
v  0.0549 0.0019 0.9919
v  0.0571 0.0019 0.9889
v  0.0589 0.0019 0.9856
v  0.0603 0.0019 0.9821
v  0.0612 0.0019 0.9784
v  0.0617 0.0019 0.9747
v  0.0617 0.0019 0.9709
v  0.0612 0.0019 0.9671
v  0.0603 0.0019 0.9635
v  0.0589 0.0019 0.9600
v  0.0571 0.0019 0.9567
v  0.0549 0.0019 0.9536
v  0.0523 0.0019 0.9509
v  0.0494 0.0019 0.9485
v  0.0462 0.0019 0.9464
v  0.0428 0.0019 0.9448
v  0.0392 0.0019 0.9437
v  0.0355 0.0019 0.9429
v  0.0279 -0.0019 0.9429
v  0.0317 -0.0019 0.9427
v  0.0242 -0.0019 0.9437
v  0.0206 -0.0019 0.9448
v  0.0172 -0.0019 0.9464
v  0.0140 -0.0019 0.9485
v  0.0111 -0.0019 0.9509
v  0.0086 -0.0019 0.9536
v  0.0063 -0.0019 0.9567
v  0.0045 -0.0019 0.9600
v  0.0031 -0.0019 0.9635
v  0.0022 -0.0019 0.9671
v  0.0017 -0.0019 0.9709
v  0.0017 -0.0019 0.9747
v  0.0022 -0.0019 0.9784
v  0.0031 -0.0019 0.9821
v  0.0045 -0.0019 0.9856
v  0.0063 -0.0019 0.9889
v  0.0086 -0.0019 0.9919
v  0.0111 -0.0019 0.9947
v  0.0140 -0.0019 0.9971
v  0.0172 -0.0019 0.9991
v  0.0206 -0.0019 1.0007
v  0.0242 -0.0019 1.0019
v  0.0279 -0.0019 1.0026
v  0.0317 -0.0019 1.0028
v  0.0355 -0.0019 1.0026
v  0.0392 -0.0019 1.0019
v  0.0428 -0.0019 1.0007
v  0.0462 -0.0019 0.9991
v  0.0494 -0.0019 0.9971
v  0.0523 -0.0019 0.9947
v  0.0549 -0.0019 0.9919
v  0.0571 -0.0019 0.9889
v  0.0589 -0.0019 0.9856
v  0.0603 -0.0019 0.9821
v  0.0612 -0.0019 0.9784
v  0.0617 -0.0019 0.9747
v  0.0617 -0.0019 0.9709
v  0.0612 -0.0019 0.9671
v  0.0603 -0.0019 0.9635
v  0.0589 -0.0019 0.9600
v  0.0571 -0.0019 0.9567
v  0.0549 -0.0019 0.9536
v  0.0523 -0.0019 0.9509
v  0.0494 -0.0019 0.9485
v  0.0462 -0.0019 0.9464
v  0.0428 -0.0019 0.9448
v  0.0392 -0.0019 0.9437
v  0.0355 -0.0019 0.9429
v  0.0280 -0.0056 0.9434
v  0.0317 -0.0056 0.9432
v  0.0244 -0.0056 0.9441
v  0.0208 -0.0056 0.9453
v  0.0175 -0.0056 0.9468
v  0.0143 -0.0056 0.9488
v  0.0115 -0.0056 0.9512
v  0.0089 -0.0056 0.9539
v  0.0067 -0.0056 0.9569
v  0.0049 -0.0056 0.9602
v  0.0036 -0.0056 0.9636
v  0.0027 -0.0056 0.9672
v  0.0022 -0.0056 0.9709
v  0.0022 -0.0056 0.9746
v  0.0027 -0.0056 0.9783
v  0.0036 -0.0056 0.9819
v  0.0049 -0.0056 0.9854
v  0.0067 -0.0056 0.9886
v  0.0089 -0.0056 0.9916
v  0.0115 -0.0056 0.9943
v  0.0143 -0.0056 0.9967
v  0.0175 -0.0056 0.9987
v  0.0208 -0.0056 1.0003
v  0.0244 -0.0056 1.0014
v  0.0280 -0.0056 1.0021
v  0.0317 -0.0056 1.0024
v  0.0354 -0.0056 1.0021
v  0.0391 -0.0056 1.0014
v  0.0426 -0.0056 1.0003
v  0.0460 -0.0056 0.9987
v  0.0491 -0.0056 0.9967
v  0.0520 -0.0056 0.9943
v  0.0545 -0.0056 0.9916
v  0.0567 -0.0056 0.9886
v  0.0585 -0.0056 0.9854
v  0.0599 -0.0056 0.9819
v  0.0608 -0.0056 0.9783
v  0.0612 -0.0056 0.9746
v  0.0612 -0.0056 0.9709
v  0.0608 -0.0056 0.9672
v  0.0599 -0.0056 0.9636
v  0.0585 -0.0056 0.9602
v  0.0567 -0.0056 0.9569
v  0.0545 -0.0056 0.9539
v  0.0520 -0.0056 0.9512
v  0.0491 -0.0056 0.9488
v  0.0460 -0.0056 0.9468
v  0.0426 -0.0056 0.9453
v  0.0391 -0.0056 0.9441
v  0.0354 -0.0056 0.9434
v  0.0281 -0.0093 0.9444
v  0.0317 -0.0093 0.9441
v  0.0246 -0.0093 0.9450
v  0.0212 -0.0093 0.9461
v  0.0179 -0.0093 0.9477
v  0.0149 -0.0093 0.9496
v  0.0121 -0.0093 0.9519
v  0.0096 -0.0093 0.9545
v  0.0075 -0.0093 0.9574
v  0.0058 -0.0093 0.9606
v  0.0045 -0.0093 0.9639
v  0.0036 -0.0093 0.9674
v  0.0031 -0.0093 0.9710
v  0.0031 -0.0093 0.9746
v  0.0036 -0.0093 0.9781
v  0.0045 -0.0093 0.9816
v  0.0058 -0.0093 0.9850
v  0.0075 -0.0093 0.9881
v  0.0096 -0.0093 0.9910
v  0.0121 -0.0093 0.9937
v  0.0149 -0.0093 0.9959
v  0.0179 -0.0093 0.9979
v  0.0212 -0.0093 0.9994
v  0.0246 -0.0093 1.0005
v  0.0281 -0.0093 1.0012
v  0.0317 -0.0093 1.0014
v  0.0353 -0.0093 1.0012
v  0.0388 -0.0093 1.0005
v  0.0423 -0.0093 0.9994
v  0.0455 -0.0093 0.9979
v  0.0485 -0.0093 0.9959
v  0.0513 -0.0093 0.9937
v  0.0538 -0.0093 0.9910
v  0.0559 -0.0093 0.9881
v  0.0576 -0.0093 0.9850
v  0.0590 -0.0093 0.9816
v  0.0599 -0.0093 0.9781
v  0.0603 -0.0093 0.9746
v  0.0603 -0.0093 0.9710
v  0.0599 -0.0093 0.9674
v  0.0590 -0.0093 0.9639
v  0.0576 -0.0093 0.9606
v  0.0559 -0.0093 0.9574
v  0.0538 -0.0093 0.9545
v  0.0513 -0.0093 0.9519
v  0.0485 -0.0093 0.9496
v  0.0455 -0.0093 0.9477
v  0.0423 -0.0093 0.9461
v  0.0388 -0.0093 0.9450
v  0.0353 -0.0093 0.9444
v  0.0283 -0.0128 0.9457
v  0.0317 -0.0128 0.9455
v  0.0249 -0.0128 0.9464
v  0.0217 -0.0128 0.9474
v  0.0186 -0.0128 0.9489
v  0.0157 -0.0128 0.9507
v  0.0131 -0.0128 0.9529
v  0.0107 -0.0128 0.9554
v  0.0087 -0.0128 0.9582
v  0.0071 -0.0128 0.9612
v  0.0058 -0.0128 0.9643
v  0.0049 -0.0128 0.9677
v  0.0045 -0.0128 0.9711
v  0.0045 -0.0128 0.9745
v  0.0049 -0.0128 0.9779
v  0.0058 -0.0128 0.9812
v  0.0071 -0.0128 0.9844
v  0.0087 -0.0128 0.9874
v  0.0107 -0.0128 0.9901
v  0.0131 -0.0128 0.9926
v  0.0157 -0.0128 0.9948
v  0.0186 -0.0128 0.9967
v  0.0217 -0.0128 0.9981
v  0.0249 -0.0128 0.9992
v  0.0283 -0.0128 0.9998
v  0.0317 -0.0128 1.0000
v  0.0351 -0.0128 0.9998
v  0.0385 -0.0128 0.9992
v  0.0417 -0.0128 0.9981
v  0.0448 -0.0128 0.9967
v  0.0477 -0.0128 0.9948
v  0.0504 -0.0128 0.9926
v  0.0527 -0.0128 0.9901
v  0.0547 -0.0128 0.9874
v  0.0564 -0.0128 0.9844
v  0.0576 -0.0128 0.9812
v  0.0585 -0.0128 0.9779
v  0.0589 -0.0128 0.9745
v  0.0589 -0.0128 0.9711
v  0.0585 -0.0128 0.9677
v  0.0576 -0.0128 0.9643
v  0.0564 -0.0128 0.9612
v  0.0547 -0.0128 0.9582
v  0.0527 -0.0128 0.9554
v  0.0504 -0.0128 0.9529
v  0.0477 -0.0128 0.9507
v  0.0448 -0.0128 0.9489
v  0.0417 -0.0128 0.9474
v  0.0385 -0.0128 0.9464
v  0.0351 -0.0128 0.9457
v  0.0285 -0.0161 0.9475
v  0.0317 -0.0161 0.9473
v  0.0254 -0.0161 0.9481
v  0.0224 -0.0161 0.9491
v  0.0195 -0.0161 0.9505
v  0.0168 -0.0161 0.9522
v  0.0143 -0.0161 0.9542
v  0.0121 -0.0161 0.9566
v  0.0102 -0.0161 0.9591
v  0.0087 -0.0161 0.9619
v  0.0075 -0.0161 0.9649
v  0.0067 -0.0161 0.9680
v  0.0063 -0.0161 0.9712
v  0.0063 -0.0161 0.9744
v  0.0067 -0.0161 0.9775
v  0.0075 -0.0161 0.9806
v  0.0087 -0.0161 0.9836
v  0.0102 -0.0161 0.9864
v  0.0121 -0.0161 0.9890
v  0.0143 -0.0161 0.9913
v  0.0168 -0.0161 0.9933
v  0.0195 -0.0161 0.9951
v  0.0224 -0.0161 0.9964
v  0.0254 -0.0161 0.9974
v  0.0285 -0.0161 0.9980
v  0.0317 -0.0161 0.9982
v  0.0349 -0.0161 0.9980
v  0.0380 -0.0161 0.9974
v  0.0411 -0.0161 0.9964
v  0.0440 -0.0161 0.9951
v  0.0467 -0.0161 0.9933
v  0.0491 -0.0161 0.9913
v  0.0513 -0.0161 0.9890
v  0.0532 -0.0161 0.9864
v  0.0547 -0.0161 0.9836
v  0.0559 -0.0161 0.9806
v  0.0567 -0.0161 0.9775
v  0.0571 -0.0161 0.9744
v  0.0571 -0.0161 0.9712
v  0.0567 -0.0161 0.9680
v  0.0559 -0.0161 0.9649
v  0.0547 -0.0161 0.9619
v  0.0532 -0.0161 0.9591
v  0.0513 -0.0161 0.9566
v  0.0491 -0.0161 0.9542
v  0.0467 -0.0161 0.9522
v  0.0440 -0.0161 0.9505
v  0.0411 -0.0161 0.9491
v  0.0380 -0.0161 0.9481
v  0.0349 -0.0161 0.9475
v  0.0288 -0.0192 0.9497
v  0.0317 -0.0192 0.9496
v  0.0259 -0.0192 0.9503
v  0.0232 -0.0192 0.9512
v  0.0205 -0.0192 0.9524
v  0.0181 -0.0192 0.9540
v  0.0158 -0.0192 0.9559
v  0.0138 -0.0192 0.9580
v  0.0121 -0.0192 0.9603
v  0.0107 -0.0192 0.9629
v  0.0096 -0.0192 0.9656
v  0.0089 -0.0192 0.9684
v  0.0086 -0.0192 0.9713
v  0.0086 -0.0192 0.9742
v  0.0089 -0.0192 0.9771
v  0.0096 -0.0192 0.9799
v  0.0107 -0.0192 0.9827
v  0.0121 -0.0192 0.9852
v  0.0138 -0.0192 0.9876
v  0.0158 -0.0192 0.9897
v  0.0181 -0.0192 0.9915
v  0.0205 -0.0192 0.9931
v  0.0232 -0.0192 0.9943
v  0.0259 -0.0192 0.9952
v  0.0288 -0.0192 0.9958
v  0.0317 -0.0192 0.9960
v  0.0346 -0.0192 0.9958
v  0.0375 -0.0192 0.9952
v  0.0403 -0.0192 0.9943
v  0.0429 -0.0192 0.9931
v  0.0454 -0.0192 0.9915
v  0.0476 -0.0192 0.9897
v  0.0496 -0.0192 0.9876
v  0.0513 -0.0192 0.9852
v  0.0527 -0.0192 0.9827
v  0.0538 -0.0192 0.9799
v  0.0545 -0.0192 0.9771
v  0.0549 -0.0192 0.9742
v  0.0549 -0.0192 0.9713
v  0.0545 -0.0192 0.9684
v  0.0538 -0.0192 0.9656
v  0.0527 -0.0192 0.9629
v  0.0513 -0.0192 0.9603
v  0.0496 -0.0192 0.9580
v  0.0476 -0.0192 0.9559
v  0.0454 -0.0192 0.9540
v  0.0429 -0.0192 0.9524
v  0.0403 -0.0192 0.9512
v  0.0375 -0.0192 0.9503
v  0.0346 -0.0192 0.9497
v  0.0291 -0.0220 0.9523
v  0.0317 -0.0220 0.9522
v  0.0266 -0.0220 0.9528
v  0.0241 -0.0220 0.9536
v  0.0218 -0.0220 0.9547
v  0.0196 -0.0220 0.9561
v  0.0176 -0.0220 0.9577
v  0.0158 -0.0220 0.9596
v  0.0143 -0.0220 0.9617
v  0.0131 -0.0220 0.9640
v  0.0121 -0.0220 0.9664
v  0.0115 -0.0220 0.9689
v  0.0111 -0.0220 0.9715
v  0.0111 -0.0220 0.9741
v  0.0115 -0.0220 0.9766
v  0.0121 -0.0220 0.9791
v  0.0131 -0.0220 0.9815
v  0.0143 -0.0220 0.9838
v  0.0158 -0.0220 0.9859
v  0.0176 -0.0220 0.9878
v  0.0196 -0.0220 0.9894
v  0.0218 -0.0220 0.9908
v  0.0241 -0.0220 0.9919
v  0.0266 -0.0220 0.9927
v  0.0291 -0.0220 0.9932
v  0.0317 -0.0220 0.9934
v  0.0343 -0.0220 0.9932
v  0.0368 -0.0220 0.9927
v  0.0393 -0.0220 0.9919
v  0.0416 -0.0220 0.9908
v  0.0438 -0.0220 0.9894
v  0.0458 -0.0220 0.9878
v  0.0476 -0.0220 0.9859
v  0.0491 -0.0220 0.9838
v  0.0504 -0.0220 0.9815
v  0.0513 -0.0220 0.9791
v  0.0520 -0.0220 0.9766
v  0.0523 -0.0220 0.9741
v  0.0523 -0.0220 0.9715
v  0.0520 -0.0220 0.9689
v  0.0513 -0.0220 0.9664
v  0.0504 -0.0220 0.9640
v  0.0491 -0.0220 0.9617
v  0.0476 -0.0220 0.9596
v  0.0458 -0.0220 0.9577
v  0.0438 -0.0220 0.9561
v  0.0416 -0.0220 0.9547
v  0.0393 -0.0220 0.9536
v  0.0368 -0.0220 0.9528
v  0.0343 -0.0220 0.9523
v  0.0295 -0.0244 0.9552
v  0.0317 -0.0244 0.9551
v  0.0273 -0.0244 0.9556
v  0.0252 -0.0244 0.9563
v  0.0232 -0.0244 0.9573
v  0.0213 -0.0244 0.9584
v  0.0196 -0.0244 0.9599
v  0.0181 -0.0244 0.9615
v  0.0168 -0.0244 0.9633
v  0.0157 -0.0244 0.9652
v  0.0149 -0.0244 0.9673
v  0.0143 -0.0244 0.9695
v  0.0140 -0.0244 0.9717
v  0.0140 -0.0244 0.9739
v  0.0143 -0.0244 0.9761
v  0.0149 -0.0244 0.9782
v  0.0157 -0.0244 0.9803
v  0.0168 -0.0244 0.9823
v  0.0181 -0.0244 0.9841
v  0.0196 -0.0244 0.9857
v  0.0213 -0.0244 0.9871
v  0.0232 -0.0244 0.9883
v  0.0252 -0.0244 0.9892
v  0.0273 -0.0244 0.9899
v  0.0295 -0.0244 0.9903
v  0.0317 -0.0244 0.9905
v  0.0339 -0.0244 0.9903
v  0.0361 -0.0244 0.9899
v  0.0382 -0.0244 0.9892
v  0.0402 -0.0244 0.9883
v  0.0421 -0.0244 0.9871
v  0.0438 -0.0244 0.9857
v  0.0454 -0.0244 0.9841
v  0.0467 -0.0244 0.9823
v  0.0477 -0.0244 0.9803
v  0.0485 -0.0244 0.9782
v  0.0491 -0.0244 0.9761
v  0.0494 -0.0244 0.9739
v  0.0494 -0.0244 0.9717
v  0.0491 -0.0244 0.9695
v  0.0485 -0.0244 0.9673
v  0.0477 -0.0244 0.9652
v  0.0467 -0.0244 0.9633
v  0.0454 -0.0244 0.9615
v  0.0438 -0.0244 0.9599
v  0.0421 -0.0244 0.9584
v  0.0402 -0.0244 0.9573
v  0.0382 -0.0244 0.9563
v  0.0361 -0.0244 0.9556
v  0.0339 -0.0244 0.9552
v  0.0299 -0.0264 0.9584
v  0.0317 -0.0264 0.9583
v  0.0281 -0.0264 0.9587
v  0.0264 -0.0264 0.9593
v  0.0247 -0.0264 0.9601
v  0.0232 -0.0264 0.9610
v  0.0218 -0.0264 0.9622
v  0.0205 -0.0264 0.9635
v  0.0195 -0.0264 0.9650
v  0.0186 -0.0264 0.9666
v  0.0179 -0.0264 0.9683
v  0.0175 -0.0264 0.9701
v  0.0172 -0.0264 0.9719
v  0.0172 -0.0264 0.9737
v  0.0175 -0.0264 0.9755
v  0.0179 -0.0264 0.9773
v  0.0186 -0.0264 0.9789
v  0.0195 -0.0264 0.9805
v  0.0205 -0.0264 0.9820
v  0.0218 -0.0264 0.9833
v  0.0232 -0.0264 0.9845
v  0.0247 -0.0264 0.9855
v  0.0264 -0.0264 0.9863
v  0.0281 -0.0264 0.9868
v  0.0299 -0.0264 0.9872
v  0.0317 -0.0264 0.9873
v  0.0335 -0.0264 0.9872
v  0.0353 -0.0264 0.9868
v  0.0371 -0.0264 0.9863
v  0.0387 -0.0264 0.9855
v  0.0402 -0.0264 0.9845
v  0.0416 -0.0264 0.9833
v  0.0429 -0.0264 0.9820
v  0.0440 -0.0264 0.9805
v  0.0448 -0.0264 0.9789
v  0.0455 -0.0264 0.9773
v  0.0460 -0.0264 0.9755
v  0.0462 -0.0264 0.9737
v  0.0462 -0.0264 0.9719
v  0.0460 -0.0264 0.9701
v  0.0455 -0.0264 0.9683
v  0.0448 -0.0264 0.9666
v  0.0440 -0.0264 0.9650
v  0.0429 -0.0264 0.9635
v  0.0416 -0.0264 0.9622
v  0.0402 -0.0264 0.9610
v  0.0387 -0.0264 0.9601
v  0.0371 -0.0264 0.9593
v  0.0353 -0.0264 0.9587
v  0.0335 -0.0264 0.9584
v  0.0303 -0.0280 0.9618
v  0.0317 -0.0280 0.9617
v  0.0290 -0.0280 0.9620
v  0.0276 -0.0280 0.9625
v  0.0264 -0.0280 0.9631
v  0.0252 -0.0280 0.9638
v  0.0241 -0.0280 0.9647
v  0.0232 -0.0280 0.9657
v  0.0224 -0.0280 0.9668
v  0.0217 -0.0280 0.9680
v  0.0212 -0.0280 0.9693
v  0.0208 -0.0280 0.9707
v  0.0206 -0.0280 0.9721
v  0.0206 -0.0280 0.9735
v  0.0208 -0.0280 0.9748
v  0.0212 -0.0280 0.9762
v  0.0217 -0.0280 0.9775
v  0.0224 -0.0280 0.9787
v  0.0232 -0.0280 0.9798
v  0.0241 -0.0280 0.9809
v  0.0252 -0.0280 0.9817
v  0.0264 -0.0280 0.9825
v  0.0276 -0.0280 0.9831
v  0.0290 -0.0280 0.9835
v  0.0303 -0.0280 0.9838
v  0.0317 -0.0280 0.9839
v  0.0331 -0.0280 0.9838
v  0.0345 -0.0280 0.9835
v  0.0358 -0.0280 0.9831
v  0.0371 -0.0280 0.9825
v  0.0382 -0.0280 0.9817
v  0.0393 -0.0280 0.9809
v  0.0403 -0.0280 0.9798
v  0.0411 -0.0280 0.9787
v  0.0417 -0.0280 0.9775
v  0.0423 -0.0280 0.9762
v  0.0426 -0.0280 0.9748
v  0.0428 -0.0280 0.9735
v  0.0428 -0.0280 0.9721
v  0.0426 -0.0280 0.9707
v  0.0423 -0.0280 0.9693
v  0.0417 -0.0280 0.9680
v  0.0411 -0.0280 0.9668
v  0.0403 -0.0280 0.9657
v  0.0393 -0.0280 0.9647
v  0.0382 -0.0280 0.9638
v  0.0371 -0.0280 0.9631
v  0.0358 -0.0280 0.9625
v  0.0345 -0.0280 0.9620
v  0.0331 -0.0280 0.9618
v  0.0308 -0.0292 0.9653
v  0.0317 -0.0292 0.9653
v  0.0299 -0.0292 0.9655
v  0.0290 -0.0292 0.9658
v  0.0281 -0.0292 0.9662
v  0.0273 -0.0292 0.9667
v  0.0266 -0.0292 0.9673
v  0.0259 -0.0292 0.9680
v  0.0254 -0.0292 0.9688
v  0.0249 -0.0292 0.9696
v  0.0246 -0.0292 0.9705
v  0.0244 -0.0292 0.9714
v  0.0242 -0.0292 0.9723
v  0.0242 -0.0292 0.9732
v  0.0244 -0.0292 0.9742
v  0.0246 -0.0292 0.9751
v  0.0249 -0.0292 0.9760
v  0.0254 -0.0292 0.9768
v  0.0259 -0.0292 0.9775
v  0.0266 -0.0292 0.9782
v  0.0273 -0.0292 0.9788
v  0.0281 -0.0292 0.9793
v  0.0290 -0.0292 0.9797
v  0.0299 -0.0292 0.9800
v  0.0308 -0.0292 0.9802
v  0.0317 -0.0292 0.9803
v  0.0327 -0.0292 0.9802
v  0.0336 -0.0292 0.9800
v  0.0345 -0.0292 0.9797
v  0.0353 -0.0292 0.9793
v  0.0361 -0.0292 0.9788
v  0.0368 -0.0292 0.9782
v  0.0375 -0.0292 0.9775
v  0.0380 -0.0292 0.9768
v  0.0385 -0.0292 0.9760
v  0.0388 -0.0292 0.9751
v  0.0391 -0.0292 0.9742
v  0.0392 -0.0292 0.9732
v  0.0392 -0.0292 0.9723
v  0.0391 -0.0292 0.9714
v  0.0388 -0.0292 0.9705
v  0.0385 -0.0292 0.9696
v  0.0380 -0.0292 0.9688
v  0.0375 -0.0292 0.9680
v  0.0368 -0.0292 0.9673
v  0.0361 -0.0292 0.9667
v  0.0353 -0.0292 0.9662
v  0.0345 -0.0292 0.9658
v  0.0336 -0.0292 0.9655
v  0.0327 -0.0292 0.9653
v  0.0312 -0.0299 0.9690
v  0.0317 -0.0299 0.9690
v  0.0308 -0.0299 0.9691
v  0.0303 -0.0299 0.9693
v  0.0299 -0.0299 0.9695
v  0.0295 -0.0299 0.9697
v  0.0291 -0.0299 0.9700
v  0.0288 -0.0299 0.9704
v  0.0285 -0.0299 0.9707
v  0.0283 -0.0299 0.9712
v  0.0281 -0.0299 0.9716
v  0.0280 -0.0299 0.9721
v  0.0279 -0.0299 0.9725
v  0.0279 -0.0299 0.9730
v  0.0280 -0.0299 0.9735
v  0.0281 -0.0299 0.9739
v  0.0283 -0.0299 0.9744
v  0.0285 -0.0299 0.9748
v  0.0288 -0.0299 0.9752
v  0.0291 -0.0299 0.9755
v  0.0295 -0.0299 0.9758
v  0.0299 -0.0299 0.9761
v  0.0303 -0.0299 0.9763
v  0.0308 -0.0299 0.9764
v  0.0312 -0.0299 0.9765
v  0.0317 -0.0299 0.9765
v  0.0322 -0.0299 0.9765
v  0.0327 -0.0299 0.9764
v  0.0331 -0.0299 0.9763
v  0.0335 -0.0299 0.9761
v  0.0339 -0.0299 0.9758
v  0.0343 -0.0299 0.9755
v  0.0346 -0.0299 0.9752
v  0.0349 -0.0299 0.9748
v  0.0351 -0.0299 0.9744
v  0.0353 -0.0299 0.9739
v  0.0354 -0.0299 0.9735
v  0.0355 -0.0299 0.9730
v  0.0355 -0.0299 0.9725
v  0.0354 -0.0299 0.9721
v  0.0353 -0.0299 0.9716
v  0.0351 -0.0299 0.9712
v  0.0349 -0.0299 0.9707
v  0.0346 -0.0299 0.9704
v  0.0343 -0.0299 0.9700
v  0.0339 -0.0299 0.9697
v  0.0335 -0.0299 0.9695
v  0.0331 -0.0299 0.9693
v  0.0327 -0.0299 0.9691
v  0.0322 -0.0299 0.9690
v  0.0317 -0.0301 0.9728
# 2698 vertices

vn 0.0757 0.0044 -0.9971
vn 0.0678 -0.0238 -0.9974
vn 0.3849 -0.0646 -0.9207
vn 0.0775 0.0200 -0.9968
vn -0.0243 0.0212 0.9995
vn -0.0360 0.0033 0.9993
vn -0.0358 0.0108 0.9993
vn -0.0312 0.0494 0.9983
vn 0.0232 -0.1108 -0.9936
vn 0.2791 -0.1371 -0.9504
vn 0.0207 -0.1474 -0.9889
vn -0.3424 -0.1545 -0.9268
vn -0.8435 -0.2457 -0.4776
vn -0.0202 -0.0024 0.9998
vn -0.0581 0.0075 0.9983
vn -0.1500 0.0079 0.9887
vn -0.2646 0.0114 0.9643
vn -0.3849 -0.0647 -0.9207
vn -0.2308 -0.1467 -0.9619
vn 0.3197 -0.9464 0.0455
vn 0.0225 -0.1541 -0.9878
vn 0.3465 -0.1265 -0.9295
vn 0.9626 -0.2251 0.1510
vn 0.0202 -0.0024 0.9998
vn -0.2720 -0.0142 0.9622
vn 0.1525 -0.0234 0.9880
vn -0.8399 -0.5409 0.0447
vn -0.9334 0.3550 0.0529
vn -0.5575 0.8237 -0.1042
vn 0.9234 -0.1063 -0.3689
vn -0.9418 -0.0455 0.3331
vn -0.9339 -0.1278 0.3340
vn -0.9350 -0.0756 0.3464
vn -0.9234 -0.1063 -0.3689
vn -0.9356 -0.0692 -0.3462
vn -0.9077 -0.0878 -0.4104
vn -0.9165 -0.1415 -0.3741
vn 0.9418 -0.0455 0.3331
vn 0.9350 -0.0756 0.3464
vn 0.9339 -0.1278 0.3340
vn 0.9362 -0.0348 0.3497
vn 0.0368 -0.0362 -0.9987
vn 0.0313 -0.0346 -0.9989
vn 0.0230 -0.0847 -0.9961
vn 0.0268 -0.0459 -0.9986
vn 0.0054 -0.0265 0.9996
vn 0.0033 -0.0265 0.9996
vn 0.0958 -0.0233 0.9951
vn 0.0065 -0.0208 0.9998
vn 0.9562 -0.1196 0.2671
vn 0.0550 -0.1884 -0.9806
vn -0.0958 -0.9948 0.0332
vn 0.3426 -0.9390 0.0312
vn -0.9563 -0.1197 0.2667
vn 0.0957 -0.9949 0.0332
vn -0.0230 -0.0847 -0.9961
vn 0.0001 -0.0193 0.9998
vn -0.0268 -0.0459 -0.9986
vn -0.3426 -0.9390 0.0312
vn -0.0550 -0.1882 -0.9806
vn -0.0342 -0.0346 -0.9988
vn -0.0313 -0.0345 -0.9989
vn -0.0059 -0.0276 0.9996
vn -0.0054 -0.0265 0.9996
vn -0.0065 -0.0208 0.9998
vn 0.4116 -0.0132 -0.9113
vn 0.5114 0.0736 -0.8562
vn 0.8354 0.0322 -0.5486
vn 0.1020 -0.0322 -0.9943
vn 0.1620 0.0031 -0.9868
vn 0.8165 0.0605 -0.5742
vn 0.7700 -0.0030 -0.6381
vn -0.8334 0.0046 0.5527
vn -0.4893 0.0185 0.8719
vn -0.4116 0.0132 0.9113
vn -0.1906 0.0278 0.9813
vn -0.6602 -0.0096 0.7511
vn -0.8994 0.0015 0.4371
vn 0.0361 0.0551 0.9978
vn 0.9975 0.0699 -0.0051
vn 0.6622 0.7491 -0.0196
vn 0.6023 0.7980 -0.0209
vn 0.0460 0.0355 -0.9983
vn 0.5909 0.8064 -0.0239
vn 0.0861 0.0781 0.9932
vn 0.1019 0.0702 -0.9923
vn -0.5909 0.8064 -0.0239
vn -0.1019 0.0696 -0.9924
vn -0.0459 0.0355 -0.9983
vn -0.6023 0.7980 -0.0209
vn -0.9975 0.0699 -0.0051
vn -0.6622 0.7491 -0.0196
vn -0.0861 0.0781 0.9932
vn -0.0361 0.0551 0.9978
vn 0.5013 -0.0344 -0.8646
vn -0.1903 0.0628 -0.9797
vn 0.3830 -0.0520 -0.9223
vn 0.0827 -0.0103 -0.9965
vn 0.0545 -0.0395 -0.9977
vn 0.0598 0.0437 -0.9973
vn 0.0108 -0.0289 -0.9995
vn -0.2556 0.0287 0.9664
vn -0.0530 0.0259 0.9983
vn -0.6688 0.0218 0.7431
vn -0.0874 0.0278 0.9958
vn -0.0108 0.0289 0.9995
vn -0.0739 0.0293 0.9968
vn -0.0829 0.0293 0.9961
vn 0.7789 0.1501 0.6089
vn 0.7958 0.1511 0.5864
vn 0.7439 0.1477 0.6518
vn -0.7455 -0.1377 -0.6522
vn -0.8111 -0.1390 -0.5682
vn 0.8209 0.1525 0.5504
vn -0.7439 -0.1477 -0.6518
vn 0.8104 0.1966 0.5519
vn 0.7883 0.1403 0.5990
vn 0.7455 0.1377 0.6522
vn 0.6978 0.1433 0.7019
vn 0.8042 0.1432 0.5769
vn 0.8161 0.1500 0.5581
vn 0.8154 0.1450 0.5604
vn 0.8315 0.1572 0.5328
vn 0.8853 0.1070 0.4526
vn 0.8398 0.1338 0.5262
vn 0.8053 0.1461 0.5746
vn 0.8418 0.1794 0.5091
vn 0.8021 0.1417 0.5802
vn -0.8109 -0.1527 -0.5649
vn -0.8354 0.0322 -0.5486
vn -0.5114 0.0736 -0.8562
vn -0.4687 -0.0387 -0.8825
vn -0.6602 0.0096 -0.7511
vn -0.8165 0.0605 -0.5742
vn -0.1620 0.0031 -0.9868
vn -0.0937 -0.0285 -0.9952
vn 0.4116 0.0132 0.9113
vn 0.4893 0.0185 0.8719
vn 0.8334 0.0046 0.5527
vn 0.8994 0.0015 0.4371
vn 0.6602 -0.0096 0.7511
vn 0.1906 0.0278 0.9813
vn -0.0108 -0.0289 -0.9995
vn -0.0598 0.0437 -0.9973
vn -0.0545 -0.0395 -0.9977
vn -0.0874 -0.0278 -0.9958
vn 0.1903 0.0628 -0.9797
vn -0.2556 -0.0287 -0.9664
vn -0.5013 -0.0344 -0.8646
vn 0.0108 0.0289 0.9995
vn 0.0829 0.0293 0.9961
vn 0.0739 0.0293 0.9968
vn 0.2556 0.0287 0.9664
vn 0.0530 0.0259 0.9983
vn 0.0874 0.0278 0.9958
vn 0.6688 0.0218 0.7431
vn 0.0562 0.0091 -0.9984
vn 0.0645 0.0190 -0.9977
vn 0.0788 0.0452 -0.9959
vn 0.0495 0.0089 -0.9987
vn 0.0698 0.0164 -0.9974
vn 0.0522 0.0043 -0.9986
vn 0.0618 0.0148 -0.9980
vn 0.0707 0.0282 -0.9971
vn 0.8273 0.0004 -0.5617
vn 0.8668 -0.0137 -0.4985
vn 0.7949 0.0043 -0.6067
vn 0.7886 0.0010 -0.6149
vn 0.7976 -0.0195 -0.6028
vn 0.8008 0.0063 -0.5989
vn 0.6929 0.0140 -0.7209
vn 0.7879 -0.0002 -0.6158
vn 0.7892 0.0009 -0.6142
vn 0.7435 -0.0248 -0.6683
vn 0.7867 -0.0006 -0.6174
vn 0.7892 0.0027 -0.6142
vn 0.7798 -0.0099 -0.6259
vn 0.5158 -0.0027 -0.8567
vn 0.0420 -0.0381 -0.9984
vn 0.0422 -0.0149 -0.9990
vn 0.0431 -0.0096 -0.9990
vn 0.0334 -0.0363 -0.9988
vn 0.0440 -0.0013 -0.9990
vn -0.0526 -0.0031 0.9986
vn -0.0648 -0.0168 0.9978
vn -0.0633 -0.0158 0.9979
vn -0.0562 -0.0091 0.9984
vn -0.0698 -0.0164 0.9974
vn -0.0618 -0.0148 0.9980
vn -0.0592 -0.0150 0.9981
vn -0.0668 -0.0143 0.9977
vn -0.7886 -0.0010 0.6149
vn -0.7949 -0.0043 0.6067
vn -0.7946 -0.0021 0.6071
vn -0.7891 -0.0008 0.6143
vn -0.8004 -0.0016 0.5995
vn -0.7952 -0.0065 0.6063
vn -0.8008 -0.0063 0.5989
vn -0.7879 0.0002 0.6158
vn -0.7866 0.0014 0.6175
vn -0.7867 0.0006 0.6174
vn -0.7892 -0.0009 0.6142
vn -0.7865 0.0021 0.6176
vn -0.7892 -0.0027 0.6142
vn -0.0420 0.0037 0.9991
vn -0.0420 0.0038 0.9991
vn -0.0398 -0.0075 0.9992
vn -0.0431 0.0096 0.9990
vn -0.0440 0.0013 0.9990
vn -0.0440 0.0014 0.9990
vn -0.0416 -0.0101 0.9991
vn -0.7881 0.0001 -0.6156
vn -0.7954 0.0019 -0.6060
vn -0.8667 -0.0137 -0.4987
vn -0.7895 0.0008 -0.6138
vn -0.7989 -0.0194 -0.6011
vn -0.7905 -0.0244 -0.6119
vn -0.7864 -0.0071 -0.6176
vn -0.7867 -0.0006 -0.6173
vn -0.7889 0.0009 -0.6145
vn -0.4566 -0.0088 -0.8896
vn -0.7865 -0.0021 -0.6176
vn -0.6106 -0.0032 -0.7919
vn -0.7896 0.0022 -0.6136
vn -0.4729 0.0136 -0.8810
vn -0.7996 0.0018 -0.6006
vn -0.7987 0.0177 -0.6015
vn -0.0592 0.0156 -0.9981
vn -0.0617 0.0126 -0.9980
vn -0.0722 0.0266 -0.9970
vn -0.0430 -0.0025 -0.9991
vn -0.0506 0.0008 -0.9987
vn -0.0420 -0.0380 -0.9984
vn -0.0474 -0.0174 -0.9987
vn -0.0495 0.0090 -0.9987
vn -0.0334 -0.0363 -0.9988
vn -0.0791 0.0432 -0.9959
vn -0.0659 0.0199 -0.9976
vn -0.0911 0.0378 -0.9951
vn 0.7895 -0.0008 0.6138
vn 0.7954 -0.0019 0.6060
vn 0.7956 -0.0036 0.6059
vn 0.7888 -0.0011 0.6146
vn 0.8015 -0.0009 0.5979
vn 0.7867 0.0006 0.6173
vn 0.7866 0.0014 0.6175
vn 0.7892 -0.0009 0.6141
vn 0.7865 0.0021 0.6176
vn 0.7892 -0.0028 0.6141
vn 0.7881 0.0001 0.6156
vn 0.7957 -0.0054 0.6056
vn 0.8015 -0.0028 0.5979
vn 0.0522 -0.0046 0.9986
vn 0.0617 -0.0126 0.9980
vn 0.0632 -0.0137 0.9979
vn 0.0525 -0.0040 0.9986
vn 0.0666 -0.0068 0.9978
vn 0.0430 0.0025 0.9991
vn 0.0420 0.0037 0.9991
vn 0.0398 -0.0079 0.9992
vn 0.0525 -0.0033 0.9986
vn 0.0440 0.0013 0.9990
vn 0.0416 -0.0105 0.9991
vn 0.0647 -0.0147 0.9978
vn 0.0695 -0.0093 0.9975
vn 0.1973 0.0833 -0.9768
vn 0.1839 0.0778 -0.9799
vn 0.0000 0.0799 -0.9968
vn 0.1968 0.1079 -0.9745
vn 0.1988 0.1018 -0.9747
vn 0.2053 0.0983 -0.9738
vn 0.1713 0.0661 -0.9830
vn 0.5402 0.0982 -0.8358
vn 0.4593 0.0753 -0.8851
vn 0.0838 0.0657 -0.9943
vn 0.1606 0.0530 -0.9856
vn 0.1606 0.0551 -0.9855
vn -0.1867 -0.0773 0.9794
vn -0.1867 -0.0824 0.9790
vn -0.1991 -0.0894 0.9759
vn -0.1865 -0.0872 0.9786
vn -0.1988 -0.1018 0.9747
vn -0.1698 -0.0668 0.9832
vn -0.1750 -0.0699 0.9821
vn -0.1794 -0.0700 0.9813
vn -0.1606 -0.0530 0.9856
vn -0.1593 -0.0546 0.9857
vn -0.1973 0.0833 -0.9768
vn -0.2034 0.0957 -0.9744
vn -0.4916 0.0997 -0.8651
vn -0.1968 0.1079 -0.9745
vn -0.5539 0.0806 -0.8287
vn -0.1793 0.0743 -0.9810
vn -0.1736 0.0685 -0.9824
vn -0.0838 0.0657 -0.9943
vn -0.1606 0.0530 -0.9856
vn -0.1606 0.0551 -0.9855
vn 0.1991 -0.0894 0.9759
vn 0.1988 -0.1018 0.9747
vn 0.1713 -0.0657 0.9830
vn 0.1793 -0.0743 0.9810
vn 0.1792 -0.0786 0.9807
vn 0.1696 -0.0613 0.9836
vn 0.1794 -0.0700 0.9813
vn 0.1594 -0.0528 0.9858
vn 0.1606 -0.0551 0.9855
vn 0.1591 0.0528 -0.9859
vn -0.0000 0.0499 -0.9988
vn 0.1448 0.0479 -0.9883
vn 0.1591 0.0545 -0.9858
vn 0.3945 0.0682 -0.9163
vn 0.1467 0.0383 -0.9884
vn 0.1443 0.0432 -0.9886
vn -0.1591 -0.0520 0.9859
vn -0.1452 -0.0494 0.9882
vn -0.1591 -0.0528 0.9859
vn -0.1452 -0.0502 0.9881
vn -0.1591 -0.0536 0.9858
vn -0.1452 -0.0510 0.9881
vn -0.1450 -0.0434 0.9885
vn -0.1449 -0.0452 0.9884
vn -0.1591 0.0545 -0.9858
vn -0.1448 0.0479 -0.9883
vn -0.3945 0.0682 -0.9163
vn -0.1602 0.0553 -0.9855
vn -0.1443 0.0432 -0.9886
vn -0.1591 0.0528 -0.9859
vn -0.1467 0.0383 -0.9884
vn 0.1452 -0.0502 0.9881
vn 0.1591 -0.0545 0.9858
vn 0.1602 -0.0553 0.9855
vn 0.1452 -0.0510 0.9881
vn 0.1449 -0.0452 0.9884
vn 0.1452 -0.0494 0.9882
vn 0.1450 -0.0434 0.9885
vn 0.0000 0.2117 -0.9773
vn 0.0000 -0.7867 -0.6173
vn 1.0000 0.0000 -0.0000
vn -1.0000 0.0000 -0.0000
vn -0.2404 -0.9703 0.0272
vn -0.2508 -0.9678 0.0214
vn -0.2518 -0.9676 0.0208
vn -0.2671 -0.9635 0.0167
vn -0.2523 -0.9674 0.0238
vn -0.2517 -0.9674 0.0281
vn -0.2230 -0.9741 0.0386
vn 0.2518 -0.9676 0.0208
vn 0.2508 -0.9678 0.0214
vn 0.2404 -0.9703 0.0272
vn 0.2523 -0.9674 0.0238
vn 0.2671 -0.9635 0.0167
vn 0.2230 -0.9741 0.0386
vn 0.2517 -0.9674 0.0281
vn -0.9921 -0.1255 0.0014
vn -0.9780 -0.1229 -0.1687
vn -0.9921 -0.1255 0.0012
vn 0.9921 -0.1256 0.0031
vn 0.9921 -0.1253 -0.0055
vn 0.9780 -0.1178 -0.1722
vn -0.9772 -0.1244 0.1720
vn 0.9772 -0.1293 0.1686
vn -0.6198 0.2639 0.7390
vn -0.7715 0.2575 0.5819
vn -0.7728 0.1836 0.6076
vn 0.6198 0.2639 0.7390
vn 0.6168 0.2078 0.7592
vn 0.7787 0.1864 0.5990
vn -0.0965 -0.0074 0.9953
vn -0.1894 0.0721 0.9793
vn 0.0000 1.0000 0.0000
vn -0.2821 0.0003 0.9594
vn -0.6116 -0.0837 -0.7867
vn -0.3103 -0.1347 -0.9410
vn 0.6117 -0.0837 -0.7867
vn 0.2759 -0.1417 -0.9507
vn 0.7352 -0.0738 0.6738
vn 0.2818 0.0002 0.9595
vn -0.0206 0.0058 0.9998
vn -0.0138 0.0033 0.9999
vn -0.4696 -0.0227 0.8826
vn -0.0145 -0.0302 0.9994
vn -0.6435 -0.7654 0.0082
vn -0.0000 -0.0653 0.9979
vn -0.3814 -0.0602 0.9225
vn -0.4120 -0.0307 0.9106
vn -0.0000 -0.0323 0.9995
vn 0.3814 -0.0602 0.9225
vn 0.4120 -0.0307 0.9106
vn -0.3168 0.2870 0.9040
vn -0.3291 0.2601 0.9078
vn -0.5655 0.2685 0.7798
vn 0.9479 0.1592 0.2760
vn 0.8031 0.1222 0.5831
vn 0.9629 0.1525 -0.2227
vn 0.9672 0.1507 0.2046
vn 0.9433 0.1361 -0.3027
vn 0.8884 0.1207 -0.4430
vn 0.8874 0.1295 -0.4425
vn 0.7553 0.1254 -0.6433
vn -0.8887 0.1250 -0.4412
vn -0.9639 0.1504 -0.2199
vn -0.9482 0.1371 -0.2867
vn -0.8811 0.1226 -0.4567
vn -0.7533 0.1208 -0.6465
vn 0.9554 0.2575 0.1445
vn 0.9867 0.0691 0.1468
vn 0.7212 0.0178 -0.6925
vn 0.7042 0.2124 -0.6775
vn 0.9964 0.0556 0.0636
vn 0.7231 0.0135 -0.6906
vn 0.8701 0.4583 0.1814
vn 0.6531 0.0954 -0.7513
vn -0.7212 0.0178 -0.6925
vn -0.9867 0.0691 0.1468
vn -0.9554 0.2575 0.1445
vn -0.7042 0.2124 -0.6775
vn -0.9964 0.0556 0.0636
vn -0.7231 0.0135 -0.6906
vn -0.6531 0.0954 -0.7513
vn -0.8701 0.4583 0.1814
vn 0.8229 0.0136 -0.5680
vn 0.8069 0.0138 -0.5905
vn -0.8229 0.0136 -0.5680
vn -0.8070 0.0138 -0.5904
vn 0.5245 0.0331 -0.8508
vn 0.7749 0.6316 0.0236
vn 1.0000 -0.0061 0.0000
vn 0.1894 0.0721 0.9793
vn 0.0965 -0.0074 0.9953
vn 0.0138 0.0033 0.9999
vn 0.0066 -0.0279 0.9996
vn 0.0478 0.0027 -0.9989
vn 0.0494 -0.0274 -0.9984
vn 0.6512 -0.0404 -0.7578
vn -0.0215 -0.0510 -0.9985
vn 0.0307 -0.0272 -0.9992
vn 0.0371 -0.0346 -0.9987
vn 0.0463 0.0110 -0.9989
vn 0.0145 -0.0302 0.9994
vn 0.0206 0.0058 0.9998
vn 0.6435 -0.7654 0.0082
vn -0.0463 0.0110 -0.9989
vn -0.0307 -0.0272 -0.9992
vn -0.0383 -0.0367 -0.9986
vn -0.0477 0.0028 -0.9989
vn -0.6499 -0.0406 -0.7589
vn -0.0394 -0.0544 -0.9977
vn -0.5244 0.0330 -0.8508
vn -0.7749 0.6316 0.0236
vn 0.8558 0.4041 0.3229
vn 0.3916 0.0310 0.9196
vn 0.3841 0.0170 0.9231
vn 0.3090 0.0302 0.9506
vn -0.8558 0.4041 0.3229
vn -0.8031 0.1222 0.5831
vn -0.3916 0.0310 0.9196
vn -0.3841 0.0170 0.9231
vn -0.3090 0.0302 0.9506
vn 0.8951 0.0296 0.4448
vn 0.8456 0.0041 0.5338
vn 0.8079 0.0216 0.5890
vn 0.8587 0.0736 0.5072
vn -0.8456 0.0041 0.5338
vn -0.8951 0.0296 0.4448
vn -0.8569 0.0780 0.5095
vn -0.8074 0.0215 0.5896
vn -0.7007 -0.0339 0.7126
vn -0.7103 -0.0190 0.7036
vn -0.5005 -0.0568 0.8639
vn -0.5744 -0.0410 0.8175
vn -0.2968 -0.0689 0.9524
vn -0.3475 -0.0625 0.9356
vn -0.0000 -0.0787 0.9969
vn -0.0000 -0.0763 0.9971
vn 0.2968 -0.0689 0.9524
vn 0.3475 -0.0625 0.9356
vn 0.5005 -0.0568 0.8639
vn 0.5744 -0.0410 0.8175
vn 0.7103 -0.0190 0.7036
vn 0.7007 -0.0339 0.7126
vn 0.0987 0.0488 -0.9939
vn -0.6705 -0.0549 -0.7399
vn -0.7146 -0.0398 -0.6984
vn 0.6736 -0.0542 -0.7371
vn 0.7617 -0.0075 -0.6479
vn 0.7908 -0.0321 -0.6112
vn -0.0000 0.1204 -0.9927
vn -0.5270 0.1258 -0.8405
vn 0.5270 0.1258 -0.8405
vn -0.3348 0.0692 -0.9397
vn 0.0000 0.0486 -0.9988
vn -0.1472 0.0434 -0.9882
vn 0.0000 0.0387 -0.9993
vn 0.3348 0.0692 -0.9397
vn 0.1472 0.0434 -0.9882
vn -0.6926 0.1184 -0.7115
vn -0.7845 0.0830 -0.6146
vn 0.7992 0.0824 -0.5953
vn 0.6984 0.1220 -0.7052
vn -0.8262 0.1047 -0.5536
vn 0.8269 0.1018 -0.5530
vn 0.4337 0.0971 -0.8958
vn -0.4337 0.0971 -0.8958
vn -0.6202 0.0422 -0.7833
vn -0.7299 0.0704 -0.6799
vn 0.7299 0.0704 -0.6799
vn 0.6202 0.0422 -0.7833
vn 0.8881 0.0356 0.4583
vn 0.8880 0.0288 0.4590
vn 0.9116 0.0000 0.4111
vn 0.8643 0.0500 0.5005
vn 0.8552 0.0369 0.5171
vn -0.3321 0.1651 -0.9287
vn -0.7654 0.2288 -0.6015
vn -0.7013 0.4107 -0.5828
vn -0.8552 0.0369 0.5171
vn -0.8643 0.0500 0.5005
vn -0.8880 0.0288 0.4590
vn -0.8881 0.0356 0.4583
vn -0.9116 0.0000 0.4111
vn 0.7654 0.2288 -0.6015
vn 0.7013 0.4107 -0.5828
vn 0.3321 0.1651 -0.9287
vn 0.9233 0.1133 0.3669
vn 0.8816 0.0999 0.4613
vn 0.9740 0.1424 0.1764
vn 0.8643 0.1275 0.4865
vn 0.9800 0.1375 0.1440
vn 0.9813 0.1693 0.0914
vn 0.0000 -1.0000 -0.0000
vn -0.9225 -0.1177 0.3676
vn -0.9272 -0.0341 0.3731
vn 0.9037 -0.0835 -0.4198
vn 0.9061 -0.1860 -0.3799
vn 0.8948 -0.1703 -0.4127
vn 0.9419 -0.0187 -0.3355
vn -0.8267 0.2428 0.5075
vn -0.8642 0.1714 0.4731
vn -0.9182 0.0164 0.3957
vn -0.1030 -0.9027 -0.4178
vn 0.2131 -0.0154 0.9769
vn 0.9655 0.1582 -0.2067
vn 0.9554 0.0125 -0.2952
vn 0.9651 0.1096 -0.2376
vn -0.9252 -0.0153 0.3793
vn 0.9530 -0.0014 -0.3031
vn 0.9225 -0.1177 0.3676
vn 0.9272 -0.0341 0.3731
vn -0.8948 -0.1703 -0.4127
vn -0.9419 -0.0187 -0.3355
vn 0.9182 0.0164 0.3957
vn 0.8642 0.1714 0.4731
vn 0.8267 0.2428 0.5075
vn -0.2131 -0.0154 0.9769
vn 0.1030 -0.9027 -0.4178
vn -0.9554 0.0125 -0.2952
vn -0.9655 0.1582 -0.2067
vn -0.9651 0.1096 -0.2376
vn 0.1860 0.0132 -0.9825
vn 0.0000 0.0308 -0.9995
vn -0.1860 0.0132 -0.9825
vn -0.3003 0.0619 0.9518
vn 0.3003 0.0619 0.9518
vn -0.3910 -0.1920 -0.9001
vn -0.6739 -0.2640 -0.6900
vn -0.8459 -0.2945 -0.4447
vn -0.5851 -0.1440 -0.7981
vn -0.1294 -0.3544 -0.9261
vn -0.3464 -0.1090 -0.9317
vn -0.0877 -0.1844 -0.9789
vn -0.1463 -0.1113 -0.9830
vn 0.3910 -0.1920 -0.9001
vn 0.3464 -0.1090 -0.9317
vn 0.1463 -0.1113 -0.9830
vn 0.0877 -0.1844 -0.9789
vn -0.1573 -0.0603 -0.9857
vn -0.3431 -0.0717 -0.9366
vn -0.4919 -0.0722 -0.8677
vn 0.1573 -0.0603 -0.9857
vn 0.3431 -0.0717 -0.9366
vn -0.8301 -0.0110 -0.5575
vn -0.8620 0.0000 -0.5068
vn 0.8058 -0.0041 -0.5922
vn 0.7978 0.0222 -0.6026
vn -0.8953 0.1027 -0.4335
vn -0.9704 0.1245 -0.2071
vn -0.9661 0.1113 -0.2331
vn 0.9704 0.1245 -0.2071
vn 0.8953 0.1027 -0.4335
vn 0.9661 0.1113 -0.2331
vn 0.4297 -0.2235 -0.8749
vn 0.8190 -0.4385 0.3700
vn 0.1294 -0.3544 -0.9261
vn -0.4297 -0.2235 -0.8749
vn -0.8190 -0.4385 0.3700
vn -0.2237 -0.0230 -0.9744
vn 0.0000 -0.0097 -1.0000
vn 0.2237 -0.0230 -0.9744
vn 0.2015 -0.1589 -0.9665
vn -0.1134 -0.1824 -0.9767
vn 0.8456 -0.2946 -0.4451
vn 0.3389 -0.1487 -0.9290
vn 0.6739 -0.2640 -0.6900
vn 0.5851 -0.1440 -0.7981
vn 0.3565 -0.2617 -0.8969
vn 0.3338 -0.1412 -0.9320
vn -0.0000 -0.2606 -0.9654
vn 0.0000 -0.1410 -0.9900
vn 0.4320 -0.0921 -0.8971
vn 0.5324 -0.0867 -0.8420
vn 0.3180 -0.0681 -0.9456
vn -0.0000 -0.0575 -0.9983
vn 0.5201 -0.0722 -0.8511
vn 0.3014 -0.0484 -0.9523
vn 0.0000 -0.0293 -0.9996
vn 0.5025 -0.0547 -0.8628
vn 0.4901 -0.0484 -0.8703
vn -0.3904 0.1322 -0.9111
vn -0.3737 0.1220 -0.9195
vn -0.5760 0.2499 -0.7783
vn -0.2653 0.0567 -0.9625
vn 0.9311 0.1081 -0.3483
vn 0.8250 0.1118 -0.5539
vn 0.9212 0.0951 -0.3774
vn -0.0000 0.1737 -0.9848
vn 0.5207 0.1676 -0.8371
vn 0.7972 0.1422 -0.5868
vn 0.8979 0.1227 -0.4228
vn -0.0000 0.2344 -0.9721
vn 0.4987 0.2275 -0.8364
vn 0.7623 0.2114 -0.6118
vn 0.8625 0.2044 -0.4629
vn 0.9656 0.2532 0.0586
vn 0.0000 0.3240 -0.9460
vn 0.4787 0.3159 -0.8192
vn 0.7390 0.3073 -0.5996
vn 0.8236 0.3040 -0.4789
vn 0.9275 0.3685 0.0624
vn 0.0000 0.4117 -0.9113
vn 0.6222 0.3475 -0.7016
vn 0.9021 0.4299 -0.0380
vn -0.0000 0.1970 -0.9804
vn 0.7064 0.1958 -0.6802
vn 0.9712 0.2380 0.0121
vn -0.0039 0.9998 -0.0190
vn -0.2312 -0.1534 -0.9608
vn 0.1134 -0.1824 -0.9767
vn 0.3379 -0.1835 -0.9231
vn -0.3389 -0.1487 -0.9290
vn -0.3338 -0.1412 -0.9320
vn -0.3565 -0.2617 -0.8969
vn -0.4320 -0.0921 -0.8971
vn -0.5324 -0.0867 -0.8420
vn -0.3180 -0.0681 -0.9456
vn -0.5201 -0.0722 -0.8511
vn -0.3014 -0.0484 -0.9523
vn -0.5025 -0.0547 -0.8628
vn -0.1248 -0.0424 -0.9913
vn -0.0649 0.0554 -0.9964
vn 0.5760 0.2499 -0.7783
vn 0.3737 0.1220 -0.9195
vn 0.3904 0.1322 -0.9111
vn 0.2653 0.0567 -0.9625
vn -0.9477 0.1597 0.2763
vn -0.9664 0.1467 0.2113
vn -0.9327 0.1131 -0.3425
vn -0.9733 0.1442 0.1784
vn -0.8250 0.1118 -0.5539
vn -0.9212 0.0951 -0.3774
vn -0.9808 0.1328 0.1428
vn -0.5207 0.1676 -0.8371
vn -0.7972 0.1422 -0.5868
vn -0.8979 0.1227 -0.4228
vn -0.9809 0.1676 0.0986
vn -0.4987 0.2275 -0.8364
vn -0.7623 0.2114 -0.6118
vn -0.8625 0.2044 -0.4629
vn -0.9656 0.2532 0.0586
vn -0.4787 0.3159 -0.8192
vn -0.7390 0.3073 -0.5996
vn -0.8236 0.3040 -0.4789
vn -0.9275 0.3685 0.0624
vn -0.6222 0.3475 -0.7016
vn -0.9021 0.4299 -0.0380
vn -0.7064 0.1958 -0.6802
vn -0.9712 0.2380 0.0121
vn 0.3682 -0.0452 0.9287
vn 0.1954 -0.0342 0.9801
vn 0.2351 -0.0079 0.9719
vn 0.4106 -0.0154 0.9117
vn 0.1597 -0.0269 0.9868
vn -0.3682 -0.0452 0.9287
vn -0.6309 -0.0349 0.7750
vn -0.6269 -0.0106 0.7790
vn -0.4106 -0.0154 0.9117
vn -0.1954 -0.0342 0.9801
vn -0.2351 -0.0079 0.9719
vn -0.1597 -0.0269 0.9868
vn -0.6123 0.0556 0.7887
vn -0.8096 0.0932 0.5795
vn -0.8233 0.1258 0.5535
vn -0.8838 0.1004 0.4569
vn -0.9232 0.0785 0.3761
vn -0.9451 0.0655 0.3202
vn -0.8834 0.1318 0.4496
vn -0.9321 0.1051 0.3466
vn 0.0190 -0.0869 0.9960
vn 0.0278 -0.0837 0.9961
vn -0.0190 -0.0869 0.9960
vn -0.0278 -0.0837 0.9961
vn -0.9234 0.1232 0.3636
vn -0.9189 0.1026 0.3810
vn -0.9188 0.1029 0.3811
vn 0.9147 -0.1160 -0.3872
vn 0.9188 -0.1029 -0.3811
vn 0.9189 -0.1026 -0.3810
vn 0.9188 0.1029 0.3811
vn 0.9189 0.1026 0.3810
vn 0.8301 0.1398 0.5399
vn -0.9189 -0.1026 -0.3810
vn -0.9188 -0.1029 -0.3811
vn -0.9147 -0.1160 -0.3872
vn -0.2397 -0.1605 0.9575
vn -0.6384 -0.1195 0.7604
vn -0.1062 -0.0682 0.9920
vn -0.0000 0.2091 0.9779
vn -0.6724 0.2136 0.7087
vn -0.5875 0.3972 0.7050
vn -0.0000 0.4121 0.9111
vn -0.4285 0.3692 0.8247
vn 0.0000 0.3601 0.9329
vn -0.6987 0.3616 0.6173
vn 0.0002 0.2956 0.9553
vn -0.1730 0.3001 0.9381
vn -0.3759 0.2878 0.8808
vn -0.6106 0.2027 0.7656
vn -0.0010 0.2815 0.9596
vn -0.0063 0.3015 0.9535
vn -0.8057 0.1618 0.5698
vn -0.7683 0.1463 0.6231
vn -0.8411 0.1825 0.5092
vn -0.6398 0.1672 0.7501
vn -0.6916 0.1291 0.7107
vn -0.8404 0.1652 0.5161
vn -0.7228 -0.0077 0.6910
vn -0.7345 -0.0277 0.6781
vn -0.6513 -0.0115 0.7588
vn -0.6250 -0.0347 0.7799
vn -0.4000 -0.0210 0.9163
vn -0.3648 -0.0498 0.9298
vn 0.0000 -0.0266 0.9996
vn 0.0000 -0.0568 0.9984
vn -0.4493 -0.0013 0.8934
vn -0.6635 -0.0045 0.7481
vn -0.7513 -0.0155 0.6598
vn -0.6672 -0.0263 0.7445
vn 0.0082 -0.0476 0.9988
vn -0.7695 -0.0951 0.6315
vn -0.8808 -0.2245 0.4168
vn -0.3546 -0.1078 0.9288
vn -0.6363 -0.0921 0.7659
vn -0.6736 -0.2261 0.7037
vn -0.3672 -0.2310 0.9010
vn 0.0000 -0.1158 0.9933
vn 0.0000 -0.2348 0.9720
vn -0.2060 -0.0159 0.9784
vn -0.1734 -0.0233 0.9846
vn -1.0000 -0.0061 0.0000
vn -0.4929 0.0098 0.8700
vn -0.7284 0.0005 0.6852
vn -0.8081 -0.0150 0.5888
vn -0.6727 -0.0404 0.7388
vn -0.5285 0.0056 0.8489
vn -0.7680 -0.0008 0.6405
vn -0.8400 -0.0078 0.5425
vn 0.6384 -0.1195 0.7604
vn 0.2397 -0.1605 0.9575
vn 0.1062 -0.0682 0.9920
vn -0.1549 -0.0554 0.9864
vn 0.6724 0.2136 0.7087
vn 0.5875 0.3972 0.7050
vn 0.4285 0.3692 0.8247
vn 0.6987 0.3616 0.6173
vn 0.1730 0.3004 0.9380
vn 0.3760 0.2890 0.8804
vn 0.3448 0.2608 0.9017
vn 0.5808 0.2722 0.7671
vn 0.3207 0.2846 0.9034
vn 0.7865 0.1628 0.5958
vn 0.7715 0.2575 0.5819
vn 0.7798 0.1408 0.6100
vn 0.7255 0.1555 0.6704
vn 0.6653 0.1523 0.7309
vn 0.7473 0.1346 0.6508
vn 0.8417 0.2550 0.4760
vn 0.9089 0.1845 0.3740
vn 0.9322 0.1522 0.3285
vn 0.8081 -0.0150 0.5888
vn 0.7284 0.0005 0.6852
vn 0.7666 -0.0012 0.6422
vn 0.8400 -0.0078 0.5425
vn 0.6727 -0.0404 0.7388
vn 0.6142 0.0560 0.7871
vn 0.8096 0.0932 0.5795
vn 0.8221 0.1218 0.5562
vn 0.9459 0.0831 0.3138
vn 0.9243 0.0751 0.3741
vn 0.8255 0.1189 0.5517
vn 0.5273 0.0053 0.8497
vn 0.4493 -0.0013 0.8934
vn 0.4929 0.0098 0.8700
vn 0.6635 -0.0045 0.7481
vn 0.7513 -0.0155 0.6598
vn 0.6672 -0.0263 0.7445
vn 0.2051 -0.0160 0.9786
vn 0.9163 0.0086 -0.4004
vn -0.0082 -0.0476 0.9988
vn 0.1734 -0.0233 0.9846
vn 0.6309 -0.0349 0.7750
vn 0.7695 -0.0951 0.6315
vn 0.7345 -0.0277 0.6781
vn 0.6363 -0.0921 0.7659
vn 0.6250 -0.0347 0.7799
vn 0.3546 -0.1078 0.9288
vn 0.3648 -0.0498 0.9298
vn 0.6269 -0.0106 0.7790
vn 0.7228 -0.0077 0.6910
vn 0.6513 -0.0115 0.7588
vn 0.4000 -0.0210 0.9163
vn 0.8810 -0.2243 0.4165
vn 0.6736 -0.2261 0.7037
vn 0.3672 -0.2310 0.9010
vn 0.8823 -0.1075 -0.4582
vn 0.8836 -0.1070 -0.4559
vn 0.6678 -0.1810 -0.7220
vn 0.6803 -0.1776 -0.7111
vn 0.2960 -0.2539 -0.9208
vn 0.3042 -0.2527 -0.9185
vn 0.0000 -0.2764 -0.9610
vn -0.3042 -0.2527 -0.9185
vn -0.2960 -0.2539 -0.9208
vn -0.6803 -0.1776 -0.7111
vn -0.6678 -0.1810 -0.7220
vn -0.8836 -0.1070 -0.4559
vn -0.8823 -0.1075 -0.4582
vn -0.8836 0.1070 0.4559
vn -0.8823 0.1075 0.4582
vn -0.6803 0.1776 0.7111
vn -0.6678 0.1810 0.7220
vn -0.3042 0.2527 0.9185
vn -0.2960 0.2539 0.9208
vn 0.0000 0.2764 0.9610
vn 0.2960 0.2539 0.9208
vn 0.3042 0.2527 0.9185
vn 0.6678 0.1810 0.7220
vn 0.6803 0.1776 0.7111
vn 0.8823 0.1075 0.4582
vn 0.8836 0.1070 0.4559
vn 0.3238 0.0442 0.9451
vn 0.9990 0.0419 0.0165
vn -0.3386 0.3274 0.8821
vn 0.0000 0.5721 0.8202
vn 0.3383 0.3271 0.8823
vn -0.9990 0.0419 0.0165
vn 0.0000 -0.9308 -0.3655
vn 0.6573 0.1879 0.7298
vn -0.6576 0.1878 0.7296
vn -0.0000 -0.8835 0.4685
vn 0.9285 0.0482 -0.3682
vn 0.6557 0.6316 -0.4136
vn 0.7101 0.7039 0.0194
vn -0.0000 0.0056 1.0000
vn 0.0000 0.0053 1.0000
vn -0.0001 0.0057 1.0000
vn 0.0005 0.0062 1.0000
vn 0.9422 0.0671 0.3281
vn 0.0009 0.8840 -0.4676
vn 0.0004 0.9869 -0.1615
vn -0.9384 0.0678 0.3389
vn -0.2743 0.9269 0.2562
vn -0.3766 0.8493 0.3699
vn 0.0008 0.9586 0.2848
vn 0.3765 0.8510 0.3660
vn 0.2740 0.9278 0.2531
vn -0.0014 0.9842 0.1772
vn 0.0417 -0.9762 0.2129
vn 0.0860 -0.9587 0.2710
vn 0.0001 -0.9788 0.2047
vn -0.0861 -0.9584 0.2722
vn -0.0417 -0.9761 0.2133
vn 0.0001 0.0057 1.0000
vn -0.0005 0.0062 1.0000
vn 0.9806 -0.0212 0.1950
vn 0.9818 -0.0333 0.1869
vn 0.9812 -0.0275 0.1908
vn 0.9798 -0.0147 0.1994
vn 0.0000 -0.9935 -0.1136
vn -0.9812 -0.0275 0.1908
vn -0.9818 -0.0333 0.1869
vn -0.9806 -0.0212 0.1950
vn -0.9798 -0.0147 0.1994
vn 0.0000 -0.0910 0.9958
vn 0.0000 0.9953 0.0969
vn 0.5352 0.6032 0.5914
vn 0.7075 0.0776 0.7024
vn 0.9991 0.0239 0.0360
vn 0.5552 -0.4936 0.6694
vn 0.7120 -0.6949 0.1010
vn 0.6190 -0.7250 -0.3020
vn -0.7088 0.0775 0.7012
vn -0.5388 0.6014 0.5899
vn -0.7146 0.6994 0.0165
vn -0.9992 0.0244 0.0315
vn -0.7165 -0.6906 0.0985
vn -0.5594 -0.4917 0.6673
vn -0.6585 0.6262 -0.4174
vn -0.9284 0.0499 -0.3681
vn -0.6234 -0.7207 -0.3032
vn 0.0013 0.7683 0.6401
vn 0.0011 -0.6604 0.7509
vn 0.0007 -0.9962 0.0872
vn 0.0011 -0.9768 -0.2142
vn 0.0012 0.0748 0.9972
vn 0.0000 0.7810 0.6245
vn 0.0000 0.6742 0.7385
vn 0.0000 0.8394 0.5435
vn 0.0000 0.8894 0.4572
vn 0.0000 0.9015 0.4329
vn -0.0000 0.2865 0.9581
vn 0.0000 0.2737 0.9618
vn 0.0000 0.2201 0.9755
vn 0.0000 0.1792 0.9838
vn 0.0000 0.2720 0.9623
vn -0.0000 0.2913 0.9566
vn 0.0000 -0.3248 0.9458
vn 0.3619 -0.3248 0.8738
vn 0.6688 -0.3248 0.6688
vn 0.8772 -0.3230 0.3553
vn 0.9475 -0.3199 -0.0014
vn 0.9475 -0.3199 -0.0006
vn 0.8767 -0.3233 -0.3562
vn 0.6688 -0.3248 -0.6688
vn 0.3619 -0.3248 -0.8738
vn -0.0000 -0.3248 -0.9458
vn -0.3619 -0.3248 -0.8738
vn -0.6688 -0.3248 -0.6688
vn -0.8772 -0.3230 -0.3553
vn -0.9475 -0.3199 0.0014
vn -0.9475 -0.3199 0.0006
vn -0.8767 -0.3233 0.3562
vn -0.6688 -0.3248 0.6688
vn -0.3619 -0.3248 0.8738
vn 0.0000 0.0088 -1.0000
vn 0.3827 0.0088 -0.9238
vn 0.7071 0.0088 -0.7071
vn 0.9238 0.0088 -0.3827
vn 1.0000 0.0088 -0.0000
vn 0.9238 0.0088 0.3827
vn 0.7071 0.0088 0.7071
vn 0.3827 0.0088 0.9238
vn 0.0000 0.0088 1.0000
vn -0.3827 0.0088 0.9238
vn -0.7071 0.0088 0.7071
vn -0.9238 0.0088 0.3827
vn -1.0000 0.0088 -0.0000
vn -0.9238 0.0088 -0.3827
vn -0.7071 0.0088 -0.7071
vn -0.3827 0.0088 -0.9238
vn 0.4996 -0.8662 0.0120
vn -0.4996 -0.8662 0.0120
vn 0.0000 -0.0675 0.9977
vn 0.0000 -0.0753 0.9972
vn 0.3792 -0.0758 0.9222
vn 0.3881 -0.0657 0.9193
vn 0.5949 -0.0809 0.7997
vn 0.6198 -0.0623 0.7823
vn 0.7624 -0.0846 0.6416
vn 0.7949 -0.0506 0.6047
vn 0.8875 -0.0692 0.4557
vn 0.8948 -0.0269 0.4457
vn 0.9235 -0.0151 0.3833
vn 0.4030 -0.0141 0.9151
vn 0.0000 -0.0059 1.0000
vn 0.6702 -0.0087 0.7422
vn 0.8525 0.0225 0.5223
vn 0.9148 0.0470 0.4011
vn -0.3881 -0.0657 0.9193
vn -0.4030 -0.0141 0.9151
vn -0.6198 -0.0623 0.7823
vn -0.6702 -0.0087 0.7422
vn -0.7949 -0.0506 0.6047
vn -0.8525 0.0225 0.5223
vn -0.8948 -0.0269 0.4457
vn -0.9148 0.0470 0.4011
vn -0.3792 -0.0758 0.9222
vn -0.5949 -0.0809 0.7997
vn -0.7624 -0.0846 0.6416
vn -0.8875 -0.0692 0.4557
vn -0.9235 -0.0151 0.3833
vn 0.9195 0.0537 0.3894
vn -0.9195 0.0537 0.3894
vn -0.2048 0.1220 0.9712
vn 0.0000 0.2050 0.9788
vn -0.3667 0.1911 0.9105
vn -0.3897 0.1065 0.9148
vn 0.3667 0.1911 0.9105
vn 0.2048 0.1220 0.9712
vn 0.3897 0.1065 0.9148
vn -0.9185 0.0885 0.3854
vn -0.9156 0.0877 0.3925
vn -0.9169 0.1641 0.3637
vn -0.9144 0.1999 0.3519
vn -0.9118 0.1667 0.3754
vn -0.9134 0.1083 0.3924
vn -0.9163 0.1091 0.3852
vn 0.9163 0.1091 0.3852
vn 0.9185 0.0885 0.3854
vn 0.9156 0.0877 0.3925
vn 0.9134 0.1083 0.3924
vn 0.9118 0.1667 0.3754
vn 0.9144 0.1999 0.3519
vn 0.9169 0.1641 0.3637
vn 0.7999 0.3870 0.4587
vn 0.8599 0.3604 0.3614
vn 0.6711 0.4877 0.5584
vn 0.3634 0.5578 0.7462
vn 0.5009 0.5194 0.6924
vn 0.2146 0.5431 0.8118
vn -0.0004 0.5678 0.8232
vn 0.1802 0.5455 0.8185
vn 0.9061 0.2319 0.3537
vn 0.8327 0.2951 0.4685
vn 0.5857 0.4207 0.6928
vn 0.2368 0.4967 0.8350
vn 0.0000 0.5107 0.8598
vn 0.8718 0.2314 0.4318
vn 0.6533 0.3694 0.6609
vn 0.2743 0.4706 0.8386
vn 0.1096 0.4874 0.8663
vn 0.8856 0.1200 0.4486
vn 0.8825 0.0894 0.4617
vn 0.7218 0.1518 0.6752
vn 0.7055 0.0897 0.7030
vn -0.6602 0.4964 0.5636
vn -0.8599 0.3604 0.3614
vn -0.7999 0.3870 0.4587
vn -0.4950 0.5245 0.6927
vn -0.3652 0.5640 0.7406
vn -0.2191 0.5450 0.8093
vn -0.1895 0.5473 0.8152
vn -0.9061 0.2319 0.3537
vn -0.8327 0.2951 0.4685
vn -0.5857 0.4207 0.6928
vn -0.2368 0.4967 0.8350
vn -0.8718 0.2314 0.4318
vn -0.6533 0.3694 0.6609
vn -0.2743 0.4706 0.8386
vn -0.1096 0.4874 0.8663
vn -0.8825 0.0894 0.4617
vn -0.8856 0.1200 0.4486
vn -0.7055 0.0897 0.7030
vn -0.7218 0.1518 0.6752
vn -0.9147 0.1160 0.3872
vn 0.9147 0.1160 0.3872
vn -0.8355 0.1241 0.5352
vn -0.4711 0.2234 0.8533
vn -0.1192 0.2745 0.9542
vn 0.9228 0.0896 0.3748
vn -0.9228 0.0896 0.3748
vn 0.1192 0.2745 0.9542
vn 0.4711 0.2234 0.8533
vn 0.8355 0.1241 0.5352
vn -0.0000 0.9877 -0.1563
vn -0.0239 0.9877 -0.1544
vn -0.0472 0.9877 -0.1490
vn -0.0693 0.9877 -0.1401
vn -0.0899 0.9877 -0.1278
vn -0.1084 0.9877 -0.1126
vn -0.1243 0.9877 -0.0947
vn -0.1373 0.9877 -0.0747
vn -0.1471 0.9877 -0.0528
vn -0.1534 0.9877 -0.0298
vn -0.1562 0.9877 -0.0060
vn -0.1553 0.9877 0.0179
vn -0.1507 0.9877 0.0414
vn -0.1426 0.9877 0.0639
vn -0.1312 0.9877 0.0849
vn -0.1167 0.9877 0.1040
vn -0.0994 0.9877 0.1206
vn -0.0799 0.9877 0.1343
vn -0.0584 0.9877 0.1450
vn -0.0356 0.9877 0.1522
vn -0.0120 0.9877 0.1558
vn 0.0120 0.9877 0.1558
vn 0.0356 0.9877 0.1522
vn 0.0584 0.9877 0.1450
vn 0.0799 0.9877 0.1343
vn 0.0994 0.9877 0.1206
vn 0.1167 0.9877 0.1040
vn 0.1312 0.9877 0.0850
vn 0.1426 0.9877 0.0639
vn 0.1507 0.9877 0.0414
vn 0.1553 0.9877 0.0179
vn 0.1562 0.9877 -0.0060
vn 0.1534 0.9877 -0.0298
vn 0.1471 0.9877 -0.0528
vn 0.1373 0.9877 -0.0747
vn 0.1243 0.9877 -0.0947
vn 0.1084 0.9877 -0.1126
vn 0.0899 0.9877 -0.1278
vn 0.0693 0.9877 -0.1401
vn 0.0472 0.9877 -0.1490
vn 0.0239 0.9877 -0.1544
vn -0.0466 0.9523 -0.3015
vn -0.0000 0.9523 -0.3051
vn -0.0921 0.9523 -0.2908
vn -0.1353 0.9523 -0.2734
vn -0.1755 0.9523 -0.2495
vn -0.2115 0.9523 -0.2198
vn -0.2426 0.9523 -0.1849
vn -0.2680 0.9523 -0.1457
vn -0.2871 0.9523 -0.1031
vn -0.2995 0.9523 -0.0581
vn -0.3048 0.9523 -0.0117
vn -0.3031 0.9523 0.0350
vn -0.2942 0.9523 0.0808
vn -0.2784 0.9523 0.1248
vn -0.2561 0.9523 0.1658
vn -0.2277 0.9523 0.2030
vn -0.1941 0.9523 0.2354
vn -0.1559 0.9523 0.2622
vn -0.1140 0.9523 0.2829
vn -0.0695 0.9523 0.2970
vn -0.0233 0.9523 0.3042
vn 0.0233 0.9523 0.3042
vn 0.0695 0.9523 0.2970
vn 0.1140 0.9523 0.2829
vn 0.1559 0.9523 0.2622
vn 0.1941 0.9523 0.2354
vn 0.2277 0.9523 0.2030
vn 0.2561 0.9523 0.1658
vn 0.2784 0.9523 0.1248
vn 0.2942 0.9523 0.0808
vn 0.3031 0.9523 0.0350
vn 0.3048 0.9523 -0.0117
vn 0.2995 0.9523 -0.0581
vn 0.2871 0.9523 -0.1031
vn 0.2680 0.9523 -0.1457
vn 0.2426 0.9523 -0.1849
vn 0.2115 0.9523 -0.2198
vn 0.1755 0.9523 -0.2495
vn 0.1354 0.9523 -0.2734
vn 0.0921 0.9523 -0.2908
vn 0.0466 0.9523 -0.3015
vn -0.0682 0.8947 -0.4415
vn -0.0000 0.8947 -0.4467
vn -0.1348 0.8947 -0.4259
vn -0.1982 0.8947 -0.4004
vn -0.2570 0.8947 -0.3654
vn -0.3098 0.8947 -0.3219
vn -0.3553 0.8947 -0.2708
vn -0.3925 0.8947 -0.2134
vn -0.4204 0.8947 -0.1510
vn -0.4386 0.8947 -0.0851
vn -0.4464 0.8947 -0.0171
vn -0.4438 0.8947 0.0512
vn -0.4308 0.8947 0.1184
vn -0.4077 0.8947 0.1827
vn -0.3750 0.8947 0.2428
vn -0.3335 0.8947 0.2972
vn -0.2842 0.8947 0.3447
vn -0.2283 0.8947 0.3840
vn -0.1670 0.8947 0.4143
vn -0.1018 0.8947 0.4350
vn -0.0342 0.8947 0.4454
vn 0.0342 0.8947 0.4454
vn 0.1018 0.8947 0.4350
vn 0.1670 0.8947 0.4143
vn 0.2283 0.8947 0.3840
vn 0.2842 0.8947 0.3447
vn 0.3335 0.8947 0.2972
vn 0.3750 0.8947 0.2428
vn 0.4077 0.8947 0.1828
vn 0.4308 0.8947 0.1184
vn 0.4438 0.8947 0.0512
vn 0.4464 0.8947 -0.0171
vn 0.4386 0.8947 -0.0851
vn 0.4204 0.8947 -0.1510
vn 0.3925 0.8947 -0.2134
vn 0.3553 0.8947 -0.2708
vn 0.3098 0.8947 -0.3219
vn 0.2570 0.8947 -0.3654
vn 0.1982 0.8947 -0.4004
vn 0.1348 0.8947 -0.4259
vn 0.0682 0.8947 -0.4415
vn -0.0882 0.8162 -0.5710
vn -0.0000 0.8162 -0.5778
vn -0.1743 0.8162 -0.5508
vn -0.2564 0.8162 -0.5178
vn -0.3324 0.8162 -0.4726
vn -0.4007 0.8162 -0.4163
vn -0.4595 0.8162 -0.3503
vn -0.5076 0.8162 -0.2760
vn -0.5438 0.8162 -0.1953
vn -0.5672 0.8162 -0.1100
vn -0.5774 0.8162 -0.0221
vn -0.5740 0.8162 0.0663
vn -0.5571 0.8162 0.1531
vn -0.5272 0.8162 0.2364
vn -0.4850 0.8162 0.3141
vn -0.4314 0.8162 0.3844
vn -0.3676 0.8162 0.4458
vn -0.2953 0.8162 0.4966
vn -0.2160 0.8162 0.5359
vn -0.1317 0.8162 0.5626
vn -0.0442 0.8162 0.5761
vn 0.0442 0.8162 0.5761
vn 0.1316 0.8162 0.5626
vn 0.2160 0.8162 0.5359
vn 0.2953 0.8162 0.4966
vn 0.3676 0.8162 0.4458
vn 0.4314 0.8162 0.3844
vn 0.4850 0.8162 0.3141
vn 0.5272 0.8162 0.2364
vn 0.5571 0.8162 0.1531
vn 0.5740 0.8162 0.0663
vn 0.5774 0.8162 -0.0221
vn 0.5672 0.8162 -0.1100
vn 0.5438 0.8162 -0.1953
vn 0.5076 0.8162 -0.2760
vn 0.4595 0.8162 -0.3503
vn 0.4007 0.8162 -0.4163
vn 0.3324 0.8162 -0.4726
vn 0.2564 0.8162 -0.5178
vn 0.1743 0.8162 -0.5509
vn 0.0882 0.8162 -0.5710
vn -0.1061 0.7187 -0.6872
vn -0.0000 0.7187 -0.6954
vn -0.2098 0.7187 -0.6630
vn -0.3086 0.7187 -0.6232
vn -0.4001 0.7186 -0.5688
vn -0.4822 0.7186 -0.5010
vn -0.5530 0.7187 -0.4216
vn -0.6109 0.7187 -0.3322
vn -0.6544 0.7187 -0.2350
vn -0.6826 0.7187 -0.1324
vn -0.6949 0.7187 -0.0266
vn -0.6908 0.7187 0.0797
vn -0.6705 0.7187 0.1843
vn -0.6345 0.7187 0.2844
vn -0.5837 0.7187 0.3780
vn -0.5191 0.7187 0.4626
vn -0.4424 0.7187 0.5365
vn -0.3553 0.7187 0.5977
vn -0.2599 0.7186 0.6450
vn -0.1584 0.7186 0.6771
vn -0.0532 0.7186 0.6933
vn 0.0532 0.7186 0.6933
vn 0.1584 0.7186 0.6771
vn 0.2599 0.7186 0.6450
vn 0.3553 0.7187 0.5977
vn 0.4424 0.7187 0.5365
vn 0.5191 0.7187 0.4626
vn 0.5837 0.7187 0.3780
vn 0.6345 0.7187 0.2845
vn 0.6705 0.7187 0.1843
vn 0.6908 0.7187 0.0798
vn 0.6949 0.7187 -0.0266
vn 0.6826 0.7187 -0.1324
vn 0.6544 0.7187 -0.2350
vn 0.6109 0.7187 -0.3322
vn 0.5530 0.7187 -0.4216
vn 0.4822 0.7187 -0.5010
vn 0.4001 0.7187 -0.5688
vn 0.3085 0.7187 -0.6232
vn 0.2098 0.7187 -0.6630
vn 0.1062 0.7187 -0.6872
vn -0.1216 0.6044 -0.7873
vn -0.0000 0.6044 -0.7967
vn -0.2404 0.6044 -0.7595
vn -0.3535 0.6044 -0.7139
vn -0.4583 0.6044 -0.6516
vn -0.5524 0.6044 -0.5740
vn -0.6336 0.6044 -0.4830
vn -0.6999 0.6044 -0.3806
vn -0.7498 0.6044 -0.2693
vn -0.7821 0.6044 -0.1517
vn -0.7961 0.6044 -0.0305
vn -0.7914 0.6044 0.0914
vn -0.7682 0.6044 0.2111
vn -0.7270 0.6044 0.3259
vn -0.6687 0.6044 0.4330
vn -0.5948 0.6044 0.5300
vn -0.5069 0.6044 0.6146
vn -0.4071 0.6044 0.6848
vn -0.2978 0.6044 0.7389
vn -0.1815 0.6044 0.7757
vn -0.0610 0.6044 0.7943
vn 0.0610 0.6044 0.7943
vn 0.1815 0.6044 0.7757
vn 0.2978 0.6044 0.7389
vn 0.4071 0.6044 0.6848
vn 0.5069 0.6044 0.6146
vn 0.5948 0.6044 0.5300
vn 0.6687 0.6044 0.4330
vn 0.7270 0.6044 0.3259
vn 0.7682 0.6044 0.2111
vn 0.7914 0.6044 0.0914
vn 0.7961 0.6044 -0.0305
vn 0.7821 0.6044 -0.1517
vn 0.7498 0.6044 -0.2693
vn 0.6999 0.6044 -0.3806
vn 0.6336 0.6044 -0.4830
vn 0.5524 0.6044 -0.5740
vn 0.4583 0.6044 -0.6516
vn 0.3535 0.6044 -0.7139
vn 0.2404 0.6044 -0.7595
vn 0.1216 0.6044 -0.7873
vn -0.1342 0.4762 -0.8690
vn -0.0000 0.4762 -0.8794
vn -0.2653 0.4762 -0.8384
vn -0.3902 0.4762 -0.7880
vn -0.5059 0.4762 -0.7193
vn -0.6098 0.4762 -0.6336
vn -0.6993 0.4762 -0.5331
vn -0.7725 0.4762 -0.4201
vn -0.8276 0.4762 -0.2972
vn -0.8633 0.4762 -0.1674
vn -0.8787 0.4762 -0.0337
vn -0.8736 0.4762 0.1008
vn -0.8479 0.4762 0.2330
vn -0.8024 0.4762 0.3597
vn -0.7381 0.4762 0.4780
vn -0.6565 0.4762 0.5850
vn -0.5595 0.4762 0.6784
vn -0.4494 0.4762 0.7559
vn -0.3287 0.4762 0.8156
vn -0.2004 0.4762 0.8562
vn -0.0673 0.4762 0.8768
vn 0.0673 0.4762 0.8768
vn 0.2004 0.4762 0.8562
vn 0.3287 0.4762 0.8156
vn 0.4494 0.4762 0.7559
vn 0.5595 0.4762 0.6784
vn 0.6565 0.4762 0.5851
vn 0.7381 0.4762 0.4780
vn 0.8024 0.4762 0.3597
vn 0.8479 0.4762 0.2330
vn 0.8736 0.4762 0.1008
vn 0.8787 0.4762 -0.0337
vn 0.8633 0.4762 -0.1674
vn 0.8276 0.4762 -0.2972
vn 0.7725 0.4762 -0.4201
vn 0.6993 0.4762 -0.5331
vn 0.6098 0.4762 -0.6336
vn 0.5059 0.4762 -0.7193
vn 0.3902 0.4762 -0.7880
vn 0.2653 0.4762 -0.8384
vn 0.1342 0.4762 -0.8690
vn -0.1437 0.3368 -0.9305
vn -0.0000 0.3368 -0.9416
vn -0.2841 0.3368 -0.8977
vn -0.4178 0.3368 -0.8438
vn -0.5417 0.3368 -0.7701
vn -0.6529 0.3368 -0.6784
vn -0.7488 0.3368 -0.5708
vn -0.8272 0.3368 -0.4498
vn -0.8861 0.3368 -0.3183
vn -0.9243 0.3368 -0.1793
vn -0.9409 0.3368 -0.0361
vn -0.9353 0.3368 0.1080
vn -0.9079 0.3368 0.2495
vn -0.8592 0.3368 0.3852
vn -0.7903 0.3368 0.5118
vn -0.7029 0.3368 0.6264
vn -0.5991 0.3368 0.7264
vn -0.4811 0.3368 0.8093
vn -0.3520 0.3368 0.8733
vn -0.2145 0.3369 0.9168
vn -0.0721 0.3369 0.9388
vn 0.0721 0.3369 0.9388
vn 0.2145 0.3368 0.9168
vn 0.3520 0.3368 0.8733
vn 0.4812 0.3368 0.8093
vn 0.5991 0.3368 0.7264
vn 0.7029 0.3368 0.6265
vn 0.7903 0.3368 0.5118
vn 0.8592 0.3368 0.3852
vn 0.9079 0.3368 0.2495
vn 0.9354 0.3368 0.1080
vn 0.9409 0.3368 -0.0361
vn 0.9243 0.3368 -0.1793
vn 0.8861 0.3368 -0.3183
vn 0.8272 0.3368 -0.4498
vn 0.7488 0.3368 -0.5708
vn 0.6529 0.3368 -0.6784
vn 0.5417 0.3368 -0.7701
vn 0.4178 0.3368 -0.8438
vn 0.2841 0.3368 -0.8977
vn 0.1437 0.3368 -0.9305
vn -0.1499 0.1897 -0.9703
vn -0.0000 0.1897 -0.9818
vn -0.2963 0.1897 -0.9361
vn -0.4357 0.1897 -0.8799
vn -0.5649 0.1897 -0.8031
vn -0.6808 0.1897 -0.7074
vn -0.7808 0.1897 -0.5952
vn -0.8626 0.1897 -0.4690
vn -0.9240 0.1897 -0.3319
vn -0.9639 0.1897 -0.1869
vn -0.9811 0.1897 -0.0376
vn -0.9754 0.1897 0.1126
vn -0.9467 0.1897 0.2602
vn -0.8959 0.1897 0.4016
vn -0.8241 0.1897 0.5337
vn -0.7330 0.1897 0.6532
vn -0.6247 0.1897 0.7575
vn -0.5017 0.1897 0.8440
vn -0.3670 0.1897 0.9107
vn -0.2237 0.1897 0.9560
vn -0.0752 0.1897 0.9790
vn 0.0752 0.1897 0.9790
vn 0.2237 0.1897 0.9560
vn 0.3670 0.1897 0.9107
vn 0.5017 0.1897 0.8440
vn 0.6247 0.1897 0.7575
vn 0.7330 0.1897 0.6532
vn 0.8241 0.1897 0.5337
vn 0.8959 0.1897 0.4016
vn 0.9467 0.1897 0.2602
vn 0.9754 0.1897 0.1126
vn 0.9811 0.1897 -0.0376
vn 0.9639 0.1897 -0.1869
vn 0.9240 0.1897 -0.3319
vn 0.8626 0.1897 -0.4690
vn 0.7809 0.1897 -0.5952
vn 0.6808 0.1897 -0.7074
vn 0.5649 0.1897 -0.8031
vn 0.4357 0.1897 -0.8799
vn 0.2963 0.1897 -0.9361
vn 0.1499 0.1897 -0.9703
vn -0.1525 0.0381 -0.9876
vn -0.0000 0.0381 -0.9993
vn -0.3015 0.0382 -0.9527
vn -0.4434 0.0382 -0.8955
vn -0.5749 0.0382 -0.8173
vn -0.6929 0.0382 -0.7200
vn -0.7947 0.0382 -0.6058
vn -0.8779 0.0382 -0.4774
vn -0.9405 0.0382 -0.3378
vn -0.9810 0.0382 -0.1903
vn -0.9985 0.0382 -0.0383
vn -0.9927 0.0382 0.1146
vn -0.9636 0.0382 0.2648
vn -0.9118 0.0382 0.4088
vn -0.8388 0.0382 0.5432
vn -0.7460 0.0382 0.6648
vn -0.6358 0.0382 0.7709
vn -0.5106 0.0382 0.8590
vn -0.3735 0.0381 0.9268
vn -0.2277 0.0381 0.9730
vn -0.0765 0.0381 0.9963
vn 0.0765 0.0381 0.9963
vn 0.2277 0.0381 0.9730
vn 0.3735 0.0381 0.9268
vn 0.5106 0.0382 0.8589
vn 0.6358 0.0382 0.7709
vn 0.7460 0.0382 0.6648
vn 0.8387 0.0382 0.5432
vn 0.9118 0.0382 0.4088
vn 0.9636 0.0382 0.2648
vn 0.9927 0.0382 0.1146
vn 0.9985 0.0382 -0.0383
vn 0.9810 0.0382 -0.1903
vn 0.9405 0.0382 -0.3378
vn 0.8779 0.0382 -0.4774
vn 0.7947 0.0382 -0.6058
vn 0.6929 0.0382 -0.7200
vn 0.5749 0.0382 -0.8173
vn 0.4434 0.0382 -0.8955
vn 0.3015 0.0382 -0.9527
vn 0.1525 0.0381 -0.9876
vn -0.1517 -0.1143 -0.9818
vn -0.0000 -0.1143 -0.9934
vn -0.2997 -0.1143 -0.9472
vn -0.4408 -0.1143 -0.8903
vn -0.5715 -0.1143 -0.8126
vn -0.6889 -0.1143 -0.7158
vn -0.7901 -0.1143 -0.6023
vn -0.8728 -0.1143 -0.4746
vn -0.9350 -0.1143 -0.3358
vn -0.9753 -0.1143 -0.1891
vn -0.9927 -0.1143 -0.0381
vn -0.9869 -0.1143 0.1139
vn -0.9579 -0.1143 0.2632
vn -0.9065 -0.1143 0.4064
vn -0.8339 -0.1143 0.5400
vn -0.7417 -0.1143 0.6610
vn -0.6321 -0.1143 0.7664
vn -0.5077 -0.1143 0.8539
vn -0.3714 -0.1143 0.9214
vn -0.2264 -0.1143 0.9673
vn -0.0761 -0.1143 0.9905
vn 0.0761 -0.1143 0.9905
vn 0.2264 -0.1143 0.9673
vn 0.3714 -0.1143 0.9214
vn 0.5077 -0.1143 0.8539
vn 0.6321 -0.1143 0.7664
vn 0.7417 -0.1143 0.6610
vn 0.8339 -0.1143 0.5400
vn 0.9065 -0.1143 0.4064
vn 0.9579 -0.1143 0.2632
vn 0.9869 -0.1143 0.1139
vn 0.9927 -0.1143 -0.0381
vn 0.9753 -0.1143 -0.1891
vn 0.9350 -0.1143 -0.3358
vn 0.8728 -0.1143 -0.4746
vn 0.7901 -0.1143 -0.6022
vn 0.6889 -0.1143 -0.7158
vn 0.5715 -0.1143 -0.8126
vn 0.4408 -0.1143 -0.8903
vn 0.2997 -0.1143 -0.9472
vn 0.1516 -0.1143 -0.9818
vn -0.1472 -0.2640 -0.9532
vn -0.0000 -0.2640 -0.9645
vn -0.2910 -0.2640 -0.9196
vn -0.4280 -0.2640 -0.8644
vn -0.5549 -0.2640 -0.7889
vn -0.6688 -0.2640 -0.6950
vn -0.7671 -0.2640 -0.5847
vn -0.8473 -0.2640 -0.4608
vn -0.9077 -0.2640 -0.3260
vn -0.9469 -0.2640 -0.1836
vn -0.9638 -0.2640 -0.0369
vn -0.9582 -0.2640 0.1106
vn -0.9300 -0.2640 0.2556
vn -0.8801 -0.2640 0.3946
vn -0.8096 -0.2640 0.5243
vn -0.7201 -0.2640 0.6417
vn -0.6137 -0.2640 0.7441
vn -0.4929 -0.2640 0.8291
vn -0.3605 -0.2640 0.8946
vn -0.2198 -0.2640 0.9391
vn -0.0738 -0.2640 0.9617
vn 0.0738 -0.2640 0.9617
vn 0.2198 -0.2640 0.9391
vn 0.3605 -0.2640 0.8946
vn 0.4929 -0.2640 0.8291
vn 0.6137 -0.2640 0.7441
vn 0.7201 -0.2640 0.6417
vn 0.8096 -0.2640 0.5243
vn 0.8801 -0.2640 0.3945
vn 0.9300 -0.2640 0.2556
vn 0.9581 -0.2640 0.1106
vn 0.9638 -0.2640 -0.0369
vn 0.9469 -0.2640 -0.1836
vn 0.9077 -0.2640 -0.3260
vn 0.8473 -0.2640 -0.4608
vn 0.7671 -0.2640 -0.5847
vn 0.6688 -0.2640 -0.6949
vn 0.5549 -0.2640 -0.7889
vn 0.4280 -0.2640 -0.8644
vn 0.2910 -0.2640 -0.9196
vn 0.1472 -0.2640 -0.9532
vn -0.1394 -0.4077 -0.9024
vn -0.0000 -0.4077 -0.9131
vn -0.2755 -0.4077 -0.8706
vn -0.4052 -0.4077 -0.8183
vn -0.5253 -0.4077 -0.7469
vn -0.6332 -0.4077 -0.6579
vn -0.7262 -0.4077 -0.5535
vn -0.8022 -0.4077 -0.4362
vn -0.8594 -0.4077 -0.3087
vn -0.8964 -0.4077 -0.1738
vn -0.9125 -0.4077 -0.0350
vn -0.9071 -0.4077 0.1047
vn -0.8805 -0.4077 0.2420
vn -0.8332 -0.4077 0.3735
vn -0.7664 -0.4077 0.4963
vn -0.6817 -0.4077 0.6075
vn -0.5810 -0.4077 0.7045
vn -0.4666 -0.4077 0.7849
vn -0.3413 -0.4077 0.8469
vn -0.2080 -0.4077 0.8891
vn -0.0699 -0.4077 0.9104
vn 0.0699 -0.4077 0.9104
vn 0.2080 -0.4077 0.8891
vn 0.3413 -0.4077 0.8469
vn 0.4666 -0.4077 0.7849
vn 0.5810 -0.4077 0.7045
vn 0.6817 -0.4077 0.6075
vn 0.7664 -0.4077 0.4963
vn 0.8332 -0.4077 0.3735
vn 0.8805 -0.4077 0.2420
vn 0.9071 -0.4077 0.1047
vn 0.9125 -0.4077 -0.0350
vn 0.8964 -0.4077 -0.1739
vn 0.8594 -0.4077 -0.3086
vn 0.8022 -0.4077 -0.4362
vn 0.7262 -0.4077 -0.5536
vn 0.6332 -0.4077 -0.6579
vn 0.5253 -0.4077 -0.7469
vn 0.4052 -0.4077 -0.8183
vn 0.2755 -0.4077 -0.8706
vn 0.1394 -0.4077 -0.9024
vn -0.1283 -0.5419 -0.8306
vn -0.0000 -0.5419 -0.8405
vn -0.2536 -0.5419 -0.8013
vn -0.3729 -0.5419 -0.7532
vn -0.4835 -0.5419 -0.6874
vn -0.5828 -0.5419 -0.6056
vn -0.6684 -0.5419 -0.5095
vn -0.7383 -0.5419 -0.4015
vn -0.7910 -0.5419 -0.2841
vn -0.8251 -0.5419 -0.1600
vn -0.8398 -0.5419 -0.0322
vn -0.8349 -0.5419 0.0964
vn -0.8104 -0.5419 0.2227
vn -0.7669 -0.5419 0.3438
vn -0.7054 -0.5419 0.4568
vn -0.6274 -0.5419 0.5592
vn -0.5347 -0.5419 0.6484
vn -0.4295 -0.5419 0.7224
vn -0.3142 -0.5419 0.7795
vn -0.1915 -0.5419 0.8183
vn -0.0643 -0.5419 0.8380
vn 0.0643 -0.5419 0.8380
vn 0.1915 -0.5419 0.8183
vn 0.3142 -0.5419 0.7795
vn 0.4295 -0.5419 0.7224
vn 0.5347 -0.5419 0.6484
vn 0.6274 -0.5419 0.5592
vn 0.7054 -0.5419 0.4568
vn 0.7669 -0.5419 0.3438
vn 0.8104 -0.5419 0.2227
vn 0.8349 -0.5419 0.0964
vn 0.8398 -0.5419 -0.0322
vn 0.8251 -0.5419 -0.1600
vn 0.7910 -0.5419 -0.2841
vn 0.7383 -0.5419 -0.4015
vn 0.6684 -0.5419 -0.5095
vn 0.5828 -0.5419 -0.6056
vn 0.4835 -0.5419 -0.6874
vn 0.3729 -0.5419 -0.7532
vn 0.2536 -0.5419 -0.8013
vn 0.1283 -0.5419 -0.8306
vn -0.1142 -0.6635 -0.7394
vn -0.0000 -0.6635 -0.7482
vn -0.2258 -0.6635 -0.7133
vn -0.3320 -0.6635 -0.6705
vn -0.4304 -0.6635 -0.6120
vn -0.5188 -0.6635 -0.5391
vn -0.5950 -0.6635 -0.4536
vn -0.6573 -0.6635 -0.3574
vn -0.7042 -0.6635 -0.2529
vn -0.7345 -0.6635 -0.1425
vn -0.7477 -0.6635 -0.0287
vn -0.7433 -0.6635 0.0858
vn -0.7215 -0.6635 0.1983
vn -0.6827 -0.6635 0.3061
vn -0.6280 -0.6635 0.4067
vn -0.5586 -0.6635 0.4978
vn -0.4760 -0.6635 0.5772
vn -0.3823 -0.6635 0.6431
vn -0.2797 -0.6635 0.6940
vn -0.1705 -0.6635 0.7285
vn -0.0573 -0.6635 0.7460
vn 0.0573 -0.6635 0.7460
vn 0.1705 -0.6635 0.7285
vn 0.2797 -0.6635 0.6940
vn 0.3824 -0.6635 0.6431
vn 0.4760 -0.6635 0.5772
vn 0.5586 -0.6635 0.4978
vn 0.6280 -0.6635 0.4067
vn 0.6827 -0.6635 0.3061
vn 0.7215 -0.6635 0.1983
vn 0.7433 -0.6635 0.0858
vn 0.7477 -0.6635 -0.0287
vn 0.7345 -0.6635 -0.1425
vn 0.7042 -0.6635 -0.2529
vn 0.6573 -0.6635 -0.3574
vn 0.5950 -0.6635 -0.4536
vn 0.5188 -0.6635 -0.5391
vn 0.4305 -0.6635 -0.6120
vn 0.3320 -0.6635 -0.6705
vn 0.2258 -0.6635 -0.7133
vn 0.1142 -0.6635 -0.7394
vn -0.0975 -0.7696 -0.6310
vn -0.0000 -0.7696 -0.6385
vn -0.1927 -0.7696 -0.6087
vn -0.2833 -0.7696 -0.5722
vn -0.3673 -0.7696 -0.5222
vn -0.4428 -0.7696 -0.4600
vn -0.5078 -0.7696 -0.3871
vn -0.5609 -0.7696 -0.3050
vn -0.6009 -0.7696 -0.2158
vn -0.6268 -0.7696 -0.1216
vn -0.6380 -0.7696 -0.0245
vn -0.6343 -0.7696 0.0732
vn -0.6157 -0.7696 0.1692
vn -0.5826 -0.7696 0.2612
vn -0.5359 -0.7696 0.3471
vn -0.4767 -0.7696 0.4248
vn -0.4062 -0.7696 0.4926
vn -0.3263 -0.7696 0.5488
vn -0.2387 -0.7696 0.5922
vn -0.1455 -0.7696 0.6217
vn -0.0489 -0.7696 0.6366
vn 0.0489 -0.7696 0.6366
vn 0.1455 -0.7696 0.6217
vn 0.2387 -0.7696 0.5922
vn 0.3263 -0.7696 0.5488
vn 0.4062 -0.7696 0.4926
vn 0.4767 -0.7696 0.4248
vn 0.5359 -0.7696 0.3471
vn 0.5826 -0.7696 0.2612
vn 0.6157 -0.7696 0.1692
vn 0.6343 -0.7696 0.0732
vn 0.6380 -0.7696 -0.0245
vn 0.6268 -0.7696 -0.1216
vn 0.6009 -0.7696 -0.2158
vn 0.5609 -0.7696 -0.3050
vn 0.5078 -0.7696 -0.3871
vn 0.4428 -0.7696 -0.4600
vn 0.3673 -0.7696 -0.5222
vn 0.2833 -0.7696 -0.5722
vn 0.1927 -0.7696 -0.6087
vn 0.0975 -0.7696 -0.6310
vn -0.0784 -0.8580 -0.5077
vn -0.0000 -0.8580 -0.5137
vn -0.1550 -0.8580 -0.4898
vn -0.2280 -0.8579 -0.4604
vn -0.2956 -0.8579 -0.4202
vn -0.3562 -0.8579 -0.3702
vn -0.4086 -0.8579 -0.3114
vn -0.4513 -0.8579 -0.2454
vn -0.4835 -0.8579 -0.1737
vn -0.5043 -0.8579 -0.0978
vn -0.5134 -0.8579 -0.0197
vn -0.5103 -0.8579 0.0589
vn -0.4954 -0.8579 0.1361
vn -0.4688 -0.8579 0.2101
vn -0.4312 -0.8579 0.2793
vn -0.3835 -0.8579 0.3418
vn -0.3269 -0.8579 0.3964
vn -0.2625 -0.8579 0.4416
vn -0.1920 -0.8579 0.4765
vn -0.1171 -0.8579 0.5002
vn -0.0393 -0.8579 0.5122
vn 0.0393 -0.8579 0.5122
vn 0.1171 -0.8579 0.5002
vn 0.1920 -0.8579 0.4765
vn 0.2625 -0.8580 0.4416
vn 0.3269 -0.8579 0.3963
vn 0.3835 -0.8579 0.3418
vn 0.4312 -0.8579 0.2792
vn 0.4688 -0.8579 0.2101
vn 0.4954 -0.8579 0.1361
vn 0.5103 -0.8579 0.0589
vn 0.5134 -0.8579 -0.0197
vn 0.5043 -0.8579 -0.0978
vn 0.4835 -0.8579 -0.1736
vn 0.4513 -0.8579 -0.2454
vn 0.4086 -0.8579 -0.3114
vn 0.3562 -0.8579 -0.3702
vn 0.2956 -0.8579 -0.4202
vn 0.2280 -0.8580 -0.4604
vn 0.1550 -0.8580 -0.4898
vn 0.0784 -0.8580 -0.5077
vn -0.0575 -0.9262 -0.3726
vn -0.0000 -0.9262 -0.3770
vn -0.1137 -0.9262 -0.3594
vn -0.1673 -0.9262 -0.3379
vn -0.2169 -0.9262 -0.3084
vn -0.2614 -0.9262 -0.2717
vn -0.2998 -0.9262 -0.2286
vn -0.3312 -0.9262 -0.1801
vn -0.3548 -0.9262 -0.1274
vn -0.3701 -0.9262 -0.0718
vn -0.3767 -0.9262 -0.0144
vn -0.3745 -0.9262 0.0432
vn -0.3635 -0.9262 0.0999
vn -0.3440 -0.9262 0.1542
vn -0.3165 -0.9262 0.2049
vn -0.2815 -0.9262 0.2508
vn -0.2399 -0.9262 0.2909
vn -0.1927 -0.9262 0.3241
vn -0.1409 -0.9262 0.3497
vn -0.0859 -0.9262 0.3671
vn -0.0289 -0.9262 0.3759
vn 0.0289 -0.9262 0.3759
vn 0.0859 -0.9262 0.3671
vn 0.1409 -0.9262 0.3497
vn 0.1927 -0.9262 0.3241
vn 0.2399 -0.9262 0.2909
vn 0.2815 -0.9262 0.2508
vn 0.3165 -0.9262 0.2049
vn 0.3440 -0.9262 0.1542
vn 0.3635 -0.9262 0.0999
vn 0.3745 -0.9262 0.0432
vn 0.3767 -0.9262 -0.0144
vn 0.3701 -0.9262 -0.0718
vn 0.3548 -0.9262 -0.1274
vn 0.3312 -0.9262 -0.1801
vn 0.2998 -0.9262 -0.2285
vn 0.2614 -0.9262 -0.2716
vn 0.2169 -0.9262 -0.3084
vn 0.1673 -0.9262 -0.3379
vn 0.1138 -0.9262 -0.3594
vn 0.0575 -0.9262 -0.3726
vn -0.0326 -0.9769 -0.2112
vn -0.0000 -0.9769 -0.2137
vn -0.0645 -0.9769 -0.2037
vn -0.0948 -0.9769 -0.1915
vn -0.1229 -0.9769 -0.1748
vn -0.1481 -0.9769 -0.1540
vn -0.1699 -0.9769 -0.1295
vn -0.1877 -0.9769 -0.1021
vn -0.2011 -0.9769 -0.0722
vn -0.2098 -0.9769 -0.0407
vn -0.2135 -0.9769 -0.0082
vn -0.2123 -0.9769 0.0245
vn -0.2060 -0.9769 0.0566
vn -0.1950 -0.9769 0.0874
vn -0.1793 -0.9769 0.1161
vn -0.1595 -0.9769 0.1422
vn -0.1359 -0.9769 0.1648
vn -0.1092 -0.9769 0.1837
vn -0.0799 -0.9769 0.1982
vn -0.0487 -0.9769 0.2080
vn -0.0164 -0.9769 0.2130
vn 0.0164 -0.9769 0.2130
vn 0.0487 -0.9769 0.2080
vn 0.0799 -0.9769 0.1982
vn 0.1092 -0.9769 0.1837
vn 0.1359 -0.9769 0.1648
vn 0.1595 -0.9769 0.1422
vn 0.1793 -0.9769 0.1161
vn 0.1950 -0.9769 0.0874
vn 0.2060 -0.9769 0.0566
vn 0.2123 -0.9769 0.0245
vn 0.2135 -0.9769 -0.0082
vn 0.2098 -0.9769 -0.0407
vn 0.2011 -0.9769 -0.0722
vn 0.1877 -0.9769 -0.1021
vn 0.1699 -0.9769 -0.1295
vn 0.1482 -0.9769 -0.1539
vn 0.1229 -0.9769 -0.1748
vn 0.0948 -0.9769 -0.1915
vn 0.0645 -0.9769 -0.2037
vn 0.0326 -0.9769 -0.2112
vn 0.0000 1.0000 -0.0000
vn 0.0000 0.9918 -0.1278
vn -0.0160 0.9918 -0.1268
vn -0.0318 0.9918 -0.1238
vn -0.0470 0.9918 -0.1188
vn -0.0616 0.9918 -0.1120
vn -0.0751 0.9918 -0.1034
vn -0.0875 0.9918 -0.0932
vn -0.0985 0.9918 -0.0815
vn -0.1079 0.9918 -0.0685
vn -0.1156 0.9918 -0.0544
vn -0.1216 0.9918 -0.0395
vn -0.1255 0.9918 -0.0239
vn -0.1276 0.9918 -0.0080
vn -0.1276 0.9918 0.0080
vn -0.1255 0.9918 0.0239
vn -0.1216 0.9918 0.0395
vn -0.1156 0.9918 0.0544
vn -0.1079 0.9918 0.0685
vn -0.0985 0.9918 0.0815
vn -0.0875 0.9918 0.0932
vn -0.0751 0.9918 0.1034
vn -0.0616 0.9918 0.1120
vn -0.0470 0.9918 0.1188
vn -0.0318 0.9918 0.1238
vn -0.0160 0.9918 0.1268
vn 0.0000 0.9918 0.1278
vn 0.0160 0.9918 0.1268
vn 0.0318 0.9918 0.1238
vn 0.0470 0.9918 0.1188
vn 0.0616 0.9918 0.1120
vn 0.0751 0.9918 0.1034
vn 0.0875 0.9918 0.0932
vn 0.0985 0.9918 0.0815
vn 0.1079 0.9918 0.0685
vn 0.1156 0.9918 0.0544
vn 0.1216 0.9918 0.0395
vn 0.1255 0.9918 0.0239
vn 0.1276 0.9918 0.0080
vn 0.1276 0.9918 -0.0080
vn 0.1255 0.9918 -0.0239
vn 0.1216 0.9918 -0.0395
vn 0.1156 0.9918 -0.0544
vn 0.1079 0.9918 -0.0685
vn 0.0985 0.9918 -0.0815
vn 0.0875 0.9918 -0.0932
vn 0.0751 0.9918 -0.1034
vn 0.0616 0.9918 -0.1120
vn 0.0470 0.9918 -0.1188
vn 0.0318 0.9918 -0.1238
vn 0.0160 0.9918 -0.1268
vn -0.0315 0.9680 -0.2491
vn 0.0000 0.9680 -0.2510
vn -0.0624 0.9680 -0.2432
vn -0.0924 0.9680 -0.2334
vn -0.1209 0.9680 -0.2200
vn -0.1476 0.9680 -0.2031
vn -0.1719 0.9680 -0.1830
vn -0.1934 0.9680 -0.1600
vn -0.2120 0.9680 -0.1345
vn -0.2272 0.9680 -0.1069
vn -0.2388 0.9680 -0.0776
vn -0.2466 0.9680 -0.0470
vn -0.2506 0.9680 -0.0158
vn -0.2506 0.9680 0.0158
vn -0.2466 0.9680 0.0470
vn -0.2388 0.9680 0.0776
vn -0.2272 0.9680 0.1069
vn -0.2120 0.9680 0.1345
vn -0.1934 0.9680 0.1600
vn -0.1719 0.9680 0.1830
vn -0.1476 0.9680 0.2031
vn -0.1209 0.9680 0.2200
vn -0.0924 0.9680 0.2334
vn -0.0624 0.9680 0.2432
vn -0.0315 0.9680 0.2491
vn 0.0000 0.9680 0.2510
vn 0.0315 0.9680 0.2491
vn 0.0624 0.9680 0.2432
vn 0.0924 0.9680 0.2334
vn 0.1209 0.9680 0.2200
vn 0.1476 0.9680 0.2031
vn 0.1719 0.9680 0.1830
vn 0.1934 0.9680 0.1600
vn 0.2120 0.9680 0.1345
vn 0.2272 0.9680 0.1069
vn 0.2388 0.9680 0.0776
vn 0.2466 0.9680 0.0470
vn 0.2506 0.9680 0.0158
vn 0.2506 0.9680 -0.0158
vn 0.2466 0.9680 -0.0470
vn 0.2388 0.9680 -0.0776
vn 0.2272 0.9680 -0.1069
vn 0.2120 0.9680 -0.1345
vn 0.1934 0.9680 -0.1600
vn 0.1719 0.9680 -0.1830
vn 0.1476 0.9680 -0.2031
vn 0.1209 0.9680 -0.2200
vn 0.0924 0.9680 -0.2334
vn 0.0624 0.9680 -0.2432
vn 0.0315 0.9680 -0.2491
vn -0.0464 0.9289 -0.3674
vn 0.0000 0.9289 -0.3703
vn -0.0921 0.9289 -0.3587
vn -0.1363 0.9289 -0.3443
vn -0.1784 0.9289 -0.3245
vn -0.2176 0.9289 -0.2996
vn -0.2535 0.9289 -0.2699
vn -0.2853 0.9289 -0.2360
vn -0.3126 0.9289 -0.1984
vn -0.3350 0.9289 -0.1577
vn -0.3522 0.9289 -0.1144
vn -0.3637 0.9289 -0.0694
vn -0.3696 0.9289 -0.0232
vn -0.3696 0.9289 0.0233
vn -0.3637 0.9289 0.0694
vn -0.3522 0.9289 0.1144
vn -0.3350 0.9289 0.1577
vn -0.3126 0.9289 0.1984
vn -0.2853 0.9289 0.2360
vn -0.2535 0.9289 0.2699
vn -0.2176 0.9289 0.2996
vn -0.1784 0.9289 0.3245
vn -0.1363 0.9289 0.3443
vn -0.0921 0.9289 0.3587
vn -0.0464 0.9289 0.3674
vn 0.0000 0.9289 0.3703
vn 0.0464 0.9289 0.3674
vn 0.0921 0.9289 0.3587
vn 0.1363 0.9289 0.3443
vn 0.1784 0.9289 0.3245
vn 0.2176 0.9289 0.2996
vn 0.2535 0.9289 0.2699
vn 0.2853 0.9289 0.2360
vn 0.3126 0.9289 0.1984
vn 0.3350 0.9289 0.1577
vn 0.3522 0.9289 0.1144
vn 0.3637 0.9289 0.0694
vn 0.3696 0.9289 0.0232
vn 0.3696 0.9289 -0.0233
vn 0.3637 0.9289 -0.0694
vn 0.3522 0.9289 -0.1144
vn 0.3350 0.9289 -0.1577
vn 0.3126 0.9289 -0.1984
vn 0.2853 0.9289 -0.2360
vn 0.2535 0.9289 -0.2699
vn 0.2176 0.9289 -0.2996
vn 0.1784 0.9289 -0.3245
vn 0.1363 0.9289 -0.3443
vn 0.0921 0.9289 -0.3587
vn 0.0464 0.9289 -0.3674
vn -0.0606 0.8752 -0.4799
vn 0.0000 0.8752 -0.4837
vn -0.1203 0.8752 -0.4685
vn -0.1781 0.8752 -0.4497
vn -0.2330 0.8752 -0.4238
vn -0.2843 0.8752 -0.3913
vn -0.3311 0.8752 -0.3526
vn -0.3727 0.8752 -0.3083
vn -0.4084 0.8752 -0.2592
vn -0.4376 0.8752 -0.2059
vn -0.4600 0.8752 -0.1495
vn -0.4751 0.8752 -0.0906
vn -0.4827 0.8752 -0.0304
vn -0.4827 0.8752 0.0304
vn -0.4751 0.8752 0.0906
vn -0.4600 0.8752 0.1495
vn -0.4376 0.8752 0.2059
vn -0.4084 0.8752 0.2592
vn -0.3727 0.8752 0.3083
vn -0.3311 0.8752 0.3526
vn -0.2843 0.8752 0.3913
vn -0.2330 0.8752 0.4238
vn -0.1781 0.8752 0.4497
vn -0.1203 0.8752 0.4685
vn -0.0606 0.8752 0.4799
vn 0.0000 0.8752 0.4837
vn 0.0606 0.8752 0.4799
vn 0.1203 0.8752 0.4685
vn 0.1781 0.8752 0.4497
vn 0.2330 0.8752 0.4238
vn 0.2843 0.8752 0.3913
vn 0.3311 0.8752 0.3526
vn 0.3727 0.8752 0.3083
vn 0.4084 0.8752 0.2592
vn 0.4376 0.8752 0.2059
vn 0.4600 0.8752 0.1495
vn 0.4751 0.8752 0.0906
vn 0.4827 0.8752 0.0304
vn 0.4827 0.8752 -0.0304
vn 0.4751 0.8752 -0.0906
vn 0.4600 0.8752 -0.1495
vn 0.4376 0.8752 -0.2059
vn 0.4084 0.8752 -0.2592
vn 0.3727 0.8752 -0.3083
vn 0.3311 0.8752 -0.3526
vn 0.2843 0.8752 -0.3913
vn 0.2330 0.8752 -0.4238
vn 0.1781 0.8752 -0.4497
vn 0.1203 0.8752 -0.4685
vn 0.0606 0.8752 -0.4799
vn -0.0739 0.8078 -0.5848
vn 0.0000 0.8078 -0.5894
vn -0.1466 0.8078 -0.5709
vn -0.2170 0.8078 -0.5480
vn -0.2840 0.8078 -0.5165
vn -0.3465 0.8078 -0.4769
vn -0.4035 0.8078 -0.4297
vn -0.4542 0.8078 -0.3757
vn -0.4977 0.8078 -0.3158
vn -0.5333 0.8078 -0.2510
vn -0.5606 0.8078 -0.1821
vn -0.5790 0.8078 -0.1104
vn -0.5883 0.8078 -0.0370
vn -0.5883 0.8078 0.0370
vn -0.5790 0.8078 0.1104
vn -0.5606 0.8078 0.1821
vn -0.5333 0.8078 0.2510
vn -0.4977 0.8078 0.3158
vn -0.4542 0.8078 0.3757
vn -0.4035 0.8078 0.4297
vn -0.3465 0.8078 0.4769
vn -0.2840 0.8078 0.5165
vn -0.2170 0.8078 0.5480
vn -0.1466 0.8078 0.5709
vn -0.0739 0.8078 0.5848
vn 0.0000 0.8078 0.5894
vn 0.0739 0.8078 0.5848
vn 0.1466 0.8078 0.5709
vn 0.2170 0.8078 0.5480
vn 0.2840 0.8078 0.5165
vn 0.3465 0.8078 0.4769
vn 0.4035 0.8078 0.4297
vn 0.4542 0.8078 0.3757
vn 0.4977 0.8078 0.3158
vn 0.5333 0.8078 0.2510
vn 0.5606 0.8078 0.1821
vn 0.5790 0.8078 0.1104
vn 0.5883 0.8078 0.0370
vn 0.5883 0.8078 -0.0370
vn 0.5790 0.8078 -0.1104
vn 0.5606 0.8078 -0.1821
vn 0.5333 0.8078 -0.2510
vn 0.4977 0.8078 -0.3158
vn 0.4542 0.8078 -0.3757
vn 0.4035 0.8078 -0.4297
vn 0.3465 0.8078 -0.4769
vn 0.2840 0.8078 -0.5165
vn 0.2170 0.8078 -0.5480
vn 0.1466 0.8078 -0.5709
vn 0.0739 0.8078 -0.5848
vn -0.0860 0.7277 -0.6805
vn 0.0000 0.7277 -0.6859
vn -0.1706 0.7277 -0.6643
vn -0.2525 0.7277 -0.6377
vn -0.3304 0.7277 -0.6010
vn -0.4031 0.7277 -0.5549
vn -0.4695 0.7277 -0.5000
vn -0.5285 0.7277 -0.4372
vn -0.5791 0.7277 -0.3675
vn -0.6206 0.7277 -0.2920
vn -0.6523 0.7277 -0.2119
vn -0.6737 0.7277 -0.1285
vn -0.6845 0.7277 -0.0431
vn -0.6845 0.7277 0.0431
vn -0.6737 0.7277 0.1285
vn -0.6523 0.7277 0.2119
vn -0.6206 0.7277 0.2920
vn -0.5791 0.7277 0.3675
vn -0.5285 0.7277 0.4372
vn -0.4695 0.7277 0.5000
vn -0.4031 0.7277 0.5549
vn -0.3304 0.7277 0.6010
vn -0.2525 0.7277 0.6377
vn -0.1706 0.7277 0.6643
vn -0.0860 0.7277 0.6805
vn -0.0000 0.7277 0.6859
vn 0.0860 0.7277 0.6805
vn 0.1706 0.7277 0.6643
vn 0.2525 0.7277 0.6377
vn 0.3304 0.7277 0.6010
vn 0.4031 0.7277 0.5549
vn 0.4695 0.7277 0.5000
vn 0.5285 0.7277 0.4372
vn 0.5791 0.7277 0.3675
vn 0.6206 0.7277 0.2920
vn 0.6523 0.7277 0.2119
vn 0.6737 0.7277 0.1285
vn 0.6845 0.7277 0.0431
vn 0.6845 0.7277 -0.0431
vn 0.6737 0.7277 -0.1285
vn 0.6523 0.7277 -0.2119
vn 0.6206 0.7277 -0.2920
vn 0.5791 0.7277 -0.3675
vn 0.5285 0.7277 -0.4372
vn 0.4695 0.7277 -0.5000
vn 0.4031 0.7277 -0.5549
vn 0.3304 0.7277 -0.6010
vn 0.2525 0.7277 -0.6377
vn 0.1706 0.7277 -0.6643
vn 0.0860 0.7277 -0.6805
vn -0.0967 0.6362 -0.7654
vn 0.0000 0.6362 -0.7715
vn -0.1919 0.6362 -0.7473
vn -0.2840 0.6362 -0.7173
vn -0.3717 0.6362 -0.6761
vn -0.4535 0.6362 -0.6242
vn -0.5281 0.6362 -0.5624
vn -0.5945 0.6362 -0.4918
vn -0.6514 0.6362 -0.4134
vn -0.6981 0.6362 -0.3285
vn -0.7338 0.6362 -0.2384
vn -0.7579 0.6362 -0.1446
vn -0.7700 0.6362 -0.0484
vn -0.7700 0.6362 0.0484
vn -0.7579 0.6362 0.1446
vn -0.7338 0.6362 0.2384
vn -0.6981 0.6362 0.3285
vn -0.6514 0.6362 0.4134
vn -0.5945 0.6362 0.4918
vn -0.5281 0.6362 0.5624
vn -0.4535 0.6362 0.6242
vn -0.3717 0.6362 0.6761
vn -0.2840 0.6362 0.7173
vn -0.1919 0.6362 0.7473
vn -0.0967 0.6362 0.7655
vn 0.0000 0.6362 0.7715
vn 0.0967 0.6362 0.7654
vn 0.1919 0.6362 0.7473
vn 0.2840 0.6362 0.7173
vn 0.3717 0.6362 0.6761
vn 0.4535 0.6362 0.6242
vn 0.5281 0.6362 0.5624
vn 0.5945 0.6362 0.4918
vn 0.6514 0.6362 0.4134
vn 0.6981 0.6362 0.3285
vn 0.7338 0.6362 0.2384
vn 0.7579 0.6362 0.1446
vn 0.7700 0.6362 0.0484
vn 0.7700 0.6362 -0.0484
vn 0.7579 0.6362 -0.1446
vn 0.7338 0.6362 -0.2384
vn 0.6981 0.6362 -0.3285
vn 0.6514 0.6362 -0.4134
vn 0.5945 0.6362 -0.4918
vn 0.5281 0.6362 -0.5624
vn 0.4535 0.6362 -0.6242
vn 0.3717 0.6362 -0.6761
vn 0.2840 0.6362 -0.7173
vn 0.1919 0.6362 -0.7473
vn 0.0967 0.6362 -0.7655
vn -0.1059 0.5347 -0.8384
vn 0.0000 0.5347 -0.8451
vn -0.2102 0.5347 -0.8185
vn -0.3111 0.5347 -0.7857
vn -0.4071 0.5347 -0.7405
vn -0.4967 0.5347 -0.6837
vn -0.5785 0.5347 -0.6160
vn -0.6511 0.5347 -0.5387
vn -0.7135 0.5347 -0.4528
vn -0.7646 0.5347 -0.3598
vn -0.8037 0.5347 -0.2611
vn -0.8301 0.5347 -0.1583
vn -0.8434 0.5347 -0.0531
vn -0.8434 0.5347 0.0531
vn -0.8301 0.5347 0.1583
vn -0.8037 0.5347 0.2611
vn -0.7646 0.5347 0.3598
vn -0.7135 0.5347 0.4528
vn -0.6511 0.5347 0.5387
vn -0.5785 0.5347 0.6160
vn -0.4967 0.5347 0.6837
vn -0.4071 0.5347 0.7405
vn -0.3111 0.5347 0.7857
vn -0.2102 0.5347 0.8185
vn -0.1059 0.5347 0.8384
vn 0.0000 0.5347 0.8451
vn 0.1059 0.5347 0.8384
vn 0.2102 0.5347 0.8185
vn 0.3111 0.5347 0.7857
vn 0.4071 0.5347 0.7405
vn 0.4967 0.5347 0.6837
vn 0.5785 0.5347 0.6160
vn 0.6511 0.5347 0.5387
vn 0.7135 0.5347 0.4528
vn 0.7646 0.5347 0.3598
vn 0.8037 0.5347 0.2611
vn 0.8301 0.5347 0.1583
vn 0.8434 0.5347 0.0531
vn 0.8434 0.5347 -0.0531
vn 0.8301 0.5347 -0.1583
vn 0.8037 0.5347 -0.2611
vn 0.7646 0.5347 -0.3598
vn 0.7135 0.5347 -0.4528
vn 0.6511 0.5347 -0.5387
vn 0.5785 0.5347 -0.6160
vn 0.4967 0.5347 -0.6837
vn 0.4071 0.5347 -0.7405
vn 0.3111 0.5347 -0.7857
vn 0.2102 0.5347 -0.8185
vn 0.1059 0.5347 -0.8384
vn -0.1135 0.4248 -0.8981
vn 0.0000 0.4248 -0.9053
vn -0.2251 0.4248 -0.8768
vn -0.3333 0.4248 -0.8417
vn -0.4361 0.4248 -0.7933
vn -0.5321 0.4248 -0.7324
vn -0.6197 0.4248 -0.6599
vn -0.6975 0.4248 -0.5770
vn -0.7644 0.4248 -0.4851
vn -0.8191 0.4248 -0.3855
vn -0.8610 0.4248 -0.2797
vn -0.8892 0.4248 -0.1696
vn -0.9035 0.4248 -0.0568
vn -0.9035 0.4248 0.0568
vn -0.8892 0.4248 0.1696
vn -0.8610 0.4248 0.2797
vn -0.8191 0.4248 0.3855
vn -0.7643 0.4248 0.4851
vn -0.6975 0.4248 0.5771
vn -0.6197 0.4248 0.6599
vn -0.5321 0.4248 0.7324
vn -0.4361 0.4248 0.7933
vn -0.3333 0.4248 0.8417
vn -0.2251 0.4248 0.8768
vn -0.1135 0.4248 0.8981
vn -0.0000 0.4248 0.9053
vn 0.1135 0.4248 0.8981
vn 0.2251 0.4248 0.8768
vn 0.3333 0.4248 0.8417
vn 0.4361 0.4248 0.7933
vn 0.5321 0.4248 0.7324
vn 0.6197 0.4248 0.6599
vn 0.6975 0.4248 0.5770
vn 0.7644 0.4248 0.4851
vn 0.8191 0.4248 0.3855
vn 0.8610 0.4248 0.2797
vn 0.8892 0.4248 0.1696
vn 0.9035 0.4248 0.0568
vn 0.9035 0.4248 -0.0568
vn 0.8892 0.4248 -0.1696
vn 0.8610 0.4248 -0.2797
vn 0.8191 0.4248 -0.3854
vn 0.7644 0.4248 -0.4851
vn 0.6975 0.4248 -0.5771
vn 0.6197 0.4248 -0.6599
vn 0.5321 0.4248 -0.7324
vn 0.4361 0.4248 -0.7933
vn 0.3333 0.4248 -0.8417
vn 0.2251 0.4248 -0.8768
vn 0.1135 0.4248 -0.8981
vn -0.1192 0.3083 -0.9438
vn 0.0000 0.3083 -0.9513
vn -0.2366 0.3083 -0.9214
vn -0.3502 0.3083 -0.8845
vn -0.4583 0.3083 -0.8336
vn -0.5592 0.3083 -0.7696
vn -0.6512 0.3083 -0.6935
vn -0.7330 0.3083 -0.6064
vn -0.8032 0.3083 -0.5097
vn -0.8608 0.3083 -0.4050
vn -0.9047 0.3083 -0.2940
vn -0.9344 0.3083 -0.1783
vn -0.9494 0.3083 -0.0597
vn -0.9494 0.3083 0.0597
vn -0.9344 0.3083 0.1783
vn -0.9047 0.3083 0.2940
vn -0.8608 0.3083 0.4050
vn -0.8032 0.3083 0.5097
vn -0.7330 0.3083 0.6064
vn -0.6512 0.3083 0.6935
vn -0.5592 0.3083 0.7696
vn -0.4583 0.3083 0.8336
vn -0.3502 0.3083 0.8845
vn -0.2366 0.3083 0.9214
vn -0.1192 0.3083 0.9438
vn 0.0000 0.3083 0.9513
vn 0.1192 0.3083 0.9438
vn 0.2366 0.3083 0.9214
vn 0.3502 0.3083 0.8845
vn 0.4583 0.3083 0.8336
vn 0.5592 0.3083 0.7696
vn 0.6512 0.3083 0.6935
vn 0.7330 0.3083 0.6064
vn 0.8032 0.3083 0.5097
vn 0.8608 0.3083 0.4050
vn 0.9047 0.3083 0.2940
vn 0.9344 0.3083 0.1783
vn 0.9494 0.3083 0.0597
vn 0.9494 0.3083 -0.0597
vn 0.9344 0.3083 -0.1783
vn 0.9047 0.3083 -0.2940
vn 0.8608 0.3083 -0.4050
vn 0.8032 0.3083 -0.5097
vn 0.7330 0.3083 -0.6064
vn 0.6512 0.3083 -0.6935
vn 0.5592 0.3083 -0.7696
vn 0.4583 0.3083 -0.8336
vn 0.3502 0.3083 -0.8845
vn 0.2366 0.3083 -0.9214
vn 0.1192 0.3083 -0.9438
vn -0.1231 0.1869 -0.9746
vn 0.0000 0.1869 -0.9824
vn -0.2443 0.1869 -0.9515
vn -0.3616 0.1869 -0.9134
vn -0.4733 0.1869 -0.8609
vn -0.5774 0.1869 -0.7948
vn -0.6725 0.1869 -0.7161
vn -0.7569 0.1869 -0.6262
vn -0.8294 0.1869 -0.5264
vn -0.8889 0.1869 -0.4183
vn -0.9343 0.1869 -0.3036
vn -0.9650 0.1869 -0.1841
vn -0.9804 0.1869 -0.0617
vn -0.9804 0.1869 0.0617
vn -0.9650 0.1869 0.1841
vn -0.9343 0.1869 0.3036
vn -0.8889 0.1869 0.4183
vn -0.8294 0.1869 0.5264
vn -0.7569 0.1869 0.6262
vn -0.6725 0.1869 0.7161
vn -0.5774 0.1869 0.7948
vn -0.4733 0.1869 0.8609
vn -0.3616 0.1869 0.9134
vn -0.2443 0.1869 0.9515
vn -0.1231 0.1869 0.9746
vn 0.0000 0.1869 0.9824
vn 0.1231 0.1869 0.9746
vn 0.2443 0.1869 0.9515
vn 0.3616 0.1869 0.9134
vn 0.4733 0.1869 0.8609
vn 0.5774 0.1869 0.7948
vn 0.6725 0.1869 0.7161
vn 0.7569 0.1869 0.6262
vn 0.8295 0.1869 0.5264
vn 0.8889 0.1869 0.4183
vn 0.9343 0.1869 0.3036
vn 0.9650 0.1869 0.1841
vn 0.9804 0.1869 0.0617
vn 0.9804 0.1869 -0.0617
vn 0.9650 0.1869 -0.1841
vn 0.9343 0.1869 -0.3036
vn 0.8889 0.1869 -0.4183
vn 0.8294 0.1869 -0.5264
vn 0.7569 0.1869 -0.6262
vn 0.6725 0.1869 -0.7161
vn 0.5774 0.1869 -0.7948
vn 0.4733 0.1869 -0.8609
vn 0.3616 0.1869 -0.9134
vn 0.2443 0.1869 -0.9515
vn 0.1231 0.1869 -0.9746
vn -0.1251 0.0626 -0.9902
vn 0.0000 0.0626 -0.9980
vn -0.2482 0.0626 -0.9667
vn -0.3674 0.0626 -0.9279
vn -0.4808 0.0626 -0.8746
vn -0.5866 0.0626 -0.8074
vn -0.6832 0.0626 -0.7275
vn -0.7690 0.0626 -0.6362
vn -0.8427 0.0626 -0.5348
vn -0.9030 0.0626 -0.4249
vn -0.9492 0.0626 -0.3084
vn -0.9804 0.0626 -0.1870
vn -0.9961 0.0626 -0.0627
vn -0.9961 0.0626 0.0627
vn -0.9804 0.0626 0.1870
vn -0.9492 0.0626 0.3084
vn -0.9030 0.0626 0.4249
vn -0.8427 0.0626 0.5348
vn -0.7690 0.0626 0.6362
vn -0.6832 0.0626 0.7275
vn -0.5866 0.0626 0.8074
vn -0.4808 0.0626 0.8746
vn -0.3674 0.0626 0.9280
vn -0.2482 0.0626 0.9667
vn -0.1251 0.0626 0.9902
vn 0.0000 0.0626 0.9980
vn 0.1251 0.0626 0.9902
vn 0.2482 0.0626 0.9667
vn 0.3674 0.0626 0.9280
vn 0.4808 0.0626 0.8746
vn 0.5866 0.0626 0.8074
vn 0.6832 0.0626 0.7275
vn 0.7690 0.0626 0.6362
vn 0.8427 0.0626 0.5348
vn 0.9031 0.0626 0.4249
vn 0.9492 0.0626 0.3084
vn 0.9804 0.0626 0.1870
vn 0.9961 0.0626 0.0627
vn 0.9961 0.0626 -0.0627
vn 0.9804 0.0626 -0.1870
vn 0.9492 0.0626 -0.3084
vn 0.9030 0.0626 -0.4249
vn 0.8427 0.0626 -0.5348
vn 0.7690 0.0626 -0.6362
vn 0.6832 0.0626 -0.7275
vn 0.5866 0.0626 -0.8074
vn 0.4808 0.0626 -0.8746
vn 0.3674 0.0626 -0.9280
vn 0.2482 0.0626 -0.9667
vn 0.1251 0.0626 -0.9902
vn -0.1251 -0.0626 -0.9902
vn -0.0000 -0.0626 -0.9980
vn -0.2482 -0.0626 -0.9667
vn -0.3674 -0.0626 -0.9279
vn -0.4808 -0.0626 -0.8746
vn -0.5866 -0.0626 -0.8074
vn -0.6832 -0.0626 -0.7275
vn -0.7690 -0.0626 -0.6362
vn -0.8427 -0.0626 -0.5348
vn -0.9030 -0.0626 -0.4249
vn -0.9492 -0.0626 -0.3084
vn -0.9804 -0.0626 -0.1870
vn -0.9961 -0.0626 -0.0627
vn -0.9961 -0.0626 0.0627
vn -0.9804 -0.0626 0.1870
vn -0.9492 -0.0626 0.3084
vn -0.9030 -0.0626 0.4249
vn -0.8427 -0.0626 0.5348
vn -0.7690 -0.0626 0.6362
vn -0.6832 -0.0626 0.7275
vn -0.5866 -0.0626 0.8074
vn -0.4808 -0.0626 0.8746
vn -0.3674 -0.0626 0.9280
vn -0.2482 -0.0626 0.9667
vn -0.1251 -0.0626 0.9902
vn 0.0000 -0.0626 0.9980
vn 0.1251 -0.0626 0.9902
vn 0.2482 -0.0626 0.9667
vn 0.3674 -0.0626 0.9280
vn 0.4808 -0.0626 0.8746
vn 0.5866 -0.0626 0.8074
vn 0.6832 -0.0626 0.7275
vn 0.7690 -0.0626 0.6362
vn 0.8427 -0.0626 0.5348
vn 0.9031 -0.0626 0.4249
vn 0.9492 -0.0626 0.3084
vn 0.9804 -0.0626 0.1870
vn 0.9961 -0.0626 0.0627
vn 0.9961 -0.0626 -0.0627
vn 0.9804 -0.0626 -0.1870
vn 0.9492 -0.0626 -0.3084
vn 0.9030 -0.0626 -0.4249
vn 0.8427 -0.0626 -0.5348
vn 0.7690 -0.0626 -0.6362
vn 0.6832 -0.0626 -0.7275
vn 0.5866 -0.0626 -0.8074
vn 0.4808 -0.0626 -0.8746
vn 0.3674 -0.0626 -0.9280
vn 0.2482 -0.0626 -0.9667
vn 0.1251 -0.0626 -0.9902
vn -0.1231 -0.1869 -0.9746
vn -0.0000 -0.1869 -0.9824
vn -0.2443 -0.1869 -0.9515
vn -0.3616 -0.1869 -0.9134
vn -0.4733 -0.1869 -0.8609
vn -0.5774 -0.1869 -0.7948
vn -0.6725 -0.1869 -0.7161
vn -0.7569 -0.1869 -0.6262
vn -0.8294 -0.1869 -0.5264
vn -0.8889 -0.1869 -0.4183
vn -0.9343 -0.1869 -0.3036
vn -0.9650 -0.1869 -0.1841
vn -0.9804 -0.1869 -0.0617
vn -0.9804 -0.1869 0.0617
vn -0.9650 -0.1869 0.1841
vn -0.9343 -0.1869 0.3036
vn -0.8889 -0.1869 0.4183
vn -0.8294 -0.1869 0.5264
vn -0.7569 -0.1869 0.6262
vn -0.6725 -0.1869 0.7161
vn -0.5774 -0.1869 0.7948
vn -0.4733 -0.1869 0.8609
vn -0.3616 -0.1869 0.9134
vn -0.2443 -0.1869 0.9515
vn -0.1231 -0.1869 0.9746
vn 0.0000 -0.1869 0.9824
vn 0.1231 -0.1869 0.9746
vn 0.2443 -0.1869 0.9515
vn 0.3616 -0.1869 0.9134
vn 0.4733 -0.1869 0.8609
vn 0.5774 -0.1869 0.7948
vn 0.6725 -0.1869 0.7161
vn 0.7569 -0.1869 0.6262
vn 0.8295 -0.1869 0.5264
vn 0.8889 -0.1869 0.4183
vn 0.9343 -0.1869 0.3036
vn 0.9650 -0.1869 0.1841
vn 0.9804 -0.1869 0.0617
vn 0.9804 -0.1869 -0.0617
vn 0.9650 -0.1869 -0.1841
vn 0.9343 -0.1869 -0.3036
vn 0.8889 -0.1869 -0.4183
vn 0.8294 -0.1869 -0.5264
vn 0.7569 -0.1869 -0.6262
vn 0.6725 -0.1869 -0.7161
vn 0.5774 -0.1869 -0.7948
vn 0.4733 -0.1869 -0.8609
vn 0.3616 -0.1869 -0.9134
vn 0.2443 -0.1869 -0.9515
vn 0.1231 -0.1869 -0.9746
vn -0.1192 -0.3083 -0.9438
vn -0.0000 -0.3083 -0.9513
vn -0.2366 -0.3083 -0.9214
vn -0.3502 -0.3083 -0.8845
vn -0.4583 -0.3083 -0.8336
vn -0.5592 -0.3083 -0.7696
vn -0.6512 -0.3083 -0.6935
vn -0.7330 -0.3083 -0.6064
vn -0.8032 -0.3083 -0.5097
vn -0.8608 -0.3083 -0.4050
vn -0.9047 -0.3083 -0.2940
vn -0.9344 -0.3083 -0.1783
vn -0.9494 -0.3083 -0.0597
vn -0.9494 -0.3083 0.0597
vn -0.9344 -0.3083 0.1783
vn -0.9047 -0.3083 0.2940
vn -0.8608 -0.3083 0.4050
vn -0.8032 -0.3083 0.5097
vn -0.7330 -0.3083 0.6064
vn -0.6512 -0.3083 0.6935
vn -0.5592 -0.3083 0.7696
vn -0.4583 -0.3083 0.8336
vn -0.3502 -0.3083 0.8845
vn -0.2366 -0.3083 0.9214
vn -0.1192 -0.3083 0.9438
vn 0.0000 -0.3083 0.9513
vn 0.1192 -0.3083 0.9438
vn 0.2366 -0.3083 0.9214
vn 0.3502 -0.3083 0.8845
vn 0.4583 -0.3083 0.8336
vn 0.5592 -0.3083 0.7696
vn 0.6512 -0.3083 0.6935
vn 0.7330 -0.3083 0.6064
vn 0.8032 -0.3083 0.5097
vn 0.8608 -0.3083 0.4050
vn 0.9047 -0.3083 0.2940
vn 0.9344 -0.3083 0.1783
vn 0.9494 -0.3083 0.0597
vn 0.9494 -0.3083 -0.0597
vn 0.9344 -0.3083 -0.1783
vn 0.9047 -0.3083 -0.2940
vn 0.8608 -0.3083 -0.4050
vn 0.8032 -0.3083 -0.5097
vn 0.7330 -0.3083 -0.6064
vn 0.6512 -0.3083 -0.6935
vn 0.5592 -0.3083 -0.7696
vn 0.4583 -0.3083 -0.8336
vn 0.3502 -0.3083 -0.8845
vn 0.2366 -0.3083 -0.9214
vn 0.1192 -0.3083 -0.9438
vn -0.1135 -0.4248 -0.8981
vn 0.0000 -0.4248 -0.9053
vn -0.2251 -0.4248 -0.8768
vn -0.3333 -0.4248 -0.8417
vn -0.4361 -0.4248 -0.7933
vn -0.5321 -0.4248 -0.7324
vn -0.6197 -0.4248 -0.6599
vn -0.6975 -0.4248 -0.5770
vn -0.7644 -0.4248 -0.4851
vn -0.8191 -0.4248 -0.3855
vn -0.8610 -0.4248 -0.2797
vn -0.8892 -0.4248 -0.1696
vn -0.9035 -0.4248 -0.0568
vn -0.9035 -0.4248 0.0568
vn -0.8892 -0.4248 0.1696
vn -0.8610 -0.4248 0.2797
vn -0.8191 -0.4248 0.3855
vn -0.7644 -0.4248 0.4851
vn -0.6975 -0.4248 0.5771
vn -0.6197 -0.4248 0.6599
vn -0.5321 -0.4248 0.7324
vn -0.4361 -0.4248 0.7933
vn -0.3333 -0.4248 0.8417
vn -0.2251 -0.4248 0.8768
vn -0.1135 -0.4248 0.8981
vn 0.0000 -0.4248 0.9053
vn 0.1135 -0.4248 0.8981
vn 0.2251 -0.4248 0.8768
vn 0.3333 -0.4248 0.8417
vn 0.4361 -0.4248 0.7933
vn 0.5321 -0.4248 0.7324
vn 0.6197 -0.4248 0.6599
vn 0.6975 -0.4248 0.5770
vn 0.7644 -0.4248 0.4851
vn 0.8191 -0.4248 0.3855
vn 0.8610 -0.4248 0.2797
vn 0.8892 -0.4248 0.1696
vn 0.9035 -0.4248 0.0568
vn 0.9035 -0.4248 -0.0568
vn 0.8892 -0.4248 -0.1696
vn 0.8610 -0.4248 -0.2797
vn 0.8191 -0.4248 -0.3854
vn 0.7644 -0.4248 -0.4851
vn 0.6975 -0.4248 -0.5771
vn 0.6197 -0.4248 -0.6599
vn 0.5321 -0.4248 -0.7324
vn 0.4361 -0.4248 -0.7933
vn 0.3333 -0.4248 -0.8417
vn 0.2251 -0.4248 -0.8768
vn 0.1135 -0.4248 -0.8981
vn -0.1059 -0.5347 -0.8384
vn 0.0000 -0.5347 -0.8450
vn -0.2102 -0.5347 -0.8185
vn -0.3111 -0.5347 -0.7857
vn -0.4071 -0.5347 -0.7405
vn -0.4967 -0.5347 -0.6837
vn -0.5785 -0.5347 -0.6160
vn -0.6511 -0.5347 -0.5387
vn -0.7135 -0.5347 -0.4528
vn -0.7646 -0.5347 -0.3598
vn -0.8037 -0.5347 -0.2611
vn -0.8301 -0.5347 -0.1583
vn -0.8434 -0.5347 -0.0531
vn -0.8434 -0.5347 0.0531
vn -0.8301 -0.5347 0.1583
vn -0.8037 -0.5347 0.2611
vn -0.7646 -0.5347 0.3598
vn -0.7135 -0.5347 0.4528
vn -0.6511 -0.5347 0.5387
vn -0.5785 -0.5347 0.6160
vn -0.4967 -0.5347 0.6837
vn -0.4071 -0.5347 0.7405
vn -0.3111 -0.5347 0.7857
vn -0.2102 -0.5347 0.8185
vn -0.1059 -0.5347 0.8384
vn 0.0000 -0.5347 0.8450
vn 0.1059 -0.5347 0.8384
vn 0.2102 -0.5347 0.8185
vn 0.3111 -0.5347 0.7857
vn 0.4071 -0.5347 0.7405
vn 0.4967 -0.5347 0.6837
vn 0.5785 -0.5347 0.6160
vn 0.6511 -0.5347 0.5387
vn 0.7135 -0.5347 0.4528
vn 0.7646 -0.5347 0.3598
vn 0.8037 -0.5347 0.2611
vn 0.8301 -0.5347 0.1583
vn 0.8434 -0.5347 0.0531
vn 0.8434 -0.5347 -0.0531
vn 0.8301 -0.5347 -0.1583
vn 0.8037 -0.5347 -0.2611
vn 0.7646 -0.5347 -0.3598
vn 0.7135 -0.5347 -0.4528
vn 0.6511 -0.5347 -0.5387
vn 0.5785 -0.5347 -0.6160
vn 0.4967 -0.5347 -0.6837
vn 0.4071 -0.5347 -0.7405
vn 0.3111 -0.5347 -0.7857
vn 0.2102 -0.5347 -0.8185
vn 0.1059 -0.5347 -0.8384
vn -0.0967 -0.6362 -0.7654
vn 0.0000 -0.6362 -0.7715
vn -0.1919 -0.6362 -0.7473
vn -0.2840 -0.6362 -0.7174
vn -0.3717 -0.6362 -0.6761
vn -0.4535 -0.6362 -0.6242
vn -0.5281 -0.6362 -0.5624
vn -0.5945 -0.6362 -0.4918
vn -0.6514 -0.6362 -0.4134
vn -0.6981 -0.6362 -0.3285
vn -0.7338 -0.6362 -0.2384
vn -0.7579 -0.6362 -0.1446
vn -0.7700 -0.6362 -0.0484
vn -0.7700 -0.6362 0.0484
vn -0.7579 -0.6362 0.1446
vn -0.7338 -0.6362 0.2384
vn -0.6981 -0.6362 0.3285
vn -0.6514 -0.6362 0.4134
vn -0.5945 -0.6362 0.4918
vn -0.5281 -0.6362 0.5624
vn -0.4535 -0.6362 0.6242
vn -0.3717 -0.6362 0.6761
vn -0.2840 -0.6362 0.7173
vn -0.1919 -0.6362 0.7473
vn -0.0967 -0.6362 0.7655
vn -0.0000 -0.6362 0.7715
vn 0.0967 -0.6362 0.7654
vn 0.1919 -0.6362 0.7473
vn 0.2840 -0.6362 0.7174
vn 0.3717 -0.6362 0.6761
vn 0.4535 -0.6362 0.6242
vn 0.5281 -0.6362 0.5624
vn 0.5945 -0.6362 0.4918
vn 0.6514 -0.6362 0.4134
vn 0.6981 -0.6362 0.3285
vn 0.7338 -0.6362 0.2384
vn 0.7579 -0.6362 0.1446
vn 0.7700 -0.6362 0.0484
vn 0.7700 -0.6362 -0.0484
vn 0.7579 -0.6362 -0.1446
vn 0.7338 -0.6362 -0.2384
vn 0.6981 -0.6362 -0.3285
vn 0.6514 -0.6362 -0.4134
vn 0.5945 -0.6362 -0.4918
vn 0.5281 -0.6362 -0.5624
vn 0.4535 -0.6362 -0.6242
vn 0.3717 -0.6362 -0.6761
vn 0.2840 -0.6362 -0.7173
vn 0.1919 -0.6362 -0.7473
vn 0.0967 -0.6362 -0.7655
vn -0.0860 -0.7277 -0.6805
vn 0.0000 -0.7277 -0.6859
vn -0.1706 -0.7277 -0.6643
vn -0.2525 -0.7277 -0.6377
vn -0.3304 -0.7277 -0.6010
vn -0.4031 -0.7277 -0.5549
vn -0.4695 -0.7277 -0.5000
vn -0.5285 -0.7277 -0.4372
vn -0.5791 -0.7277 -0.3675
vn -0.6206 -0.7277 -0.2920
vn -0.6523 -0.7277 -0.2119
vn -0.6737 -0.7277 -0.1285
vn -0.6845 -0.7277 -0.0431
vn -0.6845 -0.7277 0.0431
vn -0.6737 -0.7277 0.1285
vn -0.6523 -0.7277 0.2120
vn -0.6206 -0.7277 0.2920
vn -0.5791 -0.7277 0.3675
vn -0.5285 -0.7277 0.4372
vn -0.4695 -0.7277 0.5000
vn -0.4031 -0.7277 0.5549
vn -0.3304 -0.7277 0.6010
vn -0.2525 -0.7277 0.6377
vn -0.1706 -0.7277 0.6643
vn -0.0860 -0.7277 0.6805
vn -0.0000 -0.7277 0.6859
vn 0.0860 -0.7277 0.6805
vn 0.1706 -0.7277 0.6643
vn 0.2525 -0.7277 0.6377
vn 0.3304 -0.7277 0.6010
vn 0.4032 -0.7277 0.5549
vn 0.4695 -0.7277 0.5000
vn 0.5285 -0.7277 0.4372
vn 0.5791 -0.7277 0.3675
vn 0.6206 -0.7277 0.2920
vn 0.6523 -0.7277 0.2119
vn 0.6737 -0.7277 0.1285
vn 0.6845 -0.7277 0.0431
vn 0.6845 -0.7277 -0.0431
vn 0.6737 -0.7277 -0.1285
vn 0.6523 -0.7277 -0.2119
vn 0.6206 -0.7277 -0.2920
vn 0.5791 -0.7277 -0.3675
vn 0.5285 -0.7277 -0.4372
vn 0.4695 -0.7277 -0.5000
vn 0.4031 -0.7277 -0.5549
vn 0.3304 -0.7277 -0.6010
vn 0.2525 -0.7277 -0.6377
vn 0.1706 -0.7277 -0.6643
vn 0.0860 -0.7277 -0.6805
vn -0.0739 -0.8078 -0.5848
vn 0.0000 -0.8078 -0.5894
vn -0.1466 -0.8078 -0.5709
vn -0.2170 -0.8078 -0.5480
vn -0.2840 -0.8078 -0.5165
vn -0.3465 -0.8078 -0.4769
vn -0.4035 -0.8078 -0.4297
vn -0.4542 -0.8078 -0.3757
vn -0.4977 -0.8078 -0.3158
vn -0.5333 -0.8078 -0.2510
vn -0.5606 -0.8078 -0.1821
vn -0.5790 -0.8078 -0.1104
vn -0.5883 -0.8078 -0.0370
vn -0.5883 -0.8078 0.0370
vn -0.5790 -0.8078 0.1104
vn -0.5606 -0.8078 0.1821
vn -0.5333 -0.8078 0.2510
vn -0.4977 -0.8078 0.3158
vn -0.4542 -0.8078 0.3757
vn -0.4035 -0.8078 0.4297
vn -0.3465 -0.8078 0.4769
vn -0.2840 -0.8078 0.5165
vn -0.2170 -0.8078 0.5480
vn -0.1466 -0.8078 0.5709
vn -0.0739 -0.8078 0.5848
vn 0.0000 -0.8078 0.5894
vn 0.0739 -0.8078 0.5848
vn 0.1466 -0.8078 0.5709
vn 0.2170 -0.8078 0.5480
vn 0.2840 -0.8078 0.5165
vn 0.3465 -0.8078 0.4768
vn 0.4035 -0.8078 0.4297
vn 0.4542 -0.8078 0.3757
vn 0.4977 -0.8078 0.3158
vn 0.5333 -0.8078 0.2510
vn 0.5606 -0.8078 0.1821
vn 0.5790 -0.8078 0.1104
vn 0.5883 -0.8078 0.0370
vn 0.5883 -0.8078 -0.0370
vn 0.5790 -0.8078 -0.1104
vn 0.5606 -0.8078 -0.1821
vn 0.5333 -0.8078 -0.2510
vn 0.4977 -0.8078 -0.3158
vn 0.4542 -0.8078 -0.3757
vn 0.4035 -0.8078 -0.4297
vn 0.3465 -0.8078 -0.4769
vn 0.2840 -0.8078 -0.5165
vn 0.2170 -0.8078 -0.5480
vn 0.1466 -0.8078 -0.5709
vn 0.0739 -0.8078 -0.5848
vn -0.0606 -0.8752 -0.4799
vn 0.0000 -0.8752 -0.4837
vn -0.1203 -0.8752 -0.4685
vn -0.1781 -0.8752 -0.4497
vn -0.2330 -0.8752 -0.4238
vn -0.2843 -0.8752 -0.3913
vn -0.3311 -0.8752 -0.3526
vn -0.3727 -0.8752 -0.3083
vn -0.4084 -0.8752 -0.2592
vn -0.4376 -0.8752 -0.2059
vn -0.4600 -0.8752 -0.1495
vn -0.4751 -0.8752 -0.0906
vn -0.4827 -0.8752 -0.0304
vn -0.4827 -0.8752 0.0304
vn -0.4751 -0.8752 0.0906
vn -0.4600 -0.8752 0.1495
vn -0.4376 -0.8752 0.2059
vn -0.4084 -0.8752 0.2592
vn -0.3727 -0.8752 0.3083
vn -0.3311 -0.8752 0.3526
vn -0.2843 -0.8752 0.3913
vn -0.2330 -0.8752 0.4238
vn -0.1780 -0.8752 0.4497
vn -0.1203 -0.8752 0.4685
vn -0.0606 -0.8752 0.4799
vn 0.0000 -0.8752 0.4837
vn 0.0606 -0.8752 0.4799
vn 0.1203 -0.8752 0.4685
vn 0.1780 -0.8752 0.4497
vn 0.2330 -0.8752 0.4238
vn 0.2843 -0.8752 0.3913
vn 0.3311 -0.8752 0.3526
vn 0.3727 -0.8752 0.3083
vn 0.4084 -0.8752 0.2592
vn 0.4376 -0.8752 0.2059
vn 0.4600 -0.8752 0.1495
vn 0.4751 -0.8752 0.0906
vn 0.4827 -0.8752 0.0304
vn 0.4827 -0.8752 -0.0304
vn 0.4751 -0.8752 -0.0906
vn 0.4600 -0.8752 -0.1495
vn 0.4376 -0.8752 -0.2059
vn 0.4084 -0.8752 -0.2592
vn 0.3727 -0.8752 -0.3083
vn 0.3311 -0.8752 -0.3526
vn 0.2843 -0.8752 -0.3913
vn 0.2330 -0.8752 -0.4238
vn 0.1781 -0.8752 -0.4497
vn 0.1203 -0.8752 -0.4685
vn 0.0606 -0.8752 -0.4799
vn -0.0464 -0.9289 -0.3674
vn 0.0000 -0.9289 -0.3703
vn -0.0921 -0.9289 -0.3587
vn -0.1363 -0.9289 -0.3443
vn -0.1784 -0.9289 -0.3245
vn -0.2176 -0.9289 -0.2996
vn -0.2535 -0.9289 -0.2699
vn -0.2853 -0.9289 -0.2360
vn -0.3126 -0.9289 -0.1984
vn -0.3350 -0.9289 -0.1577
vn -0.3522 -0.9289 -0.1144
vn -0.3637 -0.9289 -0.0694
vn -0.3696 -0.9289 -0.0232
vn -0.3696 -0.9289 0.0233
vn -0.3637 -0.9289 0.0694
vn -0.3522 -0.9289 0.1144
vn -0.3350 -0.9289 0.1577
vn -0.3126 -0.9289 0.1984
vn -0.2853 -0.9289 0.2360
vn -0.2535 -0.9289 0.2699
vn -0.2176 -0.9289 0.2996
vn -0.1784 -0.9289 0.3245
vn -0.1363 -0.9289 0.3443
vn -0.0921 -0.9289 0.3587
vn -0.0464 -0.9289 0.3674
vn 0.0000 -0.9289 0.3703
vn 0.0464 -0.9289 0.3674
vn 0.0921 -0.9289 0.3587
vn 0.1363 -0.9289 0.3443
vn 0.1784 -0.9289 0.3245
vn 0.2176 -0.9289 0.2996
vn 0.2535 -0.9289 0.2699
vn 0.2853 -0.9289 0.2360
vn 0.3126 -0.9289 0.1984
vn 0.3350 -0.9289 0.1577
vn 0.3522 -0.9289 0.1144
vn 0.3637 -0.9289 0.0694
vn 0.3696 -0.9289 0.0232
vn 0.3696 -0.9289 -0.0233
vn 0.3637 -0.9289 -0.0694
vn 0.3522 -0.9289 -0.1144
vn 0.3350 -0.9289 -0.1577
vn 0.3126 -0.9289 -0.1984
vn 0.2853 -0.9289 -0.2360
vn 0.2535 -0.9289 -0.2699
vn 0.2176 -0.9289 -0.2996
vn 0.1784 -0.9289 -0.3245
vn 0.1363 -0.9289 -0.3443
vn 0.0921 -0.9289 -0.3587
vn 0.0464 -0.9289 -0.3674
vn -0.0315 -0.9680 -0.2491
vn 0.0000 -0.9680 -0.2511
vn -0.0624 -0.9680 -0.2432
vn -0.0924 -0.9680 -0.2334
vn -0.1209 -0.9680 -0.2200
vn -0.1476 -0.9680 -0.2031
vn -0.1719 -0.9680 -0.1830
vn -0.1934 -0.9680 -0.1600
vn -0.2120 -0.9680 -0.1345
vn -0.2272 -0.9680 -0.1069
vn -0.2388 -0.9680 -0.0776
vn -0.2466 -0.9680 -0.0470
vn -0.2506 -0.9680 -0.0158
vn -0.2506 -0.9680 0.0158
vn -0.2466 -0.9680 0.0470
vn -0.2388 -0.9680 0.0776
vn -0.2272 -0.9680 0.1069
vn -0.2120 -0.9680 0.1345
vn -0.1934 -0.9680 0.1600
vn -0.1719 -0.9680 0.1830
vn -0.1476 -0.9680 0.2031
vn -0.1209 -0.9680 0.2200
vn -0.0924 -0.9680 0.2334
vn -0.0624 -0.9680 0.2432
vn -0.0315 -0.9680 0.2491
vn 0.0000 -0.9680 0.2511
vn 0.0315 -0.9680 0.2491
vn 0.0624 -0.9680 0.2432
vn 0.0924 -0.9680 0.2334
vn 0.1209 -0.9680 0.2200
vn 0.1476 -0.9680 0.2031
vn 0.1719 -0.9680 0.1830
vn 0.1934 -0.9680 0.1600
vn 0.2120 -0.9680 0.1345
vn 0.2272 -0.9680 0.1069
vn 0.2388 -0.9680 0.0776
vn 0.2466 -0.9680 0.0470
vn 0.2506 -0.9680 0.0158
vn 0.2506 -0.9680 -0.0158
vn 0.2466 -0.9680 -0.0470
vn 0.2388 -0.9680 -0.0776
vn 0.2272 -0.9680 -0.1069
vn 0.2120 -0.9680 -0.1345
vn 0.1934 -0.9680 -0.1600
vn 0.1719 -0.9680 -0.1830
vn 0.1476 -0.9680 -0.2031
vn 0.1209 -0.9680 -0.2200
vn 0.0924 -0.9680 -0.2334
vn 0.0624 -0.9680 -0.2432
vn 0.0315 -0.9680 -0.2491
vn -0.0160 -0.9918 -0.1268
vn 0.0000 -0.9918 -0.1278
vn -0.0318 -0.9918 -0.1238
vn -0.0471 -0.9918 -0.1188
vn -0.0616 -0.9918 -0.1120
vn -0.0751 -0.9918 -0.1034
vn -0.0875 -0.9918 -0.0932
vn -0.0985 -0.9918 -0.0815
vn -0.1079 -0.9918 -0.0685
vn -0.1156 -0.9918 -0.0544
vn -0.1216 -0.9918 -0.0395
vn -0.1255 -0.9918 -0.0239
vn -0.1276 -0.9918 -0.0080
vn -0.1276 -0.9918 0.0080
vn -0.1255 -0.9918 0.0239
vn -0.1216 -0.9918 0.0395
vn -0.1156 -0.9918 0.0544
vn -0.1079 -0.9918 0.0685
vn -0.0985 -0.9918 0.0815
vn -0.0875 -0.9918 0.0932
vn -0.0751 -0.9918 0.1034
vn -0.0616 -0.9918 0.1120
vn -0.0471 -0.9918 0.1188
vn -0.0318 -0.9918 0.1238
vn -0.0160 -0.9918 0.1268
vn 0.0000 -0.9918 0.1278
vn 0.0160 -0.9918 0.1268
vn 0.0318 -0.9918 0.1238
vn 0.0471 -0.9918 0.1188
vn 0.0616 -0.9918 0.1120
vn 0.0751 -0.9918 0.1034
vn 0.0875 -0.9918 0.0932
vn 0.0985 -0.9918 0.0815
vn 0.1079 -0.9918 0.0685
vn 0.1156 -0.9918 0.0544
vn 0.1216 -0.9918 0.0395
vn 0.1255 -0.9918 0.0239
vn 0.1276 -0.9918 0.0080
vn 0.1276 -0.9918 -0.0080
vn 0.1255 -0.9918 -0.0239
vn 0.1216 -0.9918 -0.0395
vn 0.1156 -0.9918 -0.0544
vn 0.1079 -0.9918 -0.0685
vn 0.0985 -0.9918 -0.0815
vn 0.0875 -0.9918 -0.0932
vn 0.0751 -0.9918 -0.1034
vn 0.0616 -0.9918 -0.1120
vn 0.0470 -0.9918 -0.1188
vn 0.0318 -0.9918 -0.1238
vn 0.0160 -0.9918 -0.1268
# 3052 vertex normals

vt 0.9172 0.0915 0.0000
vt 0.9188 0.0416 0.0000
vt 0.8174 0.1039 0.0000
vt 0.8188 0.1420 0.0000
vt 0.2153 0.8800 0.0000
vt 0.0950 0.9547 0.0000
vt 0.0962 0.8957 0.0000
vt 0.2142 0.8351 0.0000
vt 0.7996 0.0062 0.0000
vt 0.7965 0.0984 0.0000
vt 0.7876 0.0960 0.0000
vt 0.7807 0.0940 0.0000
vt 0.7738 0.0924 0.0000
vt 0.2434 0.8870 0.0000
vt 0.2370 0.9970 0.0000
vt 0.2557 0.8904 0.0000
vt 0.2669 0.8941 0.0000
vt 0.6387 0.1039 0.0000
vt 0.6596 0.0984 0.0000
vt 0.6565 0.0062 0.0000
vt 0.6685 0.0960 0.0000
vt 0.6754 0.0940 0.0000
vt 0.6823 0.0924 0.0000
vt 0.4081 0.9970 0.0000
vt 0.4017 0.8870 0.0000
vt 0.4298 0.8800 0.0000
vt 0.3894 0.8904 0.0000
vt 0.3782 0.8941 0.0000
vt 0.5373 0.0416 0.0000
vt 0.5389 0.0915 0.0000
vt 0.6373 0.1420 0.0000
vt 0.5501 0.9547 0.0000
vt 0.5489 0.8957 0.0000
vt 0.4309 0.8351 0.0000
vt 0.9156 0.7945 0.0000
vt 0.9761 0.6266 0.0000
vt 0.9966 0.6267 0.0000
vt 0.9447 0.7932 0.0000
vt 0.6941 0.8405 0.0000
vt 0.7117 0.8405 0.0000
vt 0.7638 0.9825 0.0000
vt 0.7387 0.9837 0.0000
vt 0.9975 0.9976 0.0000
vt 0.9770 0.9977 0.0000
vt 0.9165 0.8298 0.0000
vt 0.9455 0.8311 0.0000
vt 0.5276 0.2691 0.0000
vt 0.5277 0.2527 0.0000
vt 0.6233 0.2381 0.0000
vt 0.5277 0.2462 0.0000
vt 0.0881 0.7073 0.0000
vt 0.0881 0.6857 0.0000
vt 0.2067 0.7489 0.0000
vt 0.0881 0.7140 0.0000
vt 0.6350 0.1981 0.0000
vt 0.6353 0.2342 0.0000
vt 0.6232 0.2379 0.0000
vt 0.1854 0.8094 0.0000
vt 0.2067 0.7869 0.0000
vt 0.5277 0.2140 0.0000
vt 0.6179 0.1860 0.0000
vt 0.5276 0.2472 0.0000
vt 0.0883 0.7573 0.0000
vt 0.8209 0.1979 0.0000
vt 0.8380 0.1858 0.0000
vt 0.8300 0.2368 0.0000
vt 0.4383 0.7863 0.0000
vt 0.4383 0.7483 0.0000
vt 0.4596 0.8088 0.0000
vt 0.9283 0.2471 0.0000
vt 0.9282 0.2138 0.0000
vt 0.8206 0.2340 0.0000
vt 0.9283 0.2526 0.0000
vt 0.8326 0.2379 0.0000
vt 0.9282 0.2460 0.0000
vt 0.9284 0.2689 0.0000
vt 0.5568 0.6850 0.0000
vt 0.5568 0.7067 0.0000
vt 0.5568 0.7133 0.0000
vt 0.5566 0.7567 0.0000
vt 0.7918 0.3168 0.0000
vt 0.7873 0.5368 0.0000
vt 0.7903 0.5321 0.0000
vt 0.7841 0.3216 0.0000
vt 0.7831 0.5321 0.0000
vt 0.7942 0.5401 0.0000
vt 0.7981 0.3274 0.0000
vt 0.0809 0.5851 0.0000
vt -0.0000 0.6461 0.0000
vt -0.0000 0.6197 0.0000
vt 0.0809 0.5533 0.0000
vt 0.5207 0.3639 0.0000
vt 0.4440 0.3059 0.0000
vt 0.4440 0.2873 0.0000
vt 0.5210 0.3432 0.0000
vt 0.1853 0.4676 0.0000
vt 0.1861 0.5078 0.0000
vt 0.6160 0.4127 0.0000
vt 0.6160 0.4308 0.0000
vt 0.8400 0.4306 0.0000
vt 0.8399 0.4125 0.0000
vt 0.9349 0.3430 0.0000
vt 0.9352 0.3637 0.0000
vt 1.0119 0.2871 0.0000
vt 1.0119 0.3058 0.0000
vt 0.4588 0.5072 0.0000
vt 0.4597 0.4670 0.0000
vt 0.5641 0.5527 0.0000
vt 0.5641 0.5844 0.0000
vt 0.6456 0.6190 0.0000
vt 0.6456 0.6454 0.0000
vt 0.7652 0.3301 0.0000
vt 0.7697 0.5385 0.0000
vt 0.7694 0.3215 0.0000
vt 0.7750 0.5323 0.0000
vt 0.7775 0.3125 0.0000
vt 0.7788 0.5381 0.0000
vt 0.2924 0.1232 0.0000
vt 0.2943 0.1073 0.0000
vt 0.2981 0.1102 0.0000
vt 0.2962 0.1243 0.0000
vt 0.2929 0.1338 0.0000
vt 0.2961 0.1411 0.0000
vt 0.2954 0.1279 0.0000
vt 0.2865 0.1237 0.0000
vt 0.2855 0.1336 0.0000
vt 0.2913 0.1357 0.0000
vt 0.2891 0.1063 0.0000
vt 0.2795 0.2111 0.0000
vt 0.2724 0.2110 0.0000
vt 0.2752 0.1587 0.0000
vt 0.2822 0.1567 0.0000
vt 0.2898 0.1544 0.0000
vt 0.2831 0.1552 0.0000
vt 0.6650 0.5321 0.0000
vt 0.6680 0.5368 0.0000
vt 0.6644 0.3168 0.0000
vt 0.6582 0.3274 0.0000
vt 0.6610 0.5401 0.0000
vt 0.6722 0.5321 0.0000
vt 0.6721 0.3216 0.0000
vt 0.6765 0.5381 0.0000
vt 0.6787 0.3125 0.0000
vt 0.6803 0.5323 0.0000
vt 0.6855 0.5385 0.0000
vt 0.6868 0.3215 0.0000
vt 0.6911 0.3301 0.0000
vt 0.6287 0.3102 0.0000
vt 0.6261 0.3949 0.0000
vt 0.6170 0.3950 0.0000
vt 0.6220 0.3104 0.0000
vt 0.6213 0.4011 0.0000
vt 0.6355 0.3100 0.0000
vt 0.6352 0.3947 0.0000
vt 0.6306 0.4011 0.0000
vt 0.8007 0.3161 0.0000
vt 0.8032 0.3800 0.0000
vt 0.8111 0.3873 0.0000
vt 0.8091 0.3134 0.0000
vt 0.8073 0.3893 0.0000
vt 0.8152 0.3972 0.0000
vt 0.8190 0.3947 0.0000
vt 0.8175 0.3106 0.0000
vt 0.8040 0.2700 0.0000
vt 0.7991 0.2753 0.0000
vt 0.8091 0.2754 0.0000
vt 0.8140 0.2700 0.0000
vt 0.8090 0.2754 0.0000
vt 0.8190 0.2754 0.0000
vt 0.6322 0.2700 0.0000
vt 0.6354 0.2755 0.0000
vt 0.6289 0.2755 0.0000
vt 0.6257 0.2700 0.0000
vt 0.6289 0.2757 0.0000
vt 0.6224 0.2758 0.0000
vt 0.6471 0.3134 0.0000
vt 0.6451 0.3873 0.0000
vt 0.6531 0.3800 0.0000
vt 0.6555 0.3161 0.0000
vt 0.6489 0.3893 0.0000
vt 0.6522 0.2700 0.0000
vt 0.6471 0.2754 0.0000
vt 0.6571 0.2753 0.0000
vt 0.6421 0.2700 0.0000
vt 0.6372 0.2754 0.0000
vt 0.6472 0.2754 0.0000
vt 0.6386 0.3106 0.0000
vt 0.6371 0.3947 0.0000
vt 0.6455 0.3906 0.0000
vt 0.6409 0.3972 0.0000
vt 0.8272 0.3101 0.0000
vt 0.8298 0.3948 0.0000
vt 0.8219 0.3934 0.0000
vt 0.8204 0.3099 0.0000
vt 0.8254 0.4011 0.0000
vt 0.8205 0.2754 0.0000
vt 0.8270 0.2756 0.0000
vt 0.8238 0.2700 0.0000
vt 0.8270 0.2758 0.0000
vt 0.8336 0.2760 0.0000
vt 0.8339 0.3103 0.0000
vt 0.8302 0.2700 0.0000
vt 0.8393 0.3968 0.0000
vt 0.8309 0.3936 0.0000
vt 0.8346 0.4011 0.0000
vt 0.7313 0.7157 0.0000
vt 0.7346 0.7113 0.0000
vt 0.7280 0.7113 0.0000
vt 0.7378 0.7157 0.0000
vt 0.7412 0.7113 0.0000
vt 0.7351 0.6833 0.0000
vt 0.7421 0.6833 0.0000
vt 0.7280 0.6833 0.0000
vt 0.7315 0.6793 0.0000
vt 0.7385 0.6793 0.0000
vt 0.7248 0.7157 0.0000
vt 0.7215 0.7113 0.0000
vt 0.7149 0.7113 0.0000
vt 0.7183 0.7157 0.0000
vt 0.7140 0.6833 0.0000
vt 0.7210 0.6833 0.0000
vt 0.7246 0.6793 0.0000
vt 0.7176 0.6793 0.0000
vt 0.7280 0.6348 0.0000
vt 0.7344 0.6348 0.0000
vt 0.7408 0.6348 0.0000
vt 0.7313 0.6299 0.0000
vt 0.7378 0.6299 0.0000
vt 0.7216 0.6348 0.0000
vt 0.7152 0.6348 0.0000
vt 0.7183 0.6299 0.0000
vt 0.7248 0.6299 0.0000
vt 0.7439 0.2150 0.0000
vt 0.7121 0.2150 0.0000
vt 0.7339 0.2150 0.0000
vt 0.7222 0.2150 0.0000
vt 0.9900 0.0100 0.0000
vt 0.9900 0.0010 0.0000
vt 0.3389 0.0742 0.0000
vt 0.3450 0.0752 0.0000
vt 0.3495 0.0967 0.0000
vt 0.3062 0.0742 0.0000
vt 0.3038 0.0973 0.0000
vt 0.2956 0.0967 0.0000
vt 0.4383 0.5848 0.0000
vt 0.4383 0.5114 0.0000
vt 0.4197 0.8245 0.0000
vt 0.4351 0.7786 0.0000
vt 0.6338 0.1893 0.0000
vt 0.6398 0.1040 0.0000
vt 0.6391 0.1044 0.0000
vt 0.6568 0.1789 0.0000
vt 0.6547 0.1289 0.0000
vt 0.6468 0.1049 0.0000
vt 0.7993 0.1789 0.0000
vt 0.8223 0.1893 0.0000
vt 0.8014 0.1289 0.0000
vt 0.8170 0.1044 0.0000
vt 0.8163 0.1040 0.0000
vt 0.2100 0.7786 0.0000
vt 0.2254 0.8245 0.0000
vt 0.5640 0.5845 0.0000
vt 0.5640 0.6223 0.0000
vt 0.5568 0.6201 0.0000
vt 0.5638 0.7027 0.0000
vt 0.5569 0.7134 0.0000
vt 0.5569 0.7068 0.0000
vt 0.6456 0.6659 0.0000
vt 0.3226 0.4117 0.0000
vt 0.3352 0.4116 0.0000
vt 0.3358 0.4885 0.0000
vt 0.3226 0.4886 0.0000
vt 0.3100 0.4116 0.0000
vt 0.3225 0.4886 0.0000
vt 0.3094 0.4885 0.0000
vt 0.3290 0.1151 0.0000
vt 0.3313 0.0972 0.0000
vt 0.3346 0.1161 0.0000
vt 0.7673 0.6468 0.0000
vt 0.7680 0.6332 0.0000
vt 0.7684 0.6344 0.0000
vt 0.7666 0.6603 0.0000
vt 0.7654 0.6763 0.0000
vt 0.7606 0.6763 0.0000
vt 0.7647 0.6763 0.0000
vt 0.7688 0.6357 0.0000
vt 0.7631 0.6414 0.0000
vt 0.6872 0.6357 0.0000
vt 0.6877 0.6344 0.0000
vt 0.6910 0.6763 0.0000
vt 0.6955 0.6763 0.0000
vt 0.6929 0.6414 0.0000
vt 0.8113 0.6132 0.0000
vt 0.8187 0.5577 0.0000
vt 0.8128 0.5500 0.0000
vt 0.8039 0.6071 0.0000
vt 0.8243 0.5047 0.0000
vt 0.8169 0.5074 0.0000
vt 0.8321 0.4406 0.0000
vt 0.8202 0.4389 0.0000
vt 0.6433 0.5500 0.0000
vt 0.6374 0.5577 0.0000
vt 0.6448 0.6132 0.0000
vt 0.6522 0.6071 0.0000
vt 0.6317 0.5047 0.0000
vt 0.6392 0.5074 0.0000
vt 0.6359 0.4389 0.0000
vt 0.6240 0.4406 0.0000
vt 0.8025 0.5266 0.0000
vt 0.8048 0.4238 0.0000
vt 0.6537 0.5266 0.0000
vt 0.6514 0.4238 0.0000
vt 0.6350 0.4383 0.0000
vt 0.6351 0.4127 0.0000
vt 0.6288 0.4393 0.0000
vt 0.1849 0.5046 0.0000
vt 0.1855 0.4675 0.0000
vt 0.2067 0.5120 0.0000
vt 0.2067 0.5854 0.0000
vt 0.0881 0.6207 0.0000
vt 0.0809 0.5852 0.0000
vt 0.5276 0.3132 0.0000
vt 0.6248 0.2745 0.0000
vt 0.6320 0.2733 0.0000
vt 0.6162 0.3953 0.0000
vt 0.5211 0.2546 0.0000
vt 0.5210 0.3117 0.0000
vt 0.0812 0.7033 0.0000
vt 0.0810 0.6230 0.0000
vt 0.0881 0.6858 0.0000
vt 0.0881 0.7074 0.0000
vt 0.0881 0.7141 0.0000
vt -0.0000 0.6666 0.0000
vt 0.5210 0.3118 0.0000
vt 0.4441 0.2744 0.0000
vt 0.4442 0.2744 0.0000
vt 0.9349 0.3116 0.0000
vt 1.0119 0.2742 0.0000
vt 0.9349 0.2544 0.0000
vt 0.9284 0.2471 0.0000
vt 1.0118 0.2742 0.0000
vt 0.9284 0.3131 0.0000
vt 0.8239 0.2732 0.0000
vt 0.8270 0.2757 0.0000
vt 0.8312 0.2744 0.0000
vt 0.8209 0.4382 0.0000
vt 0.8208 0.4125 0.0000
vt 0.8271 0.4391 0.0000
vt 0.2577 0.3058 0.0000
vt 0.2232 0.2727 0.0000
vt 0.2454 0.2431 0.0000
vt 0.2144 0.3389 0.0000
vt 0.2484 0.3804 0.0000
vt 0.2076 0.4022 0.0000
vt 0.2488 0.3804 0.0000
vt 0.2445 0.4250 0.0000
vt 0.1984 0.4786 0.0000
vt 0.2384 0.4955 0.0000
vt 0.2131 0.5114 0.0000
vt 0.3997 0.2431 0.0000
vt 0.4219 0.2727 0.0000
vt 0.3887 0.2845 0.0000
vt 0.4307 0.3389 0.0000
vt 0.3974 0.3803 0.0000
vt 0.4375 0.4022 0.0000
vt 0.4467 0.4786 0.0000
vt 0.4035 0.4266 0.0000
vt 0.3967 0.3804 0.0000
vt 0.4320 0.5114 0.0000
vt 0.4045 0.4946 0.0000
vt 0.4391 0.4508 0.0000
vt 0.4595 0.4669 0.0000
vt 0.2059 0.4514 0.0000
vt 0.3006 0.2540 0.0000
vt 0.3072 0.2764 0.0000
vt 0.2837 0.3056 0.0000
vt 0.2831 0.2550 0.0000
vt 0.3373 0.2736 0.0000
vt 0.3439 0.2503 0.0000
vt 0.3604 0.2504 0.0000
vt 0.3613 0.3049 0.0000
vt 0.3510 0.3734 0.0000
vt 0.3506 0.2952 0.0000
vt 0.3571 0.2901 0.0000
vt 0.3419 0.3744 0.0000
vt 0.3425 0.2965 0.0000
vt 0.3324 0.3753 0.0000
vt 0.3329 0.2971 0.0000
vt 0.3226 0.3758 0.0000
vt 0.3226 0.2972 0.0000
vt 0.3127 0.3753 0.0000
vt 0.3122 0.2971 0.0000
vt 0.3032 0.3744 0.0000
vt 0.3027 0.2965 0.0000
vt 0.2945 0.2952 0.0000
vt 0.2941 0.3734 0.0000
vt 0.2880 0.2901 0.0000
vt 0.8349 0.3989 0.0000
vt 0.8306 0.3951 0.0000
vt 0.8262 0.3972 0.0000
vt 0.6168 0.3983 0.0000
vt 0.6213 0.4002 0.0000
vt 0.6260 0.3965 0.0000
vt 0.6305 0.3984 0.0000
vt 0.6564 0.2160 0.0000
vt 0.6511 0.2574 0.0000
vt 0.6338 0.2355 0.0000
vt 0.6420 0.2673 0.0000
vt 0.7996 0.2160 0.0000
vt 0.8142 0.2673 0.0000
vt 0.8223 0.2355 0.0000
vt 0.7280 0.7377 0.0000
vt 0.7161 0.7377 0.0000
vt 0.7400 0.7377 0.0000
vt 0.7131 0.5908 0.0000
vt 0.7280 0.5908 0.0000
vt 0.7429 0.5908 0.0000
vt 0.7047 0.6555 0.0000
vt 0.7042 0.6763 0.0000
vt 0.7519 0.6763 0.0000
vt 0.7514 0.6555 0.0000
vt 0.7063 0.7113 0.0000
vt 0.7498 0.7113 0.0000
vt 0.7505 0.6310 0.0000
vt 0.7430 0.5908 0.0000
vt 0.7052 0.6159 0.0000
vt 0.7040 0.6061 0.0000
vt 0.6944 0.6059 0.0000
vt 0.7045 0.6172 0.0000
vt 0.7617 0.6059 0.0000
vt 0.7508 0.6190 0.0000
vt 0.7521 0.6061 0.0000
vt 0.1000 0.9000 0.0000
vt 0.6718 0.5940 0.0000
vt 0.6604 0.6023 0.0000
vt 0.6635 0.6163 0.0000
vt 0.6552 0.6385 0.0000
vt 0.7957 0.6023 0.0000
vt 0.7927 0.6161 0.0000
vt 0.8012 0.6382 0.0000
vt 0.7842 0.5940 0.0000
vt 0.2890 0.1993 0.0000
vt 0.2828 0.2306 0.0000
vt 0.2794 0.2111 0.0000
vt 0.2707 0.2017 0.0000
vt 0.2729 0.1594 0.0000
vt 0.2701 0.2109 0.0000
vt 0.2846 0.1239 0.0000
vt 0.2808 0.1555 0.0000
vt 0.2888 0.0971 0.0000
vt 0.5569 0.6852 0.0000
vt 0.2967 0.9254 0.0000
vt 0.3018 0.9180 0.0000
vt 0.3093 0.9131 0.0000
vt 0.3182 0.9114 0.0000
vt 0.3271 0.9131 0.0000
vt 0.3347 0.9180 0.0000
vt 0.3398 0.9254 0.0000
vt 0.3415 0.9341 0.0000
vt 0.3398 0.9428 0.0000
vt 0.3347 0.9501 0.0000
vt 0.3271 0.9551 0.0000
vt 0.3182 0.9568 0.0000
vt 0.3093 0.9551 0.0000
vt 0.3018 0.9501 0.0000
vt 0.2967 0.9428 0.0000
vt 0.2949 0.9341 0.0000
vt 0.7407 0.9971 0.0000
vt 0.7946 0.9955 0.0000
vt 0.9424 0.8087 0.0000
vt 0.8804 0.8074 0.0000
vt 0.9042 0.9949 0.0000
vt 0.8634 0.9945 0.0000
vt 0.7622 0.8405 0.0000
vt 0.7117 0.8408 0.0000
vt 0.7636 0.9849 0.0000
vt 0.9154 0.7917 0.0000
vt 0.7518 0.8061 0.0000
vt 0.9172 0.6266 0.0000
vt 0.8093 0.8085 0.0000
vt 0.9762 0.6266 0.0000
vt 0.9432 0.8156 0.0000
vt 0.8813 0.8169 0.0000
vt 0.9163 0.8326 0.0000
vt 0.9181 0.9977 0.0000
vt 0.7526 0.8182 0.0000
vt 0.8101 0.8158 0.0000
vt 0.7613 0.4311 0.0000
vt 0.7563 0.5913 0.0000
vt 0.7281 0.4315 0.0000
vt 0.6998 0.5913 0.0000
vt 0.6949 0.4311 0.0000
vt 0.6891 0.1772 0.0000
vt 0.7046 0.1285 0.0000
vt 0.6954 0.1184 0.0000
vt 0.7021 0.1761 0.0000
vt 0.6921 0.1259 0.0000
vt 0.6924 0.2158 0.0000
vt 0.6740 0.1776 0.0000
vt 0.6740 0.2168 0.0000
vt 0.7670 0.1772 0.0000
vt 0.7636 0.2158 0.0000
vt 0.7820 0.2168 0.0000
vt 0.7820 0.1776 0.0000
vt 0.6741 0.2809 0.0000
vt 0.6893 0.2774 0.0000
vt 0.7821 0.2809 0.0000
vt 0.7670 0.2774 0.0000
vt 0.8031 0.3800 0.0000
vt 0.8073 0.3895 0.0000
vt 0.8197 0.4132 0.0000
vt 0.8153 0.3968 0.0000
vt 0.6364 0.4132 0.0000
vt 0.6408 0.3968 0.0000
vt 0.6488 0.3895 0.0000
vt 0.6862 0.5979 0.0000
vt 0.6859 0.6051 0.0000
vt 0.6856 0.6124 0.0000
vt 0.6881 0.6332 0.0000
vt 0.7703 0.6009 0.0000
vt 0.7699 0.5979 0.0000
vt 0.7707 0.6039 0.0000
vt 0.6820 0.0921 0.0000
vt 0.6815 0.1258 0.0000
vt 0.6952 0.0942 0.0000
vt 0.7639 0.1259 0.0000
vt 0.7746 0.1258 0.0000
vt 0.7741 0.0921 0.0000
vt 0.7608 0.0942 0.0000
vt 0.6975 0.3294 0.0000
vt 0.7281 0.3281 0.0000
vt 0.7588 0.3294 0.0000
vt 0.7905 0.1276 0.0000
vt 0.7810 0.1267 0.0000
vt 0.7737 0.0921 0.0000
vt 0.7609 0.0942 0.0000
vt 0.7586 0.1028 0.0000
vt 0.7909 0.1779 0.0000
vt 0.7607 0.1184 0.0000
vt 0.7515 0.1285 0.0000
vt 0.7540 0.1761 0.0000
vt 0.7412 0.1282 0.0000
vt 0.7431 0.1757 0.0000
vt 0.7408 0.1282 0.0000
vt 0.7280 0.1270 0.0000
vt 0.7280 0.1753 0.0000
vt 0.7426 0.1757 0.0000
vt 0.7906 0.2165 0.0000
vt 0.7555 0.2154 0.0000
vt 0.7432 0.1758 0.0000
vt 0.7426 0.1758 0.0000
vt 0.7280 0.2142 0.0000
vt 0.7602 0.2761 0.0000
vt 0.7549 0.2761 0.0000
vt 0.7281 0.2748 0.0000
vt 0.7924 0.2820 0.0000
vt 0.7573 0.6763 0.0000
vt 0.7628 0.6763 0.0000
vt 0.7591 0.7113 0.0000
vt 0.7673 0.6696 0.0000
vt 0.7627 0.6763 0.0000
vt 0.7630 0.7114 0.0000
vt 0.7481 0.7377 0.0000
vt 0.7564 0.7377 0.0000
vt 0.7599 0.7378 0.0000
vt 0.7280 0.7603 0.0000
vt 0.7381 0.7603 0.0000
vt 0.7458 0.7603 0.0000
vt 0.7533 0.7603 0.0000
vt 0.7563 0.7603 0.0000
vt 0.7280 0.7775 0.0000
vt 0.7359 0.7791 0.0000
vt 0.7430 0.7792 0.0000
vt 0.7496 0.7792 0.0000
vt 0.7521 0.7793 0.0000
vt 0.7280 0.7939 0.0000
vt 0.7335 0.7949 0.0000
vt 0.7396 0.7950 0.0000
vt 0.7448 0.7950 0.0000
vt 0.7468 0.7950 0.0000
vt 0.7281 0.8105 0.0000
vt 0.7287 0.8104 0.0000
vt 0.7360 0.8123 0.0000
vt 0.7353 0.8121 0.0000
vt 0.7337 0.8124 0.0000
vt 0.7393 0.8122 0.0000
vt 0.7343 0.8149 0.0000
vt 0.7281 0.8137 0.0000
vt 0.7280 0.8258 0.0000
vt 0.7302 0.8258 0.0000
vt 0.7382 0.8147 0.0000
vt 0.7316 0.8258 0.0000
vt 0.7328 0.8259 0.0000
vt 0.7328 0.8149 0.0000
vt 0.3225 0.0187 0.0000
vt 0.3189 0.0326 0.0000
vt 0.6656 0.1276 0.0000
vt 0.6751 0.1267 0.0000
vt 0.6824 0.0921 0.0000
vt 0.6975 0.1028 0.0000
vt 0.6652 0.1779 0.0000
vt 0.7129 0.1757 0.0000
vt 0.7149 0.1282 0.0000
vt 0.7134 0.1757 0.0000
vt 0.7153 0.1282 0.0000
vt 0.6655 0.2165 0.0000
vt 0.7006 0.2154 0.0000
vt 0.7127 0.1757 0.0000
vt 0.7134 0.1758 0.0000
vt 0.6960 0.2761 0.0000
vt 0.7013 0.2761 0.0000
vt 0.6638 0.2820 0.0000
vt 0.6888 0.6468 0.0000
vt 0.6895 0.6603 0.0000
vt 0.6906 0.6763 0.0000
vt 0.6986 0.6763 0.0000
vt 0.6970 0.7113 0.0000
vt 0.6930 0.6763 0.0000
vt 0.6931 0.7114 0.0000
vt 0.6931 0.6763 0.0000
vt 0.6876 0.6700 0.0000
vt 0.7080 0.7377 0.0000
vt 0.6997 0.7377 0.0000
vt 0.6962 0.7378 0.0000
vt 0.7179 0.7603 0.0000
vt 0.7103 0.7603 0.0000
vt 0.7028 0.7603 0.0000
vt 0.6997 0.7603 0.0000
vt 0.7202 0.7791 0.0000
vt 0.7131 0.7792 0.0000
vt 0.7065 0.7792 0.0000
vt 0.7040 0.7793 0.0000
vt 0.7226 0.7949 0.0000
vt 0.7165 0.7950 0.0000
vt 0.7113 0.7950 0.0000
vt 0.7093 0.7950 0.0000
vt 0.7280 0.8105 0.0000
vt 0.7201 0.8123 0.0000
vt 0.7274 0.8104 0.0000
vt 0.7207 0.8121 0.0000
vt 0.7168 0.8121 0.0000
vt 0.7223 0.8125 0.0000
vt 0.7168 0.8122 0.0000
vt 0.7259 0.8258 0.0000
vt 0.7280 0.8137 0.0000
vt 0.7220 0.8150 0.0000
vt 0.7233 0.8259 0.0000
vt 0.7245 0.8258 0.0000
vt 0.7176 0.8150 0.0000
vt 0.7235 0.8147 0.0000
vt 0.2586 0.7360 0.0000
vt 0.2475 0.7354 0.0000
vt 0.2378 0.5757 0.0000
vt 0.2688 0.5723 0.0000
vt 0.2316 0.7203 0.0000
vt 0.2352 0.5757 0.0000
vt 0.2100 0.7235 0.0000
vt 0.2068 0.5847 0.0000
vt 0.2324 0.5758 0.0000
vt 0.3865 0.7360 0.0000
vt 0.3700 0.7309 0.0000
vt 0.3670 0.5727 0.0000
vt 0.3763 0.5723 0.0000
vt 0.3976 0.7354 0.0000
vt 0.4027 0.5758 0.0000
vt 0.4135 0.7203 0.0000
vt 0.4100 0.5757 0.0000
vt 0.4351 0.7235 0.0000
vt 0.4099 0.5757 0.0000
vt 0.4380 0.5848 0.0000
vt 0.3712 0.3156 0.0000
vt 0.3874 0.3058 0.0000
vt 0.3966 0.3804 0.0000
vt 0.3785 0.2558 0.0000
vt 0.3677 0.2547 0.0000
vt 0.3674 0.2321 0.0000
vt 0.3608 0.2506 0.0000
vt 0.3613 0.2256 0.0000
vt 0.3484 0.2338 0.0000
vt 0.3521 0.2137 0.0000
vt 0.3637 0.1927 0.0000
vt 0.3736 0.1962 0.0000
vt 0.3544 0.1941 0.0000
vt 0.4107 0.8747 0.0000
vt 0.2344 0.8747 0.0000
vt 0.2064 0.0132 0.0000
vt 0.2163 0.0102 0.0000
vt 0.2188 0.0173 0.0000
vt 0.2074 0.0194 0.0000
vt 0.2177 0.0592 0.0000
vt 0.2290 0.0613 0.0000
vt 0.2294 0.0680 0.0000
vt 0.2195 0.0650 0.0000
vt 0.3788 0.8082 0.0000
vt 0.3629 0.8937 0.0000
vt 0.3681 0.8085 0.0000
vt 0.3898 0.8117 0.0000
vt 0.3771 0.8933 0.0000
vt 0.3778 0.8935 0.0000
vt 0.3769 0.8928 0.0000
vt 0.3251 0.0187 0.0000
vt 0.3306 0.0315 0.0000
vt 0.3226 0.0187 0.0000
vt 0.3273 0.0187 0.0000
vt 0.3349 0.0321 0.0000
vt 0.3316 0.0313 0.0000
vt 0.3283 0.0188 0.0000
vt 0.3260 0.0362 0.0000
vt 0.3334 0.0572 0.0000
vt 0.3234 0.0568 0.0000
vt 0.3254 0.0361 0.0000
vt 0.3303 0.0339 0.0000
vt 0.3315 0.0345 0.0000
vt 0.3396 0.0568 0.0000
vt 0.3319 0.0339 0.0000
vt 0.3364 0.0350 0.0000
vt 0.3450 0.0557 0.0000
vt 0.3397 0.0549 0.0000
vt 0.3224 0.0680 0.0000
vt 0.3226 0.0571 0.0000
vt 0.3268 0.0670 0.0000
vt 0.3343 0.0733 0.0000
vt 0.3271 0.0665 0.0000
vt 0.3233 0.0570 0.0000
vt 0.3413 0.0973 0.0000
vt 0.3317 0.0973 0.0000
vt 0.3271 0.0666 0.0000
vt 0.3309 0.0946 0.0000
vt 0.3228 0.0675 0.0000
vt 0.3269 0.0666 0.0000
vt 0.3325 0.0968 0.0000
vt 0.3226 0.0978 0.0000
vt 0.3316 0.0975 0.0000
vt 0.3414 0.0972 0.0000
vt 0.3334 0.0977 0.0000
vt 0.3300 0.1154 0.0000
vt 0.3226 0.1146 0.0000
vt 0.3426 0.1157 0.0000
vt 0.3383 0.1158 0.0000
vt 0.3405 0.0972 0.0000
vt 0.3395 0.0569 0.0000
vt 0.3414 0.0973 0.0000
vt 0.3527 0.1232 0.0000
vt 0.3409 0.0955 0.0000
vt 0.3402 0.0566 0.0000
vt 0.3513 0.0745 0.0000
vt 0.3563 0.0971 0.0000
vt 0.3606 0.1239 0.0000
vt 0.3467 0.1326 0.0000
vt 0.3514 0.1497 0.0000
vt 0.3420 0.1318 0.0000
vt 0.3462 0.1435 0.0000
vt 0.3512 0.1627 0.0000
vt 0.3553 0.1544 0.0000
vt 0.3535 0.1802 0.0000
vt 0.3513 0.1651 0.0000
vt 0.3596 0.2030 0.0000
vt 0.3643 0.1555 0.0000
vt 0.3684 0.2056 0.0000
vt 0.3595 0.2079 0.0000
vt 0.3570 0.5728 0.0000
vt 0.3715 0.7308 0.0000
vt 0.3605 0.7301 0.0000
vt 0.3475 0.5727 0.0000
vt 0.3572 0.5728 0.0000
vt 0.3498 0.7303 0.0000
vt 0.3362 0.5729 0.0000
vt 0.3368 0.7304 0.0000
vt 0.3226 0.5734 0.0000
vt 0.3358 0.5729 0.0000
vt 0.3225 0.7304 0.0000
vt 0.4044 0.4946 0.0000
vt 0.4098 0.5757 0.0000
vt 0.4088 0.5758 0.0000
vt 0.3737 0.4887 0.0000
vt 0.4096 0.5757 0.0000
vt 0.3660 0.4885 0.0000
vt 0.3571 0.4885 0.0000
vt 0.3476 0.4885 0.0000
vt 0.3572 0.4885 0.0000
vt 0.3360 0.4885 0.0000
vt 0.3360 0.5729 0.0000
vt 0.4031 0.8238 0.0000
vt 0.3617 0.8088 0.0000
vt 0.3624 0.8720 0.0000
vt 0.3629 0.8936 0.0000
vt 0.3381 0.8071 0.0000
vt 0.3517 0.8070 0.0000
vt 0.3509 0.8720 0.0000
vt 0.3383 0.8720 0.0000
vt 0.3614 0.8090 0.0000
vt 0.3226 0.8070 0.0000
vt 0.3377 0.8071 0.0000
vt 0.3385 0.8720 0.0000
vt 0.3226 0.8720 0.0000
vt 0.4191 0.7669 0.0000
vt 0.4376 0.7197 0.0000
vt 0.4054 0.7588 0.0000
vt 0.3602 0.7301 0.0000
vt 0.3600 0.8086 0.0000
vt 0.3606 0.7302 0.0000
vt 0.3626 0.8088 0.0000
vt 0.3372 0.7304 0.0000
vt 0.3226 0.7304 0.0000
vt 0.3377 0.8070 0.0000
vt 0.4600 0.5039 0.0000
vt 0.4029 0.4266 0.0000
vt 0.3707 0.4119 0.0000
vt 0.4031 0.4266 0.0000
vt 0.4043 0.4946 0.0000
vt 0.3646 0.4111 0.0000
vt 0.3577 0.4111 0.0000
vt 0.3598 0.4885 0.0000
vt 0.3485 0.4113 0.0000
vt 0.3569 0.4884 0.0000
vt 0.3359 0.4117 0.0000
vt 0.3362 0.4886 0.0000
vt 0.3699 0.3712 0.0000
vt 0.4030 0.4266 0.0000
vt 0.3652 0.3705 0.0000
vt 0.3608 0.3715 0.0000
vt 0.3612 0.3718 0.0000
vt 0.3339 0.4123 0.0000
vt 0.3355 0.4115 0.0000
vt 0.3356 0.4116 0.0000
vt 0.3659 0.3159 0.0000
vt 0.3662 0.3159 0.0000
vt 0.3674 0.3158 0.0000
vt 0.3622 0.3716 0.0000
vt 0.3613 0.3717 0.0000
vt 0.3575 0.1849 0.0000
vt 0.2770 0.8085 0.0000
vt 0.2822 0.8937 0.0000
vt 0.2663 0.8082 0.0000
vt 0.2553 0.8117 0.0000
vt 0.2673 0.8935 0.0000
vt 0.2680 0.8933 0.0000
vt 0.2682 0.8928 0.0000
vt 0.3154 0.0315 0.0000
vt 0.3200 0.0187 0.0000
vt 0.3142 0.0313 0.0000
vt 0.3102 0.0321 0.0000
vt 0.3178 0.0187 0.0000
vt 0.3168 0.0188 0.0000
vt 0.3218 0.0568 0.0000
vt 0.3117 0.0572 0.0000
vt 0.3191 0.0362 0.0000
vt 0.3148 0.0339 0.0000
vt 0.3197 0.0361 0.0000
vt 0.3055 0.0568 0.0000
vt 0.3136 0.0345 0.0000
vt 0.3050 0.0566 0.0000
vt 0.3001 0.0557 0.0000
vt 0.3087 0.0350 0.0000
vt 0.3133 0.0339 0.0000
vt 0.3183 0.0669 0.0000
vt 0.3225 0.0571 0.0000
vt 0.3227 0.0680 0.0000
vt 0.3109 0.0733 0.0000
vt 0.3180 0.0665 0.0000
vt 0.3218 0.0570 0.0000
vt 0.3037 0.0972 0.0000
vt 0.3127 0.0974 0.0000
vt 0.3131 0.0956 0.0000
vt 0.3180 0.0666 0.0000
vt 0.3103 0.0976 0.0000
vt 0.3219 0.0675 0.0000
vt 0.3105 0.1161 0.0000
vt 0.3048 0.0953 0.0000
vt 0.3124 0.0979 0.0000
vt 0.3119 0.0980 0.0000
vt 0.3141 0.1158 0.0000
vt 0.3146 0.1155 0.0000
vt 0.3103 0.0977 0.0000
vt 0.3046 0.0972 0.0000
vt 0.3068 0.1158 0.0000
vt 0.3025 0.1157 0.0000
vt 0.3001 0.0752 0.0000
vt 0.3056 0.0569 0.0000
vt 0.3037 0.0973 0.0000
vt 0.2983 0.1093 0.0000
vt 0.3042 0.0955 0.0000
vt 0.2974 0.1194 0.0000
vt 0.2938 0.0745 0.0000
vt 0.3054 0.0568 0.0000
vt 0.2937 0.1497 0.0000
vt 0.2984 0.1326 0.0000
vt 0.2989 0.1435 0.0000
vt 0.3031 0.1318 0.0000
vt 0.2939 0.1627 0.0000
vt 0.2938 0.1651 0.0000
vt 0.2916 0.1802 0.0000
vt 0.2907 0.1941 0.0000
vt 0.2874 0.4111 0.0000
vt 0.2805 0.4111 0.0000
vt 0.2799 0.3705 0.0000
vt 0.2881 0.3714 0.0000
vt 0.2966 0.4113 0.0000
vt 0.3092 0.4117 0.0000
vt 0.3097 0.4115 0.0000
vt 0.2739 0.3156 0.0000
vt 0.2486 0.3804 0.0000
vt 0.2670 0.2572 0.0000
vt 0.2770 0.2576 0.0000
vt 0.2772 0.2361 0.0000
vt 0.2828 0.2308 0.0000
vt 0.2833 0.2547 0.0000
vt 0.2914 0.2205 0.0000
vt 0.2948 0.2403 0.0000
vt 0.2978 0.2573 0.0000
vt 0.2914 0.2203 0.0000
vt 0.2752 0.3712 0.0000
vt 0.3072 0.2765 0.0000
vt 0.2714 0.4887 0.0000
vt 0.2443 0.4250 0.0000
vt 0.2744 0.4119 0.0000
vt 0.2791 0.4885 0.0000
vt 0.2880 0.4885 0.0000
vt 0.2975 0.4885 0.0000
vt 0.2879 0.4885 0.0000
vt 0.3091 0.4886 0.0000
vt 0.3087 0.4117 0.0000
vt 0.2444 0.4250 0.0000
vt 0.2260 0.7669 0.0000
vt 0.2075 0.7196 0.0000
vt 0.2420 0.8238 0.0000
vt 0.2397 0.7588 0.0000
vt 0.2752 0.7309 0.0000
vt 0.2836 0.8088 0.0000
vt 0.2826 0.7303 0.0000
vt 0.2934 0.8070 0.0000
vt 0.2827 0.8088 0.0000
vt 0.2847 0.7301 0.0000
vt 0.2953 0.7303 0.0000
vt 0.3070 0.8071 0.0000
vt 0.3076 0.7304 0.0000
vt 0.3074 0.8070 0.0000
vt 0.3082 0.7304 0.0000
vt 0.2353 0.5757 0.0000
vt 0.2364 0.5758 0.0000
vt 0.2382 0.4955 0.0000
vt 0.2781 0.5727 0.0000
vt 0.2881 0.5728 0.0000
vt 0.2976 0.5727 0.0000
vt 0.2879 0.5728 0.0000
vt 0.3090 0.5729 0.0000
vt 0.3089 0.4885 0.0000
vt 0.3093 0.5729 0.0000
vt 0.3093 0.4885 0.0000
vt 0.2822 0.8936 0.0000
vt 0.2810 0.8720 0.0000
vt 0.2834 0.8088 0.0000
vt 0.2939 0.8720 0.0000
vt 0.3079 0.8720 0.0000
vt 0.2824 0.8092 0.0000
vt 0.3066 0.8720 0.0000
vt 0.3074 0.8071 0.0000
vt 0.2845 0.7301 0.0000
vt 0.2876 0.5728 0.0000
vt 0.2882 0.5728 0.0000
vt 0.3083 0.7304 0.0000
vt 0.3084 0.5729 0.0000
vt 0.2203 0.0230 0.0000
vt 0.2088 0.0248 0.0000
vt 0.2216 0.0285 0.0000
vt 0.2102 0.0299 0.0000
vt 0.2230 0.0349 0.0000
vt 0.2117 0.0356 0.0000
vt 0.2244 0.0400 0.0000
vt 0.2132 0.0400 0.0000
vt 0.2143 0.0438 0.0000
vt 0.2256 0.0445 0.0000
vt 0.2150 0.0484 0.0000
vt 0.2264 0.0497 0.0000
vt 0.2168 0.0538 0.0000
vt 0.2283 0.0555 0.0000
vt 0.6617 0.7883 0.0000
vt 0.6667 0.8092 0.0000
vt 0.6693 0.8281 0.0000
vt 0.6707 0.8443 0.0000
vt 0.5740 0.8443 0.0000
vt 0.5754 0.8281 0.0000
vt 0.5780 0.8092 0.0000
vt 0.5829 0.7883 0.0000
vt 0.6048 0.8220 0.0000
vt 0.6048 0.8533 0.0000
vt 0.5894 0.8553 0.0000
vt 0.6388 0.8221 0.0000
vt 0.6388 0.8533 0.0000
vt 0.6548 0.8553 0.0000
vt 0.0815 0.1514 0.0000
vt 0.0815 0.1943 0.0000
vt 0.0355 0.1943 0.0000
vt 0.0355 0.1514 0.0000
vt 0.5829 0.7494 0.0000
vt 0.6223 0.7494 0.0000
vt 0.6617 0.7494 0.0000
vt 0.0075 0.1182 0.0000
vt 0.1075 0.1182 0.0000
vt 0.0725 0.1514 0.0000
vt 0.0450 0.1514 0.0000
vt 0.1494 0.1360 0.0000
vt 0.1421 0.1359 0.0000
vt 0.1322 0.1581 0.0000
vt 0.1426 0.1358 0.0000
vt 0.1632 0.1358 0.0000
vt 0.1614 0.1227 0.0000
vt 0.1464 0.1227 0.0000
vt 0.1622 0.1227 0.0000
vt 0.1299 0.0912 0.0000
vt 0.1408 0.1223 0.0000
vt 0.1705 0.1223 0.0000
vt 0.1821 0.0959 0.0000
vt 0.0960 0.3947 0.0000
vt 0.0905 0.3779 0.0000
vt 0.0793 0.3779 0.0000
vt 0.0792 0.3890 0.0000
vt 0.1732 0.0960 0.0000
vt 0.1194 0.0913 0.0000
vt 0.0350 0.3390 0.0000
vt 0.0490 0.3775 0.0000
vt 0.0798 0.3774 0.0000
vt 0.1107 0.3775 0.0000
vt 0.1242 0.3390 0.0000
vt 0.0795 0.3353 0.0000
vt 0.0461 0.3106 0.0000
vt 0.0551 0.3353 0.0000
vt 0.0796 0.3353 0.0000
vt 0.1040 0.3353 0.0000
vt 0.1133 0.3106 0.0000
vt 0.1659 0.0292 0.0000
vt 0.1056 0.0301 0.0000
vt 0.0959 0.0686 0.0000
vt 0.1587 0.0724 0.0000
vt 0.0127 0.0118 0.0000
vt 0.0196 0.0586 0.0000
vt 0.0583 0.0586 0.0000
vt 0.0663 0.0117 0.0000
vt 0.0583 0.0777 0.0000
vt 0.0196 0.0777 0.0000
vt 0.0127 0.0064 0.0000
vt 0.0665 0.0064 0.0000
vt 0.1363 0.1726 0.0000
vt 0.1485 0.1756 0.0000
vt 0.1499 0.1593 0.0000
vt 0.1616 0.1738 0.0000
vt 0.1675 0.1612 0.0000
vt 0.1642 0.1360 0.0000
vt 0.1617 0.1738 0.0000
vt 0.0792 0.4074 0.0000
vt 0.0911 0.4057 0.0000
vt 0.0624 0.3947 0.0000
vt 0.0672 0.4057 0.0000
vt 0.0680 0.3779 0.0000
vt 0.1660 0.1777 0.0000
vt 0.1729 0.1605 0.0000
vt 0.1687 0.1360 0.0000
vt 0.0955 0.4079 0.0000
vt 0.0792 0.4129 0.0000
vt 0.1484 0.1822 0.0000
vt 0.0630 0.4079 0.0000
vt 0.6028 0.7467 0.0000
vt 0.6407 0.7470 0.0000
vt 0.6305 0.9705 0.0000
vt 0.6177 0.9726 0.0000
vt 0.6054 0.9705 0.0000
vt 0.6426 0.9663 0.0000
vt 0.5942 0.9663 0.0000
vt 0.6531 0.9614 0.0000
vt 0.5848 0.9614 0.0000
vt 0.6611 0.9567 0.0000
vt 0.5778 0.9567 0.0000
vt 0.6714 0.9287 0.0000
vt 0.5736 0.9287 0.0000
vt 0.5732 0.8607 0.0000
vt 0.5777 0.8563 0.0000
vt 0.6672 0.8563 0.0000
vt 0.6775 0.8605 0.0000
vt 0.5740 0.8851 0.0000
vt 0.6804 0.8851 0.0000
vt 0.5734 0.9085 0.0000
vt 0.6759 0.9085 0.0000
vt 0.4720 0.0894 0.0000
vt 0.4248 0.0894 0.0000
vt 0.4328 0.0010 0.0000
vt 0.4640 0.0010 0.0000
vt 0.3182 0.9682 0.0000
vt 0.3049 0.9656 0.0000
vt 0.2935 0.9582 0.0000
vt 0.2860 0.9471 0.0000
vt 0.2833 0.9341 0.0000
vt 0.2860 0.9210 0.0000
vt 0.2935 0.9100 0.0000
vt 0.3049 0.9026 0.0000
vt 0.3182 0.9000 0.0000
vt 0.3316 0.9026 0.0000
vt 0.3429 0.9100 0.0000
vt 0.3505 0.9210 0.0000
vt 0.3532 0.9341 0.0000
vt 0.3505 0.9471 0.0000
vt 0.3429 0.9582 0.0000
vt 0.3316 0.9656 0.0000
vt 0.4441 0.2413 0.0000
vt 0.4441 0.2743 0.0000
vt -0.0000 0.7095 0.0000
vt 1.0119 0.2741 0.0000
vt 1.0118 0.2412 0.0000
vt 0.6456 0.7088 0.0000
vt 0.9251 0.5154 0.0000
vt 0.9251 0.5194 0.0000
vt 0.9239 0.5194 0.0000
vt 0.9240 0.5154 0.0000
vt 0.9227 0.5193 0.0000
vt 0.9229 0.5154 0.0000
vt 0.9218 0.5191 0.0000
vt 0.9221 0.5153 0.0000
vt 0.9209 0.5189 0.0000
vt 0.9215 0.5151 0.0000
vt 0.9210 0.5149 0.0000
vt 0.9240 0.5127 0.0000
vt 0.9251 0.5127 0.0000
vt 0.9230 0.5126 0.0000
vt 0.9223 0.5125 0.0000
vt 0.9218 0.5124 0.0000
vt 0.9263 0.5154 0.0000
vt 0.9262 0.5127 0.0000
vt 0.9273 0.5154 0.0000
vt 0.9272 0.5126 0.0000
vt 0.9281 0.5153 0.0000
vt 0.9279 0.5125 0.0000
vt 0.9287 0.5151 0.0000
vt 0.9284 0.5124 0.0000
vt 0.9263 0.5194 0.0000
vt 0.9275 0.5193 0.0000
vt 0.9284 0.5191 0.0000
vt 0.9293 0.5189 0.0000
vt 0.9293 0.5149 0.0000
vt 0.9212 0.5123 0.0000
vt 0.9290 0.5123 0.0000
vt 0.8868 0.4776 0.0000
vt 0.0000 1.0000 0.0000
vt 0.0000 0.9512 0.0000
vt 0.0244 0.9512 0.0000
vt 0.0244 1.0000 0.0000
vt 0.0488 0.9512 0.0000
vt 0.0488 1.0000 0.0000
vt 0.0732 0.9512 0.0000
vt 0.0732 1.0000 0.0000
vt 0.0976 0.9512 0.0000
vt 0.0976 1.0000 0.0000
vt 0.1220 0.9512 0.0000
vt 0.1220 1.0000 0.0000
vt 0.1463 0.9512 0.0000
vt 0.1463 1.0000 0.0000
vt 0.1707 0.9512 0.0000
vt 0.1707 1.0000 0.0000
vt 0.1951 0.9512 0.0000
vt 0.1951 1.0000 0.0000
vt 0.2195 0.9512 0.0000
vt 0.2195 1.0000 0.0000
vt 0.2439 0.9512 0.0000
vt 0.2439 1.0000 0.0000
vt 0.2683 0.9512 0.0000
vt 0.2683 1.0000 0.0000
vt 0.2927 0.9512 0.0000
vt 0.2927 1.0000 0.0000
vt 0.3171 0.9512 0.0000
vt 0.3171 1.0000 0.0000
vt 0.3415 0.9512 0.0000
vt 0.3415 1.0000 0.0000
vt 0.3659 0.9512 0.0000
vt 0.3659 1.0000 0.0000
vt 0.3902 0.9512 0.0000
vt 0.3902 1.0000 0.0000
vt 0.4146 0.9512 0.0000
vt 0.4146 1.0000 0.0000
vt 0.4390 0.9512 0.0000
vt 0.4390 1.0000 0.0000
vt 0.4634 0.9512 0.0000
vt 0.4634 1.0000 0.0000
vt 0.4878 0.9512 0.0000
vt 0.4878 1.0000 0.0000
vt 0.5122 0.9512 0.0000
vt 0.5122 1.0000 0.0000
vt 0.5366 0.9512 0.0000
vt 0.5366 1.0000 0.0000
vt 0.5610 0.9512 0.0000
vt 0.5610 1.0000 0.0000
vt 0.5854 0.9512 0.0000
vt 0.5854 1.0000 0.0000
vt 0.6098 0.9512 0.0000
vt 0.6098 1.0000 0.0000
vt 0.6341 0.9512 0.0000
vt 0.6341 1.0000 0.0000
vt 0.6585 0.9512 0.0000
vt 0.6585 1.0000 0.0000
vt 0.6829 0.9512 0.0000
vt 0.6829 1.0000 0.0000
vt 0.7073 0.9512 0.0000
vt 0.7073 1.0000 0.0000
vt 0.7317 0.9512 0.0000
vt 0.7317 1.0000 0.0000
vt 0.7561 0.9512 0.0000
vt 0.7561 1.0000 0.0000
vt 0.7805 0.9512 0.0000
vt 0.7805 1.0000 0.0000
vt 0.8049 0.9512 0.0000
vt 0.8049 1.0000 0.0000
vt 0.8293 0.9512 0.0000
vt 0.8293 1.0000 0.0000
vt 0.8537 0.9512 0.0000
vt 0.8537 1.0000 0.0000
vt 0.8780 0.9512 0.0000
vt 0.8780 1.0000 0.0000
vt 0.9024 0.9512 0.0000
vt 0.9024 1.0000 0.0000
vt 0.9268 0.9512 0.0000
vt 0.9268 1.0000 0.0000
vt 0.9512 0.9512 0.0000
vt 0.9512 1.0000 0.0000
vt 0.9756 0.9512 0.0000
vt 0.9756 1.0000 0.0000
vt 1.0000 0.9512 0.0000
vt 0.0244 0.9024 0.0000
vt 0.0000 0.9024 0.0000
vt 0.0488 0.9024 0.0000
vt 0.0732 0.9024 0.0000
vt 0.0976 0.9024 0.0000
vt 0.1220 0.9024 0.0000
vt 0.1463 0.9024 0.0000
vt 0.1707 0.9024 0.0000
vt 0.1951 0.9024 0.0000
vt 0.2195 0.9024 0.0000
vt 0.2439 0.9024 0.0000
vt 0.2683 0.9024 0.0000
vt 0.2927 0.9024 0.0000
vt 0.3171 0.9024 0.0000
vt 0.3415 0.9024 0.0000
vt 0.3659 0.9024 0.0000
vt 0.3902 0.9024 0.0000
vt 0.4146 0.9024 0.0000
vt 0.4390 0.9024 0.0000
vt 0.4634 0.9024 0.0000
vt 0.4878 0.9024 0.0000
vt 0.5122 0.9024 0.0000
vt 0.5366 0.9024 0.0000
vt 0.5610 0.9024 0.0000
vt 0.5854 0.9024 0.0000
vt 0.6098 0.9024 0.0000
vt 0.6341 0.9024 0.0000
vt 0.6585 0.9024 0.0000
vt 0.6829 0.9024 0.0000
vt 0.7073 0.9024 0.0000
vt 0.7317 0.9024 0.0000
vt 0.7561 0.9024 0.0000
vt 0.7805 0.9024 0.0000
vt 0.8049 0.9024 0.0000
vt 0.8293 0.9024 0.0000
vt 0.8537 0.9024 0.0000
vt 0.8780 0.9024 0.0000
vt 0.9024 0.9024 0.0000
vt 0.9268 0.9024 0.0000
vt 0.9512 0.9024 0.0000
vt 0.9756 0.9024 0.0000
vt 1.0000 0.9024 0.0000
vt 0.0244 0.8537 0.0000
vt 0.0000 0.8537 0.0000
vt 0.0488 0.8537 0.0000
vt 0.0732 0.8537 0.0000
vt 0.0976 0.8537 0.0000
vt 0.1220 0.8537 0.0000
vt 0.1463 0.8537 0.0000
vt 0.1707 0.8537 0.0000
vt 0.1951 0.8537 0.0000
vt 0.2195 0.8537 0.0000
vt 0.2439 0.8537 0.0000
vt 0.2683 0.8537 0.0000
vt 0.2927 0.8537 0.0000
vt 0.3171 0.8537 0.0000
vt 0.3415 0.8537 0.0000
vt 0.3659 0.8537 0.0000
vt 0.3902 0.8537 0.0000
vt 0.4146 0.8537 0.0000
vt 0.4390 0.8537 0.0000
vt 0.4634 0.8537 0.0000
vt 0.4878 0.8537 0.0000
vt 0.5122 0.8537 0.0000
vt 0.5366 0.8537 0.0000
vt 0.5610 0.8537 0.0000
vt 0.5854 0.8537 0.0000
vt 0.6098 0.8537 0.0000
vt 0.6341 0.8537 0.0000
vt 0.6585 0.8537 0.0000
vt 0.6829 0.8537 0.0000
vt 0.7073 0.8537 0.0000
vt 0.7317 0.8537 0.0000
vt 0.7561 0.8537 0.0000
vt 0.7805 0.8537 0.0000
vt 0.8049 0.8537 0.0000
vt 0.8293 0.8537 0.0000
vt 0.8537 0.8537 0.0000
vt 0.8780 0.8537 0.0000
vt 0.9024 0.8537 0.0000
vt 0.9268 0.8537 0.0000
vt 0.9512 0.8537 0.0000
vt 0.9756 0.8537 0.0000
vt 1.0000 0.8537 0.0000
vt 0.0244 0.8049 0.0000
vt 0.0000 0.8049 0.0000
vt 0.0488 0.8049 0.0000
vt 0.0732 0.8049 0.0000
vt 0.0976 0.8049 0.0000
vt 0.1220 0.8049 0.0000
vt 0.1463 0.8049 0.0000
vt 0.1707 0.8049 0.0000
vt 0.1951 0.8049 0.0000
vt 0.2195 0.8049 0.0000
vt 0.2439 0.8049 0.0000
vt 0.2683 0.8049 0.0000
vt 0.2927 0.8049 0.0000
vt 0.3171 0.8049 0.0000
vt 0.3415 0.8049 0.0000
vt 0.3659 0.8049 0.0000
vt 0.3902 0.8049 0.0000
vt 0.4146 0.8049 0.0000
vt 0.4390 0.8049 0.0000
vt 0.4634 0.8049 0.0000
vt 0.4878 0.8049 0.0000
vt 0.5122 0.8049 0.0000
vt 0.5366 0.8049 0.0000
vt 0.5610 0.8049 0.0000
vt 0.5854 0.8049 0.0000
vt 0.6098 0.8049 0.0000
vt 0.6341 0.8049 0.0000
vt 0.6585 0.8049 0.0000
vt 0.6829 0.8049 0.0000
vt 0.7073 0.8049 0.0000
vt 0.7317 0.8049 0.0000
vt 0.7561 0.8049 0.0000
vt 0.7805 0.8049 0.0000
vt 0.8049 0.8049 0.0000
vt 0.8293 0.8049 0.0000
vt 0.8537 0.8049 0.0000
vt 0.8780 0.8049 0.0000
vt 0.9024 0.8049 0.0000
vt 0.9268 0.8049 0.0000
vt 0.9512 0.8049 0.0000
vt 0.9756 0.8049 0.0000
vt 1.0000 0.8049 0.0000
vt 0.0244 0.7561 0.0000
vt 0.0000 0.7561 0.0000
vt 0.0488 0.7561 0.0000
vt 0.0732 0.7561 0.0000
vt 0.0976 0.7561 0.0000
vt 0.1220 0.7561 0.0000
vt 0.1463 0.7561 0.0000
vt 0.1707 0.7561 0.0000
vt 0.1951 0.7561 0.0000
vt 0.2195 0.7561 0.0000
vt 0.2439 0.7561 0.0000
vt 0.2683 0.7561 0.0000
vt 0.2927 0.7561 0.0000
vt 0.3171 0.7561 0.0000
vt 0.3415 0.7561 0.0000
vt 0.3659 0.7561 0.0000
vt 0.3902 0.7561 0.0000
vt 0.4146 0.7561 0.0000
vt 0.4390 0.7561 0.0000
vt 0.4634 0.7561 0.0000
vt 0.4878 0.7561 0.0000
vt 0.5122 0.7561 0.0000
vt 0.5366 0.7561 0.0000
vt 0.5610 0.7561 0.0000
vt 0.5854 0.7561 0.0000
vt 0.6098 0.7561 0.0000
vt 0.6341 0.7561 0.0000
vt 0.6585 0.7561 0.0000
vt 0.6829 0.7561 0.0000
vt 0.7073 0.7561 0.0000
vt 0.7317 0.7561 0.0000
vt 0.7561 0.7561 0.0000
vt 0.7805 0.7561 0.0000
vt 0.8049 0.7561 0.0000
vt 0.8293 0.7561 0.0000
vt 0.8537 0.7561 0.0000
vt 0.8780 0.7561 0.0000
vt 0.9024 0.7561 0.0000
vt 0.9268 0.7561 0.0000
vt 0.9512 0.7561 0.0000
vt 0.9756 0.7561 0.0000
vt 1.0000 0.7561 0.0000
vt 0.0244 0.7073 0.0000
vt 0.0000 0.7073 0.0000
vt 0.0488 0.7073 0.0000
vt 0.0732 0.7073 0.0000
vt 0.0976 0.7073 0.0000
vt 0.1220 0.7073 0.0000
vt 0.1463 0.7073 0.0000
vt 0.1707 0.7073 0.0000
vt 0.1951 0.7073 0.0000
vt 0.2195 0.7073 0.0000
vt 0.2439 0.7073 0.0000
vt 0.2683 0.7073 0.0000
vt 0.2927 0.7073 0.0000
vt 0.3171 0.7073 0.0000
vt 0.3415 0.7073 0.0000
vt 0.3659 0.7073 0.0000
vt 0.3902 0.7073 0.0000
vt 0.4146 0.7073 0.0000
vt 0.4390 0.7073 0.0000
vt 0.4634 0.7073 0.0000
vt 0.4878 0.7073 0.0000
vt 0.5122 0.7073 0.0000
vt 0.5366 0.7073 0.0000
vt 0.5610 0.7073 0.0000
vt 0.5854 0.7073 0.0000
vt 0.6098 0.7073 0.0000
vt 0.6341 0.7073 0.0000
vt 0.6585 0.7073 0.0000
vt 0.6829 0.7073 0.0000
vt 0.7073 0.7073 0.0000
vt 0.7317 0.7073 0.0000
vt 0.7561 0.7073 0.0000
vt 0.7805 0.7073 0.0000
vt 0.8049 0.7073 0.0000
vt 0.8293 0.7073 0.0000
vt 0.8537 0.7073 0.0000
vt 0.8780 0.7073 0.0000
vt 0.9024 0.7073 0.0000
vt 0.9268 0.7073 0.0000
vt 0.9512 0.7073 0.0000
vt 0.9756 0.7073 0.0000
vt 1.0000 0.7073 0.0000
vt 0.0244 0.6585 0.0000
vt 0.0000 0.6585 0.0000
vt 0.0488 0.6585 0.0000
vt 0.0732 0.6585 0.0000
vt 0.0976 0.6585 0.0000
vt 0.1220 0.6585 0.0000
vt 0.1463 0.6585 0.0000
vt 0.1707 0.6585 0.0000
vt 0.1951 0.6585 0.0000
vt 0.2195 0.6585 0.0000
vt 0.2439 0.6585 0.0000
vt 0.2683 0.6585 0.0000
vt 0.2927 0.6585 0.0000
vt 0.3171 0.6585 0.0000
vt 0.3415 0.6585 0.0000
vt 0.3659 0.6585 0.0000
vt 0.3902 0.6585 0.0000
vt 0.4146 0.6585 0.0000
vt 0.4390 0.6585 0.0000
vt 0.4634 0.6585 0.0000
vt 0.4878 0.6585 0.0000
vt 0.5122 0.6585 0.0000
vt 0.5366 0.6585 0.0000
vt 0.5610 0.6585 0.0000
vt 0.5854 0.6585 0.0000
vt 0.6098 0.6585 0.0000
vt 0.6341 0.6585 0.0000
vt 0.6585 0.6585 0.0000
vt 0.6829 0.6585 0.0000
vt 0.7073 0.6585 0.0000
vt 0.7317 0.6585 0.0000
vt 0.7561 0.6585 0.0000
vt 0.7805 0.6585 0.0000
vt 0.8049 0.6585 0.0000
vt 0.8293 0.6585 0.0000
vt 0.8537 0.6585 0.0000
vt 0.8780 0.6585 0.0000
vt 0.9024 0.6585 0.0000
vt 0.9268 0.6585 0.0000
vt 0.9512 0.6585 0.0000
vt 0.9756 0.6585 0.0000
vt 1.0000 0.6585 0.0000
vt 0.0244 0.6098 0.0000
vt 0.0000 0.6098 0.0000
vt 0.0488 0.6098 0.0000
vt 0.0732 0.6098 0.0000
vt 0.0976 0.6098 0.0000
vt 0.1220 0.6098 0.0000
vt 0.1463 0.6098 0.0000
vt 0.1707 0.6098 0.0000
vt 0.1951 0.6098 0.0000
vt 0.2195 0.6098 0.0000
vt 0.2439 0.6098 0.0000
vt 0.2683 0.6098 0.0000
vt 0.2927 0.6098 0.0000
vt 0.3171 0.6098 0.0000
vt 0.3415 0.6098 0.0000
vt 0.3659 0.6098 0.0000
vt 0.3902 0.6098 0.0000
vt 0.4146 0.6098 0.0000
vt 0.4390 0.6098 0.0000
vt 0.4634 0.6098 0.0000
vt 0.4878 0.6098 0.0000
vt 0.5122 0.6098 0.0000
vt 0.5366 0.6098 0.0000
vt 0.5610 0.6098 0.0000
vt 0.5854 0.6098 0.0000
vt 0.6098 0.6098 0.0000
vt 0.6341 0.6098 0.0000
vt 0.6585 0.6098 0.0000
vt 0.6829 0.6098 0.0000
vt 0.7073 0.6098 0.0000
vt 0.7317 0.6098 0.0000
vt 0.7561 0.6098 0.0000
vt 0.7805 0.6098 0.0000
vt 0.8049 0.6098 0.0000
vt 0.8293 0.6098 0.0000
vt 0.8537 0.6098 0.0000
vt 0.8780 0.6098 0.0000
vt 0.9024 0.6098 0.0000
vt 0.9268 0.6098 0.0000
vt 0.9512 0.6098 0.0000
vt 0.9756 0.6098 0.0000
vt 1.0000 0.6098 0.0000
vt 0.0244 0.5610 0.0000
vt 0.0000 0.5610 0.0000
vt 0.0488 0.5610 0.0000
vt 0.0732 0.5610 0.0000
vt 0.0976 0.5610 0.0000
vt 0.1220 0.5610 0.0000
vt 0.1463 0.5610 0.0000
vt 0.1707 0.5610 0.0000
vt 0.1951 0.5610 0.0000
vt 0.2195 0.5610 0.0000
vt 0.2439 0.5610 0.0000
vt 0.2683 0.5610 0.0000
vt 0.2927 0.5610 0.0000
vt 0.3171 0.5610 0.0000
vt 0.3415 0.5610 0.0000
vt 0.3659 0.5610 0.0000
vt 0.3902 0.5610 0.0000
vt 0.4146 0.5610 0.0000
vt 0.4390 0.5610 0.0000
vt 0.4634 0.5610 0.0000
vt 0.4878 0.5610 0.0000
vt 0.5122 0.5610 0.0000
vt 0.5366 0.5610 0.0000
vt 0.5610 0.5610 0.0000
vt 0.5854 0.5610 0.0000
vt 0.6098 0.5610 0.0000
vt 0.6341 0.5610 0.0000
vt 0.6585 0.5610 0.0000
vt 0.6829 0.5610 0.0000
vt 0.7073 0.5610 0.0000
vt 0.7317 0.5610 0.0000
vt 0.7561 0.5610 0.0000
vt 0.7805 0.5610 0.0000
vt 0.8049 0.5610 0.0000
vt 0.8293 0.5610 0.0000
vt 0.8537 0.5610 0.0000
vt 0.8780 0.5610 0.0000
vt 0.9024 0.5610 0.0000
vt 0.9268 0.5610 0.0000
vt 0.9512 0.5610 0.0000
vt 0.9756 0.5610 0.0000
vt 1.0000 0.5610 0.0000
vt 0.0244 0.5122 0.0000
vt 0.0000 0.5122 0.0000
vt 0.0488 0.5122 0.0000
vt 0.0732 0.5122 0.0000
vt 0.0976 0.5122 0.0000
vt 0.1220 0.5122 0.0000
vt 0.1463 0.5122 0.0000
vt 0.1707 0.5122 0.0000
vt 0.1951 0.5122 0.0000
vt 0.2195 0.5122 0.0000
vt 0.2439 0.5122 0.0000
vt 0.2683 0.5122 0.0000
vt 0.2927 0.5122 0.0000
vt 0.3171 0.5122 0.0000
vt 0.3415 0.5122 0.0000
vt 0.3659 0.5122 0.0000
vt 0.3902 0.5122 0.0000
vt 0.4146 0.5122 0.0000
vt 0.4390 0.5122 0.0000
vt 0.4634 0.5122 0.0000
vt 0.4878 0.5122 0.0000
vt 0.5122 0.5122 0.0000
vt 0.5366 0.5122 0.0000
vt 0.5610 0.5122 0.0000
vt 0.5854 0.5122 0.0000
vt 0.6098 0.5122 0.0000
vt 0.6341 0.5122 0.0000
vt 0.6585 0.5122 0.0000
vt 0.6829 0.5122 0.0000
vt 0.7073 0.5122 0.0000
vt 0.7317 0.5122 0.0000
vt 0.7561 0.5122 0.0000
vt 0.7805 0.5122 0.0000
vt 0.8049 0.5122 0.0000
vt 0.8293 0.5122 0.0000
vt 0.8537 0.5122 0.0000
vt 0.8780 0.5122 0.0000
vt 0.9024 0.5122 0.0000
vt 0.9268 0.5122 0.0000
vt 0.9512 0.5122 0.0000
vt 0.9756 0.5122 0.0000
vt 1.0000 0.5122 0.0000
vt 0.0244 0.4634 0.0000
vt 0.0000 0.4634 0.0000
vt 0.0488 0.4634 0.0000
vt 0.0732 0.4634 0.0000
vt 0.0976 0.4634 0.0000
vt 0.1220 0.4634 0.0000
vt 0.1463 0.4634 0.0000
vt 0.1707 0.4634 0.0000
vt 0.1951 0.4634 0.0000
vt 0.2195 0.4634 0.0000
vt 0.2439 0.4634 0.0000
vt 0.2683 0.4634 0.0000
vt 0.2927 0.4634 0.0000
vt 0.3171 0.4634 0.0000
vt 0.3415 0.4634 0.0000
vt 0.3659 0.4634 0.0000
vt 0.3902 0.4634 0.0000
vt 0.4146 0.4634 0.0000
vt 0.4390 0.4634 0.0000
vt 0.4634 0.4634 0.0000
vt 0.4878 0.4634 0.0000
vt 0.5122 0.4634 0.0000
vt 0.5366 0.4634 0.0000
vt 0.5610 0.4634 0.0000
vt 0.5854 0.4634 0.0000
vt 0.6098 0.4634 0.0000
vt 0.6341 0.4634 0.0000
vt 0.6585 0.4634 0.0000
vt 0.6829 0.4634 0.0000
vt 0.7073 0.4634 0.0000
vt 0.7317 0.4634 0.0000
vt 0.7561 0.4634 0.0000
vt 0.7805 0.4634 0.0000
vt 0.8049 0.4634 0.0000
vt 0.8293 0.4634 0.0000
vt 0.8537 0.4634 0.0000
vt 0.8780 0.4634 0.0000
vt 0.9024 0.4634 0.0000
vt 0.9268 0.4634 0.0000
vt 0.9512 0.4634 0.0000
vt 0.9756 0.4634 0.0000
vt 1.0000 0.4634 0.0000
vt 0.0244 0.4146 0.0000
vt 0.0000 0.4146 0.0000
vt 0.0488 0.4146 0.0000
vt 0.0732 0.4146 0.0000
vt 0.0976 0.4146 0.0000
vt 0.1220 0.4146 0.0000
vt 0.1463 0.4146 0.0000
vt 0.1707 0.4146 0.0000
vt 0.1951 0.4146 0.0000
vt 0.2195 0.4146 0.0000
vt 0.2439 0.4146 0.0000
vt 0.2683 0.4146 0.0000
vt 0.2927 0.4146 0.0000
vt 0.3171 0.4146 0.0000
vt 0.3415 0.4146 0.0000
vt 0.3659 0.4146 0.0000
vt 0.3902 0.4146 0.0000
vt 0.4146 0.4146 0.0000
vt 0.4390 0.4146 0.0000
vt 0.4634 0.4146 0.0000
vt 0.4878 0.4146 0.0000
vt 0.5122 0.4146 0.0000
vt 0.5366 0.4146 0.0000
vt 0.5610 0.4146 0.0000
vt 0.5854 0.4146 0.0000
vt 0.6098 0.4146 0.0000
vt 0.6341 0.4146 0.0000
vt 0.6585 0.4146 0.0000
vt 0.6829 0.4146 0.0000
vt 0.7073 0.4146 0.0000
vt 0.7317 0.4146 0.0000
vt 0.7561 0.4146 0.0000
vt 0.7805 0.4146 0.0000
vt 0.8049 0.4146 0.0000
vt 0.8293 0.4146 0.0000
vt 0.8537 0.4146 0.0000
vt 0.8780 0.4146 0.0000
vt 0.9024 0.4146 0.0000
vt 0.9268 0.4146 0.0000
vt 0.9512 0.4146 0.0000
vt 0.9756 0.4146 0.0000
vt 1.0000 0.4146 0.0000
vt 0.0244 0.3659 0.0000
vt 0.0000 0.3659 0.0000
vt 0.0488 0.3659 0.0000
vt 0.0732 0.3659 0.0000
vt 0.0976 0.3659 0.0000
vt 0.1220 0.3659 0.0000
vt 0.1463 0.3659 0.0000
vt 0.1707 0.3659 0.0000
vt 0.1951 0.3659 0.0000
vt 0.2195 0.3659 0.0000
vt 0.2439 0.3659 0.0000
vt 0.2683 0.3659 0.0000
vt 0.2927 0.3659 0.0000
vt 0.3171 0.3659 0.0000
vt 0.3415 0.3659 0.0000
vt 0.3659 0.3659 0.0000
vt 0.3902 0.3659 0.0000
vt 0.4146 0.3659 0.0000
vt 0.4390 0.3659 0.0000
vt 0.4634 0.3659 0.0000
vt 0.4878 0.3659 0.0000
vt 0.5122 0.3659 0.0000
vt 0.5366 0.3659 0.0000
vt 0.5610 0.3659 0.0000
vt 0.5854 0.3659 0.0000
vt 0.6098 0.3659 0.0000
vt 0.6341 0.3659 0.0000
vt 0.6585 0.3659 0.0000
vt 0.6829 0.3659 0.0000
vt 0.7073 0.3659 0.0000
vt 0.7317 0.3659 0.0000
vt 0.7561 0.3659 0.0000
vt 0.7805 0.3659 0.0000
vt 0.8049 0.3659 0.0000
vt 0.8293 0.3659 0.0000
vt 0.8537 0.3659 0.0000
vt 0.8780 0.3659 0.0000
vt 0.9024 0.3659 0.0000
vt 0.9268 0.3659 0.0000
vt 0.9512 0.3659 0.0000
vt 0.9756 0.3659 0.0000
vt 1.0000 0.3659 0.0000
vt 0.0244 0.3171 0.0000
vt 0.0000 0.3171 0.0000
vt 0.0488 0.3171 0.0000
vt 0.0732 0.3171 0.0000
vt 0.0976 0.3171 0.0000
vt 0.1220 0.3171 0.0000
vt 0.1463 0.3171 0.0000
vt 0.1707 0.3171 0.0000
vt 0.1951 0.3171 0.0000
vt 0.2195 0.3171 0.0000
vt 0.2439 0.3171 0.0000
vt 0.2683 0.3171 0.0000
vt 0.2927 0.3171 0.0000
vt 0.3171 0.3171 0.0000
vt 0.3415 0.3171 0.0000
vt 0.3659 0.3171 0.0000
vt 0.3902 0.3171 0.0000
vt 0.4146 0.3171 0.0000
vt 0.4390 0.3171 0.0000
vt 0.4634 0.3171 0.0000
vt 0.4878 0.3171 0.0000
vt 0.5122 0.3171 0.0000
vt 0.5366 0.3171 0.0000
vt 0.5610 0.3171 0.0000
vt 0.5854 0.3171 0.0000
vt 0.6098 0.3171 0.0000
vt 0.6341 0.3171 0.0000
vt 0.6585 0.3171 0.0000
vt 0.6829 0.3171 0.0000
vt 0.7073 0.3171 0.0000
vt 0.7317 0.3171 0.0000
vt 0.7561 0.3171 0.0000
vt 0.7805 0.3171 0.0000
vt 0.8049 0.3171 0.0000
vt 0.8293 0.3171 0.0000
vt 0.8537 0.3171 0.0000
vt 0.8780 0.3171 0.0000
vt 0.9024 0.3171 0.0000
vt 0.9268 0.3171 0.0000
vt 0.9512 0.3171 0.0000
vt 0.9756 0.3171 0.0000
vt 1.0000 0.3171 0.0000
vt 0.0244 0.2683 0.0000
vt 0.0000 0.2683 0.0000
vt 0.0488 0.2683 0.0000
vt 0.0732 0.2683 0.0000
vt 0.0976 0.2683 0.0000
vt 0.1220 0.2683 0.0000
vt 0.1463 0.2683 0.0000
vt 0.1707 0.2683 0.0000
vt 0.1951 0.2683 0.0000
vt 0.2195 0.2683 0.0000
vt 0.2439 0.2683 0.0000
vt 0.2683 0.2683 0.0000
vt 0.2927 0.2683 0.0000
vt 0.3171 0.2683 0.0000
vt 0.3415 0.2683 0.0000
vt 0.3659 0.2683 0.0000
vt 0.3902 0.2683 0.0000
vt 0.4146 0.2683 0.0000
vt 0.4390 0.2683 0.0000
vt 0.4634 0.2683 0.0000
vt 0.4878 0.2683 0.0000
vt 0.5122 0.2683 0.0000
vt 0.5366 0.2683 0.0000
vt 0.5610 0.2683 0.0000
vt 0.5854 0.2683 0.0000
vt 0.6098 0.2683 0.0000
vt 0.6341 0.2683 0.0000
vt 0.6585 0.2683 0.0000
vt 0.6829 0.2683 0.0000
vt 0.7073 0.2683 0.0000
vt 0.7317 0.2683 0.0000
vt 0.7561 0.2683 0.0000
vt 0.7805 0.2683 0.0000
vt 0.8049 0.2683 0.0000
vt 0.8293 0.2683 0.0000
vt 0.8537 0.2683 0.0000
vt 0.8780 0.2683 0.0000
vt 0.9024 0.2683 0.0000
vt 0.9268 0.2683 0.0000
vt 0.9512 0.2683 0.0000
vt 0.9756 0.2683 0.0000
vt 1.0000 0.2683 0.0000
vt 0.0244 0.2195 0.0000
vt 0.0000 0.2195 0.0000
vt 0.0488 0.2195 0.0000
vt 0.0732 0.2195 0.0000
vt 0.0976 0.2195 0.0000
vt 0.1220 0.2195 0.0000
vt 0.1463 0.2195 0.0000
vt 0.1707 0.2195 0.0000
vt 0.1951 0.2195 0.0000
vt 0.2195 0.2195 0.0000
vt 0.2439 0.2195 0.0000
vt 0.2683 0.2195 0.0000
vt 0.2927 0.2195 0.0000
vt 0.3171 0.2195 0.0000
vt 0.3415 0.2195 0.0000
vt 0.3659 0.2195 0.0000
vt 0.3902 0.2195 0.0000
vt 0.4146 0.2195 0.0000
vt 0.4390 0.2195 0.0000
vt 0.4634 0.2195 0.0000
vt 0.4878 0.2195 0.0000
vt 0.5122 0.2195 0.0000
vt 0.5366 0.2195 0.0000
vt 0.5610 0.2195 0.0000
vt 0.5854 0.2195 0.0000
vt 0.6098 0.2195 0.0000
vt 0.6341 0.2195 0.0000
vt 0.6585 0.2195 0.0000
vt 0.6829 0.2195 0.0000
vt 0.7073 0.2195 0.0000
vt 0.7317 0.2195 0.0000
vt 0.7561 0.2195 0.0000
vt 0.7805 0.2195 0.0000
vt 0.8049 0.2195 0.0000
vt 0.8293 0.2195 0.0000
vt 0.8537 0.2195 0.0000
vt 0.8780 0.2195 0.0000
vt 0.9024 0.2195 0.0000
vt 0.9268 0.2195 0.0000
vt 0.9512 0.2195 0.0000
vt 0.9756 0.2195 0.0000
vt 1.0000 0.2195 0.0000
vt 0.0244 0.1707 0.0000
vt 0.0000 0.1707 0.0000
vt 0.0488 0.1707 0.0000
vt 0.0732 0.1707 0.0000
vt 0.0976 0.1707 0.0000
vt 0.1220 0.1707 0.0000
vt 0.1463 0.1707 0.0000
vt 0.1707 0.1707 0.0000
vt 0.1951 0.1707 0.0000
vt 0.2195 0.1707 0.0000
vt 0.2439 0.1707 0.0000
vt 0.2683 0.1707 0.0000
vt 0.2927 0.1707 0.0000
vt 0.3171 0.1707 0.0000
vt 0.3415 0.1707 0.0000
vt 0.3659 0.1707 0.0000
vt 0.3902 0.1707 0.0000
vt 0.4146 0.1707 0.0000
vt 0.4390 0.1707 0.0000
vt 0.4634 0.1707 0.0000
vt 0.4878 0.1707 0.0000
vt 0.5122 0.1707 0.0000
vt 0.5366 0.1707 0.0000
vt 0.5610 0.1707 0.0000
vt 0.5854 0.1707 0.0000
vt 0.6098 0.1707 0.0000
vt 0.6341 0.1707 0.0000
vt 0.6585 0.1707 0.0000
vt 0.6829 0.1707 0.0000
vt 0.7073 0.1707 0.0000
vt 0.7317 0.1707 0.0000
vt 0.7561 0.1707 0.0000
vt 0.7805 0.1707 0.0000
vt 0.8049 0.1707 0.0000
vt 0.8293 0.1707 0.0000
vt 0.8537 0.1707 0.0000
vt 0.8780 0.1707 0.0000
vt 0.9024 0.1707 0.0000
vt 0.9268 0.1707 0.0000
vt 0.9512 0.1707 0.0000
vt 0.9756 0.1707 0.0000
vt 1.0000 0.1707 0.0000
vt 0.0244 0.1220 0.0000
vt 0.0000 0.1220 0.0000
vt 0.0488 0.1220 0.0000
vt 0.0732 0.1220 0.0000
vt 0.0976 0.1220 0.0000
vt 0.1220 0.1220 0.0000
vt 0.1463 0.1220 0.0000
vt 0.1707 0.1220 0.0000
vt 0.1951 0.1220 0.0000
vt 0.2195 0.1220 0.0000
vt 0.2439 0.1220 0.0000
vt 0.2683 0.1220 0.0000
vt 0.2927 0.1220 0.0000
vt 0.3171 0.1220 0.0000
vt 0.3415 0.1220 0.0000
vt 0.3659 0.1220 0.0000
vt 0.3902 0.1220 0.0000
vt 0.4146 0.1220 0.0000
vt 0.4390 0.1220 0.0000
vt 0.4634 0.1220 0.0000
vt 0.4878 0.1220 0.0000
vt 0.5122 0.1220 0.0000
vt 0.5366 0.1220 0.0000
vt 0.5610 0.1220 0.0000
vt 0.5854 0.1220 0.0000
vt 0.6098 0.1220 0.0000
vt 0.6341 0.1220 0.0000
vt 0.6585 0.1220 0.0000
vt 0.6829 0.1220 0.0000
vt 0.7073 0.1220 0.0000
vt 0.7317 0.1220 0.0000
vt 0.7561 0.1220 0.0000
vt 0.7805 0.1220 0.0000
vt 0.8049 0.1220 0.0000
vt 0.8293 0.1220 0.0000
vt 0.8537 0.1220 0.0000
vt 0.8780 0.1220 0.0000
vt 0.9024 0.1220 0.0000
vt 0.9268 0.1220 0.0000
vt 0.9512 0.1220 0.0000
vt 0.9756 0.1220 0.0000
vt 1.0000 0.1220 0.0000
vt 0.0244 0.0732 0.0000
vt 0.0000 0.0732 0.0000
vt 0.0488 0.0732 0.0000
vt 0.0732 0.0732 0.0000
vt 0.0976 0.0732 0.0000
vt 0.1220 0.0732 0.0000
vt 0.1463 0.0732 0.0000
vt 0.1707 0.0732 0.0000
vt 0.1951 0.0732 0.0000
vt 0.2195 0.0732 0.0000
vt 0.2439 0.0732 0.0000
vt 0.2683 0.0732 0.0000
vt 0.2927 0.0732 0.0000
vt 0.3171 0.0732 0.0000
vt 0.3415 0.0732 0.0000
vt 0.3659 0.0732 0.0000
vt 0.3902 0.0732 0.0000
vt 0.4146 0.0732 0.0000
vt 0.4390 0.0732 0.0000
vt 0.4634 0.0732 0.0000
vt 0.4878 0.0732 0.0000
vt 0.5122 0.0732 0.0000
vt 0.5366 0.0732 0.0000
vt 0.5610 0.0732 0.0000
vt 0.5854 0.0732 0.0000
vt 0.6098 0.0732 0.0000
vt 0.6341 0.0732 0.0000
vt 0.6585 0.0732 0.0000
vt 0.6829 0.0732 0.0000
vt 0.7073 0.0732 0.0000
vt 0.7317 0.0732 0.0000
vt 0.7561 0.0732 0.0000
vt 0.7805 0.0732 0.0000
vt 0.8049 0.0732 0.0000
vt 0.8293 0.0732 0.0000
vt 0.8537 0.0732 0.0000
vt 0.8780 0.0732 0.0000
vt 0.9024 0.0732 0.0000
vt 0.9268 0.0732 0.0000
vt 0.9512 0.0732 0.0000
vt 0.9756 0.0732 0.0000
vt 1.0000 0.0732 0.0000
vt 0.0000 0.0244 0.0000
vt 0.0244 0.0244 0.0000
vt 0.0488 0.0244 0.0000
vt 0.0732 0.0244 0.0000
vt 0.0976 0.0244 0.0000
vt 0.1220 0.0244 0.0000
vt 0.1463 0.0244 0.0000
vt 0.1707 0.0244 0.0000
vt 0.1951 0.0244 0.0000
vt 0.2195 0.0244 0.0000
vt 0.2439 0.0244 0.0000
vt 0.2683 0.0244 0.0000
vt 0.2927 0.0244 0.0000
vt 0.3171 0.0244 0.0000
vt 0.3415 0.0244 0.0000
vt 0.3659 0.0244 0.0000
vt 0.3902 0.0244 0.0000
vt 0.4146 0.0244 0.0000
vt 0.4390 0.0244 0.0000
vt 0.4634 0.0244 0.0000
vt 0.4878 0.0244 0.0000
vt 0.5122 0.0244 0.0000
vt 0.5366 0.0244 0.0000
vt 0.5610 0.0244 0.0000
vt 0.5854 0.0244 0.0000
vt 0.6098 0.0244 0.0000
vt 0.6341 0.0244 0.0000
vt 0.6585 0.0244 0.0000
vt 0.6829 0.0244 0.0000
vt 0.7073 0.0244 0.0000
vt 0.7317 0.0244 0.0000
vt 0.7561 0.0244 0.0000
vt 0.7805 0.0244 0.0000
vt 0.8049 0.0244 0.0000
vt 0.8293 0.0244 0.0000
vt 0.8537 0.0244 0.0000
vt 0.8780 0.0244 0.0000
vt 0.9024 0.0244 0.0000
vt 0.9268 0.0244 0.0000
vt 0.9512 0.0244 0.0000
vt 0.9756 0.0244 0.0000
vt 0.0000 0.9600 0.0000
vt 0.0200 0.9600 0.0000
vt 0.0200 1.0000 0.0000
vt 0.0400 0.9600 0.0000
vt 0.0400 1.0000 0.0000
vt 0.0600 0.9600 0.0000
vt 0.0600 1.0000 0.0000
vt 0.0800 0.9600 0.0000
vt 0.0800 1.0000 0.0000
vt 0.1000 0.9600 0.0000
vt 0.1000 1.0000 0.0000
vt 0.1200 0.9600 0.0000
vt 0.1200 1.0000 0.0000
vt 0.1400 0.9600 0.0000
vt 0.1400 1.0000 0.0000
vt 0.1600 0.9600 0.0000
vt 0.1600 1.0000 0.0000
vt 0.1800 0.9600 0.0000
vt 0.1800 1.0000 0.0000
vt 0.2000 0.9600 0.0000
vt 0.2000 1.0000 0.0000
vt 0.2200 0.9600 0.0000
vt 0.2200 1.0000 0.0000
vt 0.2400 0.9600 0.0000
vt 0.2400 1.0000 0.0000
vt 0.2600 0.9600 0.0000
vt 0.2600 1.0000 0.0000
vt 0.2800 0.9600 0.0000
vt 0.2800 1.0000 0.0000
vt 0.3000 0.9600 0.0000
vt 0.3000 1.0000 0.0000
vt 0.3200 0.9600 0.0000
vt 0.3200 1.0000 0.0000
vt 0.3400 0.9600 0.0000
vt 0.3400 1.0000 0.0000
vt 0.3600 0.9600 0.0000
vt 0.3600 1.0000 0.0000
vt 0.3800 0.9600 0.0000
vt 0.3800 1.0000 0.0000
vt 0.4000 0.9600 0.0000
vt 0.4000 1.0000 0.0000
vt 0.4200 0.9600 0.0000
vt 0.4200 1.0000 0.0000
vt 0.4400 0.9600 0.0000
vt 0.4400 1.0000 0.0000
vt 0.4600 0.9600 0.0000
vt 0.4600 1.0000 0.0000
vt 0.4800 0.9600 0.0000
vt 0.4800 1.0000 0.0000
vt 0.5000 0.9600 0.0000
vt 0.5000 1.0000 0.0000
vt 0.5200 0.9600 0.0000
vt 0.5200 1.0000 0.0000
vt 0.5400 0.9600 0.0000
vt 0.5400 1.0000 0.0000
vt 0.5600 0.9600 0.0000
vt 0.5600 1.0000 0.0000
vt 0.5800 0.9600 0.0000
vt 0.5800 1.0000 0.0000
vt 0.6000 0.9600 0.0000
vt 0.6000 1.0000 0.0000
vt 0.6200 0.9600 0.0000
vt 0.6200 1.0000 0.0000
vt 0.6400 0.9600 0.0000
vt 0.6400 1.0000 0.0000
vt 0.6600 0.9600 0.0000
vt 0.6600 1.0000 0.0000
vt 0.6800 0.9600 0.0000
vt 0.6800 1.0000 0.0000
vt 0.7000 0.9600 0.0000
vt 0.7000 1.0000 0.0000
vt 0.7200 0.9600 0.0000
vt 0.7200 1.0000 0.0000
vt 0.7400 0.9600 0.0000
vt 0.7400 1.0000 0.0000
vt 0.7600 0.9600 0.0000
vt 0.7600 1.0000 0.0000
vt 0.7800 0.9600 0.0000
vt 0.7800 1.0000 0.0000
vt 0.8000 0.9600 0.0000
vt 0.8000 1.0000 0.0000
vt 0.8200 0.9600 0.0000
vt 0.8200 1.0000 0.0000
vt 0.8400 0.9600 0.0000
vt 0.8400 1.0000 0.0000
vt 0.8600 0.9600 0.0000
vt 0.8600 1.0000 0.0000
vt 0.8800 0.9600 0.0000
vt 0.8800 1.0000 0.0000
vt 0.9000 0.9600 0.0000
vt 0.9000 1.0000 0.0000
vt 0.9200 0.9600 0.0000
vt 0.9200 1.0000 0.0000
vt 0.9400 0.9600 0.0000
vt 0.9400 1.0000 0.0000
vt 0.9600 0.9600 0.0000
vt 0.9600 1.0000 0.0000
vt 0.9800 0.9600 0.0000
vt 0.9800 1.0000 0.0000
vt 1.0000 0.9600 0.0000
vt 0.0200 0.9200 0.0000
vt 0.0000 0.9200 0.0000
vt 0.0400 0.9200 0.0000
vt 0.0600 0.9200 0.0000
vt 0.0800 0.9200 0.0000
vt 0.1000 0.9200 0.0000
vt 0.1200 0.9200 0.0000
vt 0.1400 0.9200 0.0000
vt 0.1600 0.9200 0.0000
vt 0.1800 0.9200 0.0000
vt 0.2000 0.9200 0.0000
vt 0.2200 0.9200 0.0000
vt 0.2400 0.9200 0.0000
vt 0.2600 0.9200 0.0000
vt 0.2800 0.9200 0.0000
vt 0.3000 0.9200 0.0000
vt 0.3200 0.9200 0.0000
vt 0.3400 0.9200 0.0000
vt 0.3600 0.9200 0.0000
vt 0.3800 0.9200 0.0000
vt 0.4000 0.9200 0.0000
vt 0.4200 0.9200 0.0000
vt 0.4400 0.9200 0.0000
vt 0.4600 0.9200 0.0000
vt 0.4800 0.9200 0.0000
vt 0.5000 0.9200 0.0000
vt 0.5200 0.9200 0.0000
vt 0.5400 0.9200 0.0000
vt 0.5600 0.9200 0.0000
vt 0.5800 0.9200 0.0000
vt 0.6000 0.9200 0.0000
vt 0.6200 0.9200 0.0000
vt 0.6400 0.9200 0.0000
vt 0.6600 0.9200 0.0000
vt 0.6800 0.9200 0.0000
vt 0.7000 0.9200 0.0000
vt 0.7200 0.9200 0.0000
vt 0.7400 0.9200 0.0000
vt 0.7600 0.9200 0.0000
vt 0.7800 0.9200 0.0000
vt 0.8000 0.9200 0.0000
vt 0.8200 0.9200 0.0000
vt 0.8400 0.9200 0.0000
vt 0.8600 0.9200 0.0000
vt 0.8800 0.9200 0.0000
vt 0.9000 0.9200 0.0000
vt 0.9200 0.9200 0.0000
vt 0.9400 0.9200 0.0000
vt 0.9600 0.9200 0.0000
vt 0.9800 0.9200 0.0000
vt 1.0000 0.9200 0.0000
vt 0.0200 0.8800 0.0000
vt 0.0000 0.8800 0.0000
vt 0.0400 0.8800 0.0000
vt 0.0600 0.8800 0.0000
vt 0.0800 0.8800 0.0000
vt 0.1000 0.8800 0.0000
vt 0.1200 0.8800 0.0000
vt 0.1400 0.8800 0.0000
vt 0.1600 0.8800 0.0000
vt 0.1800 0.8800 0.0000
vt 0.2000 0.8800 0.0000
vt 0.2200 0.8800 0.0000
vt 0.2400 0.8800 0.0000
vt 0.2600 0.8800 0.0000
vt 0.2800 0.8800 0.0000
vt 0.3000 0.8800 0.0000
vt 0.3200 0.8800 0.0000
vt 0.3400 0.8800 0.0000
vt 0.3600 0.8800 0.0000
vt 0.3800 0.8800 0.0000
vt 0.4000 0.8800 0.0000
vt 0.4200 0.8800 0.0000
vt 0.4400 0.8800 0.0000
vt 0.4600 0.8800 0.0000
vt 0.4800 0.8800 0.0000
vt 0.5000 0.8800 0.0000
vt 0.5200 0.8800 0.0000
vt 0.5400 0.8800 0.0000
vt 0.5600 0.8800 0.0000
vt 0.5800 0.8800 0.0000
vt 0.6000 0.8800 0.0000
vt 0.6200 0.8800 0.0000
vt 0.6400 0.8800 0.0000
vt 0.6600 0.8800 0.0000
vt 0.6800 0.8800 0.0000
vt 0.7000 0.8800 0.0000
vt 0.7200 0.8800 0.0000
vt 0.7400 0.8800 0.0000
vt 0.7600 0.8800 0.0000
vt 0.7800 0.8800 0.0000
vt 0.8000 0.8800 0.0000
vt 0.8200 0.8800 0.0000
vt 0.8400 0.8800 0.0000
vt 0.8600 0.8800 0.0000
vt 0.8800 0.8800 0.0000
vt 0.9000 0.8800 0.0000
vt 0.9200 0.8800 0.0000
vt 0.9400 0.8800 0.0000
vt 0.9600 0.8800 0.0000
vt 0.9800 0.8800 0.0000
vt 1.0000 0.8800 0.0000
vt 0.0200 0.8400 0.0000
vt 0.0000 0.8400 0.0000
vt 0.0400 0.8400 0.0000
vt 0.0600 0.8400 0.0000
vt 0.0800 0.8400 0.0000
vt 0.1000 0.8400 0.0000
vt 0.1200 0.8400 0.0000
vt 0.1400 0.8400 0.0000
vt 0.1600 0.8400 0.0000
vt 0.1800 0.8400 0.0000
vt 0.2000 0.8400 0.0000
vt 0.2200 0.8400 0.0000
vt 0.2400 0.8400 0.0000
vt 0.2600 0.8400 0.0000
vt 0.2800 0.8400 0.0000
vt 0.3000 0.8400 0.0000
vt 0.3200 0.8400 0.0000
vt 0.3400 0.8400 0.0000
vt 0.3600 0.8400 0.0000
vt 0.3800 0.8400 0.0000
vt 0.4000 0.8400 0.0000
vt 0.4200 0.8400 0.0000
vt 0.4400 0.8400 0.0000
vt 0.4600 0.8400 0.0000
vt 0.4800 0.8400 0.0000
vt 0.5000 0.8400 0.0000
vt 0.5200 0.8400 0.0000
vt 0.5400 0.8400 0.0000
vt 0.5600 0.8400 0.0000
vt 0.5800 0.8400 0.0000
vt 0.6000 0.8400 0.0000
vt 0.6200 0.8400 0.0000
vt 0.6400 0.8400 0.0000
vt 0.6600 0.8400 0.0000
vt 0.6800 0.8400 0.0000
vt 0.7000 0.8400 0.0000
vt 0.7200 0.8400 0.0000
vt 0.7400 0.8400 0.0000
vt 0.7600 0.8400 0.0000
vt 0.7800 0.8400 0.0000
vt 0.8000 0.8400 0.0000
vt 0.8200 0.8400 0.0000
vt 0.8400 0.8400 0.0000
vt 0.8600 0.8400 0.0000
vt 0.8800 0.8400 0.0000
vt 0.9000 0.8400 0.0000
vt 0.9200 0.8400 0.0000
vt 0.9400 0.8400 0.0000
vt 0.9600 0.8400 0.0000
vt 0.9800 0.8400 0.0000
vt 1.0000 0.8400 0.0000
vt 0.0200 0.8000 0.0000
vt 0.0000 0.8000 0.0000
vt 0.0400 0.8000 0.0000
vt 0.0600 0.8000 0.0000
vt 0.0800 0.8000 0.0000
vt 0.1000 0.8000 0.0000
vt 0.1200 0.8000 0.0000
vt 0.1400 0.8000 0.0000
vt 0.1600 0.8000 0.0000
vt 0.1800 0.8000 0.0000
vt 0.2000 0.8000 0.0000
vt 0.2200 0.8000 0.0000
vt 0.2400 0.8000 0.0000
vt 0.2600 0.8000 0.0000
vt 0.2800 0.8000 0.0000
vt 0.3000 0.8000 0.0000
vt 0.3200 0.8000 0.0000
vt 0.3400 0.8000 0.0000
vt 0.3600 0.8000 0.0000
vt 0.3800 0.8000 0.0000
vt 0.4000 0.8000 0.0000
vt 0.4200 0.8000 0.0000
vt 0.4400 0.8000 0.0000
vt 0.4600 0.8000 0.0000
vt 0.4800 0.8000 0.0000
vt 0.5000 0.8000 0.0000
vt 0.5200 0.8000 0.0000
vt 0.5400 0.8000 0.0000
vt 0.5600 0.8000 0.0000
vt 0.5800 0.8000 0.0000
vt 0.6000 0.8000 0.0000
vt 0.6200 0.8000 0.0000
vt 0.6400 0.8000 0.0000
vt 0.6600 0.8000 0.0000
vt 0.6800 0.8000 0.0000
vt 0.7000 0.8000 0.0000
vt 0.7200 0.8000 0.0000
vt 0.7400 0.8000 0.0000
vt 0.7600 0.8000 0.0000
vt 0.7800 0.8000 0.0000
vt 0.8000 0.8000 0.0000
vt 0.8200 0.8000 0.0000
vt 0.8400 0.8000 0.0000
vt 0.8600 0.8000 0.0000
vt 0.8800 0.8000 0.0000
vt 0.9000 0.8000 0.0000
vt 0.9200 0.8000 0.0000
vt 0.9400 0.8000 0.0000
vt 0.9600 0.8000 0.0000
vt 0.9800 0.8000 0.0000
vt 1.0000 0.8000 0.0000
vt 0.0200 0.7600 0.0000
vt 0.0000 0.7600 0.0000
vt 0.0400 0.7600 0.0000
vt 0.0600 0.7600 0.0000
vt 0.0800 0.7600 0.0000
vt 0.1000 0.7600 0.0000
vt 0.1200 0.7600 0.0000
vt 0.1400 0.7600 0.0000
vt 0.1600 0.7600 0.0000
vt 0.1800 0.7600 0.0000
vt 0.2000 0.7600 0.0000
vt 0.2200 0.7600 0.0000
vt 0.2400 0.7600 0.0000
vt 0.2600 0.7600 0.0000
vt 0.2800 0.7600 0.0000
vt 0.3000 0.7600 0.0000
vt 0.3200 0.7600 0.0000
vt 0.3400 0.7600 0.0000
vt 0.3600 0.7600 0.0000
vt 0.3800 0.7600 0.0000
vt 0.4000 0.7600 0.0000
vt 0.4200 0.7600 0.0000
vt 0.4400 0.7600 0.0000
vt 0.4600 0.7600 0.0000
vt 0.4800 0.7600 0.0000
vt 0.5000 0.7600 0.0000
vt 0.5200 0.7600 0.0000
vt 0.5400 0.7600 0.0000
vt 0.5600 0.7600 0.0000
vt 0.5800 0.7600 0.0000
vt 0.6000 0.7600 0.0000
vt 0.6200 0.7600 0.0000
vt 0.6400 0.7600 0.0000
vt 0.6600 0.7600 0.0000
vt 0.6800 0.7600 0.0000
vt 0.7000 0.7600 0.0000
vt 0.7200 0.7600 0.0000
vt 0.7400 0.7600 0.0000
vt 0.7600 0.7600 0.0000
vt 0.7800 0.7600 0.0000
vt 0.8000 0.7600 0.0000
vt 0.8200 0.7600 0.0000
vt 0.8400 0.7600 0.0000
vt 0.8600 0.7600 0.0000
vt 0.8800 0.7600 0.0000
vt 0.9000 0.7600 0.0000
vt 0.9200 0.7600 0.0000
vt 0.9400 0.7600 0.0000
vt 0.9600 0.7600 0.0000
vt 0.9800 0.7600 0.0000
vt 1.0000 0.7600 0.0000
vt 0.0200 0.7200 0.0000
vt 0.0000 0.7200 0.0000
vt 0.0400 0.7200 0.0000
vt 0.0600 0.7200 0.0000
vt 0.0800 0.7200 0.0000
vt 0.1000 0.7200 0.0000
vt 0.1200 0.7200 0.0000
vt 0.1400 0.7200 0.0000
vt 0.1600 0.7200 0.0000
vt 0.1800 0.7200 0.0000
vt 0.2000 0.7200 0.0000
vt 0.2200 0.7200 0.0000
vt 0.2400 0.7200 0.0000
vt 0.2600 0.7200 0.0000
vt 0.2800 0.7200 0.0000
vt 0.3000 0.7200 0.0000
vt 0.3200 0.7200 0.0000
vt 0.3400 0.7200 0.0000
vt 0.3600 0.7200 0.0000
vt 0.3800 0.7200 0.0000
vt 0.4000 0.7200 0.0000
vt 0.4200 0.7200 0.0000
vt 0.4400 0.7200 0.0000
vt 0.4600 0.7200 0.0000
vt 0.4800 0.7200 0.0000
vt 0.5000 0.7200 0.0000
vt 0.5200 0.7200 0.0000
vt 0.5400 0.7200 0.0000
vt 0.5600 0.7200 0.0000
vt 0.5800 0.7200 0.0000
vt 0.6000 0.7200 0.0000
vt 0.6200 0.7200 0.0000
vt 0.6400 0.7200 0.0000
vt 0.6600 0.7200 0.0000
vt 0.6800 0.7200 0.0000
vt 0.7000 0.7200 0.0000
vt 0.7200 0.7200 0.0000
vt 0.7400 0.7200 0.0000
vt 0.7600 0.7200 0.0000
vt 0.7800 0.7200 0.0000
vt 0.8000 0.7200 0.0000
vt 0.8200 0.7200 0.0000
vt 0.8400 0.7200 0.0000
vt 0.8600 0.7200 0.0000
vt 0.8800 0.7200 0.0000
vt 0.9000 0.7200 0.0000
vt 0.9200 0.7200 0.0000
vt 0.9400 0.7200 0.0000
vt 0.9600 0.7200 0.0000
vt 0.9800 0.7200 0.0000
vt 1.0000 0.7200 0.0000
vt 0.0200 0.6800 0.0000
vt 0.0000 0.6800 0.0000
vt 0.0400 0.6800 0.0000
vt 0.0600 0.6800 0.0000
vt 0.0800 0.6800 0.0000
vt 0.1000 0.6800 0.0000
vt 0.1200 0.6800 0.0000
vt 0.1400 0.6800 0.0000
vt 0.1600 0.6800 0.0000
vt 0.1800 0.6800 0.0000
vt 0.2000 0.6800 0.0000
vt 0.2200 0.6800 0.0000
vt 0.2400 0.6800 0.0000
vt 0.2600 0.6800 0.0000
vt 0.2800 0.6800 0.0000
vt 0.3000 0.6800 0.0000
vt 0.3200 0.6800 0.0000
vt 0.3400 0.6800 0.0000
vt 0.3600 0.6800 0.0000
vt 0.3800 0.6800 0.0000
vt 0.4000 0.6800 0.0000
vt 0.4200 0.6800 0.0000
vt 0.4400 0.6800 0.0000
vt 0.4600 0.6800 0.0000
vt 0.4800 0.6800 0.0000
vt 0.5000 0.6800 0.0000
vt 0.5200 0.6800 0.0000
vt 0.5400 0.6800 0.0000
vt 0.5600 0.6800 0.0000
vt 0.5800 0.6800 0.0000
vt 0.6000 0.6800 0.0000
vt 0.6200 0.6800 0.0000
vt 0.6400 0.6800 0.0000
vt 0.6600 0.6800 0.0000
vt 0.6800 0.6800 0.0000
vt 0.7000 0.6800 0.0000
vt 0.7200 0.6800 0.0000
vt 0.7400 0.6800 0.0000
vt 0.7600 0.6800 0.0000
vt 0.7800 0.6800 0.0000
vt 0.8000 0.6800 0.0000
vt 0.8200 0.6800 0.0000
vt 0.8400 0.6800 0.0000
vt 0.8600 0.6800 0.0000
vt 0.8800 0.6800 0.0000
vt 0.9000 0.6800 0.0000
vt 0.9200 0.6800 0.0000
vt 0.9400 0.6800 0.0000
vt 0.9600 0.6800 0.0000
vt 0.9800 0.6800 0.0000
vt 1.0000 0.6800 0.0000
vt 0.0200 0.6400 0.0000
vt 0.0000 0.6400 0.0000
vt 0.0400 0.6400 0.0000
vt 0.0600 0.6400 0.0000
vt 0.0800 0.6400 0.0000
vt 0.1000 0.6400 0.0000
vt 0.1200 0.6400 0.0000
vt 0.1400 0.6400 0.0000
vt 0.1600 0.6400 0.0000
vt 0.1800 0.6400 0.0000
vt 0.2000 0.6400 0.0000
vt 0.2200 0.6400 0.0000
vt 0.2400 0.6400 0.0000
vt 0.2600 0.6400 0.0000
vt 0.2800 0.6400 0.0000
vt 0.3000 0.6400 0.0000
vt 0.3200 0.6400 0.0000
vt 0.3400 0.6400 0.0000
vt 0.3600 0.6400 0.0000
vt 0.3800 0.6400 0.0000
vt 0.4000 0.6400 0.0000
vt 0.4200 0.6400 0.0000
vt 0.4400 0.6400 0.0000
vt 0.4600 0.6400 0.0000
vt 0.4800 0.6400 0.0000
vt 0.5000 0.6400 0.0000
vt 0.5200 0.6400 0.0000
vt 0.5400 0.6400 0.0000
vt 0.5600 0.6400 0.0000
vt 0.5800 0.6400 0.0000
vt 0.6000 0.6400 0.0000
vt 0.6200 0.6400 0.0000
vt 0.6400 0.6400 0.0000
vt 0.6600 0.6400 0.0000
vt 0.6800 0.6400 0.0000
vt 0.7000 0.6400 0.0000
vt 0.7200 0.6400 0.0000
vt 0.7400 0.6400 0.0000
vt 0.7600 0.6400 0.0000
vt 0.7800 0.6400 0.0000
vt 0.8000 0.6400 0.0000
vt 0.8200 0.6400 0.0000
vt 0.8400 0.6400 0.0000
vt 0.8600 0.6400 0.0000
vt 0.8800 0.6400 0.0000
vt 0.9000 0.6400 0.0000
vt 0.9200 0.6400 0.0000
vt 0.9400 0.6400 0.0000
vt 0.9600 0.6400 0.0000
vt 0.9800 0.6400 0.0000
vt 1.0000 0.6400 0.0000
vt 0.0200 0.6000 0.0000
vt 0.0000 0.6000 0.0000
vt 0.0400 0.6000 0.0000
vt 0.0600 0.6000 0.0000
vt 0.0800 0.6000 0.0000
vt 0.1000 0.6000 0.0000
vt 0.1200 0.6000 0.0000
vt 0.1400 0.6000 0.0000
vt 0.1600 0.6000 0.0000
vt 0.1800 0.6000 0.0000
vt 0.2000 0.6000 0.0000
vt 0.2200 0.6000 0.0000
vt 0.2400 0.6000 0.0000
vt 0.2600 0.6000 0.0000
vt 0.2800 0.6000 0.0000
vt 0.3000 0.6000 0.0000
vt 0.3200 0.6000 0.0000
vt 0.3400 0.6000 0.0000
vt 0.3600 0.6000 0.0000
vt 0.3800 0.6000 0.0000
vt 0.4000 0.6000 0.0000
vt 0.4200 0.6000 0.0000
vt 0.4400 0.6000 0.0000
vt 0.4600 0.6000 0.0000
vt 0.4800 0.6000 0.0000
vt 0.5000 0.6000 0.0000
vt 0.5200 0.6000 0.0000
vt 0.5400 0.6000 0.0000
vt 0.5600 0.6000 0.0000
vt 0.5800 0.6000 0.0000
vt 0.6000 0.6000 0.0000
vt 0.6200 0.6000 0.0000
vt 0.6400 0.6000 0.0000
vt 0.6600 0.6000 0.0000
vt 0.6800 0.6000 0.0000
vt 0.7000 0.6000 0.0000
vt 0.7200 0.6000 0.0000
vt 0.7400 0.6000 0.0000
vt 0.7600 0.6000 0.0000
vt 0.7800 0.6000 0.0000
vt 0.8000 0.6000 0.0000
vt 0.8200 0.6000 0.0000
vt 0.8400 0.6000 0.0000
vt 0.8600 0.6000 0.0000
vt 0.8800 0.6000 0.0000
vt 0.9000 0.6000 0.0000
vt 0.9200 0.6000 0.0000
vt 0.9400 0.6000 0.0000
vt 0.9600 0.6000 0.0000
vt 0.9800 0.6000 0.0000
vt 1.0000 0.6000 0.0000
vt 0.0200 0.5600 0.0000
vt 0.0000 0.5600 0.0000
vt 0.0400 0.5600 0.0000
vt 0.0600 0.5600 0.0000
vt 0.0800 0.5600 0.0000
vt 0.1000 0.5600 0.0000
vt 0.1200 0.5600 0.0000
vt 0.1400 0.5600 0.0000
vt 0.1600 0.5600 0.0000
vt 0.1800 0.5600 0.0000
vt 0.2000 0.5600 0.0000
vt 0.2200 0.5600 0.0000
vt 0.2400 0.5600 0.0000
vt 0.2600 0.5600 0.0000
vt 0.2800 0.5600 0.0000
vt 0.3000 0.5600 0.0000
vt 0.3200 0.5600 0.0000
vt 0.3400 0.5600 0.0000
vt 0.3600 0.5600 0.0000
vt 0.3800 0.5600 0.0000
vt 0.4000 0.5600 0.0000
vt 0.4200 0.5600 0.0000
vt 0.4400 0.5600 0.0000
vt 0.4600 0.5600 0.0000
vt 0.4800 0.5600 0.0000
vt 0.5000 0.5600 0.0000
vt 0.5200 0.5600 0.0000
vt 0.5400 0.5600 0.0000
vt 0.5600 0.5600 0.0000
vt 0.5800 0.5600 0.0000
vt 0.6000 0.5600 0.0000
vt 0.6200 0.5600 0.0000
vt 0.6400 0.5600 0.0000
vt 0.6600 0.5600 0.0000
vt 0.6800 0.5600 0.0000
vt 0.7000 0.5600 0.0000
vt 0.7200 0.5600 0.0000
vt 0.7400 0.5600 0.0000
vt 0.7600 0.5600 0.0000
vt 0.7800 0.5600 0.0000
vt 0.8000 0.5600 0.0000
vt 0.8200 0.5600 0.0000
vt 0.8400 0.5600 0.0000
vt 0.8600 0.5600 0.0000
vt 0.8800 0.5600 0.0000
vt 0.9000 0.5600 0.0000
vt 0.9200 0.5600 0.0000
vt 0.9400 0.5600 0.0000
vt 0.9600 0.5600 0.0000
vt 0.9800 0.5600 0.0000
vt 1.0000 0.5600 0.0000
vt 0.0200 0.5200 0.0000
vt 0.0000 0.5200 0.0000
vt 0.0400 0.5200 0.0000
vt 0.0600 0.5200 0.0000
vt 0.0800 0.5200 0.0000
vt 0.1000 0.5200 0.0000
vt 0.1200 0.5200 0.0000
vt 0.1400 0.5200 0.0000
vt 0.1600 0.5200 0.0000
vt 0.1800 0.5200 0.0000
vt 0.2000 0.5200 0.0000
vt 0.2200 0.5200 0.0000
vt 0.2400 0.5200 0.0000
vt 0.2600 0.5200 0.0000
vt 0.2800 0.5200 0.0000
vt 0.3000 0.5200 0.0000
vt 0.3200 0.5200 0.0000
vt 0.3400 0.5200 0.0000
vt 0.3600 0.5200 0.0000
vt 0.3800 0.5200 0.0000
vt 0.4000 0.5200 0.0000
vt 0.4200 0.5200 0.0000
vt 0.4400 0.5200 0.0000
vt 0.4600 0.5200 0.0000
vt 0.4800 0.5200 0.0000
vt 0.5000 0.5200 0.0000
vt 0.5200 0.5200 0.0000
vt 0.5400 0.5200 0.0000
vt 0.5600 0.5200 0.0000
vt 0.5800 0.5200 0.0000
vt 0.6000 0.5200 0.0000
vt 0.6200 0.5200 0.0000
vt 0.6400 0.5200 0.0000
vt 0.6600 0.5200 0.0000
vt 0.6800 0.5200 0.0000
vt 0.7000 0.5200 0.0000
vt 0.7200 0.5200 0.0000
vt 0.7400 0.5200 0.0000
vt 0.7600 0.5200 0.0000
vt 0.7800 0.5200 0.0000
vt 0.8000 0.5200 0.0000
vt 0.8200 0.5200 0.0000
vt 0.8400 0.5200 0.0000
vt 0.8600 0.5200 0.0000
vt 0.8800 0.5200 0.0000
vt 0.9000 0.5200 0.0000
vt 0.9200 0.5200 0.0000
vt 0.9400 0.5200 0.0000
vt 0.9600 0.5200 0.0000
vt 0.9800 0.5200 0.0000
vt 1.0000 0.5200 0.0000
vt 0.0200 0.4800 0.0000
vt 0.0000 0.4800 0.0000
vt 0.0400 0.4800 0.0000
vt 0.0600 0.4800 0.0000
vt 0.0800 0.4800 0.0000
vt 0.1000 0.4800 0.0000
vt 0.1200 0.4800 0.0000
vt 0.1400 0.4800 0.0000
vt 0.1600 0.4800 0.0000
vt 0.1800 0.4800 0.0000
vt 0.2000 0.4800 0.0000
vt 0.2200 0.4800 0.0000
vt 0.2400 0.4800 0.0000
vt 0.2600 0.4800 0.0000
vt 0.2800 0.4800 0.0000
vt 0.3000 0.4800 0.0000
vt 0.3200 0.4800 0.0000
vt 0.3400 0.4800 0.0000
vt 0.3600 0.4800 0.0000
vt 0.3800 0.4800 0.0000
vt 0.4000 0.4800 0.0000
vt 0.4200 0.4800 0.0000
vt 0.4400 0.4800 0.0000
vt 0.4600 0.4800 0.0000
vt 0.4800 0.4800 0.0000
vt 0.5000 0.4800 0.0000
vt 0.5200 0.4800 0.0000
vt 0.5400 0.4800 0.0000
vt 0.5600 0.4800 0.0000
vt 0.5800 0.4800 0.0000
vt 0.6000 0.4800 0.0000
vt 0.6200 0.4800 0.0000
vt 0.6400 0.4800 0.0000
vt 0.6600 0.4800 0.0000
vt 0.6800 0.4800 0.0000
vt 0.7000 0.4800 0.0000
vt 0.7200 0.4800 0.0000
vt 0.7400 0.4800 0.0000
vt 0.7600 0.4800 0.0000
vt 0.7800 0.4800 0.0000
vt 0.8000 0.4800 0.0000
vt 0.8200 0.4800 0.0000
vt 0.8400 0.4800 0.0000
vt 0.8600 0.4800 0.0000
vt 0.8800 0.4800 0.0000
vt 0.9000 0.4800 0.0000
vt 0.9200 0.4800 0.0000
vt 0.9400 0.4800 0.0000
vt 0.9600 0.4800 0.0000
vt 0.9800 0.4800 0.0000
vt 1.0000 0.4800 0.0000
vt 0.0200 0.4400 0.0000
vt 0.0000 0.4400 0.0000
vt 0.0400 0.4400 0.0000
vt 0.0600 0.4400 0.0000
vt 0.0800 0.4400 0.0000
vt 0.1000 0.4400 0.0000
vt 0.1200 0.4400 0.0000
vt 0.1400 0.4400 0.0000
vt 0.1600 0.4400 0.0000
vt 0.1800 0.4400 0.0000
vt 0.2000 0.4400 0.0000
vt 0.2200 0.4400 0.0000
vt 0.2400 0.4400 0.0000
vt 0.2600 0.4400 0.0000
vt 0.2800 0.4400 0.0000
vt 0.3000 0.4400 0.0000
vt 0.3200 0.4400 0.0000
vt 0.3400 0.4400 0.0000
vt 0.3600 0.4400 0.0000
vt 0.3800 0.4400 0.0000
vt 0.4000 0.4400 0.0000
vt 0.4200 0.4400 0.0000
vt 0.4400 0.4400 0.0000
vt 0.4600 0.4400 0.0000
vt 0.4800 0.4400 0.0000
vt 0.5000 0.4400 0.0000
vt 0.5200 0.4400 0.0000
vt 0.5400 0.4400 0.0000
vt 0.5600 0.4400 0.0000
vt 0.5800 0.4400 0.0000
vt 0.6000 0.4400 0.0000
vt 0.6200 0.4400 0.0000
vt 0.6400 0.4400 0.0000
vt 0.6600 0.4400 0.0000
vt 0.6800 0.4400 0.0000
vt 0.7000 0.4400 0.0000
vt 0.7200 0.4400 0.0000
vt 0.7400 0.4400 0.0000
vt 0.7600 0.4400 0.0000
vt 0.7800 0.4400 0.0000
vt 0.8000 0.4400 0.0000
vt 0.8200 0.4400 0.0000
vt 0.8400 0.4400 0.0000
vt 0.8600 0.4400 0.0000
vt 0.8800 0.4400 0.0000
vt 0.9000 0.4400 0.0000
vt 0.9200 0.4400 0.0000
vt 0.9400 0.4400 0.0000
vt 0.9600 0.4400 0.0000
vt 0.9800 0.4400 0.0000
vt 1.0000 0.4400 0.0000
vt 0.0200 0.4000 0.0000
vt 0.0000 0.4000 0.0000
vt 0.0400 0.4000 0.0000
vt 0.0600 0.4000 0.0000
vt 0.0800 0.4000 0.0000
vt 0.1000 0.4000 0.0000
vt 0.1200 0.4000 0.0000
vt 0.1400 0.4000 0.0000
vt 0.1600 0.4000 0.0000
vt 0.1800 0.4000 0.0000
vt 0.2000 0.4000 0.0000
vt 0.2200 0.4000 0.0000
vt 0.2400 0.4000 0.0000
vt 0.2600 0.4000 0.0000
vt 0.2800 0.4000 0.0000
vt 0.3000 0.4000 0.0000
vt 0.3200 0.4000 0.0000
vt 0.3400 0.4000 0.0000
vt 0.3600 0.4000 0.0000
vt 0.3800 0.4000 0.0000
vt 0.4000 0.4000 0.0000
vt 0.4200 0.4000 0.0000
vt 0.4400 0.4000 0.0000
vt 0.4600 0.4000 0.0000
vt 0.4800 0.4000 0.0000
vt 0.5000 0.4000 0.0000
vt 0.5200 0.4000 0.0000
vt 0.5400 0.4000 0.0000
vt 0.5600 0.4000 0.0000
vt 0.5800 0.4000 0.0000
vt 0.6000 0.4000 0.0000
vt 0.6200 0.4000 0.0000
vt 0.6400 0.4000 0.0000
vt 0.6600 0.4000 0.0000
vt 0.6800 0.4000 0.0000
vt 0.7000 0.4000 0.0000
vt 0.7200 0.4000 0.0000
vt 0.7400 0.4000 0.0000
vt 0.7600 0.4000 0.0000
vt 0.7800 0.4000 0.0000
vt 0.8000 0.4000 0.0000
vt 0.8200 0.4000 0.0000
vt 0.8400 0.4000 0.0000
vt 0.8600 0.4000 0.0000
vt 0.8800 0.4000 0.0000
vt 0.9000 0.4000 0.0000
vt 0.9200 0.4000 0.0000
vt 0.9400 0.4000 0.0000
vt 0.9600 0.4000 0.0000
vt 0.9800 0.4000 0.0000
vt 1.0000 0.4000 0.0000
vt 0.0200 0.3600 0.0000
vt 0.0000 0.3600 0.0000
vt 0.0400 0.3600 0.0000
vt 0.0600 0.3600 0.0000
vt 0.0800 0.3600 0.0000
vt 0.1000 0.3600 0.0000
vt 0.1200 0.3600 0.0000
vt 0.1400 0.3600 0.0000
vt 0.1600 0.3600 0.0000
vt 0.1800 0.3600 0.0000
vt 0.2000 0.3600 0.0000
vt 0.2200 0.3600 0.0000
vt 0.2400 0.3600 0.0000
vt 0.2600 0.3600 0.0000
vt 0.2800 0.3600 0.0000
vt 0.3000 0.3600 0.0000
vt 0.3200 0.3600 0.0000
vt 0.3400 0.3600 0.0000
vt 0.3600 0.3600 0.0000
vt 0.3800 0.3600 0.0000
vt 0.4000 0.3600 0.0000
vt 0.4200 0.3600 0.0000
vt 0.4400 0.3600 0.0000
vt 0.4600 0.3600 0.0000
vt 0.4800 0.3600 0.0000
vt 0.5000 0.3600 0.0000
vt 0.5200 0.3600 0.0000
vt 0.5400 0.3600 0.0000
vt 0.5600 0.3600 0.0000
vt 0.5800 0.3600 0.0000
vt 0.6000 0.3600 0.0000
vt 0.6200 0.3600 0.0000
vt 0.6400 0.3600 0.0000
vt 0.6600 0.3600 0.0000
vt 0.6800 0.3600 0.0000
vt 0.7000 0.3600 0.0000
vt 0.7200 0.3600 0.0000
vt 0.7400 0.3600 0.0000
vt 0.7600 0.3600 0.0000
vt 0.7800 0.3600 0.0000
vt 0.8000 0.3600 0.0000
vt 0.8200 0.3600 0.0000
vt 0.8400 0.3600 0.0000
vt 0.8600 0.3600 0.0000
vt 0.8800 0.3600 0.0000
vt 0.9000 0.3600 0.0000
vt 0.9200 0.3600 0.0000
vt 0.9400 0.3600 0.0000
vt 0.9600 0.3600 0.0000
vt 0.9800 0.3600 0.0000
vt 1.0000 0.3600 0.0000
vt 0.0200 0.3200 0.0000
vt 0.0000 0.3200 0.0000
vt 0.0400 0.3200 0.0000
vt 0.0600 0.3200 0.0000
vt 0.0800 0.3200 0.0000
vt 0.1000 0.3200 0.0000
vt 0.1200 0.3200 0.0000
vt 0.1400 0.3200 0.0000
vt 0.1600 0.3200 0.0000
vt 0.1800 0.3200 0.0000
vt 0.2000 0.3200 0.0000
vt 0.2200 0.3200 0.0000
vt 0.2400 0.3200 0.0000
vt 0.2600 0.3200 0.0000
vt 0.2800 0.3200 0.0000
vt 0.3000 0.3200 0.0000
vt 0.3200 0.3200 0.0000
vt 0.3400 0.3200 0.0000
vt 0.3600 0.3200 0.0000
vt 0.3800 0.3200 0.0000
vt 0.4000 0.3200 0.0000
vt 0.4200 0.3200 0.0000
vt 0.4400 0.3200 0.0000
vt 0.4600 0.3200 0.0000
vt 0.4800 0.3200 0.0000
vt 0.5000 0.3200 0.0000
vt 0.5200 0.3200 0.0000
vt 0.5400 0.3200 0.0000
vt 0.5600 0.3200 0.0000
vt 0.5800 0.3200 0.0000
vt 0.6000 0.3200 0.0000
vt 0.6200 0.3200 0.0000
vt 0.6400 0.3200 0.0000
vt 0.6600 0.3200 0.0000
vt 0.6800 0.3200 0.0000
vt 0.7000 0.3200 0.0000
vt 0.7200 0.3200 0.0000
vt 0.7400 0.3200 0.0000
vt 0.7600 0.3200 0.0000
vt 0.7800 0.3200 0.0000
vt 0.8000 0.3200 0.0000
vt 0.8200 0.3200 0.0000
vt 0.8400 0.3200 0.0000
vt 0.8600 0.3200 0.0000
vt 0.8800 0.3200 0.0000
vt 0.9000 0.3200 0.0000
vt 0.9200 0.3200 0.0000
vt 0.9400 0.3200 0.0000
vt 0.9600 0.3200 0.0000
vt 0.9800 0.3200 0.0000
vt 1.0000 0.3200 0.0000
vt 0.0200 0.2800 0.0000
vt 0.0000 0.2800 0.0000
vt 0.0400 0.2800 0.0000
vt 0.0600 0.2800 0.0000
vt 0.0800 0.2800 0.0000
vt 0.1000 0.2800 0.0000
vt 0.1200 0.2800 0.0000
vt 0.1400 0.2800 0.0000
vt 0.1600 0.2800 0.0000
vt 0.1800 0.2800 0.0000
vt 0.2000 0.2800 0.0000
vt 0.2200 0.2800 0.0000
vt 0.2400 0.2800 0.0000
vt 0.2600 0.2800 0.0000
vt 0.2800 0.2800 0.0000
vt 0.3000 0.2800 0.0000
vt 0.3200 0.2800 0.0000
vt 0.3400 0.2800 0.0000
vt 0.3600 0.2800 0.0000
vt 0.3800 0.2800 0.0000
vt 0.4000 0.2800 0.0000
vt 0.4200 0.2800 0.0000
vt 0.4400 0.2800 0.0000
vt 0.4600 0.2800 0.0000
vt 0.4800 0.2800 0.0000
vt 0.5000 0.2800 0.0000
vt 0.5200 0.2800 0.0000
vt 0.5400 0.2800 0.0000
vt 0.5600 0.2800 0.0000
vt 0.5800 0.2800 0.0000
vt 0.6000 0.2800 0.0000
vt 0.6200 0.2800 0.0000
vt 0.6400 0.2800 0.0000
vt 0.6600 0.2800 0.0000
vt 0.6800 0.2800 0.0000
vt 0.7000 0.2800 0.0000
vt 0.7200 0.2800 0.0000
vt 0.7400 0.2800 0.0000
vt 0.7600 0.2800 0.0000
vt 0.7800 0.2800 0.0000
vt 0.8000 0.2800 0.0000
vt 0.8200 0.2800 0.0000
vt 0.8400 0.2800 0.0000
vt 0.8600 0.2800 0.0000
vt 0.8800 0.2800 0.0000
vt 0.9000 0.2800 0.0000
vt 0.9200 0.2800 0.0000
vt 0.9400 0.2800 0.0000
vt 0.9600 0.2800 0.0000
vt 0.9800 0.2800 0.0000
vt 1.0000 0.2800 0.0000
vt 0.0200 0.2400 0.0000
vt 0.0000 0.2400 0.0000
vt 0.0400 0.2400 0.0000
vt 0.0600 0.2400 0.0000
vt 0.0800 0.2400 0.0000
vt 0.1000 0.2400 0.0000
vt 0.1200 0.2400 0.0000
vt 0.1400 0.2400 0.0000
vt 0.1600 0.2400 0.0000
vt 0.1800 0.2400 0.0000
vt 0.2000 0.2400 0.0000
vt 0.2200 0.2400 0.0000
vt 0.2400 0.2400 0.0000
vt 0.2600 0.2400 0.0000
vt 0.2800 0.2400 0.0000
vt 0.3000 0.2400 0.0000
vt 0.3200 0.2400 0.0000
vt 0.3400 0.2400 0.0000
vt 0.3600 0.2400 0.0000
vt 0.3800 0.2400 0.0000
vt 0.4000 0.2400 0.0000
vt 0.4200 0.2400 0.0000
vt 0.4400 0.2400 0.0000
vt 0.4600 0.2400 0.0000
vt 0.4800 0.2400 0.0000
vt 0.5000 0.2400 0.0000
vt 0.5200 0.2400 0.0000
vt 0.5400 0.2400 0.0000
vt 0.5600 0.2400 0.0000
vt 0.5800 0.2400 0.0000
vt 0.6000 0.2400 0.0000
vt 0.6200 0.2400 0.0000
vt 0.6400 0.2400 0.0000
vt 0.6600 0.2400 0.0000
vt 0.6800 0.2400 0.0000
vt 0.7000 0.2400 0.0000
vt 0.7200 0.2400 0.0000
vt 0.7400 0.2400 0.0000
vt 0.7600 0.2400 0.0000
vt 0.7800 0.2400 0.0000
vt 0.8000 0.2400 0.0000
vt 0.8200 0.2400 0.0000
vt 0.8400 0.2400 0.0000
vt 0.8600 0.2400 0.0000
vt 0.8800 0.2400 0.0000
vt 0.9000 0.2400 0.0000
vt 0.9200 0.2400 0.0000
vt 0.9400 0.2400 0.0000
vt 0.9600 0.2400 0.0000
vt 0.9800 0.2400 0.0000
vt 1.0000 0.2400 0.0000
vt 0.0200 0.2000 0.0000
vt 0.0000 0.2000 0.0000
vt 0.0400 0.2000 0.0000
vt 0.0600 0.2000 0.0000
vt 0.0800 0.2000 0.0000
vt 0.1000 0.2000 0.0000
vt 0.1200 0.2000 0.0000
vt 0.1400 0.2000 0.0000
vt 0.1600 0.2000 0.0000
vt 0.1800 0.2000 0.0000
vt 0.2000 0.2000 0.0000
vt 0.2200 0.2000 0.0000
vt 0.2400 0.2000 0.0000
vt 0.2600 0.2000 0.0000
vt 0.2800 0.2000 0.0000
vt 0.3000 0.2000 0.0000
vt 0.3200 0.2000 0.0000
vt 0.3400 0.2000 0.0000
vt 0.3600 0.2000 0.0000
vt 0.3800 0.2000 0.0000
vt 0.4000 0.2000 0.0000
vt 0.4200 0.2000 0.0000
vt 0.4400 0.2000 0.0000
vt 0.4600 0.2000 0.0000
vt 0.4800 0.2000 0.0000
vt 0.5000 0.2000 0.0000
vt 0.5200 0.2000 0.0000
vt 0.5400 0.2000 0.0000
vt 0.5600 0.2000 0.0000
vt 0.5800 0.2000 0.0000
vt 0.6000 0.2000 0.0000
vt 0.6200 0.2000 0.0000
vt 0.6400 0.2000 0.0000
vt 0.6600 0.2000 0.0000
vt 0.6800 0.2000 0.0000
vt 0.7000 0.2000 0.0000
vt 0.7200 0.2000 0.0000
vt 0.7400 0.2000 0.0000
vt 0.7600 0.2000 0.0000
vt 0.7800 0.2000 0.0000
vt 0.8000 0.2000 0.0000
vt 0.8200 0.2000 0.0000
vt 0.8400 0.2000 0.0000
vt 0.8600 0.2000 0.0000
vt 0.8800 0.2000 0.0000
vt 0.9000 0.2000 0.0000
vt 0.9200 0.2000 0.0000
vt 0.9400 0.2000 0.0000
vt 0.9600 0.2000 0.0000
vt 0.9800 0.2000 0.0000
vt 1.0000 0.2000 0.0000
vt 0.0200 0.1600 0.0000
vt 0.0000 0.1600 0.0000
vt 0.0400 0.1600 0.0000
vt 0.0600 0.1600 0.0000
vt 0.0800 0.1600 0.0000
vt 0.1000 0.1600 0.0000
vt 0.1200 0.1600 0.0000
vt 0.1400 0.1600 0.0000
vt 0.1600 0.1600 0.0000
vt 0.1800 0.1600 0.0000
vt 0.2000 0.1600 0.0000
vt 0.2200 0.1600 0.0000
vt 0.2400 0.1600 0.0000
vt 0.2600 0.1600 0.0000
vt 0.2800 0.1600 0.0000
vt 0.3000 0.1600 0.0000
vt 0.3200 0.1600 0.0000
vt 0.3400 0.1600 0.0000
vt 0.3600 0.1600 0.0000
vt 0.3800 0.1600 0.0000
vt 0.4000 0.1600 0.0000
vt 0.4200 0.1600 0.0000
vt 0.4400 0.1600 0.0000
vt 0.4600 0.1600 0.0000
vt 0.4800 0.1600 0.0000
vt 0.5000 0.1600 0.0000
vt 0.5200 0.1600 0.0000
vt 0.5400 0.1600 0.0000
vt 0.5600 0.1600 0.0000
vt 0.5800 0.1600 0.0000
vt 0.6000 0.1600 0.0000
vt 0.6200 0.1600 0.0000
vt 0.6400 0.1600 0.0000
vt 0.6600 0.1600 0.0000
vt 0.6800 0.1600 0.0000
vt 0.7000 0.1600 0.0000
vt 0.7200 0.1600 0.0000
vt 0.7400 0.1600 0.0000
vt 0.7600 0.1600 0.0000
vt 0.7800 0.1600 0.0000
vt 0.8000 0.1600 0.0000
vt 0.8200 0.1600 0.0000
vt 0.8400 0.1600 0.0000
vt 0.8600 0.1600 0.0000
vt 0.8800 0.1600 0.0000
vt 0.9000 0.1600 0.0000
vt 0.9200 0.1600 0.0000
vt 0.9400 0.1600 0.0000
vt 0.9600 0.1600 0.0000
vt 0.9800 0.1600 0.0000
vt 1.0000 0.1600 0.0000
vt 0.0200 0.1200 0.0000
vt 0.0000 0.1200 0.0000
vt 0.0400 0.1200 0.0000
vt 0.0600 0.1200 0.0000
vt 0.0800 0.1200 0.0000
vt 0.1000 0.1200 0.0000
vt 0.1200 0.1200 0.0000
vt 0.1400 0.1200 0.0000
vt 0.1600 0.1200 0.0000
vt 0.1800 0.1200 0.0000
vt 0.2000 0.1200 0.0000
vt 0.2200 0.1200 0.0000
vt 0.2400 0.1200 0.0000
vt 0.2600 0.1200 0.0000
vt 0.2800 0.1200 0.0000
vt 0.3000 0.1200 0.0000
vt 0.3200 0.1200 0.0000
vt 0.3400 0.1200 0.0000
vt 0.3600 0.1200 0.0000
vt 0.3800 0.1200 0.0000
vt 0.4000 0.1200 0.0000
vt 0.4200 0.1200 0.0000
vt 0.4400 0.1200 0.0000
vt 0.4600 0.1200 0.0000
vt 0.4800 0.1200 0.0000
vt 0.5000 0.1200 0.0000
vt 0.5200 0.1200 0.0000
vt 0.5400 0.1200 0.0000
vt 0.5600 0.1200 0.0000
vt 0.5800 0.1200 0.0000
vt 0.6000 0.1200 0.0000
vt 0.6200 0.1200 0.0000
vt 0.6400 0.1200 0.0000
vt 0.6600 0.1200 0.0000
vt 0.6800 0.1200 0.0000
vt 0.7000 0.1200 0.0000
vt 0.7200 0.1200 0.0000
vt 0.7400 0.1200 0.0000
vt 0.7600 0.1200 0.0000
vt 0.7800 0.1200 0.0000
vt 0.8000 0.1200 0.0000
vt 0.8200 0.1200 0.0000
vt 0.8400 0.1200 0.0000
vt 0.8600 0.1200 0.0000
vt 0.8800 0.1200 0.0000
vt 0.9000 0.1200 0.0000
vt 0.9200 0.1200 0.0000
vt 0.9400 0.1200 0.0000
vt 0.9600 0.1200 0.0000
vt 0.9800 0.1200 0.0000
vt 1.0000 0.1200 0.0000
vt 0.0200 0.0800 0.0000
vt 0.0000 0.0800 0.0000
vt 0.0400 0.0800 0.0000
vt 0.0600 0.0800 0.0000
vt 0.0800 0.0800 0.0000
vt 0.1000 0.0800 0.0000
vt 0.1200 0.0800 0.0000
vt 0.1400 0.0800 0.0000
vt 0.1600 0.0800 0.0000
vt 0.1800 0.0800 0.0000
vt 0.2000 0.0800 0.0000
vt 0.2200 0.0800 0.0000
vt 0.2400 0.0800 0.0000
vt 0.2600 0.0800 0.0000
vt 0.2800 0.0800 0.0000
vt 0.3000 0.0800 0.0000
vt 0.3200 0.0800 0.0000
vt 0.3400 0.0800 0.0000
vt 0.3600 0.0800 0.0000
vt 0.3800 0.0800 0.0000
vt 0.4000 0.0800 0.0000
vt 0.4200 0.0800 0.0000
vt 0.4400 0.0800 0.0000
vt 0.4600 0.0800 0.0000
vt 0.4800 0.0800 0.0000
vt 0.5000 0.0800 0.0000
vt 0.5200 0.0800 0.0000
vt 0.5400 0.0800 0.0000
vt 0.5600 0.0800 0.0000
vt 0.5800 0.0800 0.0000
vt 0.6000 0.0800 0.0000
vt 0.6200 0.0800 0.0000
vt 0.6400 0.0800 0.0000
vt 0.6600 0.0800 0.0000
vt 0.6800 0.0800 0.0000
vt 0.7000 0.0800 0.0000
vt 0.7200 0.0800 0.0000
vt 0.7400 0.0800 0.0000
vt 0.7600 0.0800 0.0000
vt 0.7800 0.0800 0.0000
vt 0.8000 0.0800 0.0000
vt 0.8200 0.0800 0.0000
vt 0.8400 0.0800 0.0000
vt 0.8600 0.0800 0.0000
vt 0.8800 0.0800 0.0000
vt 0.9000 0.0800 0.0000
vt 0.9200 0.0800 0.0000
vt 0.9400 0.0800 0.0000
vt 0.9600 0.0800 0.0000
vt 0.9800 0.0800 0.0000
vt 1.0000 0.0800 0.0000
vt 0.0200 0.0400 0.0000
vt 0.0000 0.0400 0.0000
vt 0.0400 0.0400 0.0000
vt 0.0600 0.0400 0.0000
vt 0.0800 0.0400 0.0000
vt 0.1000 0.0400 0.0000
vt 0.1200 0.0400 0.0000
vt 0.1400 0.0400 0.0000
vt 0.1600 0.0400 0.0000
vt 0.1800 0.0400 0.0000
vt 0.2000 0.0400 0.0000
vt 0.2200 0.0400 0.0000
vt 0.2400 0.0400 0.0000
vt 0.2600 0.0400 0.0000
vt 0.2800 0.0400 0.0000
vt 0.3000 0.0400 0.0000
vt 0.3200 0.0400 0.0000
vt 0.3400 0.0400 0.0000
vt 0.3600 0.0400 0.0000
vt 0.3800 0.0400 0.0000
vt 0.4000 0.0400 0.0000
vt 0.4200 0.0400 0.0000
vt 0.4400 0.0400 0.0000
vt 0.4600 0.0400 0.0000
vt 0.4800 0.0400 0.0000
vt 0.5000 0.0400 0.0000
vt 0.5200 0.0400 0.0000
vt 0.5400 0.0400 0.0000
vt 0.5600 0.0400 0.0000
vt 0.5800 0.0400 0.0000
vt 0.6000 0.0400 0.0000
vt 0.6200 0.0400 0.0000
vt 0.6400 0.0400 0.0000
vt 0.6600 0.0400 0.0000
vt 0.6800 0.0400 0.0000
vt 0.7000 0.0400 0.0000
vt 0.7200 0.0400 0.0000
vt 0.7400 0.0400 0.0000
vt 0.7600 0.0400 0.0000
vt 0.7800 0.0400 0.0000
vt 0.8000 0.0400 0.0000
vt 0.8200 0.0400 0.0000
vt 0.8400 0.0400 0.0000
vt 0.8600 0.0400 0.0000
vt 0.8800 0.0400 0.0000
vt 0.9000 0.0400 0.0000
vt 0.9200 0.0400 0.0000
vt 0.9400 0.0400 0.0000
vt 0.9600 0.0400 0.0000
vt 0.9800 0.0400 0.0000
vt 1.0000 0.0400 0.0000
vt 0.0000 -0.0000 0.0000
vt 0.0200 -0.0000 0.0000
vt 0.0400 -0.0000 0.0000
vt 0.0600 -0.0000 0.0000
vt 0.0800 -0.0000 0.0000
vt 0.1000 -0.0000 0.0000
vt 0.1200 -0.0000 0.0000
vt 0.1400 -0.0000 0.0000
vt 0.1600 -0.0000 0.0000
vt 0.1800 -0.0000 0.0000
vt 0.2000 -0.0000 0.0000
vt 0.2200 -0.0000 0.0000
vt 0.2400 -0.0000 0.0000
vt 0.2600 -0.0000 0.0000
vt 0.2800 -0.0000 0.0000
vt 0.3000 -0.0000 0.0000
vt 0.3200 -0.0000 0.0000
vt 0.3400 -0.0000 0.0000
vt 0.3600 -0.0000 0.0000
vt 0.3800 -0.0000 0.0000
vt 0.4000 -0.0000 0.0000
vt 0.4200 -0.0000 0.0000
vt 0.4400 -0.0000 0.0000
vt 0.4600 -0.0000 0.0000
vt 0.4800 -0.0000 0.0000
vt 0.5000 -0.0000 0.0000
vt 0.5200 -0.0000 0.0000
vt 0.5400 -0.0000 0.0000
vt 0.5600 -0.0000 0.0000
vt 0.5800 -0.0000 0.0000
vt 0.6000 -0.0000 0.0000
vt 0.6200 -0.0000 0.0000
vt 0.6400 -0.0000 0.0000
vt 0.6600 -0.0000 0.0000
vt 0.6800 -0.0000 0.0000
vt 0.7000 -0.0000 0.0000
vt 0.7200 -0.0000 0.0000
vt 0.7400 -0.0000 0.0000
vt 0.7600 -0.0000 0.0000
vt 0.7800 -0.0000 0.0000
vt 0.8000 -0.0000 0.0000
vt 0.8200 -0.0000 0.0000
vt 0.8400 -0.0000 0.0000
vt 0.8600 -0.0000 0.0000
vt 0.8800 -0.0000 0.0000
vt 0.9000 -0.0000 0.0000
vt 0.9200 -0.0000 0.0000
vt 0.9400 -0.0000 0.0000
vt 0.9600 -0.0000 0.0000
vt 0.9800 -0.0000 0.0000
# 3343 texture coords

g F35
usemtl 01___Default
s 1
f 1/1/1 2/2/2 3/3/3 
f 4/4/4 1/1/1 3/3/3 
s 2
f 5/5/5 2/6/6 1/7/7 
f 5/5/5 1/7/7 4/8/8 
s 1
f 6/9/9 7/10/10 3/3/3 
f 6/9/9 8/11/11 7/10/10 
f 6/9/9 9/12/12 8/11/11 
f 6/9/9 10/13/13 9/12/12 
f 2/2/2 6/9/9 3/3/3 
s 2
f 5/5/5 11/14/14 6/15/15 
f 11/14/14 12/16/16 6/15/15 
f 12/16/16 10/17/17 6/15/15 
f 5/5/5 6/15/15 2/6/6 
s 1
f 13/18/18 14/19/19 15/20/20 
f 14/19/19 16/21/21 15/20/20 
f 16/21/21 17/22/22 15/20/20 
f 17/22/22 18/23/23 15/20/20 
f 15/24/20 19/25/24 20/26/25 
f 15/24/20 21/27/26 19/25/24 
f 15/24/20 18/28/23 21/27/26 
f 13/18/18 15/20/20 22/29/27 
f 13/18/18 22/29/27 23/30/28 
f 13/18/18 23/30/28 24/31/29 
f 22/32/27 15/24/20 20/26/25 
f 23/33/28 22/32/27 20/26/25 
f 24/34/29 23/33/28 20/26/25 
f 25/35/30 26/36/30 27/37/30 28/38/30 
s 2
f 27/39/31 26/40/31 29/41/32 28/42/33 
f 30/43/34 31/44/35 32/45/36 33/46/37 
s 4
f 30/39/38 33/42/39 34/41/40 31/40/41 
s 1
f 35/47/42 36/48/43 37/49/44 
f 36/48/43 38/50/45 37/49/44 
f 39/51/46 40/52/47 41/53/48 
f 39/51/46 41/53/48 42/54/49 
f 43/55/50 44/56/51 37/57/44 
f 45/58/52 41/53/48 43/59/50 
f 46/60/53 45/61/52 37/57/44 38/62/45 
f 37/57/44 45/61/52 43/55/50 
f 42/54/49 41/53/48 45/58/52 46/63/53 
f 47/64/54 48/65/55 49/66/56 
f 47/67/54 50/68/57 48/69/55 
f 51/70/58 49/66/56 48/65/55 52/71/59 
f 49/66/56 53/72/60 47/64/54 
f 54/73/61 49/74/56 51/75/58 
f 54/73/61 55/76/62 49/74/56 
f 50/68/57 56/77/63 57/78/64 
f 58/79/65 50/68/57 57/78/64 
f 52/80/59 48/69/55 50/68/57 58/79/65 
f 59/81/66 60/82/67 61/83/68 
f 62/84/69 63/85/70 60/82/67 59/81/66 
f 59/81/66 64/86/71 65/87/72 
f 59/81/66 61/83/68 64/86/71 
s 2
f 61/83/73 60/82/74 59/81/75 
f 59/81/75 60/82/74 63/85/76 62/84/76 
f 65/87/77 64/86/78 59/81/75 
f 64/86/78 61/83/73 59/81/75 
s 1
f 66/88/79 67/89/80 68/90/81 69/91/82 
f 69/92/82 68/93/81 67/94/80 70/95/83 
f 66/88/79 69/91/82 71/96/84 72/97/85 
f 69/92/82 70/95/83 73/98/86 71/99/84 
f 74/100/87 75/101/88 76/102/89 77/103/90 
f 76/102/89 78/104/91 79/105/92 77/103/90 
f 80/106/93 74/107/87 77/108/90 81/109/94 
f 77/108/90 79/110/92 78/111/91 81/109/94 
f 82/112/95 83/113/96 84/114/97 
f 84/114/97 83/113/96 85/115/98 
f 86/116/99 87/117/100 63/85/101 62/84/69 
f 85/115/98 87/117/100 86/116/99 84/114/97 
s 4
f 84/114/102 83/113/103 82/112/104 
f 85/115/105 83/113/103 84/114/102 
f 62/84/106 63/85/106 87/117/107 86/116/108 
f 84/114/102 86/116/108 87/117/107 85/115/105 
s 2
f 88/118/109 89/119/110 90/120/111 91/121/111 
f 92/122/112 93/123/112 91/124/112 88/118/112 
s 4
f 94/125/113 95/126/113 92/127/113 88/118/113 
s 2
f 88/118/109 94/125/114 96/128/114 89/119/110 
s 4
f 91/121/115 90/120/115 89/119/115 88/118/115 
s 1
f 93/123/116 92/122/117 88/118/118 91/124/119 
f 95/126/120 94/125/121 88/118/122 92/127/117 
f 89/119/114 88/118/122 94/125/121 96/128/123 
f 97/129/124 98/130/125 99/131/126 100/132/127 
f 100/133/128 99/134/126 95/126/120 92/127/117 
s 2
f 100/132/129 99/131/129 98/130/129 97/129/129 
s 1
f 92/127/117 100/133/127 99/134/126 95/126/128 
f 101/135/130 102/136/131 103/137/132 
f 104/138/133 105/139/134 103/137/132 
f 105/139/134 101/135/130 103/137/132 
f 102/136/131 106/140/135 107/141/136 103/137/132 
s 2
f 103/137/137 102/136/138 101/135/139 
f 103/137/137 105/139/140 104/138/141 
f 103/137/137 101/135/139 105/139/140 
f 103/137/137 107/141/142 106/140/142 102/136/138 
s 1
f 106/140/143 108/142/144 109/143/145 107/141/136 
f 110/144/146 111/145/147 112/146/148 
f 110/144/146 112/146/148 109/143/145 108/142/144 
f 112/146/148 111/145/147 113/147/149 
s 4
f 107/141/150 109/143/151 108/142/152 106/140/150 
f 112/146/153 111/145/154 110/144/155 
f 108/142/152 109/143/151 112/146/153 110/144/155 
f 113/147/156 111/145/154 112/146/153 
s 1
f 114/148/157 115/149/158 116/150/159 117/151/160 
f 115/149/158 118/152/161 116/150/159 
f 119/153/162 120/154/163 115/149/158 114/148/157 
f 120/154/163 121/155/164 115/149/158 
f 122/156/165 123/157/166 124/158/167 125/159/168 
f 123/157/166 126/160/169 124/158/167 
f 127/161/170 120/162/171 124/158/167 
f 120/162/171 119/163/172 125/159/168 124/158/167 
f 128/164/173 129/165/174 130/166/175 
f 129/165/174 122/156/165 125/159/168 130/166/175 
f 131/167/176 130/168/177 132/169/178 
f 130/168/177 125/159/168 119/163/172 132/169/178 
f 133/170/179 132/171/178 134/172/180 
f 132/171/178 119/153/162 114/148/181 134/172/180 
f 135/173/182 134/174/180 136/175/183 
f 134/174/180 114/148/157 117/151/160 136/175/183 
s 2
f 117/151/184 116/150/185 115/149/186 114/148/187 
f 116/150/185 118/152/188 115/149/186 
f 114/148/187 115/149/186 120/154/189 119/153/190 
f 115/149/186 121/155/191 120/154/189 
s 4
f 125/159/192 124/158/193 123/157/194 122/156/195 
f 124/158/193 126/160/196 123/157/194 
f 124/158/193 120/162/197 127/161/198 
f 124/158/193 125/159/192 119/163/199 120/162/197 
f 130/166/200 129/165/201 128/164/202 
f 130/166/200 125/159/192 122/156/195 129/165/201 
f 132/169/203 130/168/200 131/167/204 
f 132/169/203 119/163/199 125/159/192 130/168/200 
s 8
f 134/172/205 132/171/206 133/170/207 
f 134/172/205 114/148/208 119/153/208 132/171/206 
s 2
f 136/175/209 134/174/210 135/173/211 
f 136/175/209 117/151/184 114/148/187 134/174/210 
s 1
f 137/176/212 138/177/213 139/178/214 140/179/215 
f 138/177/213 141/180/216 139/178/214 
f 142/181/217 143/182/218 144/183/219 
f 143/182/218 137/176/212 140/179/215 144/183/219 
f 145/184/220 146/185/221 143/186/222 
f 146/185/221 147/187/223 137/176/224 143/186/222 
f 147/187/223 148/188/225 138/189/226 137/176/224 
f 148/188/225 149/190/227 138/189/226 
f 150/191/228 151/192/229 148/193/225 147/194/228 
f 151/192/229 152/195/230 148/193/225 
f 147/194/223 146/196/221 153/197/231 150/191/232 
f 146/196/221 154/198/233 153/197/231 
f 150/191/232 153/199/231 155/200/234 156/201/235 
f 153/199/231 157/202/236 155/200/234 
f 156/201/235 158/203/237 151/204/238 150/191/232 
f 158/203/237 159/205/239 151/204/238 
s 2
f 140/179/240 139/178/241 138/177/242 137/176/243 
f 139/178/241 141/180/244 138/177/242 
f 144/183/245 143/182/246 142/181/247 
f 144/183/245 140/179/240 137/176/243 143/182/246 
f 143/186/246 146/185/248 145/184/249 
f 143/186/246 137/176/243 147/187/250 146/185/248 
f 137/176/243 138/189/242 148/188/251 147/187/250 
f 138/189/242 149/190/252 148/188/251 
s 4
f 147/194/253 148/193/254 151/192/255 150/191/256 
f 148/193/254 152/195/257 151/192/255 
f 150/191/256 153/197/258 146/196/259 147/194/253 
f 153/197/258 154/198/260 146/196/259 
f 156/201/261 155/200/262 153/199/258 150/191/256 
f 155/200/262 157/202/263 153/199/258 
f 150/191/256 151/204/255 158/203/264 156/201/261 
f 151/204/255 159/205/265 158/203/264 
s 1
f 160/206/266 161/207/267 162/208/268 
f 163/209/269 164/210/270 161/207/271 
f 165/211/272 161/207/267 164/210/273 166/212/274 
f 167/213/275 162/208/268 161/207/267 165/211/272 
s 2
f 168/214/276 167/213/276 165/211/276 
s 1
f 169/215/277 165/211/272 166/212/274 
s 4
f 162/208/278 161/207/279 160/206/280 
f 161/207/279 164/210/281 163/209/282 
f 166/212/283 164/210/281 161/207/279 165/211/284 
f 165/211/284 161/207/279 162/208/278 167/213/285 
s 8
f 165/211/286 167/213/286 168/214/286 
s 4
f 166/212/283 165/211/284 169/215/287 
s 1
f 170/216/288 162/208/268 171/217/289 
f 172/218/290 173/219/291 171/217/289 
f 174/220/292 172/218/290 171/217/293 175/221/294 
f 175/221/294 171/217/293 162/208/268 167/213/295 
s 2
f 176/222/296 175/221/296 167/213/296 
f 177/223/297 174/220/297 175/221/297 
f 171/217/298 162/208/298 170/216/298 
s 4
f 171/217/299 173/219/299 172/218/299 
s 16
f 175/221/300 171/217/301 172/218/302 174/220/302 
f 167/213/303 162/208/304 171/217/301 175/221/300 
f 167/213/303 175/221/300 176/222/305 
s 4
f 175/221/306 174/220/306 177/223/306 
s 1
f 168/214/307 178/224/308 167/213/295 
f 168/214/307 165/211/272 179/225/309 
f 169/215/310 179/225/309 165/211/272 
f 169/215/310 166/212/274 180/226/311 
f 169/215/310 180/226/311 179/225/309 
f 168/214/307 179/225/309 178/224/308 
f 181/227/312 178/224/308 179/225/309 
f 182/228/313 179/225/309 180/226/311 
s 4
f 167/213/314 178/224/315 168/214/316 
f 179/225/317 165/211/318 168/214/316 
f 165/211/318 179/225/317 169/215/287 
f 180/226/319 166/212/283 169/215/287 
f 179/225/317 180/226/319 169/215/287 
f 178/224/315 179/225/317 168/214/316 
f 179/225/317 178/224/315 181/227/320 
f 180/226/319 179/225/317 182/228/321 
s 1
f 177/223/322 175/221/294 183/229/323 
f 177/223/322 184/230/324 174/220/325 
f 177/223/322 183/229/323 184/230/324 
f 185/231/326 184/230/324 183/229/323 
f 176/222/327 183/229/323 175/221/294 
f 176/222/327 167/213/275 178/224/308 
f 176/222/327 178/224/308 183/229/323 
f 186/232/328 183/229/323 178/224/308 
s 16
f 183/229/329 175/221/300 177/223/330 
f 174/220/331 184/230/332 177/223/330 
f 184/230/332 183/229/329 177/223/330 
f 183/229/329 184/230/332 185/231/333 
f 175/221/300 183/229/329 176/222/305 
f 178/224/334 167/213/303 176/222/305 
f 183/229/329 178/224/334 176/222/305 
f 178/224/334 183/229/329 186/232/335 
s 1
f 187/233/336 188/234/336 189/234/336 190/233/336 
s 2
f 191/233/337 192/234/337 188/234/337 187/233/337 
s 4
f 191/235/338 187/233/338 190/235/338 
f 189/236/339 188/234/339 192/236/339 
s 2
f 20/237/340 13/237/340 14/237/341 19/237/342 
f 14/237/341 16/237/343 21/237/344 19/237/342 
f 16/237/343 17/237/345 21/237/344 
f 17/237/345 18/237/346 21/237/344 
s 4
f 11/237/347 7/237/348 3/237/349 5/237/349 
f 11/237/347 12/237/350 8/237/351 7/237/348 
f 12/237/350 10/237/352 9/237/353 
f 12/237/350 9/237/353 8/237/351 
s 2
f 193/238/354 194/238/355 195/238/356 
f 196/238/357 197/238/358 198/238/359 
f 199/238/360 193/238/354 195/238/356 
f 196/238/357 200/238/361 197/238/358 
s 1
f 201/239/362 202/240/363 203/241/364 
f 204/242/365 205/243/366 206/244/367 
f 80/106/93 207/245/368 208/246/369 
s 2
f 209/237/370 210/237/370 211/237/370 
f 212/237/370 213/237/370 214/237/370 
s 1
f 215/247/371 47/248/54 20/26/25 
f 47/249/54 13/250/18 20/251/25 
f 216/252/372 217/253/373 13/254/18 
f 216/252/372 13/254/18 47/249/54 
f 218/255/374 43/256/50 3/3/3 
f 219/257/375 218/255/374 3/3/3 
f 5/258/376 3/259/3 43/256/50 
f 43/260/50 220/261/377 5/5/376 
f 81/262/94 78/111/91 221/263/378 
f 207/245/368 80/106/93 81/262/94 222/264/379 
f 81/262/94 221/263/378 222/264/379 
f 50/68/380 207/245/368 222/264/379 56/77/63 
f 58/79/65 57/78/64 223/265/381 
s 2
f 58/79/338 51/266/338 54/267/338 57/78/338 
s 1
f 224/268/382 58/79/65 223/265/381 
f 224/268/382 223/265/381 221/263/378 78/111/91 
f 225/269/383 226/270/384 227/271/385 228/272/386 
f 229/273/387 225/269/383 228/274/386 230/275/388 
f 231/276/389 232/277/390 233/278/391 
f 234/279/392 235/280/393 236/281/394 
f 237/282/395 234/279/392 236/281/394 
f 238/283/396 237/282/395 236/281/394 
f 239/284/397 238/285/396 236/281/394 240/286/398 
f 241/287/399 239/284/397 240/286/398 
f 242/288/400 243/289/401 244/290/402 245/291/403 
f 246/292/404 242/288/400 245/291/403 
f 247/293/405 248/294/406 249/295/407 250/296/408 
f 251/297/409 252/298/410 249/295/407 248/294/406 
f 251/297/409 253/299/411 254/300/412 252/298/410 
f 255/301/413 256/302/414 257/303/415 258/304/416 
f 259/305/417 256/302/414 255/301/413 260/306/418 
f 261/307/419 262/308/420 259/305/417 260/306/418 
f 263/309/421 249/295/407 252/298/410 
f 263/309/421 252/298/410 254/300/412 264/310/422 
f 64/86/71 263/309/421 264/310/422 
f 260/306/418 255/301/413 265/311/423 
f 260/306/418 265/311/423 266/312/424 261/307/419 
f 265/311/423 105/139/134 266/312/424 
f 254/313/412 73/98/86 267/314/425 
f 254/313/412 71/99/426 73/98/86 
f 71/99/426 254/313/412 253/315/411 
s 2
f 72/97/427 73/316/427 71/317/427 
s 1
f 268/318/428 269/319/429 72/97/85 
f 270/320/430 66/321/79 72/97/85 269/319/429 
f 40/52/431 270/320/430 269/319/429 41/53/48 
f 271/322/432 136/175/433 117/151/160 
f 271/322/432 35/47/42 37/49/44 136/175/433 
f 37/49/44 135/323/182 136/175/433 
f 37/49/44 134/174/180 135/323/182 
f 37/49/44 44/56/434 134/174/180 
f 44/56/434 133/324/179 134/174/180 
f 44/56/434 132/171/435 133/324/179 
f 70/95/83 116/325/159 73/98/86 
f 70/95/83 271/322/432 117/151/160 116/150/159 
f 35/47/42 272/326/436 36/48/437 
f 35/47/42 271/322/432 273/327/438 272/326/436 
f 270/320/430 40/52/431 274/328/439 275/329/440 
f 40/52/431 39/51/46 274/328/439 
s 2
f 40/52/339 35/330/339 36/331/339 39/51/339 
s 1
f 275/329/440 67/89/80 66/321/79 
f 270/320/430 275/329/440 66/321/79 
f 274/328/439 39/51/46 42/54/49 
s 4
f 39/51/339 36/331/339 38/332/339 42/54/339 
s 1
f 274/328/439 42/54/49 276/333/441 
f 67/89/80 275/329/440 274/328/439 276/333/441 
f 272/326/436 273/334/438 67/94/80 276/335/441 
f 272/326/436 276/336/441 38/62/45 
f 36/48/437 272/326/436 38/62/45 
f 70/95/83 67/94/80 273/334/438 
f 70/95/83 273/334/438 271/322/432 
f 277/337/442 78/104/91 76/102/89 
f 224/338/382 78/104/91 277/337/442 278/339/443 
f 51/340/58 224/341/382 278/339/443 
f 51/340/58 278/339/443 54/73/61 
f 54/73/61 278/339/443 55/76/444 
f 278/339/443 277/337/442 279/342/445 55/76/444 
f 279/342/445 277/337/442 76/102/89 
f 75/101/88 158/203/237 76/102/89 
f 158/203/237 156/201/235 279/342/445 76/102/89 
f 146/196/221 53/72/446 154/343/233 
f 53/72/446 153/344/447 154/343/233 
f 53/72/446 49/74/56 153/344/447 
f 49/74/56 157/345/236 153/344/447 
f 49/74/56 155/200/234 157/345/236 
f 49/74/56 55/76/444 279/342/445 155/200/234 
f 279/342/445 156/201/235 155/200/234 
f 75/101/88 261/346/419 280/347/448 
f 75/101/88 74/100/449 261/346/419 
f 262/348/420 261/346/419 74/100/449 
f 235/349/393 247/350/405 281/351/450 
f 235/349/393 248/352/406 247/350/405 
f 235/349/393 282/353/451 251/354/409 248/352/406 
f 251/354/409 282/355/451 283/356/452 253/357/411 
f 283/356/452 284/358/453 253/357/411 
f 284/358/453 268/359/428 253/357/411 
f 285/360/454 257/361/415 286/362/455 
f 257/361/415 256/363/414 286/362/455 
f 287/364/456 286/362/455 256/363/414 259/365/417 
f 259/365/417 262/366/420 288/367/457 287/368/456 
f 262/366/420 208/369/369 289/370/458 
f 262/371/420 74/372/449 80/106/93 208/246/369 
f 72/97/85 71/317/426 253/373/411 268/318/428 
f 290/374/459 291/375/460 292/376/461 293/377/462 
f 294/378/463 295/379/464 296/380/465 297/381/466 
f 298/382/467 299/383/468 294/384/463 
f 298/382/467 300/385/469 299/383/468 
f 300/385/469 301/386/470 299/383/468 
f 300/385/469 302/387/471 303/388/472 301/386/470 
f 302/387/471 304/389/473 305/390/474 303/388/472 
f 304/389/473 306/391/475 307/392/476 305/390/474 
f 306/391/475 308/393/477 309/394/478 307/392/476 
f 310/395/479 311/396/480 291/397/460 
f 310/395/479 308/393/477 311/396/480 
f 310/395/479 309/394/478 308/393/477 
f 280/347/448 159/398/239 75/101/88 
f 280/347/448 151/399/238 159/398/239 
f 280/347/448 152/400/230 151/399/238 
f 159/398/239 158/203/237 75/101/88 
f 280/347/448 148/193/225 152/400/230 
f 116/401/159 118/402/481 73/98/86 
f 118/402/481 267/314/425 73/98/86 
f 118/402/481 115/403/158 267/314/425 
f 115/403/158 121/404/164 267/314/425 
f 121/404/164 120/154/171 267/314/425 
f 312/405/482 142/406/217 144/183/483 
f 312/405/482 143/182/218 142/406/217 
f 312/405/482 53/407/446 143/182/218 
f 53/407/446 145/408/220 143/182/218 
f 53/407/446 146/185/221 145/408/220 
f 313/409/484 130/166/177 131/410/485 44/411/434 
f 313/409/484 128/164/486 130/166/177 
f 313/409/484 129/165/174 128/164/486 
f 131/410/485 132/169/178 44/411/434 
f 170/216/288 171/217/289 314/412/487 
f 171/217/289 315/413/488 314/412/487 
f 171/217/289 173/219/291 315/413/488 
f 316/414/489 161/207/271 314/412/487 
f 316/414/489 163/209/269 161/207/271 
f 161/207/271 160/206/266 314/412/487 
f 173/219/291 172/218/290 315/413/488 
f 170/216/288 314/412/487 162/208/268 
f 160/206/266 162/208/268 314/412/487 
f 163/209/269 316/414/489 164/210/273 
f 317/415/490 183/229/323 318/416/491 
f 317/415/490 185/231/326 183/229/323 
f 183/229/323 186/232/328 318/416/491 
f 317/415/490 184/230/492 185/231/326 
f 186/232/328 178/224/493 318/416/491 
f 318/416/491 179/225/309 319/417/494 
f 318/416/491 181/227/312 179/225/309 
f 179/225/309 182/228/313 319/417/494 
f 182/228/313 180/226/495 319/417/494 
f 318/416/491 178/224/493 181/227/312 
f 184/230/324 320/418/496 321/419/497 174/220/292 
f 322/420/498 323/421/499 180/226/311 166/212/274 
f 324/422/500 172/218/290 174/220/292 321/419/497 
f 166/212/274 164/210/273 325/423/501 322/420/498 
f 323/421/499 326/424/502 319/425/494 180/226/311 
f 184/230/324 317/415/490 327/426/503 320/418/496 
f 328/427/504 329/428/505 327/429/503 
f 329/428/505 246/292/404 320/418/496 327/429/503 
f 241/287/399 330/430/506 326/431/502 323/421/499 
f 330/430/506 331/432/507 326/431/502 
s 4
f 212/433/508 332/433/509 285/433/510 
f 212/433/508 214/433/511 332/433/509 
f 214/433/511 333/433/512 332/433/509 
s 1
f 333/434/513 334/435/514 332/436/515 
f 334/435/514 258/304/416 285/437/454 332/436/515 
s 4
f 335/433/516 209/433/517 336/433/518 
f 209/433/517 211/433/519 336/433/518 
f 211/433/519 281/433/520 336/433/518 
s 1
f 250/296/408 337/438/521 336/439/522 281/440/450 
f 337/438/521 335/441/523 336/439/522 
f 338/442/524 339/443/525 97/444/124 
f 98/130/125 237/445/395 340/446/526 99/131/126 
f 98/130/125 341/447/527 237/445/395 
f 342/448/528 95/126/120 99/134/126 340/449/526 
f 342/448/528 94/125/121 95/126/120 
f 96/128/123 94/125/121 342/448/528 343/450/529 
f 221/263/378 223/265/381 56/77/63 222/264/379 
f 223/265/381 57/78/64 56/77/63 
s 2
f 57/78/338 54/267/338 55/451/338 56/77/338 
s 1
f 344/452/530 345/453/530 346/454/530 347/455/530 
f 344/452/530 347/455/530 348/456/530 349/457/530 
f 344/452/530 349/457/530 350/458/530 351/459/530 
f 344/452/530 351/459/530 352/460/530 353/461/530 
f 344/452/530 353/461/530 354/462/530 355/463/530 
f 344/452/530 355/463/530 356/464/530 357/465/530 
f 344/452/530 357/465/530 358/466/530 359/467/530 
s 2
f 360/468/531 28/42/33 29/41/32 
f 360/468/531 29/41/32 361/469/532 
s 4
f 25/35/533 28/38/534 360/470/535 
f 220/471/536 25/35/533 360/470/535 
s 2
f 362/472/537 363/473/538 364/474/539 
s 8
f 26/475/540 29/41/540 25/476/540 
s 16
f 28/38/541 25/35/541 29/477/541 
s 4
f 362/478/542 364/479/543 365/480/544 
s 2
f 361/469/532 26/40/545 364/474/539 
f 361/469/532 364/474/539 363/473/538 
s 4
f 220/471/536 365/480/544 364/479/543 
f 220/471/536 364/479/543 26/481/546 
s 2
f 29/41/32 26/40/545 361/469/532 
s 4
f 26/481/546 25/35/533 220/471/536 
f 34/41/40 33/42/39 366/468/547 
f 367/469/548 34/41/40 366/468/547 
s 2
f 366/482/549 33/46/37 32/45/36 
f 366/482/549 32/45/36 215/483/550 
s 4
f 368/474/551 369/473/552 370/472/553 
s 1
f 32/45/554 33/46/554 34/484/554 
f 31/475/555 32/476/555 34/41/555 
s 2
f 368/485/556 370/486/557 371/487/558 
f 215/483/550 32/45/36 31/44/35 
f 215/483/550 31/44/35 368/485/556 
f 371/487/558 215/483/550 368/485/556 
s 4
f 368/474/551 31/40/41 367/469/548 
f 368/474/551 367/469/548 369/473/552 
f 34/41/40 367/469/548 31/40/41 
s 1
f 372/488/559 319/425/494 326/489/502 
f 372/488/559 326/489/502 83/113/96 
f 372/488/559 373/490/560 318/416/491 319/425/494 
f 327/491/503 317/415/490 374/492/561 
f 327/491/503 374/492/561 111/145/147 
f 317/415/490 318/416/491 373/490/560 374/492/561 
f 47/249/54 312/405/482 216/252/372 
f 47/249/54 53/407/446 312/405/482 
f 43/256/50 218/255/374 313/409/484 
f 43/256/50 313/409/484 44/411/434 
s 8
f 333/433/562 214/433/562 328/433/562 327/433/562 
f 331/433/563 209/433/563 335/433/563 326/433/563 
s 1
f 375/493/564 376/494/565 200/495/566 
f 375/493/564 377/496/567 376/494/565 
f 200/495/566 378/497/568 375/493/564 
f 379/498/569 375/493/564 380/499/570 381/500/571 
f 382/501/572 383/502/573 384/503/574 385/504/575 
f 381/500/571 386/505/576 387/506/577 379/498/569 
f 386/505/576 109/143/145 112/146/578 387/506/577 
f 388/507/579 384/503/574 383/502/573 389/508/580 
f 389/508/580 84/114/97 86/116/99 388/507/579 
f 104/138/581 139/178/214 266/312/424 
f 104/138/581 140/179/582 139/178/214 
f 104/138/581 144/183/483 140/179/582 
f 123/509/166 264/310/422 126/510/169 
f 264/310/422 124/158/583 126/510/169 
f 264/310/422 267/511/425 124/158/583 
f 267/511/425 127/512/584 124/158/583 
f 267/511/425 120/162/171 127/512/584 
f 264/310/422 254/300/412 267/511/425 
f 65/87/72 122/156/165 129/165/174 
f 65/87/72 123/509/166 122/156/165 
f 65/87/72 264/310/422 123/509/166 
f 261/307/419 266/312/424 280/513/448 
f 266/312/424 138/177/226 280/513/448 
f 138/177/226 149/514/227 280/513/448 
f 149/514/227 148/188/225 280/513/448 
f 266/312/424 141/515/216 138/177/226 
f 266/312/424 139/178/214 141/515/216 
f 242/288/400 246/292/404 329/428/505 213/516/585 
f 243/289/401 390/517/586 391/518/587 
f 391/518/587 286/519/455 243/289/401 
f 243/289/401 242/288/400 213/516/585 390/517/586 
f 240/286/398 236/281/394 392/520/588 210/521/589 
f 393/522/590 392/520/588 236/281/394 
f 236/281/394 235/280/393 393/522/590 
f 330/430/506 241/287/399 240/286/398 210/521/589 
f 18/523/23 394/524/591 378/497/568 196/525/592 
f 395/526/593 396/527/594 10/528/13 193/529/595 
f 113/147/149 111/145/147 374/492/561 397/530/596 
f 374/492/561 373/490/560 398/531/597 397/530/596 
f 372/488/559 83/113/96 82/112/95 399/532/598 
f 373/490/560 372/488/559 399/532/598 398/531/597 
f 3/3/3 7/10/10 219/257/375 
f 7/10/10 8/11/11 400/533/599 219/257/375 
f 8/11/11 9/12/12 401/534/600 400/533/599 
f 10/535/13 396/527/594 9/12/12 
f 9/12/12 396/527/594 401/534/600 
f 193/536/595 199/537/601 395/526/593 
f 219/257/375 400/533/599 402/538/602 218/255/374 
f 400/533/599 401/534/600 385/504/575 402/538/602 
f 401/534/600 396/527/594 385/504/575 
f 396/527/594 382/501/572 385/504/575 
f 396/527/594 395/526/593 382/501/572 
f 395/526/593 199/539/601 382/501/572 
f 199/539/601 403/540/603 382/501/572 
f 403/540/603 404/541/604 382/501/572 
f 403/540/603 405/542/605 406/543/606 404/541/604 
f 405/544/605 407/545/607 408/546/608 406/547/606 
f 218/255/374 402/538/602 409/548/609 313/409/484 
f 402/538/602 385/504/575 384/503/574 409/548/609 
f 382/501/572 404/541/604 410/549/610 383/502/573 
f 404/541/604 406/550/606 411/233/611 410/549/610 
f 406/551/606 408/546/608 412/552/612 411/233/611 
f 383/502/573 410/549/610 413/553/613 
f 383/502/573 413/553/613 389/508/580 
f 410/549/610 411/233/611 414/554/614 413/553/613 
f 411/233/611 412/552/612 415/555/615 
f 411/233/611 415/555/615 414/554/614 
f 384/503/574 388/507/579 409/548/609 
f 409/548/609 388/507/579 416/556/616 
f 313/409/484 409/548/609 416/556/616 129/165/174 
f 59/81/617 65/87/72 129/165/174 
f 59/81/617 129/165/174 416/556/616 
f 59/81/617 416/556/616 388/507/579 
f 388/507/579 62/84/69 59/81/617 
f 388/507/579 86/116/99 62/84/69 
f 389/508/580 82/112/95 84/114/97 
f 82/112/95 389/508/580 413/553/613 
f 413/553/613 399/532/598 82/112/95 
f 399/532/598 413/553/613 414/554/614 
f 414/554/614 415/555/615 398/531/597 399/532/598 
f 335/441/523 87/117/100 85/115/98 
f 83/113/96 326/489/502 335/441/523 
f 239/284/397 241/287/399 323/421/499 
f 85/115/98 83/113/96 335/441/523 
f 63/85/70 87/117/100 335/441/523 
f 63/85/70 335/441/523 60/82/67 
f 65/87/72 64/86/71 264/310/422 
f 263/309/421 64/86/71 337/438/521 
f 61/83/68 335/441/523 64/86/71 
f 60/82/67 335/441/523 61/83/68 
f 64/86/71 335/441/523 337/438/521 
f 249/295/407 263/309/421 337/438/521 250/296/408 
f 247/293/405 250/296/408 281/440/450 
s 2
f 209/237/370 331/237/370 330/237/370 
f 209/237/370 330/237/370 210/237/370 
f 393/237/370 211/237/370 392/237/370 
f 211/237/370 210/237/370 392/237/370 
s 8
f 281/433/618 393/433/619 235/433/620 
f 281/433/618 211/433/621 393/433/619 
s 1
f 323/421/499 322/420/498 239/284/397 
f 239/557/397 322/420/498 325/423/501 
f 238/558/396 239/557/397 325/423/501 417/559/622 
f 237/560/395 238/561/396 417/559/622 340/562/526 
f 325/423/501 164/210/273 316/414/489 418/563/623 
f 417/559/622 325/423/501 418/563/623 419/564/624 
f 340/562/526 417/559/622 419/564/624 342/565/528 
f 316/414/489 314/412/487 420/566/625 421/567/626 
f 418/563/623 316/414/489 421/567/626 422/568/627 
f 419/564/624 418/563/623 422/568/627 423/569/628 
f 342/565/528 419/564/624 423/569/628 343/570/529 
f 421/567/626 420/566/625 424/571/629 425/572/630 
f 422/568/627 421/567/626 425/572/630 426/573/631 
f 423/569/628 422/568/627 426/573/631 427/574/632 
f 343/570/529 423/569/628 427/574/632 428/575/633 
f 425/572/630 424/571/629 429/576/634 430/577/635 
f 426/573/631 425/572/630 430/577/635 431/578/636 
f 427/574/632 426/573/631 431/578/636 432/579/637 
f 428/575/633 427/574/632 432/579/637 433/580/638 
f 429/576/634 434/581/639 430/577/635 
f 434/582/639 435/583/640 430/577/635 
f 430/577/635 435/584/640 431/578/636 
f 432/579/637 435/585/640 436/586/641 
f 432/579/637 431/578/636 435/585/640 
f 433/580/638 432/579/637 436/586/641 
f 435/587/640 434/588/639 437/589/642 438/590/643 
f 436/591/641 438/592/643 439/593/644 
f 436/591/641 435/594/640 438/592/643 
f 437/595/642 440/596/645 438/595/643 
f 440/596/645 439/595/644 438/595/643 
f 217/253/373 14/19/19 13/18/18 
f 217/253/373 441/597/646 14/19/19 
f 441/597/646 16/21/21 14/19/19 
f 441/597/646 442/598/647 17/22/648 16/21/21 
f 17/22/648 394/524/591 18/599/23 
f 442/598/647 394/524/591 17/22/648 
f 378/497/568 200/600/566 196/525/592 
f 216/252/372 443/601/649 441/597/646 217/253/373 
f 443/601/649 380/499/570 442/598/647 441/597/646 
f 380/499/570 394/524/591 442/598/647 
f 380/499/570 375/493/564 394/524/591 
f 375/493/564 378/497/568 394/524/591 
f 377/496/567 444/602/650 445/603/651 376/494/565 
f 444/604/650 408/546/608 407/545/607 445/605/651 
f 312/405/482 446/606/652 443/601/649 216/252/372 
f 446/606/652 381/500/571 380/499/570 443/601/649 
f 379/498/569 447/607/653 377/496/567 375/493/564 
f 447/607/653 448/234/654 444/608/650 377/496/567 
f 448/234/654 412/552/612 408/546/608 444/609/650 
f 449/610/655 447/607/653 379/498/569 
f 387/506/577 449/610/655 379/498/569 
f 449/610/655 450/611/656 448/234/654 447/607/653 
f 415/555/615 412/552/612 448/234/654 
f 450/611/656 415/555/615 448/234/654 
f 446/606/652 386/505/576 381/500/571 
f 451/612/657 386/505/576 446/606/652 
f 144/183/483 451/612/657 446/606/652 312/405/482 
f 144/183/483 104/138/581 103/137/132 
f 451/612/657 144/183/483 103/137/132 
f 386/505/576 451/612/657 103/137/132 
f 103/137/132 107/141/658 386/505/576 
f 107/141/658 109/143/145 386/505/576 
f 112/146/578 113/147/149 387/506/577 
f 449/610/655 387/506/577 113/147/149 
f 113/147/149 397/530/596 449/610/655 
f 450/611/656 449/610/655 397/530/596 
f 397/530/596 398/531/597 415/555/615 450/611/656 
f 333/434/513 111/145/147 110/144/659 
f 333/434/513 327/491/503 111/145/147 
f 245/291/403 321/419/497 320/418/496 
f 320/418/496 246/292/404 245/291/403 
f 110/144/659 108/142/144 333/434/513 
f 333/434/513 108/142/144 106/140/135 
f 102/136/131 333/434/513 106/140/135 
f 266/312/424 105/139/134 104/138/581 
f 334/435/514 105/139/134 265/311/423 
f 105/139/134 333/434/513 101/135/130 
f 101/135/130 333/434/513 102/136/131 
f 334/435/514 333/434/513 105/139/134 
f 258/304/416 334/435/514 265/311/423 255/301/413 
f 285/437/454 258/304/416 257/303/415 
s 2
f 329/237/370 328/237/370 214/237/370 
f 213/237/370 329/237/370 214/237/370 
f 213/237/370 212/237/370 390/237/370 
f 212/237/370 391/237/370 390/237/370 
s 8
f 286/433/660 391/433/661 285/433/662 
f 391/433/661 212/433/663 285/433/662 
s 1
f 243/289/401 286/519/455 452/613/664 
f 243/289/401 452/613/664 453/614/665 
f 453/614/665 244/615/402 243/289/401 
f 324/422/500 321/419/497 245/616/403 
f 454/617/666 324/422/500 245/616/403 244/618/402 
f 455/619/667 454/617/666 244/620/402 453/621/665 
f 456/622/668 315/413/488 172/218/290 324/422/500 
f 457/623/669 456/622/668 324/422/500 454/617/666 
f 458/624/670 457/623/669 454/617/666 455/619/667 
f 459/625/671 420/566/625 314/412/487 315/413/488 
f 460/626/672 459/625/671 315/413/488 456/622/668 
f 461/627/673 460/626/672 456/622/668 457/623/669 
f 462/628/674 461/627/673 457/623/669 458/624/670 
f 463/629/675 424/571/629 420/566/625 459/625/671 
f 464/630/676 463/629/675 459/625/671 460/626/672 
f 465/631/677 464/630/676 460/626/672 461/627/673 
f 466/632/678 465/631/677 461/627/673 462/628/674 
f 467/633/679 429/576/634 424/571/629 463/629/675 
f 468/634/680 467/633/679 463/629/675 464/630/676 
f 469/635/681 468/634/680 464/630/676 465/631/677 
f 470/636/682 469/635/681 465/631/677 466/632/678 
f 467/633/679 434/637/639 429/576/634 
f 467/633/679 471/638/683 434/639/639 
f 468/634/680 471/640/683 467/633/679 
f 472/641/684 471/642/683 469/635/681 
f 471/642/683 468/634/680 469/635/681 
f 472/643/684 469/635/681 470/636/682 
f 473/644/685 437/589/642 434/645/639 471/646/683 
f 474/647/686 473/648/685 472/649/684 
f 473/648/685 471/650/683 472/649/684 
f 474/595/686 440/596/645 473/595/685 
f 440/596/645 437/595/642 473/595/685 
f 475/651/687 476/652/688 477/653/689 478/654/690 
f 476/652/688 362/655/691 477/656/689 
f 362/655/691 41/657/48 269/658/429 477/659/689 
f 479/660/692 480/661/693 481/662/694 482/663/695 
f 483/664/696 479/660/692 482/663/695 484/665/697 
f 370/666/698 483/664/696 484/667/697 
f 50/668/380 370/666/698 484/669/697 207/670/368 
f 485/671/699 286/672/455 287/673/456 
f 485/671/699 452/674/664 286/672/455 
f 485/671/699 486/675/700 452/674/664 
f 485/671/699 297/381/466 296/380/465 486/675/700 
f 486/675/700 487/676/701 452/674/664 
f 486/675/700 296/677/465 488/678/702 487/676/701 
f 296/677/465 489/679/703 488/678/702 
f 489/679/703 490/680/704 488/678/702 
f 296/677/465 295/379/464 489/679/703 
f 487/676/701 491/681/705 453/682/665 452/674/664 
f 487/676/701 488/678/702 491/681/705 
f 488/678/702 490/680/704 492/683/706 491/681/705 
f 366/684/707 20/26/25 19/25/708 
f 360/685/709 11/14/710 5/5/376 
f 493/686/711 492/687/706 494/688/712 495/689/713 
s 2
f 492/687/714 493/686/714 495/689/715 494/688/716 
s 1
f 496/690/717 497/691/718 338/692/524 498/693/719 
s 2
f 497/691/720 496/690/721 498/693/722 338/692/722 
s 1
f 20/26/25 366/684/707 215/247/371 
f 499/694/723 196/695/592 500/696/724 
f 501/697/725 21/27/26 18/698/23 
f 18/699/23 499/694/723 501/697/725 
f 499/694/723 18/700/23 196/695/592 
f 502/595/726 440/596/645 503/595/727 
f 440/596/645 474/595/686 503/595/727 
f 502/595/726 503/701/727 504/702/728 
f 504/702/728 505/596/729 502/703/726 
f 503/704/727 472/705/684 504/706/728 
f 503/704/727 474/707/686 472/705/684 
f 505/708/729 506/709/730 507/710/731 
f 505/711/729 504/712/728 506/709/730 
f 504/713/728 508/714/732 506/709/730 
f 504/715/728 472/716/684 470/717/682 508/718/732 
f 509/719/733 507/720/731 510/721/734 
f 506/709/730 508/714/732 201/239/362 
f 506/709/730 201/239/362 511/722/735 
f 506/709/730 511/722/735 510/723/734 
f 507/724/731 506/709/730 510/723/734 
f 511/722/735 201/239/362 512/725/736 
f 511/722/735 512/725/736 232/726/390 
f 510/727/734 511/722/735 232/728/390 
f 509/729/733 510/730/734 232/731/390 513/732/737 
f 232/733/390 512/734/736 233/278/391 
f 513/732/737 232/735/390 231/736/389 
f 513/732/737 231/736/389 514/737/738 
f 515/738/739 233/739/391 512/740/736 
f 508/741/732 202/240/363 201/239/362 
f 203/241/364 512/742/736 201/239/362 
f 512/742/736 203/241/364 516/743/740 
f 515/738/739 512/744/736 516/743/740 
f 508/745/732 470/717/682 466/746/678 202/240/363 
f 202/240/363 466/746/678 462/747/674 203/241/364 
f 203/241/364 462/747/674 458/748/670 516/743/740 
f 515/749/739 516/743/740 517/750/741 
f 233/751/391 515/749/739 518/752/742 
f 515/749/739 517/750/741 518/752/742 
f 518/752/742 517/750/741 519/753/743 
f 517/754/741 493/755/744 519/756/743 
f 517/754/741 491/757/705 493/755/744 
f 516/743/740 458/748/670 455/758/667 517/754/741 
f 517/754/741 455/758/667 453/759/665 491/760/705 
f 520/761/745 481/662/694 480/762/693 521/763/746 
f 522/764/747 520/765/745 521/763/746 523/766/748 
f 524/767/749 522/764/747 523/766/748 525/768/750 
f 526/769/751 524/770/749 525/768/750 527/771/752 
f 289/772/458 208/369/369 484/773/697 
f 208/369/369 207/670/368 484/774/697 
f 528/775/753 289/370/458 484/776/697 482/663/695 
f 529/777/754 528/775/753 482/663/695 481/662/694 
f 530/778/755 529/777/754 481/662/694 520/761/745 
f 531/779/756 530/780/755 520/765/745 522/764/747 
f 227/781/385 531/779/756 522/764/747 524/782/749 
f 228/272/386 227/271/385 524/770/749 526/769/751 
f 367/783/757 366/684/707 19/25/708 
f 501/697/725 367/783/757 19/25/708 21/27/26 
f 532/784/758 500/696/724 198/785/759 
f 500/696/724 196/786/592 198/785/759 
f 533/787/760 534/788/761 535/789/762 536/790/763 
f 534/788/761 532/791/758 198/785/759 535/789/762 
f 537/792/764 533/793/760 536/794/763 538/795/765 
f 215/247/371 371/796/766 47/248/54 
f 371/796/766 370/666/698 47/248/54 
f 47/248/54 50/668/380 53/797/446 
f 47/248/54 370/666/698 50/668/380 
f 483/664/696 367/783/757 501/697/725 
f 483/664/696 369/798/767 367/783/757 
f 483/664/696 370/666/698 369/798/767 
f 479/660/692 501/697/725 499/694/723 
f 479/660/692 483/664/696 501/697/725 
f 480/661/693 479/660/692 499/694/723 500/696/724 
f 521/799/746 480/661/693 500/696/724 532/800/758 
f 523/766/748 521/801/746 532/802/758 534/788/761 
f 525/803/750 523/766/748 534/788/761 533/793/760 
f 527/804/752 525/768/750 533/805/760 537/792/764 
s 2
f 74/372/768 75/806/768 80/106/768 
s 1
f 289/370/458 288/807/457 262/366/420 
f 539/808/769 288/809/457 289/810/458 528/775/753 
f 540/811/770 539/808/769 528/775/753 529/777/754 
f 541/812/771 540/811/770 529/777/754 530/813/755 
f 542/814/772 541/812/771 530/815/755 531/779/756 
f 226/816/384 542/814/772 531/779/756 227/817/385 
f 543/818/773 287/368/456 288/819/457 539/808/769 
f 544/820/774 543/818/773 539/808/769 540/811/770 
f 545/821/775 544/820/774 540/811/770 541/812/771 
f 298/382/467 545/822/775 541/812/771 542/814/772 
f 300/385/469 298/382/467 226/823/384 
f 298/382/467 542/814/772 226/823/384 
f 302/387/471 300/385/469 226/824/384 
f 304/389/473 302/387/471 225/269/383 
f 302/387/471 226/825/384 225/269/383 
f 485/671/699 287/368/456 543/818/773 
f 297/826/466 543/818/773 544/820/774 
f 297/827/466 485/671/699 543/818/773 
f 294/378/463 297/828/466 544/820/774 545/829/775 
f 294/378/463 545/830/775 298/382/467 
f 492/683/706 493/755/711 491/831/705 
f 220/261/377 360/685/709 5/5/376 
f 546/832/776 193/833/595 547/834/777 
f 548/835/778 547/834/777 10/836/13 
f 10/837/13 12/16/779 548/835/778 
f 193/833/595 10/838/13 547/834/777 
f 439/595/644 440/596/645 549/595/780 
f 440/596/645 502/595/726 549/595/780 
f 550/839/781 549/840/780 502/595/726 
f 502/703/726 505/596/729 550/839/781 
f 550/841/781 436/842/641 549/843/780 
f 436/842/641 439/844/644 549/843/780 
f 507/845/731 551/846/782 505/847/729 
f 551/846/782 550/848/781 505/849/729 
f 551/846/782 552/850/783 550/851/781 
f 552/852/783 433/853/638 436/854/641 550/855/781 
f 553/856/784 507/857/731 509/858/733 
f 204/242/365 552/850/783 551/846/782 
f 554/859/785 204/242/365 551/846/782 
f 553/860/784 554/859/785 551/846/782 
f 553/860/784 551/846/782 507/861/731 
f 205/862/366 204/242/365 554/859/785 
f 555/863/786 205/862/366 554/859/785 
f 555/864/786 554/859/785 553/865/784 
f 513/732/737 555/866/786 553/865/784 509/867/733 
f 556/868/787 205/869/366 555/870/786 
f 555/871/786 557/872/788 556/868/787 
f 557/873/788 555/874/786 513/732/737 
f 514/737/738 557/873/788 513/732/737 
f 205/875/366 556/876/787 558/877/789 
f 204/242/365 559/878/790 552/879/783 
f 206/244/367 559/878/790 204/242/365 
f 89/119/791 206/244/367 90/120/792 
f 206/244/367 205/880/366 90/120/792 
f 90/881/793 205/882/366 558/877/789 91/883/119 
f 559/878/790 428/884/633 433/853/638 552/885/783 
f 206/244/367 343/450/529 428/884/633 559/878/790 
f 343/450/529 206/244/367 96/128/123 
f 206/244/367 89/119/791 96/128/123 
f 100/886/127 92/122/794 93/123/116 
f 91/124/119 558/887/789 93/123/116 
f 560/888/795 558/887/789 556/889/787 
f 560/888/795 93/123/116 558/887/789 
f 560/888/795 100/886/127 93/123/116 
f 561/890/796 100/886/127 560/888/795 
f 561/891/796 498/892/797 100/133/127 
f 498/892/797 97/444/124 100/133/127 
f 97/444/124 498/892/797 338/893/524 
f 562/894/798 563/895/799 564/896/800 565/897/801 
f 566/898/802 562/894/798 565/897/801 311/396/480 
f 229/899/387 311/396/480 308/393/477 
f 229/899/387 566/898/802 311/396/480 
f 229/900/387 308/393/477 306/391/475 
f 225/269/383 306/391/475 304/389/473 
f 225/269/383 229/273/387 306/391/475 
f 235/349/393 567/901/803 282/902/451 
f 235/349/393 234/903/392 567/901/803 
f 234/903/392 568/904/804 567/901/803 
f 568/904/804 293/377/462 292/376/461 567/901/803 
f 234/903/392 569/905/805 568/904/804 
f 569/905/805 339/906/525 293/907/462 568/904/804 
f 339/906/525 570/908/806 571/909/807 293/907/462 
f 571/909/807 290/910/459 293/907/462 
f 234/903/392 98/130/125 97/129/808 569/905/805 
f 234/903/392 341/447/527 98/130/125 
f 339/443/525 569/905/805 97/129/808 
f 338/442/524 570/911/806 339/443/525 
f 572/912/809 567/901/803 292/376/461 564/896/800 
f 572/912/809 282/353/451 567/901/803 
f 565/897/801 564/896/800 292/376/461 291/375/460 
f 311/396/480 565/897/801 291/913/460 
f 573/914/810 284/358/453 283/915/452 574/916/811 
f 575/917/812 573/914/810 574/916/811 563/895/799 
f 576/918/813 575/917/812 563/895/799 562/894/798 
f 577/919/814 576/920/813 562/894/798 566/898/802 
f 230/921/388 577/919/814 566/898/802 229/922/387 
f 574/916/811 283/923/452 282/353/451 572/912/809 
f 563/895/799 574/916/811 572/912/809 564/896/800 
f 365/924/815 220/261/377 43/260/50 
f 362/655/691 365/924/815 43/260/50 
f 43/260/50 41/657/48 362/655/691 
f 43/260/50 44/925/434 41/657/816 
f 548/835/778 361/926/817 476/652/688 
f 361/926/817 363/927/818 476/652/688 
f 363/927/818 362/655/691 476/652/688 
f 547/834/777 548/835/778 475/651/687 
f 548/835/778 476/652/688 475/651/687 
f 546/832/776 547/834/777 475/651/687 578/928/819 
f 579/929/820 546/832/776 578/928/819 580/930/821 
f 581/931/822 579/932/820 580/933/821 582/934/823 
f 583/935/824 581/931/822 582/934/823 584/936/825 
f 537/792/764 583/937/824 584/938/825 527/804/752 
f 477/939/689 268/359/428 284/358/453 
f 477/940/689 269/658/429 268/359/428 
f 478/654/690 477/939/689 284/941/453 573/914/810 
f 585/942/826 478/654/690 573/914/810 575/917/812 
f 586/943/827 585/942/826 575/917/812 576/918/813 
f 587/944/828 586/945/827 576/918/813 577/919/814 
f 588/946/829 587/944/828 577/919/814 230/947/388 
f 526/769/751 588/948/829 230/949/388 228/272/386 
f 11/14/710 360/685/709 361/926/817 
f 12/16/779 11/14/710 361/926/817 548/835/778 
f 193/950/595 546/832/776 194/951/830 
f 546/832/776 579/952/820 194/951/830 
f 589/953/831 581/931/822 583/935/824 590/954/832 
f 589/953/831 194/951/830 579/955/820 581/931/822 
f 538/795/765 590/956/832 583/957/824 537/792/764 
f 578/928/819 475/651/687 478/654/690 585/942/826 
f 580/958/821 578/928/819 585/942/826 586/959/827 
f 582/934/823 580/958/821 586/960/827 587/944/828 
f 584/961/825 582/934/823 587/944/828 588/962/829 
f 527/771/752 584/961/825 588/948/829 526/769/751 
s 2
f 591/963/833 494/688/716 495/689/715 592/964/834 
f 593/965/835 591/963/833 592/964/834 594/966/836 
f 595/967/837 593/965/835 594/966/836 596/968/838 
f 597/969/839 595/967/837 596/968/838 598/970/839 
f 598/970/839 599/971/840 600/972/841 597/969/839 
f 599/971/840 601/973/842 602/974/843 600/972/841 
f 601/973/842 603/975/844 604/976/845 602/974/843 
f 603/975/844 496/690/721 497/691/720 604/976/845 
s 1
f 592/964/846 495/689/713 494/688/712 591/963/847 
f 594/966/848 592/964/846 591/963/847 593/965/849 
f 596/968/850 594/966/848 593/965/849 595/967/851 
f 598/970/852 596/968/850 595/967/851 597/969/852 
f 597/969/852 600/972/853 599/971/854 598/970/852 
f 600/972/853 602/974/855 601/973/856 599/971/854 
f 602/974/855 604/976/857 603/975/858 601/973/856 
f 604/976/857 497/691/718 496/690/717 603/975/858 
f 233/977/391 518/978/742 519/979/743 493/980/744 
s 4
f 498/981/859 561/982/859 560/983/859 556/984/859 
s 2
f 605/985/860 606/986/860 607/987/860 
s 1
f 608/988/861 609/989/862 606/986/862 605/985/863 
s 2
f 610/990/864 609/989/864 608/988/864 
s 4
f 607/991/865 606/992/865 609/993/865 610/994/865 
s 1
f 498/981/719 605/985/863 607/987/866 
f 498/981/719 556/995/787 605/985/863 
f 514/996/738 608/988/861 605/985/863 
f 233/997/391 493/980/744 608/988/861 
f 493/980/744 610/990/867 608/988/861 
s 8
f 493/998/868 498/999/868 607/1000/868 610/1001/868 
s 1
f 611/1002/869 612/1003/870 613/1004/871 
f 614/1005/872 615/1006/873 616/1007/874 
f 617/1008/875 614/1005/872 616/1009/874 
s 2
f 618/1010/876 617/1011/876 616/1012/876 619/1013/876 
s 1
f 613/1014/871 612/1015/870 620/1016/877 
f 621/1017/878 613/1014/871 620/1016/877 
s 2
f 622/1018/879 623/1012/879 624/1011/879 625/1019/879 
s 4
f 625/1020/880 624/1021/881 614/1022/882 
f 614/1022/882 617/1023/883 618/1024/884 
f 614/1022/882 618/1024/884 626/1025/885 
f 625/1020/880 614/1022/882 626/1025/885 
f 619/1026/886 616/1027/887 615/1028/888 
f 615/1028/888 623/1029/889 622/1030/890 
f 619/1026/886 615/1028/888 622/1030/890 
s 1
f 623/1007/891 615/1006/873 614/1005/872 
f 623/1009/891 614/1005/872 624/1008/892 
f 627/1031/893 628/1032/894 629/1033/895 
f 627/1031/893 629/1033/895 630/1034/896 
s 2
f 630/1035/897 629/1036/897 631/1037/897 
f 630/1035/897 631/1037/897 632/1038/897 
s 1
f 631/1033/898 633/1032/899 634/1031/900 
f 632/1034/901 631/1033/898 634/1031/900 
s 4
f 633/1037/902 631/1039/902 629/1040/902 628/1036/902 
s 2
f 633/1037/903 628/1036/903 627/1041/903 634/1042/903 
s 1
f 613/1004/871 635/1043/904 636/1044/905 
f 611/1002/869 613/1004/871 637/1045/906 
f 637/1045/906 613/1004/871 636/1044/905 
f 636/1044/905 638/1046/907 639/1047/908 
f 637/1045/906 636/1044/905 639/1047/908 
f 611/1002/869 637/1045/906 639/1047/908 
f 611/1002/869 639/1047/908 640/1048/909 
f 641/1044/910 642/1043/911 643/1004/912 
f 641/1044/910 643/1004/912 644/1045/913 
f 645/1047/914 646/1049/915 641/1044/910 
f 645/1047/914 641/1044/910 644/1045/913 
f 643/1004/912 647/1003/916 648/1002/917 
f 644/1045/913 643/1004/912 648/1002/917 
f 645/1047/914 644/1045/913 648/1002/917 
f 649/1048/918 645/1047/914 648/1002/917 
f 650/1050/919 635/1051/904 613/1014/871 
f 650/1050/919 613/1014/871 621/1017/878 
f 643/1052/912 642/1053/911 650/1050/919 
f 643/1052/912 650/1050/919 621/1017/878 
f 643/1052/912 621/1017/878 620/1016/877 
f 647/1054/916 643/1052/912 620/1016/877 
f 651/1055/920 646/1049/915 645/1047/914 
f 651/1055/920 645/1047/914 652/1056/921 
f 639/1047/908 638/1046/907 651/1055/920 
f 639/1047/908 651/1055/920 652/1056/921 
f 645/1047/914 649/1048/918 653/1057/922 
f 652/1056/921 645/1047/914 653/1057/922 
f 639/1047/908 652/1056/921 653/1057/922 
f 640/1048/909 639/1047/908 653/1057/922 
f 636/1058/905 635/1051/904 650/1050/919 654/1059/923 
f 651/1055/920 638/1046/907 636/1044/905 654/1060/923 
f 654/1059/923 650/1050/919 642/1053/911 641/1061/910 
f 646/1049/915 651/1055/920 654/1060/923 641/1044/910 
f 605/985/863 556/995/787 557/1062/788 
f 605/985/863 557/1062/788 514/996/738 
f 608/988/861 514/996/738 231/1063/389 
f 233/997/391 608/988/861 231/1063/389 
s 2
f 303/1064/924 305/1065/925 307/1066/924 
f 301/1067/926 303/1064/924 307/1066/924 309/1068/926 
f 299/1069/927 301/1067/926 309/1068/926 310/1070/927 
f 294/1071/928 299/1069/927 310/1070/927 291/1072/928 
s 4
f 295/1073/929 294/1071/930 291/1072/930 290/1074/929 
f 338/1075/931 498/1076/932 493/1077/932 492/1078/931 
f 570/1079/933 338/1075/931 492/1078/931 490/1080/933 
f 571/1081/934 570/1079/933 490/1080/933 489/1082/934 
f 295/1073/929 290/1074/929 571/1081/934 489/1082/934 
s 1
f 590/1083/832 538/1084/765 655/1085/935 656/1086/936 
f 589/1083/831 590/1084/832 656/1085/936 657/1086/937 
f 194/1083/830 589/1084/831 657/1085/937 658/1086/938 
f 195/1083/939 194/1084/830 658/1085/938 659/1086/940 
f 199/1083/601 195/1084/939 659/1085/940 660/1086/941 
f 403/1083/603 199/1084/601 660/1085/941 661/1086/942 
f 405/1083/605 403/1084/603 661/1085/942 662/1086/943 
f 407/1083/607 405/1084/605 662/1085/943 663/1086/944 
f 445/1083/651 407/1084/607 663/1085/944 664/1086/945 
f 376/1083/565 445/1084/651 664/1085/945 665/1086/946 
f 200/1083/566 376/1084/565 665/1085/946 666/1086/947 
f 197/1083/948 200/1084/566 666/1085/947 667/1086/949 
f 198/1083/759 197/1084/948 667/1085/949 668/1086/950 
f 535/1083/762 198/1084/759 668/1085/950 669/1086/951 
f 536/1083/763 535/1084/762 669/1085/951 670/1086/952 
f 538/1083/765 536/1084/763 670/1085/952 655/1086/935 
s 2
f 655/1087/953 670/1088/954 356/464/954 355/463/953 
f 670/1088/954 669/1089/955 357/465/955 356/464/954 
f 669/1089/955 668/1090/956 358/466/956 357/465/955 
f 668/1090/956 667/1091/957 359/467/957 358/466/956 
f 667/1091/957 666/1092/958 344/452/958 359/467/957 
f 666/1092/958 665/1093/959 345/453/959 344/452/958 
f 665/1093/959 664/1094/960 346/454/960 345/453/959 
f 664/1094/960 663/1095/961 347/455/961 346/454/960 
f 663/1095/961 662/1096/962 348/456/962 347/455/961 
f 662/1096/962 661/1097/963 349/457/963 348/456/962 
f 661/1097/963 660/1098/964 350/458/964 349/457/963 
f 660/1098/964 659/1099/965 351/459/965 350/458/964 
f 659/1099/965 658/1100/966 352/460/966 351/459/965 
f 658/1100/966 657/1101/967 353/461/967 352/460/966 
f 657/1101/967 656/1102/968 354/462/968 353/461/967 
f 656/1102/968 655/1087/953 355/463/953 354/462/968 
s 1
f 671/1103/969 46/60/53 38/62/45 276/1104/441 
f 42/54/49 46/63/53 671/1105/969 276/333/441 
f 224/1106/382 51/70/58 52/71/59 58/79/65 
f 52/71/59 672/1107/970 224/1106/382 
f 224/268/382 672/1108/970 52/80/59 
s off
f 673/1109/971 305/1110/972 307/1111/973 674/1112/974 
f 674/1112/974 307/1111/973 309/1113/975 675/1114/976 
f 675/1114/976 309/1113/975 310/1115/977 676/1116/978 
f 676/1116/978 310/1115/977 291/1117/979 677/1118/980 
f 290/1119/981 677/1118/980 291/1117/979 
f 678/1120/982 679/1121/983 673/1109/971 674/1112/974 
f 680/1122/984 678/1120/982 674/1112/974 675/1114/976 
f 681/1123/985 680/1122/984 675/1114/976 676/1116/978 
f 682/1124/986 681/1123/985 676/1116/978 677/1118/980 
f 683/1125/987 673/1109/971 679/1121/983 684/1126/988 
f 685/1127/989 683/1125/987 684/1126/988 686/1128/990 
f 687/1129/991 685/1127/989 686/1128/990 688/1130/992 
f 689/1131/993 687/1129/991 688/1130/992 690/1132/994 
f 303/1133/995 305/1110/972 673/1109/971 683/1125/987 
f 301/1134/996 303/1133/995 683/1125/987 685/1127/989 
f 299/1135/997 301/1134/996 685/1127/989 687/1129/991 
f 294/1136/998 299/1135/997 687/1129/991 689/1131/993 
f 689/1131/993 295/1137/999 294/1136/998 
f 682/1124/986 677/1118/980 290/1119/981 571/1138/1000 
f 689/1131/993 690/1132/994 489/1139/1001 295/1137/999 
f 691/1140/1002 597/1140/1003 595/1140/1004 692/1140/1005 
f 600/1140/1006 597/1140/1003 691/1140/1007 693/1140/1008 
f 690/1140/994 694/1140/1009 490/1140/1010 489/1140/1001 
f 495/1140/1011 519/1140/1012 493/1140/1013 
f 492/1140/1014 490/1140/1010 694/1140/1009 494/1140/1015 
f 497/1140/1016 695/1140/1017 570/1140/1018 338/1140/1019 
f 498/1140/1020 561/1140/1021 496/1140/1022 
f 696/1140/1023 560/1140/1024 556/1140/1025 
f 556/1140/1025 557/1140/1026 697/1140/1027 
f 697/1140/1027 696/1140/1023 556/1140/1025 
f 698/1140/1028 697/1140/1027 557/1140/1026 
f 557/1140/1026 514/1140/1029 699/1140/1030 698/1140/1028 
f 560/1140/1024 696/1140/1023 700/1140/1031 561/1140/1021 
f 701/1140/1032 700/1140/1031 696/1140/1023 
f 696/1140/1023 697/1140/1027 702/1140/1033 701/1140/1032 
f 697/1140/1027 698/1140/1028 703/1140/1034 702/1140/1033 
f 698/1140/1028 699/1140/1030 704/1140/1035 703/1140/1034 
f 496/1140/1022 561/1140/1021 700/1140/1031 
f 700/1140/1031 701/1140/1032 603/1140/1036 496/1140/1022 
f 701/1140/1032 702/1140/1033 601/1140/1037 603/1140/1036 
f 702/1140/1033 703/1140/1034 599/1140/1038 601/1140/1037 
f 703/1140/1034 704/1140/1035 598/1140/1039 599/1140/1038 
f 497/1140/1016 604/1140/1040 705/1140/1041 695/1140/1017 
f 604/1140/1040 602/1140/1042 706/1140/1043 705/1140/1041 
f 602/1140/1042 600/1140/1006 693/1140/1008 706/1140/1043 
f 695/1140/1017 705/1140/1041 681/1140/985 682/1140/986 
f 705/1140/1041 706/1140/1043 680/1140/984 681/1140/985 
f 706/1140/1043 693/1140/1008 678/1140/982 680/1140/984 
f 693/1140/1008 691/1140/1007 679/1140/983 678/1140/982 
f 233/1140/1044 518/1140/1045 707/1140/1046 
f 233/1140/1044 707/1140/1046 708/1140/1047 
f 708/1140/1047 231/1140/1048 233/1140/1044 
f 231/1140/1048 708/1140/1047 709/1140/1049 
f 709/1140/1049 699/1140/1050 514/1140/1029 231/1140/1048 
f 519/1140/1012 710/1140/1051 707/1140/1046 518/1140/1045 
f 707/1140/1046 710/1140/1051 711/1140/1052 
f 711/1140/1052 712/1140/1053 708/1140/1047 707/1140/1046 
f 712/1140/1053 713/1140/1054 709/1140/1049 708/1140/1047 
f 713/1140/1054 704/1140/1035 699/1140/1050 709/1140/1049 
f 710/1140/1051 519/1140/1012 495/1140/1011 
f 495/1140/1011 592/1140/1055 711/1140/1052 710/1140/1051 
f 592/1140/1055 594/1140/1056 712/1140/1053 711/1140/1052 
f 594/1140/1056 596/1140/1057 713/1140/1054 712/1140/1053 
f 596/1140/1057 598/1140/1058 704/1140/1035 713/1140/1054 
f 694/1140/1009 714/1140/1059 591/1140/1060 494/1140/1015 
f 714/1140/1059 715/1140/1061 593/1140/1062 591/1140/1060 
f 715/1140/1061 692/1140/1005 595/1140/1004 593/1140/1062 
f 690/1140/994 688/1140/992 714/1140/1059 694/1140/1009 
f 688/1140/992 686/1140/990 715/1140/1061 714/1140/1059 
f 686/1140/990 684/1140/988 692/1140/1005 715/1140/1061 
f 684/1140/988 679/1140/983 691/1140/1002 692/1140/1005 
f 695/1140/1017 682/1140/986 571/1140/1000 570/1140/1018 
f 495/689/1063 493/686/1063 492/687/1063 494/688/1063 
f 338/692/1064 498/693/1064 496/690/1064 497/691/1064 
f 592/964/1065 591/963/1065 593/965/1065 594/966/1065 
f 594/966/1066 593/965/1066 595/967/1066 596/968/1066 
f 596/968/1067 595/967/1067 597/969/1067 598/970/1067 
f 497/691/1068 496/690/1068 603/975/1068 604/976/1068 
f 494/688/1069 591/963/1069 592/964/1069 495/689/1069 
f 599/971/1070 598/970/1070 597/969/1070 600/972/1070 
f 601/973/1071 599/971/1071 600/972/1071 602/974/1071 
f 603/975/1072 601/973/1072 602/974/1072 604/976/1072 
s 1
f 716/1141/370 717/1142/1073 718/1143/1074 
f 716/1144/370 718/1143/1074 719/1145/1075 
f 716/1146/370 719/1145/1075 720/1147/1076 
f 716/1148/370 720/1147/1076 721/1149/1077 
f 716/1150/370 721/1149/1077 722/1151/1078 
f 716/1152/370 722/1151/1078 723/1153/1079 
f 716/1154/370 723/1153/1079 724/1155/1080 
f 716/1156/370 724/1155/1080 725/1157/1081 
f 716/1158/370 725/1157/1081 726/1159/1082 
f 716/1160/370 726/1159/1082 727/1161/1083 
f 716/1162/370 727/1161/1083 728/1163/1084 
f 716/1164/370 728/1163/1084 729/1165/1085 
f 716/1166/370 729/1165/1085 730/1167/1086 
f 716/1168/370 730/1167/1086 731/1169/1087 
f 716/1170/370 731/1169/1087 732/1171/1088 
f 716/1172/370 732/1171/1088 733/1173/1089 
f 716/1174/370 733/1173/1089 734/1175/1090 
f 716/1176/370 734/1175/1090 735/1177/1091 
f 716/1178/370 735/1177/1091 736/1179/1092 
f 716/1180/370 736/1179/1092 737/1181/1093 
f 716/1182/370 737/1181/1093 738/1183/1094 
f 716/1184/370 738/1183/1094 739/1185/1095 
f 716/1186/370 739/1185/1095 740/1187/1096 
f 716/1188/370 740/1187/1096 741/1189/1097 
f 716/1190/370 741/1189/1097 742/1191/1098 
f 716/1192/370 742/1191/1098 743/1193/1099 
f 716/1194/370 743/1193/1099 744/1195/1100 
f 716/1196/370 744/1195/1100 745/1197/1101 
f 716/1198/370 745/1197/1101 746/1199/1102 
f 716/1200/370 746/1199/1102 747/1201/1103 
f 716/1202/370 747/1201/1103 748/1203/1104 
f 716/1204/370 748/1203/1104 749/1205/1105 
f 716/1206/370 749/1205/1105 750/1207/1106 
f 716/1208/370 750/1207/1106 751/1209/1107 
f 716/1210/370 751/1209/1107 752/1211/1108 
f 716/1212/370 752/1211/1108 753/1213/1109 
f 716/1214/370 753/1213/1109 754/1215/1110 
f 716/1216/370 754/1215/1110 755/1217/1111 
f 716/1218/370 755/1217/1111 756/1219/1112 
f 716/1220/370 756/1219/1112 757/1221/1113 
f 716/1222/370 757/1221/1113 717/1223/1073 
f 758/1224/1114 718/1143/1074 717/1142/1073 759/1225/1115 
f 760/1226/1116 719/1145/1075 718/1143/1074 758/1224/1114 
f 761/1227/1117 720/1147/1076 719/1145/1075 760/1226/1116 
f 762/1228/1118 721/1149/1077 720/1147/1076 761/1227/1117 
f 763/1229/1119 722/1151/1078 721/1149/1077 762/1228/1118 
f 764/1230/1120 723/1153/1079 722/1151/1078 763/1229/1119 
f 765/1231/1121 724/1155/1080 723/1153/1079 764/1230/1120 
f 766/1232/1122 725/1157/1081 724/1155/1080 765/1231/1121 
f 767/1233/1123 726/1159/1082 725/1157/1081 766/1232/1122 
f 768/1234/1124 727/1161/1083 726/1159/1082 767/1233/1123 
f 769/1235/1125 728/1163/1084 727/1161/1083 768/1234/1124 
f 770/1236/1126 729/1165/1085 728/1163/1084 769/1235/1125 
f 771/1237/1127 730/1167/1086 729/1165/1085 770/1236/1126 
f 772/1238/1128 731/1169/1087 730/1167/1086 771/1237/1127 
f 773/1239/1129 732/1171/1088 731/1169/1087 772/1238/1128 
f 774/1240/1130 733/1173/1089 732/1171/1088 773/1239/1129 
f 775/1241/1131 734/1175/1090 733/1173/1089 774/1240/1130 
f 776/1242/1132 735/1177/1091 734/1175/1090 775/1241/1131 
f 777/1243/1133 736/1179/1092 735/1177/1091 776/1242/1132 
f 778/1244/1134 737/1181/1093 736/1179/1092 777/1243/1133 
f 779/1245/1135 738/1183/1094 737/1181/1093 778/1244/1134 
f 780/1246/1136 739/1185/1095 738/1183/1094 779/1245/1135 
f 781/1247/1137 740/1187/1096 739/1185/1095 780/1246/1136 
f 782/1248/1138 741/1189/1097 740/1187/1096 781/1247/1137 
f 783/1249/1139 742/1191/1098 741/1189/1097 782/1248/1138 
f 784/1250/1140 743/1193/1099 742/1191/1098 783/1249/1139 
f 785/1251/1141 744/1195/1100 743/1193/1099 784/1250/1140 
f 786/1252/1142 745/1197/1101 744/1195/1100 785/1251/1141 
f 787/1253/1143 746/1199/1102 745/1197/1101 786/1252/1142 
f 788/1254/1144 747/1201/1103 746/1199/1102 787/1253/1143 
f 789/1255/1145 748/1203/1104 747/1201/1103 788/1254/1144 
f 790/1256/1146 749/1205/1105 748/1203/1104 789/1255/1145 
f 791/1257/1147 750/1207/1106 749/1205/1105 790/1256/1146 
f 792/1258/1148 751/1209/1107 750/1207/1106 791/1257/1147 
f 793/1259/1149 752/1211/1108 751/1209/1107 792/1258/1148 
f 794/1260/1150 753/1213/1109 752/1211/1108 793/1259/1149 
f 795/1261/1151 754/1215/1110 753/1213/1109 794/1260/1150 
f 796/1262/1152 755/1217/1111 754/1215/1110 795/1261/1151 
f 797/1263/1153 756/1219/1112 755/1217/1111 796/1262/1152 
f 798/1264/1154 757/1221/1113 756/1219/1112 797/1263/1153 
f 759/1265/1115 717/1223/1073 757/1221/1113 798/1264/1154 
f 799/1266/1155 758/1224/1114 759/1225/1115 800/1267/1156 
f 801/1268/1157 760/1226/1116 758/1224/1114 799/1266/1155 
f 802/1269/1158 761/1227/1117 760/1226/1116 801/1268/1157 
f 803/1270/1159 762/1228/1118 761/1227/1117 802/1269/1158 
f 804/1271/1160 763/1229/1119 762/1228/1118 803/1270/1159 
f 805/1272/1161 764/1230/1120 763/1229/1119 804/1271/1160 
f 806/1273/1162 765/1231/1121 764/1230/1120 805/1272/1161 
f 807/1274/1163 766/1232/1122 765/1231/1121 806/1273/1162 
f 808/1275/1164 767/1233/1123 766/1232/1122 807/1274/1163 
f 809/1276/1165 768/1234/1124 767/1233/1123 808/1275/1164 
f 810/1277/1166 769/1235/1125 768/1234/1124 809/1276/1165 
f 811/1278/1167 770/1236/1126 769/1235/1125 810/1277/1166 
f 812/1279/1168 771/1237/1127 770/1236/1126 811/1278/1167 
f 813/1280/1169 772/1238/1128 771/1237/1127 812/1279/1168 
f 814/1281/1170 773/1239/1129 772/1238/1128 813/1280/1169 
f 815/1282/1171 774/1240/1130 773/1239/1129 814/1281/1170 
f 816/1283/1172 775/1241/1131 774/1240/1130 815/1282/1171 
f 817/1284/1173 776/1242/1132 775/1241/1131 816/1283/1172 
f 818/1285/1174 777/1243/1133 776/1242/1132 817/1284/1173 
f 819/1286/1175 778/1244/1134 777/1243/1133 818/1285/1174 
f 820/1287/1176 779/1245/1135 778/1244/1134 819/1286/1175 
f 821/1288/1177 780/1246/1136 779/1245/1135 820/1287/1176 
f 822/1289/1178 781/1247/1137 780/1246/1136 821/1288/1177 
f 823/1290/1179 782/1248/1138 781/1247/1137 822/1289/1178 
f 824/1291/1180 783/1249/1139 782/1248/1138 823/1290/1179 
f 825/1292/1181 784/1250/1140 783/1249/1139 824/1291/1180 
f 826/1293/1182 785/1251/1141 784/1250/1140 825/1292/1181 
f 827/1294/1183 786/1252/1142 785/1251/1141 826/1293/1182 
f 828/1295/1184 787/1253/1143 786/1252/1142 827/1294/1183 
f 829/1296/1185 788/1254/1144 787/1253/1143 828/1295/1184 
f 830/1297/1186 789/1255/1145 788/1254/1144 829/1296/1185 
f 831/1298/1187 790/1256/1146 789/1255/1145 830/1297/1186 
f 832/1299/1188 791/1257/1147 790/1256/1146 831/1298/1187 
f 833/1300/1189 792/1258/1148 791/1257/1147 832/1299/1188 
f 834/1301/1190 793/1259/1149 792/1258/1148 833/1300/1189 
f 835/1302/1191 794/1260/1150 793/1259/1149 834/1301/1190 
f 836/1303/1192 795/1261/1151 794/1260/1150 835/1302/1191 
f 837/1304/1193 796/1262/1152 795/1261/1151 836/1303/1192 
f 838/1305/1194 797/1263/1153 796/1262/1152 837/1304/1193 
f 839/1306/1195 798/1264/1154 797/1263/1153 838/1305/1194 
f 800/1307/1156 759/1265/1115 798/1264/1154 839/1306/1195 
f 840/1308/1196 799/1266/1155 800/1267/1156 841/1309/1197 
f 842/1310/1198 801/1268/1157 799/1266/1155 840/1308/1196 
f 843/1311/1199 802/1269/1158 801/1268/1157 842/1310/1198 
f 844/1312/1200 803/1270/1159 802/1269/1158 843/1311/1199 
f 845/1313/1201 804/1271/1160 803/1270/1159 844/1312/1200 
f 846/1314/1202 805/1272/1161 804/1271/1160 845/1313/1201 
f 847/1315/1203 806/1273/1162 805/1272/1161 846/1314/1202 
f 848/1316/1204 807/1274/1163 806/1273/1162 847/1315/1203 
f 849/1317/1205 808/1275/1164 807/1274/1163 848/1316/1204 
f 850/1318/1206 809/1276/1165 808/1275/1164 849/1317/1205 
f 851/1319/1207 810/1277/1166 809/1276/1165 850/1318/1206 
f 852/1320/1208 811/1278/1167 810/1277/1166 851/1319/1207 
f 853/1321/1209 812/1279/1168 811/1278/1167 852/1320/1208 
f 854/1322/1210 813/1280/1169 812/1279/1168 853/1321/1209 
f 855/1323/1211 814/1281/1170 813/1280/1169 854/1322/1210 
f 856/1324/1212 815/1282/1171 814/1281/1170 855/1323/1211 
f 857/1325/1213 816/1283/1172 815/1282/1171 856/1324/1212 
f 858/1326/1214 817/1284/1173 816/1283/1172 857/1325/1213 
f 859/1327/1215 818/1285/1174 817/1284/1173 858/1326/1214 
f 860/1328/1216 819/1286/1175 818/1285/1174 859/1327/1215 
f 861/1329/1217 820/1287/1176 819/1286/1175 860/1328/1216 
f 862/1330/1218 821/1288/1177 820/1287/1176 861/1329/1217 
f 863/1331/1219 822/1289/1178 821/1288/1177 862/1330/1218 
f 864/1332/1220 823/1290/1179 822/1289/1178 863/1331/1219 
f 865/1333/1221 824/1291/1180 823/1290/1179 864/1332/1220 
f 866/1334/1222 825/1292/1181 824/1291/1180 865/1333/1221 
f 867/1335/1223 826/1293/1182 825/1292/1181 866/1334/1222 
f 868/1336/1224 827/1294/1183 826/1293/1182 867/1335/1223 
f 869/1337/1225 828/1295/1184 827/1294/1183 868/1336/1224 
f 870/1338/1226 829/1296/1185 828/1295/1184 869/1337/1225 
f 871/1339/1227 830/1297/1186 829/1296/1185 870/1338/1226 
f 872/1340/1228 831/1298/1187 830/1297/1186 871/1339/1227 
f 873/1341/1229 832/1299/1188 831/1298/1187 872/1340/1228 
f 874/1342/1230 833/1300/1189 832/1299/1188 873/1341/1229 
f 875/1343/1231 834/1301/1190 833/1300/1189 874/1342/1230 
f 876/1344/1232 835/1302/1191 834/1301/1190 875/1343/1231 
f 877/1345/1233 836/1303/1192 835/1302/1191 876/1344/1232 
f 878/1346/1234 837/1304/1193 836/1303/1192 877/1345/1233 
f 879/1347/1235 838/1305/1194 837/1304/1193 878/1346/1234 
f 880/1348/1236 839/1306/1195 838/1305/1194 879/1347/1235 
f 841/1349/1197 800/1307/1156 839/1306/1195 880/1348/1236 
f 881/1350/1237 840/1308/1196 841/1309/1197 882/1351/1238 
f 883/1352/1239 842/1310/1198 840/1308/1196 881/1350/1237 
f 884/1353/1240 843/1311/1199 842/1310/1198 883/1352/1239 
f 885/1354/1241 844/1312/1200 843/1311/1199 884/1353/1240 
f 886/1355/1242 845/1313/1201 844/1312/1200 885/1354/1241 
f 887/1356/1243 846/1314/1202 845/1313/1201 886/1355/1242 
f 888/1357/1244 847/1315/1203 846/1314/1202 887/1356/1243 
f 889/1358/1245 848/1316/1204 847/1315/1203 888/1357/1244 
f 890/1359/1246 849/1317/1205 848/1316/1204 889/1358/1245 
f 891/1360/1247 850/1318/1206 849/1317/1205 890/1359/1246 
f 892/1361/1248 851/1319/1207 850/1318/1206 891/1360/1247 
f 893/1362/1249 852/1320/1208 851/1319/1207 892/1361/1248 
f 894/1363/1250 853/1321/1209 852/1320/1208 893/1362/1249 
f 895/1364/1251 854/1322/1210 853/1321/1209 894/1363/1250 
f 896/1365/1252 855/1323/1211 854/1322/1210 895/1364/1251 
f 897/1366/1253 856/1324/1212 855/1323/1211 896/1365/1252 
f 898/1367/1254 857/1325/1213 856/1324/1212 897/1366/1253 
f 899/1368/1255 858/1326/1214 857/1325/1213 898/1367/1254 
f 900/1369/1256 859/1327/1215 858/1326/1214 899/1368/1255 
f 901/1370/1257 860/1328/1216 859/1327/1215 900/1369/1256 
f 902/1371/1258 861/1329/1217 860/1328/1216 901/1370/1257 
f 903/1372/1259 862/1330/1218 861/1329/1217 902/1371/1258 
f 904/1373/1260 863/1331/1219 862/1330/1218 903/1372/1259 
f 905/1374/1261 864/1332/1220 863/1331/1219 904/1373/1260 
f 906/1375/1262 865/1333/1221 864/1332/1220 905/1374/1261 
f 907/1376/1263 866/1334/1222 865/1333/1221 906/1375/1262 
f 908/1377/1264 867/1335/1223 866/1334/1222 907/1376/1263 
f 909/1378/1265 868/1336/1224 867/1335/1223 908/1377/1264 
f 910/1379/1266 869/1337/1225 868/1336/1224 909/1378/1265 
f 911/1380/1267 870/1338/1226 869/1337/1225 910/1379/1266 
f 912/1381/1268 871/1339/1227 870/1338/1226 911/1380/1267 
f 913/1382/1269 872/1340/1228 871/1339/1227 912/1381/1268 
f 914/1383/1270 873/1341/1229 872/1340/1228 913/1382/1269 
f 915/1384/1271 874/1342/1230 873/1341/1229 914/1383/1270 
f 916/1385/1272 875/1343/1231 874/1342/1230 915/1384/1271 
f 917/1386/1273 876/1344/1232 875/1343/1231 916/1385/1272 
f 918/1387/1274 877/1345/1233 876/1344/1232 917/1386/1273 
f 919/1388/1275 878/1346/1234 877/1345/1233 918/1387/1274 
f 920/1389/1276 879/1347/1235 878/1346/1234 919/1388/1275 
f 921/1390/1277 880/1348/1236 879/1347/1235 920/1389/1276 
f 882/1391/1238 841/1349/1197 880/1348/1236 921/1390/1277 
f 922/1392/1278 881/1350/1237 882/1351/1238 923/1393/1279 
f 924/1394/1280 883/1352/1239 881/1350/1237 922/1392/1278 
f 925/1395/1281 884/1353/1240 883/1352/1239 924/1394/1280 
f 926/1396/1282 885/1354/1241 884/1353/1240 925/1395/1281 
f 927/1397/1283 886/1355/1242 885/1354/1241 926/1396/1282 
f 928/1398/1284 887/1356/1243 886/1355/1242 927/1397/1283 
f 929/1399/1285 888/1357/1244 887/1356/1243 928/1398/1284 
f 930/1400/1286 889/1358/1245 888/1357/1244 929/1399/1285 
f 931/1401/1287 890/1359/1246 889/1358/1245 930/1400/1286 
f 932/1402/1288 891/1360/1247 890/1359/1246 931/1401/1287 
f 933/1403/1289 892/1361/1248 891/1360/1247 932/1402/1288 
f 934/1404/1290 893/1362/1249 892/1361/1248 933/1403/1289 
f 935/1405/1291 894/1363/1250 893/1362/1249 934/1404/1290 
f 936/1406/1292 895/1364/1251 894/1363/1250 935/1405/1291 
f 937/1407/1293 896/1365/1252 895/1364/1251 936/1406/1292 
f 938/1408/1294 897/1366/1253 896/1365/1252 937/1407/1293 
f 939/1409/1295 898/1367/1254 897/1366/1253 938/1408/1294 
f 940/1410/1296 899/1368/1255 898/1367/1254 939/1409/1295 
f 941/1411/1297 900/1369/1256 899/1368/1255 940/1410/1296 
f 942/1412/1298 901/1370/1257 900/1369/1256 941/1411/1297 
f 943/1413/1299 902/1371/1258 901/1370/1257 942/1412/1298 
f 944/1414/1300 903/1372/1259 902/1371/1258 943/1413/1299 
f 945/1415/1301 904/1373/1260 903/1372/1259 944/1414/1300 
f 946/1416/1302 905/1374/1261 904/1373/1260 945/1415/1301 
f 947/1417/1303 906/1375/1262 905/1374/1261 946/1416/1302 
f 948/1418/1304 907/1376/1263 906/1375/1262 947/1417/1303 
f 949/1419/1305 908/1377/1264 907/1376/1263 948/1418/1304 
f 950/1420/1306 909/1378/1265 908/1377/1264 949/1419/1305 
f 951/1421/1307 910/1379/1266 909/1378/1265 950/1420/1306 
f 952/1422/1308 911/1380/1267 910/1379/1266 951/1421/1307 
f 953/1423/1309 912/1381/1268 911/1380/1267 952/1422/1308 
f 954/1424/1310 913/1382/1269 912/1381/1268 953/1423/1309 
f 955/1425/1311 914/1383/1270 913/1382/1269 954/1424/1310 
f 956/1426/1312 915/1384/1271 914/1383/1270 955/1425/1311 
f 957/1427/1313 916/1385/1272 915/1384/1271 956/1426/1312 
f 958/1428/1314 917/1386/1273 916/1385/1272 957/1427/1313 
f 959/1429/1315 918/1387/1274 917/1386/1273 958/1428/1314 
f 960/1430/1316 919/1388/1275 918/1387/1274 959/1429/1315 
f 961/1431/1317 920/1389/1276 919/1388/1275 960/1430/1316 
f 962/1432/1318 921/1390/1277 920/1389/1276 961/1431/1317 
f 923/1433/1279 882/1391/1238 921/1390/1277 962/1432/1318 
f 963/1434/1319 922/1392/1278 923/1393/1279 964/1435/1320 
f 965/1436/1321 924/1394/1280 922/1392/1278 963/1434/1319 
f 966/1437/1322 925/1395/1281 924/1394/1280 965/1436/1321 
f 967/1438/1323 926/1396/1282 925/1395/1281 966/1437/1322 
f 968/1439/1324 927/1397/1283 926/1396/1282 967/1438/1323 
f 969/1440/1325 928/1398/1284 927/1397/1283 968/1439/1324 
f 970/1441/1326 929/1399/1285 928/1398/1284 969/1440/1325 
f 971/1442/1327 930/1400/1286 929/1399/1285 970/1441/1326 
f 972/1443/1328 931/1401/1287 930/1400/1286 971/1442/1327 
f 973/1444/1329 932/1402/1288 931/1401/1287 972/1443/1328 
f 974/1445/1330 933/1403/1289 932/1402/1288 973/1444/1329 
f 975/1446/1331 934/1404/1290 933/1403/1289 974/1445/1330 
f 976/1447/1332 935/1405/1291 934/1404/1290 975/1446/1331 
f 977/1448/1333 936/1406/1292 935/1405/1291 976/1447/1332 
f 978/1449/1334 937/1407/1293 936/1406/1292 977/1448/1333 
f 979/1450/1335 938/1408/1294 937/1407/1293 978/1449/1334 
f 980/1451/1336 939/1409/1295 938/1408/1294 979/1450/1335 
f 981/1452/1337 940/1410/1296 939/1409/1295 980/1451/1336 
f 982/1453/1338 941/1411/1297 940/1410/1296 981/1452/1337 
f 983/1454/1339 942/1412/1298 941/1411/1297 982/1453/1338 
f 984/1455/1340 943/1413/1299 942/1412/1298 983/1454/1339 
f 985/1456/1341 944/1414/1300 943/1413/1299 984/1455/1340 
f 986/1457/1342 945/1415/1301 944/1414/1300 985/1456/1341 
f 987/1458/1343 946/1416/1302 945/1415/1301 986/1457/1342 
f 988/1459/1344 947/1417/1303 946/1416/1302 987/1458/1343 
f 989/1460/1345 948/1418/1304 947/1417/1303 988/1459/1344 
f 990/1461/1346 949/1419/1305 948/1418/1304 989/1460/1345 
f 991/1462/1347 950/1420/1306 949/1419/1305 990/1461/1346 
f 992/1463/1348 951/1421/1307 950/1420/1306 991/1462/1347 
f 993/1464/1349 952/1422/1308 951/1421/1307 992/1463/1348 
f 994/1465/1350 953/1423/1309 952/1422/1308 993/1464/1349 
f 995/1466/1351 954/1424/1310 953/1423/1309 994/1465/1350 
f 996/1467/1352 955/1425/1311 954/1424/1310 995/1466/1351 
f 997/1468/1353 956/1426/1312 955/1425/1311 996/1467/1352 
f 998/1469/1354 957/1427/1313 956/1426/1312 997/1468/1353 
f 999/1470/1355 958/1428/1314 957/1427/1313 998/1469/1354 
f 1000/1471/1356 959/1429/1315 958/1428/1314 999/1470/1355 
f 1001/1472/1357 960/1430/1316 959/1429/1315 1000/1471/1356 
f 1002/1473/1358 961/1431/1317 960/1430/1316 1001/1472/1357 
f 1003/1474/1359 962/1432/1318 961/1431/1317 1002/1473/1358 
f 964/1475/1320 923/1433/1279 962/1432/1318 1003/1474/1359 
f 1004/1476/1360 963/1434/1319 964/1435/1320 1005/1477/1361 
f 1006/1478/1362 965/1436/1321 963/1434/1319 1004/1476/1360 
f 1007/1479/1363 966/1437/1322 965/1436/1321 1006/1478/1362 
f 1008/1480/1364 967/1438/1323 966/1437/1322 1007/1479/1363 
f 1009/1481/1365 968/1439/1324 967/1438/1323 1008/1480/1364 
f 1010/1482/1366 969/1440/1325 968/1439/1324 1009/1481/1365 
f 1011/1483/1367 970/1441/1326 969/1440/1325 1010/1482/1366 
f 1012/1484/1368 971/1442/1327 970/1441/1326 1011/1483/1367 
f 1013/1485/1369 972/1443/1328 971/1442/1327 1012/1484/1368 
f 1014/1486/1370 973/1444/1329 972/1443/1328 1013/1485/1369 
f 1015/1487/1371 974/1445/1330 973/1444/1329 1014/1486/1370 
f 1016/1488/1372 975/1446/1331 974/1445/1330 1015/1487/1371 
f 1017/1489/1373 976/1447/1332 975/1446/1331 1016/1488/1372 
f 1018/1490/1374 977/1448/1333 976/1447/1332 1017/1489/1373 
f 1019/1491/1375 978/1449/1334 977/1448/1333 1018/1490/1374 
f 1020/1492/1376 979/1450/1335 978/1449/1334 1019/1491/1375 
f 1021/1493/1377 980/1451/1336 979/1450/1335 1020/1492/1376 
f 1022/1494/1378 981/1452/1337 980/1451/1336 1021/1493/1377 
f 1023/1495/1379 982/1453/1338 981/1452/1337 1022/1494/1378 
f 1024/1496/1380 983/1454/1339 982/1453/1338 1023/1495/1379 
f 1025/1497/1381 984/1455/1340 983/1454/1339 1024/1496/1380 
f 1026/1498/1382 985/1456/1341 984/1455/1340 1025/1497/1381 
f 1027/1499/1383 986/1457/1342 985/1456/1341 1026/1498/1382 
f 1028/1500/1384 987/1458/1343 986/1457/1342 1027/1499/1383 
f 1029/1501/1385 988/1459/1344 987/1458/1343 1028/1500/1384 
f 1030/1502/1386 989/1460/1345 988/1459/1344 1029/1501/1385 
f 1031/1503/1387 990/1461/1346 989/1460/1345 1030/1502/1386 
f 1032/1504/1388 991/1462/1347 990/1461/1346 1031/1503/1387 
f 1033/1505/1389 992/1463/1348 991/1462/1347 1032/1504/1388 
f 1034/1506/1390 993/1464/1349 992/1463/1348 1033/1505/1389 
f 1035/1507/1391 994/1465/1350 993/1464/1349 1034/1506/1390 
f 1036/1508/1392 995/1466/1351 994/1465/1350 1035/1507/1391 
f 1037/1509/1393 996/1467/1352 995/1466/1351 1036/1508/1392 
f 1038/1510/1394 997/1468/1353 996/1467/1352 1037/1509/1393 
f 1039/1511/1395 998/1469/1354 997/1468/1353 1038/1510/1394 
f 1040/1512/1396 999/1470/1355 998/1469/1354 1039/1511/1395 
f 1041/1513/1397 1000/1471/1356 999/1470/1355 1040/1512/1396 
f 1042/1514/1398 1001/1472/1357 1000/1471/1356 1041/1513/1397 
f 1043/1515/1399 1002/1473/1358 1001/1472/1357 1042/1514/1398 
f 1044/1516/1400 1003/1474/1359 1002/1473/1358 1043/1515/1399 
f 1005/1517/1361 964/1475/1320 1003/1474/1359 1044/1516/1400 
f 1045/1518/1401 1004/1476/1360 1005/1477/1361 1046/1519/1402 
f 1047/1520/1403 1006/1478/1362 1004/1476/1360 1045/1518/1401 
f 1048/1521/1404 1007/1479/1363 1006/1478/1362 1047/1520/1403 
f 1049/1522/1405 1008/1480/1364 1007/1479/1363 1048/1521/1404 
f 1050/1523/1406 1009/1481/1365 1008/1480/1364 1049/1522/1405 
f 1051/1524/1407 1010/1482/1366 1009/1481/1365 1050/1523/1406 
f 1052/1525/1408 1011/1483/1367 1010/1482/1366 1051/1524/1407 
f 1053/1526/1409 1012/1484/1368 1011/1483/1367 1052/1525/1408 
f 1054/1527/1410 1013/1485/1369 1012/1484/1368 1053/1526/1409 
f 1055/1528/1411 1014/1486/1370 1013/1485/1369 1054/1527/1410 
f 1056/1529/1412 1015/1487/1371 1014/1486/1370 1055/1528/1411 
f 1057/1530/1413 1016/1488/1372 1015/1487/1371 1056/1529/1412 
f 1058/1531/1414 1017/1489/1373 1016/1488/1372 1057/1530/1413 
f 1059/1532/1415 1018/1490/1374 1017/1489/1373 1058/1531/1414 
f 1060/1533/1416 1019/1491/1375 1018/1490/1374 1059/1532/1415 
f 1061/1534/1417 1020/1492/1376 1019/1491/1375 1060/1533/1416 
f 1062/1535/1418 1021/1493/1377 1020/1492/1376 1061/1534/1417 
f 1063/1536/1419 1022/1494/1378 1021/1493/1377 1062/1535/1418 
f 1064/1537/1420 1023/1495/1379 1022/1494/1378 1063/1536/1419 
f 1065/1538/1421 1024/1496/1380 1023/1495/1379 1064/1537/1420 
f 1066/1539/1422 1025/1497/1381 1024/1496/1380 1065/1538/1421 
f 1067/1540/1423 1026/1498/1382 1025/1497/1381 1066/1539/1422 
f 1068/1541/1424 1027/1499/1383 1026/1498/1382 1067/1540/1423 
f 1069/1542/1425 1028/1500/1384 1027/1499/1383 1068/1541/1424 
f 1070/1543/1426 1029/1501/1385 1028/1500/1384 1069/1542/1425 
f 1071/1544/1427 1030/1502/1386 1029/1501/1385 1070/1543/1426 
f 1072/1545/1428 1031/1503/1387 1030/1502/1386 1071/1544/1427 
f 1073/1546/1429 1032/1504/1388 1031/1503/1387 1072/1545/1428 
f 1074/1547/1430 1033/1505/1389 1032/1504/1388 1073/1546/1429 
f 1075/1548/1431 1034/1506/1390 1033/1505/1389 1074/1547/1430 
f 1076/1549/1432 1035/1507/1391 1034/1506/1390 1075/1548/1431 
f 1077/1550/1433 1036/1508/1392 1035/1507/1391 1076/1549/1432 
f 1078/1551/1434 1037/1509/1393 1036/1508/1392 1077/1550/1433 
f 1079/1552/1435 1038/1510/1394 1037/1509/1393 1078/1551/1434 
f 1080/1553/1436 1039/1511/1395 1038/1510/1394 1079/1552/1435 
f 1081/1554/1437 1040/1512/1396 1039/1511/1395 1080/1553/1436 
f 1082/1555/1438 1041/1513/1397 1040/1512/1396 1081/1554/1437 
f 1083/1556/1439 1042/1514/1398 1041/1513/1397 1082/1555/1438 
f 1084/1557/1440 1043/1515/1399 1042/1514/1398 1083/1556/1439 
f 1085/1558/1441 1044/1516/1400 1043/1515/1399 1084/1557/1440 
f 1046/1559/1402 1005/1517/1361 1044/1516/1400 1085/1558/1441 
f 1086/1560/1442 1045/1518/1401 1046/1519/1402 1087/1561/1443 
f 1088/1562/1444 1047/1520/1403 1045/1518/1401 1086/1560/1442 
f 1089/1563/1445 1048/1521/1404 1047/1520/1403 1088/1562/1444 
f 1090/1564/1446 1049/1522/1405 1048/1521/1404 1089/1563/1445 
f 1091/1565/1447 1050/1523/1406 1049/1522/1405 1090/1564/1446 
f 1092/1566/1448 1051/1524/1407 1050/1523/1406 1091/1565/1447 
f 1093/1567/1449 1052/1525/1408 1051/1524/1407 1092/1566/1448 
f 1094/1568/1450 1053/1526/1409 1052/1525/1408 1093/1567/1449 
f 1095/1569/1451 1054/1527/1410 1053/1526/1409 1094/1568/1450 
f 1096/1570/1452 1055/1528/1411 1054/1527/1410 1095/1569/1451 
f 1097/1571/1453 1056/1529/1412 1055/1528/1411 1096/1570/1452 
f 1098/1572/1454 1057/1530/1413 1056/1529/1412 1097/1571/1453 
f 1099/1573/1455 1058/1531/1414 1057/1530/1413 1098/1572/1454 
f 1100/1574/1456 1059/1532/1415 1058/1531/1414 1099/1573/1455 
f 1101/1575/1457 1060/1533/1416 1059/1532/1415 1100/1574/1456 
f 1102/1576/1458 1061/1534/1417 1060/1533/1416 1101/1575/1457 
f 1103/1577/1459 1062/1535/1418 1061/1534/1417 1102/1576/1458 
f 1104/1578/1460 1063/1536/1419 1062/1535/1418 1103/1577/1459 
f 1105/1579/1461 1064/1537/1420 1063/1536/1419 1104/1578/1460 
f 1106/1580/1462 1065/1538/1421 1064/1537/1420 1105/1579/1461 
f 1107/1581/1463 1066/1539/1422 1065/1538/1421 1106/1580/1462 
f 1108/1582/1464 1067/1540/1423 1066/1539/1422 1107/1581/1463 
f 1109/1583/1465 1068/1541/1424 1067/1540/1423 1108/1582/1464 
f 1110/1584/1466 1069/1542/1425 1068/1541/1424 1109/1583/1465 
f 1111/1585/1467 1070/1543/1426 1069/1542/1425 1110/1584/1466 
f 1112/1586/1468 1071/1544/1427 1070/1543/1426 1111/1585/1467 
f 1113/1587/1469 1072/1545/1428 1071/1544/1427 1112/1586/1468 
f 1114/1588/1470 1073/1546/1429 1072/1545/1428 1113/1587/1469 
f 1115/1589/1471 1074/1547/1430 1073/1546/1429 1114/1588/1470 
f 1116/1590/1472 1075/1548/1431 1074/1547/1430 1115/1589/1471 
f 1117/1591/1473 1076/1549/1432 1075/1548/1431 1116/1590/1472 
f 1118/1592/1474 1077/1550/1433 1076/1549/1432 1117/1591/1473 
f 1119/1593/1475 1078/1551/1434 1077/1550/1433 1118/1592/1474 
f 1120/1594/1476 1079/1552/1435 1078/1551/1434 1119/1593/1475 
f 1121/1595/1477 1080/1553/1436 1079/1552/1435 1120/1594/1476 
f 1122/1596/1478 1081/1554/1437 1080/1553/1436 1121/1595/1477 
f 1123/1597/1479 1082/1555/1438 1081/1554/1437 1122/1596/1478 
f 1124/1598/1480 1083/1556/1439 1082/1555/1438 1123/1597/1479 
f 1125/1599/1481 1084/1557/1440 1083/1556/1439 1124/1598/1480 
f 1126/1600/1482 1085/1558/1441 1084/1557/1440 1125/1599/1481 
f 1087/1601/1443 1046/1559/1402 1085/1558/1441 1126/1600/1482 
f 1127/1602/1483 1086/1560/1442 1087/1561/1443 1128/1603/1484 
f 1129/1604/1485 1088/1562/1444 1086/1560/1442 1127/1602/1483 
f 1130/1605/1486 1089/1563/1445 1088/1562/1444 1129/1604/1485 
f 1131/1606/1487 1090/1564/1446 1089/1563/1445 1130/1605/1486 
f 1132/1607/1488 1091/1565/1447 1090/1564/1446 1131/1606/1487 
f 1133/1608/1489 1092/1566/1448 1091/1565/1447 1132/1607/1488 
f 1134/1609/1490 1093/1567/1449 1092/1566/1448 1133/1608/1489 
f 1135/1610/1491 1094/1568/1450 1093/1567/1449 1134/1609/1490 
f 1136/1611/1492 1095/1569/1451 1094/1568/1450 1135/1610/1491 
f 1137/1612/1493 1096/1570/1452 1095/1569/1451 1136/1611/1492 
f 1138/1613/1494 1097/1571/1453 1096/1570/1452 1137/1612/1493 
f 1139/1614/1495 1098/1572/1454 1097/1571/1453 1138/1613/1494 
f 1140/1615/1496 1099/1573/1455 1098/1572/1454 1139/1614/1495 
f 1141/1616/1497 1100/1574/1456 1099/1573/1455 1140/1615/1496 
f 1142/1617/1498 1101/1575/1457 1100/1574/1456 1141/1616/1497 
f 1143/1618/1499 1102/1576/1458 1101/1575/1457 1142/1617/1498 
f 1144/1619/1500 1103/1577/1459 1102/1576/1458 1143/1618/1499 
f 1145/1620/1501 1104/1578/1460 1103/1577/1459 1144/1619/1500 
f 1146/1621/1502 1105/1579/1461 1104/1578/1460 1145/1620/1501 
f 1147/1622/1503 1106/1580/1462 1105/1579/1461 1146/1621/1502 
f 1148/1623/1504 1107/1581/1463 1106/1580/1462 1147/1622/1503 
f 1149/1624/1505 1108/1582/1464 1107/1581/1463 1148/1623/1504 
f 1150/1625/1506 1109/1583/1465 1108/1582/1464 1149/1624/1505 
f 1151/1626/1507 1110/1584/1466 1109/1583/1465 1150/1625/1506 
f 1152/1627/1508 1111/1585/1467 1110/1584/1466 1151/1626/1507 
f 1153/1628/1509 1112/1586/1468 1111/1585/1467 1152/1627/1508 
f 1154/1629/1510 1113/1587/1469 1112/1586/1468 1153/1628/1509 
f 1155/1630/1511 1114/1588/1470 1113/1587/1469 1154/1629/1510 
f 1156/1631/1512 1115/1589/1471 1114/1588/1470 1155/1630/1511 
f 1157/1632/1513 1116/1590/1472 1115/1589/1471 1156/1631/1512 
f 1158/1633/1514 1117/1591/1473 1116/1590/1472 1157/1632/1513 
f 1159/1634/1515 1118/1592/1474 1117/1591/1473 1158/1633/1514 
f 1160/1635/1516 1119/1593/1475 1118/1592/1474 1159/1634/1515 
f 1161/1636/1517 1120/1594/1476 1119/1593/1475 1160/1635/1516 
f 1162/1637/1518 1121/1595/1477 1120/1594/1476 1161/1636/1517 
f 1163/1638/1519 1122/1596/1478 1121/1595/1477 1162/1637/1518 
f 1164/1639/1520 1123/1597/1479 1122/1596/1478 1163/1638/1519 
f 1165/1640/1521 1124/1598/1480 1123/1597/1479 1164/1639/1520 
f 1166/1641/1522 1125/1599/1481 1124/1598/1480 1165/1640/1521 
f 1167/1642/1523 1126/1600/1482 1125/1599/1481 1166/1641/1522 
f 1128/1643/1484 1087/1601/1443 1126/1600/1482 1167/1642/1523 
f 1168/1644/1524 1127/1602/1483 1128/1603/1484 1169/1645/1525 
f 1170/1646/1526 1129/1604/1485 1127/1602/1483 1168/1644/1524 
f 1171/1647/1527 1130/1605/1486 1129/1604/1485 1170/1646/1526 
f 1172/1648/1528 1131/1606/1487 1130/1605/1486 1171/1647/1527 
f 1173/1649/1529 1132/1607/1488 1131/1606/1487 1172/1648/1528 
f 1174/1650/1530 1133/1608/1489 1132/1607/1488 1173/1649/1529 
f 1175/1651/1531 1134/1609/1490 1133/1608/1489 1174/1650/1530 
f 1176/1652/1532 1135/1610/1491 1134/1609/1490 1175/1651/1531 
f 1177/1653/1533 1136/1611/1492 1135/1610/1491 1176/1652/1532 
f 1178/1654/1534 1137/1612/1493 1136/1611/1492 1177/1653/1533 
f 1179/1655/1535 1138/1613/1494 1137/1612/1493 1178/1654/1534 
f 1180/1656/1536 1139/1614/1495 1138/1613/1494 1179/1655/1535 
f 1181/1657/1537 1140/1615/1496 1139/1614/1495 1180/1656/1536 
f 1182/1658/1538 1141/1616/1497 1140/1615/1496 1181/1657/1537 
f 1183/1659/1539 1142/1617/1498 1141/1616/1497 1182/1658/1538 
f 1184/1660/1540 1143/1618/1499 1142/1617/1498 1183/1659/1539 
f 1185/1661/1541 1144/1619/1500 1143/1618/1499 1184/1660/1540 
f 1186/1662/1542 1145/1620/1501 1144/1619/1500 1185/1661/1541 
f 1187/1663/1543 1146/1621/1502 1145/1620/1501 1186/1662/1542 
f 1188/1664/1544 1147/1622/1503 1146/1621/1502 1187/1663/1543 
f 1189/1665/1545 1148/1623/1504 1147/1622/1503 1188/1664/1544 
f 1190/1666/1546 1149/1624/1505 1148/1623/1504 1189/1665/1545 
f 1191/1667/1547 1150/1625/1506 1149/1624/1505 1190/1666/1546 
f 1192/1668/1548 1151/1626/1507 1150/1625/1506 1191/1667/1547 
f 1193/1669/1549 1152/1627/1508 1151/1626/1507 1192/1668/1548 
f 1194/1670/1550 1153/1628/1509 1152/1627/1508 1193/1669/1549 
f 1195/1671/1551 1154/1629/1510 1153/1628/1509 1194/1670/1550 
f 1196/1672/1552 1155/1630/1511 1154/1629/1510 1195/1671/1551 
f 1197/1673/1553 1156/1631/1512 1155/1630/1511 1196/1672/1552 
f 1198/1674/1554 1157/1632/1513 1156/1631/1512 1197/1673/1553 
f 1199/1675/1555 1158/1633/1514 1157/1632/1513 1198/1674/1554 
f 1200/1676/1556 1159/1634/1515 1158/1633/1514 1199/1675/1555 
f 1201/1677/1557 1160/1635/1516 1159/1634/1515 1200/1676/1556 
f 1202/1678/1558 1161/1636/1517 1160/1635/1516 1201/1677/1557 
f 1203/1679/1559 1162/1637/1518 1161/1636/1517 1202/1678/1558 
f 1204/1680/1560 1163/1638/1519 1162/1637/1518 1203/1679/1559 
f 1205/1681/1561 1164/1639/1520 1163/1638/1519 1204/1680/1560 
f 1206/1682/1562 1165/1640/1521 1164/1639/1520 1205/1681/1561 
f 1207/1683/1563 1166/1641/1522 1165/1640/1521 1206/1682/1562 
f 1208/1684/1564 1167/1642/1523 1166/1641/1522 1207/1683/1563 
f 1169/1685/1525 1128/1643/1484 1167/1642/1523 1208/1684/1564 
f 1209/1686/1565 1168/1644/1524 1169/1645/1525 1210/1687/1566 
f 1211/1688/1567 1170/1646/1526 1168/1644/1524 1209/1686/1565 
f 1212/1689/1568 1171/1647/1527 1170/1646/1526 1211/1688/1567 
f 1213/1690/1569 1172/1648/1528 1171/1647/1527 1212/1689/1568 
f 1214/1691/1570 1173/1649/1529 1172/1648/1528 1213/1690/1569 
f 1215/1692/1571 1174/1650/1530 1173/1649/1529 1214/1691/1570 
f 1216/1693/1572 1175/1651/1531 1174/1650/1530 1215/1692/1571 
f 1217/1694/1573 1176/1652/1532 1175/1651/1531 1216/1693/1572 
f 1218/1695/1574 1177/1653/1533 1176/1652/1532 1217/1694/1573 
f 1219/1696/1575 1178/1654/1534 1177/1653/1533 1218/1695/1574 
f 1220/1697/1576 1179/1655/1535 1178/1654/1534 1219/1696/1575 
f 1221/1698/1577 1180/1656/1536 1179/1655/1535 1220/1697/1576 
f 1222/1699/1578 1181/1657/1537 1180/1656/1536 1221/1698/1577 
f 1223/1700/1579 1182/1658/1538 1181/1657/1537 1222/1699/1578 
f 1224/1701/1580 1183/1659/1539 1182/1658/1538 1223/1700/1579 
f 1225/1702/1581 1184/1660/1540 1183/1659/1539 1224/1701/1580 
f 1226/1703/1582 1185/1661/1541 1184/1660/1540 1225/1702/1581 
f 1227/1704/1583 1186/1662/1542 1185/1661/1541 1226/1703/1582 
f 1228/1705/1584 1187/1663/1543 1186/1662/1542 1227/1704/1583 
f 1229/1706/1585 1188/1664/1544 1187/1663/1543 1228/1705/1584 
f 1230/1707/1586 1189/1665/1545 1188/1664/1544 1229/1706/1585 
f 1231/1708/1587 1190/1666/1546 1189/1665/1545 1230/1707/1586 
f 1232/1709/1588 1191/1667/1547 1190/1666/1546 1231/1708/1587 
f 1233/1710/1589 1192/1668/1548 1191/1667/1547 1232/1709/1588 
f 1234/1711/1590 1193/1669/1549 1192/1668/1548 1233/1710/1589 
f 1235/1712/1591 1194/1670/1550 1193/1669/1549 1234/1711/1590 
f 1236/1713/1592 1195/1671/1551 1194/1670/1550 1235/1712/1591 
f 1237/1714/1593 1196/1672/1552 1195/1671/1551 1236/1713/1592 
f 1238/1715/1594 1197/1673/1553 1196/1672/1552 1237/1714/1593 
f 1239/1716/1595 1198/1674/1554 1197/1673/1553 1238/1715/1594 
f 1240/1717/1596 1199/1675/1555 1198/1674/1554 1239/1716/1595 
f 1241/1718/1597 1200/1676/1556 1199/1675/1555 1240/1717/1596 
f 1242/1719/1598 1201/1677/1557 1200/1676/1556 1241/1718/1597 
f 1243/1720/1599 1202/1678/1558 1201/1677/1557 1242/1719/1598 
f 1244/1721/1600 1203/1679/1559 1202/1678/1558 1243/1720/1599 
f 1245/1722/1601 1204/1680/1560 1203/1679/1559 1244/1721/1600 
f 1246/1723/1602 1205/1681/1561 1204/1680/1560 1245/1722/1601 
f 1247/1724/1603 1206/1682/1562 1205/1681/1561 1246/1723/1602 
f 1248/1725/1604 1207/1683/1563 1206/1682/1562 1247/1724/1603 
f 1249/1726/1605 1208/1684/1564 1207/1683/1563 1248/1725/1604 
f 1210/1727/1566 1169/1685/1525 1208/1684/1564 1249/1726/1605 
f 1250/1728/1606 1209/1686/1565 1210/1687/1566 1251/1729/1607 
f 1252/1730/1608 1211/1688/1567 1209/1686/1565 1250/1728/1606 
f 1253/1731/1609 1212/1689/1568 1211/1688/1567 1252/1730/1608 
f 1254/1732/1610 1213/1690/1569 1212/1689/1568 1253/1731/1609 
f 1255/1733/1611 1214/1691/1570 1213/1690/1569 1254/1732/1610 
f 1256/1734/1612 1215/1692/1571 1214/1691/1570 1255/1733/1611 
f 1257/1735/1613 1216/1693/1572 1215/1692/1571 1256/1734/1612 
f 1258/1736/1614 1217/1694/1573 1216/1693/1572 1257/1735/1613 
f 1259/1737/1615 1218/1695/1574 1217/1694/1573 1258/1736/1614 
f 1260/1738/1616 1219/1696/1575 1218/1695/1574 1259/1737/1615 
f 1261/1739/1617 1220/1697/1576 1219/1696/1575 1260/1738/1616 
f 1262/1740/1618 1221/1698/1577 1220/1697/1576 1261/1739/1617 
f 1263/1741/1619 1222/1699/1578 1221/1698/1577 1262/1740/1618 
f 1264/1742/1620 1223/1700/1579 1222/1699/1578 1263/1741/1619 
f 1265/1743/1621 1224/1701/1580 1223/1700/1579 1264/1742/1620 
f 1266/1744/1622 1225/1702/1581 1224/1701/1580 1265/1743/1621 
f 1267/1745/1623 1226/1703/1582 1225/1702/1581 1266/1744/1622 
f 1268/1746/1624 1227/1704/1583 1226/1703/1582 1267/1745/1623 
f 1269/1747/1625 1228/1705/1584 1227/1704/1583 1268/1746/1624 
f 1270/1748/1626 1229/1706/1585 1228/1705/1584 1269/1747/1625 
f 1271/1749/1627 1230/1707/1586 1229/1706/1585 1270/1748/1626 
f 1272/1750/1628 1231/1708/1587 1230/1707/1586 1271/1749/1627 
f 1273/1751/1629 1232/1709/1588 1231/1708/1587 1272/1750/1628 
f 1274/1752/1630 1233/1710/1589 1232/1709/1588 1273/1751/1629 
f 1275/1753/1631 1234/1711/1590 1233/1710/1589 1274/1752/1630 
f 1276/1754/1632 1235/1712/1591 1234/1711/1590 1275/1753/1631 
f 1277/1755/1633 1236/1713/1592 1235/1712/1591 1276/1754/1632 
f 1278/1756/1634 1237/1714/1593 1236/1713/1592 1277/1755/1633 
f 1279/1757/1635 1238/1715/1594 1237/1714/1593 1278/1756/1634 
f 1280/1758/1636 1239/1716/1595 1238/1715/1594 1279/1757/1635 
f 1281/1759/1637 1240/1717/1596 1239/1716/1595 1280/1758/1636 
f 1282/1760/1638 1241/1718/1597 1240/1717/1596 1281/1759/1637 
f 1283/1761/1639 1242/1719/1598 1241/1718/1597 1282/1760/1638 
f 1284/1762/1640 1243/1720/1599 1242/1719/1598 1283/1761/1639 
f 1285/1763/1641 1244/1721/1600 1243/1720/1599 1284/1762/1640 
f 1286/1764/1642 1245/1722/1601 1244/1721/1600 1285/1763/1641 
f 1287/1765/1643 1246/1723/1602 1245/1722/1601 1286/1764/1642 
f 1288/1766/1644 1247/1724/1603 1246/1723/1602 1287/1765/1643 
f 1289/1767/1645 1248/1725/1604 1247/1724/1603 1288/1766/1644 
f 1290/1768/1646 1249/1726/1605 1248/1725/1604 1289/1767/1645 
f 1251/1769/1607 1210/1727/1566 1249/1726/1605 1290/1768/1646 
f 1291/1770/1647 1250/1728/1606 1251/1729/1607 1292/1771/1648 
f 1293/1772/1649 1252/1730/1608 1250/1728/1606 1291/1770/1647 
f 1294/1773/1650 1253/1731/1609 1252/1730/1608 1293/1772/1649 
f 1295/1774/1651 1254/1732/1610 1253/1731/1609 1294/1773/1650 
f 1296/1775/1652 1255/1733/1611 1254/1732/1610 1295/1774/1651 
f 1297/1776/1653 1256/1734/1612 1255/1733/1611 1296/1775/1652 
f 1298/1777/1654 1257/1735/1613 1256/1734/1612 1297/1776/1653 
f 1299/1778/1655 1258/1736/1614 1257/1735/1613 1298/1777/1654 
f 1300/1779/1656 1259/1737/1615 1258/1736/1614 1299/1778/1655 
f 1301/1780/1657 1260/1738/1616 1259/1737/1615 1300/1779/1656 
f 1302/1781/1658 1261/1739/1617 1260/1738/1616 1301/1780/1657 
f 1303/1782/1659 1262/1740/1618 1261/1739/1617 1302/1781/1658 
f 1304/1783/1660 1263/1741/1619 1262/1740/1618 1303/1782/1659 
f 1305/1784/1661 1264/1742/1620 1263/1741/1619 1304/1783/1660 
f 1306/1785/1662 1265/1743/1621 1264/1742/1620 1305/1784/1661 
f 1307/1786/1663 1266/1744/1622 1265/1743/1621 1306/1785/1662 
f 1308/1787/1664 1267/1745/1623 1266/1744/1622 1307/1786/1663 
f 1309/1788/1665 1268/1746/1624 1267/1745/1623 1308/1787/1664 
f 1310/1789/1666 1269/1747/1625 1268/1746/1624 1309/1788/1665 
f 1311/1790/1667 1270/1748/1626 1269/1747/1625 1310/1789/1666 
f 1312/1791/1668 1271/1749/1627 1270/1748/1626 1311/1790/1667 
f 1313/1792/1669 1272/1750/1628 1271/1749/1627 1312/1791/1668 
f 1314/1793/1670 1273/1751/1629 1272/1750/1628 1313/1792/1669 
f 1315/1794/1671 1274/1752/1630 1273/1751/1629 1314/1793/1670 
f 1316/1795/1672 1275/1753/1631 1274/1752/1630 1315/1794/1671 
f 1317/1796/1673 1276/1754/1632 1275/1753/1631 1316/1795/1672 
f 1318/1797/1674 1277/1755/1633 1276/1754/1632 1317/1796/1673 
f 1319/1798/1675 1278/1756/1634 1277/1755/1633 1318/1797/1674 
f 1320/1799/1676 1279/1757/1635 1278/1756/1634 1319/1798/1675 
f 1321/1800/1677 1280/1758/1636 1279/1757/1635 1320/1799/1676 
f 1322/1801/1678 1281/1759/1637 1280/1758/1636 1321/1800/1677 
f 1323/1802/1679 1282/1760/1638 1281/1759/1637 1322/1801/1678 
f 1324/1803/1680 1283/1761/1639 1282/1760/1638 1323/1802/1679 
f 1325/1804/1681 1284/1762/1640 1283/1761/1639 1324/1803/1680 
f 1326/1805/1682 1285/1763/1641 1284/1762/1640 1325/1804/1681 
f 1327/1806/1683 1286/1764/1642 1285/1763/1641 1326/1805/1682 
f 1328/1807/1684 1287/1765/1643 1286/1764/1642 1327/1806/1683 
f 1329/1808/1685 1288/1766/1644 1287/1765/1643 1328/1807/1684 
f 1330/1809/1686 1289/1767/1645 1288/1766/1644 1329/1808/1685 
f 1331/1810/1687 1290/1768/1646 1289/1767/1645 1330/1809/1686 
f 1292/1811/1648 1251/1769/1607 1290/1768/1646 1331/1810/1687 
f 1332/1812/1688 1291/1770/1647 1292/1771/1648 1333/1813/1689 
f 1334/1814/1690 1293/1772/1649 1291/1770/1647 1332/1812/1688 
f 1335/1815/1691 1294/1773/1650 1293/1772/1649 1334/1814/1690 
f 1336/1816/1692 1295/1774/1651 1294/1773/1650 1335/1815/1691 
f 1337/1817/1693 1296/1775/1652 1295/1774/1651 1336/1816/1692 
f 1338/1818/1694 1297/1776/1653 1296/1775/1652 1337/1817/1693 
f 1339/1819/1695 1298/1777/1654 1297/1776/1653 1338/1818/1694 
f 1340/1820/1696 1299/1778/1655 1298/1777/1654 1339/1819/1695 
f 1341/1821/1697 1300/1779/1656 1299/1778/1655 1340/1820/1696 
f 1342/1822/1698 1301/1780/1657 1300/1779/1656 1341/1821/1697 
f 1343/1823/1699 1302/1781/1658 1301/1780/1657 1342/1822/1698 
f 1344/1824/1700 1303/1782/1659 1302/1781/1658 1343/1823/1699 
f 1345/1825/1701 1304/1783/1660 1303/1782/1659 1344/1824/1700 
f 1346/1826/1702 1305/1784/1661 1304/1783/1660 1345/1825/1701 
f 1347/1827/1703 1306/1785/1662 1305/1784/1661 1346/1826/1702 
f 1348/1828/1704 1307/1786/1663 1306/1785/1662 1347/1827/1703 
f 1349/1829/1705 1308/1787/1664 1307/1786/1663 1348/1828/1704 
f 1350/1830/1706 1309/1788/1665 1308/1787/1664 1349/1829/1705 
f 1351/1831/1707 1310/1789/1666 1309/1788/1665 1350/1830/1706 
f 1352/1832/1708 1311/1790/1667 1310/1789/1666 1351/1831/1707 
f 1353/1833/1709 1312/1791/1668 1311/1790/1667 1352/1832/1708 
f 1354/1834/1710 1313/1792/1669 1312/1791/1668 1353/1833/1709 
f 1355/1835/1711 1314/1793/1670 1313/1792/1669 1354/1834/1710 
f 1356/1836/1712 1315/1794/1671 1314/1793/1670 1355/1835/1711 
f 1357/1837/1713 1316/1795/1672 1315/1794/1671 1356/1836/1712 
f 1358/1838/1714 1317/1796/1673 1316/1795/1672 1357/1837/1713 
f 1359/1839/1715 1318/1797/1674 1317/1796/1673 1358/1838/1714 
f 1360/1840/1716 1319/1798/1675 1318/1797/1674 1359/1839/1715 
f 1361/1841/1717 1320/1799/1676 1319/1798/1675 1360/1840/1716 
f 1362/1842/1718 1321/1800/1677 1320/1799/1676 1361/1841/1717 
f 1363/1843/1719 1322/1801/1678 1321/1800/1677 1362/1842/1718 
f 1364/1844/1720 1323/1802/1679 1322/1801/1678 1363/1843/1719 
f 1365/1845/1721 1324/1803/1680 1323/1802/1679 1364/1844/1720 
f 1366/1846/1722 1325/1804/1681 1324/1803/1680 1365/1845/1721 
f 1367/1847/1723 1326/1805/1682 1325/1804/1681 1366/1846/1722 
f 1368/1848/1724 1327/1806/1683 1326/1805/1682 1367/1847/1723 
f 1369/1849/1725 1328/1807/1684 1327/1806/1683 1368/1848/1724 
f 1370/1850/1726 1329/1808/1685 1328/1807/1684 1369/1849/1725 
f 1371/1851/1727 1330/1809/1686 1329/1808/1685 1370/1850/1726 
f 1372/1852/1728 1331/1810/1687 1330/1809/1686 1371/1851/1727 
f 1333/1853/1689 1292/1811/1648 1331/1810/1687 1372/1852/1728 
f 1373/1854/1729 1332/1812/1688 1333/1813/1689 1374/1855/1730 
f 1375/1856/1731 1334/1814/1690 1332/1812/1688 1373/1854/1729 
f 1376/1857/1732 1335/1815/1691 1334/1814/1690 1375/1856/1731 
f 1377/1858/1733 1336/1816/1692 1335/1815/1691 1376/1857/1732 
f 1378/1859/1734 1337/1817/1693 1336/1816/1692 1377/1858/1733 
f 1379/1860/1735 1338/1818/1694 1337/1817/1693 1378/1859/1734 
f 1380/1861/1736 1339/1819/1695 1338/1818/1694 1379/1860/1735 
f 1381/1862/1737 1340/1820/1696 1339/1819/1695 1380/1861/1736 
f 1382/1863/1738 1341/1821/1697 1340/1820/1696 1381/1862/1737 
f 1383/1864/1739 1342/1822/1698 1341/1821/1697 1382/1863/1738 
f 1384/1865/1740 1343/1823/1699 1342/1822/1698 1383/1864/1739 
f 1385/1866/1741 1344/1824/1700 1343/1823/1699 1384/1865/1740 
f 1386/1867/1742 1345/1825/1701 1344/1824/1700 1385/1866/1741 
f 1387/1868/1743 1346/1826/1702 1345/1825/1701 1386/1867/1742 
f 1388/1869/1744 1347/1827/1703 1346/1826/1702 1387/1868/1743 
f 1389/1870/1745 1348/1828/1704 1347/1827/1703 1388/1869/1744 
f 1390/1871/1746 1349/1829/1705 1348/1828/1704 1389/1870/1745 
f 1391/1872/1747 1350/1830/1706 1349/1829/1705 1390/1871/1746 
f 1392/1873/1748 1351/1831/1707 1350/1830/1706 1391/1872/1747 
f 1393/1874/1749 1352/1832/1708 1351/1831/1707 1392/1873/1748 
f 1394/1875/1750 1353/1833/1709 1352/1832/1708 1393/1874/1749 
f 1395/1876/1751 1354/1834/1710 1353/1833/1709 1394/1875/1750 
f 1396/1877/1752 1355/1835/1711 1354/1834/1710 1395/1876/1751 
f 1397/1878/1753 1356/1836/1712 1355/1835/1711 1396/1877/1752 
f 1398/1879/1754 1357/1837/1713 1356/1836/1712 1397/1878/1753 
f 1399/1880/1755 1358/1838/1714 1357/1837/1713 1398/1879/1754 
f 1400/1881/1756 1359/1839/1715 1358/1838/1714 1399/1880/1755 
f 1401/1882/1757 1360/1840/1716 1359/1839/1715 1400/1881/1756 
f 1402/1883/1758 1361/1841/1717 1360/1840/1716 1401/1882/1757 
f 1403/1884/1759 1362/1842/1718 1361/1841/1717 1402/1883/1758 
f 1404/1885/1760 1363/1843/1719 1362/1842/1718 1403/1884/1759 
f 1405/1886/1761 1364/1844/1720 1363/1843/1719 1404/1885/1760 
f 1406/1887/1762 1365/1845/1721 1364/1844/1720 1405/1886/1761 
f 1407/1888/1763 1366/1846/1722 1365/1845/1721 1406/1887/1762 
f 1408/1889/1764 1367/1847/1723 1366/1846/1722 1407/1888/1763 
f 1409/1890/1765 1368/1848/1724 1367/1847/1723 1408/1889/1764 
f 1410/1891/1766 1369/1849/1725 1368/1848/1724 1409/1890/1765 
f 1411/1892/1767 1370/1850/1726 1369/1849/1725 1410/1891/1766 
f 1412/1893/1768 1371/1851/1727 1370/1850/1726 1411/1892/1767 
f 1413/1894/1769 1372/1852/1728 1371/1851/1727 1412/1893/1768 
f 1374/1895/1730 1333/1853/1689 1372/1852/1728 1413/1894/1769 
f 1414/1896/1770 1373/1854/1729 1374/1855/1730 1415/1897/1771 
f 1416/1898/1772 1375/1856/1731 1373/1854/1729 1414/1896/1770 
f 1417/1899/1773 1376/1857/1732 1375/1856/1731 1416/1898/1772 
f 1418/1900/1774 1377/1858/1733 1376/1857/1732 1417/1899/1773 
f 1419/1901/1775 1378/1859/1734 1377/1858/1733 1418/1900/1774 
f 1420/1902/1776 1379/1860/1735 1378/1859/1734 1419/1901/1775 
f 1421/1903/1777 1380/1861/1736 1379/1860/1735 1420/1902/1776 
f 1422/1904/1778 1381/1862/1737 1380/1861/1736 1421/1903/1777 
f 1423/1905/1779 1382/1863/1738 1381/1862/1737 1422/1904/1778 
f 1424/1906/1780 1383/1864/1739 1382/1863/1738 1423/1905/1779 
f 1425/1907/1781 1384/1865/1740 1383/1864/1739 1424/1906/1780 
f 1426/1908/1782 1385/1866/1741 1384/1865/1740 1425/1907/1781 
f 1427/1909/1783 1386/1867/1742 1385/1866/1741 1426/1908/1782 
f 1428/1910/1784 1387/1868/1743 1386/1867/1742 1427/1909/1783 
f 1429/1911/1785 1388/1869/1744 1387/1868/1743 1428/1910/1784 
f 1430/1912/1786 1389/1870/1745 1388/1869/1744 1429/1911/1785 
f 1431/1913/1787 1390/1871/1746 1389/1870/1745 1430/1912/1786 
f 1432/1914/1788 1391/1872/1747 1390/1871/1746 1431/1913/1787 
f 1433/1915/1789 1392/1873/1748 1391/1872/1747 1432/1914/1788 
f 1434/1916/1790 1393/1874/1749 1392/1873/1748 1433/1915/1789 
f 1435/1917/1791 1394/1875/1750 1393/1874/1749 1434/1916/1790 
f 1436/1918/1792 1395/1876/1751 1394/1875/1750 1435/1917/1791 
f 1437/1919/1793 1396/1877/1752 1395/1876/1751 1436/1918/1792 
f 1438/1920/1794 1397/1878/1753 1396/1877/1752 1437/1919/1793 
f 1439/1921/1795 1398/1879/1754 1397/1878/1753 1438/1920/1794 
f 1440/1922/1796 1399/1880/1755 1398/1879/1754 1439/1921/1795 
f 1441/1923/1797 1400/1881/1756 1399/1880/1755 1440/1922/1796 
f 1442/1924/1798 1401/1882/1757 1400/1881/1756 1441/1923/1797 
f 1443/1925/1799 1402/1883/1758 1401/1882/1757 1442/1924/1798 
f 1444/1926/1800 1403/1884/1759 1402/1883/1758 1443/1925/1799 
f 1445/1927/1801 1404/1885/1760 1403/1884/1759 1444/1926/1800 
f 1446/1928/1802 1405/1886/1761 1404/1885/1760 1445/1927/1801 
f 1447/1929/1803 1406/1887/1762 1405/1886/1761 1446/1928/1802 
f 1448/1930/1804 1407/1888/1763 1406/1887/1762 1447/1929/1803 
f 1449/1931/1805 1408/1889/1764 1407/1888/1763 1448/1930/1804 
f 1450/1932/1806 1409/1890/1765 1408/1889/1764 1449/1931/1805 
f 1451/1933/1807 1410/1891/1766 1409/1890/1765 1450/1932/1806 
f 1452/1934/1808 1411/1892/1767 1410/1891/1766 1451/1933/1807 
f 1453/1935/1809 1412/1893/1768 1411/1892/1767 1452/1934/1808 
f 1454/1936/1810 1413/1894/1769 1412/1893/1768 1453/1935/1809 
f 1415/1937/1771 1374/1895/1730 1413/1894/1769 1454/1936/1810 
f 1455/1938/1811 1414/1896/1770 1415/1897/1771 1456/1939/1812 
f 1457/1940/1813 1416/1898/1772 1414/1896/1770 1455/1938/1811 
f 1458/1941/1814 1417/1899/1773 1416/1898/1772 1457/1940/1813 
f 1459/1942/1815 1418/1900/1774 1417/1899/1773 1458/1941/1814 
f 1460/1943/1816 1419/1901/1775 1418/1900/1774 1459/1942/1815 
f 1461/1944/1817 1420/1902/1776 1419/1901/1775 1460/1943/1816 
f 1462/1945/1818 1421/1903/1777 1420/1902/1776 1461/1944/1817 
f 1463/1946/1819 1422/1904/1778 1421/1903/1777 1462/1945/1818 
f 1464/1947/1820 1423/1905/1779 1422/1904/1778 1463/1946/1819 
f 1465/1948/1821 1424/1906/1780 1423/1905/1779 1464/1947/1820 
f 1466/1949/1822 1425/1907/1781 1424/1906/1780 1465/1948/1821 
f 1467/1950/1823 1426/1908/1782 1425/1907/1781 1466/1949/1822 
f 1468/1951/1824 1427/1909/1783 1426/1908/1782 1467/1950/1823 
f 1469/1952/1825 1428/1910/1784 1427/1909/1783 1468/1951/1824 
f 1470/1953/1826 1429/1911/1785 1428/1910/1784 1469/1952/1825 
f 1471/1954/1827 1430/1912/1786 1429/1911/1785 1470/1953/1826 
f 1472/1955/1828 1431/1913/1787 1430/1912/1786 1471/1954/1827 
f 1473/1956/1829 1432/1914/1788 1431/1913/1787 1472/1955/1828 
f 1474/1957/1830 1433/1915/1789 1432/1914/1788 1473/1956/1829 
f 1475/1958/1831 1434/1916/1790 1433/1915/1789 1474/1957/1830 
f 1476/1959/1832 1435/1917/1791 1434/1916/1790 1475/1958/1831 
f 1477/1960/1833 1436/1918/1792 1435/1917/1791 1476/1959/1832 
f 1478/1961/1834 1437/1919/1793 1436/1918/1792 1477/1960/1833 
f 1479/1962/1835 1438/1920/1794 1437/1919/1793 1478/1961/1834 
f 1480/1963/1836 1439/1921/1795 1438/1920/1794 1479/1962/1835 
f 1481/1964/1837 1440/1922/1796 1439/1921/1795 1480/1963/1836 
f 1482/1965/1838 1441/1923/1797 1440/1922/1796 1481/1964/1837 
f 1483/1966/1839 1442/1924/1798 1441/1923/1797 1482/1965/1838 
f 1484/1967/1840 1443/1925/1799 1442/1924/1798 1483/1966/1839 
f 1485/1968/1841 1444/1926/1800 1443/1925/1799 1484/1967/1840 
f 1486/1969/1842 1445/1927/1801 1444/1926/1800 1485/1968/1841 
f 1487/1970/1843 1446/1928/1802 1445/1927/1801 1486/1969/1842 
f 1488/1971/1844 1447/1929/1803 1446/1928/1802 1487/1970/1843 
f 1489/1972/1845 1448/1930/1804 1447/1929/1803 1488/1971/1844 
f 1490/1973/1846 1449/1931/1805 1448/1930/1804 1489/1972/1845 
f 1491/1974/1847 1450/1932/1806 1449/1931/1805 1490/1973/1846 
f 1492/1975/1848 1451/1933/1807 1450/1932/1806 1491/1974/1847 
f 1493/1976/1849 1452/1934/1808 1451/1933/1807 1492/1975/1848 
f 1494/1977/1850 1453/1935/1809 1452/1934/1808 1493/1976/1849 
f 1495/1978/1851 1454/1936/1810 1453/1935/1809 1494/1977/1850 
f 1456/1979/1812 1415/1937/1771 1454/1936/1810 1495/1978/1851 
f 1496/1980/530 1455/1938/1811 1456/1939/1812 
f 1496/1981/530 1457/1940/1813 1455/1938/1811 
f 1496/1982/530 1458/1941/1814 1457/1940/1813 
f 1496/1983/530 1459/1942/1815 1458/1941/1814 
f 1496/1984/530 1460/1943/1816 1459/1942/1815 
f 1496/1985/530 1461/1944/1817 1460/1943/1816 
f 1496/1986/530 1462/1945/1818 1461/1944/1817 
f 1496/1987/530 1463/1946/1819 1462/1945/1818 
f 1496/1988/530 1464/1947/1820 1463/1946/1819 
f 1496/1989/530 1465/1948/1821 1464/1947/1820 
f 1496/1990/530 1466/1949/1822 1465/1948/1821 
f 1496/1991/530 1467/1950/1823 1466/1949/1822 
f 1496/1992/530 1468/1951/1824 1467/1950/1823 
f 1496/1993/530 1469/1952/1825 1468/1951/1824 
f 1496/1994/530 1470/1953/1826 1469/1952/1825 
f 1496/1995/530 1471/1954/1827 1470/1953/1826 
f 1496/1996/530 1472/1955/1828 1471/1954/1827 
f 1496/1997/530 1473/1956/1829 1472/1955/1828 
f 1496/1998/530 1474/1957/1830 1473/1956/1829 
f 1496/1999/530 1475/1958/1831 1474/1957/1830 
f 1496/2000/530 1476/1959/1832 1475/1958/1831 
f 1496/2001/530 1477/1960/1833 1476/1959/1832 
f 1496/2002/530 1478/1961/1834 1477/1960/1833 
f 1496/2003/530 1479/1962/1835 1478/1961/1834 
f 1496/2004/530 1480/1963/1836 1479/1962/1835 
f 1496/2005/530 1481/1964/1837 1480/1963/1836 
f 1496/2006/530 1482/1965/1838 1481/1964/1837 
f 1496/2007/530 1483/1966/1839 1482/1965/1838 
f 1496/2008/530 1484/1967/1840 1483/1966/1839 
f 1496/2009/530 1485/1968/1841 1484/1967/1840 
f 1496/2010/530 1486/1969/1842 1485/1968/1841 
f 1496/2011/530 1487/1970/1843 1486/1969/1842 
f 1496/2012/530 1488/1971/1844 1487/1970/1843 
f 1496/2013/530 1489/1972/1845 1488/1971/1844 
f 1496/2014/530 1490/1973/1846 1489/1972/1845 
f 1496/2015/530 1491/1974/1847 1490/1973/1846 
f 1496/2016/530 1492/1975/1848 1491/1974/1847 
f 1496/2017/530 1493/1976/1849 1492/1975/1848 
f 1496/2018/530 1494/1977/1850 1493/1976/1849 
f 1496/2019/530 1495/1978/1851 1494/1977/1850 
f 1496/2020/530 1456/1979/1812 1495/1978/1851 
f 1497/1141/1852 1498/2021/1853 1499/2022/1854 
f 1497/2023/1852 1499/2022/1854 1500/2024/1855 
f 1497/2025/1852 1500/2024/1855 1501/2026/1856 
f 1497/2027/1852 1501/2026/1856 1502/2028/1857 
f 1497/2029/1852 1502/2028/1857 1503/2030/1858 
f 1497/2031/1852 1503/2030/1858 1504/2032/1859 
f 1497/2033/1852 1504/2032/1859 1505/2034/1860 
f 1497/2035/1852 1505/2034/1860 1506/2036/1861 
f 1497/2037/1852 1506/2036/1861 1507/2038/1862 
f 1497/2039/1852 1507/2038/1862 1508/2040/1863 
f 1497/2041/1852 1508/2040/1863 1509/2042/1864 
f 1497/2043/1852 1509/2042/1864 1510/2044/1865 
f 1497/2045/1852 1510/2044/1865 1511/2046/1866 
f 1497/2047/1852 1511/2046/1866 1512/2048/1867 
f 1497/2049/1852 1512/2048/1867 1513/2050/1868 
f 1497/2051/1852 1513/2050/1868 1514/2052/1869 
f 1497/2053/1852 1514/2052/1869 1515/2054/1870 
f 1497/2055/1852 1515/2054/1870 1516/2056/1871 
f 1497/2057/1852 1516/2056/1871 1517/2058/1872 
f 1497/2059/1852 1517/2058/1872 1518/2060/1873 
f 1497/2061/1852 1518/2060/1873 1519/2062/1874 
f 1497/2063/1852 1519/2062/1874 1520/2064/1875 
f 1497/2065/1852 1520/2064/1875 1521/2066/1876 
f 1497/2067/1852 1521/2066/1876 1522/2068/1877 
f 1497/2069/1852 1522/2068/1877 1523/2070/1878 
f 1497/2071/1852 1523/2070/1878 1524/2072/1879 
f 1497/2073/1852 1524/2072/1879 1525/2074/1880 
f 1497/2075/1852 1525/2074/1880 1526/2076/1881 
f 1497/2077/1852 1526/2076/1881 1527/2078/1882 
f 1497/2079/1852 1527/2078/1882 1528/2080/1883 
f 1497/2081/1852 1528/2080/1883 1529/2082/1884 
f 1497/2083/1852 1529/2082/1884 1530/2084/1885 
f 1497/2085/1852 1530/2084/1885 1531/2086/1886 
f 1497/2087/1852 1531/2086/1886 1532/2088/1887 
f 1497/2089/1852 1532/2088/1887 1533/2090/1888 
f 1497/2091/1852 1533/2090/1888 1534/2092/1889 
f 1497/2093/1852 1534/2092/1889 1535/2094/1890 
f 1497/2095/1852 1535/2094/1890 1536/2096/1891 
f 1497/2097/1852 1536/2096/1891 1537/2098/1892 
f 1497/2099/1852 1537/2098/1892 1538/2100/1893 
f 1497/2101/1852 1538/2100/1893 1539/2102/1894 
f 1497/2103/1852 1539/2102/1894 1540/2104/1895 
f 1497/2105/1852 1540/2104/1895 1541/2106/1896 
f 1497/2107/1852 1541/2106/1896 1542/2108/1897 
f 1497/2109/1852 1542/2108/1897 1543/2110/1898 
f 1497/2111/1852 1543/2110/1898 1544/2112/1899 
f 1497/2113/1852 1544/2112/1899 1545/2114/1900 
f 1497/2115/1852 1545/2114/1900 1546/2116/1901 
f 1497/2117/1852 1546/2116/1901 1547/2118/1902 
f 1497/2119/1852 1547/2118/1902 1498/2120/1853 
f 1548/2121/1903 1499/2022/1854 1498/2021/1853 1549/2122/1904 
f 1550/2123/1905 1500/2024/1855 1499/2022/1854 1548/2121/1903 
f 1551/2124/1906 1501/2026/1856 1500/2024/1855 1550/2123/1905 
f 1552/2125/1907 1502/2028/1857 1501/2026/1856 1551/2124/1906 
f 1553/2126/1908 1503/2030/1858 1502/2028/1857 1552/2125/1907 
f 1554/2127/1909 1504/2032/1859 1503/2030/1858 1553/2126/1908 
f 1555/2128/1910 1505/2034/1860 1504/2032/1859 1554/2127/1909 
f 1556/2129/1911 1506/2036/1861 1505/2034/1860 1555/2128/1910 
f 1557/2130/1912 1507/2038/1862 1506/2036/1861 1556/2129/1911 
f 1558/2131/1913 1508/2040/1863 1507/2038/1862 1557/2130/1912 
f 1559/2132/1914 1509/2042/1864 1508/2040/1863 1558/2131/1913 
f 1560/2133/1915 1510/2044/1865 1509/2042/1864 1559/2132/1914 
f 1561/2134/1916 1511/2046/1866 1510/2044/1865 1560/2133/1915 
f 1562/2135/1917 1512/2048/1867 1511/2046/1866 1561/2134/1916 
f 1563/2136/1918 1513/2050/1868 1512/2048/1867 1562/2135/1917 
f 1564/2137/1919 1514/2052/1869 1513/2050/1868 1563/2136/1918 
f 1565/2138/1920 1515/2054/1870 1514/2052/1869 1564/2137/1919 
f 1566/2139/1921 1516/2056/1871 1515/2054/1870 1565/2138/1920 
f 1567/2140/1922 1517/2058/1872 1516/2056/1871 1566/2139/1921 
f 1568/2141/1923 1518/2060/1873 1517/2058/1872 1567/2140/1922 
f 1569/2142/1924 1519/2062/1874 1518/2060/1873 1568/2141/1923 
f 1570/2143/1925 1520/2064/1875 1519/2062/1874 1569/2142/1924 
f 1571/2144/1926 1521/2066/1876 1520/2064/1875 1570/2143/1925 
f 1572/2145/1927 1522/2068/1877 1521/2066/1876 1571/2144/1926 
f 1573/2146/1928 1523/2070/1878 1522/2068/1877 1572/2145/1927 
f 1574/2147/1929 1524/2072/1879 1523/2070/1878 1573/2146/1928 
f 1575/2148/1930 1525/2074/1880 1524/2072/1879 1574/2147/1929 
f 1576/2149/1931 1526/2076/1881 1525/2074/1880 1575/2148/1930 
f 1577/2150/1932 1527/2078/1882 1526/2076/1881 1576/2149/1931 
f 1578/2151/1933 1528/2080/1883 1527/2078/1882 1577/2150/1932 
f 1579/2152/1934 1529/2082/1884 1528/2080/1883 1578/2151/1933 
f 1580/2153/1935 1530/2084/1885 1529/2082/1884 1579/2152/1934 
f 1581/2154/1936 1531/2086/1886 1530/2084/1885 1580/2153/1935 
f 1582/2155/1937 1532/2088/1887 1531/2086/1886 1581/2154/1936 
f 1583/2156/1938 1533/2090/1888 1532/2088/1887 1582/2155/1937 
f 1584/2157/1939 1534/2092/1889 1533/2090/1888 1583/2156/1938 
f 1585/2158/1940 1535/2094/1890 1534/2092/1889 1584/2157/1939 
f 1586/2159/1941 1536/2096/1891 1535/2094/1890 1585/2158/1940 
f 1587/2160/1942 1537/2098/1892 1536/2096/1891 1586/2159/1941 
f 1588/2161/1943 1538/2100/1893 1537/2098/1892 1587/2160/1942 
f 1589/2162/1944 1539/2102/1894 1538/2100/1893 1588/2161/1943 
f 1590/2163/1945 1540/2104/1895 1539/2102/1894 1589/2162/1944 
f 1591/2164/1946 1541/2106/1896 1540/2104/1895 1590/2163/1945 
f 1592/2165/1947 1542/2108/1897 1541/2106/1896 1591/2164/1946 
f 1593/2166/1948 1543/2110/1898 1542/2108/1897 1592/2165/1947 
f 1594/2167/1949 1544/2112/1899 1543/2110/1898 1593/2166/1948 
f 1595/2168/1950 1545/2114/1900 1544/2112/1899 1594/2167/1949 
f 1596/2169/1951 1546/2116/1901 1545/2114/1900 1595/2168/1950 
f 1597/2170/1952 1547/2118/1902 1546/2116/1901 1596/2169/1951 
f 1549/2171/1904 1498/2120/1853 1547/2118/1902 1597/2170/1952 
f 1598/2172/1953 1548/2121/1903 1549/2122/1904 1599/2173/1954 
f 1600/2174/1955 1550/2123/1905 1548/2121/1903 1598/2172/1953 
f 1601/2175/1956 1551/2124/1906 1550/2123/1905 1600/2174/1955 
f 1602/2176/1957 1552/2125/1907 1551/2124/1906 1601/2175/1956 
f 1603/2177/1958 1553/2126/1908 1552/2125/1907 1602/2176/1957 
f 1604/2178/1959 1554/2127/1909 1553/2126/1908 1603/2177/1958 
f 1605/2179/1960 1555/2128/1910 1554/2127/1909 1604/2178/1959 
f 1606/2180/1961 1556/2129/1911 1555/2128/1910 1605/2179/1960 
f 1607/2181/1962 1557/2130/1912 1556/2129/1911 1606/2180/1961 
f 1608/2182/1963 1558/2131/1913 1557/2130/1912 1607/2181/1962 
f 1609/2183/1964 1559/2132/1914 1558/2131/1913 1608/2182/1963 
f 1610/2184/1965 1560/2133/1915 1559/2132/1914 1609/2183/1964 
f 1611/2185/1966 1561/2134/1916 1560/2133/1915 1610/2184/1965 
f 1612/2186/1967 1562/2135/1917 1561/2134/1916 1611/2185/1966 
f 1613/2187/1968 1563/2136/1918 1562/2135/1917 1612/2186/1967 
f 1614/2188/1969 1564/2137/1919 1563/2136/1918 1613/2187/1968 
f 1615/2189/1970 1565/2138/1920 1564/2137/1919 1614/2188/1969 
f 1616/2190/1971 1566/2139/1921 1565/2138/1920 1615/2189/1970 
f 1617/2191/1972 1567/2140/1922 1566/2139/1921 1616/2190/1971 
f 1618/2192/1973 1568/2141/1923 1567/2140/1922 1617/2191/1972 
f 1619/2193/1974 1569/2142/1924 1568/2141/1923 1618/2192/1973 
f 1620/2194/1975 1570/2143/1925 1569/2142/1924 1619/2193/1974 
f 1621/2195/1976 1571/2144/1926 1570/2143/1925 1620/2194/1975 
f 1622/2196/1977 1572/2145/1927 1571/2144/1926 1621/2195/1976 
f 1623/2197/1978 1573/2146/1928 1572/2145/1927 1622/2196/1977 
f 1624/2198/1979 1574/2147/1929 1573/2146/1928 1623/2197/1978 
f 1625/2199/1980 1575/2148/1930 1574/2147/1929 1624/2198/1979 
f 1626/2200/1981 1576/2149/1931 1575/2148/1930 1625/2199/1980 
f 1627/2201/1982 1577/2150/1932 1576/2149/1931 1626/2200/1981 
f 1628/2202/1983 1578/2151/1933 1577/2150/1932 1627/2201/1982 
f 1629/2203/1984 1579/2152/1934 1578/2151/1933 1628/2202/1983 
f 1630/2204/1985 1580/2153/1935 1579/2152/1934 1629/2203/1984 
f 1631/2205/1986 1581/2154/1936 1580/2153/1935 1630/2204/1985 
f 1632/2206/1987 1582/2155/1937 1581/2154/1936 1631/2205/1986 
f 1633/2207/1988 1583/2156/1938 1582/2155/1937 1632/2206/1987 
f 1634/2208/1989 1584/2157/1939 1583/2156/1938 1633/2207/1988 
f 1635/2209/1990 1585/2158/1940 1584/2157/1939 1634/2208/1989 
f 1636/2210/1991 1586/2159/1941 1585/2158/1940 1635/2209/1990 
f 1637/2211/1992 1587/2160/1942 1586/2159/1941 1636/2210/1991 
f 1638/2212/1993 1588/2161/1943 1587/2160/1942 1637/2211/1992 
f 1639/2213/1994 1589/2162/1944 1588/2161/1943 1638/2212/1993 
f 1640/2214/1995 1590/2163/1945 1589/2162/1944 1639/2213/1994 
f 1641/2215/1996 1591/2164/1946 1590/2163/1945 1640/2214/1995 
f 1642/2216/1997 1592/2165/1947 1591/2164/1946 1641/2215/1996 
f 1643/2217/1998 1593/2166/1948 1592/2165/1947 1642/2216/1997 
f 1644/2218/1999 1594/2167/1949 1593/2166/1948 1643/2217/1998 
f 1645/2219/2000 1595/2168/1950 1594/2167/1949 1644/2218/1999 
f 1646/2220/2001 1596/2169/1951 1595/2168/1950 1645/2219/2000 
f 1647/2221/2002 1597/2170/1952 1596/2169/1951 1646/2220/2001 
f 1599/2222/1954 1549/2171/1904 1597/2170/1952 1647/2221/2002 
f 1648/2223/2003 1598/2172/1953 1599/2173/1954 1649/2224/2004 
f 1650/2225/2005 1600/2174/1955 1598/2172/1953 1648/2223/2003 
f 1651/2226/2006 1601/2175/1956 1600/2174/1955 1650/2225/2005 
f 1652/2227/2007 1602/2176/1957 1601/2175/1956 1651/2226/2006 
f 1653/2228/2008 1603/2177/1958 1602/2176/1957 1652/2227/2007 
f 1654/2229/2009 1604/2178/1959 1603/2177/1958 1653/2228/2008 
f 1655/2230/2010 1605/2179/1960 1604/2178/1959 1654/2229/2009 
f 1656/2231/2011 1606/2180/1961 1605/2179/1960 1655/2230/2010 
f 1657/2232/2012 1607/2181/1962 1606/2180/1961 1656/2231/2011 
f 1658/2233/2013 1608/2182/1963 1607/2181/1962 1657/2232/2012 
f 1659/2234/2014 1609/2183/1964 1608/2182/1963 1658/2233/2013 
f 1660/2235/2015 1610/2184/1965 1609/2183/1964 1659/2234/2014 
f 1661/2236/2016 1611/2185/1966 1610/2184/1965 1660/2235/2015 
f 1662/2237/2017 1612/2186/1967 1611/2185/1966 1661/2236/2016 
f 1663/2238/2018 1613/2187/1968 1612/2186/1967 1662/2237/2017 
f 1664/2239/2019 1614/2188/1969 1613/2187/1968 1663/2238/2018 
f 1665/2240/2020 1615/2189/1970 1614/2188/1969 1664/2239/2019 
f 1666/2241/2021 1616/2190/1971 1615/2189/1970 1665/2240/2020 
f 1667/2242/2022 1617/2191/1972 1616/2190/1971 1666/2241/2021 
f 1668/2243/2023 1618/2192/1973 1617/2191/1972 1667/2242/2022 
f 1669/2244/2024 1619/2193/1974 1618/2192/1973 1668/2243/2023 
f 1670/2245/2025 1620/2194/1975 1619/2193/1974 1669/2244/2024 
f 1671/2246/2026 1621/2195/1976 1620/2194/1975 1670/2245/2025 
f 1672/2247/2027 1622/2196/1977 1621/2195/1976 1671/2246/2026 
f 1673/2248/2028 1623/2197/1978 1622/2196/1977 1672/2247/2027 
f 1674/2249/2029 1624/2198/1979 1623/2197/1978 1673/2248/2028 
f 1675/2250/2030 1625/2199/1980 1624/2198/1979 1674/2249/2029 
f 1676/2251/2031 1626/2200/1981 1625/2199/1980 1675/2250/2030 
f 1677/2252/2032 1627/2201/1982 1626/2200/1981 1676/2251/2031 
f 1678/2253/2033 1628/2202/1983 1627/2201/1982 1677/2252/2032 
f 1679/2254/2034 1629/2203/1984 1628/2202/1983 1678/2253/2033 
f 1680/2255/2035 1630/2204/1985 1629/2203/1984 1679/2254/2034 
f 1681/2256/2036 1631/2205/1986 1630/2204/1985 1680/2255/2035 
f 1682/2257/2037 1632/2206/1987 1631/2205/1986 1681/2256/2036 
f 1683/2258/2038 1633/2207/1988 1632/2206/1987 1682/2257/2037 
f 1684/2259/2039 1634/2208/1989 1633/2207/1988 1683/2258/2038 
f 1685/2260/2040 1635/2209/1990 1634/2208/1989 1684/2259/2039 
f 1686/2261/2041 1636/2210/1991 1635/2209/1990 1685/2260/2040 
f 1687/2262/2042 1637/2211/1992 1636/2210/1991 1686/2261/2041 
f 1688/2263/2043 1638/2212/1993 1637/2211/1992 1687/2262/2042 
f 1689/2264/2044 1639/2213/1994 1638/2212/1993 1688/2263/2043 
f 1690/2265/2045 1640/2214/1995 1639/2213/1994 1689/2264/2044 
f 1691/2266/2046 1641/2215/1996 1640/2214/1995 1690/2265/2045 
f 1692/2267/2047 1642/2216/1997 1641/2215/1996 1691/2266/2046 
f 1693/2268/2048 1643/2217/1998 1642/2216/1997 1692/2267/2047 
f 1694/2269/2049 1644/2218/1999 1643/2217/1998 1693/2268/2048 
f 1695/2270/2050 1645/2219/2000 1644/2218/1999 1694/2269/2049 
f 1696/2271/2051 1646/2220/2001 1645/2219/2000 1695/2270/2050 
f 1697/2272/2052 1647/2221/2002 1646/2220/2001 1696/2271/2051 
f 1649/2273/2004 1599/2222/1954 1647/2221/2002 1697/2272/2052 
f 1698/2274/2053 1648/2223/2003 1649/2224/2004 1699/2275/2054 
f 1700/2276/2055 1650/2225/2005 1648/2223/2003 1698/2274/2053 
f 1701/2277/2056 1651/2226/2006 1650/2225/2005 1700/2276/2055 
f 1702/2278/2057 1652/2227/2007 1651/2226/2006 1701/2277/2056 
f 1703/2279/2058 1653/2228/2008 1652/2227/2007 1702/2278/2057 
f 1704/2280/2059 1654/2229/2009 1653/2228/2008 1703/2279/2058 
f 1705/2281/2060 1655/2230/2010 1654/2229/2009 1704/2280/2059 
f 1706/2282/2061 1656/2231/2011 1655/2230/2010 1705/2281/2060 
f 1707/2283/2062 1657/2232/2012 1656/2231/2011 1706/2282/2061 
f 1708/2284/2063 1658/2233/2013 1657/2232/2012 1707/2283/2062 
f 1709/2285/2064 1659/2234/2014 1658/2233/2013 1708/2284/2063 
f 1710/2286/2065 1660/2235/2015 1659/2234/2014 1709/2285/2064 
f 1711/2287/2066 1661/2236/2016 1660/2235/2015 1710/2286/2065 
f 1712/2288/2067 1662/2237/2017 1661/2236/2016 1711/2287/2066 
f 1713/2289/2068 1663/2238/2018 1662/2237/2017 1712/2288/2067 
f 1714/2290/2069 1664/2239/2019 1663/2238/2018 1713/2289/2068 
f 1715/2291/2070 1665/2240/2020 1664/2239/2019 1714/2290/2069 
f 1716/2292/2071 1666/2241/2021 1665/2240/2020 1715/2291/2070 
f 1717/2293/2072 1667/2242/2022 1666/2241/2021 1716/2292/2071 
f 1718/2294/2073 1668/2243/2023 1667/2242/2022 1717/2293/2072 
f 1719/2295/2074 1669/2244/2024 1668/2243/2023 1718/2294/2073 
f 1720/2296/2075 1670/2245/2025 1669/2244/2024 1719/2295/2074 
f 1721/2297/2076 1671/2246/2026 1670/2245/2025 1720/2296/2075 
f 1722/2298/2077 1672/2247/2027 1671/2246/2026 1721/2297/2076 
f 1723/2299/2078 1673/2248/2028 1672/2247/2027 1722/2298/2077 
f 1724/2300/2079 1674/2249/2029 1673/2248/2028 1723/2299/2078 
f 1725/2301/2080 1675/2250/2030 1674/2249/2029 1724/2300/2079 
f 1726/2302/2081 1676/2251/2031 1675/2250/2030 1725/2301/2080 
f 1727/2303/2082 1677/2252/2032 1676/2251/2031 1726/2302/2081 
f 1728/2304/2083 1678/2253/2033 1677/2252/2032 1727/2303/2082 
f 1729/2305/2084 1679/2254/2034 1678/2253/2033 1728/2304/2083 
f 1730/2306/2085 1680/2255/2035 1679/2254/2034 1729/2305/2084 
f 1731/2307/2086 1681/2256/2036 1680/2255/2035 1730/2306/2085 
f 1732/2308/2087 1682/2257/2037 1681/2256/2036 1731/2307/2086 
f 1733/2309/2088 1683/2258/2038 1682/2257/2037 1732/2308/2087 
f 1734/2310/2089 1684/2259/2039 1683/2258/2038 1733/2309/2088 
f 1735/2311/2090 1685/2260/2040 1684/2259/2039 1734/2310/2089 
f 1736/2312/2091 1686/2261/2041 1685/2260/2040 1735/2311/2090 
f 1737/2313/2092 1687/2262/2042 1686/2261/2041 1736/2312/2091 
f 1738/2314/2093 1688/2263/2043 1687/2262/2042 1737/2313/2092 
f 1739/2315/2094 1689/2264/2044 1688/2263/2043 1738/2314/2093 
f 1740/2316/2095 1690/2265/2045 1689/2264/2044 1739/2315/2094 
f 1741/2317/2096 1691/2266/2046 1690/2265/2045 1740/2316/2095 
f 1742/2318/2097 1692/2267/2047 1691/2266/2046 1741/2317/2096 
f 1743/2319/2098 1693/2268/2048 1692/2267/2047 1742/2318/2097 
f 1744/2320/2099 1694/2269/2049 1693/2268/2048 1743/2319/2098 
f 1745/2321/2100 1695/2270/2050 1694/2269/2049 1744/2320/2099 
f 1746/2322/2101 1696/2271/2051 1695/2270/2050 1745/2321/2100 
f 1747/2323/2102 1697/2272/2052 1696/2271/2051 1746/2322/2101 
f 1699/2324/2054 1649/2273/2004 1697/2272/2052 1747/2323/2102 
f 1748/2325/2103 1698/2274/2053 1699/2275/2054 1749/2326/2104 
f 1750/2327/2105 1700/2276/2055 1698/2274/2053 1748/2325/2103 
f 1751/2328/2106 1701/2277/2056 1700/2276/2055 1750/2327/2105 
f 1752/2329/2107 1702/2278/2057 1701/2277/2056 1751/2328/2106 
f 1753/2330/2108 1703/2279/2058 1702/2278/2057 1752/2329/2107 
f 1754/2331/2109 1704/2280/2059 1703/2279/2058 1753/2330/2108 
f 1755/2332/2110 1705/2281/2060 1704/2280/2059 1754/2331/2109 
f 1756/2333/2111 1706/2282/2061 1705/2281/2060 1755/2332/2110 
f 1757/2334/2112 1707/2283/2062 1706/2282/2061 1756/2333/2111 
f 1758/2335/2113 1708/2284/2063 1707/2283/2062 1757/2334/2112 
f 1759/2336/2114 1709/2285/2064 1708/2284/2063 1758/2335/2113 
f 1760/2337/2115 1710/2286/2065 1709/2285/2064 1759/2336/2114 
f 1761/2338/2116 1711/2287/2066 1710/2286/2065 1760/2337/2115 
f 1762/2339/2117 1712/2288/2067 1711/2287/2066 1761/2338/2116 
f 1763/2340/2118 1713/2289/2068 1712/2288/2067 1762/2339/2117 
f 1764/2341/2119 1714/2290/2069 1713/2289/2068 1763/2340/2118 
f 1765/2342/2120 1715/2291/2070 1714/2290/2069 1764/2341/2119 
f 1766/2343/2121 1716/2292/2071 1715/2291/2070 1765/2342/2120 
f 1767/2344/2122 1717/2293/2072 1716/2292/2071 1766/2343/2121 
f 1768/2345/2123 1718/2294/2073 1717/2293/2072 1767/2344/2122 
f 1769/2346/2124 1719/2295/2074 1718/2294/2073 1768/2345/2123 
f 1770/2347/2125 1720/2296/2075 1719/2295/2074 1769/2346/2124 
f 1771/2348/2126 1721/2297/2076 1720/2296/2075 1770/2347/2125 
f 1772/2349/2127 1722/2298/2077 1721/2297/2076 1771/2348/2126 
f 1773/2350/2128 1723/2299/2078 1722/2298/2077 1772/2349/2127 
f 1774/2351/2129 1724/2300/2079 1723/2299/2078 1773/2350/2128 
f 1775/2352/2130 1725/2301/2080 1724/2300/2079 1774/2351/2129 
f 1776/2353/2131 1726/2302/2081 1725/2301/2080 1775/2352/2130 
f 1777/2354/2132 1727/2303/2082 1726/2302/2081 1776/2353/2131 
f 1778/2355/2133 1728/2304/2083 1727/2303/2082 1777/2354/2132 
f 1779/2356/2134 1729/2305/2084 1728/2304/2083 1778/2355/2133 
f 1780/2357/2135 1730/2306/2085 1729/2305/2084 1779/2356/2134 
f 1781/2358/2136 1731/2307/2086 1730/2306/2085 1780/2357/2135 
f 1782/2359/2137 1732/2308/2087 1731/2307/2086 1781/2358/2136 
f 1783/2360/2138 1733/2309/2088 1732/2308/2087 1782/2359/2137 
f 1784/2361/2139 1734/2310/2089 1733/2309/2088 1783/2360/2138 
f 1785/2362/2140 1735/2311/2090 1734/2310/2089 1784/2361/2139 
f 1786/2363/2141 1736/2312/2091 1735/2311/2090 1785/2362/2140 
f 1787/2364/2142 1737/2313/2092 1736/2312/2091 1786/2363/2141 
f 1788/2365/2143 1738/2314/2093 1737/2313/2092 1787/2364/2142 
f 1789/2366/2144 1739/2315/2094 1738/2314/2093 1788/2365/2143 
f 1790/2367/2145 1740/2316/2095 1739/2315/2094 1789/2366/2144 
f 1791/2368/2146 1741/2317/2096 1740/2316/2095 1790/2367/2145 
f 1792/2369/2147 1742/2318/2097 1741/2317/2096 1791/2368/2146 
f 1793/2370/2148 1743/2319/2098 1742/2318/2097 1792/2369/2147 
f 1794/2371/2149 1744/2320/2099 1743/2319/2098 1793/2370/2148 
f 1795/2372/2150 1745/2321/2100 1744/2320/2099 1794/2371/2149 
f 1796/2373/2151 1746/2322/2101 1745/2321/2100 1795/2372/2150 
f 1797/2374/2152 1747/2323/2102 1746/2322/2101 1796/2373/2151 
f 1749/2375/2104 1699/2324/2054 1747/2323/2102 1797/2374/2152 
f 1798/2376/2153 1748/2325/2103 1749/2326/2104 1799/2377/2154 
f 1800/2378/2155 1750/2327/2105 1748/2325/2103 1798/2376/2153 
f 1801/2379/2156 1751/2328/2106 1750/2327/2105 1800/2378/2155 
f 1802/2380/2157 1752/2329/2107 1751/2328/2106 1801/2379/2156 
f 1803/2381/2158 1753/2330/2108 1752/2329/2107 1802/2380/2157 
f 1804/2382/2159 1754/2331/2109 1753/2330/2108 1803/2381/2158 
f 1805/2383/2160 1755/2332/2110 1754/2331/2109 1804/2382/2159 
f 1806/2384/2161 1756/2333/2111 1755/2332/2110 1805/2383/2160 
f 1807/2385/2162 1757/2334/2112 1756/2333/2111 1806/2384/2161 
f 1808/2386/2163 1758/2335/2113 1757/2334/2112 1807/2385/2162 
f 1809/2387/2164 1759/2336/2114 1758/2335/2113 1808/2386/2163 
f 1810/2388/2165 1760/2337/2115 1759/2336/2114 1809/2387/2164 
f 1811/2389/2166 1761/2338/2116 1760/2337/2115 1810/2388/2165 
f 1812/2390/2167 1762/2339/2117 1761/2338/2116 1811/2389/2166 
f 1813/2391/2168 1763/2340/2118 1762/2339/2117 1812/2390/2167 
f 1814/2392/2169 1764/2341/2119 1763/2340/2118 1813/2391/2168 
f 1815/2393/2170 1765/2342/2120 1764/2341/2119 1814/2392/2169 
f 1816/2394/2171 1766/2343/2121 1765/2342/2120 1815/2393/2170 
f 1817/2395/2172 1767/2344/2122 1766/2343/2121 1816/2394/2171 
f 1818/2396/2173 1768/2345/2123 1767/2344/2122 1817/2395/2172 
f 1819/2397/2174 1769/2346/2124 1768/2345/2123 1818/2396/2173 
f 1820/2398/2175 1770/2347/2125 1769/2346/2124 1819/2397/2174 
f 1821/2399/2176 1771/2348/2126 1770/2347/2125 1820/2398/2175 
f 1822/2400/2177 1772/2349/2127 1771/2348/2126 1821/2399/2176 
f 1823/2401/2178 1773/2350/2128 1772/2349/2127 1822/2400/2177 
f 1824/2402/2179 1774/2351/2129 1773/2350/2128 1823/2401/2178 
f 1825/2403/2180 1775/2352/2130 1774/2351/2129 1824/2402/2179 
f 1826/2404/2181 1776/2353/2131 1775/2352/2130 1825/2403/2180 
f 1827/2405/2182 1777/2354/2132 1776/2353/2131 1826/2404/2181 
f 1828/2406/2183 1778/2355/2133 1777/2354/2132 1827/2405/2182 
f 1829/2407/2184 1779/2356/2134 1778/2355/2133 1828/2406/2183 
f 1830/2408/2185 1780/2357/2135 1779/2356/2134 1829/2407/2184 
f 1831/2409/2186 1781/2358/2136 1780/2357/2135 1830/2408/2185 
f 1832/2410/2187 1782/2359/2137 1781/2358/2136 1831/2409/2186 
f 1833/2411/2188 1783/2360/2138 1782/2359/2137 1832/2410/2187 
f 1834/2412/2189 1784/2361/2139 1783/2360/2138 1833/2411/2188 
f 1835/2413/2190 1785/2362/2140 1784/2361/2139 1834/2412/2189 
f 1836/2414/2191 1786/2363/2141 1785/2362/2140 1835/2413/2190 
f 1837/2415/2192 1787/2364/2142 1786/2363/2141 1836/2414/2191 
f 1838/2416/2193 1788/2365/2143 1787/2364/2142 1837/2415/2192 
f 1839/2417/2194 1789/2366/2144 1788/2365/2143 1838/2416/2193 
f 1840/2418/2195 1790/2367/2145 1789/2366/2144 1839/2417/2194 
f 1841/2419/2196 1791/2368/2146 1790/2367/2145 1840/2418/2195 
f 1842/2420/2197 1792/2369/2147 1791/2368/2146 1841/2419/2196 
f 1843/2421/2198 1793/2370/2148 1792/2369/2147 1842/2420/2197 
f 1844/2422/2199 1794/2371/2149 1793/2370/2148 1843/2421/2198 
f 1845/2423/2200 1795/2372/2150 1794/2371/2149 1844/2422/2199 
f 1846/2424/2201 1796/2373/2151 1795/2372/2150 1845/2423/2200 
f 1847/2425/2202 1797/2374/2152 1796/2373/2151 1846/2424/2201 
f 1799/2426/2154 1749/2375/2104 1797/2374/2152 1847/2425/2202 
f 1848/2427/2203 1798/2376/2153 1799/2377/2154 1849/2428/2204 
f 1850/2429/2205 1800/2378/2155 1798/2376/2153 1848/2427/2203 
f 1851/2430/2206 1801/2379/2156 1800/2378/2155 1850/2429/2205 
f 1852/2431/2207 1802/2380/2157 1801/2379/2156 1851/2430/2206 
f 1853/2432/2208 1803/2381/2158 1802/2380/2157 1852/2431/2207 
f 1854/2433/2209 1804/2382/2159 1803/2381/2158 1853/2432/2208 
f 1855/2434/2210 1805/2383/2160 1804/2382/2159 1854/2433/2209 
f 1856/2435/2211 1806/2384/2161 1805/2383/2160 1855/2434/2210 
f 1857/2436/2212 1807/2385/2162 1806/2384/2161 1856/2435/2211 
f 1858/2437/2213 1808/2386/2163 1807/2385/2162 1857/2436/2212 
f 1859/2438/2214 1809/2387/2164 1808/2386/2163 1858/2437/2213 
f 1860/2439/2215 1810/2388/2165 1809/2387/2164 1859/2438/2214 
f 1861/2440/2216 1811/2389/2166 1810/2388/2165 1860/2439/2215 
f 1862/2441/2217 1812/2390/2167 1811/2389/2166 1861/2440/2216 
f 1863/2442/2218 1813/2391/2168 1812/2390/2167 1862/2441/2217 
f 1864/2443/2219 1814/2392/2169 1813/2391/2168 1863/2442/2218 
f 1865/2444/2220 1815/2393/2170 1814/2392/2169 1864/2443/2219 
f 1866/2445/2221 1816/2394/2171 1815/2393/2170 1865/2444/2220 
f 1867/2446/2222 1817/2395/2172 1816/2394/2171 1866/2445/2221 
f 1868/2447/2223 1818/2396/2173 1817/2395/2172 1867/2446/2222 
f 1869/2448/2224 1819/2397/2174 1818/2396/2173 1868/2447/2223 
f 1870/2449/2225 1820/2398/2175 1819/2397/2174 1869/2448/2224 
f 1871/2450/2226 1821/2399/2176 1820/2398/2175 1870/2449/2225 
f 1872/2451/2227 1822/2400/2177 1821/2399/2176 1871/2450/2226 
f 1873/2452/2228 1823/2401/2178 1822/2400/2177 1872/2451/2227 
f 1874/2453/2229 1824/2402/2179 1823/2401/2178 1873/2452/2228 
f 1875/2454/2230 1825/2403/2180 1824/2402/2179 1874/2453/2229 
f 1876/2455/2231 1826/2404/2181 1825/2403/2180 1875/2454/2230 
f 1877/2456/2232 1827/2405/2182 1826/2404/2181 1876/2455/2231 
f 1878/2457/2233 1828/2406/2183 1827/2405/2182 1877/2456/2232 
f 1879/2458/2234 1829/2407/2184 1828/2406/2183 1878/2457/2233 
f 1880/2459/2235 1830/2408/2185 1829/2407/2184 1879/2458/2234 
f 1881/2460/2236 1831/2409/2186 1830/2408/2185 1880/2459/2235 
f 1882/2461/2237 1832/2410/2187 1831/2409/2186 1881/2460/2236 
f 1883/2462/2238 1833/2411/2188 1832/2410/2187 1882/2461/2237 
f 1884/2463/2239 1834/2412/2189 1833/2411/2188 1883/2462/2238 
f 1885/2464/2240 1835/2413/2190 1834/2412/2189 1884/2463/2239 
f 1886/2465/2241 1836/2414/2191 1835/2413/2190 1885/2464/2240 
f 1887/2466/2242 1837/2415/2192 1836/2414/2191 1886/2465/2241 
f 1888/2467/2243 1838/2416/2193 1837/2415/2192 1887/2466/2242 
f 1889/2468/2244 1839/2417/2194 1838/2416/2193 1888/2467/2243 
f 1890/2469/2245 1840/2418/2195 1839/2417/2194 1889/2468/2244 
f 1891/2470/2246 1841/2419/2196 1840/2418/2195 1890/2469/2245 
f 1892/2471/2247 1842/2420/2197 1841/2419/2196 1891/2470/2246 
f 1893/2472/2248 1843/2421/2198 1842/2420/2197 1892/2471/2247 
f 1894/2473/2249 1844/2422/2199 1843/2421/2198 1893/2472/2248 
f 1895/2474/2250 1845/2423/2200 1844/2422/2199 1894/2473/2249 
f 1896/2475/2251 1846/2424/2201 1845/2423/2200 1895/2474/2250 
f 1897/2476/2252 1847/2425/2202 1846/2424/2201 1896/2475/2251 
f 1849/2477/2204 1799/2426/2154 1847/2425/2202 1897/2476/2252 
f 1898/2478/2253 1848/2427/2203 1849/2428/2204 1899/2479/2254 
f 1900/2480/2255 1850/2429/2205 1848/2427/2203 1898/2478/2253 
f 1901/2481/2256 1851/2430/2206 1850/2429/2205 1900/2480/2255 
f 1902/2482/2257 1852/2431/2207 1851/2430/2206 1901/2481/2256 
f 1903/2483/2258 1853/2432/2208 1852/2431/2207 1902/2482/2257 
f 1904/2484/2259 1854/2433/2209 1853/2432/2208 1903/2483/2258 
f 1905/2485/2260 1855/2434/2210 1854/2433/2209 1904/2484/2259 
f 1906/2486/2261 1856/2435/2211 1855/2434/2210 1905/2485/2260 
f 1907/2487/2262 1857/2436/2212 1856/2435/2211 1906/2486/2261 
f 1908/2488/2263 1858/2437/2213 1857/2436/2212 1907/2487/2262 
f 1909/2489/2264 1859/2438/2214 1858/2437/2213 1908/2488/2263 
f 1910/2490/2265 1860/2439/2215 1859/2438/2214 1909/2489/2264 
f 1911/2491/2266 1861/2440/2216 1860/2439/2215 1910/2490/2265 
f 1912/2492/2267 1862/2441/2217 1861/2440/2216 1911/2491/2266 
f 1913/2493/2268 1863/2442/2218 1862/2441/2217 1912/2492/2267 
f 1914/2494/2269 1864/2443/2219 1863/2442/2218 1913/2493/2268 
f 1915/2495/2270 1865/2444/2220 1864/2443/2219 1914/2494/2269 
f 1916/2496/2271 1866/2445/2221 1865/2444/2220 1915/2495/2270 
f 1917/2497/2272 1867/2446/2222 1866/2445/2221 1916/2496/2271 
f 1918/2498/2273 1868/2447/2223 1867/2446/2222 1917/2497/2272 
f 1919/2499/2274 1869/2448/2224 1868/2447/2223 1918/2498/2273 
f 1920/2500/2275 1870/2449/2225 1869/2448/2224 1919/2499/2274 
f 1921/2501/2276 1871/2450/2226 1870/2449/2225 1920/2500/2275 
f 1922/2502/2277 1872/2451/2227 1871/2450/2226 1921/2501/2276 
f 1923/2503/2278 1873/2452/2228 1872/2451/2227 1922/2502/2277 
f 1924/2504/2279 1874/2453/2229 1873/2452/2228 1923/2503/2278 
f 1925/2505/2280 1875/2454/2230 1874/2453/2229 1924/2504/2279 
f 1926/2506/2281 1876/2455/2231 1875/2454/2230 1925/2505/2280 
f 1927/2507/2282 1877/2456/2232 1876/2455/2231 1926/2506/2281 
f 1928/2508/2283 1878/2457/2233 1877/2456/2232 1927/2507/2282 
f 1929/2509/2284 1879/2458/2234 1878/2457/2233 1928/2508/2283 
f 1930/2510/2285 1880/2459/2235 1879/2458/2234 1929/2509/2284 
f 1931/2511/2286 1881/2460/2236 1880/2459/2235 1930/2510/2285 
f 1932/2512/2287 1882/2461/2237 1881/2460/2236 1931/2511/2286 
f 1933/2513/2288 1883/2462/2238 1882/2461/2237 1932/2512/2287 
f 1934/2514/2289 1884/2463/2239 1883/2462/2238 1933/2513/2288 
f 1935/2515/2290 1885/2464/2240 1884/2463/2239 1934/2514/2289 
f 1936/2516/2291 1886/2465/2241 1885/2464/2240 1935/2515/2290 
f 1937/2517/2292 1887/2466/2242 1886/2465/2241 1936/2516/2291 
f 1938/2518/2293 1888/2467/2243 1887/2466/2242 1937/2517/2292 
f 1939/2519/2294 1889/2468/2244 1888/2467/2243 1938/2518/2293 
f 1940/2520/2295 1890/2469/2245 1889/2468/2244 1939/2519/2294 
f 1941/2521/2296 1891/2470/2246 1890/2469/2245 1940/2520/2295 
f 1942/2522/2297 1892/2471/2247 1891/2470/2246 1941/2521/2296 
f 1943/2523/2298 1893/2472/2248 1892/2471/2247 1942/2522/2297 
f 1944/2524/2299 1894/2473/2249 1893/2472/2248 1943/2523/2298 
f 1945/2525/2300 1895/2474/2250 1894/2473/2249 1944/2524/2299 
f 1946/2526/2301 1896/2475/2251 1895/2474/2250 1945/2525/2300 
f 1947/2527/2302 1897/2476/2252 1896/2475/2251 1946/2526/2301 
f 1899/2528/2254 1849/2477/2204 1897/2476/2252 1947/2527/2302 
f 1948/2529/2303 1898/2478/2253 1899/2479/2254 1949/2530/2304 
f 1950/2531/2305 1900/2480/2255 1898/2478/2253 1948/2529/2303 
f 1951/2532/2306 1901/2481/2256 1900/2480/2255 1950/2531/2305 
f 1952/2533/2307 1902/2482/2257 1901/2481/2256 1951/2532/2306 
f 1953/2534/2308 1903/2483/2258 1902/2482/2257 1952/2533/2307 
f 1954/2535/2309 1904/2484/2259 1903/2483/2258 1953/2534/2308 
f 1955/2536/2310 1905/2485/2260 1904/2484/2259 1954/2535/2309 
f 1956/2537/2311 1906/2486/2261 1905/2485/2260 1955/2536/2310 
f 1957/2538/2312 1907/2487/2262 1906/2486/2261 1956/2537/2311 
f 1958/2539/2313 1908/2488/2263 1907/2487/2262 1957/2538/2312 
f 1959/2540/2314 1909/2489/2264 1908/2488/2263 1958/2539/2313 
f 1960/2541/2315 1910/2490/2265 1909/2489/2264 1959/2540/2314 
f 1961/2542/2316 1911/2491/2266 1910/2490/2265 1960/2541/2315 
f 1962/2543/2317 1912/2492/2267 1911/2491/2266 1961/2542/2316 
f 1963/2544/2318 1913/2493/2268 1912/2492/2267 1962/2543/2317 
f 1964/2545/2319 1914/2494/2269 1913/2493/2268 1963/2544/2318 
f 1965/2546/2320 1915/2495/2270 1914/2494/2269 1964/2545/2319 
f 1966/2547/2321 1916/2496/2271 1915/2495/2270 1965/2546/2320 
f 1967/2548/2322 1917/2497/2272 1916/2496/2271 1966/2547/2321 
f 1968/2549/2323 1918/2498/2273 1917/2497/2272 1967/2548/2322 
f 1969/2550/2324 1919/2499/2274 1918/2498/2273 1968/2549/2323 
f 1970/2551/2325 1920/2500/2275 1919/2499/2274 1969/2550/2324 
f 1971/2552/2326 1921/2501/2276 1920/2500/2275 1970/2551/2325 
f 1972/2553/2327 1922/2502/2277 1921/2501/2276 1971/2552/2326 
f 1973/2554/2328 1923/2503/2278 1922/2502/2277 1972/2553/2327 
f 1974/2555/2329 1924/2504/2279 1923/2503/2278 1973/2554/2328 
f 1975/2556/2330 1925/2505/2280 1924/2504/2279 1974/2555/2329 
f 1976/2557/2331 1926/2506/2281 1925/2505/2280 1975/2556/2330 
f 1977/2558/2332 1927/2507/2282 1926/2506/2281 1976/2557/2331 
f 1978/2559/2333 1928/2508/2283 1927/2507/2282 1977/2558/2332 
f 1979/2560/2334 1929/2509/2284 1928/2508/2283 1978/2559/2333 
f 1980/2561/2335 1930/2510/2285 1929/2509/2284 1979/2560/2334 
f 1981/2562/2336 1931/2511/2286 1930/2510/2285 1980/2561/2335 
f 1982/2563/2337 1932/2512/2287 1931/2511/2286 1981/2562/2336 
f 1983/2564/2338 1933/2513/2288 1932/2512/2287 1982/2563/2337 
f 1984/2565/2339 1934/2514/2289 1933/2513/2288 1983/2564/2338 
f 1985/2566/2340 1935/2515/2290 1934/2514/2289 1984/2565/2339 
f 1986/2567/2341 1936/2516/2291 1935/2515/2290 1985/2566/2340 
f 1987/2568/2342 1937/2517/2292 1936/2516/2291 1986/2567/2341 
f 1988/2569/2343 1938/2518/2293 1937/2517/2292 1987/2568/2342 
f 1989/2570/2344 1939/2519/2294 1938/2518/2293 1988/2569/2343 
f 1990/2571/2345 1940/2520/2295 1939/2519/2294 1989/2570/2344 
f 1991/2572/2346 1941/2521/2296 1940/2520/2295 1990/2571/2345 
f 1992/2573/2347 1942/2522/2297 1941/2521/2296 1991/2572/2346 
f 1993/2574/2348 1943/2523/2298 1942/2522/2297 1992/2573/2347 
f 1994/2575/2349 1944/2524/2299 1943/2523/2298 1993/2574/2348 
f 1995/2576/2350 1945/2525/2300 1944/2524/2299 1994/2575/2349 
f 1996/2577/2351 1946/2526/2301 1945/2525/2300 1995/2576/2350 
f 1997/2578/2352 1947/2527/2302 1946/2526/2301 1996/2577/2351 
f 1949/2579/2304 1899/2528/2254 1947/2527/2302 1997/2578/2352 
f 1998/2580/2353 1948/2529/2303 1949/2530/2304 1999/2581/2354 
f 2000/2582/2355 1950/2531/2305 1948/2529/2303 1998/2580/2353 
f 2001/2583/2356 1951/2532/2306 1950/2531/2305 2000/2582/2355 
f 2002/2584/2357 1952/2533/2307 1951/2532/2306 2001/2583/2356 
f 2003/2585/2358 1953/2534/2308 1952/2533/2307 2002/2584/2357 
f 2004/2586/2359 1954/2535/2309 1953/2534/2308 2003/2585/2358 
f 2005/2587/2360 1955/2536/2310 1954/2535/2309 2004/2586/2359 
f 2006/2588/2361 1956/2537/2311 1955/2536/2310 2005/2587/2360 
f 2007/2589/2362 1957/2538/2312 1956/2537/2311 2006/2588/2361 
f 2008/2590/2363 1958/2539/2313 1957/2538/2312 2007/2589/2362 
f 2009/2591/2364 1959/2540/2314 1958/2539/2313 2008/2590/2363 
f 2010/2592/2365 1960/2541/2315 1959/2540/2314 2009/2591/2364 
f 2011/2593/2366 1961/2542/2316 1960/2541/2315 2010/2592/2365 
f 2012/2594/2367 1962/2543/2317 1961/2542/2316 2011/2593/2366 
f 2013/2595/2368 1963/2544/2318 1962/2543/2317 2012/2594/2367 
f 2014/2596/2369 1964/2545/2319 1963/2544/2318 2013/2595/2368 
f 2015/2597/2370 1965/2546/2320 1964/2545/2319 2014/2596/2369 
f 2016/2598/2371 1966/2547/2321 1965/2546/2320 2015/2597/2370 
f 2017/2599/2372 1967/2548/2322 1966/2547/2321 2016/2598/2371 
f 2018/2600/2373 1968/2549/2323 1967/2548/2322 2017/2599/2372 
f 2019/2601/2374 1969/2550/2324 1968/2549/2323 2018/2600/2373 
f 2020/2602/2375 1970/2551/2325 1969/2550/2324 2019/2601/2374 
f 2021/2603/2376 1971/2552/2326 1970/2551/2325 2020/2602/2375 
f 2022/2604/2377 1972/2553/2327 1971/2552/2326 2021/2603/2376 
f 2023/2605/2378 1973/2554/2328 1972/2553/2327 2022/2604/2377 
f 2024/2606/2379 1974/2555/2329 1973/2554/2328 2023/2605/2378 
f 2025/2607/2380 1975/2556/2330 1974/2555/2329 2024/2606/2379 
f 2026/2608/2381 1976/2557/2331 1975/2556/2330 2025/2607/2380 
f 2027/2609/2382 1977/2558/2332 1976/2557/2331 2026/2608/2381 
f 2028/2610/2383 1978/2559/2333 1977/2558/2332 2027/2609/2382 
f 2029/2611/2384 1979/2560/2334 1978/2559/2333 2028/2610/2383 
f 2030/2612/2385 1980/2561/2335 1979/2560/2334 2029/2611/2384 
f 2031/2613/2386 1981/2562/2336 1980/2561/2335 2030/2612/2385 
f 2032/2614/2387 1982/2563/2337 1981/2562/2336 2031/2613/2386 
f 2033/2615/2388 1983/2564/2338 1982/2563/2337 2032/2614/2387 
f 2034/2616/2389 1984/2565/2339 1983/2564/2338 2033/2615/2388 
f 2035/2617/2390 1985/2566/2340 1984/2565/2339 2034/2616/2389 
f 2036/2618/2391 1986/2567/2341 1985/2566/2340 2035/2617/2390 
f 2037/2619/2392 1987/2568/2342 1986/2567/2341 2036/2618/2391 
f 2038/2620/2393 1988/2569/2343 1987/2568/2342 2037/2619/2392 
f 2039/2621/2394 1989/2570/2344 1988/2569/2343 2038/2620/2393 
f 2040/2622/2395 1990/2571/2345 1989/2570/2344 2039/2621/2394 
f 2041/2623/2396 1991/2572/2346 1990/2571/2345 2040/2622/2395 
f 2042/2624/2397 1992/2573/2347 1991/2572/2346 2041/2623/2396 
f 2043/2625/2398 1993/2574/2348 1992/2573/2347 2042/2624/2397 
f 2044/2626/2399 1994/2575/2349 1993/2574/2348 2043/2625/2398 
f 2045/2627/2400 1995/2576/2350 1994/2575/2349 2044/2626/2399 
f 2046/2628/2401 1996/2577/2351 1995/2576/2350 2045/2627/2400 
f 2047/2629/2402 1997/2578/2352 1996/2577/2351 2046/2628/2401 
f 1999/2630/2354 1949/2579/2304 1997/2578/2352 2047/2629/2402 
f 2048/2631/2403 1998/2580/2353 1999/2581/2354 2049/2632/2404 
f 2050/2633/2405 2000/2582/2355 1998/2580/2353 2048/2631/2403 
f 2051/2634/2406 2001/2583/2356 2000/2582/2355 2050/2633/2405 
f 2052/2635/2407 2002/2584/2357 2001/2583/2356 2051/2634/2406 
f 2053/2636/2408 2003/2585/2358 2002/2584/2357 2052/2635/2407 
f 2054/2637/2409 2004/2586/2359 2003/2585/2358 2053/2636/2408 
f 2055/2638/2410 2005/2587/2360 2004/2586/2359 2054/2637/2409 
f 2056/2639/2411 2006/2588/2361 2005/2587/2360 2055/2638/2410 
f 2057/2640/2412 2007/2589/2362 2006/2588/2361 2056/2639/2411 
f 2058/2641/2413 2008/2590/2363 2007/2589/2362 2057/2640/2412 
f 2059/2642/2414 2009/2591/2364 2008/2590/2363 2058/2641/2413 
f 2060/2643/2415 2010/2592/2365 2009/2591/2364 2059/2642/2414 
f 2061/2644/2416 2011/2593/2366 2010/2592/2365 2060/2643/2415 
f 2062/2645/2417 2012/2594/2367 2011/2593/2366 2061/2644/2416 
f 2063/2646/2418 2013/2595/2368 2012/2594/2367 2062/2645/2417 
f 2064/2647/2419 2014/2596/2369 2013/2595/2368 2063/2646/2418 
f 2065/2648/2420 2015/2597/2370 2014/2596/2369 2064/2647/2419 
f 2066/2649/2421 2016/2598/2371 2015/2597/2370 2065/2648/2420 
f 2067/2650/2422 2017/2599/2372 2016/2598/2371 2066/2649/2421 
f 2068/2651/2423 2018/2600/2373 2017/2599/2372 2067/2650/2422 
f 2069/2652/2424 2019/2601/2374 2018/2600/2373 2068/2651/2423 
f 2070/2653/2425 2020/2602/2375 2019/2601/2374 2069/2652/2424 
f 2071/2654/2426 2021/2603/2376 2020/2602/2375 2070/2653/2425 
f 2072/2655/2427 2022/2604/2377 2021/2603/2376 2071/2654/2426 
f 2073/2656/2428 2023/2605/2378 2022/2604/2377 2072/2655/2427 
f 2074/2657/2429 2024/2606/2379 2023/2605/2378 2073/2656/2428 
f 2075/2658/2430 2025/2607/2380 2024/2606/2379 2074/2657/2429 
f 2076/2659/2431 2026/2608/2381 2025/2607/2380 2075/2658/2430 
f 2077/2660/2432 2027/2609/2382 2026/2608/2381 2076/2659/2431 
f 2078/2661/2433 2028/2610/2383 2027/2609/2382 2077/2660/2432 
f 2079/2662/2434 2029/2611/2384 2028/2610/2383 2078/2661/2433 
f 2080/2663/2435 2030/2612/2385 2029/2611/2384 2079/2662/2434 
f 2081/2664/2436 2031/2613/2386 2030/2612/2385 2080/2663/2435 
f 2082/2665/2437 2032/2614/2387 2031/2613/2386 2081/2664/2436 
f 2083/2666/2438 2033/2615/2388 2032/2614/2387 2082/2665/2437 
f 2084/2667/2439 2034/2616/2389 2033/2615/2388 2083/2666/2438 
f 2085/2668/2440 2035/2617/2390 2034/2616/2389 2084/2667/2439 
f 2086/2669/2441 2036/2618/2391 2035/2617/2390 2085/2668/2440 
f 2087/2670/2442 2037/2619/2392 2036/2618/2391 2086/2669/2441 
f 2088/2671/2443 2038/2620/2393 2037/2619/2392 2087/2670/2442 
f 2089/2672/2444 2039/2621/2394 2038/2620/2393 2088/2671/2443 
f 2090/2673/2445 2040/2622/2395 2039/2621/2394 2089/2672/2444 
f 2091/2674/2446 2041/2623/2396 2040/2622/2395 2090/2673/2445 
f 2092/2675/2447 2042/2624/2397 2041/2623/2396 2091/2674/2446 
f 2093/2676/2448 2043/2625/2398 2042/2624/2397 2092/2675/2447 
f 2094/2677/2449 2044/2626/2399 2043/2625/2398 2093/2676/2448 
f 2095/2678/2450 2045/2627/2400 2044/2626/2399 2094/2677/2449 
f 2096/2679/2451 2046/2628/2401 2045/2627/2400 2095/2678/2450 
f 2097/2680/2452 2047/2629/2402 2046/2628/2401 2096/2679/2451 
f 2049/2681/2404 1999/2630/2354 2047/2629/2402 2097/2680/2452 
f 2098/2682/2453 2048/2631/2403 2049/2632/2404 2099/2683/2454 
f 2100/2684/2455 2050/2633/2405 2048/2631/2403 2098/2682/2453 
f 2101/2685/2456 2051/2634/2406 2050/2633/2405 2100/2684/2455 
f 2102/2686/2457 2052/2635/2407 2051/2634/2406 2101/2685/2456 
f 2103/2687/2458 2053/2636/2408 2052/2635/2407 2102/2686/2457 
f 2104/2688/2459 2054/2637/2409 2053/2636/2408 2103/2687/2458 
f 2105/2689/2460 2055/2638/2410 2054/2637/2409 2104/2688/2459 
f 2106/2690/2461 2056/2639/2411 2055/2638/2410 2105/2689/2460 
f 2107/2691/2462 2057/2640/2412 2056/2639/2411 2106/2690/2461 
f 2108/2692/2463 2058/2641/2413 2057/2640/2412 2107/2691/2462 
f 2109/2693/2464 2059/2642/2414 2058/2641/2413 2108/2692/2463 
f 2110/2694/2465 2060/2643/2415 2059/2642/2414 2109/2693/2464 
f 2111/2695/2466 2061/2644/2416 2060/2643/2415 2110/2694/2465 
f 2112/2696/2467 2062/2645/2417 2061/2644/2416 2111/2695/2466 
f 2113/2697/2468 2063/2646/2418 2062/2645/2417 2112/2696/2467 
f 2114/2698/2469 2064/2647/2419 2063/2646/2418 2113/2697/2468 
f 2115/2699/2470 2065/2648/2420 2064/2647/2419 2114/2698/2469 
f 2116/2700/2471 2066/2649/2421 2065/2648/2420 2115/2699/2470 
f 2117/2701/2472 2067/2650/2422 2066/2649/2421 2116/2700/2471 
f 2118/2702/2473 2068/2651/2423 2067/2650/2422 2117/2701/2472 
f 2119/2703/2474 2069/2652/2424 2068/2651/2423 2118/2702/2473 
f 2120/2704/2475 2070/2653/2425 2069/2652/2424 2119/2703/2474 
f 2121/2705/2476 2071/2654/2426 2070/2653/2425 2120/2704/2475 
f 2122/2706/2477 2072/2655/2427 2071/2654/2426 2121/2705/2476 
f 2123/2707/2478 2073/2656/2428 2072/2655/2427 2122/2706/2477 
f 2124/2708/2479 2074/2657/2429 2073/2656/2428 2123/2707/2478 
f 2125/2709/2480 2075/2658/2430 2074/2657/2429 2124/2708/2479 
f 2126/2710/2481 2076/2659/2431 2075/2658/2430 2125/2709/2480 
f 2127/2711/2482 2077/2660/2432 2076/2659/2431 2126/2710/2481 
f 2128/2712/2483 2078/2661/2433 2077/2660/2432 2127/2711/2482 
f 2129/2713/2484 2079/2662/2434 2078/2661/2433 2128/2712/2483 
f 2130/2714/2485 2080/2663/2435 2079/2662/2434 2129/2713/2484 
f 2131/2715/2486 2081/2664/2436 2080/2663/2435 2130/2714/2485 
f 2132/2716/2487 2082/2665/2437 2081/2664/2436 2131/2715/2486 
f 2133/2717/2488 2083/2666/2438 2082/2665/2437 2132/2716/2487 
f 2134/2718/2489 2084/2667/2439 2083/2666/2438 2133/2717/2488 
f 2135/2719/2490 2085/2668/2440 2084/2667/2439 2134/2718/2489 
f 2136/2720/2491 2086/2669/2441 2085/2668/2440 2135/2719/2490 
f 2137/2721/2492 2087/2670/2442 2086/2669/2441 2136/2720/2491 
f 2138/2722/2493 2088/2671/2443 2087/2670/2442 2137/2721/2492 
f 2139/2723/2494 2089/2672/2444 2088/2671/2443 2138/2722/2493 
f 2140/2724/2495 2090/2673/2445 2089/2672/2444 2139/2723/2494 
f 2141/2725/2496 2091/2674/2446 2090/2673/2445 2140/2724/2495 
f 2142/2726/2497 2092/2675/2447 2091/2674/2446 2141/2725/2496 
f 2143/2727/2498 2093/2676/2448 2092/2675/2447 2142/2726/2497 
f 2144/2728/2499 2094/2677/2449 2093/2676/2448 2143/2727/2498 
f 2145/2729/2500 2095/2678/2450 2094/2677/2449 2144/2728/2499 
f 2146/2730/2501 2096/2679/2451 2095/2678/2450 2145/2729/2500 
f 2147/2731/2502 2097/2680/2452 2096/2679/2451 2146/2730/2501 
f 2099/2732/2454 2049/2681/2404 2097/2680/2452 2147/2731/2502 
f 2148/2733/2503 2098/2682/2453 2099/2683/2454 2149/2734/2504 
f 2150/2735/2505 2100/2684/2455 2098/2682/2453 2148/2733/2503 
f 2151/2736/2506 2101/2685/2456 2100/2684/2455 2150/2735/2505 
f 2152/2737/2507 2102/2686/2457 2101/2685/2456 2151/2736/2506 
f 2153/2738/2508 2103/2687/2458 2102/2686/2457 2152/2737/2507 
f 2154/2739/2509 2104/2688/2459 2103/2687/2458 2153/2738/2508 
f 2155/2740/2510 2105/2689/2460 2104/2688/2459 2154/2739/2509 
f 2156/2741/2511 2106/2690/2461 2105/2689/2460 2155/2740/2510 
f 2157/2742/2512 2107/2691/2462 2106/2690/2461 2156/2741/2511 
f 2158/2743/2513 2108/2692/2463 2107/2691/2462 2157/2742/2512 
f 2159/2744/2514 2109/2693/2464 2108/2692/2463 2158/2743/2513 
f 2160/2745/2515 2110/2694/2465 2109/2693/2464 2159/2744/2514 
f 2161/2746/2516 2111/2695/2466 2110/2694/2465 2160/2745/2515 
f 2162/2747/2517 2112/2696/2467 2111/2695/2466 2161/2746/2516 
f 2163/2748/2518 2113/2697/2468 2112/2696/2467 2162/2747/2517 
f 2164/2749/2519 2114/2698/2469 2113/2697/2468 2163/2748/2518 
f 2165/2750/2520 2115/2699/2470 2114/2698/2469 2164/2749/2519 
f 2166/2751/2521 2116/2700/2471 2115/2699/2470 2165/2750/2520 
f 2167/2752/2522 2117/2701/2472 2116/2700/2471 2166/2751/2521 
f 2168/2753/2523 2118/2702/2473 2117/2701/2472 2167/2752/2522 
f 2169/2754/2524 2119/2703/2474 2118/2702/2473 2168/2753/2523 
f 2170/2755/2525 2120/2704/2475 2119/2703/2474 2169/2754/2524 
f 2171/2756/2526 2121/2705/2476 2120/2704/2475 2170/2755/2525 
f 2172/2757/2527 2122/2706/2477 2121/2705/2476 2171/2756/2526 
f 2173/2758/2528 2123/2707/2478 2122/2706/2477 2172/2757/2527 
f 2174/2759/2529 2124/2708/2479 2123/2707/2478 2173/2758/2528 
f 2175/2760/2530 2125/2709/2480 2124/2708/2479 2174/2759/2529 
f 2176/2761/2531 2126/2710/2481 2125/2709/2480 2175/2760/2530 
f 2177/2762/2532 2127/2711/2482 2126/2710/2481 2176/2761/2531 
f 2178/2763/2533 2128/2712/2483 2127/2711/2482 2177/2762/2532 
f 2179/2764/2534 2129/2713/2484 2128/2712/2483 2178/2763/2533 
f 2180/2765/2535 2130/2714/2485 2129/2713/2484 2179/2764/2534 
f 2181/2766/2536 2131/2715/2486 2130/2714/2485 2180/2765/2535 
f 2182/2767/2537 2132/2716/2487 2131/2715/2486 2181/2766/2536 
f 2183/2768/2538 2133/2717/2488 2132/2716/2487 2182/2767/2537 
f 2184/2769/2539 2134/2718/2489 2133/2717/2488 2183/2768/2538 
f 2185/2770/2540 2135/2719/2490 2134/2718/2489 2184/2769/2539 
f 2186/2771/2541 2136/2720/2491 2135/2719/2490 2185/2770/2540 
f 2187/2772/2542 2137/2721/2492 2136/2720/2491 2186/2771/2541 
f 2188/2773/2543 2138/2722/2493 2137/2721/2492 2187/2772/2542 
f 2189/2774/2544 2139/2723/2494 2138/2722/2493 2188/2773/2543 
f 2190/2775/2545 2140/2724/2495 2139/2723/2494 2189/2774/2544 
f 2191/2776/2546 2141/2725/2496 2140/2724/2495 2190/2775/2545 
f 2192/2777/2547 2142/2726/2497 2141/2725/2496 2191/2776/2546 
f 2193/2778/2548 2143/2727/2498 2142/2726/2497 2192/2777/2547 
f 2194/2779/2549 2144/2728/2499 2143/2727/2498 2193/2778/2548 
f 2195/2780/2550 2145/2729/2500 2144/2728/2499 2194/2779/2549 
f 2196/2781/2551 2146/2730/2501 2145/2729/2500 2195/2780/2550 
f 2197/2782/2552 2147/2731/2502 2146/2730/2501 2196/2781/2551 
f 2149/2783/2504 2099/2732/2454 2147/2731/2502 2197/2782/2552 
f 2198/2784/2553 2148/2733/2503 2149/2734/2504 2199/2785/2554 
f 2200/2786/2555 2150/2735/2505 2148/2733/2503 2198/2784/2553 
f 2201/2787/2556 2151/2736/2506 2150/2735/2505 2200/2786/2555 
f 2202/2788/2557 2152/2737/2507 2151/2736/2506 2201/2787/2556 
f 2203/2789/2558 2153/2738/2508 2152/2737/2507 2202/2788/2557 
f 2204/2790/2559 2154/2739/2509 2153/2738/2508 2203/2789/2558 
f 2205/2791/2560 2155/2740/2510 2154/2739/2509 2204/2790/2559 
f 2206/2792/2561 2156/2741/2511 2155/2740/2510 2205/2791/2560 
f 2207/2793/2562 2157/2742/2512 2156/2741/2511 2206/2792/2561 
f 2208/2794/2563 2158/2743/2513 2157/2742/2512 2207/2793/2562 
f 2209/2795/2564 2159/2744/2514 2158/2743/2513 2208/2794/2563 
f 2210/2796/2565 2160/2745/2515 2159/2744/2514 2209/2795/2564 
f 2211/2797/2566 2161/2746/2516 2160/2745/2515 2210/2796/2565 
f 2212/2798/2567 2162/2747/2517 2161/2746/2516 2211/2797/2566 
f 2213/2799/2568 2163/2748/2518 2162/2747/2517 2212/2798/2567 
f 2214/2800/2569 2164/2749/2519 2163/2748/2518 2213/2799/2568 
f 2215/2801/2570 2165/2750/2520 2164/2749/2519 2214/2800/2569 
f 2216/2802/2571 2166/2751/2521 2165/2750/2520 2215/2801/2570 
f 2217/2803/2572 2167/2752/2522 2166/2751/2521 2216/2802/2571 
f 2218/2804/2573 2168/2753/2523 2167/2752/2522 2217/2803/2572 
f 2219/2805/2574 2169/2754/2524 2168/2753/2523 2218/2804/2573 
f 2220/2806/2575 2170/2755/2525 2169/2754/2524 2219/2805/2574 
f 2221/2807/2576 2171/2756/2526 2170/2755/2525 2220/2806/2575 
f 2222/2808/2577 2172/2757/2527 2171/2756/2526 2221/2807/2576 
f 2223/2809/2578 2173/2758/2528 2172/2757/2527 2222/2808/2577 
f 2224/2810/2579 2174/2759/2529 2173/2758/2528 2223/2809/2578 
f 2225/2811/2580 2175/2760/2530 2174/2759/2529 2224/2810/2579 
f 2226/2812/2581 2176/2761/2531 2175/2760/2530 2225/2811/2580 
f 2227/2813/2582 2177/2762/2532 2176/2761/2531 2226/2812/2581 
f 2228/2814/2583 2178/2763/2533 2177/2762/2532 2227/2813/2582 
f 2229/2815/2584 2179/2764/2534 2178/2763/2533 2228/2814/2583 
f 2230/2816/2585 2180/2765/2535 2179/2764/2534 2229/2815/2584 
f 2231/2817/2586 2181/2766/2536 2180/2765/2535 2230/2816/2585 
f 2232/2818/2587 2182/2767/2537 2181/2766/2536 2231/2817/2586 
f 2233/2819/2588 2183/2768/2538 2182/2767/2537 2232/2818/2587 
f 2234/2820/2589 2184/2769/2539 2183/2768/2538 2233/2819/2588 
f 2235/2821/2590 2185/2770/2540 2184/2769/2539 2234/2820/2589 
f 2236/2822/2591 2186/2771/2541 2185/2770/2540 2235/2821/2590 
f 2237/2823/2592 2187/2772/2542 2186/2771/2541 2236/2822/2591 
f 2238/2824/2593 2188/2773/2543 2187/2772/2542 2237/2823/2592 
f 2239/2825/2594 2189/2774/2544 2188/2773/2543 2238/2824/2593 
f 2240/2826/2595 2190/2775/2545 2189/2774/2544 2239/2825/2594 
f 2241/2827/2596 2191/2776/2546 2190/2775/2545 2240/2826/2595 
f 2242/2828/2597 2192/2777/2547 2191/2776/2546 2241/2827/2596 
f 2243/2829/2598 2193/2778/2548 2192/2777/2547 2242/2828/2597 
f 2244/2830/2599 2194/2779/2549 2193/2778/2548 2243/2829/2598 
f 2245/2831/2600 2195/2780/2550 2194/2779/2549 2244/2830/2599 
f 2246/2832/2601 2196/2781/2551 2195/2780/2550 2245/2831/2600 
f 2247/2833/2602 2197/2782/2552 2196/2781/2551 2246/2832/2601 
f 2199/2834/2554 2149/2783/2504 2197/2782/2552 2247/2833/2602 
f 2248/2835/2603 2198/2784/2553 2199/2785/2554 2249/2836/2604 
f 2250/2837/2605 2200/2786/2555 2198/2784/2553 2248/2835/2603 
f 2251/2838/2606 2201/2787/2556 2200/2786/2555 2250/2837/2605 
f 2252/2839/2607 2202/2788/2557 2201/2787/2556 2251/2838/2606 
f 2253/2840/2608 2203/2789/2558 2202/2788/2557 2252/2839/2607 
f 2254/2841/2609 2204/2790/2559 2203/2789/2558 2253/2840/2608 
f 2255/2842/2610 2205/2791/2560 2204/2790/2559 2254/2841/2609 
f 2256/2843/2611 2206/2792/2561 2205/2791/2560 2255/2842/2610 
f 2257/2844/2612 2207/2793/2562 2206/2792/2561 2256/2843/2611 
f 2258/2845/2613 2208/2794/2563 2207/2793/2562 2257/2844/2612 
f 2259/2846/2614 2209/2795/2564 2208/2794/2563 2258/2845/2613 
f 2260/2847/2615 2210/2796/2565 2209/2795/2564 2259/2846/2614 
f 2261/2848/2616 2211/2797/2566 2210/2796/2565 2260/2847/2615 
f 2262/2849/2617 2212/2798/2567 2211/2797/2566 2261/2848/2616 
f 2263/2850/2618 2213/2799/2568 2212/2798/2567 2262/2849/2617 
f 2264/2851/2619 2214/2800/2569 2213/2799/2568 2263/2850/2618 
f 2265/2852/2620 2215/2801/2570 2214/2800/2569 2264/2851/2619 
f 2266/2853/2621 2216/2802/2571 2215/2801/2570 2265/2852/2620 
f 2267/2854/2622 2217/2803/2572 2216/2802/2571 2266/2853/2621 
f 2268/2855/2623 2218/2804/2573 2217/2803/2572 2267/2854/2622 
f 2269/2856/2624 2219/2805/2574 2218/2804/2573 2268/2855/2623 
f 2270/2857/2625 2220/2806/2575 2219/2805/2574 2269/2856/2624 
f 2271/2858/2626 2221/2807/2576 2220/2806/2575 2270/2857/2625 
f 2272/2859/2627 2222/2808/2577 2221/2807/2576 2271/2858/2626 
f 2273/2860/2628 2223/2809/2578 2222/2808/2577 2272/2859/2627 
f 2274/2861/2629 2224/2810/2579 2223/2809/2578 2273/2860/2628 
f 2275/2862/2630 2225/2811/2580 2224/2810/2579 2274/2861/2629 
f 2276/2863/2631 2226/2812/2581 2225/2811/2580 2275/2862/2630 
f 2277/2864/2632 2227/2813/2582 2226/2812/2581 2276/2863/2631 
f 2278/2865/2633 2228/2814/2583 2227/2813/2582 2277/2864/2632 
f 2279/2866/2634 2229/2815/2584 2228/2814/2583 2278/2865/2633 
f 2280/2867/2635 2230/2816/2585 2229/2815/2584 2279/2866/2634 
f 2281/2868/2636 2231/2817/2586 2230/2816/2585 2280/2867/2635 
f 2282/2869/2637 2232/2818/2587 2231/2817/2586 2281/2868/2636 
f 2283/2870/2638 2233/2819/2588 2232/2818/2587 2282/2869/2637 
f 2284/2871/2639 2234/2820/2589 2233/2819/2588 2283/2870/2638 
f 2285/2872/2640 2235/2821/2590 2234/2820/2589 2284/2871/2639 
f 2286/2873/2641 2236/2822/2591 2235/2821/2590 2285/2872/2640 
f 2287/2874/2642 2237/2823/2592 2236/2822/2591 2286/2873/2641 
f 2288/2875/2643 2238/2824/2593 2237/2823/2592 2287/2874/2642 
f 2289/2876/2644 2239/2825/2594 2238/2824/2593 2288/2875/2643 
f 2290/2877/2645 2240/2826/2595 2239/2825/2594 2289/2876/2644 
f 2291/2878/2646 2241/2827/2596 2240/2826/2595 2290/2877/2645 
f 2292/2879/2647 2242/2828/2597 2241/2827/2596 2291/2878/2646 
f 2293/2880/2648 2243/2829/2598 2242/2828/2597 2292/2879/2647 
f 2294/2881/2649 2244/2830/2599 2243/2829/2598 2293/2880/2648 
f 2295/2882/2650 2245/2831/2600 2244/2830/2599 2294/2881/2649 
f 2296/2883/2651 2246/2832/2601 2245/2831/2600 2295/2882/2650 
f 2297/2884/2652 2247/2833/2602 2246/2832/2601 2296/2883/2651 
f 2249/2885/2604 2199/2834/2554 2247/2833/2602 2297/2884/2652 
f 2298/2886/2653 2248/2835/2603 2249/2836/2604 2299/2887/2654 
f 2300/2888/2655 2250/2837/2605 2248/2835/2603 2298/2886/2653 
f 2301/2889/2656 2251/2838/2606 2250/2837/2605 2300/2888/2655 
f 2302/2890/2657 2252/2839/2607 2251/2838/2606 2301/2889/2656 
f 2303/2891/2658 2253/2840/2608 2252/2839/2607 2302/2890/2657 
f 2304/2892/2659 2254/2841/2609 2253/2840/2608 2303/2891/2658 
f 2305/2893/2660 2255/2842/2610 2254/2841/2609 2304/2892/2659 
f 2306/2894/2661 2256/2843/2611 2255/2842/2610 2305/2893/2660 
f 2307/2895/2662 2257/2844/2612 2256/2843/2611 2306/2894/2661 
f 2308/2896/2663 2258/2845/2613 2257/2844/2612 2307/2895/2662 
f 2309/2897/2664 2259/2846/2614 2258/2845/2613 2308/2896/2663 
f 2310/2898/2665 2260/2847/2615 2259/2846/2614 2309/2897/2664 
f 2311/2899/2666 2261/2848/2616 2260/2847/2615 2310/2898/2665 
f 2312/2900/2667 2262/2849/2617 2261/2848/2616 2311/2899/2666 
f 2313/2901/2668 2263/2850/2618 2262/2849/2617 2312/2900/2667 
f 2314/2902/2669 2264/2851/2619 2263/2850/2618 2313/2901/2668 
f 2315/2903/2670 2265/2852/2620 2264/2851/2619 2314/2902/2669 
f 2316/2904/2671 2266/2853/2621 2265/2852/2620 2315/2903/2670 
f 2317/2905/2672 2267/2854/2622 2266/2853/2621 2316/2904/2671 
f 2318/2906/2673 2268/2855/2623 2267/2854/2622 2317/2905/2672 
f 2319/2907/2674 2269/2856/2624 2268/2855/2623 2318/2906/2673 
f 2320/2908/2675 2270/2857/2625 2269/2856/2624 2319/2907/2674 
f 2321/2909/2676 2271/2858/2626 2270/2857/2625 2320/2908/2675 
f 2322/2910/2677 2272/2859/2627 2271/2858/2626 2321/2909/2676 
f 2323/2911/2678 2273/2860/2628 2272/2859/2627 2322/2910/2677 
f 2324/2912/2679 2274/2861/2629 2273/2860/2628 2323/2911/2678 
f 2325/2913/2680 2275/2862/2630 2274/2861/2629 2324/2912/2679 
f 2326/2914/2681 2276/2863/2631 2275/2862/2630 2325/2913/2680 
f 2327/2915/2682 2277/2864/2632 2276/2863/2631 2326/2914/2681 
f 2328/2916/2683 2278/2865/2633 2277/2864/2632 2327/2915/2682 
f 2329/2917/2684 2279/2866/2634 2278/2865/2633 2328/2916/2683 
f 2330/2918/2685 2280/2867/2635 2279/2866/2634 2329/2917/2684 
f 2331/2919/2686 2281/2868/2636 2280/2867/2635 2330/2918/2685 
f 2332/2920/2687 2282/2869/2637 2281/2868/2636 2331/2919/2686 
f 2333/2921/2688 2283/2870/2638 2282/2869/2637 2332/2920/2687 
f 2334/2922/2689 2284/2871/2639 2283/2870/2638 2333/2921/2688 
f 2335/2923/2690 2285/2872/2640 2284/2871/2639 2334/2922/2689 
f 2336/2924/2691 2286/2873/2641 2285/2872/2640 2335/2923/2690 
f 2337/2925/2692 2287/2874/2642 2286/2873/2641 2336/2924/2691 
f 2338/2926/2693 2288/2875/2643 2287/2874/2642 2337/2925/2692 
f 2339/2927/2694 2289/2876/2644 2288/2875/2643 2338/2926/2693 
f 2340/2928/2695 2290/2877/2645 2289/2876/2644 2339/2927/2694 
f 2341/2929/2696 2291/2878/2646 2290/2877/2645 2340/2928/2695 
f 2342/2930/2697 2292/2879/2647 2291/2878/2646 2341/2929/2696 
f 2343/2931/2698 2293/2880/2648 2292/2879/2647 2342/2930/2697 
f 2344/2932/2699 2294/2881/2649 2293/2880/2648 2343/2931/2698 
f 2345/2933/2700 2295/2882/2650 2294/2881/2649 2344/2932/2699 
f 2346/2934/2701 2296/2883/2651 2295/2882/2650 2345/2933/2700 
f 2347/2935/2702 2297/2884/2652 2296/2883/2651 2346/2934/2701 
f 2299/2936/2654 2249/2885/2604 2297/2884/2652 2347/2935/2702 
f 2348/2937/2703 2298/2886/2653 2299/2887/2654 2349/2938/2704 
f 2350/2939/2705 2300/2888/2655 2298/2886/2653 2348/2937/2703 
f 2351/2940/2706 2301/2889/2656 2300/2888/2655 2350/2939/2705 
f 2352/2941/2707 2302/2890/2657 2301/2889/2656 2351/2940/2706 
f 2353/2942/2708 2303/2891/2658 2302/2890/2657 2352/2941/2707 
f 2354/2943/2709 2304/2892/2659 2303/2891/2658 2353/2942/2708 
f 2355/2944/2710 2305/2893/2660 2304/2892/2659 2354/2943/2709 
f 2356/2945/2711 2306/2894/2661 2305/2893/2660 2355/2944/2710 
f 2357/2946/2712 2307/2895/2662 2306/2894/2661 2356/2945/2711 
f 2358/2947/2713 2308/2896/2663 2307/2895/2662 2357/2946/2712 
f 2359/2948/2714 2309/2897/2664 2308/2896/2663 2358/2947/2713 
f 2360/2949/2715 2310/2898/2665 2309/2897/2664 2359/2948/2714 
f 2361/2950/2716 2311/2899/2666 2310/2898/2665 2360/2949/2715 
f 2362/2951/2717 2312/2900/2667 2311/2899/2666 2361/2950/2716 
f 2363/2952/2718 2313/2901/2668 2312/2900/2667 2362/2951/2717 
f 2364/2953/2719 2314/2902/2669 2313/2901/2668 2363/2952/2718 
f 2365/2954/2720 2315/2903/2670 2314/2902/2669 2364/2953/2719 
f 2366/2955/2721 2316/2904/2671 2315/2903/2670 2365/2954/2720 
f 2367/2956/2722 2317/2905/2672 2316/2904/2671 2366/2955/2721 
f 2368/2957/2723 2318/2906/2673 2317/2905/2672 2367/2956/2722 
f 2369/2958/2724 2319/2907/2674 2318/2906/2673 2368/2957/2723 
f 2370/2959/2725 2320/2908/2675 2319/2907/2674 2369/2958/2724 
f 2371/2960/2726 2321/2909/2676 2320/2908/2675 2370/2959/2725 
f 2372/2961/2727 2322/2910/2677 2321/2909/2676 2371/2960/2726 
f 2373/2962/2728 2323/2911/2678 2322/2910/2677 2372/2961/2727 
f 2374/2963/2729 2324/2912/2679 2323/2911/2678 2373/2962/2728 
f 2375/2964/2730 2325/2913/2680 2324/2912/2679 2374/2963/2729 
f 2376/2965/2731 2326/2914/2681 2325/2913/2680 2375/2964/2730 
f 2377/2966/2732 2327/2915/2682 2326/2914/2681 2376/2965/2731 
f 2378/2967/2733 2328/2916/2683 2327/2915/2682 2377/2966/2732 
f 2379/2968/2734 2329/2917/2684 2328/2916/2683 2378/2967/2733 
f 2380/2969/2735 2330/2918/2685 2329/2917/2684 2379/2968/2734 
f 2381/2970/2736 2331/2919/2686 2330/2918/2685 2380/2969/2735 
f 2382/2971/2737 2332/2920/2687 2331/2919/2686 2381/2970/2736 
f 2383/2972/2738 2333/2921/2688 2332/2920/2687 2382/2971/2737 
f 2384/2973/2739 2334/2922/2689 2333/2921/2688 2383/2972/2738 
f 2385/2974/2740 2335/2923/2690 2334/2922/2689 2384/2973/2739 
f 2386/2975/2741 2336/2924/2691 2335/2923/2690 2385/2974/2740 
f 2387/2976/2742 2337/2925/2692 2336/2924/2691 2386/2975/2741 
f 2388/2977/2743 2338/2926/2693 2337/2925/2692 2387/2976/2742 
f 2389/2978/2744 2339/2927/2694 2338/2926/2693 2388/2977/2743 
f 2390/2979/2745 2340/2928/2695 2339/2927/2694 2389/2978/2744 
f 2391/2980/2746 2341/2929/2696 2340/2928/2695 2390/2979/2745 
f 2392/2981/2747 2342/2930/2697 2341/2929/2696 2391/2980/2746 
f 2393/2982/2748 2343/2931/2698 2342/2930/2697 2392/2981/2747 
f 2394/2983/2749 2344/2932/2699 2343/2931/2698 2393/2982/2748 
f 2395/2984/2750 2345/2933/2700 2344/2932/2699 2394/2983/2749 
f 2396/2985/2751 2346/2934/2701 2345/2933/2700 2395/2984/2750 
f 2397/2986/2752 2347/2935/2702 2346/2934/2701 2396/2985/2751 
f 2349/2987/2704 2299/2936/2654 2347/2935/2702 2397/2986/2752 
f 2398/2988/2753 2348/2937/2703 2349/2938/2704 2399/2989/2754 
f 2400/2990/2755 2350/2939/2705 2348/2937/2703 2398/2988/2753 
f 2401/2991/2756 2351/2940/2706 2350/2939/2705 2400/2990/2755 
f 2402/2992/2757 2352/2941/2707 2351/2940/2706 2401/2991/2756 
f 2403/2993/2758 2353/2942/2708 2352/2941/2707 2402/2992/2757 
f 2404/2994/2759 2354/2943/2709 2353/2942/2708 2403/2993/2758 
f 2405/2995/2760 2355/2944/2710 2354/2943/2709 2404/2994/2759 
f 2406/2996/2761 2356/2945/2711 2355/2944/2710 2405/2995/2760 
f 2407/2997/2762 2357/2946/2712 2356/2945/2711 2406/2996/2761 
f 2408/2998/2763 2358/2947/2713 2357/2946/2712 2407/2997/2762 
f 2409/2999/2764 2359/2948/2714 2358/2947/2713 2408/2998/2763 
f 2410/3000/2765 2360/2949/2715 2359/2948/2714 2409/2999/2764 
f 2411/3001/2766 2361/2950/2716 2360/2949/2715 2410/3000/2765 
f 2412/3002/2767 2362/2951/2717 2361/2950/2716 2411/3001/2766 
f 2413/3003/2768 2363/2952/2718 2362/2951/2717 2412/3002/2767 
f 2414/3004/2769 2364/2953/2719 2363/2952/2718 2413/3003/2768 
f 2415/3005/2770 2365/2954/2720 2364/2953/2719 2414/3004/2769 
f 2416/3006/2771 2366/2955/2721 2365/2954/2720 2415/3005/2770 
f 2417/3007/2772 2367/2956/2722 2366/2955/2721 2416/3006/2771 
f 2418/3008/2773 2368/2957/2723 2367/2956/2722 2417/3007/2772 
f 2419/3009/2774 2369/2958/2724 2368/2957/2723 2418/3008/2773 
f 2420/3010/2775 2370/2959/2725 2369/2958/2724 2419/3009/2774 
f 2421/3011/2776 2371/2960/2726 2370/2959/2725 2420/3010/2775 
f 2422/3012/2777 2372/2961/2727 2371/2960/2726 2421/3011/2776 
f 2423/3013/2778 2373/2962/2728 2372/2961/2727 2422/3012/2777 
f 2424/3014/2779 2374/2963/2729 2373/2962/2728 2423/3013/2778 
f 2425/3015/2780 2375/2964/2730 2374/2963/2729 2424/3014/2779 
f 2426/3016/2781 2376/2965/2731 2375/2964/2730 2425/3015/2780 
f 2427/3017/2782 2377/2966/2732 2376/2965/2731 2426/3016/2781 
f 2428/3018/2783 2378/2967/2733 2377/2966/2732 2427/3017/2782 
f 2429/3019/2784 2379/2968/2734 2378/2967/2733 2428/3018/2783 
f 2430/3020/2785 2380/2969/2735 2379/2968/2734 2429/3019/2784 
f 2431/3021/2786 2381/2970/2736 2380/2969/2735 2430/3020/2785 
f 2432/3022/2787 2382/2971/2737 2381/2970/2736 2431/3021/2786 
f 2433/3023/2788 2383/2972/2738 2382/2971/2737 2432/3022/2787 
f 2434/3024/2789 2384/2973/2739 2383/2972/2738 2433/3023/2788 
f 2435/3025/2790 2385/2974/2740 2384/2973/2739 2434/3024/2789 
f 2436/3026/2791 2386/2975/2741 2385/2974/2740 2435/3025/2790 
f 2437/3027/2792 2387/2976/2742 2386/2975/2741 2436/3026/2791 
f 2438/3028/2793 2388/2977/2743 2387/2976/2742 2437/3027/2792 
f 2439/3029/2794 2389/2978/2744 2388/2977/2743 2438/3028/2793 
f 2440/3030/2795 2390/2979/2745 2389/2978/2744 2439/3029/2794 
f 2441/3031/2796 2391/2980/2746 2390/2979/2745 2440/3030/2795 
f 2442/3032/2797 2392/2981/2747 2391/2980/2746 2441/3031/2796 
f 2443/3033/2798 2393/2982/2748 2392/2981/2747 2442/3032/2797 
f 2444/3034/2799 2394/2983/2749 2393/2982/2748 2443/3033/2798 
f 2445/3035/2800 2395/2984/2750 2394/2983/2749 2444/3034/2799 
f 2446/3036/2801 2396/2985/2751 2395/2984/2750 2445/3035/2800 
f 2447/3037/2802 2397/2986/2752 2396/2985/2751 2446/3036/2801 
f 2399/3038/2754 2349/2987/2704 2397/2986/2752 2447/3037/2802 
f 2448/3039/2803 2398/2988/2753 2399/2989/2754 2449/3040/2804 
f 2450/3041/2805 2400/2990/2755 2398/2988/2753 2448/3039/2803 
f 2451/3042/2806 2401/2991/2756 2400/2990/2755 2450/3041/2805 
f 2452/3043/2807 2402/2992/2757 2401/2991/2756 2451/3042/2806 
f 2453/3044/2808 2403/2993/2758 2402/2992/2757 2452/3043/2807 
f 2454/3045/2809 2404/2994/2759 2403/2993/2758 2453/3044/2808 
f 2455/3046/2810 2405/2995/2760 2404/2994/2759 2454/3045/2809 
f 2456/3047/2811 2406/2996/2761 2405/2995/2760 2455/3046/2810 
f 2457/3048/2812 2407/2997/2762 2406/2996/2761 2456/3047/2811 
f 2458/3049/2813 2408/2998/2763 2407/2997/2762 2457/3048/2812 
f 2459/3050/2814 2409/2999/2764 2408/2998/2763 2458/3049/2813 
f 2460/3051/2815 2410/3000/2765 2409/2999/2764 2459/3050/2814 
f 2461/3052/2816 2411/3001/2766 2410/3000/2765 2460/3051/2815 
f 2462/3053/2817 2412/3002/2767 2411/3001/2766 2461/3052/2816 
f 2463/3054/2818 2413/3003/2768 2412/3002/2767 2462/3053/2817 
f 2464/3055/2819 2414/3004/2769 2413/3003/2768 2463/3054/2818 
f 2465/3056/2820 2415/3005/2770 2414/3004/2769 2464/3055/2819 
f 2466/3057/2821 2416/3006/2771 2415/3005/2770 2465/3056/2820 
f 2467/3058/2822 2417/3007/2772 2416/3006/2771 2466/3057/2821 
f 2468/3059/2823 2418/3008/2773 2417/3007/2772 2467/3058/2822 
f 2469/3060/2824 2419/3009/2774 2418/3008/2773 2468/3059/2823 
f 2470/3061/2825 2420/3010/2775 2419/3009/2774 2469/3060/2824 
f 2471/3062/2826 2421/3011/2776 2420/3010/2775 2470/3061/2825 
f 2472/3063/2827 2422/3012/2777 2421/3011/2776 2471/3062/2826 
f 2473/3064/2828 2423/3013/2778 2422/3012/2777 2472/3063/2827 
f 2474/3065/2829 2424/3014/2779 2423/3013/2778 2473/3064/2828 
f 2475/3066/2830 2425/3015/2780 2424/3014/2779 2474/3065/2829 
f 2476/3067/2831 2426/3016/2781 2425/3015/2780 2475/3066/2830 
f 2477/3068/2832 2427/3017/2782 2426/3016/2781 2476/3067/2831 
f 2478/3069/2833 2428/3018/2783 2427/3017/2782 2477/3068/2832 
f 2479/3070/2834 2429/3019/2784 2428/3018/2783 2478/3069/2833 
f 2480/3071/2835 2430/3020/2785 2429/3019/2784 2479/3070/2834 
f 2481/3072/2836 2431/3021/2786 2430/3020/2785 2480/3071/2835 
f 2482/3073/2837 2432/3022/2787 2431/3021/2786 2481/3072/2836 
f 2483/3074/2838 2433/3023/2788 2432/3022/2787 2482/3073/2837 
f 2484/3075/2839 2434/3024/2789 2433/3023/2788 2483/3074/2838 
f 2485/3076/2840 2435/3025/2790 2434/3024/2789 2484/3075/2839 
f 2486/3077/2841 2436/3026/2791 2435/3025/2790 2485/3076/2840 
f 2487/3078/2842 2437/3027/2792 2436/3026/2791 2486/3077/2841 
f 2488/3079/2843 2438/3028/2793 2437/3027/2792 2487/3078/2842 
f 2489/3080/2844 2439/3029/2794 2438/3028/2793 2488/3079/2843 
f 2490/3081/2845 2440/3030/2795 2439/3029/2794 2489/3080/2844 
f 2491/3082/2846 2441/3031/2796 2440/3030/2795 2490/3081/2845 
f 2492/3083/2847 2442/3032/2797 2441/3031/2796 2491/3082/2846 
f 2493/3084/2848 2443/3033/2798 2442/3032/2797 2492/3083/2847 
f 2494/3085/2849 2444/3034/2799 2443/3033/2798 2493/3084/2848 
f 2495/3086/2850 2445/3035/2800 2444/3034/2799 2494/3085/2849 
f 2496/3087/2851 2446/3036/2801 2445/3035/2800 2495/3086/2850 
f 2497/3088/2852 2447/3037/2802 2446/3036/2801 2496/3087/2851 
f 2449/3089/2804 2399/3038/2754 2447/3037/2802 2497/3088/2852 
f 2498/3090/2853 2448/3039/2803 2449/3040/2804 2499/3091/2854 
f 2500/3092/2855 2450/3041/2805 2448/3039/2803 2498/3090/2853 
f 2501/3093/2856 2451/3042/2806 2450/3041/2805 2500/3092/2855 
f 2502/3094/2857 2452/3043/2807 2451/3042/2806 2501/3093/2856 
f 2503/3095/2858 2453/3044/2808 2452/3043/2807 2502/3094/2857 
f 2504/3096/2859 2454/3045/2809 2453/3044/2808 2503/3095/2858 
f 2505/3097/2860 2455/3046/2810 2454/3045/2809 2504/3096/2859 
f 2506/3098/2861 2456/3047/2811 2455/3046/2810 2505/3097/2860 
f 2507/3099/2862 2457/3048/2812 2456/3047/2811 2506/3098/2861 
f 2508/3100/2863 2458/3049/2813 2457/3048/2812 2507/3099/2862 
f 2509/3101/2864 2459/3050/2814 2458/3049/2813 2508/3100/2863 
f 2510/3102/2865 2460/3051/2815 2459/3050/2814 2509/3101/2864 
f 2511/3103/2866 2461/3052/2816 2460/3051/2815 2510/3102/2865 
f 2512/3104/2867 2462/3053/2817 2461/3052/2816 2511/3103/2866 
f 2513/3105/2868 2463/3054/2818 2462/3053/2817 2512/3104/2867 
f 2514/3106/2869 2464/3055/2819 2463/3054/2818 2513/3105/2868 
f 2515/3107/2870 2465/3056/2820 2464/3055/2819 2514/3106/2869 
f 2516/3108/2871 2466/3057/2821 2465/3056/2820 2515/3107/2870 
f 2517/3109/2872 2467/3058/2822 2466/3057/2821 2516/3108/2871 
f 2518/3110/2873 2468/3059/2823 2467/3058/2822 2517/3109/2872 
f 2519/3111/2874 2469/3060/2824 2468/3059/2823 2518/3110/2873 
f 2520/3112/2875 2470/3061/2825 2469/3060/2824 2519/3111/2874 
f 2521/3113/2876 2471/3062/2826 2470/3061/2825 2520/3112/2875 
f 2522/3114/2877 2472/3063/2827 2471/3062/2826 2521/3113/2876 
f 2523/3115/2878 2473/3064/2828 2472/3063/2827 2522/3114/2877 
f 2524/3116/2879 2474/3065/2829 2473/3064/2828 2523/3115/2878 
f 2525/3117/2880 2475/3066/2830 2474/3065/2829 2524/3116/2879 
f 2526/3118/2881 2476/3067/2831 2475/3066/2830 2525/3117/2880 
f 2527/3119/2882 2477/3068/2832 2476/3067/2831 2526/3118/2881 
f 2528/3120/2883 2478/3069/2833 2477/3068/2832 2527/3119/2882 
f 2529/3121/2884 2479/3070/2834 2478/3069/2833 2528/3120/2883 
f 2530/3122/2885 2480/3071/2835 2479/3070/2834 2529/3121/2884 
f 2531/3123/2886 2481/3072/2836 2480/3071/2835 2530/3122/2885 
f 2532/3124/2887 2482/3073/2837 2481/3072/2836 2531/3123/2886 
f 2533/3125/2888 2483/3074/2838 2482/3073/2837 2532/3124/2887 
f 2534/3126/2889 2484/3075/2839 2483/3074/2838 2533/3125/2888 
f 2535/3127/2890 2485/3076/2840 2484/3075/2839 2534/3126/2889 
f 2536/3128/2891 2486/3077/2841 2485/3076/2840 2535/3127/2890 
f 2537/3129/2892 2487/3078/2842 2486/3077/2841 2536/3128/2891 
f 2538/3130/2893 2488/3079/2843 2487/3078/2842 2537/3129/2892 
f 2539/3131/2894 2489/3080/2844 2488/3079/2843 2538/3130/2893 
f 2540/3132/2895 2490/3081/2845 2489/3080/2844 2539/3131/2894 
f 2541/3133/2896 2491/3082/2846 2490/3081/2845 2540/3132/2895 
f 2542/3134/2897 2492/3083/2847 2491/3082/2846 2541/3133/2896 
f 2543/3135/2898 2493/3084/2848 2492/3083/2847 2542/3134/2897 
f 2544/3136/2899 2494/3085/2849 2493/3084/2848 2543/3135/2898 
f 2545/3137/2900 2495/3086/2850 2494/3085/2849 2544/3136/2899 
f 2546/3138/2901 2496/3087/2851 2495/3086/2850 2545/3137/2900 
f 2547/3139/2902 2497/3088/2852 2496/3087/2851 2546/3138/2901 
f 2499/3140/2854 2449/3089/2804 2497/3088/2852 2547/3139/2902 
f 2548/3141/2903 2498/3090/2853 2499/3091/2854 2549/3142/2904 
f 2550/3143/2905 2500/3092/2855 2498/3090/2853 2548/3141/2903 
f 2551/3144/2906 2501/3093/2856 2500/3092/2855 2550/3143/2905 
f 2552/3145/2907 2502/3094/2857 2501/3093/2856 2551/3144/2906 
f 2553/3146/2908 2503/3095/2858 2502/3094/2857 2552/3145/2907 
f 2554/3147/2909 2504/3096/2859 2503/3095/2858 2553/3146/2908 
f 2555/3148/2910 2505/3097/2860 2504/3096/2859 2554/3147/2909 
f 2556/3149/2911 2506/3098/2861 2505/3097/2860 2555/3148/2910 
f 2557/3150/2912 2507/3099/2862 2506/3098/2861 2556/3149/2911 
f 2558/3151/2913 2508/3100/2863 2507/3099/2862 2557/3150/2912 
f 2559/3152/2914 2509/3101/2864 2508/3100/2863 2558/3151/2913 
f 2560/3153/2915 2510/3102/2865 2509/3101/2864 2559/3152/2914 
f 2561/3154/2916 2511/3103/2866 2510/3102/2865 2560/3153/2915 
f 2562/3155/2917 2512/3104/2867 2511/3103/2866 2561/3154/2916 
f 2563/3156/2918 2513/3105/2868 2512/3104/2867 2562/3155/2917 
f 2564/3157/2919 2514/3106/2869 2513/3105/2868 2563/3156/2918 
f 2565/3158/2920 2515/3107/2870 2514/3106/2869 2564/3157/2919 
f 2566/3159/2921 2516/3108/2871 2515/3107/2870 2565/3158/2920 
f 2567/3160/2922 2517/3109/2872 2516/3108/2871 2566/3159/2921 
f 2568/3161/2923 2518/3110/2873 2517/3109/2872 2567/3160/2922 
f 2569/3162/2924 2519/3111/2874 2518/3110/2873 2568/3161/2923 
f 2570/3163/2925 2520/3112/2875 2519/3111/2874 2569/3162/2924 
f 2571/3164/2926 2521/3113/2876 2520/3112/2875 2570/3163/2925 
f 2572/3165/2927 2522/3114/2877 2521/3113/2876 2571/3164/2926 
f 2573/3166/2928 2523/3115/2878 2522/3114/2877 2572/3165/2927 
f 2574/3167/2929 2524/3116/2879 2523/3115/2878 2573/3166/2928 
f 2575/3168/2930 2525/3117/2880 2524/3116/2879 2574/3167/2929 
f 2576/3169/2931 2526/3118/2881 2525/3117/2880 2575/3168/2930 
f 2577/3170/2932 2527/3119/2882 2526/3118/2881 2576/3169/2931 
f 2578/3171/2933 2528/3120/2883 2527/3119/2882 2577/3170/2932 
f 2579/3172/2934 2529/3121/2884 2528/3120/2883 2578/3171/2933 
f 2580/3173/2935 2530/3122/2885 2529/3121/2884 2579/3172/2934 
f 2581/3174/2936 2531/3123/2886 2530/3122/2885 2580/3173/2935 
f 2582/3175/2937 2532/3124/2887 2531/3123/2886 2581/3174/2936 
f 2583/3176/2938 2533/3125/2888 2532/3124/2887 2582/3175/2937 
f 2584/3177/2939 2534/3126/2889 2533/3125/2888 2583/3176/2938 
f 2585/3178/2940 2535/3127/2890 2534/3126/2889 2584/3177/2939 
f 2586/3179/2941 2536/3128/2891 2535/3127/2890 2585/3178/2940 
f 2587/3180/2942 2537/3129/2892 2536/3128/2891 2586/3179/2941 
f 2588/3181/2943 2538/3130/2893 2537/3129/2892 2587/3180/2942 
f 2589/3182/2944 2539/3131/2894 2538/3130/2893 2588/3181/2943 
f 2590/3183/2945 2540/3132/2895 2539/3131/2894 2589/3182/2944 
f 2591/3184/2946 2541/3133/2896 2540/3132/2895 2590/3183/2945 
f 2592/3185/2947 2542/3134/2897 2541/3133/2896 2591/3184/2946 
f 2593/3186/2948 2543/3135/2898 2542/3134/2897 2592/3185/2947 
f 2594/3187/2949 2544/3136/2899 2543/3135/2898 2593/3186/2948 
f 2595/3188/2950 2545/3137/2900 2544/3136/2899 2594/3187/2949 
f 2596/3189/2951 2546/3138/2901 2545/3137/2900 2595/3188/2950 
f 2597/3190/2952 2547/3139/2902 2546/3138/2901 2596/3189/2951 
f 2549/3191/2904 2499/3140/2854 2547/3139/2902 2597/3190/2952 
f 2598/3192/2953 2548/3141/2903 2549/3142/2904 2599/3193/2954 
f 2600/3194/2955 2550/3143/2905 2548/3141/2903 2598/3192/2953 
f 2601/3195/2956 2551/3144/2906 2550/3143/2905 2600/3194/2955 
f 2602/3196/2957 2552/3145/2907 2551/3144/2906 2601/3195/2956 
f 2603/3197/2958 2553/3146/2908 2552/3145/2907 2602/3196/2957 
f 2604/3198/2959 2554/3147/2909 2553/3146/2908 2603/3197/2958 
f 2605/3199/2960 2555/3148/2910 2554/3147/2909 2604/3198/2959 
f 2606/3200/2961 2556/3149/2911 2555/3148/2910 2605/3199/2960 
f 2607/3201/2962 2557/3150/2912 2556/3149/2911 2606/3200/2961 
f 2608/3202/2963 2558/3151/2913 2557/3150/2912 2607/3201/2962 
f 2609/3203/2964 2559/3152/2914 2558/3151/2913 2608/3202/2963 
f 2610/3204/2965 2560/3153/2915 2559/3152/2914 2609/3203/2964 
f 2611/3205/2966 2561/3154/2916 2560/3153/2915 2610/3204/2965 
f 2612/3206/2967 2562/3155/2917 2561/3154/2916 2611/3205/2966 
f 2613/3207/2968 2563/3156/2918 2562/3155/2917 2612/3206/2967 
f 2614/3208/2969 2564/3157/2919 2563/3156/2918 2613/3207/2968 
f 2615/3209/2970 2565/3158/2920 2564/3157/2919 2614/3208/2969 
f 2616/3210/2971 2566/3159/2921 2565/3158/2920 2615/3209/2970 
f 2617/3211/2972 2567/3160/2922 2566/3159/2921 2616/3210/2971 
f 2618/3212/2973 2568/3161/2923 2567/3160/2922 2617/3211/2972 
f 2619/3213/2974 2569/3162/2924 2568/3161/2923 2618/3212/2973 
f 2620/3214/2975 2570/3163/2925 2569/3162/2924 2619/3213/2974 
f 2621/3215/2976 2571/3164/2926 2570/3163/2925 2620/3214/2975 
f 2622/3216/2977 2572/3165/2927 2571/3164/2926 2621/3215/2976 
f 2623/3217/2978 2573/3166/2928 2572/3165/2927 2622/3216/2977 
f 2624/3218/2979 2574/3167/2929 2573/3166/2928 2623/3217/2978 
f 2625/3219/2980 2575/3168/2930 2574/3167/2929 2624/3218/2979 
f 2626/3220/2981 2576/3169/2931 2575/3168/2930 2625/3219/2980 
f 2627/3221/2982 2577/3170/2932 2576/3169/2931 2626/3220/2981 
f 2628/3222/2983 2578/3171/2933 2577/3170/2932 2627/3221/2982 
f 2629/3223/2984 2579/3172/2934 2578/3171/2933 2628/3222/2983 
f 2630/3224/2985 2580/3173/2935 2579/3172/2934 2629/3223/2984 
f 2631/3225/2986 2581/3174/2936 2580/3173/2935 2630/3224/2985 
f 2632/3226/2987 2582/3175/2937 2581/3174/2936 2631/3225/2986 
f 2633/3227/2988 2583/3176/2938 2582/3175/2937 2632/3226/2987 
f 2634/3228/2989 2584/3177/2939 2583/3176/2938 2633/3227/2988 
f 2635/3229/2990 2585/3178/2940 2584/3177/2939 2634/3228/2989 
f 2636/3230/2991 2586/3179/2941 2585/3178/2940 2635/3229/2990 
f 2637/3231/2992 2587/3180/2942 2586/3179/2941 2636/3230/2991 
f 2638/3232/2993 2588/3181/2943 2587/3180/2942 2637/3231/2992 
f 2639/3233/2994 2589/3182/2944 2588/3181/2943 2638/3232/2993 
f 2640/3234/2995 2590/3183/2945 2589/3182/2944 2639/3233/2994 
f 2641/3235/2996 2591/3184/2946 2590/3183/2945 2640/3234/2995 
f 2642/3236/2997 2592/3185/2947 2591/3184/2946 2641/3235/2996 
f 2643/3237/2998 2593/3186/2948 2592/3185/2947 2642/3236/2997 
f 2644/3238/2999 2594/3187/2949 2593/3186/2948 2643/3237/2998 
f 2645/3239/3000 2595/3188/2950 2594/3187/2949 2644/3238/2999 
f 2646/3240/3001 2596/3189/2951 2595/3188/2950 2645/3239/3000 
f 2647/3241/3002 2597/3190/2952 2596/3189/2951 2646/3240/3001 
f 2599/3242/2954 2549/3191/2904 2597/3190/2952 2647/3241/3002 
f 2648/3243/3003 2598/3192/2953 2599/3193/2954 2649/3244/3004 
f 2650/3245/3005 2600/3194/2955 2598/3192/2953 2648/3243/3003 
f 2651/3246/3006 2601/3195/2956 2600/3194/2955 2650/3245/3005 
f 2652/3247/3007 2602/3196/2957 2601/3195/2956 2651/3246/3006 
f 2653/3248/3008 2603/3197/2958 2602/3196/2957 2652/3247/3007 
f 2654/3249/3009 2604/3198/2959 2603/3197/2958 2653/3248/3008 
f 2655/3250/3010 2605/3199/2960 2604/3198/2959 2654/3249/3009 
f 2656/3251/3011 2606/3200/2961 2605/3199/2960 2655/3250/3010 
f 2657/3252/3012 2607/3201/2962 2606/3200/2961 2656/3251/3011 
f 2658/3253/3013 2608/3202/2963 2607/3201/2962 2657/3252/3012 
f 2659/3254/3014 2609/3203/2964 2608/3202/2963 2658/3253/3013 
f 2660/3255/3015 2610/3204/2965 2609/3203/2964 2659/3254/3014 
f 2661/3256/3016 2611/3205/2966 2610/3204/2965 2660/3255/3015 
f 2662/3257/3017 2612/3206/2967 2611/3205/2966 2661/3256/3016 
f 2663/3258/3018 2613/3207/2968 2612/3206/2967 2662/3257/3017 
f 2664/3259/3019 2614/3208/2969 2613/3207/2968 2663/3258/3018 
f 2665/3260/3020 2615/3209/2970 2614/3208/2969 2664/3259/3019 
f 2666/3261/3021 2616/3210/2971 2615/3209/2970 2665/3260/3020 
f 2667/3262/3022 2617/3211/2972 2616/3210/2971 2666/3261/3021 
f 2668/3263/3023 2618/3212/2973 2617/3211/2972 2667/3262/3022 
f 2669/3264/3024 2619/3213/2974 2618/3212/2973 2668/3263/3023 
f 2670/3265/3025 2620/3214/2975 2619/3213/2974 2669/3264/3024 
f 2671/3266/3026 2621/3215/2976 2620/3214/2975 2670/3265/3025 
f 2672/3267/3027 2622/3216/2977 2621/3215/2976 2671/3266/3026 
f 2673/3268/3028 2623/3217/2978 2622/3216/2977 2672/3267/3027 
f 2674/3269/3029 2624/3218/2979 2623/3217/2978 2673/3268/3028 
f 2675/3270/3030 2625/3219/2980 2624/3218/2979 2674/3269/3029 
f 2676/3271/3031 2626/3220/2981 2625/3219/2980 2675/3270/3030 
f 2677/3272/3032 2627/3221/2982 2626/3220/2981 2676/3271/3031 
f 2678/3273/3033 2628/3222/2983 2627/3221/2982 2677/3272/3032 
f 2679/3274/3034 2629/3223/2984 2628/3222/2983 2678/3273/3033 
f 2680/3275/3035 2630/3224/2985 2629/3223/2984 2679/3274/3034 
f 2681/3276/3036 2631/3225/2986 2630/3224/2985 2680/3275/3035 
f 2682/3277/3037 2632/3226/2987 2631/3225/2986 2681/3276/3036 
f 2683/3278/3038 2633/3227/2988 2632/3226/2987 2682/3277/3037 
f 2684/3279/3039 2634/3228/2989 2633/3227/2988 2683/3278/3038 
f 2685/3280/3040 2635/3229/2990 2634/3228/2989 2684/3279/3039 
f 2686/3281/3041 2636/3230/2991 2635/3229/2990 2685/3280/3040 
f 2687/3282/3042 2637/3231/2992 2636/3230/2991 2686/3281/3041 
f 2688/3283/3043 2638/3232/2993 2637/3231/2992 2687/3282/3042 
f 2689/3284/3044 2639/3233/2994 2638/3232/2993 2688/3283/3043 
f 2690/3285/3045 2640/3234/2995 2639/3233/2994 2689/3284/3044 
f 2691/3286/3046 2641/3235/2996 2640/3234/2995 2690/3285/3045 
f 2692/3287/3047 2642/3236/2997 2641/3235/2996 2691/3286/3046 
f 2693/3288/3048 2643/3237/2998 2642/3236/2997 2692/3287/3047 
f 2694/3289/3049 2644/3238/2999 2643/3237/2998 2693/3288/3048 
f 2695/3290/3050 2645/3239/3000 2644/3238/2999 2694/3289/3049 
f 2696/3291/3051 2646/3240/3001 2645/3239/3000 2695/3290/3050 
f 2697/3292/3052 2647/3241/3002 2646/3240/3001 2696/3291/3051 
f 2649/3293/3004 2599/3242/2954 2647/3241/3002 2697/3292/3052 
f 2698/3294/530 2648/3243/3003 2649/3244/3004 
f 2698/3295/530 2650/3245/3005 2648/3243/3003 
f 2698/3296/530 2651/3246/3006 2650/3245/3005 
f 2698/3297/530 2652/3247/3007 2651/3246/3006 
f 2698/3298/530 2653/3248/3008 2652/3247/3007 
f 2698/3299/530 2654/3249/3009 2653/3248/3008 
f 2698/3300/530 2655/3250/3010 2654/3249/3009 
f 2698/3301/530 2656/3251/3011 2655/3250/3010 
f 2698/3302/530 2657/3252/3012 2656/3251/3011 
f 2698/3303/530 2658/3253/3013 2657/3252/3012 
f 2698/3304/530 2659/3254/3014 2658/3253/3013 
f 2698/3305/530 2660/3255/3015 2659/3254/3014 
f 2698/3306/530 2661/3256/3016 2660/3255/3015 
f 2698/3307/530 2662/3257/3017 2661/3256/3016 
f 2698/3308/530 2663/3258/3018 2662/3257/3017 
f 2698/3309/530 2664/3259/3019 2663/3258/3018 
f 2698/3310/530 2665/3260/3020 2664/3259/3019 
f 2698/3311/530 2666/3261/3021 2665/3260/3020 
f 2698/3312/530 2667/3262/3022 2666/3261/3021 
f 2698/3313/530 2668/3263/3023 2667/3262/3022 
f 2698/3314/530 2669/3264/3024 2668/3263/3023 
f 2698/3315/530 2670/3265/3025 2669/3264/3024 
f 2698/3316/530 2671/3266/3026 2670/3265/3025 
f 2698/3317/530 2672/3267/3027 2671/3266/3026 
f 2698/3318/530 2673/3268/3028 2672/3267/3027 
f 2698/3319/530 2674/3269/3029 2673/3268/3028 
f 2698/3320/530 2675/3270/3030 2674/3269/3029 
f 2698/3321/530 2676/3271/3031 2675/3270/3030 
f 2698/3322/530 2677/3272/3032 2676/3271/3031 
f 2698/3323/530 2678/3273/3033 2677/3272/3032 
f 2698/3324/530 2679/3274/3034 2678/3273/3033 
f 2698/3325/530 2680/3275/3035 2679/3274/3034 
f 2698/3326/530 2681/3276/3036 2680/3275/3035 
f 2698/3327/530 2682/3277/3037 2681/3276/3036 
f 2698/3328/530 2683/3278/3038 2682/3277/3037 
f 2698/3329/530 2684/3279/3039 2683/3278/3038 
f 2698/3330/530 2685/3280/3040 2684/3279/3039 
f 2698/3331/530 2686/3281/3041 2685/3280/3040 
f 2698/3332/530 2687/3282/3042 2686/3281/3041 
f 2698/3333/530 2688/3283/3043 2687/3282/3042 
f 2698/3334/530 2689/3284/3044 2688/3283/3043 
f 2698/3335/530 2690/3285/3045 2689/3284/3044 
f 2698/3336/530 2691/3286/3046 2690/3285/3045 
f 2698/3337/530 2692/3287/3047 2691/3286/3046 
f 2698/3338/530 2693/3288/3048 2692/3287/3047 
f 2698/3339/530 2694/3289/3049 2693/3288/3048 
f 2698/3340/530 2695/3290/3050 2694/3289/3049 
f 2698/3341/530 2696/3291/3051 2695/3290/3050 
f 2698/3342/530 2697/3292/3052 2696/3291/3051 
f 2698/3343/530 2649/3293/3004 2697/3292/3052 
# 2351 polygons - 858 triangles

